# callgrind format
version: 1
creator: callgrind-3.26.0
pid: 1275597
cmd:  /tmp/litchi-goal-0504/before --corpus metadata-large --warmups 0 --samples 1 --output /tmp/litchi-goal-0504/profile-before.json
part: 1


desc: I1 cache: 
desc: D1 cache: 
desc: LL cache: 

desc: Timerange: Basic block 0 - 385738485
desc: Trigger: Program termination

positions: line
events: Ir
summary: 1826378401


ob=(6) /tmp/litchi-goal-0504/before
fl=(164) ???
fn=(1380) litchi_odf_common::package::codec::try_copy_string
0 1728
cfn=(1246) <alloc::string::String>::try_reserve_exact
calls=96 0 
0 10789
0 1440
cob=(2) /usr/lib/x86_64-linux-gnu/libc.so.6
cfi=(202) ./string/../sysdeps/x86_64/multiarch/memmove-vec-unaligned-erms.S
cfn=(706) __memcpy_avx_unaligned_erms
calls=96 255 
0 1272
0 1632

fn=(804) std::sys::pal::unix::stack_overflow::imp::make_handler
0 18
cob=(2)
cfi=(223) ./signal/../sysdeps/unix/syscall-template.S
cfn=(806) sigaltstack
calls=1 120 
0 6
0 4
cob=(2)
cfi=(224) ./misc/./misc/getauxval.c
cfn=(808) getauxval
calls=1 56 
0 146
0 11
cob=(2)
cfi=(225) ./misc/../sysdeps/unix/sysv/linux/mmap64.c
cfn=(810) mmap
calls=1 47 
0 26
0 7
cob=(2)
cfi=(226) ./misc/../sysdeps/unix/syscall-template.S
cfn=(812) mprotect
calls=1 117 
0 6
0 9
cob=(2)
cfi=(223)
cfn=(806)
calls=1 120 
0 6
0 9

fn=(834) std::env::args_os
0 38
cfn=(818) __rustc::__rust_no_alloc_shim_is_unstable_v2
calls=1 0 
0 1
0 3
cfn=(820) __rustc::__rust_alloc
calls=1 0 
0 177
0 161
cob=(2)
cfi=(207) ./string/../sysdeps/x86_64/multiarch/strlen-avx2.S
cfn=(718) __strlen_avx2
calls=9 52 
0 143
0 36
cfn=(818)
calls=9 0 
0 9
0 27
cfn=(820)
calls=9 0 
0 1460
0 63
cob=(2)
cfi=(202)
cfn=(706)
calls=9 255 
0 120
0 32

fn=(844) __rustc::__rdl_dealloc
0 354559
cob=(2)
cfi=(155) ./malloc/./malloc/malloc.c
cfn=(748) free
calls=354559 3319 
0 37841042

fn=(854) <alloc::string::String as core::fmt::Write>::write_str
0 372812
cob=(2)
cfi=(202)
cfn=(706)
calls=19632 255 
0 340512
0 177178
cfn=(1196) <alloc::raw_vec::RawVecInner<_>>::reserve::do_reserve_and_handle::<alloc::alloc::Global>
calls=98 0 
0 18739
0 294

fn=(874) std::sys::random::linux::getrandom
0 32
cob=(2)
cfi=(153) ./stdlib/../sysdeps/unix/sysv/linux/getrandom.c
cfn=(876) getrandom
calls=1 351 
0 62
0 17

fn=(900) litchi_core::xml::escape::escape_xml
0 1060
cfn=(818)
calls=10 0 
0 10
0 30
cfn=(820)
calls=10 0 
0 513
0 90
cob=(2)
cfi=(202)
cfn=(706)
calls=10 255 
0 148
0 1090
cfn=(818)
calls=10 0 
0 10
0 30
cfn=(820)
calls=10 0 
0 518
0 90
cob=(2)
cfi=(202)
cfn=(706)
calls=10 255 
0 148
0 30

fn=(930) soapberry_zip::writer::sized_member_path
0 76
cfn=(932) soapberry_zip::path::ZipFilePath<()>::from_str
calls=4 0 
0 921
0 44

fn=(940) core::core_arch::x86::xsave::_xgetbv
0 5

fn=(942) crc32fast::specialized::pclmulqdq::calculate
0 132
cfn=(1294) crc32fast::baseline::update_fast_16
calls=26 0 
0 442
0 592184
cob=(2)
cfi=(202)
cfn=(706)
calls=16 255 
0 282
0 1063
cob=(2)
cfi=(202)
cfn=(706)
calls=14 255 
0 182
0 476

fn=(948) soapberry_zip::writer::PreparedSizedMember::finalize_central
0 8
cfn=(950) soapberry_zip::writer::FileHeader::finalize_extra_fields
calls=4 0 
0 112

fn=(952) soapberry_zip::writer::ZipArchiveWriter<W>::reserve_member_metadata
0 87
cob=(2)
cfi=(202)
cfn=(706)
calls=3 255 
0 37
0 87
cfn=(906) alloc::raw_vec::RawVecInner<A>::finish_grow
calls=3 0 
0 591
0 47
cfn=(906)
calls=1 0 
0 221
0 41
cob=(2)
cfi=(202)
cfn=(706)
calls=1 255 
0 11
0 29
cfn=(906)
calls=1 0 
0 644
0 11

fn=(966) soapberry_zip::writer::PreparedSizedMember::into_file_header
0 88

fn=(974) <core::hash::sip::Hasher<S> as core::hash::Hasher>::write
0 120514

fn=(976) litchi_odf_common::core::writer::PackageWriter<W>::record_manifest_entry
0 39
cfn=(978) <alloc::string::String as core::clone::Clone>::clone
calls=3 0 
0 478
0 9
cfn=(970) hashbrown::map::HashMap<K,V,S,A>::insert
calls=3 0 
0 1281
0 11
cfn=(980) alloc::raw_vec::RawVec<T,A>::grow_one
calls=1 0 
0 236
0 18
cob=(2)
cfi=(202)
cfn=(706)
calls=3 255 
0 90
0 21

fn=(994) <core::str::pattern::CharSearcher as core::str::pattern::Searcher>::next_match
0 1369600
cfn=(886) core::slice::memchr::memchr_aligned
calls=1024 0 
0 56320
0 95232
cob=(2)
cfi=(229) ./string/../sysdeps/x86_64/multiarch/memcmp-avx2-movbe.S
cfn=(890) __memcmp_avx2_movbe
calls=5120 73 
0 51200
0 417418
cfn=(886)
calls=1512 0 
0 119108
0 11928
cob=(2)
cfi=(229)
cfn=(890)
calls=528 73 
0 5280
0 21120

fn=(1010) quick_xml::reader::Reader<R>::read_event_impl
0 11751476
cfn=(1014) memchr::arch::x86_64::memchr::memchr2_raw::find_avx2
calls=425876 0 
0 21718664
0 10500512
cfn=(1022) memchr::arch::x86_64::memchr::memchr_raw::find_avx2
calls=44 0 
0 3256
0 1100
cfn=(1028) quick_xml::reader::state::ReaderState::emit_question_mark
calls=44 0 
0 1320
0 484
cfn=(1056) quick_xml::reader::state::ReaderState::emit_text
calls=44 0 
0 352
0 1182808
cfn=(1056)
calls=78848 0 
0 630784
0 1703196
cfn=(1036) memchr::arch::x86_64::memchr::memchr3_raw::find_avx2
calls=183304 0 
0 10999472
0 5972560
cfn=(1036)
calls=242484 0 
0 15001140
0 9231112
cfn=(1036)
calls=729124 0 
0 43747440
0 6562116
cfn=(1036)
calls=729124 0 
0 43762224
0 28563876
cfn=(1052) quick_xml::reader::state::ReaderState::emit_end
calls=183304 0 
0 18689536
0 3761472
cfn=(1042) quick_xml::reader::state::ReaderState::emit_start
calls=242484 0 
0 33540427
0 7401016
cfn=(1014)
calls=19428 0 
0 990800
0 271508
cfn=(1056)
calls=14 0 
0 112
0 411008
cfn=(1348) <alloc::raw_vec::RawVec<u8>>::grow_one
calls=14 0 
0 1316
0 210
cfn=(1022)
calls=14 0 
0 1036
0 364
cob=(2)
cfi=(202)
cfn=(706)
calls=14 255 
0 168
0 308
cfn=(1028)
calls=14 0 
0 420
0 50260
cob=(2)
cfi=(202)
cfn=(706)
calls=3584 255 
0 46592
0 75264
cfn=(1056)
calls=3584 0 
0 28672
0 259706
cfn=(1358) quick_xml::reader::buffered_reader::<impl quick_xml::reader::XmlSource<&mut alloc::vec::Vec<u8>> for R>::read_with
calls=8344 0 
0 1450888
0 66752
cfn=(1052)
calls=8344 0 
0 842750
0 72038
cfn=(1358)
calls=11070 0 
0 7695617
0 88560
cfn=(1042)
calls=11070 0 
0 1535916
0 169290
cfn=(904) alloc::raw_vec::RawVecInner<A>::reserve::do_reserve_and_handle
calls=14 0 
0 6135
0 267298
cfn=(1014)
calls=9685 0 
0 493889
cfn=(1012) memchr::arch::x86_64::memchr::memchr2_raw::detect
calls=1 0 
0 73
0 238818
cfn=(1022)
calls=1 0 
0 74
cfn=(1020) memchr::arch::x86_64::memchr::memchr_raw::detect
calls=1 0 
0 91
0 50
cfn=(1028)
calls=2 0 
0 60
0 22
cfn=(1056)
calls=2 0 
0 16
0 26884
cfn=(1056)
calls=1792 0 
0 14336
0 38724
cfn=(1036)
calls=4167 0 
0 250076
0 135794
cfn=(1036)
calls=5514 0 
0 341222
cfn=(1034) memchr::arch::x86_64::memchr::memchr3_raw::detect
calls=1 0 
0 117
0 209920
cfn=(1036)
calls=16580 0 
0 994799
0 149220
cfn=(1036)
calls=16580 0 
0 995204
0 649528
cfn=(1052)
calls=4167 0 
0 424247
0 85548
cfn=(1042)
calls=5515 0 
0 762992
0 151728

fn=(1024) memchr::arch::x86_64::avx2::memchr::One::find_raw
0 60856388
cfn=(1026) memchr::arch::x86_64::avx2::memchr::One::find_raw_avx2
calls=60 0 
0 2640
0 6092634

fn=(1028)
0 1800

fn=(1064) flate2::mem::Compress::new
0 18
cfn=(1066) zlib_rs::stable::Deflate::new
calls=3 0 
0 1333041
0 18
cob=(2)
cfi=(202)
cfn=(706)
calls=3 255 
0 90
0 12

fn=(1080) flate2::zio::Writer<W,D>::write_with_status
0 54
cfn=(1082) <flate2::mem::Compress as flate2::zio::Ops>::run_vec
calls=2 0 
0 13334411
0 63
cfn=(1082)
calls=1 0 
0 51978
0 23

fn=(1112) zlib_rs::deflate::BitWriter::send_tree
0 18595
cfn=(1110) zlib_rs::deflate::BitWriter::send_bits_overflow
calls=1 0 
0 29
0 11
cfn=(1110)
calls=2 0 
0 58
0 42
cfn=(1110)
calls=1 0 
0 29
0 4
cfn=(1110)
calls=1 0 
0 29
0 3219

fn=(1120) zlib_rs::deflate::pending::Pending::pending
0 78

fn=(1126) zlib_rs::deflate::end
0 66
cfn=(842) __rustc::__rust_dealloc
calls=3 0 
0 369
0 24

fn=(1138) litchi_odf_common::core::writer::PackageWriter<W>::record_member_path
0 26
cfn=(818)
calls=2 0 
0 2
0 8
cfn=(820)
calls=2 0 
0 391
0 14
cob=(2)
cfi=(202)
cfn=(706)
calls=2 255 
0 24
0 14
cfn=(970)
calls=2 0 
0 571
0 16

fn=(1140) xml_minifier::audit::package::is_xml_media_type
0 19
cfn=(886)
calls=1 0 
0 86
0 9
cfn=(1142) core::str::<impl str>::trim_matches
calls=1 0 
0 51
0 40

fn=(1160) soapberry_zip::office::StreamingArchiveWriter<W>::finish_with_progress
0 9
cfn=(1156) soapberry_zip::office::StreamingArchiveWriter<W>::ensure_usable
calls=1 0 
0 22
0 12
cob=(2)
cfi=(202)
cfn=(706)
calls=1 255 
0 30
0 3
cfn=(1162) soapberry_zip::writer::ZipArchiveWriter<W>::finish
calls=1 0 
0 2698
0 37
cfn=(1172) core::ptr::drop_in_place<soapberry_zip::office::StreamingNamePolicy>
calls=1 0 
0 298
0 5
cfn=(1174) alloc::sync::Arc<T,A>::drop_slow
calls=1 0 
0 43
0 7

fn=(1178) core::ptr::drop_in_place<core::option::Option<litchi_odf_common::core::writer::PreservedManifest>>
0 20

fn=(1220) soapberry_zip::locator::EndOfCentralDirectory::create
0 68

fn=(1228) alloc::raw_vec::RawVecInner<A>::try_reserve_exact
0 56
cfn=(906)
calls=2 0 
0 654
0 22

fn=(1268) litchi_odf_common::package::codec::<impl litchi_odf_common::package::model::Archive>::read_string_with_limit
0 360
cfn=(1270) litchi_odf_common::package::codec::<impl litchi_odf_common::package::model::Archive>::read_with_limit
calls=24 0 
0 1064957
0 264
cfn=(840) core::str::converts::from_utf8
calls=24 0 
0 4548
0 384

fn=(1290) crc32fast::Hasher::update
0 620
cfn=(942)
calls=62 0 
0 398144
0 186

fn=(1292) soapberry_zip::archive::ZipVerification::valid
0 832

fn=(1304) flate2::deflate::read::DeflateDecoder<R>::new
0 98
cfn=(818)
calls=14 0 
0 14
0 42
cfn=(1306) __rustc::__rust_alloc_zeroed
calls=14 0 
0 463848
0 280
cfn=(1310) flate2::mem::Decompress::new
calls=14 0 
0 218186
0 280
cob=(2)
cfi=(202)
cfn=(706)
calls=14 255 
0 420
0 84

fn=(1340) <zlib_rs::stable::Inflate as core::ops::drop::Drop>::drop
0 154
cfn=(1342) zlib_rs::allocate::Allocator::deallocate
calls=14 0 
0 2642

fn=(1342)
0 266
cfn=(842)
calls=14 0 
0 2376

fn=(1352) quick_xml::name::NamespaceResolver::resolve_event
0 8036984
cfn=(1022)
calls=61906 0 
0 2829356
0 2096268
cfn=(1022)
calls=191648 0 
0 10704242
0 3449664
cfn=(1022)
calls=191648 0 
0 10704242
0 2659412
cfn=(1364) quick_xml::name::NamespaceResolver::resolve_prefix
calls=191648 0 
0 47701642
0 2491424
cfn=(1364)
calls=191648 0 
0 47694083
0 2164104
cfn=(1364)
calls=61906 0 
0 16321091
0 5306904

fn=(1362) quick_xml::name::NamespaceResolver::add
0 9704
cob=(2)
cfi=(229)
cfn=(890)
calls=46 73 
0 782
0 7954
cob=(2)
cfi=(202)
cfn=(706)
calls=426 255 
0 6412
0 5780
cob=(2)
cfi=(202)
cfn=(706)
calls=426 255 
0 5066
0 2740
cfn=(980)
calls=92 0 
0 48907
0 9386
cfn=(904)
calls=58 0 
0 27125
0 634
cfn=(904)
calls=92 0 
0 48013
0 184

fn=(1370) <quick_xml::events::attributes::Attributes as core::iter::traits::iterator::Iterator>::next
0 10427600
cfn=(1048) quick_xml::events::attributes::IterState::next
calls=1042760 0 
0 348640884
0 39093070
cfn=(1048)
calls=27352 0 
0 6998492
0 939588

fn=(1372) quick_xml::name::QName::decompose
0 10536648
cfn=(1022)
calls=878054 0 
0 45950812
0 14926918

fn=(1392) litchi_odf_common::core::package::OwnedPackage::get_file
0 44
cfn=(1266) litchi_odf_common::core::package::Package::from_archive
calls=2 0 
0 261437
0 26
cob=(2)
cfi=(202)
cfn=(706)
calls=2 255 
0 130
0 24
cfn=(1394) litchi_odf_common::core::package::Package::get_file
calls=2 0 
0 4069582
0 4
cfn=(1388) core::ptr::drop_in_place<litchi_odf_common::core::package::Package>
calls=2 0 
0 970
0 14

fn=(1394)
0 28
cfn=(1396) litchi_odf_common::core::package::normalize_member_path
calls=2 0 
0 674
0 24
cfn=(1398) litchi_odf_common::core::package::manifest_entry_for_path
calls=2 0 
0 260
0 48
cfn=(1276) soapberry_zip::office::IndexedArchive<R>::read_with_accounting
calls=2 0 
0 4068510
0 38

fn=(1424) quick_xml::events::Event::into_owned
0 1516788
cfn=(818)
calls=35748 0 
0 35748
0 142992
cfn=(820)
calls=35748 0 
0 1398179
0 250236
cob=(2)
cfi=(202)
cfn=(706)
calls=35748 255 
0 485808
0 242208
cfn=(818)
calls=33072 0 
0 33072
0 132288
cfn=(820)
calls=33072 0 
0 2138323
0 231504
cob=(2)
cfi=(202)
cfn=(706)
calls=33072 255 
0 668982
0 1164648

fn=(1428) litchi_odg::package::snapshot::shape_kind
0 916060

fn=(1496) litchi_odg::package::snapshot::is_frame_payload
0 68738

fn=(1542) litchi_odg::package::snapshot::parse_style_definitions
0 50
cfn=(1346) <quick_xml::name::NamespaceResolver as core::default::Default>::default
calls=2 0 
0 2675
0 72
cfn=(1420) quick_xml::reader::ns_reader::NsReader<R>::read_event_impl
calls=2 0 
0 620
0 91760
cfn=(1420)
calls=22940 0 
0 23277486
0 481782
cfn=(1352)
calls=22942 0 
0 7043423
0 596492
cfn=(1422) litchi_odg::package::snapshot::classify
calls=22942 0 
0 1005214
0 206542
cob=(2)
cfi=(229)
cfn=(890)
calls=16 73 
0 352
0 485856
cfn=(1022)
calls=8332 0 
0 465382
0 137378
cfn=(1022)
calls=2690 0 
0 122956
0 215582
cfn=(1022)
calls=8332 0 
0 465382
0 122208
cfn=(1430) litchi_odg::package::snapshot::attribute
calls=2 0 
0 4011
0 48
cfn=(1430)
calls=2 0 
0 4212
0 36
cfn=(1430)
calls=2 0 
0 3205
0 83446
cfn=(1544) <alloc::string::String>::from_utf8_lossy
calls=2 0 
0 440
0 14
cfn=(1548) litchi_odg::package::snapshot::arbitrary_attributes
calls=2 0 
0 30865
0 52
cfn=(1556) alloc::collections::btree::map::IntoIter<K,V,A>::dying_next
calls=2 0 
0 108
0 48
cfn=(1556)
calls=16 0 
0 782
0 518
cfn=(850) alloc::fmt::format::format_inner
calls=16 0 
0 22558
0 128
cfn=(1550) alloc::collections::btree::map::BTreeMap<K,V,A>::insert
calls=16 0 
0 4841
0 192
cfn=(842)
calls=16 0 
0 560
0 40
cfn=(818)
calls=2 0 
0 2
0 6
cfn=(820)
calls=2 0 
0 80
0 20
cob=(2)
cfi=(202)
cfn=(706)
calls=2 255 
0 178
0 46
cfn=(980)
calls=2 0 
0 341
0 14
cob=(2)
cfi=(202)
cfn=(706)
calls=2 255 
0 60
0 100832
cfn=(1556)
calls=2 0 
0 54
0 62
cfn=(842)
calls=2 0 
0 70
0 14
cfn=(842)
calls=2 0 
0 70
0 12
cfn=(842)
calls=2 0 
0 226
0 14
cfn=(842)
calls=2 0 
0 190
0 16

fn=(1558) <alloc::borrow::Cow<B> as core::fmt::Display>::fmt
0 80
cfn=(1560) <str as core::fmt::Display>::fmt
calls=16 0 
0 8109

fn=(1580) litchi_odg::package::snapshot::transition_attribute_spans
0 1184
cfn=(1370)
calls=32 0 
0 17568
0 768
cfn=(1370)
calls=256 0 
0 115095
0 5760
cfn=(1372)
calls=256 0 
0 19456
0 2048
cfn=(1364)
calls=256 0 
0 34196
0 4864
cob=(2)
cfi=(229)
cfn=(890)
calls=32 73 
0 544
0 352
cfn=(1436) litchi_odg::package::snapshot::attribute_value_span
calls=32 0 
0 40448
0 1344
cfn=(1436)
calls=224 0 
0 305984
0 4608
cob=(2)
cfi=(229)
cfn=(890)
calls=32 73 
0 544
0 2432
cob=(2)
cfi=(229)
cfn=(890)
calls=32 73 
0 544
0 896
cob=(2)
cfi=(229)
cfn=(890)
calls=32 73 
0 544
0 1216
cob=(2)
cfi=(229)
cfn=(890)
calls=32 73 
0 544
0 1408
cob=(2)
cfi=(229)
cfn=(890)
calls=32 73 
0 544
0 960
cob=(2)
cfi=(229)
cfn=(890)
calls=32 73 
0 544
0 369216
cob=(2)
cfi=(229)
cfn=(890)
calls=320 73 
0 6272
0 7936
cfn=(1374) quick_xml::events::attributes::Attribute::decoded_and_normalized_value
calls=256 0 
0 57344
0 4864
cfn=(916) alloc::raw_vec::RawVecInner<A>::try_allocate_in
calls=256 0 
0 25227
0 2560
cob=(2)
cfi=(202)
cfn=(706)
calls=256 255 
0 3648
0 2304
cfn=(916)
calls=256 0 
0 25934
0 2048
cob=(2)
cfi=(202)
cfn=(706)
calls=256 255 
0 3072
0 6656
cfn=(1550)
calls=256 0 
0 82932
0 1984
cob=(2)
cfi=(229)
cfn=(890)
calls=32 73 
0 544
0 960
cfn=(842)
calls=32 0 
0 2440
0 608

fn=(1584) litchi_odg::transition::Sound::new
0 4256

fn=(1592) litchi_odg::transition::is_xml_id
0 5056

fn=(1594) litchi_odg::transition::Transition::from_parts
0 1184
cfn=(1596) litchi_odg::transition::checked_choice
calls=32 0 
0 4020
0 672
cfn=(1598) litchi_odg::transition::Transition::set_style
calls=32 0 
0 2464
0 544
cfn=(1596)
calls=32 0 
0 4274
0 768
cfn=(1600) litchi_odg::transition::Transition::set_smil_type
calls=32 0 
0 1920
0 448
cfn=(1602) litchi_odg::transition::Transition::set_smil_subtype
calls=32 0 
0 2720
0 544
cfn=(1596)
calls=32 0 
0 3536
0 768
cfn=(1604) litchi_odg::transition::Transition::set_fade_color
calls=32 0 
0 3392
0 480
cfn=(1606) litchi_odg::transition::Transition::set_duration
calls=32 0 
0 6400
0 736
cob=(2)
cfi=(202)
cfn=(706)
calls=32 255 
0 1696
0 320

fn=(1608) litchi_odg::transition::is_xsd_duration
0 4192

fn=(1614) alloc::collections::btree::map::entry::OccupiedEntry<K,V,A>::remove_kv
0 384
cfn=(1616) alloc::collections::btree::remove::<impl alloc::collections::btree::node::Handle<alloc::collections::btree::node::NodeRef<alloc::collections::btree::node::marker::Mut,K,V,alloc::collections::btree::node::marker::LeafOrInternal>,alloc::collections::btree::node::marker::KV>>::remove_kv_tracking
calls=32 0 
0 2816
0 576

fn=(1620) core::ptr::drop_in_place<litchi_odg::transition::Transition>
0 1184

fn=(1634) litchi_odf_common::media::reader::start_image
0 19968
cfn=(1628) litchi_odf_common::namespace::namespaced_attribute
calls=512 0 
0 1111889
0 10752
cfn=(1628)
calls=512 0 
0 776000
0 10752
cfn=(1628)
calls=512 0 
0 776000
0 10752
cfn=(1628)
calls=512 0 
0 776000
0 10752
cfn=(1628)
calls=512 0 
0 1041080
0 10752
cfn=(1628)
calls=512 0 
0 828224
0 10752
cfn=(1628)
calls=512 0 
0 797504
0 36352
cfn=(906)
calls=512 0 
0 41472
0 9728

fn=(1640) litchi_odf_common::package::path::resolve_package_path
0 5632
cfn=(992) litchi_odf_common::package::path::resolve_relative_package_path
calls=512 0 
0 951402
0 13824

fn=(1660) core::slice::<impl [T]>::sort_unstable_by
0 28

fn=(1682) core::ptr::drop_in_place<alloc::vec::Vec<alloc::vec::Vec<alloc::vec::Vec<core::option::Option<core::ops::range::Range<usize>>>>>>
0 43616
cfn=(842)
calls=3584 0 
0 552766
0 3872
cfn=(842)
calls=32 0 
0 4967
0 64
cfn=(842)
calls=2 0 
0 70

fn=(1696) core::ptr::drop_in_place<alloc::vec::Vec<litchi_odg::model::auxiliary::Contour>>
0 38304
cfn=(842)
calls=2560 0 
0 439847
0 15360
cfn=(842)
calls=2560 0 
0 477612
0 7168
cfn=(842)
calls=512 0 
0 84820
0 3072
cfn=(842)
calls=512 0 
0 91520
0 8320
cfn=(842)
calls=512 0 
0 93504
0 256

fn=(1716) std::env::current_exe
0 17
cfn=(1718) <core::ffi::c_str::CStr>::from_bytes_with_nul
calls=1 0 
0 89
0 5
cfn=(1720) std::sys::fs::unix::readlink
calls=1 0 
0 400
0 14

fn=(1744) std::sys::env::unix::getenv::{closure#0}
0 17
cob=(2)
cfi=(237) ./stdlib/./stdlib/getenv.c
cfn=(1746) getenv
calls=1 25 
0 846
0 19

fn=(1752) <alloc::string::String as core::fmt::Write>::write_char
0 44
cfn=(1196)
calls=2 0 
0 198
0 30

fn=(1778) <<std::io::buffered::bufwriter::BufWriter<_>>::flush_buf::BufGuard as core::ops::drop::Drop>::drop
0 29

fn=(1782) std::io::stdio::print_to_buffer_if_capture_used
0 20

fn=(1784) <std::sync::once_lock::OnceLock<std::sync::reentrant_lock::ReentrantLock<core::cell::RefCell<std::io::buffered::linewriter::LineWriter<std::io::stdio::StdoutRaw>>>>>::initialize::<<std::sync::once_lock::OnceLock<std::sync::reentrant_lock::ReentrantLock<core::cell::RefCell<std::io::buffered::linewriter::LineWriter<std::io::stdio::StdoutRaw>>>>>::get_or_init<std::io::stdio::stdout::{closure#0}>::{closure#0}, !>
0 19
cfn=(1786) <std::sys::sync::once::futex::Once>::call
calls=1 0 
0 115
0 3

fn=(1814) <core::fmt::Formatter>::pad_formatted_parts
0 69
cfn=(1816) <core::fmt::Formatter>::write_formatted_parts
calls=3 0 
0 1551

fn=(1820) core::ptr::drop_in_place<std::io::buffered::bufwriter::BufWriter<std::fs::File>>
0 8
cfn=(1770) std::io::buffered::bufwriter::BufWriter<W>::flush_buf
calls=1 0 
0 34
0 8
cfn=(842)
calls=1 0 
0 156
0 5
cob=(2)
cfi=(236) ./io/../sysdeps/unix/sysv/linux/close.c
cfn=(1740) close
calls=1 26 
0 31

fn=(1858) 0x00000000000a1580
0 5

fn=(1382) <hashbrown::raw::RawTable<T,A> as core::ops::drop::Drop>::drop
0 320
cfn=(842)
calls=12 0 
0 1190
0 72
cfn=(842)
calls=12 0 
0 1402
0 164
cfn=(842)
calls=4 0 
0 140
0 1076
cfn=(842)
calls=12 0 
0 420
0 72
cfn=(842)
calls=12 0 
0 420
0 732
cfn=(842)
calls=36 0 
0 1260
0 640
cfn=(842)
calls=24 0 
0 960
0 144
cfn=(842)
calls=24 0 
0 960
0 232
cfn=(842)
calls=8 0 
0 280

fn=(1488) litchi_odg::model::shape::Shape::set_enhanced_geometry
0 608
cfn=(818)
calls=32 0 
0 32
0 96
cfn=(820)
calls=32 0 
0 1280
0 224
cob=(2)
cfi=(202)
cfn=(706)
calls=32 255 
0 960
0 96
cfn=(1490) core::ptr::drop_in_place<core::option::Option<litchi_odg::model::enhanced::EnhancedGeometry>>
calls=32 0 
0 608
0 352

fn=(888) core::str::<impl str>::trim_end_matches
0 126

fn=(908) __rustc::__rust_realloc
0 154834
cfn=(910) __rustc::__rdl_realloc
calls=154834 0 
0 61718621

fn=(916)
0 88
cfn=(818)
calls=4 0 
0 4
0 68
cfn=(820)
calls=4 0 
0 156
0 104200
cfn=(818)
calls=4736 0 
0 4736
0 80512
cfn=(820)
calls=4736 0 
0 284885
0 21352
cfn=(818)
calls=540 0 
0 540
0 9180
cfn=(820)
calls=540 0 
0 94822
0 1080

fn=(972) core::hash::BuildHasher::hash_one
0 190
cfn=(974)
calls=10 0 
0 669
0 50
cfn=(974)
calls=10 0 
0 348
0 4278
cfn=(974)
calls=156 0 
0 8736
0 624
cfn=(974)
calls=156 0 
0 8172
0 24908
cfn=(974)
calls=728 0 
0 57966
0 3640
cfn=(974)
calls=728 0 
0 33112
0 50424
cfn=(974)
calls=12 0 
0 396
0 60
cfn=(974)
calls=12 0 
0 420
0 2760
cfn=(974)
calls=84 0 
0 4704
0 336
cfn=(974)
calls=84 0 
0 4932
0 6097
cfn=(974)
calls=7 0 
0 485
0 35
cfn=(974)
calls=7 0 
0 241
0 531
cfn=(974)
calls=3 0 
0 228
0 15
cfn=(974)
calls=3 0 
0 105
0 207

fn=(978)
0 9252
cfn=(818)
calls=771 0 
0 771
0 2313
cfn=(820)
calls=771 0 
0 136405
0 5397
cob=(2)
cfi=(202)
cfn=(706)
calls=771 255 
0 10344
0 8481

fn=(1052)
0 9399120
cob=(2)
cfi=(229)
cfn=(890)
calls=195815 73 
0 3899703
0 6657710

fn=(1066)
0 90
cfn=(1068) zlib_rs::deflate::init
calls=3 0 
0 1332882
0 69

fn=(1102) zlib_rs::deflate::Heap::pqdownheap
0 59361

fn=(1104) zlib_rs::deflate::Heap::construct_huffman_tree
0 2655
cfn=(1102)
calls=213 0 
0 26512
0 7881
cfn=(1102)
calls=213 0 
0 25444
0 756

fn=(1142)
0 663

fn=(1154) litchi_odf_common::core::writer::PackageWriter<W>::validate_authored_xml
0 15
cfn=(1002) xml_minifier::audit::package::is_xml_part
calls=1 0 
0 497
0 14
cfn=(1006) xml_minifier::audit::verify_authored
calls=1 0 
0 13999
0 10

fn=(1156)
0 44

fn=(1162)
0 135
cfn=(1164) soapberry_zip::writer::FileHeader::central_fixed
calls=4 0 
0 384
0 12
cfn=(1166) soapberry_zip::archive::ZipFileHeaderFixed::write
calls=4 0 
0 568
0 52
cfn=(956) std::io::Write::write_all
calls=4 0 
0 460
0 29
cfn=(956)
calls=1 0 
0 118
0 6
cfn=(956)
calls=1 0 
0 118
0 13
cfn=(956)
calls=1 0 
0 121
0 7
cfn=(956)
calls=1 0 
0 121
0 10
cfn=(956)
calls=1 0 
0 118
0 10
cfn=(956)
calls=1 0 
0 118
0 7
cfn=(956)
calls=1 0 
0 121
0 14
cfn=(1168) core::ptr::drop_in_place<alloc::vec::Vec<soapberry_zip::writer::FileHeader>>
calls=1 0 
0 101
0 6
cfn=(842)
calls=1 0 
0 35
0 2
cfn=(1170) core::ptr::drop_in_place<core::option::Option<alloc::boxed::Box<soapberry_zip::writer::OwnedDeflateState>>>
calls=1 0 
0 9
0 3

fn=(1164)
0 156
cfn=(946) soapberry_zip::archive::CompressionMethod::as_id
calls=4 0 
0 16
0 212

fn=(1172)
0 100
cfn=(842)
calls=4 0 
0 140
0 23
cfn=(842)
calls=1 0 
0 35

fn=(1194) <u8 as core::fmt::LowerHex>::fmt
0 1904
cfn=(858) <core::fmt::Formatter>::pad_integral
calls=64 0 
0 14644
0 192

fn=(1218) soapberry_zip::locator::ZipLocator::locate_in_reader_impl
0 66
cfn=(1216) soapberry_zip::locator::EndOfCentralDirectoryRecordFixed::parse
calls=2 0 
0 48
0 104
cfn=(1220)
calls=2 0 
0 68
0 26
cfn=(1222) soapberry_zip::locator::validate_classic_single_disk
calls=2 0 
0 32
0 44

fn=(1240) alloc::raw_vec::RawVecInner<A>::try_reserve
0 312

fn=(1246)
0 91168
cfn=(898) <alloc::raw_vec::RawVecInner>::finish_grow
calls=3256 0 
0 440167
0 22792

fn=(1258) core::slice::sort::shared::smallsort::insertion_sort_shift_left
0 130

fn=(1294)
0 442

fn=(1312) zlib_rs::stable::Inflate::new
0 350
cfn=(1314) zlib_rs::inflate::init
calls=14 0 
0 216870
0 322

fn=(1320) <flate2::mem::Decompress as flate2::zio::Ops>::run
0 646
cfn=(1322) zlib_rs::stable::Inflate::decompress
calls=38 0 
0 3058802
0 760

fn=(1430)
0 3828660
cfn=(1370)
calls=116020 0 
0 55978580
0 1627494
cfn=(1370)
calls=542498 0 
0 195952778
0 11740518
cfn=(1372)
calls=542498 0 
0 44147630
0 4339984
cfn=(1364)
calls=542498 0 
0 95119228
0 6731314
cob=(2)
cfi=(229)
cfn=(890)
calls=254612 73 
0 4343876
0 854116
cob=(2)
cfi=(229)
cfn=(890)
calls=57482 73 
0 886383
0 251820
cfn=(1374)
calls=34214 0 
0 6937462
0 547424
cfn=(818)
calls=34214 0 
0 34214
0 136856
cfn=(820)
calls=34214 0 
0 5051163
0 239498
cob=(2)
cfi=(202)
cfn=(706)
calls=34214 255 
0 559732
0 2959992
cfn=(842)
calls=111118 0 
0 14778580
0 2204380

fn=(1444) litchi_odg::package::snapshot::optional_u32_attribute
0 63360
cfn=(1430)
calls=4224 0 
0 15880679
0 84480

fn=(1450) litchi_odg::package::snapshot::required_attribute
0 84832
cfn=(1430)
calls=7712 0 
0 44111617
0 131104

fn=(1456) litchi_odg::package::snapshot::frame
0 12288
cfn=(1430)
calls=512 0 
0 1137701
0 8704
cfn=(1430)
calls=512 0 
0 1136804
0 9216
cfn=(1430)
calls=512 0 
0 1159332
0 8704
cfn=(1430)
calls=512 0 
0 1159332
0 8704
cfn=(1430)
calls=512 0 
0 1381542
0 8704
cfn=(1430)
calls=512 0 
0 1382589
0 33280

fn=(1478) litchi_odg::package::snapshot::validate_enhanced_geometry_attributes
0 11840

fn=(1502) litchi_odg::package::snapshot::next_auxiliary_shape
0 92928

fn=(1556)
0 10784
cfn=(842)
calls=32 0 
0 1120
0 3720
cfn=(842)
calls=4 0 
0 140
0 1462
cfn=(842)
calls=32 0 
0 1120
0 288

fn=(1560)
0 165
cfn=(1562) <core::fmt::Formatter>::pad
calls=33 0 
0 10372

fn=(1566) litchi_odg::package::snapshot::resolve_page_transitions
0 126
cfn=(1552) alloc::collections::btree::map::entry::VacantEntry<K,V,A>::insert_entry
calls=2 0 
0 667
0 42
cfn=(1552)
calls=2 0 
0 299
0 24
cfn=(1568) core::iter::adapters::try_process
calls=2 0 
0 557635378
0 4
cfn=(1610) <alloc::collections::btree::map::BTreeMap<K,V,A> as core::ops::drop::Drop>::drop
calls=2 0 
0 178
0 6
cfn=(1610)
calls=2 0 
0 178
0 16

fn=(1572) <core::iter::adapters::GenericShunt<I,R> as core::iter::traits::iterator::Iterator>::next
0 1468
cfn=(1574) litchi_odg::package::snapshot::resolve_transition_style
calls=32 0 
0 557619079
0 608
cfn=(1556)
calls=32 0 
0 2560
0 352
cob=(2)
cfi=(202)
cfn=(706)
calls=32 255 
0 960
0 790
cob=(2)
cfi=(202)
cfn=(706)
calls=32 255 
0 1696
0 160
cob=(2)
cfi=(202)
cfn=(706)
calls=32 255 
0 1696
0 32

fn=(1588) litchi_odg::transition::Sound::with_show
0 3136

fn=(1604)
0 3392

fn=(1632) litchi_odf_common::media::reader::try_copy_string
0 46080
cfn=(1246)
calls=2560 0 
0 477755
0 38400
cob=(2)
cfi=(202)
cfn=(706)
calls=2560 255 
0 40448
0 43520

fn=(1636) litchi_odf_common::media::reader::finish_image
0 11776
cob=(2)
cfi=(202)
cfn=(706)
calls=512 255 
0 33280
0 31744
cfn=(1638) litchi_odf_common::package::path::is_linked_href
calls=512 0 
0 202112
0 3072
cob=(2)
cfi=(202)
cfn=(706)
calls=512 255 
0 33280
0 28672
cfn=(1640)
calls=512 0 
0 970858
0 7680
cfn=(1416) litchi_odf_common::core::package::Package::has_file
calls=512 0 
0 606244
0 7168

fn=(1668) litchi_odg::package::snapshot::parse_style_resources
0 50
cfn=(1346)
calls=2 0 
0 2546
0 114774
cfn=(1420)
calls=22940 0 
0 23280517
0 6
cfn=(1420)
calls=2 0 
0 620
0 458840
cfn=(1352)
calls=22942 0 
0 7053720
0 619434
cfn=(1422)
calls=22942 0 
0 1005214
0 226218
cfn=(1022)
calls=2624 0 
0 119296
0 177424
cfn=(1022)
calls=4704 0 
0 262272
0 51744
cfn=(1670) litchi_odg::package::snapshot::style_resource_kind
calls=4704 0 
0 28640
0 133988
cfn=(1022)
calls=4704 0 
0 262272
0 51744
cfn=(1670)
calls=4704 0 
0 28640
0 92268
cfn=(1670)
calls=2624 0 
0 19648
0 67250
cfn=(1672) core::ptr::drop_in_place<alloc::vec::Vec<litchi_odg::package::snapshot::ActiveStyleResource>>
calls=2 0 
0 54
0 4
cfn=(1492) core::ptr::drop_in_place<quick_xml::reader::ns_reader::NsReader<&[u8]>>
calls=2 0 
0 1052
0 2

fn=(1684) core::ptr::drop_in_place<alloc::vec::Vec<alloc::vec::Vec<[core::option::Option<core::ops::range::Range<usize>>; 4]>>>
0 756
cfn=(842)
calls=64 0 
0 10297
0 116
cfn=(842)
calls=4 0 
0 140

fn=(1688) core::ptr::drop_in_place<core::option::Option<litchi_core::metadata::Metadata>>
0 30

fn=(1714) round
0 72

fn=(1758) <&mut serde_json::ser::Serializer<W,F> as serde_core::ser::Serializer>::serialize_str
0 5016
cob=(2)
cfi=(202)
cfn=(706)
calls=28 255 
0 380
0 532

fn=(1764) odg_open_probe::_::<impl serde_core::ser::Serialize for odg_open_probe::Statistics>::serialize
0 23
cfn=(1760) serde_core::ser::SerializeMap::serialize_entry
calls=1 0 
0 368
0 7
cfn=(1760)
calls=1 0 
0 501
0 7
cfn=(1760)
calls=1 0 
0 367
0 7
cfn=(1760)
calls=1 0 
0 367
0 7
cfn=(1760)
calls=1 0 
0 367
0 7
cfn=(1760)
calls=1 0 
0 367
0 8
cfn=(1760)
calls=1 0 
0 747
0 8
cfn=(1768) <serde_json::ser::Compound<W,F> as serde_core::ser::SerializeStruct>::end
calls=1 0 
0 82

fn=(1770)
0 35
cfn=(1772) <<std::io::buffered::bufwriter::BufWriter<_>>::flush_buf::BufGuard>::remaining
calls=1 0 
0 9
0 3
cfn=(1774) <std::fs::File as std::io::Write>::write
calls=1 0 
0 46
0 15
cfn=(1778)
calls=2 0 
0 29
0 18

fn=(1792) <&T as core::fmt::Display>::fmt
0 5
cfn=(1560)
calls=1 0 
0 248

fn=(1818) <std::io::buffered::bufwriter::BufWriter<std::io::stdio::StdoutRaw>>::flush_buf
0 40
cob=(2)
cfi=(239) ./io/../sysdeps/unix/sysv/linux/write.c
cfn=(1776) write
calls=1 25 
0 29
0 32

fn=(1842) 0x00000000000a15f0
0 9
cob=(2)
cfi=(246) ./stdlib/./stdlib/cxa_finalize.c
cfn=(1850) __cxa_finalize
calls=1 45 
0 76
0 1
0 1
cfn=(1858)
calls=1 0 
0 5
0 3

fn=(578) 0x00000000000a1630
0 12

fn=(820)
0 354542
cfn=(822) __rustc::__rdl_alloc
calls=354542 0 
0 34915559

fn=(822)
0 3190844
cob=(2)
cfi=(155)
cfn=(636) malloc
calls=354525 3283 
0 31715899
0 170
cob=(2)
cfi=(155)
cfn=(1070) posix_memalign
calls=17 5366 
0 8544
0 102

fn=(860) <core::fmt::Formatter>::pad_integral::write_prefix
0 175700

fn=(904)
0 405
cfn=(906)
calls=15 0 
0 20826
0 97011
cfn=(906)
calls=3588 0 
0 369026
0 33453
cfn=(906)
calls=43 0 
0 18801
0 414
cfn=(906)
calls=1 0 
0 452
0 14184
cfn=(906)
calls=525 0 
0 192735
0 4725

fn=(926) hashbrown::raw::RawTableInner::fallible_with_capacity
0 2542
cfn=(818)
calls=62 0 
0 62
0 186
cfn=(820)
calls=62 0 
0 3049
0 1054
cob=(2)
cfi=(218) ./string/../sysdeps/x86_64/multiarch/memset-vec-unaligned-erms.S
cfn=(786) __memset_avx2_unaligned_erms
calls=62 198 
0 682
0 990
cfn=(818)
calls=6 0 
0 6
0 18
cfn=(820)
calls=6 0 
0 945
0 102
cob=(2)
cfi=(218)
cfn=(786)
calls=6 198 
0 66
0 72

fn=(936) crc32fast::Hasher::internal_new_specialized
0 1850
cfn=(938) std_detect::detect::cache::detect_and_initialize
calls=1 0 
0 321
0 1590

fn=(938)
0 190
cfn=(940)
calls=1 0 
0 5
0 126

fn=(954) soapberry_zip::writer::PreparedSizedMember::write_local
0 69
cfn=(956)
calls=3 0 
0 17037
0 33
cfn=(956)
calls=3 0 
0 1371
0 27
cfn=(956)
calls=3 0 
0 15
0 35
cfn=(956)
calls=1 0 
0 114
0 11
cfn=(956)
calls=1 0 
0 114
0 9
cfn=(956)
calls=1 0 
0 5
0 4

fn=(964) soapberry_zip::writer::ZipArchiveWriter<W>::publish_prepared_member
0 39
cob=(2)
cfi=(202)
cfn=(706)
calls=3 255 
0 90
0 9
cfn=(966)
calls=3 0 
0 66
0 103
cob=(2)
cfi=(202)
cfn=(706)
calls=1 255 
0 30
0 3
cfn=(966)
calls=1 0 
0 22
0 30

fn=(970)
0 72
cfn=(972)
calls=6 0 
0 1145
0 448
cfn=(924) hashbrown::raw::RawTable<T,A>::reserve_rehash
calls=2 0 
0 815
0 542
cfn=(972)
calls=36 0 
0 6744
0 3236
cfn=(972)
calls=8 0 
0 1588
0 1884
cfn=(972)
calls=84 0 
0 17868
0 6971
cfn=(972)
calls=4 0 
0 794
0 292

fn=(986) core::slice::memchr::memrchr
0 66291

fn=(1000) litchi_odf_common::core::package::is_signature_owner_path
0 60
cfn=(994)
calls=4 0 
0 490
0 32

fn=(1032) xml_minifier::audit::check_attribute_layout
0 2956808

fn=(1038) memchr::arch::x86_64::avx2::memchr::Three::find_raw
0 18115128
cfn=(1040) memchr::arch::x86_64::avx2::memchr::Three::find_raw_avx2
calls=2012719 0 
0 38743005
0 4028470

fn=(1042)
0 17186714
cfn=(980)
calls=107 0 
0 29143
0 3719882
cob=(2)
cfi=(202)
cfn=(706)
calls=195815 255 
0 2710727
0 12119066
cfn=(904)
calls=201 0 
0 73200
0 603

fn=(1048)
0 224739080
cfn=(1050) quick_xml::events::attributes::IterState::check_for_duplicates
calls=1657008 0 
0 201123551
0 110470188

fn=(1058) core::ptr::drop_in_place<quick_xml::events::Event>
0 8

fn=(1110)
0 58609

fn=(1136) soapberry_zip::writer::prepare_sized_member
0 39
cfn=(930)
calls=3 0 
0 875
0 57
cfn=(944) soapberry_zip::writer::prepare_sized_member_with_path
calls=3 0 
0 945
0 27

fn=(1188) sha2::sha256::soft::unroll::compress
0 171991376

fn=(1226) soapberry_zip::office::physical_entry_bound
0 44

fn=(1232) core::slice::<impl [T]>::copy_within
0 32
cob=(2)
cfi=(202)
cfn=(706)
calls=2 255 
0 26

fn=(1236) soapberry_zip::archive::ZipFileHeaderRecord::from_parts
0 384
cfn=(1238) soapberry_zip::archive::parse_zip64_extra_values
calls=8 0 
0 248
0 656

fn=(1244) soapberry_zip::office::normalize_str_fallibly
0 9440
cfn=(986)
calls=590 0 
0 64382
0 5310
cfn=(1246)
calls=590 0 
0 63887
0 250018
cfn=(896) <alloc::string::String>::try_reserve
calls=556 0 
0 5004
0 7784
cfn=(896)
calls=556 0 
0 5004
0 1770
cfn=(896)
calls=590 0 
0 5310
0 14898
cob=(2)
cfi=(202)
cfn=(706)
calls=1146 255 
0 14974
0 10552

fn=(1266)
0 216
cfn=(1268)
calls=12 0 
0 37656
0 168
cfn=(1142)
calls=12 0 
0 612
0 192
cfn=(818)
calls=12 0 
0 12
0 48
cfn=(820)
calls=12 0 
0 692
0 84
cob=(2)
cfi=(202)
cfn=(706)
calls=12 255 
0 144
0 84
cfn=(842)
calls=12 0 
0 420
0 84
cfn=(1300) litchi_odf_common::package::codec::<impl litchi_odf_common::package::model::Archive>::read_manifest_xml_with_limit
calls=12 0 
0 1047209
0 132
cfn=(1344) litchi_odf_common::core::manifest::Manifest::parse
calls=12 0 
0 480097
0 288
cfn=(842)
calls=12 0 
0 420
0 48
cob=(2)
cfi=(202)
cfn=(706)
calls=12 255 
0 780
0 228

fn=(1276)
0 390
cfn=(1274) soapberry_zip::office::lookup_member_name
calls=26 0 
0 17092
0 390
cfn=(972)
calls=26 0 
0 5108
0 962
cob=(2)
cfi=(229)
cfn=(890)
calls=26 73 
0 506
0 520
cfn=(842)
calls=26 0 
0 910
0 442
cfn=(1278) soapberry_zip::archive::ZipArchive<R>::get_entry
calls=26 0 
0 4524
0 266
cfn=(842)
calls=14 0 
0 2154
0 28
cfn=(1340)
calls=14 0 
0 2796
0 768
cfn=(906)
calls=26 0 
0 2679
0 598
cfn=(1304)
calls=14 0 
0 683252
0 98
cob=(2)
cfi=(202)
cfn=(706)
calls=14 255 
0 766
0 474
cfn=(1282) std::io::default_read_to_end
calls=12 0 
0 10056
0 370
cfn=(1282)
calls=14 0 
0 4371090
0 128
cfn=(1296) soapberry_zip::accounting::ZipOperationAccounting::add_stored_payload_bytes_read
calls=12 0 
0 120
0 60
cfn=(1298) soapberry_zip::accounting::ZipOperationAccounting::add_stored_payload_bytes_accepted
calls=12 0 
0 120
0 136
cfn=(1334) soapberry_zip::accounting::ZipOperationAccounting::add_compressed_deflate_payload_bytes_read
calls=14 0 
0 140
0 70
cfn=(1336) soapberry_zip::accounting::ZipOperationAccounting::add_deflate_bytes_produced
calls=14 0 
0 140
0 70
cfn=(1338) soapberry_zip::accounting::ZipOperationAccounting::add_deflate_bytes_accepted
calls=14 0 
0 140
0 340

fn=(1278)
0 1040
cob=(2)
cfi=(202)
cfn=(706)
calls=26 255 
0 286
0 78
cfn=(1214) soapberry_zip::reader_at::validate_read_count
calls=26 0 
0 286
0 260
cfn=(1280) soapberry_zip::archive::ZipLocalFileHeaderFixed::parse
calls=26 0 
0 728
0 1846

fn=(1284) <soapberry_zip::archive::ZipVerifier<Decompressor,Reader> as std::io::Read>::read
0 608
cfn=(1316) flate2::zio::read
calls=38 0 
0 3098002
0 456
cfn=(1214)
calls=38 0 
0 418
0 342
cfn=(1288) crc32fast::Hasher::new_with_initial
calls=38 0 
0 2622
0 152
cfn=(1290)
calls=38 0 
0 397126
0 1108
cfn=(1292)
calls=28 0 
0 448
0 428
cfn=(1286) <soapberry_zip::accounting::CountingReader<R> as std::io::Read>::read
calls=24 0 
0 1788
0 144
cfn=(1214)
calls=24 0 
0 264
0 216
cfn=(1288)
calls=24 0 
0 1656
0 96
cfn=(1290)
calls=24 0 
0 1824
0 528
cfn=(1292)
calls=24 0 
0 384
0 312

fn=(1300)
0 180
cfn=(1302) litchi_odf_common::package::codec::<impl litchi_odf_common::package::model::Archive>::contains
calls=12 0 
0 13932
0 132
cfn=(1268)
calls=12 0 
0 1032857
0 108

fn=(1306)
0 18
cfn=(1308) __rustc::__rdl_alloc_zeroed
calls=18 0 
0 464182

fn=(1402) <&str as core::str::pattern::Pattern>::is_contained_in
0 88236
cfn=(1404) core::str::pattern::simd_contains::{{closure}}
calls=512 0 
0 11776
0 23866
cfn=(1404)
calls=2 0 
0 52
0 36
cfn=(1404)
calls=2 0 
0 88
0 52

fn=(1426) litchi_odg::package::snapshot::Scanner::observe
0 330660
cfn=(1022)
calls=11022 0 
0 588338
0 241016
cfn=(1428)
calls=4096 0 
0 96256
0 27552
cfn=(1428)
calls=6888 0 
0 100464
0 241428
cfn=(980)
calls=2 0 
0 214
0 31072
cfn=(1440) litchi_odg::package::snapshot::validate_three_dimensional_attributes
calls=96 0 
0 506983
0 768
cfn=(1450)
calls=32 0 
0 39760
0 320
cfn=(1452) litchi_odg::package::snapshot::is_vector3d
calls=32 0 
0 16352
0 256
cfn=(842)
calls=32 0 
0 1120
0 161312
cfn=(1430)
calls=4224 0 
0 17706463
0 130958
cfn=(916)
calls=4224 0 
0 432636
0 46464
cob=(2)
cfi=(202)
cfn=(706)
calls=4224 255 
0 63360
0 35840
cfn=(978)
calls=512 0 
0 118550
0 8192
cfn=(1456)
calls=512 0 
0 7446900
0 7680
cob=(2)
cfi=(202)
cfn=(706)
calls=512 255 
0 15360
0 6144
cfn=(1444)
calls=512 0 
0 1166066
0 14848
cfn=(1444)
calls=3712 0 
0 14862453
0 67584
cfn=(1430)
calls=4224 0 
0 18021633
0 76032
cfn=(1430)
calls=4224 0 
0 17850784
0 80256
cfn=(1430)
calls=4224 0 
0 18248120
0 84480
cfn=(1430)
calls=4224 0 
0 18024665
0 156288
cfn=(1430)
calls=4224 0 
0 16245529
0 76032
cfn=(1430)
calls=4224 0 
0 16024153
0 80256
cfn=(1430)
calls=4224 0 
0 16209157
0 84480
cfn=(1430)
calls=4224 0 
0 16024294
0 156288
cfn=(1430)
calls=4224 0 
0 16208311
0 105600
cfn=(1430)
calls=4224 0 
0 15778599
0 92928
cfn=(1446) litchi_odg::package::snapshot::validate_shape_lexical_attributes
calls=4224 0 
0 2287744
0 114048
cfn=(1430)
calls=4224 0 
0 15962052
0 84480
cfn=(1430)
calls=4224 0 
0 15777753
0 159514
cfn=(1430)
calls=32 0 
0 69991
0 544
cfn=(1430)
calls=32 0 
0 54824
0 640
cfn=(1430)
calls=32 0 
0 66330
0 640
cfn=(1430)
calls=32 0 
0 56232
0 1312
cfn=(1432) alloc::vec::Vec<T,A>::push_mut
calls=32 0 
0 7629
0 192
cfn=(1432)
calls=32 0 
0 3986
0 192
cfn=(1432)
calls=32 0 
0 3158
0 192
cfn=(1432)
calls=32 0 
0 3181
0 192
cfn=(1432)
calls=32 0 
0 3087
0 192
cfn=(1432)
calls=32 0 
0 3165
0 192
cfn=(1432)
calls=32 0 
0 3164
0 192
cfn=(1432)
calls=32 0 
0 3929
0 192
cfn=(1432)
calls=32 0 
0 3282
0 192
cfn=(1432)
calls=32 0 
0 3046
0 192
cfn=(1432)
calls=32 0 
0 4339
0 108
cfn=(980)
calls=6 0 
0 2698
0 576
cfn=(1434) litchi_odg::package::snapshot::attribute_source_span
calls=32 0 
0 74274
0 672
cfn=(1434)
calls=32 0 
0 75424
0 652
cfn=(980)
calls=6 0 
0 2711
0 460
cfn=(980)
calls=6 0 
0 2098
0 384
cfn=(1432)
calls=32 0 
0 2877
0 192
cfn=(1432)
calls=32 0 
0 3052
0 108
cfn=(980)
calls=6 0 
0 1978
0 29952
cfn=(842)
calls=3712 0 
0 145160
0 8708
cfn=(980)
calls=2 0 
0 214
0 228
cfn=(980)
calls=2 0 
0 356
0 63552
cfn=(1430)
calls=4224 0 
0 16338181
0 84480
cfn=(1430)
calls=4224 0 
0 15777894
0 84480
cfn=(1430)
calls=4224 0 
0 15961911
0 84480
cfn=(1430)
calls=4224 0 
0 16024999
0 84480
cfn=(1430)
calls=4224 0 
0 15962052
0 80256
cfn=(1430)
calls=4224 0 
0 15777753
0 109824
cob=(2)
cfi=(202)
cfn=(706)
calls=4224 255 
0 274560
0 350592
cfn=(1448) litchi_odg::model::page::Page::push_shape
calls=4224 0 
0 4115770
0 54912
cfn=(1432)
calls=4224 0 
0 261408
0 76032
cfn=(1434)
calls=4224 0 
0 15851526
0 51136
cfn=(980)
calls=224 0 
0 154577
0 109824
cfn=(1434)
calls=4224 0 
0 18300352
0 51136
cfn=(980)
calls=224 0 
0 135067
0 109824
cfn=(1434)
calls=4224 0 
0 15856165
0 51136
cfn=(980)
calls=224 0 
0 147014
0 109824
cfn=(1434)
calls=4224 0 
0 18145423
0 92928
cfn=(1434)
calls=4224 0 
0 18844925
0 92928
cfn=(1434)
calls=4224 0 
0 19461086
0 92928
cfn=(1434)
calls=4224 0 
0 20064722
0 118720
cfn=(980)
calls=224 0 
0 564722
0 147840
cfn=(1434)
calls=4224 0 
0 15918840
0 92928
cfn=(1434)
calls=4224 0 
0 16091164
0 92928
cfn=(1434)
calls=4224 0 
0 15917002
0 92928
cfn=(1434)
calls=4224 0 
0 16091305
0 118720
cfn=(980)
calls=224 0 
0 551902
0 147840
cfn=(1434)
calls=4224 0 
0 15924387
0 92928
cfn=(1434)
calls=4224 0 
0 15859638
0 84928
cfn=(980)
calls=224 0 
0 168368
0 122496
cfn=(1434)
calls=4224 0 
0 15688356
0 51136
cfn=(980)
calls=224 0 
0 135539
0 109824
cfn=(1434)
calls=4224 0 
0 16223592
0 51136
cfn=(980)
calls=224 0 
0 147182
0 109824
cfn=(1434)
calls=4224 0 
0 15686855
0 51136
cfn=(980)
calls=224 0 
0 148535
0 90368
cfn=(980)
calls=224 0 
0 146061
0 45764
cfn=(980)
calls=2 0 
0 210
0 70976

fn=(1434)
0 4042496
cfn=(1370)
calls=380608 0 
0 144412353
0 4584384
cfn=(1372)
calls=312960 0 
0 25372800
0 2503680
cfn=(1364)
calls=312960 0 
0 55219584
0 4112896
cob=(2)
cfi=(229)
cfn=(890)
calls=178688 73 
0 3037696
0 560896
cob=(2)
cfi=(229)
cfn=(890)
calls=33920 73 
0 460824
0 146176
cfn=(818)
calls=19584 0 
0 19584
0 58752
cfn=(820)
calls=19584 0 
0 1656207
0 137088
cob=(2)
cfi=(202)
cfn=(706)
calls=19584 255 
0 268928
0 695808
cfn=(842)
calls=67136 0 
0 9187586
0 899008
cfn=(1436)
calls=19584 0 
0 10770266
0 391680
cfn=(842)
calls=19584 0 
0 995160
0 541184

fn=(1438) alloc::raw_vec::RawVecInner<A>::grow_amortized
0 102
cfn=(906)
calls=6 0 
0 574
0 60

fn=(1446)
0 82560
cfn=(1458) litchi_odg::package::snapshot::is_odf_length
calls=3584 0 
0 444416
0 26368
cfn=(1458)
calls=3584 0 
0 444416
0 27904
cfn=(1458)
calls=4096 0 
0 507904
0 28928
cfn=(1458)
calls=4096 0 
0 507904
0 217344

fn=(1448)
0 34240
cfn=(980)
calls=224 0 
0 3586400
0 21120
cob=(2)
cfi=(202)
cfn=(706)
calls=4224 255 
0 448666
0 25344

fn=(1504) litchi_odg::package::snapshot::parse_glue_point
0 10240
cfn=(1430)
calls=512 0 
0 1504256
0 10752
cfn=(1430)
calls=512 0 
0 1660928
0 21504
cfn=(1430)
calls=512 0 
0 1720045
0 19968
cfn=(1450)
calls=512 0 
0 1741366
0 10752
cfn=(1450)
calls=512 0 
0 1741861
0 5632
cfn=(1506) litchi_odg::package::snapshot::is_odf_distance_or_percent
calls=512 0 
0 70656
0 2560
cfn=(1506)
calls=512 0 
0 70656
0 18432
cfn=(1508) litchi_odg::package::snapshot::source_fragment
calls=512 0 
0 167267
0 10752
cfn=(1510) litchi_odg::model::auxiliary::GluePoint::parsed
calls=512 0 
0 108032
0 512

fn=(1522) litchi_odg::package::snapshot::is_integer_list
0 288768

fn=(1530) litchi_odg::model::shape::Shape::set_image_map
0 19968

fn=(1590) litchi_odg::transition::Sound::with_xml_id
0 800
cfn=(1592)
calls=32 0 
0 5056
0 2080

fn=(1606)
0 1984
cfn=(1608)
calls=32 0 
0 4192
0 224

fn=(1624) litchi_odf_common::media::reader::scan_package
0 56
cfn=(1626) litchi_odf_common::media::reader::scan_xml
calls=2 0 
0 57920349
0 42

fn=(1642) core::ptr::drop_in_place<litchi_odf_common::drawing::model::Frame>
0 6656
cfn=(842)
calls=512 0 
0 17920
0 13312
cfn=(842)
calls=512 0 
0 17920
0 4096
cfn=(842)
calls=512 0 
0 17920
0 5632
cfn=(842)
calls=512 0 
0 17920
0 3584

fn=(1662) alloc::vec::Vec<T,A>::dedup_by
0 76

fn=(1672)
0 54

fn=(1678) alloc::boxed::box_new_uninit
0 6
cfn=(818)
calls=2 0 
0 2
0 6
cfn=(820)
calls=2 0 
0 476
0 8

fn=(1692) core::ptr::drop_in_place<litchi_odg::model::shape::Shape>
0 71488
cfn=(842)
calls=4160 0 
0 833875
0 68608
cfn=(842)
calls=3584 0 
0 640261
0 30592
cfn=(842)
calls=3584 0 
0 652695
0 33152
cfn=(842)
calls=4096 0 
0 742372
0 33152
cfn=(842)
calls=4096 0 
0 734900
0 150144
cfn=(842)
calls=3584 0 
0 662437
0 8448
cfn=(1652) core::ptr::drop_in_place<core::option::Option<litchi_odf_common::drawing::model::Frame>>
calls=4224 0 
0 467011
0 21120
cfn=(1694) core::ptr::drop_in_place<core::option::Option<alloc::boxed::Box<litchi_odg::model::shape::ShapeMetadata>>>
calls=4224 0 
0 3753944

fn=(1694)
0 42080
cfn=(842)
calls=64 0 
0 11040
0 384
cfn=(842)
calls=64 0 
0 11408
0 29696
cfn=(842)
calls=32 0 
0 6001
0 2016
cfn=(842)
calls=96 0 
0 16815
0 576
cfn=(842)
calls=96 0 
0 17551
0 608
cfn=(842)
calls=64 0 
0 11703
0 352
cfn=(842)
calls=32 0 
0 5593
0 5728
cfn=(1698) core::ptr::drop_in_place<litchi_odg::model::auxiliary::ImageMapArea>
calls=512 0 
0 755414
0 1024
cfn=(1698)
calls=512 0 
0 680968
0 6144
cfn=(842)
calls=512 0 
0 80596
0 3072
cfn=(842)
calls=512 0 
0 88960
0 1088
cfn=(1696)
calls=544 0 
0 1259783
0 3680
cfn=(1702) core::ptr::drop_in_place<litchi_odg::model::auxiliary::GluePoint>
calls=512 0 
0 490491
0 5728
cfn=(842)
calls=512 0 
0 98491
0 5984
cfn=(842)
calls=544 0 
0 110970

fn=(1724) std::fs::read::inner
0 20
cob=(2)
cfi=(202)
cfn=(706)
calls=1 255 
0 11
0 6
cfn=(1718)
calls=1 0 
0 103
0 6
cfn=(1726) <std::sys::fs::unix::File>::open_c
calls=1 0 
0 104
0 8
cfn=(1730) std::sys::fs::unix::try_statx
calls=1 0 
0 121
0 14
cfn=(1734) std::io::default_read_to_end::<std::fs::File>
calls=1 0 
0 207
0 8
cob=(2)
cfi=(236)
cfn=(1740)
calls=1 26 
0 31
0 9
cfn=(818)
calls=1 0 
0 1
0 3
cfn=(820)
calls=1 0 
0 5913
0 5

fn=(1730)
0 35
cob=(2)
cfi=(234) ./io/../sysdeps/unix/sysv/linux/statx.c
cfn=(1732) statx
calls=1 27 
0 11
0 75

fn=(1766) <f64 as zmij::private::Sealed>::write_to_zmij_buffer
0 267
cob=(2)
cfi=(202)
cfn=(706)
calls=1 255 
0 15
0 6
cob=(2)
cfi=(202)
cfn=(706)
calls=1 255 
0 13
0 6
cob=(2)
cfi=(218)
cfn=(786)
calls=1 198 
0 18
0 18

fn=(1806) core::num::flt2dec::strategy::dragon::format_exact
0 228
cfn=(1808) <core::num::bignum::Big32x40>::mul_pow2
calls=3 0 
0 231
0 12
cfn=(1810) core::num::flt2dec::strategy::dragon::mul_pow10
calls=3 0 
0 177
0 15
cob=(2)
cfi=(202)
cfn=(706)
calls=3 255 
0 90
0 1023
cob=(2)
cfi=(202)
cfn=(706)
calls=3 255 
0 90
0 15
cfn=(1808)
calls=3 0 
0 249
0 15
cob=(2)
cfi=(202)
cfn=(706)
calls=3 255 
0 90
0 9
cfn=(1808)
calls=3 0 
0 249
0 15
cob=(2)
cfi=(202)
cfn=(706)
calls=3 255 
0 90
0 9
cfn=(1808)
calls=3 0 
0 249
0 3621

fn=(598) std::rt::lang_start_internal
0 42
cob=(2)
cfi=(171) ./io/../sysdeps/unix/sysv/linux/poll.c
cfn=(600) poll
calls=1 27 
0 29
0 37
cob=(2)
cfi=(173) ./signal/../sysdeps/posix/signal.c
cfn=(604) signal
calls=1 30 
0 113
0 4
cob=(2)
cfi=(178) ./posix/../sysdeps/unix/sysv/linux/x86/sysconf.c
cfn=(616) sysconf
calls=1 32 
0 55
0 8
cob=(2)
cfi=(182) ./nptl/./nptl/pthread_self.c
cfn=(624) pthread_self
calls=1 23 
0 3
0 3
cob=(2)
cfi=(183) ./nptl/./nptl/pthread_getattr_np.c
cfn=(626) pthread_getattr_np@@GLIBC_2.32
calls=1 33 
0 98055
0 10
cob=(2)
cfi=(221) ./nptl/./nptl/pthread_attr_getstack.c
cfn=(800) pthread_attr_getstack@@GLIBC_2.34
calls=1 24 
0 9
0 6
cob=(2)
cfi=(222) ./nptl/./nptl/pthread_attr_destroy.c
cfn=(802) pthread_attr_destroy
calls=1 26 
0 86
0 35
cob=(2)
cfi=(176) ./signal/./signal/sigaction.c
cfn=(610) sigaction
calls=1 27 
0 63
0 8
cfn=(804)
calls=1 0 
0 248
0 6
cfn=(814) std::sys::pal::unix::stack_overflow::thread_info::set_current_info
calls=1 0 
0 480
0 8
cob=(2)
cfi=(176)
cfn=(610)
calls=1 27 
0 63
0 4
cob=(2)
cfi=(176)
cfn=(610)
calls=1 27 
0 63
0 12
cob=(2)
cfi=(176)
cfn=(610)
calls=1 27 
0 63
0 7
cfn=(826) std::rt::lang_start::{{closure}}
calls=1 0 
0 1826057814
0 5
cob=(2)
cfi=(227) ./csu/./csu/errno-loc.c
cfn=(824) __errno_location
calls=1 25 
0 4
0 22
cfn=(1786)
calls=1 0 
0 746
0 1

fn=(814)
0 13
cob=(2)
cfi=(226)
cfn=(816) gettid
calls=1 91 
0 4
0 19
cfn=(818)
calls=1 0 
0 1
0 3
cfn=(820)
calls=1 0 
0 186
0 7
cob=(2)
cfi=(227)
cfn=(824)
calls=1 25 
0 4
0 30
cfn=(818)
calls=1 0 
0 1
0 3
cfn=(820)
calls=1 0 
0 171
0 38

fn=(832) std::env::args
0 1
cfn=(834)
calls=1 0 
0 2270

fn=(838) <std::env::Args as core::iter::traits::iterator::Iterator>::next
0 221
cfn=(840)
calls=9 0 
0 727
0 125

fn=(866) litchi_odf_common::core::writer::PackageWriter::new
0 6
cfn=(868) soapberry_zip::office::StreamingArchiveWriter<std::io::cursor::Cursor<alloc::vec::Vec<u8>>>::new
calls=1 0 
0 296
0 24
cfn=(818)
calls=1 0 
0 1
0 3
cfn=(820)
calls=1 0 
0 36
0 9
cob=(2)
cfi=(202)
cfn=(706)
calls=1 255 
0 65
0 41

fn=(906)
0 537
cfn=(908)
calls=16 0 
0 20619
0 47
cfn=(818)
calls=5 0 
0 5
0 15
cfn=(820)
calls=5 0 
0 575
0 283753
cfn=(908)
calls=2900 0 
0 6074803
0 35116
cfn=(818)
calls=9772 0 
0 9772
0 29316
cfn=(820)
calls=9772 0 
0 929831
0 173930
cfn=(908)
calls=56 0 
0 81158
0 2038
cfn=(818)
calls=642 0 
0 642
0 1926
cfn=(820)
calls=642 0 
0 29983
0 9010
cfn=(818)
calls=2 0 
0 2
0 6
cfn=(820)
calls=2 0 
0 351
0 11561
cfn=(908)
calls=1 0 
0 412
0 1646
cfn=(818)
calls=548 0 
0 548
0 1644
cfn=(820)
calls=548 0 
0 22049
0 7255
cfn=(818)
calls=6 0 
0 6
0 18
cfn=(820)
calls=6 0 
0 382
0 8096184
cfn=(908)
calls=151824 0 
0 55685766
0 874632
cfn=(818)
calls=190328 0 
0 190328
0 570984
cfn=(820)
calls=190328 0 
0 20438793
0 4144328

fn=(912) soapberry_zip::office::StreamingArchiveWriter<W>::write_stored_with_accounting
0 16
cfn=(914) soapberry_zip::office::StreamingArchiveWriter<W>::validate_entry_name
calls=1 0 
0 385
0 48
cfn=(922) soapberry_zip::office::StreamingNamePolicy::reserve
calls=1 0 
0 353
0 12
cfn=(928) soapberry_zip::writer::ZipArchiveWriter<W>::write_stored_file_with_accounting
calls=1 0 
0 3038
0 14
cfn=(968) soapberry_zip::office::StreamingNamePolicy::record
calls=1 0 
0 274
0 10

fn=(984) core::str::iter::SplitInternal<P>::next_back
0 76
cfn=(986)
calls=2 0 
0 122
0 40
cob=(2)
cfi=(229)
cfn=(890)
calls=2 73 
0 20
0 74
cfn=(1004) <core::str::pattern::CharSearcher as core::str::pattern::ReverseSearcher>::next_match_back
calls=3 0 
0 649
0 40

fn=(1006)
0 8
cfn=(1008) xml_minifier::audit::verify_with_policy
calls=2 0 
0 19430616
0 6

fn=(1014)
0 9630054
cfn=(1016) memchr::arch::x86_64::avx2::memchr::Two::find_raw
calls=458574 0 
0 12617724
0 1375722

fn=(1016)
0 4428714
cfn=(1018) memchr::arch::x86_64::avx2::memchr::Two::find_raw_avx2
calls=454884 0 
0 7278144
0 910866

fn=(1036)
0 54345384
cfn=(1038)
calls=2012792 0 
0 60886603
0 6038376

fn=(1044) xml_minifier::audit::check_start
0 111771
cfn=(1032)
calls=4167 0 
0 1683796
0 5392
cfn=(1032)
calls=1348 0 
0 1272394
0 33090

fn=(1078) zlib_rs::deflate::State::init_block
0 4650
cob=(2)
cfi=(218)
cfn=(786)
calls=6 198 
0 295026
0 24

fn=(1092) zlib_rs::deflate::longest_match::longest_match
0 4201766

fn=(1094) zlib_rs::deflate::slide_hash::rust::slide_hash_chain
0 553176

fn=(1150) litchi_odf_common::core::writer::PackageWriter<W>::preserved_manifest_if_equivalent
0 12

fn=(1190) <alloc::string::String as core::iter::traits::collect::FromIterator<alloc::string::String>>::from_iter
0 42
cfn=(850)
calls=2 0 
0 850
0 768
cfn=(850)
calls=62 0 
0 26450
0 856
cob=(2)
cfi=(202)
cfn=(706)
calls=62 255 
0 1116
0 496
cfn=(842)
calls=62 0 
0 2170
0 98
cfn=(904)
calls=6 0 
0 1993
0 38

fn=(1192) <&T as core::fmt::LowerHex>::fmt
0 128
cfn=(1194)
calls=64 0 
0 16740

fn=(1196)
0 2000
cfn=(898)
calls=100 0 
0 15937
0 1000

fn=(1204) litchi_odf_common::core::package::OwnedPackage::from_shared_bytes_with_policy_and_limits
0 28
cfn=(1206) litchi_odf_common::core::package::validate_source_limits
calls=2 0 
0 278
0 48
cfn=(1210) soapberry_zip::office::IndexedArchive<R>::from_reader_with_limits_and_policy
calls=2 0 
0 286023
0 28
cob=(2)
cfi=(202)
cfn=(706)
calls=2 255 
0 106
0 26
cfn=(818)
calls=2 0 
0 2
0 6
cfn=(820)
calls=2 0 
0 365
0 14
cob=(2)
cfi=(202)
cfn=(706)
calls=2 255 
0 130
0 48

fn=(1230) alloc::vec::Vec<T,A>::resize
0 48
cob=(2)
cfi=(218)
cfn=(786)
calls=2 198 
0 131108
0 32

fn=(1264) litchi_odf_common::core::package::OwnedPackage::mimetype
0 42
cfn=(1266)
calls=2 0 
0 262348
0 26
cob=(2)
cfi=(202)
cfn=(706)
calls=2 255 
0 130
0 26
cfn=(818)
calls=2 0 
0 2
0 8
cfn=(820)
calls=2 0 
0 173
0 14
cob=(2)
cfi=(202)
cfn=(706)
calls=2 255 
0 24
0 18
cfn=(1388)
calls=2 0 
0 1210
0 16

fn=(1280)
0 728

fn=(1308)
0 342
cob=(2)
cfi=(155)
cfn=(794) calloc
calls=18 3739 
0 463840

fn=(1328) zlib_rs::inflate::inflate_fast_help
0 1095156
cfn=(1400) zlib_rs::inflate::writer::Writer::extend_from_window_runtime_dispatch
calls=984 0 
0 89690
0 3712
cfn=(1400)
calls=464 0 
0 42152
0 2936
cfn=(1330) zlib_rs::inflate::writer::Writer::copy_match_runtime_dispatch
calls=10 0 
0 784
0 11016
cfn=(1330)
calls=11016 0 
0 845586
0 250900

fn=(1336)
0 140

fn=(1344)
0 756
cfn=(1346)
calls=12 0 
0 15366
0 1404
cfn=(1384) quick_xml::name::NamespaceResolver::set_level
calls=48 0 
0 1164
0 240
cfn=(1010)
calls=48 0 
0 27030
0 144
cfn=(1010)
calls=36 0 
0 49608
0 336
cfn=(1350) quick_xml::reader::ns_reader::NsReader<R>::process_event
calls=84 0 
0 57880
0 1848
cfn=(1352)
calls=84 0 
0 11544
0 1764
cfn=(1354) litchi_odf_common::package::codec::classify_manifest_event
calls=84 0 
0 8472
0 1512
cfn=(1368) litchi_odf_common::package::codec::parse_entry
calls=36 0 
0 200970
0 936
cfn=(990) litchi_odf_common::package::path::validate_manifest_path
calls=36 0 
0 36780
0 252
cfn=(972)
calls=24 0 
0 4812
0 2052
cfn=(970)
calls=36 0 
0 10416
0 2292
cfn=(1356) <litchi_odf_common::core::manifest::TypedManifestObserver as litchi_odf_common::package::codec::ManifestScanObserver>::event
calls=84 0 
0 2784
0 2172
cfn=(924)
calls=12 0 
0 2494
0 96
cfn=(842)
calls=12 0 
0 420
0 72
cfn=(842)
calls=12 0 
0 1070
0 84
cfn=(842)
calls=12 0 
0 420
0 1992
cfn=(972)
calls=36 0 
0 6744
0 1944
cfn=(972)
calls=36 0 
0 6744
0 1800
cob=(2)
cfi=(202)
cfn=(706)
calls=36 255 
0 1080
0 720
cob=(2)
cfi=(202)
cfn=(706)
calls=36 255 
0 1080
0 173
cfn=(842)
calls=12 0 
0 420
0 180
cfn=(1386) core::ptr::drop_in_place<litchi_odf_common::core::manifest::TypedManifestObserver>
calls=12 0 
0 528
0 336
cfn=(972)
calls=12 0 
0 1896
0 444
cfn=(1380)
calls=12 0 
0 2328
0 384
cfn=(842)
calls=12 0 
0 1020
0 72
cfn=(842)
calls=12 0 
0 420
0 96
cfn=(924)
calls=12 0 
0 2470
0 36

fn=(1346)
0 812
cfn=(980)
calls=58 0 
0 6090
0 696
cfn=(904)
calls=58 0 
0 6822
0 4060
cfn=(904)
calls=58 0 
0 28942
0 522
cfn=(904)
calls=58 0 
0 27533
0 174

fn=(1374)
0 119646
cfn=(1376) quick_xml::events::attributes::Attribute::decoded_and_normalized_value_with
calls=39882 0 
0 7987994
0 119646

fn=(1376)
0 717876
cfn=(840)
calls=39882 0 
0 3030612
0 598230
cfn=(1378) quick_xml::escape::normalize_attribute_value
calls=39882 0 
0 2763872
0 877404

fn=(1396)
0 406
cfn=(994)
calls=2 0 
0 220
0 48

fn=(1400)
0 133258

fn=(1406) litchi_odf_common::core::xml::part::XmlPart::from_bytes
0 16
cfn=(840)
calls=2 0 
0 378620
0 20
cfn=(1246)
calls=2 0 
0 840
0 30
cob=(2)
cfi=(202)
cfn=(706)
calls=2 255 
0 865218
0 32

fn=(1408) litchi_odf_common::core::package::OwnedPackage::has_file
0 88
cfn=(1266)
calls=4 0 
0 522327
0 52
cob=(2)
cfi=(202)
cfn=(706)
calls=4 255 
0 260
0 44
cfn=(1302)
calls=4 0 
0 3312
0 24
cfn=(1388)
calls=4 0 
0 1940
0 28

fn=(1410) litchi_odg::package::snapshot::Snapshot::from_package
0 30
cfn=(1412) litchi_odf_common::core::package::OwnedPackage::package
calls=2 0 
0 261951
0 26
cob=(2)
cfi=(202)
cfn=(706)
calls=2 255 
0 130
0 18
cfn=(1414) litchi_odf_common::core::manifest::Manifest::has_encrypted_entries
calls=2 0 
0 112
0 10
cfn=(1416)
calls=2 0 
0 2858
0 14
cfn=(1416)
calls=2 0 
0 2610
0 10
cfn=(1418) litchi_odg::package::snapshot::parse_content
calls=2 0 
0 850440570
0 30
cob=(2)
cfi=(202)
cfn=(706)
calls=2 255 
0 154
0 22
cfn=(1542)
calls=2 0 
0 34979623
0 90
cfn=(1566)
calls=2 0 
0 557636918
0 68
cfn=(1622) litchi_odg::package::snapshot::scan_resources
calls=2 0 
0 58788343
0 70
cfn=(1656) <alloc::vec::Vec<T> as alloc::vec::spec_from_iter_nested::SpecFromIterNested<T,I>>::from_iter
calls=2 0 
0 684
0 6
cfn=(1660)
calls=2 0 
0 14
0 4
cfn=(1662)
calls=2 0 
0 40
0 20
cfn=(1664) litchi_odg::package::snapshot::scan_active_content
calls=2 0 
0 62018122
0 40
cfn=(1668)
calls=2 0 
0 34058237
0 32
cfn=(1674) alloc::vec::in_place_collect::from_iter_in_place
calls=2 0 
0 180
0 14
cfn=(1660)
calls=2 0 
0 14
0 4
cfn=(1662)
calls=2 0 
0 36
0 426
cob=(2)
cfi=(202)
cfn=(706)
calls=32 255 
0 1692
0 96
cfn=(1676) core::ptr::drop_in_place<core::option::Option<litchi_odg::transition::Transition>>
calls=32 0 
0 480
0 256
cob=(2)
cfi=(202)
cfn=(706)
calls=32 255 
0 1692
0 486
cfn=(1654) <alloc::vec::into_iter::IntoIter<T,A> as core::ops::drop::Drop>::drop
calls=2 0 
0 306
0 14
cob=(2)
cfi=(202)
cfn=(706)
calls=2 255 
0 202
0 72
cob=(2)
cfi=(202)
cfn=(706)
calls=2 255 
0 226
0 20
cfn=(1678)
calls=2 0 
0 498
0 10
cob=(2)
cfi=(202)
cfn=(706)
calls=2 255 
0 250
0 8
cfn=(1680) core::ptr::drop_in_place<alloc::vec::Vec<alloc::vec::Vec<core::option::Option<core::ops::range::Range<usize>>>>>
calls=2 0 
0 4698
0 10
cfn=(1682)
calls=2 0 
0 605355
0 4
cfn=(1680)
calls=2 0 
0 5070
0 4
cfn=(1680)
calls=2 0 
0 5681
0 4
cfn=(1684)
calls=2 0 
0 5597
0 4
cfn=(1684)
calls=2 0 
0 5712
0 4
cfn=(1686) core::ptr::drop_in_place<alloc::vec::Vec<alloc::vec::Vec<[core::option::Option<core::ops::range::Range<usize>>; 2]>>>
calls=2 0 
0 5654
0 4
cfn=(1680)
calls=2 0 
0 5204
0 4
cfn=(1680)
calls=2 0 
0 5803
0 4
cfn=(1680)
calls=2 0 
0 5835
0 16
cfn=(842)
calls=2 0 
0 70
0 16
cfn=(842)
calls=2 0 
0 70
0 14
cfn=(842)
calls=2 0 
0 70
0 4
cfn=(1680)
calls=2 0 
0 6074
0 4
cfn=(1680)
calls=2 0 
0 314
0 14
cfn=(842)
calls=2 0 
0 70
0 6
cfn=(1388)
calls=2 0 
0 2003
0 2

fn=(1498) litchi_odg::package::snapshot::area_kind
0 62456

fn=(1534) <[core::mem::maybe_uninit::MaybeUninit<T>; N] as core::array::iter::iter_inner::PartialDrop>::partial_drop
0 5120

fn=(1540) core::ptr::drop_in_place<core::option::Option<litchi_odg::package::snapshot::ActiveAuxiliaryMap>>
0 38

fn=(1544)
0 30
cfn=(1546) <core::str::lossy::Utf8Chunks as core::iter::traits::iterator::Iterator>::next
calls=2 0 
0 370
0 40

fn=(1550)
0 1780
cob=(2)
cfi=(229)
cfn=(890)
calls=94 73 
0 1818
0 2092
cfn=(1552)
calls=32 0 
0 3848
0 12928
cob=(2)
cfi=(229)
cfn=(890)
calls=608 73 
0 13393
0 16256
cfn=(1552)
calls=256 0 
0 38115
0 3456
cfn=(1552)
calls=32 0 
0 2432
0 288

fn=(1564) <alloc::string::String as core::fmt::Display>::fmt
0 80
cfn=(1560)
calls=16 0 
0 2180

fn=(1586) litchi_odg::package::snapshot::parse_transition_sound_element::{{closure}}
0 576
cfn=(1588)
calls=32 0 
0 3136
0 768
cfn=(1590)
calls=32 0 
0 7936
0 160

fn=(1618) alloc::collections::btree::remove::<impl alloc::collections::btree::node::Handle<alloc::collections::btree::node::NodeRef<alloc::collections::btree::node::marker::Mut,K,V,alloc::collections::btree::node::marker::Leaf>,alloc::collections::btree::node::marker::KV>>::remove_leaf_kv
0 896
cob=(2)
cfi=(202)
cfn=(706)
calls=32 255 
0 416
0 928

fn=(1644) core::ptr::drop_in_place<core::option::Option<litchi_odf_common::media::reader::ImageBuilder>>
0 18

fn=(1656)
0 72
cfn=(818)
calls=2 0 
0 2
0 8
cfn=(820)
calls=2 0 
0 80
0 62
cfn=(1658) <core::iter::adapters::map::Map<I,F> as core::iter::traits::iterator::Iterator>::fold
calls=2 0 
0 434
0 26

fn=(1666) litchi_odg::package::snapshot::scan_active_xml
0 52
cfn=(1346)
calls=2 0 
0 2705
0 80
cfn=(1420)
calls=2 0 
0 620
0 68820
cfn=(1420)
calls=22940 0 
0 23274974
0 458840
cfn=(1352)
calls=22942 0 
0 7056281
0 722202
cfn=(1022)
calls=11022 0 
0 588338
0 187406
cob=(2)
cfi=(229)
cfn=(890)
calls=8 73 
0 176
0 56
cob=(2)
cfi=(229)
cfn=(890)
calls=8 73 
0 136
0 88196
cob=(2)
cfi=(229)
cfn=(890)
calls=2 73 
0 34
0 99202
cob=(2)
cfi=(229)
cfn=(890)
calls=8 73 
0 136
0 84412
cob=(2)
cfi=(229)
cfn=(890)
calls=7328 73 
0 124576
0 98308
cfn=(1430)
calls=3684 0 
0 496017
0 58704
cfn=(1430)
calls=7338 0 
0 28116038
0 303364
cfn=(1402)
calls=1026 0 
0 122066
0 5124
cfn=(842)
calls=512 0 
0 17920
0 23616
cfn=(842)
calls=514 0 
0 17990
0 542
cfn=(842)
calls=2 0 
0 310
0 14
cfn=(842)
calls=2 0 
0 70
0 12
cfn=(842)
calls=2 0 
0 352
0 14
cfn=(842)
calls=2 0 
0 333
0 16

fn=(1760)
0 96
cfn=(1756) <serde_json::ser::Compound<W,F> as serde_core::ser::SerializeMap>::serialize_key
calls=12 0 
0 2962
0 204
cfn=(1762) <u64 as itoa::Unsigned>::fmt
calls=12 0 
0 504
0 144
cob=(2)
cfi=(202)
cfn=(706)
calls=12 255 
0 178
0 126
cfn=(1756)
calls=1 0 
0 270
0 39
cfn=(1756)
calls=1 0 
0 225
0 49
cfn=(1756)
calls=2 0 
0 773
0 48
cfn=(1766)
calls=2 0 
0 343
0 24
cob=(2)
cfi=(202)
cfn=(706)
calls=2 255 
0 24
0 30
cfn=(1756)
calls=1 0 
0 243
0 88
cob=(2)
cfi=(202)
cfn=(706)
calls=2 255 
0 36
0 13
cfn=(1762)
calls=1 0 
0 63
0 13
cob=(2)
cfi=(202)
cfn=(706)
calls=1 255 
0 13
0 36
cob=(2)
cfi=(202)
cfn=(706)
calls=1 255 
0 18
0 26

fn=(1762)
0 567

fn=(1772)
0 9

fn=(1774)
0 6
cob=(2)
cfi=(239)
cfn=(1776)
calls=1 25 
0 29
0 11

fn=(1780) std::io::stdio::_print
0 11
cfn=(1782)
calls=1 0 
0 20
0 13
cfn=(1790) <&std::io::stdio::Stdout as std::io::Write>::write_fmt
calls=1 0 
0 11354
0 8
cfn=(1784)
calls=1 0 
0 137
0 1

fn=(1788) <std::sync::once::Once>::call_once_force::<<std::sync::once_lock::OnceLock<std::sync::reentrant_lock::ReentrantLock<core::cell::RefCell<std::io::buffered::linewriter::LineWriter<std::io::stdio::StdoutRaw>>>>>::initialize<<std::sync::once_lock::OnceLock<std::sync::reentrant_lock::ReentrantLock<core::cell::RefCell<std::io::buffered::linewriter::LineWriter<std::io::stdio::StdoutRaw>>>>>::get_or_init<std::io::stdio::stdout::{closure#0}>::{closure#0}, !>::{closure#0}>::{closure#0}
0 10
cfn=(818)
calls=1 0 
0 1
0 3
cfn=(820)
calls=1 0 
0 40
0 13

fn=(1494) litchi_odg::package::snapshot::parse_shape_auxiliary_children
0 54
cfn=(1346)
calls=2 0 
0 2712
0 56
cfn=(818)
calls=2 0 
0 2
0 8
cfn=(1306)
calls=2 0 
0 176
0 64
cfn=(1420)
calls=2 0 
0 620
0 91760
cfn=(1420)
calls=22940 0 
0 23278259
0 504724
cfn=(1352)
calls=22942 0 
0 7062466
0 619434
cfn=(1422)
calls=22942 0 
0 1005214
0 91768
cfn=(1424)
calls=22942 0 
0 2802523
0 263848
cfn=(842)
calls=3586 0 
0 125510
0 201606
cfn=(1022)
calls=8332 0 
0 465382
0 283288
cfn=(1022)
calls=8332 0 
0 465382
0 154460
cfn=(1022)
calls=2690 0 
0 122956
0 93918
cfn=(1428)
calls=8300 0 
0 162222
0 41460
cfn=(1496)
calls=4140 0 
0 32660
0 29800
cfn=(1428)
calls=2690 0 
0 34586
0 15884
cfn=(1496)
calls=2626 0 
0 36078
0 42692
cfn=(1500) litchi_odg::package::snapshot::update_auxiliary_shape_parent_order
calls=4160 0 
0 66560
0 45760
cfn=(1502)
calls=4160 0 
0 91520
0 29124
cfn=(980)
calls=2 0 
0 547
0 71232
cfn=(1500)
calls=64 0 
0 2848
0 768
cfn=(1502)
calls=64 0 
0 1408
0 91708
cfn=(1498)
calls=3628 0 
0 14704
0 72956
cfn=(1498)
calls=2114 0 
0 47752
0 25732
cfn=(1514) litchi_odg::package::snapshot::charge_source_span
calls=1024 0 
0 34816
0 14336
cfn=(1516) litchi_odg::package::snapshot::parse_image_map_area
calls=1024 0 
0 73232521
0 15360
cob=(2)
cfi=(202)
cfn=(706)
calls=1024 255 
0 30720
0 12288
cfn=(980)
calls=512 0 
0 189087
0 5120
cob=(2)
cfi=(202)
cfn=(706)
calls=1024 255 
0 54146
0 155294
cfn=(1514)
calls=512 0 
0 17408
0 7680
cfn=(1508)
calls=512 0 
0 154113
0 8192
cfn=(1526) litchi_odg::model::auxiliary::ImageMap::parsed
calls=512 0 
0 34304
0 11776
cfn=(1528) litchi_odg::package::snapshot::attach_image_map
calls=512 0 
0 35328
0 43708
cfn=(1428)
calls=8332 0 
0 162862
0 219224
cfn=(842)
calls=16664 0 
0 583240
0 34584
cfn=(1532) litchi_odg::package::snapshot::parse_contour
calls=512 0 
0 19161538
0 23552
cfn=(1538) litchi_odg::model::shape::Shape::push_contour
calls=512 0 
0 147280
0 21504
cfn=(1504)
calls=512 0 
0 8896171
0 26112
cob=(2)
cfi=(202)
cfn=(706)
calls=512 255 
0 15360
0 1536
cfn=(1512) litchi_odg::model::shape::Shape::push_glue_point
calls=512 0 
0 197949
0 17676
cfn=(842)
calls=2690 0 
0 94150
0 5432
cfn=(1540)
calls=2 0 
0 38
0 14
cfn=(842)
calls=2 0 
0 310
0 12
cfn=(842)
calls=2 0 
0 332
0 4
cfn=(1492)
calls=2 0 
0 578
0 18

fn=(840)
0 4602056

fn=(842)
0 354559
cfn=(844)
calls=354559 0 
0 38195601

fn=(850)
0 435312
cfn=(818)
calls=2080 0 
0 2080
0 8320
cfn=(820)
calls=2080 0 
0 113206
0 4800
cfn=(852) core::fmt::write
calls=64 0 
0 21924
0 16640
cfn=(852)
calls=2080 0 
0 2426035
0 32160

fn=(882) litchi_odf_common::core::writer::PackageWriter<W>::validate_media_type
0 2388
cfn=(884) core::str::iter::SplitInternal<P>::next
calls=6 0 
0 838
0 42
cfn=(888)
calls=6 0 
0 126
0 78
cfn=(884)
calls=6 0 
0 930
0 36
cfn=(884)
calls=6 0 
0 756
0 30
cfn=(892) litchi_odf_common::core::writer::PackageWriter<W>::validate_media_type::{{closure}}
calls=6 0 
0 666
0 42
cfn=(892)
calls=6 0 
0 1202
0 24
cfn=(884)
calls=6 0 
0 120
0 24
cfn=(836) core::iter::traits::iterator::Iterator::try_fold
calls=6 0 
0 216
0 36

fn=(914)
0 216
cfn=(916)
calls=3 0 
0 242
0 33
cob=(2)
cfi=(202)
cfn=(706)
calls=3 255 
0 37
0 21
cfn=(918) soapberry_zip::office::canonical_member_name
calls=3 0 
0 96
0 33
cfn=(920) soapberry_zip::office::StreamingNamePolicy::check_next
calls=3 0 
0 521
0 628
cfn=(1156)
calls=1 0 
0 22
0 35
cfn=(932)
calls=1 0 
0 315
0 7
cfn=(818)
calls=1 0 
0 1
0 3
cfn=(820)
calls=1 0 
0 40
0 8
cob=(2)
cfi=(202)
cfn=(706)
calls=1 255 
0 11
0 7
cfn=(918)
calls=1 0 
0 32
0 13
cfn=(920)
calls=1 0 
0 259
0 18

fn=(920)
0 78
cfn=(972)
calls=3 0 
0 603
0 99

fn=(922)
0 42
cfn=(924)
calls=2 0 
0 1305
0 8

fn=(932)
0 1236

fn=(958) <soapberry_zip::office::BoundedOutput<W> as std::io::Write>::write
0 306
cfn=(904)
calls=6 0 
0 18272
0 81
cob=(2)
cfi=(202)
cfn=(706)
calls=9 255 
0 16114
0 774
cob=(2)
cfi=(202)
cfn=(706)
calls=18 255 
0 262
0 360

fn=(962) soapberry_zip::accounting::AccountingWriteKind::add
0 60

fn=(1002)
0 69
cfn=(984)
calls=3 0 
0 725
0 51
cfn=(1004)
calls=3 0 
0 453
0 120
cfn=(1140)
calls=1 0 
0 205

fn=(1004)
0 228
cfn=(986)
calls=6 0 
0 599
0 102
cob=(2)
cfi=(229)
cfn=(890)
calls=5 73 
0 50
0 123

fn=(1020)
0 17
cfn=(1022)
calls=1 0 
0 74

fn=(1022)
0 23287706
cfn=(1024)
calls=1791362 0 
0 66951662
0 5374086

fn=(1034)
0 23
cfn=(1036)
calls=1 0 
0 94

fn=(1068)
0 255
cfn=(818)
calls=3 0 
0 3
0 9
cfn=(820)
calls=3 0 
0 1368
0 57
cob=(2)
cfi=(218)
cfn=(786)
calls=3 198 
0 196665
0 18
cob=(2)
cfi=(218)
cfn=(786)
calls=3 198 
0 196665
0 21
cob=(2)
cfi=(218)
cfn=(786)
calls=3 198 
0 393273
0 180
cob=(2)
cfi=(202)
cfn=(706)
calls=3 255 
0 735
0 12
cob=(2)
cfi=(202)
cfn=(706)
calls=3 255 
0 159
0 12
cob=(2)
cfi=(202)
cfn=(706)
calls=3 255 
0 90
0 9
cfn=(1076) zlib_rs::deflate::reset
calls=3 0 
0 543321
0 30

fn=(1096) flate2::deflate::write::DeflateEncoder<W>::finish
0 14
cfn=(1098) flate2::zio::Writer<W,D>::finish
calls=2 0 
0 851689
0 14
cfn=(842)
calls=2 0 
0 285
0 26
cfn=(1124) <zlib_rs::stable::Deflate as core::ops::drop::Drop>::drop
calls=2 0 
0 292
0 13
cfn=(1098)
calls=1 0 
0 198288
0 10
cfn=(1158) core::ptr::drop_in_place<flate2::deflate::write::DeflateEncoder<&mut soapberry_zip::office::CompressedScratch>>
calls=1 0 
0 348
0 6

fn=(1114) zlib_rs::deflate::BitWriter::emit_align
0 96
cob=(2)
cfi=(202)
cfn=(706)
calls=3 255 
0 49
0 42

fn=(1118) zlib_rs::deflate::flush_pending
0 54
cfn=(1116) zlib_rs::deflate::BitWriter::flush_bits
calls=6 0 
0 372
0 114

fn=(1122) <soapberry_zip::office::CompressedScratch as std::io::Write>::write
0 55
cob=(2)
cfi=(202)
cfn=(706)
calls=3 255 
0 16020
0 38
cfn=(904)
calls=1 0 
0 488
0 4

fn=(1206)
0 120
cfn=(1208) litchi_odf_common::core::package::validate_limit
calls=2 0 
0 36
0 18
cfn=(1208)
calls=2 0 
0 36
0 16
cfn=(1208)
calls=2 0 
0 36
0 16

fn=(1216)
0 96

fn=(1234) <T as soapberry_zip::reader_at::ReaderAtExt>::read_at_least_at
0 72
cob=(2)
cfi=(202)
cfn=(706)
calls=2 255 
0 60
0 6
cfn=(1214)
calls=2 0 
0 22
0 34

fn=(1238)
0 248

fn=(1314)
0 322
cob=(2)
cfi=(218)
cfn=(786)
calls=14 198 
0 74858
0 42
cfn=(818)
calls=14 0 
0 14
0 42
cfn=(820)
calls=14 0 
0 7584
0 588
cob=(2)
cfi=(202)
cfn=(706)
calls=14 255 
0 7462
0 56
cob=(2)
cfi=(218)
cfn=(786)
calls=14 198 
0 125258
0 644

fn=(1316)
0 532
cfn=(1318) <flate2::bufreader::BufReader<R> as std::io::BufRead>::fill_buf
calls=38 0 
0 35362
0 836
cfn=(1320)
calls=38 0 
0 3060208
0 1064

fn=(1332) zlib_rs::inflate::window::Window::extend
0 1512
cob=(2)
cfi=(202)
cfn=(706)
calls=30 255 
0 35532
0 92
cob=(2)
cfi=(202)
cfn=(706)
calls=8 255 
0 262400
0 644

fn=(1334)
0 140

fn=(1354)
0 1164
cfn=(1022)
calls=36 0 
0 1368
0 432
cfn=(1366) litchi_odf_common::package::codec::classify_manifest_event::{{closure}}
calls=36 0 
0 2628
0 360
cfn=(1022)
calls=12 0 
0 456
0 144
cfn=(1366)
calls=12 0 
0 504
0 180
cfn=(1022)
calls=12 0 
0 456
0 144
cfn=(1366)
calls=12 0 
0 504
0 132

fn=(1360) quick_xml::name::NamespaceResolver::push
0 8113728
cfn=(1048)
calls=253554 0 
0 40253480
0 3049496
cfn=(1048)
calls=762374 0 
0 133467840
0 31007436
cfn=(1362)
calls=472 0 
0 172687
0 4059696

fn=(1368)
0 1692
cfn=(1370)
calls=36 0 
0 17964
0 252
cfn=(1370)
calls=84 0 
0 24732
0 1788
cfn=(1372)
calls=84 0 
0 5628
0 672
cfn=(1364)
calls=84 0 
0 7276
0 756
cob=(2)
cfi=(229)
cfn=(890)
calls=84 73 
0 1428
0 504
cfn=(1374)
calls=84 0 
0 24696
0 1164
cfn=(972)
calls=48 0 
0 10092
0 2507
cfn=(1380)
calls=84 0 
0 14533
0 1680
cfn=(970)
calls=84 0 
0 26051
0 1176
cfn=(906)
calls=84 0 
0 8234
0 588
cob=(2)
cfi=(202)
cfn=(706)
calls=84 255 
0 1116
0 264
cfn=(924)
calls=36 0 
0 7056
0 396
cfn=(842)
calls=36 0 
0 1260
0 684
cfn=(972)
calls=36 0 
0 7776
0 2736
cfn=(842)
calls=36 0 
0 1260
0 252
cfn=(1382)
calls=36 0 
0 3756
0 792
cfn=(972)
calls=36 0 
0 6552
0 972
cfn=(972)
calls=36 0 
0 7776
0 2785
cfn=(842)
calls=36 0 
0 1260
0 864

fn=(1404)
0 11916

fn=(1414)
0 112

fn=(1418)
0 50
cfn=(1346)
calls=2 0 
0 2484
0 208
cfn=(1420)
calls=2 0 
0 620
0 91760
cfn=(1420)
calls=22940 0 
0 23276094
0 458840
cfn=(1352)
calls=22942 0 
0 7054837
0 619434
cfn=(1422)
calls=22942 0 
0 1005214
0 190068
cfn=(1022)
calls=11022 0 
0 588338
0 251094
cfn=(1424)
calls=32 0 
0 3424
0 65940
cfn=(1424)
calls=10990 0 
0 1829697
0 35760
cfn=(1424)
calls=11920 0 
0 1275709
0 210290
cfn=(1426)
calls=2690 0 
0 1809229
0 63642
cfn=(1460) quick_xml::events::BytesRef::decode
calls=3584 0 
0 765120
0 39424
cfn=(1464) quick_xml::escape::unescape
calls=3584 0 
0 584960
0 64512
cfn=(818)
calls=3584 0 
0 3584
0 10752
cfn=(820)
calls=3584 0 
0 683688
0 25088
cob=(2)
cfi=(202)
cfn=(706)
calls=3584 255 
0 46592
0 253636
cfn=(1426)
calls=8332 0 
0 623611112
0 110744
cfn=(842)
calls=11022 0 
0 396930
0 2
cfn=(842)
calls=2 0 
0 70
0 94344
cfn=(1022)
calls=8332 0 
0 465382
0 582728
cfn=(842)
calls=8332 0 
0 294020
0 74008
cfn=(842)
calls=3584 0 
0 188320
0 64512
cfn=(1466) litchi_odg::package::snapshot::Scanner::text
calls=3584 0 
0 1330544
0 35840
cfn=(842)
calls=3584 0 
0 140440
0 28672
cfn=(842)
calls=3584 0 
0 130600
0 79614
cob=(2)
cfi=(202)
cfn=(706)
calls=2 255 
0 226
0 382
cfn=(842)
calls=2 0 
0 310
0 14
cfn=(842)
calls=2 0 
0 310
0 22
cfn=(842)
calls=2 0 
0 70
0 14
cfn=(842)
calls=2 0 
0 310
0 24
cob=(2)
cfi=(202)
cfn=(706)
calls=2 255 
0 154
0 36
cfn=(1468) litchi_odg::package::snapshot::parse_enhanced_geometry
calls=2 0 
0 39240060
0 24
cfn=(1494)
calls=2 0 
0 142259864
0 16
cob=(2)
cfi=(202)
cfn=(706)
calls=2 255 
0 154
0 18
cfn=(842)
calls=2 0 
0 70
0 14
cfn=(842)
calls=2 0 
0 70
0 12
cfn=(842)
calls=2 0 
0 190
0 14
cfn=(842)
calls=2 0 
0 190
0 32

fn=(1474) litchi_odg::package::snapshot::drawing_attributes
0 30048
cfn=(1370)
calls=3328 0 
0 1403255
0 77984
cfn=(1372)
calls=2720 0 
0 213568
0 24480
cfn=(1364)
calls=2720 0 
0 547726
0 13600
cfn=(1422)
calls=2720 0 
0 113088
0 32640
cfn=(840)
calls=2720 0 
0 264096
0 27200
cfn=(818)
calls=2720 0 
0 2720
0 8160
cfn=(820)
calls=2720 0 
0 412247
0 19040
cob=(2)
cfi=(202)
cfn=(706)
calls=2720 255 
0 38688
0 13600
cfn=(1374)
calls=2720 0 
0 622240
0 38080
cfn=(818)
calls=2720 0 
0 2720
0 8160
cfn=(820)
calls=2720 0 
0 422750
0 19040
cob=(2)
cfi=(202)
cfn=(706)
calls=2720 255 
0 40768
0 40800
cfn=(1476) litchi_odg::model::enhanced::DrawingAttribute::parsed
calls=2720 0 
0 536032
0 151072
cfn=(980)
calls=1120 0 
0 402833
0 59776
cfn=(842)
calls=608 0 
0 82720
0 11552

fn=(1532)
0 12288
cfn=(1022)
calls=512 0 
0 19456
0 29184
cfn=(1450)
calls=512 0 
0 2424650
0 10752
cfn=(842)
calls=512 0 
0 17920
0 11776
cfn=(1450)
calls=512 0 
0 2647931
0 11776
cfn=(1450)
calls=512 0 
0 2604743
0 7680
cfn=(1522)
calls=512 0 
0 144384
0 2560
cfn=(1524) litchi_odg::package::snapshot::is_points
calls=512 0 
0 460800
0 4096
cfn=(842)
calls=512 0 
0 17920
0 3072
cfn=(842)
calls=512 0 
0 17920
0 4608
cfn=(1430)
calls=512 0 
0 2451124
0 10240
cfn=(1430)
calls=512 0 
0 2456188
0 40448
cfn=(1458)
calls=1024 0 
0 126976
0 8192
cfn=(842)
calls=1024 0 
0 35840
0 2048
cfn=(1534)
calls=512 0 
0 5120
0 3072
cfn=(1474)
calls=512 0 
0 5346697
0 10752
cfn=(1508)
calls=512 0 
0 148349
0 9216
cfn=(1536) litchi_odg::model::auxiliary::Contour::parsed
calls=512 0 
0 52224
0 1536

fn=(1602)
0 2720

fn=(1650) <alloc::vec::Vec<T,A> as core::ops::drop::Drop>::drop
0 28
cfn=(1610)
calls=2 0 
0 5129
0 20
cfn=(842)
calls=2 0 
0 410
0 12
cfn=(842)
calls=2 0 
0 377
0 76

fn=(1658)
0 126
cfn=(842)
calls=2 0 
0 70
0 12
cfn=(1654)
calls=2 0 
0 130
0 28
cfn=(1654)
calls=2 0 
0 50
0 18

fn=(1676)
0 512
cfn=(842)
calls=32 0 
0 5184
0 288
cfn=(842)
calls=32 0 
0 5314
0 256
cfn=(842)
calls=32 0 
0 5085
0 256
cfn=(842)
calls=32 0 
0 5540
0 256
cfn=(842)
calls=32 0 
0 5816
0 256
cfn=(842)
calls=32 0 
0 5820
0 256
cfn=(842)
calls=32 0 
0 5788
0 256
cfn=(842)
calls=32 0 
0 5849
0 256
cfn=(842)
calls=32 0 
0 5650
0 256
cfn=(842)
calls=32 0 
0 5772
0 352
cfn=(842)
calls=32 0 
0 5756
0 480

fn=(1698)
0 7168
cfn=(1700) core::ptr::drop_in_place<litchi_odg::model::auxiliary::ImageMapAreaShape>
calls=1024 0 
0 971604
0 6144
cfn=(842)
calls=512 0 
0 85004
0 8704
cfn=(842)
calls=512 0 
0 91166
0 5632
cfn=(842)
calls=512 0 
0 86640
0 9216
cfn=(842)
calls=1024 0 
0 165104

fn=(1726)
0 68
cob=(2)
cfi=(233) ./io/../sysdeps/unix/sysv/linux/open64.c
cfn=(1728) open
calls=1 30 
0 46
0 12
cob=(2)
cfi=(233)
cfn=(1728)
calls=1 30 
0 48
0 35

fn=(1754) <std::fs::OpenOptions>::_open
0 18
cob=(2)
cfi=(202)
cfn=(706)
calls=1 255 
0 12
0 6
cfn=(1718)
calls=1 0 
0 103
0 6
cfn=(1726)
calls=1 0 
0 105
0 14

fn=(1798) <f64 as core::fmt::Display>::fmt
0 30
cfn=(1800) core::fmt::float::float_to_decimal_common_exact::<f64>
calls=3 0 
0 9471

fn=(1804) core::num::flt2dec::strategy::grisu::format_exact_opt::possibly_round
0 120

fn=(1480) core::ptr::drop_in_place<core::option::Option<litchi_odg::package::snapshot::ActiveEnhancedGeometry>>
0 646

fn=(1482) litchi_odg::package::snapshot::validate_enhanced_child_attributes
0 2464

fn=(1484) litchi_odg::model::enhanced::EnhancedGeometry::parsed
0 1152
cfn=(1486) <core::iter::adapters::chain::Chain<A,B> as core::iter::traits::iterator::Iterator>::try_fold
calls=32 0 
0 3584
0 6080

fn=(1490)
0 608

fn=(880) litchi_odf_common::core::writer::PackageWriter<W>::set_mimetype
0 23
cfn=(882)
calls=1 0 
0 1858
0 287
cfn=(818)
calls=1 0 
0 1
0 3
cfn=(820)
calls=1 0 
0 36
0 9
cfn=(818)
calls=1 0 
0 1
0 3
cfn=(820)
calls=1 0 
0 177
0 8
cob=(2)
cfi=(202)
cfn=(706)
calls=1 255 
0 12
0 17
cfn=(894) litchi_odf_common::core::writer::PackageWriter<W>::validate_manifest_candidate
calls=1 0 
0 4330
0 17
cfn=(912)
calls=1 0 
0 4150
0 8
cfn=(916)
calls=1 0 
0 82
0 12
cob=(2)
cfi=(202)
cfn=(706)
calls=1 255 
0 12
0 14
cfn=(818)
calls=1 0 
0 1
0 5
cfn=(820)
calls=1 0 
0 36
0 10
cfn=(970)
calls=1 0 
0 630
0 5
cob=(2)
cfi=(202)
cfn=(706)
calls=1 255 
0 30
0 4
cfn=(976)
calls=1 0 
0 1182
0 2

fn=(886)
0 411240

fn=(910)
0 3406348
cob=(2)
cfi=(155)
cfn=(734) realloc
calls=154834 3380 
0 58312273

fn=(946)
0 32

fn=(956)
0 42
cfn=(1080)
calls=2 0 
0 13334503
0 190
cfn=(958)
calls=6 0 
0 18108
0 192
cfn=(1080)
calls=1 0 
0 52026
0 419
cfn=(958)
calls=17 0 
0 1133
0 462

fn=(960) soapberry_zip::accounting::write_all_counted
0 72
cfn=(958)
calls=3 0 
0 16845
0 45
cfn=(962)
calls=3 0 
0 45
0 67
cfn=(958)
calls=1 0 
0 83
0 15
cfn=(962)
calls=1 0 
0 15
0 15

fn=(968)
0 16
cfn=(970)
calls=4 0 
0 1134
0 12

fn=(998) litchi_odf_common::core::writer::PackageWriter<W>::is_reserved_write_path
0 60
cfn=(1000)
calls=4 0 
0 582
0 28

fn=(1062) soapberry_zip::office::StreamingArchiveWriter<W>::write_deflated_sized_with_accounting
0 32
cfn=(914)
calls=2 0 
0 1429
0 32
cfn=(842)
calls=2 0 
0 122
0 34
cfn=(922)
calls=2 0 
0 16
0 42
cfn=(1064)
calls=2 0 
0 888839
0 8
cob=(2)
cfi=(202)
cfn=(706)
calls=2 255 
0 60
0 2
cfn=(818)
calls=2 0 
0 2
0 6
cfn=(820)
calls=2 0 
0 310
0 18
cob=(2)
cfi=(202)
cfn=(706)
calls=2 255 
0 60
0 14
cfn=(956)
calls=2 0 
0 13334591
0 16
cob=(2)
cfi=(202)
cfn=(706)
calls=2 255 
0 60
0 4
cfn=(1096)
calls=2 0 
0 852328
0 60
cfn=(1132) soapberry_zip::office::StreamingArchiveWriter<W>::complete_entry_admission
calls=2 0 
0 44
0 32
cfn=(934) crc32fast::hash
calls=2 0 
0 196354
0 22
cfn=(1134) soapberry_zip::writer::ZipArchiveWriter<W>::write_precompressed_file_classified
calls=2 0 
0 36576
0 24
cfn=(906)
calls=2 0 
0 401
0 24
cfn=(968)
calls=2 0 
0 585
0 48
cfn=(914)
calls=1 0 
0 784
0 16
cfn=(842)
calls=1 0 
0 35
0 17
cfn=(922)
calls=1 0 
0 986
0 21
cfn=(1064)
calls=1 0 
0 444340
0 4
cob=(2)
cfi=(202)
cfn=(706)
calls=1 255 
0 30
0 1
cfn=(818)
calls=1 0 
0 1
0 3
cfn=(820)
calls=1 0 
0 155
0 9
cob=(2)
cfi=(202)
cfn=(706)
calls=1 255 
0 30
0 7
cfn=(956)
calls=1 0 
0 52073
0 8
cob=(2)
cfi=(202)
cfn=(706)
calls=1 255 
0 30
0 2
cfn=(1096)
calls=1 0 
0 198657
0 30
cfn=(1132)
calls=1 0 
0 22
0 16
cfn=(934)
calls=1 0 
0 396
0 11
cfn=(1134)
calls=1 0 
0 2162
0 12
cfn=(906)
calls=1 0 
0 174
0 12
cfn=(968)
calls=1 0 
0 303
0 16

fn=(1108) zlib_rs::deflate::scan_tree
0 18742

fn=(1132)
0 66

fn=(1148) litchi_odf_common::core::writer::PackageWriter::finish
0 15
cfn=(1150)
calls=1 0 
0 4
0 6
cfn=(902) litchi_odf_common::core::writer::PackageWriter<W>::manifest_fixed_metadata_bytes
calls=1 0 
0 1113
0 21
cfn=(1150)
calls=1 0 
0 4
0 8
cfn=(902)
calls=1 0 
0 1113
0 13
cfn=(896)
calls=1 0 
0 482
0 14
cob=(2)
cfi=(202)
cfn=(706)
calls=1 255 
0 30
0 6
cfn=(900)
calls=1 0 
0 124
0 13
cob=(2)
cfi=(202)
cfn=(706)
calls=1 255 
0 18
0 9
cfn=(842)
calls=1 0 
0 35
0 25
cfn=(1152) litchi_odf_common::core::writer::PackageWriter<W>::write_manifest_entry
calls=1 0 
0 1051
0 10
cfn=(1152)
calls=2 0 
0 1216
0 25
cfn=(1150)
calls=1 0 
0 4
0 11
cfn=(1154)
calls=1 0 
0 14535
0 16
cfn=(1062)
calls=1 0 
0 700379
0 19
cob=(2)
cfi=(202)
cfn=(706)
calls=1 255 
0 65
0 3
cfn=(1160)
calls=1 0 
0 3164
0 50
cfn=(842)
calls=1 0 
0 35
0 10
cfn=(842)
calls=1 0 
0 35
0 23
cfn=(1176) core::ptr::drop_in_place<litchi_odf_common::core::writer::ManifestEntry>
calls=3 0 
0 279
0 14
cfn=(842)
calls=1 0 
0 35
0 68
cfn=(842)
calls=3 0 
0 105
0 16
cfn=(842)
calls=1 0 
0 35
0 68
cfn=(842)
calls=3 0 
0 105
0 16
cfn=(842)
calls=1 0 
0 35
0 6
cfn=(842)
calls=1 0 
0 155
0 2
cfn=(1178)
calls=1 0 
0 20
0 4
cfn=(1180) core::ptr::drop_in_place<core::option::Option<litchi_odf_common::signature::crypto::DocumentSigner>>
calls=1 0 
0 15
0 58
cfn=(1180)
calls=1 0 
0 15
0 15
cfn=(904)
calls=1 0 
0 561
0 2

fn=(1176)
0 24
cfn=(842)
calls=3 0 
0 105
0 18
cfn=(842)
calls=3 0 
0 105
0 27

fn=(1182) odg_open_probe::sha256
0 46
cfn=(1184) sha2::sha256::compress256
calls=2 0 
0 171981315
0 18
cob=(2)
cfi=(202)
cfn=(706)
calls=2 255 
0 25
0 64
cob=(2)
cfi=(218)
cfn=(786)
calls=2 198 
0 27
0 16
cfn=(1184)
calls=1 0 
0 3378
0 24
cfn=(1184)
calls=1 0 
0 3378
0 19
cfn=(1184)
calls=1 0 
0 3378
0 78
cfn=(1190)
calls=2 0 
0 34877
0 14

fn=(1184)
0 30
cfn=(1188)
calls=4 0 
0 171121684
0 7
cfn=(1186) sha2::sha256::shani_cpuid::init_get::init_inner
calls=1 0 
0 27
0 9
cfn=(1188)
calls=1 0 
0 869692

fn=(1186)
0 27

fn=(1198) odg_open_probe::measure_once
0 16
cfn=(818)
calls=2 0 
0 2
0 6
cfn=(820)
calls=2 0 
0 4894
0 16
cob=(2)
cfi=(202)
cfn=(706)
calls=2 255 
0 33502
0 12
cfn=(1200) litchi_odg::facade::Drawing::from_bytes
calls=2 0 
0 1605899609
0 51270
cfn=(1174)
calls=2 0 
0 9237276
0 10

fn=(1210)
0 38
cfn=(906)
calls=2 0 
0 558
0 14
cob=(2)
cfi=(218)
cfn=(786)
calls=2 198 
0 131110
0 16
cfn=(1212) soapberry_zip::locator::ZipLocator::locate_in_reader
calls=2 0 
0 896
0 42
cfn=(1226)
calls=2 0 
0 44
0 110
cfn=(1228)
calls=2 0 
0 732
0 22
cfn=(1230)
calls=2 0 
0 131188
0 202
cfn=(1232)
calls=2 0 
0 58
0 32
cfn=(1234)
calls=2 0 
0 194
0 684
cfn=(1236)
calls=8 0 
0 1288
0 512
cfn=(1240)
calls=8 0 
0 104
0 80
cfn=(1242) soapberry_zip::office::normalized_member_name
calls=8 0 
0 6064
0 104
cfn=(918)
calls=8 0 
0 256
0 192
cfn=(1248) hashbrown::map::HashMap<K,V,S,A>::contains_key
calls=8 0 
0 32
0 232
cfn=(1248)
calls=8 0 
0 1514
0 80
cfn=(1240)
calls=8 0 
0 104
0 64
cfn=(1240)
calls=8 0 
0 104
0 64
cfn=(1250) soapberry_zip::office::clone_name_fallibly
calls=8 0 
0 1072
0 120
cfn=(1252) soapberry_zip::office::clone_str_fallibly
calls=8 0 
0 1352
0 376
cfn=(970)
calls=8 0 
0 2316
0 136
cfn=(1254) soapberry_zip::archive::ZipFileHeaderRecord::compression_method
calls=8 0 
0 88
0 428
cfn=(906)
calls=2 0 
0 162
0 36
cfn=(1256) core::slice::<impl [T]>::sort_unstable_by_key
calls=2 0 
0 88
0 6
cfn=(1256)
calls=2 0 
0 90
0 16
cfn=(1260) soapberry_zip::office::collect_order_fallibly
calls=2 0 
0 426
0 156
cfn=(842)
calls=2 0 
0 293
0 14
cfn=(924)
calls=2 0 
0 677
0 20
cfn=(924)
calls=2 0 
0 534
0 36
cfn=(906)
calls=2 0 
0 304
0 32
cfn=(906)
calls=2 0 
0 162
0 12
cfn=(842)
calls=2 0 
0 293
0 44

fn=(1242)
0 112
cfn=(840)
calls=8 0 
0 740
0 64
cfn=(1244)
calls=8 0 
0 4980
0 168

fn=(1250)
0 256
cfn=(906)
calls=8 0 
0 640
0 56
cob=(2)
cfi=(202)
cfn=(706)
calls=8 255 
0 96
0 24

fn=(1270)
0 504
cfn=(1272) soapberry_zip::office::IndexedArchive<R>::metadata
calls=24 0 
0 24300
0 528
cfn=(1276)
calls=24 0 
0 1039193
0 432

fn=(1272)
0 312
cfn=(1274)
calls=24 0 
0 15924
0 384
cfn=(972)
calls=24 0 
0 4716
0 888
cob=(2)
cfi=(229)
cfn=(890)
calls=24 73 
0 468
0 744
cfn=(842)
calls=24 0 
0 840
0 24

fn=(1288)
0 496
cfn=(936)
calls=62 0 
0 3224
0 558

fn=(1298)
0 120

fn=(1302)
0 7448
cfn=(1274)
calls=532 0 
0 451765
0 6916
cfn=(972)
calls=532 0 
0 121102
0 11036
cob=(2)
cfi=(229)
cfn=(890)
calls=12 73 
0 240
0 6525
cfn=(842)
calls=532 0 
0 18620
0 4788

fn=(1310)
0 84
cfn=(1312)
calls=14 0 
0 217542
0 84
cob=(2)
cfi=(202)
cfn=(706)
calls=14 255 
0 420
0 56

fn=(1322)
0 684
cfn=(1324) zlib_rs::inflate::inflate
calls=38 0 
0 3057358
0 760

fn=(1364)
0 157771834
cob=(2)
cfi=(229)
cfn=(890)
calls=3050394 73 
0 66091292
0 41828700

fn=(1412)
0 68
cfn=(1266)
calls=4 0 
0 523502
0 16

fn=(1436)
0 9858992
cob=(2)
cfi=(229)
cfn=(890)
calls=27584 73 
0 564778
0 692928

fn=(1440)
0 1728
cfn=(1430)
calls=96 0 
0 61955
0 2304
cfn=(1430)
calls=96 0 
0 62759
0 1920
cfn=(1430)
calls=32 0 
0 30789
0 480
cfn=(1430)
calls=32 0 
0 30789
0 480
cfn=(1430)
calls=32 0 
0 30789
0 480
cfn=(1430)
calls=32 0 
0 30789
0 544
cfn=(1430)
calls=32 0 
0 30789
0 480
cfn=(1430)
calls=32 0 
0 30789
0 480
cfn=(1430)
calls=32 0 
0 30789
0 544
cfn=(1430)
calls=32 0 
0 30789
0 832
cfn=(1430)
calls=32 0 
0 3744
0 480
cfn=(1430)
calls=32 0 
0 3744
0 512
cfn=(1430)
calls=32 0 
0 27280
0 544
cfn=(1442) litchi_odg::package::snapshot::optional_bool_attribute
calls=32 0 
0 28368
0 352
cfn=(1442)
calls=32 0 
0 28368
0 32
cfn=(1442)
calls=32 0 
0 31877
0 384

fn=(1462) quick_xml::encoding::Decoder::decode_cow
0 53760
cfn=(840)
calls=3584 0 
0 310496
0 57344
cfn=(818)
calls=3584 0 
0 3584
0 14336
cfn=(820)
calls=3584 0 
0 225248
0 25088
cob=(2)
cfi=(202)
cfn=(706)
calls=3584 255 
0 46592
0 17920

fn=(1508)
0 107520
cfn=(818)
calls=2560 0 
0 2560
0 7680
cfn=(820)
calls=2560 0 
0 495420
0 20480
cob=(2)
cfi=(202)
cfn=(706)
calls=2560 255 
0 90568
0 17920

fn=(1510)
0 92160
cob=(2)
cfi=(202)
cfn=(706)
calls=512 255 
0 15360
0 512

fn=(1524)
0 22528
cfn=(994)
calls=1024 0 
0 138240
0 18432
cfn=(994)
calls=1024 0 
0 92160
0 63488
cfn=(994)
calls=1024 0 
0 112640
0 4096
cfn=(994)
calls=1024 0 
0 87040
0 31744
cfn=(994)
calls=1024 0 
0 97280
0 9216
cfn=(994)
calls=1024 0 
0 102400
0 142336

fn=(1546)
0 370

fn=(1554) alloc::collections::btree::node::Handle<alloc::collections::btree::node::NodeRef<alloc::collections::btree::node::marker::Mut,K,V,alloc::collections::btree::node::marker::Leaf>,alloc::collections::btree::node::marker::Edge>::insert_recursing
0 7808
cob=(2)
cfi=(202)
cfn=(706)
calls=192 255 
0 2816
0 4224
cob=(2)
cfi=(202)
cfn=(706)
calls=192 255 
0 4704
0 7124
cob=(2)
cfi=(202)
cfn=(706)
calls=12 255 
0 176
0 168
cob=(2)
cfi=(202)
cfn=(706)
calls=12 255 
0 176
0 596

fn=(1576) litchi_odg::package::snapshot::transition_values_from_style
0 1120
cfn=(1578) litchi_odg::package::snapshot::find_transition_style_owner
calls=32 0 
0 557394708
0 416
cob=(2)
cfi=(202)
cfn=(706)
calls=32 255 
0 960
0 416
cob=(2)
cfi=(202)
cfn=(706)
calls=32 255 
0 960
0 2048
cob=(2)
cfi=(229)
cfn=(890)
calls=128 73 
0 2833
0 1856
cfn=(978)
calls=32 0 
0 2784
0 1792
cob=(2)
cfi=(229)
cfn=(890)
calls=96 73 
0 2169
0 1440
cfn=(978)
calls=32 0 
0 3867
0 1408
cob=(2)
cfi=(229)
cfn=(890)
calls=64 73 
0 1319
0 1024
cfn=(978)
calls=32 0 
0 8244
0 3712
cob=(2)
cfi=(229)
cfn=(890)
calls=256 73 
0 5527
0 3520
cfn=(978)
calls=32 0 
0 7474
0 3328
cob=(2)
cfi=(229)
cfn=(890)
calls=224 73 
0 4823
0 3104
cfn=(978)
calls=32 0 
0 7703
0 2560
cob=(2)
cfi=(229)
cfn=(890)
calls=160 73 
0 3419
0 2272
cfn=(978)
calls=32 0 
0 7838
0 2944
cob=(2)
cfi=(229)
cfn=(890)
calls=192 73 
0 4101
0 2688
cfn=(978)
calls=32 0 
0 8062
0 1024
cob=(2)
cfi=(229)
cfn=(890)
calls=32 73 
0 710
0 608
cfn=(978)
calls=32 0 
0 7963
0 960
cfn=(1594)
calls=32 0 
0 36886
0 544
cob=(2)
cfi=(202)
cfn=(706)
calls=32 255 
0 960
0 288
cfn=(1610)
calls=32 0 
0 40440
0 32

fn=(1578)
0 864
cfn=(1346)
calls=32 0 
0 42160
0 1469280
cfn=(1420)
calls=367040 0 
0 372467951
0 96
cfn=(1420)
calls=32 0 
0 9920
0 7708512
cfn=(1352)
calls=367072 0 
0 112889745
0 10278016
cfn=(1422)
calls=367072 0 
0 16083424
0 5635680
cfn=(1022)
calls=133312 0 
0 7446112
0 1888544
cfn=(1022)
calls=43040 0 
0 1967296
0 1873888
cfn=(1022)
calls=133312 0 
0 7446112
0 1949088
cfn=(1582) litchi_odg::package::snapshot::parse_transition_sound_element
calls=32 0 
0 1087649
0 668096
cfn=(1430)
calls=32 0 
0 60834
0 736
cfn=(1430)
calls=32 0 
0 64840
0 576
cob=(2)
cfi=(229)
cfn=(890)
calls=32 73 
0 617
0 1598240
cfn=(1580)
calls=32 0 
0 1170944
0 1734752
cfn=(842)
calls=32 0 
0 1120
0 192
cfn=(842)
calls=32 0 
0 1120
0 1835936
cob=(2)
cfi=(202)
cfn=(706)
calls=32 255 
0 960
0 64
cfn=(1492)
calls=32 0 
0 11312
0 32

fn=(1612) alloc::collections::btree::map::BTreeMap<K,V,A>::remove
0 1056
cob=(2)
cfi=(229)
cfn=(890)
calls=32 73 
0 671
0 832
cfn=(1614)
calls=32 0 
0 3776
0 256
cfn=(842)
calls=32 0 
0 1120
0 320

fn=(1622)
0 24
cfn=(1412)
calls=2 0 
0 261635
0 26
cob=(2)
cfi=(202)
cfn=(706)
calls=2 255 
0 130
0 32
cfn=(1624)
calls=2 0 
0 57920447
0 80
cob=(2)
cfi=(202)
cfn=(706)
calls=2 255 
0 154
0 4080
cob=(2)
cfi=(202)
cfn=(706)
calls=510 255 
0 39206
0 2560
cob=(2)
cfi=(202)
cfn=(706)
calls=512 255 
0 39424
0 14364
cfn=(980)
calls=14 0 
0 5892
0 13326
cfn=(1652)
calls=512 0 
0 378657
0 8192
cfn=(842)
calls=512 0 
0 89826
0 7684
cfn=(1654)
calls=2 0 
0 348
0 14
cfn=(1388)
calls=2 0 
0 2226
0 16

fn=(1648) core::ptr::drop_in_place<alloc::vec::Vec<litchi_odf_common::media::reader::FrameState>>
0 10
cfn=(1650)
calls=2 0 
0 20
0 20
cfn=(842)
calls=2 0 
0 262

fn=(1654)
0 144
cfn=(842)
calls=2 0 
0 70
0 56
cfn=(842)
calls=2 0 
0 262
0 44
cfn=(842)
calls=2 0 
0 304

fn=(1674)
0 116
cfn=(1654)
calls=2 0 
0 46
0 18

fn=(1680)
0 2864
cfn=(842)
calls=224 0 
0 34823
0 432
cfn=(842)
calls=16 0 
0 560

fn=(1690) core::ptr::drop_in_place<litchi_odg::model::page::Page>
0 544
cfn=(842)
calls=32 0 
0 6460
0 352
cfn=(842)
calls=32 0 
0 5842
0 160
cfn=(1676)
calls=32 0 
0 64774
0 480
cfn=(1692)
calls=32 0 
0 9252
0 8384
cfn=(1692)
calls=4192 0 
0 8894947
0 13120
cfn=(842)
calls=32 0 
0 5920

fn=(1796) <std::io::stdio::StdoutLock as std::io::Write>::write_all
0 256
cfn=(986)
calls=16 0 
0 1188
0 65
cob=(2)
cfi=(202)
cfn=(706)
calls=1 255 
0 18
0 4
cfn=(1818)
calls=1 0 
0 80
0 224
cob=(2)
cfi=(202)
cfn=(706)
calls=15 255 
0 235
0 58
cob=(2)
cfi=(202)
cfn=(706)
calls=1 255 
0 13
0 162

fn=(576) std::sys::args::unix::imp::ARGV_INIT_ARRAY::init_wrapper
0 4

fn=(596) main
0 9
cfn=(598)
calls=1 0 
0 1826158112
0 2

fn=(818)
0 354560

fn=(828) std::sys::backtrace::__rust_begin_short_backtrace
0 2
cfn=(830) odg_open_probe::main
calls=1 0 
0 1826057804
0 2

fn=(856) <u64 as core::fmt::Display>::fmt
0 258924
cfn=(858)
calls=4027 0 
0 485243
0 42246
cfn=(858)
calls=4694 0 
0 572668
0 34884

fn=(858)
0 351384
cfn=(860)
calls=8783 0 
0 175660
0 140528
cfn=(1794) <std::io::default_write_fmt::Adapter<std::io::stdio::StdoutLock> as core::fmt::Write>::write_str
calls=1 0 
0 159
cfn=(854)
calls=8782 0 
0 404318
0 34
cfn=(860)
calls=2 0 
0 40
0 30
cfn=(1752)
calls=2 0 
0 272
0 12
cfn=(854)
calls=2 0 
0 88
0 30

fn=(872) std::sys::random::linux::hashmap_random_keys
0 9
cfn=(874)
calls=1 0 
0 111
0 5

fn=(894)
0 60
cfn=(882)
calls=1 0 
0 1846
0 8
cfn=(998)
calls=2 0 
0 345
0 26
cfn=(988) litchi_odf_common::core::writer::PackageWriter<W>::validate_member_path
calls=2 0 
0 3798
0 24
cfn=(882)
calls=2 0 
0 1919
0 25
cfn=(972)
calls=2 0 
0 401
0 61
cfn=(972)
calls=2 0 
0 401
0 124
cfn=(896)
calls=3 0 
0 811
0 69
cfn=(900)
calls=3 0 
0 494
0 42
cob=(2)
cfi=(202)
cfn=(706)
calls=3 255 
0 40
0 27
cfn=(842)
calls=3 0 
0 105
0 22
cfn=(900)
calls=1 0 
0 124
0 14
cob=(2)
cfi=(202)
cfn=(706)
calls=1 255 
0 18
0 9
cfn=(842)
calls=1 0 
0 35
0 48
cfn=(900)
calls=3 0 
0 891
0 45
cob=(2)
cfi=(202)
cfn=(706)
calls=3 255 
0 36
0 27
cfn=(842)
calls=3 0 
0 105
0 96
cfn=(842)
calls=3 0 
0 385
0 12
cfn=(902)
calls=3 0 
0 2443
0 42

fn=(944)
0 896
cfn=(946)
calls=4 0 
0 16
0 236

fn=(950)
0 112

fn=(992)
0 10260
cfn=(818)
calls=540 0 
0 540
0 2160
cfn=(820)
calls=540 0 
0 94351
0 163086
cfn=(840)
calls=540 0 
0 42272
0 7236
cfn=(886)
calls=526 0 
0 37800
0 23550
cfn=(994)
calls=1066 0 
0 157152
0 152588
cfn=(980)
calls=540 0 
0 56837
0 2700
cfn=(842)
calls=540 0 
0 18900
0 3240
cfn=(842)
calls=540 0 
0 18900
0 22596
cfn=(916)
calls=540 0 
0 117502
0 6480
cfn=(996) <alloc::vec::Vec<T,A> as alloc::vec::spec_extend::SpecExtend<&T,core::slice::iter::Iter<T>>>::spec_extend
calls=540 0 
0 22652
0 11656
cob=(2)
cfi=(202)
cfn=(706)
calls=526 255 
0 5894
0 9636

fn=(996)
0 10260
cob=(2)
cfi=(202)
cfn=(706)
calls=540 255 
0 8072
0 4320

fn=(1026)
0 2640

fn=(1046) xml_minifier::audit::inspect_attributes
0 253865
cfn=(1048)
calls=16580 0 
0 5378313
0 16545
cfn=(1048)
calls=5515 0 
0 1593810
0 838641
cfn=(842)
calls=3448 0 
0 395648
0 93755

fn=(1060) core::ptr::drop_in_place<quick_xml::reader::Reader<&[u8]>>
0 16
cfn=(842)
calls=2 0 
0 70
0 16
cfn=(842)
calls=2 0 
0 70

fn=(1086) zlib_rs::deflate::deflate
0 654
cfn=(1088) zlib_rs::deflate::algorithm::run
calls=6 0 
0 14122011
0 141
cfn=(1118)
calls=6 0 
0 540
0 36
cfn=(1120)
calls=6 0 
0 78
0 42

fn=(1088)
0 192
cfn=(1090) zlib_rs::deflate::algorithm::medium::deflate_medium
calls=6 0 
0 14121819

fn=(1098)
0 50
cfn=(1122)
calls=2 0 
0 16546
0 52
cfn=(1082)
calls=4 0 
0 835003
0 63
cfn=(1122)
calls=1 0 
0 59
0 26
cfn=(1082)
calls=2 0 
0 198159
0 19

fn=(1100) zlib_rs::deflate::flush_block_only
0 237
cob=(2)
cfi=(202)
cfn=(706)
calls=3 255 
0 735
0 2094
cob=(2)
cfi=(218)
cfn=(786)
calls=3 198 
0 8652
0 6256
cfn=(1102)
calls=3 0 
0 142
0 350
cfn=(1102)
calls=70 0 
0 5137
0 161
cfn=(1104)
calls=3 0 
0 48273
0 9678
cfn=(1106) zlib_rs::deflate::gen_codes
calls=3 0 
0 14116
0 2082
cob=(2)
cfi=(202)
cfn=(706)
calls=3 255 
0 159
0 216
cob=(2)
cfi=(218)
cfn=(786)
calls=3 198 
0 8652
0 906
cfn=(1102)
calls=1 0 
0 37
0 14
cfn=(1102)
calls=2 0 
0 105
0 80
cfn=(1102)
calls=16 0 
0 924
0 53
cfn=(1104)
calls=3 0 
0 8706
0 2668
cfn=(1106)
calls=3 0 
0 1876
0 189
cfn=(1108)
calls=3 0 
0 17038
0 15
cfn=(1108)
calls=3 0 
0 1704
0 12
cob=(2)
cfi=(202)
cfn=(706)
calls=3 255 
0 90
0 144
cob=(2)
cfi=(218)
cfn=(786)
calls=3 198 
0 8652
0 652
cfn=(1102)
calls=3 0 
0 152
0 65
cfn=(1102)
calls=13 0 
0 908
0 47
cfn=(1104)
calls=3 0 
0 6269
0 1895
cfn=(1106)
calls=3 0 
0 1792
0 692
cfn=(1110)
calls=3 0 
0 87
0 18
cfn=(1078)
calls=3 0 
0 149850
0 15
cfn=(1114)
calls=3 0 
0 187
0 15
cfn=(1116)
calls=3 0 
0 186
0 54
cob=(2)
cfi=(202)
cfn=(706)
calls=3 255 
0 16068
0 547
cfn=(1110)
calls=2 0 
0 58
0 22
cfn=(1112)
calls=2 0 
0 19131
0 14
cfn=(1112)
calls=2 0 
0 2885
0 389315
cfn=(1110)
calls=210 0 
0 6090
0 3602
cfn=(1110)
calls=1801 0 
0 52229
0 2085

fn=(1146) litchi_odf_common::core::writer::PackageWriter::finish_to_bytes
0 1
cfn=(1148)
calls=1 0 
0 725333

fn=(1224) soapberry_zip::locator::ZipLocator::finish_locate_in_reader
0 82
cob=(2)
cfi=(202)
cfn=(706)
calls=2 255 
0 24
0 6
cfn=(1214)
calls=2 0 
0 22
0 64

fn=(1254)
0 88

fn=(1262) litchi_odf_common::core::family::Package::from_owned_package
0 38
cfn=(1264)
calls=2 0 
0 264037
0 40
cob=(2)
cfi=(229)
cfn=(890)
calls=2 73 
0 34
0 34
cfn=(1392)
calls=2 0 
0 4332231
0 30
cfn=(840)
calls=2 0 
0 378620
0 22
cfn=(1402)
calls=2 0 
0 2040
0 12
cfn=(1406)
calls=2 0 
0 1244776
0 22
cfn=(1408)
calls=2 0 
0 263987
0 24
cfn=(1408)
calls=2 0 
0 264088
0 100
cob=(2)
cfi=(202)
cfn=(706)
calls=2 255 
0 154
0 14
cfn=(842)
calls=2 0 
0 316
0 12
cfn=(842)
calls=2 0 
0 70
0 2

fn=(1296)
0 120

fn=(1324)
0 9058
cfn=(1326) zlib_rs::inflate::inftrees::inflate_table
calls=14 0 
0 28032
0 1390
cfn=(1328)
calls=24 0 
0 2341932
0 970
cfn=(1400)
calls=10 0 
0 876
0 88332
cfn=(1400)
calls=6 0 
0 540
0 1176
cfn=(1330)
calls=182 0 
0 9472
0 43404
cob=(2)
cfi=(218)
cfn=(786)
calls=110 198 
0 1674
0 31416
cfn=(1326)
calls=14 0 
0 161502
0 378
cfn=(1326)
calls=14 0 
0 33520
0 2290
cfn=(1332)
calls=38 0 
0 300180
0 1216

fn=(1358)
0 660076
cfn=(1036)
calls=19414 0 
0 1187216
0 487812
cfn=(1036)
calls=33250 0 
0 1994988
0 299250
cfn=(1036)
calls=33250 0 
0 1996488
0 1729654
cob=(2)
cfi=(202)
cfn=(706)
calls=19414 255 
0 331400
0 446678
cfn=(904)
calls=26 0 
0 12891
0 52

fn=(1386)
0 312
cfn=(1382)
calls=12 0 
0 216

fn=(1416)
0 516
cfn=(1302)
calls=516 0 
0 611196

fn=(1460)
0 10752
cfn=(1462)
calls=3584 0 
0 754368

fn=(1466)
0 179200
cob=(2)
cfi=(202)
cfn=(706)
calls=3584 255 
0 46592
0 78848
cfn=(980)
calls=3584 0 
0 405327
0 107520
cfn=(904)
calls=3584 0 
0 495137
0 17920

fn=(1520) litchi_odg::model::auxiliary::ImageMapArea::parsed
0 239200
cfn=(886)
calls=512 0 
0 46080
0 81920
cob=(2)
cfi=(202)
cfn=(706)
calls=1024 255 
0 30720
0 26624
cob=(2)
cfi=(202)
cfn=(706)
calls=1024 255 
0 54272
0 9216
cfn=(886)
calls=512 0 
0 19968
0 2048

fn=(1528)
0 10752
cfn=(1530)
calls=512 0 
0 19968
0 4608

fn=(1562)
0 825
cfn=(1794)
calls=1 0 
0 218
cfn=(854)
calls=32 0 
0 9329

fn=(1664)
0 32
cfn=(1666)
calls=2 0 
0 62018052
0 38

fn=(1670)
0 76928

fn=(1686)
0 378
cfn=(842)
calls=32 0 
0 5148
0 58
cfn=(842)
calls=2 0 
0 70

fn=(1702)
0 4096
cfn=(842)
calls=512 0 
0 90107
0 3072
cfn=(842)
calls=512 0 
0 91110
0 3072
cfn=(842)
calls=512 0 
0 97012
0 5120
cfn=(842)
calls=512 0 
0 102058
0 3584
cfn=(842)
calls=512 0 
0 91260

fn=(1704) <std::time::Instant>::now
0 2
cfn=(1706) <std::sys::pal::unix::time::Timespec>::now
calls=1 0 
0 27

fn=(1710) <std::time::Instant>::elapsed
0 7
cfn=(1706)
calls=1 0 
0 27
0 10
cfn=(1712) <std::sys::pal::unix::time::Timespec>::sub_timespec
calls=1 0 
0 37
0 9

fn=(1720)
0 11
cfn=(818)
calls=1 0 
0 1
0 4
cfn=(820)
calls=1 0 
0 40
0 10
cob=(2)
cfi=(232) ./io/../sysdeps/unix/sysv/linux/readlink.c
cfn=(1722) readlink
calls=1 28 
0 6
0 16
cfn=(908)
calls=1 0 
0 292
0 20

fn=(1742) std::env::_var
0 15
cob=(2)
cfi=(202)
cfn=(706)
calls=1 255 
0 13
0 6
cfn=(1718)
calls=1 0 
0 89
0 5
cfn=(1744)
calls=1 0 
0 882
0 19

fn=(1756)
0 1121
cob=(2)
cfi=(202)
cfn=(706)
calls=30 255 
0 540
0 472
cfn=(1758)
calls=23 0 
0 3733

fn=(1768)
0 70
cob=(2)
cfi=(202)
cfn=(706)
calls=1 255 
0 18
0 41

fn=(1794)
0 144
cfn=(1796)
calls=16 0 
0 2303
0 176

fn=(1802) core::num::flt2dec::strategy::grisu::format_exact_opt
0 735
cfn=(1804)
calls=3 0 
0 120
0 30

fn=(1810)
0 177

fn=(1812) core::num::flt2dec::digits_to_dec_str
0 93

fn=(1822) <std::sync::once::Once>::call_once::<std::rt::cleanup::{closure#0}>::{closure#0}
0 40
cfn=(1818)
calls=1 0 
0 21
0 9
cfn=(842)
calls=1 0 
0 35
0 14
cfn=(1824) std::sys::pal::unix::stack_overflow::imp::drop_handler
calls=1 0 
0 575
0 4

fn=(1492)
0 304
cfn=(842)
calls=38 0 
0 2625
0 266
cfn=(842)
calls=38 0 
0 1330
0 228
cfn=(842)
calls=38 0 
0 4277
0 304
cfn=(842)
calls=38 0 
0 4326
0 16
cfn=(842)
calls=2 0 
0 310
0 14
cfn=(842)
calls=2 0 
0 70
0 12
cfn=(842)
calls=2 0 
0 327
0 16
cfn=(842)
calls=2 0 
0 355

fn=(564) (below main)
0 12
cob=(2)
cfi=(165) ./csu/../csu/libc-start.c
cfn=(566) __libc_start_main@@GLIBC_2.34
calls=1 242 
0 1826160098

fn=(826)
0 3
cfn=(828)
calls=1 0 
0 1826057808
0 3

fn=(830)
0 11
cfn=(832)
calls=1 0 
0 2271
0 14
cfn=(836)
calls=1 0 
0 212
0 13
cfn=(838)
calls=5 0 
0 492
0 66
cfn=(838)
calls=1 0 
0 134
0 43
cfn=(838)
calls=1 0 
0 80
0 14
cfn=(838)
calls=1 0 
0 145
0 17
cfn=(838)
calls=1 0 
0 80
0 83
cfn=(842)
calls=1 0 
0 35
0 26
cfn=(842)
calls=4 0 
0 140
0 20
cfn=(842)
calls=1 0 
0 35
0 35
cfn=(842)
calls=1 0 
0 35
0 43
cfn=(818)
calls=1 0 
0 1
0 4
cfn=(820)
calls=1 0 
0 319
0 16
cob=(2)
cfi=(202)
cfn=(706)
calls=1 255 
0 161
0 15
cfn=(850)
calls=1 0 
0 605
0 135
cfn=(850)
calls=15 0 
0 7110
0 240
cob=(2)
cfi=(202)
cfn=(706)
calls=16 255 
0 192
0 144
cfn=(842)
calls=16 0 
0 560
0 160
cob=(2)
cfi=(202)
cfn=(706)
calls=16 255 
0 1036
0 1136
cfn=(842)
calls=256 0 
0 37120
0 3584
cfn=(842)
calls=1792 0 
0 62720
0 32256
cfn=(850)
calls=1792 0 
0 2445376
0 26880
cob=(2)
cfi=(202)
cfn=(706)
calls=1792 255 
0 53120
0 16896
cfn=(850)
calls=256 0 
0 557528
0 3840
cob=(2)
cfi=(202)
cfn=(706)
calls=256 255 
0 25822
0 1522
cfn=(866)
calls=1 0 
0 481
0 6
cfn=(880)
calls=1 0 
0 12965
0 12
cfn=(982) litchi_odf_common::core::writer::PackageWriter<W>::add_file
calls=1 0 
0 34092036
0 11
cfn=(982)
calls=1 0 
0 657995
0 7
cob=(2)
cfi=(202)
cfn=(706)
calls=1 255 
0 113
0 3
cfn=(1146)
calls=1 0 
0 725334
0 14
cfn=(842)
calls=1 0 
0 87
0 6
cfn=(1182)
calls=1 0 
0 890749
0 3
cfn=(1198)
calls=1 0 
0 806151644
0 21
cfn=(818)
calls=1 0 
0 1
0 4
cfn=(820)
calls=1 0 
0 36
0 23
cfn=(1704)
calls=1 0 
0 29
0 5
cfn=(1198)
calls=1 0 
0 809074969
0 5
cfn=(1710)
calls=1 0 
0 90
0 18
cfn=(818)
calls=1 0 
0 1
0 4
cfn=(820)
calls=1 0 
0 36
0 12
cob=(2)
cfi=(202)
cfn=(706)
calls=1 255 
0 13
0 35
cfn=(1714)
calls=1 0 
0 24
0 23
cfn=(1714)
calls=1 0 
0 24
0 19
cfn=(1714)
calls=1 0 
0 24
0 27
cfn=(842)
calls=1 0 
0 35
0 2
cfn=(1716)
calls=1 0 
0 525
0 11
cfn=(1724)
calls=1 0 
0 6570
0 13
cfn=(1742)
calls=1 0 
0 1029
0 24
cfn=(1182)
calls=1 0 
0 171135908
0 97
cfn=(1754)
calls=1 0 
0 264
0 5
cfn=(818)
calls=1 0 
0 1
0 3
cfn=(820)
calls=1 0 
0 301
0 20
cfn=(1756)
calls=1 0 
0 210
0 17
cfn=(1758)
calls=1 0 
0 285
0 7
cfn=(1756)
calls=1 0 
0 200
0 17
cfn=(1758)
calls=1 0 
0 421
0 8
cfn=(1760)
calls=1 0 
0 264
0 6
cfn=(1756)
calls=1 0 
0 209
0 17
cfn=(1758)
calls=1 0 
0 197
0 8
cfn=(1760)
calls=1 0 
0 309
0 7
cfn=(1760)
calls=1 0 
0 285
0 7
cfn=(1760)
calls=1 0 
0 378
0 7
cfn=(1760)
calls=1 0 
0 349
0 6
cfn=(1756)
calls=1 0 
0 261
0 19
cfn=(1758)
calls=1 0 
0 646
0 7
cfn=(1756)
calls=1 0 
0 270
0 19
cfn=(1758)
calls=1 0 
0 646
0 8
cfn=(1760)
calls=1 0 
0 367
0 7
cfn=(1760)
calls=1 0 
0 295
0 7
cfn=(1760)
calls=1 0 
0 297
0 7
cfn=(1760)
calls=1 0 
0 559
0 6
cfn=(1756)
calls=1 0 
0 243
0 16
cfn=(1764)
calls=1 0 
0 3240
0 9
cfn=(1760)
calls=1 0 
0 401
0 5
cfn=(1768)
calls=1 0 
0 47
0 4
cfn=(1770)
calls=1 0 
0 121
0 46
cfn=(1780)
calls=1 0 
0 11544
0 2
cfn=(1820)
calls=1 0 
0 242
0 6
cfn=(842)
calls=1 0 
0 183
0 13
cfn=(842)
calls=1 0 
0 35
0 6
cfn=(842)
calls=1 0 
0 35
0 7
cfn=(842)
calls=1 0 
0 35
0 6
cfn=(842)
calls=1 0 
0 87
0 6
cfn=(842)
calls=1 0 
0 181
0 6
cfn=(842)
calls=1 0 
0 193
0 6
cfn=(842)
calls=1 0 
0 177
0 8

fn=(836)
0 42
cfn=(884)
calls=6 0 
0 120
0 71
cfn=(838)
calls=1 0 
0 142
0 8
cfn=(842)
calls=1 0 
0 35
0 10

fn=(868)
0 13
cfn=(870) soapberry_zip::office::StreamingArchiveWriter<std::io::cursor::Cursor<alloc::vec::Vec<u8>>>::with_limits
calls=1 0 
0 279
0 4

fn=(870)
0 10
cfn=(818)
calls=1 0 
0 1
0 3
cfn=(820)
calls=1 0 
0 40
0 34
cob=(2)
cfi=(202)
cfn=(706)
calls=1 255 
0 30
0 30
cfn=(872)
calls=1 0 
0 125
0 6

fn=(884)
0 1102
cfn=(886)
calls=10 0 
0 1030
0 128
cob=(2)
cfi=(229)
cfn=(890)
calls=6 73 
0 60
0 444

fn=(988)
0 92
cfn=(990)
calls=4 0 
0 7476
0 56

fn=(1012)
0 22
cfn=(1014)
calls=1 0 
0 51

fn=(1018)
0 7278144

fn=(1050)
0 62392280
cob=(2)
cfi=(229)
cfn=(890)
calls=376235 73 
0 8279587
0 5567010
cfn=(980)
calls=341370 0 
0 97923140
0 26961534

fn=(1054) xml_minifier::audit::check_end
0 316989

fn=(1076)
0 96
cfn=(1078)
calls=3 0 
0 149850
0 21
cob=(2)
cfi=(218)
cfn=(786)
calls=3 198 
0 393273
0 81

fn=(1082)
0 225
cob=(2)
cfi=(218)
cfn=(786)
calls=9 198 
0 295083
0 81
cfn=(1084) zlib_rs::stable::Deflate::compress
calls=9 0 
0 14123901
0 261

fn=(1124)
0 6
cfn=(1126)
calls=3 0 
0 459

fn=(1134)
0 56
cfn=(1136)
calls=2 0 
0 1204
0 22
cob=(2)
cfi=(202)
cfn=(706)
calls=2 255 
0 60
0 8
cfn=(948)
calls=2 0 
0 60
0 18
cfn=(952)
calls=2 0 
0 678
0 12
cfn=(954)
calls=2 0 
0 17641
0 16
cfn=(960)
calls=2 0 
0 16517
0 14
cob=(2)
cfi=(202)
cfn=(706)
calls=2 255 
0 60
0 6
cfn=(964)
calls=2 0 
0 196
0 36
cfn=(1136)
calls=1 0 
0 739
0 11
cob=(2)
cfi=(202)
cfn=(706)
calls=1 255 
0 30
0 4
cfn=(948)
calls=1 0 
0 30
0 9
cfn=(952)
calls=1 0 
0 725
0 6
cfn=(954)
calls=1 0 
0 280
0 8
cfn=(960)
calls=1 0 
0 150
0 7
cob=(2)
cfi=(202)
cfn=(706)
calls=1 255 
0 30
0 3
cfn=(964)
calls=1 0 
0 98
0 4

fn=(1158)
0 8
cfn=(1124)
calls=1 0 
0 173
0 9
cfn=(842)
calls=1 0 
0 158

fn=(1168)
0 66
cfn=(842)
calls=1 0 
0 35

fn=(1170)
0 9

fn=(1174)
0 30
cfn=(1175) alloc::sync::Arc<T,A>::drop_slow'2
calls=2 0 
0 5336
0 20
cfn=(842)
calls=2 0 
0 332
0 10
cfn=(1688)
calls=2 0 
0 30
0 172
cfn=(1690)
calls=32 0 
0 9010235
0 78
cfn=(842)
calls=2 0 
0 394
0 4634
cfn=(842)
calls=512 0 
0 102193
0 3072
cfn=(842)
calls=512 0 
0 102272
0 1550
cfn=(842)
calls=2 0 
0 316
0 6
cfn=(1650)
calls=2 0 
0 36
0 12
cfn=(1650)
calls=2 0 
0 5996
0 16
cfn=(842)
calls=2 0 
0 420
0 46
cfn=(842)
calls=2 0 
0 70
0 8
cfn=(842)
calls=1 0 
0 35

fn=(1175)
0 28
cfn=(1175)
calls=2 0 
0 366
0 82
cfn=(842)
calls=2 0 
0 70
0 172
cfn=(842)
calls=8 0 
0 1312
0 34
cfn=(842)
calls=2 0 
0 70
0 86
cfn=(842)
calls=8 0 
0 1290
0 48
cfn=(842)
calls=8 0 
0 1384
0 22
cfn=(842)
calls=2 0 
0 70
0 40
cfn=(842)
calls=2 0 
0 70
0 14
cfn=(842)
calls=2 0 
0 70
0 38
cfn=(842)
calls=2 0 
0 70
0 16
cfn=(842)
calls=2 0 
0 262
0 18
cfn=(842)
calls=2 0 
0 70

fn=(1180)
0 30

fn=(1202) litchi_odf_common::core::family::Package::from_bytes
0 52
cfn=(818)
calls=2 0 
0 2
0 6
cfn=(820)
calls=2 0 
0 80
0 28
cfn=(1204)
calls=2 0 
0 287102
0 72
cfn=(1262)
calls=2 0 
0 6750703
0 20

fn=(1208)
0 108

fn=(1222)
0 32

fn=(1248)
0 120
cfn=(972)
calls=6 0 
0 1224
0 202

fn=(1252)
0 144
cfn=(1246)
calls=8 0 
0 856
0 128
cob=(2)
cfi=(202)
cfn=(706)
calls=8 255 
0 96
0 128

fn=(1256)
0 20
cfn=(1258)
calls=2 0 
0 64
0 24
cfn=(1258)
calls=2 0 
0 66
0 4

fn=(1260)
0 38
cfn=(842)
calls=2 0 
0 70
0 40
cfn=(906)
calls=2 0 
0 162
0 116

fn=(1286)
0 1456
cob=(2)
cfi=(202)
cfn=(706)
calls=52 255 
0 32800
0 156
cfn=(1214)
calls=52 0 
0 572
0 1040

fn=(1318)
0 454
cfn=(1286)
calls=28 0 
0 34236
0 672

fn=(1330)
0 855522
cob=(2)
cfi=(202)
cfn=(706)
calls=22 255 
0 320

fn=(1338)
0 140

fn=(1366)
0 900
cob=(2)
cfi=(229)
cfn=(890)
calls=60 73 
0 1020
0 1716

fn=(1388)
0 76
cfn=(842)
calls=4 0 
0 380
0 8
cfn=(1382)
calls=4 0 
0 3288
0 52
cfn=(842)
calls=4 0 
0 425
0 40
cfn=(1390) core::ptr::drop_in_place<litchi_odf_common::package::model::Archive>
calls=8 0 
0 168
0 48
cfn=(842)
calls=8 0 
0 280
0 16
cfn=(1382)
calls=8 0 
0 3216
0 72
cfn=(842)
calls=8 0 
0 280

fn=(1398)
0 146
cob=(2)
cfi=(229)
cfn=(890)
calls=2 73 
0 38
0 76

fn=(1420)
0 5754936
cfn=(1384)
calls=242484 0 
0 5095200
0 1212420
cfn=(1010)
calls=242484 0 
0 188748756
0 1048960
cfn=(1010)
calls=262240 0 
0 85248379
0 6093648
cfn=(1360)
calls=183304 0 
0 123868448
0 3958856
cfn=(1360)
calls=59180 0 
0 86633756
0 4491476

fn=(1422)
0 6642412
cob=(2)
cfi=(229)
cfn=(890)
calls=153216 73 
0 3357312
0 908544
cob=(2)
cfi=(229)
cfn=(890)
calls=150528 73 
0 2558976
0 302400
cob=(2)
cfi=(229)
cfn=(890)
calls=336 73 
0 5712
0 7616
cob=(2)
cfi=(229)
cfn=(890)
calls=1568 73 
0 26656
0 8512
cob=(2)
cfi=(229)
cfn=(890)
calls=168 73 
0 3696
0 1008
cob=(2)
cfi=(229)
cfn=(890)
calls=168 73 
0 2856
0 1015968
cob=(2)
cfi=(229)
cfn=(890)
calls=253824 73 
0 4315008
0 507816
cob=(2)
cfi=(229)
cfn=(890)
calls=42 73 
0 714
0 1557376

fn=(1432)
0 536
cfn=(980)
calls=12 0 
0 5025
0 1036
cfn=(980)
calls=6 0 
0 3277
0 652
cfn=(980)
calls=6 0 
0 4547
0 160
cob=(2)
cfi=(202)
cfn=(706)
calls=32 255 
0 2462
0 460
cfn=(980)
calls=6 0 
0 3334
0 36768
cfn=(980)
calls=272 0 
0 197286
0 53760

fn=(1442)
0 1664
cfn=(1430)
calls=128 0 
0 258176
0 1664
cfn=(842)
calls=32 0 
0 1120
0 1632

fn=(1454) litchi_odg::package::snapshot::is_odf_decimal
0 496800
cfn=(994)
calls=21600 0 
0 1296000
0 453600

fn=(1458)
0 344064
cfn=(1454)
calls=21504 0 
0 2236416
0 86016

fn=(1476)
0 463360
cfn=(886)
calls=512 0 
0 19968
0 52704

fn=(1512)
0 9728
cfn=(818)
calls=512 0 
0 512
0 1536
cfn=(820)
calls=512 0 
0 20480
0 3584
cob=(2)
cfi=(202)
cfn=(706)
calls=512 255 
0 15360
0 3072
cfn=(980)
calls=512 0 
0 121661
0 3072
cob=(2)
cfi=(202)
cfn=(706)
calls=512 255 
0 15360
0 3584

fn=(1514)
0 52224

fn=(1526)
0 34304

fn=(1536)
0 52224

fn=(1552)
0 6144
cfn=(1554)
calls=224 0 
0 25792
0 960
cfn=(818)
calls=32 0 
0 32
0 96
cfn=(820)
calls=32 0 
0 1411
0 3700
cfn=(818)
calls=2 0 
0 2
0 6
cfn=(820)
calls=2 0 
0 599
0 360
cfn=(818)
calls=32 0 
0 32
0 96
cfn=(820)
calls=32 0 
0 1280
0 1472
cfn=(1554)
calls=28 0 
0 2000
0 120
cfn=(818)
calls=4 0 
0 4
0 12
cfn=(820)
calls=4 0 
0 500
0 468
cfn=(818)
calls=2 0 
0 2
0 6
cfn=(820)
calls=2 0 
0 217
0 50

fn=(1574)
0 1248
cob=(2)
cfi=(229)
cfn=(890)
calls=32 73 
0 626
0 736
cfn=(818)
calls=32 0 
0 32
0 128
cfn=(820)
calls=32 0 
0 1152
0 224
cob=(2)
cfi=(202)
cfn=(706)
calls=32 255 
0 576
0 224
cfn=(1550)
calls=32 0 
0 3616
0 256
cfn=(1576)
calls=32 0 
0 557592854
0 448
cob=(2)
cfi=(202)
cfn=(706)
calls=32 255 
0 960
0 416
cfn=(1612)
calls=32 0 
0 8031
0 448
cfn=(1620)
calls=32 0 
0 1184
0 128
cob=(2)
cfi=(202)
cfn=(706)
calls=32 255 
0 1696
0 224
cob=(2)
cfi=(202)
cfn=(706)
calls=32 255 
0 1696
0 192
cob=(2)
cfi=(202)
cfn=(706)
calls=32 255 
0 1696
0 288

fn=(1598)
0 1056
cob=(2)
cfi=(229)
cfn=(890)
calls=32 73 
0 640
0 768

fn=(1600)
0 1920

fn=(1616)
0 448
cfn=(1618)
calls=32 0 
0 2240
0 128

fn=(1626)
0 60
cfn=(1346)
calls=2 0 
0 2473
0 124072
cfn=(1384)
calls=11022 0 
0 231600
0 55110
cfn=(1010)
calls=11022 0 
0 9809606
0 47680
cfn=(1010)
calls=11920 0 
0 4908682
0 91768
cfn=(1350)
calls=22942 0 
0 10548595
0 481782
cfn=(1352)
calls=22942 0 
0 6976258
0 431646
cfn=(1022)
calls=2690 0 
0 122956
0 269864
cfn=(1022)
calls=512 0 
0 28672
0 123646
cfn=(1022)
calls=1536 0 
0 76800
0 42760
cob=(2)
cfi=(229)
cfn=(890)
calls=2624 73 
0 44608
0 23616
cfn=(1022)
calls=2624 0 
0 119296
0 40064
cfn=(1634)
calls=512 0 
0 6278729
0 7168
cob=(2)
cfi=(202)
cfn=(706)
calls=512 255 
0 39424
0 8192
cfn=(1636)
calls=512 0 
0 1935886
0 8192
cob=(2)
cfi=(202)
cfn=(706)
calls=512 255 
0 39424
0 8704
cob=(2)
cfi=(202)
cfn=(706)
calls=512 255 
0 39364
0 87520
cob=(2)
cfi=(229)
cfn=(890)
calls=4704 73 
0 79968
0 70560
cfn=(1022)
calls=4704 0 
0 262272
0 54688
cfn=(1628)
calls=32 0 
0 66828
0 736
cfn=(1630) litchi_odf_common::media::reader::try_push
calls=32 0 
0 1330
0 75682
cob=(2)
cfi=(229)
cfn=(890)
calls=4 73 
0 88
0 129316
cfn=(1022)
calls=8300 0 
0 463590
0 124516
cob=(2)
cfi=(229)
cfn=(890)
calls=4 73 
0 88
0 58108
cfn=(1022)
calls=8300 0 
0 463590
0 149092
cob=(2)
cfi=(229)
cfn=(890)
calls=4672 73 
0 79424
0 42048
cfn=(1022)
calls=4672 0 
0 260480
0 120884
cfn=(1022)
calls=7788 0 
0 434918
0 133698
cob=(2)
cfi=(229)
cfn=(890)
calls=4160 73 
0 70720
0 37440
cfn=(1022)
calls=4160 0 
0 231808
0 85392
cob=(2)
cfi=(229)
cfn=(890)
calls=8 73 
0 136
0 80
cfn=(1022)
calls=8 0 
0 416
0 145104
cob=(2)
cfi=(202)
cfn=(706)
calls=512 255 
0 33280
0 93696
cfn=(1632)
calls=512 0 
0 87552
0 19456
cfn=(1632)
calls=512 0 
0 158747
0 10752
cfn=(1632)
calls=512 0 
0 157080
0 12800
cfn=(1632)
calls=512 0 
0 155932
0 15360
cfn=(842)
calls=512 0 
0 17920
0 1024
cfn=(1642)
calls=512 0 
0 104960
0 75844
cfn=(842)
calls=32 0 
0 1120
0 195970
cfn=(1628)
calls=512 0 
0 1336544
0 12800
cfn=(1628)
calls=512 0 
0 1138496
0 11264
cfn=(1628)
calls=512 0 
0 1138496
0 11264
cfn=(1628)
calls=512 0 
0 1157952
0 11264
cfn=(1628)
calls=512 0 
0 1157952
0 11264
cfn=(1628)
calls=512 0 
0 1306104
0 11264
cfn=(1628)
calls=512 0 
0 1303948
0 11264
cfn=(1628)
calls=512 0 
0 1138496
0 15872
cfn=(1632)
calls=512 0 
0 86892
0 49140
cob=(2)
cfi=(202)
cfn=(706)
calls=510 255 
0 33150
0 3570
cob=(2)
cfi=(202)
cfn=(706)
calls=510 255 
0 33150
0 10
cob=(2)
cfi=(202)
cfn=(706)
calls=2 255 
0 130
0 1676
cfn=(906)
calls=14 0 
0 64611
0 122
cfn=(906)
calls=2 0 
0 712
0 22
cob=(2)
cfi=(202)
cfn=(706)
calls=2 255 
0 130
0 32342
cfn=(1644)
calls=2 0 
0 18
0 4
cfn=(1382)
calls=2 0 
0 8
0 10
cfn=(1646) core::ptr::drop_in_place<alloc::vec::Vec<litchi_odf_common::media::reader::NamedContext>>
calls=2 0 
0 38
0 4
cfn=(1646)
calls=2 0 
0 114
0 4
cfn=(1648)
calls=2 0 
0 312
0 12
cfn=(842)
calls=2 0 
0 70
0 4
cfn=(1492)
calls=2 0 
0 1120
0 20

fn=(1628)
0 277632
cfn=(1370)
calls=7712 0 
0 3315688
0 58560
cfn=(1370)
calls=19520 0 
0 4853216
0 394016
cfn=(1372)
calls=19520 0 
0 1654080
0 156160
cfn=(1364)
calls=19520 0 
0 3044864
0 251776
cob=(2)
cfi=(229)
cfn=(890)
calls=8768 73 
0 157248
0 50016
cob=(2)
cfi=(229)
cfn=(890)
calls=4640 73 
0 94304
0 24832
cfn=(1374)
calls=2592 0 
0 581960
0 33696
cfn=(818)
calls=2592 0 
0 2592
0 7776
cfn=(820)
calls=2592 0 
0 238697
0 18144
cob=(2)
cfi=(202)
cfn=(706)
calls=2592 255 
0 38880
0 142368
cfn=(842)
calls=7712 0 
0 269920
0 185088

fn=(1638)
0 9216
cfn=(886)
calls=512 0 
0 36960
0 3072
cfn=(886)
calls=512 0 
0 36960
0 3072
cfn=(886)
calls=512 0 
0 36960
0 6656
cfn=(994)
calls=512 0 
0 63584
0 5632

fn=(1646)
0 70
cfn=(842)
calls=2 0 
0 70
0 12

fn=(1706)
0 12
cob=(2)
cfi=(231) ./time/../sysdeps/unix/sysv/linux/clock_gettime.c
cfn=(1708) clock_gettime@@GLIBC_2.17
calls=2 30 
0 22
0 20

fn=(1712)
0 37

fn=(1718)
0 384

fn=(1790)
0 35
cfn=(852)
calls=1 0 
0 11297
0 22

fn=(1800)
0 294
cfn=(1802)
calls=3 0 
0 885
0 24
cfn=(1812)
calls=3 0 
0 93
0 24
cfn=(1806)
calls=3 0 
0 6477
0 30
cfn=(1814)
calls=3 0 
0 1620
0 24

fn=(1808)
0 453
cob=(2)
cfi=(218)
cfn=(786)
calls=3 198 
0 45
0 480

fn=(1816)
0 168
cfn=(1794)
calls=9 0 
0 1308
0 75

fn=(1824)
0 13
cob=(2)
cfi=(224)
cfn=(808)
calls=1 56 
0 146
0 10
cob=(2)
cfi=(223)
cfn=(806)
calls=1 120 
0 6
0 5
cob=(2)
cfi=(226)
cfn=(1130) munmap
calls=1 117 
0 6
0 1
cob=(2)
cfi=(227)
cfn=(824)
calls=1 25 
0 4
0 57
cfn=(1826) <alloc::collections::btree::node::Handle<alloc::collections::btree::node::NodeRef<alloc::collections::btree::node::marker::Mut, usize, std::sys::pal::unix::stack_overflow::thread_info::ThreadInfo, alloc::collections::btree::node::marker::Leaf>, alloc::collections::btree::node::marker::KV>>::remove_leaf_kv::<<alloc::collections::btree::map::entry::OccupiedEntry<usize, std::sys::pal::unix::stack_overflow::thread_info::ThreadInfo>>::remove_kv::{closure#0}, alloc::alloc::Global>
calls=1 0 
0 111
0 13
cfn=(842)
calls=1 0 
0 183
0 20

fn=(1486)
0 3584

fn=(852)
0 243417
cfn=(1794)
calls=5 0 
0 938
cfn=(854)
calls=10304 0 
0 451040
0 112354
cfn=(854)
calls=512 0 
0 44760
0 71456
cfn=(1798)
calls=3 0 
0 9501
cfn=(1192)
calls=64 0 
0 16868
cfn=(856)
calls=2304 0 
0 360864
0 38700
cfn=(1792)
calls=1 0 
0 253
cfn=(1564)
calls=16 0 
0 2260
cfn=(1558)
calls=16 0 
0 8189
cfn=(856)
calls=6417 0 
0 1033101
0 65555

fn=(892)
0 1868

fn=(896)
0 15430
cfn=(898)
calls=4 0 
0 1133
0 48

fn=(898)
0 44042
cfn=(908)
calls=36 0 
0 10405
0 10086
cfn=(818)
calls=3338 0 
0 3338
0 10014
cfn=(820)
calls=3338 0 
0 336528
0 43790

fn=(902)
0 30
cfn=(818)
calls=3 0 
0 3
0 9
cfn=(820)
calls=3 0 
0 394
0 24
cob=(2)
cfi=(202)
cfn=(706)
calls=3 255 
0 90
0 21
cfn=(900)
calls=3 0 
0 372
0 36
cfn=(842)
calls=3 0 
0 105
0 60
cfn=(842)
calls=3 0 
0 105
0 18
cfn=(904)
calls=3 0 
0 1101
0 18
cob=(2)
cfi=(202)
cfn=(706)
calls=3 255 
0 54
0 23
cfn=(818)
calls=2 0 
0 2
0 6
cfn=(820)
calls=2 0 
0 832
0 16
cob=(2)
cfi=(202)
cfn=(706)
calls=2 255 
0 60
0 14
cfn=(900)
calls=2 0 
0 248
0 24
cfn=(842)
calls=2 0 
0 70
0 40
cfn=(842)
calls=2 0 
0 70
0 12
cfn=(904)
calls=2 0 
0 762
0 12
cob=(2)
cfi=(202)
cfn=(706)
calls=2 255 
0 36
0 2

fn=(918)
0 384

fn=(924)
0 396
cfn=(926)
calls=12 0 
0 1642
0 852
cfn=(926)
calls=12 0 
0 1642
0 1620
cfn=(926)
calls=36 0 
0 4500
0 1434
cfn=(926)
calls=2 0 
0 535
0 208
cfn=(926)
calls=4 0 
0 1063
0 116
cfn=(972)
calls=3 0 
0 583
0 151
cfn=(842)
calls=1 0 
0 35
0 106
cfn=(926)
calls=2 0 
0 392
0 76

fn=(928)
0 27
cfn=(930)
calls=1 0 
0 166
0 10
cfn=(934)
calls=1 0 
0 516
0 11
cfn=(944)
calls=1 0 
0 203
0 9
cob=(2)
cfi=(202)
cfn=(706)
calls=1 255 
0 30
0 4
cfn=(948)
calls=1 0 
0 30
0 11
cfn=(952)
calls=1 0 
0 403
0 7
cfn=(954)
calls=1 0 
0 923
0 9
cfn=(960)
calls=1 0 
0 535
0 8
cob=(2)
cfi=(202)
cfn=(706)
calls=1 255 
0 30
0 3
cfn=(964)
calls=1 0 
0 98
0 5

fn=(934)
0 44
cfn=(936)
calls=4 0 
0 537
0 68
cfn=(942)
calls=4 0 
0 196617

fn=(980)
0 24480
cfn=(906)
calls=1632 0 
0 495585
0 96498
cfn=(906)
calls=5454 0 
0 1500026
0 55806
cfn=(906)
calls=448 0 
0 1105872
0 4122
cfn=(906)
calls=6 0 
0 4403
0 84
cfn=(906)
calls=2 0 
0 162
0 558
cfn=(906)
calls=36 0 
0 3820
0 8004
cfn=(906)
calls=512 0 
0 176799
0 8058
cfn=(906)
calls=230 0 
0 165559
0 2280
cfn=(906)
calls=14 0 
0 5556
0 156
cfn=(906)
calls=2 0 
0 293
0 198
cfn=(906)
calls=12 0 
0 3788
0 3468
cfn=(906)
calls=224 0 
0 3581024
0 9696
cfn=(906)
calls=512 0 
0 109373
0 4623
cfn=(906)
calls=1 0 
0 212
0 8109
cfn=(906)
calls=540 0 
0 43877
0 4878
cfn=(1438)
calls=6 0 
0 736
0 5120580
cfn=(906)
calls=341370 0 
0 89730260
0 3073935
cfn=(906)
calls=107 0 
0 26575
0 3213
cfn=(906)
calls=150 0 
0 51397
0 1350

fn=(982)
0 66
cfn=(984)
calls=2 0 
0 296
0 89
cfn=(988)
calls=2 0 
0 3826
0 12
cfn=(998)
calls=2 0 
0 325
0 26
cfn=(882)
calls=2 0 
0 1931
0 20
cfn=(1002)
calls=2 0 
0 1126
0 20
cfn=(1006)
calls=1 0 
0 19416631
0 32
cfn=(818)
calls=2 0 
0 2
0 8
cfn=(820)
calls=2 0 
0 80
0 14
cob=(2)
cfi=(202)
cfn=(706)
calls=2 255 
0 24
0 10
cfn=(818)
calls=2 0 
0 2
0 6
cfn=(820)
calls=2 0 
0 361
0 16
cob=(2)
cfi=(202)
cfn=(706)
calls=2 255 
0 24
0 34
cfn=(894)
calls=2 0 
0 10648
0 38
cfn=(1062)
calls=2 0 
0 15312179
0 16
cob=(2)
cfi=(202)
cfn=(706)
calls=2 255 
0 60
0 8
cfn=(976)
calls=2 0 
0 1001
0 10
cfn=(1138)
calls=2 0 
0 1066
0 24

fn=(990)
0 5402
cfn=(992)
calls=28 0 
0 36586
0 476
cob=(2)
cfi=(229)
cfn=(890)
calls=28 73 
0 532
0 168
cfn=(842)
calls=28 0 
0 980
0 112

fn=(1008)
0 36
cfn=(840)
calls=2 0 
0 189581
0 45982
cfn=(1010)
calls=11476 0 
0 6230117
0 6
cfn=(1010)
calls=2 0 
0 585
0 470622
cfn=(1030) xml_minifier::audit::check_declaration
calls=2 0 
0 674
0 18876
cfn=(1044)
calls=1348 0 
0 1310138
0 107337
cfn=(1044)
calls=4167 0 
0 1796305
0 83334
cfn=(1054)
calls=4167 0 
0 316989
0 63607
cfn=(1046)
calls=1348 0 
0 3319089
0 24280
cfn=(1046)
calls=2 0 
0 8798
0 29155
cfn=(1046)
calls=4165 0 
0 5242690
0 171636
cfn=(906)
calls=2 0 
0 433
0 54
cfn=(1058)
calls=2 0 
0 8
0 36
cfn=(842)
calls=2 0 
0 70
0 4
cfn=(1060)
calls=2 0 
0 172
0 2

fn=(1030)
0 54
cfn=(1032)
calls=2 0 
0 618
0 2

fn=(1040)
0 38743005

fn=(1056)
0 674272

fn=(1084)
0 162
cfn=(1086)
calls=9 0 
0 14123502
0 237

fn=(1090)
0 34851
cob=(2)
cfi=(202)
cfn=(706)
calls=12 255 
0 392832
0 216
cfn=(1094)
calls=12 0 
0 368748
0 48
cfn=(1094)
calls=12 0 
0 184428
0 831
cob=(2)
cfi=(202)
cfn=(706)
calls=15 255 
0 427109
0 90901
cfn=(1092)
calls=32 0 
0 11511
0 626276
cfn=(1092)
calls=6214 0 
0 4190255
0 6988664
cfn=(1100)
calls=3 0 
0 805083
0 66

fn=(1106)
0 17784

fn=(1116)
0 279
cob=(2)
cfi=(202)
cfn=(706)
calls=9 255 
0 117
0 162

fn=(1152)
0 93
cfn=(900)
calls=3 0 
0 494
0 42
cob=(2)
cfi=(202)
cfn=(706)
calls=3 255 
0 40
0 27
cfn=(842)
calls=3 0 
0 105
0 25
cfn=(900)
calls=1 0 
0 124
0 14
cob=(2)
cfi=(202)
cfn=(706)
calls=1 255 
0 18
0 9
cfn=(842)
calls=1 0 
0 35
0 45
cfn=(900)
calls=3 0 
0 896
0 39
cob=(2)
cfi=(202)
cfn=(706)
calls=3 255 
0 36
0 27
cfn=(842)
calls=3 0 
0 105
0 93

fn=(1166)
0 88
cfn=(956)
calls=4 0 
0 460
0 20

fn=(1200)
0 30
cfn=(1202)
calls=2 0 
0 7038065
0 30
cob=(2)
cfi=(202)
cfn=(706)
calls=2 255 
0 202
0 24
cfn=(1410)
calls=2 0 
0 1598861236
0 22

fn=(1212)
0 90
cob=(2)
cfi=(202)
cfn=(706)
calls=2 255 
0 22
0 6
cfn=(1214)
calls=2 0 
0 22
0 20
cfn=(1216)
calls=2 0 
0 48
0 46
cfn=(1218)
calls=2 0 
0 388
0 54
cfn=(1224)
calls=2 0 
0 198
0 2

fn=(1214)
0 1606

fn=(1274)
0 11058
cfn=(1244)
calls=582 0 
0 453353
0 20370

fn=(1282)
0 1164
cob=(2)
cfi=(218)
cfn=(786)
calls=24 198 
0 336
0 96
cfn=(1284)
calls=24 0 
0 7500
0 2658
cob=(2)
cfi=(218)
cfn=(786)
calls=38 198 
0 866188
0 152
cfn=(1284)
calls=38 0 
0 3501422
0 1630

fn=(1326)
0 223054

fn=(1348)
0 210
cfn=(898)
calls=14 0 
0 966
0 140

fn=(1350)
0 493342
cfn=(1360)
calls=8344 0 
0 5649149
0 386058
cfn=(1360)
calls=2726 0 
0 3973010
0 104916

fn=(1356)
0 2784

fn=(1378)
0 2763872

fn=(1384)
0 5327964

fn=(1390)
0 168

fn=(1452)
0 2656
cfn=(1454)
calls=32 0 
0 3328
0 1664
cfn=(1454)
calls=32 0 
0 3328
0 1536
cfn=(1454)
calls=32 0 
0 3328
0 512

fn=(1464)
0 89600
cfn=(1014)
calls=3584 0 
0 420096
0 75264

fn=(1468)
0 54
cfn=(1346)
calls=2 0 
0 2530
0 54
cfn=(818)
calls=2 0 
0 2
0 6
cfn=(1306)
calls=2 0 
0 176
0 62
cfn=(1420)
calls=2 0 
0 620
0 68820
cfn=(1420)
calls=22940 0 
0 23285914
0 481782
cfn=(1352)
calls=22942 0 
0 7011142
0 642376
cfn=(1422)
calls=22942 0 
0 1005214
0 91768
cfn=(1424)
calls=22942 0 
0 2529423
0 323010
cfn=(1022)
calls=8332 0 
0 465382
0 154198
cfn=(1022)
calls=2690 0 
0 122956
0 147290
cfn=(1022)
calls=8332 0 
0 465382
0 85740
cfn=(842)
calls=3584 0 
0 125440
0 10786
cfn=(842)
calls=2 0 
0 70
0 95112
cfn=(1484)
calls=32 0 
0 10816
0 896
cfn=(1488)
calls=32 0 
0 4256
0 33328
cfn=(1428)
calls=8332 0 
0 162862
0 131160
cfn=(1428)
calls=2690 0 
0 34586
0 66232
cfn=(1428)
calls=8300 0 
0 162222
0 27504
cfn=(1474)
calls=32 0 
0 129986
0 512
cfn=(1478)
calls=32 0 
0 11840
0 128
cfn=(1480)
calls=32 0 
0 608
0 88964
cfn=(980)
calls=2 0 
0 210
0 133184
cfn=(842)
calls=8332 0 
0 291620
0 115232
cfn=(842)
calls=8332 0 
0 291620
0 81364
cfn=(1474)
calls=64 0 
0 204000
0 1088
cfn=(1482)
calls=64 0 
0 2464
0 21392
cfn=(842)
calls=2690 0 
0 94150
0 16716
cfn=(980)
calls=32 0 
0 3927
0 938
cfn=(1480)
calls=2 0 
0 38
0 16
cfn=(842)
calls=2 0 
0 70
0 12
cfn=(842)
calls=2 0 
0 70
0 4
cfn=(1492)
calls=2 0 
0 718
0 18

fn=(1500)
0 69408

fn=(1506)
0 6144
cfn=(1458)
calls=1024 0 
0 126976
0 8192

fn=(1516)
0 26624
cfn=(1022)
calls=1024 0 
0 38912
0 38400
cfn=(1450)
calls=512 0 
0 3381699
0 11776
cfn=(1450)
calls=512 0 
0 3466890
0 11264
cfn=(1450)
calls=512 0 
0 3463338
0 11264
cfn=(1450)
calls=512 0 
0 3459412
0 36352
cfn=(1450)
calls=512 0 
0 3113964
0 11776
cfn=(1450)
calls=512 0 
0 3282746
0 10752
cfn=(1450)
calls=512 0 
0 3203868
0 10752
cfn=(1450)
calls=512 0 
0 3233330
0 10752
cfn=(1450)
calls=512 0 
0 3272364
0 10752
cfn=(1450)
calls=512 0 
0 3249631
0 24576
cfn=(1522)
calls=512 0 
0 144384
0 2560
cfn=(1524)
calls=512 0 
0 460800
0 13824
cfn=(842)
calls=512 0 
0 17920
0 5632
cfn=(1458)
calls=512 0 
0 63488
0 1536
cfn=(1458)
calls=512 0 
0 63488
0 5120
cfn=(1458)
calls=1024 0 
0 126976
0 5120
cfn=(1458)
calls=1024 0 
0 126976
0 6144
cfn=(1458)
calls=1024 0 
0 126976
0 11264
cfn=(1430)
calls=1024 0 
0 6367566
0 19456
cfn=(1430)
calls=1024 0 
0 6357709
0 29184
cfn=(1430)
calls=1024 0 
0 6305265
0 13824
cfn=(1518) litchi_odg::package::snapshot::parse_image_map_area::{{closure}}
calls=512 0 
0 4608
0 10240
cfn=(1430)
calls=1024 0 
0 6282654
0 20992
cob=(2)
cfi=(202)
cfn=(706)
calls=1024 255 
0 30720
0 14336
cfn=(1430)
calls=1024 0 
0 6022584
0 26624
cfn=(1430)
calls=1024 0 
0 6302554
0 21504
cfn=(1508)
calls=1024 0 
0 272419
0 26624
cfn=(1520)
calls=1024 0 
0 510048
0 7168
cfn=(842)
calls=512 0 
0 17920
0 5120

fn=(1518)
0 4608

fn=(1538)
0 6656
cfn=(980)
calls=512 0 
0 131920
0 8704

fn=(1548)
0 116
cfn=(1370)
calls=16 0 
0 7307
0 2
cfn=(1370)
calls=2 0 
0 1098
0 550
cfn=(1372)
calls=16 0 
0 1216
0 128
cfn=(1364)
calls=16 0 
0 2136
0 240
cfn=(840)
calls=16 0 
0 1744
0 160
cfn=(818)
calls=16 0 
0 16
0 48
cfn=(820)
calls=16 0 
0 2888
0 112
cob=(2)
cfi=(202)
cfn=(706)
calls=16 255 
0 192
0 80
cfn=(1374)
calls=16 0 
0 3584
0 192
cfn=(818)
calls=16 0 
0 16
0 48
cfn=(820)
calls=16 0 
0 3113
0 112
cob=(2)
cfi=(202)
cfn=(706)
calls=16 255 
0 228
0 240
cfn=(1550)
calls=16 0 
0 5017
0 174
cfn=(842)
calls=2 0 
0 70
0 38

fn=(1568)
0 36
cfn=(1570) <alloc::vec::Vec<T> as alloc::vec::spec_from_iter::SpecFromIter<T,I>>::from_iter
calls=2 0 
0 557635310
0 32

fn=(1570)
0 24
cfn=(1572)
calls=2 0 
0 34826272
0 8
cfn=(818)
calls=2 0 
0 2
0 6
cfn=(820)
calls=2 0 
0 558
0 16
cob=(2)
cfi=(202)
cfn=(706)
calls=2 255 
0 106
0 144
cob=(2)
cfi=(202)
cfn=(706)
calls=30 255 
0 1586
0 180
cfn=(1572)
calls=30 0 
0 487979215
0 6
cfn=(1572)
calls=2 0 
0 34823914
0 180
cfn=(904)
calls=4 0 
0 3057
0 36

fn=(1582)
0 640
cfn=(1430)
calls=32 0 
0 183899
0 928
cfn=(1430)
calls=32 0 
0 180809
0 384
cfn=(842)
calls=32 0 
0 1120
0 608
cfn=(1442)
calls=32 0 
0 175643
0 416
cfn=(1430)
calls=32 0 
0 171642
0 768
cfn=(1430)
calls=32 0 
0 177536
0 544
cfn=(1430)
calls=32 0 
0 172520
0 512
cfn=(1584)
calls=32 0 
0 4256
0 1280
cfn=(1586)
calls=32 0 
0 12576
0 256
cfn=(842)
calls=32 0 
0 1120
0 192

fn=(1596)
0 8608
cob=(2)
cfi=(229)
cfn=(890)
calls=128 73 
0 2678
0 544

fn=(1610)
0 800
cfn=(1556)
calls=32 0 
0 1728
0 992
cfn=(1556)
calls=256 0 
0 12512
0 3584
cfn=(842)
calls=256 0 
0 9080
0 2304
cfn=(842)
calls=256 0 
0 8960
0 588
cfn=(842)
calls=2 0 
0 70
0 50
cfn=(1556)
calls=2 0 
0 108
0 62
cfn=(1556)
calls=16 0 
0 782
0 208
cfn=(842)
calls=16 0 
0 850
0 128
cfn=(842)
calls=16 0 
0 2911
0 138
cfn=(842)
calls=2 0 
0 70

fn=(1630)
0 1142
cfn=(906)
calls=2 0 
0 162
0 26

fn=(1652)
0 8192
cfn=(842)
calls=512 0 
0 78640
0 14336
cfn=(842)
calls=512 0 
0 78627
0 4096
cfn=(842)
calls=512 0 
0 92895
0 5632
cfn=(842)
calls=512 0 
0 92655
0 52608
cfn=(842)
calls=512 0 
0 80634
0 14336
cfn=(842)
calls=512 0 
0 93658
0 4096
cfn=(842)
calls=512 0 
0 104383
0 5632
cfn=(842)
calls=512 0 
0 96816
0 18432

fn=(1700)
0 16384
cfn=(842)
calls=512 0 
0 79360
0 3072
cfn=(842)
calls=512 0 
0 93640
0 5632
cfn=(842)
calls=1024 0 
0 187252
0 9216
cfn=(842)
calls=1024 0 
0 192774
0 2560
cfn=(842)
calls=512 0 
0 104804
0 3072
cfn=(842)
calls=512 0 
0 79360
0 3072
cfn=(842)
calls=512 0 
0 99140
0 3072
cfn=(842)
calls=512 0 
0 86634
0 2560

fn=(1734)
0 50
cfn=(1738) std::io::default_read_to_end::small_probe_read::<std::fs::File>
calls=1 0 
0 69
0 24
cob=(2)
cfi=(235) ./io/../sysdeps/unix/sysv/linux/read.c
cfn=(1736) read
calls=1 25 
0 29
0 35

fn=(1738)
0 16
cob=(2)
cfi=(235)
cfn=(1736)
calls=1 25 
0 29
0 24

fn=(1786)
0 51
cfn=(1788)
calls=1 0 
0 67
0 6
cfn=(1822)
calls=1 0 
0 698
0 39

fn=(1826)
0 25
cob=(2)
cfi=(202)
cfn=(706)
calls=1 255 
0 13
0 16
cob=(2)
cfi=(202)
cfn=(706)
calls=1 255 
0 13
0 44

ob=(5) /usr/lib/x86_64-linux-gnu/libgcc_s.so.1
fl=(163) ???
fn=(556) 0x0000000000005cc0
0 12

fn=(1886) 0x0000000000004970
0 5
cfn=(1888) 0x0000000000004920
calls=1 0 
0 16
0 2
cfn=(1888)
calls=1 0 
0 16
0 3

fn=(1908) 0x0000000000005c10
0 5

fn=(1888)
0 32

fn=(554) __cpu_indicator_init
0 368

fn=(1898) 0x0000000000005c80
0 9
cob=(3) ???
cfi=(152) ???
cfn=(1904) 0x0000000004d163a0
calls=1 0 
0 78
0 1
cfn=(1908)
calls=1 0 
0 5
0 3

ob=(3)
fl=(152)
fn=(584) 0x0000000004b14770
0 2
cob=(1) /usr/lib/x86_64-linux-gnu/ld-linux-x86-64.so.2
cfi=(51) ./elf/./elf/dl-audit.c
cfn=(586) _dl_audit_preinit
calls=1 118 
0 5

fn=(732) 0x0000000004b143f0
0 6
cob=(2)
cfi=(155)
cfn=(734)
calls=3 3380 
0 811

fn=(528) 0x0000000004ad4000
0 7

fn=(1874) 0x0000000004ad4030
0 2
cob=(2)
cfi=(246)
cfn=(1850)
calls=1 45 
0 76

fn=(572) 0x0000000004282508
0 7

fn=(500) 0x0000000004b146f0
0 30
cob=(1)
cfi=(11) ./elf/./elf/dl-tunables.c
cfn=(28) __tunable_get_val
calls=15 435 
0 260

fn=(672) 0x0000000004b14650
0 2
cob=(2)
cfi=(195) ./string/../sysdeps/x86_64/multiarch/strchr-avx2.S
cfn=(674) __strchr_avx2
calls=1 53 
0 21

fn=(700) 0x0000000004b14460
0 96
cob=(2)
cfi=(201) ./string/../sysdeps/x86_64/multiarch/memchr-avx2.S
cfn=(702) __memchr_avx2
calls=48 61 
0 1732

fn=(784) 0x0000000004b14710
0 32
cob=(2)
cfi=(218)
cfn=(786)
calls=16 198 
0 459167

fn=(1864) 0x0000000004282524
0 4

fn=(542) 0x0000000004b14630
0 2
cob=(2)
cfi=(160) ./string/../sysdeps/x86_64/multiarch/strrchr-avx2.S
cfn=(544) __strrchr_avx2
calls=1 53 
0 22

fn=(704) 0x0000000004b14680
0 273456
cob=(2)
cfi=(202)
cfn=(706)
calls=136728 255 
0 7599740

fn=(634) 0x0000000004b143d0
0 6
cob=(2)
cfi=(155)
cfn=(636)
calls=3 3283 
0 693

fn=(792) 0x0000000004b14430
0 2
cob=(2)
cfi=(155)
cfn=(794)
calls=1 3739 
0 311

fn=(1748) 0x0000000004b145d0
0 18
cob=(2)
cfi=(238) ./string/../sysdeps/x86_64/multiarch/strcmp-avx2.S
cfn=(1750) __strncmp_avx2
calls=9 206 
0 351

fn=(1914) 0x0000000004d38fb8
0 4

fn=(746) 0x0000000004b143c0
0 12
cob=(2)
cfi=(155)
cfn=(748)
calls=6 3319 
0 504

fn=(550) 0x0000000004d16000
0 7

fn=(1884) 0x0000000004ad4294
0 4

fn=(716) 0x0000000004b144e0
0 92
cob=(2)
cfi=(207)
cfn=(718)
calls=46 52 
0 1240

fn=(1904)
0 2
cob=(2)
cfi=(246)
cfn=(1850)
calls=1 45 
0 76

ob=(4) /usr/libexec/valgrind/vgpreload_core-amd64-linux.so
fl=(157) ???
fn=(1868) 0x00000000000010d0
0 9
cob=(3)
cfi=(152)
cfn=(1874)
calls=1 0 
0 78
0 1
cfn=(1878) 0x0000000000001060
calls=1 0 
0 5
0 3

fn=(532) 0x0000000000001110
0 12

fn=(1878)
0 5

ob=(1)
fl=(25) ./elf/./elf/dl-environ.c
fn=(68) _dl_next_ld_env_entry
28 3
+1 3
+3 61
+13 51
-13 102
+2 106
+1 22
+5 2
-3 2
+3 2
+2 2

fl=(67) ./io/../sysdeps/unix/sysv/linux/access.c
fn=(218) access
25 1
+2 7
+4 1

fl=(146) ./elf/./elf/dl-call-libc-early-init.c
fn=(488) _dl_call_libc_early_init
27 1
+2 2
-2 1
+6 3
-6 3
+6 1
-6 1
+6 2
cfi=(144) ./elf/./elf/dl-lookup-direct.c
cfn=(476) _dl_lookup_direct
calls=1 +41 
* 124
* 1
+4 3
+2 3
+1 1
-1 1
+2 2
-1 1
cob=(2)
cfi=(147) ./elf/./elf/libc_early_init.c
cfn=(490) __libc_early_init
calls=1 -6 
* 1039

fl=(16) ./elf/../sysdeps/x86/cpu-features.c
fn=(42) update_active.constprop.0
90 7
+4 1
+28 1
+9 1
-18 1
-10 1
-1 1
+25 1
-23 1
-1 1
-1 2
+19 1
-18 1
+24 1
+8 1
-31 1
+23 1
+3 1
-18 1
+9 1
+9 2
-18 1
+15 1
+3 2
+4 1
-13 1
+13 2
-22 1
+22 2
+5 1
-18 1
+18 1
-4 1
+4 3
+1 1
+2 1
+5 1
-7 2
+1 1
+1 1
-1 2
+5 1
+2 1
-2 4
+1 1
+1 1
-1 2
+1 1
-1 1
+3 2
+1 4
+14 2
+4 2
+1 2
-1 4
+1 2
+2 3
+91 1
-1 2
+17 4
+16 2
+5 1
-1 2
+4 4
+4 2
fi=(18) ./elf/../sysdeps/x86/get-isa-level.h
30 1
fe=(16)
389 2
+4 3
fi=(19) ./elf/../sysdeps/unix/sysv/linux/x86/dl-hwcap2.h
25 2
fi=(18)
+6 1
-3 1
+3 2
fe=(16)
402 1
+1 7
-92 3
+1 2
+5 1
-1 1
+10 1
-6 1
+2 1
-2 1
+3 1
+3 1
fi=(18)
32 3
+7 4
+1 3
+8 1
-1 1
+1 2
+3 4
+3 2
+9 5
fe=(16)
176 4
+6 2
+14 1
+12 3
-12 1
+12 1
-12 1
+2 1
+10 1
-10 2
-2 1
+2 1
+6 2
+4 1
-4 1
+2 1
-2 1
+2 3
+7 5
-24 1
-5 2
+4 1

fn=(36) init_cpu_features.constprop.0
728 1
+23 1
-23 7
+3 1
+9 1
-8 1
+1 1
+9 1
+9 2
+3 6
+6 6
cfn=(38) get_common_indices.constprop.0
calls=1 431 
* 71
409 3
+1 2
+1 6
+5 2
+1 6
+5 2
+1 8
765 1
cfn=(42)
calls=1 90 
* 202
+4 1
+42 1
-38 1
+15 1
-18 1
+41 1
-36 1
-5 1
+39 1
-39 1
+3 2
901 2
+7 2
+60 2
+7 2
+2 2
+4 2
+6 2
1156 1
758 1
1156 1
fi=(20) ./elf/../sysdeps/x86/dl-cacheinfo.h
1010 6
fe=(16)
755 1
1148 3
+1 2
+3 2
+1 2
+3 2
+7 1
+1 1
+1 1
+1 1
fi=(20)
861 2
964 1
+5 1
+11 1
-9 1
+4 1
+5 1
-16 1
+1 1
+15 1
-9 1
+2 1
-8 1
+1 1
+4 1
-4 1
+1 1
+5 1
-5 1
+1 1
+5 1
-5 1
+6 1
+37 2
-17 3
+8 2
+29 6
+9 2
+20 2
+13 2
-13 1
+6 1
+20 1
-20 1
+7 1
-7 1
+7 1
cfi=(11)
cfn=(28)
calls=1 435 
* 17
* 1
+3 1
+2 2
-3 1
+1 3
+2 1
-2 1
+2 1
cfi=(11)
cfn=(28)
calls=1 435 
* 17
* 1
+12 1
+68 1
-68 1
-10 1
+78 2
-72 2
+72 1
-68 1
+68 1
-68 1
cfi=(11)
cfn=(28)
calls=1 435 
* 17
* 1
+5 1
-4 1
+4 1
-4 2
+55 1
-51 1
+51 1
-51 1
cfi=(11)
cfn=(28)
calls=1 435 
* 17
* 1
+5 1
-4 1
+4 1
-4 2
+37 1
-33 1
+33 1
-33 1
cfi=(11)
cfn=(28)
calls=1 435 
* 17
* 1
+7 1
-6 1
+6 1
+42 1
-42 2
cfi=(11)
cfn=(28)
calls=1 435 
* 17
+2 1
-2 1
+42 1
-40 1
-2 1
+26 10
cfi=(11)
cfn=(58) __GI___tunable_set_val
calls=1 162 
* 40
+6 3
+3 9
cfi=(11)
cfn=(58)
calls=1 162 
* 40
+2 10
cfi=(11)
cfn=(58)
calls=1 162 
* 40
+1 10
cfi=(11)
cfn=(58)
calls=1 162 
* 40
+1 11
cfi=(11)
cfn=(58)
calls=1 162 
* 40
+3 10
cfi=(11)
cfn=(58)
calls=1 162 
* 40
+8 1
fe=(16)
+13 2
fi=(20)
-8 1
-2 1
fe=(16)
+10 1
fi=(20)
-9 1
-4 1
+1 1
+4 1
-4 1
+1 1
+1 1
-1 1
+4 1
fe=(16)
+7 1
cfi=(11)
cfn=(28)
calls=1 435 
* 16
+3 4
cfi=(11)
cfn=(28)
calls=1 435 
* 18
+64 1
-1 1
+1 1
+45 4
cfi=(11)
cfn=(28)
calls=1 435 
* 16
+2 4
cfi=(11)
cfn=(28)
calls=1 435 
* 16
+7 2
+6 1
+32 5
cfi=(11)
cfn=(28)
calls=1 435 
* 18
+7 8
fi=(20)
1046 3
+3 1
+1 2
fe=(16)
1303 1
+3 2
-65 3
+27 2
-10 3
+1 4
+6 1
-3 2
fi=(20)
863 3
cfn=(50) handle_intel.constprop.0
calls=1 266 
* 443
+1 1
-1 1
+1 1
cfn=(50)
calls=1 266 
* 521
+4 1
-4 1
+1 2
+3 1
cfn=(50)
calls=1 266 
* 471
+2 1
-2 1
+2 1
cfn=(50)
calls=1 266 
* 463
+3 1
-3 1
+1 2
+2 1
cfn=(50)
calls=1 266 
* 433
+2 1
-2 1
+2 1
cfn=(50)
calls=1 266 
* 435
+2 1
-2 1
+2 1
cfn=(50)
calls=1 266 
* 496
+2 1
-2 1
+2 1
cfn=(50)
calls=1 266 
* 486
+2 1
-2 1
+2 1
cfn=(50)
calls=1 266 
* 488
+1 1
+2 1
-3 1
+1 1
+2 1
cfn=(50)
calls=1 266 
* 511
+2 1
-2 1
+2 1
cfn=(50)
calls=1 266 
* 513
+2 1
-2 1
+2 1
cfn=(50)
calls=1 266 
* 514
+2 4
-2 1
+2 2
cfn=(56) get_common_cache_info.constprop.0
calls=1 624 
* 208
1001 1
-6 3
+6 1
-6 2
+6 2
-6 2
+6 3
-1 3
fe=(16)
775 3
565 4
781 5
+37 2
+3 2
926 1
+1 2

fn=(38)
431 3
+4 4
+3 3
+5 2
-5 1
+5 1
-5 1
+4 1
+1 1
+1 4
+1 4
+1 3
+1 2
+7 2
+2 4
+5 1
-5 1
+5 1
-5 2
+5 1
+7 1
-7 4
+7 1
+1 3
+6 1
-6 4
+6 1
fi=(17) ./elf/../sysdeps/unix/sysv/linux/x86/dl-minsigstacksize.h
24 2
+3 2
+1 2
+37 3
+9 2
fe=(16)
490 3

fl=(48) ./elf/../elf/dl-tls.c
fn=(460) _dl_tls_initial_modid_limit_setup
1138 1
+1 1
+3 4
+6 6
-6 9
+2 12
+1 8
+6 1
+1 1

fn=(458) _dl_add_to_slotinfo
1177 3
+1 15
-1 12
+9 3
+3 3
+1 3
+4 9
+36 6
+3 6
+1 9
+5 3
-3 3
+4 6

fn=(274) _dl_allocate_tls_storage
517 7
fi=(78) ./elf/./dl-tls_block_align.h
23 1
fe=(48)
+74 1
523 2
fi=(28) ./elf/../include/rtld-malloc.h
56 1
cfi=(27) ./elf/./elf/dl-minimal-malloc.c
cfn=(76) __minimal_malloc
calls=1 -20 
* 83
fe=(48)
525 2
fi=(78)
41 2
+6 4
+5 1
fi=(28)
-8 1
fi=(78)
+3 1
+1 1
+4 304
fe=(48)
535 1
-70 1
+5 1
fi=(28)
44 1
cfi=(27)
cfn=(72) __minimal_calloc
calls=1 +36 
* 29
fe=(48)
471 2
-2 1
+11 1
-11 1
+11 1
+60 2
-23 1
103 1
545 6

fn=(144) _dl_count_modids
228 1
+2 2
+1 1
+15 2

fn=(462) _dl_allocate_tls_init
612 10
+1 2
+4 1
+9 2
-3 2
cfi=(24) ./elf/../sysdeps/nptl/dl-tls_init_tp.c
cfn=(84) rtld_mutex_dummy
calls=1 43 
* 3
+3 3
+12 3
+70 2
cfi=(24)
cfn=(84)
calls=1 43 
* 3
+3 1
+3 9
-52 1
-42 1
-1 1
+43 2
-19 11
+26 6
+1 12
+2 6
+1 6
+9 3
+10 6
+2 18
cfi=(29) ./string/../sysdeps/x86_64/multiarch/../multiarch/memmove-vec-unaligned-erms.S
cfn=(124) mempcpy
calls=3 197 
* 43
* 15
cfi=(45) ./string/../sysdeps/x86_64/multiarch/../multiarch/memset-vec-unaligned-erms.S
cfn=(128) memset
calls=3 137 
* 47
-51 3
+55 3
+4 6
-59 12
+6 8
+3 9
+1 6
+6 9
+3 3
-2 3
+6 3
-6 3
+2 6
+4 3
-4 9
+3 6
+41 2

fn=(268) _dl_tls_static_surplus_init
133 2
+3 1
-3 3
+3 1
-3 1
+3 1
-3 2
+3 1
cfi=(11)
cfn=(28)
calls=1 435 
* 17
* 1
+1 4
cfi=(11)
cfn=(28)
calls=1 435 
* 17
+1 1
+2 1
-3 1
+1 2
+2 3
+3 1
+2 1
-26 3
+28 3
+1 6

fn=(244) _dl_assign_tls_modid
161 2
+16 2
-13 2
-3 6
+3 2
+55 2
-2 2
+5 2
+1 4

fn=(270) _dl_determine_tlsoffset
251 7
+35 1
-35 1
+37 3
-34 1
-1 1
-1 2
+63 9
+3 3
-3 15
+5 3
+7 3
-7 12
+3 3
-34 3
-1 6
+1 2
-1 4
+3 15
+4 3
-1 3
+5 3
-5 3
+1 3
-1 3
+3 6
+2 9
fi=(77) ./elf/../sysdeps/unix/sysv/linux/dl-extra_tls.h
32 3
+12 1
-12 1
cfi=(11)
cfn=(28)
calls=1 435 
* 18
+1 3
+4 10
+14 4
cfi=(11)
cfn=(28)
calls=1 435 
* 18
+1 3
fe=(48)
350 6
455 1
-94 1
+2 1
-2 2
+3 7
+2 2
+90 7
fi=(77)
54 1
fe=(48)
344 3
+6 3

fl=(43) ./string/../sysdeps/x86_64/multiarch/../multiarch/strchr-avx2.S
fn=(118) index
53 20
+2 20
+1 20
+1 20
+1 20
+1 20
+3 20
+1 20
+4 20
+1 20
+1 20
+1 20
+1 20
+1 20
+1 20
+1 19
+3 19
+8 19
+2 7
+2 14
+4 13
+1 26
+7 1
+1 1
+3 1
+1 1
+51 1
+4 1
+1 1
+1 1
+1 1
+1 1
+1 1
+1 1

fl=(14) ./elf/../sysdeps/unix/sysv/linux/brk.c
fn=(30) brk
36 1
fi=(250) ./elf/../sysdeps/unix/sysv/linux/brk_call.h
-12 2
fe=(14)
+13 1
+1 2
+6 1
+1 1

fl=(23) ./elf/../misc/sbrk.c
fn=(62) sbrk
37 5
+3 1
+18 2
+4 2
+16 3

fl=(45)
fn=(128)
137 11
+1 22
+5 11
+1 11
+1 5
+2 5
+1 5
+2 1
+1 1
+1 2
+69 2
+1 2
+2 4
+12 4
+1 4
+12 4
+3 4
+1 4
+12 2
+1 2
+13 2
+1 2
+2 2
+3 2
+3 4
+3 2
+1 2
+1 2
+1 2
+1 2
+1 2
+1 2
-6 17
+1 17
+1 17
+1 17
+1 17
+1 17
+1 19
+3 2
+1 2
+1 2
+1 2
+3 4
+35 6
+9 6
+1 6
+5 6
+1 6
+36 6
+1 6
+5 6

fl=(55) ./setjmp/../sysdeps/x86_64/setjmp.S
fn=(164) __sigsetjmp
31 7
+2 7
+9 7
+1 14
+1 7
+4 7
+1 7
+1 7
+1 7
+1 7
+2 14
+2 7
+1 7
+1 7
+2 14
+2 7
+8 7
+3 7
+1 7
+7 7
+1 7

fl=(20)
fn=(50)
266 24
-5 12
+17 12
-17 96
+11 12
+6 36
+4 24
+34 96
-29 12
+3 24
-3 12
+3 12
cfn=(52) intel_check_word.constprop.0
calls=12 133 
* 4008
+2 24
+3 60
cfn=(52)
calls=12 133 
* 1286
+2 24

fn=(56)
624 10
+47 1
-29 1
-3 1
+32 1
-17 2
-11 1
+28 2
+4 2
-26 1
+31 1
-14 1
-15 11
+75 4
+8 1
+2 1
-2 5
+2 2
-2 1
-4 3
+10 3
+21 2
-21 4
+2 1
+2 2
-4 3
+2 1
+2 6
+2 4
+3 2
+8 1
+1 1
-4 1
+2 1
+1 1
-19 4
+46 4
+2 1
-1 1
+1 2
+1 1
+25 3
+11 4
+1 5
+4 2
+7 1
+1 1
+1 1
+1 7
-74 2
+7 1
-14 1
+16 1
+6 1
-5 2
+5 1
-96 4
+10 6
+14 2
+4 1
+3 1
+1 1
-4 1
+3 1
-3 1
+3 1
+6 4
-37 12
+7 6
-7 3
+7 2
+3 20
+5 2
+4 1
+1 1
-1 2
+1 5

fn=(52)
133 48
-4 48
+10 72
+87 24
-97 72
+90 24
-90 48
+10 48
-10 24
+10 24
+73 72
-73 24
+73 48
-69 24
+2 48
-10 12
257 144
-31 144
fi=(21) ./elf/../bits/stdlib-bsearch.h
28 144
fe=(20)
+92 96
fi=(21)
-92 108
fe=(20)
+92 72
+3 324
fi=(21)
-97 768
+2 720
fe=(20)
+92 480
+21 144
+2 36
+2 132
+8 120
+51 96
fi=(21)
44 60
-18 120
+17 72
fe=(20)
165 36
+3 60
+9 18
+1 18
+1 18
+1 18
-18 18
+12 18
+23 21
-32 63
+3 63
+4 58
+2 116
+3 58
+1 50
+1 38
+1 24
+2 11
+2 22
+6 14
+3 8
+1 12
-3 9
-5 4
+2 4
+1 4
-2 4
-1 4
+2 8
-2 4
+3 4
-2 12
+2 12
+11 2
-38 6
+12 15

fl=(26) ./elf/./elf/dl-object.c
fn=(70) _dl_new_object
59 60
+3 8
+18 3
+3 6
cfi=(22) ./string/../sysdeps/x86_64/multiarch/../multiarch/strlen-avx2.S
cfn=(60) strlen
calls=3 -31 
* 50
+4 3
-4 3
+4 3
+5 3
-9 9
fi=(28)
-39 6
cfi=(27)
cfn=(72)
calls=3 +36 
* 193
fe=(26)
+39 1
fi=(28)
-39 2
cfi=(27)
cfn=(72)
calls=1 +36 
* 35
* 4
fe=(26)
+51 8
+4 4
-1 4
+6 4
-5 4
+5 4
-5 4
+4 4
+1 4
-1 4
+1 8
cfi=(29)
cfn=(80) memcpy
calls=4 210 
* 54
* 4
+15 4
-15 4
+2 4
+13 8
+6 1
+2 7
+3 2
-3 21
+3 6
+6 4
-4 4
+4 4
+3 12
+2 12
-2 8
+2 8
-2 16
+16 8
-5 4
-1 8
+6 12
+2 6
+3 6
-3 6
+7 12
+4 9
+8 1
+13 1
-10 2
+10 6
-10 6
+10 9
+2 3
cfi=(22)
cfn=(60)
calls=3 52 
* 66
+21 3
-21 9
+17 3
-13 9
+50 9
cfi=(29)
cfn=(124)
calls=3 -48 
* 42
* 3
+5 6
+1 6
-1 108
+1 108
+4 6
+1 3
+3 3
+4 36
131 8
-8 3
-4 6
+34 1
+7 4
+8 12
fi=(28)
56 6
cfi=(27)
cfn=(76)
calls=3 -20 
* 54
* 3
fe=(26)
200 6
-1 6
64 2
+2 3
+1 6
+10 1
-6 2

fn=(82) _dl_add_to_namespace_list
31 20
+2 4
-2 8
+2 4
cfi=(24)
cfn=(84)
calls=4 +10 
* 12
+2 26
+3 36
+2 3
+2 3
+4 3
+1 3
+3 3
-4 3
+1 3
+1 3
+3 3
-3 3
+3 6
-1 3
cfi=(24)
cfn=(84)
calls=3 -7 
* 9
-4 1
+1 1
+3 1
-4 1
+1 1
+1 1
+3 1
-3 1
+3 2
-1 1
cfi=(24)
cfn=(84)
calls=1 -7 
* 3
-5 2

fl=(143) ./elf/../sysdeps/nptl/dl-mutex.c
fn=(474) __rtld_mutex_init
30 2
+10 4
-10 3
+7 1
+3 2
cfi=(144)
cfn=(476)
calls=1 +34 
* 140
+4 2
+1 9
+2 5
-2 1
+2 1
cfi=(144)
cfn=(476)
calls=1 +27 
* 124
* 1
+4 2
+1 6
+1 2
-1 1
+1 2

fl=(2) ./elf/./elf/rtld.c
fn=(256) version_check_doit
674 2
+2 1
-2 4
+2 3
cfi=(76) ./elf/./elf/dl-version.c
cfn=(258) _dl_check_all_versions
calls=1 399 
* 11226
* 2
+4 3

fn=(264) init_tls
734 1
+6 1
-6 3
+2 2
+4 1
fi=(28)
44 1
fe=(2)
751 1
fi=(28)
44 1
fe=(2)
746 1
+4 1
fi=(28)
44 1
cfi=(27)
cfn=(72)
calls=1 +36 
* 29
fe=(2)
759 1
-10 1
-3 1
+10 1
+3 1
cfi=(48)
cfn=(268)
calls=1 133 
* 73
+3 1
cfi=(48)
cfn=(270)
calls=1 251 
* 222
+7 1
cfi=(48)
cfn=(274)
calls=1 517 
* 460
* 1
+1 2
+6 1
fi=(79) ./elf/../sysdeps/generic/dl-call_tls_init_tp.h
31 2
fe=(2)
776 1
fi=(79)
31 6
+2 1
cfi=(24)
cfn=(280) __tls_init_tp
calls=1 +36 
* 94
fe=(2)
783 1
-3 1
+3 4

fn=(2) _dl_start
519 10
84 1
fi=(6) ./elf/../sysdeps/x86_64/dl-machine.h
-29 1
fe=(2)
549 1
-4 1
fi=(6)
55 1
fe=(2)
+29 3
548 2
fi=(3) ./elf/./get-dynamic-info.h
45 4
+23 20
-23 72
+4 36
+3 5
-1 10
+3 20
+1 16
+1 5
fi=(4) ./elf/../sysdeps/generic/ldsodefs.h
+23 1
fi=(3)
+31 1
-38 3
+12 4
+1 3
+1 4
+1 4
+1 5
+1 3
+1 4
+1 4
+12 7
+7 2
+13 3
+6 3
+1 3
+3 2
+1 3
+5 5
+3 5
fe=(2)
565 140
fi=(3)
59 4
fe=(2)
565 12
fi=(4)
79 1
fe=(2)
565 1
fi=(4)
79 2
fe=(2)
565 25
fi=(5) ./elf/./elf/do-rel.h
49 1
+4 1
-4 1
-1 1
+1 1
+4 4
+3 2
fe=(2)
565 1
fi=(5)
49 1
+4 1
-4 1
-1 1
+1 1
+4 4
+3 2
-6 6
+11 5
+2 1
fi=(6)
273 3
fi=(5)
63 1
+2 1
-1 2
fi=(6)
282 10
+4 2
+26 4
fi=(5)
61 3
fe=(2)
565 8
fi=(5)
51 1
fi=(4)
+28 2
fe=(2)
567 1
454 1
cfi=(7) ./elf/./elf/dl-minimal.c
cfn=(12) __rtld_malloc_init_stubs
calls=1 42 
* 10
+4 4
84 1
476 1
84 3
476 1
cfi=(8) ./elf/./elf/dl-setup_hash.c
cfn=(14) _dl_setup_hash
calls=1 25 
* 27
+1 1
+4 1
+9 1
-13 1
+19 1
-17 1
+2 1
+15 2
cfi=(9) ./elf/../sysdeps/unix/sysv/linux/dl-sysdep.c
cfn=(16) _dl_sysdep_start
calls=1 102 
* 216760
* 1
+2 2
+87 9
fi=(3)
62 4
+2 4
+39 3
fe=(2)

fn=(154) handle_preload_list
852 11
+5 3
-58 2
+54 2
-54 2
-2 3
+2 3
+71 1
182 1
872 2
182 2
874 2
-14 3
cfi=(52) ./string/../sysdeps/x86_64/multiarch/../multiarch/strcspn-sse4.c
cfn=(156) strcspn
calls=1 87 
* 70
* 1
+1 3
+2 4
cfi=(29)
cfn=(80)
calls=1 210 
* 12
+1 2
-71 1
+6 4
-2 1
+2 1
-10 1
+6 1
-2 1
+6 1
cfi=(54) ./elf/./elf/dl-catch.c
cfn=(160) _dl_catch_error
calls=1 258 
* 2595
+1 3
+8 3
+67 1
-18 2
+21 9

fn=(64) dl_main
1356 3
196 1
1356 1
295 1
1356 13
198 1
301 1
+1 1
196 1
+99 1
+4 1
1368 2
cfi=(24)
cfn=(66) __tls_pre_init_tp
calls=1 54 
* 18
2745 1
2513 1
2745 3
2584 1
+2 1
+15 3
-13 2
cfi=(25)
cfn=(68)
calls=1 28 
* 71
* 4
cfi=(25)
cfn=(68)
calls=2 28 
* 285
* 9
+4 6
-2 2
+2 8
+1 2
-1 6
+1 17
-1 89
+9 12
2712 2
+10 3
1378 1
+1 2
-1 2
+1 2
2673 3
-47 2
+10 2
1646 8
cfi=(26)
cfn=(70)
calls=1 59 
* 199
* 1
+2 3
+1 2
+6 1
-6 1
+1 2
+1 3
+4 1
cfi=(26)
cfn=(82)
calls=1 31 
* 33
+1 2
1361 1
1095 1
-1 1
+28 1
-21 2
+21 1
-19 1
+1 1
+18 1
-21 1
+21 2
+1 1
-1 1
-25 1
+22 1
fi=(30) ./elf/../include/stackinfo.h
62 1
fe=(2)
1123 102
+33 8
-1 4
+1 16
-1 4
+2 8
+1 1
+2 12
+1 14
+4 8
+1 8
+1 4
+4 8
-49 22
+88 22
-1 24
+1 12
+6 12
-6 24
fi=(31) ./elf/../sysdeps/x86/dl-prop.h
149 4
fe=(2)
1177 3
+7 1
-1 2
+6 1
-6 1
-56 1
+62 3
-67 2
+68 1
+1 1
-1 1
+4 2
-72 2
+5 1
-5 1
+5 2
-5 2
+21 1
-21 1
+21 1
+2 1
-3 1
+5 1
-2 1
-23 2
+10 2
-10 1
+10 1
+1 9
-11 2
+1 10
+80 1
-81 1
+81 2
-81 2
fi=(30)
62 1
fe=(2)
1122 1
fi=(30)
62 5
fe=(2)
1122 4
1222 4
+2 3
+1 3
+2 2
1679 1
cfi=(32) ./elf/./elf/dl-execstack-tunable.c
cfn=(90) _dl_handle_execstack_tunable
calls=1 24 
* 33
fi=(4)
96 3
+3 4
+1 1
fe=(2)
1685 3
+1 4
cfi=(33) ./string/../sysdeps/x86_64/multiarch/../multiarch/strcmp-avx2.S
cfn=(94) strcmp
calls=1 206 
* 20
* 2
+13 2
+2 2
fi=(3)
39 4
+6 1
-2 1
+2 2
+23 28
-23 112
+4 56
+3 6
-1 12
+3 24
+1 20
+17 4
+43 2
+7 3
+1 4
+6 3
+18 4
+5 2
+2 2
+2 2
+2 2
+1 2
+3 4
+2 3
+1 2
+9 2
+6 2
+1 3
+3 3
fi=(4)
-88 4
fe=(2)
1714 2
cfi=(8)
cfn=(14)
calls=1 25 
* 27
+3 2
fi=(34) ./elf/./setup-vdso.h
24 2
fi=(37) ./elf/./dl-main.h
+85 2
fi=(36) ./elf/../sysdeps/unix/sysv/linux/dl-vdso-setup.h
-55 1
fi=(37)
+55 3
cfi=(38) ./elf/./elf/dl-load.c
cfn=(106) _dl_init_paths
calls=1 680 
* 2173
fe=(2)
1742 3
cfi=(47) ./elf/./elf/dl-debug.c
cfn=(142) _dl_debug_initialize
calls=1 120 
* 21
+7 1
-5 1
-2 1
+7 1
+4 1
+1 1
+2 1
-3 3
+1 2
+3 1
1252 1
1755 1
1252 1
+1 2
+5 1
-3 2
+2 1
+11 1
-10 1
+3 1
+7 3
+4 1
-5 1
+5 3
-3 7
-1 14
+2 22
+2 4
+1 8
-1 8
+2 8
+5 4
-10 4
+10 8
-11 10
+18 1
+1 2
-1 2
223 1
fi=(4)
79 1
fe=(2)
224 1
-1 1
+1 1
fi=(4)
79 1
fe=(2)
224 3
1771 2
+4 1
1362 1
1776 2
+24 1
cfi=(48)
cfn=(144)
calls=1 228 
* 6
* 1
fi=(49) ./elf/../sysdeps/generic/dl-debug.h
29 4
+1 1
fe=(2)
1806 3
cfi=(47)
cfn=(148) _dl_debug_change_state
calls=1 104 
* 11
+1 1
+4 3
cfi=(51)
cfn=(152) _dl_audit_activity_map
calls=1 29 
* 5
+5 3
+2 1
+2 2
+9 2
+16 3
cfi=(67)
cfn=(218)
calls=1 25 
* 9
* 2
+76 4
+16 3
84 1
1947 1
84 2
1947 1
84 1
1947 7
cfi=(68) ./elf/./elf/dl-deps.c
cfn=(220) _dl_map_object_deps
calls=1 143 
* 13387
91 1
1957 2
-4 1
+16 1
91 2
+9 2
1953 8
+1 1
-1 1
+1 1
-1 2
+1 4
-1 4
+1 4
-1 8
+4 1
+1 2
+1 1
+2 14
+1 5
-1 3
+1 4
-1 3
+1 4
225 2
-2 2
+2 2
1969 2
+1 1
-1 1
+1 2
+2 1
+2 3
+2 1
-4 1
+5 1
-1 2
+14 4
+1 2
+1 3
+2 2
+1 2
+7 1
+2 1
-1 3
+1 3
-1 1
+1 1
cfi=(54)
cfn=(254) _dl_receive_error
calls=1 190 
* 11262
+10 1
+1 2
+3 2
820 1
fi=(251) ./elf/../sysdeps/unix/sysv/linux/dl-osinfo.h
39 2
fe=(2)
822 1
fi=(251)
52 1
fe=(2)
831 1
+2 1
+5 1
2023 3
2222 2
+4 1
-4 1
+10 1
-6 1
+6 1
+3 2
+8 2
fi=(31)
36 2
+1 4
+16 9
-13 4
+9 8
-9 1
+9 20
+4 8
-16 10
+34 2
fe=(2)
2247 1
fi=(31)
71 1
cfi=(81) ./elf/../sysdeps/x86_64/dl-cet.c
cfn=(284) _dl_cet_check
calls=1 361 
* 24
fe=(2)
2247 2
+3 1
+5 2
84 1
2260 1
-1 2
84 3
2259 5
cfi=(82) ./elf/./elf/dl-reloc.c
cfn=(286) _dl_relocate_object
calls=1 343 
* 66627
91 3
+9 2
-16 2
2268 1
84 2
2268 1
+1 15
+2 10
+5 10
+2 10
+6 5
+2 40
cfi=(82)
cfn=(286)
calls=5 343 
* 90195
+4 16
+1 6
-22 3
+22 3
cfi=(48)
cfn=(458)
calls=3 1177 
* 81
-22 8
91 3
+1 2
2298 1
cfi=(48)
cfn=(460)
calls=1 1138 
* 43
+6 2
+4 4
+2 1
+7 4
cfi=(48)
cfn=(462)
calls=1 612 
* 313
+3 2
+4 3
+3 1
cfi=(141) ./elf/./elf/dl-find_object.c
cfn=(464) _dl_find_object_init
calls=1 578 
* 1076
+5 2
84 1
2336 4
84 3
2336 2
cfi=(82)
cfn=(288) _dl_relocate_object_no_relro
calls=1 207 
* 255
91 3
+9 2
2339 1
cfi=(143)
cfn=(474)
calls=1 30 
* 308
+1 2
cfi=(7)
cfn=(478) __rtld_malloc_init_real
calls=1 76 
* 2111
+3 2
cfi=(47)
cfn=(484) _dl_debug_post_relocate
calls=1 46 
* 535
+4 2
cfi=(82)
cfn=(486) _dl_protect_relro
calls=1 352 
* 35
+5 3
cfi=(146)
cfn=(488)
calls=1 27 
* 1189
+7 1
cfi=(9)
cfn=(508) _dl_sysdep_start_cleanup
calls=1 147 
* 2
+4 2
cfi=(47)
cfn=(214) _dl_debug_update
calls=1 94 
* 7
+1 2
-1 1
+1 1
cfi=(47)
cfn=(148)
calls=1 104 
* 11
+1 1
+3 3
cfi=(51)
cfn=(510) _dl_audit_activity_nsid
calls=1 41 
* 10
+4 1
cfi=(71) ./elf/./elf/dl-cache.c
cfn=(512) _dl_unload_cache
calls=1 508 
* 19
+5 10
-97 1
+1 1
-3 2
1289 1
1762 1
1289 2
1762 1
fi=(3)
56 5
+3 4
fi=(35) ./elf/../sysdeps/unix/sysv/linux/dl-vdso.h
-19 2
+1 5
fi=(36)
-11 1
+3 1
+3 1
+3 1
+6 1
fi=(35)
+10 2
fe=(2)
1689 1
+1 1
+1 1
+2 2
+1 3
fi=(3)
72 3
+12 3
+1 5
+1 5
+1 5
+1 4
+1 5
+1 5
+1 5
+12 2
+7 1
-7 7
+7 2
fe=(2)
1752 4
2673 2
+2 1
+1 1
-1 1
+1 1
+1 1
2016 2
cfn=(264)
calls=1 734 
* 919
* 2
fi=(3)
62 4
+2 4
fe=(2)
2636 2
+2 2
+1 1
1925 10
84 1
1824 2
84 3
1824 2
cfn=(154)
calls=1 852 
* 2753
* 1
91 3
+9 3
1961 2
-36 6
+1 1
-1 1
+4 3
+1 1
+1 2
+1 2
-7 2

fn=(166) map_doit
641 2
+2 1
-2 4
+2 1
+1 2
-1 2
+1 3
cfi=(38)
cfn=(168) _dl_map_object
calls=1 2213 
* 2481
* 1
+2 3

fl=(56) ./elf/./elf/dl-misc.c
fn=(234) _dl_sysdep_read_whole_file
36 2
+3 1
-3 5
+3 1
-3 1
+3 1
cfi=(57) ./io/../sysdeps/unix/sysv/linux/open64_nocancel.c
cfn=(180) __open_nocancel
calls=1 -11 
* 21
+1 3
+2 4
cfi=(59) ./io/../sysdeps/unix/sysv/linux/fstat64.c
cfn=(186) fstat
calls=1 -12 
* 6
* 3
+2 2
+3 2
+13 3
cfi=(66) ./io/../sysdeps/unix/sysv/linux/close_nocancel.c
cfn=(208) __GI___close_nocancel
calls=1 -35 
* 6
* 1
+3 6
-14 6
cfi=(61) ./misc/../sysdeps/unix/sysv/linux/mmap64.c
cfn=(190) mmap
calls=1 -2 
* 26
* 3

fn=(172) _dl_name_match_p
68 294
+1 84
cfi=(33)
cfn=(94)
calls=42 206 
* 981
* 42
+1 42
-1 42
+3 42
+2 84
+4 43
-4 86
+1 159
cfi=(33)
cfn=(94)
calls=53 206 
* 1208
* 106
-5 10
+11 72
-1 32
+1 96

fl=(7)
fn=(480) lookup_malloc_symbol
61 8
+3 4
-3 12
+3 4
-3 4
+3 20
-1 4
+1 4
cfi=(83) ./elf/./elf/dl-lookup.c
cfn=(296) _dl_lookup_symbol_x
calls=4 767 
* 1915
+4 32
+1 24
+2 4
fi=(145) ./elf/./dl-sym-post.h
-30 8
+12 12
fe=(7)
+19 12

fn=(478)
76 2
+10 1
+5 1
-15 3
+15 1
-15 5
+10 1
+2 1
+1 1
+2 1
cfn=(480)
calls=1 -30 
* 509
+1 3
-1 1
+1 1
cfn=(480)
calls=1 -31 
* 498
+1 3
-1 1
+1 1
cfn=(480)
calls=1 -32 
* 542
+1 3
-1 1
+1 1
cfn=(480)
calls=1 -33 
* 518
+5 1
+1 1
+1 1
+1 1
+1 8

fn=(12)
42 1
+1 2
+1 2
+1 2
+1 2
+1 1

fn=(132) strsep
239 2
+3 6
+2 2
+1 4
+4 3
-2 3
+4 28
+5 84
-2 56
+13 1
+4 4
-22 14
+15 14
-15 30

fl=(156) ./elf/./elf/dl-init.c
fn=(526) call_init.part.0
26 60
+17 5
+3 5
-3 10
+3 10
+5 8
+8 12
+1 12
cob=(3)
cfi=(152)
cfn=(550)
calls=1 -60 
* 7
cob=(3)
cfi=(152)
cfn=(528)
calls=1 -60 
* 7
+3 4
+1 8
+6 9
+3 6
-1 21
+2 12
cob=(5)
cfi=(163)
cfn=(556)
calls=1 -74 
* 12
cob=(2)
cfi=(162) ./libio/./libio/stdfiles.c
cfn=(548) _IO_stdfiles_init
calls=1 -10 
* 22
cob=(2)
cfi=(161) ./libio/./libio/vtables.c
cfn=(546) check_stdfiles_vtables
calls=1 545 
* 12
* 12
cob=(5)
cfi=(163)
cfn=(554)
calls=1 -74 
* 368
cob=(2)
cfi=(158) ./csu/./csu/init-first.c
cfn=(538) _init_first
calls=1 -28 
* 69
cob=(4)
cfi=(157)
cfn=(532)
calls=1 -74 
* 12
-1 18
+3 40
-29 2

fn=(524) _dl_init
81 13
+1 1
+1 1
+3 3
+8 2
+25 1
+1 8
+1 10
-92 10
+6 15
+2 22
+83 8
cfn=(526)
calls=4 -94 
* 686
* 8
+7 8
-98 2
+60 2
-54 3
+2 7
cfn=(526)
calls=1 -11 
* 77
* 2

fl=(51)
fn=(510)
41 3
+4 6
+1 3
-1 3
+2 15

fn=(586)
118 1
+1 4

fn=(216) _dl_audit_objopen
77 3
+1 12

fn=(152)
29 1
+2 4

fn=(1866) _dl_audit_objclose
97 5
+1 20

fl=(82)
fn=(486)
352 1
+1 3
+3 5
+3 1
-3 1
+3 1
+4 2
-11 1
+12 3
-12 3
+12 1
-12 1
+12 1
cfi=(140) ./misc/../sysdeps/unix/syscall-template.S
cfn=(456) mprotect
calls=1 117 
* 6
* 2
+6 3

fn=(288)
207 40
+13 5
-13 25
+16 5
-16 5
+16 5
+3 15
+20 15
+1 10
-30 6
+33 6
+7 12
fi=(6)
78 8
+6 4
+4 3
+6 1
+9 2
+23 2
fi=(4)
-47 1
fe=(82)
296 2
fi=(4)
79 2
fe=(82)
296 2
fi=(4)
79 4
fe=(82)
296 8
fi=(4)
79 8
fe=(82)
296 11103
fi=(4)
79 1
fe=(82)
296 1
fi=(4)
79 2
fe=(82)
296 174
190 9
296 1
fi=(5)
53 1
fe=(82)
296 1
fi=(5)
49 1
+31 1
-32 1
+2 1
-1 2
+4 1
-3 3
+3 3
+27 2
fe=(82)
296 4
190 36
296 4
fi=(5)
53 4
fe=(82)
296 4
fi=(5)
49 4
+31 4
-32 4
+2 4
-1 8
+4 4
-3 12
+3 12
+27 8
fe=(82)
296 5
fi=(5)
53 5
fe=(82)
296 5
fi=(5)
49 5
+31 5
-32 5
+2 5
-1 10
+4 5
-3 15
+3 15
+27 10
+3 2
-11 7
fi=(6)
509 110
+4 110
+3 165
+1 55
fi=(5)
83 165
+2 220
-2 2
+13 2
fe=(82)
296 40
fi=(6)
725 30
+4 6
fe=(82)
298 20
+23 5
+3 10
+14 45
fi=(5)
105 27
+9 20
fi=(6)
493 8193
+5 5462
+1 5462
fi=(5)
114 2731
fi=(6)
499 5462
fi=(5)
114 5462
+3 36
+3 28
+2 14
-49 12
fe=(82)
190 28
fi=(5)
-66 8
+1 4
-1 4
+5 4
-5 8
+1 12
+4 8
-5 448
+1 224
-1 224
+5 224
-5 448
+1 672
+4 448
-2 182
-1 546
+1 364
-1 182
+1 182
fi=(6)
262 364
+7 364
+4 364
fe=(82)
170 728
fi=(4)
-18 501
fe=(82)
+19 334
+3 334
+8 320
-8 1434
+12 318
-3 159
+1 159
+2 638
-3 1
+1 1
+2 164
+1 160
-1 160
+2 320
-1 640
+3 960
cfi=(83)
cfn=(296)
calls=160 767 
* 86171
+4 160
-4 160
+3 160
+1 800
fi=(6)
+88 1643
+4 364
+26 1092
418 27
fi=(5)
141 27
fi=(6)
418 314
fi=(5)
141 503
-19 696
+33 8
+1 63
+1 183
+3 92
+2 46
+2 46
-4 46
+2 46
+1 46
-1 92
fe=(82)
+8 184
fi=(6)
286 92
471 92
+2 46
cfi=(15) ./elf/../sysdeps/x86/dl-get-cpu-features.c
cfn=(472) __x86_cpu_features
calls=1 76 
* 6
cob=(2)
cfi=(120) ./string/../sysdeps/x86_64/multiarch/strncase.c
cfn=(452) strncasecmp
calls=1 31 
* 12
cob=(2)
cfi=(139) ./string/../sysdeps/x86_64/multiarch/mempcpy.c
cfn=(448) mempcpy
calls=1 33 
* 18
cob=(2)
cfi=(138) ./wcsmbs/../sysdeps/x86_64/multiarch/wcpncpy.c
cfn=(446) wcpncpy
calls=1 31 
* 9
cob=(2)
cfi=(137) ./string/../sysdeps/x86_64/multiarch/strspn.c
cfn=(444) strspn
calls=1 29 
* 3
cob=(2)
cfi=(135) ./string/../sysdeps/x86_64/multiarch/memchr.c
cfn=(440) memchr
calls=1 29 
* 12
cob=(2)
cfi=(134) ./string/../sysdeps/x86_64/multiarch/memmove.c
cfn=(436) memmove
calls=1 29 
* 18
cob=(2)
cfi=(133) ./string/../sysdeps/x86_64/multiarch/stpcpy.c
cfn=(432) stpcpy
calls=1 33 
* 12
cob=(2)
cfi=(132) ./debug/../sysdeps/x86_64/multiarch/memmove_chk.c
cfn=(428) __memmove_chk
calls=1 29 
* 18
cob=(2)
cfi=(130) ./wcsmbs/../sysdeps/x86_64/multiarch/wmemcmp.c
cfn=(424) wmemcmp
calls=1 29 
* 12
cob=(2)
cfi=(129) ./string/../sysdeps/x86_64/multiarch/strncpy.c
cfn=(420) strncpy
calls=1 29 
* 12
cob=(2)
cfi=(128) ./string/../sysdeps/x86_64/multiarch/strlen.c
cfn=(416) strlen
calls=1 29 
* 12
cob=(2)
cfi=(127) ./wcsmbs/../sysdeps/x86_64/multiarch/wcscat.c
cfn=(414) wcscat
calls=1 31 
* 9
cob=(2)
cfi=(126) ./string/../sysdeps/x86_64/multiarch/strcasecmp.c
cfn=(410) strcasecmp_l
calls=1 31 
* 12
cob=(2)
cfi=(117) ./string/../sysdeps/x86_64/multiarch/strcpy.c
cfn=(406) strcpy
calls=1 29 
* 12
cob=(2)
cfi=(124) ./wcsmbs/../sysdeps/x86_64/multiarch/wmemset.c
cfn=(402) wmemset
calls=2 31 
* 20
cob=(2)
cfi=(122) ./string/../sysdeps/x86_64/multiarch/memcmp.c
cfn=(398) bcmp
calls=1 29 
* 12
cob=(2)
cfi=(121) ./string/../sysdeps/x86_64/multiarch/strchrnul.c
cfn=(394) strchrnul
calls=1 31 
* 12
cob=(2)
cfi=(120)
cfn=(390) strncasecmp_l
calls=1 31 
* 12
cob=(2)
cfi=(118) ./string/../sysdeps/x86_64/multiarch/strcat.c
cfn=(386) strcat
calls=1 29 
* 12
cob=(2)
cfi=(117)
cfn=(384) strcspn
calls=1 29 
* 3
cob=(2)
cfi=(111) ./string/../sysdeps/x86_64/multiarch/stpncpy.c
cfn=(380) strcasecmp
calls=1 31 
* 12
cob=(2)
cfi=(115) ./string/../sysdeps/x86_64/multiarch/strncmp.c
cfn=(378) strncmp
calls=1 67 
* 12
cob=(2)
cfi=(113) ./wcsmbs/../sysdeps/x86_64/multiarch/wmemchr.c
cfn=(374) wmemchr
calls=2 31 
* 24
cob=(2)
cfi=(111)
cfn=(370) stpncpy
calls=1 31 
* 12
cob=(2)
cfi=(110) ./wcsmbs/../sysdeps/x86_64/multiarch/wcscmp.c
cfn=(366) wcscmp
calls=1 30 
* 12
cob=(2)
cfi=(109) ./string/../sysdeps/x86_64/multiarch/strrchr.c
cfn=(362) rindex
calls=1 28 
* 12
cob=(2)
cfi=(107) ./debug/../sysdeps/x86_64/multiarch/memset_chk.c
cfn=(358) __memset_chk
calls=1 29 
* 19
cob=(2)
cfi=(106) ./string/../sysdeps/x86_64/multiarch/strchr.c
cfn=(356) index
calls=1 65 
* 12
cob=(2)
cfi=(104) ./wcsmbs/../sysdeps/x86_64/multiarch/wcschr.c
cfn=(352) wcschr
calls=2 31 
* 24
cob=(2)
cfi=(102) ./string/../sysdeps/x86_64/multiarch/memcmpeq.c
cfn=(348) memcpy@@GLIBC_2.14
calls=1 29 
* 18
cob=(2)
cfi=(101) ./wcsmbs/../sysdeps/x86_64/multiarch/wcsncpy.c
cfn=(346) wcsncpy
calls=1 31 
* 9
cob=(2)
cfi=(94) ./string/../sysdeps/x86_64/multiarch/memrchr.c
cfn=(342) memrchr
calls=1 29 
* 12
cob=(2)
cfi=(100) ./debug/../sysdeps/x86_64/multiarch/memcpy_chk.c
cfn=(338) __memcpy_chk
calls=1 29 
* 18
cob=(2)
cfi=(98) ./debug/../sysdeps/x86_64/multiarch/mempcpy_chk.c
cfn=(334) __mempcpy_chk
calls=1 29 
* 18
cob=(2)
cfi=(97) ./wcsmbs/../sysdeps/x86_64/multiarch/wcslen.c
cfn=(330) wcslen
calls=1 29 
* 12
cob=(2)
cfi=(94)
cfn=(324) memset
calls=1 29 
* 19
cob=(2)
cfi=(92) ./wcsmbs/../sysdeps/x86_64/multiarch/wcsnlen.c
cfn=(320) wcsnlen
calls=1 30 
* 12
cob=(2)
cfi=(91) ./string/../sysdeps/x86_64/multiarch/strcmp.c
cfn=(318) strcmp
calls=1 79 
* 12
cob=(2)
cfi=(90) ./string/../sysdeps/x86_64/multiarch/strpbrk.c
cfn=(316) strpbrk
calls=1 29 
* 3
cob=(2)
cfi=(88) ./string/../sysdeps/x86_64/multiarch/strnlen.c
cfn=(312) strnlen
calls=2 31 
* 24
cob=(2)
cfi=(86) ./string/../sysdeps/x86/cacheinfo.c
cfn=(308) __x86_cacheinfo
calls=1 86 
* 30
fi=(5)
156 46
fi=(6)
474 46
fi=(5)
156 96
-14 51
fi=(6)
395 45
+2 60
+4 15
+9 15
-9 30
+9 15
fi=(5)
141 30
fi=(6)
315 17
+3 17
+23 2
+1 3
fi=(5)
141 2
-9 46
+1 46
-1 138
+2 46
fi=(6)
282 75
+3 12
+24 6
cob=(2)
cfi=(128)
cfn=(416)
calls=1 29 
* 12
cob=(2)
cfi=(94)
cfn=(324)
calls=1 29 
* 19
cob=(2)
cfi=(122)
cfn=(398)
calls=2 29 
* 24
cob=(2)
cfi=(134)
cfn=(436)
calls=1 29 
* 18
cob=(2)
cfi=(102)
cfn=(348)
calls=1 29 
* 18
* 24
fi=(5)
51 5
fi=(4)
+28 10
fe=(82)
296 72
fi=(6)
-14 230
fe=(82)
175 63
+3 7
-1 7
+19 7
-18 14
fi=(6)
290 12
+1 18
fi=(5)
171 4
-98 3
fe=(82)
190 5
fi=(5)
-17 3
+3 1
-3 4
+3 2
-3 15
+3 5
-3 20
+3 10
-2 12
+10 6
fi=(6)
+78 12
+7 12
+4 12
fe=(82)
170 24
fi=(4)
-18 18
fe=(82)
+19 12
+3 12
+8 12
-8 54
+12 12
-3 6
+1 6
+2 36
+4 24
-4 6
+4 18
cfi=(83)
cfn=(296)
calls=6 767 
* 2900
+4 6
-4 6
+3 6
+1 30
fi=(6)
+88 32
+4 4
+26 36
418 6
fi=(5)
187 18
-16 18
+31 5
fe=(82)
+48 4
+7 8
-9 4
fi=(6)
+54 7
fe=(82)
175 21

fn=(286)
343 6
+1 14
-1 20
+3 4
cfn=(288)
calls=4 207 
* 156666
+7 12
+3 20
+3 4
-3 4
+3 4
+4 8
-15 12
+16 16
cfi=(140)
cfn=(456)
calls=4 117 
* 24
* 8

fl=(9)
fn=(18) _dl_sysdep_parse_arguments
78 1
+2 1
-2 7
+1 1
+1 1
-1 1
+2 3
+2 3
-1 1
+1 2
-1 52
+1 104
+7 56
fi=(10) ./elf/../sysdeps/unix/sysv/linux/dl-parse_auxv.h
-48 1
fe=(9)
+44 1
fi=(10)
-53 1
fe=(9)
+53 1
fi=(10)
-53 1
+1 1
+1 1
+7 3
+1 44
+1 22
-2 22
+2 22
-2 66
+13 1
+10 1
fe=(9)
+29 1
fi=(10)
-27 2
fe=(9)
+26 1
fi=(10)
-38 1
+2 1
fe=(9)
+37 1
+1 1
fi=(10)
-38 1
+8 1
-18 1
+1 1
+17 1
-16 1
+1 1
+15 1
+2 1
-16 1
+1 1
+1 1
+14 1
-13 2
+13 1
-18 1
+6 1
-5 1
+5 1
+2 1
-6 1
+6 1
fe=(9)
+37 1
fi=(10)
-42 1
-4 1
+5 1
+1 1
-8 1
+21 1
-20 1
+18 1
fe=(9)
+28 1
+1 1
+1 1
+1 8

fn=(16)
102 5
+4 1
-4 1
+1 1
+3 1
cfn=(18)
calls=1 -28 
* 472
+4 2
cfi=(11)
cfn=(22) __GI___tunables_init
calls=1 294 
* 13156
+3 1
cfi=(13) ./elf/./elf/dl-sort-maps.c
cfn=(26) _dl_sort_maps_init
calls=1 289 
* 32
+2 2
cfi=(14)
cfn=(30)
calls=1 -79 
* 8
fi=(6)
+94 1
cfi=(15)
cfn=(34) _dl_x86_init_cpu_features
calls=1 37 
* 7129
fe=(9)
-87 3
+1 1
cfi=(22)
cfn=(60)
calls=1 -71 
* 14
* 1
+2 2
cfi=(23)
cfn=(62)
calls=1 -88 
* 13
* 3
+12 3
+3 5
cfi=(2)
cfn=(64)
calls=1 1356 
* 195899
+3 4

fn=(508)
147 1
+1 1

fl=(83)
fn=(296)
767 3420
fi=(84) ./elf/../sysdeps/generic/dl-new-hash.h
74 171
fe=(83)
767 342
fi=(84)
77 342
-8 171
+1 513
+10 171
+1 342
-1 1004
+1 2008
+20 1096
-2 1096
+6 1096
-3 2192
+2 1096
-30 1096
+3 2192
fe=(83)
769 171
+1 171
+3 171
-4 171
+1 171
+7 658
+5 342
-2 342
+6 855
-15 171
+15 905
+1 2394
cfn=(300) do_lookup_x
calls=171 344 
* 60015
* 513
+5 513
+23 161
+1 946
+7 161
-7 161
+35 644
+14 483
+3 322
+17 322
+2 1881
fi=(84)
87 79
+1 79
+1 158
+1 79
fe=(83)
794 70
+17 10
+1 20
+54 2

fn=(300)
344 2565
+6 171
+59 171
-58 171
fi=(85) ./elf/../sysdeps/generic/dl-protected.h
29 171
fe=(83)
409 171
fi=(85)
29 171
fe=(83)
409 1197
-26 1164
+4 1164
+6 1746
+8 582
-4 582
+1 582
+3 2328
+1 1164
+3 582
-3 582
+4 1164
+4 1164
-2 582
+5 1164
+3 2910
+99 1263
355 1746
+3 1164
+4 1164
518 20
fi=(4)
151 322
+1 483
fe=(83)
473 322
fi=(85)
29 322
fe=(83)
480 1148
+16 322
+1 161
+1 161
+21 1368
-99 492
-1 328
+2 328
+2 163
+6 489
-6 163
+6 1304
+7 609
-10 1820
+2 163
+1 489
-1 163
+1 326
-1 163
+1 489
+1 163
-1 163
+1 163
-1 978
cfn=(302) check_match
calls=163 71 
* 16945
+4 1777
+51 105
-17 4
-22 14

fn=(302)
71 163
+2 1304
+13 815
-16 1467
+19 831
cfi=(33)
cfn=(94)
calls=101 206 
* 2554
* 202
+4 326
+1 326
+4 320
+4 320
+1 1440
+1 790
cfi=(33)
cfn=(94)
calls=158 206 
* 4101
* 316
+54 158
-54 316
+55 1141
-1 3
-17 6
+2 6
+1 3
-1 6
+1 9
-1 6
-65 4
+31 6
+1 2
+1 4

fl=(44) ./string/../sysdeps/x86_64/multiarch/../multiarch/memcmp-avx2-movbe.S
fn=(122) bcmp
73 1
+7 1
+1 1
+75 1
+10 1
+1 1
+1 1
+3 2
401 1
+1 1
+5 1
+1 1
+1 1
+1 1
+1 1
+3 1
+1 1
+1 1
+1 1
+3 1
+1 1

fl=(144)
fn=(476)
74 39
+2 6
+2 9
+37 3
-37 9
+1 6
+2 15
+3 25
-52 3
+54 6
-54 3
+54 3
-54 9
+1 9
+2 6
+1 6
+12 9
+3 3
+2 6
-2 3
+2 9
cfi=(33)
cfn=(94)
calls=3 206 
* 60
* 6
+4 6
+1 3
-1 3
+1 15
+1 9
cfi=(33)
cfn=(94)
calls=3 206 
* 60
* 6
+57 27
-23 6

fl=(54)
fn=(160)
258 6
+2 1
-2 1
+2 1
-2 2
+2 1
-2 1
+2 1
cfn=(162) _dl_catch_exception
calls=1 -52 
* 2567
* 1
+1 2
+1 1
+1 1
-1 1
+3 1
-2 1
+2 6

fn=(162)
208 42
58 7
208 14
+3 21
+21 21
58 14
239 21
cfi=(55)
cfn=(164)
calls=7 31 
* 168
* 21
+2 21
cfi=(68)
cfn=(224) openaux
calls=6 61 
* 10717
cfi=(2)
cfn=(166)
calls=1 641 
* 2500
69 7
+1 7
-1 7
+1 7
243 28
-25 7
+34 21
59 14
+11 21

fn=(254)
190 2
58 1
190 3
+2 1
58 1
+1 1
+11 1
196 1
+2 2
cfi=(2)
cfn=(256)
calls=1 674 
* 11241
69 2
+1 1
201 1
+1 4

fl=(58) ./io/../sysdeps/unix/sysv/linux/read_nocancel.c
fn=(182) __read_nocancel
25 3
+1 12
+1 3

fl=(42) ./elf/./elf/dl-hwcaps_split.c
fn=(116) _dl_hwcaps_split_masked
51 110
-25 33
+36 5
-7 5
+7 35
-26 24
+5 27
cfi=(43)
cfn=(118)
calls=9 +12 
* 189
+1 18
+3 18
+11 6
+1 18
+1 12
-13 6
+11 3
+1 9
+1 6
-28 24
+4 54
+1 12
-1 30
+24 6
+9 12
-5 6
-2 6
+2 42
-19 6
cfi=(22)
cfn=(60)
calls=3 +9 
* 42
* 3

fn=(120) _dl_hwcaps_split
25 2
+1 3
+1 1
+20 1

fl=(50) ./elf/./elf/dl-debug_state.c
fn=(150) _dl_debug_state
28 2
+1 2

fl=(141)
fn=(468) _dlfo_process_initial
505 14
+3 2
-3 4
+1 2
+3 4
+5 14
+10 4
-9 6
+1 10
-1 20
+3 36
+3 32
-7 10
+32 2
+2 20
-24 16
+5 24
+3 4
-1 12
cfi=(142) ./elf/./dl-find_object.h
cfn=(466) _dl_find_object_from_map
calls=4 105 
* 500
+2 16

fn=(464)
578 6
+3 1
+2 2
+13 1
cfn=(468)
calls=1 -91 
* 118
* 1
+1 3
fi=(28)
56 1
cfi=(27)
cfn=(76)
calls=1 -20 
* 18
fe=(141)
597 1
+2 2
+3 3
+5 1
+1 1
cfn=(468)
calls=1 505 
* 634
+3 4
+10 5
-37 2
cfi=(142)
cfn=(466)
calls=1 105 
* 119
* 1
+29 1
cfn=(470) _dlfo_sort_mappings
calls=1 -60 
* 144
+3 6
+2 1

fn=(470)
553 1
+1 2
-1 2
+4 2
-4 2
+4 1
-4 3
+8 1
+1 1
-1 1
+1 2
-1 2
+1 2
-1 2
+1 16
+1 6
+2 6
-3 12
+1 6
+2 6
-3 12
+8 9
+1 3
-1 12
+1 9
+1 9
-15 10
+17 4

fl=(22)
fn=(60)
52 20
+13 20
+1 20
+1 20
+3 20
+2 20
+1 20
+3 20
+1 20
+8 20
+1 20
+1 11
+5 22
+26 8
+13 8
+1 8
+1 8
+6 16
+4 1
+13 1
+1 1
+1 1
+6 2
+57 9
+15 9
+6 9
+1 9
+1 9
+2 1
+1 1
+1 1
+1 1

fl=(242) ./elf/./elf/dl-fini.c
fn=(1834) _dl_fini
26 6
+17 1
-17 4
+20 8
+3 2
cob=(2)
cfi=(243) ./nptl/./nptl/pthread_mutex_lock.c
cfn=(1836) pthread_mutex_lock@@GLIBC_2.2.5
calls=1 +22 
* 38
+2 1
+3 2
+2 5
-10 4
+95 2
+13 8
-13 2
+2 1
-2 2
+6 2
-84 3
-2 1
+2 1
cfi=(51)
cfn=(510)
calls=1 -22 
* 10
+5 16
+6 1
-6 1
+4 1
+2 3
+2 10
+2 10
+2 10
+1 5
+1 5
+4 5
-12 15
+19 6
+1 4
+6 6
cfi=(13)
cfn=(250) _dl_sort_maps
calls=1 298 
* 369
+9 2
cob=(2)
cfi=(244) ./nptl/./nptl/pthread_mutex_unlock.c
cfn=(1838) pthread_mutex_unlock@@GLIBC_2.2.5
calls=1 357 
* 28
+5 6
+2 1
+2 2
-2 4
+2 8
+13 2
+4 3
cfi=(51)
cfn=(510)
calls=1 -94 
* 10
* 2
-15 20
cfi=(245) ./elf/./elf/dl-call_fini.c
cfn=(1840) _dl_call_fini
calls=5 -96 
* 505
+3 10
cfi=(51)
cfn=(1866)
calls=5 -26 
* 25
-9 10
+14 5
-14 16

fl=(52)
fn=(156)
87 1
+1 2
+8 3
+40 1
+3 1
-3 1
fi=(252) /usr/lib/gcc/x86_64-linux-gnu/15/include/tmmintrin.h
+2 2
fi=(53) /usr/lib/gcc/x86_64-linux-gnu/15/include/smmintrin.h
687 1
fe=(52)
144 1
+4 1
fi=(53)
634 1
fe=(52)
150 1
-2 3
fi=(53)
634 1
+53 1
fe=(52)
160 1
fi=(53)
711 4
-77 2
fe=(52)
166 2
fi=(53)
687 4
+24 2
-24 2
+24 2
fe=(52)
160 4
+2 6
fi=(53)
634 1
fe=(52)
163 3
+5 1
-69 1
fi=(253) /usr/lib/gcc/x86_64-linux-gnu/15/include/emmintrin.h
1342 1
fe=(52)
99 1
fi=(253)
1342 2
1462 1
fe=(52)
104 1
+1 2
+2 1
fi=(253)
707 1
fe=(52)
109 1
fi=(252)
+29 1
fe=(52)
-29 2

fl=(1) ???
fn=(0) 0x0000000000023cc0
0 2
cfi=(2)
cfn=(2)
calls=1 519 
0 217375
0 8
cfi=(81)
cfn=(520) _dl_cet_setup_features
calls=1 331 
0 4
0 10
cfi=(156)
cfn=(524)
calls=1 81 
0 889
0 3
cob=(6)
cfi=(164)
cfn=(564)
calls=1 0 
0 1826160110

fl=(15)
fn=(34)
37 1
+2 3
-2 2
+4 1
cfi=(16)
cfn=(36)
calls=1 728 
* 7115
+8 3
+6 2
+19 2

fn=(472)
76 1
-37 3
+37 2

fl=(245)
fn=(1840)
24 40
+4 10
+6 5
-2 5
+3 10
+4 6
+3 6
-4 15
+5 3
cob=(5)
cfi=(163)
cfn=(1886)
calls=1 -43 
* 42
cob=(4)
cfi=(157)
cfn=(1868)
calls=1 -43 
* 96
cob=(6)
cfi=(164)
cfn=(1842)
calls=1 -43 
* 95
* 1
cob=(5)
cfi=(163)
cfn=(1898)
calls=1 -43 
* 96
-1 12
+5 5
+1 10
+1 6
+1 15
-1 3
cob=(3)
cfi=(152)
cfn=(1914)
calls=1 -49 
* 4
cob=(3)
cfi=(152)
cfn=(1884)
calls=1 -49 
* 4
cob=(3)
cfi=(152)
cfn=(1864)
calls=1 -49 
* 4
+1 12

fl=(68)
fn=(220)
143 6
+1 1
-1 1
+1 3
-1 2
+1 1
-1 7
+1 3
-1 1
+1 1
-1 1
+1 6
-15 1
+15 2
-8 1
-6 1
-1 1
+15 1
-16 1
+8 3
-6 1
+6 1
+24 4
-28 3
+29 1
-31 1
-2 1
+32 1
-30 2
+30 1
-30 1
-1 3
+7 4
+24 3
+28 3
fi=(75) ./elf/../include/scratch_buffer.h
77 1
fe=(68)
182 1
-18 1
fi=(75)
-87 1
+1 1
fe=(68)
184 1
+48 4
-35 1
-4 1
+4 6
-4 4
+4 8
+11 14
-18 2
+18 4
417 10
+2 3
+3 3
-3 6
+3 3
fi=(28)
56 3
cfi=(27)
cfn=(76)
calls=3 -20 
* 54
fe=(68)
423 6
fi=(28)
56 3
fe=(68)
423 3
+6 3
+1 15
cfi=(29)
cfn=(80)
calls=3 210 
* 35
+1 15
cfi=(29)
cfn=(80)
calls=3 210 
* 35
+3 3
+1 3
+4 15
188 8
442 12
-1 5
+1 10
183 5
+27 12
+7 3
+4 3
-6 3
+1 3
+1 3
+4 3
-3 6
+3 6
+7 3
-38 6
+38 3
-9 3
-29 3
+38 3
-38 6
+32 170
+6 24
cfi=(38)
cfn=(222) _dl_dst_count
calls=6 * 
* 240
* 18
+4 12
-2 6
+2 12
cfi=(54)
cfn=(162)
calls=6 -24 
* 11119
+1 12
+9 6
+2 12
+5 15
+6 3
+2 3
-8 6
+3 3
+1 3
+1 3
+1 3
+4 3
-3 3
+3 9
+4 18
+1 9
-43 352
+7 12
+38 237
fi=(75)
85 3
fe=(68)
448 5
+1 1
+3 5
+11 4
fi=(28)
56 1
cfi=(27)
cfn=(76)
calls=1 -20 
* 18
fe=(68)
465 2
fi=(28)
56 1
fe=(68)
465 1
+5 4
+1 1
-1 2
+4 3
-2 2
+13 4
-7 4
+7 4
-1 4
+1 4
-1 4
+6 4
-16 12
+4 1
+7 1
-1 1
+1 1
-1 1
+6 1
-16 3
+21 4
+37 2
+15 1
+1 1
-15 2
+20 1
-1 4
+1 2
-1 5
cfi=(13)
cfn=(250)
calls=1 298 
* 321
+5 1
+2 1
+1 1
+1 1
-2 1
+2 3
+7 3
+3 2
+3 10
198 32
+3 3
fi=(75)
-70 9
cfi=(74) ./malloc/./malloc/scratch_buffer_set_array_size.c
cfn=(246) __libc_scratch_buffer_set_array_size
calls=3 30 
* 75
fe=(68)
+70 6
+4 6
547 5
cfi=(29)
cfn=(80)
calls=1 210 
* 12
* 3
-53 2
144 2

fn=(224)
61 36
+7 6
-4 18
+1 6
-1 42
cfi=(38)
cfn=(168)
calls=6 2213 
* 10585
* 6
+5 18

fl=(33)
fn=(94)
206 395
+43 395
+25 395
+1 395
+1 395
+2 395
+1 395
+4 326
+4 326
+2 326
+2 326
+3 326
+9 326
+1 326
+4 326
+10 326
+1 326
+3 326
+4 652
524 1
+1 1
+1 2
+12 1
+1 1
+3 1
+1 1
+4 1
+1 1
+1 1
+1 1
+3 1
+1 1
+1 1
+1 1
+4 1
+3 1
+1 1
+1 1
+2 1
+1 1
+3 1
+3 1
+1 1
+1 1
+1 1
+3 1
+1 1
+1 1
+1 1
+69 1
+16 1
+1 1
+3 1
+1 1
+1 1
+3 2
953 102
+1 102
+3 102
+1 102
+1 102
+1 102
+2 102
+3 102
+1 102
+4 24
+1 24
+9 18
+4 18
+1 33
+8 15
+1 15
+1 15
+1 15
+1 15
+1 15
+2 15
-7 47
+1 47
+1 47
+1 47
+1 47
+1 47
+2 47
+35 68
+1 68
+11 68
+1 68
+3 68
+1 68
+1 68
+3 136
+20 78
+1 78
+3 51
+1 51
+1 51
+1 51
+6 51
+2 51
+3 51
+1 51
+5 7
+1 7
+2 4
+1 4
+1 4
+1 4
+1 4
+1 4
+1 4
+45 3
+1 3
+2 3
+1 3
+1 3
+1 3
+1 3
+1 3
+1 3
+1 3
+7 3
+2 3
+4 3
+1 3
+1 3
+1 3
+1 3
+1 3
+1 3
+1 3
+11 1
+1 1
+2 1

fn=(262) strncmp
206 1
+24 1
+5 1
+14 1
+25 1
+1 1
+1 1
+2 1
+1 1
+4 1
+4 1
+2 1
+2 1
+3 1
+2 1
+1 1
+11 1
+10 1
+1 1
+3 1
+4 2
+5 1
+1 1
+1 1

fl=(59)
fn=(186)
30 4
+9 16
+33 4

fl=(11)
fn=(58)
162 6
-89 6
+89 18
-89 48
+21 6
-11 6
+12 6
-1 18
+1 24
+4 12
+2 12
+4 6
-4 12
+11 12
+1 12
+3 12
+1 6
+1 6
+1 6
+47 6

fn=(22)
294 1
+6 3
-6 1
+10 2
-10 3
-39 1
+39 1
+10 1
-10 2
+10 1
-10 3
+10 28
+2 1
43 270
+6 53
-3 53
+3 4477
+4 106
+4 53
fi=(12) ./elf/./elf/dl-tunables.h
161 130
fe=(11)
+27 53
319 212
+1 53
+2 159
-3 1696
+1 424
+2 1272
-5 1484
fi=(12)
160 493
+1 1972
-1 80
fe=(11)
337 6
+6 27
-3 27
+12 8

fn=(28)
435 34
+3 68
-3 34
+3 170
+9 31
-9 62
+19 21
+7 102
+2 34
-19 13
+1 13
+9 6

fl=(57)
fn=(180)
28 16
+3 8
-3 24
+3 48
+8 56
+2 8
-2 12
+2 8

fl=(73) ./io/../sysdeps/unix/sysv/linux/pread64_nocancel.c
fn=(240) __pread64_nocancel
25 4
+1 8
+1 2

fl=(70) ./io/../sysdeps/unix/sysv/linux/fstatat64.c
fn=(230) fstatat
146 6
-55 6
+70 7
+1 1
-2 4
+1 4

fl=(142)
fn=(466)
105 5
+10 5
+1 5
-11 5
+1 10
+1 5
+8 5
+1 5
+5 20
+1 10
-19 10
+21 116
-2 189
+2 189
+3 5
+5 5
-5 10
+16 10
+5 5
+1 5

fl=(13)
fn=(250)
298 24
+8 2
-8 2
+8 4
-95 2
-28 2
-2 2
+1 2
+29 2
-28 8
+1 2
-1 2
+1 2
-1 4
+1 8
-1 8
+1 8
-1 16
+28 28
+8 10
-3 8
+2 8
+3 32
+2 10
-83 38
cfn=(252) dfs_traversal.part.0
calls=6 -5 
* 354
+86 32
+18 14
+19 6
cfi=(29)
cfn=(80)
calls=2 -53 
* 24
+13 8
+7 2
+27 16

fn=(252)
135 30
+10 6
-2 6
+2 12
+2 20
-7 10
+7 41
-7 28
cfn=(253) dfs_traversal.part.0'2
calls=2 -5 
* 128
+7 16
+9 12
+15 18
+1 6
+1 12
-17 9

fn=(253)
135 20
+10 4
-2 4
+2 8
+2 8
-7 4
+7 8
-7 16
cfn=(253)
calls=2 -5 
* 37
+7 18
+9 8
+15 12
+1 4
+1 8
-17 6

fn=(26)
289 2
+1 2
-1 2
+1 2
cfi=(11)
cfn=(28)
calls=1 435 
* 18
+2 3
-1 1
+2 2

fl=(74)
fn=(246)
30 39
+4 3
+1 6
+10 6
+18 3
-17 3
+17 15

fl=(81)
fn=(284)
361 5
-86 2
+2 2
-1 1
+6 1
+3 1
-3 1
+1 1
-1 1
+1 1
-1 1
+1 1
+5 2
+5 2
+70 2

fn=(520)
331 1
+3 2
+16 1

fl=(76)
fn=(260) _dl_check_map_versions
155 45
+15 15
+2 15
+2 15
+1 5
+2 10
+3 6
+4 6
-20 3
-8 3
+69 21
36 6
200 6
36 15
200 6
36 27
+1 17
-1 34
+2 69
cfi=(56)
cfn=(172)
calls=23 +30 
* 1810
* 58
208 12
+5 6
99 24
213 12
+4 12
+1 12
-1 6
+4 12
-3 24
-1 44
+1 44
-1 22
+4 44
-3 173
56 112
+8 56
+6 84
+16 28
+1 56
+2 28
+5 252
+14 846
+12 1185
+4 395
-30 790
231 112
+3 84
+5 22
-24 22
110 28
+3 112
cfi=(33)
cfn=(94)
calls=28 +93 
* 648
* 112
224 84
+4 18
+15 18
+5 3
-50 3
+59 15
+3 6
+3 21
+3 15
+4 3
-7 12
+3 9
+4 63
-7 252
+3 192
+8 9
+6 8
fi=(28)
44 4
fe=(76)
280 8
fi=(28)
44 4
cfi=(27)
cfn=(72)
calls=4 +36 
* 116
fe=(76)
281 8
-2 4
fi=(28)
44 4
fe=(76)
281 4
+13 4
-3 4
+3 16
+2 8
+3 12
+4 18
+7 28
+1 28
-1 56
+1 28
+1 28
-2 28
+2 56
+1 84
+3 84
+5 22
-15 22
+2 22
-2 22
+2 22
-2 22
+2 44
-2 6
+2 6
-2 6
+2 6
-2 6
+2 12
+16 18
+5 3
-28 3
+71 8
+1 6
+1 6
+1 2
+19 45
164 2
-8 2
257 5
+77 6
+3 6
+4 66
+6 66
+1 66
+1 66
-1 132
+1 66
-1 66
+1 66
+1 66
+3 198
+4 66
-14 138
+10 25
+11 306
+1 204
+1 24
-32 2
-40 2
-20 3
377 4
+2 124
+1 60
+2 1
+1 2
-1 1
+1 1
cfi=(33)
cfn=(262)
calls=1 206 
* 25
* 2

fn=(258)
399 7
+4 5
-2 3
+4 30
cfn=(260)
calls=5 155 
* 11154
-2 5
+1 5
-1 10
+5 7

fl=(62) ./misc/../sysdeps/unix/sysv/linux/setvmaname.c
fn=(192) __set_vma_name
60 2
-26 6
+26 6
-26 2
+36 1
-33 6
cfi=(11)
cfn=(28)
calls=1 435 
* 18
* 6
+5 1
+28 3

fn=(242) __is_decorate_maps_enabled
33 1
+1 3
+9 2

fl=(66)
fn=(208)
25 4
+1 16
+1 4

fl=(71)
fn=(512)
508 1
+1 4
-1 1
+3 1
-3 1
+3 1
cfi=(140)
cfn=(514) munmap
calls=1 117 
* 6
+7 1
-6 1
+4 1
+2 1

fn=(238) _dl_cache_libcmp
340 21
+1 21
-1 21
+1 42
+22 230
+2 230
-12 97
+16 97
+1 97
-29 194
+4 118
-2 236
+2 118
-2 236
+2 6
+6 3
+2 3
-2 3
+1 3
-1 3
+1 3
+1 9
+2 12
+2 6
-16 9
+32 9
-7 54

fn=(232) _dl_load_cache_lookup
386 22
+2 4
+3 6
+69 3
+5 6
206 6
468 4
199 4
332 6
206 12
+2 90
+1 18
-23 18
+23 18
+4 36
+4 54
cfn=(238)
calls=18 340 
* 1481
+1 36
329 16
+1 10
206 20
462 14
228 3
+3 6
+2 12
cfn=(238)
calls=3 340 
* 400
* 6
+2 1
-9 8
+9 12
fi=(254) ./elf/../sysdeps/x86/dl-isa-level.h
28 12
fe=(71)
245 4
+10 6
+1 8
+16 2
fi=(72) ./elf/../sysdeps/generic/dl-cache.h
125 2
fe=(71)
272 8
+9 4
+5 4
+27 4
483 6
+12 4
cfi=(22)
cfn=(60)
calls=2 52 
* 48
+1 2
-1 2
+1 20
+1 2
-1 2
+1 2
-1 2
+1 2
cfi=(29)
cfn=(80)
calls=2 210 
* 24
* 2
+1 2
cfi=(46) ./string/./string/strdup.c
cfn=(136) strdup
calls=2 40 
* 142
+1 18
-3 4
394 4
cfi=(56)
cfn=(234)
calls=1 36 
* 103
* 1
+8 5
+1 6
+3 3
+1 1
-1 4
fi=(72)
194 1
+1 5
fe=(71)
414 1
+1 2

fl=(27)
fn=(140) __minimal_free
97 1
+2 4

fn=(76)
36 29
+1 87
+11 84
+3 28
-3 28
+3 56
-3 2
+3 1
-3 1
+3 110
+5 8
+1 4
-21 2
+24 6
-24 6
+24 2
-24 2
+23 2
+1 4
-24 2
+24 2
cfi=(61)
cfn=(190)
calls=2 -13 
* 52
+2 4
+2 10
cfi=(62)
cfn=(192)
calls=2 -4 
* 51
+1 8
+2 2
+4 2
-1 2
-3 2
+4 2
+2 10
-3 27
+1 27
+2 27
-30 1
-1 1
+1 1
+1 2
-2 2

fn=(72)
80 10
+4 10
-4 40
+7 10
+1 30
fi=(28)
-32 10
cfi=(27)
cfn=(76)
calls=10 -20 
* 292
fe=(27)

fl=(47)
fn=(214)
94 4
-17 4
-1 8
+20 8
+4 4

fn=(484)
46 2
+6 3
-6 2
+6 5
-1 1
+1 1
cfi=(83)
cfn=(296)
calls=1 767 
* 503
+2 2
-2 1
+2 3
+2 7
+1 3
+13 2

fn=(142)
120 1
-44 2
+46 2
+5 3
+1 1
+26 1
-26 1
+29 2
-37 1
+49 2
-9 2
+2 3

fn=(148)
104 2
+3 2
-2 2
+2 4
+4 2
cfi=(50)
cfn=(150)
calls=2 -83 
* 4
-4 6

fl=(29)
fn=(124)
197 19
+1 19
+1 19
+1 19
+17 19
+1 19
+2 5
+1 5
+1 5
+2 5
+1 5
+1 5
+2 10
+77 14
+1 14
+2 12
+1 12
+2 3
+4 3
+1 3
+1 3
+8 3
+17 2
+1 2
+1 2
+1 2
+2 2
+17 9
+1 9
+1 9
+1 9
+1 9

fn=(80)
210 21
+1 21
+6 21
+1 21
+2 10
+1 10
+1 10
+2 10
+1 10
+1 10
+2 20
+77 11
+1 11
+2 7
+1 7
+2 1
+4 1
+1 1
+1 1
+1 1
+1 1
+4 1
+2 1
+17 4
+1 4
+1 4
+1 4
+2 4
+17 6
+1 6
+1 6
+1 6
+1 6

fl=(46)
fn=(136)
40 24
+1 4
cfi=(22)
cfn=(60)
calls=4 +11 
* 80
* 4
fi=(255) ./string/../include/rtld-malloc.h
+15 8
cfi=(27)
cfn=(76)
calls=4 -20 
* 72
fe=(46)
-12 8
+3 8
+1 4
-1 4
+1 8
-1 4
cfi=(29)
cfn=(80)
calls=4 210 
* 49

fl=(32)
fn=(90)
24 2
+1 2
-1 2
+1 2
cfi=(11)
cfn=(28)
calls=1 435 
* 18
* 5
+14 2

fl=(8)
fn=(14)
25 5
+3 15
+3 15
+1 10
+2 5
-1 5
+3 15
+1 5
+1 10
+2 5
-2 5
+3 10
+4 10
-2 5
+2 10
+5 5

fl=(38)
fn=(176) _dl_map_new_object
1952 45
+10 6
+12 3
-5 3
-15 3
+20 6
+14 9
cfi=(43)
cfn=(118)
calls=3 53 
* 63
* 6
2140 2
-1 3
cfn=(134) expand_dynamic_string_token
calls=1 375 
* 121
+6 1
-6 1
+2 2
+4 7
cfn=(178) open_verify.constprop.0
calls=1 1511 
* 105
+3 2
-3 1
+3 1
+12 9
+46 33
cfn=(184) _dl_map_object_from_fd
calls=3 948 
* 6013
* 3
+2 24
1992 4
cfi=(22)
cfn=(60)
calls=2 52 
* 28
* 4
+2 4
+7 8
+51 26
cfn=(226) open_path
calls=2 1760 
* 817
+6 2
-6 2
+6 4
-53 2
+1 2
670 10
2010 6
656 6
2010 6
+15 4
+1 14
656 6
2051 4
+1 4
656 6
2073 4
cfi=(71)
cfn=(232)
calls=2 386 
* 2806
* 2
+2 4
+4 4
+31 2
-23 4
+23 14
cfn=(178)
calls=2 1511 
* 240
+4 4
-4 2
+4 2
+1 2
+17 4
-65 4
+2 6
-33 4

fn=(202) _dl_process_pt_gnu_property
842 3
+8 6
-6 3
+12 6
-13 3
+13 3
-13 6
+13 6
+3 9
+1 6
+1 6
+3 9
+1 9
+4 3
+1 6
+22 9
+2 12
-20 8
+4 8
-3 4
+6 4
+1 12
fi=(31)
95 16
+7 8
+16 4
-3 8
252 2
+5 1
-4 1
+4 3
+3 1
-6 6
+1 3
+2 12
+3 5
fe=(38)

fn=(178)
1511 70
+32 7
-32 14
+32 14
+19 28
cfi=(57)
cfn=(180)
calls=7 28 
* 159
* 7
+2 14
+8 3
+1 6
+6 3
-1 6
+1 3
-1 3
cfi=(58)
cfn=(182)
calls=3 25 
* 18
* 3
+4 3
-2 6
+2 6
+2 6
+6 6
+15 39
+83 6
+5 6
+8 12
+6 6
+6 3
+1 3
-1 3
+1 9
+33 63
-29 12
+1 2
-1 1
+1 1
cfi=(73)
cfn=(240)
calls=1 25 
* 7
* 2
1548 8
+57 3
1718 2
+24 8

fn=(134)
375 14
231 2
375 2
231 4
cfi=(43)
cfn=(118)
calls=2 53 
* 51
+3 4
400 2
-11 2
+11 8
-11 2
cfi=(46)
cfn=(136)
calls=2 40 
* 135

fn=(168)
2213 49
+1 7
-1 49
+1 14
cfn=(170) _dl_lookup_map
calls=7 1917 
* 2306
+1 21
+3 35
-1 15
+1 18
-1 3
cfn=(176)
calls=3 1952 
* 10549

fn=(130) fillin_rpath.isra.0
442 8
+4 1
-4 10
+6 3
cfi=(7)
cfn=(132)
calls=1 239 
* 242
* 3
cfi=(7)
cfn=(132)
calls=1 239 
* 9
* 6
+7 2
+2 3
cfn=(134)
calls=1 -82 
* 105
* 1
+4 2
+5 2
cfi=(22)
cfn=(60)
calls=1 52 
* 14
* 1
+1 2
+16 15
+1 8
fi=(28)
50 2
cfi=(27)
cfn=(140)
calls=1 +47 
* 5
+1 1
fe=(38)
502 4
+4 3
fi=(28)
56 1
cfi=(27)
cfn=(76)
calls=1 -20 
* 18
* 1
fe=(38)
508 2
+5 1
+1 2
-1 1
-1 1
+2 1
cfi=(29)
cfn=(124)
calls=1 197 
* 15
+3 1
-3 1
+1 1
+2 1
+7 3
-1 7
+2 1
-1 1
+1 1
-1 3
+1 1
-1 3
+1 1
-1 2
+3 2
+1 3
+1 1
+6 2
+1 1
+3 6
-60 2
-22 2
+17 4
+71 1
+3 8
-24 2

fn=(106)
680 11
+14 1
-14 2
+14 2
cfi=(39) ./elf/./elf/dl-hwcaps.c
cfn=(108) _dl_important_hwcaps
calls=1 171 
* 1172
fi=(28)
56 1
fe=(38)
694 1
fi=(28)
56 1
cfi=(27)
cfn=(76)
calls=1 -20 
* 18
fe=(38)
699 1
+2 2
+7 2
+1 1
-1 3
+5 3
fi=(28)
56 1
cfi=(27)
cfn=(76)
calls=1 -20 
* 18
fe=(38)
713 1
+2 5
+7 1
+8 2
+5 1
-14 1
+16 1
-7 1
+11 1
-6 1
+9 3
-2 1
+2 1
-8 1
+6 1
+2 2
-12 1
+9 2
+1 16
cfi=(45)
cfn=(128)
calls=4 137 
* 52
+2 18
-14 3
+10 3
-8 3
+12 3
-8 3
-6 3
+5 3
+1 3
-4 3
+8 9
+1 6
+15 1
+3 1
-15 1
+7 1
-1 1
+9 2
+2 4
+2 3
+36 5
+2 2
cfi=(22)
cfn=(60)
calls=1 52 
* 14
* 8
-19 1
-2 1
+2 2
+19 9
cfi=(29)
cfn=(80)
calls=1 210 
* 13
* 1
+5 4
-1 4
+2 1
+1 2
-2 4
+1 13
+1 26
-2 52
+5 1
fi=(28)
56 1
cfi=(27)
cfn=(76)
calls=1 -20 
* 18
fe=(38)
810 1
+2 2
+6 7
cfn=(130)
calls=1 442 
* 556
+3 3
+6 1
+4 8
-35 2
+5 2

fn=(170)
1917 42
+1 14
+1 14
+3 87
+5 133
+2 57
cfi=(56)
cfn=(172)
calls=19 68 
* 1613
* 38
+2 30
fi=(4)
96 45
+4 5
-1 25
+1 5
fe=(38)
1931 10
+1 15
cfi=(33)
cfn=(94)
calls=5 206 
* 118
* 10
+13 27
-1 3
+1 15

fn=(184)
948 60
+15 3
-15 15
+15 6
+85 12
+10 6
+7 21
cfi=(26)
cfn=(70)
calls=3 59 
* 1067
* 3
+1 6
+11 6
+1 3
-1 3
+2 3
+3 3
-1 3
-2 3
+3 9
+1 4
+19 4
-2 2
+2 16
-2 1
+2 34
+10 12
+27 3
-33 3
-3 3
+2 3
-1 3
+44 3
fi=(30)
62 3
fe=(38)
1139 3
-41 3
+50 3
fi=(30)
62 6
fe=(38)
1113 142
+26 72
+10 24
-1 12
-1 12
+1 24
+1 12
+2 12
-3 12
+3 12
-2 12
+4 12
-4 12
+1 12
+3 12
-4 12
+4 48
+2 24
+13 51
fi=(30)
62 9
fe=(38)
1173 9
fi=(30)
62 63
fe=(38)
1147 18
-35 27
fi=(30)
62 3
fe=(38)
1173 3
fi=(30)
62 21
fe=(38)
1147 6
-35 84
+1 200
1214 3
1112 3
1214 6
1112 9
1219 9
1078 3
1229 3
1078 12
1230 3
-1 3
+1 3
-1 9
+1 9
-1 9
+1 9
-1 27
+7 6
+10 12
+7 12
fi=(63) ./elf/./dl-map-segments.h
29 3
fe=(38)
1253 9
fi=(63)
29 9
+1 21
cfi=(61)
cfn=(190)
calls=3 +17 
* 84
+72 3
-72 3
+73 6
+3 3
+1 6
-1 3
+1 3
-1 3
+3 6
+17 3
-44 3
fi=(64) ./elf/./dl-load.h
+9 24
fi=(63)
+59 48
+6 3
+2 3
-2 3
+3 3
-2 3
+2 3
-1 6
+3 9
+5 6
+3 9
+8 21
cfi=(45)
cfn=(128)
calls=3 -40 
* 202
* 6
+6 6
+41 12
-88 48
+2 36
+2 18
+1 9
-1 45
cfi=(61)
cfn=(190)
calls=9 -93 
* 189
* 18
fe=(38)
966 3
fi=(60) ./elf/../sysdeps/posix/dl-fileid.h
37 6
cfi=(59)
cfn=(186)
calls=3 -7 
* 18
* 6
+3 3
fe=(38)
999 3
fi=(60)
40 3
+1 6
fe=(38)
999 45
+1 18
fi=(60)
49 24
fe=(38)
1458 33
1133 2
+1 1
-15 6
+7 3
+2 3
-2 3
+1 6
+1 3
-1 3
+1 24
fi=(30)
62 21
fe=(38)
1211 3
-34 6
+5 2
-1 4
+5 2
-5 2
-55 2
+60 8
+1 2
+3 2
-3 2
+8 8
1086 12
+1 2
-1 1
+1 1
-1 1
+1 1
cfi=(73)
cfn=(240)
calls=1 25 
* 7
* 2
-69 6
1269 12
+1 9
fi=(65) ./elf/./elf/get-dynamic-info.h
39 6
+6 3
-2 3
+2 6
+8 3
+15 3
-23 12
+23 71
-23 284
+4 148
+3 20
-1 40
+3 68
+1 56
fi=(64)
+37 10
+2 2
-1 2
+1 2
-1 4
+1 2
-1 4
+3 8
fi=(65)
-40 15
+3 12
+13 12
+12 10
+1 12
+1 12
+1 12
+1 10
+1 11
+1 11
+1 12
+12 3
+7 3
-7 21
+7 6
+5 4
+7 4
+1 9
+6 9
+1 3
+17 9
+5 2
+2 2
+2 2
+2 2
+1 1
+3 9
+2 6
+1 4
+9 4
+6 4
+1 2
+3 6
fe=(38)
1276 6
+1 6
+2 6
+10 9
+19 9
+2 12
+20 9
+1 4
+6 18
+1 62
+6 12
cfn=(202)
calls=3 842 
* 211
-7 83
+1 40
+6 40
-6 80
fi=(31)
149 18
fe=(38)
984 6
1086 2
1276 2
+73 6
cfi=(66)
cfn=(208)
calls=3 25 
* 18
* 6
+13 6
+2 12
+2 6
+16 6
cfi=(8)
cfn=(14)
calls=3 25 
* 81
+4 6
+1 6
+17 6
+1 1
+3 4
+5 2
-5 8
+5 4
+5 6
+10 12
+8 6
+1 8
+5 4
cfi=(48)
cfn=(244)
calls=2 161 
* 24
+7 12
cfi=(26)
cfn=(82)
calls=3 31 
* 141
+3 9
+3 9
cfn=(212) _dl_notify_new_object
calls=3 908 
* 126
+2 3
fi=(63)
189 4
-3 1
+3 4
-3 5
+3 2
cfi=(61)
cfn=(190)
calls=1 47 
* 21
+3 2
+2 1
cfi=(62)
cfn=(242)
calls=1 33 
* 6
* 2
fi=(4)
-98 8
+3 2
+1 1
-1 2
+1 1
fe=(38)
1429 5
cfi=(33)
cfn=(94)
calls=1 206 
* 42
* 2
+1 3
fi=(65)
62 12
+2 12
fe=(38)

fn=(212)
908 12
+2 3
-2 15
+2 3
cfi=(47)
cfn=(214)
calls=3 94 
* 21
* 3
+1 9
+21 15
-4 6
+7 3
-2 6
+2 12
-2 3
cfi=(51)
cfn=(216)
calls=3 77 
* 15

fn=(222)
228 12
+3 6
-3 12
+7 6
-7 18
+3 6
cfi=(43)
cfn=(118)
calls=6 53 
* 126
+3 12
+20 42

fn=(226)
1760 16
+1 4
+6 4
+5 26
+57 4
-57 12
-7 2
-1 2
+65 2
-20 4
-34 2
+8 2
-8 2
+8 4
+7 10
cfi=(29)
cfn=(124)
calls=2 197 
* 30
* 6
+1 22
+3 12
+5 28
cfi=(29)
cfn=(124)
calls=4 197 
* 56
* 16
cfi=(29)
cfn=(124)
calls=4 197 
* 60
+3 8
+6 8
+3 28
cfn=(178)
calls=4 1511 
* 236
* 4
+2 12
+2 6
+98 18
-74 4
-48 17
+99 16
+6 4
-2 2
+2 4
+3 6
1770 4
+71 2
-20 18
+6 6
+2 3
-2 3
+2 6
cfi=(69) ./io/../sysdeps/unix/sysv/linux/stat64.c
cfn=(228) stat
calls=3 28 
* 46
* 3
+3 3
-3 3
+1 1
+4 1
-4 2
+4 5
-43 2
+43 2
-43 4
-19 4

fl=(39)
fn=(108)
171 6
+3 1
-3 3
+3 1
-3 6
+2 1
cfi=(40) ./elf/../sysdeps/x86_64/dl-hwcaps-subdirs.c
cfn=(110) _dl_hwcaps_subdirs_active
calls=1 29 
* 36
fi=(41) ./elf/./dl-hwcaps.h
43 1
fe=(39)
173 1
fi=(41)
45 1
+32 1
+1 1
+1 1
fe=(39)
-28 2
cfi=(42)
cfn=(116)
calls=1 * 
* 22
* 2
fi=(41)
-8 1
+2 1
-2 1
+34 2
+1 2
+1 1
fe=(39)
-25 2
-1 2
+1 2
+2 4
-5 4
cfi=(42)
cfn=(116)
calls=2 * 
* 122
* 2
cfi=(42)
cfn=(116)
calls=1 * 
* 119
* 6
+48 4
fi=(28)
-43 2
cfi=(27)
cfn=(76)
calls=1 -20 
* 18
fe=(39)
+45 2
-2 1
+2 1
fi=(41)
-58 3
fe=(39)
+61 1
fi=(41)
-59 1
fe=(39)
+66 1
fi=(41)
-65 1
fe=(39)
+65 2
cfi=(42)
cfn=(120)
calls=1 -86 
* 7
* 2
fi=(41)
-68 2
+2 1
-2 3
+34 2
+1 2
fe=(39)
+46 3
fi=(41)
-45 1
fe=(39)
+47 10
+1 4
+1 2
+1 2
-1 2
-4 4
cfi=(42)
cfn=(116)
calls=2 -73 
* 122
* 2
cfi=(42)
cfn=(116)
calls=1 -73 
* 119
* 6
+8 4
+9 3
+3 1
-3 9
+1 7
+8 2
+4 2
-4 2
+4 3
cfi=(44)
cfn=(122)
calls=1 -81 
* 22
+1 2
+1 1
+5 2
+1 1
-20 2
+19 1
+1 1
-20 3
-1 8
+47 4
-3 1
+7 1
-7 1
+7 1
fi=(28)
56 1
cfi=(27)
cfn=(76)
calls=1 -20 
* 18
fe=(39)
193 2
fi=(28)
56 1
fe=(39)
193 1
-9 1
fi=(41)
43 1
fe=(39)
+36 1
200 1
-16 1
+17 1
79 1
fi=(41)
-34 1
fe=(39)
201 1
fi=(41)
77 1
+1 1
fe=(39)
201 3
fi=(41)
79 1
fe=(39)
-3 2
cfi=(42)
cfn=(116)
calls=1 -25 
* 22
* 2
fi=(41)
-33 1
+2 1
fe=(39)
+34 2
fi=(41)
-36 1
+34 2
+1 2
+1 1
fe=(39)
-1 2
+1 4
+7 2
-7 8
cfi=(29)
cfn=(124)
calls=2 197 
* 30
+4 2
+2 2
+2 2
-2 4
-9 4
cfi=(42)
cfn=(116)
calls=2 -25 
* 122
* 2
cfi=(42)
cfn=(116)
calls=1 -25 
* 119
* 6
212 2
-5 2
+1 1
+4 1
+3 9

fl=(69)
fn=(228)
28 6
+1 12
cfi=(70)
cfn=(230)
calls=3 146 
* 28

fl=(140)
fn=(456)
117 25
+5 5

fn=(514)
117 5
+5 1

fl=(61)
fn=(190)
47 16
+3 32
-3 96
+6 32
+5 96
+2 64
-7 36

fl=(24)
fn=(84)
43 10
+2 20

fn=(280)
69 2
fi=(256) ./elf/../include/list.h
-25 1
fe=(24)
+25 2
fi=(256)
-26 1
fe=(24)
+27 1
+3 1
fi=(256)
-30 1
fe=(24)
+33 1
fi=(256)
-32 1
+1 1
+2 1
fe=(24)
+29 3
+13 1
+6 1
-18 2
+12 1
-11 1
+11 1
-10 1
+5 2
+11 1
-3 1
-3 1
+6 1
+16 4
cfi=(11)
cfn=(28)
calls=1 435 
* 18
fi=(80) ./elf/../sysdeps/unix/sysv/linux/rseq-internal.h
-11 1
-7 1
+7 2
+24 1
fe=(24)
-11 1
+6 2
+1 2
fi=(80)
-12 2
-15 1
+19 1
-19 2
+15 1
+4 3
cfi=(45)
cfn=(128)
calls=1 +25 
* 12
+4 1
+2 2
-6 1
+6 1
-2 1
+2 2
+1 2
fe=(24)

fn=(66)
54 4
+5 3
-2 4
+2 2
+3 2
+1 2
+2 1

fl=(40)
fn=(110)
29 1
fi=(18)
+2 1
fe=(40)
+7 1
fi=(18)
-7 3
fe=(40)
+21 2
fi=(18)
-20 3
+7 1
fe=(40)
-1 1
fi=(18)
+1 4
+1 4
+8 1
fe=(40)
-5 1
fi=(18)
+5 2
+3 4
+3 2
fe=(40)
-3 5

ob=(2)
fl=(240) ./stdlib/./stdlib/exit.c
fn=(1830) __run_exit_handlers
45 12
+2 9
+3 2
+3 7
+11 1
+2 2
+8 3
+2 2
+1 2
-1 1
+3 5
+44 3
-49 3
+55 2
+1 2
+6 1
-66 1
+66 3
+2 2
+3 2
cfi=(249) ./posix/../sysdeps/unix/sysv/linux/_exit.c
cfn=(1922) _Exit
calls=1 27 
* 3
-29 1
+1 1
-2 1
+3 1
+3 1
-3 2
+3 3
+1 3
cob=(1)
cfi=(242)
cfn=(1834)
calls=1 -92 
* 1229
+1 4
-68 1
cfi=(241) ./stdlib/./stdlib/cxa_thread_atexit_impl.c
cfn=(1832) __call_tls_dtors
calls=1 +97 
* 13
* 1
+88 1
cfi=(190) ./libio/./libio/genops.c
cfn=(1916) _IO_cleanup
calls=1 882 
* 399
* 1

fn=(1828) exit
147 2
+1 3
-1 1
+1 1
cfn=(1830)
calls=1 45 
* 1730

fl=(91)
fn=(318)
79 1
-27 2
+1 4
+3 5

fl=(200) ./io/../sysdeps/unix/sysv/linux/read_nocancel.c
fn=(698) __read_nocancel
25 4
+1 16
+1 4

fl=(122)
fn=(398)
29 3
fi=(123) ./string/../sysdeps/x86_64/multiarch/ifunc-memcmp.h
+11 6
+1 12
+3 15
fe=(122)

fl=(186) ./libio/./libio/iofopen.c
fn=(632) fopen@@GLIBC_2.2.5
85 7
-20 1
+20 2
-20 1
cob=(3)
cfi=(152)
cfn=(634)
calls=1 -65 
* 375
+2 3
+3 1
+2 2
-2 1
+2 5
cfi=(190)
cfn=(652) _IO_no_init
calls=1 589 
* 56
+1 1
+1 1
-1 1
+1 1
cfi=(191) ./libio/./libio/fileops.c
cfn=(656) _IO_new_file_init_internal
calls=1 +33 
* 114
+1 5
cfi=(191)
cfn=(664) _IO_file_fopen@@GLIBC_2.2.5
calls=1 247 
* 246
* 2
-38 2
+50 7

fl=(194) ./string/../string/strstr.c
fn=(670) __GI_strstr
77 9
+5 1
-5 4
+5 2
+2 4
cob=(3)
cfi=(152)
cfn=(672)
calls=1 -84 
* 23
* 1
+1 2
-40 1
161 12

fl=(162)
fn=(548)
64 1
+3 3
-1 2
+3 1
-1 1
-1 3
+2 2
-1 2
-1 6
+3 1

fl=(86)
fn=(308)
86 1
fi=(87) ./string/../sysdeps/x86/cacheinfo.h
-24 1
+3 3
+2 1
+1 1
-1 2
+7 3
+2 1
+1 1
-1 2
+5 2
+3 2
+2 2
+1 2
+1 2
+2 2
fe=(86)
-4 2

fl=(223)
fn=(806)
120 15
+2 3

fl=(243)
fn=(1836)
71 1
+3 1
+2 1
+2 3
-7 3
+10 1
+2 2
+75 1
+2 1
+3 1
-59 1
+62 2
-76 2
+5 2
-51 1
+1 7
+1 3
+64 3
+1 2

fl=(113)
fn=(374)
31 2
fi=(114) ./wcsmbs/../sysdeps/x86_64/multiarch/ifunc-evex.h
+11 4
+1 8
+8 8
fe=(113)
-20 2

fl=(172) ./nptl/./nptl/cancellation.c
fn=(602) __syscall_cancel
74 50
-37 20
+1 20
+2 30
+39 20
+1 30

fl=(210) ./stdlib/../stdlib/strtol.c
fn=(726) __strtoul_internal
107 90
+1 360
cfi=(211) ./stdlib/../stdlib/strtol_l.c
cfn=(728) ____strtoul_l_internal
calls=90 238 
* 23940

fl=(198) ./libio/./libio/filedoalloc.c
fn=(686) _IO_file_doallocate
68 6
+6 1
-6 3
+6 3
fi=(203) ./libio/./libio/libioP.h
1037 3
+1 2
fe=(198)
74 3
cfi=(191)
cfn=(688) _IO_file_stat
calls=1 1207 
* 9
* 2
+2 4
+11 4
+4 2
cob=(3)
cfi=(152)
cfn=(634)
calls=1 -91 
* 155
+1 2
+2 5
cfi=(190)
cfn=(692) _IO_setb
calls=1 355 
* 19
+1 1
+1 8

fl=(177) ./signal/../sysdeps/unix/sysv/linux/libc_sigaction.c
fn=(614) __libc_sigaction
43 40
+5 10
+2 3
fi=(257) ./signal/../string/bits/string_fortified.h
-21 3
fe=(177)
+29 3
-8 3
+3 3
fi=(257)
-24 6
fe=(177)
+24 3
+5 3
fi=(257)
-29 6
fe=(177)
+29 3
-5 6
fi=(257)
-24 6
fe=(177)
+29 3
-5 3
fi=(257)
-24 3
fe=(177)
+29 30
+5 16
+2 3
fi=(257)
-36 3
fe=(177)
+36 3
+2 3
fi=(257)
-38 6
fe=(177)
+38 3
+1 3
fi=(257)
-39 6
fe=(177)
+39 3
fi=(257)
-39 9
fe=(177)
+42 35
-13 6

fl=(121)
fn=(394)
31 1
fi=(89) ./string/../sysdeps/x86_64/multiarch/ifunc-avx2.h
+14 2
+1 4
+3 5
fe=(121)

fl=(178)
fn=(616)
32 8
+1 5
fi=(179) ./posix/../sysdeps/unix/sysv/linux/x86/../sysconf.c
+16 10
fi=(180) ./posix/../sysdeps/posix/sysconf.c
+11 6
fe=(178)
-23 9
fi=(180)
+23 6
221 1
cfi=(181) ./misc/../sysdeps/unix/sysv/linux/getpagesize.c
cfn=(622) getpagesize
calls=1 27 
* 6
* 2
60 2
fe=(178)

fl=(191)
fn=(666) _IO_file_open
216 11
+2 1
+1 2
-1 1
+5 2
+3 2
+3 1
-4 1
+1 3
+3 1
-3 1
+3 1
+10 2
cfi=(190)
cfn=(658) _IO_link_in
calls=1 109 
* 14
+2 1
-1 1
+1 4
-22 1
cfi=(193) ./io/../sysdeps/unix/sysv/linux/open64_nocancel.c
cfn=(668) __open_nocancel
calls=1 28 
* 27
* 2

fn=(764) _IO_file_seek
1200 2
+1 4
cfi=(215) ./io/../sysdeps/unix/sysv/linux/lseek64.c
cfn=(766) lseek
calls=2 28 
* 12

fn=(696) _IO_file_read
1191 4
+3 4
-1 4
+1 4
-1 4
cfi=(200)
cfn=(698)
calls=4 25 
* 24

fn=(664)
247 12
+9 2
+2 5
+23 14
391 12
-89 7
+1 2
+3 1
-25 21
+34 5
cfn=(666)
calls=1 -99 
* 79
* 1
+3 2
+3 3
cfi=(194)
cfn=(670)
calls=1 77 
* 59
+1 2
-16 3
-1 1
+1 4
+1 1
-45 1
-1 1
-13 2
+33 6

fn=(770) _IO_file_close
1225 1
+3 2
cfi=(216) ./io/../sysdeps/unix/sysv/linux/close_nocancel.c
cfn=(772) __close_nocancel
calls=1 25 
* 6

fn=(682) _IO_file_underflow@@GLIBC_2.2.5
496 4
+4 12
+3 8
+6 12
-13 28
+16 8
+12 6
+9 4
+7 8
cfi=(190)
cfn=(694) _IO_switch_to_get_mode
calls=4 190 
* 88
+11 4
-5 4
fi=(203)
1037 4
fe=(191)
546 4
fi=(203)
1037 4
fe=(191)
546 4
+1 4
+2 4
-1 8
fi=(203)
1038 8
fe=(191)
551 16
cfn=(696)
calls=4 1191 
* 44
+2 8
+16 4
-9 4
+9 8
+2 8
+1 24
-57 3
+5 2
cfi=(190)
cfn=(684) _IO_doallocbuf
calls=1 369 
* 255
+4 4

fn=(688)
1207 1
+1 2
cfi=(199) ./io/../sysdeps/unix/sysv/linux/fstat64.c
cfn=(690) fstat
calls=1 30 
* 6

fn=(760) _IO_file_close_it@@GLIBC_2.2.5
129 7
+2 3
+3 4
+1 2
+2 2
+14 2
+1 3
+5 1
fi=(203)
1037 3
+1 2
fe=(191)
157 5
cfn=(762) _IO_file_seekoff@@GLIBC_2.2.5
calls=1 954 
* 68
+1 2
-1 1
+1 1
+7 2
+2 1
fi=(203)
1037 2
+1 2
fe=(191)
167 3
cfn=(764)
calls=1 1200 
* 9
+2 2
-39 1
+43 2
cfi=(190)
cfn=(768) _IO_unsave_markers
calls=1 977 
* 6
+3 2
+11 5
cfi=(190)
cfn=(692)
calls=1 355 
* 67
+1 1
+3 1
-3 1
+1 2
+2 2
cfi=(190)
cfn=(756) _IO_un_link
calls=1 67 
* 4
+1 1
+1 1
+1 1
+2 3
+1 7
-21 1
fi=(203)
1037 3
+1 2
fe=(191)
176 2
cfn=(770)
calls=1 1225 
* 9
+3 1
-3 1
+3 3
-27 3

fn=(762)
954 13
+8 2
1108 11
890 2
+4 1
-2 2
+2 1
+5 2
+32 2
+10 1
+2 2
-17 1
fi=(203)
1037 3
+1 2
fe=(191)
926 4
cfn=(764)
calls=1 1200 
* 9
+2 2
-5 1
-14 2
+1 2
+13 3

fn=(656)
107 6
+5 1
-1 1
+3 1
cfi=(190)
cfn=(658)
calls=1 -5 
* 101
+1 1
+1 3

fn=(776) _IO_file_finish@@GLIBC_2.2.5
202 1
+1 2
+6 2
cfi=(190)
cfn=(778) _IO_default_finish
calls=1 628 
* 20

fl=(159) ./misc/./misc/init-misc.c
fn=(540) __init_misc
30 1
+1 5
-1 1
+3 1
-3 3
+3 3
cob=(3)
cfi=(152)
cfn=(542)
calls=1 -33 
* 24
+4 1
+1 1
-1 5
+1 3
+2 2

fl=(232)
fn=(1722)
28 1
+2 4
+4 1

fl=(94)
fn=(342)
29 1
fi=(89)
+16 2
+1 4
+3 5
fe=(94)

fn=(324)
29 2
fi=(95) ./string/../sysdeps/x86_64/multiarch/ifunc-memset.h
+32 10
+3 2
+3 4
-3 4
+20 4
+8 4
-40 2
+1 4
fi=(96) ./string/../sysdeps/x86_64/multiarch/memset.c
-24 2
fe=(94)

fl=(219) ./nptl/./nptl/pthread_attr_setaffinity.c
fn=(788) pthread_attr_setaffinity_np@@GLIBC_2.32
29 6
+5 4
+28 1
+1 5
-18 1
cfi=(220) ./nptl/./nptl/pthread_attr_extension.c
cfn=(790) __pthread_attr_extension
calls=1 -20 
* 330
+1 2
+3 4
+2 1
-2 1
+2 1
cob=(3)
cfi=(152)
cfn=(732)
calls=1 -51 
* 199
* 1
+1 2
+3 1
+1 2
-1 1
+1 1
fi=(185) ./nptl/../string/bits/string_fortified.h
-27 3
cob=(3)
cfi=(152)
cfn=(704)
calls=1 -29 
* 14
* 1
fe=(219)

fl=(92)
fn=(320)
30 1
fi=(93) ./wcsmbs/../sysdeps/x86_64/multiarch/ifunc-wcslen.h
+15 2
+1 4
+3 5
fe=(92)

fl=(104)
fn=(352)
31 2
fi=(105) ./wcsmbs/../sysdeps/x86_64/multiarch/ifunc-avx2.h
+14 4
+1 8
+3 10
fe=(104)

fl=(237)
fn=(1746)
25 10
+4 1
+13 2
+1 4
+3 2
cob=(3)
cfi=(152)
cfn=(716)
calls=1 -46 
* 16
* 1
+1 54
+2 53
+1 106
-1 1
+1 2
+5 159
+1 36
cob=(3)
cfi=(152)
cfn=(1748)
calls=9 -56 
* 369
* 18
+13 3
+85 1
44 1
154 7

fl=(182)
fn=(624)
23 1
+2 2

fl=(148) ./ctype/./ctype/ctype-info.c
fn=(492) __ctype_init
37 1
+2 7
+2 4
+2 1
-1 1
+1 1
-1 1
+2 1

fl=(207)
fn=(718)
52 55
+13 55
+1 55
+1 55
+3 55
+2 55
+1 55
+3 54
+1 54
+8 54
+1 54
+1 8
+5 16
+26 18
+13 18
+1 18
+1 18
+6 36
+29 28
+13 28
+1 28
+1 28
+6 56
+4 1
+13 1
+1 1
+1 1
+6 2
+7 46
+15 46
+6 46
+1 46
+1 46
-8 1
+6 1
+1 1
+1 1
+2 29
+1 29
+1 29
+1 29
+2 29
+1 29
+1 29
+1 29
+2 1
+1 1
+1 1
+1 1
511 1
+1 1
+1 1
+3 1
+15 1
+1 1

fl=(90)
fn=(316)
29 3

fl=(183)
fn=(626)
33 5
+4 1
-4 8
+4 1
cfi=(184) ./nptl/./nptl/pthread_attr_init.c
cfn=(628) pthread_attr_init@@GLIBC_2.2.5
calls=1 -5 
* 23
* 1
+1 2
+5 7
fi=(185)
-14 2
fe=(183)
+20 2
+3 2
+3 3
+4 2
+3 3
+50 5
+66 1
+2 4
cob=(3)
cfi=(152)
cfn=(732)
calls=1 0 
* 214
* 1
+1 2
+7 4
cfi=(217) ./nptl/./nptl/pthread_getaffinity.c
cfn=(782) pthread_getaffinity_np@@GLIBC_2.32
calls=1 30 
* 34
+3 2
+2 5
+14 12
-13 6
cfi=(219)
cfn=(788)
calls=1 29 
* 581
+4 1
-4 1
+4 1
cob=(3)
cfi=(152)
cfn=(746)
calls=1 0 
* 35
+3 6
+2 2
85 4
cfi=(186)
cfn=(632)
calls=1 * 
* 834
+1 2
-1 1
+1 1
+5 4
cfi=(149) ./resource/../sysdeps/unix/sysv/linux/getrlimit64.c
cfn=(494) getrlimit
calls=1 -53 
* 10
* 3
+74 4
cfi=(214) ./libio/./libio/iofclose.c
cfn=(754) fclose@@GLIBC_2.2.5
calls=1 34 
* 472
* 2
+4 1
+2 2
-68 1
+5 1
-5 1
-1 2
+6 3
+6 1
+1 1
+5 9
+7 270
cfi=(204) ./stdio-common/./stdio-common/isoc23_sscanf.c
cfn=(710) __isoc23_sscanf
calls=45 24 
* 86242
* 90
+2 90
+1 45
-1 90
+1 90
+28 44
-38 88
+2 180
cfi=(196) ./stdio-common/./stdio-common/getline.c
cfn=(676) getline
calls=45 -95 
* 8029
* 90
+40 4
cob=(3)
cfi=(152)
cfn=(746)
calls=1 0 
* 341
* 3
-59 9
+2 1
+30 1
-2 1
+12 1
-10 3
+6 1
+3 2
-4 2

fl=(218)
fn=(786)
198 330
+1 660
+5 330
+1 330
+1 148
+1 148
+1 148
+2 27
+1 27
+1 54
+17 121
+1 121
+6 27
+1 27
+12 27
+3 27
+1 27
+12 27
+1 27
+13 27
+1 27
+2 27
+3 26
+3 26
+3 26
+1 26
+1 26
+1 26
+1 26
+1 26
+1 26
-6 12
+1 12
+1 12
+1 12
+1 12
+1 12
+1 38
+3 26
+1 26
+1 26
+1 26
+3 52
-6 1
+1 1
+1 1
+1 1
+3 2
+15 94
+1 94
+1 94
+1 94
+1 94
+1 3581161
+5 94
+2 188
+8 182
+9 182
+1 182
+5 75
+1 75
+1 37
+1 37
+1 27
+1 27
+1 26
+3 26
+17 107
+1 107
+1 107
+9 38
+1 38
+5 38
+8 10
+1 10
+5 10
+7 1
+1 1
+1 1
+5 1

fl=(169) ./setjmp/../sysdeps/x86_64/setjmp.S
fn=(592) __sigsetjmp
31 1
+2 1
+9 1
+1 2
+1 1
+4 1
+1 1
+1 1
+1 1
+1 1
+2 2
+2 1
+1 1
+1 1
+2 2
+2 1
+5 1
+1 1
+17 1
cfi=(170) ./setjmp/./setjmp/sigjmp.c
cfn=(594) __sigjmp_save
calls=1 -57 
* 6

fl=(109)
fn=(362)
28 1
fi=(89)
+17 2
+1 4
+3 5
fe=(109)

fl=(101)
fn=(346)
31 1
fi=(258) ./wcsmbs/../sysdeps/x86_64/multiarch/ifunc-wcs.h
+13 3
+1 4
fe=(101)
-14 1

fl=(107)
fn=(358)
29 1
fi=(108) ./debug/../sysdeps/x86_64/multiarch/ifunc-memset.h
+32 5
+3 1
+3 2
-3 2
+20 2
+8 2
-40 1
+1 2
fe=(107)
-24 1

fl=(225)
fn=(810)
47 5
+3 10
-3 30
+6 10
+5 30
+2 20
-7 25

fl=(234)
fn=(1732)
27 2
+1 5
+4 2
+6 2

fl=(115)
fn=(378)
67 1
-19 2
+1 4
+3 5

fl=(124)
fn=(402)
31 2
fi=(125) ./wcsmbs/../sysdeps/x86_64/multiarch/ifunc-wmemset.h
+9 8
+8 8
fe=(124)
-17 2

fl=(176)
fn=(610)
27 20
+1 25
fi=(174) ./signal/../sysdeps/unix/sysv/linux/internal-signals.h
+25 5
fe=(176)
-25 10
+8 10
+3 15
+6 5
-6 5
cfi=(177)
cfn=(614)
calls=5 +4 
* 236

fl=(222)
fn=(802)
26 1
+10 3
-10 4
+12 2
cob=(3)
cfi=(152)
cfn=(746)
calls=1 -38 
* 35
+1 3
cob=(3)
cfi=(152)
cfn=(746)
calls=1 -39 
* 35
+5 3

fl=(100)
fn=(338)
29 1
fi=(99) ./debug/../sysdeps/x86_64/multiarch/ifunc-memmove.h
+27 3
+1 2
+3 3
+17 2
+8 2
+11 4
fe=(100)
-67 1

fl=(181)
fn=(622)
27 2
+1 8
+2 2

fl=(154) ./malloc/./malloc/arena.c
fn=(504) __ptmalloc_init
251 2
fi=(259) ./malloc/../sysdeps/unix/sysv/linux/not-cancel.h
96 3
fe=(154)
251 14
fi=(259)
96 8
fi=(155)
2960 2
+14 1
+2 2
-1 1
+1 3
fe=(154)
275 2
+13 2
fi=(155)
1855 3
fe=(154)
288 1
fi=(155)
1855 1
fe=(154)
288 1
fi=(155)
1853 7
+2 2
-2 1
+2 10
+1 2
-3 2
+2 60
-2 30
+2 300
+1 60
-3 60
+3 1
fe=(154)
292 2
fi=(155)
1864 1
fe=(154)
292 1
fi=(155)
1864 1
-8 3
fe=(154)
292 2
cob=(3)
cfi=(152)
cfn=(500)
calls=1 0 
* 19
+1 4
cob=(3)
cfi=(152)
cfn=(500)
calls=1 0 
* 20
+1 4
cob=(3)
cfi=(152)
cfn=(500)
calls=1 0 
* 19
+1 4
cob=(3)
cfi=(152)
cfn=(500)
calls=1 0 
* 19
+1 4
cob=(3)
cfi=(152)
cfn=(500)
calls=1 0 
* 20
+1 4
cob=(3)
cfi=(152)
cfn=(500)
calls=1 0 
* 19
+1 4
cob=(3)
cfi=(152)
cfn=(500)
calls=1 0 
* 19
+2 4
cob=(3)
cfi=(152)
cfn=(500)
calls=1 0 
* 19
+1 4
cob=(3)
cfi=(152)
cfn=(500)
calls=1 0 
* 19
+1 4
cob=(3)
cfi=(152)
cfn=(500)
calls=1 0 
* 19
+3 4
cob=(3)
cfi=(152)
cfn=(500)
calls=1 0 
* 19
+2 4
+10 9
fi=(155)
2974 2
fe=(154)

fl=(199)
fn=(690)
30 1
+9 4
+33 1

fl=(224)
fn=(808)
56 2
-24 2
-2 4
+5 4
+7 184
+1 88
+19 4
+1 2
+1 2

fl=(195)
fn=(674)
53 1
+2 1
+1 1
+1 1
+1 1
+1 1
+3 1
+1 1
+4 1
+1 1
+1 1
+1 1
+1 1
+1 1
+1 1
+1 1
+3 1
+8 1
+8 1
+1 2

fl=(204)
fn=(710)
24 675
fi=(205) ./stdio-common/../libio/strfile.h
+64 180
fe=(204)
-64 135
fi=(205)
+64 45
-1 45
+1 45
cfi=(190)
cfn=(652)
calls=45 589 
* 2115
+1 45
+1 180
-1 45
+1 45
cfi=(206) ./libio/./libio/strops.c
cfn=(714) _IO_str_init_static_internal
calls=45 -54 
* 3881
fe=(204)
-60 45
+1 90
-1 45
+1 45
-1 45
+1 45
-1 135
+1 45
cfi=(208) ./stdio-common/./stdio-common/vfscanf-internal.c
cfn=(720) __vfscanf_internal
calls=45 287 
* 77906
+5 405

fl=(149)
fn=(494)
38 4
+1 14
+1 2

fl=(171)
fn=(600)
27 2
+2 4
-2 1
+2 3
cfi=(172)
cfn=(602)
calls=1 +45 
* 17
+14 2

fl=(128)
fn=(416)
29 2
fi=(89)
+16 4
+1 8
+3 10
fe=(128)

fl=(147)
fn=(490)
34 8
+2 1
cfi=(148)
cfn=(492)
calls=1 +1 
* 17
+3 1
fi=(150) ./elf/../sysdeps/nptl/pthread_early_init.h
-6 2
fe=(147)
+6 1
+3 2
fi=(150)
-9 1
cfi=(149)
cfn=(494)
calls=1 +5 
* 10
* 3
+1 1
+4 5
+7 1
fi=(260) ./elf/../nptl/nptl-stack.h
+16 3
fi=(150)
-16 1
fi=(260)
+16 2
fi=(150)
-7 1
fi=(260)
+7 2
fi=(150)
-9 1
-6 1
+2 2
+4 4
+1 1
+3 1
cfi=(151) ./nptl/./nptl/pthread_mutex_conf.c
cfn=(498) __pthread_tunables_init
calls=1 -1 
* 84
fe=(147)
-9 2
cfi=(153)
cfn=(502) __getrandom_early_init
calls=1 238 
* 18
+3 3
+1 2
-1 1
cfi=(154)
cfn=(504)
calls=1 251 
* 857

fl=(106)
fn=(356)
65 1
-18 2
+1 4
+3 5

fl=(192) ./nptl/./nptl/libc-cleanup.c
fn=(660) __libc_cleanup_push_defer
24 49
+1 49
+2 98
+2 98
+3 98
+14 147
+2 49
+1 49

fn=(662) __libc_cleanup_pop_restore
54 49
+1 49
+2 98
+2 98
+1 147
+11 49

fl=(215)
fn=(766)
28 2
+12 8
+2 2

fl=(166) ./stdlib/./stdlib/cxa_atexit.c
fn=(568) __cxa_atexit
67 7
-26 2
+2 8
+1 2
cfn=(570) __new_exitfn
calls=1 +36 
* 30
+2 2
+6 1
+5 1
-3 1
+1 1
-3 1
+4 1
-4 1
+1 1
+4 4
+1 1
+11 6

fn=(570)
80 1
+6 2
-6 4
+11 1
-10 1
+10 4
+2 4
-2 1
+10 1
-10 3
+45 1
+5 1
-4 1
+4 2
-18 1
-1 1
+12 1

fl=(137)
fn=(444)
29 3

fl=(233)
fn=(1728)
30 18
+3 9
+8 16
cfi=(172)
cfn=(602)
calls=2 +33 
* 34
+2 10
-7 2
+5 1
-5 3
+2 1

fl=(217)
fn=(782)
30 2
+3 6
+2 2
-5 1
+9 1
fi=(185)
+20 1
fe=(217)
-20 2
fi=(185)
+20 1
fe=(217)
-29 1
fi=(185)
+29 1
cob=(3)
cfi=(152)
cfn=(784)
calls=1 -59 
* 13
fe=(217)
-18 1
+1 2

fl=(238)
fn=(1750)
206 9
+24 9
+5 9
+14 9
+25 9
+1 9
+1 9
+2 9
+1 9
957 9
+1 9
+1 9
+1 9
+2 9
+3 9
+1 9
+4 9
+1 9
+9 9
+4 9
+1 9
+8 9
+1 9
+1 9
+1 9
+1 9
+1 9
+2 9
+47 9
+1 9
+3 9
+1 9
+1 9
+3 18
+7 9
+1 9
+1 9
+1 9

fl=(138)
fn=(446)
31 1
fi=(258)
+13 3
+1 4
fe=(138)
-14 1

fl=(190)
fn=(756)
67 2
+1 4
+36 2
cfn=(758) __GI__IO_un_link.part.0
calls=1 -38 
* 83

fn=(768)
977 1
+2 2
+5 2
+2 1

fn=(1916)
882 11
+1 1
cfn=(1918) _IO_flush_all
calls=1 713 
* 204
-73 2
+73 1
-73 3
cfi=(192)
cfn=(660)
calls=1 24 
* 13
+1 6
fi=(203)
1037 2
fe=(190)
832 9
+2 6
+20 3
+2 36
+1 3
-43 9
+4 3
+1 27
+8 6
+2 9
+32 2
+1 2
cfi=(192)
cfn=(662)
calls=1 54 
* 10
+33 11
-76 9
-8 1
+3 1
-3 1
+3 2
+47 6

fn=(652)
589 506
+1 46
cfn=(654) _IO_old_init
calls=46 -33 
* 1014
+1 46
+1 92
+2 1
+4 1
+7 1
+2 1
-9 2
+5 2
+4 1
+6 1
+1 1
+1 6
-2 45
+1 45
+1 270
-3 90

fn=(654)
557 46
+3 92
+5 92
-7 46
+12 46
-10 46
-2 46
+2 46
+16 46
-11 46
-5 46
+16 92
+5 46
-16 92
+16 92
+1 3
+2 1
-2 45
+2 45

fn=(680) __underflow
295 4
+1 13
-1 5
+6 3
-6 15
+6 9
+3 4
199 4
304 8
+2 8
+6 8
+7 4
fi=(203)
1037 12
+1 8
fe=(190)
319 8
+1 8
-1 4
cfi=(191)
cfn=(682)
calls=4 496 
* 606
-23 6
+21 8

fn=(692)
355 235
+1 190
+3 47
+2 188
-3 47
+3 94
+3 98
-7 1
cob=(3)
cfi=(152)
cfn=(746)
calls=1 0 
* 35
+4 6

fn=(778)
628 6
+2 3
+6 3
+3 3
68 2
651 3

fn=(694)
190 16
+1 12
+3 12
+4 8
+1 8
+7 4
-4 4
+4 4
-2 8
+3 4
+1 8

fn=(1918)
713 5
+5 1
-5 6
+5 4
cfi=(192)
cfn=(660)
calls=1 24 
* 13
+1 6
-5 1
fi=(203)
1037 2
fe=(190)
742 39
+1 3
-21 9
+2 3
+1 27
+2 18
+7 9
+1 12
+12 2
+1 2
cfi=(192)
cfn=(662)
calls=1 54 
* 10
+4 11
-27 9
-6 1
+3 1
-8 1
+5 1
+3 2
+25 6

fn=(724) _IO_sputbackc
662 1080
+3 1080
+10 360
+3 540
-12 360
+2 360
+1 180
+5 180

fn=(658)
109 8
+1 10
+24 10
-22 1
+2 1
-2 2
+2 6
cfi=(192)
cfn=(660)
calls=1 -90 
* 13
+1 9
+4 1
+3 2
-3 1
+4 2
+1 2
+2 1
+2 10
+1 1
+1 1
-2 1
+2 5
+1 2
cfi=(192)
cfn=(662)
calls=1 -77 
* 10
+3 1
-19 2
+1 1
+1 9
+11 2
-11 1

fn=(758)
66 1
+6 1
-6 7
+6 4
cfi=(192)
cfn=(660)
calls=1 -48 
* 13
+1 6
+2 1
-1 1
+1 2
+6 1
+1 1
+1 1
+1 2
+1 1
+11 4
+2 3
+2 2
+1 2
cfi=(192)
cfn=(662)
calls=1 -47 
* 10
+3 8
-27 2
+22 1
+1 6
-27 3

fn=(684)
369 1
+1 2
+2 4
-3 1
fi=(203)
1037 1
fe=(190)
369 2
+4 1
fi=(203)
1037 2
+1 2
fe=(190)
373 3
cfi=(198)
cfn=(686)
calls=1 68 
* 232
* 2
+3 2

fl=(235)
fn=(1736)
25 4
+1 8
-1 2
+1 6
cfi=(172)
cfn=(602)
calls=2 +48 
* 34
+1 4

fl=(236)
fn=(1740)
26 4
+1 12
-1 2
+1 6
cfi=(172)
cfn=(602)
calls=2 +47 
* 34
+1 4

fl=(249)
fn=(1922)
27 3

fl=(126)
fn=(410)
31 1
fi=(116) ./string/../sysdeps/x86_64/multiarch/ifunc-strcasecmp.h
+10 2
+1 4
+3 5
fe=(126)

fl=(196)
fn=(676)
27 45
+1 135
cfi=(197) ./libio/./libio/iogetdelim.c
cfn=(678) getdelim
calls=45 +13 
* 7849

fl=(201)
fn=(702)
61 48
+7 48
+2 48
+3 48
+1 48
+2 48
+1 48
+1 48
+1 48
+3 48
+1 48
+3 48
+1 48
+2 46
+1 46
+1 1
+1 1
+2 2
+7 2
+5 2
+7 2
+1 2
+7 11
+1 11
+1 11
+1 22
+4 2
+1 2
+4 4
+1 4
+1 4
+1 8
+4 11
+1 11
+1 11
+1 22
+5 15
+1 15
+1 15
+1 30
+10 45
+1 45
+1 45
+2 45
+10 45
+1 45
+3 45
+1 45
+2 41
+1 41
+2 30
+1 30
+1 30
+1 30
+2 26
+1 26
+1 26
+1 26
+2 15
+1 15
+1 15
+1 15
+59 4
+1 4
+3 3
+1 3
+4 1
+1 1
+3 1
+1 1
+1 1
+1 1
+1 1
+36 1
+2 1
+2 1
+1 1
+1 1
+1 1
+1 2
+3 1
+1 2
+44 2
+1 2
+1 2
+1 2
+2 2
+1 2
+3 2
+1 2
+3 2
+1 2
+4 1
+1 1
+2 1
+1 1
+2 1
+1 1
+1 1
+1 1
+1 1
+1 1
+2 2
+4 1
+1 1
+1 1
+1 2

fl=(160)
fn=(544)
53 1
+1 1
+1 1
+2 1
+1 1
+4 1
+1 1
+1 1
+3 1
+2 1
+1 1
+1 1
+1 1
+3 1
+1 1
+2 1
+1 1
+1 1
+1 1
+1 1
+9 2

fl=(88)
fn=(312)
31 2
fi=(89)
+14 4
+1 8
+3 10
fe=(88)

fl=(173)
fn=(604)
30 4
+4 7
fi=(174)
+19 1
fe=(173)
-18 2
fi=(175) ./signal/../sysdeps/unix/sysv/linux/sigsetops.h
+67 1
fe=(173)
-61 1
+4 1
fi=(175)
+57 1
+2 1
-8 1
fe=(173)
-51 1
-1 4
+1 1
cfi=(176)
cfn=(610)
calls=1 -18 
* 79
* 1
+3 1
-3 1
+4 5

fl=(110)
fn=(366)
30 1
fi=(105)
+15 2
+1 4
+3 5
fe=(110)

fl=(155)
fn=(1070)
5366 34
+6 17
-1 17
+1 17
-1 17
+1 17
+1 68
-7 34
+11 17
-11 68
+11 17
cfn=(1072) _mid_memalign
calls=17 3558 
* 8068
* 17
+8 17
-6 34
+2 17
+1 17
+4 51

fn=(1072)
3558 17
+5 34
+4 34
-9 85
1269 34
+19 68
3104 34
3594 34
+24 85
-46 51
+8 34
+16 68
cfn=(1074) _int_memalign
calls=17 4688 
* 7339
+1 85
fi=(154)
151 32
fe=(155)
3618 34

fn=(1074)
4688 51
-3 17
1288 34
4685 34
1288 17
4685 17
1288 34
4685 51
1288 34
4699 34
cfn=(640) _int_malloc
calls=17 3790 
* 3692
+2 34
+5 17
-2 17
+2 17
1440 34
4706 34
+12 32
+2 28
+2 14
-2 14
+5 14
-5 14
+1 14
+1 14
-1 14
+4 14
-3 14
+3 14
+2 14
-2 14
+1 70
+1 14
+1 42
+1 14
-1 28
+1 42
cfn=(742) _int_free_merge_chunk
calls=14 4407 
* 1400
+1 28
+4 64
+12 16
-1 16
+1 80
1419 1
4708 3
1426 1
+22 1
-1 1
-21 2
4710 2
1448 2
+1 6
4746 1
-35 1
+35 5
-8 16
-2 16
+1 16
+1 48
+2 16
-1 32
4458 32
+6 14
+8 14
+9 7
-1 7
+2 14
+2 14
+18 7
-1 7
+2 7
+1 7
+2 21
+1 7
4741 21
cfn=(744) _int_free_maybe_trim
calls=7 4528 
* 178
* 27
cfn=(744)
calls=9 4528 
* 286
* 32
4515 9
+1 27
+1 32
-52 7
cfn=(780) unlink_chunk.isra.0
calls=7 1592 
* 154
+1 28

fn=(734)
3380 309674
+7 309674
-7 1393515
+11 309670
4837 154835
+1 154835
-1 154835
+1 154835
-1 309670
+2 464505
3425 154832
-22 154832
+22 774160
+4 309664
1288 928992
3436 309664
fi=(154)
151 464496
fe=(155)
3469 309664
4840 154835
3411 309670
+2 8
+1 8
+36 3
+51 1393515
-30 619328
cfn=(738) _int_realloc
calls=154832 4559 
* 47009812
* 154832
+1 774160
fi=(154)
151 464496
fe=(155)
3472 309664
-84 4
cfn=(636)
calls=2 3283 
* 397

fn=(738)
4559 619328
+11 1857984
+8 309664
+2 154832
+1 464496
+1 619328
+4 309664
+14 2744
+53 5488
-53 5488
+57 2744
-57 2744
+57 5488
-2 5488
+2 4336
+1 2168
+16 2168
+1 8672
-1 576
+1 610656
-79 309662
+12 278838
+12 956774
cfn=(640)
calls=136682 3790 
* 12938866
* 136682
+1 273364
+3 136682
+6 410046
-5 3
+7 3
+19 3
-26 3
+7 3
+19 6
-13 3
+20 6
+8 576
-4 576
+3 576
+5 576
-4 576
-1 576
+5 576
-4 576
+4 576
-1 576
+1 1728
cfn=(740) _int_free_chunk
calls=576 4351 
* 65489
* 576
-60 3170
-1 6340
+5 16440
cfn=(780)
calls=2740 1592 
* 53920
+44 13700
-48 5480
+28 136679
fi=(213) ./malloc/../string/bits/string_fortified.h
29 136679
fe=(155)
4637 136679
fi=(213)
29 273358
fe=(155)
4638 273358
fi=(213)
29 136679
cob=(3)
cfi=(152)
cfn=(704)
calls=136679 -29 
* 7872219
fe=(155)
4642 820074
cfn=(740)
calls=136679 4351 
* 16034934
+2 273358
-47 15412
+1 15412
-2 30824
+4 61636
+2 15409
-2 15409
+2 15409
-2 61636
+1 30818
+1 15409
+2 30818

fn=(636)
3283 354530
1269 709060
+19 354530
3287 354530
1288 995742
3287 573364
+2 857562
+2 571708
+2 2122212
3030 360790
+4 721580
+4 180395
+1 180395
3294 180395
-7 135696
+19 174135
cfn=(638) __libc_malloc2
calls=174135 -59 
* 22754669
-17 135696

fn=(638)
3247 1044816
+4 348272
+28 870680
-26 522408
cfn=(640)
calls=174136 3790 
* 18749686
+1 870680
fi=(154)
151 348266
fe=(155)

fn=(742)
4407 2757968
+7 1723730
-6 344746
+9 1034238
+5 1034238
+4 689492
-1 689492
+1 689492
1895 1034238
4433 689492
+2 40292
+2 40292
+1 161168
+2 40292
-4 40292
+4 40292
cfn=(780)
calls=40292 1592 
* 791813
+18 689492
+6 643244
+4 297761
+4 643244
+9 13950
-1 13950
+2 27900
+2 41850
+7 615344
+1 1230688
+1 307672
+2 615344
+3 1846032
+4 307672
-1 307672
+2 307672
+1 307672
+2 923016
+1 307672
-61 307672
-1 615344
+1 1846032
-1 307672
cfn=(744)
calls=307672 +83 
* 7384128
+57 13950
-1 13950
+2 13950
+1 13950
+2 41850
+1 13950
-61 13950
-1 27900
+1 83700
-1 13950
cfn=(744)
calls=13950 +83 
* 352460
+1 23124
-1 46248
+1 138744
-1 23124
cfn=(744)
calls=23124 +83 
* 766594
+70 23124
+1 69372
+1 46248
-52 23861
+1 23861
-1 23861
cfn=(780)
calls=23861 1592 
* 469121
+1 23861
-49 1723730

fn=(748)
3319 354565
+3 709130
+15 709130
-4 1063695
+8 1063695
+6 1060053
+6 353351
-3 706702
+3 353351
-3 353351
+1 706702
+2 1060053
3007 147083
+8 147083
-12 147083
+4 441249
+1 147083
+7 147083
3354 147083
+10 618804
-34 207481
+40 414962
fi=(154)
151 622443
fe=(155)
3374 622443
cfn=(740)
calls=207481 4351 
* 25537576
-9 1
cfn=(750) tcache_free_init
calls=1 -53 
* 311

fn=(749) free'2
3319 1
+3 2
+15 2
-4 3
+8 3
+6 3
+6 1
-3 2
+3 1
-3 1
+1 2
+2 3
3007 1
+8 1
-12 1
+4 3
+1 1
+7 1
3354 1

fn=(780)
1592 94111
+2 282333
-2 94111
+2 188222
+3 94111
+3 188222
-2 94111
+2 188222
+3 94111
+1 94111
+1 242144
+2 10434
+1 15651
+3 10434
+14 5208
+1 5208
+3 188204
-16 18
+4 15
+2 5
+1 10
+9 10
-15 12
+15 8

fn=(796) __libc_calloc2
3645 120
+7 30
+10 15
+1 45
+21 45
cfn=(640)
calls=15 3790 
* 3602
* 15
+2 90
+40 15
-12 15
+12 30
+3 75
+4 15
fi=(230) ./malloc/../sysdeps/generic/calloc-clear-memory.h
25 30
+2 30
fe=(155)
3686 15
fi=(154)
151 30
fe=(155)
3686 45
+3 45
+46 15
fi=(213)
59 30
fe=(155)
3735 75
fi=(213)
59 15
cob=(3)
cfi=(152)
cfn=(784)
calls=15 -59 
* 459186
fe=(155)

fn=(864) systrim.constprop.0
2743 768
+2 256
+1 512
+4 256
+1 256
-1 512
+3 1024
+2 512
-8 256
+48 256

fn=(640)
3790 2797650
+32 621700
1288 1834676
3831 560852
+16 560852
+54 10900
+18 97245
-1 97245
+12 194490
-11 194490
-1 291735
+12 194490
-6 46977
+5 46977
-7 46977
+2 93954
+9 93954
+3 93954
-3 1954
+3 1954
+1 143862
-3 47954
+5 47954
+1 191816
+2 191816
-10 47954
+12 95908
+1 95908
+2 95908
+11 187922
+29 5818
+1 5818
+4 11636
+31 11498
+8 32708
+1 2688
+1 2688
-1 2688
+4 5376
-4 2801
+1 2801
-1 2801
+4 5602
+5 2436
-2 609
+3 1218
+6 939
+3 939
+2 626
+33 626
+9 313
-9 1252
+1 313
+1 313
+1 313
+1 313
+6 626
-10 21664
+9 10832
-9 43328
+1 10832
+1 10832
+1 10832
+1 10832
+6 21664
+1 11
+1 22
3053 336
-27 336
+27 336
-27 336
+4 672
+4 1344
+4 336
+1 336
4113 336
3831 121696
1288 30424
3850 30424
+2 30424
-2 30424
+2 60848
-2 278246
+2 278246
-2 278246
+2 556492
+2 213605
+1 427210
+2 213605
+1 213605
+1 213605
+2 854420
+6 640815
+1 427210
2919 427210
3872 640815
+4 1695626
+1 266202
+2 67290
+2 33645
+1 33645
+1 67290
+2 33645
2999 33645
+16 33645
3886 33645
3003 67290
+4 134580
+1 33645
+7 33645
+32 460855
1888 213605
3893 213605
1888 427210
4340 2797650
3901 284194
-52 1669476
4105 33435
3930 34443
4111 42016
+13 60436
-2 120872
+2 4250
+3 2125
-3 2125
+3 4250
+1 392
+3 348
+3 4
-2 890
+6 348
+2 17
+1 34
+2 17
+1 34
-1 68
+1 17
cfn=(780)
calls=17 1592 
* 410
-1 157
+1 314
-1 628
+1 157
cfn=(780)
calls=157 1592 
* 4867
+3 1044
+13 62
+1 124
+3 62
-8 62
+8 124
+1 62
+1 62
+1 124
4277 8990
+3 35960
+2 13485
+1 4495
1888 4495
4286 4495
1888 8990
4280 127024
+2 47634
+1 15878
1888 15878
4286 15878
1888 38594
4286 6838
1888 13676
3994 417
+1 417
-1 417
+1 834
2919 834
3998 1251
+4 834
+1 1086
3003 336
3981 336
3015 336
4006 336
3003 336
+4 1344
+1 336
+7 336
4007 336
+24 21786
1888 243
4083 4880
-51 4880
+51 14721
-70 162
-54 91096
+2 42136
-1 84272
+27 5744
+1 5744
+4 11488
+31 26980
+2 10792
+1 16188
+1 5396
-1 5396
+1 5396
-2 520
+1 780
+1 260
-1 260
+1 1213
+4 3812
+26 888
+3 161
+1 483
-3 914
+6 296
+7 55
-1 165
+2 110
+2 55
+1 165
+2 55
+1 110
-1 241
+1 482
-47 7515
+36 482
-36 6750
4195 60262
+1 60262
+1 60262
-1 60262
+1 60262
+1 120524
+1 180786
+5 262249
+16 213345
+2 426690
-4 507460
+8 40385
+3 80770
+2 26696
+1 13348
+1 13348
-2 13348
-27 13348
+4 124257
+3 164968
-3 108684
+3 142828
-3 101685
+3 134388
-3 64458
4308 66450
+1 99675
+2 66450
+3 132900
+5 33178
-2 33178
+2 66356
-2 33178
+7 33178
-8 33178
+3 33178
+2 33178
-3 33178
+1 132712
+2 33178
1888 99534
2324 47
+12 47
-12 94
+12 47
+1 12
+3 16
+8 28
cfn=(846) sysmalloc_mmap
calls=4 2244 
* 438
* 4
+1 8
4336 141
cfn=(648) alloc_perturb
calls=47 1887 
* 235
* 47
4208 8194
+5 32776
+1 16388
+24 54074
+3 54074
+2 27037
+3 54074
-3 108148
+3 27037
cfn=(780)
calls=27037 1592 
* 568741
+3 162222
+15 20311
+1 40622
+3 20311
-9 20311
+9 40622
+1 20311
+1 20311
+3 40622
+1 19026
+1 45103
2325 43
+36 172
+1 43
-1 43
+1 43
+9 424
+6 126
+3 172
2698 129
+1 43
+4 43
+1 86
+3 86
+5 86
-2 43
+2 43
-3 43
+2 43
+4 43
-3 43
+1 43
-1 129
+1 43
4335 43
-83 6838
-1 6838
+1 13676
2441 86
+8 86
+1 43
+10 86
+7 172
+8 86
+57 4
+40 1
-12 1
+12 2
+19 1
+4 1
-1 2
+1 6
+2 2
+1 4
cfi=(187) ./malloc/./malloc/morecore.c
cfn=(642) __glibc_morecore
calls=1 25 
* 26
+12 3
-12 1
+12 1
1912 2
2650 1
+3 1
-1 1
+1 4
+12 1
-11 1
+11 2
3965 36392
+3 36392
-4 72784
+3 36392
-1 36392
+1 72784
+1 72784
+1 72784
+2 53636
+4 26818
+6 26818
-6 187726
+2 80454
+5 26818
-4 26818
+4 53636
cfn=(648)
calls=26818 1887 
* 134090
-7 9574
+6 9574
-6 67018
+2 28722
+5 9574
-4 9574
+4 19148
cfn=(648)
calls=9574 1887 
* 47870
+1 36392
2477 172
cfi=(187)
cfn=(642)
calls=43 25 
* 1910
+1 129
-1 43
+1 43
1912 86
2480 43
+3 86
+38 171
+2 84
+6 42
-6 42
+6 126
-6 2
+6 1
-6 1
+6 87
+1 252
-8 2
1921 2

fn=(744)
4528 3792382
+3 689524
+2 89900
+3 134594
+14 3789566
-13 1024
+13 1792
-13 256
cfn=(864)
calls=256 2743 
* 4608

fn=(750)
3312 1
2941 1
3312 2
2941 1
3312 3
2941 1
3210 2
+8 2
cfn=(638)
calls=1 +29 
* 139
* 3
+2 2
fi=(213)
59 104
fe=(155)
3229 10
-1 1
+87 1
-1 1
+1 3
-1 1
cfn=(749)
calls=1 +5 
* 33

fn=(846)
2244 4
+4 16
-4 12
+4 4
-4 4
+2 8
+2 4
-4 4
+2 4
+2 4
-4 4
+4 4
cfi=(225)
cfn=(810)
calls=4 47 
* 104
* 4
+3 8
+2 8
1448 4
+1 4
2261 4
1449 8
2261 12
+1 18
+3 12
+1 20
+4 4
+1 28
1912 8
2256 16
cfi=(228) ./misc/../sysdeps/unix/sysv/linux/setvmaname.c
cfn=(848) __set_vma_name
calls=4 60 
* 96
1448 8

fn=(648)
1887 36439
+1 109317
+2 36439

fn=(794)
3739 19
+3 76
1269 38
+19 19
3751 19
1288 57
3751 38
+2 15
+2 10
+25 30
cfn=(796)
calls=15 3645 
* 463628
-23 30
3030 12
+4 16
+4 4
+1 12
fi=(230)
25 4
fi=(213)
+34 4
fi=(230)
-32 8
fe=(155)
3781 8
fi=(213)
59 100
fi=(230)
-31 4
fe=(155)

fn=(1128) munmap_chunk
2799 4
+3 4
-3 4
+3 8
1426 4
+7 4
+7 4
2804 4
1426 4
+7 4
+7 4
2800 4
1440 4
2812 16
+1 4
-1 4
+1 12
+3 4
+1 12
+6 4
-1 8
cfi=(226)
cfn=(1130)
calls=4 117 
* 24

fn=(740)
4351 1378944
+8 344736
-3 344736
+3 344736
-3 689472
+6 689464
+6 344732
cfn=(742)
calls=344732 +39 
* 35777295
+5 689464
+27 1034196
-14 12
+10 8
cfn=(1128)
calls=4 2799 
* 144
-23 8
+27 12
-12 16
+2 4
+1 4
-1 4
+1 4
+1 8

fl=(221)
fn=(800)
24 1
+7 1
-7 1
+7 3
+7 1
-3 1
+3 1

fl=(151)
fn=(498)
55 2
+1 1
-1 2
+1 1
-1 1
+1 4
cob=(3)
cfi=(152)
cfn=(500)
calls=1 -56 
* 20
+2 4
cob=(3)
cfi=(152)
cfn=(500)
calls=1 -58 
* 19
+2 4
cob=(3)
cfi=(152)
cfn=(500)
calls=1 -60 
* 20
+2 6

fl=(187)
fn=(642)
25 44
+1 88
-1 88
+4 44
cfi=(188) ./misc/./misc/sbrk.c
cfn=(644) sbrk
calls=44 +8 
* 1496
+1 88
+4 88

fl=(208)
fn=(720)
287 270
fi=(212) ./stdio-common/../include/scratch_buffer.h
77 45
fe=(208)
287 360
+10 225
+1 45
fi=(212)
77 45
fe=(208)
348 45
-50 45
+50 90
fi=(212)
78 45
fe=(208)
348 45
+6 135
+3 270
+4 45
+20 45
-20 45
+7 90
+6 45
+2 90
+5 45
-5 45
+5 45
-5 45
+5 135
cfi=(192)
cfn=(660)
calls=45 24 
* 585
* 225
+9 45
fi=(261) ./stdio-common/../string/bits/string_fortified.h
59 45
fe=(208)
390 135
-97 45
-1 45
+10 45
-10 45
-1 45
+46 45
-1 45
-1 45
-1 45
-12 45
-30 180
428 270
+24 270
+1 270
+3 225
+7 450
+8 90
+8 135
-27 90
-62 540
3175 180
498 90
231 90
+1 180
-1 90
498 180
231 90
498 180
354 90
492 90
fi=(209) ./stdio-common/./stdio-common/printf-parse.h
55 540
fe=(208)
514 270
fi=(209)
55 90
fe=(208)
539 90
+3 900
669 180
+4 180
+1 450
3185 315
cfi=(192)
cfn=(662)
calls=45 54 
* 450
fi=(212)
85 135
fe=(208)
3189 90
+17 90
+6 585
678 270
+1 90
+6 1170
+3 180
-3 90
+3 180
-3 270
555 270
+8 90
-21 180
1036 450
689 90
+1 270
+4 270
-5 90
+1 90
-1 90
+1 90
cfi=(190)
cfn=(724)
calls=90 -28 
* 2070
+4 900
1462 630
+5 90
-5 90
+5 270
+9 296
+5 232
+1 464
+2 116
+1 348
+13 116
+16 116
1835 180
+9 90
fi=(212)
113 540
fe=(208)
1844 180
fi=(212)
113 180
fe=(208)
1837 180
269 706
1899 706
269 1412
+3 706
1901 1412
272 706
1901 706
272 706
1901 706
+2 4942
-68 2118
+2 1412
+2 4610
240 90
1906 180
215 90
1913 180
223 90
1914 180
+28 810
cfi=(190)
cfn=(724)
calls=90 662 
* 2070
* 360
269 270
+3 270
1946 180
1764 180
1964 180
215 90
1764 180
1963 180
+30 810
+9 360
694 180
1520 64
269 232
+3 174
1523 180
1835 630
1967 90
cfi=(210)
cfn=(726)
calls=90 107 
* 24390
* 90
+3 270
+3 270
+19 180
+1 270

fl=(211)
fn=(728)
238 270
+19 90
-19 540
+54 90
-54 180
+26 180
+31 540
+9 180
-3 90
+3 540
+2 180
+5 180
-1 90
+6 180
+4 180
+15 64
451 160
-61 96
+88 32
-88 64
+3 32
+96 32
-98 64
+69 32
+3 32
-1 32
-71 128
+3 64
-4 174
+88 58
-88 116
+3 58
+96 58
-98 116
+69 58
+3 58
-1 58
-71 232
+3 116
+90 764
+5 764
+1 2292
-41 1528
+2 2876
+2 2292
+7 236
+17 472
+1 236
+3 2292
+3 1528
+11 180
+5 270
+1 90
+23 450
-11 270
+33 720
342 64
+48 32
258 32
387 64
-65 406
+5 116
+60 116
+8 116
-63 290

fl=(244)
fn=(1838)
357 1
51 1
+1 2
357 3
55 2
+8 1
-3 1
-21 1
+1 4
+1 1
+27 1
+2 1
359 2
72 2
+3 3
+3 2

fl=(118)
fn=(386)
29 1
fi=(119) ./string/../sysdeps/x86_64/multiarch/ifunc-strcpy.h
+13 2
+1 4
+3 5
fe=(118)

fl=(214)
fn=(754)
34 8
+14 3
+9 1
fi=(203)
1037 3
+1 2
fe=(214)
57 3
cfi=(191)
cfn=(776)
calls=1 202 
* 25
+1 3
fi=(203)
963 4
+1 4
+6 2
cob=(3)
cfi=(152)
cfn=(746)
calls=1 0 
* 35
fe=(214)
76 7
-27 1
cfi=(190)
cfn=(756)
calls=1 +18 
* 87
+2 3
fi=(203)
991 2
+1 10
fe=(214)
71 2
-19 2
+1 2
cfi=(191)
cfn=(760)
calls=1 +76 
* 259
* 1
fi=(203)
991 3
fe=(214)

fl=(134)
fn=(436)
29 2
fi=(103) ./string/../sysdeps/x86_64/multiarch/ifunc-memmove.h
+27 6
+1 4
+3 6
+17 4
+8 4
+11 8
fe=(134)
-67 2

fl=(228)
fn=(848)
60 16
-26 25
+36 21
-33 6
cob=(3)
cfi=(152)
cfn=(500)
calls=1 -37 
* 20
* 6
+5 1
+1 1

fl=(133)
fn=(432)
33 1
fi=(119)
+9 2
+1 4
+3 5
fe=(133)

fl=(220)
fn=(790)
25 1
+1 2
-1 1
+3 1
-3 3
+3 2
cob=(3)
cfi=(152)
cfn=(792)
calls=1 -28 
* 313
* 2
+1 2
+3 1
-5 1
+5 1

fl=(129)
fn=(420)
29 1
fi=(112) ./string/../sysdeps/x86_64/multiarch/ifunc-strncpy.h
+10 2
+1 4
+3 5
fe=(129)

fl=(189) ./misc/../sysdeps/unix/sysv/linux/brk.c
fn=(646) brk
36 44
fi=(262) ./misc/../sysdeps/unix/sysv/linux/brk_call.h
-12 88
fe=(189)
+13 88
+1 88
+6 44
+1 44

fl=(197)
fn=(678)
41 450
+6 45
-6 135
+6 90
+7 180
+8 267
+16 132
+1 88
-38 90
+64 48
+6 48
-7 96
+1 48
+6 48
-6 96
+4 5
+2 1
cob=(3)
cfi=(152)
cfn=(732)
calls=1 0 
* 404
+1 2
-1 1
+1 1
+6 2
+1 2
+2 2
fi=(263) ./libio/../string/bits/string_fortified.h
-92 4
cob=(3)
cfi=(152)
cfn=(704)
calls=1 -29 
* 24
fe=(197)
+92 47
fi=(263)
-92 188
cob=(3)
cfi=(152)
cfn=(704)
calls=47 -29 
* 939
fe=(197)
+93 48
+2 102
cfi=(190)
cfn=(680)
calls=3 295 
* 363
* 6
+2 6
-3 3
+3 3
-33 12
cob=(3)
cfi=(152)
cfn=(700)
calls=3 -93 
* 93
* 180
cob=(3)
cfi=(152)
cfn=(700)
calls=45 -93 
* 1735
* 48
+2 192
+1 192
fi=(203)
991 90
fe=(197)
134 405
-86 90
+16 1
+1 1
-1 1
+1 1
cob=(3)
cfi=(152)
cfn=(634)
calls=1 -65 
* 169
* 2
+3 2
+10 2
-9 1
+9 1
+1 2
+2 2
cfi=(190)
cfn=(680)
calls=1 295 
* 382
* 2
+5 4
+42 135
fi=(203)
991 90
fe=(197)

fl=(170)
fn=(594)
28 1
+2 2
-1 1
+5 2

fl=(231)
fn=(1708)
30 2
+8 4
+2 4
+28 4
+1 4
-25 4

fl=(127)
fn=(414)
31 1
fi=(258)
+13 3
+1 4
fe=(127)
-14 1

fl=(161)
fn=(546)
545 1
+1 4
+1 3
+1 3
+2 1

fl=(246)
fn=(1850)
45 6
+3 6
-3 24
+3 15
+3 12
+4 21
-4 9
+57 12
+4 18
-4 9
+12 6
cfi=(247) ./posix/./posix/register-atfork.c
cfn=(1852) __unregister_atfork
calls=3 -38 
* 54
+1 12
+1 24

fl=(247)
fn=(1852)
82 9
+1 6
-1 6
+1 6
fi=(248) ./posix/../malloc/dynarray-skeleton.c
243 3
fe=(247)
71 6
+38 12
+1 6

fl=(153)
fn=(502)
238 7
+3 6
+37 5

fn=(876)
351 1
+2 2
cfn=(878) getrandom_vdso
calls=1 187 
* 59

fn=(878)
187 11
+1 1
-1 3
+1 2
32 2
233 11
31 9
cfi=(172)
cfn=(602)
calls=1 +43 
* 17
* 3

fl=(135)
fn=(440)
29 1
fi=(136) ./string/../sysdeps/x86_64/multiarch/ifunc-evex.h
+13 2
+1 4
+8 4
fe=(135)
-22 1

fl=(102)
fn=(348)
29 2
fi=(103)
+27 6
+1 4
+3 6
+17 4
+8 4
+11 8
fi=(264) ./string/../sysdeps/x86_64/multiarch/memcpy.c
-67 2
fe=(102)

fl=(167) ./csu/../sysdeps/nptl/libc_start_call_main.h
fn=(588) (below main)
30 6
+15 4
cfi=(168) ./setjmp/../sysdeps/x86_64/bsd-_setjmp.S
cfn=(590) _setjmp
calls=1 -17 
* 31
* 1
+2 2
+5 2
+1 2
+3 2
+3 5
cob=(6)
cfi=(164)
cfn=(596)
calls=1 -59 
* 1826158123
+24 2
cfi=(240)
cfn=(1828)
calls=1 +64 
* 1737

fl=(226)
fn=(1130)
117 25
+5 5

fn=(812)
117 5
+5 1

fn=(816)
91 3
+2 1

fl=(111)
fn=(370)
31 1
fi=(112)
+8 2
+1 4
+3 5
fe=(111)

fn=(380)
31 1
fi=(116)
+10 2
+1 4
+3 5
fe=(111)

fl=(239)
fn=(1776)
25 4
+1 8
-1 2
+1 6
cfi=(172)
cfn=(602)
calls=2 +48 
* 34
+1 4

fl=(188)
fn=(644)
37 220
+6 88
+35 3
-38 88
+18 88
+4 88
+4 43
+1 43
-1 129
+8 43
cfi=(189)
cfn=(646)
calls=43 -38 
* 387
* 129
+4 130
-19 2
cfi=(189)
cfn=(646)
calls=1 -23 
* 9
* 2
+4 4

fl=(206)
fn=(714)
36 450
+4 90
+1 90
cob=(3)
cfi=(152)
cfn=(716)
calls=45 -41 
* 1316
* 45
+5 225
cfi=(190)
cfn=(692)
calls=45 355 
* 855
+5 90
-3 45
+3 135
-2 45
+1 45
+3 45
+1 45
+1 45
+9 45
+1 270

fl=(227)
fn=(824)
25 3
+1 6
+1 3

fl=(193)
fn=(668)
28 6
+3 9
+8 7
+2 5

fl=(216)
fn=(772)
25 1
+1 4
+1 1

fl=(229)
fn=(890)
73 4780165
+7 4780165
+1 4780165
+3 1014184
+1 1014184
+1 1014184
+4 1014184
+1 1014184
+2 1014152
+1 1014152
+62 1854320
+10 1854320
+1 1854320
+1 1854320
+3 3708640
337 1014152
+1 1014152
+1 1014152
+1 1014152
+1 1014152
+1 1726800
+40 150752
+1 150752
+8 150752
+1 150752
+1 150752
+2 301504
+6 3765981
+1 3765981
+5 3711168
+1 3711168
+1 3711168
+1 3711168
+1 3711168
+3 3262139
+1 3262139
+1 3262139
+1 3262139
+3 3262139
+1 3262139
+1 1407918
+1 2815836
+6 449029
+1 449029
+2 448544
+1 448544
+2 414870
+1 414870
+2 361345
+1 361345
+1 361345
+1 361345
+1 361345
+1 361345
+1 361345
+1 361345
+1 361345
+2 361345
+2 108999
+4 54813
+1 54813
+1 54813
+1 54813
+2 54813
+4 266309
+1 266309
+2 266309
+10 33674
+1 33674
+1 33674
+1 33674
+1 19711
+1 19711
+1 19711
+2 19711
+2 19711
+26 485
+1 485
+1 485
+1 485
+1 485
+4 445
+1 445
+1 445
+1 445
+1 445
+1 445
+2 445
+2 418
+24 53525
+1 53525
+1 53525
+1 53525
+1 53525
+1 53525
+1 53525
+1 53525
+1 53525
+1 53525
+2 53525
+2 53525

fl=(120)
fn=(390)
31 1
fi=(116)
+10 2
+1 4
+3 5
fe=(120)

fn=(452)
31 1
fi=(116)
+10 2
+1 4
+3 5
fe=(120)

fl=(98)
fn=(334)
29 1
fi=(99)
+27 3
+1 2
+3 3
+17 2
+8 2
+11 4
fe=(98)
-67 1

fl=(117)
fn=(384)
29 3

fn=(406)
29 1
fi=(119)
+13 2
+1 4
+3 5
fe=(117)

fl=(132)
fn=(428)
29 1
fi=(99)
+27 3
+1 2
+3 3
+17 2
+8 2
+11 4
fe=(132)
-67 1

fl=(184)
fn=(628)
32 2
fi=(185)
+27 1
fe=(184)
-27 4
fi=(185)
+27 2
fe=(184)
-13 2
cfi=(181)
cfn=(622)
calls=1 -19 
* 6
* 2
+3 4

fl=(139)
fn=(448)
33 1
fi=(103)
+23 3
+1 2
+3 3
+17 2
+8 2
+11 4
fe=(139)
-63 1

fl=(97)
fn=(330)
29 1
fi=(93)
+16 2
+1 4
+3 5
fe=(97)

fl=(130)
fn=(424)
29 1
fi=(131) ./wcsmbs/../sysdeps/x86_64/multiarch/ifunc-memcmp.h
+11 2
+1 4
+3 5
fe=(130)

fl=(158)
fn=(538)
46 5
+5 2
+4 5
+8 1
-2 1
+10 1
-9 1
+1 1
+9 1
-1 1
cfi=(159)
cfn=(540)
calls=1 -41 
* 50

fl=(168)
fn=(590)
28 1
+2 1
+2 1
cfi=(169)
cfn=(592)
calls=1 -1 
* 28

fl=(202)
fn=(706)
255 555599
+1 555599
+6 555599
+1 555599
+2 194205
+1 194205
+1 194205
+3 1437
+1 1437
+1 1437
+3 2874
+30 361394
+1 361394
+2 349333
+1 349333
+2 169290
+4 169290
+1 39701
+1 39701
+1 39615
+1 39615
+1 31624
+1 31624
+2 31624
+2 31624
-2 7991
+2 8077
+6 129589
+1 129589
+1 129589
+1 129589
+1 129589
+7 12061
+1 12061
+1 12061
+1 12061
+2 12061
+17 180043
+1 180043
+1 180043
+1 180043
+1 180043
+7 157216
+1 157216
+1 157216
+1 157216
+1 157216
+1 157216
+1 314432
+5 192768
+1 192768
+5 192593
+1 192593
+2 173598
+1 173598
+1 173598
+2 16382
+1 16382
+1 16382
+1 16382
+1 16382
+1 16382
+1 16382
+1 16382
+1 16382
+1 16382
+1 16382
+1 16382
+1 16382
+1 16382
+1 32764
+4 18995
+1 18995
+4 18995
+2 18995
+4 18963
+1 18963
+11 18963
+3 18963
+2 18963
+2 18963
+4 18963
+1 18963
+9 18424
+1 18424
+2 18424
+2 18424
+1 18424
+1 18424
+3 18424
+2 18424
+2 18424
+2 36848
+6 18424
+1 18424
+1 18424
+1 18424
+1 18424
+1 18424
+1 18424
+1 18424
+1 18424
+1 18424
+1 18424
+1 18424
-11 49375
+1 49375
+1 49375
+1 49375
+1 49375
+1 49375
+1 49375
+1 49375
+1 49375
+1 49375
+1 49375
+1 49375
+2 18424
+1 18424
+1 18424
+1 18424
+2 18424
+4 36848
+6 32
+1 32
+6 571
+1 571
+2 571
+1 571
+1 571
+2 571
+2 571
+2 1142
+6 571
+1 571
+1 571
+1 571
+1 571
+1 571
+1 571
+1 571
+1 571
+1 571
+1 571
+1 571
-11 2601
+1 2601
+1 2601
+1 2601
+1 2601
+1 2601
+1 2601
+1 2601
+1 2601
+1 2601
+1 2601
+1 2601
+2 571
+1 571
+1 571
+1 571
+2 571
+1 1142
+9 175
+7 175
+1 175
+6 33
+3 33
+2 33
+3 33
+1 33
+2 33
+2 994521
+2 33
+2 33
+2 66
+5 175
+1 175
+4 175
+2 175
+3 175
+4 175
+1 175
+4 175
+4 175
+24 142
+2 142
+2 142
+2 142
+3 142
+1 142
+2 5413111
+3 142
+2 142
+2 284

fl=(241)
fn=(1832)
148 4
+1 1
-1 1
+1 3
+16 4

fl=(165)
fn=(566)
242 13
+69 2
+1 4
cfi=(166)
cfn=(568)
calls=1 67 
* 70
+25 6
+6 2
-3 2
+10 2
cob=(3)
cfi=(152)
cfn=(584)
calls=1 0 
* 7
+2 2
+8 4
cfi=(167)
cfn=(588)
calls=1 30 
* 1826159917
128 2
+6 3
+1 6
cob=(3)
cfi=(152)
cfn=(572)
calls=1 0 
* 7
* 1
+3 1
+1 2
+3 3
+2 2
-1 9
+2 4
cob=(6)
cfi=(164)
cfn=(578)
calls=1 0 
* 12
* 4
cob=(6)
cfi=(164)
cfn=(576)
calls=1 0 
* 4
-1 7

totals: 1826378401
