litchi-perf-bas 4074627 353179.998452:          1 cycles:u: 
	ffffffff8c800b90 [unknown] ([unknown])
	    7bbd331f5cc0 _start+0x0 (/usr/lib/x86_64-linux-gnu/ld-linux-x86-64.so.2)

litchi-perf-bas 4074627 353179.998474:          1 cycles:u: 
	ffffffff8c800b90 [unknown] ([unknown])
	    7bbd331f5cc0 _start+0x0 (/usr/lib/x86_64-linux-gnu/ld-linux-x86-64.so.2)

litchi-perf-bas 4074627 353179.998488:          1 cycles:u: 
	    7bbd331f688a _dl_start+0x2a (/usr/lib/x86_64-linux-gnu/ld-linux-x86-64.so.2)
	    7bbd331f5cc7 _start+0x7 (/usr/lib/x86_64-linux-gnu/ld-linux-x86-64.so.2)

litchi-perf-bas 4074627 353179.998500:         56 cycles:u: 
	ffffffff8c800b90 [unknown] ([unknown])
	    7bbd331f688a _dl_start+0x2a (/usr/lib/x86_64-linux-gnu/ld-linux-x86-64.so.2)
	    7bbd331f5cc7 _start+0x7 (/usr/lib/x86_64-linux-gnu/ld-linux-x86-64.so.2)

litchi-perf-bas 4074627 353179.998516:       5245 cycles:u: 
	    7bbd331f47e4 _dl_sysdep_parse_arguments+0xa4 (/usr/lib/x86_64-linux-gnu/ld-linux-x86-64.so.2)
	    7bbd331f56cf _dl_sysdep_start+0x1f (/usr/lib/x86_64-linux-gnu/ld-linux-x86-64.so.2)
	    7bbd331f6e4f _dl_start+0x5ef (/usr/lib/x86_64-linux-gnu/ld-linux-x86-64.so.2)
	    7bbd331f5cc7 _start+0x7 (/usr/lib/x86_64-linux-gnu/ld-linux-x86-64.so.2)

litchi-perf-bas 4074627 353179.998918:     562977 cycles:u: 
	    7bbd331d154c __vdso_getrandom+0x20c ([vdso])
	    7bbd32e4bea5 __getrandom_early_init+0x45 (/usr/lib/x86_64-linux-gnu/libc.so.6)
	    7bbd32f9f6e9 __libc_early_init+0xc9 (/usr/lib/x86_64-linux-gnu/libc.so.6)
	    7bbd331f952a dl_main+0x242a (/usr/lib/x86_64-linux-gnu/ld-linux-x86-64.so.2)
	    7bbd331f5735 _dl_sysdep_start+0x85 (/usr/lib/x86_64-linux-gnu/ld-linux-x86-64.so.2)
	    7bbd331f6e4f _dl_start+0x5ef (/usr/lib/x86_64-linux-gnu/ld-linux-x86-64.so.2)
	    7bbd331f5cc7 _start+0x7 (/usr/lib/x86_64-linux-gnu/ld-linux-x86-64.so.2)

litchi-perf-bas 4074627 353180.012050:   44262897 cycles:u: 
	    5d3e6411981c <memchr::arch::x86_64::avx2::memchr::Three>::find_raw_avx2+0x2c (/tmp/litchi-goal-0458/litchi-perf-baseline)
	2222222222222221 [unknown] ([unknown])

litchi-perf-bas 4074627 353180.025292:   58645151 cycles:u: 
	    5d3e640dada8 zlib_rs::deflate::longest_match::longest_match+0x1a8 (/tmp/litchi-goal-0458/litchi-perf-baseline)
	            3fff [unknown] ([unknown])

litchi-perf-bas 4074627 353180.036699:   46917153 cycles:u: 
	    5d3e62518b98 <quick_xml::reader::Reader<&[u8]>>::read_event_impl::<&mut alloc::vec::Vec<u8>>+0x8a8 (/tmp/litchi-goal-0458/litchi-perf-baseline)

litchi-perf-bas 4074627 353180.046517:   43609435 cycles:u: 
	    5d3e640e3851 <quick_xml::name::NamespaceResolver>::resolve_prefix+0x71 (/tmp/litchi-goal-0458/litchi-perf-baseline)
	    5d3e62759a3b litchi_perf_baseline::odp_buffered_create::content_structure::require_attributes+0x20b (/tmp/litchi-goal-0458/litchi-perf-baseline)
	        35c86cff [unknown] ([unknown])

litchi-perf-bas 4074627 353180.056539:   44582371 cycles:u: 
	    7bbd32fb2ca5 __memcmp_evex_movbe+0x25 (/usr/lib/x86_64-linux-gnu/libc.so.6)
	    5d3e640e0e4c <quick_xml::reader::state::ReaderState>::emit_end+0xdc (/tmp/litchi-goal-0458/litchi-perf-baseline)
	fffffffffffffffe [unknown] ([unknown])

litchi-perf-bas 4074627 353180.067853:   44851657 cycles:u: 
	    7bbd32ebaa19 _int_free_chunk+0x9 (/usr/lib/x86_64-linux-gnu/libc.so.6)
	    7bbd32ebca62 _int_realloc+0x172 (/usr/lib/x86_64-linux-gnu/libc.so.6)
	    7bbd32ebe0ce realloc+0x1ae (/usr/lib/x86_64-linux-gnu/libc.so.6)
	    5d3e62d9931e <alloc::raw_vec::RawVecInner>::finish_grow+0x5e (/tmp/litchi-goal-0458/litchi-perf-baseline)
	fffffffffffffffe [unknown] ([unknown])

litchi-perf-bas 4074627 353180.077444:   42617193 cycles:u: 
	    5d3e62dcd9db <litchi_odp::codec::parser::codec::xml::validation::ElementAttrs>::get+0x23b (/tmp/litchi-goal-0458/litchi-perf-baseline)
	    5d3e62d96d83 <alloc::raw_vec::RawVecInner<_>>::reserve::do_reserve_and_handle::<alloc::alloc::Global>+0x63 (/tmp/litchi-goal-0458/litchi-perf-baseline)
	               7 [unknown] ([unknown])

litchi-perf-bas 4074627 353180.087422:   44326117 cycles:u: 
	    5d3e62d1ff24 <litchi_odp::codec::parser::codec::Parser>::decode_reference+0x404 (/tmp/litchi-goal-0458/litchi-perf-baseline)

litchi-perf-bas 4074627 353180.097485:   44750051 cycles:u: 
	    5d3e640e6585 <quick_xml::events::BytesRef>::resolve_char_ref+0xe5 (/tmp/litchi-goal-0458/litchi-perf-baseline)

litchi-perf-bas 4074627 353180.107968:   44890061 cycles:u: 
	    5d3e640e1fe1 <quick_xml::events::attributes::IterState>::next+0x151 (/tmp/litchi-goal-0458/litchi-perf-baseline)
	               b [unknown] ([unknown])

litchi-perf-bas 4074627 353180.117922:   43817021 cycles:u: 
	    5d3e62ddd3a8 <quick_xml::events::attributes::Attributes as core::iter::traits::iterator::Iterator>::next+0x78 (/tmp/litchi-goal-0458/litchi-perf-baseline)

litchi-perf-bas 4074627 353180.127988:   44309081 cycles:u: 
	    5d3e62dcd949 <litchi_odp::codec::parser::codec::xml::validation::ElementAttrs>::get+0x1a9 (/tmp/litchi-goal-0458/litchi-perf-baseline)
	    5d3e62d96d83 <alloc::raw_vec::RawVecInner<_>>::reserve::do_reserve_and_handle::<alloc::alloc::Global>+0x63 (/tmp/litchi-goal-0458/litchi-perf-baseline)
	               7 [unknown] ([unknown])

litchi-perf-bas 4074627 353180.138125:   44434420 cycles:u: 
	    7bbd32eb95d7 unlink_chunk.isra.0+0x67 (/usr/lib/x86_64-linux-gnu/libc.so.6)
	    7bbd32ebb7f7 _int_malloc+0xce7 (/usr/lib/x86_64-linux-gnu/libc.so.6)

litchi-perf-bas 4074627 353180.148185:   44354257 cycles:u: 
	    5d3e64112612 sha2::sha256::x86_sha::compress+0x1d2 (/tmp/litchi-goal-0458/litchi-perf-baseline)
	              3f [unknown] ([unknown])

litchi-perf-bas 4074627 353180.158244:   44623026 cycles:u: 
	    5d3e64112780 sha2::sha256::x86_sha::compress+0x340 (/tmp/litchi-goal-0458/litchi-perf-baseline)
	              3f [unknown] ([unknown])

litchi-perf-bas 4074627 353180.168362:   44794937 cycles:u: 
	    5d3e6401267f xml_minifier::audit::verify_with_policy+0x1bf (/tmp/litchi-goal-0458/litchi-perf-baseline)
	               a [unknown] ([unknown])

litchi-perf-bas 4074627 353180.178435:   44750009 cycles:u: 
	    5d3e640d90ba zlib_rs::deflate::algorithm::medium::deflate_medium+0xc6a (/tmp/litchi-goal-0458/litchi-perf-baseline)

litchi-perf-bas 4074627 353180.190508:   44880042 cycles:u: 
	    7bbd32fbc496 __memmove_avx512_unaligned_erms+0x1d6 (/usr/lib/x86_64-linux-gnu/libc.so.6)
	    5d3e62d33c65 <alloc::vec::Vec<litchi_odp::codec::parser::model::ShapeBuilder>>::push_mut+0x35 (/tmp/litchi-goal-0458/litchi-perf-baseline)
	               5 [unknown] ([unknown])
	8000000000000000 [unknown] ([unknown])

litchi-perf-bas 4074627 353180.199111:   38094083 cycles:u: 
	    5d3e640e3efc <quick_xml::name::NamespaceResolver>::push+0x9c (/tmp/litchi-goal-0458/litchi-perf-baseline)
	              30 [unknown] ([unknown])

litchi-perf-bas 4074627 353180.208655:   42397592 cycles:u: 
	    5d3e62d99494 <quick_xml::reader::ns_reader::NsReader<&[u8]>>::process_event+0x14 (/tmp/litchi-goal-0458/litchi-perf-baseline)
	              ff [unknown] ([unknown])

litchi-perf-bas 4074627 353180.218617:   44257872 cycles:u: 
	    5d3e62dcd949 <litchi_odp::codec::parser::codec::xml::validation::ElementAttrs>::get+0x1a9 (/tmp/litchi-goal-0458/litchi-perf-baseline)
	    5d3e62d96d83 <alloc::raw_vec::RawVecInner<_>>::reserve::do_reserve_and_handle::<alloc::alloc::Global>+0x63 (/tmp/litchi-goal-0458/litchi-perf-baseline)
	               7 [unknown] ([unknown])

litchi-perf-bas 4074627 353180.228689:   44743778 cycles:u: 
	    7bbd32fbc2d3 __memmove_avx512_unaligned_erms+0x13 (/usr/lib/x86_64-linux-gnu/libc.so.6)
	    5d3e62d27de2 <litchi_odp::codec::parser::codec::Parser>::parse_slides_with_styles+0x1482 (/tmp/litchi-goal-0458/litchi-perf-baseline)
	    5d3e62d3a982 <litchi_odp::authoring::edit::Snapshot>::from_owned_package+0x232 (/tmp/litchi-goal-0458/litchi-perf-baseline)
	          ffffff [unknown] ([unknown])

litchi-perf-bas 4074627 353180.238783:   44846544 cycles:u: 
	    7bbd32fb2c80 __memcmp_evex_movbe+0x0 (/usr/lib/x86_64-linux-gnu/libc.so.6)
	    5d3e640e3873 <quick_xml::name::NamespaceResolver>::resolve_prefix+0x93 (/tmp/litchi-goal-0458/litchi-perf-baseline)
	    5d3e62dd8537 litchi_odp::model::settings::element_is+0x77 (/tmp/litchi-goal-0458/litchi-perf-baseline)
	               4 [unknown] ([unknown])

litchi-perf-bas 4074627 353180.248876:   44906342 cycles:u: 
	    5d3e640e3994 <quick_xml::name::NamespaceResolver>::resolve_prefix+0x1b4 (/tmp/litchi-goal-0458/litchi-perf-baseline)
	               3 [unknown] ([unknown])

litchi-perf-bas 4074627 353180.258975:   44936222 cycles:u: 
	    5d3e62d864d3 <litchi_odp::codec::content_source::scanner::Scanner>::run+0x93 (/tmp/litchi-goal-0458/litchi-perf-baseline)

litchi-perf-bas 4074627 353180.269262:   44967432 cycles:u: 
	    5d3e62e10fb1 <litchi_odp::model::page_metadata::Page>::validate+0x191 (/tmp/litchi-goal-0458/litchi-perf-baseline)
	fffffffffffffffe [unknown] ([unknown])

litchi-perf-bas 4074627 353180.281322:   44654082 cycles:u: 
	    5d3e6401270c xml_minifier::audit::verify_with_policy+0x24c (/tmp/litchi-goal-0458/litchi-perf-baseline)
	               4 [unknown] ([unknown])

litchi-perf-bas 4074627 353180.290589:   41189437 cycles:u: 
	    5d3e640d90de zlib_rs::deflate::algorithm::medium::deflate_medium+0xc8e (/tmp/litchi-goal-0458/litchi-perf-baseline)

litchi-perf-bas 4074627 353180.300678:   43801143 cycles:u: 
	    7bbd32eba8e4 _int_free_merge_chunk+0xf4 (/usr/lib/x86_64-linux-gnu/libc.so.6)
	    7bbd32ebaa38 _int_free_chunk+0x28 (/usr/lib/x86_64-linux-gnu/libc.so.6)
	    7bbd32ebcae8 _int_realloc+0x1f8 (/usr/lib/x86_64-linux-gnu/libc.so.6)
	    7bbd32ebe0ce realloc+0x1ae (/usr/lib/x86_64-linux-gnu/libc.so.6)
	    5d3e62d9931e <alloc::raw_vec::RawVecInner>::finish_grow+0x5e (/tmp/litchi-goal-0458/litchi-perf-baseline)
	fffffffffffffffe [unknown] ([unknown])

litchi-perf-bas 4074627 353180.310593:   44073920 cycles:u: 
	    5d3e640e4e71 <alloc::raw_vec::RawVecInner>::finish_grow+0x71 (/tmp/litchi-goal-0458/litchi-perf-baseline)
	    5d3e640e21a3 <quick_xml::events::attributes::IterState>::next+0x313 (/tmp/litchi-goal-0458/litchi-perf-baseline)

litchi-perf-bas 4074627 353180.320647:   44718625 cycles:u: 
	    5d3e640e36d3 <quick_xml::name::NamespaceResolver>::resolve_event+0x133 (/tmp/litchi-goal-0458/litchi-perf-baseline)

litchi-perf-bas 4074627 353180.330772:   44884635 cycles:u: 
	    5d3e62d1f67b <litchi_odp::codec::parser::codec::Parser>::validate_three_dimensional_child_element+0x9b (/tmp/litchi-goal-0458/litchi-perf-baseline)

litchi-perf-bas 4074627 353180.341021:   44857201 cycles:u: 
	    5d3e63b96186 litchi_odf_common::package::edit::xml_splice_publication+0x1d6 (/tmp/litchi-goal-0458/litchi-perf-baseline)

litchi-perf-bas 4074627 353180.351467:   44487209 cycles:u: 
	    5d3e640e743c <quick_xml::encoding::Decoder>::decode_cow+0x5c (/tmp/litchi-goal-0458/litchi-perf-baseline)
	    5d3e640e64bc <quick_xml::events::BytesRef>::resolve_char_ref+0x1c (/tmp/litchi-goal-0458/litchi-perf-baseline)
	               8 [unknown] ([unknown])
	7fffffffffffffff [unknown] ([unknown])

litchi-perf-bas 4074627 353180.361179:   43152848 cycles:u: 
	    7bbd32fb2c84 __memcmp_evex_movbe+0x4 (/usr/lib/x86_64-linux-gnu/libc.so.6)
	    5d3e640e3873 <quick_xml::name::NamespaceResolver>::resolve_prefix+0x93 (/tmp/litchi-goal-0458/litchi-perf-baseline)
	    5d3e640e3704 <quick_xml::name::NamespaceResolver>::resolve_event+0x164 (/tmp/litchi-goal-0458/litchi-perf-baseline)
	8000000000000000 [unknown] ([unknown])

litchi-perf-bas 4074627 353180.371189:   44453036 cycles:u: 
	    5d3e641196d4 <memchr::arch::x86_64::avx2::memchr::Two>::find_raw+0x4 (/tmp/litchi-goal-0458/litchi-perf-baseline)
	3a3a3a3a3a3a3a39 [unknown] ([unknown])

litchi-perf-bas 4074627 353180.381261:   44768388 cycles:u: 
	    5d3e640e1fd1 <quick_xml::events::attributes::IterState>::next+0x141 (/tmp/litchi-goal-0458/litchi-perf-baseline)

litchi-perf-bas 4074627 353180.391376:   44873387 cycles:u: 
	    7bbd32ebae20 _int_malloc+0x310 (/usr/lib/x86_64-linux-gnu/libc.so.6)
	    7bbd32ebc52e __libc_malloc2+0x11e (/usr/lib/x86_64-linux-gnu/libc.so.6)
	    5d3e62dcd492 <litchi_odp::codec::parser::codec::xml::validation::ElementAttrs>::harvest_drawing_attribute+0x402 (/tmp/litchi-goal-0458/litchi-perf-baseline)
	               7 [unknown] ([unknown])

litchi-perf-bas 4074627 353180.401461:   44825490 cycles:u: 
	    5d3e62d15b23 <litchi_odp::codec::parser::codec::Parser>::parse_pages_with_styles::<false>::{closure#0}+0x34e3 (/tmp/litchi-goal-0458/litchi-perf-baseline)
	    5d3e62d273af <litchi_odp::codec::parser::codec::Parser>::parse_slides_with_styles+0xa4f (/tmp/litchi-goal-0458/litchi-perf-baseline)

litchi-perf-bas 4074627 353180.411562:   44891940 cycles:u: 
	    5d3e640e3f40 <quick_xml::name::NamespaceResolver>::push+0xe0 (/tmp/litchi-goal-0458/litchi-perf-baseline)
	262626262622273d [unknown] ([unknown])
	              30 [unknown] ([unknown])

litchi-perf-bas 4074627 353180.421657:   44921339 cycles:u: 
	    5d3e62d271d7 <litchi_odp::codec::parser::codec::Parser>::parse_slides_with_styles+0x877 (/tmp/litchi-goal-0458/litchi-perf-baseline)

litchi-perf-bas 4074627 353180.431773:   44951465 cycles:u: 
	    7bbd32ebdbb4 cfree@GLIBC_2.2.5+0x4 (/usr/lib/x86_64-linux-gnu/libc.so.6)
	    5d3e6253e4e5 core::ptr::drop_glue::<alloc::vec::Vec<(core::option::Option<alloc::string::String>, alloc::string::String)>>+0x55 (/tmp/litchi-goal-0458/litchi-perf-baseline)

litchi-perf-bas 4074627 353180.441879:   44921228 cycles:u: 
	    5d3e64013bd4 xml_minifier::audit::check_attribute_layout+0x84 (/tmp/litchi-goal-0458/litchi-perf-baseline)

litchi-perf-bas 4074627 353180.452024:   44918767 cycles:u: 
	    5d3e62d821f2 <&[u8] as quick_xml::reader::XmlSource<&mut alloc::vec::Vec<u8>>>::read_with::<quick_xml::parser::element::ElementParser>+0xf2 (/tmp/litchi-goal-0458/litchi-perf-baseline)
	            eadf [unknown] ([unknown])

litchi-perf-bas 4074627 353180.462124:   44920795 cycles:u: 
	    5d3e640de637 quick_xml::escape::normalize_attribute_value::<quick_xml::escape::is_xml10_normalization_char, quick_xml::escape::normalize_xml10_eol_step, quick_xml::escape::resolve_predefined_entity>+0x97 (/tmp/litchi-goal-0458/litchi-perf-baseline)
	3a3a3a3a3a3a3a39 [unknown] ([unknown])

litchi-perf-bas 4074627 353180.472237:   44870082 cycles:u: 
	    5d3e640e3854 <quick_xml::name::NamespaceResolver>::resolve_prefix+0x74 (/tmp/litchi-goal-0458/litchi-perf-baseline)
	    5d3e62dcc847 <litchi_odp::codec::parser::codec::xml::validation::ElementAttrs>::resolve_at_scan+0x57 (/tmp/litchi-goal-0458/litchi-perf-baseline)

litchi-perf-bas 4074627 353180.482338:   44899993 cycles:u: 
	    5d3e6411959b <memchr::arch::x86_64::avx2::memchr::Two>::find_raw_avx2+0x2b (/tmp/litchi-goal-0458/litchi-perf-baseline)
	3a3a3a3a3a3a3a39 [unknown] ([unknown])

litchi-perf-bas 4074627 353180.492443:   44922949 cycles:u: 
	    5d3e6417236a core::str::converts::from_utf8+0x8a (/tmp/litchi-goal-0458/litchi-perf-baseline)

litchi-perf-bas 4074627 353180.502551:   44930870 cycles:u: 
	    7bbd32fb2cb7 __memcmp_evex_movbe+0x37 (/usr/lib/x86_64-linux-gnu/libc.so.6)
	    5d3e640e3873 <quick_xml::name::NamespaceResolver>::resolve_prefix+0x93 (/tmp/litchi-goal-0458/litchi-perf-baseline)
	    5d3e62dd3a67 litchi_odp::model::declaration::element_is+0x77 (/tmp/litchi-goal-0458/litchi-perf-baseline)

litchi-perf-bas 4074627 353180.512650:   44935158 cycles:u: 
	    5d3e62d99494 <quick_xml::reader::ns_reader::NsReader<&[u8]>>::process_event+0x14 (/tmp/litchi-goal-0458/litchi-perf-baseline)
	dfe10b3e4d82ebcb [unknown] ([unknown])

litchi-perf-bas 4074627 353180.522784:   44948148 cycles:u: 
	    5d3e62d864de <litchi_odp::codec::content_source::scanner::Scanner>::run+0x9e (/tmp/litchi-goal-0458/litchi-perf-baseline)

litchi-perf-bas 4074627 353180.532898:   44888890 cycles:u: 
	    5d3e62dfff1f <core::iter::adapters::map::Map<core::ops::range::Range<usize>, litchi_odp::model::page_metadata::effective_page_names::{closure#0}> as core::iter::traits::iterator::Iterator>::try_fold::<(), <core::iter::adapters::GenericShunt<core::iter::adapters::map::Map<core::ops::range::Range<usize>, litchi_odp::model::page_metadata::effective_page_names::{closure#0}>, core::result::Result<core::convert::Infallible, litchi_core::error::types::Error>> as core::iter::traits::iterator::Iterator>::try_fold<(), core::iter::traits::iterator::Iterator::try_for_each::call<alloc::string::String, core::ops::control_flow::ControlFlow<alloc::string::String>, core::ops::control_flow::ControlFlow<alloc::string::String>::Break>::{closure#0}, core::ops::control_flow::ControlFlow<alloc::string::String>>::{closure#0}, core::ops::control_flow::ControlFlow<core::ops::control_flow::ControlFlow<alloc::string::String>>>+0x13f (/tmp/litchi-goal-0458/litchi-perf-baseline)

litchi-perf-bas 4074627 353180.543896:   44874413 cycles:u: 
	    5d3e6401267f xml_minifier::audit::verify_with_policy+0x1bf (/tmp/litchi-goal-0458/litchi-perf-baseline)
	               a [unknown] ([unknown])

litchi-perf-bas 4074627 353180.553603:   43004806 cycles:u: 
	    5d3e640cd317 zlib_rs::inflate::inflate_fast_help_avx2+0x617 (/tmp/litchi-goal-0458/litchi-perf-baseline)
	    5d3e640da57d <zlib_rs::inflate::window::Window>::extend+0x15d (/tmp/litchi-goal-0458/litchi-perf-baseline)
	              11 [unknown] ([unknown])

litchi-perf-bas 4074627 353180.563648:   44359345 cycles:u: 
	    7bbd32fbc2d3 __memmove_avx512_unaligned_erms+0x13 (/usr/lib/x86_64-linux-gnu/libc.so.6)
	    5d3e62d2f7d2 <litchi_odp::codec::parser::codec::Parser>::shape_builder+0x1082 (/tmp/litchi-goal-0458/litchi-perf-baseline)
	    5d3e62d15b62 <litchi_odp::codec::parser::codec::Parser>::parse_pages_with_styles::<false>::{closure#0}+0x3522 (/tmp/litchi-goal-0458/litchi-perf-baseline)
	    5d3e62d273af <litchi_odp::codec::parser::codec::Parser>::parse_slides_with_styles+0xa4f (/tmp/litchi-goal-0458/litchi-perf-baseline)

litchi-perf-bas 4074627 353180.573701:   44624027 cycles:u: 
	    5d3e64119822 <memchr::arch::x86_64::avx2::memchr::Three>::find_raw_avx2+0x32 (/tmp/litchi-goal-0458/litchi-perf-baseline)
	2222222222222221 [unknown] ([unknown])

litchi-perf-bas 4074627 353180.583943:   44789295 cycles:u: 
	    5d3e640e1f9c <quick_xml::events::attributes::IterState>::next+0x10c (/tmp/litchi-goal-0458/litchi-perf-baseline)

litchi-perf-bas 4074627 353180.593959:   44552041 cycles:u: 
	    7bbd32ebc940 _int_realloc+0x50 (/usr/lib/x86_64-linux-gnu/libc.so.6)
	    7bbd32ebe0ce realloc+0x1ae (/usr/lib/x86_64-linux-gnu/libc.so.6)
	    5d3e62d9931e <alloc::raw_vec::RawVecInner>::finish_grow+0x5e (/tmp/litchi-goal-0458/litchi-perf-baseline)
	fffffffffffffffe [unknown] ([unknown])

litchi-perf-bas 4074627 353180.604249:   44850952 cycles:u: 
	    5d3e640bd0b6 crc32fast::specialized::pclmulqdq::calculate+0xa6 (/tmp/litchi-goal-0458/litchi-perf-baseline)
	    5d3e640d776f [unknown] (/tmp/litchi-goal-0458/litchi-perf-baseline)
	              54 [unknown] ([unknown])

litchi-perf-bas 4074627 353180.614294:   44556848 cycles:u: 
	    5d3e62d2d90f <litchi_odp::codec::parser::codec::Parser>::finish_shape+0x1f (/tmp/litchi-goal-0458/litchi-perf-baseline)

litchi-perf-bas 4074627 353180.624374:   44765874 cycles:u: 
	    5d3e62d32d88 <litchi_odp::codec::parser::codec::Parser>::classify+0x18 (/tmp/litchi-goal-0458/litchi-perf-baseline)
	               3 [unknown] ([unknown])

litchi-perf-bas 4074627 353180.634464:   44844886 cycles:u: 
	    5d3e62e130c4 <litchi_odp::codec::parser::model::ParagraphText>::push_text+0x154 (/tmp/litchi-goal-0458/litchi-perf-baseline)
	3e3e3e3e3e3e3e3d [unknown] ([unknown])

litchi-perf-bas 4074627 353180.644596:   44907069 cycles:u: 
	    5d3e62d15219 <litchi_odp::codec::parser::codec::Parser>::parse_pages_with_styles::<false>::{closure#0}+0x2bd9 (/tmp/litchi-goal-0458/litchi-perf-baseline)
	    5d3e62d273af <litchi_odp::codec::parser::codec::Parser>::parse_slides_with_styles+0xa4f (/tmp/litchi-goal-0458/litchi-perf-baseline)

litchi-perf-bas 4074627 353180.654683:   44740828 cycles:u: 
	    5d3e62dd0685 <litchi_odp::model::declaration::Scanner>::step+0x1185 (/tmp/litchi-goal-0458/litchi-perf-baseline)
	    5d3e62dd7840 litchi_odp::model::staging::parse+0x500 (/tmp/litchi-goal-0458/litchi-perf-baseline)
	ffffffffffffffff [unknown] ([unknown])

litchi-perf-bas 4074627 353180.664767:   44827932 cycles:u: 
	    7bbd32fb2ca5 __memcmp_evex_movbe+0x25 (/usr/lib/x86_64-linux-gnu/libc.so.6)
	    5d3e640e3873 <quick_xml::name::NamespaceResolver>::resolve_prefix+0x93 (/tmp/litchi-goal-0458/litchi-perf-baseline)
	    5d3e62e1a897 litchi_odp::model::page_metadata::element_is+0x77 (/tmp/litchi-goal-0458/litchi-perf-baseline)
	2727272727272726 [unknown] ([unknown])

litchi-perf-bas 4074627 353180.674874:   44891087 cycles:u: 
	    5d3e6411a023 memchr::arch::x86_64::memchr::memchr3_raw::find_avx2+0x13 (/tmp/litchi-goal-0458/litchi-perf-baseline)
	3e3e3e3e3e3e3e3d [unknown] ([unknown])
	    5d3e62d7f53f <quick_xml::reader::Reader<&[u8]>>::read_event_impl::<()>+0x69f (/tmp/litchi-goal-0458/litchi-perf-baseline)
	               9 [unknown] ([unknown])

litchi-perf-bas 4074627 353180.684971:   44893383 cycles:u: 
	    5d3e62d9951f <quick_xml::reader::ns_reader::NsReader<&[u8]>>::process_event+0x9f (/tmp/litchi-goal-0458/litchi-perf-baseline)

litchi-perf-bas 4074627 353180.697942:   44914413 cycles:u: 
	    5d3e64172374 core::str::converts::from_utf8+0x94 (/tmp/litchi-goal-0458/litchi-perf-baseline)
	7fffffffffffffff [unknown] ([unknown])

litchi-perf-bas 4074627 353180.706788:   39231062 cycles:u: 
	    5d3e62e1314f <litchi_odp::codec::parser::model::ParagraphText>::push_text+0x1df (/tmp/litchi-goal-0458/litchi-perf-baseline)
	3e3e3e3e3e3e3e3d [unknown] ([unknown])

litchi-perf-bas 4074627 353180.716543:   43164180 cycles:u: 
	    5d3e62d994d7 <quick_xml::reader::ns_reader::NsReader<&[u8]>>::process_event+0x57 (/tmp/litchi-goal-0458/litchi-perf-baseline)
	              ff [unknown] ([unknown])

litchi-perf-bas 4074627 353180.726524:   44374507 cycles:u: 
	    7bbd32fb2cab __memcmp_evex_movbe+0x2b (/usr/lib/x86_64-linux-gnu/libc.so.6)
	    5d3e640e3873 <quick_xml::name::NamespaceResolver>::resolve_prefix+0x93 (/tmp/litchi-goal-0458/litchi-perf-baseline)
	    5d3e62dcc847 <litchi_odp::codec::parser::codec::xml::validation::ElementAttrs>::resolve_at_scan+0x57 (/tmp/litchi-goal-0458/litchi-perf-baseline)

litchi-perf-bas 4074627 353180.736618:   44790245 cycles:u: 
	    5d3e62d99494 <quick_xml::reader::ns_reader::NsReader<&[u8]>>::process_event+0x14 (/tmp/litchi-goal-0458/litchi-perf-baseline)
	              ff [unknown] ([unknown])

litchi-perf-bas 4074627 353180.746706:   44817589 cycles:u: 
	    5d3e62d27287 <litchi_odp::codec::parser::codec::Parser>::parse_slides_with_styles+0x927 (/tmp/litchi-goal-0458/litchi-perf-baseline)

litchi-perf-bas 4074627 353180.756799:   44881434 cycles:u: 
	    5d3e64119573 <memchr::arch::x86_64::avx2::memchr::Two>::find_raw_avx2+0x3 (/tmp/litchi-goal-0458/litchi-perf-baseline)
	3a3a3a3a3a3a3a39 [unknown] ([unknown])

litchi-perf-bas 4074627 353180.766906:   44913782 cycles:u: 
	    5d3e640e1969 <quick_xml::events::attributes::Attribute>::decoded_and_normalized_value_with::<quick_xml::escape::resolve_predefined_entity>+0x139 (/tmp/litchi-goal-0458/litchi-perf-baseline)

litchi-perf-bas 4074627 353180.777049:   44921122 cycles:u: 
	    7bbd32fbc4c6 __memmove_avx512_unaligned_erms+0x206 (/usr/lib/x86_64-linux-gnu/libc.so.6)
	    5d3e629dbbfd <alloc::vec::Vec<bool> as core::clone::Clone>::clone+0x5d (/tmp/litchi-goal-0458/litchi-perf-baseline)

litchi-perf-bas 4074627 353180.787963:   44799032 cycles:u: 
	    5d3e62d994bc <quick_xml::reader::ns_reader::NsReader<&[u8]>>::process_event+0x3c (/tmp/litchi-goal-0458/litchi-perf-baseline)
	              ff [unknown] ([unknown])

litchi-perf-bas 4074627 353180.797501:   42336780 cycles:u: 
	    5d3e640e3f53 <quick_xml::name::NamespaceResolver>::push+0xf3 (/tmp/litchi-goal-0458/litchi-perf-baseline)
	          3c263b [unknown] ([unknown])
	              30 [unknown] ([unknown])

litchi-perf-bas 4074627 353180.807460:   44225964 cycles:u: 
	    5d3e6411a023 memchr::arch::x86_64::memchr::memchr3_raw::find_avx2+0x13 (/tmp/litchi-goal-0458/litchi-perf-baseline)
	3e3e3e3e3e3e3e3d [unknown] ([unknown])
	    5d3e62d82188 <&[u8] as quick_xml::reader::XmlSource<&mut alloc::vec::Vec<u8>>>::read_with::<quick_xml::parser::element::ElementParser>+0x88 (/tmp/litchi-goal-0458/litchi-perf-baseline)

litchi-perf-bas 4074627 353180.817513:   44708835 cycles:u: 
	    5d3e62d271d7 <litchi_odp::codec::parser::codec::Parser>::parse_slides_with_styles+0x877 (/tmp/litchi-goal-0458/litchi-perf-baseline)

litchi-perf-bas 4074627 353180.827624:   44878818 cycles:u: 
	    5d3e640e3854 <quick_xml::name::NamespaceResolver>::resolve_prefix+0x74 (/tmp/litchi-goal-0458/litchi-perf-baseline)
	    5d3e62dd3a67 litchi_odp::model::declaration::element_is+0x77 (/tmp/litchi-goal-0458/litchi-perf-baseline)

litchi-perf-bas 4074627 353180.837716:   44856353 cycles:u: 
	    5d3e62d994d7 <quick_xml::reader::ns_reader::NsReader<&[u8]>>::process_event+0x57 (/tmp/litchi-goal-0458/litchi-perf-baseline)
	 bf9f6bd40e06748 [unknown] ([unknown])

litchi-perf-bas 4074627 353180.847814:   44903188 cycles:u: 
	    5d3e62e1aa85 litchi_odp::model::page_metadata::parse_page+0x155 (/tmp/litchi-goal-0458/litchi-perf-baseline)
	               7 [unknown] ([unknown])

litchi-perf-bas 4074627 353180.857922:   44924090 cycles:u: 
	    5d3e62d99494 <quick_xml::reader::ns_reader::NsReader<&[u8]>>::process_event+0x14 (/tmp/litchi-goal-0458/litchi-perf-baseline)

litchi-perf-bas 4074627 353180.869625:   44919022 cycles:u: 
	    5d3e6401267f xml_minifier::audit::verify_with_policy+0x1bf (/tmp/litchi-goal-0458/litchi-perf-baseline)
	               a [unknown] ([unknown])

litchi-perf-bas 4074627 353180.878188:   37946178 cycles:u: 
	    5d3e640dada8 zlib_rs::deflate::longest_match::longest_match+0x1a8 (/tmp/litchi-goal-0458/litchi-perf-baseline)
	            3fff [unknown] ([unknown])

litchi-perf-bas 4074627 353180.888097:   42757612 cycles:u: 
	    5d3e62d27287 <litchi_odp::codec::parser::codec::Parser>::parse_slides_with_styles+0x927 (/tmp/litchi-goal-0458/litchi-perf-baseline)

litchi-perf-bas 4074627 353180.898209:   44208275 cycles:u: 
	    5d3e640e1fce <quick_xml::events::attributes::IterState>::next+0x13e (/tmp/litchi-goal-0458/litchi-perf-baseline)

litchi-perf-bas 4074627 353180.908484:   45661413 cycles:u: 
	    7bbd32ebbf04 _int_malloc+0x13f4 (/usr/lib/x86_64-linux-gnu/libc.so.6)
	    7bbd32ebc52e __libc_malloc2+0x11e (/usr/lib/x86_64-linux-gnu/libc.so.6)
	    5d3e62dcd492 <litchi_odp::codec::parser::codec::xml::validation::ElementAttrs>::harvest_drawing_attribute+0x402 (/tmp/litchi-goal-0458/litchi-perf-baseline)
	               7 [unknown] ([unknown])

litchi-perf-bas 4074627 353180.918627:   45095308 cycles:u: 
	    5d3e62d1fa8f <litchi_odp::codec::parser::codec::Parser>::decode_text+0x8f (/tmp/litchi-goal-0458/litchi-perf-baseline)
	fffffffffffffffe [unknown] ([unknown])
	7fffffffffffffff [unknown] ([unknown])

litchi-perf-bas 4074627 353180.928750:   44979176 cycles:u: 
	    5d3e640ccf5f zlib_rs::inflate::inflate_fast_help_avx2+0x25f (/tmp/litchi-goal-0458/litchi-perf-baseline)
	    5d3e640da5b6 <zlib_rs::inflate::window::Window>::extend+0x196 (/tmp/litchi-goal-0458/litchi-perf-baseline)
	              11 [unknown] ([unknown])

litchi-perf-bas 4074627 353180.938899:   44934130 cycles:u: 
	    5d3e640e1fc0 <quick_xml::events::attributes::IterState>::next+0x130 (/tmp/litchi-goal-0458/litchi-perf-baseline)
	7575757575757574 [unknown] ([unknown])

litchi-perf-bas 4074627 353180.948987:   44805274 cycles:u: 
	    5d3e62d2edf1 <litchi_odp::codec::parser::codec::Parser>::shape_builder+0x6a1 (/tmp/litchi-goal-0458/litchi-perf-baseline)
	    5d3e62d96d83 <alloc::raw_vec::RawVecInner<_>>::reserve::do_reserve_and_handle::<alloc::alloc::Global>+0x63 (/tmp/litchi-goal-0458/litchi-perf-baseline)
	    7bbd32ebe0ce realloc+0x1ae (/usr/lib/x86_64-linux-gnu/libc.so.6)
	    5d3e62d9931e <alloc::raw_vec::RawVecInner>::finish_grow+0x5e (/tmp/litchi-goal-0458/litchi-perf-baseline)
	fffffffffffffffe [unknown] ([unknown])

litchi-perf-bas 4074627 353180.959083:   44841371 cycles:u: 
	    5d3e62d273ab <litchi_odp::codec::parser::codec::Parser>::parse_slides_with_styles+0xa4b (/tmp/litchi-goal-0458/litchi-perf-baseline)

litchi-perf-bas 4074627 353180.969219:   44877993 cycles:u: 
	    5d3e61f84100 __rustc::__rust_alloc+0x0 (/tmp/litchi-goal-0458/litchi-perf-baseline)

litchi-perf-bas 4074627 353180.979309:   44827302 cycles:u: 
	    5d3e640cd31d zlib_rs::inflate::inflate_fast_help_avx2+0x61d (/tmp/litchi-goal-0458/litchi-perf-baseline)
	    5d3e640da5b6 <zlib_rs::inflate::window::Window>::extend+0x196 (/tmp/litchi-goal-0458/litchi-perf-baseline)
	              11 [unknown] ([unknown])

litchi-perf-bas 4074627 353180.989419:   44892360 cycles:u: 
	    5d3e640e3851 <quick_xml::name::NamespaceResolver>::resolve_prefix+0x71 (/tmp/litchi-goal-0458/litchi-perf-baseline)
	    5d3e62dd3a67 litchi_odp::model::declaration::element_is+0x77 (/tmp/litchi-goal-0458/litchi-perf-baseline)

litchi-perf-bas 4074627 353180.999511:   44878713 cycles:u: 
	    5d3e640e381e <quick_xml::name::NamespaceResolver>::resolve_prefix+0x3e (/tmp/litchi-goal-0458/litchi-perf-baseline)
	    5d3e62e1a897 litchi_odp::model::page_metadata::element_is+0x77 (/tmp/litchi-goal-0458/litchi-perf-baseline)
	3a3a3a3a3a3a3a39 [unknown] ([unknown])

litchi-perf-bas 4074627 353181.009618:   44918764 cycles:u: 
	    5d3e62d99530 <quick_xml::reader::ns_reader::NsReader<&[u8]>>::process_event+0xb0 (/tmp/litchi-goal-0458/litchi-perf-baseline)

litchi-perf-bas 4074627 353181.019719:   44910037 cycles:u: 
	    5d3e62e267cd <litchi_odp::model::page_metadata::Page as core::clone::Clone>::clone+0x25d (/tmp/litchi-goal-0458/litchi-perf-baseline)

litchi-perf-bas 4074627 353181.029867:   44935061 cycles:u: 
	    5d3e640e2193 <quick_xml::events::attributes::IterState>::next+0x303 (/tmp/litchi-goal-0458/litchi-perf-baseline)
	           3d08f [unknown] ([unknown])

litchi-perf-bas 4074627 353181.039966:   44814398 cycles:u: 
	    5d3e640d87c2 zlib_rs::deflate::algorithm::medium::deflate_medium+0x372 (/tmp/litchi-goal-0458/litchi-perf-baseline)
	 6005d3e99f8000f [unknown] ([unknown])

litchi-perf-bas 4074627 353181.050070:   44841050 cycles:u: 
	    5d3e640e1969 <quick_xml::events::attributes::Attribute>::decoded_and_normalized_value_with::<quick_xml::escape::resolve_predefined_entity>+0x139 (/tmp/litchi-goal-0458/litchi-perf-baseline)
	3a3a3a3a3a3a3a39 [unknown] ([unknown])

litchi-perf-bas 4074627 353181.060185:   44841803 cycles:u: 
	    5d3e640e385d <quick_xml::name::NamespaceResolver>::resolve_prefix+0x7d (/tmp/litchi-goal-0458/litchi-perf-baseline)
	    5d3e640e36ca <quick_xml::name::NamespaceResolver>::resolve_event+0x12a (/tmp/litchi-goal-0458/litchi-perf-baseline)

litchi-perf-bas 4074627 353181.070277:   44855749 cycles:u: 
	    5d3e62d994d7 <quick_xml::reader::ns_reader::NsReader<&[u8]>>::process_event+0x57 (/tmp/litchi-goal-0458/litchi-perf-baseline)
	              ff [unknown] ([unknown])

litchi-perf-bas 4074627 353181.080380:   44911118 cycles:u: 
	    7bbd32ebc411 __libc_malloc2+0x1 (/usr/lib/x86_64-linux-gnu/libc.so.6)
	    5d3e62d9933c <alloc::raw_vec::RawVecInner>::finish_grow+0x7c (/tmp/litchi-goal-0458/litchi-perf-baseline)

litchi-perf-bas 4074627 353181.090523:   44907500 cycles:u: 
	    5d3e63b96186 litchi_odf_common::package::edit::xml_splice_publication+0x1d6 (/tmp/litchi-goal-0458/litchi-perf-baseline)

litchi-perf-bas 4074627 353181.100632:   44810983 cycles:u: 
	    5d3e62d994d7 <quick_xml::reader::ns_reader::NsReader<&[u8]>>::process_event+0x57 (/tmp/litchi-goal-0458/litchi-perf-baseline)
	              ff [unknown] ([unknown])

litchi-perf-bas 4074627 353181.110725:   44798381 cycles:u: 
	    5d3e62d99530 <quick_xml::reader::ns_reader::NsReader<&[u8]>>::process_event+0xb0 (/tmp/litchi-goal-0458/litchi-perf-baseline)
	              ff [unknown] ([unknown])

litchi-perf-bas 4074627 353181.120822:   44856245 cycles:u: 
	    5d3e64119587 <memchr::arch::x86_64::avx2::memchr::Two>::find_raw_avx2+0x17 (/tmp/litchi-goal-0458/litchi-perf-baseline)
	3a3a3a3a3a3a3a39 [unknown] ([unknown])

litchi-perf-bas 4074627 353181.130913:   44879361 cycles:u: 
	    5d3e62d273a3 <litchi_odp::codec::parser::codec::Parser>::parse_slides_with_styles+0xa43 (/tmp/litchi-goal-0458/litchi-perf-baseline)

litchi-perf-bas 4074627 353181.141034:   44937069 cycles:u: 
	    5d3e640e3874 <quick_xml::name::NamespaceResolver>::resolve_prefix+0x94 (/tmp/litchi-goal-0458/litchi-perf-baseline)
	    5d3e62e1a897 litchi_odp::model::page_metadata::element_is+0x77 (/tmp/litchi-goal-0458/litchi-perf-baseline)
	3a3a3a3a3a3a3a39 [unknown] ([unknown])

litchi-perf-bas 4074627 353181.151150:   44890254 cycles:u: 
	    5d3e640e1fd1 <quick_xml::events::attributes::IterState>::next+0x141 (/tmp/litchi-goal-0458/litchi-perf-baseline)

litchi-perf-bas 4074627 353181.161286:   44905779 cycles:u: 
	    5d3e62d99530 <quick_xml::reader::ns_reader::NsReader<&[u8]>>::process_event+0xb0 (/tmp/litchi-goal-0458/litchi-perf-baseline)

litchi-perf-bas 4074627 353181.171366:   44819693 cycles:u: 
	    5d3e62d99494 <quick_xml::reader::ns_reader::NsReader<&[u8]>>::process_event+0x14 (/tmp/litchi-goal-0458/litchi-perf-baseline)

litchi-perf-bas 4074627 353181.181517:   44902481 cycles:u: 
	    5d3e64013c2b xml_minifier::audit::check_attribute_layout+0xdb (/tmp/litchi-goal-0458/litchi-perf-baseline)

litchi-perf-bas 4074627 353181.191600:   44752593 cycles:u: 
	    5d3e640d9081 zlib_rs::deflate::algorithm::medium::deflate_medium+0xc31 (/tmp/litchi-goal-0458/litchi-perf-baseline)

litchi-perf-bas 4074627 353181.201702:   44823829 cycles:u: 
	    5d3e62e12fb2 <litchi_odp::codec::parser::model::ParagraphText>::push_text+0x42 (/tmp/litchi-goal-0458/litchi-perf-baseline)
	2727272727272726 [unknown] ([unknown])

litchi-perf-bas 4074627 353181.211939:   44821305 cycles:u: 
	    7bbd32fb2c84 __memcmp_evex_movbe+0x4 (/usr/lib/x86_64-linux-gnu/libc.so.6)
	    5d3e62dcdd24 <litchi_odp::codec::parser::codec::xml::validation::ElementAttrs>::lookup+0x34 (/tmp/litchi-goal-0458/litchi-perf-baseline)
	               6 [unknown] ([unknown])

litchi-perf-bas 4074627 353181.221999:   44584191 cycles:u: 
	    5d3e62e12f66 <litchi_odp::codec::parser::model::ParagraphText>::finish+0xa6 (/tmp/litchi-goal-0458/litchi-perf-baseline)
	              2e [unknown] ([unknown])

litchi-perf-bas 4074627 353181.232050:   44680305 cycles:u: 
	    5d3e62dcd9db <litchi_odp::codec::parser::codec::xml::validation::ElementAttrs>::get+0x23b (/tmp/litchi-goal-0458/litchi-perf-baseline)
	    5d3e62d96d83 <alloc::raw_vec::RawVecInner<_>>::reserve::do_reserve_and_handle::<alloc::alloc::Global>+0x63 (/tmp/litchi-goal-0458/litchi-perf-baseline)
	               7 [unknown] ([unknown])

litchi-perf-bas 4074627 353181.242176:   44861870 cycles:u: 
	    5d3e63cb27a3 litchi_odf_common::core::xml_splice::verify_well_formed+0x163 (/tmp/litchi-goal-0458/litchi-perf-baseline)
	fffffffffffffeff [unknown] ([unknown])

litchi-perf-bas 4074627 353181.252298:   44841681 cycles:u: 
	    5d3e640e1969 <quick_xml::events::attributes::Attribute>::decoded_and_normalized_value_with::<quick_xml::escape::resolve_predefined_entity>+0x139 (/tmp/litchi-goal-0458/litchi-perf-baseline)
	               2 [unknown] ([unknown])

litchi-perf-bas 4074627 353181.262383:   44782642 cycles:u: 
	    5d3e62d27287 <litchi_odp::codec::parser::codec::Parser>::parse_slides_with_styles+0x927 (/tmp/litchi-goal-0458/litchi-perf-baseline)

litchi-perf-bas 4074627 353181.272480:   44857287 cycles:u: 
	    5d3e640e1969 <quick_xml::events::attributes::Attribute>::decoded_and_normalized_value_with::<quick_xml::escape::resolve_predefined_entity>+0x139 (/tmp/litchi-goal-0458/litchi-perf-baseline)
	               4 [unknown] ([unknown])

litchi-perf-bas 4074627 353181.282576:   44881663 cycles:u: 
	    7bbd32ebd6bf malloc+0x5f (/usr/lib/x86_64-linux-gnu/libc.so.6)
	    5d3e62d9933c <alloc::raw_vec::RawVecInner>::finish_grow+0x7c (/tmp/litchi-goal-0458/litchi-perf-baseline)

litchi-perf-bas 4074627 353181.292724:   44918690 cycles:u: 
	    5d3e641193c8 <memchr::arch::x86_64::avx2::memchr::One>::find_raw+0x38 (/tmp/litchi-goal-0458/litchi-perf-baseline)
	    5d3e62dd3a42 litchi_odp::model::declaration::element_is+0x52 (/tmp/litchi-goal-0458/litchi-perf-baseline)
	               c [unknown] ([unknown])

litchi-perf-bas 4074627 353181.302808:   44813671 cycles:u: 
	    5d3e62d994bc <quick_xml::reader::ns_reader::NsReader<&[u8]>>::process_event+0x3c (/tmp/litchi-goal-0458/litchi-perf-baseline)
	ecd406a08b99f612 [unknown] ([unknown])

litchi-perf-bas 4074627 353181.312906:   44888435 cycles:u: 
	    5d3e640e383b <quick_xml::name::NamespaceResolver>::resolve_prefix+0x5b (/tmp/litchi-goal-0458/litchi-perf-baseline)
	    5d3e62dd3a67 litchi_odp::model::declaration::element_is+0x77 (/tmp/litchi-goal-0458/litchi-perf-baseline)

litchi-perf-bas 4074627 353181.323010:   44914170 cycles:u: 
	    7bbd32fb2ca5 __memcmp_evex_movbe+0x25 (/usr/lib/x86_64-linux-gnu/libc.so.6)
	    5d3e640e3873 <quick_xml::name::NamespaceResolver>::resolve_prefix+0x93 (/tmp/litchi-goal-0458/litchi-perf-baseline)
	    5d3e640e36ca <quick_xml::name::NamespaceResolver>::resolve_event+0x12a (/tmp/litchi-goal-0458/litchi-perf-baseline)

litchi-perf-bas 4074627 353181.333171:   44925098 cycles:u: 
	    5d3e640e1b01 <quick_xml::events::attributes::IterState>::check_for_duplicates+0xb1 (/tmp/litchi-goal-0458/litchi-perf-baseline)

litchi-perf-bas 4074627 353181.343261:   44784925 cycles:u: 
	    5d3e640d90ba zlib_rs::deflate::algorithm::medium::deflate_medium+0xc6a (/tmp/litchi-goal-0458/litchi-perf-baseline)

litchi-perf-bas 4074627 353181.353371:   44826897 cycles:u: 
	    5d3e64172395 core::str::converts::from_utf8+0xb5 (/tmp/litchi-goal-0458/litchi-perf-baseline)
	7fffffffffffffff [unknown] ([unknown])

litchi-perf-bas 4074627 353181.363464:   44801026 cycles:u: 
	    5d3e62e1314f <litchi_odp::codec::parser::model::ParagraphText>::push_text+0x1df (/tmp/litchi-goal-0458/litchi-perf-baseline)
	2727272727272726 [unknown] ([unknown])

litchi-perf-bas 4074627 353181.373556:   44838780 cycles:u: 
	    5d3e640e1fc3 <quick_xml::events::attributes::IterState>::next+0x133 (/tmp/litchi-goal-0458/litchi-perf-baseline)
	               3 [unknown] ([unknown])
	              1f [unknown] ([unknown])

litchi-perf-bas 4074627 353181.383657:   44880358 cycles:u: 
	    5d3e640e0dc6 <quick_xml::reader::state::ReaderState>::emit_end+0x56 (/tmp/litchi-goal-0458/litchi-perf-baseline)

litchi-perf-bas 4074627 353181.393767:   44895186 cycles:u: 
	    7bbd32fbcbce __memset_avx512_unaligned_erms+0x8e (/usr/lib/x86_64-linux-gnu/libc.so.6)
	    5d3e63b9939b <core::io::util::Take<soapberry_zip::archive::ZipVerifier<&mut soapberry_zip::accounting::CountingReader<&mut flate2::deflate::read::DeflateDecoder<soapberry_zip::accounting::CountingReader<soapberry_zip::archive::ZipReader<&alloc::sync::Arc<alloc::vec::Vec<u8>>>>>>, &alloc::sync::Arc<alloc::vec::Vec<u8>>>> as std::io::Read>::read_buf+0x8b (/tmp/litchi-goal-0458/litchi-perf-baseline)

litchi-perf-bas 4074627 353181.403899:   44889490 cycles:u: 
	    7bbd32ebd6af malloc+0x4f (/usr/lib/x86_64-linux-gnu/libc.so.6)
	    5d3e62d9933c <alloc::raw_vec::RawVecInner>::finish_grow+0x7c (/tmp/litchi-goal-0458/litchi-perf-baseline)

litchi-perf-bas 4074627 353181.414020:   44793278 cycles:u: 
	    5d3e64172302 core::str::converts::from_utf8+0x22 (/tmp/litchi-goal-0458/litchi-perf-baseline)

litchi-perf-bas 4074627 353181.424077:   44679083 cycles:u: 
	    5d3e640e3854 <quick_xml::name::NamespaceResolver>::resolve_prefix+0x74 (/tmp/litchi-goal-0458/litchi-perf-baseline)
	    5d3e62dcc847 <litchi_odp::codec::parser::codec::xml::validation::ElementAttrs>::resolve_at_scan+0x57 (/tmp/litchi-goal-0458/litchi-perf-baseline)

litchi-perf-bas 4074627 353181.434180:   44850830 cycles:u: 
	    5d3e62dcd9db <litchi_odp::codec::parser::codec::xml::validation::ElementAttrs>::get+0x23b (/tmp/litchi-goal-0458/litchi-perf-baseline)
	    5d3e62d96d83 <alloc::raw_vec::RawVecInner<_>>::reserve::do_reserve_and_handle::<alloc::alloc::Global>+0x63 (/tmp/litchi-goal-0458/litchi-perf-baseline)
	               7 [unknown] ([unknown])

litchi-perf-bas 4074627 353181.444292:   44906716 cycles:u: 
	    5d3e62d7e173 <quick_xml::reader::Reader<&[u8]>>::read_event_impl::<&mut alloc::vec::Vec<u8>>+0x3b3 (/tmp/litchi-goal-0458/litchi-perf-baseline)
	               5 [unknown] ([unknown])

litchi-perf-bas 4074627 353181.454399:   44902344 cycles:u: 
	    5d3e62dce2bc <litchi_odp::model::settings::Scanner>::step+0x41c (/tmp/litchi-goal-0458/litchi-perf-baseline)
	              1a [unknown] ([unknown])

litchi-perf-bas 4074627 353181.464500:   44895063 cycles:u: 
	    5d3e640e1f3f <quick_xml::events::attributes::IterState>::next+0xaf (/tmp/litchi-goal-0458/litchi-perf-baseline)

litchi-perf-bas 4074627 353181.474607:   44911901 cycles:u: 
	    5d3e640e0ae4 <quick_xml::reader::state::ReaderState>::emit_start+0xc4 (/tmp/litchi-goal-0458/litchi-perf-baseline)

litchi-perf-bas 4074627 353181.484717:   44912013 cycles:u: 
	    7bbd32eba3b1 _int_free_maybe_trim+0x1 (/usr/lib/x86_64-linux-gnu/libc.so.6)
	    7bbd32ebaa38 _int_free_chunk+0x28 (/usr/lib/x86_64-linux-gnu/libc.so.6)
	    5d3e62d70dd5 core::ptr::drop_glue::<litchi_odp::model::page_metadata::Page>+0x65 (/tmp/litchi-goal-0458/litchi-perf-baseline)
	    5d3e62df0bdb <litchi_odp::authoring::mutable::MutablePresentation>::insert_slide+0x61b (/tmp/litchi-goal-0458/litchi-perf-baseline)
	             fff [unknown] ([unknown])

litchi-perf-bas 4074627 353181.494880:   44902566 cycles:u: 
	    7bbd32ebcae9 _int_realloc+0x1f9 (/usr/lib/x86_64-linux-gnu/libc.so.6)
	    7bbd32ebe0ce realloc+0x1ae (/usr/lib/x86_64-linux-gnu/libc.so.6)
	    5d3e640e4e5e <alloc::raw_vec::RawVecInner>::finish_grow+0x5e (/tmp/litchi-goal-0458/litchi-perf-baseline)

litchi-perf-bas 4074627 353181.504993:   44776014 cycles:u: 
	    5d3e640cd172 zlib_rs::inflate::inflate_fast_help_avx2+0x472 (/tmp/litchi-goal-0458/litchi-perf-baseline)
	    5d3e640da5b6 <zlib_rs::inflate::window::Window>::extend+0x196 (/tmp/litchi-goal-0458/litchi-perf-baseline)
	              11 [unknown] ([unknown])

litchi-perf-bas 4074627 353181.515083:   44747266 cycles:u: 
	    5d3e62e1314f <litchi_odp::codec::parser::model::ParagraphText>::push_text+0x1df (/tmp/litchi-goal-0458/litchi-perf-baseline)
	2727272727272726 [unknown] ([unknown])

litchi-perf-bas 4074627 353181.525321:   44804424 cycles:u: 
	    5d3e64119b48 memchr::arch::x86_64::memchr::memchr_raw::find_avx2+0x28 (/tmp/litchi-goal-0458/litchi-perf-baseline)
	               2 [unknown] ([unknown])
	    5d3e640df22a quick_xml::escape::normalize_xml10_eols+0x2a (/tmp/litchi-goal-0458/litchi-perf-baseline)
	              2d [unknown] ([unknown])

litchi-perf-bas 4074627 353181.535744:   46318202 cycles:u: 
	    7bbd32ebd6a3 malloc+0x43 (/usr/lib/x86_64-linux-gnu/libc.so.6)
	    5d3e62d9933c <alloc::raw_vec::RawVecInner>::finish_grow+0x7c (/tmp/litchi-goal-0458/litchi-perf-baseline)

litchi-perf-bas 4074627 353181.545975:   45262942 cycles:u: 
	    5d3e64119b20 memchr::arch::x86_64::memchr::memchr_raw::find_avx2+0x0 (/tmp/litchi-goal-0458/litchi-perf-baseline)

litchi-perf-bas 4074627 353181.556098:   44860463 cycles:u: 
	    7bbd32fbcbce __memset_avx512_unaligned_erms+0x8e (/usr/lib/x86_64-linux-gnu/libc.so.6)
	    5d3e63b73069 <soapberry_zip::office::IndexedArchive<alloc::sync::Arc<alloc::vec::Vec<u8>>>>::from_reader_with_limits_and_policy+0xc9 (/tmp/litchi-goal-0458/litchi-perf-baseline)
	              ff [unknown] ([unknown])

litchi-perf-bas 4074627 353181.566229:   44833217 cycles:u: 
	    5d3e640e1969 <quick_xml::events::attributes::Attribute>::decoded_and_normalized_value_with::<quick_xml::escape::resolve_predefined_entity>+0x139 (/tmp/litchi-goal-0458/litchi-perf-baseline)
	5979c50d35c86cff [unknown] ([unknown])

litchi-perf-bas 4074627 353181.576319:   44824436 cycles:u: 
	    5d3e62dcd949 <litchi_odp::codec::parser::codec::xml::validation::ElementAttrs>::get+0x1a9 (/tmp/litchi-goal-0458/litchi-perf-baseline)
	    5d3e62d96d83 <alloc::raw_vec::RawVecInner<_>>::reserve::do_reserve_and_handle::<alloc::alloc::Global>+0x63 (/tmp/litchi-goal-0458/litchi-perf-baseline)
	               7 [unknown] ([unknown])

litchi-perf-bas 4074627 353181.586417:   44875168 cycles:u: 
	    5d3e62d2d90f <litchi_odp::codec::parser::codec::Parser>::finish_shape+0x1f (/tmp/litchi-goal-0458/litchi-perf-baseline)

litchi-perf-bas 4074627 353181.596520:   44913468 cycles:u: 
	    5d3e62d2ea54 <litchi_odp::codec::parser::codec::Parser>::shape_builder+0x304 (/tmp/litchi-goal-0458/litchi-perf-baseline)
	    5d3e62d96d83 <alloc::raw_vec::RawVecInner<_>>::reserve::do_reserve_and_handle::<alloc::alloc::Global>+0x63 (/tmp/litchi-goal-0458/litchi-perf-baseline)
	               e [unknown] ([unknown])

litchi-perf-bas 4074627 353181.606637:   44908955 cycles:u: 
	    5d3e62d994d7 <quick_xml::reader::ns_reader::NsReader<&[u8]>>::process_event+0x57 (/tmp/litchi-goal-0458/litchi-perf-baseline)
	74faab5e97cb5506 [unknown] ([unknown])

litchi-perf-bas 4074627 353181.616735:   44895810 cycles:u: 
	    5d3e64172379 core::str::converts::from_utf8+0x99 (/tmp/litchi-goal-0458/litchi-perf-baseline)

litchi-perf-bas 4074627 353181.626836:   44905263 cycles:u: 
	    5d3e62d7f437 <quick_xml::reader::Reader<&[u8]>>::read_event_impl::<()>+0x597 (/tmp/litchi-goal-0458/litchi-perf-baseline)
	               3 [unknown] ([unknown])

litchi-perf-bas 4074627 353181.636947:   44930498 cycles:u: 
	    5d3e64119400 <memchr::arch::x86_64::avx2::memchr::One>::find_raw+0x70 (/tmp/litchi-goal-0458/litchi-perf-baseline)
	              53 [unknown] ([unknown])

litchi-perf-bas 4074627 353181.647086:   44903678 cycles:u: 
	    5d3e6411980c <memchr::arch::x86_64::avx2::memchr::Three>::find_raw_avx2+0x1c (/tmp/litchi-goal-0458/litchi-perf-baseline)
	2222222222222221 [unknown] ([unknown])

litchi-perf-bas 4074627 353181.657200:   44810985 cycles:u: 
	    5d3e640dada8 zlib_rs::deflate::longest_match::longest_match+0x1a8 (/tmp/litchi-goal-0458/litchi-perf-baseline)
	            3fff [unknown] ([unknown])

litchi-perf-bas 4074627 353181.667345:   44834859 cycles:u: 
	    5d3e62d96d75 <alloc::raw_vec::RawVecInner<_>>::reserve::do_reserve_and_handle::<alloc::alloc::Global>+0x55 (/tmp/litchi-goal-0458/litchi-perf-baseline)
	fffffffffffffffe [unknown] ([unknown])

litchi-perf-bas 4074627 353181.677430:   44814829 cycles:u: 
	    5d3e640e1b10 <quick_xml::events::attributes::IterState>::check_for_duplicates+0xc0 (/tmp/litchi-goal-0458/litchi-perf-baseline)

litchi-perf-bas 4074627 353181.687523:   44827311 cycles:u: 
	    5d3e62dcd9db <litchi_odp::codec::parser::codec::xml::validation::ElementAttrs>::get+0x23b (/tmp/litchi-goal-0458/litchi-perf-baseline)
	    5d3e62d96d83 <alloc::raw_vec::RawVecInner<_>>::reserve::do_reserve_and_handle::<alloc::alloc::Global>+0x63 (/tmp/litchi-goal-0458/litchi-perf-baseline)
	               7 [unknown] ([unknown])

litchi-perf-bas 4074627 353181.697616:   44862305 cycles:u: 
	    5d3e62dcd949 <litchi_odp::codec::parser::codec::xml::validation::ElementAttrs>::get+0x1a9 (/tmp/litchi-goal-0458/litchi-perf-baseline)
	    5d3e62d96d83 <alloc::raw_vec::RawVecInner<_>>::reserve::do_reserve_and_handle::<alloc::alloc::Global>+0x63 (/tmp/litchi-goal-0458/litchi-perf-baseline)
	               7 [unknown] ([unknown])

litchi-perf-bas 4074627 353181.707742:   44907873 cycles:u: 
	    5d3e6411a05d memchr::arch::x86_64::memchr::memchr3_raw::find_avx2+0x4d (/tmp/litchi-goal-0458/litchi-perf-baseline)
	2727272727272726 [unknown] ([unknown])
	    5d3e63c9f33f <quick_xml::reader::Reader<&[u8]>>::read_event_impl::<()>+0x69f (/tmp/litchi-goal-0458/litchi-perf-baseline)
	               8 [unknown] ([unknown])

litchi-perf-bas 4074627 353181.717848:   44842117 cycles:u: 
	    5d3e640e0a55 <quick_xml::reader::state::ReaderState>::emit_start+0x35 (/tmp/litchi-goal-0458/litchi-perf-baseline)
	    5d3e640e36ca <quick_xml::name::NamespaceResolver>::resolve_event+0x12a (/tmp/litchi-goal-0458/litchi-perf-baseline)

litchi-perf-bas 4074627 353181.727944:   44851407 cycles:u: 
	    5d3e62dcd949 <litchi_odp::codec::parser::codec::xml::validation::ElementAttrs>::get+0x1a9 (/tmp/litchi-goal-0458/litchi-perf-baseline)
	    5d3e62d96d83 <alloc::raw_vec::RawVecInner<_>>::reserve::do_reserve_and_handle::<alloc::alloc::Global>+0x63 (/tmp/litchi-goal-0458/litchi-perf-baseline)
	               7 [unknown] ([unknown])

litchi-perf-bas 4074627 353181.738086:   44882473 cycles:u: 
	    5d3e62ddd360 <quick_xml::events::attributes::Attributes as core::iter::traits::iterator::Iterator>::next+0x30 (/tmp/litchi-goal-0458/litchi-perf-baseline)

litchi-perf-bas 4074627 353181.748181:   44773003 cycles:u: 
	    5d3e62d994d7 <quick_xml::reader::ns_reader::NsReader<&[u8]>>::process_event+0x57 (/tmp/litchi-goal-0458/litchi-perf-baseline)
	              ff [unknown] ([unknown])

litchi-perf-bas 4074627 353181.758288:   44840702 cycles:u: 
	    5d3e62d994d7 <quick_xml::reader::ns_reader::NsReader<&[u8]>>::process_event+0x57 (/tmp/litchi-goal-0458/litchi-perf-baseline)
	 d07ebaf6f9cdefa [unknown] ([unknown])

litchi-perf-bas 4074627 353181.768383:   44843936 cycles:u: 
	    5d3e62e26dc1 <quick_xml::events::attributes::Attributes as core::iter::traits::iterator::Iterator>::next+0x71 (/tmp/litchi-goal-0458/litchi-perf-baseline)

litchi-perf-bas 4074627 353181.778477:   44869875 cycles:u: 
	    5d3e640e3854 <quick_xml::name::NamespaceResolver>::resolve_prefix+0x74 (/tmp/litchi-goal-0458/litchi-perf-baseline)
	    5d3e62dd3a67 litchi_odp::model::declaration::element_is+0x77 (/tmp/litchi-goal-0458/litchi-perf-baseline)

litchi-perf-bas 4074627 353181.788586:   44918384 cycles:u: 
	    5d3e62d864de <litchi_odp::codec::content_source::scanner::Scanner>::run+0x9e (/tmp/litchi-goal-0458/litchi-perf-baseline)

litchi-perf-bas 4074627 353181.798767:   44891907 cycles:u: 
	    5d3e6401267f xml_minifier::audit::verify_with_policy+0x1bf (/tmp/litchi-goal-0458/litchi-perf-baseline)
	               a [unknown] ([unknown])

litchi-perf-bas 4074627 353181.808822:   44610749 cycles:u: 
	    5d3e640dadc5 zlib_rs::deflate::longest_match::longest_match+0x1c5 (/tmp/litchi-goal-0458/litchi-perf-baseline)
	            3fff [unknown] ([unknown])

litchi-perf-bas 4074627 353181.818917:   44770417 cycles:u: 
	    7bbd32ebab7c _int_malloc+0x6c (/usr/lib/x86_64-linux-gnu/libc.so.6)
	    7bbd32ebc52e __libc_malloc2+0x11e (/usr/lib/x86_64-linux-gnu/libc.so.6)
	    5d3e62d9933c <alloc::raw_vec::RawVecInner>::finish_grow+0x7c (/tmp/litchi-goal-0458/litchi-perf-baseline)

litchi-perf-bas 4074627 353181.829010:   44823686 cycles:u: 
	    7bbd32fbc4b3 __memmove_avx512_unaligned_erms+0x1f3 (/usr/lib/x86_64-linux-gnu/libc.so.6)
	    5d3e62d15bb6 <litchi_odp::codec::parser::codec::Parser>::parse_pages_with_styles::<false>::{closure#0}+0x3576 (/tmp/litchi-goal-0458/litchi-perf-baseline)
	    5d3e62d273af <litchi_odp::codec::parser::codec::Parser>::parse_slides_with_styles+0xa4f (/tmp/litchi-goal-0458/litchi-perf-baseline)

litchi-perf-bas 4074627 353181.839260:   44856146 cycles:u: 
	    7bbd32fb2cb7 __memcmp_evex_movbe+0x37 (/usr/lib/x86_64-linux-gnu/libc.so.6)
	    5d3e640e3873 <quick_xml::name::NamespaceResolver>::resolve_prefix+0x93 (/tmp/litchi-goal-0458/litchi-perf-baseline)
	    5d3e640e36ca <quick_xml::name::NamespaceResolver>::resolve_event+0x12a (/tmp/litchi-goal-0458/litchi-perf-baseline)

litchi-perf-bas 4074627 353181.849678:   46338301 cycles:u: 
	    7bbd32eba8e4 _int_free_merge_chunk+0xf4 (/usr/lib/x86_64-linux-gnu/libc.so.6)
	    7bbd32ebaa38 _int_free_chunk+0x28 (/usr/lib/x86_64-linux-gnu/libc.so.6)
	    5d3e62d12e03 <litchi_odp::codec::parser::codec::Parser>::parse_pages_with_styles::<false>::{closure#0}+0x7c3 (/tmp/litchi-goal-0458/litchi-perf-baseline)
	               9 [unknown] ([unknown])

litchi-perf-bas 4074627 353181.859886:   45298458 cycles:u: 
	    5d3e640e0a21 <quick_xml::reader::state::ReaderState>::emit_start+0x1 (/tmp/litchi-goal-0458/litchi-perf-baseline)

litchi-perf-bas 4074627 353181.870026:   44946308 cycles:u: 
	    5d3e640e1969 <quick_xml::events::attributes::Attribute>::decoded_and_normalized_value_with::<quick_xml::escape::resolve_predefined_entity>+0x139 (/tmp/litchi-goal-0458/litchi-perf-baseline)
	3a3a3a3a3a3a3a39 [unknown] ([unknown])

litchi-perf-bas 4074627 353181.880143:   44832180 cycles:u: 
	    5d3e61f84100 __rustc::__rust_alloc+0x0 (/tmp/litchi-goal-0458/litchi-perf-baseline)
	               e [unknown] ([unknown])

litchi-perf-bas 4074627 353181.890247:   44848161 cycles:u: 
	    5d3e62d1ff1d <litchi_odp::codec::parser::codec::Parser>::decode_reference+0x3fd (/tmp/litchi-goal-0458/litchi-perf-baseline)

litchi-perf-bas 4074627 353181.900351:   44858460 cycles:u: 
	    5d3e640e40a4 <quick_xml::name::NamespaceResolver>::push+0x244 (/tmp/litchi-goal-0458/litchi-perf-baseline)
	fffffffffffffffe [unknown] ([unknown])
	              30 [unknown] ([unknown])

litchi-perf-bas 4074627 353181.910469:   44864850 cycles:u: 
	    7bbd32fb2cbb __memcmp_evex_movbe+0x3b (/usr/lib/x86_64-linux-gnu/libc.so.6)
	    5d3e640e3873 <quick_xml::name::NamespaceResolver>::resolve_prefix+0x93 (/tmp/litchi-goal-0458/litchi-perf-baseline)
	    5d3e62dd3a67 litchi_odp::model::declaration::element_is+0x77 (/tmp/litchi-goal-0458/litchi-perf-baseline)

litchi-perf-bas 4074627 353181.920563:   44832188 cycles:u: 
	    7bbd32fb2ca5 __memcmp_evex_movbe+0x25 (/usr/lib/x86_64-linux-gnu/libc.so.6)
	    5d3e640e3873 <quick_xml::name::NamespaceResolver>::resolve_prefix+0x93 (/tmp/litchi-goal-0458/litchi-perf-baseline)
	    5d3e62dd715c litchi_odp::model::declaration::end_is+0x5c (/tmp/litchi-goal-0458/litchi-perf-baseline)
	3e3e3e3e3e3e3e3d [unknown] ([unknown])

litchi-perf-bas 4074627 353181.930656:   44861020 cycles:u: 
	    5d3e6411a02c memchr::arch::x86_64::memchr::memchr3_raw::find_avx2+0x1c (/tmp/litchi-goal-0458/litchi-perf-baseline)
	2727272727272726 [unknown] ([unknown])
	    5d3e62d821d6 <&[u8] as quick_xml::reader::XmlSource<&mut alloc::vec::Vec<u8>>>::read_with::<quick_xml::parser::element::ElementParser>+0xd6 (/tmp/litchi-goal-0458/litchi-perf-baseline)
	          4ce3e7 [unknown] ([unknown])

litchi-perf-bas 4074627 353181.940762:   44909315 cycles:u: 
	    5d3e62d994d7 <quick_xml::reader::ns_reader::NsReader<&[u8]>>::process_event+0x57 (/tmp/litchi-goal-0458/litchi-perf-baseline)

litchi-perf-bas 4074627 353181.950872:   44897296 cycles:u: 
	    7bbd32fb2ccd __memcmp_evex_movbe+0x4d (/usr/lib/x86_64-linux-gnu/libc.so.6)
	    5d3e62df10b8 <litchi_odp::authoring::mutable::MutablePresentation>::retained_page+0x288 (/tmp/litchi-goal-0458/litchi-perf-baseline)
	             2f7 [unknown] ([unknown])

litchi-perf-bas 4074627 353181.961006:   44894227 cycles:u: 
	    5d3e640e1b65 <quick_xml::events::attributes::IterState>::check_for_duplicates+0x115 (/tmp/litchi-goal-0458/litchi-perf-baseline)

litchi-perf-bas 4074627 353181.971116:   44826197 cycles:u: 
	    5d3e640e1969 <quick_xml::events::attributes::Attribute>::decoded_and_normalized_value_with::<quick_xml::escape::resolve_predefined_entity>+0x139 (/tmp/litchi-goal-0458/litchi-perf-baseline)
	               3 [unknown] ([unknown])

litchi-perf-bas 4074627 353181.981236:   44858856 cycles:u: 
	    5d3e640e3854 <quick_xml::name::NamespaceResolver>::resolve_prefix+0x74 (/tmp/litchi-goal-0458/litchi-perf-baseline)
	    5d3e640e36ca <quick_xml::name::NamespaceResolver>::resolve_event+0x12a (/tmp/litchi-goal-0458/litchi-perf-baseline)

litchi-perf-bas 4074627 353181.991374:   44861991 cycles:u: 
	    5d3e641722e2 core::str::converts::from_utf8+0x2 (/tmp/litchi-goal-0458/litchi-perf-baseline)

litchi-perf-bas 4074627 353182.001444:   44740585 cycles:u: 
	    5d3e62d99530 <quick_xml::reader::ns_reader::NsReader<&[u8]>>::process_event+0xb0 (/tmp/litchi-goal-0458/litchi-perf-baseline)
	              ff [unknown] ([unknown])

litchi-perf-bas 4074627 353182.011568:   44854972 cycles:u: 
	    5d3e640cd31d zlib_rs::inflate::inflate_fast_help_avx2+0x61d (/tmp/litchi-goal-0458/litchi-perf-baseline)
	    5d3e640da5b6 <zlib_rs::inflate::window::Window>::extend+0x196 (/tmp/litchi-goal-0458/litchi-perf-baseline)
	              11 [unknown] ([unknown])

litchi-perf-bas 4074627 353182.021682:   44836833 cycles:u: 
	    5d3e64172354 core::str::converts::from_utf8+0x74 (/tmp/litchi-goal-0458/litchi-perf-baseline)

litchi-perf-bas 4074627 353182.031794:   44820933 cycles:u: 
	    5d3e6411a087 memchr::arch::x86_64::memchr::memchr3_raw::find_avx2+0x77 (/tmp/litchi-goal-0458/litchi-perf-baseline)
	2727272727272726 [unknown] ([unknown])
	    5d3e62d821d6 <&[u8] as quick_xml::reader::XmlSource<&mut alloc::vec::Vec<u8>>>::read_with::<quick_xml::parser::element::ElementParser>+0xd6 (/tmp/litchi-goal-0458/litchi-perf-baseline)
	          1628fe [unknown] ([unknown])

litchi-perf-bas 4074627 353182.041875:   44796508 cycles:u: 
	    5d3e640e3854 <quick_xml::name::NamespaceResolver>::resolve_prefix+0x74 (/tmp/litchi-goal-0458/litchi-perf-baseline)
	    5d3e62dcc847 <litchi_odp::codec::parser::codec::xml::validation::ElementAttrs>::resolve_at_scan+0x57 (/tmp/litchi-goal-0458/litchi-perf-baseline)

litchi-perf-bas 4074627 353182.051979:   44881947 cycles:u: 
	    5d3e640e3f2e <quick_xml::name::NamespaceResolver>::push+0xce (/tmp/litchi-goal-0458/litchi-perf-baseline)
	          3c263b [unknown] ([unknown])
	              30 [unknown] ([unknown])

litchi-perf-bas 4074627 353182.062077:   44889741 cycles:u: 
	    7bbd32fbc2d3 __memmove_avx512_unaligned_erms+0x13 (/usr/lib/x86_64-linux-gnu/libc.so.6)
	    5d3e62d27de2 <litchi_odp::codec::parser::codec::Parser>::parse_slides_with_styles+0x1482 (/tmp/litchi-goal-0458/litchi-perf-baseline)
	    5d3e62d3a982 <litchi_odp::authoring::edit::Snapshot>::from_owned_package+0x232 (/tmp/litchi-goal-0458/litchi-perf-baseline)
	          ffffff [unknown] ([unknown])

litchi-perf-bas 4074627 353182.072210:   44910372 cycles:u: 
	    5d3e640e386e <quick_xml::name::NamespaceResolver>::resolve_prefix+0x8e (/tmp/litchi-goal-0458/litchi-perf-baseline)
	    5d3e62dd3a67 litchi_odp::model::declaration::element_is+0x77 (/tmp/litchi-goal-0458/litchi-perf-baseline)

litchi-perf-bas 4074627 353182.082310:   44887105 cycles:u: 
	    7bbd32fb2ca5 __memcmp_evex_movbe+0x25 (/usr/lib/x86_64-linux-gnu/libc.so.6)
	    5d3e640e3873 <quick_xml::name::NamespaceResolver>::resolve_prefix+0x93 (/tmp/litchi-goal-0458/litchi-perf-baseline)
	    5d3e62dd3a67 litchi_odp::model::declaration::element_is+0x77 (/tmp/litchi-goal-0458/litchi-perf-baseline)

litchi-perf-bas 4074627 353182.092413:   44915957 cycles:u: 
	    5d3e62d99494 <quick_xml::reader::ns_reader::NsReader<&[u8]>>::process_event+0x14 (/tmp/litchi-goal-0458/litchi-perf-baseline)

litchi-perf-bas 4074627 353182.102523:   44907759 cycles:u: 
	    5d3e62e265fe <litchi_odp::model::page_metadata::Page as core::clone::Clone>::clone+0x8e (/tmp/litchi-goal-0458/litchi-perf-baseline)

litchi-perf-bas 4074627 353182.112669:   44912496 cycles:u: 
	    5d3e640e1fdb <quick_xml::events::attributes::IterState>::next+0x14b (/tmp/litchi-goal-0458/litchi-perf-baseline)
	    5d3e641199e6 <memchr::arch::x86_64::avx2::memchr::Three>::find_raw+0x66 (/tmp/litchi-goal-0458/litchi-perf-baseline)

litchi-perf-bas 4074627 353182.122812:   44797375 cycles:u: 
	    5d3e640cafaf zlib_rs::deflate::slide_hash::avx2::slide_hash_chain+0x3f (/tmp/litchi-goal-0458/litchi-perf-baseline)

litchi-perf-bas 4074627 353182.132898:   44720649 cycles:u: 
	    7bbd32ebae6e _int_malloc+0x35e (/usr/lib/x86_64-linux-gnu/libc.so.6)
	    7bbd32ebc52e __libc_malloc2+0x11e (/usr/lib/x86_64-linux-gnu/libc.so.6)
	    5d3e62d1faea <litchi_odp::codec::parser::codec::Parser>::decode_text+0xea (/tmp/litchi-goal-0458/litchi-perf-baseline)
	fffffffffffffffe [unknown] ([unknown])
	7fffffffffffffff [unknown] ([unknown])

litchi-perf-bas 4074627 353182.142977:   44774372 cycles:u: 
	    7bbd32fb2c84 __memcmp_evex_movbe+0x4 (/usr/lib/x86_64-linux-gnu/libc.so.6)
	    5d3e62d1d5bc <litchi_odp::codec::parser::codec::NsClass>::from_uri+0xfc (/tmp/litchi-goal-0458/litchi-perf-baseline)

litchi-perf-bas 4074627 353182.153236:   44864933 cycles:u: 
	    5d3e640e743c <quick_xml::encoding::Decoder>::decode_cow+0x5c (/tmp/litchi-goal-0458/litchi-perf-baseline)
	    5d3e640e64bc <quick_xml::events::BytesRef>::resolve_char_ref+0x1c (/tmp/litchi-goal-0458/litchi-perf-baseline)
	              4f [unknown] ([unknown])
	7fffffffffffffff [unknown] ([unknown])

litchi-perf-bas 4074627 353182.163291:   44670557 cycles:u: 
	    5d3e62dcdcfd <litchi_odp::codec::parser::codec::xml::validation::ElementAttrs>::lookup+0xd (/tmp/litchi-goal-0458/litchi-perf-baseline)
	               4 [unknown] ([unknown])

litchi-perf-bas 4074627 353182.173404:   44838830 cycles:u: 
	    5d3e63b96186 litchi_odf_common::package::edit::xml_splice_publication+0x1d6 (/tmp/litchi-goal-0458/litchi-perf-baseline)

litchi-perf-bas 4074627 353182.183558:   44821894 cycles:u: 
	    5d3e62d271d7 <litchi_odp::codec::parser::codec::Parser>::parse_slides_with_styles+0x877 (/tmp/litchi-goal-0458/litchi-perf-baseline)

litchi-perf-bas 4074627 353182.193610:   44643666 cycles:u: 
	    5d3e64119595 <memchr::arch::x86_64::avx2::memchr::Two>::find_raw_avx2+0x25 (/tmp/litchi-goal-0458/litchi-perf-baseline)
	3a3a3a3a3a3a3a39 [unknown] ([unknown])

litchi-perf-bas 4074627 353182.203703:   44823083 cycles:u: 
	    7bbd32ebabd9 _int_malloc+0xc9 (/usr/lib/x86_64-linux-gnu/libc.so.6)
	    7bbd32ebc9d9 _int_realloc+0xe9 (/usr/lib/x86_64-linux-gnu/libc.so.6)
	    7bbd32ebe0ce realloc+0x1ae (/usr/lib/x86_64-linux-gnu/libc.so.6)
	    5d3e640e4e5e <alloc::raw_vec::RawVecInner>::finish_grow+0x5e (/tmp/litchi-goal-0458/litchi-perf-baseline)

litchi-perf-bas 4074627 353182.213794:   44870711 cycles:u: 
	    5d3e62dcd82e <litchi_odp::codec::parser::codec::xml::validation::ElementAttrs>::get+0x8e (/tmp/litchi-goal-0458/litchi-perf-baseline)

litchi-perf-bas 4074627 353182.223912:   44909789 cycles:u: 
	    5d3e62dd3bf9 litchi_odp::model::declaration::parse_binding+0xf9 (/tmp/litchi-goal-0458/litchi-perf-baseline)
	               1 [unknown] ([unknown])

litchi-perf-bas 4074627 353182.234004:   44863809 cycles:u: 
	    5d3e640e3874 <quick_xml::name::NamespaceResolver>::resolve_prefix+0x94 (/tmp/litchi-goal-0458/litchi-perf-baseline)
	    5d3e62dd3a67 litchi_odp::model::declaration::element_is+0x77 (/tmp/litchi-goal-0458/litchi-perf-baseline)

litchi-perf-bas 4074627 353182.244148:   44901019 cycles:u: 
	    5d3e641193a3 <memchr::arch::x86_64::avx2::memchr::One>::find_raw+0x13 (/tmp/litchi-goal-0458/litchi-perf-baseline)
	              1a [unknown] ([unknown])

litchi-perf-bas 4074627 353182.254216:   44759500 cycles:u: 
	    5d3e62d994d7 <quick_xml::reader::ns_reader::NsReader<&[u8]>>::process_event+0x57 (/tmp/litchi-goal-0458/litchi-perf-baseline)

litchi-perf-bas 4074627 353182.264360:   44886558 cycles:u: 
	    5d3e6401267f xml_minifier::audit::verify_with_policy+0x1bf (/tmp/litchi-goal-0458/litchi-perf-baseline)
	               a [unknown] ([unknown])

litchi-perf-bas 4074627 353182.274445:   44747958 cycles:u: 
	    5d3e640d90b4 zlib_rs::deflate::algorithm::medium::deflate_medium+0xc64 (/tmp/litchi-goal-0458/litchi-perf-baseline)

litchi-perf-bas 4074627 353182.284549:   44824968 cycles:u: 
	    5d3e640e1a5a <quick_xml::events::attributes::IterState>::check_for_duplicates+0xa (/tmp/litchi-goal-0458/litchi-perf-baseline)

litchi-perf-bas 4074627 353182.294643:   44810134 cycles:u: 
	    5d3e62dcc8da <litchi_odp::codec::parser::codec::xml::validation::ElementAttrs>::resolve_at_scan+0xea (/tmp/litchi-goal-0458/litchi-perf-baseline)

litchi-perf-bas 4074627 353182.304742:   44858570 cycles:u: 
	    7bbd32fb2cb7 __memcmp_evex_movbe+0x37 (/usr/lib/x86_64-linux-gnu/libc.so.6)
	    5d3e640e3873 <quick_xml::name::NamespaceResolver>::resolve_prefix+0x93 (/tmp/litchi-goal-0458/litchi-perf-baseline)
	    5d3e640e36ca <quick_xml::name::NamespaceResolver>::resolve_event+0x12a (/tmp/litchi-goal-0458/litchi-perf-baseline)

litchi-perf-bas 4074627 353182.314873:   44870001 cycles:u: 
	    7bbd32fb2c84 __memcmp_evex_movbe+0x4 (/usr/lib/x86_64-linux-gnu/libc.so.6)
	    5d3e62dcd15f <litchi_odp::codec::parser::codec::xml::validation::ElementAttrs>::harvest_drawing_attribute+0xcf (/tmp/litchi-goal-0458/litchi-perf-baseline)

litchi-perf-bas 4074627 353182.324984:   44821616 cycles:u: 
	    5d3e64119822 <memchr::arch::x86_64::avx2::memchr::Three>::find_raw_avx2+0x32 (/tmp/litchi-goal-0458/litchi-perf-baseline)
	2222222222222221 [unknown] ([unknown])

litchi-perf-bas 4074627 353182.335097:   44784902 cycles:u: 
	    5d3e640e227c <quick_xml::events::attributes::IterState>::next+0x3ec (/tmp/litchi-goal-0458/litchi-perf-baseline)

litchi-perf-bas 4074627 353182.345192:   44773761 cycles:u: 
	    7bbd32fbc52a __memmove_avx512_unaligned_erms+0x26a (/usr/lib/x86_64-linux-gnu/libc.so.6)
	    5d3e62d1447e <litchi_odp::codec::parser::codec::Parser>::parse_pages_with_styles::<false>::{closure#0}+0x1e3e (/tmp/litchi-goal-0458/litchi-perf-baseline)
	    5d3e62d273af <litchi_odp::codec::parser::codec::Parser>::parse_slides_with_styles+0xa4f (/tmp/litchi-goal-0458/litchi-perf-baseline)

litchi-perf-bas 4074627 353182.355290:   44854836 cycles:u: 
	    7bbd32fb2ca5 __memcmp_evex_movbe+0x25 (/usr/lib/x86_64-linux-gnu/libc.so.6)
	    5d3e640e3873 <quick_xml::name::NamespaceResolver>::resolve_prefix+0x93 (/tmp/litchi-goal-0458/litchi-perf-baseline)
	    5d3e62dcc847 <litchi_odp::codec::parser::codec::xml::validation::ElementAttrs>::resolve_at_scan+0x57 (/tmp/litchi-goal-0458/litchi-perf-baseline)

litchi-perf-bas 4074627 353182.365391:   44875054 cycles:u: 
	    5d3e640e1eb0 <quick_xml::events::attributes::IterState>::next+0x20 (/tmp/litchi-goal-0458/litchi-perf-baseline)

litchi-perf-bas 4074627 353182.375537:   44890497 cycles:u: 
	    5d3e640e1f9c <quick_xml::events::attributes::IterState>::next+0x10c (/tmp/litchi-goal-0458/litchi-perf-baseline)

litchi-perf-bas 4074627 353182.385601:   44732598 cycles:u: 
	    5d3e640e383b <quick_xml::name::NamespaceResolver>::resolve_prefix+0x5b (/tmp/litchi-goal-0458/litchi-perf-baseline)
	    5d3e62e1a897 litchi_odp::model::page_metadata::element_is+0x77 (/tmp/litchi-goal-0458/litchi-perf-baseline)
	3a3a3a3a3a3a3a39 [unknown] ([unknown])

litchi-perf-bas 4074627 353182.395699:   44866255 cycles:u: 
	    7bbd32fb2cb7 __memcmp_evex_movbe+0x37 (/usr/lib/x86_64-linux-gnu/libc.so.6)
	    5d3e640e3873 <quick_xml::name::NamespaceResolver>::resolve_prefix+0x93 (/tmp/litchi-goal-0458/litchi-perf-baseline)
	    5d3e62e1a897 litchi_odp::model::page_metadata::element_is+0x77 (/tmp/litchi-goal-0458/litchi-perf-baseline)
	3a3a3a3a3a3a3a39 [unknown] ([unknown])

litchi-perf-bas 4074627 353182.405802:   44891516 cycles:u: 
	    5d3e62d99530 <quick_xml::reader::ns_reader::NsReader<&[u8]>>::process_event+0xb0 (/tmp/litchi-goal-0458/litchi-perf-baseline)

litchi-perf-bas 4074627 353182.415931:   44900089 cycles:u: 
	    5d3e64172374 core::str::converts::from_utf8+0x94 (/tmp/litchi-goal-0458/litchi-perf-baseline)

litchi-perf-bas 4074627 353182.426044:   44880836 cycles:u: 
	    5d3e640dada8 zlib_rs::deflate::longest_match::longest_match+0x1a8 (/tmp/litchi-goal-0458/litchi-perf-baseline)
	            3fff [unknown] ([unknown])

litchi-perf-bas 4074627 353182.436223:   44838912 cycles:u: 
	    5d3e640e743c <quick_xml::encoding::Decoder>::decode_cow+0x5c (/tmp/litchi-goal-0458/litchi-perf-baseline)
	    5d3e640e64bc <quick_xml::events::BytesRef>::resolve_char_ref+0x1c (/tmp/litchi-goal-0458/litchi-perf-baseline)
	               8 [unknown] ([unknown])
	7fffffffffffffff [unknown] ([unknown])

litchi-perf-bas 4074627 353182.446267:   44572813 cycles:u: 
	    5d3e62dcd949 <litchi_odp::codec::parser::codec::xml::validation::ElementAttrs>::get+0x1a9 (/tmp/litchi-goal-0458/litchi-perf-baseline)
	    5d3e62d96d83 <alloc::raw_vec::RawVecInner<_>>::reserve::do_reserve_and_handle::<alloc::alloc::Global>+0x63 (/tmp/litchi-goal-0458/litchi-perf-baseline)
	               7 [unknown] ([unknown])

litchi-perf-bas 4074627 353182.456348:   44796859 cycles:u: 
	    5d3e640e1969 <quick_xml::events::attributes::Attribute>::decoded_and_normalized_value_with::<quick_xml::escape::resolve_predefined_entity>+0x139 (/tmp/litchi-goal-0458/litchi-perf-baseline)
	               6 [unknown] ([unknown])

litchi-perf-bas 4074627 353182.466593:   44875883 cycles:u: 
	    5d3e64119d84 memchr::arch::x86_64::memchr::memchr2_raw::find_avx2+0x4 (/tmp/litchi-goal-0458/litchi-perf-baseline)
	              1a [unknown] ([unknown])

litchi-perf-bas 4074627 353182.476645:   44614731 cycles:u: 
	    5d3e640bd0ce crc32fast::specialized::pclmulqdq::calculate+0xbe (/tmp/litchi-goal-0458/litchi-perf-baseline)
	    5d3e640d776f [unknown] (/tmp/litchi-goal-0458/litchi-perf-baseline)
	              54 [unknown] ([unknown])

litchi-perf-bas 4074627 353182.486778:   44821963 cycles:u: 
	    7bbd32fb2c84 __memcmp_evex_movbe+0x4 (/usr/lib/x86_64-linux-gnu/libc.so.6)
	    5d3e62dcdd24 <litchi_odp::codec::parser::codec::xml::validation::ElementAttrs>::lookup+0x34 (/tmp/litchi-goal-0458/litchi-perf-baseline)
	               5 [unknown] ([unknown])

litchi-perf-bas 4074627 353182.496872:   44761133 cycles:u: 
	    5d3e6411980c <memchr::arch::x86_64::avx2::memchr::Three>::find_raw_avx2+0x1c (/tmp/litchi-goal-0458/litchi-perf-baseline)
	2222222222222221 [unknown] ([unknown])

litchi-perf-bas 4074627 353182.506985:   44777514 cycles:u: 
	    7bbd32fbc4c6 __memmove_avx512_unaligned_erms+0x206 (/usr/lib/x86_64-linux-gnu/libc.so.6)
	    7bbd32ebcacf _int_realloc+0x1df (/usr/lib/x86_64-linux-gnu/libc.so.6)
	    7bbd32ebe0ce realloc+0x1ae (/usr/lib/x86_64-linux-gnu/libc.so.6)
	    5d3e62d9931e <alloc::raw_vec::RawVecInner>::finish_grow+0x5e (/tmp/litchi-goal-0458/litchi-perf-baseline)

litchi-perf-bas 4074627 353182.517070:   44789546 cycles:u: 
	    5d3e641193c8 <memchr::arch::x86_64::avx2::memchr::One>::find_raw+0x38 (/tmp/litchi-goal-0458/litchi-perf-baseline)

litchi-perf-bas 4074627 353182.527174:   44835841 cycles:u: 
	    7bbd32fbc2d3 __memmove_avx512_unaligned_erms+0x13 (/usr/lib/x86_64-linux-gnu/libc.so.6)
	    5d3e62d27de2 <litchi_odp::codec::parser::codec::Parser>::parse_slides_with_styles+0x1482 (/tmp/litchi-goal-0458/litchi-perf-baseline)
	    5d3e62d3a982 <litchi_odp::authoring::edit::Snapshot>::from_owned_package+0x232 (/tmp/litchi-goal-0458/litchi-perf-baseline)
	          ffffff [unknown] ([unknown])

litchi-perf-bas 4074627 353182.537300:   44901131 cycles:u: 
	    5d3e64119833 <memchr::arch::x86_64::avx2::memchr::Three>::find_raw_avx2+0x43 (/tmp/litchi-goal-0458/litchi-perf-baseline)
	2222222222222221 [unknown] ([unknown])

litchi-perf-bas 4074627 353182.547387:   44843687 cycles:u: 
	    7bbd32fb2cbb __memcmp_evex_movbe+0x3b (/usr/lib/x86_64-linux-gnu/libc.so.6)
	    5d3e640e3873 <quick_xml::name::NamespaceResolver>::resolve_prefix+0x93 (/tmp/litchi-goal-0458/litchi-perf-baseline)
	    5d3e62dd3a67 litchi_odp::model::declaration::element_is+0x77 (/tmp/litchi-goal-0458/litchi-perf-baseline)

litchi-perf-bas 4074627 353182.557487:   44902707 cycles:u: 
	    5d3e6411a014 memchr::arch::x86_64::memchr::memchr3_raw::find_avx2+0x4 (/tmp/litchi-goal-0458/litchi-perf-baseline)
	          13f753 [unknown] ([unknown])

litchi-perf-bas 4074627 353182.567627:   44918614 cycles:u: 
	    5d3e62dfff1f <core::iter::adapters::map::Map<core::ops::range::Range<usize>, litchi_odp::model::page_metadata::effective_page_names::{closure#0}> as core::iter::traits::iterator::Iterator>::try_fold::<(), <core::iter::adapters::GenericShunt<core::iter::adapters::map::Map<core::ops::range::Range<usize>, litchi_odp::model::page_metadata::effective_page_names::{closure#0}>, core::result::Result<core::convert::Infallible, litchi_core::error::types::Error>> as core::iter::traits::iterator::Iterator>::try_fold<(), core::iter::traits::iterator::Iterator::try_for_each::call<alloc::string::String, core::ops::control_flow::ControlFlow<alloc::string::String>, core::ops::control_flow::ControlFlow<alloc::string::String>::Break>::{closure#0}, core::ops::control_flow::ControlFlow<alloc::string::String>>::{closure#0}, core::ops::control_flow::ControlFlow<core::ops::control_flow::ControlFlow<alloc::string::String>>>+0x13f (/tmp/litchi-goal-0458/litchi-perf-baseline)

litchi-perf-bas 4074627 353182.577749:   44791592 cycles:u: 
	    5d3e6401267f xml_minifier::audit::verify_with_policy+0x1bf (/tmp/litchi-goal-0458/litchi-perf-baseline)
	               a [unknown] ([unknown])

litchi-perf-bas 4074627 353182.587835:   44758171 cycles:u: 
	    5d3e640cafb7 zlib_rs::deflate::slide_hash::avx2::slide_hash_chain+0x47 (/tmp/litchi-goal-0458/litchi-perf-baseline)

litchi-perf-bas 4074627 353182.597941:   44817930 cycles:u: 
	    5d3e640e0a55 <quick_xml::reader::state::ReaderState>::emit_start+0x35 (/tmp/litchi-goal-0458/litchi-perf-baseline)
	    5d3e640e36ca <quick_xml::name::NamespaceResolver>::resolve_event+0x12a (/tmp/litchi-goal-0458/litchi-perf-baseline)

litchi-perf-bas 4074627 353182.608030:   44816071 cycles:u: 
	    5d3e640e743c <quick_xml::encoding::Decoder>::decode_cow+0x5c (/tmp/litchi-goal-0458/litchi-perf-baseline)
	    5d3e62d1fc08 <litchi_odp::codec::parser::codec::Parser>::decode_reference+0xe8 (/tmp/litchi-goal-0458/litchi-perf-baseline)
	    7bbd32ebe0ce realloc+0x1ae (/usr/lib/x86_64-linux-gnu/libc.so.6)
	7fffffffffffffff [unknown] ([unknown])

litchi-perf-bas 4074627 353182.618125:   44868693 cycles:u: 
	ffffffff8c800ef0 [unknown] ([unknown])
	    5d3e62dcc87b <litchi_odp::codec::parser::codec::xml::validation::ElementAttrs>::resolve_at_scan+0x8b (/tmp/litchi-goal-0458/litchi-perf-baseline)

litchi-perf-bas 4074627 353182.628278:   44906738 cycles:u: 
	    5d3e62dcd9db <litchi_odp::codec::parser::codec::xml::validation::ElementAttrs>::get+0x23b (/tmp/litchi-goal-0458/litchi-perf-baseline)
	    5d3e62d96d83 <alloc::raw_vec::RawVecInner<_>>::reserve::do_reserve_and_handle::<alloc::alloc::Global>+0x63 (/tmp/litchi-goal-0458/litchi-perf-baseline)
	               7 [unknown] ([unknown])

litchi-perf-bas 4074627 353182.638370:   44709321 cycles:u: 
	    5d3e63b96186 litchi_odf_common::package::edit::xml_splice_publication+0x1d6 (/tmp/litchi-goal-0458/litchi-perf-baseline)

litchi-perf-bas 4074627 353182.648469:   44769198 cycles:u: 
	    5d3e64136ada __rustc::__rdl_realloc+0x2a (/tmp/litchi-goal-0458/litchi-perf-baseline)
	    5d3e640e4e5e <alloc::raw_vec::RawVecInner>::finish_grow+0x5e (/tmp/litchi-goal-0458/litchi-perf-baseline)

litchi-perf-bas 4074627 353182.658549:   44786559 cycles:u: 
	    5d3e62d99368 <alloc::raw_vec::RawVecInner>::finish_grow+0xa8 (/tmp/litchi-goal-0458/litchi-perf-baseline)
	    5d3e640e3704 <quick_xml::name::NamespaceResolver>::resolve_event+0x164 (/tmp/litchi-goal-0458/litchi-perf-baseline)
	8000000000000000 [unknown] ([unknown])

litchi-perf-bas 4074627 353182.668650:   44885779 cycles:u: 
	    5d3e640e37e1 <quick_xml::name::NamespaceResolver>::resolve_prefix+0x1 (/tmp/litchi-goal-0458/litchi-perf-baseline)
	               3 [unknown] ([unknown])

litchi-perf-bas 4074627 353182.678750:   44902237 cycles:u: 
	    5d3e62e02f97 <litchi_odp::codec::parser::codec::xml::codec::TransitionStyleCollector>::feed+0x27 (/tmp/litchi-goal-0458/litchi-perf-baseline)

litchi-perf-bas 4074627 353182.688868:   44929867 cycles:u: 
	    5d3e640e354b <quick_xml::name::QName>::decompose+0xb (/tmp/litchi-goal-0458/litchi-perf-baseline)
	    5d3e62e1a872 litchi_odp::model::page_metadata::element_is+0x52 (/tmp/litchi-goal-0458/litchi-perf-baseline)
	3a3a3a3a3a3a3a39 [unknown] ([unknown])

litchi-perf-bas 4074627 353182.699002:   44883474 cycles:u: 
	    5d3e640e3854 <quick_xml::name::NamespaceResolver>::resolve_prefix+0x74 (/tmp/litchi-goal-0458/litchi-perf-baseline)
	    5d3e62dd8537 litchi_odp::model::settings::element_is+0x77 (/tmp/litchi-goal-0458/litchi-perf-baseline)
	               4 [unknown] ([unknown])

litchi-perf-bas 4074627 353182.709077:   44819287 cycles:u: 
	    5d3e640e1f97 <quick_xml::events::attributes::IterState>::next+0x107 (/tmp/litchi-goal-0458/litchi-perf-baseline)
	              19 [unknown] ([unknown])
	               a [unknown] ([unknown])

litchi-perf-bas 4074627 353182.719192:   44919859 cycles:u: 
	    5d3e640e3f40 <quick_xml::name::NamespaceResolver>::push+0xe0 (/tmp/litchi-goal-0458/litchi-perf-baseline)
	3e3e3e3e3e3e3e3d [unknown] ([unknown])
	              30 [unknown] ([unknown])

litchi-perf-bas 4074627 353182.729356:   44938445 cycles:u: 
	    5d3e640e1b19 <quick_xml::events::attributes::IterState>::check_for_duplicates+0xc9 (/tmp/litchi-goal-0458/litchi-perf-baseline)

litchi-perf-bas 4074627 353182.739439:   44741148 cycles:u: 
	    5d3e640dada8 zlib_rs::deflate::longest_match::longest_match+0x1a8 (/tmp/litchi-goal-0458/litchi-perf-baseline)
	            3fff [unknown] ([unknown])

litchi-perf-bas 4074627 353182.749538:   44805639 cycles:u: 
	    5d3e62dcd9db <litchi_odp::codec::parser::codec::xml::validation::ElementAttrs>::get+0x23b (/tmp/litchi-goal-0458/litchi-perf-baseline)
	    5d3e62d96d83 <alloc::raw_vec::RawVecInner<_>>::reserve::do_reserve_and_handle::<alloc::alloc::Global>+0x63 (/tmp/litchi-goal-0458/litchi-perf-baseline)
	               7 [unknown] ([unknown])

litchi-perf-bas 4074627 353182.759667:   44832224 cycles:u: 
	    5d3e62d2f66f <litchi_odp::codec::parser::codec::Parser>::shape_builder+0xf1f (/tmp/litchi-goal-0458/litchi-perf-baseline)
	    5d3e62d96d83 <alloc::raw_vec::RawVecInner<_>>::reserve::do_reserve_and_handle::<alloc::alloc::Global>+0x63 (/tmp/litchi-goal-0458/litchi-perf-baseline)
	               e [unknown] ([unknown])

litchi-perf-bas 4074627 353182.769732:   44727440 cycles:u: 
	    7bbd32fbc2d3 __memmove_avx512_unaligned_erms+0x13 (/usr/lib/x86_64-linux-gnu/libc.so.6)
	    5d3e62d33b95 <alloc::vec::Vec<litchi_odp::model::slide::Slide>>::push_mut+0x35 (/tmp/litchi-goal-0458/litchi-perf-baseline)
	               5 [unknown] ([unknown])
	8000000000000000 [unknown] ([unknown])

litchi-perf-bas 4074627 353182.779820:   44875213 cycles:u: 
	    7bbd32eb9583 unlink_chunk.isra.0+0x13 (/usr/lib/x86_64-linux-gnu/libc.so.6)
	    7bbd32ebb7f7 _int_malloc+0xce7 (/usr/lib/x86_64-linux-gnu/libc.so.6)
	    7bbd32ebc52e __libc_malloc2+0x11e (/usr/lib/x86_64-linux-gnu/libc.so.6)
	    5d3e62dcd492 <litchi_odp::codec::parser::codec::xml::validation::ElementAttrs>::harvest_drawing_attribute+0x402 (/tmp/litchi-goal-0458/litchi-perf-baseline)
	               7 [unknown] ([unknown])

litchi-perf-bas 4074627 353182.790079:   44928140 cycles:u: 
	    5d3e640e0a91 <quick_xml::reader::state::ReaderState>::emit_start+0x71 (/tmp/litchi-goal-0458/litchi-perf-baseline)

litchi-perf-bas 4074627 353182.800168:   44643261 cycles:u: 
	    5d3e62d2f35e <litchi_odp::codec::parser::codec::Parser>::shape_builder+0xc0e (/tmp/litchi-goal-0458/litchi-perf-baseline)
	    5d3e62d96d83 <alloc::raw_vec::RawVecInner<_>>::reserve::do_reserve_and_handle::<alloc::alloc::Global>+0x63 (/tmp/litchi-goal-0458/litchi-perf-baseline)
	               f [unknown] ([unknown])

litchi-perf-bas 4074627 353182.810245:   44766947 cycles:u: 
	    5d3e640e0a55 <quick_xml::reader::state::ReaderState>::emit_start+0x35 (/tmp/litchi-goal-0458/litchi-perf-baseline)
	    5d3e640e36ca <quick_xml::name::NamespaceResolver>::resolve_event+0x12a (/tmp/litchi-goal-0458/litchi-perf-baseline)

litchi-perf-bas 4074627 353182.820342:   44875115 cycles:u: 
	    5d3e62dcd82e <litchi_odp::codec::parser::codec::xml::validation::ElementAttrs>::get+0x8e (/tmp/litchi-goal-0458/litchi-perf-baseline)

litchi-perf-bas 4074627 353182.830448:   44897452 cycles:u: 
	    7bbd32ebb807 _int_malloc+0xcf7 (/usr/lib/x86_64-linux-gnu/libc.so.6)
	    7bbd32ebc52e __libc_malloc2+0x11e (/usr/lib/x86_64-linux-gnu/libc.so.6)
	    5d3e62d9933c <alloc::raw_vec::RawVecInner>::finish_grow+0x7c (/tmp/litchi-goal-0458/litchi-perf-baseline)
	    5d3e640e36ca <quick_xml::name::NamespaceResolver>::resolve_event+0x12a (/tmp/litchi-goal-0458/litchi-perf-baseline)

litchi-perf-bas 4074627 353182.840564:   44914438 cycles:u: 
	    7bbd32fb2cb7 __memcmp_evex_movbe+0x37 (/usr/lib/x86_64-linux-gnu/libc.so.6)
	    5d3e640e3873 <quick_xml::name::NamespaceResolver>::resolve_prefix+0x93 (/tmp/litchi-goal-0458/litchi-perf-baseline)
	    5d3e62dd3a67 litchi_odp::model::declaration::element_is+0x77 (/tmp/litchi-goal-0458/litchi-perf-baseline)

litchi-perf-bas 4074627 353182.850660:   44866235 cycles:u: 
	    5d3e62d994d7 <quick_xml::reader::ns_reader::NsReader<&[u8]>>::process_event+0x57 (/tmp/litchi-goal-0458/litchi-perf-baseline)
	dffe37364d82ebcb [unknown] ([unknown])

litchi-perf-bas 4074627 353182.860758:   44906461 cycles:u: 
	    5d3e641193c3 <memchr::arch::x86_64::avx2::memchr::One>::find_raw+0x33 (/tmp/litchi-goal-0458/litchi-perf-baseline)
	    5d3e62e1a872 litchi_odp::model::page_metadata::element_is+0x52 (/tmp/litchi-goal-0458/litchi-perf-baseline)
	3a3a3a3a3a3a3a39 [unknown] ([unknown])

litchi-perf-bas 4074627 353182.870866:   44920724 cycles:u: 
	    5d3e6417273e core::slice::memchr::memrchr+0xae (/tmp/litchi-goal-0458/litchi-perf-baseline)
	    5d3e62d86ac9 <litchi_odp::codec::content_source::scanner::Scanner>::run+0x689 (/tmp/litchi-goal-0458/litchi-perf-baseline)
	               3 [unknown] ([unknown])

litchi-perf-bas 4074627 353182.881006:   44925441 cycles:u: 
	    5d3e6401270c xml_minifier::audit::verify_with_policy+0x24c (/tmp/litchi-goal-0458/litchi-perf-baseline)
	               6 [unknown] ([unknown])

litchi-perf-bas 4074627 353182.891102:   44785060 cycles:u: 
	    5d3e640dadc8 zlib_rs::deflate::longest_match::longest_match+0x1c8 (/tmp/litchi-goal-0458/litchi-perf-baseline)
	            3fff [unknown] ([unknown])

litchi-perf-bas 4074627 353182.901228:   44833053 cycles:u: 
	    5d3e62dcda4c <litchi_odp::codec::parser::codec::xml::validation::ElementAttrs>::get+0x2ac (/tmp/litchi-goal-0458/litchi-perf-baseline)
	    5d3e62d96d83 <alloc::raw_vec::RawVecInner<_>>::reserve::do_reserve_and_handle::<alloc::alloc::Global>+0x63 (/tmp/litchi-goal-0458/litchi-perf-baseline)
	               7 [unknown] ([unknown])

litchi-perf-bas 4074627 353182.911322:   44819580 cycles:u: 
	    5d3e62d99530 <quick_xml::reader::ns_reader::NsReader<&[u8]>>::process_event+0xb0 (/tmp/litchi-goal-0458/litchi-perf-baseline)
	              ff [unknown] ([unknown])

litchi-perf-bas 4074627 353182.921416:   44854503 cycles:u: 
	    5d3e62ddd40c <quick_xml::events::attributes::Attributes as core::iter::traits::iterator::Iterator>::next+0xdc (/tmp/litchi-goal-0458/litchi-perf-baseline)

litchi-perf-bas 4074627 353182.931513:   44888038 cycles:u: 
	    7bbd32fb2f57 __memcmp_evex_movbe+0x2d7 (/usr/lib/x86_64-linux-gnu/libc.so.6)
	    5d3e62d1d4f3 <litchi_odp::codec::parser::codec::NsClass>::from_uri+0x33 (/tmp/litchi-goal-0458/litchi-perf-baseline)

litchi-perf-bas 4074627 353182.941629:   44929681 cycles:u: 
	    7bbd32fbc2c4 __memmove_avx512_unaligned_erms+0x4 (/usr/lib/x86_64-linux-gnu/libc.so.6)
	    5d3e640e0afc <quick_xml::reader::state::ReaderState>::emit_start+0xdc (/tmp/litchi-goal-0458/litchi-perf-baseline)

litchi-perf-bas 4074627 353182.951761:   44884829 cycles:u: 
	    5d3e62d2732d <litchi_odp::codec::parser::codec::Parser>::parse_slides_with_styles+0x9cd (/tmp/litchi-goal-0458/litchi-perf-baseline)

litchi-perf-bas 4074627 353182.961846:   44784934 cycles:u: 
	    5d3e62d821f2 <&[u8] as quick_xml::reader::XmlSource<&mut alloc::vec::Vec<u8>>>::read_with::<quick_xml::parser::element::ElementParser>+0xf2 (/tmp/litchi-goal-0458/litchi-perf-baseline)
	          1cbdad [unknown] ([unknown])

litchi-perf-bas 4074627 353182.971947:   44845948 cycles:u: 
	    5d3e640e1969 <quick_xml::events::attributes::Attribute>::decoded_and_normalized_value_with::<quick_xml::escape::resolve_predefined_entity>+0x139 (/tmp/litchi-goal-0458/litchi-perf-baseline)
	               2 [unknown] ([unknown])

litchi-perf-bas 4074627 353182.982044:   44867340 cycles:u: 
	    5d3e640e3597 <quick_xml::name::QName>::decompose+0x57 (/tmp/litchi-goal-0458/litchi-perf-baseline)

litchi-perf-bas 4074627 353182.992169:   44896912 cycles:u: 
	    5d3e640e3854 <quick_xml::name::NamespaceResolver>::resolve_prefix+0x74 (/tmp/litchi-goal-0458/litchi-perf-baseline)
	    5d3e62dd3a67 litchi_odp::model::declaration::element_is+0x77 (/tmp/litchi-goal-0458/litchi-perf-baseline)

litchi-perf-bas 4074627 353183.002269:   44883024 cycles:u: 
	    5d3e64119400 <memchr::arch::x86_64::avx2::memchr::One>::find_raw+0x70 (/tmp/litchi-goal-0458/litchi-perf-baseline)
	    5d3e62dd3a42 litchi_odp::model::declaration::element_is+0x52 (/tmp/litchi-goal-0458/litchi-perf-baseline)
	               9 [unknown] ([unknown])

litchi-perf-bas 4074627 353183.012368:   44911495 cycles:u: 
	    5d3e640e37e0 <quick_xml::name::NamespaceResolver>::resolve_prefix+0x0 (/tmp/litchi-goal-0458/litchi-perf-baseline)

litchi-perf-bas 4074627 353183.022471:   44921246 cycles:u: 
	    5d3e62d994d7 <quick_xml::reader::ns_reader::NsReader<&[u8]>>::process_event+0x57 (/tmp/litchi-goal-0458/litchi-perf-baseline)

litchi-perf-bas 4074627 353183.032589:   44943729 cycles:u: 
	    5d3e62dffedb <core::iter::adapters::map::Map<core::ops::range::Range<usize>, litchi_odp::model::page_metadata::effective_page_names::{closure#0}> as core::iter::traits::iterator::Iterator>::try_fold::<(), <core::iter::adapters::GenericShunt<core::iter::adapters::map::Map<core::ops::range::Range<usize>, litchi_odp::model::page_metadata::effective_page_names::{closure#0}>, core::result::Result<core::convert::Infallible, litchi_core::error::types::Error>> as core::iter::traits::iterator::Iterator>::try_fold<(), core::iter::traits::iterator::Iterator::try_for_each::call<alloc::string::String, core::ops::control_flow::ControlFlow<alloc::string::String>, core::ops::control_flow::ControlFlow<alloc::string::String>::Break>::{closure#0}, core::ops::control_flow::ControlFlow<alloc::string::String>>::{closure#0}, core::ops::control_flow::ControlFlow<core::ops::control_flow::ControlFlow<alloc::string::String>>>+0xfb (/tmp/litchi-goal-0458/litchi-perf-baseline)

litchi-perf-bas 4074627 353183.042718:   44899157 cycles:u: 
	    5d3e6401267f xml_minifier::audit::verify_with_policy+0x1bf (/tmp/litchi-goal-0458/litchi-perf-baseline)
	               a [unknown] ([unknown])

litchi-perf-bas 4074627 353183.052830:   44857194 cycles:u: 
	    5d3e64172362 core::str::converts::from_utf8+0x82 (/tmp/litchi-goal-0458/litchi-perf-baseline)

litchi-perf-bas 4074627 353183.062944:   44851524 cycles:u: 
	    5d3e62dcd9db <litchi_odp::codec::parser::codec::xml::validation::ElementAttrs>::get+0x23b (/tmp/litchi-goal-0458/litchi-perf-baseline)
	    5d3e62d96d83 <alloc::raw_vec::RawVecInner<_>>::reserve::do_reserve_and_handle::<alloc::alloc::Global>+0x63 (/tmp/litchi-goal-0458/litchi-perf-baseline)
	               7 [unknown] ([unknown])

litchi-perf-bas 4074627 353183.073031:   44822140 cycles:u: 
	    5d3e640de638 quick_xml::escape::normalize_attribute_value::<quick_xml::escape::is_xml10_normalization_char, quick_xml::escape::normalize_xml10_eol_step, quick_xml::escape::resolve_predefined_entity>+0x98 (/tmp/litchi-goal-0458/litchi-perf-baseline)

litchi-perf-bas 4074627 353183.083148:   44881332 cycles:u: 
	    5d3e640e0a55 <quick_xml::reader::state::ReaderState>::emit_start+0x35 (/tmp/litchi-goal-0458/litchi-perf-baseline)
	    5d3e640e36ca <quick_xml::name::NamespaceResolver>::resolve_event+0x12a (/tmp/litchi-goal-0458/litchi-perf-baseline)

litchi-perf-bas 4074627 353183.093258:   44904068 cycles:u: 
	    5d3e640cd31d zlib_rs::inflate::inflate_fast_help_avx2+0x61d (/tmp/litchi-goal-0458/litchi-perf-baseline)
	    5d3e640da5b6 <zlib_rs::inflate::window::Window>::extend+0x196 (/tmp/litchi-goal-0458/litchi-perf-baseline)
	              11 [unknown] ([unknown])

litchi-perf-bas 4074627 353183.103539:   44913666 cycles:u: 
	    5d3e64172362 core::str::converts::from_utf8+0x82 (/tmp/litchi-goal-0458/litchi-perf-baseline)

litchi-perf-bas 4074627 353183.113575:   44566971 cycles:u: 
	    5d3e61f84110 __rustc::__rust_dealloc+0x0 (/tmp/litchi-goal-0458/litchi-perf-baseline)

litchi-perf-bas 4074627 353183.123654:   44784495 cycles:u: 
	    7bbd32fbc2d3 __memmove_avx512_unaligned_erms+0x13 (/usr/lib/x86_64-linux-gnu/libc.so.6)
	    5d3e62d2f7d2 <litchi_odp::codec::parser::codec::Parser>::shape_builder+0x1082 (/tmp/litchi-goal-0458/litchi-perf-baseline)
	    5d3e62d15b62 <litchi_odp::codec::parser::codec::Parser>::parse_pages_with_styles::<false>::{closure#0}+0x3522 (/tmp/litchi-goal-0458/litchi-perf-baseline)
	    5d3e62d273af <litchi_odp::codec::parser::codec::Parser>::parse_slides_with_styles+0xa4f (/tmp/litchi-goal-0458/litchi-perf-baseline)

litchi-perf-bas 4074627 353183.133753:   44884443 cycles:u: 
	    5d3e62dcda4c <litchi_odp::codec::parser::codec::xml::validation::ElementAttrs>::get+0x2ac (/tmp/litchi-goal-0458/litchi-perf-baseline)
	    5d3e62d96d83 <alloc::raw_vec::RawVecInner<_>>::reserve::do_reserve_and_handle::<alloc::alloc::Global>+0x63 (/tmp/litchi-goal-0458/litchi-perf-baseline)
	               7 [unknown] ([unknown])

litchi-perf-bas 4074627 353183.143860:   44908705 cycles:u: 
	    7bbd32eba895 _int_free_merge_chunk+0xa5 (/usr/lib/x86_64-linux-gnu/libc.so.6)
	    7bbd32ebaa38 _int_free_chunk+0x28 (/usr/lib/x86_64-linux-gnu/libc.so.6)
	    5d3e62d282a2 <litchi_odp::codec::parser::codec::Parser>::parse_slides_with_styles+0x1942 (/tmp/litchi-goal-0458/litchi-perf-baseline)
	    5d3e62d3a982 <litchi_odp::authoring::edit::Snapshot>::from_owned_package+0x232 (/tmp/litchi-goal-0458/litchi-perf-baseline)
	          ffffff [unknown] ([unknown])

litchi-perf-bas 4074627 353183.153979:   44907148 cycles:u: 
	    5d3e64119803 <memchr::arch::x86_64::avx2::memchr::Three>::find_raw_avx2+0x13 (/tmp/litchi-goal-0458/litchi-perf-baseline)
	3c3c3c3c3c3c3c3b [unknown] ([unknown])

litchi-perf-bas 4074627 353183.164079:   44869483 cycles:u: 
	    5d3e62e1b131 litchi_odp::model::page_metadata::parse_page+0x801 (/tmp/litchi-goal-0458/litchi-perf-baseline)
	              30 [unknown] ([unknown])

litchi-perf-bas 4074627 353183.174191:   44884790 cycles:u: 
	    5d3e6411a023 memchr::arch::x86_64::memchr::memchr3_raw::find_avx2+0x13 (/tmp/litchi-goal-0458/litchi-perf-baseline)
	3e3e3e3e3e3e3e3d [unknown] ([unknown])
	    5d3e62d7f53f <quick_xml::reader::Reader<&[u8]>>::read_event_impl::<()>+0x69f (/tmp/litchi-goal-0458/litchi-perf-baseline)
	              53 [unknown] ([unknown])

litchi-perf-bas 4074627 353183.184298:   44919419 cycles:u: 
	    5d3e62d5afd7 <hashbrown::map::HashMap<&str, (), std::hash::random::RandomState>>::insert+0x47 (/tmp/litchi-goal-0458/litchi-perf-baseline)

litchi-perf-bas 4074627 353183.194451:   44918042 cycles:u: 
	    5d3e6401267f xml_minifier::audit::verify_with_policy+0x1bf (/tmp/litchi-goal-0458/litchi-perf-baseline)
	               a [unknown] ([unknown])

litchi-perf-bas 4074627 353183.204611:   44799334 cycles:u: 
	    5d3e640dadc5 zlib_rs::deflate::longest_match::longest_match+0x1c5 (/tmp/litchi-goal-0458/litchi-perf-baseline)
	            3fff [unknown] ([unknown])

litchi-perf-bas 4074627 353183.214642:   44477258 cycles:u: 
	    7bbd32fbc4cd __memmove_avx512_unaligned_erms+0x20d (/usr/lib/x86_64-linux-gnu/libc.so.6)
	    5d3e62d33c65 <alloc::vec::Vec<litchi_odp::codec::parser::model::ShapeBuilder>>::push_mut+0x35 (/tmp/litchi-goal-0458/litchi-perf-baseline)
	               5 [unknown] ([unknown])
	8000000000000000 [unknown] ([unknown])

litchi-perf-bas 4074627 353183.224710:   44745518 cycles:u: 
	    7bbd32fb2f48 __memcmp_evex_movbe+0x2c8 (/usr/lib/x86_64-linux-gnu/libc.so.6)
	    5d3e62dcdd24 <litchi_odp::codec::parser::codec::xml::validation::ElementAttrs>::lookup+0x34 (/tmp/litchi-goal-0458/litchi-perf-baseline)
	               4 [unknown] ([unknown])

litchi-perf-bas 4074627 353183.234807:   44860527 cycles:u: 
	    7bbd32ebd6c4 malloc+0x64 (/usr/lib/x86_64-linux-gnu/libc.so.6)
	    5d3e62d1faea <litchi_odp::codec::parser::codec::Parser>::decode_text+0xea (/tmp/litchi-goal-0458/litchi-perf-baseline)
	fffffffffffffffe [unknown] ([unknown])
	7fffffffffffffff [unknown] ([unknown])

litchi-perf-bas 4074627 353183.244903:   44909435 cycles:u: 
	    5d3e640e1969 <quick_xml::events::attributes::Attribute>::decoded_and_normalized_value_with::<quick_xml::escape::resolve_predefined_entity>+0x139 (/tmp/litchi-goal-0458/litchi-perf-baseline)
	               4 [unknown] ([unknown])

litchi-perf-bas 4074627 353183.255030:   44929981 cycles:u: 
	    5d3e63b96186 litchi_odf_common::package::edit::xml_splice_publication+0x1d6 (/tmp/litchi-goal-0458/litchi-perf-baseline)

litchi-perf-bas 4074627 353183.265174:   44873708 cycles:u: 
	    5d3e62e132c0 <litchi_odp::codec::parser::model::ParagraphText>::push_text+0x350 (/tmp/litchi-goal-0458/litchi-perf-baseline)
	    5d3e62dcdd24 <litchi_odp::codec::parser::codec::xml::validation::ElementAttrs>::lookup+0x34 (/tmp/litchi-goal-0458/litchi-perf-baseline)
	              6f [unknown] ([unknown])

litchi-perf-bas 4074627 353183.275265:   44806546 cycles:u: 
	    5d3e640e1969 <quick_xml::events::attributes::Attribute>::decoded_and_normalized_value_with::<quick_xml::escape::resolve_predefined_entity>+0x139 (/tmp/litchi-goal-0458/litchi-perf-baseline)
	3a3a3a3a3a3a3a39 [unknown] ([unknown])

litchi-perf-bas 4074627 353183.285356:   44853306 cycles:u: 
	    5d3e62d99360 <alloc::raw_vec::RawVecInner>::finish_grow+0xa0 (/tmp/litchi-goal-0458/litchi-perf-baseline)
	fffffffffffffffe [unknown] ([unknown])

litchi-perf-bas 4074627 353183.295464:   44901049 cycles:u: 
	    7bbd32ebca73 _int_realloc+0x183 (/usr/lib/x86_64-linux-gnu/libc.so.6)
	    7bbd32ebe0ce realloc+0x1ae (/usr/lib/x86_64-linux-gnu/libc.so.6)
	    5d3e640e4e5e <alloc::raw_vec::RawVecInner>::finish_grow+0x5e (/tmp/litchi-goal-0458/litchi-perf-baseline)

litchi-perf-bas 4074627 353183.305572:   44884967 cycles:u: 
	    5d3e62dd030e <litchi_odp::model::declaration::Scanner>::step+0xe0e (/tmp/litchi-goal-0458/litchi-perf-baseline)

litchi-perf-bas 4074627 353183.315671:   44876872 cycles:u: 
	    5d3e62dd3bf9 litchi_odp::model::declaration::parse_binding+0xf9 (/tmp/litchi-goal-0458/litchi-perf-baseline)

litchi-perf-bas 4074627 353183.325767:   44900329 cycles:u: 
	    5d3e640e3631 <quick_xml::name::NamespaceResolver>::resolve_event+0x91 (/tmp/litchi-goal-0458/litchi-perf-baseline)

litchi-perf-bas 4074627 353183.335912:   44928233 cycles:u: 
	    5d3e6411a023 memchr::arch::x86_64::memchr::memchr3_raw::find_avx2+0x13 (/tmp/litchi-goal-0458/litchi-perf-baseline)
	3e3e3e3e3e3e3e3d [unknown] ([unknown])
	    5d3e62d7f53f <quick_xml::reader::Reader<&[u8]>>::read_event_impl::<()>+0x69f (/tmp/litchi-goal-0458/litchi-perf-baseline)
	              53 [unknown] ([unknown])

litchi-perf-bas 4074627 353183.346022:   44782811 cycles:u: 
	    5d3e6401267f xml_minifier::audit::verify_with_policy+0x1bf (/tmp/litchi-goal-0458/litchi-perf-baseline)
	               a [unknown] ([unknown])

litchi-perf-bas 4074627 353183.356122:   44771794 cycles:u: 
	ffffffff8c800ef0 [unknown] ([unknown])
	    5d3e640daf14 zlib_rs::deflate::longest_match::longest_match+0x314 (/tmp/litchi-goal-0458/litchi-perf-baseline)
	            3fff [unknown] ([unknown])

litchi-perf-bas 4074627 353183.366239:   44797597 cycles:u: 
	    5d3e62d271d7 <litchi_odp::codec::parser::codec::Parser>::parse_slides_with_styles+0x877 (/tmp/litchi-goal-0458/litchi-perf-baseline)

litchi-perf-bas 4074627 353183.376328:   44824729 cycles:u: 
	    5d3e62d12de5 <litchi_odp::codec::parser::codec::Parser>::parse_pages_with_styles::<false>::{closure#0}+0x7a5 (/tmp/litchi-goal-0458/litchi-perf-baseline)

litchi-perf-bas 4074627 353183.386426:   44870820 cycles:u: 
	    5d3e62dcd9db <litchi_odp::codec::parser::codec::xml::validation::ElementAttrs>::get+0x23b (/tmp/litchi-goal-0458/litchi-perf-baseline)
	    5d3e62d96d83 <alloc::raw_vec::RawVecInner<_>>::reserve::do_reserve_and_handle::<alloc::alloc::Global>+0x63 (/tmp/litchi-goal-0458/litchi-perf-baseline)
	               7 [unknown] ([unknown])

litchi-perf-bas 4074627 353183.396566:   44905117 cycles:u: 
	    7bbd32fbc2e8 __memmove_avx512_unaligned_erms+0x28 (/usr/lib/x86_64-linux-gnu/libc.so.6)
	    7bbd32ebcacf _int_realloc+0x1df (/usr/lib/x86_64-linux-gnu/libc.so.6)
	    7bbd32ebe0ce realloc+0x1ae (/usr/lib/x86_64-linux-gnu/libc.so.6)
	    5d3e640e4e5e <alloc::raw_vec::RawVecInner>::finish_grow+0x5e (/tmp/litchi-goal-0458/litchi-perf-baseline)

litchi-perf-bas 4074627 353183.406646:   44701736 cycles:u: 
	    5d3e64119803 <memchr::arch::x86_64::avx2::memchr::Three>::find_raw_avx2+0x13 (/tmp/litchi-goal-0458/litchi-perf-baseline)
	2222222222222221 [unknown] ([unknown])

litchi-perf-bas 4074627 353183.416893:   44800503 cycles:u: 
	    5d3e62e12f66 <litchi_odp::codec::parser::model::ParagraphText>::finish+0xa6 (/tmp/litchi-goal-0458/litchi-perf-baseline)
	              38 [unknown] ([unknown])

litchi-perf-bas 4074627 353183.426937:   44579753 cycles:u: 
	    7bbd32fb2c80 __memcmp_evex_movbe+0x0 (/usr/lib/x86_64-linux-gnu/libc.so.6)
	    5d3e62dcdd24 <litchi_odp::codec::parser::codec::xml::validation::ElementAttrs>::lookup+0x34 (/tmp/litchi-goal-0458/litchi-perf-baseline)
	               4 [unknown] ([unknown])

litchi-perf-bas 4074627 353183.437022:   44808025 cycles:u: 
	    7bbd32fb2ca5 __memcmp_evex_movbe+0x25 (/usr/lib/x86_64-linux-gnu/libc.so.6)
	    5d3e640e3873 <quick_xml::name::NamespaceResolver>::resolve_prefix+0x93 (/tmp/litchi-goal-0458/litchi-perf-baseline)
	    5d3e62dcc847 <litchi_odp::codec::parser::codec::xml::validation::ElementAttrs>::resolve_at_scan+0x57 (/tmp/litchi-goal-0458/litchi-perf-baseline)

litchi-perf-bas 4074627 353183.447114:   44859866 cycles:u: 
	    5d3e62d2ec59 <litchi_odp::codec::parser::codec::Parser>::shape_builder+0x509 (/tmp/litchi-goal-0458/litchi-perf-baseline)
	    5d3e62d96d83 <alloc::raw_vec::RawVecInner<_>>::reserve::do_reserve_and_handle::<alloc::alloc::Global>+0x63 (/tmp/litchi-goal-0458/litchi-perf-baseline)
	               e [unknown] ([unknown])

litchi-perf-bas 4074627 353183.457246:   44917206 cycles:u: 
	    5d3e62dcfd67 <litchi_odp::model::declaration::Scanner>::step+0x867 (/tmp/litchi-goal-0458/litchi-perf-baseline)

litchi-perf-bas 4074627 353183.467346:   44873851 cycles:u: 
	    5d3e6411980c <memchr::arch::x86_64::avx2::memchr::Three>::find_raw_avx2+0x1c (/tmp/litchi-goal-0458/litchi-perf-baseline)
	2222222222222221 [unknown] ([unknown])

litchi-perf-bas 4074627 353183.477448:   44892162 cycles:u: 
	    5d3e640e3854 <quick_xml::name::NamespaceResolver>::resolve_prefix+0x74 (/tmp/litchi-goal-0458/litchi-perf-baseline)
	    5d3e640e3704 <quick_xml::name::NamespaceResolver>::resolve_event+0x164 (/tmp/litchi-goal-0458/litchi-perf-baseline)
	8000000000000039 [unknown] ([unknown])

litchi-perf-bas 4074627 353183.487549:   44895115 cycles:u: 
	    5d3e62d86574 <litchi_odp::codec::content_source::scanner::Scanner>::run+0x134 (/tmp/litchi-goal-0458/litchi-perf-baseline)

litchi-perf-bas 4074627 353183.497695:   44909619 cycles:u: 
	    5d3e640e1b65 <quick_xml::events::attributes::IterState>::check_for_duplicates+0x115 (/tmp/litchi-goal-0458/litchi-perf-baseline)

litchi-perf-bas 4074627 353183.507784:   44752351 cycles:u: 
	    5d3e640d8df2 zlib_rs::deflate::algorithm::medium::deflate_medium+0x9a2 (/tmp/litchi-goal-0458/litchi-perf-baseline)

litchi-perf-bas 4074627 353183.517879:   44813521 cycles:u: 
	    5d3e64136aa0 __rustc::__rdl_dealloc+0x0 (/tmp/litchi-goal-0458/litchi-perf-baseline)

litchi-perf-bas 4074627 353183.528019:   44836421 cycles:u: 
	    5d3e64119822 <memchr::arch::x86_64::avx2::memchr::Three>::find_raw_avx2+0x32 (/tmp/litchi-goal-0458/litchi-perf-baseline)
	2222222222222221 [unknown] ([unknown])

litchi-perf-bas 4074627 353183.538082:   44709064 cycles:u: 
	    5d3e640e386e <quick_xml::name::NamespaceResolver>::resolve_prefix+0x8e (/tmp/litchi-goal-0458/litchi-perf-baseline)
	    5d3e640e36ca <quick_xml::name::NamespaceResolver>::resolve_event+0x12a (/tmp/litchi-goal-0458/litchi-perf-baseline)

litchi-perf-bas 4074627 353183.548180:   44834968 cycles:u: 
	    5d3e64119828 <memchr::arch::x86_64::avx2::memchr::Three>::find_raw_avx2+0x38 (/tmp/litchi-goal-0458/litchi-perf-baseline)
	2222222222222221 [unknown] ([unknown])

litchi-perf-bas 4074627 353183.558303:   44912806 cycles:u: 
	    5d3e640e0f99 <quick_xml::reader::state::ReaderState>::emit_end+0x229 (/tmp/litchi-goal-0458/litchi-perf-baseline)

litchi-perf-bas 4074627 353183.568419:   44862692 cycles:u: 
	    5d3e62d822d7 <&[u8] as quick_xml::reader::XmlSource<&mut alloc::vec::Vec<u8>>>::read_with::<quick_xml::parser::element::ElementParser>+0x1d7 (/tmp/litchi-goal-0458/litchi-perf-baseline)

litchi-perf-bas 4074627 353183.578514:   44828966 cycles:u: 
	    5d3e640e3854 <quick_xml::name::NamespaceResolver>::resolve_prefix+0x74 (/tmp/litchi-goal-0458/litchi-perf-baseline)
	    5d3e62dcc847 <litchi_odp::codec::parser::codec::xml::validation::ElementAttrs>::resolve_at_scan+0x57 (/tmp/litchi-goal-0458/litchi-perf-baseline)

litchi-perf-bas 4074627 353183.588643:   44889911 cycles:u: 
	    5d3e640e3f44 <quick_xml::name::NamespaceResolver>::push+0xe4 (/tmp/litchi-goal-0458/litchi-perf-baseline)
	          3c263b [unknown] ([unknown])
	              30 [unknown] ([unknown])

litchi-perf-bas 4074627 353183.598713:   44718929 cycles:u: 
	    5d3e640e2287 <quick_xml::events::attributes::IterState>::next+0x3f7 (/tmp/litchi-goal-0458/litchi-perf-baseline)

litchi-perf-bas 4074627 353183.608809:   44856535 cycles:u: 
	    7bbd32fb2cb7 __memcmp_evex_movbe+0x37 (/usr/lib/x86_64-linux-gnu/libc.so.6)
	    5d3e640e3873 <quick_xml::name::NamespaceResolver>::resolve_prefix+0x93 (/tmp/litchi-goal-0458/litchi-perf-baseline)
	    5d3e62dd3a67 litchi_odp::model::declaration::element_is+0x77 (/tmp/litchi-goal-0458/litchi-perf-baseline)

litchi-perf-bas 4074627 353183.618910:   44868752 cycles:u: 
	    7bbd32fb2ca5 __memcmp_evex_movbe+0x25 (/usr/lib/x86_64-linux-gnu/libc.so.6)
	    5d3e640e3873 <quick_xml::name::NamespaceResolver>::resolve_prefix+0x93 (/tmp/litchi-goal-0458/litchi-perf-baseline)
	    5d3e62dd3a67 litchi_odp::model::declaration::element_is+0x77 (/tmp/litchi-goal-0458/litchi-perf-baseline)

litchi-perf-bas 4074627 353183.629018:   44893593 cycles:u: 
	    5d3e62dd851c litchi_odp::model::settings::element_is+0x5c (/tmp/litchi-goal-0458/litchi-perf-baseline)
	               4 [unknown] ([unknown])

litchi-perf-bas 4074627 353183.639113:   44882289 cycles:u: 
	    5d3e641193c3 <memchr::arch::x86_64::avx2::memchr::One>::find_raw+0x33 (/tmp/litchi-goal-0458/litchi-perf-baseline)

litchi-perf-bas 4074627 353183.649269:   44922660 cycles:u: 
	    5d3e6401270c xml_minifier::audit::verify_with_policy+0x24c (/tmp/litchi-goal-0458/litchi-perf-baseline)
	               4 [unknown] ([unknown])

litchi-perf-bas 4074627 353183.659410:   44769354 cycles:u: 
	    5d3e640dada8 zlib_rs::deflate::longest_match::longest_match+0x1a8 (/tmp/litchi-goal-0458/litchi-perf-baseline)
	            3fff [unknown] ([unknown])

litchi-perf-bas 4074627 353183.669486:   44705764 cycles:u: 
	    5d3e62dcd949 <litchi_odp::codec::parser::codec::xml::validation::ElementAttrs>::get+0x1a9 (/tmp/litchi-goal-0458/litchi-perf-baseline)
	    5d3e62d96d83 <alloc::raw_vec::RawVecInner<_>>::reserve::do_reserve_and_handle::<alloc::alloc::Global>+0x63 (/tmp/litchi-goal-0458/litchi-perf-baseline)
	               7 [unknown] ([unknown])

litchi-perf-bas 4074627 353183.679573:   44796298 cycles:u: 
	    5d3e62d96d93 <alloc::raw_vec::RawVecInner<_>>::reserve::do_reserve_and_handle::<alloc::alloc::Global>+0x73 (/tmp/litchi-goal-0458/litchi-perf-baseline)
	fffffffffffffffe [unknown] ([unknown])

litchi-perf-bas 4074627 353183.689660:   44850061 cycles:u: 
	    5d3e62d27287 <litchi_odp::codec::parser::codec::Parser>::parse_slides_with_styles+0x927 (/tmp/litchi-goal-0458/litchi-perf-baseline)

litchi-perf-bas 4074627 353183.699763:   44903785 cycles:u: 
	    5d3e640e1fa2 <quick_xml::events::attributes::IterState>::next+0x112 (/tmp/litchi-goal-0458/litchi-perf-baseline)

litchi-perf-bas 4074627 353183.709875:   44914421 cycles:u: 
	    5d3e63c9f32b <quick_xml::reader::Reader<&[u8]>>::read_event_impl::<()>+0x68b (/tmp/litchi-goal-0458/litchi-perf-baseline)
	               5 [unknown] ([unknown])

litchi-perf-bas 4074627 353183.720002:   44891486 cycles:u: 
	    5d3e62e1325f <litchi_odp::codec::parser::model::ParagraphText>::push_text+0x2ef (/tmp/litchi-goal-0458/litchi-perf-baseline)
	    5d3e62dcdd24 <litchi_odp::codec::parser::codec::xml::validation::ElementAttrs>::lookup+0x34 (/tmp/litchi-goal-0458/litchi-perf-baseline)
	               e [unknown] ([unknown])

litchi-perf-bas 4074627 353183.730286:   44805857 cycles:u: 
	    5d3e62d821f2 <&[u8] as quick_xml::reader::XmlSource<&mut alloc::vec::Vec<u8>>>::read_with::<quick_xml::parser::element::ElementParser>+0xf2 (/tmp/litchi-goal-0458/litchi-perf-baseline)
	          1be417 [unknown] ([unknown])

litchi-perf-bas 4074627 353183.740690:   46232655 cycles:u: 
	    5d3e640e1f30 <quick_xml::events::attributes::IterState>::next+0xa0 (/tmp/litchi-goal-0458/litchi-perf-baseline)
	               7 [unknown] ([unknown])
	              7d [unknown] ([unknown])

litchi-perf-bas 4074627 353183.750866:   45233920 cycles:u: 
	    5d3e640e3851 <quick_xml::name::NamespaceResolver>::resolve_prefix+0x71 (/tmp/litchi-goal-0458/litchi-perf-baseline)
	    5d3e62dcc847 <litchi_odp::codec::parser::codec::xml::validation::ElementAttrs>::resolve_at_scan+0x57 (/tmp/litchi-goal-0458/litchi-perf-baseline)

litchi-perf-bas 4074627 353183.761004:   45000973 cycles:u: 
	    5d3e62dd0685 <litchi_odp::model::declaration::Scanner>::step+0x1185 (/tmp/litchi-goal-0458/litchi-perf-baseline)
	    5d3e62dd7840 litchi_odp::model::staging::parse+0x500 (/tmp/litchi-goal-0458/litchi-perf-baseline)
	ffffffffffffffff [unknown] ([unknown])

litchi-perf-bas 4074627 353183.771121:   44892259 cycles:u: 
	ffffffff8c800ef0 [unknown] ([unknown])
	    5d3e62e10e6d <litchi_odp::model::page_metadata::Page>::validate+0x4d (/tmp/litchi-goal-0458/litchi-perf-baseline)
	fffffffffffffffd [unknown] ([unknown])

litchi-perf-bas 4074627 353183.781269:   44861205 cycles:u: 
	    5d3e62dd0685 <litchi_odp::model::declaration::Scanner>::step+0x1185 (/tmp/litchi-goal-0458/litchi-perf-baseline)
	    5d3e62dd7840 litchi_odp::model::staging::parse+0x500 (/tmp/litchi-goal-0458/litchi-perf-baseline)
	ffffffffffffffff [unknown] ([unknown])

litchi-perf-bas 4074627 353183.791336:   44702703 cycles:u: 
	    5d3e62d994d7 <quick_xml::reader::ns_reader::NsReader<&[u8]>>::process_event+0x57 (/tmp/litchi-goal-0458/litchi-perf-baseline)

litchi-perf-bas 4074627 353183.801439:   44832930 cycles:u: 
	    5d3e62e1b6f6 litchi_odp::model::page_metadata::validate_text+0x106 (/tmp/litchi-goal-0458/litchi-perf-baseline)
	            2000 [unknown] ([unknown])

litchi-perf-bas 4074627 353183.811558:   44863824 cycles:u: 
	    5d3e6401267f xml_minifier::audit::verify_with_policy+0x1bf (/tmp/litchi-goal-0458/litchi-perf-baseline)
	               a [unknown] ([unknown])

litchi-perf-bas 4074627 353183.821657:   44831921 cycles:u: 
	    7bbd32fbc2c0 __memmove_avx512_unaligned_erms+0x0 (/usr/lib/x86_64-linux-gnu/libc.so.6)
	    5d3e640e0afc <quick_xml::reader::state::ReaderState>::emit_start+0xdc (/tmp/litchi-goal-0458/litchi-perf-baseline)
	    5d3e640e3704 <quick_xml::name::NamespaceResolver>::resolve_event+0x164 (/tmp/litchi-goal-0458/litchi-perf-baseline)
	8000000000000000 [unknown] ([unknown])

litchi-perf-bas 4074627 353183.831766:   44860385 cycles:u: 
	    5d3e62d82145 <&[u8] as quick_xml::reader::XmlSource<&mut alloc::vec::Vec<u8>>>::read_with::<quick_xml::parser::element::ElementParser>+0x45 (/tmp/litchi-goal-0458/litchi-perf-baseline)

litchi-perf-bas 4074627 353183.841894:   44846596 cycles:u: 
	    5d3e62d2ea54 <litchi_odp::codec::parser::codec::Parser>::shape_builder+0x304 (/tmp/litchi-goal-0458/litchi-perf-baseline)
	    5d3e62d96d83 <alloc::raw_vec::RawVecInner<_>>::reserve::do_reserve_and_handle::<alloc::alloc::Global>+0x63 (/tmp/litchi-goal-0458/litchi-perf-baseline)
	               e [unknown] ([unknown])

litchi-perf-bas 4074627 353183.851970:   44807918 cycles:u: 
	    7bbd32fbc2d3 __memmove_avx512_unaligned_erms+0x13 (/usr/lib/x86_64-linux-gnu/libc.so.6)
	    5d3e62d2f7d2 <litchi_odp::codec::parser::codec::Parser>::shape_builder+0x1082 (/tmp/litchi-goal-0458/litchi-perf-baseline)
	    5d3e62d15b62 <litchi_odp::codec::parser::codec::Parser>::parse_pages_with_styles::<false>::{closure#0}+0x3522 (/tmp/litchi-goal-0458/litchi-perf-baseline)
	    5d3e62d273af <litchi_odp::codec::parser::codec::Parser>::parse_slides_with_styles+0xa4f (/tmp/litchi-goal-0458/litchi-perf-baseline)

litchi-perf-bas 4074627 353183.862070:   44902142 cycles:u: 
	    5d3e640bd0dd crc32fast::specialized::pclmulqdq::calculate+0xcd (/tmp/litchi-goal-0458/litchi-perf-baseline)
	    5d3e640d776f [unknown] (/tmp/litchi-goal-0458/litchi-perf-baseline)
	              54 [unknown] ([unknown])

litchi-perf-bas 4074627 353183.872220:   44930373 cycles:u: 
	    7bbd32eb9597 unlink_chunk.isra.0+0x27 (/usr/lib/x86_64-linux-gnu/libc.so.6)
	    7bbd32ebb7f7 _int_malloc+0xce7 (/usr/lib/x86_64-linux-gnu/libc.so.6)
	    7bbd32ebc52e __libc_malloc2+0x11e (/usr/lib/x86_64-linux-gnu/libc.so.6)
	    5d3e62d9933c <alloc::raw_vec::RawVecInner>::finish_grow+0x7c (/tmp/litchi-goal-0458/litchi-perf-baseline)
	    5d3e62dcd990 <litchi_odp::codec::parser::codec::xml::validation::ElementAttrs>::get+0x1f0 (/tmp/litchi-goal-0458/litchi-perf-baseline)
	3a3a3a3a3a3a3a39 [unknown] ([unknown])

litchi-perf-bas 4074627 353183.882312:   44845911 cycles:u: 
	    5d3e640e1969 <quick_xml::events::attributes::Attribute>::decoded_and_normalized_value_with::<quick_xml::escape::resolve_predefined_entity>+0x139 (/tmp/litchi-goal-0458/litchi-perf-baseline)
	               3 [unknown] ([unknown])

litchi-perf-bas 4074627 353183.892412:   44893443 cycles:u: 
	    5d3e640e386e <quick_xml::name::NamespaceResolver>::resolve_prefix+0x8e (/tmp/litchi-goal-0458/litchi-perf-baseline)
	    5d3e640e36ca <quick_xml::name::NamespaceResolver>::resolve_event+0x12a (/tmp/litchi-goal-0458/litchi-perf-baseline)

litchi-perf-bas 4074627 353183.902519:   44906008 cycles:u: 
	    5d3e62d7df8a <quick_xml::reader::Reader<&[u8]>>::read_event_impl::<&mut alloc::vec::Vec<u8>>+0x1ca (/tmp/litchi-goal-0458/litchi-perf-baseline)

litchi-perf-bas 4074627 353183.912617:   44904331 cycles:u: 
	    5d3e640cd7e3 zlib_rs::inflate::inflate_fast_help_avx2+0xae3 (/tmp/litchi-goal-0458/litchi-perf-baseline)

litchi-perf-bas 4074627 353183.922735:   44925538 cycles:u: 
	    5d3e640e3854 <quick_xml::name::NamespaceResolver>::resolve_prefix+0x74 (/tmp/litchi-goal-0458/litchi-perf-baseline)
	    5d3e62dd3a67 litchi_odp::model::declaration::element_is+0x77 (/tmp/litchi-goal-0458/litchi-perf-baseline)

litchi-perf-bas 4074627 353183.932837:   44912100 cycles:u: 
	    5d3e640e37f2 <quick_xml::name::NamespaceResolver>::resolve_prefix+0x12 (/tmp/litchi-goal-0458/litchi-perf-baseline)
	    5d3e62dd3a67 litchi_odp::model::declaration::element_is+0x77 (/tmp/litchi-goal-0458/litchi-perf-baseline)

litchi-perf-bas 4074627 353183.942940:   44910313 cycles:u: 
	    5d3e62d86a8d <litchi_odp::codec::content_source::scanner::Scanner>::run+0x64d (/tmp/litchi-goal-0458/litchi-perf-baseline)
	               3 [unknown] ([unknown])

litchi-perf-bas 4074627 353183.953046:   44926878 cycles:u: 
	    5d3e62da87a6 core::slice::sort::stable::drift::sort::<litchi_odp::model::page_metadata::Page, <[litchi_odp::model::page_metadata::Page]>::sort_by_key<usize, litchi_odp::model::page_metadata::metadata_after_page_insert::{closure#6}>::{closure#0}>+0x206 (/tmp/litchi-goal-0458/litchi-perf-baseline)

litchi-perf-bas 4074627 353183.963204:   44932931 cycles:u: 
	    5d3e641197f3 <memchr::arch::x86_64::avx2::memchr::Three>::find_raw_avx2+0x3 (/tmp/litchi-goal-0458/litchi-perf-baseline)
	2222222222222221 [unknown] ([unknown])

litchi-perf-bas 4074627 353183.973342:   44841501 cycles:u: 
	    5d3e640d9173 zlib_rs::deflate::algorithm::medium::deflate_medium+0xd23 (/tmp/litchi-goal-0458/litchi-perf-baseline)

litchi-perf-bas 4074627 353183.983413:   44671379 cycles:u: 
	    5d3e640e3845 <quick_xml::name::NamespaceResolver>::resolve_prefix+0x65 (/tmp/litchi-goal-0458/litchi-perf-baseline)
	    5d3e62dcc847 <litchi_odp::codec::parser::codec::xml::validation::ElementAttrs>::resolve_at_scan+0x57 (/tmp/litchi-goal-0458/litchi-perf-baseline)

litchi-perf-bas 4074627 353183.993491:   44788058 cycles:u: 
	    7bbd32fbc480 __memmove_avx512_unaligned_erms+0x1c0 (/usr/lib/x86_64-linux-gnu/libc.so.6)
	    5d3e62d15bb6 <litchi_odp::codec::parser::codec::Parser>::parse_pages_with_styles::<false>::{closure#0}+0x3576 (/tmp/litchi-goal-0458/litchi-perf-baseline)
	    5d3e62d273af <litchi_odp::codec::parser::codec::Parser>::parse_slides_with_styles+0xa4f (/tmp/litchi-goal-0458/litchi-perf-baseline)

litchi-perf-bas 4074627 353184.003594:   44885802 cycles:u: 
	    7bbd32ebb7e9 _int_malloc+0xcd9 (/usr/lib/x86_64-linux-gnu/libc.so.6)
	    7bbd32ebc52e __libc_malloc2+0x11e (/usr/lib/x86_64-linux-gnu/libc.so.6)
	    5d3e62d9933c <alloc::raw_vec::RawVecInner>::finish_grow+0x7c (/tmp/litchi-goal-0458/litchi-perf-baseline)

litchi-perf-bas 4074627 353184.013688:   44906334 cycles:u: 
	    7bbd32fb2ca5 __memcmp_evex_movbe+0x25 (/usr/lib/x86_64-linux-gnu/libc.so.6)
	    5d3e640e3873 <quick_xml::name::NamespaceResolver>::resolve_prefix+0x93 (/tmp/litchi-goal-0458/litchi-perf-baseline)
	    5d3e640e3704 <quick_xml::name::NamespaceResolver>::resolve_event+0x164 (/tmp/litchi-goal-0458/litchi-perf-baseline)
	8000000000000000 [unknown] ([unknown])

litchi-perf-bas 4074627 353184.023817:   44933797 cycles:u: 
	    5d3e63bd56be litchi_odf_common::package::codec::parse_entry+0x14e (/tmp/litchi-goal-0458/litchi-perf-baseline)
	fffffffffffffffe [unknown] ([unknown])

litchi-perf-bas 4074627 353184.033929:   44864153 cycles:u: 
	    5d3e62d271cc <litchi_odp::codec::parser::codec::Parser>::parse_slides_with_styles+0x86c (/tmp/litchi-goal-0458/litchi-perf-baseline)

litchi-perf-bas 4074627 353184.044230:   44857293 cycles:u: 
	    5d3e62d99494 <quick_xml::reader::ns_reader::NsReader<&[u8]>>::process_event+0x14 (/tmp/litchi-goal-0458/litchi-perf-baseline)
	              ff [unknown] ([unknown])

litchi-perf-bas 4074627 353184.054266:   44604417 cycles:u: 
	    7bbd32fb2cd3 __memcmp_evex_movbe+0x53 (/usr/lib/x86_64-linux-gnu/libc.so.6)
	    5d3e62dcd15f <litchi_odp::codec::parser::codec::xml::validation::ElementAttrs>::harvest_drawing_attribute+0xcf (/tmp/litchi-goal-0458/litchi-perf-baseline)

litchi-perf-bas 4074627 353184.064356:   44839677 cycles:u: 
	    5d3e62e12fb2 <litchi_odp::codec::parser::model::ParagraphText>::push_text+0x42 (/tmp/litchi-goal-0458/litchi-perf-baseline)
	2727272727272726 [unknown] ([unknown])

litchi-perf-bas 4074627 353184.074465:   44880801 cycles:u: 
	    5d3e62d821b6 <&[u8] as quick_xml::reader::XmlSource<&mut alloc::vec::Vec<u8>>>::read_with::<quick_xml::parser::element::ElementParser>+0xb6 (/tmp/litchi-goal-0458/litchi-perf-baseline)
	          1560c9 [unknown] ([unknown])

litchi-perf-bas 4074627 353184.084595:   44889177 cycles:u: 
	    7bbd32fb2cb7 __memcmp_evex_movbe+0x37 (/usr/lib/x86_64-linux-gnu/libc.so.6)
	    5d3e640e3873 <quick_xml::name::NamespaceResolver>::resolve_prefix+0x93 (/tmp/litchi-goal-0458/litchi-perf-baseline)
	    5d3e62dd8537 litchi_odp::model::settings::element_is+0x77 (/tmp/litchi-goal-0458/litchi-perf-baseline)
	               4 [unknown] ([unknown])

litchi-perf-bas 4074627 353184.094659:   44742161 cycles:u: 
	    5d3e640e1f9c <quick_xml::events::attributes::IterState>::next+0x10c (/tmp/litchi-goal-0458/litchi-perf-baseline)

litchi-perf-bas 4074627 353184.104783:   44896207 cycles:u: 
	    5d3e62d9948f <quick_xml::reader::ns_reader::NsReader<&[u8]>>::process_event+0xf (/tmp/litchi-goal-0458/litchi-perf-baseline)

litchi-perf-bas 4074627 353184.114910:   44811738 cycles:u: 
	    5d3e6401267f xml_minifier::audit::verify_with_policy+0x1bf (/tmp/litchi-goal-0458/litchi-perf-baseline)
	               a [unknown] ([unknown])

litchi-perf-bas 4074627 353184.124993:   44752009 cycles:u: 
	    5d3e640d9081 zlib_rs::deflate::algorithm::medium::deflate_medium+0xc31 (/tmp/litchi-goal-0458/litchi-perf-baseline)

litchi-perf-bas 4074627 353184.135096:   44821125 cycles:u: 
	    5d3e62ddd408 <quick_xml::events::attributes::Attributes as core::iter::traits::iterator::Iterator>::next+0xd8 (/tmp/litchi-goal-0458/litchi-perf-baseline)

litchi-perf-bas 4074627 353184.145199:   44841856 cycles:u: 
	    7bbd32fb2c84 __memcmp_evex_movbe+0x4 (/usr/lib/x86_64-linux-gnu/libc.so.6)
	    5d3e640e3873 <quick_xml::name::NamespaceResolver>::resolve_prefix+0x93 (/tmp/litchi-goal-0458/litchi-perf-baseline)
	    5d3e62dcc847 <litchi_odp::codec::parser::codec::xml::validation::ElementAttrs>::resolve_at_scan+0x57 (/tmp/litchi-goal-0458/litchi-perf-baseline)

litchi-perf-bas 4074627 353184.155301:   44898820 cycles:u: 
	    7bbd32ebb5f4 _int_malloc+0xae4 (/usr/lib/x86_64-linux-gnu/libc.so.6)
	    7bbd32ebc9d9 _int_realloc+0xe9 (/usr/lib/x86_64-linux-gnu/libc.so.6)
	    7bbd32ebe0ce realloc+0x1ae (/usr/lib/x86_64-linux-gnu/libc.so.6)
	    5d3e62d9931e <alloc::raw_vec::RawVecInner>::finish_grow+0x5e (/tmp/litchi-goal-0458/litchi-perf-baseline)
	fffffffffffffffe [unknown] ([unknown])

litchi-perf-bas 4074627 353184.165431:   44909787 cycles:u: 
	    5d3e640e0dad <quick_xml::reader::state::ReaderState>::emit_end+0x3d (/tmp/litchi-goal-0458/litchi-perf-baseline)

litchi-perf-bas 4074627 353184.175513:   44773566 cycles:u: 
	    5d3e63c9f35b <quick_xml::reader::Reader<&[u8]>>::read_event_impl::<()>+0x6bb (/tmp/litchi-goal-0458/litchi-perf-baseline)
	               5 [unknown] ([unknown])

litchi-perf-bas 4074627 353184.185624:   44847531 cycles:u: 
	    7bbd32fb2ca5 __memcmp_evex_movbe+0x25 (/usr/lib/x86_64-linux-gnu/libc.so.6)
	    5d3e640e0e4c <quick_xml::reader::state::ReaderState>::emit_end+0xdc (/tmp/litchi-goal-0458/litchi-perf-baseline)

litchi-perf-bas 4074627 353184.195721:   44840331 cycles:u: 
	    5d3e640e1f1f <quick_xml::events::attributes::IterState>::next+0x8f (/tmp/litchi-goal-0458/litchi-perf-baseline)

litchi-perf-bas 4074627 353184.205823:   44868560 cycles:u: 
	    5d3e62d99530 <quick_xml::reader::ns_reader::NsReader<&[u8]>>::process_event+0xb0 (/tmp/litchi-goal-0458/litchi-perf-baseline)
	              ff [unknown] ([unknown])

litchi-perf-bas 4074627 353184.215959:   44882339 cycles:u: 
	    5d3e640e1a5a <quick_xml::events::attributes::IterState>::check_for_duplicates+0xa (/tmp/litchi-goal-0458/litchi-perf-baseline)
	3b3b3b3b3b22273d [unknown] ([unknown])

litchi-perf-bas 4074627 353184.226071:   44773576 cycles:u: 
	    5d3e62dd77cf litchi_odp::model::staging::parse+0x48f (/tmp/litchi-goal-0458/litchi-perf-baseline)
	    5d3e63b993ae <core::io::util::Take<soapberry_zip::archive::ZipVerifier<&mut soapberry_zip::accounting::CountingReader<&mut flate2::deflate::read::DeflateDecoder<soapberry_zip::accounting::CountingReader<soapberry_zip::archive::ZipReader<&alloc::sync::Arc<alloc::vec::Vec<u8>>>>>>, &alloc::sync::Arc<alloc::vec::Vec<u8>>>> as std::io::Read>::read_buf+0x9e (/tmp/litchi-goal-0458/litchi-perf-baseline)

litchi-perf-bas 4074627 353184.236220:   44749456 cycles:u: 
	    5d3e62dcdf38 <litchi_odp::model::settings::Scanner>::step+0x98 (/tmp/litchi-goal-0458/litchi-perf-baseline)

litchi-perf-bas 4074627 353184.246293:   44710986 cycles:u: 
	    5d3e640e0a55 <quick_xml::reader::state::ReaderState>::emit_start+0x35 (/tmp/litchi-goal-0458/litchi-perf-baseline)
	               8 [unknown] ([unknown])

litchi-perf-bas 4074627 353184.256395:   44837016 cycles:u: 
	    5d3e62d99530 <quick_xml::reader::ns_reader::NsReader<&[u8]>>::process_event+0xb0 (/tmp/litchi-goal-0458/litchi-perf-baseline)

litchi-perf-bas 4074627 353184.266525:   44853458 cycles:u: 
	    5d3e64172354 core::str::converts::from_utf8+0x74 (/tmp/litchi-goal-0458/litchi-perf-baseline)

litchi-perf-bas 4074627 353184.276625:   44853626 cycles:u: 
	    5d3e640dac01 zlib_rs::deflate::longest_match::longest_match+0x1 (/tmp/litchi-goal-0458/litchi-perf-baseline)
	          5ce4ad [unknown] ([unknown])

litchi-perf-bas 4074627 353184.286742:   44842101 cycles:u: 
	    5d3e62dcd82e <litchi_odp::codec::parser::codec::xml::validation::ElementAttrs>::get+0x8e (/tmp/litchi-goal-0458/litchi-perf-baseline)

litchi-perf-bas 4074627 353184.296830:   44809816 cycles:u: 
	    5d3e62d99494 <quick_xml::reader::ns_reader::NsReader<&[u8]>>::process_event+0x14 (/tmp/litchi-goal-0458/litchi-perf-baseline)
	              ff [unknown] ([unknown])

litchi-perf-bas 4074627 353184.306922:   44860557 cycles:u: 
	    5d3e62d99494 <quick_xml::reader::ns_reader::NsReader<&[u8]>>::process_event+0x14 (/tmp/litchi-goal-0458/litchi-perf-baseline)
	              ff [unknown] ([unknown])

litchi-perf-bas 4074627 353184.317035:   44919055 cycles:u: 
	    5d3e62d27223 <litchi_odp::codec::parser::codec::Parser>::parse_slides_with_styles+0x8c3 (/tmp/litchi-goal-0458/litchi-perf-baseline)

litchi-perf-bas 4074627 353184.327149:   44885559 cycles:u: 
	    5d3e640ca79d zlib_rs::inflate::inftrees::inflate_table+0x39d (/tmp/litchi-goal-0458/litchi-perf-baseline)

litchi-perf-bas 4074627 353184.337281:   44919780 cycles:u: 
	    5d3e63bafce8 <std::hash::random::RandomState as core::hash::BuildHasher>::hash_one::<&[u8]>+0x18 (/tmp/litchi-goal-0458/litchi-perf-baseline)
	              2e [unknown] ([unknown])

litchi-perf-bas 4074627 353184.347375:   44833214 cycles:u: 
	    5d3e62d994b0 <quick_xml::reader::ns_reader::NsReader<&[u8]>>::process_event+0x30 (/tmp/litchi-goal-0458/litchi-perf-baseline)
	fffffffffffffffe [unknown] ([unknown])

litchi-perf-bas 4074627 353184.357655:   44860400 cycles:u: 
	    5d3e62d2f57e <litchi_odp::codec::parser::codec::Parser>::shape_builder+0xe2e (/tmp/litchi-goal-0458/litchi-perf-baseline)
	    5d3e62d96d83 <alloc::raw_vec::RawVecInner<_>>::reserve::do_reserve_and_handle::<alloc::alloc::Global>+0x63 (/tmp/litchi-goal-0458/litchi-perf-baseline)
	               e [unknown] ([unknown])

litchi-perf-bas 4074627 353184.367669:   44486390 cycles:u: 
	    5d3e62e13367 <litchi_odp::codec::parser::model::ParagraphText>::push_text+0x3f7 (/tmp/litchi-goal-0458/litchi-perf-baseline)
	    5d3e62dcdd24 <litchi_odp::codec::parser::codec::xml::validation::ElementAttrs>::lookup+0x34 (/tmp/litchi-goal-0458/litchi-perf-baseline)
	               e [unknown] ([unknown])

litchi-perf-bas 4074627 353184.377735:   44781233 cycles:u: 
	    5d3e62d994d7 <quick_xml::reader::ns_reader::NsReader<&[u8]>>::process_event+0x57 (/tmp/litchi-goal-0458/litchi-perf-baseline)
	              ff [unknown] ([unknown])

litchi-perf-bas 4074627 353184.387856:   44907545 cycles:u: 
	    7bbd32fb2cb7 __memcmp_evex_movbe+0x37 (/usr/lib/x86_64-linux-gnu/libc.so.6)
	    5d3e640e3873 <quick_xml::name::NamespaceResolver>::resolve_prefix+0x93 (/tmp/litchi-goal-0458/litchi-perf-baseline)
	    5d3e62e1a897 litchi_odp::model::page_metadata::element_is+0x77 (/tmp/litchi-goal-0458/litchi-perf-baseline)
	3a3a3a3a3a3a3a39 [unknown] ([unknown])

litchi-perf-bas 4074627 353184.397948:   44882287 cycles:u: 
	    5d3e62dd85ab litchi_odp::model::settings::element_is+0xeb (/tmp/litchi-goal-0458/litchi-perf-baseline)

litchi-perf-bas 4074627 353184.408049:   44919046 cycles:u: 
	    5d3e62d864de <litchi_odp::codec::content_source::scanner::Scanner>::run+0x9e (/tmp/litchi-goal-0458/litchi-perf-baseline)

litchi-perf-bas 4074627 353184.418165:   44928513 cycles:u: 
	    5d3e62d994d7 <quick_xml::reader::ns_reader::NsReader<&[u8]>>::process_event+0x57 (/tmp/litchi-goal-0458/litchi-perf-baseline)

litchi-perf-bas 4074627 353184.428354:   44952088 cycles:u: 
	    5d3e640e0d81 <quick_xml::reader::state::ReaderState>::emit_end+0x11 (/tmp/litchi-goal-0458/litchi-perf-baseline)

litchi-perf-bas 4074627 353184.438432:   44742742 cycles:u: 
	    5d3e640d9184 zlib_rs::deflate::algorithm::medium::deflate_medium+0xd34 (/tmp/litchi-goal-0458/litchi-perf-baseline)

litchi-perf-bas 4074627 353184.448539:   44835098 cycles:u: 
	    5d3e640e1ac0 <quick_xml::events::attributes::IterState>::check_for_duplicates+0x70 (/tmp/litchi-goal-0458/litchi-perf-baseline)

litchi-perf-bas 4074627 353184.458626:   44824536 cycles:u: 
	    5d3e62d2732d <litchi_odp::codec::parser::codec::Parser>::parse_slides_with_styles+0x9cd (/tmp/litchi-goal-0458/litchi-perf-baseline)

litchi-perf-bas 4074627 353184.468724:   44894276 cycles:u: 
	    5d3e640e1969 <quick_xml::events::attributes::Attribute>::decoded_and_normalized_value_with::<quick_xml::escape::resolve_predefined_entity>+0x139 (/tmp/litchi-goal-0458/litchi-perf-baseline)
	               4 [unknown] ([unknown])

litchi-perf-bas 4074627 353184.478831:   44913967 cycles:u: 
	    5d3e64119595 <memchr::arch::x86_64::avx2::memchr::Two>::find_raw_avx2+0x25 (/tmp/litchi-goal-0458/litchi-perf-baseline)
	3a3a3a3a3a3a3a39 [unknown] ([unknown])

litchi-perf-bas 4074627 353184.489009:   44915742 cycles:u: 
	    5d3e63c9ef13 <quick_xml::reader::Reader<&[u8]>>::read_event_impl::<()>+0x273 (/tmp/litchi-goal-0458/litchi-perf-baseline)
	            7fff [unknown] ([unknown])

litchi-perf-bas 4074627 353184.499077:   44672950 cycles:u: 
	    5d3e64119814 <memchr::arch::x86_64::avx2::memchr::Three>::find_raw_avx2+0x24 (/tmp/litchi-goal-0458/litchi-perf-baseline)
	2222222222222221 [unknown] ([unknown])

litchi-perf-bas 4074627 353184.509176:   44814828 cycles:u: 
	    5d3e62d994d7 <quick_xml::reader::ns_reader::NsReader<&[u8]>>::process_event+0x57 (/tmp/litchi-goal-0458/litchi-perf-baseline)
	              ff [unknown] ([unknown])

litchi-perf-bas 4074627 353184.519281:   44888191 cycles:u: 
	    5d3e62d2f35e <litchi_odp::codec::parser::codec::Parser>::shape_builder+0xc0e (/tmp/litchi-goal-0458/litchi-perf-baseline)
	    5d3e62d96d83 <alloc::raw_vec::RawVecInner<_>>::reserve::do_reserve_and_handle::<alloc::alloc::Global>+0x63 (/tmp/litchi-goal-0458/litchi-perf-baseline)
	    7bbd32ebe0ce realloc+0x1ae (/usr/lib/x86_64-linux-gnu/libc.so.6)
	    5d3e62d9931e <alloc::raw_vec::RawVecInner>::finish_grow+0x5e (/tmp/litchi-goal-0458/litchi-perf-baseline)
	fffffffffffffffe [unknown] ([unknown])

litchi-perf-bas 4074627 353184.529405:   44889684 cycles:u: 
	    7bbd32ebc9ea _int_realloc+0xfa (/usr/lib/x86_64-linux-gnu/libc.so.6)
	    7bbd32ebe0ce realloc+0x1ae (/usr/lib/x86_64-linux-gnu/libc.so.6)
	    5d3e62d9931e <alloc::raw_vec::RawVecInner>::finish_grow+0x5e (/tmp/litchi-goal-0458/litchi-perf-baseline)
	fffffffffffffffe [unknown] ([unknown])

litchi-perf-bas 4074627 353184.539505:   44845523 cycles:u: 
	    5d3e64119822 <memchr::arch::x86_64::avx2::memchr::Three>::find_raw_avx2+0x32 (/tmp/litchi-goal-0458/litchi-perf-baseline)
	2222222222222221 [unknown] ([unknown])

litchi-perf-bas 4074627 353184.549631:   44866456 cycles:u: 
	    7bbd32fb2cab __memcmp_evex_movbe+0x2b (/usr/lib/x86_64-linux-gnu/libc.so.6)
	    5d3e640e3873 <quick_xml::name::NamespaceResolver>::resolve_prefix+0x93 (/tmp/litchi-goal-0458/litchi-perf-baseline)
	    5d3e62dd8537 litchi_odp::model::settings::element_is+0x77 (/tmp/litchi-goal-0458/litchi-perf-baseline)
	               4 [unknown] ([unknown])

litchi-perf-bas 4074627 353184.559695:   44745709 cycles:u: 
	    5d3e640e1fa2 <quick_xml::events::attributes::IterState>::next+0x112 (/tmp/litchi-goal-0458/litchi-perf-baseline)

litchi-perf-bas 4074627 353184.569787:   44878520 cycles:u: 
	    5d3e62d864de <litchi_odp::codec::content_source::scanner::Scanner>::run+0x9e (/tmp/litchi-goal-0458/litchi-perf-baseline)

litchi-perf-bas 4074627 353184.579933:   44921131 cycles:u: 
	    5d3e64119828 <memchr::arch::x86_64::avx2::memchr::Three>::find_raw_avx2+0x38 (/tmp/litchi-goal-0458/litchi-perf-baseline)
	2222222222222221 [unknown] ([unknown])

litchi-perf-bas 4074627 353184.590022:   44749686 cycles:u: 
	    5d3e640d9173 zlib_rs::deflate::algorithm::medium::deflate_medium+0xd23 (/tmp/litchi-goal-0458/litchi-perf-baseline)

litchi-perf-bas 4074627 353184.600139:   44803270 cycles:u: 
	    5d3e640e3854 <quick_xml::name::NamespaceResolver>::resolve_prefix+0x74 (/tmp/litchi-goal-0458/litchi-perf-baseline)
	    5d3e62dcc847 <litchi_odp::codec::parser::codec::xml::validation::ElementAttrs>::resolve_at_scan+0x57 (/tmp/litchi-goal-0458/litchi-perf-baseline)

litchi-perf-bas 4074627 353184.610227:   44819334 cycles:u: 
	    7bbd32fb2c84 __memcmp_evex_movbe+0x4 (/usr/lib/x86_64-linux-gnu/libc.so.6)
	    5d3e640e3873 <quick_xml::name::NamespaceResolver>::resolve_prefix+0x93 (/tmp/litchi-goal-0458/litchi-perf-baseline)
	    5d3e640e3704 <quick_xml::name::NamespaceResolver>::resolve_event+0x164 (/tmp/litchi-goal-0458/litchi-perf-baseline)
	8000000000000000 [unknown] ([unknown])

litchi-perf-bas 4074627 353184.620367:   44882423 cycles:u: 
	    5d3e62d994d7 <quick_xml::reader::ns_reader::NsReader<&[u8]>>::process_event+0x57 (/tmp/litchi-goal-0458/litchi-perf-baseline)
	              ff [unknown] ([unknown])

litchi-perf-bas 4074627 353184.630447:   44816704 cycles:u: 
	    5d3e62dcdd04 <litchi_odp::codec::parser::codec::xml::validation::ElementAttrs>::lookup+0x14 (/tmp/litchi-goal-0458/litchi-perf-baseline)
	               4 [unknown] ([unknown])

litchi-perf-bas 4074627 353184.640560:   44907429 cycles:u: 
	    5d3e63c9f37b <quick_xml::reader::Reader<&[u8]>>::read_event_impl::<()>+0x6db (/tmp/litchi-goal-0458/litchi-perf-baseline)
	               5 [unknown] ([unknown])

litchi-perf-bas 4074627 353184.650684:   44872341 cycles:u: 
	    7bbd32ebbf15 _int_malloc+0x1405 (/usr/lib/x86_64-linux-gnu/libc.so.6)
	    7bbd32ebc9d9 _int_realloc+0xe9 (/usr/lib/x86_64-linux-gnu/libc.so.6)
	    7bbd32ebe0ce realloc+0x1ae (/usr/lib/x86_64-linux-gnu/libc.so.6)
	    5d3e640e4e5e <alloc::raw_vec::RawVecInner>::finish_grow+0x5e (/tmp/litchi-goal-0458/litchi-perf-baseline)

litchi-perf-bas 4074627 353184.660775:   44806599 cycles:u: 
	    5d3e6411a031 memchr::arch::x86_64::memchr::memchr3_raw::find_avx2+0x21 (/tmp/litchi-goal-0458/litchi-perf-baseline)
	3c3c3c3c3c3c3c3b [unknown] ([unknown])
	    5d3e62d7dff2 <quick_xml::reader::Reader<&[u8]>>::read_event_impl::<&mut alloc::vec::Vec<u8>>+0x232 (/tmp/litchi-goal-0458/litchi-perf-baseline)

litchi-perf-bas 4074627 353184.671031:   44849340 cycles:u: 
	    5d3e640e0dc6 <quick_xml::reader::state::ReaderState>::emit_end+0x56 (/tmp/litchi-goal-0458/litchi-perf-baseline)

litchi-perf-bas 4074627 353184.681093:   44580471 cycles:u: 
	    5d3e62d128d0 <litchi_odp::codec::parser::codec::Parser>::parse_pages_with_styles::<false>::{closure#0}+0x290 (/tmp/litchi-goal-0458/litchi-perf-baseline)

litchi-perf-bas 4074627 353184.691170:   44711544 cycles:u: 
	    5d3e62d99494 <quick_xml::reader::ns_reader::NsReader<&[u8]>>::process_event+0x14 (/tmp/litchi-goal-0458/litchi-perf-baseline)
	67e1daf7e07b7dcb [unknown] ([unknown])

litchi-perf-bas 4074627 353184.701264:   44871465 cycles:u: 
	    5d3e640e405a <quick_xml::name::NamespaceResolver>::push+0x1fa (/tmp/litchi-goal-0458/litchi-perf-baseline)

litchi-perf-bas 4074627 353184.711366:   44895046 cycles:u: 
	    5d3e62dd8517 litchi_odp::model::settings::element_is+0x57 (/tmp/litchi-goal-0458/litchi-perf-baseline)
	               4 [unknown] ([unknown])

litchi-perf-bas 4074627 353184.721468:   44913629 cycles:u: 
	    5d3e62d99530 <quick_xml::reader::ns_reader::NsReader<&[u8]>>::process_event+0xb0 (/tmp/litchi-goal-0458/litchi-perf-baseline)

litchi-perf-bas 4074627 353184.731585:   44919233 cycles:u: 
	    5d3e62e1b6e7 litchi_odp::model::page_metadata::validate_text+0xf7 (/tmp/litchi-goal-0458/litchi-perf-baseline)
	            2000 [unknown] ([unknown])

litchi-perf-bas 4074627 353184.741771:   44896847 cycles:u: 
	    5d3e6401267f xml_minifier::audit::verify_with_policy+0x1bf (/tmp/litchi-goal-0458/litchi-perf-baseline)
	               a [unknown] ([unknown])

litchi-perf-bas 4074627 353184.751827:   44593394 cycles:u: 
	    7bbd32fbcbce __memset_avx512_unaligned_erms+0x8e (/usr/lib/x86_64-linux-gnu/libc.so.6)
	    5d3e63b9939b <core::io::util::Take<soapberry_zip::archive::ZipVerifier<&mut soapberry_zip::accounting::CountingReader<&mut flate2::deflate::read::DeflateDecoder<soapberry_zip::accounting::CountingReader<soapberry_zip::archive::ZipReader<&alloc::sync::Arc<alloc::vec::Vec<u8>>>>>>, &alloc::sync::Arc<alloc::vec::Vec<u8>>>> as std::io::Read>::read_buf+0x8b (/tmp/litchi-goal-0458/litchi-perf-baseline)

litchi-perf-bas 4074627 353184.761919:   44777809 cycles:u: 
	    5d3e64119d88 memchr::arch::x86_64::memchr::memchr2_raw::find_avx2+0x8 (/tmp/litchi-goal-0458/litchi-perf-baseline)

litchi-perf-bas 4074627 353184.772005:   44810897 cycles:u: 
	    5d3e62d99494 <quick_xml::reader::ns_reader::NsReader<&[u8]>>::process_event+0x14 (/tmp/litchi-goal-0458/litchi-perf-baseline)
	              ff [unknown] ([unknown])

litchi-perf-bas 4074627 353184.782103:   44882302 cycles:u: 
	    5d3e640e743c <quick_xml::encoding::Decoder>::decode_cow+0x5c (/tmp/litchi-goal-0458/litchi-perf-baseline)
	    5d3e640e64bc <quick_xml::events::BytesRef>::resolve_char_ref+0x1c (/tmp/litchi-goal-0458/litchi-perf-baseline)
	               8 [unknown] ([unknown])
	7fffffffffffffff [unknown] ([unknown])

litchi-perf-bas 4074627 353184.792216:   44907216 cycles:u: 
	    7bbd32ebd6bf malloc+0x5f (/usr/lib/x86_64-linux-gnu/libc.so.6)
	    5d3e640e4e7c <alloc::raw_vec::RawVecInner>::finish_grow+0x7c (/tmp/litchi-goal-0458/litchi-perf-baseline)
	    5d3e640e21a3 <quick_xml::events::attributes::IterState>::next+0x313 (/tmp/litchi-goal-0458/litchi-perf-baseline)

litchi-perf-bas 4074627 353184.802347:   44929202 cycles:u: 
	    7bbd32eba895 _int_free_merge_chunk+0xa5 (/usr/lib/x86_64-linux-gnu/libc.so.6)
	    7bbd32ebaa38 _int_free_chunk+0x28 (/usr/lib/x86_64-linux-gnu/libc.so.6)
	    5d3e62d71582 core::ptr::drop_glue::<litchi_odp::model::slide::Slide>+0x42 (/tmp/litchi-goal-0458/litchi-perf-baseline)

litchi-perf-bas 4074627 353184.812501:   44860741 cycles:u: 
	    5d3e62d27287 <litchi_odp::codec::parser::codec::Parser>::parse_slides_with_styles+0x927 (/tmp/litchi-goal-0458/litchi-perf-baseline)

litchi-perf-bas 4074627 353184.822574:   44745647 cycles:u: 
	    5d3e62d33106 <litchi_odp::codec::parser::codec::Parser>::classify+0x396 (/tmp/litchi-goal-0458/litchi-perf-baseline)
	3a3a3a3a3a3a3a39 [unknown] ([unknown])

litchi-perf-bas 4074627 353184.832669:   44867218 cycles:u: 
	    5d3e64136aa0 __rustc::__rdl_dealloc+0x0 (/tmp/litchi-goal-0458/litchi-perf-baseline)

litchi-perf-bas 4074627 353184.842772:   44896326 cycles:u: 
	    5d3e64172357 core::str::converts::from_utf8+0x77 (/tmp/litchi-goal-0458/litchi-perf-baseline)

litchi-perf-bas 4074627 353184.852884:   44916159 cycles:u: 
	    7bbd32fb2ca5 __memcmp_evex_movbe+0x25 (/usr/lib/x86_64-linux-gnu/libc.so.6)
	    5d3e640e3873 <quick_xml::name::NamespaceResolver>::resolve_prefix+0x93 (/tmp/litchi-goal-0458/litchi-perf-baseline)
	    5d3e62e1a897 litchi_odp::model::page_metadata::element_is+0x77 (/tmp/litchi-goal-0458/litchi-perf-baseline)
	3a3a3a3a3a3a3a39 [unknown] ([unknown])

litchi-perf-bas 4074627 353184.862987:   44889801 cycles:u: 
	    5d3e640e1ba2 <quick_xml::events::attributes::IterState>::check_for_duplicates+0x152 (/tmp/litchi-goal-0458/litchi-perf-baseline)
	              fe [unknown] ([unknown])

litchi-perf-bas 4074627 353184.873084:   44912311 cycles:u: 
	    5d3e641726f2 core::slice::memchr::memrchr+0x62 (/tmp/litchi-goal-0458/litchi-perf-baseline)
	    5d3e62d869b9 <litchi_odp::codec::content_source::scanner::Scanner>::run+0x579 (/tmp/litchi-goal-0458/litchi-perf-baseline)
	               3 [unknown] ([unknown])

litchi-perf-bas 4074627 353184.883209:   44936754 cycles:u: 
	    5d3e62d8667c <litchi_odp::codec::content_source::scanner::Scanner>::run+0x23c (/tmp/litchi-goal-0458/litchi-perf-baseline)

litchi-perf-bas 4074627 353184.893355:   44917130 cycles:u: 
	    5d3e640e1e90 <quick_xml::events::attributes::IterState>::next+0x0 (/tmp/litchi-goal-0458/litchi-perf-baseline)
	2222222222222221 [unknown] ([unknown])

litchi-perf-bas 4074627 353184.903448:   44795176 cycles:u: 
	    5d3e640dadc5 zlib_rs::deflate::longest_match::longest_match+0x1c5 (/tmp/litchi-goal-0458/litchi-perf-baseline)
	            3fff [unknown] ([unknown])

litchi-perf-bas 4074627 353184.913557:   44831407 cycles:u: 
	    5d3e62d7e4f8 <quick_xml::reader::Reader<&[u8]>>::read_event_impl::<&mut alloc::vec::Vec<u8>>+0x738 (/tmp/litchi-goal-0458/litchi-perf-baseline)

litchi-perf-bas 4074627 353184.923641:   44807129 cycles:u: 
	    5d3e640e1fce <quick_xml::events::attributes::IterState>::next+0x13e (/tmp/litchi-goal-0458/litchi-perf-baseline)

litchi-perf-bas 4074627 353184.933736:   44882019 cycles:u: 
	    5d3e62d64ec3 litchi_odp::model::slide::is_xml_local_name+0x3 (/tmp/litchi-goal-0458/litchi-perf-baseline)
	        fffffffe [unknown] ([unknown])

litchi-perf-bas 4074627 353184.943847:   44910414 cycles:u: 
	    5d3e640e2270 <quick_xml::events::attributes::IterState>::next+0x3e0 (/tmp/litchi-goal-0458/litchi-perf-baseline)

litchi-perf-bas 4074627 353184.953996:   44893621 cycles:u: 
	    5d3e64119822 <memchr::arch::x86_64::avx2::memchr::Three>::find_raw_avx2+0x32 (/tmp/litchi-goal-0458/litchi-perf-baseline)
	2222222222222221 [unknown] ([unknown])

litchi-perf-bas 4074627 353184.964087:   44763153 cycles:u: 
	    5d3e62d2f66f <litchi_odp::codec::parser::codec::Parser>::shape_builder+0xf1f (/tmp/litchi-goal-0458/litchi-perf-baseline)

litchi-perf-bas 4074627 353184.974192:   44818090 cycles:u: 
	    5d3e62dcd9db <litchi_odp::codec::parser::codec::xml::validation::ElementAttrs>::get+0x23b (/tmp/litchi-goal-0458/litchi-perf-baseline)
	    5d3e62d96d83 <alloc::raw_vec::RawVecInner<_>>::reserve::do_reserve_and_handle::<alloc::alloc::Global>+0x63 (/tmp/litchi-goal-0458/litchi-perf-baseline)
	               7 [unknown] ([unknown])

litchi-perf-bas 4074627 353184.984477:   44884082 cycles:u: 
	    7bbd32eba3c1 _int_free_maybe_trim+0x11 (/usr/lib/x86_64-linux-gnu/libc.so.6)
	    7bbd32ebaa38 _int_free_chunk+0x28 (/usr/lib/x86_64-linux-gnu/libc.so.6)
	    7bbd32ebca62 _int_realloc+0x172 (/usr/lib/x86_64-linux-gnu/libc.so.6)
	    7bbd32ebe0ce realloc+0x1ae (/usr/lib/x86_64-linux-gnu/libc.so.6)
	    5d3e62d9931e <alloc::raw_vec::RawVecInner>::finish_grow+0x5e (/tmp/litchi-goal-0458/litchi-perf-baseline)
	fffffffffffffffe [unknown] ([unknown])

litchi-perf-bas 4074627 353184.994500:   44531361 cycles:u: 
	    5d3e640e3f40 <quick_xml::name::NamespaceResolver>::push+0xe0 (/tmp/litchi-goal-0458/litchi-perf-baseline)
	          3c263b [unknown] ([unknown])
	              30 [unknown] ([unknown])

litchi-perf-bas 4074627 353185.004590:   44827272 cycles:u: 
	    5d3e640e3596 <quick_xml::name::QName>::decompose+0x56 (/tmp/litchi-goal-0458/litchi-perf-baseline)
	               3 [unknown] ([unknown])

litchi-perf-bas 4074627 353185.014686:   44859806 cycles:u: 
	    7bbd32fb2ca5 __memcmp_evex_movbe+0x25 (/usr/lib/x86_64-linux-gnu/libc.so.6)
	    5d3e640e3873 <quick_xml::name::NamespaceResolver>::resolve_prefix+0x93 (/tmp/litchi-goal-0458/litchi-perf-baseline)
	    5d3e62e1a897 litchi_odp::model::page_metadata::element_is+0x77 (/tmp/litchi-goal-0458/litchi-perf-baseline)
	3a3a3a3a3a3a3a39 [unknown] ([unknown])

litchi-perf-bas 4074627 353185.024780:   44896745 cycles:u: 
	    5d3e62d821f2 <&[u8] as quick_xml::reader::XmlSource<&mut alloc::vec::Vec<u8>>>::read_with::<quick_xml::parser::element::ElementParser>+0xf2 (/tmp/litchi-goal-0458/litchi-perf-baseline)
	          547e42 [unknown] ([unknown])

litchi-perf-bas 4074627 353185.034884:   44927607 cycles:u: 
	    5d3e64119981 <memchr::arch::x86_64::avx2::memchr::Three>::find_raw+0x1 (/tmp/litchi-goal-0458/litchi-perf-baseline)
	    5d3e6411a00f [unknown] (/tmp/litchi-goal-0458/litchi-perf-baseline)
	3e3e3e3e3e3e3e3d [unknown] ([unknown])

litchi-perf-bas 4074627 353185.045018:   44940257 cycles:u: 
	    7bbd32ebad98 _int_malloc+0x288 (/usr/lib/x86_64-linux-gnu/libc.so.6)
	    7bbd32ebc52e __libc_malloc2+0x11e (/usr/lib/x86_64-linux-gnu/libc.so.6)
	    5d3e640e4e7c <alloc::raw_vec::RawVecInner>::finish_grow+0x7c (/tmp/litchi-goal-0458/litchi-perf-baseline)
	    5d3e640e21a3 <quick_xml::events::attributes::IterState>::next+0x313 (/tmp/litchi-goal-0458/litchi-perf-baseline)
	           3d08f [unknown] ([unknown])

litchi-perf-bas 4074627 353185.055139:   44862637 cycles:u: 
	    5d3e640dada8 zlib_rs::deflate::longest_match::longest_match+0x1a8 (/tmp/litchi-goal-0458/litchi-perf-baseline)
	            3fff [unknown] ([unknown])

litchi-perf-bas 4074627 353185.065253:   44857355 cycles:u: 
	    5d3e64119397 <memchr::arch::x86_64::avx2::memchr::One>::find_raw+0x7 (/tmp/litchi-goal-0458/litchi-perf-baseline)
	               5 [unknown] ([unknown])

litchi-perf-bas 4074627 353185.075340:   44806391 cycles:u: 
	    5d3e640e1969 <quick_xml::events::attributes::Attribute>::decoded_and_normalized_value_with::<quick_xml::escape::resolve_predefined_entity>+0x139 (/tmp/litchi-goal-0458/litchi-perf-baseline)
	               2 [unknown] ([unknown])

litchi-perf-bas 4074627 353185.085433:   44863862 cycles:u: 
	    7bbd32ebad82 _int_malloc+0x272 (/usr/lib/x86_64-linux-gnu/libc.so.6)
	    7bbd32ebc52e __libc_malloc2+0x11e (/usr/lib/x86_64-linux-gnu/libc.so.6)
	    5d3e62d9933c <alloc::raw_vec::RawVecInner>::finish_grow+0x7c (/tmp/litchi-goal-0458/litchi-perf-baseline)
	    5d3e62dcd990 <litchi_odp::codec::parser::codec::xml::validation::ElementAttrs>::get+0x1f0 (/tmp/litchi-goal-0458/litchi-perf-baseline)
	3a3a3a3a3a3a3a39 [unknown] ([unknown])

litchi-perf-bas 4074627 353185.095536:   44903926 cycles:u: 
	    5d3e640e0e05 <quick_xml::reader::state::ReaderState>::emit_end+0x95 (/tmp/litchi-goal-0458/litchi-perf-baseline)

litchi-perf-bas 4074627 353185.105653:   44908465 cycles:u: 
	    5d3e640cd165 zlib_rs::inflate::inflate_fast_help_avx2+0x465 (/tmp/litchi-goal-0458/litchi-perf-baseline)
	    5d3e640da5b6 <zlib_rs::inflate::window::Window>::extend+0x196 (/tmp/litchi-goal-0458/litchi-perf-baseline)
	              11 [unknown] ([unknown])

litchi-perf-bas 4074627 353185.115790:   44872706 cycles:u: 
	    7bbd32fbc3dd __memmove_avx512_unaligned_erms+0x11d (/usr/lib/x86_64-linux-gnu/libc.so.6)
	    5d3e62d82318 <&[u8] as quick_xml::reader::XmlSource<&mut alloc::vec::Vec<u8>>>::read_with::<quick_xml::parser::element::ElementParser>+0x218 (/tmp/litchi-goal-0458/litchi-perf-baseline)

litchi-perf-bas 4074627 353185.125904:   44758465 cycles:u: 
	    7bbd32ebdbdd cfree@GLIBC_2.2.5+0x2d (/usr/lib/x86_64-linux-gnu/libc.so.6)
	    5d3e62d12445 core::ptr::drop_glue::<litchi_odp::codec::parser::codec::xml::validation::ElementAttrs>+0xc5 (/tmp/litchi-goal-0458/litchi-perf-baseline)
	              33 [unknown] ([unknown])

litchi-perf-bas 4074627 353185.135959:   44694204 cycles:u: 
	    5d3e62d821f2 <&[u8] as quick_xml::reader::XmlSource<&mut alloc::vec::Vec<u8>>>::read_with::<quick_xml::parser::element::ElementParser>+0xf2 (/tmp/litchi-goal-0458/litchi-perf-baseline)
	          31915f [unknown] ([unknown])

litchi-perf-bas 4074627 353185.146056:   44863044 cycles:u: 
	    5d3e62d2f57e <litchi_odp::codec::parser::codec::Parser>::shape_builder+0xe2e (/tmp/litchi-goal-0458/litchi-perf-baseline)
	    5d3e62d96d83 <alloc::raw_vec::RawVecInner<_>>::reserve::do_reserve_and_handle::<alloc::alloc::Global>+0x63 (/tmp/litchi-goal-0458/litchi-perf-baseline)
	              df [unknown] ([unknown])

litchi-perf-bas 4074627 353185.156176:   44886671 cycles:u: 
	    5d3e62dfbb11 <litchi_odp::model::slide::Slide as core::clone::Clone>::clone+0x591 (/tmp/litchi-goal-0458/litchi-perf-baseline)
	fffffffffffffffd [unknown] ([unknown])

litchi-perf-bas 4074627 353185.166277:   44895327 cycles:u: 
	    5d3e640e3854 <quick_xml::name::NamespaceResolver>::resolve_prefix+0x74 (/tmp/litchi-goal-0458/litchi-perf-baseline)
	    5d3e62dd3a67 litchi_odp::model::declaration::element_is+0x77 (/tmp/litchi-goal-0458/litchi-perf-baseline)

litchi-perf-bas 4074627 353185.176380:   44921763 cycles:u: 
	    5d3e640e391e <quick_xml::name::NamespaceResolver>::resolve_prefix+0x13e (/tmp/litchi-goal-0458/litchi-perf-baseline)
	    5d3e62dd3a67 litchi_odp::model::declaration::element_is+0x77 (/tmp/litchi-goal-0458/litchi-perf-baseline)

litchi-perf-bas 4074627 353185.186489:   44916030 cycles:u: 
	    5d3e62d869c7 <litchi_odp::codec::content_source::scanner::Scanner>::run+0x587 (/tmp/litchi-goal-0458/litchi-perf-baseline)
	               3 [unknown] ([unknown])

litchi-perf-bas 4074627 353185.196627:   44909940 cycles:u: 
	    7bbd32ebaa39 _int_free_chunk+0x29 (/usr/lib/x86_64-linux-gnu/libc.so.6)
	    5d3e62d70db7 core::ptr::drop_glue::<litchi_odp::model::page_metadata::Page>+0x47 (/tmp/litchi-goal-0458/litchi-perf-baseline)
	    5d3e62df0bdb <litchi_odp::authoring::mutable::MutablePresentation>::insert_slide+0x61b (/tmp/litchi-goal-0458/litchi-perf-baseline)
	             fff [unknown] ([unknown])

litchi-perf-bas 4074627 353185.206762:   44853039 cycles:u: 
	    5d3e64014919 <quick_xml::reader::Reader<&[u8]>>::read_event_impl::<()>+0x519 (/tmp/litchi-goal-0458/litchi-perf-baseline)
	              2d [unknown] ([unknown])

litchi-perf-bas 4074627 353185.216859:   44807626 cycles:u: 
	    5d3e640bd0d3 crc32fast::specialized::pclmulqdq::calculate+0xc3 (/tmp/litchi-goal-0458/litchi-perf-baseline)
	    5d3e640d776f [unknown] (/tmp/litchi-goal-0458/litchi-perf-baseline)
	              54 [unknown] ([unknown])

litchi-perf-bas 4074627 353185.226964:   44839984 cycles:u: 
	    7bbd32fbc4c6 __memmove_avx512_unaligned_erms+0x206 (/usr/lib/x86_64-linux-gnu/libc.so.6)
	    5d3e62d33c65 <alloc::vec::Vec<litchi_odp::codec::parser::model::ShapeBuilder>>::push_mut+0x35 (/tmp/litchi-goal-0458/litchi-perf-baseline)
	               5 [unknown] ([unknown])
	8000000000000000 [unknown] ([unknown])

litchi-perf-bas 4074627 353185.237054:   44851438 cycles:u: 
	    5d3e62d56118 <litchi_odp::model::slide::DrawingAttribute>::new::<alloc::string::String, alloc::string::String>+0x18 (/tmp/litchi-goal-0458/litchi-perf-baseline)
	               1 [unknown] ([unknown])

litchi-perf-bas 4074627 353185.247168:   44891788 cycles:u: 
	    7bbd32fb2ca5 __memcmp_evex_movbe+0x25 (/usr/lib/x86_64-linux-gnu/libc.so.6)
	    5d3e640e0e4c <quick_xml::reader::state::ReaderState>::emit_end+0xdc (/tmp/litchi-goal-0458/litchi-perf-baseline)

litchi-perf-bas 4074627 353185.257304:   44921901 cycles:u: 
	    5d3e640e4eae <alloc::raw_vec::RawVecInner>::finish_grow+0xae (/tmp/litchi-goal-0458/litchi-perf-baseline)
	              19 [unknown] ([unknown])

litchi-perf-bas 4074627 353185.267414:   44835197 cycles:u: 
	    7bbd32ebaa19 _int_free_chunk+0x9 (/usr/lib/x86_64-linux-gnu/libc.so.6)
	    5d3e62d71582 core::ptr::drop_glue::<litchi_odp::model::slide::Slide>+0x42 (/tmp/litchi-goal-0458/litchi-perf-baseline)

litchi-perf-bas 4074627 353185.277524:   44848748 cycles:u: 
	    5d3e640e743c <quick_xml::encoding::Decoder>::decode_cow+0x5c (/tmp/litchi-goal-0458/litchi-perf-baseline)
	    5d3e640e64bc <quick_xml::events::BytesRef>::resolve_char_ref+0x1c (/tmp/litchi-goal-0458/litchi-perf-baseline)
	              4f [unknown] ([unknown])
	7fffffffffffffff [unknown] ([unknown])

litchi-perf-bas 4074627 353185.287609:   44828497 cycles:u: 
	    5d3e62d7e4b2 <quick_xml::reader::Reader<&[u8]>>::read_event_impl::<&mut alloc::vec::Vec<u8>>+0x6f2 (/tmp/litchi-goal-0458/litchi-perf-baseline)

litchi-perf-bas 4074627 353185.297704:   44897569 cycles:u: 
	    5d3e62d994d7 <quick_xml::reader::ns_reader::NsReader<&[u8]>>::process_event+0x57 (/tmp/litchi-goal-0458/litchi-perf-baseline)
	              ff [unknown] ([unknown])

litchi-perf-bas 4074627 353185.307961:   44931764 cycles:u: 
	    5d3e62dcd949 <litchi_odp::codec::parser::codec::xml::validation::ElementAttrs>::get+0x1a9 (/tmp/litchi-goal-0458/litchi-perf-baseline)
	    5d3e62d96d83 <alloc::raw_vec::RawVecInner<_>>::reserve::do_reserve_and_handle::<alloc::alloc::Global>+0x63 (/tmp/litchi-goal-0458/litchi-perf-baseline)
	               7 [unknown] ([unknown])

litchi-perf-bas 4074627 353185.318049:   44671420 cycles:u: 
	    7bbd32fb2ca5 __memcmp_evex_movbe+0x25 (/usr/lib/x86_64-linux-gnu/libc.so.6)
	    5d3e640e3873 <quick_xml::name::NamespaceResolver>::resolve_prefix+0x93 (/tmp/litchi-goal-0458/litchi-perf-baseline)
	    5d3e62e1a897 litchi_odp::model::page_metadata::element_is+0x77 (/tmp/litchi-goal-0458/litchi-perf-baseline)
	3a3a3a3a3a3a3a39 [unknown] ([unknown])

litchi-perf-bas 4074627 353185.328102:   44685531 cycles:u: 
	    5d3e62e1a82e litchi_odp::model::page_metadata::element_is+0xe (/tmp/litchi-goal-0458/litchi-perf-baseline)
	3a3a3a3a3a3a3a39 [unknown] ([unknown])

litchi-perf-bas 4074627 353185.338210:   44860743 cycles:u: 
	    5d3e62d8658a <litchi_odp::codec::content_source::scanner::Scanner>::run+0x14a (/tmp/litchi-goal-0458/litchi-perf-baseline)

litchi-perf-bas 4074627 353185.348312:   44909234 cycles:u: 
	    5d3e640e2273 <quick_xml::events::attributes::IterState>::next+0x3e3 (/tmp/litchi-goal-0458/litchi-perf-baseline)

litchi-perf-bas 4074627 353185.358463:   44919025 cycles:u: 
	    5d3e6411a05d memchr::arch::x86_64::memchr::memchr3_raw::find_avx2+0x4d (/tmp/litchi-goal-0458/litchi-perf-baseline)
	2727272727272726 [unknown] ([unknown])
	    5d3e64014a8b <quick_xml::reader::Reader<&[u8]>>::read_event_impl::<()>+0x68b (/tmp/litchi-goal-0458/litchi-perf-baseline)
	               8 [unknown] ([unknown])

litchi-perf-bas 4074627 353185.368554:   44802897 cycles:u: 
	    5d3e640dada8 zlib_rs::deflate::longest_match::longest_match+0x1a8 (/tmp/litchi-goal-0458/litchi-perf-baseline)
	            3fff [unknown] ([unknown])

litchi-perf-bas 4074627 353185.378661:   44837145 cycles:u: 
	    5d3e62ddd3fc <quick_xml::events::attributes::Attributes as core::iter::traits::iterator::Iterator>::next+0xcc (/tmp/litchi-goal-0458/litchi-perf-baseline)
	              37 [unknown] ([unknown])

litchi-perf-bas 4074627 353185.388750:   44837273 cycles:u: 
	    7bbd32eb9583 unlink_chunk.isra.0+0x13 (/usr/lib/x86_64-linux-gnu/libc.so.6)
	    7bbd32ebb7f7 _int_malloc+0xce7 (/usr/lib/x86_64-linux-gnu/libc.so.6)
	    7bbd32ebc52e __libc_malloc2+0x11e (/usr/lib/x86_64-linux-gnu/libc.so.6)
	    5d3e62d9933c <alloc::raw_vec::RawVecInner>::finish_grow+0x7c (/tmp/litchi-goal-0458/litchi-perf-baseline)
	fffffffffffffffe [unknown] ([unknown])

litchi-perf-bas 4074627 353185.398844:   44882486 cycles:u: 
	    5d3e62dcd8d5 <litchi_odp::codec::parser::codec::xml::validation::ElementAttrs>::get+0x135 (/tmp/litchi-goal-0458/litchi-perf-baseline)

litchi-perf-bas 4074627 353185.408947:   44935045 cycles:u: 
	    7bbd32fb2ca5 __memcmp_evex_movbe+0x25 (/usr/lib/x86_64-linux-gnu/libc.so.6)
	    5d3e640e0e4c <quick_xml::reader::state::ReaderState>::emit_end+0xdc (/tmp/litchi-goal-0458/litchi-perf-baseline)

litchi-perf-bas 4074627 353185.419066:   44926470 cycles:u: 
	    5d3e63b96186 litchi_odf_common::package::edit::xml_splice_publication+0x1d6 (/tmp/litchi-goal-0458/litchi-perf-baseline)

litchi-perf-bas 4074627 353185.429215:   44890532 cycles:u: 
	    7bbd32fbc2d3 __memmove_avx512_unaligned_erms+0x13 (/usr/lib/x86_64-linux-gnu/libc.so.6)
	    5d3e62d33b95 <alloc::vec::Vec<litchi_odp::model::slide::Slide>>::push_mut+0x35 (/tmp/litchi-goal-0458/litchi-perf-baseline)
	               5 [unknown] ([unknown])
	8000000000000000 [unknown] ([unknown])

litchi-perf-bas 4074627 353185.439321:   44803743 cycles:u: 
	    5d3e640e3854 <quick_xml::name::NamespaceResolver>::resolve_prefix+0x74 (/tmp/litchi-goal-0458/litchi-perf-baseline)
	    5d3e640e36ca <quick_xml::name::NamespaceResolver>::resolve_event+0x12a (/tmp/litchi-goal-0458/litchi-perf-baseline)

litchi-perf-bas 4074627 353185.449449:   44820345 cycles:u: 
	    7bbd32fb2ca5 __memcmp_evex_movbe+0x25 (/usr/lib/x86_64-linux-gnu/libc.so.6)
	    5d3e640e0e4c <quick_xml::reader::state::ReaderState>::emit_end+0xdc (/tmp/litchi-goal-0458/litchi-perf-baseline)

litchi-perf-bas 4074627 353185.459526:   44761553 cycles:u: 
	    7bbd32fb2ca5 __memcmp_evex_movbe+0x25 (/usr/lib/x86_64-linux-gnu/libc.so.6)
	    5d3e640e0e4c <quick_xml::reader::state::ReaderState>::emit_end+0xdc (/tmp/litchi-goal-0458/litchi-perf-baseline)

litchi-perf-bas 4074627 353185.469633:   44843964 cycles:u: 
	    5d3e62d994ab <quick_xml::reader::ns_reader::NsReader<&[u8]>>::process_event+0x2b (/tmp/litchi-goal-0458/litchi-perf-baseline)
	               2 [unknown] ([unknown])

litchi-perf-bas 4074627 353185.479731:   44834723 cycles:u: 
	    7bbd32fbc35b __memmove_avx512_unaligned_erms+0x9b (/usr/lib/x86_64-linux-gnu/libc.so.6)
	    5d3e62d7e4e3 <quick_xml::reader::Reader<&[u8]>>::read_event_impl::<&mut alloc::vec::Vec<u8>>+0x723 (/tmp/litchi-goal-0458/litchi-perf-baseline)
	              1a [unknown] ([unknown])

litchi-perf-bas 4074627 353185.489817:   44855280 cycles:u: 
	    5d3e640e2273 <quick_xml::events::attributes::IterState>::next+0x3e3 (/tmp/litchi-goal-0458/litchi-perf-baseline)

litchi-perf-bas 4074627 353185.499922:   44918542 cycles:u: 
	    5d3e64119400 <memchr::arch::x86_64::avx2::memchr::One>::find_raw+0x70 (/tmp/litchi-goal-0458/litchi-perf-baseline)

litchi-perf-bas 4074627 353185.510115:   44922535 cycles:u: 
	ffffffff8c800ef0 [unknown] ([unknown])
	    5d3e6401271a xml_minifier::audit::verify_with_policy+0x25a (/tmp/litchi-goal-0458/litchi-perf-baseline)
	               4 [unknown] ([unknown])

litchi-perf-bas 4074627 353185.520162:   44539212 cycles:u: 
	    5d3e640d90ba zlib_rs::deflate::algorithm::medium::deflate_medium+0xc6a (/tmp/litchi-goal-0458/litchi-perf-baseline)

litchi-perf-bas 4074627 353185.530259:   44789027 cycles:u: 
	    5d3e640e1969 <quick_xml::events::attributes::Attribute>::decoded_and_normalized_value_with::<quick_xml::escape::resolve_predefined_entity>+0x139 (/tmp/litchi-goal-0458/litchi-perf-baseline)
	3a3a3a3a3a3a3a39 [unknown] ([unknown])

litchi-perf-bas 4074627 353185.540353:   44820975 cycles:u: 
	    5d3e640e0a55 <quick_xml::reader::state::ReaderState>::emit_start+0x35 (/tmp/litchi-goal-0458/litchi-perf-baseline)
	    5d3e640e36ca <quick_xml::name::NamespaceResolver>::resolve_event+0x12a (/tmp/litchi-goal-0458/litchi-perf-baseline)

litchi-perf-bas 4074627 353185.550441:   44850919 cycles:u: 
	    5d3e62d2f66f <litchi_odp::codec::parser::codec::Parser>::shape_builder+0xf1f (/tmp/litchi-goal-0458/litchi-perf-baseline)
	    5d3e62d96d83 <alloc::raw_vec::RawVecInner<_>>::reserve::do_reserve_and_handle::<alloc::alloc::Global>+0x63 (/tmp/litchi-goal-0458/litchi-perf-baseline)
	    7bbd32ebe0ce realloc+0x1ae (/usr/lib/x86_64-linux-gnu/libc.so.6)
	    5d3e62d9931e <alloc::raw_vec::RawVecInner>::finish_grow+0x5e (/tmp/litchi-goal-0458/litchi-perf-baseline)
	fffffffffffffffe [unknown] ([unknown])

litchi-perf-bas 4074627 353185.560539:   44914590 cycles:u: 
	    5d3e62d12651 <litchi_odp::codec::parser::codec::Parser>::parse_pages_with_styles::<false>::{closure#0}+0x11 (/tmp/litchi-goal-0458/litchi-perf-baseline)

litchi-perf-bas 4074627 353185.570660:   44931321 cycles:u: 
	    5d3e640e0d70 <quick_xml::reader::state::ReaderState>::emit_end+0x0 (/tmp/litchi-goal-0458/litchi-perf-baseline)
	fffffffffffffffe [unknown] ([unknown])

litchi-perf-bas 4074627 353185.580826:   44886992 cycles:u: 
	    5d3e640e3854 <quick_xml::name::NamespaceResolver>::resolve_prefix+0x74 (/tmp/litchi-goal-0458/litchi-perf-baseline)
	    5d3e62dcc847 <litchi_odp::codec::parser::codec::xml::validation::ElementAttrs>::resolve_at_scan+0x57 (/tmp/litchi-goal-0458/litchi-perf-baseline)

litchi-perf-bas 4074627 353185.590900:   44738015 cycles:u: 
	    5d3e640e1f35 <quick_xml::events::attributes::IterState>::next+0xa5 (/tmp/litchi-goal-0458/litchi-perf-baseline)
	               7 [unknown] ([unknown])
	              7d [unknown] ([unknown])

litchi-perf-bas 4074627 353185.600991:   44847655 cycles:u: 
	    5d3e62d13323 <litchi_odp::codec::parser::codec::Parser>::parse_pages_with_styles::<false>::{closure#0}+0xce3 (/tmp/litchi-goal-0458/litchi-perf-baseline)

litchi-perf-bas 4074627 353185.611089:   44884316 cycles:u: 
	    5d3e61f84140 __rustc::__rust_no_alloc_shim_is_unstable_v2+0x0 (/tmp/litchi-goal-0458/litchi-perf-baseline)
	               2 [unknown] ([unknown])

litchi-perf-bas 4074627 353185.621379:   44918535 cycles:u: 
	    5d3e640e1fd1 <quick_xml::events::attributes::IterState>::next+0x141 (/tmp/litchi-goal-0458/litchi-perf-baseline)

litchi-perf-bas 4074627 353185.631412:   44583217 cycles:u: 
	    7bbd32fb2cab __memcmp_evex_movbe+0x2b (/usr/lib/x86_64-linux-gnu/libc.so.6)
	    5d3e640e3873 <quick_xml::name::NamespaceResolver>::resolve_prefix+0x93 (/tmp/litchi-goal-0458/litchi-perf-baseline)
	    5d3e62dd3a67 litchi_odp::model::declaration::element_is+0x77 (/tmp/litchi-goal-0458/litchi-perf-baseline)

litchi-perf-bas 4074627 353185.641528:   44829756 cycles:u: 
	    7bbd32fb2ca5 __memcmp_evex_movbe+0x25 (/usr/lib/x86_64-linux-gnu/libc.so.6)
	    5d3e640e3873 <quick_xml::name::NamespaceResolver>::resolve_prefix+0x93 (/tmp/litchi-goal-0458/litchi-perf-baseline)
	    5d3e62dd3a67 litchi_odp::model::declaration::element_is+0x77 (/tmp/litchi-goal-0458/litchi-perf-baseline)

litchi-perf-bas 4074627 353185.651608:   44804263 cycles:u: 
	    7bbd32fb2c84 __memcmp_evex_movbe+0x4 (/usr/lib/x86_64-linux-gnu/libc.so.6)
	    5d3e640e3873 <quick_xml::name::NamespaceResolver>::resolve_prefix+0x93 (/tmp/litchi-goal-0458/litchi-perf-baseline)
	    5d3e640e3704 <quick_xml::name::NamespaceResolver>::resolve_event+0x164 (/tmp/litchi-goal-0458/litchi-perf-baseline)
	8000000000000000 [unknown] ([unknown])

litchi-perf-bas 4074627 353185.661738:   44887351 cycles:u: 
	    5d3e640e1e90 <quick_xml::events::attributes::IterState>::next+0x0 (/tmp/litchi-goal-0458/litchi-perf-baseline)
	2222222222222221 [unknown] ([unknown])

litchi-perf-bas 4074627 353185.671841:   44827899 cycles:u: 
	    5d3e640d9081 zlib_rs::deflate::algorithm::medium::deflate_medium+0xc31 (/tmp/litchi-goal-0458/litchi-perf-baseline)

litchi-perf-bas 4074627 353185.681945:   44830331 cycles:u: 
	    5d3e62d12825 <litchi_odp::codec::parser::codec::Parser>::parse_pages_with_styles::<false>::{closure#0}+0x1e5 (/tmp/litchi-goal-0458/litchi-perf-baseline)

litchi-perf-bas 4074627 353185.692049:   44829627 cycles:u: 
	    5d3e62d99530 <quick_xml::reader::ns_reader::NsReader<&[u8]>>::process_event+0xb0 (/tmp/litchi-goal-0458/litchi-perf-baseline)
	              ff [unknown] ([unknown])

litchi-perf-bas 4074627 353185.702160:   44836325 cycles:u: 
	    7bbd32fb2ca5 __memcmp_evex_movbe+0x25 (/usr/lib/x86_64-linux-gnu/libc.so.6)
	    5d3e640e3873 <quick_xml::name::NamespaceResolver>::resolve_prefix+0x93 (/tmp/litchi-goal-0458/litchi-perf-baseline)
	    5d3e62dcc847 <litchi_odp::codec::parser::codec::xml::validation::ElementAttrs>::resolve_at_scan+0x57 (/tmp/litchi-goal-0458/litchi-perf-baseline)

litchi-perf-bas 4074627 353185.712260:   44870103 cycles:u: 
	    5d3e62dcd700 <litchi_odp::codec::parser::codec::xml::validation::ElementAttrs>::harvest_drawing_attribute+0x670 (/tmp/litchi-goal-0458/litchi-perf-baseline)

litchi-perf-bas 4074627 353185.722375:   44877237 cycles:u: 
	    5d3e640cd32c zlib_rs::inflate::inflate_fast_help_avx2+0x62c (/tmp/litchi-goal-0458/litchi-perf-baseline)
	    5d3e640da5b6 <zlib_rs::inflate::window::Window>::extend+0x196 (/tmp/litchi-goal-0458/litchi-perf-baseline)
	              11 [unknown] ([unknown])

litchi-perf-bas 4074627 353185.732485:   44862054 cycles:u: 
	    7bbd32fb2c84 __memcmp_evex_movbe+0x4 (/usr/lib/x86_64-linux-gnu/libc.so.6)
	    5d3e640e3873 <quick_xml::name::NamespaceResolver>::resolve_prefix+0x93 (/tmp/litchi-goal-0458/litchi-perf-baseline)
	    5d3e62dcc847 <litchi_odp::codec::parser::codec::xml::validation::ElementAttrs>::resolve_at_scan+0x57 (/tmp/litchi-goal-0458/litchi-perf-baseline)

litchi-perf-bas 4074627 353185.742586:   44831115 cycles:u: 
	    5d3e62d2f35e <litchi_odp::codec::parser::codec::Parser>::shape_builder+0xc0e (/tmp/litchi-goal-0458/litchi-perf-baseline)
	    5d3e62d96d83 <alloc::raw_vec::RawVecInner<_>>::reserve::do_reserve_and_handle::<alloc::alloc::Global>+0x63 (/tmp/litchi-goal-0458/litchi-perf-baseline)
	               e [unknown] ([unknown])

litchi-perf-bas 4074627 353185.752674:   44859734 cycles:u: 
	    7bbd32ebd6a8 malloc+0x48 (/usr/lib/x86_64-linux-gnu/libc.so.6)
	    5d3e62d1faea <litchi_odp::codec::parser::codec::Parser>::decode_text+0xea (/tmp/litchi-goal-0458/litchi-perf-baseline)
	fffffffffffffffe [unknown] ([unknown])
	7fffffffffffffff [unknown] ([unknown])

litchi-perf-bas 4074627 353185.762773:   44904932 cycles:u: 
	    7bbd32ebc52f __libc_malloc2+0x11f (/usr/lib/x86_64-linux-gnu/libc.so.6)
	    5d3e62dcd4e9 <litchi_odp::codec::parser::codec::xml::validation::ElementAttrs>::harvest_drawing_attribute+0x459 (/tmp/litchi-goal-0458/litchi-perf-baseline)
	               7 [unknown] ([unknown])

litchi-perf-bas 4074627 353185.772927:   44939598 cycles:u: 
	    5d3e62d99530 <quick_xml::reader::ns_reader::NsReader<&[u8]>>::process_event+0xb0 (/tmp/litchi-goal-0458/litchi-perf-baseline)
	cc9ef2c60b636398 [unknown] ([unknown])

litchi-perf-bas 4074627 353185.783017:   44837758 cycles:u: 
	    7bbd32fb2ca5 __memcmp_evex_movbe+0x25 (/usr/lib/x86_64-linux-gnu/libc.so.6)
	    5d3e640e0e4c <quick_xml::reader::state::ReaderState>::emit_end+0xdc (/tmp/litchi-goal-0458/litchi-perf-baseline)

litchi-perf-bas 4074627 353185.793111:   44891335 cycles:u: 
	ffffffff8c800ef0 [unknown] ([unknown])
	    7bbd32fb2ca5 __memcmp_evex_movbe+0x25 (/usr/lib/x86_64-linux-gnu/libc.so.6)
	    5d3e640e3873 <quick_xml::name::NamespaceResolver>::resolve_prefix+0x93 (/tmp/litchi-goal-0458/litchi-perf-baseline)
	    5d3e62dd3a67 litchi_odp::model::declaration::element_is+0x77 (/tmp/litchi-goal-0458/litchi-perf-baseline)

litchi-perf-bas 4074627 353185.803239:   44924775 cycles:u: 
	    5d3e640e1f35 <quick_xml::events::attributes::IterState>::next+0xa5 (/tmp/litchi-goal-0458/litchi-perf-baseline)

litchi-perf-bas 4074627 353185.813358:   44898615 cycles:u: 
	    5d3e62dffedf <core::iter::adapters::map::Map<core::ops::range::Range<usize>, litchi_odp::model::page_metadata::effective_page_names::{closure#0}> as core::iter::traits::iterator::Iterator>::try_fold::<(), <core::iter::adapters::GenericShunt<core::iter::adapters::map::Map<core::ops::range::Range<usize>, litchi_odp::model::page_metadata::effective_page_names::{closure#0}>, core::result::Result<core::convert::Infallible, litchi_core::error::types::Error>> as core::iter::traits::iterator::Iterator>::try_fold<(), core::iter::traits::iterator::Iterator::try_for_each::call<alloc::string::String, core::ops::control_flow::ControlFlow<alloc::string::String>, core::ops::control_flow::ControlFlow<alloc::string::String>::Break>::{closure#0}, core::ops::control_flow::ControlFlow<alloc::string::String>>::{closure#0}, core::ops::control_flow::ControlFlow<core::ops::control_flow::ControlFlow<alloc::string::String>>>+0xff (/tmp/litchi-goal-0458/litchi-perf-baseline)

litchi-perf-bas 4074627 353185.823493:   44856557 cycles:u: 
	    5d3e6401267f xml_minifier::audit::verify_with_policy+0x1bf (/tmp/litchi-goal-0458/litchi-perf-baseline)
	               a [unknown] ([unknown])

litchi-perf-bas 4074627 353185.833592:   44799314 cycles:u: 
	    5d3e640e1fd5 <quick_xml::events::attributes::IterState>::next+0x145 (/tmp/litchi-goal-0458/litchi-perf-baseline)
	6c6c6c6c6c6c6c6b [unknown] ([unknown])

litchi-perf-bas 4074627 353185.843709:   44840110 cycles:u: 
	    7bbd32fbc4d4 __memmove_avx512_unaligned_erms+0x214 (/usr/lib/x86_64-linux-gnu/libc.so.6)
	    7bbd32ebcacf _int_realloc+0x1df (/usr/lib/x86_64-linux-gnu/libc.so.6)
	    7bbd32ebe0ce realloc+0x1ae (/usr/lib/x86_64-linux-gnu/libc.so.6)
	    5d3e62d9931e <alloc::raw_vec::RawVecInner>::finish_grow+0x5e (/tmp/litchi-goal-0458/litchi-perf-baseline)

litchi-perf-bas 4074627 353185.853800:   44823029 cycles:u: 
	    5d3e640e743c <quick_xml::encoding::Decoder>::decode_cow+0x5c (/tmp/litchi-goal-0458/litchi-perf-baseline)
	    5d3e640e64bc <quick_xml::events::BytesRef>::resolve_char_ref+0x1c (/tmp/litchi-goal-0458/litchi-perf-baseline)
	               8 [unknown] ([unknown])
	7fffffffffffffff [unknown] ([unknown])

litchi-perf-bas 4074627 353185.863899:   44868034 cycles:u: 
	    5d3e64119822 <memchr::arch::x86_64::avx2::memchr::Three>::find_raw_avx2+0x32 (/tmp/litchi-goal-0458/litchi-perf-baseline)
	2222222222222221 [unknown] ([unknown])

litchi-perf-bas 4074627 353185.873998:   44891603 cycles:u: 
	    7bbd32fb2ccd __memcmp_evex_movbe+0x4d (/usr/lib/x86_64-linux-gnu/libc.so.6)
	    5d3e62d68d11 <litchi_odp::model::slide::Slide as core::slice::cmp::SlicePartialEq<litchi_odp::model::slide::Slide>>::equal_same_length+0xa1 (/tmp/litchi-goal-0458/litchi-perf-baseline)
	5979c50d35c86cff [unknown] ([unknown])

litchi-perf-bas 4074627 353185.884147:   44919382 cycles:u: 
	    5d3e640bd080 crc32fast::specialized::pclmulqdq::calculate+0x70 (/tmp/litchi-goal-0458/litchi-perf-baseline)
	cadef38600000000 [unknown] ([unknown])

litchi-perf-bas 4074627 353185.894256:   44841762 cycles:u: 
	    5d3e62d7ddff <quick_xml::reader::Reader<&[u8]>>::read_event_impl::<&mut alloc::vec::Vec<u8>>+0x3f (/tmp/litchi-goal-0458/litchi-perf-baseline)

litchi-perf-bas 4074627 353185.904348:   44824309 cycles:u: 
	    5d3e62dcd949 <litchi_odp::codec::parser::codec::xml::validation::ElementAttrs>::get+0x1a9 (/tmp/litchi-goal-0458/litchi-perf-baseline)
	    5d3e62d96d83 <alloc::raw_vec::RawVecInner<_>>::reserve::do_reserve_and_handle::<alloc::alloc::Global>+0x63 (/tmp/litchi-goal-0458/litchi-perf-baseline)
	               7 [unknown] ([unknown])

litchi-perf-bas 4074627 353185.914438:   44858324 cycles:u: 
	    7bbd32fb2ca5 __memcmp_evex_movbe+0x25 (/usr/lib/x86_64-linux-gnu/libc.so.6)
	    5d3e640e0e4c <quick_xml::reader::state::ReaderState>::emit_end+0xdc (/tmp/litchi-goal-0458/litchi-perf-baseline)

litchi-perf-bas 4074627 353185.924536:   44923224 cycles:u: 
	    5d3e62dcda56 <litchi_odp::codec::parser::codec::xml::validation::ElementAttrs>::get+0x2b6 (/tmp/litchi-goal-0458/litchi-perf-baseline)
	fffffffffffffffe [unknown] ([unknown])

litchi-perf-bas 4074627 353185.934802:   44941133 cycles:u: 
	    5d3e640e0dad <quick_xml::reader::state::ReaderState>::emit_end+0x3d (/tmp/litchi-goal-0458/litchi-perf-baseline)

litchi-perf-bas 4074627 353185.944842:   44629868 cycles:u: 
	    7bbd32fb2ca5 __memcmp_evex_movbe+0x25 (/usr/lib/x86_64-linux-gnu/libc.so.6)
	    5d3e640e3873 <quick_xml::name::NamespaceResolver>::resolve_prefix+0x93 (/tmp/litchi-goal-0458/litchi-perf-baseline)
	    5d3e62dd3a67 litchi_odp::model::declaration::element_is+0x77 (/tmp/litchi-goal-0458/litchi-perf-baseline)

litchi-perf-bas 4074627 353185.954929:   44849575 cycles:u: 
	    5d3e640e36db <quick_xml::name::NamespaceResolver>::resolve_event+0x13b (/tmp/litchi-goal-0458/litchi-perf-baseline)

litchi-perf-bas 4074627 353185.965064:   44913113 cycles:u: 
	    5d3e62dffedb <core::iter::adapters::map::Map<core::ops::range::Range<usize>, litchi_odp::model::page_metadata::effective_page_names::{closure#0}> as core::iter::traits::iterator::Iterator>::try_fold::<(), <core::iter::adapters::GenericShunt<core::iter::adapters::map::Map<core::ops::range::Range<usize>, litchi_odp::model::page_metadata::effective_page_names::{closure#0}>, core::result::Result<core::convert::Infallible, litchi_core::error::types::Error>> as core::iter::traits::iterator::Iterator>::try_fold<(), core::iter::traits::iterator::Iterator::try_for_each::call<alloc::string::String, core::ops::control_flow::ControlFlow<alloc::string::String>, core::ops::control_flow::ControlFlow<alloc::string::String>::Break>::{closure#0}, core::ops::control_flow::ControlFlow<alloc::string::String>>::{closure#0}, core::ops::control_flow::ControlFlow<core::ops::control_flow::ControlFlow<alloc::string::String>>>+0xfb (/tmp/litchi-goal-0458/litchi-perf-baseline)

litchi-perf-bas 4074627 353185.975216:   44860799 cycles:u: 
	    5d3e64014919 <quick_xml::reader::Reader<&[u8]>>::read_event_impl::<()>+0x519 (/tmp/litchi-goal-0458/litchi-perf-baseline)
	              2d [unknown] ([unknown])

litchi-perf-bas 4074627 353185.985304:   44793613 cycles:u: 
	    5d3e640d11d0 <zlib_rs::deflate::BitWriter>::send_bits_overflow+0x90 (/tmp/litchi-goal-0458/litchi-perf-baseline)

litchi-perf-bas 4074627 353185.995417:   44851585 cycles:u: 
	    5d3e62d821f2 <&[u8] as quick_xml::reader::XmlSource<&mut alloc::vec::Vec<u8>>>::read_with::<quick_xml::parser::element::ElementParser>+0xf2 (/tmp/litchi-goal-0458/litchi-perf-baseline)
	          116a53 [unknown] ([unknown])

litchi-perf-bas 4074627 353186.005540:   44839439 cycles:u: 
	    5d3e640e36db <quick_xml::name::NamespaceResolver>::resolve_event+0x13b (/tmp/litchi-goal-0458/litchi-perf-baseline)

litchi-perf-bas 4074627 353186.015605:   44715252 cycles:u: 
	    5d3e62d15bb7 <litchi_odp::codec::parser::codec::Parser>::parse_pages_with_styles::<false>::{closure#0}+0x3577 (/tmp/litchi-goal-0458/litchi-perf-baseline)
	    5d3e62d273af <litchi_odp::codec::parser::codec::Parser>::parse_slides_with_styles+0xa4f (/tmp/litchi-goal-0458/litchi-perf-baseline)

litchi-perf-bas 4074627 353186.025690:   44849847 cycles:u: 
	    5d3e640e2267 <quick_xml::events::attributes::IterState>::next+0x3d7 (/tmp/litchi-goal-0458/litchi-perf-baseline)

litchi-perf-bas 4074627 353186.035808:   44918602 cycles:u: 
	    5d3e63b96186 litchi_odf_common::package::edit::xml_splice_publication+0x1d6 (/tmp/litchi-goal-0458/litchi-perf-baseline)

litchi-perf-bas 4074627 353186.045922:   44878349 cycles:u: 
	    7bbd32fbc38b __memmove_avx512_unaligned_erms+0xcb (/usr/lib/x86_64-linux-gnu/libc.so.6)
	    5d3e62d82318 <&[u8] as quick_xml::reader::XmlSource<&mut alloc::vec::Vec<u8>>>::read_with::<quick_xml::parser::element::ElementParser>+0x218 (/tmp/litchi-goal-0458/litchi-perf-baseline)

litchi-perf-bas 4074627 353186.056019:   44854514 cycles:u: 
	    7bbd32fb2ca5 __memcmp_evex_movbe+0x25 (/usr/lib/x86_64-linux-gnu/libc.so.6)
	    5d3e640e3873 <quick_xml::name::NamespaceResolver>::resolve_prefix+0x93 (/tmp/litchi-goal-0458/litchi-perf-baseline)
	    5d3e62dcc847 <litchi_odp::codec::parser::codec::xml::validation::ElementAttrs>::resolve_at_scan+0x57 (/tmp/litchi-goal-0458/litchi-perf-baseline)

litchi-perf-bas 4074627 353186.066126:   44884632 cycles:u: 
	    5d3e640e1b0d <quick_xml::events::attributes::IterState>::check_for_duplicates+0xbd (/tmp/litchi-goal-0458/litchi-perf-baseline)

litchi-perf-bas 4074627 353186.076232:   44941721 cycles:u: 
	    5d3e62d1290e <litchi_odp::codec::parser::codec::Parser>::parse_pages_with_styles::<false>::{closure#0}+0x2ce (/tmp/litchi-goal-0458/litchi-perf-baseline)

litchi-perf-bas 4074627 353186.086394:   44936595 cycles:u: 
	    5d3e640e1ea5 <quick_xml::events::attributes::IterState>::next+0x15 (/tmp/litchi-goal-0458/litchi-perf-baseline)

litchi-perf-bas 4074627 353186.096450:   44715915 cycles:u: 
	    5d3e640e0a55 <quick_xml::reader::state::ReaderState>::emit_start+0x35 (/tmp/litchi-goal-0458/litchi-perf-baseline)
	               8 [unknown] ([unknown])

litchi-perf-bas 4074627 353186.106547:   44868315 cycles:u: 
	    5d3e640e1fd1 <quick_xml::events::attributes::IterState>::next+0x141 (/tmp/litchi-goal-0458/litchi-perf-baseline)

litchi-perf-bas 4074627 353186.116651:   44912390 cycles:u: 
	    5d3e640e227c <quick_xml::events::attributes::IterState>::next+0x3ec (/tmp/litchi-goal-0458/litchi-perf-baseline)

litchi-perf-bas 4074627 353186.126804:   44919416 cycles:u: 
	    5d3e64013bd4 xml_minifier::audit::check_attribute_layout+0x84 (/tmp/litchi-goal-0458/litchi-perf-baseline)

litchi-perf-bas 4074627 353186.136887:   44753105 cycles:u: 
	    5d3e640dada8 zlib_rs::deflate::longest_match::longest_match+0x1a8 (/tmp/litchi-goal-0458/litchi-perf-baseline)
	            3fff [unknown] ([unknown])

litchi-perf-bas 4074627 353186.146989:   44814887 cycles:u: 
	    5d3e62d98b9c <alloc::raw_vec::RawVec<(litchi_odp::content::DrawingDependencyKind, alloc::string::String, alloc::string::String)>>::grow_one+0x4c (/tmp/litchi-goal-0458/litchi-perf-baseline)
	fffffffffffffeff [unknown] ([unknown])

litchi-perf-bas 4074627 353186.157132:   44839098 cycles:u: 
	    5d3e62d992c6 <alloc::raw_vec::RawVecInner>::finish_grow+0x6 (/tmp/litchi-goal-0458/litchi-perf-baseline)
	    5d3e640e3704 <quick_xml::name::NamespaceResolver>::resolve_event+0x164 (/tmp/litchi-goal-0458/litchi-perf-baseline)
	8000000000000000 [unknown] ([unknown])

litchi-perf-bas 4074627 353186.167215:   44821491 cycles:u: 
	    5d3e62dcd8b7 <litchi_odp::codec::parser::codec::xml::validation::ElementAttrs>::get+0x117 (/tmp/litchi-goal-0458/litchi-perf-baseline)

litchi-perf-bas 4074627 353186.177319:   44901348 cycles:u: 
	    5d3e62dcdd04 <litchi_odp::codec::parser::codec::xml::validation::ElementAttrs>::lookup+0x14 (/tmp/litchi-goal-0458/litchi-perf-baseline)
	               3 [unknown] ([unknown])

litchi-perf-bas 4074627 353186.187433:   44888232 cycles:u: 
	    5d3e63c9f35b <quick_xml::reader::Reader<&[u8]>>::read_event_impl::<()>+0x6bb (/tmp/litchi-goal-0458/litchi-perf-baseline)
	               5 [unknown] ([unknown])

litchi-perf-bas 4074627 353186.197544:   44858235 cycles:u: 
	    5d3e62dcd949 <litchi_odp::codec::parser::codec::xml::validation::ElementAttrs>::get+0x1a9 (/tmp/litchi-goal-0458/litchi-perf-baseline)
	    5d3e62d96d83 <alloc::raw_vec::RawVecInner<_>>::reserve::do_reserve_and_handle::<alloc::alloc::Global>+0x63 (/tmp/litchi-goal-0458/litchi-perf-baseline)
	               7 [unknown] ([unknown])

litchi-perf-bas 4074627 353186.207646:   44849914 cycles:u: 
	    7bbd32fbc4c6 __memmove_avx512_unaligned_erms+0x206 (/usr/lib/x86_64-linux-gnu/libc.so.6)
	    5d3e62d33c65 <alloc::vec::Vec<litchi_odp::codec::parser::model::ShapeBuilder>>::push_mut+0x35 (/tmp/litchi-goal-0458/litchi-perf-baseline)
	               5 [unknown] ([unknown])
	8000000000000000 [unknown] ([unknown])

litchi-perf-bas 4074627 353186.217772:   44861120 cycles:u: 
	    5d3e62d9936c <alloc::raw_vec::RawVecInner>::finish_grow+0xac (/tmp/litchi-goal-0458/litchi-perf-baseline)

litchi-perf-bas 4074627 353186.227847:   44808465 cycles:u: 
	    5d3e640e3773 <quick_xml::name::NamespaceResolver>::resolve_event+0x1d3 (/tmp/litchi-goal-0458/litchi-perf-baseline)

litchi-perf-bas 4074627 353186.237963:   44909531 cycles:u: 
	    5d3e62dd3bf9 litchi_odp::model::declaration::parse_binding+0xf9 (/tmp/litchi-goal-0458/litchi-perf-baseline)
	               1 [unknown] ([unknown])

litchi-perf-bas 4074627 353186.248215:   44873005 cycles:u: 
	    5d3e62d994ab <quick_xml::reader::ns_reader::NsReader<&[u8]>>::process_event+0x2b (/tmp/litchi-goal-0458/litchi-perf-baseline)
	               2 [unknown] ([unknown])

litchi-perf-bas 4074627 353186.258633:   46341507 cycles:u: 
	    7bbd32fb2cb7 __memcmp_evex_movbe+0x37 (/usr/lib/x86_64-linux-gnu/libc.so.6)
	    5d3e640e3873 <quick_xml::name::NamespaceResolver>::resolve_prefix+0x93 (/tmp/litchi-goal-0458/litchi-perf-baseline)
	    5d3e62dd3a67 litchi_odp::model::declaration::element_is+0x77 (/tmp/litchi-goal-0458/litchi-perf-baseline)

litchi-perf-bas 4074627 353186.268832:   45314709 cycles:u: 
	    7bbd32fb2ca5 __memcmp_evex_movbe+0x25 (/usr/lib/x86_64-linux-gnu/libc.so.6)
	    5d3e640e3873 <quick_xml::name::NamespaceResolver>::resolve_prefix+0x93 (/tmp/litchi-goal-0458/litchi-perf-baseline)
	    5d3e640e36ca <quick_xml::name::NamespaceResolver>::resolve_event+0x12a (/tmp/litchi-goal-0458/litchi-perf-baseline)

litchi-perf-bas 4074627 353186.278989:   45010340 cycles:u: 
	    5d3e6401267f xml_minifier::audit::verify_with_policy+0x1bf (/tmp/litchi-goal-0458/litchi-perf-baseline)
	               a [unknown] ([unknown])

litchi-perf-bas 4074627 353186.289093:   44873561 cycles:u: 
	    5d3e640dada8 zlib_rs::deflate::longest_match::longest_match+0x1a8 (/tmp/litchi-goal-0458/litchi-perf-baseline)
	            3fff [unknown] ([unknown])

litchi-perf-bas 4074627 353186.299216:   44855725 cycles:u: 
	    7bbd32ebb833 _int_malloc+0xd23 (/usr/lib/x86_64-linux-gnu/libc.so.6)
	    7bbd32ebc52e __libc_malloc2+0x11e (/usr/lib/x86_64-linux-gnu/libc.so.6)
	    5d3e62d1faea <litchi_odp::codec::parser::codec::Parser>::decode_text+0xea (/tmp/litchi-goal-0458/litchi-perf-baseline)
	fffffffffffffffe [unknown] ([unknown])
	7fffffffffffffff [unknown] ([unknown])

litchi-perf-bas 4074627 353186.309314:   44842699 cycles:u: 
	    5d3e62dcd9db <litchi_odp::codec::parser::codec::xml::validation::ElementAttrs>::get+0x23b (/tmp/litchi-goal-0458/litchi-perf-baseline)
	    5d3e62d96d83 <alloc::raw_vec::RawVecInner<_>>::reserve::do_reserve_and_handle::<alloc::alloc::Global>+0x63 (/tmp/litchi-goal-0458/litchi-perf-baseline)
	               7 [unknown] ([unknown])

litchi-perf-bas 4074627 353186.319413:   44863288 cycles:u: 
	    5d3e640e1969 <quick_xml::events::attributes::Attribute>::decoded_and_normalized_value_with::<quick_xml::escape::resolve_predefined_entity>+0x139 (/tmp/litchi-goal-0458/litchi-perf-baseline)
	               7 [unknown] ([unknown])

litchi-perf-bas 4074627 353186.329499:   44882981 cycles:u: 
	    5d3e62dcd9db <litchi_odp::codec::parser::codec::xml::validation::ElementAttrs>::get+0x23b (/tmp/litchi-goal-0458/litchi-perf-baseline)
	    5d3e62d96d83 <alloc::raw_vec::RawVecInner<_>>::reserve::do_reserve_and_handle::<alloc::alloc::Global>+0x63 (/tmp/litchi-goal-0458/litchi-perf-baseline)
	               7 [unknown] ([unknown])

litchi-perf-bas 4074627 353186.339662:   44942909 cycles:u: 
	    7bbd32fbcbdc __memset_avx512_unaligned_erms+0x9c (/usr/lib/x86_64-linux-gnu/libc.so.6)
	    5d3e63b9939b <core::io::util::Take<soapberry_zip::archive::ZipVerifier<&mut soapberry_zip::accounting::CountingReader<&mut flate2::deflate::read::DeflateDecoder<soapberry_zip::accounting::CountingReader<soapberry_zip::archive::ZipReader<&alloc::sync::Arc<alloc::vec::Vec<u8>>>>>>, &alloc::sync::Arc<alloc::vec::Vec<u8>>>> as std::io::Read>::read_buf+0x8b (/tmp/litchi-goal-0458/litchi-perf-baseline)

litchi-perf-bas 4074627 353186.349782:   44883969 cycles:u: 
	    5d3e640e3719 <quick_xml::name::NamespaceResolver>::resolve_event+0x179 (/tmp/litchi-goal-0458/litchi-perf-baseline)

litchi-perf-bas 4074627 353186.359864:   44766028 cycles:u: 
	    5d3e62e12f66 <litchi_odp::codec::parser::model::ParagraphText>::finish+0xa6 (/tmp/litchi-goal-0458/litchi-perf-baseline)
	              2f [unknown] ([unknown])

litchi-perf-bas 4074627 353186.369957:   44852978 cycles:u: 
	    5d3e62d9935c <alloc::raw_vec::RawVecInner>::finish_grow+0x9c (/tmp/litchi-goal-0458/litchi-perf-baseline)
	fffffffffffffffe [unknown] ([unknown])

litchi-perf-bas 4074627 353186.380052:   44888501 cycles:u: 
	    5d3e62e130c0 <litchi_odp::codec::parser::model::ParagraphText>::push_text+0x150 (/tmp/litchi-goal-0458/litchi-perf-baseline)
	2727272727272726 [unknown] ([unknown])

litchi-perf-bas 4074627 353186.390177:   44919586 cycles:u: 
	    5d3e62d822d7 <&[u8] as quick_xml::reader::XmlSource<&mut alloc::vec::Vec<u8>>>::read_with::<quick_xml::parser::element::ElementParser>+0x1d7 (/tmp/litchi-goal-0458/litchi-perf-baseline)

litchi-perf-bas 4074627 353186.400282:   44920873 cycles:u: 
	    5d3e641193c3 <memchr::arch::x86_64::avx2::memchr::One>::find_raw+0x33 (/tmp/litchi-goal-0458/litchi-perf-baseline)
	    5d3e62dd3a42 litchi_odp::model::declaration::element_is+0x52 (/tmp/litchi-goal-0458/litchi-perf-baseline)
	               c [unknown] ([unknown])

litchi-perf-bas 4074627 353186.410381:   44912610 cycles:u: 
	    5d3e62d7e87a <quick_xml::reader::Reader<&[u8]>>::read_event_impl::<&mut alloc::vec::Vec<u8>>+0xaba (/tmp/litchi-goal-0458/litchi-perf-baseline)
	               9 [unknown] ([unknown])

litchi-perf-bas 4074627 353186.420487:   44945808 cycles:u: 
	    5d3e62d7f2c0 <quick_xml::reader::Reader<&[u8]>>::read_event_impl::<()>+0x420 (/tmp/litchi-goal-0458/litchi-perf-baseline)

litchi-perf-bas 4074627 353186.430599:   44937486 cycles:u: 
	    5d3e62dffed3 <core::iter::adapters::map::Map<core::ops::range::Range<usize>, litchi_odp::model::page_metadata::effective_page_names::{closure#0}> as core::iter::traits::iterator::Iterator>::try_fold::<(), <core::iter::adapters::GenericShunt<core::iter::adapters::map::Map<core::ops::range::Range<usize>, litchi_odp::model::page_metadata::effective_page_names::{closure#0}>, core::result::Result<core::convert::Infallible, litchi_core::error::types::Error>> as core::iter::traits::iterator::Iterator>::try_fold<(), core::iter::traits::iterator::Iterator::try_for_each::call<alloc::string::String, core::ops::control_flow::ControlFlow<alloc::string::String>, core::ops::control_flow::ControlFlow<alloc::string::String>::Break>::{closure#0}, core::ops::control_flow::ControlFlow<alloc::string::String>>::{closure#0}, core::ops::control_flow::ControlFlow<core::ops::control_flow::ControlFlow<alloc::string::String>>>+0xf3 (/tmp/litchi-goal-0458/litchi-perf-baseline)

litchi-perf-bas 4074627 353186.440734:   44929405 cycles:u: 
	    5d3e640e21a8 <quick_xml::events::attributes::IterState>::next+0x318 (/tmp/litchi-goal-0458/litchi-perf-baseline)
	           3d08f [unknown] ([unknown])

litchi-perf-bas 4074627 353186.450843:   44851424 cycles:u: 
	    5d3e64172362 core::str::converts::from_utf8+0x82 (/tmp/litchi-goal-0458/litchi-perf-baseline)

litchi-perf-bas 4074627 353186.460947:   44867872 cycles:u: 
	    5d3e62dcd949 <litchi_odp::codec::parser::codec::xml::validation::ElementAttrs>::get+0x1a9 (/tmp/litchi-goal-0458/litchi-perf-baseline)
	    5d3e62d96d83 <alloc::raw_vec::RawVecInner<_>>::reserve::do_reserve_and_handle::<alloc::alloc::Global>+0x63 (/tmp/litchi-goal-0458/litchi-perf-baseline)
	               7 [unknown] ([unknown])

litchi-perf-bas 4074627 353186.471088:   44866275 cycles:u: 
	    5d3e62d99494 <quick_xml::reader::ns_reader::NsReader<&[u8]>>::process_event+0x14 (/tmp/litchi-goal-0458/litchi-perf-baseline)
	              ff [unknown] ([unknown])

litchi-perf-bas 4074627 353186.481163:   44720186 cycles:u: 
	    7bbd32fb2ca5 __memcmp_evex_movbe+0x25 (/usr/lib/x86_64-linux-gnu/libc.so.6)
	    5d3e640e3873 <quick_xml::name::NamespaceResolver>::resolve_prefix+0x93 (/tmp/litchi-goal-0458/litchi-perf-baseline)
	    5d3e62dcc847 <litchi_odp::codec::parser::codec::xml::validation::ElementAttrs>::resolve_at_scan+0x57 (/tmp/litchi-goal-0458/litchi-perf-baseline)

litchi-perf-bas 4074627 353186.491257:   44873763 cycles:u: 
	    7bbd32eba808 _int_free_merge_chunk+0x18 (/usr/lib/x86_64-linux-gnu/libc.so.6)
	    7bbd32ebaa38 _int_free_chunk+0x28 (/usr/lib/x86_64-linux-gnu/libc.so.6)
	    5d3e62d282a2 <litchi_odp::codec::parser::codec::Parser>::parse_slides_with_styles+0x1942 (/tmp/litchi-goal-0458/litchi-perf-baseline)
	    5d3e62d3a982 <litchi_odp::authoring::edit::Snapshot>::from_owned_package+0x232 (/tmp/litchi-goal-0458/litchi-perf-baseline)
	          ffffff [unknown] ([unknown])

litchi-perf-bas 4074627 353186.501393:   44917337 cycles:u: 
	    5d3e640bd09c crc32fast::specialized::pclmulqdq::calculate+0x8c (/tmp/litchi-goal-0458/litchi-perf-baseline)
	32e8821000000000 [unknown] ([unknown])

litchi-perf-bas 4074627 353186.511497:   44825858 cycles:u: 
	    5d3e62d27390 <litchi_odp::codec::parser::codec::Parser>::parse_slides_with_styles+0xa30 (/tmp/litchi-goal-0458/litchi-perf-baseline)

litchi-perf-bas 4074627 353186.521598:   44830143 cycles:u: 
	    5d3e640e3773 <quick_xml::name::NamespaceResolver>::resolve_event+0x1d3 (/tmp/litchi-goal-0458/litchi-perf-baseline)

litchi-perf-bas 4074627 353186.531730:   44845927 cycles:u: 
	    5d3e62d2732d <litchi_odp::codec::parser::codec::Parser>::parse_slides_with_styles+0x9cd (/tmp/litchi-goal-0458/litchi-perf-baseline)

litchi-perf-bas 4074627 353186.541826:   44860377 cycles:u: 
	    5d3e64172374 core::str::converts::from_utf8+0x94 (/tmp/litchi-goal-0458/litchi-perf-baseline)

litchi-perf-bas 4074627 353186.551938:   44843577 cycles:u: 
	    5d3e62d99494 <quick_xml::reader::ns_reader::NsReader<&[u8]>>::process_event+0x14 (/tmp/litchi-goal-0458/litchi-perf-baseline)
	eccc1df88b99f612 [unknown] ([unknown])

litchi-perf-bas 4074627 353186.562185:   44833604 cycles:u: 
	    5d3e62d99494 <quick_xml::reader::ns_reader::NsReader<&[u8]>>::process_event+0x14 (/tmp/litchi-goal-0458/litchi-perf-baseline)
	eccc1df88b99f612 [unknown] ([unknown])

litchi-perf-bas 4074627 353186.572243:   44687925 cycles:u: 
	    5d3e640e21e0 <quick_xml::events::attributes::IterState>::next+0x350 (/tmp/litchi-goal-0458/litchi-perf-baseline)

litchi-perf-bas 4074627 353186.582332:   44837625 cycles:u: 
	    5d3e62df6797 <litchi_odp::authoring::mutable::MutablePresentation>::from_presentation_with_validated_slides+0xc17 (/tmp/litchi-goal-0458/litchi-perf-baseline)

litchi-perf-bas 4074627 353186.592484:   44907854 cycles:u: 
	    5d3e640e4cb2 <alloc::raw_vec::RawVec<core::ops::range::Range<usize>>>::grow_one+0x2 (/tmp/litchi-goal-0458/litchi-perf-baseline)

litchi-perf-bas 4074627 353186.602649:   44764626 cycles:u: 
	    5d3e640dadc5 zlib_rs::deflate::longest_match::longest_match+0x1c5 (/tmp/litchi-goal-0458/litchi-perf-baseline)
	            3fff [unknown] ([unknown])

litchi-perf-bas 4074627 353186.612714:   44639479 cycles:u: 
	    5d3e62dcd9db <litchi_odp::codec::parser::codec::xml::validation::ElementAttrs>::get+0x23b (/tmp/litchi-goal-0458/litchi-perf-baseline)
	    5d3e62d96d83 <alloc::raw_vec::RawVecInner<_>>::reserve::do_reserve_and_handle::<alloc::alloc::Global>+0x63 (/tmp/litchi-goal-0458/litchi-perf-baseline)
	               7 [unknown] ([unknown])

litchi-perf-bas 4074627 353186.622793:   44763533 cycles:u: 
	    5d3e62e130c4 <litchi_odp::codec::parser::model::ParagraphText>::push_text+0x154 (/tmp/litchi-goal-0458/litchi-perf-baseline)
	2727272727272726 [unknown] ([unknown])

litchi-perf-bas 4074627 353186.632907:   44862108 cycles:u: 
	    5d3e62dcd949 <litchi_odp::codec::parser::codec::xml::validation::ElementAttrs>::get+0x1a9 (/tmp/litchi-goal-0458/litchi-perf-baseline)
	    5d3e62d96d83 <alloc::raw_vec::RawVecInner<_>>::reserve::do_reserve_and_handle::<alloc::alloc::Global>+0x63 (/tmp/litchi-goal-0458/litchi-perf-baseline)
	               7 [unknown] ([unknown])

litchi-perf-bas 4074627 353186.643000:   44836427 cycles:u: 
	    5d3e62dcd82e <litchi_odp::codec::parser::codec::xml::validation::ElementAttrs>::get+0x8e (/tmp/litchi-goal-0458/litchi-perf-baseline)

litchi-perf-bas 4074627 353186.653130:   44888651 cycles:u: 
	    5d3e64172362 core::str::converts::from_utf8+0x82 (/tmp/litchi-goal-0458/litchi-perf-baseline)

litchi-perf-bas 4074627 353186.663289:   44853232 cycles:u: 
	    5d3e62d2f2a6 <litchi_odp::codec::parser::codec::Parser>::shape_builder+0xb56 (/tmp/litchi-goal-0458/litchi-perf-baseline)
	    5d3e62d96d83 <alloc::raw_vec::RawVecInner<_>>::reserve::do_reserve_and_handle::<alloc::alloc::Global>+0x63 (/tmp/litchi-goal-0458/litchi-perf-baseline)
	              1f [unknown] ([unknown])

litchi-perf-bas 4074627 353186.673349:   44672374 cycles:u: 
	    5d3e62d12649 <litchi_odp::codec::parser::codec::Parser>::parse_pages_with_styles::<false>::{closure#0}+0x9 (/tmp/litchi-goal-0458/litchi-perf-baseline)
	    5d3e62d273af <litchi_odp::codec::parser::codec::Parser>::parse_slides_with_styles+0xa4f (/tmp/litchi-goal-0458/litchi-perf-baseline)

litchi-perf-bas 4074627 353186.683433:   44826403 cycles:u: 
	    5d3e62d27287 <litchi_odp::codec::parser::codec::Parser>::parse_slides_with_styles+0x927 (/tmp/litchi-goal-0458/litchi-perf-baseline)

litchi-perf-bas 4074627 353186.693525:   44901283 cycles:u: 
	    5d3e640e1969 <quick_xml::events::attributes::Attribute>::decoded_and_normalized_value_with::<quick_xml::escape::resolve_predefined_entity>+0x139 (/tmp/litchi-goal-0458/litchi-perf-baseline)
	               3 [unknown] ([unknown])

litchi-perf-bas 4074627 353186.703648:   44948886 cycles:u: 
	    5d3e62dcdecb <litchi_odp::model::settings::Scanner>::step+0x2b (/tmp/litchi-goal-0458/litchi-perf-baseline)

litchi-perf-bas 4074627 353186.713756:   44894934 cycles:u: 
	    7bbd32fb2ca5 __memcmp_evex_movbe+0x25 (/usr/lib/x86_64-linux-gnu/libc.so.6)
	    5d3e640e3873 <quick_xml::name::NamespaceResolver>::resolve_prefix+0x93 (/tmp/litchi-goal-0458/litchi-perf-baseline)
	    5d3e62dd3a67 litchi_odp::model::declaration::element_is+0x77 (/tmp/litchi-goal-0458/litchi-perf-baseline)

litchi-perf-bas 4074627 353186.723876:   44877254 cycles:u: 
	    5d3e62d7eb53 <quick_xml::reader::Reader<&[u8]>>::read_event_impl::<&mut alloc::vec::Vec<u8>>+0xd93 (/tmp/litchi-goal-0458/litchi-perf-baseline)
	              b0 [unknown] ([unknown])

litchi-perf-bas 4074627 353186.733980:   44929245 cycles:u: 
	    5d3e640e3719 <quick_xml::name::NamespaceResolver>::resolve_event+0x179 (/tmp/litchi-goal-0458/litchi-perf-baseline)

litchi-perf-bas 4074627 353186.744112:   44877513 cycles:u: 
	ffffffff8c800ef0 [unknown] ([unknown])
	    5d3e640e0b29 <quick_xml::reader::state::ReaderState>::emit_start+0x109 (/tmp/litchi-goal-0458/litchi-perf-baseline)
	    5d3e64012a8c xml_minifier::audit::verify_with_policy+0x5cc (/tmp/litchi-goal-0458/litchi-perf-baseline)

litchi-perf-bas 4074627 353186.754213:   44772207 cycles:u: 
	    5d3e640d8798 zlib_rs::deflate::algorithm::medium::deflate_medium+0x348 (/tmp/litchi-goal-0458/litchi-perf-baseline)
	 6005d3e9a8292bf [unknown] ([unknown])

litchi-perf-bas 4074627 353186.764324:   44840876 cycles:u: 
	    5d3e6411a014 memchr::arch::x86_64::memchr::memchr3_raw::find_avx2+0x4 (/tmp/litchi-goal-0458/litchi-perf-baseline)

litchi-perf-bas 4074627 353186.774412:   44809605 cycles:u: 
	    5d3e641197fe <memchr::arch::x86_64::avx2::memchr::Three>::find_raw_avx2+0xe (/tmp/litchi-goal-0458/litchi-perf-baseline)
	2222222222222221 [unknown] ([unknown])

litchi-perf-bas 4074627 353186.784507:   44878747 cycles:u: 
	    5d3e640e1e90 <quick_xml::events::attributes::IterState>::next+0x0 (/tmp/litchi-goal-0458/litchi-perf-baseline)
	               6 [unknown] ([unknown])
	              b0 [unknown] ([unknown])

litchi-perf-bas 4074627 353186.794636:   44901141 cycles:u: 
	    5d3e640e1eb0 <quick_xml::events::attributes::IterState>::next+0x20 (/tmp/litchi-goal-0458/litchi-perf-baseline)

litchi-perf-bas 4074627 353186.804737:   44859461 cycles:u: 
	    5d3e63c9ee63 <quick_xml::reader::Reader<&[u8]>>::read_event_impl::<()>+0x1c3 (/tmp/litchi-goal-0458/litchi-perf-baseline)
	               5 [unknown] ([unknown])

litchi-perf-bas 4074627 353186.814852:   44862544 cycles:u: 
	    5d3e62dcd828 <litchi_odp::codec::parser::codec::xml::validation::ElementAttrs>::get+0x88 (/tmp/litchi-goal-0458/litchi-perf-baseline)

litchi-perf-bas 4074627 353186.824993:   44842372 cycles:u: 
	    5d3e64119980 <memchr::arch::x86_64::avx2::memchr::Three>::find_raw+0x0 (/tmp/litchi-goal-0458/litchi-perf-baseline)
	    5d3e6411a09b memchr::arch::x86_64::memchr::memchr3_raw::find_avx2+0x8b (/tmp/litchi-goal-0458/litchi-perf-baseline)
	3e3e3e3e3e3e3e3d [unknown] ([unknown])
	    5d3e62d82188 <&[u8] as quick_xml::reader::XmlSource<&mut alloc::vec::Vec<u8>>>::read_with::<quick_xml::parser::element::ElementParser>+0x88 (/tmp/litchi-goal-0458/litchi-perf-baseline)

litchi-perf-bas 4074627 353186.835035:   44636179 cycles:u: 
	    5d3e64172335 core::str::converts::from_utf8+0x55 (/tmp/litchi-goal-0458/litchi-perf-baseline)
	7fffffffffffffff [unknown] ([unknown])

litchi-perf-bas 4074627 353186.845141:   44853665 cycles:u: 
	    5d3e640e1969 <quick_xml::events::attributes::Attribute>::decoded_and_normalized_value_with::<quick_xml::escape::resolve_predefined_entity>+0x139 (/tmp/litchi-goal-0458/litchi-perf-baseline)
	               2 [unknown] ([unknown])

litchi-perf-bas 4074627 353186.855266:   44909698 cycles:u: 
	    5d3e64119814 <memchr::arch::x86_64::avx2::memchr::Three>::find_raw_avx2+0x24 (/tmp/litchi-goal-0458/litchi-perf-baseline)
	2222222222222221 [unknown] ([unknown])

litchi-perf-bas 4074627 353186.865353:   44832834 cycles:u: 
	    5d3e6411a043 memchr::arch::x86_64::memchr::memchr3_raw::find_avx2+0x33 (/tmp/litchi-goal-0458/litchi-perf-baseline)
	2727272727272726 [unknown] ([unknown])
	    5d3e62d821d6 <&[u8] as quick_xml::reader::XmlSource<&mut alloc::vec::Vec<u8>>>::read_with::<quick_xml::parser::element::ElementParser>+0xd6 (/tmp/litchi-goal-0458/litchi-perf-baseline)
	          2ce14a [unknown] ([unknown])

litchi-perf-bas 4074627 353186.875596:   44885436 cycles:u: 
	    5d3e641193c3 <memchr::arch::x86_64::avx2::memchr::One>::find_raw+0x33 (/tmp/litchi-goal-0458/litchi-perf-baseline)
	    5d3e62e1a872 litchi_odp::model::page_metadata::element_is+0x52 (/tmp/litchi-goal-0458/litchi-perf-baseline)
	3a3a3a3a3a3a3a39 [unknown] ([unknown])

litchi-perf-bas 4074627 353186.885642:   44658249 cycles:u: 
	    5d3e640e1ba9 <quick_xml::events::attributes::IterState>::check_for_duplicates+0x159 (/tmp/litchi-goal-0458/litchi-perf-baseline)
	              19 [unknown] ([unknown])
	2727272727272726 [unknown] ([unknown])

litchi-perf-bas 4074627 353186.895771:   44848722 cycles:u: 
	    5d3e64014983 <quick_xml::reader::Reader<&[u8]>>::read_event_impl::<()>+0x583 (/tmp/litchi-goal-0458/litchi-perf-baseline)
	               5 [unknown] ([unknown])

litchi-perf-bas 4074627 353186.905878:   44867369 cycles:u: 
	    5d3e640dadae zlib_rs::deflate::longest_match::longest_match+0x1ae (/tmp/litchi-goal-0458/litchi-perf-baseline)
	            3fff [unknown] ([unknown])

litchi-perf-bas 4074627 353186.915980:   44819842 cycles:u: 
	    5d3e640e1b4d <quick_xml::events::attributes::IterState>::check_for_duplicates+0xfd (/tmp/litchi-goal-0458/litchi-perf-baseline)

litchi-perf-bas 4074627 353186.926073:   44838851 cycles:u: 
	    5d3e62d2f7c5 <litchi_odp::codec::parser::codec::Parser>::shape_builder+0x1075 (/tmp/litchi-goal-0458/litchi-perf-baseline)
	    5d3e62d15b62 <litchi_odp::codec::parser::codec::Parser>::parse_pages_with_styles::<false>::{closure#0}+0x3522 (/tmp/litchi-goal-0458/litchi-perf-baseline)
	    5d3e62d273af <litchi_odp::codec::parser::codec::Parser>::parse_slides_with_styles+0xa4f (/tmp/litchi-goal-0458/litchi-perf-baseline)

litchi-perf-bas 4074627 353186.936187:   44877535 cycles:u: 
	    5d3e64172374 core::str::converts::from_utf8+0x94 (/tmp/litchi-goal-0458/litchi-perf-baseline)
	7fffffffffffffff [unknown] ([unknown])

litchi-perf-bas 4074627 353186.946298:   44903166 cycles:u: 
	    7bbd32fb2cb7 __memcmp_evex_movbe+0x37 (/usr/lib/x86_64-linux-gnu/libc.so.6)
	    5d3e640e3873 <quick_xml::name::NamespaceResolver>::resolve_prefix+0x93 (/tmp/litchi-goal-0458/litchi-perf-baseline)
	    5d3e640e3704 <quick_xml::name::NamespaceResolver>::resolve_event+0x164 (/tmp/litchi-goal-0458/litchi-perf-baseline)
	8000000000000000 [unknown] ([unknown])

litchi-perf-bas 4074627 353186.956402:   44897669 cycles:u: 
	    5d3e640cd172 zlib_rs::inflate::inflate_fast_help_avx2+0x472 (/tmp/litchi-goal-0458/litchi-perf-baseline)
	    5d3e640da5b6 <zlib_rs::inflate::window::Window>::extend+0x196 (/tmp/litchi-goal-0458/litchi-perf-baseline)
	              11 [unknown] ([unknown])

litchi-perf-bas 4074627 353186.966540:   44920665 cycles:u: 
	    7bbd32ebdbdd cfree@GLIBC_2.2.5+0x2d (/usr/lib/x86_64-linux-gnu/libc.so.6)
	    5d3e62d2de9f <litchi_odp::codec::parser::codec::Parser>::finish_shape+0x5af (/tmp/litchi-goal-0458/litchi-perf-baseline)

litchi-perf-bas 4074627 353186.976635:   44842404 cycles:u: 
	    5d3e62d994d7 <quick_xml::reader::ns_reader::NsReader<&[u8]>>::process_event+0x57 (/tmp/litchi-goal-0458/litchi-perf-baseline)
	              ff [unknown] ([unknown])

litchi-perf-bas 4074627 353186.986725:   44854521 cycles:u: 
	    5d3e62d15659 <litchi_odp::codec::parser::codec::Parser>::parse_pages_with_styles::<false>::{closure#0}+0x3019 (/tmp/litchi-goal-0458/litchi-perf-baseline)
	    5d3e62d273af <litchi_odp::codec::parser::codec::Parser>::parse_slides_with_styles+0xa4f (/tmp/litchi-goal-0458/litchi-perf-baseline)

litchi-perf-bas 4074627 353186.996829:   44917609 cycles:u: 
	    7bbd32ebb5d3 _int_malloc+0xac3 (/usr/lib/x86_64-linux-gnu/libc.so.6)
	    7bbd32ebc52e __libc_malloc2+0x11e (/usr/lib/x86_64-linux-gnu/libc.so.6)
	    5d3e62d1faea <litchi_odp::codec::parser::codec::Parser>::decode_text+0xea (/tmp/litchi-goal-0458/litchi-perf-baseline)
	fffffffffffffffe [unknown] ([unknown])
	7fffffffffffffff [unknown] ([unknown])

litchi-perf-bas 4074627 353187.006936:   44921055 cycles:u: 
	    5d3e640cd31d zlib_rs::inflate::inflate_fast_help_avx2+0x61d (/tmp/litchi-goal-0458/litchi-perf-baseline)
	    5d3e640da5b6 <zlib_rs::inflate::window::Window>::extend+0x196 (/tmp/litchi-goal-0458/litchi-perf-baseline)
	              11 [unknown] ([unknown])

litchi-perf-bas 4074627 353187.017048:   44927064 cycles:u: 
	    5d3e640e0a20 <quick_xml::reader::state::ReaderState>::emit_start+0x0 (/tmp/litchi-goal-0458/litchi-perf-baseline)

litchi-perf-bas 4074627 353187.027162:   44904736 cycles:u: 
	    5d3e62dcfd3d <litchi_odp::model::declaration::Scanner>::step+0x83d (/tmp/litchi-goal-0458/litchi-perf-baseline)

litchi-perf-bas 4074627 353187.037280:   44922975 cycles:u: 
	    7bbd32fb2c84 __memcmp_evex_movbe+0x4 (/usr/lib/x86_64-linux-gnu/libc.so.6)
	    5d3e640e3873 <quick_xml::name::NamespaceResolver>::resolve_prefix+0x93 (/tmp/litchi-goal-0458/litchi-perf-baseline)
	    5d3e640e3704 <quick_xml::name::NamespaceResolver>::resolve_event+0x164 (/tmp/litchi-goal-0458/litchi-perf-baseline)
	8000000000000039 [unknown] ([unknown])

litchi-perf-bas 4074627 353187.047391:   44866461 cycles:u: 
	    5d3e62e1b65c litchi_odp::model::page_metadata::validate_text+0x6c (/tmp/litchi-goal-0458/litchi-perf-baseline)
	            1fff [unknown] ([unknown])
	               7 [unknown] ([unknown])

litchi-perf-bas 4074627 353187.057525:   44858844 cycles:u: 
	    5d3e6401270c xml_minifier::audit::verify_with_policy+0x24c (/tmp/litchi-goal-0458/litchi-perf-baseline)
	               4 [unknown] ([unknown])

litchi-perf-bas 4074627 353187.067623:   44785450 cycles:u: 
	    5d3e640bd0dd crc32fast::specialized::pclmulqdq::calculate+0xcd (/tmp/litchi-goal-0458/litchi-perf-baseline)

litchi-perf-bas 4074627 353187.077726:   44818554 cycles:u: 
	    5d3e64119595 <memchr::arch::x86_64::avx2::memchr::Two>::find_raw_avx2+0x25 (/tmp/litchi-goal-0458/litchi-perf-baseline)
	3a3a3a3a3a3a3a39 [unknown] ([unknown])

litchi-perf-bas 4074627 353187.087819:   44827408 cycles:u: 
	    5d3e62d2f35e <litchi_odp::codec::parser::codec::Parser>::shape_builder+0xc0e (/tmp/litchi-goal-0458/litchi-perf-baseline)
	    5d3e62d96d83 <alloc::raw_vec::RawVecInner<_>>::reserve::do_reserve_and_handle::<alloc::alloc::Global>+0x63 (/tmp/litchi-goal-0458/litchi-perf-baseline)
	             18f [unknown] ([unknown])

litchi-perf-bas 4074627 353187.097914:   44870252 cycles:u: 
	    7bbd32fb2ca5 __memcmp_evex_movbe+0x25 (/usr/lib/x86_64-linux-gnu/libc.so.6)
	    5d3e640e0e4c <quick_xml::reader::state::ReaderState>::emit_end+0xdc (/tmp/litchi-goal-0458/litchi-perf-baseline)

litchi-perf-bas 4074627 353187.108024:   44901275 cycles:u: 
	    5d3e640e743c <quick_xml::encoding::Decoder>::decode_cow+0x5c (/tmp/litchi-goal-0458/litchi-perf-baseline)
	    5d3e640e64bc <quick_xml::events::BytesRef>::resolve_char_ref+0x1c (/tmp/litchi-goal-0458/litchi-perf-baseline)
	              4f [unknown] ([unknown])
	7fffffffffffffff [unknown] ([unknown])

litchi-perf-bas 4074627 353187.118155:   44879822 cycles:u: 
	    5d3e641127b6 sha2::sha256::x86_sha::compress+0x376 (/tmp/litchi-goal-0458/litchi-perf-baseline)

litchi-perf-bas 4074627 353187.128263:   44876597 cycles:u: 
	    5d3e6411a077 memchr::arch::x86_64::memchr::memchr3_raw::find_avx2+0x67 (/tmp/litchi-goal-0458/litchi-perf-baseline)
	2727272727272726 [unknown] ([unknown])
	    5d3e62d821d6 <&[u8] as quick_xml::reader::XmlSource<&mut alloc::vec::Vec<u8>>>::read_with::<quick_xml::parser::element::ElementParser>+0xd6 (/tmp/litchi-goal-0458/litchi-perf-baseline)
	          12baff [unknown] ([unknown])

litchi-perf-bas 4074627 353187.138363:   44869646 cycles:u: 
	    5d3e62d27287 <litchi_odp::codec::parser::codec::Parser>::parse_slides_with_styles+0x927 (/tmp/litchi-goal-0458/litchi-perf-baseline)

litchi-perf-bas 4074627 353187.148465:   44902133 cycles:u: 
	    5d3e62d2f57e <litchi_odp::codec::parser::codec::Parser>::shape_builder+0xe2e (/tmp/litchi-goal-0458/litchi-perf-baseline)
	    5d3e62d96d83 <alloc::raw_vec::RawVecInner<_>>::reserve::do_reserve_and_handle::<alloc::alloc::Global>+0x63 (/tmp/litchi-goal-0458/litchi-perf-baseline)
	              df [unknown] ([unknown])

litchi-perf-bas 4074627 353187.158572:   44908615 cycles:u: 
	    5d3e62e12f66 <litchi_odp::codec::parser::model::ParagraphText>::finish+0xa6 (/tmp/litchi-goal-0458/litchi-perf-baseline)
	              38 [unknown] ([unknown])

litchi-perf-bas 4074627 353187.168693:   44915904 cycles:u: 
	    5d3e62dd85ab litchi_odp::model::settings::element_is+0xeb (/tmp/litchi-goal-0458/litchi-perf-baseline)

litchi-perf-bas 4074627 353187.178827:   44869906 cycles:u: 
	    7bbd32fb2c84 __memcmp_evex_movbe+0x4 (/usr/lib/x86_64-linux-gnu/libc.so.6)
	    5d3e640e3873 <quick_xml::name::NamespaceResolver>::resolve_prefix+0x93 (/tmp/litchi-goal-0458/litchi-perf-baseline)
	    5d3e62dd3a67 litchi_odp::model::declaration::element_is+0x77 (/tmp/litchi-goal-0458/litchi-perf-baseline)

litchi-perf-bas 4074627 353187.189044:   44813207 cycles:u: 
	    7bbd32fb2c84 __memcmp_evex_movbe+0x4 (/usr/lib/x86_64-linux-gnu/libc.so.6)
	    5d3e640e3873 <quick_xml::name::NamespaceResolver>::resolve_prefix+0x93 (/tmp/litchi-goal-0458/litchi-perf-baseline)
	    5d3e640e3704 <quick_xml::name::NamespaceResolver>::resolve_event+0x164 (/tmp/litchi-goal-0458/litchi-perf-baseline)
	8000000000000039 [unknown] ([unknown])

litchi-perf-bas 4074627 353187.199092:   44667503 cycles:u: 
	    5d3e62d86578 <litchi_odp::codec::content_source::scanner::Scanner>::run+0x138 (/tmp/litchi-goal-0458/litchi-perf-baseline)

litchi-perf-bas 4074627 353187.209276:   44855281 cycles:u: 
	    7bbd32fbc2f6 __memmove_avx512_unaligned_erms+0x36 (/usr/lib/x86_64-linux-gnu/libc.so.6)
	    7bbd32ebcacf _int_realloc+0x1df (/usr/lib/x86_64-linux-gnu/libc.so.6)
	    7bbd32ebe0ce realloc+0x1ae (/usr/lib/x86_64-linux-gnu/libc.so.6)
	    5d3e640e4e5e <alloc::raw_vec::RawVecInner>::finish_grow+0x5e (/tmp/litchi-goal-0458/litchi-perf-baseline)

litchi-perf-bas 4074627 353187.219346:   44672002 cycles:u: 
	    5d3e640d8f51 zlib_rs::deflate::algorithm::medium::deflate_medium+0xb01 (/tmp/litchi-goal-0458/litchi-perf-baseline)

litchi-perf-bas 4074627 353187.229434:   44788696 cycles:u: 
	    5d3e640e0dad <quick_xml::reader::state::ReaderState>::emit_end+0x3d (/tmp/litchi-goal-0458/litchi-perf-baseline)

litchi-perf-bas 4074627 353187.239575:   44845482 cycles:u: 
	    5d3e64172374 core::str::converts::from_utf8+0x94 (/tmp/litchi-goal-0458/litchi-perf-baseline)
	7fffffffffffffff [unknown] ([unknown])

litchi-perf-bas 4074627 353187.249648:   44702420 cycles:u: 
	    5d3e62d99494 <quick_xml::reader::ns_reader::NsReader<&[u8]>>::process_event+0x14 (/tmp/litchi-goal-0458/litchi-perf-baseline)
	              ff [unknown] ([unknown])

litchi-perf-bas 4074627 353187.259739:   44813651 cycles:u: 
	    5d3e640e1969 <quick_xml::events::attributes::Attribute>::decoded_and_normalized_value_with::<quick_xml::escape::resolve_predefined_entity>+0x139 (/tmp/litchi-goal-0458/litchi-perf-baseline)
	               7 [unknown] ([unknown])

litchi-perf-bas 4074627 353187.269859:   44866681 cycles:u: 
	    5d3e63c9f5f7 <quick_xml::reader::Reader<&[u8]>>::read_event_impl::<()>+0x957 (/tmp/litchi-goal-0458/litchi-perf-baseline)
	               5 [unknown] ([unknown])

litchi-perf-bas 4074627 353187.279972:   44823217 cycles:u: 
	    5d3e62d2f35e <litchi_odp::codec::parser::codec::Parser>::shape_builder+0xc0e (/tmp/litchi-goal-0458/litchi-perf-baseline)
	    5d3e62d96d83 <alloc::raw_vec::RawVecInner<_>>::reserve::do_reserve_and_handle::<alloc::alloc::Global>+0x63 (/tmp/litchi-goal-0458/litchi-perf-baseline)
	               e [unknown] ([unknown])

litchi-perf-bas 4074627 353187.290057:   44797958 cycles:u: 
	    5d3e64119400 <memchr::arch::x86_64::avx2::memchr::One>::find_raw+0x70 (/tmp/litchi-goal-0458/litchi-perf-baseline)

litchi-perf-bas 4074627 353187.300201:   44866629 cycles:u: 
	    7bbd32ebca73 _int_realloc+0x183 (/usr/lib/x86_64-linux-gnu/libc.so.6)
	    7bbd32ebe0ce realloc+0x1ae (/usr/lib/x86_64-linux-gnu/libc.so.6)
	    5d3e640e4e5e <alloc::raw_vec::RawVecInner>::finish_grow+0x5e (/tmp/litchi-goal-0458/litchi-perf-baseline)

litchi-perf-bas 4074627 353187.310253:   44706724 cycles:u: 
	    5d3e62dcd9db <litchi_odp::codec::parser::codec::xml::validation::ElementAttrs>::get+0x23b (/tmp/litchi-goal-0458/litchi-perf-baseline)
	    5d3e62d96d83 <alloc::raw_vec::RawVecInner<_>>::reserve::do_reserve_and_handle::<alloc::alloc::Global>+0x63 (/tmp/litchi-goal-0458/litchi-perf-baseline)
	               7 [unknown] ([unknown])

litchi-perf-bas 4074627 353187.320358:   44892023 cycles:u: 
	    5d3e62d82105 <&[u8] as quick_xml::reader::XmlSource<&mut alloc::vec::Vec<u8>>>::read_with::<quick_xml::parser::element::ElementParser>+0x5 (/tmp/litchi-goal-0458/litchi-perf-baseline)
	    5d3e62d7e669 <quick_xml::reader::Reader<&[u8]>>::read_event_impl::<&mut alloc::vec::Vec<u8>>+0x8a9 (/tmp/litchi-goal-0458/litchi-perf-baseline)
	               c [unknown] ([unknown])

litchi-perf-bas 4074627 353187.330455:   44889195 cycles:u: 
	    5d3e62e1b131 litchi_odp::model::page_metadata::parse_page+0x801 (/tmp/litchi-goal-0458/litchi-perf-baseline)
	              30 [unknown] ([unknown])

litchi-perf-bas 4074627 353187.340551:   44933090 cycles:u: 
	    5d3e62dd85ab litchi_odp::model::settings::element_is+0xeb (/tmp/litchi-goal-0458/litchi-perf-baseline)

litchi-perf-bas 4074627 353187.350659:   44951871 cycles:u: 
	    5d3e62d994d7 <quick_xml::reader::ns_reader::NsReader<&[u8]>>::process_event+0x57 (/tmp/litchi-goal-0458/litchi-perf-baseline)

litchi-perf-bas 4074627 353187.360843:   44950614 cycles:u: 
	    5d3e64011f69 xml_minifier::audit::inspect_attributes+0x129 (/tmp/litchi-goal-0458/litchi-perf-baseline)
	               a [unknown] ([unknown])

litchi-perf-bas 4074627 353187.370927:   44633491 cycles:u: 
	    5d3e640d918c zlib_rs::deflate::algorithm::medium::deflate_medium+0xd3c (/tmp/litchi-goal-0458/litchi-perf-baseline)

litchi-perf-bas 4074627 353187.381011:   44746948 cycles:u: 
	    5d3e62d2f66f <litchi_odp::codec::parser::codec::Parser>::shape_builder+0xf1f (/tmp/litchi-goal-0458/litchi-perf-baseline)
	    5d3e62d96d83 <alloc::raw_vec::RawVecInner<_>>::reserve::do_reserve_and_handle::<alloc::alloc::Global>+0x63 (/tmp/litchi-goal-0458/litchi-perf-baseline)
	               e [unknown] ([unknown])

litchi-perf-bas 4074627 353187.391096:   44804919 cycles:u: 
	    5d3e640e196e <quick_xml::events::attributes::Attribute>::decoded_and_normalized_value_with::<quick_xml::escape::resolve_predefined_entity>+0x13e (/tmp/litchi-goal-0458/litchi-perf-baseline)
	               4 [unknown] ([unknown])

litchi-perf-bas 4074627 353187.401197:   44878274 cycles:u: 
	    5d3e641190b3 <memchr::arch::x86_64::avx2::memchr::One>::find_raw_avx2+0x3 (/tmp/litchi-goal-0458/litchi-perf-baseline)

litchi-perf-bas 4074627 353187.411299:   44934709 cycles:u: 
	    5d3e62d2f57e <litchi_odp::codec::parser::codec::Parser>::shape_builder+0xe2e (/tmp/litchi-goal-0458/litchi-perf-baseline)
	    5d3e62d96d83 <alloc::raw_vec::RawVecInner<_>>::reserve::do_reserve_and_handle::<alloc::alloc::Global>+0x63 (/tmp/litchi-goal-0458/litchi-perf-baseline)
	               e [unknown] ([unknown])

litchi-perf-bas 4074627 353187.421407:   44946767 cycles:u: 
	    5d3e63c9f35b <quick_xml::reader::Reader<&[u8]>>::read_event_impl::<()>+0x6bb (/tmp/litchi-goal-0458/litchi-perf-baseline)
	               8 [unknown] ([unknown])

litchi-perf-bas 4074627 353187.431575:   44931927 cycles:u: 
	    5d3e62d64f94 litchi_odp::model::slide::is_xml_local_name+0xd4 (/tmp/litchi-goal-0458/litchi-perf-baseline)
	        fffffffe [unknown] ([unknown])

litchi-perf-bas 4074627 353187.441639:   44706703 cycles:u: 
	    5d3e62d2f66f <litchi_odp::codec::parser::codec::Parser>::shape_builder+0xf1f (/tmp/litchi-goal-0458/litchi-perf-baseline)

litchi-perf-bas 4074627 353187.451725:   44841315 cycles:u: 
	    5d3e62d99494 <quick_xml::reader::ns_reader::NsReader<&[u8]>>::process_event+0x14 (/tmp/litchi-goal-0458/litchi-perf-baseline)
	              ff [unknown] ([unknown])

litchi-perf-bas 4074627 353187.461825:   44903064 cycles:u: 
	    5d3e640e1969 <quick_xml::events::attributes::Attribute>::decoded_and_normalized_value_with::<quick_xml::escape::resolve_predefined_entity>+0x139 (/tmp/litchi-goal-0458/litchi-perf-baseline)
	3a3a3a3a3a3a3a39 [unknown] ([unknown])

litchi-perf-bas 4074627 353187.471930:   44907607 cycles:u: 
	    5d3e640e1969 <quick_xml::events::attributes::Attribute>::decoded_and_normalized_value_with::<quick_xml::escape::resolve_predefined_entity>+0x139 (/tmp/litchi-goal-0458/litchi-perf-baseline)

litchi-perf-bas 4074627 353187.482029:   44913029 cycles:u: 
	    5d3e640e3854 <quick_xml::name::NamespaceResolver>::resolve_prefix+0x74 (/tmp/litchi-goal-0458/litchi-perf-baseline)
	    5d3e62dd3a67 litchi_odp::model::declaration::element_is+0x77 (/tmp/litchi-goal-0458/litchi-perf-baseline)

litchi-perf-bas 4074627 353187.492176:   44926440 cycles:u: 
	    5d3e640e354b <quick_xml::name::QName>::decompose+0xb (/tmp/litchi-goal-0458/litchi-perf-baseline)
	    5d3e62dd3a42 litchi_odp::model::declaration::element_is+0x52 (/tmp/litchi-goal-0458/litchi-perf-baseline)
	               c [unknown] ([unknown])

litchi-perf-bas 4074627 353187.502390:   44768590 cycles:u: 
	    5d3e62d86578 <litchi_odp::codec::content_source::scanner::Scanner>::run+0x138 (/tmp/litchi-goal-0458/litchi-perf-baseline)

litchi-perf-bas 4074627 353187.512430:   44573783 cycles:u: 
	    7bbd32fb2c80 __memcmp_evex_movbe+0x0 (/usr/lib/x86_64-linux-gnu/libc.so.6)
	    5d3e62df10f3 <litchi_odp::authoring::mutable::MutablePresentation>::retained_page+0x2c3 (/tmp/litchi-goal-0458/litchi-perf-baseline)
	            2000 [unknown] ([unknown])

litchi-perf-bas 4074627 353187.522532:   44807506 cycles:u: 
	    5d3e64014d37 <quick_xml::reader::Reader<&[u8]>>::read_event_impl::<()>+0x937 (/tmp/litchi-goal-0458/litchi-perf-baseline)

litchi-perf-bas 4074627 353187.532640:   44845429 cycles:u: 
	    5d3e64119dad memchr::arch::x86_64::memchr::memchr2_raw::find_avx2+0x2d (/tmp/litchi-goal-0458/litchi-perf-baseline)
	2626262626262625 [unknown] ([unknown])
	    5d3e62d7df2e <quick_xml::reader::Reader<&[u8]>>::read_event_impl::<&mut alloc::vec::Vec<u8>>+0x16e (/tmp/litchi-goal-0458/litchi-perf-baseline)

litchi-perf-bas 4074627 353187.542740:   44849221 cycles:u: 
	    5d3e640e1f9b <quick_xml::events::attributes::IterState>::next+0x10b (/tmp/litchi-goal-0458/litchi-perf-baseline)
	    5d3e640e1e8f [unknown] (/tmp/litchi-goal-0458/litchi-perf-baseline)

litchi-perf-bas 4074627 353187.552836:   44872684 cycles:u: 
	    7bbd32ebb605 _int_malloc+0xaf5 (/usr/lib/x86_64-linux-gnu/libc.so.6)
	    7bbd32ebc52e __libc_malloc2+0x11e (/usr/lib/x86_64-linux-gnu/libc.so.6)
	    5d3e62d9933c <alloc::raw_vec::RawVecInner>::finish_grow+0x7c (/tmp/litchi-goal-0458/litchi-perf-baseline)
	    5d3e640e36ca <quick_xml::name::NamespaceResolver>::resolve_event+0x12a (/tmp/litchi-goal-0458/litchi-perf-baseline)

litchi-perf-bas 4074627 353187.562970:   44901263 cycles:u: 
	    7bbd32eb959b unlink_chunk.isra.0+0x2b (/usr/lib/x86_64-linux-gnu/libc.so.6)
	    7bbd32ebb7f7 _int_malloc+0xce7 (/usr/lib/x86_64-linux-gnu/libc.so.6)
	    7bbd32ebc52e __libc_malloc2+0x11e (/usr/lib/x86_64-linux-gnu/libc.so.6)
	    5d3e62d9933c <alloc::raw_vec::RawVecInner>::finish_grow+0x7c (/tmp/litchi-goal-0458/litchi-perf-baseline)
	fffffffffffffffe [unknown] ([unknown])

litchi-perf-bas 4074627 353187.573057:   44843016 cycles:u: 
	    7bbd32fbcbdc __memset_avx512_unaligned_erms+0x9c (/usr/lib/x86_64-linux-gnu/libc.so.6)
	    5d3e63b9939b <core::io::util::Take<soapberry_zip::archive::ZipVerifier<&mut soapberry_zip::accounting::CountingReader<&mut flate2::deflate::read::DeflateDecoder<soapberry_zip::accounting::CountingReader<soapberry_zip::archive::ZipReader<&alloc::sync::Arc<alloc::vec::Vec<u8>>>>>>, &alloc::sync::Arc<alloc::vec::Vec<u8>>>> as std::io::Read>::read_buf+0x8b (/tmp/litchi-goal-0458/litchi-perf-baseline)

litchi-perf-bas 4074627 353187.583240:   44910254 cycles:u: 
	    5d3e640bd0dd crc32fast::specialized::pclmulqdq::calculate+0xcd (/tmp/litchi-goal-0458/litchi-perf-baseline)
	    5d3e640d776f [unknown] (/tmp/litchi-goal-0458/litchi-perf-baseline)
	              54 [unknown] ([unknown])

litchi-perf-bas 4074627 353187.593309:   44698167 cycles:u: 
	    5d3e640e3994 <quick_xml::name::NamespaceResolver>::resolve_prefix+0x1b4 (/tmp/litchi-goal-0458/litchi-perf-baseline)
	              30 [unknown] ([unknown])

litchi-perf-bas 4074627 353187.603393:   44809764 cycles:u: 
	    5d3e62d99494 <quick_xml::reader::ns_reader::NsReader<&[u8]>>::process_event+0x14 (/tmp/litchi-goal-0458/litchi-perf-baseline)
	              ff [unknown] ([unknown])

litchi-perf-bas 4074627 353187.613485:   44877401 cycles:u: 
	    5d3e640e3851 <quick_xml::name::NamespaceResolver>::resolve_prefix+0x71 (/tmp/litchi-goal-0458/litchi-perf-baseline)
	    5d3e62dcc847 <litchi_odp::codec::parser::codec::xml::validation::ElementAttrs>::resolve_at_scan+0x57 (/tmp/litchi-goal-0458/litchi-perf-baseline)

litchi-perf-bas 4074627 353187.623585:   44927339 cycles:u: 
	    5d3e62d2f036 <litchi_odp::codec::parser::codec::Parser>::shape_builder+0x8e6 (/tmp/litchi-goal-0458/litchi-perf-baseline)
	    5d3e62d96d83 <alloc::raw_vec::RawVecInner<_>>::reserve::do_reserve_and_handle::<alloc::alloc::Global>+0x63 (/tmp/litchi-goal-0458/litchi-perf-baseline)
	               e [unknown] ([unknown])

litchi-perf-bas 4074627 353187.633705:   44943788 cycles:u: 
	    5d3e640e3854 <quick_xml::name::NamespaceResolver>::resolve_prefix+0x74 (/tmp/litchi-goal-0458/litchi-perf-baseline)
	    5d3e62dd3a67 litchi_odp::model::declaration::element_is+0x77 (/tmp/litchi-goal-0458/litchi-perf-baseline)

litchi-perf-bas 4074627 353187.643805:   44919743 cycles:u: 
	    5d3e640e227c <quick_xml::events::attributes::IterState>::next+0x3ec (/tmp/litchi-goal-0458/litchi-perf-baseline)

litchi-perf-bas 4074627 353187.653907:   44934124 cycles:u: 
	    5d3e62d994d7 <quick_xml::reader::ns_reader::NsReader<&[u8]>>::process_event+0x57 (/tmp/litchi-goal-0458/litchi-perf-baseline)

litchi-perf-bas 4074627 353187.664016:   44948617 cycles:u: 
	    7bbd32fbc4ef __memmove_avx512_unaligned_erms+0x22f (/usr/lib/x86_64-linux-gnu/libc.so.6)
	    5d3e62d87ad7 <litchi_odp::codec::content_source::scanner::Scanner>::finish+0x157 (/tmp/litchi-goal-0458/litchi-perf-baseline)

litchi-perf-bas 4074627 353187.674178:   44938556 cycles:u: 
	    5d3e6401267f xml_minifier::audit::verify_with_policy+0x1bf (/tmp/litchi-goal-0458/litchi-perf-baseline)
	               a [unknown] ([unknown])

litchi-perf-bas 4074627 353187.684313:   44832151 cycles:u: 
	    5d3e640d918c zlib_rs::deflate::algorithm::medium::deflate_medium+0xd3c (/tmp/litchi-goal-0458/litchi-perf-baseline)

litchi-perf-bas 4074627 353187.694381:   44632950 cycles:u: 
	    5d3e62d2f294 <litchi_odp::codec::parser::codec::Parser>::shape_builder+0xb44 (/tmp/litchi-goal-0458/litchi-perf-baseline)
	    5d3e62d96d83 <alloc::raw_vec::RawVecInner<_>>::reserve::do_reserve_and_handle::<alloc::alloc::Global>+0x63 (/tmp/litchi-goal-0458/litchi-perf-baseline)
	               e [unknown] ([unknown])

litchi-perf-bas 4074627 353187.704450:   44771217 cycles:u: 
	    7bbd32fb2ca5 __memcmp_evex_movbe+0x25 (/usr/lib/x86_64-linux-gnu/libc.so.6)
	    5d3e640e0e4c <quick_xml::reader::state::ReaderState>::emit_end+0xdc (/tmp/litchi-goal-0458/litchi-perf-baseline)

litchi-perf-bas 4074627 353187.714547:   44889048 cycles:u: 
	    7bbd32fb2f48 __memcmp_evex_movbe+0x2c8 (/usr/lib/x86_64-linux-gnu/libc.so.6)
	    5d3e62dcd15f <litchi_odp::codec::parser::codec::xml::validation::ElementAttrs>::harvest_drawing_attribute+0xcf (/tmp/litchi-goal-0458/litchi-perf-baseline)

litchi-perf-bas 4074627 353187.724647:   44923258 cycles:u: 
	    5d3e640e36db <quick_xml::name::NamespaceResolver>::resolve_event+0x13b (/tmp/litchi-goal-0458/litchi-perf-baseline)

litchi-perf-bas 4074627 353187.734769:   44944336 cycles:u: 
	    5d3e63b96186 litchi_odf_common::package::edit::xml_splice_publication+0x1d6 (/tmp/litchi-goal-0458/litchi-perf-baseline)

litchi-perf-bas 4074627 353187.744886:   44899341 cycles:u: 
	    7bbd32ebe098 realloc+0x178 (/usr/lib/x86_64-linux-gnu/libc.so.6)
	    5d3e62d9931e <alloc::raw_vec::RawVecInner>::finish_grow+0x5e (/tmp/litchi-goal-0458/litchi-perf-baseline)
	fffffffffffffffe [unknown] ([unknown])

litchi-perf-bas 4074627 353187.755026:   44874587 cycles:u: 
	    5d3e640e1ba9 <quick_xml::events::attributes::IterState>::check_for_duplicates+0x159 (/tmp/litchi-goal-0458/litchi-perf-baseline)
	              60 [unknown] ([unknown])

litchi-perf-bas 4074627 353187.765118:   44801170 cycles:u: 
	    5d3e62d99480 <quick_xml::reader::ns_reader::NsReader<&[u8]>>::process_event+0x0 (/tmp/litchi-goal-0458/litchi-perf-baseline)

litchi-perf-bas 4074627 353187.775215:   44904625 cycles:u: 
	    5d3e62dcd82e <litchi_odp::codec::parser::codec::xml::validation::ElementAttrs>::get+0x8e (/tmp/litchi-goal-0458/litchi-perf-baseline)

litchi-perf-bas 4074627 353187.785325:   44931360 cycles:u: 
	    5d3e640e3845 <quick_xml::name::NamespaceResolver>::resolve_prefix+0x65 (/tmp/litchi-goal-0458/litchi-perf-baseline)
	    5d3e62dd3a67 litchi_odp::model::declaration::element_is+0x77 (/tmp/litchi-goal-0458/litchi-perf-baseline)

litchi-perf-bas 4074627 353187.795431:   44916734 cycles:u: 
	    5d3e640e3854 <quick_xml::name::NamespaceResolver>::resolve_prefix+0x74 (/tmp/litchi-goal-0458/litchi-perf-baseline)
	    5d3e62dd3a67 litchi_odp::model::declaration::element_is+0x77 (/tmp/litchi-goal-0458/litchi-perf-baseline)

litchi-perf-bas 4074627 353187.805526:   44910002 cycles:u: 
	    5d3e64119822 <memchr::arch::x86_64::avx2::memchr::Three>::find_raw_avx2+0x32 (/tmp/litchi-goal-0458/litchi-perf-baseline)
	2222222222222221 [unknown] ([unknown])

litchi-perf-bas 4074627 353187.815805:   44936986 cycles:u: 
	    5d3e640e1fd1 <quick_xml::events::attributes::IterState>::next+0x141 (/tmp/litchi-goal-0458/litchi-perf-baseline)

litchi-perf-bas 4074627 353187.825871:   44577346 cycles:u: 
	    5d3e6401267f xml_minifier::audit::verify_with_policy+0x1bf (/tmp/litchi-goal-0458/litchi-perf-baseline)
	               a [unknown] ([unknown])

litchi-perf-bas 4074627 353187.835966:   44693725 cycles:u: 
	    5d3e640d90de zlib_rs::deflate::algorithm::medium::deflate_medium+0xc8e (/tmp/litchi-goal-0458/litchi-perf-baseline)

litchi-perf-bas 4074627 353187.846033:   44668071 cycles:u: 
	    5d3e640e1fb6 <quick_xml::events::attributes::IterState>::next+0x126 (/tmp/litchi-goal-0458/litchi-perf-baseline)

litchi-perf-bas 4074627 353187.856133:   44792650 cycles:u: 
	    5d3e640e1ba2 <quick_xml::events::attributes::IterState>::check_for_duplicates+0x152 (/tmp/litchi-goal-0458/litchi-perf-baseline)

litchi-perf-bas 4074627 353187.866229:   44860934 cycles:u: 
	    5d3e640e0a55 <quick_xml::reader::state::ReaderState>::emit_start+0x35 (/tmp/litchi-goal-0458/litchi-perf-baseline)
	    5d3e640e3704 <quick_xml::name::NamespaceResolver>::resolve_event+0x164 (/tmp/litchi-goal-0458/litchi-perf-baseline)
	8000000000000000 [unknown] ([unknown])

litchi-perf-bas 4074627 353187.876333:   44900945 cycles:u: 
	    5d3e62dcd949 <litchi_odp::codec::parser::codec::xml::validation::ElementAttrs>::get+0x1a9 (/tmp/litchi-goal-0458/litchi-perf-baseline)
	    5d3e62d96d83 <alloc::raw_vec::RawVecInner<_>>::reserve::do_reserve_and_handle::<alloc::alloc::Global>+0x63 (/tmp/litchi-goal-0458/litchi-perf-baseline)
	               7 [unknown] ([unknown])

litchi-perf-bas 4074627 353187.886442:   44893997 cycles:u: 
	    5d3e64119814 <memchr::arch::x86_64::avx2::memchr::Three>::find_raw_avx2+0x24 (/tmp/litchi-goal-0458/litchi-perf-baseline)
	2222222222222221 [unknown] ([unknown])

litchi-perf-bas 4074627 353187.896560:   44889158 cycles:u: 
	    5d3e62d99494 <quick_xml::reader::ns_reader::NsReader<&[u8]>>::process_event+0x14 (/tmp/litchi-goal-0458/litchi-perf-baseline)
	              ff [unknown] ([unknown])

litchi-perf-bas 4074627 353187.906655:   44845987 cycles:u: 
	    5d3e640e1fc3 <quick_xml::events::attributes::IterState>::next+0x133 (/tmp/litchi-goal-0458/litchi-perf-baseline)
	               3 [unknown] ([unknown])

litchi-perf-bas 4074627 353187.916762:   44890845 cycles:u: 
	    7bbd32fb2f57 __memcmp_evex_movbe+0x2d7 (/usr/lib/x86_64-linux-gnu/libc.so.6)
	    5d3e62dcdd24 <litchi_odp::codec::parser::codec::xml::validation::ElementAttrs>::lookup+0x34 (/tmp/litchi-goal-0458/litchi-perf-baseline)
	               6 [unknown] ([unknown])

litchi-perf-bas 4074627 353187.926852:   44879692 cycles:u: 
	    5d3e62dcd7db <litchi_odp::codec::parser::codec::xml::validation::ElementAttrs>::get+0x3b (/tmp/litchi-goal-0458/litchi-perf-baseline)
	              11 [unknown] ([unknown])

litchi-perf-bas 4074627 353187.936959:   44940782 cycles:u: 
	    7bbd32fbc377 __memmove_avx512_unaligned_erms+0xb7 (/usr/lib/x86_64-linux-gnu/libc.so.6)
	    5d3e640e0afc <quick_xml::reader::state::ReaderState>::emit_start+0xdc (/tmp/litchi-goal-0458/litchi-perf-baseline)
	               9 [unknown] ([unknown])

litchi-perf-bas 4074627 353187.947097:   44920708 cycles:u: 
	    7bbd32fb2ca5 __memcmp_evex_movbe+0x25 (/usr/lib/x86_64-linux-gnu/libc.so.6)
	    5d3e640e3873 <quick_xml::name::NamespaceResolver>::resolve_prefix+0x93 (/tmp/litchi-goal-0458/litchi-perf-baseline)
	    5d3e62dd3a67 litchi_odp::model::declaration::element_is+0x77 (/tmp/litchi-goal-0458/litchi-perf-baseline)

litchi-perf-bas 4074627 353187.957193:   44853114 cycles:u: 
	    5d3e62e1aa85 litchi_odp::model::page_metadata::parse_page+0x155 (/tmp/litchi-goal-0458/litchi-perf-baseline)
	               7 [unknown] ([unknown])

litchi-perf-bas 4074627 353187.967294:   44925105 cycles:u: 
	    5d3e640e36db <quick_xml::name::NamespaceResolver>::resolve_event+0x13b (/tmp/litchi-goal-0458/litchi-perf-baseline)

litchi-perf-bas 4074627 353187.977428:   44943469 cycles:u: 
	    5d3e64014424 <quick_xml::reader::Reader<&[u8]>>::read_event_impl::<()>+0x24 (/tmp/litchi-goal-0458/litchi-perf-baseline)
	               c [unknown] ([unknown])

litchi-perf-bas 4074627 353187.987558:   44937198 cycles:u: 
	    5d3e640d90de zlib_rs::deflate::algorithm::medium::deflate_medium+0xc8e (/tmp/litchi-goal-0458/litchi-perf-baseline)

litchi-perf-bas 4074627 353187.997658:   44829945 cycles:u: 
	    5d3e640e37e0 <quick_xml::name::NamespaceResolver>::resolve_prefix+0x0 (/tmp/litchi-goal-0458/litchi-perf-baseline)

litchi-perf-bas 4074627 353188.007799:   44849316 cycles:u: 
	    5d3e640e1969 <quick_xml::events::attributes::Attribute>::decoded_and_normalized_value_with::<quick_xml::escape::resolve_predefined_entity>+0x139 (/tmp/litchi-goal-0458/litchi-perf-baseline)
	               6 [unknown] ([unknown])

litchi-perf-bas 4074627 353188.017866:   44723335 cycles:u: 
	    5d3e61f84110 __rustc::__rust_dealloc+0x0 (/tmp/litchi-goal-0458/litchi-perf-baseline)
	3e3e3e3e3e3e3e3d [unknown] ([unknown])

litchi-perf-bas 4074627 353188.027956:   44854487 cycles:u: 
	    7bbd32ebd6a8 malloc+0x48 (/usr/lib/x86_64-linux-gnu/libc.so.6)
	    5d3e62d9933c <alloc::raw_vec::RawVecInner>::finish_grow+0x7c (/tmp/litchi-goal-0458/litchi-perf-baseline)

litchi-perf-bas 4074627 353188.038054:   44901850 cycles:u: 
	    5d3e640bd0dd crc32fast::specialized::pclmulqdq::calculate+0xcd (/tmp/litchi-goal-0458/litchi-perf-baseline)
	    5d3e640d776f [unknown] (/tmp/litchi-goal-0458/litchi-perf-baseline)
	              54 [unknown] ([unknown])

litchi-perf-bas 4074627 353188.048201:   44941088 cycles:u: 
	    5d3e640e1fd1 <quick_xml::events::attributes::IterState>::next+0x141 (/tmp/litchi-goal-0458/litchi-perf-baseline)

litchi-perf-bas 4074627 353188.058302:   44861516 cycles:u: 
	    7bbd32fb2ca5 __memcmp_evex_movbe+0x25 (/usr/lib/x86_64-linux-gnu/libc.so.6)
	    5d3e640e0e4c <quick_xml::reader::state::ReaderState>::emit_end+0xdc (/tmp/litchi-goal-0458/litchi-perf-baseline)

litchi-perf-bas 4074627 353188.068393:   44887303 cycles:u: 
	    5d3e640e3994 <quick_xml::name::NamespaceResolver>::resolve_prefix+0x1b4 (/tmp/litchi-goal-0458/litchi-perf-baseline)
	              37 [unknown] ([unknown])

litchi-perf-bas 4074627 353188.078489:   44928361 cycles:u: 
	    5d3e62d821dc <&[u8] as quick_xml::reader::XmlSource<&mut alloc::vec::Vec<u8>>>::read_with::<quick_xml::parser::element::ElementParser>+0xdc (/tmp/litchi-goal-0458/litchi-perf-baseline)
	          4850a0 [unknown] ([unknown])

litchi-perf-bas 4074627 353188.088603:   44965439 cycles:u: 
	    5d3e64172374 core::str::converts::from_utf8+0x94 (/tmp/litchi-goal-0458/litchi-perf-baseline)

litchi-perf-bas 4074627 353188.098716:   44948412 cycles:u: 
	    5d3e640e3914 <quick_xml::name::NamespaceResolver>::resolve_prefix+0x134 (/tmp/litchi-goal-0458/litchi-perf-baseline)
	    5d3e62dd3a67 litchi_odp::model::declaration::element_is+0x77 (/tmp/litchi-goal-0458/litchi-perf-baseline)

litchi-perf-bas 4074627 353188.108822:   44932536 cycles:u: 
	    7bbd32fb2cb7 __memcmp_evex_movbe+0x37 (/usr/lib/x86_64-linux-gnu/libc.so.6)
	    5d3e640e3873 <quick_xml::name::NamespaceResolver>::resolve_prefix+0x93 (/tmp/litchi-goal-0458/litchi-perf-baseline)
	    5d3e62e1a897 litchi_odp::model::page_metadata::element_is+0x77 (/tmp/litchi-goal-0458/litchi-perf-baseline)
	3a3a3a3a3a3a3a39 [unknown] ([unknown])

litchi-perf-bas 4074627 353188.118931:   44921706 cycles:u: 
	    5d3e62d864c0 <litchi_odp::codec::content_source::scanner::Scanner>::run+0x80 (/tmp/litchi-goal-0458/litchi-perf-baseline)

litchi-perf-bas 4074627 353188.129028:   44913477 cycles:u: 
	    5d3e62dffedb <core::iter::adapters::map::Map<core::ops::range::Range<usize>, litchi_odp::model::page_metadata::effective_page_names::{closure#0}> as core::iter::traits::iterator::Iterator>::try_fold::<(), <core::iter::adapters::GenericShunt<core::iter::adapters::map::Map<core::ops::range::Range<usize>, litchi_odp::model::page_metadata::effective_page_names::{closure#0}>, core::result::Result<core::convert::Infallible, litchi_core::error::types::Error>> as core::iter::traits::iterator::Iterator>::try_fold<(), core::iter::traits::iterator::Iterator::try_for_each::call<alloc::string::String, core::ops::control_flow::ControlFlow<alloc::string::String>, core::ops::control_flow::ControlFlow<alloc::string::String>::Break>::{closure#0}, core::ops::control_flow::ControlFlow<alloc::string::String>>::{closure#0}, core::ops::control_flow::ControlFlow<core::ops::control_flow::ControlFlow<alloc::string::String>>>+0xfb (/tmp/litchi-goal-0458/litchi-perf-baseline)

litchi-perf-bas 4074627 353188.139359:   44948646 cycles:u: 
	    7bbd32ebd660 malloc+0x0 (/usr/lib/x86_64-linux-gnu/libc.so.6)
	    5d3e640e4e7c <alloc::raw_vec::RawVecInner>::finish_grow+0x7c (/tmp/litchi-goal-0458/litchi-perf-baseline)
	    5d3e640e21a3 <quick_xml::events::attributes::IterState>::next+0x313 (/tmp/litchi-goal-0458/litchi-perf-baseline)
	           3d08f [unknown] ([unknown])

litchi-perf-bas 4074627 353188.149772:   46237902 cycles:u: 
	    7bbd32fbc4f6 __memmove_avx512_unaligned_erms+0x236 (/usr/lib/x86_64-linux-gnu/libc.so.6)
	    5d3e640da5b6 <zlib_rs::inflate::window::Window>::extend+0x196 (/tmp/litchi-goal-0458/litchi-perf-baseline)
	           e1ad7 [unknown] ([unknown])

litchi-perf-bas 4074627 353188.159961:   45228354 cycles:u: 
	    5d3e62dcd949 <litchi_odp::codec::parser::codec::xml::validation::ElementAttrs>::get+0x1a9 (/tmp/litchi-goal-0458/litchi-perf-baseline)
	    5d3e62d96d83 <alloc::raw_vec::RawVecInner<_>>::reserve::do_reserve_and_handle::<alloc::alloc::Global>+0x63 (/tmp/litchi-goal-0458/litchi-perf-baseline)
	               7 [unknown] ([unknown])

litchi-perf-bas 4074627 353188.170066:   44943732 cycles:u: 
	    5d3e6411a010 memchr::arch::x86_64::memchr::memchr3_raw::find_avx2+0x0 (/tmp/litchi-goal-0458/litchi-perf-baseline)

litchi-perf-bas 4074627 353188.180181:   44941079 cycles:u: 
	    7bbd32ebc425 __libc_malloc2+0x15 (/usr/lib/x86_64-linux-gnu/libc.so.6)
	    5d3e62d9933c <alloc::raw_vec::RawVecInner>::finish_grow+0x7c (/tmp/litchi-goal-0458/litchi-perf-baseline)
	    5d3e640e36ca <quick_xml::name::NamespaceResolver>::resolve_event+0x12a (/tmp/litchi-goal-0458/litchi-perf-baseline)

litchi-perf-bas 4074627 353188.190290:   44959535 cycles:u: 
	    5d3e62d27e55 <litchi_odp::codec::parser::codec::Parser>::parse_slides_with_styles+0x14f5 (/tmp/litchi-goal-0458/litchi-perf-baseline)
	    5d3e62d3a982 <litchi_odp::authoring::edit::Snapshot>::from_owned_package+0x232 (/tmp/litchi-goal-0458/litchi-perf-baseline)
	          ffffff [unknown] ([unknown])

litchi-perf-bas 4074627 353188.200457:   44961859 cycles:u: 
	    7bbd32fbcbce __memset_avx512_unaligned_erms+0x8e (/usr/lib/x86_64-linux-gnu/libc.so.6)
	    5d3e63b9939b <core::io::util::Take<soapberry_zip::archive::ZipVerifier<&mut soapberry_zip::accounting::CountingReader<&mut flate2::deflate::read::DeflateDecoder<soapberry_zip::accounting::CountingReader<soapberry_zip::archive::ZipReader<&alloc::sync::Arc<alloc::vec::Vec<u8>>>>>>, &alloc::sync::Arc<alloc::vec::Vec<u8>>>> as std::io::Read>::read_buf+0x8b (/tmp/litchi-goal-0458/litchi-perf-baseline)

litchi-perf-bas 4074627 353188.210542:   44778840 cycles:u: 
	    5d3e62d2732d <litchi_odp::codec::parser::codec::Parser>::parse_slides_with_styles+0x9cd (/tmp/litchi-goal-0458/litchi-perf-baseline)

litchi-perf-bas 4074627 353188.220626:   44854537 cycles:u: 
	    7bbd32ebaa11 _int_free_chunk+0x1 (/usr/lib/x86_64-linux-gnu/libc.so.6)
	    5d3e62d2dd0d <litchi_odp::codec::parser::codec::Parser>::finish_shape+0x41d (/tmp/litchi-goal-0458/litchi-perf-baseline)

litchi-perf-bas 4074627 353188.230724:   44924434 cycles:u: 
	    5d3e640e1969 <quick_xml::events::attributes::Attribute>::decoded_and_normalized_value_with::<quick_xml::escape::resolve_predefined_entity>+0x139 (/tmp/litchi-goal-0458/litchi-perf-baseline)
	3a3a3a3a3a3a3a39 [unknown] ([unknown])

litchi-perf-bas 4074627 353188.240822:   44963332 cycles:u: 
	    5d3e62dcd949 <litchi_odp::codec::parser::codec::xml::validation::ElementAttrs>::get+0x1a9 (/tmp/litchi-goal-0458/litchi-perf-baseline)
	    5d3e62d96d83 <alloc::raw_vec::RawVecInner<_>>::reserve::do_reserve_and_handle::<alloc::alloc::Global>+0x63 (/tmp/litchi-goal-0458/litchi-perf-baseline)
	               7 [unknown] ([unknown])

litchi-perf-bas 4074627 353188.250947:   44980597 cycles:u: 
	    5d3e64119576 <memchr::arch::x86_64::avx2::memchr::Two>::find_raw_avx2+0x6 (/tmp/litchi-goal-0458/litchi-perf-baseline)
	          40c44d [unknown] ([unknown])

litchi-perf-bas 4074627 353188.261096:   44947978 cycles:u: 
	    5d3e62d99494 <quick_xml::reader::ns_reader::NsReader<&[u8]>>::process_event+0x14 (/tmp/litchi-goal-0458/litchi-perf-baseline)
	dfda1b564d82ebcb [unknown] ([unknown])

litchi-perf-bas 4074627 353188.271183:   44826757 cycles:u: 
	    5d3e62d99494 <quick_xml::reader::ns_reader::NsReader<&[u8]>>::process_event+0x14 (/tmp/litchi-goal-0458/litchi-perf-baseline)

litchi-perf-bas 4074627 353188.281280:   44932332 cycles:u: 
	    5d3e64119822 <memchr::arch::x86_64::avx2::memchr::Three>::find_raw_avx2+0x32 (/tmp/litchi-goal-0458/litchi-perf-baseline)
	2222222222222221 [unknown] ([unknown])

litchi-perf-bas 4074627 353188.291438:   44955968 cycles:u: 
	    5d3e6411958f <memchr::arch::x86_64::avx2::memchr::Two>::find_raw_avx2+0x1f (/tmp/litchi-goal-0458/litchi-perf-baseline)
	               3 [unknown] ([unknown])

litchi-perf-bas 4074627 353188.301522:   44808949 cycles:u: 
	    5d3e640d9173 zlib_rs::deflate::algorithm::medium::deflate_medium+0xd23 (/tmp/litchi-goal-0458/litchi-perf-baseline)

litchi-perf-bas 4074627 353188.311630:   44869319 cycles:u: 
	    5d3e62dcd949 <litchi_odp::codec::parser::codec::xml::validation::ElementAttrs>::get+0x1a9 (/tmp/litchi-goal-0458/litchi-perf-baseline)
	    5d3e62d96d83 <alloc::raw_vec::RawVecInner<_>>::reserve::do_reserve_and_handle::<alloc::alloc::Global>+0x63 (/tmp/litchi-goal-0458/litchi-perf-baseline)
	               7 [unknown] ([unknown])

litchi-perf-bas 4074627 353188.321721:   44859492 cycles:u: 
	    7bbd32ebc9b8 _int_realloc+0xc8 (/usr/lib/x86_64-linux-gnu/libc.so.6)
	    7bbd32ebe0ce realloc+0x1ae (/usr/lib/x86_64-linux-gnu/libc.so.6)
	    5d3e62d9931e <alloc::raw_vec::RawVecInner>::finish_grow+0x5e (/tmp/litchi-goal-0458/litchi-perf-baseline)
	fffffffffffffffe [unknown] ([unknown])

litchi-perf-bas 4074627 353188.331870:   44903184 cycles:u: 
	    5d3e640e1969 <quick_xml::events::attributes::Attribute>::decoded_and_normalized_value_with::<quick_xml::escape::resolve_predefined_entity>+0x139 (/tmp/litchi-goal-0458/litchi-perf-baseline)
	               6 [unknown] ([unknown])

litchi-perf-bas 4074627 353188.341938:   44797024 cycles:u: 
	    5d3e62d7e007 <quick_xml::reader::Reader<&[u8]>>::read_event_impl::<&mut alloc::vec::Vec<u8>>+0x247 (/tmp/litchi-goal-0458/litchi-perf-baseline)

litchi-perf-bas 4074627 353188.352053:   44914032 cycles:u: 
	    5d3e63b96186 litchi_odf_common::package::edit::xml_splice_publication+0x1d6 (/tmp/litchi-goal-0458/litchi-perf-baseline)

litchi-perf-bas 4074627 353188.362190:   44880903 cycles:u: 
	    5d3e640e4e00 <alloc::raw_vec::RawVecInner>::finish_grow+0x0 (/tmp/litchi-goal-0458/litchi-perf-baseline)
	              3f [unknown] ([unknown])
	    5d3e62dcdd24 <litchi_odp::codec::parser::codec::xml::validation::ElementAttrs>::lookup+0x34 (/tmp/litchi-goal-0458/litchi-perf-baseline)
	               5 [unknown] ([unknown])

litchi-perf-bas 4074627 353188.372288:   44891336 cycles:u: 
	    5d3e64172302 core::str::converts::from_utf8+0x22 (/tmp/litchi-goal-0458/litchi-perf-baseline)

litchi-perf-bas 4074627 353188.382385:   44887233 cycles:u: 
	    5d3e62dcc98b <litchi_odp::codec::parser::codec::xml::validation::ElementAttrs>::drawing_attributes+0x7b (/tmp/litchi-goal-0458/litchi-perf-baseline)
	               e [unknown] ([unknown])

litchi-perf-bas 4074627 353188.392482:   44918447 cycles:u: 
	    5d3e640e0a91 <quick_xml::reader::state::ReaderState>::emit_start+0x71 (/tmp/litchi-goal-0458/litchi-perf-baseline)
	    5d3e640e3704 <quick_xml::name::NamespaceResolver>::resolve_event+0x164 (/tmp/litchi-goal-0458/litchi-perf-baseline)
	8000000000000000 [unknown] ([unknown])

litchi-perf-bas 4074627 353188.402594:   44937733 cycles:u: 
	    7bbd32fb2c80 __memcmp_evex_movbe+0x0 (/usr/lib/x86_64-linux-gnu/libc.so.6)
	    5d3e640e3873 <quick_xml::name::NamespaceResolver>::resolve_prefix+0x93 (/tmp/litchi-goal-0458/litchi-perf-baseline)
	    5d3e62dd3a67 litchi_odp::model::declaration::element_is+0x77 (/tmp/litchi-goal-0458/litchi-perf-baseline)

litchi-perf-bas 4074627 353188.412692:   44922924 cycles:u: 
	    7bbd32fb2ca5 __memcmp_evex_movbe+0x25 (/usr/lib/x86_64-linux-gnu/libc.so.6)
	    5d3e640e3873 <quick_xml::name::NamespaceResolver>::resolve_prefix+0x93 (/tmp/litchi-goal-0458/litchi-perf-baseline)
	    5d3e62e1a897 litchi_odp::model::page_metadata::element_is+0x77 (/tmp/litchi-goal-0458/litchi-perf-baseline)
	3a3a3a3a3a3a3a39 [unknown] ([unknown])

litchi-perf-bas 4074627 353188.422797:   44942994 cycles:u: 
	    7bbd32fb2ca5 __memcmp_evex_movbe+0x25 (/usr/lib/x86_64-linux-gnu/libc.so.6)
	    5d3e640e3873 <quick_xml::name::NamespaceResolver>::resolve_prefix+0x93 (/tmp/litchi-goal-0458/litchi-perf-baseline)
	    5d3e640e3704 <quick_xml::name::NamespaceResolver>::resolve_event+0x164 (/tmp/litchi-goal-0458/litchi-perf-baseline)
	8000000000000039 [unknown] ([unknown])

litchi-perf-bas 4074627 353188.432913:   44955826 cycles:u: 
	    5d3e62d8667c <litchi_odp::codec::content_source::scanner::Scanner>::run+0x23c (/tmp/litchi-goal-0458/litchi-perf-baseline)

litchi-perf-bas 4074627 353188.443063:   44906458 cycles:u: 
	    5d3e64119828 <memchr::arch::x86_64::avx2::memchr::Three>::find_raw_avx2+0x38 (/tmp/litchi-goal-0458/litchi-perf-baseline)
	2222222222222221 [unknown] ([unknown])

litchi-perf-bas 4074627 353188.453336:   44754170 cycles:u: 
	    5d3e640dada8 zlib_rs::deflate::longest_match::longest_match+0x1a8 (/tmp/litchi-goal-0458/litchi-perf-baseline)
	            3fff [unknown] ([unknown])

litchi-perf-bas 4074627 353188.463720:   46120128 cycles:u: 
	    7bbd32fbc377 __memmove_avx512_unaligned_erms+0xb7 (/usr/lib/x86_64-linux-gnu/libc.so.6)
	    5d3e640e0afc <quick_xml::reader::state::ReaderState>::emit_start+0xdc (/tmp/litchi-goal-0458/litchi-perf-baseline)
	    5d3e640e3704 <quick_xml::name::NamespaceResolver>::resolve_event+0x164 (/tmp/litchi-goal-0458/litchi-perf-baseline)
	8000000000000000 [unknown] ([unknown])

litchi-perf-bas 4074627 353188.473885:   45190135 cycles:u: 
	    5d3e62d99494 <quick_xml::reader::ns_reader::NsReader<&[u8]>>::process_event+0x14 (/tmp/litchi-goal-0458/litchi-perf-baseline)
	              ff [unknown] ([unknown])

litchi-perf-bas 4074627 353188.484002:   44991280 cycles:u: 
	    7bbd32fb2cd3 __memcmp_evex_movbe+0x53 (/usr/lib/x86_64-linux-gnu/libc.so.6)
	    5d3e62dcdd24 <litchi_odp::codec::parser::codec::xml::validation::ElementAttrs>::lookup+0x34 (/tmp/litchi-goal-0458/litchi-perf-baseline)
	               6 [unknown] ([unknown])

litchi-perf-bas 4074627 353188.494122:   44952828 cycles:u: 
	    7bbd32ebb7d9 _int_malloc+0xcc9 (/usr/lib/x86_64-linux-gnu/libc.so.6)
	    7bbd32ebc52e __libc_malloc2+0x11e (/usr/lib/x86_64-linux-gnu/libc.so.6)
	    5d3e62d9933c <alloc::raw_vec::RawVecInner>::finish_grow+0x7c (/tmp/litchi-goal-0458/litchi-perf-baseline)
	    5d3e62dcd990 <litchi_odp::codec::parser::codec::xml::validation::ElementAttrs>::get+0x1f0 (/tmp/litchi-goal-0458/litchi-perf-baseline)
	3a3a3a3a3a3a3a39 [unknown] ([unknown])

litchi-perf-bas 4074627 353188.504245:   44963441 cycles:u: 
	    5d3e6411a031 memchr::arch::x86_64::memchr::memchr3_raw::find_avx2+0x21 (/tmp/litchi-goal-0458/litchi-perf-baseline)
	2727272727272726 [unknown] ([unknown])
	    5d3e63c9f33f <quick_xml::reader::Reader<&[u8]>>::read_event_impl::<()>+0x69f (/tmp/litchi-goal-0458/litchi-perf-baseline)
	               8 [unknown] ([unknown])

litchi-perf-bas 4074627 353188.514365:   44903451 cycles:u: 
	    5d3e640e3719 <quick_xml::name::NamespaceResolver>::resolve_event+0x179 (/tmp/litchi-goal-0458/litchi-perf-baseline)

litchi-perf-bas 4074627 353188.524509:   44870563 cycles:u: 
	    5d3e62e1303f <litchi_odp::codec::parser::model::ParagraphText>::push_text+0xcf (/tmp/litchi-goal-0458/litchi-perf-baseline)
	2727272727272726 [unknown] ([unknown])

litchi-perf-bas 4074627 353188.534589:   44800149 cycles:u: 
	    5d3e640e3719 <quick_xml::name::NamespaceResolver>::resolve_event+0x179 (/tmp/litchi-goal-0458/litchi-perf-baseline)

litchi-perf-bas 4074627 353188.544678:   44892537 cycles:u: 
	    7bbd32ebd660 malloc+0x0 (/usr/lib/x86_64-linux-gnu/libc.so.6)
	    5d3e62d1faea <litchi_odp::codec::parser::codec::Parser>::decode_text+0xea (/tmp/litchi-goal-0458/litchi-perf-baseline)
	fffffffffffffffe [unknown] ([unknown])
	7fffffffffffffff [unknown] ([unknown])

litchi-perf-bas 4074627 353188.554795:   44938154 cycles:u: 
	    5d3e62d994d7 <quick_xml::reader::ns_reader::NsReader<&[u8]>>::process_event+0x57 (/tmp/litchi-goal-0458/litchi-perf-baseline)
	 8cd7d4538df7bb1 [unknown] ([unknown])

litchi-perf-bas 4074627 353188.564892:   44906763 cycles:u: 
	    5d3e640e3994 <quick_xml::name::NamespaceResolver>::resolve_prefix+0x1b4 (/tmp/litchi-goal-0458/litchi-perf-baseline)
	               9 [unknown] ([unknown])

litchi-perf-bas 4074627 353188.574990:   44929945 cycles:u: 
	    7bbd32fb2ca5 __memcmp_evex_movbe+0x25 (/usr/lib/x86_64-linux-gnu/libc.so.6)
	    5d3e640e0e4c <quick_xml::reader::state::ReaderState>::emit_end+0xdc (/tmp/litchi-goal-0458/litchi-perf-baseline)

litchi-perf-bas 4074627 353188.585138:   44955559 cycles:u: 
	    5d3e641197fe <memchr::arch::x86_64::avx2::memchr::Three>::find_raw_avx2+0xe (/tmp/litchi-goal-0458/litchi-perf-baseline)
	2222222222222221 [unknown] ([unknown])

litchi-perf-bas 4074627 353188.595256:   44868056 cycles:u: 
	    5d3e64011f31 xml_minifier::audit::inspect_attributes+0xf1 (/tmp/litchi-goal-0458/litchi-perf-baseline)
	               a [unknown] ([unknown])

litchi-perf-bas 4074627 353188.605340:   44807374 cycles:u: 
	    5d3e640d918c zlib_rs::deflate::algorithm::medium::deflate_medium+0xd3c (/tmp/litchi-goal-0458/litchi-perf-baseline)

litchi-perf-bas 4074627 353188.615457:   44873065 cycles:u: 
	    5d3e62dcd949 <litchi_odp::codec::parser::codec::xml::validation::ElementAttrs>::get+0x1a9 (/tmp/litchi-goal-0458/litchi-perf-baseline)
	    5d3e62d96d83 <alloc::raw_vec::RawVecInner<_>>::reserve::do_reserve_and_handle::<alloc::alloc::Global>+0x63 (/tmp/litchi-goal-0458/litchi-perf-baseline)
	               7 [unknown] ([unknown])

litchi-perf-bas 4074627 353188.625553:   44830145 cycles:u: 
	    5d3e640e3580 <quick_xml::name::QName>::decompose+0x40 (/tmp/litchi-goal-0458/litchi-perf-baseline)

litchi-perf-bas 4074627 353188.635649:   44860014 cycles:u: 
	    7bbd32fb2ca5 __memcmp_evex_movbe+0x25 (/usr/lib/x86_64-linux-gnu/libc.so.6)
	    5d3e640e0e4c <quick_xml::reader::state::ReaderState>::emit_end+0xdc (/tmp/litchi-goal-0458/litchi-perf-baseline)

litchi-perf-bas 4074627 353188.645780:   44876489 cycles:u: 
	    5d3e62dcd434 <litchi_odp::codec::parser::codec::xml::validation::ElementAttrs>::harvest_drawing_attribute+0x3a4 (/tmp/litchi-goal-0458/litchi-perf-baseline)

litchi-perf-bas 4074627 353188.655847:   44723526 cycles:u: 
	    5d3e640cd033 zlib_rs::inflate::inflate_fast_help_avx2+0x333 (/tmp/litchi-goal-0458/litchi-perf-baseline)
	    5d3e640da5b6 <zlib_rs::inflate::window::Window>::extend+0x196 (/tmp/litchi-goal-0458/litchi-perf-baseline)
	              11 [unknown] ([unknown])

litchi-perf-bas 4074627 353188.665955:   44861313 cycles:u: 
	    5d3e62d99494 <quick_xml::reader::ns_reader::NsReader<&[u8]>>::process_event+0x14 (/tmp/litchi-goal-0458/litchi-perf-baseline)
	              ff [unknown] ([unknown])

litchi-perf-bas 4074627 353188.676055:   44851806 cycles:u: 
	    5d3e62d822d7 <&[u8] as quick_xml::reader::XmlSource<&mut alloc::vec::Vec<u8>>>::read_with::<quick_xml::parser::element::ElementParser>+0x1d7 (/tmp/litchi-goal-0458/litchi-perf-baseline)
	               2 [unknown] ([unknown])

litchi-perf-bas 4074627 353188.686162:   44867659 cycles:u: 
	    5d3e64172374 core::str::converts::from_utf8+0x94 (/tmp/litchi-goal-0458/litchi-perf-baseline)

litchi-perf-bas 4074627 353188.696258:   44911603 cycles:u: 
	    5d3e62dcd8b2 <litchi_odp::codec::parser::codec::xml::validation::ElementAttrs>::get+0x112 (/tmp/litchi-goal-0458/litchi-perf-baseline)

litchi-perf-bas 4074627 353188.706364:   44930202 cycles:u: 
	    7bbd32fbc2d3 __memmove_avx512_unaligned_erms+0x13 (/usr/lib/x86_64-linux-gnu/libc.so.6)
	    5d3e62df5c5a <litchi_odp::authoring::mutable::MutablePresentation>::from_presentation_with_validated_slides+0xda (/tmp/litchi-goal-0458/litchi-perf-baseline)

litchi-perf-bas 4074627 353188.716519:   44950055 cycles:u: 
	    5d3e62dd39f0 litchi_odp::model::declaration::element_is+0x0 (/tmp/litchi-goal-0458/litchi-perf-baseline)

litchi-perf-bas 4074627 353188.726602:   44829326 cycles:u: 
	    7bbd32fb2c80 __memcmp_evex_movbe+0x0 (/usr/lib/x86_64-linux-gnu/libc.so.6)
	    5d3e640e3873 <quick_xml::name::NamespaceResolver>::resolve_prefix+0x93 (/tmp/litchi-goal-0458/litchi-perf-baseline)
	    5d3e62dd3a67 litchi_odp::model::declaration::element_is+0x77 (/tmp/litchi-goal-0458/litchi-perf-baseline)

litchi-perf-bas 4074627 353188.736698:   44907334 cycles:u: 
	    5d3e62d99530 <quick_xml::reader::ns_reader::NsReader<&[u8]>>::process_event+0xb0 (/tmp/litchi-goal-0458/litchi-perf-baseline)

litchi-perf-bas 4074627 353188.746804:   44931011 cycles:u: 
	    5d3e62dffedb <core::iter::adapters::map::Map<core::ops::range::Range<usize>, litchi_odp::model::page_metadata::effective_page_names::{closure#0}> as core::iter::traits::iterator::Iterator>::try_fold::<(), <core::iter::adapters::GenericShunt<core::iter::adapters::map::Map<core::ops::range::Range<usize>, litchi_odp::model::page_metadata::effective_page_names::{closure#0}>, core::result::Result<core::convert::Infallible, litchi_core::error::types::Error>> as core::iter::traits::iterator::Iterator>::try_fold<(), core::iter::traits::iterator::Iterator::try_for_each::call<alloc::string::String, core::ops::control_flow::ControlFlow<alloc::string::String>, core::ops::control_flow::ControlFlow<alloc::string::String>::Break>::{closure#0}, core::ops::control_flow::ControlFlow<alloc::string::String>>::{closure#0}, core::ops::control_flow::ControlFlow<core::ops::control_flow::ControlFlow<alloc::string::String>>>+0xfb (/tmp/litchi-goal-0458/litchi-perf-baseline)

litchi-perf-bas 4074627 353188.756953:   44944651 cycles:u: 
	    5d3e640e1fd1 <quick_xml::events::attributes::IterState>::next+0x141 (/tmp/litchi-goal-0458/litchi-perf-baseline)
	    5d3e641199e6 <memchr::arch::x86_64::avx2::memchr::Three>::find_raw+0x66 (/tmp/litchi-goal-0458/litchi-perf-baseline)

litchi-perf-bas 4074627 353188.767202:   44817369 cycles:u: 
	    5d3e640dadc5 zlib_rs::deflate::longest_match::longest_match+0x1c5 (/tmp/litchi-goal-0458/litchi-perf-baseline)
	            3fff [unknown] ([unknown])

litchi-perf-bas 4074627 353188.777698:   46307170 cycles:u: 
	    5d3e62dcd809 <litchi_odp::codec::parser::codec::xml::validation::ElementAttrs>::get+0x69 (/tmp/litchi-goal-0458/litchi-perf-baseline)

litchi-perf-bas 4074627 353188.787863:   45147587 cycles:u: 
	    5d3e640e1f06 <quick_xml::events::attributes::IterState>::next+0x76 (/tmp/litchi-goal-0458/litchi-perf-baseline)
	               7 [unknown] ([unknown])
	              7d [unknown] ([unknown])

litchi-perf-bas 4074627 353188.797961:   44883337 cycles:u: 
	    5d3e62dcd9db <litchi_odp::codec::parser::codec::xml::validation::ElementAttrs>::get+0x23b (/tmp/litchi-goal-0458/litchi-perf-baseline)
	    5d3e62d96d83 <alloc::raw_vec::RawVecInner<_>>::reserve::do_reserve_and_handle::<alloc::alloc::Global>+0x63 (/tmp/litchi-goal-0458/litchi-perf-baseline)
	               7 [unknown] ([unknown])

litchi-perf-bas 4074627 353188.808065:   44914886 cycles:u: 
	    5d3e640e2281 <quick_xml::events::attributes::IterState>::next+0x3f1 (/tmp/litchi-goal-0458/litchi-perf-baseline)

litchi-perf-bas 4074627 353188.818210:   44916838 cycles:u: 
	    7bbd32ebaa47 _int_free_chunk+0x37 (/usr/lib/x86_64-linux-gnu/libc.so.6)
	    5d3e62d7156b core::ptr::drop_glue::<litchi_odp::model::slide::Slide>+0x2b (/tmp/litchi-goal-0458/litchi-perf-baseline)

litchi-perf-bas 4074627 353188.828317:   44869428 cycles:u: 
	    5d3e62dcd82e <litchi_odp::codec::parser::codec::xml::validation::ElementAttrs>::get+0x8e (/tmp/litchi-goal-0458/litchi-perf-baseline)

litchi-perf-bas 4074627 353188.838411:   44858333 cycles:u: 
	    7bbd32fb2cb7 __memcmp_evex_movbe+0x37 (/usr/lib/x86_64-linux-gnu/libc.so.6)
	    5d3e640e3873 <quick_xml::name::NamespaceResolver>::resolve_prefix+0x93 (/tmp/litchi-goal-0458/litchi-perf-baseline)
	    5d3e640e3704 <quick_xml::name::NamespaceResolver>::resolve_event+0x164 (/tmp/litchi-goal-0458/litchi-perf-baseline)
	8000000000000000 [unknown] ([unknown])

litchi-perf-bas 4074627 353188.848526:   44904124 cycles:u: 
	    5d3e62d821de <&[u8] as quick_xml::reader::XmlSource<&mut alloc::vec::Vec<u8>>>::read_with::<quick_xml::parser::element::ElementParser>+0xde (/tmp/litchi-goal-0458/litchi-perf-baseline)
	          43b512 [unknown] ([unknown])

litchi-perf-bas 4074627 353188.858621:   44863887 cycles:u: 
	    7bbd32fb2ca5 __memcmp_evex_movbe+0x25 (/usr/lib/x86_64-linux-gnu/libc.so.6)
	    5d3e640e0e4c <quick_xml::reader::state::ReaderState>::emit_end+0xdc (/tmp/litchi-goal-0458/litchi-perf-baseline)

litchi-perf-bas 4074627 353188.868740:   44903647 cycles:u: 
	    5d3e640e1b7d <quick_xml::events::attributes::IterState>::check_for_duplicates+0x12d (/tmp/litchi-goal-0458/litchi-perf-baseline)

litchi-perf-bas 4074627 353188.878841:   44873664 cycles:u: 
	    7bbd32fb2ca5 __memcmp_evex_movbe+0x25 (/usr/lib/x86_64-linux-gnu/libc.so.6)
	    5d3e640e0e4c <quick_xml::reader::state::ReaderState>::emit_end+0xdc (/tmp/litchi-goal-0458/litchi-perf-baseline)

litchi-perf-bas 4074627 353188.888937:   44894558 cycles:u: 
	    7bbd32fb2c80 __memcmp_evex_movbe+0x0 (/usr/lib/x86_64-linux-gnu/libc.so.6)
	    5d3e640e3873 <quick_xml::name::NamespaceResolver>::resolve_prefix+0x93 (/tmp/litchi-goal-0458/litchi-perf-baseline)
	    5d3e640e36ca <quick_xml::name::NamespaceResolver>::resolve_event+0x12a (/tmp/litchi-goal-0458/litchi-perf-baseline)

litchi-perf-bas 4074627 353188.899046:   44912004 cycles:u: 
	    5d3e62d86578 <litchi_odp::codec::content_source::scanner::Scanner>::run+0x138 (/tmp/litchi-goal-0458/litchi-perf-baseline)

litchi-perf-bas 4074627 353188.909223:   44905693 cycles:u: 
	    5d3e640e1ff5 <quick_xml::events::attributes::IterState>::next+0x165 (/tmp/litchi-goal-0458/litchi-perf-baseline)
	    5d3e641199e6 <memchr::arch::x86_64::avx2::memchr::Three>::find_raw+0x66 (/tmp/litchi-goal-0458/litchi-perf-baseline)

litchi-perf-bas 4074627 353188.919312:   44747025 cycles:u: 
	    5d3e640d9173 zlib_rs::deflate::algorithm::medium::deflate_medium+0xd23 (/tmp/litchi-goal-0458/litchi-perf-baseline)

litchi-perf-bas 4074627 353188.929402:   44785237 cycles:u: 
	    5d3e62e1314f <litchi_odp::codec::parser::model::ParagraphText>::push_text+0x1df (/tmp/litchi-goal-0458/litchi-perf-baseline)
	2727272727272726 [unknown] ([unknown])

litchi-perf-bas 4074627 353188.939489:   44832733 cycles:u: 
	    7bbd32fb2c84 __memcmp_evex_movbe+0x4 (/usr/lib/x86_64-linux-gnu/libc.so.6)
	    5d3e640e3873 <quick_xml::name::NamespaceResolver>::resolve_prefix+0x93 (/tmp/litchi-goal-0458/litchi-perf-baseline)
	    5d3e62dcc847 <litchi_odp::codec::parser::codec::xml::validation::ElementAttrs>::resolve_at_scan+0x57 (/tmp/litchi-goal-0458/litchi-perf-baseline)

litchi-perf-bas 4074627 353188.949624:   44896555 cycles:u: 
	    5d3e6411959b <memchr::arch::x86_64::avx2::memchr::Two>::find_raw_avx2+0x2b (/tmp/litchi-goal-0458/litchi-perf-baseline)
	3a3a3a3a3a3a3a39 [unknown] ([unknown])

litchi-perf-bas 4074627 353188.959696:   44740172 cycles:u: 
	    7bbd32fb2ca5 __memcmp_evex_movbe+0x25 (/usr/lib/x86_64-linux-gnu/libc.so.6)
	    5d3e640e0e4c <quick_xml::reader::state::ReaderState>::emit_end+0xdc (/tmp/litchi-goal-0458/litchi-perf-baseline)

litchi-perf-bas 4074627 353188.969801:   44839637 cycles:u: 
	    5d3e64172362 core::str::converts::from_utf8+0x82 (/tmp/litchi-goal-0458/litchi-perf-baseline)

litchi-perf-bas 4074627 353188.979912:   44846918 cycles:u: 
	    5d3e62d99494 <quick_xml::reader::ns_reader::NsReader<&[u8]>>::process_event+0x14 (/tmp/litchi-goal-0458/litchi-perf-baseline)
	              ff [unknown] ([unknown])

litchi-perf-bas 4074627 353188.990002:   44840918 cycles:u: 
	    7bbd32eb9591 unlink_chunk.isra.0+0x21 (/usr/lib/x86_64-linux-gnu/libc.so.6)
	    7bbd32eba97a _int_free_merge_chunk+0x18a (/usr/lib/x86_64-linux-gnu/libc.so.6)
	    7bbd32ebaa38 _int_free_chunk+0x28 (/usr/lib/x86_64-linux-gnu/libc.so.6)
	    5d3e62d12445 core::ptr::drop_glue::<litchi_odp::codec::parser::codec::xml::validation::ElementAttrs>+0xc5 (/tmp/litchi-goal-0458/litchi-perf-baseline)

litchi-perf-bas 4074627 353189.000115:   44892757 cycles:u: 
	    5d3e62d994d7 <quick_xml::reader::ns_reader::NsReader<&[u8]>>::process_event+0x57 (/tmp/litchi-goal-0458/litchi-perf-baseline)
	              ff [unknown] ([unknown])

litchi-perf-bas 4074627 353189.010216:   44915392 cycles:u: 
	    5d3e62d2f57e <litchi_odp::codec::parser::codec::Parser>::shape_builder+0xe2e (/tmp/litchi-goal-0458/litchi-perf-baseline)
	    5d3e62d96d83 <alloc::raw_vec::RawVecInner<_>>::reserve::do_reserve_and_handle::<alloc::alloc::Global>+0x63 (/tmp/litchi-goal-0458/litchi-perf-baseline)
	               e [unknown] ([unknown])

litchi-perf-bas 4074627 353189.020337:   44931968 cycles:u: 
	    5d3e640e3854 <quick_xml::name::NamespaceResolver>::resolve_prefix+0x74 (/tmp/litchi-goal-0458/litchi-perf-baseline)
	    5d3e62dd8537 litchi_odp::model::settings::element_is+0x77 (/tmp/litchi-goal-0458/litchi-perf-baseline)
	               4 [unknown] ([unknown])

litchi-perf-bas 4074627 353189.030431:   44870303 cycles:u: 
	    5d3e62dd77cf litchi_odp::model::staging::parse+0x48f (/tmp/litchi-goal-0458/litchi-perf-baseline)
	    5d3e63b993ae <core::io::util::Take<soapberry_zip::archive::ZipVerifier<&mut soapberry_zip::accounting::CountingReader<&mut flate2::deflate::read::DeflateDecoder<soapberry_zip::accounting::CountingReader<soapberry_zip::archive::ZipReader<&alloc::sync::Arc<alloc::vec::Vec<u8>>>>>>, &alloc::sync::Arc<alloc::vec::Vec<u8>>>> as std::io::Read>::read_buf+0x9e (/tmp/litchi-goal-0458/litchi-perf-baseline)

litchi-perf-bas 4074627 353189.040527:   44909930 cycles:u: 
	    7bbd32fb2c80 __memcmp_evex_movbe+0x0 (/usr/lib/x86_64-linux-gnu/libc.so.6)
	    5d3e640e3873 <quick_xml::name::NamespaceResolver>::resolve_prefix+0x93 (/tmp/litchi-goal-0458/litchi-perf-baseline)
	    5d3e62e1a897 litchi_odp::model::page_metadata::element_is+0x77 (/tmp/litchi-goal-0458/litchi-perf-baseline)
	3a3a3a3a3a3a3a39 [unknown] ([unknown])

litchi-perf-bas 4074627 353189.050634:   44929871 cycles:u: 
	    7bbd32fb2c84 __memcmp_evex_movbe+0x4 (/usr/lib/x86_64-linux-gnu/libc.so.6)
	    5d3e640e3873 <quick_xml::name::NamespaceResolver>::resolve_prefix+0x93 (/tmp/litchi-goal-0458/litchi-perf-baseline)
	    5d3e640e3704 <quick_xml::name::NamespaceResolver>::resolve_event+0x164 (/tmp/litchi-goal-0458/litchi-perf-baseline)
	8000000000000039 [unknown] ([unknown])

litchi-perf-bas 4074627 353189.060778:   44933634 cycles:u: 
	    5d3e6401267f xml_minifier::audit::verify_with_policy+0x1bf (/tmp/litchi-goal-0458/litchi-perf-baseline)
	               a [unknown] ([unknown])

litchi-perf-bas 4074627 353189.070862:   44760106 cycles:u: 
	    5d3e640d7e1a zlib_rs::deflate::compare256::avx2::compare256+0x2a (/tmp/litchi-goal-0458/litchi-perf-baseline)

litchi-perf-bas 4074627 353189.081139:   44840813 cycles:u: 
	    7bbd32fb2ca5 __memcmp_evex_movbe+0x25 (/usr/lib/x86_64-linux-gnu/libc.so.6)
	    5d3e640e0e4c <quick_xml::reader::state::ReaderState>::emit_end+0xdc (/tmp/litchi-goal-0458/litchi-perf-baseline)

litchi-perf-bas 4074627 353189.091183:   44597529 cycles:u: 
	    5d3e640e1fd1 <quick_xml::events::attributes::IterState>::next+0x141 (/tmp/litchi-goal-0458/litchi-perf-baseline)

litchi-perf-bas 4074627 353189.101260:   44805815 cycles:u: 
	    5d3e640e4ccb <alloc::raw_vec::RawVec<core::ops::range::Range<usize>>>::grow_one+0x1b (/tmp/litchi-goal-0458/litchi-perf-baseline)
	              19 [unknown] ([unknown])

litchi-perf-bas 4074627 353189.111357:   44896048 cycles:u: 
	    5d3e62d2dd54 <litchi_odp::codec::parser::codec::Parser>::finish_shape+0x464 (/tmp/litchi-goal-0458/litchi-perf-baseline)

litchi-perf-bas 4074627 353189.121469:   44923067 cycles:u: 
	    5d3e6411a087 memchr::arch::x86_64::memchr::memchr3_raw::find_avx2+0x77 (/tmp/litchi-goal-0458/litchi-perf-baseline)
	2727272727272726 [unknown] ([unknown])
	    5d3e63c9f33f <quick_xml::reader::Reader<&[u8]>>::read_event_impl::<()>+0x69f (/tmp/litchi-goal-0458/litchi-perf-baseline)
	               8 [unknown] ([unknown])

litchi-perf-bas 4074627 353189.131601:   44891803 cycles:u: 
	    5d3e62d2f35e <litchi_odp::codec::parser::codec::Parser>::shape_builder+0xc0e (/tmp/litchi-goal-0458/litchi-perf-baseline)
	    5d3e62d96d83 <alloc::raw_vec::RawVecInner<_>>::reserve::do_reserve_and_handle::<alloc::alloc::Global>+0x63 (/tmp/litchi-goal-0458/litchi-perf-baseline)
	              df [unknown] ([unknown])

litchi-perf-bas 4074627 353189.141684:   44790547 cycles:u: 
	    5d3e62dcd949 <litchi_odp::codec::parser::codec::xml::validation::ElementAttrs>::get+0x1a9 (/tmp/litchi-goal-0458/litchi-perf-baseline)
	    5d3e62d96d83 <alloc::raw_vec::RawVecInner<_>>::reserve::do_reserve_and_handle::<alloc::alloc::Global>+0x63 (/tmp/litchi-goal-0458/litchi-perf-baseline)
	               7 [unknown] ([unknown])

litchi-perf-bas 4074627 353189.151786:   44860379 cycles:u: 
	    7bbd32fb2cb7 __memcmp_evex_movbe+0x37 (/usr/lib/x86_64-linux-gnu/libc.so.6)
	    5d3e640e3873 <quick_xml::name::NamespaceResolver>::resolve_prefix+0x93 (/tmp/litchi-goal-0458/litchi-perf-baseline)
	    5d3e640e36ca <quick_xml::name::NamespaceResolver>::resolve_event+0x12a (/tmp/litchi-goal-0458/litchi-perf-baseline)

litchi-perf-bas 4074627 353189.161917:   44868041 cycles:u: 
	    5d3e62dcd7db <litchi_odp::codec::parser::codec::xml::validation::ElementAttrs>::get+0x3b (/tmp/litchi-goal-0458/litchi-perf-baseline)
	               4 [unknown] ([unknown])

litchi-perf-bas 4074627 353189.172006:   44790692 cycles:u: 
	    5d3e62dcffc7 <litchi_odp::model::declaration::Scanner>::step+0xac7 (/tmp/litchi-goal-0458/litchi-perf-baseline)
	2626262626262625 [unknown] ([unknown])

litchi-perf-bas 4074627 353189.182108:   44846931 cycles:u: 
	    5d3e62d7dfdc <quick_xml::reader::Reader<&[u8]>>::read_event_impl::<&mut alloc::vec::Vec<u8>>+0x21c (/tmp/litchi-goal-0458/litchi-perf-baseline)
	               5 [unknown] ([unknown])

litchi-perf-bas 4074627 353189.192204:   44899549 cycles:u: 
	    5d3e62d994d7 <quick_xml::reader::ns_reader::NsReader<&[u8]>>::process_event+0x57 (/tmp/litchi-goal-0458/litchi-perf-baseline)
	80389b39acfd6df4 [unknown] ([unknown])

litchi-perf-bas 4074627 353189.202309:   44927394 cycles:u: 
	    5d3e640e1ba3 <quick_xml::events::attributes::IterState>::check_for_duplicates+0x153 (/tmp/litchi-goal-0458/litchi-perf-baseline)
	               a [unknown] ([unknown])

litchi-perf-bas 4074627 353189.212452:   44940067 cycles:u: 
	    5d3e64172379 core::str::converts::from_utf8+0x99 (/tmp/litchi-goal-0458/litchi-perf-baseline)

litchi-perf-bas 4074627 353189.222621:   44909764 cycles:u: 
	    5d3e640dada8 zlib_rs::deflate::longest_match::longest_match+0x1a8 (/tmp/litchi-goal-0458/litchi-perf-baseline)
	            3fff [unknown] ([unknown])

litchi-perf-bas 4074627 353189.232680:   44640111 cycles:u: 
	    5d3e640e2273 <quick_xml::events::attributes::IterState>::next+0x3e3 (/tmp/litchi-goal-0458/litchi-perf-baseline)

litchi-perf-bas 4074627 353189.242768:   44793150 cycles:u: 
	    5d3e62d12675 <litchi_odp::codec::parser::codec::Parser>::parse_pages_with_styles::<false>::{closure#0}+0x35 (/tmp/litchi-goal-0458/litchi-perf-baseline)

litchi-perf-bas 4074627 353189.252862:   44861874 cycles:u: 
	    7bbd32fb2c84 __memcmp_evex_movbe+0x4 (/usr/lib/x86_64-linux-gnu/libc.so.6)
	    5d3e62dcdd3e <litchi_odp::codec::parser::codec::xml::validation::ElementAttrs>::lookup+0x4e (/tmp/litchi-goal-0458/litchi-perf-baseline)
	               4 [unknown] ([unknown])

litchi-perf-bas 4074627 353189.262964:   44894925 cycles:u: 
	    5d3e640e1b61 <quick_xml::events::attributes::IterState>::check_for_duplicates+0x111 (/tmp/litchi-goal-0458/litchi-perf-baseline)

litchi-perf-bas 4074627 353189.273069:   44913330 cycles:u: 
	    5d3e640bd0ce crc32fast::specialized::pclmulqdq::calculate+0xbe (/tmp/litchi-goal-0458/litchi-perf-baseline)
	    5d3e640d776f [unknown] (/tmp/litchi-goal-0458/litchi-perf-baseline)
	              54 [unknown] ([unknown])

litchi-perf-bas 4074627 353189.283259:   44928420 cycles:u: 
	    5d3e640e1fa2 <quick_xml::events::attributes::IterState>::next+0x112 (/tmp/litchi-goal-0458/litchi-perf-baseline)

litchi-perf-bas 4074627 353189.293347:   44818379 cycles:u: 
	    5d3e62d96d5d <alloc::raw_vec::RawVecInner<_>>::reserve::do_reserve_and_handle::<alloc::alloc::Global>+0x3d (/tmp/litchi-goal-0458/litchi-perf-baseline)
	fffffffffffffffe [unknown] ([unknown])

litchi-perf-bas 4074627 353189.303475:   44807705 cycles:u: 
	    5d3e640e743c <quick_xml::encoding::Decoder>::decode_cow+0x5c (/tmp/litchi-goal-0458/litchi-perf-baseline)
	    5d3e640e64bc <quick_xml::events::BytesRef>::resolve_char_ref+0x1c (/tmp/litchi-goal-0458/litchi-perf-baseline)
	               8 [unknown] ([unknown])
	7fffffffffffffff [unknown] ([unknown])

litchi-perf-bas 4074627 353189.313518:   44637759 cycles:u: 
	    7bbd32eb9583 unlink_chunk.isra.0+0x13 (/usr/lib/x86_64-linux-gnu/libc.so.6)
	    7bbd32ebb7f7 _int_malloc+0xce7 (/usr/lib/x86_64-linux-gnu/libc.so.6)
	    7bbd32ebc9d9 _int_realloc+0xe9 (/usr/lib/x86_64-linux-gnu/libc.so.6)
	    7bbd32ebe0ce realloc+0x1ae (/usr/lib/x86_64-linux-gnu/libc.so.6)
	    5d3e62d9931e <alloc::raw_vec::RawVecInner>::finish_grow+0x5e (/tmp/litchi-goal-0458/litchi-perf-baseline)
	fffffffffffffffe [unknown] ([unknown])

litchi-perf-bas 4074627 353189.323607:   44844862 cycles:u: 
	    5d3e640cd2ec zlib_rs::inflate::inflate_fast_help_avx2+0x5ec (/tmp/litchi-goal-0458/litchi-perf-baseline)
	    5d3e640da5b6 <zlib_rs::inflate::window::Window>::extend+0x196 (/tmp/litchi-goal-0458/litchi-perf-baseline)
	              11 [unknown] ([unknown])

litchi-perf-bas 4074627 353189.333719:   44911091 cycles:u: 
	    7bbd32fb2cab __memcmp_evex_movbe+0x2b (/usr/lib/x86_64-linux-gnu/libc.so.6)
	    5d3e640e3873 <quick_xml::name::NamespaceResolver>::resolve_prefix+0x93 (/tmp/litchi-goal-0458/litchi-perf-baseline)
	    5d3e62dd3a67 litchi_odp::model::declaration::element_is+0x77 (/tmp/litchi-goal-0458/litchi-perf-baseline)

litchi-perf-bas 4074627 353189.343813:   44889764 cycles:u: 
	    5d3e640e3876 <quick_xml::name::NamespaceResolver>::resolve_prefix+0x96 (/tmp/litchi-goal-0458/litchi-perf-baseline)
	    5d3e62dd3a67 litchi_odp::model::declaration::element_is+0x77 (/tmp/litchi-goal-0458/litchi-perf-baseline)

litchi-perf-bas 4074627 353189.353950:   44927400 cycles:u: 
	    5d3e62d864de <litchi_odp::codec::content_source::scanner::Scanner>::run+0x9e (/tmp/litchi-goal-0458/litchi-perf-baseline)

litchi-perf-bas 4074627 353189.364037:   44825301 cycles:u: 
	    5d3e62e1cb2b litchi_odp::model::page_metadata::metadata_after_page_insert+0x54b (/tmp/litchi-goal-0458/litchi-perf-baseline)
	dc94c525e10e8a85 [unknown] ([unknown])

litchi-perf-bas 4074627 353189.374193:   44894996 cycles:u: 
	    5d3e6401270c xml_minifier::audit::verify_with_policy+0x24c (/tmp/litchi-goal-0458/litchi-perf-baseline)
	               4 [unknown] ([unknown])

litchi-perf-bas 4074627 353189.384296:   44815828 cycles:u: 
	    5d3e640bd0c4 crc32fast::specialized::pclmulqdq::calculate+0xb4 (/tmp/litchi-goal-0458/litchi-perf-baseline)

litchi-perf-bas 4074627 353189.394549:   44823511 cycles:u: 
	    7bbd32ebd6bf malloc+0x5f (/usr/lib/x86_64-linux-gnu/libc.so.6)
	    5d3e640e4e7c <alloc::raw_vec::RawVecInner>::finish_grow+0x7c (/tmp/litchi-goal-0458/litchi-perf-baseline)
	    5d3e640e21a3 <quick_xml::events::attributes::IterState>::next+0x313 (/tmp/litchi-goal-0458/litchi-perf-baseline)

litchi-perf-bas 4074627 353189.404585:   44591188 cycles:u: 
	    5d3e62d2f46d <litchi_odp::codec::parser::codec::Parser>::shape_builder+0xd1d (/tmp/litchi-goal-0458/litchi-perf-baseline)
	    5d3e62d96d83 <alloc::raw_vec::RawVecInner<_>>::reserve::do_reserve_and_handle::<alloc::alloc::Global>+0x63 (/tmp/litchi-goal-0458/litchi-perf-baseline)
	               e [unknown] ([unknown])

litchi-perf-bas 4074627 353189.414700:   44821537 cycles:u: 
	    7bbd32fb2ca5 __memcmp_evex_movbe+0x25 (/usr/lib/x86_64-linux-gnu/libc.so.6)
	    5d3e640e3873 <quick_xml::name::NamespaceResolver>::resolve_prefix+0x93 (/tmp/litchi-goal-0458/litchi-perf-baseline)
	    5d3e640e36ca <quick_xml::name::NamespaceResolver>::resolve_event+0x12a (/tmp/litchi-goal-0458/litchi-perf-baseline)

litchi-perf-bas 4074627 353189.424768:   44763500 cycles:u: 
	    5d3e62e1314f <litchi_odp::codec::parser::model::ParagraphText>::push_text+0x1df (/tmp/litchi-goal-0458/litchi-perf-baseline)
	2727272727272726 [unknown] ([unknown])

litchi-perf-bas 4074627 353189.434889:   44879545 cycles:u: 
	    5d3e63b96186 litchi_odf_common::package::edit::xml_splice_publication+0x1d6 (/tmp/litchi-goal-0458/litchi-perf-baseline)

litchi-perf-bas 4074627 353189.444999:   44848861 cycles:u: 
	    5d3e62dcc828 <litchi_odp::codec::parser::codec::xml::validation::ElementAttrs>::resolve_at_scan+0x38 (/tmp/litchi-goal-0458/litchi-perf-baseline)

litchi-perf-bas 4074627 353189.455090:   44835539 cycles:u: 
	    5d3e62d821cd <&[u8] as quick_xml::reader::XmlSource<&mut alloc::vec::Vec<u8>>>::read_with::<quick_xml::parser::element::ElementParser>+0xcd (/tmp/litchi-goal-0458/litchi-perf-baseline)
	          28b323 [unknown] ([unknown])

litchi-perf-bas 4074627 353189.465200:   44900171 cycles:u: 
	    5d3e640e1969 <quick_xml::events::attributes::Attribute>::decoded_and_normalized_value_with::<quick_xml::escape::resolve_predefined_entity>+0x139 (/tmp/litchi-goal-0458/litchi-perf-baseline)
	               6 [unknown] ([unknown])

litchi-perf-bas 4074627 353189.475300:   44930258 cycles:u: 
	    5d3e62d271d7 <litchi_odp::codec::parser::codec::Parser>::parse_slides_with_styles+0x877 (/tmp/litchi-goal-0458/litchi-perf-baseline)

litchi-perf-bas 4074627 353189.485422:   44945379 cycles:u: 
	    5d3e640e0e00 <quick_xml::reader::state::ReaderState>::emit_end+0x90 (/tmp/litchi-goal-0458/litchi-perf-baseline)

litchi-perf-bas 4074627 353189.495523:   44904142 cycles:u: 
	    7bbd32fb2ca5 __memcmp_evex_movbe+0x25 (/usr/lib/x86_64-linux-gnu/libc.so.6)
	    5d3e640e3873 <quick_xml::name::NamespaceResolver>::resolve_prefix+0x93 (/tmp/litchi-goal-0458/litchi-perf-baseline)
	    5d3e62dd3c6d litchi_odp::model::declaration::parse_binding+0x16d (/tmp/litchi-goal-0458/litchi-perf-baseline)

litchi-perf-bas 4074627 353189.505621:   44912580 cycles:u: 
	    5d3e640e1fc3 <quick_xml::events::attributes::IterState>::next+0x133 (/tmp/litchi-goal-0458/litchi-perf-baseline)

litchi-perf-bas 4074627 353189.515730:   44942136 cycles:u: 
	    7bbd32fb2c80 __memcmp_evex_movbe+0x0 (/usr/lib/x86_64-linux-gnu/libc.so.6)
	    5d3e640e3873 <quick_xml::name::NamespaceResolver>::resolve_prefix+0x93 (/tmp/litchi-goal-0458/litchi-perf-baseline)
	    5d3e640e36ca <quick_xml::name::NamespaceResolver>::resolve_event+0x12a (/tmp/litchi-goal-0458/litchi-perf-baseline)

litchi-perf-bas 4074627 353189.525887:   44924737 cycles:u: 
	    5d3e640e0ae4 <quick_xml::reader::state::ReaderState>::emit_start+0xc4 (/tmp/litchi-goal-0458/litchi-perf-baseline)
	          5ce4ad [unknown] ([unknown])
	              2f [unknown] ([unknown])

litchi-perf-bas 4074627 353189.535968:   44748053 cycles:u: 
	    5d3e640d8c30 zlib_rs::deflate::algorithm::medium::deflate_medium+0x7e0 (/tmp/litchi-goal-0458/litchi-perf-baseline)
	            5f78 [unknown] ([unknown])

litchi-perf-bas 4074627 353189.546119:   44821999 cycles:u: 
	    5d3e640e1969 <quick_xml::events::attributes::Attribute>::decoded_and_normalized_value_with::<quick_xml::escape::resolve_predefined_entity>+0x139 (/tmp/litchi-goal-0458/litchi-perf-baseline)
	               2 [unknown] ([unknown])

litchi-perf-bas 4074627 353189.556195:   44755713 cycles:u: 
	    5d3e62d7dfcf <quick_xml::reader::Reader<&[u8]>>::read_event_impl::<&mut alloc::vec::Vec<u8>>+0x20f (/tmp/litchi-goal-0458/litchi-perf-baseline)

litchi-perf-bas 4074627 353189.566302:   44858373 cycles:u: 
	    5d3e640e1b97 <quick_xml::events::attributes::IterState>::check_for_duplicates+0x147 (/tmp/litchi-goal-0458/litchi-perf-baseline)
	3e3e3e3e3e3e3e3d [unknown] ([unknown])

litchi-perf-bas 4074627 353189.576385:   44854233 cycles:u: 
	    5d3e640e0a91 <quick_xml::reader::state::ReaderState>::emit_start+0x71 (/tmp/litchi-goal-0458/litchi-perf-baseline)
	    5d3e640e3704 <quick_xml::name::NamespaceResolver>::resolve_event+0x164 (/tmp/litchi-goal-0458/litchi-perf-baseline)
	8000000000000000 [unknown] ([unknown])

litchi-perf-bas 4074627 353189.586501:   44920105 cycles:u: 
	    5d3e63cb27c1 litchi_odf_common::core::xml_splice::verify_well_formed+0x181 (/tmp/litchi-goal-0458/litchi-perf-baseline)
	          ffffff [unknown] ([unknown])

litchi-perf-bas 4074627 353189.596630:   44889681 cycles:u: 
	    7bbd32ebca73 _int_realloc+0x183 (/usr/lib/x86_64-linux-gnu/libc.so.6)
	    7bbd32ebe0ce realloc+0x1ae (/usr/lib/x86_64-linux-gnu/libc.so.6)
	    5d3e640e4e5e <alloc::raw_vec::RawVecInner>::finish_grow+0x5e (/tmp/litchi-goal-0458/litchi-perf-baseline)

litchi-perf-bas 4074627 353189.606726:   44803201 cycles:u: 
	    5d3e640e0a55 <quick_xml::reader::state::ReaderState>::emit_start+0x35 (/tmp/litchi-goal-0458/litchi-perf-baseline)
	    5d3e640e36ca <quick_xml::name::NamespaceResolver>::resolve_event+0x12a (/tmp/litchi-goal-0458/litchi-perf-baseline)

litchi-perf-bas 4074627 353189.616811:   44839084 cycles:u: 
	    5d3e62dcd9db <litchi_odp::codec::parser::codec::xml::validation::ElementAttrs>::get+0x23b (/tmp/litchi-goal-0458/litchi-perf-baseline)
	    5d3e62d96d83 <alloc::raw_vec::RawVecInner<_>>::reserve::do_reserve_and_handle::<alloc::alloc::Global>+0x63 (/tmp/litchi-goal-0458/litchi-perf-baseline)
	               7 [unknown] ([unknown])

litchi-perf-bas 4074627 353189.626908:   44903908 cycles:u: 
	    5d3e62e13131 <litchi_odp::codec::parser::model::ParagraphText>::push_text+0x1c1 (/tmp/litchi-goal-0458/litchi-perf-baseline)
	2727272727272726 [unknown] ([unknown])

litchi-perf-bas 4074627 353189.637037:   44939473 cycles:u: 
	    5d3e62dd3adc litchi_odp::model::declaration::element_is+0xec (/tmp/litchi-goal-0458/litchi-perf-baseline)
	               2 [unknown] ([unknown])

litchi-perf-bas 4074627 353189.647142:   44851389 cycles:u: 
	    5d3e640e3854 <quick_xml::name::NamespaceResolver>::resolve_prefix+0x74 (/tmp/litchi-goal-0458/litchi-perf-baseline)
	    5d3e62dd3a67 litchi_odp::model::declaration::element_is+0x77 (/tmp/litchi-goal-0458/litchi-perf-baseline)

litchi-perf-bas 4074627 353189.657241:   44911100 cycles:u: 
	    5d3e62d7df91 <quick_xml::reader::Reader<&[u8]>>::read_event_impl::<&mut alloc::vec::Vec<u8>>+0x1d1 (/tmp/litchi-goal-0458/litchi-perf-baseline)
	              2c [unknown] ([unknown])

litchi-perf-bas 4074627 353189.667387:   44922292 cycles:u: 
	    5d3e640e1fd1 <quick_xml::events::attributes::IterState>::next+0x141 (/tmp/litchi-goal-0458/litchi-perf-baseline)

litchi-perf-bas 4074627 353189.677532:   44904113 cycles:u: 
	    5d3e6401267f xml_minifier::audit::verify_with_policy+0x1bf (/tmp/litchi-goal-0458/litchi-perf-baseline)
	               a [unknown] ([unknown])

litchi-perf-bas 4074627 353189.687602:   44691242 cycles:u: 
	    5d3e640d9081 zlib_rs::deflate::algorithm::medium::deflate_medium+0xc31 (/tmp/litchi-goal-0458/litchi-perf-baseline)

litchi-perf-bas 4074627 353189.697704:   44809542 cycles:u: 
	    7bbd32fb2ca5 __memcmp_evex_movbe+0x25 (/usr/lib/x86_64-linux-gnu/libc.so.6)
	    5d3e640e0e4c <quick_xml::reader::state::ReaderState>::emit_end+0xdc (/tmp/litchi-goal-0458/litchi-perf-baseline)

litchi-perf-bas 4074627 353189.707945:   44808965 cycles:u: 
	    5d3e62d96d93 <alloc::raw_vec::RawVecInner<_>>::reserve::do_reserve_and_handle::<alloc::alloc::Global>+0x73 (/tmp/litchi-goal-0458/litchi-perf-baseline)
	fffffffffffffffe [unknown] ([unknown])

litchi-perf-bas 4074627 353189.717973:   44594865 cycles:u: 
	    5d3e62d2f57e <litchi_odp::codec::parser::codec::Parser>::shape_builder+0xe2e (/tmp/litchi-goal-0458/litchi-perf-baseline)
	    5d3e62d96d83 <alloc::raw_vec::RawVecInner<_>>::reserve::do_reserve_and_handle::<alloc::alloc::Global>+0x63 (/tmp/litchi-goal-0458/litchi-perf-baseline)
	              4f [unknown] ([unknown])

litchi-perf-bas 4074627 353189.728060:   44843523 cycles:u: 
	    7bbd32ebd6a3 malloc+0x43 (/usr/lib/x86_64-linux-gnu/libc.so.6)
	    5d3e62d9933c <alloc::raw_vec::RawVecInner>::finish_grow+0x7c (/tmp/litchi-goal-0458/litchi-perf-baseline)

litchi-perf-bas 4074627 353189.738224:   44907464 cycles:u: 
	    5d3e640bd0ac crc32fast::specialized::pclmulqdq::calculate+0x9c (/tmp/litchi-goal-0458/litchi-perf-baseline)

litchi-perf-bas 4074627 353189.748322:   44796343 cycles:u: 
	    5d3e62dcd9db <litchi_odp::codec::parser::codec::xml::validation::ElementAttrs>::get+0x23b (/tmp/litchi-goal-0458/litchi-perf-baseline)
	    5d3e62d96d83 <alloc::raw_vec::RawVecInner<_>>::reserve::do_reserve_and_handle::<alloc::alloc::Global>+0x63 (/tmp/litchi-goal-0458/litchi-perf-baseline)
	               7 [unknown] ([unknown])

litchi-perf-bas 4074627 353189.758415:   44809404 cycles:u: 
	    7bbd32eba564 _int_free_maybe_trim+0x1b4 (/usr/lib/x86_64-linux-gnu/libc.so.6)
	    7bbd32ebaa38 _int_free_chunk+0x28 (/usr/lib/x86_64-linux-gnu/libc.so.6)
	    7bbd32ebcae8 _int_realloc+0x1f8 (/usr/lib/x86_64-linux-gnu/libc.so.6)
	    7bbd32ebe0ce realloc+0x1ae (/usr/lib/x86_64-linux-gnu/libc.so.6)
	    5d3e62d9931e <alloc::raw_vec::RawVecInner>::finish_grow+0x5e (/tmp/litchi-goal-0458/litchi-perf-baseline)
	fffffffffffffffe [unknown] ([unknown])

litchi-perf-bas 4074627 353189.768511:   44851005 cycles:u: 
	    5d3e64136a40 __rustc::__rdl_alloc+0x0 (/tmp/litchi-goal-0458/litchi-perf-baseline)

litchi-perf-bas 4074627 353189.778602:   44868324 cycles:u: 
	    5d3e62d9948f <quick_xml::reader::ns_reader::NsReader<&[u8]>>::process_event+0xf (/tmp/litchi-goal-0458/litchi-perf-baseline)
	              ff [unknown] ([unknown])

litchi-perf-bas 4074627 353189.788709:   44919871 cycles:u: 
	    7bbd32fb2ca5 __memcmp_evex_movbe+0x25 (/usr/lib/x86_64-linux-gnu/libc.so.6)
	    5d3e640e0e4c <quick_xml::reader::state::ReaderState>::emit_end+0xdc (/tmp/litchi-goal-0458/litchi-perf-baseline)

litchi-perf-bas 4074627 353189.798854:   44928529 cycles:u: 
	    5d3e62dd7807 litchi_odp::model::staging::parse+0x4c7 (/tmp/litchi-goal-0458/litchi-perf-baseline)
	    5d3e63b993ae <core::io::util::Take<soapberry_zip::archive::ZipVerifier<&mut soapberry_zip::accounting::CountingReader<&mut flate2::deflate::read::DeflateDecoder<soapberry_zip::accounting::CountingReader<soapberry_zip::archive::ZipReader<&alloc::sync::Arc<alloc::vec::Vec<u8>>>>>>, &alloc::sync::Arc<alloc::vec::Vec<u8>>>> as std::io::Read>::read_buf+0x9e (/tmp/litchi-goal-0458/litchi-perf-baseline)

litchi-perf-bas 4074627 353189.808922:   44757331 cycles:u: 
	    5d3e641193a0 <memchr::arch::x86_64::avx2::memchr::One>::find_raw+0x10 (/tmp/litchi-goal-0458/litchi-perf-baseline)
	    5d3e62dd3a42 litchi_odp::model::declaration::element_is+0x52 (/tmp/litchi-goal-0458/litchi-perf-baseline)
	               8 [unknown] ([unknown])

litchi-perf-bas 4074627 353189.819017:   44875646 cycles:u: 
	    5d3e62d87dfc <litchi_odp::codec::content_source::scanner::Scanner>::on_open+0x13c (/tmp/litchi-goal-0458/litchi-perf-baseline)

litchi-perf-bas 4074627 353189.829134:   44925287 cycles:u: 
	    7bbd32ebae20 _int_malloc+0x310 (/usr/lib/x86_64-linux-gnu/libc.so.6)
	    7bbd32ebc52e __libc_malloc2+0x11e (/usr/lib/x86_64-linux-gnu/libc.so.6)
	    5d3e6416b6be <alloc::string::String as core::clone::Clone>::clone+0x2e (/tmp/litchi-goal-0458/litchi-perf-baseline)
	    5d3e62dfff11 <core::iter::adapters::map::Map<core::ops::range::Range<usize>, litchi_odp::model::page_metadata::effective_page_names::{closure#0}> as core::iter::traits::iterator::Iterator>::try_fold::<(), <core::iter::adapters::GenericShunt<core::iter::adapters::map::Map<core::ops::range::Range<usize>, litchi_odp::model::page_metadata::effective_page_names::{closure#0}>, core::result::Result<core::convert::Infallible, litchi_core::error::types::Error>> as core::iter::traits::iterator::Iterator>::try_fold<(), core::iter::traits::iterator::Iterator::try_for_each::call<alloc::string::String, core::ops::control_flow::ControlFlow<alloc::string::String>, core::ops::control_flow::ControlFlow<alloc::string::String>::Break>::{closure#0}, core::ops::control_flow::ControlFlow<alloc::string::String>>::{closure#0}, core::ops::control_flow::ControlFlow<core::ops::control_flow::ControlFlow<alloc::string::String>>>+0x131 (/tmp/litchi-goal-0458/litchi-perf-baseline)

litchi-perf-bas 4074627 353189.839275:   44931866 cycles:u: 
	    5d3e640e1aad <quick_xml::events::attributes::IterState>::check_for_duplicates+0x5d (/tmp/litchi-goal-0458/litchi-perf-baseline)

litchi-perf-bas 4074627 353189.849381:   44856698 cycles:u: 
	    7bbd32fbc4cd __memmove_avx512_unaligned_erms+0x20d (/usr/lib/x86_64-linux-gnu/libc.so.6)
	    5d3e63c1f770 <litchi_odf_common::core::xml::part::XmlPart>::from_bytes+0x130 (/tmp/litchi-goal-0458/litchi-perf-baseline)
	               2 [unknown] ([unknown])

litchi-perf-bas 4074627 353189.859487:   44868974 cycles:u: 
	    5d3e64119814 <memchr::arch::x86_64::avx2::memchr::Three>::find_raw_avx2+0x24 (/tmp/litchi-goal-0458/litchi-perf-baseline)
	2222222222222221 [unknown] ([unknown])

litchi-perf-bas 4074627 353189.869588:   44864049 cycles:u: 
	    7bbd32fbc4ef __memmove_avx512_unaligned_erms+0x22f (/usr/lib/x86_64-linux-gnu/libc.so.6)
	    7bbd32ebcacf _int_realloc+0x1df (/usr/lib/x86_64-linux-gnu/libc.so.6)
	    7bbd32ebe0ce realloc+0x1ae (/usr/lib/x86_64-linux-gnu/libc.so.6)
	    5d3e62d9931e <alloc::raw_vec::RawVecInner>::finish_grow+0x5e (/tmp/litchi-goal-0458/litchi-perf-baseline)

litchi-perf-bas 4074627 353189.879685:   44882384 cycles:u: 
	    5d3e640e68b5 <quick_xml::encoding::Decoder>::content::<quick_xml::escape::normalize_xml10_eols>+0x65 (/tmp/litchi-goal-0458/litchi-perf-baseline)
	3a3a3a3a3a3a3a39 [unknown] ([unknown])

litchi-perf-bas 4074627 353189.889787:   44912698 cycles:u: 
	    7bbd32fbc3dd __memmove_avx512_unaligned_erms+0x11d (/usr/lib/x86_64-linux-gnu/libc.so.6)
	    5d3e62d27de2 <litchi_odp::codec::parser::codec::Parser>::parse_slides_with_styles+0x1482 (/tmp/litchi-goal-0458/litchi-perf-baseline)
	    5d3e62d3a982 <litchi_odp::authoring::edit::Snapshot>::from_owned_package+0x232 (/tmp/litchi-goal-0458/litchi-perf-baseline)
	          ffffff [unknown] ([unknown])

litchi-perf-bas 4074627 353189.899922:   44925667 cycles:u: 
	    5d3e640ccf8c zlib_rs::inflate::inflate_fast_help_avx2+0x28c (/tmp/litchi-goal-0458/litchi-perf-baseline)
	    5d3e640da5b6 <zlib_rs::inflate::window::Window>::extend+0x196 (/tmp/litchi-goal-0458/litchi-perf-baseline)
	              11 [unknown] ([unknown])

litchi-perf-bas 4074627 353189.910025:   44853498 cycles:u: 
	    5d3e640e36db <quick_xml::name::NamespaceResolver>::resolve_event+0x13b (/tmp/litchi-goal-0458/litchi-perf-baseline)

litchi-perf-bas 4074627 353189.920136:   44869872 cycles:u: 
	    5d3e640e36db <quick_xml::name::NamespaceResolver>::resolve_event+0x13b (/tmp/litchi-goal-0458/litchi-perf-baseline)

litchi-perf-bas 4074627 353189.930235:   44896691 cycles:u: 
	    7bbd32ebc939 _int_realloc+0x49 (/usr/lib/x86_64-linux-gnu/libc.so.6)
	    7bbd32ebe0ce realloc+0x1ae (/usr/lib/x86_64-linux-gnu/libc.so.6)
	    5d3e62d9931e <alloc::raw_vec::RawVecInner>::finish_grow+0x5e (/tmp/litchi-goal-0458/litchi-perf-baseline)

litchi-perf-bas 4074627 353189.940340:   44930448 cycles:u: 
	    5d3e64119822 <memchr::arch::x86_64::avx2::memchr::Three>::find_raw_avx2+0x32 (/tmp/litchi-goal-0458/litchi-perf-baseline)
	2222222222222221 [unknown] ([unknown])

litchi-perf-bas 4074627 353189.950463:   44917564 cycles:u: 
	    5d3e641197f3 <memchr::arch::x86_64::avx2::memchr::Three>::find_raw_avx2+0x3 (/tmp/litchi-goal-0458/litchi-perf-baseline)
	2222222222222221 [unknown] ([unknown])

litchi-perf-bas 4074627 353189.960558:   44893597 cycles:u: 
	    5d3e62d994d7 <quick_xml::reader::ns_reader::NsReader<&[u8]>>::process_event+0x57 (/tmp/litchi-goal-0458/litchi-perf-baseline)
	ec7324808b99f612 [unknown] ([unknown])

litchi-perf-bas 4074627 353189.970665:   44916201 cycles:u: 
	    5d3e62d864de <litchi_odp::codec::content_source::scanner::Scanner>::run+0x9e (/tmp/litchi-goal-0458/litchi-perf-baseline)

litchi-perf-bas 4074627 353189.980766:   44918534 cycles:u: 
	    5d3e641197fe <memchr::arch::x86_64::avx2::memchr::Three>::find_raw_avx2+0xe (/tmp/litchi-goal-0458/litchi-perf-baseline)
	2222222222222221 [unknown] ([unknown])

litchi-perf-bas 4074627 353189.990971:   44926895 cycles:u: 
	    5d3e6411a014 memchr::arch::x86_64::memchr::memchr3_raw::find_avx2+0x4 (/tmp/litchi-goal-0458/litchi-perf-baseline)
	          310023 [unknown] ([unknown])

litchi-perf-bas 4074627 353190.001014:   44561157 cycles:u: 
	    5d3e640dada8 zlib_rs::deflate::longest_match::longest_match+0x1a8 (/tmp/litchi-goal-0458/litchi-perf-baseline)
	            3fff [unknown] ([unknown])

litchi-perf-bas 4074627 353190.011149:   44756598 cycles:u: 
	    7bbd32ebc9b8 _int_realloc+0xc8 (/usr/lib/x86_64-linux-gnu/libc.so.6)
	    7bbd32ebe0ce realloc+0x1ae (/usr/lib/x86_64-linux-gnu/libc.so.6)
	    5d3e62d9931e <alloc::raw_vec::RawVecInner>::finish_grow+0x5e (/tmp/litchi-goal-0458/litchi-perf-baseline)
	fffffffffffffffe [unknown] ([unknown])

litchi-perf-bas 4074627 353190.021360:   44751159 cycles:u: 
	    5d3e62d2ea54 <litchi_odp::codec::parser::codec::Parser>::shape_builder+0x304 (/tmp/litchi-goal-0458/litchi-perf-baseline)
	    5d3e62d96d83 <alloc::raw_vec::RawVecInner<_>>::reserve::do_reserve_and_handle::<alloc::alloc::Global>+0x63 (/tmp/litchi-goal-0458/litchi-perf-baseline)
	               e [unknown] ([unknown])

litchi-perf-bas 4074627 353190.031403:   44624033 cycles:u: 
	    7bbd32eba3b1 _int_free_maybe_trim+0x1 (/usr/lib/x86_64-linux-gnu/libc.so.6)
	    7bbd32ebaa38 _int_free_chunk+0x28 (/usr/lib/x86_64-linux-gnu/libc.so.6)
	    7bbd32ebca62 _int_realloc+0x172 (/usr/lib/x86_64-linux-gnu/libc.so.6)
	    7bbd32ebe0ce realloc+0x1ae (/usr/lib/x86_64-linux-gnu/libc.so.6)
	    5d3e62d9931e <alloc::raw_vec::RawVecInner>::finish_grow+0x5e (/tmp/litchi-goal-0458/litchi-perf-baseline)
	fffffffffffffffe [unknown] ([unknown])

litchi-perf-bas 4074627 353190.041481:   44830077 cycles:u: 
	    5d3e62dcd9db <litchi_odp::codec::parser::codec::xml::validation::ElementAttrs>::get+0x23b (/tmp/litchi-goal-0458/litchi-perf-baseline)
	    5d3e62d96d83 <alloc::raw_vec::RawVecInner<_>>::reserve::do_reserve_and_handle::<alloc::alloc::Global>+0x63 (/tmp/litchi-goal-0458/litchi-perf-baseline)
	               7 [unknown] ([unknown])

litchi-perf-bas 4074627 353190.051600:   44916467 cycles:u: 
	    5d3e63c9f37b <quick_xml::reader::Reader<&[u8]>>::read_event_impl::<()>+0x6db (/tmp/litchi-goal-0458/litchi-perf-baseline)
	               5 [unknown] ([unknown])

litchi-perf-bas 4074627 353190.061714:   44876738 cycles:u: 
	    7bbd32fb2c80 __memcmp_evex_movbe+0x0 (/usr/lib/x86_64-linux-gnu/libc.so.6)
	    5d3e640e3873 <quick_xml::name::NamespaceResolver>::resolve_prefix+0x93 (/tmp/litchi-goal-0458/litchi-perf-baseline)
	    5d3e640e3704 <quick_xml::name::NamespaceResolver>::resolve_event+0x164 (/tmp/litchi-goal-0458/litchi-perf-baseline)
	8000000000000000 [unknown] ([unknown])

litchi-perf-bas 4074627 353190.071820:   44861860 cycles:u: 
	    5d3e62dcd82e <litchi_odp::codec::parser::codec::xml::validation::ElementAttrs>::get+0x8e (/tmp/litchi-goal-0458/litchi-perf-baseline)

litchi-perf-bas 4074627 353190.081911:   44861554 cycles:u: 
	    5d3e640e227c <quick_xml::events::attributes::IterState>::next+0x3ec (/tmp/litchi-goal-0458/litchi-perf-baseline)

litchi-perf-bas 4074627 353190.092005:   44902087 cycles:u: 
	    5d3e62d32dc9 <litchi_odp::codec::parser::codec::Parser>::classify+0x59 (/tmp/litchi-goal-0458/litchi-perf-baseline)

litchi-perf-bas 4074627 353190.102138:   44942573 cycles:u: 
	    7bbd32fb2ca5 __memcmp_evex_movbe+0x25 (/usr/lib/x86_64-linux-gnu/libc.so.6)
	    5d3e640e3873 <quick_xml::name::NamespaceResolver>::resolve_prefix+0x93 (/tmp/litchi-goal-0458/litchi-perf-baseline)
	    5d3e62dd3a67 litchi_odp::model::declaration::element_is+0x77 (/tmp/litchi-goal-0458/litchi-perf-baseline)

litchi-perf-bas 4074627 353190.112237:   44913940 cycles:u: 
	    5d3e640e1b9e <quick_xml::events::attributes::IterState>::check_for_duplicates+0x14e (/tmp/litchi-goal-0458/litchi-perf-baseline)

litchi-perf-bas 4074627 353190.122371:   44924186 cycles:u: 
	    7bbd32fbc3dd __memmove_avx512_unaligned_erms+0x11d (/usr/lib/x86_64-linux-gnu/libc.so.6)
	    5d3e62e1b367 litchi_odp::model::page_metadata::parse_page+0xa37 (/tmp/litchi-goal-0458/litchi-perf-baseline)
	              30 [unknown] ([unknown])

litchi-perf-bas 4074627 353190.132460:   44862250 cycles:u: 
	    5d3e62d8667c <litchi_odp::codec::content_source::scanner::Scanner>::run+0x23c (/tmp/litchi-goal-0458/litchi-perf-baseline)

litchi-perf-bas 4074627 353190.142609:   44913426 cycles:u: 
	    5d3e6401270c xml_minifier::audit::verify_with_policy+0x24c (/tmp/litchi-goal-0458/litchi-perf-baseline)
	               5 [unknown] ([unknown])

litchi-perf-bas 4074627 353190.152687:   44751399 cycles:u: 
	    5d3e640dada8 zlib_rs::deflate::longest_match::longest_match+0x1a8 (/tmp/litchi-goal-0458/litchi-perf-baseline)
	            3fff [unknown] ([unknown])

litchi-perf-bas 4074627 353190.162798:   44836765 cycles:u: 
	    5d3e64119573 <memchr::arch::x86_64::avx2::memchr::Two>::find_raw_avx2+0x3 (/tmp/litchi-goal-0458/litchi-perf-baseline)
	3a3a3a3a3a3a3a39 [unknown] ([unknown])

litchi-perf-bas 4074627 353190.172891:   44831440 cycles:u: 
	    5d3e62dcd82e <litchi_odp::codec::parser::codec::xml::validation::ElementAttrs>::get+0x8e (/tmp/litchi-goal-0458/litchi-perf-baseline)

litchi-perf-bas 4074627 353190.183016:   44865760 cycles:u: 
	    5d3e62d98b9c <alloc::raw_vec::RawVec<(litchi_odp::content::DrawingDependencyKind, alloc::string::String, alloc::string::String)>>::grow_one+0x4c (/tmp/litchi-goal-0458/litchi-perf-baseline)
	fffffffffffffeff [unknown] ([unknown])

litchi-perf-bas 4074627 353190.193077:   44761894 cycles:u: 
	    7bbd32fb2c80 __memcmp_evex_movbe+0x0 (/usr/lib/x86_64-linux-gnu/libc.so.6)
	    5d3e62dcdd24 <litchi_odp::codec::parser::codec::xml::validation::ElementAttrs>::lookup+0x34 (/tmp/litchi-goal-0458/litchi-perf-baseline)
	               6 [unknown] ([unknown])

litchi-perf-bas 4074627 353190.203207:   44900969 cycles:u: 
	    5d3e63c9f32b <quick_xml::reader::Reader<&[u8]>>::read_event_impl::<()>+0x68b (/tmp/litchi-goal-0458/litchi-perf-baseline)
	               5 [unknown] ([unknown])

litchi-perf-bas 4074627 353190.213319:   44863947 cycles:u: 
	    7bbd32fb2ca5 __memcmp_evex_movbe+0x25 (/usr/lib/x86_64-linux-gnu/libc.so.6)
	    5d3e640e0e4c <quick_xml::reader::state::ReaderState>::emit_end+0xdc (/tmp/litchi-goal-0458/litchi-perf-baseline)

litchi-perf-bas 4074627 353190.223412:   44842404 cycles:u: 
	    5d3e6411a087 memchr::arch::x86_64::memchr::memchr3_raw::find_avx2+0x77 (/tmp/litchi-goal-0458/litchi-perf-baseline)
	2727272727272726 [unknown] ([unknown])
	    5d3e62d821d6 <&[u8] as quick_xml::reader::XmlSource<&mut alloc::vec::Vec<u8>>>::read_with::<quick_xml::parser::element::ElementParser>+0xd6 (/tmp/litchi-goal-0458/litchi-perf-baseline)
	          1e7253 [unknown] ([unknown])

litchi-perf-bas 4074627 353190.233527:   44883883 cycles:u: 
	    5d3e641193b6 <memchr::arch::x86_64::avx2::memchr::One>::find_raw+0x26 (/tmp/litchi-goal-0458/litchi-perf-baseline)

litchi-perf-bas 4074627 353190.243651:   44834787 cycles:u: 
	    5d3e640e3914 <quick_xml::name::NamespaceResolver>::resolve_prefix+0x134 (/tmp/litchi-goal-0458/litchi-perf-baseline)
	    5d3e640e36ca <quick_xml::name::NamespaceResolver>::resolve_event+0x12a (/tmp/litchi-goal-0458/litchi-perf-baseline)

litchi-perf-bas 4074627 353190.253761:   44899949 cycles:u: 
	    5d3e62dd77cf litchi_odp::model::staging::parse+0x48f (/tmp/litchi-goal-0458/litchi-perf-baseline)
	    5d3e63b993ae <core::io::util::Take<soapberry_zip::archive::ZipVerifier<&mut soapberry_zip::accounting::CountingReader<&mut flate2::deflate::read::DeflateDecoder<soapberry_zip::accounting::CountingReader<soapberry_zip::archive::ZipReader<&alloc::sync::Arc<alloc::vec::Vec<u8>>>>>>, &alloc::sync::Arc<alloc::vec::Vec<u8>>>> as std::io::Read>::read_buf+0x9e (/tmp/litchi-goal-0458/litchi-perf-baseline)

litchi-perf-bas 4074627 353190.263846:   44824182 cycles:u: 
	    5d3e62d821f2 <&[u8] as quick_xml::reader::XmlSource<&mut alloc::vec::Vec<u8>>>::read_with::<quick_xml::parser::element::ElementParser>+0xf2 (/tmp/litchi-goal-0458/litchi-perf-baseline)
	          2b04f8 [unknown] ([unknown])

litchi-perf-bas 4074627 353190.273937:   44891086 cycles:u: 
	    5d3e640e0a55 <quick_xml::reader::state::ReaderState>::emit_start+0x35 (/tmp/litchi-goal-0458/litchi-perf-baseline)
	               5 [unknown] ([unknown])

litchi-perf-bas 4074627 353190.284042:   44937392 cycles:u: 
	    5d3e640e0e00 <quick_xml::reader::state::ReaderState>::emit_end+0x90 (/tmp/litchi-goal-0458/litchi-perf-baseline)

litchi-perf-bas 4074627 353190.294197:   44939462 cycles:u: 
	    7bbd32fbc4db __memmove_avx512_unaligned_erms+0x21b (/usr/lib/x86_64-linux-gnu/libc.so.6)
	    5d3e62df3d2e <litchi_odp::authoring::mutable::MutablePresentation>::to_bytes_bounded+0x2a7e (/tmp/litchi-goal-0458/litchi-perf-baseline)
	    5d3e62d3d670 <litchi_odp::authoring::edit::Transaction>::commit+0x2c0 (/tmp/litchi-goal-0458/litchi-perf-baseline)

litchi-perf-bas 4074627 353190.304318:   44922413 cycles:u: 
	    5d3e640d9198 zlib_rs::deflate::algorithm::medium::deflate_medium+0xd48 (/tmp/litchi-goal-0458/litchi-perf-baseline)

litchi-perf-bas 4074627 353190.314459:   44842053 cycles:u: 
	    5d3e640e1969 <quick_xml::events::attributes::Attribute>::decoded_and_normalized_value_with::<quick_xml::escape::resolve_predefined_entity>+0x139 (/tmp/litchi-goal-0458/litchi-perf-baseline)
	               6 [unknown] ([unknown])

litchi-perf-bas 4074627 353190.324538:   44771459 cycles:u: 
	    7bbd32eb9591 unlink_chunk.isra.0+0x21 (/usr/lib/x86_64-linux-gnu/libc.so.6)
	    7bbd32eba884 _int_free_merge_chunk+0x94 (/usr/lib/x86_64-linux-gnu/libc.so.6)
	    7bbd32ebaa38 _int_free_chunk+0x28 (/usr/lib/x86_64-linux-gnu/libc.so.6)
	    7bbd32ebcae8 _int_realloc+0x1f8 (/usr/lib/x86_64-linux-gnu/libc.so.6)
	    7bbd32ebe0ce realloc+0x1ae (/usr/lib/x86_64-linux-gnu/libc.so.6)
	    5d3e62d9931e <alloc::raw_vec::RawVecInner>::finish_grow+0x5e (/tmp/litchi-goal-0458/litchi-perf-baseline)

litchi-perf-bas 4074627 353190.334779:   44853687 cycles:u: 
	    7bbd32fbc52a __memmove_avx512_unaligned_erms+0x26a (/usr/lib/x86_64-linux-gnu/libc.so.6)
	    5d3e62d1447e <litchi_odp::codec::parser::codec::Parser>::parse_pages_with_styles::<false>::{closure#0}+0x1e3e (/tmp/litchi-goal-0458/litchi-perf-baseline)
	    5d3e62d273af <litchi_odp::codec::parser::codec::Parser>::parse_slides_with_styles+0xa4f (/tmp/litchi-goal-0458/litchi-perf-baseline)

litchi-perf-bas 4074627 353190.344813:   44654004 cycles:u: 
	    5d3e640e3845 <quick_xml::name::NamespaceResolver>::resolve_prefix+0x65 (/tmp/litchi-goal-0458/litchi-perf-baseline)
	    5d3e640e36ca <quick_xml::name::NamespaceResolver>::resolve_event+0x12a (/tmp/litchi-goal-0458/litchi-perf-baseline)

litchi-perf-bas 4074627 353190.354912:   44877288 cycles:u: 
	    7bbd32fbcbce __memset_avx512_unaligned_erms+0x8e (/usr/lib/x86_64-linux-gnu/libc.so.6)
	    5d3e63b9939b <core::io::util::Take<soapberry_zip::archive::ZipVerifier<&mut soapberry_zip::accounting::CountingReader<&mut flate2::deflate::read::DeflateDecoder<soapberry_zip::accounting::CountingReader<soapberry_zip::archive::ZipReader<&alloc::sync::Arc<alloc::vec::Vec<u8>>>>>>, &alloc::sync::Arc<alloc::vec::Vec<u8>>>> as std::io::Read>::read_buf+0x8b (/tmp/litchi-goal-0458/litchi-perf-baseline)

litchi-perf-bas 4074627 353190.365050:   44943335 cycles:u: 
	    5d3e62e130d0 <litchi_odp::codec::parser::model::ParagraphText>::push_text+0x160 (/tmp/litchi-goal-0458/litchi-perf-baseline)
	2727272727272726 [unknown] ([unknown])

litchi-perf-bas 4074627 353190.375158:   44832345 cycles:u: 
	    5d3e640e1f94 <quick_xml::events::attributes::IterState>::next+0x104 (/tmp/litchi-goal-0458/litchi-perf-baseline)

litchi-perf-bas 4074627 353190.385251:   44883891 cycles:u: 
	    5d3e62e12f66 <litchi_odp::codec::parser::model::ParagraphText>::finish+0xa6 (/tmp/litchi-goal-0458/litchi-perf-baseline)
	              3e [unknown] ([unknown])

litchi-perf-bas 4074627 353190.395361:   44930821 cycles:u: 
	    5d3e64119810 <memchr::arch::x86_64::avx2::memchr::Three>::find_raw_avx2+0x20 (/tmp/litchi-goal-0458/litchi-perf-baseline)
	3c3c3c3c3c3c3c3b [unknown] ([unknown])

litchi-perf-bas 4074627 353190.405462:   44911622 cycles:u: 
	    5d3e64172374 core::str::converts::from_utf8+0x94 (/tmp/litchi-goal-0458/litchi-perf-baseline)

litchi-perf-bas 4074627 353190.415580:   44941904 cycles:u: 
	    7bbd32fb2ca5 __memcmp_evex_movbe+0x25 (/usr/lib/x86_64-linux-gnu/libc.so.6)
	    5d3e640e3873 <quick_xml::name::NamespaceResolver>::resolve_prefix+0x93 (/tmp/litchi-goal-0458/litchi-perf-baseline)
	    5d3e62e1a897 litchi_odp::model::page_metadata::element_is+0x77 (/tmp/litchi-goal-0458/litchi-perf-baseline)
	3a3a3a3a3a3a3a39 [unknown] ([unknown])

litchi-perf-bas 4074627 353190.425678:   44899390 cycles:u: 
	    5d3e62d821f2 <&[u8] as quick_xml::reader::XmlSource<&mut alloc::vec::Vec<u8>>>::read_with::<quick_xml::parser::element::ElementParser>+0xf2 (/tmp/litchi-goal-0458/litchi-perf-baseline)
	          48a23a [unknown] ([unknown])

litchi-perf-bas 4074627 353190.435813:   44916405 cycles:u: 
	    5d3e62d7efb8 <quick_xml::reader::Reader<&[u8]>>::read_event_impl::<()>+0x118 (/tmp/litchi-goal-0458/litchi-perf-baseline)
	               c [unknown] ([unknown])

litchi-perf-bas 4074627 353190.445918:   44930845 cycles:u: 
	    5d3e62dfff1f <core::iter::adapters::map::Map<core::ops::range::Range<usize>, litchi_odp::model::page_metadata::effective_page_names::{closure#0}> as core::iter::traits::iterator::Iterator>::try_fold::<(), <core::iter::adapters::GenericShunt<core::iter::adapters::map::Map<core::ops::range::Range<usize>, litchi_odp::model::page_metadata::effective_page_names::{closure#0}>, core::result::Result<core::convert::Infallible, litchi_core::error::types::Error>> as core::iter::traits::iterator::Iterator>::try_fold<(), core::iter::traits::iterator::Iterator::try_for_each::call<alloc::string::String, core::ops::control_flow::ControlFlow<alloc::string::String>, core::ops::control_flow::ControlFlow<alloc::string::String>::Break>::{closure#0}, core::ops::control_flow::ControlFlow<alloc::string::String>>::{closure#0}, core::ops::control_flow::ControlFlow<core::ops::control_flow::ControlFlow<alloc::string::String>>>+0x13f (/tmp/litchi-goal-0458/litchi-perf-baseline)

litchi-perf-bas 4074627 353190.456048:   44882384 cycles:u: 
	    5d3e6401267f xml_minifier::audit::verify_with_policy+0x1bf (/tmp/litchi-goal-0458/litchi-perf-baseline)
	               a [unknown] ([unknown])

litchi-perf-bas 4074627 353190.466177:   44829448 cycles:u: 
	    5d3e640bd0a7 crc32fast::specialized::pclmulqdq::calculate+0x97 (/tmp/litchi-goal-0458/litchi-perf-baseline)

litchi-perf-bas 4074627 353190.476279:   44856653 cycles:u: 
	    5d3e62e130b7 <litchi_odp::codec::parser::model::ParagraphText>::push_text+0x147 (/tmp/litchi-goal-0458/litchi-perf-baseline)
	2727272727272726 [unknown] ([unknown])

litchi-perf-bas 4074627 353190.486366:   44847674 cycles:u: 
	    5d3e640e2270 <quick_xml::events::attributes::IterState>::next+0x3e0 (/tmp/litchi-goal-0458/litchi-perf-baseline)

litchi-perf-bas 4074627 353190.496468:   44920409 cycles:u: 
	    5d3e62dcc80a <litchi_odp::codec::parser::codec::xml::validation::ElementAttrs>::resolve_at_scan+0x1a (/tmp/litchi-goal-0458/litchi-perf-baseline)

litchi-perf-bas 4074627 353190.506602:   44931940 cycles:u: 
	    7bbd32fb2c80 __memcmp_evex_movbe+0x0 (/usr/lib/x86_64-linux-gnu/libc.so.6)
	    5d3e62dcdd3e <litchi_odp::codec::parser::codec::xml::validation::ElementAttrs>::lookup+0x4e (/tmp/litchi-goal-0458/litchi-perf-baseline)
	               4 [unknown] ([unknown])

litchi-perf-bas 4074627 353190.516712:   44868711 cycles:u: 
	    5d3e641125d8 sha2::sha256::x86_sha::compress+0x198 (/tmp/litchi-goal-0458/litchi-perf-baseline)

litchi-perf-bas 4074627 353190.526829:   44865415 cycles:u: 
	    5d3e62dcd8a5 <litchi_odp::codec::parser::codec::xml::validation::ElementAttrs>::get+0x105 (/tmp/litchi-goal-0458/litchi-perf-baseline)

litchi-perf-bas 4074627 353190.536922:   44829763 cycles:u: 
	    5d3e62d1d5ab <litchi_odp::codec::parser::codec::NsClass>::from_uri+0xeb (/tmp/litchi-goal-0458/litchi-perf-baseline)

litchi-perf-bas 4074627 353190.547014:   44868824 cycles:u: 
	    5d3e6411a05d memchr::arch::x86_64::memchr::memchr3_raw::find_avx2+0x4d (/tmp/litchi-goal-0458/litchi-perf-baseline)
	2727272727272726 [unknown] ([unknown])
	    5d3e62d821d6 <&[u8] as quick_xml::reader::XmlSource<&mut alloc::vec::Vec<u8>>>::read_with::<quick_xml::parser::element::ElementParser>+0xd6 (/tmp/litchi-goal-0458/litchi-perf-baseline)
	          419dc9 [unknown] ([unknown])

litchi-perf-bas 4074627 353190.557125:   44921764 cycles:u: 
	    5d3e62dcd949 <litchi_odp::codec::parser::codec::xml::validation::ElementAttrs>::get+0x1a9 (/tmp/litchi-goal-0458/litchi-perf-baseline)
	    5d3e62d96d83 <alloc::raw_vec::RawVecInner<_>>::reserve::do_reserve_and_handle::<alloc::alloc::Global>+0x63 (/tmp/litchi-goal-0458/litchi-perf-baseline)
	               7 [unknown] ([unknown])

litchi-perf-bas 4074627 353190.567282:   44954820 cycles:u: 
	    5d3e62dcfd2a <litchi_odp::model::declaration::Scanner>::step+0x82a (/tmp/litchi-goal-0458/litchi-perf-baseline)

litchi-perf-bas 4074627 353190.577350:   44763085 cycles:u: 
	    5d3e641193b0 <memchr::arch::x86_64::avx2::memchr::One>::find_raw+0x20 (/tmp/litchi-goal-0458/litchi-perf-baseline)
	    5d3e62dd3a42 litchi_odp::model::declaration::element_is+0x52 (/tmp/litchi-goal-0458/litchi-perf-baseline)
	               8 [unknown] ([unknown])

litchi-perf-bas 4074627 353190.587444:   44880525 cycles:u: 
	    5d3e640e1fce <quick_xml::events::attributes::IterState>::next+0x13e (/tmp/litchi-goal-0458/litchi-perf-baseline)

litchi-perf-bas 4074627 353190.597543:   44917467 cycles:u: 
	    7bbd32fb2ca5 __memcmp_evex_movbe+0x25 (/usr/lib/x86_64-linux-gnu/libc.so.6)
	    5d3e640e3873 <quick_xml::name::NamespaceResolver>::resolve_prefix+0x93 (/tmp/litchi-goal-0458/litchi-perf-baseline)
	    5d3e640e3704 <quick_xml::name::NamespaceResolver>::resolve_event+0x164 (/tmp/litchi-goal-0458/litchi-perf-baseline)
	8000000000000000 [unknown] ([unknown])

litchi-perf-bas 4074627 353190.607701:   44935123 cycles:u: 
	    5d3e64014ac7 <quick_xml::reader::Reader<&[u8]>>::read_event_impl::<()>+0x6c7 (/tmp/litchi-goal-0458/litchi-perf-baseline)
	              53 [unknown] ([unknown])

litchi-perf-bas 4074627 353190.617782:   44768483 cycles:u: 
	    5d3e640d9184 zlib_rs::deflate::algorithm::medium::deflate_medium+0xd34 (/tmp/litchi-goal-0458/litchi-perf-baseline)

litchi-perf-bas 4074627 353190.627927:   44845576 cycles:u: 
	    5d3e62dcdcf9 <litchi_odp::codec::parser::codec::xml::validation::ElementAttrs>::lookup+0x9 (/tmp/litchi-goal-0458/litchi-perf-baseline)
	    5d3e62d2f02b <litchi_odp::codec::parser::codec::Parser>::shape_builder+0x8db (/tmp/litchi-goal-0458/litchi-perf-baseline)
	    5d3e62d96d83 <alloc::raw_vec::RawVecInner<_>>::reserve::do_reserve_and_handle::<alloc::alloc::Global>+0x63 (/tmp/litchi-goal-0458/litchi-perf-baseline)
	    7bbd32ebe0ce realloc+0x1ae (/usr/lib/x86_64-linux-gnu/libc.so.6)
	    5d3e62d9931e <alloc::raw_vec::RawVecInner>::finish_grow+0x5e (/tmp/litchi-goal-0458/litchi-perf-baseline)
	fffffffffffffffe [unknown] ([unknown])

litchi-perf-bas 4074627 353190.638025:   44840560 cycles:u: 
	    5d3e640e1ba3 <quick_xml::events::attributes::IterState>::check_for_duplicates+0x153 (/tmp/litchi-goal-0458/litchi-perf-baseline)
	               6 [unknown] ([unknown])

litchi-perf-bas 4074627 353190.648129:   44816925 cycles:u: 
	    5d3e62d1240e core::ptr::drop_glue::<litchi_odp::codec::parser::codec::xml::validation::ElementAttrs>+0x8e (/tmp/litchi-goal-0458/litchi-perf-baseline)

litchi-perf-bas 4074627 353190.658361:   44872848 cycles:u: 
	    5d3e640e1b04 <quick_xml::events::attributes::IterState>::check_for_duplicates+0xb4 (/tmp/litchi-goal-0458/litchi-perf-baseline)

litchi-perf-bas 4074627 353190.668431:   44699219 cycles:u: 
	    5d3e63cb27a6 litchi_odf_common::core::xml_splice::verify_well_formed+0x166 (/tmp/litchi-goal-0458/litchi-perf-baseline)
	fffffffffffffeff [unknown] ([unknown])

litchi-perf-bas 4074627 353190.678534:   44811012 cycles:u: 
	    5d3e62d994bc <quick_xml::reader::ns_reader::NsReader<&[u8]>>::process_event+0x3c (/tmp/litchi-goal-0458/litchi-perf-baseline)
	              ff [unknown] ([unknown])

litchi-perf-bas 4074627 353190.688621:   44846679 cycles:u: 
	    5d3e62dcd9db <litchi_odp::codec::parser::codec::xml::validation::ElementAttrs>::get+0x23b (/tmp/litchi-goal-0458/litchi-perf-baseline)
	    5d3e62d96d83 <alloc::raw_vec::RawVecInner<_>>::reserve::do_reserve_and_handle::<alloc::alloc::Global>+0x63 (/tmp/litchi-goal-0458/litchi-perf-baseline)
	               7 [unknown] ([unknown])

litchi-perf-bas 4074627 353190.698719:   44895353 cycles:u: 
	    5d3e641722e0 core::str::converts::from_utf8+0x0 (/tmp/litchi-goal-0458/litchi-perf-baseline)

litchi-perf-bas 4074627 353190.708837:   44928680 cycles:u: 
	    5d3e62d2f35e <litchi_odp::codec::parser::codec::Parser>::shape_builder+0xc0e (/tmp/litchi-goal-0458/litchi-perf-baseline)
	    5d3e62d96d83 <alloc::raw_vec::RawVecInner<_>>::reserve::do_reserve_and_handle::<alloc::alloc::Global>+0x63 (/tmp/litchi-goal-0458/litchi-perf-baseline)
	              df [unknown] ([unknown])

litchi-perf-bas 4074627 353190.718961:   44888377 cycles:u: 
	    7bbd32fb2c84 __memcmp_evex_movbe+0x4 (/usr/lib/x86_64-linux-gnu/libc.so.6)
	    5d3e62e1a8ca litchi_odp::model::page_metadata::element_is+0xaa (/tmp/litchi-goal-0458/litchi-perf-baseline)
	3a3a3a3a3a3a3a39 [unknown] ([unknown])

litchi-perf-bas 4074627 353190.729053:   44827017 cycles:u: 
	    5d3e640e37e0 <quick_xml::name::NamespaceResolver>::resolve_prefix+0x0 (/tmp/litchi-goal-0458/litchi-perf-baseline)

litchi-perf-bas 4074627 353190.739167:   44870248 cycles:u: 
	    7bbd32fb2c80 __memcmp_evex_movbe+0x0 (/usr/lib/x86_64-linux-gnu/libc.so.6)
	    5d3e640e3873 <quick_xml::name::NamespaceResolver>::resolve_prefix+0x93 (/tmp/litchi-goal-0458/litchi-perf-baseline)
	    5d3e62dd715c litchi_odp::model::declaration::end_is+0x5c (/tmp/litchi-goal-0458/litchi-perf-baseline)
	3e3e3e3e3e3e3e3d [unknown] ([unknown])

litchi-perf-bas 4074627 353190.749272:   44886559 cycles:u: 
	    5d3e64119822 <memchr::arch::x86_64::avx2::memchr::Three>::find_raw_avx2+0x32 (/tmp/litchi-goal-0458/litchi-perf-baseline)
	2222222222222221 [unknown] ([unknown])

litchi-perf-bas 4074627 353190.759423:   44899406 cycles:u: 
	    5d3e6401267f xml_minifier::audit::verify_with_policy+0x1bf (/tmp/litchi-goal-0458/litchi-perf-baseline)
	               a [unknown] ([unknown])

litchi-perf-bas 4074627 353190.769495:   44697307 cycles:u: 
	    5d3e640d9081 zlib_rs::deflate::algorithm::medium::deflate_medium+0xc31 (/tmp/litchi-goal-0458/litchi-perf-baseline)

litchi-perf-bas 4074627 353190.779605:   44819365 cycles:u: 
	    5d3e640e0dc6 <quick_xml::reader::state::ReaderState>::emit_end+0x56 (/tmp/litchi-goal-0458/litchi-perf-baseline)

litchi-perf-bas 4074627 353190.789706:   44798051 cycles:u: 
	    5d3e62d1240e core::ptr::drop_glue::<litchi_odp::codec::parser::codec::xml::validation::ElementAttrs>+0x8e (/tmp/litchi-goal-0458/litchi-perf-baseline)

litchi-perf-bas 4074627 353190.799796:   44809517 cycles:u: 
	    5d3e62dcc9d1 <litchi_odp::codec::parser::codec::xml::validation::ElementAttrs>::drawing_attributes+0xc1 (/tmp/litchi-goal-0458/litchi-perf-baseline)
	fffffffffffffffe [unknown] ([unknown])

litchi-perf-bas 4074627 353190.809889:   44856753 cycles:u: 
	    5d3e62d271d7 <litchi_odp::codec::parser::codec::Parser>::parse_slides_with_styles+0x877 (/tmp/litchi-goal-0458/litchi-perf-baseline)

litchi-perf-bas 4074627 353190.820053:   44894223 cycles:u: 
	    5d3e63cb27c1 litchi_odf_common::core::xml_splice::verify_well_formed+0x181 (/tmp/litchi-goal-0458/litchi-perf-baseline)
	          ffffff [unknown] ([unknown])

litchi-perf-bas 4074627 353190.830199:   44817080 cycles:u: 
	    7bbd32fb2c80 __memcmp_evex_movbe+0x0 (/usr/lib/x86_64-linux-gnu/libc.so.6)
	    5d3e640e3873 <quick_xml::name::NamespaceResolver>::resolve_prefix+0x93 (/tmp/litchi-goal-0458/litchi-perf-baseline)
	    5d3e62dcc847 <litchi_odp::codec::parser::codec::xml::validation::ElementAttrs>::resolve_at_scan+0x57 (/tmp/litchi-goal-0458/litchi-perf-baseline)

litchi-perf-bas 4074627 353190.840277:   44695834 cycles:u: 
	    5d3e640e36db <quick_xml::name::NamespaceResolver>::resolve_event+0x13b (/tmp/litchi-goal-0458/litchi-perf-baseline)

litchi-perf-bas 4074627 353190.850366:   44781650 cycles:u: 
	    7bbd32fbc2d3 __memmove_avx512_unaligned_erms+0x13 (/usr/lib/x86_64-linux-gnu/libc.so.6)
	    5d3e62d2f7d2 <litchi_odp::codec::parser::codec::Parser>::shape_builder+0x1082 (/tmp/litchi-goal-0458/litchi-perf-baseline)
	    5d3e62d15b62 <litchi_odp::codec::parser::codec::Parser>::parse_pages_with_styles::<false>::{closure#0}+0x3522 (/tmp/litchi-goal-0458/litchi-perf-baseline)
	    5d3e62d273af <litchi_odp::codec::parser::codec::Parser>::parse_slides_with_styles+0xa4f (/tmp/litchi-goal-0458/litchi-perf-baseline)

litchi-perf-bas 4074627 353190.860464:   44849549 cycles:u: 
	    7bbd32ebdf3d realloc+0x1d (/usr/lib/x86_64-linux-gnu/libc.so.6)
	    5d3e640e4e5e <alloc::raw_vec::RawVecInner>::finish_grow+0x5e (/tmp/litchi-goal-0458/litchi-perf-baseline)

litchi-perf-bas 4074627 353190.870589:   44866742 cycles:u: 
	    5d3e640e3845 <quick_xml::name::NamespaceResolver>::resolve_prefix+0x65 (/tmp/litchi-goal-0458/litchi-perf-baseline)
	    5d3e62dd8537 litchi_odp::model::settings::element_is+0x77 (/tmp/litchi-goal-0458/litchi-perf-baseline)
	               4 [unknown] ([unknown])

litchi-perf-bas 4074627 353190.880690:   44828369 cycles:u: 
	    7bbd32fb2ca5 __memcmp_evex_movbe+0x25 (/usr/lib/x86_64-linux-gnu/libc.so.6)
	    5d3e640e3873 <quick_xml::name::NamespaceResolver>::resolve_prefix+0x93 (/tmp/litchi-goal-0458/litchi-perf-baseline)
	    5d3e62dd3a67 litchi_odp::model::declaration::element_is+0x77 (/tmp/litchi-goal-0458/litchi-perf-baseline)

litchi-perf-bas 4074627 353190.890791:   44824607 cycles:u: 
	    7bbd32fb2ca5 __memcmp_evex_movbe+0x25 (/usr/lib/x86_64-linux-gnu/libc.so.6)
	    5d3e640e3873 <quick_xml::name::NamespaceResolver>::resolve_prefix+0x93 (/tmp/litchi-goal-0458/litchi-perf-baseline)
	    5d3e62dd3a67 litchi_odp::model::declaration::element_is+0x77 (/tmp/litchi-goal-0458/litchi-perf-baseline)

litchi-perf-bas 4074627 353190.900908:   44858141 cycles:u: 
	    5d3e640e1fce <quick_xml::events::attributes::IterState>::next+0x13e (/tmp/litchi-goal-0458/litchi-perf-baseline)

litchi-perf-bas 4074627 353190.911013:   44814266 cycles:u: 
	    7bbd32fbc4d4 __memmove_avx512_unaligned_erms+0x214 (/usr/lib/x86_64-linux-gnu/libc.so.6)
	    7bbd32ebcacf _int_realloc+0x1df (/usr/lib/x86_64-linux-gnu/libc.so.6)
	    7bbd32ebe0ce realloc+0x1ae (/usr/lib/x86_64-linux-gnu/libc.so.6)
	    5d3e62d9931e <alloc::raw_vec::RawVecInner>::finish_grow+0x5e (/tmp/litchi-goal-0458/litchi-perf-baseline)

litchi-perf-bas 4074627 353190.921155:   44833533 cycles:u: 
	    5d3e640e21a8 <quick_xml::events::attributes::IterState>::next+0x318 (/tmp/litchi-goal-0458/litchi-perf-baseline)
	           3d08f [unknown] ([unknown])

litchi-perf-bas 4074627 353190.931261:   44791771 cycles:u: 
	    5d3e641722e2 core::str::converts::from_utf8+0x2 (/tmp/litchi-goal-0458/litchi-perf-baseline)

litchi-perf-bas 4074627 353190.941348:   44790755 cycles:u: 
	    5d3e6411a055 memchr::arch::x86_64::memchr::memchr3_raw::find_avx2+0x45 (/tmp/litchi-goal-0458/litchi-perf-baseline)
	2727272727272726 [unknown] ([unknown])
	    5d3e62d821d6 <&[u8] as quick_xml::reader::XmlSource<&mut alloc::vec::Vec<u8>>>::read_with::<quick_xml::parser::element::ElementParser>+0xd6 (/tmp/litchi-goal-0458/litchi-perf-baseline)
	          17dc86 [unknown] ([unknown])

litchi-perf-bas 4074627 353190.951435:   44847831 cycles:u: 
	    5d3e62d12651 <litchi_odp::codec::parser::codec::Parser>::parse_pages_with_styles::<false>::{closure#0}+0x11 (/tmp/litchi-goal-0458/litchi-perf-baseline)

litchi-perf-bas 4074627 353190.961531:   44919409 cycles:u: 
	    5d3e62d271d7 <litchi_odp::codec::parser::codec::Parser>::parse_slides_with_styles+0x877 (/tmp/litchi-goal-0458/litchi-perf-baseline)

litchi-perf-bas 4074627 353190.971770:   44942114 cycles:u: 
	    5d3e640ca45e zlib_rs::inflate::inftrees::inflate_table+0x5e (/tmp/litchi-goal-0458/litchi-perf-baseline)
	              1f [unknown] ([unknown])

litchi-perf-bas 4074627 353190.981853:   44722494 cycles:u: 
	    5d3e64172354 core::str::converts::from_utf8+0x74 (/tmp/litchi-goal-0458/litchi-perf-baseline)

litchi-perf-bas 4074627 353190.991943:   44814993 cycles:u: 
	    5d3e64119808 <memchr::arch::x86_64::avx2::memchr::Three>::find_raw_avx2+0x18 (/tmp/litchi-goal-0458/litchi-perf-baseline)
	2222222222222221 [unknown] ([unknown])

litchi-perf-bas 4074627 353191.002029:   44859636 cycles:u: 
	    5d3e640e0a91 <quick_xml::reader::state::ReaderState>::emit_start+0x71 (/tmp/litchi-goal-0458/litchi-perf-baseline)
	    5d3e640e3704 <quick_xml::name::NamespaceResolver>::resolve_event+0x164 (/tmp/litchi-goal-0458/litchi-perf-baseline)
	8000000000000000 [unknown] ([unknown])

litchi-perf-bas 4074627 353191.012149:   44924562 cycles:u: 
	    5d3e641197fe <memchr::arch::x86_64::avx2::memchr::Three>::find_raw_avx2+0xe (/tmp/litchi-goal-0458/litchi-perf-baseline)
	3c3c3c3c3c3c3c3b [unknown] ([unknown])

litchi-perf-bas 4074627 353191.022281:   44930975 cycles:u: 
	    7bbd32fbc3dd __memmove_avx512_unaligned_erms+0x11d (/usr/lib/x86_64-linux-gnu/libc.so.6)
	    5d3e62d27de2 <litchi_odp::codec::parser::codec::Parser>::parse_slides_with_styles+0x1482 (/tmp/litchi-goal-0458/litchi-perf-baseline)
	    5d3e62d3a982 <litchi_odp::authoring::edit::Snapshot>::from_owned_package+0x232 (/tmp/litchi-goal-0458/litchi-perf-baseline)
	          ffffff [unknown] ([unknown])

litchi-perf-bas 4074627 353191.032381:   44881247 cycles:u: 
	    5d3e640e1ba2 <quick_xml::events::attributes::IterState>::check_for_duplicates+0x152 (/tmp/litchi-goal-0458/litchi-perf-baseline)
	              fe [unknown] ([unknown])

litchi-perf-bas 4074627 353191.042481:   44902300 cycles:u: 
	    7bbd32fb2c80 __memcmp_evex_movbe+0x0 (/usr/lib/x86_64-linux-gnu/libc.so.6)
	    5d3e640e3873 <quick_xml::name::NamespaceResolver>::resolve_prefix+0x93 (/tmp/litchi-goal-0458/litchi-perf-baseline)
	    5d3e62dd3a67 litchi_odp::model::declaration::element_is+0x77 (/tmp/litchi-goal-0458/litchi-perf-baseline)

litchi-perf-bas 4074627 353191.052584:   44931967 cycles:u: 
	    5d3e64172744 core::slice::memchr::memrchr+0xb4 (/tmp/litchi-goal-0458/litchi-perf-baseline)
	    5d3e62d869b9 <litchi_odp::codec::content_source::scanner::Scanner>::run+0x579 (/tmp/litchi-goal-0458/litchi-perf-baseline)
	               3 [unknown] ([unknown])

litchi-perf-bas 4074627 353191.062688:   44936779 cycles:u: 
	    5d3e62dfff1f <core::iter::adapters::map::Map<core::ops::range::Range<usize>, litchi_odp::model::page_metadata::effective_page_names::{closure#0}> as core::iter::traits::iterator::Iterator>::try_fold::<(), <core::iter::adapters::GenericShunt<core::iter::adapters::map::Map<core::ops::range::Range<usize>, litchi_odp::model::page_metadata::effective_page_names::{closure#0}>, core::result::Result<core::convert::Infallible, litchi_core::error::types::Error>> as core::iter::traits::iterator::Iterator>::try_fold<(), core::iter::traits::iterator::Iterator::try_for_each::call<alloc::string::String, core::ops::control_flow::ControlFlow<alloc::string::String>, core::ops::control_flow::ControlFlow<alloc::string::String>::Break>::{closure#0}, core::ops::control_flow::ControlFlow<alloc::string::String>>::{closure#0}, core::ops::control_flow::ControlFlow<core::ops::control_flow::ControlFlow<alloc::string::String>>>+0x13f (/tmp/litchi-goal-0458/litchi-perf-baseline)

litchi-perf-bas 4074627 353191.072854:   44954821 cycles:u: 
	    5d3e640e1b65 <quick_xml::events::attributes::IterState>::check_for_duplicates+0x115 (/tmp/litchi-goal-0458/litchi-perf-baseline)

litchi-perf-bas 4074627 353191.082935:   44753091 cycles:u: 
	    5d3e640dadc8 zlib_rs::deflate::longest_match::longest_match+0x1c8 (/tmp/litchi-goal-0458/litchi-perf-baseline)
	            3fff [unknown] ([unknown])

litchi-perf-bas 4074627 353191.093042:   44838016 cycles:u: 
	    7bbd32fb2ca5 __memcmp_evex_movbe+0x25 (/usr/lib/x86_64-linux-gnu/libc.so.6)
	    5d3e640e3873 <quick_xml::name::NamespaceResolver>::resolve_prefix+0x93 (/tmp/litchi-goal-0458/litchi-perf-baseline)
	    5d3e62dcc847 <litchi_odp::codec::parser::codec::xml::validation::ElementAttrs>::resolve_at_scan+0x57 (/tmp/litchi-goal-0458/litchi-perf-baseline)

litchi-perf-bas 4074627 353191.103147:   44832087 cycles:u: 
	    5d3e62d994d7 <quick_xml::reader::ns_reader::NsReader<&[u8]>>::process_event+0x57 (/tmp/litchi-goal-0458/litchi-perf-baseline)
	              ff [unknown] ([unknown])

litchi-perf-bas 4074627 353191.113241:   44881280 cycles:u: 
	    7bbd32fbc4c6 __memmove_avx512_unaligned_erms+0x206 (/usr/lib/x86_64-linux-gnu/libc.so.6)
	    5d3e62d33c65 <alloc::vec::Vec<litchi_odp::codec::parser::model::ShapeBuilder>>::push_mut+0x35 (/tmp/litchi-goal-0458/litchi-perf-baseline)
	               5 [unknown] ([unknown])
	8000000000000000 [unknown] ([unknown])

litchi-perf-bas 4074627 353191.123345:   44919298 cycles:u: 
	    5d3e641190b3 <memchr::arch::x86_64::avx2::memchr::One>::find_raw_avx2+0x3 (/tmp/litchi-goal-0458/litchi-perf-baseline)

litchi-perf-bas 4074627 353191.133466:   44942126 cycles:u: 
	    5d3e63b96186 litchi_odf_common::package::edit::xml_splice_publication+0x1d6 (/tmp/litchi-goal-0458/litchi-perf-baseline)

litchi-perf-bas 4074627 353191.143585:   44893393 cycles:u: 
	    5d3e62e1314f <litchi_odp::codec::parser::model::ParagraphText>::push_text+0x1df (/tmp/litchi-goal-0458/litchi-perf-baseline)
	2727272727272726 [unknown] ([unknown])

litchi-perf-bas 4074627 353191.153676:   44856997 cycles:u: 
	    5d3e640e3f33 <quick_xml::name::NamespaceResolver>::push+0xd3 (/tmp/litchi-goal-0458/litchi-perf-baseline)
	          3c263b [unknown] ([unknown])
	              30 [unknown] ([unknown])

litchi-perf-bas 4074627 353191.163774:   44904827 cycles:u: 
	    5d3e640e1969 <quick_xml::events::attributes::Attribute>::decoded_and_normalized_value_with::<quick_xml::escape::resolve_predefined_entity>+0x139 (/tmp/litchi-goal-0458/litchi-perf-baseline)
	3a3a3a3a3a3a3a39 [unknown] ([unknown])

litchi-perf-bas 4074627 353191.173875:   44933591 cycles:u: 
	    5d3e64119400 <memchr::arch::x86_64::avx2::memchr::One>::find_raw+0x70 (/tmp/litchi-goal-0458/litchi-perf-baseline)
	fffffffffffffffe [unknown] ([unknown])

litchi-perf-bas 4074627 353191.183994:   44950612 cycles:u: 
	    5d3e62d99494 <quick_xml::reader::ns_reader::NsReader<&[u8]>>::process_event+0x14 (/tmp/litchi-goal-0458/litchi-perf-baseline)
	e74c390e97dceecb [unknown] ([unknown])

litchi-perf-bas 4074627 353191.194109:   44906190 cycles:u: 
	    7bbd32fb2c84 __memcmp_evex_movbe+0x4 (/usr/lib/x86_64-linux-gnu/libc.so.6)
	    5d3e640e3873 <quick_xml::name::NamespaceResolver>::resolve_prefix+0x93 (/tmp/litchi-goal-0458/litchi-perf-baseline)
	    5d3e62dd3a67 litchi_odp::model::declaration::element_is+0x77 (/tmp/litchi-goal-0458/litchi-perf-baseline)

litchi-perf-bas 4074627 353191.204278:   44934221 cycles:u: 
	    5d3e641197fa <memchr::arch::x86_64::avx2::memchr::Three>::find_raw_avx2+0xa (/tmp/litchi-goal-0458/litchi-perf-baseline)
	2222222222222221 [unknown] ([unknown])

litchi-perf-bas 4074627 353191.214309:   44599274 cycles:u: 
	    5d3e62d994d7 <quick_xml::reader::ns_reader::NsReader<&[u8]>>::process_event+0x57 (/tmp/litchi-goal-0458/litchi-perf-baseline)

litchi-perf-bas 4074627 353191.224431:   44856540 cycles:u: 
	    5d3e64014aa7 <quick_xml::reader::Reader<&[u8]>>::read_event_impl::<()>+0x6a7 (/tmp/litchi-goal-0458/litchi-perf-baseline)
	               9 [unknown] ([unknown])

litchi-perf-bas 4074627 353191.234525:   44783189 cycles:u: 
	    5d3e640d9081 zlib_rs::deflate::algorithm::medium::deflate_medium+0xc31 (/tmp/litchi-goal-0458/litchi-perf-baseline)

litchi-perf-bas 4074627 353191.244630:   44841757 cycles:u: 
	    5d3e640e1a57 <quick_xml::events::attributes::IterState>::check_for_duplicates+0x7 (/tmp/litchi-goal-0458/litchi-perf-baseline)

litchi-perf-bas 4074627 353191.254726:   44831203 cycles:u: 
	    5d3e62dcd80c <litchi_odp::codec::parser::codec::xml::validation::ElementAttrs>::get+0x6c (/tmp/litchi-goal-0458/litchi-perf-baseline)

litchi-perf-bas 4074627 353191.264822:   44869235 cycles:u: 
	    5d3e62dcd976 <litchi_odp::codec::parser::codec::xml::validation::ElementAttrs>::get+0x1d6 (/tmp/litchi-goal-0458/litchi-perf-baseline)
	    5d3e62d96d83 <alloc::raw_vec::RawVecInner<_>>::reserve::do_reserve_and_handle::<alloc::alloc::Global>+0x63 (/tmp/litchi-goal-0458/litchi-perf-baseline)
	               7 [unknown] ([unknown])

litchi-perf-bas 4074627 353191.274935:   44897555 cycles:u: 
	    7bbd32fbc2d3 __memmove_avx512_unaligned_erms+0x13 (/usr/lib/x86_64-linux-gnu/libc.so.6)
	    5d3e62d1603a <litchi_odp::codec::parser::codec::Parser>::parse_pages_with_styles::<false>::{closure#0}+0x39fa (/tmp/litchi-goal-0458/litchi-perf-baseline)
	    5d3e62d273af <litchi_odp::codec::parser::codec::Parser>::parse_slides_with_styles+0xa4f (/tmp/litchi-goal-0458/litchi-perf-baseline)

litchi-perf-bas 4074627 353191.285200:   44885122 cycles:u: 
	    5d3e64119828 <memchr::arch::x86_64::avx2::memchr::Three>::find_raw_avx2+0x38 (/tmp/litchi-goal-0458/litchi-perf-baseline)
	2222222222222221 [unknown] ([unknown])

litchi-perf-bas 4074627 353191.295270:   44662365 cycles:u: 
	    5d3e640e3854 <quick_xml::name::NamespaceResolver>::resolve_prefix+0x74 (/tmp/litchi-goal-0458/litchi-perf-baseline)
	    5d3e640e36ca <quick_xml::name::NamespaceResolver>::resolve_event+0x12a (/tmp/litchi-goal-0458/litchi-perf-baseline)

litchi-perf-bas 4074627 353191.305346:   44786495 cycles:u: 
	    5d3e64119595 <memchr::arch::x86_64::avx2::memchr::Two>::find_raw_avx2+0x25 (/tmp/litchi-goal-0458/litchi-perf-baseline)
	3a3a3a3a3a3a3a39 [unknown] ([unknown])

litchi-perf-bas 4074627 353191.315443:   44883864 cycles:u: 
	    5d3e62d99494 <quick_xml::reader::ns_reader::NsReader<&[u8]>>::process_event+0x14 (/tmp/litchi-goal-0458/litchi-perf-baseline)
	              ff [unknown] ([unknown])

litchi-perf-bas 4074627 353191.325536:   44916984 cycles:u: 
	    5d3e62e1314b <litchi_odp::codec::parser::model::ParagraphText>::push_text+0x1db (/tmp/litchi-goal-0458/litchi-perf-baseline)
	2727272727272726 [unknown] ([unknown])

litchi-perf-bas 4074627 353191.335699:   44961826 cycles:u: 
	    7bbd32fb2c84 __memcmp_evex_movbe+0x4 (/usr/lib/x86_64-linux-gnu/libc.so.6)
	    5d3e640e3873 <quick_xml::name::NamespaceResolver>::resolve_prefix+0x93 (/tmp/litchi-goal-0458/litchi-perf-baseline)
	    5d3e62dd3a67 litchi_odp::model::declaration::element_is+0x77 (/tmp/litchi-goal-0458/litchi-perf-baseline)

litchi-perf-bas 4074627 353191.345761:   44743005 cycles:u: 
	    5d3e62d99494 <quick_xml::reader::ns_reader::NsReader<&[u8]>>::process_event+0x14 (/tmp/litchi-goal-0458/litchi-perf-baseline)
	 bf9f6bd40a47f1c [unknown] ([unknown])

litchi-perf-bas 4074627 353191.355852:   44885344 cycles:u: 
	    7bbd32fb2ca5 __memcmp_evex_movbe+0x25 (/usr/lib/x86_64-linux-gnu/libc.so.6)
	    5d3e640e3873 <quick_xml::name::NamespaceResolver>::resolve_prefix+0x93 (/tmp/litchi-goal-0458/litchi-perf-baseline)
	    5d3e62dd3a67 litchi_odp::model::declaration::element_is+0x77 (/tmp/litchi-goal-0458/litchi-perf-baseline)

litchi-perf-bas 4074627 353191.365961:   44931950 cycles:u: 
	    5d3e62d7f55b <quick_xml::reader::Reader<&[u8]>>::read_event_impl::<()>+0x6bb (/tmp/litchi-goal-0458/litchi-perf-baseline)
	               8 [unknown] ([unknown])

litchi-perf-bas 4074627 353191.376122:   44929828 cycles:u: 
	    7bbd32fb2cbb __memcmp_evex_movbe+0x3b (/usr/lib/x86_64-linux-gnu/libc.so.6)
	    5d3e640e1b2c <quick_xml::events::attributes::IterState>::check_for_duplicates+0xdc (/tmp/litchi-goal-0458/litchi-perf-baseline)
	              4f [unknown] ([unknown])
	              69 [unknown] ([unknown])

litchi-perf-bas 4074627 353191.386197:   44752270 cycles:u: 
	    5d3e640caf95 zlib_rs::deflate::slide_hash::avx2::slide_hash_chain+0x25 (/tmp/litchi-goal-0458/litchi-perf-baseline)

litchi-perf-bas 4074627 353191.396305:   44864869 cycles:u: 
	    5d3e640e1fc0 <quick_xml::events::attributes::IterState>::next+0x130 (/tmp/litchi-goal-0458/litchi-perf-baseline)
	               3 [unknown] ([unknown])

litchi-perf-bas 4074627 353191.406411:   44844225 cycles:u: 
	    5d3e62dcd949 <litchi_odp::codec::parser::codec::xml::validation::ElementAttrs>::get+0x1a9 (/tmp/litchi-goal-0458/litchi-perf-baseline)

litchi-perf-bas 4074627 353191.416499:   44860919 cycles:u: 
	    7bbd32fb2ca5 __memcmp_evex_movbe+0x25 (/usr/lib/x86_64-linux-gnu/libc.so.6)
	    5d3e640e0e4c <quick_xml::reader::state::ReaderState>::emit_end+0xdc (/tmp/litchi-goal-0458/litchi-perf-baseline)

litchi-perf-bas 4074627 353191.426594:   44905137 cycles:u: 
	    5d3e640e36db <quick_xml::name::NamespaceResolver>::resolve_event+0x13b (/tmp/litchi-goal-0458/litchi-perf-baseline)

litchi-perf-bas 4074627 353191.436707:   44943419 cycles:u: 
	    5d3e64119de6 memchr::arch::x86_64::memchr::memchr2_raw::find_avx2+0x66 (/tmp/litchi-goal-0458/litchi-perf-baseline)
	    5d3e63c9ed94 <quick_xml::reader::Reader<&[u8]>>::read_event_impl::<()>+0xf4 (/tmp/litchi-goal-0458/litchi-perf-baseline)
	               9 [unknown] ([unknown])

litchi-perf-bas 4074627 353191.446839:   44914532 cycles:u: 
	    5d3e640e743c <quick_xml::encoding::Decoder>::decode_cow+0x5c (/tmp/litchi-goal-0458/litchi-perf-baseline)
	    5d3e640e64bc <quick_xml::events::BytesRef>::resolve_char_ref+0x1c (/tmp/litchi-goal-0458/litchi-perf-baseline)
	              4f [unknown] ([unknown])
	7fffffffffffffff [unknown] ([unknown])

litchi-perf-bas 4074627 353191.456930:   44833952 cycles:u: 
	    5d3e62dcd949 <litchi_odp::codec::parser::codec::xml::validation::ElementAttrs>::get+0x1a9 (/tmp/litchi-goal-0458/litchi-perf-baseline)

litchi-perf-bas 4074627 353191.467078:   44876258 cycles:u: 
	    5d3e62e12fb2 <litchi_odp::codec::parser::model::ParagraphText>::push_text+0x42 (/tmp/litchi-goal-0458/litchi-perf-baseline)
	2727272727272726 [unknown] ([unknown])

litchi-perf-bas 4074627 353191.477170:   44779544 cycles:u: 
	    5d3e640e2273 <quick_xml::events::attributes::IterState>::next+0x3e3 (/tmp/litchi-goal-0458/litchi-perf-baseline)

litchi-perf-bas 4074627 353191.487270:   44871593 cycles:u: 
	    5d3e62d8232f <&[u8] as quick_xml::reader::XmlSource<&mut alloc::vec::Vec<u8>>>::read_with::<quick_xml::parser::element::ElementParser>+0x22f (/tmp/litchi-goal-0458/litchi-perf-baseline)

litchi-perf-bas 4074627 353191.497370:   44892800 cycles:u: 
	    5d3e640e384b <quick_xml::name::NamespaceResolver>::resolve_prefix+0x6b (/tmp/litchi-goal-0458/litchi-perf-baseline)
	    5d3e62dd8537 litchi_odp::model::settings::element_is+0x77 (/tmp/litchi-goal-0458/litchi-perf-baseline)
	               4 [unknown] ([unknown])

litchi-perf-bas 4074627 353191.507481:   44905385 cycles:u: 
	    5d3e640e3f33 <quick_xml::name::NamespaceResolver>::push+0xd3 (/tmp/litchi-goal-0458/litchi-perf-baseline)
	262626262622273d [unknown] ([unknown])
	               3 [unknown] ([unknown])

litchi-perf-bas 4074627 353191.517571:   44883368 cycles:u: 
	    5d3e640e36db <quick_xml::name::NamespaceResolver>::resolve_event+0x13b (/tmp/litchi-goal-0458/litchi-perf-baseline)

litchi-perf-bas 4074627 353191.527715:   44929853 cycles:u: 
	    5d3e62dffed3 <core::iter::adapters::map::Map<core::ops::range::Range<usize>, litchi_odp::model::page_metadata::effective_page_names::{closure#0}> as core::iter::traits::iterator::Iterator>::try_fold::<(), <core::iter::adapters::GenericShunt<core::iter::adapters::map::Map<core::ops::range::Range<usize>, litchi_odp::model::page_metadata::effective_page_names::{closure#0}>, core::result::Result<core::convert::Infallible, litchi_core::error::types::Error>> as core::iter::traits::iterator::Iterator>::try_fold<(), core::iter::traits::iterator::Iterator::try_for_each::call<alloc::string::String, core::ops::control_flow::ControlFlow<alloc::string::String>, core::ops::control_flow::ControlFlow<alloc::string::String>::Break>::{closure#0}, core::ops::control_flow::ControlFlow<alloc::string::String>>::{closure#0}, core::ops::control_flow::ControlFlow<core::ops::control_flow::ControlFlow<alloc::string::String>>>+0xf3 (/tmp/litchi-goal-0458/litchi-perf-baseline)

litchi-perf-bas 4074627 353191.537823:   44794348 cycles:u: 
	    5d3e640e1ba7 <quick_xml::events::attributes::IterState>::check_for_duplicates+0x157 (/tmp/litchi-goal-0458/litchi-perf-baseline)

litchi-perf-bas 4074627 353191.547927:   44811993 cycles:u: 
	    5d3e640bd0d9 crc32fast::specialized::pclmulqdq::calculate+0xc9 (/tmp/litchi-goal-0458/litchi-perf-baseline)
	    5d3e640d776f [unknown] (/tmp/litchi-goal-0458/litchi-perf-baseline)
	              54 [unknown] ([unknown])

litchi-perf-bas 4074627 353191.558030:   44833220 cycles:u: 
	    5d3e640e743c <quick_xml::encoding::Decoder>::decode_cow+0x5c (/tmp/litchi-goal-0458/litchi-perf-baseline)
	    5d3e640e64bc <quick_xml::events::BytesRef>::resolve_char_ref+0x1c (/tmp/litchi-goal-0458/litchi-perf-baseline)
	              4f [unknown] ([unknown])
	7fffffffffffffff [unknown] ([unknown])

litchi-perf-bas 4074627 353191.568136:   44843282 cycles:u: 
	    5d3e62d994d7 <quick_xml::reader::ns_reader::NsReader<&[u8]>>::process_event+0x57 (/tmp/litchi-goal-0458/litchi-perf-baseline)
	              ff [unknown] ([unknown])

litchi-perf-bas 4074627 353191.578234:   44897570 cycles:u: 
	    5d3e62e1312d <litchi_odp::codec::parser::model::ParagraphText>::push_text+0x1bd (/tmp/litchi-goal-0458/litchi-perf-baseline)
	2727272727272726 [unknown] ([unknown])

litchi-perf-bas 4074627 353191.588417:   44933747 cycles:u: 
	    5d3e62d2f76f <litchi_odp::codec::parser::codec::Parser>::shape_builder+0x101f (/tmp/litchi-goal-0458/litchi-perf-baseline)
	    5d3e62d15b62 <litchi_odp::codec::parser::codec::Parser>::parse_pages_with_styles::<false>::{closure#0}+0x3522 (/tmp/litchi-goal-0458/litchi-perf-baseline)
	    5d3e62d273af <litchi_odp::codec::parser::codec::Parser>::parse_slides_with_styles+0xa4f (/tmp/litchi-goal-0458/litchi-perf-baseline)

litchi-perf-bas 4074627 353191.598581:   44477891 cycles:u: 
	    7bbd32ebdbcb cfree@GLIBC_2.2.5+0x1b (/usr/lib/x86_64-linux-gnu/libc.so.6)
	    5d3e62d7156b core::ptr::drop_glue::<litchi_odp::model::slide::Slide>+0x2b (/tmp/litchi-goal-0458/litchi-perf-baseline)

litchi-perf-bas 4074627 353191.608612:   44531444 cycles:u: 
	    7bbd32fb2cb7 __memcmp_evex_movbe+0x37 (/usr/lib/x86_64-linux-gnu/libc.so.6)
	    5d3e640e1b2c <quick_xml::events::attributes::IterState>::check_for_duplicates+0xdc (/tmp/litchi-goal-0458/litchi-perf-baseline)
	              6f [unknown] ([unknown])

litchi-perf-bas 4074627 353191.618682:   44768351 cycles:u: 
	    7bbd32fbc2d3 __memmove_avx512_unaligned_erms+0x13 (/usr/lib/x86_64-linux-gnu/libc.so.6)
	    5d3e62d1603a <litchi_odp::codec::parser::codec::Parser>::parse_pages_with_styles::<false>::{closure#0}+0x39fa (/tmp/litchi-goal-0458/litchi-perf-baseline)
	    5d3e62d273af <litchi_odp::codec::parser::codec::Parser>::parse_slides_with_styles+0xa4f (/tmp/litchi-goal-0458/litchi-perf-baseline)

litchi-perf-bas 4074627 353191.628783:   44900485 cycles:u: 
	    5d3e62d12851 <litchi_odp::codec::parser::codec::Parser>::parse_pages_with_styles::<false>::{closure#0}+0x211 (/tmp/litchi-goal-0458/litchi-perf-baseline)

litchi-perf-bas 4074627 353191.638890:   44905259 cycles:u: 
	    7bbd32fb2ca5 __memcmp_evex_movbe+0x25 (/usr/lib/x86_64-linux-gnu/libc.so.6)
	    5d3e640e3873 <quick_xml::name::NamespaceResolver>::resolve_prefix+0x93 (/tmp/litchi-goal-0458/litchi-perf-baseline)
	    5d3e62dcc847 <litchi_odp::codec::parser::codec::xml::validation::ElementAttrs>::resolve_at_scan+0x57 (/tmp/litchi-goal-0458/litchi-perf-baseline)

litchi-perf-bas 4074627 353191.648999:   44910681 cycles:u: 
	    5d3e62d99494 <quick_xml::reader::ns_reader::NsReader<&[u8]>>::process_event+0x14 (/tmp/litchi-goal-0458/litchi-perf-baseline)
	 bf9f6bd40a7a366 [unknown] ([unknown])

litchi-perf-bas 4074627 353191.659143:   44897887 cycles:u: 
	    5d3e6411a087 memchr::arch::x86_64::memchr::memchr3_raw::find_avx2+0x77 (/tmp/litchi-goal-0458/litchi-perf-baseline)
	2727272727272726 [unknown] ([unknown])
	    5d3e62d821d6 <&[u8] as quick_xml::reader::XmlSource<&mut alloc::vec::Vec<u8>>>::read_with::<quick_xml::parser::element::ElementParser>+0xd6 (/tmp/litchi-goal-0458/litchi-perf-baseline)
	          3dd2c7 [unknown] ([unknown])

litchi-perf-bas 4074627 353191.669238:   44859554 cycles:u: 
	    5d3e640e3914 <quick_xml::name::NamespaceResolver>::resolve_prefix+0x134 (/tmp/litchi-goal-0458/litchi-perf-baseline)
	    5d3e640e36ca <quick_xml::name::NamespaceResolver>::resolve_event+0x12a (/tmp/litchi-goal-0458/litchi-perf-baseline)

litchi-perf-bas 4074627 353191.679329:   44887702 cycles:u: 
	    5d3e640e41e9 <quick_xml::name::NamespaceResolver>::set_level+0x29 (/tmp/litchi-goal-0458/litchi-perf-baseline)

litchi-perf-bas 4074627 353191.689478:   44931804 cycles:u: 
	    5d3e64119833 <memchr::arch::x86_64::avx2::memchr::Three>::find_raw_avx2+0x43 (/tmp/litchi-goal-0458/litchi-perf-baseline)
	2222222222222221 [unknown] ([unknown])

litchi-perf-bas 4074627 353191.699574:   44798645 cycles:u: 
	    5d3e640d8f4e zlib_rs::deflate::algorithm::medium::deflate_medium+0xafe (/tmp/litchi-goal-0458/litchi-perf-baseline)

litchi-perf-bas 4074627 353191.709670:   44817354 cycles:u: 
	    5d3e62dcd828 <litchi_odp::codec::parser::codec::xml::validation::ElementAttrs>::get+0x88 (/tmp/litchi-goal-0458/litchi-perf-baseline)

litchi-perf-bas 4074627 353191.719762:   44845590 cycles:u: 
	    7bbd32ebdf8a realloc+0x6a (/usr/lib/x86_64-linux-gnu/libc.so.6)
	    5d3e62d9931e <alloc::raw_vec::RawVecInner>::finish_grow+0x5e (/tmp/litchi-goal-0458/litchi-perf-baseline)
	    5d3e62dcd990 <litchi_odp::codec::parser::codec::xml::validation::ElementAttrs>::get+0x1f0 (/tmp/litchi-goal-0458/litchi-perf-baseline)
	3a3a3a3a3a3a3a39 [unknown] ([unknown])

litchi-perf-bas 4074627 353191.729862:   44892650 cycles:u: 
	    5d3e64119981 <memchr::arch::x86_64::avx2::memchr::Three>::find_raw+0x1 (/tmp/litchi-goal-0458/litchi-perf-baseline)
	    5d3e6411a00f [unknown] (/tmp/litchi-goal-0458/litchi-perf-baseline)
	3e3e3e3e3e3e3e3d [unknown] ([unknown])

litchi-perf-bas 4074627 353191.739963:   44903938 cycles:u: 
	    5d3e64119d93 memchr::arch::x86_64::memchr::memchr2_raw::find_avx2+0x13 (/tmp/litchi-goal-0458/litchi-perf-baseline)

litchi-perf-bas 4074627 353191.750086:   44927589 cycles:u: 
	ffffffff8c800ef0 [unknown] ([unknown])
	    5d3e64119814 <memchr::arch::x86_64::avx2::memchr::Three>::find_raw_avx2+0x24 (/tmp/litchi-goal-0458/litchi-perf-baseline)
	222222222222263b [unknown] ([unknown])

litchi-perf-bas 4074627 353191.760222:   44861799 cycles:u: 
	    5d3e64119822 <memchr::arch::x86_64::avx2::memchr::Three>::find_raw_avx2+0x32 (/tmp/litchi-goal-0458/litchi-perf-baseline)
	2222222222222221 [unknown] ([unknown])

litchi-perf-bas 4074627 353191.770327:   44829785 cycles:u: 
	    5d3e62d96d23 <alloc::raw_vec::RawVecInner<_>>::reserve::do_reserve_and_handle::<alloc::alloc::Global>+0x3 (/tmp/litchi-goal-0458/litchi-perf-baseline)
	              2f [unknown] ([unknown])

litchi-perf-bas 4074627 353191.780466:   44833769 cycles:u: 
	    7bbd32fb2ca5 __memcmp_evex_movbe+0x25 (/usr/lib/x86_64-linux-gnu/libc.so.6)
	    5d3e640e3873 <quick_xml::name::NamespaceResolver>::resolve_prefix+0x93 (/tmp/litchi-goal-0458/litchi-perf-baseline)
	    5d3e62dcc847 <litchi_odp::codec::parser::codec::xml::validation::ElementAttrs>::resolve_at_scan+0x57 (/tmp/litchi-goal-0458/litchi-perf-baseline)

litchi-perf-bas 4074627 353191.790501:   44605185 cycles:u: 
	    5d3e640e3719 <quick_xml::name::NamespaceResolver>::resolve_event+0x179 (/tmp/litchi-goal-0458/litchi-perf-baseline)

litchi-perf-bas 4074627 353191.800600:   44847778 cycles:u: 
	    7bbd32fbc2c0 __memmove_avx512_unaligned_erms+0x0 (/usr/lib/x86_64-linux-gnu/libc.so.6)
	    5d3e62e1c141 litchi_odp::model::page_metadata::decode_attribute+0x131 (/tmp/litchi-goal-0458/litchi-perf-baseline)
	3a3a3a3a3a3a3a39 [unknown] ([unknown])

litchi-perf-bas 4074627 353191.810696:   44860725 cycles:u: 
	    5d3e62e13882 <litchi_odp::model::page_metadata::Scanner>::step+0x4d2 (/tmp/litchi-goal-0458/litchi-perf-baseline)

litchi-perf-bas 4074627 353191.820794:   44907150 cycles:u: 
	    5d3e62dd7841 litchi_odp::model::staging::parse+0x501 (/tmp/litchi-goal-0458/litchi-perf-baseline)

litchi-perf-bas 4074627 353191.830898:   44921268 cycles:u: 
	    5d3e640e3f40 <quick_xml::name::NamespaceResolver>::push+0xe0 (/tmp/litchi-goal-0458/litchi-perf-baseline)
	3e3e3e3e3e3e3e3d [unknown] ([unknown])
	              30 [unknown] ([unknown])

litchi-perf-bas 4074627 353191.841041:   44937412 cycles:u: 
	    5d3e6401267f xml_minifier::audit::verify_with_policy+0x1bf (/tmp/litchi-goal-0458/litchi-perf-baseline)
	               a [unknown] ([unknown])

litchi-perf-bas 4074627 353191.851142:   44780958 cycles:u: 
	    5d3e640dadc8 zlib_rs::deflate::longest_match::longest_match+0x1c8 (/tmp/litchi-goal-0458/litchi-perf-baseline)
	            3fff [unknown] ([unknown])

litchi-perf-bas 4074627 353191.861247:   44857966 cycles:u: 
	    5d3e62d123e8 core::ptr::drop_glue::<litchi_odp::codec::parser::codec::xml::validation::ElementAttrs>+0x68 (/tmp/litchi-goal-0458/litchi-perf-baseline)

litchi-perf-bas 4074627 353191.871348:   44853386 cycles:u: 
	    7bbd32fb2ca5 __memcmp_evex_movbe+0x25 (/usr/lib/x86_64-linux-gnu/libc.so.6)
	    5d3e640e0e4c <quick_xml::reader::state::ReaderState>::emit_end+0xdc (/tmp/litchi-goal-0458/litchi-perf-baseline)

litchi-perf-bas 4074627 353191.881441:   44862265 cycles:u: 
	    7bbd32fb2cb7 __memcmp_evex_movbe+0x37 (/usr/lib/x86_64-linux-gnu/libc.so.6)
	    5d3e640e3873 <quick_xml::name::NamespaceResolver>::resolve_prefix+0x93 (/tmp/litchi-goal-0458/litchi-perf-baseline)
	    5d3e640e3704 <quick_xml::name::NamespaceResolver>::resolve_event+0x164 (/tmp/litchi-goal-0458/litchi-perf-baseline)
	8000000000000000 [unknown] ([unknown])

litchi-perf-bas 4074627 353191.891538:   44900536 cycles:u: 
	    7bbd32fbc2d3 __memmove_avx512_unaligned_erms+0x13 (/usr/lib/x86_64-linux-gnu/libc.so.6)
	    5d3e62d33b95 <alloc::vec::Vec<litchi_odp::model::slide::Slide>>::push_mut+0x35 (/tmp/litchi-goal-0458/litchi-perf-baseline)
	               5 [unknown] ([unknown])
	8000000000000000 [unknown] ([unknown])

litchi-perf-bas 4074627 353191.901653:   44922892 cycles:u: 
	    5d3e63c9f35b <quick_xml::reader::Reader<&[u8]>>::read_event_impl::<()>+0x6bb (/tmp/litchi-goal-0458/litchi-perf-baseline)
	               8 [unknown] ([unknown])

litchi-perf-bas 4074627 353191.911926:   44894837 cycles:u: 
	    5d3e64119822 <memchr::arch::x86_64::avx2::memchr::Three>::find_raw_avx2+0x32 (/tmp/litchi-goal-0458/litchi-perf-baseline)
	2222222222222221 [unknown] ([unknown])

litchi-perf-bas 4074627 353191.921958:   44558312 cycles:u: 
	    5d3e62d994d7 <quick_xml::reader::ns_reader::NsReader<&[u8]>>::process_event+0x57 (/tmp/litchi-goal-0458/litchi-perf-baseline)
	              ff [unknown] ([unknown])

litchi-perf-bas 4074627 353191.932042:   44800646 cycles:u: 
	    5d3e641197f0 <memchr::arch::x86_64::avx2::memchr::Three>::find_raw_avx2+0x0 (/tmp/litchi-goal-0458/litchi-perf-baseline)
	2222222222222221 [unknown] ([unknown])

litchi-perf-bas 4074627 353191.942148:   44866572 cycles:u: 
	    7bbd32eba8eb _int_free_merge_chunk+0xfb (/usr/lib/x86_64-linux-gnu/libc.so.6)
	    7bbd32ebaa38 _int_free_chunk+0x28 (/usr/lib/x86_64-linux-gnu/libc.so.6)
	    7bbd32ebcae8 _int_realloc+0x1f8 (/usr/lib/x86_64-linux-gnu/libc.so.6)
	    7bbd32ebe0ce realloc+0x1ae (/usr/lib/x86_64-linux-gnu/libc.so.6)
	    5d3e62d9931e <alloc::raw_vec::RawVecInner>::finish_grow+0x5e (/tmp/litchi-goal-0458/litchi-perf-baseline)
	fffffffffffffffe [unknown] ([unknown])

litchi-perf-bas 4074627 353191.952266:   44929884 cycles:u: 
	    5d3e640e1fe8 <quick_xml::events::attributes::IterState>::next+0x158 (/tmp/litchi-goal-0458/litchi-perf-baseline)

litchi-perf-bas 4074627 353191.962369:   44887606 cycles:u: 
	    7bbd32fb2c84 __memcmp_evex_movbe+0x4 (/usr/lib/x86_64-linux-gnu/libc.so.6)
	    5d3e640e3873 <quick_xml::name::NamespaceResolver>::resolve_prefix+0x93 (/tmp/litchi-goal-0458/litchi-perf-baseline)
	    5d3e62dd3a67 litchi_odp::model::declaration::element_is+0x77 (/tmp/litchi-goal-0458/litchi-perf-baseline)

litchi-perf-bas 4074627 353191.972508:   44904472 cycles:u: 
	    5d3e640e3874 <quick_xml::name::NamespaceResolver>::resolve_prefix+0x94 (/tmp/litchi-goal-0458/litchi-perf-baseline)
	    5d3e62dd3a67 litchi_odp::model::declaration::element_is+0x77 (/tmp/litchi-goal-0458/litchi-perf-baseline)

litchi-perf-bas 4074627 353191.982555:   44691786 cycles:u: 
	    5d3e62d9948f <quick_xml::reader::ns_reader::NsReader<&[u8]>>::process_event+0xf (/tmp/litchi-goal-0458/litchi-perf-baseline)

litchi-perf-bas 4074627 353191.992653:   44891846 cycles:u: 
	    5d3e62dffedb <core::iter::adapters::map::Map<core::ops::range::Range<usize>, litchi_odp::model::page_metadata::effective_page_names::{closure#0}> as core::iter::traits::iterator::Iterator>::try_fold::<(), <core::iter::adapters::GenericShunt<core::iter::adapters::map::Map<core::ops::range::Range<usize>, litchi_odp::model::page_metadata::effective_page_names::{closure#0}>, core::result::Result<core::convert::Infallible, litchi_core::error::types::Error>> as core::iter::traits::iterator::Iterator>::try_fold<(), core::iter::traits::iterator::Iterator::try_for_each::call<alloc::string::String, core::ops::control_flow::ControlFlow<alloc::string::String>, core::ops::control_flow::ControlFlow<alloc::string::String>::Break>::{closure#0}, core::ops::control_flow::ControlFlow<alloc::string::String>>::{closure#0}, core::ops::control_flow::ControlFlow<core::ops::control_flow::ControlFlow<alloc::string::String>>>+0xfb (/tmp/litchi-goal-0458/litchi-perf-baseline)

litchi-perf-bas 4074627 353192.002812:   44915744 cycles:u: 
	    5d3e640e2287 <quick_xml::events::attributes::IterState>::next+0x3f7 (/tmp/litchi-goal-0458/litchi-perf-baseline)
	           3d08f [unknown] ([unknown])

litchi-perf-bas 4074627 353192.012942:   44799123 cycles:u: 
	    5d3e640cd0b5 zlib_rs::inflate::inflate_fast_help_avx2+0x3b5 (/tmp/litchi-goal-0458/litchi-perf-baseline)
	              ff [unknown] ([unknown])

litchi-perf-bas 4074627 353192.023029:   44768961 cycles:u: 
	    5d3e62d271d7 <litchi_odp::codec::parser::codec::Parser>::parse_slides_with_styles+0x877 (/tmp/litchi-goal-0458/litchi-perf-baseline)

litchi-perf-bas 4074627 353192.033130:   44835957 cycles:u: 
	    7bbd32fbc37d __memmove_avx512_unaligned_erms+0xbd (/usr/lib/x86_64-linux-gnu/libc.so.6)
	    5d3e62d82318 <&[u8] as quick_xml::reader::XmlSource<&mut alloc::vec::Vec<u8>>>::read_with::<quick_xml::parser::element::ElementParser>+0x218 (/tmp/litchi-goal-0458/litchi-perf-baseline)

litchi-perf-bas 4074627 353192.043235:   44898734 cycles:u: 
	    5d3e62d12eef <litchi_odp::codec::parser::codec::Parser>::parse_pages_with_styles::<false>::{closure#0}+0x8af (/tmp/litchi-goal-0458/litchi-perf-baseline)

litchi-perf-bas 4074627 353192.053332:   44918672 cycles:u: 
	    7bbd32ebbedd _int_malloc+0x13cd (/usr/lib/x86_64-linux-gnu/libc.so.6)
	    7bbd32ebc52e __libc_malloc2+0x11e (/usr/lib/x86_64-linux-gnu/libc.so.6)
	    5d3e62d9933c <alloc::raw_vec::RawVecInner>::finish_grow+0x7c (/tmp/litchi-goal-0458/litchi-perf-baseline)

litchi-perf-bas 4074627 353192.063463:   44937733 cycles:u: 
	    7bbd32eba577 _int_free_maybe_trim+0x1c7 (/usr/lib/x86_64-linux-gnu/libc.so.6)
	    7bbd32ebaa38 _int_free_chunk+0x28 (/usr/lib/x86_64-linux-gnu/libc.so.6)
	    5d3e62d71582 core::ptr::drop_glue::<litchi_odp::model::slide::Slide>+0x42 (/tmp/litchi-goal-0458/litchi-perf-baseline)

litchi-perf-bas 4074627 353192.073574:   44875209 cycles:u: 
	    7bbd32fbc2d3 __memmove_avx512_unaligned_erms+0x13 (/usr/lib/x86_64-linux-gnu/libc.so.6)
	    5d3e62d2f7d2 <litchi_odp::codec::parser::codec::Parser>::shape_builder+0x1082 (/tmp/litchi-goal-0458/litchi-perf-baseline)
	    5d3e62d15b62 <litchi_odp::codec::parser::codec::Parser>::parse_pages_with_styles::<false>::{closure#0}+0x3522 (/tmp/litchi-goal-0458/litchi-perf-baseline)
	    5d3e62d273af <litchi_odp::codec::parser::codec::Parser>::parse_slides_with_styles+0xa4f (/tmp/litchi-goal-0458/litchi-perf-baseline)

litchi-perf-bas 4074627 353192.083669:   44863144 cycles:u: 
	    5d3e640e1969 <quick_xml::events::attributes::Attribute>::decoded_and_normalized_value_with::<quick_xml::escape::resolve_predefined_entity>+0x139 (/tmp/litchi-goal-0458/litchi-perf-baseline)
	               2 [unknown] ([unknown])

litchi-perf-bas 4074627 353192.093768:   44912725 cycles:u: 
	    5d3e640e3914 <quick_xml::name::NamespaceResolver>::resolve_prefix+0x134 (/tmp/litchi-goal-0458/litchi-perf-baseline)
	    5d3e640e3704 <quick_xml::name::NamespaceResolver>::resolve_event+0x164 (/tmp/litchi-goal-0458/litchi-perf-baseline)
	8000000000000000 [unknown] ([unknown])

litchi-perf-bas 4074627 353192.103907:   44929567 cycles:u: 
	    5d3e62d99494 <quick_xml::reader::ns_reader::NsReader<&[u8]>>::process_event+0x14 (/tmp/litchi-goal-0458/litchi-perf-baseline)
	              ff [unknown] ([unknown])

litchi-perf-bas 4074627 353192.113988:   44800262 cycles:u: 
	    5d3e62e1aa85 litchi_odp::model::page_metadata::parse_page+0x155 (/tmp/litchi-goal-0458/litchi-perf-baseline)
	               7 [unknown] ([unknown])

litchi-perf-bas 4074627 353192.124080:   44883373 cycles:u: 
	ffffffff8c800ef0 [unknown] ([unknown])
	    5d3e640e3874 <quick_xml::name::NamespaceResolver>::resolve_prefix+0x94 (/tmp/litchi-goal-0458/litchi-perf-baseline)
	               d [unknown] ([unknown])
	3a3a3a3a3a3a3a39 [unknown] ([unknown])

litchi-perf-bas 4074627 353192.134204:   44930590 cycles:u: 
	    5d3e62d99494 <quick_xml::reader::ns_reader::NsReader<&[u8]>>::process_event+0x14 (/tmp/litchi-goal-0458/litchi-perf-baseline)

litchi-perf-bas 4074627 353192.144301:   44916799 cycles:u: 
	    5d3e64119595 <memchr::arch::x86_64::avx2::memchr::Two>::find_raw_avx2+0x25 (/tmp/litchi-goal-0458/litchi-perf-baseline)
	3a3a3a3a3a3a3a39 [unknown] ([unknown])

litchi-perf-bas 4074627 353192.154454:   44938275 cycles:u: 
	    5d3e64013c13 xml_minifier::audit::check_attribute_layout+0xc3 (/tmp/litchi-goal-0458/litchi-perf-baseline)

litchi-perf-bas 4074627 353192.164598:   44804677 cycles:u: 
	    5d3e640dada8 zlib_rs::deflate::longest_match::longest_match+0x1a8 (/tmp/litchi-goal-0458/litchi-perf-baseline)
	            3fff [unknown] ([unknown])

litchi-perf-bas 4074627 353192.174650:   44558416 cycles:u: 
	    5d3e62d821f2 <&[u8] as quick_xml::reader::XmlSource<&mut alloc::vec::Vec<u8>>>::read_with::<quick_xml::parser::element::ElementParser>+0xf2 (/tmp/litchi-goal-0458/litchi-perf-baseline)
	           e622a [unknown] ([unknown])

litchi-perf-bas 4074627 353192.184716:   44750616 cycles:u: 
	    5d3e62d7e12f <quick_xml::reader::Reader<&[u8]>>::read_event_impl::<&mut alloc::vec::Vec<u8>>+0x36f (/tmp/litchi-goal-0458/litchi-perf-baseline)

litchi-perf-bas 4074627 353192.194812:   44872668 cycles:u: 
	    5d3e62dcd8b2 <litchi_odp::codec::parser::codec::xml::validation::ElementAttrs>::get+0x112 (/tmp/litchi-goal-0458/litchi-perf-baseline)

litchi-perf-bas 4074627 353192.204924:   44912410 cycles:u: 
	    7bbd32fb2ca5 __memcmp_evex_movbe+0x25 (/usr/lib/x86_64-linux-gnu/libc.so.6)
	    5d3e640e0e4c <quick_xml::reader::state::ReaderState>::emit_end+0xdc (/tmp/litchi-goal-0458/litchi-perf-baseline)

litchi-perf-bas 4074627 353192.215055:   44896584 cycles:u: 
	    5d3e63c9f150 <quick_xml::reader::Reader<&[u8]>>::read_event_impl::<()>+0x4b0 (/tmp/litchi-goal-0458/litchi-perf-baseline)
	               5 [unknown] ([unknown])

litchi-perf-bas 4074627 353192.225321:   44826602 cycles:u: 
	    5d3e62dcd82e <litchi_odp::codec::parser::codec::xml::validation::ElementAttrs>::get+0x8e (/tmp/litchi-goal-0458/litchi-perf-baseline)

litchi-perf-bas 4074627 353192.235780:   46260707 cycles:u: 
	    5d3e62dcd85a <litchi_odp::codec::parser::codec::xml::validation::ElementAttrs>::get+0xba (/tmp/litchi-goal-0458/litchi-perf-baseline)

litchi-perf-bas 4074627 353192.245938:   45135342 cycles:u: 
	    5d3e62dcdd15 <litchi_odp::codec::parser::codec::xml::validation::ElementAttrs>::lookup+0x25 (/tmp/litchi-goal-0458/litchi-perf-baseline)
	               6 [unknown] ([unknown])

litchi-perf-bas 4074627 353192.256065:   44950005 cycles:u: 
	    5d3e640e1fc3 <quick_xml::events::attributes::IterState>::next+0x133 (/tmp/litchi-goal-0458/litchi-perf-baseline)

litchi-perf-bas 4074627 353192.266210:   44874484 cycles:u: 
	    5d3e62d994d7 <quick_xml::reader::ns_reader::NsReader<&[u8]>>::process_event+0x57 (/tmp/litchi-goal-0458/litchi-perf-baseline)
	df54ff564d82ebcb [unknown] ([unknown])

litchi-perf-bas 4074627 353192.276305:   44820525 cycles:u: 
	    5d3e62dd77cf litchi_odp::model::staging::parse+0x48f (/tmp/litchi-goal-0458/litchi-perf-baseline)
	    5d3e63b993ae <core::io::util::Take<soapberry_zip::archive::ZipVerifier<&mut soapberry_zip::accounting::CountingReader<&mut flate2::deflate::read::DeflateDecoder<soapberry_zip::accounting::CountingReader<soapberry_zip::archive::ZipReader<&alloc::sync::Arc<alloc::vec::Vec<u8>>>>>>, &alloc::sync::Arc<alloc::vec::Vec<u8>>>> as std::io::Read>::read_buf+0x9e (/tmp/litchi-goal-0458/litchi-perf-baseline)

litchi-perf-bas 4074627 353192.286399:   44842921 cycles:u: 
	    5d3e640e3854 <quick_xml::name::NamespaceResolver>::resolve_prefix+0x74 (/tmp/litchi-goal-0458/litchi-perf-baseline)
	    5d3e62e1a897 litchi_odp::model::page_metadata::element_is+0x77 (/tmp/litchi-goal-0458/litchi-perf-baseline)
	3a3a3a3a3a3a3a39 [unknown] ([unknown])

litchi-perf-bas 4074627 353192.296509:   44890532 cycles:u: 
	    5d3e62d7f014 <quick_xml::reader::Reader<&[u8]>>::read_event_impl::<()>+0x174 (/tmp/litchi-goal-0458/litchi-perf-baseline)
	               1 [unknown] ([unknown])

litchi-perf-bas 4074627 353192.306634:   44867316 cycles:u: 
	    5d3e6401267f xml_minifier::audit::verify_with_policy+0x1bf (/tmp/litchi-goal-0458/litchi-perf-baseline)
	               a [unknown] ([unknown])

litchi-perf-bas 4074627 353192.316723:   44820685 cycles:u: 
	    5d3e640d8c3d zlib_rs::deflate::algorithm::medium::deflate_medium+0x7ed (/tmp/litchi-goal-0458/litchi-perf-baseline)

litchi-perf-bas 4074627 353192.326834:   44863333 cycles:u: 
	    5d3e62d271d7 <litchi_odp::codec::parser::codec::Parser>::parse_slides_with_styles+0x877 (/tmp/litchi-goal-0458/litchi-perf-baseline)

litchi-perf-bas 4074627 353192.336936:   44851004 cycles:u: 
	    5d3e62d27287 <litchi_odp::codec::parser::codec::Parser>::parse_slides_with_styles+0x927 (/tmp/litchi-goal-0458/litchi-perf-baseline)

litchi-perf-bas 4074627 353192.347028:   44853826 cycles:u: 
	    7bbd32fb2c80 __memcmp_evex_movbe+0x0 (/usr/lib/x86_64-linux-gnu/libc.so.6)
	    5d3e640e3873 <quick_xml::name::NamespaceResolver>::resolve_prefix+0x93 (/tmp/litchi-goal-0458/litchi-perf-baseline)
	    5d3e62dcc847 <litchi_odp::codec::parser::codec::xml::validation::ElementAttrs>::resolve_at_scan+0x57 (/tmp/litchi-goal-0458/litchi-perf-baseline)

litchi-perf-bas 4074627 353192.357177:   44906578 cycles:u: 
	    5d3e640e0a55 <quick_xml::reader::state::ReaderState>::emit_start+0x35 (/tmp/litchi-goal-0458/litchi-perf-baseline)
	    5d3e640e36ca <quick_xml::name::NamespaceResolver>::resolve_event+0x12a (/tmp/litchi-goal-0458/litchi-perf-baseline)

litchi-perf-bas 4074627 353192.367253:   44736921 cycles:u: 
	    5d3e64119680 <memchr::arch::x86_64::avx2::memchr::Two>::find_raw_avx2+0x110 (/tmp/litchi-goal-0458/litchi-perf-baseline)

litchi-perf-bas 4074627 353192.377361:   44831155 cycles:u: 
	    7bbd32ebab38 _int_malloc+0x28 (/usr/lib/x86_64-linux-gnu/libc.so.6)
	    7bbd32ebc9d9 _int_realloc+0xe9 (/usr/lib/x86_64-linux-gnu/libc.so.6)
	    7bbd32ebe0ce realloc+0x1ae (/usr/lib/x86_64-linux-gnu/libc.so.6)
	    5d3e62d9931e <alloc::raw_vec::RawVecInner>::finish_grow+0x5e (/tmp/litchi-goal-0458/litchi-perf-baseline)
	fffffffffffffffe [unknown] ([unknown])

litchi-perf-bas 4074627 353192.387450:   44821054 cycles:u: 
	    5d3e64119828 <memchr::arch::x86_64::avx2::memchr::Three>::find_raw_avx2+0x38 (/tmp/litchi-goal-0458/litchi-perf-baseline)
	2222222222222221 [unknown] ([unknown])

litchi-perf-bas 4074627 353192.397550:   44870758 cycles:u: 
	    5d3e62d2d91c <litchi_odp::codec::parser::codec::Parser>::finish_shape+0x2c (/tmp/litchi-goal-0458/litchi-perf-baseline)

litchi-perf-bas 4074627 353192.407649:   44885038 cycles:u: 
	    5d3e640e1b65 <quick_xml::events::attributes::IterState>::check_for_duplicates+0x115 (/tmp/litchi-goal-0458/litchi-perf-baseline)

litchi-perf-bas 4074627 353192.417752:   44900811 cycles:u: 
	    7bbd32fb2ca5 __memcmp_evex_movbe+0x25 (/usr/lib/x86_64-linux-gnu/libc.so.6)
	    5d3e640e0e4c <quick_xml::reader::state::ReaderState>::emit_end+0xdc (/tmp/litchi-goal-0458/litchi-perf-baseline)

litchi-perf-bas 4074627 353192.427898:   44922575 cycles:u: 
	    7bbd32fb2ca5 __memcmp_evex_movbe+0x25 (/usr/lib/x86_64-linux-gnu/libc.so.6)
	    5d3e640e3873 <quick_xml::name::NamespaceResolver>::resolve_prefix+0x93 (/tmp/litchi-goal-0458/litchi-perf-baseline)
	    5d3e62dd8537 litchi_odp::model::settings::element_is+0x77 (/tmp/litchi-goal-0458/litchi-perf-baseline)
	               4 [unknown] ([unknown])

litchi-perf-bas 4074627 353192.437975:   44822202 cycles:u: 
	    5d3e62d8221b <&[u8] as quick_xml::reader::XmlSource<&mut alloc::vec::Vec<u8>>>::read_with::<quick_xml::parser::element::ElementParser>+0x11b (/tmp/litchi-goal-0458/litchi-perf-baseline)
	          4cc9c2 [unknown] ([unknown])

litchi-perf-bas 4074627 353192.448074:   44911415 cycles:u: 
	    5d3e62d864d3 <litchi_odp::codec::content_source::scanner::Scanner>::run+0x93 (/tmp/litchi-goal-0458/litchi-perf-baseline)

litchi-perf-bas 4074627 353192.458203:   44936453 cycles:u: 
	    5d3e62df24e4 <litchi_odp::authoring::mutable::MutablePresentation>::to_bytes_bounded+0x1234 (/tmp/litchi-goal-0458/litchi-perf-baseline)
	    5d3e62d3d670 <litchi_odp::authoring::edit::Transaction>::commit+0x2c0 (/tmp/litchi-goal-0458/litchi-perf-baseline)

litchi-perf-bas 4074627 353192.468350:   44927269 cycles:u: 
	    5d3e64119803 <memchr::arch::x86_64::avx2::memchr::Three>::find_raw_avx2+0x13 (/tmp/litchi-goal-0458/litchi-perf-baseline)
	2222222222222221 [unknown] ([unknown])

litchi-perf-bas 4074627 353192.478447:   44820758 cycles:u: 
	    7bbd32ebae3f _int_malloc+0x32f (/usr/lib/x86_64-linux-gnu/libc.so.6)
	    7bbd32ebc52e __libc_malloc2+0x11e (/usr/lib/x86_64-linux-gnu/libc.so.6)
	    5d3e62d1fee0 <litchi_odp::codec::parser::codec::Parser>::decode_reference+0x3c0 (/tmp/litchi-goal-0458/litchi-perf-baseline)

litchi-perf-bas 4074627 353192.488585:   44875367 cycles:u: 
	    5d3e64119397 <memchr::arch::x86_64::avx2::memchr::One>::find_raw+0x7 (/tmp/litchi-goal-0458/litchi-perf-baseline)
	               5 [unknown] ([unknown])

litchi-perf-bas 4074627 353192.498656:   44758519 cycles:u: 
	    5d3e62d99494 <quick_xml::reader::ns_reader::NsReader<&[u8]>>::process_event+0x14 (/tmp/litchi-goal-0458/litchi-perf-baseline)
	              ff [unknown] ([unknown])

litchi-perf-bas 4074627 353192.508751:   44883211 cycles:u: 
	    5d3e640e1fd1 <quick_xml::events::attributes::IterState>::next+0x141 (/tmp/litchi-goal-0458/litchi-perf-baseline)

litchi-perf-bas 4074627 353192.518855:   44915509 cycles:u: 
	    7bbd32fbcbc7 __memset_avx512_unaligned_erms+0x87 (/usr/lib/x86_64-linux-gnu/libc.so.6)
	    5d3e63b9939b <core::io::util::Take<soapberry_zip::archive::ZipVerifier<&mut soapberry_zip::accounting::CountingReader<&mut flate2::deflate::read::DeflateDecoder<soapberry_zip::accounting::CountingReader<soapberry_zip::archive::ZipReader<&alloc::sync::Arc<alloc::vec::Vec<u8>>>>>>, &alloc::sync::Arc<alloc::vec::Vec<u8>>>> as std::io::Read>::read_buf+0x8b (/tmp/litchi-goal-0458/litchi-perf-baseline)

litchi-perf-bas 4074627 353192.528989:   44943446 cycles:u: 
	    5d3e64172362 core::str::converts::from_utf8+0x82 (/tmp/litchi-goal-0458/litchi-perf-baseline)

litchi-perf-bas 4074627 353192.539265:   44860434 cycles:u: 
	    7bbd32fb2c84 __memcmp_evex_movbe+0x4 (/usr/lib/x86_64-linux-gnu/libc.so.6)
	    5d3e62dcdd3e <litchi_odp::codec::parser::codec::xml::validation::ElementAttrs>::lookup+0x4e (/tmp/litchi-goal-0458/litchi-perf-baseline)
	               2 [unknown] ([unknown])

litchi-perf-bas 4074627 353192.549326:   44590041 cycles:u: 
	    5d3e62e1314b <litchi_odp::codec::parser::model::ParagraphText>::push_text+0x1db (/tmp/litchi-goal-0458/litchi-perf-baseline)
	2727272727272726 [unknown] ([unknown])

litchi-perf-bas 4074627 353192.559380:   44688087 cycles:u: 
	    5d3e62d994bc <quick_xml::reader::ns_reader::NsReader<&[u8]>>::process_event+0x3c (/tmp/litchi-goal-0458/litchi-perf-baseline)
	              ff [unknown] ([unknown])

litchi-perf-bas 4074627 353192.569471:   44866898 cycles:u: 
	    7bbd32fbc2d3 __memmove_avx512_unaligned_erms+0x13 (/usr/lib/x86_64-linux-gnu/libc.so.6)
	    5d3e62d27de2 <litchi_odp::codec::parser::codec::Parser>::parse_slides_with_styles+0x1482 (/tmp/litchi-goal-0458/litchi-perf-baseline)
	    5d3e62d3a982 <litchi_odp::authoring::edit::Snapshot>::from_owned_package+0x232 (/tmp/litchi-goal-0458/litchi-perf-baseline)
	          ffffff [unknown] ([unknown])

litchi-perf-bas 4074627 353192.579593:   44917509 cycles:u: 
	    5d3e62e1aa85 litchi_odp::model::page_metadata::parse_page+0x155 (/tmp/litchi-goal-0458/litchi-perf-baseline)
	               7 [unknown] ([unknown])

litchi-perf-bas 4074627 353192.589682:   44869068 cycles:u: 
	    7bbd32fb2ca5 __memcmp_evex_movbe+0x25 (/usr/lib/x86_64-linux-gnu/libc.so.6)
	    5d3e640e3873 <quick_xml::name::NamespaceResolver>::resolve_prefix+0x93 (/tmp/litchi-goal-0458/litchi-perf-baseline)
	    5d3e62dd3a67 litchi_odp::model::declaration::element_is+0x77 (/tmp/litchi-goal-0458/litchi-perf-baseline)

litchi-perf-bas 4074627 353192.599787:   44919899 cycles:u: 
	    7bbd32fb2cb7 __memcmp_evex_movbe+0x37 (/usr/lib/x86_64-linux-gnu/libc.so.6)
	    5d3e640e3873 <quick_xml::name::NamespaceResolver>::resolve_prefix+0x93 (/tmp/litchi-goal-0458/litchi-perf-baseline)
	    5d3e640e3704 <quick_xml::name::NamespaceResolver>::resolve_event+0x164 (/tmp/litchi-goal-0458/litchi-perf-baseline)
	8000000000000039 [unknown] ([unknown])

litchi-perf-bas 4074627 353192.609889:   44921382 cycles:u: 
	    5d3e62e267cd <litchi_odp::model::page_metadata::Page as core::clone::Clone>::clone+0x25d (/tmp/litchi-goal-0458/litchi-perf-baseline)

litchi-perf-bas 4074627 353192.620074:   44938359 cycles:u: 
	    5d3e6401267f xml_minifier::audit::verify_with_policy+0x1bf (/tmp/litchi-goal-0458/litchi-perf-baseline)
	               a [unknown] ([unknown])

litchi-perf-bas 4074627 353192.630172:   44739906 cycles:u: 
	    5d3e640dada8 zlib_rs::deflate::longest_match::longest_match+0x1a8 (/tmp/litchi-goal-0458/litchi-perf-baseline)
	            3fff [unknown] ([unknown])

litchi-perf-bas 4074627 353192.640271:   44818383 cycles:u: 
	    5d3e62d2ea54 <litchi_odp::codec::parser::codec::Parser>::shape_builder+0x304 (/tmp/litchi-goal-0458/litchi-perf-baseline)
	    5d3e62d96d83 <alloc::raw_vec::RawVecInner<_>>::reserve::do_reserve_and_handle::<alloc::alloc::Global>+0x63 (/tmp/litchi-goal-0458/litchi-perf-baseline)
	    7bbd32ebe0ce realloc+0x1ae (/usr/lib/x86_64-linux-gnu/libc.so.6)
	    5d3e62d9931e <alloc::raw_vec::RawVecInner>::finish_grow+0x5e (/tmp/litchi-goal-0458/litchi-perf-baseline)
	fffffffffffffffe [unknown] ([unknown])

litchi-perf-bas 4074627 353192.650360:   44836575 cycles:u: 
	    5d3e62d821f2 <&[u8] as quick_xml::reader::XmlSource<&mut alloc::vec::Vec<u8>>>::read_with::<quick_xml::parser::element::ElementParser>+0xf2 (/tmp/litchi-goal-0458/litchi-perf-baseline)
	          2a177e [unknown] ([unknown])

litchi-perf-bas 4074627 353192.660470:   44899330 cycles:u: 
	    5d3e62dcc9bc <litchi_odp::codec::parser::codec::xml::validation::ElementAttrs>::drawing_attributes+0xac (/tmp/litchi-goal-0458/litchi-perf-baseline)
	fffffffffffffffe [unknown] ([unknown])

litchi-perf-bas 4074627 353192.670572:   44890752 cycles:u: 
	    5d3e62dcda57 <litchi_odp::codec::parser::codec::xml::validation::ElementAttrs>::get+0x2b7 (/tmp/litchi-goal-0458/litchi-perf-baseline)

litchi-perf-bas 4074627 353192.680726:   44909874 cycles:u: 
	    5d3e63b96186 litchi_odf_common::package::edit::xml_splice_publication+0x1d6 (/tmp/litchi-goal-0458/litchi-perf-baseline)

litchi-perf-bas 4074627 353192.690811:   44749913 cycles:u: 
	    5d3e62dcd949 <litchi_odp::codec::parser::codec::xml::validation::ElementAttrs>::get+0x1a9 (/tmp/litchi-goal-0458/litchi-perf-baseline)
	    5d3e62d96d83 <alloc::raw_vec::RawVecInner<_>>::reserve::do_reserve_and_handle::<alloc::alloc::Global>+0x63 (/tmp/litchi-goal-0458/litchi-perf-baseline)
	               7 [unknown] ([unknown])

litchi-perf-bas 4074627 353192.700907:   44843323 cycles:u: 
	    5d3e640e359b <quick_xml::name::QName>::decompose+0x5b (/tmp/litchi-goal-0458/litchi-perf-baseline)

litchi-perf-bas 4074627 353192.711008:   44867340 cycles:u: 
	    7bbd32ebd660 malloc+0x0 (/usr/lib/x86_64-linux-gnu/libc.so.6)
	    5d3e62dcde4e <litchi_odp::codec::parser::codec::xml::validation::ElementAttrs>::lookup+0x15e (/tmp/litchi-goal-0458/litchi-perf-baseline)
	               5 [unknown] ([unknown])

litchi-perf-bas 4074627 353192.721118:   44889510 cycles:u: 
	    5d3e62e130c4 <litchi_odp::codec::parser::model::ParagraphText>::push_text+0x154 (/tmp/litchi-goal-0458/litchi-perf-baseline)
	2727272727272726 [unknown] ([unknown])

litchi-perf-bas 4074627 353192.731249:   44926344 cycles:u: 
	    5d3e62dd79a1 litchi_odp::model::staging::parse+0x661 (/tmp/litchi-goal-0458/litchi-perf-baseline)

litchi-perf-bas 4074627 353192.741332:   44844603 cycles:u: 
	    5d3e640e3576 <quick_xml::name::QName>::decompose+0x36 (/tmp/litchi-goal-0458/litchi-perf-baseline)

litchi-perf-bas 4074627 353192.751431:   44917814 cycles:u: 
	    7bbd32fb2cab __memcmp_evex_movbe+0x2b (/usr/lib/x86_64-linux-gnu/libc.so.6)
	    5d3e640e3873 <quick_xml::name::NamespaceResolver>::resolve_prefix+0x93 (/tmp/litchi-goal-0458/litchi-perf-baseline)
	    5d3e640e3704 <quick_xml::name::NamespaceResolver>::resolve_event+0x164 (/tmp/litchi-goal-0458/litchi-perf-baseline)
	8000000000000039 [unknown] ([unknown])

litchi-perf-bas 4074627 353192.761535:   44944391 cycles:u: 
	    5d3e640e1eb0 <quick_xml::events::attributes::IterState>::next+0x20 (/tmp/litchi-goal-0458/litchi-perf-baseline)

litchi-perf-bas 4074627 353192.771683:   44943189 cycles:u: 
	    5d3e6401270c xml_minifier::audit::verify_with_policy+0x24c (/tmp/litchi-goal-0458/litchi-perf-baseline)
	               4 [unknown] ([unknown])

litchi-perf-bas 4074627 353192.781767:   44798102 cycles:u: 
	    5d3e640d90ba zlib_rs::deflate::algorithm::medium::deflate_medium+0xc6a (/tmp/litchi-goal-0458/litchi-perf-baseline)

litchi-perf-bas 4074627 353192.791877:   44863111 cycles:u: 
	    5d3e62dcd949 <litchi_odp::codec::parser::codec::xml::validation::ElementAttrs>::get+0x1a9 (/tmp/litchi-goal-0458/litchi-perf-baseline)
	    5d3e62d96d83 <alloc::raw_vec::RawVecInner<_>>::reserve::do_reserve_and_handle::<alloc::alloc::Global>+0x63 (/tmp/litchi-goal-0458/litchi-perf-baseline)
	               7 [unknown] ([unknown])

litchi-perf-bas 4074627 353192.801969:   44841786 cycles:u: 
	    5d3e62d1fcf5 <litchi_odp::codec::parser::codec::Parser>::decode_reference+0x1d5 (/tmp/litchi-goal-0458/litchi-perf-baseline)

litchi-perf-bas 4074627 353192.812123:   44878401 cycles:u: 
	    5d3e640e743c <quick_xml::encoding::Decoder>::decode_cow+0x5c (/tmp/litchi-goal-0458/litchi-perf-baseline)
	    5d3e640e64bc <quick_xml::events::BytesRef>::resolve_char_ref+0x1c (/tmp/litchi-goal-0458/litchi-perf-baseline)
	               8 [unknown] ([unknown])
	7fffffffffffffff [unknown] ([unknown])

litchi-perf-bas 4074627 353192.822204:   44830645 cycles:u: 
	    5d3e62e1314f <litchi_odp::codec::parser::model::ParagraphText>::push_text+0x1df (/tmp/litchi-goal-0458/litchi-perf-baseline)
	2727272727272726 [unknown] ([unknown])

litchi-perf-bas 4074627 353192.832322:   44914596 cycles:u: 
	    5d3e63c9f32b <quick_xml::reader::Reader<&[u8]>>::read_event_impl::<()>+0x68b (/tmp/litchi-goal-0458/litchi-perf-baseline)
	               8 [unknown] ([unknown])

litchi-perf-bas 4074627 353192.842434:   44853948 cycles:u: 
	    5d3e62d96d42 <alloc::raw_vec::RawVecInner<_>>::reserve::do_reserve_and_handle::<alloc::alloc::Global>+0x22 (/tmp/litchi-goal-0458/litchi-perf-baseline)
	fffffffffffffffe [unknown] ([unknown])

litchi-perf-bas 4074627 353192.852687:   44856031 cycles:u: 
	    5d3e640e1f9c <quick_xml::events::attributes::IterState>::next+0x10c (/tmp/litchi-goal-0458/litchi-perf-baseline)

litchi-perf-bas 4074627 353192.862720:   44580890 cycles:u: 
	    5d3e640e1fd1 <quick_xml::events::attributes::IterState>::next+0x141 (/tmp/litchi-goal-0458/litchi-perf-baseline)
	               3 [unknown] ([unknown])
	              1f [unknown] ([unknown])

litchi-perf-bas 4074627 353192.872832:   44830088 cycles:u: 
	    5d3e640e1ea5 <quick_xml::events::attributes::IterState>::next+0x15 (/tmp/litchi-goal-0458/litchi-perf-baseline)

litchi-perf-bas 4074627 353192.882914:   44795774 cycles:u: 
	    7bbd32fb2ca5 __memcmp_evex_movbe+0x25 (/usr/lib/x86_64-linux-gnu/libc.so.6)
	    5d3e640e3873 <quick_xml::name::NamespaceResolver>::resolve_prefix+0x93 (/tmp/litchi-goal-0458/litchi-perf-baseline)
	    5d3e62dd3a67 litchi_odp::model::declaration::element_is+0x77 (/tmp/litchi-goal-0458/litchi-perf-baseline)

litchi-perf-bas 4074627 353192.893008:   44875492 cycles:u: 
	    7bbd32fb2cb7 __memcmp_evex_movbe+0x37 (/usr/lib/x86_64-linux-gnu/libc.so.6)
	    5d3e640e3873 <quick_xml::name::NamespaceResolver>::resolve_prefix+0x93 (/tmp/litchi-goal-0458/litchi-perf-baseline)
	    5d3e62e1a897 litchi_odp::model::page_metadata::element_is+0x77 (/tmp/litchi-goal-0458/litchi-perf-baseline)
	3a3a3a3a3a3a3a39 [unknown] ([unknown])

litchi-perf-bas 4074627 353192.903140:   44911844 cycles:u: 
	    5d3e62d99494 <quick_xml::reader::ns_reader::NsReader<&[u8]>>::process_event+0x14 (/tmp/litchi-goal-0458/litchi-perf-baseline)
	e749202e97dceecb [unknown] ([unknown])

litchi-perf-bas 4074627 353192.913239:   44873934 cycles:u: 
	    5d3e640e36db <quick_xml::name::NamespaceResolver>::resolve_event+0x13b (/tmp/litchi-goal-0458/litchi-perf-baseline)

litchi-perf-bas 4074627 353192.923382:   44898941 cycles:u: 
	    5d3e64014aa7 <quick_xml::reader::Reader<&[u8]>>::read_event_impl::<()>+0x6a7 (/tmp/litchi-goal-0458/litchi-perf-baseline)
	              21 [unknown] ([unknown])

litchi-perf-bas 4074627 353192.933486:   44874656 cycles:u: 
	    5d3e640d8c1e zlib_rs::deflate::algorithm::medium::deflate_medium+0x7ce (/tmp/litchi-goal-0458/litchi-perf-baseline)
	            ddde [unknown] ([unknown])

litchi-perf-bas 4074627 353192.943595:   44839464 cycles:u: 
	    5d3e640e3914 <quick_xml::name::NamespaceResolver>::resolve_prefix+0x134 (/tmp/litchi-goal-0458/litchi-perf-baseline)
	    5d3e62dcc847 <litchi_odp::codec::parser::codec::xml::validation::ElementAttrs>::resolve_at_scan+0x57 (/tmp/litchi-goal-0458/litchi-perf-baseline)

litchi-perf-bas 4074627 353192.953723:   44829726 cycles:u: 
	    5d3e640e3854 <quick_xml::name::NamespaceResolver>::resolve_prefix+0x74 (/tmp/litchi-goal-0458/litchi-perf-baseline)
	    5d3e640e3704 <quick_xml::name::NamespaceResolver>::resolve_event+0x164 (/tmp/litchi-goal-0458/litchi-perf-baseline)
	8000000000000000 [unknown] ([unknown])

litchi-perf-bas 4074627 353192.963808:   44770321 cycles:u: 
	    5d3e62d821b6 <&[u8] as quick_xml::reader::XmlSource<&mut alloc::vec::Vec<u8>>>::read_with::<quick_xml::parser::element::ElementParser>+0xb6 (/tmp/litchi-goal-0458/litchi-perf-baseline)
	          3156c7 [unknown] ([unknown])

litchi-perf-bas 4074627 353192.973899:   44828019 cycles:u: 
	    7bbd32fb2c84 __memcmp_evex_movbe+0x4 (/usr/lib/x86_64-linux-gnu/libc.so.6)
	    5d3e640e3873 <quick_xml::name::NamespaceResolver>::resolve_prefix+0x93 (/tmp/litchi-goal-0458/litchi-perf-baseline)
	    5d3e640e36ca <quick_xml::name::NamespaceResolver>::resolve_event+0x12a (/tmp/litchi-goal-0458/litchi-perf-baseline)

litchi-perf-bas 4074627 353192.984001:   44878848 cycles:u: 
	    5d3e640bd0ba crc32fast::specialized::pclmulqdq::calculate+0xaa (/tmp/litchi-goal-0458/litchi-perf-baseline)
	    5d3e640d776f [unknown] (/tmp/litchi-goal-0458/litchi-perf-baseline)
	              54 [unknown] ([unknown])

litchi-perf-bas 4074627 353192.994150:   44921332 cycles:u: 
	    5d3e62dcd949 <litchi_odp::codec::parser::codec::xml::validation::ElementAttrs>::get+0x1a9 (/tmp/litchi-goal-0458/litchi-perf-baseline)
	    5d3e62d96d83 <alloc::raw_vec::RawVecInner<_>>::reserve::do_reserve_and_handle::<alloc::alloc::Global>+0x63 (/tmp/litchi-goal-0458/litchi-perf-baseline)
	               7 [unknown] ([unknown])

litchi-perf-bas 4074627 353193.004242:   44837708 cycles:u: 
	    5d3e62d99494 <quick_xml::reader::ns_reader::NsReader<&[u8]>>::process_event+0x14 (/tmp/litchi-goal-0458/litchi-perf-baseline)
	              ff [unknown] ([unknown])

litchi-perf-bas 4074627 353193.014339:   44873766 cycles:u: 
	    7bbd32fbc496 __memmove_avx512_unaligned_erms+0x1d6 (/usr/lib/x86_64-linux-gnu/libc.so.6)
	    5d3e62d33c65 <alloc::vec::Vec<litchi_odp::codec::parser::model::ShapeBuilder>>::push_mut+0x35 (/tmp/litchi-goal-0458/litchi-perf-baseline)
	               5 [unknown] ([unknown])
	8000000000000000 [unknown] ([unknown])

litchi-perf-bas 4074627 353193.024434:   44916004 cycles:u: 
	    5d3e640e74ae <quick_xml::encoding::Decoder>::decode_cow+0xce (/tmp/litchi-goal-0458/litchi-perf-baseline)

litchi-perf-bas 4074627 353193.034547:   44942003 cycles:u: 
	    5d3e640bd0d9 crc32fast::specialized::pclmulqdq::calculate+0xc9 (/tmp/litchi-goal-0458/litchi-perf-baseline)
	    5d3e640d776f [unknown] (/tmp/litchi-goal-0458/litchi-perf-baseline)
	              54 [unknown] ([unknown])

litchi-perf-bas 4074627 353193.044664:   44945997 cycles:u: 
	    5d3e640e399a <quick_xml::name::NamespaceResolver>::resolve_prefix+0x1ba (/tmp/litchi-goal-0458/litchi-perf-baseline)
	               9 [unknown] ([unknown])

litchi-perf-bas 4074627 353193.054765:   44904311 cycles:u: 
	    5d3e62dd39fe litchi_odp::model::declaration::element_is+0xe (/tmp/litchi-goal-0458/litchi-perf-baseline)

litchi-perf-bas 4074627 353193.064879:   44925070 cycles:u: 
	    5d3e640e1fd1 <quick_xml::events::attributes::IterState>::next+0x141 (/tmp/litchi-goal-0458/litchi-perf-baseline)

litchi-perf-bas 4074627 353193.074978:   44874306 cycles:u: 
	    5d3e62dffedb <core::iter::adapters::map::Map<core::ops::range::Range<usize>, litchi_odp::model::page_metadata::effective_page_names::{closure#0}> as core::iter::traits::iterator::Iterator>::try_fold::<(), <core::iter::adapters::GenericShunt<core::iter::adapters::map::Map<core::ops::range::Range<usize>, litchi_odp::model::page_metadata::effective_page_names::{closure#0}>, core::result::Result<core::convert::Infallible, litchi_core::error::types::Error>> as core::iter::traits::iterator::Iterator>::try_fold<(), core::iter::traits::iterator::Iterator::try_for_each::call<alloc::string::String, core::ops::control_flow::ControlFlow<alloc::string::String>, core::ops::control_flow::ControlFlow<alloc::string::String>::Break>::{closure#0}, core::ops::control_flow::ControlFlow<alloc::string::String>>::{closure#0}, core::ops::control_flow::ControlFlow<core::ops::control_flow::ControlFlow<alloc::string::String>>>+0xfb (/tmp/litchi-goal-0458/litchi-perf-baseline)

litchi-perf-bas 4074627 353193.085152:   44908646 cycles:u: 
	    5d3e6401267f xml_minifier::audit::verify_with_policy+0x1bf (/tmp/litchi-goal-0458/litchi-perf-baseline)
	               a [unknown] ([unknown])

litchi-perf-bas 4074627 353193.095248:   44785124 cycles:u: 
	    7bbd32fb2ca5 __memcmp_evex_movbe+0x25 (/usr/lib/x86_64-linux-gnu/libc.so.6)
	    5d3e63b72692 <soapberry_zip::office::IndexedArchive<alloc::sync::Arc<alloc::vec::Vec<u8>>>>::read_with_accounting+0x142 (/tmp/litchi-goal-0458/litchi-perf-baseline)
	             2bb [unknown] ([unknown])

litchi-perf-bas 4074627 353193.105346:   44828158 cycles:u: 
	    5d3e62dcd9db <litchi_odp::codec::parser::codec::xml::validation::ElementAttrs>::get+0x23b (/tmp/litchi-goal-0458/litchi-perf-baseline)
	    5d3e62d96d83 <alloc::raw_vec::RawVecInner<_>>::reserve::do_reserve_and_handle::<alloc::alloc::Global>+0x63 (/tmp/litchi-goal-0458/litchi-perf-baseline)
	               7 [unknown] ([unknown])

litchi-perf-bas 4074627 353193.115438:   44853882 cycles:u: 
	    7bbd32fbc2d3 __memmove_avx512_unaligned_erms+0x13 (/usr/lib/x86_64-linux-gnu/libc.so.6)
	    5d3e62d1603a <litchi_odp::codec::parser::codec::Parser>::parse_pages_with_styles::<false>::{closure#0}+0x39fa (/tmp/litchi-goal-0458/litchi-perf-baseline)
	    5d3e62d273af <litchi_odp::codec::parser::codec::Parser>::parse_slides_with_styles+0xa4f (/tmp/litchi-goal-0458/litchi-perf-baseline)

litchi-perf-bas 4074627 353193.125544:   44904031 cycles:u: 
	    5d3e62dcd949 <litchi_odp::codec::parser::codec::xml::validation::ElementAttrs>::get+0x1a9 (/tmp/litchi-goal-0458/litchi-perf-baseline)
	    5d3e62d96d83 <alloc::raw_vec::RawVecInner<_>>::reserve::do_reserve_and_handle::<alloc::alloc::Global>+0x63 (/tmp/litchi-goal-0458/litchi-perf-baseline)
	               7 [unknown] ([unknown])

litchi-perf-bas 4074627 353193.135643:   44900082 cycles:u: 
	    5d3e640e227c <quick_xml::events::attributes::IterState>::next+0x3ec (/tmp/litchi-goal-0458/litchi-perf-baseline)

litchi-perf-bas 4074627 353193.145775:   44923290 cycles:u: 
	    7bbd32fb2e35 __memcmp_evex_movbe+0x1b5 (/usr/lib/x86_64-linux-gnu/libc.so.6)
	    5d3e62583a42 litchi_perf_baseline::odp_append_attribution::runtime_row+0x192 (/tmp/litchi-goal-0458/litchi-perf-baseline)

litchi-perf-bas 4074627 353193.155887:   44848595 cycles:u: 
	    5d3e62d2d91c <litchi_odp::codec::parser::codec::Parser>::finish_shape+0x2c (/tmp/litchi-goal-0458/litchi-perf-baseline)

litchi-perf-bas 4074627 353193.166170:   44837789 cycles:u: 
	    7bbd32ebab76 _int_malloc+0x66 (/usr/lib/x86_64-linux-gnu/libc.so.6)
	    7bbd32ebc9d9 _int_realloc+0xe9 (/usr/lib/x86_64-linux-gnu/libc.so.6)
	    7bbd32ebe0ce realloc+0x1ae (/usr/lib/x86_64-linux-gnu/libc.so.6)
	    5d3e62d9931e <alloc::raw_vec::RawVecInner>::finish_grow+0x5e (/tmp/litchi-goal-0458/litchi-perf-baseline)
	fffffffffffffffe [unknown] ([unknown])

litchi-perf-bas 4074627 353193.176214:   44632877 cycles:u: 
	    7bbd32ebca5a _int_realloc+0x16a (/usr/lib/x86_64-linux-gnu/libc.so.6)
	    7bbd32ebe0ce realloc+0x1ae (/usr/lib/x86_64-linux-gnu/libc.so.6)
	    5d3e62d9931e <alloc::raw_vec::RawVecInner>::finish_grow+0x5e (/tmp/litchi-goal-0458/litchi-perf-baseline)
	fffffffffffffffe [unknown] ([unknown])

litchi-perf-bas 4074627 353193.186297:   44831123 cycles:u: 
	    7bbd32ebb5f4 _int_malloc+0xae4 (/usr/lib/x86_64-linux-gnu/libc.so.6)
	    7bbd32ebc52e __libc_malloc2+0x11e (/usr/lib/x86_64-linux-gnu/libc.so.6)
	    5d3e62d9933c <alloc::raw_vec::RawVecInner>::finish_grow+0x7c (/tmp/litchi-goal-0458/litchi-perf-baseline)
	    5d3e640e36ca <quick_xml::name::NamespaceResolver>::resolve_event+0x12a (/tmp/litchi-goal-0458/litchi-perf-baseline)

litchi-perf-bas 4074627 353193.196448:   44913953 cycles:u: 
	    5d3e640e0a55 <quick_xml::reader::state::ReaderState>::emit_start+0x35 (/tmp/litchi-goal-0458/litchi-perf-baseline)
	               5 [unknown] ([unknown])

litchi-perf-bas 4074627 353193.206528:   44815457 cycles:u: 
	    5d3e62d821a1 <&[u8] as quick_xml::reader::XmlSource<&mut alloc::vec::Vec<u8>>>::read_with::<quick_xml::parser::element::ElementParser>+0xa1 (/tmp/litchi-goal-0458/litchi-perf-baseline)
	          3cfb60 [unknown] ([unknown])

litchi-perf-bas 4074627 353193.216622:   44898086 cycles:u: 
	    5d3e6411a077 memchr::arch::x86_64::memchr::memchr3_raw::find_avx2+0x67 (/tmp/litchi-goal-0458/litchi-perf-baseline)
	2727272727272726 [unknown] ([unknown])
	    5d3e62d7f53f <quick_xml::reader::Reader<&[u8]>>::read_event_impl::<()>+0x69f (/tmp/litchi-goal-0458/litchi-perf-baseline)
	              52 [unknown] ([unknown])

litchi-perf-bas 4074627 353193.226751:   44937911 cycles:u: 
	    5d3e62d99494 <quick_xml::reader::ns_reader::NsReader<&[u8]>>::process_event+0x14 (/tmp/litchi-goal-0458/litchi-perf-baseline)

litchi-perf-bas 4074627 353193.236875:   44837691 cycles:u: 
	    5d3e64119583 <memchr::arch::x86_64::avx2::memchr::Two>::find_raw_avx2+0x13 (/tmp/litchi-goal-0458/litchi-perf-baseline)
	              54 [unknown] ([unknown])

litchi-perf-bas 4074627 353193.246959:   44777525 cycles:u: 
	    5d3e640d87ad zlib_rs::deflate::algorithm::medium::deflate_medium+0x35d (/tmp/litchi-goal-0458/litchi-perf-baseline)
	 6005d3e99fcd8af [unknown] ([unknown])

litchi-perf-bas 4074627 353193.257124:   44853446 cycles:u: 
	    7bbd32fb2ca5 __memcmp_evex_movbe+0x25 (/usr/lib/x86_64-linux-gnu/libc.so.6)
	    5d3e640e3873 <quick_xml::name::NamespaceResolver>::resolve_prefix+0x93 (/tmp/litchi-goal-0458/litchi-perf-baseline)
	    5d3e62dcc847 <litchi_odp::codec::parser::codec::xml::validation::ElementAttrs>::resolve_at_scan+0x57 (/tmp/litchi-goal-0458/litchi-perf-baseline)

litchi-perf-bas 4074627 353193.267197:   44735150 cycles:u: 
	    5d3e62d821c3 <&[u8] as quick_xml::reader::XmlSource<&mut alloc::vec::Vec<u8>>>::read_with::<quick_xml::parser::element::ElementParser>+0xc3 (/tmp/litchi-goal-0458/litchi-perf-baseline)
	          24fa69 [unknown] ([unknown])

litchi-perf-bas 4074627 353193.277286:   44848917 cycles:u: 
	    7bbd32ebdc23 cfree@GLIBC_2.2.5+0x73 (/usr/lib/x86_64-linux-gnu/libc.so.6)
	    5d3e62d2dd0d <litchi_odp::codec::parser::codec::Parser>::finish_shape+0x41d (/tmp/litchi-goal-0458/litchi-perf-baseline)

litchi-perf-bas 4074627 353193.287390:   44908468 cycles:u: 
	    5d3e640e195f <quick_xml::events::attributes::Attribute>::decoded_and_normalized_value_with::<quick_xml::escape::resolve_predefined_entity>+0x12f (/tmp/litchi-goal-0458/litchi-perf-baseline)
	3a3a3a3a3a3a3a39 [unknown] ([unknown])

litchi-perf-bas 4074627 353193.297508:   44904070 cycles:u: 
	    7bbd32fb2cab __memcmp_evex_movbe+0x2b (/usr/lib/x86_64-linux-gnu/libc.so.6)
	    5d3e640e0e4c <quick_xml::reader::state::ReaderState>::emit_end+0xdc (/tmp/litchi-goal-0458/litchi-perf-baseline)
	           18ee4 [unknown] ([unknown])

litchi-perf-bas 4074627 353193.307623:   44862843 cycles:u: 
	    5d3e62e1312d <litchi_odp::codec::parser::model::ParagraphText>::push_text+0x1bd (/tmp/litchi-goal-0458/litchi-perf-baseline)
	2727272727272726 [unknown] ([unknown])

litchi-perf-bas 4074627 353193.317762:   44838079 cycles:u: 
	    5d3e640e1b97 <quick_xml::events::attributes::IterState>::check_for_duplicates+0x147 (/tmp/litchi-goal-0458/litchi-perf-baseline)
	3e3e3e3e3e3e3e3d [unknown] ([unknown])

litchi-perf-bas 4074627 353193.327817:   44652153 cycles:u: 
	    7bbd32fbc2d3 __memmove_avx512_unaligned_erms+0x13 (/usr/lib/x86_64-linux-gnu/libc.so.6)
	    5d3e62d1603a <litchi_odp::codec::parser::codec::Parser>::parse_pages_with_styles::<false>::{closure#0}+0x39fa (/tmp/litchi-goal-0458/litchi-perf-baseline)
	    5d3e62d273af <litchi_odp::codec::parser::codec::Parser>::parse_slides_with_styles+0xa4f (/tmp/litchi-goal-0458/litchi-perf-baseline)

litchi-perf-bas 4074627 353193.337899:   44823921 cycles:u: 
	    7bbd32fb2ccd __memcmp_evex_movbe+0x4d (/usr/lib/x86_64-linux-gnu/libc.so.6)
	    5d3e62d1d5bc <litchi_odp::codec::parser::codec::NsClass>::from_uri+0xfc (/tmp/litchi-goal-0458/litchi-perf-baseline)

litchi-perf-bas 4074627 353193.348008:   44896147 cycles:u: 
	    5d3e62d99494 <quick_xml::reader::ns_reader::NsReader<&[u8]>>::process_event+0x14 (/tmp/litchi-goal-0458/litchi-perf-baseline)
	df56289e4d82ebcb [unknown] ([unknown])

litchi-perf-bas 4074627 353193.358123:   44879034 cycles:u: 
	    5d3e640e354b <quick_xml::name::QName>::decompose+0xb (/tmp/litchi-goal-0458/litchi-perf-baseline)
	    5d3e62dd3a42 litchi_odp::model::declaration::element_is+0x52 (/tmp/litchi-goal-0458/litchi-perf-baseline)
	               5 [unknown] ([unknown])

litchi-perf-bas 4074627 353193.368220:   44906402 cycles:u: 
	    5d3e62dd3a3d litchi_odp::model::declaration::element_is+0x4d (/tmp/litchi-goal-0458/litchi-perf-baseline)

litchi-perf-bas 4074627 353193.378324:   44924325 cycles:u: 
	    5d3e62d7eea0 <quick_xml::reader::Reader<&[u8]>>::read_event_impl::<()>+0x0 (/tmp/litchi-goal-0458/litchi-perf-baseline)

litchi-perf-bas 4074627 353193.388483:   44940751 cycles:u: 
	    5d3e6401270c xml_minifier::audit::verify_with_policy+0x24c (/tmp/litchi-goal-0458/litchi-perf-baseline)
	               6 [unknown] ([unknown])

litchi-perf-bas 4074627 353193.398560:   44706006 cycles:u: 
	    5d3e640d9070 zlib_rs::deflate::algorithm::medium::deflate_medium+0xc20 (/tmp/litchi-goal-0458/litchi-perf-baseline)

litchi-perf-bas 4074627 353193.408660:   44816126 cycles:u: 
	    7bbd32fb2c84 __memcmp_evex_movbe+0x4 (/usr/lib/x86_64-linux-gnu/libc.so.6)
	    5d3e62dcd15f <litchi_odp::codec::parser::codec::xml::validation::ElementAttrs>::harvest_drawing_attribute+0xcf (/tmp/litchi-goal-0458/litchi-perf-baseline)

litchi-perf-bas 4074627 353193.418756:   44827265 cycles:u: 
	    5d3e640e1f9c <quick_xml::events::attributes::IterState>::next+0x10c (/tmp/litchi-goal-0458/litchi-perf-baseline)

litchi-perf-bas 4074627 353193.428858:   44871763 cycles:u: 
	    5d3e640e1969 <quick_xml::events::attributes::Attribute>::decoded_and_normalized_value_with::<quick_xml::escape::resolve_predefined_entity>+0x139 (/tmp/litchi-goal-0458/litchi-perf-baseline)
	               3 [unknown] ([unknown])

litchi-perf-bas 4074627 353193.438956:   44880021 cycles:u: 
	    5d3e640e0a55 <quick_xml::reader::state::ReaderState>::emit_start+0x35 (/tmp/litchi-goal-0458/litchi-perf-baseline)
	    5d3e640e3704 <quick_xml::name::NamespaceResolver>::resolve_event+0x164 (/tmp/litchi-goal-0458/litchi-perf-baseline)
	8000000000000000 [unknown] ([unknown])

litchi-perf-bas 4074627 353193.449116:   44919893 cycles:u: 
	    5d3e63c9f39a <quick_xml::reader::Reader<&[u8]>>::read_event_impl::<()>+0x6fa (/tmp/litchi-goal-0458/litchi-perf-baseline)
	               8 [unknown] ([unknown])

litchi-perf-bas 4074627 353193.459223:   44782880 cycles:u: 
	    5d3e62d12683 <litchi_odp::codec::parser::codec::Parser>::parse_pages_with_styles::<false>::{closure#0}+0x43 (/tmp/litchi-goal-0458/litchi-perf-baseline)
	             3ff [unknown] ([unknown])

litchi-perf-bas 4074627 353193.469300:   44768646 cycles:u: 
	    7bbd32fbc2d3 __memmove_avx512_unaligned_erms+0x13 (/usr/lib/x86_64-linux-gnu/libc.so.6)
	    5d3e62d1603a <litchi_odp::codec::parser::codec::Parser>::parse_pages_with_styles::<false>::{closure#0}+0x39fa (/tmp/litchi-goal-0458/litchi-perf-baseline)
	    5d3e62d273af <litchi_odp::codec::parser::codec::Parser>::parse_slides_with_styles+0xa4f (/tmp/litchi-goal-0458/litchi-perf-baseline)

litchi-perf-bas 4074627 353193.479396:   44857489 cycles:u: 
	    5d3e640e36db <quick_xml::name::NamespaceResolver>::resolve_event+0x13b (/tmp/litchi-goal-0458/litchi-perf-baseline)

litchi-perf-bas 4074627 353193.489654:   44895333 cycles:u: 
	    5d3e64119390 <memchr::arch::x86_64::avx2::memchr::One>::find_raw+0x0 (/tmp/litchi-goal-0458/litchi-perf-baseline)
	       100000048 [unknown] ([unknown])

litchi-perf-bas 4074627 353193.499707:   44616586 cycles:u: 
	    5d3e62dd77ca litchi_odp::model::staging::parse+0x48a (/tmp/litchi-goal-0458/litchi-perf-baseline)
	    5d3e63b993ae <core::io::util::Take<soapberry_zip::archive::ZipVerifier<&mut soapberry_zip::accounting::CountingReader<&mut flate2::deflate::read::DeflateDecoder<soapberry_zip::accounting::CountingReader<soapberry_zip::archive::ZipReader<&alloc::sync::Arc<alloc::vec::Vec<u8>>>>>>, &alloc::sync::Arc<alloc::vec::Vec<u8>>>> as std::io::Read>::read_buf+0x9e (/tmp/litchi-goal-0458/litchi-perf-baseline)

litchi-perf-bas 4074627 353193.509816:   44789521 cycles:u: 
	    5d3e640e3596 <quick_xml::name::QName>::decompose+0x56 (/tmp/litchi-goal-0458/litchi-perf-baseline)
	               3 [unknown] ([unknown])

litchi-perf-bas 4074627 353193.519874:   44711701 cycles:u: 
	    5d3e64119b33 memchr::arch::x86_64::memchr::memchr_raw::find_avx2+0x13 (/tmp/litchi-goal-0458/litchi-perf-baseline)
	3a3a3a3a3a3a3a39 [unknown] ([unknown])
	    5d3e640e3566 <quick_xml::name::QName>::decompose+0x26 (/tmp/litchi-goal-0458/litchi-perf-baseline)
	               d [unknown] ([unknown])

litchi-perf-bas 4074627 353193.529970:   44872514 cycles:u: 
	    5d3e62d994d7 <quick_xml::reader::ns_reader::NsReader<&[u8]>>::process_event+0x57 (/tmp/litchi-goal-0458/litchi-perf-baseline)

litchi-perf-bas 4074627 353193.540089:   44904208 cycles:u: 
	ffffffff8c800ef0 [unknown] ([unknown])
	    5d3e62dfc380 <std::thread::local::LocalKey<core::cell::Cell<(u64, u64)>>>::with::<<std::hash::random::RandomState>::new::{closure#0}, std::hash::random::RandomState>+0x0 (/tmp/litchi-goal-0458/litchi-perf-baseline)

litchi-perf-bas 4074627 353193.550226:   44910427 cycles:u: 
	    5d3e640e2273 <quick_xml::events::attributes::IterState>::next+0x3e3 (/tmp/litchi-goal-0458/litchi-perf-baseline)
	           3d08f [unknown] ([unknown])

litchi-perf-bas 4074627 353193.560344:   44862314 cycles:u: 
	    5d3e640e41e9 <quick_xml::name::NamespaceResolver>::set_level+0x29 (/tmp/litchi-goal-0458/litchi-perf-baseline)

litchi-perf-bas 4074627 353193.570437:   44821978 cycles:u: 
	    5d3e640e1969 <quick_xml::events::attributes::Attribute>::decoded_and_normalized_value_with::<quick_xml::escape::resolve_predefined_entity>+0x139 (/tmp/litchi-goal-0458/litchi-perf-baseline)
	               4 [unknown] ([unknown])

litchi-perf-bas 4074627 353193.580565:   44874178 cycles:u: 
	    5d3e640e36db <quick_xml::name::NamespaceResolver>::resolve_event+0x13b (/tmp/litchi-goal-0458/litchi-perf-baseline)

litchi-perf-bas 4074627 353193.590655:   44835346 cycles:u: 
	    7bbd32fb2ca5 __memcmp_evex_movbe+0x25 (/usr/lib/x86_64-linux-gnu/libc.so.6)
	    5d3e640e0e4c <quick_xml::reader::state::ReaderState>::emit_end+0xdc (/tmp/litchi-goal-0458/litchi-perf-baseline)

litchi-perf-bas 4074627 353193.600753:   44894624 cycles:u: 
	    5d3e640bd0a7 crc32fast::specialized::pclmulqdq::calculate+0x97 (/tmp/litchi-goal-0458/litchi-perf-baseline)

litchi-perf-bas 4074627 353193.610892:   44927311 cycles:u: 
	    5d3e6411a023 memchr::arch::x86_64::memchr::memchr3_raw::find_avx2+0x13 (/tmp/litchi-goal-0458/litchi-perf-baseline)
	3e3e3e3e3e3e3e3d [unknown] ([unknown])
	    5d3e62d821d6 <&[u8] as quick_xml::reader::XmlSource<&mut alloc::vec::Vec<u8>>>::read_with::<quick_xml::parser::element::ElementParser>+0xd6 (/tmp/litchi-goal-0458/litchi-perf-baseline)
	            3b85 [unknown] ([unknown])

litchi-perf-bas 4074627 353193.620986:   44849361 cycles:u: 
	    7bbd32fb2c84 __memcmp_evex_movbe+0x4 (/usr/lib/x86_64-linux-gnu/libc.so.6)
	    5d3e640e3873 <quick_xml::name::NamespaceResolver>::resolve_prefix+0x93 (/tmp/litchi-goal-0458/litchi-perf-baseline)
	    5d3e640e36ca <quick_xml::name::NamespaceResolver>::resolve_event+0x12a (/tmp/litchi-goal-0458/litchi-perf-baseline)

litchi-perf-bas 4074627 353193.631097:   44873259 cycles:u: 
	    5d3e62d1f67b <litchi_odp::codec::parser::codec::Parser>::validate_three_dimensional_child_element+0x9b (/tmp/litchi-goal-0458/litchi-perf-baseline)

litchi-perf-bas 4074627 353193.641193:   44913934 cycles:u: 
	    5d3e64119820 <memchr::arch::x86_64::avx2::memchr::Three>::find_raw_avx2+0x30 (/tmp/litchi-goal-0458/litchi-perf-baseline)
	2222222222222221 [unknown] ([unknown])

litchi-perf-bas 4074627 353193.651321:   44940041 cycles:u: 
	    5d3e640cd2e0 zlib_rs::inflate::inflate_fast_help_avx2+0x5e0 (/tmp/litchi-goal-0458/litchi-perf-baseline)
	    5d3e640da5b6 <zlib_rs::inflate::window::Window>::extend+0x196 (/tmp/litchi-goal-0458/litchi-perf-baseline)
	              11 [unknown] ([unknown])

litchi-perf-bas 4074627 353193.661437:   44877192 cycles:u: 
	    5d3e62d99494 <quick_xml::reader::ns_reader::NsReader<&[u8]>>::process_event+0x14 (/tmp/litchi-goal-0458/litchi-perf-baseline)
	ec4f29408b99f612 [unknown] ([unknown])

litchi-perf-bas 4074627 353193.671528:   44849995 cycles:u: 
	    5d3e6411a043 memchr::arch::x86_64::memchr::memchr3_raw::find_avx2+0x33 (/tmp/litchi-goal-0458/litchi-perf-baseline)
	2727272727272726 [unknown] ([unknown])
	    5d3e62d82188 <&[u8] as quick_xml::reader::XmlSource<&mut alloc::vec::Vec<u8>>>::read_with::<quick_xml::parser::element::ElementParser>+0x88 (/tmp/litchi-goal-0458/litchi-perf-baseline)

litchi-perf-bas 4074627 353193.681626:   44895489 cycles:u: 
	    5d3e62d7f55b <quick_xml::reader::Reader<&[u8]>>::read_event_impl::<()>+0x6bb (/tmp/litchi-goal-0458/litchi-perf-baseline)
	               9 [unknown] ([unknown])

litchi-perf-bas 4074627 353193.691731:   44911623 cycles:u: 
	    5d3e6416b691 <alloc::string::String as core::clone::Clone>::clone+0x1 (/tmp/litchi-goal-0458/litchi-perf-baseline)

litchi-perf-bas 4074627 353193.701904:   44915344 cycles:u: 
	    5d3e641197f0 <memchr::arch::x86_64::avx2::memchr::Three>::find_raw_avx2+0x0 (/tmp/litchi-goal-0458/litchi-perf-baseline)
	2222222222222221 [unknown] ([unknown])

litchi-perf-bas 4074627 353193.711960:   44653382 cycles:u: 
	    5d3e640cafce zlib_rs::deflate::slide_hash::avx2::slide_hash_chain+0x5e (/tmp/litchi-goal-0458/litchi-perf-baseline)
	    5d3e640d734d zlib_rs::deflate::fill_window+0xcd (/tmp/litchi-goal-0458/litchi-perf-baseline)

litchi-perf-bas 4074627 353193.722062:   44814922 cycles:u: 
	    5d3e640e1fdb <quick_xml::events::attributes::IterState>::next+0x14b (/tmp/litchi-goal-0458/litchi-perf-baseline)

litchi-perf-bas 4074627 353193.732163:   44816394 cycles:u: 
	    5d3e640e1fd5 <quick_xml::events::attributes::IterState>::next+0x145 (/tmp/litchi-goal-0458/litchi-perf-baseline)
	               3 [unknown] ([unknown])

litchi-perf-bas 4074627 353193.742263:   44880801 cycles:u: 
	    5d3e62dcda56 <litchi_odp::codec::parser::codec::xml::validation::ElementAttrs>::get+0x2b6 (/tmp/litchi-goal-0458/litchi-perf-baseline)

litchi-perf-bas 4074627 353193.752371:   44915605 cycles:u: 
	    5d3e62dcd949 <litchi_odp::codec::parser::codec::xml::validation::ElementAttrs>::get+0x1a9 (/tmp/litchi-goal-0458/litchi-perf-baseline)

litchi-perf-bas 4074627 353193.762508:   44906065 cycles:u: 
	    5d3e63b9618a litchi_odf_common::package::edit::xml_splice_publication+0x1da (/tmp/litchi-goal-0458/litchi-perf-baseline)

litchi-perf-bas 4074627 353193.772663:   44822970 cycles:u: 
	    5d3e641722e0 core::str::converts::from_utf8+0x0 (/tmp/litchi-goal-0458/litchi-perf-baseline)

litchi-perf-bas 4074627 353193.782736:   44708033 cycles:u: 
	    5d3e640e36db <quick_xml::name::NamespaceResolver>::resolve_event+0x13b (/tmp/litchi-goal-0458/litchi-perf-baseline)

litchi-perf-bas 4074627 353193.792824:   44825897 cycles:u: 
	    5d3e640de5ed quick_xml::escape::normalize_attribute_value::<quick_xml::escape::is_xml10_normalization_char, quick_xml::escape::normalize_xml10_eol_step, quick_xml::escape::resolve_predefined_entity>+0x4d (/tmp/litchi-goal-0458/litchi-perf-baseline)
	               1 [unknown] ([unknown])

litchi-perf-bas 4074627 353193.803047:   44879212 cycles:u: 
	    5d3e62d2ec59 <litchi_odp::codec::parser::codec::Parser>::shape_builder+0x509 (/tmp/litchi-goal-0458/litchi-perf-baseline)
	    5d3e62d96d83 <alloc::raw_vec::RawVecInner<_>>::reserve::do_reserve_and_handle::<alloc::alloc::Global>+0x63 (/tmp/litchi-goal-0458/litchi-perf-baseline)
	               e [unknown] ([unknown])

litchi-perf-bas 4074627 353193.813131:   44693878 cycles:u: 
	    5d3e62dcf85d <litchi_odp::model::declaration::Scanner>::step+0x35d (/tmp/litchi-goal-0458/litchi-perf-baseline)
	               6 [unknown] ([unknown])
	ffffffffffffffff [unknown] ([unknown])

litchi-perf-bas 4074627 353193.823224:   44823762 cycles:u: 
	    5d3e640e3854 <quick_xml::name::NamespaceResolver>::resolve_prefix+0x74 (/tmp/litchi-goal-0458/litchi-perf-baseline)
	    5d3e62e1a897 litchi_odp::model::page_metadata::element_is+0x77 (/tmp/litchi-goal-0458/litchi-perf-baseline)
	3a3a3a3a3a3a3a39 [unknown] ([unknown])

litchi-perf-bas 4074627 353193.833313:   44862948 cycles:u: 
	    5d3e62d86a8d <litchi_odp::codec::content_source::scanner::Scanner>::run+0x64d (/tmp/litchi-goal-0458/litchi-perf-baseline)
	               3 [unknown] ([unknown])

litchi-perf-bas 4074627 353193.843415:   44921742 cycles:u: 
	    5d3e640e0ef2 <quick_xml::reader::state::ReaderState>::emit_end+0x182 (/tmp/litchi-goal-0458/litchi-perf-baseline)

litchi-perf-bas 4074627 353193.853556:   44934835 cycles:u: 
	    5d3e640e1ab8 <quick_xml::events::attributes::IterState>::check_for_duplicates+0x68 (/tmp/litchi-goal-0458/litchi-perf-baseline)

litchi-perf-bas 4074627 353193.863670:   44808074 cycles:u: 
	    5d3e640d7dff zlib_rs::deflate::compare256::avx2::compare256+0xf (/tmp/litchi-goal-0458/litchi-perf-baseline)
	            3b50 [unknown] ([unknown])

litchi-perf-bas 4074627 353193.873764:   44795255 cycles:u: 
	    5d3e640e0b29 <quick_xml::reader::state::ReaderState>::emit_start+0x109 (/tmp/litchi-goal-0458/litchi-perf-baseline)

litchi-perf-bas 4074627 353193.883854:   44821677 cycles:u: 
	    7bbd32fbc2d3 __memmove_avx512_unaligned_erms+0x13 (/usr/lib/x86_64-linux-gnu/libc.so.6)
	    5d3e62d1603a <litchi_odp::codec::parser::codec::Parser>::parse_pages_with_styles::<false>::{closure#0}+0x39fa (/tmp/litchi-goal-0458/litchi-perf-baseline)
	    5d3e62d273af <litchi_odp::codec::parser::codec::Parser>::parse_slides_with_styles+0xa4f (/tmp/litchi-goal-0458/litchi-perf-baseline)

litchi-perf-bas 4074627 353193.893951:   44872257 cycles:u: 
	    5d3e62d7e4ae <quick_xml::reader::Reader<&[u8]>>::read_event_impl::<&mut alloc::vec::Vec<u8>>+0x6ee (/tmp/litchi-goal-0458/litchi-perf-baseline)

litchi-perf-bas 4074627 353193.904050:   44896220 cycles:u: 
	    5d3e640e36d3 <quick_xml::name::NamespaceResolver>::resolve_event+0x133 (/tmp/litchi-goal-0458/litchi-perf-baseline)

litchi-perf-bas 4074627 353193.914184:   44914355 cycles:u: 
	    5d3e63c9eca1 <quick_xml::reader::Reader<&[u8]>>::read_event_impl::<()>+0x1 (/tmp/litchi-goal-0458/litchi-perf-baseline)
	          5ce1e6 [unknown] ([unknown])

litchi-perf-bas 4074627 353193.924306:   44869160 cycles:u: 
	    5d3e64119b20 memchr::arch::x86_64::memchr::memchr_raw::find_avx2+0x0 (/tmp/litchi-goal-0458/litchi-perf-baseline)

litchi-perf-bas 4074627 353193.934394:   44804145 cycles:u: 
	    5d3e62e13154 <litchi_odp::codec::parser::model::ParagraphText>::push_text+0x1e4 (/tmp/litchi-goal-0458/litchi-perf-baseline)
	2727272727272726 [unknown] ([unknown])

litchi-perf-bas 4074627 353193.944492:   44870808 cycles:u: 
	    5d3e62d1fad1 <litchi_odp::codec::parser::codec::Parser>::decode_text+0xd1 (/tmp/litchi-goal-0458/litchi-perf-baseline)
	fffffffffffffffe [unknown] ([unknown])
	7fffffffffffffff [unknown] ([unknown])

litchi-perf-bas 4074627 353193.954589:   44887212 cycles:u: 
	    5d3e62d2727b <litchi_odp::codec::parser::codec::Parser>::parse_slides_with_styles+0x91b (/tmp/litchi-goal-0458/litchi-perf-baseline)

litchi-perf-bas 4074627 353193.964751:   44925881 cycles:u: 
	    5d3e62d99494 <quick_xml::reader::ns_reader::NsReader<&[u8]>>::process_event+0x14 (/tmp/litchi-goal-0458/litchi-perf-baseline)
	e76c394697dceecb [unknown] ([unknown])

litchi-perf-bas 4074627 353193.974827:   44784238 cycles:u: 
	    5d3e640e1ba2 <quick_xml::events::attributes::IterState>::check_for_duplicates+0x152 (/tmp/litchi-goal-0458/litchi-perf-baseline)
	              fe [unknown] ([unknown])

litchi-perf-bas 4074627 353193.984923:   44895622 cycles:u: 
	    7bbd32fb2ca5 __memcmp_evex_movbe+0x25 (/usr/lib/x86_64-linux-gnu/libc.so.6)
	    5d3e640e3873 <quick_xml::name::NamespaceResolver>::resolve_prefix+0x93 (/tmp/litchi-goal-0458/litchi-perf-baseline)
	    5d3e62dd3a67 litchi_odp::model::declaration::element_is+0x77 (/tmp/litchi-goal-0458/litchi-perf-baseline)

litchi-perf-bas 4074627 353193.995032:   44917038 cycles:u: 
	    5d3e62d99530 <quick_xml::reader::ns_reader::NsReader<&[u8]>>::process_event+0xb0 (/tmp/litchi-goal-0458/litchi-perf-baseline)

litchi-perf-bas 4074627 353194.005201:   44921337 cycles:u: 
	    5d3e64014d10 <quick_xml::reader::Reader<&[u8]>>::read_event_impl::<()>+0x910 (/tmp/litchi-goal-0458/litchi-perf-baseline)

litchi-perf-bas 4074627 353194.015277:   44700464 cycles:u: 
	    5d3e640dada8 zlib_rs::deflate::longest_match::longest_match+0x1a8 (/tmp/litchi-goal-0458/litchi-perf-baseline)
	            3fff [unknown] ([unknown])

litchi-perf-bas 4074627 353194.025377:   44799179 cycles:u: 
	    7bbd32ebaa34 _int_free_chunk+0x24 (/usr/lib/x86_64-linux-gnu/libc.so.6)
	    7bbd32ebcae8 _int_realloc+0x1f8 (/usr/lib/x86_64-linux-gnu/libc.so.6)
	    7bbd32ebe0ce realloc+0x1ae (/usr/lib/x86_64-linux-gnu/libc.so.6)
	    5d3e640e4e5e <alloc::raw_vec::RawVecInner>::finish_grow+0x5e (/tmp/litchi-goal-0458/litchi-perf-baseline)

litchi-perf-bas 4074627 353194.035470:   44807629 cycles:u: 
	    5d3e62dcd9db <litchi_odp::codec::parser::codec::xml::validation::ElementAttrs>::get+0x23b (/tmp/litchi-goal-0458/litchi-perf-baseline)
	    5d3e62d96d83 <alloc::raw_vec::RawVecInner<_>>::reserve::do_reserve_and_handle::<alloc::alloc::Global>+0x63 (/tmp/litchi-goal-0458/litchi-perf-baseline)
	               7 [unknown] ([unknown])

litchi-perf-bas 4074627 353194.045567:   44862154 cycles:u: 
	    5d3e640e1f06 <quick_xml::events::attributes::IterState>::next+0x76 (/tmp/litchi-goal-0458/litchi-perf-baseline)
	               b [unknown] ([unknown])

litchi-perf-bas 4074627 353194.055660:   44866742 cycles:u: 
	    5d3e64119814 <memchr::arch::x86_64::avx2::memchr::Three>::find_raw_avx2+0x24 (/tmp/litchi-goal-0458/litchi-perf-baseline)
	2222222222222221 [unknown] ([unknown])

litchi-perf-bas 4074627 353194.065772:   44905370 cycles:u: 
	    5d3e640ccf7d zlib_rs::inflate::inflate_fast_help_avx2+0x27d (/tmp/litchi-goal-0458/litchi-perf-baseline)
	    5d3e640da5b6 <zlib_rs::inflate::window::Window>::extend+0x196 (/tmp/litchi-goal-0458/litchi-perf-baseline)
	              11 [unknown] ([unknown])

litchi-perf-bas 4074627 353194.075901:   44891814 cycles:u: 
	    7bbd32fb2ca5 __memcmp_evex_movbe+0x25 (/usr/lib/x86_64-linux-gnu/libc.so.6)
	    5d3e640e0e4c <quick_xml::reader::state::ReaderState>::emit_end+0xdc (/tmp/litchi-goal-0458/litchi-perf-baseline)

litchi-perf-bas 4074627 353194.085989:   44805835 cycles:u: 
	    7bbd32ebd686 malloc+0x26 (/usr/lib/x86_64-linux-gnu/libc.so.6)
	    5d3e62d1faea <litchi_odp::codec::parser::codec::Parser>::decode_text+0xea (/tmp/litchi-goal-0458/litchi-perf-baseline)
	fffffffffffffffe [unknown] ([unknown])
	7fffffffffffffff [unknown] ([unknown])

litchi-perf-bas 4074627 353194.096119:   44869190 cycles:u: 
	    5d3e62ddd3c7 <quick_xml::events::attributes::Attributes as core::iter::traits::iterator::Iterator>::next+0x97 (/tmp/litchi-goal-0458/litchi-perf-baseline)

litchi-perf-bas 4074627 353194.106207:   44843774 cycles:u: 
	    5d3e62d2f359 <litchi_odp::codec::parser::codec::Parser>::shape_builder+0xc09 (/tmp/litchi-goal-0458/litchi-perf-baseline)
	    5d3e62d96d83 <alloc::raw_vec::RawVecInner<_>>::reserve::do_reserve_and_handle::<alloc::alloc::Global>+0x63 (/tmp/litchi-goal-0458/litchi-perf-baseline)
	    7bbd32ebe0ce realloc+0x1ae (/usr/lib/x86_64-linux-gnu/libc.so.6)
	    5d3e62d9931e <alloc::raw_vec::RawVecInner>::finish_grow+0x5e (/tmp/litchi-goal-0458/litchi-perf-baseline)
	fffffffffffffffe [unknown] ([unknown])

litchi-perf-bas 4074627 353194.116471:   44906112 cycles:u: 
	    7bbd32ebe0c4 realloc+0x1a4 (/usr/lib/x86_64-linux-gnu/libc.so.6)
	    5d3e63bb1aee <alloc::raw_vec::RawVecInner>::finish_grow+0x5e (/tmp/litchi-goal-0458/litchi-perf-baseline)

litchi-perf-bas 4074627 353194.126524:   44646759 cycles:u: 
	    5d3e62e1b131 litchi_odp::model::page_metadata::parse_page+0x801 (/tmp/litchi-goal-0458/litchi-perf-baseline)
	              30 [unknown] ([unknown])

litchi-perf-bas 4074627 353194.136602:   44829525 cycles:u: 
	    5d3e64119828 <memchr::arch::x86_64::avx2::memchr::Three>::find_raw_avx2+0x38 (/tmp/litchi-goal-0458/litchi-perf-baseline)
	2222222222222221 [unknown] ([unknown])

litchi-perf-bas 4074627 353194.146708:   44912279 cycles:u: 
	    5d3e640e3885 <quick_xml::name::NamespaceResolver>::resolve_prefix+0xa5 (/tmp/litchi-goal-0458/litchi-perf-baseline)
	    5d3e640e3704 <quick_xml::name::NamespaceResolver>::resolve_event+0x164 (/tmp/litchi-goal-0458/litchi-perf-baseline)
	8000000000000039 [unknown] ([unknown])

litchi-perf-bas 4074627 353194.156848:   44917733 cycles:u: 
	    5d3e62dfff1f <core::iter::adapters::map::Map<core::ops::range::Range<usize>, litchi_odp::model::page_metadata::effective_page_names::{closure#0}> as core::iter::traits::iterator::Iterator>::try_fold::<(), <core::iter::adapters::GenericShunt<core::iter::adapters::map::Map<core::ops::range::Range<usize>, litchi_odp::model::page_metadata::effective_page_names::{closure#0}>, core::result::Result<core::convert::Infallible, litchi_core::error::types::Error>> as core::iter::traits::iterator::Iterator>::try_fold<(), core::iter::traits::iterator::Iterator::try_for_each::call<alloc::string::String, core::ops::control_flow::ControlFlow<alloc::string::String>, core::ops::control_flow::ControlFlow<alloc::string::String>::Break>::{closure#0}, core::ops::control_flow::ControlFlow<alloc::string::String>>::{closure#0}, core::ops::control_flow::ControlFlow<core::ops::control_flow::ControlFlow<alloc::string::String>>>+0x13f (/tmp/litchi-goal-0458/litchi-perf-baseline)

litchi-perf-bas 4074627 353194.166992:   44852848 cycles:u: 
	    5d3e64014aa7 <quick_xml::reader::Reader<&[u8]>>::read_event_impl::<()>+0x6a7 (/tmp/litchi-goal-0458/litchi-perf-baseline)
	               c [unknown] ([unknown])

litchi-perf-bas 4074627 353194.177098:   44763039 cycles:u: 
	    5d3e63bc87a9 <hashbrown::raw::RawTable<(alloc::string::String, soapberry_zip::office::EntryId)>>::reserve_rehash::<hashbrown::map::make_hasher<alloc::string::String, soapberry_zip::office::EntryId, std::hash::random::RandomState>::{closure#0}>+0x4c9 (/tmp/litchi-goal-0458/litchi-perf-baseline)
	               5 [unknown] ([unknown])

litchi-perf-bas 4074627 353194.187201:   44823564 cycles:u: 
	    5d3e640e3719 <quick_xml::name::NamespaceResolver>::resolve_event+0x179 (/tmp/litchi-goal-0458/litchi-perf-baseline)

litchi-perf-bas 4074627 353194.197289:   44833852 cycles:u: 
	    5d3e62d2f57e <litchi_odp::codec::parser::codec::Parser>::shape_builder+0xe2e (/tmp/litchi-goal-0458/litchi-perf-baseline)
	    5d3e62d96d83 <alloc::raw_vec::RawVecInner<_>>::reserve::do_reserve_and_handle::<alloc::alloc::Global>+0x63 (/tmp/litchi-goal-0458/litchi-perf-baseline)
	               e [unknown] ([unknown])

litchi-perf-bas 4074627 353194.207392:   44891866 cycles:u: 
	    7bbd32fbc377 __memmove_avx512_unaligned_erms+0xb7 (/usr/lib/x86_64-linux-gnu/libc.so.6)
	    5d3e640e0afc <quick_xml::reader::state::ReaderState>::emit_start+0xdc (/tmp/litchi-goal-0458/litchi-perf-baseline)
	    5d3e640e3704 <quick_xml::name::NamespaceResolver>::resolve_event+0x164 (/tmp/litchi-goal-0458/litchi-perf-baseline)
	8000000000000000 [unknown] ([unknown])

litchi-perf-bas 4074627 353194.217534:   44901055 cycles:u: 
	    5d3e62d994d7 <quick_xml::reader::ns_reader::NsReader<&[u8]>>::process_event+0x57 (/tmp/litchi-goal-0458/litchi-perf-baseline)
	              ff [unknown] ([unknown])

litchi-perf-bas 4074627 353194.227639:   44797199 cycles:u: 
	    7bbd32eba895 _int_free_merge_chunk+0xa5 (/usr/lib/x86_64-linux-gnu/libc.so.6)
	    7bbd32ebaa38 _int_free_chunk+0x28 (/usr/lib/x86_64-linux-gnu/libc.so.6)
	    5d3e62d7156b core::ptr::drop_glue::<litchi_odp::model::slide::Slide>+0x2b (/tmp/litchi-goal-0458/litchi-perf-baseline)

litchi-perf-bas 4074627 353194.237738:   44825419 cycles:u: 
	    5d3e62d99508 <quick_xml::reader::ns_reader::NsReader<&[u8]>>::process_event+0x88 (/tmp/litchi-goal-0458/litchi-perf-baseline)
	              ff [unknown] ([unknown])

litchi-perf-bas 4074627 353194.247836:   44845833 cycles:u: 
	    5d3e62e1314f <litchi_odp::codec::parser::model::ParagraphText>::push_text+0x1df (/tmp/litchi-goal-0458/litchi-perf-baseline)
	2727272727272726 [unknown] ([unknown])

litchi-perf-bas 4074627 353194.257934:   44866815 cycles:u: 
	    5d3e640e3715 <quick_xml::name::NamespaceResolver>::resolve_event+0x175 (/tmp/litchi-goal-0458/litchi-perf-baseline)

litchi-perf-bas 4074627 353194.268026:   44889314 cycles:u: 
	    5d3e62dcd9db <litchi_odp::codec::parser::codec::xml::validation::ElementAttrs>::get+0x23b (/tmp/litchi-goal-0458/litchi-perf-baseline)
	    5d3e62d96d83 <alloc::raw_vec::RawVecInner<_>>::reserve::do_reserve_and_handle::<alloc::alloc::Global>+0x63 (/tmp/litchi-goal-0458/litchi-perf-baseline)
	               7 [unknown] ([unknown])

litchi-perf-bas 4074627 353194.278163:   44938756 cycles:u: 
	    7bbd32fb2c84 __memcmp_evex_movbe+0x4 (/usr/lib/x86_64-linux-gnu/libc.so.6)
	    5d3e640e3873 <quick_xml::name::NamespaceResolver>::resolve_prefix+0x93 (/tmp/litchi-goal-0458/litchi-perf-baseline)
	    5d3e62e1a897 litchi_odp::model::page_metadata::element_is+0x77 (/tmp/litchi-goal-0458/litchi-perf-baseline)
	3a3a3a3a3a3a3a39 [unknown] ([unknown])

litchi-perf-bas 4074627 353194.288273:   44908094 cycles:u: 
	    7bbd32fb2ca5 __memcmp_evex_movbe+0x25 (/usr/lib/x86_64-linux-gnu/libc.so.6)
	    5d3e640e3873 <quick_xml::name::NamespaceResolver>::resolve_prefix+0x93 (/tmp/litchi-goal-0458/litchi-perf-baseline)
	    5d3e62dd3a67 litchi_odp::model::declaration::element_is+0x77 (/tmp/litchi-goal-0458/litchi-perf-baseline)

litchi-perf-bas 4074627 353194.298363:   44877482 cycles:u: 
	    5d3e640e36db <quick_xml::name::NamespaceResolver>::resolve_event+0x13b (/tmp/litchi-goal-0458/litchi-perf-baseline)

litchi-perf-bas 4074627 353194.308467:   44938181 cycles:u: 
	    7bbd32fb2ca5 __memcmp_evex_movbe+0x25 (/usr/lib/x86_64-linux-gnu/libc.so.6)
	    5d3e640e3873 <quick_xml::name::NamespaceResolver>::resolve_prefix+0x93 (/tmp/litchi-goal-0458/litchi-perf-baseline)
	    5d3e640e3704 <quick_xml::name::NamespaceResolver>::resolve_event+0x164 (/tmp/litchi-goal-0458/litchi-perf-baseline)
	8000000000000039 [unknown] ([unknown])

litchi-perf-bas 4074627 353194.318626:   44935581 cycles:u: 
	    5d3e64014aa7 <quick_xml::reader::Reader<&[u8]>>::read_event_impl::<()>+0x6a7 (/tmp/litchi-goal-0458/litchi-perf-baseline)
	              53 [unknown] ([unknown])

litchi-perf-bas 4074627 353194.328703:   44769582 cycles:u: 
	    5d3e640d7df8 zlib_rs::deflate::compare256::avx2::compare256+0x8 (/tmp/litchi-goal-0458/litchi-perf-baseline)
	            7d36 [unknown] ([unknown])

litchi-perf-bas 4074627 353194.338805:   44848974 cycles:u: 
	    5d3e641724af core::str::converts::from_utf8+0x1cf (/tmp/litchi-goal-0458/litchi-perf-baseline)

litchi-perf-bas 4074627 353194.348946:   44876405 cycles:u: 
	    5d3e64119822 <memchr::arch::x86_64::avx2::memchr::Three>::find_raw_avx2+0x32 (/tmp/litchi-goal-0458/litchi-perf-baseline)
	2222222222222221 [unknown] ([unknown])

litchi-perf-bas 4074627 353194.359029:   44799067 cycles:u: 
	    5d3e62dcd82e <litchi_odp::codec::parser::codec::xml::validation::ElementAttrs>::get+0x8e (/tmp/litchi-goal-0458/litchi-perf-baseline)

litchi-perf-bas 4074627 353194.369134:   44884827 cycles:u: 
	    7bbd32fbc2d3 __memmove_avx512_unaligned_erms+0x13 (/usr/lib/x86_64-linux-gnu/libc.so.6)
	    5d3e62d1603a <litchi_odp::codec::parser::codec::Parser>::parse_pages_with_styles::<false>::{closure#0}+0x39fa (/tmp/litchi-goal-0458/litchi-perf-baseline)
	    5d3e62d273af <litchi_odp::codec::parser::codec::Parser>::parse_slides_with_styles+0xa4f (/tmp/litchi-goal-0458/litchi-perf-baseline)

litchi-perf-bas 4074627 353194.379254:   44929989 cycles:u: 
	    5d3e6411a05d memchr::arch::x86_64::memchr::memchr3_raw::find_avx2+0x4d (/tmp/litchi-goal-0458/litchi-perf-baseline)
	2727272727272726 [unknown] ([unknown])
	    5d3e63c9f33f <quick_xml::reader::Reader<&[u8]>>::read_event_impl::<()>+0x69f (/tmp/litchi-goal-0458/litchi-perf-baseline)
	               8 [unknown] ([unknown])

litchi-perf-bas 4074627 353194.389370:   44884765 cycles:u: 
	    5d3e640e1969 <quick_xml::events::attributes::Attribute>::decoded_and_normalized_value_with::<quick_xml::escape::resolve_predefined_entity>+0x139 (/tmp/litchi-goal-0458/litchi-perf-baseline)
	               6 [unknown] ([unknown])

litchi-perf-bas 4074627 353194.399463:   44865290 cycles:u: 
	    7bbd32fbc377 __memmove_avx512_unaligned_erms+0xb7 (/usr/lib/x86_64-linux-gnu/libc.so.6)
	    5d3e640e0afc <quick_xml::reader::state::ReaderState>::emit_start+0xdc (/tmp/litchi-goal-0458/litchi-perf-baseline)
	    5d3e640e3704 <quick_xml::name::NamespaceResolver>::resolve_event+0x164 (/tmp/litchi-goal-0458/litchi-perf-baseline)
	8000000000000000 [unknown] ([unknown])

litchi-perf-bas 4074627 353194.409595:   44900999 cycles:u: 
	    5d3e62dcdd50 <litchi_odp::codec::parser::codec::xml::validation::ElementAttrs>::lookup+0x60 (/tmp/litchi-goal-0458/litchi-perf-baseline)
	               6 [unknown] ([unknown])

litchi-perf-bas 4074627 353194.419679:   44828524 cycles:u: 
	    5d3e641722e0 core::str::converts::from_utf8+0x0 (/tmp/litchi-goal-0458/litchi-perf-baseline)

litchi-perf-bas 4074627 353194.429951:   44903235 cycles:u: 
	    5d3e62d994d7 <quick_xml::reader::ns_reader::NsReader<&[u8]>>::process_event+0x57 (/tmp/litchi-goal-0458/litchi-perf-baseline)
	e76d2aa697dceecb [unknown] ([unknown])

litchi-perf-bas 4074627 353194.439982:   44585090 cycles:u: 
	    5d3e62d821de <&[u8] as quick_xml::reader::XmlSource<&mut alloc::vec::Vec<u8>>>::read_with::<quick_xml::parser::element::ElementParser>+0xde (/tmp/litchi-goal-0458/litchi-perf-baseline)
	          348abe [unknown] ([unknown])

litchi-perf-bas 4074627 353194.450061:   44841469 cycles:u: 
	    5d3e62d9951f <quick_xml::reader::ns_reader::NsReader<&[u8]>>::process_event+0x9f (/tmp/litchi-goal-0458/litchi-perf-baseline)
	e76d2aa697dceecb [unknown] ([unknown])

litchi-perf-bas 4074627 353194.460187:   44923738 cycles:u: 
	    5d3e62d99530 <quick_xml::reader::ns_reader::NsReader<&[u8]>>::process_event+0xb0 (/tmp/litchi-goal-0458/litchi-perf-baseline)

litchi-perf-bas 4074627 353194.470370:   44896204 cycles:u: 
	    5d3e64014a96 <quick_xml::reader::Reader<&[u8]>>::read_event_impl::<()>+0x696 (/tmp/litchi-goal-0458/litchi-perf-baseline)
	              53 [unknown] ([unknown])

litchi-perf-bas 4074627 353194.480423:   44611914 cycles:u: 
	    5d3e640cafb7 zlib_rs::deflate::slide_hash::avx2::slide_hash_chain+0x47 (/tmp/litchi-goal-0458/litchi-perf-baseline)

litchi-perf-bas 4074627 353194.490519:   44777881 cycles:u: 
	    5d3e62e12fb2 <litchi_odp::codec::parser::model::ParagraphText>::push_text+0x42 (/tmp/litchi-goal-0458/litchi-perf-baseline)
	2727272727272726 [unknown] ([unknown])

litchi-perf-bas 4074627 353194.500609:   44803306 cycles:u: 
	    5d3e6411a091 memchr::arch::x86_64::memchr::memchr3_raw::find_avx2+0x81 (/tmp/litchi-goal-0458/litchi-perf-baseline)
	3e3e3e3e3e3e3e3d [unknown] ([unknown])
	    5d3e62d821d6 <&[u8] as quick_xml::reader::XmlSource<&mut alloc::vec::Vec<u8>>>::read_with::<quick_xml::parser::element::ElementParser>+0xd6 (/tmp/litchi-goal-0458/litchi-perf-baseline)
	          1f507b [unknown] ([unknown])

litchi-perf-bas 4074627 353194.510744:   44832328 cycles:u: 
	    5d3e62dcd949 <litchi_odp::codec::parser::codec::xml::validation::ElementAttrs>::get+0x1a9 (/tmp/litchi-goal-0458/litchi-perf-baseline)
	    5d3e62d96d83 <alloc::raw_vec::RawVecInner<_>>::reserve::do_reserve_and_handle::<alloc::alloc::Global>+0x63 (/tmp/litchi-goal-0458/litchi-perf-baseline)
	               7 [unknown] ([unknown])

litchi-perf-bas 4074627 353194.520800:   44721108 cycles:u: 
	    5d3e640e37e0 <quick_xml::name::NamespaceResolver>::resolve_prefix+0x0 (/tmp/litchi-goal-0458/litchi-perf-baseline)
	               2 [unknown] ([unknown])

litchi-perf-bas 4074627 353194.530906:   44873591 cycles:u: 
	    5d3e63c9f37b <quick_xml::reader::Reader<&[u8]>>::read_event_impl::<()>+0x6db (/tmp/litchi-goal-0458/litchi-perf-baseline)
	               5 [unknown] ([unknown])

litchi-perf-bas 4074627 353194.541054:   44883182 cycles:u: 
	    7bbd32fb2ca5 __memcmp_evex_movbe+0x25 (/usr/lib/x86_64-linux-gnu/libc.so.6)
	    5d3e640e0e4c <quick_xml::reader::state::ReaderState>::emit_end+0xdc (/tmp/litchi-goal-0458/litchi-perf-baseline)

litchi-perf-bas 4074627 353194.551157:   44766450 cycles:u: 
	    5d3e62d821de <&[u8] as quick_xml::reader::XmlSource<&mut alloc::vec::Vec<u8>>>::read_with::<quick_xml::parser::element::ElementParser>+0xde (/tmp/litchi-goal-0458/litchi-perf-baseline)
	          1cca97 [unknown] ([unknown])

litchi-perf-bas 4074627 353194.561242:   44823317 cycles:u: 
	    7bbd32ebaf47 _int_malloc+0x437 (/usr/lib/x86_64-linux-gnu/libc.so.6)
	    7bbd32ebc52e __libc_malloc2+0x11e (/usr/lib/x86_64-linux-gnu/libc.so.6)
	    5d3e62d9933c <alloc::raw_vec::RawVecInner>::finish_grow+0x7c (/tmp/litchi-goal-0458/litchi-perf-baseline)

litchi-perf-bas 4074627 353194.571338:   44891691 cycles:u: 
	    5d3e61f84100 __rustc::__rust_alloc+0x0 (/tmp/litchi-goal-0458/litchi-perf-baseline)

litchi-perf-bas 4074627 353194.581449:   44933156 cycles:u: 
	    5d3e640e3851 <quick_xml::name::NamespaceResolver>::resolve_prefix+0x71 (/tmp/litchi-goal-0458/litchi-perf-baseline)
	    5d3e62dd3a67 litchi_odp::model::declaration::element_is+0x77 (/tmp/litchi-goal-0458/litchi-perf-baseline)

litchi-perf-bas 4074627 353194.591560:   44925361 cycles:u: 
	    7bbd32fb2ca5 __memcmp_evex_movbe+0x25 (/usr/lib/x86_64-linux-gnu/libc.so.6)
	    5d3e640e0e4c <quick_xml::reader::state::ReaderState>::emit_end+0xdc (/tmp/litchi-goal-0458/litchi-perf-baseline)

litchi-perf-bas 4074627 353194.601713:   44901736 cycles:u: 
	    5d3e62d994d7 <quick_xml::reader::ns_reader::NsReader<&[u8]>>::process_event+0x57 (/tmp/litchi-goal-0458/litchi-perf-baseline)
	 e19caa5e5a987cf [unknown] ([unknown])

litchi-perf-bas 4074627 353194.611784:   44761901 cycles:u: 
	    5d3e62d864de <litchi_odp::codec::content_source::scanner::Scanner>::run+0x9e (/tmp/litchi-goal-0458/litchi-perf-baseline)

litchi-perf-bas 4074627 353194.621897:   44870844 cycles:u: 
	    7bbd32fbc2d3 __memmove_avx512_unaligned_erms+0x13 (/usr/lib/x86_64-linux-gnu/libc.so.6)
	    5d3e62df2522 <litchi_odp::authoring::mutable::MutablePresentation>::to_bytes_bounded+0x1272 (/tmp/litchi-goal-0458/litchi-perf-baseline)
	    5d3e62d3d670 <litchi_odp::authoring::edit::Transaction>::commit+0x2c0 (/tmp/litchi-goal-0458/litchi-perf-baseline)

litchi-perf-bas 4074627 353194.632025:   44880028 cycles:u: 
	    5d3e6401267f xml_minifier::audit::verify_with_policy+0x1bf (/tmp/litchi-goal-0458/litchi-perf-baseline)
	               a [unknown] ([unknown])

litchi-perf-bas 4074627 353194.642155:   44828411 cycles:u: 
	    5d3e641197f3 <memchr::arch::x86_64::avx2::memchr::Three>::find_raw_avx2+0x3 (/tmp/litchi-goal-0458/litchi-perf-baseline)
	2222222222222221 [unknown] ([unknown])

litchi-perf-bas 4074627 353194.652255:   44830613 cycles:u: 
	    7bbd32fbc363 __memmove_avx512_unaligned_erms+0xa3 (/usr/lib/x86_64-linux-gnu/libc.so.6)
	    7bbd32ebcacf _int_realloc+0x1df (/usr/lib/x86_64-linux-gnu/libc.so.6)
	    7bbd32ebe0ce realloc+0x1ae (/usr/lib/x86_64-linux-gnu/libc.so.6)
	    5d3e62d9931e <alloc::raw_vec::RawVecInner>::finish_grow+0x5e (/tmp/litchi-goal-0458/litchi-perf-baseline)
	fffffffffffffffe [unknown] ([unknown])

litchi-perf-bas 4074627 353194.662387:   44836866 cycles:u: 
	    5d3e62d2ea54 <litchi_odp::codec::parser::codec::Parser>::shape_builder+0x304 (/tmp/litchi-goal-0458/litchi-perf-baseline)
	    5d3e62d96d83 <alloc::raw_vec::RawVecInner<_>>::reserve::do_reserve_and_handle::<alloc::alloc::Global>+0x63 (/tmp/litchi-goal-0458/litchi-perf-baseline)
	               e [unknown] ([unknown])

litchi-perf-bas 4074627 353194.672447:   44718198 cycles:u: 
	    5d3e62d2dcd6 <litchi_odp::codec::parser::codec::Parser>::finish_shape+0x3e6 (/tmp/litchi-goal-0458/litchi-perf-baseline)

litchi-perf-bas 4074627 353194.682543:   44857508 cycles:u: 
	    5d3e640bd0ac crc32fast::specialized::pclmulqdq::calculate+0x9c (/tmp/litchi-goal-0458/litchi-perf-baseline)

litchi-perf-bas 4074627 353194.692674:   44921761 cycles:u: 
	    5d3e64172354 core::str::converts::from_utf8+0x74 (/tmp/litchi-goal-0458/litchi-perf-baseline)

litchi-perf-bas 4074627 353194.702777:   44848101 cycles:u: 
	    5d3e62d2f46d <litchi_odp::codec::parser::codec::Parser>::shape_builder+0xd1d (/tmp/litchi-goal-0458/litchi-perf-baseline)
	    5d3e62d96d83 <alloc::raw_vec::RawVecInner<_>>::reserve::do_reserve_and_handle::<alloc::alloc::Global>+0x63 (/tmp/litchi-goal-0458/litchi-perf-baseline)
	               e [unknown] ([unknown])

litchi-perf-bas 4074627 353194.712867:   44862939 cycles:u: 
	    5d3e640e3719 <quick_xml::name::NamespaceResolver>::resolve_event+0x179 (/tmp/litchi-goal-0458/litchi-perf-baseline)

litchi-perf-bas 4074627 353194.722968:   44902625 cycles:u: 
	    5d3e62ddd369 <quick_xml::events::attributes::Attributes as core::iter::traits::iterator::Iterator>::next+0x39 (/tmp/litchi-goal-0458/litchi-perf-baseline)

litchi-perf-bas 4074627 353194.733066:   44931937 cycles:u: 
	    7bbd32fbc2d3 __memmove_avx512_unaligned_erms+0x13 (/usr/lib/x86_64-linux-gnu/libc.so.6)
	    5d3e62d27de2 <litchi_odp::codec::parser::codec::Parser>::parse_slides_with_styles+0x1482 (/tmp/litchi-goal-0458/litchi-perf-baseline)
	    5d3e62d3a982 <litchi_odp::authoring::edit::Snapshot>::from_owned_package+0x232 (/tmp/litchi-goal-0458/litchi-perf-baseline)
	          ffffff [unknown] ([unknown])

litchi-perf-bas 4074627 353194.743360:   44958719 cycles:u: 
	    5d3e640e1eb0 <quick_xml::events::attributes::IterState>::next+0x20 (/tmp/litchi-goal-0458/litchi-perf-baseline)

litchi-perf-bas 4074627 353194.753403:   44645757 cycles:u: 
	    5d3e640e383b <quick_xml::name::NamespaceResolver>::resolve_prefix+0x5b (/tmp/litchi-goal-0458/litchi-perf-baseline)
	    5d3e62e1aae3 litchi_odp::model::page_metadata::parse_page+0x1b3 (/tmp/litchi-goal-0458/litchi-perf-baseline)
	               7 [unknown] ([unknown])

litchi-perf-bas 4074627 353194.763491:   44856258 cycles:u: 
	    5d3e640e1a50 <quick_xml::events::attributes::IterState>::check_for_duplicates+0x0 (/tmp/litchi-goal-0458/litchi-perf-baseline)

litchi-perf-bas 4074627 353194.773593:   44916988 cycles:u: 
	    5d3e62dffedb <core::iter::adapters::map::Map<core::ops::range::Range<usize>, litchi_odp::model::page_metadata::effective_page_names::{closure#0}> as core::iter::traits::iterator::Iterator>::try_fold::<(), <core::iter::adapters::GenericShunt<core::iter::adapters::map::Map<core::ops::range::Range<usize>, litchi_odp::model::page_metadata::effective_page_names::{closure#0}>, core::result::Result<core::convert::Infallible, litchi_core::error::types::Error>> as core::iter::traits::iterator::Iterator>::try_fold<(), core::iter::traits::iterator::Iterator::try_for_each::call<alloc::string::String, core::ops::control_flow::ControlFlow<alloc::string::String>, core::ops::control_flow::ControlFlow<alloc::string::String>::Break>::{closure#0}, core::ops::control_flow::ControlFlow<alloc::string::String>>::{closure#0}, core::ops::control_flow::ControlFlow<core::ops::control_flow::ControlFlow<alloc::string::String>>>+0xfb (/tmp/litchi-goal-0458/litchi-perf-baseline)

litchi-perf-bas 4074627 353194.783747:   44922252 cycles:u: 
	    5d3e640e1b7d <quick_xml::events::attributes::IterState>::check_for_duplicates+0x12d (/tmp/litchi-goal-0458/litchi-perf-baseline)

litchi-perf-bas 4074627 353194.793867:   44783323 cycles:u: 
	    5d3e640dada8 zlib_rs::deflate::longest_match::longest_match+0x1a8 (/tmp/litchi-goal-0458/litchi-perf-baseline)
	            3fff [unknown] ([unknown])

litchi-perf-bas 4074627 353194.803957:   44751756 cycles:u: 
	    5d3e640e1896 <quick_xml::events::attributes::Attribute>::decoded_and_normalized_value_with::<quick_xml::escape::resolve_predefined_entity>+0x66 (/tmp/litchi-goal-0458/litchi-perf-baseline)
	               6 [unknown] ([unknown])

litchi-perf-bas 4074627 353194.814043:   44807176 cycles:u: 
	    5d3e640e743c <quick_xml::encoding::Decoder>::decode_cow+0x5c (/tmp/litchi-goal-0458/litchi-perf-baseline)
	    5d3e640e64bc <quick_xml::events::BytesRef>::resolve_char_ref+0x1c (/tmp/litchi-goal-0458/litchi-perf-baseline)
	               8 [unknown] ([unknown])
	7fffffffffffffff [unknown] ([unknown])

litchi-perf-bas 4074627 353194.824148:   44871884 cycles:u: 
	    5d3e641722e2 core::str::converts::from_utf8+0x2 (/tmp/litchi-goal-0458/litchi-perf-baseline)
	7fffffffffffffff [unknown] ([unknown])

litchi-perf-bas 4074627 353194.834256:   44922710 cycles:u: 
	    5d3e640e2287 <quick_xml::events::attributes::IterState>::next+0x3f7 (/tmp/litchi-goal-0458/litchi-perf-baseline)

litchi-perf-bas 4074627 353194.844372:   44914302 cycles:u: 
	    5d3e63b96186 litchi_odf_common::package::edit::xml_splice_publication+0x1d6 (/tmp/litchi-goal-0458/litchi-perf-baseline)

litchi-perf-bas 4074627 353194.854542:   44886706 cycles:u: 
	    5d3e62dcd9db <litchi_odp::codec::parser::codec::xml::validation::ElementAttrs>::get+0x23b (/tmp/litchi-goal-0458/litchi-perf-baseline)
	    5d3e62d96d83 <alloc::raw_vec::RawVecInner<_>>::reserve::do_reserve_and_handle::<alloc::alloc::Global>+0x63 (/tmp/litchi-goal-0458/litchi-perf-baseline)
	               7 [unknown] ([unknown])

litchi-perf-bas 4074627 353194.864590:   44657388 cycles:u: 
	    5d3e640e1969 <quick_xml::events::attributes::Attribute>::decoded_and_normalized_value_with::<quick_xml::escape::resolve_predefined_entity>+0x139 (/tmp/litchi-goal-0458/litchi-perf-baseline)
	3a3a3a3a3a3a3a39 [unknown] ([unknown])

litchi-perf-bas 4074627 353194.874675:   44838561 cycles:u: 
	    5d3e62dcd949 <litchi_odp::codec::parser::codec::xml::validation::ElementAttrs>::get+0x1a9 (/tmp/litchi-goal-0458/litchi-perf-baseline)
	    5d3e62d96d83 <alloc::raw_vec::RawVecInner<_>>::reserve::do_reserve_and_handle::<alloc::alloc::Global>+0x63 (/tmp/litchi-goal-0458/litchi-perf-baseline)
	               7 [unknown] ([unknown])

litchi-perf-bas 4074627 353194.884784:   44915929 cycles:u: 
	    7bbd32fbc2d3 __memmove_avx512_unaligned_erms+0x13 (/usr/lib/x86_64-linux-gnu/libc.so.6)
	    5d3e62d1603a <litchi_odp::codec::parser::codec::Parser>::parse_pages_with_styles::<false>::{closure#0}+0x39fa (/tmp/litchi-goal-0458/litchi-perf-baseline)
	    5d3e62d273af <litchi_odp::codec::parser::codec::Parser>::parse_slides_with_styles+0xa4f (/tmp/litchi-goal-0458/litchi-perf-baseline)

litchi-perf-bas 4074627 353194.894902:   44905736 cycles:u: 
	    5d3e640e3876 <quick_xml::name::NamespaceResolver>::resolve_prefix+0x96 (/tmp/litchi-goal-0458/litchi-perf-baseline)
	    5d3e62dd3a67 litchi_odp::model::declaration::element_is+0x77 (/tmp/litchi-goal-0458/litchi-perf-baseline)

litchi-perf-bas 4074627 353194.905001:   44874605 cycles:u: 
	    5d3e62d821de <&[u8] as quick_xml::reader::XmlSource<&mut alloc::vec::Vec<u8>>>::read_with::<quick_xml::parser::element::ElementParser>+0xde (/tmp/litchi-goal-0458/litchi-perf-baseline)
	          397905 [unknown] ([unknown])

litchi-perf-bas 4074627 353194.915109:   44887104 cycles:u: 
	    5d3e640e1fdd <quick_xml::events::attributes::IterState>::next+0x14d (/tmp/litchi-goal-0458/litchi-perf-baseline)

litchi-perf-bas 4074627 353194.925212:   44932320 cycles:u: 
	    5d3e64119d80 memchr::arch::x86_64::memchr::memchr2_raw::find_avx2+0x0 (/tmp/litchi-goal-0458/litchi-perf-baseline)

litchi-perf-bas 4074627 353194.935372:   44936268 cycles:u: 
	    5d3e64119814 <memchr::arch::x86_64::avx2::memchr::Three>::find_raw_avx2+0x24 (/tmp/litchi-goal-0458/litchi-perf-baseline)
	2222222222222221 [unknown] ([unknown])

litchi-perf-bas 4074627 353194.945498:   44750583 cycles:u: 
	    5d3e640d9081 zlib_rs::deflate::algorithm::medium::deflate_medium+0xc31 (/tmp/litchi-goal-0458/litchi-perf-baseline)

litchi-perf-bas 4074627 353194.955561:   44591376 cycles:u: 
	    5d3e62d2f46d <litchi_odp::codec::parser::codec::Parser>::shape_builder+0xd1d (/tmp/litchi-goal-0458/litchi-perf-baseline)
	    5d3e62d96d83 <alloc::raw_vec::RawVecInner<_>>::reserve::do_reserve_and_handle::<alloc::alloc::Global>+0x63 (/tmp/litchi-goal-0458/litchi-perf-baseline)
	    7bbd32ebe0ce realloc+0x1ae (/usr/lib/x86_64-linux-gnu/libc.so.6)
	    5d3e62d9931e <alloc::raw_vec::RawVecInner>::finish_grow+0x5e (/tmp/litchi-goal-0458/litchi-perf-baseline)
	fffffffffffffffe [unknown] ([unknown])

litchi-perf-bas 4074627 353194.965636:   44726122 cycles:u: 
	    5d3e62d2f2a6 <litchi_odp::codec::parser::codec::Parser>::shape_builder+0xb56 (/tmp/litchi-goal-0458/litchi-perf-baseline)
	    5d3e62d96d83 <alloc::raw_vec::RawVecInner<_>>::reserve::do_reserve_and_handle::<alloc::alloc::Global>+0x63 (/tmp/litchi-goal-0458/litchi-perf-baseline)
	               e [unknown] ([unknown])

litchi-perf-bas 4074627 353194.975723:   44826769 cycles:u: 
	    5d3e62e1325a <litchi_odp::codec::parser::model::ParagraphText>::push_text+0x2ea (/tmp/litchi-goal-0458/litchi-perf-baseline)
	    5d3e62dcdd24 <litchi_odp::codec::parser::codec::xml::validation::ElementAttrs>::lookup+0x34 (/tmp/litchi-goal-0458/litchi-perf-baseline)
	               e [unknown] ([unknown])

litchi-perf-bas 4074627 353194.985827:   44890460 cycles:u: 
	    5d3e62dcdd50 <litchi_odp::codec::parser::codec::xml::validation::ElementAttrs>::lookup+0x60 (/tmp/litchi-goal-0458/litchi-perf-baseline)
	               6 [unknown] ([unknown])

litchi-perf-bas 4074627 353194.995941:   44888027 cycles:u: 
	    5d3e641197f3 <memchr::arch::x86_64::avx2::memchr::Three>::find_raw_avx2+0x3 (/tmp/litchi-goal-0458/litchi-perf-baseline)
	2222222222222221 [unknown] ([unknown])

litchi-perf-bas 4074627 353195.006056:   44852106 cycles:u: 
	    7bbd32fb2c80 __memcmp_evex_movbe+0x0 (/usr/lib/x86_64-linux-gnu/libc.so.6)
	    5d3e640e3873 <quick_xml::name::NamespaceResolver>::resolve_prefix+0x93 (/tmp/litchi-goal-0458/litchi-perf-baseline)
	    5d3e640e3704 <quick_xml::name::NamespaceResolver>::resolve_event+0x164 (/tmp/litchi-goal-0458/litchi-perf-baseline)
	8000000000000000 [unknown] ([unknown])

litchi-perf-bas 4074627 353195.016172:   44821357 cycles:u: 
	    5d3e62e1314f <litchi_odp::codec::parser::model::ParagraphText>::push_text+0x1df (/tmp/litchi-goal-0458/litchi-perf-baseline)
	2727272727272726 [unknown] ([unknown])

litchi-perf-bas 4074627 353195.026262:   44837881 cycles:u: 
	    5d3e62dcd949 <litchi_odp::codec::parser::codec::xml::validation::ElementAttrs>::get+0x1a9 (/tmp/litchi-goal-0458/litchi-perf-baseline)
	    5d3e62d96d83 <alloc::raw_vec::RawVecInner<_>>::reserve::do_reserve_and_handle::<alloc::alloc::Global>+0x63 (/tmp/litchi-goal-0458/litchi-perf-baseline)
	               7 [unknown] ([unknown])

litchi-perf-bas 4074627 353195.036360:   44904798 cycles:u: 
	    5d3e640e1eb0 <quick_xml::events::attributes::IterState>::next+0x20 (/tmp/litchi-goal-0458/litchi-perf-baseline)

litchi-perf-bas 4074627 353195.046478:   44917746 cycles:u: 
	    5d3e640e386e <quick_xml::name::NamespaceResolver>::resolve_prefix+0x8e (/tmp/litchi-goal-0458/litchi-perf-baseline)
	    5d3e62dd3a67 litchi_odp::model::declaration::element_is+0x77 (/tmp/litchi-goal-0458/litchi-perf-baseline)

litchi-perf-bas 4074627 353195.056732:   44883886 cycles:u: 
	    5d3e62d994d7 <quick_xml::reader::ns_reader::NsReader<&[u8]>>::process_event+0x57 (/tmp/litchi-goal-0458/litchi-perf-baseline)
	e764308e97dceecb [unknown] ([unknown])

litchi-perf-bas 4074627 353195.066760:   44598387 cycles:u: 
	    7bbd32fb2ca5 __memcmp_evex_movbe+0x25 (/usr/lib/x86_64-linux-gnu/libc.so.6)
	    5d3e640e0e4c <quick_xml::reader::state::ReaderState>::emit_end+0xdc (/tmp/litchi-goal-0458/litchi-perf-baseline)

litchi-perf-bas 4074627 353195.076862:   44863056 cycles:u: 
	    5d3e62d7f2d8 <quick_xml::reader::Reader<&[u8]>>::read_event_impl::<()>+0x438 (/tmp/litchi-goal-0458/litchi-perf-baseline)
	              1a [unknown] ([unknown])

litchi-perf-bas 4074627 353195.087006:   44880263 cycles:u: 
	    5d3e6401270c xml_minifier::audit::verify_with_policy+0x24c (/tmp/litchi-goal-0458/litchi-perf-baseline)
	               4 [unknown] ([unknown])

litchi-perf-bas 4074627 353195.097129:   44869750 cycles:u: 
	    5d3e640dada8 zlib_rs::deflate::longest_match::longest_match+0x1a8 (/tmp/litchi-goal-0458/litchi-perf-baseline)
	            3fff [unknown] ([unknown])

litchi-perf-bas 4074627 353195.107236:   44831247 cycles:u: 
	    5d3e62d994d7 <quick_xml::reader::ns_reader::NsReader<&[u8]>>::process_event+0x57 (/tmp/litchi-goal-0458/litchi-perf-baseline)
	              ff [unknown] ([unknown])

litchi-perf-bas 4074627 353195.117326:   44810936 cycles:u: 
	    5d3e6411957e <memchr::arch::x86_64::avx2::memchr::Two>::find_raw_avx2+0xe (/tmp/litchi-goal-0458/litchi-perf-baseline)
	3a3a3a3a3a3a3a39 [unknown] ([unknown])

litchi-perf-bas 4074627 353195.127416:   44855507 cycles:u: 
	    5d3e62dcdd04 <litchi_odp::codec::parser::codec::xml::validation::ElementAttrs>::lookup+0x14 (/tmp/litchi-goal-0458/litchi-perf-baseline)
	               7 [unknown] ([unknown])

litchi-perf-bas 4074627 353195.137518:   44901049 cycles:u: 
	    5d3e641724a7 core::str::converts::from_utf8+0x1c7 (/tmp/litchi-goal-0458/litchi-perf-baseline)

litchi-perf-bas 4074627 353195.147637:   44907025 cycles:u: 
	    7bbd32fbcbdc __memset_avx512_unaligned_erms+0x9c (/usr/lib/x86_64-linux-gnu/libc.so.6)
	    5d3e63b9939b <core::io::util::Take<soapberry_zip::archive::ZipVerifier<&mut soapberry_zip::accounting::CountingReader<&mut flate2::deflate::read::DeflateDecoder<soapberry_zip::accounting::CountingReader<soapberry_zip::archive::ZipReader<&alloc::sync::Arc<alloc::vec::Vec<u8>>>>>>, &alloc::sync::Arc<alloc::vec::Vec<u8>>>> as std::io::Read>::read_buf+0x8b (/tmp/litchi-goal-0458/litchi-perf-baseline)

litchi-perf-bas 4074627 353195.157758:   44881720 cycles:u: 
	    7bbd32ebae59 _int_malloc+0x349 (/usr/lib/x86_64-linux-gnu/libc.so.6)
	    7bbd32ebc52e __libc_malloc2+0x11e (/usr/lib/x86_64-linux-gnu/libc.so.6)
	    5d3e62d1faea <litchi_odp::codec::parser::codec::Parser>::decode_text+0xea (/tmp/litchi-goal-0458/litchi-perf-baseline)
	fffffffffffffffe [unknown] ([unknown])
	7fffffffffffffff [unknown] ([unknown])

litchi-perf-bas 4074627 353195.167851:   44826828 cycles:u: 
	    7bbd32fb2cd1 __memcmp_evex_movbe+0x51 (/usr/lib/x86_64-linux-gnu/libc.so.6)
	    5d3e62dcd15f <litchi_odp::codec::parser::codec::xml::validation::ElementAttrs>::harvest_drawing_attribute+0xcf (/tmp/litchi-goal-0458/litchi-perf-baseline)

litchi-perf-bas 4074627 353195.177993:   44867531 cycles:u: 
	    7bbd32ebb5ee _int_malloc+0xade (/usr/lib/x86_64-linux-gnu/libc.so.6)
	    7bbd32ebc52e __libc_malloc2+0x11e (/usr/lib/x86_64-linux-gnu/libc.so.6)
	    5d3e62d9933c <alloc::raw_vec::RawVecInner>::finish_grow+0x7c (/tmp/litchi-goal-0458/litchi-perf-baseline)
	    5d3e62dcd990 <litchi_odp::codec::parser::codec::xml::validation::ElementAttrs>::get+0x1f0 (/tmp/litchi-goal-0458/litchi-perf-baseline)
	3a3a3a3a3a3a3a39 [unknown] ([unknown])

litchi-perf-bas 4074627 353195.188088:   44773785 cycles:u: 
	    5d3e62ddd3f8 <quick_xml::events::attributes::Attributes as core::iter::traits::iterator::Iterator>::next+0xc8 (/tmp/litchi-goal-0458/litchi-perf-baseline)
	              30 [unknown] ([unknown])

litchi-perf-bas 4074627 353195.198184:   44855164 cycles:u: 
	    7bbd32fbc4c6 __memmove_avx512_unaligned_erms+0x206 (/usr/lib/x86_64-linux-gnu/libc.so.6)
	    5d3e63c1f770 <litchi_odf_common::core::xml::part::XmlPart>::from_bytes+0x130 (/tmp/litchi-goal-0458/litchi-perf-baseline)

litchi-perf-bas 4074627 353195.208305:   44909633 cycles:u: 
	    7bbd32fb2cb7 __memcmp_evex_movbe+0x37 (/usr/lib/x86_64-linux-gnu/libc.so.6)
	    5d3e640e3873 <quick_xml::name::NamespaceResolver>::resolve_prefix+0x93 (/tmp/litchi-goal-0458/litchi-perf-baseline)
	    5d3e62dd3a67 litchi_odp::model::declaration::element_is+0x77 (/tmp/litchi-goal-0458/litchi-perf-baseline)

litchi-perf-bas 4074627 353195.218392:   44853130 cycles:u: 
	    5d3e640e3854 <quick_xml::name::NamespaceResolver>::resolve_prefix+0x74 (/tmp/litchi-goal-0458/litchi-perf-baseline)
	    5d3e62dd3c6d litchi_odp::model::declaration::parse_binding+0x16d (/tmp/litchi-goal-0458/litchi-perf-baseline)

litchi-perf-bas 4074627 353195.228492:   44927781 cycles:u: 
	    5d3e62d7f55b <quick_xml::reader::Reader<&[u8]>>::read_event_impl::<()>+0x6bb (/tmp/litchi-goal-0458/litchi-perf-baseline)
	              53 [unknown] ([unknown])

litchi-perf-bas 4074627 353195.238636:   44935230 cycles:u: 
	    5d3e62dfff1f <core::iter::adapters::map::Map<core::ops::range::Range<usize>, litchi_odp::model::page_metadata::effective_page_names::{closure#0}> as core::iter::traits::iterator::Iterator>::try_fold::<(), <core::iter::adapters::GenericShunt<core::iter::adapters::map::Map<core::ops::range::Range<usize>, litchi_odp::model::page_metadata::effective_page_names::{closure#0}>, core::result::Result<core::convert::Infallible, litchi_core::error::types::Error>> as core::iter::traits::iterator::Iterator>::try_fold<(), core::iter::traits::iterator::Iterator::try_for_each::call<alloc::string::String, core::ops::control_flow::ControlFlow<alloc::string::String>, core::ops::control_flow::ControlFlow<alloc::string::String>::Break>::{closure#0}, core::ops::control_flow::ControlFlow<alloc::string::String>>::{closure#0}, core::ops::control_flow::ControlFlow<core::ops::control_flow::ControlFlow<alloc::string::String>>>+0x13f (/tmp/litchi-goal-0458/litchi-perf-baseline)

litchi-perf-bas 4074627 353195.248751:   44787633 cycles:u: 
	    5d3e6401270c xml_minifier::audit::verify_with_policy+0x24c (/tmp/litchi-goal-0458/litchi-perf-baseline)
	               3 [unknown] ([unknown])

litchi-perf-bas 4074627 353195.258842:   44783373 cycles:u: 
	    5d3e640d6243 zlib_rs::deflate::gen_codes+0x183 (/tmp/litchi-goal-0458/litchi-perf-baseline)

litchi-perf-bas 4074627 353195.268958:   44848743 cycles:u: 
	    5d3e62d14396 <litchi_odp::codec::parser::codec::Parser>::parse_pages_with_styles::<false>::{closure#0}+0x1d56 (/tmp/litchi-goal-0458/litchi-perf-baseline)
	    5d3e62d273af <litchi_odp::codec::parser::codec::Parser>::parse_slides_with_styles+0xa4f (/tmp/litchi-goal-0458/litchi-perf-baseline)

litchi-perf-bas 4074627 353195.279043:   44806112 cycles:u: 
	    5d3e640e1fd1 <quick_xml::events::attributes::IterState>::next+0x141 (/tmp/litchi-goal-0458/litchi-perf-baseline)

litchi-perf-bas 4074627 353195.289154:   44890778 cycles:u: 
	    5d3e62d2f57e <litchi_odp::codec::parser::codec::Parser>::shape_builder+0xe2e (/tmp/litchi-goal-0458/litchi-perf-baseline)
	    5d3e62d96d83 <alloc::raw_vec::RawVecInner<_>>::reserve::do_reserve_and_handle::<alloc::alloc::Global>+0x63 (/tmp/litchi-goal-0458/litchi-perf-baseline)
	              1f [unknown] ([unknown])

litchi-perf-bas 4074627 353195.299297:   44919858 cycles:u: 
	    5d3e62d96d46 <alloc::raw_vec::RawVecInner<_>>::reserve::do_reserve_and_handle::<alloc::alloc::Global>+0x26 (/tmp/litchi-goal-0458/litchi-perf-baseline)
	fffffffffffffffe [unknown] ([unknown])

litchi-perf-bas 4074627 353195.309424:   44919743 cycles:u: 
	    7bbd32ebaa47 _int_free_chunk+0x37 (/usr/lib/x86_64-linux-gnu/libc.so.6)
	    5d3e62d7156b core::ptr::drop_glue::<litchi_odp::model::slide::Slide>+0x2b (/tmp/litchi-goal-0458/litchi-perf-baseline)

litchi-perf-bas 4074627 353195.319525:   44808742 cycles:u: 
	    5d3e640e1969 <quick_xml::events::attributes::Attribute>::decoded_and_normalized_value_with::<quick_xml::escape::resolve_predefined_entity>+0x139 (/tmp/litchi-goal-0458/litchi-perf-baseline)
	3a3a3a3a3a3a3a39 [unknown] ([unknown])

litchi-perf-bas 4074627 353195.329611:   44830363 cycles:u: 
	    7bbd32fb2ca5 __memcmp_evex_movbe+0x25 (/usr/lib/x86_64-linux-gnu/libc.so.6)
	    5d3e640e3873 <quick_xml::name::NamespaceResolver>::resolve_prefix+0x93 (/tmp/litchi-goal-0458/litchi-perf-baseline)
	    5d3e640e36ca <quick_xml::name::NamespaceResolver>::resolve_event+0x12a (/tmp/litchi-goal-0458/litchi-perf-baseline)

litchi-perf-bas 4074627 353195.339710:   44890814 cycles:u: 
	    5d3e640e1fd1 <quick_xml::events::attributes::IterState>::next+0x141 (/tmp/litchi-goal-0458/litchi-perf-baseline)
	               3 [unknown] ([unknown])
	              1d [unknown] ([unknown])

litchi-perf-bas 4074627 353195.349806:   44918409 cycles:u: 
	    5d3e62d2f35e <litchi_odp::codec::parser::codec::Parser>::shape_builder+0xc0e (/tmp/litchi-goal-0458/litchi-perf-baseline)
	    5d3e62d96d83 <alloc::raw_vec::RawVecInner<_>>::reserve::do_reserve_and_handle::<alloc::alloc::Global>+0x63 (/tmp/litchi-goal-0458/litchi-perf-baseline)
	               e [unknown] ([unknown])

litchi-perf-bas 4074627 353195.359929:   44948450 cycles:u: 
	    5d3e640e3596 <quick_xml::name::QName>::decompose+0x56 (/tmp/litchi-goal-0458/litchi-perf-baseline)
	               3 [unknown] ([unknown])

litchi-perf-bas 4074627 353195.370197:   44902708 cycles:u: 
	    5d3e640e3596 <quick_xml::name::QName>::decompose+0x56 (/tmp/litchi-goal-0458/litchi-perf-baseline)
	               3 [unknown] ([unknown])

litchi-perf-bas 4074627 353195.380615:   46355174 cycles:u: 
	    5d3e6411a014 memchr::arch::x86_64::memchr::memchr3_raw::find_avx2+0x4 (/tmp/litchi-goal-0458/litchi-perf-baseline)
	           f3d13 [unknown] ([unknown])

litchi-perf-bas 4074627 353195.390802:   45308181 cycles:u: 
	    5d3e640e1fce <quick_xml::events::attributes::IterState>::next+0x13e (/tmp/litchi-goal-0458/litchi-perf-baseline)

litchi-perf-bas 4074627 353195.400982:   45041603 cycles:u: 
	    5d3e640e1b97 <quick_xml::events::attributes::IterState>::check_for_duplicates+0x147 (/tmp/litchi-goal-0458/litchi-perf-baseline)

litchi-perf-bas 4074627 353195.411089:   44797425 cycles:u: 
	    5d3e640dae31 zlib_rs::deflate::longest_match::longest_match+0x231 (/tmp/litchi-goal-0458/litchi-perf-baseline)
	            3fff [unknown] ([unknown])

litchi-perf-bas 4074627 353195.421198:   44850789 cycles:u: 
	    5d3e62dcc852 <litchi_odp::codec::parser::codec::xml::validation::ElementAttrs>::resolve_at_scan+0x62 (/tmp/litchi-goal-0458/litchi-perf-baseline)

litchi-perf-bas 4074627 353195.431340:   44840803 cycles:u: 
	    5d3e640e3719 <quick_xml::name::NamespaceResolver>::resolve_event+0x179 (/tmp/litchi-goal-0458/litchi-perf-baseline)

litchi-perf-bas 4074627 353195.441396:   44702322 cycles:u: 
	    5d3e62dcd623 <litchi_odp::codec::parser::codec::xml::validation::ElementAttrs>::harvest_drawing_attribute+0x593 (/tmp/litchi-goal-0458/litchi-perf-baseline)
	               7 [unknown] ([unknown])

litchi-perf-bas 4074627 353195.451484:   44857741 cycles:u: 
	    5d3e62d821f2 <&[u8] as quick_xml::reader::XmlSource<&mut alloc::vec::Vec<u8>>>::read_with::<quick_xml::parser::element::ElementParser>+0xf2 (/tmp/litchi-goal-0458/litchi-perf-baseline)
	          570e02 [unknown] ([unknown])

litchi-perf-bas 4074627 353195.461605:   44919266 cycles:u: 
	    5d3e63b96186 litchi_odf_common::package::edit::xml_splice_publication+0x1d6 (/tmp/litchi-goal-0458/litchi-perf-baseline)

litchi-perf-bas 4074627 353195.471717:   44863631 cycles:u: 
	    5d3e62d992d7 <alloc::raw_vec::RawVecInner>::finish_grow+0x17 (/tmp/litchi-goal-0458/litchi-perf-baseline)
	fffffffffffffffe [unknown] ([unknown])

litchi-perf-bas 4074627 353195.481816:   44858335 cycles:u: 
	    5d3e640e1b97 <quick_xml::events::attributes::IterState>::check_for_duplicates+0x147 (/tmp/litchi-goal-0458/litchi-perf-baseline)
	3e3e3e3e3e3e3e3d [unknown] ([unknown])

litchi-perf-bas 4074627 353195.491958:   44886443 cycles:u: 
	    5d3e641197fa <memchr::arch::x86_64::avx2::memchr::Three>::find_raw_avx2+0xa (/tmp/litchi-goal-0458/litchi-perf-baseline)
	2222222222222221 [unknown] ([unknown])

litchi-perf-bas 4074627 353195.502049:   44887660 cycles:u: 
	    5d3e62dcd188 <litchi_odp::codec::parser::codec::xml::validation::ElementAttrs>::harvest_drawing_attribute+0xf8 (/tmp/litchi-goal-0458/litchi-perf-baseline)

litchi-perf-bas 4074627 353195.512171:   44874897 cycles:u: 
	    7bbd32fb2ca5 __memcmp_evex_movbe+0x25 (/usr/lib/x86_64-linux-gnu/libc.so.6)
	    5d3e640e3873 <quick_xml::name::NamespaceResolver>::resolve_prefix+0x93 (/tmp/litchi-goal-0458/litchi-perf-baseline)
	    5d3e62dd3a67 litchi_odp::model::declaration::element_is+0x77 (/tmp/litchi-goal-0458/litchi-perf-baseline)

litchi-perf-bas 4074627 353195.522270:   44872887 cycles:u: 
	    5d3e62d99494 <quick_xml::reader::ns_reader::NsReader<&[u8]>>::process_event+0x14 (/tmp/litchi-goal-0458/litchi-perf-baseline)
	ec7822f88b99f612 [unknown] ([unknown])

litchi-perf-bas 4074627 353195.532363:   44893986 cycles:u: 
	    7bbd32fb2ca5 __memcmp_evex_movbe+0x25 (/usr/lib/x86_64-linux-gnu/libc.so.6)
	    5d3e640e3873 <quick_xml::name::NamespaceResolver>::resolve_prefix+0x93 (/tmp/litchi-goal-0458/litchi-perf-baseline)
	    5d3e62dd3a67 litchi_odp::model::declaration::element_is+0x77 (/tmp/litchi-goal-0458/litchi-perf-baseline)

litchi-perf-bas 4074627 353195.542470:   44929442 cycles:u: 
	    5d3e62d7f5d9 <quick_xml::reader::Reader<&[u8]>>::read_event_impl::<()>+0x739 (/tmp/litchi-goal-0458/litchi-perf-baseline)
	               2 [unknown] ([unknown])

litchi-perf-bas 4074627 353195.552625:   44933912 cycles:u: 
	    7bbd32ebcac3 _int_realloc+0x1d3 (/usr/lib/x86_64-linux-gnu/libc.so.6)
	    7bbd32ebe0ce realloc+0x1ae (/usr/lib/x86_64-linux-gnu/libc.so.6)
	    5d3e640e4e5e <alloc::raw_vec::RawVecInner>::finish_grow+0x5e (/tmp/litchi-goal-0458/litchi-perf-baseline)

litchi-perf-bas 4074627 353195.562740:   44739372 cycles:u: 
	    5d3e640dada8 zlib_rs::deflate::longest_match::longest_match+0x1a8 (/tmp/litchi-goal-0458/litchi-perf-baseline)
	            3fff [unknown] ([unknown])

litchi-perf-bas 4074627 353195.572831:   44747513 cycles:u: 
	    7bbd32fb2c80 __memcmp_evex_movbe+0x0 (/usr/lib/x86_64-linux-gnu/libc.so.6)
	    5d3e62dcd15f <litchi_odp::codec::parser::codec::xml::validation::ElementAttrs>::harvest_drawing_attribute+0xcf (/tmp/litchi-goal-0458/litchi-perf-baseline)

litchi-perf-bas 4074627 353195.582917:   44779614 cycles:u: 
	    7bbd32ebae89 _int_malloc+0x379 (/usr/lib/x86_64-linux-gnu/libc.so.6)
	    7bbd32ebc52e __libc_malloc2+0x11e (/usr/lib/x86_64-linux-gnu/libc.so.6)
	    5d3e62d9933c <alloc::raw_vec::RawVecInner>::finish_grow+0x7c (/tmp/litchi-goal-0458/litchi-perf-baseline)

litchi-perf-bas 4074627 353195.593007:   44856230 cycles:u: 
	    5d3e62d82145 <&[u8] as quick_xml::reader::XmlSource<&mut alloc::vec::Vec<u8>>>::read_with::<quick_xml::parser::element::ElementParser>+0x45 (/tmp/litchi-goal-0458/litchi-perf-baseline)

litchi-perf-bas 4074627 353195.603116:   44894825 cycles:u: 
	    5d3e6411a06c memchr::arch::x86_64::memchr::memchr3_raw::find_avx2+0x5c (/tmp/litchi-goal-0458/litchi-perf-baseline)
	2727272727272726 [unknown] ([unknown])
	    5d3e62d821d6 <&[u8] as quick_xml::reader::XmlSource<&mut alloc::vec::Vec<u8>>>::read_with::<quick_xml::parser::element::ElementParser>+0xd6 (/tmp/litchi-goal-0458/litchi-perf-baseline)
	          50f011 [unknown] ([unknown])

litchi-perf-bas 4074627 353195.613425:   44918717 cycles:u: 
	    5d3e6411a0a0 memchr::arch::x86_64::memchr::memchr3_raw::find_avx2+0x90 (/tmp/litchi-goal-0458/litchi-perf-baseline)
	    5d3e63c9f33f <quick_xml::reader::Reader<&[u8]>>::read_event_impl::<()>+0x69f (/tmp/litchi-goal-0458/litchi-perf-baseline)
	               5 [unknown] ([unknown])

litchi-perf-bas 4074627 353195.623421:   44237802 cycles:u: 
	    7bbd32eba3c1 _int_free_maybe_trim+0x11 (/usr/lib/x86_64-linux-gnu/libc.so.6)
	    7bbd32ebaa38 _int_free_chunk+0x28 (/usr/lib/x86_64-linux-gnu/libc.so.6)
	    7bbd32ebcae8 _int_realloc+0x1f8 (/usr/lib/x86_64-linux-gnu/libc.so.6)
	    7bbd32ebe0ce realloc+0x1ae (/usr/lib/x86_64-linux-gnu/libc.so.6)
	    5d3e640e4e5e <alloc::raw_vec::RawVecInner>::finish_grow+0x5e (/tmp/litchi-goal-0458/litchi-perf-baseline)

litchi-perf-bas 4074627 353195.633465:   44616578 cycles:u: 
	    7bbd32fbc4c6 __memmove_avx512_unaligned_erms+0x206 (/usr/lib/x86_64-linux-gnu/libc.so.6)
	    5d3e62d33c65 <alloc::vec::Vec<litchi_odp::codec::parser::model::ShapeBuilder>>::push_mut+0x35 (/tmp/litchi-goal-0458/litchi-perf-baseline)
	               5 [unknown] ([unknown])
	8000000000000000 [unknown] ([unknown])

litchi-perf-bas 4074627 353195.643548:   44822882 cycles:u: 
	    5d3e62e1314f <litchi_odp::codec::parser::model::ParagraphText>::push_text+0x1df (/tmp/litchi-goal-0458/litchi-perf-baseline)
	2727272727272726 [unknown] ([unknown])

litchi-perf-bas 4074627 353195.653643:   44891159 cycles:u: 
	    7bbd32fb2ca5 __memcmp_evex_movbe+0x25 (/usr/lib/x86_64-linux-gnu/libc.so.6)
	    5d3e640e0e4c <quick_xml::reader::state::ReaderState>::emit_end+0xdc (/tmp/litchi-goal-0458/litchi-perf-baseline)

litchi-perf-bas 4074627 353195.663762:   44923681 cycles:u: 
	    5d3e64119822 <memchr::arch::x86_64::avx2::memchr::Three>::find_raw_avx2+0x32 (/tmp/litchi-goal-0458/litchi-perf-baseline)
	3c3c3c3c3c3c3c3b [unknown] ([unknown])

litchi-perf-bas 4074627 353195.673867:   44875447 cycles:u: 
	    5d3e640e0a55 <quick_xml::reader::state::ReaderState>::emit_start+0x35 (/tmp/litchi-goal-0458/litchi-perf-baseline)
	               5 [unknown] ([unknown])

litchi-perf-bas 4074627 353195.684163:   44871200 cycles:u: 
	    7bbd32fb2cab __memcmp_evex_movbe+0x2b (/usr/lib/x86_64-linux-gnu/libc.so.6)
	    5d3e640e3873 <quick_xml::name::NamespaceResolver>::resolve_prefix+0x93 (/tmp/litchi-goal-0458/litchi-perf-baseline)
	    5d3e62e1a897 litchi_odp::model::page_metadata::element_is+0x77 (/tmp/litchi-goal-0458/litchi-perf-baseline)
	3a3a3a3a3a3a3a39 [unknown] ([unknown])

litchi-perf-bas 4074627 353195.694176:   44503071 cycles:u: 
	    7bbd32fb2c80 __memcmp_evex_movbe+0x0 (/usr/lib/x86_64-linux-gnu/libc.so.6)
	    5d3e640e3873 <quick_xml::name::NamespaceResolver>::resolve_prefix+0x93 (/tmp/litchi-goal-0458/litchi-perf-baseline)
	    5d3e640e36ca <quick_xml::name::NamespaceResolver>::resolve_event+0x12a (/tmp/litchi-goal-0458/litchi-perf-baseline)

litchi-perf-bas 4074627 353195.704285:   44821673 cycles:u: 
	    7bbd32fbc4c6 __memmove_avx512_unaligned_erms+0x206 (/usr/lib/x86_64-linux-gnu/libc.so.6)
	    5d3e62df3d2e <litchi_odp::authoring::mutable::MutablePresentation>::to_bytes_bounded+0x2a7e (/tmp/litchi-goal-0458/litchi-perf-baseline)
	    5d3e62d3d670 <litchi_odp::authoring::edit::Transaction>::commit+0x2c0 (/tmp/litchi-goal-0458/litchi-perf-baseline)

litchi-perf-bas 4074627 353195.714407:   44870378 cycles:u: 
	    5d3e640d918c zlib_rs::deflate::algorithm::medium::deflate_medium+0xd3c (/tmp/litchi-goal-0458/litchi-perf-baseline)

litchi-perf-bas 4074627 353195.724507:   44815497 cycles:u: 
	    5d3e640e3773 <quick_xml::name::NamespaceResolver>::resolve_event+0x1d3 (/tmp/litchi-goal-0458/litchi-perf-baseline)

litchi-perf-bas 4074627 353195.734602:   44828158 cycles:u: 
	    5d3e62d822ed <&[u8] as quick_xml::reader::XmlSource<&mut alloc::vec::Vec<u8>>>::read_with::<quick_xml::parser::element::ElementParser>+0x1ed (/tmp/litchi-goal-0458/litchi-perf-baseline)

litchi-perf-bas 4074627 353195.744693:   44866527 cycles:u: 
	    5d3e62dcdd47 <litchi_odp::codec::parser::codec::xml::validation::ElementAttrs>::lookup+0x57 (/tmp/litchi-goal-0458/litchi-perf-baseline)
	               4 [unknown] ([unknown])

litchi-perf-bas 4074627 353195.754832:   44909820 cycles:u: 
	    7bbd32fb2c84 __memcmp_evex_movbe+0x4 (/usr/lib/x86_64-linux-gnu/libc.so.6)
	    5d3e640e0e4c <quick_xml::reader::state::ReaderState>::emit_end+0xdc (/tmp/litchi-goal-0458/litchi-perf-baseline)

litchi-perf-bas 4074627 353195.764924:   44838209 cycles:u: 
	    5d3e640bd0a7 crc32fast::specialized::pclmulqdq::calculate+0x97 (/tmp/litchi-goal-0458/litchi-perf-baseline)

litchi-perf-bas 4074627 353195.775063:   44897001 cycles:u: 
	    5d3e62d2f57e <litchi_odp::codec::parser::codec::Parser>::shape_builder+0xe2e (/tmp/litchi-goal-0458/litchi-perf-baseline)
	    5d3e62d96d83 <alloc::raw_vec::RawVecInner<_>>::reserve::do_reserve_and_handle::<alloc::alloc::Global>+0x63 (/tmp/litchi-goal-0458/litchi-perf-baseline)
	    7bbd32ebe0ce realloc+0x1ae (/usr/lib/x86_64-linux-gnu/libc.so.6)
	    5d3e62d9931e <alloc::raw_vec::RawVecInner>::finish_grow+0x5e (/tmp/litchi-goal-0458/litchi-perf-baseline)
	fffffffffffffffe [unknown] ([unknown])

litchi-perf-bas 4074627 353195.785171:   44842270 cycles:u: 
	    5d3e62dcd949 <litchi_odp::codec::parser::codec::xml::validation::ElementAttrs>::get+0x1a9 (/tmp/litchi-goal-0458/litchi-perf-baseline)
	    5d3e62d96d83 <alloc::raw_vec::RawVecInner<_>>::reserve::do_reserve_and_handle::<alloc::alloc::Global>+0x63 (/tmp/litchi-goal-0458/litchi-perf-baseline)
	               7 [unknown] ([unknown])

litchi-perf-bas 4074627 353195.795263:   44862853 cycles:u: 
	    5d3e640e1fce <quick_xml::events::attributes::IterState>::next+0x13e (/tmp/litchi-goal-0458/litchi-perf-baseline)

litchi-perf-bas 4074627 353195.805360:   44904704 cycles:u: 
	    5d3e640e0ae4 <quick_xml::reader::state::ReaderState>::emit_start+0xc4 (/tmp/litchi-goal-0458/litchi-perf-baseline)
	    5d3e640e3704 <quick_xml::name::NamespaceResolver>::resolve_event+0x164 (/tmp/litchi-goal-0458/litchi-perf-baseline)
	8000000000000000 [unknown] ([unknown])

litchi-perf-bas 4074627 353195.815506:   44930219 cycles:u: 
	    5d3e640bd0d3 crc32fast::specialized::pclmulqdq::calculate+0xc3 (/tmp/litchi-goal-0458/litchi-perf-baseline)
	    5d3e640d776f [unknown] (/tmp/litchi-goal-0458/litchi-perf-baseline)
	              54 [unknown] ([unknown])

litchi-perf-bas 4074627 353195.825582:   44776293 cycles:u: 
	    5d3e640e3854 <quick_xml::name::NamespaceResolver>::resolve_prefix+0x74 (/tmp/litchi-goal-0458/litchi-perf-baseline)
	    5d3e62dd3a67 litchi_odp::model::declaration::element_is+0x77 (/tmp/litchi-goal-0458/litchi-perf-baseline)

litchi-perf-bas 4074627 353195.835685:   44877482 cycles:u: 
	    7bbd32fb2c80 __memcmp_evex_movbe+0x0 (/usr/lib/x86_64-linux-gnu/libc.so.6)
	    5d3e640e3873 <quick_xml::name::NamespaceResolver>::resolve_prefix+0x93 (/tmp/litchi-goal-0458/litchi-perf-baseline)
	    5d3e62dd3c6d litchi_odp::model::declaration::parse_binding+0x16d (/tmp/litchi-goal-0458/litchi-perf-baseline)
	               2 [unknown] ([unknown])

litchi-perf-bas 4074627 353195.845784:   44893920 cycles:u: 
	    5d3e62d864de <litchi_odp::codec::content_source::scanner::Scanner>::run+0x9e (/tmp/litchi-goal-0458/litchi-perf-baseline)

litchi-perf-bas 4074627 353195.855884:   44913332 cycles:u: 
	    7bbd32fbc2d3 __memmove_avx512_unaligned_erms+0x13 (/usr/lib/x86_64-linux-gnu/libc.so.6)
	    5d3e62e1cb69 litchi_odp::model::page_metadata::metadata_after_page_insert+0x589 (/tmp/litchi-goal-0458/litchi-perf-baseline)
	dc94c525e10e8a85 [unknown] ([unknown])

litchi-perf-bas 4074627 353195.866032:   44946067 cycles:u: 
	    5d3e6401267f xml_minifier::audit::verify_with_policy+0x1bf (/tmp/litchi-goal-0458/litchi-perf-baseline)
	               a [unknown] ([unknown])

litchi-perf-bas 4074627 353195.876142:   44820233 cycles:u: 
	    5d3e640d7b92 zlib_rs::deflate::compare256::compare256_slice+0x32 (/tmp/litchi-goal-0458/litchi-perf-baseline)

litchi-perf-bas 4074627 353195.886245:   44852070 cycles:u: 
	    7bbd32eba564 _int_free_maybe_trim+0x1b4 (/usr/lib/x86_64-linux-gnu/libc.so.6)
	    7bbd32ebaa38 _int_free_chunk+0x28 (/usr/lib/x86_64-linux-gnu/libc.so.6)
	    5d3e62d123a7 core::ptr::drop_glue::<litchi_odp::codec::parser::codec::xml::validation::ElementAttrs>+0x27 (/tmp/litchi-goal-0458/litchi-perf-baseline)
	    5d3e62d2f7df <litchi_odp::codec::parser::codec::Parser>::shape_builder+0x108f (/tmp/litchi-goal-0458/litchi-perf-baseline)
	    5d3e62d15b62 <litchi_odp::codec::parser::codec::Parser>::parse_pages_with_styles::<false>::{closure#0}+0x3522 (/tmp/litchi-goal-0458/litchi-perf-baseline)
	    5d3e62d273af <litchi_odp::codec::parser::codec::Parser>::parse_slides_with_styles+0xa4f (/tmp/litchi-goal-0458/litchi-perf-baseline)

litchi-perf-bas 4074627 353195.896340:   44869569 cycles:u: 
	    5d3e640e2273 <quick_xml::events::attributes::IterState>::next+0x3e3 (/tmp/litchi-goal-0458/litchi-perf-baseline)

litchi-perf-bas 4074627 353195.906452:   44896928 cycles:u: 
	    5d3e62d271d7 <litchi_odp::codec::parser::codec::Parser>::parse_slides_with_styles+0x877 (/tmp/litchi-goal-0458/litchi-perf-baseline)

litchi-perf-bas 4074627 353195.916559:   44887280 cycles:u: 
	    5d3e64119688 <memchr::arch::x86_64::avx2::memchr::Two>::find_raw_avx2+0x118 (/tmp/litchi-goal-0458/litchi-perf-baseline)
	3a3a3a3a3a3a3a39 [unknown] ([unknown])

litchi-perf-bas 4074627 353195.926670:   44869845 cycles:u: 
	    5d3e64136a40 __rustc::__rdl_alloc+0x0 (/tmp/litchi-goal-0458/litchi-perf-baseline)

litchi-perf-bas 4074627 353195.936775:   44867337 cycles:u: 
	    5d3e61f84100 __rustc::__rust_alloc+0x0 (/tmp/litchi-goal-0458/litchi-perf-baseline)

litchi-perf-bas 4074627 353195.946925:   44867224 cycles:u: 
	    5d3e640e1969 <quick_xml::events::attributes::Attribute>::decoded_and_normalized_value_with::<quick_xml::escape::resolve_predefined_entity>+0x139 (/tmp/litchi-goal-0458/litchi-perf-baseline)
	               2 [unknown] ([unknown])

litchi-perf-bas 4074627 353195.956996:   44768001 cycles:u: 
	    7bbd32ebc9b8 _int_realloc+0xc8 (/usr/lib/x86_64-linux-gnu/libc.so.6)
	    7bbd32ebe0ce realloc+0x1ae (/usr/lib/x86_64-linux-gnu/libc.so.6)
	    5d3e640e4e5e <alloc::raw_vec::RawVecInner>::finish_grow+0x5e (/tmp/litchi-goal-0458/litchi-perf-baseline)

litchi-perf-bas 4074627 353195.967099:   44874685 cycles:u: 
	    5d3e62e1303f <litchi_odp::codec::parser::model::ParagraphText>::push_text+0xcf (/tmp/litchi-goal-0458/litchi-perf-baseline)
	2727272727272726 [unknown] ([unknown])

litchi-perf-bas 4074627 353195.977215:   44928353 cycles:u: 
	    5d3e62d7e007 <quick_xml::reader::Reader<&[u8]>>::read_event_impl::<&mut alloc::vec::Vec<u8>>+0x247 (/tmp/litchi-goal-0458/litchi-perf-baseline)
	              35 [unknown] ([unknown])

litchi-perf-bas 4074627 353195.987315:   44900181 cycles:u: 
	    5d3e62dd3bf9 litchi_odp::model::declaration::parse_binding+0xf9 (/tmp/litchi-goal-0458/litchi-perf-baseline)
	               1 [unknown] ([unknown])

litchi-perf-bas 4074627 353195.997411:   44917785 cycles:u: 
	    5d3e6411a031 memchr::arch::x86_64::memchr::memchr3_raw::find_avx2+0x21 (/tmp/litchi-goal-0458/litchi-perf-baseline)
	3c3c3c3c3c3c3c3b [unknown] ([unknown])
	    5d3e62d7f41c <quick_xml::reader::Reader<&[u8]>>::read_event_impl::<()>+0x57c (/tmp/litchi-goal-0458/litchi-perf-baseline)
	               c [unknown] ([unknown])

litchi-perf-bas 4074627 353196.007695:   44951093 cycles:u: 
	    5d3e62d864de <litchi_odp::codec::content_source::scanner::Scanner>::run+0x9e (/tmp/litchi-goal-0458/litchi-perf-baseline)

litchi-perf-bas 4074627 353196.017765:   44577938 cycles:u: 
	    5d3e6401267f xml_minifier::audit::verify_with_policy+0x1bf (/tmp/litchi-goal-0458/litchi-perf-baseline)
	               a [unknown] ([unknown])

litchi-perf-bas 4074627 353196.027831:   44686609 cycles:u: 
	    5d3e640dada8 zlib_rs::deflate::longest_match::longest_match+0x1a8 (/tmp/litchi-goal-0458/litchi-perf-baseline)
	            3fff [unknown] ([unknown])

litchi-perf-bas 4074627 353196.037939:   44809972 cycles:u: 
	    7bbd32fbc2c0 __memmove_avx512_unaligned_erms+0x0 (/usr/lib/x86_64-linux-gnu/libc.so.6)
	    5d3e62dcde65 <litchi_odp::codec::parser::codec::xml::validation::ElementAttrs>::lookup+0x175 (/tmp/litchi-goal-0458/litchi-perf-baseline)

litchi-perf-bas 4074627 353196.048024:   44799210 cycles:u: 
	    5d3e640e1f18 <quick_xml::events::attributes::IterState>::next+0x88 (/tmp/litchi-goal-0458/litchi-perf-baseline)
	               b [unknown] ([unknown])

litchi-perf-bas 4074627 353196.058133:   44866236 cycles:u: 
	    5d3e62d994d7 <quick_xml::reader::ns_reader::NsReader<&[u8]>>::process_event+0x57 (/tmp/litchi-goal-0458/litchi-perf-baseline)
	              ff [unknown] ([unknown])

litchi-perf-bas 4074627 353196.068230:   44920916 cycles:u: 
	    5d3e62dcd949 <litchi_odp::codec::parser::codec::xml::validation::ElementAttrs>::get+0x1a9 (/tmp/litchi-goal-0458/litchi-perf-baseline)
	    5d3e62d96d83 <alloc::raw_vec::RawVecInner<_>>::reserve::do_reserve_and_handle::<alloc::alloc::Global>+0x63 (/tmp/litchi-goal-0458/litchi-perf-baseline)
	               7 [unknown] ([unknown])

litchi-perf-bas 4074627 353196.078366:   44938459 cycles:u: 
	    5d3e641196d0 <memchr::arch::x86_64::avx2::memchr::Two>::find_raw+0x0 (/tmp/litchi-goal-0458/litchi-perf-baseline)

litchi-perf-bas 4074627 353196.088478:   44841815 cycles:u: 
	    7bbd32fb2c84 __memcmp_evex_movbe+0x4 (/usr/lib/x86_64-linux-gnu/libc.so.6)
	    5d3e640e0e4c <quick_xml::reader::state::ReaderState>::emit_end+0xdc (/tmp/litchi-goal-0458/litchi-perf-baseline)

litchi-perf-bas 4074627 353196.098566:   44809064 cycles:u: 
	    5d3e640e1b0d <quick_xml::events::attributes::IterState>::check_for_duplicates+0xbd (/tmp/litchi-goal-0458/litchi-perf-baseline)

litchi-perf-bas 4074627 353196.108664:   44880728 cycles:u: 
	    7bbd32fb2ca5 __memcmp_evex_movbe+0x25 (/usr/lib/x86_64-linux-gnu/libc.so.6)
	    5d3e640e3873 <quick_xml::name::NamespaceResolver>::resolve_prefix+0x93 (/tmp/litchi-goal-0458/litchi-perf-baseline)
	    5d3e62dcc847 <litchi_odp::codec::parser::codec::xml::validation::ElementAttrs>::resolve_at_scan+0x57 (/tmp/litchi-goal-0458/litchi-perf-baseline)

litchi-perf-bas 4074627 353196.118768:   44899402 cycles:u: 
	    5d3e62d27390 <litchi_odp::codec::parser::codec::Parser>::parse_slides_with_styles+0xa30 (/tmp/litchi-goal-0458/litchi-perf-baseline)

litchi-perf-bas 4074627 353196.128873:   44906657 cycles:u: 
	    5d3e62d7e06a <quick_xml::reader::Reader<&[u8]>>::read_event_impl::<&mut alloc::vec::Vec<u8>>+0x2aa (/tmp/litchi-goal-0458/litchi-perf-baseline)
	              35 [unknown] ([unknown])

litchi-perf-bas 4074627 353196.139010:   44889636 cycles:u: 
	    5d3e62e1a886 litchi_odp::model::page_metadata::element_is+0x66 (/tmp/litchi-goal-0458/litchi-perf-baseline)
	3a3a3a3a3a3a3a39 [unknown] ([unknown])

litchi-perf-bas 4074627 353196.149100:   44826189 cycles:u: 
	    5d3e62dd3a47 litchi_odp::model::declaration::element_is+0x57 (/tmp/litchi-goal-0458/litchi-perf-baseline)
	               3 [unknown] ([unknown])

litchi-perf-bas 4074627 353196.159208:   44920246 cycles:u: 
	    5d3e62d7f4dd <quick_xml::reader::Reader<&[u8]>>::read_event_impl::<()>+0x63d (/tmp/litchi-goal-0458/litchi-perf-baseline)
	              b0 [unknown] ([unknown])

litchi-perf-bas 4074627 353196.169349:   44911929 cycles:u: 
	    5d3e640e4e71 <alloc::raw_vec::RawVecInner>::finish_grow+0x71 (/tmp/litchi-goal-0458/litchi-perf-baseline)
	    5d3e640e21a3 <quick_xml::events::attributes::IterState>::next+0x313 (/tmp/litchi-goal-0458/litchi-perf-baseline)
	           3d08f [unknown] ([unknown])

litchi-perf-bas 4074627 353196.179431:   44766623 cycles:u: 
	    5d3e640dada8 zlib_rs::deflate::longest_match::longest_match+0x1a8 (/tmp/litchi-goal-0458/litchi-perf-baseline)
	            3fff [unknown] ([unknown])

litchi-perf-bas 4074627 353196.189536:   44843701 cycles:u: 
	    7bbd32fb2c80 __memcmp_evex_movbe+0x0 (/usr/lib/x86_64-linux-gnu/libc.so.6)
	    5d3e640e3873 <quick_xml::name::NamespaceResolver>::resolve_prefix+0x93 (/tmp/litchi-goal-0458/litchi-perf-baseline)
	    5d3e640e36ca <quick_xml::name::NamespaceResolver>::resolve_event+0x12a (/tmp/litchi-goal-0458/litchi-perf-baseline)

litchi-perf-bas 4074627 353196.199678:   44839633 cycles:u: 
	    5d3e62d1fad7 <litchi_odp::codec::parser::codec::Parser>::decode_text+0xd7 (/tmp/litchi-goal-0458/litchi-perf-baseline)
	fffffffffffffffe [unknown] ([unknown])
	7fffffffffffffff [unknown] ([unknown])

litchi-perf-bas 4074627 353196.209735:   44689000 cycles:u: 
	    5d3e640e1969 <quick_xml::events::attributes::Attribute>::decoded_and_normalized_value_with::<quick_xml::escape::resolve_predefined_entity>+0x139 (/tmp/litchi-goal-0458/litchi-perf-baseline)
	               2 [unknown] ([unknown])

litchi-perf-bas 4074627 353196.219836:   44846889 cycles:u: 
	    5d3e62d2f46d <litchi_odp::codec::parser::codec::Parser>::shape_builder+0xd1d (/tmp/litchi-goal-0458/litchi-perf-baseline)
	    5d3e62d96d83 <alloc::raw_vec::RawVecInner<_>>::reserve::do_reserve_and_handle::<alloc::alloc::Global>+0x63 (/tmp/litchi-goal-0458/litchi-perf-baseline)
	    7bbd32ebe0ce realloc+0x1ae (/usr/lib/x86_64-linux-gnu/libc.so.6)
	    5d3e62d9931e <alloc::raw_vec::RawVecInner>::finish_grow+0x5e (/tmp/litchi-goal-0458/litchi-perf-baseline)
	fffffffffffffffe [unknown] ([unknown])

litchi-perf-bas 4074627 353196.229951:   44869313 cycles:u: 
	    5d3e64172374 core::str::converts::from_utf8+0x94 (/tmp/litchi-goal-0458/litchi-perf-baseline)

litchi-perf-bas 4074627 353196.240096:   44856149 cycles:u: 
	    5d3e640e1fa4 <quick_xml::events::attributes::IterState>::next+0x114 (/tmp/litchi-goal-0458/litchi-perf-baseline)
	    5d3e640dffff quick_xml::escape::normalize_xml11_eol_step+0x80f (/tmp/litchi-goal-0458/litchi-perf-baseline)

litchi-perf-bas 4074627 353196.250186:   44789477 cycles:u: 
	    7bbd32eba3d0 _int_free_maybe_trim+0x20 (/usr/lib/x86_64-linux-gnu/libc.so.6)
	    7bbd32ebaa38 _int_free_chunk+0x28 (/usr/lib/x86_64-linux-gnu/libc.so.6)
	    5d3e62d12e03 <litchi_odp::codec::parser::codec::Parser>::parse_pages_with_styles::<false>::{closure#0}+0x7c3 (/tmp/litchi-goal-0458/litchi-perf-baseline)

litchi-perf-bas 4074627 353196.260309:   44851991 cycles:u: 
	    5d3e640e386e <quick_xml::name::NamespaceResolver>::resolve_prefix+0x8e (/tmp/litchi-goal-0458/litchi-perf-baseline)
	    5d3e640e3704 <quick_xml::name::NamespaceResolver>::resolve_event+0x164 (/tmp/litchi-goal-0458/litchi-perf-baseline)
	8000000000000000 [unknown] ([unknown])

litchi-perf-bas 4074627 353196.270364:   44709006 cycles:u: 
	    7bbd32fb2ca5 __memcmp_evex_movbe+0x25 (/usr/lib/x86_64-linux-gnu/libc.so.6)
	    5d3e640e0e4c <quick_xml::reader::state::ReaderState>::emit_end+0xdc (/tmp/litchi-goal-0458/litchi-perf-baseline)

litchi-perf-bas 4074627 353196.280466:   44878983 cycles:u: 
	    5d3e640bd06a crc32fast::specialized::pclmulqdq::calculate+0x5a (/tmp/litchi-goal-0458/litchi-perf-baseline)
	32e8821000000000 [unknown] ([unknown])

litchi-perf-bas 4074627 353196.290579:   44890478 cycles:u: 
	    5d3e640e3845 <quick_xml::name::NamespaceResolver>::resolve_prefix+0x65 (/tmp/litchi-goal-0458/litchi-perf-baseline)
	    5d3e62dd3a67 litchi_odp::model::declaration::element_is+0x77 (/tmp/litchi-goal-0458/litchi-perf-baseline)

litchi-perf-bas 4074627 353196.300681:   44880148 cycles:u: 
	    5d3e640e0a55 <quick_xml::reader::state::ReaderState>::emit_start+0x35 (/tmp/litchi-goal-0458/litchi-perf-baseline)
	               5 [unknown] ([unknown])

litchi-perf-bas 4074627 353196.310778:   44888450 cycles:u: 
	    7bbd32fb2cb7 __memcmp_evex_movbe+0x37 (/usr/lib/x86_64-linux-gnu/libc.so.6)
	    5d3e640e3873 <quick_xml::name::NamespaceResolver>::resolve_prefix+0x93 (/tmp/litchi-goal-0458/litchi-perf-baseline)
	    5d3e640e3704 <quick_xml::name::NamespaceResolver>::resolve_event+0x164 (/tmp/litchi-goal-0458/litchi-perf-baseline)
	8000000000000000 [unknown] ([unknown])

litchi-perf-bas 4074627 353196.321029:   44912616 cycles:u: 
	    5d3e62d5b109 <hashbrown::map::HashMap<&str, (), std::hash::random::RandomState>>::insert+0x179 (/tmp/litchi-goal-0458/litchi-perf-baseline)

litchi-perf-bas 4074627 353196.331172:   44668830 cycles:u: 
	    5d3e640e0a91 <quick_xml::reader::state::ReaderState>::emit_start+0x71 (/tmp/litchi-goal-0458/litchi-perf-baseline)
	          5ce4ad [unknown] ([unknown])
	              2f [unknown] ([unknown])

litchi-perf-bas 4074627 353196.341237:   44673905 cycles:u: 
	    5d3e640dada8 zlib_rs::deflate::longest_match::longest_match+0x1a8 (/tmp/litchi-goal-0458/litchi-perf-baseline)
	            3fff [unknown] ([unknown])

litchi-perf-bas 4074627 353196.351337:   44802645 cycles:u: 
	    5d3e640e36db <quick_xml::name::NamespaceResolver>::resolve_event+0x13b (/tmp/litchi-goal-0458/litchi-perf-baseline)

litchi-perf-bas 4074627 353196.361426:   44828114 cycles:u: 
	    5d3e62d6504e litchi_odp::model::slide::is_xml_local_name+0x18e (/tmp/litchi-goal-0458/litchi-perf-baseline)
	        fffffffe [unknown] ([unknown])

litchi-perf-bas 4074627 353196.371525:   44882476 cycles:u: 
	    5d3e62dcdd52 <litchi_odp::codec::parser::codec::xml::validation::ElementAttrs>::lookup+0x62 (/tmp/litchi-goal-0458/litchi-perf-baseline)
	fffffffffffffffe [unknown] ([unknown])

litchi-perf-bas 4074627 353196.381622:   44905587 cycles:u: 
	    5d3e62d821f2 <&[u8] as quick_xml::reader::XmlSource<&mut alloc::vec::Vec<u8>>>::read_with::<quick_xml::parser::element::ElementParser>+0xf2 (/tmp/litchi-goal-0458/litchi-perf-baseline)
	          58a759 [unknown] ([unknown])

litchi-perf-bas 4074627 353196.391748:   44923485 cycles:u: 
	    5d3e63b96186 litchi_odf_common::package::edit::xml_splice_publication+0x1d6 (/tmp/litchi-goal-0458/litchi-perf-baseline)

litchi-perf-bas 4074627 353196.401853:   44863367 cycles:u: 
	    5d3e62d271d7 <litchi_odp::codec::parser::codec::Parser>::parse_slides_with_styles+0x877 (/tmp/litchi-goal-0458/litchi-perf-baseline)

litchi-perf-bas 4074627 353196.411955:   44866256 cycles:u: 
	    7bbd32fbc4ad __memmove_avx512_unaligned_erms+0x1ed (/usr/lib/x86_64-linux-gnu/libc.so.6)
	    5d3e62d1447e <litchi_odp::codec::parser::codec::Parser>::parse_pages_with_styles::<false>::{closure#0}+0x1e3e (/tmp/litchi-goal-0458/litchi-perf-baseline)
	    5d3e62d273af <litchi_odp::codec::parser::codec::Parser>::parse_slides_with_styles+0xa4f (/tmp/litchi-goal-0458/litchi-perf-baseline)

litchi-perf-bas 4074627 353196.422047:   44877646 cycles:u: 
	    5d3e640e1fd1 <quick_xml::events::attributes::IterState>::next+0x141 (/tmp/litchi-goal-0458/litchi-perf-baseline)

litchi-perf-bas 4074627 353196.432158:   44922094 cycles:u: 
	    5d3e62d27287 <litchi_odp::codec::parser::codec::Parser>::parse_slides_with_styles+0x927 (/tmp/litchi-goal-0458/litchi-perf-baseline)

litchi-perf-bas 4074627 353196.442284:   44952674 cycles:u: 
	    7bbd32fb2cbd __memcmp_evex_movbe+0x3d (/usr/lib/x86_64-linux-gnu/libc.so.6)
	    5d3e640e3873 <quick_xml::name::NamespaceResolver>::resolve_prefix+0x93 (/tmp/litchi-goal-0458/litchi-perf-baseline)
	    5d3e62e1a897 litchi_odp::model::page_metadata::element_is+0x77 (/tmp/litchi-goal-0458/litchi-perf-baseline)
	3a3a3a3a3a3a3a39 [unknown] ([unknown])

litchi-perf-bas 4074627 353196.452426:   44904650 cycles:u: 
	    5d3e640e3834 <quick_xml::name::NamespaceResolver>::resolve_prefix+0x54 (/tmp/litchi-goal-0458/litchi-perf-baseline)
	    5d3e62e1a897 litchi_odp::model::page_metadata::element_is+0x77 (/tmp/litchi-goal-0458/litchi-perf-baseline)
	3a3a3a3a3a3a3a39 [unknown] ([unknown])

litchi-perf-bas 4074627 353196.462492:   44693530 cycles:u: 
	    5d3e640e1eb9 <quick_xml::events::attributes::IterState>::next+0x29 (/tmp/litchi-goal-0458/litchi-perf-baseline)

litchi-perf-bas 4074627 353196.472584:   44838940 cycles:u: 
	    5d3e640e3845 <quick_xml::name::NamespaceResolver>::resolve_prefix+0x65 (/tmp/litchi-goal-0458/litchi-perf-baseline)
	    5d3e640e3704 <quick_xml::name::NamespaceResolver>::resolve_event+0x164 (/tmp/litchi-goal-0458/litchi-perf-baseline)
	8000000000000039 [unknown] ([unknown])

litchi-perf-bas 4074627 353196.482731:   44871962 cycles:u: 
	    5d3e6401267f xml_minifier::audit::verify_with_policy+0x1bf (/tmp/litchi-goal-0458/litchi-perf-baseline)
	               a [unknown] ([unknown])

litchi-perf-bas 4074627 353196.492809:   44737117 cycles:u: 
	    5d3e640dadc5 zlib_rs::deflate::longest_match::longest_match+0x1c5 (/tmp/litchi-goal-0458/litchi-perf-baseline)
	            3fff [unknown] ([unknown])

litchi-perf-bas 4074627 353196.502910:   44820693 cycles:u: 
	    5d3e640e3854 <quick_xml::name::NamespaceResolver>::resolve_prefix+0x74 (/tmp/litchi-goal-0458/litchi-perf-baseline)
	    5d3e640e3704 <quick_xml::name::NamespaceResolver>::resolve_event+0x164 (/tmp/litchi-goal-0458/litchi-perf-baseline)
	8000000000000000 [unknown] ([unknown])

litchi-perf-bas 4074627 353196.513019:   44837877 cycles:u: 
	    5d3e62e1314f <litchi_odp::codec::parser::model::ParagraphText>::push_text+0x1df (/tmp/litchi-goal-0458/litchi-perf-baseline)
	2727272727272726 [unknown] ([unknown])

litchi-perf-bas 4074627 353196.523158:   44820097 cycles:u: 
	    5d3e62d99530 <quick_xml::reader::ns_reader::NsReader<&[u8]>>::process_event+0xb0 (/tmp/litchi-goal-0458/litchi-perf-baseline)
	              ff [unknown] ([unknown])

litchi-perf-bas 4074627 353196.533230:   44798310 cycles:u: 
	    5d3e62d821f2 <&[u8] as quick_xml::reader::XmlSource<&mut alloc::vec::Vec<u8>>>::read_with::<quick_xml::parser::element::ElementParser>+0xf2 (/tmp/litchi-goal-0458/litchi-perf-baseline)
	          51d8ff [unknown] ([unknown])

litchi-perf-bas 4074627 353196.543349:   44912118 cycles:u: 
	    5d3e64119822 <memchr::arch::x86_64::avx2::memchr::Three>::find_raw_avx2+0x32 (/tmp/litchi-goal-0458/litchi-perf-baseline)
	2222222222222221 [unknown] ([unknown])

litchi-perf-bas 4074627 353196.553470:   44861454 cycles:u: 
	    5d3e640e4e17 <alloc::raw_vec::RawVecInner>::finish_grow+0x17 (/tmp/litchi-goal-0458/litchi-perf-baseline)
	    5d3e640e1b60 <quick_xml::events::attributes::IterState>::check_for_duplicates+0x110 (/tmp/litchi-goal-0458/litchi-perf-baseline)

litchi-perf-bas 4074627 353196.563566:   44807796 cycles:u: 
	    5d3e62dcd949 <litchi_odp::codec::parser::codec::xml::validation::ElementAttrs>::get+0x1a9 (/tmp/litchi-goal-0458/litchi-perf-baseline)
	    5d3e62d96d83 <alloc::raw_vec::RawVecInner<_>>::reserve::do_reserve_and_handle::<alloc::alloc::Global>+0x63 (/tmp/litchi-goal-0458/litchi-perf-baseline)
	               7 [unknown] ([unknown])

litchi-perf-bas 4074627 353196.573665:   44836655 cycles:u: 
	    7bbd32ebacd0 _int_malloc+0x1c0 (/usr/lib/x86_64-linux-gnu/libc.so.6)
	    7bbd32ebc9d9 _int_realloc+0xe9 (/usr/lib/x86_64-linux-gnu/libc.so.6)
	    7bbd32ebe0ce realloc+0x1ae (/usr/lib/x86_64-linux-gnu/libc.so.6)
	    5d3e640e4e5e <alloc::raw_vec::RawVecInner>::finish_grow+0x5e (/tmp/litchi-goal-0458/litchi-perf-baseline)

litchi-perf-bas 4074627 353196.583800:   44855961 cycles:u: 
	    7bbd32eba560 _int_free_maybe_trim+0x1b0 (/usr/lib/x86_64-linux-gnu/libc.so.6)
	    7bbd32ebaa38 _int_free_chunk+0x28 (/usr/lib/x86_64-linux-gnu/libc.so.6)
	    7bbd32ebcae8 _int_realloc+0x1f8 (/usr/lib/x86_64-linux-gnu/libc.so.6)
	    7bbd32ebe0ce realloc+0x1ae (/usr/lib/x86_64-linux-gnu/libc.so.6)
	    5d3e640e4e5e <alloc::raw_vec::RawVecInner>::finish_grow+0x5e (/tmp/litchi-goal-0458/litchi-perf-baseline)

litchi-perf-bas 4074627 353196.593879:   44743969 cycles:u: 
	    7bbd32fb2ca5 __memcmp_evex_movbe+0x25 (/usr/lib/x86_64-linux-gnu/libc.so.6)
	    5d3e640e0e4c <quick_xml::reader::state::ReaderState>::emit_end+0xdc (/tmp/litchi-goal-0458/litchi-perf-baseline)

litchi-perf-bas 4074627 353196.603970:   44821366 cycles:u: 
	    7bbd32fb2c80 __memcmp_evex_movbe+0x0 (/usr/lib/x86_64-linux-gnu/libc.so.6)
	    5d3e640e3873 <quick_xml::name::NamespaceResolver>::resolve_prefix+0x93 (/tmp/litchi-goal-0458/litchi-perf-baseline)
	    5d3e62dd8537 litchi_odp::model::settings::element_is+0x77 (/tmp/litchi-goal-0458/litchi-perf-baseline)
	               4 [unknown] ([unknown])

litchi-perf-bas 4074627 353196.614088:   44874472 cycles:u: 
	    5d3e640e1b9b <quick_xml::events::attributes::IterState>::check_for_duplicates+0x14b (/tmp/litchi-goal-0458/litchi-perf-baseline)

litchi-perf-bas 4074627 353196.624203:   44898972 cycles:u: 
	    5d3e62d99494 <quick_xml::reader::ns_reader::NsReader<&[u8]>>::process_event+0x14 (/tmp/litchi-goal-0458/litchi-perf-baseline)

litchi-perf-bas 4074627 353196.634508:   44867154 cycles:u: 
	    5d3e6401270c xml_minifier::audit::verify_with_policy+0x24c (/tmp/litchi-goal-0458/litchi-perf-baseline)
	               3 [unknown] ([unknown])

litchi-perf-bas 4074627 353196.644599:   44548303 cycles:u: 
	    5d3e640dad98 zlib_rs::deflate::longest_match::longest_match+0x198 (/tmp/litchi-goal-0458/litchi-perf-baseline)
	            3fff [unknown] ([unknown])

litchi-perf-bas 4074627 353196.654637:   44457530 cycles:u: 
	    5d3e6411a01f memchr::arch::x86_64::memchr::memchr3_raw::find_avx2+0xf (/tmp/litchi-goal-0458/litchi-perf-baseline)
	    5d3e62d7dff2 <quick_xml::reader::Reader<&[u8]>>::read_event_impl::<&mut alloc::vec::Vec<u8>>+0x232 (/tmp/litchi-goal-0458/litchi-perf-baseline)

litchi-perf-bas 4074627 353196.664718:   44700696 cycles:u: 
	    7bbd32ebac2d _int_malloc+0x11d (/usr/lib/x86_64-linux-gnu/libc.so.6)
	    7bbd32ebc52e __libc_malloc2+0x11e (/usr/lib/x86_64-linux-gnu/libc.so.6)
	    5d3e62d1faea <litchi_odp::codec::parser::codec::Parser>::decode_text+0xea (/tmp/litchi-goal-0458/litchi-perf-baseline)
	fffffffffffffffe [unknown] ([unknown])
	7fffffffffffffff [unknown] ([unknown])

litchi-perf-bas 4074627 353196.674808:   44775557 cycles:u: 
	    5d3e62d99530 <quick_xml::reader::ns_reader::NsReader<&[u8]>>::process_event+0xb0 (/tmp/litchi-goal-0458/litchi-perf-baseline)
	              ff [unknown] ([unknown])

litchi-perf-bas 4074627 353196.684912:   44844179 cycles:u: 
	    5d3e62d271d7 <litchi_odp::codec::parser::codec::Parser>::parse_slides_with_styles+0x877 (/tmp/litchi-goal-0458/litchi-perf-baseline)

litchi-perf-bas 4074627 353196.695026:   44842250 cycles:u: 
	    5d3e640ccf8c zlib_rs::inflate::inflate_fast_help_avx2+0x28c (/tmp/litchi-goal-0458/litchi-perf-baseline)
	    5d3e640da5b6 <zlib_rs::inflate::window::Window>::extend+0x196 (/tmp/litchi-goal-0458/litchi-perf-baseline)
	              11 [unknown] ([unknown])

