sample=0	nanos=2177740	callbacks=256	result=ok
sample=1	nanos=2157100	callbacks=256	result=ok
sample=2	nanos=2151990	callbacks=256	result=ok
sample=3	nanos=2165990	callbacks=256	result=ok
sample=4	nanos=2151930	callbacks=256	result=ok
sample=5	nanos=2163220	callbacks=256	result=ok
sample=6	nanos=2167180	callbacks=256	result=ok
sample=7	nanos=2154120	callbacks=256	result=ok
sample=8	nanos=2160350	callbacks=256	result=ok
sample=9	nanos=2169730	callbacks=256	result=ok
sample=10	nanos=2164740	callbacks=256	result=ok
sample=11	nanos=2296081	callbacks=256	result=ok
sample=12	nanos=2402991	callbacks=256	result=ok
sample=13	nanos=2390141	callbacks=256	result=ok
sample=14	nanos=2406171	callbacks=256	result=ok
sample=15	nanos=2402161	callbacks=256	result=ok
sample=16	nanos=2383661	callbacks=256	result=ok
sample=17	nanos=2410191	callbacks=256	result=ok
sample=18	nanos=2392441	callbacks=256	result=ok
sample=19	nanos=2405381	callbacks=256	result=ok
sample=20	nanos=2401271	callbacks=256	result=ok
sample=21	nanos=2386671	callbacks=256	result=ok
sample=22	nanos=2417401	callbacks=256	result=ok
sample=23	nanos=2400552	callbacks=256	result=ok
sample=24	nanos=2402561	callbacks=256	result=ok
sample=25	nanos=2400191	callbacks=256	result=ok
sample=26	nanos=2388911	callbacks=256	result=ok
sample=27	nanos=2397341	callbacks=256	result=ok
sample=28	nanos=2394751	callbacks=256	result=ok
sample=29	nanos=2407921	callbacks=256	result=ok
sample=30	nanos=2388861	callbacks=256	result=ok
sample=31	nanos=2395751	callbacks=256	result=ok
sample=32	nanos=2436411	callbacks=256	result=ok
sample=33	nanos=2402391	callbacks=256	result=ok
sample=34	nanos=2402461	callbacks=256	result=ok
sample=35	nanos=2390161	callbacks=256	result=ok
sample=36	nanos=2410662	callbacks=256	result=ok
sample=37	nanos=2390811	callbacks=256	result=ok
sample=38	nanos=2396851	callbacks=256	result=ok
sample=39	nanos=2401121	callbacks=256	result=ok
sample=40	nanos=2400771	callbacks=256	result=ok
sample=41	nanos=2392241	callbacks=256	result=ok
sample=42	nanos=2401721	callbacks=256	result=ok
sample=43	nanos=2429501	callbacks=256	result=ok
sample=44	nanos=2403941	callbacks=256	result=ok
sample=45	nanos=2386151	callbacks=256	result=ok
sample=46	nanos=2409191	callbacks=256	result=ok
sample=47	nanos=2386431	callbacks=256	result=ok
sample=48	nanos=2396461	callbacks=256	result=ok
sample=49	nanos=2402692	callbacks=256	result=ok
sample=50	nanos=2389361	callbacks=256	result=ok
sample=51	nanos=2394861	callbacks=256	result=ok
sample=52	nanos=2399781	callbacks=256	result=ok
sample=53	nanos=2394361	callbacks=256	result=ok
sample=54	nanos=2401941	callbacks=256	result=ok
sample=55	nanos=2386751	callbacks=256	result=ok
sample=56	nanos=2398061	callbacks=256	result=ok
sample=57	nanos=2407471	callbacks=256	result=ok
sample=58	nanos=2383981	callbacks=256	result=ok
sample=59	nanos=2412291	callbacks=256	result=ok
sample=60	nanos=2394781	callbacks=256	result=ok
sample=61	nanos=2396411	callbacks=256	result=ok
sample=62	nanos=2397731	callbacks=256	result=ok
sample=63	nanos=2382401	callbacks=256	result=ok
sample=64	nanos=2412372	callbacks=256	result=ok
sample=65	nanos=2391561	callbacks=256	result=ok
sample=66	nanos=2393211	callbacks=256	result=ok
sample=67	nanos=2405121	callbacks=256	result=ok
sample=68	nanos=2382721	callbacks=256	result=ok
sample=69	nanos=2410261	callbacks=256	result=ok
sample=70	nanos=2386651	callbacks=256	result=ok
sample=71	nanos=2394831	callbacks=256	result=ok
sample=72	nanos=2400981	callbacks=256	result=ok
sample=73	nanos=2381021	callbacks=256	result=ok
sample=74	nanos=2416181	callbacks=256	result=ok
sample=75	nanos=2392501	callbacks=256	result=ok
sample=76	nanos=2388481	callbacks=256	result=ok
sample=77	nanos=2413331	callbacks=256	result=ok
sample=78	nanos=2387821	callbacks=256	result=ok
sample=79	nanos=2412182	callbacks=256	result=ok
sample=80	nanos=2386470	callbacks=256	result=ok
sample=81	nanos=2383271	callbacks=256	result=ok
sample=82	nanos=2414882	callbacks=256	result=ok
sample=83	nanos=2385951	callbacks=256	result=ok
sample=84	nanos=2412431	callbacks=256	result=ok
sample=85	nanos=2389191	callbacks=256	result=ok
sample=86	nanos=2384201	callbacks=256	result=ok
sample=87	nanos=2415991	callbacks=256	result=ok
sample=88	nanos=2387301	callbacks=256	result=ok
sample=89	nanos=2412611	callbacks=256	result=ok
sample=90	nanos=2397581	callbacks=256	result=ok
sample=91	nanos=2387651	callbacks=256	result=ok
sample=92	nanos=2424621	callbacks=256	result=ok
sample=93	nanos=2390361	callbacks=256	result=ok
sample=94	nanos=2411931	callbacks=256	result=ok
sample=95	nanos=2387832	callbacks=256	result=ok
sample=96	nanos=2383770	callbacks=256	result=ok
sample=97	nanos=2411982	callbacks=256	result=ok
sample=98	nanos=2384301	callbacks=256	result=ok
sample=99	nanos=2403241	callbacks=256	result=ok
sample=100	nanos=2399161	callbacks=256	result=ok
sample=101	nanos=2383821	callbacks=256	result=ok
sample=102	nanos=2416471	callbacks=256	result=ok
sample=103	nanos=2383551	callbacks=256	result=ok
sample=104	nanos=2401861	callbacks=256	result=ok
sample=105	nanos=2400121	callbacks=256	result=ok
sample=106	nanos=2384371	callbacks=256	result=ok
sample=107	nanos=2413491	callbacks=256	result=ok
sample=108	nanos=2384211	callbacks=256	result=ok
sample=109	nanos=2402621	callbacks=256	result=ok
sample=110	nanos=2398421	callbacks=256	result=ok
sample=111	nanos=2381881	callbacks=256	result=ok
sample=112	nanos=2444342	callbacks=256	result=ok
sample=113	nanos=2384191	callbacks=256	result=ok
sample=114	nanos=2405241	callbacks=256	result=ok
sample=115	nanos=2404291	callbacks=256	result=ok
sample=116	nanos=2386531	callbacks=256	result=ok
sample=117	nanos=2416881	callbacks=256	result=ok
sample=118	nanos=2389711	callbacks=256	result=ok
sample=119	nanos=2400261	callbacks=256	result=ok
sample=120	nanos=2395481	callbacks=256	result=ok
sample=121	nanos=2385881	callbacks=256	result=ok
sample=122	nanos=2404641	callbacks=256	result=ok
sample=123	nanos=2396861	callbacks=256	result=ok
sample=124	nanos=2403941	callbacks=256	result=ok
sample=125	nanos=2413982	callbacks=256	result=ok
sample=126	nanos=2388351	callbacks=256	result=ok
sample=127	nanos=2403541	callbacks=256	result=ok
sample=128	nanos=2394891	callbacks=256	result=ok
sample=129	nanos=2405311	callbacks=256	result=ok
sample=130	nanos=2397361	callbacks=256	result=ok
sample=131	nanos=2381151	callbacks=256	result=ok
sample=132	nanos=2397561	callbacks=256	result=ok
sample=133	nanos=2393111	callbacks=256	result=ok
sample=134	nanos=2398361	callbacks=256	result=ok
sample=135	nanos=2393821	callbacks=256	result=ok
sample=136	nanos=2382381	callbacks=256	result=ok
sample=137	nanos=2401831	callbacks=256	result=ok
sample=138	nanos=2395201	callbacks=256	result=ok
sample=139	nanos=2390171	callbacks=256	result=ok
sample=140	nanos=2414641	callbacks=256	result=ok
sample=141	nanos=2383442	callbacks=256	result=ok
sample=142	nanos=2400891	callbacks=256	result=ok
sample=143	nanos=2399181	callbacks=256	result=ok
sample=144	nanos=2387231	callbacks=256	result=ok
sample=145	nanos=2396891	callbacks=256	result=ok
sample=146	nanos=2389851	callbacks=256	result=ok
sample=147	nanos=2397561	callbacks=256	result=ok
sample=148	nanos=2392751	callbacks=256	result=ok
sample=149	nanos=2385601	callbacks=256	result=ok
sample=150	nanos=2398041	callbacks=256	result=ok
sample=151	nanos=2395131	callbacks=256	result=ok
sample=152	nanos=2400131	callbacks=256	result=ok
sample=153	nanos=2401511	callbacks=256	result=ok
sample=154	nanos=2394671	callbacks=256	result=ok
sample=155	nanos=2402251	callbacks=256	result=ok
sample=156	nanos=2395681	callbacks=256	result=ok
sample=157	nanos=2407051	callbacks=256	result=ok
sample=158	nanos=2383741	callbacks=256	result=ok
sample=159	nanos=2402372	callbacks=256	result=ok
sample=160	nanos=2399261	callbacks=256	result=ok
sample=161	nanos=2391611	callbacks=256	result=ok
sample=162	nanos=2401621	callbacks=256	result=ok
sample=163	nanos=2381461	callbacks=256	result=ok
sample=164	nanos=2399151	callbacks=256	result=ok
sample=165	nanos=2421891	callbacks=256	result=ok
sample=166	nanos=2403351	callbacks=256	result=ok
sample=167	nanos=2402311	callbacks=256	result=ok
sample=168	nanos=2380361	callbacks=256	result=ok
sample=169	nanos=2403041	callbacks=256	result=ok
sample=170	nanos=2404521	callbacks=256	result=ok
sample=171	nanos=2393211	callbacks=256	result=ok
sample=172	nanos=2395771	callbacks=256	result=ok
sample=173	nanos=2384411	callbacks=256	result=ok
sample=174	nanos=2395942	callbacks=256	result=ok
sample=175	nanos=2395241	callbacks=256	result=ok
sample=176	nanos=2390421	callbacks=256	result=ok
sample=177	nanos=2398511	callbacks=256	result=ok
sample=178	nanos=2386171	callbacks=256	result=ok
sample=179	nanos=2392781	callbacks=256	result=ok
sample=180	nanos=2408721	callbacks=256	result=ok
sample=181	nanos=2388791	callbacks=256	result=ok
sample=182	nanos=2412771	callbacks=256	result=ok
sample=183	nanos=2384681	callbacks=256	result=ok
sample=184	nanos=2396921	callbacks=256	result=ok
sample=185	nanos=2397301	callbacks=256	result=ok
sample=186	nanos=2382061	callbacks=256	result=ok
sample=187	nanos=2411891	callbacks=256	result=ok
sample=188	nanos=2379411	callbacks=256	result=ok
sample=189	nanos=2396051	callbacks=256	result=ok
sample=190	nanos=2401631	callbacks=256	result=ok
sample=191	nanos=2382431	callbacks=256	result=ok
sample=192	nanos=2396201	callbacks=256	result=ok
sample=193	nanos=2401671	callbacks=256	result=ok
sample=194	nanos=2389392	callbacks=256	result=ok
sample=195	nanos=2410951	callbacks=256	result=ok
sample=196	nanos=2381341	callbacks=256	result=ok
sample=197	nanos=2393131	callbacks=256	result=ok
sample=198	nanos=2399311	callbacks=256	result=ok
sample=199	nanos=2387811	callbacks=256	result=ok
sample=200	nanos=2410561	callbacks=256	result=ok
sample=201	nanos=2383161	callbacks=256	result=ok
sample=202	nanos=2405051	callbacks=256	result=ok
sample=203	nanos=2398151	callbacks=256	result=ok
sample=204	nanos=2390011	callbacks=256	result=ok
sample=205	nanos=2411871	callbacks=256	result=ok
sample=206	nanos=2384441	callbacks=256	result=ok
sample=207	nanos=2399421	callbacks=256	result=ok
sample=208	nanos=2394331	callbacks=256	result=ok
sample=209	nanos=2390021	callbacks=256	result=ok
sample=210	nanos=2412062	callbacks=256	result=ok
sample=211	nanos=2380600	callbacks=256	result=ok
sample=212	nanos=2385112	callbacks=256	result=ok
sample=213	nanos=2405011	callbacks=256	result=ok
sample=214	nanos=2387471	callbacks=256	result=ok
sample=215	nanos=2412891	callbacks=256	result=ok
sample=216	nanos=2378041	callbacks=256	result=ok
sample=217	nanos=2384331	callbacks=256	result=ok
sample=218	nanos=2407841	callbacks=256	result=ok
sample=219	nanos=2444431	callbacks=256	result=ok
sample=220	nanos=2425661	callbacks=256	result=ok
sample=221	nanos=2376951	callbacks=256	result=ok
sample=222	nanos=2389281	callbacks=256	result=ok
sample=223	nanos=2409091	callbacks=256	result=ok
sample=224	nanos=2387631	callbacks=256	result=ok
sample=225	nanos=2413082	callbacks=256	result=ok
sample=226	nanos=2381131	callbacks=256	result=ok
sample=227	nanos=2380381	callbacks=256	result=ok
sample=228	nanos=2402271	callbacks=256	result=ok
sample=229	nanos=2385551	callbacks=256	result=ok
sample=230	nanos=2407921	callbacks=256	result=ok
sample=231	nanos=2378751	callbacks=256	result=ok
sample=232	nanos=2381171	callbacks=256	result=ok
sample=233	nanos=2411071	callbacks=256	result=ok
sample=234	nanos=2387301	callbacks=256	result=ok
sample=235	nanos=2399511	callbacks=256	result=ok
sample=236	nanos=2402351	callbacks=256	result=ok
sample=237	nanos=2387651	callbacks=256	result=ok
sample=238	nanos=2409861	callbacks=256	result=ok
sample=239	nanos=2383621	callbacks=256	result=ok
sample=240	nanos=2383221	callbacks=256	result=ok
sample=241	nanos=2416571	callbacks=256	result=ok
sample=242	nanos=2383821	callbacks=256	result=ok
sample=243	nanos=2407731	callbacks=256	result=ok
sample=244	nanos=2382961	callbacks=256	result=ok
sample=245	nanos=2387732	callbacks=256	result=ok
sample=246	nanos=2444881	callbacks=256	result=ok
sample=247	nanos=2388761	callbacks=256	result=ok
sample=248	nanos=2409031	callbacks=256	result=ok
sample=249	nanos=2386541	callbacks=256	result=ok
sample=250	nanos=2387121	callbacks=256	result=ok
sample=251	nanos=2419781	callbacks=256	result=ok
sample=252	nanos=2389781	callbacks=256	result=ok
sample=253	nanos=2400121	callbacks=256	result=ok
sample=254	nanos=2400321	callbacks=256	result=ok
sample=255	nanos=2383841	callbacks=256	result=ok
sample=256	nanos=2411221	callbacks=256	result=ok
sample=257	nanos=2393801	callbacks=256	result=ok
sample=258	nanos=2399762	callbacks=256	result=ok
sample=259	nanos=2400051	callbacks=256	result=ok
sample=260	nanos=2382271	callbacks=256	result=ok
sample=261	nanos=2410051	callbacks=256	result=ok
sample=262	nanos=2387141	callbacks=256	result=ok
sample=263	nanos=2398011	callbacks=256	result=ok
sample=264	nanos=2399231	callbacks=256	result=ok
sample=265	nanos=2381371	callbacks=256	result=ok
sample=266	nanos=2413141	callbacks=256	result=ok
sample=267	nanos=2381551	callbacks=256	result=ok
sample=268	nanos=2394171	callbacks=256	result=ok
sample=269	nanos=2395571	callbacks=256	result=ok
sample=270	nanos=2384181	callbacks=256	result=ok
sample=271	nanos=2403081	callbacks=256	result=ok
sample=272	nanos=2395881	callbacks=256	result=ok
sample=273	nanos=2398671	callbacks=256	result=ok
sample=274	nanos=2397721	callbacks=256	result=ok
sample=275	nanos=2377471	callbacks=256	result=ok
sample=276	nanos=2396351	callbacks=256	result=ok
sample=277	nanos=2396991	callbacks=256	result=ok
sample=278	nanos=2399642	callbacks=256	result=ok
sample=279	nanos=2398511	callbacks=256	result=ok
sample=280	nanos=2384341	callbacks=256	result=ok
sample=281	nanos=2399961	callbacks=256	result=ok
sample=282	nanos=2395161	callbacks=256	result=ok
sample=283	nanos=2395271	callbacks=256	result=ok
sample=284	nanos=2397601	callbacks=256	result=ok
sample=285	nanos=2382911	callbacks=256	result=ok
sample=286	nanos=2399561	callbacks=256	result=ok
sample=287	nanos=2398201	callbacks=256	result=ok
sample=288	nanos=2395261	callbacks=256	result=ok
sample=289	nanos=2397161	callbacks=256	result=ok
sample=290	nanos=2389821	callbacks=256	result=ok
sample=291	nanos=2404261	callbacks=256	result=ok
sample=292	nanos=2401441	callbacks=256	result=ok
sample=293	nanos=2398661	callbacks=256	result=ok
sample=294	nanos=2389741	callbacks=256	result=ok
sample=295	nanos=2402251	callbacks=256	result=ok
sample=296	nanos=2404332	callbacks=256	result=ok
sample=297	nanos=2397881	callbacks=256	result=ok
sample=298	nanos=2400741	callbacks=256	result=ok
sample=299	nanos=2421951	callbacks=256	result=ok
sample=300	nanos=2401821	callbacks=256	result=ok
sample=301	nanos=2407541	callbacks=256	result=ok
sample=302	nanos=2398271	callbacks=256	result=ok
sample=303	nanos=2403131	callbacks=256	result=ok
sample=304	nanos=2392901	callbacks=256	result=ok
sample=305	nanos=2392491	callbacks=256	result=ok
sample=306	nanos=2407932	callbacks=256	result=ok
sample=307	nanos=2458161	callbacks=256	result=ok
sample=308	nanos=2430801	callbacks=256	result=ok
sample=309	nanos=2398841	callbacks=256	result=ok
sample=310	nanos=2403001	callbacks=256	result=ok
sample=311	nanos=2409181	callbacks=256	result=ok
sample=312	nanos=2403741	callbacks=256	result=ok
sample=313	nanos=2410432	callbacks=256	result=ok
sample=314	nanos=2394071	callbacks=256	result=ok
sample=315	nanos=2405991	callbacks=256	result=ok
sample=316	nanos=2411211	callbacks=256	result=ok
sample=317	nanos=2431351	callbacks=256	result=ok
sample=318	nanos=2405721	callbacks=256	result=ok
sample=319	nanos=2397261	callbacks=256	result=ok
sample=320	nanos=2426801	callbacks=256	result=ok
sample=321	nanos=2396091	callbacks=256	result=ok
sample=322	nanos=2404752	callbacks=256	result=ok
sample=323	nanos=2403181	callbacks=256	result=ok
sample=324	nanos=2391131	callbacks=256	result=ok
sample=325	nanos=2445261	callbacks=256	result=ok
sample=326	nanos=2394181	callbacks=256	result=ok
sample=327	nanos=2406591	callbacks=256	result=ok
sample=328	nanos=2404811	callbacks=256	result=ok
sample=329	nanos=2390441	callbacks=256	result=ok
sample=330	nanos=2416461	callbacks=256	result=ok
sample=331	nanos=2385221	callbacks=256	result=ok
sample=332	nanos=2438002	callbacks=256	result=ok
sample=333	nanos=2403131	callbacks=256	result=ok
sample=334	nanos=2393951	callbacks=256	result=ok
sample=335	nanos=2435591	callbacks=256	result=ok
sample=336	nanos=2390581	callbacks=256	result=ok
sample=337	nanos=2409751	callbacks=256	result=ok
sample=338	nanos=2403461	callbacks=256	result=ok
sample=339	nanos=2394751	callbacks=256	result=ok
sample=340	nanos=2419592	callbacks=256	result=ok
sample=341	nanos=2395501	callbacks=256	result=ok
sample=342	nanos=2409241	callbacks=256	result=ok
sample=343	nanos=2403281	callbacks=256	result=ok
sample=344	nanos=2396631	callbacks=256	result=ok
sample=345	nanos=2421351	callbacks=256	result=ok
sample=346	nanos=2400511	callbacks=256	result=ok
sample=347	nanos=2404961	callbacks=256	result=ok
sample=348	nanos=2401261	callbacks=256	result=ok
sample=349	nanos=2394331	callbacks=256	result=ok
sample=350	nanos=2420162	callbacks=256	result=ok
sample=351	nanos=2387850	callbacks=256	result=ok
sample=352	nanos=2399132	callbacks=256	result=ok
sample=353	nanos=2400571	callbacks=256	result=ok
sample=354	nanos=2388841	callbacks=256	result=ok
sample=355	nanos=2415551	callbacks=256	result=ok
sample=356	nanos=2387361	callbacks=256	result=ok
sample=357	nanos=2405071	callbacks=256	result=ok
sample=358	nanos=2407901	callbacks=256	result=ok
sample=359	nanos=2388991	callbacks=256	result=ok
sample=360	nanos=2417051	callbacks=256	result=ok
sample=361	nanos=2386191	callbacks=256	result=ok
sample=362	nanos=2391831	callbacks=256	result=ok
sample=363	nanos=2413841	callbacks=256	result=ok
sample=364	nanos=2394311	callbacks=256	result=ok
sample=365	nanos=2415662	callbacks=256	result=ok
sample=366	nanos=2384171	callbacks=256	result=ok
sample=367	nanos=2386241	callbacks=256	result=ok
sample=368	nanos=2412941	callbacks=256	result=ok
sample=369	nanos=2393671	callbacks=256	result=ok
sample=370	nanos=2423291	callbacks=256	result=ok
sample=371	nanos=2392081	callbacks=256	result=ok
sample=372	nanos=2393001	callbacks=256	result=ok
sample=373	nanos=2415711	callbacks=256	result=ok
sample=374	nanos=2394711	callbacks=256	result=ok
sample=375	nanos=2425302	callbacks=256	result=ok
sample=376	nanos=2390111	callbacks=256	result=ok
sample=377	nanos=2403631	callbacks=256	result=ok
sample=378	nanos=2403241	callbacks=256	result=ok
sample=379	nanos=2399651	callbacks=256	result=ok
sample=380	nanos=2420891	callbacks=256	result=ok
sample=381	nanos=2389351	callbacks=256	result=ok
sample=382	nanos=2411281	callbacks=256	result=ok
sample=383	nanos=2399141	callbacks=256	result=ok
sample=384	nanos=2395581	callbacks=256	result=ok
sample=385	nanos=2420431	callbacks=256	result=ok
sample=386	nanos=2389371	callbacks=256	result=ok
sample=387	nanos=2410841	callbacks=256	result=ok
sample=388	nanos=2403812	callbacks=256	result=ok
sample=389	nanos=2394721	callbacks=256	result=ok
sample=390	nanos=2418451	callbacks=256	result=ok
sample=391	nanos=2401131	callbacks=256	result=ok
sample=392	nanos=2409251	callbacks=256	result=ok
sample=393	nanos=2397951	callbacks=256	result=ok
sample=394	nanos=2392111	callbacks=256	result=ok
sample=395	nanos=2421321	callbacks=256	result=ok
sample=396	nanos=2394591	callbacks=256	result=ok
sample=397	nanos=2409251	callbacks=256	result=ok
sample=398	nanos=2400222	callbacks=256	result=ok
sample=399	nanos=2388761	callbacks=256	result=ok
sample=400	nanos=2418481	callbacks=256	result=ok
sample=401	nanos=2385081	callbacks=256	result=ok
sample=402	nanos=2410421	callbacks=256	result=ok
sample=403	nanos=2396951	callbacks=256	result=ok
sample=404	nanos=2392521	callbacks=256	result=ok
sample=405	nanos=2416601	callbacks=256	result=ok
sample=406	nanos=2397491	callbacks=256	result=ok
sample=407	nanos=2413921	callbacks=256	result=ok
sample=408	nanos=2399721	callbacks=256	result=ok
sample=409	nanos=2396131	callbacks=256	result=ok
sample=410	nanos=2417252	callbacks=256	result=ok
sample=411	nanos=2400301	callbacks=256	result=ok
sample=412	nanos=2409411	callbacks=256	result=ok
sample=413	nanos=2401471	callbacks=256	result=ok
sample=414	nanos=2398531	callbacks=256	result=ok
sample=415	nanos=2410661	callbacks=256	result=ok
sample=416	nanos=2399311	callbacks=256	result=ok
sample=417	nanos=2409411	callbacks=256	result=ok
sample=418	nanos=2400391	callbacks=256	result=ok
sample=419	nanos=2395161	callbacks=256	result=ok
sample=420	nanos=2407642	callbacks=256	result=ok
sample=421	nanos=2401141	callbacks=256	result=ok
sample=422	nanos=2410911	callbacks=256	result=ok
sample=423	nanos=2399551	callbacks=256	result=ok
sample=424	nanos=2391381	callbacks=256	result=ok
sample=425	nanos=2407511	callbacks=256	result=ok
sample=426	nanos=2403301	callbacks=256	result=ok
sample=427	nanos=2404791	callbacks=256	result=ok
sample=428	nanos=2396651	callbacks=256	result=ok
sample=429	nanos=2391111	callbacks=256	result=ok
sample=430	nanos=2404581	callbacks=256	result=ok
sample=431	nanos=2396861	callbacks=256	result=ok
sample=432	nanos=2402982	callbacks=256	result=ok
sample=433	nanos=2397601	callbacks=256	result=ok
sample=434	nanos=2389311	callbacks=256	result=ok
sample=435	nanos=2404021	callbacks=256	result=ok
sample=436	nanos=2398301	callbacks=256	result=ok
sample=437	nanos=2404141	callbacks=256	result=ok
sample=438	nanos=2399561	callbacks=256	result=ok
sample=439	nanos=2393311	callbacks=256	result=ok
sample=440	nanos=2408611	callbacks=256	result=ok
sample=441	nanos=2395351	callbacks=256	result=ok
sample=442	nanos=2406851	callbacks=256	result=ok
sample=443	nanos=2401511	callbacks=256	result=ok
sample=444	nanos=2395931	callbacks=256	result=ok
sample=445	nanos=2404821	callbacks=256	result=ok
sample=446	nanos=2398012	callbacks=256	result=ok
sample=447	nanos=2421831	callbacks=256	result=ok
sample=448	nanos=2386751	callbacks=256	result=ok
sample=449	nanos=2402851	callbacks=256	result=ok
sample=450	nanos=2407251	callbacks=256	result=ok
sample=451	nanos=2402101	callbacks=256	result=ok
sample=452	nanos=2406031	callbacks=256	result=ok
sample=453	nanos=2386481	callbacks=256	result=ok
sample=454	nanos=2401731	callbacks=256	result=ok
sample=455	nanos=2406571	callbacks=256	result=ok
sample=456	nanos=2403051	callbacks=256	result=ok
sample=457	nanos=2409242	callbacks=256	result=ok
sample=458	nanos=2388131	callbacks=256	result=ok
sample=459	nanos=2422451	callbacks=256	result=ok
sample=460	nanos=2392401	callbacks=256	result=ok
sample=461	nanos=2397581	callbacks=256	result=ok
sample=462	nanos=2415631	callbacks=256	result=ok
sample=463	nanos=2384791	callbacks=256	result=ok
sample=464	nanos=2417331	callbacks=256	result=ok
sample=465	nanos=2398981	callbacks=256	result=ok
sample=466	nanos=2398381	callbacks=256	result=ok
sample=467	nanos=2407191	callbacks=256	result=ok
sample=468	nanos=2384881	callbacks=256	result=ok
sample=469	nanos=2416702	callbacks=256	result=ok
sample=470	nanos=2388601	callbacks=256	result=ok
sample=471	nanos=2402501	callbacks=256	result=ok
sample=472	nanos=2414511	callbacks=256	result=ok
sample=473	nanos=2386791	callbacks=256	result=ok
sample=474	nanos=2418301	callbacks=256	result=ok
sample=475	nanos=2391321	callbacks=256	result=ok
sample=476	nanos=2402071	callbacks=256	result=ok
sample=477	nanos=2406441	callbacks=256	result=ok
sample=478	nanos=2392441	callbacks=256	result=ok
sample=479	nanos=2417402	callbacks=256	result=ok
sample=480	nanos=2390390	callbacks=256	result=ok
sample=481	nanos=2386041	callbacks=256	result=ok
sample=482	nanos=2416962	callbacks=256	result=ok
sample=483	nanos=2390091	callbacks=256	result=ok
sample=484	nanos=2418311	callbacks=256	result=ok
sample=485	nanos=2392891	callbacks=256	result=ok
sample=486	nanos=2386101	callbacks=256	result=ok
sample=487	nanos=2414001	callbacks=256	result=ok
sample=488	nanos=2386121	callbacks=256	result=ok
sample=489	nanos=2416751	callbacks=256	result=ok
sample=490	nanos=2391361	callbacks=256	result=ok
sample=491	nanos=2388051	callbacks=256	result=ok
sample=492	nanos=2418721	callbacks=256	result=ok
sample=493	nanos=2385321	callbacks=256	result=ok
sample=494	nanos=2416252	callbacks=256	result=ok
sample=495	nanos=2389951	callbacks=256	result=ok
sample=496	nanos=2387171	callbacks=256	result=ok
sample=497	nanos=2420641	callbacks=256	result=ok
sample=498	nanos=2392121	callbacks=256	result=ok
sample=499	nanos=2421441	callbacks=256	result=ok
sample=500	nanos=2392721	callbacks=256	result=ok
sample=501	nanos=2389741	callbacks=256	result=ok
sample=502	nanos=2422411	callbacks=256	result=ok
sample=503	nanos=2390911	callbacks=256	result=ok
sample=504	nanos=2421481	callbacks=256	result=ok
sample=505	nanos=2398302	callbacks=256	result=ok
sample=506	nanos=2391701	callbacks=256	result=ok
sample=507	nanos=2420571	callbacks=256	result=ok
sample=508	nanos=2394421	callbacks=256	result=ok
sample=509	nanos=2420561	callbacks=256	result=ok
sample=510	nanos=2392971	callbacks=256	result=ok
sample=511	nanos=2389031	callbacks=256	result=ok
sample=512	nanos=2419951	callbacks=256	result=ok
sample=513	nanos=2422431	callbacks=256	result=ok
sample=514	nanos=2423652	callbacks=256	result=ok
sample=515	nanos=2396051	callbacks=256	result=ok
sample=516	nanos=2388471	callbacks=256	result=ok
sample=517	nanos=2419731	callbacks=256	result=ok
sample=518	nanos=2391951	callbacks=256	result=ok
sample=519	nanos=2421451	callbacks=256	result=ok
sample=520	nanos=2392921	callbacks=256	result=ok
sample=521	nanos=2389871	callbacks=256	result=ok
sample=522	nanos=2419441	callbacks=256	result=ok
sample=523	nanos=2395721	callbacks=256	result=ok
sample=524	nanos=2424581	callbacks=256	result=ok
sample=525	nanos=2396092	callbacks=256	result=ok
sample=526	nanos=2392661	callbacks=256	result=ok
sample=527	nanos=2420421	callbacks=256	result=ok
sample=528	nanos=2389841	callbacks=256	result=ok
sample=529	nanos=2416351	callbacks=256	result=ok
sample=530	nanos=2396301	callbacks=256	result=ok
sample=531	nanos=2404931	callbacks=256	result=ok
sample=532	nanos=2402921	callbacks=256	result=ok
sample=533	nanos=2392411	callbacks=256	result=ok
sample=534	nanos=2411511	callbacks=256	result=ok
sample=535	nanos=2405232	callbacks=256	result=ok
sample=536	nanos=2403191	callbacks=256	result=ok
sample=537	nanos=2403991	callbacks=256	result=ok
sample=538	nanos=2394821	callbacks=256	result=ok
sample=539	nanos=2408261	callbacks=256	result=ok
sample=540	nanos=2410241	callbacks=256	result=ok
sample=541	nanos=2403441	callbacks=256	result=ok
sample=542	nanos=2404231	callbacks=256	result=ok
sample=543	nanos=2388481	callbacks=256	result=ok
sample=544	nanos=2409511	callbacks=256	result=ok
sample=545	nanos=2428012	callbacks=256	result=ok
sample=546	nanos=2406161	callbacks=256	result=ok
sample=547	nanos=2406031	callbacks=256	result=ok
sample=548	nanos=2394851	callbacks=256	result=ok
sample=549	nanos=2414191	callbacks=256	result=ok
sample=550	nanos=2405231	callbacks=256	result=ok
sample=551	nanos=2402711	callbacks=256	result=ok
sample=552	nanos=2402901	callbacks=256	result=ok
sample=553	nanos=2389131	callbacks=256	result=ok
sample=554	nanos=2408491	callbacks=256	result=ok
sample=555	nanos=2403841	callbacks=256	result=ok
sample=556	nanos=2403072	callbacks=256	result=ok
sample=557	nanos=2403701	callbacks=256	result=ok
sample=558	nanos=2389751	callbacks=256	result=ok
sample=559	nanos=2411361	callbacks=256	result=ok
sample=560	nanos=2406491	callbacks=256	result=ok
sample=561	nanos=2407161	callbacks=256	result=ok
sample=562	nanos=2404691	callbacks=256	result=ok
sample=563	nanos=2389421	callbacks=256	result=ok
sample=564	nanos=2409731	callbacks=256	result=ok
sample=565	nanos=2406571	callbacks=256	result=ok
sample=566	nanos=2408501	callbacks=256	result=ok
sample=567	nanos=2405791	callbacks=256	result=ok
sample=568	nanos=2389682	callbacks=256	result=ok
sample=569	nanos=2408781	callbacks=256	result=ok
sample=570	nanos=2410771	callbacks=256	result=ok
sample=571	nanos=2409131	callbacks=256	result=ok
sample=572	nanos=2409591	callbacks=256	result=ok
sample=573	nanos=2400211	callbacks=256	result=ok
sample=574	nanos=2413411	callbacks=256	result=ok
sample=575	nanos=2409111	callbacks=256	result=ok
sample=576	nanos=2409332	callbacks=256	result=ok
sample=577	nanos=2411251	callbacks=256	result=ok
sample=578	nanos=2411021	callbacks=256	result=ok
sample=579	nanos=2402011	callbacks=256	result=ok
sample=580	nanos=2411341	callbacks=256	result=ok
sample=581	nanos=2409981	callbacks=256	result=ok
sample=582	nanos=2411531	callbacks=256	result=ok
sample=583	nanos=2430731	callbacks=256	result=ok
sample=584	nanos=2393441	callbacks=256	result=ok
sample=585	nanos=2404352	callbacks=256	result=ok
sample=586	nanos=2407331	callbacks=256	result=ok
sample=587	nanos=2406671	callbacks=256	result=ok
sample=588	nanos=2409661	callbacks=256	result=ok
sample=589	nanos=2393841	callbacks=256	result=ok
sample=590	nanos=2407761	callbacks=256	result=ok
sample=591	nanos=2409161	callbacks=256	result=ok
sample=592	nanos=2414361	callbacks=256	result=ok
sample=593	nanos=2409461	callbacks=256	result=ok
sample=594	nanos=2392182	callbacks=256	result=ok
sample=595	nanos=2408471	callbacks=256	result=ok
sample=596	nanos=2405561	callbacks=256	result=ok
sample=597	nanos=2404981	callbacks=256	result=ok
sample=598	nanos=2408361	callbacks=256	result=ok
sample=599	nanos=2393201	callbacks=256	result=ok
sample=600	nanos=2403831	callbacks=256	result=ok
sample=601	nanos=2405171	callbacks=256	result=ok
sample=602	nanos=2409711	callbacks=256	result=ok
sample=603	nanos=2412671	callbacks=256	result=ok
sample=604	nanos=2392121	callbacks=256	result=ok
sample=605	nanos=2420972	callbacks=256	result=ok
sample=606	nanos=2394301	callbacks=256	result=ok
sample=607	nanos=2537851	callbacks=256	result=ok
sample=608	nanos=2408671	callbacks=256	result=ok
sample=609	nanos=2402352	callbacks=256	result=ok
sample=610	nanos=2407461	callbacks=256	result=ok
sample=611	nanos=2387991	callbacks=256	result=ok
sample=612	nanos=2407821	callbacks=256	result=ok
sample=613	nanos=2407021	callbacks=256	result=ok
sample=614	nanos=2389191	callbacks=256	result=ok
sample=615	nanos=2418601	callbacks=256	result=ok
sample=616	nanos=2391741	callbacks=256	result=ok
sample=617	nanos=2405511	callbacks=256	result=ok
sample=618	nanos=2409061	callbacks=256	result=ok
sample=619	nanos=2392701	callbacks=256	result=ok
sample=620	nanos=2424612	callbacks=256	result=ok
sample=621	nanos=2390731	callbacks=256	result=ok
sample=622	nanos=2419511	callbacks=256	result=ok
sample=623	nanos=2394851	callbacks=256	result=ok
sample=624	nanos=2390501	callbacks=256	result=ok
sample=625	nanos=2421981	callbacks=256	result=ok
sample=626	nanos=2390701	callbacks=256	result=ok
sample=627	nanos=2417651	callbacks=256	result=ok
sample=628	nanos=2394981	callbacks=256	result=ok
sample=629	nanos=2393831	callbacks=256	result=ok
sample=630	nanos=2422672	callbacks=256	result=ok
sample=631	nanos=2390351	callbacks=256	result=ok
sample=632	nanos=2421841	callbacks=256	result=ok
sample=633	nanos=2395501	callbacks=256	result=ok
sample=634	nanos=2391311	callbacks=256	result=ok
sample=635	nanos=2422991	callbacks=256	result=ok
sample=636	nanos=2389881	callbacks=256	result=ok
sample=637	nanos=2421191	callbacks=256	result=ok
sample=638	nanos=2392391	callbacks=256	result=ok
sample=639	nanos=2391701	callbacks=256	result=ok
sample=640	nanos=2421021	callbacks=256	result=ok
sample=641	nanos=2390651	callbacks=256	result=ok
sample=642	nanos=2420042	callbacks=256	result=ok
sample=643	nanos=2394021	callbacks=256	result=ok
sample=644	nanos=2392651	callbacks=256	result=ok
sample=645	nanos=2419031	callbacks=256	result=ok
sample=646	nanos=2393341	callbacks=256	result=ok
sample=647	nanos=2419581	callbacks=256	result=ok
sample=648	nanos=2393661	callbacks=256	result=ok
sample=649	nanos=2396861	callbacks=256	result=ok
sample=650	nanos=2417251	callbacks=256	result=ok
sample=651	nanos=2390571	callbacks=256	result=ok
sample=652	nanos=2419842	callbacks=256	result=ok
sample=653	nanos=2393731	callbacks=256	result=ok
sample=654	nanos=2388561	callbacks=256	result=ok
sample=655	nanos=2419931	callbacks=256	result=ok
sample=656	nanos=2388501	callbacks=256	result=ok
sample=657	nanos=2421281	callbacks=256	result=ok
sample=658	nanos=2395861	callbacks=256	result=ok
sample=659	nanos=2389891	callbacks=256	result=ok
sample=660	nanos=2419271	callbacks=256	result=ok
sample=661	nanos=2390471	callbacks=256	result=ok
sample=662	nanos=2420832	callbacks=256	result=ok
sample=663	nanos=2394701	callbacks=256	result=ok
sample=664	nanos=2392131	callbacks=256	result=ok
sample=665	nanos=2421871	callbacks=256	result=ok
sample=666	nanos=2389821	callbacks=256	result=ok
sample=667	nanos=2411531	callbacks=256	result=ok
sample=668	nanos=2402571	callbacks=256	result=ok
sample=669	nanos=2389971	callbacks=256	result=ok
sample=670	nanos=2420841	callbacks=256	result=ok
sample=671	nanos=2392461	callbacks=256	result=ok
sample=672	nanos=2443522	callbacks=256	result=ok
sample=673	nanos=2406331	callbacks=256	result=ok
sample=674	nanos=2409831	callbacks=256	result=ok
sample=675	nanos=2405301	callbacks=256	result=ok
sample=676	nanos=2393551	callbacks=256	result=ok
sample=677	nanos=2411821	callbacks=256	result=ok
sample=678	nanos=2408881	callbacks=256	result=ok
sample=679	nanos=2407111	callbacks=256	result=ok
sample=680	nanos=2404671	callbacks=256	result=ok
sample=681	nanos=2393121	callbacks=256	result=ok
sample=682	nanos=2411102	callbacks=256	result=ok
sample=683	nanos=2403621	callbacks=256	result=ok
sample=684	nanos=2405601	callbacks=256	result=ok
sample=685	nanos=2405911	callbacks=256	result=ok
sample=686	nanos=2390731	callbacks=256	result=ok
sample=687	nanos=2409591	callbacks=256	result=ok
sample=688	nanos=2407041	callbacks=256	result=ok
sample=689	nanos=2403581	callbacks=256	result=ok
sample=690	nanos=2403011	callbacks=256	result=ok
sample=691	nanos=2389291	callbacks=256	result=ok
sample=692	nanos=2407611	callbacks=256	result=ok
sample=693	nanos=2405542	callbacks=256	result=ok
sample=694	nanos=2408521	callbacks=256	result=ok
sample=695	nanos=2404991	callbacks=256	result=ok
sample=696	nanos=2387741	callbacks=256	result=ok
sample=697	nanos=2407221	callbacks=256	result=ok
sample=698	nanos=2425561	callbacks=256	result=ok
sample=699	nanos=2406581	callbacks=256	result=ok
sample=700	nanos=2410681	callbacks=256	result=ok
sample=701	nanos=2389571	callbacks=256	result=ok
sample=702	nanos=2408111	callbacks=256	result=ok
sample=703	nanos=2403772	callbacks=256	result=ok
sample=704	nanos=2408541	callbacks=256	result=ok
sample=705	nanos=2407791	callbacks=256	result=ok
sample=706	nanos=2394791	callbacks=256	result=ok
sample=707	nanos=2411951	callbacks=256	result=ok
sample=708	nanos=2406621	callbacks=256	result=ok
sample=709	nanos=2405391	callbacks=256	result=ok
sample=710	nanos=2403491	callbacks=256	result=ok
sample=711	nanos=2406441	callbacks=256	result=ok
sample=712	nanos=2396841	callbacks=256	result=ok
sample=713	nanos=2407112	callbacks=256	result=ok
sample=714	nanos=2404251	callbacks=256	result=ok
sample=715	nanos=2406151	callbacks=256	result=ok
sample=716	nanos=2407761	callbacks=256	result=ok
sample=717	nanos=2396081	callbacks=256	result=ok
sample=718	nanos=2407201	callbacks=256	result=ok
sample=719	nanos=2405191	callbacks=256	result=ok
sample=720	nanos=2406501	callbacks=256	result=ok
sample=721	nanos=2414261	callbacks=256	result=ok
sample=722	nanos=2389161	callbacks=256	result=ok
sample=723	nanos=2407602	callbacks=256	result=ok
sample=724	nanos=2404001	callbacks=256	result=ok
sample=725	nanos=2410031	callbacks=256	result=ok
sample=726	nanos=2411411	callbacks=256	result=ok
sample=727	nanos=2391041	callbacks=256	result=ok
sample=728	nanos=2406211	callbacks=256	result=ok
sample=729	nanos=2413101	callbacks=256	result=ok
sample=730	nanos=2409871	callbacks=256	result=ok
sample=731	nanos=2412061	callbacks=256	result=ok
sample=732	nanos=2390311	callbacks=256	result=ok
sample=733	nanos=2403642	callbacks=256	result=ok
sample=734	nanos=2407391	callbacks=256	result=ok
sample=735	nanos=2412721	callbacks=256	result=ok
sample=736	nanos=2413571	callbacks=256	result=ok
sample=737	nanos=2396091	callbacks=256	result=ok
sample=738	nanos=2408811	callbacks=256	result=ok
sample=739	nanos=2407341	callbacks=256	result=ok
sample=740	nanos=2407301	callbacks=256	result=ok
sample=741	nanos=2412801	callbacks=256	result=ok
sample=742	nanos=2397351	callbacks=256	result=ok
sample=743	nanos=2410192	callbacks=256	result=ok
sample=744	nanos=2408401	callbacks=256	result=ok
sample=745	nanos=2409731	callbacks=256	result=ok
sample=746	nanos=2411591	callbacks=256	result=ok
sample=747	nanos=2392351	callbacks=256	result=ok
sample=748	nanos=2420111	callbacks=256	result=ok
sample=749	nanos=2391921	callbacks=256	result=ok
sample=750	nanos=2408551	callbacks=256	result=ok
sample=751	nanos=2442232	callbacks=256	result=ok
sample=752	nanos=2392561	callbacks=256	result=ok
sample=753	nanos=2420921	callbacks=256	result=ok
sample=754	nanos=2389091	callbacks=256	result=ok
sample=755	nanos=2406311	callbacks=256	result=ok
sample=756	nanos=2408191	callbacks=256	result=ok
sample=757	nanos=2390781	callbacks=256	result=ok
sample=758	nanos=2424901	callbacks=256	result=ok
sample=759	nanos=2392351	callbacks=256	result=ok
sample=760	nanos=2411571	callbacks=256	result=ok
sample=761	nanos=2409772	callbacks=256	result=ok
sample=762	nanos=2392281	callbacks=256	result=ok
sample=763	nanos=2420161	callbacks=256	result=ok
sample=764	nanos=2390571	callbacks=256	result=ok
sample=765	nanos=2407831	callbacks=256	result=ok
sample=766	nanos=2411371	callbacks=256	result=ok
sample=767	nanos=2390671	callbacks=256	result=ok
sample=768	nanos=2418591	callbacks=256	result=ok
sample=769	nanos=2388241	callbacks=256	result=ok
sample=770	nanos=2402851	callbacks=256	result=ok
sample=771	nanos=2408321	callbacks=256	result=ok
sample=772	nanos=2392381	callbacks=256	result=ok
sample=773	nanos=2420142	callbacks=256	result=ok
sample=774	nanos=2393281	callbacks=256	result=ok
sample=775	nanos=2398961	callbacks=256	result=ok
sample=776	nanos=2424791	callbacks=256	result=ok
sample=777	nanos=2388951	callbacks=256	result=ok
sample=778	nanos=2421571	callbacks=256	result=ok
sample=779	nanos=2392611	callbacks=256	result=ok
sample=780	nanos=2396941	callbacks=256	result=ok
sample=781	nanos=2442372	callbacks=256	result=ok
sample=782	nanos=2393401	callbacks=256	result=ok
sample=783	nanos=2421771	callbacks=256	result=ok
sample=784	nanos=2391701	callbacks=256	result=ok
sample=785	nanos=2407381	callbacks=256	result=ok
sample=786	nanos=2408301	callbacks=256	result=ok
sample=787	nanos=2393081	callbacks=256	result=ok
sample=788	nanos=2417831	callbacks=256	result=ok
sample=789	nanos=2391881	callbacks=256	result=ok
sample=790	nanos=2408631	callbacks=256	result=ok
sample=791	nanos=2406221	callbacks=256	result=ok
sample=792	nanos=2389262	callbacks=256	result=ok
sample=793	nanos=2420321	callbacks=256	result=ok
sample=794	nanos=2394801	callbacks=256	result=ok
sample=795	nanos=2411151	callbacks=256	result=ok
sample=796	nanos=2405561	callbacks=256	result=ok
sample=797	nanos=2388971	callbacks=256	result=ok
sample=798	nanos=2421681	callbacks=256	result=ok
sample=799	nanos=2390981	callbacks=256	result=ok
sample=800	nanos=2410131	callbacks=256	result=ok
sample=801	nanos=2408581	callbacks=256	result=ok
sample=802	nanos=2388811	callbacks=256	result=ok
sample=803	nanos=2420892	callbacks=256	result=ok
sample=804	nanos=2391971	callbacks=256	result=ok
sample=805	nanos=2411131	callbacks=256	result=ok
sample=806	nanos=2404791	callbacks=256	result=ok
sample=807	nanos=2388811	callbacks=256	result=ok
sample=808	nanos=2425071	callbacks=256	result=ok
sample=809	nanos=2390301	callbacks=256	result=ok
sample=810	nanos=2409241	callbacks=256	result=ok
sample=811	nanos=2404801	callbacks=256	result=ok
sample=812	nanos=2396101	callbacks=256	result=ok
sample=813	nanos=2424052	callbacks=256	result=ok
sample=814	nanos=2400091	callbacks=256	result=ok
sample=815	nanos=2410441	callbacks=256	result=ok
sample=816	nanos=2406111	callbacks=256	result=ok
sample=817	nanos=2392311	callbacks=256	result=ok
sample=818	nanos=2424251	callbacks=256	result=ok
sample=819	nanos=2395901	callbacks=256	result=ok
sample=820	nanos=2415971	callbacks=256	result=ok
sample=821	nanos=2410041	callbacks=256	result=ok
sample=822	nanos=2414192	callbacks=256	result=ok
sample=823	nanos=2412411	callbacks=256	result=ok
sample=824	nanos=2397101	callbacks=256	result=ok
sample=825	nanos=2422371	callbacks=256	result=ok
sample=826	nanos=2416711	callbacks=256	result=ok
sample=827	nanos=2430461	callbacks=256	result=ok
sample=828	nanos=2403621	callbacks=256	result=ok
sample=829	nanos=2390271	callbacks=256	result=ok
sample=830	nanos=2411852	callbacks=256	result=ok
sample=831	nanos=2426031	callbacks=256	result=ok
sample=832	nanos=2405431	callbacks=256	result=ok
sample=833	nanos=2404791	callbacks=256	result=ok
sample=834	nanos=2389551	callbacks=256	result=ok
sample=835	nanos=2408581	callbacks=256	result=ok
sample=836	nanos=2405381	callbacks=256	result=ok
sample=837	nanos=2402581	callbacks=256	result=ok
sample=838	nanos=2402911	callbacks=256	result=ok
sample=839	nanos=2389661	callbacks=256	result=ok
sample=840	nanos=2408072	callbacks=256	result=ok
sample=841	nanos=2402551	callbacks=256	result=ok
sample=842	nanos=2403991	callbacks=256	result=ok
sample=843	nanos=2404221	callbacks=256	result=ok
sample=844	nanos=2388601	callbacks=256	result=ok
sample=845	nanos=2407591	callbacks=256	result=ok
sample=846	nanos=2401011	callbacks=256	result=ok
sample=847	nanos=2402161	callbacks=256	result=ok
sample=848	nanos=2404501	callbacks=256	result=ok
sample=849	nanos=2389711	callbacks=256	result=ok
sample=850	nanos=2410151	callbacks=256	result=ok
sample=851	nanos=2409772	callbacks=256	result=ok
sample=852	nanos=2403711	callbacks=256	result=ok
sample=853	nanos=2400821	callbacks=256	result=ok
sample=854	nanos=2386761	callbacks=256	result=ok
sample=855	nanos=2407411	callbacks=256	result=ok
sample=856	nanos=2405221	callbacks=256	result=ok
sample=857	nanos=2405291	callbacks=256	result=ok
sample=858	nanos=2407821	callbacks=256	result=ok
sample=859	nanos=2390931	callbacks=256	result=ok
sample=860	nanos=2405201	callbacks=256	result=ok
sample=861	nanos=2402871	callbacks=256	result=ok
sample=862	nanos=2401651	callbacks=256	result=ok
sample=863	nanos=2390441	callbacks=256	result=ok
sample=864	nanos=2400992	callbacks=256	result=ok
sample=865	nanos=2406841	callbacks=256	result=ok
sample=866	nanos=2405661	callbacks=256	result=ok
sample=867	nanos=2403831	callbacks=256	result=ok
sample=868	nanos=2394981	callbacks=256	result=ok
sample=869	nanos=2413781	callbacks=256	result=ok
sample=870	nanos=2391561	callbacks=256	result=ok
sample=871	nanos=2406771	callbacks=256	result=ok
sample=872	nanos=2405601	callbacks=256	result=ok
sample=873	nanos=2392231	callbacks=256	result=ok
sample=874	nanos=2414431	callbacks=256	result=ok
sample=875	nanos=2392351	callbacks=256	result=ok
sample=876	nanos=2406422	callbacks=256	result=ok
sample=877	nanos=2403141	callbacks=256	result=ok
sample=878	nanos=2396601	callbacks=256	result=ok
sample=879	nanos=2414731	callbacks=256	result=ok
sample=880	nanos=2395791	callbacks=256	result=ok
sample=881	nanos=2401871	callbacks=256	result=ok
sample=882	nanos=2406291	callbacks=256	result=ok
sample=883	nanos=2392201	callbacks=256	result=ok
sample=884	nanos=2419201	callbacks=256	result=ok
sample=885	nanos=2392291	callbacks=256	result=ok
sample=886	nanos=2408022	callbacks=256	result=ok
sample=887	nanos=2403361	callbacks=256	result=ok
sample=888	nanos=2395851	callbacks=256	result=ok
sample=889	nanos=2418571	callbacks=256	result=ok
sample=890	nanos=2390821	callbacks=256	result=ok
sample=891	nanos=2408831	callbacks=256	result=ok
sample=892	nanos=2405221	callbacks=256	result=ok
sample=893	nanos=2393631	callbacks=256	result=ok
sample=894	nanos=2424611	callbacks=256	result=ok
sample=895	nanos=2396781	callbacks=256	result=ok
sample=896	nanos=2409872	callbacks=256	result=ok
sample=897	nanos=2407081	callbacks=256	result=ok
sample=898	nanos=2397081	callbacks=256	result=ok
sample=899	nanos=2423191	callbacks=256	result=ok
sample=900	nanos=2393981	callbacks=256	result=ok
sample=901	nanos=2407381	callbacks=256	result=ok
sample=902	nanos=2410321	callbacks=256	result=ok
sample=903	nanos=2395011	callbacks=256	result=ok
sample=904	nanos=2420091	callbacks=256	result=ok
sample=905	nanos=2396381	callbacks=256	result=ok
sample=906	nanos=2406322	callbacks=256	result=ok
sample=907	nanos=2407911	callbacks=256	result=ok
sample=908	nanos=2395601	callbacks=256	result=ok
sample=909	nanos=2419381	callbacks=256	result=ok
sample=910	nanos=2390501	callbacks=256	result=ok
sample=911	nanos=2405321	callbacks=256	result=ok
sample=912	nanos=2401461	callbacks=256	result=ok
sample=913	nanos=2395851	callbacks=256	result=ok
sample=914	nanos=2423131	callbacks=256	result=ok
sample=915	nanos=2390211	callbacks=256	result=ok
sample=916	nanos=2420712	callbacks=256	result=ok
sample=917	nanos=2389651	callbacks=256	result=ok
sample=918	nanos=2396551	callbacks=256	result=ok
sample=919	nanos=2423271	callbacks=256	result=ok
sample=920	nanos=2392311	callbacks=256	result=ok
sample=921	nanos=2427771	callbacks=256	result=ok
sample=922	nanos=2404671	callbacks=256	result=ok
sample=923	nanos=2394941	callbacks=256	result=ok
sample=924	nanos=2424111	callbacks=256	result=ok
sample=925	nanos=2394861	callbacks=256	result=ok
sample=926	nanos=2424542	callbacks=256	result=ok
sample=927	nanos=2396821	callbacks=256	result=ok
sample=928	nanos=2396971	callbacks=256	result=ok
sample=929	nanos=2427011	callbacks=256	result=ok
sample=930	nanos=2391951	callbacks=256	result=ok
sample=931	nanos=2424291	callbacks=256	result=ok
sample=932	nanos=2394501	callbacks=256	result=ok
sample=933	nanos=2399691	callbacks=256	result=ok
sample=934	nanos=2422801	callbacks=256	result=ok
sample=935	nanos=2392331	callbacks=256	result=ok
sample=936	nanos=2421772	callbacks=256	result=ok
sample=937	nanos=2392171	callbacks=256	result=ok
sample=938	nanos=2419441	callbacks=256	result=ok
sample=939	nanos=2421141	callbacks=256	result=ok
sample=940	nanos=2393331	callbacks=256	result=ok
sample=941	nanos=2427711	callbacks=256	result=ok
sample=942	nanos=2396211	callbacks=256	result=ok
sample=943	nanos=2411351	callbacks=256	result=ok
sample=944	nanos=2408232	callbacks=256	result=ok
sample=945	nanos=2397061	callbacks=256	result=ok
sample=946	nanos=2424071	callbacks=256	result=ok
sample=947	nanos=2391951	callbacks=256	result=ok
sample=948	nanos=2412601	callbacks=256	result=ok
sample=949	nanos=2407851	callbacks=256	result=ok
sample=950	nanos=2391871	callbacks=256	result=ok
sample=951	nanos=2425561	callbacks=256	result=ok
sample=952	nanos=2396831	callbacks=256	result=ok
sample=953	nanos=2414502	callbacks=256	result=ok
sample=954	nanos=2410161	callbacks=256	result=ok
sample=955	nanos=2387951	callbacks=256	result=ok
sample=956	nanos=2420401	callbacks=256	result=ok
sample=957	nanos=2387901	callbacks=256	result=ok
sample=958	nanos=2411721	callbacks=256	result=ok
sample=959	nanos=2406581	callbacks=256	result=ok
sample=960	nanos=2396081	callbacks=256	result=ok
sample=961	nanos=2419751	callbacks=256	result=ok
sample=962	nanos=2388821	callbacks=256	result=ok
sample=963	nanos=2406471	callbacks=256	result=ok
sample=964	nanos=2426592	callbacks=256	result=ok
sample=965	nanos=2390361	callbacks=256	result=ok
sample=966	nanos=2410661	callbacks=256	result=ok
sample=967	nanos=2399811	callbacks=256	result=ok
sample=968	nanos=2411321	callbacks=256	result=ok
sample=969	nanos=2403481	callbacks=256	result=ok
sample=970	nanos=2391201	callbacks=256	result=ok
sample=971	nanos=2407951	callbacks=256	result=ok
sample=972	nanos=2403131	callbacks=256	result=ok
sample=973	nanos=2408411	callbacks=256	result=ok
sample=974	nanos=2406712	callbacks=256	result=ok
sample=975	nanos=2388311	callbacks=256	result=ok
sample=976	nanos=2408491	callbacks=256	result=ok
sample=977	nanos=2404321	callbacks=256	result=ok
sample=978	nanos=2410211	callbacks=256	result=ok
sample=979	nanos=2405611	callbacks=256	result=ok
sample=980	nanos=2391721	callbacks=256	result=ok
sample=981	nanos=2412301	callbacks=256	result=ok
sample=982	nanos=2399491	callbacks=256	result=ok
sample=983	nanos=2408351	callbacks=256	result=ok
sample=984	nanos=2404891	callbacks=256	result=ok
sample=985	nanos=2403892	callbacks=256	result=ok
sample=986	nanos=2393361	callbacks=256	result=ok
sample=987	nanos=2399981	callbacks=256	result=ok
sample=988	nanos=2411101	callbacks=256	result=ok
sample=989	nanos=2405291	callbacks=256	result=ok
sample=990	nanos=2405571	callbacks=256	result=ok
sample=991	nanos=2392901	callbacks=256	result=ok
sample=992	nanos=2398391	callbacks=256	result=ok
sample=993	nanos=2406081	callbacks=256	result=ok
sample=994	nanos=2405811	callbacks=256	result=ok
sample=995	nanos=2405422	callbacks=256	result=ok
sample=996	nanos=2392851	callbacks=256	result=ok
sample=997	nanos=2400161	callbacks=256	result=ok
sample=998	nanos=2411001	callbacks=256	result=ok
sample=999	nanos=2405091	callbacks=256	result=ok
sample=1000	nanos=2403961	callbacks=256	result=ok
sample=1001	nanos=2396141	callbacks=256	result=ok
sample=1002	nanos=2404211	callbacks=256	result=ok
sample=1003	nanos=2411931	callbacks=256	result=ok
sample=1004	nanos=2407911	callbacks=256	result=ok
sample=1005	nanos=2406881	callbacks=256	result=ok
sample=1006	nanos=2395061	callbacks=256	result=ok
sample=1007	nanos=2398971	callbacks=256	result=ok
sample=1008	nanos=2408202	callbacks=256	result=ok
sample=1009	nanos=2405091	callbacks=256	result=ok
sample=1010	nanos=2404371	callbacks=256	result=ok
sample=1011	nanos=2395951	callbacks=256	result=ok
sample=1012	nanos=2404101	callbacks=256	result=ok
sample=1013	nanos=2410471	callbacks=256	result=ok
sample=1014	nanos=2407591	callbacks=256	result=ok
sample=1015	nanos=2406731	callbacks=256	result=ok
sample=1016	nanos=2395801	callbacks=256	result=ok
sample=1017	nanos=2403291	callbacks=256	result=ok
sample=1018	nanos=2411592	callbacks=256	result=ok
sample=1019	nanos=2405101	callbacks=256	result=ok
sample=1020	nanos=2404701	callbacks=256	result=ok
sample=1021	nanos=2392821	callbacks=256	result=ok
sample=1022	nanos=2396341	callbacks=256	result=ok
sample=1023	nanos=2404321	callbacks=256	result=ok
sample=1024	nanos=2398561	callbacks=256	result=ok
sample=1025	nanos=2435741	callbacks=256	result=ok
sample=1026	nanos=2400371	callbacks=256	result=ok
sample=1027	nanos=2404851	callbacks=256	result=ok
sample=1028	nanos=2416992	callbacks=256	result=ok
sample=1029	nanos=2398021	callbacks=256	result=ok
sample=1030	nanos=2420671	callbacks=256	result=ok
sample=1031	nanos=2398751	callbacks=256	result=ok
sample=1032	nanos=2420591	callbacks=256	result=ok
sample=1033	nanos=2398461	callbacks=256	result=ok
sample=1034	nanos=2407671	callbacks=256	result=ok
sample=1035	nanos=2417351	callbacks=256	result=ok
sample=1036	nanos=2398302	callbacks=256	result=ok
sample=1037	nanos=2424651	callbacks=256	result=ok
sample=1038	nanos=2394911	callbacks=256	result=ok
sample=1039	nanos=2408881	callbacks=256	result=ok
sample=1040	nanos=2410701	callbacks=256	result=ok
sample=1041	nanos=2398791	callbacks=256	result=ok
sample=1042	nanos=2420201	callbacks=256	result=ok
sample=1043	nanos=2397341	callbacks=256	result=ok
sample=1044	nanos=2425582	callbacks=256	result=ok
sample=1045	nanos=2410181	callbacks=256	result=ok
sample=1046	nanos=2401041	callbacks=256	result=ok
sample=1047	nanos=2425171	callbacks=256	result=ok
sample=1048	nanos=2394251	callbacks=256	result=ok
sample=1049	nanos=2409111	callbacks=256	result=ok
sample=1050	nanos=2408891	callbacks=256	result=ok
sample=1051	nanos=2400641	callbacks=256	result=ok
sample=1052	nanos=2424591	callbacks=256	result=ok
sample=1053	nanos=2396512	callbacks=256	result=ok
sample=1054	nanos=2425311	callbacks=256	result=ok
sample=1055	nanos=2393591	callbacks=256	result=ok
sample=1056	nanos=2402291	callbacks=256	result=ok
sample=1057	nanos=2434461	callbacks=256	result=ok
sample=1058	nanos=2395371	callbacks=256	result=ok
sample=1059	nanos=2425911	callbacks=256	result=ok
sample=1060	nanos=2387591	callbacks=256	result=ok
sample=1061	nanos=2402581	callbacks=256	result=ok
sample=1062	nanos=2422232	callbacks=256	result=ok
sample=1063	nanos=2389531	callbacks=256	result=ok
sample=1064	nanos=2419151	callbacks=256	result=ok
sample=1065	nanos=2390221	callbacks=256	result=ok
sample=1066	nanos=2396921	callbacks=256	result=ok
sample=1067	nanos=2429741	callbacks=256	result=ok
sample=1068	nanos=2385841	callbacks=256	result=ok
sample=1069	nanos=2428061	callbacks=256	result=ok
sample=1070	nanos=2403571	callbacks=256	result=ok
sample=1071	nanos=2421722	callbacks=256	result=ok
sample=1072	nanos=2415761	callbacks=256	result=ok
sample=1073	nanos=2390991	callbacks=256	result=ok
sample=1074	nanos=2422521	callbacks=256	result=ok
sample=1075	nanos=2389891	callbacks=256	result=ok
sample=1076	nanos=2390111	callbacks=256	result=ok
sample=1077	nanos=2419451	callbacks=256	result=ok
sample=1078	nanos=2392051	callbacks=256	result=ok
sample=1079	nanos=2425721	callbacks=256	result=ok
sample=1080	nanos=2392161	callbacks=256	result=ok
sample=1081	nanos=2408132	callbacks=256	result=ok
sample=1082	nanos=2401641	callbacks=256	result=ok
sample=1083	nanos=2397631	callbacks=256	result=ok
sample=1084	nanos=2426311	callbacks=256	result=ok
sample=1085	nanos=2393931	callbacks=256	result=ok
sample=1086	nanos=2410421	callbacks=256	result=ok
sample=1087	nanos=2409091	callbacks=256	result=ok
sample=1088	nanos=2391721	callbacks=256	result=ok
sample=1089	nanos=2419181	callbacks=256	result=ok
sample=1090	nanos=2388271	callbacks=256	result=ok
sample=1091	nanos=2404991	callbacks=256	result=ok
sample=1092	nanos=2408502	callbacks=256	result=ok
sample=1093	nanos=2390671	callbacks=256	result=ok
sample=1094	nanos=2407571	callbacks=256	result=ok
sample=1095	nanos=2399101	callbacks=256	result=ok
sample=1096	nanos=2407351	callbacks=256	result=ok
sample=1097	nanos=2423281	callbacks=256	result=ok
sample=1098	nanos=2386201	callbacks=256	result=ok
sample=1099	nanos=2410481	callbacks=256	result=ok
sample=1100	nanos=2410021	callbacks=256	result=ok
sample=1101	nanos=2411772	callbacks=256	result=ok
sample=1102	nanos=2410331	callbacks=256	result=ok
sample=1103	nanos=2401691	callbacks=256	result=ok
sample=1104	nanos=2419411	callbacks=256	result=ok
sample=1105	nanos=2406851	callbacks=256	result=ok
sample=1106	nanos=2410861	callbacks=256	result=ok
sample=1107	nanos=2406421	callbacks=256	result=ok
sample=1108	nanos=2387821	callbacks=256	result=ok
sample=1109	nanos=2420101	callbacks=256	result=ok
sample=1110	nanos=2403472	callbacks=256	result=ok
sample=1111	nanos=2418211	callbacks=256	result=ok
sample=1112	nanos=2412651	callbacks=256	result=ok
sample=1113	nanos=2412051	callbacks=256	result=ok
sample=1114	nanos=2393741	callbacks=256	result=ok
sample=1115	nanos=2411241	callbacks=256	result=ok
sample=1116	nanos=2416341	callbacks=256	result=ok
sample=1117	nanos=2413211	callbacks=256	result=ok
sample=1118	nanos=2413732	callbacks=256	result=ok
sample=1119	nanos=2416781	callbacks=256	result=ok
sample=1120	nanos=2396661	callbacks=256	result=ok
sample=1121	nanos=2425711	callbacks=256	result=ok
sample=1122	nanos=2410331	callbacks=256	result=ok
sample=1123	nanos=2408691	callbacks=256	result=ok
sample=1124	nanos=2437051	callbacks=256	result=ok
sample=1125	nanos=2394951	callbacks=256	result=ok
sample=1126	nanos=2415951	callbacks=256	result=ok
sample=1127	nanos=2425481	callbacks=256	result=ok
sample=1128	nanos=2422141	callbacks=256	result=ok
sample=1129	nanos=2423921	callbacks=256	result=ok
sample=1130	nanos=2426191	callbacks=256	result=ok
sample=1131	nanos=2397801	callbacks=256	result=ok
sample=1132	nanos=2405762	callbacks=256	result=ok
sample=1133	nanos=2417431	callbacks=256	result=ok
sample=1134	nanos=2424031	callbacks=256	result=ok
sample=1135	nanos=2426101	callbacks=256	result=ok
sample=1136	nanos=2407231	callbacks=256	result=ok
sample=1137	nanos=2409051	callbacks=256	result=ok
sample=1138	nanos=2410402	callbacks=256	result=ok
sample=1139	nanos=2411131	callbacks=256	result=ok
sample=1140	nanos=2416021	callbacks=256	result=ok
sample=1141	nanos=2403021	callbacks=256	result=ok
sample=1142	nanos=2428821	callbacks=256	result=ok
sample=1143	nanos=2385521	callbacks=256	result=ok
sample=1144	nanos=2405741	callbacks=256	result=ok
sample=1145	nanos=2412831	callbacks=256	result=ok
sample=1146	nanos=2392181	callbacks=256	result=ok
sample=1147	nanos=2425312	callbacks=256	result=ok
sample=1148	nanos=2394391	callbacks=256	result=ok
sample=1149	nanos=2411771	callbacks=256	result=ok
sample=1150	nanos=2432271	callbacks=256	result=ok
sample=1151	nanos=2388971	callbacks=256	result=ok
sample=1152	nanos=2430661	callbacks=256	result=ok
sample=1153	nanos=2404941	callbacks=256	result=ok
sample=1154	nanos=2422131	callbacks=256	result=ok
sample=1155	nanos=2414642	callbacks=256	result=ok
sample=1156	nanos=2413971	callbacks=256	result=ok
sample=1157	nanos=2422421	callbacks=256	result=ok
sample=1158	nanos=2409941	callbacks=256	result=ok
sample=1159	nanos=2434601	callbacks=256	result=ok
sample=1160	nanos=2395951	callbacks=256	result=ok
sample=1161	nanos=2407781	callbacks=256	result=ok
sample=1162	nanos=2422192	callbacks=256	result=ok
sample=1163	nanos=2405601	callbacks=256	result=ok
sample=1164	nanos=2432131	callbacks=256	result=ok
sample=1165	nanos=2395751	callbacks=256	result=ok
sample=1166	nanos=2409101	callbacks=256	result=ok
sample=1167	nanos=2416491	callbacks=256	result=ok
sample=1168	nanos=2395171	callbacks=256	result=ok
sample=1169	nanos=2422751	callbacks=256	result=ok
sample=1170	nanos=2398002	callbacks=256	result=ok
sample=1171	nanos=2410711	callbacks=256	result=ok
sample=1172	nanos=2418991	callbacks=256	result=ok
sample=1173	nanos=2396201	callbacks=256	result=ok
sample=1174	nanos=2425971	callbacks=256	result=ok
sample=1175	nanos=2400831	callbacks=256	result=ok
sample=1176	nanos=2421571	callbacks=256	result=ok
sample=1177	nanos=2404781	callbacks=256	result=ok
sample=1178	nanos=2396892	callbacks=256	result=ok
sample=1179	nanos=2439801	callbacks=256	result=ok
sample=1180	nanos=2404891	callbacks=256	result=ok
sample=1181	nanos=2420671	callbacks=256	result=ok
sample=1182	nanos=2402611	callbacks=256	result=ok
sample=1183	nanos=2397601	callbacks=256	result=ok
sample=1184	nanos=2423461	callbacks=256	result=ok
sample=1185	nanos=2407442	callbacks=256	result=ok
sample=1186	nanos=2420671	callbacks=256	result=ok
sample=1187	nanos=2396401	callbacks=256	result=ok
sample=1188	nanos=2395711	callbacks=256	result=ok
sample=1189	nanos=2425021	callbacks=256	result=ok
sample=1190	nanos=2399861	callbacks=256	result=ok
sample=1191	nanos=2416711	callbacks=256	result=ok
sample=1192	nanos=2398461	callbacks=256	result=ok
sample=1193	nanos=2398271	callbacks=256	result=ok
sample=1194	nanos=2430122	callbacks=256	result=ok
sample=1195	nanos=2404931	callbacks=256	result=ok
sample=1196	nanos=2420801	callbacks=256	result=ok
sample=1197	nanos=2396681	callbacks=256	result=ok
sample=1198	nanos=2427821	callbacks=256	result=ok
sample=1199	nanos=2394541	callbacks=256	result=ok
sample=1200	nanos=2405161	callbacks=256	result=ok
sample=1201	nanos=2437712	callbacks=256	result=ok
sample=1202	nanos=2397801	callbacks=256	result=ok
sample=1203	nanos=2439791	callbacks=256	result=ok
sample=1204	nanos=2390891	callbacks=256	result=ok
sample=1205	nanos=2395971	callbacks=256	result=ok
sample=1206	nanos=2423791	callbacks=256	result=ok
sample=1207	nanos=2408381	callbacks=256	result=ok
sample=1208	nanos=2429582	callbacks=256	result=ok
sample=1209	nanos=2404881	callbacks=256	result=ok
sample=1210	nanos=2409011	callbacks=256	result=ok
sample=1211	nanos=2427121	callbacks=256	result=ok
sample=1212	nanos=2407161	callbacks=256	result=ok
sample=1213	nanos=2437311	callbacks=256	result=ok
sample=1214	nanos=2404401	callbacks=256	result=ok
sample=1215	nanos=2416431	callbacks=256	result=ok
sample=1216	nanos=2412892	callbacks=256	result=ok
sample=1217	nanos=2406741	callbacks=256	result=ok
sample=1218	nanos=2423051	callbacks=256	result=ok
sample=1219	nanos=2396931	callbacks=256	result=ok
sample=1220	nanos=2421561	callbacks=256	result=ok
sample=1221	nanos=2404801	callbacks=256	result=ok
sample=1222	nanos=2401951	callbacks=256	result=ok
sample=1223	nanos=2423031	callbacks=256	result=ok
sample=1224	nanos=2402292	callbacks=256	result=ok
sample=1225	nanos=2420791	callbacks=256	result=ok
sample=1226	nanos=2410161	callbacks=256	result=ok
sample=1227	nanos=2420121	callbacks=256	result=ok
sample=1228	nanos=2412231	callbacks=256	result=ok
sample=1229	nanos=2403491	callbacks=256	result=ok
sample=1230	nanos=2453662	callbacks=256	result=ok
sample=1231	nanos=2416821	callbacks=256	result=ok
sample=1232	nanos=2414011	callbacks=256	result=ok
sample=1233	nanos=2412651	callbacks=256	result=ok
sample=1234	nanos=2399571	callbacks=256	result=ok
sample=1235	nanos=2433921	callbacks=256	result=ok
sample=1236	nanos=2389881	callbacks=256	result=ok
sample=1237	nanos=2412561	callbacks=256	result=ok
sample=1238	nanos=2408742	callbacks=256	result=ok
sample=1239	nanos=2396761	callbacks=256	result=ok
sample=1240	nanos=2424801	callbacks=256	result=ok
sample=1241	nanos=2396581	callbacks=256	result=ok
sample=1242	nanos=2417601	callbacks=256	result=ok
sample=1243	nanos=2413071	callbacks=256	result=ok
sample=1244	nanos=2413011	callbacks=256	result=ok
sample=1245	nanos=2412031	callbacks=256	result=ok
sample=1246	nanos=2396982	callbacks=256	result=ok
sample=1247	nanos=2417841	callbacks=256	result=ok
sample=1248	nanos=2410121	callbacks=256	result=ok
sample=1249	nanos=2406491	callbacks=256	result=ok
sample=1250	nanos=2417101	callbacks=256	result=ok
sample=1251	nanos=2402561	callbacks=256	result=ok
sample=1252	nanos=2419601	callbacks=256	result=ok
sample=1253	nanos=2415511	callbacks=256	result=ok
sample=1254	nanos=2414252	callbacks=256	result=ok
sample=1255	nanos=2415371	callbacks=256	result=ok
sample=1256	nanos=2401751	callbacks=256	result=ok
sample=1257	nanos=2421371	callbacks=256	result=ok
sample=1258	nanos=2409361	callbacks=256	result=ok
sample=1259	nanos=2411771	callbacks=256	result=ok
sample=1260	nanos=2413951	callbacks=256	result=ok
sample=1261	nanos=2431282	callbacks=256	result=ok
sample=1262	nanos=2398751	callbacks=256	result=ok
sample=1263	nanos=2408391	callbacks=256	result=ok
sample=1264	nanos=2409451	callbacks=256	result=ok
sample=1265	nanos=2406511	callbacks=256	result=ok
sample=1266	nanos=2413151	callbacks=256	result=ok
sample=1267	nanos=2398281	callbacks=256	result=ok
sample=1268	nanos=2415791	callbacks=256	result=ok
sample=1269	nanos=2411682	callbacks=256	result=ok
sample=1270	nanos=2407961	callbacks=256	result=ok
sample=1271	nanos=2415691	callbacks=256	result=ok
sample=1272	nanos=2398471	callbacks=256	result=ok
sample=1273	nanos=2408471	callbacks=256	result=ok
sample=1274	nanos=2423121	callbacks=256	result=ok
sample=1275	nanos=2421201	callbacks=256	result=ok
sample=1276	nanos=2417881	callbacks=256	result=ok
sample=1277	nanos=2411832	callbacks=256	result=ok
sample=1278	nanos=2421121	callbacks=256	result=ok
sample=1279	nanos=2399861	callbacks=256	result=ok
sample=1280	nanos=2415541	callbacks=256	result=ok
sample=1281	nanos=2411561	callbacks=256	result=ok
sample=1282	nanos=2411561	callbacks=256	result=ok
sample=1283	nanos=2427171	callbacks=256	result=ok
sample=1284	nanos=2406152	callbacks=256	result=ok
sample=1285	nanos=2420601	callbacks=256	result=ok
sample=1286	nanos=2415421	callbacks=256	result=ok
sample=1287	nanos=2410461	callbacks=256	result=ok
sample=1288	nanos=2418651	callbacks=256	result=ok
sample=1289	nanos=2401341	callbacks=256	result=ok
sample=1290	nanos=2431782	callbacks=256	result=ok
sample=1291	nanos=2404641	callbacks=256	result=ok
sample=1292	nanos=2409021	callbacks=256	result=ok
sample=1293	nanos=2419061	callbacks=256	result=ok
sample=1294	nanos=2400341	callbacks=256	result=ok
sample=1295	nanos=2430721	callbacks=256	result=ok
sample=1296	nanos=2406231	callbacks=256	result=ok
sample=1297	nanos=2411051	callbacks=256	result=ok
sample=1298	nanos=2417912	callbacks=256	result=ok
sample=1299	nanos=2401251	callbacks=256	result=ok
sample=1300	nanos=2427281	callbacks=256	result=ok
sample=1301	nanos=2400371	callbacks=256	result=ok
sample=1302	nanos=2407151	callbacks=256	result=ok
sample=1303	nanos=2419201	callbacks=256	result=ok
sample=1304	nanos=2396921	callbacks=256	result=ok
sample=1305	nanos=2433112	callbacks=256	result=ok
sample=1306	nanos=2411661	callbacks=256	result=ok
sample=1307	nanos=2433091	callbacks=256	result=ok
sample=1308	nanos=2410021	callbacks=256	result=ok
sample=1309	nanos=2418571	callbacks=256	result=ok
sample=1310	nanos=2427171	callbacks=256	result=ok
sample=1311	nanos=2409291	callbacks=256	result=ok
sample=1312	nanos=2433352	callbacks=256	result=ok
sample=1313	nanos=2410541	callbacks=256	result=ok
sample=1314	nanos=2418711	callbacks=256	result=ok
sample=1315	nanos=2426261	callbacks=256	result=ok
sample=1316	nanos=2412781	callbacks=256	result=ok
sample=1317	nanos=2434492	callbacks=256	result=ok
sample=1318	nanos=2405481	callbacks=256	result=ok
sample=1319	nanos=2430971	callbacks=256	result=ok
sample=1320	nanos=2401331	callbacks=256	result=ok
sample=1321	nanos=2399291	callbacks=256	result=ok
sample=1322	nanos=2426861	callbacks=256	result=ok
sample=1323	nanos=2410541	callbacks=256	result=ok
sample=1324	nanos=2434272	callbacks=256	result=ok
sample=1325	nanos=2407351	callbacks=256	result=ok
sample=1326	nanos=2418401	callbacks=256	result=ok
sample=1327	nanos=2415001	callbacks=256	result=ok
sample=1328	nanos=2401821	callbacks=256	result=ok
sample=1329	nanos=2441711	callbacks=256	result=ok
sample=1330	nanos=2412262	callbacks=256	result=ok
sample=1331	nanos=2444671	callbacks=256	result=ok
sample=1332	nanos=2411381	callbacks=256	result=ok
sample=1333	nanos=2416731	callbacks=256	result=ok
sample=1334	nanos=2437731	callbacks=256	result=ok
sample=1335	nanos=2410781	callbacks=256	result=ok
sample=1336	nanos=2443742	callbacks=256	result=ok
sample=1337	nanos=2407701	callbacks=256	result=ok
sample=1338	nanos=2440591	callbacks=256	result=ok
sample=1339	nanos=2413061	callbacks=256	result=ok
sample=1340	nanos=2414771	callbacks=256	result=ok
sample=1341	nanos=2436352	callbacks=256	result=ok
sample=1342	nanos=2412381	callbacks=256	result=ok
sample=1343	nanos=2440491	callbacks=256	result=ok
sample=1344	nanos=2417671	callbacks=256	result=ok
sample=1345	nanos=2427331	callbacks=256	result=ok
sample=1346	nanos=2425412	callbacks=256	result=ok
sample=1347	nanos=2412771	callbacks=256	result=ok
sample=1348	nanos=2440341	callbacks=256	result=ok
sample=1349	nanos=2413651	callbacks=256	result=ok
sample=1350	nanos=2435571	callbacks=256	result=ok
sample=1351	nanos=2413521	callbacks=256	result=ok
sample=1352	nanos=2410982	callbacks=256	result=ok
sample=1353	nanos=2439911	callbacks=256	result=ok
sample=1354	nanos=2414961	callbacks=256	result=ok
sample=1355	nanos=2441881	callbacks=256	result=ok
sample=1356	nanos=2418431	callbacks=256	result=ok
sample=1357	nanos=2428262	callbacks=256	result=ok
sample=1358	nanos=2421231	callbacks=256	result=ok
sample=1359	nanos=2415011	callbacks=256	result=ok
sample=1360	nanos=2434421	callbacks=256	result=ok
sample=1361	nanos=2414851	callbacks=256	result=ok
sample=1362	nanos=2440842	callbacks=256	result=ok
sample=1363	nanos=2410031	callbacks=256	result=ok
sample=1364	nanos=2429761	callbacks=256	result=ok
sample=1365	nanos=2419761	callbacks=256	result=ok
sample=1366	nanos=2415401	callbacks=256	result=ok
sample=1367	nanos=2447792	callbacks=256	result=ok
sample=1368	nanos=2412571	callbacks=256	result=ok
sample=1369	nanos=2434431	callbacks=256	result=ok
sample=1370	nanos=2425591	callbacks=256	result=ok
sample=1371	nanos=2433591	callbacks=256	result=ok
sample=1372	nanos=2428552	callbacks=256	result=ok
sample=1373	nanos=2418861	callbacks=256	result=ok
sample=1374	nanos=2444911	callbacks=256	result=ok
sample=1375	nanos=2415611	callbacks=256	result=ok
sample=1376	nanos=2431811	callbacks=256	result=ok
sample=1377	nanos=2425881	callbacks=256	result=ok
sample=1378	nanos=2426462	callbacks=256	result=ok
sample=1379	nanos=2424631	callbacks=256	result=ok
sample=1380	nanos=2415081	callbacks=256	result=ok
sample=1381	nanos=2432431	callbacks=256	result=ok
sample=1382	nanos=2424001	callbacks=256	result=ok
sample=1383	nanos=2424782	callbacks=256	result=ok
sample=1384	nanos=2423121	callbacks=256	result=ok
sample=1385	nanos=2428451	callbacks=256	result=ok
sample=1386	nanos=2425611	callbacks=256	result=ok
sample=1387	nanos=2413141	callbacks=256	result=ok
sample=1388	nanos=2425052	callbacks=256	result=ok
sample=1389	nanos=2423701	callbacks=256	result=ok
sample=1390	nanos=2427281	callbacks=256	result=ok
sample=1391	nanos=2421781	callbacks=256	result=ok
sample=1392	nanos=2411911	callbacks=256	result=ok
sample=1393	nanos=2425702	callbacks=256	result=ok
sample=1394	nanos=2424401	callbacks=256	result=ok
sample=1395	nanos=2430351	callbacks=256	result=ok
sample=1396	nanos=2421391	callbacks=256	result=ok
sample=1397	nanos=2429071	callbacks=256	result=ok
sample=1398	nanos=2422511	callbacks=256	result=ok
sample=1399	nanos=2415062	callbacks=256	result=ok
sample=1400	nanos=2428761	callbacks=256	result=ok
sample=1401	nanos=2420341	callbacks=256	result=ok
sample=1402	nanos=2428761	callbacks=256	result=ok
sample=1403	nanos=2425611	callbacks=256	result=ok
sample=1404	nanos=2431852	callbacks=256	result=ok
sample=1405	nanos=2415351	callbacks=256	result=ok
sample=1406	nanos=2426381	callbacks=256	result=ok
sample=1407	nanos=2429061	callbacks=256	result=ok
sample=1408	nanos=2421931	callbacks=256	result=ok
sample=1409	nanos=2428532	callbacks=256	result=ok
sample=1410	nanos=2426131	callbacks=256	result=ok
sample=1411	nanos=2422801	callbacks=256	result=ok
sample=1412	nanos=2415631	callbacks=256	result=ok
sample=1413	nanos=2425611	callbacks=256	result=ok
sample=1414	nanos=2432771	callbacks=256	result=ok
sample=1415	nanos=2428332	callbacks=256	result=ok
sample=1416	nanos=2422611	callbacks=256	result=ok
sample=1417	nanos=2415881	callbacks=256	result=ok
sample=1418	nanos=2432811	callbacks=256	result=ok
sample=1419	nanos=2415321	callbacks=256	result=ok
sample=1420	nanos=2427232	callbacks=256	result=ok
sample=1421	nanos=2426701	callbacks=256	result=ok
sample=1422	nanos=2421201	callbacks=256	result=ok
sample=1423	nanos=2427311	callbacks=256	result=ok
sample=1424	nanos=2408531	callbacks=256	result=ok
sample=1425	nanos=2422181	callbacks=256	result=ok
sample=1426	nanos=2427412	callbacks=256	result=ok
sample=1427	nanos=2424891	callbacks=256	result=ok
sample=1428	nanos=2429891	callbacks=256	result=ok
sample=1429	nanos=2408731	callbacks=256	result=ok
sample=1430	nanos=2441791	callbacks=256	result=ok
sample=1431	nanos=2412192	callbacks=256	result=ok
sample=1432	nanos=2426361	callbacks=256	result=ok
sample=1433	nanos=2428931	callbacks=256	result=ok
sample=1434	nanos=2419971	callbacks=256	result=ok
sample=1435	nanos=2431271	callbacks=256	result=ok
sample=1436	nanos=2417422	callbacks=256	result=ok
sample=1437	nanos=2446551	callbacks=256	result=ok
sample=1438	nanos=2417221	callbacks=256	result=ok
sample=1439	nanos=2429231	callbacks=256	result=ok
sample=1440	nanos=2434511	callbacks=256	result=ok
sample=1441	nanos=2432692	callbacks=256	result=ok
sample=1442	nanos=2441421	callbacks=256	result=ok
sample=1443	nanos=2418401	callbacks=256	result=ok
sample=1444	nanos=2438421	callbacks=256	result=ok
sample=1445	nanos=2416131	callbacks=256	result=ok
sample=1446	nanos=2423192	callbacks=256	result=ok
sample=1447	nanos=2423241	callbacks=256	result=ok
sample=1448	nanos=2414891	callbacks=256	result=ok
sample=1449	nanos=2434851	callbacks=256	result=ok
sample=1450	nanos=2410761	callbacks=256	result=ok
sample=1451	nanos=2437512	callbacks=256	result=ok
sample=1452	nanos=2411181	callbacks=256	result=ok
sample=1453	nanos=2424731	callbacks=256	result=ok
sample=1454	nanos=2425601	callbacks=256	result=ok
sample=1455	nanos=2417061	callbacks=256	result=ok
sample=1456	nanos=2448132	callbacks=256	result=ok
sample=1457	nanos=2415781	callbacks=256	result=ok
sample=1458	nanos=2440891	callbacks=256	result=ok
sample=1459	nanos=2417421	callbacks=256	result=ok
sample=1460	nanos=2417291	callbacks=256	result=ok
sample=1461	nanos=2441372	callbacks=256	result=ok
sample=1462	nanos=2415881	callbacks=256	result=ok
sample=1463	nanos=2442271	callbacks=256	result=ok
sample=1464	nanos=2410851	callbacks=256	result=ok
sample=1465	nanos=2441971	callbacks=256	result=ok
sample=1466	nanos=2509152	callbacks=256	result=ok
sample=1467	nanos=2515042	callbacks=256	result=ok
sample=1468	nanos=2325470	callbacks=256	result=ok
sample=1469	nanos=2413751	callbacks=256	result=ok
sample=1470	nanos=2439382	callbacks=256	result=ok
sample=1471	nanos=2417531	callbacks=256	result=ok
sample=1472	nanos=2439581	callbacks=256	result=ok
sample=1473	nanos=2414061	callbacks=256	result=ok
sample=1474	nanos=2414341	callbacks=256	result=ok
sample=1475	nanos=2441842	callbacks=256	result=ok
sample=1476	nanos=2412461	callbacks=256	result=ok
sample=1477	nanos=2436071	callbacks=256	result=ok
sample=1478	nanos=2413921	callbacks=256	result=ok
sample=1479	nanos=2434021	callbacks=256	result=ok
sample=1480	nanos=2425392	callbacks=256	result=ok
sample=1481	nanos=2433261	callbacks=256	result=ok
sample=1482	nanos=2444611	callbacks=256	result=ok
sample=1483	nanos=2422611	callbacks=256	result=ok
sample=1484	nanos=2444612	callbacks=256	result=ok
sample=1485	nanos=2414081	callbacks=256	result=ok
sample=1486	nanos=2431711	callbacks=256	result=ok
sample=1487	nanos=2424621	callbacks=256	result=ok
sample=1488	nanos=2419071	callbacks=256	result=ok
sample=1489	nanos=2441122	callbacks=256	result=ok
sample=1490	nanos=2411311	callbacks=256	result=ok
sample=1491	nanos=2441101	callbacks=256	result=ok
sample=1492	nanos=2413681	callbacks=256	result=ok
sample=1493	nanos=2430361	callbacks=256	result=ok
sample=1494	nanos=2429402	callbacks=256	result=ok
sample=1495	nanos=2410221	callbacks=256	result=ok
sample=1496	nanos=2440881	callbacks=256	result=ok
sample=1497	nanos=2413081	callbacks=256	result=ok
sample=1498	nanos=2430881	callbacks=256	result=ok
sample=1499	nanos=2427081	callbacks=256	result=ok
sample=1500	nanos=2430102	callbacks=256	result=ok
sample=1501	nanos=2428101	callbacks=256	result=ok
sample=1502	nanos=2411421	callbacks=256	result=ok
sample=1503	nanos=2442861	callbacks=256	result=ok
sample=1504	nanos=2416341	callbacks=256	result=ok
sample=1505	nanos=2430152	callbacks=256	result=ok
sample=1506	nanos=2426821	callbacks=256	result=ok
sample=1507	nanos=2424991	callbacks=256	result=ok
sample=1508	nanos=2428031	callbacks=256	result=ok
sample=1509	nanos=2413321	callbacks=256	result=ok
sample=1510	nanos=2434672	callbacks=256	result=ok
sample=1511	nanos=2413811	callbacks=256	result=ok
sample=1512	nanos=2428731	callbacks=256	result=ok
sample=1513	nanos=2425471	callbacks=256	result=ok
sample=1514	nanos=2428691	callbacks=256	result=ok
sample=1515	nanos=2421972	callbacks=256	result=ok
sample=1516	nanos=2415981	callbacks=256	result=ok
sample=1517	nanos=2430591	callbacks=256	result=ok
sample=1518	nanos=2424091	callbacks=256	result=ok
sample=1519	nanos=2433711	callbacks=256	result=ok
sample=1520	nanos=2419621	callbacks=256	result=ok
sample=1521	nanos=2417362	callbacks=256	result=ok
sample=1522	nanos=2439471	callbacks=256	result=ok
sample=1523	nanos=2410721	callbacks=256	result=ok
sample=1524	nanos=2427891	callbacks=256	result=ok
sample=1525	nanos=2422711	callbacks=256	result=ok
sample=1526	nanos=2426462	callbacks=256	result=ok
sample=1527	nanos=2427871	callbacks=256	result=ok
sample=1528	nanos=2410151	callbacks=256	result=ok
sample=1529	nanos=2428931	callbacks=256	result=ok
sample=1530	nanos=2424061	callbacks=256	result=ok
sample=1531	nanos=2432812	callbacks=256	result=ok
sample=1532	nanos=2428281	callbacks=256	result=ok
sample=1533	nanos=2423771	callbacks=256	result=ok
sample=1534	nanos=2423361	callbacks=256	result=ok
sample=1535	nanos=2410881	callbacks=256	result=ok
sample=1536	nanos=2432761	callbacks=256	result=ok
sample=1537	nanos=2424292	callbacks=256	result=ok
sample=1538	nanos=2425451	callbacks=256	result=ok
sample=1539	nanos=2426251	callbacks=256	result=ok
sample=1540	nanos=2427741	callbacks=256	result=ok
sample=1541	nanos=2417501	callbacks=256	result=ok
sample=1542	nanos=2423022	callbacks=256	result=ok
sample=1543	nanos=2425011	callbacks=256	result=ok
sample=1544	nanos=2428461	callbacks=256	result=ok
sample=1545	nanos=2430901	callbacks=256	result=ok
sample=1546	nanos=2423091	callbacks=256	result=ok
sample=1547	nanos=2427362	callbacks=256	result=ok
sample=1548	nanos=2410531	callbacks=256	result=ok
sample=1549	nanos=2426381	callbacks=256	result=ok
sample=1550	nanos=2429331	callbacks=256	result=ok
sample=1551	nanos=2418641	callbacks=256	result=ok
sample=1552	nanos=2429052	callbacks=256	result=ok
sample=1553	nanos=2410441	callbacks=256	result=ok
sample=1554	nanos=2426231	callbacks=256	result=ok
sample=1555	nanos=2450421	callbacks=256	result=ok
sample=1556	nanos=2423181	callbacks=256	result=ok
sample=1557	nanos=2425962	callbacks=256	result=ok
sample=1558	nanos=2424241	callbacks=256	result=ok
sample=1559	nanos=2428761	callbacks=256	result=ok
sample=1560	nanos=2548872	callbacks=256	result=ok
sample=1561	nanos=2425591	callbacks=256	result=ok
sample=1562	nanos=2417901	callbacks=256	result=ok
sample=1563	nanos=2423581	callbacks=256	result=ok
sample=1564	nanos=2434412	callbacks=256	result=ok
sample=1565	nanos=2427111	callbacks=256	result=ok
sample=1566	nanos=2426721	callbacks=256	result=ok
sample=1567	nanos=2410851	callbacks=256	result=ok
sample=1568	nanos=2437901	callbacks=256	result=ok
sample=1569	nanos=2409751	callbacks=256	result=ok
sample=1570	nanos=2427532	callbacks=256	result=ok
sample=1571	nanos=2427731	callbacks=256	result=ok
sample=1572	nanos=2427271	callbacks=256	result=ok
sample=1573	nanos=2455371	callbacks=256	result=ok
sample=1574	nanos=2410892	callbacks=256	result=ok
sample=1575	nanos=2438571	callbacks=256	result=ok
sample=1576	nanos=2413361	callbacks=256	result=ok
sample=1577	nanos=2432491	callbacks=256	result=ok
sample=1578	nanos=2427561	callbacks=256	result=ok
sample=1579	nanos=2407181	callbacks=256	result=ok
sample=1580	nanos=2437852	callbacks=256	result=ok
sample=1581	nanos=2413181	callbacks=256	result=ok
sample=1582	nanos=2439931	callbacks=256	result=ok
sample=1583	nanos=2414481	callbacks=256	result=ok
sample=1584	nanos=2419921	callbacks=256	result=ok
sample=1585	nanos=2431642	callbacks=256	result=ok
sample=1586	nanos=2410781	callbacks=256	result=ok
sample=1587	nanos=2441671	callbacks=256	result=ok
sample=1588	nanos=2414201	callbacks=256	result=ok
sample=1589	nanos=2436071	callbacks=256	result=ok
sample=1590	nanos=2418121	callbacks=256	result=ok
sample=1591	nanos=2411522	callbacks=256	result=ok
sample=1592	nanos=2438911	callbacks=256	result=ok
sample=1593	nanos=2412241	callbacks=256	result=ok
sample=1594	nanos=2432661	callbacks=256	result=ok
sample=1595	nanos=2414171	callbacks=256	result=ok
sample=1596	nanos=2428322	callbacks=256	result=ok
sample=1597	nanos=2429371	callbacks=256	result=ok
sample=1598	nanos=2414201	callbacks=256	result=ok
sample=1599	nanos=2433491	callbacks=256	result=ok
sample=1600	nanos=2417291	callbacks=256	result=ok
sample=1601	nanos=2439962	callbacks=256	result=ok
sample=1602	nanos=2411371	callbacks=256	result=ok
sample=1603	nanos=2414791	callbacks=256	result=ok
sample=1604	nanos=2435411	callbacks=256	result=ok
sample=1605	nanos=2412341	callbacks=256	result=ok
sample=1606	nanos=2442881	callbacks=256	result=ok
sample=1607	nanos=2414842	callbacks=256	result=ok
sample=1608	nanos=2439011	callbacks=256	result=ok
sample=1609	nanos=2411821	callbacks=256	result=ok
sample=1610	nanos=2413691	callbacks=256	result=ok
sample=1611	nanos=2438851	callbacks=256	result=ok
sample=1612	nanos=2410322	callbacks=256	result=ok
sample=1613	nanos=2444771	callbacks=256	result=ok
sample=1614	nanos=2410761	callbacks=256	result=ok
sample=1615	nanos=2430091	callbacks=256	result=ok
sample=1616	nanos=2426861	callbacks=256	result=ok
sample=1617	nanos=2409932	callbacks=256	result=ok
sample=1618	nanos=2440701	callbacks=256	result=ok
sample=1619	nanos=2409741	callbacks=256	result=ok
sample=1620	nanos=2442121	callbacks=256	result=ok
sample=1621	nanos=2414961	callbacks=256	result=ok
sample=1622	nanos=2426792	callbacks=256	result=ok
sample=1623	nanos=2424941	callbacks=256	result=ok
sample=1624	nanos=2427151	callbacks=256	result=ok
sample=1625	nanos=2447451	callbacks=256	result=ok
sample=1626	nanos=2414741	callbacks=256	result=ok
sample=1627	nanos=2422682	callbacks=256	result=ok
sample=1628	nanos=2425661	callbacks=256	result=ok
sample=1629	nanos=2409031	callbacks=256	result=ok
sample=1630	nanos=2435571	callbacks=256	result=ok
sample=1631	nanos=2413601	callbacks=256	result=ok
sample=1632	nanos=2433881	callbacks=256	result=ok
sample=1633	nanos=2416092	callbacks=256	result=ok
sample=1634	nanos=2428461	callbacks=256	result=ok
sample=1635	nanos=2423141	callbacks=256	result=ok
sample=1636	nanos=2414911	callbacks=256	result=ok
sample=1637	nanos=2438071	callbacks=256	result=ok
sample=1638	nanos=2413542	callbacks=256	result=ok
sample=1639	nanos=2430801	callbacks=256	result=ok
sample=1640	nanos=2423541	callbacks=256	result=ok
sample=1641	nanos=2435761	callbacks=256	result=ok
sample=1642	nanos=2419581	callbacks=256	result=ok
sample=1643	nanos=2414091	callbacks=256	result=ok
sample=1644	nanos=2439512	callbacks=256	result=ok
sample=1645	nanos=2410311	callbacks=256	result=ok
sample=1646	nanos=2428121	callbacks=256	result=ok
sample=1647	nanos=2423701	callbacks=256	result=ok
sample=1648	nanos=2426411	callbacks=256	result=ok
sample=1649	nanos=2422322	callbacks=256	result=ok
sample=1650	nanos=2409521	callbacks=256	result=ok
sample=1651	nanos=2426591	callbacks=256	result=ok
sample=1652	nanos=2421291	callbacks=256	result=ok
sample=1653	nanos=2432771	callbacks=256	result=ok
sample=1654	nanos=2426961	callbacks=256	result=ok
sample=1655	nanos=2427572	callbacks=256	result=ok
sample=1656	nanos=2427481	callbacks=256	result=ok
sample=1657	nanos=2409831	callbacks=256	result=ok
sample=1658	nanos=2431681	callbacks=256	result=ok
sample=1659	nanos=2427991	callbacks=256	result=ok
sample=1660	nanos=2429752	callbacks=256	result=ok
sample=1661	nanos=2426631	callbacks=256	result=ok
sample=1662	nanos=2411301	callbacks=256	result=ok
sample=1663	nanos=2439791	callbacks=256	result=ok
sample=1664	nanos=2415321	callbacks=256	result=ok
sample=1665	nanos=2423852	callbacks=256	result=ok
sample=1666	nanos=2423621	callbacks=256	result=ok
sample=1667	nanos=2427711	callbacks=256	result=ok
sample=1668	nanos=2420891	callbacks=256	result=ok
sample=1669	nanos=2414951	callbacks=256	result=ok
sample=1670	nanos=2424352	callbacks=256	result=ok
sample=1671	nanos=2424801	callbacks=256	result=ok
sample=1672	nanos=2429521	callbacks=256	result=ok
sample=1673	nanos=2423141	callbacks=256	result=ok
sample=1674	nanos=2429811	callbacks=256	result=ok
sample=1675	nanos=2422432	callbacks=256	result=ok
sample=1676	nanos=2410581	callbacks=256	result=ok
sample=1677	nanos=2427611	callbacks=256	result=ok
sample=1678	nanos=2420251	callbacks=256	result=ok
sample=1679	nanos=2426761	callbacks=256	result=ok
sample=1680	nanos=2420951	callbacks=256	result=ok
sample=1681	nanos=2433272	callbacks=256	result=ok
sample=1682	nanos=2413291	callbacks=256	result=ok
sample=1683	nanos=2421901	callbacks=256	result=ok
sample=1684	nanos=2426691	callbacks=256	result=ok
sample=1685	nanos=2421611	callbacks=256	result=ok
sample=1686	nanos=2428351	callbacks=256	result=ok
sample=1687	nanos=2414382	callbacks=256	result=ok
sample=1688	nanos=2439041	callbacks=256	result=ok
sample=1689	nanos=2413811	callbacks=256	result=ok
sample=1690	nanos=2420971	callbacks=256	result=ok
sample=1691	nanos=2428051	callbacks=256	result=ok
sample=1692	nanos=2429922	callbacks=256	result=ok
sample=1693	nanos=2422231	callbacks=256	result=ok
sample=1694	nanos=2413111	callbacks=256	result=ok
sample=1695	nanos=2417991	callbacks=256	result=ok
sample=1696	nanos=2430151	callbacks=256	result=ok
sample=1697	nanos=2423801	callbacks=256	result=ok
sample=1698	nanos=2421822	callbacks=256	result=ok
sample=1699	nanos=2414311	callbacks=256	result=ok
sample=1700	nanos=2441381	callbacks=256	result=ok
sample=1701	nanos=2409811	callbacks=256	result=ok
sample=1702	nanos=2421521	callbacks=256	result=ok
sample=1703	nanos=2424402	callbacks=256	result=ok
sample=1704	nanos=2423251	callbacks=256	result=ok
sample=1705	nanos=2457201	callbacks=256	result=ok
sample=1706	nanos=2412041	callbacks=256	result=ok
sample=1707	nanos=2442661	callbacks=256	result=ok
sample=1708	nanos=2412322	callbacks=256	result=ok
sample=1709	nanos=2427231	callbacks=256	result=ok
sample=1710	nanos=2427801	callbacks=256	result=ok
sample=1711	nanos=2421521	callbacks=256	result=ok
sample=1712	nanos=2428831	callbacks=256	result=ok
sample=1713	nanos=2409932	callbacks=256	result=ok
sample=1714	nanos=2438281	callbacks=256	result=ok
sample=1715	nanos=2410271	callbacks=256	result=ok
sample=1716	nanos=2419321	callbacks=256	result=ok
sample=1717	nanos=2428061	callbacks=256	result=ok
sample=1718	nanos=2407591	callbacks=256	result=ok
sample=1719	nanos=2436692	callbacks=256	result=ok
sample=1720	nanos=2414721	callbacks=256	result=ok
sample=1721	nanos=2420891	callbacks=256	result=ok
sample=1722	nanos=2428351	callbacks=256	result=ok
sample=1723	nanos=2413511	callbacks=256	result=ok
sample=1724	nanos=2443242	callbacks=256	result=ok
sample=1725	nanos=2413661	callbacks=256	result=ok
sample=1726	nanos=2437571	callbacks=256	result=ok
sample=1727	nanos=2414511	callbacks=256	result=ok
sample=1728	nanos=2423421	callbacks=256	result=ok
sample=1729	nanos=2429201	callbacks=256	result=ok
sample=1730	nanos=2412432	callbacks=256	result=ok
sample=1731	nanos=2439721	callbacks=256	result=ok
sample=1732	nanos=2414221	callbacks=256	result=ok
sample=1733	nanos=2438321	callbacks=256	result=ok
sample=1734	nanos=2409161	callbacks=256	result=ok
sample=1735	nanos=2415851	callbacks=256	result=ok
sample=1736	nanos=2441742	callbacks=256	result=ok
sample=1737	nanos=2417771	callbacks=256	result=ok
sample=1738	nanos=2439491	callbacks=256	result=ok
sample=1739	nanos=2410151	callbacks=256	result=ok
sample=1740	nanos=2442092	callbacks=256	result=ok
sample=1741	nanos=2408821	callbacks=256	result=ok
sample=1742	nanos=2415051	callbacks=256	result=ok
sample=1743	nanos=2438541	callbacks=256	result=ok
sample=1744	nanos=2409311	callbacks=256	result=ok
sample=1745	nanos=2438901	callbacks=256	result=ok
sample=1746	nanos=2408202	callbacks=256	result=ok
sample=1747	nanos=2426801	callbacks=256	result=ok
sample=1748	nanos=2422931	callbacks=256	result=ok
sample=1749	nanos=2410381	callbacks=256	result=ok
sample=1750	nanos=2437551	callbacks=256	result=ok
sample=1751	nanos=2410132	callbacks=256	result=ok
sample=1752	nanos=2441401	callbacks=256	result=ok
sample=1753	nanos=2414811	callbacks=256	result=ok
sample=1754	nanos=2410061	callbacks=256	result=ok
sample=1755	nanos=2440651	callbacks=256	result=ok
sample=1756	nanos=2415391	callbacks=256	result=ok
sample=1757	nanos=2438632	callbacks=256	result=ok
sample=1758	nanos=2417381	callbacks=256	result=ok
sample=1759	nanos=2425651	callbacks=256	result=ok
sample=1760	nanos=2423461	callbacks=256	result=ok
sample=1761	nanos=2406921	callbacks=256	result=ok
sample=1762	nanos=2439752	callbacks=256	result=ok
sample=1763	nanos=2415321	callbacks=256	result=ok
sample=1764	nanos=2437091	callbacks=256	result=ok
sample=1765	nanos=2413821	callbacks=256	result=ok
sample=1766	nanos=2426021	callbacks=256	result=ok
sample=1767	nanos=2421621	callbacks=256	result=ok
sample=1768	nanos=2413432	callbacks=256	result=ok
sample=1769	nanos=2434751	callbacks=256	result=ok
sample=1770	nanos=2414631	callbacks=256	result=ok
sample=1771	nanos=2427421	callbacks=256	result=ok
sample=1772	nanos=2422801	callbacks=256	result=ok
sample=1773	nanos=2427872	callbacks=256	result=ok
sample=1774	nanos=2421391	callbacks=256	result=ok
sample=1775	nanos=2412971	callbacks=256	result=ok
sample=1776	nanos=2440651	callbacks=256	result=ok
sample=1777	nanos=2409231	callbacks=256	result=ok
sample=1778	nanos=2431891	callbacks=256	result=ok
sample=1779	nanos=2422202	callbacks=256	result=ok
sample=1780	nanos=2417361	callbacks=256	result=ok
sample=1781	nanos=2447371	callbacks=256	result=ok
sample=1782	nanos=2414731	callbacks=256	result=ok
sample=1783	nanos=2427831	callbacks=256	result=ok
sample=1784	nanos=2418822	callbacks=256	result=ok
sample=1785	nanos=2450211	callbacks=256	result=ok
sample=1786	nanos=2420811	callbacks=256	result=ok
sample=1787	nanos=2409961	callbacks=256	result=ok
sample=1788	nanos=2439402	callbacks=256	result=ok
sample=1789	nanos=2408011	callbacks=256	result=ok
sample=1790	nanos=2423811	callbacks=256	result=ok
sample=1791	nanos=2421741	callbacks=256	result=ok
sample=1792	nanos=2425111	callbacks=256	result=ok
sample=1793	nanos=2420701	callbacks=256	result=ok
sample=1794	nanos=2406721	callbacks=256	result=ok
sample=1795	nanos=2428452	callbacks=256	result=ok
sample=1796	nanos=2421931	callbacks=256	result=ok
sample=1797	nanos=2421191	callbacks=256	result=ok
sample=1798	nanos=2423011	callbacks=256	result=ok
sample=1799	nanos=2420981	callbacks=256	result=ok
sample=1800	nanos=2418722	callbacks=256	result=ok
sample=1801	nanos=2417631	callbacks=256	result=ok
sample=1802	nanos=2421701	callbacks=256	result=ok
sample=1803	nanos=2423201	callbacks=256	result=ok
sample=1804	nanos=2426931	callbacks=256	result=ok
sample=1805	nanos=2418351	callbacks=256	result=ok
sample=1806	nanos=2416732	callbacks=256	result=ok
sample=1807	nanos=2421421	callbacks=256	result=ok
sample=1808	nanos=2422831	callbacks=256	result=ok
sample=1809	nanos=2428731	callbacks=256	result=ok
sample=1810	nanos=2418811	callbacks=256	result=ok
sample=1811	nanos=2431742	callbacks=256	result=ok
sample=1812	nanos=2420981	callbacks=256	result=ok
sample=1813	nanos=2409451	callbacks=256	result=ok
sample=1814	nanos=2420301	callbacks=256	result=ok
sample=1815	nanos=2411831	callbacks=256	result=ok
sample=1816	nanos=2422191	callbacks=256	result=ok
sample=1817	nanos=2419751	callbacks=256	result=ok
sample=1818	nanos=2419702	callbacks=256	result=ok
sample=1819	nanos=2408631	callbacks=256	result=ok
sample=1820	nanos=2418891	callbacks=256	result=ok
sample=1821	nanos=2427571	callbacks=256	result=ok
sample=1822	nanos=2420351	callbacks=256	result=ok
sample=1823	nanos=2424161	callbacks=256	result=ok
sample=1824	nanos=2412812	callbacks=256	result=ok
sample=1825	nanos=2413641	callbacks=256	result=ok
sample=1826	nanos=2419031	callbacks=256	result=ok
sample=1827	nanos=2412951	callbacks=256	result=ok
sample=1828	nanos=2421291	callbacks=256	result=ok
sample=1829	nanos=2405921	callbacks=256	result=ok
sample=1830	nanos=2435052	callbacks=256	result=ok
sample=1831	nanos=2417021	callbacks=256	result=ok
sample=1832	nanos=2427111	callbacks=256	result=ok
sample=1833	nanos=2431651	callbacks=256	result=ok
sample=1834	nanos=2424091	callbacks=256	result=ok
sample=1835	nanos=2426222	callbacks=256	result=ok
sample=1836	nanos=2419931	callbacks=256	result=ok
sample=1837	nanos=2437261	callbacks=256	result=ok
sample=1838	nanos=2416611	callbacks=256	result=ok
sample=1839	nanos=2424911	callbacks=256	result=ok
sample=1840	nanos=2422661	callbacks=256	result=ok
sample=1841	nanos=2410102	callbacks=256	result=ok
sample=1842	nanos=2442901	callbacks=256	result=ok
sample=1843	nanos=2410031	callbacks=256	result=ok
sample=1844	nanos=2421051	callbacks=256	result=ok
sample=1845	nanos=2423281	callbacks=256	result=ok
sample=1846	nanos=2422591	callbacks=256	result=ok
sample=1847	nanos=2426612	callbacks=256	result=ok
sample=1848	nanos=2410201	callbacks=256	result=ok
sample=1849	nanos=2440391	callbacks=256	result=ok
sample=1850	nanos=2409031	callbacks=256	result=ok
sample=1851	nanos=2423591	callbacks=256	result=ok
sample=1852	nanos=2428662	callbacks=256	result=ok
sample=1853	nanos=2410121	callbacks=256	result=ok
sample=1854	nanos=2434661	callbacks=256	result=ok
sample=1855	nanos=2407501	callbacks=256	result=ok
sample=1856	nanos=2441771	callbacks=256	result=ok
sample=1857	nanos=2413402	callbacks=256	result=ok
sample=1858	nanos=2422681	callbacks=256	result=ok
sample=1859	nanos=2426241	callbacks=256	result=ok
sample=1860	nanos=2407471	callbacks=256	result=ok
sample=1861	nanos=2436701	callbacks=256	result=ok
sample=1862	nanos=2413381	callbacks=256	result=ok
sample=1863	nanos=2436252	callbacks=256	result=ok
sample=1864	nanos=2432971	callbacks=256	result=ok
sample=1865	nanos=2413511	callbacks=256	result=ok
sample=1866	nanos=2436661	callbacks=256	result=ok
sample=1867	nanos=2411141	callbacks=256	result=ok
sample=1868	nanos=2436822	callbacks=256	result=ok
sample=1869	nanos=2415281	callbacks=256	result=ok
sample=1870	nanos=2417591	callbacks=256	result=ok
sample=1871	nanos=2425051	callbacks=256	result=ok
sample=1872	nanos=2411091	callbacks=256	result=ok
sample=1873	nanos=2434521	callbacks=256	result=ok
sample=1874	nanos=2413432	callbacks=256	result=ok
sample=1875	nanos=2438501	callbacks=256	result=ok
sample=1876	nanos=2410631	callbacks=256	result=ok
sample=1877	nanos=2409661	callbacks=256	result=ok
sample=1878	nanos=2432861	callbacks=256	result=ok
sample=1879	nanos=2408041	callbacks=256	result=ok
sample=1880	nanos=2434132	callbacks=256	result=ok
sample=1881	nanos=2405581	callbacks=256	result=ok
sample=1882	nanos=2439991	callbacks=256	result=ok
sample=1883	nanos=2405671	callbacks=256	result=ok
sample=1884	nanos=2412021	callbacks=256	result=ok
sample=1885	nanos=2435592	callbacks=256	result=ok
sample=1886	nanos=2404281	callbacks=256	result=ok
sample=1887	nanos=2433141	callbacks=256	result=ok
sample=1888	nanos=2405651	callbacks=256	result=ok
sample=1889	nanos=2407681	callbacks=256	result=ok
sample=1890	nanos=2432351	callbacks=256	result=ok
sample=1891	nanos=2403881	callbacks=256	result=ok
sample=1892	nanos=2436632	callbacks=256	result=ok
sample=1893	nanos=2407441	callbacks=256	result=ok
sample=1894	nanos=2424431	callbacks=256	result=ok
sample=1895	nanos=2423131	callbacks=256	result=ok
sample=1896	nanos=2404331	callbacks=256	result=ok
sample=1897	nanos=2439091	callbacks=256	result=ok
sample=1898	nanos=2407952	callbacks=256	result=ok
sample=1899	nanos=2439521	callbacks=256	result=ok
sample=1900	nanos=2414701	callbacks=256	result=ok
sample=1901	nanos=2408181	callbacks=256	result=ok
sample=1902	nanos=2436701	callbacks=256	result=ok
sample=1903	nanos=2409291	callbacks=256	result=ok
sample=1904	nanos=2441232	callbacks=256	result=ok
sample=1905	nanos=2410561	callbacks=256	result=ok
sample=1906	nanos=2423551	callbacks=256	result=ok
sample=1907	nanos=2426431	callbacks=256	result=ok
sample=1908	nanos=2408791	callbacks=256	result=ok
sample=1909	nanos=2439982	callbacks=256	result=ok
sample=1910	nanos=2412691	callbacks=256	result=ok
sample=1911	nanos=2438061	callbacks=256	result=ok
sample=1912	nanos=2411871	callbacks=256	result=ok
sample=1913	nanos=2428761	callbacks=256	result=ok
sample=1914	nanos=2420901	callbacks=256	result=ok
sample=1915	nanos=2410922	callbacks=256	result=ok
sample=1916	nanos=2434891	callbacks=256	result=ok
sample=1917	nanos=2432821	callbacks=256	result=ok
sample=1918	nanos=2428351	callbacks=256	result=ok
sample=1919	nanos=2420031	callbacks=256	result=ok
sample=1920	nanos=2427022	callbacks=256	result=ok
sample=1921	nanos=2420701	callbacks=256	result=ok
sample=1922	nanos=2411211	callbacks=256	result=ok
sample=1923	nanos=2441561	callbacks=256	result=ok
sample=1924	nanos=2405161	callbacks=256	result=ok
sample=1925	nanos=2429672	callbacks=256	result=ok
sample=1926	nanos=2420031	callbacks=256	result=ok
sample=1927	nanos=2430491	callbacks=256	result=ok
sample=1928	nanos=2423971	callbacks=256	result=ok
sample=1929	nanos=2407081	callbacks=256	result=ok
sample=1930	nanos=2428331	callbacks=256	result=ok
sample=1931	nanos=2418622	callbacks=256	result=ok
sample=1932	nanos=2432441	callbacks=256	result=ok
sample=1933	nanos=2428851	callbacks=256	result=ok
sample=1934	nanos=2408881	callbacks=256	result=ok
sample=1935	nanos=2425501	callbacks=256	result=ok
sample=1936	nanos=2419151	callbacks=256	result=ok
sample=1937	nanos=2426032	callbacks=256	result=ok
sample=1938	nanos=2423231	callbacks=256	result=ok
sample=1939	nanos=2429931	callbacks=256	result=ok
sample=1940	nanos=2427311	callbacks=256	result=ok
sample=1941	nanos=2411721	callbacks=256	result=ok
sample=1942	nanos=2428692	callbacks=256	result=ok
sample=1943	nanos=2447391	callbacks=256	result=ok
sample=1944	nanos=2429021	callbacks=256	result=ok
sample=1945	nanos=2426351	callbacks=256	result=ok
sample=1946	nanos=2430582	callbacks=256	result=ok
sample=1947	nanos=2422771	callbacks=256	result=ok
sample=1948	nanos=2419751	callbacks=256	result=ok
sample=1949	nanos=2428001	callbacks=256	result=ok
sample=1950	nanos=2434541	callbacks=256	result=ok
sample=1951	nanos=2438242	callbacks=256	result=ok
sample=1952	nanos=2422711	callbacks=256	result=ok
sample=1953	nanos=2430021	callbacks=256	result=ok
sample=1954	nanos=2411021	callbacks=256	result=ok
sample=1955	nanos=2425221	callbacks=256	result=ok
sample=1956	nanos=2430461	callbacks=256	result=ok
sample=1957	nanos=2423312	callbacks=256	result=ok
sample=1958	nanos=2439431	callbacks=256	result=ok
sample=1959	nanos=2431651	callbacks=256	result=ok
sample=1960	nanos=2427321	callbacks=256	result=ok
sample=1961	nanos=2419582	callbacks=256	result=ok
sample=1962	nanos=2422541	callbacks=256	result=ok
sample=1963	nanos=2429531	callbacks=256	result=ok
sample=1964	nanos=2423281	callbacks=256	result=ok
sample=1965	nanos=2427721	callbacks=256	result=ok
sample=1966	nanos=2411981	callbacks=256	result=ok
sample=1967	nanos=2434342	callbacks=256	result=ok
sample=1968	nanos=2417171	callbacks=256	result=ok
sample=1969	nanos=2421011	callbacks=256	result=ok
sample=1970	nanos=2456751	callbacks=256	result=ok
sample=1971	nanos=2429942	callbacks=256	result=ok
sample=1972	nanos=2429191	callbacks=256	result=ok
sample=1973	nanos=2415751	callbacks=256	result=ok
sample=1974	nanos=2435791	callbacks=256	result=ok
sample=1975	nanos=2415161	callbacks=256	result=ok
sample=1976	nanos=2428382	callbacks=256	result=ok
sample=1977	nanos=2426581	callbacks=256	result=ok
sample=1978	nanos=2429941	callbacks=256	result=ok
sample=1979	nanos=2431191	callbacks=256	result=ok
sample=1980	nanos=2414781	callbacks=256	result=ok
sample=1981	nanos=2438702	callbacks=256	result=ok
sample=1982	nanos=2413561	callbacks=256	result=ok
sample=1983	nanos=2426811	callbacks=256	result=ok
sample=1984	nanos=2431651	callbacks=256	result=ok
sample=1985	nanos=2410311	callbacks=256	result=ok
sample=1986	nanos=2439121	callbacks=256	result=ok
sample=1987	nanos=2409832	callbacks=256	result=ok
sample=1988	nanos=2424931	callbacks=256	result=ok
sample=1989	nanos=2430481	callbacks=256	result=ok
sample=1990	nanos=2422201	callbacks=256	result=ok
sample=1991	nanos=2428111	callbacks=256	result=ok
sample=1992	nanos=2410731	callbacks=256	result=ok
sample=1993	nanos=2446412	callbacks=256	result=ok
sample=1994	nanos=2416311	callbacks=256	result=ok
sample=1995	nanos=2423031	callbacks=256	result=ok
sample=1996	nanos=2426631	callbacks=256	result=ok
sample=1997	nanos=2410481	callbacks=256	result=ok
sample=1998	nanos=2436932	callbacks=256	result=ok
sample=1999	nanos=2410231	callbacks=256	result=ok
sample=2000	nanos=2431801	callbacks=256	result=ok
sample=2001	nanos=2408751	callbacks=256	result=ok
sample=2002	nanos=2415911	callbacks=256	result=ok
sample=2003	nanos=2423852	callbacks=256	result=ok
sample=2004	nanos=2413551	callbacks=256	result=ok
sample=2005	nanos=2436861	callbacks=256	result=ok
sample=2006	nanos=2429651	callbacks=256	result=ok
sample=2007	nanos=2441391	callbacks=256	result=ok
sample=2008	nanos=2410192	callbacks=256	result=ok
sample=2009	nanos=2413501	callbacks=256	result=ok
sample=2010	nanos=2429351	callbacks=256	result=ok
sample=2011	nanos=2407411	callbacks=256	result=ok
sample=2012	nanos=2437581	callbacks=256	result=ok
sample=2013	nanos=2404011	callbacks=256	result=ok
sample=2014	nanos=2431522	callbacks=256	result=ok
sample=2015	nanos=2403901	callbacks=256	result=ok
sample=2016	nanos=2408561	callbacks=256	result=ok
sample=2017	nanos=2437771	callbacks=256	result=ok
sample=2018	nanos=2406331	callbacks=256	result=ok
sample=2019	nanos=2435381	callbacks=256	result=ok
sample=2020	nanos=2408322	callbacks=256	result=ok
sample=2021	nanos=2413531	callbacks=256	result=ok
sample=2022	nanos=2438771	callbacks=256	result=ok
sample=2023	nanos=2403811	callbacks=256	result=ok
sample=2024	nanos=2433681	callbacks=256	result=ok
sample=2025	nanos=2413621	callbacks=256	result=ok
sample=2026	nanos=2426522	callbacks=256	result=ok
sample=2027	nanos=2424321	callbacks=256	result=ok
sample=2028	nanos=2407701	callbacks=256	result=ok
sample=2029	nanos=2436661	callbacks=256	result=ok
sample=2030	nanos=2403351	callbacks=256	result=ok
sample=2031	nanos=2431612	callbacks=256	result=ok
sample=2032	nanos=2413971	callbacks=256	result=ok
sample=2033	nanos=2407591	callbacks=256	result=ok
sample=2034	nanos=2439941	callbacks=256	result=ok
sample=2035	nanos=2407711	callbacks=256	result=ok
sample=2036	nanos=2436821	callbacks=256	result=ok
sample=2037	nanos=2414311	callbacks=256	result=ok
sample=2038	nanos=2425372	callbacks=256	result=ok
sample=2039	nanos=2424151	callbacks=256	result=ok
sample=2040	nanos=2409921	callbacks=256	result=ok
sample=2041	nanos=2439301	callbacks=256	result=ok
sample=2042	nanos=2415141	callbacks=256	result=ok
sample=2043	nanos=2440662	callbacks=256	result=ok
sample=2044	nanos=2414961	callbacks=256	result=ok
sample=2045	nanos=2427731	callbacks=256	result=ok
sample=2046	nanos=2421551	callbacks=256	result=ok
sample=2047	nanos=2416741	callbacks=256	result=ok
sample=2048	nanos=2435792	callbacks=256	result=ok
sample=2049	nanos=2431171	callbacks=256	result=ok
sample=2050	nanos=2428601	callbacks=256	result=ok
sample=2051	nanos=2423261	callbacks=256	result=ok
sample=2052	nanos=2428041	callbacks=256	result=ok
sample=2053	nanos=2416712	callbacks=256	result=ok
sample=2054	nanos=2413411	callbacks=256	result=ok
sample=2055	nanos=2439361	callbacks=256	result=ok
sample=2056	nanos=2409791	callbacks=256	result=ok
sample=2057	nanos=2433321	callbacks=256	result=ok
sample=2058	nanos=2420081	callbacks=256	result=ok
sample=2059	nanos=2430912	callbacks=256	result=ok
sample=2060	nanos=2421451	callbacks=256	result=ok
sample=2061	nanos=2406911	callbacks=256	result=ok
sample=2062	nanos=2426331	callbacks=256	result=ok
sample=2063	nanos=2418201	callbacks=256	result=ok
sample=2064	nanos=2422602	callbacks=256	result=ok
sample=2065	nanos=2416741	callbacks=256	result=ok
sample=2066	nanos=2404881	callbacks=256	result=ok
sample=2067	nanos=2437941	callbacks=256	result=ok
sample=2068	nanos=2403021	callbacks=256	result=ok
sample=2069	nanos=2424761	callbacks=256	result=ok
sample=2070	nanos=2422051	callbacks=256	result=ok
sample=2071	nanos=2420342	callbacks=256	result=ok
sample=2072	nanos=2419611	callbacks=256	result=ok
sample=2073	nanos=2402031	callbacks=256	result=ok
sample=2074	nanos=2426981	callbacks=256	result=ok
sample=2075	nanos=2419741	callbacks=256	result=ok
sample=2076	nanos=2425112	callbacks=256	result=ok
sample=2077	nanos=2422521	callbacks=256	result=ok
sample=2078	nanos=2401901	callbacks=256	result=ok
sample=2079	nanos=2425401	callbacks=256	result=ok
sample=2080	nanos=2418001	callbacks=256	result=ok
sample=2081	nanos=2419261	callbacks=256	result=ok
sample=2082	nanos=2425461	callbacks=256	result=ok
sample=2083	nanos=2424822	callbacks=256	result=ok
sample=2084	nanos=2416401	callbacks=256	result=ok
sample=2085	nanos=2406991	callbacks=256	result=ok
sample=2086	nanos=2417621	callbacks=256	result=ok
sample=2087	nanos=2419911	callbacks=256	result=ok
sample=2088	nanos=2423711	callbacks=256	result=ok
sample=2089	nanos=2419162	callbacks=256	result=ok
sample=2090	nanos=2406231	callbacks=256	result=ok
sample=2091	nanos=2418871	callbacks=256	result=ok
sample=2092	nanos=2419971	callbacks=256	result=ok
sample=2093	nanos=2428101	callbacks=256	result=ok
sample=2094	nanos=2417661	callbacks=256	result=ok
sample=2095	nanos=2427172	callbacks=256	result=ok
sample=2096	nanos=2406141	callbacks=256	result=ok
sample=2097	nanos=2419061	callbacks=256	result=ok
sample=2098	nanos=2425631	callbacks=256	result=ok
sample=2099	nanos=2415461	callbacks=256	result=ok
sample=2100	nanos=2426611	callbacks=256	result=ok
sample=2101	nanos=2417552	callbacks=256	result=ok
sample=2102	nanos=2423741	callbacks=256	result=ok
sample=2103	nanos=2410581	callbacks=256	result=ok
sample=2104	nanos=2417031	callbacks=256	result=ok
sample=2105	nanos=2425981	callbacks=256	result=ok
sample=2106	nanos=2417241	callbacks=256	result=ok
sample=2107	nanos=2429792	callbacks=256	result=ok
sample=2108	nanos=2417931	callbacks=256	result=ok
sample=2109	nanos=2417651	callbacks=256	result=ok
sample=2110	nanos=2424011	callbacks=256	result=ok
sample=2111	nanos=2417531	callbacks=256	result=ok
sample=2112	nanos=2428831	callbacks=256	result=ok
sample=2113	nanos=2415922	callbacks=256	result=ok
sample=2114	nanos=2437291	callbacks=256	result=ok
sample=2115	nanos=2413001	callbacks=256	result=ok
sample=2116	nanos=2418631	callbacks=256	result=ok
sample=2117	nanos=2427801	callbacks=256	result=ok
sample=2118	nanos=2427401	callbacks=256	result=ok
sample=2119	nanos=2420342	callbacks=256	result=ok
sample=2120	nanos=2411891	callbacks=256	result=ok
sample=2121	nanos=2439081	callbacks=256	result=ok
sample=2122	nanos=2411661	callbacks=256	result=ok
sample=2123	nanos=2421771	callbacks=256	result=ok
sample=2124	nanos=2420502	callbacks=256	result=ok
sample=2125	nanos=2410411	callbacks=256	result=ok
sample=2126	nanos=2440871	callbacks=256	result=ok
sample=2127	nanos=2406191	callbacks=256	result=ok
sample=2128	nanos=2427091	callbacks=256	result=ok
sample=2129	nanos=2425101	callbacks=256	result=ok
sample=2130	nanos=2423882	callbacks=256	result=ok
sample=2131	nanos=2427361	callbacks=256	result=ok
sample=2132	nanos=2411801	callbacks=256	result=ok
sample=2133	nanos=2437661	callbacks=256	result=ok
sample=2134	nanos=2409691	callbacks=256	result=ok
sample=2135	nanos=2425182	callbacks=256	result=ok
sample=2136	nanos=2426831	callbacks=256	result=ok
sample=2137	nanos=2407571	callbacks=256	result=ok
sample=2138	nanos=2437321	callbacks=256	result=ok
sample=2139	nanos=2406831	callbacks=256	result=ok
sample=2140	nanos=2439471	callbacks=256	result=ok
sample=2141	nanos=2411752	callbacks=256	result=ok
sample=2142	nanos=2410631	callbacks=256	result=ok
sample=2143	nanos=2438381	callbacks=256	result=ok
sample=2144	nanos=2408471	callbacks=256	result=ok
sample=2145	nanos=2441761	callbacks=256	result=ok
sample=2146	nanos=2417401	callbacks=256	result=ok
sample=2147	nanos=2438912	callbacks=256	result=ok
sample=2148	nanos=2416011	callbacks=256	result=ok
sample=2149	nanos=2410101	callbacks=256	result=ok
sample=2150	nanos=2438981	callbacks=256	result=ok
sample=2151	nanos=2414111	callbacks=256	result=ok
sample=2152	nanos=2433432	callbacks=256	result=ok
sample=2153	nanos=2410491	callbacks=256	result=ok
sample=2154	nanos=2405121	callbacks=256	result=ok
sample=2155	nanos=2439171	callbacks=256	result=ok
sample=2156	nanos=2413231	callbacks=256	result=ok
sample=2157	nanos=2437492	callbacks=256	result=ok
sample=2158	nanos=2409531	callbacks=256	result=ok
sample=2159	nanos=2439771	callbacks=256	result=ok
sample=2160	nanos=2406931	callbacks=256	result=ok
sample=2161	nanos=2405941	callbacks=256	result=ok
sample=2162	nanos=2432501	callbacks=256	result=ok
sample=2163	nanos=2410971	callbacks=256	result=ok
sample=2164	nanos=2437492	callbacks=256	result=ok
sample=2165	nanos=2406591	callbacks=256	result=ok
sample=2166	nanos=2424251	callbacks=256	result=ok
sample=2167	nanos=2416811	callbacks=256	result=ok
sample=2168	nanos=2410901	callbacks=256	result=ok
sample=2169	nanos=2435861	callbacks=256	result=ok
sample=2170	nanos=2405392	callbacks=256	result=ok
sample=2171	nanos=2435841	callbacks=256	result=ok
sample=2172	nanos=2408981	callbacks=256	result=ok
sample=2173	nanos=2411121	callbacks=256	result=ok
sample=2174	nanos=2435061	callbacks=256	result=ok
sample=2175	nanos=2407101	callbacks=256	result=ok
sample=2176	nanos=2438552	callbacks=256	result=ok
sample=2177	nanos=2405261	callbacks=256	result=ok
sample=2178	nanos=2448391	callbacks=256	result=ok
sample=2179	nanos=2423711	callbacks=256	result=ok
sample=2180	nanos=2403701	callbacks=256	result=ok
sample=2181	nanos=2434322	callbacks=256	result=ok
sample=2182	nanos=2403551	callbacks=256	result=ok
sample=2183	nanos=2426871	callbacks=256	result=ok
sample=2184	nanos=2421761	callbacks=256	result=ok
sample=2185	nanos=2424791	callbacks=256	result=ok
sample=2186	nanos=2419651	callbacks=256	result=ok
sample=2187	nanos=2406992	callbacks=256	result=ok
sample=2188	nanos=2436661	callbacks=256	result=ok
sample=2189	nanos=2408411	callbacks=256	result=ok
sample=2190	nanos=2421471	callbacks=256	result=ok
sample=2191	nanos=2423351	callbacks=256	result=ok
sample=2192	nanos=2410041	callbacks=256	result=ok
sample=2193	nanos=2437042	callbacks=256	result=ok
sample=2194	nanos=2409611	callbacks=256	result=ok
sample=2195	nanos=2421211	callbacks=256	result=ok
sample=2196	nanos=2423601	callbacks=256	result=ok
sample=2197	nanos=2425461	callbacks=256	result=ok
sample=2198	nanos=2415341	callbacks=256	result=ok
sample=2199	nanos=2409342	callbacks=256	result=ok
sample=2200	nanos=2431481	callbacks=256	result=ok
sample=2201	nanos=2429321	callbacks=256	result=ok
sample=2202	nanos=2416511	callbacks=256	result=ok
sample=2203	nanos=2409301	callbacks=256	result=ok
sample=2204	nanos=2426861	callbacks=256	result=ok
sample=2205	nanos=2412922	callbacks=256	result=ok
sample=2206	nanos=2400791	callbacks=256	result=ok
sample=2207	nanos=2419221	callbacks=256	result=ok
sample=2208	nanos=2416621	callbacks=256	result=ok
sample=2209	nanos=2421251	callbacks=256	result=ok
sample=2210	nanos=2413851	callbacks=256	result=ok
sample=2211	nanos=2403071	callbacks=256	result=ok
sample=2212	nanos=2419712	callbacks=256	result=ok
sample=2213	nanos=2408601	callbacks=256	result=ok
sample=2214	nanos=2417901	callbacks=256	result=ok
sample=2215	nanos=2411611	callbacks=256	result=ok
sample=2216	nanos=2405601	callbacks=256	result=ok
sample=2217	nanos=2424141	callbacks=256	result=ok
sample=2218	nanos=2412581	callbacks=256	result=ok
sample=2219	nanos=2420362	callbacks=256	result=ok
sample=2220	nanos=2410691	callbacks=256	result=ok
sample=2221	nanos=2417851	callbacks=256	result=ok
sample=2222	nanos=2401951	callbacks=256	result=ok
sample=2223	nanos=2415811	callbacks=256	result=ok
sample=2224	nanos=2416921	callbacks=256	result=ok
sample=2225	nanos=2414681	callbacks=256	result=ok
sample=2226	nanos=2419602	callbacks=256	result=ok
sample=2227	nanos=2417061	callbacks=256	result=ok
sample=2228	nanos=2416791	callbacks=256	result=ok
sample=2229	nanos=2417751	callbacks=256	result=ok
sample=2230	nanos=2414431	callbacks=256	result=ok
sample=2231	nanos=2418431	callbacks=256	result=ok
sample=2232	nanos=2518572	callbacks=256	result=ok
sample=2233	nanos=2418741	callbacks=256	result=ok
sample=2234	nanos=2406481	callbacks=256	result=ok
sample=2235	nanos=2412691	callbacks=256	result=ok
sample=2236	nanos=2423862	callbacks=256	result=ok
sample=2237	nanos=2416181	callbacks=256	result=ok
sample=2238	nanos=2414441	callbacks=256	result=ok
sample=2239	nanos=2414621	callbacks=256	result=ok
sample=2240	nanos=2414391	callbacks=256	result=ok
sample=2241	nanos=2406841	callbacks=256	result=ok
sample=2242	nanos=2417401	callbacks=256	result=ok
sample=2243	nanos=2429632	callbacks=256	result=ok
sample=2244	nanos=2417031	callbacks=256	result=ok
sample=2245	nanos=2420481	callbacks=256	result=ok
sample=2246	nanos=2405241	callbacks=256	result=ok
sample=2247	nanos=2415871	callbacks=256	result=ok
sample=2248	nanos=2415861	callbacks=256	result=ok
sample=2249	nanos=2418951	callbacks=256	result=ok
sample=2250	nanos=2417182	callbacks=256	result=ok
sample=2251	nanos=2403561	callbacks=256	result=ok
sample=2252	nanos=2433241	callbacks=256	result=ok
sample=2253	nanos=2399521	callbacks=256	result=ok
sample=2254	nanos=2415911	callbacks=256	result=ok
sample=2255	nanos=2419541	callbacks=256	result=ok
sample=2256	nanos=2402531	callbacks=256	result=ok
sample=2257	nanos=2433842	callbacks=256	result=ok
sample=2258	nanos=2405431	callbacks=256	result=ok
sample=2259	nanos=2417801	callbacks=256	result=ok
sample=2260	nanos=2416281	callbacks=256	result=ok
sample=2261	nanos=2410491	callbacks=256	result=ok
sample=2262	nanos=2421671	callbacks=256	result=ok
sample=2263	nanos=2399342	callbacks=256	result=ok
sample=2264	nanos=2430911	callbacks=256	result=ok
sample=2265	nanos=2406321	callbacks=256	result=ok
sample=2266	nanos=2410131	callbacks=256	result=ok
sample=2267	nanos=2420291	callbacks=256	result=ok
sample=2268	nanos=2409691	callbacks=256	result=ok
sample=2269	nanos=2431241	callbacks=256	result=ok
sample=2270	nanos=2406401	callbacks=256	result=ok
sample=2271	nanos=2413732	callbacks=256	result=ok
sample=2272	nanos=2423051	callbacks=256	result=ok
sample=2273	nanos=2399621	callbacks=256	result=ok
sample=2274	nanos=2430151	callbacks=256	result=ok
sample=2275	nanos=2406751	callbacks=256	result=ok
sample=2276	nanos=2411691	callbacks=256	result=ok
sample=2277	nanos=2417331	callbacks=256	result=ok
sample=2278	nanos=2400832	callbacks=256	result=ok
sample=2279	nanos=2426961	callbacks=256	result=ok
sample=2280	nanos=2403091	callbacks=256	result=ok
sample=2281	nanos=2429971	callbacks=256	result=ok
sample=2282	nanos=2399751	callbacks=256	result=ok
sample=2283	nanos=2406861	callbacks=256	result=ok
sample=2284	nanos=2431282	callbacks=256	result=ok
sample=2285	nanos=2405871	callbacks=256	result=ok
sample=2286	nanos=2432781	callbacks=256	result=ok
sample=2287	nanos=2486591	callbacks=256	result=ok
sample=2288	nanos=2434452	callbacks=256	result=ok
sample=2289	nanos=2402421	callbacks=256	result=ok
sample=2290	nanos=2406731	callbacks=256	result=ok
sample=2291	nanos=2434231	callbacks=256	result=ok
sample=2292	nanos=2410271	callbacks=256	result=ok
sample=2293	nanos=2431211	callbacks=256	result=ok
sample=2294	nanos=2406611	callbacks=256	result=ok
sample=2295	nanos=2406151	callbacks=256	result=ok
sample=2296	nanos=2430922	callbacks=256	result=ok
sample=2297	nanos=2402901	callbacks=256	result=ok
sample=2298	nanos=2429231	callbacks=256	result=ok
sample=2299	nanos=2402851	callbacks=256	result=ok
sample=2300	nanos=2433701	callbacks=256	result=ok
sample=2301	nanos=2401782	callbacks=256	result=ok
sample=2302	nanos=2403881	callbacks=256	result=ok
sample=2303	nanos=2431251	callbacks=256	result=ok
sample=2304	nanos=2406251	callbacks=256	result=ok
sample=2305	nanos=2433371	callbacks=256	result=ok
sample=2306	nanos=2405451	callbacks=256	result=ok
sample=2307	nanos=2405921	callbacks=256	result=ok
sample=2308	nanos=2436182	callbacks=256	result=ok
sample=2309	nanos=2404021	callbacks=256	result=ok
sample=2310	nanos=2435031	callbacks=256	result=ok
sample=2311	nanos=2405031	callbacks=256	result=ok
sample=2312	nanos=2422191	callbacks=256	result=ok
sample=2313	nanos=2424471	callbacks=256	result=ok
sample=2314	nanos=2409342	callbacks=256	result=ok
sample=2315	nanos=2434731	callbacks=256	result=ok
sample=2316	nanos=2408831	callbacks=256	result=ok
sample=2317	nanos=2422411	callbacks=256	result=ok
sample=2318	nanos=2418471	callbacks=256	result=ok
sample=2319	nanos=2407121	callbacks=256	result=ok
sample=2320	nanos=2438522	callbacks=256	result=ok
sample=2321	nanos=2406651	callbacks=256	result=ok
sample=2322	nanos=2432981	callbacks=256	result=ok
sample=2323	nanos=2404261	callbacks=256	result=ok
sample=2324	nanos=2420851	callbacks=256	result=ok
sample=2325	nanos=2421101	callbacks=256	result=ok
sample=2326	nanos=2405921	callbacks=256	result=ok
sample=2327	nanos=2433112	callbacks=256	result=ok
sample=2328	nanos=2408591	callbacks=256	result=ok
sample=2329	nanos=2417591	callbacks=256	result=ok
sample=2330	nanos=2414651	callbacks=256	result=ok
sample=2331	nanos=2399381	callbacks=256	result=ok
sample=2332	nanos=2439381	callbacks=256	result=ok
sample=2333	nanos=2409761	callbacks=256	result=ok
sample=2334	nanos=2413652	callbacks=256	result=ok
sample=2335	nanos=2422611	callbacks=256	result=ok
sample=2336	nanos=2416591	callbacks=256	result=ok
sample=2337	nanos=2412651	callbacks=256	result=ok
sample=2338	nanos=2404011	callbacks=256	result=ok
sample=2339	nanos=2415251	callbacks=256	result=ok
sample=2340	nanos=2437162	callbacks=256	result=ok
sample=2341	nanos=2421531	callbacks=256	result=ok
sample=2342	nanos=2416651	callbacks=256	result=ok
sample=2343	nanos=2418161	callbacks=256	result=ok
sample=2344	nanos=2419611	callbacks=256	result=ok
sample=2345	nanos=2411661	callbacks=256	result=ok
sample=2346	nanos=2419782	callbacks=256	result=ok
sample=2347	nanos=2413201	callbacks=256	result=ok
sample=2348	nanos=2423931	callbacks=256	result=ok
sample=2349	nanos=2411521	callbacks=256	result=ok
sample=2350	nanos=2406641	callbacks=256	result=ok
sample=2351	nanos=2423051	callbacks=256	result=ok
sample=2352	nanos=2415801	callbacks=256	result=ok
sample=2353	nanos=2419302	callbacks=256	result=ok
sample=2354	nanos=2416931	callbacks=256	result=ok
sample=2355	nanos=2422771	callbacks=256	result=ok
sample=2356	nanos=2408941	callbacks=256	result=ok
sample=2357	nanos=2418481	callbacks=256	result=ok
sample=2358	nanos=2423181	callbacks=256	result=ok
sample=2359	nanos=2419322	callbacks=256	result=ok
sample=2360	nanos=2422471	callbacks=256	result=ok
sample=2361	nanos=2414461	callbacks=256	result=ok
sample=2362	nanos=2397601	callbacks=256	result=ok
sample=2363	nanos=2419701	callbacks=256	result=ok
sample=2364	nanos=2415861	callbacks=256	result=ok
sample=2365	nanos=2417171	callbacks=256	result=ok
sample=2366	nanos=2415482	callbacks=256	result=ok
sample=2367	nanos=2399101	callbacks=256	result=ok
sample=2368	nanos=2421121	callbacks=256	result=ok
sample=2369	nanos=2410991	callbacks=256	result=ok
sample=2370	nanos=2431541	callbacks=256	result=ok
sample=2371	nanos=2423911	callbacks=256	result=ok
sample=2372	nanos=2421702	callbacks=256	result=ok
sample=2373	nanos=2404821	callbacks=256	result=ok
sample=2374	nanos=2411891	callbacks=256	result=ok
sample=2375	nanos=2420451	callbacks=256	result=ok
sample=2376	nanos=2415311	callbacks=256	result=ok
sample=2377	nanos=2421471	callbacks=256	result=ok
sample=2378	nanos=2425831	callbacks=256	result=ok
sample=2379	nanos=2444182	callbacks=256	result=ok
sample=2380	nanos=2407021	callbacks=256	result=ok
sample=2381	nanos=2415651	callbacks=256	result=ok
sample=2382	nanos=2413381	callbacks=256	result=ok
sample=2383	nanos=2425651	callbacks=256	result=ok
sample=2384	nanos=2419731	callbacks=256	result=ok
sample=2385	nanos=2398182	callbacks=256	result=ok
sample=2386	nanos=2413261	callbacks=256	result=ok
sample=2387	nanos=2411681	callbacks=256	result=ok
sample=2388	nanos=2416691	callbacks=256	result=ok
sample=2389	nanos=2413441	callbacks=256	result=ok
sample=2390	nanos=2397441	callbacks=256	result=ok
sample=2391	nanos=2410621	callbacks=256	result=ok
sample=2392	nanos=2413331	callbacks=256	result=ok
sample=2393	nanos=2414042	callbacks=256	result=ok
sample=2394	nanos=2418401	callbacks=256	result=ok
sample=2395	nanos=2397911	callbacks=256	result=ok
sample=2396	nanos=2430331	callbacks=256	result=ok
sample=2397	nanos=2396821	callbacks=256	result=ok
sample=2398	nanos=2409591	callbacks=256	result=ok
sample=2399	nanos=2415961	callbacks=256	result=ok
sample=2400	nanos=2399001	callbacks=256	result=ok
sample=2401	nanos=2431462	callbacks=256	result=ok
sample=2402	nanos=2398081	callbacks=256	result=ok
sample=2403	nanos=2416361	callbacks=256	result=ok
sample=2404	nanos=2417761	callbacks=256	result=ok
sample=2405	nanos=2397601	callbacks=256	result=ok
sample=2406	nanos=2428981	callbacks=256	result=ok
sample=2407	nanos=2401451	callbacks=256	result=ok
sample=2408	nanos=2414882	callbacks=256	result=ok
sample=2409	nanos=2427561	callbacks=256	result=ok
sample=2410	nanos=2402321	callbacks=256	result=ok
sample=2411	nanos=2436301	callbacks=256	result=ok
sample=2412	nanos=2398921	callbacks=256	result=ok
sample=2413	nanos=2427141	callbacks=256	result=ok
sample=2414	nanos=2400691	callbacks=256	result=ok
sample=2415	nanos=2409572	callbacks=256	result=ok
sample=2416	nanos=2415591	callbacks=256	result=ok
sample=2417	nanos=2394701	callbacks=256	result=ok
sample=2418	nanos=2425931	callbacks=256	result=ok
sample=2419	nanos=2426861	callbacks=256	result=ok
sample=2420	nanos=2414411	callbacks=256	result=ok
sample=2421	nanos=2423281	callbacks=256	result=ok
sample=2422	nanos=2403982	callbacks=256	result=ok
sample=2423	nanos=2435701	callbacks=256	result=ok
sample=2424	nanos=2404011	callbacks=256	result=ok
sample=2425	nanos=2428061	callbacks=256	result=ok
sample=2426	nanos=2406941	callbacks=256	result=ok
sample=2427	nanos=2402591	callbacks=256	result=ok
sample=2428	nanos=2437652	callbacks=256	result=ok
sample=2429	nanos=2407191	callbacks=256	result=ok
sample=2430	nanos=2429581	callbacks=256	result=ok
sample=2431	nanos=2407841	callbacks=256	result=ok
sample=2432	nanos=2405861	callbacks=256	result=ok
sample=2433	nanos=2436781	callbacks=256	result=ok
sample=2434	nanos=2410091	callbacks=256	result=ok
sample=2435	nanos=2434072	callbacks=256	result=ok
sample=2436	nanos=2430661	callbacks=256	result=ok
sample=2437	nanos=2435781	callbacks=256	result=ok
sample=2438	nanos=2405701	callbacks=256	result=ok
sample=2439	nanos=2409331	callbacks=256	result=ok
sample=2440	nanos=2431342	callbacks=256	result=ok
sample=2441	nanos=2413791	callbacks=256	result=ok
sample=2442	nanos=2439281	callbacks=256	result=ok
sample=2443	nanos=2407201	callbacks=256	result=ok
sample=2444	nanos=2419901	callbacks=256	result=ok
sample=2445	nanos=2414621	callbacks=256	result=ok
sample=2446	nanos=2407971	callbacks=256	result=ok
sample=2447	nanos=2429882	callbacks=256	result=ok
sample=2448	nanos=2402931	callbacks=256	result=ok
sample=2449	nanos=2419591	callbacks=256	result=ok
sample=2450	nanos=2413121	callbacks=256	result=ok
sample=2451	nanos=2405221	callbacks=256	result=ok
sample=2452	nanos=2434781	callbacks=256	result=ok
sample=2453	nanos=2401932	callbacks=256	result=ok
sample=2454	nanos=2430021	callbacks=256	result=ok
sample=2455	nanos=2401671	callbacks=256	result=ok
sample=2456	nanos=2419681	callbacks=256	result=ok
sample=2457	nanos=2416021	callbacks=256	result=ok
sample=2458	nanos=2402481	callbacks=256	result=ok
sample=2459	nanos=2436771	callbacks=256	result=ok
sample=2460	nanos=2407522	callbacks=256	result=ok
sample=2461	nanos=2421181	callbacks=256	result=ok
sample=2462	nanos=2417081	callbacks=256	result=ok
sample=2463	nanos=2402521	callbacks=256	result=ok
sample=2464	nanos=2434521	callbacks=256	result=ok
sample=2465	nanos=2407551	callbacks=256	result=ok
sample=2466	nanos=2419702	callbacks=256	result=ok
sample=2467	nanos=2416871	callbacks=256	result=ok
sample=2468	nanos=2418741	callbacks=256	result=ok
sample=2469	nanos=2415621	callbacks=256	result=ok
sample=2470	nanos=2403251	callbacks=256	result=ok
sample=2471	nanos=2420171	callbacks=256	result=ok
sample=2472	nanos=2414461	callbacks=256	result=ok
sample=2473	nanos=2418982	callbacks=256	result=ok
sample=2474	nanos=2423791	callbacks=256	result=ok
sample=2475	nanos=2402561	callbacks=256	result=ok
sample=2476	nanos=2434601	callbacks=256	result=ok
sample=2477	nanos=2407251	callbacks=256	result=ok
sample=2478	nanos=2420931	callbacks=256	result=ok
sample=2479	nanos=2420531	callbacks=256	result=ok
sample=2480	nanos=2419552	callbacks=256	result=ok
sample=2481	nanos=2440251	callbacks=256	result=ok
sample=2482	nanos=2431321	callbacks=256	result=ok
sample=2483	nanos=2418961	callbacks=256	result=ok
sample=2484	nanos=2425141	callbacks=256	result=ok
sample=2485	nanos=2428432	callbacks=256	result=ok
sample=2486	nanos=2411181	callbacks=256	result=ok
sample=2487	nanos=2408261	callbacks=256	result=ok
sample=2488	nanos=2418991	callbacks=256	result=ok
sample=2489	nanos=2419411	callbacks=256	result=ok
sample=2490	nanos=2422431	callbacks=256	result=ok
sample=2491	nanos=2414202	callbacks=256	result=ok
sample=2492	nanos=2425691	callbacks=256	result=ok
sample=2493	nanos=2418401	callbacks=256	result=ok
sample=2494	nanos=2409211	callbacks=256	result=ok
sample=2495	nanos=2425801	callbacks=256	result=ok
sample=2496	nanos=2416931	callbacks=256	result=ok
sample=2497	nanos=2425092	callbacks=256	result=ok
sample=2498	nanos=2416251	callbacks=256	result=ok
sample=2499	nanos=2424331	callbacks=256	result=ok
sample=2500	nanos=2415781	callbacks=256	result=ok
sample=2501	nanos=2425941	callbacks=256	result=ok
sample=2502	nanos=2433542	callbacks=256	result=ok
sample=2503	nanos=2420921	callbacks=256	result=ok
sample=2504	nanos=2424191	callbacks=256	result=ok
sample=2505	nanos=2423501	callbacks=256	result=ok
sample=2506	nanos=2409341	callbacks=256	result=ok
sample=2507	nanos=2425931	callbacks=256	result=ok
sample=2508	nanos=2415682	callbacks=256	result=ok
sample=2509	nanos=2431341	callbacks=256	result=ok
sample=2510	nanos=2421591	callbacks=256	result=ok
sample=2511	nanos=2426851	callbacks=256	result=ok
sample=2512	nanos=2414941	callbacks=256	result=ok
sample=2513	nanos=2418272	callbacks=256	result=ok
sample=2514	nanos=2431071	callbacks=256	result=ok
sample=2515	nanos=2420651	callbacks=256	result=ok
sample=2516	nanos=2425691	callbacks=256	result=ok
sample=2517	nanos=2424221	callbacks=256	result=ok
sample=2518	nanos=2429081	callbacks=256	result=ok
sample=2519	nanos=2413132	callbacks=256	result=ok
sample=2520	nanos=2423731	callbacks=256	result=ok
sample=2521	nanos=2423291	callbacks=256	result=ok
sample=2522	nanos=2423171	callbacks=256	result=ok
sample=2523	nanos=2421031	callbacks=256	result=ok
sample=2524	nanos=2408681	callbacks=256	result=ok
sample=2525	nanos=2440672	callbacks=256	result=ok
sample=2526	nanos=2410571	callbacks=256	result=ok
sample=2527	nanos=2422801	callbacks=256	result=ok
sample=2528	nanos=2432771	callbacks=256	result=ok
sample=2529	nanos=2413731	callbacks=256	result=ok
sample=2530	nanos=2437912	callbacks=256	result=ok
sample=2531	nanos=2408731	callbacks=256	result=ok
sample=2532	nanos=2422891	callbacks=256	result=ok
sample=2533	nanos=2432291	callbacks=256	result=ok
sample=2534	nanos=2424711	callbacks=256	result=ok
sample=2535	nanos=2433421	callbacks=256	result=ok
sample=2536	nanos=2406312	callbacks=256	result=ok
sample=2537	nanos=2438821	callbacks=256	result=ok
sample=2538	nanos=2410481	callbacks=256	result=ok
sample=2539	nanos=2423121	callbacks=256	result=ok
sample=2540	nanos=2426341	callbacks=256	result=ok
sample=2541	nanos=2403482	callbacks=256	result=ok
sample=2542	nanos=2427571	callbacks=256	result=ok
sample=2543	nanos=2410711	callbacks=256	result=ok
sample=2544	nanos=2432611	callbacks=256	result=ok
sample=2545	nanos=2412151	callbacks=256	result=ok
sample=2546	nanos=2417281	callbacks=256	result=ok
sample=2547	nanos=2428892	callbacks=256	result=ok
sample=2548	nanos=2407841	callbacks=256	result=ok
sample=2549	nanos=2430391	callbacks=256	result=ok
sample=2550	nanos=2411441	callbacks=256	result=ok
sample=2551	nanos=2416301	callbacks=256	result=ok
sample=2552	nanos=2421941	callbacks=256	result=ok
sample=2553	nanos=2408951	callbacks=256	result=ok
sample=2554	nanos=2433732	callbacks=256	result=ok
sample=2555	nanos=2412131	callbacks=256	result=ok
sample=2556	nanos=2436881	callbacks=256	result=ok
sample=2557	nanos=2405021	callbacks=256	result=ok
sample=2558	nanos=2412441	callbacks=256	result=ok
sample=2559	nanos=2446532	callbacks=256	result=ok
sample=2560	nanos=2423471	callbacks=256	result=ok
sample=2561	nanos=2446111	callbacks=256	result=ok
sample=2562	nanos=2415721	callbacks=256	result=ok
sample=2563	nanos=2435741	callbacks=256	result=ok
sample=2564	nanos=2413562	callbacks=256	result=ok
sample=2565	nanos=2415451	callbacks=256	result=ok
sample=2566	nanos=2440401	callbacks=256	result=ok
sample=2567	nanos=2415931	callbacks=256	result=ok
sample=2568	nanos=2446011	callbacks=256	result=ok
sample=2569	nanos=2414502	callbacks=256	result=ok
sample=2570	nanos=2438611	callbacks=256	result=ok
sample=2571	nanos=2414771	callbacks=256	result=ok
sample=2572	nanos=2403231	callbacks=256	result=ok
sample=2573	nanos=2437301	callbacks=256	result=ok
sample=2574	nanos=2407861	callbacks=256	result=ok
sample=2575	nanos=2434892	callbacks=256	result=ok
sample=2576	nanos=2412101	callbacks=256	result=ok
sample=2577	nanos=2408951	callbacks=256	result=ok
sample=2578	nanos=2437271	callbacks=256	result=ok
sample=2579	nanos=2405251	callbacks=256	result=ok
sample=2580	nanos=2438241	callbacks=256	result=ok
sample=2581	nanos=2407602	callbacks=256	result=ok
sample=2582	nanos=2421831	callbacks=256	result=ok
sample=2583	nanos=2422071	callbacks=256	result=ok
sample=2584	nanos=2425391	callbacks=256	result=ok
sample=2585	nanos=2454081	callbacks=256	result=ok
sample=2586	nanos=2423472	callbacks=256	result=ok
sample=2587	nanos=2451681	callbacks=256	result=ok
sample=2588	nanos=2434601	callbacks=256	result=ok
sample=2589	nanos=2439212	callbacks=256	result=ok
sample=2590	nanos=2425231	callbacks=256	result=ok
sample=2591	nanos=2414781	callbacks=256	result=ok
sample=2592	nanos=2436931	callbacks=256	result=ok
sample=2593	nanos=2416321	callbacks=256	result=ok
sample=2594	nanos=2440392	callbacks=256	result=ok
sample=2595	nanos=2407451	callbacks=256	result=ok
sample=2596	nanos=2425251	callbacks=256	result=ok
sample=2597	nanos=2417841	callbacks=256	result=ok
sample=2598	nanos=2413611	callbacks=256	result=ok
sample=2599	nanos=2440781	callbacks=256	result=ok
sample=2600	nanos=2407601	callbacks=256	result=ok
sample=2601	nanos=2432562	callbacks=256	result=ok
sample=2602	nanos=2416431	callbacks=256	result=ok
sample=2603	nanos=2431801	callbacks=256	result=ok
sample=2604	nanos=2460381	callbacks=256	result=ok
sample=2605	nanos=2412252	callbacks=256	result=ok
sample=2606	nanos=2439771	callbacks=256	result=ok
sample=2607	nanos=2410481	callbacks=256	result=ok
sample=2608	nanos=2429461	callbacks=256	result=ok
sample=2609	nanos=2427661	callbacks=256	result=ok
sample=2610	nanos=2425912	callbacks=256	result=ok
sample=2611	nanos=2430451	callbacks=256	result=ok
sample=2612	nanos=2412961	callbacks=256	result=ok
sample=2613	nanos=2445561	callbacks=256	result=ok
sample=2614	nanos=2425491	callbacks=256	result=ok
sample=2615	nanos=2434012	callbacks=256	result=ok
sample=2616	nanos=2431291	callbacks=256	result=ok
sample=2617	nanos=2433171	callbacks=256	result=ok
sample=2618	nanos=2428531	callbacks=256	result=ok
sample=2619	nanos=2424662	callbacks=256	result=ok
sample=2620	nanos=2438511	callbacks=256	result=ok
sample=2621	nanos=2436331	callbacks=256	result=ok
sample=2622	nanos=2438881	callbacks=256	result=ok
sample=2623	nanos=2432001	callbacks=256	result=ok
sample=2624	nanos=2441192	callbacks=256	result=ok
sample=2625	nanos=2427671	callbacks=256	result=ok
sample=2626	nanos=2419881	callbacks=256	result=ok
sample=2627	nanos=2435411	callbacks=256	result=ok
sample=2628	nanos=2428461	callbacks=256	result=ok
sample=2629	nanos=2505742	callbacks=256	result=ok
sample=2630	nanos=2419711	callbacks=256	result=ok
sample=2631	nanos=2457052	callbacks=256	result=ok
sample=2632	nanos=2423621	callbacks=256	result=ok
sample=2633	nanos=2423131	callbacks=256	result=ok
sample=2634	nanos=2411491	callbacks=256	result=ok
sample=2635	nanos=2424881	callbacks=256	result=ok
sample=2636	nanos=2423391	callbacks=256	result=ok
sample=2637	nanos=2423492	callbacks=256	result=ok
sample=2638	nanos=2422531	callbacks=256	result=ok
sample=2639	nanos=2424881	callbacks=256	result=ok
sample=2640	nanos=2426931	callbacks=256	result=ok
sample=2641	nanos=2409411	callbacks=256	result=ok
sample=2642	nanos=2424762	callbacks=256	result=ok
sample=2643	nanos=2425441	callbacks=256	result=ok
sample=2644	nanos=2428621	callbacks=256	result=ok
sample=2645	nanos=2429961	callbacks=256	result=ok
sample=2646	nanos=2408391	callbacks=256	result=ok
sample=2647	nanos=2423811	callbacks=256	result=ok
sample=2648	nanos=2424192	callbacks=256	result=ok
sample=2649	nanos=2424141	callbacks=256	result=ok
sample=2650	nanos=2427981	callbacks=256	result=ok
sample=2651	nanos=2417421	callbacks=256	result=ok
sample=2652	nanos=2431691	callbacks=256	result=ok
sample=2653	nanos=2407541	callbacks=256	result=ok
sample=2654	nanos=2429362	callbacks=256	result=ok
sample=2655	nanos=2425421	callbacks=256	result=ok
sample=2656	nanos=2421832	callbacks=256	result=ok
sample=2657	nanos=2426471	callbacks=256	result=ok
sample=2658	nanos=2406911	callbacks=256	result=ok
sample=2659	nanos=2442762	callbacks=256	result=ok
sample=2660	nanos=2413661	callbacks=256	result=ok
sample=2661	nanos=2423142	callbacks=256	result=ok
sample=2662	nanos=2423061	callbacks=256	result=ok
sample=2663	nanos=2416602	callbacks=256	result=ok
sample=2664	nanos=2427981	callbacks=256	result=ok
sample=2665	nanos=2415332	callbacks=256	result=ok
sample=2666	nanos=2416741	callbacks=256	result=ok
sample=2667	nanos=2426151	callbacks=256	result=ok
sample=2668	nanos=2419352	callbacks=256	result=ok
sample=2669	nanos=2427921	callbacks=256	result=ok
sample=2670	nanos=2407112	callbacks=256	result=ok
sample=2671	nanos=2431481	callbacks=256	result=ok
sample=2672	nanos=2414492	callbacks=256	result=ok
sample=2673	nanos=2428061	callbacks=256	result=ok
sample=2674	nanos=2428452	callbacks=256	result=ok
sample=2675	nanos=2423261	callbacks=256	result=ok
sample=2676	nanos=2421861	callbacks=256	result=ok
sample=2677	nanos=2412672	callbacks=256	result=ok
sample=2678	nanos=2435511	callbacks=256	result=ok
sample=2679	nanos=2403402	callbacks=256	result=ok
sample=2680	nanos=2424291	callbacks=256	result=ok
sample=2681	nanos=2425712	callbacks=256	result=ok
sample=2682	nanos=2414141	callbacks=256	result=ok
sample=2683	nanos=2463402	callbacks=256	result=ok
sample=2684	nanos=2415211	callbacks=256	result=ok
sample=2685	nanos=2441822	callbacks=256	result=ok
sample=2686	nanos=2407581	callbacks=256	result=ok
sample=2687	nanos=2592442	callbacks=256	result=ok
sample=2688	nanos=2413052	callbacks=256	result=ok
sample=2689	nanos=2404631	callbacks=256	result=ok
sample=2690	nanos=2440102	callbacks=256	result=ok
sample=2691	nanos=2409231	callbacks=256	result=ok
sample=2692	nanos=2435371	callbacks=256	result=ok
sample=2693	nanos=2411622	callbacks=256	result=ok
sample=2694	nanos=2416281	callbacks=256	result=ok
sample=2695	nanos=2421882	callbacks=256	result=ok
sample=2696	nanos=2407181	callbacks=256	result=ok
sample=2697	nanos=2433032	callbacks=256	result=ok
sample=2698	nanos=2407801	callbacks=256	result=ok
sample=2699	nanos=2426941	callbacks=256	result=ok
sample=2700	nanos=2409952	callbacks=256	result=ok
sample=2701	nanos=2403031	callbacks=256	result=ok
sample=2702	nanos=2434382	callbacks=256	result=ok
sample=2703	nanos=2408461	callbacks=256	result=ok
sample=2704	nanos=2431952	callbacks=256	result=ok
sample=2705	nanos=2434171	callbacks=256	result=ok
sample=2706	nanos=2431411	callbacks=256	result=ok
sample=2707	nanos=2409092	callbacks=256	result=ok
sample=2708	nanos=2406141	callbacks=256	result=ok
sample=2709	nanos=2437732	callbacks=256	result=ok
sample=2710	nanos=2410451	callbacks=256	result=ok
sample=2711	nanos=2433462	callbacks=256	result=ok
sample=2712	nanos=2406371	callbacks=256	result=ok
sample=2713	nanos=2407311	callbacks=256	result=ok
sample=2714	nanos=2431002	callbacks=256	result=ok
sample=2715	nanos=2409351	callbacks=256	result=ok
sample=2716	nanos=2436442	callbacks=256	result=ok
sample=2717	nanos=2403591	callbacks=256	result=ok
sample=2718	nanos=2421131	callbacks=256	result=ok
sample=2719	nanos=2415362	callbacks=256	result=ok
sample=2720	nanos=2408871	callbacks=256	result=ok
sample=2721	nanos=2434272	callbacks=256	result=ok
sample=2722	nanos=2404001	callbacks=256	result=ok
sample=2723	nanos=2434042	callbacks=256	result=ok
sample=2724	nanos=2405681	callbacks=256	result=ok
sample=2725	nanos=2410271	callbacks=256	result=ok
sample=2726	nanos=2430792	callbacks=256	result=ok
sample=2727	nanos=2402931	callbacks=256	result=ok
sample=2728	nanos=2430012	callbacks=256	result=ok
sample=2729	nanos=2404951	callbacks=256	result=ok
sample=2730	nanos=2422112	callbacks=256	result=ok
sample=2731	nanos=2418701	callbacks=256	result=ok
sample=2732	nanos=2405321	callbacks=256	result=ok
sample=2733	nanos=2434742	callbacks=256	result=ok
sample=2734	nanos=2405411	callbacks=256	result=ok
sample=2735	nanos=2429922	callbacks=256	result=ok
sample=2736	nanos=2451691	callbacks=256	result=ok
sample=2737	nanos=2420332	callbacks=256	result=ok
sample=2738	nanos=2424001	callbacks=256	result=ok
sample=2739	nanos=2406322	callbacks=256	result=ok
sample=2740	nanos=2435681	callbacks=256	result=ok
sample=2741	nanos=2412391	callbacks=256	result=ok
sample=2742	nanos=2421322	callbacks=256	result=ok
sample=2743	nanos=2422351	callbacks=256	result=ok
sample=2744	nanos=2406072	callbacks=256	result=ok
sample=2745	nanos=2434601	callbacks=256	result=ok
sample=2746	nanos=2410262	callbacks=256	result=ok
sample=2747	nanos=2417481	callbacks=256	result=ok
sample=2748	nanos=2425321	callbacks=256	result=ok
sample=2749	nanos=2427912	callbacks=256	result=ok
sample=2750	nanos=2418981	callbacks=256	result=ok
sample=2751	nanos=2415562	callbacks=256	result=ok
sample=2752	nanos=2424521	callbacks=256	result=ok
sample=2753	nanos=2415242	callbacks=256	result=ok
sample=2754	nanos=2419371	callbacks=256	result=ok
sample=2755	nanos=2409472	callbacks=256	result=ok
sample=2756	nanos=2405841	callbacks=256	result=ok
sample=2757	nanos=2427891	callbacks=256	result=ok
sample=2758	nanos=2405492	callbacks=256	result=ok
sample=2759	nanos=2419301	callbacks=256	result=ok
sample=2760	nanos=2415951	callbacks=256	result=ok
sample=2761	nanos=2421562	callbacks=256	result=ok
sample=2762	nanos=2412861	callbacks=256	result=ok
sample=2763	nanos=2406372	callbacks=256	result=ok
sample=2764	nanos=2420621	callbacks=256	result=ok
sample=2765	nanos=2418812	callbacks=256	result=ok
sample=2766	nanos=2422771	callbacks=256	result=ok
sample=2767	nanos=2409831	callbacks=256	result=ok
sample=2768	nanos=2407112	callbacks=256	result=ok
sample=2769	nanos=2421601	callbacks=256	result=ok
sample=2770	nanos=2410962	callbacks=256	result=ok
sample=2771	nanos=2421891	callbacks=256	result=ok
sample=2772	nanos=2409621	callbacks=256	result=ok
sample=2773	nanos=2422252	callbacks=256	result=ok
sample=2774	nanos=2503962	callbacks=256	result=ok
sample=2775	nanos=2397931	callbacks=256	result=ok
sample=2776	nanos=2424391	callbacks=256	result=ok
sample=2777	nanos=2414852	callbacks=256	result=ok
sample=2778	nanos=2427071	callbacks=256	result=ok
sample=2779	nanos=2418062	callbacks=256	result=ok
sample=2780	nanos=2420641	callbacks=256	result=ok
sample=2781	nanos=2407942	callbacks=256	result=ok
sample=2782	nanos=2413931	callbacks=256	result=ok
sample=2783	nanos=2421581	callbacks=256	result=ok
sample=2784	nanos=2419902	callbacks=256	result=ok
sample=2785	nanos=2423241	callbacks=256	result=ok
sample=2786	nanos=2409162	callbacks=256	result=ok
sample=2787	nanos=2414591	callbacks=256	result=ok
sample=2788	nanos=2420332	callbacks=256	result=ok
sample=2789	nanos=2446331	callbacks=256	result=ok
sample=2790	nanos=2411862	callbacks=256	result=ok
sample=2791	nanos=2414831	callbacks=256	result=ok
sample=2792	nanos=2420731	callbacks=256	result=ok
sample=2793	nanos=2404062	callbacks=256	result=ok
sample=2794	nanos=2414771	callbacks=256	result=ok
sample=2795	nanos=2415232	callbacks=256	result=ok
sample=2796	nanos=2413401	callbacks=256	result=ok
sample=2797	nanos=2420441	callbacks=256	result=ok
sample=2798	nanos=2401212	callbacks=256	result=ok
sample=2799	nanos=2415881	callbacks=256	result=ok
sample=2800	nanos=2416962	callbacks=256	result=ok
sample=2801	nanos=2412541	callbacks=256	result=ok
sample=2802	nanos=2416611	callbacks=256	result=ok
sample=2803	nanos=2400012	callbacks=256	result=ok
sample=2804	nanos=2433051	callbacks=256	result=ok
sample=2805	nanos=2406432	callbacks=256	result=ok
sample=2806	nanos=2419581	callbacks=256	result=ok
sample=2807	nanos=2419191	callbacks=256	result=ok
sample=2808	nanos=2398512	callbacks=256	result=ok
sample=2809	nanos=2428191	callbacks=256	result=ok
sample=2810	nanos=2401892	callbacks=256	result=ok
sample=2811	nanos=2410481	callbacks=256	result=ok
sample=2812	nanos=2415981	callbacks=256	result=ok
sample=2813	nanos=2395912	callbacks=256	result=ok
sample=2814	nanos=2426621	callbacks=256	result=ok
sample=2815	nanos=2398902	callbacks=256	result=ok
sample=2816	nanos=2450881	callbacks=256	result=ok
sample=2817	nanos=2420011	callbacks=256	result=ok
sample=2818	nanos=2408762	callbacks=256	result=ok
sample=2819	nanos=2421971	callbacks=256	result=ok
sample=2820	nanos=2404342	callbacks=256	result=ok
sample=2821	nanos=2429951	callbacks=256	result=ok
sample=2822	nanos=2405842	callbacks=256	result=ok
sample=2823	nanos=2421491	callbacks=256	result=ok
sample=2824	nanos=2418561	callbacks=256	result=ok
sample=2825	nanos=2401872	callbacks=256	result=ok
sample=2826	nanos=2428051	callbacks=256	result=ok
sample=2827	nanos=2402572	callbacks=256	result=ok
sample=2828	nanos=2428441	callbacks=256	result=ok
sample=2829	nanos=2404881	callbacks=256	result=ok
sample=2830	nanos=2400412	callbacks=256	result=ok
sample=2831	nanos=2427291	callbacks=256	result=ok
sample=2832	nanos=2405032	callbacks=256	result=ok
sample=2833	nanos=2427541	callbacks=256	result=ok
sample=2834	nanos=2405381	callbacks=256	result=ok
sample=2835	nanos=2406492	callbacks=256	result=ok
sample=2836	nanos=2428581	callbacks=256	result=ok
sample=2837	nanos=2401492	callbacks=256	result=ok
sample=2838	nanos=2427271	callbacks=256	result=ok
sample=2839	nanos=2404071	callbacks=256	result=ok
sample=2840	nanos=2401392	callbacks=256	result=ok
sample=2841	nanos=2432591	callbacks=256	result=ok
sample=2842	nanos=2404302	callbacks=256	result=ok
sample=2843	nanos=2422561	callbacks=256	result=ok
sample=2844	nanos=2405991	callbacks=256	result=ok
sample=2845	nanos=2425102	callbacks=256	result=ok
sample=2846	nanos=2407261	callbacks=256	result=ok
sample=2847	nanos=2407092	callbacks=256	result=ok
sample=2848	nanos=2428891	callbacks=256	result=ok
sample=2849	nanos=2406021	callbacks=256	result=ok
sample=2850	nanos=2431092	callbacks=256	result=ok
sample=2851	nanos=2404771	callbacks=256	result=ok
sample=2852	nanos=2403342	callbacks=256	result=ok
sample=2853	nanos=2427541	callbacks=256	result=ok
sample=2854	nanos=2406882	callbacks=256	result=ok
sample=2855	nanos=2429101	callbacks=256	result=ok
sample=2856	nanos=2400251	callbacks=256	result=ok
sample=2857	nanos=2421572	callbacks=256	result=ok
sample=2858	nanos=2412071	callbacks=256	result=ok
sample=2859	nanos=2406602	callbacks=256	result=ok
sample=2860	nanos=2438371	callbacks=256	result=ok
sample=2861	nanos=2406661	callbacks=256	result=ok
sample=2862	nanos=2422732	callbacks=256	result=ok
sample=2863	nanos=2411281	callbacks=256	result=ok
sample=2864	nanos=2404082	callbacks=256	result=ok
sample=2865	nanos=2427941	callbacks=256	result=ok
sample=2866	nanos=2401241	callbacks=256	result=ok
sample=2867	nanos=2417092	callbacks=256	result=ok
sample=2868	nanos=2412411	callbacks=256	result=ok
sample=2869	nanos=2404432	callbacks=256	result=ok
sample=2870	nanos=2429071	callbacks=256	result=ok
sample=2871	nanos=2401931	callbacks=256	result=ok
sample=2872	nanos=2433972	callbacks=256	result=ok
sample=2873	nanos=2399601	callbacks=256	result=ok
sample=2874	nanos=2420162	callbacks=256	result=ok
sample=2875	nanos=2416091	callbacks=256	result=ok
sample=2876	nanos=2404592	callbacks=256	result=ok
sample=2877	nanos=2431541	callbacks=256	result=ok
sample=2878	nanos=2398831	callbacks=256	result=ok
sample=2879	nanos=2418372	callbacks=256	result=ok
sample=2880	nanos=2417501	callbacks=256	result=ok
sample=2881	nanos=2397891	callbacks=256	result=ok
sample=2882	nanos=2429112	callbacks=256	result=ok
sample=2883	nanos=2413681	callbacks=256	result=ok
sample=2884	nanos=2416172	callbacks=256	result=ok
sample=2885	nanos=2419521	callbacks=256	result=ok
sample=2886	nanos=2416662	callbacks=256	result=ok
sample=2887	nanos=2414791	callbacks=256	result=ok
sample=2888	nanos=2401881	callbacks=256	result=ok
sample=2889	nanos=2422362	callbacks=256	result=ok
sample=2890	nanos=2416291	callbacks=256	result=ok
sample=2891	nanos=2426202	callbacks=256	result=ok
sample=2892	nanos=2417851	callbacks=256	result=ok
sample=2893	nanos=2402771	callbacks=256	result=ok
sample=2894	nanos=2432952	callbacks=256	result=ok
sample=2895	nanos=2401241	callbacks=256	result=ok
sample=2896	nanos=2418212	callbacks=256	result=ok
sample=2897	nanos=2416321	callbacks=256	result=ok
sample=2898	nanos=2419202	callbacks=256	result=ok
sample=2899	nanos=2418221	callbacks=256	result=ok
sample=2900	nanos=2404201	callbacks=256	result=ok
sample=2901	nanos=2421332	callbacks=256	result=ok
sample=2902	nanos=2413711	callbacks=256	result=ok
sample=2903	nanos=2419682	callbacks=256	result=ok
sample=2904	nanos=2414531	callbacks=256	result=ok
sample=2905	nanos=2405721	callbacks=256	result=ok
sample=2906	nanos=2417762	callbacks=256	result=ok
sample=2907	nanos=2411871	callbacks=256	result=ok
sample=2908	nanos=2422242	callbacks=256	result=ok
sample=2909	nanos=2412071	callbacks=256	result=ok
sample=2910	nanos=2418231	callbacks=256	result=ok
sample=2911	nanos=2403642	callbacks=256	result=ok
sample=2912	nanos=2419751	callbacks=256	result=ok
sample=2913	nanos=2420102	callbacks=256	result=ok
sample=2914	nanos=2410891	callbacks=256	result=ok
sample=2915	nanos=2420302	callbacks=256	result=ok
sample=2916	nanos=2402581	callbacks=256	result=ok
sample=2917	nanos=2409791	callbacks=256	result=ok
sample=2918	nanos=2418002	callbacks=256	result=ok
sample=2919	nanos=2410981	callbacks=256	result=ok
sample=2920	nanos=2415792	callbacks=256	result=ok
sample=2921	nanos=2402881	callbacks=256	result=ok
sample=2922	nanos=2421341	callbacks=256	result=ok
sample=2923	nanos=2417232	callbacks=256	result=ok
sample=2924	nanos=2412131	callbacks=256	result=ok
sample=2925	nanos=2420142	callbacks=256	result=ok
sample=2926	nanos=2414381	callbacks=256	result=ok
sample=2927	nanos=2417351	callbacks=256	result=ok
sample=2928	nanos=2499642	callbacks=256	result=ok
sample=2929	nanos=2425282	callbacks=256	result=ok
sample=2930	nanos=2417581	callbacks=256	result=ok
sample=2931	nanos=2411861	callbacks=256	result=ok
sample=2932	nanos=2418542	callbacks=256	result=ok
sample=2933	nanos=2402171	callbacks=256	result=ok
sample=2934	nanos=2427462	callbacks=256	result=ok
sample=2935	nanos=2403681	callbacks=256	result=ok
sample=2936	nanos=2418252	callbacks=256	result=ok
sample=2937	nanos=2418911	callbacks=256	result=ok
sample=2938	nanos=2416661	callbacks=256	result=ok
sample=2939	nanos=2416992	callbacks=256	result=ok
sample=2940	nanos=2408351	callbacks=256	result=ok
sample=2941	nanos=2410551	callbacks=256	result=ok
sample=2942	nanos=2419192	callbacks=256	result=ok
sample=2943	nanos=2548022	callbacks=256	result=ok
sample=2944	nanos=2421571	callbacks=256	result=ok
sample=2945	nanos=2414222	callbacks=256	result=ok
sample=2946	nanos=2420571	callbacks=256	result=ok
sample=2947	nanos=2399292	callbacks=256	result=ok
sample=2948	nanos=2415581	callbacks=256	result=ok
sample=2949	nanos=2418151	callbacks=256	result=ok
sample=2950	nanos=2416522	callbacks=256	result=ok
sample=2951	nanos=2421571	callbacks=256	result=ok
sample=2952	nanos=2401132	callbacks=256	result=ok
sample=2953	nanos=2432321	callbacks=256	result=ok
sample=2954	nanos=2401821	callbacks=256	result=ok
sample=2955	nanos=2414102	callbacks=256	result=ok
sample=2956	nanos=2421191	callbacks=256	result=ok
sample=2957	nanos=2404792	callbacks=256	result=ok
sample=2958	nanos=2434841	callbacks=256	result=ok
sample=2959	nanos=2401502	callbacks=256	result=ok
sample=2960	nanos=2415021	callbacks=256	result=ok
sample=2961	nanos=2421541	callbacks=256	result=ok
sample=2962	nanos=2400282	callbacks=256	result=ok
sample=2963	nanos=2429161	callbacks=256	result=ok
sample=2964	nanos=2402142	callbacks=256	result=ok
sample=2965	nanos=2426701	callbacks=256	result=ok
sample=2966	nanos=2401911	callbacks=256	result=ok
sample=2967	nanos=2401722	callbacks=256	result=ok
sample=2968	nanos=2428821	callbacks=256	result=ok
sample=2969	nanos=2399002	callbacks=256	result=ok
sample=2970	nanos=2431921	callbacks=256	result=ok
sample=2971	nanos=2402891	callbacks=256	result=ok
sample=2972	nanos=2413412	callbacks=256	result=ok
sample=2973	nanos=2416091	callbacks=256	result=ok
sample=2974	nanos=2400202	callbacks=256	result=ok
sample=2975	nanos=2428311	callbacks=256	result=ok
sample=2976	nanos=2402411	callbacks=256	result=ok
sample=2977	nanos=2427182	callbacks=256	result=ok
sample=2978	nanos=2402061	callbacks=256	result=ok
sample=2979	nanos=2400781	callbacks=256	result=ok
sample=2980	nanos=2431602	callbacks=256	result=ok
sample=2981	nanos=2410401	callbacks=256	result=ok
sample=2982	nanos=2427762	callbacks=256	result=ok
sample=2983	nanos=2401991	callbacks=256	result=ok
sample=2984	nanos=2403532	callbacks=256	result=ok
sample=2985	nanos=2436811	callbacks=256	result=ok
sample=2986	nanos=2406391	callbacks=256	result=ok
sample=2987	nanos=2431082	callbacks=256	result=ok
sample=2988	nanos=2406631	callbacks=256	result=ok
sample=2989	nanos=2403262	callbacks=256	result=ok
sample=2990	nanos=2429081	callbacks=256	result=ok
sample=2991	nanos=2403442	callbacks=256	result=ok
sample=2992	nanos=2426831	callbacks=256	result=ok
sample=2993	nanos=2402951	callbacks=256	result=ok
sample=2994	nanos=2412302	callbacks=256	result=ok
sample=2995	nanos=2415071	callbacks=256	result=ok
sample=2996	nanos=2401021	callbacks=256	result=ok
sample=2997	nanos=2430042	callbacks=256	result=ok
sample=2998	nanos=2402321	callbacks=256	result=ok
sample=2999	nanos=2418032	callbacks=256	result=ok
