sample=0	nanos=2172620	callbacks=256	result=ok
sample=1	nanos=2185870	callbacks=256	result=ok
sample=2	nanos=2182300	callbacks=256	result=ok
sample=3	nanos=2172590	callbacks=256	result=ok
sample=4	nanos=2172200	callbacks=256	result=ok
sample=5	nanos=2169390	callbacks=256	result=ok
sample=6	nanos=2181640	callbacks=256	result=ok
sample=7	nanos=2193491	callbacks=256	result=ok
sample=8	nanos=2194880	callbacks=256	result=ok
sample=9	nanos=2172990	callbacks=256	result=ok
sample=10	nanos=2178470	callbacks=256	result=ok
sample=11	nanos=2168370	callbacks=256	result=ok
sample=12	nanos=2186880	callbacks=256	result=ok
sample=13	nanos=2184010	callbacks=256	result=ok
sample=14	nanos=2173090	callbacks=256	result=ok
sample=15	nanos=2175391	callbacks=256	result=ok
sample=16	nanos=2174970	callbacks=256	result=ok
sample=17	nanos=2174020	callbacks=256	result=ok
sample=18	nanos=2192480	callbacks=256	result=ok
sample=19	nanos=2185360	callbacks=256	result=ok
sample=20	nanos=2168890	callbacks=256	result=ok
sample=21	nanos=2169490	callbacks=256	result=ok
sample=22	nanos=2178860	callbacks=256	result=ok
sample=23	nanos=2182590	callbacks=256	result=ok
sample=24	nanos=2187911	callbacks=256	result=ok
sample=25	nanos=2176350	callbacks=256	result=ok
sample=26	nanos=2172870	callbacks=256	result=ok
sample=27	nanos=2173910	callbacks=256	result=ok
sample=28	nanos=2165960	callbacks=256	result=ok
sample=29	nanos=2182660	callbacks=256	result=ok
sample=30	nanos=2183660	callbacks=256	result=ok
sample=31	nanos=2167940	callbacks=256	result=ok
sample=32	nanos=2171240	callbacks=256	result=ok
sample=33	nanos=2170460	callbacks=256	result=ok
sample=34	nanos=2171950	callbacks=256	result=ok
sample=35	nanos=2182191	callbacks=256	result=ok
sample=36	nanos=2186230	callbacks=256	result=ok
sample=37	nanos=2172120	callbacks=256	result=ok
sample=38	nanos=2175670	callbacks=256	result=ok
sample=39	nanos=2172580	callbacks=256	result=ok
sample=40	nanos=2181240	callbacks=256	result=ok
sample=41	nanos=2204050	callbacks=256	result=ok
sample=42	nanos=2174480	callbacks=256	result=ok
sample=43	nanos=2177561	callbacks=256	result=ok
sample=44	nanos=2169820	callbacks=256	result=ok
sample=45	nanos=2176670	callbacks=256	result=ok
sample=46	nanos=2171380	callbacks=256	result=ok
sample=47	nanos=2200550	callbacks=256	result=ok
sample=48	nanos=2167900	callbacks=256	result=ok
sample=49	nanos=2171640	callbacks=256	result=ok
sample=50	nanos=2167970	callbacks=256	result=ok
sample=51	nanos=2178030	callbacks=256	result=ok
sample=52	nanos=2171210	callbacks=256	result=ok
sample=53	nanos=2197511	callbacks=256	result=ok
sample=54	nanos=2175620	callbacks=256	result=ok
sample=55	nanos=2170820	callbacks=256	result=ok
sample=56	nanos=2177410	callbacks=256	result=ok
sample=57	nanos=2169540	callbacks=256	result=ok
sample=58	nanos=2192020	callbacks=256	result=ok
sample=59	nanos=2187190	callbacks=256	result=ok
sample=60	nanos=2180190	callbacks=256	result=ok
sample=61	nanos=2169800	callbacks=256	result=ok
sample=62	nanos=2173371	callbacks=256	result=ok
sample=63	nanos=2167680	callbacks=256	result=ok
sample=64	nanos=2201900	callbacks=256	result=ok
sample=65	nanos=2177700	callbacks=256	result=ok
sample=66	nanos=2170450	callbacks=256	result=ok
sample=67	nanos=2176890	callbacks=256	result=ok
sample=68	nanos=2174000	callbacks=256	result=ok
sample=69	nanos=2199260	callbacks=256	result=ok
sample=70	nanos=2187921	callbacks=256	result=ok
sample=71	nanos=2177640	callbacks=256	result=ok
sample=72	nanos=2173050	callbacks=256	result=ok
sample=73	nanos=2188080	callbacks=256	result=ok
sample=74	nanos=2177850	callbacks=256	result=ok
sample=75	nanos=2196440	callbacks=256	result=ok
sample=76	nanos=2192290	callbacks=256	result=ok
sample=77	nanos=2181501	callbacks=256	result=ok
sample=78	nanos=2184010	callbacks=256	result=ok
sample=79	nanos=2176380	callbacks=256	result=ok
sample=80	nanos=2195920	callbacks=256	result=ok
sample=81	nanos=2188080	callbacks=256	result=ok
sample=82	nanos=2182870	callbacks=256	result=ok
sample=83	nanos=2178920	callbacks=256	result=ok
sample=84	nanos=2184381	callbacks=256	result=ok
sample=85	nanos=2180470	callbacks=256	result=ok
sample=86	nanos=2196470	callbacks=256	result=ok
sample=87	nanos=2192230	callbacks=256	result=ok
sample=88	nanos=2181770	callbacks=256	result=ok
sample=89	nanos=2184100	callbacks=256	result=ok
sample=90	nanos=2186220	callbacks=256	result=ok
sample=91	nanos=2206671	callbacks=256	result=ok
sample=92	nanos=2186790	callbacks=256	result=ok
sample=93	nanos=2174050	callbacks=256	result=ok
sample=94	nanos=2170970	callbacks=256	result=ok
sample=95	nanos=2172690	callbacks=256	result=ok
sample=96	nanos=2196290	callbacks=256	result=ok
sample=97	nanos=2175180	callbacks=256	result=ok
sample=98	nanos=2193981	callbacks=256	result=ok
sample=99	nanos=2179490	callbacks=256	result=ok
sample=100	nanos=2188850	callbacks=256	result=ok
sample=101	nanos=2187440	callbacks=256	result=ok
sample=102	nanos=2207150	callbacks=256	result=ok
sample=103	nanos=2181010	callbacks=256	result=ok
sample=104	nanos=2188551	callbacks=256	result=ok
sample=105	nanos=2176430	callbacks=256	result=ok
sample=106	nanos=2186620	callbacks=256	result=ok
sample=107	nanos=2194000	callbacks=256	result=ok
sample=108	nanos=2176990	callbacks=256	result=ok
sample=109	nanos=2189780	callbacks=256	result=ok
sample=110	nanos=2176360	callbacks=256	result=ok
sample=111	nanos=2173970	callbacks=256	result=ok
sample=112	nanos=2169921	callbacks=256	result=ok
sample=113	nanos=2191820	callbacks=256	result=ok
sample=114	nanos=2173030	callbacks=256	result=ok
sample=115	nanos=2187050	callbacks=256	result=ok
sample=116	nanos=2173360	callbacks=256	result=ok
sample=117	nanos=2169350	callbacks=256	result=ok
sample=118	nanos=2196240	callbacks=256	result=ok
sample=119	nanos=2178910	callbacks=256	result=ok
sample=120	nanos=2172280	callbacks=256	result=ok
sample=121	nanos=2178171	callbacks=256	result=ok
sample=122	nanos=2173160	callbacks=256	result=ok
sample=123	nanos=2171350	callbacks=256	result=ok
sample=124	nanos=2193660	callbacks=256	result=ok
sample=125	nanos=2175080	callbacks=256	result=ok
sample=126	nanos=2174660	callbacks=256	result=ok
sample=127	nanos=2182810	callbacks=256	result=ok
sample=128	nanos=2175390	callbacks=256	result=ok
sample=129	nanos=2194671	callbacks=256	result=ok
sample=130	nanos=2177690	callbacks=256	result=ok
sample=131	nanos=2181530	callbacks=256	result=ok
sample=132	nanos=2186160	callbacks=256	result=ok
sample=133	nanos=2173470	callbacks=256	result=ok
sample=134	nanos=2174860	callbacks=256	result=ok
sample=135	nanos=2193850	callbacks=256	result=ok
sample=136	nanos=2174920	callbacks=256	result=ok
sample=137	nanos=2205781	callbacks=256	result=ok
sample=138	nanos=2183730	callbacks=256	result=ok
sample=139	nanos=2179450	callbacks=256	result=ok
sample=140	nanos=2193980	callbacks=256	result=ok
sample=141	nanos=2172680	callbacks=256	result=ok
sample=142	nanos=2182540	callbacks=256	result=ok
sample=143	nanos=2174690	callbacks=256	result=ok
sample=144	nanos=2188690	callbacks=256	result=ok
sample=145	nanos=2171441	callbacks=256	result=ok
sample=146	nanos=2192200	callbacks=256	result=ok
sample=147	nanos=2175390	callbacks=256	result=ok
sample=148	nanos=2173170	callbacks=256	result=ok
sample=149	nanos=2184690	callbacks=256	result=ok
sample=150	nanos=2174750	callbacks=256	result=ok
sample=151	nanos=2183900	callbacks=256	result=ok
sample=152	nanos=2173730	callbacks=256	result=ok
sample=153	nanos=2169631	callbacks=256	result=ok
sample=154	nanos=2173990	callbacks=256	result=ok
sample=155	nanos=2180920	callbacks=256	result=ok
sample=156	nanos=2179880	callbacks=256	result=ok
sample=157	nanos=2194620	callbacks=256	result=ok
sample=158	nanos=2178960	callbacks=256	result=ok
sample=159	nanos=2182860	callbacks=256	result=ok
sample=160	nanos=2169130	callbacks=256	result=ok
sample=161	nanos=2187591	callbacks=256	result=ok
sample=162	nanos=2183480	callbacks=256	result=ok
sample=163	nanos=2171180	callbacks=256	result=ok
sample=164	nanos=2178550	callbacks=256	result=ok
sample=165	nanos=2167770	callbacks=256	result=ok
sample=166	nanos=2171310	callbacks=256	result=ok
sample=167	nanos=2186220	callbacks=256	result=ok
sample=168	nanos=2189070	callbacks=256	result=ok
sample=169	nanos=2172440	callbacks=256	result=ok
sample=170	nanos=2173970	callbacks=256	result=ok
sample=171	nanos=2191101	callbacks=256	result=ok
sample=172	nanos=2186850	callbacks=256	result=ok
sample=173	nanos=2187880	callbacks=256	result=ok
sample=174	nanos=2193790	callbacks=256	result=ok
sample=175	nanos=2180790	callbacks=256	result=ok
sample=176	nanos=2170890	callbacks=256	result=ok
sample=177	nanos=2182730	callbacks=256	result=ok
sample=178	nanos=2190691	callbacks=256	result=ok
sample=179	nanos=2194760	callbacks=256	result=ok
sample=180	nanos=2180900	callbacks=256	result=ok
sample=181	nanos=2171060	callbacks=256	result=ok
sample=182	nanos=2179290	callbacks=256	result=ok
sample=183	nanos=2185200	callbacks=256	result=ok
sample=184	nanos=2202721	callbacks=256	result=ok
sample=185	nanos=2182450	callbacks=256	result=ok
sample=186	nanos=2185190	callbacks=256	result=ok
sample=187	nanos=2193320	callbacks=256	result=ok
sample=188	nanos=2180420	callbacks=256	result=ok
sample=189	nanos=2194520	callbacks=256	result=ok
sample=190	nanos=2198710	callbacks=256	result=ok
sample=191	nanos=2183011	callbacks=256	result=ok
sample=192	nanos=2196780	callbacks=256	result=ok
sample=193	nanos=2181650	callbacks=256	result=ok
sample=194	nanos=2168870	callbacks=256	result=ok
sample=195	nanos=2212270	callbacks=256	result=ok
sample=196	nanos=2177020	callbacks=256	result=ok
sample=197	nanos=2185960	callbacks=256	result=ok
sample=198	nanos=2187551	callbacks=256	result=ok
sample=199	nanos=2186710	callbacks=256	result=ok
sample=200	nanos=2204350	callbacks=256	result=ok
sample=201	nanos=2189830	callbacks=256	result=ok
sample=202	nanos=2178460	callbacks=256	result=ok
sample=203	nanos=2208201	callbacks=256	result=ok
sample=204	nanos=2182580	callbacks=256	result=ok
sample=205	nanos=2213560	callbacks=256	result=ok
sample=206	nanos=2202660	callbacks=256	result=ok
sample=207	nanos=2190460	callbacks=256	result=ok
sample=208	nanos=2197911	callbacks=256	result=ok
sample=209	nanos=2188370	callbacks=256	result=ok
sample=210	nanos=2190110	callbacks=256	result=ok
sample=211	nanos=2204320	callbacks=256	result=ok
sample=212	nanos=2194610	callbacks=256	result=ok
sample=213	nanos=2185660	callbacks=256	result=ok
sample=214	nanos=2187151	callbacks=256	result=ok
sample=215	nanos=2185740	callbacks=256	result=ok
sample=216	nanos=2214950	callbacks=256	result=ok
sample=217	nanos=2183800	callbacks=256	result=ok
sample=218	nanos=2185370	callbacks=256	result=ok
sample=219	nanos=2179410	callbacks=256	result=ok
sample=220	nanos=2178501	callbacks=256	result=ok
sample=221	nanos=2195580	callbacks=256	result=ok
sample=222	nanos=2201970	callbacks=256	result=ok
sample=223	nanos=2190020	callbacks=256	result=ok
sample=224	nanos=2181970	callbacks=256	result=ok
sample=225	nanos=2187720	callbacks=256	result=ok
sample=226	nanos=2190471	callbacks=256	result=ok
sample=227	nanos=2195790	callbacks=256	result=ok
sample=228	nanos=2183690	callbacks=256	result=ok
sample=229	nanos=2171650	callbacks=256	result=ok
sample=230	nanos=2187210	callbacks=256	result=ok
sample=231	nanos=2176810	callbacks=256	result=ok
sample=232	nanos=2188970	callbacks=256	result=ok
sample=233	nanos=2181401	callbacks=256	result=ok
sample=234	nanos=2180410	callbacks=256	result=ok
sample=235	nanos=2186850	callbacks=256	result=ok
sample=236	nanos=2186760	callbacks=256	result=ok
sample=237	nanos=2204950	callbacks=256	result=ok
sample=238	nanos=2191600	callbacks=256	result=ok
sample=239	nanos=2184010	callbacks=256	result=ok
sample=240	nanos=2184811	callbacks=256	result=ok
sample=241	nanos=2187740	callbacks=256	result=ok
sample=242	nanos=2195410	callbacks=256	result=ok
sample=243	nanos=2176710	callbacks=256	result=ok
sample=244	nanos=2174860	callbacks=256	result=ok
sample=245	nanos=2172450	callbacks=256	result=ok
sample=246	nanos=2164880	callbacks=256	result=ok
sample=247	nanos=2180350	callbacks=256	result=ok
sample=248	nanos=2183461	callbacks=256	result=ok
sample=249	nanos=2170390	callbacks=256	result=ok
sample=250	nanos=2192760	callbacks=256	result=ok
sample=251	nanos=2177160	callbacks=256	result=ok
sample=252	nanos=2180010	callbacks=256	result=ok
sample=253	nanos=2177590	callbacks=256	result=ok
sample=254	nanos=2270181	callbacks=256	result=ok
sample=255	nanos=2198400	callbacks=256	result=ok
sample=256	nanos=2194270	callbacks=256	result=ok
sample=257	nanos=2181820	callbacks=256	result=ok
sample=258	nanos=2191260	callbacks=256	result=ok
sample=259	nanos=2180401	callbacks=256	result=ok
sample=260	nanos=2171060	callbacks=256	result=ok
sample=261	nanos=2186830	callbacks=256	result=ok
sample=262	nanos=2174160	callbacks=256	result=ok
sample=263	nanos=2174250	callbacks=256	result=ok
sample=264	nanos=2197780	callbacks=256	result=ok
sample=265	nanos=2172730	callbacks=256	result=ok
sample=266	nanos=2182520	callbacks=256	result=ok
sample=267	nanos=2180500	callbacks=256	result=ok
sample=268	nanos=2178591	callbacks=256	result=ok
sample=269	nanos=2180700	callbacks=256	result=ok
sample=270	nanos=2196450	callbacks=256	result=ok
sample=271	nanos=2179370	callbacks=256	result=ok
sample=272	nanos=2191780	callbacks=256	result=ok
sample=273	nanos=2175160	callbacks=256	result=ok
sample=274	nanos=2176700	callbacks=256	result=ok
sample=275	nanos=2193171	callbacks=256	result=ok
sample=276	nanos=2176990	callbacks=256	result=ok
sample=277	nanos=2174270	callbacks=256	result=ok
sample=278	nanos=2189330	callbacks=256	result=ok
sample=279	nanos=2174720	callbacks=256	result=ok
sample=280	nanos=2192730	callbacks=256	result=ok
sample=281	nanos=2177040	callbacks=256	result=ok
sample=282	nanos=2186410	callbacks=256	result=ok
sample=283	nanos=2189101	callbacks=256	result=ok
sample=284	nanos=2171980	callbacks=256	result=ok
sample=285	nanos=2176200	callbacks=256	result=ok
sample=286	nanos=2197960	callbacks=256	result=ok
sample=287	nanos=2177200	callbacks=256	result=ok
sample=288	nanos=2186140	callbacks=256	result=ok
sample=289	nanos=2194190	callbacks=256	result=ok
sample=290	nanos=2173841	callbacks=256	result=ok
sample=291	nanos=2200230	callbacks=256	result=ok
sample=292	nanos=2174650	callbacks=256	result=ok
sample=293	nanos=2171870	callbacks=256	result=ok
sample=294	nanos=2171950	callbacks=256	result=ok
sample=295	nanos=2190900	callbacks=256	result=ok
sample=296	nanos=2174490	callbacks=256	result=ok
sample=297	nanos=2187070	callbacks=256	result=ok
sample=298	nanos=2175690	callbacks=256	result=ok
sample=299	nanos=2173361	callbacks=256	result=ok
sample=300	nanos=2175720	callbacks=256	result=ok
sample=301	nanos=2179680	callbacks=256	result=ok
sample=302	nanos=2191090	callbacks=256	result=ok
sample=303	nanos=2175680	callbacks=256	result=ok
sample=304	nanos=2172060	callbacks=256	result=ok
sample=305	nanos=2171770	callbacks=256	result=ok
sample=306	nanos=2184460	callbacks=256	result=ok
sample=307	nanos=2174060	callbacks=256	result=ok
sample=308	nanos=2192301	callbacks=256	result=ok
sample=309	nanos=2176120	callbacks=256	result=ok
sample=310	nanos=2171550	callbacks=256	result=ok
sample=311	nanos=2176040	callbacks=256	result=ok
sample=312	nanos=2178920	callbacks=256	result=ok
sample=313	nanos=2176710	callbacks=256	result=ok
sample=314	nanos=2189820	callbacks=256	result=ok
sample=315	nanos=2174720	callbacks=256	result=ok
sample=316	nanos=2171371	callbacks=256	result=ok
sample=317	nanos=2168420	callbacks=256	result=ok
sample=318	nanos=2181460	callbacks=256	result=ok
sample=319	nanos=2187940	callbacks=256	result=ok
sample=320	nanos=2175500	callbacks=256	result=ok
sample=321	nanos=2170300	callbacks=256	result=ok
sample=322	nanos=2173040	callbacks=256	result=ok
sample=323	nanos=2172840	callbacks=256	result=ok
sample=324	nanos=2217811	callbacks=256	result=ok
sample=325	nanos=2190680	callbacks=256	result=ok
sample=326	nanos=2172080	callbacks=256	result=ok
sample=327	nanos=2172790	callbacks=256	result=ok
sample=328	nanos=2177090	callbacks=256	result=ok
sample=329	nanos=2176820	callbacks=256	result=ok
sample=330	nanos=2196250	callbacks=256	result=ok
sample=331	nanos=2175910	callbacks=256	result=ok
sample=332	nanos=2171510	callbacks=256	result=ok
sample=333	nanos=2175020	callbacks=256	result=ok
sample=334	nanos=2173171	callbacks=256	result=ok
sample=335	nanos=2190210	callbacks=256	result=ok
sample=336	nanos=2193800	callbacks=256	result=ok
sample=337	nanos=2175950	callbacks=256	result=ok
sample=338	nanos=2180100	callbacks=256	result=ok
sample=339	nanos=2172240	callbacks=256	result=ok
sample=340	nanos=2183820	callbacks=256	result=ok
sample=341	nanos=2200271	callbacks=256	result=ok
sample=342	nanos=2203310	callbacks=256	result=ok
sample=343	nanos=2174610	callbacks=256	result=ok
sample=344	nanos=2177800	callbacks=256	result=ok
sample=345	nanos=2172150	callbacks=256	result=ok
sample=346	nanos=2176410	callbacks=256	result=ok
sample=347	nanos=2204300	callbacks=256	result=ok
sample=348	nanos=2174720	callbacks=256	result=ok
sample=349	nanos=2181561	callbacks=256	result=ok
sample=350	nanos=2170960	callbacks=256	result=ok
sample=351	nanos=2177020	callbacks=256	result=ok
sample=352	nanos=2196150	callbacks=256	result=ok
sample=353	nanos=2184560	callbacks=256	result=ok
sample=354	nanos=2172490	callbacks=256	result=ok
sample=355	nanos=2175580	callbacks=256	result=ok
sample=356	nanos=2172120	callbacks=256	result=ok
sample=357	nanos=2175901	callbacks=256	result=ok
sample=358	nanos=2205510	callbacks=256	result=ok
sample=359	nanos=2178330	callbacks=256	result=ok
sample=360	nanos=2174730	callbacks=256	result=ok
sample=361	nanos=2176250	callbacks=256	result=ok
sample=362	nanos=2180580	callbacks=256	result=ok
sample=363	nanos=2186350	callbacks=256	result=ok
sample=364	nanos=2182960	callbacks=256	result=ok
sample=365	nanos=2170511	callbacks=256	result=ok
sample=366	nanos=2178480	callbacks=256	result=ok
sample=367	nanos=2174150	callbacks=256	result=ok
sample=368	nanos=2175960	callbacks=256	result=ok
sample=369	nanos=2195480	callbacks=256	result=ok
sample=370	nanos=2184390	callbacks=256	result=ok
sample=371	nanos=2172320	callbacks=256	result=ok
sample=372	nanos=2172570	callbacks=256	result=ok
sample=373	nanos=2177390	callbacks=256	result=ok
sample=374	nanos=2171120	callbacks=256	result=ok
sample=375	nanos=2203341	callbacks=256	result=ok
sample=376	nanos=2172550	callbacks=256	result=ok
sample=377	nanos=2171430	callbacks=256	result=ok
sample=378	nanos=2168250	callbacks=256	result=ok
sample=379	nanos=2178970	callbacks=256	result=ok
sample=380	nanos=2190770	callbacks=256	result=ok
sample=381	nanos=2185500	callbacks=256	result=ok
sample=382	nanos=2175580	callbacks=256	result=ok
sample=383	nanos=2179241	callbacks=256	result=ok
sample=384	nanos=2176170	callbacks=256	result=ok
sample=385	nanos=2179670	callbacks=256	result=ok
sample=386	nanos=2190770	callbacks=256	result=ok
sample=387	nanos=2181170	callbacks=256	result=ok
sample=388	nanos=2175300	callbacks=256	result=ok
sample=389	nanos=2177000	callbacks=256	result=ok
sample=390	nanos=2175900	callbacks=256	result=ok
sample=391	nanos=2190001	callbacks=256	result=ok
sample=392	nanos=2183340	callbacks=256	result=ok
sample=393	nanos=2186400	callbacks=256	result=ok
sample=394	nanos=2176420	callbacks=256	result=ok
sample=395	nanos=2177370	callbacks=256	result=ok
sample=396	nanos=2176660	callbacks=256	result=ok
sample=397	nanos=2190850	callbacks=256	result=ok
sample=398	nanos=2182511	callbacks=256	result=ok
sample=399	nanos=2082179	callbacks=256	result=ok
sample=400	nanos=2174520	callbacks=256	result=ok
sample=401	nanos=2167400	callbacks=256	result=ok
sample=402	nanos=2153360	callbacks=256	result=ok
sample=403	nanos=2178681	callbacks=256	result=ok
sample=404	nanos=2161559	callbacks=256	result=ok
sample=405	nanos=2166251	callbacks=256	result=ok
sample=406	nanos=2156400	callbacks=256	result=ok
sample=407	nanos=2165570	callbacks=256	result=ok
sample=408	nanos=2168640	callbacks=256	result=ok
sample=409	nanos=2177140	callbacks=256	result=ok
sample=410	nanos=2165440	callbacks=256	result=ok
sample=411	nanos=2171140	callbacks=256	result=ok
sample=412	nanos=2164210	callbacks=256	result=ok
sample=413	nanos=2161560	callbacks=256	result=ok
sample=414	nanos=2164960	callbacks=256	result=ok
sample=415	nanos=2188570	callbacks=256	result=ok
sample=416	nanos=2159260	callbacks=256	result=ok
sample=417	nanos=2170110	callbacks=256	result=ok
sample=418	nanos=2175210	callbacks=256	result=ok
sample=419	nanos=2167760	callbacks=256	result=ok
sample=420	nanos=2166381	callbacks=256	result=ok
sample=421	nanos=2184730	callbacks=256	result=ok
sample=422	nanos=2164120	callbacks=256	result=ok
sample=423	nanos=2165880	callbacks=256	result=ok
sample=424	nanos=2173330	callbacks=256	result=ok
sample=425	nanos=2162960	callbacks=256	result=ok
sample=426	nanos=2160820	callbacks=256	result=ok
sample=427	nanos=2178750	callbacks=256	result=ok
sample=428	nanos=2166470	callbacks=256	result=ok
sample=429	nanos=2161310	callbacks=256	result=ok
sample=430	nanos=2219040	callbacks=256	result=ok
sample=431	nanos=2174130	callbacks=256	result=ok
sample=432	nanos=2212531	callbacks=256	result=ok
sample=433	nanos=2176210	callbacks=256	result=ok
sample=434	nanos=2175450	callbacks=256	result=ok
sample=435	nanos=2187860	callbacks=256	result=ok
sample=436	nanos=2172110	callbacks=256	result=ok
sample=437	nanos=2170960	callbacks=256	result=ok
sample=438	nanos=2192000	callbacks=256	result=ok
sample=439	nanos=2171491	callbacks=256	result=ok
sample=440	nanos=2169180	callbacks=256	result=ok
sample=441	nanos=2182620	callbacks=256	result=ok
sample=442	nanos=2169180	callbacks=256	result=ok
sample=443	nanos=2171900	callbacks=256	result=ok
sample=444	nanos=2180590	callbacks=256	result=ok
sample=445	nanos=2174140	callbacks=256	result=ok
sample=446	nanos=2168690	callbacks=256	result=ok
sample=447	nanos=2185520	callbacks=256	result=ok
sample=448	nanos=2170250	callbacks=256	result=ok
sample=449	nanos=2194151	callbacks=256	result=ok
sample=450	nanos=2175210	callbacks=256	result=ok
sample=451	nanos=2172090	callbacks=256	result=ok
sample=452	nanos=2165500	callbacks=256	result=ok
sample=453	nanos=2178270	callbacks=256	result=ok
sample=454	nanos=2173100	callbacks=256	result=ok
sample=455	nanos=2184960	callbacks=256	result=ok
sample=456	nanos=2172650	callbacks=256	result=ok
sample=457	nanos=2172170	callbacks=256	result=ok
sample=458	nanos=2171550	callbacks=256	result=ok
sample=459	nanos=2176911	callbacks=256	result=ok
sample=460	nanos=2173220	callbacks=256	result=ok
sample=461	nanos=2170130	callbacks=256	result=ok
sample=462	nanos=2148140	callbacks=256	result=ok
sample=463	nanos=2270290	callbacks=256	result=ok
sample=464	nanos=2199450	callbacks=256	result=ok
sample=465	nanos=2164000	callbacks=256	result=ok
sample=466	nanos=2169821	callbacks=256	result=ok
sample=467	nanos=2158279	callbacks=256	result=ok
sample=468	nanos=2159061	callbacks=256	result=ok
sample=469	nanos=2164880	callbacks=256	result=ok
sample=470	nanos=2158030	callbacks=256	result=ok
sample=471	nanos=2174580	callbacks=256	result=ok
sample=472	nanos=2176130	callbacks=256	result=ok
sample=473	nanos=2158780	callbacks=256	result=ok
sample=474	nanos=2164370	callbacks=256	result=ok
sample=475	nanos=2158960	callbacks=256	result=ok
sample=476	nanos=2161910	callbacks=256	result=ok
sample=477	nanos=2169480	callbacks=256	result=ok
sample=478	nanos=2175400	callbacks=256	result=ok
sample=479	nanos=2159780	callbacks=256	result=ok
sample=480	nanos=2164080	callbacks=256	result=ok
sample=481	nanos=2164750	callbacks=256	result=ok
sample=482	nanos=2162050	callbacks=256	result=ok
sample=483	nanos=2170750	callbacks=256	result=ok
sample=484	nanos=2186280	callbacks=256	result=ok
sample=485	nanos=2168690	callbacks=256	result=ok
sample=486	nanos=2165151	callbacks=256	result=ok
sample=487	nanos=2311830	callbacks=256	result=ok
sample=488	nanos=2205261	callbacks=256	result=ok
sample=489	nanos=2184500	callbacks=256	result=ok
sample=490	nanos=2159800	callbacks=256	result=ok
sample=491	nanos=2169980	callbacks=256	result=ok
sample=492	nanos=2160710	callbacks=256	result=ok
sample=493	nanos=2163730	callbacks=256	result=ok
sample=494	nanos=2173980	callbacks=256	result=ok
sample=495	nanos=2178650	callbacks=256	result=ok
sample=496	nanos=2158460	callbacks=256	result=ok
sample=497	nanos=2164110	callbacks=256	result=ok
sample=498	nanos=2163610	callbacks=256	result=ok
sample=499	nanos=2161170	callbacks=256	result=ok
sample=500	nanos=2163140	callbacks=256	result=ok
sample=501	nanos=2192320	callbacks=256	result=ok
sample=502	nanos=2166520	callbacks=256	result=ok
sample=503	nanos=2163241	callbacks=256	result=ok
sample=504	nanos=2163970	callbacks=256	result=ok
sample=505	nanos=2159820	callbacks=256	result=ok
sample=506	nanos=2166830	callbacks=256	result=ok
sample=507	nanos=2184620	callbacks=256	result=ok
sample=508	nanos=2154600	callbacks=256	result=ok
sample=509	nanos=2156550	callbacks=256	result=ok
sample=510	nanos=2155330	callbacks=256	result=ok
sample=511	nanos=2160340	callbacks=256	result=ok
sample=512	nanos=2155610	callbacks=256	result=ok
sample=513	nanos=2206660	callbacks=256	result=ok
sample=514	nanos=2177390	callbacks=256	result=ok
sample=515	nanos=2159190	callbacks=256	result=ok
sample=516	nanos=2157450	callbacks=256	result=ok
sample=517	nanos=2161220	callbacks=256	result=ok
sample=518	nanos=2156510	callbacks=256	result=ok
sample=519	nanos=2198280	callbacks=256	result=ok
sample=520	nanos=2158970	callbacks=256	result=ok
sample=521	nanos=2152240	callbacks=256	result=ok
sample=522	nanos=2156030	callbacks=256	result=ok
sample=523	nanos=2151930	callbacks=256	result=ok
sample=524	nanos=2157350	callbacks=256	result=ok
sample=525	nanos=2162971	callbacks=256	result=ok
sample=526	nanos=2167510	callbacks=256	result=ok
sample=527	nanos=2153360	callbacks=256	result=ok
sample=528	nanos=2157420	callbacks=256	result=ok
sample=529	nanos=2161840	callbacks=256	result=ok
sample=530	nanos=2157600	callbacks=256	result=ok
sample=531	nanos=2166940	callbacks=256	result=ok
sample=532	nanos=2170530	callbacks=256	result=ok
sample=533	nanos=2157300	callbacks=256	result=ok
sample=534	nanos=2152600	callbacks=256	result=ok
sample=535	nanos=2154730	callbacks=256	result=ok
sample=536	nanos=2154780	callbacks=256	result=ok
sample=537	nanos=2153100	callbacks=256	result=ok
sample=538	nanos=2164890	callbacks=256	result=ok
sample=539	nanos=2164610	callbacks=256	result=ok
sample=540	nanos=2149760	callbacks=256	result=ok
sample=541	nanos=2157940	callbacks=256	result=ok
sample=542	nanos=2151930	callbacks=256	result=ok
sample=543	nanos=2157020	callbacks=256	result=ok
sample=544	nanos=2170250	callbacks=256	result=ok
sample=545	nanos=2171670	callbacks=256	result=ok
sample=546	nanos=2156030	callbacks=256	result=ok
sample=547	nanos=2158550	callbacks=256	result=ok
sample=548	nanos=2160950	callbacks=256	result=ok
sample=549	nanos=2156070	callbacks=256	result=ok
sample=550	nanos=2171010	callbacks=256	result=ok
sample=551	nanos=2154620	callbacks=256	result=ok
sample=552	nanos=2166450	callbacks=256	result=ok
sample=553	nanos=2149120	callbacks=256	result=ok
sample=554	nanos=2156690	callbacks=256	result=ok
sample=555	nanos=2155500	callbacks=256	result=ok
sample=556	nanos=2171870	callbacks=256	result=ok
sample=557	nanos=2154250	callbacks=256	result=ok
sample=558	nanos=2165340	callbacks=256	result=ok
sample=559	nanos=2155320	callbacks=256	result=ok
sample=560	nanos=2149790	callbacks=256	result=ok
sample=561	nanos=2163780	callbacks=256	result=ok
sample=562	nanos=2152270	callbacks=256	result=ok
sample=563	nanos=2172070	callbacks=256	result=ok
sample=564	nanos=2151930	callbacks=256	result=ok
sample=565	nanos=2164531	callbacks=256	result=ok
sample=566	nanos=2155840	callbacks=256	result=ok
sample=567	nanos=2157159	callbacks=256	result=ok
sample=568	nanos=2155211	callbacks=256	result=ok
sample=569	nanos=2170090	callbacks=256	result=ok
sample=570	nanos=2155550	callbacks=256	result=ok
sample=571	nanos=2154850	callbacks=256	result=ok
sample=572	nanos=2168470	callbacks=256	result=ok
sample=573	nanos=2150650	callbacks=256	result=ok
sample=574	nanos=2157380	callbacks=256	result=ok
sample=575	nanos=2173880	callbacks=256	result=ok
sample=576	nanos=2155860	callbacks=256	result=ok
sample=577	nanos=2163490	callbacks=256	result=ok
sample=578	nanos=2173180	callbacks=256	result=ok
sample=579	nanos=2151480	callbacks=256	result=ok
sample=580	nanos=2156860	callbacks=256	result=ok
sample=581	nanos=2169020	callbacks=256	result=ok
sample=582	nanos=2155620	callbacks=256	result=ok
sample=583	nanos=2154000	callbacks=256	result=ok
sample=584	nanos=2153820	callbacks=256	result=ok
sample=585	nanos=2166400	callbacks=256	result=ok
sample=586	nanos=2151230	callbacks=256	result=ok
sample=587	nanos=2152710	callbacks=256	result=ok
sample=588	nanos=2167470	callbacks=256	result=ok
sample=589	nanos=2154120	callbacks=256	result=ok
sample=590	nanos=2153780	callbacks=256	result=ok
sample=591	nanos=2169010	callbacks=256	result=ok
sample=592	nanos=2150640	callbacks=256	result=ok
sample=593	nanos=2164650	callbacks=256	result=ok
sample=594	nanos=2173600	callbacks=256	result=ok
sample=595	nanos=2151550	callbacks=256	result=ok
sample=596	nanos=2156660	callbacks=256	result=ok
sample=597	nanos=2155700	callbacks=256	result=ok
sample=598	nanos=2169690	callbacks=256	result=ok
sample=599	nanos=2165540	callbacks=256	result=ok
sample=600	nanos=2174680	callbacks=256	result=ok
sample=601	nanos=2151860	callbacks=256	result=ok
sample=602	nanos=2159021	callbacks=256	result=ok
sample=603	nanos=2154949	callbacks=256	result=ok
sample=604	nanos=2173001	callbacks=256	result=ok
sample=605	nanos=2153800	callbacks=256	result=ok
sample=606	nanos=2168670	callbacks=256	result=ok
sample=607	nanos=2157620	callbacks=256	result=ok
sample=608	nanos=2154630	callbacks=256	result=ok
sample=609	nanos=2171480	callbacks=256	result=ok
sample=610	nanos=2170290	callbacks=256	result=ok
sample=611	nanos=2162490	callbacks=256	result=ok
sample=612	nanos=2171250	callbacks=256	result=ok
sample=613	nanos=2159250	callbacks=256	result=ok
sample=614	nanos=2153890	callbacks=256	result=ok
sample=615	nanos=2153700	callbacks=256	result=ok
sample=616	nanos=2153080	callbacks=256	result=ok
sample=617	nanos=2166720	callbacks=256	result=ok
sample=618	nanos=2155620	callbacks=256	result=ok
sample=619	nanos=2170270	callbacks=256	result=ok
sample=620	nanos=2157620	callbacks=256	result=ok
sample=621	nanos=2154730	callbacks=256	result=ok
sample=622	nanos=2155720	callbacks=256	result=ok
sample=623	nanos=2165650	callbacks=256	result=ok
sample=624	nanos=2161480	callbacks=256	result=ok
sample=625	nanos=2175220	callbacks=256	result=ok
sample=626	nanos=2157530	callbacks=256	result=ok
sample=627	nanos=2152840	callbacks=256	result=ok
sample=628	nanos=2155330	callbacks=256	result=ok
sample=629	nanos=2152370	callbacks=256	result=ok
sample=630	nanos=2169760	callbacks=256	result=ok
sample=631	nanos=2175030	callbacks=256	result=ok
sample=632	nanos=2152620	callbacks=256	result=ok
sample=633	nanos=2158180	callbacks=256	result=ok
sample=634	nanos=2152330	callbacks=256	result=ok
sample=635	nanos=2155880	callbacks=256	result=ok
sample=636	nanos=2166521	callbacks=256	result=ok
sample=637	nanos=2173710	callbacks=256	result=ok
sample=638	nanos=2155840	callbacks=256	result=ok
sample=639	nanos=2154700	callbacks=256	result=ok
sample=640	nanos=2151010	callbacks=256	result=ok
sample=641	nanos=2165880	callbacks=256	result=ok
sample=642	nanos=2153140	callbacks=256	result=ok
sample=643	nanos=2168610	callbacks=256	result=ok
sample=644	nanos=2174720	callbacks=256	result=ok
sample=645	nanos=2154210	callbacks=256	result=ok
sample=646	nanos=2158830	callbacks=256	result=ok
sample=647	nanos=2151330	callbacks=256	result=ok
sample=648	nanos=2157910	callbacks=256	result=ok
sample=649	nanos=2161040	callbacks=256	result=ok
sample=650	nanos=2169830	callbacks=256	result=ok
sample=651	nanos=2150210	callbacks=256	result=ok
sample=652	nanos=2155180	callbacks=256	result=ok
sample=653	nanos=2150330	callbacks=256	result=ok
sample=654	nanos=2152130	callbacks=256	result=ok
sample=655	nanos=2150460	callbacks=256	result=ok
sample=656	nanos=2177640	callbacks=256	result=ok
sample=657	nanos=2161350	callbacks=256	result=ok
sample=658	nanos=2151910	callbacks=256	result=ok
sample=659	nanos=2151280	callbacks=256	result=ok
sample=660	nanos=2159820	callbacks=256	result=ok
sample=661	nanos=2152930	callbacks=256	result=ok
sample=662	nanos=2147210	callbacks=256	result=ok
sample=663	nanos=2178780	callbacks=256	result=ok
sample=664	nanos=2147470	callbacks=256	result=ok
sample=665	nanos=2152550	callbacks=256	result=ok
sample=666	nanos=2146880	callbacks=256	result=ok
sample=667	nanos=2174380	callbacks=256	result=ok
sample=668	nanos=2151240	callbacks=256	result=ok
sample=669	nanos=2177490	callbacks=256	result=ok
sample=670	nanos=2151350	callbacks=256	result=ok
sample=671	nanos=2147700	callbacks=256	result=ok
sample=672	nanos=2152340	callbacks=256	result=ok
sample=673	nanos=2157490	callbacks=256	result=ok
sample=674	nanos=2157340	callbacks=256	result=ok
sample=675	nanos=2163790	callbacks=256	result=ok
sample=676	nanos=2165490	callbacks=256	result=ok
sample=677	nanos=2149500	callbacks=256	result=ok
sample=678	nanos=2154200	callbacks=256	result=ok
sample=679	nanos=2148560	callbacks=256	result=ok
sample=680	nanos=2149870	callbacks=256	result=ok
sample=681	nanos=2150610	callbacks=256	result=ok
sample=682	nanos=2168340	callbacks=256	result=ok
sample=683	nanos=2163890	callbacks=256	result=ok
sample=684	nanos=2152370	callbacks=256	result=ok
sample=685	nanos=2154810	callbacks=256	result=ok
sample=686	nanos=2149790	callbacks=256	result=ok
sample=687	nanos=2152230	callbacks=256	result=ok
sample=688	nanos=2170900	callbacks=256	result=ok
sample=689	nanos=2178380	callbacks=256	result=ok
sample=690	nanos=2151700	callbacks=256	result=ok
sample=691	nanos=2153770	callbacks=256	result=ok
sample=692	nanos=2148500	callbacks=256	result=ok
sample=693	nanos=2154450	callbacks=256	result=ok
sample=694	nanos=2147070	callbacks=256	result=ok
sample=695	nanos=2168980	callbacks=256	result=ok
sample=696	nanos=2164080	callbacks=256	result=ok
sample=697	nanos=2149260	callbacks=256	result=ok
sample=698	nanos=2154080	callbacks=256	result=ok
sample=699	nanos=2149510	callbacks=256	result=ok
sample=700	nanos=2153410	callbacks=256	result=ok
sample=701	nanos=2162491	callbacks=256	result=ok
sample=702	nanos=2151949	callbacks=256	result=ok
sample=703	nanos=2161250	callbacks=256	result=ok
sample=704	nanos=2151460	callbacks=256	result=ok
sample=705	nanos=2156000	callbacks=256	result=ok
sample=706	nanos=2153130	callbacks=256	result=ok
sample=707	nanos=2166041	callbacks=256	result=ok
sample=708	nanos=2152650	callbacks=256	result=ok
sample=709	nanos=2163090	callbacks=256	result=ok
sample=710	nanos=2149269	callbacks=256	result=ok
sample=711	nanos=2153511	callbacks=256	result=ok
sample=712	nanos=2149280	callbacks=256	result=ok
sample=713	nanos=2153610	callbacks=256	result=ok
sample=714	nanos=2164330	callbacks=256	result=ok
sample=715	nanos=2152640	callbacks=256	result=ok
sample=716	nanos=2170740	callbacks=256	result=ok
sample=717	nanos=2153570	callbacks=256	result=ok
sample=718	nanos=2150130	callbacks=256	result=ok
sample=719	nanos=2154040	callbacks=256	result=ok
sample=720	nanos=2173010	callbacks=256	result=ok
sample=721	nanos=2157960	callbacks=256	result=ok
sample=722	nanos=2242620	callbacks=256	result=ok
sample=723	nanos=2152420	callbacks=256	result=ok
sample=724	nanos=2154410	callbacks=256	result=ok
sample=725	nanos=2147600	callbacks=256	result=ok
sample=726	nanos=2169170	callbacks=256	result=ok
sample=727	nanos=2152110	callbacks=256	result=ok
sample=728	nanos=2152460	callbacks=256	result=ok
sample=729	nanos=2169040	callbacks=256	result=ok
sample=730	nanos=2154520	callbacks=256	result=ok
sample=731	nanos=2148280	callbacks=256	result=ok
sample=732	nanos=2167480	callbacks=256	result=ok
sample=733	nanos=2149510	callbacks=256	result=ok
sample=734	nanos=2149630	callbacks=256	result=ok
sample=735	nanos=2160700	callbacks=256	result=ok
sample=736	nanos=2147570	callbacks=256	result=ok
sample=737	nanos=2160230	callbacks=256	result=ok
sample=738	nanos=2150050	callbacks=256	result=ok
sample=739	nanos=2165390	callbacks=256	result=ok
sample=740	nanos=2149470	callbacks=256	result=ok
sample=741	nanos=2153140	callbacks=256	result=ok
sample=742	nanos=2159310	callbacks=256	result=ok
sample=743	nanos=2152950	callbacks=256	result=ok
sample=744	nanos=2155700	callbacks=256	result=ok
sample=745	nanos=2167190	callbacks=256	result=ok
sample=746	nanos=2152250	callbacks=256	result=ok
sample=747	nanos=2149640	callbacks=256	result=ok
sample=748	nanos=2151110	callbacks=256	result=ok
sample=749	nanos=2160140	callbacks=256	result=ok
sample=750	nanos=2153860	callbacks=256	result=ok
sample=751	nanos=2151190	callbacks=256	result=ok
sample=752	nanos=2169520	callbacks=256	result=ok
sample=753	nanos=2157670	callbacks=256	result=ok
sample=754	nanos=2151010	callbacks=256	result=ok
sample=755	nanos=2162290	callbacks=256	result=ok
sample=756	nanos=2175670	callbacks=256	result=ok
sample=757	nanos=2150840	callbacks=256	result=ok
sample=758	nanos=2165480	callbacks=256	result=ok
sample=759	nanos=2153231	callbacks=256	result=ok
sample=760	nanos=2149410	callbacks=256	result=ok
sample=761	nanos=2149969	callbacks=256	result=ok
sample=762	nanos=2160780	callbacks=256	result=ok
sample=763	nanos=2154181	callbacks=256	result=ok
sample=764	nanos=2164010	callbacks=256	result=ok
sample=765	nanos=2152590	callbacks=256	result=ok
sample=766	nanos=2150350	callbacks=256	result=ok
sample=767	nanos=2153990	callbacks=256	result=ok
sample=768	nanos=2150120	callbacks=256	result=ok
sample=769	nanos=2171150	callbacks=256	result=ok
sample=770	nanos=2147010	callbacks=256	result=ok
sample=771	nanos=2166430	callbacks=256	result=ok
sample=772	nanos=2155010	callbacks=256	result=ok
sample=773	nanos=2149460	callbacks=256	result=ok
sample=774	nanos=2150380	callbacks=256	result=ok
sample=775	nanos=2159980	callbacks=256	result=ok
sample=776	nanos=2155710	callbacks=256	result=ok
sample=777	nanos=2161540	callbacks=256	result=ok
sample=778	nanos=2154310	callbacks=256	result=ok
sample=779	nanos=2150080	callbacks=256	result=ok
sample=780	nanos=2151730	callbacks=256	result=ok
sample=781	nanos=2145980	callbacks=256	result=ok
sample=782	nanos=2163100	callbacks=256	result=ok
sample=783	nanos=2148019	callbacks=256	result=ok
sample=784	nanos=2172891	callbacks=256	result=ok
sample=785	nanos=2164700	callbacks=256	result=ok
sample=786	nanos=2153810	callbacks=256	result=ok
sample=787	nanos=2152970	callbacks=256	result=ok
sample=788	nanos=2147250	callbacks=256	result=ok
sample=789	nanos=2160300	callbacks=256	result=ok
sample=790	nanos=2162090	callbacks=256	result=ok
sample=791	nanos=2152760	callbacks=256	result=ok
sample=792	nanos=2149870	callbacks=256	result=ok
sample=793	nanos=2156380	callbacks=256	result=ok
sample=794	nanos=2151810	callbacks=256	result=ok
sample=795	nanos=2165480	callbacks=256	result=ok
sample=796	nanos=2164940	callbacks=256	result=ok
sample=797	nanos=2155080	callbacks=256	result=ok
sample=798	nanos=2158920	callbacks=256	result=ok
sample=799	nanos=2155010	callbacks=256	result=ok
sample=800	nanos=2156330	callbacks=256	result=ok
sample=801	nanos=2167500	callbacks=256	result=ok
sample=802	nanos=2189050	callbacks=256	result=ok
sample=803	nanos=2150620	callbacks=256	result=ok
sample=804	nanos=2155500	callbacks=256	result=ok
sample=805	nanos=2150970	callbacks=256	result=ok
sample=806	nanos=2162300	callbacks=256	result=ok
sample=807	nanos=2151230	callbacks=256	result=ok
sample=808	nanos=2155770	callbacks=256	result=ok
sample=809	nanos=2180040	callbacks=256	result=ok
sample=810	nanos=2149830	callbacks=256	result=ok
sample=811	nanos=2163350	callbacks=256	result=ok
sample=812	nanos=2149830	callbacks=256	result=ok
sample=813	nanos=2156270	callbacks=256	result=ok
sample=814	nanos=2151150	callbacks=256	result=ok
sample=815	nanos=2187080	callbacks=256	result=ok
sample=816	nanos=2155940	callbacks=256	result=ok
sample=817	nanos=2163500	callbacks=256	result=ok
sample=818	nanos=2158060	callbacks=256	result=ok
sample=819	nanos=2154250	callbacks=256	result=ok
sample=820	nanos=2149480	callbacks=256	result=ok
sample=821	nanos=2166360	callbacks=256	result=ok
sample=822	nanos=2165971	callbacks=256	result=ok
sample=823	nanos=2150499	callbacks=256	result=ok
sample=824	nanos=2155640	callbacks=256	result=ok
sample=825	nanos=2146700	callbacks=256	result=ok
sample=826	nanos=2154990	callbacks=256	result=ok
sample=827	nanos=2146310	callbacks=256	result=ok
sample=828	nanos=2183111	callbacks=256	result=ok
sample=829	nanos=2152040	callbacks=256	result=ok
sample=830	nanos=2154389	callbacks=256	result=ok
sample=831	nanos=2152450	callbacks=256	result=ok
sample=832	nanos=2156051	callbacks=256	result=ok
sample=833	nanos=2162270	callbacks=256	result=ok
sample=834	nanos=2166100	callbacks=256	result=ok
sample=835	nanos=2165240	callbacks=256	result=ok
sample=836	nanos=2147740	callbacks=256	result=ok
sample=837	nanos=2154350	callbacks=256	result=ok
sample=838	nanos=2147620	callbacks=256	result=ok
sample=839	nanos=2155970	callbacks=256	result=ok
sample=840	nanos=2162310	callbacks=256	result=ok
sample=841	nanos=2150850	callbacks=256	result=ok
sample=842	nanos=2161060	callbacks=256	result=ok
sample=843	nanos=2152460	callbacks=256	result=ok
sample=844	nanos=2150800	callbacks=256	result=ok
sample=845	nanos=2154030	callbacks=256	result=ok
sample=846	nanos=2149650	callbacks=256	result=ok
sample=847	nanos=2167840	callbacks=256	result=ok
sample=848	nanos=2165130	callbacks=256	result=ok
sample=849	nanos=2159820	callbacks=256	result=ok
sample=850	nanos=2156570	callbacks=256	result=ok
sample=851	nanos=2149960	callbacks=256	result=ok
sample=852	nanos=2153840	callbacks=256	result=ok
sample=853	nanos=2167650	callbacks=256	result=ok
sample=854	nanos=2158780	callbacks=256	result=ok
sample=855	nanos=2166470	callbacks=256	result=ok
sample=856	nanos=2157910	callbacks=256	result=ok
sample=857	nanos=2155880	callbacks=256	result=ok
sample=858	nanos=2157170	callbacks=256	result=ok
sample=859	nanos=2167090	callbacks=256	result=ok
sample=860	nanos=2160210	callbacks=256	result=ok
sample=861	nanos=2168560	callbacks=256	result=ok
sample=862	nanos=2154040	callbacks=256	result=ok
sample=863	nanos=2154470	callbacks=256	result=ok
sample=864	nanos=2154660	callbacks=256	result=ok
sample=865	nanos=2160870	callbacks=256	result=ok
sample=866	nanos=2168730	callbacks=256	result=ok
sample=867	nanos=2156070	callbacks=256	result=ok
sample=868	nanos=2166400	callbacks=256	result=ok
sample=869	nanos=2154180	callbacks=256	result=ok
sample=870	nanos=2155690	callbacks=256	result=ok
sample=871	nanos=2154440	callbacks=256	result=ok
sample=872	nanos=2175730	callbacks=256	result=ok
sample=873	nanos=2154050	callbacks=256	result=ok
sample=874	nanos=2172580	callbacks=256	result=ok
sample=875	nanos=2155030	callbacks=256	result=ok
sample=876	nanos=2156550	callbacks=256	result=ok
sample=877	nanos=2151620	callbacks=256	result=ok
sample=878	nanos=2169440	callbacks=256	result=ok
sample=879	nanos=2154020	callbacks=256	result=ok
sample=880	nanos=2160851	callbacks=256	result=ok
sample=881	nanos=2172760	callbacks=256	result=ok
sample=882	nanos=2157580	callbacks=256	result=ok
sample=883	nanos=2152500	callbacks=256	result=ok
sample=884	nanos=2166970	callbacks=256	result=ok
sample=885	nanos=2159230	callbacks=256	result=ok
sample=886	nanos=2155220	callbacks=256	result=ok
sample=887	nanos=2168170	callbacks=256	result=ok
sample=888	nanos=2151600	callbacks=256	result=ok
sample=889	nanos=2155710	callbacks=256	result=ok
sample=890	nanos=2148690	callbacks=256	result=ok
sample=891	nanos=2167460	callbacks=256	result=ok
sample=892	nanos=2151800	callbacks=256	result=ok
sample=893	nanos=2153920	callbacks=256	result=ok
sample=894	nanos=2161780	callbacks=256	result=ok
sample=895	nanos=2152460	callbacks=256	result=ok
sample=896	nanos=2151550	callbacks=256	result=ok
sample=897	nanos=2181110	callbacks=256	result=ok
sample=898	nanos=2155360	callbacks=256	result=ok
sample=899	nanos=2152540	callbacks=256	result=ok
sample=900	nanos=2153880	callbacks=256	result=ok
sample=901	nanos=2166710	callbacks=256	result=ok
sample=902	nanos=2153350	callbacks=256	result=ok
sample=903	nanos=2167300	callbacks=256	result=ok
sample=904	nanos=2154210	callbacks=256	result=ok
sample=905	nanos=2148020	callbacks=256	result=ok
sample=906	nanos=2156010	callbacks=256	result=ok
sample=907	nanos=2165280	callbacks=256	result=ok
sample=908	nanos=2156060	callbacks=256	result=ok
sample=909	nanos=2151050	callbacks=256	result=ok
sample=910	nanos=2167220	callbacks=256	result=ok
sample=911	nanos=2152290	callbacks=256	result=ok
sample=912	nanos=2148520	callbacks=256	result=ok
sample=913	nanos=2166670	callbacks=256	result=ok
sample=914	nanos=2161550	callbacks=256	result=ok
sample=915	nanos=2152120	callbacks=256	result=ok
sample=916	nanos=2165520	callbacks=256	result=ok
sample=917	nanos=2154600	callbacks=256	result=ok
sample=918	nanos=2157940	callbacks=256	result=ok
sample=919	nanos=2154610	callbacks=256	result=ok
sample=920	nanos=2163580	callbacks=256	result=ok
sample=921	nanos=2153590	callbacks=256	result=ok
sample=922	nanos=2167160	callbacks=256	result=ok
sample=923	nanos=2154050	callbacks=256	result=ok
sample=924	nanos=2236101	callbacks=256	result=ok
sample=925	nanos=2211590	callbacks=256	result=ok
sample=926	nanos=2164090	callbacks=256	result=ok
sample=927	nanos=2152610	callbacks=256	result=ok
sample=928	nanos=2170480	callbacks=256	result=ok
sample=929	nanos=2163790	callbacks=256	result=ok
sample=930	nanos=2156260	callbacks=256	result=ok
sample=931	nanos=2148150	callbacks=256	result=ok
sample=932	nanos=2154030	callbacks=256	result=ok
sample=933	nanos=2162840	callbacks=256	result=ok
sample=934	nanos=2171100	callbacks=256	result=ok
sample=935	nanos=2151580	callbacks=256	result=ok
sample=936	nanos=2148520	callbacks=256	result=ok
sample=937	nanos=2153390	callbacks=256	result=ok
sample=938	nanos=2155610	callbacks=256	result=ok
sample=939	nanos=2168940	callbacks=256	result=ok
sample=940	nanos=2165580	callbacks=256	result=ok
sample=941	nanos=2158960	callbacks=256	result=ok
sample=942	nanos=2152320	callbacks=256	result=ok
sample=943	nanos=2155540	callbacks=256	result=ok
sample=944	nanos=2149210	callbacks=256	result=ok
sample=945	nanos=2160250	callbacks=256	result=ok
sample=946	nanos=2165190	callbacks=256	result=ok
sample=947	nanos=2171490	callbacks=256	result=ok
sample=948	nanos=2157920	callbacks=256	result=ok
sample=949	nanos=2151390	callbacks=256	result=ok
sample=950	nanos=2156080	callbacks=256	result=ok
sample=951	nanos=2150360	callbacks=256	result=ok
sample=952	nanos=2170960	callbacks=256	result=ok
sample=953	nanos=2165071	callbacks=256	result=ok
sample=954	nanos=2155320	callbacks=256	result=ok
sample=955	nanos=2148520	callbacks=256	result=ok
sample=956	nanos=2156030	callbacks=256	result=ok
sample=957	nanos=2149540	callbacks=256	result=ok
sample=958	nanos=2153630	callbacks=256	result=ok
sample=959	nanos=2176460	callbacks=256	result=ok
sample=960	nanos=2153190	callbacks=256	result=ok
sample=961	nanos=2168010	callbacks=256	result=ok
sample=962	nanos=2151760	callbacks=256	result=ok
sample=963	nanos=2153770	callbacks=256	result=ok
sample=964	nanos=2148090	callbacks=256	result=ok
sample=965	nanos=2154000	callbacks=256	result=ok
sample=966	nanos=2179170	callbacks=256	result=ok
sample=967	nanos=2153480	callbacks=256	result=ok
sample=968	nanos=2148030	callbacks=256	result=ok
sample=969	nanos=2160090	callbacks=256	result=ok
sample=970	nanos=2152310	callbacks=256	result=ok
sample=971	nanos=2154640	callbacks=256	result=ok
sample=972	nanos=2183700	callbacks=256	result=ok
sample=973	nanos=2155060	callbacks=256	result=ok
sample=974	nanos=2156560	callbacks=256	result=ok
sample=975	nanos=2153810	callbacks=256	result=ok
sample=976	nanos=2156960	callbacks=256	result=ok
sample=977	nanos=2161180	callbacks=256	result=ok
sample=978	nanos=2176270	callbacks=256	result=ok
sample=979	nanos=2164210	callbacks=256	result=ok
sample=980	nanos=2156370	callbacks=256	result=ok
sample=981	nanos=2153770	callbacks=256	result=ok
sample=982	nanos=2157570	callbacks=256	result=ok
sample=983	nanos=2152470	callbacks=256	result=ok
sample=984	nanos=2155480	callbacks=256	result=ok
sample=985	nanos=2181200	callbacks=256	result=ok
sample=986	nanos=2155260	callbacks=256	result=ok
sample=987	nanos=2155070	callbacks=256	result=ok
sample=988	nanos=2151740	callbacks=256	result=ok
sample=989	nanos=2154290	callbacks=256	result=ok
sample=990	nanos=2149840	callbacks=256	result=ok
sample=991	nanos=2172520	callbacks=256	result=ok
sample=992	nanos=2159260	callbacks=256	result=ok
sample=993	nanos=2163630	callbacks=256	result=ok
sample=994	nanos=2149380	callbacks=256	result=ok
sample=995	nanos=2151210	callbacks=256	result=ok
sample=996	nanos=2150690	callbacks=256	result=ok
sample=997	nanos=2168130	callbacks=256	result=ok
sample=998	nanos=2173010	callbacks=256	result=ok
sample=999	nanos=2149410	callbacks=256	result=ok
sample=1000	nanos=2158660	callbacks=256	result=ok
sample=1001	nanos=2151560	callbacks=256	result=ok
sample=1002	nanos=2156120	callbacks=256	result=ok
sample=1003	nanos=2168970	callbacks=256	result=ok
sample=1004	nanos=2155760	callbacks=256	result=ok
sample=1005	nanos=2162041	callbacks=256	result=ok
sample=1006	nanos=2153770	callbacks=256	result=ok
sample=1007	nanos=2152999	callbacks=256	result=ok
sample=1008	nanos=2152071	callbacks=256	result=ok
sample=1009	nanos=2156130	callbacks=256	result=ok
sample=1010	nanos=2165630	callbacks=256	result=ok
sample=1011	nanos=2153620	callbacks=256	result=ok
sample=1012	nanos=2158690	callbacks=256	result=ok
sample=1013	nanos=2152840	callbacks=256	result=ok
sample=1014	nanos=2149690	callbacks=256	result=ok
sample=1015	nanos=2152290	callbacks=256	result=ok
sample=1016	nanos=2165870	callbacks=256	result=ok
sample=1017	nanos=2155300	callbacks=256	result=ok
sample=1018	nanos=2161890	callbacks=256	result=ok
sample=1019	nanos=2152120	callbacks=256	result=ok
sample=1020	nanos=2151420	callbacks=256	result=ok
sample=1021	nanos=2158850	callbacks=256	result=ok
sample=1022	nanos=2148600	callbacks=256	result=ok
sample=1023	nanos=2169550	callbacks=256	result=ok
sample=1024	nanos=2151020	callbacks=256	result=ok
sample=1025	nanos=2182580	callbacks=256	result=ok
sample=1026	nanos=2158740	callbacks=256	result=ok
sample=1027	nanos=2153070	callbacks=256	result=ok
sample=1028	nanos=2158410	callbacks=256	result=ok
sample=1029	nanos=2173930	callbacks=256	result=ok
sample=1030	nanos=2159580	callbacks=256	result=ok
sample=1031	nanos=2166190	callbacks=256	result=ok
sample=1032	nanos=2158920	callbacks=256	result=ok
sample=1033	nanos=2156290	callbacks=256	result=ok
sample=1034	nanos=2167330	callbacks=256	result=ok
sample=1035	nanos=2173890	callbacks=256	result=ok
sample=1036	nanos=2159970	callbacks=256	result=ok
sample=1037	nanos=2160630	callbacks=256	result=ok
sample=1038	nanos=2182430	callbacks=256	result=ok
sample=1039	nanos=2167900	callbacks=256	result=ok
sample=1040	nanos=2164120	callbacks=256	result=ok
sample=1041	nanos=2174591	callbacks=256	result=ok
sample=1042	nanos=2162960	callbacks=256	result=ok
sample=1043	nanos=2164580	callbacks=256	result=ok
sample=1044	nanos=2167820	callbacks=256	result=ok
sample=1045	nanos=2153200	callbacks=256	result=ok
sample=1046	nanos=2152990	callbacks=256	result=ok
sample=1047	nanos=2168830	callbacks=256	result=ok
sample=1048	nanos=2167980	callbacks=256	result=ok
sample=1049	nanos=2158570	callbacks=256	result=ok
sample=1050	nanos=2164610	callbacks=256	result=ok
sample=1051	nanos=2153190	callbacks=256	result=ok
sample=1052	nanos=2182590	callbacks=256	result=ok
sample=1053	nanos=2171720	callbacks=256	result=ok
sample=1054	nanos=2161890	callbacks=256	result=ok
sample=1055	nanos=2152560	callbacks=256	result=ok
sample=1056	nanos=2154770	callbacks=256	result=ok
sample=1057	nanos=2168000	callbacks=256	result=ok
sample=1058	nanos=2165830	callbacks=256	result=ok
sample=1059	nanos=2172350	callbacks=256	result=ok
sample=1060	nanos=2150990	callbacks=256	result=ok
sample=1061	nanos=2159620	callbacks=256	result=ok
sample=1062	nanos=2162340	callbacks=256	result=ok
sample=1063	nanos=2169630	callbacks=256	result=ok
sample=1064	nanos=2153090	callbacks=256	result=ok
sample=1065	nanos=2175421	callbacks=256	result=ok
sample=1066	nanos=2154210	callbacks=256	result=ok
sample=1067	nanos=2163720	callbacks=256	result=ok
sample=1068	nanos=2163760	callbacks=256	result=ok
sample=1069	nanos=2171130	callbacks=256	result=ok
sample=1070	nanos=2163670	callbacks=256	result=ok
sample=1071	nanos=2179760	callbacks=256	result=ok
sample=1072	nanos=2166980	callbacks=256	result=ok
sample=1073	nanos=2156160	callbacks=256	result=ok
sample=1074	nanos=2163200	callbacks=256	result=ok
sample=1075	nanos=2158150	callbacks=256	result=ok
sample=1076	nanos=2169830	callbacks=256	result=ok
sample=1077	nanos=2172490	callbacks=256	result=ok
sample=1078	nanos=2167370	callbacks=256	result=ok
sample=1079	nanos=2157210	callbacks=256	result=ok
sample=1080	nanos=2169850	callbacks=256	result=ok
sample=1081	nanos=2155580	callbacks=256	result=ok
sample=1082	nanos=2189501	callbacks=256	result=ok
sample=1083	nanos=2184700	callbacks=256	result=ok
sample=1084	nanos=2167570	callbacks=256	result=ok
sample=1085	nanos=2167420	callbacks=256	result=ok
sample=1086	nanos=2161690	callbacks=256	result=ok
sample=1087	nanos=2158130	callbacks=256	result=ok
sample=1088	nanos=2169760	callbacks=256	result=ok
sample=1089	nanos=2187350	callbacks=256	result=ok
sample=1090	nanos=2155000	callbacks=256	result=ok
sample=1091	nanos=2169540	callbacks=256	result=ok
sample=1092	nanos=2160200	callbacks=256	result=ok
sample=1093	nanos=2167740	callbacks=256	result=ok
sample=1094	nanos=2168530	callbacks=256	result=ok
sample=1095	nanos=2176220	callbacks=256	result=ok
sample=1096	nanos=2176390	callbacks=256	result=ok
sample=1097	nanos=2161401	callbacks=256	result=ok
sample=1098	nanos=2163110	callbacks=256	result=ok
sample=1099	nanos=2160270	callbacks=256	result=ok
sample=1100	nanos=2180060	callbacks=256	result=ok
sample=1101	nanos=2176940	callbacks=256	result=ok
sample=1102	nanos=2169110	callbacks=256	result=ok
sample=1103	nanos=2156770	callbacks=256	result=ok
sample=1104	nanos=2164410	callbacks=256	result=ok
sample=1105	nanos=2156120	callbacks=256	result=ok
sample=1106	nanos=2177540	callbacks=256	result=ok
sample=1107	nanos=2194070	callbacks=256	result=ok
sample=1108	nanos=2157280	callbacks=256	result=ok
sample=1109	nanos=2169880	callbacks=256	result=ok
sample=1110	nanos=2183470	callbacks=256	result=ok
sample=1111	nanos=2174211	callbacks=256	result=ok
sample=1112	nanos=2188150	callbacks=256	result=ok
sample=1113	nanos=2184000	callbacks=256	result=ok
sample=1114	nanos=2170940	callbacks=256	result=ok
sample=1115	nanos=2171450	callbacks=256	result=ok
sample=1116	nanos=2160670	callbacks=256	result=ok
sample=1117	nanos=2165490	callbacks=256	result=ok
sample=1118	nanos=2162300	callbacks=256	result=ok
sample=1119	nanos=2186890	callbacks=256	result=ok
sample=1120	nanos=2169090	callbacks=256	result=ok
sample=1121	nanos=2165740	callbacks=256	result=ok
sample=1122	nanos=2168120	callbacks=256	result=ok
sample=1123	nanos=2167881	callbacks=256	result=ok
sample=1124	nanos=2184150	callbacks=256	result=ok
sample=1125	nanos=2171840	callbacks=256	result=ok
sample=1126	nanos=2161500	callbacks=256	result=ok
sample=1127	nanos=2165400	callbacks=256	result=ok
sample=1128	nanos=2161780	callbacks=256	result=ok
sample=1129	nanos=2159910	callbacks=256	result=ok
sample=1130	nanos=2180190	callbacks=256	result=ok
sample=1131	nanos=2177010	callbacks=256	result=ok
sample=1132	nanos=2161050	callbacks=256	result=ok
sample=1133	nanos=2161820	callbacks=256	result=ok
sample=1134	nanos=2159740	callbacks=256	result=ok
sample=1135	nanos=2172270	callbacks=256	result=ok
sample=1136	nanos=2184420	callbacks=256	result=ok
sample=1137	nanos=2187021	callbacks=256	result=ok
sample=1138	nanos=2159760	callbacks=256	result=ok
sample=1139	nanos=2164810	callbacks=256	result=ok
sample=1140	nanos=2162710	callbacks=256	result=ok
sample=1141	nanos=2164110	callbacks=256	result=ok
sample=1142	nanos=2182360	callbacks=256	result=ok
sample=1143	nanos=2175650	callbacks=256	result=ok
sample=1144	nanos=2162180	callbacks=256	result=ok
sample=1145	nanos=2159450	callbacks=256	result=ok
sample=1146	nanos=2161730	callbacks=256	result=ok
sample=1147	nanos=2161850	callbacks=256	result=ok
sample=1148	nanos=2185380	callbacks=256	result=ok
sample=1149	nanos=2173070	callbacks=256	result=ok
sample=1150	nanos=2164350	callbacks=256	result=ok
sample=1151	nanos=2159580	callbacks=256	result=ok
sample=1152	nanos=2168770	callbacks=256	result=ok
sample=1153	nanos=2164621	callbacks=256	result=ok
sample=1154	nanos=2181700	callbacks=256	result=ok
sample=1155	nanos=2178780	callbacks=256	result=ok
sample=1156	nanos=2162820	callbacks=256	result=ok
sample=1157	nanos=2161480	callbacks=256	result=ok
sample=1158	nanos=2160450	callbacks=256	result=ok
sample=1159	nanos=2167730	callbacks=256	result=ok
sample=1160	nanos=2178460	callbacks=256	result=ok
sample=1161	nanos=2165620	callbacks=256	result=ok
sample=1162	nanos=2172290	callbacks=256	result=ok
sample=1163	nanos=2163940	callbacks=256	result=ok
sample=1164	nanos=2159400	callbacks=256	result=ok
sample=1165	nanos=2165830	callbacks=256	result=ok
sample=1166	nanos=2185150	callbacks=256	result=ok
sample=1167	nanos=2159440	callbacks=256	result=ok
sample=1168	nanos=2173711	callbacks=256	result=ok
sample=1169	nanos=2165250	callbacks=256	result=ok
sample=1170	nanos=2165910	callbacks=256	result=ok
sample=1171	nanos=2158340	callbacks=256	result=ok
sample=1172	nanos=2175020	callbacks=256	result=ok
sample=1173	nanos=2159170	callbacks=256	result=ok
sample=1174	nanos=2174950	callbacks=256	result=ok
sample=1175	nanos=2159510	callbacks=256	result=ok
sample=1176	nanos=2163270	callbacks=256	result=ok
sample=1177	nanos=2158170	callbacks=256	result=ok
sample=1178	nanos=2179220	callbacks=256	result=ok
sample=1179	nanos=2162870	callbacks=256	result=ok
sample=1180	nanos=2170050	callbacks=256	result=ok
sample=1181	nanos=2166280	callbacks=256	result=ok
sample=1182	nanos=2158980	callbacks=256	result=ok
sample=1183	nanos=2163240	callbacks=256	result=ok
sample=1184	nanos=2175440	callbacks=256	result=ok
sample=1185	nanos=2163410	callbacks=256	result=ok
sample=1186	nanos=2172401	callbacks=256	result=ok
sample=1187	nanos=2175080	callbacks=256	result=ok
sample=1188	nanos=2162130	callbacks=256	result=ok
sample=1189	nanos=2163920	callbacks=256	result=ok
sample=1190	nanos=2178100	callbacks=256	result=ok
sample=1191	nanos=2160150	callbacks=256	result=ok
sample=1192	nanos=2163910	callbacks=256	result=ok
sample=1193	nanos=2174990	callbacks=256	result=ok
sample=1194	nanos=2173070	callbacks=256	result=ok
sample=1195	nanos=2163020	callbacks=256	result=ok
sample=1196	nanos=2180690	callbacks=256	result=ok
sample=1197	nanos=2164070	callbacks=256	result=ok
sample=1198	nanos=2164980	callbacks=256	result=ok
sample=1199	nanos=2178600	callbacks=256	result=ok
sample=1200	nanos=2192061	callbacks=256	result=ok
sample=1201	nanos=2164720	callbacks=256	result=ok
sample=1202	nanos=2184230	callbacks=256	result=ok
sample=1203	nanos=2169810	callbacks=256	result=ok
sample=1204	nanos=2162620	callbacks=256	result=ok
sample=1205	nanos=2176450	callbacks=256	result=ok
sample=1206	nanos=2166060	callbacks=256	result=ok
sample=1207	nanos=2179190	callbacks=256	result=ok
sample=1208	nanos=2156090	callbacks=256	result=ok
sample=1209	nanos=2163750	callbacks=256	result=ok
sample=1210	nanos=2158750	callbacks=256	result=ok
sample=1211	nanos=2169680	callbacks=256	result=ok
sample=1212	nanos=2154540	callbacks=256	result=ok
sample=1213	nanos=2166560	callbacks=256	result=ok
sample=1214	nanos=2192761	callbacks=256	result=ok
sample=1215	nanos=2176820	callbacks=256	result=ok
sample=1216	nanos=2167720	callbacks=256	result=ok
sample=1217	nanos=2176210	callbacks=256	result=ok
sample=1218	nanos=2163290	callbacks=256	result=ok
sample=1219	nanos=2181190	callbacks=256	result=ok
sample=1220	nanos=2168960	callbacks=256	result=ok
sample=1221	nanos=2163560	callbacks=256	result=ok
sample=1222	nanos=2166970	callbacks=256	result=ok
sample=1223	nanos=2172790	callbacks=256	result=ok
sample=1224	nanos=2160510	callbacks=256	result=ok
sample=1225	nanos=2174640	callbacks=256	result=ok
sample=1226	nanos=2161020	callbacks=256	result=ok
sample=1227	nanos=2166320	callbacks=256	result=ok
sample=1228	nanos=2162970	callbacks=256	result=ok
sample=1229	nanos=2247481	callbacks=256	result=ok
sample=1230	nanos=2164370	callbacks=256	result=ok
sample=1231	nanos=2182370	callbacks=256	result=ok
sample=1232	nanos=2161700	callbacks=256	result=ok
sample=1233	nanos=2162570	callbacks=256	result=ok
sample=1234	nanos=2160300	callbacks=256	result=ok
sample=1235	nanos=2175400	callbacks=256	result=ok
sample=1236	nanos=2161410	callbacks=256	result=ok
sample=1237	nanos=2175090	callbacks=256	result=ok
sample=1238	nanos=2167461	callbacks=256	result=ok
sample=1239	nanos=2164590	callbacks=256	result=ok
sample=1240	nanos=2163770	callbacks=256	result=ok
sample=1241	nanos=2181430	callbacks=256	result=ok
sample=1242	nanos=2165430	callbacks=256	result=ok
sample=1243	nanos=2179110	callbacks=256	result=ok
sample=1244	nanos=2163270	callbacks=256	result=ok
sample=1245	nanos=2162460	callbacks=256	result=ok
sample=1246	nanos=2167340	callbacks=256	result=ok
sample=1247	nanos=2173560	callbacks=256	result=ok
sample=1248	nanos=2166060	callbacks=256	result=ok
sample=1249	nanos=2181420	callbacks=256	result=ok
sample=1250	nanos=2166590	callbacks=256	result=ok
sample=1251	nanos=2168980	callbacks=256	result=ok
sample=1252	nanos=2161890	callbacks=256	result=ok
sample=1253	nanos=2166361	callbacks=256	result=ok
sample=1254	nanos=2189820	callbacks=256	result=ok
sample=1255	nanos=2169050	callbacks=256	result=ok
sample=1256	nanos=2162480	callbacks=256	result=ok
sample=1257	nanos=2164700	callbacks=256	result=ok
sample=1258	nanos=2158430	callbacks=256	result=ok
sample=1259	nanos=2178120	callbacks=256	result=ok
sample=1260	nanos=2193350	callbacks=256	result=ok
sample=1261	nanos=2169140	callbacks=256	result=ok
sample=1262	nanos=2176250	callbacks=256	result=ok
sample=1263	nanos=2162960	callbacks=256	result=ok
sample=1264	nanos=2172060	callbacks=256	result=ok
sample=1265	nanos=2161781	callbacks=256	result=ok
sample=1266	nanos=2193310	callbacks=256	result=ok
sample=1267	nanos=2165120	callbacks=256	result=ok
sample=1268	nanos=2172560	callbacks=256	result=ok
sample=1269	nanos=2164060	callbacks=256	result=ok
sample=1270	nanos=2171300	callbacks=256	result=ok
sample=1271	nanos=2169830	callbacks=256	result=ok
sample=1272	nanos=2193780	callbacks=256	result=ok
sample=1273	nanos=2164940	callbacks=256	result=ok
sample=1274	nanos=2154650	callbacks=256	result=ok
sample=1275	nanos=2164080	callbacks=256	result=ok
sample=1276	nanos=2161020	callbacks=256	result=ok
sample=1277	nanos=2169930	callbacks=256	result=ok
sample=1278	nanos=2194201	callbacks=256	result=ok
sample=1279	nanos=2167960	callbacks=256	result=ok
sample=1280	nanos=2164380	callbacks=256	result=ok
sample=1281	nanos=2371131	callbacks=256	result=ok
sample=1282	nanos=2180270	callbacks=256	result=ok
sample=1283	nanos=2178560	callbacks=256	result=ok
sample=1284	nanos=2169150	callbacks=256	result=ok
sample=1285	nanos=2163820	callbacks=256	result=ok
sample=1286	nanos=2167300	callbacks=256	result=ok
sample=1287	nanos=2168320	callbacks=256	result=ok
sample=1288	nanos=2207990	callbacks=256	result=ok
sample=1289	nanos=2173360	callbacks=256	result=ok
sample=1290	nanos=2164501	callbacks=256	result=ok
sample=1291	nanos=2156590	callbacks=256	result=ok
sample=1292	nanos=2164610	callbacks=256	result=ok
sample=1293	nanos=2164630	callbacks=256	result=ok
sample=1294	nanos=2182930	callbacks=256	result=ok
sample=1295	nanos=2178540	callbacks=256	result=ok
sample=1296	nanos=2162900	callbacks=256	result=ok
sample=1297	nanos=2165300	callbacks=256	result=ok
sample=1298	nanos=2157390	callbacks=256	result=ok
sample=1299	nanos=2159080	callbacks=256	result=ok
sample=1300	nanos=2174080	callbacks=256	result=ok
sample=1301	nanos=2174430	callbacks=256	result=ok
sample=1302	nanos=2158500	callbacks=256	result=ok
sample=1303	nanos=2158500	callbacks=256	result=ok
sample=1304	nanos=2153810	callbacks=256	result=ok
sample=1305	nanos=2159250	callbacks=256	result=ok
sample=1306	nanos=2179970	callbacks=256	result=ok
sample=1307	nanos=2166490	callbacks=256	result=ok
sample=1308	nanos=2160040	callbacks=256	result=ok
sample=1309	nanos=2160070	callbacks=256	result=ok
sample=1310	nanos=2160651	callbacks=256	result=ok
sample=1311	nanos=2154679	callbacks=256	result=ok
sample=1312	nanos=2183301	callbacks=256	result=ok
sample=1313	nanos=2156420	callbacks=256	result=ok
sample=1314	nanos=2177470	callbacks=256	result=ok
sample=1315	nanos=2156560	callbacks=256	result=ok
sample=1316	nanos=2160030	callbacks=256	result=ok
sample=1317	nanos=2158090	callbacks=256	result=ok
sample=1318	nanos=2199600	callbacks=256	result=ok
sample=1319	nanos=2158600	callbacks=256	result=ok
sample=1320	nanos=2166750	callbacks=256	result=ok
sample=1321	nanos=2159160	callbacks=256	result=ok
sample=1322	nanos=2156530	callbacks=256	result=ok
sample=1323	nanos=2160140	callbacks=256	result=ok
sample=1324	nanos=2171850	callbacks=256	result=ok
sample=1325	nanos=2163350	callbacks=256	result=ok
sample=1326	nanos=2169310	callbacks=256	result=ok
sample=1327	nanos=2166540	callbacks=256	result=ok
sample=1328	nanos=2162220	callbacks=256	result=ok
sample=1329	nanos=2161590	callbacks=256	result=ok
sample=1330	nanos=2175271	callbacks=256	result=ok
sample=1331	nanos=2163910	callbacks=256	result=ok
sample=1332	nanos=2162070	callbacks=256	result=ok
sample=1333	nanos=2173580	callbacks=256	result=ok
sample=1334	nanos=2161310	callbacks=256	result=ok
sample=1335	nanos=2156760	callbacks=256	result=ok
sample=1336	nanos=2177090	callbacks=256	result=ok
sample=1337	nanos=2157080	callbacks=256	result=ok
sample=1338	nanos=2162630	callbacks=256	result=ok
sample=1339	nanos=2169050	callbacks=256	result=ok
sample=1340	nanos=2161020	callbacks=256	result=ok
sample=1341	nanos=2154860	callbacks=256	result=ok
sample=1342	nanos=2160950	callbacks=256	result=ok
sample=1343	nanos=2176320	callbacks=256	result=ok
sample=1344	nanos=2157350	callbacks=256	result=ok
sample=1345	nanos=2170450	callbacks=256	result=ok
sample=1346	nanos=2155150	callbacks=256	result=ok
sample=1347	nanos=2159920	callbacks=256	result=ok
sample=1348	nanos=2161160	callbacks=256	result=ok
sample=1349	nanos=2175660	callbacks=256	result=ok
sample=1350	nanos=2159750	callbacks=256	result=ok
sample=1351	nanos=2161350	callbacks=256	result=ok
sample=1352	nanos=2164900	callbacks=256	result=ok
sample=1353	nanos=2164541	callbacks=256	result=ok
sample=1354	nanos=2157530	callbacks=256	result=ok
sample=1355	nanos=2180660	callbacks=256	result=ok
sample=1356	nanos=2160870	callbacks=256	result=ok
sample=1357	nanos=2156440	callbacks=256	result=ok
sample=1358	nanos=2170470	callbacks=256	result=ok
sample=1359	nanos=2155570	callbacks=256	result=ok
sample=1360	nanos=2156770	callbacks=256	result=ok
sample=1361	nanos=2171360	callbacks=256	result=ok
sample=1362	nanos=2165860	callbacks=256	result=ok
sample=1363	nanos=2158520	callbacks=256	result=ok
sample=1364	nanos=2171370	callbacks=256	result=ok
sample=1365	nanos=2159770	callbacks=256	result=ok
sample=1366	nanos=2160070	callbacks=256	result=ok
sample=1367	nanos=2177100	callbacks=256	result=ok
sample=1368	nanos=2158920	callbacks=256	result=ok
sample=1369	nanos=2161550	callbacks=256	result=ok
sample=1370	nanos=2161550	callbacks=256	result=ok
sample=1371	nanos=2171460	callbacks=256	result=ok
sample=1372	nanos=2158360	callbacks=256	result=ok
sample=1373	nanos=2175970	callbacks=256	result=ok
sample=1374	nanos=2159341	callbacks=256	result=ok
sample=1375	nanos=2163730	callbacks=256	result=ok
sample=1376	nanos=2157730	callbacks=256	result=ok
sample=1377	nanos=2186210	callbacks=256	result=ok
sample=1378	nanos=2159100	callbacks=256	result=ok
sample=1379	nanos=2173890	callbacks=256	result=ok
sample=1380	nanos=2160760	callbacks=256	result=ok
sample=1381	nanos=2155200	callbacks=256	result=ok
sample=1382	nanos=2159580	callbacks=256	result=ok
sample=1383	nanos=2170550	callbacks=256	result=ok
sample=1384	nanos=2162120	callbacks=256	result=ok
sample=1385	nanos=2169530	callbacks=256	result=ok
sample=1386	nanos=2163110	callbacks=256	result=ok
sample=1387	nanos=2157900	callbacks=256	result=ok
sample=1388	nanos=2163250	callbacks=256	result=ok
sample=1389	nanos=2158580	callbacks=256	result=ok
sample=1390	nanos=2176670	callbacks=256	result=ok
sample=1391	nanos=2175020	callbacks=256	result=ok
sample=1392	nanos=2157640	callbacks=256	result=ok
sample=1393	nanos=2163710	callbacks=256	result=ok
sample=1394	nanos=2158151	callbacks=256	result=ok
sample=1395	nanos=2164580	callbacks=256	result=ok
sample=1396	nanos=2171470	callbacks=256	result=ok
sample=1397	nanos=2175930	callbacks=256	result=ok
sample=1398	nanos=2161530	callbacks=256	result=ok
sample=1399	nanos=2163210	callbacks=256	result=ok
sample=1400	nanos=2157230	callbacks=256	result=ok
sample=1401	nanos=2161190	callbacks=256	result=ok
sample=1402	nanos=2168130	callbacks=256	result=ok
sample=1403	nanos=2178320	callbacks=256	result=ok
sample=1404	nanos=2162910	callbacks=256	result=ok
sample=1405	nanos=2158360	callbacks=256	result=ok
sample=1406	nanos=2163430	callbacks=256	result=ok
sample=1407	nanos=2157760	callbacks=256	result=ok
sample=1408	nanos=2162850	callbacks=256	result=ok
sample=1409	nanos=2181540	callbacks=256	result=ok
sample=1410	nanos=2161810	callbacks=256	result=ok
sample=1411	nanos=2159220	callbacks=256	result=ok
sample=1412	nanos=2162820	callbacks=256	result=ok
sample=1413	nanos=2159810	callbacks=256	result=ok
sample=1414	nanos=2162370	callbacks=256	result=ok
sample=1415	nanos=2184311	callbacks=256	result=ok
sample=1416	nanos=2160070	callbacks=256	result=ok
sample=1417	nanos=2159380	callbacks=256	result=ok
sample=1418	nanos=2160360	callbacks=256	result=ok
sample=1419	nanos=2159050	callbacks=256	result=ok
sample=1420	nanos=2154410	callbacks=256	result=ok
sample=1421	nanos=2171810	callbacks=256	result=ok
sample=1422	nanos=2169350	callbacks=256	result=ok
sample=1423	nanos=2159730	callbacks=256	result=ok
sample=1424	nanos=2158250	callbacks=256	result=ok
sample=1425	nanos=2159190	callbacks=256	result=ok
sample=1426	nanos=2154690	callbacks=256	result=ok
sample=1427	nanos=2158530	callbacks=256	result=ok
sample=1428	nanos=2187960	callbacks=256	result=ok
sample=1429	nanos=2155700	callbacks=256	result=ok
sample=1430	nanos=2157880	callbacks=256	result=ok
sample=1431	nanos=2159450	callbacks=256	result=ok
sample=1432	nanos=2157880	callbacks=256	result=ok
sample=1433	nanos=2155870	callbacks=256	result=ok
sample=1434	nanos=2185000	callbacks=256	result=ok
sample=1435	nanos=2153830	callbacks=256	result=ok
sample=1436	nanos=2161150	callbacks=256	result=ok
sample=1437	nanos=2156070	callbacks=256	result=ok
sample=1438	nanos=2160400	callbacks=256	result=ok
sample=1439	nanos=2155040	callbacks=256	result=ok
sample=1440	nanos=2176880	callbacks=256	result=ok
sample=1441	nanos=2171351	callbacks=256	result=ok
sample=1442	nanos=2160230	callbacks=256	result=ok
sample=1443	nanos=2164570	callbacks=256	result=ok
sample=1444	nanos=2162350	callbacks=256	result=ok
sample=1445	nanos=2163260	callbacks=256	result=ok
sample=1446	nanos=2177250	callbacks=256	result=ok
sample=1447	nanos=2175330	callbacks=256	result=ok
sample=1448	nanos=2158610	callbacks=256	result=ok
sample=1449	nanos=2161080	callbacks=256	result=ok
sample=1450	nanos=2160280	callbacks=256	result=ok
sample=1451	nanos=2157900	callbacks=256	result=ok
sample=1452	nanos=2171210	callbacks=256	result=ok
sample=1453	nanos=2169440	callbacks=256	result=ok
sample=1454	nanos=2163110	callbacks=256	result=ok
sample=1455	nanos=2157640	callbacks=256	result=ok
sample=1456	nanos=2158100	callbacks=256	result=ok
sample=1457	nanos=2153060	callbacks=256	result=ok
sample=1458	nanos=2176510	callbacks=256	result=ok
sample=1459	nanos=2156760	callbacks=256	result=ok
sample=1460	nanos=2172430	callbacks=256	result=ok
sample=1461	nanos=2154520	callbacks=256	result=ok
sample=1462	nanos=2160190	callbacks=256	result=ok
sample=1463	nanos=2155960	callbacks=256	result=ok
sample=1464	nanos=2174871	callbacks=256	result=ok
sample=1465	nanos=2162510	callbacks=256	result=ok
sample=1466	nanos=2168070	callbacks=256	result=ok
sample=1467	nanos=2157390	callbacks=256	result=ok
sample=1468	nanos=2154020	callbacks=256	result=ok
sample=1469	nanos=2160280	callbacks=256	result=ok
sample=1470	nanos=2154370	callbacks=256	result=ok
sample=1471	nanos=2178360	callbacks=256	result=ok
sample=1472	nanos=2165920	callbacks=256	result=ok
sample=1473	nanos=2158200	callbacks=256	result=ok
sample=1474	nanos=2161360	callbacks=256	result=ok
sample=1475	nanos=2160890	callbacks=256	result=ok
sample=1476	nanos=2157180	callbacks=256	result=ok
sample=1477	nanos=2176100	callbacks=256	result=ok
sample=1478	nanos=2157920	callbacks=256	result=ok
sample=1479	nanos=2166700	callbacks=256	result=ok
sample=1480	nanos=2159470	callbacks=256	result=ok
sample=1481	nanos=2158090	callbacks=256	result=ok
sample=1482	nanos=2162500	callbacks=256	result=ok
sample=1483	nanos=2169240	callbacks=256	result=ok
sample=1484	nanos=2161250	callbacks=256	result=ok
sample=1485	nanos=2168750	callbacks=256	result=ok
sample=1486	nanos=2159790	callbacks=256	result=ok
sample=1487	nanos=2156360	callbacks=256	result=ok
sample=1488	nanos=2158830	callbacks=256	result=ok
sample=1489	nanos=2173851	callbacks=256	result=ok
sample=1490	nanos=2158570	callbacks=256	result=ok
sample=1491	nanos=2160280	callbacks=256	result=ok
sample=1492	nanos=2165990	callbacks=256	result=ok
sample=1493	nanos=2157490	callbacks=256	result=ok
sample=1494	nanos=2152570	callbacks=256	result=ok
sample=1495	nanos=2187310	callbacks=256	result=ok
sample=1496	nanos=2155030	callbacks=256	result=ok
sample=1497	nanos=2160660	callbacks=256	result=ok
sample=1498	nanos=2169180	callbacks=256	result=ok
sample=1499	nanos=2162410	callbacks=256	result=ok
sample=1500	nanos=2155800	callbacks=256	result=ok
sample=1501	nanos=2170290	callbacks=256	result=ok
sample=1502	nanos=2162380	callbacks=256	result=ok
sample=1503	nanos=2155090	callbacks=256	result=ok
sample=1504	nanos=2169570	callbacks=256	result=ok
sample=1505	nanos=2157890	callbacks=256	result=ok
sample=1506	nanos=2159160	callbacks=256	result=ok
sample=1507	nanos=2153670	callbacks=256	result=ok
sample=1508	nanos=2171590	callbacks=256	result=ok
sample=1509	nanos=2156710	callbacks=256	result=ok
sample=1510	nanos=2160510	callbacks=256	result=ok
sample=1511	nanos=2165840	callbacks=256	result=ok
sample=1512	nanos=2157990	callbacks=256	result=ok
sample=1513	nanos=2153450	callbacks=256	result=ok
sample=1514	nanos=2172420	callbacks=256	result=ok
sample=1515	nanos=2160900	callbacks=256	result=ok
sample=1516	nanos=2158331	callbacks=256	result=ok
sample=1517	nanos=2169170	callbacks=256	result=ok
sample=1518	nanos=2158000	callbacks=256	result=ok
sample=1519	nanos=2159780	callbacks=256	result=ok
sample=1520	nanos=2171740	callbacks=256	result=ok
sample=1521	nanos=2161460	callbacks=256	result=ok
sample=1522	nanos=2153800	callbacks=256	result=ok
sample=1523	nanos=2159880	callbacks=256	result=ok
sample=1524	nanos=2165690	callbacks=256	result=ok
sample=1525	nanos=2163310	callbacks=256	result=ok
sample=1526	nanos=2171820	callbacks=256	result=ok
sample=1527	nanos=2156010	callbacks=256	result=ok
sample=1528	nanos=2158670	callbacks=256	result=ok
sample=1529	nanos=2153460	callbacks=256	result=ok
sample=1530	nanos=2175880	callbacks=256	result=ok
sample=1531	nanos=2154540	callbacks=256	result=ok
sample=1532	nanos=2174290	callbacks=256	result=ok
sample=1533	nanos=2155910	callbacks=256	result=ok
sample=1534	nanos=2161030	callbacks=256	result=ok
sample=1535	nanos=2157180	callbacks=256	result=ok
sample=1536	nanos=2172940	callbacks=256	result=ok
sample=1537	nanos=2163630	callbacks=256	result=ok
sample=1538	nanos=2174500	callbacks=256	result=ok
sample=1539	nanos=2161000	callbacks=256	result=ok
sample=1540	nanos=2156340	callbacks=256	result=ok
sample=1541	nanos=2163901	callbacks=256	result=ok
sample=1542	nanos=2157630	callbacks=256	result=ok
sample=1543	nanos=2176980	callbacks=256	result=ok
sample=1544	nanos=2172760	callbacks=256	result=ok
sample=1545	nanos=2158440	callbacks=256	result=ok
sample=1546	nanos=2158420	callbacks=256	result=ok
sample=1547	nanos=2162540	callbacks=256	result=ok
sample=1548	nanos=2155630	callbacks=256	result=ok
sample=1549	nanos=2172770	callbacks=256	result=ok
sample=1550	nanos=2169060	callbacks=256	result=ok
sample=1551	nanos=2157650	callbacks=256	result=ok
sample=1552	nanos=2157610	callbacks=256	result=ok
sample=1553	nanos=2154910	callbacks=256	result=ok
sample=1554	nanos=2157540	callbacks=256	result=ok
sample=1555	nanos=2154600	callbacks=256	result=ok
sample=1556	nanos=2170940	callbacks=256	result=ok
sample=1557	nanos=2171890	callbacks=256	result=ok
sample=1558	nanos=2164360	callbacks=256	result=ok
sample=1559	nanos=2154820	callbacks=256	result=ok
sample=1560	nanos=2158170	callbacks=256	result=ok
sample=1561	nanos=2156940	callbacks=256	result=ok
sample=1562	nanos=2172140	callbacks=256	result=ok
sample=1563	nanos=2174010	callbacks=256	result=ok
sample=1564	nanos=2157530	callbacks=256	result=ok
sample=1565	nanos=2156950	callbacks=256	result=ok
sample=1566	nanos=2155480	callbacks=256	result=ok
sample=1567	nanos=2158920	callbacks=256	result=ok
sample=1568	nanos=2165361	callbacks=256	result=ok
sample=1569	nanos=2171720	callbacks=256	result=ok
sample=1570	nanos=2157260	callbacks=256	result=ok
sample=1571	nanos=2158690	callbacks=256	result=ok
sample=1572	nanos=2159090	callbacks=256	result=ok
sample=1573	nanos=2160660	callbacks=256	result=ok
sample=1574	nanos=2156050	callbacks=256	result=ok
sample=1575	nanos=2187050	callbacks=256	result=ok
sample=1576	nanos=2168020	callbacks=256	result=ok
sample=1577	nanos=2163010	callbacks=256	result=ok
sample=1578	nanos=2166540	callbacks=256	result=ok
sample=1579	nanos=2163110	callbacks=256	result=ok
sample=1580	nanos=2191390	callbacks=256	result=ok
sample=1581	nanos=2186120	callbacks=256	result=ok
sample=1582	nanos=2163470	callbacks=256	result=ok
sample=1583	nanos=2161820	callbacks=256	result=ok
sample=1584	nanos=2165160	callbacks=256	result=ok
sample=1585	nanos=2158511	callbacks=256	result=ok
sample=1586	nanos=2166880	callbacks=256	result=ok
sample=1587	nanos=2187460	callbacks=256	result=ok
sample=1588	nanos=2155580	callbacks=256	result=ok
sample=1589	nanos=2158290	callbacks=256	result=ok
sample=1590	nanos=2160070	callbacks=256	result=ok
sample=1591	nanos=2163530	callbacks=256	result=ok
sample=1592	nanos=2160440	callbacks=256	result=ok
sample=1593	nanos=2189210	callbacks=256	result=ok
sample=1594	nanos=2160180	callbacks=256	result=ok
sample=1595	nanos=2163660	callbacks=256	result=ok
sample=1596	nanos=2163540	callbacks=256	result=ok
sample=1597	nanos=2162540	callbacks=256	result=ok
sample=1598	nanos=2161250	callbacks=256	result=ok
sample=1599	nanos=2179200	callbacks=256	result=ok
sample=1600	nanos=2177290	callbacks=256	result=ok
sample=1601	nanos=2158720	callbacks=256	result=ok
sample=1602	nanos=2165110	callbacks=256	result=ok
sample=1603	nanos=2159910	callbacks=256	result=ok
sample=1604	nanos=2161391	callbacks=256	result=ok
sample=1605	nanos=2171380	callbacks=256	result=ok
sample=1606	nanos=2172250	callbacks=256	result=ok
sample=1607	nanos=2157970	callbacks=256	result=ok
sample=1608	nanos=2160530	callbacks=256	result=ok
sample=1609	nanos=2160080	callbacks=256	result=ok
sample=1610	nanos=2164680	callbacks=256	result=ok
sample=1611	nanos=2179250	callbacks=256	result=ok
sample=1612	nanos=2170290	callbacks=256	result=ok
sample=1613	nanos=2161460	callbacks=256	result=ok
sample=1614	nanos=2161070	callbacks=256	result=ok
sample=1615	nanos=2160810	callbacks=256	result=ok
sample=1616	nanos=2157860	callbacks=256	result=ok
sample=1617	nanos=2173050	callbacks=256	result=ok
sample=1618	nanos=2159930	callbacks=256	result=ok
sample=1619	nanos=2172520	callbacks=256	result=ok
sample=1620	nanos=2157090	callbacks=256	result=ok
sample=1621	nanos=2163160	callbacks=256	result=ok
sample=1622	nanos=2158140	callbacks=256	result=ok
sample=1623	nanos=2175031	callbacks=256	result=ok
sample=1624	nanos=2161679	callbacks=256	result=ok
sample=1625	nanos=2168711	callbacks=256	result=ok
sample=1626	nanos=2161780	callbacks=256	result=ok
sample=1627	nanos=2156360	callbacks=256	result=ok
sample=1628	nanos=2161400	callbacks=256	result=ok
sample=1629	nanos=2171720	callbacks=256	result=ok
sample=1630	nanos=2163980	callbacks=256	result=ok
sample=1631	nanos=2169560	callbacks=256	result=ok
sample=1632	nanos=2167410	callbacks=256	result=ok
sample=1633	nanos=2157760	callbacks=256	result=ok
sample=1634	nanos=2158490	callbacks=256	result=ok
sample=1635	nanos=2174640	callbacks=256	result=ok
sample=1636	nanos=2161440	callbacks=256	result=ok
sample=1637	nanos=2162600	callbacks=256	result=ok
sample=1638	nanos=2166440	callbacks=256	result=ok
sample=1639	nanos=2167010	callbacks=256	result=ok
sample=1640	nanos=2157470	callbacks=256	result=ok
sample=1641	nanos=2181160	callbacks=256	result=ok
sample=1642	nanos=2159070	callbacks=256	result=ok
sample=1643	nanos=2170180	callbacks=256	result=ok
sample=1644	nanos=2168161	callbacks=256	result=ok
sample=1645	nanos=2161560	callbacks=256	result=ok
sample=1646	nanos=2156570	callbacks=256	result=ok
sample=1647	nanos=2161210	callbacks=256	result=ok
sample=1648	nanos=2177130	callbacks=256	result=ok
sample=1649	nanos=2159740	callbacks=256	result=ok
sample=1650	nanos=2176900	callbacks=256	result=ok
sample=1651	nanos=2158140	callbacks=256	result=ok
sample=1652	nanos=2166730	callbacks=256	result=ok
sample=1653	nanos=2157500	callbacks=256	result=ok
sample=1654	nanos=2177750	callbacks=256	result=ok
sample=1655	nanos=2161670	callbacks=256	result=ok
sample=1656	nanos=2178430	callbacks=256	result=ok
sample=1657	nanos=2160360	callbacks=256	result=ok
sample=1658	nanos=2166450	callbacks=256	result=ok
sample=1659	nanos=2182040	callbacks=256	result=ok
sample=1660	nanos=2163390	callbacks=256	result=ok
sample=1661	nanos=2159740	callbacks=256	result=ok
sample=1662	nanos=2158390	callbacks=256	result=ok
sample=1663	nanos=2169681	callbacks=256	result=ok
sample=1664	nanos=2154600	callbacks=256	result=ok
sample=1665	nanos=2159100	callbacks=256	result=ok
sample=1666	nanos=2172210	callbacks=256	result=ok
sample=1667	nanos=2160520	callbacks=256	result=ok
sample=1668	nanos=2158780	callbacks=256	result=ok
sample=1669	nanos=2171280	callbacks=256	result=ok
sample=1670	nanos=2161690	callbacks=256	result=ok
sample=1671	nanos=2160970	callbacks=256	result=ok
sample=1672	nanos=2240210	callbacks=256	result=ok
sample=1673	nanos=2158840	callbacks=256	result=ok
sample=1674	nanos=2160950	callbacks=256	result=ok
sample=1675	nanos=2167370	callbacks=256	result=ok
sample=1676	nanos=2161660	callbacks=256	result=ok
sample=1677	nanos=2184401	callbacks=256	result=ok
sample=1678	nanos=2163170	callbacks=256	result=ok
sample=1679	nanos=2158420	callbacks=256	result=ok
sample=1680	nanos=2158300	callbacks=256	result=ok
sample=1681	nanos=2168950	callbacks=256	result=ok
sample=1682	nanos=2159240	callbacks=256	result=ok
sample=1683	nanos=2171820	callbacks=256	result=ok
sample=1684	nanos=2159380	callbacks=256	result=ok
sample=1685	nanos=2159760	callbacks=256	result=ok
sample=1686	nanos=2156900	callbacks=256	result=ok
sample=1687	nanos=2164210	callbacks=256	result=ok
sample=1688	nanos=2169000	callbacks=256	result=ok
sample=1689	nanos=2159700	callbacks=256	result=ok
sample=1690	nanos=2171530	callbacks=256	result=ok
sample=1691	nanos=2162220	callbacks=256	result=ok
sample=1692	nanos=2158650	callbacks=256	result=ok
sample=1693	nanos=2160640	callbacks=256	result=ok
sample=1694	nanos=2169260	callbacks=256	result=ok
sample=1695	nanos=2157630	callbacks=256	result=ok
sample=1696	nanos=2169770	callbacks=256	result=ok
sample=1697	nanos=2153660	callbacks=256	result=ok
sample=1698	nanos=2157800	callbacks=256	result=ok
sample=1699	nanos=2159280	callbacks=256	result=ok
sample=1700	nanos=2167640	callbacks=256	result=ok
sample=1701	nanos=2154720	callbacks=256	result=ok
sample=1702	nanos=2174810	callbacks=256	result=ok
sample=1703	nanos=2156291	callbacks=256	result=ok
sample=1704	nanos=2158440	callbacks=256	result=ok
sample=1705	nanos=2153460	callbacks=256	result=ok
sample=1706	nanos=2158420	callbacks=256	result=ok
sample=1707	nanos=2165000	callbacks=256	result=ok
sample=1708	nanos=2172990	callbacks=256	result=ok
sample=1709	nanos=2161000	callbacks=256	result=ok
sample=1710	nanos=2158000	callbacks=256	result=ok
sample=1711	nanos=2157370	callbacks=256	result=ok
sample=1712	nanos=2156610	callbacks=256	result=ok
sample=1713	nanos=2168400	callbacks=256	result=ok
sample=1714	nanos=2170670	callbacks=256	result=ok
sample=1715	nanos=2158300	callbacks=256	result=ok
sample=1716	nanos=2156020	callbacks=256	result=ok
sample=1717	nanos=2162840	callbacks=256	result=ok
sample=1718	nanos=2154050	callbacks=256	result=ok
sample=1719	nanos=2157210	callbacks=256	result=ok
sample=1720	nanos=2179280	callbacks=256	result=ok
sample=1721	nanos=2157240	callbacks=256	result=ok
sample=1722	nanos=2161120	callbacks=256	result=ok
sample=1723	nanos=2160140	callbacks=256	result=ok
sample=1724	nanos=2164920	callbacks=256	result=ok
sample=1725	nanos=2163080	callbacks=256	result=ok
sample=1726	nanos=2195110	callbacks=256	result=ok
sample=1727	nanos=2159500	callbacks=256	result=ok
sample=1728	nanos=2164890	callbacks=256	result=ok
sample=1729	nanos=2156181	callbacks=256	result=ok
sample=1730	nanos=2168780	callbacks=256	result=ok
sample=1731	nanos=2158160	callbacks=256	result=ok
sample=1732	nanos=2189800	callbacks=256	result=ok
sample=1733	nanos=2161500	callbacks=256	result=ok
sample=1734	nanos=2155830	callbacks=256	result=ok
sample=1735	nanos=2161790	callbacks=256	result=ok
sample=1736	nanos=2160240	callbacks=256	result=ok
sample=1737	nanos=2161240	callbacks=256	result=ok
sample=1738	nanos=2156860	callbacks=256	result=ok
sample=1739	nanos=2185030	callbacks=256	result=ok
sample=1740	nanos=2156110	callbacks=256	result=ok
sample=1741	nanos=2163070	callbacks=256	result=ok
sample=1742	nanos=2154560	callbacks=256	result=ok
sample=1743	nanos=2156660	callbacks=256	result=ok
sample=1744	nanos=2159060	callbacks=256	result=ok
sample=1745	nanos=2189320	callbacks=256	result=ok
sample=1746	nanos=2164410	callbacks=256	result=ok
sample=1747	nanos=2156470	callbacks=256	result=ok
sample=1748	nanos=2164890	callbacks=256	result=ok
sample=1749	nanos=2157940	callbacks=256	result=ok
sample=1750	nanos=2159270	callbacks=256	result=ok
sample=1751	nanos=2182441	callbacks=256	result=ok
sample=1752	nanos=2158260	callbacks=256	result=ok
sample=1753	nanos=2156640	callbacks=256	result=ok
sample=1754	nanos=2162240	callbacks=256	result=ok
sample=1755	nanos=2161870	callbacks=256	result=ok
sample=1756	nanos=2162080	callbacks=256	result=ok
sample=1757	nanos=2176580	callbacks=256	result=ok
sample=1758	nanos=2167970	callbacks=256	result=ok
sample=1759	nanos=2161820	callbacks=256	result=ok
sample=1760	nanos=2155800	callbacks=256	result=ok
sample=1761	nanos=2157340	callbacks=256	result=ok
sample=1762	nanos=2157360	callbacks=256	result=ok
sample=1763	nanos=2174060	callbacks=256	result=ok
sample=1764	nanos=2169020	callbacks=256	result=ok
sample=1765	nanos=2160680	callbacks=256	result=ok
sample=1766	nanos=2156050	callbacks=256	result=ok
sample=1767	nanos=2159060	callbacks=256	result=ok
sample=1768	nanos=2152660	callbacks=256	result=ok
sample=1769	nanos=2175170	callbacks=256	result=ok
sample=1770	nanos=2163310	callbacks=256	result=ok
sample=1771	nanos=2167760	callbacks=256	result=ok
sample=1772	nanos=2161580	callbacks=256	result=ok
sample=1773	nanos=2156180	callbacks=256	result=ok
sample=1774	nanos=2160130	callbacks=256	result=ok
sample=1775	nanos=2173400	callbacks=256	result=ok
sample=1776	nanos=2158201	callbacks=256	result=ok
sample=1777	nanos=2166860	callbacks=256	result=ok
sample=1778	nanos=2155830	callbacks=256	result=ok
sample=1779	nanos=2156290	callbacks=256	result=ok
sample=1780	nanos=2161810	callbacks=256	result=ok
sample=1781	nanos=2160270	callbacks=256	result=ok
sample=1782	nanos=2174700	callbacks=256	result=ok
sample=1783	nanos=2178380	callbacks=256	result=ok
sample=1784	nanos=2158670	callbacks=256	result=ok
sample=1785	nanos=2163210	callbacks=256	result=ok
sample=1786	nanos=2156170	callbacks=256	result=ok
sample=1787	nanos=2162390	callbacks=256	result=ok
sample=1788	nanos=2173330	callbacks=256	result=ok
sample=1789	nanos=2162910	callbacks=256	result=ok
sample=1790	nanos=2171950	callbacks=256	result=ok
sample=1791	nanos=2165180	callbacks=256	result=ok
sample=1792	nanos=2156110	callbacks=256	result=ok
sample=1793	nanos=2161060	callbacks=256	result=ok
sample=1794	nanos=2179560	callbacks=256	result=ok
sample=1795	nanos=2157340	callbacks=256	result=ok
sample=1796	nanos=2172001	callbacks=256	result=ok
sample=1797	nanos=2163630	callbacks=256	result=ok
sample=1798	nanos=2160920	callbacks=256	result=ok
sample=1799	nanos=2155830	callbacks=256	result=ok
sample=1800	nanos=2174850	callbacks=256	result=ok
sample=1801	nanos=2158400	callbacks=256	result=ok
sample=1802	nanos=2169330	callbacks=256	result=ok
sample=1803	nanos=2159810	callbacks=256	result=ok
sample=1804	nanos=2161650	callbacks=256	result=ok
sample=1805	nanos=2157000	callbacks=256	result=ok
sample=1806	nanos=2173120	callbacks=256	result=ok
sample=1807	nanos=2160250	callbacks=256	result=ok
sample=1808	nanos=2156880	callbacks=256	result=ok
sample=1809	nanos=2171170	callbacks=256	result=ok
sample=1810	nanos=2157130	callbacks=256	result=ok
sample=1811	nanos=2166910	callbacks=256	result=ok
sample=1812	nanos=2170420	callbacks=256	result=ok
sample=1813	nanos=2161310	callbacks=256	result=ok
sample=1814	nanos=2161770	callbacks=256	result=ok
sample=1815	nanos=2172210	callbacks=256	result=ok
sample=1816	nanos=2162920	callbacks=256	result=ok
sample=1817	nanos=2166000	callbacks=256	result=ok
sample=1818	nanos=2177391	callbacks=256	result=ok
sample=1819	nanos=2157920	callbacks=256	result=ok
sample=1820	nanos=2159830	callbacks=256	result=ok
sample=1821	nanos=2167980	callbacks=256	result=ok
sample=1822	nanos=2162640	callbacks=256	result=ok
sample=1823	nanos=2155840	callbacks=256	result=ok
sample=1824	nanos=2172980	callbacks=256	result=ok
sample=1825	nanos=2154710	callbacks=256	result=ok
sample=1826	nanos=2164200	callbacks=256	result=ok
sample=1827	nanos=2156570	callbacks=256	result=ok
sample=1828	nanos=2177020	callbacks=256	result=ok
sample=1829	nanos=2156140	callbacks=256	result=ok
sample=1830	nanos=2171360	callbacks=256	result=ok
sample=1831	nanos=2162110	callbacks=256	result=ok
sample=1832	nanos=2157060	callbacks=256	result=ok
sample=1833	nanos=2161660	callbacks=256	result=ok
sample=1834	nanos=2166480	callbacks=256	result=ok
sample=1835	nanos=2159370	callbacks=256	result=ok
sample=1836	nanos=2169850	callbacks=256	result=ok
sample=1837	nanos=2163170	callbacks=256	result=ok
sample=1838	nanos=2156810	callbacks=256	result=ok
sample=1839	nanos=2168560	callbacks=256	result=ok
sample=1840	nanos=2166850	callbacks=256	result=ok
sample=1841	nanos=2162421	callbacks=256	result=ok
sample=1842	nanos=2170490	callbacks=256	result=ok
sample=1843	nanos=2159420	callbacks=256	result=ok
sample=1844	nanos=2161900	callbacks=256	result=ok
sample=1845	nanos=2155650	callbacks=256	result=ok
sample=1846	nanos=2159810	callbacks=256	result=ok
sample=1847	nanos=2169840	callbacks=256	result=ok
sample=1848	nanos=2161160	callbacks=256	result=ok
sample=1849	nanos=2172460	callbacks=256	result=ok
sample=1850	nanos=2161160	callbacks=256	result=ok
sample=1851	nanos=2156400	callbacks=256	result=ok
sample=1852	nanos=2157320	callbacks=256	result=ok
sample=1853	nanos=2163240	callbacks=256	result=ok
sample=1854	nanos=2156610	callbacks=256	result=ok
sample=1855	nanos=2173880	callbacks=256	result=ok
sample=1856	nanos=2154760	callbacks=256	result=ok
sample=1857	nanos=2163230	callbacks=256	result=ok
sample=1858	nanos=2157090	callbacks=256	result=ok
sample=1859	nanos=2157150	callbacks=256	result=ok
sample=1860	nanos=2165660	callbacks=256	result=ok
sample=1861	nanos=2173670	callbacks=256	result=ok
sample=1862	nanos=2158050	callbacks=256	result=ok
sample=1863	nanos=2160450	callbacks=256	result=ok
sample=1864	nanos=2160130	callbacks=256	result=ok
sample=1865	nanos=2160090	callbacks=256	result=ok
sample=1866	nanos=2178960	callbacks=256	result=ok
sample=1867	nanos=2180841	callbacks=256	result=ok
sample=1868	nanos=2158500	callbacks=256	result=ok
sample=1869	nanos=2154390	callbacks=256	result=ok
sample=1870	nanos=2162000	callbacks=256	result=ok
sample=1871	nanos=2157540	callbacks=256	result=ok
sample=1872	nanos=2170840	callbacks=256	result=ok
sample=1873	nanos=2171740	callbacks=256	result=ok
sample=1874	nanos=2156890	callbacks=256	result=ok
sample=1875	nanos=2154310	callbacks=256	result=ok
sample=1876	nanos=2165680	callbacks=256	result=ok
sample=1877	nanos=2159190	callbacks=256	result=ok
sample=1878	nanos=2164000	callbacks=256	result=ok
sample=1879	nanos=2188450	callbacks=256	result=ok
sample=1880	nanos=2155630	callbacks=256	result=ok
sample=1881	nanos=2159190	callbacks=256	result=ok
sample=1882	nanos=2155460	callbacks=256	result=ok
sample=1883	nanos=2157990	callbacks=256	result=ok
sample=1884	nanos=2157710	callbacks=256	result=ok
sample=1885	nanos=2182390	callbacks=256	result=ok
sample=1886	nanos=2155830	callbacks=256	result=ok
sample=1887	nanos=2159500	callbacks=256	result=ok
sample=1888	nanos=2154420	callbacks=256	result=ok
sample=1889	nanos=2159900	callbacks=256	result=ok
sample=1890	nanos=2160690	callbacks=256	result=ok
sample=1891	nanos=2157390	callbacks=256	result=ok
sample=1892	nanos=2185291	callbacks=256	result=ok
sample=1893	nanos=2157500	callbacks=256	result=ok
sample=1894	nanos=2160030	callbacks=256	result=ok
sample=1895	nanos=2159060	callbacks=256	result=ok
sample=1896	nanos=2157850	callbacks=256	result=ok
sample=1897	nanos=2156260	callbacks=256	result=ok
sample=1898	nanos=2189880	callbacks=256	result=ok
sample=1899	nanos=2157810	callbacks=256	result=ok
sample=1900	nanos=2165100	callbacks=256	result=ok
sample=1901	nanos=2155500	callbacks=256	result=ok
sample=1902	nanos=2158640	callbacks=256	result=ok
sample=1903	nanos=2161880	callbacks=256	result=ok
sample=1904	nanos=2191710	callbacks=256	result=ok
sample=1905	nanos=2165280	callbacks=256	result=ok
sample=1906	nanos=2161110	callbacks=256	result=ok
sample=1907	nanos=2164240	callbacks=256	result=ok
sample=1908	nanos=2160700	callbacks=256	result=ok
sample=1909	nanos=2163410	callbacks=256	result=ok
sample=1910	nanos=2176110	callbacks=256	result=ok
sample=1911	nanos=2177840	callbacks=256	result=ok
sample=1912	nanos=2157860	callbacks=256	result=ok
sample=1913	nanos=2165861	callbacks=256	result=ok
sample=1914	nanos=2156720	callbacks=256	result=ok
sample=1915	nanos=2159530	callbacks=256	result=ok
sample=1916	nanos=2175030	callbacks=256	result=ok
sample=1917	nanos=2171130	callbacks=256	result=ok
sample=1918	nanos=2161970	callbacks=256	result=ok
sample=1919	nanos=2156080	callbacks=256	result=ok
sample=1920	nanos=2158930	callbacks=256	result=ok
sample=1921	nanos=2156100	callbacks=256	result=ok
sample=1922	nanos=2177730	callbacks=256	result=ok
sample=1923	nanos=2179800	callbacks=256	result=ok
sample=1924	nanos=2166870	callbacks=256	result=ok
sample=1925	nanos=2160310	callbacks=256	result=ok
sample=1926	nanos=2161430	callbacks=256	result=ok
sample=1927	nanos=2157610	callbacks=256	result=ok
sample=1928	nanos=2178950	callbacks=256	result=ok
sample=1929	nanos=2171580	callbacks=256	result=ok
sample=1930	nanos=2162690	callbacks=256	result=ok
sample=1931	nanos=2164790	callbacks=256	result=ok
sample=1932	nanos=2160591	callbacks=256	result=ok
sample=1933	nanos=2169390	callbacks=256	result=ok
sample=1934	nanos=2171300	callbacks=256	result=ok
sample=1935	nanos=2162340	callbacks=256	result=ok
sample=1936	nanos=2168310	callbacks=256	result=ok
sample=1937	nanos=2160940	callbacks=256	result=ok
sample=1938	nanos=2157690	callbacks=256	result=ok
sample=1939	nanos=2158720	callbacks=256	result=ok
sample=1940	nanos=2176180	callbacks=256	result=ok
sample=1941	nanos=2157100	callbacks=256	result=ok
sample=1942	nanos=2171050	callbacks=256	result=ok
sample=1943	nanos=2156210	callbacks=256	result=ok
sample=1944	nanos=2158940	callbacks=256	result=ok
sample=1945	nanos=2156930	callbacks=256	result=ok
sample=1946	nanos=2173800	callbacks=256	result=ok
sample=1947	nanos=2156620	callbacks=256	result=ok
sample=1948	nanos=2169720	callbacks=256	result=ok
sample=1949	nanos=2156860	callbacks=256	result=ok
sample=1950	nanos=2161480	callbacks=256	result=ok
sample=1951	nanos=2158500	callbacks=256	result=ok
sample=1952	nanos=2174320	callbacks=256	result=ok
sample=1953	nanos=2160200	callbacks=256	result=ok
sample=1954	nanos=2157000	callbacks=256	result=ok
sample=1955	nanos=2169851	callbacks=256	result=ok
sample=1956	nanos=2155409	callbacks=256	result=ok
sample=1957	nanos=2159071	callbacks=256	result=ok
sample=1958	nanos=2175260	callbacks=256	result=ok
sample=1959	nanos=2159450	callbacks=256	result=ok
sample=1960	nanos=2152850	callbacks=256	result=ok
sample=1961	nanos=2171390	callbacks=256	result=ok
sample=1962	nanos=2157800	callbacks=256	result=ok
sample=1963	nanos=2162350	callbacks=256	result=ok
sample=1964	nanos=2155000	callbacks=256	result=ok
sample=1965	nanos=2173730	callbacks=256	result=ok
sample=1966	nanos=2158880	callbacks=256	result=ok
sample=1967	nanos=2156140	callbacks=256	result=ok
sample=1968	nanos=2193700	callbacks=256	result=ok
sample=1969	nanos=2159880	callbacks=256	result=ok
sample=1970	nanos=2181250	callbacks=256	result=ok
sample=1971	nanos=2160170	callbacks=256	result=ok
sample=1972	nanos=2164950	callbacks=256	result=ok
sample=1973	nanos=2161000	callbacks=256	result=ok
sample=1974	nanos=2171040	callbacks=256	result=ok
sample=1975	nanos=2160040	callbacks=256	result=ok
sample=1976	nanos=2157961	callbacks=256	result=ok
sample=1977	nanos=2172070	callbacks=256	result=ok
sample=1978	nanos=2157610	callbacks=256	result=ok
sample=1979	nanos=2165650	callbacks=256	result=ok
sample=1980	nanos=2168210	callbacks=256	result=ok
sample=1981	nanos=2158470	callbacks=256	result=ok
sample=1982	nanos=2156360	callbacks=256	result=ok
sample=1983	nanos=2291120	callbacks=256	result=ok
sample=1984	nanos=2159990	callbacks=256	result=ok
sample=1985	nanos=2159280	callbacks=256	result=ok
sample=1986	nanos=2167480	callbacks=256	result=ok
sample=1987	nanos=2157470	callbacks=256	result=ok
sample=1988	nanos=2182301	callbacks=256	result=ok
sample=1989	nanos=2160880	callbacks=256	result=ok
sample=1990	nanos=2159570	callbacks=256	result=ok
sample=1991	nanos=2155830	callbacks=256	result=ok
sample=1992	nanos=2171430	callbacks=256	result=ok
sample=1993	nanos=2156480	callbacks=256	result=ok
sample=1994	nanos=2172270	callbacks=256	result=ok
sample=1995	nanos=2156350	callbacks=256	result=ok
sample=1996	nanos=2163010	callbacks=256	result=ok
sample=1997	nanos=2159930	callbacks=256	result=ok
sample=1998	nanos=2161770	callbacks=256	result=ok
sample=1999	nanos=2167040	callbacks=256	result=ok
sample=2000	nanos=2173040	callbacks=256	result=ok
sample=2001	nanos=2159860	callbacks=256	result=ok
sample=2002	nanos=2155670	callbacks=256	result=ok
sample=2003	nanos=2162280	callbacks=256	result=ok
sample=2004	nanos=2156080	callbacks=256	result=ok
sample=2005	nanos=2168830	callbacks=256	result=ok
sample=2006	nanos=2166580	callbacks=256	result=ok
sample=2007	nanos=2164900	callbacks=256	result=ok
sample=2008	nanos=2155880	callbacks=256	result=ok
sample=2009	nanos=2159090	callbacks=256	result=ok
sample=2010	nanos=2156520	callbacks=256	result=ok
sample=2011	nanos=2169461	callbacks=256	result=ok
sample=2012	nanos=2156159	callbacks=256	result=ok
sample=2013	nanos=2173991	callbacks=256	result=ok
sample=2014	nanos=2159340	callbacks=256	result=ok
sample=2015	nanos=2159470	callbacks=256	result=ok
sample=2016	nanos=2166540	callbacks=256	result=ok
sample=2017	nanos=2159710	callbacks=256	result=ok
sample=2018	nanos=2173590	callbacks=256	result=ok
sample=2019	nanos=2173700	callbacks=256	result=ok
sample=2020	nanos=2165800	callbacks=256	result=ok
sample=2021	nanos=2154570	callbacks=256	result=ok
sample=2022	nanos=2157400	callbacks=256	result=ok
sample=2023	nanos=2154310	callbacks=256	result=ok
sample=2024	nanos=2175750	callbacks=256	result=ok
sample=2025	nanos=2175280	callbacks=256	result=ok
sample=2026	nanos=2156330	callbacks=256	result=ok
sample=2027	nanos=2173030	callbacks=256	result=ok
sample=2028	nanos=2155140	callbacks=256	result=ok
sample=2029	nanos=2157260	callbacks=256	result=ok
sample=2030	nanos=2166720	callbacks=256	result=ok
sample=2031	nanos=2175230	callbacks=256	result=ok
sample=2032	nanos=2154760	callbacks=256	result=ok
sample=2033	nanos=2157930	callbacks=256	result=ok
sample=2034	nanos=2161120	callbacks=256	result=ok
sample=2035	nanos=2159391	callbacks=256	result=ok
sample=2036	nanos=2161670	callbacks=256	result=ok
sample=2037	nanos=2186800	callbacks=256	result=ok
sample=2038	nanos=2166230	callbacks=256	result=ok
sample=2039	nanos=2156400	callbacks=256	result=ok
sample=2040	nanos=2159780	callbacks=256	result=ok
sample=2041	nanos=2156310	callbacks=256	result=ok
sample=2042	nanos=2159290	callbacks=256	result=ok
sample=2043	nanos=2178780	callbacks=256	result=ok
sample=2044	nanos=2161530	callbacks=256	result=ok
sample=2045	nanos=2159820	callbacks=256	result=ok
sample=2046	nanos=2162630	callbacks=256	result=ok
sample=2047	nanos=2160150	callbacks=256	result=ok
sample=2048	nanos=2160040	callbacks=256	result=ok
sample=2049	nanos=2220930	callbacks=256	result=ok
sample=2050	nanos=2153730	callbacks=256	result=ok
sample=2051	nanos=2158750	callbacks=256	result=ok
sample=2052	nanos=2153200	callbacks=256	result=ok
sample=2053	nanos=2169980	callbacks=256	result=ok
sample=2054	nanos=2159381	callbacks=256	result=ok
sample=2055	nanos=2180880	callbacks=256	result=ok
sample=2056	nanos=2169780	callbacks=256	result=ok
sample=2057	nanos=2161740	callbacks=256	result=ok
sample=2058	nanos=2157980	callbacks=256	result=ok
sample=2059	nanos=2161990	callbacks=256	result=ok
sample=2060	nanos=2163360	callbacks=256	result=ok
sample=2061	nanos=2182780	callbacks=256	result=ok
sample=2062	nanos=2175600	callbacks=256	result=ok
sample=2063	nanos=2171870	callbacks=256	result=ok
sample=2064	nanos=2165740	callbacks=256	result=ok
sample=2065	nanos=2155230	callbacks=256	result=ok
sample=2066	nanos=2163250	callbacks=256	result=ok
sample=2067	nanos=2174690	callbacks=256	result=ok
sample=2068	nanos=2178760	callbacks=256	result=ok
sample=2069	nanos=2160671	callbacks=256	result=ok
sample=2070	nanos=2160800	callbacks=256	result=ok
sample=2071	nanos=2154139	callbacks=256	result=ok
sample=2072	nanos=2154791	callbacks=256	result=ok
sample=2073	nanos=2168660	callbacks=256	result=ok
sample=2074	nanos=2171030	callbacks=256	result=ok
sample=2075	nanos=2163010	callbacks=256	result=ok
sample=2076	nanos=2162100	callbacks=256	result=ok
sample=2077	nanos=2169290	callbacks=256	result=ok
sample=2078	nanos=2154180	callbacks=256	result=ok
sample=2079	nanos=2169420	callbacks=256	result=ok
sample=2080	nanos=2149680	callbacks=256	result=ok
sample=2081	nanos=2163610	callbacks=256	result=ok
sample=2082	nanos=2159640	callbacks=256	result=ok
sample=2083	nanos=2164730	callbacks=256	result=ok
sample=2084	nanos=2159240	callbacks=256	result=ok
sample=2085	nanos=2182660	callbacks=256	result=ok
sample=2086	nanos=2157060	callbacks=256	result=ok
sample=2087	nanos=2164590	callbacks=256	result=ok
sample=2088	nanos=2153680	callbacks=256	result=ok
sample=2089	nanos=2152790	callbacks=256	result=ok
sample=2090	nanos=2165290	callbacks=256	result=ok
sample=2091	nanos=2164310	callbacks=256	result=ok
sample=2092	nanos=2189660	callbacks=256	result=ok
sample=2093	nanos=2172470	callbacks=256	result=ok
sample=2094	nanos=2159361	callbacks=256	result=ok
sample=2095	nanos=2153760	callbacks=256	result=ok
sample=2096	nanos=2153200	callbacks=256	result=ok
sample=2097	nanos=2148109	callbacks=256	result=ok
sample=2098	nanos=2177191	callbacks=256	result=ok
sample=2099	nanos=2165010	callbacks=256	result=ok
sample=2100	nanos=2169320	callbacks=256	result=ok
sample=2101	nanos=2161770	callbacks=256	result=ok
sample=2102	nanos=2150830	callbacks=256	result=ok
sample=2103	nanos=2154220	callbacks=256	result=ok
sample=2104	nanos=2166380	callbacks=256	result=ok
sample=2105	nanos=2160290	callbacks=256	result=ok
sample=2106	nanos=2171790	callbacks=256	result=ok
sample=2107	nanos=2180300	callbacks=256	result=ok
sample=2108	nanos=2164060	callbacks=256	result=ok
sample=2109	nanos=2181090	callbacks=256	result=ok
sample=2110	nanos=2193100	callbacks=256	result=ok
sample=2111	nanos=2157260	callbacks=256	result=ok
sample=2112	nanos=2179210	callbacks=256	result=ok
sample=2113	nanos=2173001	callbacks=256	result=ok
sample=2114	nanos=2172500	callbacks=256	result=ok
sample=2115	nanos=2155630	callbacks=256	result=ok
sample=2116	nanos=2186490	callbacks=256	result=ok
sample=2117	nanos=2166190	callbacks=256	result=ok
sample=2118	nanos=2189900	callbacks=256	result=ok
sample=2119	nanos=2168270	callbacks=256	result=ok
sample=2120	nanos=2171050	callbacks=256	result=ok
sample=2121	nanos=2185950	callbacks=256	result=ok
sample=2122	nanos=2177480	callbacks=256	result=ok
sample=2123	nanos=2173831	callbacks=256	result=ok
sample=2124	nanos=2177370	callbacks=256	result=ok
sample=2125	nanos=2168430	callbacks=256	result=ok
sample=2126	nanos=2168980	callbacks=256	result=ok
sample=2127	nanos=2180670	callbacks=256	result=ok
sample=2128	nanos=2164140	callbacks=256	result=ok
sample=2129	nanos=2166560	callbacks=256	result=ok
sample=2130	nanos=2177070	callbacks=256	result=ok
sample=2131	nanos=2166150	callbacks=256	result=ok
sample=2132	nanos=2163690	callbacks=256	result=ok
sample=2133	nanos=2180750	callbacks=256	result=ok
sample=2134	nanos=2155970	callbacks=256	result=ok
sample=2135	nanos=2162180	callbacks=256	result=ok
sample=2136	nanos=2167370	callbacks=256	result=ok
sample=2137	nanos=2166280	callbacks=256	result=ok
sample=2138	nanos=2176981	callbacks=256	result=ok
sample=2139	nanos=2187830	callbacks=256	result=ok
sample=2140	nanos=2169010	callbacks=256	result=ok
sample=2141	nanos=2157590	callbacks=256	result=ok
sample=2142	nanos=2158820	callbacks=256	result=ok
sample=2143	nanos=2164950	callbacks=256	result=ok
sample=2144	nanos=2154250	callbacks=256	result=ok
sample=2145	nanos=2216910	callbacks=256	result=ok
sample=2146	nanos=2155480	callbacks=256	result=ok
sample=2147	nanos=2178220	callbacks=256	result=ok
sample=2148	nanos=2159520	callbacks=256	result=ok
sample=2149	nanos=2168440	callbacks=256	result=ok
sample=2150	nanos=2153580	callbacks=256	result=ok
sample=2151	nanos=2171401	callbacks=256	result=ok
sample=2152	nanos=2151609	callbacks=256	result=ok
sample=2153	nanos=2158800	callbacks=256	result=ok
sample=2154	nanos=2153501	callbacks=256	result=ok
sample=2155	nanos=2168500	callbacks=256	result=ok
sample=2156	nanos=2151789	callbacks=256	result=ok
sample=2157	nanos=2173051	callbacks=256	result=ok
sample=2158	nanos=2155030	callbacks=256	result=ok
sample=2159	nanos=2152970	callbacks=256	result=ok
sample=2160	nanos=2156870	callbacks=256	result=ok
sample=2161	nanos=2154240	callbacks=256	result=ok
sample=2162	nanos=2164530	callbacks=256	result=ok
sample=2163	nanos=2167580	callbacks=256	result=ok
sample=2164	nanos=2158070	callbacks=256	result=ok
sample=2165	nanos=2158100	callbacks=256	result=ok
sample=2166	nanos=2156650	callbacks=256	result=ok
sample=2167	nanos=2154320	callbacks=256	result=ok
sample=2168	nanos=2168500	callbacks=256	result=ok
sample=2169	nanos=2169500	callbacks=256	result=ok
sample=2170	nanos=2158050	callbacks=256	result=ok
sample=2171	nanos=2157450	callbacks=256	result=ok
sample=2172	nanos=2153520	callbacks=256	result=ok
sample=2173	nanos=2158800	callbacks=256	result=ok
sample=2174	nanos=2156050	callbacks=256	result=ok
sample=2175	nanos=2173520	callbacks=256	result=ok
sample=2176	nanos=2171780	callbacks=256	result=ok
sample=2177	nanos=2162390	callbacks=256	result=ok
sample=2178	nanos=2157580	callbacks=256	result=ok
sample=2179	nanos=2161750	callbacks=256	result=ok
sample=2180	nanos=2155250	callbacks=256	result=ok
sample=2181	nanos=2172220	callbacks=256	result=ok
sample=2182	nanos=2169580	callbacks=256	result=ok
sample=2183	nanos=2156700	callbacks=256	result=ok
sample=2184	nanos=2161590	callbacks=256	result=ok
sample=2185	nanos=2159300	callbacks=256	result=ok
sample=2186	nanos=2161920	callbacks=256	result=ok
sample=2187	nanos=2158761	callbacks=256	result=ok
sample=2188	nanos=2191680	callbacks=256	result=ok
sample=2189	nanos=2160580	callbacks=256	result=ok
sample=2190	nanos=2162730	callbacks=256	result=ok
sample=2191	nanos=2155090	callbacks=256	result=ok
sample=2192	nanos=2161870	callbacks=256	result=ok
sample=2193	nanos=2153910	callbacks=256	result=ok
sample=2194	nanos=2191480	callbacks=256	result=ok
sample=2195	nanos=2158600	callbacks=256	result=ok
sample=2196	nanos=2157490	callbacks=256	result=ok
sample=2197	nanos=2161600	callbacks=256	result=ok
sample=2198	nanos=2152630	callbacks=256	result=ok
sample=2199	nanos=2156620	callbacks=256	result=ok
sample=2200	nanos=2182460	callbacks=256	result=ok
sample=2201	nanos=2160380	callbacks=256	result=ok
sample=2202	nanos=2156190	callbacks=256	result=ok
sample=2203	nanos=2162570	callbacks=256	result=ok
sample=2204	nanos=2160830	callbacks=256	result=ok
sample=2205	nanos=2201870	callbacks=256	result=ok
sample=2206	nanos=2183111	callbacks=256	result=ok
sample=2207	nanos=2154770	callbacks=256	result=ok
sample=2208	nanos=2154880	callbacks=256	result=ok
sample=2209	nanos=2152600	callbacks=256	result=ok
sample=2210	nanos=2158200	callbacks=256	result=ok
sample=2211	nanos=2153250	callbacks=256	result=ok
sample=2212	nanos=2180140	callbacks=256	result=ok
sample=2213	nanos=2170510	callbacks=256	result=ok
sample=2214	nanos=2163250	callbacks=256	result=ok
sample=2215	nanos=2153600	callbacks=256	result=ok
sample=2216	nanos=2161560	callbacks=256	result=ok
sample=2217	nanos=2153020	callbacks=256	result=ok
sample=2218	nanos=2175440	callbacks=256	result=ok
sample=2219	nanos=2170880	callbacks=256	result=ok
sample=2220	nanos=2153190	callbacks=256	result=ok
sample=2221	nanos=2160000	callbacks=256	result=ok
sample=2222	nanos=2154540	callbacks=256	result=ok
sample=2223	nanos=2156080	callbacks=256	result=ok
sample=2224	nanos=2152630	callbacks=256	result=ok
sample=2225	nanos=2174630	callbacks=256	result=ok
sample=2226	nanos=2163730	callbacks=256	result=ok
sample=2227	nanos=2153800	callbacks=256	result=ok
sample=2228	nanos=2152820	callbacks=256	result=ok
sample=2229	nanos=2160100	callbacks=256	result=ok
sample=2230	nanos=2153320	callbacks=256	result=ok
sample=2231	nanos=2175320	callbacks=256	result=ok
sample=2232	nanos=2190901	callbacks=256	result=ok
sample=2233	nanos=2154870	callbacks=256	result=ok
sample=2234	nanos=2175410	callbacks=256	result=ok
sample=2235	nanos=2152260	callbacks=256	result=ok
sample=2236	nanos=2157350	callbacks=256	result=ok
sample=2237	nanos=2170810	callbacks=256	result=ok
sample=2238	nanos=2170570	callbacks=256	result=ok
sample=2239	nanos=2154390	callbacks=256	result=ok
sample=2240	nanos=2155280	callbacks=256	result=ok
sample=2241	nanos=2158270	callbacks=256	result=ok
sample=2242	nanos=2159150	callbacks=256	result=ok
sample=2243	nanos=2168720	callbacks=256	result=ok
sample=2244	nanos=2153340	callbacks=256	result=ok
sample=2245	nanos=2168330	callbacks=256	result=ok
sample=2246	nanos=2153450	callbacks=256	result=ok
sample=2247	nanos=2160770	callbacks=256	result=ok
sample=2248	nanos=2156890	callbacks=256	result=ok
sample=2249	nanos=2174710	callbacks=256	result=ok
sample=2250	nanos=2155700	callbacks=256	result=ok
sample=2251	nanos=2175300	callbacks=256	result=ok
sample=2252	nanos=2157750	callbacks=256	result=ok
sample=2253	nanos=2163300	callbacks=256	result=ok
sample=2254	nanos=2155760	callbacks=256	result=ok
sample=2255	nanos=2178720	callbacks=256	result=ok
sample=2256	nanos=2159840	callbacks=256	result=ok
sample=2257	nanos=2152360	callbacks=256	result=ok
sample=2258	nanos=2173100	callbacks=256	result=ok
sample=2259	nanos=2158220	callbacks=256	result=ok
sample=2260	nanos=2169291	callbacks=256	result=ok
sample=2261	nanos=2172220	callbacks=256	result=ok
sample=2262	nanos=2158640	callbacks=256	result=ok
sample=2263	nanos=2153070	callbacks=256	result=ok
sample=2264	nanos=2194320	callbacks=256	result=ok
sample=2265	nanos=2153020	callbacks=256	result=ok
sample=2266	nanos=2163930	callbacks=256	result=ok
sample=2267	nanos=2170070	callbacks=256	result=ok
sample=2268	nanos=2157440	callbacks=256	result=ok
sample=2269	nanos=2158840	callbacks=256	result=ok
sample=2270	nanos=2163440	callbacks=256	result=ok
sample=2271	nanos=2155980	callbacks=256	result=ok
sample=2272	nanos=2154100	callbacks=256	result=ok
sample=2273	nanos=2156960	callbacks=256	result=ok
sample=2274	nanos=2168270	callbacks=256	result=ok
sample=2275	nanos=2159970	callbacks=256	result=ok
sample=2276	nanos=2155050	callbacks=256	result=ok
sample=2277	nanos=2170380	callbacks=256	result=ok
sample=2278	nanos=2153330	callbacks=256	result=ok
sample=2279	nanos=2159380	callbacks=256	result=ok
sample=2280	nanos=2172180	callbacks=256	result=ok
sample=2281	nanos=2153690	callbacks=256	result=ok
sample=2282	nanos=2159860	callbacks=256	result=ok
sample=2283	nanos=2164180	callbacks=256	result=ok
sample=2284	nanos=2160760	callbacks=256	result=ok
sample=2285	nanos=2158050	callbacks=256	result=ok
sample=2286	nanos=2174891	callbacks=256	result=ok
sample=2287	nanos=2152800	callbacks=256	result=ok
sample=2288	nanos=2164750	callbacks=256	result=ok
sample=2289	nanos=2151480	callbacks=256	result=ok
sample=2290	nanos=2171980	callbacks=256	result=ok
sample=2291	nanos=2152410	callbacks=256	result=ok
sample=2292	nanos=2170560	callbacks=256	result=ok
sample=2293	nanos=2160360	callbacks=256	result=ok
sample=2294	nanos=2155870	callbacks=256	result=ok
sample=2295	nanos=2158450	callbacks=256	result=ok
sample=2296	nanos=2166870	callbacks=256	result=ok
sample=2297	nanos=2156460	callbacks=256	result=ok
sample=2298	nanos=2170460	callbacks=256	result=ok
sample=2299	nanos=2159450	callbacks=256	result=ok
sample=2300	nanos=2155380	callbacks=256	result=ok
sample=2301	nanos=2163680	callbacks=256	result=ok
sample=2302	nanos=2152990	callbacks=256	result=ok
sample=2303	nanos=2170540	callbacks=256	result=ok
sample=2304	nanos=2153350	callbacks=256	result=ok
sample=2305	nanos=2178120	callbacks=256	result=ok
sample=2306	nanos=2159010	callbacks=256	result=ok
sample=2307	nanos=2157050	callbacks=256	result=ok
sample=2308	nanos=2174140	callbacks=256	result=ok
sample=2309	nanos=2165050	callbacks=256	result=ok
sample=2310	nanos=2156250	callbacks=256	result=ok
sample=2311	nanos=2174160	callbacks=256	result=ok
sample=2312	nanos=2162060	callbacks=256	result=ok
sample=2313	nanos=2159580	callbacks=256	result=ok
sample=2314	nanos=2159500	callbacks=256	result=ok
sample=2315	nanos=2165721	callbacks=256	result=ok
sample=2316	nanos=2162270	callbacks=256	result=ok
sample=2317	nanos=2173340	callbacks=256	result=ok
sample=2318	nanos=2153760	callbacks=256	result=ok
sample=2319	nanos=2157060	callbacks=256	result=ok
sample=2320	nanos=2152610	callbacks=256	result=ok
sample=2321	nanos=2157940	callbacks=256	result=ok
sample=2322	nanos=2166340	callbacks=256	result=ok
sample=2323	nanos=2170960	callbacks=256	result=ok
sample=2324	nanos=2150490	callbacks=256	result=ok
sample=2325	nanos=2162120	callbacks=256	result=ok
sample=2326	nanos=2153100	callbacks=256	result=ok
sample=2327	nanos=2154710	callbacks=256	result=ok
sample=2328	nanos=2161450	callbacks=256	result=ok
sample=2329	nanos=2175890	callbacks=256	result=ok
sample=2330	nanos=2179220	callbacks=256	result=ok
sample=2331	nanos=2151940	callbacks=256	result=ok
sample=2332	nanos=2154880	callbacks=256	result=ok
sample=2333	nanos=2157120	callbacks=256	result=ok
sample=2334	nanos=2154680	callbacks=256	result=ok
sample=2335	nanos=2178120	callbacks=256	result=ok
sample=2336	nanos=2154420	callbacks=256	result=ok
sample=2337	nanos=2152820	callbacks=256	result=ok
sample=2338	nanos=2156050	callbacks=256	result=ok
sample=2339	nanos=2152440	callbacks=256	result=ok
sample=2340	nanos=2159000	callbacks=256	result=ok
sample=2341	nanos=2171460	callbacks=256	result=ok
sample=2342	nanos=2170730	callbacks=256	result=ok
sample=2343	nanos=2160250	callbacks=256	result=ok
sample=2344	nanos=2158280	callbacks=256	result=ok
sample=2345	nanos=2156430	callbacks=256	result=ok
sample=2346	nanos=2157590	callbacks=256	result=ok
sample=2347	nanos=2158660	callbacks=256	result=ok
sample=2348	nanos=2181121	callbacks=256	result=ok
sample=2349	nanos=2155260	callbacks=256	result=ok
sample=2350	nanos=2150980	callbacks=256	result=ok
sample=2351	nanos=2156200	callbacks=256	result=ok
sample=2352	nanos=2152300	callbacks=256	result=ok
sample=2353	nanos=2158410	callbacks=256	result=ok
sample=2354	nanos=2180390	callbacks=256	result=ok
sample=2355	nanos=2155430	callbacks=256	result=ok
sample=2356	nanos=2155200	callbacks=256	result=ok
sample=2357	nanos=2156540	callbacks=256	result=ok
sample=2358	nanos=2156230	callbacks=256	result=ok
sample=2359	nanos=2152850	callbacks=256	result=ok
sample=2360	nanos=2160770	callbacks=256	result=ok
sample=2361	nanos=2183740	callbacks=256	result=ok
sample=2362	nanos=2161660	callbacks=256	result=ok
sample=2363	nanos=2171840	callbacks=256	result=ok
sample=2364	nanos=2154480	callbacks=256	result=ok
sample=2365	nanos=2157200	callbacks=256	result=ok
sample=2366	nanos=2156650	callbacks=256	result=ok
sample=2367	nanos=2184130	callbacks=256	result=ok
sample=2368	nanos=2158620	callbacks=256	result=ok
sample=2369	nanos=2158880	callbacks=256	result=ok
sample=2370	nanos=2153670	callbacks=256	result=ok
sample=2371	nanos=2158760	callbacks=256	result=ok
sample=2372	nanos=2158880	callbacks=256	result=ok
sample=2373	nanos=2173580	callbacks=256	result=ok
sample=2374	nanos=2163320	callbacks=256	result=ok
sample=2375	nanos=2157930	callbacks=256	result=ok
sample=2376	nanos=2153840	callbacks=256	result=ok
sample=2377	nanos=2155760	callbacks=256	result=ok
sample=2378	nanos=2156470	callbacks=256	result=ok
sample=2379	nanos=2173071	callbacks=256	result=ok
sample=2380	nanos=2166970	callbacks=256	result=ok
sample=2381	nanos=2155690	callbacks=256	result=ok
sample=2382	nanos=2158030	callbacks=256	result=ok
sample=2383	nanos=2153960	callbacks=256	result=ok
sample=2384	nanos=2153280	callbacks=256	result=ok
sample=2385	nanos=2168780	callbacks=256	result=ok
sample=2386	nanos=2160720	callbacks=256	result=ok
sample=2387	nanos=2166390	callbacks=256	result=ok
sample=2388	nanos=2154840	callbacks=256	result=ok
sample=2389	nanos=2151750	callbacks=256	result=ok
sample=2390	nanos=2155510	callbacks=256	result=ok
sample=2391	nanos=2151560	callbacks=256	result=ok
sample=2392	nanos=2172800	callbacks=256	result=ok
sample=2393	nanos=2169940	callbacks=256	result=ok
sample=2394	nanos=2155760	callbacks=256	result=ok
sample=2395	nanos=2158300	callbacks=256	result=ok
sample=2396	nanos=2153820	callbacks=256	result=ok
sample=2397	nanos=2159190	callbacks=256	result=ok
sample=2398	nanos=2171420	callbacks=256	result=ok
sample=2399	nanos=2155200	callbacks=256	result=ok
sample=2400	nanos=2167490	callbacks=256	result=ok
sample=2401	nanos=2161700	callbacks=256	result=ok
sample=2402	nanos=2154990	callbacks=256	result=ok
sample=2403	nanos=2157390	callbacks=256	result=ok
sample=2404	nanos=2179360	callbacks=256	result=ok
sample=2405	nanos=2162480	callbacks=256	result=ok
sample=2406	nanos=2168500	callbacks=256	result=ok
sample=2407	nanos=2159200	callbacks=256	result=ok
sample=2408	nanos=2160580	callbacks=256	result=ok
sample=2409	nanos=2163400	callbacks=256	result=ok
sample=2410	nanos=2172310	callbacks=256	result=ok
sample=2411	nanos=2155690	callbacks=256	result=ok
sample=2412	nanos=2168850	callbacks=256	result=ok
sample=2413	nanos=2159350	callbacks=256	result=ok
sample=2414	nanos=2158460	callbacks=256	result=ok
sample=2415	nanos=2150840	callbacks=256	result=ok
sample=2416	nanos=2168410	callbacks=256	result=ok
sample=2417	nanos=2157720	callbacks=256	result=ok
sample=2418	nanos=2152650	callbacks=256	result=ok
sample=2419	nanos=2170220	callbacks=256	result=ok
sample=2420	nanos=2155050	callbacks=256	result=ok
sample=2421	nanos=2157220	callbacks=256	result=ok
sample=2422	nanos=2150000	callbacks=256	result=ok
sample=2423	nanos=2168680	callbacks=256	result=ok
sample=2424	nanos=2155610	callbacks=256	result=ok
sample=2425	nanos=2157110	callbacks=256	result=ok
sample=2426	nanos=2164740	callbacks=256	result=ok
sample=2427	nanos=2154330	callbacks=256	result=ok
sample=2428	nanos=2157179	callbacks=256	result=ok
sample=2429	nanos=2180111	callbacks=256	result=ok
sample=2430	nanos=2156220	callbacks=256	result=ok
sample=2431	nanos=2155770	callbacks=256	result=ok
sample=2432	nanos=2164020	callbacks=256	result=ok
sample=2433	nanos=2153089	callbacks=256	result=ok
sample=2434	nanos=2156490	callbacks=256	result=ok
sample=2435	nanos=2167320	callbacks=256	result=ok
sample=2436	nanos=2155860	callbacks=256	result=ok
sample=2437	nanos=2153330	callbacks=256	result=ok
sample=2438	nanos=2155290	callbacks=256	result=ok
sample=2439	nanos=2161790	callbacks=256	result=ok
sample=2440	nanos=2156620	callbacks=256	result=ok
sample=2441	nanos=2167230	callbacks=256	result=ok
sample=2442	nanos=2158070	callbacks=256	result=ok
sample=2443	nanos=2156340	callbacks=256	result=ok
sample=2444	nanos=2157290	callbacks=256	result=ok
sample=2445	nanos=2173040	callbacks=256	result=ok
sample=2446	nanos=2161160	callbacks=256	result=ok
sample=2447	nanos=2171740	callbacks=256	result=ok
sample=2448	nanos=2153930	callbacks=256	result=ok
sample=2449	nanos=2157000	callbacks=256	result=ok
sample=2450	nanos=2155310	callbacks=256	result=ok
sample=2451	nanos=2158320	callbacks=256	result=ok
sample=2452	nanos=2167710	callbacks=256	result=ok
sample=2453	nanos=2166070	callbacks=256	result=ok
sample=2454	nanos=2181990	callbacks=256	result=ok
sample=2455	nanos=2156650	callbacks=256	result=ok
sample=2456	nanos=2160890	callbacks=256	result=ok
sample=2457	nanos=2160760	callbacks=256	result=ok
sample=2458	nanos=2171340	callbacks=256	result=ok
sample=2459	nanos=2153180	callbacks=256	result=ok
sample=2460	nanos=2181670	callbacks=256	result=ok
sample=2461	nanos=2183060	callbacks=256	result=ok
sample=2462	nanos=2168630	callbacks=256	result=ok
sample=2463	nanos=2153960	callbacks=256	result=ok
sample=2464	nanos=2170840	callbacks=256	result=ok
sample=2465	nanos=2149690	callbacks=256	result=ok
sample=2466	nanos=2169540	callbacks=256	result=ok
sample=2467	nanos=2153710	callbacks=256	result=ok
sample=2468	nanos=2151060	callbacks=256	result=ok
sample=2469	nanos=2155700	callbacks=256	result=ok
sample=2470	nanos=2148670	callbacks=256	result=ok
sample=2471	nanos=2165850	callbacks=256	result=ok
sample=2472	nanos=2166180	callbacks=256	result=ok
sample=2473	nanos=2157229	callbacks=256	result=ok
sample=2474	nanos=2153420	callbacks=256	result=ok
sample=2475	nanos=2154910	callbacks=256	result=ok
sample=2476	nanos=2154080	callbacks=256	result=ok
sample=2477	nanos=2166770	callbacks=256	result=ok
sample=2478	nanos=2162700	callbacks=256	result=ok
sample=2479	nanos=2157950	callbacks=256	result=ok
sample=2480	nanos=2152930	callbacks=256	result=ok
sample=2481	nanos=2152360	callbacks=256	result=ok
sample=2482	nanos=2155430	callbacks=256	result=ok
sample=2483	nanos=2151550	callbacks=256	result=ok
sample=2484	nanos=2167920	callbacks=256	result=ok
sample=2485	nanos=2178000	callbacks=256	result=ok
sample=2486	nanos=2156780	callbacks=256	result=ok
sample=2487	nanos=2154260	callbacks=256	result=ok
sample=2488	nanos=2155730	callbacks=256	result=ok
sample=2489	nanos=2154400	callbacks=256	result=ok
sample=2490	nanos=2168490	callbacks=256	result=ok
sample=2491	nanos=2171400	callbacks=256	result=ok
sample=2492	nanos=2151780	callbacks=256	result=ok
sample=2493	nanos=2159460	callbacks=256	result=ok
sample=2494	nanos=2153840	callbacks=256	result=ok
sample=2495	nanos=2156000	callbacks=256	result=ok
sample=2496	nanos=2153680	callbacks=256	result=ok
sample=2497	nanos=2184240	callbacks=256	result=ok
sample=2498	nanos=2156230	callbacks=256	result=ok
sample=2499	nanos=2158570	callbacks=256	result=ok
sample=2500	nanos=2171670	callbacks=256	result=ok
sample=2501	nanos=2167230	callbacks=256	result=ok
sample=2502	nanos=2156170	callbacks=256	result=ok
sample=2503	nanos=2181110	callbacks=256	result=ok
sample=2504	nanos=2157520	callbacks=256	result=ok
sample=2505	nanos=2154990	callbacks=256	result=ok
sample=2506	nanos=2158600	callbacks=256	result=ok
sample=2507	nanos=2150049	callbacks=256	result=ok
sample=2508	nanos=2154540	callbacks=256	result=ok
sample=2509	nanos=2151720	callbacks=256	result=ok
sample=2510	nanos=2187060	callbacks=256	result=ok
sample=2511	nanos=2156350	callbacks=256	result=ok
sample=2512	nanos=2158760	callbacks=256	result=ok
sample=2513	nanos=2164430	callbacks=256	result=ok
sample=2514	nanos=2159860	callbacks=256	result=ok
sample=2515	nanos=2153280	callbacks=256	result=ok
sample=2516	nanos=2186240	callbacks=256	result=ok
sample=2517	nanos=2160120	callbacks=256	result=ok
sample=2518	nanos=2157880	callbacks=256	result=ok
sample=2519	nanos=2158200	callbacks=256	result=ok
sample=2520	nanos=2154580	callbacks=256	result=ok
sample=2521	nanos=2156350	callbacks=256	result=ok
sample=2522	nanos=2166430	callbacks=256	result=ok
sample=2523	nanos=2172070	callbacks=256	result=ok
sample=2524	nanos=2154110	callbacks=256	result=ok
sample=2525	nanos=2158630	callbacks=256	result=ok
sample=2526	nanos=2150490	callbacks=256	result=ok
sample=2527	nanos=2157840	callbacks=256	result=ok
sample=2528	nanos=2169630	callbacks=256	result=ok
sample=2529	nanos=2164550	callbacks=256	result=ok
sample=2530	nanos=2154970	callbacks=256	result=ok
sample=2531	nanos=2149110	callbacks=256	result=ok
sample=2532	nanos=2157020	callbacks=256	result=ok
sample=2533	nanos=2155010	callbacks=256	result=ok
sample=2534	nanos=2168550	callbacks=256	result=ok
sample=2535	nanos=2153910	callbacks=256	result=ok
sample=2536	nanos=2165930	callbacks=256	result=ok
sample=2537	nanos=2149050	callbacks=256	result=ok
sample=2538	nanos=2155779	callbacks=256	result=ok
sample=2539	nanos=2148810	callbacks=256	result=ok
sample=2540	nanos=2155490	callbacks=256	result=ok
sample=2541	nanos=2177960	callbacks=256	result=ok
sample=2542	nanos=2161310	callbacks=256	result=ok
sample=2543	nanos=2153230	callbacks=256	result=ok
sample=2544	nanos=2150040	callbacks=256	result=ok
sample=2545	nanos=2154550	callbacks=256	result=ok
sample=2546	nanos=2152950	callbacks=256	result=ok
sample=2547	nanos=2167590	callbacks=256	result=ok
sample=2548	nanos=2151550	callbacks=256	result=ok
sample=2549	nanos=2171000	callbacks=256	result=ok
sample=2550	nanos=2149440	callbacks=256	result=ok
sample=2551	nanos=2151980	callbacks=256	result=ok
sample=2552	nanos=2146520	callbacks=256	result=ok
sample=2553	nanos=2151520	callbacks=256	result=ok
sample=2554	nanos=2165830	callbacks=256	result=ok
sample=2555	nanos=2152160	callbacks=256	result=ok
sample=2556	nanos=2170070	callbacks=256	result=ok
sample=2557	nanos=2152980	callbacks=256	result=ok
sample=2558	nanos=2155579	callbacks=256	result=ok
sample=2559	nanos=2152651	callbacks=256	result=ok
sample=2560	nanos=2174120	callbacks=256	result=ok
sample=2561	nanos=2152419	callbacks=256	result=ok
sample=2562	nanos=2166730	callbacks=256	result=ok
sample=2563	nanos=2151550	callbacks=256	result=ok
sample=2564	nanos=2151200	callbacks=256	result=ok
sample=2565	nanos=2154440	callbacks=256	result=ok
sample=2566	nanos=2175890	callbacks=256	result=ok
sample=2567	nanos=2159890	callbacks=256	result=ok
sample=2568	nanos=2152280	callbacks=256	result=ok
sample=2569	nanos=2173080	callbacks=256	result=ok
sample=2570	nanos=2157360	callbacks=256	result=ok
sample=2571	nanos=2153890	callbacks=256	result=ok
sample=2572	nanos=2170950	callbacks=256	result=ok
sample=2573	nanos=2161480	callbacks=256	result=ok
sample=2574	nanos=2151360	callbacks=256	result=ok
sample=2575	nanos=2167960	callbacks=256	result=ok
sample=2576	nanos=2152090	callbacks=256	result=ok
sample=2577	nanos=2154280	callbacks=256	result=ok
sample=2578	nanos=2149760	callbacks=256	result=ok
sample=2579	nanos=2173900	callbacks=256	result=ok
sample=2580	nanos=2154570	callbacks=256	result=ok
sample=2581	nanos=2150770	callbacks=256	result=ok
sample=2582	nanos=2168420	callbacks=256	result=ok
sample=2583	nanos=2155160	callbacks=256	result=ok
sample=2584	nanos=2156440	callbacks=256	result=ok
sample=2585	nanos=2167580	callbacks=256	result=ok
sample=2586	nanos=2157440	callbacks=256	result=ok
sample=2587	nanos=2155150	callbacks=256	result=ok
sample=2588	nanos=2163880	callbacks=256	result=ok
sample=2589	nanos=2151379	callbacks=256	result=ok
sample=2590	nanos=2225761	callbacks=256	result=ok
sample=2591	nanos=2166010	callbacks=256	result=ok
sample=2592	nanos=2152180	callbacks=256	result=ok
sample=2593	nanos=2158850	callbacks=256	result=ok
sample=2594	nanos=2152950	callbacks=256	result=ok
sample=2595	nanos=2167640	callbacks=256	result=ok
sample=2596	nanos=2154180	callbacks=256	result=ok
sample=2597	nanos=2181700	callbacks=256	result=ok
sample=2598	nanos=2155430	callbacks=256	result=ok
sample=2599	nanos=2273860	callbacks=256	result=ok
sample=2600	nanos=2163910	callbacks=256	result=ok
sample=2601	nanos=2159120	callbacks=256	result=ok
sample=2602	nanos=2159500	callbacks=256	result=ok
sample=2603	nanos=2173390	callbacks=256	result=ok
sample=2604	nanos=2157890	callbacks=256	result=ok
sample=2605	nanos=2153990	callbacks=256	result=ok
sample=2606	nanos=2153870	callbacks=256	result=ok
sample=2607	nanos=2165740	callbacks=256	result=ok
sample=2608	nanos=2156390	callbacks=256	result=ok
sample=2609	nanos=2165300	callbacks=256	result=ok
sample=2610	nanos=2157410	callbacks=256	result=ok
sample=2611	nanos=2158430	callbacks=256	result=ok
sample=2612	nanos=2155360	callbacks=256	result=ok
sample=2613	nanos=2164810	callbacks=256	result=ok
sample=2614	nanos=2153880	callbacks=256	result=ok
sample=2615	nanos=2172820	callbacks=256	result=ok
sample=2616	nanos=2166460	callbacks=256	result=ok
sample=2617	nanos=2157719	callbacks=256	result=ok
sample=2618	nanos=2153181	callbacks=256	result=ok
sample=2619	nanos=2152399	callbacks=256	result=ok
sample=2620	nanos=2163930	callbacks=256	result=ok
sample=2621	nanos=2171220	callbacks=256	result=ok
sample=2622	nanos=2152700	callbacks=256	result=ok
sample=2623	nanos=2155840	callbacks=256	result=ok
sample=2624	nanos=2153030	callbacks=256	result=ok
sample=2625	nanos=2157370	callbacks=256	result=ok
sample=2626	nanos=2169820	callbacks=256	result=ok
sample=2627	nanos=2158150	callbacks=256	result=ok
sample=2628	nanos=2174120	callbacks=256	result=ok
sample=2629	nanos=2157740	callbacks=256	result=ok
sample=2630	nanos=2163270	callbacks=256	result=ok
sample=2631	nanos=2158560	callbacks=256	result=ok
sample=2632	nanos=2160860	callbacks=256	result=ok
sample=2633	nanos=2168780	callbacks=256	result=ok
sample=2634	nanos=2175550	callbacks=256	result=ok
sample=2635	nanos=2149540	callbacks=256	result=ok
sample=2636	nanos=2154110	callbacks=256	result=ok
sample=2637	nanos=2155220	callbacks=256	result=ok
sample=2638	nanos=2159370	callbacks=256	result=ok
sample=2639	nanos=2164770	callbacks=256	result=ok
sample=2640	nanos=2169150	callbacks=256	result=ok
sample=2641	nanos=2157570	callbacks=256	result=ok
sample=2642	nanos=2156720	callbacks=256	result=ok
sample=2643	nanos=2158050	callbacks=256	result=ok
sample=2644	nanos=2154470	callbacks=256	result=ok
sample=2645	nanos=2160140	callbacks=256	result=ok
sample=2646	nanos=2182970	callbacks=256	result=ok
sample=2647	nanos=2157620	callbacks=256	result=ok
sample=2648	nanos=2150650	callbacks=256	result=ok
sample=2649	nanos=2159870	callbacks=256	result=ok
sample=2650	nanos=2154160	callbacks=256	result=ok
sample=2651	nanos=2163579	callbacks=256	result=ok
sample=2652	nanos=2182351	callbacks=256	result=ok
sample=2653	nanos=2162780	callbacks=256	result=ok
sample=2654	nanos=2157419	callbacks=256	result=ok
sample=2655	nanos=2152141	callbacks=256	result=ok
sample=2656	nanos=2156699	callbacks=256	result=ok
sample=2657	nanos=2155870	callbacks=256	result=ok
sample=2658	nanos=2158360	callbacks=256	result=ok
sample=2659	nanos=2183890	callbacks=256	result=ok
sample=2660	nanos=2159720	callbacks=256	result=ok
sample=2661	nanos=2156800	callbacks=256	result=ok
sample=2662	nanos=2153240	callbacks=256	result=ok
sample=2663	nanos=2151760	callbacks=256	result=ok
sample=2664	nanos=2157570	callbacks=256	result=ok
sample=2665	nanos=2178350	callbacks=256	result=ok
sample=2666	nanos=2150270	callbacks=256	result=ok
sample=2667	nanos=2148380	callbacks=256	result=ok
sample=2668	nanos=2149360	callbacks=256	result=ok
sample=2669	nanos=2164100	callbacks=256	result=ok
sample=2670	nanos=2147450	callbacks=256	result=ok
sample=2671	nanos=2164760	callbacks=256	result=ok
sample=2672	nanos=2157150	callbacks=256	result=ok
sample=2673	nanos=2149590	callbacks=256	result=ok
sample=2674	nanos=2152290	callbacks=256	result=ok
sample=2675	nanos=2152420	callbacks=256	result=ok
sample=2676	nanos=2151710	callbacks=256	result=ok
sample=2677	nanos=2154630	callbacks=256	result=ok
sample=2678	nanos=2177950	callbacks=256	result=ok
sample=2679	nanos=2149529	callbacks=256	result=ok
sample=2680	nanos=2154420	callbacks=256	result=ok
sample=2681	nanos=2146870	callbacks=256	result=ok
sample=2682	nanos=2158190	callbacks=256	result=ok
sample=2683	nanos=2149030	callbacks=256	result=ok
sample=2684	nanos=2169440	callbacks=256	result=ok
sample=2685	nanos=2161970	callbacks=256	result=ok
sample=2686	nanos=2149860	callbacks=256	result=ok
sample=2687	nanos=2149110	callbacks=256	result=ok
sample=2688	nanos=2152730	callbacks=256	result=ok
sample=2689	nanos=2149110	callbacks=256	result=ok
sample=2690	nanos=2152630	callbacks=256	result=ok
sample=2691	nanos=2175790	callbacks=256	result=ok
sample=2692	nanos=2162360	callbacks=256	result=ok
sample=2693	nanos=2161060	callbacks=256	result=ok
sample=2694	nanos=2151500	callbacks=256	result=ok
sample=2695	nanos=2152110	callbacks=256	result=ok
sample=2696	nanos=2150160	callbacks=256	result=ok
sample=2697	nanos=2168850	callbacks=256	result=ok
sample=2698	nanos=2164630	callbacks=256	result=ok
sample=2699	nanos=2152529	callbacks=256	result=ok
sample=2700	nanos=2149710	callbacks=256	result=ok
sample=2701	nanos=2155290	callbacks=256	result=ok
sample=2702	nanos=2152060	callbacks=256	result=ok
sample=2703	nanos=2180940	callbacks=256	result=ok
sample=2704	nanos=2157010	callbacks=256	result=ok
sample=2705	nanos=2162780	callbacks=256	result=ok
sample=2706	nanos=2155940	callbacks=256	result=ok
sample=2707	nanos=2152070	callbacks=256	result=ok
sample=2708	nanos=2162960	callbacks=256	result=ok
sample=2709	nanos=2210200	callbacks=256	result=ok
sample=2710	nanos=2194960	callbacks=256	result=ok
sample=2711	nanos=2165930	callbacks=256	result=ok
sample=2712	nanos=2156790	callbacks=256	result=ok
sample=2713	nanos=2148300	callbacks=256	result=ok
sample=2714	nanos=2154430	callbacks=256	result=ok
sample=2715	nanos=2173630	callbacks=256	result=ok
sample=2716	nanos=2152930	callbacks=256	result=ok
sample=2717	nanos=2158790	callbacks=256	result=ok
sample=2718	nanos=2164600	callbacks=256	result=ok
sample=2719	nanos=2155920	callbacks=256	result=ok
sample=2720	nanos=2154890	callbacks=256	result=ok
sample=2721	nanos=2173600	callbacks=256	result=ok
sample=2722	nanos=2151890	callbacks=256	result=ok
sample=2723	nanos=2157630	callbacks=256	result=ok
sample=2724	nanos=2160860	callbacks=256	result=ok
sample=2725	nanos=2154960	callbacks=256	result=ok
sample=2726	nanos=2156250	callbacks=256	result=ok
sample=2727	nanos=2153860	callbacks=256	result=ok
sample=2728	nanos=2167340	callbacks=256	result=ok
sample=2729	nanos=2150340	callbacks=256	result=ok
sample=2730	nanos=2179950	callbacks=256	result=ok
sample=2731	nanos=2159550	callbacks=256	result=ok
sample=2732	nanos=2152050	callbacks=256	result=ok
sample=2733	nanos=2152380	callbacks=256	result=ok
sample=2734	nanos=2167410	callbacks=256	result=ok
sample=2735	nanos=2151640	callbacks=256	result=ok
sample=2736	nanos=2152879	callbacks=256	result=ok
sample=2737	nanos=2161811	callbacks=256	result=ok
sample=2738	nanos=2193650	callbacks=256	result=ok
sample=2739	nanos=2151379	callbacks=256	result=ok
sample=2740	nanos=2167571	callbacks=256	result=ok
sample=2741	nanos=2159010	callbacks=256	result=ok
sample=2742	nanos=2146649	callbacks=256	result=ok
sample=2743	nanos=2150220	callbacks=256	result=ok
sample=2744	nanos=2159090	callbacks=256	result=ok
sample=2745	nanos=2151100	callbacks=256	result=ok
sample=2746	nanos=2150150	callbacks=256	result=ok
sample=2747	nanos=2165390	callbacks=256	result=ok
sample=2748	nanos=2147110	callbacks=256	result=ok
sample=2749	nanos=2156370	callbacks=256	result=ok
sample=2750	nanos=2157970	callbacks=256	result=ok
sample=2751	nanos=2151020	callbacks=256	result=ok
sample=2752	nanos=2145820	callbacks=256	result=ok
sample=2753	nanos=2166110	callbacks=256	result=ok
sample=2754	nanos=2153990	callbacks=256	result=ok
sample=2755	nanos=2148860	callbacks=256	result=ok
sample=2756	nanos=2156700	callbacks=256	result=ok
sample=2757	nanos=2161160	callbacks=256	result=ok
sample=2758	nanos=2149799	callbacks=256	result=ok
sample=2759	nanos=2163300	callbacks=256	result=ok
sample=2760	nanos=2150780	callbacks=256	result=ok
sample=2761	nanos=2148200	callbacks=256	result=ok
sample=2762	nanos=2155430	callbacks=256	result=ok
sample=2763	nanos=2148810	callbacks=256	result=ok
sample=2764	nanos=2160010	callbacks=256	result=ok
sample=2765	nanos=2151320	callbacks=256	result=ok
sample=2766	nanos=2170430	callbacks=256	result=ok
sample=2767	nanos=2150500	callbacks=256	result=ok
sample=2768	nanos=2145530	callbacks=256	result=ok
sample=2769	nanos=2150460	callbacks=256	result=ok
sample=2770	nanos=2154080	callbacks=256	result=ok
sample=2771	nanos=2163130	callbacks=256	result=ok
sample=2772	nanos=2161860	callbacks=256	result=ok
sample=2773	nanos=2151510	callbacks=256	result=ok
sample=2774	nanos=2146910	callbacks=256	result=ok
sample=2775	nanos=2148690	callbacks=256	result=ok
sample=2776	nanos=2149119	callbacks=256	result=ok
sample=2777	nanos=2160520	callbacks=256	result=ok
sample=2778	nanos=2146730	callbacks=256	result=ok
sample=2779	nanos=2165140	callbacks=256	result=ok
sample=2780	nanos=2152380	callbacks=256	result=ok
sample=2781	nanos=2152200	callbacks=256	result=ok
sample=2782	nanos=2153660	callbacks=256	result=ok
sample=2783	nanos=2145140	callbacks=256	result=ok
sample=2784	nanos=2163230	callbacks=256	result=ok
sample=2785	nanos=2158890	callbacks=256	result=ok
sample=2786	nanos=2148860	callbacks=256	result=ok
sample=2787	nanos=2147570	callbacks=256	result=ok
sample=2788	nanos=2157640	callbacks=256	result=ok
sample=2789	nanos=2147710	callbacks=256	result=ok
sample=2790	nanos=2151430	callbacks=256	result=ok
sample=2791	nanos=2157660	callbacks=256	result=ok
sample=2792	nanos=2162590	callbacks=256	result=ok
sample=2793	nanos=2149219	callbacks=256	result=ok
sample=2794	nanos=2150780	callbacks=256	result=ok
sample=2795	nanos=2152500	callbacks=256	result=ok
sample=2796	nanos=2148350	callbacks=256	result=ok
sample=2797	nanos=2171910	callbacks=256	result=ok
sample=2798	nanos=2179940	callbacks=256	result=ok
sample=2799	nanos=2159680	callbacks=256	result=ok
sample=2800	nanos=2151760	callbacks=256	result=ok
sample=2801	nanos=2158720	callbacks=256	result=ok
sample=2802	nanos=2150370	callbacks=256	result=ok
sample=2803	nanos=2153800	callbacks=256	result=ok
sample=2804	nanos=2159220	callbacks=256	result=ok
sample=2805	nanos=2173520	callbacks=256	result=ok
sample=2806	nanos=2151360	callbacks=256	result=ok
sample=2807	nanos=2147750	callbacks=256	result=ok
sample=2808	nanos=2149360	callbacks=256	result=ok
sample=2809	nanos=2146320	callbacks=256	result=ok
sample=2810	nanos=2150680	callbacks=256	result=ok
sample=2811	nanos=2178620	callbacks=256	result=ok
sample=2812	nanos=2150740	callbacks=256	result=ok
sample=2813	nanos=2152820	callbacks=256	result=ok
sample=2814	nanos=2152539	callbacks=256	result=ok
sample=2815	nanos=2149490	callbacks=256	result=ok
sample=2816	nanos=2154820	callbacks=256	result=ok
sample=2817	nanos=2153130	callbacks=256	result=ok
sample=2818	nanos=2190020	callbacks=256	result=ok
sample=2819	nanos=2154690	callbacks=256	result=ok
sample=2820	nanos=2148310	callbacks=256	result=ok
sample=2821	nanos=2158540	callbacks=256	result=ok
sample=2822	nanos=2152670	callbacks=256	result=ok
sample=2823	nanos=2153580	callbacks=256	result=ok
sample=2824	nanos=2177570	callbacks=256	result=ok
sample=2825	nanos=2154660	callbacks=256	result=ok
sample=2826	nanos=2152780	callbacks=256	result=ok
sample=2827	nanos=2166980	callbacks=256	result=ok
sample=2828	nanos=2154840	callbacks=256	result=ok
sample=2829	nanos=2158180	callbacks=256	result=ok
sample=2830	nanos=2172910	callbacks=256	result=ok
sample=2831	nanos=2163570	callbacks=256	result=ok
sample=2832	nanos=2155790	callbacks=256	result=ok
sample=2833	nanos=2153720	callbacks=256	result=ok
sample=2834	nanos=2154880	callbacks=256	result=ok
sample=2835	nanos=2150810	callbacks=256	result=ok
sample=2836	nanos=2166890	callbacks=256	result=ok
sample=2837	nanos=2160950	callbacks=256	result=ok
sample=2838	nanos=2157550	callbacks=256	result=ok
sample=2839	nanos=2153670	callbacks=256	result=ok
sample=2840	nanos=2155309	callbacks=256	result=ok
sample=2841	nanos=2148250	callbacks=256	result=ok
sample=2842	nanos=2157930	callbacks=256	result=ok
sample=2843	nanos=2168260	callbacks=256	result=ok
sample=2844	nanos=2158390	callbacks=256	result=ok
sample=2845	nanos=2155180	callbacks=256	result=ok
sample=2846	nanos=2148190	callbacks=256	result=ok
sample=2847	nanos=2152480	callbacks=256	result=ok
sample=2848	nanos=2150480	callbacks=256	result=ok
sample=2849	nanos=2166910	callbacks=256	result=ok
sample=2850	nanos=2149970	callbacks=256	result=ok
sample=2851	nanos=2171530	callbacks=256	result=ok
sample=2852	nanos=2148620	callbacks=256	result=ok
sample=2853	nanos=2155420	callbacks=256	result=ok
sample=2854	nanos=2146830	callbacks=256	result=ok
sample=2855	nanos=2151900	callbacks=256	result=ok
sample=2856	nanos=2167700	callbacks=256	result=ok
sample=2857	nanos=2159460	callbacks=256	result=ok
sample=2858	nanos=2149780	callbacks=256	result=ok
sample=2859	nanos=2147280	callbacks=256	result=ok
sample=2860	nanos=2152869	callbacks=256	result=ok
sample=2861	nanos=2151360	callbacks=256	result=ok
sample=2862	nanos=2166400	callbacks=256	result=ok
sample=2863	nanos=2147140	callbacks=256	result=ok
sample=2864	nanos=2163950	callbacks=256	result=ok
sample=2865	nanos=2145750	callbacks=256	result=ok
sample=2866	nanos=2153170	callbacks=256	result=ok
sample=2867	nanos=2149100	callbacks=256	result=ok
sample=2868	nanos=2164770	callbacks=256	result=ok
sample=2869	nanos=2152250	callbacks=256	result=ok
sample=2870	nanos=2149840	callbacks=256	result=ok
sample=2871	nanos=2171250	callbacks=256	result=ok
sample=2872	nanos=2150260	callbacks=256	result=ok
sample=2873	nanos=2152620	callbacks=256	result=ok
sample=2874	nanos=2146600	callbacks=256	result=ok
sample=2875	nanos=2167570	callbacks=256	result=ok
sample=2876	nanos=2149030	callbacks=256	result=ok
sample=2877	nanos=2158559	callbacks=256	result=ok
sample=2878	nanos=2160841	callbacks=256	result=ok
sample=2879	nanos=2158869	callbacks=256	result=ok
sample=2880	nanos=2149520	callbacks=256	result=ok
sample=2881	nanos=2167550	callbacks=256	result=ok
sample=2882	nanos=2152510	callbacks=256	result=ok
sample=2883	nanos=2149950	callbacks=256	result=ok
sample=2884	nanos=2163270	callbacks=256	result=ok
sample=2885	nanos=2152910	callbacks=256	result=ok
sample=2886	nanos=2153370	callbacks=256	result=ok
sample=2887	nanos=2151500	callbacks=256	result=ok
sample=2888	nanos=2168590	callbacks=256	result=ok
sample=2889	nanos=2149810	callbacks=256	result=ok
sample=2890	nanos=2154850	callbacks=256	result=ok
sample=2891	nanos=2156940	callbacks=256	result=ok
sample=2892	nanos=2152760	callbacks=256	result=ok
sample=2893	nanos=2155410	callbacks=256	result=ok
sample=2894	nanos=2168950	callbacks=256	result=ok
sample=2895	nanos=2153020	callbacks=256	result=ok
sample=2896	nanos=2150360	callbacks=256	result=ok
sample=2897	nanos=2157860	callbacks=256	result=ok
sample=2898	nanos=2164190	callbacks=256	result=ok
sample=2899	nanos=2157530	callbacks=256	result=ok
sample=2900	nanos=2165549	callbacks=256	result=ok
sample=2901	nanos=2160451	callbacks=256	result=ok
sample=2902	nanos=2148049	callbacks=256	result=ok
sample=2903	nanos=2155760	callbacks=256	result=ok
sample=2904	nanos=2161030	callbacks=256	result=ok
sample=2905	nanos=2155580	callbacks=256	result=ok
sample=2906	nanos=2149680	callbacks=256	result=ok
sample=2907	nanos=2168490	callbacks=256	result=ok
sample=2908	nanos=2150550	callbacks=256	result=ok
sample=2909	nanos=2152540	callbacks=256	result=ok
sample=2910	nanos=2151060	callbacks=256	result=ok
sample=2911	nanos=2160620	callbacks=256	result=ok
sample=2912	nanos=2152630	callbacks=256	result=ok
sample=2913	nanos=2161870	callbacks=256	result=ok
sample=2914	nanos=2153980	callbacks=256	result=ok
sample=2915	nanos=2147520	callbacks=256	result=ok
sample=2916	nanos=2178330	callbacks=256	result=ok
sample=2917	nanos=2164100	callbacks=256	result=ok
sample=2918	nanos=2154660	callbacks=256	result=ok
sample=2919	nanos=2163350	callbacks=256	result=ok
sample=2920	nanos=2152540	callbacks=256	result=ok
sample=2921	nanos=2154050	callbacks=256	result=ok
sample=2922	nanos=2150119	callbacks=256	result=ok
sample=2923	nanos=2158190	callbacks=256	result=ok
sample=2924	nanos=2165760	callbacks=256	result=ok
sample=2925	nanos=2156890	callbacks=256	result=ok
sample=2926	nanos=2163000	callbacks=256	result=ok
sample=2927	nanos=2155530	callbacks=256	result=ok
sample=2928	nanos=2152350	callbacks=256	result=ok
sample=2929	nanos=2152440	callbacks=256	result=ok
sample=2930	nanos=2150080	callbacks=256	result=ok
sample=2931	nanos=2166810	callbacks=256	result=ok
sample=2932	nanos=2163570	callbacks=256	result=ok
sample=2933	nanos=2153040	callbacks=256	result=ok
sample=2934	nanos=2159090	callbacks=256	result=ok
sample=2935	nanos=2153460	callbacks=256	result=ok
sample=2936	nanos=2152150	callbacks=256	result=ok
sample=2937	nanos=2155390	callbacks=256	result=ok
sample=2938	nanos=2154520	callbacks=256	result=ok
sample=2939	nanos=2162360	callbacks=256	result=ok
sample=2940	nanos=2149980	callbacks=256	result=ok
sample=2941	nanos=2147470	callbacks=256	result=ok
sample=2942	nanos=2159139	callbacks=256	result=ok
sample=2943	nanos=2146140	callbacks=256	result=ok
sample=2944	nanos=2161530	callbacks=256	result=ok
sample=2945	nanos=2163930	callbacks=256	result=ok
sample=2946	nanos=2149300	callbacks=256	result=ok
sample=2947	nanos=2152550	callbacks=256	result=ok
sample=2948	nanos=2150570	callbacks=256	result=ok
sample=2949	nanos=2155640	callbacks=256	result=ok
sample=2950	nanos=2147530	callbacks=256	result=ok
sample=2951	nanos=2176860	callbacks=256	result=ok
sample=2952	nanos=2149240	callbacks=256	result=ok
sample=2953	nanos=2152410	callbacks=256	result=ok
sample=2954	nanos=2151710	callbacks=256	result=ok
sample=2955	nanos=2151720	callbacks=256	result=ok
sample=2956	nanos=2149010	callbacks=256	result=ok
sample=2957	nanos=2157010	callbacks=256	result=ok
sample=2958	nanos=2180050	callbacks=256	result=ok
sample=2959	nanos=2152310	callbacks=256	result=ok
sample=2960	nanos=2157120	callbacks=256	result=ok
sample=2961	nanos=2152650	callbacks=256	result=ok
sample=2962	nanos=2157469	callbacks=256	result=ok
sample=2963	nanos=2157060	callbacks=256	result=ok
sample=2964	nanos=2186101	callbacks=256	result=ok
sample=2965	nanos=2154639	callbacks=256	result=ok
sample=2966	nanos=2154750	callbacks=256	result=ok
sample=2967	nanos=2153200	callbacks=256	result=ok
sample=2968	nanos=2160360	callbacks=256	result=ok
sample=2969	nanos=2152310	callbacks=256	result=ok
sample=2970	nanos=2172480	callbacks=256	result=ok
sample=2971	nanos=2167260	callbacks=256	result=ok
sample=2972	nanos=2150800	callbacks=256	result=ok
sample=2973	nanos=2155560	callbacks=256	result=ok
sample=2974	nanos=2151040	callbacks=256	result=ok
sample=2975	nanos=2154820	callbacks=256	result=ok
sample=2976	nanos=2154760	callbacks=256	result=ok
sample=2977	nanos=2181620	callbacks=256	result=ok
sample=2978	nanos=2152220	callbacks=256	result=ok
sample=2979	nanos=2157210	callbacks=256	result=ok
sample=2980	nanos=2151130	callbacks=256	result=ok
sample=2981	nanos=2157240	callbacks=256	result=ok
sample=2982	nanos=2153630	callbacks=256	result=ok
sample=2983	nanos=2170290	callbacks=256	result=ok
sample=2984	nanos=2167280	callbacks=256	result=ok
sample=2985	nanos=2153380	callbacks=256	result=ok
sample=2986	nanos=2159040	callbacks=256	result=ok
sample=2987	nanos=2153180	callbacks=256	result=ok
sample=2988	nanos=2156890	callbacks=256	result=ok
sample=2989	nanos=2170200	callbacks=256	result=ok
sample=2990	nanos=2164700	callbacks=256	result=ok
sample=2991	nanos=2157069	callbacks=256	result=ok
sample=2992	nanos=2155591	callbacks=256	result=ok
sample=2993	nanos=2153499	callbacks=256	result=ok
sample=2994	nanos=2154720	callbacks=256	result=ok
sample=2995	nanos=2150710	callbacks=256	result=ok
sample=2996	nanos=2168330	callbacks=256	result=ok
sample=2997	nanos=2167840	callbacks=256	result=ok
sample=2998	nanos=2152550	callbacks=256	result=ok
sample=2999	nanos=2155360	callbacks=256	result=ok
