after-cols__mce-alternatecontent-bad-choice__cols.xlsx	SHEETS	Sheet1
after-cols__mce-alternatecontent-bad-choice__cols.xlsx	Sheet1	A1	cell	reads=7	bytes=554	Err(MarkupCompatibility(NonConformant("Choice lacks Requires")))
after-cols__mce-alternatecontent-bad-choice__cols.xlsx	Sheet1	A2	cell	reads=7	bytes=554	Err(MarkupCompatibility(NonConformant("Choice lacks Requires")))
after-cols__mce-alternatecontent-bad-choice__cols.xlsx	Sheet1	B1	cell	reads=7	bytes=554	Err(MarkupCompatibility(NonConformant("Choice lacks Requires")))
after-cols__mce-alternatecontent-bad-choice__cols.xlsx	Sheet1	B2	cell	reads=7	bytes=554	Err(MarkupCompatibility(NonConformant("Choice lacks Requires")))
after-cols__mce-alternatecontent-bad-choice__cols.xlsx	Sheet1	C3	cell	reads=7	bytes=554	Err(MarkupCompatibility(NonConformant("Choice lacks Requires")))
after-cols__mce-alternatecontent-bad-choice__cols.xlsx	Sheet1	D4	cell	reads=7	bytes=554	Err(MarkupCompatibility(NonConformant("Choice lacks Requires")))
after-cols__mce-alternatecontent-bad-choice__cols.xlsx	Sheet1	E5	cell	reads=7	bytes=554	Err(MarkupCompatibility(NonConformant("Choice lacks Requires")))
after-cols__mce-alternatecontent-bad-choice__cols.xlsx	Sheet1	H680	cell	reads=7	bytes=554	Err(MarkupCompatibility(NonConformant("Choice lacks Requires")))
after-cols__mce-alternatecontent-bad-choice__cols.xlsx	Sheet1	M29	cell	reads=7	bytes=554	Err(MarkupCompatibility(NonConformant("Choice lacks Requires")))
after-cols__mce-alternatecontent-bad-choice__cols.xlsx	Sheet1	Z100	cell	reads=7	bytes=554	Err(MarkupCompatibility(NonConformant("Choice lacks Requires")))
after-cols__mce-alternatecontent-bad-choice__cols.xlsx	Sheet1	AA1	cell	reads=7	bytes=554	Err(MarkupCompatibility(NonConformant("Choice lacks Requires")))
after-cols__mce-alternatecontent-bad-choice__cols.xlsx	Sheet1	BA50	cell	reads=7	bytes=554	Err(MarkupCompatibility(NonConformant("Choice lacks Requires")))
after-cols__mce-alternatecontent-bad-choice__cols.xlsx	Sheet1	A1:E5	cells	reads=7	bytes=554	Err(MarkupCompatibility(NonConformant("Choice lacks Requires")))
after-cols__mce-alternatecontent-bad-choice__cols.xlsx	Sheet1	B1:B50	cells	reads=7	bytes=554	Err(MarkupCompatibility(NonConformant("Choice lacks Requires")))
after-cols__mce-alternatecontent-bad-choice__nocols.xlsx	SHEETS	Sheet1
after-cols__mce-alternatecontent-bad-choice__nocols.xlsx	Sheet1	A1	cell	reads=7	bytes=529	Err(MarkupCompatibility(NonConformant("Choice lacks Requires")))
after-cols__mce-alternatecontent-bad-choice__nocols.xlsx	Sheet1	A2	cell	reads=7	bytes=529	Err(MarkupCompatibility(NonConformant("Choice lacks Requires")))
after-cols__mce-alternatecontent-bad-choice__nocols.xlsx	Sheet1	B1	cell	reads=7	bytes=529	Err(MarkupCompatibility(NonConformant("Choice lacks Requires")))
after-cols__mce-alternatecontent-bad-choice__nocols.xlsx	Sheet1	B2	cell	reads=7	bytes=529	Err(MarkupCompatibility(NonConformant("Choice lacks Requires")))
after-cols__mce-alternatecontent-bad-choice__nocols.xlsx	Sheet1	C3	cell	reads=7	bytes=529	Err(MarkupCompatibility(NonConformant("Choice lacks Requires")))
after-cols__mce-alternatecontent-bad-choice__nocols.xlsx	Sheet1	D4	cell	reads=7	bytes=529	Err(MarkupCompatibility(NonConformant("Choice lacks Requires")))
after-cols__mce-alternatecontent-bad-choice__nocols.xlsx	Sheet1	E5	cell	reads=7	bytes=529	Err(MarkupCompatibility(NonConformant("Choice lacks Requires")))
after-cols__mce-alternatecontent-bad-choice__nocols.xlsx	Sheet1	H680	cell	reads=7	bytes=529	Err(MarkupCompatibility(NonConformant("Choice lacks Requires")))
after-cols__mce-alternatecontent-bad-choice__nocols.xlsx	Sheet1	M29	cell	reads=7	bytes=529	Err(MarkupCompatibility(NonConformant("Choice lacks Requires")))
after-cols__mce-alternatecontent-bad-choice__nocols.xlsx	Sheet1	Z100	cell	reads=7	bytes=529	Err(MarkupCompatibility(NonConformant("Choice lacks Requires")))
after-cols__mce-alternatecontent-bad-choice__nocols.xlsx	Sheet1	AA1	cell	reads=7	bytes=529	Err(MarkupCompatibility(NonConformant("Choice lacks Requires")))
after-cols__mce-alternatecontent-bad-choice__nocols.xlsx	Sheet1	BA50	cell	reads=7	bytes=529	Err(MarkupCompatibility(NonConformant("Choice lacks Requires")))
after-cols__mce-alternatecontent-bad-choice__nocols.xlsx	Sheet1	A1:E5	cells	reads=7	bytes=529	Err(MarkupCompatibility(NonConformant("Choice lacks Requires")))
after-cols__mce-alternatecontent-bad-choice__nocols.xlsx	Sheet1	B1:B50	cells	reads=7	bytes=529	Err(MarkupCompatibility(NonConformant("Choice lacks Requires")))
after-cols__mce-alternatecontent-empty__cols.xlsx	SHEETS	Sheet1
after-cols__mce-alternatecontent-empty__cols.xlsx	Sheet1	A1	cell	reads=7	bytes=535	Err(MarkupCompatibility(NonConformant("empty AlternateContent")))
after-cols__mce-alternatecontent-empty__cols.xlsx	Sheet1	A2	cell	reads=7	bytes=535	Err(MarkupCompatibility(NonConformant("empty AlternateContent")))
after-cols__mce-alternatecontent-empty__cols.xlsx	Sheet1	B1	cell	reads=7	bytes=535	Err(MarkupCompatibility(NonConformant("empty AlternateContent")))
after-cols__mce-alternatecontent-empty__cols.xlsx	Sheet1	B2	cell	reads=7	bytes=535	Err(MarkupCompatibility(NonConformant("empty AlternateContent")))
after-cols__mce-alternatecontent-empty__cols.xlsx	Sheet1	C3	cell	reads=7	bytes=535	Err(MarkupCompatibility(NonConformant("empty AlternateContent")))
after-cols__mce-alternatecontent-empty__cols.xlsx	Sheet1	D4	cell	reads=7	bytes=535	Err(MarkupCompatibility(NonConformant("empty AlternateContent")))
after-cols__mce-alternatecontent-empty__cols.xlsx	Sheet1	E5	cell	reads=7	bytes=535	Err(MarkupCompatibility(NonConformant("empty AlternateContent")))
after-cols__mce-alternatecontent-empty__cols.xlsx	Sheet1	H680	cell	reads=7	bytes=535	Err(MarkupCompatibility(NonConformant("empty AlternateContent")))
after-cols__mce-alternatecontent-empty__cols.xlsx	Sheet1	M29	cell	reads=7	bytes=535	Err(MarkupCompatibility(NonConformant("empty AlternateContent")))
after-cols__mce-alternatecontent-empty__cols.xlsx	Sheet1	Z100	cell	reads=7	bytes=535	Err(MarkupCompatibility(NonConformant("empty AlternateContent")))
after-cols__mce-alternatecontent-empty__cols.xlsx	Sheet1	AA1	cell	reads=7	bytes=535	Err(MarkupCompatibility(NonConformant("empty AlternateContent")))
after-cols__mce-alternatecontent-empty__cols.xlsx	Sheet1	BA50	cell	reads=7	bytes=535	Err(MarkupCompatibility(NonConformant("empty AlternateContent")))
after-cols__mce-alternatecontent-empty__cols.xlsx	Sheet1	A1:E5	cells	reads=7	bytes=535	Err(MarkupCompatibility(NonConformant("empty AlternateContent")))
after-cols__mce-alternatecontent-empty__cols.xlsx	Sheet1	B1:B50	cells	reads=7	bytes=535	Err(MarkupCompatibility(NonConformant("empty AlternateContent")))
after-cols__mce-alternatecontent-empty__nocols.xlsx	SHEETS	Sheet1
after-cols__mce-alternatecontent-empty__nocols.xlsx	Sheet1	A1	cell	reads=7	bytes=513	Err(MarkupCompatibility(NonConformant("empty AlternateContent")))
after-cols__mce-alternatecontent-empty__nocols.xlsx	Sheet1	A2	cell	reads=7	bytes=513	Err(MarkupCompatibility(NonConformant("empty AlternateContent")))
after-cols__mce-alternatecontent-empty__nocols.xlsx	Sheet1	B1	cell	reads=7	bytes=513	Err(MarkupCompatibility(NonConformant("empty AlternateContent")))
after-cols__mce-alternatecontent-empty__nocols.xlsx	Sheet1	B2	cell	reads=7	bytes=513	Err(MarkupCompatibility(NonConformant("empty AlternateContent")))
after-cols__mce-alternatecontent-empty__nocols.xlsx	Sheet1	C3	cell	reads=7	bytes=513	Err(MarkupCompatibility(NonConformant("empty AlternateContent")))
after-cols__mce-alternatecontent-empty__nocols.xlsx	Sheet1	D4	cell	reads=7	bytes=513	Err(MarkupCompatibility(NonConformant("empty AlternateContent")))
after-cols__mce-alternatecontent-empty__nocols.xlsx	Sheet1	E5	cell	reads=7	bytes=513	Err(MarkupCompatibility(NonConformant("empty AlternateContent")))
after-cols__mce-alternatecontent-empty__nocols.xlsx	Sheet1	H680	cell	reads=7	bytes=513	Err(MarkupCompatibility(NonConformant("empty AlternateContent")))
after-cols__mce-alternatecontent-empty__nocols.xlsx	Sheet1	M29	cell	reads=7	bytes=513	Err(MarkupCompatibility(NonConformant("empty AlternateContent")))
after-cols__mce-alternatecontent-empty__nocols.xlsx	Sheet1	Z100	cell	reads=7	bytes=513	Err(MarkupCompatibility(NonConformant("empty AlternateContent")))
after-cols__mce-alternatecontent-empty__nocols.xlsx	Sheet1	AA1	cell	reads=7	bytes=513	Err(MarkupCompatibility(NonConformant("empty AlternateContent")))
after-cols__mce-alternatecontent-empty__nocols.xlsx	Sheet1	BA50	cell	reads=7	bytes=513	Err(MarkupCompatibility(NonConformant("empty AlternateContent")))
after-cols__mce-alternatecontent-empty__nocols.xlsx	Sheet1	A1:E5	cells	reads=7	bytes=513	Err(MarkupCompatibility(NonConformant("empty AlternateContent")))
after-cols__mce-alternatecontent-empty__nocols.xlsx	Sheet1	B1:B50	cells	reads=7	bytes=513	Err(MarkupCompatibility(NonConformant("empty AlternateContent")))
after-cols__post-cols-duplicate-dimension__cols.xlsx	SHEETS	Sheet1
after-cols__post-cols-duplicate-dimension__cols.xlsx	Sheet1	A1	cell	reads=7	bytes=501	Err(Invalid("worksheet has duplicate dimension elements"))
after-cols__post-cols-duplicate-dimension__cols.xlsx	Sheet1	A2	cell	reads=7	bytes=501	Err(Invalid("worksheet has duplicate dimension elements"))
after-cols__post-cols-duplicate-dimension__cols.xlsx	Sheet1	B1	cell	reads=7	bytes=501	Err(Invalid("worksheet has duplicate dimension elements"))
after-cols__post-cols-duplicate-dimension__cols.xlsx	Sheet1	B2	cell	reads=7	bytes=501	Err(Invalid("worksheet has duplicate dimension elements"))
after-cols__post-cols-duplicate-dimension__cols.xlsx	Sheet1	C3	cell	reads=7	bytes=501	Err(Invalid("worksheet has duplicate dimension elements"))
after-cols__post-cols-duplicate-dimension__cols.xlsx	Sheet1	D4	cell	reads=7	bytes=501	Err(Invalid("worksheet has duplicate dimension elements"))
after-cols__post-cols-duplicate-dimension__cols.xlsx	Sheet1	E5	cell	reads=7	bytes=501	Err(Invalid("worksheet has duplicate dimension elements"))
after-cols__post-cols-duplicate-dimension__cols.xlsx	Sheet1	H680	cell	reads=7	bytes=501	Err(Invalid("worksheet has duplicate dimension elements"))
after-cols__post-cols-duplicate-dimension__cols.xlsx	Sheet1	M29	cell	reads=7	bytes=501	Err(Invalid("worksheet has duplicate dimension elements"))
after-cols__post-cols-duplicate-dimension__cols.xlsx	Sheet1	Z100	cell	reads=7	bytes=501	Err(Invalid("worksheet has duplicate dimension elements"))
after-cols__post-cols-duplicate-dimension__cols.xlsx	Sheet1	AA1	cell	reads=7	bytes=501	Err(Invalid("worksheet has duplicate dimension elements"))
after-cols__post-cols-duplicate-dimension__cols.xlsx	Sheet1	BA50	cell	reads=7	bytes=501	Err(Invalid("worksheet has duplicate dimension elements"))
after-cols__post-cols-duplicate-dimension__cols.xlsx	Sheet1	A1:E5	cells	reads=7	bytes=501	Err(Invalid("worksheet has duplicate dimension elements"))
after-cols__post-cols-duplicate-dimension__cols.xlsx	Sheet1	B1:B50	cells	reads=7	bytes=501	Err(Invalid("worksheet has duplicate dimension elements"))
after-cols__post-cols-duplicate-dimension__nocols.xlsx	SHEETS	Sheet1
after-cols__post-cols-duplicate-dimension__nocols.xlsx	Sheet1	A1	cell	reads=7	bytes=477	Err(Invalid("worksheet has duplicate dimension elements"))
after-cols__post-cols-duplicate-dimension__nocols.xlsx	Sheet1	A2	cell	reads=7	bytes=477	Err(Invalid("worksheet has duplicate dimension elements"))
after-cols__post-cols-duplicate-dimension__nocols.xlsx	Sheet1	B1	cell	reads=7	bytes=477	Err(Invalid("worksheet has duplicate dimension elements"))
after-cols__post-cols-duplicate-dimension__nocols.xlsx	Sheet1	B2	cell	reads=7	bytes=477	Err(Invalid("worksheet has duplicate dimension elements"))
after-cols__post-cols-duplicate-dimension__nocols.xlsx	Sheet1	C3	cell	reads=7	bytes=477	Err(Invalid("worksheet has duplicate dimension elements"))
after-cols__post-cols-duplicate-dimension__nocols.xlsx	Sheet1	D4	cell	reads=7	bytes=477	Err(Invalid("worksheet has duplicate dimension elements"))
after-cols__post-cols-duplicate-dimension__nocols.xlsx	Sheet1	E5	cell	reads=7	bytes=477	Err(Invalid("worksheet has duplicate dimension elements"))
after-cols__post-cols-duplicate-dimension__nocols.xlsx	Sheet1	H680	cell	reads=7	bytes=477	Err(Invalid("worksheet has duplicate dimension elements"))
after-cols__post-cols-duplicate-dimension__nocols.xlsx	Sheet1	M29	cell	reads=7	bytes=477	Err(Invalid("worksheet has duplicate dimension elements"))
after-cols__post-cols-duplicate-dimension__nocols.xlsx	Sheet1	Z100	cell	reads=7	bytes=477	Err(Invalid("worksheet has duplicate dimension elements"))
after-cols__post-cols-duplicate-dimension__nocols.xlsx	Sheet1	AA1	cell	reads=7	bytes=477	Err(Invalid("worksheet has duplicate dimension elements"))
after-cols__post-cols-duplicate-dimension__nocols.xlsx	Sheet1	BA50	cell	reads=7	bytes=477	Err(Invalid("worksheet has duplicate dimension elements"))
after-cols__post-cols-duplicate-dimension__nocols.xlsx	Sheet1	A1:E5	cells	reads=7	bytes=477	Err(Invalid("worksheet has duplicate dimension elements"))
after-cols__post-cols-duplicate-dimension__nocols.xlsx	Sheet1	B1:B50	cells	reads=7	bytes=477	Err(Invalid("worksheet has duplicate dimension elements"))
after-cols__post-cols-mismatched-end__cols.xlsx	SHEETS	Sheet1
after-cols__post-cols-mismatched-end__cols.xlsx	Sheet1	A1	cell	reads=7	bytes=506	Err(Invalid("invalid worksheet extension XML: ill-formed document: expected `</worksheet>`, but `</zzz>` was found"))
after-cols__post-cols-mismatched-end__cols.xlsx	Sheet1	A2	cell	reads=7	bytes=506	Err(Invalid("invalid worksheet extension XML: ill-formed document: expected `</worksheet>`, but `</zzz>` was found"))
after-cols__post-cols-mismatched-end__cols.xlsx	Sheet1	B1	cell	reads=7	bytes=506	Err(Invalid("invalid worksheet extension XML: ill-formed document: expected `</worksheet>`, but `</zzz>` was found"))
after-cols__post-cols-mismatched-end__cols.xlsx	Sheet1	B2	cell	reads=7	bytes=506	Err(Invalid("invalid worksheet extension XML: ill-formed document: expected `</worksheet>`, but `</zzz>` was found"))
after-cols__post-cols-mismatched-end__cols.xlsx	Sheet1	C3	cell	reads=7	bytes=506	Err(Invalid("invalid worksheet extension XML: ill-formed document: expected `</worksheet>`, but `</zzz>` was found"))
after-cols__post-cols-mismatched-end__cols.xlsx	Sheet1	D4	cell	reads=7	bytes=506	Err(Invalid("invalid worksheet extension XML: ill-formed document: expected `</worksheet>`, but `</zzz>` was found"))
after-cols__post-cols-mismatched-end__cols.xlsx	Sheet1	E5	cell	reads=7	bytes=506	Err(Invalid("invalid worksheet extension XML: ill-formed document: expected `</worksheet>`, but `</zzz>` was found"))
after-cols__post-cols-mismatched-end__cols.xlsx	Sheet1	H680	cell	reads=7	bytes=506	Err(Invalid("invalid worksheet extension XML: ill-formed document: expected `</worksheet>`, but `</zzz>` was found"))
after-cols__post-cols-mismatched-end__cols.xlsx	Sheet1	M29	cell	reads=7	bytes=506	Err(Invalid("invalid worksheet extension XML: ill-formed document: expected `</worksheet>`, but `</zzz>` was found"))
after-cols__post-cols-mismatched-end__cols.xlsx	Sheet1	Z100	cell	reads=7	bytes=506	Err(Invalid("invalid worksheet extension XML: ill-formed document: expected `</worksheet>`, but `</zzz>` was found"))
after-cols__post-cols-mismatched-end__cols.xlsx	Sheet1	AA1	cell	reads=7	bytes=506	Err(Invalid("invalid worksheet extension XML: ill-formed document: expected `</worksheet>`, but `</zzz>` was found"))
after-cols__post-cols-mismatched-end__cols.xlsx	Sheet1	BA50	cell	reads=7	bytes=506	Err(Invalid("invalid worksheet extension XML: ill-formed document: expected `</worksheet>`, but `</zzz>` was found"))
after-cols__post-cols-mismatched-end__cols.xlsx	Sheet1	A1:E5	cells	reads=7	bytes=506	Err(Invalid("invalid worksheet extension XML: ill-formed document: expected `</worksheet>`, but `</zzz>` was found"))
after-cols__post-cols-mismatched-end__cols.xlsx	Sheet1	B1:B50	cells	reads=7	bytes=506	Err(Invalid("invalid worksheet extension XML: ill-formed document: expected `</worksheet>`, but `</zzz>` was found"))
after-cols__post-cols-mismatched-end__nocols.xlsx	SHEETS	Sheet1
after-cols__post-cols-mismatched-end__nocols.xlsx	Sheet1	A1	cell	reads=7	bytes=482	Err(Invalid("invalid worksheet extension XML: ill-formed document: expected `</worksheet>`, but `</zzz>` was found"))
after-cols__post-cols-mismatched-end__nocols.xlsx	Sheet1	A2	cell	reads=7	bytes=482	Err(Invalid("invalid worksheet extension XML: ill-formed document: expected `</worksheet>`, but `</zzz>` was found"))
after-cols__post-cols-mismatched-end__nocols.xlsx	Sheet1	B1	cell	reads=7	bytes=482	Err(Invalid("invalid worksheet extension XML: ill-formed document: expected `</worksheet>`, but `</zzz>` was found"))
after-cols__post-cols-mismatched-end__nocols.xlsx	Sheet1	B2	cell	reads=7	bytes=482	Err(Invalid("invalid worksheet extension XML: ill-formed document: expected `</worksheet>`, but `</zzz>` was found"))
after-cols__post-cols-mismatched-end__nocols.xlsx	Sheet1	C3	cell	reads=7	bytes=482	Err(Invalid("invalid worksheet extension XML: ill-formed document: expected `</worksheet>`, but `</zzz>` was found"))
after-cols__post-cols-mismatched-end__nocols.xlsx	Sheet1	D4	cell	reads=7	bytes=482	Err(Invalid("invalid worksheet extension XML: ill-formed document: expected `</worksheet>`, but `</zzz>` was found"))
after-cols__post-cols-mismatched-end__nocols.xlsx	Sheet1	E5	cell	reads=7	bytes=482	Err(Invalid("invalid worksheet extension XML: ill-formed document: expected `</worksheet>`, but `</zzz>` was found"))
after-cols__post-cols-mismatched-end__nocols.xlsx	Sheet1	H680	cell	reads=7	bytes=482	Err(Invalid("invalid worksheet extension XML: ill-formed document: expected `</worksheet>`, but `</zzz>` was found"))
after-cols__post-cols-mismatched-end__nocols.xlsx	Sheet1	M29	cell	reads=7	bytes=482	Err(Invalid("invalid worksheet extension XML: ill-formed document: expected `</worksheet>`, but `</zzz>` was found"))
after-cols__post-cols-mismatched-end__nocols.xlsx	Sheet1	Z100	cell	reads=7	bytes=482	Err(Invalid("invalid worksheet extension XML: ill-formed document: expected `</worksheet>`, but `</zzz>` was found"))
after-cols__post-cols-mismatched-end__nocols.xlsx	Sheet1	AA1	cell	reads=7	bytes=482	Err(Invalid("invalid worksheet extension XML: ill-formed document: expected `</worksheet>`, but `</zzz>` was found"))
after-cols__post-cols-mismatched-end__nocols.xlsx	Sheet1	BA50	cell	reads=7	bytes=482	Err(Invalid("invalid worksheet extension XML: ill-formed document: expected `</worksheet>`, but `</zzz>` was found"))
after-cols__post-cols-mismatched-end__nocols.xlsx	Sheet1	A1:E5	cells	reads=7	bytes=482	Err(Invalid("invalid worksheet extension XML: ill-formed document: expected `</worksheet>`, but `</zzz>` was found"))
after-cols__post-cols-mismatched-end__nocols.xlsx	Sheet1	B1:B50	cells	reads=7	bytes=482	Err(Invalid("invalid worksheet extension XML: ill-formed document: expected `</worksheet>`, but `</zzz>` was found"))
after-sheetdata__dimension-after-sheetdata__cols.xlsx	SHEETS	Sheet1
after-sheetdata__dimension-after-sheetdata__cols.xlsx	Sheet1	A1	cell	reads=7	bytes=428	Err(Invalid("worksheet has duplicate dimension elements"))
after-sheetdata__dimension-after-sheetdata__cols.xlsx	Sheet1	A2	cell	reads=7	bytes=428	Err(Invalid("worksheet has duplicate dimension elements"))
after-sheetdata__dimension-after-sheetdata__cols.xlsx	Sheet1	B1	cell	reads=7	bytes=428	Err(Invalid("worksheet has duplicate dimension elements"))
after-sheetdata__dimension-after-sheetdata__cols.xlsx	Sheet1	B2	cell	reads=7	bytes=428	Err(Invalid("worksheet has duplicate dimension elements"))
after-sheetdata__dimension-after-sheetdata__cols.xlsx	Sheet1	C3	cell	reads=7	bytes=428	Err(Invalid("worksheet has duplicate dimension elements"))
after-sheetdata__dimension-after-sheetdata__cols.xlsx	Sheet1	D4	cell	reads=7	bytes=428	Err(Invalid("worksheet has duplicate dimension elements"))
after-sheetdata__dimension-after-sheetdata__cols.xlsx	Sheet1	E5	cell	reads=7	bytes=428	Err(Invalid("worksheet has duplicate dimension elements"))
after-sheetdata__dimension-after-sheetdata__cols.xlsx	Sheet1	H680	cell	reads=7	bytes=428	Err(Invalid("worksheet has duplicate dimension elements"))
after-sheetdata__dimension-after-sheetdata__cols.xlsx	Sheet1	M29	cell	reads=7	bytes=428	Err(Invalid("worksheet has duplicate dimension elements"))
after-sheetdata__dimension-after-sheetdata__cols.xlsx	Sheet1	Z100	cell	reads=7	bytes=428	Err(Invalid("worksheet has duplicate dimension elements"))
after-sheetdata__dimension-after-sheetdata__cols.xlsx	Sheet1	AA1	cell	reads=7	bytes=428	Err(Invalid("worksheet has duplicate dimension elements"))
after-sheetdata__dimension-after-sheetdata__cols.xlsx	Sheet1	BA50	cell	reads=7	bytes=428	Err(Invalid("worksheet has duplicate dimension elements"))
after-sheetdata__dimension-after-sheetdata__cols.xlsx	Sheet1	A1:E5	cells	reads=7	bytes=428	Err(Invalid("worksheet has duplicate dimension elements"))
after-sheetdata__dimension-after-sheetdata__cols.xlsx	Sheet1	B1:B50	cells	reads=7	bytes=428	Err(Invalid("worksheet has duplicate dimension elements"))
after-sheetdata__dimension-after-sheetdata__nocols.xlsx	SHEETS	Sheet1
after-sheetdata__dimension-after-sheetdata__nocols.xlsx	Sheet1	A1	cell	reads=7	bytes=406	Err(Invalid("worksheet has duplicate dimension elements"))
after-sheetdata__dimension-after-sheetdata__nocols.xlsx	Sheet1	A2	cell	reads=7	bytes=406	Err(Invalid("worksheet has duplicate dimension elements"))
after-sheetdata__dimension-after-sheetdata__nocols.xlsx	Sheet1	B1	cell	reads=7	bytes=406	Err(Invalid("worksheet has duplicate dimension elements"))
after-sheetdata__dimension-after-sheetdata__nocols.xlsx	Sheet1	B2	cell	reads=7	bytes=406	Err(Invalid("worksheet has duplicate dimension elements"))
after-sheetdata__dimension-after-sheetdata__nocols.xlsx	Sheet1	C3	cell	reads=7	bytes=406	Err(Invalid("worksheet has duplicate dimension elements"))
after-sheetdata__dimension-after-sheetdata__nocols.xlsx	Sheet1	D4	cell	reads=7	bytes=406	Err(Invalid("worksheet has duplicate dimension elements"))
after-sheetdata__dimension-after-sheetdata__nocols.xlsx	Sheet1	E5	cell	reads=7	bytes=406	Err(Invalid("worksheet has duplicate dimension elements"))
after-sheetdata__dimension-after-sheetdata__nocols.xlsx	Sheet1	H680	cell	reads=7	bytes=406	Err(Invalid("worksheet has duplicate dimension elements"))
after-sheetdata__dimension-after-sheetdata__nocols.xlsx	Sheet1	M29	cell	reads=7	bytes=406	Err(Invalid("worksheet has duplicate dimension elements"))
after-sheetdata__dimension-after-sheetdata__nocols.xlsx	Sheet1	Z100	cell	reads=7	bytes=406	Err(Invalid("worksheet has duplicate dimension elements"))
after-sheetdata__dimension-after-sheetdata__nocols.xlsx	Sheet1	AA1	cell	reads=7	bytes=406	Err(Invalid("worksheet has duplicate dimension elements"))
after-sheetdata__dimension-after-sheetdata__nocols.xlsx	Sheet1	BA50	cell	reads=7	bytes=406	Err(Invalid("worksheet has duplicate dimension elements"))
after-sheetdata__dimension-after-sheetdata__nocols.xlsx	Sheet1	A1:E5	cells	reads=7	bytes=406	Err(Invalid("worksheet has duplicate dimension elements"))
after-sheetdata__dimension-after-sheetdata__nocols.xlsx	Sheet1	B1:B50	cells	reads=7	bytes=406	Err(Invalid("worksheet has duplicate dimension elements"))
after-sheetdata__duplicate-mergecells__cols.xlsx	SHEETS	Sheet1
after-sheetdata__duplicate-mergecells__cols.xlsx	Sheet1	A1	cell	reads=7	bytes=459	Err(Invalid("worksheet mergeCells appears before sheetData"))
after-sheetdata__duplicate-mergecells__cols.xlsx	Sheet1	A2	cell	reads=7	bytes=459	Err(Invalid("worksheet mergeCells appears before sheetData"))
after-sheetdata__duplicate-mergecells__cols.xlsx	Sheet1	B1	cell	reads=7	bytes=459	Err(Invalid("worksheet mergeCells appears before sheetData"))
after-sheetdata__duplicate-mergecells__cols.xlsx	Sheet1	B2	cell	reads=7	bytes=459	Err(Invalid("worksheet mergeCells appears before sheetData"))
after-sheetdata__duplicate-mergecells__cols.xlsx	Sheet1	C3	cell	reads=7	bytes=459	Err(Invalid("worksheet mergeCells appears before sheetData"))
after-sheetdata__duplicate-mergecells__cols.xlsx	Sheet1	D4	cell	reads=7	bytes=459	Err(Invalid("worksheet mergeCells appears before sheetData"))
after-sheetdata__duplicate-mergecells__cols.xlsx	Sheet1	E5	cell	reads=7	bytes=459	Err(Invalid("worksheet mergeCells appears before sheetData"))
after-sheetdata__duplicate-mergecells__cols.xlsx	Sheet1	H680	cell	reads=7	bytes=459	Err(Invalid("worksheet mergeCells appears before sheetData"))
after-sheetdata__duplicate-mergecells__cols.xlsx	Sheet1	M29	cell	reads=7	bytes=459	Err(Invalid("worksheet mergeCells appears before sheetData"))
after-sheetdata__duplicate-mergecells__cols.xlsx	Sheet1	Z100	cell	reads=7	bytes=459	Err(Invalid("worksheet mergeCells appears before sheetData"))
after-sheetdata__duplicate-mergecells__cols.xlsx	Sheet1	AA1	cell	reads=7	bytes=459	Err(Invalid("worksheet mergeCells appears before sheetData"))
after-sheetdata__duplicate-mergecells__cols.xlsx	Sheet1	BA50	cell	reads=7	bytes=459	Err(Invalid("worksheet mergeCells appears before sheetData"))
after-sheetdata__duplicate-mergecells__cols.xlsx	Sheet1	A1:E5	cells	reads=7	bytes=459	Err(Invalid("worksheet mergeCells appears before sheetData"))
after-sheetdata__duplicate-mergecells__cols.xlsx	Sheet1	B1:B50	cells	reads=7	bytes=459	Err(Invalid("worksheet mergeCells appears before sheetData"))
after-sheetdata__duplicate-mergecells__nocols.xlsx	SHEETS	Sheet1
after-sheetdata__duplicate-mergecells__nocols.xlsx	Sheet1	A1	cell	reads=7	bytes=437	Err(Invalid("worksheet mergeCells appears before sheetData"))
after-sheetdata__duplicate-mergecells__nocols.xlsx	Sheet1	A2	cell	reads=7	bytes=437	Err(Invalid("worksheet mergeCells appears before sheetData"))
after-sheetdata__duplicate-mergecells__nocols.xlsx	Sheet1	B1	cell	reads=7	bytes=437	Err(Invalid("worksheet mergeCells appears before sheetData"))
after-sheetdata__duplicate-mergecells__nocols.xlsx	Sheet1	B2	cell	reads=7	bytes=437	Err(Invalid("worksheet mergeCells appears before sheetData"))
after-sheetdata__duplicate-mergecells__nocols.xlsx	Sheet1	C3	cell	reads=7	bytes=437	Err(Invalid("worksheet mergeCells appears before sheetData"))
after-sheetdata__duplicate-mergecells__nocols.xlsx	Sheet1	D4	cell	reads=7	bytes=437	Err(Invalid("worksheet mergeCells appears before sheetData"))
after-sheetdata__duplicate-mergecells__nocols.xlsx	Sheet1	E5	cell	reads=7	bytes=437	Err(Invalid("worksheet mergeCells appears before sheetData"))
after-sheetdata__duplicate-mergecells__nocols.xlsx	Sheet1	H680	cell	reads=7	bytes=437	Err(Invalid("worksheet mergeCells appears before sheetData"))
after-sheetdata__duplicate-mergecells__nocols.xlsx	Sheet1	M29	cell	reads=7	bytes=437	Err(Invalid("worksheet mergeCells appears before sheetData"))
after-sheetdata__duplicate-mergecells__nocols.xlsx	Sheet1	Z100	cell	reads=7	bytes=437	Err(Invalid("worksheet mergeCells appears before sheetData"))
after-sheetdata__duplicate-mergecells__nocols.xlsx	Sheet1	AA1	cell	reads=7	bytes=437	Err(Invalid("worksheet mergeCells appears before sheetData"))
after-sheetdata__duplicate-mergecells__nocols.xlsx	Sheet1	BA50	cell	reads=7	bytes=437	Err(Invalid("worksheet mergeCells appears before sheetData"))
after-sheetdata__duplicate-mergecells__nocols.xlsx	Sheet1	A1:E5	cells	reads=7	bytes=437	Err(Invalid("worksheet mergeCells appears before sheetData"))
after-sheetdata__duplicate-mergecells__nocols.xlsx	Sheet1	B1:B50	cells	reads=7	bytes=437	Err(Invalid("worksheet mergeCells appears before sheetData"))
after-sheetdata__merge-after-successor__cols.xlsx	SHEETS	Sheet1
after-sheetdata__merge-after-successor__cols.xlsx	Sheet1	A1	cell	reads=7	bytes=461	Err(Invalid("worksheet mergeCells appears before sheetData"))
after-sheetdata__merge-after-successor__cols.xlsx	Sheet1	A2	cell	reads=7	bytes=461	Err(Invalid("worksheet mergeCells appears before sheetData"))
after-sheetdata__merge-after-successor__cols.xlsx	Sheet1	B1	cell	reads=7	bytes=461	Err(Invalid("worksheet mergeCells appears before sheetData"))
after-sheetdata__merge-after-successor__cols.xlsx	Sheet1	B2	cell	reads=7	bytes=461	Err(Invalid("worksheet mergeCells appears before sheetData"))
after-sheetdata__merge-after-successor__cols.xlsx	Sheet1	C3	cell	reads=7	bytes=461	Err(Invalid("worksheet mergeCells appears before sheetData"))
after-sheetdata__merge-after-successor__cols.xlsx	Sheet1	D4	cell	reads=7	bytes=461	Err(Invalid("worksheet mergeCells appears before sheetData"))
after-sheetdata__merge-after-successor__cols.xlsx	Sheet1	E5	cell	reads=7	bytes=461	Err(Invalid("worksheet mergeCells appears before sheetData"))
after-sheetdata__merge-after-successor__cols.xlsx	Sheet1	H680	cell	reads=7	bytes=461	Err(Invalid("worksheet mergeCells appears before sheetData"))
after-sheetdata__merge-after-successor__cols.xlsx	Sheet1	M29	cell	reads=7	bytes=461	Err(Invalid("worksheet mergeCells appears before sheetData"))
after-sheetdata__merge-after-successor__cols.xlsx	Sheet1	Z100	cell	reads=7	bytes=461	Err(Invalid("worksheet mergeCells appears before sheetData"))
after-sheetdata__merge-after-successor__cols.xlsx	Sheet1	AA1	cell	reads=7	bytes=461	Err(Invalid("worksheet mergeCells appears before sheetData"))
after-sheetdata__merge-after-successor__cols.xlsx	Sheet1	BA50	cell	reads=7	bytes=461	Err(Invalid("worksheet mergeCells appears before sheetData"))
after-sheetdata__merge-after-successor__cols.xlsx	Sheet1	A1:E5	cells	reads=7	bytes=461	Err(Invalid("worksheet mergeCells appears before sheetData"))
after-sheetdata__merge-after-successor__cols.xlsx	Sheet1	B1:B50	cells	reads=7	bytes=461	Err(Invalid("worksheet mergeCells appears before sheetData"))
after-sheetdata__merge-after-successor__nocols.xlsx	SHEETS	Sheet1
after-sheetdata__merge-after-successor__nocols.xlsx	Sheet1	A1	cell	reads=7	bytes=437	Err(Invalid("worksheet mergeCells appears before sheetData"))
after-sheetdata__merge-after-successor__nocols.xlsx	Sheet1	A2	cell	reads=7	bytes=437	Err(Invalid("worksheet mergeCells appears before sheetData"))
after-sheetdata__merge-after-successor__nocols.xlsx	Sheet1	B1	cell	reads=7	bytes=437	Err(Invalid("worksheet mergeCells appears before sheetData"))
after-sheetdata__merge-after-successor__nocols.xlsx	Sheet1	B2	cell	reads=7	bytes=437	Err(Invalid("worksheet mergeCells appears before sheetData"))
after-sheetdata__merge-after-successor__nocols.xlsx	Sheet1	C3	cell	reads=7	bytes=437	Err(Invalid("worksheet mergeCells appears before sheetData"))
after-sheetdata__merge-after-successor__nocols.xlsx	Sheet1	D4	cell	reads=7	bytes=437	Err(Invalid("worksheet mergeCells appears before sheetData"))
after-sheetdata__merge-after-successor__nocols.xlsx	Sheet1	E5	cell	reads=7	bytes=437	Err(Invalid("worksheet mergeCells appears before sheetData"))
after-sheetdata__merge-after-successor__nocols.xlsx	Sheet1	H680	cell	reads=7	bytes=437	Err(Invalid("worksheet mergeCells appears before sheetData"))
after-sheetdata__merge-after-successor__nocols.xlsx	Sheet1	M29	cell	reads=7	bytes=437	Err(Invalid("worksheet mergeCells appears before sheetData"))
after-sheetdata__merge-after-successor__nocols.xlsx	Sheet1	Z100	cell	reads=7	bytes=437	Err(Invalid("worksheet mergeCells appears before sheetData"))
after-sheetdata__merge-after-successor__nocols.xlsx	Sheet1	AA1	cell	reads=7	bytes=437	Err(Invalid("worksheet mergeCells appears before sheetData"))
after-sheetdata__merge-after-successor__nocols.xlsx	Sheet1	BA50	cell	reads=7	bytes=437	Err(Invalid("worksheet mergeCells appears before sheetData"))
after-sheetdata__merge-after-successor__nocols.xlsx	Sheet1	A1:E5	cells	reads=7	bytes=437	Err(Invalid("worksheet mergeCells appears before sheetData"))
after-sheetdata__merge-after-successor__nocols.xlsx	Sheet1	B1:B50	cells	reads=7	bytes=437	Err(Invalid("worksheet mergeCells appears before sheetData"))
after-sheetdata__merge-bad-ref__cols.xlsx	SHEETS	Sheet1
after-sheetdata__merge-bad-ref__cols.xlsx	Sheet1	A1	cell	reads=7	bytes=450	Err(Invalid("worksheet mergeCells appears before sheetData"))
after-sheetdata__merge-bad-ref__cols.xlsx	Sheet1	A2	cell	reads=7	bytes=450	Err(Invalid("worksheet mergeCells appears before sheetData"))
after-sheetdata__merge-bad-ref__cols.xlsx	Sheet1	B1	cell	reads=7	bytes=450	Err(Invalid("worksheet mergeCells appears before sheetData"))
after-sheetdata__merge-bad-ref__cols.xlsx	Sheet1	B2	cell	reads=7	bytes=450	Err(Invalid("worksheet mergeCells appears before sheetData"))
after-sheetdata__merge-bad-ref__cols.xlsx	Sheet1	C3	cell	reads=7	bytes=450	Err(Invalid("worksheet mergeCells appears before sheetData"))
after-sheetdata__merge-bad-ref__cols.xlsx	Sheet1	D4	cell	reads=7	bytes=450	Err(Invalid("worksheet mergeCells appears before sheetData"))
after-sheetdata__merge-bad-ref__cols.xlsx	Sheet1	E5	cell	reads=7	bytes=450	Err(Invalid("worksheet mergeCells appears before sheetData"))
after-sheetdata__merge-bad-ref__cols.xlsx	Sheet1	H680	cell	reads=7	bytes=450	Err(Invalid("worksheet mergeCells appears before sheetData"))
after-sheetdata__merge-bad-ref__cols.xlsx	Sheet1	M29	cell	reads=7	bytes=450	Err(Invalid("worksheet mergeCells appears before sheetData"))
after-sheetdata__merge-bad-ref__cols.xlsx	Sheet1	Z100	cell	reads=7	bytes=450	Err(Invalid("worksheet mergeCells appears before sheetData"))
after-sheetdata__merge-bad-ref__cols.xlsx	Sheet1	AA1	cell	reads=7	bytes=450	Err(Invalid("worksheet mergeCells appears before sheetData"))
after-sheetdata__merge-bad-ref__cols.xlsx	Sheet1	BA50	cell	reads=7	bytes=450	Err(Invalid("worksheet mergeCells appears before sheetData"))
after-sheetdata__merge-bad-ref__cols.xlsx	Sheet1	A1:E5	cells	reads=7	bytes=450	Err(Invalid("worksheet mergeCells appears before sheetData"))
after-sheetdata__merge-bad-ref__cols.xlsx	Sheet1	B1:B50	cells	reads=7	bytes=450	Err(Invalid("worksheet mergeCells appears before sheetData"))
after-sheetdata__merge-bad-ref__nocols.xlsx	SHEETS	Sheet1
after-sheetdata__merge-bad-ref__nocols.xlsx	Sheet1	A1	cell	reads=7	bytes=426	Err(Invalid("worksheet mergeCells appears before sheetData"))
after-sheetdata__merge-bad-ref__nocols.xlsx	Sheet1	A2	cell	reads=7	bytes=426	Err(Invalid("worksheet mergeCells appears before sheetData"))
after-sheetdata__merge-bad-ref__nocols.xlsx	Sheet1	B1	cell	reads=7	bytes=426	Err(Invalid("worksheet mergeCells appears before sheetData"))
after-sheetdata__merge-bad-ref__nocols.xlsx	Sheet1	B2	cell	reads=7	bytes=426	Err(Invalid("worksheet mergeCells appears before sheetData"))
after-sheetdata__merge-bad-ref__nocols.xlsx	Sheet1	C3	cell	reads=7	bytes=426	Err(Invalid("worksheet mergeCells appears before sheetData"))
after-sheetdata__merge-bad-ref__nocols.xlsx	Sheet1	D4	cell	reads=7	bytes=426	Err(Invalid("worksheet mergeCells appears before sheetData"))
after-sheetdata__merge-bad-ref__nocols.xlsx	Sheet1	E5	cell	reads=7	bytes=426	Err(Invalid("worksheet mergeCells appears before sheetData"))
after-sheetdata__merge-bad-ref__nocols.xlsx	Sheet1	H680	cell	reads=7	bytes=426	Err(Invalid("worksheet mergeCells appears before sheetData"))
after-sheetdata__merge-bad-ref__nocols.xlsx	Sheet1	M29	cell	reads=7	bytes=426	Err(Invalid("worksheet mergeCells appears before sheetData"))
after-sheetdata__merge-bad-ref__nocols.xlsx	Sheet1	Z100	cell	reads=7	bytes=426	Err(Invalid("worksheet mergeCells appears before sheetData"))
after-sheetdata__merge-bad-ref__nocols.xlsx	Sheet1	AA1	cell	reads=7	bytes=426	Err(Invalid("worksheet mergeCells appears before sheetData"))
after-sheetdata__merge-bad-ref__nocols.xlsx	Sheet1	BA50	cell	reads=7	bytes=426	Err(Invalid("worksheet mergeCells appears before sheetData"))
after-sheetdata__merge-bad-ref__nocols.xlsx	Sheet1	A1:E5	cells	reads=7	bytes=426	Err(Invalid("worksheet mergeCells appears before sheetData"))
after-sheetdata__merge-bad-ref__nocols.xlsx	Sheet1	B1:B50	cells	reads=7	bytes=426	Err(Invalid("worksheet mergeCells appears before sheetData"))
after-sheetdata__merge-count-mismatch__cols.xlsx	SHEETS	Sheet1
after-sheetdata__merge-count-mismatch__cols.xlsx	Sheet1	A1	cell	reads=7	bytes=451	Err(Invalid("worksheet mergeCells appears before sheetData"))
after-sheetdata__merge-count-mismatch__cols.xlsx	Sheet1	A2	cell	reads=7	bytes=451	Err(Invalid("worksheet mergeCells appears before sheetData"))
after-sheetdata__merge-count-mismatch__cols.xlsx	Sheet1	B1	cell	reads=7	bytes=451	Err(Invalid("worksheet mergeCells appears before sheetData"))
after-sheetdata__merge-count-mismatch__cols.xlsx	Sheet1	B2	cell	reads=7	bytes=451	Err(Invalid("worksheet mergeCells appears before sheetData"))
after-sheetdata__merge-count-mismatch__cols.xlsx	Sheet1	C3	cell	reads=7	bytes=451	Err(Invalid("worksheet mergeCells appears before sheetData"))
after-sheetdata__merge-count-mismatch__cols.xlsx	Sheet1	D4	cell	reads=7	bytes=451	Err(Invalid("worksheet mergeCells appears before sheetData"))
after-sheetdata__merge-count-mismatch__cols.xlsx	Sheet1	E5	cell	reads=7	bytes=451	Err(Invalid("worksheet mergeCells appears before sheetData"))
after-sheetdata__merge-count-mismatch__cols.xlsx	Sheet1	H680	cell	reads=7	bytes=451	Err(Invalid("worksheet mergeCells appears before sheetData"))
after-sheetdata__merge-count-mismatch__cols.xlsx	Sheet1	M29	cell	reads=7	bytes=451	Err(Invalid("worksheet mergeCells appears before sheetData"))
after-sheetdata__merge-count-mismatch__cols.xlsx	Sheet1	Z100	cell	reads=7	bytes=451	Err(Invalid("worksheet mergeCells appears before sheetData"))
after-sheetdata__merge-count-mismatch__cols.xlsx	Sheet1	AA1	cell	reads=7	bytes=451	Err(Invalid("worksheet mergeCells appears before sheetData"))
after-sheetdata__merge-count-mismatch__cols.xlsx	Sheet1	BA50	cell	reads=7	bytes=451	Err(Invalid("worksheet mergeCells appears before sheetData"))
after-sheetdata__merge-count-mismatch__cols.xlsx	Sheet1	A1:E5	cells	reads=7	bytes=451	Err(Invalid("worksheet mergeCells appears before sheetData"))
after-sheetdata__merge-count-mismatch__cols.xlsx	Sheet1	B1:B50	cells	reads=7	bytes=451	Err(Invalid("worksheet mergeCells appears before sheetData"))
after-sheetdata__merge-count-mismatch__nocols.xlsx	SHEETS	Sheet1
after-sheetdata__merge-count-mismatch__nocols.xlsx	Sheet1	A1	cell	reads=7	bytes=429	Err(Invalid("worksheet mergeCells appears before sheetData"))
after-sheetdata__merge-count-mismatch__nocols.xlsx	Sheet1	A2	cell	reads=7	bytes=429	Err(Invalid("worksheet mergeCells appears before sheetData"))
after-sheetdata__merge-count-mismatch__nocols.xlsx	Sheet1	B1	cell	reads=7	bytes=429	Err(Invalid("worksheet mergeCells appears before sheetData"))
after-sheetdata__merge-count-mismatch__nocols.xlsx	Sheet1	B2	cell	reads=7	bytes=429	Err(Invalid("worksheet mergeCells appears before sheetData"))
after-sheetdata__merge-count-mismatch__nocols.xlsx	Sheet1	C3	cell	reads=7	bytes=429	Err(Invalid("worksheet mergeCells appears before sheetData"))
after-sheetdata__merge-count-mismatch__nocols.xlsx	Sheet1	D4	cell	reads=7	bytes=429	Err(Invalid("worksheet mergeCells appears before sheetData"))
after-sheetdata__merge-count-mismatch__nocols.xlsx	Sheet1	E5	cell	reads=7	bytes=429	Err(Invalid("worksheet mergeCells appears before sheetData"))
after-sheetdata__merge-count-mismatch__nocols.xlsx	Sheet1	H680	cell	reads=7	bytes=429	Err(Invalid("worksheet mergeCells appears before sheetData"))
after-sheetdata__merge-count-mismatch__nocols.xlsx	Sheet1	M29	cell	reads=7	bytes=429	Err(Invalid("worksheet mergeCells appears before sheetData"))
after-sheetdata__merge-count-mismatch__nocols.xlsx	Sheet1	Z100	cell	reads=7	bytes=429	Err(Invalid("worksheet mergeCells appears before sheetData"))
after-sheetdata__merge-count-mismatch__nocols.xlsx	Sheet1	AA1	cell	reads=7	bytes=429	Err(Invalid("worksheet mergeCells appears before sheetData"))
after-sheetdata__merge-count-mismatch__nocols.xlsx	Sheet1	BA50	cell	reads=7	bytes=429	Err(Invalid("worksheet mergeCells appears before sheetData"))
after-sheetdata__merge-count-mismatch__nocols.xlsx	Sheet1	A1:E5	cells	reads=7	bytes=429	Err(Invalid("worksheet mergeCells appears before sheetData"))
after-sheetdata__merge-count-mismatch__nocols.xlsx	Sheet1	B1:B50	cells	reads=7	bytes=429	Err(Invalid("worksheet mergeCells appears before sheetData"))
after-sheetdata__second-root__cols.xlsx	SHEETS	Sheet1
after-sheetdata__second-root__cols.xlsx	Sheet1	A1	cell	reads=7	bytes=502	Err(MarkupCompatibility(NonConformant("multiple roots")))
after-sheetdata__second-root__cols.xlsx	Sheet1	A2	cell	reads=7	bytes=502	Err(MarkupCompatibility(NonConformant("multiple roots")))
after-sheetdata__second-root__cols.xlsx	Sheet1	B1	cell	reads=7	bytes=502	Err(MarkupCompatibility(NonConformant("multiple roots")))
after-sheetdata__second-root__cols.xlsx	Sheet1	B2	cell	reads=7	bytes=502	Err(MarkupCompatibility(NonConformant("multiple roots")))
after-sheetdata__second-root__cols.xlsx	Sheet1	C3	cell	reads=7	bytes=502	Err(MarkupCompatibility(NonConformant("multiple roots")))
after-sheetdata__second-root__cols.xlsx	Sheet1	D4	cell	reads=7	bytes=502	Err(MarkupCompatibility(NonConformant("multiple roots")))
after-sheetdata__second-root__cols.xlsx	Sheet1	E5	cell	reads=7	bytes=502	Err(MarkupCompatibility(NonConformant("multiple roots")))
after-sheetdata__second-root__cols.xlsx	Sheet1	H680	cell	reads=7	bytes=502	Err(MarkupCompatibility(NonConformant("multiple roots")))
after-sheetdata__second-root__cols.xlsx	Sheet1	M29	cell	reads=7	bytes=502	Err(MarkupCompatibility(NonConformant("multiple roots")))
after-sheetdata__second-root__cols.xlsx	Sheet1	Z100	cell	reads=7	bytes=502	Err(MarkupCompatibility(NonConformant("multiple roots")))
after-sheetdata__second-root__cols.xlsx	Sheet1	AA1	cell	reads=7	bytes=502	Err(MarkupCompatibility(NonConformant("multiple roots")))
after-sheetdata__second-root__cols.xlsx	Sheet1	BA50	cell	reads=7	bytes=502	Err(MarkupCompatibility(NonConformant("multiple roots")))
after-sheetdata__second-root__cols.xlsx	Sheet1	A1:E5	cells	reads=7	bytes=502	Err(MarkupCompatibility(NonConformant("multiple roots")))
after-sheetdata__second-root__cols.xlsx	Sheet1	B1:B50	cells	reads=7	bytes=502	Err(MarkupCompatibility(NonConformant("multiple roots")))
after-sheetdata__second-root__nocols.xlsx	SHEETS	Sheet1
after-sheetdata__second-root__nocols.xlsx	Sheet1	A1	cell	reads=7	bytes=479	Err(MarkupCompatibility(NonConformant("multiple roots")))
after-sheetdata__second-root__nocols.xlsx	Sheet1	A2	cell	reads=7	bytes=479	Err(MarkupCompatibility(NonConformant("multiple roots")))
after-sheetdata__second-root__nocols.xlsx	Sheet1	B1	cell	reads=7	bytes=479	Err(MarkupCompatibility(NonConformant("multiple roots")))
after-sheetdata__second-root__nocols.xlsx	Sheet1	B2	cell	reads=7	bytes=479	Err(MarkupCompatibility(NonConformant("multiple roots")))
after-sheetdata__second-root__nocols.xlsx	Sheet1	C3	cell	reads=7	bytes=479	Err(MarkupCompatibility(NonConformant("multiple roots")))
after-sheetdata__second-root__nocols.xlsx	Sheet1	D4	cell	reads=7	bytes=479	Err(MarkupCompatibility(NonConformant("multiple roots")))
after-sheetdata__second-root__nocols.xlsx	Sheet1	E5	cell	reads=7	bytes=479	Err(MarkupCompatibility(NonConformant("multiple roots")))
after-sheetdata__second-root__nocols.xlsx	Sheet1	H680	cell	reads=7	bytes=479	Err(MarkupCompatibility(NonConformant("multiple roots")))
after-sheetdata__second-root__nocols.xlsx	Sheet1	M29	cell	reads=7	bytes=479	Err(MarkupCompatibility(NonConformant("multiple roots")))
after-sheetdata__second-root__nocols.xlsx	Sheet1	Z100	cell	reads=7	bytes=479	Err(MarkupCompatibility(NonConformant("multiple roots")))
after-sheetdata__second-root__nocols.xlsx	Sheet1	AA1	cell	reads=7	bytes=479	Err(MarkupCompatibility(NonConformant("multiple roots")))
after-sheetdata__second-root__nocols.xlsx	Sheet1	BA50	cell	reads=7	bytes=479	Err(MarkupCompatibility(NonConformant("multiple roots")))
after-sheetdata__second-root__nocols.xlsx	Sheet1	A1:E5	cells	reads=7	bytes=479	Err(MarkupCompatibility(NonConformant("multiple roots")))
after-sheetdata__second-root__nocols.xlsx	Sheet1	B1:B50	cells	reads=7	bytes=479	Err(MarkupCompatibility(NonConformant("multiple roots")))
after-sheetdata__tail-mismatched-end__cols.xlsx	SHEETS	Sheet1
after-sheetdata__tail-mismatched-end__cols.xlsx	Sheet1	A1	cell	reads=7	bytes=439	Err(Invalid("invalid worksheet extension XML: ill-formed document: expected `</worksheet>`, but `</nope>` was found"))
after-sheetdata__tail-mismatched-end__cols.xlsx	Sheet1	A2	cell	reads=7	bytes=439	Err(Invalid("invalid worksheet extension XML: ill-formed document: expected `</worksheet>`, but `</nope>` was found"))
after-sheetdata__tail-mismatched-end__cols.xlsx	Sheet1	B1	cell	reads=7	bytes=439	Err(Invalid("invalid worksheet extension XML: ill-formed document: expected `</worksheet>`, but `</nope>` was found"))
after-sheetdata__tail-mismatched-end__cols.xlsx	Sheet1	B2	cell	reads=7	bytes=439	Err(Invalid("invalid worksheet extension XML: ill-formed document: expected `</worksheet>`, but `</nope>` was found"))
after-sheetdata__tail-mismatched-end__cols.xlsx	Sheet1	C3	cell	reads=7	bytes=439	Err(Invalid("invalid worksheet extension XML: ill-formed document: expected `</worksheet>`, but `</nope>` was found"))
after-sheetdata__tail-mismatched-end__cols.xlsx	Sheet1	D4	cell	reads=7	bytes=439	Err(Invalid("invalid worksheet extension XML: ill-formed document: expected `</worksheet>`, but `</nope>` was found"))
after-sheetdata__tail-mismatched-end__cols.xlsx	Sheet1	E5	cell	reads=7	bytes=439	Err(Invalid("invalid worksheet extension XML: ill-formed document: expected `</worksheet>`, but `</nope>` was found"))
after-sheetdata__tail-mismatched-end__cols.xlsx	Sheet1	H680	cell	reads=7	bytes=439	Err(Invalid("invalid worksheet extension XML: ill-formed document: expected `</worksheet>`, but `</nope>` was found"))
after-sheetdata__tail-mismatched-end__cols.xlsx	Sheet1	M29	cell	reads=7	bytes=439	Err(Invalid("invalid worksheet extension XML: ill-formed document: expected `</worksheet>`, but `</nope>` was found"))
after-sheetdata__tail-mismatched-end__cols.xlsx	Sheet1	Z100	cell	reads=7	bytes=439	Err(Invalid("invalid worksheet extension XML: ill-formed document: expected `</worksheet>`, but `</nope>` was found"))
after-sheetdata__tail-mismatched-end__cols.xlsx	Sheet1	AA1	cell	reads=7	bytes=439	Err(Invalid("invalid worksheet extension XML: ill-formed document: expected `</worksheet>`, but `</nope>` was found"))
after-sheetdata__tail-mismatched-end__cols.xlsx	Sheet1	BA50	cell	reads=7	bytes=439	Err(Invalid("invalid worksheet extension XML: ill-formed document: expected `</worksheet>`, but `</nope>` was found"))
after-sheetdata__tail-mismatched-end__cols.xlsx	Sheet1	A1:E5	cells	reads=7	bytes=439	Err(Invalid("invalid worksheet extension XML: ill-formed document: expected `</worksheet>`, but `</nope>` was found"))
after-sheetdata__tail-mismatched-end__cols.xlsx	Sheet1	B1:B50	cells	reads=7	bytes=439	Err(Invalid("invalid worksheet extension XML: ill-formed document: expected `</worksheet>`, but `</nope>` was found"))
after-sheetdata__tail-mismatched-end__nocols.xlsx	SHEETS	Sheet1
after-sheetdata__tail-mismatched-end__nocols.xlsx	Sheet1	A1	cell	reads=7	bytes=416	Err(Invalid("invalid worksheet extension XML: ill-formed document: expected `</worksheet>`, but `</nope>` was found"))
after-sheetdata__tail-mismatched-end__nocols.xlsx	Sheet1	A2	cell	reads=7	bytes=416	Err(Invalid("invalid worksheet extension XML: ill-formed document: expected `</worksheet>`, but `</nope>` was found"))
after-sheetdata__tail-mismatched-end__nocols.xlsx	Sheet1	B1	cell	reads=7	bytes=416	Err(Invalid("invalid worksheet extension XML: ill-formed document: expected `</worksheet>`, but `</nope>` was found"))
after-sheetdata__tail-mismatched-end__nocols.xlsx	Sheet1	B2	cell	reads=7	bytes=416	Err(Invalid("invalid worksheet extension XML: ill-formed document: expected `</worksheet>`, but `</nope>` was found"))
after-sheetdata__tail-mismatched-end__nocols.xlsx	Sheet1	C3	cell	reads=7	bytes=416	Err(Invalid("invalid worksheet extension XML: ill-formed document: expected `</worksheet>`, but `</nope>` was found"))
after-sheetdata__tail-mismatched-end__nocols.xlsx	Sheet1	D4	cell	reads=7	bytes=416	Err(Invalid("invalid worksheet extension XML: ill-formed document: expected `</worksheet>`, but `</nope>` was found"))
after-sheetdata__tail-mismatched-end__nocols.xlsx	Sheet1	E5	cell	reads=7	bytes=416	Err(Invalid("invalid worksheet extension XML: ill-formed document: expected `</worksheet>`, but `</nope>` was found"))
after-sheetdata__tail-mismatched-end__nocols.xlsx	Sheet1	H680	cell	reads=7	bytes=416	Err(Invalid("invalid worksheet extension XML: ill-formed document: expected `</worksheet>`, but `</nope>` was found"))
after-sheetdata__tail-mismatched-end__nocols.xlsx	Sheet1	M29	cell	reads=7	bytes=416	Err(Invalid("invalid worksheet extension XML: ill-formed document: expected `</worksheet>`, but `</nope>` was found"))
after-sheetdata__tail-mismatched-end__nocols.xlsx	Sheet1	Z100	cell	reads=7	bytes=416	Err(Invalid("invalid worksheet extension XML: ill-formed document: expected `</worksheet>`, but `</nope>` was found"))
after-sheetdata__tail-mismatched-end__nocols.xlsx	Sheet1	AA1	cell	reads=7	bytes=416	Err(Invalid("invalid worksheet extension XML: ill-formed document: expected `</worksheet>`, but `</nope>` was found"))
after-sheetdata__tail-mismatched-end__nocols.xlsx	Sheet1	BA50	cell	reads=7	bytes=416	Err(Invalid("invalid worksheet extension XML: ill-formed document: expected `</worksheet>`, but `</nope>` was found"))
after-sheetdata__tail-mismatched-end__nocols.xlsx	Sheet1	A1:E5	cells	reads=7	bytes=416	Err(Invalid("invalid worksheet extension XML: ill-formed document: expected `</worksheet>`, but `</nope>` was found"))
after-sheetdata__tail-mismatched-end__nocols.xlsx	Sheet1	B1:B50	cells	reads=7	bytes=416	Err(Invalid("invalid worksheet extension XML: ill-formed document: expected `</worksheet>`, but `</nope>` was found"))
after-sheetdata__trailing-unclosed-root__cols.xlsx	SHEETS	Sheet1
after-sheetdata__trailing-unclosed-root__cols.xlsx	Sheet1	A1	cell	reads=7	bytes=494	Err(MarkupCompatibility(NonConformant("unterminated XML")))
after-sheetdata__trailing-unclosed-root__cols.xlsx	Sheet1	A2	cell	reads=7	bytes=494	Err(MarkupCompatibility(NonConformant("unterminated XML")))
after-sheetdata__trailing-unclosed-root__cols.xlsx	Sheet1	B1	cell	reads=7	bytes=494	Err(MarkupCompatibility(NonConformant("unterminated XML")))
after-sheetdata__trailing-unclosed-root__cols.xlsx	Sheet1	B2	cell	reads=7	bytes=494	Err(MarkupCompatibility(NonConformant("unterminated XML")))
after-sheetdata__trailing-unclosed-root__cols.xlsx	Sheet1	C3	cell	reads=7	bytes=494	Err(MarkupCompatibility(NonConformant("unterminated XML")))
after-sheetdata__trailing-unclosed-root__cols.xlsx	Sheet1	D4	cell	reads=7	bytes=494	Err(MarkupCompatibility(NonConformant("unterminated XML")))
after-sheetdata__trailing-unclosed-root__cols.xlsx	Sheet1	E5	cell	reads=7	bytes=494	Err(MarkupCompatibility(NonConformant("unterminated XML")))
after-sheetdata__trailing-unclosed-root__cols.xlsx	Sheet1	H680	cell	reads=7	bytes=494	Err(MarkupCompatibility(NonConformant("unterminated XML")))
after-sheetdata__trailing-unclosed-root__cols.xlsx	Sheet1	M29	cell	reads=7	bytes=494	Err(MarkupCompatibility(NonConformant("unterminated XML")))
after-sheetdata__trailing-unclosed-root__cols.xlsx	Sheet1	Z100	cell	reads=7	bytes=494	Err(MarkupCompatibility(NonConformant("unterminated XML")))
after-sheetdata__trailing-unclosed-root__cols.xlsx	Sheet1	AA1	cell	reads=7	bytes=494	Err(MarkupCompatibility(NonConformant("unterminated XML")))
after-sheetdata__trailing-unclosed-root__cols.xlsx	Sheet1	BA50	cell	reads=7	bytes=494	Err(MarkupCompatibility(NonConformant("unterminated XML")))
after-sheetdata__trailing-unclosed-root__cols.xlsx	Sheet1	A1:E5	cells	reads=7	bytes=494	Err(MarkupCompatibility(NonConformant("unterminated XML")))
after-sheetdata__trailing-unclosed-root__cols.xlsx	Sheet1	B1:B50	cells	reads=7	bytes=494	Err(MarkupCompatibility(NonConformant("unterminated XML")))
after-sheetdata__trailing-unclosed-root__nocols.xlsx	SHEETS	Sheet1
after-sheetdata__trailing-unclosed-root__nocols.xlsx	Sheet1	A1	cell	reads=7	bytes=471	Err(MarkupCompatibility(NonConformant("unterminated XML")))
after-sheetdata__trailing-unclosed-root__nocols.xlsx	Sheet1	A2	cell	reads=7	bytes=471	Err(MarkupCompatibility(NonConformant("unterminated XML")))
after-sheetdata__trailing-unclosed-root__nocols.xlsx	Sheet1	B1	cell	reads=7	bytes=471	Err(MarkupCompatibility(NonConformant("unterminated XML")))
after-sheetdata__trailing-unclosed-root__nocols.xlsx	Sheet1	B2	cell	reads=7	bytes=471	Err(MarkupCompatibility(NonConformant("unterminated XML")))
after-sheetdata__trailing-unclosed-root__nocols.xlsx	Sheet1	C3	cell	reads=7	bytes=471	Err(MarkupCompatibility(NonConformant("unterminated XML")))
after-sheetdata__trailing-unclosed-root__nocols.xlsx	Sheet1	D4	cell	reads=7	bytes=471	Err(MarkupCompatibility(NonConformant("unterminated XML")))
after-sheetdata__trailing-unclosed-root__nocols.xlsx	Sheet1	E5	cell	reads=7	bytes=471	Err(MarkupCompatibility(NonConformant("unterminated XML")))
after-sheetdata__trailing-unclosed-root__nocols.xlsx	Sheet1	H680	cell	reads=7	bytes=471	Err(MarkupCompatibility(NonConformant("unterminated XML")))
after-sheetdata__trailing-unclosed-root__nocols.xlsx	Sheet1	M29	cell	reads=7	bytes=471	Err(MarkupCompatibility(NonConformant("unterminated XML")))
after-sheetdata__trailing-unclosed-root__nocols.xlsx	Sheet1	Z100	cell	reads=7	bytes=471	Err(MarkupCompatibility(NonConformant("unterminated XML")))
after-sheetdata__trailing-unclosed-root__nocols.xlsx	Sheet1	AA1	cell	reads=7	bytes=471	Err(MarkupCompatibility(NonConformant("unterminated XML")))
after-sheetdata__trailing-unclosed-root__nocols.xlsx	Sheet1	BA50	cell	reads=7	bytes=471	Err(MarkupCompatibility(NonConformant("unterminated XML")))
after-sheetdata__trailing-unclosed-root__nocols.xlsx	Sheet1	A1:E5	cells	reads=7	bytes=471	Err(MarkupCompatibility(NonConformant("unterminated XML")))
after-sheetdata__trailing-unclosed-root__nocols.xlsx	Sheet1	B1:B50	cells	reads=7	bytes=471	Err(MarkupCompatibility(NonConformant("unterminated XML")))
before-cols__prefix-bad-dimension__cols.xlsx	SHEETS	Sheet1
before-cols__prefix-bad-dimension__cols.xlsx	Sheet1	A1	cell	reads=7	bytes=450	Err(Invalid("invalid worksheet dimension '1:102': invalid A1 range '1:102': invalid or out-of-grid A1 cell reference '1'"))
before-cols__prefix-bad-dimension__cols.xlsx	Sheet1	A2	cell	reads=7	bytes=450	Err(Invalid("invalid worksheet dimension '1:102': invalid A1 range '1:102': invalid or out-of-grid A1 cell reference '1'"))
before-cols__prefix-bad-dimension__cols.xlsx	Sheet1	B1	cell	reads=7	bytes=450	Err(Invalid("invalid worksheet dimension '1:102': invalid A1 range '1:102': invalid or out-of-grid A1 cell reference '1'"))
before-cols__prefix-bad-dimension__cols.xlsx	Sheet1	B2	cell	reads=7	bytes=450	Err(Invalid("invalid worksheet dimension '1:102': invalid A1 range '1:102': invalid or out-of-grid A1 cell reference '1'"))
before-cols__prefix-bad-dimension__cols.xlsx	Sheet1	C3	cell	reads=7	bytes=450	Err(Invalid("invalid worksheet dimension '1:102': invalid A1 range '1:102': invalid or out-of-grid A1 cell reference '1'"))
before-cols__prefix-bad-dimension__cols.xlsx	Sheet1	D4	cell	reads=7	bytes=450	Err(Invalid("invalid worksheet dimension '1:102': invalid A1 range '1:102': invalid or out-of-grid A1 cell reference '1'"))
before-cols__prefix-bad-dimension__cols.xlsx	Sheet1	E5	cell	reads=7	bytes=450	Err(Invalid("invalid worksheet dimension '1:102': invalid A1 range '1:102': invalid or out-of-grid A1 cell reference '1'"))
before-cols__prefix-bad-dimension__cols.xlsx	Sheet1	H680	cell	reads=7	bytes=450	Err(Invalid("invalid worksheet dimension '1:102': invalid A1 range '1:102': invalid or out-of-grid A1 cell reference '1'"))
before-cols__prefix-bad-dimension__cols.xlsx	Sheet1	M29	cell	reads=7	bytes=450	Err(Invalid("invalid worksheet dimension '1:102': invalid A1 range '1:102': invalid or out-of-grid A1 cell reference '1'"))
before-cols__prefix-bad-dimension__cols.xlsx	Sheet1	Z100	cell	reads=7	bytes=450	Err(Invalid("invalid worksheet dimension '1:102': invalid A1 range '1:102': invalid or out-of-grid A1 cell reference '1'"))
before-cols__prefix-bad-dimension__cols.xlsx	Sheet1	AA1	cell	reads=7	bytes=450	Err(Invalid("invalid worksheet dimension '1:102': invalid A1 range '1:102': invalid or out-of-grid A1 cell reference '1'"))
before-cols__prefix-bad-dimension__cols.xlsx	Sheet1	BA50	cell	reads=7	bytes=450	Err(Invalid("invalid worksheet dimension '1:102': invalid A1 range '1:102': invalid or out-of-grid A1 cell reference '1'"))
before-cols__prefix-bad-dimension__cols.xlsx	Sheet1	A1:E5	cells	reads=7	bytes=450	Err(Invalid("invalid worksheet dimension '1:102': invalid A1 range '1:102': invalid or out-of-grid A1 cell reference '1'"))
before-cols__prefix-bad-dimension__cols.xlsx	Sheet1	B1:B50	cells	reads=7	bytes=450	Err(Invalid("invalid worksheet dimension '1:102': invalid A1 range '1:102': invalid or out-of-grid A1 cell reference '1'"))
before-cols__prefix-bad-dimension__nocols.xlsx	SHEETS	Sheet1
before-cols__prefix-bad-dimension__nocols.xlsx	Sheet1	A1	cell	reads=7	bytes=428	Err(Invalid("invalid worksheet dimension '1:102': invalid A1 range '1:102': invalid or out-of-grid A1 cell reference '1'"))
before-cols__prefix-bad-dimension__nocols.xlsx	Sheet1	A2	cell	reads=7	bytes=428	Err(Invalid("invalid worksheet dimension '1:102': invalid A1 range '1:102': invalid or out-of-grid A1 cell reference '1'"))
before-cols__prefix-bad-dimension__nocols.xlsx	Sheet1	B1	cell	reads=7	bytes=428	Err(Invalid("invalid worksheet dimension '1:102': invalid A1 range '1:102': invalid or out-of-grid A1 cell reference '1'"))
before-cols__prefix-bad-dimension__nocols.xlsx	Sheet1	B2	cell	reads=7	bytes=428	Err(Invalid("invalid worksheet dimension '1:102': invalid A1 range '1:102': invalid or out-of-grid A1 cell reference '1'"))
before-cols__prefix-bad-dimension__nocols.xlsx	Sheet1	C3	cell	reads=7	bytes=428	Err(Invalid("invalid worksheet dimension '1:102': invalid A1 range '1:102': invalid or out-of-grid A1 cell reference '1'"))
before-cols__prefix-bad-dimension__nocols.xlsx	Sheet1	D4	cell	reads=7	bytes=428	Err(Invalid("invalid worksheet dimension '1:102': invalid A1 range '1:102': invalid or out-of-grid A1 cell reference '1'"))
before-cols__prefix-bad-dimension__nocols.xlsx	Sheet1	E5	cell	reads=7	bytes=428	Err(Invalid("invalid worksheet dimension '1:102': invalid A1 range '1:102': invalid or out-of-grid A1 cell reference '1'"))
before-cols__prefix-bad-dimension__nocols.xlsx	Sheet1	H680	cell	reads=7	bytes=428	Err(Invalid("invalid worksheet dimension '1:102': invalid A1 range '1:102': invalid or out-of-grid A1 cell reference '1'"))
before-cols__prefix-bad-dimension__nocols.xlsx	Sheet1	M29	cell	reads=7	bytes=428	Err(Invalid("invalid worksheet dimension '1:102': invalid A1 range '1:102': invalid or out-of-grid A1 cell reference '1'"))
before-cols__prefix-bad-dimension__nocols.xlsx	Sheet1	Z100	cell	reads=7	bytes=428	Err(Invalid("invalid worksheet dimension '1:102': invalid A1 range '1:102': invalid or out-of-grid A1 cell reference '1'"))
before-cols__prefix-bad-dimension__nocols.xlsx	Sheet1	AA1	cell	reads=7	bytes=428	Err(Invalid("invalid worksheet dimension '1:102': invalid A1 range '1:102': invalid or out-of-grid A1 cell reference '1'"))
before-cols__prefix-bad-dimension__nocols.xlsx	Sheet1	BA50	cell	reads=7	bytes=428	Err(Invalid("invalid worksheet dimension '1:102': invalid A1 range '1:102': invalid or out-of-grid A1 cell reference '1'"))
before-cols__prefix-bad-dimension__nocols.xlsx	Sheet1	A1:E5	cells	reads=7	bytes=428	Err(Invalid("invalid worksheet dimension '1:102': invalid A1 range '1:102': invalid or out-of-grid A1 cell reference '1'"))
before-cols__prefix-bad-dimension__nocols.xlsx	Sheet1	B1:B50	cells	reads=7	bytes=428	Err(Invalid("invalid worksheet dimension '1:102': invalid A1 range '1:102': invalid or out-of-grid A1 cell reference '1'"))
before-cols__prefix-bad-entity__cols.xlsx	SHEETS	Sheet1
before-cols__prefix-bad-entity__cols.xlsx	Sheet1	A1	cell	reads=7	bytes=491	Err(Invalid("invalid worksheet extension XML: at 2..7: unrecognized entity `bogus`"))
before-cols__prefix-bad-entity__cols.xlsx	Sheet1	A2	cell	reads=7	bytes=491	Err(Invalid("invalid worksheet extension XML: at 2..7: unrecognized entity `bogus`"))
before-cols__prefix-bad-entity__cols.xlsx	Sheet1	B1	cell	reads=7	bytes=491	Err(Invalid("invalid worksheet extension XML: at 2..7: unrecognized entity `bogus`"))
before-cols__prefix-bad-entity__cols.xlsx	Sheet1	B2	cell	reads=7	bytes=491	Err(Invalid("invalid worksheet extension XML: at 2..7: unrecognized entity `bogus`"))
before-cols__prefix-bad-entity__cols.xlsx	Sheet1	C3	cell	reads=7	bytes=491	Err(Invalid("invalid worksheet extension XML: at 2..7: unrecognized entity `bogus`"))
before-cols__prefix-bad-entity__cols.xlsx	Sheet1	D4	cell	reads=7	bytes=491	Err(Invalid("invalid worksheet extension XML: at 2..7: unrecognized entity `bogus`"))
before-cols__prefix-bad-entity__cols.xlsx	Sheet1	E5	cell	reads=7	bytes=491	Err(Invalid("invalid worksheet extension XML: at 2..7: unrecognized entity `bogus`"))
before-cols__prefix-bad-entity__cols.xlsx	Sheet1	H680	cell	reads=7	bytes=491	Err(Invalid("invalid worksheet extension XML: at 2..7: unrecognized entity `bogus`"))
before-cols__prefix-bad-entity__cols.xlsx	Sheet1	M29	cell	reads=7	bytes=491	Err(Invalid("invalid worksheet extension XML: at 2..7: unrecognized entity `bogus`"))
before-cols__prefix-bad-entity__cols.xlsx	Sheet1	Z100	cell	reads=7	bytes=491	Err(Invalid("invalid worksheet extension XML: at 2..7: unrecognized entity `bogus`"))
before-cols__prefix-bad-entity__cols.xlsx	Sheet1	AA1	cell	reads=7	bytes=491	Err(Invalid("invalid worksheet extension XML: at 2..7: unrecognized entity `bogus`"))
before-cols__prefix-bad-entity__cols.xlsx	Sheet1	BA50	cell	reads=7	bytes=491	Err(Invalid("invalid worksheet extension XML: at 2..7: unrecognized entity `bogus`"))
before-cols__prefix-bad-entity__cols.xlsx	Sheet1	A1:E5	cells	reads=7	bytes=491	Err(Invalid("invalid worksheet extension XML: at 2..7: unrecognized entity `bogus`"))
before-cols__prefix-bad-entity__cols.xlsx	Sheet1	B1:B50	cells	reads=7	bytes=491	Err(Invalid("invalid worksheet extension XML: at 2..7: unrecognized entity `bogus`"))
before-cols__prefix-bad-entity__nocols.xlsx	SHEETS	Sheet1
before-cols__prefix-bad-entity__nocols.xlsx	Sheet1	A1	cell	reads=7	bytes=469	Err(Invalid("invalid worksheet extension XML: at 2..7: unrecognized entity `bogus`"))
before-cols__prefix-bad-entity__nocols.xlsx	Sheet1	A2	cell	reads=7	bytes=469	Err(Invalid("invalid worksheet extension XML: at 2..7: unrecognized entity `bogus`"))
before-cols__prefix-bad-entity__nocols.xlsx	Sheet1	B1	cell	reads=7	bytes=469	Err(Invalid("invalid worksheet extension XML: at 2..7: unrecognized entity `bogus`"))
before-cols__prefix-bad-entity__nocols.xlsx	Sheet1	B2	cell	reads=7	bytes=469	Err(Invalid("invalid worksheet extension XML: at 2..7: unrecognized entity `bogus`"))
before-cols__prefix-bad-entity__nocols.xlsx	Sheet1	C3	cell	reads=7	bytes=469	Err(Invalid("invalid worksheet extension XML: at 2..7: unrecognized entity `bogus`"))
before-cols__prefix-bad-entity__nocols.xlsx	Sheet1	D4	cell	reads=7	bytes=469	Err(Invalid("invalid worksheet extension XML: at 2..7: unrecognized entity `bogus`"))
before-cols__prefix-bad-entity__nocols.xlsx	Sheet1	E5	cell	reads=7	bytes=469	Err(Invalid("invalid worksheet extension XML: at 2..7: unrecognized entity `bogus`"))
before-cols__prefix-bad-entity__nocols.xlsx	Sheet1	H680	cell	reads=7	bytes=469	Err(Invalid("invalid worksheet extension XML: at 2..7: unrecognized entity `bogus`"))
before-cols__prefix-bad-entity__nocols.xlsx	Sheet1	M29	cell	reads=7	bytes=469	Err(Invalid("invalid worksheet extension XML: at 2..7: unrecognized entity `bogus`"))
before-cols__prefix-bad-entity__nocols.xlsx	Sheet1	Z100	cell	reads=7	bytes=469	Err(Invalid("invalid worksheet extension XML: at 2..7: unrecognized entity `bogus`"))
before-cols__prefix-bad-entity__nocols.xlsx	Sheet1	AA1	cell	reads=7	bytes=469	Err(Invalid("invalid worksheet extension XML: at 2..7: unrecognized entity `bogus`"))
before-cols__prefix-bad-entity__nocols.xlsx	Sheet1	BA50	cell	reads=7	bytes=469	Err(Invalid("invalid worksheet extension XML: at 2..7: unrecognized entity `bogus`"))
before-cols__prefix-bad-entity__nocols.xlsx	Sheet1	A1:E5	cells	reads=7	bytes=469	Err(Invalid("invalid worksheet extension XML: at 2..7: unrecognized entity `bogus`"))
before-cols__prefix-bad-entity__nocols.xlsx	Sheet1	B1:B50	cells	reads=7	bytes=469	Err(Invalid("invalid worksheet extension XML: at 2..7: unrecognized entity `bogus`"))
before-cols__prefix-mismatched-end__cols.xlsx	SHEETS	Sheet1
before-cols__prefix-mismatched-end__cols.xlsx	Sheet1	A1	cell	reads=7	bytes=476	Err(Invalid("invalid worksheet extension XML: ill-formed document: expected `</sheetViews>`, but `</sheetViewsX>` was found"))
before-cols__prefix-mismatched-end__cols.xlsx	Sheet1	A2	cell	reads=7	bytes=476	Err(Invalid("invalid worksheet extension XML: ill-formed document: expected `</sheetViews>`, but `</sheetViewsX>` was found"))
before-cols__prefix-mismatched-end__cols.xlsx	Sheet1	B1	cell	reads=7	bytes=476	Err(Invalid("invalid worksheet extension XML: ill-formed document: expected `</sheetViews>`, but `</sheetViewsX>` was found"))
before-cols__prefix-mismatched-end__cols.xlsx	Sheet1	B2	cell	reads=7	bytes=476	Err(Invalid("invalid worksheet extension XML: ill-formed document: expected `</sheetViews>`, but `</sheetViewsX>` was found"))
before-cols__prefix-mismatched-end__cols.xlsx	Sheet1	C3	cell	reads=7	bytes=476	Err(Invalid("invalid worksheet extension XML: ill-formed document: expected `</sheetViews>`, but `</sheetViewsX>` was found"))
before-cols__prefix-mismatched-end__cols.xlsx	Sheet1	D4	cell	reads=7	bytes=476	Err(Invalid("invalid worksheet extension XML: ill-formed document: expected `</sheetViews>`, but `</sheetViewsX>` was found"))
before-cols__prefix-mismatched-end__cols.xlsx	Sheet1	E5	cell	reads=7	bytes=476	Err(Invalid("invalid worksheet extension XML: ill-formed document: expected `</sheetViews>`, but `</sheetViewsX>` was found"))
before-cols__prefix-mismatched-end__cols.xlsx	Sheet1	H680	cell	reads=7	bytes=476	Err(Invalid("invalid worksheet extension XML: ill-formed document: expected `</sheetViews>`, but `</sheetViewsX>` was found"))
before-cols__prefix-mismatched-end__cols.xlsx	Sheet1	M29	cell	reads=7	bytes=476	Err(Invalid("invalid worksheet extension XML: ill-formed document: expected `</sheetViews>`, but `</sheetViewsX>` was found"))
before-cols__prefix-mismatched-end__cols.xlsx	Sheet1	Z100	cell	reads=7	bytes=476	Err(Invalid("invalid worksheet extension XML: ill-formed document: expected `</sheetViews>`, but `</sheetViewsX>` was found"))
before-cols__prefix-mismatched-end__cols.xlsx	Sheet1	AA1	cell	reads=7	bytes=476	Err(Invalid("invalid worksheet extension XML: ill-formed document: expected `</sheetViews>`, but `</sheetViewsX>` was found"))
before-cols__prefix-mismatched-end__cols.xlsx	Sheet1	BA50	cell	reads=7	bytes=476	Err(Invalid("invalid worksheet extension XML: ill-formed document: expected `</sheetViews>`, but `</sheetViewsX>` was found"))
before-cols__prefix-mismatched-end__cols.xlsx	Sheet1	A1:E5	cells	reads=7	bytes=476	Err(Invalid("invalid worksheet extension XML: ill-formed document: expected `</sheetViews>`, but `</sheetViewsX>` was found"))
before-cols__prefix-mismatched-end__cols.xlsx	Sheet1	B1:B50	cells	reads=7	bytes=476	Err(Invalid("invalid worksheet extension XML: ill-formed document: expected `</sheetViews>`, but `</sheetViewsX>` was found"))
before-cols__prefix-mismatched-end__nocols.xlsx	SHEETS	Sheet1
before-cols__prefix-mismatched-end__nocols.xlsx	Sheet1	A1	cell	reads=7	bytes=455	Err(Invalid("invalid worksheet extension XML: ill-formed document: expected `</sheetViews>`, but `</sheetViewsX>` was found"))
before-cols__prefix-mismatched-end__nocols.xlsx	Sheet1	A2	cell	reads=7	bytes=455	Err(Invalid("invalid worksheet extension XML: ill-formed document: expected `</sheetViews>`, but `</sheetViewsX>` was found"))
before-cols__prefix-mismatched-end__nocols.xlsx	Sheet1	B1	cell	reads=7	bytes=455	Err(Invalid("invalid worksheet extension XML: ill-formed document: expected `</sheetViews>`, but `</sheetViewsX>` was found"))
before-cols__prefix-mismatched-end__nocols.xlsx	Sheet1	B2	cell	reads=7	bytes=455	Err(Invalid("invalid worksheet extension XML: ill-formed document: expected `</sheetViews>`, but `</sheetViewsX>` was found"))
before-cols__prefix-mismatched-end__nocols.xlsx	Sheet1	C3	cell	reads=7	bytes=455	Err(Invalid("invalid worksheet extension XML: ill-formed document: expected `</sheetViews>`, but `</sheetViewsX>` was found"))
before-cols__prefix-mismatched-end__nocols.xlsx	Sheet1	D4	cell	reads=7	bytes=455	Err(Invalid("invalid worksheet extension XML: ill-formed document: expected `</sheetViews>`, but `</sheetViewsX>` was found"))
before-cols__prefix-mismatched-end__nocols.xlsx	Sheet1	E5	cell	reads=7	bytes=455	Err(Invalid("invalid worksheet extension XML: ill-formed document: expected `</sheetViews>`, but `</sheetViewsX>` was found"))
before-cols__prefix-mismatched-end__nocols.xlsx	Sheet1	H680	cell	reads=7	bytes=455	Err(Invalid("invalid worksheet extension XML: ill-formed document: expected `</sheetViews>`, but `</sheetViewsX>` was found"))
before-cols__prefix-mismatched-end__nocols.xlsx	Sheet1	M29	cell	reads=7	bytes=455	Err(Invalid("invalid worksheet extension XML: ill-formed document: expected `</sheetViews>`, but `</sheetViewsX>` was found"))
before-cols__prefix-mismatched-end__nocols.xlsx	Sheet1	Z100	cell	reads=7	bytes=455	Err(Invalid("invalid worksheet extension XML: ill-formed document: expected `</sheetViews>`, but `</sheetViewsX>` was found"))
before-cols__prefix-mismatched-end__nocols.xlsx	Sheet1	AA1	cell	reads=7	bytes=455	Err(Invalid("invalid worksheet extension XML: ill-formed document: expected `</sheetViews>`, but `</sheetViewsX>` was found"))
before-cols__prefix-mismatched-end__nocols.xlsx	Sheet1	BA50	cell	reads=7	bytes=455	Err(Invalid("invalid worksheet extension XML: ill-formed document: expected `</sheetViews>`, but `</sheetViewsX>` was found"))
before-cols__prefix-mismatched-end__nocols.xlsx	Sheet1	A1:E5	cells	reads=7	bytes=455	Err(Invalid("invalid worksheet extension XML: ill-formed document: expected `</sheetViews>`, but `</sheetViewsX>` was found"))
before-cols__prefix-mismatched-end__nocols.xlsx	Sheet1	B1:B50	cells	reads=7	bytes=455	Err(Invalid("invalid worksheet extension XML: ill-formed document: expected `</sheetViews>`, but `</sheetViewsX>` was found"))
before-cols__prefix-stray-lt__cols.xlsx	SHEETS	Sheet1
before-cols__prefix-stray-lt__cols.xlsx	Sheet1	A1	cell	reads=7	bytes=461	Err(Invalid("invalid worksheet extension XML: position 13: attribute key must be directly followed by `=` or space"))
before-cols__prefix-stray-lt__cols.xlsx	Sheet1	A2	cell	reads=7	bytes=461	Err(Invalid("invalid worksheet extension XML: position 13: attribute key must be directly followed by `=` or space"))
before-cols__prefix-stray-lt__cols.xlsx	Sheet1	B1	cell	reads=7	bytes=461	Err(Invalid("invalid worksheet extension XML: position 13: attribute key must be directly followed by `=` or space"))
before-cols__prefix-stray-lt__cols.xlsx	Sheet1	B2	cell	reads=7	bytes=461	Err(Invalid("invalid worksheet extension XML: position 13: attribute key must be directly followed by `=` or space"))
before-cols__prefix-stray-lt__cols.xlsx	Sheet1	C3	cell	reads=7	bytes=461	Err(Invalid("invalid worksheet extension XML: position 13: attribute key must be directly followed by `=` or space"))
before-cols__prefix-stray-lt__cols.xlsx	Sheet1	D4	cell	reads=7	bytes=461	Err(Invalid("invalid worksheet extension XML: position 13: attribute key must be directly followed by `=` or space"))
before-cols__prefix-stray-lt__cols.xlsx	Sheet1	E5	cell	reads=7	bytes=461	Err(Invalid("invalid worksheet extension XML: position 13: attribute key must be directly followed by `=` or space"))
before-cols__prefix-stray-lt__cols.xlsx	Sheet1	H680	cell	reads=7	bytes=461	Err(Invalid("invalid worksheet extension XML: position 13: attribute key must be directly followed by `=` or space"))
before-cols__prefix-stray-lt__cols.xlsx	Sheet1	M29	cell	reads=7	bytes=461	Err(Invalid("invalid worksheet extension XML: position 13: attribute key must be directly followed by `=` or space"))
before-cols__prefix-stray-lt__cols.xlsx	Sheet1	Z100	cell	reads=7	bytes=461	Err(Invalid("invalid worksheet extension XML: position 13: attribute key must be directly followed by `=` or space"))
before-cols__prefix-stray-lt__cols.xlsx	Sheet1	AA1	cell	reads=7	bytes=461	Err(Invalid("invalid worksheet extension XML: position 13: attribute key must be directly followed by `=` or space"))
before-cols__prefix-stray-lt__cols.xlsx	Sheet1	BA50	cell	reads=7	bytes=461	Err(Invalid("invalid worksheet extension XML: position 13: attribute key must be directly followed by `=` or space"))
before-cols__prefix-stray-lt__cols.xlsx	Sheet1	A1:E5	cells	reads=7	bytes=461	Err(Invalid("invalid worksheet extension XML: position 13: attribute key must be directly followed by `=` or space"))
before-cols__prefix-stray-lt__cols.xlsx	Sheet1	B1:B50	cells	reads=7	bytes=461	Err(Invalid("invalid worksheet extension XML: position 13: attribute key must be directly followed by `=` or space"))
before-cols__prefix-stray-lt__nocols.xlsx	SHEETS	Sheet1
before-cols__prefix-stray-lt__nocols.xlsx	Sheet1	A1	cell	reads=7	bytes=441	Err(Invalid("invalid worksheet extension XML: position 13: attribute key must be directly followed by `=` or space"))
before-cols__prefix-stray-lt__nocols.xlsx	Sheet1	A2	cell	reads=7	bytes=441	Err(Invalid("invalid worksheet extension XML: position 13: attribute key must be directly followed by `=` or space"))
before-cols__prefix-stray-lt__nocols.xlsx	Sheet1	B1	cell	reads=7	bytes=441	Err(Invalid("invalid worksheet extension XML: position 13: attribute key must be directly followed by `=` or space"))
before-cols__prefix-stray-lt__nocols.xlsx	Sheet1	B2	cell	reads=7	bytes=441	Err(Invalid("invalid worksheet extension XML: position 13: attribute key must be directly followed by `=` or space"))
before-cols__prefix-stray-lt__nocols.xlsx	Sheet1	C3	cell	reads=7	bytes=441	Err(Invalid("invalid worksheet extension XML: position 13: attribute key must be directly followed by `=` or space"))
before-cols__prefix-stray-lt__nocols.xlsx	Sheet1	D4	cell	reads=7	bytes=441	Err(Invalid("invalid worksheet extension XML: position 13: attribute key must be directly followed by `=` or space"))
before-cols__prefix-stray-lt__nocols.xlsx	Sheet1	E5	cell	reads=7	bytes=441	Err(Invalid("invalid worksheet extension XML: position 13: attribute key must be directly followed by `=` or space"))
before-cols__prefix-stray-lt__nocols.xlsx	Sheet1	H680	cell	reads=7	bytes=441	Err(Invalid("invalid worksheet extension XML: position 13: attribute key must be directly followed by `=` or space"))
before-cols__prefix-stray-lt__nocols.xlsx	Sheet1	M29	cell	reads=7	bytes=441	Err(Invalid("invalid worksheet extension XML: position 13: attribute key must be directly followed by `=` or space"))
before-cols__prefix-stray-lt__nocols.xlsx	Sheet1	Z100	cell	reads=7	bytes=441	Err(Invalid("invalid worksheet extension XML: position 13: attribute key must be directly followed by `=` or space"))
before-cols__prefix-stray-lt__nocols.xlsx	Sheet1	AA1	cell	reads=7	bytes=441	Err(Invalid("invalid worksheet extension XML: position 13: attribute key must be directly followed by `=` or space"))
before-cols__prefix-stray-lt__nocols.xlsx	Sheet1	BA50	cell	reads=7	bytes=441	Err(Invalid("invalid worksheet extension XML: position 13: attribute key must be directly followed by `=` or space"))
before-cols__prefix-stray-lt__nocols.xlsx	Sheet1	A1:E5	cells	reads=7	bytes=441	Err(Invalid("invalid worksheet extension XML: position 13: attribute key must be directly followed by `=` or space"))
before-cols__prefix-stray-lt__nocols.xlsx	Sheet1	B1:B50	cells	reads=7	bytes=441	Err(Invalid("invalid worksheet extension XML: position 13: attribute key must be directly followed by `=` or space"))
before-cols__prefix-unclosed-element__cols.xlsx	SHEETS	Sheet1
before-cols__prefix-unclosed-element__cols.xlsx	Sheet1	A1	cell	reads=7	bytes=471	Err(Invalid("invalid worksheet extension XML: ill-formed document: expected `</sheetViews>`, but `</worksheet>` was found"))
before-cols__prefix-unclosed-element__cols.xlsx	Sheet1	A2	cell	reads=7	bytes=471	Err(Invalid("invalid worksheet extension XML: ill-formed document: expected `</sheetViews>`, but `</worksheet>` was found"))
before-cols__prefix-unclosed-element__cols.xlsx	Sheet1	B1	cell	reads=7	bytes=471	Err(Invalid("invalid worksheet extension XML: ill-formed document: expected `</sheetViews>`, but `</worksheet>` was found"))
before-cols__prefix-unclosed-element__cols.xlsx	Sheet1	B2	cell	reads=7	bytes=471	Err(Invalid("invalid worksheet extension XML: ill-formed document: expected `</sheetViews>`, but `</worksheet>` was found"))
before-cols__prefix-unclosed-element__cols.xlsx	Sheet1	C3	cell	reads=7	bytes=471	Err(Invalid("invalid worksheet extension XML: ill-formed document: expected `</sheetViews>`, but `</worksheet>` was found"))
before-cols__prefix-unclosed-element__cols.xlsx	Sheet1	D4	cell	reads=7	bytes=471	Err(Invalid("invalid worksheet extension XML: ill-formed document: expected `</sheetViews>`, but `</worksheet>` was found"))
before-cols__prefix-unclosed-element__cols.xlsx	Sheet1	E5	cell	reads=7	bytes=471	Err(Invalid("invalid worksheet extension XML: ill-formed document: expected `</sheetViews>`, but `</worksheet>` was found"))
before-cols__prefix-unclosed-element__cols.xlsx	Sheet1	H680	cell	reads=7	bytes=471	Err(Invalid("invalid worksheet extension XML: ill-formed document: expected `</sheetViews>`, but `</worksheet>` was found"))
before-cols__prefix-unclosed-element__cols.xlsx	Sheet1	M29	cell	reads=7	bytes=471	Err(Invalid("invalid worksheet extension XML: ill-formed document: expected `</sheetViews>`, but `</worksheet>` was found"))
before-cols__prefix-unclosed-element__cols.xlsx	Sheet1	Z100	cell	reads=7	bytes=471	Err(Invalid("invalid worksheet extension XML: ill-formed document: expected `</sheetViews>`, but `</worksheet>` was found"))
before-cols__prefix-unclosed-element__cols.xlsx	Sheet1	AA1	cell	reads=7	bytes=471	Err(Invalid("invalid worksheet extension XML: ill-formed document: expected `</sheetViews>`, but `</worksheet>` was found"))
before-cols__prefix-unclosed-element__cols.xlsx	Sheet1	BA50	cell	reads=7	bytes=471	Err(Invalid("invalid worksheet extension XML: ill-formed document: expected `</sheetViews>`, but `</worksheet>` was found"))
before-cols__prefix-unclosed-element__cols.xlsx	Sheet1	A1:E5	cells	reads=7	bytes=471	Err(Invalid("invalid worksheet extension XML: ill-formed document: expected `</sheetViews>`, but `</worksheet>` was found"))
before-cols__prefix-unclosed-element__cols.xlsx	Sheet1	B1:B50	cells	reads=7	bytes=471	Err(Invalid("invalid worksheet extension XML: ill-formed document: expected `</sheetViews>`, but `</worksheet>` was found"))
before-cols__prefix-unclosed-element__nocols.xlsx	SHEETS	Sheet1
before-cols__prefix-unclosed-element__nocols.xlsx	Sheet1	A1	cell	reads=7	bytes=450	Err(Invalid("invalid worksheet extension XML: ill-formed document: expected `</sheetViews>`, but `</worksheet>` was found"))
before-cols__prefix-unclosed-element__nocols.xlsx	Sheet1	A2	cell	reads=7	bytes=450	Err(Invalid("invalid worksheet extension XML: ill-formed document: expected `</sheetViews>`, but `</worksheet>` was found"))
before-cols__prefix-unclosed-element__nocols.xlsx	Sheet1	B1	cell	reads=7	bytes=450	Err(Invalid("invalid worksheet extension XML: ill-formed document: expected `</sheetViews>`, but `</worksheet>` was found"))
before-cols__prefix-unclosed-element__nocols.xlsx	Sheet1	B2	cell	reads=7	bytes=450	Err(Invalid("invalid worksheet extension XML: ill-formed document: expected `</sheetViews>`, but `</worksheet>` was found"))
before-cols__prefix-unclosed-element__nocols.xlsx	Sheet1	C3	cell	reads=7	bytes=450	Err(Invalid("invalid worksheet extension XML: ill-formed document: expected `</sheetViews>`, but `</worksheet>` was found"))
before-cols__prefix-unclosed-element__nocols.xlsx	Sheet1	D4	cell	reads=7	bytes=450	Err(Invalid("invalid worksheet extension XML: ill-formed document: expected `</sheetViews>`, but `</worksheet>` was found"))
before-cols__prefix-unclosed-element__nocols.xlsx	Sheet1	E5	cell	reads=7	bytes=450	Err(Invalid("invalid worksheet extension XML: ill-formed document: expected `</sheetViews>`, but `</worksheet>` was found"))
before-cols__prefix-unclosed-element__nocols.xlsx	Sheet1	H680	cell	reads=7	bytes=450	Err(Invalid("invalid worksheet extension XML: ill-formed document: expected `</sheetViews>`, but `</worksheet>` was found"))
before-cols__prefix-unclosed-element__nocols.xlsx	Sheet1	M29	cell	reads=7	bytes=450	Err(Invalid("invalid worksheet extension XML: ill-formed document: expected `</sheetViews>`, but `</worksheet>` was found"))
before-cols__prefix-unclosed-element__nocols.xlsx	Sheet1	Z100	cell	reads=7	bytes=450	Err(Invalid("invalid worksheet extension XML: ill-formed document: expected `</sheetViews>`, but `</worksheet>` was found"))
before-cols__prefix-unclosed-element__nocols.xlsx	Sheet1	AA1	cell	reads=7	bytes=450	Err(Invalid("invalid worksheet extension XML: ill-formed document: expected `</sheetViews>`, but `</worksheet>` was found"))
before-cols__prefix-unclosed-element__nocols.xlsx	Sheet1	BA50	cell	reads=7	bytes=450	Err(Invalid("invalid worksheet extension XML: ill-formed document: expected `</sheetViews>`, but `</worksheet>` was found"))
before-cols__prefix-unclosed-element__nocols.xlsx	Sheet1	A1:E5	cells	reads=7	bytes=450	Err(Invalid("invalid worksheet extension XML: ill-formed document: expected `</sheetViews>`, but `</worksheet>` was found"))
before-cols__prefix-unclosed-element__nocols.xlsx	Sheet1	B1:B50	cells	reads=7	bytes=450	Err(Invalid("invalid worksheet extension XML: ill-formed document: expected `</sheetViews>`, but `</worksheet>` was found"))
before-cols__prefix-undeclared-prefix__cols.xlsx	SHEETS	Sheet1
before-cols__prefix-undeclared-prefix__cols.xlsx	Sheet1	A1	cell	reads=7	bytes=470	Err(MarkupCompatibility(NonConformant("unbound prefix")))
before-cols__prefix-undeclared-prefix__cols.xlsx	Sheet1	A2	cell	reads=7	bytes=470	Err(MarkupCompatibility(NonConformant("unbound prefix")))
before-cols__prefix-undeclared-prefix__cols.xlsx	Sheet1	B1	cell	reads=7	bytes=470	Err(MarkupCompatibility(NonConformant("unbound prefix")))
before-cols__prefix-undeclared-prefix__cols.xlsx	Sheet1	B2	cell	reads=7	bytes=470	Err(MarkupCompatibility(NonConformant("unbound prefix")))
before-cols__prefix-undeclared-prefix__cols.xlsx	Sheet1	C3	cell	reads=7	bytes=470	Err(MarkupCompatibility(NonConformant("unbound prefix")))
before-cols__prefix-undeclared-prefix__cols.xlsx	Sheet1	D4	cell	reads=7	bytes=470	Err(MarkupCompatibility(NonConformant("unbound prefix")))
before-cols__prefix-undeclared-prefix__cols.xlsx	Sheet1	E5	cell	reads=7	bytes=470	Err(MarkupCompatibility(NonConformant("unbound prefix")))
before-cols__prefix-undeclared-prefix__cols.xlsx	Sheet1	H680	cell	reads=7	bytes=470	Err(MarkupCompatibility(NonConformant("unbound prefix")))
before-cols__prefix-undeclared-prefix__cols.xlsx	Sheet1	M29	cell	reads=7	bytes=470	Err(MarkupCompatibility(NonConformant("unbound prefix")))
before-cols__prefix-undeclared-prefix__cols.xlsx	Sheet1	Z100	cell	reads=7	bytes=470	Err(MarkupCompatibility(NonConformant("unbound prefix")))
before-cols__prefix-undeclared-prefix__cols.xlsx	Sheet1	AA1	cell	reads=7	bytes=470	Err(MarkupCompatibility(NonConformant("unbound prefix")))
before-cols__prefix-undeclared-prefix__cols.xlsx	Sheet1	BA50	cell	reads=7	bytes=470	Err(MarkupCompatibility(NonConformant("unbound prefix")))
before-cols__prefix-undeclared-prefix__cols.xlsx	Sheet1	A1:E5	cells	reads=7	bytes=470	Err(MarkupCompatibility(NonConformant("unbound prefix")))
before-cols__prefix-undeclared-prefix__cols.xlsx	Sheet1	B1:B50	cells	reads=7	bytes=470	Err(MarkupCompatibility(NonConformant("unbound prefix")))
before-cols__prefix-undeclared-prefix__nocols.xlsx	SHEETS	Sheet1
before-cols__prefix-undeclared-prefix__nocols.xlsx	Sheet1	A1	cell	reads=7	bytes=450	Err(MarkupCompatibility(NonConformant("unbound prefix")))
before-cols__prefix-undeclared-prefix__nocols.xlsx	Sheet1	A2	cell	reads=7	bytes=450	Err(MarkupCompatibility(NonConformant("unbound prefix")))
before-cols__prefix-undeclared-prefix__nocols.xlsx	Sheet1	B1	cell	reads=7	bytes=450	Err(MarkupCompatibility(NonConformant("unbound prefix")))
before-cols__prefix-undeclared-prefix__nocols.xlsx	Sheet1	B2	cell	reads=7	bytes=450	Err(MarkupCompatibility(NonConformant("unbound prefix")))
before-cols__prefix-undeclared-prefix__nocols.xlsx	Sheet1	C3	cell	reads=7	bytes=450	Err(MarkupCompatibility(NonConformant("unbound prefix")))
before-cols__prefix-undeclared-prefix__nocols.xlsx	Sheet1	D4	cell	reads=7	bytes=450	Err(MarkupCompatibility(NonConformant("unbound prefix")))
before-cols__prefix-undeclared-prefix__nocols.xlsx	Sheet1	E5	cell	reads=7	bytes=450	Err(MarkupCompatibility(NonConformant("unbound prefix")))
before-cols__prefix-undeclared-prefix__nocols.xlsx	Sheet1	H680	cell	reads=7	bytes=450	Err(MarkupCompatibility(NonConformant("unbound prefix")))
before-cols__prefix-undeclared-prefix__nocols.xlsx	Sheet1	M29	cell	reads=7	bytes=450	Err(MarkupCompatibility(NonConformant("unbound prefix")))
before-cols__prefix-undeclared-prefix__nocols.xlsx	Sheet1	Z100	cell	reads=7	bytes=450	Err(MarkupCompatibility(NonConformant("unbound prefix")))
before-cols__prefix-undeclared-prefix__nocols.xlsx	Sheet1	AA1	cell	reads=7	bytes=450	Err(MarkupCompatibility(NonConformant("unbound prefix")))
before-cols__prefix-undeclared-prefix__nocols.xlsx	Sheet1	BA50	cell	reads=7	bytes=450	Err(MarkupCompatibility(NonConformant("unbound prefix")))
before-cols__prefix-undeclared-prefix__nocols.xlsx	Sheet1	A1:E5	cells	reads=7	bytes=450	Err(MarkupCompatibility(NonConformant("unbound prefix")))
before-cols__prefix-undeclared-prefix__nocols.xlsx	Sheet1	B1:B50	cells	reads=7	bytes=450	Err(MarkupCompatibility(NonConformant("unbound prefix")))
in-sheetdata__cell-bad-boolean__cols.xlsx	SHEETS	Sheet1
in-sheetdata__cell-bad-boolean__cols.xlsx	Sheet1	A1	cell	reads=7	bytes=495	Err(Invalid("worksheet mergeCells appears before sheetData"))
in-sheetdata__cell-bad-boolean__cols.xlsx	Sheet1	A2	cell	reads=7	bytes=495	Err(Invalid("worksheet mergeCells appears before sheetData"))
in-sheetdata__cell-bad-boolean__cols.xlsx	Sheet1	B1	cell	reads=7	bytes=495	Err(Invalid("worksheet mergeCells appears before sheetData"))
in-sheetdata__cell-bad-boolean__cols.xlsx	Sheet1	B2	cell	reads=7	bytes=495	Err(Invalid("worksheet mergeCells appears before sheetData"))
in-sheetdata__cell-bad-boolean__cols.xlsx	Sheet1	C3	cell	reads=7	bytes=495	Err(Invalid("worksheet mergeCells appears before sheetData"))
in-sheetdata__cell-bad-boolean__cols.xlsx	Sheet1	D4	cell	reads=7	bytes=495	Err(Invalid("worksheet mergeCells appears before sheetData"))
in-sheetdata__cell-bad-boolean__cols.xlsx	Sheet1	E5	cell	reads=7	bytes=495	Err(Invalid("worksheet mergeCells appears before sheetData"))
in-sheetdata__cell-bad-boolean__cols.xlsx	Sheet1	H680	cell	reads=7	bytes=495	Err(Invalid("worksheet mergeCells appears before sheetData"))
in-sheetdata__cell-bad-boolean__cols.xlsx	Sheet1	M29	cell	reads=7	bytes=495	Err(Invalid("worksheet mergeCells appears before sheetData"))
in-sheetdata__cell-bad-boolean__cols.xlsx	Sheet1	Z100	cell	reads=7	bytes=495	Err(Invalid("worksheet mergeCells appears before sheetData"))
in-sheetdata__cell-bad-boolean__cols.xlsx	Sheet1	AA1	cell	reads=7	bytes=495	Err(Invalid("worksheet mergeCells appears before sheetData"))
in-sheetdata__cell-bad-boolean__cols.xlsx	Sheet1	BA50	cell	reads=7	bytes=495	Err(Invalid("worksheet mergeCells appears before sheetData"))
in-sheetdata__cell-bad-boolean__cols.xlsx	Sheet1	A1:E5	cells	reads=7	bytes=495	Err(Invalid("worksheet mergeCells appears before sheetData"))
in-sheetdata__cell-bad-boolean__cols.xlsx	Sheet1	B1:B50	cells	reads=7	bytes=495	Err(Invalid("worksheet mergeCells appears before sheetData"))
in-sheetdata__cell-bad-boolean__nocols.xlsx	SHEETS	Sheet1
in-sheetdata__cell-bad-boolean__nocols.xlsx	Sheet1	A1	cell	reads=7	bytes=473	Err(Invalid("worksheet mergeCells appears before sheetData"))
in-sheetdata__cell-bad-boolean__nocols.xlsx	Sheet1	A2	cell	reads=7	bytes=473	Err(Invalid("worksheet mergeCells appears before sheetData"))
in-sheetdata__cell-bad-boolean__nocols.xlsx	Sheet1	B1	cell	reads=7	bytes=473	Err(Invalid("worksheet mergeCells appears before sheetData"))
in-sheetdata__cell-bad-boolean__nocols.xlsx	Sheet1	B2	cell	reads=7	bytes=473	Err(Invalid("worksheet mergeCells appears before sheetData"))
in-sheetdata__cell-bad-boolean__nocols.xlsx	Sheet1	C3	cell	reads=7	bytes=473	Err(Invalid("worksheet mergeCells appears before sheetData"))
in-sheetdata__cell-bad-boolean__nocols.xlsx	Sheet1	D4	cell	reads=7	bytes=473	Err(Invalid("worksheet mergeCells appears before sheetData"))
in-sheetdata__cell-bad-boolean__nocols.xlsx	Sheet1	E5	cell	reads=7	bytes=473	Err(Invalid("worksheet mergeCells appears before sheetData"))
in-sheetdata__cell-bad-boolean__nocols.xlsx	Sheet1	H680	cell	reads=7	bytes=473	Err(Invalid("worksheet mergeCells appears before sheetData"))
in-sheetdata__cell-bad-boolean__nocols.xlsx	Sheet1	M29	cell	reads=7	bytes=473	Err(Invalid("worksheet mergeCells appears before sheetData"))
in-sheetdata__cell-bad-boolean__nocols.xlsx	Sheet1	Z100	cell	reads=7	bytes=473	Err(Invalid("worksheet mergeCells appears before sheetData"))
in-sheetdata__cell-bad-boolean__nocols.xlsx	Sheet1	AA1	cell	reads=7	bytes=473	Err(Invalid("worksheet mergeCells appears before sheetData"))
in-sheetdata__cell-bad-boolean__nocols.xlsx	Sheet1	BA50	cell	reads=7	bytes=473	Err(Invalid("worksheet mergeCells appears before sheetData"))
in-sheetdata__cell-bad-boolean__nocols.xlsx	Sheet1	A1:E5	cells	reads=7	bytes=473	Err(Invalid("worksheet mergeCells appears before sheetData"))
in-sheetdata__cell-bad-boolean__nocols.xlsx	Sheet1	B1:B50	cells	reads=7	bytes=473	Err(Invalid("worksheet mergeCells appears before sheetData"))
in-sheetdata__cell-ref-not-in-row__cols.xlsx	SHEETS	Sheet1
in-sheetdata__cell-ref-not-in-row__cols.xlsx	Sheet1	A1	cell	reads=7	bytes=488	Err(Invalid("worksheet mergeCells appears before sheetData"))
in-sheetdata__cell-ref-not-in-row__cols.xlsx	Sheet1	A2	cell	reads=7	bytes=488	Err(Invalid("worksheet mergeCells appears before sheetData"))
in-sheetdata__cell-ref-not-in-row__cols.xlsx	Sheet1	B1	cell	reads=7	bytes=488	Err(Invalid("worksheet mergeCells appears before sheetData"))
in-sheetdata__cell-ref-not-in-row__cols.xlsx	Sheet1	B2	cell	reads=7	bytes=488	Err(Invalid("worksheet mergeCells appears before sheetData"))
in-sheetdata__cell-ref-not-in-row__cols.xlsx	Sheet1	C3	cell	reads=7	bytes=488	Err(Invalid("worksheet mergeCells appears before sheetData"))
in-sheetdata__cell-ref-not-in-row__cols.xlsx	Sheet1	D4	cell	reads=7	bytes=488	Err(Invalid("worksheet mergeCells appears before sheetData"))
in-sheetdata__cell-ref-not-in-row__cols.xlsx	Sheet1	E5	cell	reads=7	bytes=488	Err(Invalid("worksheet mergeCells appears before sheetData"))
in-sheetdata__cell-ref-not-in-row__cols.xlsx	Sheet1	H680	cell	reads=7	bytes=488	Err(Invalid("worksheet mergeCells appears before sheetData"))
in-sheetdata__cell-ref-not-in-row__cols.xlsx	Sheet1	M29	cell	reads=7	bytes=488	Err(Invalid("worksheet mergeCells appears before sheetData"))
in-sheetdata__cell-ref-not-in-row__cols.xlsx	Sheet1	Z100	cell	reads=7	bytes=488	Err(Invalid("worksheet mergeCells appears before sheetData"))
in-sheetdata__cell-ref-not-in-row__cols.xlsx	Sheet1	AA1	cell	reads=7	bytes=488	Err(Invalid("worksheet mergeCells appears before sheetData"))
in-sheetdata__cell-ref-not-in-row__cols.xlsx	Sheet1	BA50	cell	reads=7	bytes=488	Err(Invalid("worksheet mergeCells appears before sheetData"))
in-sheetdata__cell-ref-not-in-row__cols.xlsx	Sheet1	A1:E5	cells	reads=7	bytes=488	Err(Invalid("worksheet mergeCells appears before sheetData"))
in-sheetdata__cell-ref-not-in-row__cols.xlsx	Sheet1	B1:B50	cells	reads=7	bytes=488	Err(Invalid("worksheet mergeCells appears before sheetData"))
in-sheetdata__cell-ref-not-in-row__nocols.xlsx	SHEETS	Sheet1
in-sheetdata__cell-ref-not-in-row__nocols.xlsx	Sheet1	A1	cell	reads=7	bytes=466	Err(Invalid("worksheet mergeCells appears before sheetData"))
in-sheetdata__cell-ref-not-in-row__nocols.xlsx	Sheet1	A2	cell	reads=7	bytes=466	Err(Invalid("worksheet mergeCells appears before sheetData"))
in-sheetdata__cell-ref-not-in-row__nocols.xlsx	Sheet1	B1	cell	reads=7	bytes=466	Err(Invalid("worksheet mergeCells appears before sheetData"))
in-sheetdata__cell-ref-not-in-row__nocols.xlsx	Sheet1	B2	cell	reads=7	bytes=466	Err(Invalid("worksheet mergeCells appears before sheetData"))
in-sheetdata__cell-ref-not-in-row__nocols.xlsx	Sheet1	C3	cell	reads=7	bytes=466	Err(Invalid("worksheet mergeCells appears before sheetData"))
in-sheetdata__cell-ref-not-in-row__nocols.xlsx	Sheet1	D4	cell	reads=7	bytes=466	Err(Invalid("worksheet mergeCells appears before sheetData"))
in-sheetdata__cell-ref-not-in-row__nocols.xlsx	Sheet1	E5	cell	reads=7	bytes=466	Err(Invalid("worksheet mergeCells appears before sheetData"))
in-sheetdata__cell-ref-not-in-row__nocols.xlsx	Sheet1	H680	cell	reads=7	bytes=466	Err(Invalid("worksheet mergeCells appears before sheetData"))
in-sheetdata__cell-ref-not-in-row__nocols.xlsx	Sheet1	M29	cell	reads=7	bytes=466	Err(Invalid("worksheet mergeCells appears before sheetData"))
in-sheetdata__cell-ref-not-in-row__nocols.xlsx	Sheet1	Z100	cell	reads=7	bytes=466	Err(Invalid("worksheet mergeCells appears before sheetData"))
in-sheetdata__cell-ref-not-in-row__nocols.xlsx	Sheet1	AA1	cell	reads=7	bytes=466	Err(Invalid("worksheet mergeCells appears before sheetData"))
in-sheetdata__cell-ref-not-in-row__nocols.xlsx	Sheet1	BA50	cell	reads=7	bytes=466	Err(Invalid("worksheet mergeCells appears before sheetData"))
in-sheetdata__cell-ref-not-in-row__nocols.xlsx	Sheet1	A1:E5	cells	reads=7	bytes=466	Err(Invalid("worksheet mergeCells appears before sheetData"))
in-sheetdata__cell-ref-not-in-row__nocols.xlsx	Sheet1	B1:B50	cells	reads=7	bytes=466	Err(Invalid("worksheet mergeCells appears before sheetData"))
in-sheetdata__cell-unclosed__cols.xlsx	SHEETS	Sheet1
in-sheetdata__cell-unclosed__cols.xlsx	Sheet1	A1	cell	reads=7	bytes=486	Err(Invalid("invalid worksheet extension XML: ill-formed document: expected `</c>`, but `</row>` was found"))
in-sheetdata__cell-unclosed__cols.xlsx	Sheet1	A2	cell	reads=7	bytes=486	Err(Invalid("invalid worksheet extension XML: ill-formed document: expected `</c>`, but `</row>` was found"))
in-sheetdata__cell-unclosed__cols.xlsx	Sheet1	B1	cell	reads=7	bytes=486	Err(Invalid("invalid worksheet extension XML: ill-formed document: expected `</c>`, but `</row>` was found"))
in-sheetdata__cell-unclosed__cols.xlsx	Sheet1	B2	cell	reads=7	bytes=486	Err(Invalid("invalid worksheet extension XML: ill-formed document: expected `</c>`, but `</row>` was found"))
in-sheetdata__cell-unclosed__cols.xlsx	Sheet1	C3	cell	reads=7	bytes=486	Err(Invalid("invalid worksheet extension XML: ill-formed document: expected `</c>`, but `</row>` was found"))
in-sheetdata__cell-unclosed__cols.xlsx	Sheet1	D4	cell	reads=7	bytes=486	Err(Invalid("invalid worksheet extension XML: ill-formed document: expected `</c>`, but `</row>` was found"))
in-sheetdata__cell-unclosed__cols.xlsx	Sheet1	E5	cell	reads=7	bytes=486	Err(Invalid("invalid worksheet extension XML: ill-formed document: expected `</c>`, but `</row>` was found"))
in-sheetdata__cell-unclosed__cols.xlsx	Sheet1	H680	cell	reads=7	bytes=486	Err(Invalid("invalid worksheet extension XML: ill-formed document: expected `</c>`, but `</row>` was found"))
in-sheetdata__cell-unclosed__cols.xlsx	Sheet1	M29	cell	reads=7	bytes=486	Err(Invalid("invalid worksheet extension XML: ill-formed document: expected `</c>`, but `</row>` was found"))
in-sheetdata__cell-unclosed__cols.xlsx	Sheet1	Z100	cell	reads=7	bytes=486	Err(Invalid("invalid worksheet extension XML: ill-formed document: expected `</c>`, but `</row>` was found"))
in-sheetdata__cell-unclosed__cols.xlsx	Sheet1	AA1	cell	reads=7	bytes=486	Err(Invalid("invalid worksheet extension XML: ill-formed document: expected `</c>`, but `</row>` was found"))
in-sheetdata__cell-unclosed__cols.xlsx	Sheet1	BA50	cell	reads=7	bytes=486	Err(Invalid("invalid worksheet extension XML: ill-formed document: expected `</c>`, but `</row>` was found"))
in-sheetdata__cell-unclosed__cols.xlsx	Sheet1	A1:E5	cells	reads=7	bytes=486	Err(Invalid("invalid worksheet extension XML: ill-formed document: expected `</c>`, but `</row>` was found"))
in-sheetdata__cell-unclosed__cols.xlsx	Sheet1	B1:B50	cells	reads=7	bytes=486	Err(Invalid("invalid worksheet extension XML: ill-formed document: expected `</c>`, but `</row>` was found"))
in-sheetdata__cell-unclosed__nocols.xlsx	SHEETS	Sheet1
in-sheetdata__cell-unclosed__nocols.xlsx	Sheet1	A1	cell	reads=7	bytes=462	Err(Invalid("invalid worksheet extension XML: ill-formed document: expected `</c>`, but `</row>` was found"))
in-sheetdata__cell-unclosed__nocols.xlsx	Sheet1	A2	cell	reads=7	bytes=462	Err(Invalid("invalid worksheet extension XML: ill-formed document: expected `</c>`, but `</row>` was found"))
in-sheetdata__cell-unclosed__nocols.xlsx	Sheet1	B1	cell	reads=7	bytes=462	Err(Invalid("invalid worksheet extension XML: ill-formed document: expected `</c>`, but `</row>` was found"))
in-sheetdata__cell-unclosed__nocols.xlsx	Sheet1	B2	cell	reads=7	bytes=462	Err(Invalid("invalid worksheet extension XML: ill-formed document: expected `</c>`, but `</row>` was found"))
in-sheetdata__cell-unclosed__nocols.xlsx	Sheet1	C3	cell	reads=7	bytes=462	Err(Invalid("invalid worksheet extension XML: ill-formed document: expected `</c>`, but `</row>` was found"))
in-sheetdata__cell-unclosed__nocols.xlsx	Sheet1	D4	cell	reads=7	bytes=462	Err(Invalid("invalid worksheet extension XML: ill-formed document: expected `</c>`, but `</row>` was found"))
in-sheetdata__cell-unclosed__nocols.xlsx	Sheet1	E5	cell	reads=7	bytes=462	Err(Invalid("invalid worksheet extension XML: ill-formed document: expected `</c>`, but `</row>` was found"))
in-sheetdata__cell-unclosed__nocols.xlsx	Sheet1	H680	cell	reads=7	bytes=462	Err(Invalid("invalid worksheet extension XML: ill-formed document: expected `</c>`, but `</row>` was found"))
in-sheetdata__cell-unclosed__nocols.xlsx	Sheet1	M29	cell	reads=7	bytes=462	Err(Invalid("invalid worksheet extension XML: ill-formed document: expected `</c>`, but `</row>` was found"))
in-sheetdata__cell-unclosed__nocols.xlsx	Sheet1	Z100	cell	reads=7	bytes=462	Err(Invalid("invalid worksheet extension XML: ill-formed document: expected `</c>`, but `</row>` was found"))
in-sheetdata__cell-unclosed__nocols.xlsx	Sheet1	AA1	cell	reads=7	bytes=462	Err(Invalid("invalid worksheet extension XML: ill-formed document: expected `</c>`, but `</row>` was found"))
in-sheetdata__cell-unclosed__nocols.xlsx	Sheet1	BA50	cell	reads=7	bytes=462	Err(Invalid("invalid worksheet extension XML: ill-formed document: expected `</c>`, but `</row>` was found"))
in-sheetdata__cell-unclosed__nocols.xlsx	Sheet1	A1:E5	cells	reads=7	bytes=462	Err(Invalid("invalid worksheet extension XML: ill-formed document: expected `</c>`, but `</row>` was found"))
in-sheetdata__cell-unclosed__nocols.xlsx	Sheet1	B1:B50	cells	reads=7	bytes=462	Err(Invalid("invalid worksheet extension XML: ill-formed document: expected `</c>`, but `</row>` was found"))
in-sheetdata__invalid-utf8__cols.xlsx	SHEETS	Sheet1
in-sheetdata__invalid-utf8__cols.xlsx	Sheet1	A1	cell	reads=7	bytes=496	Err(Invalid("invalid worksheet extension XML: cannot decode input using UTF-8: invalid utf-8 sequence of 1 bytes from index 0"))
in-sheetdata__invalid-utf8__cols.xlsx	Sheet1	A2	cell	reads=7	bytes=496	Err(Invalid("invalid worksheet extension XML: cannot decode input using UTF-8: invalid utf-8 sequence of 1 bytes from index 0"))
in-sheetdata__invalid-utf8__cols.xlsx	Sheet1	B1	cell	reads=7	bytes=496	Err(Invalid("invalid worksheet extension XML: cannot decode input using UTF-8: invalid utf-8 sequence of 1 bytes from index 0"))
in-sheetdata__invalid-utf8__cols.xlsx	Sheet1	B2	cell	reads=7	bytes=496	Err(Invalid("invalid worksheet extension XML: cannot decode input using UTF-8: invalid utf-8 sequence of 1 bytes from index 0"))
in-sheetdata__invalid-utf8__cols.xlsx	Sheet1	C3	cell	reads=7	bytes=496	Err(Invalid("invalid worksheet extension XML: cannot decode input using UTF-8: invalid utf-8 sequence of 1 bytes from index 0"))
in-sheetdata__invalid-utf8__cols.xlsx	Sheet1	D4	cell	reads=7	bytes=496	Err(Invalid("invalid worksheet extension XML: cannot decode input using UTF-8: invalid utf-8 sequence of 1 bytes from index 0"))
in-sheetdata__invalid-utf8__cols.xlsx	Sheet1	E5	cell	reads=7	bytes=496	Err(Invalid("invalid worksheet extension XML: cannot decode input using UTF-8: invalid utf-8 sequence of 1 bytes from index 0"))
in-sheetdata__invalid-utf8__cols.xlsx	Sheet1	H680	cell	reads=7	bytes=496	Err(Invalid("invalid worksheet extension XML: cannot decode input using UTF-8: invalid utf-8 sequence of 1 bytes from index 0"))
in-sheetdata__invalid-utf8__cols.xlsx	Sheet1	M29	cell	reads=7	bytes=496	Err(Invalid("invalid worksheet extension XML: cannot decode input using UTF-8: invalid utf-8 sequence of 1 bytes from index 0"))
in-sheetdata__invalid-utf8__cols.xlsx	Sheet1	Z100	cell	reads=7	bytes=496	Err(Invalid("invalid worksheet extension XML: cannot decode input using UTF-8: invalid utf-8 sequence of 1 bytes from index 0"))
in-sheetdata__invalid-utf8__cols.xlsx	Sheet1	AA1	cell	reads=7	bytes=496	Err(Invalid("invalid worksheet extension XML: cannot decode input using UTF-8: invalid utf-8 sequence of 1 bytes from index 0"))
in-sheetdata__invalid-utf8__cols.xlsx	Sheet1	BA50	cell	reads=7	bytes=496	Err(Invalid("invalid worksheet extension XML: cannot decode input using UTF-8: invalid utf-8 sequence of 1 bytes from index 0"))
in-sheetdata__invalid-utf8__cols.xlsx	Sheet1	A1:E5	cells	reads=7	bytes=496	Err(Invalid("invalid worksheet extension XML: cannot decode input using UTF-8: invalid utf-8 sequence of 1 bytes from index 0"))
in-sheetdata__invalid-utf8__cols.xlsx	Sheet1	B1:B50	cells	reads=7	bytes=496	Err(Invalid("invalid worksheet extension XML: cannot decode input using UTF-8: invalid utf-8 sequence of 1 bytes from index 0"))
in-sheetdata__invalid-utf8__nocols.xlsx	SHEETS	Sheet1
in-sheetdata__invalid-utf8__nocols.xlsx	Sheet1	A1	cell	reads=7	bytes=473	Err(Invalid("invalid worksheet extension XML: cannot decode input using UTF-8: invalid utf-8 sequence of 1 bytes from index 0"))
in-sheetdata__invalid-utf8__nocols.xlsx	Sheet1	A2	cell	reads=7	bytes=473	Err(Invalid("invalid worksheet extension XML: cannot decode input using UTF-8: invalid utf-8 sequence of 1 bytes from index 0"))
in-sheetdata__invalid-utf8__nocols.xlsx	Sheet1	B1	cell	reads=7	bytes=473	Err(Invalid("invalid worksheet extension XML: cannot decode input using UTF-8: invalid utf-8 sequence of 1 bytes from index 0"))
in-sheetdata__invalid-utf8__nocols.xlsx	Sheet1	B2	cell	reads=7	bytes=473	Err(Invalid("invalid worksheet extension XML: cannot decode input using UTF-8: invalid utf-8 sequence of 1 bytes from index 0"))
in-sheetdata__invalid-utf8__nocols.xlsx	Sheet1	C3	cell	reads=7	bytes=473	Err(Invalid("invalid worksheet extension XML: cannot decode input using UTF-8: invalid utf-8 sequence of 1 bytes from index 0"))
in-sheetdata__invalid-utf8__nocols.xlsx	Sheet1	D4	cell	reads=7	bytes=473	Err(Invalid("invalid worksheet extension XML: cannot decode input using UTF-8: invalid utf-8 sequence of 1 bytes from index 0"))
in-sheetdata__invalid-utf8__nocols.xlsx	Sheet1	E5	cell	reads=7	bytes=473	Err(Invalid("invalid worksheet extension XML: cannot decode input using UTF-8: invalid utf-8 sequence of 1 bytes from index 0"))
in-sheetdata__invalid-utf8__nocols.xlsx	Sheet1	H680	cell	reads=7	bytes=473	Err(Invalid("invalid worksheet extension XML: cannot decode input using UTF-8: invalid utf-8 sequence of 1 bytes from index 0"))
in-sheetdata__invalid-utf8__nocols.xlsx	Sheet1	M29	cell	reads=7	bytes=473	Err(Invalid("invalid worksheet extension XML: cannot decode input using UTF-8: invalid utf-8 sequence of 1 bytes from index 0"))
in-sheetdata__invalid-utf8__nocols.xlsx	Sheet1	Z100	cell	reads=7	bytes=473	Err(Invalid("invalid worksheet extension XML: cannot decode input using UTF-8: invalid utf-8 sequence of 1 bytes from index 0"))
in-sheetdata__invalid-utf8__nocols.xlsx	Sheet1	AA1	cell	reads=7	bytes=473	Err(Invalid("invalid worksheet extension XML: cannot decode input using UTF-8: invalid utf-8 sequence of 1 bytes from index 0"))
in-sheetdata__invalid-utf8__nocols.xlsx	Sheet1	BA50	cell	reads=7	bytes=473	Err(Invalid("invalid worksheet extension XML: cannot decode input using UTF-8: invalid utf-8 sequence of 1 bytes from index 0"))
in-sheetdata__invalid-utf8__nocols.xlsx	Sheet1	A1:E5	cells	reads=7	bytes=473	Err(Invalid("invalid worksheet extension XML: cannot decode input using UTF-8: invalid utf-8 sequence of 1 bytes from index 0"))
in-sheetdata__invalid-utf8__nocols.xlsx	Sheet1	B1:B50	cells	reads=7	bytes=473	Err(Invalid("invalid worksheet extension XML: cannot decode input using UTF-8: invalid utf-8 sequence of 1 bytes from index 0"))
in-sheetdata__row-out-of-order__cols.xlsx	SHEETS	Sheet1
in-sheetdata__row-out-of-order__cols.xlsx	Sheet1	A1	cell	reads=7	bytes=498	Err(Invalid("worksheet mergeCells appears before sheetData"))
in-sheetdata__row-out-of-order__cols.xlsx	Sheet1	A2	cell	reads=7	bytes=498	Err(Invalid("worksheet mergeCells appears before sheetData"))
in-sheetdata__row-out-of-order__cols.xlsx	Sheet1	B1	cell	reads=7	bytes=498	Err(Invalid("worksheet mergeCells appears before sheetData"))
in-sheetdata__row-out-of-order__cols.xlsx	Sheet1	B2	cell	reads=7	bytes=498	Err(Invalid("worksheet mergeCells appears before sheetData"))
in-sheetdata__row-out-of-order__cols.xlsx	Sheet1	C3	cell	reads=7	bytes=498	Err(Invalid("worksheet mergeCells appears before sheetData"))
in-sheetdata__row-out-of-order__cols.xlsx	Sheet1	D4	cell	reads=7	bytes=498	Err(Invalid("worksheet mergeCells appears before sheetData"))
in-sheetdata__row-out-of-order__cols.xlsx	Sheet1	E5	cell	reads=7	bytes=498	Err(Invalid("worksheet mergeCells appears before sheetData"))
in-sheetdata__row-out-of-order__cols.xlsx	Sheet1	H680	cell	reads=7	bytes=498	Err(Invalid("worksheet mergeCells appears before sheetData"))
in-sheetdata__row-out-of-order__cols.xlsx	Sheet1	M29	cell	reads=7	bytes=498	Err(Invalid("worksheet mergeCells appears before sheetData"))
in-sheetdata__row-out-of-order__cols.xlsx	Sheet1	Z100	cell	reads=7	bytes=498	Err(Invalid("worksheet mergeCells appears before sheetData"))
in-sheetdata__row-out-of-order__cols.xlsx	Sheet1	AA1	cell	reads=7	bytes=498	Err(Invalid("worksheet mergeCells appears before sheetData"))
in-sheetdata__row-out-of-order__cols.xlsx	Sheet1	BA50	cell	reads=7	bytes=498	Err(Invalid("worksheet mergeCells appears before sheetData"))
in-sheetdata__row-out-of-order__cols.xlsx	Sheet1	A1:E5	cells	reads=7	bytes=498	Err(Invalid("worksheet mergeCells appears before sheetData"))
in-sheetdata__row-out-of-order__cols.xlsx	Sheet1	B1:B50	cells	reads=7	bytes=498	Err(Invalid("worksheet mergeCells appears before sheetData"))
in-sheetdata__row-out-of-order__nocols.xlsx	SHEETS	Sheet1
in-sheetdata__row-out-of-order__nocols.xlsx	Sheet1	A1	cell	reads=7	bytes=475	Err(Invalid("worksheet mergeCells appears before sheetData"))
in-sheetdata__row-out-of-order__nocols.xlsx	Sheet1	A2	cell	reads=7	bytes=475	Err(Invalid("worksheet mergeCells appears before sheetData"))
in-sheetdata__row-out-of-order__nocols.xlsx	Sheet1	B1	cell	reads=7	bytes=475	Err(Invalid("worksheet mergeCells appears before sheetData"))
in-sheetdata__row-out-of-order__nocols.xlsx	Sheet1	B2	cell	reads=7	bytes=475	Err(Invalid("worksheet mergeCells appears before sheetData"))
in-sheetdata__row-out-of-order__nocols.xlsx	Sheet1	C3	cell	reads=7	bytes=475	Err(Invalid("worksheet mergeCells appears before sheetData"))
in-sheetdata__row-out-of-order__nocols.xlsx	Sheet1	D4	cell	reads=7	bytes=475	Err(Invalid("worksheet mergeCells appears before sheetData"))
in-sheetdata__row-out-of-order__nocols.xlsx	Sheet1	E5	cell	reads=7	bytes=475	Err(Invalid("worksheet mergeCells appears before sheetData"))
in-sheetdata__row-out-of-order__nocols.xlsx	Sheet1	H680	cell	reads=7	bytes=475	Err(Invalid("worksheet mergeCells appears before sheetData"))
in-sheetdata__row-out-of-order__nocols.xlsx	Sheet1	M29	cell	reads=7	bytes=475	Err(Invalid("worksheet mergeCells appears before sheetData"))
in-sheetdata__row-out-of-order__nocols.xlsx	Sheet1	Z100	cell	reads=7	bytes=475	Err(Invalid("worksheet mergeCells appears before sheetData"))
in-sheetdata__row-out-of-order__nocols.xlsx	Sheet1	AA1	cell	reads=7	bytes=475	Err(Invalid("worksheet mergeCells appears before sheetData"))
in-sheetdata__row-out-of-order__nocols.xlsx	Sheet1	BA50	cell	reads=7	bytes=475	Err(Invalid("worksheet mergeCells appears before sheetData"))
in-sheetdata__row-out-of-order__nocols.xlsx	Sheet1	A1:E5	cells	reads=7	bytes=475	Err(Invalid("worksheet mergeCells appears before sheetData"))
in-sheetdata__row-out-of-order__nocols.xlsx	Sheet1	B1:B50	cells	reads=7	bytes=475	Err(Invalid("worksheet mergeCells appears before sheetData"))
in-sheetdata__row-style__cols.xlsx	SHEETS	Sheet1
in-sheetdata__row-style__cols.xlsx	Sheet1	A1	cell	reads=7	bytes=498	Err(Invalid("worksheet mergeCells appears before sheetData"))
in-sheetdata__row-style__cols.xlsx	Sheet1	A2	cell	reads=7	bytes=498	Err(Invalid("worksheet mergeCells appears before sheetData"))
in-sheetdata__row-style__cols.xlsx	Sheet1	B1	cell	reads=7	bytes=498	Err(Invalid("worksheet mergeCells appears before sheetData"))
in-sheetdata__row-style__cols.xlsx	Sheet1	B2	cell	reads=7	bytes=498	Err(Invalid("worksheet mergeCells appears before sheetData"))
in-sheetdata__row-style__cols.xlsx	Sheet1	C3	cell	reads=7	bytes=498	Err(Invalid("worksheet mergeCells appears before sheetData"))
in-sheetdata__row-style__cols.xlsx	Sheet1	D4	cell	reads=7	bytes=498	Err(Invalid("worksheet mergeCells appears before sheetData"))
in-sheetdata__row-style__cols.xlsx	Sheet1	E5	cell	reads=7	bytes=498	Err(Invalid("worksheet mergeCells appears before sheetData"))
in-sheetdata__row-style__cols.xlsx	Sheet1	H680	cell	reads=7	bytes=498	Err(Invalid("worksheet mergeCells appears before sheetData"))
in-sheetdata__row-style__cols.xlsx	Sheet1	M29	cell	reads=7	bytes=498	Err(Invalid("worksheet mergeCells appears before sheetData"))
in-sheetdata__row-style__cols.xlsx	Sheet1	Z100	cell	reads=7	bytes=498	Err(Invalid("worksheet mergeCells appears before sheetData"))
in-sheetdata__row-style__cols.xlsx	Sheet1	AA1	cell	reads=7	bytes=498	Err(Invalid("worksheet mergeCells appears before sheetData"))
in-sheetdata__row-style__cols.xlsx	Sheet1	BA50	cell	reads=7	bytes=498	Err(Invalid("worksheet mergeCells appears before sheetData"))
in-sheetdata__row-style__cols.xlsx	Sheet1	A1:E5	cells	reads=7	bytes=498	Err(Invalid("worksheet mergeCells appears before sheetData"))
in-sheetdata__row-style__cols.xlsx	Sheet1	B1:B50	cells	reads=7	bytes=498	Err(Invalid("worksheet mergeCells appears before sheetData"))
in-sheetdata__row-style__nocols.xlsx	SHEETS	Sheet1
in-sheetdata__row-style__nocols.xlsx	Sheet1	A1	cell	reads=7	bytes=477	Err(Invalid("worksheet mergeCells appears before sheetData"))
in-sheetdata__row-style__nocols.xlsx	Sheet1	A2	cell	reads=7	bytes=477	Err(Invalid("worksheet mergeCells appears before sheetData"))
in-sheetdata__row-style__nocols.xlsx	Sheet1	B1	cell	reads=7	bytes=477	Err(Invalid("worksheet mergeCells appears before sheetData"))
in-sheetdata__row-style__nocols.xlsx	Sheet1	B2	cell	reads=7	bytes=477	Err(Invalid("worksheet mergeCells appears before sheetData"))
in-sheetdata__row-style__nocols.xlsx	Sheet1	C3	cell	reads=7	bytes=477	Err(Invalid("worksheet mergeCells appears before sheetData"))
in-sheetdata__row-style__nocols.xlsx	Sheet1	D4	cell	reads=7	bytes=477	Err(Invalid("worksheet mergeCells appears before sheetData"))
in-sheetdata__row-style__nocols.xlsx	Sheet1	E5	cell	reads=7	bytes=477	Err(Invalid("worksheet mergeCells appears before sheetData"))
in-sheetdata__row-style__nocols.xlsx	Sheet1	H680	cell	reads=7	bytes=477	Err(Invalid("worksheet mergeCells appears before sheetData"))
in-sheetdata__row-style__nocols.xlsx	Sheet1	M29	cell	reads=7	bytes=477	Err(Invalid("worksheet mergeCells appears before sheetData"))
in-sheetdata__row-style__nocols.xlsx	Sheet1	Z100	cell	reads=7	bytes=477	Err(Invalid("worksheet mergeCells appears before sheetData"))
in-sheetdata__row-style__nocols.xlsx	Sheet1	AA1	cell	reads=7	bytes=477	Err(Invalid("worksheet mergeCells appears before sheetData"))
in-sheetdata__row-style__nocols.xlsx	Sheet1	BA50	cell	reads=7	bytes=477	Err(Invalid("worksheet mergeCells appears before sheetData"))
in-sheetdata__row-style__nocols.xlsx	Sheet1	A1:E5	cells	reads=7	bytes=477	Err(Invalid("worksheet mergeCells appears before sheetData"))
in-sheetdata__row-style__nocols.xlsx	Sheet1	B1:B50	cells	reads=7	bytes=477	Err(Invalid("worksheet mergeCells appears before sheetData"))
in-sheetdata__shared-formula-not-first__cols.xlsx	SHEETS	Sheet1
in-sheetdata__shared-formula-not-first__cols.xlsx	Sheet1	A1	cell	reads=7	bytes=504	Err(Invalid("worksheet mergeCells appears before sheetData"))
in-sheetdata__shared-formula-not-first__cols.xlsx	Sheet1	A2	cell	reads=7	bytes=504	Err(Invalid("worksheet mergeCells appears before sheetData"))
in-sheetdata__shared-formula-not-first__cols.xlsx	Sheet1	B1	cell	reads=7	bytes=504	Err(Invalid("worksheet mergeCells appears before sheetData"))
in-sheetdata__shared-formula-not-first__cols.xlsx	Sheet1	B2	cell	reads=7	bytes=504	Err(Invalid("worksheet mergeCells appears before sheetData"))
in-sheetdata__shared-formula-not-first__cols.xlsx	Sheet1	C3	cell	reads=7	bytes=504	Err(Invalid("worksheet mergeCells appears before sheetData"))
in-sheetdata__shared-formula-not-first__cols.xlsx	Sheet1	D4	cell	reads=7	bytes=504	Err(Invalid("worksheet mergeCells appears before sheetData"))
in-sheetdata__shared-formula-not-first__cols.xlsx	Sheet1	E5	cell	reads=7	bytes=504	Err(Invalid("worksheet mergeCells appears before sheetData"))
in-sheetdata__shared-formula-not-first__cols.xlsx	Sheet1	H680	cell	reads=7	bytes=504	Err(Invalid("worksheet mergeCells appears before sheetData"))
in-sheetdata__shared-formula-not-first__cols.xlsx	Sheet1	M29	cell	reads=7	bytes=504	Err(Invalid("worksheet mergeCells appears before sheetData"))
in-sheetdata__shared-formula-not-first__cols.xlsx	Sheet1	Z100	cell	reads=7	bytes=504	Err(Invalid("worksheet mergeCells appears before sheetData"))
in-sheetdata__shared-formula-not-first__cols.xlsx	Sheet1	AA1	cell	reads=7	bytes=504	Err(Invalid("worksheet mergeCells appears before sheetData"))
in-sheetdata__shared-formula-not-first__cols.xlsx	Sheet1	BA50	cell	reads=7	bytes=504	Err(Invalid("worksheet mergeCells appears before sheetData"))
in-sheetdata__shared-formula-not-first__cols.xlsx	Sheet1	A1:E5	cells	reads=7	bytes=504	Err(Invalid("worksheet mergeCells appears before sheetData"))
in-sheetdata__shared-formula-not-first__cols.xlsx	Sheet1	B1:B50	cells	reads=7	bytes=504	Err(Invalid("worksheet mergeCells appears before sheetData"))
in-sheetdata__shared-formula-not-first__nocols.xlsx	SHEETS	Sheet1
in-sheetdata__shared-formula-not-first__nocols.xlsx	Sheet1	A1	cell	reads=7	bytes=480	Err(Invalid("worksheet mergeCells appears before sheetData"))
in-sheetdata__shared-formula-not-first__nocols.xlsx	Sheet1	A2	cell	reads=7	bytes=480	Err(Invalid("worksheet mergeCells appears before sheetData"))
in-sheetdata__shared-formula-not-first__nocols.xlsx	Sheet1	B1	cell	reads=7	bytes=480	Err(Invalid("worksheet mergeCells appears before sheetData"))
in-sheetdata__shared-formula-not-first__nocols.xlsx	Sheet1	B2	cell	reads=7	bytes=480	Err(Invalid("worksheet mergeCells appears before sheetData"))
in-sheetdata__shared-formula-not-first__nocols.xlsx	Sheet1	C3	cell	reads=7	bytes=480	Err(Invalid("worksheet mergeCells appears before sheetData"))
in-sheetdata__shared-formula-not-first__nocols.xlsx	Sheet1	D4	cell	reads=7	bytes=480	Err(Invalid("worksheet mergeCells appears before sheetData"))
in-sheetdata__shared-formula-not-first__nocols.xlsx	Sheet1	E5	cell	reads=7	bytes=480	Err(Invalid("worksheet mergeCells appears before sheetData"))
in-sheetdata__shared-formula-not-first__nocols.xlsx	Sheet1	H680	cell	reads=7	bytes=480	Err(Invalid("worksheet mergeCells appears before sheetData"))
in-sheetdata__shared-formula-not-first__nocols.xlsx	Sheet1	M29	cell	reads=7	bytes=480	Err(Invalid("worksheet mergeCells appears before sheetData"))
in-sheetdata__shared-formula-not-first__nocols.xlsx	Sheet1	Z100	cell	reads=7	bytes=480	Err(Invalid("worksheet mergeCells appears before sheetData"))
in-sheetdata__shared-formula-not-first__nocols.xlsx	Sheet1	AA1	cell	reads=7	bytes=480	Err(Invalid("worksheet mergeCells appears before sheetData"))
in-sheetdata__shared-formula-not-first__nocols.xlsx	Sheet1	BA50	cell	reads=7	bytes=480	Err(Invalid("worksheet mergeCells appears before sheetData"))
in-sheetdata__shared-formula-not-first__nocols.xlsx	Sheet1	A1:E5	cells	reads=7	bytes=480	Err(Invalid("worksheet mergeCells appears before sheetData"))
in-sheetdata__shared-formula-not-first__nocols.xlsx	Sheet1	B1:B50	cells	reads=7	bytes=480	Err(Invalid("worksheet mergeCells appears before sheetData"))
in-sheetdata__sheetdata-bad-entity__cols.xlsx	SHEETS	Sheet1
in-sheetdata__sheetdata-bad-entity__cols.xlsx	Sheet1	A1	cell	reads=7	bytes=500	Err(MarkupCompatibility(NonConformant("custom entity")))
in-sheetdata__sheetdata-bad-entity__cols.xlsx	Sheet1	A2	cell	reads=7	bytes=500	Err(MarkupCompatibility(NonConformant("custom entity")))
in-sheetdata__sheetdata-bad-entity__cols.xlsx	Sheet1	B1	cell	reads=7	bytes=500	Err(MarkupCompatibility(NonConformant("custom entity")))
in-sheetdata__sheetdata-bad-entity__cols.xlsx	Sheet1	B2	cell	reads=7	bytes=500	Err(MarkupCompatibility(NonConformant("custom entity")))
in-sheetdata__sheetdata-bad-entity__cols.xlsx	Sheet1	C3	cell	reads=7	bytes=500	Err(MarkupCompatibility(NonConformant("custom entity")))
in-sheetdata__sheetdata-bad-entity__cols.xlsx	Sheet1	D4	cell	reads=7	bytes=500	Err(MarkupCompatibility(NonConformant("custom entity")))
in-sheetdata__sheetdata-bad-entity__cols.xlsx	Sheet1	E5	cell	reads=7	bytes=500	Err(MarkupCompatibility(NonConformant("custom entity")))
in-sheetdata__sheetdata-bad-entity__cols.xlsx	Sheet1	H680	cell	reads=7	bytes=500	Err(MarkupCompatibility(NonConformant("custom entity")))
in-sheetdata__sheetdata-bad-entity__cols.xlsx	Sheet1	M29	cell	reads=7	bytes=500	Err(MarkupCompatibility(NonConformant("custom entity")))
in-sheetdata__sheetdata-bad-entity__cols.xlsx	Sheet1	Z100	cell	reads=7	bytes=500	Err(MarkupCompatibility(NonConformant("custom entity")))
in-sheetdata__sheetdata-bad-entity__cols.xlsx	Sheet1	AA1	cell	reads=7	bytes=500	Err(MarkupCompatibility(NonConformant("custom entity")))
in-sheetdata__sheetdata-bad-entity__cols.xlsx	Sheet1	BA50	cell	reads=7	bytes=500	Err(MarkupCompatibility(NonConformant("custom entity")))
in-sheetdata__sheetdata-bad-entity__cols.xlsx	Sheet1	A1:E5	cells	reads=7	bytes=500	Err(MarkupCompatibility(NonConformant("custom entity")))
in-sheetdata__sheetdata-bad-entity__cols.xlsx	Sheet1	B1:B50	cells	reads=7	bytes=500	Err(MarkupCompatibility(NonConformant("custom entity")))
in-sheetdata__sheetdata-bad-entity__nocols.xlsx	SHEETS	Sheet1
in-sheetdata__sheetdata-bad-entity__nocols.xlsx	Sheet1	A1	cell	reads=7	bytes=478	Err(MarkupCompatibility(NonConformant("custom entity")))
in-sheetdata__sheetdata-bad-entity__nocols.xlsx	Sheet1	A2	cell	reads=7	bytes=478	Err(MarkupCompatibility(NonConformant("custom entity")))
in-sheetdata__sheetdata-bad-entity__nocols.xlsx	Sheet1	B1	cell	reads=7	bytes=478	Err(MarkupCompatibility(NonConformant("custom entity")))
in-sheetdata__sheetdata-bad-entity__nocols.xlsx	Sheet1	B2	cell	reads=7	bytes=478	Err(MarkupCompatibility(NonConformant("custom entity")))
in-sheetdata__sheetdata-bad-entity__nocols.xlsx	Sheet1	C3	cell	reads=7	bytes=478	Err(MarkupCompatibility(NonConformant("custom entity")))
in-sheetdata__sheetdata-bad-entity__nocols.xlsx	Sheet1	D4	cell	reads=7	bytes=478	Err(MarkupCompatibility(NonConformant("custom entity")))
in-sheetdata__sheetdata-bad-entity__nocols.xlsx	Sheet1	E5	cell	reads=7	bytes=478	Err(MarkupCompatibility(NonConformant("custom entity")))
in-sheetdata__sheetdata-bad-entity__nocols.xlsx	Sheet1	H680	cell	reads=7	bytes=478	Err(MarkupCompatibility(NonConformant("custom entity")))
in-sheetdata__sheetdata-bad-entity__nocols.xlsx	Sheet1	M29	cell	reads=7	bytes=478	Err(MarkupCompatibility(NonConformant("custom entity")))
in-sheetdata__sheetdata-bad-entity__nocols.xlsx	Sheet1	Z100	cell	reads=7	bytes=478	Err(MarkupCompatibility(NonConformant("custom entity")))
in-sheetdata__sheetdata-bad-entity__nocols.xlsx	Sheet1	AA1	cell	reads=7	bytes=478	Err(MarkupCompatibility(NonConformant("custom entity")))
in-sheetdata__sheetdata-bad-entity__nocols.xlsx	Sheet1	BA50	cell	reads=7	bytes=478	Err(MarkupCompatibility(NonConformant("custom entity")))
in-sheetdata__sheetdata-bad-entity__nocols.xlsx	Sheet1	A1:E5	cells	reads=7	bytes=478	Err(MarkupCompatibility(NonConformant("custom entity")))
in-sheetdata__sheetdata-bad-entity__nocols.xlsx	Sheet1	B1:B50	cells	reads=7	bytes=478	Err(MarkupCompatibility(NonConformant("custom entity")))
in-sheetdata__x14ac-bad-descent__cols.xlsx	SHEETS	Sheet1
in-sheetdata__x14ac-bad-descent__cols.xlsx	Sheet1	A1	cell	reads=7	bytes=574	Err(Invalid("invalid x14ac:dyDescent value 'notanumber'"))
in-sheetdata__x14ac-bad-descent__cols.xlsx	Sheet1	A2	cell	reads=7	bytes=574	Err(Invalid("invalid x14ac:dyDescent value 'notanumber'"))
in-sheetdata__x14ac-bad-descent__cols.xlsx	Sheet1	B1	cell	reads=7	bytes=574	Err(Invalid("invalid x14ac:dyDescent value 'notanumber'"))
in-sheetdata__x14ac-bad-descent__cols.xlsx	Sheet1	B2	cell	reads=7	bytes=574	Err(Invalid("invalid x14ac:dyDescent value 'notanumber'"))
in-sheetdata__x14ac-bad-descent__cols.xlsx	Sheet1	C3	cell	reads=7	bytes=574	Err(Invalid("invalid x14ac:dyDescent value 'notanumber'"))
in-sheetdata__x14ac-bad-descent__cols.xlsx	Sheet1	D4	cell	reads=7	bytes=574	Err(Invalid("invalid x14ac:dyDescent value 'notanumber'"))
in-sheetdata__x14ac-bad-descent__cols.xlsx	Sheet1	E5	cell	reads=7	bytes=574	Err(Invalid("invalid x14ac:dyDescent value 'notanumber'"))
in-sheetdata__x14ac-bad-descent__cols.xlsx	Sheet1	H680	cell	reads=7	bytes=574	Err(Invalid("invalid x14ac:dyDescent value 'notanumber'"))
in-sheetdata__x14ac-bad-descent__cols.xlsx	Sheet1	M29	cell	reads=7	bytes=574	Err(Invalid("invalid x14ac:dyDescent value 'notanumber'"))
in-sheetdata__x14ac-bad-descent__cols.xlsx	Sheet1	Z100	cell	reads=7	bytes=574	Err(Invalid("invalid x14ac:dyDescent value 'notanumber'"))
in-sheetdata__x14ac-bad-descent__cols.xlsx	Sheet1	AA1	cell	reads=7	bytes=574	Err(Invalid("invalid x14ac:dyDescent value 'notanumber'"))
in-sheetdata__x14ac-bad-descent__cols.xlsx	Sheet1	BA50	cell	reads=7	bytes=574	Err(Invalid("invalid x14ac:dyDescent value 'notanumber'"))
in-sheetdata__x14ac-bad-descent__cols.xlsx	Sheet1	A1:E5	cells	reads=7	bytes=574	Err(Invalid("invalid x14ac:dyDescent value 'notanumber'"))
in-sheetdata__x14ac-bad-descent__cols.xlsx	Sheet1	B1:B50	cells	reads=7	bytes=574	Err(Invalid("invalid x14ac:dyDescent value 'notanumber'"))
in-sheetdata__x14ac-bad-descent__nocols.xlsx	SHEETS	Sheet1
in-sheetdata__x14ac-bad-descent__nocols.xlsx	Sheet1	A1	cell	reads=7	bytes=552	Err(Invalid("invalid x14ac:dyDescent value 'notanumber'"))
in-sheetdata__x14ac-bad-descent__nocols.xlsx	Sheet1	A2	cell	reads=7	bytes=552	Err(Invalid("invalid x14ac:dyDescent value 'notanumber'"))
in-sheetdata__x14ac-bad-descent__nocols.xlsx	Sheet1	B1	cell	reads=7	bytes=552	Err(Invalid("invalid x14ac:dyDescent value 'notanumber'"))
in-sheetdata__x14ac-bad-descent__nocols.xlsx	Sheet1	B2	cell	reads=7	bytes=552	Err(Invalid("invalid x14ac:dyDescent value 'notanumber'"))
in-sheetdata__x14ac-bad-descent__nocols.xlsx	Sheet1	C3	cell	reads=7	bytes=552	Err(Invalid("invalid x14ac:dyDescent value 'notanumber'"))
in-sheetdata__x14ac-bad-descent__nocols.xlsx	Sheet1	D4	cell	reads=7	bytes=552	Err(Invalid("invalid x14ac:dyDescent value 'notanumber'"))
in-sheetdata__x14ac-bad-descent__nocols.xlsx	Sheet1	E5	cell	reads=7	bytes=552	Err(Invalid("invalid x14ac:dyDescent value 'notanumber'"))
in-sheetdata__x14ac-bad-descent__nocols.xlsx	Sheet1	H680	cell	reads=7	bytes=552	Err(Invalid("invalid x14ac:dyDescent value 'notanumber'"))
in-sheetdata__x14ac-bad-descent__nocols.xlsx	Sheet1	M29	cell	reads=7	bytes=552	Err(Invalid("invalid x14ac:dyDescent value 'notanumber'"))
in-sheetdata__x14ac-bad-descent__nocols.xlsx	Sheet1	Z100	cell	reads=7	bytes=552	Err(Invalid("invalid x14ac:dyDescent value 'notanumber'"))
in-sheetdata__x14ac-bad-descent__nocols.xlsx	Sheet1	AA1	cell	reads=7	bytes=552	Err(Invalid("invalid x14ac:dyDescent value 'notanumber'"))
in-sheetdata__x14ac-bad-descent__nocols.xlsx	Sheet1	BA50	cell	reads=7	bytes=552	Err(Invalid("invalid x14ac:dyDescent value 'notanumber'"))
in-sheetdata__x14ac-bad-descent__nocols.xlsx	Sheet1	A1:E5	cells	reads=7	bytes=552	Err(Invalid("invalid x14ac:dyDescent value 'notanumber'"))
in-sheetdata__x14ac-bad-descent__nocols.xlsx	Sheet1	B1:B50	cells	reads=7	bytes=552	Err(Invalid("invalid x14ac:dyDescent value 'notanumber'"))
in-sheetdata__x14ac-descent-ok__cols.xlsx	SHEETS	Sheet1
in-sheetdata__x14ac-descent-ok__cols.xlsx	Sheet1	A1	cell	reads=7	bytes=568	Err(Invalid("worksheet mergeCells appears before sheetData"))
in-sheetdata__x14ac-descent-ok__cols.xlsx	Sheet1	A2	cell	reads=7	bytes=568	Err(Invalid("worksheet mergeCells appears before sheetData"))
in-sheetdata__x14ac-descent-ok__cols.xlsx	Sheet1	B1	cell	reads=7	bytes=568	Err(Invalid("worksheet mergeCells appears before sheetData"))
in-sheetdata__x14ac-descent-ok__cols.xlsx	Sheet1	B2	cell	reads=7	bytes=568	Err(Invalid("worksheet mergeCells appears before sheetData"))
in-sheetdata__x14ac-descent-ok__cols.xlsx	Sheet1	C3	cell	reads=7	bytes=568	Err(Invalid("worksheet mergeCells appears before sheetData"))
in-sheetdata__x14ac-descent-ok__cols.xlsx	Sheet1	D4	cell	reads=7	bytes=568	Err(Invalid("worksheet mergeCells appears before sheetData"))
in-sheetdata__x14ac-descent-ok__cols.xlsx	Sheet1	E5	cell	reads=7	bytes=568	Err(Invalid("worksheet mergeCells appears before sheetData"))
in-sheetdata__x14ac-descent-ok__cols.xlsx	Sheet1	H680	cell	reads=7	bytes=568	Err(Invalid("worksheet mergeCells appears before sheetData"))
in-sheetdata__x14ac-descent-ok__cols.xlsx	Sheet1	M29	cell	reads=7	bytes=568	Err(Invalid("worksheet mergeCells appears before sheetData"))
in-sheetdata__x14ac-descent-ok__cols.xlsx	Sheet1	Z100	cell	reads=7	bytes=568	Err(Invalid("worksheet mergeCells appears before sheetData"))
in-sheetdata__x14ac-descent-ok__cols.xlsx	Sheet1	AA1	cell	reads=7	bytes=568	Err(Invalid("worksheet mergeCells appears before sheetData"))
in-sheetdata__x14ac-descent-ok__cols.xlsx	Sheet1	BA50	cell	reads=7	bytes=568	Err(Invalid("worksheet mergeCells appears before sheetData"))
in-sheetdata__x14ac-descent-ok__cols.xlsx	Sheet1	A1:E5	cells	reads=7	bytes=568	Err(Invalid("worksheet mergeCells appears before sheetData"))
in-sheetdata__x14ac-descent-ok__cols.xlsx	Sheet1	B1:B50	cells	reads=7	bytes=568	Err(Invalid("worksheet mergeCells appears before sheetData"))
in-sheetdata__x14ac-descent-ok__nocols.xlsx	SHEETS	Sheet1
in-sheetdata__x14ac-descent-ok__nocols.xlsx	Sheet1	A1	cell	reads=7	bytes=546	Err(Invalid("worksheet mergeCells appears before sheetData"))
in-sheetdata__x14ac-descent-ok__nocols.xlsx	Sheet1	A2	cell	reads=7	bytes=546	Err(Invalid("worksheet mergeCells appears before sheetData"))
in-sheetdata__x14ac-descent-ok__nocols.xlsx	Sheet1	B1	cell	reads=7	bytes=546	Err(Invalid("worksheet mergeCells appears before sheetData"))
in-sheetdata__x14ac-descent-ok__nocols.xlsx	Sheet1	B2	cell	reads=7	bytes=546	Err(Invalid("worksheet mergeCells appears before sheetData"))
in-sheetdata__x14ac-descent-ok__nocols.xlsx	Sheet1	C3	cell	reads=7	bytes=546	Err(Invalid("worksheet mergeCells appears before sheetData"))
in-sheetdata__x14ac-descent-ok__nocols.xlsx	Sheet1	D4	cell	reads=7	bytes=546	Err(Invalid("worksheet mergeCells appears before sheetData"))
in-sheetdata__x14ac-descent-ok__nocols.xlsx	Sheet1	E5	cell	reads=7	bytes=546	Err(Invalid("worksheet mergeCells appears before sheetData"))
in-sheetdata__x14ac-descent-ok__nocols.xlsx	Sheet1	H680	cell	reads=7	bytes=546	Err(Invalid("worksheet mergeCells appears before sheetData"))
in-sheetdata__x14ac-descent-ok__nocols.xlsx	Sheet1	M29	cell	reads=7	bytes=546	Err(Invalid("worksheet mergeCells appears before sheetData"))
in-sheetdata__x14ac-descent-ok__nocols.xlsx	Sheet1	Z100	cell	reads=7	bytes=546	Err(Invalid("worksheet mergeCells appears before sheetData"))
in-sheetdata__x14ac-descent-ok__nocols.xlsx	Sheet1	AA1	cell	reads=7	bytes=546	Err(Invalid("worksheet mergeCells appears before sheetData"))
in-sheetdata__x14ac-descent-ok__nocols.xlsx	Sheet1	BA50	cell	reads=7	bytes=546	Err(Invalid("worksheet mergeCells appears before sheetData"))
in-sheetdata__x14ac-descent-ok__nocols.xlsx	Sheet1	A1:E5	cells	reads=7	bytes=546	Err(Invalid("worksheet mergeCells appears before sheetData"))
in-sheetdata__x14ac-descent-ok__nocols.xlsx	Sheet1	B1:B50	cells	reads=7	bytes=546	Err(Invalid("worksheet mergeCells appears before sheetData"))
none__valid__cols.xlsx	SHEETS	Sheet1
none__valid__cols.xlsx	Sheet1	A1	cell	reads=7	bytes=497	Err(Invalid("worksheet mergeCells appears before sheetData"))
none__valid__cols.xlsx	Sheet1	A2	cell	reads=7	bytes=497	Err(Invalid("worksheet mergeCells appears before sheetData"))
none__valid__cols.xlsx	Sheet1	B1	cell	reads=7	bytes=497	Err(Invalid("worksheet mergeCells appears before sheetData"))
none__valid__cols.xlsx	Sheet1	B2	cell	reads=7	bytes=497	Err(Invalid("worksheet mergeCells appears before sheetData"))
none__valid__cols.xlsx	Sheet1	C3	cell	reads=7	bytes=497	Err(Invalid("worksheet mergeCells appears before sheetData"))
none__valid__cols.xlsx	Sheet1	D4	cell	reads=7	bytes=497	Err(Invalid("worksheet mergeCells appears before sheetData"))
none__valid__cols.xlsx	Sheet1	E5	cell	reads=7	bytes=497	Err(Invalid("worksheet mergeCells appears before sheetData"))
none__valid__cols.xlsx	Sheet1	H680	cell	reads=7	bytes=497	Err(Invalid("worksheet mergeCells appears before sheetData"))
none__valid__cols.xlsx	Sheet1	M29	cell	reads=7	bytes=497	Err(Invalid("worksheet mergeCells appears before sheetData"))
none__valid__cols.xlsx	Sheet1	Z100	cell	reads=7	bytes=497	Err(Invalid("worksheet mergeCells appears before sheetData"))
none__valid__cols.xlsx	Sheet1	AA1	cell	reads=7	bytes=497	Err(Invalid("worksheet mergeCells appears before sheetData"))
none__valid__cols.xlsx	Sheet1	BA50	cell	reads=7	bytes=497	Err(Invalid("worksheet mergeCells appears before sheetData"))
none__valid__cols.xlsx	Sheet1	A1:E5	cells	reads=7	bytes=497	Err(Invalid("worksheet mergeCells appears before sheetData"))
none__valid__cols.xlsx	Sheet1	B1:B50	cells	reads=7	bytes=497	Err(Invalid("worksheet mergeCells appears before sheetData"))
none__valid__nocols.xlsx	SHEETS	Sheet1
none__valid__nocols.xlsx	Sheet1	A1	cell	reads=7	bytes=474	Err(Invalid("worksheet mergeCells appears before sheetData"))
none__valid__nocols.xlsx	Sheet1	A2	cell	reads=7	bytes=474	Err(Invalid("worksheet mergeCells appears before sheetData"))
none__valid__nocols.xlsx	Sheet1	B1	cell	reads=7	bytes=474	Err(Invalid("worksheet mergeCells appears before sheetData"))
none__valid__nocols.xlsx	Sheet1	B2	cell	reads=7	bytes=474	Err(Invalid("worksheet mergeCells appears before sheetData"))
none__valid__nocols.xlsx	Sheet1	C3	cell	reads=7	bytes=474	Err(Invalid("worksheet mergeCells appears before sheetData"))
none__valid__nocols.xlsx	Sheet1	D4	cell	reads=7	bytes=474	Err(Invalid("worksheet mergeCells appears before sheetData"))
none__valid__nocols.xlsx	Sheet1	E5	cell	reads=7	bytes=474	Err(Invalid("worksheet mergeCells appears before sheetData"))
none__valid__nocols.xlsx	Sheet1	H680	cell	reads=7	bytes=474	Err(Invalid("worksheet mergeCells appears before sheetData"))
none__valid__nocols.xlsx	Sheet1	M29	cell	reads=7	bytes=474	Err(Invalid("worksheet mergeCells appears before sheetData"))
none__valid__nocols.xlsx	Sheet1	Z100	cell	reads=7	bytes=474	Err(Invalid("worksheet mergeCells appears before sheetData"))
none__valid__nocols.xlsx	Sheet1	AA1	cell	reads=7	bytes=474	Err(Invalid("worksheet mergeCells appears before sheetData"))
none__valid__nocols.xlsx	Sheet1	BA50	cell	reads=7	bytes=474	Err(Invalid("worksheet mergeCells appears before sheetData"))
none__valid__nocols.xlsx	Sheet1	A1:E5	cells	reads=7	bytes=474	Err(Invalid("worksheet mergeCells appears before sheetData"))
none__valid__nocols.xlsx	Sheet1	B1:B50	cells	reads=7	bytes=474	Err(Invalid("worksheet mergeCells appears before sheetData"))
root__mce-ignorable-undeclared__cols.xlsx	SHEETS	Sheet1
root__mce-ignorable-undeclared__cols.xlsx	Sheet1	A1	cell	reads=7	bytes=541	Err(MarkupCompatibility(NonConformant("unbound Ignorable prefix")))
root__mce-ignorable-undeclared__cols.xlsx	Sheet1	A2	cell	reads=7	bytes=541	Err(MarkupCompatibility(NonConformant("unbound Ignorable prefix")))
root__mce-ignorable-undeclared__cols.xlsx	Sheet1	B1	cell	reads=7	bytes=541	Err(MarkupCompatibility(NonConformant("unbound Ignorable prefix")))
root__mce-ignorable-undeclared__cols.xlsx	Sheet1	B2	cell	reads=7	bytes=541	Err(MarkupCompatibility(NonConformant("unbound Ignorable prefix")))
root__mce-ignorable-undeclared__cols.xlsx	Sheet1	C3	cell	reads=7	bytes=541	Err(MarkupCompatibility(NonConformant("unbound Ignorable prefix")))
root__mce-ignorable-undeclared__cols.xlsx	Sheet1	D4	cell	reads=7	bytes=541	Err(MarkupCompatibility(NonConformant("unbound Ignorable prefix")))
root__mce-ignorable-undeclared__cols.xlsx	Sheet1	E5	cell	reads=7	bytes=541	Err(MarkupCompatibility(NonConformant("unbound Ignorable prefix")))
root__mce-ignorable-undeclared__cols.xlsx	Sheet1	H680	cell	reads=7	bytes=541	Err(MarkupCompatibility(NonConformant("unbound Ignorable prefix")))
root__mce-ignorable-undeclared__cols.xlsx	Sheet1	M29	cell	reads=7	bytes=541	Err(MarkupCompatibility(NonConformant("unbound Ignorable prefix")))
root__mce-ignorable-undeclared__cols.xlsx	Sheet1	Z100	cell	reads=7	bytes=541	Err(MarkupCompatibility(NonConformant("unbound Ignorable prefix")))
root__mce-ignorable-undeclared__cols.xlsx	Sheet1	AA1	cell	reads=7	bytes=541	Err(MarkupCompatibility(NonConformant("unbound Ignorable prefix")))
root__mce-ignorable-undeclared__cols.xlsx	Sheet1	BA50	cell	reads=7	bytes=541	Err(MarkupCompatibility(NonConformant("unbound Ignorable prefix")))
root__mce-ignorable-undeclared__cols.xlsx	Sheet1	A1:E5	cells	reads=7	bytes=541	Err(MarkupCompatibility(NonConformant("unbound Ignorable prefix")))
root__mce-ignorable-undeclared__cols.xlsx	Sheet1	B1:B50	cells	reads=7	bytes=541	Err(MarkupCompatibility(NonConformant("unbound Ignorable prefix")))
root__mce-ignorable-undeclared__nocols.xlsx	SHEETS	Sheet1
root__mce-ignorable-undeclared__nocols.xlsx	Sheet1	A1	cell	reads=7	bytes=519	Err(MarkupCompatibility(NonConformant("unbound Ignorable prefix")))
root__mce-ignorable-undeclared__nocols.xlsx	Sheet1	A2	cell	reads=7	bytes=519	Err(MarkupCompatibility(NonConformant("unbound Ignorable prefix")))
root__mce-ignorable-undeclared__nocols.xlsx	Sheet1	B1	cell	reads=7	bytes=519	Err(MarkupCompatibility(NonConformant("unbound Ignorable prefix")))
root__mce-ignorable-undeclared__nocols.xlsx	Sheet1	B2	cell	reads=7	bytes=519	Err(MarkupCompatibility(NonConformant("unbound Ignorable prefix")))
root__mce-ignorable-undeclared__nocols.xlsx	Sheet1	C3	cell	reads=7	bytes=519	Err(MarkupCompatibility(NonConformant("unbound Ignorable prefix")))
root__mce-ignorable-undeclared__nocols.xlsx	Sheet1	D4	cell	reads=7	bytes=519	Err(MarkupCompatibility(NonConformant("unbound Ignorable prefix")))
root__mce-ignorable-undeclared__nocols.xlsx	Sheet1	E5	cell	reads=7	bytes=519	Err(MarkupCompatibility(NonConformant("unbound Ignorable prefix")))
root__mce-ignorable-undeclared__nocols.xlsx	Sheet1	H680	cell	reads=7	bytes=519	Err(MarkupCompatibility(NonConformant("unbound Ignorable prefix")))
root__mce-ignorable-undeclared__nocols.xlsx	Sheet1	M29	cell	reads=7	bytes=519	Err(MarkupCompatibility(NonConformant("unbound Ignorable prefix")))
root__mce-ignorable-undeclared__nocols.xlsx	Sheet1	Z100	cell	reads=7	bytes=519	Err(MarkupCompatibility(NonConformant("unbound Ignorable prefix")))
root__mce-ignorable-undeclared__nocols.xlsx	Sheet1	AA1	cell	reads=7	bytes=519	Err(MarkupCompatibility(NonConformant("unbound Ignorable prefix")))
root__mce-ignorable-undeclared__nocols.xlsx	Sheet1	BA50	cell	reads=7	bytes=519	Err(MarkupCompatibility(NonConformant("unbound Ignorable prefix")))
root__mce-ignorable-undeclared__nocols.xlsx	Sheet1	A1:E5	cells	reads=7	bytes=519	Err(MarkupCompatibility(NonConformant("unbound Ignorable prefix")))
root__mce-ignorable-undeclared__nocols.xlsx	Sheet1	B1:B50	cells	reads=7	bytes=519	Err(MarkupCompatibility(NonConformant("unbound Ignorable prefix")))
