fixture	sheet	target	kind	leg	reads	bytes	result
test-data/libreoffice-core/sc/qa/unit/data/functions/dynamic_array/xlsx/DynamicArrayFixture.xlsx	CSE Array Spill Cases	A1	cell	A-base	reads=7	bytes=4733	Err(Invalid("worksheet mergeCells appears before sheetData"))
test-data/libreoffice-core/sc/qa/unit/data/functions/dynamic_array/xlsx/DynamicArrayFixture.xlsx	CSE Array Spill Cases	A1	cell	B-fix	reads=10	bytes=9322	Err(Invalid("worksheet formula expression is empty"))
test-data/libreoffice-core/sc/qa/unit/data/functions/dynamic_array/xlsx/DynamicArrayFixture.xlsx	CSE Array Spill Cases	A1	cell	C-fix+gate	reads=10	bytes=9322	Err(Invalid("worksheet formula expression is empty"))
test-data/libreoffice-core/sc/qa/unit/data/functions/dynamic_array/xlsx/DynamicArrayFixture.xlsx	CSE Array Spill Cases	A1:E5	cells	A-base	reads=7	bytes=4733	Err(Invalid("worksheet mergeCells appears before sheetData"))
test-data/libreoffice-core/sc/qa/unit/data/functions/dynamic_array/xlsx/DynamicArrayFixture.xlsx	CSE Array Spill Cases	A1:E5	cells	B-fix	reads=10	bytes=9322	Err(Invalid("worksheet formula expression is empty"))
test-data/libreoffice-core/sc/qa/unit/data/functions/dynamic_array/xlsx/DynamicArrayFixture.xlsx	CSE Array Spill Cases	A1:E5	cells	C-fix+gate	reads=10	bytes=9322	Err(Invalid("worksheet formula expression is empty"))
test-data/libreoffice-core/sc/qa/unit/data/functions/dynamic_array/xlsx/DynamicArrayFixture.xlsx	CSE Array Spill Cases	A2	cell	A-base	reads=7	bytes=4733	Err(Invalid("worksheet mergeCells appears before sheetData"))
test-data/libreoffice-core/sc/qa/unit/data/functions/dynamic_array/xlsx/DynamicArrayFixture.xlsx	CSE Array Spill Cases	A2	cell	B-fix	reads=10	bytes=9322	Err(Invalid("worksheet formula expression is empty"))
test-data/libreoffice-core/sc/qa/unit/data/functions/dynamic_array/xlsx/DynamicArrayFixture.xlsx	CSE Array Spill Cases	A2	cell	C-fix+gate	reads=10	bytes=9322	Err(Invalid("worksheet formula expression is empty"))
test-data/libreoffice-core/sc/qa/unit/data/functions/dynamic_array/xlsx/DynamicArrayFixture.xlsx	CSE Array Spill Cases	AA1	cell	A-base	reads=7	bytes=4733	Err(Invalid("worksheet mergeCells appears before sheetData"))
test-data/libreoffice-core/sc/qa/unit/data/functions/dynamic_array/xlsx/DynamicArrayFixture.xlsx	CSE Array Spill Cases	AA1	cell	B-fix	reads=10	bytes=9322	Err(Invalid("worksheet formula expression is empty"))
test-data/libreoffice-core/sc/qa/unit/data/functions/dynamic_array/xlsx/DynamicArrayFixture.xlsx	CSE Array Spill Cases	AA1	cell	C-fix+gate	reads=10	bytes=9322	Err(Invalid("worksheet formula expression is empty"))
test-data/libreoffice-core/sc/qa/unit/data/functions/dynamic_array/xlsx/DynamicArrayFixture.xlsx	CSE Array Spill Cases	B1	cell	A-base	reads=7	bytes=4733	Err(Invalid("worksheet mergeCells appears before sheetData"))
test-data/libreoffice-core/sc/qa/unit/data/functions/dynamic_array/xlsx/DynamicArrayFixture.xlsx	CSE Array Spill Cases	B1	cell	B-fix	reads=10	bytes=9322	Err(Invalid("worksheet formula expression is empty"))
test-data/libreoffice-core/sc/qa/unit/data/functions/dynamic_array/xlsx/DynamicArrayFixture.xlsx	CSE Array Spill Cases	B1	cell	C-fix+gate	reads=10	bytes=9322	Err(Invalid("worksheet formula expression is empty"))
test-data/libreoffice-core/sc/qa/unit/data/functions/dynamic_array/xlsx/DynamicArrayFixture.xlsx	CSE Array Spill Cases	B1:B50	cells	A-base	reads=7	bytes=4733	Err(Invalid("worksheet mergeCells appears before sheetData"))
test-data/libreoffice-core/sc/qa/unit/data/functions/dynamic_array/xlsx/DynamicArrayFixture.xlsx	CSE Array Spill Cases	B1:B50	cells	B-fix	reads=10	bytes=9322	Err(Invalid("worksheet formula expression is empty"))
test-data/libreoffice-core/sc/qa/unit/data/functions/dynamic_array/xlsx/DynamicArrayFixture.xlsx	CSE Array Spill Cases	B1:B50	cells	C-fix+gate	reads=10	bytes=9322	Err(Invalid("worksheet formula expression is empty"))
test-data/libreoffice-core/sc/qa/unit/data/functions/dynamic_array/xlsx/DynamicArrayFixture.xlsx	CSE Array Spill Cases	B2	cell	A-base	reads=7	bytes=4733	Err(Invalid("worksheet mergeCells appears before sheetData"))
test-data/libreoffice-core/sc/qa/unit/data/functions/dynamic_array/xlsx/DynamicArrayFixture.xlsx	CSE Array Spill Cases	B2	cell	B-fix	reads=10	bytes=9322	Err(Invalid("worksheet formula expression is empty"))
test-data/libreoffice-core/sc/qa/unit/data/functions/dynamic_array/xlsx/DynamicArrayFixture.xlsx	CSE Array Spill Cases	B2	cell	C-fix+gate	reads=10	bytes=9322	Err(Invalid("worksheet formula expression is empty"))
test-data/libreoffice-core/sc/qa/unit/data/functions/dynamic_array/xlsx/DynamicArrayFixture.xlsx	CSE Array Spill Cases	BA50	cell	A-base	reads=7	bytes=4733	Err(Invalid("worksheet mergeCells appears before sheetData"))
test-data/libreoffice-core/sc/qa/unit/data/functions/dynamic_array/xlsx/DynamicArrayFixture.xlsx	CSE Array Spill Cases	BA50	cell	B-fix	reads=10	bytes=9322	Err(Invalid("worksheet formula expression is empty"))
test-data/libreoffice-core/sc/qa/unit/data/functions/dynamic_array/xlsx/DynamicArrayFixture.xlsx	CSE Array Spill Cases	BA50	cell	C-fix+gate	reads=10	bytes=9322	Err(Invalid("worksheet formula expression is empty"))
test-data/libreoffice-core/sc/qa/unit/data/functions/dynamic_array/xlsx/DynamicArrayFixture.xlsx	CSE Array Spill Cases	C3	cell	A-base	reads=7	bytes=4733	Err(Invalid("worksheet mergeCells appears before sheetData"))
test-data/libreoffice-core/sc/qa/unit/data/functions/dynamic_array/xlsx/DynamicArrayFixture.xlsx	CSE Array Spill Cases	C3	cell	B-fix	reads=10	bytes=9322	Err(Invalid("worksheet formula expression is empty"))
test-data/libreoffice-core/sc/qa/unit/data/functions/dynamic_array/xlsx/DynamicArrayFixture.xlsx	CSE Array Spill Cases	C3	cell	C-fix+gate	reads=10	bytes=9322	Err(Invalid("worksheet formula expression is empty"))
test-data/libreoffice-core/sc/qa/unit/data/functions/dynamic_array/xlsx/DynamicArrayFixture.xlsx	CSE Array Spill Cases	D4	cell	A-base	reads=7	bytes=4733	Err(Invalid("worksheet mergeCells appears before sheetData"))
test-data/libreoffice-core/sc/qa/unit/data/functions/dynamic_array/xlsx/DynamicArrayFixture.xlsx	CSE Array Spill Cases	D4	cell	B-fix	reads=10	bytes=9322	Err(Invalid("worksheet formula expression is empty"))
test-data/libreoffice-core/sc/qa/unit/data/functions/dynamic_array/xlsx/DynamicArrayFixture.xlsx	CSE Array Spill Cases	D4	cell	C-fix+gate	reads=10	bytes=9322	Err(Invalid("worksheet formula expression is empty"))
test-data/libreoffice-core/sc/qa/unit/data/functions/dynamic_array/xlsx/DynamicArrayFixture.xlsx	CSE Array Spill Cases	E5	cell	A-base	reads=7	bytes=4733	Err(Invalid("worksheet mergeCells appears before sheetData"))
test-data/libreoffice-core/sc/qa/unit/data/functions/dynamic_array/xlsx/DynamicArrayFixture.xlsx	CSE Array Spill Cases	E5	cell	B-fix	reads=10	bytes=9322	Err(Invalid("worksheet formula expression is empty"))
test-data/libreoffice-core/sc/qa/unit/data/functions/dynamic_array/xlsx/DynamicArrayFixture.xlsx	CSE Array Spill Cases	E5	cell	C-fix+gate	reads=10	bytes=9322	Err(Invalid("worksheet formula expression is empty"))
test-data/libreoffice-core/sc/qa/unit/data/functions/dynamic_array/xlsx/DynamicArrayFixture.xlsx	CSE Array Spill Cases	H680	cell	A-base	reads=7	bytes=4733	Err(Invalid("worksheet mergeCells appears before sheetData"))
test-data/libreoffice-core/sc/qa/unit/data/functions/dynamic_array/xlsx/DynamicArrayFixture.xlsx	CSE Array Spill Cases	H680	cell	B-fix	reads=10	bytes=9322	Err(Invalid("worksheet formula expression is empty"))
test-data/libreoffice-core/sc/qa/unit/data/functions/dynamic_array/xlsx/DynamicArrayFixture.xlsx	CSE Array Spill Cases	H680	cell	C-fix+gate	reads=10	bytes=9322	Err(Invalid("worksheet formula expression is empty"))
test-data/libreoffice-core/sc/qa/unit/data/functions/dynamic_array/xlsx/DynamicArrayFixture.xlsx	CSE Array Spill Cases	M29	cell	A-base	reads=7	bytes=4733	Err(Invalid("worksheet mergeCells appears before sheetData"))
test-data/libreoffice-core/sc/qa/unit/data/functions/dynamic_array/xlsx/DynamicArrayFixture.xlsx	CSE Array Spill Cases	M29	cell	B-fix	reads=10	bytes=9322	Err(Invalid("worksheet formula expression is empty"))
test-data/libreoffice-core/sc/qa/unit/data/functions/dynamic_array/xlsx/DynamicArrayFixture.xlsx	CSE Array Spill Cases	M29	cell	C-fix+gate	reads=10	bytes=9322	Err(Invalid("worksheet formula expression is empty"))
test-data/libreoffice-core/sc/qa/unit/data/functions/dynamic_array/xlsx/DynamicArrayFixture.xlsx	CSE Array Spill Cases	Z100	cell	A-base	reads=7	bytes=4733	Err(Invalid("worksheet mergeCells appears before sheetData"))
test-data/libreoffice-core/sc/qa/unit/data/functions/dynamic_array/xlsx/DynamicArrayFixture.xlsx	CSE Array Spill Cases	Z100	cell	B-fix	reads=10	bytes=9322	Err(Invalid("worksheet formula expression is empty"))
test-data/libreoffice-core/sc/qa/unit/data/functions/dynamic_array/xlsx/DynamicArrayFixture.xlsx	CSE Array Spill Cases	Z100	cell	C-fix+gate	reads=10	bytes=9322	Err(Invalid("worksheet formula expression is empty"))
test-data/libreoffice-core/sc/qa/unit/data/functions/dynamic_array/xlsx/DynamicArrayFixture.xlsx	Implicit intersection Operator	A1	cell	A-base	reads=8	bytes=4841	Err(Invalid("worksheet mergeCells appears before sheetData"))
test-data/libreoffice-core/sc/qa/unit/data/functions/dynamic_array/xlsx/DynamicArrayFixture.xlsx	Implicit intersection Operator	A1	cell	B-fix	reads=11	bytes=9508	Err(Invalid("shared formula master at (14, 4) is not first in 'D11:D14'"))
test-data/libreoffice-core/sc/qa/unit/data/functions/dynamic_array/xlsx/DynamicArrayFixture.xlsx	Implicit intersection Operator	A1	cell	C-fix+gate	reads=11	bytes=9508	Err(Invalid("shared formula master at (14, 4) is not first in 'D11:D14'"))
test-data/libreoffice-core/sc/qa/unit/data/functions/dynamic_array/xlsx/DynamicArrayFixture.xlsx	Implicit intersection Operator	A1:E5	cells	A-base	reads=8	bytes=4841	Err(Invalid("worksheet mergeCells appears before sheetData"))
test-data/libreoffice-core/sc/qa/unit/data/functions/dynamic_array/xlsx/DynamicArrayFixture.xlsx	Implicit intersection Operator	A1:E5	cells	B-fix	reads=11	bytes=9508	Err(Invalid("shared formula master at (14, 4) is not first in 'D11:D14'"))
test-data/libreoffice-core/sc/qa/unit/data/functions/dynamic_array/xlsx/DynamicArrayFixture.xlsx	Implicit intersection Operator	A1:E5	cells	C-fix+gate	reads=11	bytes=9508	Err(Invalid("shared formula master at (14, 4) is not first in 'D11:D14'"))
test-data/libreoffice-core/sc/qa/unit/data/functions/dynamic_array/xlsx/DynamicArrayFixture.xlsx	Implicit intersection Operator	A2	cell	A-base	reads=8	bytes=4841	Err(Invalid("worksheet mergeCells appears before sheetData"))
test-data/libreoffice-core/sc/qa/unit/data/functions/dynamic_array/xlsx/DynamicArrayFixture.xlsx	Implicit intersection Operator	A2	cell	B-fix	reads=11	bytes=9508	Err(Invalid("shared formula master at (14, 4) is not first in 'D11:D14'"))
test-data/libreoffice-core/sc/qa/unit/data/functions/dynamic_array/xlsx/DynamicArrayFixture.xlsx	Implicit intersection Operator	A2	cell	C-fix+gate	reads=11	bytes=9508	Err(Invalid("shared formula master at (14, 4) is not first in 'D11:D14'"))
test-data/libreoffice-core/sc/qa/unit/data/functions/dynamic_array/xlsx/DynamicArrayFixture.xlsx	Implicit intersection Operator	AA1	cell	A-base	reads=8	bytes=4841	Err(Invalid("worksheet mergeCells appears before sheetData"))
test-data/libreoffice-core/sc/qa/unit/data/functions/dynamic_array/xlsx/DynamicArrayFixture.xlsx	Implicit intersection Operator	AA1	cell	B-fix	reads=11	bytes=9508	Err(Invalid("shared formula master at (14, 4) is not first in 'D11:D14'"))
test-data/libreoffice-core/sc/qa/unit/data/functions/dynamic_array/xlsx/DynamicArrayFixture.xlsx	Implicit intersection Operator	AA1	cell	C-fix+gate	reads=11	bytes=9508	Err(Invalid("shared formula master at (14, 4) is not first in 'D11:D14'"))
test-data/libreoffice-core/sc/qa/unit/data/functions/dynamic_array/xlsx/DynamicArrayFixture.xlsx	Implicit intersection Operator	B1	cell	A-base	reads=8	bytes=4841	Err(Invalid("worksheet mergeCells appears before sheetData"))
test-data/libreoffice-core/sc/qa/unit/data/functions/dynamic_array/xlsx/DynamicArrayFixture.xlsx	Implicit intersection Operator	B1	cell	B-fix	reads=11	bytes=9508	Err(Invalid("shared formula master at (14, 4) is not first in 'D11:D14'"))
test-data/libreoffice-core/sc/qa/unit/data/functions/dynamic_array/xlsx/DynamicArrayFixture.xlsx	Implicit intersection Operator	B1	cell	C-fix+gate	reads=11	bytes=9508	Err(Invalid("shared formula master at (14, 4) is not first in 'D11:D14'"))
test-data/libreoffice-core/sc/qa/unit/data/functions/dynamic_array/xlsx/DynamicArrayFixture.xlsx	Implicit intersection Operator	B1:B50	cells	A-base	reads=8	bytes=4841	Err(Invalid("worksheet mergeCells appears before sheetData"))
test-data/libreoffice-core/sc/qa/unit/data/functions/dynamic_array/xlsx/DynamicArrayFixture.xlsx	Implicit intersection Operator	B1:B50	cells	B-fix	reads=11	bytes=9508	Err(Invalid("shared formula master at (14, 4) is not first in 'D11:D14'"))
test-data/libreoffice-core/sc/qa/unit/data/functions/dynamic_array/xlsx/DynamicArrayFixture.xlsx	Implicit intersection Operator	B1:B50	cells	C-fix+gate	reads=11	bytes=9508	Err(Invalid("shared formula master at (14, 4) is not first in 'D11:D14'"))
test-data/libreoffice-core/sc/qa/unit/data/functions/dynamic_array/xlsx/DynamicArrayFixture.xlsx	Implicit intersection Operator	B2	cell	A-base	reads=8	bytes=4841	Err(Invalid("worksheet mergeCells appears before sheetData"))
test-data/libreoffice-core/sc/qa/unit/data/functions/dynamic_array/xlsx/DynamicArrayFixture.xlsx	Implicit intersection Operator	B2	cell	B-fix	reads=11	bytes=9508	Err(Invalid("shared formula master at (14, 4) is not first in 'D11:D14'"))
test-data/libreoffice-core/sc/qa/unit/data/functions/dynamic_array/xlsx/DynamicArrayFixture.xlsx	Implicit intersection Operator	B2	cell	C-fix+gate	reads=11	bytes=9508	Err(Invalid("shared formula master at (14, 4) is not first in 'D11:D14'"))
test-data/libreoffice-core/sc/qa/unit/data/functions/dynamic_array/xlsx/DynamicArrayFixture.xlsx	Implicit intersection Operator	BA50	cell	A-base	reads=8	bytes=4841	Err(Invalid("worksheet mergeCells appears before sheetData"))
test-data/libreoffice-core/sc/qa/unit/data/functions/dynamic_array/xlsx/DynamicArrayFixture.xlsx	Implicit intersection Operator	BA50	cell	B-fix	reads=11	bytes=9508	Err(Invalid("shared formula master at (14, 4) is not first in 'D11:D14'"))
test-data/libreoffice-core/sc/qa/unit/data/functions/dynamic_array/xlsx/DynamicArrayFixture.xlsx	Implicit intersection Operator	BA50	cell	C-fix+gate	reads=11	bytes=9508	Err(Invalid("shared formula master at (14, 4) is not first in 'D11:D14'"))
test-data/libreoffice-core/sc/qa/unit/data/functions/dynamic_array/xlsx/DynamicArrayFixture.xlsx	Implicit intersection Operator	C3	cell	A-base	reads=8	bytes=4841	Err(Invalid("worksheet mergeCells appears before sheetData"))
test-data/libreoffice-core/sc/qa/unit/data/functions/dynamic_array/xlsx/DynamicArrayFixture.xlsx	Implicit intersection Operator	C3	cell	B-fix	reads=11	bytes=9508	Err(Invalid("shared formula master at (14, 4) is not first in 'D11:D14'"))
test-data/libreoffice-core/sc/qa/unit/data/functions/dynamic_array/xlsx/DynamicArrayFixture.xlsx	Implicit intersection Operator	C3	cell	C-fix+gate	reads=11	bytes=9508	Err(Invalid("shared formula master at (14, 4) is not first in 'D11:D14'"))
test-data/libreoffice-core/sc/qa/unit/data/functions/dynamic_array/xlsx/DynamicArrayFixture.xlsx	Implicit intersection Operator	D4	cell	A-base	reads=8	bytes=4841	Err(Invalid("worksheet mergeCells appears before sheetData"))
test-data/libreoffice-core/sc/qa/unit/data/functions/dynamic_array/xlsx/DynamicArrayFixture.xlsx	Implicit intersection Operator	D4	cell	B-fix	reads=11	bytes=9508	Err(Invalid("shared formula master at (14, 4) is not first in 'D11:D14'"))
test-data/libreoffice-core/sc/qa/unit/data/functions/dynamic_array/xlsx/DynamicArrayFixture.xlsx	Implicit intersection Operator	D4	cell	C-fix+gate	reads=11	bytes=9508	Err(Invalid("shared formula master at (14, 4) is not first in 'D11:D14'"))
test-data/libreoffice-core/sc/qa/unit/data/functions/dynamic_array/xlsx/DynamicArrayFixture.xlsx	Implicit intersection Operator	E5	cell	A-base	reads=8	bytes=4841	Err(Invalid("worksheet mergeCells appears before sheetData"))
test-data/libreoffice-core/sc/qa/unit/data/functions/dynamic_array/xlsx/DynamicArrayFixture.xlsx	Implicit intersection Operator	E5	cell	B-fix	reads=11	bytes=9508	Err(Invalid("shared formula master at (14, 4) is not first in 'D11:D14'"))
test-data/libreoffice-core/sc/qa/unit/data/functions/dynamic_array/xlsx/DynamicArrayFixture.xlsx	Implicit intersection Operator	E5	cell	C-fix+gate	reads=11	bytes=9508	Err(Invalid("shared formula master at (14, 4) is not first in 'D11:D14'"))
test-data/libreoffice-core/sc/qa/unit/data/functions/dynamic_array/xlsx/DynamicArrayFixture.xlsx	Implicit intersection Operator	H680	cell	A-base	reads=8	bytes=4841	Err(Invalid("worksheet mergeCells appears before sheetData"))
test-data/libreoffice-core/sc/qa/unit/data/functions/dynamic_array/xlsx/DynamicArrayFixture.xlsx	Implicit intersection Operator	H680	cell	B-fix	reads=11	bytes=9508	Err(Invalid("shared formula master at (14, 4) is not first in 'D11:D14'"))
test-data/libreoffice-core/sc/qa/unit/data/functions/dynamic_array/xlsx/DynamicArrayFixture.xlsx	Implicit intersection Operator	H680	cell	C-fix+gate	reads=11	bytes=9508	Err(Invalid("shared formula master at (14, 4) is not first in 'D11:D14'"))
test-data/libreoffice-core/sc/qa/unit/data/functions/dynamic_array/xlsx/DynamicArrayFixture.xlsx	Implicit intersection Operator	M29	cell	A-base	reads=8	bytes=4841	Err(Invalid("worksheet mergeCells appears before sheetData"))
test-data/libreoffice-core/sc/qa/unit/data/functions/dynamic_array/xlsx/DynamicArrayFixture.xlsx	Implicit intersection Operator	M29	cell	B-fix	reads=11	bytes=9508	Err(Invalid("shared formula master at (14, 4) is not first in 'D11:D14'"))
test-data/libreoffice-core/sc/qa/unit/data/functions/dynamic_array/xlsx/DynamicArrayFixture.xlsx	Implicit intersection Operator	M29	cell	C-fix+gate	reads=11	bytes=9508	Err(Invalid("shared formula master at (14, 4) is not first in 'D11:D14'"))
test-data/libreoffice-core/sc/qa/unit/data/functions/dynamic_array/xlsx/DynamicArrayFixture.xlsx	Implicit intersection Operator	Z100	cell	A-base	reads=8	bytes=4841	Err(Invalid("worksheet mergeCells appears before sheetData"))
test-data/libreoffice-core/sc/qa/unit/data/functions/dynamic_array/xlsx/DynamicArrayFixture.xlsx	Implicit intersection Operator	Z100	cell	B-fix	reads=11	bytes=9508	Err(Invalid("shared formula master at (14, 4) is not first in 'D11:D14'"))
test-data/libreoffice-core/sc/qa/unit/data/functions/dynamic_array/xlsx/DynamicArrayFixture.xlsx	Implicit intersection Operator	Z100	cell	C-fix+gate	reads=11	bytes=9508	Err(Invalid("shared formula master at (14, 4) is not first in 'D11:D14'"))
test-data/libreoffice-core/sc/qa/unit/data/functions/dynamic_array/xlsx/DynamicArrayFixture.xlsx	Spill Operator	A1	cell	A-base	reads=9	bytes=6205	Err(Invalid("worksheet mergeCells appears before sheetData"))
test-data/libreoffice-core/sc/qa/unit/data/functions/dynamic_array/xlsx/DynamicArrayFixture.xlsx	Spill Operator	A1	cell	B-fix	reads=12	bytes=12206	Err(Invalid("worksheet formula expression is empty"))
test-data/libreoffice-core/sc/qa/unit/data/functions/dynamic_array/xlsx/DynamicArrayFixture.xlsx	Spill Operator	A1	cell	C-fix+gate	reads=12	bytes=12206	Err(Invalid("worksheet formula expression is empty"))
test-data/libreoffice-core/sc/qa/unit/data/functions/dynamic_array/xlsx/DynamicArrayFixture.xlsx	Spill Operator	A1:E5	cells	A-base	reads=9	bytes=6205	Err(Invalid("worksheet mergeCells appears before sheetData"))
test-data/libreoffice-core/sc/qa/unit/data/functions/dynamic_array/xlsx/DynamicArrayFixture.xlsx	Spill Operator	A1:E5	cells	B-fix	reads=12	bytes=12206	Err(Invalid("worksheet formula expression is empty"))
test-data/libreoffice-core/sc/qa/unit/data/functions/dynamic_array/xlsx/DynamicArrayFixture.xlsx	Spill Operator	A1:E5	cells	C-fix+gate	reads=12	bytes=12206	Err(Invalid("worksheet formula expression is empty"))
test-data/libreoffice-core/sc/qa/unit/data/functions/dynamic_array/xlsx/DynamicArrayFixture.xlsx	Spill Operator	A2	cell	A-base	reads=9	bytes=6205	Err(Invalid("worksheet mergeCells appears before sheetData"))
test-data/libreoffice-core/sc/qa/unit/data/functions/dynamic_array/xlsx/DynamicArrayFixture.xlsx	Spill Operator	A2	cell	B-fix	reads=12	bytes=12206	Err(Invalid("worksheet formula expression is empty"))
test-data/libreoffice-core/sc/qa/unit/data/functions/dynamic_array/xlsx/DynamicArrayFixture.xlsx	Spill Operator	A2	cell	C-fix+gate	reads=12	bytes=12206	Err(Invalid("worksheet formula expression is empty"))
test-data/libreoffice-core/sc/qa/unit/data/functions/dynamic_array/xlsx/DynamicArrayFixture.xlsx	Spill Operator	AA1	cell	A-base	reads=9	bytes=6205	Err(Invalid("worksheet mergeCells appears before sheetData"))
test-data/libreoffice-core/sc/qa/unit/data/functions/dynamic_array/xlsx/DynamicArrayFixture.xlsx	Spill Operator	AA1	cell	B-fix	reads=12	bytes=12206	Err(Invalid("worksheet formula expression is empty"))
test-data/libreoffice-core/sc/qa/unit/data/functions/dynamic_array/xlsx/DynamicArrayFixture.xlsx	Spill Operator	AA1	cell	C-fix+gate	reads=12	bytes=12206	Err(Invalid("worksheet formula expression is empty"))
test-data/libreoffice-core/sc/qa/unit/data/functions/dynamic_array/xlsx/DynamicArrayFixture.xlsx	Spill Operator	B1	cell	A-base	reads=9	bytes=6205	Err(Invalid("worksheet mergeCells appears before sheetData"))
test-data/libreoffice-core/sc/qa/unit/data/functions/dynamic_array/xlsx/DynamicArrayFixture.xlsx	Spill Operator	B1	cell	B-fix	reads=12	bytes=12206	Err(Invalid("worksheet formula expression is empty"))
test-data/libreoffice-core/sc/qa/unit/data/functions/dynamic_array/xlsx/DynamicArrayFixture.xlsx	Spill Operator	B1	cell	C-fix+gate	reads=12	bytes=12206	Err(Invalid("worksheet formula expression is empty"))
test-data/libreoffice-core/sc/qa/unit/data/functions/dynamic_array/xlsx/DynamicArrayFixture.xlsx	Spill Operator	B1:B50	cells	A-base	reads=9	bytes=6205	Err(Invalid("worksheet mergeCells appears before sheetData"))
test-data/libreoffice-core/sc/qa/unit/data/functions/dynamic_array/xlsx/DynamicArrayFixture.xlsx	Spill Operator	B1:B50	cells	B-fix	reads=12	bytes=12206	Err(Invalid("worksheet formula expression is empty"))
test-data/libreoffice-core/sc/qa/unit/data/functions/dynamic_array/xlsx/DynamicArrayFixture.xlsx	Spill Operator	B1:B50	cells	C-fix+gate	reads=12	bytes=12206	Err(Invalid("worksheet formula expression is empty"))
test-data/libreoffice-core/sc/qa/unit/data/functions/dynamic_array/xlsx/DynamicArrayFixture.xlsx	Spill Operator	B2	cell	A-base	reads=9	bytes=6205	Err(Invalid("worksheet mergeCells appears before sheetData"))
test-data/libreoffice-core/sc/qa/unit/data/functions/dynamic_array/xlsx/DynamicArrayFixture.xlsx	Spill Operator	B2	cell	B-fix	reads=12	bytes=12206	Err(Invalid("worksheet formula expression is empty"))
test-data/libreoffice-core/sc/qa/unit/data/functions/dynamic_array/xlsx/DynamicArrayFixture.xlsx	Spill Operator	B2	cell	C-fix+gate	reads=12	bytes=12206	Err(Invalid("worksheet formula expression is empty"))
test-data/libreoffice-core/sc/qa/unit/data/functions/dynamic_array/xlsx/DynamicArrayFixture.xlsx	Spill Operator	BA50	cell	A-base	reads=9	bytes=6205	Err(Invalid("worksheet mergeCells appears before sheetData"))
test-data/libreoffice-core/sc/qa/unit/data/functions/dynamic_array/xlsx/DynamicArrayFixture.xlsx	Spill Operator	BA50	cell	B-fix	reads=12	bytes=12206	Err(Invalid("worksheet formula expression is empty"))
test-data/libreoffice-core/sc/qa/unit/data/functions/dynamic_array/xlsx/DynamicArrayFixture.xlsx	Spill Operator	BA50	cell	C-fix+gate	reads=12	bytes=12206	Err(Invalid("worksheet formula expression is empty"))
test-data/libreoffice-core/sc/qa/unit/data/functions/dynamic_array/xlsx/DynamicArrayFixture.xlsx	Spill Operator	C3	cell	A-base	reads=9	bytes=6205	Err(Invalid("worksheet mergeCells appears before sheetData"))
test-data/libreoffice-core/sc/qa/unit/data/functions/dynamic_array/xlsx/DynamicArrayFixture.xlsx	Spill Operator	C3	cell	B-fix	reads=12	bytes=12206	Err(Invalid("worksheet formula expression is empty"))
test-data/libreoffice-core/sc/qa/unit/data/functions/dynamic_array/xlsx/DynamicArrayFixture.xlsx	Spill Operator	C3	cell	C-fix+gate	reads=12	bytes=12206	Err(Invalid("worksheet formula expression is empty"))
test-data/libreoffice-core/sc/qa/unit/data/functions/dynamic_array/xlsx/DynamicArrayFixture.xlsx	Spill Operator	D4	cell	A-base	reads=9	bytes=6205	Err(Invalid("worksheet mergeCells appears before sheetData"))
test-data/libreoffice-core/sc/qa/unit/data/functions/dynamic_array/xlsx/DynamicArrayFixture.xlsx	Spill Operator	D4	cell	B-fix	reads=12	bytes=12206	Err(Invalid("worksheet formula expression is empty"))
test-data/libreoffice-core/sc/qa/unit/data/functions/dynamic_array/xlsx/DynamicArrayFixture.xlsx	Spill Operator	D4	cell	C-fix+gate	reads=12	bytes=12206	Err(Invalid("worksheet formula expression is empty"))
test-data/libreoffice-core/sc/qa/unit/data/functions/dynamic_array/xlsx/DynamicArrayFixture.xlsx	Spill Operator	E5	cell	A-base	reads=9	bytes=6205	Err(Invalid("worksheet mergeCells appears before sheetData"))
test-data/libreoffice-core/sc/qa/unit/data/functions/dynamic_array/xlsx/DynamicArrayFixture.xlsx	Spill Operator	E5	cell	B-fix	reads=12	bytes=12206	Err(Invalid("worksheet formula expression is empty"))
test-data/libreoffice-core/sc/qa/unit/data/functions/dynamic_array/xlsx/DynamicArrayFixture.xlsx	Spill Operator	E5	cell	C-fix+gate	reads=12	bytes=12206	Err(Invalid("worksheet formula expression is empty"))
test-data/libreoffice-core/sc/qa/unit/data/functions/dynamic_array/xlsx/DynamicArrayFixture.xlsx	Spill Operator	H680	cell	A-base	reads=9	bytes=6205	Err(Invalid("worksheet mergeCells appears before sheetData"))
test-data/libreoffice-core/sc/qa/unit/data/functions/dynamic_array/xlsx/DynamicArrayFixture.xlsx	Spill Operator	H680	cell	B-fix	reads=12	bytes=12206	Err(Invalid("worksheet formula expression is empty"))
test-data/libreoffice-core/sc/qa/unit/data/functions/dynamic_array/xlsx/DynamicArrayFixture.xlsx	Spill Operator	H680	cell	C-fix+gate	reads=12	bytes=12206	Err(Invalid("worksheet formula expression is empty"))
test-data/libreoffice-core/sc/qa/unit/data/functions/dynamic_array/xlsx/DynamicArrayFixture.xlsx	Spill Operator	M29	cell	A-base	reads=9	bytes=6205	Err(Invalid("worksheet mergeCells appears before sheetData"))
test-data/libreoffice-core/sc/qa/unit/data/functions/dynamic_array/xlsx/DynamicArrayFixture.xlsx	Spill Operator	M29	cell	B-fix	reads=12	bytes=12206	Err(Invalid("worksheet formula expression is empty"))
test-data/libreoffice-core/sc/qa/unit/data/functions/dynamic_array/xlsx/DynamicArrayFixture.xlsx	Spill Operator	M29	cell	C-fix+gate	reads=12	bytes=12206	Err(Invalid("worksheet formula expression is empty"))
test-data/libreoffice-core/sc/qa/unit/data/functions/dynamic_array/xlsx/DynamicArrayFixture.xlsx	Spill Operator	Z100	cell	A-base	reads=9	bytes=6205	Err(Invalid("worksheet mergeCells appears before sheetData"))
test-data/libreoffice-core/sc/qa/unit/data/functions/dynamic_array/xlsx/DynamicArrayFixture.xlsx	Spill Operator	Z100	cell	B-fix	reads=12	bytes=12206	Err(Invalid("worksheet formula expression is empty"))
test-data/libreoffice-core/sc/qa/unit/data/functions/dynamic_array/xlsx/DynamicArrayFixture.xlsx	Spill Operator	Z100	cell	C-fix+gate	reads=12	bytes=12206	Err(Invalid("worksheet formula expression is empty"))
test-data/libreoffice-core/sc/qa/unit/data/xlsx/LambdaAndRelatedFunctions.xlsx	Overview	A1	cell	A-base	reads=7	bytes=1183	Err(Invalid("worksheet mergeCells appears before sheetData"))
test-data/libreoffice-core/sc/qa/unit/data/xlsx/LambdaAndRelatedFunctions.xlsx	Overview	A1	cell	B-fix	reads=16	bytes=4305	Ok(Stored(Value(Text("LAMBDA and related Functions"))))
test-data/libreoffice-core/sc/qa/unit/data/xlsx/LambdaAndRelatedFunctions.xlsx	Overview	A1	cell	C-fix+gate	reads=16	bytes=4305	Ok(Stored(Value(Text("LAMBDA and related Functions"))))
test-data/libreoffice-core/sc/qa/unit/data/xlsx/LambdaAndRelatedFunctions.xlsx	Overview	A1:E5	cells	A-base	reads=7	bytes=1183	Err(Invalid("worksheet mergeCells appears before sheetData"))
test-data/libreoffice-core/sc/qa/unit/data/xlsx/LambdaAndRelatedFunctions.xlsx	Overview	A1:E5	cells	B-fix	reads=16	bytes=4305	Ok([SourceCell { address: Cell { row: Row(0), column: Column(0) }, cell: Value(Text("LAMBDA and related Functions")) }, SourceCell { address: Cell { row: Row(0), column: Column(1) }, cell: Empty }, SourceCell { address: Cell { row: Row(0), column: Column(2) }, cell: Empty }, SourceCell { address: Cell { row: Row(0), column: Column(3) }, cell: Empty }, SourceCell { address: Cell { row: Row(0), column: Column(4) }, cell: Empty }, SourceCell { address: Cell { row: Row(2), column: Column(0) }, cell: Value(Text("RESULT")) }, SourceCell { address: Cell { row: Row(2), column: Column(1) }, cell: Formula(Formula { text: "AND(B6:B13)", kind: Scalar, cached: Some(Cache { value: Bool(true), origin: Stored, freshness: Unknown }) }) }, SourceCell { address: Cell { row: Row(4), column: Column(0) }, cell: Value(Text("Sheet")) }, SourceCell { address: Cell { row: Row(4), column: Column(1) }, cell: Value(Text("Result")) }, SourceCell { address: Cell { row: Row(4), column: Column(2) }, cell: Value(Text("Comment")) }])
test-data/libreoffice-core/sc/qa/unit/data/xlsx/LambdaAndRelatedFunctions.xlsx	Overview	A1:E5	cells	C-fix+gate	reads=16	bytes=4305	Ok([SourceCell { address: Cell { row: Row(0), column: Column(0) }, cell: Value(Text("LAMBDA and related Functions")) }, SourceCell { address: Cell { row: Row(0), column: Column(1) }, cell: Empty }, SourceCell { address: Cell { row: Row(0), column: Column(2) }, cell: Empty }, SourceCell { address: Cell { row: Row(0), column: Column(3) }, cell: Empty }, SourceCell { address: Cell { row: Row(0), column: Column(4) }, cell: Empty }, SourceCell { address: Cell { row: Row(2), column: Column(0) }, cell: Value(Text("RESULT")) }, SourceCell { address: Cell { row: Row(2), column: Column(1) }, cell: Formula(Formula { text: "AND(B6:B13)", kind: Scalar, cached: Some(Cache { value: Bool(true), origin: Stored, freshness: Unknown }) }) }, SourceCell { address: Cell { row: Row(4), column: Column(0) }, cell: Value(Text("Sheet")) }, SourceCell { address: Cell { row: Row(4), column: Column(1) }, cell: Value(Text("Result")) }, SourceCell { address: Cell { row: Row(4), column: Column(2) }, cell: Value(Text("Comment")) }])
test-data/libreoffice-core/sc/qa/unit/data/xlsx/LambdaAndRelatedFunctions.xlsx	Overview	A2	cell	A-base	reads=7	bytes=1183	Err(Invalid("worksheet mergeCells appears before sheetData"))
test-data/libreoffice-core/sc/qa/unit/data/xlsx/LambdaAndRelatedFunctions.xlsx	Overview	A2	cell	B-fix	reads=16	bytes=4305	Ok(Missing)
test-data/libreoffice-core/sc/qa/unit/data/xlsx/LambdaAndRelatedFunctions.xlsx	Overview	A2	cell	C-fix+gate	reads=16	bytes=4305	Ok(Missing)
test-data/libreoffice-core/sc/qa/unit/data/xlsx/LambdaAndRelatedFunctions.xlsx	Overview	AA1	cell	A-base	reads=7	bytes=1183	Err(Invalid("worksheet mergeCells appears before sheetData"))
test-data/libreoffice-core/sc/qa/unit/data/xlsx/LambdaAndRelatedFunctions.xlsx	Overview	AA1	cell	B-fix	reads=16	bytes=4305	Ok(Missing)
test-data/libreoffice-core/sc/qa/unit/data/xlsx/LambdaAndRelatedFunctions.xlsx	Overview	AA1	cell	C-fix+gate	reads=16	bytes=4305	Ok(Missing)
test-data/libreoffice-core/sc/qa/unit/data/xlsx/LambdaAndRelatedFunctions.xlsx	Overview	B1	cell	A-base	reads=7	bytes=1183	Err(Invalid("worksheet mergeCells appears before sheetData"))
test-data/libreoffice-core/sc/qa/unit/data/xlsx/LambdaAndRelatedFunctions.xlsx	Overview	B1	cell	B-fix	reads=16	bytes=4305	Ok(Covered(Rect { start: Cell { row: Row(0), column: Column(0) }, end_row: 1, end_column: 7 }))
test-data/libreoffice-core/sc/qa/unit/data/xlsx/LambdaAndRelatedFunctions.xlsx	Overview	B1	cell	C-fix+gate	reads=16	bytes=4305	Ok(Covered(Rect { start: Cell { row: Row(0), column: Column(0) }, end_row: 1, end_column: 7 }))
test-data/libreoffice-core/sc/qa/unit/data/xlsx/LambdaAndRelatedFunctions.xlsx	Overview	B1:B50	cells	A-base	reads=7	bytes=1183	Err(Invalid("worksheet mergeCells appears before sheetData"))
test-data/libreoffice-core/sc/qa/unit/data/xlsx/LambdaAndRelatedFunctions.xlsx	Overview	B1:B50	cells	B-fix	reads=16	bytes=4305	Ok([SourceCell { address: Cell { row: Row(0), column: Column(1) }, cell: Empty }, SourceCell { address: Cell { row: Row(2), column: Column(1) }, cell: Formula(Formula { text: "AND(B6:B13)", kind: Scalar, cached: Some(Cache { value: Bool(true), origin: Stored, freshness: Unknown }) }) }, SourceCell { address: Cell { row: Row(4), column: Column(1) }, cell: Value(Text("Result")) }, SourceCell { address: Cell { row: Row(5), column: Column(1) }, cell: Formula(Formula { text: "AND(Function_Lambda!C2:C107)", kind: Scalar, cached: Some(Cache { value: Bool(true), origin: Stored, freshness: Unknown }) }) }, SourceCell { address: Cell { row: Row(6), column: Column(1) }, cell: Formula(Formula { text: "AND(Function_IsOmitted!C2:C100)", kind: Scalar, cached: Some(Cache { value: Bool(true), origin: Stored, freshness: Unknown }) }) }, SourceCell { address: Cell { row: Row(7), column: Column(1) }, cell: Formula(Formula { text: "AND(Function_ByCol!C2:C100)", kind: Scalar, cached: Some(Cache { value: Bool(true), origin: Stored, freshness: Unknown }) }) }, SourceCell { address: Cell { row: Row(8), column: Column(1) }, cell: Formula(Formula { text: "AND(Function_ByRow!C2:C100)", kind: Scalar, cached: Some(Cache { value: Bool(true), origin: Stored, freshness: Unknown }) }) }, SourceCell { address: Cell { row: Row(9), column: Column(1) }, cell: Formula(Formula { text: "AND(Function_MakeArray!C2:C9)", kind: Scalar, cached: Some(Cache { value: Bool(true), origin: Stored, freshness: Unknown }) }) }, SourceCell { address: Cell { row: Row(10), column: Column(1) }, cell: Formula(Formula { text: "AND(Function_Map!C2:C100)", kind: Scalar, cached: Some(Cache { value: Bool(true), origin: Stored, freshness: Unknown }) }) }, SourceCell { address: Cell { row: Row(11), column: Column(1) }, cell: Formula(Formula { text: "AND(Function_Reduce!C2:C102)", kind: Scalar, cached: Some(Cache { value: Bool(true), origin: Stored, freshness: Unknown }) }) }, SourceCell { address: Cell { row: Row(12), column: Column(1) }, cell: Formula(Formula { text: "AND(Function_Scan!C2:C100)", kind: Scalar, cached: Some(Cache { value: Bool(true), origin: Stored, freshness: Unknown }) }) }])
test-data/libreoffice-core/sc/qa/unit/data/xlsx/LambdaAndRelatedFunctions.xlsx	Overview	B1:B50	cells	C-fix+gate	reads=16	bytes=4305	Ok([SourceCell { address: Cell { row: Row(0), column: Column(1) }, cell: Empty }, SourceCell { address: Cell { row: Row(2), column: Column(1) }, cell: Formula(Formula { text: "AND(B6:B13)", kind: Scalar, cached: Some(Cache { value: Bool(true), origin: Stored, freshness: Unknown }) }) }, SourceCell { address: Cell { row: Row(4), column: Column(1) }, cell: Value(Text("Result")) }, SourceCell { address: Cell { row: Row(5), column: Column(1) }, cell: Formula(Formula { text: "AND(Function_Lambda!C2:C107)", kind: Scalar, cached: Some(Cache { value: Bool(true), origin: Stored, freshness: Unknown }) }) }, SourceCell { address: Cell { row: Row(6), column: Column(1) }, cell: Formula(Formula { text: "AND(Function_IsOmitted!C2:C100)", kind: Scalar, cached: Some(Cache { value: Bool(true), origin: Stored, freshness: Unknown }) }) }, SourceCell { address: Cell { row: Row(7), column: Column(1) }, cell: Formula(Formula { text: "AND(Function_ByCol!C2:C100)", kind: Scalar, cached: Some(Cache { value: Bool(true), origin: Stored, freshness: Unknown }) }) }, SourceCell { address: Cell { row: Row(8), column: Column(1) }, cell: Formula(Formula { text: "AND(Function_ByRow!C2:C100)", kind: Scalar, cached: Some(Cache { value: Bool(true), origin: Stored, freshness: Unknown }) }) }, SourceCell { address: Cell { row: Row(9), column: Column(1) }, cell: Formula(Formula { text: "AND(Function_MakeArray!C2:C9)", kind: Scalar, cached: Some(Cache { value: Bool(true), origin: Stored, freshness: Unknown }) }) }, SourceCell { address: Cell { row: Row(10), column: Column(1) }, cell: Formula(Formula { text: "AND(Function_Map!C2:C100)", kind: Scalar, cached: Some(Cache { value: Bool(true), origin: Stored, freshness: Unknown }) }) }, SourceCell { address: Cell { row: Row(11), column: Column(1) }, cell: Formula(Formula { text: "AND(Function_Reduce!C2:C102)", kind: Scalar, cached: Some(Cache { value: Bool(true), origin: Stored, freshness: Unknown }) }) }, SourceCell { address: Cell { row: Row(12), column: Column(1) }, cell: Formula(Formula { text: "AND(Function_Scan!C2:C100)", kind: Scalar, cached: Some(Cache { value: Bool(true), origin: Stored, freshness: Unknown }) }) }])
test-data/libreoffice-core/sc/qa/unit/data/xlsx/LambdaAndRelatedFunctions.xlsx	Overview	B2	cell	A-base	reads=7	bytes=1183	Err(Invalid("worksheet mergeCells appears before sheetData"))
test-data/libreoffice-core/sc/qa/unit/data/xlsx/LambdaAndRelatedFunctions.xlsx	Overview	B2	cell	B-fix	reads=16	bytes=4305	Ok(Missing)
test-data/libreoffice-core/sc/qa/unit/data/xlsx/LambdaAndRelatedFunctions.xlsx	Overview	B2	cell	C-fix+gate	reads=16	bytes=4305	Ok(Missing)
test-data/libreoffice-core/sc/qa/unit/data/xlsx/LambdaAndRelatedFunctions.xlsx	Overview	BA50	cell	A-base	reads=7	bytes=1183	Err(Invalid("worksheet mergeCells appears before sheetData"))
test-data/libreoffice-core/sc/qa/unit/data/xlsx/LambdaAndRelatedFunctions.xlsx	Overview	BA50	cell	B-fix	reads=16	bytes=4305	Ok(Missing)
test-data/libreoffice-core/sc/qa/unit/data/xlsx/LambdaAndRelatedFunctions.xlsx	Overview	BA50	cell	C-fix+gate	reads=16	bytes=4305	Ok(Missing)
test-data/libreoffice-core/sc/qa/unit/data/xlsx/LambdaAndRelatedFunctions.xlsx	Overview	C3	cell	A-base	reads=7	bytes=1183	Err(Invalid("worksheet mergeCells appears before sheetData"))
test-data/libreoffice-core/sc/qa/unit/data/xlsx/LambdaAndRelatedFunctions.xlsx	Overview	C3	cell	B-fix	reads=16	bytes=4305	Ok(Missing)
test-data/libreoffice-core/sc/qa/unit/data/xlsx/LambdaAndRelatedFunctions.xlsx	Overview	C3	cell	C-fix+gate	reads=16	bytes=4305	Ok(Missing)
test-data/libreoffice-core/sc/qa/unit/data/xlsx/LambdaAndRelatedFunctions.xlsx	Overview	D4	cell	A-base	reads=7	bytes=1183	Err(Invalid("worksheet mergeCells appears before sheetData"))
test-data/libreoffice-core/sc/qa/unit/data/xlsx/LambdaAndRelatedFunctions.xlsx	Overview	D4	cell	B-fix	reads=16	bytes=4305	Ok(Missing)
test-data/libreoffice-core/sc/qa/unit/data/xlsx/LambdaAndRelatedFunctions.xlsx	Overview	D4	cell	C-fix+gate	reads=16	bytes=4305	Ok(Missing)
test-data/libreoffice-core/sc/qa/unit/data/xlsx/LambdaAndRelatedFunctions.xlsx	Overview	E5	cell	A-base	reads=7	bytes=1183	Err(Invalid("worksheet mergeCells appears before sheetData"))
test-data/libreoffice-core/sc/qa/unit/data/xlsx/LambdaAndRelatedFunctions.xlsx	Overview	E5	cell	B-fix	reads=16	bytes=4305	Ok(Missing)
test-data/libreoffice-core/sc/qa/unit/data/xlsx/LambdaAndRelatedFunctions.xlsx	Overview	E5	cell	C-fix+gate	reads=16	bytes=4305	Ok(Missing)
test-data/libreoffice-core/sc/qa/unit/data/xlsx/LambdaAndRelatedFunctions.xlsx	Overview	H680	cell	A-base	reads=7	bytes=1183	Err(Invalid("worksheet mergeCells appears before sheetData"))
test-data/libreoffice-core/sc/qa/unit/data/xlsx/LambdaAndRelatedFunctions.xlsx	Overview	H680	cell	B-fix	reads=16	bytes=4305	Ok(Missing)
test-data/libreoffice-core/sc/qa/unit/data/xlsx/LambdaAndRelatedFunctions.xlsx	Overview	H680	cell	C-fix+gate	reads=16	bytes=4305	Ok(Missing)
test-data/libreoffice-core/sc/qa/unit/data/xlsx/LambdaAndRelatedFunctions.xlsx	Overview	M29	cell	A-base	reads=7	bytes=1183	Err(Invalid("worksheet mergeCells appears before sheetData"))
test-data/libreoffice-core/sc/qa/unit/data/xlsx/LambdaAndRelatedFunctions.xlsx	Overview	M29	cell	B-fix	reads=16	bytes=4305	Ok(Missing)
test-data/libreoffice-core/sc/qa/unit/data/xlsx/LambdaAndRelatedFunctions.xlsx	Overview	M29	cell	C-fix+gate	reads=16	bytes=4305	Ok(Missing)
test-data/libreoffice-core/sc/qa/unit/data/xlsx/LambdaAndRelatedFunctions.xlsx	Overview	Z100	cell	A-base	reads=7	bytes=1183	Err(Invalid("worksheet mergeCells appears before sheetData"))
test-data/libreoffice-core/sc/qa/unit/data/xlsx/LambdaAndRelatedFunctions.xlsx	Overview	Z100	cell	B-fix	reads=16	bytes=4305	Ok(Missing)
test-data/libreoffice-core/sc/qa/unit/data/xlsx/LambdaAndRelatedFunctions.xlsx	Overview	Z100	cell	C-fix+gate	reads=16	bytes=4305	Ok(Missing)
test-data/libreoffice-core/sc/qa/unit/data/xlsx/autofilterShowButton.xlsx	Sheet1	A1	cell	A-base	reads=10	bytes=873	Err(Invalid("worksheet mergeCells appears before sheetData"))
test-data/libreoffice-core/sc/qa/unit/data/xlsx/autofilterShowButton.xlsx	Sheet1	A1	cell	B-fix	reads=19	bytes=2476	Ok(Stored(Value(Text("a"))))
test-data/libreoffice-core/sc/qa/unit/data/xlsx/autofilterShowButton.xlsx	Sheet1	A1	cell	C-fix+gate	reads=19	bytes=2476	Ok(Stored(Value(Text("a"))))
test-data/libreoffice-core/sc/qa/unit/data/xlsx/autofilterShowButton.xlsx	Sheet1	A1:E5	cells	A-base	reads=10	bytes=873	Err(Invalid("worksheet mergeCells appears before sheetData"))
test-data/libreoffice-core/sc/qa/unit/data/xlsx/autofilterShowButton.xlsx	Sheet1	A1:E5	cells	B-fix	reads=19	bytes=2476	Ok([SourceCell { address: Cell { row: Row(0), column: Column(0) }, cell: Value(Text("a")) }, SourceCell { address: Cell { row: Row(0), column: Column(1) }, cell: Value(Text("b")) }, SourceCell { address: Cell { row: Row(0), column: Column(2) }, cell: Value(Text("c")) }, SourceCell { address: Cell { row: Row(0), column: Column(3) }, cell: Value(Text("DDD")) }, SourceCell { address: Cell { row: Row(0), column: Column(4) }, cell: Empty }, SourceCell { address: Cell { row: Row(1), column: Column(0) }, cell: Value(Number(Number("1"))) }, SourceCell { address: Cell { row: Row(1), column: Column(1) }, cell: Value(Text("def")) }, SourceCell { address: Cell { row: Row(1), column: Column(2) }, cell: Value(Text("example")) }])
test-data/libreoffice-core/sc/qa/unit/data/xlsx/autofilterShowButton.xlsx	Sheet1	A1:E5	cells	C-fix+gate	reads=19	bytes=2476	Ok([SourceCell { address: Cell { row: Row(0), column: Column(0) }, cell: Value(Text("a")) }, SourceCell { address: Cell { row: Row(0), column: Column(1) }, cell: Value(Text("b")) }, SourceCell { address: Cell { row: Row(0), column: Column(2) }, cell: Value(Text("c")) }, SourceCell { address: Cell { row: Row(0), column: Column(3) }, cell: Value(Text("DDD")) }, SourceCell { address: Cell { row: Row(0), column: Column(4) }, cell: Empty }, SourceCell { address: Cell { row: Row(1), column: Column(0) }, cell: Value(Number(Number("1"))) }, SourceCell { address: Cell { row: Row(1), column: Column(1) }, cell: Value(Text("def")) }, SourceCell { address: Cell { row: Row(1), column: Column(2) }, cell: Value(Text("example")) }])
test-data/libreoffice-core/sc/qa/unit/data/xlsx/autofilterShowButton.xlsx	Sheet1	A2	cell	A-base	reads=10	bytes=873	Err(Invalid("worksheet mergeCells appears before sheetData"))
test-data/libreoffice-core/sc/qa/unit/data/xlsx/autofilterShowButton.xlsx	Sheet1	A2	cell	B-fix	reads=19	bytes=2476	Ok(Stored(Value(Number(Number("1")))))
test-data/libreoffice-core/sc/qa/unit/data/xlsx/autofilterShowButton.xlsx	Sheet1	A2	cell	C-fix+gate	reads=19	bytes=2476	Ok(Stored(Value(Number(Number("1")))))
test-data/libreoffice-core/sc/qa/unit/data/xlsx/autofilterShowButton.xlsx	Sheet1	AA1	cell	A-base	reads=10	bytes=873	Err(Invalid("worksheet mergeCells appears before sheetData"))
test-data/libreoffice-core/sc/qa/unit/data/xlsx/autofilterShowButton.xlsx	Sheet1	AA1	cell	B-fix	reads=19	bytes=2476	Ok(Missing)
test-data/libreoffice-core/sc/qa/unit/data/xlsx/autofilterShowButton.xlsx	Sheet1	AA1	cell	C-fix+gate	reads=19	bytes=2476	Ok(Missing)
test-data/libreoffice-core/sc/qa/unit/data/xlsx/autofilterShowButton.xlsx	Sheet1	B1	cell	A-base	reads=10	bytes=873	Err(Invalid("worksheet mergeCells appears before sheetData"))
test-data/libreoffice-core/sc/qa/unit/data/xlsx/autofilterShowButton.xlsx	Sheet1	B1	cell	B-fix	reads=19	bytes=2476	Ok(Stored(Value(Text("b"))))
test-data/libreoffice-core/sc/qa/unit/data/xlsx/autofilterShowButton.xlsx	Sheet1	B1	cell	C-fix+gate	reads=19	bytes=2476	Ok(Stored(Value(Text("b"))))
test-data/libreoffice-core/sc/qa/unit/data/xlsx/autofilterShowButton.xlsx	Sheet1	B1:B50	cells	A-base	reads=10	bytes=873	Err(Invalid("worksheet mergeCells appears before sheetData"))
test-data/libreoffice-core/sc/qa/unit/data/xlsx/autofilterShowButton.xlsx	Sheet1	B1:B50	cells	B-fix	reads=19	bytes=2476	Ok([SourceCell { address: Cell { row: Row(0), column: Column(1) }, cell: Value(Text("b")) }, SourceCell { address: Cell { row: Row(1), column: Column(1) }, cell: Value(Text("def")) }])
test-data/libreoffice-core/sc/qa/unit/data/xlsx/autofilterShowButton.xlsx	Sheet1	B1:B50	cells	C-fix+gate	reads=19	bytes=2476	Ok([SourceCell { address: Cell { row: Row(0), column: Column(1) }, cell: Value(Text("b")) }, SourceCell { address: Cell { row: Row(1), column: Column(1) }, cell: Value(Text("def")) }])
test-data/libreoffice-core/sc/qa/unit/data/xlsx/autofilterShowButton.xlsx	Sheet1	B2	cell	A-base	reads=10	bytes=873	Err(Invalid("worksheet mergeCells appears before sheetData"))
test-data/libreoffice-core/sc/qa/unit/data/xlsx/autofilterShowButton.xlsx	Sheet1	B2	cell	B-fix	reads=19	bytes=2476	Ok(Stored(Value(Text("def"))))
test-data/libreoffice-core/sc/qa/unit/data/xlsx/autofilterShowButton.xlsx	Sheet1	B2	cell	C-fix+gate	reads=19	bytes=2476	Ok(Stored(Value(Text("def"))))
test-data/libreoffice-core/sc/qa/unit/data/xlsx/autofilterShowButton.xlsx	Sheet1	BA50	cell	A-base	reads=10	bytes=873	Err(Invalid("worksheet mergeCells appears before sheetData"))
test-data/libreoffice-core/sc/qa/unit/data/xlsx/autofilterShowButton.xlsx	Sheet1	BA50	cell	B-fix	reads=19	bytes=2476	Ok(Missing)
test-data/libreoffice-core/sc/qa/unit/data/xlsx/autofilterShowButton.xlsx	Sheet1	BA50	cell	C-fix+gate	reads=19	bytes=2476	Ok(Missing)
test-data/libreoffice-core/sc/qa/unit/data/xlsx/autofilterShowButton.xlsx	Sheet1	C3	cell	A-base	reads=10	bytes=873	Err(Invalid("worksheet mergeCells appears before sheetData"))
test-data/libreoffice-core/sc/qa/unit/data/xlsx/autofilterShowButton.xlsx	Sheet1	C3	cell	B-fix	reads=19	bytes=2476	Ok(Missing)
test-data/libreoffice-core/sc/qa/unit/data/xlsx/autofilterShowButton.xlsx	Sheet1	C3	cell	C-fix+gate	reads=19	bytes=2476	Ok(Missing)
test-data/libreoffice-core/sc/qa/unit/data/xlsx/autofilterShowButton.xlsx	Sheet1	D4	cell	A-base	reads=10	bytes=873	Err(Invalid("worksheet mergeCells appears before sheetData"))
test-data/libreoffice-core/sc/qa/unit/data/xlsx/autofilterShowButton.xlsx	Sheet1	D4	cell	B-fix	reads=19	bytes=2476	Ok(Missing)
test-data/libreoffice-core/sc/qa/unit/data/xlsx/autofilterShowButton.xlsx	Sheet1	D4	cell	C-fix+gate	reads=19	bytes=2476	Ok(Missing)
test-data/libreoffice-core/sc/qa/unit/data/xlsx/autofilterShowButton.xlsx	Sheet1	E5	cell	A-base	reads=10	bytes=873	Err(Invalid("worksheet mergeCells appears before sheetData"))
test-data/libreoffice-core/sc/qa/unit/data/xlsx/autofilterShowButton.xlsx	Sheet1	E5	cell	B-fix	reads=19	bytes=2476	Ok(Missing)
test-data/libreoffice-core/sc/qa/unit/data/xlsx/autofilterShowButton.xlsx	Sheet1	E5	cell	C-fix+gate	reads=19	bytes=2476	Ok(Missing)
test-data/libreoffice-core/sc/qa/unit/data/xlsx/autofilterShowButton.xlsx	Sheet1	H680	cell	A-base	reads=10	bytes=873	Err(Invalid("worksheet mergeCells appears before sheetData"))
test-data/libreoffice-core/sc/qa/unit/data/xlsx/autofilterShowButton.xlsx	Sheet1	H680	cell	B-fix	reads=19	bytes=2476	Ok(Missing)
test-data/libreoffice-core/sc/qa/unit/data/xlsx/autofilterShowButton.xlsx	Sheet1	H680	cell	C-fix+gate	reads=19	bytes=2476	Ok(Missing)
test-data/libreoffice-core/sc/qa/unit/data/xlsx/autofilterShowButton.xlsx	Sheet1	M29	cell	A-base	reads=10	bytes=873	Err(Invalid("worksheet mergeCells appears before sheetData"))
test-data/libreoffice-core/sc/qa/unit/data/xlsx/autofilterShowButton.xlsx	Sheet1	M29	cell	B-fix	reads=19	bytes=2476	Ok(Missing)
test-data/libreoffice-core/sc/qa/unit/data/xlsx/autofilterShowButton.xlsx	Sheet1	M29	cell	C-fix+gate	reads=19	bytes=2476	Ok(Missing)
test-data/libreoffice-core/sc/qa/unit/data/xlsx/autofilterShowButton.xlsx	Sheet1	Z100	cell	A-base	reads=10	bytes=873	Err(Invalid("worksheet mergeCells appears before sheetData"))
test-data/libreoffice-core/sc/qa/unit/data/xlsx/autofilterShowButton.xlsx	Sheet1	Z100	cell	B-fix	reads=19	bytes=2476	Ok(Missing)
test-data/libreoffice-core/sc/qa/unit/data/xlsx/autofilterShowButton.xlsx	Sheet1	Z100	cell	C-fix+gate	reads=19	bytes=2476	Ok(Missing)
test-data/libreoffice-core/sc/qa/unit/data/xlsx/tdf100034.xlsx	Sheet1 (2)	A1	cell	A-base	reads=14	bytes=1512	Err(Invalid("worksheet mergeCells appears before sheetData"))
test-data/libreoffice-core/sc/qa/unit/data/xlsx/tdf100034.xlsx	Sheet1 (2)	A1	cell	B-fix	reads=18	bytes=2728	Err(Invalid("invalid worksheet dimension '1:5': invalid A1 range '1:5': invalid or out-of-grid A1 cell reference '1'"))
test-data/libreoffice-core/sc/qa/unit/data/xlsx/tdf100034.xlsx	Sheet1 (2)	A1	cell	C-fix+gate	reads=18	bytes=2728	Err(Invalid("invalid worksheet dimension '1:5': invalid A1 range '1:5': invalid or out-of-grid A1 cell reference '1'"))
test-data/libreoffice-core/sc/qa/unit/data/xlsx/tdf100034.xlsx	Sheet1 (2)	A1:E5	cells	A-base	reads=14	bytes=1512	Err(Invalid("worksheet mergeCells appears before sheetData"))
test-data/libreoffice-core/sc/qa/unit/data/xlsx/tdf100034.xlsx	Sheet1 (2)	A1:E5	cells	B-fix	reads=18	bytes=2728	Err(Invalid("invalid worksheet dimension '1:5': invalid A1 range '1:5': invalid or out-of-grid A1 cell reference '1'"))
test-data/libreoffice-core/sc/qa/unit/data/xlsx/tdf100034.xlsx	Sheet1 (2)	A1:E5	cells	C-fix+gate	reads=18	bytes=2728	Err(Invalid("invalid worksheet dimension '1:5': invalid A1 range '1:5': invalid or out-of-grid A1 cell reference '1'"))
test-data/libreoffice-core/sc/qa/unit/data/xlsx/tdf100034.xlsx	Sheet1 (2)	A2	cell	A-base	reads=14	bytes=1512	Err(Invalid("worksheet mergeCells appears before sheetData"))
test-data/libreoffice-core/sc/qa/unit/data/xlsx/tdf100034.xlsx	Sheet1 (2)	A2	cell	B-fix	reads=18	bytes=2728	Err(Invalid("invalid worksheet dimension '1:5': invalid A1 range '1:5': invalid or out-of-grid A1 cell reference '1'"))
test-data/libreoffice-core/sc/qa/unit/data/xlsx/tdf100034.xlsx	Sheet1 (2)	A2	cell	C-fix+gate	reads=18	bytes=2728	Err(Invalid("invalid worksheet dimension '1:5': invalid A1 range '1:5': invalid or out-of-grid A1 cell reference '1'"))
test-data/libreoffice-core/sc/qa/unit/data/xlsx/tdf100034.xlsx	Sheet1 (2)	AA1	cell	A-base	reads=14	bytes=1512	Err(Invalid("worksheet mergeCells appears before sheetData"))
test-data/libreoffice-core/sc/qa/unit/data/xlsx/tdf100034.xlsx	Sheet1 (2)	AA1	cell	B-fix	reads=18	bytes=2728	Err(Invalid("invalid worksheet dimension '1:5': invalid A1 range '1:5': invalid or out-of-grid A1 cell reference '1'"))
test-data/libreoffice-core/sc/qa/unit/data/xlsx/tdf100034.xlsx	Sheet1 (2)	AA1	cell	C-fix+gate	reads=18	bytes=2728	Err(Invalid("invalid worksheet dimension '1:5': invalid A1 range '1:5': invalid or out-of-grid A1 cell reference '1'"))
test-data/libreoffice-core/sc/qa/unit/data/xlsx/tdf100034.xlsx	Sheet1 (2)	B1	cell	A-base	reads=14	bytes=1512	Err(Invalid("worksheet mergeCells appears before sheetData"))
test-data/libreoffice-core/sc/qa/unit/data/xlsx/tdf100034.xlsx	Sheet1 (2)	B1	cell	B-fix	reads=18	bytes=2728	Err(Invalid("invalid worksheet dimension '1:5': invalid A1 range '1:5': invalid or out-of-grid A1 cell reference '1'"))
test-data/libreoffice-core/sc/qa/unit/data/xlsx/tdf100034.xlsx	Sheet1 (2)	B1	cell	C-fix+gate	reads=18	bytes=2728	Err(Invalid("invalid worksheet dimension '1:5': invalid A1 range '1:5': invalid or out-of-grid A1 cell reference '1'"))
test-data/libreoffice-core/sc/qa/unit/data/xlsx/tdf100034.xlsx	Sheet1 (2)	B1:B50	cells	A-base	reads=14	bytes=1512	Err(Invalid("worksheet mergeCells appears before sheetData"))
test-data/libreoffice-core/sc/qa/unit/data/xlsx/tdf100034.xlsx	Sheet1 (2)	B1:B50	cells	B-fix	reads=18	bytes=2728	Err(Invalid("invalid worksheet dimension '1:5': invalid A1 range '1:5': invalid or out-of-grid A1 cell reference '1'"))
test-data/libreoffice-core/sc/qa/unit/data/xlsx/tdf100034.xlsx	Sheet1 (2)	B1:B50	cells	C-fix+gate	reads=18	bytes=2728	Err(Invalid("invalid worksheet dimension '1:5': invalid A1 range '1:5': invalid or out-of-grid A1 cell reference '1'"))
test-data/libreoffice-core/sc/qa/unit/data/xlsx/tdf100034.xlsx	Sheet1 (2)	B2	cell	A-base	reads=14	bytes=1512	Err(Invalid("worksheet mergeCells appears before sheetData"))
test-data/libreoffice-core/sc/qa/unit/data/xlsx/tdf100034.xlsx	Sheet1 (2)	B2	cell	B-fix	reads=18	bytes=2728	Err(Invalid("invalid worksheet dimension '1:5': invalid A1 range '1:5': invalid or out-of-grid A1 cell reference '1'"))
test-data/libreoffice-core/sc/qa/unit/data/xlsx/tdf100034.xlsx	Sheet1 (2)	B2	cell	C-fix+gate	reads=18	bytes=2728	Err(Invalid("invalid worksheet dimension '1:5': invalid A1 range '1:5': invalid or out-of-grid A1 cell reference '1'"))
test-data/libreoffice-core/sc/qa/unit/data/xlsx/tdf100034.xlsx	Sheet1 (2)	BA50	cell	A-base	reads=14	bytes=1512	Err(Invalid("worksheet mergeCells appears before sheetData"))
test-data/libreoffice-core/sc/qa/unit/data/xlsx/tdf100034.xlsx	Sheet1 (2)	BA50	cell	B-fix	reads=18	bytes=2728	Err(Invalid("invalid worksheet dimension '1:5': invalid A1 range '1:5': invalid or out-of-grid A1 cell reference '1'"))
test-data/libreoffice-core/sc/qa/unit/data/xlsx/tdf100034.xlsx	Sheet1 (2)	BA50	cell	C-fix+gate	reads=18	bytes=2728	Err(Invalid("invalid worksheet dimension '1:5': invalid A1 range '1:5': invalid or out-of-grid A1 cell reference '1'"))
test-data/libreoffice-core/sc/qa/unit/data/xlsx/tdf100034.xlsx	Sheet1 (2)	C3	cell	A-base	reads=14	bytes=1512	Err(Invalid("worksheet mergeCells appears before sheetData"))
test-data/libreoffice-core/sc/qa/unit/data/xlsx/tdf100034.xlsx	Sheet1 (2)	C3	cell	B-fix	reads=18	bytes=2728	Err(Invalid("invalid worksheet dimension '1:5': invalid A1 range '1:5': invalid or out-of-grid A1 cell reference '1'"))
test-data/libreoffice-core/sc/qa/unit/data/xlsx/tdf100034.xlsx	Sheet1 (2)	C3	cell	C-fix+gate	reads=18	bytes=2728	Err(Invalid("invalid worksheet dimension '1:5': invalid A1 range '1:5': invalid or out-of-grid A1 cell reference '1'"))
test-data/libreoffice-core/sc/qa/unit/data/xlsx/tdf100034.xlsx	Sheet1 (2)	D4	cell	A-base	reads=14	bytes=1512	Err(Invalid("worksheet mergeCells appears before sheetData"))
test-data/libreoffice-core/sc/qa/unit/data/xlsx/tdf100034.xlsx	Sheet1 (2)	D4	cell	B-fix	reads=18	bytes=2728	Err(Invalid("invalid worksheet dimension '1:5': invalid A1 range '1:5': invalid or out-of-grid A1 cell reference '1'"))
test-data/libreoffice-core/sc/qa/unit/data/xlsx/tdf100034.xlsx	Sheet1 (2)	D4	cell	C-fix+gate	reads=18	bytes=2728	Err(Invalid("invalid worksheet dimension '1:5': invalid A1 range '1:5': invalid or out-of-grid A1 cell reference '1'"))
test-data/libreoffice-core/sc/qa/unit/data/xlsx/tdf100034.xlsx	Sheet1 (2)	E5	cell	A-base	reads=14	bytes=1512	Err(Invalid("worksheet mergeCells appears before sheetData"))
test-data/libreoffice-core/sc/qa/unit/data/xlsx/tdf100034.xlsx	Sheet1 (2)	E5	cell	B-fix	reads=18	bytes=2728	Err(Invalid("invalid worksheet dimension '1:5': invalid A1 range '1:5': invalid or out-of-grid A1 cell reference '1'"))
test-data/libreoffice-core/sc/qa/unit/data/xlsx/tdf100034.xlsx	Sheet1 (2)	E5	cell	C-fix+gate	reads=18	bytes=2728	Err(Invalid("invalid worksheet dimension '1:5': invalid A1 range '1:5': invalid or out-of-grid A1 cell reference '1'"))
test-data/libreoffice-core/sc/qa/unit/data/xlsx/tdf100034.xlsx	Sheet1 (2)	H680	cell	A-base	reads=14	bytes=1512	Err(Invalid("worksheet mergeCells appears before sheetData"))
test-data/libreoffice-core/sc/qa/unit/data/xlsx/tdf100034.xlsx	Sheet1 (2)	H680	cell	B-fix	reads=18	bytes=2728	Err(Invalid("invalid worksheet dimension '1:5': invalid A1 range '1:5': invalid or out-of-grid A1 cell reference '1'"))
test-data/libreoffice-core/sc/qa/unit/data/xlsx/tdf100034.xlsx	Sheet1 (2)	H680	cell	C-fix+gate	reads=18	bytes=2728	Err(Invalid("invalid worksheet dimension '1:5': invalid A1 range '1:5': invalid or out-of-grid A1 cell reference '1'"))
test-data/libreoffice-core/sc/qa/unit/data/xlsx/tdf100034.xlsx	Sheet1 (2)	M29	cell	A-base	reads=14	bytes=1512	Err(Invalid("worksheet mergeCells appears before sheetData"))
test-data/libreoffice-core/sc/qa/unit/data/xlsx/tdf100034.xlsx	Sheet1 (2)	M29	cell	B-fix	reads=18	bytes=2728	Err(Invalid("invalid worksheet dimension '1:5': invalid A1 range '1:5': invalid or out-of-grid A1 cell reference '1'"))
test-data/libreoffice-core/sc/qa/unit/data/xlsx/tdf100034.xlsx	Sheet1 (2)	M29	cell	C-fix+gate	reads=18	bytes=2728	Err(Invalid("invalid worksheet dimension '1:5': invalid A1 range '1:5': invalid or out-of-grid A1 cell reference '1'"))
test-data/libreoffice-core/sc/qa/unit/data/xlsx/tdf100034.xlsx	Sheet1 (2)	Z100	cell	A-base	reads=14	bytes=1512	Err(Invalid("worksheet mergeCells appears before sheetData"))
test-data/libreoffice-core/sc/qa/unit/data/xlsx/tdf100034.xlsx	Sheet1 (2)	Z100	cell	B-fix	reads=18	bytes=2728	Err(Invalid("invalid worksheet dimension '1:5': invalid A1 range '1:5': invalid or out-of-grid A1 cell reference '1'"))
test-data/libreoffice-core/sc/qa/unit/data/xlsx/tdf100034.xlsx	Sheet1 (2)	Z100	cell	C-fix+gate	reads=18	bytes=2728	Err(Invalid("invalid worksheet dimension '1:5': invalid A1 range '1:5': invalid or out-of-grid A1 cell reference '1'"))
test-data/ooxml/xlsx/ConditionalFormattingSamples.xlsx	Home	A1	cell	A-base	reads=22	bytes=1875	Err(Invalid("worksheet mergeCells appears before sheetData"))
test-data/ooxml/xlsx/ConditionalFormattingSamples.xlsx	Home	A1	cell	B-fix	reads=31	bytes=10126	Ok(Stored(Value(Text(" "))))
test-data/ooxml/xlsx/ConditionalFormattingSamples.xlsx	Home	A1	cell	C-fix+gate	reads=31	bytes=10126	Ok(Stored(Value(Text(" "))))
test-data/ooxml/xlsx/ConditionalFormattingSamples.xlsx	Home	A1:E5	cells	A-base	reads=22	bytes=1875	Err(Invalid("worksheet mergeCells appears before sheetData"))
test-data/ooxml/xlsx/ConditionalFormattingSamples.xlsx	Home	A1:E5	cells	B-fix	reads=31	bytes=10126	Ok([SourceCell { address: Cell { row: Row(0), column: Column(0) }, cell: Value(Text(" ")) }, SourceCell { address: Cell { row: Row(2), column: Column(1) }, cell: Empty }, SourceCell { address: Cell { row: Row(3), column: Column(1) }, cell: Empty }, SourceCell { address: Cell { row: Row(4), column: Column(1) }, cell: Value(Text("To navigate to the  worksheet you want to see, click the worksheet name button in the Worksheet column.")) }, SourceCell { address: Cell { row: Row(4), column: Column(2) }, cell: Empty }, SourceCell { address: Cell { row: Row(4), column: Column(3) }, cell: Empty }])
test-data/ooxml/xlsx/ConditionalFormattingSamples.xlsx	Home	A1:E5	cells	C-fix+gate	reads=31	bytes=10126	Ok([SourceCell { address: Cell { row: Row(0), column: Column(0) }, cell: Value(Text(" ")) }, SourceCell { address: Cell { row: Row(2), column: Column(1) }, cell: Empty }, SourceCell { address: Cell { row: Row(3), column: Column(1) }, cell: Empty }, SourceCell { address: Cell { row: Row(4), column: Column(1) }, cell: Value(Text("To navigate to the  worksheet you want to see, click the worksheet name button in the Worksheet column.")) }, SourceCell { address: Cell { row: Row(4), column: Column(2) }, cell: Empty }, SourceCell { address: Cell { row: Row(4), column: Column(3) }, cell: Empty }])
test-data/ooxml/xlsx/ConditionalFormattingSamples.xlsx	Home	A2	cell	A-base	reads=22	bytes=1875	Err(Invalid("worksheet mergeCells appears before sheetData"))
test-data/ooxml/xlsx/ConditionalFormattingSamples.xlsx	Home	A2	cell	B-fix	reads=31	bytes=10126	Ok(Missing)
test-data/ooxml/xlsx/ConditionalFormattingSamples.xlsx	Home	A2	cell	C-fix+gate	reads=31	bytes=10126	Ok(Missing)
test-data/ooxml/xlsx/ConditionalFormattingSamples.xlsx	Home	AA1	cell	A-base	reads=22	bytes=1875	Err(Invalid("worksheet mergeCells appears before sheetData"))
test-data/ooxml/xlsx/ConditionalFormattingSamples.xlsx	Home	AA1	cell	B-fix	reads=31	bytes=10126	Ok(Missing)
test-data/ooxml/xlsx/ConditionalFormattingSamples.xlsx	Home	AA1	cell	C-fix+gate	reads=31	bytes=10126	Ok(Missing)
test-data/ooxml/xlsx/ConditionalFormattingSamples.xlsx	Home	B1	cell	A-base	reads=22	bytes=1875	Err(Invalid("worksheet mergeCells appears before sheetData"))
test-data/ooxml/xlsx/ConditionalFormattingSamples.xlsx	Home	B1	cell	B-fix	reads=31	bytes=10126	Ok(Missing)
test-data/ooxml/xlsx/ConditionalFormattingSamples.xlsx	Home	B1	cell	C-fix+gate	reads=31	bytes=10126	Ok(Missing)
test-data/ooxml/xlsx/ConditionalFormattingSamples.xlsx	Home	B1:B50	cells	A-base	reads=22	bytes=1875	Err(Invalid("worksheet mergeCells appears before sheetData"))
test-data/ooxml/xlsx/ConditionalFormattingSamples.xlsx	Home	B1:B50	cells	B-fix	reads=31	bytes=10126	Ok([SourceCell { address: Cell { row: Row(2), column: Column(1) }, cell: Empty }, SourceCell { address: Cell { row: Row(3), column: Column(1) }, cell: Empty }, SourceCell { address: Cell { row: Row(4), column: Column(1) }, cell: Value(Text("To navigate to the  worksheet you want to see, click the worksheet name button in the Worksheet column.")) }, SourceCell { address: Cell { row: Row(5), column: Column(1) }, cell: Value(Text("To return to this Home worksheet, click the Home button                       in the top left cell.")) }, SourceCell { address: Cell { row: Row(6), column: Column(1) }, cell: Empty }, SourceCell { address: Cell { row: Row(7), column: Column(1) }, cell: Value(Text("Worksheet")) }, SourceCell { address: Cell { row: Row(8), column: Column(1) }, cell: Empty }, SourceCell { address: Cell { row: Row(9), column: Column(1) }, cell: Empty }, SourceCell { address: Cell { row: Row(10), column: Column(1) }, cell: Empty }, SourceCell { address: Cell { row: Row(11), column: Column(1) }, cell: Empty }, SourceCell { address: Cell { row: Row(12), column: Column(1) }, cell: Empty }, SourceCell { address: Cell { row: Row(13), column: Column(1) }, cell: Empty }, SourceCell { address: Cell { row: Row(14), column: Column(1) }, cell: Empty }, SourceCell { address: Cell { row: Row(15), column: Column(1) }, cell: Empty }, SourceCell { address: Cell { row: Row(16), column: Column(1) }, cell: Empty }, SourceCell { address: Cell { row: Row(17), column: Column(1) }, cell: Empty }, SourceCell { address: Cell { row: Row(18), column: Column(1) }, cell: Empty }, SourceCell { address: Cell { row: Row(19), column: Column(1) }, cell: Empty }, SourceCell { address: Cell { row: Row(20), column: Column(1) }, cell: Empty }, SourceCell { address: Cell { row: Row(21), column: Column(1) }, cell: Empty }, SourceCell { address: Cell { row: Row(22), column: Column(1) }, cell: Empty }])
test-data/ooxml/xlsx/ConditionalFormattingSamples.xlsx	Home	B1:B50	cells	C-fix+gate	reads=31	bytes=10126	Ok([SourceCell { address: Cell { row: Row(2), column: Column(1) }, cell: Empty }, SourceCell { address: Cell { row: Row(3), column: Column(1) }, cell: Empty }, SourceCell { address: Cell { row: Row(4), column: Column(1) }, cell: Value(Text("To navigate to the  worksheet you want to see, click the worksheet name button in the Worksheet column.")) }, SourceCell { address: Cell { row: Row(5), column: Column(1) }, cell: Value(Text("To return to this Home worksheet, click the Home button                       in the top left cell.")) }, SourceCell { address: Cell { row: Row(6), column: Column(1) }, cell: Empty }, SourceCell { address: Cell { row: Row(7), column: Column(1) }, cell: Value(Text("Worksheet")) }, SourceCell { address: Cell { row: Row(8), column: Column(1) }, cell: Empty }, SourceCell { address: Cell { row: Row(9), column: Column(1) }, cell: Empty }, SourceCell { address: Cell { row: Row(10), column: Column(1) }, cell: Empty }, SourceCell { address: Cell { row: Row(11), column: Column(1) }, cell: Empty }, SourceCell { address: Cell { row: Row(12), column: Column(1) }, cell: Empty }, SourceCell { address: Cell { row: Row(13), column: Column(1) }, cell: Empty }, SourceCell { address: Cell { row: Row(14), column: Column(1) }, cell: Empty }, SourceCell { address: Cell { row: Row(15), column: Column(1) }, cell: Empty }, SourceCell { address: Cell { row: Row(16), column: Column(1) }, cell: Empty }, SourceCell { address: Cell { row: Row(17), column: Column(1) }, cell: Empty }, SourceCell { address: Cell { row: Row(18), column: Column(1) }, cell: Empty }, SourceCell { address: Cell { row: Row(19), column: Column(1) }, cell: Empty }, SourceCell { address: Cell { row: Row(20), column: Column(1) }, cell: Empty }, SourceCell { address: Cell { row: Row(21), column: Column(1) }, cell: Empty }, SourceCell { address: Cell { row: Row(22), column: Column(1) }, cell: Empty }])
test-data/ooxml/xlsx/ConditionalFormattingSamples.xlsx	Home	B2	cell	A-base	reads=22	bytes=1875	Err(Invalid("worksheet mergeCells appears before sheetData"))
test-data/ooxml/xlsx/ConditionalFormattingSamples.xlsx	Home	B2	cell	B-fix	reads=31	bytes=10126	Ok(Missing)
test-data/ooxml/xlsx/ConditionalFormattingSamples.xlsx	Home	B2	cell	C-fix+gate	reads=31	bytes=10126	Ok(Missing)
test-data/ooxml/xlsx/ConditionalFormattingSamples.xlsx	Home	BA50	cell	A-base	reads=22	bytes=1875	Err(Invalid("worksheet mergeCells appears before sheetData"))
test-data/ooxml/xlsx/ConditionalFormattingSamples.xlsx	Home	BA50	cell	B-fix	reads=31	bytes=10126	Ok(Missing)
test-data/ooxml/xlsx/ConditionalFormattingSamples.xlsx	Home	BA50	cell	C-fix+gate	reads=31	bytes=10126	Ok(Missing)
test-data/ooxml/xlsx/ConditionalFormattingSamples.xlsx	Home	C3	cell	A-base	reads=22	bytes=1875	Err(Invalid("worksheet mergeCells appears before sheetData"))
test-data/ooxml/xlsx/ConditionalFormattingSamples.xlsx	Home	C3	cell	B-fix	reads=31	bytes=10126	Ok(Missing)
test-data/ooxml/xlsx/ConditionalFormattingSamples.xlsx	Home	C3	cell	C-fix+gate	reads=31	bytes=10126	Ok(Missing)
test-data/ooxml/xlsx/ConditionalFormattingSamples.xlsx	Home	D4	cell	A-base	reads=22	bytes=1875	Err(Invalid("worksheet mergeCells appears before sheetData"))
test-data/ooxml/xlsx/ConditionalFormattingSamples.xlsx	Home	D4	cell	B-fix	reads=31	bytes=10126	Ok(Missing)
test-data/ooxml/xlsx/ConditionalFormattingSamples.xlsx	Home	D4	cell	C-fix+gate	reads=31	bytes=10126	Ok(Missing)
test-data/ooxml/xlsx/ConditionalFormattingSamples.xlsx	Home	E5	cell	A-base	reads=22	bytes=1875	Err(Invalid("worksheet mergeCells appears before sheetData"))
test-data/ooxml/xlsx/ConditionalFormattingSamples.xlsx	Home	E5	cell	B-fix	reads=31	bytes=10126	Ok(Missing)
test-data/ooxml/xlsx/ConditionalFormattingSamples.xlsx	Home	E5	cell	C-fix+gate	reads=31	bytes=10126	Ok(Missing)
test-data/ooxml/xlsx/ConditionalFormattingSamples.xlsx	Home	H680	cell	A-base	reads=22	bytes=1875	Err(Invalid("worksheet mergeCells appears before sheetData"))
test-data/ooxml/xlsx/ConditionalFormattingSamples.xlsx	Home	H680	cell	B-fix	reads=31	bytes=10126	Ok(Missing)
test-data/ooxml/xlsx/ConditionalFormattingSamples.xlsx	Home	H680	cell	C-fix+gate	reads=31	bytes=10126	Ok(Missing)
test-data/ooxml/xlsx/ConditionalFormattingSamples.xlsx	Home	M29	cell	A-base	reads=22	bytes=1875	Err(Invalid("worksheet mergeCells appears before sheetData"))
test-data/ooxml/xlsx/ConditionalFormattingSamples.xlsx	Home	M29	cell	B-fix	reads=31	bytes=10126	Ok(Missing)
test-data/ooxml/xlsx/ConditionalFormattingSamples.xlsx	Home	M29	cell	C-fix+gate	reads=31	bytes=10126	Ok(Missing)
test-data/ooxml/xlsx/ConditionalFormattingSamples.xlsx	Home	Z100	cell	A-base	reads=22	bytes=1875	Err(Invalid("worksheet mergeCells appears before sheetData"))
test-data/ooxml/xlsx/ConditionalFormattingSamples.xlsx	Home	Z100	cell	B-fix	reads=31	bytes=10126	Ok(Missing)
test-data/ooxml/xlsx/ConditionalFormattingSamples.xlsx	Home	Z100	cell	C-fix+gate	reads=31	bytes=10126	Ok(Missing)
test-data/ooxml/xlsx/MatrixFormulaEvalTestData.xlsx	Sheet1	A1	cell	A-base	reads=11	bytes=5102	Err(Invalid("worksheet mergeCells appears before sheetData"))
test-data/ooxml/xlsx/MatrixFormulaEvalTestData.xlsx	Sheet1	A1	cell	B-fix	reads=20	bytes=11114	Ok(Stored(Value(Text("Operator:"))))
test-data/ooxml/xlsx/MatrixFormulaEvalTestData.xlsx	Sheet1	A1	cell	C-fix+gate	reads=20	bytes=11114	Ok(Stored(Value(Text("Operator:"))))
test-data/ooxml/xlsx/MatrixFormulaEvalTestData.xlsx	Sheet1	A1:E5	cells	A-base	reads=11	bytes=5102	Err(Invalid("worksheet mergeCells appears before sheetData"))
test-data/ooxml/xlsx/MatrixFormulaEvalTestData.xlsx	Sheet1	A1:E5	cells	B-fix	reads=20	bytes=11114	Ok([SourceCell { address: Cell { row: Row(0), column: Column(0) }, cell: Value(Text("Operator:")) }, SourceCell { address: Cell { row: Row(0), column: Column(1) }, cell: Value(Text("Matrix A")) }, SourceCell { address: Cell { row: Row(0), column: Column(2) }, cell: Empty }, SourceCell { address: Cell { row: Row(0), column: Column(3) }, cell: Empty }, SourceCell { address: Cell { row: Row(0), column: Column(4) }, cell: Value(Text("Matrix B")) }, SourceCell { address: Cell { row: Row(1), column: Column(0) }, cell: Value(Text("+")) }])
test-data/ooxml/xlsx/MatrixFormulaEvalTestData.xlsx	Sheet1	A1:E5	cells	C-fix+gate	reads=20	bytes=11114	Ok([SourceCell { address: Cell { row: Row(0), column: Column(0) }, cell: Value(Text("Operator:")) }, SourceCell { address: Cell { row: Row(0), column: Column(1) }, cell: Value(Text("Matrix A")) }, SourceCell { address: Cell { row: Row(0), column: Column(2) }, cell: Empty }, SourceCell { address: Cell { row: Row(0), column: Column(3) }, cell: Empty }, SourceCell { address: Cell { row: Row(0), column: Column(4) }, cell: Value(Text("Matrix B")) }, SourceCell { address: Cell { row: Row(1), column: Column(0) }, cell: Value(Text("+")) }])
test-data/ooxml/xlsx/MatrixFormulaEvalTestData.xlsx	Sheet1	A2	cell	A-base	reads=11	bytes=5102	Err(Invalid("worksheet mergeCells appears before sheetData"))
test-data/ooxml/xlsx/MatrixFormulaEvalTestData.xlsx	Sheet1	A2	cell	B-fix	reads=20	bytes=11114	Ok(Stored(Value(Text("+"))))
test-data/ooxml/xlsx/MatrixFormulaEvalTestData.xlsx	Sheet1	A2	cell	C-fix+gate	reads=20	bytes=11114	Ok(Stored(Value(Text("+"))))
test-data/ooxml/xlsx/MatrixFormulaEvalTestData.xlsx	Sheet1	AA1	cell	A-base	reads=11	bytes=5102	Err(Invalid("worksheet mergeCells appears before sheetData"))
test-data/ooxml/xlsx/MatrixFormulaEvalTestData.xlsx	Sheet1	AA1	cell	B-fix	reads=20	bytes=11114	Ok(Missing)
test-data/ooxml/xlsx/MatrixFormulaEvalTestData.xlsx	Sheet1	AA1	cell	C-fix+gate	reads=20	bytes=11114	Ok(Missing)
test-data/ooxml/xlsx/MatrixFormulaEvalTestData.xlsx	Sheet1	B1	cell	A-base	reads=11	bytes=5102	Err(Invalid("worksheet mergeCells appears before sheetData"))
test-data/ooxml/xlsx/MatrixFormulaEvalTestData.xlsx	Sheet1	B1	cell	B-fix	reads=20	bytes=11114	Ok(Stored(Value(Text("Matrix A"))))
test-data/ooxml/xlsx/MatrixFormulaEvalTestData.xlsx	Sheet1	B1	cell	C-fix+gate	reads=20	bytes=11114	Ok(Stored(Value(Text("Matrix A"))))
test-data/ooxml/xlsx/MatrixFormulaEvalTestData.xlsx	Sheet1	B1:B50	cells	A-base	reads=11	bytes=5102	Err(Invalid("worksheet mergeCells appears before sheetData"))
test-data/ooxml/xlsx/MatrixFormulaEvalTestData.xlsx	Sheet1	B1:B50	cells	B-fix	reads=20	bytes=11114	Ok([SourceCell { address: Cell { row: Row(0), column: Column(1) }, cell: Value(Text("Matrix A")) }, SourceCell { address: Cell { row: Row(21), column: Column(1) }, cell: Value(Number(Number("1"))) }, SourceCell { address: Cell { row: Row(25), column: Column(1) }, cell: Value(Number(Number("1"))) }, SourceCell { address: Cell { row: Row(29), column: Column(1) }, cell: Value(Number(Number("1"))) }, SourceCell { address: Cell { row: Row(33), column: Column(1) }, cell: Value(Number(Number("1"))) }, SourceCell { address: Cell { row: Row(37), column: Column(1) }, cell: Value(Number(Number("1"))) }, SourceCell { address: Cell { row: Row(40), column: Column(1) }, cell: Empty }, SourceCell { address: Cell { row: Row(41), column: Column(1) }, cell: Value(Number(Number("1"))) }, SourceCell { address: Cell { row: Row(45), column: Column(1) }, cell: Value(Number(Number("1"))) }, SourceCell { address: Cell { row: Row(49), column: Column(1) }, cell: Value(Number(Number("1"))) }])
test-data/ooxml/xlsx/MatrixFormulaEvalTestData.xlsx	Sheet1	B1:B50	cells	C-fix+gate	reads=20	bytes=11114	Ok([SourceCell { address: Cell { row: Row(0), column: Column(1) }, cell: Value(Text("Matrix A")) }, SourceCell { address: Cell { row: Row(21), column: Column(1) }, cell: Value(Number(Number("1"))) }, SourceCell { address: Cell { row: Row(25), column: Column(1) }, cell: Value(Number(Number("1"))) }, SourceCell { address: Cell { row: Row(29), column: Column(1) }, cell: Value(Number(Number("1"))) }, SourceCell { address: Cell { row: Row(33), column: Column(1) }, cell: Value(Number(Number("1"))) }, SourceCell { address: Cell { row: Row(37), column: Column(1) }, cell: Value(Number(Number("1"))) }, SourceCell { address: Cell { row: Row(40), column: Column(1) }, cell: Empty }, SourceCell { address: Cell { row: Row(41), column: Column(1) }, cell: Value(Number(Number("1"))) }, SourceCell { address: Cell { row: Row(45), column: Column(1) }, cell: Value(Number(Number("1"))) }, SourceCell { address: Cell { row: Row(49), column: Column(1) }, cell: Value(Number(Number("1"))) }])
test-data/ooxml/xlsx/MatrixFormulaEvalTestData.xlsx	Sheet1	B2	cell	A-base	reads=11	bytes=5102	Err(Invalid("worksheet mergeCells appears before sheetData"))
test-data/ooxml/xlsx/MatrixFormulaEvalTestData.xlsx	Sheet1	B2	cell	B-fix	reads=20	bytes=11114	Ok(Missing)
test-data/ooxml/xlsx/MatrixFormulaEvalTestData.xlsx	Sheet1	B2	cell	C-fix+gate	reads=20	bytes=11114	Ok(Missing)
test-data/ooxml/xlsx/MatrixFormulaEvalTestData.xlsx	Sheet1	BA50	cell	A-base	reads=11	bytes=5102	Err(Invalid("worksheet mergeCells appears before sheetData"))
test-data/ooxml/xlsx/MatrixFormulaEvalTestData.xlsx	Sheet1	BA50	cell	B-fix	reads=20	bytes=11114	Ok(Missing)
test-data/ooxml/xlsx/MatrixFormulaEvalTestData.xlsx	Sheet1	BA50	cell	C-fix+gate	reads=20	bytes=11114	Ok(Missing)
test-data/ooxml/xlsx/MatrixFormulaEvalTestData.xlsx	Sheet1	C3	cell	A-base	reads=11	bytes=5102	Err(Invalid("worksheet mergeCells appears before sheetData"))
test-data/ooxml/xlsx/MatrixFormulaEvalTestData.xlsx	Sheet1	C3	cell	B-fix	reads=20	bytes=11114	Ok(Missing)
test-data/ooxml/xlsx/MatrixFormulaEvalTestData.xlsx	Sheet1	C3	cell	C-fix+gate	reads=20	bytes=11114	Ok(Missing)
test-data/ooxml/xlsx/MatrixFormulaEvalTestData.xlsx	Sheet1	D4	cell	A-base	reads=11	bytes=5102	Err(Invalid("worksheet mergeCells appears before sheetData"))
test-data/ooxml/xlsx/MatrixFormulaEvalTestData.xlsx	Sheet1	D4	cell	B-fix	reads=20	bytes=11114	Ok(Missing)
test-data/ooxml/xlsx/MatrixFormulaEvalTestData.xlsx	Sheet1	D4	cell	C-fix+gate	reads=20	bytes=11114	Ok(Missing)
test-data/ooxml/xlsx/MatrixFormulaEvalTestData.xlsx	Sheet1	E5	cell	A-base	reads=11	bytes=5102	Err(Invalid("worksheet mergeCells appears before sheetData"))
test-data/ooxml/xlsx/MatrixFormulaEvalTestData.xlsx	Sheet1	E5	cell	B-fix	reads=20	bytes=11114	Ok(Missing)
test-data/ooxml/xlsx/MatrixFormulaEvalTestData.xlsx	Sheet1	E5	cell	C-fix+gate	reads=20	bytes=11114	Ok(Missing)
test-data/ooxml/xlsx/MatrixFormulaEvalTestData.xlsx	Sheet1	H680	cell	A-base	reads=11	bytes=5102	Err(Invalid("worksheet mergeCells appears before sheetData"))
test-data/ooxml/xlsx/MatrixFormulaEvalTestData.xlsx	Sheet1	H680	cell	B-fix	reads=20	bytes=11114	Ok(Missing)
test-data/ooxml/xlsx/MatrixFormulaEvalTestData.xlsx	Sheet1	H680	cell	C-fix+gate	reads=20	bytes=11114	Ok(Missing)
test-data/ooxml/xlsx/MatrixFormulaEvalTestData.xlsx	Sheet1	M29	cell	A-base	reads=11	bytes=5102	Err(Invalid("worksheet mergeCells appears before sheetData"))
test-data/ooxml/xlsx/MatrixFormulaEvalTestData.xlsx	Sheet1	M29	cell	B-fix	reads=20	bytes=11114	Ok(Missing)
test-data/ooxml/xlsx/MatrixFormulaEvalTestData.xlsx	Sheet1	M29	cell	C-fix+gate	reads=20	bytes=11114	Ok(Missing)
test-data/ooxml/xlsx/MatrixFormulaEvalTestData.xlsx	Sheet1	Z100	cell	A-base	reads=11	bytes=5102	Err(Invalid("worksheet mergeCells appears before sheetData"))
test-data/ooxml/xlsx/MatrixFormulaEvalTestData.xlsx	Sheet1	Z100	cell	B-fix	reads=20	bytes=11114	Ok(Missing)
test-data/ooxml/xlsx/MatrixFormulaEvalTestData.xlsx	Sheet1	Z100	cell	C-fix+gate	reads=20	bytes=11114	Ok(Missing)
test-data/ooxml/xlsx/StructuredRefs-lots-with-lookups.xlsx	List	A1	cell	A-base	reads=5	bytes=45219	Err(Invalid("worksheet mergeCells appears before sheetData"))
test-data/ooxml/xlsx/StructuredRefs-lots-with-lookups.xlsx	List	A1	cell	B-fix	reads=15	bytes=117378	Ok(Missing)
test-data/ooxml/xlsx/StructuredRefs-lots-with-lookups.xlsx	List	A1	cell	C-fix+gate	reads=15	bytes=117378	Ok(Missing)
test-data/ooxml/xlsx/StructuredRefs-lots-with-lookups.xlsx	List	A1:E5	cells	A-base	reads=5	bytes=45219	Err(Invalid("worksheet mergeCells appears before sheetData"))
test-data/ooxml/xlsx/StructuredRefs-lots-with-lookups.xlsx	List	A1:E5	cells	B-fix	reads=15	bytes=117378	Ok([SourceCell { address: Cell { row: Row(1), column: Column(1) }, cell: Value(Text("SELECT Something")) }, SourceCell { address: Cell { row: Row(1), column: Column(3) }, cell: Empty }, SourceCell { address: Cell { row: Row(1), column: Column(4) }, cell: Empty }, SourceCell { address: Cell { row: Row(2), column: Column(1) }, cell: Value(Text("Alabama")) }, SourceCell { address: Cell { row: Row(2), column: Column(2) }, cell: Empty }, SourceCell { address: Cell { row: Row(2), column: Column(3) }, cell: Empty }, SourceCell { address: Cell { row: Row(2), column: Column(4) }, cell: Empty }, SourceCell { address: Cell { row: Row(3), column: Column(1) }, cell: Empty }, SourceCell { address: Cell { row: Row(3), column: Column(2) }, cell: Empty }, SourceCell { address: Cell { row: Row(3), column: Column(3) }, cell: Empty }, SourceCell { address: Cell { row: Row(3), column: Column(4) }, cell: Empty }, SourceCell { address: Cell { row: Row(4), column: Column(1) }, cell: Formula(Formula { text: "B3&\" Matching List\"", kind: Scalar, cached: Some(Cache { value: Text("Alabama Matching List"), origin: Stored, freshness: Unknown }) }) }])
test-data/ooxml/xlsx/StructuredRefs-lots-with-lookups.xlsx	List	A1:E5	cells	C-fix+gate	reads=15	bytes=117378	Ok([SourceCell { address: Cell { row: Row(1), column: Column(1) }, cell: Value(Text("SELECT Something")) }, SourceCell { address: Cell { row: Row(1), column: Column(3) }, cell: Empty }, SourceCell { address: Cell { row: Row(1), column: Column(4) }, cell: Empty }, SourceCell { address: Cell { row: Row(2), column: Column(1) }, cell: Value(Text("Alabama")) }, SourceCell { address: Cell { row: Row(2), column: Column(2) }, cell: Empty }, SourceCell { address: Cell { row: Row(2), column: Column(3) }, cell: Empty }, SourceCell { address: Cell { row: Row(2), column: Column(4) }, cell: Empty }, SourceCell { address: Cell { row: Row(3), column: Column(1) }, cell: Empty }, SourceCell { address: Cell { row: Row(3), column: Column(2) }, cell: Empty }, SourceCell { address: Cell { row: Row(3), column: Column(3) }, cell: Empty }, SourceCell { address: Cell { row: Row(3), column: Column(4) }, cell: Empty }, SourceCell { address: Cell { row: Row(4), column: Column(1) }, cell: Formula(Formula { text: "B3&\" Matching List\"", kind: Scalar, cached: Some(Cache { value: Text("Alabama Matching List"), origin: Stored, freshness: Unknown }) }) }])
test-data/ooxml/xlsx/StructuredRefs-lots-with-lookups.xlsx	List	A2	cell	A-base	reads=5	bytes=45219	Err(Invalid("worksheet mergeCells appears before sheetData"))
test-data/ooxml/xlsx/StructuredRefs-lots-with-lookups.xlsx	List	A2	cell	B-fix	reads=15	bytes=117378	Ok(Missing)
test-data/ooxml/xlsx/StructuredRefs-lots-with-lookups.xlsx	List	A2	cell	C-fix+gate	reads=15	bytes=117378	Ok(Missing)
test-data/ooxml/xlsx/StructuredRefs-lots-with-lookups.xlsx	List	AA1	cell	A-base	reads=5	bytes=45219	Err(Invalid("worksheet mergeCells appears before sheetData"))
test-data/ooxml/xlsx/StructuredRefs-lots-with-lookups.xlsx	List	AA1	cell	B-fix	reads=15	bytes=117378	Ok(Missing)
test-data/ooxml/xlsx/StructuredRefs-lots-with-lookups.xlsx	List	AA1	cell	C-fix+gate	reads=15	bytes=117378	Ok(Missing)
test-data/ooxml/xlsx/StructuredRefs-lots-with-lookups.xlsx	List	B1	cell	A-base	reads=5	bytes=45219	Err(Invalid("worksheet mergeCells appears before sheetData"))
test-data/ooxml/xlsx/StructuredRefs-lots-with-lookups.xlsx	List	B1	cell	B-fix	reads=15	bytes=117378	Ok(Missing)
test-data/ooxml/xlsx/StructuredRefs-lots-with-lookups.xlsx	List	B1	cell	C-fix+gate	reads=15	bytes=117378	Ok(Missing)
test-data/ooxml/xlsx/StructuredRefs-lots-with-lookups.xlsx	List	B1:B50	cells	A-base	reads=5	bytes=45219	Err(Invalid("worksheet mergeCells appears before sheetData"))
test-data/ooxml/xlsx/StructuredRefs-lots-with-lookups.xlsx	List	B1:B50	cells	B-fix	reads=15	bytes=117378	Ok([SourceCell { address: Cell { row: Row(1), column: Column(1) }, cell: Value(Text("SELECT Something")) }, SourceCell { address: Cell { row: Row(2), column: Column(1) }, cell: Value(Text("Alabama")) }, SourceCell { address: Cell { row: Row(3), column: Column(1) }, cell: Empty }, SourceCell { address: Cell { row: Row(4), column: Column(1) }, cell: Formula(Formula { text: "B3&\" Matching List\"", kind: Scalar, cached: Some(Cache { value: Text("Alabama Matching List"), origin: Stored, freshness: Unknown }) }) }, SourceCell { address: Cell { row: Row(6), column: Column(1) }, cell: Value(Text("Name & Number")) }, SourceCell { address: Cell { row: Row(7), column: Column(1) }, cell: Formula(Formula { text: "IF(ISNA(VLOOKUP(ROW($A8)-7,Query!$A:$N,4,FALSE)),\" \",VLOOKUP(ROW($A8)-7,Query!$A:$N,4,FALSE))", kind: Scalar, cached: Some(Cache { value: Text("name1 - 101"), origin: Stored, freshness: Unknown }) }) }, SourceCell { address: Cell { row: Row(8), column: Column(1) }, cell: Formula(Formula { text: "IF(ISNA(VLOOKUP(ROW($A9)-7,Query!$A:$N,4,FALSE)),\" \",VLOOKUP(ROW($A9)-7,Query!$A:$N,4,FALSE))", kind: Scalar, cached: Some(Cache { value: Text("name2 - 102"), origin: Stored, freshness: Unknown }) }) }, SourceCell { address: Cell { row: Row(9), column: Column(1) }, cell: Formula(Formula { text: "IF(ISNA(VLOOKUP(ROW($A10)-7,Query!$A:$N,4,FALSE)),\" \",VLOOKUP(ROW($A10)-7,Query!$A:$N,4,FALSE))", kind: Scalar, cached: Some(Cache { value: Text("name3 - 103"), origin: Stored, freshness: Unknown }) }) }, SourceCell { address: Cell { row: Row(10), column: Column(1) }, cell: Formula(Formula { text: "IF(ISNA(VLOOKUP(ROW($A11)-7,Query!$A:$N,4,FALSE)),\" \",VLOOKUP(ROW($A11)-7,Query!$A:$N,4,FALSE))", kind: Scalar, cached: Some(Cache { value: Text("name4 - 104"), origin: Stored, freshness: Unknown }) }) }, SourceCell { address: Cell { row: Row(11), column: Column(1) }, cell: Formula(Formula { text: "IF(ISNA(VLOOKUP(ROW($A12)-7,Query!$A:$N,4,FALSE)),\" \",VLOOKUP(ROW($A12)-7,Query!$A:$N,4,FALSE))", kind: Scalar, cached: Some(Cache { value: Text("name5 - 105"), origin: Stored, freshness: Unknown }) }) }, SourceCell { address: Cell { row: Row(12), column: Column(1) }, cell: Formula(Formula { text: "IF(ISNA(VLOOKUP(ROW($A13)-7,Query!$A:$N,4,FALSE)),\" \",VLOOKUP(ROW($A13)-7,Query!$A:$N,4,FALSE))", kind: Scalar, cached: Some(Cache { value: Text("name6 - 106"), origin: Stored, freshness: Unknown }) }) }, SourceCell { address: Cell { row: Row(13), column: Column(1) }, cell: Formula(Formula { text: "IF(ISNA(VLOOKUP(ROW($A14)-7,Query!$A:$N,4,FALSE)),\" \",VLOOKUP(ROW($A14)-7,Query!$A:$N,4,FALSE))", kind: Scalar, cached: Some(Cache { value: Text("name7 - 107"), origin: Stored, freshness: Unknown }) }) }, SourceCell { address: Cell { row: Row(14), column: Column(1) }, cell: Formula(Formula { text: "IF(ISNA(VLOOKUP(ROW($A15)-7,Query!$A:$N,4,FALSE)),\" \",VLOOKUP(ROW($A15)-7,Query!$A:$N,4,FALSE))", kind: Scalar, cached: Some(Cache { value: Text("name8 - 108"), origin: Stored, freshness: Unknown }) }) }, SourceCell { address: Cell { row: Row(15), column: Column(1) }, cell: Formula(Formula { text: "IF(ISNA(VLOOKUP(ROW($A16)-7,Query!$A:$N,4,FALSE)),\" \",VLOOKUP(ROW($A16)-7,Query!$A:$N,4,FALSE))", kind: Scalar, cached: Some(Cache { value: Text("name9 - 109"), origin: Stored, freshness: Unknown }) }) }, SourceCell { address: Cell { row: Row(16), column: Column(1) }, cell: Formula(Formula { text: "IF(ISNA(VLOOKUP(ROW($A17)-7,Query!$A:$N,4,FALSE)),\" \",VLOOKUP(ROW($A17)-7,Query!$A:$N,4,FALSE))", kind: Scalar, cached: Some(Cache { value: Text("name10 - 110"), origin: Stored, freshness: Unknown }) }) }, SourceCell { address: Cell { row: Row(17), column: Column(1) }, cell: Formula(Formula { text: "IF(ISNA(VLOOKUP(ROW($A18)-7,Query!$A:$N,4,FALSE)),\" \",VLOOKUP(ROW($A18)-7,Query!$A:$N,4,FALSE))", kind: Scalar, cached: Some(Cache { value: Text("name11 - 111"), origin: Stored, freshness: Unknown }) }) }, SourceCell { address: Cell { row: Row(18), column: Column(1) }, cell: Formula(Formula { text: "IF(ISNA(VLOOKUP(ROW($A19)-7,Query!$A:$N,4,FALSE)),\" \",VLOOKUP(ROW($A19)-7,Query!$A:$N,4,FALSE))", kind: Scalar, cached: Some(Cache { value: Text("name12 - 112"), origin: Stored, freshness: Unknown }) }) }, SourceCell { address: Cell { row: Row(19), column: Column(1) }, cell: Formula(Formula { text: "IF(ISNA(VLOOKUP(ROW($A20)-7,Query!$A:$N,4,FALSE)),\" \",VLOOKUP(ROW($A20)-7,Query!$A:$N,4,FALSE))", kind: Scalar, cached: Some(Cache { value: Text("name13 - 113"), origin: Stored, freshness: Unknown }) }) }, SourceCell { address: Cell { row: Row(20), column: Column(1) }, cell: Formula(Formula { text: "IF(ISNA(VLOOKUP(ROW($A21)-7,Query!$A:$N,4,FALSE)),\" \",VLOOKUP(ROW($A21)-7,Query!$A:$N,4,FALSE))", kind: Scalar, cached: Some(Cache { value: Text("name14 - 114"), origin: Stored, freshness: Unknown }) }) }, SourceCell { address: Cell { row: Row(21), column: Column(1) }, cell: Formula(Formula { text: "IF(ISNA(VLOOKUP(ROW($A22)-7,Query!$A:$N,4,FALSE)),\" \",VLOOKUP(ROW($A22)-7,Query!$A:$N,4,FALSE))", kind: Scalar, cached: Some(Cache { value: Text("name15 - 115"), origin: Stored, freshness: Unknown }) }) }, SourceCell { address: Cell { row: Row(22), column: Column(1) }, cell: Formula(Formula { text: "IF(ISNA(VLOOKUP(ROW($A23)-7,Query!$A:$N,4,FALSE)),\" \",VLOOKUP(ROW($A23)-7,Query!$A:$N,4,FALSE))", kind: Scalar, cached: Some(Cache { value: Text("name16 - 116"), origin: Stored, freshness: Unknown }) }) }, SourceCell { address: Cell { row: Row(23), column: Column(1) }, cell: Formula(Formula { text: "IF(ISNA(VLOOKUP(ROW($A24)-7,Query!$A:$N,4,FALSE)),\" \",VLOOKUP(ROW($A24)-7,Query!$A:$N,4,FALSE))", kind: Scalar, cached: Some(Cache { value: Text("name17 - 117"), origin: Stored, freshness: Unknown }) }) }, SourceCell { address: Cell { row: Row(24), column: Column(1) }, cell: Formula(Formula { text: "IF(ISNA(VLOOKUP(ROW($A25)-7,Query!$A:$N,4,FALSE)),\" \",VLOOKUP(ROW($A25)-7,Query!$A:$N,4,FALSE))", kind: Scalar, cached: Some(Cache { value: Text("name18 - 118"), origin: Stored, freshness: Unknown }) }) }, SourceCell { address: Cell { row: Row(25), column: Column(1) }, cell: Formula(Formula { text: "IF(ISNA(VLOOKUP(ROW($A26)-7,Query!$A:$N,4,FALSE)),\" \",VLOOKUP(ROW($A26)-7,Query!$A:$N,4,FALSE))", kind: Scalar, cached: Some(Cache { value: Text("name19 - 119"), origin: Stored, freshness: Unknown }) }) }, SourceCell { address: Cell { row: Row(26), column: Column(1) }, cell: Formula(Formula { text: "IF(ISNA(VLOOKUP(ROW($A27)-7,Query!$A:$N,4,FALSE)),\" \",VLOOKUP(ROW($A27)-7,Query!$A:$N,4,FALSE))", kind: Scalar, cached: Some(Cache { value: Text("name20 - 120"), origin: Stored, freshness: Unknown }) }) }, SourceCell { address: Cell { row: Row(27), column: Column(1) }, cell: Formula(Formula { text: "IF(ISNA(VLOOKUP(ROW($A28)-7,Query!$A:$N,4,FALSE)),\" \",VLOOKUP(ROW($A28)-7,Query!$A:$N,4,FALSE))", kind: Scalar, cached: Some(Cache { value: Text("name21 - 121"), origin: Stored, freshness: Unknown }) }) }, SourceCell { address: Cell { row: Row(28), column: Column(1) }, cell: Formula(Formula { text: "IF(ISNA(VLOOKUP(ROW($A29)-7,Query!$A:$N,4,FALSE)),\" \",VLOOKUP(ROW($A29)-7,Query!$A:$N,4,FALSE))", kind: Scalar, cached: Some(Cache { value: Text("name22 - 122"), origin: Stored, freshness: Unknown }) }) }, SourceCell { address: Cell { row: Row(29), column: Column(1) }, cell: Formula(Formula { text: "IF(ISNA(VLOOKUP(ROW($A30)-7,Query!$A:$N,4,FALSE)),\" \",VLOOKUP(ROW($A30)-7,Query!$A:$N,4,FALSE))", kind: Scalar, cached: Some(Cache { value: Text("name23 - 123"), origin: Stored, freshness: Unknown }) }) }, SourceCell { address: Cell { row: Row(30), column: Column(1) }, cell: Formula(Formula { text: "IF(ISNA(VLOOKUP(ROW($A31)-7,Query!$A:$N,4,FALSE)),\" \",VLOOKUP(ROW($A31)-7,Query!$A:$N,4,FALSE))", kind: Scalar, cached: Some(Cache { value: Text("name24 - 124"), origin: Stored, freshness: Unknown }) }) }, SourceCell { address: Cell { row: Row(31), column: Column(1) }, cell: Formula(Formula { text: "IF(ISNA(VLOOKUP(ROW($A32)-7,Query!$A:$N,4,FALSE)),\" \",VLOOKUP(ROW($A32)-7,Query!$A:$N,4,FALSE))", kind: Scalar, cached: Some(Cache { value: Text("name25 - 125"), origin: Stored, freshness: Unknown }) }) }, SourceCell { address: Cell { row: Row(32), column: Column(1) }, cell: Formula(Formula { text: "IF(ISNA(VLOOKUP(ROW($A33)-7,Query!$A:$N,4,FALSE)),\" \",VLOOKUP(ROW($A33)-7,Query!$A:$N,4,FALSE))", kind: Scalar, cached: Some(Cache { value: Text("name26 - 126"), origin: Stored, freshness: Unknown }) }) }, SourceCell { address: Cell { row: Row(33), column: Column(1) }, cell: Formula(Formula { text: "IF(ISNA(VLOOKUP(ROW($A34)-7,Query!$A:$N,4,FALSE)),\" \",VLOOKUP(ROW($A34)-7,Query!$A:$N,4,FALSE))", kind: Scalar, cached: Some(Cache { value: Text("name27 - 127"), origin: Stored, freshness: Unknown }) }) }, SourceCell { address: Cell { row: Row(34), column: Column(1) }, cell: Formula(Formula { text: "IF(ISNA(VLOOKUP(ROW($A35)-7,Query!$A:$N,4,FALSE)),\" \",VLOOKUP(ROW($A35)-7,Query!$A:$N,4,FALSE))", kind: Scalar, cached: Some(Cache { value: Text("name28 - 128"), origin: Stored, freshness: Unknown }) }) }, SourceCell { address: Cell { row: Row(35), column: Column(1) }, cell: Formula(Formula { text: "IF(ISNA(VLOOKUP(ROW($A36)-7,Query!$A:$N,4,FALSE)),\" \",VLOOKUP(ROW($A36)-7,Query!$A:$N,4,FALSE))", kind: Scalar, cached: Some(Cache { value: Text("name29 - 129"), origin: Stored, freshness: Unknown }) }) }, SourceCell { address: Cell { row: Row(36), column: Column(1) }, cell: Formula(Formula { text: "IF(ISNA(VLOOKUP(ROW($A37)-7,Query!$A:$N,4,FALSE)),\" \",VLOOKUP(ROW($A37)-7,Query!$A:$N,4,FALSE))", kind: Scalar, cached: Some(Cache { value: Text("name30 - 130"), origin: Stored, freshness: Unknown }) }) }, SourceCell { address: Cell { row: Row(37), column: Column(1) }, cell: Formula(Formula { text: "IF(ISNA(VLOOKUP(ROW($A38)-7,Query!$A:$N,4,FALSE)),\" \",VLOOKUP(ROW($A38)-7,Query!$A:$N,4,FALSE))", kind: Scalar, cached: Some(Cache { value: Text("name31 - 131"), origin: Stored, freshness: Unknown }) }) }, SourceCell { address: Cell { row: Row(38), column: Column(1) }, cell: Formula(Formula { text: "IF(ISNA(VLOOKUP(ROW($A39)-7,Query!$A:$N,4,FALSE)),\" \",VLOOKUP(ROW($A39)-7,Query!$A:$N,4,FALSE))", kind: Scalar, cached: Some(Cache { value: Text("name32 - 132"), origin: Stored, freshness: Unknown }) }) }, SourceCell { address: Cell { row: Row(39), column: Column(1) }, cell: Formula(Formula { text: "IF(ISNA(VLOOKUP(ROW($A40)-7,Query!$A:$N,4,FALSE)),\" \",VLOOKUP(ROW($A40)-7,Query!$A:$N,4,FALSE))", kind: Scalar, cached: Some(Cache { value: Text("name33 - 133"), origin: Stored, freshness: Unknown }) }) }, SourceCell { address: Cell { row: Row(40), column: Column(1) }, cell: Formula(Formula { text: "IF(ISNA(VLOOKUP(ROW($A41)-7,Query!$A:$N,4,FALSE)),\" \",VLOOKUP(ROW($A41)-7,Query!$A:$N,4,FALSE))", kind: Scalar, cached: Some(Cache { value: Text("name34 - 134"), origin: Stored, freshness: Unknown }) }) }, SourceCell { address: Cell { row: Row(41), column: Column(1) }, cell: Formula(Formula { text: "IF(ISNA(VLOOKUP(ROW($A42)-7,Query!$A:$N,4,FALSE)),\" \",VLOOKUP(ROW($A42)-7,Query!$A:$N,4,FALSE))", kind: Scalar, cached: Some(Cache { value: Text("name35 - 135"), origin: Stored, freshness: Unknown }) }) }, SourceCell { address: Cell { row: Row(42), column: Column(1) }, cell: Formula(Formula { text: "IF(ISNA(VLOOKUP(ROW($A43)-7,Query!$A:$N,4,FALSE)),\" \",VLOOKUP(ROW($A43)-7,Query!$A:$N,4,FALSE))", kind: Scalar, cached: Some(Cache { value: Text("name36 - 136"), origin: Stored, freshness: Unknown }) }) }, SourceCell { address: Cell { row: Row(43), column: Column(1) }, cell: Formula(Formula { text: "IF(ISNA(VLOOKUP(ROW($A44)-7,Query!$A:$N,4,FALSE)),\" \",VLOOKUP(ROW($A44)-7,Query!$A:$N,4,FALSE))", kind: Scalar, cached: Some(Cache { value: Text("name37 - 137"), origin: Stored, freshness: Unknown }) }) }, SourceCell { address: Cell { row: Row(44), column: Column(1) }, cell: Formula(Formula { text: "IF(ISNA(VLOOKUP(ROW($A45)-7,Query!$A:$N,4,FALSE)),\" \",VLOOKUP(ROW($A45)-7,Query!$A:$N,4,FALSE))", kind: Scalar, cached: Some(Cache { value: Text("name38 - 138"), origin: Stored, freshness: Unknown }) }) }, SourceCell { address: Cell { row: Row(45), column: Column(1) }, cell: Formula(Formula { text: "IF(ISNA(VLOOKUP(ROW($A46)-7,Query!$A:$N,4,FALSE)),\" \",VLOOKUP(ROW($A46)-7,Query!$A:$N,4,FALSE))", kind: Scalar, cached: Some(Cache { value: Text("name39 - 139"), origin: Stored, freshness: Unknown }) }) }, SourceCell { address: Cell { row: Row(46), column: Column(1) }, cell: Formula(Formula { text: "IF(ISNA(VLOOKUP(ROW($A47)-7,Query!$A:$N,4,FALSE)),\" \",VLOOKUP(ROW($A47)-7,Query!$A:$N,4,FALSE))", kind: Scalar, cached: Some(Cache { value: Text("name40 - 140"), origin: Stored, freshness: Unknown }) }) }, SourceCell { address: Cell { row: Row(47), column: Column(1) }, cell: Formula(Formula { text: "IF(ISNA(VLOOKUP(ROW($A48)-7,Query!$A:$N,4,FALSE)),\" \",VLOOKUP(ROW($A48)-7,Query!$A:$N,4,FALSE))", kind: Scalar, cached: Some(Cache { value: Text("name41 - 141"), origin: Stored, freshness: Unknown }) }) }, SourceCell { address: Cell { row: Row(48), column: Column(1) }, cell: Formula(Formula { text: "IF(ISNA(VLOOKUP(ROW($A49)-7,Query!$A:$N,4,FALSE)),\" \",VLOOKUP(ROW($A49)-7,Query!$A:$N,4,FALSE))", kind: Scalar, cached: Some(Cache { value: Text("name42 - 142"), origin: Stored, freshness: Unknown }) }) }, SourceCell { address: Cell { row: Row(49), column: Column(1) }, cell: Formula(Formula { text: "IF(ISNA(VLOOKUP(ROW($A50)-7,Query!$A:$N,4,FALSE)),\" \",VLOOKUP(ROW($A50)-7,Query!$A:$N,4,FALSE))", kind: Scalar, cached: Some(Cache { value: Text("name43 - 143"), origin: Stored, freshness: Unknown }) }) }])
test-data/ooxml/xlsx/StructuredRefs-lots-with-lookups.xlsx	List	B1:B50	cells	C-fix+gate	reads=15	bytes=117378	Ok([SourceCell { address: Cell { row: Row(1), column: Column(1) }, cell: Value(Text("SELECT Something")) }, SourceCell { address: Cell { row: Row(2), column: Column(1) }, cell: Value(Text("Alabama")) }, SourceCell { address: Cell { row: Row(3), column: Column(1) }, cell: Empty }, SourceCell { address: Cell { row: Row(4), column: Column(1) }, cell: Formula(Formula { text: "B3&\" Matching List\"", kind: Scalar, cached: Some(Cache { value: Text("Alabama Matching List"), origin: Stored, freshness: Unknown }) }) }, SourceCell { address: Cell { row: Row(6), column: Column(1) }, cell: Value(Text("Name & Number")) }, SourceCell { address: Cell { row: Row(7), column: Column(1) }, cell: Formula(Formula { text: "IF(ISNA(VLOOKUP(ROW($A8)-7,Query!$A:$N,4,FALSE)),\" \",VLOOKUP(ROW($A8)-7,Query!$A:$N,4,FALSE))", kind: Scalar, cached: Some(Cache { value: Text("name1 - 101"), origin: Stored, freshness: Unknown }) }) }, SourceCell { address: Cell { row: Row(8), column: Column(1) }, cell: Formula(Formula { text: "IF(ISNA(VLOOKUP(ROW($A9)-7,Query!$A:$N,4,FALSE)),\" \",VLOOKUP(ROW($A9)-7,Query!$A:$N,4,FALSE))", kind: Scalar, cached: Some(Cache { value: Text("name2 - 102"), origin: Stored, freshness: Unknown }) }) }, SourceCell { address: Cell { row: Row(9), column: Column(1) }, cell: Formula(Formula { text: "IF(ISNA(VLOOKUP(ROW($A10)-7,Query!$A:$N,4,FALSE)),\" \",VLOOKUP(ROW($A10)-7,Query!$A:$N,4,FALSE))", kind: Scalar, cached: Some(Cache { value: Text("name3 - 103"), origin: Stored, freshness: Unknown }) }) }, SourceCell { address: Cell { row: Row(10), column: Column(1) }, cell: Formula(Formula { text: "IF(ISNA(VLOOKUP(ROW($A11)-7,Query!$A:$N,4,FALSE)),\" \",VLOOKUP(ROW($A11)-7,Query!$A:$N,4,FALSE))", kind: Scalar, cached: Some(Cache { value: Text("name4 - 104"), origin: Stored, freshness: Unknown }) }) }, SourceCell { address: Cell { row: Row(11), column: Column(1) }, cell: Formula(Formula { text: "IF(ISNA(VLOOKUP(ROW($A12)-7,Query!$A:$N,4,FALSE)),\" \",VLOOKUP(ROW($A12)-7,Query!$A:$N,4,FALSE))", kind: Scalar, cached: Some(Cache { value: Text("name5 - 105"), origin: Stored, freshness: Unknown }) }) }, SourceCell { address: Cell { row: Row(12), column: Column(1) }, cell: Formula(Formula { text: "IF(ISNA(VLOOKUP(ROW($A13)-7,Query!$A:$N,4,FALSE)),\" \",VLOOKUP(ROW($A13)-7,Query!$A:$N,4,FALSE))", kind: Scalar, cached: Some(Cache { value: Text("name6 - 106"), origin: Stored, freshness: Unknown }) }) }, SourceCell { address: Cell { row: Row(13), column: Column(1) }, cell: Formula(Formula { text: "IF(ISNA(VLOOKUP(ROW($A14)-7,Query!$A:$N,4,FALSE)),\" \",VLOOKUP(ROW($A14)-7,Query!$A:$N,4,FALSE))", kind: Scalar, cached: Some(Cache { value: Text("name7 - 107"), origin: Stored, freshness: Unknown }) }) }, SourceCell { address: Cell { row: Row(14), column: Column(1) }, cell: Formula(Formula { text: "IF(ISNA(VLOOKUP(ROW($A15)-7,Query!$A:$N,4,FALSE)),\" \",VLOOKUP(ROW($A15)-7,Query!$A:$N,4,FALSE))", kind: Scalar, cached: Some(Cache { value: Text("name8 - 108"), origin: Stored, freshness: Unknown }) }) }, SourceCell { address: Cell { row: Row(15), column: Column(1) }, cell: Formula(Formula { text: "IF(ISNA(VLOOKUP(ROW($A16)-7,Query!$A:$N,4,FALSE)),\" \",VLOOKUP(ROW($A16)-7,Query!$A:$N,4,FALSE))", kind: Scalar, cached: Some(Cache { value: Text("name9 - 109"), origin: Stored, freshness: Unknown }) }) }, SourceCell { address: Cell { row: Row(16), column: Column(1) }, cell: Formula(Formula { text: "IF(ISNA(VLOOKUP(ROW($A17)-7,Query!$A:$N,4,FALSE)),\" \",VLOOKUP(ROW($A17)-7,Query!$A:$N,4,FALSE))", kind: Scalar, cached: Some(Cache { value: Text("name10 - 110"), origin: Stored, freshness: Unknown }) }) }, SourceCell { address: Cell { row: Row(17), column: Column(1) }, cell: Formula(Formula { text: "IF(ISNA(VLOOKUP(ROW($A18)-7,Query!$A:$N,4,FALSE)),\" \",VLOOKUP(ROW($A18)-7,Query!$A:$N,4,FALSE))", kind: Scalar, cached: Some(Cache { value: Text("name11 - 111"), origin: Stored, freshness: Unknown }) }) }, SourceCell { address: Cell { row: Row(18), column: Column(1) }, cell: Formula(Formula { text: "IF(ISNA(VLOOKUP(ROW($A19)-7,Query!$A:$N,4,FALSE)),\" \",VLOOKUP(ROW($A19)-7,Query!$A:$N,4,FALSE))", kind: Scalar, cached: Some(Cache { value: Text("name12 - 112"), origin: Stored, freshness: Unknown }) }) }, SourceCell { address: Cell { row: Row(19), column: Column(1) }, cell: Formula(Formula { text: "IF(ISNA(VLOOKUP(ROW($A20)-7,Query!$A:$N,4,FALSE)),\" \",VLOOKUP(ROW($A20)-7,Query!$A:$N,4,FALSE))", kind: Scalar, cached: Some(Cache { value: Text("name13 - 113"), origin: Stored, freshness: Unknown }) }) }, SourceCell { address: Cell { row: Row(20), column: Column(1) }, cell: Formula(Formula { text: "IF(ISNA(VLOOKUP(ROW($A21)-7,Query!$A:$N,4,FALSE)),\" \",VLOOKUP(ROW($A21)-7,Query!$A:$N,4,FALSE))", kind: Scalar, cached: Some(Cache { value: Text("name14 - 114"), origin: Stored, freshness: Unknown }) }) }, SourceCell { address: Cell { row: Row(21), column: Column(1) }, cell: Formula(Formula { text: "IF(ISNA(VLOOKUP(ROW($A22)-7,Query!$A:$N,4,FALSE)),\" \",VLOOKUP(ROW($A22)-7,Query!$A:$N,4,FALSE))", kind: Scalar, cached: Some(Cache { value: Text("name15 - 115"), origin: Stored, freshness: Unknown }) }) }, SourceCell { address: Cell { row: Row(22), column: Column(1) }, cell: Formula(Formula { text: "IF(ISNA(VLOOKUP(ROW($A23)-7,Query!$A:$N,4,FALSE)),\" \",VLOOKUP(ROW($A23)-7,Query!$A:$N,4,FALSE))", kind: Scalar, cached: Some(Cache { value: Text("name16 - 116"), origin: Stored, freshness: Unknown }) }) }, SourceCell { address: Cell { row: Row(23), column: Column(1) }, cell: Formula(Formula { text: "IF(ISNA(VLOOKUP(ROW($A24)-7,Query!$A:$N,4,FALSE)),\" \",VLOOKUP(ROW($A24)-7,Query!$A:$N,4,FALSE))", kind: Scalar, cached: Some(Cache { value: Text("name17 - 117"), origin: Stored, freshness: Unknown }) }) }, SourceCell { address: Cell { row: Row(24), column: Column(1) }, cell: Formula(Formula { text: "IF(ISNA(VLOOKUP(ROW($A25)-7,Query!$A:$N,4,FALSE)),\" \",VLOOKUP(ROW($A25)-7,Query!$A:$N,4,FALSE))", kind: Scalar, cached: Some(Cache { value: Text("name18 - 118"), origin: Stored, freshness: Unknown }) }) }, SourceCell { address: Cell { row: Row(25), column: Column(1) }, cell: Formula(Formula { text: "IF(ISNA(VLOOKUP(ROW($A26)-7,Query!$A:$N,4,FALSE)),\" \",VLOOKUP(ROW($A26)-7,Query!$A:$N,4,FALSE))", kind: Scalar, cached: Some(Cache { value: Text("name19 - 119"), origin: Stored, freshness: Unknown }) }) }, SourceCell { address: Cell { row: Row(26), column: Column(1) }, cell: Formula(Formula { text: "IF(ISNA(VLOOKUP(ROW($A27)-7,Query!$A:$N,4,FALSE)),\" \",VLOOKUP(ROW($A27)-7,Query!$A:$N,4,FALSE))", kind: Scalar, cached: Some(Cache { value: Text("name20 - 120"), origin: Stored, freshness: Unknown }) }) }, SourceCell { address: Cell { row: Row(27), column: Column(1) }, cell: Formula(Formula { text: "IF(ISNA(VLOOKUP(ROW($A28)-7,Query!$A:$N,4,FALSE)),\" \",VLOOKUP(ROW($A28)-7,Query!$A:$N,4,FALSE))", kind: Scalar, cached: Some(Cache { value: Text("name21 - 121"), origin: Stored, freshness: Unknown }) }) }, SourceCell { address: Cell { row: Row(28), column: Column(1) }, cell: Formula(Formula { text: "IF(ISNA(VLOOKUP(ROW($A29)-7,Query!$A:$N,4,FALSE)),\" \",VLOOKUP(ROW($A29)-7,Query!$A:$N,4,FALSE))", kind: Scalar, cached: Some(Cache { value: Text("name22 - 122"), origin: Stored, freshness: Unknown }) }) }, SourceCell { address: Cell { row: Row(29), column: Column(1) }, cell: Formula(Formula { text: "IF(ISNA(VLOOKUP(ROW($A30)-7,Query!$A:$N,4,FALSE)),\" \",VLOOKUP(ROW($A30)-7,Query!$A:$N,4,FALSE))", kind: Scalar, cached: Some(Cache { value: Text("name23 - 123"), origin: Stored, freshness: Unknown }) }) }, SourceCell { address: Cell { row: Row(30), column: Column(1) }, cell: Formula(Formula { text: "IF(ISNA(VLOOKUP(ROW($A31)-7,Query!$A:$N,4,FALSE)),\" \",VLOOKUP(ROW($A31)-7,Query!$A:$N,4,FALSE))", kind: Scalar, cached: Some(Cache { value: Text("name24 - 124"), origin: Stored, freshness: Unknown }) }) }, SourceCell { address: Cell { row: Row(31), column: Column(1) }, cell: Formula(Formula { text: "IF(ISNA(VLOOKUP(ROW($A32)-7,Query!$A:$N,4,FALSE)),\" \",VLOOKUP(ROW($A32)-7,Query!$A:$N,4,FALSE))", kind: Scalar, cached: Some(Cache { value: Text("name25 - 125"), origin: Stored, freshness: Unknown }) }) }, SourceCell { address: Cell { row: Row(32), column: Column(1) }, cell: Formula(Formula { text: "IF(ISNA(VLOOKUP(ROW($A33)-7,Query!$A:$N,4,FALSE)),\" \",VLOOKUP(ROW($A33)-7,Query!$A:$N,4,FALSE))", kind: Scalar, cached: Some(Cache { value: Text("name26 - 126"), origin: Stored, freshness: Unknown }) }) }, SourceCell { address: Cell { row: Row(33), column: Column(1) }, cell: Formula(Formula { text: "IF(ISNA(VLOOKUP(ROW($A34)-7,Query!$A:$N,4,FALSE)),\" \",VLOOKUP(ROW($A34)-7,Query!$A:$N,4,FALSE))", kind: Scalar, cached: Some(Cache { value: Text("name27 - 127"), origin: Stored, freshness: Unknown }) }) }, SourceCell { address: Cell { row: Row(34), column: Column(1) }, cell: Formula(Formula { text: "IF(ISNA(VLOOKUP(ROW($A35)-7,Query!$A:$N,4,FALSE)),\" \",VLOOKUP(ROW($A35)-7,Query!$A:$N,4,FALSE))", kind: Scalar, cached: Some(Cache { value: Text("name28 - 128"), origin: Stored, freshness: Unknown }) }) }, SourceCell { address: Cell { row: Row(35), column: Column(1) }, cell: Formula(Formula { text: "IF(ISNA(VLOOKUP(ROW($A36)-7,Query!$A:$N,4,FALSE)),\" \",VLOOKUP(ROW($A36)-7,Query!$A:$N,4,FALSE))", kind: Scalar, cached: Some(Cache { value: Text("name29 - 129"), origin: Stored, freshness: Unknown }) }) }, SourceCell { address: Cell { row: Row(36), column: Column(1) }, cell: Formula(Formula { text: "IF(ISNA(VLOOKUP(ROW($A37)-7,Query!$A:$N,4,FALSE)),\" \",VLOOKUP(ROW($A37)-7,Query!$A:$N,4,FALSE))", kind: Scalar, cached: Some(Cache { value: Text("name30 - 130"), origin: Stored, freshness: Unknown }) }) }, SourceCell { address: Cell { row: Row(37), column: Column(1) }, cell: Formula(Formula { text: "IF(ISNA(VLOOKUP(ROW($A38)-7,Query!$A:$N,4,FALSE)),\" \",VLOOKUP(ROW($A38)-7,Query!$A:$N,4,FALSE))", kind: Scalar, cached: Some(Cache { value: Text("name31 - 131"), origin: Stored, freshness: Unknown }) }) }, SourceCell { address: Cell { row: Row(38), column: Column(1) }, cell: Formula(Formula { text: "IF(ISNA(VLOOKUP(ROW($A39)-7,Query!$A:$N,4,FALSE)),\" \",VLOOKUP(ROW($A39)-7,Query!$A:$N,4,FALSE))", kind: Scalar, cached: Some(Cache { value: Text("name32 - 132"), origin: Stored, freshness: Unknown }) }) }, SourceCell { address: Cell { row: Row(39), column: Column(1) }, cell: Formula(Formula { text: "IF(ISNA(VLOOKUP(ROW($A40)-7,Query!$A:$N,4,FALSE)),\" \",VLOOKUP(ROW($A40)-7,Query!$A:$N,4,FALSE))", kind: Scalar, cached: Some(Cache { value: Text("name33 - 133"), origin: Stored, freshness: Unknown }) }) }, SourceCell { address: Cell { row: Row(40), column: Column(1) }, cell: Formula(Formula { text: "IF(ISNA(VLOOKUP(ROW($A41)-7,Query!$A:$N,4,FALSE)),\" \",VLOOKUP(ROW($A41)-7,Query!$A:$N,4,FALSE))", kind: Scalar, cached: Some(Cache { value: Text("name34 - 134"), origin: Stored, freshness: Unknown }) }) }, SourceCell { address: Cell { row: Row(41), column: Column(1) }, cell: Formula(Formula { text: "IF(ISNA(VLOOKUP(ROW($A42)-7,Query!$A:$N,4,FALSE)),\" \",VLOOKUP(ROW($A42)-7,Query!$A:$N,4,FALSE))", kind: Scalar, cached: Some(Cache { value: Text("name35 - 135"), origin: Stored, freshness: Unknown }) }) }, SourceCell { address: Cell { row: Row(42), column: Column(1) }, cell: Formula(Formula { text: "IF(ISNA(VLOOKUP(ROW($A43)-7,Query!$A:$N,4,FALSE)),\" \",VLOOKUP(ROW($A43)-7,Query!$A:$N,4,FALSE))", kind: Scalar, cached: Some(Cache { value: Text("name36 - 136"), origin: Stored, freshness: Unknown }) }) }, SourceCell { address: Cell { row: Row(43), column: Column(1) }, cell: Formula(Formula { text: "IF(ISNA(VLOOKUP(ROW($A44)-7,Query!$A:$N,4,FALSE)),\" \",VLOOKUP(ROW($A44)-7,Query!$A:$N,4,FALSE))", kind: Scalar, cached: Some(Cache { value: Text("name37 - 137"), origin: Stored, freshness: Unknown }) }) }, SourceCell { address: Cell { row: Row(44), column: Column(1) }, cell: Formula(Formula { text: "IF(ISNA(VLOOKUP(ROW($A45)-7,Query!$A:$N,4,FALSE)),\" \",VLOOKUP(ROW($A45)-7,Query!$A:$N,4,FALSE))", kind: Scalar, cached: Some(Cache { value: Text("name38 - 138"), origin: Stored, freshness: Unknown }) }) }, SourceCell { address: Cell { row: Row(45), column: Column(1) }, cell: Formula(Formula { text: "IF(ISNA(VLOOKUP(ROW($A46)-7,Query!$A:$N,4,FALSE)),\" \",VLOOKUP(ROW($A46)-7,Query!$A:$N,4,FALSE))", kind: Scalar, cached: Some(Cache { value: Text("name39 - 139"), origin: Stored, freshness: Unknown }) }) }, SourceCell { address: Cell { row: Row(46), column: Column(1) }, cell: Formula(Formula { text: "IF(ISNA(VLOOKUP(ROW($A47)-7,Query!$A:$N,4,FALSE)),\" \",VLOOKUP(ROW($A47)-7,Query!$A:$N,4,FALSE))", kind: Scalar, cached: Some(Cache { value: Text("name40 - 140"), origin: Stored, freshness: Unknown }) }) }, SourceCell { address: Cell { row: Row(47), column: Column(1) }, cell: Formula(Formula { text: "IF(ISNA(VLOOKUP(ROW($A48)-7,Query!$A:$N,4,FALSE)),\" \",VLOOKUP(ROW($A48)-7,Query!$A:$N,4,FALSE))", kind: Scalar, cached: Some(Cache { value: Text("name41 - 141"), origin: Stored, freshness: Unknown }) }) }, SourceCell { address: Cell { row: Row(48), column: Column(1) }, cell: Formula(Formula { text: "IF(ISNA(VLOOKUP(ROW($A49)-7,Query!$A:$N,4,FALSE)),\" \",VLOOKUP(ROW($A49)-7,Query!$A:$N,4,FALSE))", kind: Scalar, cached: Some(Cache { value: Text("name42 - 142"), origin: Stored, freshness: Unknown }) }) }, SourceCell { address: Cell { row: Row(49), column: Column(1) }, cell: Formula(Formula { text: "IF(ISNA(VLOOKUP(ROW($A50)-7,Query!$A:$N,4,FALSE)),\" \",VLOOKUP(ROW($A50)-7,Query!$A:$N,4,FALSE))", kind: Scalar, cached: Some(Cache { value: Text("name43 - 143"), origin: Stored, freshness: Unknown }) }) }])
test-data/ooxml/xlsx/StructuredRefs-lots-with-lookups.xlsx	List	B2	cell	A-base	reads=5	bytes=45219	Err(Invalid("worksheet mergeCells appears before sheetData"))
test-data/ooxml/xlsx/StructuredRefs-lots-with-lookups.xlsx	List	B2	cell	B-fix	reads=15	bytes=117378	Ok(Stored(Value(Text("SELECT Something"))))
test-data/ooxml/xlsx/StructuredRefs-lots-with-lookups.xlsx	List	B2	cell	C-fix+gate	reads=15	bytes=117378	Ok(Stored(Value(Text("SELECT Something"))))
test-data/ooxml/xlsx/StructuredRefs-lots-with-lookups.xlsx	List	BA50	cell	A-base	reads=5	bytes=45219	Err(Invalid("worksheet mergeCells appears before sheetData"))
test-data/ooxml/xlsx/StructuredRefs-lots-with-lookups.xlsx	List	BA50	cell	B-fix	reads=15	bytes=117378	Ok(Missing)
test-data/ooxml/xlsx/StructuredRefs-lots-with-lookups.xlsx	List	BA50	cell	C-fix+gate	reads=15	bytes=117378	Ok(Missing)
test-data/ooxml/xlsx/StructuredRefs-lots-with-lookups.xlsx	List	C3	cell	A-base	reads=5	bytes=45219	Err(Invalid("worksheet mergeCells appears before sheetData"))
test-data/ooxml/xlsx/StructuredRefs-lots-with-lookups.xlsx	List	C3	cell	B-fix	reads=15	bytes=117378	Ok(Stored(Empty))
test-data/ooxml/xlsx/StructuredRefs-lots-with-lookups.xlsx	List	C3	cell	C-fix+gate	reads=15	bytes=117378	Ok(Stored(Empty))
test-data/ooxml/xlsx/StructuredRefs-lots-with-lookups.xlsx	List	D4	cell	A-base	reads=5	bytes=45219	Err(Invalid("worksheet mergeCells appears before sheetData"))
test-data/ooxml/xlsx/StructuredRefs-lots-with-lookups.xlsx	List	D4	cell	B-fix	reads=15	bytes=117378	Ok(Stored(Empty))
test-data/ooxml/xlsx/StructuredRefs-lots-with-lookups.xlsx	List	D4	cell	C-fix+gate	reads=15	bytes=117378	Ok(Stored(Empty))
test-data/ooxml/xlsx/StructuredRefs-lots-with-lookups.xlsx	List	E5	cell	A-base	reads=5	bytes=45219	Err(Invalid("worksheet mergeCells appears before sheetData"))
test-data/ooxml/xlsx/StructuredRefs-lots-with-lookups.xlsx	List	E5	cell	B-fix	reads=15	bytes=117378	Ok(Missing)
test-data/ooxml/xlsx/StructuredRefs-lots-with-lookups.xlsx	List	E5	cell	C-fix+gate	reads=15	bytes=117378	Ok(Missing)
test-data/ooxml/xlsx/StructuredRefs-lots-with-lookups.xlsx	List	H680	cell	A-base	reads=5	bytes=45219	Err(Invalid("worksheet mergeCells appears before sheetData"))
test-data/ooxml/xlsx/StructuredRefs-lots-with-lookups.xlsx	List	H680	cell	B-fix	reads=15	bytes=117378	Ok(Missing)
test-data/ooxml/xlsx/StructuredRefs-lots-with-lookups.xlsx	List	H680	cell	C-fix+gate	reads=15	bytes=117378	Ok(Missing)
test-data/ooxml/xlsx/StructuredRefs-lots-with-lookups.xlsx	List	M29	cell	A-base	reads=5	bytes=45219	Err(Invalid("worksheet mergeCells appears before sheetData"))
test-data/ooxml/xlsx/StructuredRefs-lots-with-lookups.xlsx	List	M29	cell	B-fix	reads=15	bytes=117378	Ok(Missing)
test-data/ooxml/xlsx/StructuredRefs-lots-with-lookups.xlsx	List	M29	cell	C-fix+gate	reads=15	bytes=117378	Ok(Missing)
test-data/ooxml/xlsx/StructuredRefs-lots-with-lookups.xlsx	List	Z100	cell	A-base	reads=5	bytes=45219	Err(Invalid("worksheet mergeCells appears before sheetData"))
test-data/ooxml/xlsx/StructuredRefs-lots-with-lookups.xlsx	List	Z100	cell	B-fix	reads=15	bytes=117378	Ok(Missing)
test-data/ooxml/xlsx/StructuredRefs-lots-with-lookups.xlsx	List	Z100	cell	C-fix+gate	reads=15	bytes=117378	Ok(Missing)
test-data/ooxml/xlsx/StructuredRefs-lots-with-lookups.xlsx	Profile	A1	cell	A-base	reads=12	bytes=7729	Err(Invalid("worksheet mergeCells appears before sheetData"))
test-data/ooxml/xlsx/StructuredRefs-lots-with-lookups.xlsx	Profile	A1	cell	B-fix	reads=21	bytes=42158	Ok(Missing)
test-data/ooxml/xlsx/StructuredRefs-lots-with-lookups.xlsx	Profile	A1	cell	C-fix+gate	reads=21	bytes=42158	Ok(Missing)
test-data/ooxml/xlsx/StructuredRefs-lots-with-lookups.xlsx	Profile	A1:E5	cells	A-base	reads=12	bytes=7729	Err(Invalid("worksheet mergeCells appears before sheetData"))
test-data/ooxml/xlsx/StructuredRefs-lots-with-lookups.xlsx	Profile	A1:E5	cells	B-fix	reads=21	bytes=42158	Ok([SourceCell { address: Cell { row: Row(1), column: Column(1) }, cell: Value(Text("SELECT Something")) }, SourceCell { address: Cell { row: Row(1), column: Column(2) }, cell: Empty }, SourceCell { address: Cell { row: Row(1), column: Column(3) }, cell: Empty }, SourceCell { address: Cell { row: Row(1), column: Column(4) }, cell: Empty }, SourceCell { address: Cell { row: Row(2), column: Column(1) }, cell: Value(Text("All States")) }, SourceCell { address: Cell { row: Row(2), column: Column(2) }, cell: Empty }, SourceCell { address: Cell { row: Row(2), column: Column(3) }, cell: Empty }, SourceCell { address: Cell { row: Row(2), column: Column(4) }, cell: Empty }, SourceCell { address: Cell { row: Row(3), column: Column(1) }, cell: Empty }, SourceCell { address: Cell { row: Row(3), column: Column(2) }, cell: Empty }, SourceCell { address: Cell { row: Row(3), column: Column(3) }, cell: Empty }, SourceCell { address: Cell { row: Row(3), column: Column(4) }, cell: Empty }, SourceCell { address: Cell { row: Row(4), column: Column(1) }, cell: Formula(Formula { text: "B3&\" Summary by year\"", kind: Scalar, cached: Some(Cache { value: Text("All States Summary by year"), origin: Stored, freshness: Unknown }) }) }, SourceCell { address: Cell { row: Row(4), column: Column(2) }, cell: Empty }])
test-data/ooxml/xlsx/StructuredRefs-lots-with-lookups.xlsx	Profile	A1:E5	cells	C-fix+gate	reads=21	bytes=42158	Ok([SourceCell { address: Cell { row: Row(1), column: Column(1) }, cell: Value(Text("SELECT Something")) }, SourceCell { address: Cell { row: Row(1), column: Column(2) }, cell: Empty }, SourceCell { address: Cell { row: Row(1), column: Column(3) }, cell: Empty }, SourceCell { address: Cell { row: Row(1), column: Column(4) }, cell: Empty }, SourceCell { address: Cell { row: Row(2), column: Column(1) }, cell: Value(Text("All States")) }, SourceCell { address: Cell { row: Row(2), column: Column(2) }, cell: Empty }, SourceCell { address: Cell { row: Row(2), column: Column(3) }, cell: Empty }, SourceCell { address: Cell { row: Row(2), column: Column(4) }, cell: Empty }, SourceCell { address: Cell { row: Row(3), column: Column(1) }, cell: Empty }, SourceCell { address: Cell { row: Row(3), column: Column(2) }, cell: Empty }, SourceCell { address: Cell { row: Row(3), column: Column(3) }, cell: Empty }, SourceCell { address: Cell { row: Row(3), column: Column(4) }, cell: Empty }, SourceCell { address: Cell { row: Row(4), column: Column(1) }, cell: Formula(Formula { text: "B3&\" Summary by year\"", kind: Scalar, cached: Some(Cache { value: Text("All States Summary by year"), origin: Stored, freshness: Unknown }) }) }, SourceCell { address: Cell { row: Row(4), column: Column(2) }, cell: Empty }])
test-data/ooxml/xlsx/StructuredRefs-lots-with-lookups.xlsx	Profile	A2	cell	A-base	reads=12	bytes=7729	Err(Invalid("worksheet mergeCells appears before sheetData"))
test-data/ooxml/xlsx/StructuredRefs-lots-with-lookups.xlsx	Profile	A2	cell	B-fix	reads=21	bytes=42158	Ok(Missing)
test-data/ooxml/xlsx/StructuredRefs-lots-with-lookups.xlsx	Profile	A2	cell	C-fix+gate	reads=21	bytes=42158	Ok(Missing)
test-data/ooxml/xlsx/StructuredRefs-lots-with-lookups.xlsx	Profile	AA1	cell	A-base	reads=12	bytes=7729	Err(Invalid("worksheet mergeCells appears before sheetData"))
test-data/ooxml/xlsx/StructuredRefs-lots-with-lookups.xlsx	Profile	AA1	cell	B-fix	reads=21	bytes=42158	Ok(Missing)
test-data/ooxml/xlsx/StructuredRefs-lots-with-lookups.xlsx	Profile	AA1	cell	C-fix+gate	reads=21	bytes=42158	Ok(Missing)
test-data/ooxml/xlsx/StructuredRefs-lots-with-lookups.xlsx	Profile	B1	cell	A-base	reads=12	bytes=7729	Err(Invalid("worksheet mergeCells appears before sheetData"))
test-data/ooxml/xlsx/StructuredRefs-lots-with-lookups.xlsx	Profile	B1	cell	B-fix	reads=21	bytes=42158	Ok(Missing)
test-data/ooxml/xlsx/StructuredRefs-lots-with-lookups.xlsx	Profile	B1	cell	C-fix+gate	reads=21	bytes=42158	Ok(Missing)
test-data/ooxml/xlsx/StructuredRefs-lots-with-lookups.xlsx	Profile	B1:B50	cells	A-base	reads=12	bytes=7729	Err(Invalid("worksheet mergeCells appears before sheetData"))
test-data/ooxml/xlsx/StructuredRefs-lots-with-lookups.xlsx	Profile	B1:B50	cells	B-fix	reads=21	bytes=42158	Ok([SourceCell { address: Cell { row: Row(1), column: Column(1) }, cell: Value(Text("SELECT Something")) }, SourceCell { address: Cell { row: Row(2), column: Column(1) }, cell: Value(Text("All States")) }, SourceCell { address: Cell { row: Row(3), column: Column(1) }, cell: Empty }, SourceCell { address: Cell { row: Row(4), column: Column(1) }, cell: Formula(Formula { text: "B3&\" Summary by year\"", kind: Scalar, cached: Some(Cache { value: Text("All States Summary by year"), origin: Stored, freshness: Unknown }) }) }, SourceCell { address: Cell { row: Row(6), column: Column(1) }, cell: Value(Text("Year")) }, SourceCell { address: Cell { row: Row(7), column: Column(1) }, cell: Value(Number(Number("2000"))) }, SourceCell { address: Cell { row: Row(8), column: Column(1) }, cell: Value(Number(Number("2001"))) }, SourceCell { address: Cell { row: Row(9), column: Column(1) }, cell: Value(Number(Number("2002"))) }, SourceCell { address: Cell { row: Row(10), column: Column(1) }, cell: Value(Number(Number("2003"))) }, SourceCell { address: Cell { row: Row(11), column: Column(1) }, cell: Value(Number(Number("2004"))) }, SourceCell { address: Cell { row: Row(12), column: Column(1) }, cell: Value(Number(Number("2005"))) }, SourceCell { address: Cell { row: Row(13), column: Column(1) }, cell: Value(Number(Number("2006"))) }, SourceCell { address: Cell { row: Row(14), column: Column(1) }, cell: Value(Number(Number("2007"))) }, SourceCell { address: Cell { row: Row(15), column: Column(1) }, cell: Value(Number(Number("2008"))) }, SourceCell { address: Cell { row: Row(16), column: Column(1) }, cell: Value(Number(Number("2009"))) }, SourceCell { address: Cell { row: Row(17), column: Column(1) }, cell: Value(Number(Number("2010"))) }, SourceCell { address: Cell { row: Row(18), column: Column(1) }, cell: Value(Number(Number("2011"))) }, SourceCell { address: Cell { row: Row(19), column: Column(1) }, cell: Value(Number(Number("2012"))) }, SourceCell { address: Cell { row: Row(20), column: Column(1) }, cell: Value(Number(Number("2013"))) }, SourceCell { address: Cell { row: Row(22), column: Column(1) }, cell: Empty }, SourceCell { address: Cell { row: Row(23), column: Column(1) }, cell: Value(Number(Number("2000"))) }, SourceCell { address: Cell { row: Row(24), column: Column(1) }, cell: Value(Number(Number("2001"))) }, SourceCell { address: Cell { row: Row(25), column: Column(1) }, cell: Value(Number(Number("2002"))) }, SourceCell { address: Cell { row: Row(26), column: Column(1) }, cell: Value(Number(Number("2003"))) }, SourceCell { address: Cell { row: Row(27), column: Column(1) }, cell: Value(Number(Number("2004"))) }, SourceCell { address: Cell { row: Row(28), column: Column(1) }, cell: Value(Number(Number("2005"))) }, SourceCell { address: Cell { row: Row(29), column: Column(1) }, cell: Value(Number(Number("2006"))) }, SourceCell { address: Cell { row: Row(30), column: Column(1) }, cell: Value(Number(Number("2007"))) }, SourceCell { address: Cell { row: Row(31), column: Column(1) }, cell: Value(Number(Number("2008"))) }, SourceCell { address: Cell { row: Row(32), column: Column(1) }, cell: Value(Number(Number("2009"))) }, SourceCell { address: Cell { row: Row(33), column: Column(1) }, cell: Value(Number(Number("2010"))) }, SourceCell { address: Cell { row: Row(34), column: Column(1) }, cell: Value(Number(Number("2011"))) }, SourceCell { address: Cell { row: Row(35), column: Column(1) }, cell: Value(Number(Number("2012"))) }, SourceCell { address: Cell { row: Row(36), column: Column(1) }, cell: Value(Number(Number("2013"))) }])
test-data/ooxml/xlsx/StructuredRefs-lots-with-lookups.xlsx	Profile	B1:B50	cells	C-fix+gate	reads=21	bytes=42158	Ok([SourceCell { address: Cell { row: Row(1), column: Column(1) }, cell: Value(Text("SELECT Something")) }, SourceCell { address: Cell { row: Row(2), column: Column(1) }, cell: Value(Text("All States")) }, SourceCell { address: Cell { row: Row(3), column: Column(1) }, cell: Empty }, SourceCell { address: Cell { row: Row(4), column: Column(1) }, cell: Formula(Formula { text: "B3&\" Summary by year\"", kind: Scalar, cached: Some(Cache { value: Text("All States Summary by year"), origin: Stored, freshness: Unknown }) }) }, SourceCell { address: Cell { row: Row(6), column: Column(1) }, cell: Value(Text("Year")) }, SourceCell { address: Cell { row: Row(7), column: Column(1) }, cell: Value(Number(Number("2000"))) }, SourceCell { address: Cell { row: Row(8), column: Column(1) }, cell: Value(Number(Number("2001"))) }, SourceCell { address: Cell { row: Row(9), column: Column(1) }, cell: Value(Number(Number("2002"))) }, SourceCell { address: Cell { row: Row(10), column: Column(1) }, cell: Value(Number(Number("2003"))) }, SourceCell { address: Cell { row: Row(11), column: Column(1) }, cell: Value(Number(Number("2004"))) }, SourceCell { address: Cell { row: Row(12), column: Column(1) }, cell: Value(Number(Number("2005"))) }, SourceCell { address: Cell { row: Row(13), column: Column(1) }, cell: Value(Number(Number("2006"))) }, SourceCell { address: Cell { row: Row(14), column: Column(1) }, cell: Value(Number(Number("2007"))) }, SourceCell { address: Cell { row: Row(15), column: Column(1) }, cell: Value(Number(Number("2008"))) }, SourceCell { address: Cell { row: Row(16), column: Column(1) }, cell: Value(Number(Number("2009"))) }, SourceCell { address: Cell { row: Row(17), column: Column(1) }, cell: Value(Number(Number("2010"))) }, SourceCell { address: Cell { row: Row(18), column: Column(1) }, cell: Value(Number(Number("2011"))) }, SourceCell { address: Cell { row: Row(19), column: Column(1) }, cell: Value(Number(Number("2012"))) }, SourceCell { address: Cell { row: Row(20), column: Column(1) }, cell: Value(Number(Number("2013"))) }, SourceCell { address: Cell { row: Row(22), column: Column(1) }, cell: Empty }, SourceCell { address: Cell { row: Row(23), column: Column(1) }, cell: Value(Number(Number("2000"))) }, SourceCell { address: Cell { row: Row(24), column: Column(1) }, cell: Value(Number(Number("2001"))) }, SourceCell { address: Cell { row: Row(25), column: Column(1) }, cell: Value(Number(Number("2002"))) }, SourceCell { address: Cell { row: Row(26), column: Column(1) }, cell: Value(Number(Number("2003"))) }, SourceCell { address: Cell { row: Row(27), column: Column(1) }, cell: Value(Number(Number("2004"))) }, SourceCell { address: Cell { row: Row(28), column: Column(1) }, cell: Value(Number(Number("2005"))) }, SourceCell { address: Cell { row: Row(29), column: Column(1) }, cell: Value(Number(Number("2006"))) }, SourceCell { address: Cell { row: Row(30), column: Column(1) }, cell: Value(Number(Number("2007"))) }, SourceCell { address: Cell { row: Row(31), column: Column(1) }, cell: Value(Number(Number("2008"))) }, SourceCell { address: Cell { row: Row(32), column: Column(1) }, cell: Value(Number(Number("2009"))) }, SourceCell { address: Cell { row: Row(33), column: Column(1) }, cell: Value(Number(Number("2010"))) }, SourceCell { address: Cell { row: Row(34), column: Column(1) }, cell: Value(Number(Number("2011"))) }, SourceCell { address: Cell { row: Row(35), column: Column(1) }, cell: Value(Number(Number("2012"))) }, SourceCell { address: Cell { row: Row(36), column: Column(1) }, cell: Value(Number(Number("2013"))) }])
test-data/ooxml/xlsx/StructuredRefs-lots-with-lookups.xlsx	Profile	B2	cell	A-base	reads=12	bytes=7729	Err(Invalid("worksheet mergeCells appears before sheetData"))
test-data/ooxml/xlsx/StructuredRefs-lots-with-lookups.xlsx	Profile	B2	cell	B-fix	reads=21	bytes=42158	Ok(Stored(Value(Text("SELECT Something"))))
test-data/ooxml/xlsx/StructuredRefs-lots-with-lookups.xlsx	Profile	B2	cell	C-fix+gate	reads=21	bytes=42158	Ok(Stored(Value(Text("SELECT Something"))))
test-data/ooxml/xlsx/StructuredRefs-lots-with-lookups.xlsx	Profile	BA50	cell	A-base	reads=12	bytes=7729	Err(Invalid("worksheet mergeCells appears before sheetData"))
test-data/ooxml/xlsx/StructuredRefs-lots-with-lookups.xlsx	Profile	BA50	cell	B-fix	reads=21	bytes=42158	Ok(Missing)
test-data/ooxml/xlsx/StructuredRefs-lots-with-lookups.xlsx	Profile	BA50	cell	C-fix+gate	reads=21	bytes=42158	Ok(Missing)
test-data/ooxml/xlsx/StructuredRefs-lots-with-lookups.xlsx	Profile	C3	cell	A-base	reads=12	bytes=7729	Err(Invalid("worksheet mergeCells appears before sheetData"))
test-data/ooxml/xlsx/StructuredRefs-lots-with-lookups.xlsx	Profile	C3	cell	B-fix	reads=21	bytes=42158	Ok(Covered(Rect { start: Cell { row: Row(2), column: Column(1) }, end_row: 3, end_column: 3 }))
test-data/ooxml/xlsx/StructuredRefs-lots-with-lookups.xlsx	Profile	C3	cell	C-fix+gate	reads=21	bytes=42158	Ok(Covered(Rect { start: Cell { row: Row(2), column: Column(1) }, end_row: 3, end_column: 3 }))
test-data/ooxml/xlsx/StructuredRefs-lots-with-lookups.xlsx	Profile	D4	cell	A-base	reads=12	bytes=7729	Err(Invalid("worksheet mergeCells appears before sheetData"))
test-data/ooxml/xlsx/StructuredRefs-lots-with-lookups.xlsx	Profile	D4	cell	B-fix	reads=21	bytes=42158	Ok(Stored(Empty))
test-data/ooxml/xlsx/StructuredRefs-lots-with-lookups.xlsx	Profile	D4	cell	C-fix+gate	reads=21	bytes=42158	Ok(Stored(Empty))
test-data/ooxml/xlsx/StructuredRefs-lots-with-lookups.xlsx	Profile	E5	cell	A-base	reads=12	bytes=7729	Err(Invalid("worksheet mergeCells appears before sheetData"))
test-data/ooxml/xlsx/StructuredRefs-lots-with-lookups.xlsx	Profile	E5	cell	B-fix	reads=21	bytes=42158	Ok(Missing)
test-data/ooxml/xlsx/StructuredRefs-lots-with-lookups.xlsx	Profile	E5	cell	C-fix+gate	reads=21	bytes=42158	Ok(Missing)
test-data/ooxml/xlsx/StructuredRefs-lots-with-lookups.xlsx	Profile	H680	cell	A-base	reads=12	bytes=7729	Err(Invalid("worksheet mergeCells appears before sheetData"))
test-data/ooxml/xlsx/StructuredRefs-lots-with-lookups.xlsx	Profile	H680	cell	B-fix	reads=21	bytes=42158	Ok(Missing)
test-data/ooxml/xlsx/StructuredRefs-lots-with-lookups.xlsx	Profile	H680	cell	C-fix+gate	reads=21	bytes=42158	Ok(Missing)
test-data/ooxml/xlsx/StructuredRefs-lots-with-lookups.xlsx	Profile	M29	cell	A-base	reads=12	bytes=7729	Err(Invalid("worksheet mergeCells appears before sheetData"))
test-data/ooxml/xlsx/StructuredRefs-lots-with-lookups.xlsx	Profile	M29	cell	B-fix	reads=21	bytes=42158	Ok(Missing)
test-data/ooxml/xlsx/StructuredRefs-lots-with-lookups.xlsx	Profile	M29	cell	C-fix+gate	reads=21	bytes=42158	Ok(Missing)
test-data/ooxml/xlsx/StructuredRefs-lots-with-lookups.xlsx	Profile	Z100	cell	A-base	reads=12	bytes=7729	Err(Invalid("worksheet mergeCells appears before sheetData"))
test-data/ooxml/xlsx/StructuredRefs-lots-with-lookups.xlsx	Profile	Z100	cell	B-fix	reads=21	bytes=42158	Ok(Missing)
test-data/ooxml/xlsx/StructuredRefs-lots-with-lookups.xlsx	Profile	Z100	cell	C-fix+gate	reads=21	bytes=42158	Ok(Missing)
test-data/ooxml/xlsx/Tables.xlsx	Exp1	A1	cell	A-base	reads=22	bytes=3244	Err(Invalid("worksheet mergeCells appears before sheetData"))
test-data/ooxml/xlsx/Tables.xlsx	Exp1	A1	cell	B-fix	reads=31	bytes=9987	Ok(Stored(Value(Text("(ii) Examples Showing the Effects of the Budget changes on Different Categories of Single and Married Taxpayers"))))
test-data/ooxml/xlsx/Tables.xlsx	Exp1	A1	cell	C-fix+gate	reads=31	bytes=9987	Ok(Stored(Value(Text("(ii) Examples Showing the Effects of the Budget changes on Different Categories of Single and Married Taxpayers"))))
test-data/ooxml/xlsx/Tables.xlsx	Exp1	A1:E5	cells	A-base	reads=22	bytes=3244	Err(Invalid("worksheet mergeCells appears before sheetData"))
test-data/ooxml/xlsx/Tables.xlsx	Exp1	A1:E5	cells	B-fix	reads=31	bytes=9987	Ok([SourceCell { address: Cell { row: Row(0), column: Column(0) }, cell: Value(Text("(ii) Examples Showing the Effects of the Budget changes on Different Categories of Single and Married Taxpayers")) }, SourceCell { address: Cell { row: Row(0), column: Column(1) }, cell: Empty }, SourceCell { address: Cell { row: Row(0), column: Column(2) }, cell: Empty }, SourceCell { address: Cell { row: Row(0), column: Column(3) }, cell: Empty }, SourceCell { address: Cell { row: Row(0), column: Column(4) }, cell: Empty }, SourceCell { address: Cell { row: Row(1), column: Column(0) }, cell: Empty }, SourceCell { address: Cell { row: Row(1), column: Column(1) }, cell: Empty }, SourceCell { address: Cell { row: Row(1), column: Column(2) }, cell: Empty }, SourceCell { address: Cell { row: Row(1), column: Column(3) }, cell: Empty }, SourceCell { address: Cell { row: Row(1), column: Column(4) }, cell: Empty }, SourceCell { address: Cell { row: Row(2), column: Column(0) }, cell: Empty }, SourceCell { address: Cell { row: Row(2), column: Column(1) }, cell: Empty }, SourceCell { address: Cell { row: Row(2), column: Column(2) }, cell: Empty }, SourceCell { address: Cell { row: Row(2), column: Column(3) }, cell: Empty }, SourceCell { address: Cell { row: Row(2), column: Column(4) }, cell: Empty }, SourceCell { address: Cell { row: Row(3), column: Column(0) }, cell: Value(Text("EXAMPLE 1")) }, SourceCell { address: Cell { row: Row(3), column: Column(1) }, cell: Empty }, SourceCell { address: Cell { row: Row(3), column: Column(2) }, cell: Empty }, SourceCell { address: Cell { row: Row(3), column: Column(3) }, cell: Empty }, SourceCell { address: Cell { row: Row(3), column: Column(4) }, cell: Empty }, SourceCell { address: Cell { row: Row(4), column: Column(0) }, cell: Value(Text("Married couple, one income, no children taxed under PAYE ")) }, SourceCell { address: Cell { row: Row(4), column: Column(1) }, cell: Empty }, SourceCell { address: Cell { row: Row(4), column: Column(2) }, cell: Empty }, SourceCell { address: Cell { row: Row(4), column: Column(3) }, cell: Empty }, SourceCell { address: Cell { row: Row(4), column: Column(4) }, cell: Empty }])
test-data/ooxml/xlsx/Tables.xlsx	Exp1	A1:E5	cells	C-fix+gate	reads=31	bytes=9987	Ok([SourceCell { address: Cell { row: Row(0), column: Column(0) }, cell: Value(Text("(ii) Examples Showing the Effects of the Budget changes on Different Categories of Single and Married Taxpayers")) }, SourceCell { address: Cell { row: Row(0), column: Column(1) }, cell: Empty }, SourceCell { address: Cell { row: Row(0), column: Column(2) }, cell: Empty }, SourceCell { address: Cell { row: Row(0), column: Column(3) }, cell: Empty }, SourceCell { address: Cell { row: Row(0), column: Column(4) }, cell: Empty }, SourceCell { address: Cell { row: Row(1), column: Column(0) }, cell: Empty }, SourceCell { address: Cell { row: Row(1), column: Column(1) }, cell: Empty }, SourceCell { address: Cell { row: Row(1), column: Column(2) }, cell: Empty }, SourceCell { address: Cell { row: Row(1), column: Column(3) }, cell: Empty }, SourceCell { address: Cell { row: Row(1), column: Column(4) }, cell: Empty }, SourceCell { address: Cell { row: Row(2), column: Column(0) }, cell: Empty }, SourceCell { address: Cell { row: Row(2), column: Column(1) }, cell: Empty }, SourceCell { address: Cell { row: Row(2), column: Column(2) }, cell: Empty }, SourceCell { address: Cell { row: Row(2), column: Column(3) }, cell: Empty }, SourceCell { address: Cell { row: Row(2), column: Column(4) }, cell: Empty }, SourceCell { address: Cell { row: Row(3), column: Column(0) }, cell: Value(Text("EXAMPLE 1")) }, SourceCell { address: Cell { row: Row(3), column: Column(1) }, cell: Empty }, SourceCell { address: Cell { row: Row(3), column: Column(2) }, cell: Empty }, SourceCell { address: Cell { row: Row(3), column: Column(3) }, cell: Empty }, SourceCell { address: Cell { row: Row(3), column: Column(4) }, cell: Empty }, SourceCell { address: Cell { row: Row(4), column: Column(0) }, cell: Value(Text("Married couple, one income, no children taxed under PAYE ")) }, SourceCell { address: Cell { row: Row(4), column: Column(1) }, cell: Empty }, SourceCell { address: Cell { row: Row(4), column: Column(2) }, cell: Empty }, SourceCell { address: Cell { row: Row(4), column: Column(3) }, cell: Empty }, SourceCell { address: Cell { row: Row(4), column: Column(4) }, cell: Empty }])
test-data/ooxml/xlsx/Tables.xlsx	Exp1	A2	cell	A-base	reads=22	bytes=3244	Err(Invalid("worksheet mergeCells appears before sheetData"))
test-data/ooxml/xlsx/Tables.xlsx	Exp1	A2	cell	B-fix	reads=31	bytes=9987	Ok(Stored(Empty))
test-data/ooxml/xlsx/Tables.xlsx	Exp1	A2	cell	C-fix+gate	reads=31	bytes=9987	Ok(Stored(Empty))
test-data/ooxml/xlsx/Tables.xlsx	Exp1	AA1	cell	A-base	reads=22	bytes=3244	Err(Invalid("worksheet mergeCells appears before sheetData"))
test-data/ooxml/xlsx/Tables.xlsx	Exp1	AA1	cell	B-fix	reads=31	bytes=9987	Ok(Missing)
test-data/ooxml/xlsx/Tables.xlsx	Exp1	AA1	cell	C-fix+gate	reads=31	bytes=9987	Ok(Missing)
test-data/ooxml/xlsx/Tables.xlsx	Exp1	B1	cell	A-base	reads=22	bytes=3244	Err(Invalid("worksheet mergeCells appears before sheetData"))
test-data/ooxml/xlsx/Tables.xlsx	Exp1	B1	cell	B-fix	reads=31	bytes=9987	Ok(Stored(Empty))
test-data/ooxml/xlsx/Tables.xlsx	Exp1	B1	cell	C-fix+gate	reads=31	bytes=9987	Ok(Stored(Empty))
test-data/ooxml/xlsx/Tables.xlsx	Exp1	B1:B50	cells	A-base	reads=22	bytes=3244	Err(Invalid("worksheet mergeCells appears before sheetData"))
test-data/ooxml/xlsx/Tables.xlsx	Exp1	B1:B50	cells	B-fix	reads=31	bytes=9987	Ok([SourceCell { address: Cell { row: Row(0), column: Column(1) }, cell: Empty }, SourceCell { address: Cell { row: Row(1), column: Column(1) }, cell: Empty }, SourceCell { address: Cell { row: Row(2), column: Column(1) }, cell: Empty }, SourceCell { address: Cell { row: Row(3), column: Column(1) }, cell: Empty }, SourceCell { address: Cell { row: Row(4), column: Column(1) }, cell: Empty }, SourceCell { address: Cell { row: Row(5), column: Column(1) }, cell: Empty }, SourceCell { address: Cell { row: Row(6), column: Column(1) }, cell: Value(Text("PRSI Liability")) }, SourceCell { address: Cell { row: Row(7), column: Column(1) }, cell: Value(Text("Existing")) }, SourceCell { address: Cell { row: Row(8), column: Column(1) }, cell: Empty }, SourceCell { address: Cell { row: Row(9), column: Column(1) }, cell: Value(Text("€")) }, SourceCell { address: Cell { row: Row(10), column: Column(1) }, cell: Value(Number(Number("435.84"))) }, SourceCell { address: Cell { row: Row(11), column: Column(1) }, cell: Value(Number(Number("734.24"))) }, SourceCell { address: Cell { row: Row(12), column: Column(1) }, cell: Value(Number(Number("935.84"))) }, SourceCell { address: Cell { row: Row(13), column: Column(1) }, cell: Value(Number(Number("1135.8399999999999"))) }, SourceCell { address: Cell { row: Row(14), column: Column(1) }, cell: Value(Number(Number("1335.84"))) }, SourceCell { address: Cell { row: Row(15), column: Column(1) }, cell: Value(Number(Number("1535.84"))) }, SourceCell { address: Cell { row: Row(16), column: Column(1) }, cell: Value(Number(Number("1615.08"))) }, SourceCell { address: Cell { row: Row(17), column: Column(1) }, cell: Value(Number(Number("1655.72"))) }, SourceCell { address: Cell { row: Row(18), column: Column(1) }, cell: Value(Number(Number("1706.52"))) }, SourceCell { address: Cell { row: Row(19), column: Column(1) }, cell: Value(Number(Number("1737"))) }, SourceCell { address: Cell { row: Row(20), column: Column(1) }, cell: Value(Number(Number("1757.32"))) }, SourceCell { address: Cell { row: Row(21), column: Column(1) }, cell: Value(Number(Number("1797.96"))) }, SourceCell { address: Cell { row: Row(22), column: Column(1) }, cell: Empty }, SourceCell { address: Cell { row: Row(25), column: Column(1) }, cell: Empty }])
test-data/ooxml/xlsx/Tables.xlsx	Exp1	B1:B50	cells	C-fix+gate	reads=31	bytes=9987	Ok([SourceCell { address: Cell { row: Row(0), column: Column(1) }, cell: Empty }, SourceCell { address: Cell { row: Row(1), column: Column(1) }, cell: Empty }, SourceCell { address: Cell { row: Row(2), column: Column(1) }, cell: Empty }, SourceCell { address: Cell { row: Row(3), column: Column(1) }, cell: Empty }, SourceCell { address: Cell { row: Row(4), column: Column(1) }, cell: Empty }, SourceCell { address: Cell { row: Row(5), column: Column(1) }, cell: Empty }, SourceCell { address: Cell { row: Row(6), column: Column(1) }, cell: Value(Text("PRSI Liability")) }, SourceCell { address: Cell { row: Row(7), column: Column(1) }, cell: Value(Text("Existing")) }, SourceCell { address: Cell { row: Row(8), column: Column(1) }, cell: Empty }, SourceCell { address: Cell { row: Row(9), column: Column(1) }, cell: Value(Text("€")) }, SourceCell { address: Cell { row: Row(10), column: Column(1) }, cell: Value(Number(Number("435.84"))) }, SourceCell { address: Cell { row: Row(11), column: Column(1) }, cell: Value(Number(Number("734.24"))) }, SourceCell { address: Cell { row: Row(12), column: Column(1) }, cell: Value(Number(Number("935.84"))) }, SourceCell { address: Cell { row: Row(13), column: Column(1) }, cell: Value(Number(Number("1135.8399999999999"))) }, SourceCell { address: Cell { row: Row(14), column: Column(1) }, cell: Value(Number(Number("1335.84"))) }, SourceCell { address: Cell { row: Row(15), column: Column(1) }, cell: Value(Number(Number("1535.84"))) }, SourceCell { address: Cell { row: Row(16), column: Column(1) }, cell: Value(Number(Number("1615.08"))) }, SourceCell { address: Cell { row: Row(17), column: Column(1) }, cell: Value(Number(Number("1655.72"))) }, SourceCell { address: Cell { row: Row(18), column: Column(1) }, cell: Value(Number(Number("1706.52"))) }, SourceCell { address: Cell { row: Row(19), column: Column(1) }, cell: Value(Number(Number("1737"))) }, SourceCell { address: Cell { row: Row(20), column: Column(1) }, cell: Value(Number(Number("1757.32"))) }, SourceCell { address: Cell { row: Row(21), column: Column(1) }, cell: Value(Number(Number("1797.96"))) }, SourceCell { address: Cell { row: Row(22), column: Column(1) }, cell: Empty }, SourceCell { address: Cell { row: Row(25), column: Column(1) }, cell: Empty }])
test-data/ooxml/xlsx/Tables.xlsx	Exp1	B2	cell	A-base	reads=22	bytes=3244	Err(Invalid("worksheet mergeCells appears before sheetData"))
test-data/ooxml/xlsx/Tables.xlsx	Exp1	B2	cell	B-fix	reads=31	bytes=9987	Ok(Stored(Empty))
test-data/ooxml/xlsx/Tables.xlsx	Exp1	B2	cell	C-fix+gate	reads=31	bytes=9987	Ok(Stored(Empty))
test-data/ooxml/xlsx/Tables.xlsx	Exp1	BA50	cell	A-base	reads=22	bytes=3244	Err(Invalid("worksheet mergeCells appears before sheetData"))
test-data/ooxml/xlsx/Tables.xlsx	Exp1	BA50	cell	B-fix	reads=31	bytes=9987	Ok(Missing)
test-data/ooxml/xlsx/Tables.xlsx	Exp1	BA50	cell	C-fix+gate	reads=31	bytes=9987	Ok(Missing)
test-data/ooxml/xlsx/Tables.xlsx	Exp1	C3	cell	A-base	reads=22	bytes=3244	Err(Invalid("worksheet mergeCells appears before sheetData"))
test-data/ooxml/xlsx/Tables.xlsx	Exp1	C3	cell	B-fix	reads=31	bytes=9987	Ok(Stored(Empty))
test-data/ooxml/xlsx/Tables.xlsx	Exp1	C3	cell	C-fix+gate	reads=31	bytes=9987	Ok(Stored(Empty))
test-data/ooxml/xlsx/Tables.xlsx	Exp1	D4	cell	A-base	reads=22	bytes=3244	Err(Invalid("worksheet mergeCells appears before sheetData"))
test-data/ooxml/xlsx/Tables.xlsx	Exp1	D4	cell	B-fix	reads=31	bytes=9987	Ok(Covered(Rect { start: Cell { row: Row(3), column: Column(0) }, end_row: 4, end_column: 10 }))
test-data/ooxml/xlsx/Tables.xlsx	Exp1	D4	cell	C-fix+gate	reads=31	bytes=9987	Ok(Covered(Rect { start: Cell { row: Row(3), column: Column(0) }, end_row: 4, end_column: 10 }))
test-data/ooxml/xlsx/Tables.xlsx	Exp1	E5	cell	A-base	reads=22	bytes=3244	Err(Invalid("worksheet mergeCells appears before sheetData"))
test-data/ooxml/xlsx/Tables.xlsx	Exp1	E5	cell	B-fix	reads=31	bytes=9987	Ok(Covered(Rect { start: Cell { row: Row(4), column: Column(0) }, end_row: 5, end_column: 10 }))
test-data/ooxml/xlsx/Tables.xlsx	Exp1	E5	cell	C-fix+gate	reads=31	bytes=9987	Ok(Covered(Rect { start: Cell { row: Row(4), column: Column(0) }, end_row: 5, end_column: 10 }))
test-data/ooxml/xlsx/Tables.xlsx	Exp1	H680	cell	A-base	reads=22	bytes=3244	Err(Invalid("worksheet mergeCells appears before sheetData"))
test-data/ooxml/xlsx/Tables.xlsx	Exp1	H680	cell	B-fix	reads=31	bytes=9987	Ok(Missing)
test-data/ooxml/xlsx/Tables.xlsx	Exp1	H680	cell	C-fix+gate	reads=31	bytes=9987	Ok(Missing)
test-data/ooxml/xlsx/Tables.xlsx	Exp1	M29	cell	A-base	reads=22	bytes=3244	Err(Invalid("worksheet mergeCells appears before sheetData"))
test-data/ooxml/xlsx/Tables.xlsx	Exp1	M29	cell	B-fix	reads=31	bytes=9987	Ok(Missing)
test-data/ooxml/xlsx/Tables.xlsx	Exp1	M29	cell	C-fix+gate	reads=31	bytes=9987	Ok(Missing)
test-data/ooxml/xlsx/Tables.xlsx	Exp1	Z100	cell	A-base	reads=22	bytes=3244	Err(Invalid("worksheet mergeCells appears before sheetData"))
test-data/ooxml/xlsx/Tables.xlsx	Exp1	Z100	cell	B-fix	reads=31	bytes=9987	Ok(Missing)
test-data/ooxml/xlsx/Tables.xlsx	Exp1	Z100	cell	C-fix+gate	reads=31	bytes=9987	Ok(Missing)
test-data/ooxml/xlsx/Tables.xlsx	Exp2 (2)	A1	cell	A-base	reads=12	bytes=3810	Err(Invalid("worksheet mergeCells appears before sheetData"))
test-data/ooxml/xlsx/Tables.xlsx	Exp2 (2)	A1	cell	B-fix	reads=21	bytes=11419	Ok(Missing)
test-data/ooxml/xlsx/Tables.xlsx	Exp2 (2)	A1	cell	C-fix+gate	reads=21	bytes=11419	Ok(Missing)
test-data/ooxml/xlsx/Tables.xlsx	Exp2 (2)	A1:E5	cells	A-base	reads=12	bytes=3810	Err(Invalid("worksheet mergeCells appears before sheetData"))
test-data/ooxml/xlsx/Tables.xlsx	Exp2 (2)	A1:E5	cells	B-fix	reads=21	bytes=11419	Ok([SourceCell { address: Cell { row: Row(3), column: Column(0) }, cell: Value(Text("Example 2")) }, SourceCell { address: Cell { row: Row(3), column: Column(1) }, cell: Empty }, SourceCell { address: Cell { row: Row(3), column: Column(2) }, cell: Empty }, SourceCell { address: Cell { row: Row(3), column: Column(3) }, cell: Empty }, SourceCell { address: Cell { row: Row(3), column: Column(4) }, cell: Empty }, SourceCell { address: Cell { row: Row(4), column: Column(0) }, cell: Value(Text("Married couple, one income, two children (under the age of six) taxed under PAYE")) }, SourceCell { address: Cell { row: Row(4), column: Column(1) }, cell: Empty }, SourceCell { address: Cell { row: Row(4), column: Column(2) }, cell: Empty }, SourceCell { address: Cell { row: Row(4), column: Column(3) }, cell: Empty }, SourceCell { address: Cell { row: Row(4), column: Column(4) }, cell: Empty }])
test-data/ooxml/xlsx/Tables.xlsx	Exp2 (2)	A1:E5	cells	C-fix+gate	reads=21	bytes=11419	Ok([SourceCell { address: Cell { row: Row(3), column: Column(0) }, cell: Value(Text("Example 2")) }, SourceCell { address: Cell { row: Row(3), column: Column(1) }, cell: Empty }, SourceCell { address: Cell { row: Row(3), column: Column(2) }, cell: Empty }, SourceCell { address: Cell { row: Row(3), column: Column(3) }, cell: Empty }, SourceCell { address: Cell { row: Row(3), column: Column(4) }, cell: Empty }, SourceCell { address: Cell { row: Row(4), column: Column(0) }, cell: Value(Text("Married couple, one income, two children (under the age of six) taxed under PAYE")) }, SourceCell { address: Cell { row: Row(4), column: Column(1) }, cell: Empty }, SourceCell { address: Cell { row: Row(4), column: Column(2) }, cell: Empty }, SourceCell { address: Cell { row: Row(4), column: Column(3) }, cell: Empty }, SourceCell { address: Cell { row: Row(4), column: Column(4) }, cell: Empty }])
test-data/ooxml/xlsx/Tables.xlsx	Exp2 (2)	A2	cell	A-base	reads=12	bytes=3810	Err(Invalid("worksheet mergeCells appears before sheetData"))
test-data/ooxml/xlsx/Tables.xlsx	Exp2 (2)	A2	cell	B-fix	reads=21	bytes=11419	Ok(Missing)
test-data/ooxml/xlsx/Tables.xlsx	Exp2 (2)	A2	cell	C-fix+gate	reads=21	bytes=11419	Ok(Missing)
test-data/ooxml/xlsx/Tables.xlsx	Exp2 (2)	AA1	cell	A-base	reads=12	bytes=3810	Err(Invalid("worksheet mergeCells appears before sheetData"))
test-data/ooxml/xlsx/Tables.xlsx	Exp2 (2)	AA1	cell	B-fix	reads=21	bytes=11419	Ok(Missing)
test-data/ooxml/xlsx/Tables.xlsx	Exp2 (2)	AA1	cell	C-fix+gate	reads=21	bytes=11419	Ok(Missing)
test-data/ooxml/xlsx/Tables.xlsx	Exp2 (2)	B1	cell	A-base	reads=12	bytes=3810	Err(Invalid("worksheet mergeCells appears before sheetData"))
test-data/ooxml/xlsx/Tables.xlsx	Exp2 (2)	B1	cell	B-fix	reads=21	bytes=11419	Ok(Missing)
test-data/ooxml/xlsx/Tables.xlsx	Exp2 (2)	B1	cell	C-fix+gate	reads=21	bytes=11419	Ok(Missing)
test-data/ooxml/xlsx/Tables.xlsx	Exp2 (2)	B1:B50	cells	A-base	reads=12	bytes=3810	Err(Invalid("worksheet mergeCells appears before sheetData"))
test-data/ooxml/xlsx/Tables.xlsx	Exp2 (2)	B1:B50	cells	B-fix	reads=21	bytes=11419	Ok([SourceCell { address: Cell { row: Row(3), column: Column(1) }, cell: Empty }, SourceCell { address: Cell { row: Row(4), column: Column(1) }, cell: Empty }, SourceCell { address: Cell { row: Row(5), column: Column(1) }, cell: Empty }, SourceCell { address: Cell { row: Row(6), column: Column(1) }, cell: Value(Text("PRSI Liability")) }, SourceCell { address: Cell { row: Row(7), column: Column(1) }, cell: Value(Text("Existing")) }, SourceCell { address: Cell { row: Row(8), column: Column(1) }, cell: Empty }, SourceCell { address: Cell { row: Row(9), column: Column(1) }, cell: Value(Text("€")) }, SourceCell { address: Cell { row: Row(10), column: Column(1) }, cell: Value(Number(Number("435.84"))) }, SourceCell { address: Cell { row: Row(11), column: Column(1) }, cell: Value(Number(Number("734.24"))) }, SourceCell { address: Cell { row: Row(12), column: Column(1) }, cell: Value(Number(Number("935.84"))) }, SourceCell { address: Cell { row: Row(13), column: Column(1) }, cell: Value(Number(Number("1135.8399999999999"))) }, SourceCell { address: Cell { row: Row(14), column: Column(1) }, cell: Value(Number(Number("1335.84"))) }, SourceCell { address: Cell { row: Row(15), column: Column(1) }, cell: Value(Number(Number("1535.84"))) }, SourceCell { address: Cell { row: Row(16), column: Column(1) }, cell: Value(Number(Number("1615.08"))) }, SourceCell { address: Cell { row: Row(17), column: Column(1) }, cell: Value(Number(Number("1655.72"))) }, SourceCell { address: Cell { row: Row(18), column: Column(1) }, cell: Value(Number(Number("1706.52"))) }, SourceCell { address: Cell { row: Row(19), column: Column(1) }, cell: Value(Number(Number("1737"))) }, SourceCell { address: Cell { row: Row(20), column: Column(1) }, cell: Value(Number(Number("1757.32"))) }, SourceCell { address: Cell { row: Row(21), column: Column(1) }, cell: Value(Number(Number("1797.96"))) }, SourceCell { address: Cell { row: Row(22), column: Column(1) }, cell: Empty }, SourceCell { address: Cell { row: Row(23), column: Column(1) }, cell: Empty }, SourceCell { address: Cell { row: Row(24), column: Column(1) }, cell: Empty }, SourceCell { address: Cell { row: Row(25), column: Column(1) }, cell: Empty }, SourceCell { address: Cell { row: Row(26), column: Column(1) }, cell: Empty }, SourceCell { address: Cell { row: Row(27), column: Column(1) }, cell: Empty }, SourceCell { address: Cell { row: Row(28), column: Column(1) }, cell: Empty }, SourceCell { address: Cell { row: Row(29), column: Column(1) }, cell: Empty }, SourceCell { address: Cell { row: Row(30), column: Column(1) }, cell: Empty }, SourceCell { address: Cell { row: Row(31), column: Column(1) }, cell: Empty }, SourceCell { address: Cell { row: Row(32), column: Column(1) }, cell: Empty }])
test-data/ooxml/xlsx/Tables.xlsx	Exp2 (2)	B1:B50	cells	C-fix+gate	reads=21	bytes=11419	Ok([SourceCell { address: Cell { row: Row(3), column: Column(1) }, cell: Empty }, SourceCell { address: Cell { row: Row(4), column: Column(1) }, cell: Empty }, SourceCell { address: Cell { row: Row(5), column: Column(1) }, cell: Empty }, SourceCell { address: Cell { row: Row(6), column: Column(1) }, cell: Value(Text("PRSI Liability")) }, SourceCell { address: Cell { row: Row(7), column: Column(1) }, cell: Value(Text("Existing")) }, SourceCell { address: Cell { row: Row(8), column: Column(1) }, cell: Empty }, SourceCell { address: Cell { row: Row(9), column: Column(1) }, cell: Value(Text("€")) }, SourceCell { address: Cell { row: Row(10), column: Column(1) }, cell: Value(Number(Number("435.84"))) }, SourceCell { address: Cell { row: Row(11), column: Column(1) }, cell: Value(Number(Number("734.24"))) }, SourceCell { address: Cell { row: Row(12), column: Column(1) }, cell: Value(Number(Number("935.84"))) }, SourceCell { address: Cell { row: Row(13), column: Column(1) }, cell: Value(Number(Number("1135.8399999999999"))) }, SourceCell { address: Cell { row: Row(14), column: Column(1) }, cell: Value(Number(Number("1335.84"))) }, SourceCell { address: Cell { row: Row(15), column: Column(1) }, cell: Value(Number(Number("1535.84"))) }, SourceCell { address: Cell { row: Row(16), column: Column(1) }, cell: Value(Number(Number("1615.08"))) }, SourceCell { address: Cell { row: Row(17), column: Column(1) }, cell: Value(Number(Number("1655.72"))) }, SourceCell { address: Cell { row: Row(18), column: Column(1) }, cell: Value(Number(Number("1706.52"))) }, SourceCell { address: Cell { row: Row(19), column: Column(1) }, cell: Value(Number(Number("1737"))) }, SourceCell { address: Cell { row: Row(20), column: Column(1) }, cell: Value(Number(Number("1757.32"))) }, SourceCell { address: Cell { row: Row(21), column: Column(1) }, cell: Value(Number(Number("1797.96"))) }, SourceCell { address: Cell { row: Row(22), column: Column(1) }, cell: Empty }, SourceCell { address: Cell { row: Row(23), column: Column(1) }, cell: Empty }, SourceCell { address: Cell { row: Row(24), column: Column(1) }, cell: Empty }, SourceCell { address: Cell { row: Row(25), column: Column(1) }, cell: Empty }, SourceCell { address: Cell { row: Row(26), column: Column(1) }, cell: Empty }, SourceCell { address: Cell { row: Row(27), column: Column(1) }, cell: Empty }, SourceCell { address: Cell { row: Row(28), column: Column(1) }, cell: Empty }, SourceCell { address: Cell { row: Row(29), column: Column(1) }, cell: Empty }, SourceCell { address: Cell { row: Row(30), column: Column(1) }, cell: Empty }, SourceCell { address: Cell { row: Row(31), column: Column(1) }, cell: Empty }, SourceCell { address: Cell { row: Row(32), column: Column(1) }, cell: Empty }])
test-data/ooxml/xlsx/Tables.xlsx	Exp2 (2)	B2	cell	A-base	reads=12	bytes=3810	Err(Invalid("worksheet mergeCells appears before sheetData"))
test-data/ooxml/xlsx/Tables.xlsx	Exp2 (2)	B2	cell	B-fix	reads=21	bytes=11419	Ok(Missing)
test-data/ooxml/xlsx/Tables.xlsx	Exp2 (2)	B2	cell	C-fix+gate	reads=21	bytes=11419	Ok(Missing)
test-data/ooxml/xlsx/Tables.xlsx	Exp2 (2)	BA50	cell	A-base	reads=12	bytes=3810	Err(Invalid("worksheet mergeCells appears before sheetData"))
test-data/ooxml/xlsx/Tables.xlsx	Exp2 (2)	BA50	cell	B-fix	reads=21	bytes=11419	Ok(Missing)
test-data/ooxml/xlsx/Tables.xlsx	Exp2 (2)	BA50	cell	C-fix+gate	reads=21	bytes=11419	Ok(Missing)
test-data/ooxml/xlsx/Tables.xlsx	Exp2 (2)	C3	cell	A-base	reads=12	bytes=3810	Err(Invalid("worksheet mergeCells appears before sheetData"))
test-data/ooxml/xlsx/Tables.xlsx	Exp2 (2)	C3	cell	B-fix	reads=21	bytes=11419	Ok(Missing)
test-data/ooxml/xlsx/Tables.xlsx	Exp2 (2)	C3	cell	C-fix+gate	reads=21	bytes=11419	Ok(Missing)
test-data/ooxml/xlsx/Tables.xlsx	Exp2 (2)	D4	cell	A-base	reads=12	bytes=3810	Err(Invalid("worksheet mergeCells appears before sheetData"))
test-data/ooxml/xlsx/Tables.xlsx	Exp2 (2)	D4	cell	B-fix	reads=21	bytes=11419	Ok(Covered(Rect { start: Cell { row: Row(3), column: Column(0) }, end_row: 4, end_column: 13 }))
test-data/ooxml/xlsx/Tables.xlsx	Exp2 (2)	D4	cell	C-fix+gate	reads=21	bytes=11419	Ok(Covered(Rect { start: Cell { row: Row(3), column: Column(0) }, end_row: 4, end_column: 13 }))
test-data/ooxml/xlsx/Tables.xlsx	Exp2 (2)	E5	cell	A-base	reads=12	bytes=3810	Err(Invalid("worksheet mergeCells appears before sheetData"))
test-data/ooxml/xlsx/Tables.xlsx	Exp2 (2)	E5	cell	B-fix	reads=21	bytes=11419	Ok(Covered(Rect { start: Cell { row: Row(4), column: Column(0) }, end_row: 5, end_column: 13 }))
test-data/ooxml/xlsx/Tables.xlsx	Exp2 (2)	E5	cell	C-fix+gate	reads=21	bytes=11419	Ok(Covered(Rect { start: Cell { row: Row(4), column: Column(0) }, end_row: 5, end_column: 13 }))
test-data/ooxml/xlsx/Tables.xlsx	Exp2 (2)	H680	cell	A-base	reads=12	bytes=3810	Err(Invalid("worksheet mergeCells appears before sheetData"))
test-data/ooxml/xlsx/Tables.xlsx	Exp2 (2)	H680	cell	B-fix	reads=21	bytes=11419	Ok(Missing)
test-data/ooxml/xlsx/Tables.xlsx	Exp2 (2)	H680	cell	C-fix+gate	reads=21	bytes=11419	Ok(Missing)
test-data/ooxml/xlsx/Tables.xlsx	Exp2 (2)	M29	cell	A-base	reads=12	bytes=3810	Err(Invalid("worksheet mergeCells appears before sheetData"))
test-data/ooxml/xlsx/Tables.xlsx	Exp2 (2)	M29	cell	B-fix	reads=21	bytes=11419	Ok(Stored(Empty))
test-data/ooxml/xlsx/Tables.xlsx	Exp2 (2)	M29	cell	C-fix+gate	reads=21	bytes=11419	Ok(Stored(Empty))
test-data/ooxml/xlsx/Tables.xlsx	Exp2 (2)	Z100	cell	A-base	reads=12	bytes=3810	Err(Invalid("worksheet mergeCells appears before sheetData"))
test-data/ooxml/xlsx/Tables.xlsx	Exp2 (2)	Z100	cell	B-fix	reads=21	bytes=11419	Ok(Missing)
test-data/ooxml/xlsx/Tables.xlsx	Exp2 (2)	Z100	cell	C-fix+gate	reads=21	bytes=11419	Ok(Missing)
test-data/ooxml/xlsx/Tables.xlsx	Exp3 (2)	A1	cell	A-base	reads=21	bytes=3896	Err(Invalid("worksheet mergeCells appears before sheetData"))
test-data/ooxml/xlsx/Tables.xlsx	Exp3 (2)	A1	cell	B-fix	reads=30	bytes=11321	Ok(Stored(Value(Text("Example 3"))))
test-data/ooxml/xlsx/Tables.xlsx	Exp3 (2)	A1	cell	C-fix+gate	reads=30	bytes=11321	Ok(Stored(Value(Text("Example 3"))))
test-data/ooxml/xlsx/Tables.xlsx	Exp3 (2)	A1:E5	cells	A-base	reads=21	bytes=3896	Err(Invalid("worksheet mergeCells appears before sheetData"))
test-data/ooxml/xlsx/Tables.xlsx	Exp3 (2)	A1:E5	cells	B-fix	reads=30	bytes=11321	Ok([SourceCell { address: Cell { row: Row(0), column: Column(0) }, cell: Value(Text("Example 3")) }, SourceCell { address: Cell { row: Row(0), column: Column(1) }, cell: Empty }, SourceCell { address: Cell { row: Row(0), column: Column(2) }, cell: Empty }, SourceCell { address: Cell { row: Row(0), column: Column(3) }, cell: Empty }, SourceCell { address: Cell { row: Row(0), column: Column(4) }, cell: Empty }, SourceCell { address: Cell { row: Row(1), column: Column(0) }, cell: Value(Text("   Married couple, two incomes, two children (under the age of six) taxed under PAYE ")) }, SourceCell { address: Cell { row: Row(1), column: Column(1) }, cell: Empty }, SourceCell { address: Cell { row: Row(1), column: Column(2) }, cell: Empty }, SourceCell { address: Cell { row: Row(1), column: Column(3) }, cell: Empty }, SourceCell { address: Cell { row: Row(1), column: Column(4) }, cell: Empty }, SourceCell { address: Cell { row: Row(2), column: Column(0) }, cell: Value(Text("       Full rate PRSI contributors")) }, SourceCell { address: Cell { row: Row(2), column: Column(1) }, cell: Empty }, SourceCell { address: Cell { row: Row(2), column: Column(2) }, cell: Empty }, SourceCell { address: Cell { row: Row(2), column: Column(3) }, cell: Empty }, SourceCell { address: Cell { row: Row(2), column: Column(4) }, cell: Empty }, SourceCell { address: Cell { row: Row(3), column: Column(0) }, cell: Value(Text("GROSS")) }, SourceCell { address: Cell { row: Row(3), column: Column(1) }, cell: Value(Text("PRSI liability")) }, SourceCell { address: Cell { row: Row(3), column: Column(2) }, cell: Empty }, SourceCell { address: Cell { row: Row(3), column: Column(3) }, cell: Value(Text("Levy Liability")) }, SourceCell { address: Cell { row: Row(3), column: Column(4) }, cell: Empty }, SourceCell { address: Cell { row: Row(4), column: Column(0) }, cell: Value(Text("INCOME")) }, SourceCell { address: Cell { row: Row(4), column: Column(1) }, cell: Value(Text("Existing")) }, SourceCell { address: Cell { row: Row(4), column: Column(2) }, cell: Value(Text("Proposed")) }, SourceCell { address: Cell { row: Row(4), column: Column(3) }, cell: Value(Text("Exisitng")) }, SourceCell { address: Cell { row: Row(4), column: Column(4) }, cell: Value(Text("Proposed")) }])
test-data/ooxml/xlsx/Tables.xlsx	Exp3 (2)	A1:E5	cells	C-fix+gate	reads=30	bytes=11321	Ok([SourceCell { address: Cell { row: Row(0), column: Column(0) }, cell: Value(Text("Example 3")) }, SourceCell { address: Cell { row: Row(0), column: Column(1) }, cell: Empty }, SourceCell { address: Cell { row: Row(0), column: Column(2) }, cell: Empty }, SourceCell { address: Cell { row: Row(0), column: Column(3) }, cell: Empty }, SourceCell { address: Cell { row: Row(0), column: Column(4) }, cell: Empty }, SourceCell { address: Cell { row: Row(1), column: Column(0) }, cell: Value(Text("   Married couple, two incomes, two children (under the age of six) taxed under PAYE ")) }, SourceCell { address: Cell { row: Row(1), column: Column(1) }, cell: Empty }, SourceCell { address: Cell { row: Row(1), column: Column(2) }, cell: Empty }, SourceCell { address: Cell { row: Row(1), column: Column(3) }, cell: Empty }, SourceCell { address: Cell { row: Row(1), column: Column(4) }, cell: Empty }, SourceCell { address: Cell { row: Row(2), column: Column(0) }, cell: Value(Text("       Full rate PRSI contributors")) }, SourceCell { address: Cell { row: Row(2), column: Column(1) }, cell: Empty }, SourceCell { address: Cell { row: Row(2), column: Column(2) }, cell: Empty }, SourceCell { address: Cell { row: Row(2), column: Column(3) }, cell: Empty }, SourceCell { address: Cell { row: Row(2), column: Column(4) }, cell: Empty }, SourceCell { address: Cell { row: Row(3), column: Column(0) }, cell: Value(Text("GROSS")) }, SourceCell { address: Cell { row: Row(3), column: Column(1) }, cell: Value(Text("PRSI liability")) }, SourceCell { address: Cell { row: Row(3), column: Column(2) }, cell: Empty }, SourceCell { address: Cell { row: Row(3), column: Column(3) }, cell: Value(Text("Levy Liability")) }, SourceCell { address: Cell { row: Row(3), column: Column(4) }, cell: Empty }, SourceCell { address: Cell { row: Row(4), column: Column(0) }, cell: Value(Text("INCOME")) }, SourceCell { address: Cell { row: Row(4), column: Column(1) }, cell: Value(Text("Existing")) }, SourceCell { address: Cell { row: Row(4), column: Column(2) }, cell: Value(Text("Proposed")) }, SourceCell { address: Cell { row: Row(4), column: Column(3) }, cell: Value(Text("Exisitng")) }, SourceCell { address: Cell { row: Row(4), column: Column(4) }, cell: Value(Text("Proposed")) }])
test-data/ooxml/xlsx/Tables.xlsx	Exp3 (2)	A2	cell	A-base	reads=21	bytes=3896	Err(Invalid("worksheet mergeCells appears before sheetData"))
test-data/ooxml/xlsx/Tables.xlsx	Exp3 (2)	A2	cell	B-fix	reads=30	bytes=11321	Ok(Stored(Value(Text("   Married couple, two incomes, two children (under the age of six) taxed under PAYE "))))
test-data/ooxml/xlsx/Tables.xlsx	Exp3 (2)	A2	cell	C-fix+gate	reads=30	bytes=11321	Ok(Stored(Value(Text("   Married couple, two incomes, two children (under the age of six) taxed under PAYE "))))
test-data/ooxml/xlsx/Tables.xlsx	Exp3 (2)	AA1	cell	A-base	reads=21	bytes=3896	Err(Invalid("worksheet mergeCells appears before sheetData"))
test-data/ooxml/xlsx/Tables.xlsx	Exp3 (2)	AA1	cell	B-fix	reads=30	bytes=11321	Ok(Missing)
test-data/ooxml/xlsx/Tables.xlsx	Exp3 (2)	AA1	cell	C-fix+gate	reads=30	bytes=11321	Ok(Missing)
test-data/ooxml/xlsx/Tables.xlsx	Exp3 (2)	B1	cell	A-base	reads=21	bytes=3896	Err(Invalid("worksheet mergeCells appears before sheetData"))
test-data/ooxml/xlsx/Tables.xlsx	Exp3 (2)	B1	cell	B-fix	reads=30	bytes=11321	Ok(Covered(Rect { start: Cell { row: Row(0), column: Column(0) }, end_row: 1, end_column: 13 }))
test-data/ooxml/xlsx/Tables.xlsx	Exp3 (2)	B1	cell	C-fix+gate	reads=30	bytes=11321	Ok(Covered(Rect { start: Cell { row: Row(0), column: Column(0) }, end_row: 1, end_column: 13 }))
test-data/ooxml/xlsx/Tables.xlsx	Exp3 (2)	B1:B50	cells	A-base	reads=21	bytes=3896	Err(Invalid("worksheet mergeCells appears before sheetData"))
test-data/ooxml/xlsx/Tables.xlsx	Exp3 (2)	B1:B50	cells	B-fix	reads=30	bytes=11321	Ok([SourceCell { address: Cell { row: Row(0), column: Column(1) }, cell: Empty }, SourceCell { address: Cell { row: Row(1), column: Column(1) }, cell: Empty }, SourceCell { address: Cell { row: Row(2), column: Column(1) }, cell: Empty }, SourceCell { address: Cell { row: Row(3), column: Column(1) }, cell: Value(Text("PRSI liability")) }, SourceCell { address: Cell { row: Row(4), column: Column(1) }, cell: Value(Text("Existing")) }, SourceCell { address: Cell { row: Row(5), column: Column(1) }, cell: Empty }, SourceCell { address: Cell { row: Row(6), column: Column(1) }, cell: Value(Text("€")) }, SourceCell { address: Cell { row: Row(7), column: Column(1) }, cell: Value(Number(Number("385.84"))) }, SourceCell { address: Cell { row: Row(8), column: Column(1) }, cell: Value(Number(Number("515.84"))) }, SourceCell { address: Cell { row: Row(9), column: Column(1) }, cell: Value(Number(Number("645.84"))) }, SourceCell { address: Cell { row: Row(10), column: Column(1) }, cell: Value(Number(Number("775.84"))) }, SourceCell { address: Cell { row: Row(11), column: Column(1) }, cell: Value(Number(Number("1271.68"))) }, SourceCell { address: Cell { row: Row(12), column: Column(1) }, cell: Value(Number(Number("1471.68"))) }, SourceCell { address: Cell { row: Row(13), column: Column(1) }, cell: Value(Number(Number("1871.68"))) }, SourceCell { address: Cell { row: Row(14), column: Column(1) }, cell: Value(Number(Number("2271.6799999999998"))) }, SourceCell { address: Cell { row: Row(15), column: Column(1) }, cell: Value(Number(Number("2481.08"))) }, SourceCell { address: Cell { row: Row(16), column: Column(1) }, cell: Value(Number(Number("2806.8"))) }, SourceCell { address: Cell { row: Row(17), column: Column(1) }, cell: Value(Number(Number("3118.36"))) }, SourceCell { address: Cell { row: Row(18), column: Column(1) }, cell: Value(Number(Number("3453.68"))) }, SourceCell { address: Cell { row: Row(19), column: Column(1) }, cell: Empty }, SourceCell { address: Cell { row: Row(20), column: Column(1) }, cell: Empty }, SourceCell { address: Cell { row: Row(21), column: Column(1) }, cell: Empty }, SourceCell { address: Cell { row: Row(22), column: Column(1) }, cell: Empty }, SourceCell { address: Cell { row: Row(23), column: Column(1) }, cell: Empty }, SourceCell { address: Cell { row: Row(24), column: Column(1) }, cell: Empty }, SourceCell { address: Cell { row: Row(25), column: Column(1) }, cell: Empty }, SourceCell { address: Cell { row: Row(26), column: Column(1) }, cell: Empty }, SourceCell { address: Cell { row: Row(27), column: Column(1) }, cell: Empty }, SourceCell { address: Cell { row: Row(28), column: Column(1) }, cell: Empty }, SourceCell { address: Cell { row: Row(29), column: Column(1) }, cell: Empty }])
test-data/ooxml/xlsx/Tables.xlsx	Exp3 (2)	B1:B50	cells	C-fix+gate	reads=30	bytes=11321	Ok([SourceCell { address: Cell { row: Row(0), column: Column(1) }, cell: Empty }, SourceCell { address: Cell { row: Row(1), column: Column(1) }, cell: Empty }, SourceCell { address: Cell { row: Row(2), column: Column(1) }, cell: Empty }, SourceCell { address: Cell { row: Row(3), column: Column(1) }, cell: Value(Text("PRSI liability")) }, SourceCell { address: Cell { row: Row(4), column: Column(1) }, cell: Value(Text("Existing")) }, SourceCell { address: Cell { row: Row(5), column: Column(1) }, cell: Empty }, SourceCell { address: Cell { row: Row(6), column: Column(1) }, cell: Value(Text("€")) }, SourceCell { address: Cell { row: Row(7), column: Column(1) }, cell: Value(Number(Number("385.84"))) }, SourceCell { address: Cell { row: Row(8), column: Column(1) }, cell: Value(Number(Number("515.84"))) }, SourceCell { address: Cell { row: Row(9), column: Column(1) }, cell: Value(Number(Number("645.84"))) }, SourceCell { address: Cell { row: Row(10), column: Column(1) }, cell: Value(Number(Number("775.84"))) }, SourceCell { address: Cell { row: Row(11), column: Column(1) }, cell: Value(Number(Number("1271.68"))) }, SourceCell { address: Cell { row: Row(12), column: Column(1) }, cell: Value(Number(Number("1471.68"))) }, SourceCell { address: Cell { row: Row(13), column: Column(1) }, cell: Value(Number(Number("1871.68"))) }, SourceCell { address: Cell { row: Row(14), column: Column(1) }, cell: Value(Number(Number("2271.6799999999998"))) }, SourceCell { address: Cell { row: Row(15), column: Column(1) }, cell: Value(Number(Number("2481.08"))) }, SourceCell { address: Cell { row: Row(16), column: Column(1) }, cell: Value(Number(Number("2806.8"))) }, SourceCell { address: Cell { row: Row(17), column: Column(1) }, cell: Value(Number(Number("3118.36"))) }, SourceCell { address: Cell { row: Row(18), column: Column(1) }, cell: Value(Number(Number("3453.68"))) }, SourceCell { address: Cell { row: Row(19), column: Column(1) }, cell: Empty }, SourceCell { address: Cell { row: Row(20), column: Column(1) }, cell: Empty }, SourceCell { address: Cell { row: Row(21), column: Column(1) }, cell: Empty }, SourceCell { address: Cell { row: Row(22), column: Column(1) }, cell: Empty }, SourceCell { address: Cell { row: Row(23), column: Column(1) }, cell: Empty }, SourceCell { address: Cell { row: Row(24), column: Column(1) }, cell: Empty }, SourceCell { address: Cell { row: Row(25), column: Column(1) }, cell: Empty }, SourceCell { address: Cell { row: Row(26), column: Column(1) }, cell: Empty }, SourceCell { address: Cell { row: Row(27), column: Column(1) }, cell: Empty }, SourceCell { address: Cell { row: Row(28), column: Column(1) }, cell: Empty }, SourceCell { address: Cell { row: Row(29), column: Column(1) }, cell: Empty }])
test-data/ooxml/xlsx/Tables.xlsx	Exp3 (2)	B2	cell	A-base	reads=21	bytes=3896	Err(Invalid("worksheet mergeCells appears before sheetData"))
test-data/ooxml/xlsx/Tables.xlsx	Exp3 (2)	B2	cell	B-fix	reads=30	bytes=11321	Ok(Covered(Rect { start: Cell { row: Row(1), column: Column(0) }, end_row: 2, end_column: 13 }))
test-data/ooxml/xlsx/Tables.xlsx	Exp3 (2)	B2	cell	C-fix+gate	reads=30	bytes=11321	Ok(Covered(Rect { start: Cell { row: Row(1), column: Column(0) }, end_row: 2, end_column: 13 }))
test-data/ooxml/xlsx/Tables.xlsx	Exp3 (2)	BA50	cell	A-base	reads=21	bytes=3896	Err(Invalid("worksheet mergeCells appears before sheetData"))
test-data/ooxml/xlsx/Tables.xlsx	Exp3 (2)	BA50	cell	B-fix	reads=30	bytes=11321	Ok(Missing)
test-data/ooxml/xlsx/Tables.xlsx	Exp3 (2)	BA50	cell	C-fix+gate	reads=30	bytes=11321	Ok(Missing)
test-data/ooxml/xlsx/Tables.xlsx	Exp3 (2)	C3	cell	A-base	reads=21	bytes=3896	Err(Invalid("worksheet mergeCells appears before sheetData"))
test-data/ooxml/xlsx/Tables.xlsx	Exp3 (2)	C3	cell	B-fix	reads=30	bytes=11321	Ok(Covered(Rect { start: Cell { row: Row(2), column: Column(0) }, end_row: 3, end_column: 13 }))
test-data/ooxml/xlsx/Tables.xlsx	Exp3 (2)	C3	cell	C-fix+gate	reads=30	bytes=11321	Ok(Covered(Rect { start: Cell { row: Row(2), column: Column(0) }, end_row: 3, end_column: 13 }))
test-data/ooxml/xlsx/Tables.xlsx	Exp3 (2)	D4	cell	A-base	reads=21	bytes=3896	Err(Invalid("worksheet mergeCells appears before sheetData"))
test-data/ooxml/xlsx/Tables.xlsx	Exp3 (2)	D4	cell	B-fix	reads=30	bytes=11321	Ok(Stored(Value(Text("Levy Liability"))))
test-data/ooxml/xlsx/Tables.xlsx	Exp3 (2)	D4	cell	C-fix+gate	reads=30	bytes=11321	Ok(Stored(Value(Text("Levy Liability"))))
test-data/ooxml/xlsx/Tables.xlsx	Exp3 (2)	E5	cell	A-base	reads=21	bytes=3896	Err(Invalid("worksheet mergeCells appears before sheetData"))
test-data/ooxml/xlsx/Tables.xlsx	Exp3 (2)	E5	cell	B-fix	reads=30	bytes=11321	Ok(Stored(Value(Text("Proposed"))))
test-data/ooxml/xlsx/Tables.xlsx	Exp3 (2)	E5	cell	C-fix+gate	reads=30	bytes=11321	Ok(Stored(Value(Text("Proposed"))))
test-data/ooxml/xlsx/Tables.xlsx	Exp3 (2)	H680	cell	A-base	reads=21	bytes=3896	Err(Invalid("worksheet mergeCells appears before sheetData"))
test-data/ooxml/xlsx/Tables.xlsx	Exp3 (2)	H680	cell	B-fix	reads=30	bytes=11321	Ok(Missing)
test-data/ooxml/xlsx/Tables.xlsx	Exp3 (2)	H680	cell	C-fix+gate	reads=30	bytes=11321	Ok(Missing)
test-data/ooxml/xlsx/Tables.xlsx	Exp3 (2)	M29	cell	A-base	reads=21	bytes=3896	Err(Invalid("worksheet mergeCells appears before sheetData"))
test-data/ooxml/xlsx/Tables.xlsx	Exp3 (2)	M29	cell	B-fix	reads=30	bytes=11321	Ok(Stored(Empty))
test-data/ooxml/xlsx/Tables.xlsx	Exp3 (2)	M29	cell	C-fix+gate	reads=30	bytes=11321	Ok(Stored(Empty))
test-data/ooxml/xlsx/Tables.xlsx	Exp3 (2)	Z100	cell	A-base	reads=21	bytes=3896	Err(Invalid("worksheet mergeCells appears before sheetData"))
test-data/ooxml/xlsx/Tables.xlsx	Exp3 (2)	Z100	cell	B-fix	reads=30	bytes=11321	Ok(Missing)
test-data/ooxml/xlsx/Tables.xlsx	Exp3 (2)	Z100	cell	C-fix+gate	reads=30	bytes=11321	Ok(Missing)
test-data/ooxml/xlsx/customxml.xlsx	Sheet1	A1	cell	A-base	reads=27	bytes=3210	Err(Invalid("worksheet mergeCells appears before sheetData"))
test-data/ooxml/xlsx/customxml.xlsx	Sheet1	A1	cell	B-fix	reads=36	bytes=6676	Ok(Stored(Value(Number(Number("1")))))
test-data/ooxml/xlsx/customxml.xlsx	Sheet1	A1	cell	C-fix+gate	reads=36	bytes=6676	Ok(Stored(Value(Number(Number("1")))))
test-data/ooxml/xlsx/customxml.xlsx	Sheet1	A1:E5	cells	A-base	reads=27	bytes=3210	Err(Invalid("worksheet mergeCells appears before sheetData"))
test-data/ooxml/xlsx/customxml.xlsx	Sheet1	A1:E5	cells	B-fix	reads=36	bytes=6676	Ok([SourceCell { address: Cell { row: Row(0), column: Column(0) }, cell: Value(Number(Number("1"))) }, SourceCell { address: Cell { row: Row(0), column: Column(1) }, cell: Value(Number(Number("2"))) }, SourceCell { address: Cell { row: Row(0), column: Column(2) }, cell: Value(Number(Number("3"))) }, SourceCell { address: Cell { row: Row(0), column: Column(3) }, cell: Value(Number(Number("4"))) }, SourceCell { address: Cell { row: Row(0), column: Column(4) }, cell: Value(Number(Number("5"))) }, SourceCell { address: Cell { row: Row(1), column: Column(0) }, cell: Value(Number(Number("2"))) }, SourceCell { address: Cell { row: Row(1), column: Column(1) }, cell: Value(Number(Number("3"))) }, SourceCell { address: Cell { row: Row(1), column: Column(2) }, cell: Value(Number(Number("4"))) }, SourceCell { address: Cell { row: Row(1), column: Column(3) }, cell: Value(Number(Number("5"))) }, SourceCell { address: Cell { row: Row(1), column: Column(4) }, cell: Value(Number(Number("6"))) }, SourceCell { address: Cell { row: Row(2), column: Column(0) }, cell: Value(Number(Number("3"))) }, SourceCell { address: Cell { row: Row(2), column: Column(1) }, cell: Value(Number(Number("4"))) }, SourceCell { address: Cell { row: Row(2), column: Column(2) }, cell: Value(Number(Number("5"))) }, SourceCell { address: Cell { row: Row(2), column: Column(3) }, cell: Value(Number(Number("6"))) }, SourceCell { address: Cell { row: Row(2), column: Column(4) }, cell: Value(Number(Number("7"))) }, SourceCell { address: Cell { row: Row(3), column: Column(0) }, cell: Value(Number(Number("4"))) }, SourceCell { address: Cell { row: Row(3), column: Column(1) }, cell: Value(Number(Number("5"))) }, SourceCell { address: Cell { row: Row(3), column: Column(2) }, cell: Value(Number(Number("6"))) }, SourceCell { address: Cell { row: Row(3), column: Column(3) }, cell: Value(Number(Number("7"))) }, SourceCell { address: Cell { row: Row(3), column: Column(4) }, cell: Value(Number(Number("8"))) }, SourceCell { address: Cell { row: Row(4), column: Column(0) }, cell: Value(Number(Number("5"))) }, SourceCell { address: Cell { row: Row(4), column: Column(1) }, cell: Value(Number(Number("6"))) }, SourceCell { address: Cell { row: Row(4), column: Column(2) }, cell: Value(Number(Number("7"))) }, SourceCell { address: Cell { row: Row(4), column: Column(3) }, cell: Value(Number(Number("8"))) }, SourceCell { address: Cell { row: Row(4), column: Column(4) }, cell: Value(Number(Number("9"))) }])
test-data/ooxml/xlsx/customxml.xlsx	Sheet1	A1:E5	cells	C-fix+gate	reads=36	bytes=6676	Ok([SourceCell { address: Cell { row: Row(0), column: Column(0) }, cell: Value(Number(Number("1"))) }, SourceCell { address: Cell { row: Row(0), column: Column(1) }, cell: Value(Number(Number("2"))) }, SourceCell { address: Cell { row: Row(0), column: Column(2) }, cell: Value(Number(Number("3"))) }, SourceCell { address: Cell { row: Row(0), column: Column(3) }, cell: Value(Number(Number("4"))) }, SourceCell { address: Cell { row: Row(0), column: Column(4) }, cell: Value(Number(Number("5"))) }, SourceCell { address: Cell { row: Row(1), column: Column(0) }, cell: Value(Number(Number("2"))) }, SourceCell { address: Cell { row: Row(1), column: Column(1) }, cell: Value(Number(Number("3"))) }, SourceCell { address: Cell { row: Row(1), column: Column(2) }, cell: Value(Number(Number("4"))) }, SourceCell { address: Cell { row: Row(1), column: Column(3) }, cell: Value(Number(Number("5"))) }, SourceCell { address: Cell { row: Row(1), column: Column(4) }, cell: Value(Number(Number("6"))) }, SourceCell { address: Cell { row: Row(2), column: Column(0) }, cell: Value(Number(Number("3"))) }, SourceCell { address: Cell { row: Row(2), column: Column(1) }, cell: Value(Number(Number("4"))) }, SourceCell { address: Cell { row: Row(2), column: Column(2) }, cell: Value(Number(Number("5"))) }, SourceCell { address: Cell { row: Row(2), column: Column(3) }, cell: Value(Number(Number("6"))) }, SourceCell { address: Cell { row: Row(2), column: Column(4) }, cell: Value(Number(Number("7"))) }, SourceCell { address: Cell { row: Row(3), column: Column(0) }, cell: Value(Number(Number("4"))) }, SourceCell { address: Cell { row: Row(3), column: Column(1) }, cell: Value(Number(Number("5"))) }, SourceCell { address: Cell { row: Row(3), column: Column(2) }, cell: Value(Number(Number("6"))) }, SourceCell { address: Cell { row: Row(3), column: Column(3) }, cell: Value(Number(Number("7"))) }, SourceCell { address: Cell { row: Row(3), column: Column(4) }, cell: Value(Number(Number("8"))) }, SourceCell { address: Cell { row: Row(4), column: Column(0) }, cell: Value(Number(Number("5"))) }, SourceCell { address: Cell { row: Row(4), column: Column(1) }, cell: Value(Number(Number("6"))) }, SourceCell { address: Cell { row: Row(4), column: Column(2) }, cell: Value(Number(Number("7"))) }, SourceCell { address: Cell { row: Row(4), column: Column(3) }, cell: Value(Number(Number("8"))) }, SourceCell { address: Cell { row: Row(4), column: Column(4) }, cell: Value(Number(Number("9"))) }])
test-data/ooxml/xlsx/customxml.xlsx	Sheet1	A2	cell	A-base	reads=27	bytes=3210	Err(Invalid("worksheet mergeCells appears before sheetData"))
test-data/ooxml/xlsx/customxml.xlsx	Sheet1	A2	cell	B-fix	reads=36	bytes=6676	Ok(Stored(Value(Number(Number("2")))))
test-data/ooxml/xlsx/customxml.xlsx	Sheet1	A2	cell	C-fix+gate	reads=36	bytes=6676	Ok(Stored(Value(Number(Number("2")))))
test-data/ooxml/xlsx/customxml.xlsx	Sheet1	AA1	cell	A-base	reads=27	bytes=3210	Err(Invalid("worksheet mergeCells appears before sheetData"))
test-data/ooxml/xlsx/customxml.xlsx	Sheet1	AA1	cell	B-fix	reads=36	bytes=6676	Ok(Missing)
test-data/ooxml/xlsx/customxml.xlsx	Sheet1	AA1	cell	C-fix+gate	reads=36	bytes=6676	Ok(Missing)
test-data/ooxml/xlsx/customxml.xlsx	Sheet1	B1	cell	A-base	reads=27	bytes=3210	Err(Invalid("worksheet mergeCells appears before sheetData"))
test-data/ooxml/xlsx/customxml.xlsx	Sheet1	B1	cell	B-fix	reads=36	bytes=6676	Ok(Stored(Value(Number(Number("2")))))
test-data/ooxml/xlsx/customxml.xlsx	Sheet1	B1	cell	C-fix+gate	reads=36	bytes=6676	Ok(Stored(Value(Number(Number("2")))))
test-data/ooxml/xlsx/customxml.xlsx	Sheet1	B1:B50	cells	A-base	reads=27	bytes=3210	Err(Invalid("worksheet mergeCells appears before sheetData"))
test-data/ooxml/xlsx/customxml.xlsx	Sheet1	B1:B50	cells	B-fix	reads=36	bytes=6676	Ok([SourceCell { address: Cell { row: Row(0), column: Column(1) }, cell: Value(Number(Number("2"))) }, SourceCell { address: Cell { row: Row(1), column: Column(1) }, cell: Value(Number(Number("3"))) }, SourceCell { address: Cell { row: Row(2), column: Column(1) }, cell: Value(Number(Number("4"))) }, SourceCell { address: Cell { row: Row(3), column: Column(1) }, cell: Value(Number(Number("5"))) }, SourceCell { address: Cell { row: Row(4), column: Column(1) }, cell: Value(Number(Number("6"))) }, SourceCell { address: Cell { row: Row(5), column: Column(1) }, cell: Value(Number(Number("7"))) }, SourceCell { address: Cell { row: Row(8), column: Column(1) }, cell: Empty }, SourceCell { address: Cell { row: Row(9), column: Column(1) }, cell: Empty }, SourceCell { address: Cell { row: Row(10), column: Column(1) }, cell: Empty }, SourceCell { address: Cell { row: Row(11), column: Column(1) }, cell: Empty }, SourceCell { address: Cell { row: Row(12), column: Column(1) }, cell: Empty }, SourceCell { address: Cell { row: Row(13), column: Column(1) }, cell: Empty }, SourceCell { address: Cell { row: Row(14), column: Column(1) }, cell: Empty }, SourceCell { address: Cell { row: Row(15), column: Column(1) }, cell: Empty }, SourceCell { address: Cell { row: Row(16), column: Column(1) }, cell: Empty }, SourceCell { address: Cell { row: Row(17), column: Column(1) }, cell: Empty }, SourceCell { address: Cell { row: Row(18), column: Column(1) }, cell: Empty }, SourceCell { address: Cell { row: Row(19), column: Column(1) }, cell: Empty }, SourceCell { address: Cell { row: Row(20), column: Column(1) }, cell: Empty }, SourceCell { address: Cell { row: Row(21), column: Column(1) }, cell: Empty }, SourceCell { address: Cell { row: Row(22), column: Column(1) }, cell: Empty }, SourceCell { address: Cell { row: Row(23), column: Column(1) }, cell: Empty }, SourceCell { address: Cell { row: Row(24), column: Column(1) }, cell: Empty }, SourceCell { address: Cell { row: Row(25), column: Column(1) }, cell: Empty }, SourceCell { address: Cell { row: Row(26), column: Column(1) }, cell: Empty }, SourceCell { address: Cell { row: Row(27), column: Column(1) }, cell: Empty }, SourceCell { address: Cell { row: Row(28), column: Column(1) }, cell: Empty }, SourceCell { address: Cell { row: Row(29), column: Column(1) }, cell: Empty }, SourceCell { address: Cell { row: Row(30), column: Column(1) }, cell: Empty }, SourceCell { address: Cell { row: Row(31), column: Column(1) }, cell: Empty }, SourceCell { address: Cell { row: Row(32), column: Column(1) }, cell: Empty }, SourceCell { address: Cell { row: Row(33), column: Column(1) }, cell: Empty }, SourceCell { address: Cell { row: Row(35), column: Column(1) }, cell: Empty }, SourceCell { address: Cell { row: Row(36), column: Column(1) }, cell: Empty }, SourceCell { address: Cell { row: Row(37), column: Column(1) }, cell: Empty }, SourceCell { address: Cell { row: Row(39), column: Column(1) }, cell: Empty }, SourceCell { address: Cell { row: Row(40), column: Column(1) }, cell: Empty }, SourceCell { address: Cell { row: Row(42), column: Column(1) }, cell: Empty }])
test-data/ooxml/xlsx/customxml.xlsx	Sheet1	B1:B50	cells	C-fix+gate	reads=36	bytes=6676	Ok([SourceCell { address: Cell { row: Row(0), column: Column(1) }, cell: Value(Number(Number("2"))) }, SourceCell { address: Cell { row: Row(1), column: Column(1) }, cell: Value(Number(Number("3"))) }, SourceCell { address: Cell { row: Row(2), column: Column(1) }, cell: Value(Number(Number("4"))) }, SourceCell { address: Cell { row: Row(3), column: Column(1) }, cell: Value(Number(Number("5"))) }, SourceCell { address: Cell { row: Row(4), column: Column(1) }, cell: Value(Number(Number("6"))) }, SourceCell { address: Cell { row: Row(5), column: Column(1) }, cell: Value(Number(Number("7"))) }, SourceCell { address: Cell { row: Row(8), column: Column(1) }, cell: Empty }, SourceCell { address: Cell { row: Row(9), column: Column(1) }, cell: Empty }, SourceCell { address: Cell { row: Row(10), column: Column(1) }, cell: Empty }, SourceCell { address: Cell { row: Row(11), column: Column(1) }, cell: Empty }, SourceCell { address: Cell { row: Row(12), column: Column(1) }, cell: Empty }, SourceCell { address: Cell { row: Row(13), column: Column(1) }, cell: Empty }, SourceCell { address: Cell { row: Row(14), column: Column(1) }, cell: Empty }, SourceCell { address: Cell { row: Row(15), column: Column(1) }, cell: Empty }, SourceCell { address: Cell { row: Row(16), column: Column(1) }, cell: Empty }, SourceCell { address: Cell { row: Row(17), column: Column(1) }, cell: Empty }, SourceCell { address: Cell { row: Row(18), column: Column(1) }, cell: Empty }, SourceCell { address: Cell { row: Row(19), column: Column(1) }, cell: Empty }, SourceCell { address: Cell { row: Row(20), column: Column(1) }, cell: Empty }, SourceCell { address: Cell { row: Row(21), column: Column(1) }, cell: Empty }, SourceCell { address: Cell { row: Row(22), column: Column(1) }, cell: Empty }, SourceCell { address: Cell { row: Row(23), column: Column(1) }, cell: Empty }, SourceCell { address: Cell { row: Row(24), column: Column(1) }, cell: Empty }, SourceCell { address: Cell { row: Row(25), column: Column(1) }, cell: Empty }, SourceCell { address: Cell { row: Row(26), column: Column(1) }, cell: Empty }, SourceCell { address: Cell { row: Row(27), column: Column(1) }, cell: Empty }, SourceCell { address: Cell { row: Row(28), column: Column(1) }, cell: Empty }, SourceCell { address: Cell { row: Row(29), column: Column(1) }, cell: Empty }, SourceCell { address: Cell { row: Row(30), column: Column(1) }, cell: Empty }, SourceCell { address: Cell { row: Row(31), column: Column(1) }, cell: Empty }, SourceCell { address: Cell { row: Row(32), column: Column(1) }, cell: Empty }, SourceCell { address: Cell { row: Row(33), column: Column(1) }, cell: Empty }, SourceCell { address: Cell { row: Row(35), column: Column(1) }, cell: Empty }, SourceCell { address: Cell { row: Row(36), column: Column(1) }, cell: Empty }, SourceCell { address: Cell { row: Row(37), column: Column(1) }, cell: Empty }, SourceCell { address: Cell { row: Row(39), column: Column(1) }, cell: Empty }, SourceCell { address: Cell { row: Row(40), column: Column(1) }, cell: Empty }, SourceCell { address: Cell { row: Row(42), column: Column(1) }, cell: Empty }])
test-data/ooxml/xlsx/customxml.xlsx	Sheet1	B2	cell	A-base	reads=27	bytes=3210	Err(Invalid("worksheet mergeCells appears before sheetData"))
test-data/ooxml/xlsx/customxml.xlsx	Sheet1	B2	cell	B-fix	reads=36	bytes=6676	Ok(Stored(Value(Number(Number("3")))))
test-data/ooxml/xlsx/customxml.xlsx	Sheet1	B2	cell	C-fix+gate	reads=36	bytes=6676	Ok(Stored(Value(Number(Number("3")))))
test-data/ooxml/xlsx/customxml.xlsx	Sheet1	BA50	cell	A-base	reads=27	bytes=3210	Err(Invalid("worksheet mergeCells appears before sheetData"))
test-data/ooxml/xlsx/customxml.xlsx	Sheet1	BA50	cell	B-fix	reads=36	bytes=6676	Ok(Missing)
test-data/ooxml/xlsx/customxml.xlsx	Sheet1	BA50	cell	C-fix+gate	reads=36	bytes=6676	Ok(Missing)
test-data/ooxml/xlsx/customxml.xlsx	Sheet1	C3	cell	A-base	reads=27	bytes=3210	Err(Invalid("worksheet mergeCells appears before sheetData"))
test-data/ooxml/xlsx/customxml.xlsx	Sheet1	C3	cell	B-fix	reads=36	bytes=6676	Ok(Stored(Value(Number(Number("5")))))
test-data/ooxml/xlsx/customxml.xlsx	Sheet1	C3	cell	C-fix+gate	reads=36	bytes=6676	Ok(Stored(Value(Number(Number("5")))))
test-data/ooxml/xlsx/customxml.xlsx	Sheet1	D4	cell	A-base	reads=27	bytes=3210	Err(Invalid("worksheet mergeCells appears before sheetData"))
test-data/ooxml/xlsx/customxml.xlsx	Sheet1	D4	cell	B-fix	reads=36	bytes=6676	Ok(Stored(Value(Number(Number("7")))))
test-data/ooxml/xlsx/customxml.xlsx	Sheet1	D4	cell	C-fix+gate	reads=36	bytes=6676	Ok(Stored(Value(Number(Number("7")))))
test-data/ooxml/xlsx/customxml.xlsx	Sheet1	E5	cell	A-base	reads=27	bytes=3210	Err(Invalid("worksheet mergeCells appears before sheetData"))
test-data/ooxml/xlsx/customxml.xlsx	Sheet1	E5	cell	B-fix	reads=36	bytes=6676	Ok(Stored(Value(Number(Number("9")))))
test-data/ooxml/xlsx/customxml.xlsx	Sheet1	E5	cell	C-fix+gate	reads=36	bytes=6676	Ok(Stored(Value(Number(Number("9")))))
test-data/ooxml/xlsx/customxml.xlsx	Sheet1	H680	cell	A-base	reads=27	bytes=3210	Err(Invalid("worksheet mergeCells appears before sheetData"))
test-data/ooxml/xlsx/customxml.xlsx	Sheet1	H680	cell	B-fix	reads=36	bytes=6676	Ok(Missing)
test-data/ooxml/xlsx/customxml.xlsx	Sheet1	H680	cell	C-fix+gate	reads=36	bytes=6676	Ok(Missing)
test-data/ooxml/xlsx/customxml.xlsx	Sheet1	M29	cell	A-base	reads=27	bytes=3210	Err(Invalid("worksheet mergeCells appears before sheetData"))
test-data/ooxml/xlsx/customxml.xlsx	Sheet1	M29	cell	B-fix	reads=36	bytes=6676	Ok(Stored(Empty))
test-data/ooxml/xlsx/customxml.xlsx	Sheet1	M29	cell	C-fix+gate	reads=36	bytes=6676	Ok(Stored(Empty))
test-data/ooxml/xlsx/customxml.xlsx	Sheet1	Z100	cell	A-base	reads=27	bytes=3210	Err(Invalid("worksheet mergeCells appears before sheetData"))
test-data/ooxml/xlsx/customxml.xlsx	Sheet1	Z100	cell	B-fix	reads=36	bytes=6676	Ok(Missing)
test-data/ooxml/xlsx/customxml.xlsx	Sheet1	Z100	cell	C-fix+gate	reads=36	bytes=6676	Ok(Missing)
test-data/ooxml/xlsx/duplicate-defined-names.xlsx	Sheet1 (2)	A1	cell	A-base	reads=14	bytes=1512	Err(Invalid("worksheet mergeCells appears before sheetData"))
test-data/ooxml/xlsx/duplicate-defined-names.xlsx	Sheet1 (2)	A1	cell	B-fix	reads=18	bytes=2728	Err(Invalid("invalid worksheet dimension '1:5': invalid A1 range '1:5': invalid or out-of-grid A1 cell reference '1'"))
test-data/ooxml/xlsx/duplicate-defined-names.xlsx	Sheet1 (2)	A1	cell	C-fix+gate	reads=18	bytes=2728	Err(Invalid("invalid worksheet dimension '1:5': invalid A1 range '1:5': invalid or out-of-grid A1 cell reference '1'"))
test-data/ooxml/xlsx/duplicate-defined-names.xlsx	Sheet1 (2)	A1:E5	cells	A-base	reads=14	bytes=1512	Err(Invalid("worksheet mergeCells appears before sheetData"))
test-data/ooxml/xlsx/duplicate-defined-names.xlsx	Sheet1 (2)	A1:E5	cells	B-fix	reads=18	bytes=2728	Err(Invalid("invalid worksheet dimension '1:5': invalid A1 range '1:5': invalid or out-of-grid A1 cell reference '1'"))
test-data/ooxml/xlsx/duplicate-defined-names.xlsx	Sheet1 (2)	A1:E5	cells	C-fix+gate	reads=18	bytes=2728	Err(Invalid("invalid worksheet dimension '1:5': invalid A1 range '1:5': invalid or out-of-grid A1 cell reference '1'"))
test-data/ooxml/xlsx/duplicate-defined-names.xlsx	Sheet1 (2)	A2	cell	A-base	reads=14	bytes=1512	Err(Invalid("worksheet mergeCells appears before sheetData"))
test-data/ooxml/xlsx/duplicate-defined-names.xlsx	Sheet1 (2)	A2	cell	B-fix	reads=18	bytes=2728	Err(Invalid("invalid worksheet dimension '1:5': invalid A1 range '1:5': invalid or out-of-grid A1 cell reference '1'"))
test-data/ooxml/xlsx/duplicate-defined-names.xlsx	Sheet1 (2)	A2	cell	C-fix+gate	reads=18	bytes=2728	Err(Invalid("invalid worksheet dimension '1:5': invalid A1 range '1:5': invalid or out-of-grid A1 cell reference '1'"))
test-data/ooxml/xlsx/duplicate-defined-names.xlsx	Sheet1 (2)	AA1	cell	A-base	reads=14	bytes=1512	Err(Invalid("worksheet mergeCells appears before sheetData"))
test-data/ooxml/xlsx/duplicate-defined-names.xlsx	Sheet1 (2)	AA1	cell	B-fix	reads=18	bytes=2728	Err(Invalid("invalid worksheet dimension '1:5': invalid A1 range '1:5': invalid or out-of-grid A1 cell reference '1'"))
test-data/ooxml/xlsx/duplicate-defined-names.xlsx	Sheet1 (2)	AA1	cell	C-fix+gate	reads=18	bytes=2728	Err(Invalid("invalid worksheet dimension '1:5': invalid A1 range '1:5': invalid or out-of-grid A1 cell reference '1'"))
test-data/ooxml/xlsx/duplicate-defined-names.xlsx	Sheet1 (2)	B1	cell	A-base	reads=14	bytes=1512	Err(Invalid("worksheet mergeCells appears before sheetData"))
test-data/ooxml/xlsx/duplicate-defined-names.xlsx	Sheet1 (2)	B1	cell	B-fix	reads=18	bytes=2728	Err(Invalid("invalid worksheet dimension '1:5': invalid A1 range '1:5': invalid or out-of-grid A1 cell reference '1'"))
test-data/ooxml/xlsx/duplicate-defined-names.xlsx	Sheet1 (2)	B1	cell	C-fix+gate	reads=18	bytes=2728	Err(Invalid("invalid worksheet dimension '1:5': invalid A1 range '1:5': invalid or out-of-grid A1 cell reference '1'"))
test-data/ooxml/xlsx/duplicate-defined-names.xlsx	Sheet1 (2)	B1:B50	cells	A-base	reads=14	bytes=1512	Err(Invalid("worksheet mergeCells appears before sheetData"))
test-data/ooxml/xlsx/duplicate-defined-names.xlsx	Sheet1 (2)	B1:B50	cells	B-fix	reads=18	bytes=2728	Err(Invalid("invalid worksheet dimension '1:5': invalid A1 range '1:5': invalid or out-of-grid A1 cell reference '1'"))
test-data/ooxml/xlsx/duplicate-defined-names.xlsx	Sheet1 (2)	B1:B50	cells	C-fix+gate	reads=18	bytes=2728	Err(Invalid("invalid worksheet dimension '1:5': invalid A1 range '1:5': invalid or out-of-grid A1 cell reference '1'"))
test-data/ooxml/xlsx/duplicate-defined-names.xlsx	Sheet1 (2)	B2	cell	A-base	reads=14	bytes=1512	Err(Invalid("worksheet mergeCells appears before sheetData"))
test-data/ooxml/xlsx/duplicate-defined-names.xlsx	Sheet1 (2)	B2	cell	B-fix	reads=18	bytes=2728	Err(Invalid("invalid worksheet dimension '1:5': invalid A1 range '1:5': invalid or out-of-grid A1 cell reference '1'"))
test-data/ooxml/xlsx/duplicate-defined-names.xlsx	Sheet1 (2)	B2	cell	C-fix+gate	reads=18	bytes=2728	Err(Invalid("invalid worksheet dimension '1:5': invalid A1 range '1:5': invalid or out-of-grid A1 cell reference '1'"))
test-data/ooxml/xlsx/duplicate-defined-names.xlsx	Sheet1 (2)	BA50	cell	A-base	reads=14	bytes=1512	Err(Invalid("worksheet mergeCells appears before sheetData"))
test-data/ooxml/xlsx/duplicate-defined-names.xlsx	Sheet1 (2)	BA50	cell	B-fix	reads=18	bytes=2728	Err(Invalid("invalid worksheet dimension '1:5': invalid A1 range '1:5': invalid or out-of-grid A1 cell reference '1'"))
test-data/ooxml/xlsx/duplicate-defined-names.xlsx	Sheet1 (2)	BA50	cell	C-fix+gate	reads=18	bytes=2728	Err(Invalid("invalid worksheet dimension '1:5': invalid A1 range '1:5': invalid or out-of-grid A1 cell reference '1'"))
test-data/ooxml/xlsx/duplicate-defined-names.xlsx	Sheet1 (2)	C3	cell	A-base	reads=14	bytes=1512	Err(Invalid("worksheet mergeCells appears before sheetData"))
test-data/ooxml/xlsx/duplicate-defined-names.xlsx	Sheet1 (2)	C3	cell	B-fix	reads=18	bytes=2728	Err(Invalid("invalid worksheet dimension '1:5': invalid A1 range '1:5': invalid or out-of-grid A1 cell reference '1'"))
test-data/ooxml/xlsx/duplicate-defined-names.xlsx	Sheet1 (2)	C3	cell	C-fix+gate	reads=18	bytes=2728	Err(Invalid("invalid worksheet dimension '1:5': invalid A1 range '1:5': invalid or out-of-grid A1 cell reference '1'"))
test-data/ooxml/xlsx/duplicate-defined-names.xlsx	Sheet1 (2)	D4	cell	A-base	reads=14	bytes=1512	Err(Invalid("worksheet mergeCells appears before sheetData"))
test-data/ooxml/xlsx/duplicate-defined-names.xlsx	Sheet1 (2)	D4	cell	B-fix	reads=18	bytes=2728	Err(Invalid("invalid worksheet dimension '1:5': invalid A1 range '1:5': invalid or out-of-grid A1 cell reference '1'"))
test-data/ooxml/xlsx/duplicate-defined-names.xlsx	Sheet1 (2)	D4	cell	C-fix+gate	reads=18	bytes=2728	Err(Invalid("invalid worksheet dimension '1:5': invalid A1 range '1:5': invalid or out-of-grid A1 cell reference '1'"))
test-data/ooxml/xlsx/duplicate-defined-names.xlsx	Sheet1 (2)	E5	cell	A-base	reads=14	bytes=1512	Err(Invalid("worksheet mergeCells appears before sheetData"))
test-data/ooxml/xlsx/duplicate-defined-names.xlsx	Sheet1 (2)	E5	cell	B-fix	reads=18	bytes=2728	Err(Invalid("invalid worksheet dimension '1:5': invalid A1 range '1:5': invalid or out-of-grid A1 cell reference '1'"))
test-data/ooxml/xlsx/duplicate-defined-names.xlsx	Sheet1 (2)	E5	cell	C-fix+gate	reads=18	bytes=2728	Err(Invalid("invalid worksheet dimension '1:5': invalid A1 range '1:5': invalid or out-of-grid A1 cell reference '1'"))
test-data/ooxml/xlsx/duplicate-defined-names.xlsx	Sheet1 (2)	H680	cell	A-base	reads=14	bytes=1512	Err(Invalid("worksheet mergeCells appears before sheetData"))
test-data/ooxml/xlsx/duplicate-defined-names.xlsx	Sheet1 (2)	H680	cell	B-fix	reads=18	bytes=2728	Err(Invalid("invalid worksheet dimension '1:5': invalid A1 range '1:5': invalid or out-of-grid A1 cell reference '1'"))
test-data/ooxml/xlsx/duplicate-defined-names.xlsx	Sheet1 (2)	H680	cell	C-fix+gate	reads=18	bytes=2728	Err(Invalid("invalid worksheet dimension '1:5': invalid A1 range '1:5': invalid or out-of-grid A1 cell reference '1'"))
test-data/ooxml/xlsx/duplicate-defined-names.xlsx	Sheet1 (2)	M29	cell	A-base	reads=14	bytes=1512	Err(Invalid("worksheet mergeCells appears before sheetData"))
test-data/ooxml/xlsx/duplicate-defined-names.xlsx	Sheet1 (2)	M29	cell	B-fix	reads=18	bytes=2728	Err(Invalid("invalid worksheet dimension '1:5': invalid A1 range '1:5': invalid or out-of-grid A1 cell reference '1'"))
test-data/ooxml/xlsx/duplicate-defined-names.xlsx	Sheet1 (2)	M29	cell	C-fix+gate	reads=18	bytes=2728	Err(Invalid("invalid worksheet dimension '1:5': invalid A1 range '1:5': invalid or out-of-grid A1 cell reference '1'"))
test-data/ooxml/xlsx/duplicate-defined-names.xlsx	Sheet1 (2)	Z100	cell	A-base	reads=14	bytes=1512	Err(Invalid("worksheet mergeCells appears before sheetData"))
test-data/ooxml/xlsx/duplicate-defined-names.xlsx	Sheet1 (2)	Z100	cell	B-fix	reads=18	bytes=2728	Err(Invalid("invalid worksheet dimension '1:5': invalid A1 range '1:5': invalid or out-of-grid A1 cell reference '1'"))
test-data/ooxml/xlsx/duplicate-defined-names.xlsx	Sheet1 (2)	Z100	cell	C-fix+gate	reads=18	bytes=2728	Err(Invalid("invalid worksheet dimension '1:5': invalid A1 range '1:5': invalid or out-of-grid A1 cell reference '1'"))
test-data/ooxml/xlsx/external-cache-multi-letter-column.xlsx	Лист1	A1	cell	A-base	reads=12	bytes=1850	Err(Invalid("worksheet mergeCells appears before sheetData"))
test-data/ooxml/xlsx/external-cache-multi-letter-column.xlsx	Лист1	A1	cell	B-fix	reads=21	bytes=8018	Ok(Missing)
test-data/ooxml/xlsx/external-cache-multi-letter-column.xlsx	Лист1	A1	cell	C-fix+gate	reads=21	bytes=8018	Ok(Missing)
test-data/ooxml/xlsx/external-cache-multi-letter-column.xlsx	Лист1	A1:E5	cells	A-base	reads=12	bytes=1850	Err(Invalid("worksheet mergeCells appears before sheetData"))
test-data/ooxml/xlsx/external-cache-multi-letter-column.xlsx	Лист1	A1:E5	cells	B-fix	reads=21	bytes=8018	Ok([SourceCell { address: Cell { row: Row(1), column: Column(1) }, cell: Formula(Formula { text: "B3/G3", kind: Scalar, cached: Some(Cache { value: Number(Number("0.67334532327201591")), origin: Stored, freshness: Unknown }) }) }, SourceCell { address: Cell { row: Row(1), column: Column(2) }, cell: Formula(Formula { text: "C3/G3", kind: Scalar, cached: Some(Cache { value: Number(Number("3.0888509684473459E-3")), origin: Stored, freshness: Unknown }) }) }, SourceCell { address: Cell { row: Row(1), column: Column(3) }, cell: Formula(Formula { text: "D3/G3", kind: Scalar, cached: Some(Cache { value: Number(Number("4.6527294260471693E-3")), origin: Stored, freshness: Unknown }) }) }, SourceCell { address: Cell { row: Row(1), column: Column(4) }, cell: Formula(Formula { text: "E3/G3", kind: Scalar, cached: Some(Cache { value: Number(Number("2.1156405214934285E-2")), origin: Stored, freshness: Unknown }) }) }, SourceCell { address: Cell { row: Row(2), column: Column(1) }, cell: Value(Number(Number("22669992.573127318"))) }, SourceCell { address: Cell { row: Row(2), column: Column(2) }, cell: Value(Number(Number("103994.52716761545"))) }, SourceCell { address: Cell { row: Row(2), column: Column(3) }, cell: Value(Number(Number("156646.72774544521"))) }, SourceCell { address: Cell { row: Row(2), column: Column(4) }, cell: Value(Number(Number("712287.63684882503"))) }, SourceCell { address: Cell { row: Row(3), column: Column(1) }, cell: Value(Text("пром")) }, SourceCell { address: Cell { row: Row(3), column: Column(2) }, cell: Value(Text("сх")) }, SourceCell { address: Cell { row: Row(3), column: Column(3) }, cell: Value(Text("муниципал")) }, SourceCell { address: Cell { row: Row(3), column: Column(4) }, cell: Value(Text("население")) }])
test-data/ooxml/xlsx/external-cache-multi-letter-column.xlsx	Лист1	A1:E5	cells	C-fix+gate	reads=21	bytes=8018	Ok([SourceCell { address: Cell { row: Row(1), column: Column(1) }, cell: Formula(Formula { text: "B3/G3", kind: Scalar, cached: Some(Cache { value: Number(Number("0.67334532327201591")), origin: Stored, freshness: Unknown }) }) }, SourceCell { address: Cell { row: Row(1), column: Column(2) }, cell: Formula(Formula { text: "C3/G3", kind: Scalar, cached: Some(Cache { value: Number(Number("3.0888509684473459E-3")), origin: Stored, freshness: Unknown }) }) }, SourceCell { address: Cell { row: Row(1), column: Column(3) }, cell: Formula(Formula { text: "D3/G3", kind: Scalar, cached: Some(Cache { value: Number(Number("4.6527294260471693E-3")), origin: Stored, freshness: Unknown }) }) }, SourceCell { address: Cell { row: Row(1), column: Column(4) }, cell: Formula(Formula { text: "E3/G3", kind: Scalar, cached: Some(Cache { value: Number(Number("2.1156405214934285E-2")), origin: Stored, freshness: Unknown }) }) }, SourceCell { address: Cell { row: Row(2), column: Column(1) }, cell: Value(Number(Number("22669992.573127318"))) }, SourceCell { address: Cell { row: Row(2), column: Column(2) }, cell: Value(Number(Number("103994.52716761545"))) }, SourceCell { address: Cell { row: Row(2), column: Column(3) }, cell: Value(Number(Number("156646.72774544521"))) }, SourceCell { address: Cell { row: Row(2), column: Column(4) }, cell: Value(Number(Number("712287.63684882503"))) }, SourceCell { address: Cell { row: Row(3), column: Column(1) }, cell: Value(Text("пром")) }, SourceCell { address: Cell { row: Row(3), column: Column(2) }, cell: Value(Text("сх")) }, SourceCell { address: Cell { row: Row(3), column: Column(3) }, cell: Value(Text("муниципал")) }, SourceCell { address: Cell { row: Row(3), column: Column(4) }, cell: Value(Text("население")) }])
test-data/ooxml/xlsx/external-cache-multi-letter-column.xlsx	Лист1	A2	cell	A-base	reads=12	bytes=1850	Err(Invalid("worksheet mergeCells appears before sheetData"))
test-data/ooxml/xlsx/external-cache-multi-letter-column.xlsx	Лист1	A2	cell	B-fix	reads=21	bytes=8018	Ok(Missing)
test-data/ooxml/xlsx/external-cache-multi-letter-column.xlsx	Лист1	A2	cell	C-fix+gate	reads=21	bytes=8018	Ok(Missing)
test-data/ooxml/xlsx/external-cache-multi-letter-column.xlsx	Лист1	AA1	cell	A-base	reads=12	bytes=1850	Err(Invalid("worksheet mergeCells appears before sheetData"))
test-data/ooxml/xlsx/external-cache-multi-letter-column.xlsx	Лист1	AA1	cell	B-fix	reads=21	bytes=8018	Ok(Missing)
test-data/ooxml/xlsx/external-cache-multi-letter-column.xlsx	Лист1	AA1	cell	C-fix+gate	reads=21	bytes=8018	Ok(Missing)
test-data/ooxml/xlsx/external-cache-multi-letter-column.xlsx	Лист1	B1	cell	A-base	reads=12	bytes=1850	Err(Invalid("worksheet mergeCells appears before sheetData"))
test-data/ooxml/xlsx/external-cache-multi-letter-column.xlsx	Лист1	B1	cell	B-fix	reads=21	bytes=8018	Ok(Missing)
test-data/ooxml/xlsx/external-cache-multi-letter-column.xlsx	Лист1	B1	cell	C-fix+gate	reads=21	bytes=8018	Ok(Missing)
test-data/ooxml/xlsx/external-cache-multi-letter-column.xlsx	Лист1	B1:B50	cells	A-base	reads=12	bytes=1850	Err(Invalid("worksheet mergeCells appears before sheetData"))
test-data/ooxml/xlsx/external-cache-multi-letter-column.xlsx	Лист1	B1:B50	cells	B-fix	reads=21	bytes=8018	Ok([SourceCell { address: Cell { row: Row(1), column: Column(1) }, cell: Formula(Formula { text: "B3/G3", kind: Scalar, cached: Some(Cache { value: Number(Number("0.67334532327201591")), origin: Stored, freshness: Unknown }) }) }, SourceCell { address: Cell { row: Row(2), column: Column(1) }, cell: Value(Number(Number("22669992.573127318"))) }, SourceCell { address: Cell { row: Row(3), column: Column(1) }, cell: Value(Text("пром")) }, SourceCell { address: Cell { row: Row(27), column: Column(1) }, cell: Value(Number(Number("3459814.9425720409"))) }, SourceCell { address: Cell { row: Row(31), column: Column(1) }, cell: Formula(Formula { text: "B28/A28", kind: Scalar, cached: Some(Cache { value: Number(Number("0.10276360715167161")), origin: Stored, freshness: Unknown }) }) }])
test-data/ooxml/xlsx/external-cache-multi-letter-column.xlsx	Лист1	B1:B50	cells	C-fix+gate	reads=21	bytes=8018	Ok([SourceCell { address: Cell { row: Row(1), column: Column(1) }, cell: Formula(Formula { text: "B3/G3", kind: Scalar, cached: Some(Cache { value: Number(Number("0.67334532327201591")), origin: Stored, freshness: Unknown }) }) }, SourceCell { address: Cell { row: Row(2), column: Column(1) }, cell: Value(Number(Number("22669992.573127318"))) }, SourceCell { address: Cell { row: Row(3), column: Column(1) }, cell: Value(Text("пром")) }, SourceCell { address: Cell { row: Row(27), column: Column(1) }, cell: Value(Number(Number("3459814.9425720409"))) }, SourceCell { address: Cell { row: Row(31), column: Column(1) }, cell: Formula(Formula { text: "B28/A28", kind: Scalar, cached: Some(Cache { value: Number(Number("0.10276360715167161")), origin: Stored, freshness: Unknown }) }) }])
test-data/ooxml/xlsx/external-cache-multi-letter-column.xlsx	Лист1	B2	cell	A-base	reads=12	bytes=1850	Err(Invalid("worksheet mergeCells appears before sheetData"))
test-data/ooxml/xlsx/external-cache-multi-letter-column.xlsx	Лист1	B2	cell	B-fix	reads=21	bytes=8018	Ok(Stored(Formula(Formula { text: "B3/G3", kind: Scalar, cached: Some(Cache { value: Number(Number("0.67334532327201591")), origin: Stored, freshness: Unknown }) })))
test-data/ooxml/xlsx/external-cache-multi-letter-column.xlsx	Лист1	B2	cell	C-fix+gate	reads=21	bytes=8018	Ok(Stored(Formula(Formula { text: "B3/G3", kind: Scalar, cached: Some(Cache { value: Number(Number("0.67334532327201591")), origin: Stored, freshness: Unknown }) })))
test-data/ooxml/xlsx/external-cache-multi-letter-column.xlsx	Лист1	BA50	cell	A-base	reads=12	bytes=1850	Err(Invalid("worksheet mergeCells appears before sheetData"))
test-data/ooxml/xlsx/external-cache-multi-letter-column.xlsx	Лист1	BA50	cell	B-fix	reads=21	bytes=8018	Ok(Missing)
test-data/ooxml/xlsx/external-cache-multi-letter-column.xlsx	Лист1	BA50	cell	C-fix+gate	reads=21	bytes=8018	Ok(Missing)
test-data/ooxml/xlsx/external-cache-multi-letter-column.xlsx	Лист1	C3	cell	A-base	reads=12	bytes=1850	Err(Invalid("worksheet mergeCells appears before sheetData"))
test-data/ooxml/xlsx/external-cache-multi-letter-column.xlsx	Лист1	C3	cell	B-fix	reads=21	bytes=8018	Ok(Stored(Value(Number(Number("103994.52716761545")))))
test-data/ooxml/xlsx/external-cache-multi-letter-column.xlsx	Лист1	C3	cell	C-fix+gate	reads=21	bytes=8018	Ok(Stored(Value(Number(Number("103994.52716761545")))))
test-data/ooxml/xlsx/external-cache-multi-letter-column.xlsx	Лист1	D4	cell	A-base	reads=12	bytes=1850	Err(Invalid("worksheet mergeCells appears before sheetData"))
test-data/ooxml/xlsx/external-cache-multi-letter-column.xlsx	Лист1	D4	cell	B-fix	reads=21	bytes=8018	Ok(Stored(Value(Text("муниципал"))))
test-data/ooxml/xlsx/external-cache-multi-letter-column.xlsx	Лист1	D4	cell	C-fix+gate	reads=21	bytes=8018	Ok(Stored(Value(Text("муниципал"))))
test-data/ooxml/xlsx/external-cache-multi-letter-column.xlsx	Лист1	E5	cell	A-base	reads=12	bytes=1850	Err(Invalid("worksheet mergeCells appears before sheetData"))
test-data/ooxml/xlsx/external-cache-multi-letter-column.xlsx	Лист1	E5	cell	B-fix	reads=21	bytes=8018	Ok(Missing)
test-data/ooxml/xlsx/external-cache-multi-letter-column.xlsx	Лист1	E5	cell	C-fix+gate	reads=21	bytes=8018	Ok(Missing)
test-data/ooxml/xlsx/external-cache-multi-letter-column.xlsx	Лист1	H680	cell	A-base	reads=12	bytes=1850	Err(Invalid("worksheet mergeCells appears before sheetData"))
test-data/ooxml/xlsx/external-cache-multi-letter-column.xlsx	Лист1	H680	cell	B-fix	reads=21	bytes=8018	Ok(Missing)
test-data/ooxml/xlsx/external-cache-multi-letter-column.xlsx	Лист1	H680	cell	C-fix+gate	reads=21	bytes=8018	Ok(Missing)
test-data/ooxml/xlsx/external-cache-multi-letter-column.xlsx	Лист1	M29	cell	A-base	reads=12	bytes=1850	Err(Invalid("worksheet mergeCells appears before sheetData"))
test-data/ooxml/xlsx/external-cache-multi-letter-column.xlsx	Лист1	M29	cell	B-fix	reads=21	bytes=8018	Ok(Missing)
test-data/ooxml/xlsx/external-cache-multi-letter-column.xlsx	Лист1	M29	cell	C-fix+gate	reads=21	bytes=8018	Ok(Missing)
test-data/ooxml/xlsx/external-cache-multi-letter-column.xlsx	Лист1	Z100	cell	A-base	reads=12	bytes=1850	Err(Invalid("worksheet mergeCells appears before sheetData"))
test-data/ooxml/xlsx/external-cache-multi-letter-column.xlsx	Лист1	Z100	cell	B-fix	reads=21	bytes=8018	Ok(Missing)
test-data/ooxml/xlsx/external-cache-multi-letter-column.xlsx	Лист1	Z100	cell	C-fix+gate	reads=21	bytes=8018	Ok(Missing)
test-data/ooxml/xlsx/sheet-state-show.xlsx	стр1	A1	cell	A-base	reads=10	bytes=12475	Err(Invalid("worksheet mergeCells appears before sheetData"))
test-data/ooxml/xlsx/sheet-state-show.xlsx	стр1	A1	cell	B-fix	reads=19	bytes=28499	Ok(Stored(Value(Text("Согласовано"))))
test-data/ooxml/xlsx/sheet-state-show.xlsx	стр1	A1	cell	C-fix+gate	reads=19	bytes=28499	Ok(Stored(Value(Text("Согласовано"))))
test-data/ooxml/xlsx/sheet-state-show.xlsx	стр1	A1:E5	cells	A-base	reads=10	bytes=12475	Err(Invalid("worksheet mergeCells appears before sheetData"))
test-data/ooxml/xlsx/sheet-state-show.xlsx	стр1	A1:E5	cells	B-fix	reads=19	bytes=28499	Ok([SourceCell { address: Cell { row: Row(0), column: Column(0) }, cell: Value(Text("Согласовано")) }, SourceCell { address: Cell { row: Row(0), column: Column(1) }, cell: Empty }, SourceCell { address: Cell { row: Row(0), column: Column(2) }, cell: Empty }, SourceCell { address: Cell { row: Row(0), column: Column(3) }, cell: Empty }, SourceCell { address: Cell { row: Row(0), column: Column(4) }, cell: Empty }, SourceCell { address: Cell { row: Row(1), column: Column(0) }, cell: Value(Text("Письмом Госкомстата России")) }, SourceCell { address: Cell { row: Row(1), column: Column(1) }, cell: Empty }, SourceCell { address: Cell { row: Row(1), column: Column(2) }, cell: Empty }, SourceCell { address: Cell { row: Row(1), column: Column(3) }, cell: Empty }, SourceCell { address: Cell { row: Row(1), column: Column(4) }, cell: Empty }, SourceCell { address: Cell { row: Row(2), column: Column(0) }, cell: Value(Text("от 10.04.2003 № КЛ-01-21/1381")) }, SourceCell { address: Cell { row: Row(2), column: Column(1) }, cell: Empty }, SourceCell { address: Cell { row: Row(2), column: Column(2) }, cell: Empty }, SourceCell { address: Cell { row: Row(2), column: Column(3) }, cell: Empty }, SourceCell { address: Cell { row: Row(2), column: Column(4) }, cell: Empty }])
test-data/ooxml/xlsx/sheet-state-show.xlsx	стр1	A1:E5	cells	C-fix+gate	reads=19	bytes=28499	Ok([SourceCell { address: Cell { row: Row(0), column: Column(0) }, cell: Value(Text("Согласовано")) }, SourceCell { address: Cell { row: Row(0), column: Column(1) }, cell: Empty }, SourceCell { address: Cell { row: Row(0), column: Column(2) }, cell: Empty }, SourceCell { address: Cell { row: Row(0), column: Column(3) }, cell: Empty }, SourceCell { address: Cell { row: Row(0), column: Column(4) }, cell: Empty }, SourceCell { address: Cell { row: Row(1), column: Column(0) }, cell: Value(Text("Письмом Госкомстата России")) }, SourceCell { address: Cell { row: Row(1), column: Column(1) }, cell: Empty }, SourceCell { address: Cell { row: Row(1), column: Column(2) }, cell: Empty }, SourceCell { address: Cell { row: Row(1), column: Column(3) }, cell: Empty }, SourceCell { address: Cell { row: Row(1), column: Column(4) }, cell: Empty }, SourceCell { address: Cell { row: Row(2), column: Column(0) }, cell: Value(Text("от 10.04.2003 № КЛ-01-21/1381")) }, SourceCell { address: Cell { row: Row(2), column: Column(1) }, cell: Empty }, SourceCell { address: Cell { row: Row(2), column: Column(2) }, cell: Empty }, SourceCell { address: Cell { row: Row(2), column: Column(3) }, cell: Empty }, SourceCell { address: Cell { row: Row(2), column: Column(4) }, cell: Empty }])
test-data/ooxml/xlsx/sheet-state-show.xlsx	стр1	A2	cell	A-base	reads=10	bytes=12475	Err(Invalid("worksheet mergeCells appears before sheetData"))
test-data/ooxml/xlsx/sheet-state-show.xlsx	стр1	A2	cell	B-fix	reads=19	bytes=28499	Ok(Stored(Value(Text("Письмом Госкомстата России"))))
test-data/ooxml/xlsx/sheet-state-show.xlsx	стр1	A2	cell	C-fix+gate	reads=19	bytes=28499	Ok(Stored(Value(Text("Письмом Госкомстата России"))))
test-data/ooxml/xlsx/sheet-state-show.xlsx	стр1	AA1	cell	A-base	reads=10	bytes=12475	Err(Invalid("worksheet mergeCells appears before sheetData"))
test-data/ooxml/xlsx/sheet-state-show.xlsx	стр1	AA1	cell	B-fix	reads=19	bytes=28499	Ok(Covered(Rect { start: Cell { row: Row(0), column: Column(0) }, end_row: 1, end_column: 27 }))
test-data/ooxml/xlsx/sheet-state-show.xlsx	стр1	AA1	cell	C-fix+gate	reads=19	bytes=28499	Ok(Covered(Rect { start: Cell { row: Row(0), column: Column(0) }, end_row: 1, end_column: 27 }))
test-data/ooxml/xlsx/sheet-state-show.xlsx	стр1	B1	cell	A-base	reads=10	bytes=12475	Err(Invalid("worksheet mergeCells appears before sheetData"))
test-data/ooxml/xlsx/sheet-state-show.xlsx	стр1	B1	cell	B-fix	reads=19	bytes=28499	Ok(Covered(Rect { start: Cell { row: Row(0), column: Column(0) }, end_row: 1, end_column: 27 }))
test-data/ooxml/xlsx/sheet-state-show.xlsx	стр1	B1	cell	C-fix+gate	reads=19	bytes=28499	Ok(Covered(Rect { start: Cell { row: Row(0), column: Column(0) }, end_row: 1, end_column: 27 }))
test-data/ooxml/xlsx/sheet-state-show.xlsx	стр1	B1:B50	cells	A-base	reads=10	bytes=12475	Err(Invalid("worksheet mergeCells appears before sheetData"))
test-data/ooxml/xlsx/sheet-state-show.xlsx	стр1	B1:B50	cells	B-fix	reads=19	bytes=28499	Ok([SourceCell { address: Cell { row: Row(0), column: Column(1) }, cell: Empty }, SourceCell { address: Cell { row: Row(1), column: Column(1) }, cell: Empty }, SourceCell { address: Cell { row: Row(2), column: Column(1) }, cell: Empty }, SourceCell { address: Cell { row: Row(7), column: Column(1) }, cell: Empty }, SourceCell { address: Cell { row: Row(9), column: Column(1) }, cell: Empty }, SourceCell { address: Cell { row: Row(11), column: Column(1) }, cell: Empty }, SourceCell { address: Cell { row: Row(13), column: Column(1) }, cell: Empty }, SourceCell { address: Cell { row: Row(15), column: Column(1) }, cell: Empty }, SourceCell { address: Cell { row: Row(17), column: Column(1) }, cell: Empty }, SourceCell { address: Cell { row: Row(20), column: Column(1) }, cell: Empty }, SourceCell { address: Cell { row: Row(22), column: Column(1) }, cell: Empty }, SourceCell { address: Cell { row: Row(23), column: Column(1) }, cell: Empty }, SourceCell { address: Cell { row: Row(24), column: Column(1) }, cell: Empty }, SourceCell { address: Cell { row: Row(25), column: Column(1) }, cell: Empty }, SourceCell { address: Cell { row: Row(26), column: Column(1) }, cell: Empty }, SourceCell { address: Cell { row: Row(27), column: Column(1) }, cell: Empty }, SourceCell { address: Cell { row: Row(28), column: Column(1) }, cell: Empty }, SourceCell { address: Cell { row: Row(29), column: Column(1) }, cell: Empty }, SourceCell { address: Cell { row: Row(31), column: Column(1) }, cell: Empty }, SourceCell { address: Cell { row: Row(34), column: Column(1) }, cell: Empty }, SourceCell { address: Cell { row: Row(36), column: Column(1) }, cell: Empty }])
test-data/ooxml/xlsx/sheet-state-show.xlsx	стр1	B1:B50	cells	C-fix+gate	reads=19	bytes=28499	Ok([SourceCell { address: Cell { row: Row(0), column: Column(1) }, cell: Empty }, SourceCell { address: Cell { row: Row(1), column: Column(1) }, cell: Empty }, SourceCell { address: Cell { row: Row(2), column: Column(1) }, cell: Empty }, SourceCell { address: Cell { row: Row(7), column: Column(1) }, cell: Empty }, SourceCell { address: Cell { row: Row(9), column: Column(1) }, cell: Empty }, SourceCell { address: Cell { row: Row(11), column: Column(1) }, cell: Empty }, SourceCell { address: Cell { row: Row(13), column: Column(1) }, cell: Empty }, SourceCell { address: Cell { row: Row(15), column: Column(1) }, cell: Empty }, SourceCell { address: Cell { row: Row(17), column: Column(1) }, cell: Empty }, SourceCell { address: Cell { row: Row(20), column: Column(1) }, cell: Empty }, SourceCell { address: Cell { row: Row(22), column: Column(1) }, cell: Empty }, SourceCell { address: Cell { row: Row(23), column: Column(1) }, cell: Empty }, SourceCell { address: Cell { row: Row(24), column: Column(1) }, cell: Empty }, SourceCell { address: Cell { row: Row(25), column: Column(1) }, cell: Empty }, SourceCell { address: Cell { row: Row(26), column: Column(1) }, cell: Empty }, SourceCell { address: Cell { row: Row(27), column: Column(1) }, cell: Empty }, SourceCell { address: Cell { row: Row(28), column: Column(1) }, cell: Empty }, SourceCell { address: Cell { row: Row(29), column: Column(1) }, cell: Empty }, SourceCell { address: Cell { row: Row(31), column: Column(1) }, cell: Empty }, SourceCell { address: Cell { row: Row(34), column: Column(1) }, cell: Empty }, SourceCell { address: Cell { row: Row(36), column: Column(1) }, cell: Empty }])
test-data/ooxml/xlsx/sheet-state-show.xlsx	стр1	B2	cell	A-base	reads=10	bytes=12475	Err(Invalid("worksheet mergeCells appears before sheetData"))
test-data/ooxml/xlsx/sheet-state-show.xlsx	стр1	B2	cell	B-fix	reads=19	bytes=28499	Ok(Covered(Rect { start: Cell { row: Row(1), column: Column(0) }, end_row: 2, end_column: 27 }))
test-data/ooxml/xlsx/sheet-state-show.xlsx	стр1	B2	cell	C-fix+gate	reads=19	bytes=28499	Ok(Covered(Rect { start: Cell { row: Row(1), column: Column(0) }, end_row: 2, end_column: 27 }))
test-data/ooxml/xlsx/sheet-state-show.xlsx	стр1	BA50	cell	A-base	reads=10	bytes=12475	Err(Invalid("worksheet mergeCells appears before sheetData"))
test-data/ooxml/xlsx/sheet-state-show.xlsx	стр1	BA50	cell	B-fix	reads=19	bytes=28499	Ok(Missing)
test-data/ooxml/xlsx/sheet-state-show.xlsx	стр1	BA50	cell	C-fix+gate	reads=19	bytes=28499	Ok(Missing)
test-data/ooxml/xlsx/sheet-state-show.xlsx	стр1	C3	cell	A-base	reads=10	bytes=12475	Err(Invalid("worksheet mergeCells appears before sheetData"))
test-data/ooxml/xlsx/sheet-state-show.xlsx	стр1	C3	cell	B-fix	reads=19	bytes=28499	Ok(Covered(Rect { start: Cell { row: Row(2), column: Column(0) }, end_row: 3, end_column: 27 }))
test-data/ooxml/xlsx/sheet-state-show.xlsx	стр1	C3	cell	C-fix+gate	reads=19	bytes=28499	Ok(Covered(Rect { start: Cell { row: Row(2), column: Column(0) }, end_row: 3, end_column: 27 }))
test-data/ooxml/xlsx/sheet-state-show.xlsx	стр1	D4	cell	A-base	reads=10	bytes=12475	Err(Invalid("worksheet mergeCells appears before sheetData"))
test-data/ooxml/xlsx/sheet-state-show.xlsx	стр1	D4	cell	B-fix	reads=19	bytes=28499	Ok(Missing)
test-data/ooxml/xlsx/sheet-state-show.xlsx	стр1	D4	cell	C-fix+gate	reads=19	bytes=28499	Ok(Missing)
test-data/ooxml/xlsx/sheet-state-show.xlsx	стр1	E5	cell	A-base	reads=10	bytes=12475	Err(Invalid("worksheet mergeCells appears before sheetData"))
test-data/ooxml/xlsx/sheet-state-show.xlsx	стр1	E5	cell	B-fix	reads=19	bytes=28499	Ok(Missing)
test-data/ooxml/xlsx/sheet-state-show.xlsx	стр1	E5	cell	C-fix+gate	reads=19	bytes=28499	Ok(Missing)
test-data/ooxml/xlsx/sheet-state-show.xlsx	стр1	H680	cell	A-base	reads=10	bytes=12475	Err(Invalid("worksheet mergeCells appears before sheetData"))
test-data/ooxml/xlsx/sheet-state-show.xlsx	стр1	H680	cell	B-fix	reads=19	bytes=28499	Ok(Missing)
test-data/ooxml/xlsx/sheet-state-show.xlsx	стр1	H680	cell	C-fix+gate	reads=19	bytes=28499	Ok(Missing)
test-data/ooxml/xlsx/sheet-state-show.xlsx	стр1	M29	cell	A-base	reads=10	bytes=12475	Err(Invalid("worksheet mergeCells appears before sheetData"))
test-data/ooxml/xlsx/sheet-state-show.xlsx	стр1	M29	cell	B-fix	reads=19	bytes=28499	Ok(Covered(Rect { start: Cell { row: Row(28), column: Column(0) }, end_row: 29, end_column: 20 }))
test-data/ooxml/xlsx/sheet-state-show.xlsx	стр1	M29	cell	C-fix+gate	reads=19	bytes=28499	Ok(Covered(Rect { start: Cell { row: Row(28), column: Column(0) }, end_row: 29, end_column: 20 }))
test-data/ooxml/xlsx/sheet-state-show.xlsx	стр1	Z100	cell	A-base	reads=10	bytes=12475	Err(Invalid("worksheet mergeCells appears before sheetData"))
test-data/ooxml/xlsx/sheet-state-show.xlsx	стр1	Z100	cell	B-fix	reads=19	bytes=28499	Ok(Missing)
test-data/ooxml/xlsx/sheet-state-show.xlsx	стр1	Z100	cell	C-fix+gate	reads=19	bytes=28499	Ok(Missing)
test-data/ooxml/xlsx/sheet-state-show.xlsx	стр2	A1	cell	A-base	reads=11	bytes=5504	Err(Invalid("worksheet mergeCells appears before sheetData"))
test-data/ooxml/xlsx/sheet-state-show.xlsx	стр2	A1	cell	B-fix	reads=20	bytes=14527	Ok(Stored(Value(Text("Результат работы автомобиля за смену:"))))
test-data/ooxml/xlsx/sheet-state-show.xlsx	стр2	A1	cell	C-fix+gate	reads=20	bytes=14527	Ok(Stored(Value(Text("Результат работы автомобиля за смену:"))))
test-data/ooxml/xlsx/sheet-state-show.xlsx	стр2	A1:E5	cells	A-base	reads=11	bytes=5504	Err(Invalid("worksheet mergeCells appears before sheetData"))
test-data/ooxml/xlsx/sheet-state-show.xlsx	стр2	A1:E5	cells	B-fix	reads=20	bytes=14527	Ok([SourceCell { address: Cell { row: Row(0), column: Column(0) }, cell: Value(Text("Результат работы автомобиля за смену:")) }, SourceCell { address: Cell { row: Row(0), column: Column(1) }, cell: Empty }, SourceCell { address: Cell { row: Row(0), column: Column(2) }, cell: Empty }, SourceCell { address: Cell { row: Row(0), column: Column(3) }, cell: Empty }, SourceCell { address: Cell { row: Row(0), column: Column(4) }, cell: Empty }, SourceCell { address: Cell { row: Row(1), column: Column(0) }, cell: Empty }, SourceCell { address: Cell { row: Row(1), column: Column(1) }, cell: Empty }, SourceCell { address: Cell { row: Row(1), column: Column(2) }, cell: Empty }, SourceCell { address: Cell { row: Row(1), column: Column(3) }, cell: Empty }, SourceCell { address: Cell { row: Row(1), column: Column(4) }, cell: Empty }, SourceCell { address: Cell { row: Row(2), column: Column(0) }, cell: Value(Text("всего в наряде, ч.")) }, SourceCell { address: Cell { row: Row(2), column: Column(1) }, cell: Empty }, SourceCell { address: Cell { row: Row(2), column: Column(2) }, cell: Empty }, SourceCell { address: Cell { row: Row(2), column: Column(3) }, cell: Empty }, SourceCell { address: Cell { row: Row(2), column: Column(4) }, cell: Empty }, SourceCell { address: Cell { row: Row(3), column: Column(0) }, cell: Empty }, SourceCell { address: Cell { row: Row(3), column: Column(1) }, cell: Empty }, SourceCell { address: Cell { row: Row(3), column: Column(2) }, cell: Empty }, SourceCell { address: Cell { row: Row(3), column: Column(3) }, cell: Empty }, SourceCell { address: Cell { row: Row(3), column: Column(4) }, cell: Empty }, SourceCell { address: Cell { row: Row(4), column: Column(0) }, cell: Value(Text("пройдено, км")) }, SourceCell { address: Cell { row: Row(4), column: Column(1) }, cell: Empty }, SourceCell { address: Cell { row: Row(4), column: Column(2) }, cell: Empty }, SourceCell { address: Cell { row: Row(4), column: Column(3) }, cell: Empty }, SourceCell { address: Cell { row: Row(4), column: Column(4) }, cell: Empty }])
test-data/ooxml/xlsx/sheet-state-show.xlsx	стр2	A1:E5	cells	C-fix+gate	reads=20	bytes=14527	Ok([SourceCell { address: Cell { row: Row(0), column: Column(0) }, cell: Value(Text("Результат работы автомобиля за смену:")) }, SourceCell { address: Cell { row: Row(0), column: Column(1) }, cell: Empty }, SourceCell { address: Cell { row: Row(0), column: Column(2) }, cell: Empty }, SourceCell { address: Cell { row: Row(0), column: Column(3) }, cell: Empty }, SourceCell { address: Cell { row: Row(0), column: Column(4) }, cell: Empty }, SourceCell { address: Cell { row: Row(1), column: Column(0) }, cell: Empty }, SourceCell { address: Cell { row: Row(1), column: Column(1) }, cell: Empty }, SourceCell { address: Cell { row: Row(1), column: Column(2) }, cell: Empty }, SourceCell { address: Cell { row: Row(1), column: Column(3) }, cell: Empty }, SourceCell { address: Cell { row: Row(1), column: Column(4) }, cell: Empty }, SourceCell { address: Cell { row: Row(2), column: Column(0) }, cell: Value(Text("всего в наряде, ч.")) }, SourceCell { address: Cell { row: Row(2), column: Column(1) }, cell: Empty }, SourceCell { address: Cell { row: Row(2), column: Column(2) }, cell: Empty }, SourceCell { address: Cell { row: Row(2), column: Column(3) }, cell: Empty }, SourceCell { address: Cell { row: Row(2), column: Column(4) }, cell: Empty }, SourceCell { address: Cell { row: Row(3), column: Column(0) }, cell: Empty }, SourceCell { address: Cell { row: Row(3), column: Column(1) }, cell: Empty }, SourceCell { address: Cell { row: Row(3), column: Column(2) }, cell: Empty }, SourceCell { address: Cell { row: Row(3), column: Column(3) }, cell: Empty }, SourceCell { address: Cell { row: Row(3), column: Column(4) }, cell: Empty }, SourceCell { address: Cell { row: Row(4), column: Column(0) }, cell: Value(Text("пройдено, км")) }, SourceCell { address: Cell { row: Row(4), column: Column(1) }, cell: Empty }, SourceCell { address: Cell { row: Row(4), column: Column(2) }, cell: Empty }, SourceCell { address: Cell { row: Row(4), column: Column(3) }, cell: Empty }, SourceCell { address: Cell { row: Row(4), column: Column(4) }, cell: Empty }])
test-data/ooxml/xlsx/sheet-state-show.xlsx	стр2	A2	cell	A-base	reads=11	bytes=5504	Err(Invalid("worksheet mergeCells appears before sheetData"))
test-data/ooxml/xlsx/sheet-state-show.xlsx	стр2	A2	cell	B-fix	reads=20	bytes=14527	Ok(Stored(Empty))
test-data/ooxml/xlsx/sheet-state-show.xlsx	стр2	A2	cell	C-fix+gate	reads=20	bytes=14527	Ok(Stored(Empty))
test-data/ooxml/xlsx/sheet-state-show.xlsx	стр2	AA1	cell	A-base	reads=11	bytes=5504	Err(Invalid("worksheet mergeCells appears before sheetData"))
test-data/ooxml/xlsx/sheet-state-show.xlsx	стр2	AA1	cell	B-fix	reads=20	bytes=14527	Ok(Missing)
test-data/ooxml/xlsx/sheet-state-show.xlsx	стр2	AA1	cell	C-fix+gate	reads=20	bytes=14527	Ok(Missing)
test-data/ooxml/xlsx/sheet-state-show.xlsx	стр2	B1	cell	A-base	reads=11	bytes=5504	Err(Invalid("worksheet mergeCells appears before sheetData"))
test-data/ooxml/xlsx/sheet-state-show.xlsx	стр2	B1	cell	B-fix	reads=20	bytes=14527	Ok(Covered(Rect { start: Cell { row: Row(0), column: Column(0) }, end_row: 1, end_column: 8 }))
test-data/ooxml/xlsx/sheet-state-show.xlsx	стр2	B1	cell	C-fix+gate	reads=20	bytes=14527	Ok(Covered(Rect { start: Cell { row: Row(0), column: Column(0) }, end_row: 1, end_column: 8 }))
test-data/ooxml/xlsx/sheet-state-show.xlsx	стр2	B1:B50	cells	A-base	reads=11	bytes=5504	Err(Invalid("worksheet mergeCells appears before sheetData"))
test-data/ooxml/xlsx/sheet-state-show.xlsx	стр2	B1:B50	cells	B-fix	reads=20	bytes=14527	Ok([SourceCell { address: Cell { row: Row(0), column: Column(1) }, cell: Empty }, SourceCell { address: Cell { row: Row(1), column: Column(1) }, cell: Empty }, SourceCell { address: Cell { row: Row(2), column: Column(1) }, cell: Empty }, SourceCell { address: Cell { row: Row(3), column: Column(1) }, cell: Empty }, SourceCell { address: Cell { row: Row(4), column: Column(1) }, cell: Empty }, SourceCell { address: Cell { row: Row(5), column: Column(1) }, cell: Empty }, SourceCell { address: Cell { row: Row(6), column: Column(1) }, cell: Empty }, SourceCell { address: Cell { row: Row(7), column: Column(1) }, cell: Empty }, SourceCell { address: Cell { row: Row(8), column: Column(1) }, cell: Empty }, SourceCell { address: Cell { row: Row(9), column: Column(1) }, cell: Empty }, SourceCell { address: Cell { row: Row(10), column: Column(1) }, cell: Value(Text("Номер по по- рядку")) }, SourceCell { address: Cell { row: Row(11), column: Column(1) }, cell: Empty }, SourceCell { address: Cell { row: Row(12), column: Column(1) }, cell: Empty }, SourceCell { address: Cell { row: Row(13), column: Column(1) }, cell: Value(Number(Number("1"))) }, SourceCell { address: Cell { row: Row(14), column: Column(1) }, cell: Value(Number(Number("2"))) }, SourceCell { address: Cell { row: Row(15), column: Column(1) }, cell: Value(Number(Number("3"))) }, SourceCell { address: Cell { row: Row(16), column: Column(1) }, cell: Value(Number(Number("4"))) }, SourceCell { address: Cell { row: Row(17), column: Column(1) }, cell: Value(Number(Number("5"))) }, SourceCell { address: Cell { row: Row(18), column: Column(1) }, cell: Value(Number(Number("6"))) }, SourceCell { address: Cell { row: Row(19), column: Column(1) }, cell: Value(Number(Number("7"))) }, SourceCell { address: Cell { row: Row(20), column: Column(1) }, cell: Value(Number(Number("8"))) }, SourceCell { address: Cell { row: Row(21), column: Column(1) }, cell: Value(Number(Number("9"))) }, SourceCell { address: Cell { row: Row(22), column: Column(1) }, cell: Value(Number(Number("10"))) }, SourceCell { address: Cell { row: Row(23), column: Column(1) }, cell: Value(Number(Number("11"))) }, SourceCell { address: Cell { row: Row(24), column: Column(1) }, cell: Value(Number(Number("12"))) }, SourceCell { address: Cell { row: Row(25), column: Column(1) }, cell: Value(Number(Number("13"))) }, SourceCell { address: Cell { row: Row(26), column: Column(1) }, cell: Value(Number(Number("14"))) }, SourceCell { address: Cell { row: Row(27), column: Column(1) }, cell: Value(Number(Number("15"))) }, SourceCell { address: Cell { row: Row(28), column: Column(1) }, cell: Value(Number(Number("16"))) }, SourceCell { address: Cell { row: Row(29), column: Column(1) }, cell: Value(Number(Number("17"))) }, SourceCell { address: Cell { row: Row(30), column: Column(1) }, cell: Value(Number(Number("18"))) }, SourceCell { address: Cell { row: Row(31), column: Column(1) }, cell: Value(Number(Number("19"))) }, SourceCell { address: Cell { row: Row(32), column: Column(1) }, cell: Value(Number(Number("20"))) }, SourceCell { address: Cell { row: Row(33), column: Column(1) }, cell: Value(Number(Number("21"))) }, SourceCell { address: Cell { row: Row(34), column: Column(1) }, cell: Value(Number(Number("22"))) }, SourceCell { address: Cell { row: Row(35), column: Column(1) }, cell: Value(Number(Number("23"))) }, SourceCell { address: Cell { row: Row(36), column: Column(1) }, cell: Value(Number(Number("24"))) }, SourceCell { address: Cell { row: Row(37), column: Column(1) }, cell: Value(Number(Number("25"))) }, SourceCell { address: Cell { row: Row(38), column: Column(1) }, cell: Value(Number(Number("26"))) }, SourceCell { address: Cell { row: Row(39), column: Column(1) }, cell: Value(Number(Number("27"))) }, SourceCell { address: Cell { row: Row(40), column: Column(1) }, cell: Value(Number(Number("28"))) }, SourceCell { address: Cell { row: Row(41), column: Column(1) }, cell: Value(Number(Number("29"))) }])
test-data/ooxml/xlsx/sheet-state-show.xlsx	стр2	B1:B50	cells	C-fix+gate	reads=20	bytes=14527	Ok([SourceCell { address: Cell { row: Row(0), column: Column(1) }, cell: Empty }, SourceCell { address: Cell { row: Row(1), column: Column(1) }, cell: Empty }, SourceCell { address: Cell { row: Row(2), column: Column(1) }, cell: Empty }, SourceCell { address: Cell { row: Row(3), column: Column(1) }, cell: Empty }, SourceCell { address: Cell { row: Row(4), column: Column(1) }, cell: Empty }, SourceCell { address: Cell { row: Row(5), column: Column(1) }, cell: Empty }, SourceCell { address: Cell { row: Row(6), column: Column(1) }, cell: Empty }, SourceCell { address: Cell { row: Row(7), column: Column(1) }, cell: Empty }, SourceCell { address: Cell { row: Row(8), column: Column(1) }, cell: Empty }, SourceCell { address: Cell { row: Row(9), column: Column(1) }, cell: Empty }, SourceCell { address: Cell { row: Row(10), column: Column(1) }, cell: Value(Text("Номер по по- рядку")) }, SourceCell { address: Cell { row: Row(11), column: Column(1) }, cell: Empty }, SourceCell { address: Cell { row: Row(12), column: Column(1) }, cell: Empty }, SourceCell { address: Cell { row: Row(13), column: Column(1) }, cell: Value(Number(Number("1"))) }, SourceCell { address: Cell { row: Row(14), column: Column(1) }, cell: Value(Number(Number("2"))) }, SourceCell { address: Cell { row: Row(15), column: Column(1) }, cell: Value(Number(Number("3"))) }, SourceCell { address: Cell { row: Row(16), column: Column(1) }, cell: Value(Number(Number("4"))) }, SourceCell { address: Cell { row: Row(17), column: Column(1) }, cell: Value(Number(Number("5"))) }, SourceCell { address: Cell { row: Row(18), column: Column(1) }, cell: Value(Number(Number("6"))) }, SourceCell { address: Cell { row: Row(19), column: Column(1) }, cell: Value(Number(Number("7"))) }, SourceCell { address: Cell { row: Row(20), column: Column(1) }, cell: Value(Number(Number("8"))) }, SourceCell { address: Cell { row: Row(21), column: Column(1) }, cell: Value(Number(Number("9"))) }, SourceCell { address: Cell { row: Row(22), column: Column(1) }, cell: Value(Number(Number("10"))) }, SourceCell { address: Cell { row: Row(23), column: Column(1) }, cell: Value(Number(Number("11"))) }, SourceCell { address: Cell { row: Row(24), column: Column(1) }, cell: Value(Number(Number("12"))) }, SourceCell { address: Cell { row: Row(25), column: Column(1) }, cell: Value(Number(Number("13"))) }, SourceCell { address: Cell { row: Row(26), column: Column(1) }, cell: Value(Number(Number("14"))) }, SourceCell { address: Cell { row: Row(27), column: Column(1) }, cell: Value(Number(Number("15"))) }, SourceCell { address: Cell { row: Row(28), column: Column(1) }, cell: Value(Number(Number("16"))) }, SourceCell { address: Cell { row: Row(29), column: Column(1) }, cell: Value(Number(Number("17"))) }, SourceCell { address: Cell { row: Row(30), column: Column(1) }, cell: Value(Number(Number("18"))) }, SourceCell { address: Cell { row: Row(31), column: Column(1) }, cell: Value(Number(Number("19"))) }, SourceCell { address: Cell { row: Row(32), column: Column(1) }, cell: Value(Number(Number("20"))) }, SourceCell { address: Cell { row: Row(33), column: Column(1) }, cell: Value(Number(Number("21"))) }, SourceCell { address: Cell { row: Row(34), column: Column(1) }, cell: Value(Number(Number("22"))) }, SourceCell { address: Cell { row: Row(35), column: Column(1) }, cell: Value(Number(Number("23"))) }, SourceCell { address: Cell { row: Row(36), column: Column(1) }, cell: Value(Number(Number("24"))) }, SourceCell { address: Cell { row: Row(37), column: Column(1) }, cell: Value(Number(Number("25"))) }, SourceCell { address: Cell { row: Row(38), column: Column(1) }, cell: Value(Number(Number("26"))) }, SourceCell { address: Cell { row: Row(39), column: Column(1) }, cell: Value(Number(Number("27"))) }, SourceCell { address: Cell { row: Row(40), column: Column(1) }, cell: Value(Number(Number("28"))) }, SourceCell { address: Cell { row: Row(41), column: Column(1) }, cell: Value(Number(Number("29"))) }])
test-data/ooxml/xlsx/sheet-state-show.xlsx	стр2	B2	cell	A-base	reads=11	bytes=5504	Err(Invalid("worksheet mergeCells appears before sheetData"))
test-data/ooxml/xlsx/sheet-state-show.xlsx	стр2	B2	cell	B-fix	reads=20	bytes=14527	Ok(Stored(Empty))
test-data/ooxml/xlsx/sheet-state-show.xlsx	стр2	B2	cell	C-fix+gate	reads=20	bytes=14527	Ok(Stored(Empty))
test-data/ooxml/xlsx/sheet-state-show.xlsx	стр2	BA50	cell	A-base	reads=11	bytes=5504	Err(Invalid("worksheet mergeCells appears before sheetData"))
test-data/ooxml/xlsx/sheet-state-show.xlsx	стр2	BA50	cell	B-fix	reads=20	bytes=14527	Ok(Missing)
test-data/ooxml/xlsx/sheet-state-show.xlsx	стр2	BA50	cell	C-fix+gate	reads=20	bytes=14527	Ok(Missing)
test-data/ooxml/xlsx/sheet-state-show.xlsx	стр2	C3	cell	A-base	reads=11	bytes=5504	Err(Invalid("worksheet mergeCells appears before sheetData"))
test-data/ooxml/xlsx/sheet-state-show.xlsx	стр2	C3	cell	B-fix	reads=20	bytes=14527	Ok(Covered(Rect { start: Cell { row: Row(2), column: Column(0) }, end_row: 3, end_column: 4 }))
test-data/ooxml/xlsx/sheet-state-show.xlsx	стр2	C3	cell	C-fix+gate	reads=20	bytes=14527	Ok(Covered(Rect { start: Cell { row: Row(2), column: Column(0) }, end_row: 3, end_column: 4 }))
test-data/ooxml/xlsx/sheet-state-show.xlsx	стр2	D4	cell	A-base	reads=11	bytes=5504	Err(Invalid("worksheet mergeCells appears before sheetData"))
test-data/ooxml/xlsx/sheet-state-show.xlsx	стр2	D4	cell	B-fix	reads=20	bytes=14527	Ok(Stored(Empty))
test-data/ooxml/xlsx/sheet-state-show.xlsx	стр2	D4	cell	C-fix+gate	reads=20	bytes=14527	Ok(Stored(Empty))
test-data/ooxml/xlsx/sheet-state-show.xlsx	стр2	E5	cell	A-base	reads=11	bytes=5504	Err(Invalid("worksheet mergeCells appears before sheetData"))
test-data/ooxml/xlsx/sheet-state-show.xlsx	стр2	E5	cell	B-fix	reads=20	bytes=14527	Ok(Stored(Empty))
test-data/ooxml/xlsx/sheet-state-show.xlsx	стр2	E5	cell	C-fix+gate	reads=20	bytes=14527	Ok(Stored(Empty))
test-data/ooxml/xlsx/sheet-state-show.xlsx	стр2	H680	cell	A-base	reads=11	bytes=5504	Err(Invalid("worksheet mergeCells appears before sheetData"))
test-data/ooxml/xlsx/sheet-state-show.xlsx	стр2	H680	cell	B-fix	reads=20	bytes=14527	Ok(Missing)
test-data/ooxml/xlsx/sheet-state-show.xlsx	стр2	H680	cell	C-fix+gate	reads=20	bytes=14527	Ok(Missing)
test-data/ooxml/xlsx/sheet-state-show.xlsx	стр2	M29	cell	A-base	reads=11	bytes=5504	Err(Invalid("worksheet mergeCells appears before sheetData"))
test-data/ooxml/xlsx/sheet-state-show.xlsx	стр2	M29	cell	B-fix	reads=20	bytes=14527	Ok(Stored(Value(Text("12"))))
test-data/ooxml/xlsx/sheet-state-show.xlsx	стр2	M29	cell	C-fix+gate	reads=20	bytes=14527	Ok(Stored(Value(Text("12"))))
test-data/ooxml/xlsx/sheet-state-show.xlsx	стр2	Z100	cell	A-base	reads=11	bytes=5504	Err(Invalid("worksheet mergeCells appears before sheetData"))
test-data/ooxml/xlsx/sheet-state-show.xlsx	стр2	Z100	cell	B-fix	reads=20	bytes=14527	Ok(Missing)
test-data/ooxml/xlsx/sheet-state-show.xlsx	стр2	Z100	cell	C-fix+gate	reads=20	bytes=14527	Ok(Missing)
test-data/ooxml/xlsx/style-alternate-content.xlsx	Sheet2	A1	cell	A-base	reads=12	bytes=2079	Err(Invalid("worksheet mergeCells appears before sheetData"))
test-data/ooxml/xlsx/style-alternate-content.xlsx	Sheet2	A1	cell	B-fix	reads=21	bytes=7096	Ok(Stored(Empty))
test-data/ooxml/xlsx/style-alternate-content.xlsx	Sheet2	A1	cell	C-fix+gate	reads=21	bytes=7096	Ok(Stored(Empty))
test-data/ooxml/xlsx/style-alternate-content.xlsx	Sheet2	A1:E5	cells	A-base	reads=12	bytes=2079	Err(Invalid("worksheet mergeCells appears before sheetData"))
test-data/ooxml/xlsx/style-alternate-content.xlsx	Sheet2	A1:E5	cells	B-fix	reads=21	bytes=7096	Ok([SourceCell { address: Cell { row: Row(0), column: Column(0) }, cell: Empty }, SourceCell { address: Cell { row: Row(0), column: Column(1) }, cell: Empty }, SourceCell { address: Cell { row: Row(0), column: Column(2) }, cell: Empty }, SourceCell { address: Cell { row: Row(1), column: Column(0) }, cell: Value(Text("사이버서당 무상 콘텐츠 이용 신청서")) }, SourceCell { address: Cell { row: Row(1), column: Column(1) }, cell: Empty }, SourceCell { address: Cell { row: Row(1), column: Column(2) }, cell: Empty }, SourceCell { address: Cell { row: Row(3), column: Column(0) }, cell: Value(Text("1. 센터명")) }, SourceCell { address: Cell { row: Row(3), column: Column(1) }, cell: Empty }, SourceCell { address: Cell { row: Row(3), column: Column(2) }, cell: Empty }, SourceCell { address: Cell { row: Row(4), column: Column(0) }, cell: Value(Text("2. 주소지")) }, SourceCell { address: Cell { row: Row(4), column: Column(1) }, cell: Empty }, SourceCell { address: Cell { row: Row(4), column: Column(2) }, cell: Empty }])
test-data/ooxml/xlsx/style-alternate-content.xlsx	Sheet2	A1:E5	cells	C-fix+gate	reads=21	bytes=7096	Ok([SourceCell { address: Cell { row: Row(0), column: Column(0) }, cell: Empty }, SourceCell { address: Cell { row: Row(0), column: Column(1) }, cell: Empty }, SourceCell { address: Cell { row: Row(0), column: Column(2) }, cell: Empty }, SourceCell { address: Cell { row: Row(1), column: Column(0) }, cell: Value(Text("사이버서당 무상 콘텐츠 이용 신청서")) }, SourceCell { address: Cell { row: Row(1), column: Column(1) }, cell: Empty }, SourceCell { address: Cell { row: Row(1), column: Column(2) }, cell: Empty }, SourceCell { address: Cell { row: Row(3), column: Column(0) }, cell: Value(Text("1. 센터명")) }, SourceCell { address: Cell { row: Row(3), column: Column(1) }, cell: Empty }, SourceCell { address: Cell { row: Row(3), column: Column(2) }, cell: Empty }, SourceCell { address: Cell { row: Row(4), column: Column(0) }, cell: Value(Text("2. 주소지")) }, SourceCell { address: Cell { row: Row(4), column: Column(1) }, cell: Empty }, SourceCell { address: Cell { row: Row(4), column: Column(2) }, cell: Empty }])
test-data/ooxml/xlsx/style-alternate-content.xlsx	Sheet2	A2	cell	A-base	reads=12	bytes=2079	Err(Invalid("worksheet mergeCells appears before sheetData"))
test-data/ooxml/xlsx/style-alternate-content.xlsx	Sheet2	A2	cell	B-fix	reads=21	bytes=7096	Ok(Stored(Value(Text("사이버서당 무상 콘텐츠 이용 신청서"))))
test-data/ooxml/xlsx/style-alternate-content.xlsx	Sheet2	A2	cell	C-fix+gate	reads=21	bytes=7096	Ok(Stored(Value(Text("사이버서당 무상 콘텐츠 이용 신청서"))))
test-data/ooxml/xlsx/style-alternate-content.xlsx	Sheet2	AA1	cell	A-base	reads=12	bytes=2079	Err(Invalid("worksheet mergeCells appears before sheetData"))
test-data/ooxml/xlsx/style-alternate-content.xlsx	Sheet2	AA1	cell	B-fix	reads=21	bytes=7096	Ok(Missing)
test-data/ooxml/xlsx/style-alternate-content.xlsx	Sheet2	AA1	cell	C-fix+gate	reads=21	bytes=7096	Ok(Missing)
test-data/ooxml/xlsx/style-alternate-content.xlsx	Sheet2	B1	cell	A-base	reads=12	bytes=2079	Err(Invalid("worksheet mergeCells appears before sheetData"))
test-data/ooxml/xlsx/style-alternate-content.xlsx	Sheet2	B1	cell	B-fix	reads=21	bytes=7096	Ok(Covered(Rect { start: Cell { row: Row(0), column: Column(0) }, end_row: 1, end_column: 3 }))
test-data/ooxml/xlsx/style-alternate-content.xlsx	Sheet2	B1	cell	C-fix+gate	reads=21	bytes=7096	Ok(Covered(Rect { start: Cell { row: Row(0), column: Column(0) }, end_row: 1, end_column: 3 }))
test-data/ooxml/xlsx/style-alternate-content.xlsx	Sheet2	B1:B50	cells	A-base	reads=12	bytes=2079	Err(Invalid("worksheet mergeCells appears before sheetData"))
test-data/ooxml/xlsx/style-alternate-content.xlsx	Sheet2	B1:B50	cells	B-fix	reads=21	bytes=7096	Ok([SourceCell { address: Cell { row: Row(0), column: Column(1) }, cell: Empty }, SourceCell { address: Cell { row: Row(1), column: Column(1) }, cell: Empty }, SourceCell { address: Cell { row: Row(3), column: Column(1) }, cell: Empty }, SourceCell { address: Cell { row: Row(4), column: Column(1) }, cell: Empty }, SourceCell { address: Cell { row: Row(5), column: Column(1) }, cell: Empty }, SourceCell { address: Cell { row: Row(6), column: Column(1) }, cell: Value(Text("성명")) }, SourceCell { address: Cell { row: Row(7), column: Column(1) }, cell: Value(Text("전화번호")) }, SourceCell { address: Cell { row: Row(8), column: Column(1) }, cell: Empty }, SourceCell { address: Cell { row: Row(9), column: Column(1) }, cell: Value(Text("IP대역")) }, SourceCell { address: Cell { row: Row(10), column: Column(1) }, cell: Empty }, SourceCell { address: Cell { row: Row(11), column: Column(1) }, cell: Empty }, SourceCell { address: Cell { row: Row(12), column: Column(1) }, cell: Empty }, SourceCell { address: Cell { row: Row(13), column: Column(1) }, cell: Empty }, SourceCell { address: Cell { row: Row(14), column: Column(1) }, cell: Empty }, SourceCell { address: Cell { row: Row(15), column: Column(1) }, cell: Empty }, SourceCell { address: Cell { row: Row(16), column: Column(1) }, cell: Empty }, SourceCell { address: Cell { row: Row(17), column: Column(1) }, cell: Empty }, SourceCell { address: Cell { row: Row(18), column: Column(1) }, cell: Empty }, SourceCell { address: Cell { row: Row(19), column: Column(1) }, cell: Empty }, SourceCell { address: Cell { row: Row(20), column: Column(1) }, cell: Empty }, SourceCell { address: Cell { row: Row(21), column: Column(1) }, cell: Empty }, SourceCell { address: Cell { row: Row(22), column: Column(1) }, cell: Empty }, SourceCell { address: Cell { row: Row(23), column: Column(1) }, cell: Empty }, SourceCell { address: Cell { row: Row(24), column: Column(1) }, cell: Empty }, SourceCell { address: Cell { row: Row(26), column: Column(1) }, cell: Empty }, SourceCell { address: Cell { row: Row(27), column: Column(1) }, cell: Empty }, SourceCell { address: Cell { row: Row(31), column: Column(1) }, cell: Value(Text("○○○시군구 드림스타트 센터(직인/관인)")) }, SourceCell { address: Cell { row: Row(33), column: Column(1) }, cell: Empty }, SourceCell { address: Cell { row: Row(35), column: Column(1) }, cell: Empty }, SourceCell { address: Cell { row: Row(36), column: Column(1) }, cell: Empty }, SourceCell { address: Cell { row: Row(37), column: Column(1) }, cell: Empty }, SourceCell { address: Cell { row: Row(38), column: Column(1) }, cell: Empty }, SourceCell { address: Cell { row: Row(39), column: Column(1) }, cell: Empty }])
test-data/ooxml/xlsx/style-alternate-content.xlsx	Sheet2	B1:B50	cells	C-fix+gate	reads=21	bytes=7096	Ok([SourceCell { address: Cell { row: Row(0), column: Column(1) }, cell: Empty }, SourceCell { address: Cell { row: Row(1), column: Column(1) }, cell: Empty }, SourceCell { address: Cell { row: Row(3), column: Column(1) }, cell: Empty }, SourceCell { address: Cell { row: Row(4), column: Column(1) }, cell: Empty }, SourceCell { address: Cell { row: Row(5), column: Column(1) }, cell: Empty }, SourceCell { address: Cell { row: Row(6), column: Column(1) }, cell: Value(Text("성명")) }, SourceCell { address: Cell { row: Row(7), column: Column(1) }, cell: Value(Text("전화번호")) }, SourceCell { address: Cell { row: Row(8), column: Column(1) }, cell: Empty }, SourceCell { address: Cell { row: Row(9), column: Column(1) }, cell: Value(Text("IP대역")) }, SourceCell { address: Cell { row: Row(10), column: Column(1) }, cell: Empty }, SourceCell { address: Cell { row: Row(11), column: Column(1) }, cell: Empty }, SourceCell { address: Cell { row: Row(12), column: Column(1) }, cell: Empty }, SourceCell { address: Cell { row: Row(13), column: Column(1) }, cell: Empty }, SourceCell { address: Cell { row: Row(14), column: Column(1) }, cell: Empty }, SourceCell { address: Cell { row: Row(15), column: Column(1) }, cell: Empty }, SourceCell { address: Cell { row: Row(16), column: Column(1) }, cell: Empty }, SourceCell { address: Cell { row: Row(17), column: Column(1) }, cell: Empty }, SourceCell { address: Cell { row: Row(18), column: Column(1) }, cell: Empty }, SourceCell { address: Cell { row: Row(19), column: Column(1) }, cell: Empty }, SourceCell { address: Cell { row: Row(20), column: Column(1) }, cell: Empty }, SourceCell { address: Cell { row: Row(21), column: Column(1) }, cell: Empty }, SourceCell { address: Cell { row: Row(22), column: Column(1) }, cell: Empty }, SourceCell { address: Cell { row: Row(23), column: Column(1) }, cell: Empty }, SourceCell { address: Cell { row: Row(24), column: Column(1) }, cell: Empty }, SourceCell { address: Cell { row: Row(26), column: Column(1) }, cell: Empty }, SourceCell { address: Cell { row: Row(27), column: Column(1) }, cell: Empty }, SourceCell { address: Cell { row: Row(31), column: Column(1) }, cell: Value(Text("○○○시군구 드림스타트 센터(직인/관인)")) }, SourceCell { address: Cell { row: Row(33), column: Column(1) }, cell: Empty }, SourceCell { address: Cell { row: Row(35), column: Column(1) }, cell: Empty }, SourceCell { address: Cell { row: Row(36), column: Column(1) }, cell: Empty }, SourceCell { address: Cell { row: Row(37), column: Column(1) }, cell: Empty }, SourceCell { address: Cell { row: Row(38), column: Column(1) }, cell: Empty }, SourceCell { address: Cell { row: Row(39), column: Column(1) }, cell: Empty }])
test-data/ooxml/xlsx/style-alternate-content.xlsx	Sheet2	B2	cell	A-base	reads=12	bytes=2079	Err(Invalid("worksheet mergeCells appears before sheetData"))
test-data/ooxml/xlsx/style-alternate-content.xlsx	Sheet2	B2	cell	B-fix	reads=21	bytes=7096	Ok(Covered(Rect { start: Cell { row: Row(1), column: Column(0) }, end_row: 2, end_column: 3 }))
test-data/ooxml/xlsx/style-alternate-content.xlsx	Sheet2	B2	cell	C-fix+gate	reads=21	bytes=7096	Ok(Covered(Rect { start: Cell { row: Row(1), column: Column(0) }, end_row: 2, end_column: 3 }))
test-data/ooxml/xlsx/style-alternate-content.xlsx	Sheet2	BA50	cell	A-base	reads=12	bytes=2079	Err(Invalid("worksheet mergeCells appears before sheetData"))
test-data/ooxml/xlsx/style-alternate-content.xlsx	Sheet2	BA50	cell	B-fix	reads=21	bytes=7096	Ok(Missing)
test-data/ooxml/xlsx/style-alternate-content.xlsx	Sheet2	BA50	cell	C-fix+gate	reads=21	bytes=7096	Ok(Missing)
test-data/ooxml/xlsx/style-alternate-content.xlsx	Sheet2	C3	cell	A-base	reads=12	bytes=2079	Err(Invalid("worksheet mergeCells appears before sheetData"))
test-data/ooxml/xlsx/style-alternate-content.xlsx	Sheet2	C3	cell	B-fix	reads=21	bytes=7096	Ok(Missing)
test-data/ooxml/xlsx/style-alternate-content.xlsx	Sheet2	C3	cell	C-fix+gate	reads=21	bytes=7096	Ok(Missing)
test-data/ooxml/xlsx/style-alternate-content.xlsx	Sheet2	D4	cell	A-base	reads=12	bytes=2079	Err(Invalid("worksheet mergeCells appears before sheetData"))
test-data/ooxml/xlsx/style-alternate-content.xlsx	Sheet2	D4	cell	B-fix	reads=21	bytes=7096	Ok(Missing)
test-data/ooxml/xlsx/style-alternate-content.xlsx	Sheet2	D4	cell	C-fix+gate	reads=21	bytes=7096	Ok(Missing)
test-data/ooxml/xlsx/style-alternate-content.xlsx	Sheet2	E5	cell	A-base	reads=12	bytes=2079	Err(Invalid("worksheet mergeCells appears before sheetData"))
test-data/ooxml/xlsx/style-alternate-content.xlsx	Sheet2	E5	cell	B-fix	reads=21	bytes=7096	Ok(Missing)
test-data/ooxml/xlsx/style-alternate-content.xlsx	Sheet2	E5	cell	C-fix+gate	reads=21	bytes=7096	Ok(Missing)
test-data/ooxml/xlsx/style-alternate-content.xlsx	Sheet2	H680	cell	A-base	reads=12	bytes=2079	Err(Invalid("worksheet mergeCells appears before sheetData"))
test-data/ooxml/xlsx/style-alternate-content.xlsx	Sheet2	H680	cell	B-fix	reads=21	bytes=7096	Ok(Missing)
test-data/ooxml/xlsx/style-alternate-content.xlsx	Sheet2	H680	cell	C-fix+gate	reads=21	bytes=7096	Ok(Missing)
test-data/ooxml/xlsx/style-alternate-content.xlsx	Sheet2	M29	cell	A-base	reads=12	bytes=2079	Err(Invalid("worksheet mergeCells appears before sheetData"))
test-data/ooxml/xlsx/style-alternate-content.xlsx	Sheet2	M29	cell	B-fix	reads=21	bytes=7096	Ok(Missing)
test-data/ooxml/xlsx/style-alternate-content.xlsx	Sheet2	M29	cell	C-fix+gate	reads=21	bytes=7096	Ok(Missing)
test-data/ooxml/xlsx/style-alternate-content.xlsx	Sheet2	Z100	cell	A-base	reads=12	bytes=2079	Err(Invalid("worksheet mergeCells appears before sheetData"))
test-data/ooxml/xlsx/style-alternate-content.xlsx	Sheet2	Z100	cell	B-fix	reads=21	bytes=7096	Ok(Missing)
test-data/ooxml/xlsx/style-alternate-content.xlsx	Sheet2	Z100	cell	C-fix+gate	reads=21	bytes=7096	Ok(Missing)
test-data/ooxml/xlsx/universal-content.xlsx	Sheet1	A1	cell	A-base	reads=11	bytes=1221	Err(Invalid("worksheet mergeCells appears before sheetData"))
test-data/ooxml/xlsx/universal-content.xlsx	Sheet1	A1	cell	B-fix	reads=23	bytes=3153	Ok(Stored(Value(Number(Number("1")))))
test-data/ooxml/xlsx/universal-content.xlsx	Sheet1	A1	cell	C-fix+gate	reads=23	bytes=3153	Ok(Stored(Value(Number(Number("1")))))
test-data/ooxml/xlsx/universal-content.xlsx	Sheet1	A1:E5	cells	A-base	reads=11	bytes=1221	Err(Invalid("worksheet mergeCells appears before sheetData"))
test-data/ooxml/xlsx/universal-content.xlsx	Sheet1	A1:E5	cells	B-fix	reads=23	bytes=3153	Ok([SourceCell { address: Cell { row: Row(0), column: Column(0) }, cell: Value(Number(Number("1"))) }, SourceCell { address: Cell { row: Row(0), column: Column(1) }, cell: Value(Text("String1")) }, SourceCell { address: Cell { row: Row(0), column: Column(2) }, cell: Formula(Formula { text: "2*3", kind: Scalar, cached: Some(Cache { value: Number(Number("6")), origin: Stored, freshness: Unknown }) }) }, SourceCell { address: Cell { row: Row(1), column: Column(0) }, cell: Value(Number(Number("2"))) }, SourceCell { address: Cell { row: Row(1), column: Column(1) }, cell: Value(Text("String2")) }, SourceCell { address: Cell { row: Row(1), column: Column(2) }, cell: Formula(Formula { text: "2+3", kind: Scalar, cached: Some(Cache { value: Number(Number("5")), origin: Stored, freshness: Unknown }) }) }, SourceCell { address: Cell { row: Row(2), column: Column(2) }, cell: Formula(Formula { text: "2-3", kind: Scalar, cached: Some(Cache { value: Number(Number("-1")), origin: Stored, freshness: Unknown }) }) }, SourceCell { address: Cell { row: Row(3), column: Column(2) }, cell: Formula(Formula { text: "C1+C2", kind: Scalar, cached: Some(Cache { value: Number(Number("11")), origin: Stored, freshness: Unknown }) }) }])
test-data/ooxml/xlsx/universal-content.xlsx	Sheet1	A1:E5	cells	C-fix+gate	reads=23	bytes=3153	Ok([SourceCell { address: Cell { row: Row(0), column: Column(0) }, cell: Value(Number(Number("1"))) }, SourceCell { address: Cell { row: Row(0), column: Column(1) }, cell: Value(Text("String1")) }, SourceCell { address: Cell { row: Row(0), column: Column(2) }, cell: Formula(Formula { text: "2*3", kind: Scalar, cached: Some(Cache { value: Number(Number("6")), origin: Stored, freshness: Unknown }) }) }, SourceCell { address: Cell { row: Row(1), column: Column(0) }, cell: Value(Number(Number("2"))) }, SourceCell { address: Cell { row: Row(1), column: Column(1) }, cell: Value(Text("String2")) }, SourceCell { address: Cell { row: Row(1), column: Column(2) }, cell: Formula(Formula { text: "2+3", kind: Scalar, cached: Some(Cache { value: Number(Number("5")), origin: Stored, freshness: Unknown }) }) }, SourceCell { address: Cell { row: Row(2), column: Column(2) }, cell: Formula(Formula { text: "2-3", kind: Scalar, cached: Some(Cache { value: Number(Number("-1")), origin: Stored, freshness: Unknown }) }) }, SourceCell { address: Cell { row: Row(3), column: Column(2) }, cell: Formula(Formula { text: "C1+C2", kind: Scalar, cached: Some(Cache { value: Number(Number("11")), origin: Stored, freshness: Unknown }) }) }])
test-data/ooxml/xlsx/universal-content.xlsx	Sheet1	A2	cell	A-base	reads=11	bytes=1221	Err(Invalid("worksheet mergeCells appears before sheetData"))
test-data/ooxml/xlsx/universal-content.xlsx	Sheet1	A2	cell	B-fix	reads=23	bytes=3153	Ok(Stored(Value(Number(Number("2")))))
test-data/ooxml/xlsx/universal-content.xlsx	Sheet1	A2	cell	C-fix+gate	reads=23	bytes=3153	Ok(Stored(Value(Number(Number("2")))))
test-data/ooxml/xlsx/universal-content.xlsx	Sheet1	AA1	cell	A-base	reads=11	bytes=1221	Err(Invalid("worksheet mergeCells appears before sheetData"))
test-data/ooxml/xlsx/universal-content.xlsx	Sheet1	AA1	cell	B-fix	reads=23	bytes=3153	Ok(Missing)
test-data/ooxml/xlsx/universal-content.xlsx	Sheet1	AA1	cell	C-fix+gate	reads=23	bytes=3153	Ok(Missing)
test-data/ooxml/xlsx/universal-content.xlsx	Sheet1	B1	cell	A-base	reads=11	bytes=1221	Err(Invalid("worksheet mergeCells appears before sheetData"))
test-data/ooxml/xlsx/universal-content.xlsx	Sheet1	B1	cell	B-fix	reads=23	bytes=3153	Ok(Stored(Value(Text("String1"))))
test-data/ooxml/xlsx/universal-content.xlsx	Sheet1	B1	cell	C-fix+gate	reads=23	bytes=3153	Ok(Stored(Value(Text("String1"))))
test-data/ooxml/xlsx/universal-content.xlsx	Sheet1	B1:B50	cells	A-base	reads=11	bytes=1221	Err(Invalid("worksheet mergeCells appears before sheetData"))
test-data/ooxml/xlsx/universal-content.xlsx	Sheet1	B1:B50	cells	B-fix	reads=23	bytes=3153	Ok([SourceCell { address: Cell { row: Row(0), column: Column(1) }, cell: Value(Text("String1")) }, SourceCell { address: Cell { row: Row(1), column: Column(1) }, cell: Value(Text("String2")) }])
test-data/ooxml/xlsx/universal-content.xlsx	Sheet1	B1:B50	cells	C-fix+gate	reads=23	bytes=3153	Ok([SourceCell { address: Cell { row: Row(0), column: Column(1) }, cell: Value(Text("String1")) }, SourceCell { address: Cell { row: Row(1), column: Column(1) }, cell: Value(Text("String2")) }])
test-data/ooxml/xlsx/universal-content.xlsx	Sheet1	B2	cell	A-base	reads=11	bytes=1221	Err(Invalid("worksheet mergeCells appears before sheetData"))
test-data/ooxml/xlsx/universal-content.xlsx	Sheet1	B2	cell	B-fix	reads=23	bytes=3153	Ok(Stored(Value(Text("String2"))))
test-data/ooxml/xlsx/universal-content.xlsx	Sheet1	B2	cell	C-fix+gate	reads=23	bytes=3153	Ok(Stored(Value(Text("String2"))))
test-data/ooxml/xlsx/universal-content.xlsx	Sheet1	BA50	cell	A-base	reads=11	bytes=1221	Err(Invalid("worksheet mergeCells appears before sheetData"))
test-data/ooxml/xlsx/universal-content.xlsx	Sheet1	BA50	cell	B-fix	reads=23	bytes=3153	Ok(Missing)
test-data/ooxml/xlsx/universal-content.xlsx	Sheet1	BA50	cell	C-fix+gate	reads=23	bytes=3153	Ok(Missing)
test-data/ooxml/xlsx/universal-content.xlsx	Sheet1	C3	cell	A-base	reads=11	bytes=1221	Err(Invalid("worksheet mergeCells appears before sheetData"))
test-data/ooxml/xlsx/universal-content.xlsx	Sheet1	C3	cell	B-fix	reads=23	bytes=3153	Ok(Stored(Formula(Formula { text: "2-3", kind: Scalar, cached: Some(Cache { value: Number(Number("-1")), origin: Stored, freshness: Unknown }) })))
test-data/ooxml/xlsx/universal-content.xlsx	Sheet1	C3	cell	C-fix+gate	reads=23	bytes=3153	Ok(Stored(Formula(Formula { text: "2-3", kind: Scalar, cached: Some(Cache { value: Number(Number("-1")), origin: Stored, freshness: Unknown }) })))
test-data/ooxml/xlsx/universal-content.xlsx	Sheet1	D4	cell	A-base	reads=11	bytes=1221	Err(Invalid("worksheet mergeCells appears before sheetData"))
test-data/ooxml/xlsx/universal-content.xlsx	Sheet1	D4	cell	B-fix	reads=23	bytes=3153	Ok(Missing)
test-data/ooxml/xlsx/universal-content.xlsx	Sheet1	D4	cell	C-fix+gate	reads=23	bytes=3153	Ok(Missing)
test-data/ooxml/xlsx/universal-content.xlsx	Sheet1	E5	cell	A-base	reads=11	bytes=1221	Err(Invalid("worksheet mergeCells appears before sheetData"))
test-data/ooxml/xlsx/universal-content.xlsx	Sheet1	E5	cell	B-fix	reads=23	bytes=3153	Ok(Missing)
test-data/ooxml/xlsx/universal-content.xlsx	Sheet1	E5	cell	C-fix+gate	reads=23	bytes=3153	Ok(Missing)
test-data/ooxml/xlsx/universal-content.xlsx	Sheet1	H680	cell	A-base	reads=11	bytes=1221	Err(Invalid("worksheet mergeCells appears before sheetData"))
test-data/ooxml/xlsx/universal-content.xlsx	Sheet1	H680	cell	B-fix	reads=23	bytes=3153	Ok(Missing)
test-data/ooxml/xlsx/universal-content.xlsx	Sheet1	H680	cell	C-fix+gate	reads=23	bytes=3153	Ok(Missing)
test-data/ooxml/xlsx/universal-content.xlsx	Sheet1	M29	cell	A-base	reads=11	bytes=1221	Err(Invalid("worksheet mergeCells appears before sheetData"))
test-data/ooxml/xlsx/universal-content.xlsx	Sheet1	M29	cell	B-fix	reads=23	bytes=3153	Ok(Missing)
test-data/ooxml/xlsx/universal-content.xlsx	Sheet1	M29	cell	C-fix+gate	reads=23	bytes=3153	Ok(Missing)
test-data/ooxml/xlsx/universal-content.xlsx	Sheet1	Z100	cell	A-base	reads=11	bytes=1221	Err(Invalid("worksheet mergeCells appears before sheetData"))
test-data/ooxml/xlsx/universal-content.xlsx	Sheet1	Z100	cell	B-fix	reads=23	bytes=3153	Ok(Missing)
test-data/ooxml/xlsx/universal-content.xlsx	Sheet1	Z100	cell	C-fix+gate	reads=23	bytes=3153	Ok(Missing)
test-data/poi/test-data/spreadsheet/45540_form_Footer.xlsx	Application Form (CEP)	A1	cell	A-base	reads=16	bytes=5792	Err(Invalid("worksheet mergeCells appears before sheetData"))
test-data/poi/test-data/spreadsheet/45540_form_Footer.xlsx	Application Form (CEP)	A1	cell	B-fix	reads=25	bytes=14356	Ok(Missing)
test-data/poi/test-data/spreadsheet/45540_form_Footer.xlsx	Application Form (CEP)	A1	cell	C-fix+gate	reads=25	bytes=14356	Ok(Missing)
test-data/poi/test-data/spreadsheet/45540_form_Footer.xlsx	Application Form (CEP)	A1:E5	cells	A-base	reads=16	bytes=5792	Err(Invalid("worksheet mergeCells appears before sheetData"))
test-data/poi/test-data/spreadsheet/45540_form_Footer.xlsx	Application Form (CEP)	A1:E5	cells	B-fix	reads=25	bytes=14356	Ok([SourceCell { address: Cell { row: Row(2), column: Column(0) }, cell: Value(Text("All information in this form will be treated as confidential and will only be used by CEIBS Admission Committee. (Please type or print legibly.)")) }, SourceCell { address: Cell { row: Row(2), column: Column(1) }, cell: Empty }, SourceCell { address: Cell { row: Row(2), column: Column(2) }, cell: Empty }, SourceCell { address: Cell { row: Row(2), column: Column(3) }, cell: Empty }, SourceCell { address: Cell { row: Row(2), column: Column(4) }, cell: Empty }, SourceCell { address: Cell { row: Row(4), column: Column(0) }, cell: Value(Text("I would like to apply for the session:")) }])
test-data/poi/test-data/spreadsheet/45540_form_Footer.xlsx	Application Form (CEP)	A1:E5	cells	C-fix+gate	reads=25	bytes=14356	Ok([SourceCell { address: Cell { row: Row(2), column: Column(0) }, cell: Value(Text("All information in this form will be treated as confidential and will only be used by CEIBS Admission Committee. (Please type or print legibly.)")) }, SourceCell { address: Cell { row: Row(2), column: Column(1) }, cell: Empty }, SourceCell { address: Cell { row: Row(2), column: Column(2) }, cell: Empty }, SourceCell { address: Cell { row: Row(2), column: Column(3) }, cell: Empty }, SourceCell { address: Cell { row: Row(2), column: Column(4) }, cell: Empty }, SourceCell { address: Cell { row: Row(4), column: Column(0) }, cell: Value(Text("I would like to apply for the session:")) }])
test-data/poi/test-data/spreadsheet/45540_form_Footer.xlsx	Application Form (CEP)	A2	cell	A-base	reads=16	bytes=5792	Err(Invalid("worksheet mergeCells appears before sheetData"))
test-data/poi/test-data/spreadsheet/45540_form_Footer.xlsx	Application Form (CEP)	A2	cell	B-fix	reads=25	bytes=14356	Ok(Missing)
test-data/poi/test-data/spreadsheet/45540_form_Footer.xlsx	Application Form (CEP)	A2	cell	C-fix+gate	reads=25	bytes=14356	Ok(Missing)
test-data/poi/test-data/spreadsheet/45540_form_Footer.xlsx	Application Form (CEP)	AA1	cell	A-base	reads=16	bytes=5792	Err(Invalid("worksheet mergeCells appears before sheetData"))
test-data/poi/test-data/spreadsheet/45540_form_Footer.xlsx	Application Form (CEP)	AA1	cell	B-fix	reads=25	bytes=14356	Ok(Missing)
test-data/poi/test-data/spreadsheet/45540_form_Footer.xlsx	Application Form (CEP)	AA1	cell	C-fix+gate	reads=25	bytes=14356	Ok(Missing)
test-data/poi/test-data/spreadsheet/45540_form_Footer.xlsx	Application Form (CEP)	B1	cell	A-base	reads=16	bytes=5792	Err(Invalid("worksheet mergeCells appears before sheetData"))
test-data/poi/test-data/spreadsheet/45540_form_Footer.xlsx	Application Form (CEP)	B1	cell	B-fix	reads=25	bytes=14356	Ok(Missing)
test-data/poi/test-data/spreadsheet/45540_form_Footer.xlsx	Application Form (CEP)	B1	cell	C-fix+gate	reads=25	bytes=14356	Ok(Missing)
test-data/poi/test-data/spreadsheet/45540_form_Footer.xlsx	Application Form (CEP)	B1:B50	cells	A-base	reads=16	bytes=5792	Err(Invalid("worksheet mergeCells appears before sheetData"))
test-data/poi/test-data/spreadsheet/45540_form_Footer.xlsx	Application Form (CEP)	B1:B50	cells	B-fix	reads=25	bytes=14356	Ok([SourceCell { address: Cell { row: Row(2), column: Column(1) }, cell: Empty }, SourceCell { address: Cell { row: Row(6), column: Column(1) }, cell: Empty }, SourceCell { address: Cell { row: Row(11), column: Column(1) }, cell: Empty }, SourceCell { address: Cell { row: Row(16), column: Column(1) }, cell: Empty }, SourceCell { address: Cell { row: Row(17), column: Column(1) }, cell: Empty }, SourceCell { address: Cell { row: Row(18), column: Column(1) }, cell: Empty }, SourceCell { address: Cell { row: Row(19), column: Column(1) }, cell: Empty }, SourceCell { address: Cell { row: Row(20), column: Column(1) }, cell: Empty }, SourceCell { address: Cell { row: Row(21), column: Column(1) }, cell: Empty }, SourceCell { address: Cell { row: Row(22), column: Column(1) }, cell: Empty }, SourceCell { address: Cell { row: Row(23), column: Column(1) }, cell: Empty }, SourceCell { address: Cell { row: Row(25), column: Column(1) }, cell: Empty }, SourceCell { address: Cell { row: Row(27), column: Column(1) }, cell: Empty }, SourceCell { address: Cell { row: Row(28), column: Column(1) }, cell: Value(Text("Advertisement, please specify name of publication and issue date:")) }, SourceCell { address: Cell { row: Row(29), column: Column(1) }, cell: Value(Text("Internet, please specify which search engine or website:")) }, SourceCell { address: Cell { row: Row(30), column: Column(1) }, cell: Value(Text("Course information package received by mail")) }, SourceCell { address: Cell { row: Row(31), column: Column(1) }, cell: Value(Text("Course information received by fax")) }, SourceCell { address: Cell { row: Row(32), column: Column(1) }, cell: Value(Text("Course information received by e-mail")) }, SourceCell { address: Cell { row: Row(33), column: Column(1) }, cell: Value(Text("Recommended by CEIBS Account Manager")) }, SourceCell { address: Cell { row: Row(34), column: Column(1) }, cell: Value(Text("Recommended by colleague or friend")) }, SourceCell { address: Cell { row: Row(35), column: Column(1) }, cell: Value(Text("CEIBS website (www.ceibs.edu)")) }, SourceCell { address: Cell { row: Row(36), column: Column(1) }, cell: Value(Text("Other:")) }, SourceCell { address: Cell { row: Row(37), column: Column(1) }, cell: Empty }, SourceCell { address: Cell { row: Row(38), column: Column(1) }, cell: Value(Text("Aerospace/Aerospace Equipment")) }, SourceCell { address: Cell { row: Row(39), column: Column(1) }, cell: Value(Text("Automotive")) }, SourceCell { address: Cell { row: Row(40), column: Column(1) }, cell: Value(Text("Business Consulting/Business Service")) }, SourceCell { address: Cell { row: Row(41), column: Column(1) }, cell: Value(Text("Chemicals")) }, SourceCell { address: Cell { row: Row(42), column: Column(1) }, cell: Value(Text("Consumer Product")) }, SourceCell { address: Cell { row: Row(43), column: Column(1) }, cell: Value(Text("Electrical")) }, SourceCell { address: Cell { row: Row(44), column: Column(1) }, cell: Value(Text("Electronics")) }, SourceCell { address: Cell { row: Row(45), column: Column(1) }, cell: Value(Text("Financial Service/Insurance")) }, SourceCell { address: Cell { row: Row(46), column: Column(1) }, cell: Value(Text("Food/Beverage")) }, SourceCell { address: Cell { row: Row(47), column: Column(1) }, cell: Empty }, SourceCell { address: Cell { row: Row(48), column: Column(1) }, cell: Empty }, SourceCell { address: Cell { row: Row(49), column: Column(1) }, cell: Empty }])
test-data/poi/test-data/spreadsheet/45540_form_Footer.xlsx	Application Form (CEP)	B1:B50	cells	C-fix+gate	reads=25	bytes=14356	Ok([SourceCell { address: Cell { row: Row(2), column: Column(1) }, cell: Empty }, SourceCell { address: Cell { row: Row(6), column: Column(1) }, cell: Empty }, SourceCell { address: Cell { row: Row(11), column: Column(1) }, cell: Empty }, SourceCell { address: Cell { row: Row(16), column: Column(1) }, cell: Empty }, SourceCell { address: Cell { row: Row(17), column: Column(1) }, cell: Empty }, SourceCell { address: Cell { row: Row(18), column: Column(1) }, cell: Empty }, SourceCell { address: Cell { row: Row(19), column: Column(1) }, cell: Empty }, SourceCell { address: Cell { row: Row(20), column: Column(1) }, cell: Empty }, SourceCell { address: Cell { row: Row(21), column: Column(1) }, cell: Empty }, SourceCell { address: Cell { row: Row(22), column: Column(1) }, cell: Empty }, SourceCell { address: Cell { row: Row(23), column: Column(1) }, cell: Empty }, SourceCell { address: Cell { row: Row(25), column: Column(1) }, cell: Empty }, SourceCell { address: Cell { row: Row(27), column: Column(1) }, cell: Empty }, SourceCell { address: Cell { row: Row(28), column: Column(1) }, cell: Value(Text("Advertisement, please specify name of publication and issue date:")) }, SourceCell { address: Cell { row: Row(29), column: Column(1) }, cell: Value(Text("Internet, please specify which search engine or website:")) }, SourceCell { address: Cell { row: Row(30), column: Column(1) }, cell: Value(Text("Course information package received by mail")) }, SourceCell { address: Cell { row: Row(31), column: Column(1) }, cell: Value(Text("Course information received by fax")) }, SourceCell { address: Cell { row: Row(32), column: Column(1) }, cell: Value(Text("Course information received by e-mail")) }, SourceCell { address: Cell { row: Row(33), column: Column(1) }, cell: Value(Text("Recommended by CEIBS Account Manager")) }, SourceCell { address: Cell { row: Row(34), column: Column(1) }, cell: Value(Text("Recommended by colleague or friend")) }, SourceCell { address: Cell { row: Row(35), column: Column(1) }, cell: Value(Text("CEIBS website (www.ceibs.edu)")) }, SourceCell { address: Cell { row: Row(36), column: Column(1) }, cell: Value(Text("Other:")) }, SourceCell { address: Cell { row: Row(37), column: Column(1) }, cell: Empty }, SourceCell { address: Cell { row: Row(38), column: Column(1) }, cell: Value(Text("Aerospace/Aerospace Equipment")) }, SourceCell { address: Cell { row: Row(39), column: Column(1) }, cell: Value(Text("Automotive")) }, SourceCell { address: Cell { row: Row(40), column: Column(1) }, cell: Value(Text("Business Consulting/Business Service")) }, SourceCell { address: Cell { row: Row(41), column: Column(1) }, cell: Value(Text("Chemicals")) }, SourceCell { address: Cell { row: Row(42), column: Column(1) }, cell: Value(Text("Consumer Product")) }, SourceCell { address: Cell { row: Row(43), column: Column(1) }, cell: Value(Text("Electrical")) }, SourceCell { address: Cell { row: Row(44), column: Column(1) }, cell: Value(Text("Electronics")) }, SourceCell { address: Cell { row: Row(45), column: Column(1) }, cell: Value(Text("Financial Service/Insurance")) }, SourceCell { address: Cell { row: Row(46), column: Column(1) }, cell: Value(Text("Food/Beverage")) }, SourceCell { address: Cell { row: Row(47), column: Column(1) }, cell: Empty }, SourceCell { address: Cell { row: Row(48), column: Column(1) }, cell: Empty }, SourceCell { address: Cell { row: Row(49), column: Column(1) }, cell: Empty }])
test-data/poi/test-data/spreadsheet/45540_form_Footer.xlsx	Application Form (CEP)	B2	cell	A-base	reads=16	bytes=5792	Err(Invalid("worksheet mergeCells appears before sheetData"))
test-data/poi/test-data/spreadsheet/45540_form_Footer.xlsx	Application Form (CEP)	B2	cell	B-fix	reads=25	bytes=14356	Ok(Missing)
test-data/poi/test-data/spreadsheet/45540_form_Footer.xlsx	Application Form (CEP)	B2	cell	C-fix+gate	reads=25	bytes=14356	Ok(Missing)
test-data/poi/test-data/spreadsheet/45540_form_Footer.xlsx	Application Form (CEP)	BA50	cell	A-base	reads=16	bytes=5792	Err(Invalid("worksheet mergeCells appears before sheetData"))
test-data/poi/test-data/spreadsheet/45540_form_Footer.xlsx	Application Form (CEP)	BA50	cell	B-fix	reads=25	bytes=14356	Ok(Missing)
test-data/poi/test-data/spreadsheet/45540_form_Footer.xlsx	Application Form (CEP)	BA50	cell	C-fix+gate	reads=25	bytes=14356	Ok(Missing)
test-data/poi/test-data/spreadsheet/45540_form_Footer.xlsx	Application Form (CEP)	C3	cell	A-base	reads=16	bytes=5792	Err(Invalid("worksheet mergeCells appears before sheetData"))
test-data/poi/test-data/spreadsheet/45540_form_Footer.xlsx	Application Form (CEP)	C3	cell	B-fix	reads=25	bytes=14356	Ok(Covered(Rect { start: Cell { row: Row(2), column: Column(0) }, end_row: 3, end_column: 15 }))
test-data/poi/test-data/spreadsheet/45540_form_Footer.xlsx	Application Form (CEP)	C3	cell	C-fix+gate	reads=25	bytes=14356	Ok(Covered(Rect { start: Cell { row: Row(2), column: Column(0) }, end_row: 3, end_column: 15 }))
test-data/poi/test-data/spreadsheet/45540_form_Footer.xlsx	Application Form (CEP)	D4	cell	A-base	reads=16	bytes=5792	Err(Invalid("worksheet mergeCells appears before sheetData"))
test-data/poi/test-data/spreadsheet/45540_form_Footer.xlsx	Application Form (CEP)	D4	cell	B-fix	reads=25	bytes=14356	Ok(Missing)
test-data/poi/test-data/spreadsheet/45540_form_Footer.xlsx	Application Form (CEP)	D4	cell	C-fix+gate	reads=25	bytes=14356	Ok(Missing)
test-data/poi/test-data/spreadsheet/45540_form_Footer.xlsx	Application Form (CEP)	E5	cell	A-base	reads=16	bytes=5792	Err(Invalid("worksheet mergeCells appears before sheetData"))
test-data/poi/test-data/spreadsheet/45540_form_Footer.xlsx	Application Form (CEP)	E5	cell	B-fix	reads=25	bytes=14356	Ok(Missing)
test-data/poi/test-data/spreadsheet/45540_form_Footer.xlsx	Application Form (CEP)	E5	cell	C-fix+gate	reads=25	bytes=14356	Ok(Missing)
test-data/poi/test-data/spreadsheet/45540_form_Footer.xlsx	Application Form (CEP)	H680	cell	A-base	reads=16	bytes=5792	Err(Invalid("worksheet mergeCells appears before sheetData"))
test-data/poi/test-data/spreadsheet/45540_form_Footer.xlsx	Application Form (CEP)	H680	cell	B-fix	reads=25	bytes=14356	Ok(Missing)
test-data/poi/test-data/spreadsheet/45540_form_Footer.xlsx	Application Form (CEP)	H680	cell	C-fix+gate	reads=25	bytes=14356	Ok(Missing)
test-data/poi/test-data/spreadsheet/45540_form_Footer.xlsx	Application Form (CEP)	M29	cell	A-base	reads=16	bytes=5792	Err(Invalid("worksheet mergeCells appears before sheetData"))
test-data/poi/test-data/spreadsheet/45540_form_Footer.xlsx	Application Form (CEP)	M29	cell	B-fix	reads=25	bytes=14356	Ok(Covered(Rect { start: Cell { row: Row(28), column: Column(9) }, end_row: 29, end_column: 15 }))
test-data/poi/test-data/spreadsheet/45540_form_Footer.xlsx	Application Form (CEP)	M29	cell	C-fix+gate	reads=25	bytes=14356	Ok(Covered(Rect { start: Cell { row: Row(28), column: Column(9) }, end_row: 29, end_column: 15 }))
test-data/poi/test-data/spreadsheet/45540_form_Footer.xlsx	Application Form (CEP)	Z100	cell	A-base	reads=16	bytes=5792	Err(Invalid("worksheet mergeCells appears before sheetData"))
test-data/poi/test-data/spreadsheet/45540_form_Footer.xlsx	Application Form (CEP)	Z100	cell	B-fix	reads=25	bytes=14356	Ok(Missing)
test-data/poi/test-data/spreadsheet/45540_form_Footer.xlsx	Application Form (CEP)	Z100	cell	C-fix+gate	reads=25	bytes=14356	Ok(Missing)
test-data/poi/test-data/spreadsheet/45540_form_Header.xlsx	Application Form (CEP)	A1	cell	A-base	reads=16	bytes=5814	Err(Invalid("worksheet mergeCells appears before sheetData"))
test-data/poi/test-data/spreadsheet/45540_form_Header.xlsx	Application Form (CEP)	A1	cell	B-fix	reads=25	bytes=14384	Ok(Missing)
test-data/poi/test-data/spreadsheet/45540_form_Header.xlsx	Application Form (CEP)	A1	cell	C-fix+gate	reads=25	bytes=14384	Ok(Missing)
test-data/poi/test-data/spreadsheet/45540_form_Header.xlsx	Application Form (CEP)	A1:E5	cells	A-base	reads=16	bytes=5814	Err(Invalid("worksheet mergeCells appears before sheetData"))
test-data/poi/test-data/spreadsheet/45540_form_Header.xlsx	Application Form (CEP)	A1:E5	cells	B-fix	reads=25	bytes=14384	Ok([SourceCell { address: Cell { row: Row(2), column: Column(0) }, cell: Value(Text("All information in this form will be treated as confidential and will only be used by CEIBS Admission Committee. (Please type or print legibly.)")) }, SourceCell { address: Cell { row: Row(2), column: Column(1) }, cell: Empty }, SourceCell { address: Cell { row: Row(2), column: Column(2) }, cell: Empty }, SourceCell { address: Cell { row: Row(2), column: Column(3) }, cell: Empty }, SourceCell { address: Cell { row: Row(2), column: Column(4) }, cell: Empty }, SourceCell { address: Cell { row: Row(4), column: Column(0) }, cell: Value(Text("I would like to apply for the session:")) }])
test-data/poi/test-data/spreadsheet/45540_form_Header.xlsx	Application Form (CEP)	A1:E5	cells	C-fix+gate	reads=25	bytes=14384	Ok([SourceCell { address: Cell { row: Row(2), column: Column(0) }, cell: Value(Text("All information in this form will be treated as confidential and will only be used by CEIBS Admission Committee. (Please type or print legibly.)")) }, SourceCell { address: Cell { row: Row(2), column: Column(1) }, cell: Empty }, SourceCell { address: Cell { row: Row(2), column: Column(2) }, cell: Empty }, SourceCell { address: Cell { row: Row(2), column: Column(3) }, cell: Empty }, SourceCell { address: Cell { row: Row(2), column: Column(4) }, cell: Empty }, SourceCell { address: Cell { row: Row(4), column: Column(0) }, cell: Value(Text("I would like to apply for the session:")) }])
test-data/poi/test-data/spreadsheet/45540_form_Header.xlsx	Application Form (CEP)	A2	cell	A-base	reads=16	bytes=5814	Err(Invalid("worksheet mergeCells appears before sheetData"))
test-data/poi/test-data/spreadsheet/45540_form_Header.xlsx	Application Form (CEP)	A2	cell	B-fix	reads=25	bytes=14384	Ok(Missing)
test-data/poi/test-data/spreadsheet/45540_form_Header.xlsx	Application Form (CEP)	A2	cell	C-fix+gate	reads=25	bytes=14384	Ok(Missing)
test-data/poi/test-data/spreadsheet/45540_form_Header.xlsx	Application Form (CEP)	AA1	cell	A-base	reads=16	bytes=5814	Err(Invalid("worksheet mergeCells appears before sheetData"))
test-data/poi/test-data/spreadsheet/45540_form_Header.xlsx	Application Form (CEP)	AA1	cell	B-fix	reads=25	bytes=14384	Ok(Missing)
test-data/poi/test-data/spreadsheet/45540_form_Header.xlsx	Application Form (CEP)	AA1	cell	C-fix+gate	reads=25	bytes=14384	Ok(Missing)
test-data/poi/test-data/spreadsheet/45540_form_Header.xlsx	Application Form (CEP)	B1	cell	A-base	reads=16	bytes=5814	Err(Invalid("worksheet mergeCells appears before sheetData"))
test-data/poi/test-data/spreadsheet/45540_form_Header.xlsx	Application Form (CEP)	B1	cell	B-fix	reads=25	bytes=14384	Ok(Missing)
test-data/poi/test-data/spreadsheet/45540_form_Header.xlsx	Application Form (CEP)	B1	cell	C-fix+gate	reads=25	bytes=14384	Ok(Missing)
test-data/poi/test-data/spreadsheet/45540_form_Header.xlsx	Application Form (CEP)	B1:B50	cells	A-base	reads=16	bytes=5814	Err(Invalid("worksheet mergeCells appears before sheetData"))
test-data/poi/test-data/spreadsheet/45540_form_Header.xlsx	Application Form (CEP)	B1:B50	cells	B-fix	reads=25	bytes=14384	Ok([SourceCell { address: Cell { row: Row(2), column: Column(1) }, cell: Empty }, SourceCell { address: Cell { row: Row(6), column: Column(1) }, cell: Empty }, SourceCell { address: Cell { row: Row(11), column: Column(1) }, cell: Empty }, SourceCell { address: Cell { row: Row(16), column: Column(1) }, cell: Empty }, SourceCell { address: Cell { row: Row(17), column: Column(1) }, cell: Empty }, SourceCell { address: Cell { row: Row(18), column: Column(1) }, cell: Empty }, SourceCell { address: Cell { row: Row(19), column: Column(1) }, cell: Empty }, SourceCell { address: Cell { row: Row(20), column: Column(1) }, cell: Empty }, SourceCell { address: Cell { row: Row(21), column: Column(1) }, cell: Empty }, SourceCell { address: Cell { row: Row(22), column: Column(1) }, cell: Empty }, SourceCell { address: Cell { row: Row(23), column: Column(1) }, cell: Empty }, SourceCell { address: Cell { row: Row(25), column: Column(1) }, cell: Empty }, SourceCell { address: Cell { row: Row(27), column: Column(1) }, cell: Empty }, SourceCell { address: Cell { row: Row(28), column: Column(1) }, cell: Value(Text("Advertisement, please specify name of publication and issue date:")) }, SourceCell { address: Cell { row: Row(29), column: Column(1) }, cell: Value(Text("Internet, please specify which search engine or website:")) }, SourceCell { address: Cell { row: Row(30), column: Column(1) }, cell: Value(Text("Course information package received by mail")) }, SourceCell { address: Cell { row: Row(31), column: Column(1) }, cell: Value(Text("Course information received by fax")) }, SourceCell { address: Cell { row: Row(32), column: Column(1) }, cell: Value(Text("Course information received by e-mail")) }, SourceCell { address: Cell { row: Row(33), column: Column(1) }, cell: Value(Text("Recommended by CEIBS Account Manager")) }, SourceCell { address: Cell { row: Row(34), column: Column(1) }, cell: Value(Text("Recommended by colleague or friend")) }, SourceCell { address: Cell { row: Row(35), column: Column(1) }, cell: Value(Text("CEIBS website (www.ceibs.edu)")) }, SourceCell { address: Cell { row: Row(36), column: Column(1) }, cell: Value(Text("Other:")) }, SourceCell { address: Cell { row: Row(37), column: Column(1) }, cell: Empty }, SourceCell { address: Cell { row: Row(38), column: Column(1) }, cell: Value(Text("Aerospace/Aerospace Equipment")) }, SourceCell { address: Cell { row: Row(39), column: Column(1) }, cell: Value(Text("Automotive")) }, SourceCell { address: Cell { row: Row(40), column: Column(1) }, cell: Value(Text("Business Consulting/Business Service")) }, SourceCell { address: Cell { row: Row(41), column: Column(1) }, cell: Value(Text("Chemicals")) }, SourceCell { address: Cell { row: Row(42), column: Column(1) }, cell: Value(Text("Consumer Product")) }, SourceCell { address: Cell { row: Row(43), column: Column(1) }, cell: Value(Text("Electrical")) }, SourceCell { address: Cell { row: Row(44), column: Column(1) }, cell: Value(Text("Electronics")) }, SourceCell { address: Cell { row: Row(45), column: Column(1) }, cell: Value(Text("Financial Service/Insurance")) }, SourceCell { address: Cell { row: Row(46), column: Column(1) }, cell: Value(Text("Food/Beverage")) }, SourceCell { address: Cell { row: Row(47), column: Column(1) }, cell: Empty }, SourceCell { address: Cell { row: Row(48), column: Column(1) }, cell: Empty }, SourceCell { address: Cell { row: Row(49), column: Column(1) }, cell: Empty }])
test-data/poi/test-data/spreadsheet/45540_form_Header.xlsx	Application Form (CEP)	B1:B50	cells	C-fix+gate	reads=25	bytes=14384	Ok([SourceCell { address: Cell { row: Row(2), column: Column(1) }, cell: Empty }, SourceCell { address: Cell { row: Row(6), column: Column(1) }, cell: Empty }, SourceCell { address: Cell { row: Row(11), column: Column(1) }, cell: Empty }, SourceCell { address: Cell { row: Row(16), column: Column(1) }, cell: Empty }, SourceCell { address: Cell { row: Row(17), column: Column(1) }, cell: Empty }, SourceCell { address: Cell { row: Row(18), column: Column(1) }, cell: Empty }, SourceCell { address: Cell { row: Row(19), column: Column(1) }, cell: Empty }, SourceCell { address: Cell { row: Row(20), column: Column(1) }, cell: Empty }, SourceCell { address: Cell { row: Row(21), column: Column(1) }, cell: Empty }, SourceCell { address: Cell { row: Row(22), column: Column(1) }, cell: Empty }, SourceCell { address: Cell { row: Row(23), column: Column(1) }, cell: Empty }, SourceCell { address: Cell { row: Row(25), column: Column(1) }, cell: Empty }, SourceCell { address: Cell { row: Row(27), column: Column(1) }, cell: Empty }, SourceCell { address: Cell { row: Row(28), column: Column(1) }, cell: Value(Text("Advertisement, please specify name of publication and issue date:")) }, SourceCell { address: Cell { row: Row(29), column: Column(1) }, cell: Value(Text("Internet, please specify which search engine or website:")) }, SourceCell { address: Cell { row: Row(30), column: Column(1) }, cell: Value(Text("Course information package received by mail")) }, SourceCell { address: Cell { row: Row(31), column: Column(1) }, cell: Value(Text("Course information received by fax")) }, SourceCell { address: Cell { row: Row(32), column: Column(1) }, cell: Value(Text("Course information received by e-mail")) }, SourceCell { address: Cell { row: Row(33), column: Column(1) }, cell: Value(Text("Recommended by CEIBS Account Manager")) }, SourceCell { address: Cell { row: Row(34), column: Column(1) }, cell: Value(Text("Recommended by colleague or friend")) }, SourceCell { address: Cell { row: Row(35), column: Column(1) }, cell: Value(Text("CEIBS website (www.ceibs.edu)")) }, SourceCell { address: Cell { row: Row(36), column: Column(1) }, cell: Value(Text("Other:")) }, SourceCell { address: Cell { row: Row(37), column: Column(1) }, cell: Empty }, SourceCell { address: Cell { row: Row(38), column: Column(1) }, cell: Value(Text("Aerospace/Aerospace Equipment")) }, SourceCell { address: Cell { row: Row(39), column: Column(1) }, cell: Value(Text("Automotive")) }, SourceCell { address: Cell { row: Row(40), column: Column(1) }, cell: Value(Text("Business Consulting/Business Service")) }, SourceCell { address: Cell { row: Row(41), column: Column(1) }, cell: Value(Text("Chemicals")) }, SourceCell { address: Cell { row: Row(42), column: Column(1) }, cell: Value(Text("Consumer Product")) }, SourceCell { address: Cell { row: Row(43), column: Column(1) }, cell: Value(Text("Electrical")) }, SourceCell { address: Cell { row: Row(44), column: Column(1) }, cell: Value(Text("Electronics")) }, SourceCell { address: Cell { row: Row(45), column: Column(1) }, cell: Value(Text("Financial Service/Insurance")) }, SourceCell { address: Cell { row: Row(46), column: Column(1) }, cell: Value(Text("Food/Beverage")) }, SourceCell { address: Cell { row: Row(47), column: Column(1) }, cell: Empty }, SourceCell { address: Cell { row: Row(48), column: Column(1) }, cell: Empty }, SourceCell { address: Cell { row: Row(49), column: Column(1) }, cell: Empty }])
test-data/poi/test-data/spreadsheet/45540_form_Header.xlsx	Application Form (CEP)	B2	cell	A-base	reads=16	bytes=5814	Err(Invalid("worksheet mergeCells appears before sheetData"))
test-data/poi/test-data/spreadsheet/45540_form_Header.xlsx	Application Form (CEP)	B2	cell	B-fix	reads=25	bytes=14384	Ok(Missing)
test-data/poi/test-data/spreadsheet/45540_form_Header.xlsx	Application Form (CEP)	B2	cell	C-fix+gate	reads=25	bytes=14384	Ok(Missing)
test-data/poi/test-data/spreadsheet/45540_form_Header.xlsx	Application Form (CEP)	BA50	cell	A-base	reads=16	bytes=5814	Err(Invalid("worksheet mergeCells appears before sheetData"))
test-data/poi/test-data/spreadsheet/45540_form_Header.xlsx	Application Form (CEP)	BA50	cell	B-fix	reads=25	bytes=14384	Ok(Missing)
test-data/poi/test-data/spreadsheet/45540_form_Header.xlsx	Application Form (CEP)	BA50	cell	C-fix+gate	reads=25	bytes=14384	Ok(Missing)
test-data/poi/test-data/spreadsheet/45540_form_Header.xlsx	Application Form (CEP)	C3	cell	A-base	reads=16	bytes=5814	Err(Invalid("worksheet mergeCells appears before sheetData"))
test-data/poi/test-data/spreadsheet/45540_form_Header.xlsx	Application Form (CEP)	C3	cell	B-fix	reads=25	bytes=14384	Ok(Covered(Rect { start: Cell { row: Row(2), column: Column(0) }, end_row: 3, end_column: 15 }))
test-data/poi/test-data/spreadsheet/45540_form_Header.xlsx	Application Form (CEP)	C3	cell	C-fix+gate	reads=25	bytes=14384	Ok(Covered(Rect { start: Cell { row: Row(2), column: Column(0) }, end_row: 3, end_column: 15 }))
test-data/poi/test-data/spreadsheet/45540_form_Header.xlsx	Application Form (CEP)	D4	cell	A-base	reads=16	bytes=5814	Err(Invalid("worksheet mergeCells appears before sheetData"))
test-data/poi/test-data/spreadsheet/45540_form_Header.xlsx	Application Form (CEP)	D4	cell	B-fix	reads=25	bytes=14384	Ok(Missing)
test-data/poi/test-data/spreadsheet/45540_form_Header.xlsx	Application Form (CEP)	D4	cell	C-fix+gate	reads=25	bytes=14384	Ok(Missing)
test-data/poi/test-data/spreadsheet/45540_form_Header.xlsx	Application Form (CEP)	E5	cell	A-base	reads=16	bytes=5814	Err(Invalid("worksheet mergeCells appears before sheetData"))
test-data/poi/test-data/spreadsheet/45540_form_Header.xlsx	Application Form (CEP)	E5	cell	B-fix	reads=25	bytes=14384	Ok(Missing)
test-data/poi/test-data/spreadsheet/45540_form_Header.xlsx	Application Form (CEP)	E5	cell	C-fix+gate	reads=25	bytes=14384	Ok(Missing)
test-data/poi/test-data/spreadsheet/45540_form_Header.xlsx	Application Form (CEP)	H680	cell	A-base	reads=16	bytes=5814	Err(Invalid("worksheet mergeCells appears before sheetData"))
test-data/poi/test-data/spreadsheet/45540_form_Header.xlsx	Application Form (CEP)	H680	cell	B-fix	reads=25	bytes=14384	Ok(Missing)
test-data/poi/test-data/spreadsheet/45540_form_Header.xlsx	Application Form (CEP)	H680	cell	C-fix+gate	reads=25	bytes=14384	Ok(Missing)
test-data/poi/test-data/spreadsheet/45540_form_Header.xlsx	Application Form (CEP)	M29	cell	A-base	reads=16	bytes=5814	Err(Invalid("worksheet mergeCells appears before sheetData"))
test-data/poi/test-data/spreadsheet/45540_form_Header.xlsx	Application Form (CEP)	M29	cell	B-fix	reads=25	bytes=14384	Ok(Covered(Rect { start: Cell { row: Row(28), column: Column(9) }, end_row: 29, end_column: 15 }))
test-data/poi/test-data/spreadsheet/45540_form_Header.xlsx	Application Form (CEP)	M29	cell	C-fix+gate	reads=25	bytes=14384	Ok(Covered(Rect { start: Cell { row: Row(28), column: Column(9) }, end_row: 29, end_column: 15 }))
test-data/poi/test-data/spreadsheet/45540_form_Header.xlsx	Application Form (CEP)	Z100	cell	A-base	reads=16	bytes=5814	Err(Invalid("worksheet mergeCells appears before sheetData"))
test-data/poi/test-data/spreadsheet/45540_form_Header.xlsx	Application Form (CEP)	Z100	cell	B-fix	reads=25	bytes=14384	Ok(Missing)
test-data/poi/test-data/spreadsheet/45540_form_Header.xlsx	Application Form (CEP)	Z100	cell	C-fix+gate	reads=25	bytes=14384	Ok(Missing)
test-data/poi/test-data/spreadsheet/ConditionalFormattingSamples.xlsx	Home	A1	cell	A-base	reads=22	bytes=1875	Err(Invalid("worksheet mergeCells appears before sheetData"))
test-data/poi/test-data/spreadsheet/ConditionalFormattingSamples.xlsx	Home	A1	cell	B-fix	reads=31	bytes=10126	Ok(Stored(Value(Text(" "))))
test-data/poi/test-data/spreadsheet/ConditionalFormattingSamples.xlsx	Home	A1	cell	C-fix+gate	reads=31	bytes=10126	Ok(Stored(Value(Text(" "))))
test-data/poi/test-data/spreadsheet/ConditionalFormattingSamples.xlsx	Home	A1:E5	cells	A-base	reads=22	bytes=1875	Err(Invalid("worksheet mergeCells appears before sheetData"))
test-data/poi/test-data/spreadsheet/ConditionalFormattingSamples.xlsx	Home	A1:E5	cells	B-fix	reads=31	bytes=10126	Ok([SourceCell { address: Cell { row: Row(0), column: Column(0) }, cell: Value(Text(" ")) }, SourceCell { address: Cell { row: Row(2), column: Column(1) }, cell: Empty }, SourceCell { address: Cell { row: Row(3), column: Column(1) }, cell: Empty }, SourceCell { address: Cell { row: Row(4), column: Column(1) }, cell: Value(Text("To navigate to the  worksheet you want to see, click the worksheet name button in the Worksheet column.")) }, SourceCell { address: Cell { row: Row(4), column: Column(2) }, cell: Empty }, SourceCell { address: Cell { row: Row(4), column: Column(3) }, cell: Empty }])
test-data/poi/test-data/spreadsheet/ConditionalFormattingSamples.xlsx	Home	A1:E5	cells	C-fix+gate	reads=31	bytes=10126	Ok([SourceCell { address: Cell { row: Row(0), column: Column(0) }, cell: Value(Text(" ")) }, SourceCell { address: Cell { row: Row(2), column: Column(1) }, cell: Empty }, SourceCell { address: Cell { row: Row(3), column: Column(1) }, cell: Empty }, SourceCell { address: Cell { row: Row(4), column: Column(1) }, cell: Value(Text("To navigate to the  worksheet you want to see, click the worksheet name button in the Worksheet column.")) }, SourceCell { address: Cell { row: Row(4), column: Column(2) }, cell: Empty }, SourceCell { address: Cell { row: Row(4), column: Column(3) }, cell: Empty }])
test-data/poi/test-data/spreadsheet/ConditionalFormattingSamples.xlsx	Home	A2	cell	A-base	reads=22	bytes=1875	Err(Invalid("worksheet mergeCells appears before sheetData"))
test-data/poi/test-data/spreadsheet/ConditionalFormattingSamples.xlsx	Home	A2	cell	B-fix	reads=31	bytes=10126	Ok(Missing)
test-data/poi/test-data/spreadsheet/ConditionalFormattingSamples.xlsx	Home	A2	cell	C-fix+gate	reads=31	bytes=10126	Ok(Missing)
test-data/poi/test-data/spreadsheet/ConditionalFormattingSamples.xlsx	Home	AA1	cell	A-base	reads=22	bytes=1875	Err(Invalid("worksheet mergeCells appears before sheetData"))
test-data/poi/test-data/spreadsheet/ConditionalFormattingSamples.xlsx	Home	AA1	cell	B-fix	reads=31	bytes=10126	Ok(Missing)
test-data/poi/test-data/spreadsheet/ConditionalFormattingSamples.xlsx	Home	AA1	cell	C-fix+gate	reads=31	bytes=10126	Ok(Missing)
test-data/poi/test-data/spreadsheet/ConditionalFormattingSamples.xlsx	Home	B1	cell	A-base	reads=22	bytes=1875	Err(Invalid("worksheet mergeCells appears before sheetData"))
test-data/poi/test-data/spreadsheet/ConditionalFormattingSamples.xlsx	Home	B1	cell	B-fix	reads=31	bytes=10126	Ok(Missing)
test-data/poi/test-data/spreadsheet/ConditionalFormattingSamples.xlsx	Home	B1	cell	C-fix+gate	reads=31	bytes=10126	Ok(Missing)
test-data/poi/test-data/spreadsheet/ConditionalFormattingSamples.xlsx	Home	B1:B50	cells	A-base	reads=22	bytes=1875	Err(Invalid("worksheet mergeCells appears before sheetData"))
test-data/poi/test-data/spreadsheet/ConditionalFormattingSamples.xlsx	Home	B1:B50	cells	B-fix	reads=31	bytes=10126	Ok([SourceCell { address: Cell { row: Row(2), column: Column(1) }, cell: Empty }, SourceCell { address: Cell { row: Row(3), column: Column(1) }, cell: Empty }, SourceCell { address: Cell { row: Row(4), column: Column(1) }, cell: Value(Text("To navigate to the  worksheet you want to see, click the worksheet name button in the Worksheet column.")) }, SourceCell { address: Cell { row: Row(5), column: Column(1) }, cell: Value(Text("To return to this Home worksheet, click the Home button                       in the top left cell.")) }, SourceCell { address: Cell { row: Row(6), column: Column(1) }, cell: Empty }, SourceCell { address: Cell { row: Row(7), column: Column(1) }, cell: Value(Text("Worksheet")) }, SourceCell { address: Cell { row: Row(8), column: Column(1) }, cell: Empty }, SourceCell { address: Cell { row: Row(9), column: Column(1) }, cell: Empty }, SourceCell { address: Cell { row: Row(10), column: Column(1) }, cell: Empty }, SourceCell { address: Cell { row: Row(11), column: Column(1) }, cell: Empty }, SourceCell { address: Cell { row: Row(12), column: Column(1) }, cell: Empty }, SourceCell { address: Cell { row: Row(13), column: Column(1) }, cell: Empty }, SourceCell { address: Cell { row: Row(14), column: Column(1) }, cell: Empty }, SourceCell { address: Cell { row: Row(15), column: Column(1) }, cell: Empty }, SourceCell { address: Cell { row: Row(16), column: Column(1) }, cell: Empty }, SourceCell { address: Cell { row: Row(17), column: Column(1) }, cell: Empty }, SourceCell { address: Cell { row: Row(18), column: Column(1) }, cell: Empty }, SourceCell { address: Cell { row: Row(19), column: Column(1) }, cell: Empty }, SourceCell { address: Cell { row: Row(20), column: Column(1) }, cell: Empty }, SourceCell { address: Cell { row: Row(21), column: Column(1) }, cell: Empty }, SourceCell { address: Cell { row: Row(22), column: Column(1) }, cell: Empty }])
test-data/poi/test-data/spreadsheet/ConditionalFormattingSamples.xlsx	Home	B1:B50	cells	C-fix+gate	reads=31	bytes=10126	Ok([SourceCell { address: Cell { row: Row(2), column: Column(1) }, cell: Empty }, SourceCell { address: Cell { row: Row(3), column: Column(1) }, cell: Empty }, SourceCell { address: Cell { row: Row(4), column: Column(1) }, cell: Value(Text("To navigate to the  worksheet you want to see, click the worksheet name button in the Worksheet column.")) }, SourceCell { address: Cell { row: Row(5), column: Column(1) }, cell: Value(Text("To return to this Home worksheet, click the Home button                       in the top left cell.")) }, SourceCell { address: Cell { row: Row(6), column: Column(1) }, cell: Empty }, SourceCell { address: Cell { row: Row(7), column: Column(1) }, cell: Value(Text("Worksheet")) }, SourceCell { address: Cell { row: Row(8), column: Column(1) }, cell: Empty }, SourceCell { address: Cell { row: Row(9), column: Column(1) }, cell: Empty }, SourceCell { address: Cell { row: Row(10), column: Column(1) }, cell: Empty }, SourceCell { address: Cell { row: Row(11), column: Column(1) }, cell: Empty }, SourceCell { address: Cell { row: Row(12), column: Column(1) }, cell: Empty }, SourceCell { address: Cell { row: Row(13), column: Column(1) }, cell: Empty }, SourceCell { address: Cell { row: Row(14), column: Column(1) }, cell: Empty }, SourceCell { address: Cell { row: Row(15), column: Column(1) }, cell: Empty }, SourceCell { address: Cell { row: Row(16), column: Column(1) }, cell: Empty }, SourceCell { address: Cell { row: Row(17), column: Column(1) }, cell: Empty }, SourceCell { address: Cell { row: Row(18), column: Column(1) }, cell: Empty }, SourceCell { address: Cell { row: Row(19), column: Column(1) }, cell: Empty }, SourceCell { address: Cell { row: Row(20), column: Column(1) }, cell: Empty }, SourceCell { address: Cell { row: Row(21), column: Column(1) }, cell: Empty }, SourceCell { address: Cell { row: Row(22), column: Column(1) }, cell: Empty }])
test-data/poi/test-data/spreadsheet/ConditionalFormattingSamples.xlsx	Home	B2	cell	A-base	reads=22	bytes=1875	Err(Invalid("worksheet mergeCells appears before sheetData"))
test-data/poi/test-data/spreadsheet/ConditionalFormattingSamples.xlsx	Home	B2	cell	B-fix	reads=31	bytes=10126	Ok(Missing)
test-data/poi/test-data/spreadsheet/ConditionalFormattingSamples.xlsx	Home	B2	cell	C-fix+gate	reads=31	bytes=10126	Ok(Missing)
test-data/poi/test-data/spreadsheet/ConditionalFormattingSamples.xlsx	Home	BA50	cell	A-base	reads=22	bytes=1875	Err(Invalid("worksheet mergeCells appears before sheetData"))
test-data/poi/test-data/spreadsheet/ConditionalFormattingSamples.xlsx	Home	BA50	cell	B-fix	reads=31	bytes=10126	Ok(Missing)
test-data/poi/test-data/spreadsheet/ConditionalFormattingSamples.xlsx	Home	BA50	cell	C-fix+gate	reads=31	bytes=10126	Ok(Missing)
test-data/poi/test-data/spreadsheet/ConditionalFormattingSamples.xlsx	Home	C3	cell	A-base	reads=22	bytes=1875	Err(Invalid("worksheet mergeCells appears before sheetData"))
test-data/poi/test-data/spreadsheet/ConditionalFormattingSamples.xlsx	Home	C3	cell	B-fix	reads=31	bytes=10126	Ok(Missing)
test-data/poi/test-data/spreadsheet/ConditionalFormattingSamples.xlsx	Home	C3	cell	C-fix+gate	reads=31	bytes=10126	Ok(Missing)
test-data/poi/test-data/spreadsheet/ConditionalFormattingSamples.xlsx	Home	D4	cell	A-base	reads=22	bytes=1875	Err(Invalid("worksheet mergeCells appears before sheetData"))
test-data/poi/test-data/spreadsheet/ConditionalFormattingSamples.xlsx	Home	D4	cell	B-fix	reads=31	bytes=10126	Ok(Missing)
test-data/poi/test-data/spreadsheet/ConditionalFormattingSamples.xlsx	Home	D4	cell	C-fix+gate	reads=31	bytes=10126	Ok(Missing)
test-data/poi/test-data/spreadsheet/ConditionalFormattingSamples.xlsx	Home	E5	cell	A-base	reads=22	bytes=1875	Err(Invalid("worksheet mergeCells appears before sheetData"))
test-data/poi/test-data/spreadsheet/ConditionalFormattingSamples.xlsx	Home	E5	cell	B-fix	reads=31	bytes=10126	Ok(Missing)
test-data/poi/test-data/spreadsheet/ConditionalFormattingSamples.xlsx	Home	E5	cell	C-fix+gate	reads=31	bytes=10126	Ok(Missing)
test-data/poi/test-data/spreadsheet/ConditionalFormattingSamples.xlsx	Home	H680	cell	A-base	reads=22	bytes=1875	Err(Invalid("worksheet mergeCells appears before sheetData"))
test-data/poi/test-data/spreadsheet/ConditionalFormattingSamples.xlsx	Home	H680	cell	B-fix	reads=31	bytes=10126	Ok(Missing)
test-data/poi/test-data/spreadsheet/ConditionalFormattingSamples.xlsx	Home	H680	cell	C-fix+gate	reads=31	bytes=10126	Ok(Missing)
test-data/poi/test-data/spreadsheet/ConditionalFormattingSamples.xlsx	Home	M29	cell	A-base	reads=22	bytes=1875	Err(Invalid("worksheet mergeCells appears before sheetData"))
test-data/poi/test-data/spreadsheet/ConditionalFormattingSamples.xlsx	Home	M29	cell	B-fix	reads=31	bytes=10126	Ok(Missing)
test-data/poi/test-data/spreadsheet/ConditionalFormattingSamples.xlsx	Home	M29	cell	C-fix+gate	reads=31	bytes=10126	Ok(Missing)
test-data/poi/test-data/spreadsheet/ConditionalFormattingSamples.xlsx	Home	Z100	cell	A-base	reads=22	bytes=1875	Err(Invalid("worksheet mergeCells appears before sheetData"))
test-data/poi/test-data/spreadsheet/ConditionalFormattingSamples.xlsx	Home	Z100	cell	B-fix	reads=31	bytes=10126	Ok(Missing)
test-data/poi/test-data/spreadsheet/ConditionalFormattingSamples.xlsx	Home	Z100	cell	C-fix+gate	reads=31	bytes=10126	Ok(Missing)
test-data/poi/test-data/spreadsheet/DataValidations-49244.xlsx	Sheet1	A1	cell	A-base	reads=11	bytes=2886	Err(Invalid("worksheet mergeCells appears before sheetData"))
test-data/poi/test-data/spreadsheet/DataValidations-49244.xlsx	Sheet1	A1	cell	B-fix	reads=20	bytes=6455	Ok(Missing)
test-data/poi/test-data/spreadsheet/DataValidations-49244.xlsx	Sheet1	A1	cell	C-fix+gate	reads=20	bytes=6455	Ok(Missing)
test-data/poi/test-data/spreadsheet/DataValidations-49244.xlsx	Sheet1	A1:E5	cells	A-base	reads=11	bytes=2886	Err(Invalid("worksheet mergeCells appears before sheetData"))
test-data/poi/test-data/spreadsheet/DataValidations-49244.xlsx	Sheet1	A1:E5	cells	B-fix	reads=20	bytes=6455	Ok([SourceCell { address: Cell { row: Row(0), column: Column(1) }, cell: Value(Text("Explicit")) }, SourceCell { address: Cell { row: Row(0), column: Column(2) }, cell: Value(Text("Formula")) }, SourceCell { address: Cell { row: Row(0), column: Column(3) }, cell: Value(Text("UK")) }, SourceCell { address: Cell { row: Row(0), column: Column(4) }, cell: Value(Text("IN")) }, SourceCell { address: Cell { row: Row(1), column: Column(0) }, cell: Value(Text("List Validation")) }, SourceCell { address: Cell { row: Row(1), column: Column(1) }, cell: Value(Text("IN")) }, SourceCell { address: Cell { row: Row(1), column: Column(2) }, cell: Value(Text("UK")) }, SourceCell { address: Cell { row: Row(2), column: Column(3) }, cell: Value(Text("Constant value in formulae")) }, SourceCell { address: Cell { row: Row(2), column: Column(4) }, cell: Value(Text("Cells Referenced in Formulae")) }, SourceCell { address: Cell { row: Row(4), column: Column(0) }, cell: Value(Text("Integer Constraints")) }])
test-data/poi/test-data/spreadsheet/DataValidations-49244.xlsx	Sheet1	A1:E5	cells	C-fix+gate	reads=20	bytes=6455	Ok([SourceCell { address: Cell { row: Row(0), column: Column(1) }, cell: Value(Text("Explicit")) }, SourceCell { address: Cell { row: Row(0), column: Column(2) }, cell: Value(Text("Formula")) }, SourceCell { address: Cell { row: Row(0), column: Column(3) }, cell: Value(Text("UK")) }, SourceCell { address: Cell { row: Row(0), column: Column(4) }, cell: Value(Text("IN")) }, SourceCell { address: Cell { row: Row(1), column: Column(0) }, cell: Value(Text("List Validation")) }, SourceCell { address: Cell { row: Row(1), column: Column(1) }, cell: Value(Text("IN")) }, SourceCell { address: Cell { row: Row(1), column: Column(2) }, cell: Value(Text("UK")) }, SourceCell { address: Cell { row: Row(2), column: Column(3) }, cell: Value(Text("Constant value in formulae")) }, SourceCell { address: Cell { row: Row(2), column: Column(4) }, cell: Value(Text("Cells Referenced in Formulae")) }, SourceCell { address: Cell { row: Row(4), column: Column(0) }, cell: Value(Text("Integer Constraints")) }])
test-data/poi/test-data/spreadsheet/DataValidations-49244.xlsx	Sheet1	A2	cell	A-base	reads=11	bytes=2886	Err(Invalid("worksheet mergeCells appears before sheetData"))
test-data/poi/test-data/spreadsheet/DataValidations-49244.xlsx	Sheet1	A2	cell	B-fix	reads=20	bytes=6455	Ok(Stored(Value(Text("List Validation"))))
test-data/poi/test-data/spreadsheet/DataValidations-49244.xlsx	Sheet1	A2	cell	C-fix+gate	reads=20	bytes=6455	Ok(Stored(Value(Text("List Validation"))))
test-data/poi/test-data/spreadsheet/DataValidations-49244.xlsx	Sheet1	AA1	cell	A-base	reads=11	bytes=2886	Err(Invalid("worksheet mergeCells appears before sheetData"))
test-data/poi/test-data/spreadsheet/DataValidations-49244.xlsx	Sheet1	AA1	cell	B-fix	reads=20	bytes=6455	Ok(Missing)
test-data/poi/test-data/spreadsheet/DataValidations-49244.xlsx	Sheet1	AA1	cell	C-fix+gate	reads=20	bytes=6455	Ok(Missing)
test-data/poi/test-data/spreadsheet/DataValidations-49244.xlsx	Sheet1	B1	cell	A-base	reads=11	bytes=2886	Err(Invalid("worksheet mergeCells appears before sheetData"))
test-data/poi/test-data/spreadsheet/DataValidations-49244.xlsx	Sheet1	B1	cell	B-fix	reads=20	bytes=6455	Ok(Stored(Value(Text("Explicit"))))
test-data/poi/test-data/spreadsheet/DataValidations-49244.xlsx	Sheet1	B1	cell	C-fix+gate	reads=20	bytes=6455	Ok(Stored(Value(Text("Explicit"))))
test-data/poi/test-data/spreadsheet/DataValidations-49244.xlsx	Sheet1	B1:B50	cells	A-base	reads=11	bytes=2886	Err(Invalid("worksheet mergeCells appears before sheetData"))
test-data/poi/test-data/spreadsheet/DataValidations-49244.xlsx	Sheet1	B1:B50	cells	B-fix	reads=20	bytes=6455	Ok([SourceCell { address: Cell { row: Row(0), column: Column(1) }, cell: Value(Text("Explicit")) }, SourceCell { address: Cell { row: Row(1), column: Column(1) }, cell: Value(Text("IN")) }, SourceCell { address: Cell { row: Row(5), column: Column(1) }, cell: Value(Number(Number("1"))) }, SourceCell { address: Cell { row: Row(7), column: Column(1) }, cell: Value(Number(Number("2"))) }, SourceCell { address: Cell { row: Row(9), column: Column(1) }, cell: Value(Number(Number("1"))) }, SourceCell { address: Cell { row: Row(10), column: Column(1) }, cell: Value(Number(Number("5"))) }, SourceCell { address: Cell { row: Row(11), column: Column(1) }, cell: Value(Number(Number("8"))) }, SourceCell { address: Cell { row: Row(12), column: Column(1) }, cell: Value(Number(Number("1"))) }, SourceCell { address: Cell { row: Row(13), column: Column(1) }, cell: Value(Number(Number("1"))) }, SourceCell { address: Cell { row: Row(14), column: Column(1) }, cell: Value(Number(Number("0"))) }, SourceCell { address: Cell { row: Row(18), column: Column(1) }, cell: Value(Number(Number("0.1"))) }, SourceCell { address: Cell { row: Row(19), column: Column(1) }, cell: Value(Number(Number("2.0499999999999998"))) }, SourceCell { address: Cell { row: Row(20), column: Column(1) }, cell: Value(Number(Number("1.1000000000000001"))) }, SourceCell { address: Cell { row: Row(21), column: Column(1) }, cell: Value(Number(Number("5.05"))) }, SourceCell { address: Cell { row: Row(22), column: Column(1) }, cell: Value(Number(Number("8.01"))) }, SourceCell { address: Cell { row: Row(23), column: Column(1) }, cell: Value(Number(Number("1.0009999999999999"))) }, SourceCell { address: Cell { row: Row(24), column: Column(1) }, cell: Value(Number(Number("1.01"))) }, SourceCell { address: Cell { row: Row(25), column: Column(1) }, cell: Value(Number(Number("1.0089999999999999"))) }, SourceCell { address: Cell { row: Row(28), column: Column(1) }, cell: Value(Text(" ")) }, SourceCell { address: Cell { row: Row(29), column: Column(1) }, cell: Value(Text("AB")) }, SourceCell { address: Cell { row: Row(30), column: Column(1) }, cell: Value(Text("ABC")) }, SourceCell { address: Cell { row: Row(31), column: Column(1) }, cell: Value(Text("ABCDEF")) }, SourceCell { address: Cell { row: Row(32), column: Column(1) }, cell: Value(Text("ABCDEFGH")) }, SourceCell { address: Cell { row: Row(33), column: Column(1) }, cell: Value(Text("abcdefghijk")) }, SourceCell { address: Cell { row: Row(34), column: Column(1) }, cell: Value(Text("ab")) }, SourceCell { address: Cell { row: Row(35), column: Column(1) }, cell: Value(Text("abcdefghijk")) }])
test-data/poi/test-data/spreadsheet/DataValidations-49244.xlsx	Sheet1	B1:B50	cells	C-fix+gate	reads=20	bytes=6455	Ok([SourceCell { address: Cell { row: Row(0), column: Column(1) }, cell: Value(Text("Explicit")) }, SourceCell { address: Cell { row: Row(1), column: Column(1) }, cell: Value(Text("IN")) }, SourceCell { address: Cell { row: Row(5), column: Column(1) }, cell: Value(Number(Number("1"))) }, SourceCell { address: Cell { row: Row(7), column: Column(1) }, cell: Value(Number(Number("2"))) }, SourceCell { address: Cell { row: Row(9), column: Column(1) }, cell: Value(Number(Number("1"))) }, SourceCell { address: Cell { row: Row(10), column: Column(1) }, cell: Value(Number(Number("5"))) }, SourceCell { address: Cell { row: Row(11), column: Column(1) }, cell: Value(Number(Number("8"))) }, SourceCell { address: Cell { row: Row(12), column: Column(1) }, cell: Value(Number(Number("1"))) }, SourceCell { address: Cell { row: Row(13), column: Column(1) }, cell: Value(Number(Number("1"))) }, SourceCell { address: Cell { row: Row(14), column: Column(1) }, cell: Value(Number(Number("0"))) }, SourceCell { address: Cell { row: Row(18), column: Column(1) }, cell: Value(Number(Number("0.1"))) }, SourceCell { address: Cell { row: Row(19), column: Column(1) }, cell: Value(Number(Number("2.0499999999999998"))) }, SourceCell { address: Cell { row: Row(20), column: Column(1) }, cell: Value(Number(Number("1.1000000000000001"))) }, SourceCell { address: Cell { row: Row(21), column: Column(1) }, cell: Value(Number(Number("5.05"))) }, SourceCell { address: Cell { row: Row(22), column: Column(1) }, cell: Value(Number(Number("8.01"))) }, SourceCell { address: Cell { row: Row(23), column: Column(1) }, cell: Value(Number(Number("1.0009999999999999"))) }, SourceCell { address: Cell { row: Row(24), column: Column(1) }, cell: Value(Number(Number("1.01"))) }, SourceCell { address: Cell { row: Row(25), column: Column(1) }, cell: Value(Number(Number("1.0089999999999999"))) }, SourceCell { address: Cell { row: Row(28), column: Column(1) }, cell: Value(Text(" ")) }, SourceCell { address: Cell { row: Row(29), column: Column(1) }, cell: Value(Text("AB")) }, SourceCell { address: Cell { row: Row(30), column: Column(1) }, cell: Value(Text("ABC")) }, SourceCell { address: Cell { row: Row(31), column: Column(1) }, cell: Value(Text("ABCDEF")) }, SourceCell { address: Cell { row: Row(32), column: Column(1) }, cell: Value(Text("ABCDEFGH")) }, SourceCell { address: Cell { row: Row(33), column: Column(1) }, cell: Value(Text("abcdefghijk")) }, SourceCell { address: Cell { row: Row(34), column: Column(1) }, cell: Value(Text("ab")) }, SourceCell { address: Cell { row: Row(35), column: Column(1) }, cell: Value(Text("abcdefghijk")) }])
test-data/poi/test-data/spreadsheet/DataValidations-49244.xlsx	Sheet1	B2	cell	A-base	reads=11	bytes=2886	Err(Invalid("worksheet mergeCells appears before sheetData"))
test-data/poi/test-data/spreadsheet/DataValidations-49244.xlsx	Sheet1	B2	cell	B-fix	reads=20	bytes=6455	Ok(Stored(Value(Text("IN"))))
test-data/poi/test-data/spreadsheet/DataValidations-49244.xlsx	Sheet1	B2	cell	C-fix+gate	reads=20	bytes=6455	Ok(Stored(Value(Text("IN"))))
test-data/poi/test-data/spreadsheet/DataValidations-49244.xlsx	Sheet1	BA50	cell	A-base	reads=11	bytes=2886	Err(Invalid("worksheet mergeCells appears before sheetData"))
test-data/poi/test-data/spreadsheet/DataValidations-49244.xlsx	Sheet1	BA50	cell	B-fix	reads=20	bytes=6455	Ok(Missing)
test-data/poi/test-data/spreadsheet/DataValidations-49244.xlsx	Sheet1	BA50	cell	C-fix+gate	reads=20	bytes=6455	Ok(Missing)
test-data/poi/test-data/spreadsheet/DataValidations-49244.xlsx	Sheet1	C3	cell	A-base	reads=11	bytes=2886	Err(Invalid("worksheet mergeCells appears before sheetData"))
test-data/poi/test-data/spreadsheet/DataValidations-49244.xlsx	Sheet1	C3	cell	B-fix	reads=20	bytes=6455	Ok(Missing)
test-data/poi/test-data/spreadsheet/DataValidations-49244.xlsx	Sheet1	C3	cell	C-fix+gate	reads=20	bytes=6455	Ok(Missing)
test-data/poi/test-data/spreadsheet/DataValidations-49244.xlsx	Sheet1	D4	cell	A-base	reads=11	bytes=2886	Err(Invalid("worksheet mergeCells appears before sheetData"))
test-data/poi/test-data/spreadsheet/DataValidations-49244.xlsx	Sheet1	D4	cell	B-fix	reads=20	bytes=6455	Ok(Missing)
test-data/poi/test-data/spreadsheet/DataValidations-49244.xlsx	Sheet1	D4	cell	C-fix+gate	reads=20	bytes=6455	Ok(Missing)
test-data/poi/test-data/spreadsheet/DataValidations-49244.xlsx	Sheet1	E5	cell	A-base	reads=11	bytes=2886	Err(Invalid("worksheet mergeCells appears before sheetData"))
test-data/poi/test-data/spreadsheet/DataValidations-49244.xlsx	Sheet1	E5	cell	B-fix	reads=20	bytes=6455	Ok(Missing)
test-data/poi/test-data/spreadsheet/DataValidations-49244.xlsx	Sheet1	E5	cell	C-fix+gate	reads=20	bytes=6455	Ok(Missing)
test-data/poi/test-data/spreadsheet/DataValidations-49244.xlsx	Sheet1	H680	cell	A-base	reads=11	bytes=2886	Err(Invalid("worksheet mergeCells appears before sheetData"))
test-data/poi/test-data/spreadsheet/DataValidations-49244.xlsx	Sheet1	H680	cell	B-fix	reads=20	bytes=6455	Ok(Missing)
test-data/poi/test-data/spreadsheet/DataValidations-49244.xlsx	Sheet1	H680	cell	C-fix+gate	reads=20	bytes=6455	Ok(Missing)
test-data/poi/test-data/spreadsheet/DataValidations-49244.xlsx	Sheet1	M29	cell	A-base	reads=11	bytes=2886	Err(Invalid("worksheet mergeCells appears before sheetData"))
test-data/poi/test-data/spreadsheet/DataValidations-49244.xlsx	Sheet1	M29	cell	B-fix	reads=20	bytes=6455	Ok(Missing)
test-data/poi/test-data/spreadsheet/DataValidations-49244.xlsx	Sheet1	M29	cell	C-fix+gate	reads=20	bytes=6455	Ok(Missing)
test-data/poi/test-data/spreadsheet/DataValidations-49244.xlsx	Sheet1	Z100	cell	A-base	reads=11	bytes=2886	Err(Invalid("worksheet mergeCells appears before sheetData"))
test-data/poi/test-data/spreadsheet/DataValidations-49244.xlsx	Sheet1	Z100	cell	B-fix	reads=20	bytes=6455	Ok(Missing)
test-data/poi/test-data/spreadsheet/DataValidations-49244.xlsx	Sheet1	Z100	cell	C-fix+gate	reads=20	bytes=6455	Ok(Missing)
test-data/poi/test-data/spreadsheet/StructuredRefs-lots-with-lookups.xlsx	List	A1	cell	A-base	reads=5	bytes=45219	Err(Invalid("worksheet mergeCells appears before sheetData"))
test-data/poi/test-data/spreadsheet/StructuredRefs-lots-with-lookups.xlsx	List	A1	cell	B-fix	reads=15	bytes=117378	Ok(Missing)
test-data/poi/test-data/spreadsheet/StructuredRefs-lots-with-lookups.xlsx	List	A1	cell	C-fix+gate	reads=15	bytes=117378	Ok(Missing)
test-data/poi/test-data/spreadsheet/StructuredRefs-lots-with-lookups.xlsx	List	A1:E5	cells	A-base	reads=5	bytes=45219	Err(Invalid("worksheet mergeCells appears before sheetData"))
test-data/poi/test-data/spreadsheet/StructuredRefs-lots-with-lookups.xlsx	List	A1:E5	cells	B-fix	reads=15	bytes=117378	Ok([SourceCell { address: Cell { row: Row(1), column: Column(1) }, cell: Value(Text("SELECT Something")) }, SourceCell { address: Cell { row: Row(1), column: Column(3) }, cell: Empty }, SourceCell { address: Cell { row: Row(1), column: Column(4) }, cell: Empty }, SourceCell { address: Cell { row: Row(2), column: Column(1) }, cell: Value(Text("Alabama")) }, SourceCell { address: Cell { row: Row(2), column: Column(2) }, cell: Empty }, SourceCell { address: Cell { row: Row(2), column: Column(3) }, cell: Empty }, SourceCell { address: Cell { row: Row(2), column: Column(4) }, cell: Empty }, SourceCell { address: Cell { row: Row(3), column: Column(1) }, cell: Empty }, SourceCell { address: Cell { row: Row(3), column: Column(2) }, cell: Empty }, SourceCell { address: Cell { row: Row(3), column: Column(3) }, cell: Empty }, SourceCell { address: Cell { row: Row(3), column: Column(4) }, cell: Empty }, SourceCell { address: Cell { row: Row(4), column: Column(1) }, cell: Formula(Formula { text: "B3&\" Matching List\"", kind: Scalar, cached: Some(Cache { value: Text("Alabama Matching List"), origin: Stored, freshness: Unknown }) }) }])
test-data/poi/test-data/spreadsheet/StructuredRefs-lots-with-lookups.xlsx	List	A1:E5	cells	C-fix+gate	reads=15	bytes=117378	Ok([SourceCell { address: Cell { row: Row(1), column: Column(1) }, cell: Value(Text("SELECT Something")) }, SourceCell { address: Cell { row: Row(1), column: Column(3) }, cell: Empty }, SourceCell { address: Cell { row: Row(1), column: Column(4) }, cell: Empty }, SourceCell { address: Cell { row: Row(2), column: Column(1) }, cell: Value(Text("Alabama")) }, SourceCell { address: Cell { row: Row(2), column: Column(2) }, cell: Empty }, SourceCell { address: Cell { row: Row(2), column: Column(3) }, cell: Empty }, SourceCell { address: Cell { row: Row(2), column: Column(4) }, cell: Empty }, SourceCell { address: Cell { row: Row(3), column: Column(1) }, cell: Empty }, SourceCell { address: Cell { row: Row(3), column: Column(2) }, cell: Empty }, SourceCell { address: Cell { row: Row(3), column: Column(3) }, cell: Empty }, SourceCell { address: Cell { row: Row(3), column: Column(4) }, cell: Empty }, SourceCell { address: Cell { row: Row(4), column: Column(1) }, cell: Formula(Formula { text: "B3&\" Matching List\"", kind: Scalar, cached: Some(Cache { value: Text("Alabama Matching List"), origin: Stored, freshness: Unknown }) }) }])
test-data/poi/test-data/spreadsheet/StructuredRefs-lots-with-lookups.xlsx	List	A2	cell	A-base	reads=5	bytes=45219	Err(Invalid("worksheet mergeCells appears before sheetData"))
test-data/poi/test-data/spreadsheet/StructuredRefs-lots-with-lookups.xlsx	List	A2	cell	B-fix	reads=15	bytes=117378	Ok(Missing)
test-data/poi/test-data/spreadsheet/StructuredRefs-lots-with-lookups.xlsx	List	A2	cell	C-fix+gate	reads=15	bytes=117378	Ok(Missing)
test-data/poi/test-data/spreadsheet/StructuredRefs-lots-with-lookups.xlsx	List	AA1	cell	A-base	reads=5	bytes=45219	Err(Invalid("worksheet mergeCells appears before sheetData"))
test-data/poi/test-data/spreadsheet/StructuredRefs-lots-with-lookups.xlsx	List	AA1	cell	B-fix	reads=15	bytes=117378	Ok(Missing)
test-data/poi/test-data/spreadsheet/StructuredRefs-lots-with-lookups.xlsx	List	AA1	cell	C-fix+gate	reads=15	bytes=117378	Ok(Missing)
test-data/poi/test-data/spreadsheet/StructuredRefs-lots-with-lookups.xlsx	List	B1	cell	A-base	reads=5	bytes=45219	Err(Invalid("worksheet mergeCells appears before sheetData"))
test-data/poi/test-data/spreadsheet/StructuredRefs-lots-with-lookups.xlsx	List	B1	cell	B-fix	reads=15	bytes=117378	Ok(Missing)
test-data/poi/test-data/spreadsheet/StructuredRefs-lots-with-lookups.xlsx	List	B1	cell	C-fix+gate	reads=15	bytes=117378	Ok(Missing)
test-data/poi/test-data/spreadsheet/StructuredRefs-lots-with-lookups.xlsx	List	B1:B50	cells	A-base	reads=5	bytes=45219	Err(Invalid("worksheet mergeCells appears before sheetData"))
test-data/poi/test-data/spreadsheet/StructuredRefs-lots-with-lookups.xlsx	List	B1:B50	cells	B-fix	reads=15	bytes=117378	Ok([SourceCell { address: Cell { row: Row(1), column: Column(1) }, cell: Value(Text("SELECT Something")) }, SourceCell { address: Cell { row: Row(2), column: Column(1) }, cell: Value(Text("Alabama")) }, SourceCell { address: Cell { row: Row(3), column: Column(1) }, cell: Empty }, SourceCell { address: Cell { row: Row(4), column: Column(1) }, cell: Formula(Formula { text: "B3&\" Matching List\"", kind: Scalar, cached: Some(Cache { value: Text("Alabama Matching List"), origin: Stored, freshness: Unknown }) }) }, SourceCell { address: Cell { row: Row(6), column: Column(1) }, cell: Value(Text("Name & Number")) }, SourceCell { address: Cell { row: Row(7), column: Column(1) }, cell: Formula(Formula { text: "IF(ISNA(VLOOKUP(ROW($A8)-7,Query!$A:$N,4,FALSE)),\" \",VLOOKUP(ROW($A8)-7,Query!$A:$N,4,FALSE))", kind: Scalar, cached: Some(Cache { value: Text("name1 - 101"), origin: Stored, freshness: Unknown }) }) }, SourceCell { address: Cell { row: Row(8), column: Column(1) }, cell: Formula(Formula { text: "IF(ISNA(VLOOKUP(ROW($A9)-7,Query!$A:$N,4,FALSE)),\" \",VLOOKUP(ROW($A9)-7,Query!$A:$N,4,FALSE))", kind: Scalar, cached: Some(Cache { value: Text("name2 - 102"), origin: Stored, freshness: Unknown }) }) }, SourceCell { address: Cell { row: Row(9), column: Column(1) }, cell: Formula(Formula { text: "IF(ISNA(VLOOKUP(ROW($A10)-7,Query!$A:$N,4,FALSE)),\" \",VLOOKUP(ROW($A10)-7,Query!$A:$N,4,FALSE))", kind: Scalar, cached: Some(Cache { value: Text("name3 - 103"), origin: Stored, freshness: Unknown }) }) }, SourceCell { address: Cell { row: Row(10), column: Column(1) }, cell: Formula(Formula { text: "IF(ISNA(VLOOKUP(ROW($A11)-7,Query!$A:$N,4,FALSE)),\" \",VLOOKUP(ROW($A11)-7,Query!$A:$N,4,FALSE))", kind: Scalar, cached: Some(Cache { value: Text("name4 - 104"), origin: Stored, freshness: Unknown }) }) }, SourceCell { address: Cell { row: Row(11), column: Column(1) }, cell: Formula(Formula { text: "IF(ISNA(VLOOKUP(ROW($A12)-7,Query!$A:$N,4,FALSE)),\" \",VLOOKUP(ROW($A12)-7,Query!$A:$N,4,FALSE))", kind: Scalar, cached: Some(Cache { value: Text("name5 - 105"), origin: Stored, freshness: Unknown }) }) }, SourceCell { address: Cell { row: Row(12), column: Column(1) }, cell: Formula(Formula { text: "IF(ISNA(VLOOKUP(ROW($A13)-7,Query!$A:$N,4,FALSE)),\" \",VLOOKUP(ROW($A13)-7,Query!$A:$N,4,FALSE))", kind: Scalar, cached: Some(Cache { value: Text("name6 - 106"), origin: Stored, freshness: Unknown }) }) }, SourceCell { address: Cell { row: Row(13), column: Column(1) }, cell: Formula(Formula { text: "IF(ISNA(VLOOKUP(ROW($A14)-7,Query!$A:$N,4,FALSE)),\" \",VLOOKUP(ROW($A14)-7,Query!$A:$N,4,FALSE))", kind: Scalar, cached: Some(Cache { value: Text("name7 - 107"), origin: Stored, freshness: Unknown }) }) }, SourceCell { address: Cell { row: Row(14), column: Column(1) }, cell: Formula(Formula { text: "IF(ISNA(VLOOKUP(ROW($A15)-7,Query!$A:$N,4,FALSE)),\" \",VLOOKUP(ROW($A15)-7,Query!$A:$N,4,FALSE))", kind: Scalar, cached: Some(Cache { value: Text("name8 - 108"), origin: Stored, freshness: Unknown }) }) }, SourceCell { address: Cell { row: Row(15), column: Column(1) }, cell: Formula(Formula { text: "IF(ISNA(VLOOKUP(ROW($A16)-7,Query!$A:$N,4,FALSE)),\" \",VLOOKUP(ROW($A16)-7,Query!$A:$N,4,FALSE))", kind: Scalar, cached: Some(Cache { value: Text("name9 - 109"), origin: Stored, freshness: Unknown }) }) }, SourceCell { address: Cell { row: Row(16), column: Column(1) }, cell: Formula(Formula { text: "IF(ISNA(VLOOKUP(ROW($A17)-7,Query!$A:$N,4,FALSE)),\" \",VLOOKUP(ROW($A17)-7,Query!$A:$N,4,FALSE))", kind: Scalar, cached: Some(Cache { value: Text("name10 - 110"), origin: Stored, freshness: Unknown }) }) }, SourceCell { address: Cell { row: Row(17), column: Column(1) }, cell: Formula(Formula { text: "IF(ISNA(VLOOKUP(ROW($A18)-7,Query!$A:$N,4,FALSE)),\" \",VLOOKUP(ROW($A18)-7,Query!$A:$N,4,FALSE))", kind: Scalar, cached: Some(Cache { value: Text("name11 - 111"), origin: Stored, freshness: Unknown }) }) }, SourceCell { address: Cell { row: Row(18), column: Column(1) }, cell: Formula(Formula { text: "IF(ISNA(VLOOKUP(ROW($A19)-7,Query!$A:$N,4,FALSE)),\" \",VLOOKUP(ROW($A19)-7,Query!$A:$N,4,FALSE))", kind: Scalar, cached: Some(Cache { value: Text("name12 - 112"), origin: Stored, freshness: Unknown }) }) }, SourceCell { address: Cell { row: Row(19), column: Column(1) }, cell: Formula(Formula { text: "IF(ISNA(VLOOKUP(ROW($A20)-7,Query!$A:$N,4,FALSE)),\" \",VLOOKUP(ROW($A20)-7,Query!$A:$N,4,FALSE))", kind: Scalar, cached: Some(Cache { value: Text("name13 - 113"), origin: Stored, freshness: Unknown }) }) }, SourceCell { address: Cell { row: Row(20), column: Column(1) }, cell: Formula(Formula { text: "IF(ISNA(VLOOKUP(ROW($A21)-7,Query!$A:$N,4,FALSE)),\" \",VLOOKUP(ROW($A21)-7,Query!$A:$N,4,FALSE))", kind: Scalar, cached: Some(Cache { value: Text("name14 - 114"), origin: Stored, freshness: Unknown }) }) }, SourceCell { address: Cell { row: Row(21), column: Column(1) }, cell: Formula(Formula { text: "IF(ISNA(VLOOKUP(ROW($A22)-7,Query!$A:$N,4,FALSE)),\" \",VLOOKUP(ROW($A22)-7,Query!$A:$N,4,FALSE))", kind: Scalar, cached: Some(Cache { value: Text("name15 - 115"), origin: Stored, freshness: Unknown }) }) }, SourceCell { address: Cell { row: Row(22), column: Column(1) }, cell: Formula(Formula { text: "IF(ISNA(VLOOKUP(ROW($A23)-7,Query!$A:$N,4,FALSE)),\" \",VLOOKUP(ROW($A23)-7,Query!$A:$N,4,FALSE))", kind: Scalar, cached: Some(Cache { value: Text("name16 - 116"), origin: Stored, freshness: Unknown }) }) }, SourceCell { address: Cell { row: Row(23), column: Column(1) }, cell: Formula(Formula { text: "IF(ISNA(VLOOKUP(ROW($A24)-7,Query!$A:$N,4,FALSE)),\" \",VLOOKUP(ROW($A24)-7,Query!$A:$N,4,FALSE))", kind: Scalar, cached: Some(Cache { value: Text("name17 - 117"), origin: Stored, freshness: Unknown }) }) }, SourceCell { address: Cell { row: Row(24), column: Column(1) }, cell: Formula(Formula { text: "IF(ISNA(VLOOKUP(ROW($A25)-7,Query!$A:$N,4,FALSE)),\" \",VLOOKUP(ROW($A25)-7,Query!$A:$N,4,FALSE))", kind: Scalar, cached: Some(Cache { value: Text("name18 - 118"), origin: Stored, freshness: Unknown }) }) }, SourceCell { address: Cell { row: Row(25), column: Column(1) }, cell: Formula(Formula { text: "IF(ISNA(VLOOKUP(ROW($A26)-7,Query!$A:$N,4,FALSE)),\" \",VLOOKUP(ROW($A26)-7,Query!$A:$N,4,FALSE))", kind: Scalar, cached: Some(Cache { value: Text("name19 - 119"), origin: Stored, freshness: Unknown }) }) }, SourceCell { address: Cell { row: Row(26), column: Column(1) }, cell: Formula(Formula { text: "IF(ISNA(VLOOKUP(ROW($A27)-7,Query!$A:$N,4,FALSE)),\" \",VLOOKUP(ROW($A27)-7,Query!$A:$N,4,FALSE))", kind: Scalar, cached: Some(Cache { value: Text("name20 - 120"), origin: Stored, freshness: Unknown }) }) }, SourceCell { address: Cell { row: Row(27), column: Column(1) }, cell: Formula(Formula { text: "IF(ISNA(VLOOKUP(ROW($A28)-7,Query!$A:$N,4,FALSE)),\" \",VLOOKUP(ROW($A28)-7,Query!$A:$N,4,FALSE))", kind: Scalar, cached: Some(Cache { value: Text("name21 - 121"), origin: Stored, freshness: Unknown }) }) }, SourceCell { address: Cell { row: Row(28), column: Column(1) }, cell: Formula(Formula { text: "IF(ISNA(VLOOKUP(ROW($A29)-7,Query!$A:$N,4,FALSE)),\" \",VLOOKUP(ROW($A29)-7,Query!$A:$N,4,FALSE))", kind: Scalar, cached: Some(Cache { value: Text("name22 - 122"), origin: Stored, freshness: Unknown }) }) }, SourceCell { address: Cell { row: Row(29), column: Column(1) }, cell: Formula(Formula { text: "IF(ISNA(VLOOKUP(ROW($A30)-7,Query!$A:$N,4,FALSE)),\" \",VLOOKUP(ROW($A30)-7,Query!$A:$N,4,FALSE))", kind: Scalar, cached: Some(Cache { value: Text("name23 - 123"), origin: Stored, freshness: Unknown }) }) }, SourceCell { address: Cell { row: Row(30), column: Column(1) }, cell: Formula(Formula { text: "IF(ISNA(VLOOKUP(ROW($A31)-7,Query!$A:$N,4,FALSE)),\" \",VLOOKUP(ROW($A31)-7,Query!$A:$N,4,FALSE))", kind: Scalar, cached: Some(Cache { value: Text("name24 - 124"), origin: Stored, freshness: Unknown }) }) }, SourceCell { address: Cell { row: Row(31), column: Column(1) }, cell: Formula(Formula { text: "IF(ISNA(VLOOKUP(ROW($A32)-7,Query!$A:$N,4,FALSE)),\" \",VLOOKUP(ROW($A32)-7,Query!$A:$N,4,FALSE))", kind: Scalar, cached: Some(Cache { value: Text("name25 - 125"), origin: Stored, freshness: Unknown }) }) }, SourceCell { address: Cell { row: Row(32), column: Column(1) }, cell: Formula(Formula { text: "IF(ISNA(VLOOKUP(ROW($A33)-7,Query!$A:$N,4,FALSE)),\" \",VLOOKUP(ROW($A33)-7,Query!$A:$N,4,FALSE))", kind: Scalar, cached: Some(Cache { value: Text("name26 - 126"), origin: Stored, freshness: Unknown }) }) }, SourceCell { address: Cell { row: Row(33), column: Column(1) }, cell: Formula(Formula { text: "IF(ISNA(VLOOKUP(ROW($A34)-7,Query!$A:$N,4,FALSE)),\" \",VLOOKUP(ROW($A34)-7,Query!$A:$N,4,FALSE))", kind: Scalar, cached: Some(Cache { value: Text("name27 - 127"), origin: Stored, freshness: Unknown }) }) }, SourceCell { address: Cell { row: Row(34), column: Column(1) }, cell: Formula(Formula { text: "IF(ISNA(VLOOKUP(ROW($A35)-7,Query!$A:$N,4,FALSE)),\" \",VLOOKUP(ROW($A35)-7,Query!$A:$N,4,FALSE))", kind: Scalar, cached: Some(Cache { value: Text("name28 - 128"), origin: Stored, freshness: Unknown }) }) }, SourceCell { address: Cell { row: Row(35), column: Column(1) }, cell: Formula(Formula { text: "IF(ISNA(VLOOKUP(ROW($A36)-7,Query!$A:$N,4,FALSE)),\" \",VLOOKUP(ROW($A36)-7,Query!$A:$N,4,FALSE))", kind: Scalar, cached: Some(Cache { value: Text("name29 - 129"), origin: Stored, freshness: Unknown }) }) }, SourceCell { address: Cell { row: Row(36), column: Column(1) }, cell: Formula(Formula { text: "IF(ISNA(VLOOKUP(ROW($A37)-7,Query!$A:$N,4,FALSE)),\" \",VLOOKUP(ROW($A37)-7,Query!$A:$N,4,FALSE))", kind: Scalar, cached: Some(Cache { value: Text("name30 - 130"), origin: Stored, freshness: Unknown }) }) }, SourceCell { address: Cell { row: Row(37), column: Column(1) }, cell: Formula(Formula { text: "IF(ISNA(VLOOKUP(ROW($A38)-7,Query!$A:$N,4,FALSE)),\" \",VLOOKUP(ROW($A38)-7,Query!$A:$N,4,FALSE))", kind: Scalar, cached: Some(Cache { value: Text("name31 - 131"), origin: Stored, freshness: Unknown }) }) }, SourceCell { address: Cell { row: Row(38), column: Column(1) }, cell: Formula(Formula { text: "IF(ISNA(VLOOKUP(ROW($A39)-7,Query!$A:$N,4,FALSE)),\" \",VLOOKUP(ROW($A39)-7,Query!$A:$N,4,FALSE))", kind: Scalar, cached: Some(Cache { value: Text("name32 - 132"), origin: Stored, freshness: Unknown }) }) }, SourceCell { address: Cell { row: Row(39), column: Column(1) }, cell: Formula(Formula { text: "IF(ISNA(VLOOKUP(ROW($A40)-7,Query!$A:$N,4,FALSE)),\" \",VLOOKUP(ROW($A40)-7,Query!$A:$N,4,FALSE))", kind: Scalar, cached: Some(Cache { value: Text("name33 - 133"), origin: Stored, freshness: Unknown }) }) }, SourceCell { address: Cell { row: Row(40), column: Column(1) }, cell: Formula(Formula { text: "IF(ISNA(VLOOKUP(ROW($A41)-7,Query!$A:$N,4,FALSE)),\" \",VLOOKUP(ROW($A41)-7,Query!$A:$N,4,FALSE))", kind: Scalar, cached: Some(Cache { value: Text("name34 - 134"), origin: Stored, freshness: Unknown }) }) }, SourceCell { address: Cell { row: Row(41), column: Column(1) }, cell: Formula(Formula { text: "IF(ISNA(VLOOKUP(ROW($A42)-7,Query!$A:$N,4,FALSE)),\" \",VLOOKUP(ROW($A42)-7,Query!$A:$N,4,FALSE))", kind: Scalar, cached: Some(Cache { value: Text("name35 - 135"), origin: Stored, freshness: Unknown }) }) }, SourceCell { address: Cell { row: Row(42), column: Column(1) }, cell: Formula(Formula { text: "IF(ISNA(VLOOKUP(ROW($A43)-7,Query!$A:$N,4,FALSE)),\" \",VLOOKUP(ROW($A43)-7,Query!$A:$N,4,FALSE))", kind: Scalar, cached: Some(Cache { value: Text("name36 - 136"), origin: Stored, freshness: Unknown }) }) }, SourceCell { address: Cell { row: Row(43), column: Column(1) }, cell: Formula(Formula { text: "IF(ISNA(VLOOKUP(ROW($A44)-7,Query!$A:$N,4,FALSE)),\" \",VLOOKUP(ROW($A44)-7,Query!$A:$N,4,FALSE))", kind: Scalar, cached: Some(Cache { value: Text("name37 - 137"), origin: Stored, freshness: Unknown }) }) }, SourceCell { address: Cell { row: Row(44), column: Column(1) }, cell: Formula(Formula { text: "IF(ISNA(VLOOKUP(ROW($A45)-7,Query!$A:$N,4,FALSE)),\" \",VLOOKUP(ROW($A45)-7,Query!$A:$N,4,FALSE))", kind: Scalar, cached: Some(Cache { value: Text("name38 - 138"), origin: Stored, freshness: Unknown }) }) }, SourceCell { address: Cell { row: Row(45), column: Column(1) }, cell: Formula(Formula { text: "IF(ISNA(VLOOKUP(ROW($A46)-7,Query!$A:$N,4,FALSE)),\" \",VLOOKUP(ROW($A46)-7,Query!$A:$N,4,FALSE))", kind: Scalar, cached: Some(Cache { value: Text("name39 - 139"), origin: Stored, freshness: Unknown }) }) }, SourceCell { address: Cell { row: Row(46), column: Column(1) }, cell: Formula(Formula { text: "IF(ISNA(VLOOKUP(ROW($A47)-7,Query!$A:$N,4,FALSE)),\" \",VLOOKUP(ROW($A47)-7,Query!$A:$N,4,FALSE))", kind: Scalar, cached: Some(Cache { value: Text("name40 - 140"), origin: Stored, freshness: Unknown }) }) }, SourceCell { address: Cell { row: Row(47), column: Column(1) }, cell: Formula(Formula { text: "IF(ISNA(VLOOKUP(ROW($A48)-7,Query!$A:$N,4,FALSE)),\" \",VLOOKUP(ROW($A48)-7,Query!$A:$N,4,FALSE))", kind: Scalar, cached: Some(Cache { value: Text("name41 - 141"), origin: Stored, freshness: Unknown }) }) }, SourceCell { address: Cell { row: Row(48), column: Column(1) }, cell: Formula(Formula { text: "IF(ISNA(VLOOKUP(ROW($A49)-7,Query!$A:$N,4,FALSE)),\" \",VLOOKUP(ROW($A49)-7,Query!$A:$N,4,FALSE))", kind: Scalar, cached: Some(Cache { value: Text("name42 - 142"), origin: Stored, freshness: Unknown }) }) }, SourceCell { address: Cell { row: Row(49), column: Column(1) }, cell: Formula(Formula { text: "IF(ISNA(VLOOKUP(ROW($A50)-7,Query!$A:$N,4,FALSE)),\" \",VLOOKUP(ROW($A50)-7,Query!$A:$N,4,FALSE))", kind: Scalar, cached: Some(Cache { value: Text("name43 - 143"), origin: Stored, freshness: Unknown }) }) }])
test-data/poi/test-data/spreadsheet/StructuredRefs-lots-with-lookups.xlsx	List	B1:B50	cells	C-fix+gate	reads=15	bytes=117378	Ok([SourceCell { address: Cell { row: Row(1), column: Column(1) }, cell: Value(Text("SELECT Something")) }, SourceCell { address: Cell { row: Row(2), column: Column(1) }, cell: Value(Text("Alabama")) }, SourceCell { address: Cell { row: Row(3), column: Column(1) }, cell: Empty }, SourceCell { address: Cell { row: Row(4), column: Column(1) }, cell: Formula(Formula { text: "B3&\" Matching List\"", kind: Scalar, cached: Some(Cache { value: Text("Alabama Matching List"), origin: Stored, freshness: Unknown }) }) }, SourceCell { address: Cell { row: Row(6), column: Column(1) }, cell: Value(Text("Name & Number")) }, SourceCell { address: Cell { row: Row(7), column: Column(1) }, cell: Formula(Formula { text: "IF(ISNA(VLOOKUP(ROW($A8)-7,Query!$A:$N,4,FALSE)),\" \",VLOOKUP(ROW($A8)-7,Query!$A:$N,4,FALSE))", kind: Scalar, cached: Some(Cache { value: Text("name1 - 101"), origin: Stored, freshness: Unknown }) }) }, SourceCell { address: Cell { row: Row(8), column: Column(1) }, cell: Formula(Formula { text: "IF(ISNA(VLOOKUP(ROW($A9)-7,Query!$A:$N,4,FALSE)),\" \",VLOOKUP(ROW($A9)-7,Query!$A:$N,4,FALSE))", kind: Scalar, cached: Some(Cache { value: Text("name2 - 102"), origin: Stored, freshness: Unknown }) }) }, SourceCell { address: Cell { row: Row(9), column: Column(1) }, cell: Formula(Formula { text: "IF(ISNA(VLOOKUP(ROW($A10)-7,Query!$A:$N,4,FALSE)),\" \",VLOOKUP(ROW($A10)-7,Query!$A:$N,4,FALSE))", kind: Scalar, cached: Some(Cache { value: Text("name3 - 103"), origin: Stored, freshness: Unknown }) }) }, SourceCell { address: Cell { row: Row(10), column: Column(1) }, cell: Formula(Formula { text: "IF(ISNA(VLOOKUP(ROW($A11)-7,Query!$A:$N,4,FALSE)),\" \",VLOOKUP(ROW($A11)-7,Query!$A:$N,4,FALSE))", kind: Scalar, cached: Some(Cache { value: Text("name4 - 104"), origin: Stored, freshness: Unknown }) }) }, SourceCell { address: Cell { row: Row(11), column: Column(1) }, cell: Formula(Formula { text: "IF(ISNA(VLOOKUP(ROW($A12)-7,Query!$A:$N,4,FALSE)),\" \",VLOOKUP(ROW($A12)-7,Query!$A:$N,4,FALSE))", kind: Scalar, cached: Some(Cache { value: Text("name5 - 105"), origin: Stored, freshness: Unknown }) }) }, SourceCell { address: Cell { row: Row(12), column: Column(1) }, cell: Formula(Formula { text: "IF(ISNA(VLOOKUP(ROW($A13)-7,Query!$A:$N,4,FALSE)),\" \",VLOOKUP(ROW($A13)-7,Query!$A:$N,4,FALSE))", kind: Scalar, cached: Some(Cache { value: Text("name6 - 106"), origin: Stored, freshness: Unknown }) }) }, SourceCell { address: Cell { row: Row(13), column: Column(1) }, cell: Formula(Formula { text: "IF(ISNA(VLOOKUP(ROW($A14)-7,Query!$A:$N,4,FALSE)),\" \",VLOOKUP(ROW($A14)-7,Query!$A:$N,4,FALSE))", kind: Scalar, cached: Some(Cache { value: Text("name7 - 107"), origin: Stored, freshness: Unknown }) }) }, SourceCell { address: Cell { row: Row(14), column: Column(1) }, cell: Formula(Formula { text: "IF(ISNA(VLOOKUP(ROW($A15)-7,Query!$A:$N,4,FALSE)),\" \",VLOOKUP(ROW($A15)-7,Query!$A:$N,4,FALSE))", kind: Scalar, cached: Some(Cache { value: Text("name8 - 108"), origin: Stored, freshness: Unknown }) }) }, SourceCell { address: Cell { row: Row(15), column: Column(1) }, cell: Formula(Formula { text: "IF(ISNA(VLOOKUP(ROW($A16)-7,Query!$A:$N,4,FALSE)),\" \",VLOOKUP(ROW($A16)-7,Query!$A:$N,4,FALSE))", kind: Scalar, cached: Some(Cache { value: Text("name9 - 109"), origin: Stored, freshness: Unknown }) }) }, SourceCell { address: Cell { row: Row(16), column: Column(1) }, cell: Formula(Formula { text: "IF(ISNA(VLOOKUP(ROW($A17)-7,Query!$A:$N,4,FALSE)),\" \",VLOOKUP(ROW($A17)-7,Query!$A:$N,4,FALSE))", kind: Scalar, cached: Some(Cache { value: Text("name10 - 110"), origin: Stored, freshness: Unknown }) }) }, SourceCell { address: Cell { row: Row(17), column: Column(1) }, cell: Formula(Formula { text: "IF(ISNA(VLOOKUP(ROW($A18)-7,Query!$A:$N,4,FALSE)),\" \",VLOOKUP(ROW($A18)-7,Query!$A:$N,4,FALSE))", kind: Scalar, cached: Some(Cache { value: Text("name11 - 111"), origin: Stored, freshness: Unknown }) }) }, SourceCell { address: Cell { row: Row(18), column: Column(1) }, cell: Formula(Formula { text: "IF(ISNA(VLOOKUP(ROW($A19)-7,Query!$A:$N,4,FALSE)),\" \",VLOOKUP(ROW($A19)-7,Query!$A:$N,4,FALSE))", kind: Scalar, cached: Some(Cache { value: Text("name12 - 112"), origin: Stored, freshness: Unknown }) }) }, SourceCell { address: Cell { row: Row(19), column: Column(1) }, cell: Formula(Formula { text: "IF(ISNA(VLOOKUP(ROW($A20)-7,Query!$A:$N,4,FALSE)),\" \",VLOOKUP(ROW($A20)-7,Query!$A:$N,4,FALSE))", kind: Scalar, cached: Some(Cache { value: Text("name13 - 113"), origin: Stored, freshness: Unknown }) }) }, SourceCell { address: Cell { row: Row(20), column: Column(1) }, cell: Formula(Formula { text: "IF(ISNA(VLOOKUP(ROW($A21)-7,Query!$A:$N,4,FALSE)),\" \",VLOOKUP(ROW($A21)-7,Query!$A:$N,4,FALSE))", kind: Scalar, cached: Some(Cache { value: Text("name14 - 114"), origin: Stored, freshness: Unknown }) }) }, SourceCell { address: Cell { row: Row(21), column: Column(1) }, cell: Formula(Formula { text: "IF(ISNA(VLOOKUP(ROW($A22)-7,Query!$A:$N,4,FALSE)),\" \",VLOOKUP(ROW($A22)-7,Query!$A:$N,4,FALSE))", kind: Scalar, cached: Some(Cache { value: Text("name15 - 115"), origin: Stored, freshness: Unknown }) }) }, SourceCell { address: Cell { row: Row(22), column: Column(1) }, cell: Formula(Formula { text: "IF(ISNA(VLOOKUP(ROW($A23)-7,Query!$A:$N,4,FALSE)),\" \",VLOOKUP(ROW($A23)-7,Query!$A:$N,4,FALSE))", kind: Scalar, cached: Some(Cache { value: Text("name16 - 116"), origin: Stored, freshness: Unknown }) }) }, SourceCell { address: Cell { row: Row(23), column: Column(1) }, cell: Formula(Formula { text: "IF(ISNA(VLOOKUP(ROW($A24)-7,Query!$A:$N,4,FALSE)),\" \",VLOOKUP(ROW($A24)-7,Query!$A:$N,4,FALSE))", kind: Scalar, cached: Some(Cache { value: Text("name17 - 117"), origin: Stored, freshness: Unknown }) }) }, SourceCell { address: Cell { row: Row(24), column: Column(1) }, cell: Formula(Formula { text: "IF(ISNA(VLOOKUP(ROW($A25)-7,Query!$A:$N,4,FALSE)),\" \",VLOOKUP(ROW($A25)-7,Query!$A:$N,4,FALSE))", kind: Scalar, cached: Some(Cache { value: Text("name18 - 118"), origin: Stored, freshness: Unknown }) }) }, SourceCell { address: Cell { row: Row(25), column: Column(1) }, cell: Formula(Formula { text: "IF(ISNA(VLOOKUP(ROW($A26)-7,Query!$A:$N,4,FALSE)),\" \",VLOOKUP(ROW($A26)-7,Query!$A:$N,4,FALSE))", kind: Scalar, cached: Some(Cache { value: Text("name19 - 119"), origin: Stored, freshness: Unknown }) }) }, SourceCell { address: Cell { row: Row(26), column: Column(1) }, cell: Formula(Formula { text: "IF(ISNA(VLOOKUP(ROW($A27)-7,Query!$A:$N,4,FALSE)),\" \",VLOOKUP(ROW($A27)-7,Query!$A:$N,4,FALSE))", kind: Scalar, cached: Some(Cache { value: Text("name20 - 120"), origin: Stored, freshness: Unknown }) }) }, SourceCell { address: Cell { row: Row(27), column: Column(1) }, cell: Formula(Formula { text: "IF(ISNA(VLOOKUP(ROW($A28)-7,Query!$A:$N,4,FALSE)),\" \",VLOOKUP(ROW($A28)-7,Query!$A:$N,4,FALSE))", kind: Scalar, cached: Some(Cache { value: Text("name21 - 121"), origin: Stored, freshness: Unknown }) }) }, SourceCell { address: Cell { row: Row(28), column: Column(1) }, cell: Formula(Formula { text: "IF(ISNA(VLOOKUP(ROW($A29)-7,Query!$A:$N,4,FALSE)),\" \",VLOOKUP(ROW($A29)-7,Query!$A:$N,4,FALSE))", kind: Scalar, cached: Some(Cache { value: Text("name22 - 122"), origin: Stored, freshness: Unknown }) }) }, SourceCell { address: Cell { row: Row(29), column: Column(1) }, cell: Formula(Formula { text: "IF(ISNA(VLOOKUP(ROW($A30)-7,Query!$A:$N,4,FALSE)),\" \",VLOOKUP(ROW($A30)-7,Query!$A:$N,4,FALSE))", kind: Scalar, cached: Some(Cache { value: Text("name23 - 123"), origin: Stored, freshness: Unknown }) }) }, SourceCell { address: Cell { row: Row(30), column: Column(1) }, cell: Formula(Formula { text: "IF(ISNA(VLOOKUP(ROW($A31)-7,Query!$A:$N,4,FALSE)),\" \",VLOOKUP(ROW($A31)-7,Query!$A:$N,4,FALSE))", kind: Scalar, cached: Some(Cache { value: Text("name24 - 124"), origin: Stored, freshness: Unknown }) }) }, SourceCell { address: Cell { row: Row(31), column: Column(1) }, cell: Formula(Formula { text: "IF(ISNA(VLOOKUP(ROW($A32)-7,Query!$A:$N,4,FALSE)),\" \",VLOOKUP(ROW($A32)-7,Query!$A:$N,4,FALSE))", kind: Scalar, cached: Some(Cache { value: Text("name25 - 125"), origin: Stored, freshness: Unknown }) }) }, SourceCell { address: Cell { row: Row(32), column: Column(1) }, cell: Formula(Formula { text: "IF(ISNA(VLOOKUP(ROW($A33)-7,Query!$A:$N,4,FALSE)),\" \",VLOOKUP(ROW($A33)-7,Query!$A:$N,4,FALSE))", kind: Scalar, cached: Some(Cache { value: Text("name26 - 126"), origin: Stored, freshness: Unknown }) }) }, SourceCell { address: Cell { row: Row(33), column: Column(1) }, cell: Formula(Formula { text: "IF(ISNA(VLOOKUP(ROW($A34)-7,Query!$A:$N,4,FALSE)),\" \",VLOOKUP(ROW($A34)-7,Query!$A:$N,4,FALSE))", kind: Scalar, cached: Some(Cache { value: Text("name27 - 127"), origin: Stored, freshness: Unknown }) }) }, SourceCell { address: Cell { row: Row(34), column: Column(1) }, cell: Formula(Formula { text: "IF(ISNA(VLOOKUP(ROW($A35)-7,Query!$A:$N,4,FALSE)),\" \",VLOOKUP(ROW($A35)-7,Query!$A:$N,4,FALSE))", kind: Scalar, cached: Some(Cache { value: Text("name28 - 128"), origin: Stored, freshness: Unknown }) }) }, SourceCell { address: Cell { row: Row(35), column: Column(1) }, cell: Formula(Formula { text: "IF(ISNA(VLOOKUP(ROW($A36)-7,Query!$A:$N,4,FALSE)),\" \",VLOOKUP(ROW($A36)-7,Query!$A:$N,4,FALSE))", kind: Scalar, cached: Some(Cache { value: Text("name29 - 129"), origin: Stored, freshness: Unknown }) }) }, SourceCell { address: Cell { row: Row(36), column: Column(1) }, cell: Formula(Formula { text: "IF(ISNA(VLOOKUP(ROW($A37)-7,Query!$A:$N,4,FALSE)),\" \",VLOOKUP(ROW($A37)-7,Query!$A:$N,4,FALSE))", kind: Scalar, cached: Some(Cache { value: Text("name30 - 130"), origin: Stored, freshness: Unknown }) }) }, SourceCell { address: Cell { row: Row(37), column: Column(1) }, cell: Formula(Formula { text: "IF(ISNA(VLOOKUP(ROW($A38)-7,Query!$A:$N,4,FALSE)),\" \",VLOOKUP(ROW($A38)-7,Query!$A:$N,4,FALSE))", kind: Scalar, cached: Some(Cache { value: Text("name31 - 131"), origin: Stored, freshness: Unknown }) }) }, SourceCell { address: Cell { row: Row(38), column: Column(1) }, cell: Formula(Formula { text: "IF(ISNA(VLOOKUP(ROW($A39)-7,Query!$A:$N,4,FALSE)),\" \",VLOOKUP(ROW($A39)-7,Query!$A:$N,4,FALSE))", kind: Scalar, cached: Some(Cache { value: Text("name32 - 132"), origin: Stored, freshness: Unknown }) }) }, SourceCell { address: Cell { row: Row(39), column: Column(1) }, cell: Formula(Formula { text: "IF(ISNA(VLOOKUP(ROW($A40)-7,Query!$A:$N,4,FALSE)),\" \",VLOOKUP(ROW($A40)-7,Query!$A:$N,4,FALSE))", kind: Scalar, cached: Some(Cache { value: Text("name33 - 133"), origin: Stored, freshness: Unknown }) }) }, SourceCell { address: Cell { row: Row(40), column: Column(1) }, cell: Formula(Formula { text: "IF(ISNA(VLOOKUP(ROW($A41)-7,Query!$A:$N,4,FALSE)),\" \",VLOOKUP(ROW($A41)-7,Query!$A:$N,4,FALSE))", kind: Scalar, cached: Some(Cache { value: Text("name34 - 134"), origin: Stored, freshness: Unknown }) }) }, SourceCell { address: Cell { row: Row(41), column: Column(1) }, cell: Formula(Formula { text: "IF(ISNA(VLOOKUP(ROW($A42)-7,Query!$A:$N,4,FALSE)),\" \",VLOOKUP(ROW($A42)-7,Query!$A:$N,4,FALSE))", kind: Scalar, cached: Some(Cache { value: Text("name35 - 135"), origin: Stored, freshness: Unknown }) }) }, SourceCell { address: Cell { row: Row(42), column: Column(1) }, cell: Formula(Formula { text: "IF(ISNA(VLOOKUP(ROW($A43)-7,Query!$A:$N,4,FALSE)),\" \",VLOOKUP(ROW($A43)-7,Query!$A:$N,4,FALSE))", kind: Scalar, cached: Some(Cache { value: Text("name36 - 136"), origin: Stored, freshness: Unknown }) }) }, SourceCell { address: Cell { row: Row(43), column: Column(1) }, cell: Formula(Formula { text: "IF(ISNA(VLOOKUP(ROW($A44)-7,Query!$A:$N,4,FALSE)),\" \",VLOOKUP(ROW($A44)-7,Query!$A:$N,4,FALSE))", kind: Scalar, cached: Some(Cache { value: Text("name37 - 137"), origin: Stored, freshness: Unknown }) }) }, SourceCell { address: Cell { row: Row(44), column: Column(1) }, cell: Formula(Formula { text: "IF(ISNA(VLOOKUP(ROW($A45)-7,Query!$A:$N,4,FALSE)),\" \",VLOOKUP(ROW($A45)-7,Query!$A:$N,4,FALSE))", kind: Scalar, cached: Some(Cache { value: Text("name38 - 138"), origin: Stored, freshness: Unknown }) }) }, SourceCell { address: Cell { row: Row(45), column: Column(1) }, cell: Formula(Formula { text: "IF(ISNA(VLOOKUP(ROW($A46)-7,Query!$A:$N,4,FALSE)),\" \",VLOOKUP(ROW($A46)-7,Query!$A:$N,4,FALSE))", kind: Scalar, cached: Some(Cache { value: Text("name39 - 139"), origin: Stored, freshness: Unknown }) }) }, SourceCell { address: Cell { row: Row(46), column: Column(1) }, cell: Formula(Formula { text: "IF(ISNA(VLOOKUP(ROW($A47)-7,Query!$A:$N,4,FALSE)),\" \",VLOOKUP(ROW($A47)-7,Query!$A:$N,4,FALSE))", kind: Scalar, cached: Some(Cache { value: Text("name40 - 140"), origin: Stored, freshness: Unknown }) }) }, SourceCell { address: Cell { row: Row(47), column: Column(1) }, cell: Formula(Formula { text: "IF(ISNA(VLOOKUP(ROW($A48)-7,Query!$A:$N,4,FALSE)),\" \",VLOOKUP(ROW($A48)-7,Query!$A:$N,4,FALSE))", kind: Scalar, cached: Some(Cache { value: Text("name41 - 141"), origin: Stored, freshness: Unknown }) }) }, SourceCell { address: Cell { row: Row(48), column: Column(1) }, cell: Formula(Formula { text: "IF(ISNA(VLOOKUP(ROW($A49)-7,Query!$A:$N,4,FALSE)),\" \",VLOOKUP(ROW($A49)-7,Query!$A:$N,4,FALSE))", kind: Scalar, cached: Some(Cache { value: Text("name42 - 142"), origin: Stored, freshness: Unknown }) }) }, SourceCell { address: Cell { row: Row(49), column: Column(1) }, cell: Formula(Formula { text: "IF(ISNA(VLOOKUP(ROW($A50)-7,Query!$A:$N,4,FALSE)),\" \",VLOOKUP(ROW($A50)-7,Query!$A:$N,4,FALSE))", kind: Scalar, cached: Some(Cache { value: Text("name43 - 143"), origin: Stored, freshness: Unknown }) }) }])
test-data/poi/test-data/spreadsheet/StructuredRefs-lots-with-lookups.xlsx	List	B2	cell	A-base	reads=5	bytes=45219	Err(Invalid("worksheet mergeCells appears before sheetData"))
test-data/poi/test-data/spreadsheet/StructuredRefs-lots-with-lookups.xlsx	List	B2	cell	B-fix	reads=15	bytes=117378	Ok(Stored(Value(Text("SELECT Something"))))
test-data/poi/test-data/spreadsheet/StructuredRefs-lots-with-lookups.xlsx	List	B2	cell	C-fix+gate	reads=15	bytes=117378	Ok(Stored(Value(Text("SELECT Something"))))
test-data/poi/test-data/spreadsheet/StructuredRefs-lots-with-lookups.xlsx	List	BA50	cell	A-base	reads=5	bytes=45219	Err(Invalid("worksheet mergeCells appears before sheetData"))
test-data/poi/test-data/spreadsheet/StructuredRefs-lots-with-lookups.xlsx	List	BA50	cell	B-fix	reads=15	bytes=117378	Ok(Missing)
test-data/poi/test-data/spreadsheet/StructuredRefs-lots-with-lookups.xlsx	List	BA50	cell	C-fix+gate	reads=15	bytes=117378	Ok(Missing)
test-data/poi/test-data/spreadsheet/StructuredRefs-lots-with-lookups.xlsx	List	C3	cell	A-base	reads=5	bytes=45219	Err(Invalid("worksheet mergeCells appears before sheetData"))
test-data/poi/test-data/spreadsheet/StructuredRefs-lots-with-lookups.xlsx	List	C3	cell	B-fix	reads=15	bytes=117378	Ok(Stored(Empty))
test-data/poi/test-data/spreadsheet/StructuredRefs-lots-with-lookups.xlsx	List	C3	cell	C-fix+gate	reads=15	bytes=117378	Ok(Stored(Empty))
test-data/poi/test-data/spreadsheet/StructuredRefs-lots-with-lookups.xlsx	List	D4	cell	A-base	reads=5	bytes=45219	Err(Invalid("worksheet mergeCells appears before sheetData"))
test-data/poi/test-data/spreadsheet/StructuredRefs-lots-with-lookups.xlsx	List	D4	cell	B-fix	reads=15	bytes=117378	Ok(Stored(Empty))
test-data/poi/test-data/spreadsheet/StructuredRefs-lots-with-lookups.xlsx	List	D4	cell	C-fix+gate	reads=15	bytes=117378	Ok(Stored(Empty))
test-data/poi/test-data/spreadsheet/StructuredRefs-lots-with-lookups.xlsx	List	E5	cell	A-base	reads=5	bytes=45219	Err(Invalid("worksheet mergeCells appears before sheetData"))
test-data/poi/test-data/spreadsheet/StructuredRefs-lots-with-lookups.xlsx	List	E5	cell	B-fix	reads=15	bytes=117378	Ok(Missing)
test-data/poi/test-data/spreadsheet/StructuredRefs-lots-with-lookups.xlsx	List	E5	cell	C-fix+gate	reads=15	bytes=117378	Ok(Missing)
test-data/poi/test-data/spreadsheet/StructuredRefs-lots-with-lookups.xlsx	List	H680	cell	A-base	reads=5	bytes=45219	Err(Invalid("worksheet mergeCells appears before sheetData"))
test-data/poi/test-data/spreadsheet/StructuredRefs-lots-with-lookups.xlsx	List	H680	cell	B-fix	reads=15	bytes=117378	Ok(Missing)
test-data/poi/test-data/spreadsheet/StructuredRefs-lots-with-lookups.xlsx	List	H680	cell	C-fix+gate	reads=15	bytes=117378	Ok(Missing)
test-data/poi/test-data/spreadsheet/StructuredRefs-lots-with-lookups.xlsx	List	M29	cell	A-base	reads=5	bytes=45219	Err(Invalid("worksheet mergeCells appears before sheetData"))
test-data/poi/test-data/spreadsheet/StructuredRefs-lots-with-lookups.xlsx	List	M29	cell	B-fix	reads=15	bytes=117378	Ok(Missing)
test-data/poi/test-data/spreadsheet/StructuredRefs-lots-with-lookups.xlsx	List	M29	cell	C-fix+gate	reads=15	bytes=117378	Ok(Missing)
test-data/poi/test-data/spreadsheet/StructuredRefs-lots-with-lookups.xlsx	List	Z100	cell	A-base	reads=5	bytes=45219	Err(Invalid("worksheet mergeCells appears before sheetData"))
test-data/poi/test-data/spreadsheet/StructuredRefs-lots-with-lookups.xlsx	List	Z100	cell	B-fix	reads=15	bytes=117378	Ok(Missing)
test-data/poi/test-data/spreadsheet/StructuredRefs-lots-with-lookups.xlsx	List	Z100	cell	C-fix+gate	reads=15	bytes=117378	Ok(Missing)
test-data/poi/test-data/spreadsheet/StructuredRefs-lots-with-lookups.xlsx	Profile	A1	cell	A-base	reads=12	bytes=7729	Err(Invalid("worksheet mergeCells appears before sheetData"))
test-data/poi/test-data/spreadsheet/StructuredRefs-lots-with-lookups.xlsx	Profile	A1	cell	B-fix	reads=21	bytes=42158	Ok(Missing)
test-data/poi/test-data/spreadsheet/StructuredRefs-lots-with-lookups.xlsx	Profile	A1	cell	C-fix+gate	reads=21	bytes=42158	Ok(Missing)
test-data/poi/test-data/spreadsheet/StructuredRefs-lots-with-lookups.xlsx	Profile	A1:E5	cells	A-base	reads=12	bytes=7729	Err(Invalid("worksheet mergeCells appears before sheetData"))
test-data/poi/test-data/spreadsheet/StructuredRefs-lots-with-lookups.xlsx	Profile	A1:E5	cells	B-fix	reads=21	bytes=42158	Ok([SourceCell { address: Cell { row: Row(1), column: Column(1) }, cell: Value(Text("SELECT Something")) }, SourceCell { address: Cell { row: Row(1), column: Column(2) }, cell: Empty }, SourceCell { address: Cell { row: Row(1), column: Column(3) }, cell: Empty }, SourceCell { address: Cell { row: Row(1), column: Column(4) }, cell: Empty }, SourceCell { address: Cell { row: Row(2), column: Column(1) }, cell: Value(Text("All States")) }, SourceCell { address: Cell { row: Row(2), column: Column(2) }, cell: Empty }, SourceCell { address: Cell { row: Row(2), column: Column(3) }, cell: Empty }, SourceCell { address: Cell { row: Row(2), column: Column(4) }, cell: Empty }, SourceCell { address: Cell { row: Row(3), column: Column(1) }, cell: Empty }, SourceCell { address: Cell { row: Row(3), column: Column(2) }, cell: Empty }, SourceCell { address: Cell { row: Row(3), column: Column(3) }, cell: Empty }, SourceCell { address: Cell { row: Row(3), column: Column(4) }, cell: Empty }, SourceCell { address: Cell { row: Row(4), column: Column(1) }, cell: Formula(Formula { text: "B3&\" Summary by year\"", kind: Scalar, cached: Some(Cache { value: Text("All States Summary by year"), origin: Stored, freshness: Unknown }) }) }, SourceCell { address: Cell { row: Row(4), column: Column(2) }, cell: Empty }])
test-data/poi/test-data/spreadsheet/StructuredRefs-lots-with-lookups.xlsx	Profile	A1:E5	cells	C-fix+gate	reads=21	bytes=42158	Ok([SourceCell { address: Cell { row: Row(1), column: Column(1) }, cell: Value(Text("SELECT Something")) }, SourceCell { address: Cell { row: Row(1), column: Column(2) }, cell: Empty }, SourceCell { address: Cell { row: Row(1), column: Column(3) }, cell: Empty }, SourceCell { address: Cell { row: Row(1), column: Column(4) }, cell: Empty }, SourceCell { address: Cell { row: Row(2), column: Column(1) }, cell: Value(Text("All States")) }, SourceCell { address: Cell { row: Row(2), column: Column(2) }, cell: Empty }, SourceCell { address: Cell { row: Row(2), column: Column(3) }, cell: Empty }, SourceCell { address: Cell { row: Row(2), column: Column(4) }, cell: Empty }, SourceCell { address: Cell { row: Row(3), column: Column(1) }, cell: Empty }, SourceCell { address: Cell { row: Row(3), column: Column(2) }, cell: Empty }, SourceCell { address: Cell { row: Row(3), column: Column(3) }, cell: Empty }, SourceCell { address: Cell { row: Row(3), column: Column(4) }, cell: Empty }, SourceCell { address: Cell { row: Row(4), column: Column(1) }, cell: Formula(Formula { text: "B3&\" Summary by year\"", kind: Scalar, cached: Some(Cache { value: Text("All States Summary by year"), origin: Stored, freshness: Unknown }) }) }, SourceCell { address: Cell { row: Row(4), column: Column(2) }, cell: Empty }])
test-data/poi/test-data/spreadsheet/StructuredRefs-lots-with-lookups.xlsx	Profile	A2	cell	A-base	reads=12	bytes=7729	Err(Invalid("worksheet mergeCells appears before sheetData"))
test-data/poi/test-data/spreadsheet/StructuredRefs-lots-with-lookups.xlsx	Profile	A2	cell	B-fix	reads=21	bytes=42158	Ok(Missing)
test-data/poi/test-data/spreadsheet/StructuredRefs-lots-with-lookups.xlsx	Profile	A2	cell	C-fix+gate	reads=21	bytes=42158	Ok(Missing)
test-data/poi/test-data/spreadsheet/StructuredRefs-lots-with-lookups.xlsx	Profile	AA1	cell	A-base	reads=12	bytes=7729	Err(Invalid("worksheet mergeCells appears before sheetData"))
test-data/poi/test-data/spreadsheet/StructuredRefs-lots-with-lookups.xlsx	Profile	AA1	cell	B-fix	reads=21	bytes=42158	Ok(Missing)
test-data/poi/test-data/spreadsheet/StructuredRefs-lots-with-lookups.xlsx	Profile	AA1	cell	C-fix+gate	reads=21	bytes=42158	Ok(Missing)
test-data/poi/test-data/spreadsheet/StructuredRefs-lots-with-lookups.xlsx	Profile	B1	cell	A-base	reads=12	bytes=7729	Err(Invalid("worksheet mergeCells appears before sheetData"))
test-data/poi/test-data/spreadsheet/StructuredRefs-lots-with-lookups.xlsx	Profile	B1	cell	B-fix	reads=21	bytes=42158	Ok(Missing)
test-data/poi/test-data/spreadsheet/StructuredRefs-lots-with-lookups.xlsx	Profile	B1	cell	C-fix+gate	reads=21	bytes=42158	Ok(Missing)
test-data/poi/test-data/spreadsheet/StructuredRefs-lots-with-lookups.xlsx	Profile	B1:B50	cells	A-base	reads=12	bytes=7729	Err(Invalid("worksheet mergeCells appears before sheetData"))
test-data/poi/test-data/spreadsheet/StructuredRefs-lots-with-lookups.xlsx	Profile	B1:B50	cells	B-fix	reads=21	bytes=42158	Ok([SourceCell { address: Cell { row: Row(1), column: Column(1) }, cell: Value(Text("SELECT Something")) }, SourceCell { address: Cell { row: Row(2), column: Column(1) }, cell: Value(Text("All States")) }, SourceCell { address: Cell { row: Row(3), column: Column(1) }, cell: Empty }, SourceCell { address: Cell { row: Row(4), column: Column(1) }, cell: Formula(Formula { text: "B3&\" Summary by year\"", kind: Scalar, cached: Some(Cache { value: Text("All States Summary by year"), origin: Stored, freshness: Unknown }) }) }, SourceCell { address: Cell { row: Row(6), column: Column(1) }, cell: Value(Text("Year")) }, SourceCell { address: Cell { row: Row(7), column: Column(1) }, cell: Value(Number(Number("2000"))) }, SourceCell { address: Cell { row: Row(8), column: Column(1) }, cell: Value(Number(Number("2001"))) }, SourceCell { address: Cell { row: Row(9), column: Column(1) }, cell: Value(Number(Number("2002"))) }, SourceCell { address: Cell { row: Row(10), column: Column(1) }, cell: Value(Number(Number("2003"))) }, SourceCell { address: Cell { row: Row(11), column: Column(1) }, cell: Value(Number(Number("2004"))) }, SourceCell { address: Cell { row: Row(12), column: Column(1) }, cell: Value(Number(Number("2005"))) }, SourceCell { address: Cell { row: Row(13), column: Column(1) }, cell: Value(Number(Number("2006"))) }, SourceCell { address: Cell { row: Row(14), column: Column(1) }, cell: Value(Number(Number("2007"))) }, SourceCell { address: Cell { row: Row(15), column: Column(1) }, cell: Value(Number(Number("2008"))) }, SourceCell { address: Cell { row: Row(16), column: Column(1) }, cell: Value(Number(Number("2009"))) }, SourceCell { address: Cell { row: Row(17), column: Column(1) }, cell: Value(Number(Number("2010"))) }, SourceCell { address: Cell { row: Row(18), column: Column(1) }, cell: Value(Number(Number("2011"))) }, SourceCell { address: Cell { row: Row(19), column: Column(1) }, cell: Value(Number(Number("2012"))) }, SourceCell { address: Cell { row: Row(20), column: Column(1) }, cell: Value(Number(Number("2013"))) }, SourceCell { address: Cell { row: Row(22), column: Column(1) }, cell: Empty }, SourceCell { address: Cell { row: Row(23), column: Column(1) }, cell: Value(Number(Number("2000"))) }, SourceCell { address: Cell { row: Row(24), column: Column(1) }, cell: Value(Number(Number("2001"))) }, SourceCell { address: Cell { row: Row(25), column: Column(1) }, cell: Value(Number(Number("2002"))) }, SourceCell { address: Cell { row: Row(26), column: Column(1) }, cell: Value(Number(Number("2003"))) }, SourceCell { address: Cell { row: Row(27), column: Column(1) }, cell: Value(Number(Number("2004"))) }, SourceCell { address: Cell { row: Row(28), column: Column(1) }, cell: Value(Number(Number("2005"))) }, SourceCell { address: Cell { row: Row(29), column: Column(1) }, cell: Value(Number(Number("2006"))) }, SourceCell { address: Cell { row: Row(30), column: Column(1) }, cell: Value(Number(Number("2007"))) }, SourceCell { address: Cell { row: Row(31), column: Column(1) }, cell: Value(Number(Number("2008"))) }, SourceCell { address: Cell { row: Row(32), column: Column(1) }, cell: Value(Number(Number("2009"))) }, SourceCell { address: Cell { row: Row(33), column: Column(1) }, cell: Value(Number(Number("2010"))) }, SourceCell { address: Cell { row: Row(34), column: Column(1) }, cell: Value(Number(Number("2011"))) }, SourceCell { address: Cell { row: Row(35), column: Column(1) }, cell: Value(Number(Number("2012"))) }, SourceCell { address: Cell { row: Row(36), column: Column(1) }, cell: Value(Number(Number("2013"))) }])
test-data/poi/test-data/spreadsheet/StructuredRefs-lots-with-lookups.xlsx	Profile	B1:B50	cells	C-fix+gate	reads=21	bytes=42158	Ok([SourceCell { address: Cell { row: Row(1), column: Column(1) }, cell: Value(Text("SELECT Something")) }, SourceCell { address: Cell { row: Row(2), column: Column(1) }, cell: Value(Text("All States")) }, SourceCell { address: Cell { row: Row(3), column: Column(1) }, cell: Empty }, SourceCell { address: Cell { row: Row(4), column: Column(1) }, cell: Formula(Formula { text: "B3&\" Summary by year\"", kind: Scalar, cached: Some(Cache { value: Text("All States Summary by year"), origin: Stored, freshness: Unknown }) }) }, SourceCell { address: Cell { row: Row(6), column: Column(1) }, cell: Value(Text("Year")) }, SourceCell { address: Cell { row: Row(7), column: Column(1) }, cell: Value(Number(Number("2000"))) }, SourceCell { address: Cell { row: Row(8), column: Column(1) }, cell: Value(Number(Number("2001"))) }, SourceCell { address: Cell { row: Row(9), column: Column(1) }, cell: Value(Number(Number("2002"))) }, SourceCell { address: Cell { row: Row(10), column: Column(1) }, cell: Value(Number(Number("2003"))) }, SourceCell { address: Cell { row: Row(11), column: Column(1) }, cell: Value(Number(Number("2004"))) }, SourceCell { address: Cell { row: Row(12), column: Column(1) }, cell: Value(Number(Number("2005"))) }, SourceCell { address: Cell { row: Row(13), column: Column(1) }, cell: Value(Number(Number("2006"))) }, SourceCell { address: Cell { row: Row(14), column: Column(1) }, cell: Value(Number(Number("2007"))) }, SourceCell { address: Cell { row: Row(15), column: Column(1) }, cell: Value(Number(Number("2008"))) }, SourceCell { address: Cell { row: Row(16), column: Column(1) }, cell: Value(Number(Number("2009"))) }, SourceCell { address: Cell { row: Row(17), column: Column(1) }, cell: Value(Number(Number("2010"))) }, SourceCell { address: Cell { row: Row(18), column: Column(1) }, cell: Value(Number(Number("2011"))) }, SourceCell { address: Cell { row: Row(19), column: Column(1) }, cell: Value(Number(Number("2012"))) }, SourceCell { address: Cell { row: Row(20), column: Column(1) }, cell: Value(Number(Number("2013"))) }, SourceCell { address: Cell { row: Row(22), column: Column(1) }, cell: Empty }, SourceCell { address: Cell { row: Row(23), column: Column(1) }, cell: Value(Number(Number("2000"))) }, SourceCell { address: Cell { row: Row(24), column: Column(1) }, cell: Value(Number(Number("2001"))) }, SourceCell { address: Cell { row: Row(25), column: Column(1) }, cell: Value(Number(Number("2002"))) }, SourceCell { address: Cell { row: Row(26), column: Column(1) }, cell: Value(Number(Number("2003"))) }, SourceCell { address: Cell { row: Row(27), column: Column(1) }, cell: Value(Number(Number("2004"))) }, SourceCell { address: Cell { row: Row(28), column: Column(1) }, cell: Value(Number(Number("2005"))) }, SourceCell { address: Cell { row: Row(29), column: Column(1) }, cell: Value(Number(Number("2006"))) }, SourceCell { address: Cell { row: Row(30), column: Column(1) }, cell: Value(Number(Number("2007"))) }, SourceCell { address: Cell { row: Row(31), column: Column(1) }, cell: Value(Number(Number("2008"))) }, SourceCell { address: Cell { row: Row(32), column: Column(1) }, cell: Value(Number(Number("2009"))) }, SourceCell { address: Cell { row: Row(33), column: Column(1) }, cell: Value(Number(Number("2010"))) }, SourceCell { address: Cell { row: Row(34), column: Column(1) }, cell: Value(Number(Number("2011"))) }, SourceCell { address: Cell { row: Row(35), column: Column(1) }, cell: Value(Number(Number("2012"))) }, SourceCell { address: Cell { row: Row(36), column: Column(1) }, cell: Value(Number(Number("2013"))) }])
test-data/poi/test-data/spreadsheet/StructuredRefs-lots-with-lookups.xlsx	Profile	B2	cell	A-base	reads=12	bytes=7729	Err(Invalid("worksheet mergeCells appears before sheetData"))
test-data/poi/test-data/spreadsheet/StructuredRefs-lots-with-lookups.xlsx	Profile	B2	cell	B-fix	reads=21	bytes=42158	Ok(Stored(Value(Text("SELECT Something"))))
test-data/poi/test-data/spreadsheet/StructuredRefs-lots-with-lookups.xlsx	Profile	B2	cell	C-fix+gate	reads=21	bytes=42158	Ok(Stored(Value(Text("SELECT Something"))))
test-data/poi/test-data/spreadsheet/StructuredRefs-lots-with-lookups.xlsx	Profile	BA50	cell	A-base	reads=12	bytes=7729	Err(Invalid("worksheet mergeCells appears before sheetData"))
test-data/poi/test-data/spreadsheet/StructuredRefs-lots-with-lookups.xlsx	Profile	BA50	cell	B-fix	reads=21	bytes=42158	Ok(Missing)
test-data/poi/test-data/spreadsheet/StructuredRefs-lots-with-lookups.xlsx	Profile	BA50	cell	C-fix+gate	reads=21	bytes=42158	Ok(Missing)
test-data/poi/test-data/spreadsheet/StructuredRefs-lots-with-lookups.xlsx	Profile	C3	cell	A-base	reads=12	bytes=7729	Err(Invalid("worksheet mergeCells appears before sheetData"))
test-data/poi/test-data/spreadsheet/StructuredRefs-lots-with-lookups.xlsx	Profile	C3	cell	B-fix	reads=21	bytes=42158	Ok(Covered(Rect { start: Cell { row: Row(2), column: Column(1) }, end_row: 3, end_column: 3 }))
test-data/poi/test-data/spreadsheet/StructuredRefs-lots-with-lookups.xlsx	Profile	C3	cell	C-fix+gate	reads=21	bytes=42158	Ok(Covered(Rect { start: Cell { row: Row(2), column: Column(1) }, end_row: 3, end_column: 3 }))
test-data/poi/test-data/spreadsheet/StructuredRefs-lots-with-lookups.xlsx	Profile	D4	cell	A-base	reads=12	bytes=7729	Err(Invalid("worksheet mergeCells appears before sheetData"))
test-data/poi/test-data/spreadsheet/StructuredRefs-lots-with-lookups.xlsx	Profile	D4	cell	B-fix	reads=21	bytes=42158	Ok(Stored(Empty))
test-data/poi/test-data/spreadsheet/StructuredRefs-lots-with-lookups.xlsx	Profile	D4	cell	C-fix+gate	reads=21	bytes=42158	Ok(Stored(Empty))
test-data/poi/test-data/spreadsheet/StructuredRefs-lots-with-lookups.xlsx	Profile	E5	cell	A-base	reads=12	bytes=7729	Err(Invalid("worksheet mergeCells appears before sheetData"))
test-data/poi/test-data/spreadsheet/StructuredRefs-lots-with-lookups.xlsx	Profile	E5	cell	B-fix	reads=21	bytes=42158	Ok(Missing)
test-data/poi/test-data/spreadsheet/StructuredRefs-lots-with-lookups.xlsx	Profile	E5	cell	C-fix+gate	reads=21	bytes=42158	Ok(Missing)
test-data/poi/test-data/spreadsheet/StructuredRefs-lots-with-lookups.xlsx	Profile	H680	cell	A-base	reads=12	bytes=7729	Err(Invalid("worksheet mergeCells appears before sheetData"))
test-data/poi/test-data/spreadsheet/StructuredRefs-lots-with-lookups.xlsx	Profile	H680	cell	B-fix	reads=21	bytes=42158	Ok(Missing)
test-data/poi/test-data/spreadsheet/StructuredRefs-lots-with-lookups.xlsx	Profile	H680	cell	C-fix+gate	reads=21	bytes=42158	Ok(Missing)
test-data/poi/test-data/spreadsheet/StructuredRefs-lots-with-lookups.xlsx	Profile	M29	cell	A-base	reads=12	bytes=7729	Err(Invalid("worksheet mergeCells appears before sheetData"))
test-data/poi/test-data/spreadsheet/StructuredRefs-lots-with-lookups.xlsx	Profile	M29	cell	B-fix	reads=21	bytes=42158	Ok(Missing)
test-data/poi/test-data/spreadsheet/StructuredRefs-lots-with-lookups.xlsx	Profile	M29	cell	C-fix+gate	reads=21	bytes=42158	Ok(Missing)
test-data/poi/test-data/spreadsheet/StructuredRefs-lots-with-lookups.xlsx	Profile	Z100	cell	A-base	reads=12	bytes=7729	Err(Invalid("worksheet mergeCells appears before sheetData"))
test-data/poi/test-data/spreadsheet/StructuredRefs-lots-with-lookups.xlsx	Profile	Z100	cell	B-fix	reads=21	bytes=42158	Ok(Missing)
test-data/poi/test-data/spreadsheet/StructuredRefs-lots-with-lookups.xlsx	Profile	Z100	cell	C-fix+gate	reads=21	bytes=42158	Ok(Missing)
test-data/poi/test-data/spreadsheet/WithChartSheet.xlsx	Sheet5	A1	cell	A-base	reads=12	bytes=1322	Err(Invalid("worksheet mergeCells appears before sheetData"))
test-data/poi/test-data/spreadsheet/WithChartSheet.xlsx	Sheet5	A1	cell	B-fix	reads=21	bytes=3584	Ok(Missing)
test-data/poi/test-data/spreadsheet/WithChartSheet.xlsx	Sheet5	A1	cell	C-fix+gate	reads=21	bytes=3584	Ok(Missing)
test-data/poi/test-data/spreadsheet/WithChartSheet.xlsx	Sheet5	A1:E5	cells	A-base	reads=12	bytes=1322	Err(Invalid("worksheet mergeCells appears before sheetData"))
test-data/poi/test-data/spreadsheet/WithChartSheet.xlsx	Sheet5	A1:E5	cells	B-fix	reads=21	bytes=3584	Ok([SourceCell { address: Cell { row: Row(2), column: Column(0) }, cell: Empty }, SourceCell { address: Cell { row: Row(2), column: Column(1) }, cell: Value(Text("Column Labels")) }, SourceCell { address: Cell { row: Row(2), column: Column(2) }, cell: Empty }, SourceCell { address: Cell { row: Row(2), column: Column(3) }, cell: Empty }, SourceCell { address: Cell { row: Row(2), column: Column(4) }, cell: Empty }, SourceCell { address: Cell { row: Row(3), column: Column(0) }, cell: Empty }, SourceCell { address: Cell { row: Row(3), column: Column(1) }, cell: Value(Number(Number("2005"))) }, SourceCell { address: Cell { row: Row(3), column: Column(2) }, cell: Empty }, SourceCell { address: Cell { row: Row(3), column: Column(3) }, cell: Value(Number(Number("2006"))) }, SourceCell { address: Cell { row: Row(3), column: Column(4) }, cell: Empty }, SourceCell { address: Cell { row: Row(4), column: Column(0) }, cell: Value(Text("Row Labels")) }, SourceCell { address: Cell { row: Row(4), column: Column(1) }, cell: Value(Text("Sum of Cost")) }, SourceCell { address: Cell { row: Row(4), column: Column(2) }, cell: Value(Text("Sum of Revenue")) }, SourceCell { address: Cell { row: Row(4), column: Column(3) }, cell: Value(Text("Sum of Cost")) }, SourceCell { address: Cell { row: Row(4), column: Column(4) }, cell: Value(Text("Sum of Revenue")) }])
test-data/poi/test-data/spreadsheet/WithChartSheet.xlsx	Sheet5	A1:E5	cells	C-fix+gate	reads=21	bytes=3584	Ok([SourceCell { address: Cell { row: Row(2), column: Column(0) }, cell: Empty }, SourceCell { address: Cell { row: Row(2), column: Column(1) }, cell: Value(Text("Column Labels")) }, SourceCell { address: Cell { row: Row(2), column: Column(2) }, cell: Empty }, SourceCell { address: Cell { row: Row(2), column: Column(3) }, cell: Empty }, SourceCell { address: Cell { row: Row(2), column: Column(4) }, cell: Empty }, SourceCell { address: Cell { row: Row(3), column: Column(0) }, cell: Empty }, SourceCell { address: Cell { row: Row(3), column: Column(1) }, cell: Value(Number(Number("2005"))) }, SourceCell { address: Cell { row: Row(3), column: Column(2) }, cell: Empty }, SourceCell { address: Cell { row: Row(3), column: Column(3) }, cell: Value(Number(Number("2006"))) }, SourceCell { address: Cell { row: Row(3), column: Column(4) }, cell: Empty }, SourceCell { address: Cell { row: Row(4), column: Column(0) }, cell: Value(Text("Row Labels")) }, SourceCell { address: Cell { row: Row(4), column: Column(1) }, cell: Value(Text("Sum of Cost")) }, SourceCell { address: Cell { row: Row(4), column: Column(2) }, cell: Value(Text("Sum of Revenue")) }, SourceCell { address: Cell { row: Row(4), column: Column(3) }, cell: Value(Text("Sum of Cost")) }, SourceCell { address: Cell { row: Row(4), column: Column(4) }, cell: Value(Text("Sum of Revenue")) }])
test-data/poi/test-data/spreadsheet/WithChartSheet.xlsx	Sheet5	A2	cell	A-base	reads=12	bytes=1322	Err(Invalid("worksheet mergeCells appears before sheetData"))
test-data/poi/test-data/spreadsheet/WithChartSheet.xlsx	Sheet5	A2	cell	B-fix	reads=21	bytes=3584	Ok(Missing)
test-data/poi/test-data/spreadsheet/WithChartSheet.xlsx	Sheet5	A2	cell	C-fix+gate	reads=21	bytes=3584	Ok(Missing)
test-data/poi/test-data/spreadsheet/WithChartSheet.xlsx	Sheet5	AA1	cell	A-base	reads=12	bytes=1322	Err(Invalid("worksheet mergeCells appears before sheetData"))
test-data/poi/test-data/spreadsheet/WithChartSheet.xlsx	Sheet5	AA1	cell	B-fix	reads=21	bytes=3584	Ok(Missing)
test-data/poi/test-data/spreadsheet/WithChartSheet.xlsx	Sheet5	AA1	cell	C-fix+gate	reads=21	bytes=3584	Ok(Missing)
test-data/poi/test-data/spreadsheet/WithChartSheet.xlsx	Sheet5	B1	cell	A-base	reads=12	bytes=1322	Err(Invalid("worksheet mergeCells appears before sheetData"))
test-data/poi/test-data/spreadsheet/WithChartSheet.xlsx	Sheet5	B1	cell	B-fix	reads=21	bytes=3584	Ok(Missing)
test-data/poi/test-data/spreadsheet/WithChartSheet.xlsx	Sheet5	B1	cell	C-fix+gate	reads=21	bytes=3584	Ok(Missing)
test-data/poi/test-data/spreadsheet/WithChartSheet.xlsx	Sheet5	B1:B50	cells	A-base	reads=12	bytes=1322	Err(Invalid("worksheet mergeCells appears before sheetData"))
test-data/poi/test-data/spreadsheet/WithChartSheet.xlsx	Sheet5	B1:B50	cells	B-fix	reads=21	bytes=3584	Ok([SourceCell { address: Cell { row: Row(2), column: Column(1) }, cell: Value(Text("Column Labels")) }, SourceCell { address: Cell { row: Row(3), column: Column(1) }, cell: Value(Number(Number("2005"))) }, SourceCell { address: Cell { row: Row(4), column: Column(1) }, cell: Value(Text("Sum of Cost")) }, SourceCell { address: Cell { row: Row(5), column: Column(1) }, cell: Value(Number(Number("889017"))) }, SourceCell { address: Cell { row: Row(6), column: Column(1) }, cell: Value(Number(Number("13114909"))) }, SourceCell { address: Cell { row: Row(7), column: Column(1) }, cell: Value(Number(Number("768187"))) }, SourceCell { address: Cell { row: Row(8), column: Column(1) }, cell: Value(Number(Number("583350"))) }])
test-data/poi/test-data/spreadsheet/WithChartSheet.xlsx	Sheet5	B1:B50	cells	C-fix+gate	reads=21	bytes=3584	Ok([SourceCell { address: Cell { row: Row(2), column: Column(1) }, cell: Value(Text("Column Labels")) }, SourceCell { address: Cell { row: Row(3), column: Column(1) }, cell: Value(Number(Number("2005"))) }, SourceCell { address: Cell { row: Row(4), column: Column(1) }, cell: Value(Text("Sum of Cost")) }, SourceCell { address: Cell { row: Row(5), column: Column(1) }, cell: Value(Number(Number("889017"))) }, SourceCell { address: Cell { row: Row(6), column: Column(1) }, cell: Value(Number(Number("13114909"))) }, SourceCell { address: Cell { row: Row(7), column: Column(1) }, cell: Value(Number(Number("768187"))) }, SourceCell { address: Cell { row: Row(8), column: Column(1) }, cell: Value(Number(Number("583350"))) }])
test-data/poi/test-data/spreadsheet/WithChartSheet.xlsx	Sheet5	B2	cell	A-base	reads=12	bytes=1322	Err(Invalid("worksheet mergeCells appears before sheetData"))
test-data/poi/test-data/spreadsheet/WithChartSheet.xlsx	Sheet5	B2	cell	B-fix	reads=21	bytes=3584	Ok(Missing)
test-data/poi/test-data/spreadsheet/WithChartSheet.xlsx	Sheet5	B2	cell	C-fix+gate	reads=21	bytes=3584	Ok(Missing)
test-data/poi/test-data/spreadsheet/WithChartSheet.xlsx	Sheet5	BA50	cell	A-base	reads=12	bytes=1322	Err(Invalid("worksheet mergeCells appears before sheetData"))
test-data/poi/test-data/spreadsheet/WithChartSheet.xlsx	Sheet5	BA50	cell	B-fix	reads=21	bytes=3584	Ok(Missing)
test-data/poi/test-data/spreadsheet/WithChartSheet.xlsx	Sheet5	BA50	cell	C-fix+gate	reads=21	bytes=3584	Ok(Missing)
test-data/poi/test-data/spreadsheet/WithChartSheet.xlsx	Sheet5	C3	cell	A-base	reads=12	bytes=1322	Err(Invalid("worksheet mergeCells appears before sheetData"))
test-data/poi/test-data/spreadsheet/WithChartSheet.xlsx	Sheet5	C3	cell	B-fix	reads=21	bytes=3584	Ok(Stored(Empty))
test-data/poi/test-data/spreadsheet/WithChartSheet.xlsx	Sheet5	C3	cell	C-fix+gate	reads=21	bytes=3584	Ok(Stored(Empty))
test-data/poi/test-data/spreadsheet/WithChartSheet.xlsx	Sheet5	D4	cell	A-base	reads=12	bytes=1322	Err(Invalid("worksheet mergeCells appears before sheetData"))
test-data/poi/test-data/spreadsheet/WithChartSheet.xlsx	Sheet5	D4	cell	B-fix	reads=21	bytes=3584	Ok(Stored(Value(Number(Number("2006")))))
test-data/poi/test-data/spreadsheet/WithChartSheet.xlsx	Sheet5	D4	cell	C-fix+gate	reads=21	bytes=3584	Ok(Stored(Value(Number(Number("2006")))))
test-data/poi/test-data/spreadsheet/WithChartSheet.xlsx	Sheet5	E5	cell	A-base	reads=12	bytes=1322	Err(Invalid("worksheet mergeCells appears before sheetData"))
test-data/poi/test-data/spreadsheet/WithChartSheet.xlsx	Sheet5	E5	cell	B-fix	reads=21	bytes=3584	Ok(Stored(Value(Text("Sum of Revenue"))))
test-data/poi/test-data/spreadsheet/WithChartSheet.xlsx	Sheet5	E5	cell	C-fix+gate	reads=21	bytes=3584	Ok(Stored(Value(Text("Sum of Revenue"))))
test-data/poi/test-data/spreadsheet/WithChartSheet.xlsx	Sheet5	H680	cell	A-base	reads=12	bytes=1322	Err(Invalid("worksheet mergeCells appears before sheetData"))
test-data/poi/test-data/spreadsheet/WithChartSheet.xlsx	Sheet5	H680	cell	B-fix	reads=21	bytes=3584	Ok(Missing)
test-data/poi/test-data/spreadsheet/WithChartSheet.xlsx	Sheet5	H680	cell	C-fix+gate	reads=21	bytes=3584	Ok(Missing)
test-data/poi/test-data/spreadsheet/WithChartSheet.xlsx	Sheet5	M29	cell	A-base	reads=12	bytes=1322	Err(Invalid("worksheet mergeCells appears before sheetData"))
test-data/poi/test-data/spreadsheet/WithChartSheet.xlsx	Sheet5	M29	cell	B-fix	reads=21	bytes=3584	Ok(Missing)
test-data/poi/test-data/spreadsheet/WithChartSheet.xlsx	Sheet5	M29	cell	C-fix+gate	reads=21	bytes=3584	Ok(Missing)
test-data/poi/test-data/spreadsheet/WithChartSheet.xlsx	Sheet5	Z100	cell	A-base	reads=12	bytes=1322	Err(Invalid("worksheet mergeCells appears before sheetData"))
test-data/poi/test-data/spreadsheet/WithChartSheet.xlsx	Sheet5	Z100	cell	B-fix	reads=21	bytes=3584	Ok(Missing)
test-data/poi/test-data/spreadsheet/WithChartSheet.xlsx	Sheet5	Z100	cell	C-fix+gate	reads=21	bytes=3584	Ok(Missing)
test-data/poi/test-data/spreadsheet/dataValidationTableRange.xlsx	County Ranking	A1	cell	A-base	reads=13	bytes=4147	Err(Invalid("worksheet mergeCells appears before sheetData"))
test-data/poi/test-data/spreadsheet/dataValidationTableRange.xlsx	County Ranking	A1	cell	B-fix	reads=22	bytes=40622	Ok(Missing)
test-data/poi/test-data/spreadsheet/dataValidationTableRange.xlsx	County Ranking	A1	cell	C-fix+gate	reads=22	bytes=40622	Ok(Missing)
test-data/poi/test-data/spreadsheet/dataValidationTableRange.xlsx	County Ranking	A1:E5	cells	A-base	reads=13	bytes=4147	Err(Invalid("worksheet mergeCells appears before sheetData"))
test-data/poi/test-data/spreadsheet/dataValidationTableRange.xlsx	County Ranking	A1:E5	cells	B-fix	reads=22	bytes=40622	Ok([SourceCell { address: Cell { row: Row(1), column: Column(1) }, cell: Empty }, SourceCell { address: Cell { row: Row(1), column: Column(2) }, cell: Empty }, SourceCell { address: Cell { row: Row(1), column: Column(3) }, cell: Empty }, SourceCell { address: Cell { row: Row(1), column: Column(4) }, cell: Empty }, SourceCell { address: Cell { row: Row(3), column: Column(1) }, cell: Value(Text("Select a State")) }, SourceCell { address: Cell { row: Row(3), column: Column(2) }, cell: Value(Text("Select a Measure")) }, SourceCell { address: Cell { row: Row(3), column: Column(3) }, cell: Empty }, SourceCell { address: Cell { row: Row(3), column: Column(4) }, cell: Value(Text("Select a Year")) }, SourceCell { address: Cell { row: Row(4), column: Column(1) }, cell: Value(Text("Washington")) }, SourceCell { address: Cell { row: Row(4), column: Column(2) }, cell: Value(Text("Days per Patient (ALOS)")) }, SourceCell { address: Cell { row: Row(4), column: Column(3) }, cell: Empty }, SourceCell { address: Cell { row: Row(4), column: Column(4) }, cell: Value(Number(Number("2015"))) }])
test-data/poi/test-data/spreadsheet/dataValidationTableRange.xlsx	County Ranking	A1:E5	cells	C-fix+gate	reads=22	bytes=40622	Ok([SourceCell { address: Cell { row: Row(1), column: Column(1) }, cell: Empty }, SourceCell { address: Cell { row: Row(1), column: Column(2) }, cell: Empty }, SourceCell { address: Cell { row: Row(1), column: Column(3) }, cell: Empty }, SourceCell { address: Cell { row: Row(1), column: Column(4) }, cell: Empty }, SourceCell { address: Cell { row: Row(3), column: Column(1) }, cell: Value(Text("Select a State")) }, SourceCell { address: Cell { row: Row(3), column: Column(2) }, cell: Value(Text("Select a Measure")) }, SourceCell { address: Cell { row: Row(3), column: Column(3) }, cell: Empty }, SourceCell { address: Cell { row: Row(3), column: Column(4) }, cell: Value(Text("Select a Year")) }, SourceCell { address: Cell { row: Row(4), column: Column(1) }, cell: Value(Text("Washington")) }, SourceCell { address: Cell { row: Row(4), column: Column(2) }, cell: Value(Text("Days per Patient (ALOS)")) }, SourceCell { address: Cell { row: Row(4), column: Column(3) }, cell: Empty }, SourceCell { address: Cell { row: Row(4), column: Column(4) }, cell: Value(Number(Number("2015"))) }])
test-data/poi/test-data/spreadsheet/dataValidationTableRange.xlsx	County Ranking	A2	cell	A-base	reads=13	bytes=4147	Err(Invalid("worksheet mergeCells appears before sheetData"))
test-data/poi/test-data/spreadsheet/dataValidationTableRange.xlsx	County Ranking	A2	cell	B-fix	reads=22	bytes=40622	Ok(Missing)
test-data/poi/test-data/spreadsheet/dataValidationTableRange.xlsx	County Ranking	A2	cell	C-fix+gate	reads=22	bytes=40622	Ok(Missing)
test-data/poi/test-data/spreadsheet/dataValidationTableRange.xlsx	County Ranking	AA1	cell	A-base	reads=13	bytes=4147	Err(Invalid("worksheet mergeCells appears before sheetData"))
test-data/poi/test-data/spreadsheet/dataValidationTableRange.xlsx	County Ranking	AA1	cell	B-fix	reads=22	bytes=40622	Ok(Missing)
test-data/poi/test-data/spreadsheet/dataValidationTableRange.xlsx	County Ranking	AA1	cell	C-fix+gate	reads=22	bytes=40622	Ok(Missing)
test-data/poi/test-data/spreadsheet/dataValidationTableRange.xlsx	County Ranking	B1	cell	A-base	reads=13	bytes=4147	Err(Invalid("worksheet mergeCells appears before sheetData"))
test-data/poi/test-data/spreadsheet/dataValidationTableRange.xlsx	County Ranking	B1	cell	B-fix	reads=22	bytes=40622	Ok(Missing)
test-data/poi/test-data/spreadsheet/dataValidationTableRange.xlsx	County Ranking	B1	cell	C-fix+gate	reads=22	bytes=40622	Ok(Missing)
test-data/poi/test-data/spreadsheet/dataValidationTableRange.xlsx	County Ranking	B1:B50	cells	A-base	reads=13	bytes=4147	Err(Invalid("worksheet mergeCells appears before sheetData"))
test-data/poi/test-data/spreadsheet/dataValidationTableRange.xlsx	County Ranking	B1:B50	cells	B-fix	reads=22	bytes=40622	Ok([SourceCell { address: Cell { row: Row(1), column: Column(1) }, cell: Empty }, SourceCell { address: Cell { row: Row(3), column: Column(1) }, cell: Value(Text("Select a State")) }, SourceCell { address: Cell { row: Row(4), column: Column(1) }, cell: Value(Text("Washington")) }, SourceCell { address: Cell { row: Row(6), column: Column(1) }, cell: Formula(Formula { text: "\"Ranking of \"&B5&\" Counties on \"&C5&\" in \"&E5", kind: Scalar, cached: Some(Cache { value: Text("Ranking of Washington Counties on Days per Patient (ALOS) in 2015"), origin: Stored, freshness: Unknown }) }) }, SourceCell { address: Cell { row: Row(7), column: Column(1) }, cell: Value(Text("County")) }, SourceCell { address: Cell { row: Row(8), column: Column(1) }, cell: Value(Text("Okanogan")) }, SourceCell { address: Cell { row: Row(9), column: Column(1) }, cell: Value(Text("Thurston")) }, SourceCell { address: Cell { row: Row(10), column: Column(1) }, cell: Value(Text("Lewis")) }, SourceCell { address: Cell { row: Row(11), column: Column(1) }, cell: Value(Text("Adams")) }, SourceCell { address: Cell { row: Row(12), column: Column(1) }, cell: Value(Text("King")) }, SourceCell { address: Cell { row: Row(13), column: Column(1) }, cell: Value(Text("Snohomish")) }, SourceCell { address: Cell { row: Row(14), column: Column(1) }, cell: Value(Text("Ferry")) }, SourceCell { address: Cell { row: Row(15), column: Column(1) }, cell: Value(Text("Skamania")) }, SourceCell { address: Cell { row: Row(16), column: Column(1) }, cell: Value(Text("Pierce")) }, SourceCell { address: Cell { row: Row(17), column: Column(1) }, cell: Value(Text("Pend Oreille")) }, SourceCell { address: Cell { row: Row(18), column: Column(1) }, cell: Value(Text("Spokane")) }, SourceCell { address: Cell { row: Row(19), column: Column(1) }, cell: Value(Text("San Juan")) }, SourceCell { address: Cell { row: Row(20), column: Column(1) }, cell: Value(Text("Whitman")) }, SourceCell { address: Cell { row: Row(21), column: Column(1) }, cell: Value(Text("Douglas")) }, SourceCell { address: Cell { row: Row(22), column: Column(1) }, cell: Value(Text("Stevens")) }, SourceCell { address: Cell { row: Row(23), column: Column(1) }, cell: Value(Text("Skagit")) }, SourceCell { address: Cell { row: Row(24), column: Column(1) }, cell: Value(Text("Franklin")) }, SourceCell { address: Cell { row: Row(25), column: Column(1) }, cell: Value(Text("Kitsap")) }, SourceCell { address: Cell { row: Row(26), column: Column(1) }, cell: Value(Text("Klickitat")) }, SourceCell { address: Cell { row: Row(27), column: Column(1) }, cell: Value(Text("Jefferson")) }, SourceCell { address: Cell { row: Row(28), column: Column(1) }, cell: Value(Text("Mason")) }, SourceCell { address: Cell { row: Row(29), column: Column(1) }, cell: Value(Text("Benton")) }, SourceCell { address: Cell { row: Row(30), column: Column(1) }, cell: Value(Text("Clark")) }, SourceCell { address: Cell { row: Row(31), column: Column(1) }, cell: Value(Text("Island")) }, SourceCell { address: Cell { row: Row(32), column: Column(1) }, cell: Value(Text("Grant")) }, SourceCell { address: Cell { row: Row(33), column: Column(1) }, cell: Value(Text("Grays Harbor")) }, SourceCell { address: Cell { row: Row(34), column: Column(1) }, cell: Value(Text("Whatcom")) }, SourceCell { address: Cell { row: Row(35), column: Column(1) }, cell: Value(Text("Pacific")) }, SourceCell { address: Cell { row: Row(36), column: Column(1) }, cell: Value(Text("Asotin")) }, SourceCell { address: Cell { row: Row(37), column: Column(1) }, cell: Value(Text("Chelan")) }, SourceCell { address: Cell { row: Row(38), column: Column(1) }, cell: Value(Text("Yakima")) }, SourceCell { address: Cell { row: Row(39), column: Column(1) }, cell: Value(Text("Kittitas")) }, SourceCell { address: Cell { row: Row(40), column: Column(1) }, cell: Value(Text("Cowlitz")) }, SourceCell { address: Cell { row: Row(41), column: Column(1) }, cell: Value(Text("Clallam")) }, SourceCell { address: Cell { row: Row(42), column: Column(1) }, cell: Value(Text("Walla Walla")) }, SourceCell { address: Cell { row: Row(43), column: Column(1) }, cell: Value(Text("Lincoln")) }, SourceCell { address: Cell { row: Row(44), column: Column(1) }, cell: Value(Text("Wahkiakum")) }, SourceCell { address: Cell { row: Row(45), column: Column(1) }, cell: Value(Text("Columbia")) }])
test-data/poi/test-data/spreadsheet/dataValidationTableRange.xlsx	County Ranking	B1:B50	cells	C-fix+gate	reads=22	bytes=40622	Ok([SourceCell { address: Cell { row: Row(1), column: Column(1) }, cell: Empty }, SourceCell { address: Cell { row: Row(3), column: Column(1) }, cell: Value(Text("Select a State")) }, SourceCell { address: Cell { row: Row(4), column: Column(1) }, cell: Value(Text("Washington")) }, SourceCell { address: Cell { row: Row(6), column: Column(1) }, cell: Formula(Formula { text: "\"Ranking of \"&B5&\" Counties on \"&C5&\" in \"&E5", kind: Scalar, cached: Some(Cache { value: Text("Ranking of Washington Counties on Days per Patient (ALOS) in 2015"), origin: Stored, freshness: Unknown }) }) }, SourceCell { address: Cell { row: Row(7), column: Column(1) }, cell: Value(Text("County")) }, SourceCell { address: Cell { row: Row(8), column: Column(1) }, cell: Value(Text("Okanogan")) }, SourceCell { address: Cell { row: Row(9), column: Column(1) }, cell: Value(Text("Thurston")) }, SourceCell { address: Cell { row: Row(10), column: Column(1) }, cell: Value(Text("Lewis")) }, SourceCell { address: Cell { row: Row(11), column: Column(1) }, cell: Value(Text("Adams")) }, SourceCell { address: Cell { row: Row(12), column: Column(1) }, cell: Value(Text("King")) }, SourceCell { address: Cell { row: Row(13), column: Column(1) }, cell: Value(Text("Snohomish")) }, SourceCell { address: Cell { row: Row(14), column: Column(1) }, cell: Value(Text("Ferry")) }, SourceCell { address: Cell { row: Row(15), column: Column(1) }, cell: Value(Text("Skamania")) }, SourceCell { address: Cell { row: Row(16), column: Column(1) }, cell: Value(Text("Pierce")) }, SourceCell { address: Cell { row: Row(17), column: Column(1) }, cell: Value(Text("Pend Oreille")) }, SourceCell { address: Cell { row: Row(18), column: Column(1) }, cell: Value(Text("Spokane")) }, SourceCell { address: Cell { row: Row(19), column: Column(1) }, cell: Value(Text("San Juan")) }, SourceCell { address: Cell { row: Row(20), column: Column(1) }, cell: Value(Text("Whitman")) }, SourceCell { address: Cell { row: Row(21), column: Column(1) }, cell: Value(Text("Douglas")) }, SourceCell { address: Cell { row: Row(22), column: Column(1) }, cell: Value(Text("Stevens")) }, SourceCell { address: Cell { row: Row(23), column: Column(1) }, cell: Value(Text("Skagit")) }, SourceCell { address: Cell { row: Row(24), column: Column(1) }, cell: Value(Text("Franklin")) }, SourceCell { address: Cell { row: Row(25), column: Column(1) }, cell: Value(Text("Kitsap")) }, SourceCell { address: Cell { row: Row(26), column: Column(1) }, cell: Value(Text("Klickitat")) }, SourceCell { address: Cell { row: Row(27), column: Column(1) }, cell: Value(Text("Jefferson")) }, SourceCell { address: Cell { row: Row(28), column: Column(1) }, cell: Value(Text("Mason")) }, SourceCell { address: Cell { row: Row(29), column: Column(1) }, cell: Value(Text("Benton")) }, SourceCell { address: Cell { row: Row(30), column: Column(1) }, cell: Value(Text("Clark")) }, SourceCell { address: Cell { row: Row(31), column: Column(1) }, cell: Value(Text("Island")) }, SourceCell { address: Cell { row: Row(32), column: Column(1) }, cell: Value(Text("Grant")) }, SourceCell { address: Cell { row: Row(33), column: Column(1) }, cell: Value(Text("Grays Harbor")) }, SourceCell { address: Cell { row: Row(34), column: Column(1) }, cell: Value(Text("Whatcom")) }, SourceCell { address: Cell { row: Row(35), column: Column(1) }, cell: Value(Text("Pacific")) }, SourceCell { address: Cell { row: Row(36), column: Column(1) }, cell: Value(Text("Asotin")) }, SourceCell { address: Cell { row: Row(37), column: Column(1) }, cell: Value(Text("Chelan")) }, SourceCell { address: Cell { row: Row(38), column: Column(1) }, cell: Value(Text("Yakima")) }, SourceCell { address: Cell { row: Row(39), column: Column(1) }, cell: Value(Text("Kittitas")) }, SourceCell { address: Cell { row: Row(40), column: Column(1) }, cell: Value(Text("Cowlitz")) }, SourceCell { address: Cell { row: Row(41), column: Column(1) }, cell: Value(Text("Clallam")) }, SourceCell { address: Cell { row: Row(42), column: Column(1) }, cell: Value(Text("Walla Walla")) }, SourceCell { address: Cell { row: Row(43), column: Column(1) }, cell: Value(Text("Lincoln")) }, SourceCell { address: Cell { row: Row(44), column: Column(1) }, cell: Value(Text("Wahkiakum")) }, SourceCell { address: Cell { row: Row(45), column: Column(1) }, cell: Value(Text("Columbia")) }])
test-data/poi/test-data/spreadsheet/dataValidationTableRange.xlsx	County Ranking	B2	cell	A-base	reads=13	bytes=4147	Err(Invalid("worksheet mergeCells appears before sheetData"))
test-data/poi/test-data/spreadsheet/dataValidationTableRange.xlsx	County Ranking	B2	cell	B-fix	reads=22	bytes=40622	Ok(Stored(Empty))
test-data/poi/test-data/spreadsheet/dataValidationTableRange.xlsx	County Ranking	B2	cell	C-fix+gate	reads=22	bytes=40622	Ok(Stored(Empty))
test-data/poi/test-data/spreadsheet/dataValidationTableRange.xlsx	County Ranking	BA50	cell	A-base	reads=13	bytes=4147	Err(Invalid("worksheet mergeCells appears before sheetData"))
test-data/poi/test-data/spreadsheet/dataValidationTableRange.xlsx	County Ranking	BA50	cell	B-fix	reads=22	bytes=40622	Ok(Missing)
test-data/poi/test-data/spreadsheet/dataValidationTableRange.xlsx	County Ranking	BA50	cell	C-fix+gate	reads=22	bytes=40622	Ok(Missing)
test-data/poi/test-data/spreadsheet/dataValidationTableRange.xlsx	County Ranking	C3	cell	A-base	reads=13	bytes=4147	Err(Invalid("worksheet mergeCells appears before sheetData"))
test-data/poi/test-data/spreadsheet/dataValidationTableRange.xlsx	County Ranking	C3	cell	B-fix	reads=22	bytes=40622	Ok(Missing)
test-data/poi/test-data/spreadsheet/dataValidationTableRange.xlsx	County Ranking	C3	cell	C-fix+gate	reads=22	bytes=40622	Ok(Missing)
test-data/poi/test-data/spreadsheet/dataValidationTableRange.xlsx	County Ranking	D4	cell	A-base	reads=13	bytes=4147	Err(Invalid("worksheet mergeCells appears before sheetData"))
test-data/poi/test-data/spreadsheet/dataValidationTableRange.xlsx	County Ranking	D4	cell	B-fix	reads=22	bytes=40622	Ok(Covered(Rect { start: Cell { row: Row(3), column: Column(2) }, end_row: 4, end_column: 4 }))
test-data/poi/test-data/spreadsheet/dataValidationTableRange.xlsx	County Ranking	D4	cell	C-fix+gate	reads=22	bytes=40622	Ok(Covered(Rect { start: Cell { row: Row(3), column: Column(2) }, end_row: 4, end_column: 4 }))
test-data/poi/test-data/spreadsheet/dataValidationTableRange.xlsx	County Ranking	E5	cell	A-base	reads=13	bytes=4147	Err(Invalid("worksheet mergeCells appears before sheetData"))
test-data/poi/test-data/spreadsheet/dataValidationTableRange.xlsx	County Ranking	E5	cell	B-fix	reads=22	bytes=40622	Ok(Stored(Value(Number(Number("2015")))))
test-data/poi/test-data/spreadsheet/dataValidationTableRange.xlsx	County Ranking	E5	cell	C-fix+gate	reads=22	bytes=40622	Ok(Stored(Value(Number(Number("2015")))))
test-data/poi/test-data/spreadsheet/dataValidationTableRange.xlsx	County Ranking	H680	cell	A-base	reads=13	bytes=4147	Err(Invalid("worksheet mergeCells appears before sheetData"))
test-data/poi/test-data/spreadsheet/dataValidationTableRange.xlsx	County Ranking	H680	cell	B-fix	reads=22	bytes=40622	Ok(Missing)
test-data/poi/test-data/spreadsheet/dataValidationTableRange.xlsx	County Ranking	H680	cell	C-fix+gate	reads=22	bytes=40622	Ok(Missing)
test-data/poi/test-data/spreadsheet/dataValidationTableRange.xlsx	County Ranking	M29	cell	A-base	reads=13	bytes=4147	Err(Invalid("worksheet mergeCells appears before sheetData"))
test-data/poi/test-data/spreadsheet/dataValidationTableRange.xlsx	County Ranking	M29	cell	B-fix	reads=22	bytes=40622	Ok(Missing)
test-data/poi/test-data/spreadsheet/dataValidationTableRange.xlsx	County Ranking	M29	cell	C-fix+gate	reads=22	bytes=40622	Ok(Missing)
test-data/poi/test-data/spreadsheet/dataValidationTableRange.xlsx	County Ranking	Z100	cell	A-base	reads=13	bytes=4147	Err(Invalid("worksheet mergeCells appears before sheetData"))
test-data/poi/test-data/spreadsheet/dataValidationTableRange.xlsx	County Ranking	Z100	cell	B-fix	reads=22	bytes=40622	Ok(Missing)
test-data/poi/test-data/spreadsheet/dataValidationTableRange.xlsx	County Ranking	Z100	cell	C-fix+gate	reads=22	bytes=40622	Ok(Missing)
test-data/poi/test-data/spreadsheet/no_drawing_patriarch.xlsx	Лист 1	A1	cell	A-base	reads=18	bytes=336294	Err(Invalid("worksheet mergeCells appears before sheetData"))
test-data/poi/test-data/spreadsheet/no_drawing_patriarch.xlsx	Лист 1	A1	cell	B-fix	reads=47	bytes=1003454	Ok(Stored(Value(Text("Прайс-лист"))))
test-data/poi/test-data/spreadsheet/no_drawing_patriarch.xlsx	Лист 1	A1	cell	C-fix+gate	reads=47	bytes=1003454	Ok(Stored(Value(Text("Прайс-лист"))))
test-data/poi/test-data/spreadsheet/no_drawing_patriarch.xlsx	Лист 1	A1:E5	cells	A-base	reads=18	bytes=336294	Err(Invalid("worksheet mergeCells appears before sheetData"))
test-data/poi/test-data/spreadsheet/no_drawing_patriarch.xlsx	Лист 1	A1:E5	cells	B-fix	reads=47	bytes=1003454	Ok([SourceCell { address: Cell { row: Row(0), column: Column(0) }, cell: Value(Text("Прайс-лист")) }, SourceCell { address: Cell { row: Row(0), column: Column(1) }, cell: Empty }, SourceCell { address: Cell { row: Row(0), column: Column(2) }, cell: Empty }, SourceCell { address: Cell { row: Row(0), column: Column(3) }, cell: Empty }, SourceCell { address: Cell { row: Row(0), column: Column(4) }, cell: Empty }, SourceCell { address: Cell { row: Row(1), column: Column(0) }, cell: Value(Text("ИП Заикина Т. М.")) }, SourceCell { address: Cell { row: Row(1), column: Column(1) }, cell: Empty }, SourceCell { address: Cell { row: Row(1), column: Column(2) }, cell: Empty }, SourceCell { address: Cell { row: Row(1), column: Column(3) }, cell: Empty }, SourceCell { address: Cell { row: Row(1), column: Column(4) }, cell: Empty }, SourceCell { address: Cell { row: Row(2), column: Column(0) }, cell: Value(Text("\"690048, Приморский край, Владивосток, Овчинникова, дом № 10\r\nтел. +7 (423) 234-02-56\r\nэлектронная почта: 2340256@frutdv.ru frutdv@mail.ru  (для корпоративных клиентов)\r\nзаходите к нам на сайт: www.globusbooks.ru\"")) }, SourceCell { address: Cell { row: Row(2), column: Column(1) }, cell: Empty }, SourceCell { address: Cell { row: Row(2), column: Column(2) }, cell: Empty }, SourceCell { address: Cell { row: Row(2), column: Column(3) }, cell: Empty }, SourceCell { address: Cell { row: Row(2), column: Column(4) }, cell: Empty }, SourceCell { address: Cell { row: Row(3), column: Column(0) }, cell: Value(Text("В валютах цен.\r\nЦены указаны на 28.02.2020")) }, SourceCell { address: Cell { row: Row(3), column: Column(1) }, cell: Empty }, SourceCell { address: Cell { row: Row(3), column: Column(2) }, cell: Empty }, SourceCell { address: Cell { row: Row(3), column: Column(3) }, cell: Empty }, SourceCell { address: Cell { row: Row(3), column: Column(4) }, cell: Empty }, SourceCell { address: Cell { row: Row(4), column: Column(0) }, cell: Value(Text("Код товара")) }, SourceCell { address: Cell { row: Row(4), column: Column(1) }, cell: Value(Text("Артикул")) }, SourceCell { address: Cell { row: Row(4), column: Column(2) }, cell: Value(Text("Наименование товара")) }, SourceCell { address: Cell { row: Row(4), column: Column(3) }, cell: Value(Text("Страница на сайте")) }, SourceCell { address: Cell { row: Row(4), column: Column(4) }, cell: Value(Text("Год выпуска")) }])
test-data/poi/test-data/spreadsheet/no_drawing_patriarch.xlsx	Лист 1	A1:E5	cells	C-fix+gate	reads=47	bytes=1003454	Ok([SourceCell { address: Cell { row: Row(0), column: Column(0) }, cell: Value(Text("Прайс-лист")) }, SourceCell { address: Cell { row: Row(0), column: Column(1) }, cell: Empty }, SourceCell { address: Cell { row: Row(0), column: Column(2) }, cell: Empty }, SourceCell { address: Cell { row: Row(0), column: Column(3) }, cell: Empty }, SourceCell { address: Cell { row: Row(0), column: Column(4) }, cell: Empty }, SourceCell { address: Cell { row: Row(1), column: Column(0) }, cell: Value(Text("ИП Заикина Т. М.")) }, SourceCell { address: Cell { row: Row(1), column: Column(1) }, cell: Empty }, SourceCell { address: Cell { row: Row(1), column: Column(2) }, cell: Empty }, SourceCell { address: Cell { row: Row(1), column: Column(3) }, cell: Empty }, SourceCell { address: Cell { row: Row(1), column: Column(4) }, cell: Empty }, SourceCell { address: Cell { row: Row(2), column: Column(0) }, cell: Value(Text("\"690048, Приморский край, Владивосток, Овчинникова, дом № 10\r\nтел. +7 (423) 234-02-56\r\nэлектронная почта: 2340256@frutdv.ru frutdv@mail.ru  (для корпоративных клиентов)\r\nзаходите к нам на сайт: www.globusbooks.ru\"")) }, SourceCell { address: Cell { row: Row(2), column: Column(1) }, cell: Empty }, SourceCell { address: Cell { row: Row(2), column: Column(2) }, cell: Empty }, SourceCell { address: Cell { row: Row(2), column: Column(3) }, cell: Empty }, SourceCell { address: Cell { row: Row(2), column: Column(4) }, cell: Empty }, SourceCell { address: Cell { row: Row(3), column: Column(0) }, cell: Value(Text("В валютах цен.\r\nЦены указаны на 28.02.2020")) }, SourceCell { address: Cell { row: Row(3), column: Column(1) }, cell: Empty }, SourceCell { address: Cell { row: Row(3), column: Column(2) }, cell: Empty }, SourceCell { address: Cell { row: Row(3), column: Column(3) }, cell: Empty }, SourceCell { address: Cell { row: Row(3), column: Column(4) }, cell: Empty }, SourceCell { address: Cell { row: Row(4), column: Column(0) }, cell: Value(Text("Код товара")) }, SourceCell { address: Cell { row: Row(4), column: Column(1) }, cell: Value(Text("Артикул")) }, SourceCell { address: Cell { row: Row(4), column: Column(2) }, cell: Value(Text("Наименование товара")) }, SourceCell { address: Cell { row: Row(4), column: Column(3) }, cell: Value(Text("Страница на сайте")) }, SourceCell { address: Cell { row: Row(4), column: Column(4) }, cell: Value(Text("Год выпуска")) }])
test-data/poi/test-data/spreadsheet/no_drawing_patriarch.xlsx	Лист 1	A2	cell	A-base	reads=18	bytes=336294	Err(Invalid("worksheet mergeCells appears before sheetData"))
test-data/poi/test-data/spreadsheet/no_drawing_patriarch.xlsx	Лист 1	A2	cell	B-fix	reads=47	bytes=1003454	Ok(Stored(Value(Text("ИП Заикина Т. М."))))
test-data/poi/test-data/spreadsheet/no_drawing_patriarch.xlsx	Лист 1	A2	cell	C-fix+gate	reads=47	bytes=1003454	Ok(Stored(Value(Text("ИП Заикина Т. М."))))
test-data/poi/test-data/spreadsheet/no_drawing_patriarch.xlsx	Лист 1	AA1	cell	A-base	reads=18	bytes=336294	Err(Invalid("worksheet mergeCells appears before sheetData"))
test-data/poi/test-data/spreadsheet/no_drawing_patriarch.xlsx	Лист 1	AA1	cell	B-fix	reads=47	bytes=1003454	Ok(Missing)
test-data/poi/test-data/spreadsheet/no_drawing_patriarch.xlsx	Лист 1	AA1	cell	C-fix+gate	reads=47	bytes=1003454	Ok(Missing)
test-data/poi/test-data/spreadsheet/no_drawing_patriarch.xlsx	Лист 1	B1	cell	A-base	reads=18	bytes=336294	Err(Invalid("worksheet mergeCells appears before sheetData"))
test-data/poi/test-data/spreadsheet/no_drawing_patriarch.xlsx	Лист 1	B1	cell	B-fix	reads=47	bytes=1003454	Ok(Covered(Rect { start: Cell { row: Row(0), column: Column(0) }, end_row: 1, end_column: 10 }))
test-data/poi/test-data/spreadsheet/no_drawing_patriarch.xlsx	Лист 1	B1	cell	C-fix+gate	reads=47	bytes=1003454	Ok(Covered(Rect { start: Cell { row: Row(0), column: Column(0) }, end_row: 1, end_column: 10 }))
test-data/poi/test-data/spreadsheet/no_drawing_patriarch.xlsx	Лист 1	B1:B50	cells	A-base	reads=18	bytes=336294	Err(Invalid("worksheet mergeCells appears before sheetData"))
test-data/poi/test-data/spreadsheet/no_drawing_patriarch.xlsx	Лист 1	B1:B50	cells	B-fix	reads=47	bytes=1003454	Ok([SourceCell { address: Cell { row: Row(0), column: Column(1) }, cell: Empty }, SourceCell { address: Cell { row: Row(1), column: Column(1) }, cell: Empty }, SourceCell { address: Cell { row: Row(2), column: Column(1) }, cell: Empty }, SourceCell { address: Cell { row: Row(3), column: Column(1) }, cell: Empty }, SourceCell { address: Cell { row: Row(4), column: Column(1) }, cell: Value(Text("Артикул")) }, SourceCell { address: Cell { row: Row(5), column: Column(1) }, cell: Empty }, SourceCell { address: Cell { row: Row(6), column: Column(1) }, cell: Empty }, SourceCell { address: Cell { row: Row(7), column: Column(1) }, cell: Empty }, SourceCell { address: Cell { row: Row(8), column: Column(1) }, cell: Value(Text("КЖ-740")) }, SourceCell { address: Cell { row: Row(9), column: Column(1) }, cell: Value(Text("1602                     ")) }, SourceCell { address: Cell { row: Row(10), column: Column(1) }, cell: Value(Text("0763                     ")) }, SourceCell { address: Cell { row: Row(11), column: Column(1) }, cell: Value(Text("1314                     ")) }, SourceCell { address: Cell { row: Row(12), column: Column(1) }, cell: Empty }, SourceCell { address: Cell { row: Row(13), column: Column(1) }, cell: Value(Text("2855-201-204")) }, SourceCell { address: Cell { row: Row(14), column: Column(1) }, cell: Value(Text("2855-303                 ")) }, SourceCell { address: Cell { row: Row(15), column: Column(1) }, cell: Value(Text("2855-301                 ")) }, SourceCell { address: Cell { row: Row(16), column: Column(1) }, cell: Value(Text("2858-105                 ")) }, SourceCell { address: Cell { row: Row(17), column: Column(1) }, cell: Value(Text("2858-104                 ")) }, SourceCell { address: Cell { row: Row(18), column: Column(1) }, cell: Value(Text("2858-106                 ")) }, SourceCell { address: Cell { row: Row(19), column: Column(1) }, cell: Value(Text("63 АМП")) }, SourceCell { address: Cell { row: Row(20), column: Column(1) }, cell: Value(Text("1482.250.В               ")) }, SourceCell { address: Cell { row: Row(21), column: Column(1) }, cell: Value(Text("БЖ02")) }, SourceCell { address: Cell { row: Row(22), column: Column(1) }, cell: Value(Text("1065.ВК                  ")) }, SourceCell { address: Cell { row: Row(23), column: Column(1) }, cell: Value(Text("1427.250.В               ")) }, SourceCell { address: Cell { row: Row(24), column: Column(1) }, cell: Value(Text("1427.В                   ")) }, SourceCell { address: Cell { row: Row(25), column: Column(1) }, cell: Value(Text("5758                     ")) }, SourceCell { address: Cell { row: Row(26), column: Column(1) }, cell: Value(Text("1426.Г                   ")) }, SourceCell { address: Cell { row: Row(27), column: Column(1) }, cell: Value(Text("1426.250.Г               ")) }, SourceCell { address: Cell { row: Row(28), column: Column(1) }, cell: Value(Text("1065.ГК                  ")) }, SourceCell { address: Cell { row: Row(29), column: Column(1) }, cell: Value(Text("1164.Г")) }, SourceCell { address: Cell { row: Row(30), column: Column(1) }, cell: Value(Text("5035, 5695          ")) }, SourceCell { address: Cell { row: Row(31), column: Column(1) }, cell: Value(Text("00002")) }, SourceCell { address: Cell { row: Row(32), column: Column(1) }, cell: Value(Text("268452,268448")) }, SourceCell { address: Cell { row: Row(33), column: Column(1) }, cell: Empty }, SourceCell { address: Cell { row: Row(34), column: Column(1) }, cell: Value(Text("6012")) }, SourceCell { address: Cell { row: Row(35), column: Column(1) }, cell: Value(Text("БК10-14                  ")) }, SourceCell { address: Cell { row: Row(36), column: Column(1) }, cell: Value(Text("ICH04/GN                 ")) }, SourceCell { address: Cell { row: Row(37), column: Column(1) }, cell: Value(Text("2006-101-116             ")) }, SourceCell { address: Cell { row: Row(38), column: Column(1) }, cell: Value(Text("0372007")) }, SourceCell { address: Cell { row: Row(39), column: Column(1) }, cell: Value(Text("2054.Т1-Т11              ")) }, SourceCell { address: Cell { row: Row(40), column: Column(1) }, cell: Value(Text("2054.И 201-208")) }, SourceCell { address: Cell { row: Row(41), column: Column(1) }, cell: Value(Text("2054-101-116             ")) }, SourceCell { address: Cell { row: Row(42), column: Column(1) }, cell: Value(Text("2054.А401-410            ")) }, SourceCell { address: Cell { row: Row(43), column: Column(1) }, cell: Value(Text("2754                     ")) }, SourceCell { address: Cell { row: Row(44), column: Column(1) }, cell: Value(Text("2856-104,204             ")) }, SourceCell { address: Cell { row: Row(45), column: Column(1) }, cell: Value(Text("2856.И-207               ")) }, SourceCell { address: Cell { row: Row(46), column: Column(1) }, cell: Value(Text("0205")) }, SourceCell { address: Cell { row: Row(47), column: Column(1) }, cell: Value(Text("2350-101-116             ")) }, SourceCell { address: Cell { row: Row(48), column: Column(1) }, cell: Value(Text("4343")) }, SourceCell { address: Cell { row: Row(49), column: Column(1) }, cell: Value(Text("4341")) }])
test-data/poi/test-data/spreadsheet/no_drawing_patriarch.xlsx	Лист 1	B1:B50	cells	C-fix+gate	reads=47	bytes=1003454	Ok([SourceCell { address: Cell { row: Row(0), column: Column(1) }, cell: Empty }, SourceCell { address: Cell { row: Row(1), column: Column(1) }, cell: Empty }, SourceCell { address: Cell { row: Row(2), column: Column(1) }, cell: Empty }, SourceCell { address: Cell { row: Row(3), column: Column(1) }, cell: Empty }, SourceCell { address: Cell { row: Row(4), column: Column(1) }, cell: Value(Text("Артикул")) }, SourceCell { address: Cell { row: Row(5), column: Column(1) }, cell: Empty }, SourceCell { address: Cell { row: Row(6), column: Column(1) }, cell: Empty }, SourceCell { address: Cell { row: Row(7), column: Column(1) }, cell: Empty }, SourceCell { address: Cell { row: Row(8), column: Column(1) }, cell: Value(Text("КЖ-740")) }, SourceCell { address: Cell { row: Row(9), column: Column(1) }, cell: Value(Text("1602                     ")) }, SourceCell { address: Cell { row: Row(10), column: Column(1) }, cell: Value(Text("0763                     ")) }, SourceCell { address: Cell { row: Row(11), column: Column(1) }, cell: Value(Text("1314                     ")) }, SourceCell { address: Cell { row: Row(12), column: Column(1) }, cell: Empty }, SourceCell { address: Cell { row: Row(13), column: Column(1) }, cell: Value(Text("2855-201-204")) }, SourceCell { address: Cell { row: Row(14), column: Column(1) }, cell: Value(Text("2855-303                 ")) }, SourceCell { address: Cell { row: Row(15), column: Column(1) }, cell: Value(Text("2855-301                 ")) }, SourceCell { address: Cell { row: Row(16), column: Column(1) }, cell: Value(Text("2858-105                 ")) }, SourceCell { address: Cell { row: Row(17), column: Column(1) }, cell: Value(Text("2858-104                 ")) }, SourceCell { address: Cell { row: Row(18), column: Column(1) }, cell: Value(Text("2858-106                 ")) }, SourceCell { address: Cell { row: Row(19), column: Column(1) }, cell: Value(Text("63 АМП")) }, SourceCell { address: Cell { row: Row(20), column: Column(1) }, cell: Value(Text("1482.250.В               ")) }, SourceCell { address: Cell { row: Row(21), column: Column(1) }, cell: Value(Text("БЖ02")) }, SourceCell { address: Cell { row: Row(22), column: Column(1) }, cell: Value(Text("1065.ВК                  ")) }, SourceCell { address: Cell { row: Row(23), column: Column(1) }, cell: Value(Text("1427.250.В               ")) }, SourceCell { address: Cell { row: Row(24), column: Column(1) }, cell: Value(Text("1427.В                   ")) }, SourceCell { address: Cell { row: Row(25), column: Column(1) }, cell: Value(Text("5758                     ")) }, SourceCell { address: Cell { row: Row(26), column: Column(1) }, cell: Value(Text("1426.Г                   ")) }, SourceCell { address: Cell { row: Row(27), column: Column(1) }, cell: Value(Text("1426.250.Г               ")) }, SourceCell { address: Cell { row: Row(28), column: Column(1) }, cell: Value(Text("1065.ГК                  ")) }, SourceCell { address: Cell { row: Row(29), column: Column(1) }, cell: Value(Text("1164.Г")) }, SourceCell { address: Cell { row: Row(30), column: Column(1) }, cell: Value(Text("5035, 5695          ")) }, SourceCell { address: Cell { row: Row(31), column: Column(1) }, cell: Value(Text("00002")) }, SourceCell { address: Cell { row: Row(32), column: Column(1) }, cell: Value(Text("268452,268448")) }, SourceCell { address: Cell { row: Row(33), column: Column(1) }, cell: Empty }, SourceCell { address: Cell { row: Row(34), column: Column(1) }, cell: Value(Text("6012")) }, SourceCell { address: Cell { row: Row(35), column: Column(1) }, cell: Value(Text("БК10-14                  ")) }, SourceCell { address: Cell { row: Row(36), column: Column(1) }, cell: Value(Text("ICH04/GN                 ")) }, SourceCell { address: Cell { row: Row(37), column: Column(1) }, cell: Value(Text("2006-101-116             ")) }, SourceCell { address: Cell { row: Row(38), column: Column(1) }, cell: Value(Text("0372007")) }, SourceCell { address: Cell { row: Row(39), column: Column(1) }, cell: Value(Text("2054.Т1-Т11              ")) }, SourceCell { address: Cell { row: Row(40), column: Column(1) }, cell: Value(Text("2054.И 201-208")) }, SourceCell { address: Cell { row: Row(41), column: Column(1) }, cell: Value(Text("2054-101-116             ")) }, SourceCell { address: Cell { row: Row(42), column: Column(1) }, cell: Value(Text("2054.А401-410            ")) }, SourceCell { address: Cell { row: Row(43), column: Column(1) }, cell: Value(Text("2754                     ")) }, SourceCell { address: Cell { row: Row(44), column: Column(1) }, cell: Value(Text("2856-104,204             ")) }, SourceCell { address: Cell { row: Row(45), column: Column(1) }, cell: Value(Text("2856.И-207               ")) }, SourceCell { address: Cell { row: Row(46), column: Column(1) }, cell: Value(Text("0205")) }, SourceCell { address: Cell { row: Row(47), column: Column(1) }, cell: Value(Text("2350-101-116             ")) }, SourceCell { address: Cell { row: Row(48), column: Column(1) }, cell: Value(Text("4343")) }, SourceCell { address: Cell { row: Row(49), column: Column(1) }, cell: Value(Text("4341")) }])
test-data/poi/test-data/spreadsheet/no_drawing_patriarch.xlsx	Лист 1	B2	cell	A-base	reads=18	bytes=336294	Err(Invalid("worksheet mergeCells appears before sheetData"))
test-data/poi/test-data/spreadsheet/no_drawing_patriarch.xlsx	Лист 1	B2	cell	B-fix	reads=47	bytes=1003454	Ok(Covered(Rect { start: Cell { row: Row(1), column: Column(0) }, end_row: 2, end_column: 10 }))
test-data/poi/test-data/spreadsheet/no_drawing_patriarch.xlsx	Лист 1	B2	cell	C-fix+gate	reads=47	bytes=1003454	Ok(Covered(Rect { start: Cell { row: Row(1), column: Column(0) }, end_row: 2, end_column: 10 }))
test-data/poi/test-data/spreadsheet/no_drawing_patriarch.xlsx	Лист 1	BA50	cell	A-base	reads=18	bytes=336294	Err(Invalid("worksheet mergeCells appears before sheetData"))
test-data/poi/test-data/spreadsheet/no_drawing_patriarch.xlsx	Лист 1	BA50	cell	B-fix	reads=47	bytes=1003454	Ok(Missing)
test-data/poi/test-data/spreadsheet/no_drawing_patriarch.xlsx	Лист 1	BA50	cell	C-fix+gate	reads=47	bytes=1003454	Ok(Missing)
test-data/poi/test-data/spreadsheet/no_drawing_patriarch.xlsx	Лист 1	C3	cell	A-base	reads=18	bytes=336294	Err(Invalid("worksheet mergeCells appears before sheetData"))
test-data/poi/test-data/spreadsheet/no_drawing_patriarch.xlsx	Лист 1	C3	cell	B-fix	reads=47	bytes=1003454	Ok(Covered(Rect { start: Cell { row: Row(2), column: Column(0) }, end_row: 3, end_column: 10 }))
test-data/poi/test-data/spreadsheet/no_drawing_patriarch.xlsx	Лист 1	C3	cell	C-fix+gate	reads=47	bytes=1003454	Ok(Covered(Rect { start: Cell { row: Row(2), column: Column(0) }, end_row: 3, end_column: 10 }))
test-data/poi/test-data/spreadsheet/no_drawing_patriarch.xlsx	Лист 1	D4	cell	A-base	reads=18	bytes=336294	Err(Invalid("worksheet mergeCells appears before sheetData"))
test-data/poi/test-data/spreadsheet/no_drawing_patriarch.xlsx	Лист 1	D4	cell	B-fix	reads=47	bytes=1003454	Ok(Covered(Rect { start: Cell { row: Row(3), column: Column(0) }, end_row: 4, end_column: 10 }))
test-data/poi/test-data/spreadsheet/no_drawing_patriarch.xlsx	Лист 1	D4	cell	C-fix+gate	reads=47	bytes=1003454	Ok(Covered(Rect { start: Cell { row: Row(3), column: Column(0) }, end_row: 4, end_column: 10 }))
test-data/poi/test-data/spreadsheet/no_drawing_patriarch.xlsx	Лист 1	E5	cell	A-base	reads=18	bytes=336294	Err(Invalid("worksheet mergeCells appears before sheetData"))
test-data/poi/test-data/spreadsheet/no_drawing_patriarch.xlsx	Лист 1	E5	cell	B-fix	reads=47	bytes=1003454	Ok(Stored(Value(Text("Год выпуска"))))
test-data/poi/test-data/spreadsheet/no_drawing_patriarch.xlsx	Лист 1	E5	cell	C-fix+gate	reads=47	bytes=1003454	Ok(Stored(Value(Text("Год выпуска"))))
test-data/poi/test-data/spreadsheet/no_drawing_patriarch.xlsx	Лист 1	H680	cell	A-base	reads=18	bytes=336294	Err(Invalid("worksheet mergeCells appears before sheetData"))
test-data/poi/test-data/spreadsheet/no_drawing_patriarch.xlsx	Лист 1	H680	cell	B-fix	reads=47	bytes=1003454	Ok(Stored(Value(Text("Канц"))))
test-data/poi/test-data/spreadsheet/no_drawing_patriarch.xlsx	Лист 1	H680	cell	C-fix+gate	reads=47	bytes=1003454	Ok(Stored(Value(Text("Канц"))))
test-data/poi/test-data/spreadsheet/no_drawing_patriarch.xlsx	Лист 1	M29	cell	A-base	reads=18	bytes=336294	Err(Invalid("worksheet mergeCells appears before sheetData"))
test-data/poi/test-data/spreadsheet/no_drawing_patriarch.xlsx	Лист 1	M29	cell	B-fix	reads=47	bytes=1003454	Ok(Missing)
test-data/poi/test-data/spreadsheet/no_drawing_patriarch.xlsx	Лист 1	M29	cell	C-fix+gate	reads=47	bytes=1003454	Ok(Missing)
test-data/poi/test-data/spreadsheet/no_drawing_patriarch.xlsx	Лист 1	Z100	cell	A-base	reads=18	bytes=336294	Err(Invalid("worksheet mergeCells appears before sheetData"))
test-data/poi/test-data/spreadsheet/no_drawing_patriarch.xlsx	Лист 1	Z100	cell	B-fix	reads=47	bytes=1003454	Ok(Missing)
test-data/poi/test-data/spreadsheet/no_drawing_patriarch.xlsx	Лист 1	Z100	cell	C-fix+gate	reads=47	bytes=1003454	Ok(Missing)
test-data/poi/test-data/spreadsheet/style-alternate-content.xlsx	Sheet2	A1	cell	A-base	reads=12	bytes=2079	Err(Invalid("worksheet mergeCells appears before sheetData"))
test-data/poi/test-data/spreadsheet/style-alternate-content.xlsx	Sheet2	A1	cell	B-fix	reads=21	bytes=7096	Ok(Stored(Empty))
test-data/poi/test-data/spreadsheet/style-alternate-content.xlsx	Sheet2	A1	cell	C-fix+gate	reads=21	bytes=7096	Ok(Stored(Empty))
test-data/poi/test-data/spreadsheet/style-alternate-content.xlsx	Sheet2	A1:E5	cells	A-base	reads=12	bytes=2079	Err(Invalid("worksheet mergeCells appears before sheetData"))
test-data/poi/test-data/spreadsheet/style-alternate-content.xlsx	Sheet2	A1:E5	cells	B-fix	reads=21	bytes=7096	Ok([SourceCell { address: Cell { row: Row(0), column: Column(0) }, cell: Empty }, SourceCell { address: Cell { row: Row(0), column: Column(1) }, cell: Empty }, SourceCell { address: Cell { row: Row(0), column: Column(2) }, cell: Empty }, SourceCell { address: Cell { row: Row(1), column: Column(0) }, cell: Value(Text("사이버서당 무상 콘텐츠 이용 신청서")) }, SourceCell { address: Cell { row: Row(1), column: Column(1) }, cell: Empty }, SourceCell { address: Cell { row: Row(1), column: Column(2) }, cell: Empty }, SourceCell { address: Cell { row: Row(3), column: Column(0) }, cell: Value(Text("1. 센터명")) }, SourceCell { address: Cell { row: Row(3), column: Column(1) }, cell: Empty }, SourceCell { address: Cell { row: Row(3), column: Column(2) }, cell: Empty }, SourceCell { address: Cell { row: Row(4), column: Column(0) }, cell: Value(Text("2. 주소지")) }, SourceCell { address: Cell { row: Row(4), column: Column(1) }, cell: Empty }, SourceCell { address: Cell { row: Row(4), column: Column(2) }, cell: Empty }])
test-data/poi/test-data/spreadsheet/style-alternate-content.xlsx	Sheet2	A1:E5	cells	C-fix+gate	reads=21	bytes=7096	Ok([SourceCell { address: Cell { row: Row(0), column: Column(0) }, cell: Empty }, SourceCell { address: Cell { row: Row(0), column: Column(1) }, cell: Empty }, SourceCell { address: Cell { row: Row(0), column: Column(2) }, cell: Empty }, SourceCell { address: Cell { row: Row(1), column: Column(0) }, cell: Value(Text("사이버서당 무상 콘텐츠 이용 신청서")) }, SourceCell { address: Cell { row: Row(1), column: Column(1) }, cell: Empty }, SourceCell { address: Cell { row: Row(1), column: Column(2) }, cell: Empty }, SourceCell { address: Cell { row: Row(3), column: Column(0) }, cell: Value(Text("1. 센터명")) }, SourceCell { address: Cell { row: Row(3), column: Column(1) }, cell: Empty }, SourceCell { address: Cell { row: Row(3), column: Column(2) }, cell: Empty }, SourceCell { address: Cell { row: Row(4), column: Column(0) }, cell: Value(Text("2. 주소지")) }, SourceCell { address: Cell { row: Row(4), column: Column(1) }, cell: Empty }, SourceCell { address: Cell { row: Row(4), column: Column(2) }, cell: Empty }])
test-data/poi/test-data/spreadsheet/style-alternate-content.xlsx	Sheet2	A2	cell	A-base	reads=12	bytes=2079	Err(Invalid("worksheet mergeCells appears before sheetData"))
test-data/poi/test-data/spreadsheet/style-alternate-content.xlsx	Sheet2	A2	cell	B-fix	reads=21	bytes=7096	Ok(Stored(Value(Text("사이버서당 무상 콘텐츠 이용 신청서"))))
test-data/poi/test-data/spreadsheet/style-alternate-content.xlsx	Sheet2	A2	cell	C-fix+gate	reads=21	bytes=7096	Ok(Stored(Value(Text("사이버서당 무상 콘텐츠 이용 신청서"))))
test-data/poi/test-data/spreadsheet/style-alternate-content.xlsx	Sheet2	AA1	cell	A-base	reads=12	bytes=2079	Err(Invalid("worksheet mergeCells appears before sheetData"))
test-data/poi/test-data/spreadsheet/style-alternate-content.xlsx	Sheet2	AA1	cell	B-fix	reads=21	bytes=7096	Ok(Missing)
test-data/poi/test-data/spreadsheet/style-alternate-content.xlsx	Sheet2	AA1	cell	C-fix+gate	reads=21	bytes=7096	Ok(Missing)
test-data/poi/test-data/spreadsheet/style-alternate-content.xlsx	Sheet2	B1	cell	A-base	reads=12	bytes=2079	Err(Invalid("worksheet mergeCells appears before sheetData"))
test-data/poi/test-data/spreadsheet/style-alternate-content.xlsx	Sheet2	B1	cell	B-fix	reads=21	bytes=7096	Ok(Covered(Rect { start: Cell { row: Row(0), column: Column(0) }, end_row: 1, end_column: 3 }))
test-data/poi/test-data/spreadsheet/style-alternate-content.xlsx	Sheet2	B1	cell	C-fix+gate	reads=21	bytes=7096	Ok(Covered(Rect { start: Cell { row: Row(0), column: Column(0) }, end_row: 1, end_column: 3 }))
test-data/poi/test-data/spreadsheet/style-alternate-content.xlsx	Sheet2	B1:B50	cells	A-base	reads=12	bytes=2079	Err(Invalid("worksheet mergeCells appears before sheetData"))
test-data/poi/test-data/spreadsheet/style-alternate-content.xlsx	Sheet2	B1:B50	cells	B-fix	reads=21	bytes=7096	Ok([SourceCell { address: Cell { row: Row(0), column: Column(1) }, cell: Empty }, SourceCell { address: Cell { row: Row(1), column: Column(1) }, cell: Empty }, SourceCell { address: Cell { row: Row(3), column: Column(1) }, cell: Empty }, SourceCell { address: Cell { row: Row(4), column: Column(1) }, cell: Empty }, SourceCell { address: Cell { row: Row(5), column: Column(1) }, cell: Empty }, SourceCell { address: Cell { row: Row(6), column: Column(1) }, cell: Value(Text("성명")) }, SourceCell { address: Cell { row: Row(7), column: Column(1) }, cell: Value(Text("전화번호")) }, SourceCell { address: Cell { row: Row(8), column: Column(1) }, cell: Empty }, SourceCell { address: Cell { row: Row(9), column: Column(1) }, cell: Value(Text("IP대역")) }, SourceCell { address: Cell { row: Row(10), column: Column(1) }, cell: Empty }, SourceCell { address: Cell { row: Row(11), column: Column(1) }, cell: Empty }, SourceCell { address: Cell { row: Row(12), column: Column(1) }, cell: Empty }, SourceCell { address: Cell { row: Row(13), column: Column(1) }, cell: Empty }, SourceCell { address: Cell { row: Row(14), column: Column(1) }, cell: Empty }, SourceCell { address: Cell { row: Row(15), column: Column(1) }, cell: Empty }, SourceCell { address: Cell { row: Row(16), column: Column(1) }, cell: Empty }, SourceCell { address: Cell { row: Row(17), column: Column(1) }, cell: Empty }, SourceCell { address: Cell { row: Row(18), column: Column(1) }, cell: Empty }, SourceCell { address: Cell { row: Row(19), column: Column(1) }, cell: Empty }, SourceCell { address: Cell { row: Row(20), column: Column(1) }, cell: Empty }, SourceCell { address: Cell { row: Row(21), column: Column(1) }, cell: Empty }, SourceCell { address: Cell { row: Row(22), column: Column(1) }, cell: Empty }, SourceCell { address: Cell { row: Row(23), column: Column(1) }, cell: Empty }, SourceCell { address: Cell { row: Row(24), column: Column(1) }, cell: Empty }, SourceCell { address: Cell { row: Row(26), column: Column(1) }, cell: Empty }, SourceCell { address: Cell { row: Row(27), column: Column(1) }, cell: Empty }, SourceCell { address: Cell { row: Row(31), column: Column(1) }, cell: Value(Text("○○○시군구 드림스타트 센터(직인/관인)")) }, SourceCell { address: Cell { row: Row(33), column: Column(1) }, cell: Empty }, SourceCell { address: Cell { row: Row(35), column: Column(1) }, cell: Empty }, SourceCell { address: Cell { row: Row(36), column: Column(1) }, cell: Empty }, SourceCell { address: Cell { row: Row(37), column: Column(1) }, cell: Empty }, SourceCell { address: Cell { row: Row(38), column: Column(1) }, cell: Empty }, SourceCell { address: Cell { row: Row(39), column: Column(1) }, cell: Empty }])
test-data/poi/test-data/spreadsheet/style-alternate-content.xlsx	Sheet2	B1:B50	cells	C-fix+gate	reads=21	bytes=7096	Ok([SourceCell { address: Cell { row: Row(0), column: Column(1) }, cell: Empty }, SourceCell { address: Cell { row: Row(1), column: Column(1) }, cell: Empty }, SourceCell { address: Cell { row: Row(3), column: Column(1) }, cell: Empty }, SourceCell { address: Cell { row: Row(4), column: Column(1) }, cell: Empty }, SourceCell { address: Cell { row: Row(5), column: Column(1) }, cell: Empty }, SourceCell { address: Cell { row: Row(6), column: Column(1) }, cell: Value(Text("성명")) }, SourceCell { address: Cell { row: Row(7), column: Column(1) }, cell: Value(Text("전화번호")) }, SourceCell { address: Cell { row: Row(8), column: Column(1) }, cell: Empty }, SourceCell { address: Cell { row: Row(9), column: Column(1) }, cell: Value(Text("IP대역")) }, SourceCell { address: Cell { row: Row(10), column: Column(1) }, cell: Empty }, SourceCell { address: Cell { row: Row(11), column: Column(1) }, cell: Empty }, SourceCell { address: Cell { row: Row(12), column: Column(1) }, cell: Empty }, SourceCell { address: Cell { row: Row(13), column: Column(1) }, cell: Empty }, SourceCell { address: Cell { row: Row(14), column: Column(1) }, cell: Empty }, SourceCell { address: Cell { row: Row(15), column: Column(1) }, cell: Empty }, SourceCell { address: Cell { row: Row(16), column: Column(1) }, cell: Empty }, SourceCell { address: Cell { row: Row(17), column: Column(1) }, cell: Empty }, SourceCell { address: Cell { row: Row(18), column: Column(1) }, cell: Empty }, SourceCell { address: Cell { row: Row(19), column: Column(1) }, cell: Empty }, SourceCell { address: Cell { row: Row(20), column: Column(1) }, cell: Empty }, SourceCell { address: Cell { row: Row(21), column: Column(1) }, cell: Empty }, SourceCell { address: Cell { row: Row(22), column: Column(1) }, cell: Empty }, SourceCell { address: Cell { row: Row(23), column: Column(1) }, cell: Empty }, SourceCell { address: Cell { row: Row(24), column: Column(1) }, cell: Empty }, SourceCell { address: Cell { row: Row(26), column: Column(1) }, cell: Empty }, SourceCell { address: Cell { row: Row(27), column: Column(1) }, cell: Empty }, SourceCell { address: Cell { row: Row(31), column: Column(1) }, cell: Value(Text("○○○시군구 드림스타트 센터(직인/관인)")) }, SourceCell { address: Cell { row: Row(33), column: Column(1) }, cell: Empty }, SourceCell { address: Cell { row: Row(35), column: Column(1) }, cell: Empty }, SourceCell { address: Cell { row: Row(36), column: Column(1) }, cell: Empty }, SourceCell { address: Cell { row: Row(37), column: Column(1) }, cell: Empty }, SourceCell { address: Cell { row: Row(38), column: Column(1) }, cell: Empty }, SourceCell { address: Cell { row: Row(39), column: Column(1) }, cell: Empty }])
test-data/poi/test-data/spreadsheet/style-alternate-content.xlsx	Sheet2	B2	cell	A-base	reads=12	bytes=2079	Err(Invalid("worksheet mergeCells appears before sheetData"))
test-data/poi/test-data/spreadsheet/style-alternate-content.xlsx	Sheet2	B2	cell	B-fix	reads=21	bytes=7096	Ok(Covered(Rect { start: Cell { row: Row(1), column: Column(0) }, end_row: 2, end_column: 3 }))
test-data/poi/test-data/spreadsheet/style-alternate-content.xlsx	Sheet2	B2	cell	C-fix+gate	reads=21	bytes=7096	Ok(Covered(Rect { start: Cell { row: Row(1), column: Column(0) }, end_row: 2, end_column: 3 }))
test-data/poi/test-data/spreadsheet/style-alternate-content.xlsx	Sheet2	BA50	cell	A-base	reads=12	bytes=2079	Err(Invalid("worksheet mergeCells appears before sheetData"))
test-data/poi/test-data/spreadsheet/style-alternate-content.xlsx	Sheet2	BA50	cell	B-fix	reads=21	bytes=7096	Ok(Missing)
test-data/poi/test-data/spreadsheet/style-alternate-content.xlsx	Sheet2	BA50	cell	C-fix+gate	reads=21	bytes=7096	Ok(Missing)
test-data/poi/test-data/spreadsheet/style-alternate-content.xlsx	Sheet2	C3	cell	A-base	reads=12	bytes=2079	Err(Invalid("worksheet mergeCells appears before sheetData"))
test-data/poi/test-data/spreadsheet/style-alternate-content.xlsx	Sheet2	C3	cell	B-fix	reads=21	bytes=7096	Ok(Missing)
test-data/poi/test-data/spreadsheet/style-alternate-content.xlsx	Sheet2	C3	cell	C-fix+gate	reads=21	bytes=7096	Ok(Missing)
test-data/poi/test-data/spreadsheet/style-alternate-content.xlsx	Sheet2	D4	cell	A-base	reads=12	bytes=2079	Err(Invalid("worksheet mergeCells appears before sheetData"))
test-data/poi/test-data/spreadsheet/style-alternate-content.xlsx	Sheet2	D4	cell	B-fix	reads=21	bytes=7096	Ok(Missing)
test-data/poi/test-data/spreadsheet/style-alternate-content.xlsx	Sheet2	D4	cell	C-fix+gate	reads=21	bytes=7096	Ok(Missing)
test-data/poi/test-data/spreadsheet/style-alternate-content.xlsx	Sheet2	E5	cell	A-base	reads=12	bytes=2079	Err(Invalid("worksheet mergeCells appears before sheetData"))
test-data/poi/test-data/spreadsheet/style-alternate-content.xlsx	Sheet2	E5	cell	B-fix	reads=21	bytes=7096	Ok(Missing)
test-data/poi/test-data/spreadsheet/style-alternate-content.xlsx	Sheet2	E5	cell	C-fix+gate	reads=21	bytes=7096	Ok(Missing)
test-data/poi/test-data/spreadsheet/style-alternate-content.xlsx	Sheet2	H680	cell	A-base	reads=12	bytes=2079	Err(Invalid("worksheet mergeCells appears before sheetData"))
test-data/poi/test-data/spreadsheet/style-alternate-content.xlsx	Sheet2	H680	cell	B-fix	reads=21	bytes=7096	Ok(Missing)
test-data/poi/test-data/spreadsheet/style-alternate-content.xlsx	Sheet2	H680	cell	C-fix+gate	reads=21	bytes=7096	Ok(Missing)
test-data/poi/test-data/spreadsheet/style-alternate-content.xlsx	Sheet2	M29	cell	A-base	reads=12	bytes=2079	Err(Invalid("worksheet mergeCells appears before sheetData"))
test-data/poi/test-data/spreadsheet/style-alternate-content.xlsx	Sheet2	M29	cell	B-fix	reads=21	bytes=7096	Ok(Missing)
test-data/poi/test-data/spreadsheet/style-alternate-content.xlsx	Sheet2	M29	cell	C-fix+gate	reads=21	bytes=7096	Ok(Missing)
test-data/poi/test-data/spreadsheet/style-alternate-content.xlsx	Sheet2	Z100	cell	A-base	reads=12	bytes=2079	Err(Invalid("worksheet mergeCells appears before sheetData"))
test-data/poi/test-data/spreadsheet/style-alternate-content.xlsx	Sheet2	Z100	cell	B-fix	reads=21	bytes=7096	Ok(Missing)
test-data/poi/test-data/spreadsheet/style-alternate-content.xlsx	Sheet2	Z100	cell	C-fix+gate	reads=21	bytes=7096	Ok(Missing)
test-data/poi/test-data/spreadsheet/testSharedFormulasRangeSetBlankBug.xlsx	Sheet1	A1	cell	A-base	reads=7	bytes=3078	Err(Invalid("worksheet mergeCells appears before sheetData"))
test-data/poi/test-data/spreadsheet/testSharedFormulasRangeSetBlankBug.xlsx	Sheet1	A1	cell	B-fix	reads=16	bytes=7770	Ok(Stored(Value(Text("columns"))))
test-data/poi/test-data/spreadsheet/testSharedFormulasRangeSetBlankBug.xlsx	Sheet1	A1	cell	C-fix+gate	reads=16	bytes=7770	Ok(Stored(Value(Text("columns"))))
test-data/poi/test-data/spreadsheet/testSharedFormulasRangeSetBlankBug.xlsx	Sheet1	A1:E5	cells	A-base	reads=7	bytes=3078	Err(Invalid("worksheet mergeCells appears before sheetData"))
test-data/poi/test-data/spreadsheet/testSharedFormulasRangeSetBlankBug.xlsx	Sheet1	A1:E5	cells	B-fix	reads=16	bytes=7770	Ok([SourceCell { address: Cell { row: Row(0), column: Column(0) }, cell: Value(Text("columns")) }, SourceCell { address: Cell { row: Row(0), column: Column(1) }, cell: Empty }, SourceCell { address: Cell { row: Row(0), column: Column(2) }, cell: Empty }, SourceCell { address: Cell { row: Row(0), column: Column(3) }, cell: Empty }, SourceCell { address: Cell { row: Row(0), column: Column(4) }, cell: Value(Text("row")) }, SourceCell { address: Cell { row: Row(1), column: Column(0) }, cell: Value(Text("G")) }, SourceCell { address: Cell { row: Row(1), column: Column(1) }, cell: Value(Text("H")) }, SourceCell { address: Cell { row: Row(1), column: Column(2) }, cell: Value(Text("I")) }, SourceCell { address: Cell { row: Row(1), column: Column(3) }, cell: Value(Text("J")) }, SourceCell { address: Cell { row: Row(1), column: Column(4) }, cell: Value(Number(Number("2"))) }, SourceCell { address: Cell { row: Row(2), column: Column(0) }, cell: Value(Text("G")) }, SourceCell { address: Cell { row: Row(2), column: Column(1) }, cell: Value(Text("H")) }, SourceCell { address: Cell { row: Row(2), column: Column(2) }, cell: Value(Text("I")) }, SourceCell { address: Cell { row: Row(2), column: Column(3) }, cell: Value(Text("J")) }, SourceCell { address: Cell { row: Row(2), column: Column(4) }, cell: Value(Number(Number("3"))) }, SourceCell { address: Cell { row: Row(3), column: Column(0) }, cell: Value(Text("G")) }, SourceCell { address: Cell { row: Row(3), column: Column(1) }, cell: Value(Text("H")) }, SourceCell { address: Cell { row: Row(3), column: Column(2) }, cell: Value(Text("I")) }, SourceCell { address: Cell { row: Row(3), column: Column(3) }, cell: Value(Text("J")) }, SourceCell { address: Cell { row: Row(3), column: Column(4) }, cell: Value(Number(Number("4"))) }, SourceCell { address: Cell { row: Row(4), column: Column(0) }, cell: Value(Text("G")) }, SourceCell { address: Cell { row: Row(4), column: Column(1) }, cell: Value(Text("H")) }, SourceCell { address: Cell { row: Row(4), column: Column(2) }, cell: Value(Text("I")) }, SourceCell { address: Cell { row: Row(4), column: Column(3) }, cell: Value(Text("J")) }, SourceCell { address: Cell { row: Row(4), column: Column(4) }, cell: Value(Number(Number("5"))) }])
test-data/poi/test-data/spreadsheet/testSharedFormulasRangeSetBlankBug.xlsx	Sheet1	A1:E5	cells	C-fix+gate	reads=16	bytes=7770	Ok([SourceCell { address: Cell { row: Row(0), column: Column(0) }, cell: Value(Text("columns")) }, SourceCell { address: Cell { row: Row(0), column: Column(1) }, cell: Empty }, SourceCell { address: Cell { row: Row(0), column: Column(2) }, cell: Empty }, SourceCell { address: Cell { row: Row(0), column: Column(3) }, cell: Empty }, SourceCell { address: Cell { row: Row(0), column: Column(4) }, cell: Value(Text("row")) }, SourceCell { address: Cell { row: Row(1), column: Column(0) }, cell: Value(Text("G")) }, SourceCell { address: Cell { row: Row(1), column: Column(1) }, cell: Value(Text("H")) }, SourceCell { address: Cell { row: Row(1), column: Column(2) }, cell: Value(Text("I")) }, SourceCell { address: Cell { row: Row(1), column: Column(3) }, cell: Value(Text("J")) }, SourceCell { address: Cell { row: Row(1), column: Column(4) }, cell: Value(Number(Number("2"))) }, SourceCell { address: Cell { row: Row(2), column: Column(0) }, cell: Value(Text("G")) }, SourceCell { address: Cell { row: Row(2), column: Column(1) }, cell: Value(Text("H")) }, SourceCell { address: Cell { row: Row(2), column: Column(2) }, cell: Value(Text("I")) }, SourceCell { address: Cell { row: Row(2), column: Column(3) }, cell: Value(Text("J")) }, SourceCell { address: Cell { row: Row(2), column: Column(4) }, cell: Value(Number(Number("3"))) }, SourceCell { address: Cell { row: Row(3), column: Column(0) }, cell: Value(Text("G")) }, SourceCell { address: Cell { row: Row(3), column: Column(1) }, cell: Value(Text("H")) }, SourceCell { address: Cell { row: Row(3), column: Column(2) }, cell: Value(Text("I")) }, SourceCell { address: Cell { row: Row(3), column: Column(3) }, cell: Value(Text("J")) }, SourceCell { address: Cell { row: Row(3), column: Column(4) }, cell: Value(Number(Number("4"))) }, SourceCell { address: Cell { row: Row(4), column: Column(0) }, cell: Value(Text("G")) }, SourceCell { address: Cell { row: Row(4), column: Column(1) }, cell: Value(Text("H")) }, SourceCell { address: Cell { row: Row(4), column: Column(2) }, cell: Value(Text("I")) }, SourceCell { address: Cell { row: Row(4), column: Column(3) }, cell: Value(Text("J")) }, SourceCell { address: Cell { row: Row(4), column: Column(4) }, cell: Value(Number(Number("5"))) }])
test-data/poi/test-data/spreadsheet/testSharedFormulasRangeSetBlankBug.xlsx	Sheet1	A2	cell	A-base	reads=7	bytes=3078	Err(Invalid("worksheet mergeCells appears before sheetData"))
test-data/poi/test-data/spreadsheet/testSharedFormulasRangeSetBlankBug.xlsx	Sheet1	A2	cell	B-fix	reads=16	bytes=7770	Ok(Stored(Value(Text("G"))))
test-data/poi/test-data/spreadsheet/testSharedFormulasRangeSetBlankBug.xlsx	Sheet1	A2	cell	C-fix+gate	reads=16	bytes=7770	Ok(Stored(Value(Text("G"))))
test-data/poi/test-data/spreadsheet/testSharedFormulasRangeSetBlankBug.xlsx	Sheet1	AA1	cell	A-base	reads=7	bytes=3078	Err(Invalid("worksheet mergeCells appears before sheetData"))
test-data/poi/test-data/spreadsheet/testSharedFormulasRangeSetBlankBug.xlsx	Sheet1	AA1	cell	B-fix	reads=16	bytes=7770	Ok(Missing)
test-data/poi/test-data/spreadsheet/testSharedFormulasRangeSetBlankBug.xlsx	Sheet1	AA1	cell	C-fix+gate	reads=16	bytes=7770	Ok(Missing)
test-data/poi/test-data/spreadsheet/testSharedFormulasRangeSetBlankBug.xlsx	Sheet1	B1	cell	A-base	reads=7	bytes=3078	Err(Invalid("worksheet mergeCells appears before sheetData"))
test-data/poi/test-data/spreadsheet/testSharedFormulasRangeSetBlankBug.xlsx	Sheet1	B1	cell	B-fix	reads=16	bytes=7770	Ok(Covered(Rect { start: Cell { row: Row(0), column: Column(0) }, end_row: 1, end_column: 4 }))
test-data/poi/test-data/spreadsheet/testSharedFormulasRangeSetBlankBug.xlsx	Sheet1	B1	cell	C-fix+gate	reads=16	bytes=7770	Ok(Covered(Rect { start: Cell { row: Row(0), column: Column(0) }, end_row: 1, end_column: 4 }))
test-data/poi/test-data/spreadsheet/testSharedFormulasRangeSetBlankBug.xlsx	Sheet1	B1:B50	cells	A-base	reads=7	bytes=3078	Err(Invalid("worksheet mergeCells appears before sheetData"))
test-data/poi/test-data/spreadsheet/testSharedFormulasRangeSetBlankBug.xlsx	Sheet1	B1:B50	cells	B-fix	reads=16	bytes=7770	Ok([SourceCell { address: Cell { row: Row(0), column: Column(1) }, cell: Empty }, SourceCell { address: Cell { row: Row(1), column: Column(1) }, cell: Value(Text("H")) }, SourceCell { address: Cell { row: Row(2), column: Column(1) }, cell: Value(Text("H")) }, SourceCell { address: Cell { row: Row(3), column: Column(1) }, cell: Value(Text("H")) }, SourceCell { address: Cell { row: Row(4), column: Column(1) }, cell: Value(Text("H")) }, SourceCell { address: Cell { row: Row(5), column: Column(1) }, cell: Value(Text("H")) }, SourceCell { address: Cell { row: Row(6), column: Column(1) }, cell: Value(Text("H")) }, SourceCell { address: Cell { row: Row(7), column: Column(1) }, cell: Value(Text("H")) }, SourceCell { address: Cell { row: Row(8), column: Column(1) }, cell: Value(Text("H")) }, SourceCell { address: Cell { row: Row(9), column: Column(1) }, cell: Value(Text("H")) }, SourceCell { address: Cell { row: Row(10), column: Column(1) }, cell: Value(Text("H")) }, SourceCell { address: Cell { row: Row(11), column: Column(1) }, cell: Value(Text("H")) }, SourceCell { address: Cell { row: Row(12), column: Column(1) }, cell: Value(Text("H")) }, SourceCell { address: Cell { row: Row(13), column: Column(1) }, cell: Value(Text("H")) }, SourceCell { address: Cell { row: Row(14), column: Column(1) }, cell: Value(Text("H")) }, SourceCell { address: Cell { row: Row(15), column: Column(1) }, cell: Value(Text("H")) }, SourceCell { address: Cell { row: Row(16), column: Column(1) }, cell: Value(Text("H")) }, SourceCell { address: Cell { row: Row(17), column: Column(1) }, cell: Value(Text("H")) }, SourceCell { address: Cell { row: Row(18), column: Column(1) }, cell: Value(Text("H")) }, SourceCell { address: Cell { row: Row(19), column: Column(1) }, cell: Value(Text("H")) }, SourceCell { address: Cell { row: Row(20), column: Column(1) }, cell: Value(Text("H")) }])
test-data/poi/test-data/spreadsheet/testSharedFormulasRangeSetBlankBug.xlsx	Sheet1	B1:B50	cells	C-fix+gate	reads=16	bytes=7770	Ok([SourceCell { address: Cell { row: Row(0), column: Column(1) }, cell: Empty }, SourceCell { address: Cell { row: Row(1), column: Column(1) }, cell: Value(Text("H")) }, SourceCell { address: Cell { row: Row(2), column: Column(1) }, cell: Value(Text("H")) }, SourceCell { address: Cell { row: Row(3), column: Column(1) }, cell: Value(Text("H")) }, SourceCell { address: Cell { row: Row(4), column: Column(1) }, cell: Value(Text("H")) }, SourceCell { address: Cell { row: Row(5), column: Column(1) }, cell: Value(Text("H")) }, SourceCell { address: Cell { row: Row(6), column: Column(1) }, cell: Value(Text("H")) }, SourceCell { address: Cell { row: Row(7), column: Column(1) }, cell: Value(Text("H")) }, SourceCell { address: Cell { row: Row(8), column: Column(1) }, cell: Value(Text("H")) }, SourceCell { address: Cell { row: Row(9), column: Column(1) }, cell: Value(Text("H")) }, SourceCell { address: Cell { row: Row(10), column: Column(1) }, cell: Value(Text("H")) }, SourceCell { address: Cell { row: Row(11), column: Column(1) }, cell: Value(Text("H")) }, SourceCell { address: Cell { row: Row(12), column: Column(1) }, cell: Value(Text("H")) }, SourceCell { address: Cell { row: Row(13), column: Column(1) }, cell: Value(Text("H")) }, SourceCell { address: Cell { row: Row(14), column: Column(1) }, cell: Value(Text("H")) }, SourceCell { address: Cell { row: Row(15), column: Column(1) }, cell: Value(Text("H")) }, SourceCell { address: Cell { row: Row(16), column: Column(1) }, cell: Value(Text("H")) }, SourceCell { address: Cell { row: Row(17), column: Column(1) }, cell: Value(Text("H")) }, SourceCell { address: Cell { row: Row(18), column: Column(1) }, cell: Value(Text("H")) }, SourceCell { address: Cell { row: Row(19), column: Column(1) }, cell: Value(Text("H")) }, SourceCell { address: Cell { row: Row(20), column: Column(1) }, cell: Value(Text("H")) }])
test-data/poi/test-data/spreadsheet/testSharedFormulasRangeSetBlankBug.xlsx	Sheet1	B2	cell	A-base	reads=7	bytes=3078	Err(Invalid("worksheet mergeCells appears before sheetData"))
test-data/poi/test-data/spreadsheet/testSharedFormulasRangeSetBlankBug.xlsx	Sheet1	B2	cell	B-fix	reads=16	bytes=7770	Ok(Stored(Value(Text("H"))))
test-data/poi/test-data/spreadsheet/testSharedFormulasRangeSetBlankBug.xlsx	Sheet1	B2	cell	C-fix+gate	reads=16	bytes=7770	Ok(Stored(Value(Text("H"))))
test-data/poi/test-data/spreadsheet/testSharedFormulasRangeSetBlankBug.xlsx	Sheet1	BA50	cell	A-base	reads=7	bytes=3078	Err(Invalid("worksheet mergeCells appears before sheetData"))
test-data/poi/test-data/spreadsheet/testSharedFormulasRangeSetBlankBug.xlsx	Sheet1	BA50	cell	B-fix	reads=16	bytes=7770	Ok(Missing)
test-data/poi/test-data/spreadsheet/testSharedFormulasRangeSetBlankBug.xlsx	Sheet1	BA50	cell	C-fix+gate	reads=16	bytes=7770	Ok(Missing)
test-data/poi/test-data/spreadsheet/testSharedFormulasRangeSetBlankBug.xlsx	Sheet1	C3	cell	A-base	reads=7	bytes=3078	Err(Invalid("worksheet mergeCells appears before sheetData"))
test-data/poi/test-data/spreadsheet/testSharedFormulasRangeSetBlankBug.xlsx	Sheet1	C3	cell	B-fix	reads=16	bytes=7770	Ok(Stored(Value(Text("I"))))
test-data/poi/test-data/spreadsheet/testSharedFormulasRangeSetBlankBug.xlsx	Sheet1	C3	cell	C-fix+gate	reads=16	bytes=7770	Ok(Stored(Value(Text("I"))))
test-data/poi/test-data/spreadsheet/testSharedFormulasRangeSetBlankBug.xlsx	Sheet1	D4	cell	A-base	reads=7	bytes=3078	Err(Invalid("worksheet mergeCells appears before sheetData"))
test-data/poi/test-data/spreadsheet/testSharedFormulasRangeSetBlankBug.xlsx	Sheet1	D4	cell	B-fix	reads=16	bytes=7770	Ok(Stored(Value(Text("J"))))
test-data/poi/test-data/spreadsheet/testSharedFormulasRangeSetBlankBug.xlsx	Sheet1	D4	cell	C-fix+gate	reads=16	bytes=7770	Ok(Stored(Value(Text("J"))))
test-data/poi/test-data/spreadsheet/testSharedFormulasRangeSetBlankBug.xlsx	Sheet1	E5	cell	A-base	reads=7	bytes=3078	Err(Invalid("worksheet mergeCells appears before sheetData"))
test-data/poi/test-data/spreadsheet/testSharedFormulasRangeSetBlankBug.xlsx	Sheet1	E5	cell	B-fix	reads=16	bytes=7770	Ok(Stored(Value(Number(Number("5")))))
test-data/poi/test-data/spreadsheet/testSharedFormulasRangeSetBlankBug.xlsx	Sheet1	E5	cell	C-fix+gate	reads=16	bytes=7770	Ok(Stored(Value(Number(Number("5")))))
test-data/poi/test-data/spreadsheet/testSharedFormulasRangeSetBlankBug.xlsx	Sheet1	H680	cell	A-base	reads=7	bytes=3078	Err(Invalid("worksheet mergeCells appears before sheetData"))
test-data/poi/test-data/spreadsheet/testSharedFormulasRangeSetBlankBug.xlsx	Sheet1	H680	cell	B-fix	reads=16	bytes=7770	Ok(Missing)
test-data/poi/test-data/spreadsheet/testSharedFormulasRangeSetBlankBug.xlsx	Sheet1	H680	cell	C-fix+gate	reads=16	bytes=7770	Ok(Missing)
test-data/poi/test-data/spreadsheet/testSharedFormulasRangeSetBlankBug.xlsx	Sheet1	M29	cell	A-base	reads=7	bytes=3078	Err(Invalid("worksheet mergeCells appears before sheetData"))
test-data/poi/test-data/spreadsheet/testSharedFormulasRangeSetBlankBug.xlsx	Sheet1	M29	cell	B-fix	reads=16	bytes=7770	Ok(Missing)
test-data/poi/test-data/spreadsheet/testSharedFormulasRangeSetBlankBug.xlsx	Sheet1	M29	cell	C-fix+gate	reads=16	bytes=7770	Ok(Missing)
test-data/poi/test-data/spreadsheet/testSharedFormulasRangeSetBlankBug.xlsx	Sheet1	Z100	cell	A-base	reads=7	bytes=3078	Err(Invalid("worksheet mergeCells appears before sheetData"))
test-data/poi/test-data/spreadsheet/testSharedFormulasRangeSetBlankBug.xlsx	Sheet1	Z100	cell	B-fix	reads=16	bytes=7770	Ok(Missing)
test-data/poi/test-data/spreadsheet/testSharedFormulasRangeSetBlankBug.xlsx	Sheet1	Z100	cell	C-fix+gate	reads=16	bytes=7770	Ok(Missing)
