reading file "/home/zhuhe/code/litchi/docs/performance/results/change-0794/profile/0-after.heaptrack.zst" - please wait, this might take some time...
Debuggee command was: /home/zhuhe/code/litchi-target-0794/after-profile --mode capture --shape large --samples 1 --warmup 0 --output /home/zhuhe/code/litchi/docs/performance/results/change-0794/profile/0-after.json
finished reading file, now analyzing data:

MOST CALLS TO ALLOCATION FUNCTIONS
10000 calls to allocation functions with 0B peak consumption from
  _RNvXNtNtNtCsjrHSEGnQ3l9_3std3sys5alloc4unixNtNtB8_5alloc6SystemNtNtNtCsgEmfK2I1SDS_4core5alloc6global11GlobalAlloc7realloc
    at /rustc/59807616e1fa2540724bfbac14d7976d7e4a3860/library/std/src/sys/alloc/unix.rs:54
    in /home/zhuhe/code/litchi-target-0794/after-profile
  _RNvCsfLfy6EI15iL_7___rustc13___rdl_realloc
    at /rustc/59807616e1fa2540724bfbac14d7976d7e4a3860/library/std/src/alloc.rs:477
  _RNvNtCslNYArtu3iFV_5alloc5alloc7realloc
    at /rustc/59807616e1fa2540724bfbac14d7976d7e4a3860/library/alloc/src/alloc.rs:135
  _RNvMNtCslNYArtu3iFV_5alloc5allocNtB2_6Global17grow_impl_runtime
    at /rustc/59807616e1fa2540724bfbac14d7976d7e4a3860/library/alloc/src/alloc.rs:239
  _RNvMNtCslNYArtu3iFV_5alloc5allocNtB2_6Global9grow_impl
    at /rustc/59807616e1fa2540724bfbac14d7976d7e4a3860/library/alloc/src/alloc.rs:342
  _RNvXs_NtCslNYArtu3iFV_5alloc5allocNtB4_6GlobalNtNtCsgEmfK2I1SDS_4core5alloc9Allocator4grow
    at /rustc/59807616e1fa2540724bfbac14d7976d7e4a3860/library/alloc/src/alloc.rs:454
  alloc::raw_vec::RawVecInner$LT$A$GT$::finish_grow::h8ff15ce40aadbdf4
    at /rustc/59807616e1fa2540724bfbac14d7976d7e4a3860/library/alloc/src/raw_vec/mod.rs:555
  alloc::raw_vec::RawVecInner$LT$A$GT$::grow_amortized::hbc8ade9e89e33c5f
    at /rustc/59807616e1fa2540724bfbac14d7976d7e4a3860/library/alloc/src/raw_vec/mod.rs:527
    in /home/zhuhe/code/litchi-target-0794/after-profile
  alloc::raw_vec::RawVecInner$LT$A$GT$::reserve::do_reserve_and_handle::h784cf714b219371b
    at /rustc/59807616e1fa2540724bfbac14d7976d7e4a3860/library/alloc/src/raw_vec/mod.rs:666
  alloc::raw_vec::RawVecInner$LT$A$GT$::reserve::h17d7958482d92b3e
    at /rustc/59807616e1fa2540724bfbac14d7976d7e4a3860/library/alloc/src/raw_vec/mod.rs:673
    in /home/zhuhe/code/litchi-target-0794/after-profile
  alloc::raw_vec::RawVec$LT$T$C$A$GT$::reserve::h3e1ea0884a80f804
    at /rustc/59807616e1fa2540724bfbac14d7976d7e4a3860/library/alloc/src/raw_vec/mod.rs:340
  alloc::vec::Vec$LT$T$C$A$GT$::reserve::h70de0091f0045751
    at /rustc/59807616e1fa2540724bfbac14d7976d7e4a3860/library/alloc/src/vec/mod.rs:1446
  alloc::vec::Vec$LT$T$C$A$GT$::append_elements::h61a26185baf27384
    at /rustc/59807616e1fa2540724bfbac14d7976d7e4a3860/library/alloc/src/vec/mod.rs:2879
  _$LT$alloc..vec..Vec$LT$T$C$A$GT$$u20$as$u20$alloc..vec..spec_extend..SpecExtend$LT$$RF$T$C$core..slice..iter..Iter$LT$T$GT$$GT$$GT$::spec_extend::he755268f696fd376
    at /rustc/59807616e1fa2540724bfbac14d7976d7e4a3860/library/alloc/src/vec/spec_extend.rs:56
  alloc::vec::Vec$LT$T$C$A$GT$::extend_from_slice::h955dd7c054c9dd30
    at /rustc/59807616e1fa2540724bfbac14d7976d7e4a3860/library/alloc/src/vec/mod.rs:3500
  _RNvMNtCslNYArtu3iFV_5alloc6stringNtB2_6String8push_str
    at /rustc/59807616e1fa2540724bfbac14d7976d7e4a3860/library/alloc/src/string.rs:1102
  litchi_pptx::writer::shape::MutableShape::to_xml_with_designer::h5a55a8b9fc0d35f5
    at /home/zhuhe/code/litchi/crates/litchi-pptx/src/writer/shape.rs:315
  litchi_pptx::writer::slide::MutableSlide::generate_slide_xml_with::h1ce517fc01d2e41f
    at src/writer/slide.rs:452
    in /home/zhuhe/code/litchi-target-0794/after-profile
  litchi_pptx::package::codec::_$LT$impl$u20$litchi_pptx..package..model..Package$GT$::materialize_presentation::h3df86074ae5b9cff
    at src/package/codec.rs:487
    in /home/zhuhe/code/litchi-target-0794/after-profile
  litchi_pptx::package::codec::_$LT$impl$u20$litchi_pptx..package..model..Package$GT$::flush_presentation::_$u7b$$u7b$closure$u7d$$u7d$::hfb94e2e9c4f25e7a
    at /home/zhuhe/code/litchi/crates/litchi-pptx/src/package/codec.rs:405
  litchi_pptx::package::codec::_$LT$impl$u20$litchi_pptx..package..model..Package$GT$::flush_presentation::h7581c466e9001d12
    at /home/zhuhe/code/litchi/crates/litchi-pptx/src/package/codec.rs:403
  litchi_pptx::package::codec::_$LT$impl$u20$litchi_pptx..package..model..Package$GT$::to_bytes::h8392a9b65728ab72
    at src/package/codec.rs:341
    in /home/zhuhe/code/litchi-target-0794/after-profile
  namespace_uri_probe::build::h7f2fafcec5a0bedf
    at src/main.rs:748
    in /home/zhuhe/code/litchi-target-0794/after-profile
  namespace_uri_probe::run::hdbc690e144543b88
    at /home/zhuhe/code/litchi/docs/performance/results/change-0794/probe-src/src/main.rs:262
  namespace_uri_probe::main::h111c17325c103c7d
    at /home/zhuhe/code/litchi/docs/performance/results/change-0794/probe-src/src/main.rs:247
  core::ops::function::FnOnce::call_once::he47c61c7854c5b96
    at /rustc/59807616e1fa2540724bfbac14d7976d7e4a3860/library/core/src/ops/function.rs:250
    in /home/zhuhe/code/litchi-target-0794/after-profile
  std::sys::backtrace::__rust_begin_short_backtrace::hbbaaf18b7eebb54e
    at /rustc/59807616e1fa2540724bfbac14d7976d7e4a3860/library/std/src/sys/backtrace.rs:166
  std::rt::lang_start::_$u7b$$u7b$closure$u7d$$u7d$::h9d2de9d185a04994
    at /rustc/59807616e1fa2540724bfbac14d7976d7e4a3860/library/std/src/rt.rs:206
    in /home/zhuhe/code/litchi-target-0794/after-profile
  _RNvXs0_NtNtNtCsgEmfK2I1SDS_4core3ops8function5implsRDINtB7_2FnuEp6OutputlNtNtBb_6marker4SyncNtNtNtBb_5panic11unwind_safe13RefUnwindSafeEL_INtB7_6FnOnceuE9call_onceCsjrHSEGnQ3l9_3std
    at library/core/src/ops/function.rs:287
    in /home/zhuhe/code/litchi-target-0794/after-profile
  _RINvNvNtCsjrHSEGnQ3l9_3std9panicking12catch_unwind7do_callRDINtNtNtCsgEmfK2I1SDS_4core3ops8function2FnuEp6OutputlNtNtB13_6marker4SyncNtNtNtB13_5panic11unwind_safe13RefUnwindSafeEL_lEB6_
    at /rustc/59807616e1fa2540724bfbac14d7976d7e4a3860/library/std/src/panicking.rs:581
  _RINvNtCsjrHSEGnQ3l9_3std9panicking12catch_unwindlRDINtNtNtCsgEmfK2I1SDS_4core3ops8function2FnuEp6OutputlNtNtBU_6marker4SyncNtNtNtBU_5panic11unwind_safe13RefUnwindSafeEL_EB4_
    at /rustc/59807616e1fa2540724bfbac14d7976d7e4a3860/library/std/src/panicking.rs:544
  _RINvNtCsjrHSEGnQ3l9_3std5panic12catch_unwindRDINtNtNtCsgEmfK2I1SDS_4core3ops8function2FnuEp6OutputlNtNtBP_6marker4SyncNtNtNtBP_5panic11unwind_safe13RefUnwindSafeEL_lEB4_
    at /rustc/59807616e1fa2540724bfbac14d7976d7e4a3860/library/std/src/panic.rs:359
  _RNCNvNtCsjrHSEGnQ3l9_3std2rt19lang_start_internal0B5_
    at /rustc/59807616e1fa2540724bfbac14d7976d7e4a3860/library/std/src/rt.rs:175
  _RINvNvNtCsjrHSEGnQ3l9_3std9panicking12catch_unwind7do_callNCNvNtB6_2rt19lang_start_internal0iEB6_
    at /rustc/59807616e1fa2540724bfbac14d7976d7e4a3860/library/std/src/panicking.rs:581
  _RINvNtCsjrHSEGnQ3l9_3std9panicking12catch_unwindiNCNvNtB4_2rt19lang_start_internal0EB4_
    at /rustc/59807616e1fa2540724bfbac14d7976d7e4a3860/library/std/src/panicking.rs:544
  _RINvNtCsjrHSEGnQ3l9_3std5panic12catch_unwindNCNvNtB4_2rt19lang_start_internal0iEB4_
    at /rustc/59807616e1fa2540724bfbac14d7976d7e4a3860/library/std/src/panic.rs:359
  _RNvNtCsjrHSEGnQ3l9_3std2rt19lang_start_internal
    at /rustc/59807616e1fa2540724bfbac14d7976d7e4a3860/library/std/src/rt.rs:171
  main
    in /home/zhuhe/code/litchi-target-0794/after-profile

10000 calls to allocation functions with 0B peak consumption from
  _RNvXNtNtNtCsjrHSEGnQ3l9_3std3sys5alloc4unixNtNtB8_5alloc6SystemNtNtNtCsgEmfK2I1SDS_4core5alloc6global11GlobalAlloc5alloc
    at /rustc/59807616e1fa2540724bfbac14d7976d7e4a3860/library/std/src/sys/alloc/unix.rs:14
    in /home/zhuhe/code/litchi-target-0794/after-profile
  _RNvCsfLfy6EI15iL_7___rustc11___rdl_alloc
    at /rustc/59807616e1fa2540724bfbac14d7976d7e4a3860/library/std/src/alloc.rs:455
  _RNvNtCslNYArtu3iFV_5alloc5alloc5alloc
    at /rustc/59807616e1fa2540724bfbac14d7976d7e4a3860/library/alloc/src/alloc.rs:95
  _RNvMNtCslNYArtu3iFV_5alloc5allocNtB2_6Global18alloc_impl_runtime
    at /rustc/59807616e1fa2540724bfbac14d7976d7e4a3860/library/alloc/src/alloc.rs:190
  _RNvMNtCslNYArtu3iFV_5alloc5allocNtB2_6Global10alloc_impl
    at /rustc/59807616e1fa2540724bfbac14d7976d7e4a3860/library/alloc/src/alloc.rs:312
  _RNvXs_NtCslNYArtu3iFV_5alloc5allocNtB4_6GlobalNtNtCsgEmfK2I1SDS_4core5alloc9Allocator8allocate
    at /rustc/59807616e1fa2540724bfbac14d7976d7e4a3860/library/alloc/src/alloc.rs:429
  alloc::raw_vec::RawVecInner$LT$A$GT$::try_allocate_in::h42a172545e78ec7b
    at /rustc/59807616e1fa2540724bfbac14d7976d7e4a3860/library/alloc/src/raw_vec/mod.rs:464
  alloc::raw_vec::RawVecInner$LT$A$GT$::with_capacity_in::hb13cdc34fa846244
    at /rustc/59807616e1fa2540724bfbac14d7976d7e4a3860/library/alloc/src/raw_vec/mod.rs:433
  alloc::raw_vec::RawVec$LT$T$C$A$GT$::with_capacity_in::h7dbe72a89469e719
    at /rustc/59807616e1fa2540724bfbac14d7976d7e4a3860/library/alloc/src/raw_vec/mod.rs:177
  alloc::vec::Vec$LT$T$C$A$GT$::with_capacity_in::h077d043e0a42e75a
    at /rustc/59807616e1fa2540724bfbac14d7976d7e4a3860/library/alloc/src/vec/mod.rs:965
  alloc::vec::Vec$LT$T$GT$::with_capacity::hefcf38383883e7bf
    at /rustc/59807616e1fa2540724bfbac14d7976d7e4a3860/library/alloc/src/vec/mod.rs:524
  _RNvMNtCslNYArtu3iFV_5alloc6stringNtB2_6String13with_capacity
    at /rustc/59807616e1fa2540724bfbac14d7976d7e4a3860/library/alloc/src/string.rs:485
  _RNvXs1H_NtCslNYArtu3iFV_5alloc6stringxNtB6_12SpecToString14spec_to_string
    at /rustc/59807616e1fa2540724bfbac14d7976d7e4a3860/library/alloc/src/string.rs:2961
  _$LT$T$u20$as$u20$alloc..string..ToString$GT$::to_string::h8127248631c8ff71
    at /rustc/59807616e1fa2540724bfbac14d7976d7e4a3860/library/alloc/src/string.rs:2894
    in /home/zhuhe/code/litchi-target-0794/after-profile
  litchi_pptx::writer::shape::MutableShape::to_xml_with_designer::h5a55a8b9fc0d35f5
    at /home/zhuhe/code/litchi/crates/litchi-pptx/src/writer/shape.rs:321
  litchi_pptx::writer::slide::MutableSlide::generate_slide_xml_with::h1ce517fc01d2e41f
    at src/writer/slide.rs:452
    in /home/zhuhe/code/litchi-target-0794/after-profile
  litchi_pptx::package::codec::_$LT$impl$u20$litchi_pptx..package..model..Package$GT$::materialize_presentation::h3df86074ae5b9cff
    at src/package/codec.rs:487
    in /home/zhuhe/code/litchi-target-0794/after-profile
  litchi_pptx::package::codec::_$LT$impl$u20$litchi_pptx..package..model..Package$GT$::flush_presentation::_$u7b$$u7b$closure$u7d$$u7d$::hfb94e2e9c4f25e7a
    at /home/zhuhe/code/litchi/crates/litchi-pptx/src/package/codec.rs:405
  litchi_pptx::package::codec::_$LT$impl$u20$litchi_pptx..package..model..Package$GT$::flush_presentation::h7581c466e9001d12
    at /home/zhuhe/code/litchi/crates/litchi-pptx/src/package/codec.rs:403
  litchi_pptx::package::codec::_$LT$impl$u20$litchi_pptx..package..model..Package$GT$::to_bytes::h8392a9b65728ab72
    at src/package/codec.rs:341
    in /home/zhuhe/code/litchi-target-0794/after-profile
  namespace_uri_probe::build::h7f2fafcec5a0bedf
    at src/main.rs:748
    in /home/zhuhe/code/litchi-target-0794/after-profile
  namespace_uri_probe::run::hdbc690e144543b88
    at /home/zhuhe/code/litchi/docs/performance/results/change-0794/probe-src/src/main.rs:262
  namespace_uri_probe::main::h111c17325c103c7d
    at /home/zhuhe/code/litchi/docs/performance/results/change-0794/probe-src/src/main.rs:247
  core::ops::function::FnOnce::call_once::he47c61c7854c5b96
    at /rustc/59807616e1fa2540724bfbac14d7976d7e4a3860/library/core/src/ops/function.rs:250
    in /home/zhuhe/code/litchi-target-0794/after-profile
  std::sys::backtrace::__rust_begin_short_backtrace::hbbaaf18b7eebb54e
    at /rustc/59807616e1fa2540724bfbac14d7976d7e4a3860/library/std/src/sys/backtrace.rs:166
  std::rt::lang_start::_$u7b$$u7b$closure$u7d$$u7d$::h9d2de9d185a04994
    at /rustc/59807616e1fa2540724bfbac14d7976d7e4a3860/library/std/src/rt.rs:206
    in /home/zhuhe/code/litchi-target-0794/after-profile
  _RNvXs0_NtNtNtCsgEmfK2I1SDS_4core3ops8function5implsRDINtB7_2FnuEp6OutputlNtNtBb_6marker4SyncNtNtNtBb_5panic11unwind_safe13RefUnwindSafeEL_INtB7_6FnOnceuE9call_onceCsjrHSEGnQ3l9_3std
    at library/core/src/ops/function.rs:287
    in /home/zhuhe/code/litchi-target-0794/after-profile
  _RINvNvNtCsjrHSEGnQ3l9_3std9panicking12catch_unwind7do_callRDINtNtNtCsgEmfK2I1SDS_4core3ops8function2FnuEp6OutputlNtNtB13_6marker4SyncNtNtNtB13_5panic11unwind_safe13RefUnwindSafeEL_lEB6_
    at /rustc/59807616e1fa2540724bfbac14d7976d7e4a3860/library/std/src/panicking.rs:581
  _RINvNtCsjrHSEGnQ3l9_3std9panicking12catch_unwindlRDINtNtNtCsgEmfK2I1SDS_4core3ops8function2FnuEp6OutputlNtNtBU_6marker4SyncNtNtNtBU_5panic11unwind_safe13RefUnwindSafeEL_EB4_
    at /rustc/59807616e1fa2540724bfbac14d7976d7e4a3860/library/std/src/panicking.rs:544
  _RINvNtCsjrHSEGnQ3l9_3std5panic12catch_unwindRDINtNtNtCsgEmfK2I1SDS_4core3ops8function2FnuEp6OutputlNtNtBP_6marker4SyncNtNtNtBP_5panic11unwind_safe13RefUnwindSafeEL_lEB4_
    at /rustc/59807616e1fa2540724bfbac14d7976d7e4a3860/library/std/src/panic.rs:359
  _RNCNvNtCsjrHSEGnQ3l9_3std2rt19lang_start_internal0B5_
    at /rustc/59807616e1fa2540724bfbac14d7976d7e4a3860/library/std/src/rt.rs:175
  _RINvNvNtCsjrHSEGnQ3l9_3std9panicking12catch_unwind7do_callNCNvNtB6_2rt19lang_start_internal0iEB6_
    at /rustc/59807616e1fa2540724bfbac14d7976d7e4a3860/library/std/src/panicking.rs:581
  _RINvNtCsjrHSEGnQ3l9_3std9panicking12catch_unwindiNCNvNtB4_2rt19lang_start_internal0EB4_
    at /rustc/59807616e1fa2540724bfbac14d7976d7e4a3860/library/std/src/panicking.rs:544
  _RINvNtCsjrHSEGnQ3l9_3std5panic12catch_unwindNCNvNtB4_2rt19lang_start_internal0iEB4_
    at /rustc/59807616e1fa2540724bfbac14d7976d7e4a3860/library/std/src/panic.rs:359
  _RNvNtCsjrHSEGnQ3l9_3std2rt19lang_start_internal
    at /rustc/59807616e1fa2540724bfbac14d7976d7e4a3860/library/std/src/rt.rs:171
  main
    in /home/zhuhe/code/litchi-target-0794/after-profile

10000 calls to allocation functions with 0B peak consumption from
  _RNvXNtNtNtCsjrHSEGnQ3l9_3std3sys5alloc4unixNtNtB8_5alloc6SystemNtNtNtCsgEmfK2I1SDS_4core5alloc6global11GlobalAlloc5alloc
    at /rustc/59807616e1fa2540724bfbac14d7976d7e4a3860/library/std/src/sys/alloc/unix.rs:14
    in /home/zhuhe/code/litchi-target-0794/after-profile
  _RNvCsfLfy6EI15iL_7___rustc11___rdl_alloc
    at /rustc/59807616e1fa2540724bfbac14d7976d7e4a3860/library/std/src/alloc.rs:455
  _RNvNtCslNYArtu3iFV_5alloc5alloc5alloc
    at /rustc/59807616e1fa2540724bfbac14d7976d7e4a3860/library/alloc/src/alloc.rs:95
  _RNvMNtCslNYArtu3iFV_5alloc5allocNtB2_6Global18alloc_impl_runtime
    at /rustc/59807616e1fa2540724bfbac14d7976d7e4a3860/library/alloc/src/alloc.rs:190
  _RNvMNtCslNYArtu3iFV_5alloc5allocNtB2_6Global10alloc_impl
    at /rustc/59807616e1fa2540724bfbac14d7976d7e4a3860/library/alloc/src/alloc.rs:312
  _RNvXs_NtCslNYArtu3iFV_5alloc5allocNtB4_6GlobalNtNtCsgEmfK2I1SDS_4core5alloc9Allocator8allocate
    at /rustc/59807616e1fa2540724bfbac14d7976d7e4a3860/library/alloc/src/alloc.rs:429
  alloc::raw_vec::RawVecInner$LT$A$GT$::try_allocate_in::h42a172545e78ec7b
    at /rustc/59807616e1fa2540724bfbac14d7976d7e4a3860/library/alloc/src/raw_vec/mod.rs:464
  alloc::raw_vec::RawVecInner$LT$A$GT$::with_capacity_in::hb13cdc34fa846244
    at /rustc/59807616e1fa2540724bfbac14d7976d7e4a3860/library/alloc/src/raw_vec/mod.rs:433
  alloc::raw_vec::RawVec$LT$T$C$A$GT$::with_capacity_in::h7dbe72a89469e719
    at /rustc/59807616e1fa2540724bfbac14d7976d7e4a3860/library/alloc/src/raw_vec/mod.rs:177
  alloc::vec::Vec$LT$T$C$A$GT$::with_capacity_in::h077d043e0a42e75a
    at /rustc/59807616e1fa2540724bfbac14d7976d7e4a3860/library/alloc/src/vec/mod.rs:965
  alloc::vec::Vec$LT$T$GT$::with_capacity::hefcf38383883e7bf
    at /rustc/59807616e1fa2540724bfbac14d7976d7e4a3860/library/alloc/src/vec/mod.rs:524
  _RNvMNtCslNYArtu3iFV_5alloc6stringNtB2_6String13with_capacity
    at /rustc/59807616e1fa2540724bfbac14d7976d7e4a3860/library/alloc/src/string.rs:485
  _RNvXs1H_NtCslNYArtu3iFV_5alloc6stringxNtB6_12SpecToString14spec_to_string
    at /rustc/59807616e1fa2540724bfbac14d7976d7e4a3860/library/alloc/src/string.rs:2961
  _$LT$T$u20$as$u20$alloc..string..ToString$GT$::to_string::h8127248631c8ff71
    at /rustc/59807616e1fa2540724bfbac14d7976d7e4a3860/library/alloc/src/string.rs:2894
    in /home/zhuhe/code/litchi-target-0794/after-profile
  litchi_pptx::writer::shape::MutableShape::to_xml_with_designer::h5a55a8b9fc0d35f5
    at /home/zhuhe/code/litchi/crates/litchi-pptx/src/writer/shape.rs:323
  litchi_pptx::writer::slide::MutableSlide::generate_slide_xml_with::h1ce517fc01d2e41f
    at src/writer/slide.rs:452
    in /home/zhuhe/code/litchi-target-0794/after-profile
  litchi_pptx::package::codec::_$LT$impl$u20$litchi_pptx..package..model..Package$GT$::materialize_presentation::h3df86074ae5b9cff
    at src/package/codec.rs:487
    in /home/zhuhe/code/litchi-target-0794/after-profile
  litchi_pptx::package::codec::_$LT$impl$u20$litchi_pptx..package..model..Package$GT$::flush_presentation::_$u7b$$u7b$closure$u7d$$u7d$::hfb94e2e9c4f25e7a
    at /home/zhuhe/code/litchi/crates/litchi-pptx/src/package/codec.rs:405
  litchi_pptx::package::codec::_$LT$impl$u20$litchi_pptx..package..model..Package$GT$::flush_presentation::h7581c466e9001d12
    at /home/zhuhe/code/litchi/crates/litchi-pptx/src/package/codec.rs:403
  litchi_pptx::package::codec::_$LT$impl$u20$litchi_pptx..package..model..Package$GT$::to_bytes::h8392a9b65728ab72
    at src/package/codec.rs:341
    in /home/zhuhe/code/litchi-target-0794/after-profile
  namespace_uri_probe::build::h7f2fafcec5a0bedf
    at src/main.rs:748
    in /home/zhuhe/code/litchi-target-0794/after-profile
  namespace_uri_probe::run::hdbc690e144543b88
    at /home/zhuhe/code/litchi/docs/performance/results/change-0794/probe-src/src/main.rs:262
  namespace_uri_probe::main::h111c17325c103c7d
    at /home/zhuhe/code/litchi/docs/performance/results/change-0794/probe-src/src/main.rs:247
  core::ops::function::FnOnce::call_once::he47c61c7854c5b96
    at /rustc/59807616e1fa2540724bfbac14d7976d7e4a3860/library/core/src/ops/function.rs:250
    in /home/zhuhe/code/litchi-target-0794/after-profile
  std::sys::backtrace::__rust_begin_short_backtrace::hbbaaf18b7eebb54e
    at /rustc/59807616e1fa2540724bfbac14d7976d7e4a3860/library/std/src/sys/backtrace.rs:166
  std::rt::lang_start::_$u7b$$u7b$closure$u7d$$u7d$::h9d2de9d185a04994
    at /rustc/59807616e1fa2540724bfbac14d7976d7e4a3860/library/std/src/rt.rs:206
    in /home/zhuhe/code/litchi-target-0794/after-profile
  _RNvXs0_NtNtNtCsgEmfK2I1SDS_4core3ops8function5implsRDINtB7_2FnuEp6OutputlNtNtBb_6marker4SyncNtNtNtBb_5panic11unwind_safe13RefUnwindSafeEL_INtB7_6FnOnceuE9call_onceCsjrHSEGnQ3l9_3std
    at library/core/src/ops/function.rs:287
    in /home/zhuhe/code/litchi-target-0794/after-profile
  _RINvNvNtCsjrHSEGnQ3l9_3std9panicking12catch_unwind7do_callRDINtNtNtCsgEmfK2I1SDS_4core3ops8function2FnuEp6OutputlNtNtB13_6marker4SyncNtNtNtB13_5panic11unwind_safe13RefUnwindSafeEL_lEB6_
    at /rustc/59807616e1fa2540724bfbac14d7976d7e4a3860/library/std/src/panicking.rs:581
  _RINvNtCsjrHSEGnQ3l9_3std9panicking12catch_unwindlRDINtNtNtCsgEmfK2I1SDS_4core3ops8function2FnuEp6OutputlNtNtBU_6marker4SyncNtNtNtBU_5panic11unwind_safe13RefUnwindSafeEL_EB4_
    at /rustc/59807616e1fa2540724bfbac14d7976d7e4a3860/library/std/src/panicking.rs:544
  _RINvNtCsjrHSEGnQ3l9_3std5panic12catch_unwindRDINtNtNtCsgEmfK2I1SDS_4core3ops8function2FnuEp6OutputlNtNtBP_6marker4SyncNtNtNtBP_5panic11unwind_safe13RefUnwindSafeEL_lEB4_
    at /rustc/59807616e1fa2540724bfbac14d7976d7e4a3860/library/std/src/panic.rs:359
  _RNCNvNtCsjrHSEGnQ3l9_3std2rt19lang_start_internal0B5_
    at /rustc/59807616e1fa2540724bfbac14d7976d7e4a3860/library/std/src/rt.rs:175
  _RINvNvNtCsjrHSEGnQ3l9_3std9panicking12catch_unwind7do_callNCNvNtB6_2rt19lang_start_internal0iEB6_
    at /rustc/59807616e1fa2540724bfbac14d7976d7e4a3860/library/std/src/panicking.rs:581
  _RINvNtCsjrHSEGnQ3l9_3std9panicking12catch_unwindiNCNvNtB4_2rt19lang_start_internal0EB4_
    at /rustc/59807616e1fa2540724bfbac14d7976d7e4a3860/library/std/src/panicking.rs:544
  _RINvNtCsjrHSEGnQ3l9_3std5panic12catch_unwindNCNvNtB4_2rt19lang_start_internal0iEB4_
    at /rustc/59807616e1fa2540724bfbac14d7976d7e4a3860/library/std/src/panic.rs:359
  _RNvNtCsjrHSEGnQ3l9_3std2rt19lang_start_internal
    at /rustc/59807616e1fa2540724bfbac14d7976d7e4a3860/library/std/src/rt.rs:171
  main
    in /home/zhuhe/code/litchi-target-0794/after-profile

10000 calls to allocation functions with 0B peak consumption from
  _RNvXNtNtNtCsjrHSEGnQ3l9_3std3sys5alloc4unixNtNtB8_5alloc6SystemNtNtNtCsgEmfK2I1SDS_4core5alloc6global11GlobalAlloc5alloc
    at /rustc/59807616e1fa2540724bfbac14d7976d7e4a3860/library/std/src/sys/alloc/unix.rs:14
    in /home/zhuhe/code/litchi-target-0794/after-profile
  _RNvCsfLfy6EI15iL_7___rustc11___rdl_alloc
    at /rustc/59807616e1fa2540724bfbac14d7976d7e4a3860/library/std/src/alloc.rs:455
  _RNvNtCslNYArtu3iFV_5alloc5alloc5alloc
    at /rustc/59807616e1fa2540724bfbac14d7976d7e4a3860/library/alloc/src/alloc.rs:95
  _RNvMNtCslNYArtu3iFV_5alloc5allocNtB2_6Global18alloc_impl_runtime
    at /rustc/59807616e1fa2540724bfbac14d7976d7e4a3860/library/alloc/src/alloc.rs:190
  _RNvMNtCslNYArtu3iFV_5alloc5allocNtB2_6Global10alloc_impl
    at /rustc/59807616e1fa2540724bfbac14d7976d7e4a3860/library/alloc/src/alloc.rs:312
  _RNvXs_NtCslNYArtu3iFV_5alloc5allocNtB4_6GlobalNtNtCsgEmfK2I1SDS_4core5alloc9Allocator8allocate
    at /rustc/59807616e1fa2540724bfbac14d7976d7e4a3860/library/alloc/src/alloc.rs:429
  alloc::raw_vec::RawVecInner$LT$A$GT$::try_allocate_in::h42a172545e78ec7b
    at /rustc/59807616e1fa2540724bfbac14d7976d7e4a3860/library/alloc/src/raw_vec/mod.rs:464
  alloc::raw_vec::RawVecInner$LT$A$GT$::with_capacity_in::hb13cdc34fa846244
    at /rustc/59807616e1fa2540724bfbac14d7976d7e4a3860/library/alloc/src/raw_vec/mod.rs:433
  alloc::raw_vec::RawVec$LT$T$C$A$GT$::with_capacity_in::h7dbe72a89469e719
    at /rustc/59807616e1fa2540724bfbac14d7976d7e4a3860/library/alloc/src/raw_vec/mod.rs:177
  alloc::vec::Vec$LT$T$C$A$GT$::with_capacity_in::h077d043e0a42e75a
    at /rustc/59807616e1fa2540724bfbac14d7976d7e4a3860/library/alloc/src/vec/mod.rs:965
  alloc::vec::Vec$LT$T$GT$::with_capacity::hefcf38383883e7bf
    at /rustc/59807616e1fa2540724bfbac14d7976d7e4a3860/library/alloc/src/vec/mod.rs:524
  _RNvMNtCslNYArtu3iFV_5alloc6stringNtB2_6String13with_capacity
    at /rustc/59807616e1fa2540724bfbac14d7976d7e4a3860/library/alloc/src/string.rs:485
  _RNvXs1H_NtCslNYArtu3iFV_5alloc6stringxNtB6_12SpecToString14spec_to_string
    at /rustc/59807616e1fa2540724bfbac14d7976d7e4a3860/library/alloc/src/string.rs:2961
  _$LT$T$u20$as$u20$alloc..string..ToString$GT$::to_string::h8127248631c8ff71
    at /rustc/59807616e1fa2540724bfbac14d7976d7e4a3860/library/alloc/src/string.rs:2894
    in /home/zhuhe/code/litchi-target-0794/after-profile
  litchi_pptx::writer::shape::MutableShape::to_xml_with_designer::h5a55a8b9fc0d35f5
    at /home/zhuhe/code/litchi/crates/litchi-pptx/src/writer/shape.rs:325
  litchi_pptx::writer::slide::MutableSlide::generate_slide_xml_with::h1ce517fc01d2e41f
    at src/writer/slide.rs:452
    in /home/zhuhe/code/litchi-target-0794/after-profile
  litchi_pptx::package::codec::_$LT$impl$u20$litchi_pptx..package..model..Package$GT$::materialize_presentation::h3df86074ae5b9cff
    at src/package/codec.rs:487
    in /home/zhuhe/code/litchi-target-0794/after-profile
  litchi_pptx::package::codec::_$LT$impl$u20$litchi_pptx..package..model..Package$GT$::flush_presentation::_$u7b$$u7b$closure$u7d$$u7d$::hfb94e2e9c4f25e7a
    at /home/zhuhe/code/litchi/crates/litchi-pptx/src/package/codec.rs:405
  litchi_pptx::package::codec::_$LT$impl$u20$litchi_pptx..package..model..Package$GT$::flush_presentation::h7581c466e9001d12
    at /home/zhuhe/code/litchi/crates/litchi-pptx/src/package/codec.rs:403
  litchi_pptx::package::codec::_$LT$impl$u20$litchi_pptx..package..model..Package$GT$::to_bytes::h8392a9b65728ab72
    at src/package/codec.rs:341
    in /home/zhuhe/code/litchi-target-0794/after-profile
  namespace_uri_probe::build::h7f2fafcec5a0bedf
    at src/main.rs:748
    in /home/zhuhe/code/litchi-target-0794/after-profile
  namespace_uri_probe::run::hdbc690e144543b88
    at /home/zhuhe/code/litchi/docs/performance/results/change-0794/probe-src/src/main.rs:262
  namespace_uri_probe::main::h111c17325c103c7d
    at /home/zhuhe/code/litchi/docs/performance/results/change-0794/probe-src/src/main.rs:247
  core::ops::function::FnOnce::call_once::he47c61c7854c5b96
    at /rustc/59807616e1fa2540724bfbac14d7976d7e4a3860/library/core/src/ops/function.rs:250
    in /home/zhuhe/code/litchi-target-0794/after-profile
  std::sys::backtrace::__rust_begin_short_backtrace::hbbaaf18b7eebb54e
    at /rustc/59807616e1fa2540724bfbac14d7976d7e4a3860/library/std/src/sys/backtrace.rs:166
  std::rt::lang_start::_$u7b$$u7b$closure$u7d$$u7d$::h9d2de9d185a04994
    at /rustc/59807616e1fa2540724bfbac14d7976d7e4a3860/library/std/src/rt.rs:206
    in /home/zhuhe/code/litchi-target-0794/after-profile
  _RNvXs0_NtNtNtCsgEmfK2I1SDS_4core3ops8function5implsRDINtB7_2FnuEp6OutputlNtNtBb_6marker4SyncNtNtNtBb_5panic11unwind_safe13RefUnwindSafeEL_INtB7_6FnOnceuE9call_onceCsjrHSEGnQ3l9_3std
    at library/core/src/ops/function.rs:287
    in /home/zhuhe/code/litchi-target-0794/after-profile
  _RINvNvNtCsjrHSEGnQ3l9_3std9panicking12catch_unwind7do_callRDINtNtNtCsgEmfK2I1SDS_4core3ops8function2FnuEp6OutputlNtNtB13_6marker4SyncNtNtNtB13_5panic11unwind_safe13RefUnwindSafeEL_lEB6_
    at /rustc/59807616e1fa2540724bfbac14d7976d7e4a3860/library/std/src/panicking.rs:581
  _RINvNtCsjrHSEGnQ3l9_3std9panicking12catch_unwindlRDINtNtNtCsgEmfK2I1SDS_4core3ops8function2FnuEp6OutputlNtNtBU_6marker4SyncNtNtNtBU_5panic11unwind_safe13RefUnwindSafeEL_EB4_
    at /rustc/59807616e1fa2540724bfbac14d7976d7e4a3860/library/std/src/panicking.rs:544
  _RINvNtCsjrHSEGnQ3l9_3std5panic12catch_unwindRDINtNtNtCsgEmfK2I1SDS_4core3ops8function2FnuEp6OutputlNtNtBP_6marker4SyncNtNtNtBP_5panic11unwind_safe13RefUnwindSafeEL_lEB4_
    at /rustc/59807616e1fa2540724bfbac14d7976d7e4a3860/library/std/src/panic.rs:359
  _RNCNvNtCsjrHSEGnQ3l9_3std2rt19lang_start_internal0B5_
    at /rustc/59807616e1fa2540724bfbac14d7976d7e4a3860/library/std/src/rt.rs:175
  _RINvNvNtCsjrHSEGnQ3l9_3std9panicking12catch_unwind7do_callNCNvNtB6_2rt19lang_start_internal0iEB6_
    at /rustc/59807616e1fa2540724bfbac14d7976d7e4a3860/library/std/src/panicking.rs:581
  _RINvNtCsjrHSEGnQ3l9_3std9panicking12catch_unwindiNCNvNtB4_2rt19lang_start_internal0EB4_
    at /rustc/59807616e1fa2540724bfbac14d7976d7e4a3860/library/std/src/panicking.rs:544
  _RINvNtCsjrHSEGnQ3l9_3std5panic12catch_unwindNCNvNtB4_2rt19lang_start_internal0iEB4_
    at /rustc/59807616e1fa2540724bfbac14d7976d7e4a3860/library/std/src/panic.rs:359
  _RNvNtCsjrHSEGnQ3l9_3std2rt19lang_start_internal
    at /rustc/59807616e1fa2540724bfbac14d7976d7e4a3860/library/std/src/rt.rs:171
  main
    in /home/zhuhe/code/litchi-target-0794/after-profile

10000 calls to allocation functions with 0B peak consumption from
  _RNvXNtNtNtCsjrHSEGnQ3l9_3std3sys5alloc4unixNtNtB8_5alloc6SystemNtNtNtCsgEmfK2I1SDS_4core5alloc6global11GlobalAlloc5alloc
    at /rustc/59807616e1fa2540724bfbac14d7976d7e4a3860/library/std/src/sys/alloc/unix.rs:14
    in /home/zhuhe/code/litchi-target-0794/after-profile
  _RNvCsfLfy6EI15iL_7___rustc11___rdl_alloc
    at /rustc/59807616e1fa2540724bfbac14d7976d7e4a3860/library/std/src/alloc.rs:455
  _RNvNtCslNYArtu3iFV_5alloc5alloc5alloc
    at /rustc/59807616e1fa2540724bfbac14d7976d7e4a3860/library/alloc/src/alloc.rs:95
  _RNvMNtCslNYArtu3iFV_5alloc5allocNtB2_6Global18alloc_impl_runtime
    at /rustc/59807616e1fa2540724bfbac14d7976d7e4a3860/library/alloc/src/alloc.rs:190
  _RNvMNtCslNYArtu3iFV_5alloc5allocNtB2_6Global10alloc_impl
    at /rustc/59807616e1fa2540724bfbac14d7976d7e4a3860/library/alloc/src/alloc.rs:312
  _RNvXs_NtCslNYArtu3iFV_5alloc5allocNtB4_6GlobalNtNtCsgEmfK2I1SDS_4core5alloc9Allocator8allocate
    at /rustc/59807616e1fa2540724bfbac14d7976d7e4a3860/library/alloc/src/alloc.rs:429
  alloc::raw_vec::RawVecInner$LT$A$GT$::try_allocate_in::h42a172545e78ec7b
    at /rustc/59807616e1fa2540724bfbac14d7976d7e4a3860/library/alloc/src/raw_vec/mod.rs:464
  alloc::raw_vec::RawVecInner$LT$A$GT$::with_capacity_in::hb13cdc34fa846244
    at /rustc/59807616e1fa2540724bfbac14d7976d7e4a3860/library/alloc/src/raw_vec/mod.rs:433
  alloc::raw_vec::RawVec$LT$T$C$A$GT$::with_capacity_in::h7dbe72a89469e719
    at /rustc/59807616e1fa2540724bfbac14d7976d7e4a3860/library/alloc/src/raw_vec/mod.rs:177
  alloc::vec::Vec$LT$T$C$A$GT$::with_capacity_in::h077d043e0a42e75a
    at /rustc/59807616e1fa2540724bfbac14d7976d7e4a3860/library/alloc/src/vec/mod.rs:965
  alloc::vec::Vec$LT$T$GT$::with_capacity::hefcf38383883e7bf
    at /rustc/59807616e1fa2540724bfbac14d7976d7e4a3860/library/alloc/src/vec/mod.rs:524
  _RNvMNtCslNYArtu3iFV_5alloc6stringNtB2_6String13with_capacity
    at /rustc/59807616e1fa2540724bfbac14d7976d7e4a3860/library/alloc/src/string.rs:485
  _RNvXs1H_NtCslNYArtu3iFV_5alloc6stringxNtB6_12SpecToString14spec_to_string
    at /rustc/59807616e1fa2540724bfbac14d7976d7e4a3860/library/alloc/src/string.rs:2961
  _$LT$T$u20$as$u20$alloc..string..ToString$GT$::to_string::h8127248631c8ff71
    at /rustc/59807616e1fa2540724bfbac14d7976d7e4a3860/library/alloc/src/string.rs:2894
    in /home/zhuhe/code/litchi-target-0794/after-profile
  litchi_pptx::writer::shape::MutableShape::to_xml_with_designer::h5a55a8b9fc0d35f5
    at /home/zhuhe/code/litchi/crates/litchi-pptx/src/writer/shape.rs:327
  litchi_pptx::writer::slide::MutableSlide::generate_slide_xml_with::h1ce517fc01d2e41f
    at src/writer/slide.rs:452
    in /home/zhuhe/code/litchi-target-0794/after-profile
  litchi_pptx::package::codec::_$LT$impl$u20$litchi_pptx..package..model..Package$GT$::materialize_presentation::h3df86074ae5b9cff
    at src/package/codec.rs:487
    in /home/zhuhe/code/litchi-target-0794/after-profile
  litchi_pptx::package::codec::_$LT$impl$u20$litchi_pptx..package..model..Package$GT$::flush_presentation::_$u7b$$u7b$closure$u7d$$u7d$::hfb94e2e9c4f25e7a
    at /home/zhuhe/code/litchi/crates/litchi-pptx/src/package/codec.rs:405
  litchi_pptx::package::codec::_$LT$impl$u20$litchi_pptx..package..model..Package$GT$::flush_presentation::h7581c466e9001d12
    at /home/zhuhe/code/litchi/crates/litchi-pptx/src/package/codec.rs:403
  litchi_pptx::package::codec::_$LT$impl$u20$litchi_pptx..package..model..Package$GT$::to_bytes::h8392a9b65728ab72
    at src/package/codec.rs:341
    in /home/zhuhe/code/litchi-target-0794/after-profile
  namespace_uri_probe::build::h7f2fafcec5a0bedf
    at src/main.rs:748
    in /home/zhuhe/code/litchi-target-0794/after-profile
  namespace_uri_probe::run::hdbc690e144543b88
    at /home/zhuhe/code/litchi/docs/performance/results/change-0794/probe-src/src/main.rs:262
  namespace_uri_probe::main::h111c17325c103c7d
    at /home/zhuhe/code/litchi/docs/performance/results/change-0794/probe-src/src/main.rs:247
  core::ops::function::FnOnce::call_once::he47c61c7854c5b96
    at /rustc/59807616e1fa2540724bfbac14d7976d7e4a3860/library/core/src/ops/function.rs:250
    in /home/zhuhe/code/litchi-target-0794/after-profile
  std::sys::backtrace::__rust_begin_short_backtrace::hbbaaf18b7eebb54e
    at /rustc/59807616e1fa2540724bfbac14d7976d7e4a3860/library/std/src/sys/backtrace.rs:166
  std::rt::lang_start::_$u7b$$u7b$closure$u7d$$u7d$::h9d2de9d185a04994
    at /rustc/59807616e1fa2540724bfbac14d7976d7e4a3860/library/std/src/rt.rs:206
    in /home/zhuhe/code/litchi-target-0794/after-profile
  _RNvXs0_NtNtNtCsgEmfK2I1SDS_4core3ops8function5implsRDINtB7_2FnuEp6OutputlNtNtBb_6marker4SyncNtNtNtBb_5panic11unwind_safe13RefUnwindSafeEL_INtB7_6FnOnceuE9call_onceCsjrHSEGnQ3l9_3std
    at library/core/src/ops/function.rs:287
    in /home/zhuhe/code/litchi-target-0794/after-profile
  _RINvNvNtCsjrHSEGnQ3l9_3std9panicking12catch_unwind7do_callRDINtNtNtCsgEmfK2I1SDS_4core3ops8function2FnuEp6OutputlNtNtB13_6marker4SyncNtNtNtB13_5panic11unwind_safe13RefUnwindSafeEL_lEB6_
    at /rustc/59807616e1fa2540724bfbac14d7976d7e4a3860/library/std/src/panicking.rs:581
  _RINvNtCsjrHSEGnQ3l9_3std9panicking12catch_unwindlRDINtNtNtCsgEmfK2I1SDS_4core3ops8function2FnuEp6OutputlNtNtBU_6marker4SyncNtNtNtBU_5panic11unwind_safe13RefUnwindSafeEL_EB4_
    at /rustc/59807616e1fa2540724bfbac14d7976d7e4a3860/library/std/src/panicking.rs:544
  _RINvNtCsjrHSEGnQ3l9_3std5panic12catch_unwindRDINtNtNtCsgEmfK2I1SDS_4core3ops8function2FnuEp6OutputlNtNtBP_6marker4SyncNtNtNtBP_5panic11unwind_safe13RefUnwindSafeEL_lEB4_
    at /rustc/59807616e1fa2540724bfbac14d7976d7e4a3860/library/std/src/panic.rs:359
  _RNCNvNtCsjrHSEGnQ3l9_3std2rt19lang_start_internal0B5_
    at /rustc/59807616e1fa2540724bfbac14d7976d7e4a3860/library/std/src/rt.rs:175
  _RINvNvNtCsjrHSEGnQ3l9_3std9panicking12catch_unwind7do_callNCNvNtB6_2rt19lang_start_internal0iEB6_
    at /rustc/59807616e1fa2540724bfbac14d7976d7e4a3860/library/std/src/panicking.rs:581
  _RINvNtCsjrHSEGnQ3l9_3std9panicking12catch_unwindiNCNvNtB4_2rt19lang_start_internal0EB4_
    at /rustc/59807616e1fa2540724bfbac14d7976d7e4a3860/library/std/src/panicking.rs:544
  _RINvNtCsjrHSEGnQ3l9_3std5panic12catch_unwindNCNvNtB4_2rt19lang_start_internal0iEB4_
    at /rustc/59807616e1fa2540724bfbac14d7976d7e4a3860/library/std/src/panic.rs:359
  _RNvNtCsjrHSEGnQ3l9_3std2rt19lang_start_internal
    at /rustc/59807616e1fa2540724bfbac14d7976d7e4a3860/library/std/src/rt.rs:171
  main
    in /home/zhuhe/code/litchi-target-0794/after-profile

10000 calls to allocation functions with 0B peak consumption from
  _RNvXNtNtNtCsjrHSEGnQ3l9_3std3sys5alloc4unixNtNtB8_5alloc6SystemNtNtNtCsgEmfK2I1SDS_4core5alloc6global11GlobalAlloc7realloc
    at /rustc/59807616e1fa2540724bfbac14d7976d7e4a3860/library/std/src/sys/alloc/unix.rs:54
    in /home/zhuhe/code/litchi-target-0794/after-profile
  _RNvCsfLfy6EI15iL_7___rustc13___rdl_realloc
    at /rustc/59807616e1fa2540724bfbac14d7976d7e4a3860/library/std/src/alloc.rs:477
  _RNvNtCslNYArtu3iFV_5alloc5alloc7realloc
    at /rustc/59807616e1fa2540724bfbac14d7976d7e4a3860/library/alloc/src/alloc.rs:135
  _RNvMNtCslNYArtu3iFV_5alloc5allocNtB2_6Global17grow_impl_runtime
    at /rustc/59807616e1fa2540724bfbac14d7976d7e4a3860/library/alloc/src/alloc.rs:239
  _RNvMNtCslNYArtu3iFV_5alloc5allocNtB2_6Global9grow_impl
    at /rustc/59807616e1fa2540724bfbac14d7976d7e4a3860/library/alloc/src/alloc.rs:342
  _RNvXs_NtCslNYArtu3iFV_5alloc5allocNtB4_6GlobalNtNtCsgEmfK2I1SDS_4core5alloc9Allocator4grow
    at /rustc/59807616e1fa2540724bfbac14d7976d7e4a3860/library/alloc/src/alloc.rs:454
  alloc::raw_vec::RawVecInner$LT$A$GT$::finish_grow::h8ff15ce40aadbdf4
    at /rustc/59807616e1fa2540724bfbac14d7976d7e4a3860/library/alloc/src/raw_vec/mod.rs:555
  alloc::raw_vec::RawVecInner$LT$A$GT$::grow_amortized::hbc8ade9e89e33c5f
    at /rustc/59807616e1fa2540724bfbac14d7976d7e4a3860/library/alloc/src/raw_vec/mod.rs:527
    in /home/zhuhe/code/litchi-target-0794/after-profile
  alloc::raw_vec::RawVecInner$LT$A$GT$::reserve::do_reserve_and_handle::h784cf714b219371b
    at /rustc/59807616e1fa2540724bfbac14d7976d7e4a3860/library/alloc/src/raw_vec/mod.rs:666
  alloc::raw_vec::RawVecInner$LT$A$GT$::reserve::h17d7958482d92b3e
    at /rustc/59807616e1fa2540724bfbac14d7976d7e4a3860/library/alloc/src/raw_vec/mod.rs:673
    in /home/zhuhe/code/litchi-target-0794/after-profile
  alloc::raw_vec::RawVec$LT$T$C$A$GT$::reserve::h3e1ea0884a80f804
    at /rustc/59807616e1fa2540724bfbac14d7976d7e4a3860/library/alloc/src/raw_vec/mod.rs:340
  alloc::vec::Vec$LT$T$C$A$GT$::reserve::h70de0091f0045751
    at /rustc/59807616e1fa2540724bfbac14d7976d7e4a3860/library/alloc/src/vec/mod.rs:1446
  alloc::vec::Vec$LT$T$C$A$GT$::append_elements::h61a26185baf27384
    at /rustc/59807616e1fa2540724bfbac14d7976d7e4a3860/library/alloc/src/vec/mod.rs:2879
  _$LT$alloc..vec..Vec$LT$T$C$A$GT$$u20$as$u20$alloc..vec..spec_extend..SpecExtend$LT$$RF$T$C$core..slice..iter..Iter$LT$T$GT$$GT$$GT$::spec_extend::he755268f696fd376
    at /rustc/59807616e1fa2540724bfbac14d7976d7e4a3860/library/alloc/src/vec/spec_extend.rs:56
  alloc::vec::Vec$LT$T$C$A$GT$::extend_from_slice::h955dd7c054c9dd30
    at /rustc/59807616e1fa2540724bfbac14d7976d7e4a3860/library/alloc/src/vec/mod.rs:3500
  _RNvMNtCslNYArtu3iFV_5alloc6stringNtB2_6String8push_str
    at /rustc/59807616e1fa2540724bfbac14d7976d7e4a3860/library/alloc/src/string.rs:1102
  litchi_pptx::writer::shape::MutableShape::to_xml_with_designer::h5a55a8b9fc0d35f5
    at /home/zhuhe/code/litchi/crates/litchi-pptx/src/writer/shape.rs:331
  litchi_pptx::writer::slide::MutableSlide::generate_slide_xml_with::h1ce517fc01d2e41f
    at src/writer/slide.rs:452
    in /home/zhuhe/code/litchi-target-0794/after-profile
  litchi_pptx::package::codec::_$LT$impl$u20$litchi_pptx..package..model..Package$GT$::materialize_presentation::h3df86074ae5b9cff
    at src/package/codec.rs:487
    in /home/zhuhe/code/litchi-target-0794/after-profile
  litchi_pptx::package::codec::_$LT$impl$u20$litchi_pptx..package..model..Package$GT$::flush_presentation::_$u7b$$u7b$closure$u7d$$u7d$::hfb94e2e9c4f25e7a
    at /home/zhuhe/code/litchi/crates/litchi-pptx/src/package/codec.rs:405
  litchi_pptx::package::codec::_$LT$impl$u20$litchi_pptx..package..model..Package$GT$::flush_presentation::h7581c466e9001d12
    at /home/zhuhe/code/litchi/crates/litchi-pptx/src/package/codec.rs:403
  litchi_pptx::package::codec::_$LT$impl$u20$litchi_pptx..package..model..Package$GT$::to_bytes::h8392a9b65728ab72
    at src/package/codec.rs:341
    in /home/zhuhe/code/litchi-target-0794/after-profile
  namespace_uri_probe::build::h7f2fafcec5a0bedf
    at src/main.rs:748
    in /home/zhuhe/code/litchi-target-0794/after-profile
  namespace_uri_probe::run::hdbc690e144543b88
    at /home/zhuhe/code/litchi/docs/performance/results/change-0794/probe-src/src/main.rs:262
  namespace_uri_probe::main::h111c17325c103c7d
    at /home/zhuhe/code/litchi/docs/performance/results/change-0794/probe-src/src/main.rs:247
  core::ops::function::FnOnce::call_once::he47c61c7854c5b96
    at /rustc/59807616e1fa2540724bfbac14d7976d7e4a3860/library/core/src/ops/function.rs:250
    in /home/zhuhe/code/litchi-target-0794/after-profile
  std::sys::backtrace::__rust_begin_short_backtrace::hbbaaf18b7eebb54e
    at /rustc/59807616e1fa2540724bfbac14d7976d7e4a3860/library/std/src/sys/backtrace.rs:166
  std::rt::lang_start::_$u7b$$u7b$closure$u7d$$u7d$::h9d2de9d185a04994
    at /rustc/59807616e1fa2540724bfbac14d7976d7e4a3860/library/std/src/rt.rs:206
    in /home/zhuhe/code/litchi-target-0794/after-profile
  _RNvXs0_NtNtNtCsgEmfK2I1SDS_4core3ops8function5implsRDINtB7_2FnuEp6OutputlNtNtBb_6marker4SyncNtNtNtBb_5panic11unwind_safe13RefUnwindSafeEL_INtB7_6FnOnceuE9call_onceCsjrHSEGnQ3l9_3std
    at library/core/src/ops/function.rs:287
    in /home/zhuhe/code/litchi-target-0794/after-profile
  _RINvNvNtCsjrHSEGnQ3l9_3std9panicking12catch_unwind7do_callRDINtNtNtCsgEmfK2I1SDS_4core3ops8function2FnuEp6OutputlNtNtB13_6marker4SyncNtNtNtB13_5panic11unwind_safe13RefUnwindSafeEL_lEB6_
    at /rustc/59807616e1fa2540724bfbac14d7976d7e4a3860/library/std/src/panicking.rs:581
  _RINvNtCsjrHSEGnQ3l9_3std9panicking12catch_unwindlRDINtNtNtCsgEmfK2I1SDS_4core3ops8function2FnuEp6OutputlNtNtBU_6marker4SyncNtNtNtBU_5panic11unwind_safe13RefUnwindSafeEL_EB4_
    at /rustc/59807616e1fa2540724bfbac14d7976d7e4a3860/library/std/src/panicking.rs:544
  _RINvNtCsjrHSEGnQ3l9_3std5panic12catch_unwindRDINtNtNtCsgEmfK2I1SDS_4core3ops8function2FnuEp6OutputlNtNtBP_6marker4SyncNtNtNtBP_5panic11unwind_safe13RefUnwindSafeEL_lEB4_
    at /rustc/59807616e1fa2540724bfbac14d7976d7e4a3860/library/std/src/panic.rs:359
  _RNCNvNtCsjrHSEGnQ3l9_3std2rt19lang_start_internal0B5_
    at /rustc/59807616e1fa2540724bfbac14d7976d7e4a3860/library/std/src/rt.rs:175
  _RINvNvNtCsjrHSEGnQ3l9_3std9panicking12catch_unwind7do_callNCNvNtB6_2rt19lang_start_internal0iEB6_
    at /rustc/59807616e1fa2540724bfbac14d7976d7e4a3860/library/std/src/panicking.rs:581
  _RINvNtCsjrHSEGnQ3l9_3std9panicking12catch_unwindiNCNvNtB4_2rt19lang_start_internal0EB4_
    at /rustc/59807616e1fa2540724bfbac14d7976d7e4a3860/library/std/src/panicking.rs:544
  _RINvNtCsjrHSEGnQ3l9_3std5panic12catch_unwindNCNvNtB4_2rt19lang_start_internal0iEB4_
    at /rustc/59807616e1fa2540724bfbac14d7976d7e4a3860/library/std/src/panic.rs:359
  _RNvNtCsjrHSEGnQ3l9_3std2rt19lang_start_internal
    at /rustc/59807616e1fa2540724bfbac14d7976d7e4a3860/library/std/src/rt.rs:171
  main
    in /home/zhuhe/code/litchi-target-0794/after-profile

10000 calls to allocation functions with 0B peak consumption from
  _RNvXNtNtNtCsjrHSEGnQ3l9_3std3sys5alloc4unixNtNtB8_5alloc6SystemNtNtNtCsgEmfK2I1SDS_4core5alloc6global11GlobalAlloc7realloc
    at /rustc/59807616e1fa2540724bfbac14d7976d7e4a3860/library/std/src/sys/alloc/unix.rs:54
    in /home/zhuhe/code/litchi-target-0794/after-profile
  _RNvCsfLfy6EI15iL_7___rustc13___rdl_realloc
    at /rustc/59807616e1fa2540724bfbac14d7976d7e4a3860/library/std/src/alloc.rs:477
  _RNvNtCslNYArtu3iFV_5alloc5alloc7realloc
    at /rustc/59807616e1fa2540724bfbac14d7976d7e4a3860/library/alloc/src/alloc.rs:135
  _RNvMNtCslNYArtu3iFV_5alloc5allocNtB2_6Global17grow_impl_runtime
    at /rustc/59807616e1fa2540724bfbac14d7976d7e4a3860/library/alloc/src/alloc.rs:239
  _RNvMNtCslNYArtu3iFV_5alloc5allocNtB2_6Global9grow_impl
    at /rustc/59807616e1fa2540724bfbac14d7976d7e4a3860/library/alloc/src/alloc.rs:342
  _RNvXs_NtCslNYArtu3iFV_5alloc5allocNtB4_6GlobalNtNtCsgEmfK2I1SDS_4core5alloc9Allocator4grow
    at /rustc/59807616e1fa2540724bfbac14d7976d7e4a3860/library/alloc/src/alloc.rs:454
  alloc::raw_vec::RawVecInner$LT$A$GT$::finish_grow::h8ff15ce40aadbdf4
    at /rustc/59807616e1fa2540724bfbac14d7976d7e4a3860/library/alloc/src/raw_vec/mod.rs:555
  alloc::raw_vec::RawVecInner$LT$A$GT$::grow_amortized::hbc8ade9e89e33c5f
    at /rustc/59807616e1fa2540724bfbac14d7976d7e4a3860/library/alloc/src/raw_vec/mod.rs:527
    in /home/zhuhe/code/litchi-target-0794/after-profile
  alloc::raw_vec::RawVecInner$LT$A$GT$::reserve::do_reserve_and_handle::h784cf714b219371b
    at /rustc/59807616e1fa2540724bfbac14d7976d7e4a3860/library/alloc/src/raw_vec/mod.rs:666
  alloc::raw_vec::RawVecInner$LT$A$GT$::reserve::h17d7958482d92b3e
    at /rustc/59807616e1fa2540724bfbac14d7976d7e4a3860/library/alloc/src/raw_vec/mod.rs:673
    in /home/zhuhe/code/litchi-target-0794/after-profile
  alloc::raw_vec::RawVec$LT$T$C$A$GT$::reserve::h3e1ea0884a80f804
    at /rustc/59807616e1fa2540724bfbac14d7976d7e4a3860/library/alloc/src/raw_vec/mod.rs:340
  alloc::vec::Vec$LT$T$C$A$GT$::reserve::h70de0091f0045751
    at /rustc/59807616e1fa2540724bfbac14d7976d7e4a3860/library/alloc/src/vec/mod.rs:1446
  alloc::vec::Vec$LT$T$C$A$GT$::append_elements::h61a26185baf27384
    at /rustc/59807616e1fa2540724bfbac14d7976d7e4a3860/library/alloc/src/vec/mod.rs:2879
  _$LT$alloc..vec..Vec$LT$T$C$A$GT$$u20$as$u20$alloc..vec..spec_extend..SpecExtend$LT$$RF$T$C$core..slice..iter..Iter$LT$T$GT$$GT$$GT$::spec_extend::he755268f696fd376
    at /rustc/59807616e1fa2540724bfbac14d7976d7e4a3860/library/alloc/src/vec/spec_extend.rs:56
  alloc::vec::Vec$LT$T$C$A$GT$::extend_from_slice::h955dd7c054c9dd30
    at /rustc/59807616e1fa2540724bfbac14d7976d7e4a3860/library/alloc/src/vec/mod.rs:3500
  _RNvMNtCslNYArtu3iFV_5alloc6stringNtB2_6String8push_str
    at /rustc/59807616e1fa2540724bfbac14d7976d7e4a3860/library/alloc/src/string.rs:1102
  litchi_pptx::writer::shape::MutableShape::to_xml_with_designer::h5a55a8b9fc0d35f5
    at /home/zhuhe/code/litchi/crates/litchi-pptx/src/writer/shape.rs:317
  litchi_pptx::writer::slide::MutableSlide::generate_slide_xml_with::h1ce517fc01d2e41f
    at src/writer/slide.rs:452
    in /home/zhuhe/code/litchi-target-0794/after-profile
  litchi_pptx::package::codec::_$LT$impl$u20$litchi_pptx..package..model..Package$GT$::materialize_presentation::h3df86074ae5b9cff
    at src/package/codec.rs:487
    in /home/zhuhe/code/litchi-target-0794/after-profile
  litchi_pptx::package::codec::_$LT$impl$u20$litchi_pptx..package..model..Package$GT$::flush_presentation::_$u7b$$u7b$closure$u7d$$u7d$::hfb94e2e9c4f25e7a
    at /home/zhuhe/code/litchi/crates/litchi-pptx/src/package/codec.rs:405
  litchi_pptx::package::codec::_$LT$impl$u20$litchi_pptx..package..model..Package$GT$::flush_presentation::h7581c466e9001d12
    at /home/zhuhe/code/litchi/crates/litchi-pptx/src/package/codec.rs:403
  litchi_pptx::package::codec::_$LT$impl$u20$litchi_pptx..package..model..Package$GT$::to_bytes::h8392a9b65728ab72
    at src/package/codec.rs:341
    in /home/zhuhe/code/litchi-target-0794/after-profile
  namespace_uri_probe::build::h7f2fafcec5a0bedf
    at src/main.rs:748
    in /home/zhuhe/code/litchi-target-0794/after-profile
  namespace_uri_probe::run::hdbc690e144543b88
    at /home/zhuhe/code/litchi/docs/performance/results/change-0794/probe-src/src/main.rs:262
  namespace_uri_probe::main::h111c17325c103c7d
    at /home/zhuhe/code/litchi/docs/performance/results/change-0794/probe-src/src/main.rs:247
  core::ops::function::FnOnce::call_once::he47c61c7854c5b96
    at /rustc/59807616e1fa2540724bfbac14d7976d7e4a3860/library/core/src/ops/function.rs:250
    in /home/zhuhe/code/litchi-target-0794/after-profile
  std::sys::backtrace::__rust_begin_short_backtrace::hbbaaf18b7eebb54e
    at /rustc/59807616e1fa2540724bfbac14d7976d7e4a3860/library/std/src/sys/backtrace.rs:166
  std::rt::lang_start::_$u7b$$u7b$closure$u7d$$u7d$::h9d2de9d185a04994
    at /rustc/59807616e1fa2540724bfbac14d7976d7e4a3860/library/std/src/rt.rs:206
    in /home/zhuhe/code/litchi-target-0794/after-profile
  _RNvXs0_NtNtNtCsgEmfK2I1SDS_4core3ops8function5implsRDINtB7_2FnuEp6OutputlNtNtBb_6marker4SyncNtNtNtBb_5panic11unwind_safe13RefUnwindSafeEL_INtB7_6FnOnceuE9call_onceCsjrHSEGnQ3l9_3std
    at library/core/src/ops/function.rs:287
    in /home/zhuhe/code/litchi-target-0794/after-profile
  _RINvNvNtCsjrHSEGnQ3l9_3std9panicking12catch_unwind7do_callRDINtNtNtCsgEmfK2I1SDS_4core3ops8function2FnuEp6OutputlNtNtB13_6marker4SyncNtNtNtB13_5panic11unwind_safe13RefUnwindSafeEL_lEB6_
    at /rustc/59807616e1fa2540724bfbac14d7976d7e4a3860/library/std/src/panicking.rs:581
  _RINvNtCsjrHSEGnQ3l9_3std9panicking12catch_unwindlRDINtNtNtCsgEmfK2I1SDS_4core3ops8function2FnuEp6OutputlNtNtBU_6marker4SyncNtNtNtBU_5panic11unwind_safe13RefUnwindSafeEL_EB4_
    at /rustc/59807616e1fa2540724bfbac14d7976d7e4a3860/library/std/src/panicking.rs:544
  _RINvNtCsjrHSEGnQ3l9_3std5panic12catch_unwindRDINtNtNtCsgEmfK2I1SDS_4core3ops8function2FnuEp6OutputlNtNtBP_6marker4SyncNtNtNtBP_5panic11unwind_safe13RefUnwindSafeEL_lEB4_
    at /rustc/59807616e1fa2540724bfbac14d7976d7e4a3860/library/std/src/panic.rs:359
  _RNCNvNtCsjrHSEGnQ3l9_3std2rt19lang_start_internal0B5_
    at /rustc/59807616e1fa2540724bfbac14d7976d7e4a3860/library/std/src/rt.rs:175
  _RINvNvNtCsjrHSEGnQ3l9_3std9panicking12catch_unwind7do_callNCNvNtB6_2rt19lang_start_internal0iEB6_
    at /rustc/59807616e1fa2540724bfbac14d7976d7e4a3860/library/std/src/panicking.rs:581
  _RINvNtCsjrHSEGnQ3l9_3std9panicking12catch_unwindiNCNvNtB4_2rt19lang_start_internal0EB4_
    at /rustc/59807616e1fa2540724bfbac14d7976d7e4a3860/library/std/src/panicking.rs:544
  _RINvNtCsjrHSEGnQ3l9_3std5panic12catch_unwindNCNvNtB4_2rt19lang_start_internal0iEB4_
    at /rustc/59807616e1fa2540724bfbac14d7976d7e4a3860/library/std/src/panic.rs:359
  _RNvNtCsjrHSEGnQ3l9_3std2rt19lang_start_internal
    at /rustc/59807616e1fa2540724bfbac14d7976d7e4a3860/library/std/src/rt.rs:171
  main
    in /home/zhuhe/code/litchi-target-0794/after-profile

10000 calls to allocation functions with 0B peak consumption from
  _RNvXNtNtNtCsjrHSEGnQ3l9_3std3sys5alloc4unixNtNtB8_5alloc6SystemNtNtNtCsgEmfK2I1SDS_4core5alloc6global11GlobalAlloc5alloc
    at /rustc/59807616e1fa2540724bfbac14d7976d7e4a3860/library/std/src/sys/alloc/unix.rs:14
    in /home/zhuhe/code/litchi-target-0794/after-profile
  _RNvCsfLfy6EI15iL_7___rustc11___rdl_alloc
    at /rustc/59807616e1fa2540724bfbac14d7976d7e4a3860/library/std/src/alloc.rs:455
  _RNvNtCslNYArtu3iFV_5alloc5alloc5alloc
    at /rustc/59807616e1fa2540724bfbac14d7976d7e4a3860/library/alloc/src/alloc.rs:95
  _RNvMNtCslNYArtu3iFV_5alloc5allocNtB2_6Global18alloc_impl_runtime
    at /rustc/59807616e1fa2540724bfbac14d7976d7e4a3860/library/alloc/src/alloc.rs:190
  _RNvMNtCslNYArtu3iFV_5alloc5allocNtB2_6Global10alloc_impl
    at /rustc/59807616e1fa2540724bfbac14d7976d7e4a3860/library/alloc/src/alloc.rs:312
  _RNvXs_NtCslNYArtu3iFV_5alloc5allocNtB4_6GlobalNtNtCsgEmfK2I1SDS_4core5alloc9Allocator8allocate
    at /rustc/59807616e1fa2540724bfbac14d7976d7e4a3860/library/alloc/src/alloc.rs:429
  alloc::raw_vec::RawVecInner$LT$A$GT$::try_allocate_in::h42a172545e78ec7b
    at /rustc/59807616e1fa2540724bfbac14d7976d7e4a3860/library/alloc/src/raw_vec/mod.rs:464
  alloc::raw_vec::RawVecInner$LT$A$GT$::with_capacity_in::hb13cdc34fa846244
    at /rustc/59807616e1fa2540724bfbac14d7976d7e4a3860/library/alloc/src/raw_vec/mod.rs:433
  alloc::raw_vec::RawVec$LT$T$C$A$GT$::with_capacity_in::h7dbe72a89469e719
    at /rustc/59807616e1fa2540724bfbac14d7976d7e4a3860/library/alloc/src/raw_vec/mod.rs:177
  alloc::vec::Vec$LT$T$C$A$GT$::with_capacity_in::h077d043e0a42e75a
    at /rustc/59807616e1fa2540724bfbac14d7976d7e4a3860/library/alloc/src/vec/mod.rs:965
  alloc::vec::Vec$LT$T$GT$::with_capacity::hefcf38383883e7bf
    at /rustc/59807616e1fa2540724bfbac14d7976d7e4a3860/library/alloc/src/vec/mod.rs:524
  _RNvMNtCslNYArtu3iFV_5alloc6stringNtB2_6String13with_capacity
    at /rustc/59807616e1fa2540724bfbac14d7976d7e4a3860/library/alloc/src/string.rs:485
  litchi_pptx::writer::shape::escape_xml::h9d5b813b459b709f
    at /home/zhuhe/code/litchi/crates/litchi-pptx/src/writer/shape.rs:498
  litchi_pptx::writer::shape::MutableShape::to_xml_with_designer::h5a55a8b9fc0d35f5
    at src/writer/shape.rs:358
    in /home/zhuhe/code/litchi-target-0794/after-profile
  litchi_pptx::writer::slide::MutableSlide::generate_slide_xml_with::h1ce517fc01d2e41f
    at src/writer/slide.rs:452
    in /home/zhuhe/code/litchi-target-0794/after-profile
  litchi_pptx::package::codec::_$LT$impl$u20$litchi_pptx..package..model..Package$GT$::materialize_presentation::h3df86074ae5b9cff
    at src/package/codec.rs:487
    in /home/zhuhe/code/litchi-target-0794/after-profile
  litchi_pptx::package::codec::_$LT$impl$u20$litchi_pptx..package..model..Package$GT$::flush_presentation::_$u7b$$u7b$closure$u7d$$u7d$::hfb94e2e9c4f25e7a
    at /home/zhuhe/code/litchi/crates/litchi-pptx/src/package/codec.rs:405
  litchi_pptx::package::codec::_$LT$impl$u20$litchi_pptx..package..model..Package$GT$::flush_presentation::h7581c466e9001d12
    at /home/zhuhe/code/litchi/crates/litchi-pptx/src/package/codec.rs:403
  litchi_pptx::package::codec::_$LT$impl$u20$litchi_pptx..package..model..Package$GT$::to_bytes::h8392a9b65728ab72
    at src/package/codec.rs:341
    in /home/zhuhe/code/litchi-target-0794/after-profile
  namespace_uri_probe::build::h7f2fafcec5a0bedf
    at src/main.rs:748
    in /home/zhuhe/code/litchi-target-0794/after-profile
  namespace_uri_probe::run::hdbc690e144543b88
    at /home/zhuhe/code/litchi/docs/performance/results/change-0794/probe-src/src/main.rs:262
  namespace_uri_probe::main::h111c17325c103c7d
    at /home/zhuhe/code/litchi/docs/performance/results/change-0794/probe-src/src/main.rs:247
  core::ops::function::FnOnce::call_once::he47c61c7854c5b96
    at /rustc/59807616e1fa2540724bfbac14d7976d7e4a3860/library/core/src/ops/function.rs:250
    in /home/zhuhe/code/litchi-target-0794/after-profile
  std::sys::backtrace::__rust_begin_short_backtrace::hbbaaf18b7eebb54e
    at /rustc/59807616e1fa2540724bfbac14d7976d7e4a3860/library/std/src/sys/backtrace.rs:166
  std::rt::lang_start::_$u7b$$u7b$closure$u7d$$u7d$::h9d2de9d185a04994
    at /rustc/59807616e1fa2540724bfbac14d7976d7e4a3860/library/std/src/rt.rs:206
    in /home/zhuhe/code/litchi-target-0794/after-profile
  _RNvXs0_NtNtNtCsgEmfK2I1SDS_4core3ops8function5implsRDINtB7_2FnuEp6OutputlNtNtBb_6marker4SyncNtNtNtBb_5panic11unwind_safe13RefUnwindSafeEL_INtB7_6FnOnceuE9call_onceCsjrHSEGnQ3l9_3std
    at library/core/src/ops/function.rs:287
    in /home/zhuhe/code/litchi-target-0794/after-profile
  _RINvNvNtCsjrHSEGnQ3l9_3std9panicking12catch_unwind7do_callRDINtNtNtCsgEmfK2I1SDS_4core3ops8function2FnuEp6OutputlNtNtB13_6marker4SyncNtNtNtB13_5panic11unwind_safe13RefUnwindSafeEL_lEB6_
    at /rustc/59807616e1fa2540724bfbac14d7976d7e4a3860/library/std/src/panicking.rs:581
  _RINvNtCsjrHSEGnQ3l9_3std9panicking12catch_unwindlRDINtNtNtCsgEmfK2I1SDS_4core3ops8function2FnuEp6OutputlNtNtBU_6marker4SyncNtNtNtBU_5panic11unwind_safe13RefUnwindSafeEL_EB4_
    at /rustc/59807616e1fa2540724bfbac14d7976d7e4a3860/library/std/src/panicking.rs:544
  _RINvNtCsjrHSEGnQ3l9_3std5panic12catch_unwindRDINtNtNtCsgEmfK2I1SDS_4core3ops8function2FnuEp6OutputlNtNtBP_6marker4SyncNtNtNtBP_5panic11unwind_safe13RefUnwindSafeEL_lEB4_
    at /rustc/59807616e1fa2540724bfbac14d7976d7e4a3860/library/std/src/panic.rs:359
  _RNCNvNtCsjrHSEGnQ3l9_3std2rt19lang_start_internal0B5_
    at /rustc/59807616e1fa2540724bfbac14d7976d7e4a3860/library/std/src/rt.rs:175
  _RINvNvNtCsjrHSEGnQ3l9_3std9panicking12catch_unwind7do_callNCNvNtB6_2rt19lang_start_internal0iEB6_
    at /rustc/59807616e1fa2540724bfbac14d7976d7e4a3860/library/std/src/panicking.rs:581
  _RINvNtCsjrHSEGnQ3l9_3std9panicking12catch_unwindiNCNvNtB4_2rt19lang_start_internal0EB4_
    at /rustc/59807616e1fa2540724bfbac14d7976d7e4a3860/library/std/src/panicking.rs:544
  _RINvNtCsjrHSEGnQ3l9_3std5panic12catch_unwindNCNvNtB4_2rt19lang_start_internal0iEB4_
    at /rustc/59807616e1fa2540724bfbac14d7976d7e4a3860/library/std/src/panic.rs:359
  _RNvNtCsjrHSEGnQ3l9_3std2rt19lang_start_internal
    at /rustc/59807616e1fa2540724bfbac14d7976d7e4a3860/library/std/src/rt.rs:171
  main
    in /home/zhuhe/code/litchi-target-0794/after-profile

10000 calls to allocation functions with 0B peak consumption from
  _RNvXNtNtNtCsjrHSEGnQ3l9_3std3sys5alloc4unixNtNtB8_5alloc6SystemNtNtNtCsgEmfK2I1SDS_4core5alloc6global11GlobalAlloc7realloc
    at /rustc/59807616e1fa2540724bfbac14d7976d7e4a3860/library/std/src/sys/alloc/unix.rs:54
    in /home/zhuhe/code/litchi-target-0794/after-profile
  _RNvCsfLfy6EI15iL_7___rustc13___rdl_realloc
    at /rustc/59807616e1fa2540724bfbac14d7976d7e4a3860/library/std/src/alloc.rs:477
  _RNvNtCslNYArtu3iFV_5alloc5alloc7realloc
    at /rustc/59807616e1fa2540724bfbac14d7976d7e4a3860/library/alloc/src/alloc.rs:135
  _RNvMNtCslNYArtu3iFV_5alloc5allocNtB2_6Global17grow_impl_runtime
    at /rustc/59807616e1fa2540724bfbac14d7976d7e4a3860/library/alloc/src/alloc.rs:239
  _RNvMNtCslNYArtu3iFV_5alloc5allocNtB2_6Global9grow_impl
    at /rustc/59807616e1fa2540724bfbac14d7976d7e4a3860/library/alloc/src/alloc.rs:342
  _RNvXs_NtCslNYArtu3iFV_5alloc5allocNtB4_6GlobalNtNtCsgEmfK2I1SDS_4core5alloc9Allocator4grow
    at /rustc/59807616e1fa2540724bfbac14d7976d7e4a3860/library/alloc/src/alloc.rs:454
  alloc::raw_vec::RawVecInner$LT$A$GT$::finish_grow::h8ff15ce40aadbdf4
    at /rustc/59807616e1fa2540724bfbac14d7976d7e4a3860/library/alloc/src/raw_vec/mod.rs:555
  alloc::raw_vec::RawVecInner$LT$A$GT$::grow_amortized::hbc8ade9e89e33c5f
    at /rustc/59807616e1fa2540724bfbac14d7976d7e4a3860/library/alloc/src/raw_vec/mod.rs:527
    in /home/zhuhe/code/litchi-target-0794/after-profile
  alloc::raw_vec::RawVecInner$LT$A$GT$::reserve::do_reserve_and_handle::h784cf714b219371b
    at /rustc/59807616e1fa2540724bfbac14d7976d7e4a3860/library/alloc/src/raw_vec/mod.rs:666
  alloc::raw_vec::RawVecInner$LT$A$GT$::reserve::h17d7958482d92b3e
    at /rustc/59807616e1fa2540724bfbac14d7976d7e4a3860/library/alloc/src/raw_vec/mod.rs:673
    in /home/zhuhe/code/litchi-target-0794/after-profile
  alloc::raw_vec::RawVec$LT$T$C$A$GT$::reserve::h3e1ea0884a80f804
    at /rustc/59807616e1fa2540724bfbac14d7976d7e4a3860/library/alloc/src/raw_vec/mod.rs:340
  alloc::vec::Vec$LT$T$C$A$GT$::reserve::h70de0091f0045751
    at /rustc/59807616e1fa2540724bfbac14d7976d7e4a3860/library/alloc/src/vec/mod.rs:1446
  alloc::vec::Vec$LT$T$C$A$GT$::append_elements::h61a26185baf27384
    at /rustc/59807616e1fa2540724bfbac14d7976d7e4a3860/library/alloc/src/vec/mod.rs:2879
  _$LT$alloc..vec..Vec$LT$T$C$A$GT$$u20$as$u20$alloc..vec..spec_extend..SpecExtend$LT$$RF$T$C$core..slice..iter..Iter$LT$T$GT$$GT$$GT$::spec_extend::he755268f696fd376
    at /rustc/59807616e1fa2540724bfbac14d7976d7e4a3860/library/alloc/src/vec/spec_extend.rs:56
  alloc::vec::Vec$LT$T$C$A$GT$::extend_from_slice::h955dd7c054c9dd30
    at /rustc/59807616e1fa2540724bfbac14d7976d7e4a3860/library/alloc/src/vec/mod.rs:3500
  _RNvMNtCslNYArtu3iFV_5alloc6stringNtB2_6String8push_str
    at /rustc/59807616e1fa2540724bfbac14d7976d7e4a3860/library/alloc/src/string.rs:1102
  litchi_pptx::writer::shape::MutableShape::to_xml_with_designer::h5a55a8b9fc0d35f5
    at /home/zhuhe/code/litchi/crates/litchi-pptx/src/writer/shape.rs:316
  litchi_pptx::writer::slide::MutableSlide::generate_slide_xml_with::h1ce517fc01d2e41f
    at src/writer/slide.rs:452
    in /home/zhuhe/code/litchi-target-0794/after-profile
  litchi_pptx::package::codec::_$LT$impl$u20$litchi_pptx..package..model..Package$GT$::materialize_presentation::h3df86074ae5b9cff
    at src/package/codec.rs:487
    in /home/zhuhe/code/litchi-target-0794/after-profile
  litchi_pptx::package::codec::_$LT$impl$u20$litchi_pptx..package..model..Package$GT$::flush_presentation::_$u7b$$u7b$closure$u7d$$u7d$::hfb94e2e9c4f25e7a
    at /home/zhuhe/code/litchi/crates/litchi-pptx/src/package/codec.rs:405
  litchi_pptx::package::codec::_$LT$impl$u20$litchi_pptx..package..model..Package$GT$::flush_presentation::h7581c466e9001d12
    at /home/zhuhe/code/litchi/crates/litchi-pptx/src/package/codec.rs:403
  litchi_pptx::package::codec::_$LT$impl$u20$litchi_pptx..package..model..Package$GT$::to_bytes::h8392a9b65728ab72
    at src/package/codec.rs:341
    in /home/zhuhe/code/litchi-target-0794/after-profile
  namespace_uri_probe::build::h7f2fafcec5a0bedf
    at src/main.rs:748
    in /home/zhuhe/code/litchi-target-0794/after-profile
  namespace_uri_probe::run::hdbc690e144543b88
    at /home/zhuhe/code/litchi/docs/performance/results/change-0794/probe-src/src/main.rs:262
  namespace_uri_probe::main::h111c17325c103c7d
    at /home/zhuhe/code/litchi/docs/performance/results/change-0794/probe-src/src/main.rs:247
  core::ops::function::FnOnce::call_once::he47c61c7854c5b96
    at /rustc/59807616e1fa2540724bfbac14d7976d7e4a3860/library/core/src/ops/function.rs:250
    in /home/zhuhe/code/litchi-target-0794/after-profile
  std::sys::backtrace::__rust_begin_short_backtrace::hbbaaf18b7eebb54e
    at /rustc/59807616e1fa2540724bfbac14d7976d7e4a3860/library/std/src/sys/backtrace.rs:166
  std::rt::lang_start::_$u7b$$u7b$closure$u7d$$u7d$::h9d2de9d185a04994
    at /rustc/59807616e1fa2540724bfbac14d7976d7e4a3860/library/std/src/rt.rs:206
    in /home/zhuhe/code/litchi-target-0794/after-profile
  _RNvXs0_NtNtNtCsgEmfK2I1SDS_4core3ops8function5implsRDINtB7_2FnuEp6OutputlNtNtBb_6marker4SyncNtNtNtBb_5panic11unwind_safe13RefUnwindSafeEL_INtB7_6FnOnceuE9call_onceCsjrHSEGnQ3l9_3std
    at library/core/src/ops/function.rs:287
    in /home/zhuhe/code/litchi-target-0794/after-profile
  _RINvNvNtCsjrHSEGnQ3l9_3std9panicking12catch_unwind7do_callRDINtNtNtCsgEmfK2I1SDS_4core3ops8function2FnuEp6OutputlNtNtB13_6marker4SyncNtNtNtB13_5panic11unwind_safe13RefUnwindSafeEL_lEB6_
    at /rustc/59807616e1fa2540724bfbac14d7976d7e4a3860/library/std/src/panicking.rs:581
  _RINvNtCsjrHSEGnQ3l9_3std9panicking12catch_unwindlRDINtNtNtCsgEmfK2I1SDS_4core3ops8function2FnuEp6OutputlNtNtBU_6marker4SyncNtNtNtBU_5panic11unwind_safe13RefUnwindSafeEL_EB4_
    at /rustc/59807616e1fa2540724bfbac14d7976d7e4a3860/library/std/src/panicking.rs:544
  _RINvNtCsjrHSEGnQ3l9_3std5panic12catch_unwindRDINtNtNtCsgEmfK2I1SDS_4core3ops8function2FnuEp6OutputlNtNtBP_6marker4SyncNtNtNtBP_5panic11unwind_safe13RefUnwindSafeEL_lEB4_
    at /rustc/59807616e1fa2540724bfbac14d7976d7e4a3860/library/std/src/panic.rs:359
  _RNCNvNtCsjrHSEGnQ3l9_3std2rt19lang_start_internal0B5_
    at /rustc/59807616e1fa2540724bfbac14d7976d7e4a3860/library/std/src/rt.rs:175
  _RINvNvNtCsjrHSEGnQ3l9_3std9panicking12catch_unwind7do_callNCNvNtB6_2rt19lang_start_internal0iEB6_
    at /rustc/59807616e1fa2540724bfbac14d7976d7e4a3860/library/std/src/panicking.rs:581
  _RINvNtCsjrHSEGnQ3l9_3std9panicking12catch_unwindiNCNvNtB4_2rt19lang_start_internal0EB4_
    at /rustc/59807616e1fa2540724bfbac14d7976d7e4a3860/library/std/src/panicking.rs:544
  _RINvNtCsjrHSEGnQ3l9_3std5panic12catch_unwindNCNvNtB4_2rt19lang_start_internal0iEB4_
    at /rustc/59807616e1fa2540724bfbac14d7976d7e4a3860/library/std/src/panic.rs:359
  _RNvNtCsjrHSEGnQ3l9_3std2rt19lang_start_internal
    at /rustc/59807616e1fa2540724bfbac14d7976d7e4a3860/library/std/src/rt.rs:171
  main
    in /home/zhuhe/code/litchi-target-0794/after-profile

10000 calls to allocation functions with 0B peak consumption from
  _RNvXNtNtNtCsjrHSEGnQ3l9_3std3sys5alloc4unixNtNtB8_5alloc6SystemNtNtNtCsgEmfK2I1SDS_4core5alloc6global11GlobalAlloc5alloc
    at /rustc/59807616e1fa2540724bfbac14d7976d7e4a3860/library/std/src/sys/alloc/unix.rs:14
    in /home/zhuhe/code/litchi-target-0794/after-profile
  _RNvCsfLfy6EI15iL_7___rustc11___rdl_alloc
    at /rustc/59807616e1fa2540724bfbac14d7976d7e4a3860/library/std/src/alloc.rs:455
  _RNvNtCslNYArtu3iFV_5alloc5alloc5alloc
    at /rustc/59807616e1fa2540724bfbac14d7976d7e4a3860/library/alloc/src/alloc.rs:95
  _RNvMNtCslNYArtu3iFV_5alloc5allocNtB2_6Global18alloc_impl_runtime
    at /rustc/59807616e1fa2540724bfbac14d7976d7e4a3860/library/alloc/src/alloc.rs:190
  _RNvMNtCslNYArtu3iFV_5alloc5allocNtB2_6Global10alloc_impl
    at /rustc/59807616e1fa2540724bfbac14d7976d7e4a3860/library/alloc/src/alloc.rs:312
  _RNvXs_NtCslNYArtu3iFV_5alloc5allocNtB4_6GlobalNtNtCsgEmfK2I1SDS_4core5alloc9Allocator8allocate
    at /rustc/59807616e1fa2540724bfbac14d7976d7e4a3860/library/alloc/src/alloc.rs:429
  alloc::raw_vec::RawVecInner$LT$A$GT$::try_allocate_in::h42a172545e78ec7b
    at /rustc/59807616e1fa2540724bfbac14d7976d7e4a3860/library/alloc/src/raw_vec/mod.rs:464
  alloc::raw_vec::RawVecInner$LT$A$GT$::with_capacity_in::hb13cdc34fa846244
    at /rustc/59807616e1fa2540724bfbac14d7976d7e4a3860/library/alloc/src/raw_vec/mod.rs:433
  alloc::raw_vec::RawVec$LT$T$C$A$GT$::with_capacity_in::h7dbe72a89469e719
    at /rustc/59807616e1fa2540724bfbac14d7976d7e4a3860/library/alloc/src/raw_vec/mod.rs:177
  alloc::vec::Vec$LT$T$C$A$GT$::with_capacity_in::h077d043e0a42e75a
    at /rustc/59807616e1fa2540724bfbac14d7976d7e4a3860/library/alloc/src/vec/mod.rs:965
  _$LT$T$u20$as$u20$alloc..slice..$LT$impl$u20$$u5b$T$u5d$$GT$..to_vec_in..ConvertVec$GT$::to_vec::h032919ccc9f036de
    at /rustc/59807616e1fa2540724bfbac14d7976d7e4a3860/library/alloc/src/slice.rs:448
  alloc::slice::_$LT$impl$u20$$u5b$T$u5d$$GT$::to_vec_in::h197b65ed9879f2bd
    at /rustc/59807616e1fa2540724bfbac14d7976d7e4a3860/library/alloc/src/slice.rs:400
  alloc::slice::_$LT$impl$u20$$u5b$T$u5d$$GT$::to_vec::h4c58ef9c73b1f9c7
    at /rustc/59807616e1fa2540724bfbac14d7976d7e4a3860/library/alloc/src/slice.rs:376
  alloc::slice::_$LT$impl$u20$alloc..borrow..ToOwned$u20$for$u20$$u5b$T$u5d$$GT$::to_owned::h02982692a5d6d089
    at /rustc/59807616e1fa2540724bfbac14d7976d7e4a3860/library/alloc/src/slice.rs:842
  _RNvXs2_NtCslNYArtu3iFV_5alloc3streNtNtB7_6borrow7ToOwned8to_owned
    at /rustc/59807616e1fa2540724bfbac14d7976d7e4a3860/library/alloc/src/str.rs:211
  _RNvXsK_NtCslNYArtu3iFV_5alloc6stringNtB5_6StringINtNtCsgEmfK2I1SDS_4core7convert4FromReE4from
    at /rustc/59807616e1fa2540724bfbac14d7976d7e4a3860/library/alloc/src/string.rs:3114
  _RNvXs21_NtCslNYArtu3iFV_5alloc6stringeNtB6_12SpecToString14spec_to_string
    at /rustc/59807616e1fa2540724bfbac14d7976d7e4a3860/library/alloc/src/string.rs:3045
  _$LT$T$u20$as$u20$alloc..string..ToString$GT$::to_string::h531e7a3af75239ff
    at /rustc/59807616e1fa2540724bfbac14d7976d7e4a3860/library/alloc/src/string.rs:2894
  _RNvXs1G_NtCslNYArtu3iFV_5alloc6stringmNtB6_12SpecToString14spec_to_string
    at /rustc/59807616e1fa2540724bfbac14d7976d7e4a3860/library/alloc/src/string.rs:2978
  _$LT$T$u20$as$u20$alloc..string..ToString$GT$::to_string::hdf8b85568bc2f435
    at /rustc/59807616e1fa2540724bfbac14d7976d7e4a3860/library/alloc/src/string.rs:2894
  litchi_pptx::writer::shape::MutableShape::to_xml_with_designer::h5a55a8b9fc0d35f5
    at /home/zhuhe/code/litchi/crates/litchi-pptx/src/writer/shape.rs:316
  litchi_pptx::writer::slide::MutableSlide::generate_slide_xml_with::h1ce517fc01d2e41f
    at src/writer/slide.rs:452
    in /home/zhuhe/code/litchi-target-0794/after-profile
  litchi_pptx::package::codec::_$LT$impl$u20$litchi_pptx..package..model..Package$GT$::materialize_presentation::h3df86074ae5b9cff
    at src/package/codec.rs:487
    in /home/zhuhe/code/litchi-target-0794/after-profile
  litchi_pptx::package::codec::_$LT$impl$u20$litchi_pptx..package..model..Package$GT$::flush_presentation::_$u7b$$u7b$closure$u7d$$u7d$::hfb94e2e9c4f25e7a
    at /home/zhuhe/code/litchi/crates/litchi-pptx/src/package/codec.rs:405
  litchi_pptx::package::codec::_$LT$impl$u20$litchi_pptx..package..model..Package$GT$::flush_presentation::h7581c466e9001d12
    at /home/zhuhe/code/litchi/crates/litchi-pptx/src/package/codec.rs:403
  litchi_pptx::package::codec::_$LT$impl$u20$litchi_pptx..package..model..Package$GT$::to_bytes::h8392a9b65728ab72
    at src/package/codec.rs:341
    in /home/zhuhe/code/litchi-target-0794/after-profile
  namespace_uri_probe::build::h7f2fafcec5a0bedf
    at src/main.rs:748
    in /home/zhuhe/code/litchi-target-0794/after-profile
  namespace_uri_probe::run::hdbc690e144543b88
    at /home/zhuhe/code/litchi/docs/performance/results/change-0794/probe-src/src/main.rs:262
  namespace_uri_probe::main::h111c17325c103c7d
    at /home/zhuhe/code/litchi/docs/performance/results/change-0794/probe-src/src/main.rs:247
  core::ops::function::FnOnce::call_once::he47c61c7854c5b96
    at /rustc/59807616e1fa2540724bfbac14d7976d7e4a3860/library/core/src/ops/function.rs:250
    in /home/zhuhe/code/litchi-target-0794/after-profile
  std::sys::backtrace::__rust_begin_short_backtrace::hbbaaf18b7eebb54e
    at /rustc/59807616e1fa2540724bfbac14d7976d7e4a3860/library/std/src/sys/backtrace.rs:166
  std::rt::lang_start::_$u7b$$u7b$closure$u7d$$u7d$::h9d2de9d185a04994
    at /rustc/59807616e1fa2540724bfbac14d7976d7e4a3860/library/std/src/rt.rs:206
    in /home/zhuhe/code/litchi-target-0794/after-profile
  _RNvXs0_NtNtNtCsgEmfK2I1SDS_4core3ops8function5implsRDINtB7_2FnuEp6OutputlNtNtBb_6marker4SyncNtNtNtBb_5panic11unwind_safe13RefUnwindSafeEL_INtB7_6FnOnceuE9call_onceCsjrHSEGnQ3l9_3std
    at library/core/src/ops/function.rs:287
    in /home/zhuhe/code/litchi-target-0794/after-profile
  _RINvNvNtCsjrHSEGnQ3l9_3std9panicking12catch_unwind7do_callRDINtNtNtCsgEmfK2I1SDS_4core3ops8function2FnuEp6OutputlNtNtB13_6marker4SyncNtNtNtB13_5panic11unwind_safe13RefUnwindSafeEL_lEB6_
    at /rustc/59807616e1fa2540724bfbac14d7976d7e4a3860/library/std/src/panicking.rs:581
  _RINvNtCsjrHSEGnQ3l9_3std9panicking12catch_unwindlRDINtNtNtCsgEmfK2I1SDS_4core3ops8function2FnuEp6OutputlNtNtBU_6marker4SyncNtNtNtBU_5panic11unwind_safe13RefUnwindSafeEL_EB4_
    at /rustc/59807616e1fa2540724bfbac14d7976d7e4a3860/library/std/src/panicking.rs:544
  _RINvNtCsjrHSEGnQ3l9_3std5panic12catch_unwindRDINtNtNtCsgEmfK2I1SDS_4core3ops8function2FnuEp6OutputlNtNtBP_6marker4SyncNtNtNtBP_5panic11unwind_safe13RefUnwindSafeEL_lEB4_
    at /rustc/59807616e1fa2540724bfbac14d7976d7e4a3860/library/std/src/panic.rs:359
  _RNCNvNtCsjrHSEGnQ3l9_3std2rt19lang_start_internal0B5_
    at /rustc/59807616e1fa2540724bfbac14d7976d7e4a3860/library/std/src/rt.rs:175
  _RINvNvNtCsjrHSEGnQ3l9_3std9panicking12catch_unwind7do_callNCNvNtB6_2rt19lang_start_internal0iEB6_
    at /rustc/59807616e1fa2540724bfbac14d7976d7e4a3860/library/std/src/panicking.rs:581
  _RINvNtCsjrHSEGnQ3l9_3std9panicking12catch_unwindiNCNvNtB4_2rt19lang_start_internal0EB4_
    at /rustc/59807616e1fa2540724bfbac14d7976d7e4a3860/library/std/src/panicking.rs:544
  _RINvNtCsjrHSEGnQ3l9_3std5panic12catch_unwindNCNvNtB4_2rt19lang_start_internal0iEB4_
    at /rustc/59807616e1fa2540724bfbac14d7976d7e4a3860/library/std/src/panic.rs:359
  _RNvNtCsjrHSEGnQ3l9_3std2rt19lang_start_internal
    at /rustc/59807616e1fa2540724bfbac14d7976d7e4a3860/library/std/src/rt.rs:171
  main
    in /home/zhuhe/code/litchi-target-0794/after-profile

10000 calls to allocation functions with 0B peak consumption from
  _RNvXNtNtNtCsjrHSEGnQ3l9_3std3sys5alloc4unixNtNtB8_5alloc6SystemNtNtNtCsgEmfK2I1SDS_4core5alloc6global11GlobalAlloc5alloc
    at /rustc/59807616e1fa2540724bfbac14d7976d7e4a3860/library/std/src/sys/alloc/unix.rs:14
    in /home/zhuhe/code/litchi-target-0794/after-profile
  _RNvCsfLfy6EI15iL_7___rustc11___rdl_alloc
    at /rustc/59807616e1fa2540724bfbac14d7976d7e4a3860/library/std/src/alloc.rs:455
  _RNvNtCslNYArtu3iFV_5alloc5alloc5alloc
    at /rustc/59807616e1fa2540724bfbac14d7976d7e4a3860/library/alloc/src/alloc.rs:95
  _RNvMNtCslNYArtu3iFV_5alloc5allocNtB2_6Global18alloc_impl_runtime
    at /rustc/59807616e1fa2540724bfbac14d7976d7e4a3860/library/alloc/src/alloc.rs:190
  _RNvMNtCslNYArtu3iFV_5alloc5allocNtB2_6Global10alloc_impl
    at /rustc/59807616e1fa2540724bfbac14d7976d7e4a3860/library/alloc/src/alloc.rs:312
  _RNvXs_NtCslNYArtu3iFV_5alloc5allocNtB4_6GlobalNtNtCsgEmfK2I1SDS_4core5alloc9Allocator8allocate
    at /rustc/59807616e1fa2540724bfbac14d7976d7e4a3860/library/alloc/src/alloc.rs:429
  alloc::raw_vec::RawVecInner$LT$A$GT$::finish_grow::h8ff15ce40aadbdf4
    at /rustc/59807616e1fa2540724bfbac14d7976d7e4a3860/library/alloc/src/raw_vec/mod.rs:558
  alloc::raw_vec::RawVecInner$LT$A$GT$::grow_amortized::hbc8ade9e89e33c5f
    at /rustc/59807616e1fa2540724bfbac14d7976d7e4a3860/library/alloc/src/raw_vec/mod.rs:527
    in /home/zhuhe/code/litchi-target-0794/after-profile
  alloc::raw_vec::RawVecInner$LT$A$GT$::reserve::do_reserve_and_handle::h784cf714b219371b
    at /rustc/59807616e1fa2540724bfbac14d7976d7e4a3860/library/alloc/src/raw_vec/mod.rs:666
  alloc::raw_vec::RawVecInner$LT$A$GT$::reserve::h17d7958482d92b3e
    at /rustc/59807616e1fa2540724bfbac14d7976d7e4a3860/library/alloc/src/raw_vec/mod.rs:673
    in /home/zhuhe/code/litchi-target-0794/after-profile
  alloc::raw_vec::RawVec$LT$T$C$A$GT$::reserve::h3e1ea0884a80f804
    at /rustc/59807616e1fa2540724bfbac14d7976d7e4a3860/library/alloc/src/raw_vec/mod.rs:340
  alloc::vec::Vec$LT$T$C$A$GT$::reserve::h70de0091f0045751
    at /rustc/59807616e1fa2540724bfbac14d7976d7e4a3860/library/alloc/src/vec/mod.rs:1446
  alloc::vec::Vec$LT$T$C$A$GT$::append_elements::h61a26185baf27384
    at /rustc/59807616e1fa2540724bfbac14d7976d7e4a3860/library/alloc/src/vec/mod.rs:2879
  _$LT$alloc..vec..Vec$LT$T$C$A$GT$$u20$as$u20$alloc..vec..spec_extend..SpecExtend$LT$$RF$T$C$core..slice..iter..Iter$LT$T$GT$$GT$$GT$::spec_extend::he755268f696fd376
    at /rustc/59807616e1fa2540724bfbac14d7976d7e4a3860/library/alloc/src/vec/spec_extend.rs:56
  alloc::vec::Vec$LT$T$C$A$GT$::extend_from_slice::h955dd7c054c9dd30
    at /rustc/59807616e1fa2540724bfbac14d7976d7e4a3860/library/alloc/src/vec/mod.rs:3500
  _RNvMNtCslNYArtu3iFV_5alloc6stringNtB2_6String8push_str
    at /rustc/59807616e1fa2540724bfbac14d7976d7e4a3860/library/alloc/src/string.rs:1102
  litchi_pptx::writer::shape::MutableShape::to_xml_with_designer::h5a55a8b9fc0d35f5
    at /home/zhuhe/code/litchi/crates/litchi-pptx/src/writer/shape.rs:307
  litchi_pptx::writer::slide::MutableSlide::generate_slide_xml_with::h1ce517fc01d2e41f
    at src/writer/slide.rs:452
    in /home/zhuhe/code/litchi-target-0794/after-profile
  litchi_pptx::package::codec::_$LT$impl$u20$litchi_pptx..package..model..Package$GT$::materialize_presentation::h3df86074ae5b9cff
    at src/package/codec.rs:487
    in /home/zhuhe/code/litchi-target-0794/after-profile
  litchi_pptx::package::codec::_$LT$impl$u20$litchi_pptx..package..model..Package$GT$::flush_presentation::_$u7b$$u7b$closure$u7d$$u7d$::hfb94e2e9c4f25e7a
    at /home/zhuhe/code/litchi/crates/litchi-pptx/src/package/codec.rs:405
  litchi_pptx::package::codec::_$LT$impl$u20$litchi_pptx..package..model..Package$GT$::flush_presentation::h7581c466e9001d12
    at /home/zhuhe/code/litchi/crates/litchi-pptx/src/package/codec.rs:403
  litchi_pptx::package::codec::_$LT$impl$u20$litchi_pptx..package..model..Package$GT$::to_bytes::h8392a9b65728ab72
    at src/package/codec.rs:341
    in /home/zhuhe/code/litchi-target-0794/after-profile
  namespace_uri_probe::build::h7f2fafcec5a0bedf
    at src/main.rs:748
    in /home/zhuhe/code/litchi-target-0794/after-profile
  namespace_uri_probe::run::hdbc690e144543b88
    at /home/zhuhe/code/litchi/docs/performance/results/change-0794/probe-src/src/main.rs:262
  namespace_uri_probe::main::h111c17325c103c7d
    at /home/zhuhe/code/litchi/docs/performance/results/change-0794/probe-src/src/main.rs:247
  core::ops::function::FnOnce::call_once::he47c61c7854c5b96
    at /rustc/59807616e1fa2540724bfbac14d7976d7e4a3860/library/core/src/ops/function.rs:250
    in /home/zhuhe/code/litchi-target-0794/after-profile
  std::sys::backtrace::__rust_begin_short_backtrace::hbbaaf18b7eebb54e
    at /rustc/59807616e1fa2540724bfbac14d7976d7e4a3860/library/std/src/sys/backtrace.rs:166
  std::rt::lang_start::_$u7b$$u7b$closure$u7d$$u7d$::h9d2de9d185a04994
    at /rustc/59807616e1fa2540724bfbac14d7976d7e4a3860/library/std/src/rt.rs:206
    in /home/zhuhe/code/litchi-target-0794/after-profile
  _RNvXs0_NtNtNtCsgEmfK2I1SDS_4core3ops8function5implsRDINtB7_2FnuEp6OutputlNtNtBb_6marker4SyncNtNtNtBb_5panic11unwind_safe13RefUnwindSafeEL_INtB7_6FnOnceuE9call_onceCsjrHSEGnQ3l9_3std
    at library/core/src/ops/function.rs:287
    in /home/zhuhe/code/litchi-target-0794/after-profile
  _RINvNvNtCsjrHSEGnQ3l9_3std9panicking12catch_unwind7do_callRDINtNtNtCsgEmfK2I1SDS_4core3ops8function2FnuEp6OutputlNtNtB13_6marker4SyncNtNtNtB13_5panic11unwind_safe13RefUnwindSafeEL_lEB6_
    at /rustc/59807616e1fa2540724bfbac14d7976d7e4a3860/library/std/src/panicking.rs:581
  _RINvNtCsjrHSEGnQ3l9_3std9panicking12catch_unwindlRDINtNtNtCsgEmfK2I1SDS_4core3ops8function2FnuEp6OutputlNtNtBU_6marker4SyncNtNtNtBU_5panic11unwind_safe13RefUnwindSafeEL_EB4_
    at /rustc/59807616e1fa2540724bfbac14d7976d7e4a3860/library/std/src/panicking.rs:544
  _RINvNtCsjrHSEGnQ3l9_3std5panic12catch_unwindRDINtNtNtCsgEmfK2I1SDS_4core3ops8function2FnuEp6OutputlNtNtBP_6marker4SyncNtNtNtBP_5panic11unwind_safe13RefUnwindSafeEL_lEB4_
    at /rustc/59807616e1fa2540724bfbac14d7976d7e4a3860/library/std/src/panic.rs:359
  _RNCNvNtCsjrHSEGnQ3l9_3std2rt19lang_start_internal0B5_
    at /rustc/59807616e1fa2540724bfbac14d7976d7e4a3860/library/std/src/rt.rs:175
  _RINvNvNtCsjrHSEGnQ3l9_3std9panicking12catch_unwind7do_callNCNvNtB6_2rt19lang_start_internal0iEB6_
    at /rustc/59807616e1fa2540724bfbac14d7976d7e4a3860/library/std/src/panicking.rs:581
  _RINvNtCsjrHSEGnQ3l9_3std9panicking12catch_unwindiNCNvNtB4_2rt19lang_start_internal0EB4_
    at /rustc/59807616e1fa2540724bfbac14d7976d7e4a3860/library/std/src/panicking.rs:544
  _RINvNtCsjrHSEGnQ3l9_3std5panic12catch_unwindNCNvNtB4_2rt19lang_start_internal0iEB4_
    at /rustc/59807616e1fa2540724bfbac14d7976d7e4a3860/library/std/src/panic.rs:359
  _RNvNtCsjrHSEGnQ3l9_3std2rt19lang_start_internal
    at /rustc/59807616e1fa2540724bfbac14d7976d7e4a3860/library/std/src/rt.rs:171
  main
    in /home/zhuhe/code/litchi-target-0794/after-profile

10000 calls to allocation functions with 0B peak consumption from
  _RNvXNtNtNtCsjrHSEGnQ3l9_3std3sys5alloc4unixNtNtB8_5alloc6SystemNtNtNtCsgEmfK2I1SDS_4core5alloc6global11GlobalAlloc5alloc
    at /rustc/59807616e1fa2540724bfbac14d7976d7e4a3860/library/std/src/sys/alloc/unix.rs:14
    in /home/zhuhe/code/litchi-target-0794/after-profile
  _RNvCsfLfy6EI15iL_7___rustc11___rdl_alloc
    at /rustc/59807616e1fa2540724bfbac14d7976d7e4a3860/library/std/src/alloc.rs:455
  _RNvNtCslNYArtu3iFV_5alloc5alloc5alloc
    at /rustc/59807616e1fa2540724bfbac14d7976d7e4a3860/library/alloc/src/alloc.rs:95
  _RNvMNtCslNYArtu3iFV_5alloc5allocNtB2_6Global18alloc_impl_runtime
    at /rustc/59807616e1fa2540724bfbac14d7976d7e4a3860/library/alloc/src/alloc.rs:190
  _RNvMNtCslNYArtu3iFV_5alloc5allocNtB2_6Global10alloc_impl
    at /rustc/59807616e1fa2540724bfbac14d7976d7e4a3860/library/alloc/src/alloc.rs:312
  _RNvXs_NtCslNYArtu3iFV_5alloc5allocNtB4_6GlobalNtNtCsgEmfK2I1SDS_4core5alloc9Allocator8allocate
    at /rustc/59807616e1fa2540724bfbac14d7976d7e4a3860/library/alloc/src/alloc.rs:429
  _RNvMs4_NtCslNYArtu3iFV_5alloc7raw_vecNtB5_11RawVecInner15try_allocate_inB7_
    at /rustc/59807616e1fa2540724bfbac14d7976d7e4a3860/library/alloc/src/raw_vec/mod.rs:464
  _RNvMs4_NtCslNYArtu3iFV_5alloc7raw_vecNtB5_11RawVecInner16with_capacity_inB7_
    at /rustc/59807616e1fa2540724bfbac14d7976d7e4a3860/library/alloc/src/raw_vec/mod.rs:433
  _RNvMs3_NtCslNYArtu3iFV_5alloc7raw_vecINtB5_6RawVechE16with_capacity_inB7_
    at /rustc/59807616e1fa2540724bfbac14d7976d7e4a3860/library/alloc/src/raw_vec/mod.rs:177
  _RNvMsF_NtCslNYArtu3iFV_5alloc3vecINtB5_3VechE16with_capacity_inB7_
    at /rustc/59807616e1fa2540724bfbac14d7976d7e4a3860/library/alloc/src/vec/mod.rs:965
  _RINvXs_NvMNtCslNYArtu3iFV_5alloc5sliceSp9to_vec_inhNtB5_10ConvertVec6to_vecNtNtBa_5alloc6GlobalEBa_
    at /rustc/59807616e1fa2540724bfbac14d7976d7e4a3860/library/alloc/src/slice.rs:448
  _RINvMNtCslNYArtu3iFV_5alloc5sliceSh9to_vec_inNtNtB5_5alloc6GlobalEB5_
    at /rustc/59807616e1fa2540724bfbac14d7976d7e4a3860/library/alloc/src/slice.rs:400
  _RNvXsa_NtCslNYArtu3iFV_5alloc3vecINtB5_3VechENtNtCsgEmfK2I1SDS_4core5clone5Clone5cloneB7_
    at /rustc/59807616e1fa2540724bfbac14d7976d7e4a3860/library/alloc/src/vec/mod.rs:3749
  _RNvXs4_NtCslNYArtu3iFV_5alloc6stringNtB5_6StringNtNtCsgEmfK2I1SDS_4core5clone5Clone5clone
    at /rustc/59807616e1fa2540724bfbac14d7976d7e4a3860/library/alloc/src/string.rs:2352
  _$LT$litchi_pptx..writer..shape..ShapeType$u20$as$u20$core..clone..Clone$GT$::clone::h6a9cc6bce503bc46
    at /home/zhuhe/code/litchi/crates/litchi-pptx/src/writer/shape.rs:19
  _$LT$litchi_pptx..writer..shape..MutableShape$u20$as$u20$core..clone..Clone$GT$::clone::hfe8b563e0939797b
    at /home/zhuhe/code/litchi/crates/litchi-pptx/src/writer/shape.rs:63
  _$LT$T$u20$as$u20$alloc..slice..$LT$impl$u20$$u5b$T$u5d$$GT$..to_vec_in..ConvertVec$GT$::to_vec::h6e24fc6d8f552722
    at /rustc/59807616e1fa2540724bfbac14d7976d7e4a3860/library/alloc/src/slice.rs:432
  alloc::slice::_$LT$impl$u20$$u5b$T$u5d$$GT$::to_vec_in::h84e2846be1b4c162
    at /rustc/59807616e1fa2540724bfbac14d7976d7e4a3860/library/alloc/src/slice.rs:400
  _$LT$alloc..vec..Vec$LT$T$C$A$GT$$u20$as$u20$core..clone..Clone$GT$::clone::h953d1731081ac86f
    at /rustc/59807616e1fa2540724bfbac14d7976d7e4a3860/library/alloc/src/vec/mod.rs:3749
  _$LT$litchi_pptx..writer..slide..MutableSlide$u20$as$u20$core..clone..Clone$GT$::clone::hbe193f5478330800
    at /home/zhuhe/code/litchi/crates/litchi-pptx/src/writer/slide.rs:23
  _$LT$T$u20$as$u20$alloc..slice..$LT$impl$u20$$u5b$T$u5d$$GT$..to_vec_in..ConvertVec$GT$::to_vec::hf2559e5dbade60c0
    at /rustc/59807616e1fa2540724bfbac14d7976d7e4a3860/library/alloc/src/slice.rs:432
  alloc::slice::_$LT$impl$u20$$u5b$T$u5d$$GT$::to_vec_in::h525b4b7de6e6f5c9
    at /rustc/59807616e1fa2540724bfbac14d7976d7e4a3860/library/alloc/src/slice.rs:400
  _$LT$alloc..vec..Vec$LT$T$C$A$GT$$u20$as$u20$core..clone..Clone$GT$::clone::h4ba6d54a90135603
    at /rustc/59807616e1fa2540724bfbac14d7976d7e4a3860/library/alloc/src/vec/mod.rs:3749
  _$LT$litchi_pptx..writer..presentation..MutablePresentation$u20$as$u20$core..clone..Clone$GT$::clone::h2639a7a4afb2aaa4
    at /home/zhuhe/code/litchi/crates/litchi-pptx/src/writer/presentation.rs:16
  _$LT$core..option..Option$LT$T$GT$$u20$as$u20$core..clone..Clone$GT$::clone::h5081d65d31de84b1
    at /rustc/59807616e1fa2540724bfbac14d7976d7e4a3860/library/core/src/option.rs:2263
  litchi_pptx::package::codec::_$LT$impl$u20$litchi_pptx..package..model..Package$GT$::flush_presentation::h7581c466e9001d12
    at /home/zhuhe/code/litchi/crates/litchi-pptx/src/package/codec.rs:393
  litchi_pptx::package::codec::_$LT$impl$u20$litchi_pptx..package..model..Package$GT$::to_bytes::h8392a9b65728ab72
    at src/package/codec.rs:341
    in /home/zhuhe/code/litchi-target-0794/after-profile
  namespace_uri_probe::build::h7f2fafcec5a0bedf
    at src/main.rs:748
    in /home/zhuhe/code/litchi-target-0794/after-profile
  namespace_uri_probe::run::hdbc690e144543b88
    at /home/zhuhe/code/litchi/docs/performance/results/change-0794/probe-src/src/main.rs:262
  namespace_uri_probe::main::h111c17325c103c7d
    at /home/zhuhe/code/litchi/docs/performance/results/change-0794/probe-src/src/main.rs:247
  core::ops::function::FnOnce::call_once::he47c61c7854c5b96
    at /rustc/59807616e1fa2540724bfbac14d7976d7e4a3860/library/core/src/ops/function.rs:250
    in /home/zhuhe/code/litchi-target-0794/after-profile
  std::sys::backtrace::__rust_begin_short_backtrace::hbbaaf18b7eebb54e
    at /rustc/59807616e1fa2540724bfbac14d7976d7e4a3860/library/std/src/sys/backtrace.rs:166
  std::rt::lang_start::_$u7b$$u7b$closure$u7d$$u7d$::h9d2de9d185a04994
    at /rustc/59807616e1fa2540724bfbac14d7976d7e4a3860/library/std/src/rt.rs:206
    in /home/zhuhe/code/litchi-target-0794/after-profile
  _RNvXs0_NtNtNtCsgEmfK2I1SDS_4core3ops8function5implsRDINtB7_2FnuEp6OutputlNtNtBb_6marker4SyncNtNtNtBb_5panic11unwind_safe13RefUnwindSafeEL_INtB7_6FnOnceuE9call_onceCsjrHSEGnQ3l9_3std
    at library/core/src/ops/function.rs:287
    in /home/zhuhe/code/litchi-target-0794/after-profile
  _RINvNvNtCsjrHSEGnQ3l9_3std9panicking12catch_unwind7do_callRDINtNtNtCsgEmfK2I1SDS_4core3ops8function2FnuEp6OutputlNtNtB13_6marker4SyncNtNtNtB13_5panic11unwind_safe13RefUnwindSafeEL_lEB6_
    at /rustc/59807616e1fa2540724bfbac14d7976d7e4a3860/library/std/src/panicking.rs:581
  _RINvNtCsjrHSEGnQ3l9_3std9panicking12catch_unwindlRDINtNtNtCsgEmfK2I1SDS_4core3ops8function2FnuEp6OutputlNtNtBU_6marker4SyncNtNtNtBU_5panic11unwind_safe13RefUnwindSafeEL_EB4_
    at /rustc/59807616e1fa2540724bfbac14d7976d7e4a3860/library/std/src/panicking.rs:544
  _RINvNtCsjrHSEGnQ3l9_3std5panic12catch_unwindRDINtNtNtCsgEmfK2I1SDS_4core3ops8function2FnuEp6OutputlNtNtBP_6marker4SyncNtNtNtBP_5panic11unwind_safe13RefUnwindSafeEL_lEB4_
    at /rustc/59807616e1fa2540724bfbac14d7976d7e4a3860/library/std/src/panic.rs:359
  _RNCNvNtCsjrHSEGnQ3l9_3std2rt19lang_start_internal0B5_
    at /rustc/59807616e1fa2540724bfbac14d7976d7e4a3860/library/std/src/rt.rs:175
  _RINvNvNtCsjrHSEGnQ3l9_3std9panicking12catch_unwind7do_callNCNvNtB6_2rt19lang_start_internal0iEB6_
    at /rustc/59807616e1fa2540724bfbac14d7976d7e4a3860/library/std/src/panicking.rs:581
  _RINvNtCsjrHSEGnQ3l9_3std9panicking12catch_unwindiNCNvNtB4_2rt19lang_start_internal0EB4_
    at /rustc/59807616e1fa2540724bfbac14d7976d7e4a3860/library/std/src/panicking.rs:544
  _RINvNtCsjrHSEGnQ3l9_3std5panic12catch_unwindNCNvNtB4_2rt19lang_start_internal0iEB4_
    at /rustc/59807616e1fa2540724bfbac14d7976d7e4a3860/library/std/src/panic.rs:359
  _RNvNtCsjrHSEGnQ3l9_3std2rt19lang_start_internal
    at /rustc/59807616e1fa2540724bfbac14d7976d7e4a3860/library/std/src/rt.rs:171
  main
    in /home/zhuhe/code/litchi-target-0794/after-profile

10000 calls to allocation functions with 0B peak consumption from
  _RNvXNtNtNtCsjrHSEGnQ3l9_3std3sys5alloc4unixNtNtB8_5alloc6SystemNtNtNtCsgEmfK2I1SDS_4core5alloc6global11GlobalAlloc5alloc
    at library/std/src/sys/alloc/unix.rs:14
    in /home/zhuhe/code/litchi-target-0794/after-profile
  _RNvCsfLfy6EI15iL_7___rustc11___rdl_alloc
    at /rustc/59807616e1fa2540724bfbac14d7976d7e4a3860/library/std/src/alloc.rs:455
  _RNvNtCslNYArtu3iFV_5alloc5alloc5alloc
    at /rustc/59807616e1fa2540724bfbac14d7976d7e4a3860/library/alloc/src/alloc.rs:95
  _RNvMNtCslNYArtu3iFV_5alloc5allocNtB2_6Global18alloc_impl_runtime
    at /rustc/59807616e1fa2540724bfbac14d7976d7e4a3860/library/alloc/src/alloc.rs:190
  _RNvMNtCslNYArtu3iFV_5alloc5allocNtB2_6Global10alloc_impl
    at /rustc/59807616e1fa2540724bfbac14d7976d7e4a3860/library/alloc/src/alloc.rs:312
  _RNvXs_NtCslNYArtu3iFV_5alloc5allocNtB4_6GlobalNtNtCsgEmfK2I1SDS_4core5alloc9Allocator8allocate
    at /rustc/59807616e1fa2540724bfbac14d7976d7e4a3860/library/alloc/src/alloc.rs:429
  _RNvMs4_NtCslNYArtu3iFV_5alloc7raw_vecNtB5_11RawVecInner15try_allocate_inB7_
    at /rustc/59807616e1fa2540724bfbac14d7976d7e4a3860/library/alloc/src/raw_vec/mod.rs:464
  _RNvMs4_NtCslNYArtu3iFV_5alloc7raw_vecNtB5_11RawVecInner16with_capacity_inB7_
    at /rustc/59807616e1fa2540724bfbac14d7976d7e4a3860/library/alloc/src/raw_vec/mod.rs:433
  _RNvMs3_NtCslNYArtu3iFV_5alloc7raw_vecINtB5_6RawVechE16with_capacity_inB7_
    at /rustc/59807616e1fa2540724bfbac14d7976d7e4a3860/library/alloc/src/raw_vec/mod.rs:177
  _RNvMsF_NtCslNYArtu3iFV_5alloc3vecINtB5_3VechE16with_capacity_inB7_
    at /rustc/59807616e1fa2540724bfbac14d7976d7e4a3860/library/alloc/src/vec/mod.rs:965
  _RNvMNtCslNYArtu3iFV_5alloc3vecINtB2_3VechE13with_capacityB4_
    at /rustc/59807616e1fa2540724bfbac14d7976d7e4a3860/library/alloc/src/vec/mod.rs:524
  _RNvMNtCslNYArtu3iFV_5alloc6stringNtB2_6String13with_capacity
    at /rustc/59807616e1fa2540724bfbac14d7976d7e4a3860/library/alloc/src/string.rs:485
  _RNvNvNtCslNYArtu3iFV_5alloc3fmt6format12format_inner
    at /rustc/59807616e1fa2540724bfbac14d7976d7e4a3860/library/alloc/src/fmt.rs:652
  alloc::fmt::format::_$u7b$$u7b$closure$u7d$$u7d$::h2b7246aff012b041
    at /rustc/59807616e1fa2540724bfbac14d7976d7e4a3860/library/alloc/src/fmt.rs:659
    in /home/zhuhe/code/litchi-target-0794/after-profile
  core::option::Option$LT$T$GT$::map_or_else::hcab317e3c972f449
    at /rustc/59807616e1fa2540724bfbac14d7976d7e4a3860/library/core/src/option.rs:1278
  _RNvNtCslNYArtu3iFV_5alloc3fmt6format
    at /rustc/59807616e1fa2540724bfbac14d7976d7e4a3860/library/alloc/src/fmt.rs:659
  namespace_uri_probe::source_text::h462b0efda1fd1970
    at /home/zhuhe/code/litchi/docs/performance/results/change-0794/probe-src/src/main.rs:727
  namespace_uri_probe::expected_text::h8e5e04d47ffd4d6c
    at /home/zhuhe/code/litchi/docs/performance/results/change-0794/probe-src/src/main.rs:682
  namespace_uri_probe::verify_output::hf88d911dde4b0393
    at /home/zhuhe/code/litchi/docs/performance/results/change-0794/probe-src/src/main.rs:476
  namespace_uri_probe::run_capture::h4c09f4f0575599d6
    at src/main.rs:372
    in /home/zhuhe/code/litchi-target-0794/after-profile
  namespace_uri_probe::run_one::hb13ba1911b83e791
    at /home/zhuhe/code/litchi/docs/performance/results/change-0794/probe-src/src/main.rs:341
  namespace_uri_probe::run::hdbc690e144543b88
    at src/main.rs:282
    in /home/zhuhe/code/litchi-target-0794/after-profile
  namespace_uri_probe::main::h111c17325c103c7d
    at /home/zhuhe/code/litchi/docs/performance/results/change-0794/probe-src/src/main.rs:247
  core::ops::function::FnOnce::call_once::he47c61c7854c5b96
    at /rustc/59807616e1fa2540724bfbac14d7976d7e4a3860/library/core/src/ops/function.rs:250
    in /home/zhuhe/code/litchi-target-0794/after-profile
  std::sys::backtrace::__rust_begin_short_backtrace::hbbaaf18b7eebb54e
    at /rustc/59807616e1fa2540724bfbac14d7976d7e4a3860/library/std/src/sys/backtrace.rs:166
  std::rt::lang_start::_$u7b$$u7b$closure$u7d$$u7d$::h9d2de9d185a04994
    at /rustc/59807616e1fa2540724bfbac14d7976d7e4a3860/library/std/src/rt.rs:206
    in /home/zhuhe/code/litchi-target-0794/after-profile
  _RNvXs0_NtNtNtCsgEmfK2I1SDS_4core3ops8function5implsRDINtB7_2FnuEp6OutputlNtNtBb_6marker4SyncNtNtNtBb_5panic11unwind_safe13RefUnwindSafeEL_INtB7_6FnOnceuE9call_onceCsjrHSEGnQ3l9_3std
    at library/core/src/ops/function.rs:287
    in /home/zhuhe/code/litchi-target-0794/after-profile
  _RINvNvNtCsjrHSEGnQ3l9_3std9panicking12catch_unwind7do_callRDINtNtNtCsgEmfK2I1SDS_4core3ops8function2FnuEp6OutputlNtNtB13_6marker4SyncNtNtNtB13_5panic11unwind_safe13RefUnwindSafeEL_lEB6_
    at /rustc/59807616e1fa2540724bfbac14d7976d7e4a3860/library/std/src/panicking.rs:581
  _RINvNtCsjrHSEGnQ3l9_3std9panicking12catch_unwindlRDINtNtNtCsgEmfK2I1SDS_4core3ops8function2FnuEp6OutputlNtNtBU_6marker4SyncNtNtNtBU_5panic11unwind_safe13RefUnwindSafeEL_EB4_
    at /rustc/59807616e1fa2540724bfbac14d7976d7e4a3860/library/std/src/panicking.rs:544
  _RINvNtCsjrHSEGnQ3l9_3std5panic12catch_unwindRDINtNtNtCsgEmfK2I1SDS_4core3ops8function2FnuEp6OutputlNtNtBP_6marker4SyncNtNtNtBP_5panic11unwind_safe13RefUnwindSafeEL_lEB4_
    at /rustc/59807616e1fa2540724bfbac14d7976d7e4a3860/library/std/src/panic.rs:359
  _RNCNvNtCsjrHSEGnQ3l9_3std2rt19lang_start_internal0B5_
    at /rustc/59807616e1fa2540724bfbac14d7976d7e4a3860/library/std/src/rt.rs:175
  _RINvNvNtCsjrHSEGnQ3l9_3std9panicking12catch_unwind7do_callNCNvNtB6_2rt19lang_start_internal0iEB6_
    at /rustc/59807616e1fa2540724bfbac14d7976d7e4a3860/library/std/src/panicking.rs:581
  _RINvNtCsjrHSEGnQ3l9_3std9panicking12catch_unwindiNCNvNtB4_2rt19lang_start_internal0EB4_
    at /rustc/59807616e1fa2540724bfbac14d7976d7e4a3860/library/std/src/panicking.rs:544
  _RINvNtCsjrHSEGnQ3l9_3std5panic12catch_unwindNCNvNtB4_2rt19lang_start_internal0iEB4_
    at /rustc/59807616e1fa2540724bfbac14d7976d7e4a3860/library/std/src/panic.rs:359
  _RNvNtCsjrHSEGnQ3l9_3std2rt19lang_start_internal
    at /rustc/59807616e1fa2540724bfbac14d7976d7e4a3860/library/std/src/rt.rs:171
  main
    in /home/zhuhe/code/litchi-target-0794/after-profile

10000 calls to allocation functions with 520.00K peak consumption from
  _RNvXNtNtNtCsjrHSEGnQ3l9_3std3sys5alloc4unixNtNtB8_5alloc6SystemNtNtNtCsgEmfK2I1SDS_4core5alloc6global11GlobalAlloc5alloc
    at /rustc/59807616e1fa2540724bfbac14d7976d7e4a3860/library/std/src/sys/alloc/unix.rs:14
    in /home/zhuhe/code/litchi-target-0794/after-profile
  _RNvCsfLfy6EI15iL_7___rustc11___rdl_alloc
    at /rustc/59807616e1fa2540724bfbac14d7976d7e4a3860/library/std/src/alloc.rs:455
  _RNvNtCslNYArtu3iFV_5alloc5alloc5alloc
    at /rustc/59807616e1fa2540724bfbac14d7976d7e4a3860/library/alloc/src/alloc.rs:95
  _RNvMNtCslNYArtu3iFV_5alloc5allocNtB2_6Global18alloc_impl_runtime
    at /rustc/59807616e1fa2540724bfbac14d7976d7e4a3860/library/alloc/src/alloc.rs:190
  _RNvMNtCslNYArtu3iFV_5alloc5allocNtB2_6Global10alloc_impl
    at /rustc/59807616e1fa2540724bfbac14d7976d7e4a3860/library/alloc/src/alloc.rs:312
  _RNvXs_NtCslNYArtu3iFV_5alloc5allocNtB4_6GlobalNtNtCsgEmfK2I1SDS_4core5alloc9Allocator8allocate
    at /rustc/59807616e1fa2540724bfbac14d7976d7e4a3860/library/alloc/src/alloc.rs:429
  alloc::raw_vec::RawVecInner$LT$A$GT$::try_allocate_in::h42a172545e78ec7b
    at /rustc/59807616e1fa2540724bfbac14d7976d7e4a3860/library/alloc/src/raw_vec/mod.rs:464
  alloc::raw_vec::RawVecInner$LT$A$GT$::with_capacity_in::hb13cdc34fa846244
    at /rustc/59807616e1fa2540724bfbac14d7976d7e4a3860/library/alloc/src/raw_vec/mod.rs:433
  alloc::raw_vec::RawVec$LT$T$C$A$GT$::with_capacity_in::h7dbe72a89469e719
    at /rustc/59807616e1fa2540724bfbac14d7976d7e4a3860/library/alloc/src/raw_vec/mod.rs:177
  alloc::vec::Vec$LT$T$C$A$GT$::with_capacity_in::h077d043e0a42e75a
    at /rustc/59807616e1fa2540724bfbac14d7976d7e4a3860/library/alloc/src/vec/mod.rs:965
  _$LT$T$u20$as$u20$alloc..slice..$LT$impl$u20$$u5b$T$u5d$$GT$..to_vec_in..ConvertVec$GT$::to_vec::h032919ccc9f036de
    at /rustc/59807616e1fa2540724bfbac14d7976d7e4a3860/library/alloc/src/slice.rs:448
  alloc::slice::_$LT$impl$u20$$u5b$T$u5d$$GT$::to_vec_in::h197b65ed9879f2bd
    at /rustc/59807616e1fa2540724bfbac14d7976d7e4a3860/library/alloc/src/slice.rs:400
  alloc::slice::_$LT$impl$u20$$u5b$T$u5d$$GT$::to_vec::h4c58ef9c73b1f9c7
    at /rustc/59807616e1fa2540724bfbac14d7976d7e4a3860/library/alloc/src/slice.rs:376
  alloc::slice::_$LT$impl$u20$alloc..borrow..ToOwned$u20$for$u20$$u5b$T$u5d$$GT$::to_owned::h02982692a5d6d089
    at /rustc/59807616e1fa2540724bfbac14d7976d7e4a3860/library/alloc/src/slice.rs:842
  _RNvXs2_NtCslNYArtu3iFV_5alloc3streNtNtB7_6borrow7ToOwned8to_owned
    at /rustc/59807616e1fa2540724bfbac14d7976d7e4a3860/library/alloc/src/str.rs:211
  _RNvXsK_NtCslNYArtu3iFV_5alloc6stringNtB5_6StringINtNtCsgEmfK2I1SDS_4core7convert4FromReE4from
    at /rustc/59807616e1fa2540724bfbac14d7976d7e4a3860/library/alloc/src/string.rs:3114
  _RNvXs21_NtCslNYArtu3iFV_5alloc6stringeNtB6_12SpecToString14spec_to_string
    at /rustc/59807616e1fa2540724bfbac14d7976d7e4a3860/library/alloc/src/string.rs:3045
  _$LT$T$u20$as$u20$alloc..string..ToString$GT$::to_string::h531e7a3af75239ff
    at /rustc/59807616e1fa2540724bfbac14d7976d7e4a3860/library/alloc/src/string.rs:2894
  litchi_pptx::writer::slide::MutableSlide::add_text_box::hdb5f96cb44f3a922
    at /home/zhuhe/code/litchi/crates/litchi-pptx/src/writer/slide.rs:197
  namespace_uri_probe::build::h7f2fafcec5a0bedf
    at src/main.rs:738
    in /home/zhuhe/code/litchi-target-0794/after-profile
  namespace_uri_probe::run::hdbc690e144543b88
    at /home/zhuhe/code/litchi/docs/performance/results/change-0794/probe-src/src/main.rs:262
  namespace_uri_probe::main::h111c17325c103c7d
    at /home/zhuhe/code/litchi/docs/performance/results/change-0794/probe-src/src/main.rs:247
  core::ops::function::FnOnce::call_once::he47c61c7854c5b96
    at /rustc/59807616e1fa2540724bfbac14d7976d7e4a3860/library/core/src/ops/function.rs:250
    in /home/zhuhe/code/litchi-target-0794/after-profile
  std::sys::backtrace::__rust_begin_short_backtrace::hbbaaf18b7eebb54e
    at /rustc/59807616e1fa2540724bfbac14d7976d7e4a3860/library/std/src/sys/backtrace.rs:166
  std::rt::lang_start::_$u7b$$u7b$closure$u7d$$u7d$::h9d2de9d185a04994
    at /rustc/59807616e1fa2540724bfbac14d7976d7e4a3860/library/std/src/rt.rs:206
    in /home/zhuhe/code/litchi-target-0794/after-profile
  _RNvXs0_NtNtNtCsgEmfK2I1SDS_4core3ops8function5implsRDINtB7_2FnuEp6OutputlNtNtBb_6marker4SyncNtNtNtBb_5panic11unwind_safe13RefUnwindSafeEL_INtB7_6FnOnceuE9call_onceCsjrHSEGnQ3l9_3std
    at library/core/src/ops/function.rs:287
    in /home/zhuhe/code/litchi-target-0794/after-profile
  _RINvNvNtCsjrHSEGnQ3l9_3std9panicking12catch_unwind7do_callRDINtNtNtCsgEmfK2I1SDS_4core3ops8function2FnuEp6OutputlNtNtB13_6marker4SyncNtNtNtB13_5panic11unwind_safe13RefUnwindSafeEL_lEB6_
    at /rustc/59807616e1fa2540724bfbac14d7976d7e4a3860/library/std/src/panicking.rs:581
  _RINvNtCsjrHSEGnQ3l9_3std9panicking12catch_unwindlRDINtNtNtCsgEmfK2I1SDS_4core3ops8function2FnuEp6OutputlNtNtBU_6marker4SyncNtNtNtBU_5panic11unwind_safe13RefUnwindSafeEL_EB4_
    at /rustc/59807616e1fa2540724bfbac14d7976d7e4a3860/library/std/src/panicking.rs:544
  _RINvNtCsjrHSEGnQ3l9_3std5panic12catch_unwindRDINtNtNtCsgEmfK2I1SDS_4core3ops8function2FnuEp6OutputlNtNtBP_6marker4SyncNtNtNtBP_5panic11unwind_safe13RefUnwindSafeEL_lEB4_
    at /rustc/59807616e1fa2540724bfbac14d7976d7e4a3860/library/std/src/panic.rs:359
  _RNCNvNtCsjrHSEGnQ3l9_3std2rt19lang_start_internal0B5_
    at /rustc/59807616e1fa2540724bfbac14d7976d7e4a3860/library/std/src/rt.rs:175
  _RINvNvNtCsjrHSEGnQ3l9_3std9panicking12catch_unwind7do_callNCNvNtB6_2rt19lang_start_internal0iEB6_
    at /rustc/59807616e1fa2540724bfbac14d7976d7e4a3860/library/std/src/panicking.rs:581
  _RINvNtCsjrHSEGnQ3l9_3std9panicking12catch_unwindiNCNvNtB4_2rt19lang_start_internal0EB4_
    at /rustc/59807616e1fa2540724bfbac14d7976d7e4a3860/library/std/src/panicking.rs:544
  _RINvNtCsjrHSEGnQ3l9_3std5panic12catch_unwindNCNvNtB4_2rt19lang_start_internal0iEB4_
    at /rustc/59807616e1fa2540724bfbac14d7976d7e4a3860/library/std/src/panic.rs:359
  _RNvNtCsjrHSEGnQ3l9_3std2rt19lang_start_internal
    at /rustc/59807616e1fa2540724bfbac14d7976d7e4a3860/library/std/src/rt.rs:171
  main
    in /home/zhuhe/code/litchi-target-0794/after-profile

10000 calls to allocation functions with 0B peak consumption from
  _RNvXNtNtNtCsjrHSEGnQ3l9_3std3sys5alloc4unixNtNtB8_5alloc6SystemNtNtNtCsgEmfK2I1SDS_4core5alloc6global11GlobalAlloc5alloc
    at library/std/src/sys/alloc/unix.rs:14
    in /home/zhuhe/code/litchi-target-0794/after-profile
  _RNvCsfLfy6EI15iL_7___rustc11___rdl_alloc
    at /rustc/59807616e1fa2540724bfbac14d7976d7e4a3860/library/std/src/alloc.rs:455
  _RNvNtCslNYArtu3iFV_5alloc5alloc5alloc
    at /rustc/59807616e1fa2540724bfbac14d7976d7e4a3860/library/alloc/src/alloc.rs:95
  _RNvMNtCslNYArtu3iFV_5alloc5allocNtB2_6Global18alloc_impl_runtime
    at /rustc/59807616e1fa2540724bfbac14d7976d7e4a3860/library/alloc/src/alloc.rs:190
  _RNvMNtCslNYArtu3iFV_5alloc5allocNtB2_6Global10alloc_impl
    at /rustc/59807616e1fa2540724bfbac14d7976d7e4a3860/library/alloc/src/alloc.rs:312
  _RNvXs_NtCslNYArtu3iFV_5alloc5allocNtB4_6GlobalNtNtCsgEmfK2I1SDS_4core5alloc9Allocator8allocate
    at /rustc/59807616e1fa2540724bfbac14d7976d7e4a3860/library/alloc/src/alloc.rs:429
  _RNvMs4_NtCslNYArtu3iFV_5alloc7raw_vecNtB5_11RawVecInner15try_allocate_inB7_
    at /rustc/59807616e1fa2540724bfbac14d7976d7e4a3860/library/alloc/src/raw_vec/mod.rs:464
  _RNvMs4_NtCslNYArtu3iFV_5alloc7raw_vecNtB5_11RawVecInner16with_capacity_inB7_
    at /rustc/59807616e1fa2540724bfbac14d7976d7e4a3860/library/alloc/src/raw_vec/mod.rs:433
  _RNvMs3_NtCslNYArtu3iFV_5alloc7raw_vecINtB5_6RawVechE16with_capacity_inB7_
    at /rustc/59807616e1fa2540724bfbac14d7976d7e4a3860/library/alloc/src/raw_vec/mod.rs:177
  _RNvMsF_NtCslNYArtu3iFV_5alloc3vecINtB5_3VechE16with_capacity_inB7_
    at /rustc/59807616e1fa2540724bfbac14d7976d7e4a3860/library/alloc/src/vec/mod.rs:965
  _RNvMNtCslNYArtu3iFV_5alloc3vecINtB2_3VechE13with_capacityB4_
    at /rustc/59807616e1fa2540724bfbac14d7976d7e4a3860/library/alloc/src/vec/mod.rs:524
  _RNvMNtCslNYArtu3iFV_5alloc6stringNtB2_6String13with_capacity
    at /rustc/59807616e1fa2540724bfbac14d7976d7e4a3860/library/alloc/src/string.rs:485
  _RNvNvNtCslNYArtu3iFV_5alloc3fmt6format12format_inner
    at /rustc/59807616e1fa2540724bfbac14d7976d7e4a3860/library/alloc/src/fmt.rs:652
  alloc::fmt::format::_$u7b$$u7b$closure$u7d$$u7d$::h2b7246aff012b041
    at /rustc/59807616e1fa2540724bfbac14d7976d7e4a3860/library/alloc/src/fmt.rs:659
    in /home/zhuhe/code/litchi-target-0794/after-profile
  core::option::Option$LT$T$GT$::map_or_else::hcab317e3c972f449
    at /rustc/59807616e1fa2540724bfbac14d7976d7e4a3860/library/core/src/option.rs:1278
  _RNvNtCslNYArtu3iFV_5alloc3fmt6format
    at /rustc/59807616e1fa2540724bfbac14d7976d7e4a3860/library/alloc/src/fmt.rs:659
  namespace_uri_probe::source_text::h462b0efda1fd1970
    at /home/zhuhe/code/litchi/docs/performance/results/change-0794/probe-src/src/main.rs:727
  namespace_uri_probe::build::h7f2fafcec5a0bedf
    at /home/zhuhe/code/litchi/docs/performance/results/change-0794/probe-src/src/main.rs:739
  namespace_uri_probe::run::hdbc690e144543b88
    at /home/zhuhe/code/litchi/docs/performance/results/change-0794/probe-src/src/main.rs:262
  namespace_uri_probe::main::h111c17325c103c7d
    at /home/zhuhe/code/litchi/docs/performance/results/change-0794/probe-src/src/main.rs:247
  core::ops::function::FnOnce::call_once::he47c61c7854c5b96
    at /rustc/59807616e1fa2540724bfbac14d7976d7e4a3860/library/core/src/ops/function.rs:250
    in /home/zhuhe/code/litchi-target-0794/after-profile
  std::sys::backtrace::__rust_begin_short_backtrace::hbbaaf18b7eebb54e
    at /rustc/59807616e1fa2540724bfbac14d7976d7e4a3860/library/std/src/sys/backtrace.rs:166
  std::rt::lang_start::_$u7b$$u7b$closure$u7d$$u7d$::h9d2de9d185a04994
    at /rustc/59807616e1fa2540724bfbac14d7976d7e4a3860/library/std/src/rt.rs:206
    in /home/zhuhe/code/litchi-target-0794/after-profile
  _RNvXs0_NtNtNtCsgEmfK2I1SDS_4core3ops8function5implsRDINtB7_2FnuEp6OutputlNtNtBb_6marker4SyncNtNtNtBb_5panic11unwind_safe13RefUnwindSafeEL_INtB7_6FnOnceuE9call_onceCsjrHSEGnQ3l9_3std
    at library/core/src/ops/function.rs:287
    in /home/zhuhe/code/litchi-target-0794/after-profile
  _RINvNvNtCsjrHSEGnQ3l9_3std9panicking12catch_unwind7do_callRDINtNtNtCsgEmfK2I1SDS_4core3ops8function2FnuEp6OutputlNtNtB13_6marker4SyncNtNtNtB13_5panic11unwind_safe13RefUnwindSafeEL_lEB6_
    at /rustc/59807616e1fa2540724bfbac14d7976d7e4a3860/library/std/src/panicking.rs:581
  _RINvNtCsjrHSEGnQ3l9_3std9panicking12catch_unwindlRDINtNtNtCsgEmfK2I1SDS_4core3ops8function2FnuEp6OutputlNtNtBU_6marker4SyncNtNtNtBU_5panic11unwind_safe13RefUnwindSafeEL_EB4_
    at /rustc/59807616e1fa2540724bfbac14d7976d7e4a3860/library/std/src/panicking.rs:544
  _RINvNtCsjrHSEGnQ3l9_3std5panic12catch_unwindRDINtNtNtCsgEmfK2I1SDS_4core3ops8function2FnuEp6OutputlNtNtBP_6marker4SyncNtNtNtBP_5panic11unwind_safe13RefUnwindSafeEL_lEB4_
    at /rustc/59807616e1fa2540724bfbac14d7976d7e4a3860/library/std/src/panic.rs:359
  _RNCNvNtCsjrHSEGnQ3l9_3std2rt19lang_start_internal0B5_
    at /rustc/59807616e1fa2540724bfbac14d7976d7e4a3860/library/std/src/rt.rs:175
  _RINvNvNtCsjrHSEGnQ3l9_3std9panicking12catch_unwind7do_callNCNvNtB6_2rt19lang_start_internal0iEB6_
    at /rustc/59807616e1fa2540724bfbac14d7976d7e4a3860/library/std/src/panicking.rs:581
  _RINvNtCsjrHSEGnQ3l9_3std9panicking12catch_unwindiNCNvNtB4_2rt19lang_start_internal0EB4_
    at /rustc/59807616e1fa2540724bfbac14d7976d7e4a3860/library/std/src/panicking.rs:544
  _RINvNtCsjrHSEGnQ3l9_3std5panic12catch_unwindNCNvNtB4_2rt19lang_start_internal0iEB4_
    at /rustc/59807616e1fa2540724bfbac14d7976d7e4a3860/library/std/src/panic.rs:359
  _RNvNtCsjrHSEGnQ3l9_3std2rt19lang_start_internal
    at /rustc/59807616e1fa2540724bfbac14d7976d7e4a3860/library/std/src/rt.rs:171
  main
    in /home/zhuhe/code/litchi-target-0794/after-profile

10000 calls to allocation functions with 920.00K peak consumption from
  _RNvXNtNtNtCsjrHSEGnQ3l9_3std3sys5alloc4unixNtNtB8_5alloc6SystemNtNtNtCsgEmfK2I1SDS_4core5alloc6global11GlobalAlloc5alloc
    at library/std/src/sys/alloc/unix.rs:14
    in /home/zhuhe/code/litchi-target-0794/after-profile
  _RNvCsfLfy6EI15iL_7___rustc11___rdl_alloc
    at /rustc/59807616e1fa2540724bfbac14d7976d7e4a3860/library/std/src/alloc.rs:455
  _RNvNtCslNYArtu3iFV_5alloc5alloc5alloc
    at /rustc/59807616e1fa2540724bfbac14d7976d7e4a3860/library/alloc/src/alloc.rs:95
  _RNvMNtCslNYArtu3iFV_5alloc5allocNtB2_6Global18alloc_impl_runtime
    at /rustc/59807616e1fa2540724bfbac14d7976d7e4a3860/library/alloc/src/alloc.rs:190
  _RNvMNtCslNYArtu3iFV_5alloc5allocNtB2_6Global10alloc_impl
    at /rustc/59807616e1fa2540724bfbac14d7976d7e4a3860/library/alloc/src/alloc.rs:312
  _RNvXs_NtCslNYArtu3iFV_5alloc5allocNtB4_6GlobalNtNtCsgEmfK2I1SDS_4core5alloc9Allocator8allocate
    at /rustc/59807616e1fa2540724bfbac14d7976d7e4a3860/library/alloc/src/alloc.rs:429
  _RNvMs4_NtCslNYArtu3iFV_5alloc7raw_vecNtB5_11RawVecInner15try_allocate_inB7_
    at /rustc/59807616e1fa2540724bfbac14d7976d7e4a3860/library/alloc/src/raw_vec/mod.rs:464
  _RNvMs4_NtCslNYArtu3iFV_5alloc7raw_vecNtB5_11RawVecInner16with_capacity_inB7_
    at /rustc/59807616e1fa2540724bfbac14d7976d7e4a3860/library/alloc/src/raw_vec/mod.rs:433
  _RNvMs3_NtCslNYArtu3iFV_5alloc7raw_vecINtB5_6RawVechE16with_capacity_inB7_
    at /rustc/59807616e1fa2540724bfbac14d7976d7e4a3860/library/alloc/src/raw_vec/mod.rs:177
  _RNvMsF_NtCslNYArtu3iFV_5alloc3vecINtB5_3VechE16with_capacity_inB7_
    at /rustc/59807616e1fa2540724bfbac14d7976d7e4a3860/library/alloc/src/vec/mod.rs:965
  _RNvMNtCslNYArtu3iFV_5alloc3vecINtB2_3VechE13with_capacityB4_
    at /rustc/59807616e1fa2540724bfbac14d7976d7e4a3860/library/alloc/src/vec/mod.rs:524
  _RNvMNtCslNYArtu3iFV_5alloc6stringNtB2_6String13with_capacity
    at /rustc/59807616e1fa2540724bfbac14d7976d7e4a3860/library/alloc/src/string.rs:485
  _RNvNvNtCslNYArtu3iFV_5alloc3fmt6format12format_inner
    at /rustc/59807616e1fa2540724bfbac14d7976d7e4a3860/library/alloc/src/fmt.rs:652
  alloc::fmt::format::_$u7b$$u7b$closure$u7d$$u7d$::h2b7246aff012b041
    at /rustc/59807616e1fa2540724bfbac14d7976d7e4a3860/library/alloc/src/fmt.rs:659
    in /home/zhuhe/code/litchi-target-0794/after-profile
  core::option::Option$LT$T$GT$::map_or_else::hcab317e3c972f449
    at /rustc/59807616e1fa2540724bfbac14d7976d7e4a3860/library/core/src/option.rs:1278
  _RNvNtCslNYArtu3iFV_5alloc3fmt6format
    at /rustc/59807616e1fa2540724bfbac14d7976d7e4a3860/library/alloc/src/fmt.rs:659
  namespace_uri_probe::source_text::h462b0efda1fd1970
    at /home/zhuhe/code/litchi/docs/performance/results/change-0794/probe-src/src/main.rs:727
  namespace_uri_probe::expected_text::h8e5e04d47ffd4d6c
    at /home/zhuhe/code/litchi/docs/performance/results/change-0794/probe-src/src/main.rs:682
  namespace_uri_probe::verify_output::hf88d911dde4b0393
    at /home/zhuhe/code/litchi/docs/performance/results/change-0794/probe-src/src/main.rs:476
  namespace_uri_probe::build::h7f2fafcec5a0bedf
    at src/main.rs:782
    in /home/zhuhe/code/litchi-target-0794/after-profile
  namespace_uri_probe::run::hdbc690e144543b88
    at /home/zhuhe/code/litchi/docs/performance/results/change-0794/probe-src/src/main.rs:262
  namespace_uri_probe::main::h111c17325c103c7d
    at /home/zhuhe/code/litchi/docs/performance/results/change-0794/probe-src/src/main.rs:247
  core::ops::function::FnOnce::call_once::he47c61c7854c5b96
    at /rustc/59807616e1fa2540724bfbac14d7976d7e4a3860/library/core/src/ops/function.rs:250
    in /home/zhuhe/code/litchi-target-0794/after-profile
  std::sys::backtrace::__rust_begin_short_backtrace::hbbaaf18b7eebb54e
    at /rustc/59807616e1fa2540724bfbac14d7976d7e4a3860/library/std/src/sys/backtrace.rs:166
  std::rt::lang_start::_$u7b$$u7b$closure$u7d$$u7d$::h9d2de9d185a04994
    at /rustc/59807616e1fa2540724bfbac14d7976d7e4a3860/library/std/src/rt.rs:206
    in /home/zhuhe/code/litchi-target-0794/after-profile
  _RNvXs0_NtNtNtCsgEmfK2I1SDS_4core3ops8function5implsRDINtB7_2FnuEp6OutputlNtNtBb_6marker4SyncNtNtNtBb_5panic11unwind_safe13RefUnwindSafeEL_INtB7_6FnOnceuE9call_onceCsjrHSEGnQ3l9_3std
    at library/core/src/ops/function.rs:287
    in /home/zhuhe/code/litchi-target-0794/after-profile
  _RINvNvNtCsjrHSEGnQ3l9_3std9panicking12catch_unwind7do_callRDINtNtNtCsgEmfK2I1SDS_4core3ops8function2FnuEp6OutputlNtNtB13_6marker4SyncNtNtNtB13_5panic11unwind_safe13RefUnwindSafeEL_lEB6_
    at /rustc/59807616e1fa2540724bfbac14d7976d7e4a3860/library/std/src/panicking.rs:581
  _RINvNtCsjrHSEGnQ3l9_3std9panicking12catch_unwindlRDINtNtNtCsgEmfK2I1SDS_4core3ops8function2FnuEp6OutputlNtNtBU_6marker4SyncNtNtNtBU_5panic11unwind_safe13RefUnwindSafeEL_EB4_
    at /rustc/59807616e1fa2540724bfbac14d7976d7e4a3860/library/std/src/panicking.rs:544
  _RINvNtCsjrHSEGnQ3l9_3std5panic12catch_unwindRDINtNtNtCsgEmfK2I1SDS_4core3ops8function2FnuEp6OutputlNtNtBP_6marker4SyncNtNtNtBP_5panic11unwind_safe13RefUnwindSafeEL_lEB4_
    at /rustc/59807616e1fa2540724bfbac14d7976d7e4a3860/library/std/src/panic.rs:359
  _RNCNvNtCsjrHSEGnQ3l9_3std2rt19lang_start_internal0B5_
    at /rustc/59807616e1fa2540724bfbac14d7976d7e4a3860/library/std/src/rt.rs:175
  _RINvNvNtCsjrHSEGnQ3l9_3std9panicking12catch_unwind7do_callNCNvNtB6_2rt19lang_start_internal0iEB6_
    at /rustc/59807616e1fa2540724bfbac14d7976d7e4a3860/library/std/src/panicking.rs:581
  _RINvNtCsjrHSEGnQ3l9_3std9panicking12catch_unwindiNCNvNtB4_2rt19lang_start_internal0EB4_
    at /rustc/59807616e1fa2540724bfbac14d7976d7e4a3860/library/std/src/panicking.rs:544
  _RINvNtCsjrHSEGnQ3l9_3std5panic12catch_unwindNCNvNtB4_2rt19lang_start_internal0iEB4_
    at /rustc/59807616e1fa2540724bfbac14d7976d7e4a3860/library/std/src/panic.rs:359
  _RNvNtCsjrHSEGnQ3l9_3std2rt19lang_start_internal
    at /rustc/59807616e1fa2540724bfbac14d7976d7e4a3860/library/std/src/rt.rs:171
  main
    in /home/zhuhe/code/litchi-target-0794/after-profile

9300 calls to allocation functions with 0B peak consumption from
  _RNvXNtNtNtCsjrHSEGnQ3l9_3std3sys5alloc4unixNtNtB8_5alloc6SystemNtNtNtCsgEmfK2I1SDS_4core5alloc6global11GlobalAlloc7realloc
    at /rustc/59807616e1fa2540724bfbac14d7976d7e4a3860/library/std/src/sys/alloc/unix.rs:54
    in /home/zhuhe/code/litchi-target-0794/after-profile
  _RNvCsfLfy6EI15iL_7___rustc13___rdl_realloc
    at /rustc/59807616e1fa2540724bfbac14d7976d7e4a3860/library/std/src/alloc.rs:477
  _RNvNtCslNYArtu3iFV_5alloc5alloc7realloc
    at /rustc/59807616e1fa2540724bfbac14d7976d7e4a3860/library/alloc/src/alloc.rs:135
  _RNvMNtCslNYArtu3iFV_5alloc5allocNtB2_6Global17grow_impl_runtime
    at /rustc/59807616e1fa2540724bfbac14d7976d7e4a3860/library/alloc/src/alloc.rs:239
  _RNvMNtCslNYArtu3iFV_5alloc5allocNtB2_6Global9grow_impl
    at /rustc/59807616e1fa2540724bfbac14d7976d7e4a3860/library/alloc/src/alloc.rs:342
  _RNvXs_NtCslNYArtu3iFV_5alloc5allocNtB4_6GlobalNtNtCsgEmfK2I1SDS_4core5alloc9Allocator4grow
    at /rustc/59807616e1fa2540724bfbac14d7976d7e4a3860/library/alloc/src/alloc.rs:454
  alloc::raw_vec::RawVecInner$LT$A$GT$::finish_grow::h8ff15ce40aadbdf4
    at /rustc/59807616e1fa2540724bfbac14d7976d7e4a3860/library/alloc/src/raw_vec/mod.rs:555
  alloc::raw_vec::RawVecInner$LT$A$GT$::grow_amortized::hbc8ade9e89e33c5f
    at /rustc/59807616e1fa2540724bfbac14d7976d7e4a3860/library/alloc/src/raw_vec/mod.rs:527
    in /home/zhuhe/code/litchi-target-0794/after-profile
  alloc::raw_vec::RawVecInner$LT$A$GT$::reserve::do_reserve_and_handle::h784cf714b219371b
    at /rustc/59807616e1fa2540724bfbac14d7976d7e4a3860/library/alloc/src/raw_vec/mod.rs:666
  alloc::raw_vec::RawVecInner$LT$A$GT$::reserve::h17d7958482d92b3e
    at /rustc/59807616e1fa2540724bfbac14d7976d7e4a3860/library/alloc/src/raw_vec/mod.rs:673
    in /home/zhuhe/code/litchi-target-0794/after-profile
  alloc::raw_vec::RawVec$LT$T$C$A$GT$::reserve::h3e1ea0884a80f804
    at /rustc/59807616e1fa2540724bfbac14d7976d7e4a3860/library/alloc/src/raw_vec/mod.rs:340
  alloc::vec::Vec$LT$T$C$A$GT$::reserve::h70de0091f0045751
    at /rustc/59807616e1fa2540724bfbac14d7976d7e4a3860/library/alloc/src/vec/mod.rs:1446
  alloc::vec::Vec$LT$T$C$A$GT$::append_elements::h61a26185baf27384
    at /rustc/59807616e1fa2540724bfbac14d7976d7e4a3860/library/alloc/src/vec/mod.rs:2879
  _$LT$alloc..vec..Vec$LT$T$C$A$GT$$u20$as$u20$alloc..vec..spec_extend..SpecExtend$LT$$RF$T$C$core..slice..iter..Iter$LT$T$GT$$GT$$GT$::spec_extend::he755268f696fd376
    at /rustc/59807616e1fa2540724bfbac14d7976d7e4a3860/library/alloc/src/vec/spec_extend.rs:56
  alloc::vec::Vec$LT$T$C$A$GT$::extend_from_slice::h955dd7c054c9dd30
    at /rustc/59807616e1fa2540724bfbac14d7976d7e4a3860/library/alloc/src/vec/mod.rs:3500
  _RNvMNtCslNYArtu3iFV_5alloc6stringNtB2_6String8push_str
    at /rustc/59807616e1fa2540724bfbac14d7976d7e4a3860/library/alloc/src/string.rs:1102
  litchi_pptx::writer::shape::MutableShape::to_xml_with_designer::h5a55a8b9fc0d35f5
    at /home/zhuhe/code/litchi/crates/litchi-pptx/src/writer/shape.rs:320
  litchi_pptx::writer::slide::MutableSlide::generate_slide_xml_with::h1ce517fc01d2e41f
    at src/writer/slide.rs:452
    in /home/zhuhe/code/litchi-target-0794/after-profile
  litchi_pptx::package::codec::_$LT$impl$u20$litchi_pptx..package..model..Package$GT$::materialize_presentation::h3df86074ae5b9cff
    at src/package/codec.rs:487
    in /home/zhuhe/code/litchi-target-0794/after-profile
  litchi_pptx::package::codec::_$LT$impl$u20$litchi_pptx..package..model..Package$GT$::flush_presentation::_$u7b$$u7b$closure$u7d$$u7d$::hfb94e2e9c4f25e7a
    at /home/zhuhe/code/litchi/crates/litchi-pptx/src/package/codec.rs:405
  litchi_pptx::package::codec::_$LT$impl$u20$litchi_pptx..package..model..Package$GT$::flush_presentation::h7581c466e9001d12
    at /home/zhuhe/code/litchi/crates/litchi-pptx/src/package/codec.rs:403
  litchi_pptx::package::codec::_$LT$impl$u20$litchi_pptx..package..model..Package$GT$::to_bytes::h8392a9b65728ab72
    at src/package/codec.rs:341
    in /home/zhuhe/code/litchi-target-0794/after-profile
  namespace_uri_probe::build::h7f2fafcec5a0bedf
    at src/main.rs:748
    in /home/zhuhe/code/litchi-target-0794/after-profile
  namespace_uri_probe::run::hdbc690e144543b88
    at /home/zhuhe/code/litchi/docs/performance/results/change-0794/probe-src/src/main.rs:262
  namespace_uri_probe::main::h111c17325c103c7d
    at /home/zhuhe/code/litchi/docs/performance/results/change-0794/probe-src/src/main.rs:247
  core::ops::function::FnOnce::call_once::he47c61c7854c5b96
    at /rustc/59807616e1fa2540724bfbac14d7976d7e4a3860/library/core/src/ops/function.rs:250
    in /home/zhuhe/code/litchi-target-0794/after-profile
  std::sys::backtrace::__rust_begin_short_backtrace::hbbaaf18b7eebb54e
    at /rustc/59807616e1fa2540724bfbac14d7976d7e4a3860/library/std/src/sys/backtrace.rs:166
  std::rt::lang_start::_$u7b$$u7b$closure$u7d$$u7d$::h9d2de9d185a04994
    at /rustc/59807616e1fa2540724bfbac14d7976d7e4a3860/library/std/src/rt.rs:206
    in /home/zhuhe/code/litchi-target-0794/after-profile
  _RNvXs0_NtNtNtCsgEmfK2I1SDS_4core3ops8function5implsRDINtB7_2FnuEp6OutputlNtNtBb_6marker4SyncNtNtNtBb_5panic11unwind_safe13RefUnwindSafeEL_INtB7_6FnOnceuE9call_onceCsjrHSEGnQ3l9_3std
    at library/core/src/ops/function.rs:287
    in /home/zhuhe/code/litchi-target-0794/after-profile
  _RINvNvNtCsjrHSEGnQ3l9_3std9panicking12catch_unwind7do_callRDINtNtNtCsgEmfK2I1SDS_4core3ops8function2FnuEp6OutputlNtNtB13_6marker4SyncNtNtNtB13_5panic11unwind_safe13RefUnwindSafeEL_lEB6_
    at /rustc/59807616e1fa2540724bfbac14d7976d7e4a3860/library/std/src/panicking.rs:581
  _RINvNtCsjrHSEGnQ3l9_3std9panicking12catch_unwindlRDINtNtNtCsgEmfK2I1SDS_4core3ops8function2FnuEp6OutputlNtNtBU_6marker4SyncNtNtNtBU_5panic11unwind_safe13RefUnwindSafeEL_EB4_
    at /rustc/59807616e1fa2540724bfbac14d7976d7e4a3860/library/std/src/panicking.rs:544
  _RINvNtCsjrHSEGnQ3l9_3std5panic12catch_unwindRDINtNtNtCsgEmfK2I1SDS_4core3ops8function2FnuEp6OutputlNtNtBP_6marker4SyncNtNtNtBP_5panic11unwind_safe13RefUnwindSafeEL_lEB4_
    at /rustc/59807616e1fa2540724bfbac14d7976d7e4a3860/library/std/src/panic.rs:359
  _RNCNvNtCsjrHSEGnQ3l9_3std2rt19lang_start_internal0B5_
    at /rustc/59807616e1fa2540724bfbac14d7976d7e4a3860/library/std/src/rt.rs:175
  _RINvNvNtCsjrHSEGnQ3l9_3std9panicking12catch_unwind7do_callNCNvNtB6_2rt19lang_start_internal0iEB6_
    at /rustc/59807616e1fa2540724bfbac14d7976d7e4a3860/library/std/src/panicking.rs:581
  _RINvNtCsjrHSEGnQ3l9_3std9panicking12catch_unwindiNCNvNtB4_2rt19lang_start_internal0EB4_
    at /rustc/59807616e1fa2540724bfbac14d7976d7e4a3860/library/std/src/panicking.rs:544
  _RINvNtCsjrHSEGnQ3l9_3std5panic12catch_unwindNCNvNtB4_2rt19lang_start_internal0iEB4_
    at /rustc/59807616e1fa2540724bfbac14d7976d7e4a3860/library/std/src/panic.rs:359
  _RNvNtCsjrHSEGnQ3l9_3std2rt19lang_start_internal
    at /rustc/59807616e1fa2540724bfbac14d7976d7e4a3860/library/std/src/rt.rs:171
  main
    in /home/zhuhe/code/litchi-target-0794/after-profile

700 calls to allocation functions with 0B peak consumption from
  _RNvXNtNtNtCsjrHSEGnQ3l9_3std3sys5alloc4unixNtNtB8_5alloc6SystemNtNtNtCsgEmfK2I1SDS_4core5alloc6global11GlobalAlloc7realloc
    at /rustc/59807616e1fa2540724bfbac14d7976d7e4a3860/library/std/src/sys/alloc/unix.rs:54
    in /home/zhuhe/code/litchi-target-0794/after-profile
  _RNvCsfLfy6EI15iL_7___rustc13___rdl_realloc
    at /rustc/59807616e1fa2540724bfbac14d7976d7e4a3860/library/std/src/alloc.rs:477
  _RNvNtCslNYArtu3iFV_5alloc5alloc7realloc
    at /rustc/59807616e1fa2540724bfbac14d7976d7e4a3860/library/alloc/src/alloc.rs:135
  _RNvMNtCslNYArtu3iFV_5alloc5allocNtB2_6Global17grow_impl_runtime
    at /rustc/59807616e1fa2540724bfbac14d7976d7e4a3860/library/alloc/src/alloc.rs:239
  _RNvMNtCslNYArtu3iFV_5alloc5allocNtB2_6Global9grow_impl
    at /rustc/59807616e1fa2540724bfbac14d7976d7e4a3860/library/alloc/src/alloc.rs:342
  _RNvXs_NtCslNYArtu3iFV_5alloc5allocNtB4_6GlobalNtNtCsgEmfK2I1SDS_4core5alloc9Allocator4grow
    at /rustc/59807616e1fa2540724bfbac14d7976d7e4a3860/library/alloc/src/alloc.rs:454
  alloc::raw_vec::RawVecInner$LT$A$GT$::finish_grow::h8ff15ce40aadbdf4
    at /rustc/59807616e1fa2540724bfbac14d7976d7e4a3860/library/alloc/src/raw_vec/mod.rs:555
  alloc::raw_vec::RawVecInner$LT$A$GT$::grow_amortized::hbc8ade9e89e33c5f
    at /rustc/59807616e1fa2540724bfbac14d7976d7e4a3860/library/alloc/src/raw_vec/mod.rs:527
    in /home/zhuhe/code/litchi-target-0794/after-profile
  alloc::raw_vec::RawVecInner$LT$A$GT$::reserve::do_reserve_and_handle::h784cf714b219371b
    at /rustc/59807616e1fa2540724bfbac14d7976d7e4a3860/library/alloc/src/raw_vec/mod.rs:666
  alloc::raw_vec::RawVecInner$LT$A$GT$::reserve::h17d7958482d92b3e
    at /rustc/59807616e1fa2540724bfbac14d7976d7e4a3860/library/alloc/src/raw_vec/mod.rs:673
    in /home/zhuhe/code/litchi-target-0794/after-profile
  alloc::raw_vec::RawVec$LT$T$C$A$GT$::reserve::h3e1ea0884a80f804
    at /rustc/59807616e1fa2540724bfbac14d7976d7e4a3860/library/alloc/src/raw_vec/mod.rs:340
  alloc::vec::Vec$LT$T$C$A$GT$::reserve::h70de0091f0045751
    at /rustc/59807616e1fa2540724bfbac14d7976d7e4a3860/library/alloc/src/vec/mod.rs:1446
  alloc::vec::Vec$LT$T$C$A$GT$::append_elements::h61a26185baf27384
    at /rustc/59807616e1fa2540724bfbac14d7976d7e4a3860/library/alloc/src/vec/mod.rs:2879
  _$LT$alloc..vec..Vec$LT$T$C$A$GT$$u20$as$u20$alloc..vec..spec_extend..SpecExtend$LT$$RF$T$C$core..slice..iter..Iter$LT$T$GT$$GT$$GT$::spec_extend::he755268f696fd376
    at /rustc/59807616e1fa2540724bfbac14d7976d7e4a3860/library/alloc/src/vec/spec_extend.rs:56
  alloc::vec::Vec$LT$T$C$A$GT$::extend_from_slice::h955dd7c054c9dd30
    at /rustc/59807616e1fa2540724bfbac14d7976d7e4a3860/library/alloc/src/vec/mod.rs:3500
  _RNvMNtCslNYArtu3iFV_5alloc6stringNtB2_6String8push_str
    at /rustc/59807616e1fa2540724bfbac14d7976d7e4a3860/library/alloc/src/string.rs:1102
  litchi_pptx::writer::shape::MutableShape::to_xml_with_designer::h5a55a8b9fc0d35f5
    at /home/zhuhe/code/litchi/crates/litchi-pptx/src/writer/shape.rs:321
  litchi_pptx::writer::slide::MutableSlide::generate_slide_xml_with::h1ce517fc01d2e41f
    at src/writer/slide.rs:452
    in /home/zhuhe/code/litchi-target-0794/after-profile
  litchi_pptx::package::codec::_$LT$impl$u20$litchi_pptx..package..model..Package$GT$::materialize_presentation::h3df86074ae5b9cff
    at src/package/codec.rs:487
    in /home/zhuhe/code/litchi-target-0794/after-profile
  litchi_pptx::package::codec::_$LT$impl$u20$litchi_pptx..package..model..Package$GT$::flush_presentation::_$u7b$$u7b$closure$u7d$$u7d$::hfb94e2e9c4f25e7a
    at /home/zhuhe/code/litchi/crates/litchi-pptx/src/package/codec.rs:405
  litchi_pptx::package::codec::_$LT$impl$u20$litchi_pptx..package..model..Package$GT$::flush_presentation::h7581c466e9001d12
    at /home/zhuhe/code/litchi/crates/litchi-pptx/src/package/codec.rs:403
  litchi_pptx::package::codec::_$LT$impl$u20$litchi_pptx..package..model..Package$GT$::to_bytes::h8392a9b65728ab72
    at src/package/codec.rs:341
    in /home/zhuhe/code/litchi-target-0794/after-profile
  namespace_uri_probe::build::h7f2fafcec5a0bedf
    at src/main.rs:748
    in /home/zhuhe/code/litchi-target-0794/after-profile
  namespace_uri_probe::run::hdbc690e144543b88
    at /home/zhuhe/code/litchi/docs/performance/results/change-0794/probe-src/src/main.rs:262
  namespace_uri_probe::main::h111c17325c103c7d
    at /home/zhuhe/code/litchi/docs/performance/results/change-0794/probe-src/src/main.rs:247
  core::ops::function::FnOnce::call_once::he47c61c7854c5b96
    at /rustc/59807616e1fa2540724bfbac14d7976d7e4a3860/library/core/src/ops/function.rs:250
    in /home/zhuhe/code/litchi-target-0794/after-profile
  std::sys::backtrace::__rust_begin_short_backtrace::hbbaaf18b7eebb54e
    at /rustc/59807616e1fa2540724bfbac14d7976d7e4a3860/library/std/src/sys/backtrace.rs:166
  std::rt::lang_start::_$u7b$$u7b$closure$u7d$$u7d$::h9d2de9d185a04994
    at /rustc/59807616e1fa2540724bfbac14d7976d7e4a3860/library/std/src/rt.rs:206
    in /home/zhuhe/code/litchi-target-0794/after-profile
  _RNvXs0_NtNtNtCsgEmfK2I1SDS_4core3ops8function5implsRDINtB7_2FnuEp6OutputlNtNtBb_6marker4SyncNtNtNtBb_5panic11unwind_safe13RefUnwindSafeEL_INtB7_6FnOnceuE9call_onceCsjrHSEGnQ3l9_3std
    at library/core/src/ops/function.rs:287
    in /home/zhuhe/code/litchi-target-0794/after-profile
  _RINvNvNtCsjrHSEGnQ3l9_3std9panicking12catch_unwind7do_callRDINtNtNtCsgEmfK2I1SDS_4core3ops8function2FnuEp6OutputlNtNtB13_6marker4SyncNtNtNtB13_5panic11unwind_safe13RefUnwindSafeEL_lEB6_
    at /rustc/59807616e1fa2540724bfbac14d7976d7e4a3860/library/std/src/panicking.rs:581
  _RINvNtCsjrHSEGnQ3l9_3std9panicking12catch_unwindlRDINtNtNtCsgEmfK2I1SDS_4core3ops8function2FnuEp6OutputlNtNtBU_6marker4SyncNtNtNtBU_5panic11unwind_safe13RefUnwindSafeEL_EB4_
    at /rustc/59807616e1fa2540724bfbac14d7976d7e4a3860/library/std/src/panicking.rs:544
  _RINvNtCsjrHSEGnQ3l9_3std5panic12catch_unwindRDINtNtNtCsgEmfK2I1SDS_4core3ops8function2FnuEp6OutputlNtNtBP_6marker4SyncNtNtNtBP_5panic11unwind_safe13RefUnwindSafeEL_lEB4_
    at /rustc/59807616e1fa2540724bfbac14d7976d7e4a3860/library/std/src/panic.rs:359
  _RNCNvNtCsjrHSEGnQ3l9_3std2rt19lang_start_internal0B5_
    at /rustc/59807616e1fa2540724bfbac14d7976d7e4a3860/library/std/src/rt.rs:175
  _RINvNvNtCsjrHSEGnQ3l9_3std9panicking12catch_unwind7do_callNCNvNtB6_2rt19lang_start_internal0iEB6_
    at /rustc/59807616e1fa2540724bfbac14d7976d7e4a3860/library/std/src/panicking.rs:581
  _RINvNtCsjrHSEGnQ3l9_3std9panicking12catch_unwindiNCNvNtB4_2rt19lang_start_internal0EB4_
    at /rustc/59807616e1fa2540724bfbac14d7976d7e4a3860/library/std/src/panicking.rs:544
  _RINvNtCsjrHSEGnQ3l9_3std5panic12catch_unwindNCNvNtB4_2rt19lang_start_internal0iEB4_
    at /rustc/59807616e1fa2540724bfbac14d7976d7e4a3860/library/std/src/panic.rs:359
  _RNvNtCsjrHSEGnQ3l9_3std2rt19lang_start_internal
    at /rustc/59807616e1fa2540724bfbac14d7976d7e4a3860/library/std/src/rt.rs:171
  main
    in /home/zhuhe/code/litchi-target-0794/after-profile

687 calls to allocation functions with 0B peak consumption from
  _RNvNtCslNYArtu3iFV_5alloc5alloc5alloc
    at /rustc/59807616e1fa2540724bfbac14d7976d7e4a3860/library/alloc/src/alloc.rs:95
    in /home/zhuhe/code/litchi-target-0794/after-profile
  _RNvMNtCslNYArtu3iFV_5alloc5allocNtB2_6Global18alloc_impl_runtime
    at /rustc/59807616e1fa2540724bfbac14d7976d7e4a3860/library/alloc/src/alloc.rs:190
  _RNvMNtCslNYArtu3iFV_5alloc5allocNtB2_6Global10alloc_impl
    at /rustc/59807616e1fa2540724bfbac14d7976d7e4a3860/library/alloc/src/alloc.rs:312
  _RNvXs_NtCslNYArtu3iFV_5alloc5allocNtB4_6GlobalNtNtCsgEmfK2I1SDS_4core5alloc9Allocator8allocate
    at /rustc/59807616e1fa2540724bfbac14d7976d7e4a3860/library/alloc/src/alloc.rs:429
  alloc::raw_vec::RawVecInner$LT$A$GT$::try_allocate_in::h1b7ff18f470ae5f6
    at /rustc/59807616e1fa2540724bfbac14d7976d7e4a3860/library/alloc/src/raw_vec/mod.rs:464
  alloc::raw_vec::RawVecInner$LT$A$GT$::with_capacity_in::h07bf7911027133ec
    at /rustc/59807616e1fa2540724bfbac14d7976d7e4a3860/library/alloc/src/raw_vec/mod.rs:433
  alloc::raw_vec::RawVec$LT$T$C$A$GT$::with_capacity_in::hae21c50df7b7bf6d
    at /rustc/59807616e1fa2540724bfbac14d7976d7e4a3860/library/alloc/src/raw_vec/mod.rs:177
  alloc::vec::Vec$LT$T$C$A$GT$::with_capacity_in::hb4416c543748ae37
    at /rustc/59807616e1fa2540724bfbac14d7976d7e4a3860/library/alloc/src/vec/mod.rs:965
  _$LT$T$u20$as$u20$alloc..slice..$LT$impl$u20$$u5b$T$u5d$$GT$..to_vec_in..ConvertVec$GT$::to_vec::h7f4785d276cdc255
    at /rustc/59807616e1fa2540724bfbac14d7976d7e4a3860/library/alloc/src/slice.rs:448
  alloc::slice::_$LT$impl$u20$$u5b$T$u5d$$GT$::to_vec_in::h035ed904ba3f4568
    at /rustc/59807616e1fa2540724bfbac14d7976d7e4a3860/library/alloc/src/slice.rs:400
  alloc::slice::_$LT$impl$u20$$u5b$T$u5d$$GT$::to_vec::h4870e14b8edc4f22
    at /rustc/59807616e1fa2540724bfbac14d7976d7e4a3860/library/alloc/src/slice.rs:376
  alloc::slice::_$LT$impl$u20$alloc..borrow..ToOwned$u20$for$u20$$u5b$T$u5d$$GT$::to_owned::haae41a547b6f923c
    at /rustc/59807616e1fa2540724bfbac14d7976d7e4a3860/library/alloc/src/slice.rs:842
  _RNvXs2_NtCslNYArtu3iFV_5alloc3streNtNtB7_6borrow7ToOwned8to_owned
    at /rustc/59807616e1fa2540724bfbac14d7976d7e4a3860/library/alloc/src/str.rs:211
  _RNvXsK_NtCslNYArtu3iFV_5alloc6stringNtB5_6StringINtNtCsgEmfK2I1SDS_4core7convert4FromReE4from
    at /rustc/59807616e1fa2540724bfbac14d7976d7e4a3860/library/alloc/src/string.rs:3114
  _RNvXs1N_NtCslNYArtu3iFV_5alloc6stringINtNtB8_6borrow3CoweENtB6_12SpecToString14spec_to_string
    at /rustc/59807616e1fa2540724bfbac14d7976d7e4a3860/library/alloc/src/string.rs:3045
  _$LT$T$u20$as$u20$alloc..string..ToString$GT$::to_string::ha21346db83c61c87
    at /rustc/59807616e1fa2540724bfbac14d7976d7e4a3860/library/alloc/src/string.rs:2894
  litchi_opc::pkgreader::inspect_relationship_element::_$u7b$$u7b$closure$u7d$$u7d$::h2252e1f8e10b075c
    at /home/zhuhe/code/litchi/crates/litchi-opc/src/pkgreader.rs:2161
  core::result::Result$LT$T$C$E$GT$::map::h178c979c30e5ee15
    at /rustc/59807616e1fa2540724bfbac14d7976d7e4a3860/library/core/src/result.rs:836
  litchi_opc::pkgreader::inspect_relationship_element::h2faadecf03b256e3
    at /home/zhuhe/code/litchi/crates/litchi-opc/src/pkgreader.rs:2161
  litchi_opc::pkgreader::PackageReader::parse_rels_xml_with_source::h61f5833aa9973478
    at src/pkgreader.rs:1164
    in /home/zhuhe/code/litchi-target-0794/after-profile
  litchi_opc::pkgreader::PackageReader::load_rels_lazy::hf86b95ba25da5aa8
    at src/pkgreader.rs:1240
    in /home/zhuhe/code/litchi-target-0794/after-profile
  litchi_opc::pkgreader::PackageReader::walk_relationship_graph::hf2768ad4e2d90388
    at src/pkgreader.rs:1857
    in /home/zhuhe/code/litchi-target-0794/after-profile
  litchi_opc::pkgreader::PackageReader::load_parts_eager::h4b110d8c47df7e35
    at /home/zhuhe/code/litchi/crates/litchi-opc/src/pkgreader.rs:1310
  litchi_opc::pkgreader::PackageReader::from_phys_reader::hf864183a4b3f3be9
    at src/pkgreader.rs:897
    in /home/zhuhe/code/litchi-target-0794/after-profile
  litchi_opc::package::OpcPackage::from_bytes_with_limits::h6bd20fce007e2697
    at src/package.rs:1129
    in /home/zhuhe/code/litchi-target-0794/after-profile
  litchi_pptx::package::codec::_$LT$impl$u20$litchi_pptx..package..model..Package$GT$::from_bytes_with_limits::hae62f6019e0139e1
    at src/package/codec.rs:254
    in /home/zhuhe/code/litchi-target-0794/after-profile
  litchi_pptx::package::codec::_$LT$impl$u20$litchi_pptx..package..model..Package$GT$::from_bytes::h639b098ba88a28bc
    at /home/zhuhe/code/litchi/crates/litchi-pptx/src/package/codec.rs:245
  namespace_uri_probe::verify_output::hf88d911dde4b0393
    at src/main.rs:474
    in /home/zhuhe/code/litchi-target-0794/after-profile
  namespace_uri_probe::run_capture::h4c09f4f0575599d6
    at src/main.rs:372
    in /home/zhuhe/code/litchi-target-0794/after-profile
  namespace_uri_probe::run_one::hb13ba1911b83e791
    at /home/zhuhe/code/litchi/docs/performance/results/change-0794/probe-src/src/main.rs:341
  namespace_uri_probe::run::hdbc690e144543b88
    at src/main.rs:282
    in /home/zhuhe/code/litchi-target-0794/after-profile
  namespace_uri_probe::main::h111c17325c103c7d
    at /home/zhuhe/code/litchi/docs/performance/results/change-0794/probe-src/src/main.rs:247
  core::ops::function::FnOnce::call_once::he47c61c7854c5b96
    at /rustc/59807616e1fa2540724bfbac14d7976d7e4a3860/library/core/src/ops/function.rs:250
    in /home/zhuhe/code/litchi-target-0794/after-profile
  std::sys::backtrace::__rust_begin_short_backtrace::hbbaaf18b7eebb54e
    at /rustc/59807616e1fa2540724bfbac14d7976d7e4a3860/library/std/src/sys/backtrace.rs:166
  std::rt::lang_start::_$u7b$$u7b$closure$u7d$$u7d$::h9d2de9d185a04994
    at /rustc/59807616e1fa2540724bfbac14d7976d7e4a3860/library/std/src/rt.rs:206
    in /home/zhuhe/code/litchi-target-0794/after-profile
  _RNvXs0_NtNtNtCsgEmfK2I1SDS_4core3ops8function5implsRDINtB7_2FnuEp6OutputlNtNtBb_6marker4SyncNtNtNtBb_5panic11unwind_safe13RefUnwindSafeEL_INtB7_6FnOnceuE9call_onceCsjrHSEGnQ3l9_3std
    at library/core/src/ops/function.rs:287
    in /home/zhuhe/code/litchi-target-0794/after-profile
  _RINvNvNtCsjrHSEGnQ3l9_3std9panicking12catch_unwind7do_callRDINtNtNtCsgEmfK2I1SDS_4core3ops8function2FnuEp6OutputlNtNtB13_6marker4SyncNtNtNtB13_5panic11unwind_safe13RefUnwindSafeEL_lEB6_
    at /rustc/59807616e1fa2540724bfbac14d7976d7e4a3860/library/std/src/panicking.rs:581
  _RINvNtCsjrHSEGnQ3l9_3std9panicking12catch_unwindlRDINtNtNtCsgEmfK2I1SDS_4core3ops8function2FnuEp6OutputlNtNtBU_6marker4SyncNtNtNtBU_5panic11unwind_safe13RefUnwindSafeEL_EB4_
    at /rustc/59807616e1fa2540724bfbac14d7976d7e4a3860/library/std/src/panicking.rs:544
  _RINvNtCsjrHSEGnQ3l9_3std5panic12catch_unwindRDINtNtNtCsgEmfK2I1SDS_4core3ops8function2FnuEp6OutputlNtNtBP_6marker4SyncNtNtNtBP_5panic11unwind_safe13RefUnwindSafeEL_lEB4_
    at /rustc/59807616e1fa2540724bfbac14d7976d7e4a3860/library/std/src/panic.rs:359
  _RNCNvNtCsjrHSEGnQ3l9_3std2rt19lang_start_internal0B5_
    at /rustc/59807616e1fa2540724bfbac14d7976d7e4a3860/library/std/src/rt.rs:175
  _RINvNvNtCsjrHSEGnQ3l9_3std9panicking12catch_unwind7do_callNCNvNtB6_2rt19lang_start_internal0iEB6_
    at /rustc/59807616e1fa2540724bfbac14d7976d7e4a3860/library/std/src/panicking.rs:581
  _RINvNtCsjrHSEGnQ3l9_3std9panicking12catch_unwindiNCNvNtB4_2rt19lang_start_internal0EB4_
    at /rustc/59807616e1fa2540724bfbac14d7976d7e4a3860/library/std/src/panicking.rs:544
  _RINvNtCsjrHSEGnQ3l9_3std5panic12catch_unwindNCNvNtB4_2rt19lang_start_internal0iEB4_
    at /rustc/59807616e1fa2540724bfbac14d7976d7e4a3860/library/std/src/panic.rs:359
  _RNvNtCsjrHSEGnQ3l9_3std2rt19lang_start_internal
    at /rustc/59807616e1fa2540724bfbac14d7976d7e4a3860/library/std/src/rt.rs:171
  main
    in /home/zhuhe/code/litchi-target-0794/after-profile

687 calls to allocation functions with 24.35K peak consumption from
  _RNvNtCslNYArtu3iFV_5alloc5alloc5alloc
    at /rustc/59807616e1fa2540724bfbac14d7976d7e4a3860/library/alloc/src/alloc.rs:95
    in /home/zhuhe/code/litchi-target-0794/after-profile
  _RNvMNtCslNYArtu3iFV_5alloc5allocNtB2_6Global18alloc_impl_runtime
    at /rustc/59807616e1fa2540724bfbac14d7976d7e4a3860/library/alloc/src/alloc.rs:190
  _RNvMNtCslNYArtu3iFV_5alloc5allocNtB2_6Global10alloc_impl
    at /rustc/59807616e1fa2540724bfbac14d7976d7e4a3860/library/alloc/src/alloc.rs:312
  _RNvXs_NtCslNYArtu3iFV_5alloc5allocNtB4_6GlobalNtNtCsgEmfK2I1SDS_4core5alloc9Allocator8allocate
    at /rustc/59807616e1fa2540724bfbac14d7976d7e4a3860/library/alloc/src/alloc.rs:429
  alloc::raw_vec::RawVecInner$LT$A$GT$::try_allocate_in::h1b7ff18f470ae5f6
    at /rustc/59807616e1fa2540724bfbac14d7976d7e4a3860/library/alloc/src/raw_vec/mod.rs:464
  alloc::raw_vec::RawVecInner$LT$A$GT$::with_capacity_in::h07bf7911027133ec
    at /rustc/59807616e1fa2540724bfbac14d7976d7e4a3860/library/alloc/src/raw_vec/mod.rs:433
  alloc::raw_vec::RawVec$LT$T$C$A$GT$::with_capacity_in::hae21c50df7b7bf6d
    at /rustc/59807616e1fa2540724bfbac14d7976d7e4a3860/library/alloc/src/raw_vec/mod.rs:177
  alloc::vec::Vec$LT$T$C$A$GT$::with_capacity_in::hb4416c543748ae37
    at /rustc/59807616e1fa2540724bfbac14d7976d7e4a3860/library/alloc/src/vec/mod.rs:965
  _$LT$T$u20$as$u20$alloc..slice..$LT$impl$u20$$u5b$T$u5d$$GT$..to_vec_in..ConvertVec$GT$::to_vec::h7f4785d276cdc255
    at /rustc/59807616e1fa2540724bfbac14d7976d7e4a3860/library/alloc/src/slice.rs:448
  alloc::slice::_$LT$impl$u20$$u5b$T$u5d$$GT$::to_vec_in::h035ed904ba3f4568
    at /rustc/59807616e1fa2540724bfbac14d7976d7e4a3860/library/alloc/src/slice.rs:400
  alloc::slice::_$LT$impl$u20$$u5b$T$u5d$$GT$::to_vec::h4870e14b8edc4f22
    at /rustc/59807616e1fa2540724bfbac14d7976d7e4a3860/library/alloc/src/slice.rs:376
  alloc::slice::_$LT$impl$u20$alloc..borrow..ToOwned$u20$for$u20$$u5b$T$u5d$$GT$::to_owned::haae41a547b6f923c
    at /rustc/59807616e1fa2540724bfbac14d7976d7e4a3860/library/alloc/src/slice.rs:842
  _RNvXs2_NtCslNYArtu3iFV_5alloc3streNtNtB7_6borrow7ToOwned8to_owned
    at /rustc/59807616e1fa2540724bfbac14d7976d7e4a3860/library/alloc/src/str.rs:211
  _RNvXsK_NtCslNYArtu3iFV_5alloc6stringNtB5_6StringINtNtCsgEmfK2I1SDS_4core7convert4FromReE4from
    at /rustc/59807616e1fa2540724bfbac14d7976d7e4a3860/library/alloc/src/string.rs:3114
  _RNvXs1N_NtCslNYArtu3iFV_5alloc6stringINtNtB8_6borrow3CoweENtB6_12SpecToString14spec_to_string
    at /rustc/59807616e1fa2540724bfbac14d7976d7e4a3860/library/alloc/src/string.rs:3045
  _$LT$T$u20$as$u20$alloc..string..ToString$GT$::to_string::ha21346db83c61c87
    at /rustc/59807616e1fa2540724bfbac14d7976d7e4a3860/library/alloc/src/string.rs:2894
  litchi_opc::pkgreader::inspect_relationship_element::_$u7b$$u7b$closure$u7d$$u7d$::h2252e1f8e10b075c
    at /home/zhuhe/code/litchi/crates/litchi-opc/src/pkgreader.rs:2161
  core::result::Result$LT$T$C$E$GT$::map::h178c979c30e5ee15
    at /rustc/59807616e1fa2540724bfbac14d7976d7e4a3860/library/core/src/result.rs:836
  litchi_opc::pkgreader::inspect_relationship_element::h2faadecf03b256e3
    at /home/zhuhe/code/litchi/crates/litchi-opc/src/pkgreader.rs:2161
  litchi_opc::pkgreader::PackageReader::parse_rels_xml_with_source::h61f5833aa9973478
    at src/pkgreader.rs:1164
    in /home/zhuhe/code/litchi-target-0794/after-profile
  litchi_opc::pkgreader::PackageReader::load_rels_lazy::hf86b95ba25da5aa8
    at src/pkgreader.rs:1240
    in /home/zhuhe/code/litchi-target-0794/after-profile
  litchi_opc::pkgreader::PackageReader::walk_relationship_graph::hf2768ad4e2d90388
    at src/pkgreader.rs:1857
    in /home/zhuhe/code/litchi-target-0794/after-profile
  litchi_opc::pkgreader::PackageReader::load_parts_eager::h4b110d8c47df7e35
    at /home/zhuhe/code/litchi/crates/litchi-opc/src/pkgreader.rs:1310
  litchi_opc::pkgreader::PackageReader::from_phys_reader::hf864183a4b3f3be9
    at src/pkgreader.rs:897
    in /home/zhuhe/code/litchi-target-0794/after-profile
  litchi_opc::package::OpcPackage::from_bytes_with_limits::h6bd20fce007e2697
    at src/package.rs:1129
    in /home/zhuhe/code/litchi-target-0794/after-profile
  litchi_pptx::package::codec::_$LT$impl$u20$litchi_pptx..package..model..Package$GT$::from_bytes_with_limits::hae62f6019e0139e1
    at src/package/codec.rs:254
    in /home/zhuhe/code/litchi-target-0794/after-profile
  litchi_pptx::package::codec::_$LT$impl$u20$litchi_pptx..package..model..Package$GT$::from_bytes::h639b098ba88a28bc
    at /home/zhuhe/code/litchi/crates/litchi-pptx/src/package/codec.rs:245
  namespace_uri_probe::verify_output::hf88d911dde4b0393
    at src/main.rs:474
    in /home/zhuhe/code/litchi-target-0794/after-profile
  namespace_uri_probe::build::h7f2fafcec5a0bedf
    at src/main.rs:782
    in /home/zhuhe/code/litchi-target-0794/after-profile
  namespace_uri_probe::run::hdbc690e144543b88
    at /home/zhuhe/code/litchi/docs/performance/results/change-0794/probe-src/src/main.rs:262
  namespace_uri_probe::main::h111c17325c103c7d
    at /home/zhuhe/code/litchi/docs/performance/results/change-0794/probe-src/src/main.rs:247
  core::ops::function::FnOnce::call_once::he47c61c7854c5b96
    at /rustc/59807616e1fa2540724bfbac14d7976d7e4a3860/library/core/src/ops/function.rs:250
    in /home/zhuhe/code/litchi-target-0794/after-profile
  std::sys::backtrace::__rust_begin_short_backtrace::hbbaaf18b7eebb54e
    at /rustc/59807616e1fa2540724bfbac14d7976d7e4a3860/library/std/src/sys/backtrace.rs:166
  std::rt::lang_start::_$u7b$$u7b$closure$u7d$$u7d$::h9d2de9d185a04994
    at /rustc/59807616e1fa2540724bfbac14d7976d7e4a3860/library/std/src/rt.rs:206
    in /home/zhuhe/code/litchi-target-0794/after-profile
  _RNvXs0_NtNtNtCsgEmfK2I1SDS_4core3ops8function5implsRDINtB7_2FnuEp6OutputlNtNtBb_6marker4SyncNtNtNtBb_5panic11unwind_safe13RefUnwindSafeEL_INtB7_6FnOnceuE9call_onceCsjrHSEGnQ3l9_3std
    at library/core/src/ops/function.rs:287
    in /home/zhuhe/code/litchi-target-0794/after-profile
  _RINvNvNtCsjrHSEGnQ3l9_3std9panicking12catch_unwind7do_callRDINtNtNtCsgEmfK2I1SDS_4core3ops8function2FnuEp6OutputlNtNtB13_6marker4SyncNtNtNtB13_5panic11unwind_safe13RefUnwindSafeEL_lEB6_
    at /rustc/59807616e1fa2540724bfbac14d7976d7e4a3860/library/std/src/panicking.rs:581
  _RINvNtCsjrHSEGnQ3l9_3std9panicking12catch_unwindlRDINtNtNtCsgEmfK2I1SDS_4core3ops8function2FnuEp6OutputlNtNtBU_6marker4SyncNtNtNtBU_5panic11unwind_safe13RefUnwindSafeEL_EB4_
    at /rustc/59807616e1fa2540724bfbac14d7976d7e4a3860/library/std/src/panicking.rs:544
  _RINvNtCsjrHSEGnQ3l9_3std5panic12catch_unwindRDINtNtNtCsgEmfK2I1SDS_4core3ops8function2FnuEp6OutputlNtNtBP_6marker4SyncNtNtNtBP_5panic11unwind_safe13RefUnwindSafeEL_lEB4_
    at /rustc/59807616e1fa2540724bfbac14d7976d7e4a3860/library/std/src/panic.rs:359
  _RNCNvNtCsjrHSEGnQ3l9_3std2rt19lang_start_internal0B5_
    at /rustc/59807616e1fa2540724bfbac14d7976d7e4a3860/library/std/src/rt.rs:175
  _RINvNvNtCsjrHSEGnQ3l9_3std9panicking12catch_unwind7do_callNCNvNtB6_2rt19lang_start_internal0iEB6_
    at /rustc/59807616e1fa2540724bfbac14d7976d7e4a3860/library/std/src/panicking.rs:581
  _RINvNtCsjrHSEGnQ3l9_3std9panicking12catch_unwindiNCNvNtB4_2rt19lang_start_internal0EB4_
    at /rustc/59807616e1fa2540724bfbac14d7976d7e4a3860/library/std/src/panicking.rs:544
  _RINvNtCsjrHSEGnQ3l9_3std5panic12catch_unwindNCNvNtB4_2rt19lang_start_internal0iEB4_
    at /rustc/59807616e1fa2540724bfbac14d7976d7e4a3860/library/std/src/panic.rs:359
  _RNvNtCsjrHSEGnQ3l9_3std2rt19lang_start_internal
    at /rustc/59807616e1fa2540724bfbac14d7976d7e4a3860/library/std/src/rt.rs:171
  main
    in /home/zhuhe/code/litchi-target-0794/after-profile



PEAK MEMORY CONSUMERS
5.03M peak memory consumed over 600 calls from
  _RNvXNtNtNtCsjrHSEGnQ3l9_3std3sys5alloc4unixNtNtB8_5alloc6SystemNtNtNtCsgEmfK2I1SDS_4core5alloc6global11GlobalAlloc7realloc
    at /rustc/59807616e1fa2540724bfbac14d7976d7e4a3860/library/std/src/sys/alloc/unix.rs:54
    in /home/zhuhe/code/litchi-target-0794/after-profile
  _RNvCsfLfy6EI15iL_7___rustc13___rdl_realloc
    at /rustc/59807616e1fa2540724bfbac14d7976d7e4a3860/library/std/src/alloc.rs:477
  _RNvNtCslNYArtu3iFV_5alloc5alloc7realloc
    at /rustc/59807616e1fa2540724bfbac14d7976d7e4a3860/library/alloc/src/alloc.rs:135
  _RNvMNtCslNYArtu3iFV_5alloc5allocNtB2_6Global17grow_impl_runtime
    at /rustc/59807616e1fa2540724bfbac14d7976d7e4a3860/library/alloc/src/alloc.rs:239
  _RNvMNtCslNYArtu3iFV_5alloc5allocNtB2_6Global9grow_impl
    at /rustc/59807616e1fa2540724bfbac14d7976d7e4a3860/library/alloc/src/alloc.rs:342
  _RNvXs_NtCslNYArtu3iFV_5alloc5allocNtB4_6GlobalNtNtCsgEmfK2I1SDS_4core5alloc9Allocator4grow
    at /rustc/59807616e1fa2540724bfbac14d7976d7e4a3860/library/alloc/src/alloc.rs:454
  alloc::raw_vec::RawVecInner$LT$A$GT$::finish_grow::h8ff15ce40aadbdf4
    at /rustc/59807616e1fa2540724bfbac14d7976d7e4a3860/library/alloc/src/raw_vec/mod.rs:555
  alloc::raw_vec::RawVecInner$LT$A$GT$::grow_amortized::hbc8ade9e89e33c5f
    at /rustc/59807616e1fa2540724bfbac14d7976d7e4a3860/library/alloc/src/raw_vec/mod.rs:527
    in /home/zhuhe/code/litchi-target-0794/after-profile
  alloc::raw_vec::RawVecInner$LT$A$GT$::reserve::do_reserve_and_handle::h784cf714b219371b
    at /rustc/59807616e1fa2540724bfbac14d7976d7e4a3860/library/alloc/src/raw_vec/mod.rs:666
  alloc::raw_vec::RawVecInner$LT$A$GT$::reserve::h17d7958482d92b3e
    at /rustc/59807616e1fa2540724bfbac14d7976d7e4a3860/library/alloc/src/raw_vec/mod.rs:673
    in /home/zhuhe/code/litchi-target-0794/after-profile
  alloc::raw_vec::RawVec$LT$T$C$A$GT$::reserve::h3e1ea0884a80f804
    at /rustc/59807616e1fa2540724bfbac14d7976d7e4a3860/library/alloc/src/raw_vec/mod.rs:340
  alloc::vec::Vec$LT$T$C$A$GT$::reserve::h70de0091f0045751
    at /rustc/59807616e1fa2540724bfbac14d7976d7e4a3860/library/alloc/src/vec/mod.rs:1446
  alloc::vec::Vec$LT$T$C$A$GT$::append_elements::h61a26185baf27384
    at /rustc/59807616e1fa2540724bfbac14d7976d7e4a3860/library/alloc/src/vec/mod.rs:2879
  _$LT$alloc..vec..Vec$LT$T$C$A$GT$$u20$as$u20$alloc..vec..spec_extend..SpecExtend$LT$$RF$T$C$core..slice..iter..Iter$LT$T$GT$$GT$$GT$::spec_extend::he755268f696fd376
    at /rustc/59807616e1fa2540724bfbac14d7976d7e4a3860/library/alloc/src/vec/spec_extend.rs:56
  alloc::vec::Vec$LT$T$C$A$GT$::extend_from_slice::h955dd7c054c9dd30
    at /rustc/59807616e1fa2540724bfbac14d7976d7e4a3860/library/alloc/src/vec/mod.rs:3500
  _RNvMNtCslNYArtu3iFV_5alloc6stringNtB2_6String8push_str
    at /rustc/59807616e1fa2540724bfbac14d7976d7e4a3860/library/alloc/src/string.rs:1102
  litchi_pptx::writer::slide::MutableSlide::generate_slide_xml_with::h1ce517fc01d2e41f
    at /home/zhuhe/code/litchi/crates/litchi-pptx/src/writer/slide.rs:452
  litchi_pptx::package::codec::_$LT$impl$u20$litchi_pptx..package..model..Package$GT$::materialize_presentation::h3df86074ae5b9cff
    at src/package/codec.rs:487
    in /home/zhuhe/code/litchi-target-0794/after-profile
  litchi_pptx::package::codec::_$LT$impl$u20$litchi_pptx..package..model..Package$GT$::flush_presentation::_$u7b$$u7b$closure$u7d$$u7d$::hfb94e2e9c4f25e7a
    at /home/zhuhe/code/litchi/crates/litchi-pptx/src/package/codec.rs:405
  litchi_pptx::package::codec::_$LT$impl$u20$litchi_pptx..package..model..Package$GT$::flush_presentation::h7581c466e9001d12
    at /home/zhuhe/code/litchi/crates/litchi-pptx/src/package/codec.rs:403
  litchi_pptx::package::codec::_$LT$impl$u20$litchi_pptx..package..model..Package$GT$::to_bytes::h8392a9b65728ab72
    at src/package/codec.rs:341
    in /home/zhuhe/code/litchi-target-0794/after-profile
  namespace_uri_probe::build::h7f2fafcec5a0bedf
    at src/main.rs:748
    in /home/zhuhe/code/litchi-target-0794/after-profile
  namespace_uri_probe::run::hdbc690e144543b88
    at /home/zhuhe/code/litchi/docs/performance/results/change-0794/probe-src/src/main.rs:262
  namespace_uri_probe::main::h111c17325c103c7d
    at /home/zhuhe/code/litchi/docs/performance/results/change-0794/probe-src/src/main.rs:247
  core::ops::function::FnOnce::call_once::he47c61c7854c5b96
    at /rustc/59807616e1fa2540724bfbac14d7976d7e4a3860/library/core/src/ops/function.rs:250
    in /home/zhuhe/code/litchi-target-0794/after-profile
  std::sys::backtrace::__rust_begin_short_backtrace::hbbaaf18b7eebb54e
    at /rustc/59807616e1fa2540724bfbac14d7976d7e4a3860/library/std/src/sys/backtrace.rs:166
  std::rt::lang_start::_$u7b$$u7b$closure$u7d$$u7d$::h9d2de9d185a04994
    at /rustc/59807616e1fa2540724bfbac14d7976d7e4a3860/library/std/src/rt.rs:206
    in /home/zhuhe/code/litchi-target-0794/after-profile
  _RNvXs0_NtNtNtCsgEmfK2I1SDS_4core3ops8function5implsRDINtB7_2FnuEp6OutputlNtNtBb_6marker4SyncNtNtNtBb_5panic11unwind_safe13RefUnwindSafeEL_INtB7_6FnOnceuE9call_onceCsjrHSEGnQ3l9_3std
    at library/core/src/ops/function.rs:287
    in /home/zhuhe/code/litchi-target-0794/after-profile
  _RINvNvNtCsjrHSEGnQ3l9_3std9panicking12catch_unwind7do_callRDINtNtNtCsgEmfK2I1SDS_4core3ops8function2FnuEp6OutputlNtNtB13_6marker4SyncNtNtNtB13_5panic11unwind_safe13RefUnwindSafeEL_lEB6_
    at /rustc/59807616e1fa2540724bfbac14d7976d7e4a3860/library/std/src/panicking.rs:581
  _RINvNtCsjrHSEGnQ3l9_3std9panicking12catch_unwindlRDINtNtNtCsgEmfK2I1SDS_4core3ops8function2FnuEp6OutputlNtNtBU_6marker4SyncNtNtNtBU_5panic11unwind_safe13RefUnwindSafeEL_EB4_
    at /rustc/59807616e1fa2540724bfbac14d7976d7e4a3860/library/std/src/panicking.rs:544
  _RINvNtCsjrHSEGnQ3l9_3std5panic12catch_unwindRDINtNtNtCsgEmfK2I1SDS_4core3ops8function2FnuEp6OutputlNtNtBP_6marker4SyncNtNtNtBP_5panic11unwind_safe13RefUnwindSafeEL_lEB4_
    at /rustc/59807616e1fa2540724bfbac14d7976d7e4a3860/library/std/src/panic.rs:359
  _RNCNvNtCsjrHSEGnQ3l9_3std2rt19lang_start_internal0B5_
    at /rustc/59807616e1fa2540724bfbac14d7976d7e4a3860/library/std/src/rt.rs:175
  _RINvNvNtCsjrHSEGnQ3l9_3std9panicking12catch_unwind7do_callNCNvNtB6_2rt19lang_start_internal0iEB6_
    at /rustc/59807616e1fa2540724bfbac14d7976d7e4a3860/library/std/src/panicking.rs:581
  _RINvNtCsjrHSEGnQ3l9_3std9panicking12catch_unwindiNCNvNtB4_2rt19lang_start_internal0EB4_
    at /rustc/59807616e1fa2540724bfbac14d7976d7e4a3860/library/std/src/panicking.rs:544
  _RINvNtCsjrHSEGnQ3l9_3std5panic12catch_unwindNCNvNtB4_2rt19lang_start_internal0iEB4_
    at /rustc/59807616e1fa2540724bfbac14d7976d7e4a3860/library/std/src/panic.rs:359
  _RNvNtCsjrHSEGnQ3l9_3std2rt19lang_start_internal
    at /rustc/59807616e1fa2540724bfbac14d7976d7e4a3860/library/std/src/rt.rs:171
  main
    in /home/zhuhe/code/litchi-target-0794/after-profile

3.93M peak memory consumed over 121 calls from
  _RNvXNtNtNtCsjrHSEGnQ3l9_3std3sys5alloc4unixNtNtB8_5alloc6SystemNtNtNtCsgEmfK2I1SDS_4core5alloc6global11GlobalAlloc5alloc
    at /rustc/59807616e1fa2540724bfbac14d7976d7e4a3860/library/std/src/sys/alloc/unix.rs:14
    in /home/zhuhe/code/litchi-target-0794/after-profile
  _RNvCsfLfy6EI15iL_7___rustc11___rdl_alloc
    at /rustc/59807616e1fa2540724bfbac14d7976d7e4a3860/library/std/src/alloc.rs:455
  _RNvNtCslNYArtu3iFV_5alloc5alloc5alloc
    at /rustc/59807616e1fa2540724bfbac14d7976d7e4a3860/library/alloc/src/alloc.rs:95
  _RNvMNtCslNYArtu3iFV_5alloc5allocNtB2_6Global18alloc_impl_runtime
    at /rustc/59807616e1fa2540724bfbac14d7976d7e4a3860/library/alloc/src/alloc.rs:190
  _RNvMNtCslNYArtu3iFV_5alloc5allocNtB2_6Global10alloc_impl
    at /rustc/59807616e1fa2540724bfbac14d7976d7e4a3860/library/alloc/src/alloc.rs:312
  _RNvXs_NtCslNYArtu3iFV_5alloc5allocNtB4_6GlobalNtNtCsgEmfK2I1SDS_4core5alloc9Allocator8allocate
    at /rustc/59807616e1fa2540724bfbac14d7976d7e4a3860/library/alloc/src/alloc.rs:429
  alloc::raw_vec::RawVecInner$LT$A$GT$::finish_grow::h1f135012b63f4c79
    at /rustc/59807616e1fa2540724bfbac14d7976d7e4a3860/library/alloc/src/raw_vec/mod.rs:558
  alloc::raw_vec::RawVecInner$LT$A$GT$::grow_exact::h159bb86e47c04093
    at /rustc/59807616e1fa2540724bfbac14d7976d7e4a3860/library/alloc/src/raw_vec/mod.rs:798
    in /home/zhuhe/code/litchi-target-0794/after-profile
  alloc::raw_vec::RawVecInner$LT$A$GT$::try_reserve_exact::hd7a0cccbee87e112
    at /rustc/59807616e1fa2540724bfbac14d7976d7e4a3860/library/alloc/src/raw_vec/mod.rs:726
  alloc::raw_vec::RawVec$LT$T$C$A$GT$::try_reserve_exact::ha6d26dc86d4cc67a
    at /rustc/59807616e1fa2540724bfbac14d7976d7e4a3860/library/alloc/src/raw_vec/mod.rs:383
  alloc::vec::Vec$LT$T$C$A$GT$::try_reserve_exact::h49840de9b8f4bfe0
    at /rustc/59807616e1fa2540724bfbac14d7976d7e4a3860/library/alloc/src/vec/mod.rs:1556
  soapberry_zip::office::ArchiveReadSession::read_with_accounting::h5f41d5618519aba5
    at /home/zhuhe/code/litchi/crates/soapberry-zip/src/office.rs:3677
  soapberry_zip::office::LazyArchiveReader::read_shared_with_reader::h4972c85747f33380
    at src/office.rs:8822
    in /home/zhuhe/code/litchi-target-0794/after-profile
  soapberry_zip::office::LazyArchiveReader::read_many_serial_shared::_$u7b$$u7b$closure$u7d$$u7d$::hc6e6f6bfd87ace27
    at src/office.rs:8875
    in /home/zhuhe/code/litchi-target-0794/after-profile
  core::iter::adapters::map::map_fold::_$u7b$$u7b$closure$u7d$$u7d$::hc18faad29203ce7f
    at /rustc/59807616e1fa2540724bfbac14d7976d7e4a3860/library/core/src/iter/adapters/map.rs:88
  _$LT$core..slice..iter..Iter$LT$T$GT$$u20$as$u20$core..iter..traits..iterator..Iterator$GT$::fold::hf4fbaa0c88898bb3
    at /rustc/59807616e1fa2540724bfbac14d7976d7e4a3860/library/core/src/slice/iter/macros.rs:279
  _$LT$core..iter..adapters..map..Map$LT$I$C$F$GT$$u20$as$u20$core..iter..traits..iterator..Iterator$GT$::fold::h80c39b3b1b828da7
    at /rustc/59807616e1fa2540724bfbac14d7976d7e4a3860/library/core/src/iter/adapters/map.rs:128
  core::iter::traits::iterator::Iterator::for_each::h2bc2bdb830bdf3c2
    at /rustc/59807616e1fa2540724bfbac14d7976d7e4a3860/library/core/src/iter/traits/iterator.rs:845
  alloc::vec::Vec$LT$T$C$A$GT$::extend_trusted::hcf3f0d585e948f0e
    at /rustc/59807616e1fa2540724bfbac14d7976d7e4a3860/library/alloc/src/vec/mod.rs:4001
  _$LT$alloc..vec..Vec$LT$T$C$A$GT$$u20$as$u20$alloc..vec..spec_extend..SpecExtend$LT$T$C$I$GT$$GT$::spec_extend::hb96ecdae958b9f05
    at /rustc/59807616e1fa2540724bfbac14d7976d7e4a3860/library/alloc/src/vec/spec_extend.rs:27
  _$LT$alloc..vec..Vec$LT$T$GT$$u20$as$u20$alloc..vec..spec_from_iter_nested..SpecFromIterNested$LT$T$C$I$GT$$GT$::from_iter::hc44299cfb4dbd318
    at /rustc/59807616e1fa2540724bfbac14d7976d7e4a3860/library/alloc/src/vec/spec_from_iter_nested.rs:60
  _$LT$alloc..vec..Vec$LT$T$GT$$u20$as$u20$alloc..vec..spec_from_iter..SpecFromIter$LT$T$C$I$GT$$GT$::from_iter::he92eb160417122b7
    at /rustc/59807616e1fa2540724bfbac14d7976d7e4a3860/library/alloc/src/vec/spec_from_iter.rs:33
  _$LT$alloc..vec..Vec$LT$T$GT$$u20$as$u20$core..iter..traits..collect..FromIterator$LT$T$GT$$GT$::from_iter::h0c14622a3e9ea11f
    at /rustc/59807616e1fa2540724bfbac14d7976d7e4a3860/library/alloc/src/vec/mod.rs:3865
  core::iter::traits::iterator::Iterator::collect::h9bf92f2c654a5f6c
    at /rustc/59807616e1fa2540724bfbac14d7976d7e4a3860/library/core/src/iter/traits/iterator.rs:2064
  soapberry_zip::office::LazyArchiveReader::read_many_serial_shared::h964e8e7fc5b4ad67
    at /home/zhuhe/code/litchi/crates/soapberry-zip/src/office.rs:8878
  litchi_opc::pkgreader::PackageReader::from_phys_reader::_$u7b$$u7b$closure$u7d$$u7d$::h97ebc43b57f9f2f6
    at src/pkgreader.rs:905
    in /home/zhuhe/code/litchi-target-0794/after-profile
  litchi_opc::pkgreader::PackageReader::load_parts_eager::h4b110d8c47df7e35
    at /home/zhuhe/code/litchi/crates/litchi-opc/src/pkgreader.rs:1351
  litchi_opc::pkgreader::PackageReader::from_phys_reader::hf864183a4b3f3be9
    at src/pkgreader.rs:897
    in /home/zhuhe/code/litchi-target-0794/after-profile
  litchi_opc::package::OpcPackage::from_bytes_with_limits::h6bd20fce007e2697
    at src/package.rs:1129
    in /home/zhuhe/code/litchi-target-0794/after-profile
  litchi_pptx::package::codec::_$LT$impl$u20$litchi_pptx..package..model..Package$GT$::from_bytes_with_limits::hae62f6019e0139e1
    at src/package/codec.rs:254
    in /home/zhuhe/code/litchi-target-0794/after-profile
  litchi_pptx::package::codec::_$LT$impl$u20$litchi_pptx..package..model..Package$GT$::from_bytes::h639b098ba88a28bc
    at /home/zhuhe/code/litchi/crates/litchi-pptx/src/package/codec.rs:245
  namespace_uri_probe::verify_output::hf88d911dde4b0393
    at src/main.rs:474
    in /home/zhuhe/code/litchi-target-0794/after-profile
  namespace_uri_probe::build::h7f2fafcec5a0bedf
    at src/main.rs:782
    in /home/zhuhe/code/litchi-target-0794/after-profile
  namespace_uri_probe::run::hdbc690e144543b88
    at /home/zhuhe/code/litchi/docs/performance/results/change-0794/probe-src/src/main.rs:262
  namespace_uri_probe::main::h111c17325c103c7d
    at /home/zhuhe/code/litchi/docs/performance/results/change-0794/probe-src/src/main.rs:247
  core::ops::function::FnOnce::call_once::he47c61c7854c5b96
    at /rustc/59807616e1fa2540724bfbac14d7976d7e4a3860/library/core/src/ops/function.rs:250
    in /home/zhuhe/code/litchi-target-0794/after-profile
  std::sys::backtrace::__rust_begin_short_backtrace::hbbaaf18b7eebb54e
    at /rustc/59807616e1fa2540724bfbac14d7976d7e4a3860/library/std/src/sys/backtrace.rs:166
  std::rt::lang_start::_$u7b$$u7b$closure$u7d$$u7d$::h9d2de9d185a04994
    at /rustc/59807616e1fa2540724bfbac14d7976d7e4a3860/library/std/src/rt.rs:206
    in /home/zhuhe/code/litchi-target-0794/after-profile
  _RNvXs0_NtNtNtCsgEmfK2I1SDS_4core3ops8function5implsRDINtB7_2FnuEp6OutputlNtNtBb_6marker4SyncNtNtNtBb_5panic11unwind_safe13RefUnwindSafeEL_INtB7_6FnOnceuE9call_onceCsjrHSEGnQ3l9_3std
    at library/core/src/ops/function.rs:287
    in /home/zhuhe/code/litchi-target-0794/after-profile
  _RINvNvNtCsjrHSEGnQ3l9_3std9panicking12catch_unwind7do_callRDINtNtNtCsgEmfK2I1SDS_4core3ops8function2FnuEp6OutputlNtNtB13_6marker4SyncNtNtNtB13_5panic11unwind_safe13RefUnwindSafeEL_lEB6_
    at /rustc/59807616e1fa2540724bfbac14d7976d7e4a3860/library/std/src/panicking.rs:581
  _RINvNtCsjrHSEGnQ3l9_3std9panicking12catch_unwindlRDINtNtNtCsgEmfK2I1SDS_4core3ops8function2FnuEp6OutputlNtNtBU_6marker4SyncNtNtNtBU_5panic11unwind_safe13RefUnwindSafeEL_EB4_
    at /rustc/59807616e1fa2540724bfbac14d7976d7e4a3860/library/std/src/panicking.rs:544
  _RINvNtCsjrHSEGnQ3l9_3std5panic12catch_unwindRDINtNtNtCsgEmfK2I1SDS_4core3ops8function2FnuEp6OutputlNtNtBP_6marker4SyncNtNtNtBP_5panic11unwind_safe13RefUnwindSafeEL_lEB4_
    at /rustc/59807616e1fa2540724bfbac14d7976d7e4a3860/library/std/src/panic.rs:359
  _RNCNvNtCsjrHSEGnQ3l9_3std2rt19lang_start_internal0B5_
    at /rustc/59807616e1fa2540724bfbac14d7976d7e4a3860/library/std/src/rt.rs:175
  _RINvNvNtCsjrHSEGnQ3l9_3std9panicking12catch_unwind7do_callNCNvNtB6_2rt19lang_start_internal0iEB6_
    at /rustc/59807616e1fa2540724bfbac14d7976d7e4a3860/library/std/src/panicking.rs:581
  _RINvNtCsjrHSEGnQ3l9_3std9panicking12catch_unwindiNCNvNtB4_2rt19lang_start_internal0EB4_
    at /rustc/59807616e1fa2540724bfbac14d7976d7e4a3860/library/std/src/panicking.rs:544
  _RINvNtCsjrHSEGnQ3l9_3std5panic12catch_unwindNCNvNtB4_2rt19lang_start_internal0iEB4_
    at /rustc/59807616e1fa2540724bfbac14d7976d7e4a3860/library/std/src/panic.rs:359
  _RNvNtCsjrHSEGnQ3l9_3std2rt19lang_start_internal
    at /rustc/59807616e1fa2540724bfbac14d7976d7e4a3860/library/std/src/rt.rs:171
  main
    in /home/zhuhe/code/litchi-target-0794/after-profile

2.97M peak memory consumed over 500 calls from
  _RNvXNtNtNtCsjrHSEGnQ3l9_3std3sys5alloc4unixNtNtB8_5alloc6SystemNtNtNtCsgEmfK2I1SDS_4core5alloc6global11GlobalAlloc7realloc
    at /rustc/59807616e1fa2540724bfbac14d7976d7e4a3860/library/std/src/sys/alloc/unix.rs:54
    in /home/zhuhe/code/litchi-target-0794/after-profile
  _RNvCsfLfy6EI15iL_7___rustc13___rdl_realloc
    at /rustc/59807616e1fa2540724bfbac14d7976d7e4a3860/library/std/src/alloc.rs:477
  _RNvNtCslNYArtu3iFV_5alloc5alloc7realloc
    at /rustc/59807616e1fa2540724bfbac14d7976d7e4a3860/library/alloc/src/alloc.rs:135
  _RNvMNtCslNYArtu3iFV_5alloc5allocNtB2_6Global17grow_impl_runtime
    at /rustc/59807616e1fa2540724bfbac14d7976d7e4a3860/library/alloc/src/alloc.rs:239
  _RNvMNtCslNYArtu3iFV_5alloc5allocNtB2_6Global9grow_impl
    at /rustc/59807616e1fa2540724bfbac14d7976d7e4a3860/library/alloc/src/alloc.rs:342
  _RNvXs_NtCslNYArtu3iFV_5alloc5allocNtB4_6GlobalNtNtCsgEmfK2I1SDS_4core5alloc9Allocator4grow
    at /rustc/59807616e1fa2540724bfbac14d7976d7e4a3860/library/alloc/src/alloc.rs:454
  alloc::raw_vec::RawVecInner$LT$A$GT$::finish_grow::h8ff15ce40aadbdf4
    at /rustc/59807616e1fa2540724bfbac14d7976d7e4a3860/library/alloc/src/raw_vec/mod.rs:555
  alloc::raw_vec::RawVecInner$LT$A$GT$::grow_amortized::hbc8ade9e89e33c5f
    at /rustc/59807616e1fa2540724bfbac14d7976d7e4a3860/library/alloc/src/raw_vec/mod.rs:527
    in /home/zhuhe/code/litchi-target-0794/after-profile
  alloc::raw_vec::RawVecInner$LT$A$GT$::grow_one::hac6be3112495878f
    at /rustc/59807616e1fa2540724bfbac14d7976d7e4a3860/library/alloc/src/raw_vec/mod.rs:491
  alloc::raw_vec::RawVec$LT$T$C$A$GT$::grow_one::h44cddafe23250d84
    at /rustc/59807616e1fa2540724bfbac14d7976d7e4a3860/library/alloc/src/raw_vec/mod.rs:188
  alloc::vec::Vec$LT$T$C$A$GT$::push_mut::haf1dee4b86aab32c
    at /rustc/59807616e1fa2540724bfbac14d7976d7e4a3860/library/alloc/src/vec/mod.rs:1029
    in /home/zhuhe/code/litchi-target-0794/after-profile
  alloc::vec::Vec$LT$T$C$A$GT$::push::h66c9ce9954c4ae6d
    at /rustc/59807616e1fa2540724bfbac14d7976d7e4a3860/library/alloc/src/vec/mod.rs:992
  litchi_pptx::writer::slide::MutableSlide::add_text_box::hdb5f96cb44f3a922
    at /home/zhuhe/code/litchi/crates/litchi-pptx/src/writer/slide.rs:195
  namespace_uri_probe::build::h7f2fafcec5a0bedf
    at src/main.rs:738
    in /home/zhuhe/code/litchi-target-0794/after-profile
  namespace_uri_probe::run::hdbc690e144543b88
    at /home/zhuhe/code/litchi/docs/performance/results/change-0794/probe-src/src/main.rs:262
  namespace_uri_probe::main::h111c17325c103c7d
    at /home/zhuhe/code/litchi/docs/performance/results/change-0794/probe-src/src/main.rs:247
  core::ops::function::FnOnce::call_once::he47c61c7854c5b96
    at /rustc/59807616e1fa2540724bfbac14d7976d7e4a3860/library/core/src/ops/function.rs:250
    in /home/zhuhe/code/litchi-target-0794/after-profile
  std::sys::backtrace::__rust_begin_short_backtrace::hbbaaf18b7eebb54e
    at /rustc/59807616e1fa2540724bfbac14d7976d7e4a3860/library/std/src/sys/backtrace.rs:166
  std::rt::lang_start::_$u7b$$u7b$closure$u7d$$u7d$::h9d2de9d185a04994
    at /rustc/59807616e1fa2540724bfbac14d7976d7e4a3860/library/std/src/rt.rs:206
    in /home/zhuhe/code/litchi-target-0794/after-profile
  _RNvXs0_NtNtNtCsgEmfK2I1SDS_4core3ops8function5implsRDINtB7_2FnuEp6OutputlNtNtBb_6marker4SyncNtNtNtBb_5panic11unwind_safe13RefUnwindSafeEL_INtB7_6FnOnceuE9call_onceCsjrHSEGnQ3l9_3std
    at library/core/src/ops/function.rs:287
    in /home/zhuhe/code/litchi-target-0794/after-profile
  _RINvNvNtCsjrHSEGnQ3l9_3std9panicking12catch_unwind7do_callRDINtNtNtCsgEmfK2I1SDS_4core3ops8function2FnuEp6OutputlNtNtB13_6marker4SyncNtNtNtB13_5panic11unwind_safe13RefUnwindSafeEL_lEB6_
    at /rustc/59807616e1fa2540724bfbac14d7976d7e4a3860/library/std/src/panicking.rs:581
  _RINvNtCsjrHSEGnQ3l9_3std9panicking12catch_unwindlRDINtNtNtCsgEmfK2I1SDS_4core3ops8function2FnuEp6OutputlNtNtBU_6marker4SyncNtNtNtBU_5panic11unwind_safe13RefUnwindSafeEL_EB4_
    at /rustc/59807616e1fa2540724bfbac14d7976d7e4a3860/library/std/src/panicking.rs:544
  _RINvNtCsjrHSEGnQ3l9_3std5panic12catch_unwindRDINtNtNtCsgEmfK2I1SDS_4core3ops8function2FnuEp6OutputlNtNtBP_6marker4SyncNtNtNtBP_5panic11unwind_safe13RefUnwindSafeEL_lEB4_
    at /rustc/59807616e1fa2540724bfbac14d7976d7e4a3860/library/std/src/panic.rs:359
  _RNCNvNtCsjrHSEGnQ3l9_3std2rt19lang_start_internal0B5_
    at /rustc/59807616e1fa2540724bfbac14d7976d7e4a3860/library/std/src/rt.rs:175
  _RINvNvNtCsjrHSEGnQ3l9_3std9panicking12catch_unwind7do_callNCNvNtB6_2rt19lang_start_internal0iEB6_
    at /rustc/59807616e1fa2540724bfbac14d7976d7e4a3860/library/std/src/panicking.rs:581
  _RINvNtCsjrHSEGnQ3l9_3std9panicking12catch_unwindiNCNvNtB4_2rt19lang_start_internal0EB4_
    at /rustc/59807616e1fa2540724bfbac14d7976d7e4a3860/library/std/src/panicking.rs:544
  _RINvNtCsjrHSEGnQ3l9_3std5panic12catch_unwindNCNvNtB4_2rt19lang_start_internal0iEB4_
    at /rustc/59807616e1fa2540724bfbac14d7976d7e4a3860/library/std/src/panic.rs:359
  _RNvNtCsjrHSEGnQ3l9_3std2rt19lang_start_internal
    at /rustc/59807616e1fa2540724bfbac14d7976d7e4a3860/library/std/src/rt.rs:171
  main
    in /home/zhuhe/code/litchi-target-0794/after-profile

920.00K peak memory consumed over 10000 calls from
  _RNvXNtNtNtCsjrHSEGnQ3l9_3std3sys5alloc4unixNtNtB8_5alloc6SystemNtNtNtCsgEmfK2I1SDS_4core5alloc6global11GlobalAlloc5alloc
    at library/std/src/sys/alloc/unix.rs:14
    in /home/zhuhe/code/litchi-target-0794/after-profile
  _RNvCsfLfy6EI15iL_7___rustc11___rdl_alloc
    at /rustc/59807616e1fa2540724bfbac14d7976d7e4a3860/library/std/src/alloc.rs:455
  _RNvNtCslNYArtu3iFV_5alloc5alloc5alloc
    at /rustc/59807616e1fa2540724bfbac14d7976d7e4a3860/library/alloc/src/alloc.rs:95
  _RNvMNtCslNYArtu3iFV_5alloc5allocNtB2_6Global18alloc_impl_runtime
    at /rustc/59807616e1fa2540724bfbac14d7976d7e4a3860/library/alloc/src/alloc.rs:190
  _RNvMNtCslNYArtu3iFV_5alloc5allocNtB2_6Global10alloc_impl
    at /rustc/59807616e1fa2540724bfbac14d7976d7e4a3860/library/alloc/src/alloc.rs:312
  _RNvXs_NtCslNYArtu3iFV_5alloc5allocNtB4_6GlobalNtNtCsgEmfK2I1SDS_4core5alloc9Allocator8allocate
    at /rustc/59807616e1fa2540724bfbac14d7976d7e4a3860/library/alloc/src/alloc.rs:429
  _RNvMs4_NtCslNYArtu3iFV_5alloc7raw_vecNtB5_11RawVecInner15try_allocate_inB7_
    at /rustc/59807616e1fa2540724bfbac14d7976d7e4a3860/library/alloc/src/raw_vec/mod.rs:464
  _RNvMs4_NtCslNYArtu3iFV_5alloc7raw_vecNtB5_11RawVecInner16with_capacity_inB7_
    at /rustc/59807616e1fa2540724bfbac14d7976d7e4a3860/library/alloc/src/raw_vec/mod.rs:433
  _RNvMs3_NtCslNYArtu3iFV_5alloc7raw_vecINtB5_6RawVechE16with_capacity_inB7_
    at /rustc/59807616e1fa2540724bfbac14d7976d7e4a3860/library/alloc/src/raw_vec/mod.rs:177
  _RNvMsF_NtCslNYArtu3iFV_5alloc3vecINtB5_3VechE16with_capacity_inB7_
    at /rustc/59807616e1fa2540724bfbac14d7976d7e4a3860/library/alloc/src/vec/mod.rs:965
  _RNvMNtCslNYArtu3iFV_5alloc3vecINtB2_3VechE13with_capacityB4_
    at /rustc/59807616e1fa2540724bfbac14d7976d7e4a3860/library/alloc/src/vec/mod.rs:524
  _RNvMNtCslNYArtu3iFV_5alloc6stringNtB2_6String13with_capacity
    at /rustc/59807616e1fa2540724bfbac14d7976d7e4a3860/library/alloc/src/string.rs:485
  _RNvNvNtCslNYArtu3iFV_5alloc3fmt6format12format_inner
    at /rustc/59807616e1fa2540724bfbac14d7976d7e4a3860/library/alloc/src/fmt.rs:652
  alloc::fmt::format::_$u7b$$u7b$closure$u7d$$u7d$::h2b7246aff012b041
    at /rustc/59807616e1fa2540724bfbac14d7976d7e4a3860/library/alloc/src/fmt.rs:659
    in /home/zhuhe/code/litchi-target-0794/after-profile
  core::option::Option$LT$T$GT$::map_or_else::hcab317e3c972f449
    at /rustc/59807616e1fa2540724bfbac14d7976d7e4a3860/library/core/src/option.rs:1278
  _RNvNtCslNYArtu3iFV_5alloc3fmt6format
    at /rustc/59807616e1fa2540724bfbac14d7976d7e4a3860/library/alloc/src/fmt.rs:659
  namespace_uri_probe::source_text::h462b0efda1fd1970
    at /home/zhuhe/code/litchi/docs/performance/results/change-0794/probe-src/src/main.rs:727
  namespace_uri_probe::expected_text::h8e5e04d47ffd4d6c
    at /home/zhuhe/code/litchi/docs/performance/results/change-0794/probe-src/src/main.rs:682
  namespace_uri_probe::verify_output::hf88d911dde4b0393
    at /home/zhuhe/code/litchi/docs/performance/results/change-0794/probe-src/src/main.rs:476
  namespace_uri_probe::build::h7f2fafcec5a0bedf
    at src/main.rs:782
    in /home/zhuhe/code/litchi-target-0794/after-profile
  namespace_uri_probe::run::hdbc690e144543b88
    at /home/zhuhe/code/litchi/docs/performance/results/change-0794/probe-src/src/main.rs:262
  namespace_uri_probe::main::h111c17325c103c7d
    at /home/zhuhe/code/litchi/docs/performance/results/change-0794/probe-src/src/main.rs:247
  core::ops::function::FnOnce::call_once::he47c61c7854c5b96
    at /rustc/59807616e1fa2540724bfbac14d7976d7e4a3860/library/core/src/ops/function.rs:250
    in /home/zhuhe/code/litchi-target-0794/after-profile
  std::sys::backtrace::__rust_begin_short_backtrace::hbbaaf18b7eebb54e
    at /rustc/59807616e1fa2540724bfbac14d7976d7e4a3860/library/std/src/sys/backtrace.rs:166
  std::rt::lang_start::_$u7b$$u7b$closure$u7d$$u7d$::h9d2de9d185a04994
    at /rustc/59807616e1fa2540724bfbac14d7976d7e4a3860/library/std/src/rt.rs:206
    in /home/zhuhe/code/litchi-target-0794/after-profile
  _RNvXs0_NtNtNtCsgEmfK2I1SDS_4core3ops8function5implsRDINtB7_2FnuEp6OutputlNtNtBb_6marker4SyncNtNtNtBb_5panic11unwind_safe13RefUnwindSafeEL_INtB7_6FnOnceuE9call_onceCsjrHSEGnQ3l9_3std
    at library/core/src/ops/function.rs:287
    in /home/zhuhe/code/litchi-target-0794/after-profile
  _RINvNvNtCsjrHSEGnQ3l9_3std9panicking12catch_unwind7do_callRDINtNtNtCsgEmfK2I1SDS_4core3ops8function2FnuEp6OutputlNtNtB13_6marker4SyncNtNtNtB13_5panic11unwind_safe13RefUnwindSafeEL_lEB6_
    at /rustc/59807616e1fa2540724bfbac14d7976d7e4a3860/library/std/src/panicking.rs:581
  _RINvNtCsjrHSEGnQ3l9_3std9panicking12catch_unwindlRDINtNtNtCsgEmfK2I1SDS_4core3ops8function2FnuEp6OutputlNtNtBU_6marker4SyncNtNtNtBU_5panic11unwind_safe13RefUnwindSafeEL_EB4_
    at /rustc/59807616e1fa2540724bfbac14d7976d7e4a3860/library/std/src/panicking.rs:544
  _RINvNtCsjrHSEGnQ3l9_3std5panic12catch_unwindRDINtNtNtCsgEmfK2I1SDS_4core3ops8function2FnuEp6OutputlNtNtBP_6marker4SyncNtNtNtBP_5panic11unwind_safe13RefUnwindSafeEL_lEB4_
    at /rustc/59807616e1fa2540724bfbac14d7976d7e4a3860/library/std/src/panic.rs:359
  _RNCNvNtCsjrHSEGnQ3l9_3std2rt19lang_start_internal0B5_
    at /rustc/59807616e1fa2540724bfbac14d7976d7e4a3860/library/std/src/rt.rs:175
  _RINvNvNtCsjrHSEGnQ3l9_3std9panicking12catch_unwind7do_callNCNvNtB6_2rt19lang_start_internal0iEB6_
    at /rustc/59807616e1fa2540724bfbac14d7976d7e4a3860/library/std/src/panicking.rs:581
  _RINvNtCsjrHSEGnQ3l9_3std9panicking12catch_unwindiNCNvNtB4_2rt19lang_start_internal0EB4_
    at /rustc/59807616e1fa2540724bfbac14d7976d7e4a3860/library/std/src/panicking.rs:544
  _RINvNtCsjrHSEGnQ3l9_3std5panic12catch_unwindNCNvNtB4_2rt19lang_start_internal0iEB4_
    at /rustc/59807616e1fa2540724bfbac14d7976d7e4a3860/library/std/src/panic.rs:359
  _RNvNtCsjrHSEGnQ3l9_3std2rt19lang_start_internal
    at /rustc/59807616e1fa2540724bfbac14d7976d7e4a3860/library/std/src/rt.rs:171
  main
    in /home/zhuhe/code/litchi-target-0794/after-profile

678.27K peak memory consumed over 6 calls from
  _RNvXNtNtNtCsjrHSEGnQ3l9_3std3sys5alloc4unixNtNtB8_5alloc6SystemNtNtNtCsgEmfK2I1SDS_4core5alloc6global11GlobalAlloc7realloc
    at /rustc/59807616e1fa2540724bfbac14d7976d7e4a3860/library/std/src/sys/alloc/unix.rs:54
    in /home/zhuhe/code/litchi-target-0794/after-profile
  _RNvCsfLfy6EI15iL_7___rustc13___rdl_realloc
    at /rustc/59807616e1fa2540724bfbac14d7976d7e4a3860/library/std/src/alloc.rs:477
  _RNvNtCslNYArtu3iFV_5alloc5alloc7realloc
    at /rustc/59807616e1fa2540724bfbac14d7976d7e4a3860/library/alloc/src/alloc.rs:135
  _RNvMNtCslNYArtu3iFV_5alloc5allocNtB2_6Global17grow_impl_runtime
    at /rustc/59807616e1fa2540724bfbac14d7976d7e4a3860/library/alloc/src/alloc.rs:239
  _RNvMNtCslNYArtu3iFV_5alloc5allocNtB2_6Global9grow_impl
    at /rustc/59807616e1fa2540724bfbac14d7976d7e4a3860/library/alloc/src/alloc.rs:342
  _RNvXs_NtCslNYArtu3iFV_5alloc5allocNtB4_6GlobalNtNtCsgEmfK2I1SDS_4core5alloc9Allocator4grow
    at /rustc/59807616e1fa2540724bfbac14d7976d7e4a3860/library/alloc/src/alloc.rs:454
  alloc::raw_vec::RawVecInner$LT$A$GT$::finish_grow::h8ff15ce40aadbdf4
    at /rustc/59807616e1fa2540724bfbac14d7976d7e4a3860/library/alloc/src/raw_vec/mod.rs:555
  alloc::raw_vec::RawVecInner$LT$A$GT$::grow_amortized::hbc8ade9e89e33c5f
    at /rustc/59807616e1fa2540724bfbac14d7976d7e4a3860/library/alloc/src/raw_vec/mod.rs:527
    in /home/zhuhe/code/litchi-target-0794/after-profile
  alloc::raw_vec::RawVecInner$LT$A$GT$::reserve::do_reserve_and_handle::h784cf714b219371b
    at /rustc/59807616e1fa2540724bfbac14d7976d7e4a3860/library/alloc/src/raw_vec/mod.rs:666
  alloc::raw_vec::RawVecInner$LT$A$GT$::reserve::h17d7958482d92b3e
    at /rustc/59807616e1fa2540724bfbac14d7976d7e4a3860/library/alloc/src/raw_vec/mod.rs:673
    in /home/zhuhe/code/litchi-target-0794/after-profile
  alloc::raw_vec::RawVec$LT$T$C$A$GT$::reserve::h3e1ea0884a80f804
    at /rustc/59807616e1fa2540724bfbac14d7976d7e4a3860/library/alloc/src/raw_vec/mod.rs:340
  alloc::vec::Vec$LT$T$C$A$GT$::reserve::h70de0091f0045751
    at /rustc/59807616e1fa2540724bfbac14d7976d7e4a3860/library/alloc/src/vec/mod.rs:1446
  alloc::vec::Vec$LT$T$C$A$GT$::append_elements::h61a26185baf27384
    at /rustc/59807616e1fa2540724bfbac14d7976d7e4a3860/library/alloc/src/vec/mod.rs:2879
  _$LT$alloc..vec..Vec$LT$T$C$A$GT$$u20$as$u20$alloc..vec..spec_extend..SpecExtend$LT$$RF$T$C$core..slice..iter..Iter$LT$T$GT$$GT$$GT$::spec_extend::he755268f696fd376
    at /rustc/59807616e1fa2540724bfbac14d7976d7e4a3860/library/alloc/src/vec/spec_extend.rs:56
  alloc::vec::Vec$LT$T$C$A$GT$::extend_from_slice::h955dd7c054c9dd30
    at /rustc/59807616e1fa2540724bfbac14d7976d7e4a3860/library/alloc/src/vec/mod.rs:3500
  _RNvMNtCslNYArtu3iFV_5alloc6stringNtB2_6String8push_str
    at /rustc/59807616e1fa2540724bfbac14d7976d7e4a3860/library/alloc/src/string.rs:1102
  litchi_pptx::presentation::package::text::h797f50f5f9c11001
    at /home/zhuhe/code/litchi/crates/litchi-pptx/src/presentation/package.rs:381
  litchi_pptx::presentation::model::Presentation::text::h8124811647432e28
    at /home/zhuhe/code/litchi/crates/litchi-pptx/src/presentation/model.rs:266
  namespace_uri_probe::verify_output::hf88d911dde4b0393
    at src/main.rs:475
    in /home/zhuhe/code/litchi-target-0794/after-profile
  namespace_uri_probe::build::h7f2fafcec5a0bedf
    at src/main.rs:782
    in /home/zhuhe/code/litchi-target-0794/after-profile
  namespace_uri_probe::run::hdbc690e144543b88
    at /home/zhuhe/code/litchi/docs/performance/results/change-0794/probe-src/src/main.rs:262
  namespace_uri_probe::main::h111c17325c103c7d
    at /home/zhuhe/code/litchi/docs/performance/results/change-0794/probe-src/src/main.rs:247
  core::ops::function::FnOnce::call_once::he47c61c7854c5b96
    at /rustc/59807616e1fa2540724bfbac14d7976d7e4a3860/library/core/src/ops/function.rs:250
    in /home/zhuhe/code/litchi-target-0794/after-profile
  std::sys::backtrace::__rust_begin_short_backtrace::hbbaaf18b7eebb54e
    at /rustc/59807616e1fa2540724bfbac14d7976d7e4a3860/library/std/src/sys/backtrace.rs:166
  std::rt::lang_start::_$u7b$$u7b$closure$u7d$$u7d$::h9d2de9d185a04994
    at /rustc/59807616e1fa2540724bfbac14d7976d7e4a3860/library/std/src/rt.rs:206
    in /home/zhuhe/code/litchi-target-0794/after-profile
  _RNvXs0_NtNtNtCsgEmfK2I1SDS_4core3ops8function5implsRDINtB7_2FnuEp6OutputlNtNtBb_6marker4SyncNtNtNtBb_5panic11unwind_safe13RefUnwindSafeEL_INtB7_6FnOnceuE9call_onceCsjrHSEGnQ3l9_3std
    at library/core/src/ops/function.rs:287
    in /home/zhuhe/code/litchi-target-0794/after-profile
  _RINvNvNtCsjrHSEGnQ3l9_3std9panicking12catch_unwind7do_callRDINtNtNtCsgEmfK2I1SDS_4core3ops8function2FnuEp6OutputlNtNtB13_6marker4SyncNtNtNtB13_5panic11unwind_safe13RefUnwindSafeEL_lEB6_
    at /rustc/59807616e1fa2540724bfbac14d7976d7e4a3860/library/std/src/panicking.rs:581
  _RINvNtCsjrHSEGnQ3l9_3std9panicking12catch_unwindlRDINtNtNtCsgEmfK2I1SDS_4core3ops8function2FnuEp6OutputlNtNtBU_6marker4SyncNtNtNtBU_5panic11unwind_safe13RefUnwindSafeEL_EB4_
    at /rustc/59807616e1fa2540724bfbac14d7976d7e4a3860/library/std/src/panicking.rs:544
  _RINvNtCsjrHSEGnQ3l9_3std5panic12catch_unwindRDINtNtNtCsgEmfK2I1SDS_4core3ops8function2FnuEp6OutputlNtNtBP_6marker4SyncNtNtNtBP_5panic11unwind_safe13RefUnwindSafeEL_lEB4_
    at /rustc/59807616e1fa2540724bfbac14d7976d7e4a3860/library/std/src/panic.rs:359
  _RNCNvNtCsjrHSEGnQ3l9_3std2rt19lang_start_internal0B5_
    at /rustc/59807616e1fa2540724bfbac14d7976d7e4a3860/library/std/src/rt.rs:175
  _RINvNvNtCsjrHSEGnQ3l9_3std9panicking12catch_unwind7do_callNCNvNtB6_2rt19lang_start_internal0iEB6_
    at /rustc/59807616e1fa2540724bfbac14d7976d7e4a3860/library/std/src/panicking.rs:581
  _RINvNtCsjrHSEGnQ3l9_3std9panicking12catch_unwindiNCNvNtB4_2rt19lang_start_internal0EB4_
    at /rustc/59807616e1fa2540724bfbac14d7976d7e4a3860/library/std/src/panicking.rs:544
  _RINvNtCsjrHSEGnQ3l9_3std5panic12catch_unwindNCNvNtB4_2rt19lang_start_internal0iEB4_
    at /rustc/59807616e1fa2540724bfbac14d7976d7e4a3860/library/std/src/panic.rs:359
  _RNvNtCsjrHSEGnQ3l9_3std2rt19lang_start_internal
    at /rustc/59807616e1fa2540724bfbac14d7976d7e4a3860/library/std/src/rt.rs:171
  main
    in /home/zhuhe/code/litchi-target-0794/after-profile

530.00K peak memory consumed over 1 calls from
  _RNvXNtNtNtCsjrHSEGnQ3l9_3std3sys5alloc4unixNtNtB8_5alloc6SystemNtNtNtCsgEmfK2I1SDS_4core5alloc6global11GlobalAlloc5alloc
    at /rustc/59807616e1fa2540724bfbac14d7976d7e4a3860/library/std/src/sys/alloc/unix.rs:14
    in /home/zhuhe/code/litchi-target-0794/after-profile
  _RNvCsfLfy6EI15iL_7___rustc11___rdl_alloc
    at /rustc/59807616e1fa2540724bfbac14d7976d7e4a3860/library/std/src/alloc.rs:455
  _RNvNtCslNYArtu3iFV_5alloc5alloc5alloc
    at /rustc/59807616e1fa2540724bfbac14d7976d7e4a3860/library/alloc/src/alloc.rs:95
  _RNvMNtCslNYArtu3iFV_5alloc5allocNtB2_6Global18alloc_impl_runtime
    at /rustc/59807616e1fa2540724bfbac14d7976d7e4a3860/library/alloc/src/alloc.rs:190
  _RNvMNtCslNYArtu3iFV_5alloc5allocNtB2_6Global10alloc_impl
    at /rustc/59807616e1fa2540724bfbac14d7976d7e4a3860/library/alloc/src/alloc.rs:312
  _RNvXs_NtCslNYArtu3iFV_5alloc5allocNtB4_6GlobalNtNtCsgEmfK2I1SDS_4core5alloc9Allocator8allocate
    at /rustc/59807616e1fa2540724bfbac14d7976d7e4a3860/library/alloc/src/alloc.rs:429
  alloc::raw_vec::RawVecInner$LT$A$GT$::try_allocate_in::h09cfec39e0cf40cb
    at /rustc/59807616e1fa2540724bfbac14d7976d7e4a3860/library/alloc/src/raw_vec/mod.rs:464
  alloc::raw_vec::RawVecInner$LT$A$GT$::with_capacity_in::h88ab151e4f5f3167
    at /rustc/59807616e1fa2540724bfbac14d7976d7e4a3860/library/alloc/src/raw_vec/mod.rs:433
  alloc::raw_vec::RawVec$LT$T$C$A$GT$::with_capacity_in::hb2fb8f56f8ae5cc7
    at /rustc/59807616e1fa2540724bfbac14d7976d7e4a3860/library/alloc/src/raw_vec/mod.rs:177
  alloc::vec::Vec$LT$T$C$A$GT$::with_capacity_in::hf4769bcd4ee76c57
    at /rustc/59807616e1fa2540724bfbac14d7976d7e4a3860/library/alloc/src/vec/mod.rs:965
  alloc::vec::Vec$LT$T$GT$::with_capacity::ha780d365f41dc16f
    at /rustc/59807616e1fa2540724bfbac14d7976d7e4a3860/library/alloc/src/vec/mod.rs:524
  alloc::str::join_generic_copy::hd464a36e3bcdf62d
    at /rustc/59807616e1fa2540724bfbac14d7976d7e4a3860/library/alloc/src/str.rs:157
  alloc::str::_$LT$impl$u20$alloc..slice..Join$LT$$RF$str$GT$$u20$for$u20$$u5b$S$u5d$$GT$::join::h0035d78a7855fa32
    at /rustc/59807616e1fa2540724bfbac14d7976d7e4a3860/library/alloc/src/str.rs:76
  alloc::slice::_$LT$impl$u20$$u5b$T$u5d$$GT$::join::h239de0ec6629abbf
    at /rustc/59807616e1fa2540724bfbac14d7976d7e4a3860/library/alloc/src/slice.rs:600
  namespace_uri_probe::expected_text::h8e5e04d47ffd4d6c
    at /home/zhuhe/code/litchi/docs/performance/results/change-0794/probe-src/src/main.rs:686
  namespace_uri_probe::verify_output::hf88d911dde4b0393
    at /home/zhuhe/code/litchi/docs/performance/results/change-0794/probe-src/src/main.rs:476
  namespace_uri_probe::build::h7f2fafcec5a0bedf
    at src/main.rs:782
    in /home/zhuhe/code/litchi-target-0794/after-profile
  namespace_uri_probe::run::hdbc690e144543b88
    at /home/zhuhe/code/litchi/docs/performance/results/change-0794/probe-src/src/main.rs:262
  namespace_uri_probe::main::h111c17325c103c7d
    at /home/zhuhe/code/litchi/docs/performance/results/change-0794/probe-src/src/main.rs:247
  core::ops::function::FnOnce::call_once::he47c61c7854c5b96
    at /rustc/59807616e1fa2540724bfbac14d7976d7e4a3860/library/core/src/ops/function.rs:250
    in /home/zhuhe/code/litchi-target-0794/after-profile
  std::sys::backtrace::__rust_begin_short_backtrace::hbbaaf18b7eebb54e
    at /rustc/59807616e1fa2540724bfbac14d7976d7e4a3860/library/std/src/sys/backtrace.rs:166
  std::rt::lang_start::_$u7b$$u7b$closure$u7d$$u7d$::h9d2de9d185a04994
    at /rustc/59807616e1fa2540724bfbac14d7976d7e4a3860/library/std/src/rt.rs:206
    in /home/zhuhe/code/litchi-target-0794/after-profile
  _RNvXs0_NtNtNtCsgEmfK2I1SDS_4core3ops8function5implsRDINtB7_2FnuEp6OutputlNtNtBb_6marker4SyncNtNtNtBb_5panic11unwind_safe13RefUnwindSafeEL_INtB7_6FnOnceuE9call_onceCsjrHSEGnQ3l9_3std
    at library/core/src/ops/function.rs:287
    in /home/zhuhe/code/litchi-target-0794/after-profile
  _RINvNvNtCsjrHSEGnQ3l9_3std9panicking12catch_unwind7do_callRDINtNtNtCsgEmfK2I1SDS_4core3ops8function2FnuEp6OutputlNtNtB13_6marker4SyncNtNtNtB13_5panic11unwind_safe13RefUnwindSafeEL_lEB6_
    at /rustc/59807616e1fa2540724bfbac14d7976d7e4a3860/library/std/src/panicking.rs:581
  _RINvNtCsjrHSEGnQ3l9_3std9panicking12catch_unwindlRDINtNtNtCsgEmfK2I1SDS_4core3ops8function2FnuEp6OutputlNtNtBU_6marker4SyncNtNtNtBU_5panic11unwind_safe13RefUnwindSafeEL_EB4_
    at /rustc/59807616e1fa2540724bfbac14d7976d7e4a3860/library/std/src/panicking.rs:544
  _RINvNtCsjrHSEGnQ3l9_3std5panic12catch_unwindRDINtNtNtCsgEmfK2I1SDS_4core3ops8function2FnuEp6OutputlNtNtBP_6marker4SyncNtNtNtBP_5panic11unwind_safe13RefUnwindSafeEL_lEB4_
    at /rustc/59807616e1fa2540724bfbac14d7976d7e4a3860/library/std/src/panic.rs:359
  _RNCNvNtCsjrHSEGnQ3l9_3std2rt19lang_start_internal0B5_
    at /rustc/59807616e1fa2540724bfbac14d7976d7e4a3860/library/std/src/rt.rs:175
  _RINvNvNtCsjrHSEGnQ3l9_3std9panicking12catch_unwind7do_callNCNvNtB6_2rt19lang_start_internal0iEB6_
    at /rustc/59807616e1fa2540724bfbac14d7976d7e4a3860/library/std/src/panicking.rs:581
  _RINvNtCsjrHSEGnQ3l9_3std9panicking12catch_unwindiNCNvNtB4_2rt19lang_start_internal0EB4_
    at /rustc/59807616e1fa2540724bfbac14d7976d7e4a3860/library/std/src/panicking.rs:544
  _RINvNtCsjrHSEGnQ3l9_3std5panic12catch_unwindNCNvNtB4_2rt19lang_start_internal0iEB4_
    at /rustc/59807616e1fa2540724bfbac14d7976d7e4a3860/library/std/src/panic.rs:359
  _RNvNtCsjrHSEGnQ3l9_3std2rt19lang_start_internal
    at /rustc/59807616e1fa2540724bfbac14d7976d7e4a3860/library/std/src/rt.rs:171
  main
    in /home/zhuhe/code/litchi-target-0794/after-profile

520.00K peak memory consumed over 10000 calls from
  _RNvXNtNtNtCsjrHSEGnQ3l9_3std3sys5alloc4unixNtNtB8_5alloc6SystemNtNtNtCsgEmfK2I1SDS_4core5alloc6global11GlobalAlloc5alloc
    at /rustc/59807616e1fa2540724bfbac14d7976d7e4a3860/library/std/src/sys/alloc/unix.rs:14
    in /home/zhuhe/code/litchi-target-0794/after-profile
  _RNvCsfLfy6EI15iL_7___rustc11___rdl_alloc
    at /rustc/59807616e1fa2540724bfbac14d7976d7e4a3860/library/std/src/alloc.rs:455
  _RNvNtCslNYArtu3iFV_5alloc5alloc5alloc
    at /rustc/59807616e1fa2540724bfbac14d7976d7e4a3860/library/alloc/src/alloc.rs:95
  _RNvMNtCslNYArtu3iFV_5alloc5allocNtB2_6Global18alloc_impl_runtime
    at /rustc/59807616e1fa2540724bfbac14d7976d7e4a3860/library/alloc/src/alloc.rs:190
  _RNvMNtCslNYArtu3iFV_5alloc5allocNtB2_6Global10alloc_impl
    at /rustc/59807616e1fa2540724bfbac14d7976d7e4a3860/library/alloc/src/alloc.rs:312
  _RNvXs_NtCslNYArtu3iFV_5alloc5allocNtB4_6GlobalNtNtCsgEmfK2I1SDS_4core5alloc9Allocator8allocate
    at /rustc/59807616e1fa2540724bfbac14d7976d7e4a3860/library/alloc/src/alloc.rs:429
  alloc::raw_vec::RawVecInner$LT$A$GT$::try_allocate_in::h42a172545e78ec7b
    at /rustc/59807616e1fa2540724bfbac14d7976d7e4a3860/library/alloc/src/raw_vec/mod.rs:464
  alloc::raw_vec::RawVecInner$LT$A$GT$::with_capacity_in::hb13cdc34fa846244
    at /rustc/59807616e1fa2540724bfbac14d7976d7e4a3860/library/alloc/src/raw_vec/mod.rs:433
  alloc::raw_vec::RawVec$LT$T$C$A$GT$::with_capacity_in::h7dbe72a89469e719
    at /rustc/59807616e1fa2540724bfbac14d7976d7e4a3860/library/alloc/src/raw_vec/mod.rs:177
  alloc::vec::Vec$LT$T$C$A$GT$::with_capacity_in::h077d043e0a42e75a
    at /rustc/59807616e1fa2540724bfbac14d7976d7e4a3860/library/alloc/src/vec/mod.rs:965
  _$LT$T$u20$as$u20$alloc..slice..$LT$impl$u20$$u5b$T$u5d$$GT$..to_vec_in..ConvertVec$GT$::to_vec::h032919ccc9f036de
    at /rustc/59807616e1fa2540724bfbac14d7976d7e4a3860/library/alloc/src/slice.rs:448
  alloc::slice::_$LT$impl$u20$$u5b$T$u5d$$GT$::to_vec_in::h197b65ed9879f2bd
    at /rustc/59807616e1fa2540724bfbac14d7976d7e4a3860/library/alloc/src/slice.rs:400
  alloc::slice::_$LT$impl$u20$$u5b$T$u5d$$GT$::to_vec::h4c58ef9c73b1f9c7
    at /rustc/59807616e1fa2540724bfbac14d7976d7e4a3860/library/alloc/src/slice.rs:376
  alloc::slice::_$LT$impl$u20$alloc..borrow..ToOwned$u20$for$u20$$u5b$T$u5d$$GT$::to_owned::h02982692a5d6d089
    at /rustc/59807616e1fa2540724bfbac14d7976d7e4a3860/library/alloc/src/slice.rs:842
  _RNvXs2_NtCslNYArtu3iFV_5alloc3streNtNtB7_6borrow7ToOwned8to_owned
    at /rustc/59807616e1fa2540724bfbac14d7976d7e4a3860/library/alloc/src/str.rs:211
  _RNvXsK_NtCslNYArtu3iFV_5alloc6stringNtB5_6StringINtNtCsgEmfK2I1SDS_4core7convert4FromReE4from
    at /rustc/59807616e1fa2540724bfbac14d7976d7e4a3860/library/alloc/src/string.rs:3114
  _RNvXs21_NtCslNYArtu3iFV_5alloc6stringeNtB6_12SpecToString14spec_to_string
    at /rustc/59807616e1fa2540724bfbac14d7976d7e4a3860/library/alloc/src/string.rs:3045
  _$LT$T$u20$as$u20$alloc..string..ToString$GT$::to_string::h531e7a3af75239ff
    at /rustc/59807616e1fa2540724bfbac14d7976d7e4a3860/library/alloc/src/string.rs:2894
  litchi_pptx::writer::slide::MutableSlide::add_text_box::hdb5f96cb44f3a922
    at /home/zhuhe/code/litchi/crates/litchi-pptx/src/writer/slide.rs:197
  namespace_uri_probe::build::h7f2fafcec5a0bedf
    at src/main.rs:738
    in /home/zhuhe/code/litchi-target-0794/after-profile
  namespace_uri_probe::run::hdbc690e144543b88
    at /home/zhuhe/code/litchi/docs/performance/results/change-0794/probe-src/src/main.rs:262
  namespace_uri_probe::main::h111c17325c103c7d
    at /home/zhuhe/code/litchi/docs/performance/results/change-0794/probe-src/src/main.rs:247
  core::ops::function::FnOnce::call_once::he47c61c7854c5b96
    at /rustc/59807616e1fa2540724bfbac14d7976d7e4a3860/library/core/src/ops/function.rs:250
    in /home/zhuhe/code/litchi-target-0794/after-profile
  std::sys::backtrace::__rust_begin_short_backtrace::hbbaaf18b7eebb54e
    at /rustc/59807616e1fa2540724bfbac14d7976d7e4a3860/library/std/src/sys/backtrace.rs:166
  std::rt::lang_start::_$u7b$$u7b$closure$u7d$$u7d$::h9d2de9d185a04994
    at /rustc/59807616e1fa2540724bfbac14d7976d7e4a3860/library/std/src/rt.rs:206
    in /home/zhuhe/code/litchi-target-0794/after-profile
  _RNvXs0_NtNtNtCsgEmfK2I1SDS_4core3ops8function5implsRDINtB7_2FnuEp6OutputlNtNtBb_6marker4SyncNtNtNtBb_5panic11unwind_safe13RefUnwindSafeEL_INtB7_6FnOnceuE9call_onceCsjrHSEGnQ3l9_3std
    at library/core/src/ops/function.rs:287
    in /home/zhuhe/code/litchi-target-0794/after-profile
  _RINvNvNtCsjrHSEGnQ3l9_3std9panicking12catch_unwind7do_callRDINtNtNtCsgEmfK2I1SDS_4core3ops8function2FnuEp6OutputlNtNtB13_6marker4SyncNtNtNtB13_5panic11unwind_safe13RefUnwindSafeEL_lEB6_
    at /rustc/59807616e1fa2540724bfbac14d7976d7e4a3860/library/std/src/panicking.rs:581
  _RINvNtCsjrHSEGnQ3l9_3std9panicking12catch_unwindlRDINtNtNtCsgEmfK2I1SDS_4core3ops8function2FnuEp6OutputlNtNtBU_6marker4SyncNtNtNtBU_5panic11unwind_safe13RefUnwindSafeEL_EB4_
    at /rustc/59807616e1fa2540724bfbac14d7976d7e4a3860/library/std/src/panicking.rs:544
  _RINvNtCsjrHSEGnQ3l9_3std5panic12catch_unwindRDINtNtNtCsgEmfK2I1SDS_4core3ops8function2FnuEp6OutputlNtNtBP_6marker4SyncNtNtNtBP_5panic11unwind_safe13RefUnwindSafeEL_lEB4_
    at /rustc/59807616e1fa2540724bfbac14d7976d7e4a3860/library/std/src/panic.rs:359
  _RNCNvNtCsjrHSEGnQ3l9_3std2rt19lang_start_internal0B5_
    at /rustc/59807616e1fa2540724bfbac14d7976d7e4a3860/library/std/src/rt.rs:175
  _RINvNvNtCsjrHSEGnQ3l9_3std9panicking12catch_unwind7do_callNCNvNtB6_2rt19lang_start_internal0iEB6_
    at /rustc/59807616e1fa2540724bfbac14d7976d7e4a3860/library/std/src/panicking.rs:581
  _RINvNtCsjrHSEGnQ3l9_3std9panicking12catch_unwindiNCNvNtB4_2rt19lang_start_internal0EB4_
    at /rustc/59807616e1fa2540724bfbac14d7976d7e4a3860/library/std/src/panicking.rs:544
  _RINvNtCsjrHSEGnQ3l9_3std5panic12catch_unwindNCNvNtB4_2rt19lang_start_internal0iEB4_
    at /rustc/59807616e1fa2540724bfbac14d7976d7e4a3860/library/std/src/panic.rs:359
  _RNvNtCsjrHSEGnQ3l9_3std2rt19lang_start_internal
    at /rustc/59807616e1fa2540724bfbac14d7976d7e4a3860/library/std/src/rt.rs:171
  main
    in /home/zhuhe/code/litchi-target-0794/after-profile

397.82K peak memory consumed over 1 calls from
  _RNvXNtNtNtCsjrHSEGnQ3l9_3std3sys5alloc4unixNtNtB8_5alloc6SystemNtNtNtCsgEmfK2I1SDS_4core5alloc6global11GlobalAlloc7realloc
    at /rustc/59807616e1fa2540724bfbac14d7976d7e4a3860/library/std/src/sys/alloc/unix.rs:54
    in /home/zhuhe/code/litchi-target-0794/after-profile
  _RNvCsfLfy6EI15iL_7___rustc13___rdl_realloc
    at /rustc/59807616e1fa2540724bfbac14d7976d7e4a3860/library/std/src/alloc.rs:477
  _RNvNtCslNYArtu3iFV_5alloc5alloc7realloc
    at /rustc/59807616e1fa2540724bfbac14d7976d7e4a3860/library/alloc/src/alloc.rs:135
  _RNvMNtCslNYArtu3iFV_5alloc5allocNtB2_6Global17grow_impl_runtime
    at /rustc/59807616e1fa2540724bfbac14d7976d7e4a3860/library/alloc/src/alloc.rs:239
  _RNvMNtCslNYArtu3iFV_5alloc5allocNtB2_6Global9grow_impl
    at /rustc/59807616e1fa2540724bfbac14d7976d7e4a3860/library/alloc/src/alloc.rs:342
  _RNvXs_NtCslNYArtu3iFV_5alloc5allocNtB4_6GlobalNtNtCsgEmfK2I1SDS_4core5alloc9Allocator4grow
    at /rustc/59807616e1fa2540724bfbac14d7976d7e4a3860/library/alloc/src/alloc.rs:454
  alloc::raw_vec::RawVecInner$LT$A$GT$::finish_grow::hcf34462ab9f8a629
    at /rustc/59807616e1fa2540724bfbac14d7976d7e4a3860/library/alloc/src/raw_vec/mod.rs:555
  alloc::raw_vec::RawVecInner$LT$A$GT$::grow_amortized::hd5058ad4df1a6723
    at /rustc/59807616e1fa2540724bfbac14d7976d7e4a3860/library/alloc/src/raw_vec/mod.rs:527
    in /home/zhuhe/code/litchi-target-0794/after-profile
  alloc::raw_vec::RawVecInner$LT$A$GT$::reserve::do_reserve_and_handle::h56fb9e20b405064e
    at /rustc/59807616e1fa2540724bfbac14d7976d7e4a3860/library/alloc/src/raw_vec/mod.rs:666
  alloc::raw_vec::RawVecInner$LT$A$GT$::reserve::he3b2f781077e31d5
    at /rustc/59807616e1fa2540724bfbac14d7976d7e4a3860/library/alloc/src/raw_vec/mod.rs:673
    in /home/zhuhe/code/litchi-target-0794/after-profile
  alloc::raw_vec::RawVec$LT$T$C$A$GT$::reserve::hba0f8bff35f97cd6
    at /rustc/59807616e1fa2540724bfbac14d7976d7e4a3860/library/alloc/src/raw_vec/mod.rs:340
  alloc::vec::Vec$LT$T$C$A$GT$::reserve::he58cba8007a384e7
    at /rustc/59807616e1fa2540724bfbac14d7976d7e4a3860/library/alloc/src/vec/mod.rs:1446
  std::io::cursor::reserve_and_pad::hb200fe1ad8f941f0
    at /rustc/59807616e1fa2540724bfbac14d7976d7e4a3860/library/std/src/io/cursor.rs:484
  std::io::cursor::vec_write_all::hc0d7ee0863350b90
    at /rustc/59807616e1fa2540724bfbac14d7976d7e4a3860/library/std/src/io/cursor.rs:533
  _$LT$std..io..cursor..Cursor$LT$alloc..vec..Vec$LT$u8$C$A$GT$$GT$$u20$as$u20$std..io..Write$GT$::write::h66272f1611248de3
    at /rustc/59807616e1fa2540724bfbac14d7976d7e4a3860/library/std/src/io/cursor.rs:662
  _$LT$soapberry_zip..office..BoundedOutput$LT$W$GT$$u20$as$u20$std..io..Write$GT$::write::hc32635bb54cc6a81
    at /home/zhuhe/code/litchi/crates/soapberry-zip/src/office.rs:6444
  _$LT$soapberry_zip..writer..CountWriter$LT$W$GT$$u20$as$u20$std..io..Write$GT$::write::hca16a6733f36d5d3
    at /home/zhuhe/code/litchi/crates/soapberry-zip/src/writer.rs:432
  std::io::Write::write_all::h0afcec391f6c7041
    at /rustc/59807616e1fa2540724bfbac14d7976d7e4a3860/library/std/src/io/mod.rs:1877
    in /home/zhuhe/code/litchi-target-0794/after-profile
  std::io::impls::_$LT$impl$u20$std..io..Write$u20$for$u20$$RF$mut$u20$W$GT$::write_all::had127ab0a8018b63
    at /rustc/59807616e1fa2540724bfbac14d7976d7e4a3860/library/std/src/io/impls.rs:78
  soapberry_zip::archive::ZipFileHeaderFixed::write::hc20419b83ab977f7
    at /home/zhuhe/code/litchi/crates/soapberry-zip/src/archive.rs:4050
  soapberry_zip::writer::ZipArchiveWriter$LT$W$GT$::finish::ha5419018d413848a
    at /home/zhuhe/code/litchi/crates/soapberry-zip/src/writer.rs:2140
  soapberry_zip::office::StreamingArchiveWriter$LT$W$GT$::finish_with_progress::h38dcd2cc96564515
    at /home/zhuhe/code/litchi/crates/soapberry-zip/src/office.rs:8155
  litchi_opc::phys_pkg::PhysPkgWriter::finish::h35421ad54ce42444
    at /home/zhuhe/code/litchi/crates/litchi-opc/src/phys_pkg.rs:1534
  litchi_opc::pkgwriter::PackageWriter::to_bytes::ha4027ec8aaf17130
    at src/pkgwriter.rs:1322
    in /home/zhuhe/code/litchi-target-0794/after-profile
  litchi_pptx::package::codec::_$LT$impl$u20$litchi_pptx..package..model..Package$GT$::to_bytes::h8392a9b65728ab72
    at src/package/codec.rs:342
    in /home/zhuhe/code/litchi-target-0794/after-profile
  namespace_uri_probe::build::h7f2fafcec5a0bedf
    at src/main.rs:748
    in /home/zhuhe/code/litchi-target-0794/after-profile
  namespace_uri_probe::run::hdbc690e144543b88
    at /home/zhuhe/code/litchi/docs/performance/results/change-0794/probe-src/src/main.rs:262
  namespace_uri_probe::main::h111c17325c103c7d
    at /home/zhuhe/code/litchi/docs/performance/results/change-0794/probe-src/src/main.rs:247
  core::ops::function::FnOnce::call_once::he47c61c7854c5b96
    at /rustc/59807616e1fa2540724bfbac14d7976d7e4a3860/library/core/src/ops/function.rs:250
    in /home/zhuhe/code/litchi-target-0794/after-profile
  std::sys::backtrace::__rust_begin_short_backtrace::hbbaaf18b7eebb54e
    at /rustc/59807616e1fa2540724bfbac14d7976d7e4a3860/library/std/src/sys/backtrace.rs:166
  std::rt::lang_start::_$u7b$$u7b$closure$u7d$$u7d$::h9d2de9d185a04994
    at /rustc/59807616e1fa2540724bfbac14d7976d7e4a3860/library/std/src/rt.rs:206
    in /home/zhuhe/code/litchi-target-0794/after-profile
  _RNvXs0_NtNtNtCsgEmfK2I1SDS_4core3ops8function5implsRDINtB7_2FnuEp6OutputlNtNtBb_6marker4SyncNtNtNtBb_5panic11unwind_safe13RefUnwindSafeEL_INtB7_6FnOnceuE9call_onceCsjrHSEGnQ3l9_3std
    at library/core/src/ops/function.rs:287
    in /home/zhuhe/code/litchi-target-0794/after-profile
  _RINvNvNtCsjrHSEGnQ3l9_3std9panicking12catch_unwind7do_callRDINtNtNtCsgEmfK2I1SDS_4core3ops8function2FnuEp6OutputlNtNtB13_6marker4SyncNtNtNtB13_5panic11unwind_safe13RefUnwindSafeEL_lEB6_
    at /rustc/59807616e1fa2540724bfbac14d7976d7e4a3860/library/std/src/panicking.rs:581
  _RINvNtCsjrHSEGnQ3l9_3std9panicking12catch_unwindlRDINtNtNtCsgEmfK2I1SDS_4core3ops8function2FnuEp6OutputlNtNtBU_6marker4SyncNtNtNtBU_5panic11unwind_safe13RefUnwindSafeEL_EB4_
    at /rustc/59807616e1fa2540724bfbac14d7976d7e4a3860/library/std/src/panicking.rs:544
  _RINvNtCsjrHSEGnQ3l9_3std5panic12catch_unwindRDINtNtNtCsgEmfK2I1SDS_4core3ops8function2FnuEp6OutputlNtNtBP_6marker4SyncNtNtNtBP_5panic11unwind_safe13RefUnwindSafeEL_lEB4_
    at /rustc/59807616e1fa2540724bfbac14d7976d7e4a3860/library/std/src/panic.rs:359
  _RNCNvNtCsjrHSEGnQ3l9_3std2rt19lang_start_internal0B5_
    at /rustc/59807616e1fa2540724bfbac14d7976d7e4a3860/library/std/src/rt.rs:175
  _RINvNvNtCsjrHSEGnQ3l9_3std9panicking12catch_unwind7do_callNCNvNtB6_2rt19lang_start_internal0iEB6_
    at /rustc/59807616e1fa2540724bfbac14d7976d7e4a3860/library/std/src/panicking.rs:581
  _RINvNtCsjrHSEGnQ3l9_3std9panicking12catch_unwindiNCNvNtB4_2rt19lang_start_internal0EB4_
    at /rustc/59807616e1fa2540724bfbac14d7976d7e4a3860/library/std/src/panicking.rs:544
  _RINvNtCsjrHSEGnQ3l9_3std5panic12catch_unwindNCNvNtB4_2rt19lang_start_internal0iEB4_
    at /rustc/59807616e1fa2540724bfbac14d7976d7e4a3860/library/std/src/panic.rs:359
  _RNvNtCsjrHSEGnQ3l9_3std2rt19lang_start_internal
    at /rustc/59807616e1fa2540724bfbac14d7976d7e4a3860/library/std/src/rt.rs:171
  main
    in /home/zhuhe/code/litchi-target-0794/after-profile

240.00K peak memory consumed over 1 calls from
  _RNvXNtNtNtCsjrHSEGnQ3l9_3std3sys5alloc4unixNtNtB8_5alloc6SystemNtNtNtCsgEmfK2I1SDS_4core5alloc6global11GlobalAlloc5alloc
    at /rustc/59807616e1fa2540724bfbac14d7976d7e4a3860/library/std/src/sys/alloc/unix.rs:14
    in /home/zhuhe/code/litchi-target-0794/after-profile
  _RNvCsfLfy6EI15iL_7___rustc11___rdl_alloc
    at /rustc/59807616e1fa2540724bfbac14d7976d7e4a3860/library/std/src/alloc.rs:455
  _RNvNtCslNYArtu3iFV_5alloc5alloc5alloc
    at /rustc/59807616e1fa2540724bfbac14d7976d7e4a3860/library/alloc/src/alloc.rs:95
  _RNvMNtCslNYArtu3iFV_5alloc5allocNtB2_6Global18alloc_impl_runtime
    at /rustc/59807616e1fa2540724bfbac14d7976d7e4a3860/library/alloc/src/alloc.rs:190
  _RNvMNtCslNYArtu3iFV_5alloc5allocNtB2_6Global10alloc_impl
    at /rustc/59807616e1fa2540724bfbac14d7976d7e4a3860/library/alloc/src/alloc.rs:312
  _RNvXs_NtCslNYArtu3iFV_5alloc5allocNtB4_6GlobalNtNtCsgEmfK2I1SDS_4core5alloc9Allocator8allocate
    at /rustc/59807616e1fa2540724bfbac14d7976d7e4a3860/library/alloc/src/alloc.rs:429
  alloc::raw_vec::RawVecInner$LT$A$GT$::try_allocate_in::h09cfec39e0cf40cb
    at /rustc/59807616e1fa2540724bfbac14d7976d7e4a3860/library/alloc/src/raw_vec/mod.rs:464
  alloc::raw_vec::RawVecInner$LT$A$GT$::with_capacity_in::h88ab151e4f5f3167
    at /rustc/59807616e1fa2540724bfbac14d7976d7e4a3860/library/alloc/src/raw_vec/mod.rs:433
  alloc::raw_vec::RawVec$LT$T$C$A$GT$::with_capacity_in::h905bfebc53ecd6c4
    at /rustc/59807616e1fa2540724bfbac14d7976d7e4a3860/library/alloc/src/raw_vec/mod.rs:177
  alloc::vec::Vec$LT$T$C$A$GT$::with_capacity_in::hbfa2404e2102bb7e
    at /rustc/59807616e1fa2540724bfbac14d7976d7e4a3860/library/alloc/src/vec/mod.rs:965
  alloc::vec::Vec$LT$T$GT$::with_capacity::h40a93b4b5ea21033
    at /rustc/59807616e1fa2540724bfbac14d7976d7e4a3860/library/alloc/src/vec/mod.rs:524
  namespace_uri_probe::expected_text::h8e5e04d47ffd4d6c
    at /home/zhuhe/code/litchi/docs/performance/results/change-0794/probe-src/src/main.rs:676
  namespace_uri_probe::verify_output::hf88d911dde4b0393
    at /home/zhuhe/code/litchi/docs/performance/results/change-0794/probe-src/src/main.rs:476
  namespace_uri_probe::build::h7f2fafcec5a0bedf
    at src/main.rs:782
    in /home/zhuhe/code/litchi-target-0794/after-profile
  namespace_uri_probe::run::hdbc690e144543b88
    at /home/zhuhe/code/litchi/docs/performance/results/change-0794/probe-src/src/main.rs:262
  namespace_uri_probe::main::h111c17325c103c7d
    at /home/zhuhe/code/litchi/docs/performance/results/change-0794/probe-src/src/main.rs:247
  core::ops::function::FnOnce::call_once::he47c61c7854c5b96
    at /rustc/59807616e1fa2540724bfbac14d7976d7e4a3860/library/core/src/ops/function.rs:250
    in /home/zhuhe/code/litchi-target-0794/after-profile
  std::sys::backtrace::__rust_begin_short_backtrace::hbbaaf18b7eebb54e
    at /rustc/59807616e1fa2540724bfbac14d7976d7e4a3860/library/std/src/sys/backtrace.rs:166
  std::rt::lang_start::_$u7b$$u7b$closure$u7d$$u7d$::h9d2de9d185a04994
    at /rustc/59807616e1fa2540724bfbac14d7976d7e4a3860/library/std/src/rt.rs:206
    in /home/zhuhe/code/litchi-target-0794/after-profile
  _RNvXs0_NtNtNtCsgEmfK2I1SDS_4core3ops8function5implsRDINtB7_2FnuEp6OutputlNtNtBb_6marker4SyncNtNtNtBb_5panic11unwind_safe13RefUnwindSafeEL_INtB7_6FnOnceuE9call_onceCsjrHSEGnQ3l9_3std
    at library/core/src/ops/function.rs:287
    in /home/zhuhe/code/litchi-target-0794/after-profile
  _RINvNvNtCsjrHSEGnQ3l9_3std9panicking12catch_unwind7do_callRDINtNtNtCsgEmfK2I1SDS_4core3ops8function2FnuEp6OutputlNtNtB13_6marker4SyncNtNtNtB13_5panic11unwind_safe13RefUnwindSafeEL_lEB6_
    at /rustc/59807616e1fa2540724bfbac14d7976d7e4a3860/library/std/src/panicking.rs:581
  _RINvNtCsjrHSEGnQ3l9_3std9panicking12catch_unwindlRDINtNtNtCsgEmfK2I1SDS_4core3ops8function2FnuEp6OutputlNtNtBU_6marker4SyncNtNtNtBU_5panic11unwind_safe13RefUnwindSafeEL_EB4_
    at /rustc/59807616e1fa2540724bfbac14d7976d7e4a3860/library/std/src/panicking.rs:544
  _RINvNtCsjrHSEGnQ3l9_3std5panic12catch_unwindRDINtNtNtCsgEmfK2I1SDS_4core3ops8function2FnuEp6OutputlNtNtBP_6marker4SyncNtNtNtBP_5panic11unwind_safe13RefUnwindSafeEL_lEB4_
    at /rustc/59807616e1fa2540724bfbac14d7976d7e4a3860/library/std/src/panic.rs:359
  _RNCNvNtCsjrHSEGnQ3l9_3std2rt19lang_start_internal0B5_
    at /rustc/59807616e1fa2540724bfbac14d7976d7e4a3860/library/std/src/rt.rs:175
  _RINvNvNtCsjrHSEGnQ3l9_3std9panicking12catch_unwind7do_callNCNvNtB6_2rt19lang_start_internal0iEB6_
    at /rustc/59807616e1fa2540724bfbac14d7976d7e4a3860/library/std/src/panicking.rs:581
  _RINvNtCsjrHSEGnQ3l9_3std9panicking12catch_unwindiNCNvNtB4_2rt19lang_start_internal0EB4_
    at /rustc/59807616e1fa2540724bfbac14d7976d7e4a3860/library/std/src/panicking.rs:544
  _RINvNtCsjrHSEGnQ3l9_3std5panic12catch_unwindNCNvNtB4_2rt19lang_start_internal0iEB4_
    at /rustc/59807616e1fa2540724bfbac14d7976d7e4a3860/library/std/src/panic.rs:359
  _RNvNtCsjrHSEGnQ3l9_3std2rt19lang_start_internal
    at /rustc/59807616e1fa2540724bfbac14d7976d7e4a3860/library/std/src/rt.rs:171
  main
    in /home/zhuhe/code/litchi-target-0794/after-profile

92.40K peak memory consumed over 114 calls from
  _RNvXNtNtNtCsjrHSEGnQ3l9_3std3sys5alloc4unixNtNtB8_5alloc6SystemNtNtNtCsgEmfK2I1SDS_4core5alloc6global11GlobalAlloc5alloc
    at /rustc/59807616e1fa2540724bfbac14d7976d7e4a3860/library/std/src/sys/alloc/unix.rs:14
    in /home/zhuhe/code/litchi-target-0794/after-profile
  _RNvCsfLfy6EI15iL_7___rustc11___rdl_alloc
    at /rustc/59807616e1fa2540724bfbac14d7976d7e4a3860/library/std/src/alloc.rs:455
  _RNvNtCslNYArtu3iFV_5alloc5alloc5alloc
    at /rustc/59807616e1fa2540724bfbac14d7976d7e4a3860/library/alloc/src/alloc.rs:95
  _RNvMNtCslNYArtu3iFV_5alloc5allocNtB2_6Global18alloc_impl_runtime
    at /rustc/59807616e1fa2540724bfbac14d7976d7e4a3860/library/alloc/src/alloc.rs:190
  _RNvMNtCslNYArtu3iFV_5alloc5allocNtB2_6Global10alloc_impl
    at /rustc/59807616e1fa2540724bfbac14d7976d7e4a3860/library/alloc/src/alloc.rs:312
  _RNvXs_NtCslNYArtu3iFV_5alloc5allocNtB4_6GlobalNtNtCsgEmfK2I1SDS_4core5alloc9Allocator8allocate
    at /rustc/59807616e1fa2540724bfbac14d7976d7e4a3860/library/alloc/src/alloc.rs:429
  hashbrown::raw::alloc::inner::do_alloc::h3998229efe458ca4
    at /rust/deps/hashbrown-0.16.1/src/raw/alloc.rs:19
  hashbrown::raw::RawTableInner::new_uninitialized::h37fd08a6891c39b3
    at /rust/deps/hashbrown-0.16.1/src/raw/mod.rs:1613
  hashbrown::raw::RawTableInner::fallible_with_capacity::hcf442ff5f08cd1c3
    at /rust/deps/hashbrown-0.16.1/src/raw/mod.rs:1672
  hashbrown::raw::RawTableInner::prepare_resize::h94721f963f264696
    at /rust/deps/hashbrown-0.16.1/src/raw/mod.rs:2738
    in /home/zhuhe/code/litchi-target-0794/after-profile
  hashbrown::raw::RawTableInner::resize_inner::h19a7564f7771ef6f
    at /rust/deps/hashbrown-0.16.1/src/raw/mod.rs:2936
  hashbrown::raw::RawTableInner::reserve_rehash_inner::h0f0056247f9f2374
    at /rust/deps/hashbrown-0.16.1/src/raw/mod.rs:2824
  hashbrown::raw::RawTable$LT$T$C$A$GT$::reserve_rehash::h64c0adf879df78cd
    at /rust/deps/hashbrown-0.16.1/src/raw/mod.rs:1013
  hashbrown::raw::RawTable$LT$T$C$A$GT$::try_reserve::h68962ca56450520a
    at /rust/deps/hashbrown-0.16.1/src/raw/mod.rs:983
    in /home/zhuhe/code/litchi-target-0794/after-profile
  hashbrown::map::HashMap$LT$K$C$V$C$S$C$A$GT$::try_reserve::h063d7556bf12ec58
    at /rust/deps/hashbrown-0.16.1/src/map.rs:1155
  std::collections::hash::map::HashMap$LT$K$C$V$C$S$C$A$GT$::try_reserve::h60f398bd53bcf6b5
    at /rustc/59807616e1fa2540724bfbac14d7976d7e4a3860/library/std/src/collections/hash/map.rs:904
  litchi_opc::rel::Relationships::try_reserve::hac25d642c9c5dbb7
    at /home/zhuhe/code/litchi/crates/litchi-opc/src/rel.rs:445
  litchi_opc::package::OpcPackage::unmarshal_with_payload_donor::ha04f9db1baa5b5df
    at /home/zhuhe/code/litchi/crates/litchi-opc/src/package.rs:1224
  litchi_opc::package::OpcPackage::unmarshal::h8e3a7a6902e1e56b
    at src/package.rs:1157
    in /home/zhuhe/code/litchi-target-0794/after-profile
  litchi_opc::package::OpcPackage::from_bytes_with_limits::h6bd20fce007e2697
    at /home/zhuhe/code/litchi/crates/litchi-opc/src/package.rs:1130
  litchi_pptx::package::codec::_$LT$impl$u20$litchi_pptx..package..model..Package$GT$::from_bytes_with_limits::hae62f6019e0139e1
    at src/package/codec.rs:254
    in /home/zhuhe/code/litchi-target-0794/after-profile
  litchi_pptx::package::codec::_$LT$impl$u20$litchi_pptx..package..model..Package$GT$::from_bytes::h639b098ba88a28bc
    at /home/zhuhe/code/litchi/crates/litchi-pptx/src/package/codec.rs:245
  namespace_uri_probe::verify_output::hf88d911dde4b0393
    at src/main.rs:474
    in /home/zhuhe/code/litchi-target-0794/after-profile
  namespace_uri_probe::build::h7f2fafcec5a0bedf
    at src/main.rs:782
    in /home/zhuhe/code/litchi-target-0794/after-profile
  namespace_uri_probe::run::hdbc690e144543b88
    at /home/zhuhe/code/litchi/docs/performance/results/change-0794/probe-src/src/main.rs:262
  namespace_uri_probe::main::h111c17325c103c7d
    at /home/zhuhe/code/litchi/docs/performance/results/change-0794/probe-src/src/main.rs:247
  core::ops::function::FnOnce::call_once::he47c61c7854c5b96
    at /rustc/59807616e1fa2540724bfbac14d7976d7e4a3860/library/core/src/ops/function.rs:250
    in /home/zhuhe/code/litchi-target-0794/after-profile
  std::sys::backtrace::__rust_begin_short_backtrace::hbbaaf18b7eebb54e
    at /rustc/59807616e1fa2540724bfbac14d7976d7e4a3860/library/std/src/sys/backtrace.rs:166
  std::rt::lang_start::_$u7b$$u7b$closure$u7d$$u7d$::h9d2de9d185a04994
    at /rustc/59807616e1fa2540724bfbac14d7976d7e4a3860/library/std/src/rt.rs:206
    in /home/zhuhe/code/litchi-target-0794/after-profile
  _RNvXs0_NtNtNtCsgEmfK2I1SDS_4core3ops8function5implsRDINtB7_2FnuEp6OutputlNtNtBb_6marker4SyncNtNtNtBb_5panic11unwind_safe13RefUnwindSafeEL_INtB7_6FnOnceuE9call_onceCsjrHSEGnQ3l9_3std
    at library/core/src/ops/function.rs:287
    in /home/zhuhe/code/litchi-target-0794/after-profile
  _RINvNvNtCsjrHSEGnQ3l9_3std9panicking12catch_unwind7do_callRDINtNtNtCsgEmfK2I1SDS_4core3ops8function2FnuEp6OutputlNtNtB13_6marker4SyncNtNtNtB13_5panic11unwind_safe13RefUnwindSafeEL_lEB6_
    at /rustc/59807616e1fa2540724bfbac14d7976d7e4a3860/library/std/src/panicking.rs:581
  _RINvNtCsjrHSEGnQ3l9_3std9panicking12catch_unwindlRDINtNtNtCsgEmfK2I1SDS_4core3ops8function2FnuEp6OutputlNtNtBU_6marker4SyncNtNtNtBU_5panic11unwind_safe13RefUnwindSafeEL_EB4_
    at /rustc/59807616e1fa2540724bfbac14d7976d7e4a3860/library/std/src/panicking.rs:544
  _RINvNtCsjrHSEGnQ3l9_3std5panic12catch_unwindRDINtNtNtCsgEmfK2I1SDS_4core3ops8function2FnuEp6OutputlNtNtBP_6marker4SyncNtNtNtBP_5panic11unwind_safe13RefUnwindSafeEL_lEB4_
    at /rustc/59807616e1fa2540724bfbac14d7976d7e4a3860/library/std/src/panic.rs:359
  _RNCNvNtCsjrHSEGnQ3l9_3std2rt19lang_start_internal0B5_
    at /rustc/59807616e1fa2540724bfbac14d7976d7e4a3860/library/std/src/rt.rs:175
  _RINvNvNtCsjrHSEGnQ3l9_3std9panicking12catch_unwind7do_callNCNvNtB6_2rt19lang_start_internal0iEB6_
    at /rustc/59807616e1fa2540724bfbac14d7976d7e4a3860/library/std/src/panicking.rs:581
  _RINvNtCsjrHSEGnQ3l9_3std9panicking12catch_unwindiNCNvNtB4_2rt19lang_start_internal0EB4_
    at /rustc/59807616e1fa2540724bfbac14d7976d7e4a3860/library/std/src/panicking.rs:544
  _RINvNtCsjrHSEGnQ3l9_3std5panic12catch_unwindNCNvNtB4_2rt19lang_start_internal0iEB4_
    at /rustc/59807616e1fa2540724bfbac14d7976d7e4a3860/library/std/src/panic.rs:359
  _RNvNtCsjrHSEGnQ3l9_3std2rt19lang_start_internal
    at /rustc/59807616e1fa2540724bfbac14d7976d7e4a3860/library/std/src/rt.rs:171
  main
    in /home/zhuhe/code/litchi-target-0794/after-profile

73.73K peak memory consumed over 1 calls from
  0x74532d4c0941
    in /usr/lib/x86_64-linux-gnu/libstdc++.so.6
  call_init
    at ./elf/dl-init.c:74
    in /lib64/ld-linux-x86-64.so.2
  _dl_init::call_init
    at ./elf/dl-init.c:120
    in /lib64/ld-linux-x86-64.so.2
  _dl_init
    at ./elf/./elf/dl-init.c:121
  _dl_start_user
    in /lib64/ld-linux-x86-64.so.2

62.80K peak memory consumed over 100 calls from
  _RNvXNtNtNtCsjrHSEGnQ3l9_3std3sys5alloc4unixNtNtB8_5alloc6SystemNtNtNtCsgEmfK2I1SDS_4core5alloc6global11GlobalAlloc5alloc
    at /rustc/59807616e1fa2540724bfbac14d7976d7e4a3860/library/std/src/sys/alloc/unix.rs:14
    in /home/zhuhe/code/litchi-target-0794/after-profile
  _RNvCsfLfy6EI15iL_7___rustc11___rdl_alloc
    at /rustc/59807616e1fa2540724bfbac14d7976d7e4a3860/library/std/src/alloc.rs:455
  _RNvNtCslNYArtu3iFV_5alloc5alloc5alloc
    at /rustc/59807616e1fa2540724bfbac14d7976d7e4a3860/library/alloc/src/alloc.rs:95
  _RNvMNtCslNYArtu3iFV_5alloc5allocNtB2_6Global18alloc_impl_runtime
    at /rustc/59807616e1fa2540724bfbac14d7976d7e4a3860/library/alloc/src/alloc.rs:190
  _RNvMNtCslNYArtu3iFV_5alloc5allocNtB2_6Global10alloc_impl
    at /rustc/59807616e1fa2540724bfbac14d7976d7e4a3860/library/alloc/src/alloc.rs:312
  _RNvXs_NtCslNYArtu3iFV_5alloc5allocNtB4_6GlobalNtNtCsgEmfK2I1SDS_4core5alloc9Allocator8allocate
    at /rustc/59807616e1fa2540724bfbac14d7976d7e4a3860/library/alloc/src/alloc.rs:429
  hashbrown::raw::alloc::inner::do_alloc::h3998229efe458ca4
    at /rust/deps/hashbrown-0.16.1/src/raw/alloc.rs:19
  hashbrown::raw::RawTableInner::new_uninitialized::h37fd08a6891c39b3
    at /rust/deps/hashbrown-0.16.1/src/raw/mod.rs:1613
  hashbrown::raw::RawTableInner::fallible_with_capacity::hcf442ff5f08cd1c3
    at /rust/deps/hashbrown-0.16.1/src/raw/mod.rs:1672
  hashbrown::raw::RawTableInner::prepare_resize::h94721f963f264696
    at /rust/deps/hashbrown-0.16.1/src/raw/mod.rs:2738
    in /home/zhuhe/code/litchi-target-0794/after-profile
  hashbrown::raw::RawTableInner::resize_inner::h19a7564f7771ef6f
    at /rust/deps/hashbrown-0.16.1/src/raw/mod.rs:2936
  hashbrown::raw::RawTableInner::reserve_rehash_inner::h0f0056247f9f2374
    at /rust/deps/hashbrown-0.16.1/src/raw/mod.rs:2824
  hashbrown::raw::RawTable$LT$T$C$A$GT$::reserve_rehash::h64c0adf879df78cd
    at /rust/deps/hashbrown-0.16.1/src/raw/mod.rs:1013
  hashbrown::raw::RawTable$LT$T$C$A$GT$::reserve::h21042c72793c02d9
    at /rust/deps/hashbrown-0.16.1/src/raw/mod.rs:962
    in /home/zhuhe/code/litchi-target-0794/after-profile
  hashbrown::map::HashMap$LT$K$C$V$C$S$C$A$GT$::reserve::h49758e65101a7e60
    at /rust/deps/hashbrown-0.16.1/src/map.rs:1105
  hashbrown::rustc_entry::_$LT$impl$u20$hashbrown..map..HashMap$LT$K$C$V$C$S$C$A$GT$$GT$::rustc_entry::hc12c2ab879f46529
    at /rust/deps/hashbrown-0.16.1/src/rustc_entry.rs:45
  std::collections::hash::map::HashMap$LT$K$C$V$C$S$C$A$GT$::entry::h147ec58d8f903c5e
    at /rustc/59807616e1fa2540724bfbac14d7976d7e4a3860/library/std/src/collections/hash/map.rs:976
    in /home/zhuhe/code/litchi-target-0794/after-profile
  litchi_opc::rel::Relationships::add_relationship::h0d58344af00e1593
    at /home/zhuhe/code/litchi/crates/litchi-opc/src/rel.rs:382
  litchi_opc::rel::Relationships::get_or_add::h7f872774a4fb7ba7
    at src/rel.rs:527
    in /home/zhuhe/code/litchi-target-0794/after-profile
  litchi_opc::part::Part::relate_to::h846ecfc9fe7d0550
    at /home/zhuhe/code/litchi/crates/litchi-opc/src/part.rs:100
    in /home/zhuhe/code/litchi-target-0794/after-profile
  litchi_pptx::package::codec::_$LT$impl$u20$litchi_pptx..package..model..Package$GT$::materialize_presentation::h3df86074ae5b9cff
    at /home/zhuhe/code/litchi/crates/litchi-pptx/src/package/codec.rs:489
  litchi_pptx::package::codec::_$LT$impl$u20$litchi_pptx..package..model..Package$GT$::flush_presentation::_$u7b$$u7b$closure$u7d$$u7d$::hfb94e2e9c4f25e7a
    at /home/zhuhe/code/litchi/crates/litchi-pptx/src/package/codec.rs:405
  litchi_pptx::package::codec::_$LT$impl$u20$litchi_pptx..package..model..Package$GT$::flush_presentation::h7581c466e9001d12
    at /home/zhuhe/code/litchi/crates/litchi-pptx/src/package/codec.rs:403
  litchi_pptx::package::codec::_$LT$impl$u20$litchi_pptx..package..model..Package$GT$::to_bytes::h8392a9b65728ab72
    at src/package/codec.rs:341
    in /home/zhuhe/code/litchi-target-0794/after-profile
  namespace_uri_probe::build::h7f2fafcec5a0bedf
    at src/main.rs:748
    in /home/zhuhe/code/litchi-target-0794/after-profile
  namespace_uri_probe::run::hdbc690e144543b88
    at /home/zhuhe/code/litchi/docs/performance/results/change-0794/probe-src/src/main.rs:262
  namespace_uri_probe::main::h111c17325c103c7d
    at /home/zhuhe/code/litchi/docs/performance/results/change-0794/probe-src/src/main.rs:247
  core::ops::function::FnOnce::call_once::he47c61c7854c5b96
    at /rustc/59807616e1fa2540724bfbac14d7976d7e4a3860/library/core/src/ops/function.rs:250
    in /home/zhuhe/code/litchi-target-0794/after-profile
  std::sys::backtrace::__rust_begin_short_backtrace::hbbaaf18b7eebb54e
    at /rustc/59807616e1fa2540724bfbac14d7976d7e4a3860/library/std/src/sys/backtrace.rs:166
  std::rt::lang_start::_$u7b$$u7b$closure$u7d$$u7d$::h9d2de9d185a04994
    at /rustc/59807616e1fa2540724bfbac14d7976d7e4a3860/library/std/src/rt.rs:206
    in /home/zhuhe/code/litchi-target-0794/after-profile
  _RNvXs0_NtNtNtCsgEmfK2I1SDS_4core3ops8function5implsRDINtB7_2FnuEp6OutputlNtNtBb_6marker4SyncNtNtNtBb_5panic11unwind_safe13RefUnwindSafeEL_INtB7_6FnOnceuE9call_onceCsjrHSEGnQ3l9_3std
    at library/core/src/ops/function.rs:287
    in /home/zhuhe/code/litchi-target-0794/after-profile
  _RINvNvNtCsjrHSEGnQ3l9_3std9panicking12catch_unwind7do_callRDINtNtNtCsgEmfK2I1SDS_4core3ops8function2FnuEp6OutputlNtNtB13_6marker4SyncNtNtNtB13_5panic11unwind_safe13RefUnwindSafeEL_lEB6_
    at /rustc/59807616e1fa2540724bfbac14d7976d7e4a3860/library/std/src/panicking.rs:581
  _RINvNtCsjrHSEGnQ3l9_3std9panicking12catch_unwindlRDINtNtNtCsgEmfK2I1SDS_4core3ops8function2FnuEp6OutputlNtNtBU_6marker4SyncNtNtNtBU_5panic11unwind_safe13RefUnwindSafeEL_EB4_
    at /rustc/59807616e1fa2540724bfbac14d7976d7e4a3860/library/std/src/panicking.rs:544
  _RINvNtCsjrHSEGnQ3l9_3std5panic12catch_unwindRDINtNtNtCsgEmfK2I1SDS_4core3ops8function2FnuEp6OutputlNtNtBP_6marker4SyncNtNtNtBP_5panic11unwind_safe13RefUnwindSafeEL_lEB4_
    at /rustc/59807616e1fa2540724bfbac14d7976d7e4a3860/library/std/src/panic.rs:359
  _RNCNvNtCsjrHSEGnQ3l9_3std2rt19lang_start_internal0B5_
    at /rustc/59807616e1fa2540724bfbac14d7976d7e4a3860/library/std/src/rt.rs:175
  _RINvNvNtCsjrHSEGnQ3l9_3std9panicking12catch_unwind7do_callNCNvNtB6_2rt19lang_start_internal0iEB6_
    at /rustc/59807616e1fa2540724bfbac14d7976d7e4a3860/library/std/src/panicking.rs:581
  _RINvNtCsjrHSEGnQ3l9_3std9panicking12catch_unwindiNCNvNtB4_2rt19lang_start_internal0EB4_
    at /rustc/59807616e1fa2540724bfbac14d7976d7e4a3860/library/std/src/panicking.rs:544
  _RINvNtCsjrHSEGnQ3l9_3std5panic12catch_unwindNCNvNtB4_2rt19lang_start_internal0iEB4_
    at /rustc/59807616e1fa2540724bfbac14d7976d7e4a3860/library/std/src/panic.rs:359
  _RNvNtCsjrHSEGnQ3l9_3std2rt19lang_start_internal
    at /rustc/59807616e1fa2540724bfbac14d7976d7e4a3860/library/std/src/rt.rs:171
  main
    in /home/zhuhe/code/litchi-target-0794/after-profile

51.06K peak memory consumed over 114 calls from
  _RNvXNtNtNtCsjrHSEGnQ3l9_3std3sys5alloc4unixNtNtB8_5alloc6SystemNtNtNtCsgEmfK2I1SDS_4core5alloc6global11GlobalAlloc5alloc
    at /rustc/59807616e1fa2540724bfbac14d7976d7e4a3860/library/std/src/sys/alloc/unix.rs:14
    in /home/zhuhe/code/litchi-target-0794/after-profile
  _RNvCsfLfy6EI15iL_7___rustc11___rdl_alloc
    at /rustc/59807616e1fa2540724bfbac14d7976d7e4a3860/library/std/src/alloc.rs:455
  _RNvNtCslNYArtu3iFV_5alloc5alloc5alloc
    at /rustc/59807616e1fa2540724bfbac14d7976d7e4a3860/library/alloc/src/alloc.rs:95
  _RNvMNtCslNYArtu3iFV_5alloc5allocNtB2_6Global18alloc_impl_runtime
    at /rustc/59807616e1fa2540724bfbac14d7976d7e4a3860/library/alloc/src/alloc.rs:190
  _RNvMNtCslNYArtu3iFV_5alloc5allocNtB2_6Global10alloc_impl
    at /rustc/59807616e1fa2540724bfbac14d7976d7e4a3860/library/alloc/src/alloc.rs:312
  _RNvXs_NtCslNYArtu3iFV_5alloc5allocNtB4_6GlobalNtNtCsgEmfK2I1SDS_4core5alloc9Allocator8allocate
    at /rustc/59807616e1fa2540724bfbac14d7976d7e4a3860/library/alloc/src/alloc.rs:429
  alloc::raw_vec::RawVecInner$LT$A$GT$::finish_grow::h1f135012b63f4c79
    at /rustc/59807616e1fa2540724bfbac14d7976d7e4a3860/library/alloc/src/raw_vec/mod.rs:558
  alloc::raw_vec::RawVecInner$LT$A$GT$::grow_exact::h159bb86e47c04093
    at /rustc/59807616e1fa2540724bfbac14d7976d7e4a3860/library/alloc/src/raw_vec/mod.rs:798
    in /home/zhuhe/code/litchi-target-0794/after-profile
  alloc::raw_vec::RawVecInner$LT$A$GT$::try_reserve_exact::hd7a0cccbee87e112
    at /rustc/59807616e1fa2540724bfbac14d7976d7e4a3860/library/alloc/src/raw_vec/mod.rs:726
  alloc::raw_vec::RawVec$LT$T$C$A$GT$::try_reserve_exact::ha6d26dc86d4cc67a
    at /rustc/59807616e1fa2540724bfbac14d7976d7e4a3860/library/alloc/src/raw_vec/mod.rs:383
  alloc::vec::Vec$LT$T$C$A$GT$::try_reserve_exact::h49840de9b8f4bfe0
    at /rustc/59807616e1fa2540724bfbac14d7976d7e4a3860/library/alloc/src/vec/mod.rs:1556
  soapberry_zip::office::ArchiveReader::read_with_accounting::h219e05e18062d5a5
    at /home/zhuhe/code/litchi/crates/soapberry-zip/src/office.rs:3165
  soapberry_zip::office::LazyArchiveReader::read_shared_with_reader::h4972c85747f33380
    at src/office.rs:8822
    in /home/zhuhe/code/litchi-target-0794/after-profile
  soapberry_zip::office::LazyArchiveReader::read_shared_with_accounting::hc736ee51cddb7f42
    at /home/zhuhe/code/litchi/crates/soapberry-zip/src/office.rs:8735
    in /home/zhuhe/code/litchi-target-0794/after-profile
  soapberry_zip::office::LazyArchiveReader::read_shared::h93cdb651ca3fa2e6
    at /home/zhuhe/code/litchi/crates/soapberry-zip/src/office.rs:8718
  _$LT$soapberry_zip..office..LazyArchiveReader$u20$as$u20$litchi_opc..pkgreader..ArchiveAccess$GT$::read_shared::hce8214282dbacc10
    at /home/zhuhe/code/litchi/crates/litchi-opc/src/pkgreader.rs:195
  litchi_opc::pkgreader::read_structural_member::h38f12e00fde16d65
    at /home/zhuhe/code/litchi/crates/litchi-opc/src/pkgreader.rs:150
  litchi_opc::pkgreader::PackageReader::load_rels_lazy::hf86b95ba25da5aa8
    at /home/zhuhe/code/litchi/crates/litchi-opc/src/pkgreader.rs:1237
  litchi_opc::pkgreader::PackageReader::walk_relationship_graph::hf2768ad4e2d90388
    at src/pkgreader.rs:1857
    in /home/zhuhe/code/litchi-target-0794/after-profile
  litchi_opc::pkgreader::PackageReader::load_parts_eager::h4b110d8c47df7e35
    at /home/zhuhe/code/litchi/crates/litchi-opc/src/pkgreader.rs:1310
  litchi_opc::pkgreader::PackageReader::from_phys_reader::hf864183a4b3f3be9
    at src/pkgreader.rs:897
    in /home/zhuhe/code/litchi-target-0794/after-profile
  litchi_opc::package::OpcPackage::from_bytes_with_limits::h6bd20fce007e2697
    at src/package.rs:1129
    in /home/zhuhe/code/litchi-target-0794/after-profile
  litchi_pptx::package::codec::_$LT$impl$u20$litchi_pptx..package..model..Package$GT$::from_bytes_with_limits::hae62f6019e0139e1
    at src/package/codec.rs:254
    in /home/zhuhe/code/litchi-target-0794/after-profile
  litchi_pptx::package::codec::_$LT$impl$u20$litchi_pptx..package..model..Package$GT$::from_bytes::h639b098ba88a28bc
    at /home/zhuhe/code/litchi/crates/litchi-pptx/src/package/codec.rs:245
  namespace_uri_probe::verify_output::hf88d911dde4b0393
    at src/main.rs:474
    in /home/zhuhe/code/litchi-target-0794/after-profile
  namespace_uri_probe::build::h7f2fafcec5a0bedf
    at src/main.rs:782
    in /home/zhuhe/code/litchi-target-0794/after-profile
  namespace_uri_probe::run::hdbc690e144543b88
    at /home/zhuhe/code/litchi/docs/performance/results/change-0794/probe-src/src/main.rs:262
  namespace_uri_probe::main::h111c17325c103c7d
    at /home/zhuhe/code/litchi/docs/performance/results/change-0794/probe-src/src/main.rs:247
  core::ops::function::FnOnce::call_once::he47c61c7854c5b96
    at /rustc/59807616e1fa2540724bfbac14d7976d7e4a3860/library/core/src/ops/function.rs:250
    in /home/zhuhe/code/litchi-target-0794/after-profile
  std::sys::backtrace::__rust_begin_short_backtrace::hbbaaf18b7eebb54e
    at /rustc/59807616e1fa2540724bfbac14d7976d7e4a3860/library/std/src/sys/backtrace.rs:166
  std::rt::lang_start::_$u7b$$u7b$closure$u7d$$u7d$::h9d2de9d185a04994
    at /rustc/59807616e1fa2540724bfbac14d7976d7e4a3860/library/std/src/rt.rs:206
    in /home/zhuhe/code/litchi-target-0794/after-profile
  _RNvXs0_NtNtNtCsgEmfK2I1SDS_4core3ops8function5implsRDINtB7_2FnuEp6OutputlNtNtBb_6marker4SyncNtNtNtBb_5panic11unwind_safe13RefUnwindSafeEL_INtB7_6FnOnceuE9call_onceCsjrHSEGnQ3l9_3std
    at library/core/src/ops/function.rs:287
    in /home/zhuhe/code/litchi-target-0794/after-profile
  _RINvNvNtCsjrHSEGnQ3l9_3std9panicking12catch_unwind7do_callRDINtNtNtCsgEmfK2I1SDS_4core3ops8function2FnuEp6OutputlNtNtB13_6marker4SyncNtNtNtB13_5panic11unwind_safe13RefUnwindSafeEL_lEB6_
    at /rustc/59807616e1fa2540724bfbac14d7976d7e4a3860/library/std/src/panicking.rs:581
  _RINvNtCsjrHSEGnQ3l9_3std9panicking12catch_unwindlRDINtNtNtCsgEmfK2I1SDS_4core3ops8function2FnuEp6OutputlNtNtBU_6marker4SyncNtNtNtBU_5panic11unwind_safe13RefUnwindSafeEL_EB4_
    at /rustc/59807616e1fa2540724bfbac14d7976d7e4a3860/library/std/src/panicking.rs:544
  _RINvNtCsjrHSEGnQ3l9_3std5panic12catch_unwindRDINtNtNtCsgEmfK2I1SDS_4core3ops8function2FnuEp6OutputlNtNtBP_6marker4SyncNtNtNtBP_5panic11unwind_safe13RefUnwindSafeEL_lEB4_
    at /rustc/59807616e1fa2540724bfbac14d7976d7e4a3860/library/std/src/panic.rs:359
  _RNCNvNtCsjrHSEGnQ3l9_3std2rt19lang_start_internal0B5_
    at /rustc/59807616e1fa2540724bfbac14d7976d7e4a3860/library/std/src/rt.rs:175
  _RINvNvNtCsjrHSEGnQ3l9_3std9panicking12catch_unwind7do_callNCNvNtB6_2rt19lang_start_internal0iEB6_
    at /rustc/59807616e1fa2540724bfbac14d7976d7e4a3860/library/std/src/panicking.rs:581
  _RINvNtCsjrHSEGnQ3l9_3std9panicking12catch_unwindiNCNvNtB4_2rt19lang_start_internal0EB4_
    at /rustc/59807616e1fa2540724bfbac14d7976d7e4a3860/library/std/src/panicking.rs:544
  _RINvNtCsjrHSEGnQ3l9_3std5panic12catch_unwindNCNvNtB4_2rt19lang_start_internal0iEB4_
    at /rustc/59807616e1fa2540724bfbac14d7976d7e4a3860/library/std/src/panic.rs:359
  _RNvNtCsjrHSEGnQ3l9_3std2rt19lang_start_internal
    at /rustc/59807616e1fa2540724bfbac14d7976d7e4a3860/library/std/src/rt.rs:171
  main
    in /home/zhuhe/code/litchi-target-0794/after-profile

43.54K peak memory consumed over 11 calls from
  _RNvXNtNtNtCsjrHSEGnQ3l9_3std3sys5alloc4unixNtNtB8_5alloc6SystemNtNtNtCsgEmfK2I1SDS_4core5alloc6global11GlobalAlloc5alloc
    at /rustc/59807616e1fa2540724bfbac14d7976d7e4a3860/library/std/src/sys/alloc/unix.rs:14
    in /home/zhuhe/code/litchi-target-0794/after-profile
  _RNvCsfLfy6EI15iL_7___rustc11___rdl_alloc
    at /rustc/59807616e1fa2540724bfbac14d7976d7e4a3860/library/std/src/alloc.rs:455
  _RNvNtCslNYArtu3iFV_5alloc5alloc5alloc
    at /rustc/59807616e1fa2540724bfbac14d7976d7e4a3860/library/alloc/src/alloc.rs:95
  _RNvMNtCslNYArtu3iFV_5alloc5allocNtB2_6Global18alloc_impl_runtime
    at /rustc/59807616e1fa2540724bfbac14d7976d7e4a3860/library/alloc/src/alloc.rs:190
  _RNvMNtCslNYArtu3iFV_5alloc5allocNtB2_6Global10alloc_impl
    at /rustc/59807616e1fa2540724bfbac14d7976d7e4a3860/library/alloc/src/alloc.rs:312
  _RNvXs_NtCslNYArtu3iFV_5alloc5allocNtB4_6GlobalNtNtCsgEmfK2I1SDS_4core5alloc9Allocator8allocate
    at /rustc/59807616e1fa2540724bfbac14d7976d7e4a3860/library/alloc/src/alloc.rs:429
  alloc::raw_vec::RawVecInner$LT$A$GT$::try_allocate_in::h42a172545e78ec7b
    at /rustc/59807616e1fa2540724bfbac14d7976d7e4a3860/library/alloc/src/raw_vec/mod.rs:464
  alloc::raw_vec::RawVecInner$LT$A$GT$::with_capacity_in::hb13cdc34fa846244
    at /rustc/59807616e1fa2540724bfbac14d7976d7e4a3860/library/alloc/src/raw_vec/mod.rs:433
    in /home/zhuhe/code/litchi-target-0794/after-profile
  alloc::raw_vec::RawVec$LT$T$C$A$GT$::with_capacity_in::h7dbe72a89469e719
    at /rustc/59807616e1fa2540724bfbac14d7976d7e4a3860/library/alloc/src/raw_vec/mod.rs:177
  alloc::vec::Vec$LT$T$C$A$GT$::with_capacity_in::h077d043e0a42e75a
    at /rustc/59807616e1fa2540724bfbac14d7976d7e4a3860/library/alloc/src/vec/mod.rs:965
  _$LT$T$u20$as$u20$alloc..slice..$LT$impl$u20$$u5b$T$u5d$$GT$..to_vec_in..ConvertVec$GT$::to_vec::h032919ccc9f036de
    at /rustc/59807616e1fa2540724bfbac14d7976d7e4a3860/library/alloc/src/slice.rs:448
  alloc::slice::_$LT$impl$u20$$u5b$T$u5d$$GT$::to_vec_in::h197b65ed9879f2bd
    at /rustc/59807616e1fa2540724bfbac14d7976d7e4a3860/library/alloc/src/slice.rs:400
  alloc::slice::_$LT$impl$u20$$u5b$T$u5d$$GT$::to_vec::h4c58ef9c73b1f9c7
    at /rustc/59807616e1fa2540724bfbac14d7976d7e4a3860/library/alloc/src/slice.rs:376
  litchi_pptx::package::codec::_$LT$impl$u20$litchi_pptx..package..model..Package$GT$::new::hdc6b5e1566576301
    at /home/zhuhe/code/litchi/crates/litchi-pptx/src/package/codec.rs:147
  namespace_uri_probe::build::h7f2fafcec5a0bedf
    at src/main.rs:732
    in /home/zhuhe/code/litchi-target-0794/after-profile
  namespace_uri_probe::run::hdbc690e144543b88
    at /home/zhuhe/code/litchi/docs/performance/results/change-0794/probe-src/src/main.rs:262
  namespace_uri_probe::main::h111c17325c103c7d
    at /home/zhuhe/code/litchi/docs/performance/results/change-0794/probe-src/src/main.rs:247
  core::ops::function::FnOnce::call_once::he47c61c7854c5b96
    at /rustc/59807616e1fa2540724bfbac14d7976d7e4a3860/library/core/src/ops/function.rs:250
    in /home/zhuhe/code/litchi-target-0794/after-profile
  std::sys::backtrace::__rust_begin_short_backtrace::hbbaaf18b7eebb54e
    at /rustc/59807616e1fa2540724bfbac14d7976d7e4a3860/library/std/src/sys/backtrace.rs:166
  std::rt::lang_start::_$u7b$$u7b$closure$u7d$$u7d$::h9d2de9d185a04994
    at /rustc/59807616e1fa2540724bfbac14d7976d7e4a3860/library/std/src/rt.rs:206
    in /home/zhuhe/code/litchi-target-0794/after-profile
  _RNvXs0_NtNtNtCsgEmfK2I1SDS_4core3ops8function5implsRDINtB7_2FnuEp6OutputlNtNtBb_6marker4SyncNtNtNtBb_5panic11unwind_safe13RefUnwindSafeEL_INtB7_6FnOnceuE9call_onceCsjrHSEGnQ3l9_3std
    at library/core/src/ops/function.rs:287
    in /home/zhuhe/code/litchi-target-0794/after-profile
  _RINvNvNtCsjrHSEGnQ3l9_3std9panicking12catch_unwind7do_callRDINtNtNtCsgEmfK2I1SDS_4core3ops8function2FnuEp6OutputlNtNtB13_6marker4SyncNtNtNtB13_5panic11unwind_safe13RefUnwindSafeEL_lEB6_
    at /rustc/59807616e1fa2540724bfbac14d7976d7e4a3860/library/std/src/panicking.rs:581
  _RINvNtCsjrHSEGnQ3l9_3std9panicking12catch_unwindlRDINtNtNtCsgEmfK2I1SDS_4core3ops8function2FnuEp6OutputlNtNtBU_6marker4SyncNtNtNtBU_5panic11unwind_safe13RefUnwindSafeEL_EB4_
    at /rustc/59807616e1fa2540724bfbac14d7976d7e4a3860/library/std/src/panicking.rs:544
  _RINvNtCsjrHSEGnQ3l9_3std5panic12catch_unwindRDINtNtNtCsgEmfK2I1SDS_4core3ops8function2FnuEp6OutputlNtNtBP_6marker4SyncNtNtNtBP_5panic11unwind_safe13RefUnwindSafeEL_lEB4_
    at /rustc/59807616e1fa2540724bfbac14d7976d7e4a3860/library/std/src/panic.rs:359
  _RNCNvNtCsjrHSEGnQ3l9_3std2rt19lang_start_internal0B5_
    at /rustc/59807616e1fa2540724bfbac14d7976d7e4a3860/library/std/src/rt.rs:175
  _RINvNvNtCsjrHSEGnQ3l9_3std9panicking12catch_unwind7do_callNCNvNtB6_2rt19lang_start_internal0iEB6_
    at /rustc/59807616e1fa2540724bfbac14d7976d7e4a3860/library/std/src/panicking.rs:581
  _RINvNtCsjrHSEGnQ3l9_3std9panicking12catch_unwindiNCNvNtB4_2rt19lang_start_internal0EB4_
    at /rustc/59807616e1fa2540724bfbac14d7976d7e4a3860/library/std/src/panicking.rs:544
  _RINvNtCsjrHSEGnQ3l9_3std5panic12catch_unwindNCNvNtB4_2rt19lang_start_internal0iEB4_
    at /rustc/59807616e1fa2540724bfbac14d7976d7e4a3860/library/std/src/panic.rs:359
  _RNvNtCsjrHSEGnQ3l9_3std2rt19lang_start_internal
    at /rustc/59807616e1fa2540724bfbac14d7976d7e4a3860/library/std/src/rt.rs:171
  main
    in /home/zhuhe/code/litchi-target-0794/after-profile

36.86K peak memory consumed over 5 calls from
  _RNvXNtNtNtCsjrHSEGnQ3l9_3std3sys5alloc4unixNtNtB8_5alloc6SystemNtNtNtCsgEmfK2I1SDS_4core5alloc6global11GlobalAlloc7realloc
    at /rustc/59807616e1fa2540724bfbac14d7976d7e4a3860/library/std/src/sys/alloc/unix.rs:54
    in /home/zhuhe/code/litchi-target-0794/after-profile
  _RNvCsfLfy6EI15iL_7___rustc13___rdl_realloc
    at /rustc/59807616e1fa2540724bfbac14d7976d7e4a3860/library/std/src/alloc.rs:477
  _RNvNtCslNYArtu3iFV_5alloc5alloc7realloc
    at /rustc/59807616e1fa2540724bfbac14d7976d7e4a3860/library/alloc/src/alloc.rs:135
  _RNvMNtCslNYArtu3iFV_5alloc5allocNtB2_6Global17grow_impl_runtime
    at /rustc/59807616e1fa2540724bfbac14d7976d7e4a3860/library/alloc/src/alloc.rs:239
  _RNvMNtCslNYArtu3iFV_5alloc5allocNtB2_6Global9grow_impl
    at /rustc/59807616e1fa2540724bfbac14d7976d7e4a3860/library/alloc/src/alloc.rs:342
  _RNvXs_NtCslNYArtu3iFV_5alloc5allocNtB4_6GlobalNtNtCsgEmfK2I1SDS_4core5alloc9Allocator4grow
    at /rustc/59807616e1fa2540724bfbac14d7976d7e4a3860/library/alloc/src/alloc.rs:454
  alloc::raw_vec::RawVecInner$LT$A$GT$::finish_grow::h8ff15ce40aadbdf4
    at /rustc/59807616e1fa2540724bfbac14d7976d7e4a3860/library/alloc/src/raw_vec/mod.rs:555
  alloc::raw_vec::RawVecInner$LT$A$GT$::grow_amortized::hbc8ade9e89e33c5f
    at /rustc/59807616e1fa2540724bfbac14d7976d7e4a3860/library/alloc/src/raw_vec/mod.rs:527
    in /home/zhuhe/code/litchi-target-0794/after-profile
  alloc::raw_vec::RawVecInner$LT$A$GT$::grow_one::hac6be3112495878f
    at /rustc/59807616e1fa2540724bfbac14d7976d7e4a3860/library/alloc/src/raw_vec/mod.rs:491
  alloc::raw_vec::RawVec$LT$T$C$A$GT$::grow_one::h94925c59dda6b391
    at /rustc/59807616e1fa2540724bfbac14d7976d7e4a3860/library/alloc/src/raw_vec/mod.rs:188
  alloc::vec::Vec$LT$T$C$A$GT$::push_mut::h9de35ccc2d7060d4
    at /rustc/59807616e1fa2540724bfbac14d7976d7e4a3860/library/alloc/src/vec/mod.rs:1029
    in /home/zhuhe/code/litchi-target-0794/after-profile
  alloc::vec::Vec$LT$T$C$A$GT$::push::hab24532ffb64eb65
    at /rustc/59807616e1fa2540724bfbac14d7976d7e4a3860/library/alloc/src/vec/mod.rs:992
  litchi_pptx::writer::presentation::MutablePresentation::add_slide::ha9bb07cbe4d1d449
    at /home/zhuhe/code/litchi/crates/litchi-pptx/src/writer/presentation.rs:61
  namespace_uri_probe::build::h7f2fafcec5a0bedf
    at src/main.rs:736
    in /home/zhuhe/code/litchi-target-0794/after-profile
  namespace_uri_probe::run::hdbc690e144543b88
    at /home/zhuhe/code/litchi/docs/performance/results/change-0794/probe-src/src/main.rs:262
  namespace_uri_probe::main::h111c17325c103c7d
    at /home/zhuhe/code/litchi/docs/performance/results/change-0794/probe-src/src/main.rs:247
  core::ops::function::FnOnce::call_once::he47c61c7854c5b96
    at /rustc/59807616e1fa2540724bfbac14d7976d7e4a3860/library/core/src/ops/function.rs:250
    in /home/zhuhe/code/litchi-target-0794/after-profile
  std::sys::backtrace::__rust_begin_short_backtrace::hbbaaf18b7eebb54e
    at /rustc/59807616e1fa2540724bfbac14d7976d7e4a3860/library/std/src/sys/backtrace.rs:166
  std::rt::lang_start::_$u7b$$u7b$closure$u7d$$u7d$::h9d2de9d185a04994
    at /rustc/59807616e1fa2540724bfbac14d7976d7e4a3860/library/std/src/rt.rs:206
    in /home/zhuhe/code/litchi-target-0794/after-profile
  _RNvXs0_NtNtNtCsgEmfK2I1SDS_4core3ops8function5implsRDINtB7_2FnuEp6OutputlNtNtBb_6marker4SyncNtNtNtBb_5panic11unwind_safe13RefUnwindSafeEL_INtB7_6FnOnceuE9call_onceCsjrHSEGnQ3l9_3std
    at library/core/src/ops/function.rs:287
    in /home/zhuhe/code/litchi-target-0794/after-profile
  _RINvNvNtCsjrHSEGnQ3l9_3std9panicking12catch_unwind7do_callRDINtNtNtCsgEmfK2I1SDS_4core3ops8function2FnuEp6OutputlNtNtB13_6marker4SyncNtNtNtB13_5panic11unwind_safe13RefUnwindSafeEL_lEB6_
    at /rustc/59807616e1fa2540724bfbac14d7976d7e4a3860/library/std/src/panicking.rs:581
  _RINvNtCsjrHSEGnQ3l9_3std9panicking12catch_unwindlRDINtNtNtCsgEmfK2I1SDS_4core3ops8function2FnuEp6OutputlNtNtBU_6marker4SyncNtNtNtBU_5panic11unwind_safe13RefUnwindSafeEL_EB4_
    at /rustc/59807616e1fa2540724bfbac14d7976d7e4a3860/library/std/src/panicking.rs:544
  _RINvNtCsjrHSEGnQ3l9_3std5panic12catch_unwindRDINtNtNtCsgEmfK2I1SDS_4core3ops8function2FnuEp6OutputlNtNtBP_6marker4SyncNtNtNtBP_5panic11unwind_safe13RefUnwindSafeEL_lEB4_
    at /rustc/59807616e1fa2540724bfbac14d7976d7e4a3860/library/std/src/panic.rs:359
  _RNCNvNtCsjrHSEGnQ3l9_3std2rt19lang_start_internal0B5_
    at /rustc/59807616e1fa2540724bfbac14d7976d7e4a3860/library/std/src/rt.rs:175
  _RINvNvNtCsjrHSEGnQ3l9_3std9panicking12catch_unwind7do_callNCNvNtB6_2rt19lang_start_internal0iEB6_
    at /rustc/59807616e1fa2540724bfbac14d7976d7e4a3860/library/std/src/panicking.rs:581
  _RINvNtCsjrHSEGnQ3l9_3std9panicking12catch_unwindiNCNvNtB4_2rt19lang_start_internal0EB4_
    at /rustc/59807616e1fa2540724bfbac14d7976d7e4a3860/library/std/src/panicking.rs:544
  _RINvNtCsjrHSEGnQ3l9_3std5panic12catch_unwindNCNvNtB4_2rt19lang_start_internal0iEB4_
    at /rustc/59807616e1fa2540724bfbac14d7976d7e4a3860/library/std/src/panic.rs:359
  _RNvNtCsjrHSEGnQ3l9_3std2rt19lang_start_internal
    at /rustc/59807616e1fa2540724bfbac14d7976d7e4a3860/library/std/src/rt.rs:171
  main
    in /home/zhuhe/code/litchi-target-0794/after-profile

32.91K peak memory consumed over 121 calls from
  _RNvXNtNtNtCsjrHSEGnQ3l9_3std3sys5alloc4unixNtNtB8_5alloc6SystemNtNtNtCsgEmfK2I1SDS_4core5alloc6global11GlobalAlloc5alloc
    at /rustc/59807616e1fa2540724bfbac14d7976d7e4a3860/library/std/src/sys/alloc/unix.rs:14
    in /home/zhuhe/code/litchi-target-0794/after-profile
  _RNvCsfLfy6EI15iL_7___rustc11___rdl_alloc
    at /rustc/59807616e1fa2540724bfbac14d7976d7e4a3860/library/std/src/alloc.rs:455
  _RNvNtCslNYArtu3iFV_5alloc5alloc5alloc
    at /rustc/59807616e1fa2540724bfbac14d7976d7e4a3860/library/alloc/src/alloc.rs:95
  _RNvMNtCslNYArtu3iFV_5alloc5allocNtB2_6Global18alloc_impl_runtime
    at /rustc/59807616e1fa2540724bfbac14d7976d7e4a3860/library/alloc/src/alloc.rs:190
  _RNvMNtCslNYArtu3iFV_5alloc5allocNtB2_6Global10alloc_impl
    at /rustc/59807616e1fa2540724bfbac14d7976d7e4a3860/library/alloc/src/alloc.rs:312
  _RNvXs_NtCslNYArtu3iFV_5alloc5allocNtB4_6GlobalNtNtCsgEmfK2I1SDS_4core5alloc9Allocator8allocate
    at /rustc/59807616e1fa2540724bfbac14d7976d7e4a3860/library/alloc/src/alloc.rs:429
  _RNvNtCslNYArtu3iFV_5alloc5boxed14box_new_uninit
    at /rustc/59807616e1fa2540724bfbac14d7976d7e4a3860/library/alloc/src/boxed.rs:248
  alloc::boxed::Box$LT$T$GT$::new::hdef39972a9c062e5
    at /rustc/59807616e1fa2540724bfbac14d7976d7e4a3860/library/alloc/src/boxed.rs:286
  litchi_opc::part::PartFactory::load_payload::hee31b36d85ee10b4
    at /home/zhuhe/code/litchi/crates/litchi-opc/src/part.rs:801
  litchi_opc::package::OpcPackage::unmarshal_with_payload_donor::ha04f9db1baa5b5df
    at /home/zhuhe/code/litchi/crates/litchi-opc/src/package.rs:1214
  litchi_opc::package::OpcPackage::unmarshal::h8e3a7a6902e1e56b
    at src/package.rs:1157
    in /home/zhuhe/code/litchi-target-0794/after-profile
  litchi_opc::package::OpcPackage::from_bytes_with_limits::h6bd20fce007e2697
    at /home/zhuhe/code/litchi/crates/litchi-opc/src/package.rs:1130
  litchi_pptx::package::codec::_$LT$impl$u20$litchi_pptx..package..model..Package$GT$::from_bytes_with_limits::hae62f6019e0139e1
    at src/package/codec.rs:254
    in /home/zhuhe/code/litchi-target-0794/after-profile
  litchi_pptx::package::codec::_$LT$impl$u20$litchi_pptx..package..model..Package$GT$::from_bytes::h639b098ba88a28bc
    at /home/zhuhe/code/litchi/crates/litchi-pptx/src/package/codec.rs:245
  namespace_uri_probe::verify_output::hf88d911dde4b0393
    at src/main.rs:474
    in /home/zhuhe/code/litchi-target-0794/after-profile
  namespace_uri_probe::build::h7f2fafcec5a0bedf
    at src/main.rs:782
    in /home/zhuhe/code/litchi-target-0794/after-profile
  namespace_uri_probe::run::hdbc690e144543b88
    at /home/zhuhe/code/litchi/docs/performance/results/change-0794/probe-src/src/main.rs:262
  namespace_uri_probe::main::h111c17325c103c7d
    at /home/zhuhe/code/litchi/docs/performance/results/change-0794/probe-src/src/main.rs:247
  core::ops::function::FnOnce::call_once::he47c61c7854c5b96
    at /rustc/59807616e1fa2540724bfbac14d7976d7e4a3860/library/core/src/ops/function.rs:250
    in /home/zhuhe/code/litchi-target-0794/after-profile
  std::sys::backtrace::__rust_begin_short_backtrace::hbbaaf18b7eebb54e
    at /rustc/59807616e1fa2540724bfbac14d7976d7e4a3860/library/std/src/sys/backtrace.rs:166
  std::rt::lang_start::_$u7b$$u7b$closure$u7d$$u7d$::h9d2de9d185a04994
    at /rustc/59807616e1fa2540724bfbac14d7976d7e4a3860/library/std/src/rt.rs:206
    in /home/zhuhe/code/litchi-target-0794/after-profile
  _RNvXs0_NtNtNtCsgEmfK2I1SDS_4core3ops8function5implsRDINtB7_2FnuEp6OutputlNtNtBb_6marker4SyncNtNtNtBb_5panic11unwind_safe13RefUnwindSafeEL_INtB7_6FnOnceuE9call_onceCsjrHSEGnQ3l9_3std
    at library/core/src/ops/function.rs:287
    in /home/zhuhe/code/litchi-target-0794/after-profile
  _RINvNvNtCsjrHSEGnQ3l9_3std9panicking12catch_unwind7do_callRDINtNtNtCsgEmfK2I1SDS_4core3ops8function2FnuEp6OutputlNtNtB13_6marker4SyncNtNtNtB13_5panic11unwind_safe13RefUnwindSafeEL_lEB6_
    at /rustc/59807616e1fa2540724bfbac14d7976d7e4a3860/library/std/src/panicking.rs:581
  _RINvNtCsjrHSEGnQ3l9_3std9panicking12catch_unwindlRDINtNtNtCsgEmfK2I1SDS_4core3ops8function2FnuEp6OutputlNtNtBU_6marker4SyncNtNtNtBU_5panic11unwind_safe13RefUnwindSafeEL_EB4_
    at /rustc/59807616e1fa2540724bfbac14d7976d7e4a3860/library/std/src/panicking.rs:544
  _RINvNtCsjrHSEGnQ3l9_3std5panic12catch_unwindRDINtNtNtCsgEmfK2I1SDS_4core3ops8function2FnuEp6OutputlNtNtBP_6marker4SyncNtNtNtBP_5panic11unwind_safe13RefUnwindSafeEL_lEB4_
    at /rustc/59807616e1fa2540724bfbac14d7976d7e4a3860/library/std/src/panic.rs:359
  _RNCNvNtCsjrHSEGnQ3l9_3std2rt19lang_start_internal0B5_
    at /rustc/59807616e1fa2540724bfbac14d7976d7e4a3860/library/std/src/rt.rs:175
  _RINvNvNtCsjrHSEGnQ3l9_3std9panicking12catch_unwind7do_callNCNvNtB6_2rt19lang_start_internal0iEB6_
    at /rustc/59807616e1fa2540724bfbac14d7976d7e4a3860/library/std/src/panicking.rs:581
  _RINvNtCsjrHSEGnQ3l9_3std9panicking12catch_unwindiNCNvNtB4_2rt19lang_start_internal0EB4_
    at /rustc/59807616e1fa2540724bfbac14d7976d7e4a3860/library/std/src/panicking.rs:544
  _RINvNtCsjrHSEGnQ3l9_3std5panic12catch_unwindNCNvNtB4_2rt19lang_start_internal0iEB4_
    at /rustc/59807616e1fa2540724bfbac14d7976d7e4a3860/library/std/src/panic.rs:359
  _RNvNtCsjrHSEGnQ3l9_3std2rt19lang_start_internal
    at /rustc/59807616e1fa2540724bfbac14d7976d7e4a3860/library/std/src/rt.rs:171
  main
    in /home/zhuhe/code/litchi-target-0794/after-profile

24.85K peak memory consumed over 7 calls from
  _RNvXNtNtNtCsjrHSEGnQ3l9_3std3sys5alloc4unixNtNtB8_5alloc6SystemNtNtNtCsgEmfK2I1SDS_4core5alloc6global11GlobalAlloc5alloc
    at /rustc/59807616e1fa2540724bfbac14d7976d7e4a3860/library/std/src/sys/alloc/unix.rs:14
    in /home/zhuhe/code/litchi-target-0794/after-profile
  _RNvCsfLfy6EI15iL_7___rustc11___rdl_alloc
    at /rustc/59807616e1fa2540724bfbac14d7976d7e4a3860/library/std/src/alloc.rs:455
  _RNvNtCslNYArtu3iFV_5alloc5alloc5alloc
    at /rustc/59807616e1fa2540724bfbac14d7976d7e4a3860/library/alloc/src/alloc.rs:95
  _RNvMNtCslNYArtu3iFV_5alloc5allocNtB2_6Global18alloc_impl_runtime
    at /rustc/59807616e1fa2540724bfbac14d7976d7e4a3860/library/alloc/src/alloc.rs:190
  _RNvMNtCslNYArtu3iFV_5alloc5allocNtB2_6Global10alloc_impl
    at /rustc/59807616e1fa2540724bfbac14d7976d7e4a3860/library/alloc/src/alloc.rs:312
  _RNvXs_NtCslNYArtu3iFV_5alloc5allocNtB4_6GlobalNtNtCsgEmfK2I1SDS_4core5alloc9Allocator8allocate
    at /rustc/59807616e1fa2540724bfbac14d7976d7e4a3860/library/alloc/src/alloc.rs:429
  hashbrown::raw::alloc::inner::do_alloc::h3998229efe458ca4
    at /rust/deps/hashbrown-0.16.1/src/raw/alloc.rs:19
  hashbrown::raw::RawTableInner::new_uninitialized::h37fd08a6891c39b3
    at /rust/deps/hashbrown-0.16.1/src/raw/mod.rs:1613
  hashbrown::raw::RawTableInner::fallible_with_capacity::hcf442ff5f08cd1c3
    at /rust/deps/hashbrown-0.16.1/src/raw/mod.rs:1672
  hashbrown::raw::RawTableInner::prepare_resize::h94721f963f264696
    at /rust/deps/hashbrown-0.16.1/src/raw/mod.rs:2738
    in /home/zhuhe/code/litchi-target-0794/after-profile
  hashbrown::raw::RawTableInner::resize_inner::h19a7564f7771ef6f
    at /rust/deps/hashbrown-0.16.1/src/raw/mod.rs:2936
  hashbrown::raw::RawTableInner::reserve_rehash_inner::h0f0056247f9f2374
    at /rust/deps/hashbrown-0.16.1/src/raw/mod.rs:2824
  hashbrown::raw::RawTable$LT$T$C$A$GT$::reserve_rehash::h39ab846d56205771
    at /rust/deps/hashbrown-0.16.1/src/raw/mod.rs:1013
  hashbrown::raw::RawTable$LT$T$C$A$GT$::try_reserve::haf3ee065b03f2b6c
    at /rust/deps/hashbrown-0.16.1/src/raw/mod.rs:983
    in /home/zhuhe/code/litchi-target-0794/after-profile
  hashbrown::map::HashMap$LT$K$C$V$C$S$C$A$GT$::try_reserve::h047afe437580756a
    at /rust/deps/hashbrown-0.16.1/src/map.rs:1155
  std::collections::hash::map::HashMap$LT$K$C$V$C$S$C$A$GT$::try_reserve::hc2a10162a6c2e8a9
    at /rustc/59807616e1fa2540724bfbac14d7976d7e4a3860/library/std/src/collections/hash/map.rs:904
  litchi_opc::package::OpcPackage::unmarshal_with_payload_donor::ha04f9db1baa5b5df
    at /home/zhuhe/code/litchi/crates/litchi-opc/src/package.rs:1242
  litchi_opc::package::OpcPackage::unmarshal::h8e3a7a6902e1e56b
    at src/package.rs:1157
    in /home/zhuhe/code/litchi-target-0794/after-profile
  litchi_opc::package::OpcPackage::from_bytes_with_limits::h6bd20fce007e2697
    at /home/zhuhe/code/litchi/crates/litchi-opc/src/package.rs:1130
  litchi_pptx::package::codec::_$LT$impl$u20$litchi_pptx..package..model..Package$GT$::from_bytes_with_limits::hae62f6019e0139e1
    at src/package/codec.rs:254
    in /home/zhuhe/code/litchi-target-0794/after-profile
  litchi_pptx::package::codec::_$LT$impl$u20$litchi_pptx..package..model..Package$GT$::from_bytes::h639b098ba88a28bc
    at /home/zhuhe/code/litchi/crates/litchi-pptx/src/package/codec.rs:245
  namespace_uri_probe::verify_output::hf88d911dde4b0393
    at src/main.rs:474
    in /home/zhuhe/code/litchi-target-0794/after-profile
  namespace_uri_probe::build::h7f2fafcec5a0bedf
    at src/main.rs:782
    in /home/zhuhe/code/litchi-target-0794/after-profile
  namespace_uri_probe::run::hdbc690e144543b88
    at /home/zhuhe/code/litchi/docs/performance/results/change-0794/probe-src/src/main.rs:262
  namespace_uri_probe::main::h111c17325c103c7d
    at /home/zhuhe/code/litchi/docs/performance/results/change-0794/probe-src/src/main.rs:247
  core::ops::function::FnOnce::call_once::he47c61c7854c5b96
    at /rustc/59807616e1fa2540724bfbac14d7976d7e4a3860/library/core/src/ops/function.rs:250
    in /home/zhuhe/code/litchi-target-0794/after-profile
  std::sys::backtrace::__rust_begin_short_backtrace::hbbaaf18b7eebb54e
    at /rustc/59807616e1fa2540724bfbac14d7976d7e4a3860/library/std/src/sys/backtrace.rs:166
  std::rt::lang_start::_$u7b$$u7b$closure$u7d$$u7d$::h9d2de9d185a04994
    at /rustc/59807616e1fa2540724bfbac14d7976d7e4a3860/library/std/src/rt.rs:206
    in /home/zhuhe/code/litchi-target-0794/after-profile
  _RNvXs0_NtNtNtCsgEmfK2I1SDS_4core3ops8function5implsRDINtB7_2FnuEp6OutputlNtNtBb_6marker4SyncNtNtNtBb_5panic11unwind_safe13RefUnwindSafeEL_INtB7_6FnOnceuE9call_onceCsjrHSEGnQ3l9_3std
    at library/core/src/ops/function.rs:287
    in /home/zhuhe/code/litchi-target-0794/after-profile
  _RINvNvNtCsjrHSEGnQ3l9_3std9panicking12catch_unwind7do_callRDINtNtNtCsgEmfK2I1SDS_4core3ops8function2FnuEp6OutputlNtNtB13_6marker4SyncNtNtNtB13_5panic11unwind_safe13RefUnwindSafeEL_lEB6_
    at /rustc/59807616e1fa2540724bfbac14d7976d7e4a3860/library/std/src/panicking.rs:581
  _RINvNtCsjrHSEGnQ3l9_3std9panicking12catch_unwindlRDINtNtNtCsgEmfK2I1SDS_4core3ops8function2FnuEp6OutputlNtNtBU_6marker4SyncNtNtNtBU_5panic11unwind_safe13RefUnwindSafeEL_EB4_
    at /rustc/59807616e1fa2540724bfbac14d7976d7e4a3860/library/std/src/panicking.rs:544
  _RINvNtCsjrHSEGnQ3l9_3std5panic12catch_unwindRDINtNtNtCsgEmfK2I1SDS_4core3ops8function2FnuEp6OutputlNtNtBP_6marker4SyncNtNtNtBP_5panic11unwind_safe13RefUnwindSafeEL_lEB4_
    at /rustc/59807616e1fa2540724bfbac14d7976d7e4a3860/library/std/src/panic.rs:359
  _RNCNvNtCsjrHSEGnQ3l9_3std2rt19lang_start_internal0B5_
    at /rustc/59807616e1fa2540724bfbac14d7976d7e4a3860/library/std/src/rt.rs:175
  _RINvNvNtCsjrHSEGnQ3l9_3std9panicking12catch_unwind7do_callNCNvNtB6_2rt19lang_start_internal0iEB6_
    at /rustc/59807616e1fa2540724bfbac14d7976d7e4a3860/library/std/src/panicking.rs:581
  _RINvNtCsjrHSEGnQ3l9_3std9panicking12catch_unwindiNCNvNtB4_2rt19lang_start_internal0EB4_
    at /rustc/59807616e1fa2540724bfbac14d7976d7e4a3860/library/std/src/panicking.rs:544
  _RINvNtCsjrHSEGnQ3l9_3std5panic12catch_unwindNCNvNtB4_2rt19lang_start_internal0iEB4_
    at /rustc/59807616e1fa2540724bfbac14d7976d7e4a3860/library/std/src/panic.rs:359
  _RNvNtCsjrHSEGnQ3l9_3std2rt19lang_start_internal
    at /rustc/59807616e1fa2540724bfbac14d7976d7e4a3860/library/std/src/rt.rs:171
  main
    in /home/zhuhe/code/litchi-target-0794/after-profile

24.35K peak memory consumed over 687 calls from
  _RNvNtCslNYArtu3iFV_5alloc5alloc5alloc
    at /rustc/59807616e1fa2540724bfbac14d7976d7e4a3860/library/alloc/src/alloc.rs:95
    in /home/zhuhe/code/litchi-target-0794/after-profile
  _RNvMNtCslNYArtu3iFV_5alloc5allocNtB2_6Global18alloc_impl_runtime
    at /rustc/59807616e1fa2540724bfbac14d7976d7e4a3860/library/alloc/src/alloc.rs:190
  _RNvMNtCslNYArtu3iFV_5alloc5allocNtB2_6Global10alloc_impl
    at /rustc/59807616e1fa2540724bfbac14d7976d7e4a3860/library/alloc/src/alloc.rs:312
  _RNvXs_NtCslNYArtu3iFV_5alloc5allocNtB4_6GlobalNtNtCsgEmfK2I1SDS_4core5alloc9Allocator8allocate
    at /rustc/59807616e1fa2540724bfbac14d7976d7e4a3860/library/alloc/src/alloc.rs:429
  alloc::raw_vec::RawVecInner$LT$A$GT$::try_allocate_in::h1b7ff18f470ae5f6
    at /rustc/59807616e1fa2540724bfbac14d7976d7e4a3860/library/alloc/src/raw_vec/mod.rs:464
  alloc::raw_vec::RawVecInner$LT$A$GT$::with_capacity_in::h07bf7911027133ec
    at /rustc/59807616e1fa2540724bfbac14d7976d7e4a3860/library/alloc/src/raw_vec/mod.rs:433
  alloc::raw_vec::RawVec$LT$T$C$A$GT$::with_capacity_in::hae21c50df7b7bf6d
    at /rustc/59807616e1fa2540724bfbac14d7976d7e4a3860/library/alloc/src/raw_vec/mod.rs:177
  alloc::vec::Vec$LT$T$C$A$GT$::with_capacity_in::hb4416c543748ae37
    at /rustc/59807616e1fa2540724bfbac14d7976d7e4a3860/library/alloc/src/vec/mod.rs:965
  _$LT$T$u20$as$u20$alloc..slice..$LT$impl$u20$$u5b$T$u5d$$GT$..to_vec_in..ConvertVec$GT$::to_vec::h7f4785d276cdc255
    at /rustc/59807616e1fa2540724bfbac14d7976d7e4a3860/library/alloc/src/slice.rs:448
  alloc::slice::_$LT$impl$u20$$u5b$T$u5d$$GT$::to_vec_in::h035ed904ba3f4568
    at /rustc/59807616e1fa2540724bfbac14d7976d7e4a3860/library/alloc/src/slice.rs:400
  alloc::slice::_$LT$impl$u20$$u5b$T$u5d$$GT$::to_vec::h4870e14b8edc4f22
    at /rustc/59807616e1fa2540724bfbac14d7976d7e4a3860/library/alloc/src/slice.rs:376
  alloc::slice::_$LT$impl$u20$alloc..borrow..ToOwned$u20$for$u20$$u5b$T$u5d$$GT$::to_owned::haae41a547b6f923c
    at /rustc/59807616e1fa2540724bfbac14d7976d7e4a3860/library/alloc/src/slice.rs:842
  _RNvXs2_NtCslNYArtu3iFV_5alloc3streNtNtB7_6borrow7ToOwned8to_owned
    at /rustc/59807616e1fa2540724bfbac14d7976d7e4a3860/library/alloc/src/str.rs:211
  _RNvXsK_NtCslNYArtu3iFV_5alloc6stringNtB5_6StringINtNtCsgEmfK2I1SDS_4core7convert4FromReE4from
    at /rustc/59807616e1fa2540724bfbac14d7976d7e4a3860/library/alloc/src/string.rs:3114
  _RNvXs1N_NtCslNYArtu3iFV_5alloc6stringINtNtB8_6borrow3CoweENtB6_12SpecToString14spec_to_string
    at /rustc/59807616e1fa2540724bfbac14d7976d7e4a3860/library/alloc/src/string.rs:3045
  _$LT$T$u20$as$u20$alloc..string..ToString$GT$::to_string::ha21346db83c61c87
    at /rustc/59807616e1fa2540724bfbac14d7976d7e4a3860/library/alloc/src/string.rs:2894
  litchi_opc::pkgreader::inspect_relationship_element::_$u7b$$u7b$closure$u7d$$u7d$::h2252e1f8e10b075c
    at /home/zhuhe/code/litchi/crates/litchi-opc/src/pkgreader.rs:2161
  core::result::Result$LT$T$C$E$GT$::map::h178c979c30e5ee15
    at /rustc/59807616e1fa2540724bfbac14d7976d7e4a3860/library/core/src/result.rs:836
  litchi_opc::pkgreader::inspect_relationship_element::h2faadecf03b256e3
    at /home/zhuhe/code/litchi/crates/litchi-opc/src/pkgreader.rs:2161
  litchi_opc::pkgreader::PackageReader::parse_rels_xml_with_source::h61f5833aa9973478
    at src/pkgreader.rs:1164
    in /home/zhuhe/code/litchi-target-0794/after-profile
  litchi_opc::pkgreader::PackageReader::load_rels_lazy::hf86b95ba25da5aa8
    at src/pkgreader.rs:1240
    in /home/zhuhe/code/litchi-target-0794/after-profile
  litchi_opc::pkgreader::PackageReader::walk_relationship_graph::hf2768ad4e2d90388
    at src/pkgreader.rs:1857
    in /home/zhuhe/code/litchi-target-0794/after-profile
  litchi_opc::pkgreader::PackageReader::load_parts_eager::h4b110d8c47df7e35
    at /home/zhuhe/code/litchi/crates/litchi-opc/src/pkgreader.rs:1310
  litchi_opc::pkgreader::PackageReader::from_phys_reader::hf864183a4b3f3be9
    at src/pkgreader.rs:897
    in /home/zhuhe/code/litchi-target-0794/after-profile
  litchi_opc::package::OpcPackage::from_bytes_with_limits::h6bd20fce007e2697
    at src/package.rs:1129
    in /home/zhuhe/code/litchi-target-0794/after-profile
  litchi_pptx::package::codec::_$LT$impl$u20$litchi_pptx..package..model..Package$GT$::from_bytes_with_limits::hae62f6019e0139e1
    at src/package/codec.rs:254
    in /home/zhuhe/code/litchi-target-0794/after-profile
  litchi_pptx::package::codec::_$LT$impl$u20$litchi_pptx..package..model..Package$GT$::from_bytes::h639b098ba88a28bc
    at /home/zhuhe/code/litchi/crates/litchi-pptx/src/package/codec.rs:245
  namespace_uri_probe::verify_output::hf88d911dde4b0393
    at src/main.rs:474
    in /home/zhuhe/code/litchi-target-0794/after-profile
  namespace_uri_probe::build::h7f2fafcec5a0bedf
    at src/main.rs:782
    in /home/zhuhe/code/litchi-target-0794/after-profile
  namespace_uri_probe::run::hdbc690e144543b88
    at /home/zhuhe/code/litchi/docs/performance/results/change-0794/probe-src/src/main.rs:262
  namespace_uri_probe::main::h111c17325c103c7d
    at /home/zhuhe/code/litchi/docs/performance/results/change-0794/probe-src/src/main.rs:247
  core::ops::function::FnOnce::call_once::he47c61c7854c5b96
    at /rustc/59807616e1fa2540724bfbac14d7976d7e4a3860/library/core/src/ops/function.rs:250
    in /home/zhuhe/code/litchi-target-0794/after-profile
  std::sys::backtrace::__rust_begin_short_backtrace::hbbaaf18b7eebb54e
    at /rustc/59807616e1fa2540724bfbac14d7976d7e4a3860/library/std/src/sys/backtrace.rs:166
  std::rt::lang_start::_$u7b$$u7b$closure$u7d$$u7d$::h9d2de9d185a04994
    at /rustc/59807616e1fa2540724bfbac14d7976d7e4a3860/library/std/src/rt.rs:206
    in /home/zhuhe/code/litchi-target-0794/after-profile
  _RNvXs0_NtNtNtCsgEmfK2I1SDS_4core3ops8function5implsRDINtB7_2FnuEp6OutputlNtNtBb_6marker4SyncNtNtNtBb_5panic11unwind_safe13RefUnwindSafeEL_INtB7_6FnOnceuE9call_onceCsjrHSEGnQ3l9_3std
    at library/core/src/ops/function.rs:287
    in /home/zhuhe/code/litchi-target-0794/after-profile
  _RINvNvNtCsjrHSEGnQ3l9_3std9panicking12catch_unwind7do_callRDINtNtNtCsgEmfK2I1SDS_4core3ops8function2FnuEp6OutputlNtNtB13_6marker4SyncNtNtNtB13_5panic11unwind_safe13RefUnwindSafeEL_lEB6_
    at /rustc/59807616e1fa2540724bfbac14d7976d7e4a3860/library/std/src/panicking.rs:581
  _RINvNtCsjrHSEGnQ3l9_3std9panicking12catch_unwindlRDINtNtNtCsgEmfK2I1SDS_4core3ops8function2FnuEp6OutputlNtNtBU_6marker4SyncNtNtNtBU_5panic11unwind_safe13RefUnwindSafeEL_EB4_
    at /rustc/59807616e1fa2540724bfbac14d7976d7e4a3860/library/std/src/panicking.rs:544
  _RINvNtCsjrHSEGnQ3l9_3std5panic12catch_unwindRDINtNtNtCsgEmfK2I1SDS_4core3ops8function2FnuEp6OutputlNtNtBP_6marker4SyncNtNtNtBP_5panic11unwind_safe13RefUnwindSafeEL_lEB4_
    at /rustc/59807616e1fa2540724bfbac14d7976d7e4a3860/library/std/src/panic.rs:359
  _RNCNvNtCsjrHSEGnQ3l9_3std2rt19lang_start_internal0B5_
    at /rustc/59807616e1fa2540724bfbac14d7976d7e4a3860/library/std/src/rt.rs:175
  _RINvNvNtCsjrHSEGnQ3l9_3std9panicking12catch_unwind7do_callNCNvNtB6_2rt19lang_start_internal0iEB6_
    at /rustc/59807616e1fa2540724bfbac14d7976d7e4a3860/library/std/src/panicking.rs:581
  _RINvNtCsjrHSEGnQ3l9_3std9panicking12catch_unwindiNCNvNtB4_2rt19lang_start_internal0EB4_
    at /rustc/59807616e1fa2540724bfbac14d7976d7e4a3860/library/std/src/panicking.rs:544
  _RINvNtCsjrHSEGnQ3l9_3std5panic12catch_unwindNCNvNtB4_2rt19lang_start_internal0iEB4_
    at /rustc/59807616e1fa2540724bfbac14d7976d7e4a3860/library/std/src/panic.rs:359
  _RNvNtCsjrHSEGnQ3l9_3std2rt19lang_start_internal
    at /rustc/59807616e1fa2540724bfbac14d7976d7e4a3860/library/std/src/rt.rs:171
  main
    in /home/zhuhe/code/litchi-target-0794/after-profile

22.40K peak memory consumed over 100 calls from
  _RNvXNtNtNtCsjrHSEGnQ3l9_3std3sys5alloc4unixNtNtB8_5alloc6SystemNtNtNtCsgEmfK2I1SDS_4core5alloc6global11GlobalAlloc5alloc
    at /rustc/59807616e1fa2540724bfbac14d7976d7e4a3860/library/std/src/sys/alloc/unix.rs:14
    in /home/zhuhe/code/litchi-target-0794/after-profile
  _RNvCsfLfy6EI15iL_7___rustc11___rdl_alloc
    at /rustc/59807616e1fa2540724bfbac14d7976d7e4a3860/library/std/src/alloc.rs:455
  _RNvNtCslNYArtu3iFV_5alloc5alloc5alloc
    at /rustc/59807616e1fa2540724bfbac14d7976d7e4a3860/library/alloc/src/alloc.rs:95
  _RNvMNtCslNYArtu3iFV_5alloc5allocNtB2_6Global18alloc_impl_runtime
    at /rustc/59807616e1fa2540724bfbac14d7976d7e4a3860/library/alloc/src/alloc.rs:190
  _RNvMNtCslNYArtu3iFV_5alloc5allocNtB2_6Global10alloc_impl
    at /rustc/59807616e1fa2540724bfbac14d7976d7e4a3860/library/alloc/src/alloc.rs:312
  _RNvXs_NtCslNYArtu3iFV_5alloc5allocNtB4_6GlobalNtNtCsgEmfK2I1SDS_4core5alloc9Allocator8allocate
    at /rustc/59807616e1fa2540724bfbac14d7976d7e4a3860/library/alloc/src/alloc.rs:429
  _RNvNtCslNYArtu3iFV_5alloc5boxed14box_new_uninit
    at /rustc/59807616e1fa2540724bfbac14d7976d7e4a3860/library/alloc/src/boxed.rs:248
  alloc::boxed::Box$LT$T$GT$::new::hd3e02e6635c3c38d
    at /rustc/59807616e1fa2540724bfbac14d7976d7e4a3860/library/alloc/src/boxed.rs:286
  litchi_pptx::package::codec::_$LT$impl$u20$litchi_pptx..package..model..Package$GT$::materialize_presentation::h3df86074ae5b9cff
    at /home/zhuhe/code/litchi/crates/litchi-pptx/src/package/codec.rs:496
  litchi_pptx::package::codec::_$LT$impl$u20$litchi_pptx..package..model..Package$GT$::flush_presentation::_$u7b$$u7b$closure$u7d$$u7d$::hfb94e2e9c4f25e7a
    at /home/zhuhe/code/litchi/crates/litchi-pptx/src/package/codec.rs:405
  litchi_pptx::package::codec::_$LT$impl$u20$litchi_pptx..package..model..Package$GT$::flush_presentation::h7581c466e9001d12
    at /home/zhuhe/code/litchi/crates/litchi-pptx/src/package/codec.rs:403
  litchi_pptx::package::codec::_$LT$impl$u20$litchi_pptx..package..model..Package$GT$::to_bytes::h8392a9b65728ab72
    at src/package/codec.rs:341
    in /home/zhuhe/code/litchi-target-0794/after-profile
  namespace_uri_probe::build::h7f2fafcec5a0bedf
    at src/main.rs:748
    in /home/zhuhe/code/litchi-target-0794/after-profile
  namespace_uri_probe::run::hdbc690e144543b88
    at /home/zhuhe/code/litchi/docs/performance/results/change-0794/probe-src/src/main.rs:262
  namespace_uri_probe::main::h111c17325c103c7d
    at /home/zhuhe/code/litchi/docs/performance/results/change-0794/probe-src/src/main.rs:247
  core::ops::function::FnOnce::call_once::he47c61c7854c5b96
    at /rustc/59807616e1fa2540724bfbac14d7976d7e4a3860/library/core/src/ops/function.rs:250
    in /home/zhuhe/code/litchi-target-0794/after-profile
  std::sys::backtrace::__rust_begin_short_backtrace::hbbaaf18b7eebb54e
    at /rustc/59807616e1fa2540724bfbac14d7976d7e4a3860/library/std/src/sys/backtrace.rs:166
  std::rt::lang_start::_$u7b$$u7b$closure$u7d$$u7d$::h9d2de9d185a04994
    at /rustc/59807616e1fa2540724bfbac14d7976d7e4a3860/library/std/src/rt.rs:206
    in /home/zhuhe/code/litchi-target-0794/after-profile
  _RNvXs0_NtNtNtCsgEmfK2I1SDS_4core3ops8function5implsRDINtB7_2FnuEp6OutputlNtNtBb_6marker4SyncNtNtNtBb_5panic11unwind_safe13RefUnwindSafeEL_INtB7_6FnOnceuE9call_onceCsjrHSEGnQ3l9_3std
    at library/core/src/ops/function.rs:287
    in /home/zhuhe/code/litchi-target-0794/after-profile
  _RINvNvNtCsjrHSEGnQ3l9_3std9panicking12catch_unwind7do_callRDINtNtNtCsgEmfK2I1SDS_4core3ops8function2FnuEp6OutputlNtNtB13_6marker4SyncNtNtNtB13_5panic11unwind_safe13RefUnwindSafeEL_lEB6_
    at /rustc/59807616e1fa2540724bfbac14d7976d7e4a3860/library/std/src/panicking.rs:581
  _RINvNtCsjrHSEGnQ3l9_3std9panicking12catch_unwindlRDINtNtNtCsgEmfK2I1SDS_4core3ops8function2FnuEp6OutputlNtNtBU_6marker4SyncNtNtNtBU_5panic11unwind_safe13RefUnwindSafeEL_EB4_
    at /rustc/59807616e1fa2540724bfbac14d7976d7e4a3860/library/std/src/panicking.rs:544
  _RINvNtCsjrHSEGnQ3l9_3std5panic12catch_unwindRDINtNtNtCsgEmfK2I1SDS_4core3ops8function2FnuEp6OutputlNtNtBP_6marker4SyncNtNtNtBP_5panic11unwind_safe13RefUnwindSafeEL_lEB4_
    at /rustc/59807616e1fa2540724bfbac14d7976d7e4a3860/library/std/src/panic.rs:359
  _RNCNvNtCsjrHSEGnQ3l9_3std2rt19lang_start_internal0B5_
    at /rustc/59807616e1fa2540724bfbac14d7976d7e4a3860/library/std/src/rt.rs:175
  _RINvNvNtCsjrHSEGnQ3l9_3std9panicking12catch_unwind7do_callNCNvNtB6_2rt19lang_start_internal0iEB6_
    at /rustc/59807616e1fa2540724bfbac14d7976d7e4a3860/library/std/src/panicking.rs:581
  _RINvNtCsjrHSEGnQ3l9_3std9panicking12catch_unwindiNCNvNtB4_2rt19lang_start_internal0EB4_
    at /rustc/59807616e1fa2540724bfbac14d7976d7e4a3860/library/std/src/panicking.rs:544
  _RINvNtCsjrHSEGnQ3l9_3std5panic12catch_unwindNCNvNtB4_2rt19lang_start_internal0iEB4_
    at /rustc/59807616e1fa2540724bfbac14d7976d7e4a3860/library/std/src/panic.rs:359
  _RNvNtCsjrHSEGnQ3l9_3std2rt19lang_start_internal
    at /rustc/59807616e1fa2540724bfbac14d7976d7e4a3860/library/std/src/rt.rs:171
  main
    in /home/zhuhe/code/litchi-target-0794/after-profile

19.60K peak memory consumed over 4 calls from
  _RNvXNtNtNtCsjrHSEGnQ3l9_3std3sys5alloc4unixNtNtB8_5alloc6SystemNtNtNtCsgEmfK2I1SDS_4core5alloc6global11GlobalAlloc5alloc
    at /rustc/59807616e1fa2540724bfbac14d7976d7e4a3860/library/std/src/sys/alloc/unix.rs:14
    in /home/zhuhe/code/litchi-target-0794/after-profile
  _RNvCsfLfy6EI15iL_7___rustc11___rdl_alloc
    at /rustc/59807616e1fa2540724bfbac14d7976d7e4a3860/library/std/src/alloc.rs:455
  _RNvNtCslNYArtu3iFV_5alloc5alloc5alloc
    at /rustc/59807616e1fa2540724bfbac14d7976d7e4a3860/library/alloc/src/alloc.rs:95
  _RNvMNtCslNYArtu3iFV_5alloc5allocNtB2_6Global18alloc_impl_runtime
    at /rustc/59807616e1fa2540724bfbac14d7976d7e4a3860/library/alloc/src/alloc.rs:190
  _RNvMNtCslNYArtu3iFV_5alloc5allocNtB2_6Global10alloc_impl
    at /rustc/59807616e1fa2540724bfbac14d7976d7e4a3860/library/alloc/src/alloc.rs:312
  _RNvXs_NtCslNYArtu3iFV_5alloc5allocNtB4_6GlobalNtNtCsgEmfK2I1SDS_4core5alloc9Allocator8allocate
    at /rustc/59807616e1fa2540724bfbac14d7976d7e4a3860/library/alloc/src/alloc.rs:429
  hashbrown::raw::alloc::inner::do_alloc::h3998229efe458ca4
    at /rust/deps/hashbrown-0.16.1/src/raw/alloc.rs:19
  hashbrown::raw::RawTableInner::new_uninitialized::h37fd08a6891c39b3
    at /rust/deps/hashbrown-0.16.1/src/raw/mod.rs:1613
  hashbrown::raw::RawTableInner::fallible_with_capacity::hcf442ff5f08cd1c3
    at /rust/deps/hashbrown-0.16.1/src/raw/mod.rs:1672
  hashbrown::raw::RawTableInner::prepare_resize::h94721f963f264696
    at /rust/deps/hashbrown-0.16.1/src/raw/mod.rs:2738
    in /home/zhuhe/code/litchi-target-0794/after-profile
  hashbrown::raw::RawTableInner::resize_inner::h19a7564f7771ef6f
    at /rust/deps/hashbrown-0.16.1/src/raw/mod.rs:2936
  hashbrown::raw::RawTableInner::reserve_rehash_inner::h0f0056247f9f2374
    at /rust/deps/hashbrown-0.16.1/src/raw/mod.rs:2824
  hashbrown::raw::RawTable$LT$T$C$A$GT$::reserve_rehash::h64c0adf879df78cd
    at /rust/deps/hashbrown-0.16.1/src/raw/mod.rs:1013
  hashbrown::raw::RawTable$LT$T$C$A$GT$::reserve::h21042c72793c02d9
    at /rust/deps/hashbrown-0.16.1/src/raw/mod.rs:962
    in /home/zhuhe/code/litchi-target-0794/after-profile
  hashbrown::map::HashMap$LT$K$C$V$C$S$C$A$GT$::reserve::h49758e65101a7e60
    at /rust/deps/hashbrown-0.16.1/src/map.rs:1105
  hashbrown::rustc_entry::_$LT$impl$u20$hashbrown..map..HashMap$LT$K$C$V$C$S$C$A$GT$$GT$::rustc_entry::hc12c2ab879f46529
    at /rust/deps/hashbrown-0.16.1/src/rustc_entry.rs:45
  std::collections::hash::map::HashMap$LT$K$C$V$C$S$C$A$GT$::entry::h147ec58d8f903c5e
    at /rustc/59807616e1fa2540724bfbac14d7976d7e4a3860/library/std/src/collections/hash/map.rs:976
    in /home/zhuhe/code/litchi-target-0794/after-profile
  litchi_opc::rel::Relationships::add_relationship::h0d58344af00e1593
    at /home/zhuhe/code/litchi/crates/litchi-opc/src/rel.rs:382
  litchi_opc::rel::Relationships::get_or_add::h7f872774a4fb7ba7
    at src/rel.rs:527
    in /home/zhuhe/code/litchi-target-0794/after-profile
  litchi_opc::part::Part::relate_to::h846ecfc9fe7d0550
    at /home/zhuhe/code/litchi/crates/litchi-opc/src/part.rs:100
    in /home/zhuhe/code/litchi-target-0794/after-profile
  litchi_pptx::package::codec::_$LT$impl$u20$litchi_pptx..package..model..Package$GT$::materialize_presentation::h3df86074ae5b9cff
    at src/package/codec.rs:480
    in /home/zhuhe/code/litchi-target-0794/after-profile
  litchi_pptx::package::codec::_$LT$impl$u20$litchi_pptx..package..model..Package$GT$::flush_presentation::_$u7b$$u7b$closure$u7d$$u7d$::hfb94e2e9c4f25e7a
    at /home/zhuhe/code/litchi/crates/litchi-pptx/src/package/codec.rs:405
  litchi_pptx::package::codec::_$LT$impl$u20$litchi_pptx..package..model..Package$GT$::flush_presentation::h7581c466e9001d12
    at /home/zhuhe/code/litchi/crates/litchi-pptx/src/package/codec.rs:403
  litchi_pptx::package::codec::_$LT$impl$u20$litchi_pptx..package..model..Package$GT$::to_bytes::h8392a9b65728ab72
    at src/package/codec.rs:341
    in /home/zhuhe/code/litchi-target-0794/after-profile
  namespace_uri_probe::build::h7f2fafcec5a0bedf
    at src/main.rs:748
    in /home/zhuhe/code/litchi-target-0794/after-profile
  namespace_uri_probe::run::hdbc690e144543b88
    at /home/zhuhe/code/litchi/docs/performance/results/change-0794/probe-src/src/main.rs:262
  namespace_uri_probe::main::h111c17325c103c7d
    at /home/zhuhe/code/litchi/docs/performance/results/change-0794/probe-src/src/main.rs:247
  core::ops::function::FnOnce::call_once::he47c61c7854c5b96
    at /rustc/59807616e1fa2540724bfbac14d7976d7e4a3860/library/core/src/ops/function.rs:250
    in /home/zhuhe/code/litchi-target-0794/after-profile
  std::sys::backtrace::__rust_begin_short_backtrace::hbbaaf18b7eebb54e
    at /rustc/59807616e1fa2540724bfbac14d7976d7e4a3860/library/std/src/sys/backtrace.rs:166
  std::rt::lang_start::_$u7b$$u7b$closure$u7d$$u7d$::h9d2de9d185a04994
    at /rustc/59807616e1fa2540724bfbac14d7976d7e4a3860/library/std/src/rt.rs:206
    in /home/zhuhe/code/litchi-target-0794/after-profile
  _RNvXs0_NtNtNtCsgEmfK2I1SDS_4core3ops8function5implsRDINtB7_2FnuEp6OutputlNtNtBb_6marker4SyncNtNtNtBb_5panic11unwind_safe13RefUnwindSafeEL_INtB7_6FnOnceuE9call_onceCsjrHSEGnQ3l9_3std
    at library/core/src/ops/function.rs:287
    in /home/zhuhe/code/litchi-target-0794/after-profile
  _RINvNvNtCsjrHSEGnQ3l9_3std9panicking12catch_unwind7do_callRDINtNtNtCsgEmfK2I1SDS_4core3ops8function2FnuEp6OutputlNtNtB13_6marker4SyncNtNtNtB13_5panic11unwind_safe13RefUnwindSafeEL_lEB6_
    at /rustc/59807616e1fa2540724bfbac14d7976d7e4a3860/library/std/src/panicking.rs:581
  _RINvNtCsjrHSEGnQ3l9_3std9panicking12catch_unwindlRDINtNtNtCsgEmfK2I1SDS_4core3ops8function2FnuEp6OutputlNtNtBU_6marker4SyncNtNtNtBU_5panic11unwind_safe13RefUnwindSafeEL_EB4_
    at /rustc/59807616e1fa2540724bfbac14d7976d7e4a3860/library/std/src/panicking.rs:544
  _RINvNtCsjrHSEGnQ3l9_3std5panic12catch_unwindRDINtNtNtCsgEmfK2I1SDS_4core3ops8function2FnuEp6OutputlNtNtBP_6marker4SyncNtNtNtBP_5panic11unwind_safe13RefUnwindSafeEL_lEB4_
    at /rustc/59807616e1fa2540724bfbac14d7976d7e4a3860/library/std/src/panic.rs:359
  _RNCNvNtCsjrHSEGnQ3l9_3std2rt19lang_start_internal0B5_
    at /rustc/59807616e1fa2540724bfbac14d7976d7e4a3860/library/std/src/rt.rs:175
  _RINvNvNtCsjrHSEGnQ3l9_3std9panicking12catch_unwind7do_callNCNvNtB6_2rt19lang_start_internal0iEB6_
    at /rustc/59807616e1fa2540724bfbac14d7976d7e4a3860/library/std/src/panicking.rs:581
  _RINvNtCsjrHSEGnQ3l9_3std9panicking12catch_unwindiNCNvNtB4_2rt19lang_start_internal0EB4_
    at /rustc/59807616e1fa2540724bfbac14d7976d7e4a3860/library/std/src/panicking.rs:544
  _RINvNtCsjrHSEGnQ3l9_3std5panic12catch_unwindNCNvNtB4_2rt19lang_start_internal0iEB4_
    at /rustc/59807616e1fa2540724bfbac14d7976d7e4a3860/library/std/src/panic.rs:359
  _RNvNtCsjrHSEGnQ3l9_3std2rt19lang_start_internal
    at /rustc/59807616e1fa2540724bfbac14d7976d7e4a3860/library/std/src/rt.rs:171
  main
    in /home/zhuhe/code/litchi-target-0794/after-profile



total runtime: 0.32s.
calls to allocation functions: 241608 (764582/s)
temporary memory allocations: 80305 (254129/s)
peak heap memory consumption: 15.99M
peak RSS (including heaptrack overhead): 20.78M
total memory leaked: 544B
