schema,version,api_path,comparison_scope,paragraphs,replacements,source,mode,fixture_sha256,fixture_bytes,fixture_name,expected_output_sha256,expected_output_bytes,repeat,ordinal,warmup,elapsed_ns,open_ns,edit_ns,commit_ns,publish_ns,drop_ns,output_bytes,output_sha256,source_version_before_id,source_version_before_revision,source_version_after_id,source_version_after_revision,source_version_unchanged,source_read_calls,source_requested_bytes,source_returned_bytes,source_zero_length_calls,cache_before_cold_loads,cache_before_successful_loads,cache_before_hits,cache_live_cold_loads,cache_live_successful_loads,cache_live_hits,cache_live_retained_bytes,cache_live_retained_entries,cache_live_in_flight_loads,budget_managed,budget_before_memory,budget_live_memory,budget_after_memory,budget_before_input,budget_live_input,budget_after_input,budget_before_output,budget_live_output,budget_after_output,budget_before_objects,budget_live_objects,budget_after_objects,budget_before_work,budget_live_work,budget_after_work,memory_released,objects_released,input_monotonic,work_monotonic,semantic_ok,raw_untouched_ok,raw_untouched_member_payloads_ok,output_exact_ok,managed_preflight_forward_ok,managed_preflight_inverse_ok,forward_ok,inverse_ok,unmanaged_preflight_forward_ok,unmanaged_preflight_inverse_ok
managed_paragraph_batch_perf_v1,1,replace_body_paragraph_texts,descriptive_same_fixture_alternative_api_path_no_same_api_before_after_claim,128,1,file,batch,ca410eb5ac948e3e90f67505a0e566883a15305e0fa64a90be9e146256160685,532875,fixture-p128-k1.docx,a19ccb4a6e21260c609f8f45fc6d267ac18b285362553baa3ea80c1bd75ddaa2,532882,0,0,true,487532,22110,296011,450,167541,1020,532882,a19ccb4a6e21260c609f8f45fc6d267ac18b285362553baa3ea80c1bd75ddaa2,4,0,4,0,true,45,535175,535175,4,0,0,0,1,1,0,7281,1,0,true,0,367535,0,0,8490,535175,0,0,532882,0,14586,0,0,6699515,6714084,true,true,true,true,true,true,true,true,true,true,true,true,true,true
managed_paragraph_batch_perf_v1,1,replace_body_paragraph_texts,descriptive_same_fixture_alternative_api_path_no_same_api_before_after_claim,128,1,file,batch,ca410eb5ac948e3e90f67505a0e566883a15305e0fa64a90be9e146256160685,532875,fixture-p128-k1.docx,a19ccb4a6e21260c609f8f45fc6d267ac18b285362553baa3ea80c1bd75ddaa2,532882,0,1,true,487812,16740,295931,370,173661,860,532882,a19ccb4a6e21260c609f8f45fc6d267ac18b285362553baa3ea80c1bd75ddaa2,6,0,6,0,true,45,535175,535175,4,0,0,0,1,1,0,7281,1,0,true,0,367535,0,0,8490,535175,0,0,532882,0,14586,0,0,6699515,6714084,true,true,true,true,true,true,true,true,true,true,true,true,true,true
managed_paragraph_batch_perf_v1,1,replace_body_paragraph_texts,descriptive_same_fixture_alternative_api_path_no_same_api_before_after_claim,128,1,file,batch,ca410eb5ac948e3e90f67505a0e566883a15305e0fa64a90be9e146256160685,532875,fixture-p128-k1.docx,a19ccb4a6e21260c609f8f45fc6d267ac18b285362553baa3ea80c1bd75ddaa2,532882,0,2,true,481872,16050,293031,340,171431,820,532882,a19ccb4a6e21260c609f8f45fc6d267ac18b285362553baa3ea80c1bd75ddaa2,8,0,8,0,true,45,535175,535175,4,0,0,0,1,1,0,7281,1,0,true,0,367535,0,0,8490,535175,0,0,532882,0,14586,0,0,6699515,6714084,true,true,true,true,true,true,true,true,true,true,true,true,true,true
managed_paragraph_batch_perf_v1,1,replace_body_paragraph_texts,descriptive_same_fixture_alternative_api_path_no_same_api_before_after_claim,128,1,file,batch,ca410eb5ac948e3e90f67505a0e566883a15305e0fa64a90be9e146256160685,532875,fixture-p128-k1.docx,a19ccb4a6e21260c609f8f45fc6d267ac18b285362553baa3ea80c1bd75ddaa2,532882,0,3,true,474102,15820,292061,330,164931,770,532882,a19ccb4a6e21260c609f8f45fc6d267ac18b285362553baa3ea80c1bd75ddaa2,10,0,10,0,true,45,535175,535175,4,0,0,0,1,1,0,7281,1,0,true,0,367535,0,0,8490,535175,0,0,532882,0,14586,0,0,6699515,6714084,true,true,true,true,true,true,true,true,true,true,true,true,true,true
managed_paragraph_batch_perf_v1,1,replace_body_paragraph_texts,descriptive_same_fixture_alternative_api_path_no_same_api_before_after_claim,128,1,file,batch,ca410eb5ac948e3e90f67505a0e566883a15305e0fa64a90be9e146256160685,532875,fixture-p128-k1.docx,a19ccb4a6e21260c609f8f45fc6d267ac18b285362553baa3ea80c1bd75ddaa2,532882,0,4,true,473692,15810,293151,330,163421,780,532882,a19ccb4a6e21260c609f8f45fc6d267ac18b285362553baa3ea80c1bd75ddaa2,12,0,12,0,true,45,535175,535175,4,0,0,0,1,1,0,7281,1,0,true,0,367535,0,0,8490,535175,0,0,532882,0,14586,0,0,6699515,6714084,true,true,true,true,true,true,true,true,true,true,true,true,true,true
managed_paragraph_batch_perf_v1,1,replace_body_paragraph_texts,descriptive_same_fixture_alternative_api_path_no_same_api_before_after_claim,128,1,file,batch,ca410eb5ac948e3e90f67505a0e566883a15305e0fa64a90be9e146256160685,532875,fixture-p128-k1.docx,a19ccb4a6e21260c609f8f45fc6d267ac18b285362553baa3ea80c1bd75ddaa2,532882,0,5,true,470382,15270,293571,350,160161,840,532882,a19ccb4a6e21260c609f8f45fc6d267ac18b285362553baa3ea80c1bd75ddaa2,14,0,14,0,true,45,535175,535175,4,0,0,0,1,1,0,7281,1,0,true,0,367535,0,0,8490,535175,0,0,532882,0,14586,0,0,6699515,6714084,true,true,true,true,true,true,true,true,true,true,true,true,true,true
managed_paragraph_batch_perf_v1,1,replace_body_paragraph_texts,descriptive_same_fixture_alternative_api_path_no_same_api_before_after_claim,128,1,file,batch,ca410eb5ac948e3e90f67505a0e566883a15305e0fa64a90be9e146256160685,532875,fixture-p128-k1.docx,a19ccb4a6e21260c609f8f45fc6d267ac18b285362553baa3ea80c1bd75ddaa2,532882,0,6,true,458272,15630,290671,350,150601,810,532882,a19ccb4a6e21260c609f8f45fc6d267ac18b285362553baa3ea80c1bd75ddaa2,16,0,16,0,true,45,535175,535175,4,0,0,0,1,1,0,7281,1,0,true,0,367535,0,0,8490,535175,0,0,532882,0,14586,0,0,6699515,6714084,true,true,true,true,true,true,true,true,true,true,true,true,true,true
managed_paragraph_batch_perf_v1,1,replace_body_paragraph_texts,descriptive_same_fixture_alternative_api_path_no_same_api_before_after_claim,128,1,file,batch,ca410eb5ac948e3e90f67505a0e566883a15305e0fa64a90be9e146256160685,532875,fixture-p128-k1.docx,a19ccb4a6e21260c609f8f45fc6d267ac18b285362553baa3ea80c1bd75ddaa2,532882,0,7,true,440622,15290,286671,320,137371,780,532882,a19ccb4a6e21260c609f8f45fc6d267ac18b285362553baa3ea80c1bd75ddaa2,18,0,18,0,true,45,535175,535175,4,0,0,0,1,1,0,7281,1,0,true,0,367535,0,0,8490,535175,0,0,532882,0,14586,0,0,6699515,6714084,true,true,true,true,true,true,true,true,true,true,true,true,true,true
managed_paragraph_batch_perf_v1,1,replace_body_paragraph_texts,descriptive_same_fixture_alternative_api_path_no_same_api_before_after_claim,128,1,file,batch,ca410eb5ac948e3e90f67505a0e566883a15305e0fa64a90be9e146256160685,532875,fixture-p128-k1.docx,a19ccb4a6e21260c609f8f45fc6d267ac18b285362553baa3ea80c1bd75ddaa2,532882,0,8,true,440012,15230,287521,340,135921,800,532882,a19ccb4a6e21260c609f8f45fc6d267ac18b285362553baa3ea80c1bd75ddaa2,20,0,20,0,true,45,535175,535175,4,0,0,0,1,1,0,7281,1,0,true,0,367535,0,0,8490,535175,0,0,532882,0,14586,0,0,6699515,6714084,true,true,true,true,true,true,true,true,true,true,true,true,true,true
managed_paragraph_batch_perf_v1,1,replace_body_paragraph_texts,descriptive_same_fixture_alternative_api_path_no_same_api_before_after_claim,128,1,file,batch,ca410eb5ac948e3e90f67505a0e566883a15305e0fa64a90be9e146256160685,532875,fixture-p128-k1.docx,a19ccb4a6e21260c609f8f45fc6d267ac18b285362553baa3ea80c1bd75ddaa2,532882,0,9,true,449902,15120,296691,300,136791,810,532882,a19ccb4a6e21260c609f8f45fc6d267ac18b285362553baa3ea80c1bd75ddaa2,22,0,22,0,true,45,535175,535175,4,0,0,0,1,1,0,7281,1,0,true,0,367535,0,0,8490,535175,0,0,532882,0,14586,0,0,6699515,6714084,true,true,true,true,true,true,true,true,true,true,true,true,true,true
managed_paragraph_batch_perf_v1,1,replace_body_paragraph_texts,descriptive_same_fixture_alternative_api_path_no_same_api_before_after_claim,128,1,file,batch,ca410eb5ac948e3e90f67505a0e566883a15305e0fa64a90be9e146256160685,532875,fixture-p128-k1.docx,a19ccb4a6e21260c609f8f45fc6d267ac18b285362553baa3ea80c1bd75ddaa2,532882,0,0,false,449282,14981,296091,320,136900,770,532882,a19ccb4a6e21260c609f8f45fc6d267ac18b285362553baa3ea80c1bd75ddaa2,24,0,24,0,true,45,535175,535175,4,0,0,0,1,1,0,7281,1,0,true,0,367535,0,0,8490,535175,0,0,532882,0,14586,0,0,6699515,6714084,true,true,true,true,true,true,true,true,true,true,true,true,true,true
managed_paragraph_batch_perf_v1,1,replace_body_paragraph_texts,descriptive_same_fixture_alternative_api_path_no_same_api_before_after_claim,128,1,file,batch,ca410eb5ac948e3e90f67505a0e566883a15305e0fa64a90be9e146256160685,532875,fixture-p128-k1.docx,a19ccb4a6e21260c609f8f45fc6d267ac18b285362553baa3ea80c1bd75ddaa2,532882,0,1,false,458762,15400,303862,330,138100,860,532882,a19ccb4a6e21260c609f8f45fc6d267ac18b285362553baa3ea80c1bd75ddaa2,26,0,26,0,true,45,535175,535175,4,0,0,0,1,1,0,7281,1,0,true,0,367535,0,0,8490,535175,0,0,532882,0,14586,0,0,6699515,6714084,true,true,true,true,true,true,true,true,true,true,true,true,true,true
managed_paragraph_batch_perf_v1,1,replace_body_paragraph_texts,descriptive_same_fixture_alternative_api_path_no_same_api_before_after_claim,128,1,file,batch,ca410eb5ac948e3e90f67505a0e566883a15305e0fa64a90be9e146256160685,532875,fixture-p128-k1.docx,a19ccb4a6e21260c609f8f45fc6d267ac18b285362553baa3ea80c1bd75ddaa2,532882,0,2,false,452272,15720,288822,300,146440,780,532882,a19ccb4a6e21260c609f8f45fc6d267ac18b285362553baa3ea80c1bd75ddaa2,28,0,28,0,true,45,535175,535175,4,0,0,0,1,1,0,7281,1,0,true,0,367535,0,0,8490,535175,0,0,532882,0,14586,0,0,6699515,6714084,true,true,true,true,true,true,true,true,true,true,true,true,true,true
managed_paragraph_batch_perf_v1,1,replace_body_paragraph_texts,descriptive_same_fixture_alternative_api_path_no_same_api_before_after_claim,128,1,file,batch,ca410eb5ac948e3e90f67505a0e566883a15305e0fa64a90be9e146256160685,532875,fixture-p128-k1.docx,a19ccb4a6e21260c609f8f45fc6d267ac18b285362553baa3ea80c1bd75ddaa2,532882,0,3,false,453892,14950,292311,290,145251,890,532882,a19ccb4a6e21260c609f8f45fc6d267ac18b285362553baa3ea80c1bd75ddaa2,30,0,30,0,true,45,535175,535175,4,0,0,0,1,1,0,7281,1,0,true,0,367535,0,0,8490,535175,0,0,532882,0,14586,0,0,6699515,6714084,true,true,true,true,true,true,true,true,true,true,true,true,true,true
managed_paragraph_batch_perf_v1,1,replace_body_paragraph_texts,descriptive_same_fixture_alternative_api_path_no_same_api_before_after_claim,128,1,file,batch,ca410eb5ac948e3e90f67505a0e566883a15305e0fa64a90be9e146256160685,532875,fixture-p128-k1.docx,a19ccb4a6e21260c609f8f45fc6d267ac18b285362553baa3ea80c1bd75ddaa2,532882,0,4,false,445282,15100,292151,330,136681,820,532882,a19ccb4a6e21260c609f8f45fc6d267ac18b285362553baa3ea80c1bd75ddaa2,32,0,32,0,true,45,535175,535175,4,0,0,0,1,1,0,7281,1,0,true,0,367535,0,0,8490,535175,0,0,532882,0,14586,0,0,6699515,6714084,true,true,true,true,true,true,true,true,true,true,true,true,true,true
managed_paragraph_batch_perf_v1,1,replace_body_paragraph_texts,descriptive_same_fixture_alternative_api_path_no_same_api_before_after_claim,128,1,file,batch,ca410eb5ac948e3e90f67505a0e566883a15305e0fa64a90be9e146256160685,532875,fixture-p128-k1.docx,a19ccb4a6e21260c609f8f45fc6d267ac18b285362553baa3ea80c1bd75ddaa2,532882,0,5,false,443972,14890,291411,320,136341,810,532882,a19ccb4a6e21260c609f8f45fc6d267ac18b285362553baa3ea80c1bd75ddaa2,34,0,34,0,true,45,535175,535175,4,0,0,0,1,1,0,7281,1,0,true,0,367535,0,0,8490,535175,0,0,532882,0,14586,0,0,6699515,6714084,true,true,true,true,true,true,true,true,true,true,true,true,true,true
managed_paragraph_batch_perf_v1,1,replace_body_paragraph_texts,descriptive_same_fixture_alternative_api_path_no_same_api_before_after_claim,128,1,file,batch,ca410eb5ac948e3e90f67505a0e566883a15305e0fa64a90be9e146256160685,532875,fixture-p128-k1.docx,a19ccb4a6e21260c609f8f45fc6d267ac18b285362553baa3ea80c1bd75ddaa2,532882,0,6,false,436962,15320,283911,290,136440,801,532882,a19ccb4a6e21260c609f8f45fc6d267ac18b285362553baa3ea80c1bd75ddaa2,36,0,36,0,true,45,535175,535175,4,0,0,0,1,1,0,7281,1,0,true,0,367535,0,0,8490,535175,0,0,532882,0,14586,0,0,6699515,6714084,true,true,true,true,true,true,true,true,true,true,true,true,true,true
managed_paragraph_batch_perf_v1,1,replace_body_paragraph_texts,descriptive_same_fixture_alternative_api_path_no_same_api_before_after_claim,128,1,file,batch,ca410eb5ac948e3e90f67505a0e566883a15305e0fa64a90be9e146256160685,532875,fixture-p128-k1.docx,a19ccb4a6e21260c609f8f45fc6d267ac18b285362553baa3ea80c1bd75ddaa2,532882,0,7,false,435972,15621,282981,280,136090,800,532882,a19ccb4a6e21260c609f8f45fc6d267ac18b285362553baa3ea80c1bd75ddaa2,38,0,38,0,true,45,535175,535175,4,0,0,0,1,1,0,7281,1,0,true,0,367535,0,0,8490,535175,0,0,532882,0,14586,0,0,6699515,6714084,true,true,true,true,true,true,true,true,true,true,true,true,true,true
managed_paragraph_batch_perf_v1,1,replace_body_paragraph_texts,descriptive_same_fixture_alternative_api_path_no_same_api_before_after_claim,128,1,file,batch,ca410eb5ac948e3e90f67505a0e566883a15305e0fa64a90be9e146256160685,532875,fixture-p128-k1.docx,a19ccb4a6e21260c609f8f45fc6d267ac18b285362553baa3ea80c1bd75ddaa2,532882,0,8,false,433392,15280,280532,300,136290,790,532882,a19ccb4a6e21260c609f8f45fc6d267ac18b285362553baa3ea80c1bd75ddaa2,40,0,40,0,true,45,535175,535175,4,0,0,0,1,1,0,7281,1,0,true,0,367535,0,0,8490,535175,0,0,532882,0,14586,0,0,6699515,6714084,true,true,true,true,true,true,true,true,true,true,true,true,true,true
managed_paragraph_batch_perf_v1,1,replace_body_paragraph_texts,descriptive_same_fixture_alternative_api_path_no_same_api_before_after_claim,128,1,file,batch,ca410eb5ac948e3e90f67505a0e566883a15305e0fa64a90be9e146256160685,532875,fixture-p128-k1.docx,a19ccb4a6e21260c609f8f45fc6d267ac18b285362553baa3ea80c1bd75ddaa2,532882,0,9,false,443812,15140,289731,300,137611,820,532882,a19ccb4a6e21260c609f8f45fc6d267ac18b285362553baa3ea80c1bd75ddaa2,42,0,42,0,true,45,535175,535175,4,0,0,0,1,1,0,7281,1,0,true,0,367535,0,0,8490,535175,0,0,532882,0,14586,0,0,6699515,6714084,true,true,true,true,true,true,true,true,true,true,true,true,true,true
managed_paragraph_batch_perf_v1,1,replace_body_paragraph_texts,descriptive_same_fixture_alternative_api_path_no_same_api_before_after_claim,128,1,file,batch,ca410eb5ac948e3e90f67505a0e566883a15305e0fa64a90be9e146256160685,532875,fixture-p128-k1.docx,a19ccb4a6e21260c609f8f45fc6d267ac18b285362553baa3ea80c1bd75ddaa2,532882,0,10,false,441022,15240,287241,290,137301,770,532882,a19ccb4a6e21260c609f8f45fc6d267ac18b285362553baa3ea80c1bd75ddaa2,44,0,44,0,true,45,535175,535175,4,0,0,0,1,1,0,7281,1,0,true,0,367535,0,0,8490,535175,0,0,532882,0,14586,0,0,6699515,6714084,true,true,true,true,true,true,true,true,true,true,true,true,true,true
managed_paragraph_batch_perf_v1,1,replace_body_paragraph_texts,descriptive_same_fixture_alternative_api_path_no_same_api_before_after_claim,128,1,file,batch,ca410eb5ac948e3e90f67505a0e566883a15305e0fa64a90be9e146256160685,532875,fixture-p128-k1.docx,a19ccb4a6e21260c609f8f45fc6d267ac18b285362553baa3ea80c1bd75ddaa2,532882,0,11,false,443592,15310,284381,300,142651,730,532882,a19ccb4a6e21260c609f8f45fc6d267ac18b285362553baa3ea80c1bd75ddaa2,46,0,46,0,true,45,535175,535175,4,0,0,0,1,1,0,7281,1,0,true,0,367535,0,0,8490,535175,0,0,532882,0,14586,0,0,6699515,6714084,true,true,true,true,true,true,true,true,true,true,true,true,true,true
managed_paragraph_batch_perf_v1,1,replace_body_paragraph_texts,descriptive_same_fixture_alternative_api_path_no_same_api_before_after_claim,128,1,file,batch,ca410eb5ac948e3e90f67505a0e566883a15305e0fa64a90be9e146256160685,532875,fixture-p128-k1.docx,a19ccb4a6e21260c609f8f45fc6d267ac18b285362553baa3ea80c1bd75ddaa2,532882,0,12,false,433752,15000,281882,300,135640,770,532882,a19ccb4a6e21260c609f8f45fc6d267ac18b285362553baa3ea80c1bd75ddaa2,48,0,48,0,true,45,535175,535175,4,0,0,0,1,1,0,7281,1,0,true,0,367535,0,0,8490,535175,0,0,532882,0,14586,0,0,6699515,6714084,true,true,true,true,true,true,true,true,true,true,true,true,true,true
managed_paragraph_batch_perf_v1,1,replace_body_paragraph_texts,descriptive_same_fixture_alternative_api_path_no_same_api_before_after_claim,128,1,file,batch,ca410eb5ac948e3e90f67505a0e566883a15305e0fa64a90be9e146256160685,532875,fixture-p128-k1.docx,a19ccb4a6e21260c609f8f45fc6d267ac18b285362553baa3ea80c1bd75ddaa2,532882,0,13,false,439022,15100,287532,330,135140,750,532882,a19ccb4a6e21260c609f8f45fc6d267ac18b285362553baa3ea80c1bd75ddaa2,50,0,50,0,true,45,535175,535175,4,0,0,0,1,1,0,7281,1,0,true,0,367535,0,0,8490,535175,0,0,532882,0,14586,0,0,6699515,6714084,true,true,true,true,true,true,true,true,true,true,true,true,true,true
managed_paragraph_batch_perf_v1,1,replace_body_paragraph_texts,descriptive_same_fixture_alternative_api_path_no_same_api_before_after_claim,128,1,file,batch,ca410eb5ac948e3e90f67505a0e566883a15305e0fa64a90be9e146256160685,532875,fixture-p128-k1.docx,a19ccb4a6e21260c609f8f45fc6d267ac18b285362553baa3ea80c1bd75ddaa2,532882,0,14,false,435252,15300,283471,280,135231,780,532882,a19ccb4a6e21260c609f8f45fc6d267ac18b285362553baa3ea80c1bd75ddaa2,52,0,52,0,true,45,535175,535175,4,0,0,0,1,1,0,7281,1,0,true,0,367535,0,0,8490,535175,0,0,532882,0,14586,0,0,6699515,6714084,true,true,true,true,true,true,true,true,true,true,true,true,true,true
managed_paragraph_batch_perf_v1,1,replace_body_paragraph_texts,descriptive_same_fixture_alternative_api_path_no_same_api_before_after_claim,128,1,file,batch,ca410eb5ac948e3e90f67505a0e566883a15305e0fa64a90be9e146256160685,532875,fixture-p128-k1.docx,a19ccb4a6e21260c609f8f45fc6d267ac18b285362553baa3ea80c1bd75ddaa2,532882,0,15,false,431872,15100,280811,310,134691,780,532882,a19ccb4a6e21260c609f8f45fc6d267ac18b285362553baa3ea80c1bd75ddaa2,54,0,54,0,true,45,535175,535175,4,0,0,0,1,1,0,7281,1,0,true,0,367535,0,0,8490,535175,0,0,532882,0,14586,0,0,6699515,6714084,true,true,true,true,true,true,true,true,true,true,true,true,true,true
managed_paragraph_batch_perf_v1,1,replace_body_paragraph_texts,descriptive_same_fixture_alternative_api_path_no_same_api_before_after_claim,128,1,file,batch,ca410eb5ac948e3e90f67505a0e566883a15305e0fa64a90be9e146256160685,532875,fixture-p128-k1.docx,a19ccb4a6e21260c609f8f45fc6d267ac18b285362553baa3ea80c1bd75ddaa2,532882,0,16,false,433472,15220,282011,290,134951,790,532882,a19ccb4a6e21260c609f8f45fc6d267ac18b285362553baa3ea80c1bd75ddaa2,56,0,56,0,true,45,535175,535175,4,0,0,0,1,1,0,7281,1,0,true,0,367535,0,0,8490,535175,0,0,532882,0,14586,0,0,6699515,6714084,true,true,true,true,true,true,true,true,true,true,true,true,true,true
managed_paragraph_batch_perf_v1,1,replace_body_paragraph_texts,descriptive_same_fixture_alternative_api_path_no_same_api_before_after_claim,128,1,file,batch,ca410eb5ac948e3e90f67505a0e566883a15305e0fa64a90be9e146256160685,532875,fixture-p128-k1.docx,a19ccb4a6e21260c609f8f45fc6d267ac18b285362553baa3ea80c1bd75ddaa2,532882,0,17,false,439732,14650,287492,300,136360,740,532882,a19ccb4a6e21260c609f8f45fc6d267ac18b285362553baa3ea80c1bd75ddaa2,58,0,58,0,true,45,535175,535175,4,0,0,0,1,1,0,7281,1,0,true,0,367535,0,0,8490,535175,0,0,532882,0,14586,0,0,6699515,6714084,true,true,true,true,true,true,true,true,true,true,true,true,true,true
managed_paragraph_batch_perf_v1,1,replace_body_paragraph_texts,descriptive_same_fixture_alternative_api_path_no_same_api_before_after_claim,128,1,file,batch,ca410eb5ac948e3e90f67505a0e566883a15305e0fa64a90be9e146256160685,532875,fixture-p128-k1.docx,a19ccb4a6e21260c609f8f45fc6d267ac18b285362553baa3ea80c1bd75ddaa2,532882,0,18,false,439622,15040,288231,300,135091,750,532882,a19ccb4a6e21260c609f8f45fc6d267ac18b285362553baa3ea80c1bd75ddaa2,60,0,60,0,true,45,535175,535175,4,0,0,0,1,1,0,7281,1,0,true,0,367535,0,0,8490,535175,0,0,532882,0,14586,0,0,6699515,6714084,true,true,true,true,true,true,true,true,true,true,true,true,true,true
managed_paragraph_batch_perf_v1,1,replace_body_paragraph_texts,descriptive_same_fixture_alternative_api_path_no_same_api_before_after_claim,128,1,file,batch,ca410eb5ac948e3e90f67505a0e566883a15305e0fa64a90be9e146256160685,532875,fixture-p128-k1.docx,a19ccb4a6e21260c609f8f45fc6d267ac18b285362553baa3ea80c1bd75ddaa2,532882,0,19,false,444222,14970,283861,310,144131,780,532882,a19ccb4a6e21260c609f8f45fc6d267ac18b285362553baa3ea80c1bd75ddaa2,62,0,62,0,true,45,535175,535175,4,0,0,0,1,1,0,7281,1,0,true,0,367535,0,0,8490,535175,0,0,532882,0,14586,0,0,6699515,6714084,true,true,true,true,true,true,true,true,true,true,true,true,true,true
managed_paragraph_batch_perf_v1,1,replace_body_paragraph_texts,descriptive_same_fixture_alternative_api_path_no_same_api_before_after_claim,128,1,file,batch,ca410eb5ac948e3e90f67505a0e566883a15305e0fa64a90be9e146256160685,532875,fixture-p128-k1.docx,a19ccb4a6e21260c609f8f45fc6d267ac18b285362553baa3ea80c1bd75ddaa2,532882,0,20,false,442102,14900,282131,300,143791,790,532882,a19ccb4a6e21260c609f8f45fc6d267ac18b285362553baa3ea80c1bd75ddaa2,64,0,64,0,true,45,535175,535175,4,0,0,0,1,1,0,7281,1,0,true,0,367535,0,0,8490,535175,0,0,532882,0,14586,0,0,6699515,6714084,true,true,true,true,true,true,true,true,true,true,true,true,true,true
managed_paragraph_batch_perf_v1,1,replace_body_paragraph_texts,descriptive_same_fixture_alternative_api_path_no_same_api_before_after_claim,128,1,file,batch,ca410eb5ac948e3e90f67505a0e566883a15305e0fa64a90be9e146256160685,532875,fixture-p128-k1.docx,a19ccb4a6e21260c609f8f45fc6d267ac18b285362553baa3ea80c1bd75ddaa2,532882,0,21,false,432161,16210,279881,280,134820,770,532882,a19ccb4a6e21260c609f8f45fc6d267ac18b285362553baa3ea80c1bd75ddaa2,66,0,66,0,true,45,535175,535175,4,0,0,0,1,1,0,7281,1,0,true,0,367535,0,0,8490,535175,0,0,532882,0,14586,0,0,6699515,6714084,true,true,true,true,true,true,true,true,true,true,true,true,true,true
managed_paragraph_batch_perf_v1,1,replace_body_paragraph_texts,descriptive_same_fixture_alternative_api_path_no_same_api_before_after_claim,128,1,file,batch,ca410eb5ac948e3e90f67505a0e566883a15305e0fa64a90be9e146256160685,532875,fixture-p128-k1.docx,a19ccb4a6e21260c609f8f45fc6d267ac18b285362553baa3ea80c1bd75ddaa2,532882,0,22,false,437602,15070,285932,310,135340,770,532882,a19ccb4a6e21260c609f8f45fc6d267ac18b285362553baa3ea80c1bd75ddaa2,68,0,68,0,true,45,535175,535175,4,0,0,0,1,1,0,7281,1,0,true,0,367535,0,0,8490,535175,0,0,532882,0,14586,0,0,6699515,6714084,true,true,true,true,true,true,true,true,true,true,true,true,true,true
managed_paragraph_batch_perf_v1,1,replace_body_paragraph_texts,descriptive_same_fixture_alternative_api_path_no_same_api_before_after_claim,128,1,file,batch,ca410eb5ac948e3e90f67505a0e566883a15305e0fa64a90be9e146256160685,532875,fixture-p128-k1.docx,a19ccb4a6e21260c609f8f45fc6d267ac18b285362553baa3ea80c1bd75ddaa2,532882,0,23,false,434862,15150,283021,310,135431,750,532882,a19ccb4a6e21260c609f8f45fc6d267ac18b285362553baa3ea80c1bd75ddaa2,70,0,70,0,true,45,535175,535175,4,0,0,0,1,1,0,7281,1,0,true,0,367535,0,0,8490,535175,0,0,532882,0,14586,0,0,6699515,6714084,true,true,true,true,true,true,true,true,true,true,true,true,true,true
managed_paragraph_batch_perf_v1,1,replace_body_paragraph_texts,descriptive_same_fixture_alternative_api_path_no_same_api_before_after_claim,128,1,file,batch,ca410eb5ac948e3e90f67505a0e566883a15305e0fa64a90be9e146256160685,532875,fixture-p128-k1.docx,a19ccb4a6e21260c609f8f45fc6d267ac18b285362553baa3ea80c1bd75ddaa2,532882,0,24,false,431362,15160,280311,300,134691,730,532882,a19ccb4a6e21260c609f8f45fc6d267ac18b285362553baa3ea80c1bd75ddaa2,72,0,72,0,true,45,535175,535175,4,0,0,0,1,1,0,7281,1,0,true,0,367535,0,0,8490,535175,0,0,532882,0,14586,0,0,6699515,6714084,true,true,true,true,true,true,true,true,true,true,true,true,true,true
managed_paragraph_batch_perf_v1,1,replace_body_paragraph_texts,descriptive_same_fixture_alternative_api_path_no_same_api_before_after_claim,128,1,file,batch,ca410eb5ac948e3e90f67505a0e566883a15305e0fa64a90be9e146256160685,532875,fixture-p128-k1.docx,a19ccb4a6e21260c609f8f45fc6d267ac18b285362553baa3ea80c1bd75ddaa2,532882,0,25,false,439452,14790,287651,290,135821,730,532882,a19ccb4a6e21260c609f8f45fc6d267ac18b285362553baa3ea80c1bd75ddaa2,74,0,74,0,true,45,535175,535175,4,0,0,0,1,1,0,7281,1,0,true,0,367535,0,0,8490,535175,0,0,532882,0,14586,0,0,6699515,6714084,true,true,true,true,true,true,true,true,true,true,true,true,true,true
managed_paragraph_batch_perf_v1,1,replace_body_paragraph_texts,descriptive_same_fixture_alternative_api_path_no_same_api_before_after_claim,128,1,file,batch,ca410eb5ac948e3e90f67505a0e566883a15305e0fa64a90be9e146256160685,532875,fixture-p128-k1.docx,a19ccb4a6e21260c609f8f45fc6d267ac18b285362553baa3ea80c1bd75ddaa2,532882,0,26,false,439051,15020,287171,320,135570,790,532882,a19ccb4a6e21260c609f8f45fc6d267ac18b285362553baa3ea80c1bd75ddaa2,76,0,76,0,true,45,535175,535175,4,0,0,0,1,1,0,7281,1,0,true,0,367535,0,0,8490,535175,0,0,532882,0,14586,0,0,6699515,6714084,true,true,true,true,true,true,true,true,true,true,true,true,true,true
managed_paragraph_batch_perf_v1,1,replace_body_paragraph_texts,descriptive_same_fixture_alternative_api_path_no_same_api_before_after_claim,128,1,file,batch,ca410eb5ac948e3e90f67505a0e566883a15305e0fa64a90be9e146256160685,532875,fixture-p128-k1.docx,a19ccb4a6e21260c609f8f45fc6d267ac18b285362553baa3ea80c1bd75ddaa2,532882,0,27,false,439642,15040,288452,310,134930,740,532882,a19ccb4a6e21260c609f8f45fc6d267ac18b285362553baa3ea80c1bd75ddaa2,78,0,78,0,true,45,535175,535175,4,0,0,0,1,1,0,7281,1,0,true,0,367535,0,0,8490,535175,0,0,532882,0,14586,0,0,6699515,6714084,true,true,true,true,true,true,true,true,true,true,true,true,true,true
managed_paragraph_batch_perf_v1,1,replace_body_paragraph_texts,descriptive_same_fixture_alternative_api_path_no_same_api_before_after_claim,128,1,file,batch,ca410eb5ac948e3e90f67505a0e566883a15305e0fa64a90be9e146256160685,532875,fixture-p128-k1.docx,a19ccb4a6e21260c609f8f45fc6d267ac18b285362553baa3ea80c1bd75ddaa2,532882,0,28,false,436852,15030,279921,300,140661,740,532882,a19ccb4a6e21260c609f8f45fc6d267ac18b285362553baa3ea80c1bd75ddaa2,80,0,80,0,true,45,535175,535175,4,0,0,0,1,1,0,7281,1,0,true,0,367535,0,0,8490,535175,0,0,532882,0,14586,0,0,6699515,6714084,true,true,true,true,true,true,true,true,true,true,true,true,true,true
managed_paragraph_batch_perf_v1,1,replace_body_paragraph_texts,descriptive_same_fixture_alternative_api_path_no_same_api_before_after_claim,128,1,file,batch,ca410eb5ac948e3e90f67505a0e566883a15305e0fa64a90be9e146256160685,532875,fixture-p128-k1.docx,a19ccb4a6e21260c609f8f45fc6d267ac18b285362553baa3ea80c1bd75ddaa2,532882,0,29,false,431172,14850,280931,300,134141,750,532882,a19ccb4a6e21260c609f8f45fc6d267ac18b285362553baa3ea80c1bd75ddaa2,82,0,82,0,true,45,535175,535175,4,0,0,0,1,1,0,7281,1,0,true,0,367535,0,0,8490,535175,0,0,532882,0,14586,0,0,6699515,6714084,true,true,true,true,true,true,true,true,true,true,true,true,true,true
managed_paragraph_batch_perf_v1,1,replace_body_paragraph_texts,descriptive_same_fixture_alternative_api_path_no_same_api_before_after_claim,128,1,file,batch,ca410eb5ac948e3e90f67505a0e566883a15305e0fa64a90be9e146256160685,532875,fixture-p128-k1.docx,a19ccb4a6e21260c609f8f45fc6d267ac18b285362553baa3ea80c1bd75ddaa2,532882,0,30,false,434151,15060,281961,300,135860,770,532882,a19ccb4a6e21260c609f8f45fc6d267ac18b285362553baa3ea80c1bd75ddaa2,84,0,84,0,true,45,535175,535175,4,0,0,0,1,1,0,7281,1,0,true,0,367535,0,0,8490,535175,0,0,532882,0,14586,0,0,6699515,6714084,true,true,true,true,true,true,true,true,true,true,true,true,true,true
managed_paragraph_batch_perf_v1,1,replace_body_paragraph_texts,descriptive_same_fixture_alternative_api_path_no_same_api_before_after_claim,128,1,file,batch,ca410eb5ac948e3e90f67505a0e566883a15305e0fa64a90be9e146256160685,532875,fixture-p128-k1.docx,a19ccb4a6e21260c609f8f45fc6d267ac18b285362553baa3ea80c1bd75ddaa2,532882,0,31,false,442462,19280,286342,300,135500,820,532882,a19ccb4a6e21260c609f8f45fc6d267ac18b285362553baa3ea80c1bd75ddaa2,86,0,86,0,true,45,535175,535175,4,0,0,0,1,1,0,7281,1,0,true,0,367535,0,0,8490,535175,0,0,532882,0,14586,0,0,6699515,6714084,true,true,true,true,true,true,true,true,true,true,true,true,true,true
managed_paragraph_batch_perf_v1,1,replace_body_paragraph_texts,descriptive_same_fixture_alternative_api_path_no_same_api_before_after_claim,128,1,file,batch,ca410eb5ac948e3e90f67505a0e566883a15305e0fa64a90be9e146256160685,532875,fixture-p128-k1.docx,a19ccb4a6e21260c609f8f45fc6d267ac18b285362553baa3ea80c1bd75ddaa2,532882,0,32,false,432162,15280,280682,300,134910,800,532882,a19ccb4a6e21260c609f8f45fc6d267ac18b285362553baa3ea80c1bd75ddaa2,88,0,88,0,true,45,535175,535175,4,0,0,0,1,1,0,7281,1,0,true,0,367535,0,0,8490,535175,0,0,532882,0,14586,0,0,6699515,6714084,true,true,true,true,true,true,true,true,true,true,true,true,true,true
managed_paragraph_batch_perf_v1,1,replace_body_paragraph_texts,descriptive_same_fixture_alternative_api_path_no_same_api_before_after_claim,128,1,file,batch,ca410eb5ac948e3e90f67505a0e566883a15305e0fa64a90be9e146256160685,532875,fixture-p128-k1.docx,a19ccb4a6e21260c609f8f45fc6d267ac18b285362553baa3ea80c1bd75ddaa2,532882,0,33,false,441412,15210,289171,300,135651,790,532882,a19ccb4a6e21260c609f8f45fc6d267ac18b285362553baa3ea80c1bd75ddaa2,90,0,90,0,true,45,535175,535175,4,0,0,0,1,1,0,7281,1,0,true,0,367535,0,0,8490,535175,0,0,532882,0,14586,0,0,6699515,6714084,true,true,true,true,true,true,true,true,true,true,true,true,true,true
managed_paragraph_batch_perf_v1,1,replace_body_paragraph_texts,descriptive_same_fixture_alternative_api_path_no_same_api_before_after_claim,128,1,file,batch,ca410eb5ac948e3e90f67505a0e566883a15305e0fa64a90be9e146256160685,532875,fixture-p128-k1.docx,a19ccb4a6e21260c609f8f45fc6d267ac18b285362553baa3ea80c1bd75ddaa2,532882,0,34,false,439782,14930,287911,290,135681,790,532882,a19ccb4a6e21260c609f8f45fc6d267ac18b285362553baa3ea80c1bd75ddaa2,92,0,92,0,true,45,535175,535175,4,0,0,0,1,1,0,7281,1,0,true,0,367535,0,0,8490,535175,0,0,532882,0,14586,0,0,6699515,6714084,true,true,true,true,true,true,true,true,true,true,true,true,true,true
managed_paragraph_batch_perf_v1,1,replace_body_paragraph_texts,descriptive_same_fixture_alternative_api_path_no_same_api_before_after_claim,128,1,file,batch,ca410eb5ac948e3e90f67505a0e566883a15305e0fa64a90be9e146256160685,532875,fixture-p128-k1.docx,a19ccb4a6e21260c609f8f45fc6d267ac18b285362553baa3ea80c1bd75ddaa2,532882,0,35,false,439432,15411,287231,320,135450,830,532882,a19ccb4a6e21260c609f8f45fc6d267ac18b285362553baa3ea80c1bd75ddaa2,94,0,94,0,true,45,535175,535175,4,0,0,0,1,1,0,7281,1,0,true,0,367535,0,0,8490,535175,0,0,532882,0,14586,0,0,6699515,6714084,true,true,true,true,true,true,true,true,true,true,true,true,true,true
managed_paragraph_batch_perf_v1,1,replace_body_paragraph_texts,descriptive_same_fixture_alternative_api_path_no_same_api_before_after_claim,128,1,file,batch,ca410eb5ac948e3e90f67505a0e566883a15305e0fa64a90be9e146256160685,532875,fixture-p128-k1.docx,a19ccb4a6e21260c609f8f45fc6d267ac18b285362553baa3ea80c1bd75ddaa2,532882,0,36,false,440262,15190,281282,290,142560,750,532882,a19ccb4a6e21260c609f8f45fc6d267ac18b285362553baa3ea80c1bd75ddaa2,96,0,96,0,true,45,535175,535175,4,0,0,0,1,1,0,7281,1,0,true,0,367535,0,0,8490,535175,0,0,532882,0,14586,0,0,6699515,6714084,true,true,true,true,true,true,true,true,true,true,true,true,true,true
managed_paragraph_batch_perf_v1,1,replace_body_paragraph_texts,descriptive_same_fixture_alternative_api_path_no_same_api_before_after_claim,128,1,file,batch,ca410eb5ac948e3e90f67505a0e566883a15305e0fa64a90be9e146256160685,532875,fixture-p128-k1.docx,a19ccb4a6e21260c609f8f45fc6d267ac18b285362553baa3ea80c1bd75ddaa2,532882,0,37,false,433192,15030,282101,290,134781,800,532882,a19ccb4a6e21260c609f8f45fc6d267ac18b285362553baa3ea80c1bd75ddaa2,98,0,98,0,true,45,535175,535175,4,0,0,0,1,1,0,7281,1,0,true,0,367535,0,0,8490,535175,0,0,532882,0,14586,0,0,6699515,6714084,true,true,true,true,true,true,true,true,true,true,true,true,true,true
managed_paragraph_batch_perf_v1,1,replace_body_paragraph_texts,descriptive_same_fixture_alternative_api_path_no_same_api_before_after_claim,128,1,file,batch,ca410eb5ac948e3e90f67505a0e566883a15305e0fa64a90be9e146256160685,532875,fixture-p128-k1.docx,a19ccb4a6e21260c609f8f45fc6d267ac18b285362553baa3ea80c1bd75ddaa2,532882,0,38,false,431302,15160,280061,310,134791,790,532882,a19ccb4a6e21260c609f8f45fc6d267ac18b285362553baa3ea80c1bd75ddaa2,100,0,100,0,true,45,535175,535175,4,0,0,0,1,1,0,7281,1,0,true,0,367535,0,0,8490,535175,0,0,532882,0,14586,0,0,6699515,6714084,true,true,true,true,true,true,true,true,true,true,true,true,true,true
managed_paragraph_batch_perf_v1,1,replace_body_paragraph_texts,descriptive_same_fixture_alternative_api_path_no_same_api_before_after_claim,128,1,file,batch,ca410eb5ac948e3e90f67505a0e566883a15305e0fa64a90be9e146256160685,532875,fixture-p128-k1.docx,a19ccb4a6e21260c609f8f45fc6d267ac18b285362553baa3ea80c1bd75ddaa2,532882,0,39,false,433081,14750,280711,290,136390,740,532882,a19ccb4a6e21260c609f8f45fc6d267ac18b285362553baa3ea80c1bd75ddaa2,102,0,102,0,true,45,535175,535175,4,0,0,0,1,1,0,7281,1,0,true,0,367535,0,0,8490,535175,0,0,532882,0,14586,0,0,6699515,6714084,true,true,true,true,true,true,true,true,true,true,true,true,true,true
managed_paragraph_batch_perf_v1,1,replace_body_paragraph_texts,descriptive_same_fixture_alternative_api_path_no_same_api_before_after_claim,128,1,file,batch,ca410eb5ac948e3e90f67505a0e566883a15305e0fa64a90be9e146256160685,532875,fixture-p128-k1.docx,a19ccb4a6e21260c609f8f45fc6d267ac18b285362553baa3ea80c1bd75ddaa2,532882,0,40,false,440712,15050,283152,320,141220,780,532882,a19ccb4a6e21260c609f8f45fc6d267ac18b285362553baa3ea80c1bd75ddaa2,104,0,104,0,true,45,535175,535175,4,0,0,0,1,1,0,7281,1,0,true,0,367535,0,0,8490,535175,0,0,532882,0,14586,0,0,6699515,6714084,true,true,true,true,true,true,true,true,true,true,true,true,true,true
managed_paragraph_batch_perf_v1,1,replace_body_paragraph_texts,descriptive_same_fixture_alternative_api_path_no_same_api_before_after_claim,128,1,file,batch,ca410eb5ac948e3e90f67505a0e566883a15305e0fa64a90be9e146256160685,532875,fixture-p128-k1.docx,a19ccb4a6e21260c609f8f45fc6d267ac18b285362553baa3ea80c1bd75ddaa2,532882,0,41,false,441342,21680,282861,330,135501,770,532882,a19ccb4a6e21260c609f8f45fc6d267ac18b285362553baa3ea80c1bd75ddaa2,106,0,106,0,true,45,535175,535175,4,0,0,0,1,1,0,7281,1,0,true,0,367535,0,0,8490,535175,0,0,532882,0,14586,0,0,6699515,6714084,true,true,true,true,true,true,true,true,true,true,true,true,true,true
managed_paragraph_batch_perf_v1,1,replace_body_paragraph_texts,descriptive_same_fixture_alternative_api_path_no_same_api_before_after_claim,128,1,file,batch,ca410eb5ac948e3e90f67505a0e566883a15305e0fa64a90be9e146256160685,532875,fixture-p128-k1.docx,a19ccb4a6e21260c609f8f45fc6d267ac18b285362553baa3ea80c1bd75ddaa2,532882,0,42,false,433002,14650,282011,320,135021,790,532882,a19ccb4a6e21260c609f8f45fc6d267ac18b285362553baa3ea80c1bd75ddaa2,108,0,108,0,true,45,535175,535175,4,0,0,0,1,1,0,7281,1,0,true,0,367535,0,0,8490,535175,0,0,532882,0,14586,0,0,6699515,6714084,true,true,true,true,true,true,true,true,true,true,true,true,true,true
managed_paragraph_batch_perf_v1,1,replace_body_paragraph_texts,descriptive_same_fixture_alternative_api_path_no_same_api_before_after_claim,128,1,file,batch,ca410eb5ac948e3e90f67505a0e566883a15305e0fa64a90be9e146256160685,532875,fixture-p128-k1.docx,a19ccb4a6e21260c609f8f45fc6d267ac18b285362553baa3ea80c1bd75ddaa2,532882,0,43,false,431832,15000,279281,320,136251,790,532882,a19ccb4a6e21260c609f8f45fc6d267ac18b285362553baa3ea80c1bd75ddaa2,110,0,110,0,true,45,535175,535175,4,0,0,0,1,1,0,7281,1,0,true,0,367535,0,0,8490,535175,0,0,532882,0,14586,0,0,6699515,6714084,true,true,true,true,true,true,true,true,true,true,true,true,true,true
managed_paragraph_batch_perf_v1,1,replace_body_paragraph_texts,descriptive_same_fixture_alternative_api_path_no_same_api_before_after_claim,128,1,file,batch,ca410eb5ac948e3e90f67505a0e566883a15305e0fa64a90be9e146256160685,532875,fixture-p128-k1.docx,a19ccb4a6e21260c609f8f45fc6d267ac18b285362553baa3ea80c1bd75ddaa2,532882,0,44,false,433531,14850,272671,330,144700,760,532882,a19ccb4a6e21260c609f8f45fc6d267ac18b285362553baa3ea80c1bd75ddaa2,112,0,112,0,true,45,535175,535175,4,0,0,0,1,1,0,7281,1,0,true,0,367535,0,0,8490,535175,0,0,532882,0,14586,0,0,6699515,6714084,true,true,true,true,true,true,true,true,true,true,true,true,true,true
managed_paragraph_batch_perf_v1,1,replace_body_paragraph_texts,descriptive_same_fixture_alternative_api_path_no_same_api_before_after_claim,128,1,file,batch,ca410eb5ac948e3e90f67505a0e566883a15305e0fa64a90be9e146256160685,532875,fixture-p128-k1.docx,a19ccb4a6e21260c609f8f45fc6d267ac18b285362553baa3ea80c1bd75ddaa2,532882,0,45,false,422652,14950,271071,300,135311,810,532882,a19ccb4a6e21260c609f8f45fc6d267ac18b285362553baa3ea80c1bd75ddaa2,114,0,114,0,true,45,535175,535175,4,0,0,0,1,1,0,7281,1,0,true,0,367535,0,0,8490,535175,0,0,532882,0,14586,0,0,6699515,6714084,true,true,true,true,true,true,true,true,true,true,true,true,true,true
managed_paragraph_batch_perf_v1,1,replace_body_paragraph_texts,descriptive_same_fixture_alternative_api_path_no_same_api_before_after_claim,128,1,file,batch,ca410eb5ac948e3e90f67505a0e566883a15305e0fa64a90be9e146256160685,532875,fixture-p128-k1.docx,a19ccb4a6e21260c609f8f45fc6d267ac18b285362553baa3ea80c1bd75ddaa2,532882,0,46,false,424672,15490,272211,300,135551,830,532882,a19ccb4a6e21260c609f8f45fc6d267ac18b285362553baa3ea80c1bd75ddaa2,116,0,116,0,true,45,535175,535175,4,0,0,0,1,1,0,7281,1,0,true,0,367535,0,0,8490,535175,0,0,532882,0,14586,0,0,6699515,6714084,true,true,true,true,true,true,true,true,true,true,true,true,true,true
managed_paragraph_batch_perf_v1,1,replace_body_paragraph_texts,descriptive_same_fixture_alternative_api_path_no_same_api_before_after_claim,128,1,file,batch,ca410eb5ac948e3e90f67505a0e566883a15305e0fa64a90be9e146256160685,532875,fixture-p128-k1.docx,a19ccb4a6e21260c609f8f45fc6d267ac18b285362553baa3ea80c1bd75ddaa2,532882,0,47,false,424482,15160,272981,300,135071,780,532882,a19ccb4a6e21260c609f8f45fc6d267ac18b285362553baa3ea80c1bd75ddaa2,118,0,118,0,true,45,535175,535175,4,0,0,0,1,1,0,7281,1,0,true,0,367535,0,0,8490,535175,0,0,532882,0,14586,0,0,6699515,6714084,true,true,true,true,true,true,true,true,true,true,true,true,true,true
managed_paragraph_batch_perf_v1,1,replace_body_paragraph_texts,descriptive_same_fixture_alternative_api_path_no_same_api_before_after_claim,128,1,file,batch,ca410eb5ac948e3e90f67505a0e566883a15305e0fa64a90be9e146256160685,532875,fixture-p128-k1.docx,a19ccb4a6e21260c609f8f45fc6d267ac18b285362553baa3ea80c1bd75ddaa2,532882,0,48,false,422922,15510,271302,320,134820,780,532882,a19ccb4a6e21260c609f8f45fc6d267ac18b285362553baa3ea80c1bd75ddaa2,120,0,120,0,true,45,535175,535175,4,0,0,0,1,1,0,7281,1,0,true,0,367535,0,0,8490,535175,0,0,532882,0,14586,0,0,6699515,6714084,true,true,true,true,true,true,true,true,true,true,true,true,true,true
managed_paragraph_batch_perf_v1,1,replace_body_paragraph_texts,descriptive_same_fixture_alternative_api_path_no_same_api_before_after_claim,128,1,file,batch,ca410eb5ac948e3e90f67505a0e566883a15305e0fa64a90be9e146256160685,532875,fixture-p128-k1.docx,a19ccb4a6e21260c609f8f45fc6d267ac18b285362553baa3ea80c1bd75ddaa2,532882,0,49,false,430092,15020,278322,290,135480,790,532882,a19ccb4a6e21260c609f8f45fc6d267ac18b285362553baa3ea80c1bd75ddaa2,122,0,122,0,true,45,535175,535175,4,0,0,0,1,1,0,7281,1,0,true,0,367535,0,0,8490,535175,0,0,532882,0,14586,0,0,6699515,6714084,true,true,true,true,true,true,true,true,true,true,true,true,true,true
managed_paragraph_batch_perf_v1,1,replace_body_paragraph_texts,descriptive_same_fixture_alternative_api_path_no_same_api_before_after_claim,128,1,file,batch,ca410eb5ac948e3e90f67505a0e566883a15305e0fa64a90be9e146256160685,532875,fixture-p128-k1.docx,a19ccb4a6e21260c609f8f45fc6d267ac18b285362553baa3ea80c1bd75ddaa2,532882,0,50,false,431582,14760,278941,290,136581,830,532882,a19ccb4a6e21260c609f8f45fc6d267ac18b285362553baa3ea80c1bd75ddaa2,124,0,124,0,true,45,535175,535175,4,0,0,0,1,1,0,7281,1,0,true,0,367535,0,0,8490,535175,0,0,532882,0,14586,0,0,6699515,6714084,true,true,true,true,true,true,true,true,true,true,true,true,true,true
managed_paragraph_batch_perf_v1,1,replace_body_paragraph_texts,descriptive_same_fixture_alternative_api_path_no_same_api_before_after_claim,128,1,file,batch,ca410eb5ac948e3e90f67505a0e566883a15305e0fa64a90be9e146256160685,532875,fixture-p128-k1.docx,a19ccb4a6e21260c609f8f45fc6d267ac18b285362553baa3ea80c1bd75ddaa2,532882,0,51,false,433612,14910,273521,310,143851,800,532882,a19ccb4a6e21260c609f8f45fc6d267ac18b285362553baa3ea80c1bd75ddaa2,126,0,126,0,true,45,535175,535175,4,0,0,0,1,1,0,7281,1,0,true,0,367535,0,0,8490,535175,0,0,532882,0,14586,0,0,6699515,6714084,true,true,true,true,true,true,true,true,true,true,true,true,true,true
managed_paragraph_batch_perf_v1,1,replace_body_paragraph_texts,descriptive_same_fixture_alternative_api_path_no_same_api_before_after_claim,128,1,file,batch,ca410eb5ac948e3e90f67505a0e566883a15305e0fa64a90be9e146256160685,532875,fixture-p128-k1.docx,a19ccb4a6e21260c609f8f45fc6d267ac18b285362553baa3ea80c1bd75ddaa2,532882,0,52,false,425512,15011,273111,310,136090,810,532882,a19ccb4a6e21260c609f8f45fc6d267ac18b285362553baa3ea80c1bd75ddaa2,128,0,128,0,true,45,535175,535175,4,0,0,0,1,1,0,7281,1,0,true,0,367535,0,0,8490,535175,0,0,532882,0,14586,0,0,6699515,6714084,true,true,true,true,true,true,true,true,true,true,true,true,true,true
managed_paragraph_batch_perf_v1,1,replace_body_paragraph_texts,descriptive_same_fixture_alternative_api_path_no_same_api_before_after_claim,128,1,file,batch,ca410eb5ac948e3e90f67505a0e566883a15305e0fa64a90be9e146256160685,532875,fixture-p128-k1.docx,a19ccb4a6e21260c609f8f45fc6d267ac18b285362553baa3ea80c1bd75ddaa2,532882,0,53,false,423612,14880,272791,290,134631,820,532882,a19ccb4a6e21260c609f8f45fc6d267ac18b285362553baa3ea80c1bd75ddaa2,130,0,130,0,true,45,535175,535175,4,0,0,0,1,1,0,7281,1,0,true,0,367535,0,0,8490,535175,0,0,532882,0,14586,0,0,6699515,6714084,true,true,true,true,true,true,true,true,true,true,true,true,true,true
managed_paragraph_batch_perf_v1,1,replace_body_paragraph_texts,descriptive_same_fixture_alternative_api_path_no_same_api_before_after_claim,128,1,file,batch,ca410eb5ac948e3e90f67505a0e566883a15305e0fa64a90be9e146256160685,532875,fixture-p128-k1.docx,a19ccb4a6e21260c609f8f45fc6d267ac18b285362553baa3ea80c1bd75ddaa2,532882,0,54,false,430032,15160,277641,300,135911,840,532882,a19ccb4a6e21260c609f8f45fc6d267ac18b285362553baa3ea80c1bd75ddaa2,132,0,132,0,true,45,535175,535175,4,0,0,0,1,1,0,7281,1,0,true,0,367535,0,0,8490,535175,0,0,532882,0,14586,0,0,6699515,6714084,true,true,true,true,true,true,true,true,true,true,true,true,true,true
managed_paragraph_batch_perf_v1,1,replace_body_paragraph_texts,descriptive_same_fixture_alternative_api_path_no_same_api_before_after_claim,128,1,file,batch,ca410eb5ac948e3e90f67505a0e566883a15305e0fa64a90be9e146256160685,532875,fixture-p128-k1.docx,a19ccb4a6e21260c609f8f45fc6d267ac18b285362553baa3ea80c1bd75ddaa2,532882,0,55,false,425772,14960,274101,320,135421,770,532882,a19ccb4a6e21260c609f8f45fc6d267ac18b285362553baa3ea80c1bd75ddaa2,134,0,134,0,true,45,535175,535175,4,0,0,0,1,1,0,7281,1,0,true,0,367535,0,0,8490,535175,0,0,532882,0,14586,0,0,6699515,6714084,true,true,true,true,true,true,true,true,true,true,true,true,true,true
managed_paragraph_batch_perf_v1,1,replace_body_paragraph_texts,descriptive_same_fixture_alternative_api_path_no_same_api_before_after_claim,128,1,file,batch,ca410eb5ac948e3e90f67505a0e566883a15305e0fa64a90be9e146256160685,532875,fixture-p128-k1.docx,a19ccb4a6e21260c609f8f45fc6d267ac18b285362553baa3ea80c1bd75ddaa2,532882,0,56,false,429192,14970,277671,310,135301,760,532882,a19ccb4a6e21260c609f8f45fc6d267ac18b285362553baa3ea80c1bd75ddaa2,136,0,136,0,true,45,535175,535175,4,0,0,0,1,1,0,7281,1,0,true,0,367535,0,0,8490,535175,0,0,532882,0,14586,0,0,6699515,6714084,true,true,true,true,true,true,true,true,true,true,true,true,true,true
managed_paragraph_batch_perf_v1,1,replace_body_paragraph_texts,descriptive_same_fixture_alternative_api_path_no_same_api_before_after_claim,128,1,file,batch,ca410eb5ac948e3e90f67505a0e566883a15305e0fa64a90be9e146256160685,532875,fixture-p128-k1.docx,a19ccb4a6e21260c609f8f45fc6d267ac18b285362553baa3ea80c1bd75ddaa2,532882,0,57,false,430312,14581,279031,300,135450,750,532882,a19ccb4a6e21260c609f8f45fc6d267ac18b285362553baa3ea80c1bd75ddaa2,138,0,138,0,true,45,535175,535175,4,0,0,0,1,1,0,7281,1,0,true,0,367535,0,0,8490,535175,0,0,532882,0,14586,0,0,6699515,6714084,true,true,true,true,true,true,true,true,true,true,true,true,true,true
managed_paragraph_batch_perf_v1,1,replace_body_paragraph_texts,descriptive_same_fixture_alternative_api_path_no_same_api_before_after_claim,128,1,file,batch,ca410eb5ac948e3e90f67505a0e566883a15305e0fa64a90be9e146256160685,532875,fixture-p128-k1.docx,a19ccb4a6e21260c609f8f45fc6d267ac18b285362553baa3ea80c1bd75ddaa2,532882,0,58,false,431502,14920,279721,290,135601,790,532882,a19ccb4a6e21260c609f8f45fc6d267ac18b285362553baa3ea80c1bd75ddaa2,140,0,140,0,true,45,535175,535175,4,0,0,0,1,1,0,7281,1,0,true,0,367535,0,0,8490,535175,0,0,532882,0,14586,0,0,6699515,6714084,true,true,true,true,true,true,true,true,true,true,true,true,true,true
managed_paragraph_batch_perf_v1,1,replace_body_paragraph_texts,descriptive_same_fixture_alternative_api_path_no_same_api_before_after_claim,128,1,file,batch,ca410eb5ac948e3e90f67505a0e566883a15305e0fa64a90be9e146256160685,532875,fixture-p128-k1.docx,a19ccb4a6e21260c609f8f45fc6d267ac18b285362553baa3ea80c1bd75ddaa2,532882,0,59,false,435162,15040,282251,280,136661,740,532882,a19ccb4a6e21260c609f8f45fc6d267ac18b285362553baa3ea80c1bd75ddaa2,142,0,142,0,true,45,535175,535175,4,0,0,0,1,1,0,7281,1,0,true,0,367535,0,0,8490,535175,0,0,532882,0,14586,0,0,6699515,6714084,true,true,true,true,true,true,true,true,true,true,true,true,true,true
managed_paragraph_batch_perf_v1,1,replace_body_paragraph_texts,descriptive_same_fixture_alternative_api_path_no_same_api_before_after_claim,128,1,file,batch,ca410eb5ac948e3e90f67505a0e566883a15305e0fa64a90be9e146256160685,532875,fixture-p128-k1.docx,a19ccb4a6e21260c609f8f45fc6d267ac18b285362553baa3ea80c1bd75ddaa2,532882,0,60,false,434072,14770,275481,320,142501,790,532882,a19ccb4a6e21260c609f8f45fc6d267ac18b285362553baa3ea80c1bd75ddaa2,144,0,144,0,true,45,535175,535175,4,0,0,0,1,1,0,7281,1,0,true,0,367535,0,0,8490,535175,0,0,532882,0,14586,0,0,6699515,6714084,true,true,true,true,true,true,true,true,true,true,true,true,true,true
managed_paragraph_batch_perf_v1,1,replace_body_paragraph_texts,descriptive_same_fixture_alternative_api_path_no_same_api_before_after_claim,128,1,file,batch,ca410eb5ac948e3e90f67505a0e566883a15305e0fa64a90be9e146256160685,532875,fixture-p128-k1.docx,a19ccb4a6e21260c609f8f45fc6d267ac18b285362553baa3ea80c1bd75ddaa2,532882,0,61,false,423911,15180,272311,290,135160,780,532882,a19ccb4a6e21260c609f8f45fc6d267ac18b285362553baa3ea80c1bd75ddaa2,146,0,146,0,true,45,535175,535175,4,0,0,0,1,1,0,7281,1,0,true,0,367535,0,0,8490,535175,0,0,532882,0,14586,0,0,6699515,6714084,true,true,true,true,true,true,true,true,true,true,true,true,true,true
managed_paragraph_batch_perf_v1,1,replace_body_paragraph_texts,descriptive_same_fixture_alternative_api_path_no_same_api_before_after_claim,128,1,file,batch,ca410eb5ac948e3e90f67505a0e566883a15305e0fa64a90be9e146256160685,532875,fixture-p128-k1.docx,a19ccb4a6e21260c609f8f45fc6d267ac18b285362553baa3ea80c1bd75ddaa2,532882,0,62,false,425232,14880,273142,300,135960,760,532882,a19ccb4a6e21260c609f8f45fc6d267ac18b285362553baa3ea80c1bd75ddaa2,148,0,148,0,true,45,535175,535175,4,0,0,0,1,1,0,7281,1,0,true,0,367535,0,0,8490,535175,0,0,532882,0,14586,0,0,6699515,6714084,true,true,true,true,true,true,true,true,true,true,true,true,true,true
managed_paragraph_batch_perf_v1,1,replace_body_paragraph_texts,descriptive_same_fixture_alternative_api_path_no_same_api_before_after_claim,128,1,file,batch,ca410eb5ac948e3e90f67505a0e566883a15305e0fa64a90be9e146256160685,532875,fixture-p128-k1.docx,a19ccb4a6e21260c609f8f45fc6d267ac18b285362553baa3ea80c1bd75ddaa2,532882,0,63,false,429332,15180,276561,310,136341,750,532882,a19ccb4a6e21260c609f8f45fc6d267ac18b285362553baa3ea80c1bd75ddaa2,150,0,150,0,true,45,535175,535175,4,0,0,0,1,1,0,7281,1,0,true,0,367535,0,0,8490,535175,0,0,532882,0,14586,0,0,6699515,6714084,true,true,true,true,true,true,true,true,true,true,true,true,true,true
managed_paragraph_batch_perf_v1,1,replace_body_paragraph_texts,descriptive_same_fixture_alternative_api_path_no_same_api_before_after_claim,128,1,file,batch,ca410eb5ac948e3e90f67505a0e566883a15305e0fa64a90be9e146256160685,532875,fixture-p128-k1.docx,a19ccb4a6e21260c609f8f45fc6d267ac18b285362553baa3ea80c1bd75ddaa2,532882,0,64,false,427042,15340,274381,340,135991,800,532882,a19ccb4a6e21260c609f8f45fc6d267ac18b285362553baa3ea80c1bd75ddaa2,152,0,152,0,true,45,535175,535175,4,0,0,0,1,1,0,7281,1,0,true,0,367535,0,0,8490,535175,0,0,532882,0,14586,0,0,6699515,6714084,true,true,true,true,true,true,true,true,true,true,true,true,true,true
managed_paragraph_batch_perf_v1,1,replace_body_paragraph_texts,descriptive_same_fixture_alternative_api_path_no_same_api_before_after_claim,128,1,file,batch,ca410eb5ac948e3e90f67505a0e566883a15305e0fa64a90be9e146256160685,532875,fixture-p128-k1.docx,a19ccb4a6e21260c609f8f45fc6d267ac18b285362553baa3ea80c1bd75ddaa2,532882,0,65,false,433791,22440,273211,300,136910,740,532882,a19ccb4a6e21260c609f8f45fc6d267ac18b285362553baa3ea80c1bd75ddaa2,154,0,154,0,true,45,535175,535175,4,0,0,0,1,1,0,7281,1,0,true,0,367535,0,0,8490,535175,0,0,532882,0,14586,0,0,6699515,6714084,true,true,true,true,true,true,true,true,true,true,true,true,true,true
managed_paragraph_batch_perf_v1,1,replace_body_paragraph_texts,descriptive_same_fixture_alternative_api_path_no_same_api_before_after_claim,128,1,file,batch,ca410eb5ac948e3e90f67505a0e566883a15305e0fa64a90be9e146256160685,532875,fixture-p128-k1.docx,a19ccb4a6e21260c609f8f45fc6d267ac18b285362553baa3ea80c1bd75ddaa2,532882,0,66,false,428492,15100,277462,290,134660,790,532882,a19ccb4a6e21260c609f8f45fc6d267ac18b285362553baa3ea80c1bd75ddaa2,156,0,156,0,true,45,535175,535175,4,0,0,0,1,1,0,7281,1,0,true,0,367535,0,0,8490,535175,0,0,532882,0,14586,0,0,6699515,6714084,true,true,true,true,true,true,true,true,true,true,true,true,true,true
managed_paragraph_batch_perf_v1,1,replace_body_paragraph_texts,descriptive_same_fixture_alternative_api_path_no_same_api_before_after_claim,128,1,file,batch,ca410eb5ac948e3e90f67505a0e566883a15305e0fa64a90be9e146256160685,532875,fixture-p128-k1.docx,a19ccb4a6e21260c609f8f45fc6d267ac18b285362553baa3ea80c1bd75ddaa2,532882,0,67,false,430612,14870,278962,320,135510,740,532882,a19ccb4a6e21260c609f8f45fc6d267ac18b285362553baa3ea80c1bd75ddaa2,158,0,158,0,true,45,535175,535175,4,0,0,0,1,1,0,7281,1,0,true,0,367535,0,0,8490,535175,0,0,532882,0,14586,0,0,6699515,6714084,true,true,true,true,true,true,true,true,true,true,true,true,true,true
managed_paragraph_batch_perf_v1,1,replace_body_paragraph_texts,descriptive_same_fixture_alternative_api_path_no_same_api_before_after_claim,128,1,file,batch,ca410eb5ac948e3e90f67505a0e566883a15305e0fa64a90be9e146256160685,532875,fixture-p128-k1.docx,a19ccb4a6e21260c609f8f45fc6d267ac18b285362553baa3ea80c1bd75ddaa2,532882,0,68,false,434592,14800,274651,300,143891,760,532882,a19ccb4a6e21260c609f8f45fc6d267ac18b285362553baa3ea80c1bd75ddaa2,160,0,160,0,true,45,535175,535175,4,0,0,0,1,1,0,7281,1,0,true,0,367535,0,0,8490,535175,0,0,532882,0,14586,0,0,6699515,6714084,true,true,true,true,true,true,true,true,true,true,true,true,true,true
managed_paragraph_batch_perf_v1,1,replace_body_paragraph_texts,descriptive_same_fixture_alternative_api_path_no_same_api_before_after_claim,128,1,file,batch,ca410eb5ac948e3e90f67505a0e566883a15305e0fa64a90be9e146256160685,532875,fixture-p128-k1.docx,a19ccb4a6e21260c609f8f45fc6d267ac18b285362553baa3ea80c1bd75ddaa2,532882,0,69,false,428812,15010,276211,340,136331,730,532882,a19ccb4a6e21260c609f8f45fc6d267ac18b285362553baa3ea80c1bd75ddaa2,162,0,162,0,true,45,535175,535175,4,0,0,0,1,1,0,7281,1,0,true,0,367535,0,0,8490,535175,0,0,532882,0,14586,0,0,6699515,6714084,true,true,true,true,true,true,true,true,true,true,true,true,true,true
managed_paragraph_batch_perf_v1,1,replace_body_paragraph_texts,descriptive_same_fixture_alternative_api_path_no_same_api_before_after_claim,128,1,file,batch,ca410eb5ac948e3e90f67505a0e566883a15305e0fa64a90be9e146256160685,532875,fixture-p128-k1.docx,a19ccb4a6e21260c609f8f45fc6d267ac18b285362553baa3ea80c1bd75ddaa2,532882,0,70,false,427791,15200,275391,300,135940,770,532882,a19ccb4a6e21260c609f8f45fc6d267ac18b285362553baa3ea80c1bd75ddaa2,164,0,164,0,true,45,535175,535175,4,0,0,0,1,1,0,7281,1,0,true,0,367535,0,0,8490,535175,0,0,532882,0,14586,0,0,6699515,6714084,true,true,true,true,true,true,true,true,true,true,true,true,true,true
managed_paragraph_batch_perf_v1,1,replace_body_paragraph_texts,descriptive_same_fixture_alternative_api_path_no_same_api_before_after_claim,128,1,file,batch,ca410eb5ac948e3e90f67505a0e566883a15305e0fa64a90be9e146256160685,532875,fixture-p128-k1.docx,a19ccb4a6e21260c609f8f45fc6d267ac18b285362553baa3ea80c1bd75ddaa2,532882,0,71,false,426992,15160,274182,300,136360,790,532882,a19ccb4a6e21260c609f8f45fc6d267ac18b285362553baa3ea80c1bd75ddaa2,166,0,166,0,true,45,535175,535175,4,0,0,0,1,1,0,7281,1,0,true,0,367535,0,0,8490,535175,0,0,532882,0,14586,0,0,6699515,6714084,true,true,true,true,true,true,true,true,true,true,true,true,true,true
managed_paragraph_batch_perf_v1,1,replace_body_paragraph_texts,descriptive_same_fixture_alternative_api_path_no_same_api_before_after_claim,128,1,file,batch,ca410eb5ac948e3e90f67505a0e566883a15305e0fa64a90be9e146256160685,532875,fixture-p128-k1.docx,a19ccb4a6e21260c609f8f45fc6d267ac18b285362553baa3ea80c1bd75ddaa2,532882,0,72,false,430692,15160,273591,290,140711,750,532882,a19ccb4a6e21260c609f8f45fc6d267ac18b285362553baa3ea80c1bd75ddaa2,168,0,168,0,true,45,535175,535175,4,0,0,0,1,1,0,7281,1,0,true,0,367535,0,0,8490,535175,0,0,532882,0,14586,0,0,6699515,6714084,true,true,true,true,true,true,true,true,true,true,true,true,true,true
managed_paragraph_batch_perf_v1,1,replace_body_paragraph_texts,descriptive_same_fixture_alternative_api_path_no_same_api_before_after_claim,128,1,file,batch,ca410eb5ac948e3e90f67505a0e566883a15305e0fa64a90be9e146256160685,532875,fixture-p128-k1.docx,a19ccb4a6e21260c609f8f45fc6d267ac18b285362553baa3ea80c1bd75ddaa2,532882,0,73,false,425932,15030,273301,290,136361,770,532882,a19ccb4a6e21260c609f8f45fc6d267ac18b285362553baa3ea80c1bd75ddaa2,170,0,170,0,true,45,535175,535175,4,0,0,0,1,1,0,7281,1,0,true,0,367535,0,0,8490,535175,0,0,532882,0,14586,0,0,6699515,6714084,true,true,true,true,true,true,true,true,true,true,true,true,true,true
managed_paragraph_batch_perf_v1,1,replace_body_paragraph_texts,descriptive_same_fixture_alternative_api_path_no_same_api_before_after_claim,128,1,file,batch,ca410eb5ac948e3e90f67505a0e566883a15305e0fa64a90be9e146256160685,532875,fixture-p128-k1.docx,a19ccb4a6e21260c609f8f45fc6d267ac18b285362553baa3ea80c1bd75ddaa2,532882,0,74,false,433182,14670,281261,340,135921,780,532882,a19ccb4a6e21260c609f8f45fc6d267ac18b285362553baa3ea80c1bd75ddaa2,172,0,172,0,true,45,535175,535175,4,0,0,0,1,1,0,7281,1,0,true,0,367535,0,0,8490,535175,0,0,532882,0,14586,0,0,6699515,6714084,true,true,true,true,true,true,true,true,true,true,true,true,true,true
managed_paragraph_batch_perf_v1,1,replace_body_paragraph_texts,descriptive_same_fixture_alternative_api_path_no_same_api_before_after_claim,128,1,file,batch,ca410eb5ac948e3e90f67505a0e566883a15305e0fa64a90be9e146256160685,532875,fixture-p128-k1.docx,a19ccb4a6e21260c609f8f45fc6d267ac18b285362553baa3ea80c1bd75ddaa2,532882,0,75,false,430072,14751,278261,290,135790,770,532882,a19ccb4a6e21260c609f8f45fc6d267ac18b285362553baa3ea80c1bd75ddaa2,174,0,174,0,true,45,535175,535175,4,0,0,0,1,1,0,7281,1,0,true,0,367535,0,0,8490,535175,0,0,532882,0,14586,0,0,6699515,6714084,true,true,true,true,true,true,true,true,true,true,true,true,true,true
managed_paragraph_batch_perf_v1,1,replace_body_paragraph_texts,descriptive_same_fixture_alternative_api_path_no_same_api_before_after_claim,128,1,file,batch,ca410eb5ac948e3e90f67505a0e566883a15305e0fa64a90be9e146256160685,532875,fixture-p128-k1.docx,a19ccb4a6e21260c609f8f45fc6d267ac18b285362553baa3ea80c1bd75ddaa2,532882,0,76,false,430672,14800,272271,320,142331,770,532882,a19ccb4a6e21260c609f8f45fc6d267ac18b285362553baa3ea80c1bd75ddaa2,176,0,176,0,true,45,535175,535175,4,0,0,0,1,1,0,7281,1,0,true,0,367535,0,0,8490,535175,0,0,532882,0,14586,0,0,6699515,6714084,true,true,true,true,true,true,true,true,true,true,true,true,true,true
managed_paragraph_batch_perf_v1,1,replace_body_paragraph_texts,descriptive_same_fixture_alternative_api_path_no_same_api_before_after_claim,128,1,file,batch,ca410eb5ac948e3e90f67505a0e566883a15305e0fa64a90be9e146256160685,532875,fixture-p128-k1.docx,a19ccb4a6e21260c609f8f45fc6d267ac18b285362553baa3ea80c1bd75ddaa2,532882,0,77,false,423782,15000,272561,330,134881,830,532882,a19ccb4a6e21260c609f8f45fc6d267ac18b285362553baa3ea80c1bd75ddaa2,178,0,178,0,true,45,535175,535175,4,0,0,0,1,1,0,7281,1,0,true,0,367535,0,0,8490,535175,0,0,532882,0,14586,0,0,6699515,6714084,true,true,true,true,true,true,true,true,true,true,true,true,true,true
managed_paragraph_batch_perf_v1,1,replace_body_paragraph_texts,descriptive_same_fixture_alternative_api_path_no_same_api_before_after_claim,128,1,file,batch,ca410eb5ac948e3e90f67505a0e566883a15305e0fa64a90be9e146256160685,532875,fixture-p128-k1.docx,a19ccb4a6e21260c609f8f45fc6d267ac18b285362553baa3ea80c1bd75ddaa2,532882,0,78,false,427012,15010,274861,310,135891,750,532882,a19ccb4a6e21260c609f8f45fc6d267ac18b285362553baa3ea80c1bd75ddaa2,180,0,180,0,true,45,535175,535175,4,0,0,0,1,1,0,7281,1,0,true,0,367535,0,0,8490,535175,0,0,532882,0,14586,0,0,6699515,6714084,true,true,true,true,true,true,true,true,true,true,true,true,true,true
managed_paragraph_batch_perf_v1,1,replace_body_paragraph_texts,descriptive_same_fixture_alternative_api_path_no_same_api_before_after_claim,128,1,file,batch,ca410eb5ac948e3e90f67505a0e566883a15305e0fa64a90be9e146256160685,532875,fixture-p128-k1.docx,a19ccb4a6e21260c609f8f45fc6d267ac18b285362553baa3ea80c1bd75ddaa2,532882,0,79,false,423271,14720,272241,300,135060,760,532882,a19ccb4a6e21260c609f8f45fc6d267ac18b285362553baa3ea80c1bd75ddaa2,182,0,182,0,true,45,535175,535175,4,0,0,0,1,1,0,7281,1,0,true,0,367535,0,0,8490,535175,0,0,532882,0,14586,0,0,6699515,6714084,true,true,true,true,true,true,true,true,true,true,true,true,true,true
managed_paragraph_batch_perf_v1,1,replace_body_paragraph_texts,descriptive_same_fixture_alternative_api_path_no_same_api_before_after_claim,128,1,file,batch,ca410eb5ac948e3e90f67505a0e566883a15305e0fa64a90be9e146256160685,532875,fixture-p128-k1.docx,a19ccb4a6e21260c609f8f45fc6d267ac18b285362553baa3ea80c1bd75ddaa2,532882,0,80,false,422452,14760,270762,310,135660,760,532882,a19ccb4a6e21260c609f8f45fc6d267ac18b285362553baa3ea80c1bd75ddaa2,184,0,184,0,true,45,535175,535175,4,0,0,0,1,1,0,7281,1,0,true,0,367535,0,0,8490,535175,0,0,532882,0,14586,0,0,6699515,6714084,true,true,true,true,true,true,true,true,true,true,true,true,true,true
managed_paragraph_batch_perf_v1,1,replace_body_paragraph_texts,descriptive_same_fixture_alternative_api_path_no_same_api_before_after_claim,128,1,file,batch,ca410eb5ac948e3e90f67505a0e566883a15305e0fa64a90be9e146256160685,532875,fixture-p128-k1.docx,a19ccb4a6e21260c609f8f45fc6d267ac18b285362553baa3ea80c1bd75ddaa2,532882,0,81,false,424132,15290,271881,300,135721,760,532882,a19ccb4a6e21260c609f8f45fc6d267ac18b285362553baa3ea80c1bd75ddaa2,186,0,186,0,true,45,535175,535175,4,0,0,0,1,1,0,7281,1,0,true,0,367535,0,0,8490,535175,0,0,532882,0,14586,0,0,6699515,6714084,true,true,true,true,true,true,true,true,true,true,true,true,true,true
managed_paragraph_batch_perf_v1,1,replace_body_paragraph_texts,descriptive_same_fixture_alternative_api_path_no_same_api_before_after_claim,128,1,file,batch,ca410eb5ac948e3e90f67505a0e566883a15305e0fa64a90be9e146256160685,532875,fixture-p128-k1.docx,a19ccb4a6e21260c609f8f45fc6d267ac18b285362553baa3ea80c1bd75ddaa2,532882,0,82,false,432362,14860,280201,330,136021,750,532882,a19ccb4a6e21260c609f8f45fc6d267ac18b285362553baa3ea80c1bd75ddaa2,188,0,188,0,true,45,535175,535175,4,0,0,0,1,1,0,7281,1,0,true,0,367535,0,0,8490,535175,0,0,532882,0,14586,0,0,6699515,6714084,true,true,true,true,true,true,true,true,true,true,true,true,true,true
managed_paragraph_batch_perf_v1,1,replace_body_paragraph_texts,descriptive_same_fixture_alternative_api_path_no_same_api_before_after_claim,128,1,file,batch,ca410eb5ac948e3e90f67505a0e566883a15305e0fa64a90be9e146256160685,532875,fixture-p128-k1.docx,a19ccb4a6e21260c609f8f45fc6d267ac18b285362553baa3ea80c1bd75ddaa2,532882,0,83,false,430021,15190,278101,300,135480,750,532882,a19ccb4a6e21260c609f8f45fc6d267ac18b285362553baa3ea80c1bd75ddaa2,190,0,190,0,true,45,535175,535175,4,0,0,0,1,1,0,7281,1,0,true,0,367535,0,0,8490,535175,0,0,532882,0,14586,0,0,6699515,6714084,true,true,true,true,true,true,true,true,true,true,true,true,true,true
managed_paragraph_batch_perf_v1,1,replace_body_paragraph_texts,descriptive_same_fixture_alternative_api_path_no_same_api_before_after_claim,128,1,file,batch,ca410eb5ac948e3e90f67505a0e566883a15305e0fa64a90be9e146256160685,532875,fixture-p128-k1.docx,a19ccb4a6e21260c609f8f45fc6d267ac18b285362553baa3ea80c1bd75ddaa2,532882,0,84,false,432472,14730,273472,450,142850,780,532882,a19ccb4a6e21260c609f8f45fc6d267ac18b285362553baa3ea80c1bd75ddaa2,192,0,192,0,true,45,535175,535175,4,0,0,0,1,1,0,7281,1,0,true,0,367535,0,0,8490,535175,0,0,532882,0,14586,0,0,6699515,6714084,true,true,true,true,true,true,true,true,true,true,true,true,true,true
managed_paragraph_batch_perf_v1,1,replace_body_paragraph_texts,descriptive_same_fixture_alternative_api_path_no_same_api_before_after_claim,128,1,file,batch,ca410eb5ac948e3e90f67505a0e566883a15305e0fa64a90be9e146256160685,532875,fixture-p128-k1.docx,a19ccb4a6e21260c609f8f45fc6d267ac18b285362553baa3ea80c1bd75ddaa2,532882,0,85,false,424212,14730,272931,290,135331,740,532882,a19ccb4a6e21260c609f8f45fc6d267ac18b285362553baa3ea80c1bd75ddaa2,194,0,194,0,true,45,535175,535175,4,0,0,0,1,1,0,7281,1,0,true,0,367535,0,0,8490,535175,0,0,532882,0,14586,0,0,6699515,6714084,true,true,true,true,true,true,true,true,true,true,true,true,true,true
managed_paragraph_batch_perf_v1,1,replace_body_paragraph_texts,descriptive_same_fixture_alternative_api_path_no_same_api_before_after_claim,128,1,file,batch,ca410eb5ac948e3e90f67505a0e566883a15305e0fa64a90be9e146256160685,532875,fixture-p128-k1.docx,a19ccb4a6e21260c609f8f45fc6d267ac18b285362553baa3ea80c1bd75ddaa2,532882,0,86,false,428882,14990,276651,310,135981,780,532882,a19ccb4a6e21260c609f8f45fc6d267ac18b285362553baa3ea80c1bd75ddaa2,196,0,196,0,true,45,535175,535175,4,0,0,0,1,1,0,7281,1,0,true,0,367535,0,0,8490,535175,0,0,532882,0,14586,0,0,6699515,6714084,true,true,true,true,true,true,true,true,true,true,true,true,true,true
managed_paragraph_batch_perf_v1,1,replace_body_paragraph_texts,descriptive_same_fixture_alternative_api_path_no_same_api_before_after_claim,128,1,file,batch,ca410eb5ac948e3e90f67505a0e566883a15305e0fa64a90be9e146256160685,532875,fixture-p128-k1.docx,a19ccb4a6e21260c609f8f45fc6d267ac18b285362553baa3ea80c1bd75ddaa2,532882,0,87,false,424862,15640,272391,280,135561,780,532882,a19ccb4a6e21260c609f8f45fc6d267ac18b285362553baa3ea80c1bd75ddaa2,198,0,198,0,true,45,535175,535175,4,0,0,0,1,1,0,7281,1,0,true,0,367535,0,0,8490,535175,0,0,532882,0,14586,0,0,6699515,6714084,true,true,true,true,true,true,true,true,true,true,true,true,true,true
managed_paragraph_batch_perf_v1,1,replace_body_paragraph_texts,descriptive_same_fixture_alternative_api_path_no_same_api_before_after_claim,128,1,file,batch,ca410eb5ac948e3e90f67505a0e566883a15305e0fa64a90be9e146256160685,532875,fixture-p128-k1.docx,a19ccb4a6e21260c609f8f45fc6d267ac18b285362553baa3ea80c1bd75ddaa2,532882,0,88,false,424092,15211,272861,290,134760,780,532882,a19ccb4a6e21260c609f8f45fc6d267ac18b285362553baa3ea80c1bd75ddaa2,200,0,200,0,true,45,535175,535175,4,0,0,0,1,1,0,7281,1,0,true,0,367535,0,0,8490,535175,0,0,532882,0,14586,0,0,6699515,6714084,true,true,true,true,true,true,true,true,true,true,true,true,true,true
managed_paragraph_batch_perf_v1,1,replace_body_paragraph_texts,descriptive_same_fixture_alternative_api_path_no_same_api_before_after_claim,128,1,file,batch,ca410eb5ac948e3e90f67505a0e566883a15305e0fa64a90be9e146256160685,532875,fixture-p128-k1.docx,a19ccb4a6e21260c609f8f45fc6d267ac18b285362553baa3ea80c1bd75ddaa2,532882,0,89,false,425522,15430,273141,300,135671,770,532882,a19ccb4a6e21260c609f8f45fc6d267ac18b285362553baa3ea80c1bd75ddaa2,202,0,202,0,true,45,535175,535175,4,0,0,0,1,1,0,7281,1,0,true,0,367535,0,0,8490,535175,0,0,532882,0,14586,0,0,6699515,6714084,true,true,true,true,true,true,true,true,true,true,true,true,true,true
managed_paragraph_batch_perf_v1,1,replace_body_paragraph_texts,descriptive_same_fixture_alternative_api_path_no_same_api_before_after_claim,128,1,file,batch,ca410eb5ac948e3e90f67505a0e566883a15305e0fa64a90be9e146256160685,532875,fixture-p128-k1.docx,a19ccb4a6e21260c609f8f45fc6d267ac18b285362553baa3ea80c1bd75ddaa2,532882,0,90,false,430192,14950,278571,310,135381,770,532882,a19ccb4a6e21260c609f8f45fc6d267ac18b285362553baa3ea80c1bd75ddaa2,204,0,204,0,true,45,535175,535175,4,0,0,0,1,1,0,7281,1,0,true,0,367535,0,0,8490,535175,0,0,532882,0,14586,0,0,6699515,6714084,true,true,true,true,true,true,true,true,true,true,true,true,true,true
managed_paragraph_batch_perf_v1,1,replace_body_paragraph_texts,descriptive_same_fixture_alternative_api_path_no_same_api_before_after_claim,128,1,file,batch,ca410eb5ac948e3e90f67505a0e566883a15305e0fa64a90be9e146256160685,532875,fixture-p128-k1.docx,a19ccb4a6e21260c609f8f45fc6d267ac18b285362553baa3ea80c1bd75ddaa2,532882,0,91,false,430052,14870,277941,300,135971,790,532882,a19ccb4a6e21260c609f8f45fc6d267ac18b285362553baa3ea80c1bd75ddaa2,206,0,206,0,true,45,535175,535175,4,0,0,0,1,1,0,7281,1,0,true,0,367535,0,0,8490,535175,0,0,532882,0,14586,0,0,6699515,6714084,true,true,true,true,true,true,true,true,true,true,true,true,true,true
managed_paragraph_batch_perf_v1,1,replace_body_paragraph_texts,descriptive_same_fixture_alternative_api_path_no_same_api_before_after_claim,128,1,file,batch,ca410eb5ac948e3e90f67505a0e566883a15305e0fa64a90be9e146256160685,532875,fixture-p128-k1.docx,a19ccb4a6e21260c609f8f45fc6d267ac18b285362553baa3ea80c1bd75ddaa2,532882,0,92,false,434851,14890,274671,290,144020,790,532882,a19ccb4a6e21260c609f8f45fc6d267ac18b285362553baa3ea80c1bd75ddaa2,208,0,208,0,true,45,535175,535175,4,0,0,0,1,1,0,7281,1,0,true,0,367535,0,0,8490,535175,0,0,532882,0,14586,0,0,6699515,6714084,true,true,true,true,true,true,true,true,true,true,true,true,true,true
managed_paragraph_batch_perf_v1,1,replace_body_paragraph_texts,descriptive_same_fixture_alternative_api_path_no_same_api_before_after_claim,128,1,file,batch,ca410eb5ac948e3e90f67505a0e566883a15305e0fa64a90be9e146256160685,532875,fixture-p128-k1.docx,a19ccb4a6e21260c609f8f45fc6d267ac18b285362553baa3ea80c1bd75ddaa2,532882,0,93,false,423112,14920,271102,300,135850,740,532882,a19ccb4a6e21260c609f8f45fc6d267ac18b285362553baa3ea80c1bd75ddaa2,210,0,210,0,true,45,535175,535175,4,0,0,0,1,1,0,7281,1,0,true,0,367535,0,0,8490,535175,0,0,532882,0,14586,0,0,6699515,6714084,true,true,true,true,true,true,true,true,true,true,true,true,true,true
managed_paragraph_batch_perf_v1,1,replace_body_paragraph_texts,descriptive_same_fixture_alternative_api_path_no_same_api_before_after_claim,128,1,file,batch,ca410eb5ac948e3e90f67505a0e566883a15305e0fa64a90be9e146256160685,532875,fixture-p128-k1.docx,a19ccb4a6e21260c609f8f45fc6d267ac18b285362553baa3ea80c1bd75ddaa2,532882,0,94,false,424192,15300,272441,290,135211,750,532882,a19ccb4a6e21260c609f8f45fc6d267ac18b285362553baa3ea80c1bd75ddaa2,212,0,212,0,true,45,535175,535175,4,0,0,0,1,1,0,7281,1,0,true,0,367535,0,0,8490,535175,0,0,532882,0,14586,0,0,6699515,6714084,true,true,true,true,true,true,true,true,true,true,true,true,true,true
managed_paragraph_batch_perf_v1,1,replace_body_paragraph_texts,descriptive_same_fixture_alternative_api_path_no_same_api_before_after_claim,128,1,file,batch,ca410eb5ac948e3e90f67505a0e566883a15305e0fa64a90be9e146256160685,532875,fixture-p128-k1.docx,a19ccb4a6e21260c609f8f45fc6d267ac18b285362553baa3ea80c1bd75ddaa2,532882,0,95,false,428522,15020,276231,300,135971,780,532882,a19ccb4a6e21260c609f8f45fc6d267ac18b285362553baa3ea80c1bd75ddaa2,214,0,214,0,true,45,535175,535175,4,0,0,0,1,1,0,7281,1,0,true,0,367535,0,0,8490,535175,0,0,532882,0,14586,0,0,6699515,6714084,true,true,true,true,true,true,true,true,true,true,true,true,true,true
managed_paragraph_batch_perf_v1,1,replace_body_paragraph_texts,descriptive_same_fixture_alternative_api_path_no_same_api_before_after_claim,128,1,file,batch,ca410eb5ac948e3e90f67505a0e566883a15305e0fa64a90be9e146256160685,532875,fixture-p128-k1.docx,a19ccb4a6e21260c609f8f45fc6d267ac18b285362553baa3ea80c1bd75ddaa2,532882,0,96,false,424761,15100,272731,290,135670,790,532882,a19ccb4a6e21260c609f8f45fc6d267ac18b285362553baa3ea80c1bd75ddaa2,216,0,216,0,true,45,535175,535175,4,0,0,0,1,1,0,7281,1,0,true,0,367535,0,0,8490,535175,0,0,532882,0,14586,0,0,6699515,6714084,true,true,true,true,true,true,true,true,true,true,true,true,true,true
managed_paragraph_batch_perf_v1,1,replace_body_paragraph_texts,descriptive_same_fixture_alternative_api_path_no_same_api_before_after_claim,128,1,file,batch,ca410eb5ac948e3e90f67505a0e566883a15305e0fa64a90be9e146256160685,532875,fixture-p128-k1.docx,a19ccb4a6e21260c609f8f45fc6d267ac18b285362553baa3ea80c1bd75ddaa2,532882,0,97,false,428252,14801,274761,310,137430,750,532882,a19ccb4a6e21260c609f8f45fc6d267ac18b285362553baa3ea80c1bd75ddaa2,218,0,218,0,true,45,535175,535175,4,0,0,0,1,1,0,7281,1,0,true,0,367535,0,0,8490,535175,0,0,532882,0,14586,0,0,6699515,6714084,true,true,true,true,true,true,true,true,true,true,true,true,true,true
managed_paragraph_batch_perf_v1,1,replace_body_paragraph_texts,descriptive_same_fixture_alternative_api_path_no_same_api_before_after_claim,128,1,file,batch,ca410eb5ac948e3e90f67505a0e566883a15305e0fa64a90be9e146256160685,532875,fixture-p128-k1.docx,a19ccb4a6e21260c609f8f45fc6d267ac18b285362553baa3ea80c1bd75ddaa2,532882,0,98,false,432922,14970,281441,300,135251,780,532882,a19ccb4a6e21260c609f8f45fc6d267ac18b285362553baa3ea80c1bd75ddaa2,220,0,220,0,true,45,535175,535175,4,0,0,0,1,1,0,7281,1,0,true,0,367535,0,0,8490,535175,0,0,532882,0,14586,0,0,6699515,6714084,true,true,true,true,true,true,true,true,true,true,true,true,true,true
managed_paragraph_batch_perf_v1,1,replace_body_paragraph_texts,descriptive_same_fixture_alternative_api_path_no_same_api_before_after_claim,128,1,file,batch,ca410eb5ac948e3e90f67505a0e566883a15305e0fa64a90be9e146256160685,532875,fixture-p128-k1.docx,a19ccb4a6e21260c609f8f45fc6d267ac18b285362553baa3ea80c1bd75ddaa2,532882,0,99,false,432412,15040,280451,290,135671,780,532882,a19ccb4a6e21260c609f8f45fc6d267ac18b285362553baa3ea80c1bd75ddaa2,222,0,222,0,true,45,535175,535175,4,0,0,0,1,1,0,7281,1,0,true,0,367535,0,0,8490,535175,0,0,532882,0,14586,0,0,6699515,6714084,true,true,true,true,true,true,true,true,true,true,true,true,true,true
managed_paragraph_batch_perf_v1,1,replace_body_paragraph_texts,descriptive_same_fixture_alternative_api_path_no_same_api_before_after_claim,128,1,file,batch,ca410eb5ac948e3e90f67505a0e566883a15305e0fa64a90be9e146256160685,532875,fixture-p128-k1.docx,a19ccb4a6e21260c609f8f45fc6d267ac18b285362553baa3ea80c1bd75ddaa2,532882,0,100,false,433342,14920,272051,290,145101,800,532882,a19ccb4a6e21260c609f8f45fc6d267ac18b285362553baa3ea80c1bd75ddaa2,224,0,224,0,true,45,535175,535175,4,0,0,0,1,1,0,7281,1,0,true,0,367535,0,0,8490,535175,0,0,532882,0,14586,0,0,6699515,6714084,true,true,true,true,true,true,true,true,true,true,true,true,true,true
managed_paragraph_batch_perf_v1,1,replace_body_paragraph_texts,descriptive_same_fixture_alternative_api_path_no_same_api_before_after_claim,128,1,file,batch,ca410eb5ac948e3e90f67505a0e566883a15305e0fa64a90be9e146256160685,532875,fixture-p128-k1.docx,a19ccb4a6e21260c609f8f45fc6d267ac18b285362553baa3ea80c1bd75ddaa2,532882,0,101,false,422962,14851,271851,320,134980,750,532882,a19ccb4a6e21260c609f8f45fc6d267ac18b285362553baa3ea80c1bd75ddaa2,226,0,226,0,true,45,535175,535175,4,0,0,0,1,1,0,7281,1,0,true,0,367535,0,0,8490,535175,0,0,532882,0,14586,0,0,6699515,6714084,true,true,true,true,true,true,true,true,true,true,true,true,true,true
managed_paragraph_batch_perf_v1,1,replace_body_paragraph_texts,descriptive_same_fixture_alternative_api_path_no_same_api_before_after_claim,128,1,file,batch,ca410eb5ac948e3e90f67505a0e566883a15305e0fa64a90be9e146256160685,532875,fixture-p128-k1.docx,a19ccb4a6e21260c609f8f45fc6d267ac18b285362553baa3ea80c1bd75ddaa2,532882,0,102,false,422992,14990,271232,310,135510,750,532882,a19ccb4a6e21260c609f8f45fc6d267ac18b285362553baa3ea80c1bd75ddaa2,228,0,228,0,true,45,535175,535175,4,0,0,0,1,1,0,7281,1,0,true,0,367535,0,0,8490,535175,0,0,532882,0,14586,0,0,6699515,6714084,true,true,true,true,true,true,true,true,true,true,true,true,true,true
managed_paragraph_batch_perf_v1,1,replace_body_paragraph_texts,descriptive_same_fixture_alternative_api_path_no_same_api_before_after_claim,128,1,file,batch,ca410eb5ac948e3e90f67505a0e566883a15305e0fa64a90be9e146256160685,532875,fixture-p128-k1.docx,a19ccb4a6e21260c609f8f45fc6d267ac18b285362553baa3ea80c1bd75ddaa2,532882,0,103,false,423052,15060,270881,290,135821,810,532882,a19ccb4a6e21260c609f8f45fc6d267ac18b285362553baa3ea80c1bd75ddaa2,230,0,230,0,true,45,535175,535175,4,0,0,0,1,1,0,7281,1,0,true,0,367535,0,0,8490,535175,0,0,532882,0,14586,0,0,6699515,6714084,true,true,true,true,true,true,true,true,true,true,true,true,true,true
managed_paragraph_batch_perf_v1,1,replace_body_paragraph_texts,descriptive_same_fixture_alternative_api_path_no_same_api_before_after_claim,128,1,file,batch,ca410eb5ac948e3e90f67505a0e566883a15305e0fa64a90be9e146256160685,532875,fixture-p128-k1.docx,a19ccb4a6e21260c609f8f45fc6d267ac18b285362553baa3ea80c1bd75ddaa2,532882,0,104,false,429582,14990,271391,310,141911,790,532882,a19ccb4a6e21260c609f8f45fc6d267ac18b285362553baa3ea80c1bd75ddaa2,232,0,232,0,true,45,535175,535175,4,0,0,0,1,1,0,7281,1,0,true,0,367535,0,0,8490,535175,0,0,532882,0,14586,0,0,6699515,6714084,true,true,true,true,true,true,true,true,true,true,true,true,true,true
managed_paragraph_batch_perf_v1,1,replace_body_paragraph_texts,descriptive_same_fixture_alternative_api_path_no_same_api_before_after_claim,128,1,file,batch,ca410eb5ac948e3e90f67505a0e566883a15305e0fa64a90be9e146256160685,532875,fixture-p128-k1.docx,a19ccb4a6e21260c609f8f45fc6d267ac18b285362553baa3ea80c1bd75ddaa2,532882,0,105,false,423011,15320,271011,300,135310,880,532882,a19ccb4a6e21260c609f8f45fc6d267ac18b285362553baa3ea80c1bd75ddaa2,234,0,234,0,true,45,535175,535175,4,0,0,0,1,1,0,7281,1,0,true,0,367535,0,0,8490,535175,0,0,532882,0,14586,0,0,6699515,6714084,true,true,true,true,true,true,true,true,true,true,true,true,true,true
managed_paragraph_batch_perf_v1,1,replace_body_paragraph_texts,descriptive_same_fixture_alternative_api_path_no_same_api_before_after_claim,128,1,file,batch,ca410eb5ac948e3e90f67505a0e566883a15305e0fa64a90be9e146256160685,532875,fixture-p128-k1.docx,a19ccb4a6e21260c609f8f45fc6d267ac18b285362553baa3ea80c1bd75ddaa2,532882,0,106,false,432312,15140,280732,290,135150,790,532882,a19ccb4a6e21260c609f8f45fc6d267ac18b285362553baa3ea80c1bd75ddaa2,236,0,236,0,true,45,535175,535175,4,0,0,0,1,1,0,7281,1,0,true,0,367535,0,0,8490,535175,0,0,532882,0,14586,0,0,6699515,6714084,true,true,true,true,true,true,true,true,true,true,true,true,true,true
managed_paragraph_batch_perf_v1,1,replace_body_paragraph_texts,descriptive_same_fixture_alternative_api_path_no_same_api_before_after_claim,128,1,file,batch,ca410eb5ac948e3e90f67505a0e566883a15305e0fa64a90be9e146256160685,532875,fixture-p128-k1.docx,a19ccb4a6e21260c609f8f45fc6d267ac18b285362553baa3ea80c1bd75ddaa2,532882,0,107,false,431672,15080,279631,320,135651,780,532882,a19ccb4a6e21260c609f8f45fc6d267ac18b285362553baa3ea80c1bd75ddaa2,238,0,238,0,true,45,535175,535175,4,0,0,0,1,1,0,7281,1,0,true,0,367535,0,0,8490,535175,0,0,532882,0,14586,0,0,6699515,6714084,true,true,true,true,true,true,true,true,true,true,true,true,true,true
managed_paragraph_batch_perf_v1,1,replace_body_paragraph_texts,descriptive_same_fixture_alternative_api_path_no_same_api_before_after_claim,128,1,file,batch,ca410eb5ac948e3e90f67505a0e566883a15305e0fa64a90be9e146256160685,532875,fixture-p128-k1.docx,a19ccb4a6e21260c609f8f45fc6d267ac18b285362553baa3ea80c1bd75ddaa2,532882,0,108,false,430082,14850,270691,300,143251,790,532882,a19ccb4a6e21260c609f8f45fc6d267ac18b285362553baa3ea80c1bd75ddaa2,240,0,240,0,true,45,535175,535175,4,0,0,0,1,1,0,7281,1,0,true,0,367535,0,0,8490,535175,0,0,532882,0,14586,0,0,6699515,6714084,true,true,true,true,true,true,true,true,true,true,true,true,true,true
managed_paragraph_batch_perf_v1,1,replace_body_paragraph_texts,descriptive_same_fixture_alternative_api_path_no_same_api_before_after_claim,128,1,file,batch,ca410eb5ac948e3e90f67505a0e566883a15305e0fa64a90be9e146256160685,532875,fixture-p128-k1.docx,a19ccb4a6e21260c609f8f45fc6d267ac18b285362553baa3ea80c1bd75ddaa2,532882,0,109,false,425262,16320,271941,300,135741,760,532882,a19ccb4a6e21260c609f8f45fc6d267ac18b285362553baa3ea80c1bd75ddaa2,242,0,242,0,true,45,535175,535175,4,0,0,0,1,1,0,7281,1,0,true,0,367535,0,0,8490,535175,0,0,532882,0,14586,0,0,6699515,6714084,true,true,true,true,true,true,true,true,true,true,true,true,true,true
managed_paragraph_batch_perf_v1,1,replace_body_paragraph_texts,descriptive_same_fixture_alternative_api_path_no_same_api_before_after_claim,128,1,file,batch,ca410eb5ac948e3e90f67505a0e566883a15305e0fa64a90be9e146256160685,532875,fixture-p128-k1.docx,a19ccb4a6e21260c609f8f45fc6d267ac18b285362553baa3ea80c1bd75ddaa2,532882,0,110,false,427951,14980,275311,310,136360,790,532882,a19ccb4a6e21260c609f8f45fc6d267ac18b285362553baa3ea80c1bd75ddaa2,244,0,244,0,true,45,535175,535175,4,0,0,0,1,1,0,7281,1,0,true,0,367535,0,0,8490,535175,0,0,532882,0,14586,0,0,6699515,6714084,true,true,true,true,true,true,true,true,true,true,true,true,true,true
managed_paragraph_batch_perf_v1,1,replace_body_paragraph_texts,descriptive_same_fixture_alternative_api_path_no_same_api_before_after_claim,128,1,file,batch,ca410eb5ac948e3e90f67505a0e566883a15305e0fa64a90be9e146256160685,532875,fixture-p128-k1.docx,a19ccb4a6e21260c609f8f45fc6d267ac18b285362553baa3ea80c1bd75ddaa2,532882,0,111,false,423502,14720,272451,320,135041,770,532882,a19ccb4a6e21260c609f8f45fc6d267ac18b285362553baa3ea80c1bd75ddaa2,246,0,246,0,true,45,535175,535175,4,0,0,0,1,1,0,7281,1,0,true,0,367535,0,0,8490,535175,0,0,532882,0,14586,0,0,6699515,6714084,true,true,true,true,true,true,true,true,true,true,true,true,true,true
managed_paragraph_batch_perf_v1,1,replace_body_paragraph_texts,descriptive_same_fixture_alternative_api_path_no_same_api_before_after_claim,128,1,file,batch,ca410eb5ac948e3e90f67505a0e566883a15305e0fa64a90be9e146256160685,532875,fixture-p128-k1.docx,a19ccb4a6e21260c609f8f45fc6d267ac18b285362553baa3ea80c1bd75ddaa2,532882,0,112,false,423662,15030,272231,290,135141,770,532882,a19ccb4a6e21260c609f8f45fc6d267ac18b285362553baa3ea80c1bd75ddaa2,248,0,248,0,true,45,535175,535175,4,0,0,0,1,1,0,7281,1,0,true,0,367535,0,0,8490,535175,0,0,532882,0,14586,0,0,6699515,6714084,true,true,true,true,true,true,true,true,true,true,true,true,true,true
managed_paragraph_batch_perf_v1,1,replace_body_paragraph_texts,descriptive_same_fixture_alternative_api_path_no_same_api_before_after_claim,128,1,file,batch,ca410eb5ac948e3e90f67505a0e566883a15305e0fa64a90be9e146256160685,532875,fixture-p128-k1.docx,a19ccb4a6e21260c609f8f45fc6d267ac18b285362553baa3ea80c1bd75ddaa2,532882,0,113,false,423152,14690,271421,320,135781,760,532882,a19ccb4a6e21260c609f8f45fc6d267ac18b285362553baa3ea80c1bd75ddaa2,250,0,250,0,true,45,535175,535175,4,0,0,0,1,1,0,7281,1,0,true,0,367535,0,0,8490,535175,0,0,532882,0,14586,0,0,6699515,6714084,true,true,true,true,true,true,true,true,true,true,true,true,true,true
managed_paragraph_batch_perf_v1,1,replace_body_paragraph_texts,descriptive_same_fixture_alternative_api_path_no_same_api_before_after_claim,128,1,file,batch,ca410eb5ac948e3e90f67505a0e566883a15305e0fa64a90be9e146256160685,532875,fixture-p128-k1.docx,a19ccb4a6e21260c609f8f45fc6d267ac18b285362553baa3ea80c1bd75ddaa2,532882,0,114,false,432622,14850,280141,330,136381,730,532882,a19ccb4a6e21260c609f8f45fc6d267ac18b285362553baa3ea80c1bd75ddaa2,252,0,252,0,true,45,535175,535175,4,0,0,0,1,1,0,7281,1,0,true,0,367535,0,0,8490,535175,0,0,532882,0,14586,0,0,6699515,6714084,true,true,true,true,true,true,true,true,true,true,true,true,true,true
managed_paragraph_batch_perf_v1,1,replace_body_paragraph_texts,descriptive_same_fixture_alternative_api_path_no_same_api_before_after_claim,128,1,file,batch,ca410eb5ac948e3e90f67505a0e566883a15305e0fa64a90be9e146256160685,532875,fixture-p128-k1.docx,a19ccb4a6e21260c609f8f45fc6d267ac18b285362553baa3ea80c1bd75ddaa2,532882,0,115,false,431622,14940,279872,300,135560,750,532882,a19ccb4a6e21260c609f8f45fc6d267ac18b285362553baa3ea80c1bd75ddaa2,254,0,254,0,true,45,535175,535175,4,0,0,0,1,1,0,7281,1,0,true,0,367535,0,0,8490,535175,0,0,532882,0,14586,0,0,6699515,6714084,true,true,true,true,true,true,true,true,true,true,true,true,true,true
managed_paragraph_batch_perf_v1,1,replace_body_paragraph_texts,descriptive_same_fixture_alternative_api_path_no_same_api_before_after_claim,128,1,file,batch,ca410eb5ac948e3e90f67505a0e566883a15305e0fa64a90be9e146256160685,532875,fixture-p128-k1.docx,a19ccb4a6e21260c609f8f45fc6d267ac18b285362553baa3ea80c1bd75ddaa2,532882,0,116,false,431362,14750,271991,310,143351,780,532882,a19ccb4a6e21260c609f8f45fc6d267ac18b285362553baa3ea80c1bd75ddaa2,256,0,256,0,true,45,535175,535175,4,0,0,0,1,1,0,7281,1,0,true,0,367535,0,0,8490,535175,0,0,532882,0,14586,0,0,6699515,6714084,true,true,true,true,true,true,true,true,true,true,true,true,true,true
managed_paragraph_batch_perf_v1,1,replace_body_paragraph_texts,descriptive_same_fixture_alternative_api_path_no_same_api_before_after_claim,128,1,file,batch,ca410eb5ac948e3e90f67505a0e566883a15305e0fa64a90be9e146256160685,532875,fixture-p128-k1.docx,a19ccb4a6e21260c609f8f45fc6d267ac18b285362553baa3ea80c1bd75ddaa2,532882,0,117,false,423532,15000,271021,320,136241,760,532882,a19ccb4a6e21260c609f8f45fc6d267ac18b285362553baa3ea80c1bd75ddaa2,258,0,258,0,true,45,535175,535175,4,0,0,0,1,1,0,7281,1,0,true,0,367535,0,0,8490,535175,0,0,532882,0,14586,0,0,6699515,6714084,true,true,true,true,true,true,true,true,true,true,true,true,true,true
managed_paragraph_batch_perf_v1,1,replace_body_paragraph_texts,descriptive_same_fixture_alternative_api_path_no_same_api_before_after_claim,128,1,file,batch,ca410eb5ac948e3e90f67505a0e566883a15305e0fa64a90be9e146256160685,532875,fixture-p128-k1.docx,a19ccb4a6e21260c609f8f45fc6d267ac18b285362553baa3ea80c1bd75ddaa2,532882,0,118,false,428361,15050,276221,340,135780,780,532882,a19ccb4a6e21260c609f8f45fc6d267ac18b285362553baa3ea80c1bd75ddaa2,260,0,260,0,true,45,535175,535175,4,0,0,0,1,1,0,7281,1,0,true,0,367535,0,0,8490,535175,0,0,532882,0,14586,0,0,6699515,6714084,true,true,true,true,true,true,true,true,true,true,true,true,true,true
managed_paragraph_batch_perf_v1,1,replace_body_paragraph_texts,descriptive_same_fixture_alternative_api_path_no_same_api_before_after_claim,128,1,file,batch,ca410eb5ac948e3e90f67505a0e566883a15305e0fa64a90be9e146256160685,532875,fixture-p128-k1.docx,a19ccb4a6e21260c609f8f45fc6d267ac18b285362553baa3ea80c1bd75ddaa2,532882,0,119,false,421682,15111,269651,290,135670,770,532882,a19ccb4a6e21260c609f8f45fc6d267ac18b285362553baa3ea80c1bd75ddaa2,262,0,262,0,true,45,535175,535175,4,0,0,0,1,1,0,7281,1,0,true,0,367535,0,0,8490,535175,0,0,532882,0,14586,0,0,6699515,6714084,true,true,true,true,true,true,true,true,true,true,true,true,true,true
managed_paragraph_batch_perf_v1,1,replace_body_paragraph_texts,descriptive_same_fixture_alternative_api_path_no_same_api_before_after_claim,128,1,file,batch,ca410eb5ac948e3e90f67505a0e566883a15305e0fa64a90be9e146256160685,532875,fixture-p128-k1.docx,a19ccb4a6e21260c609f8f45fc6d267ac18b285362553baa3ea80c1bd75ddaa2,532882,0,120,false,421272,14740,270052,290,135220,770,532882,a19ccb4a6e21260c609f8f45fc6d267ac18b285362553baa3ea80c1bd75ddaa2,264,0,264,0,true,45,535175,535175,4,0,0,0,1,1,0,7281,1,0,true,0,367535,0,0,8490,535175,0,0,532882,0,14586,0,0,6699515,6714084,true,true,true,true,true,true,true,true,true,true,true,true,true,true
managed_paragraph_batch_perf_v1,1,replace_body_paragraph_texts,descriptive_same_fixture_alternative_api_path_no_same_api_before_after_claim,128,1,file,batch,ca410eb5ac948e3e90f67505a0e566883a15305e0fa64a90be9e146256160685,532875,fixture-p128-k1.docx,a19ccb4a6e21260c609f8f45fc6d267ac18b285362553baa3ea80c1bd75ddaa2,532882,0,121,false,425432,15060,273441,320,135631,750,532882,a19ccb4a6e21260c609f8f45fc6d267ac18b285362553baa3ea80c1bd75ddaa2,266,0,266,0,true,45,535175,535175,4,0,0,0,1,1,0,7281,1,0,true,0,367535,0,0,8490,535175,0,0,532882,0,14586,0,0,6699515,6714084,true,true,true,true,true,true,true,true,true,true,true,true,true,true
managed_paragraph_batch_perf_v1,1,replace_body_paragraph_texts,descriptive_same_fixture_alternative_api_path_no_same_api_before_after_claim,128,1,file,batch,ca410eb5ac948e3e90f67505a0e566883a15305e0fa64a90be9e146256160685,532875,fixture-p128-k1.docx,a19ccb4a6e21260c609f8f45fc6d267ac18b285362553baa3ea80c1bd75ddaa2,532882,0,122,false,431452,15010,279321,360,135841,730,532882,a19ccb4a6e21260c609f8f45fc6d267ac18b285362553baa3ea80c1bd75ddaa2,268,0,268,0,true,45,535175,535175,4,0,0,0,1,1,0,7281,1,0,true,0,367535,0,0,8490,535175,0,0,532882,0,14586,0,0,6699515,6714084,true,true,true,true,true,true,true,true,true,true,true,true,true,true
managed_paragraph_batch_perf_v1,1,replace_body_paragraph_texts,descriptive_same_fixture_alternative_api_path_no_same_api_before_after_claim,128,1,file,batch,ca410eb5ac948e3e90f67505a0e566883a15305e0fa64a90be9e146256160685,532875,fixture-p128-k1.docx,a19ccb4a6e21260c609f8f45fc6d267ac18b285362553baa3ea80c1bd75ddaa2,532882,0,123,false,433322,14841,280551,320,136620,780,532882,a19ccb4a6e21260c609f8f45fc6d267ac18b285362553baa3ea80c1bd75ddaa2,270,0,270,0,true,45,535175,535175,4,0,0,0,1,1,0,7281,1,0,true,0,367535,0,0,8490,535175,0,0,532882,0,14586,0,0,6699515,6714084,true,true,true,true,true,true,true,true,true,true,true,true,true,true
managed_paragraph_batch_perf_v1,1,replace_body_paragraph_texts,descriptive_same_fixture_alternative_api_path_no_same_api_before_after_claim,128,1,file,batch,ca410eb5ac948e3e90f67505a0e566883a15305e0fa64a90be9e146256160685,532875,fixture-p128-k1.docx,a19ccb4a6e21260c609f8f45fc6d267ac18b285362553baa3ea80c1bd75ddaa2,532882,0,124,false,429552,14720,270631,310,142961,750,532882,a19ccb4a6e21260c609f8f45fc6d267ac18b285362553baa3ea80c1bd75ddaa2,272,0,272,0,true,45,535175,535175,4,0,0,0,1,1,0,7281,1,0,true,0,367535,0,0,8490,535175,0,0,532882,0,14586,0,0,6699515,6714084,true,true,true,true,true,true,true,true,true,true,true,true,true,true
managed_paragraph_batch_perf_v1,1,replace_body_paragraph_texts,descriptive_same_fixture_alternative_api_path_no_same_api_before_after_claim,128,1,file,batch,ca410eb5ac948e3e90f67505a0e566883a15305e0fa64a90be9e146256160685,532875,fixture-p128-k1.docx,a19ccb4a6e21260c609f8f45fc6d267ac18b285362553baa3ea80c1bd75ddaa2,532882,0,125,false,423442,15130,270651,320,136401,730,532882,a19ccb4a6e21260c609f8f45fc6d267ac18b285362553baa3ea80c1bd75ddaa2,274,0,274,0,true,45,535175,535175,4,0,0,0,1,1,0,7281,1,0,true,0,367535,0,0,8490,535175,0,0,532882,0,14586,0,0,6699515,6714084,true,true,true,true,true,true,true,true,true,true,true,true,true,true
managed_paragraph_batch_perf_v1,1,replace_body_paragraph_texts,descriptive_same_fixture_alternative_api_path_no_same_api_before_after_claim,128,1,file,batch,ca410eb5ac948e3e90f67505a0e566883a15305e0fa64a90be9e146256160685,532875,fixture-p128-k1.docx,a19ccb4a6e21260c609f8f45fc6d267ac18b285362553baa3ea80c1bd75ddaa2,532882,0,126,false,424162,15260,273341,300,134271,790,532882,a19ccb4a6e21260c609f8f45fc6d267ac18b285362553baa3ea80c1bd75ddaa2,276,0,276,0,true,45,535175,535175,4,0,0,0,1,1,0,7281,1,0,true,0,367535,0,0,8490,535175,0,0,532882,0,14586,0,0,6699515,6714084,true,true,true,true,true,true,true,true,true,true,true,true,true,true
managed_paragraph_batch_perf_v1,1,replace_body_paragraph_texts,descriptive_same_fixture_alternative_api_path_no_same_api_before_after_claim,128,1,file,batch,ca410eb5ac948e3e90f67505a0e566883a15305e0fa64a90be9e146256160685,532875,fixture-p128-k1.docx,a19ccb4a6e21260c609f8f45fc6d267ac18b285362553baa3ea80c1bd75ddaa2,532882,0,127,false,433041,14950,280581,310,136190,810,532882,a19ccb4a6e21260c609f8f45fc6d267ac18b285362553baa3ea80c1bd75ddaa2,278,0,278,0,true,45,535175,535175,4,0,0,0,1,1,0,7281,1,0,true,0,367535,0,0,8490,535175,0,0,532882,0,14586,0,0,6699515,6714084,true,true,true,true,true,true,true,true,true,true,true,true,true,true
managed_paragraph_batch_perf_v1,1,replace_body_paragraph_texts,descriptive_same_fixture_alternative_api_path_no_same_api_before_after_claim,128,1,file,batch,ca410eb5ac948e3e90f67505a0e566883a15305e0fa64a90be9e146256160685,532875,fixture-p128-k1.docx,a19ccb4a6e21260c609f8f45fc6d267ac18b285362553baa3ea80c1bd75ddaa2,532882,0,128,false,424222,15010,273442,290,134560,730,532882,a19ccb4a6e21260c609f8f45fc6d267ac18b285362553baa3ea80c1bd75ddaa2,280,0,280,0,true,45,535175,535175,4,0,0,0,1,1,0,7281,1,0,true,0,367535,0,0,8490,535175,0,0,532882,0,14586,0,0,6699515,6714084,true,true,true,true,true,true,true,true,true,true,true,true,true,true
managed_paragraph_batch_perf_v1,1,replace_body_paragraph_texts,descriptive_same_fixture_alternative_api_path_no_same_api_before_after_claim,128,1,file,batch,ca410eb5ac948e3e90f67505a0e566883a15305e0fa64a90be9e146256160685,532875,fixture-p128-k1.docx,a19ccb4a6e21260c609f8f45fc6d267ac18b285362553baa3ea80c1bd75ddaa2,532882,0,129,false,426132,15210,273191,290,136491,760,532882,a19ccb4a6e21260c609f8f45fc6d267ac18b285362553baa3ea80c1bd75ddaa2,282,0,282,0,true,45,535175,535175,4,0,0,0,1,1,0,7281,1,0,true,0,367535,0,0,8490,535175,0,0,532882,0,14586,0,0,6699515,6714084,true,true,true,true,true,true,true,true,true,true,true,true,true,true
managed_paragraph_batch_perf_v1,1,replace_body_paragraph_texts,descriptive_same_fixture_alternative_api_path_no_same_api_before_after_claim,128,1,file,batch,ca410eb5ac948e3e90f67505a0e566883a15305e0fa64a90be9e146256160685,532875,fixture-p128-k1.docx,a19ccb4a6e21260c609f8f45fc6d267ac18b285362553baa3ea80c1bd75ddaa2,532882,0,130,false,434342,14900,281481,300,136731,740,532882,a19ccb4a6e21260c609f8f45fc6d267ac18b285362553baa3ea80c1bd75ddaa2,284,0,284,0,true,45,535175,535175,4,0,0,0,1,1,0,7281,1,0,true,0,367535,0,0,8490,535175,0,0,532882,0,14586,0,0,6699515,6714084,true,true,true,true,true,true,true,true,true,true,true,true,true,true
managed_paragraph_batch_perf_v1,1,replace_body_paragraph_texts,descriptive_same_fixture_alternative_api_path_no_same_api_before_after_claim,128,1,file,batch,ca410eb5ac948e3e90f67505a0e566883a15305e0fa64a90be9e146256160685,532875,fixture-p128-k1.docx,a19ccb4a6e21260c609f8f45fc6d267ac18b285362553baa3ea80c1bd75ddaa2,532882,0,131,false,430511,15010,278431,300,135820,760,532882,a19ccb4a6e21260c609f8f45fc6d267ac18b285362553baa3ea80c1bd75ddaa2,286,0,286,0,true,45,535175,535175,4,0,0,0,1,1,0,7281,1,0,true,0,367535,0,0,8490,535175,0,0,532882,0,14586,0,0,6699515,6714084,true,true,true,true,true,true,true,true,true,true,true,true,true,true
managed_paragraph_batch_perf_v1,1,replace_body_paragraph_texts,descriptive_same_fixture_alternative_api_path_no_same_api_before_after_claim,128,1,file,batch,ca410eb5ac948e3e90f67505a0e566883a15305e0fa64a90be9e146256160685,532875,fixture-p128-k1.docx,a19ccb4a6e21260c609f8f45fc6d267ac18b285362553baa3ea80c1bd75ddaa2,532882,0,132,false,428762,14850,270192,320,142480,750,532882,a19ccb4a6e21260c609f8f45fc6d267ac18b285362553baa3ea80c1bd75ddaa2,288,0,288,0,true,45,535175,535175,4,0,0,0,1,1,0,7281,1,0,true,0,367535,0,0,8490,535175,0,0,532882,0,14586,0,0,6699515,6714084,true,true,true,true,true,true,true,true,true,true,true,true,true,true
managed_paragraph_batch_perf_v1,1,replace_body_paragraph_texts,descriptive_same_fixture_alternative_api_path_no_same_api_before_after_claim,128,1,file,batch,ca410eb5ac948e3e90f67505a0e566883a15305e0fa64a90be9e146256160685,532875,fixture-p128-k1.docx,a19ccb4a6e21260c609f8f45fc6d267ac18b285362553baa3ea80c1bd75ddaa2,532882,0,133,false,421342,14670,271051,300,134411,720,532882,a19ccb4a6e21260c609f8f45fc6d267ac18b285362553baa3ea80c1bd75ddaa2,290,0,290,0,true,45,535175,535175,4,0,0,0,1,1,0,7281,1,0,true,0,367535,0,0,8490,535175,0,0,532882,0,14586,0,0,6699515,6714084,true,true,true,true,true,true,true,true,true,true,true,true,true,true
managed_paragraph_batch_perf_v1,1,replace_body_paragraph_texts,descriptive_same_fixture_alternative_api_path_no_same_api_before_after_claim,128,1,file,batch,ca410eb5ac948e3e90f67505a0e566883a15305e0fa64a90be9e146256160685,532875,fixture-p128-k1.docx,a19ccb4a6e21260c609f8f45fc6d267ac18b285362553baa3ea80c1bd75ddaa2,532882,0,134,false,422562,15070,270901,290,135321,790,532882,a19ccb4a6e21260c609f8f45fc6d267ac18b285362553baa3ea80c1bd75ddaa2,292,0,292,0,true,45,535175,535175,4,0,0,0,1,1,0,7281,1,0,true,0,367535,0,0,8490,535175,0,0,532882,0,14586,0,0,6699515,6714084,true,true,true,true,true,true,true,true,true,true,true,true,true,true
managed_paragraph_batch_perf_v1,1,replace_body_paragraph_texts,descriptive_same_fixture_alternative_api_path_no_same_api_before_after_claim,128,1,file,batch,ca410eb5ac948e3e90f67505a0e566883a15305e0fa64a90be9e146256160685,532875,fixture-p128-k1.docx,a19ccb4a6e21260c609f8f45fc6d267ac18b285362553baa3ea80c1bd75ddaa2,532882,0,135,false,421861,14910,271031,290,134690,760,532882,a19ccb4a6e21260c609f8f45fc6d267ac18b285362553baa3ea80c1bd75ddaa2,294,0,294,0,true,45,535175,535175,4,0,0,0,1,1,0,7281,1,0,true,0,367535,0,0,8490,535175,0,0,532882,0,14586,0,0,6699515,6714084,true,true,true,true,true,true,true,true,true,true,true,true,true,true
managed_paragraph_batch_perf_v1,1,replace_body_paragraph_texts,descriptive_same_fixture_alternative_api_path_no_same_api_before_after_claim,128,1,file,batch,ca410eb5ac948e3e90f67505a0e566883a15305e0fa64a90be9e146256160685,532875,fixture-p128-k1.docx,a19ccb4a6e21260c609f8f45fc6d267ac18b285362553baa3ea80c1bd75ddaa2,532882,0,136,false,428702,15040,271112,310,141270,780,532882,a19ccb4a6e21260c609f8f45fc6d267ac18b285362553baa3ea80c1bd75ddaa2,296,0,296,0,true,45,535175,535175,4,0,0,0,1,1,0,7281,1,0,true,0,367535,0,0,8490,535175,0,0,532882,0,14586,0,0,6699515,6714084,true,true,true,true,true,true,true,true,true,true,true,true,true,true
managed_paragraph_batch_perf_v1,1,replace_body_paragraph_texts,descriptive_same_fixture_alternative_api_path_no_same_api_before_after_claim,128,1,file,batch,ca410eb5ac948e3e90f67505a0e566883a15305e0fa64a90be9e146256160685,532875,fixture-p128-k1.docx,a19ccb4a6e21260c609f8f45fc6d267ac18b285362553baa3ea80c1bd75ddaa2,532882,0,137,false,430532,14990,278471,320,135841,730,532882,a19ccb4a6e21260c609f8f45fc6d267ac18b285362553baa3ea80c1bd75ddaa2,298,0,298,0,true,45,535175,535175,4,0,0,0,1,1,0,7281,1,0,true,0,367535,0,0,8490,535175,0,0,532882,0,14586,0,0,6699515,6714084,true,true,true,true,true,true,true,true,true,true,true,true,true,true
managed_paragraph_batch_perf_v1,1,replace_body_paragraph_texts,descriptive_same_fixture_alternative_api_path_no_same_api_before_after_claim,128,1,file,batch,ca410eb5ac948e3e90f67505a0e566883a15305e0fa64a90be9e146256160685,532875,fixture-p128-k1.docx,a19ccb4a6e21260c609f8f45fc6d267ac18b285362553baa3ea80c1bd75ddaa2,532882,0,138,false,434332,14880,282231,300,135921,820,532882,a19ccb4a6e21260c609f8f45fc6d267ac18b285362553baa3ea80c1bd75ddaa2,300,0,300,0,true,45,535175,535175,4,0,0,0,1,1,0,7281,1,0,true,0,367535,0,0,8490,535175,0,0,532882,0,14586,0,0,6699515,6714084,true,true,true,true,true,true,true,true,true,true,true,true,true,true
managed_paragraph_batch_perf_v1,1,replace_body_paragraph_texts,descriptive_same_fixture_alternative_api_path_no_same_api_before_after_claim,128,1,file,batch,ca410eb5ac948e3e90f67505a0e566883a15305e0fa64a90be9e146256160685,532875,fixture-p128-k1.docx,a19ccb4a6e21260c609f8f45fc6d267ac18b285362553baa3ea80c1bd75ddaa2,532882,0,139,false,429822,14850,277241,320,136451,760,532882,a19ccb4a6e21260c609f8f45fc6d267ac18b285362553baa3ea80c1bd75ddaa2,302,0,302,0,true,45,535175,535175,4,0,0,0,1,1,0,7281,1,0,true,0,367535,0,0,8490,535175,0,0,532882,0,14586,0,0,6699515,6714084,true,true,true,true,true,true,true,true,true,true,true,true,true,true
managed_paragraph_batch_perf_v1,1,replace_body_paragraph_texts,descriptive_same_fixture_alternative_api_path_no_same_api_before_after_claim,128,1,file,batch,ca410eb5ac948e3e90f67505a0e566883a15305e0fa64a90be9e146256160685,532875,fixture-p128-k1.docx,a19ccb4a6e21260c609f8f45fc6d267ac18b285362553baa3ea80c1bd75ddaa2,532882,0,140,false,429882,14900,271442,290,142290,780,532882,a19ccb4a6e21260c609f8f45fc6d267ac18b285362553baa3ea80c1bd75ddaa2,304,0,304,0,true,45,535175,535175,4,0,0,0,1,1,0,7281,1,0,true,0,367535,0,0,8490,535175,0,0,532882,0,14586,0,0,6699515,6714084,true,true,true,true,true,true,true,true,true,true,true,true,true,true
managed_paragraph_batch_perf_v1,1,replace_body_paragraph_texts,descriptive_same_fixture_alternative_api_path_no_same_api_before_after_claim,128,1,file,batch,ca410eb5ac948e3e90f67505a0e566883a15305e0fa64a90be9e146256160685,532875,fixture-p128-k1.docx,a19ccb4a6e21260c609f8f45fc6d267ac18b285362553baa3ea80c1bd75ddaa2,532882,0,141,false,427492,19000,271901,320,135331,730,532882,a19ccb4a6e21260c609f8f45fc6d267ac18b285362553baa3ea80c1bd75ddaa2,306,0,306,0,true,45,535175,535175,4,0,0,0,1,1,0,7281,1,0,true,0,367535,0,0,8490,535175,0,0,532882,0,14586,0,0,6699515,6714084,true,true,true,true,true,true,true,true,true,true,true,true,true,true
managed_paragraph_batch_perf_v1,1,replace_body_paragraph_texts,descriptive_same_fixture_alternative_api_path_no_same_api_before_after_claim,128,1,file,batch,ca410eb5ac948e3e90f67505a0e566883a15305e0fa64a90be9e146256160685,532875,fixture-p128-k1.docx,a19ccb4a6e21260c609f8f45fc6d267ac18b285362553baa3ea80c1bd75ddaa2,532882,0,142,false,422862,14880,271681,300,135041,770,532882,a19ccb4a6e21260c609f8f45fc6d267ac18b285362553baa3ea80c1bd75ddaa2,308,0,308,0,true,45,535175,535175,4,0,0,0,1,1,0,7281,1,0,true,0,367535,0,0,8490,535175,0,0,532882,0,14586,0,0,6699515,6714084,true,true,true,true,true,true,true,true,true,true,true,true,true,true
managed_paragraph_batch_perf_v1,1,replace_body_paragraph_texts,descriptive_same_fixture_alternative_api_path_no_same_api_before_after_claim,128,1,file,batch,ca410eb5ac948e3e90f67505a0e566883a15305e0fa64a90be9e146256160685,532875,fixture-p128-k1.docx,a19ccb4a6e21260c609f8f45fc6d267ac18b285362553baa3ea80c1bd75ddaa2,532882,0,143,false,426012,15400,273511,310,135871,730,532882,a19ccb4a6e21260c609f8f45fc6d267ac18b285362553baa3ea80c1bd75ddaa2,310,0,310,0,true,45,535175,535175,4,0,0,0,1,1,0,7281,1,0,true,0,367535,0,0,8490,535175,0,0,532882,0,14586,0,0,6699515,6714084,true,true,true,true,true,true,true,true,true,true,true,true,true,true
managed_paragraph_batch_perf_v1,1,replace_body_paragraph_texts,descriptive_same_fixture_alternative_api_path_no_same_api_before_after_claim,128,1,file,batch,ca410eb5ac948e3e90f67505a0e566883a15305e0fa64a90be9e146256160685,532875,fixture-p128-k1.docx,a19ccb4a6e21260c609f8f45fc6d267ac18b285362553baa3ea80c1bd75ddaa2,532882,0,144,false,423271,14780,270911,340,136290,760,532882,a19ccb4a6e21260c609f8f45fc6d267ac18b285362553baa3ea80c1bd75ddaa2,312,0,312,0,true,45,535175,535175,4,0,0,0,1,1,0,7281,1,0,true,0,367535,0,0,8490,535175,0,0,532882,0,14586,0,0,6699515,6714084,true,true,true,true,true,true,true,true,true,true,true,true,true,true
managed_paragraph_batch_perf_v1,1,replace_body_paragraph_texts,descriptive_same_fixture_alternative_api_path_no_same_api_before_after_claim,128,1,file,batch,ca410eb5ac948e3e90f67505a0e566883a15305e0fa64a90be9e146256160685,532875,fixture-p128-k1.docx,a19ccb4a6e21260c609f8f45fc6d267ac18b285362553baa3ea80c1bd75ddaa2,532882,0,145,false,433242,14850,280602,330,136520,750,532882,a19ccb4a6e21260c609f8f45fc6d267ac18b285362553baa3ea80c1bd75ddaa2,314,0,314,0,true,45,535175,535175,4,0,0,0,1,1,0,7281,1,0,true,0,367535,0,0,8490,535175,0,0,532882,0,14586,0,0,6699515,6714084,true,true,true,true,true,true,true,true,true,true,true,true,true,true
managed_paragraph_batch_perf_v1,1,replace_body_paragraph_texts,descriptive_same_fixture_alternative_api_path_no_same_api_before_after_claim,128,1,file,batch,ca410eb5ac948e3e90f67505a0e566883a15305e0fa64a90be9e146256160685,532875,fixture-p128-k1.docx,a19ccb4a6e21260c609f8f45fc6d267ac18b285362553baa3ea80c1bd75ddaa2,532882,0,146,false,430672,14640,279431,320,135351,740,532882,a19ccb4a6e21260c609f8f45fc6d267ac18b285362553baa3ea80c1bd75ddaa2,316,0,316,0,true,45,535175,535175,4,0,0,0,1,1,0,7281,1,0,true,0,367535,0,0,8490,535175,0,0,532882,0,14586,0,0,6699515,6714084,true,true,true,true,true,true,true,true,true,true,true,true,true,true
managed_paragraph_batch_perf_v1,1,replace_body_paragraph_texts,descriptive_same_fixture_alternative_api_path_no_same_api_before_after_claim,128,1,file,batch,ca410eb5ac948e3e90f67505a0e566883a15305e0fa64a90be9e146256160685,532875,fixture-p128-k1.docx,a19ccb4a6e21260c609f8f45fc6d267ac18b285362553baa3ea80c1bd75ddaa2,532882,0,147,false,429612,14670,270751,300,142921,770,532882,a19ccb4a6e21260c609f8f45fc6d267ac18b285362553baa3ea80c1bd75ddaa2,318,0,318,0,true,45,535175,535175,4,0,0,0,1,1,0,7281,1,0,true,0,367535,0,0,8490,535175,0,0,532882,0,14586,0,0,6699515,6714084,true,true,true,true,true,true,true,true,true,true,true,true,true,true
managed_paragraph_batch_perf_v1,1,replace_body_paragraph_texts,descriptive_same_fixture_alternative_api_path_no_same_api_before_after_claim,128,1,file,batch,ca410eb5ac948e3e90f67505a0e566883a15305e0fa64a90be9e146256160685,532875,fixture-p128-k1.docx,a19ccb4a6e21260c609f8f45fc6d267ac18b285362553baa3ea80c1bd75ddaa2,532882,0,148,false,426752,14751,269601,290,141150,760,532882,a19ccb4a6e21260c609f8f45fc6d267ac18b285362553baa3ea80c1bd75ddaa2,320,0,320,0,true,45,535175,535175,4,0,0,0,1,1,0,7281,1,0,true,0,367535,0,0,8490,535175,0,0,532882,0,14586,0,0,6699515,6714084,true,true,true,true,true,true,true,true,true,true,true,true,true,true
managed_paragraph_batch_perf_v1,1,replace_body_paragraph_texts,descriptive_same_fixture_alternative_api_path_no_same_api_before_after_claim,128,1,file,batch,ca410eb5ac948e3e90f67505a0e566883a15305e0fa64a90be9e146256160685,532875,fixture-p128-k1.docx,a19ccb4a6e21260c609f8f45fc6d267ac18b285362553baa3ea80c1bd75ddaa2,532882,0,149,false,421792,14970,270912,290,134690,730,532882,a19ccb4a6e21260c609f8f45fc6d267ac18b285362553baa3ea80c1bd75ddaa2,322,0,322,0,true,45,535175,535175,4,0,0,0,1,1,0,7281,1,0,true,0,367535,0,0,8490,535175,0,0,532882,0,14586,0,0,6699515,6714084,true,true,true,true,true,true,true,true,true,true,true,true,true,true
managed_paragraph_batch_perf_v1,1,replace_body_paragraph_texts,descriptive_same_fixture_alternative_api_path_no_same_api_before_after_claim,128,1,file,batch,ca410eb5ac948e3e90f67505a0e566883a15305e0fa64a90be9e146256160685,532875,fixture-p128-k1.docx,a19ccb4a6e21260c609f8f45fc6d267ac18b285362553baa3ea80c1bd75ddaa2,532882,0,150,false,427722,15100,275441,320,135931,750,532882,a19ccb4a6e21260c609f8f45fc6d267ac18b285362553baa3ea80c1bd75ddaa2,324,0,324,0,true,45,535175,535175,4,0,0,0,1,1,0,7281,1,0,true,0,367535,0,0,8490,535175,0,0,532882,0,14586,0,0,6699515,6714084,true,true,true,true,true,true,true,true,true,true,true,true,true,true
managed_paragraph_batch_perf_v1,1,replace_body_paragraph_texts,descriptive_same_fixture_alternative_api_path_no_same_api_before_after_claim,128,1,file,batch,ca410eb5ac948e3e90f67505a0e566883a15305e0fa64a90be9e146256160685,532875,fixture-p128-k1.docx,a19ccb4a6e21260c609f8f45fc6d267ac18b285362553baa3ea80c1bd75ddaa2,532882,0,151,false,424402,15030,272451,290,135671,760,532882,a19ccb4a6e21260c609f8f45fc6d267ac18b285362553baa3ea80c1bd75ddaa2,326,0,326,0,true,45,535175,535175,4,0,0,0,1,1,0,7281,1,0,true,0,367535,0,0,8490,535175,0,0,532882,0,14586,0,0,6699515,6714084,true,true,true,true,true,true,true,true,true,true,true,true,true,true
managed_paragraph_batch_perf_v1,1,replace_body_paragraph_texts,descriptive_same_fixture_alternative_api_path_no_same_api_before_after_claim,128,1,file,batch,ca410eb5ac948e3e90f67505a0e566883a15305e0fa64a90be9e146256160685,532875,fixture-p128-k1.docx,a19ccb4a6e21260c609f8f45fc6d267ac18b285362553baa3ea80c1bd75ddaa2,532882,0,152,false,422841,15000,271511,330,135060,740,532882,a19ccb4a6e21260c609f8f45fc6d267ac18b285362553baa3ea80c1bd75ddaa2,328,0,328,0,true,45,535175,535175,4,0,0,0,1,1,0,7281,1,0,true,0,367535,0,0,8490,535175,0,0,532882,0,14586,0,0,6699515,6714084,true,true,true,true,true,true,true,true,true,true,true,true,true,true
managed_paragraph_batch_perf_v1,1,replace_body_paragraph_texts,descriptive_same_fixture_alternative_api_path_no_same_api_before_after_claim,128,1,file,batch,ca410eb5ac948e3e90f67505a0e566883a15305e0fa64a90be9e146256160685,532875,fixture-p128-k1.docx,a19ccb4a6e21260c609f8f45fc6d267ac18b285362553baa3ea80c1bd75ddaa2,532882,0,153,false,428742,14760,277412,310,135290,760,532882,a19ccb4a6e21260c609f8f45fc6d267ac18b285362553baa3ea80c1bd75ddaa2,330,0,330,0,true,45,535175,535175,4,0,0,0,1,1,0,7281,1,0,true,0,367535,0,0,8490,535175,0,0,532882,0,14586,0,0,6699515,6714084,true,true,true,true,true,true,true,true,true,true,true,true,true,true
managed_paragraph_batch_perf_v1,1,replace_body_paragraph_texts,descriptive_same_fixture_alternative_api_path_no_same_api_before_after_claim,128,1,file,batch,ca410eb5ac948e3e90f67505a0e566883a15305e0fa64a90be9e146256160685,532875,fixture-p128-k1.docx,a19ccb4a6e21260c609f8f45fc6d267ac18b285362553baa3ea80c1bd75ddaa2,532882,0,154,false,430662,14640,278401,290,136401,730,532882,a19ccb4a6e21260c609f8f45fc6d267ac18b285362553baa3ea80c1bd75ddaa2,332,0,332,0,true,45,535175,535175,4,0,0,0,1,1,0,7281,1,0,true,0,367535,0,0,8490,535175,0,0,532882,0,14586,0,0,6699515,6714084,true,true,true,true,true,true,true,true,true,true,true,true,true,true
managed_paragraph_batch_perf_v1,1,replace_body_paragraph_texts,descriptive_same_fixture_alternative_api_path_no_same_api_before_after_claim,128,1,file,batch,ca410eb5ac948e3e90f67505a0e566883a15305e0fa64a90be9e146256160685,532875,fixture-p128-k1.docx,a19ccb4a6e21260c609f8f45fc6d267ac18b285362553baa3ea80c1bd75ddaa2,532882,0,155,false,429402,14930,270661,300,142561,750,532882,a19ccb4a6e21260c609f8f45fc6d267ac18b285362553baa3ea80c1bd75ddaa2,334,0,334,0,true,45,535175,535175,4,0,0,0,1,1,0,7281,1,0,true,0,367535,0,0,8490,535175,0,0,532882,0,14586,0,0,6699515,6714084,true,true,true,true,true,true,true,true,true,true,true,true,true,true
managed_paragraph_batch_perf_v1,1,replace_body_paragraph_texts,descriptive_same_fixture_alternative_api_path_no_same_api_before_after_claim,128,1,file,batch,ca410eb5ac948e3e90f67505a0e566883a15305e0fa64a90be9e146256160685,532875,fixture-p128-k1.docx,a19ccb4a6e21260c609f8f45fc6d267ac18b285362553baa3ea80c1bd75ddaa2,532882,0,156,false,421441,14930,270161,300,135130,740,532882,a19ccb4a6e21260c609f8f45fc6d267ac18b285362553baa3ea80c1bd75ddaa2,336,0,336,0,true,45,535175,535175,4,0,0,0,1,1,0,7281,1,0,true,0,367535,0,0,8490,535175,0,0,532882,0,14586,0,0,6699515,6714084,true,true,true,true,true,true,true,true,true,true,true,true,true,true
managed_paragraph_batch_perf_v1,1,replace_body_paragraph_texts,descriptive_same_fixture_alternative_api_path_no_same_api_before_after_claim,128,1,file,batch,ca410eb5ac948e3e90f67505a0e566883a15305e0fa64a90be9e146256160685,532875,fixture-p128-k1.docx,a19ccb4a6e21260c609f8f45fc6d267ac18b285362553baa3ea80c1bd75ddaa2,532882,0,157,false,421542,15300,270222,300,134800,740,532882,a19ccb4a6e21260c609f8f45fc6d267ac18b285362553baa3ea80c1bd75ddaa2,338,0,338,0,true,45,535175,535175,4,0,0,0,1,1,0,7281,1,0,true,0,367535,0,0,8490,535175,0,0,532882,0,14586,0,0,6699515,6714084,true,true,true,true,true,true,true,true,true,true,true,true,true,true
managed_paragraph_batch_perf_v1,1,replace_body_paragraph_texts,descriptive_same_fixture_alternative_api_path_no_same_api_before_after_claim,128,1,file,batch,ca410eb5ac948e3e90f67505a0e566883a15305e0fa64a90be9e146256160685,532875,fixture-p128-k1.docx,a19ccb4a6e21260c609f8f45fc6d267ac18b285362553baa3ea80c1bd75ddaa2,532882,0,158,false,424502,14990,272831,300,135441,750,532882,a19ccb4a6e21260c609f8f45fc6d267ac18b285362553baa3ea80c1bd75ddaa2,340,0,340,0,true,45,535175,535175,4,0,0,0,1,1,0,7281,1,0,true,0,367535,0,0,8490,535175,0,0,532882,0,14586,0,0,6699515,6714084,true,true,true,true,true,true,true,true,true,true,true,true,true,true
managed_paragraph_batch_perf_v1,1,replace_body_paragraph_texts,descriptive_same_fixture_alternative_api_path_no_same_api_before_after_claim,128,1,file,batch,ca410eb5ac948e3e90f67505a0e566883a15305e0fa64a90be9e146256160685,532875,fixture-p128-k1.docx,a19ccb4a6e21260c609f8f45fc6d267ac18b285362553baa3ea80c1bd75ddaa2,532882,0,159,false,425432,15190,269741,310,139261,750,532882,a19ccb4a6e21260c609f8f45fc6d267ac18b285362553baa3ea80c1bd75ddaa2,342,0,342,0,true,45,535175,535175,4,0,0,0,1,1,0,7281,1,0,true,0,367535,0,0,8490,535175,0,0,532882,0,14586,0,0,6699515,6714084,true,true,true,true,true,true,true,true,true,true,true,true,true,true
managed_paragraph_batch_perf_v1,1,replace_body_paragraph_texts,descriptive_same_fixture_alternative_api_path_no_same_api_before_after_claim,128,1,file,batch,ca410eb5ac948e3e90f67505a0e566883a15305e0fa64a90be9e146256160685,532875,fixture-p128-k1.docx,a19ccb4a6e21260c609f8f45fc6d267ac18b285362553baa3ea80c1bd75ddaa2,532882,0,160,false,422851,15110,271851,290,134640,760,532882,a19ccb4a6e21260c609f8f45fc6d267ac18b285362553baa3ea80c1bd75ddaa2,344,0,344,0,true,45,535175,535175,4,0,0,0,1,1,0,7281,1,0,true,0,367535,0,0,8490,535175,0,0,532882,0,14586,0,0,6699515,6714084,true,true,true,true,true,true,true,true,true,true,true,true,true,true
managed_paragraph_batch_perf_v1,1,replace_body_paragraph_texts,descriptive_same_fixture_alternative_api_path_no_same_api_before_after_claim,128,1,file,batch,ca410eb5ac948e3e90f67505a0e566883a15305e0fa64a90be9e146256160685,532875,fixture-p128-k1.docx,a19ccb4a6e21260c609f8f45fc6d267ac18b285362553baa3ea80c1bd75ddaa2,532882,0,161,false,433532,14880,282262,310,135150,750,532882,a19ccb4a6e21260c609f8f45fc6d267ac18b285362553baa3ea80c1bd75ddaa2,346,0,346,0,true,45,535175,535175,4,0,0,0,1,1,0,7281,1,0,true,0,367535,0,0,8490,535175,0,0,532882,0,14586,0,0,6699515,6714084,true,true,true,true,true,true,true,true,true,true,true,true,true,true
managed_paragraph_batch_perf_v1,1,replace_body_paragraph_texts,descriptive_same_fixture_alternative_api_path_no_same_api_before_after_claim,128,1,file,batch,ca410eb5ac948e3e90f67505a0e566883a15305e0fa64a90be9e146256160685,532875,fixture-p128-k1.docx,a19ccb4a6e21260c609f8f45fc6d267ac18b285362553baa3ea80c1bd75ddaa2,532882,0,162,false,432062,15130,279801,300,135891,750,532882,a19ccb4a6e21260c609f8f45fc6d267ac18b285362553baa3ea80c1bd75ddaa2,348,0,348,0,true,45,535175,535175,4,0,0,0,1,1,0,7281,1,0,true,0,367535,0,0,8490,535175,0,0,532882,0,14586,0,0,6699515,6714084,true,true,true,true,true,true,true,true,true,true,true,true,true,true
managed_paragraph_batch_perf_v1,1,replace_body_paragraph_texts,descriptive_same_fixture_alternative_api_path_no_same_api_before_after_claim,128,1,file,batch,ca410eb5ac948e3e90f67505a0e566883a15305e0fa64a90be9e146256160685,532875,fixture-p128-k1.docx,a19ccb4a6e21260c609f8f45fc6d267ac18b285362553baa3ea80c1bd75ddaa2,532882,0,163,false,433562,15140,274441,290,142701,780,532882,a19ccb4a6e21260c609f8f45fc6d267ac18b285362553baa3ea80c1bd75ddaa2,350,0,350,0,true,45,535175,535175,4,0,0,0,1,1,0,7281,1,0,true,0,367535,0,0,8490,535175,0,0,532882,0,14586,0,0,6699515,6714084,true,true,true,true,true,true,true,true,true,true,true,true,true,true
managed_paragraph_batch_perf_v1,1,replace_body_paragraph_texts,descriptive_same_fixture_alternative_api_path_no_same_api_before_after_claim,128,1,file,batch,ca410eb5ac948e3e90f67505a0e566883a15305e0fa64a90be9e146256160685,532875,fixture-p128-k1.docx,a19ccb4a6e21260c609f8f45fc6d267ac18b285362553baa3ea80c1bd75ddaa2,532882,0,164,false,421831,15060,271041,300,134510,730,532882,a19ccb4a6e21260c609f8f45fc6d267ac18b285362553baa3ea80c1bd75ddaa2,352,0,352,0,true,45,535175,535175,4,0,0,0,1,1,0,7281,1,0,true,0,367535,0,0,8490,535175,0,0,532882,0,14586,0,0,6699515,6714084,true,true,true,true,true,true,true,true,true,true,true,true,true,true
managed_paragraph_batch_perf_v1,1,replace_body_paragraph_texts,descriptive_same_fixture_alternative_api_path_no_same_api_before_after_claim,128,1,file,batch,ca410eb5ac948e3e90f67505a0e566883a15305e0fa64a90be9e146256160685,532875,fixture-p128-k1.docx,a19ccb4a6e21260c609f8f45fc6d267ac18b285362553baa3ea80c1bd75ddaa2,532882,0,165,false,423402,14810,271482,310,135730,790,532882,a19ccb4a6e21260c609f8f45fc6d267ac18b285362553baa3ea80c1bd75ddaa2,354,0,354,0,true,45,535175,535175,4,0,0,0,1,1,0,7281,1,0,true,0,367535,0,0,8490,535175,0,0,532882,0,14586,0,0,6699515,6714084,true,true,true,true,true,true,true,true,true,true,true,true,true,true
managed_paragraph_batch_perf_v1,1,replace_body_paragraph_texts,descriptive_same_fixture_alternative_api_path_no_same_api_before_after_claim,128,1,file,batch,ca410eb5ac948e3e90f67505a0e566883a15305e0fa64a90be9e146256160685,532875,fixture-p128-k1.docx,a19ccb4a6e21260c609f8f45fc6d267ac18b285362553baa3ea80c1bd75ddaa2,532882,0,166,false,424422,14910,272911,310,135321,760,532882,a19ccb4a6e21260c609f8f45fc6d267ac18b285362553baa3ea80c1bd75ddaa2,356,0,356,0,true,45,535175,535175,4,0,0,0,1,1,0,7281,1,0,true,0,367535,0,0,8490,535175,0,0,532882,0,14586,0,0,6699515,6714084,true,true,true,true,true,true,true,true,true,true,true,true,true,true
managed_paragraph_batch_perf_v1,1,replace_body_paragraph_texts,descriptive_same_fixture_alternative_api_path_no_same_api_before_after_claim,128,1,file,batch,ca410eb5ac948e3e90f67505a0e566883a15305e0fa64a90be9e146256160685,532875,fixture-p128-k1.docx,a19ccb4a6e21260c609f8f45fc6d267ac18b285362553baa3ea80c1bd75ddaa2,532882,0,167,false,421472,14920,269701,320,135551,770,532882,a19ccb4a6e21260c609f8f45fc6d267ac18b285362553baa3ea80c1bd75ddaa2,358,0,358,0,true,45,535175,535175,4,0,0,0,1,1,0,7281,1,0,true,0,367535,0,0,8490,535175,0,0,532882,0,14586,0,0,6699515,6714084,true,true,true,true,true,true,true,true,true,true,true,true,true,true
managed_paragraph_batch_perf_v1,1,replace_body_paragraph_texts,descriptive_same_fixture_alternative_api_path_no_same_api_before_after_claim,128,1,file,batch,ca410eb5ac948e3e90f67505a0e566883a15305e0fa64a90be9e146256160685,532875,fixture-p128-k1.docx,a19ccb4a6e21260c609f8f45fc6d267ac18b285362553baa3ea80c1bd75ddaa2,532882,0,168,false,424112,15420,271981,300,135471,740,532882,a19ccb4a6e21260c609f8f45fc6d267ac18b285362553baa3ea80c1bd75ddaa2,360,0,360,0,true,45,535175,535175,4,0,0,0,1,1,0,7281,1,0,true,0,367535,0,0,8490,535175,0,0,532882,0,14586,0,0,6699515,6714084,true,true,true,true,true,true,true,true,true,true,true,true,true,true
managed_paragraph_batch_perf_v1,1,replace_body_paragraph_texts,descriptive_same_fixture_alternative_api_path_no_same_api_before_after_claim,128,1,file,batch,ca410eb5ac948e3e90f67505a0e566883a15305e0fa64a90be9e146256160685,532875,fixture-p128-k1.docx,a19ccb4a6e21260c609f8f45fc6d267ac18b285362553baa3ea80c1bd75ddaa2,532882,0,169,false,430002,15071,278221,310,135380,730,532882,a19ccb4a6e21260c609f8f45fc6d267ac18b285362553baa3ea80c1bd75ddaa2,362,0,362,0,true,45,535175,535175,4,0,0,0,1,1,0,7281,1,0,true,0,367535,0,0,8490,535175,0,0,532882,0,14586,0,0,6699515,6714084,true,true,true,true,true,true,true,true,true,true,true,true,true,true
managed_paragraph_batch_perf_v1,1,replace_body_paragraph_texts,descriptive_same_fixture_alternative_api_path_no_same_api_before_after_claim,128,1,file,batch,ca410eb5ac948e3e90f67505a0e566883a15305e0fa64a90be9e146256160685,532875,fixture-p128-k1.docx,a19ccb4a6e21260c609f8f45fc6d267ac18b285362553baa3ea80c1bd75ddaa2,532882,0,170,false,428962,14990,277541,290,135201,740,532882,a19ccb4a6e21260c609f8f45fc6d267ac18b285362553baa3ea80c1bd75ddaa2,364,0,364,0,true,45,535175,535175,4,0,0,0,1,1,0,7281,1,0,true,0,367535,0,0,8490,535175,0,0,532882,0,14586,0,0,6699515,6714084,true,true,true,true,true,true,true,true,true,true,true,true,true,true
managed_paragraph_batch_perf_v1,1,replace_body_paragraph_texts,descriptive_same_fixture_alternative_api_path_no_same_api_before_after_claim,128,1,file,batch,ca410eb5ac948e3e90f67505a0e566883a15305e0fa64a90be9e146256160685,532875,fixture-p128-k1.docx,a19ccb4a6e21260c609f8f45fc6d267ac18b285362553baa3ea80c1bd75ddaa2,532882,0,171,false,427302,15160,269871,300,141001,780,532882,a19ccb4a6e21260c609f8f45fc6d267ac18b285362553baa3ea80c1bd75ddaa2,366,0,366,0,true,45,535175,535175,4,0,0,0,1,1,0,7281,1,0,true,0,367535,0,0,8490,535175,0,0,532882,0,14586,0,0,6699515,6714084,true,true,true,true,true,true,true,true,true,true,true,true,true,true
managed_paragraph_batch_perf_v1,1,replace_body_paragraph_texts,descriptive_same_fixture_alternative_api_path_no_same_api_before_after_claim,128,1,file,batch,ca410eb5ac948e3e90f67505a0e566883a15305e0fa64a90be9e146256160685,532875,fixture-p128-k1.docx,a19ccb4a6e21260c609f8f45fc6d267ac18b285362553baa3ea80c1bd75ddaa2,532882,0,172,false,421161,15070,269091,320,135730,780,532882,a19ccb4a6e21260c609f8f45fc6d267ac18b285362553baa3ea80c1bd75ddaa2,368,0,368,0,true,45,535175,535175,4,0,0,0,1,1,0,7281,1,0,true,0,367535,0,0,8490,535175,0,0,532882,0,14586,0,0,6699515,6714084,true,true,true,true,true,true,true,true,true,true,true,true,true,true
managed_paragraph_batch_perf_v1,1,replace_body_paragraph_texts,descriptive_same_fixture_alternative_api_path_no_same_api_before_after_claim,128,1,file,batch,ca410eb5ac948e3e90f67505a0e566883a15305e0fa64a90be9e146256160685,532875,fixture-p128-k1.docx,a19ccb4a6e21260c609f8f45fc6d267ac18b285362553baa3ea80c1bd75ddaa2,532882,0,173,false,424772,15151,273481,320,134810,810,532882,a19ccb4a6e21260c609f8f45fc6d267ac18b285362553baa3ea80c1bd75ddaa2,370,0,370,0,true,45,535175,535175,4,0,0,0,1,1,0,7281,1,0,true,0,367535,0,0,8490,535175,0,0,532882,0,14586,0,0,6699515,6714084,true,true,true,true,true,true,true,true,true,true,true,true,true,true
managed_paragraph_batch_perf_v1,1,replace_body_paragraph_texts,descriptive_same_fixture_alternative_api_path_no_same_api_before_after_claim,128,1,file,batch,ca410eb5ac948e3e90f67505a0e566883a15305e0fa64a90be9e146256160685,532875,fixture-p128-k1.docx,a19ccb4a6e21260c609f8f45fc6d267ac18b285362553baa3ea80c1bd75ddaa2,532882,0,174,false,423252,14840,271512,300,135560,750,532882,a19ccb4a6e21260c609f8f45fc6d267ac18b285362553baa3ea80c1bd75ddaa2,372,0,372,0,true,45,535175,535175,4,0,0,0,1,1,0,7281,1,0,true,0,367535,0,0,8490,535175,0,0,532882,0,14586,0,0,6699515,6714084,true,true,true,true,true,true,true,true,true,true,true,true,true,true
managed_paragraph_batch_perf_v1,1,replace_body_paragraph_texts,descriptive_same_fixture_alternative_api_path_no_same_api_before_after_claim,128,1,file,batch,ca410eb5ac948e3e90f67505a0e566883a15305e0fa64a90be9e146256160685,532875,fixture-p128-k1.docx,a19ccb4a6e21260c609f8f45fc6d267ac18b285362553baa3ea80c1bd75ddaa2,532882,0,175,false,422892,15040,271991,300,134631,740,532882,a19ccb4a6e21260c609f8f45fc6d267ac18b285362553baa3ea80c1bd75ddaa2,374,0,374,0,true,45,535175,535175,4,0,0,0,1,1,0,7281,1,0,true,0,367535,0,0,8490,535175,0,0,532882,0,14586,0,0,6699515,6714084,true,true,true,true,true,true,true,true,true,true,true,true,true,true
managed_paragraph_batch_perf_v1,1,replace_body_paragraph_texts,descriptive_same_fixture_alternative_api_path_no_same_api_before_after_claim,128,1,file,batch,ca410eb5ac948e3e90f67505a0e566883a15305e0fa64a90be9e146256160685,532875,fixture-p128-k1.docx,a19ccb4a6e21260c609f8f45fc6d267ac18b285362553baa3ea80c1bd75ddaa2,532882,0,176,false,428372,22260,269661,300,135181,790,532882,a19ccb4a6e21260c609f8f45fc6d267ac18b285362553baa3ea80c1bd75ddaa2,376,0,376,0,true,45,535175,535175,4,0,0,0,1,1,0,7281,1,0,true,0,367535,0,0,8490,535175,0,0,532882,0,14586,0,0,6699515,6714084,true,true,true,true,true,true,true,true,true,true,true,true,true,true
managed_paragraph_batch_perf_v1,1,replace_body_paragraph_texts,descriptive_same_fixture_alternative_api_path_no_same_api_before_after_claim,128,1,file,batch,ca410eb5ac948e3e90f67505a0e566883a15305e0fa64a90be9e146256160685,532875,fixture-p128-k1.docx,a19ccb4a6e21260c609f8f45fc6d267ac18b285362553baa3ea80c1bd75ddaa2,532882,0,177,false,431252,15251,279061,320,135700,740,532882,a19ccb4a6e21260c609f8f45fc6d267ac18b285362553baa3ea80c1bd75ddaa2,378,0,378,0,true,45,535175,535175,4,0,0,0,1,1,0,7281,1,0,true,0,367535,0,0,8490,535175,0,0,532882,0,14586,0,0,6699515,6714084,true,true,true,true,true,true,true,true,true,true,true,true,true,true
managed_paragraph_batch_perf_v1,1,replace_body_paragraph_texts,descriptive_same_fixture_alternative_api_path_no_same_api_before_after_claim,128,1,file,batch,ca410eb5ac948e3e90f67505a0e566883a15305e0fa64a90be9e146256160685,532875,fixture-p128-k1.docx,a19ccb4a6e21260c609f8f45fc6d267ac18b285362553baa3ea80c1bd75ddaa2,532882,0,178,false,431762,14990,278351,290,137191,750,532882,a19ccb4a6e21260c609f8f45fc6d267ac18b285362553baa3ea80c1bd75ddaa2,380,0,380,0,true,45,535175,535175,4,0,0,0,1,1,0,7281,1,0,true,0,367535,0,0,8490,535175,0,0,532882,0,14586,0,0,6699515,6714084,true,true,true,true,true,true,true,true,true,true,true,true,true,true
managed_paragraph_batch_perf_v1,1,replace_body_paragraph_texts,descriptive_same_fixture_alternative_api_path_no_same_api_before_after_claim,128,1,file,batch,ca410eb5ac948e3e90f67505a0e566883a15305e0fa64a90be9e146256160685,532875,fixture-p128-k1.docx,a19ccb4a6e21260c609f8f45fc6d267ac18b285362553baa3ea80c1bd75ddaa2,532882,0,179,false,430662,15190,271121,290,143111,760,532882,a19ccb4a6e21260c609f8f45fc6d267ac18b285362553baa3ea80c1bd75ddaa2,382,0,382,0,true,45,535175,535175,4,0,0,0,1,1,0,7281,1,0,true,0,367535,0,0,8490,535175,0,0,532882,0,14586,0,0,6699515,6714084,true,true,true,true,true,true,true,true,true,true,true,true,true,true
managed_paragraph_batch_perf_v1,1,replace_body_paragraph_texts,descriptive_same_fixture_alternative_api_path_no_same_api_before_after_claim,128,1,file,batch,ca410eb5ac948e3e90f67505a0e566883a15305e0fa64a90be9e146256160685,532875,fixture-p128-k1.docx,a19ccb4a6e21260c609f8f45fc6d267ac18b285362553baa3ea80c1bd75ddaa2,532882,0,180,false,423492,15070,271041,300,136131,760,532882,a19ccb4a6e21260c609f8f45fc6d267ac18b285362553baa3ea80c1bd75ddaa2,384,0,384,0,true,45,535175,535175,4,0,0,0,1,1,0,7281,1,0,true,0,367535,0,0,8490,535175,0,0,532882,0,14586,0,0,6699515,6714084,true,true,true,true,true,true,true,true,true,true,true,true,true,true
managed_paragraph_batch_perf_v1,1,replace_body_paragraph_texts,descriptive_same_fixture_alternative_api_path_no_same_api_before_after_claim,128,1,file,batch,ca410eb5ac948e3e90f67505a0e566883a15305e0fa64a90be9e146256160685,532875,fixture-p128-k1.docx,a19ccb4a6e21260c609f8f45fc6d267ac18b285362553baa3ea80c1bd75ddaa2,532882,0,181,false,425231,15610,272991,290,135340,820,532882,a19ccb4a6e21260c609f8f45fc6d267ac18b285362553baa3ea80c1bd75ddaa2,386,0,386,0,true,45,535175,535175,4,0,0,0,1,1,0,7281,1,0,true,0,367535,0,0,8490,535175,0,0,532882,0,14586,0,0,6699515,6714084,true,true,true,true,true,true,true,true,true,true,true,true,true,true
managed_paragraph_batch_perf_v1,1,replace_body_paragraph_texts,descriptive_same_fixture_alternative_api_path_no_same_api_before_after_claim,128,1,file,batch,ca410eb5ac948e3e90f67505a0e566883a15305e0fa64a90be9e146256160685,532875,fixture-p128-k1.docx,a19ccb4a6e21260c609f8f45fc6d267ac18b285362553baa3ea80c1bd75ddaa2,532882,0,182,false,428972,15300,276802,300,135590,770,532882,a19ccb4a6e21260c609f8f45fc6d267ac18b285362553baa3ea80c1bd75ddaa2,388,0,388,0,true,45,535175,535175,4,0,0,0,1,1,0,7281,1,0,true,0,367535,0,0,8490,535175,0,0,532882,0,14586,0,0,6699515,6714084,true,true,true,true,true,true,true,true,true,true,true,true,true,true
managed_paragraph_batch_perf_v1,1,replace_body_paragraph_texts,descriptive_same_fixture_alternative_api_path_no_same_api_before_after_claim,128,1,file,batch,ca410eb5ac948e3e90f67505a0e566883a15305e0fa64a90be9e146256160685,532875,fixture-p128-k1.docx,a19ccb4a6e21260c609f8f45fc6d267ac18b285362553baa3ea80c1bd75ddaa2,532882,0,183,false,423932,15130,271891,300,135621,780,532882,a19ccb4a6e21260c609f8f45fc6d267ac18b285362553baa3ea80c1bd75ddaa2,390,0,390,0,true,45,535175,535175,4,0,0,0,1,1,0,7281,1,0,true,0,367535,0,0,8490,535175,0,0,532882,0,14586,0,0,6699515,6714084,true,true,true,true,true,true,true,true,true,true,true,true,true,true
managed_paragraph_batch_perf_v1,1,replace_body_paragraph_texts,descriptive_same_fixture_alternative_api_path_no_same_api_before_after_claim,128,1,file,batch,ca410eb5ac948e3e90f67505a0e566883a15305e0fa64a90be9e146256160685,532875,fixture-p128-k1.docx,a19ccb4a6e21260c609f8f45fc6d267ac18b285362553baa3ea80c1bd75ddaa2,532882,0,184,false,434942,22170,275721,320,135801,750,532882,a19ccb4a6e21260c609f8f45fc6d267ac18b285362553baa3ea80c1bd75ddaa2,392,0,392,0,true,45,535175,535175,4,0,0,0,1,1,0,7281,1,0,true,0,367535,0,0,8490,535175,0,0,532882,0,14586,0,0,6699515,6714084,true,true,true,true,true,true,true,true,true,true,true,true,true,true
managed_paragraph_batch_perf_v1,1,replace_body_paragraph_texts,descriptive_same_fixture_alternative_api_path_no_same_api_before_after_claim,128,1,file,batch,ca410eb5ac948e3e90f67505a0e566883a15305e0fa64a90be9e146256160685,532875,fixture-p128-k1.docx,a19ccb4a6e21260c609f8f45fc6d267ac18b285362553baa3ea80c1bd75ddaa2,532882,0,185,false,430922,15210,278191,320,136281,740,532882,a19ccb4a6e21260c609f8f45fc6d267ac18b285362553baa3ea80c1bd75ddaa2,394,0,394,0,true,45,535175,535175,4,0,0,0,1,1,0,7281,1,0,true,0,367535,0,0,8490,535175,0,0,532882,0,14586,0,0,6699515,6714084,true,true,true,true,true,true,true,true,true,true,true,true,true,true
managed_paragraph_batch_perf_v1,1,replace_body_paragraph_texts,descriptive_same_fixture_alternative_api_path_no_same_api_before_after_claim,128,1,file,batch,ca410eb5ac948e3e90f67505a0e566883a15305e0fa64a90be9e146256160685,532875,fixture-p128-k1.docx,a19ccb4a6e21260c609f8f45fc6d267ac18b285362553baa3ea80c1bd75ddaa2,532882,0,186,false,430162,15041,278141,300,135740,740,532882,a19ccb4a6e21260c609f8f45fc6d267ac18b285362553baa3ea80c1bd75ddaa2,396,0,396,0,true,45,535175,535175,4,0,0,0,1,1,0,7281,1,0,true,0,367535,0,0,8490,535175,0,0,532882,0,14586,0,0,6699515,6714084,true,true,true,true,true,true,true,true,true,true,true,true,true,true
managed_paragraph_batch_perf_v1,1,replace_body_paragraph_texts,descriptive_same_fixture_alternative_api_path_no_same_api_before_after_claim,128,1,file,batch,ca410eb5ac948e3e90f67505a0e566883a15305e0fa64a90be9e146256160685,532875,fixture-p128-k1.docx,a19ccb4a6e21260c609f8f45fc6d267ac18b285362553baa3ea80c1bd75ddaa2,532882,0,187,false,429032,15190,270891,310,141721,740,532882,a19ccb4a6e21260c609f8f45fc6d267ac18b285362553baa3ea80c1bd75ddaa2,398,0,398,0,true,45,535175,535175,4,0,0,0,1,1,0,7281,1,0,true,0,367535,0,0,8490,535175,0,0,532882,0,14586,0,0,6699515,6714084,true,true,true,true,true,true,true,true,true,true,true,true,true,true
managed_paragraph_batch_perf_v1,1,replace_body_paragraph_texts,descriptive_same_fixture_alternative_api_path_no_same_api_before_after_claim,128,1,file,batch,ca410eb5ac948e3e90f67505a0e566883a15305e0fa64a90be9e146256160685,532875,fixture-p128-k1.docx,a19ccb4a6e21260c609f8f45fc6d267ac18b285362553baa3ea80c1bd75ddaa2,532882,0,188,false,423432,14940,272241,330,134981,750,532882,a19ccb4a6e21260c609f8f45fc6d267ac18b285362553baa3ea80c1bd75ddaa2,400,0,400,0,true,45,535175,535175,4,0,0,0,1,1,0,7281,1,0,true,0,367535,0,0,8490,535175,0,0,532882,0,14586,0,0,6699515,6714084,true,true,true,true,true,true,true,true,true,true,true,true,true,true
managed_paragraph_batch_perf_v1,1,replace_body_paragraph_texts,descriptive_same_fixture_alternative_api_path_no_same_api_before_after_claim,128,1,file,batch,ca410eb5ac948e3e90f67505a0e566883a15305e0fa64a90be9e146256160685,532875,fixture-p128-k1.docx,a19ccb4a6e21260c609f8f45fc6d267ac18b285362553baa3ea80c1bd75ddaa2,532882,0,189,false,422832,15440,271291,320,134850,741,532882,a19ccb4a6e21260c609f8f45fc6d267ac18b285362553baa3ea80c1bd75ddaa2,402,0,402,0,true,45,535175,535175,4,0,0,0,1,1,0,7281,1,0,true,0,367535,0,0,8490,535175,0,0,532882,0,14586,0,0,6699515,6714084,true,true,true,true,true,true,true,true,true,true,true,true,true,true
managed_paragraph_batch_perf_v1,1,replace_body_paragraph_texts,descriptive_same_fixture_alternative_api_path_no_same_api_before_after_claim,128,1,file,batch,ca410eb5ac948e3e90f67505a0e566883a15305e0fa64a90be9e146256160685,532875,fixture-p128-k1.docx,a19ccb4a6e21260c609f8f45fc6d267ac18b285362553baa3ea80c1bd75ddaa2,532882,0,190,false,424322,15231,271991,310,135830,780,532882,a19ccb4a6e21260c609f8f45fc6d267ac18b285362553baa3ea80c1bd75ddaa2,404,0,404,0,true,45,535175,535175,4,0,0,0,1,1,0,7281,1,0,true,0,367535,0,0,8490,535175,0,0,532882,0,14586,0,0,6699515,6714084,true,true,true,true,true,true,true,true,true,true,true,true,true,true
managed_paragraph_batch_perf_v1,1,replace_body_paragraph_texts,descriptive_same_fixture_alternative_api_path_no_same_api_before_after_claim,128,1,file,batch,ca410eb5ac948e3e90f67505a0e566883a15305e0fa64a90be9e146256160685,532875,fixture-p128-k1.docx,a19ccb4a6e21260c609f8f45fc6d267ac18b285362553baa3ea80c1bd75ddaa2,532882,0,191,false,428442,15100,270882,300,141190,760,532882,a19ccb4a6e21260c609f8f45fc6d267ac18b285362553baa3ea80c1bd75ddaa2,406,0,406,0,true,45,535175,535175,4,0,0,0,1,1,0,7281,1,0,true,0,367535,0,0,8490,535175,0,0,532882,0,14586,0,0,6699515,6714084,true,true,true,true,true,true,true,true,true,true,true,true,true,true
managed_paragraph_batch_perf_v1,1,replace_body_paragraph_texts,descriptive_same_fixture_alternative_api_path_no_same_api_before_after_claim,128,1,file,batch,ca410eb5ac948e3e90f67505a0e566883a15305e0fa64a90be9e146256160685,532875,fixture-p128-k1.docx,a19ccb4a6e21260c609f8f45fc6d267ac18b285362553baa3ea80c1bd75ddaa2,532882,0,192,false,429542,14920,277651,320,135701,750,532882,a19ccb4a6e21260c609f8f45fc6d267ac18b285362553baa3ea80c1bd75ddaa2,408,0,408,0,true,45,535175,535175,4,0,0,0,1,1,0,7281,1,0,true,0,367535,0,0,8490,535175,0,0,532882,0,14586,0,0,6699515,6714084,true,true,true,true,true,true,true,true,true,true,true,true,true,true
managed_paragraph_batch_perf_v1,1,replace_body_paragraph_texts,descriptive_same_fixture_alternative_api_path_no_same_api_before_after_claim,128,1,file,batch,ca410eb5ac948e3e90f67505a0e566883a15305e0fa64a90be9e146256160685,532875,fixture-p128-k1.docx,a19ccb4a6e21260c609f8f45fc6d267ac18b285362553baa3ea80c1bd75ddaa2,532882,0,193,false,429802,15200,277981,310,135371,760,532882,a19ccb4a6e21260c609f8f45fc6d267ac18b285362553baa3ea80c1bd75ddaa2,410,0,410,0,true,45,535175,535175,4,0,0,0,1,1,0,7281,1,0,true,0,367535,0,0,8490,535175,0,0,532882,0,14586,0,0,6699515,6714084,true,true,true,true,true,true,true,true,true,true,true,true,true,true
managed_paragraph_batch_perf_v1,1,replace_body_paragraph_texts,descriptive_same_fixture_alternative_api_path_no_same_api_before_after_claim,128,1,file,batch,ca410eb5ac948e3e90f67505a0e566883a15305e0fa64a90be9e146256160685,532875,fixture-p128-k1.docx,a19ccb4a6e21260c609f8f45fc6d267ac18b285362553baa3ea80c1bd75ddaa2,532882,0,194,false,430051,15300,277251,290,136270,750,532882,a19ccb4a6e21260c609f8f45fc6d267ac18b285362553baa3ea80c1bd75ddaa2,412,0,412,0,true,45,535175,535175,4,0,0,0,1,1,0,7281,1,0,true,0,367535,0,0,8490,535175,0,0,532882,0,14586,0,0,6699515,6714084,true,true,true,true,true,true,true,true,true,true,true,true,true,true
managed_paragraph_batch_perf_v1,1,replace_body_paragraph_texts,descriptive_same_fixture_alternative_api_path_no_same_api_before_after_claim,128,1,file,batch,ca410eb5ac948e3e90f67505a0e566883a15305e0fa64a90be9e146256160685,532875,fixture-p128-k1.docx,a19ccb4a6e21260c609f8f45fc6d267ac18b285362553baa3ea80c1bd75ddaa2,532882,0,195,false,430782,15240,270861,290,143451,750,532882,a19ccb4a6e21260c609f8f45fc6d267ac18b285362553baa3ea80c1bd75ddaa2,414,0,414,0,true,45,535175,535175,4,0,0,0,1,1,0,7281,1,0,true,0,367535,0,0,8490,535175,0,0,532882,0,14586,0,0,6699515,6714084,true,true,true,true,true,true,true,true,true,true,true,true,true,true
managed_paragraph_batch_perf_v1,1,replace_body_paragraph_texts,descriptive_same_fixture_alternative_api_path_no_same_api_before_after_claim,128,1,file,batch,ca410eb5ac948e3e90f67505a0e566883a15305e0fa64a90be9e146256160685,532875,fixture-p128-k1.docx,a19ccb4a6e21260c609f8f45fc6d267ac18b285362553baa3ea80c1bd75ddaa2,532882,0,196,false,431112,19300,274611,340,135941,740,532882,a19ccb4a6e21260c609f8f45fc6d267ac18b285362553baa3ea80c1bd75ddaa2,416,0,416,0,true,45,535175,535175,4,0,0,0,1,1,0,7281,1,0,true,0,367535,0,0,8490,535175,0,0,532882,0,14586,0,0,6699515,6714084,true,true,true,true,true,true,true,true,true,true,true,true,true,true
managed_paragraph_batch_perf_v1,1,replace_body_paragraph_texts,descriptive_same_fixture_alternative_api_path_no_same_api_before_after_claim,128,1,file,batch,ca410eb5ac948e3e90f67505a0e566883a15305e0fa64a90be9e146256160685,532875,fixture-p128-k1.docx,a19ccb4a6e21260c609f8f45fc6d267ac18b285362553baa3ea80c1bd75ddaa2,532882,0,197,false,423622,15390,271381,290,135601,770,532882,a19ccb4a6e21260c609f8f45fc6d267ac18b285362553baa3ea80c1bd75ddaa2,418,0,418,0,true,45,535175,535175,4,0,0,0,1,1,0,7281,1,0,true,0,367535,0,0,8490,535175,0,0,532882,0,14586,0,0,6699515,6714084,true,true,true,true,true,true,true,true,true,true,true,true,true,true
managed_paragraph_batch_perf_v1,1,replace_body_paragraph_texts,descriptive_same_fixture_alternative_api_path_no_same_api_before_after_claim,128,1,file,batch,ca410eb5ac948e3e90f67505a0e566883a15305e0fa64a90be9e146256160685,532875,fixture-p128-k1.docx,a19ccb4a6e21260c609f8f45fc6d267ac18b285362553baa3ea80c1bd75ddaa2,532882,0,198,false,425881,15490,272711,310,136460,750,532882,a19ccb4a6e21260c609f8f45fc6d267ac18b285362553baa3ea80c1bd75ddaa2,420,0,420,0,true,45,535175,535175,4,0,0,0,1,1,0,7281,1,0,true,0,367535,0,0,8490,535175,0,0,532882,0,14586,0,0,6699515,6714084,true,true,true,true,true,true,true,true,true,true,true,true,true,true
managed_paragraph_batch_perf_v1,1,replace_body_paragraph_texts,descriptive_same_fixture_alternative_api_path_no_same_api_before_after_claim,128,1,file,batch,ca410eb5ac948e3e90f67505a0e566883a15305e0fa64a90be9e146256160685,532875,fixture-p128-k1.docx,a19ccb4a6e21260c609f8f45fc6d267ac18b285362553baa3ea80c1bd75ddaa2,532882,0,199,false,425942,15090,274352,290,135260,740,532882,a19ccb4a6e21260c609f8f45fc6d267ac18b285362553baa3ea80c1bd75ddaa2,422,0,422,0,true,45,535175,535175,4,0,0,0,1,1,0,7281,1,0,true,0,367535,0,0,8490,535175,0,0,532882,0,14586,0,0,6699515,6714084,true,true,true,true,true,true,true,true,true,true,true,true,true,true
