schema,version,api_path,comparison_scope,paragraphs,replacements,source,mode,fixture_sha256,fixture_bytes,fixture_name,expected_output_sha256,expected_output_bytes,repeat,ordinal,warmup,elapsed_ns,open_ns,edit_ns,commit_ns,publish_ns,drop_ns,output_bytes,output_sha256,source_version_before_id,source_version_before_revision,source_version_after_id,source_version_after_revision,source_version_unchanged,source_read_calls,source_requested_bytes,source_returned_bytes,source_zero_length_calls,cache_before_cold_loads,cache_before_successful_loads,cache_before_hits,cache_live_cold_loads,cache_live_successful_loads,cache_live_hits,cache_live_retained_bytes,cache_live_retained_entries,cache_live_in_flight_loads,budget_managed,budget_before_memory,budget_live_memory,budget_after_memory,budget_before_input,budget_live_input,budget_after_input,budget_before_output,budget_live_output,budget_after_output,budget_before_objects,budget_live_objects,budget_after_objects,budget_before_work,budget_live_work,budget_after_work,memory_released,objects_released,input_monotonic,work_monotonic,semantic_ok,raw_untouched_ok,raw_untouched_member_payloads_ok,output_exact_ok,managed_preflight_forward_ok,managed_preflight_inverse_ok,forward_ok,inverse_ok,unmanaged_preflight_forward_ok,unmanaged_preflight_inverse_ok
managed_paragraph_batch_perf_v1,1,replace_body_paragraph_texts,descriptive_same_fixture_alternative_api_path_no_same_api_before_after_claim,128,1,owned,batch,ca410eb5ac948e3e90f67505a0e566883a15305e0fa64a90be9e146256160685,532875,fixture-p128-k1.docx,a19ccb4a6e21260c609f8f45fc6d267ac18b285362553baa3ea80c1bd75ddaa2,532882,0,0,true,406632,27261,278531,470,98910,980,532882,a19ccb4a6e21260c609f8f45fc6d267ac18b285362553baa3ea80c1bd75ddaa2,4,0,4,0,true,45,535175,535175,4,0,0,0,1,1,0,7281,1,0,true,0,367535,0,0,8490,535175,0,0,532882,0,14586,0,0,6699515,6714084,true,true,true,true,true,true,true,true,true,true,true,true,true,true
managed_paragraph_batch_perf_v1,1,replace_body_paragraph_texts,descriptive_same_fixture_alternative_api_path_no_same_api_before_after_claim,128,1,owned,batch,ca410eb5ac948e3e90f67505a0e566883a15305e0fa64a90be9e146256160685,532875,fixture-p128-k1.docx,a19ccb4a6e21260c609f8f45fc6d267ac18b285362553baa3ea80c1bd75ddaa2,532882,0,1,true,395911,14110,283061,360,97260,880,532882,a19ccb4a6e21260c609f8f45fc6d267ac18b285362553baa3ea80c1bd75ddaa2,6,0,6,0,true,45,535175,535175,4,0,0,0,1,1,0,7281,1,0,true,0,367535,0,0,8490,535175,0,0,532882,0,14586,0,0,6699515,6714084,true,true,true,true,true,true,true,true,true,true,true,true,true,true
managed_paragraph_batch_perf_v1,1,replace_body_paragraph_texts,descriptive_same_fixture_alternative_api_path_no_same_api_before_after_claim,128,1,owned,batch,ca410eb5ac948e3e90f67505a0e566883a15305e0fa64a90be9e146256160685,532875,fixture-p128-k1.docx,a19ccb4a6e21260c609f8f45fc6d267ac18b285362553baa3ea80c1bd75ddaa2,532882,0,2,true,385402,13410,265852,310,104820,830,532882,a19ccb4a6e21260c609f8f45fc6d267ac18b285362553baa3ea80c1bd75ddaa2,8,0,8,0,true,45,535175,535175,4,0,0,0,1,1,0,7281,1,0,true,0,367535,0,0,8490,535175,0,0,532882,0,14586,0,0,6699515,6714084,true,true,true,true,true,true,true,true,true,true,true,true,true,true
managed_paragraph_batch_perf_v1,1,replace_body_paragraph_texts,descriptive_same_fixture_alternative_api_path_no_same_api_before_after_claim,128,1,owned,batch,ca410eb5ac948e3e90f67505a0e566883a15305e0fa64a90be9e146256160685,532875,fixture-p128-k1.docx,a19ccb4a6e21260c609f8f45fc6d267ac18b285362553baa3ea80c1bd75ddaa2,532882,0,3,true,377052,13020,268451,310,94261,810,532882,a19ccb4a6e21260c609f8f45fc6d267ac18b285362553baa3ea80c1bd75ddaa2,10,0,10,0,true,45,535175,535175,4,0,0,0,1,1,0,7281,1,0,true,0,367535,0,0,8490,535175,0,0,532882,0,14586,0,0,6699515,6714084,true,true,true,true,true,true,true,true,true,true,true,true,true,true
managed_paragraph_batch_perf_v1,1,replace_body_paragraph_texts,descriptive_same_fixture_alternative_api_path_no_same_api_before_after_claim,128,1,owned,batch,ca410eb5ac948e3e90f67505a0e566883a15305e0fa64a90be9e146256160685,532875,fixture-p128-k1.docx,a19ccb4a6e21260c609f8f45fc6d267ac18b285362553baa3ea80c1bd75ddaa2,532882,0,4,true,377781,12480,269301,300,94690,820,532882,a19ccb4a6e21260c609f8f45fc6d267ac18b285362553baa3ea80c1bd75ddaa2,12,0,12,0,true,45,535175,535175,4,0,0,0,1,1,0,7281,1,0,true,0,367535,0,0,8490,535175,0,0,532882,0,14586,0,0,6699515,6714084,true,true,true,true,true,true,true,true,true,true,true,true,true,true
managed_paragraph_batch_perf_v1,1,replace_body_paragraph_texts,descriptive_same_fixture_alternative_api_path_no_same_api_before_after_claim,128,1,owned,batch,ca410eb5ac948e3e90f67505a0e566883a15305e0fa64a90be9e146256160685,532875,fixture-p128-k1.docx,a19ccb4a6e21260c609f8f45fc6d267ac18b285362553baa3ea80c1bd75ddaa2,532882,0,5,true,374942,12490,266391,310,94691,880,532882,a19ccb4a6e21260c609f8f45fc6d267ac18b285362553baa3ea80c1bd75ddaa2,14,0,14,0,true,45,535175,535175,4,0,0,0,1,1,0,7281,1,0,true,0,367535,0,0,8490,535175,0,0,532882,0,14586,0,0,6699515,6714084,true,true,true,true,true,true,true,true,true,true,true,true,true,true
managed_paragraph_batch_perf_v1,1,replace_body_paragraph_texts,descriptive_same_fixture_alternative_api_path_no_same_api_before_after_claim,128,1,owned,batch,ca410eb5ac948e3e90f67505a0e566883a15305e0fa64a90be9e146256160685,532875,fixture-p128-k1.docx,a19ccb4a6e21260c609f8f45fc6d267ac18b285362553baa3ea80c1bd75ddaa2,532882,0,6,true,373631,12440,266051,320,93820,790,532882,a19ccb4a6e21260c609f8f45fc6d267ac18b285362553baa3ea80c1bd75ddaa2,16,0,16,0,true,45,535175,535175,4,0,0,0,1,1,0,7281,1,0,true,0,367535,0,0,8490,535175,0,0,532882,0,14586,0,0,6699515,6714084,true,true,true,true,true,true,true,true,true,true,true,true,true,true
managed_paragraph_batch_perf_v1,1,replace_body_paragraph_texts,descriptive_same_fixture_alternative_api_path_no_same_api_before_after_claim,128,1,owned,batch,ca410eb5ac948e3e90f67505a0e566883a15305e0fa64a90be9e146256160685,532875,fixture-p128-k1.docx,a19ccb4a6e21260c609f8f45fc6d267ac18b285362553baa3ea80c1bd75ddaa2,532882,0,7,true,387632,12760,278952,320,94630,790,532882,a19ccb4a6e21260c609f8f45fc6d267ac18b285362553baa3ea80c1bd75ddaa2,18,0,18,0,true,45,535175,535175,4,0,0,0,1,1,0,7281,1,0,true,0,367535,0,0,8490,535175,0,0,532882,0,14586,0,0,6699515,6714084,true,true,true,true,true,true,true,true,true,true,true,true,true,true
managed_paragraph_batch_perf_v1,1,replace_body_paragraph_texts,descriptive_same_fixture_alternative_api_path_no_same_api_before_after_claim,128,1,owned,batch,ca410eb5ac948e3e90f67505a0e566883a15305e0fa64a90be9e146256160685,532875,fixture-p128-k1.docx,a19ccb4a6e21260c609f8f45fc6d267ac18b285362553baa3ea80c1bd75ddaa2,532882,0,8,true,381001,12440,264781,280,102550,740,532882,a19ccb4a6e21260c609f8f45fc6d267ac18b285362553baa3ea80c1bd75ddaa2,20,0,20,0,true,45,535175,535175,4,0,0,0,1,1,0,7281,1,0,true,0,367535,0,0,8490,535175,0,0,532882,0,14586,0,0,6699515,6714084,true,true,true,true,true,true,true,true,true,true,true,true,true,true
managed_paragraph_batch_perf_v1,1,replace_body_paragraph_texts,descriptive_same_fixture_alternative_api_path_no_same_api_before_after_claim,128,1,owned,batch,ca410eb5ac948e3e90f67505a0e566883a15305e0fa64a90be9e146256160685,532875,fixture-p128-k1.docx,a19ccb4a6e21260c609f8f45fc6d267ac18b285362553baa3ea80c1bd75ddaa2,532882,0,9,true,376572,12760,268612,330,93880,820,532882,a19ccb4a6e21260c609f8f45fc6d267ac18b285362553baa3ea80c1bd75ddaa2,22,0,22,0,true,45,535175,535175,4,0,0,0,1,1,0,7281,1,0,true,0,367535,0,0,8490,535175,0,0,532882,0,14586,0,0,6699515,6714084,true,true,true,true,true,true,true,true,true,true,true,true,true,true
managed_paragraph_batch_perf_v1,1,replace_body_paragraph_texts,descriptive_same_fixture_alternative_api_path_no_same_api_before_after_claim,128,1,owned,batch,ca410eb5ac948e3e90f67505a0e566883a15305e0fa64a90be9e146256160685,532875,fixture-p128-k1.docx,a19ccb4a6e21260c609f8f45fc6d267ac18b285362553baa3ea80c1bd75ddaa2,532882,0,0,false,422392,13480,270201,320,137361,820,532882,a19ccb4a6e21260c609f8f45fc6d267ac18b285362553baa3ea80c1bd75ddaa2,24,0,24,0,true,45,535175,535175,4,0,0,0,1,1,0,7281,1,0,true,0,367535,0,0,8490,535175,0,0,532882,0,14586,0,0,6699515,6714084,true,true,true,true,true,true,true,true,true,true,true,true,true,true
managed_paragraph_batch_perf_v1,1,replace_body_paragraph_texts,descriptive_same_fixture_alternative_api_path_no_same_api_before_after_claim,128,1,owned,batch,ca410eb5ac948e3e90f67505a0e566883a15305e0fa64a90be9e146256160685,532875,fixture-p128-k1.docx,a19ccb4a6e21260c609f8f45fc6d267ac18b285362553baa3ea80c1bd75ddaa2,532882,0,1,false,426612,13390,274322,330,137550,820,532882,a19ccb4a6e21260c609f8f45fc6d267ac18b285362553baa3ea80c1bd75ddaa2,26,0,26,0,true,45,535175,535175,4,0,0,0,1,1,0,7281,1,0,true,0,367535,0,0,8490,535175,0,0,532882,0,14586,0,0,6699515,6714084,true,true,true,true,true,true,true,true,true,true,true,true,true,true
managed_paragraph_batch_perf_v1,1,replace_body_paragraph_texts,descriptive_same_fixture_alternative_api_path_no_same_api_before_after_claim,128,1,owned,batch,ca410eb5ac948e3e90f67505a0e566883a15305e0fa64a90be9e146256160685,532875,fixture-p128-k1.docx,a19ccb4a6e21260c609f8f45fc6d267ac18b285362553baa3ea80c1bd75ddaa2,532882,0,2,false,419511,13430,267291,300,137440,850,532882,a19ccb4a6e21260c609f8f45fc6d267ac18b285362553baa3ea80c1bd75ddaa2,28,0,28,0,true,45,535175,535175,4,0,0,0,1,1,0,7281,1,0,true,0,367535,0,0,8490,535175,0,0,532882,0,14586,0,0,6699515,6714084,true,true,true,true,true,true,true,true,true,true,true,true,true,true
managed_paragraph_batch_perf_v1,1,replace_body_paragraph_texts,descriptive_same_fixture_alternative_api_path_no_same_api_before_after_claim,128,1,owned,batch,ca410eb5ac948e3e90f67505a0e566883a15305e0fa64a90be9e146256160685,532875,fixture-p128-k1.docx,a19ccb4a6e21260c609f8f45fc6d267ac18b285362553baa3ea80c1bd75ddaa2,532882,0,3,false,424262,13080,272351,280,137561,790,532882,a19ccb4a6e21260c609f8f45fc6d267ac18b285362553baa3ea80c1bd75ddaa2,30,0,30,0,true,45,535175,535175,4,0,0,0,1,1,0,7281,1,0,true,0,367535,0,0,8490,535175,0,0,532882,0,14586,0,0,6699515,6714084,true,true,true,true,true,true,true,true,true,true,true,true,true,true
managed_paragraph_batch_perf_v1,1,replace_body_paragraph_texts,descriptive_same_fixture_alternative_api_path_no_same_api_before_after_claim,128,1,owned,batch,ca410eb5ac948e3e90f67505a0e566883a15305e0fa64a90be9e146256160685,532875,fixture-p128-k1.docx,a19ccb4a6e21260c609f8f45fc6d267ac18b285362553baa3ea80c1bd75ddaa2,532882,0,4,false,421612,12970,269311,300,138011,780,532882,a19ccb4a6e21260c609f8f45fc6d267ac18b285362553baa3ea80c1bd75ddaa2,32,0,32,0,true,45,535175,535175,4,0,0,0,1,1,0,7281,1,0,true,0,367535,0,0,8490,535175,0,0,532882,0,14586,0,0,6699515,6714084,true,true,true,true,true,true,true,true,true,true,true,true,true,true
managed_paragraph_batch_perf_v1,1,replace_body_paragraph_texts,descriptive_same_fixture_alternative_api_path_no_same_api_before_after_claim,128,1,owned,batch,ca410eb5ac948e3e90f67505a0e566883a15305e0fa64a90be9e146256160685,532875,fixture-p128-k1.docx,a19ccb4a6e21260c609f8f45fc6d267ac18b285362553baa3ea80c1bd75ddaa2,532882,0,5,false,425762,13480,272381,350,138561,800,532882,a19ccb4a6e21260c609f8f45fc6d267ac18b285362553baa3ea80c1bd75ddaa2,34,0,34,0,true,45,535175,535175,4,0,0,0,1,1,0,7281,1,0,true,0,367535,0,0,8490,535175,0,0,532882,0,14586,0,0,6699515,6714084,true,true,true,true,true,true,true,true,true,true,true,true,true,true
managed_paragraph_batch_perf_v1,1,replace_body_paragraph_texts,descriptive_same_fixture_alternative_api_path_no_same_api_before_after_claim,128,1,owned,batch,ca410eb5ac948e3e90f67505a0e566883a15305e0fa64a90be9e146256160685,532875,fixture-p128-k1.docx,a19ccb4a6e21260c609f8f45fc6d267ac18b285362553baa3ea80c1bd75ddaa2,532882,0,6,false,416792,12980,266501,340,135891,770,532882,a19ccb4a6e21260c609f8f45fc6d267ac18b285362553baa3ea80c1bd75ddaa2,36,0,36,0,true,45,535175,535175,4,0,0,0,1,1,0,7281,1,0,true,0,367535,0,0,8490,535175,0,0,532882,0,14586,0,0,6699515,6714084,true,true,true,true,true,true,true,true,true,true,true,true,true,true
managed_paragraph_batch_perf_v1,1,replace_body_paragraph_texts,descriptive_same_fixture_alternative_api_path_no_same_api_before_after_claim,128,1,owned,batch,ca410eb5ac948e3e90f67505a0e566883a15305e0fa64a90be9e146256160685,532875,fixture-p128-k1.docx,a19ccb4a6e21260c609f8f45fc6d267ac18b285362553baa3ea80c1bd75ddaa2,532882,0,7,false,419612,13170,267681,310,137421,840,532882,a19ccb4a6e21260c609f8f45fc6d267ac18b285362553baa3ea80c1bd75ddaa2,38,0,38,0,true,45,535175,535175,4,0,0,0,1,1,0,7281,1,0,true,0,367535,0,0,8490,535175,0,0,532882,0,14586,0,0,6699515,6714084,true,true,true,true,true,true,true,true,true,true,true,true,true,true
managed_paragraph_batch_perf_v1,1,replace_body_paragraph_texts,descriptive_same_fixture_alternative_api_path_no_same_api_before_after_claim,128,1,owned,batch,ca410eb5ac948e3e90f67505a0e566883a15305e0fa64a90be9e146256160685,532875,fixture-p128-k1.docx,a19ccb4a6e21260c609f8f45fc6d267ac18b285362553baa3ea80c1bd75ddaa2,532882,0,8,false,421692,13101,269251,310,138080,760,532882,a19ccb4a6e21260c609f8f45fc6d267ac18b285362553baa3ea80c1bd75ddaa2,40,0,40,0,true,45,535175,535175,4,0,0,0,1,1,0,7281,1,0,true,0,367535,0,0,8490,535175,0,0,532882,0,14586,0,0,6699515,6714084,true,true,true,true,true,true,true,true,true,true,true,true,true,true
managed_paragraph_batch_perf_v1,1,replace_body_paragraph_texts,descriptive_same_fixture_alternative_api_path_no_same_api_before_after_claim,128,1,owned,batch,ca410eb5ac948e3e90f67505a0e566883a15305e0fa64a90be9e146256160685,532875,fixture-p128-k1.docx,a19ccb4a6e21260c609f8f45fc6d267ac18b285362553baa3ea80c1bd75ddaa2,532882,0,9,false,421381,13120,265031,290,141950,800,532882,a19ccb4a6e21260c609f8f45fc6d267ac18b285362553baa3ea80c1bd75ddaa2,42,0,42,0,true,45,535175,535175,4,0,0,0,1,1,0,7281,1,0,true,0,367535,0,0,8490,535175,0,0,532882,0,14586,0,0,6699515,6714084,true,true,true,true,true,true,true,true,true,true,true,true,true,true
managed_paragraph_batch_perf_v1,1,replace_body_paragraph_texts,descriptive_same_fixture_alternative_api_path_no_same_api_before_after_claim,128,1,owned,batch,ca410eb5ac948e3e90f67505a0e566883a15305e0fa64a90be9e146256160685,532875,fixture-p128-k1.docx,a19ccb4a6e21260c609f8f45fc6d267ac18b285362553baa3ea80c1bd75ddaa2,532882,0,10,false,416681,13000,265441,310,136820,910,532882,a19ccb4a6e21260c609f8f45fc6d267ac18b285362553baa3ea80c1bd75ddaa2,44,0,44,0,true,45,535175,535175,4,0,0,0,1,1,0,7281,1,0,true,0,367535,0,0,8490,535175,0,0,532882,0,14586,0,0,6699515,6714084,true,true,true,true,true,true,true,true,true,true,true,true,true,true
managed_paragraph_batch_perf_v1,1,replace_body_paragraph_texts,descriptive_same_fixture_alternative_api_path_no_same_api_before_after_claim,128,1,owned,batch,ca410eb5ac948e3e90f67505a0e566883a15305e0fa64a90be9e146256160685,532875,fixture-p128-k1.docx,a19ccb4a6e21260c609f8f45fc6d267ac18b285362553baa3ea80c1bd75ddaa2,532882,0,11,false,434572,17200,275431,330,140611,810,532882,a19ccb4a6e21260c609f8f45fc6d267ac18b285362553baa3ea80c1bd75ddaa2,46,0,46,0,true,45,535175,535175,4,0,0,0,1,1,0,7281,1,0,true,0,367535,0,0,8490,535175,0,0,532882,0,14586,0,0,6699515,6714084,true,true,true,true,true,true,true,true,true,true,true,true,true,true
managed_paragraph_batch_perf_v1,1,replace_body_paragraph_texts,descriptive_same_fixture_alternative_api_path_no_same_api_before_after_claim,128,1,owned,batch,ca410eb5ac948e3e90f67505a0e566883a15305e0fa64a90be9e146256160685,532875,fixture-p128-k1.docx,a19ccb4a6e21260c609f8f45fc6d267ac18b285362553baa3ea80c1bd75ddaa2,532882,0,12,false,426472,13270,274811,310,137051,820,532882,a19ccb4a6e21260c609f8f45fc6d267ac18b285362553baa3ea80c1bd75ddaa2,48,0,48,0,true,45,535175,535175,4,0,0,0,1,1,0,7281,1,0,true,0,367535,0,0,8490,535175,0,0,532882,0,14586,0,0,6699515,6714084,true,true,true,true,true,true,true,true,true,true,true,true,true,true
managed_paragraph_batch_perf_v1,1,replace_body_paragraph_texts,descriptive_same_fixture_alternative_api_path_no_same_api_before_after_claim,128,1,owned,batch,ca410eb5ac948e3e90f67505a0e566883a15305e0fa64a90be9e146256160685,532875,fixture-p128-k1.docx,a19ccb4a6e21260c609f8f45fc6d267ac18b285362553baa3ea80c1bd75ddaa2,532882,0,13,false,425042,13140,273731,300,136891,800,532882,a19ccb4a6e21260c609f8f45fc6d267ac18b285362553baa3ea80c1bd75ddaa2,50,0,50,0,true,45,535175,535175,4,0,0,0,1,1,0,7281,1,0,true,0,367535,0,0,8490,535175,0,0,532882,0,14586,0,0,6699515,6714084,true,true,true,true,true,true,true,true,true,true,true,true,true,true
managed_paragraph_batch_perf_v1,1,replace_body_paragraph_texts,descriptive_same_fixture_alternative_api_path_no_same_api_before_after_claim,128,1,owned,batch,ca410eb5ac948e3e90f67505a0e566883a15305e0fa64a90be9e146256160685,532875,fixture-p128-k1.docx,a19ccb4a6e21260c609f8f45fc6d267ac18b285362553baa3ea80c1bd75ddaa2,532882,0,14,false,428402,13190,276771,310,137111,830,532882,a19ccb4a6e21260c609f8f45fc6d267ac18b285362553baa3ea80c1bd75ddaa2,52,0,52,0,true,45,535175,535175,4,0,0,0,1,1,0,7281,1,0,true,0,367535,0,0,8490,535175,0,0,532882,0,14586,0,0,6699515,6714084,true,true,true,true,true,true,true,true,true,true,true,true,true,true
managed_paragraph_batch_perf_v1,1,replace_body_paragraph_texts,descriptive_same_fixture_alternative_api_path_no_same_api_before_after_claim,128,1,owned,batch,ca410eb5ac948e3e90f67505a0e566883a15305e0fa64a90be9e146256160685,532875,fixture-p128-k1.docx,a19ccb4a6e21260c609f8f45fc6d267ac18b285362553baa3ea80c1bd75ddaa2,532882,0,15,false,427392,12990,275291,300,137821,790,532882,a19ccb4a6e21260c609f8f45fc6d267ac18b285362553baa3ea80c1bd75ddaa2,54,0,54,0,true,45,535175,535175,4,0,0,0,1,1,0,7281,1,0,true,0,367535,0,0,8490,535175,0,0,532882,0,14586,0,0,6699515,6714084,true,true,true,true,true,true,true,true,true,true,true,true,true,true
managed_paragraph_batch_perf_v1,1,replace_body_paragraph_texts,descriptive_same_fixture_alternative_api_path_no_same_api_before_after_claim,128,1,owned,batch,ca410eb5ac948e3e90f67505a0e566883a15305e0fa64a90be9e146256160685,532875,fixture-p128-k1.docx,a19ccb4a6e21260c609f8f45fc6d267ac18b285362553baa3ea80c1bd75ddaa2,532882,0,16,false,427512,13140,275442,320,137590,800,532882,a19ccb4a6e21260c609f8f45fc6d267ac18b285362553baa3ea80c1bd75ddaa2,56,0,56,0,true,45,535175,535175,4,0,0,0,1,1,0,7281,1,0,true,0,367535,0,0,8490,535175,0,0,532882,0,14586,0,0,6699515,6714084,true,true,true,true,true,true,true,true,true,true,true,true,true,true
managed_paragraph_batch_perf_v1,1,replace_body_paragraph_texts,descriptive_same_fixture_alternative_api_path_no_same_api_before_after_claim,128,1,owned,batch,ca410eb5ac948e3e90f67505a0e566883a15305e0fa64a90be9e146256160685,532875,fixture-p128-k1.docx,a19ccb4a6e21260c609f8f45fc6d267ac18b285362553baa3ea80c1bd75ddaa2,532882,0,17,false,425192,13050,267102,300,143730,820,532882,a19ccb4a6e21260c609f8f45fc6d267ac18b285362553baa3ea80c1bd75ddaa2,58,0,58,0,true,45,535175,535175,4,0,0,0,1,1,0,7281,1,0,true,0,367535,0,0,8490,535175,0,0,532882,0,14586,0,0,6699515,6714084,true,true,true,true,true,true,true,true,true,true,true,true,true,true
managed_paragraph_batch_perf_v1,1,replace_body_paragraph_texts,descriptive_same_fixture_alternative_api_path_no_same_api_before_after_claim,128,1,owned,batch,ca410eb5ac948e3e90f67505a0e566883a15305e0fa64a90be9e146256160685,532875,fixture-p128-k1.docx,a19ccb4a6e21260c609f8f45fc6d267ac18b285362553baa3ea80c1bd75ddaa2,532882,0,18,false,428412,13470,267471,320,146160,811,532882,a19ccb4a6e21260c609f8f45fc6d267ac18b285362553baa3ea80c1bd75ddaa2,60,0,60,0,true,45,535175,535175,4,0,0,0,1,1,0,7281,1,0,true,0,367535,0,0,8490,535175,0,0,532882,0,14586,0,0,6699515,6714084,true,true,true,true,true,true,true,true,true,true,true,true,true,true
managed_paragraph_batch_perf_v1,1,replace_body_paragraph_texts,descriptive_same_fixture_alternative_api_path_no_same_api_before_after_claim,128,1,owned,batch,ca410eb5ac948e3e90f67505a0e566883a15305e0fa64a90be9e146256160685,532875,fixture-p128-k1.docx,a19ccb4a6e21260c609f8f45fc6d267ac18b285362553baa3ea80c1bd75ddaa2,532882,0,19,false,427252,13270,267181,300,145401,900,532882,a19ccb4a6e21260c609f8f45fc6d267ac18b285362553baa3ea80c1bd75ddaa2,62,0,62,0,true,45,535175,535175,4,0,0,0,1,1,0,7281,1,0,true,0,367535,0,0,8490,535175,0,0,532882,0,14586,0,0,6699515,6714084,true,true,true,true,true,true,true,true,true,true,true,true,true,true
managed_paragraph_batch_perf_v1,1,replace_body_paragraph_texts,descriptive_same_fixture_alternative_api_path_no_same_api_before_after_claim,128,1,owned,batch,ca410eb5ac948e3e90f67505a0e566883a15305e0fa64a90be9e146256160685,532875,fixture-p128-k1.docx,a19ccb4a6e21260c609f8f45fc6d267ac18b285362553baa3ea80c1bd75ddaa2,532882,0,20,false,424472,13160,267691,280,142301,830,532882,a19ccb4a6e21260c609f8f45fc6d267ac18b285362553baa3ea80c1bd75ddaa2,64,0,64,0,true,45,535175,535175,4,0,0,0,1,1,0,7281,1,0,true,0,367535,0,0,8490,535175,0,0,532882,0,14586,0,0,6699515,6714084,true,true,true,true,true,true,true,true,true,true,true,true,true,true
managed_paragraph_batch_perf_v1,1,replace_body_paragraph_texts,descriptive_same_fixture_alternative_api_path_no_same_api_before_after_claim,128,1,owned,batch,ca410eb5ac948e3e90f67505a0e566883a15305e0fa64a90be9e146256160685,532875,fixture-p128-k1.docx,a19ccb4a6e21260c609f8f45fc6d267ac18b285362553baa3ea80c1bd75ddaa2,532882,0,21,false,417782,13030,266981,280,136491,790,532882,a19ccb4a6e21260c609f8f45fc6d267ac18b285362553baa3ea80c1bd75ddaa2,66,0,66,0,true,45,535175,535175,4,0,0,0,1,1,0,7281,1,0,true,0,367535,0,0,8490,535175,0,0,532882,0,14586,0,0,6699515,6714084,true,true,true,true,true,true,true,true,true,true,true,true,true,true
managed_paragraph_batch_perf_v1,1,replace_body_paragraph_texts,descriptive_same_fixture_alternative_api_path_no_same_api_before_after_claim,128,1,owned,batch,ca410eb5ac948e3e90f67505a0e566883a15305e0fa64a90be9e146256160685,532875,fixture-p128-k1.docx,a19ccb4a6e21260c609f8f45fc6d267ac18b285362553baa3ea80c1bd75ddaa2,532882,0,22,false,419892,13200,267711,310,137621,860,532882,a19ccb4a6e21260c609f8f45fc6d267ac18b285362553baa3ea80c1bd75ddaa2,68,0,68,0,true,45,535175,535175,4,0,0,0,1,1,0,7281,1,0,true,0,367535,0,0,8490,535175,0,0,532882,0,14586,0,0,6699515,6714084,true,true,true,true,true,true,true,true,true,true,true,true,true,true
managed_paragraph_batch_perf_v1,1,replace_body_paragraph_texts,descriptive_same_fixture_alternative_api_path_no_same_api_before_after_claim,128,1,owned,batch,ca410eb5ac948e3e90f67505a0e566883a15305e0fa64a90be9e146256160685,532875,fixture-p128-k1.docx,a19ccb4a6e21260c609f8f45fc6d267ac18b285362553baa3ea80c1bd75ddaa2,532882,0,23,false,420122,13200,268761,310,136871,800,532882,a19ccb4a6e21260c609f8f45fc6d267ac18b285362553baa3ea80c1bd75ddaa2,70,0,70,0,true,45,535175,535175,4,0,0,0,1,1,0,7281,1,0,true,0,367535,0,0,8490,535175,0,0,532882,0,14586,0,0,6699515,6714084,true,true,true,true,true,true,true,true,true,true,true,true,true,true
managed_paragraph_batch_perf_v1,1,replace_body_paragraph_texts,descriptive_same_fixture_alternative_api_path_no_same_api_before_after_claim,128,1,owned,batch,ca410eb5ac948e3e90f67505a0e566883a15305e0fa64a90be9e146256160685,532875,fixture-p128-k1.docx,a19ccb4a6e21260c609f8f45fc6d267ac18b285362553baa3ea80c1bd75ddaa2,532882,0,24,false,420782,13020,268642,300,137790,820,532882,a19ccb4a6e21260c609f8f45fc6d267ac18b285362553baa3ea80c1bd75ddaa2,72,0,72,0,true,45,535175,535175,4,0,0,0,1,1,0,7281,1,0,true,0,367535,0,0,8490,535175,0,0,532882,0,14586,0,0,6699515,6714084,true,true,true,true,true,true,true,true,true,true,true,true,true,true
managed_paragraph_batch_perf_v1,1,replace_body_paragraph_texts,descriptive_same_fixture_alternative_api_path_no_same_api_before_after_claim,128,1,owned,batch,ca410eb5ac948e3e90f67505a0e566883a15305e0fa64a90be9e146256160685,532875,fixture-p128-k1.docx,a19ccb4a6e21260c609f8f45fc6d267ac18b285362553baa3ea80c1bd75ddaa2,532882,0,25,false,420442,13181,267971,290,137890,800,532882,a19ccb4a6e21260c609f8f45fc6d267ac18b285362553baa3ea80c1bd75ddaa2,74,0,74,0,true,45,535175,535175,4,0,0,0,1,1,0,7281,1,0,true,0,367535,0,0,8490,535175,0,0,532882,0,14586,0,0,6699515,6714084,true,true,true,true,true,true,true,true,true,true,true,true,true,true
managed_paragraph_batch_perf_v1,1,replace_body_paragraph_texts,descriptive_same_fixture_alternative_api_path_no_same_api_before_after_claim,128,1,owned,batch,ca410eb5ac948e3e90f67505a0e566883a15305e0fa64a90be9e146256160685,532875,fixture-p128-k1.docx,a19ccb4a6e21260c609f8f45fc6d267ac18b285362553baa3ea80c1bd75ddaa2,532882,0,26,false,423941,13110,272651,340,136830,810,532882,a19ccb4a6e21260c609f8f45fc6d267ac18b285362553baa3ea80c1bd75ddaa2,76,0,76,0,true,45,535175,535175,4,0,0,0,1,1,0,7281,1,0,true,0,367535,0,0,8490,535175,0,0,532882,0,14586,0,0,6699515,6714084,true,true,true,true,true,true,true,true,true,true,true,true,true,true
managed_paragraph_batch_perf_v1,1,replace_body_paragraph_texts,descriptive_same_fixture_alternative_api_path_no_same_api_before_after_claim,128,1,owned,batch,ca410eb5ac948e3e90f67505a0e566883a15305e0fa64a90be9e146256160685,532875,fixture-p128-k1.docx,a19ccb4a6e21260c609f8f45fc6d267ac18b285362553baa3ea80c1bd75ddaa2,532882,0,27,false,417531,12760,266501,300,137020,760,532882,a19ccb4a6e21260c609f8f45fc6d267ac18b285362553baa3ea80c1bd75ddaa2,78,0,78,0,true,45,535175,535175,4,0,0,0,1,1,0,7281,1,0,true,0,367535,0,0,8490,535175,0,0,532882,0,14586,0,0,6699515,6714084,true,true,true,true,true,true,true,true,true,true,true,true,true,true
managed_paragraph_batch_perf_v1,1,replace_body_paragraph_texts,descriptive_same_fixture_alternative_api_path_no_same_api_before_after_claim,128,1,owned,batch,ca410eb5ac948e3e90f67505a0e566883a15305e0fa64a90be9e146256160685,532875,fixture-p128-k1.docx,a19ccb4a6e21260c609f8f45fc6d267ac18b285362553baa3ea80c1bd75ddaa2,532882,0,28,false,417422,13090,265461,300,137611,760,532882,a19ccb4a6e21260c609f8f45fc6d267ac18b285362553baa3ea80c1bd75ddaa2,80,0,80,0,true,45,535175,535175,4,0,0,0,1,1,0,7281,1,0,true,0,367535,0,0,8490,535175,0,0,532882,0,14586,0,0,6699515,6714084,true,true,true,true,true,true,true,true,true,true,true,true,true,true
managed_paragraph_batch_perf_v1,1,replace_body_paragraph_texts,descriptive_same_fixture_alternative_api_path_no_same_api_before_after_claim,128,1,owned,batch,ca410eb5ac948e3e90f67505a0e566883a15305e0fa64a90be9e146256160685,532875,fixture-p128-k1.docx,a19ccb4a6e21260c609f8f45fc6d267ac18b285362553baa3ea80c1bd75ddaa2,532882,0,29,false,419982,13210,268161,310,137321,810,532882,a19ccb4a6e21260c609f8f45fc6d267ac18b285362553baa3ea80c1bd75ddaa2,82,0,82,0,true,45,535175,535175,4,0,0,0,1,1,0,7281,1,0,true,0,367535,0,0,8490,535175,0,0,532882,0,14586,0,0,6699515,6714084,true,true,true,true,true,true,true,true,true,true,true,true,true,true
managed_paragraph_batch_perf_v1,1,replace_body_paragraph_texts,descriptive_same_fixture_alternative_api_path_no_same_api_before_after_claim,128,1,owned,batch,ca410eb5ac948e3e90f67505a0e566883a15305e0fa64a90be9e146256160685,532875,fixture-p128-k1.docx,a19ccb4a6e21260c609f8f45fc6d267ac18b285362553baa3ea80c1bd75ddaa2,532882,0,30,false,422012,13160,265711,300,141861,800,532882,a19ccb4a6e21260c609f8f45fc6d267ac18b285362553baa3ea80c1bd75ddaa2,84,0,84,0,true,45,535175,535175,4,0,0,0,1,1,0,7281,1,0,true,0,367535,0,0,8490,535175,0,0,532882,0,14586,0,0,6699515,6714084,true,true,true,true,true,true,true,true,true,true,true,true,true,true
managed_paragraph_batch_perf_v1,1,replace_body_paragraph_texts,descriptive_same_fixture_alternative_api_path_no_same_api_before_after_claim,128,1,owned,batch,ca410eb5ac948e3e90f67505a0e566883a15305e0fa64a90be9e146256160685,532875,fixture-p128-k1.docx,a19ccb4a6e21260c609f8f45fc6d267ac18b285362553baa3ea80c1bd75ddaa2,532882,0,31,false,420362,13090,269341,300,136521,800,532882,a19ccb4a6e21260c609f8f45fc6d267ac18b285362553baa3ea80c1bd75ddaa2,86,0,86,0,true,45,535175,535175,4,0,0,0,1,1,0,7281,1,0,true,0,367535,0,0,8490,535175,0,0,532882,0,14586,0,0,6699515,6714084,true,true,true,true,true,true,true,true,true,true,true,true,true,true
managed_paragraph_batch_perf_v1,1,replace_body_paragraph_texts,descriptive_same_fixture_alternative_api_path_no_same_api_before_after_claim,128,1,owned,batch,ca410eb5ac948e3e90f67505a0e566883a15305e0fa64a90be9e146256160685,532875,fixture-p128-k1.docx,a19ccb4a6e21260c609f8f45fc6d267ac18b285362553baa3ea80c1bd75ddaa2,532882,0,32,false,416332,12910,265941,300,136121,880,532882,a19ccb4a6e21260c609f8f45fc6d267ac18b285362553baa3ea80c1bd75ddaa2,88,0,88,0,true,45,535175,535175,4,0,0,0,1,1,0,7281,1,0,true,0,367535,0,0,8490,535175,0,0,532882,0,14586,0,0,6699515,6714084,true,true,true,true,true,true,true,true,true,true,true,true,true,true
managed_paragraph_batch_perf_v1,1,replace_body_paragraph_texts,descriptive_same_fixture_alternative_api_path_no_same_api_before_after_claim,128,1,owned,batch,ca410eb5ac948e3e90f67505a0e566883a15305e0fa64a90be9e146256160685,532875,fixture-p128-k1.docx,a19ccb4a6e21260c609f8f45fc6d267ac18b285362553baa3ea80c1bd75ddaa2,532882,0,33,false,427032,20570,267561,320,137581,800,532882,a19ccb4a6e21260c609f8f45fc6d267ac18b285362553baa3ea80c1bd75ddaa2,90,0,90,0,true,45,535175,535175,4,0,0,0,1,1,0,7281,1,0,true,0,367535,0,0,8490,535175,0,0,532882,0,14586,0,0,6699515,6714084,true,true,true,true,true,true,true,true,true,true,true,true,true,true
managed_paragraph_batch_perf_v1,1,replace_body_paragraph_texts,descriptive_same_fixture_alternative_api_path_no_same_api_before_after_claim,128,1,owned,batch,ca410eb5ac948e3e90f67505a0e566883a15305e0fa64a90be9e146256160685,532875,fixture-p128-k1.docx,a19ccb4a6e21260c609f8f45fc6d267ac18b285362553baa3ea80c1bd75ddaa2,532882,0,34,false,422092,12980,272772,300,135010,850,532882,a19ccb4a6e21260c609f8f45fc6d267ac18b285362553baa3ea80c1bd75ddaa2,92,0,92,0,true,45,535175,535175,4,0,0,0,1,1,0,7281,1,0,true,0,367535,0,0,8490,535175,0,0,532882,0,14586,0,0,6699515,6714084,true,true,true,true,true,true,true,true,true,true,true,true,true,true
managed_paragraph_batch_perf_v1,1,replace_body_paragraph_texts,descriptive_same_fixture_alternative_api_path_no_same_api_before_after_claim,128,1,owned,batch,ca410eb5ac948e3e90f67505a0e566883a15305e0fa64a90be9e146256160685,532875,fixture-p128-k1.docx,a19ccb4a6e21260c609f8f45fc6d267ac18b285362553baa3ea80c1bd75ddaa2,532882,0,35,false,423881,13020,273421,310,136120,820,532882,a19ccb4a6e21260c609f8f45fc6d267ac18b285362553baa3ea80c1bd75ddaa2,94,0,94,0,true,45,535175,535175,4,0,0,0,1,1,0,7281,1,0,true,0,367535,0,0,8490,535175,0,0,532882,0,14586,0,0,6699515,6714084,true,true,true,true,true,true,true,true,true,true,true,true,true,true
managed_paragraph_batch_perf_v1,1,replace_body_paragraph_texts,descriptive_same_fixture_alternative_api_path_no_same_api_before_after_claim,128,1,owned,batch,ca410eb5ac948e3e90f67505a0e566883a15305e0fa64a90be9e146256160685,532875,fixture-p128-k1.docx,a19ccb4a6e21260c609f8f45fc6d267ac18b285362553baa3ea80c1bd75ddaa2,532882,0,36,false,421621,13050,271341,300,135840,770,532882,a19ccb4a6e21260c609f8f45fc6d267ac18b285362553baa3ea80c1bd75ddaa2,96,0,96,0,true,45,535175,535175,4,0,0,0,1,1,0,7281,1,0,true,0,367535,0,0,8490,535175,0,0,532882,0,14586,0,0,6699515,6714084,true,true,true,true,true,true,true,true,true,true,true,true,true,true
managed_paragraph_batch_perf_v1,1,replace_body_paragraph_texts,descriptive_same_fixture_alternative_api_path_no_same_api_before_after_claim,128,1,owned,batch,ca410eb5ac948e3e90f67505a0e566883a15305e0fa64a90be9e146256160685,532875,fixture-p128-k1.docx,a19ccb4a6e21260c609f8f45fc6d267ac18b285362553baa3ea80c1bd75ddaa2,532882,0,37,false,424542,13210,273571,300,136421,810,532882,a19ccb4a6e21260c609f8f45fc6d267ac18b285362553baa3ea80c1bd75ddaa2,98,0,98,0,true,45,535175,535175,4,0,0,0,1,1,0,7281,1,0,true,0,367535,0,0,8490,535175,0,0,532882,0,14586,0,0,6699515,6714084,true,true,true,true,true,true,true,true,true,true,true,true,true,true
managed_paragraph_batch_perf_v1,1,replace_body_paragraph_texts,descriptive_same_fixture_alternative_api_path_no_same_api_before_after_claim,128,1,owned,batch,ca410eb5ac948e3e90f67505a0e566883a15305e0fa64a90be9e146256160685,532875,fixture-p128-k1.docx,a19ccb4a6e21260c609f8f45fc6d267ac18b285362553baa3ea80c1bd75ddaa2,532882,0,38,false,426442,13080,275411,310,136671,780,532882,a19ccb4a6e21260c609f8f45fc6d267ac18b285362553baa3ea80c1bd75ddaa2,100,0,100,0,true,45,535175,535175,4,0,0,0,1,1,0,7281,1,0,true,0,367535,0,0,8490,535175,0,0,532882,0,14586,0,0,6699515,6714084,true,true,true,true,true,true,true,true,true,true,true,true,true,true
managed_paragraph_batch_perf_v1,1,replace_body_paragraph_texts,descriptive_same_fixture_alternative_api_path_no_same_api_before_after_claim,128,1,owned,batch,ca410eb5ac948e3e90f67505a0e566883a15305e0fa64a90be9e146256160685,532875,fixture-p128-k1.docx,a19ccb4a6e21260c609f8f45fc6d267ac18b285362553baa3ea80c1bd75ddaa2,532882,0,39,false,427622,12920,265461,300,147781,850,532882,a19ccb4a6e21260c609f8f45fc6d267ac18b285362553baa3ea80c1bd75ddaa2,102,0,102,0,true,45,535175,535175,4,0,0,0,1,1,0,7281,1,0,true,0,367535,0,0,8490,535175,0,0,532882,0,14586,0,0,6699515,6714084,true,true,true,true,true,true,true,true,true,true,true,true,true,true
managed_paragraph_batch_perf_v1,1,replace_body_paragraph_texts,descriptive_same_fixture_alternative_api_path_no_same_api_before_after_claim,128,1,owned,batch,ca410eb5ac948e3e90f67505a0e566883a15305e0fa64a90be9e146256160685,532875,fixture-p128-k1.docx,a19ccb4a6e21260c609f8f45fc6d267ac18b285362553baa3ea80c1bd75ddaa2,532882,0,40,false,424072,13120,265211,300,144411,820,532882,a19ccb4a6e21260c609f8f45fc6d267ac18b285362553baa3ea80c1bd75ddaa2,104,0,104,0,true,45,535175,535175,4,0,0,0,1,1,0,7281,1,0,true,0,367535,0,0,8490,535175,0,0,532882,0,14586,0,0,6699515,6714084,true,true,true,true,true,true,true,true,true,true,true,true,true,true
managed_paragraph_batch_perf_v1,1,replace_body_paragraph_texts,descriptive_same_fixture_alternative_api_path_no_same_api_before_after_claim,128,1,owned,batch,ca410eb5ac948e3e90f67505a0e566883a15305e0fa64a90be9e146256160685,532875,fixture-p128-k1.docx,a19ccb4a6e21260c609f8f45fc6d267ac18b285362553baa3ea80c1bd75ddaa2,532882,0,41,false,423522,12900,264911,290,144401,830,532882,a19ccb4a6e21260c609f8f45fc6d267ac18b285362553baa3ea80c1bd75ddaa2,106,0,106,0,true,45,535175,535175,4,0,0,0,1,1,0,7281,1,0,true,0,367535,0,0,8490,535175,0,0,532882,0,14586,0,0,6699515,6714084,true,true,true,true,true,true,true,true,true,true,true,true,true,true
managed_paragraph_batch_perf_v1,1,replace_body_paragraph_texts,descriptive_same_fixture_alternative_api_path_no_same_api_before_after_claim,128,1,owned,batch,ca410eb5ac948e3e90f67505a0e566883a15305e0fa64a90be9e146256160685,532875,fixture-p128-k1.docx,a19ccb4a6e21260c609f8f45fc6d267ac18b285362553baa3ea80c1bd75ddaa2,532882,0,42,false,421672,13110,269791,320,137461,810,532882,a19ccb4a6e21260c609f8f45fc6d267ac18b285362553baa3ea80c1bd75ddaa2,108,0,108,0,true,45,535175,535175,4,0,0,0,1,1,0,7281,1,0,true,0,367535,0,0,8490,535175,0,0,532882,0,14586,0,0,6699515,6714084,true,true,true,true,true,true,true,true,true,true,true,true,true,true
managed_paragraph_batch_perf_v1,1,replace_body_paragraph_texts,descriptive_same_fixture_alternative_api_path_no_same_api_before_after_claim,128,1,owned,batch,ca410eb5ac948e3e90f67505a0e566883a15305e0fa64a90be9e146256160685,532875,fixture-p128-k1.docx,a19ccb4a6e21260c609f8f45fc6d267ac18b285362553baa3ea80c1bd75ddaa2,532882,0,43,false,419422,13090,268362,280,136670,800,532882,a19ccb4a6e21260c609f8f45fc6d267ac18b285362553baa3ea80c1bd75ddaa2,110,0,110,0,true,45,535175,535175,4,0,0,0,1,1,0,7281,1,0,true,0,367535,0,0,8490,535175,0,0,532882,0,14586,0,0,6699515,6714084,true,true,true,true,true,true,true,true,true,true,true,true,true,true
managed_paragraph_batch_perf_v1,1,replace_body_paragraph_texts,descriptive_same_fixture_alternative_api_path_no_same_api_before_after_claim,128,1,owned,batch,ca410eb5ac948e3e90f67505a0e566883a15305e0fa64a90be9e146256160685,532875,fixture-p128-k1.docx,a19ccb4a6e21260c609f8f45fc6d267ac18b285362553baa3ea80c1bd75ddaa2,532882,0,44,false,419932,12920,268892,310,136740,790,532882,a19ccb4a6e21260c609f8f45fc6d267ac18b285362553baa3ea80c1bd75ddaa2,112,0,112,0,true,45,535175,535175,4,0,0,0,1,1,0,7281,1,0,true,0,367535,0,0,8490,535175,0,0,532882,0,14586,0,0,6699515,6714084,true,true,true,true,true,true,true,true,true,true,true,true,true,true
managed_paragraph_batch_perf_v1,1,replace_body_paragraph_texts,descriptive_same_fixture_alternative_api_path_no_same_api_before_after_claim,128,1,owned,batch,ca410eb5ac948e3e90f67505a0e566883a15305e0fa64a90be9e146256160685,532875,fixture-p128-k1.docx,a19ccb4a6e21260c609f8f45fc6d267ac18b285362553baa3ea80c1bd75ddaa2,532882,0,45,false,417451,13070,267881,330,135190,790,532882,a19ccb4a6e21260c609f8f45fc6d267ac18b285362553baa3ea80c1bd75ddaa2,114,0,114,0,true,45,535175,535175,4,0,0,0,1,1,0,7281,1,0,true,0,367535,0,0,8490,535175,0,0,532882,0,14586,0,0,6699515,6714084,true,true,true,true,true,true,true,true,true,true,true,true,true,true
managed_paragraph_batch_perf_v1,1,replace_body_paragraph_texts,descriptive_same_fixture_alternative_api_path_no_same_api_before_after_claim,128,1,owned,batch,ca410eb5ac948e3e90f67505a0e566883a15305e0fa64a90be9e146256160685,532875,fixture-p128-k1.docx,a19ccb4a6e21260c609f8f45fc6d267ac18b285362553baa3ea80c1bd75ddaa2,532882,0,46,false,416172,13090,265781,300,136011,780,532882,a19ccb4a6e21260c609f8f45fc6d267ac18b285362553baa3ea80c1bd75ddaa2,116,0,116,0,true,45,535175,535175,4,0,0,0,1,1,0,7281,1,0,true,0,367535,0,0,8490,535175,0,0,532882,0,14586,0,0,6699515,6714084,true,true,true,true,true,true,true,true,true,true,true,true,true,true
managed_paragraph_batch_perf_v1,1,replace_body_paragraph_texts,descriptive_same_fixture_alternative_api_path_no_same_api_before_after_claim,128,1,owned,batch,ca410eb5ac948e3e90f67505a0e566883a15305e0fa64a90be9e146256160685,532875,fixture-p128-k1.docx,a19ccb4a6e21260c609f8f45fc6d267ac18b285362553baa3ea80c1bd75ddaa2,532882,0,47,false,423482,13260,271701,300,137071,840,532882,a19ccb4a6e21260c609f8f45fc6d267ac18b285362553baa3ea80c1bd75ddaa2,118,0,118,0,true,45,535175,535175,4,0,0,0,1,1,0,7281,1,0,true,0,367535,0,0,8490,535175,0,0,532882,0,14586,0,0,6699515,6714084,true,true,true,true,true,true,true,true,true,true,true,true,true,true
managed_paragraph_batch_perf_v1,1,replace_body_paragraph_texts,descriptive_same_fixture_alternative_api_path_no_same_api_before_after_claim,128,1,owned,batch,ca410eb5ac948e3e90f67505a0e566883a15305e0fa64a90be9e146256160685,532875,fixture-p128-k1.docx,a19ccb4a6e21260c609f8f45fc6d267ac18b285362553baa3ea80c1bd75ddaa2,532882,0,48,false,415512,13000,265561,310,135481,840,532882,a19ccb4a6e21260c609f8f45fc6d267ac18b285362553baa3ea80c1bd75ddaa2,120,0,120,0,true,45,535175,535175,4,0,0,0,1,1,0,7281,1,0,true,0,367535,0,0,8490,535175,0,0,532882,0,14586,0,0,6699515,6714084,true,true,true,true,true,true,true,true,true,true,true,true,true,true
managed_paragraph_batch_perf_v1,1,replace_body_paragraph_texts,descriptive_same_fixture_alternative_api_path_no_same_api_before_after_claim,128,1,owned,batch,ca410eb5ac948e3e90f67505a0e566883a15305e0fa64a90be9e146256160685,532875,fixture-p128-k1.docx,a19ccb4a6e21260c609f8f45fc6d267ac18b285362553baa3ea80c1bd75ddaa2,532882,0,49,false,420152,13070,269631,290,136041,800,532882,a19ccb4a6e21260c609f8f45fc6d267ac18b285362553baa3ea80c1bd75ddaa2,122,0,122,0,true,45,535175,535175,4,0,0,0,1,1,0,7281,1,0,true,0,367535,0,0,8490,535175,0,0,532882,0,14586,0,0,6699515,6714084,true,true,true,true,true,true,true,true,true,true,true,true,true,true
managed_paragraph_batch_perf_v1,1,replace_body_paragraph_texts,descriptive_same_fixture_alternative_api_path_no_same_api_before_after_claim,128,1,owned,batch,ca410eb5ac948e3e90f67505a0e566883a15305e0fa64a90be9e146256160685,532875,fixture-p128-k1.docx,a19ccb4a6e21260c609f8f45fc6d267ac18b285362553baa3ea80c1bd75ddaa2,532882,0,50,false,416892,12920,265391,300,137231,840,532882,a19ccb4a6e21260c609f8f45fc6d267ac18b285362553baa3ea80c1bd75ddaa2,124,0,124,0,true,45,535175,535175,4,0,0,0,1,1,0,7281,1,0,true,0,367535,0,0,8490,535175,0,0,532882,0,14586,0,0,6699515,6714084,true,true,true,true,true,true,true,true,true,true,true,true,true,true
managed_paragraph_batch_perf_v1,1,replace_body_paragraph_texts,descriptive_same_fixture_alternative_api_path_no_same_api_before_after_claim,128,1,owned,batch,ca410eb5ac948e3e90f67505a0e566883a15305e0fa64a90be9e146256160685,532875,fixture-p128-k1.docx,a19ccb4a6e21260c609f8f45fc6d267ac18b285362553baa3ea80c1bd75ddaa2,532882,0,51,false,421542,12950,265241,290,142001,850,532882,a19ccb4a6e21260c609f8f45fc6d267ac18b285362553baa3ea80c1bd75ddaa2,126,0,126,0,true,45,535175,535175,4,0,0,0,1,1,0,7281,1,0,true,0,367535,0,0,8490,535175,0,0,532882,0,14586,0,0,6699515,6714084,true,true,true,true,true,true,true,true,true,true,true,true,true,true
managed_paragraph_batch_perf_v1,1,replace_body_paragraph_texts,descriptive_same_fixture_alternative_api_path_no_same_api_before_after_claim,128,1,owned,batch,ca410eb5ac948e3e90f67505a0e566883a15305e0fa64a90be9e146256160685,532875,fixture-p128-k1.docx,a19ccb4a6e21260c609f8f45fc6d267ac18b285362553baa3ea80c1bd75ddaa2,532882,0,52,false,421942,12970,270742,290,136950,780,532882,a19ccb4a6e21260c609f8f45fc6d267ac18b285362553baa3ea80c1bd75ddaa2,128,0,128,0,true,45,535175,535175,4,0,0,0,1,1,0,7281,1,0,true,0,367535,0,0,8490,535175,0,0,532882,0,14586,0,0,6699515,6714084,true,true,true,true,true,true,true,true,true,true,true,true,true,true
managed_paragraph_batch_perf_v1,1,replace_body_paragraph_texts,descriptive_same_fixture_alternative_api_path_no_same_api_before_after_claim,128,1,owned,batch,ca410eb5ac948e3e90f67505a0e566883a15305e0fa64a90be9e146256160685,532875,fixture-p128-k1.docx,a19ccb4a6e21260c609f8f45fc6d267ac18b285362553baa3ea80c1bd75ddaa2,532882,0,53,false,416082,13171,264021,290,137540,880,532882,a19ccb4a6e21260c609f8f45fc6d267ac18b285362553baa3ea80c1bd75ddaa2,130,0,130,0,true,45,535175,535175,4,0,0,0,1,1,0,7281,1,0,true,0,367535,0,0,8490,535175,0,0,532882,0,14586,0,0,6699515,6714084,true,true,true,true,true,true,true,true,true,true,true,true,true,true
managed_paragraph_batch_perf_v1,1,replace_body_paragraph_texts,descriptive_same_fixture_alternative_api_path_no_same_api_before_after_claim,128,1,owned,batch,ca410eb5ac948e3e90f67505a0e566883a15305e0fa64a90be9e146256160685,532875,fixture-p128-k1.docx,a19ccb4a6e21260c609f8f45fc6d267ac18b285362553baa3ea80c1bd75ddaa2,532882,0,54,false,417591,13260,266911,300,136080,840,532882,a19ccb4a6e21260c609f8f45fc6d267ac18b285362553baa3ea80c1bd75ddaa2,132,0,132,0,true,45,535175,535175,4,0,0,0,1,1,0,7281,1,0,true,0,367535,0,0,8490,535175,0,0,532882,0,14586,0,0,6699515,6714084,true,true,true,true,true,true,true,true,true,true,true,true,true,true
managed_paragraph_batch_perf_v1,1,replace_body_paragraph_texts,descriptive_same_fixture_alternative_api_path_no_same_api_before_after_claim,128,1,owned,batch,ca410eb5ac948e3e90f67505a0e566883a15305e0fa64a90be9e146256160685,532875,fixture-p128-k1.docx,a19ccb4a6e21260c609f8f45fc6d267ac18b285362553baa3ea80c1bd75ddaa2,532882,0,55,false,423531,13330,272151,300,136600,790,532882,a19ccb4a6e21260c609f8f45fc6d267ac18b285362553baa3ea80c1bd75ddaa2,134,0,134,0,true,45,535175,535175,4,0,0,0,1,1,0,7281,1,0,true,0,367535,0,0,8490,535175,0,0,532882,0,14586,0,0,6699515,6714084,true,true,true,true,true,true,true,true,true,true,true,true,true,true
managed_paragraph_batch_perf_v1,1,replace_body_paragraph_texts,descriptive_same_fixture_alternative_api_path_no_same_api_before_after_claim,128,1,owned,batch,ca410eb5ac948e3e90f67505a0e566883a15305e0fa64a90be9e146256160685,532875,fixture-p128-k1.docx,a19ccb4a6e21260c609f8f45fc6d267ac18b285362553baa3ea80c1bd75ddaa2,532882,0,56,false,424762,12990,274471,310,135861,790,532882,a19ccb4a6e21260c609f8f45fc6d267ac18b285362553baa3ea80c1bd75ddaa2,136,0,136,0,true,45,535175,535175,4,0,0,0,1,1,0,7281,1,0,true,0,367535,0,0,8490,535175,0,0,532882,0,14586,0,0,6699515,6714084,true,true,true,true,true,true,true,true,true,true,true,true,true,true
managed_paragraph_batch_perf_v1,1,replace_body_paragraph_texts,descriptive_same_fixture_alternative_api_path_no_same_api_before_after_claim,128,1,owned,batch,ca410eb5ac948e3e90f67505a0e566883a15305e0fa64a90be9e146256160685,532875,fixture-p128-k1.docx,a19ccb4a6e21260c609f8f45fc6d267ac18b285362553baa3ea80c1bd75ddaa2,532882,0,57,false,424732,12640,273532,360,137170,810,532882,a19ccb4a6e21260c609f8f45fc6d267ac18b285362553baa3ea80c1bd75ddaa2,138,0,138,0,true,45,535175,535175,4,0,0,0,1,1,0,7281,1,0,true,0,367535,0,0,8490,535175,0,0,532882,0,14586,0,0,6699515,6714084,true,true,true,true,true,true,true,true,true,true,true,true,true,true
managed_paragraph_batch_perf_v1,1,replace_body_paragraph_texts,descriptive_same_fixture_alternative_api_path_no_same_api_before_after_claim,128,1,owned,batch,ca410eb5ac948e3e90f67505a0e566883a15305e0fa64a90be9e146256160685,532875,fixture-p128-k1.docx,a19ccb4a6e21260c609f8f45fc6d267ac18b285362553baa3ea80c1bd75ddaa2,532882,0,58,false,424201,12880,273571,320,136380,840,532882,a19ccb4a6e21260c609f8f45fc6d267ac18b285362553baa3ea80c1bd75ddaa2,140,0,140,0,true,45,535175,535175,4,0,0,0,1,1,0,7281,1,0,true,0,367535,0,0,8490,535175,0,0,532882,0,14586,0,0,6699515,6714084,true,true,true,true,true,true,true,true,true,true,true,true,true,true
managed_paragraph_batch_perf_v1,1,replace_body_paragraph_texts,descriptive_same_fixture_alternative_api_path_no_same_api_before_after_claim,128,1,owned,batch,ca410eb5ac948e3e90f67505a0e566883a15305e0fa64a90be9e146256160685,532875,fixture-p128-k1.docx,a19ccb4a6e21260c609f8f45fc6d267ac18b285362553baa3ea80c1bd75ddaa2,532882,0,59,false,425132,12970,274681,300,136051,800,532882,a19ccb4a6e21260c609f8f45fc6d267ac18b285362553baa3ea80c1bd75ddaa2,142,0,142,0,true,45,535175,535175,4,0,0,0,1,1,0,7281,1,0,true,0,367535,0,0,8490,535175,0,0,532882,0,14586,0,0,6699515,6714084,true,true,true,true,true,true,true,true,true,true,true,true,true,true
managed_paragraph_batch_perf_v1,1,replace_body_paragraph_texts,descriptive_same_fixture_alternative_api_path_no_same_api_before_after_claim,128,1,owned,batch,ca410eb5ac948e3e90f67505a0e566883a15305e0fa64a90be9e146256160685,532875,fixture-p128-k1.docx,a19ccb4a6e21260c609f8f45fc6d267ac18b285362553baa3ea80c1bd75ddaa2,532882,0,60,false,431222,24260,266572,310,139000,880,532882,a19ccb4a6e21260c609f8f45fc6d267ac18b285362553baa3ea80c1bd75ddaa2,144,0,144,0,true,45,535175,535175,4,0,0,0,1,1,0,7281,1,0,true,0,367535,0,0,8490,535175,0,0,532882,0,14586,0,0,6699515,6714084,true,true,true,true,true,true,true,true,true,true,true,true,true,true
managed_paragraph_batch_perf_v1,1,replace_body_paragraph_texts,descriptive_same_fixture_alternative_api_path_no_same_api_before_after_claim,128,1,owned,batch,ca410eb5ac948e3e90f67505a0e566883a15305e0fa64a90be9e146256160685,532875,fixture-p128-k1.docx,a19ccb4a6e21260c609f8f45fc6d267ac18b285362553baa3ea80c1bd75ddaa2,532882,0,61,false,425631,21590,266521,290,136090,810,532882,a19ccb4a6e21260c609f8f45fc6d267ac18b285362553baa3ea80c1bd75ddaa2,146,0,146,0,true,45,535175,535175,4,0,0,0,1,1,0,7281,1,0,true,0,367535,0,0,8490,535175,0,0,532882,0,14586,0,0,6699515,6714084,true,true,true,true,true,true,true,true,true,true,true,true,true,true
managed_paragraph_batch_perf_v1,1,replace_body_paragraph_texts,descriptive_same_fixture_alternative_api_path_no_same_api_before_after_claim,128,1,owned,batch,ca410eb5ac948e3e90f67505a0e566883a15305e0fa64a90be9e146256160685,532875,fixture-p128-k1.docx,a19ccb4a6e21260c609f8f45fc6d267ac18b285362553baa3ea80c1bd75ddaa2,532882,0,62,false,426132,20530,265391,370,138791,850,532882,a19ccb4a6e21260c609f8f45fc6d267ac18b285362553baa3ea80c1bd75ddaa2,148,0,148,0,true,45,535175,535175,4,0,0,0,1,1,0,7281,1,0,true,0,367535,0,0,8490,535175,0,0,532882,0,14586,0,0,6699515,6714084,true,true,true,true,true,true,true,true,true,true,true,true,true,true
managed_paragraph_batch_perf_v1,1,replace_body_paragraph_texts,descriptive_same_fixture_alternative_api_path_no_same_api_before_after_claim,128,1,owned,batch,ca410eb5ac948e3e90f67505a0e566883a15305e0fa64a90be9e146256160685,532875,fixture-p128-k1.docx,a19ccb4a6e21260c609f8f45fc6d267ac18b285362553baa3ea80c1bd75ddaa2,532882,0,63,false,418622,12990,266532,310,137810,800,532882,a19ccb4a6e21260c609f8f45fc6d267ac18b285362553baa3ea80c1bd75ddaa2,150,0,150,0,true,45,535175,535175,4,0,0,0,1,1,0,7281,1,0,true,0,367535,0,0,8490,535175,0,0,532882,0,14586,0,0,6699515,6714084,true,true,true,true,true,true,true,true,true,true,true,true,true,true
managed_paragraph_batch_perf_v1,1,replace_body_paragraph_texts,descriptive_same_fixture_alternative_api_path_no_same_api_before_after_claim,128,1,owned,batch,ca410eb5ac948e3e90f67505a0e566883a15305e0fa64a90be9e146256160685,532875,fixture-p128-k1.docx,a19ccb4a6e21260c609f8f45fc6d267ac18b285362553baa3ea80c1bd75ddaa2,532882,0,64,false,419941,12950,267311,300,138360,820,532882,a19ccb4a6e21260c609f8f45fc6d267ac18b285362553baa3ea80c1bd75ddaa2,152,0,152,0,true,45,535175,535175,4,0,0,0,1,1,0,7281,1,0,true,0,367535,0,0,8490,535175,0,0,532882,0,14586,0,0,6699515,6714084,true,true,true,true,true,true,true,true,true,true,true,true,true,true
managed_paragraph_batch_perf_v1,1,replace_body_paragraph_texts,descriptive_same_fixture_alternative_api_path_no_same_api_before_after_claim,128,1,owned,batch,ca410eb5ac948e3e90f67505a0e566883a15305e0fa64a90be9e146256160685,532875,fixture-p128-k1.docx,a19ccb4a6e21260c609f8f45fc6d267ac18b285362553baa3ea80c1bd75ddaa2,532882,0,65,false,418082,13000,266561,310,137251,770,532882,a19ccb4a6e21260c609f8f45fc6d267ac18b285362553baa3ea80c1bd75ddaa2,154,0,154,0,true,45,535175,535175,4,0,0,0,1,1,0,7281,1,0,true,0,367535,0,0,8490,535175,0,0,532882,0,14586,0,0,6699515,6714084,true,true,true,true,true,true,true,true,true,true,true,true,true,true
managed_paragraph_batch_perf_v1,1,replace_body_paragraph_texts,descriptive_same_fixture_alternative_api_path_no_same_api_before_after_claim,128,1,owned,batch,ca410eb5ac948e3e90f67505a0e566883a15305e0fa64a90be9e146256160685,532875,fixture-p128-k1.docx,a19ccb4a6e21260c609f8f45fc6d267ac18b285362553baa3ea80c1bd75ddaa2,532882,0,66,false,419262,13120,266382,300,138450,800,532882,a19ccb4a6e21260c609f8f45fc6d267ac18b285362553baa3ea80c1bd75ddaa2,156,0,156,0,true,45,535175,535175,4,0,0,0,1,1,0,7281,1,0,true,0,367535,0,0,8490,535175,0,0,532882,0,14586,0,0,6699515,6714084,true,true,true,true,true,true,true,true,true,true,true,true,true,true
managed_paragraph_batch_perf_v1,1,replace_body_paragraph_texts,descriptive_same_fixture_alternative_api_path_no_same_api_before_after_claim,128,1,owned,batch,ca410eb5ac948e3e90f67505a0e566883a15305e0fa64a90be9e146256160685,532875,fixture-p128-k1.docx,a19ccb4a6e21260c609f8f45fc6d267ac18b285362553baa3ea80c1bd75ddaa2,532882,0,67,false,416932,13020,265381,310,137201,820,532882,a19ccb4a6e21260c609f8f45fc6d267ac18b285362553baa3ea80c1bd75ddaa2,158,0,158,0,true,45,535175,535175,4,0,0,0,1,1,0,7281,1,0,true,0,367535,0,0,8490,535175,0,0,532882,0,14586,0,0,6699515,6714084,true,true,true,true,true,true,true,true,true,true,true,true,true,true
managed_paragraph_batch_perf_v1,1,replace_body_paragraph_texts,descriptive_same_fixture_alternative_api_path_no_same_api_before_after_claim,128,1,owned,batch,ca410eb5ac948e3e90f67505a0e566883a15305e0fa64a90be9e146256160685,532875,fixture-p128-k1.docx,a19ccb4a6e21260c609f8f45fc6d267ac18b285362553baa3ea80c1bd75ddaa2,532882,0,68,false,417212,13140,265681,310,137041,830,532882,a19ccb4a6e21260c609f8f45fc6d267ac18b285362553baa3ea80c1bd75ddaa2,160,0,160,0,true,45,535175,535175,4,0,0,0,1,1,0,7281,1,0,true,0,367535,0,0,8490,535175,0,0,532882,0,14586,0,0,6699515,6714084,true,true,true,true,true,true,true,true,true,true,true,true,true,true
managed_paragraph_batch_perf_v1,1,replace_body_paragraph_texts,descriptive_same_fixture_alternative_api_path_no_same_api_before_after_claim,128,1,owned,batch,ca410eb5ac948e3e90f67505a0e566883a15305e0fa64a90be9e146256160685,532875,fixture-p128-k1.docx,a19ccb4a6e21260c609f8f45fc6d267ac18b285362553baa3ea80c1bd75ddaa2,532882,0,69,false,418652,13020,268332,300,136030,790,532882,a19ccb4a6e21260c609f8f45fc6d267ac18b285362553baa3ea80c1bd75ddaa2,162,0,162,0,true,45,535175,535175,4,0,0,0,1,1,0,7281,1,0,true,0,367535,0,0,8490,535175,0,0,532882,0,14586,0,0,6699515,6714084,true,true,true,true,true,true,true,true,true,true,true,true,true,true
managed_paragraph_batch_perf_v1,1,replace_body_paragraph_texts,descriptive_same_fixture_alternative_api_path_no_same_api_before_after_claim,128,1,owned,batch,ca410eb5ac948e3e90f67505a0e566883a15305e0fa64a90be9e146256160685,532875,fixture-p128-k1.docx,a19ccb4a6e21260c609f8f45fc6d267ac18b285362553baa3ea80c1bd75ddaa2,532882,0,70,false,418131,13220,266611,330,136960,820,532882,a19ccb4a6e21260c609f8f45fc6d267ac18b285362553baa3ea80c1bd75ddaa2,164,0,164,0,true,45,535175,535175,4,0,0,0,1,1,0,7281,1,0,true,0,367535,0,0,8490,535175,0,0,532882,0,14586,0,0,6699515,6714084,true,true,true,true,true,true,true,true,true,true,true,true,true,true
managed_paragraph_batch_perf_v1,1,replace_body_paragraph_texts,descriptive_same_fixture_alternative_api_path_no_same_api_before_after_claim,128,1,owned,batch,ca410eb5ac948e3e90f67505a0e566883a15305e0fa64a90be9e146256160685,532875,fixture-p128-k1.docx,a19ccb4a6e21260c609f8f45fc6d267ac18b285362553baa3ea80c1bd75ddaa2,532882,0,71,false,415872,12840,265661,330,136021,820,532882,a19ccb4a6e21260c609f8f45fc6d267ac18b285362553baa3ea80c1bd75ddaa2,166,0,166,0,true,45,535175,535175,4,0,0,0,1,1,0,7281,1,0,true,0,367535,0,0,8490,535175,0,0,532882,0,14586,0,0,6699515,6714084,true,true,true,true,true,true,true,true,true,true,true,true,true,true
managed_paragraph_batch_perf_v1,1,replace_body_paragraph_texts,descriptive_same_fixture_alternative_api_path_no_same_api_before_after_claim,128,1,owned,batch,ca410eb5ac948e3e90f67505a0e566883a15305e0fa64a90be9e146256160685,532875,fixture-p128-k1.docx,a19ccb4a6e21260c609f8f45fc6d267ac18b285362553baa3ea80c1bd75ddaa2,532882,0,72,false,422312,13510,270502,340,136960,770,532882,a19ccb4a6e21260c609f8f45fc6d267ac18b285362553baa3ea80c1bd75ddaa2,168,0,168,0,true,45,535175,535175,4,0,0,0,1,1,0,7281,1,0,true,0,367535,0,0,8490,535175,0,0,532882,0,14586,0,0,6699515,6714084,true,true,true,true,true,true,true,true,true,true,true,true,true,true
managed_paragraph_batch_perf_v1,1,replace_body_paragraph_texts,descriptive_same_fixture_alternative_api_path_no_same_api_before_after_claim,128,1,owned,batch,ca410eb5ac948e3e90f67505a0e566883a15305e0fa64a90be9e146256160685,532875,fixture-p128-k1.docx,a19ccb4a6e21260c609f8f45fc6d267ac18b285362553baa3ea80c1bd75ddaa2,532882,0,73,false,415812,13120,265471,330,135861,800,532882,a19ccb4a6e21260c609f8f45fc6d267ac18b285362553baa3ea80c1bd75ddaa2,170,0,170,0,true,45,535175,535175,4,0,0,0,1,1,0,7281,1,0,true,0,367535,0,0,8490,535175,0,0,532882,0,14586,0,0,6699515,6714084,true,true,true,true,true,true,true,true,true,true,true,true,true,true
managed_paragraph_batch_perf_v1,1,replace_body_paragraph_texts,descriptive_same_fixture_alternative_api_path_no_same_api_before_after_claim,128,1,owned,batch,ca410eb5ac948e3e90f67505a0e566883a15305e0fa64a90be9e146256160685,532875,fixture-p128-k1.docx,a19ccb4a6e21260c609f8f45fc6d267ac18b285362553baa3ea80c1bd75ddaa2,532882,0,74,false,417082,13050,266361,290,136391,790,532882,a19ccb4a6e21260c609f8f45fc6d267ac18b285362553baa3ea80c1bd75ddaa2,172,0,172,0,true,45,535175,535175,4,0,0,0,1,1,0,7281,1,0,true,0,367535,0,0,8490,535175,0,0,532882,0,14586,0,0,6699515,6714084,true,true,true,true,true,true,true,true,true,true,true,true,true,true
managed_paragraph_batch_perf_v1,1,replace_body_paragraph_texts,descriptive_same_fixture_alternative_api_path_no_same_api_before_after_claim,128,1,owned,batch,ca410eb5ac948e3e90f67505a0e566883a15305e0fa64a90be9e146256160685,532875,fixture-p128-k1.docx,a19ccb4a6e21260c609f8f45fc6d267ac18b285362553baa3ea80c1bd75ddaa2,532882,0,75,false,421182,13310,267172,320,139410,790,532882,a19ccb4a6e21260c609f8f45fc6d267ac18b285362553baa3ea80c1bd75ddaa2,174,0,174,0,true,45,535175,535175,4,0,0,0,1,1,0,7281,1,0,true,0,367535,0,0,8490,535175,0,0,532882,0,14586,0,0,6699515,6714084,true,true,true,true,true,true,true,true,true,true,true,true,true,true
managed_paragraph_batch_perf_v1,1,replace_body_paragraph_texts,descriptive_same_fixture_alternative_api_path_no_same_api_before_after_claim,128,1,owned,batch,ca410eb5ac948e3e90f67505a0e566883a15305e0fa64a90be9e146256160685,532875,fixture-p128-k1.docx,a19ccb4a6e21260c609f8f45fc6d267ac18b285362553baa3ea80c1bd75ddaa2,532882,0,76,false,416981,12970,266241,320,136470,780,532882,a19ccb4a6e21260c609f8f45fc6d267ac18b285362553baa3ea80c1bd75ddaa2,176,0,176,0,true,45,535175,535175,4,0,0,0,1,1,0,7281,1,0,true,0,367535,0,0,8490,535175,0,0,532882,0,14586,0,0,6699515,6714084,true,true,true,true,true,true,true,true,true,true,true,true,true,true
managed_paragraph_batch_perf_v1,1,replace_body_paragraph_texts,descriptive_same_fixture_alternative_api_path_no_same_api_before_after_claim,128,1,owned,batch,ca410eb5ac948e3e90f67505a0e566883a15305e0fa64a90be9e146256160685,532875,fixture-p128-k1.docx,a19ccb4a6e21260c609f8f45fc6d267ac18b285362553baa3ea80c1bd75ddaa2,532882,0,77,false,417882,13020,267191,300,136371,790,532882,a19ccb4a6e21260c609f8f45fc6d267ac18b285362553baa3ea80c1bd75ddaa2,178,0,178,0,true,45,535175,535175,4,0,0,0,1,1,0,7281,1,0,true,0,367535,0,0,8490,535175,0,0,532882,0,14586,0,0,6699515,6714084,true,true,true,true,true,true,true,true,true,true,true,true,true,true
managed_paragraph_batch_perf_v1,1,replace_body_paragraph_texts,descriptive_same_fixture_alternative_api_path_no_same_api_before_after_claim,128,1,owned,batch,ca410eb5ac948e3e90f67505a0e566883a15305e0fa64a90be9e146256160685,532875,fixture-p128-k1.docx,a19ccb4a6e21260c609f8f45fc6d267ac18b285362553baa3ea80c1bd75ddaa2,532882,0,78,false,417502,13270,265612,300,137260,850,532882,a19ccb4a6e21260c609f8f45fc6d267ac18b285362553baa3ea80c1bd75ddaa2,180,0,180,0,true,45,535175,535175,4,0,0,0,1,1,0,7281,1,0,true,0,367535,0,0,8490,535175,0,0,532882,0,14586,0,0,6699515,6714084,true,true,true,true,true,true,true,true,true,true,true,true,true,true
managed_paragraph_batch_perf_v1,1,replace_body_paragraph_texts,descriptive_same_fixture_alternative_api_path_no_same_api_before_after_claim,128,1,owned,batch,ca410eb5ac948e3e90f67505a0e566883a15305e0fa64a90be9e146256160685,532875,fixture-p128-k1.docx,a19ccb4a6e21260c609f8f45fc6d267ac18b285362553baa3ea80c1bd75ddaa2,532882,0,79,false,420022,12750,265771,310,140211,790,532882,a19ccb4a6e21260c609f8f45fc6d267ac18b285362553baa3ea80c1bd75ddaa2,182,0,182,0,true,45,535175,535175,4,0,0,0,1,1,0,7281,1,0,true,0,367535,0,0,8490,535175,0,0,532882,0,14586,0,0,6699515,6714084,true,true,true,true,true,true,true,true,true,true,true,true,true,true
managed_paragraph_batch_perf_v1,1,replace_body_paragraph_texts,descriptive_same_fixture_alternative_api_path_no_same_api_before_after_claim,128,1,owned,batch,ca410eb5ac948e3e90f67505a0e566883a15305e0fa64a90be9e146256160685,532875,fixture-p128-k1.docx,a19ccb4a6e21260c609f8f45fc6d267ac18b285362553baa3ea80c1bd75ddaa2,532882,0,80,false,415412,13110,265071,340,135871,820,532882,a19ccb4a6e21260c609f8f45fc6d267ac18b285362553baa3ea80c1bd75ddaa2,184,0,184,0,true,45,535175,535175,4,0,0,0,1,1,0,7281,1,0,true,0,367535,0,0,8490,535175,0,0,532882,0,14586,0,0,6699515,6714084,true,true,true,true,true,true,true,true,true,true,true,true,true,true
managed_paragraph_batch_perf_v1,1,replace_body_paragraph_texts,descriptive_same_fixture_alternative_api_path_no_same_api_before_after_claim,128,1,owned,batch,ca410eb5ac948e3e90f67505a0e566883a15305e0fa64a90be9e146256160685,532875,fixture-p128-k1.docx,a19ccb4a6e21260c609f8f45fc6d267ac18b285362553baa3ea80c1bd75ddaa2,532882,0,81,false,418312,13230,268312,370,135430,780,532882,a19ccb4a6e21260c609f8f45fc6d267ac18b285362553baa3ea80c1bd75ddaa2,186,0,186,0,true,45,535175,535175,4,0,0,0,1,1,0,7281,1,0,true,0,367535,0,0,8490,535175,0,0,532882,0,14586,0,0,6699515,6714084,true,true,true,true,true,true,true,true,true,true,true,true,true,true
managed_paragraph_batch_perf_v1,1,replace_body_paragraph_texts,descriptive_same_fixture_alternative_api_path_no_same_api_before_after_claim,128,1,owned,batch,ca410eb5ac948e3e90f67505a0e566883a15305e0fa64a90be9e146256160685,532875,fixture-p128-k1.docx,a19ccb4a6e21260c609f8f45fc6d267ac18b285362553baa3ea80c1bd75ddaa2,532882,0,82,false,419742,13240,267271,350,137891,790,532882,a19ccb4a6e21260c609f8f45fc6d267ac18b285362553baa3ea80c1bd75ddaa2,188,0,188,0,true,45,535175,535175,4,0,0,0,1,1,0,7281,1,0,true,0,367535,0,0,8490,535175,0,0,532882,0,14586,0,0,6699515,6714084,true,true,true,true,true,true,true,true,true,true,true,true,true,true
managed_paragraph_batch_perf_v1,1,replace_body_paragraph_texts,descriptive_same_fixture_alternative_api_path_no_same_api_before_after_claim,128,1,owned,batch,ca410eb5ac948e3e90f67505a0e566883a15305e0fa64a90be9e146256160685,532875,fixture-p128-k1.docx,a19ccb4a6e21260c609f8f45fc6d267ac18b285362553baa3ea80c1bd75ddaa2,532882,0,83,false,421342,13150,266351,300,140521,810,532882,a19ccb4a6e21260c609f8f45fc6d267ac18b285362553baa3ea80c1bd75ddaa2,190,0,190,0,true,45,535175,535175,4,0,0,0,1,1,0,7281,1,0,true,0,367535,0,0,8490,535175,0,0,532882,0,14586,0,0,6699515,6714084,true,true,true,true,true,true,true,true,true,true,true,true,true,true
managed_paragraph_batch_perf_v1,1,replace_body_paragraph_texts,descriptive_same_fixture_alternative_api_path_no_same_api_before_after_claim,128,1,owned,batch,ca410eb5ac948e3e90f67505a0e566883a15305e0fa64a90be9e146256160685,532875,fixture-p128-k1.docx,a19ccb4a6e21260c609f8f45fc6d267ac18b285362553baa3ea80c1bd75ddaa2,532882,0,84,false,420382,13171,268751,340,137100,840,532882,a19ccb4a6e21260c609f8f45fc6d267ac18b285362553baa3ea80c1bd75ddaa2,192,0,192,0,true,45,535175,535175,4,0,0,0,1,1,0,7281,1,0,true,0,367535,0,0,8490,535175,0,0,532882,0,14586,0,0,6699515,6714084,true,true,true,true,true,true,true,true,true,true,true,true,true,true
managed_paragraph_batch_perf_v1,1,replace_body_paragraph_texts,descriptive_same_fixture_alternative_api_path_no_same_api_before_after_claim,128,1,owned,batch,ca410eb5ac948e3e90f67505a0e566883a15305e0fa64a90be9e146256160685,532875,fixture-p128-k1.docx,a19ccb4a6e21260c609f8f45fc6d267ac18b285362553baa3ea80c1bd75ddaa2,532882,0,85,false,417572,12930,267151,320,136141,840,532882,a19ccb4a6e21260c609f8f45fc6d267ac18b285362553baa3ea80c1bd75ddaa2,194,0,194,0,true,45,535175,535175,4,0,0,0,1,1,0,7281,1,0,true,0,367535,0,0,8490,535175,0,0,532882,0,14586,0,0,6699515,6714084,true,true,true,true,true,true,true,true,true,true,true,true,true,true
managed_paragraph_batch_perf_v1,1,replace_body_paragraph_texts,descriptive_same_fixture_alternative_api_path_no_same_api_before_after_claim,128,1,owned,batch,ca410eb5ac948e3e90f67505a0e566883a15305e0fa64a90be9e146256160685,532875,fixture-p128-k1.docx,a19ccb4a6e21260c609f8f45fc6d267ac18b285362553baa3ea80c1bd75ddaa2,532882,0,86,false,419242,12800,268041,340,137061,830,532882,a19ccb4a6e21260c609f8f45fc6d267ac18b285362553baa3ea80c1bd75ddaa2,196,0,196,0,true,45,535175,535175,4,0,0,0,1,1,0,7281,1,0,true,0,367535,0,0,8490,535175,0,0,532882,0,14586,0,0,6699515,6714084,true,true,true,true,true,true,true,true,true,true,true,true,true,true
managed_paragraph_batch_perf_v1,1,replace_body_paragraph_texts,descriptive_same_fixture_alternative_api_path_no_same_api_before_after_claim,128,1,owned,batch,ca410eb5ac948e3e90f67505a0e566883a15305e0fa64a90be9e146256160685,532875,fixture-p128-k1.docx,a19ccb4a6e21260c609f8f45fc6d267ac18b285362553baa3ea80c1bd75ddaa2,532882,0,87,false,422751,12990,268161,300,140350,770,532882,a19ccb4a6e21260c609f8f45fc6d267ac18b285362553baa3ea80c1bd75ddaa2,198,0,198,0,true,45,535175,535175,4,0,0,0,1,1,0,7281,1,0,true,0,367535,0,0,8490,535175,0,0,532882,0,14586,0,0,6699515,6714084,true,true,true,true,true,true,true,true,true,true,true,true,true,true
managed_paragraph_batch_perf_v1,1,replace_body_paragraph_texts,descriptive_same_fixture_alternative_api_path_no_same_api_before_after_claim,128,1,owned,batch,ca410eb5ac948e3e90f67505a0e566883a15305e0fa64a90be9e146256160685,532875,fixture-p128-k1.docx,a19ccb4a6e21260c609f8f45fc6d267ac18b285362553baa3ea80c1bd75ddaa2,532882,0,88,false,421642,13170,271171,350,135921,830,532882,a19ccb4a6e21260c609f8f45fc6d267ac18b285362553baa3ea80c1bd75ddaa2,200,0,200,0,true,45,535175,535175,4,0,0,0,1,1,0,7281,1,0,true,0,367535,0,0,8490,535175,0,0,532882,0,14586,0,0,6699515,6714084,true,true,true,true,true,true,true,true,true,true,true,true,true,true
managed_paragraph_batch_perf_v1,1,replace_body_paragraph_texts,descriptive_same_fixture_alternative_api_path_no_same_api_before_after_claim,128,1,owned,batch,ca410eb5ac948e3e90f67505a0e566883a15305e0fa64a90be9e146256160685,532875,fixture-p128-k1.docx,a19ccb4a6e21260c609f8f45fc6d267ac18b285362553baa3ea80c1bd75ddaa2,532882,0,89,false,420022,13180,269901,310,135381,930,532882,a19ccb4a6e21260c609f8f45fc6d267ac18b285362553baa3ea80c1bd75ddaa2,202,0,202,0,true,45,535175,535175,4,0,0,0,1,1,0,7281,1,0,true,0,367535,0,0,8490,535175,0,0,532882,0,14586,0,0,6699515,6714084,true,true,true,true,true,true,true,true,true,true,true,true,true,true
managed_paragraph_batch_perf_v1,1,replace_body_paragraph_texts,descriptive_same_fixture_alternative_api_path_no_same_api_before_after_claim,128,1,owned,batch,ca410eb5ac948e3e90f67505a0e566883a15305e0fa64a90be9e146256160685,532875,fixture-p128-k1.docx,a19ccb4a6e21260c609f8f45fc6d267ac18b285362553baa3ea80c1bd75ddaa2,532882,0,90,false,418621,13360,266561,320,137380,810,532882,a19ccb4a6e21260c609f8f45fc6d267ac18b285362553baa3ea80c1bd75ddaa2,204,0,204,0,true,45,535175,535175,4,0,0,0,1,1,0,7281,1,0,true,0,367535,0,0,8490,535175,0,0,532882,0,14586,0,0,6699515,6714084,true,true,true,true,true,true,true,true,true,true,true,true,true,true
managed_paragraph_batch_perf_v1,1,replace_body_paragraph_texts,descriptive_same_fixture_alternative_api_path_no_same_api_before_after_claim,128,1,owned,batch,ca410eb5ac948e3e90f67505a0e566883a15305e0fa64a90be9e146256160685,532875,fixture-p128-k1.docx,a19ccb4a6e21260c609f8f45fc6d267ac18b285362553baa3ea80c1bd75ddaa2,532882,0,91,false,428512,12960,273321,530,140541,840,532882,a19ccb4a6e21260c609f8f45fc6d267ac18b285362553baa3ea80c1bd75ddaa2,206,0,206,0,true,45,535175,535175,4,0,0,0,1,1,0,7281,1,0,true,0,367535,0,0,8490,535175,0,0,532882,0,14586,0,0,6699515,6714084,true,true,true,true,true,true,true,true,true,true,true,true,true,true
managed_paragraph_batch_perf_v1,1,replace_body_paragraph_texts,descriptive_same_fixture_alternative_api_path_no_same_api_before_after_claim,128,1,owned,batch,ca410eb5ac948e3e90f67505a0e566883a15305e0fa64a90be9e146256160685,532875,fixture-p128-k1.docx,a19ccb4a6e21260c609f8f45fc6d267ac18b285362553baa3ea80c1bd75ddaa2,532882,0,92,false,420052,12930,268652,340,137160,760,532882,a19ccb4a6e21260c609f8f45fc6d267ac18b285362553baa3ea80c1bd75ddaa2,208,0,208,0,true,45,535175,535175,4,0,0,0,1,1,0,7281,1,0,true,0,367535,0,0,8490,535175,0,0,532882,0,14586,0,0,6699515,6714084,true,true,true,true,true,true,true,true,true,true,true,true,true,true
managed_paragraph_batch_perf_v1,1,replace_body_paragraph_texts,descriptive_same_fixture_alternative_api_path_no_same_api_before_after_claim,128,1,owned,batch,ca410eb5ac948e3e90f67505a0e566883a15305e0fa64a90be9e146256160685,532875,fixture-p128-k1.docx,a19ccb4a6e21260c609f8f45fc6d267ac18b285362553baa3ea80c1bd75ddaa2,532882,0,93,false,419672,13190,266941,350,138241,780,532882,a19ccb4a6e21260c609f8f45fc6d267ac18b285362553baa3ea80c1bd75ddaa2,210,0,210,0,true,45,535175,535175,4,0,0,0,1,1,0,7281,1,0,true,0,367535,0,0,8490,535175,0,0,532882,0,14586,0,0,6699515,6714084,true,true,true,true,true,true,true,true,true,true,true,true,true,true
managed_paragraph_batch_perf_v1,1,replace_body_paragraph_texts,descriptive_same_fixture_alternative_api_path_no_same_api_before_after_claim,128,1,owned,batch,ca410eb5ac948e3e90f67505a0e566883a15305e0fa64a90be9e146256160685,532875,fixture-p128-k1.docx,a19ccb4a6e21260c609f8f45fc6d267ac18b285362553baa3ea80c1bd75ddaa2,532882,0,94,false,418132,13350,267111,300,136381,800,532882,a19ccb4a6e21260c609f8f45fc6d267ac18b285362553baa3ea80c1bd75ddaa2,212,0,212,0,true,45,535175,535175,4,0,0,0,1,1,0,7281,1,0,true,0,367535,0,0,8490,535175,0,0,532882,0,14586,0,0,6699515,6714084,true,true,true,true,true,true,true,true,true,true,true,true,true,true
managed_paragraph_batch_perf_v1,1,replace_body_paragraph_texts,descriptive_same_fixture_alternative_api_path_no_same_api_before_after_claim,128,1,owned,batch,ca410eb5ac948e3e90f67505a0e566883a15305e0fa64a90be9e146256160685,532875,fixture-p128-k1.docx,a19ccb4a6e21260c609f8f45fc6d267ac18b285362553baa3ea80c1bd75ddaa2,532882,0,95,false,425282,12900,272722,320,138290,850,532882,a19ccb4a6e21260c609f8f45fc6d267ac18b285362553baa3ea80c1bd75ddaa2,214,0,214,0,true,45,535175,535175,4,0,0,0,1,1,0,7281,1,0,true,0,367535,0,0,8490,535175,0,0,532882,0,14586,0,0,6699515,6714084,true,true,true,true,true,true,true,true,true,true,true,true,true,true
managed_paragraph_batch_perf_v1,1,replace_body_paragraph_texts,descriptive_same_fixture_alternative_api_path_no_same_api_before_after_claim,128,1,owned,batch,ca410eb5ac948e3e90f67505a0e566883a15305e0fa64a90be9e146256160685,532875,fixture-p128-k1.docx,a19ccb4a6e21260c609f8f45fc6d267ac18b285362553baa3ea80c1bd75ddaa2,532882,0,96,false,422182,13100,271261,310,136481,800,532882,a19ccb4a6e21260c609f8f45fc6d267ac18b285362553baa3ea80c1bd75ddaa2,216,0,216,0,true,45,535175,535175,4,0,0,0,1,1,0,7281,1,0,true,0,367535,0,0,8490,535175,0,0,532882,0,14586,0,0,6699515,6714084,true,true,true,true,true,true,true,true,true,true,true,true,true,true
managed_paragraph_batch_perf_v1,1,replace_body_paragraph_texts,descriptive_same_fixture_alternative_api_path_no_same_api_before_after_claim,128,1,owned,batch,ca410eb5ac948e3e90f67505a0e566883a15305e0fa64a90be9e146256160685,532875,fixture-p128-k1.docx,a19ccb4a6e21260c609f8f45fc6d267ac18b285362553baa3ea80c1bd75ddaa2,532882,0,97,false,420872,12960,268051,310,138581,780,532882,a19ccb4a6e21260c609f8f45fc6d267ac18b285362553baa3ea80c1bd75ddaa2,218,0,218,0,true,45,535175,535175,4,0,0,0,1,1,0,7281,1,0,true,0,367535,0,0,8490,535175,0,0,532882,0,14586,0,0,6699515,6714084,true,true,true,true,true,true,true,true,true,true,true,true,true,true
managed_paragraph_batch_perf_v1,1,replace_body_paragraph_texts,descriptive_same_fixture_alternative_api_path_no_same_api_before_after_claim,128,1,owned,batch,ca410eb5ac948e3e90f67505a0e566883a15305e0fa64a90be9e146256160685,532875,fixture-p128-k1.docx,a19ccb4a6e21260c609f8f45fc6d267ac18b285362553baa3ea80c1bd75ddaa2,532882,0,98,false,417671,13030,267311,310,135980,840,532882,a19ccb4a6e21260c609f8f45fc6d267ac18b285362553baa3ea80c1bd75ddaa2,220,0,220,0,true,45,535175,535175,4,0,0,0,1,1,0,7281,1,0,true,0,367535,0,0,8490,535175,0,0,532882,0,14586,0,0,6699515,6714084,true,true,true,true,true,true,true,true,true,true,true,true,true,true
managed_paragraph_batch_perf_v1,1,replace_body_paragraph_texts,descriptive_same_fixture_alternative_api_path_no_same_api_before_after_claim,128,1,owned,batch,ca410eb5ac948e3e90f67505a0e566883a15305e0fa64a90be9e146256160685,532875,fixture-p128-k1.docx,a19ccb4a6e21260c609f8f45fc6d267ac18b285362553baa3ea80c1bd75ddaa2,532882,0,99,false,423982,12940,273601,280,136181,790,532882,a19ccb4a6e21260c609f8f45fc6d267ac18b285362553baa3ea80c1bd75ddaa2,222,0,222,0,true,45,535175,535175,4,0,0,0,1,1,0,7281,1,0,true,0,367535,0,0,8490,535175,0,0,532882,0,14586,0,0,6699515,6714084,true,true,true,true,true,true,true,true,true,true,true,true,true,true
managed_paragraph_batch_perf_v1,1,replace_body_paragraph_texts,descriptive_same_fixture_alternative_api_path_no_same_api_before_after_claim,128,1,owned,batch,ca410eb5ac948e3e90f67505a0e566883a15305e0fa64a90be9e146256160685,532875,fixture-p128-k1.docx,a19ccb4a6e21260c609f8f45fc6d267ac18b285362553baa3ea80c1bd75ddaa2,532882,0,100,false,418592,13260,266991,320,137051,790,532882,a19ccb4a6e21260c609f8f45fc6d267ac18b285362553baa3ea80c1bd75ddaa2,224,0,224,0,true,45,535175,535175,4,0,0,0,1,1,0,7281,1,0,true,0,367535,0,0,8490,535175,0,0,532882,0,14586,0,0,6699515,6714084,true,true,true,true,true,true,true,true,true,true,true,true,true,true
managed_paragraph_batch_perf_v1,1,replace_body_paragraph_texts,descriptive_same_fixture_alternative_api_path_no_same_api_before_after_claim,128,1,owned,batch,ca410eb5ac948e3e90f67505a0e566883a15305e0fa64a90be9e146256160685,532875,fixture-p128-k1.docx,a19ccb4a6e21260c609f8f45fc6d267ac18b285362553baa3ea80c1bd75ddaa2,532882,0,101,false,420622,13391,268491,310,137450,770,532882,a19ccb4a6e21260c609f8f45fc6d267ac18b285362553baa3ea80c1bd75ddaa2,226,0,226,0,true,45,535175,535175,4,0,0,0,1,1,0,7281,1,0,true,0,367535,0,0,8490,535175,0,0,532882,0,14586,0,0,6699515,6714084,true,true,true,true,true,true,true,true,true,true,true,true,true,true
managed_paragraph_batch_perf_v1,1,replace_body_paragraph_texts,descriptive_same_fixture_alternative_api_path_no_same_api_before_after_claim,128,1,owned,batch,ca410eb5ac948e3e90f67505a0e566883a15305e0fa64a90be9e146256160685,532875,fixture-p128-k1.docx,a19ccb4a6e21260c609f8f45fc6d267ac18b285362553baa3ea80c1bd75ddaa2,532882,0,102,false,421852,13100,270861,300,136601,810,532882,a19ccb4a6e21260c609f8f45fc6d267ac18b285362553baa3ea80c1bd75ddaa2,228,0,228,0,true,45,535175,535175,4,0,0,0,1,1,0,7281,1,0,true,0,367535,0,0,8490,535175,0,0,532882,0,14586,0,0,6699515,6714084,true,true,true,true,true,true,true,true,true,true,true,true,true,true
managed_paragraph_batch_perf_v1,1,replace_body_paragraph_texts,descriptive_same_fixture_alternative_api_path_no_same_api_before_after_claim,128,1,owned,batch,ca410eb5ac948e3e90f67505a0e566883a15305e0fa64a90be9e146256160685,532875,fixture-p128-k1.docx,a19ccb4a6e21260c609f8f45fc6d267ac18b285362553baa3ea80c1bd75ddaa2,532882,0,103,false,422512,13000,272112,300,136140,770,532882,a19ccb4a6e21260c609f8f45fc6d267ac18b285362553baa3ea80c1bd75ddaa2,230,0,230,0,true,45,535175,535175,4,0,0,0,1,1,0,7281,1,0,true,0,367535,0,0,8490,535175,0,0,532882,0,14586,0,0,6699515,6714084,true,true,true,true,true,true,true,true,true,true,true,true,true,true
managed_paragraph_batch_perf_v1,1,replace_body_paragraph_texts,descriptive_same_fixture_alternative_api_path_no_same_api_before_after_claim,128,1,owned,batch,ca410eb5ac948e3e90f67505a0e566883a15305e0fa64a90be9e146256160685,532875,fixture-p128-k1.docx,a19ccb4a6e21260c609f8f45fc6d267ac18b285362553baa3ea80c1bd75ddaa2,532882,0,104,false,418591,13130,268691,310,135480,800,532882,a19ccb4a6e21260c609f8f45fc6d267ac18b285362553baa3ea80c1bd75ddaa2,232,0,232,0,true,45,535175,535175,4,0,0,0,1,1,0,7281,1,0,true,0,367535,0,0,8490,535175,0,0,532882,0,14586,0,0,6699515,6714084,true,true,true,true,true,true,true,true,true,true,true,true,true,true
managed_paragraph_batch_perf_v1,1,replace_body_paragraph_texts,descriptive_same_fixture_alternative_api_path_no_same_api_before_after_claim,128,1,owned,batch,ca410eb5ac948e3e90f67505a0e566883a15305e0fa64a90be9e146256160685,532875,fixture-p128-k1.docx,a19ccb4a6e21260c609f8f45fc6d267ac18b285362553baa3ea80c1bd75ddaa2,532882,0,105,false,419722,13010,268591,290,136831,790,532882,a19ccb4a6e21260c609f8f45fc6d267ac18b285362553baa3ea80c1bd75ddaa2,234,0,234,0,true,45,535175,535175,4,0,0,0,1,1,0,7281,1,0,true,0,367535,0,0,8490,535175,0,0,532882,0,14586,0,0,6699515,6714084,true,true,true,true,true,true,true,true,true,true,true,true,true,true
managed_paragraph_batch_perf_v1,1,replace_body_paragraph_texts,descriptive_same_fixture_alternative_api_path_no_same_api_before_after_claim,128,1,owned,batch,ca410eb5ac948e3e90f67505a0e566883a15305e0fa64a90be9e146256160685,532875,fixture-p128-k1.docx,a19ccb4a6e21260c609f8f45fc6d267ac18b285362553baa3ea80c1bd75ddaa2,532882,0,106,false,419262,13110,268852,330,135980,800,532882,a19ccb4a6e21260c609f8f45fc6d267ac18b285362553baa3ea80c1bd75ddaa2,236,0,236,0,true,45,535175,535175,4,0,0,0,1,1,0,7281,1,0,true,0,367535,0,0,8490,535175,0,0,532882,0,14586,0,0,6699515,6714084,true,true,true,true,true,true,true,true,true,true,true,true,true,true
managed_paragraph_batch_perf_v1,1,replace_body_paragraph_texts,descriptive_same_fixture_alternative_api_path_no_same_api_before_after_claim,128,1,owned,batch,ca410eb5ac948e3e90f67505a0e566883a15305e0fa64a90be9e146256160685,532875,fixture-p128-k1.docx,a19ccb4a6e21260c609f8f45fc6d267ac18b285362553baa3ea80c1bd75ddaa2,532882,0,107,false,424272,13070,272311,320,137571,800,532882,a19ccb4a6e21260c609f8f45fc6d267ac18b285362553baa3ea80c1bd75ddaa2,238,0,238,0,true,45,535175,535175,4,0,0,0,1,1,0,7281,1,0,true,0,367535,0,0,8490,535175,0,0,532882,0,14586,0,0,6699515,6714084,true,true,true,true,true,true,true,true,true,true,true,true,true,true
managed_paragraph_batch_perf_v1,1,replace_body_paragraph_texts,descriptive_same_fixture_alternative_api_path_no_same_api_before_after_claim,128,1,owned,batch,ca410eb5ac948e3e90f67505a0e566883a15305e0fa64a90be9e146256160685,532875,fixture-p128-k1.docx,a19ccb4a6e21260c609f8f45fc6d267ac18b285362553baa3ea80c1bd75ddaa2,532882,0,108,false,415562,12930,265961,300,135391,790,532882,a19ccb4a6e21260c609f8f45fc6d267ac18b285362553baa3ea80c1bd75ddaa2,240,0,240,0,true,45,535175,535175,4,0,0,0,1,1,0,7281,1,0,true,0,367535,0,0,8490,535175,0,0,532882,0,14586,0,0,6699515,6714084,true,true,true,true,true,true,true,true,true,true,true,true,true,true
managed_paragraph_batch_perf_v1,1,replace_body_paragraph_texts,descriptive_same_fixture_alternative_api_path_no_same_api_before_after_claim,128,1,owned,batch,ca410eb5ac948e3e90f67505a0e566883a15305e0fa64a90be9e146256160685,532875,fixture-p128-k1.docx,a19ccb4a6e21260c609f8f45fc6d267ac18b285362553baa3ea80c1bd75ddaa2,532882,0,109,false,419051,13150,267881,320,136660,840,532882,a19ccb4a6e21260c609f8f45fc6d267ac18b285362553baa3ea80c1bd75ddaa2,242,0,242,0,true,45,535175,535175,4,0,0,0,1,1,0,7281,1,0,true,0,367535,0,0,8490,535175,0,0,532882,0,14586,0,0,6699515,6714084,true,true,true,true,true,true,true,true,true,true,true,true,true,true
managed_paragraph_batch_perf_v1,1,replace_body_paragraph_texts,descriptive_same_fixture_alternative_api_path_no_same_api_before_after_claim,128,1,owned,batch,ca410eb5ac948e3e90f67505a0e566883a15305e0fa64a90be9e146256160685,532875,fixture-p128-k1.docx,a19ccb4a6e21260c609f8f45fc6d267ac18b285362553baa3ea80c1bd75ddaa2,532882,0,110,false,415832,12710,266971,330,134821,790,532882,a19ccb4a6e21260c609f8f45fc6d267ac18b285362553baa3ea80c1bd75ddaa2,244,0,244,0,true,45,535175,535175,4,0,0,0,1,1,0,7281,1,0,true,0,367535,0,0,8490,535175,0,0,532882,0,14586,0,0,6699515,6714084,true,true,true,true,true,true,true,true,true,true,true,true,true,true
managed_paragraph_batch_perf_v1,1,replace_body_paragraph_texts,descriptive_same_fixture_alternative_api_path_no_same_api_before_after_claim,128,1,owned,batch,ca410eb5ac948e3e90f67505a0e566883a15305e0fa64a90be9e146256160685,532875,fixture-p128-k1.docx,a19ccb4a6e21260c609f8f45fc6d267ac18b285362553baa3ea80c1bd75ddaa2,532882,0,111,false,418982,13190,267441,300,137041,820,532882,a19ccb4a6e21260c609f8f45fc6d267ac18b285362553baa3ea80c1bd75ddaa2,246,0,246,0,true,45,535175,535175,4,0,0,0,1,1,0,7281,1,0,true,0,367535,0,0,8490,535175,0,0,532882,0,14586,0,0,6699515,6714084,true,true,true,true,true,true,true,true,true,true,true,true,true,true
managed_paragraph_batch_perf_v1,1,replace_body_paragraph_texts,descriptive_same_fixture_alternative_api_path_no_same_api_before_after_claim,128,1,owned,batch,ca410eb5ac948e3e90f67505a0e566883a15305e0fa64a90be9e146256160685,532875,fixture-p128-k1.docx,a19ccb4a6e21260c609f8f45fc6d267ac18b285362553baa3ea80c1bd75ddaa2,532882,0,112,false,419361,12990,269321,290,135770,780,532882,a19ccb4a6e21260c609f8f45fc6d267ac18b285362553baa3ea80c1bd75ddaa2,248,0,248,0,true,45,535175,535175,4,0,0,0,1,1,0,7281,1,0,true,0,367535,0,0,8490,535175,0,0,532882,0,14586,0,0,6699515,6714084,true,true,true,true,true,true,true,true,true,true,true,true,true,true
managed_paragraph_batch_perf_v1,1,replace_body_paragraph_texts,descriptive_same_fixture_alternative_api_path_no_same_api_before_after_claim,128,1,owned,batch,ca410eb5ac948e3e90f67505a0e566883a15305e0fa64a90be9e146256160685,532875,fixture-p128-k1.docx,a19ccb4a6e21260c609f8f45fc6d267ac18b285362553baa3ea80c1bd75ddaa2,532882,0,113,false,419772,13020,268781,300,136681,800,532882,a19ccb4a6e21260c609f8f45fc6d267ac18b285362553baa3ea80c1bd75ddaa2,250,0,250,0,true,45,535175,535175,4,0,0,0,1,1,0,7281,1,0,true,0,367535,0,0,8490,535175,0,0,532882,0,14586,0,0,6699515,6714084,true,true,true,true,true,true,true,true,true,true,true,true,true,true
managed_paragraph_batch_perf_v1,1,replace_body_paragraph_texts,descriptive_same_fixture_alternative_api_path_no_same_api_before_after_claim,128,1,owned,batch,ca410eb5ac948e3e90f67505a0e566883a15305e0fa64a90be9e146256160685,532875,fixture-p128-k1.docx,a19ccb4a6e21260c609f8f45fc6d267ac18b285362553baa3ea80c1bd75ddaa2,532882,0,114,false,415762,13410,265122,300,135920,800,532882,a19ccb4a6e21260c609f8f45fc6d267ac18b285362553baa3ea80c1bd75ddaa2,252,0,252,0,true,45,535175,535175,4,0,0,0,1,1,0,7281,1,0,true,0,367535,0,0,8490,535175,0,0,532882,0,14586,0,0,6699515,6714084,true,true,true,true,true,true,true,true,true,true,true,true,true,true
managed_paragraph_batch_perf_v1,1,replace_body_paragraph_texts,descriptive_same_fixture_alternative_api_path_no_same_api_before_after_claim,128,1,owned,batch,ca410eb5ac948e3e90f67505a0e566883a15305e0fa64a90be9e146256160685,532875,fixture-p128-k1.docx,a19ccb4a6e21260c609f8f45fc6d267ac18b285362553baa3ea80c1bd75ddaa2,532882,0,115,false,418612,13110,267731,330,136480,761,532882,a19ccb4a6e21260c609f8f45fc6d267ac18b285362553baa3ea80c1bd75ddaa2,254,0,254,0,true,45,535175,535175,4,0,0,0,1,1,0,7281,1,0,true,0,367535,0,0,8490,535175,0,0,532882,0,14586,0,0,6699515,6714084,true,true,true,true,true,true,true,true,true,true,true,true,true,true
managed_paragraph_batch_perf_v1,1,replace_body_paragraph_texts,descriptive_same_fixture_alternative_api_path_no_same_api_before_after_claim,128,1,owned,batch,ca410eb5ac948e3e90f67505a0e566883a15305e0fa64a90be9e146256160685,532875,fixture-p128-k1.docx,a19ccb4a6e21260c609f8f45fc6d267ac18b285362553baa3ea80c1bd75ddaa2,532882,0,116,false,423012,13180,271921,320,136631,790,532882,a19ccb4a6e21260c609f8f45fc6d267ac18b285362553baa3ea80c1bd75ddaa2,256,0,256,0,true,45,535175,535175,4,0,0,0,1,1,0,7281,1,0,true,0,367535,0,0,8490,535175,0,0,532882,0,14586,0,0,6699515,6714084,true,true,true,true,true,true,true,true,true,true,true,true,true,true
managed_paragraph_batch_perf_v1,1,replace_body_paragraph_texts,descriptive_same_fixture_alternative_api_path_no_same_api_before_after_claim,128,1,owned,batch,ca410eb5ac948e3e90f67505a0e566883a15305e0fa64a90be9e146256160685,532875,fixture-p128-k1.docx,a19ccb4a6e21260c609f8f45fc6d267ac18b285362553baa3ea80c1bd75ddaa2,532882,0,117,false,423612,12831,272981,300,136510,780,532882,a19ccb4a6e21260c609f8f45fc6d267ac18b285362553baa3ea80c1bd75ddaa2,258,0,258,0,true,45,535175,535175,4,0,0,0,1,1,0,7281,1,0,true,0,367535,0,0,8490,535175,0,0,532882,0,14586,0,0,6699515,6714084,true,true,true,true,true,true,true,true,true,true,true,true,true,true
managed_paragraph_batch_perf_v1,1,replace_body_paragraph_texts,descriptive_same_fixture_alternative_api_path_no_same_api_before_after_claim,128,1,owned,batch,ca410eb5ac948e3e90f67505a0e566883a15305e0fa64a90be9e146256160685,532875,fixture-p128-k1.docx,a19ccb4a6e21260c609f8f45fc6d267ac18b285362553baa3ea80c1bd75ddaa2,532882,0,118,false,418242,12950,268761,300,135251,770,532882,a19ccb4a6e21260c609f8f45fc6d267ac18b285362553baa3ea80c1bd75ddaa2,260,0,260,0,true,45,535175,535175,4,0,0,0,1,1,0,7281,1,0,true,0,367535,0,0,8490,535175,0,0,532882,0,14586,0,0,6699515,6714084,true,true,true,true,true,true,true,true,true,true,true,true,true,true
managed_paragraph_batch_perf_v1,1,replace_body_paragraph_texts,descriptive_same_fixture_alternative_api_path_no_same_api_before_after_claim,128,1,owned,batch,ca410eb5ac948e3e90f67505a0e566883a15305e0fa64a90be9e146256160685,532875,fixture-p128-k1.docx,a19ccb4a6e21260c609f8f45fc6d267ac18b285362553baa3ea80c1bd75ddaa2,532882,0,119,false,426992,13110,267191,330,145121,860,532882,a19ccb4a6e21260c609f8f45fc6d267ac18b285362553baa3ea80c1bd75ddaa2,262,0,262,0,true,45,535175,535175,4,0,0,0,1,1,0,7281,1,0,true,0,367535,0,0,8490,535175,0,0,532882,0,14586,0,0,6699515,6714084,true,true,true,true,true,true,true,true,true,true,true,true,true,true
managed_paragraph_batch_perf_v1,1,replace_body_paragraph_texts,descriptive_same_fixture_alternative_api_path_no_same_api_before_after_claim,128,1,owned,batch,ca410eb5ac948e3e90f67505a0e566883a15305e0fa64a90be9e146256160685,532875,fixture-p128-k1.docx,a19ccb4a6e21260c609f8f45fc6d267ac18b285362553baa3ea80c1bd75ddaa2,532882,0,120,false,418522,13060,266162,290,138010,790,532882,a19ccb4a6e21260c609f8f45fc6d267ac18b285362553baa3ea80c1bd75ddaa2,264,0,264,0,true,45,535175,535175,4,0,0,0,1,1,0,7281,1,0,true,0,367535,0,0,8490,535175,0,0,532882,0,14586,0,0,6699515,6714084,true,true,true,true,true,true,true,true,true,true,true,true,true,true
managed_paragraph_batch_perf_v1,1,replace_body_paragraph_texts,descriptive_same_fixture_alternative_api_path_no_same_api_before_after_claim,128,1,owned,batch,ca410eb5ac948e3e90f67505a0e566883a15305e0fa64a90be9e146256160685,532875,fixture-p128-k1.docx,a19ccb4a6e21260c609f8f45fc6d267ac18b285362553baa3ea80c1bd75ddaa2,532882,0,121,false,424082,12971,274351,280,135500,790,532882,a19ccb4a6e21260c609f8f45fc6d267ac18b285362553baa3ea80c1bd75ddaa2,266,0,266,0,true,45,535175,535175,4,0,0,0,1,1,0,7281,1,0,true,0,367535,0,0,8490,535175,0,0,532882,0,14586,0,0,6699515,6714084,true,true,true,true,true,true,true,true,true,true,true,true,true,true
managed_paragraph_batch_perf_v1,1,replace_body_paragraph_texts,descriptive_same_fixture_alternative_api_path_no_same_api_before_after_claim,128,1,owned,batch,ca410eb5ac948e3e90f67505a0e566883a15305e0fa64a90be9e146256160685,532875,fixture-p128-k1.docx,a19ccb4a6e21260c609f8f45fc6d267ac18b285362553baa3ea80c1bd75ddaa2,532882,0,122,false,420912,13100,269981,320,136541,770,532882,a19ccb4a6e21260c609f8f45fc6d267ac18b285362553baa3ea80c1bd75ddaa2,268,0,268,0,true,45,535175,535175,4,0,0,0,1,1,0,7281,1,0,true,0,367535,0,0,8490,535175,0,0,532882,0,14586,0,0,6699515,6714084,true,true,true,true,true,true,true,true,true,true,true,true,true,true
managed_paragraph_batch_perf_v1,1,replace_body_paragraph_texts,descriptive_same_fixture_alternative_api_path_no_same_api_before_after_claim,128,1,owned,batch,ca410eb5ac948e3e90f67505a0e566883a15305e0fa64a90be9e146256160685,532875,fixture-p128-k1.docx,a19ccb4a6e21260c609f8f45fc6d267ac18b285362553baa3ea80c1bd75ddaa2,532882,0,123,false,423512,12960,272961,310,136301,790,532882,a19ccb4a6e21260c609f8f45fc6d267ac18b285362553baa3ea80c1bd75ddaa2,270,0,270,0,true,45,535175,535175,4,0,0,0,1,1,0,7281,1,0,true,0,367535,0,0,8490,535175,0,0,532882,0,14586,0,0,6699515,6714084,true,true,true,true,true,true,true,true,true,true,true,true,true,true
managed_paragraph_batch_perf_v1,1,replace_body_paragraph_texts,descriptive_same_fixture_alternative_api_path_no_same_api_before_after_claim,128,1,owned,batch,ca410eb5ac948e3e90f67505a0e566883a15305e0fa64a90be9e146256160685,532875,fixture-p128-k1.docx,a19ccb4a6e21260c609f8f45fc6d267ac18b285362553baa3ea80c1bd75ddaa2,532882,0,124,false,420642,13110,270041,290,136181,820,532882,a19ccb4a6e21260c609f8f45fc6d267ac18b285362553baa3ea80c1bd75ddaa2,272,0,272,0,true,45,535175,535175,4,0,0,0,1,1,0,7281,1,0,true,0,367535,0,0,8490,535175,0,0,532882,0,14586,0,0,6699515,6714084,true,true,true,true,true,true,true,true,true,true,true,true,true,true
managed_paragraph_batch_perf_v1,1,replace_body_paragraph_texts,descriptive_same_fixture_alternative_api_path_no_same_api_before_after_claim,128,1,owned,batch,ca410eb5ac948e3e90f67505a0e566883a15305e0fa64a90be9e146256160685,532875,fixture-p128-k1.docx,a19ccb4a6e21260c609f8f45fc6d267ac18b285362553baa3ea80c1bd75ddaa2,532882,0,125,false,418762,12850,267801,310,136811,790,532882,a19ccb4a6e21260c609f8f45fc6d267ac18b285362553baa3ea80c1bd75ddaa2,274,0,274,0,true,45,535175,535175,4,0,0,0,1,1,0,7281,1,0,true,0,367535,0,0,8490,535175,0,0,532882,0,14586,0,0,6699515,6714084,true,true,true,true,true,true,true,true,true,true,true,true,true,true
managed_paragraph_batch_perf_v1,1,replace_body_paragraph_texts,descriptive_same_fixture_alternative_api_path_no_same_api_before_after_claim,128,1,owned,batch,ca410eb5ac948e3e90f67505a0e566883a15305e0fa64a90be9e146256160685,532875,fixture-p128-k1.docx,a19ccb4a6e21260c609f8f45fc6d267ac18b285362553baa3ea80c1bd75ddaa2,532882,0,126,false,416152,12960,266641,290,135271,790,532882,a19ccb4a6e21260c609f8f45fc6d267ac18b285362553baa3ea80c1bd75ddaa2,276,0,276,0,true,45,535175,535175,4,0,0,0,1,1,0,7281,1,0,true,0,367535,0,0,8490,535175,0,0,532882,0,14586,0,0,6699515,6714084,true,true,true,true,true,true,true,true,true,true,true,true,true,true
managed_paragraph_batch_perf_v1,1,replace_body_paragraph_texts,descriptive_same_fixture_alternative_api_path_no_same_api_before_after_claim,128,1,owned,batch,ca410eb5ac948e3e90f67505a0e566883a15305e0fa64a90be9e146256160685,532875,fixture-p128-k1.docx,a19ccb4a6e21260c609f8f45fc6d267ac18b285362553baa3ea80c1bd75ddaa2,532882,0,127,false,420782,13470,269421,310,136631,760,532882,a19ccb4a6e21260c609f8f45fc6d267ac18b285362553baa3ea80c1bd75ddaa2,278,0,278,0,true,45,535175,535175,4,0,0,0,1,1,0,7281,1,0,true,0,367535,0,0,8490,535175,0,0,532882,0,14586,0,0,6699515,6714084,true,true,true,true,true,true,true,true,true,true,true,true,true,true
managed_paragraph_batch_perf_v1,1,replace_body_paragraph_texts,descriptive_same_fixture_alternative_api_path_no_same_api_before_after_claim,128,1,owned,batch,ca410eb5ac948e3e90f67505a0e566883a15305e0fa64a90be9e146256160685,532875,fixture-p128-k1.docx,a19ccb4a6e21260c609f8f45fc6d267ac18b285362553baa3ea80c1bd75ddaa2,532882,0,128,false,417802,12981,268831,290,134690,800,532882,a19ccb4a6e21260c609f8f45fc6d267ac18b285362553baa3ea80c1bd75ddaa2,280,0,280,0,true,45,535175,535175,4,0,0,0,1,1,0,7281,1,0,true,0,367535,0,0,8490,535175,0,0,532882,0,14586,0,0,6699515,6714084,true,true,true,true,true,true,true,true,true,true,true,true,true,true
managed_paragraph_batch_perf_v1,1,replace_body_paragraph_texts,descriptive_same_fixture_alternative_api_path_no_same_api_before_after_claim,128,1,owned,batch,ca410eb5ac948e3e90f67505a0e566883a15305e0fa64a90be9e146256160685,532875,fixture-p128-k1.docx,a19ccb4a6e21260c609f8f45fc6d267ac18b285362553baa3ea80c1bd75ddaa2,532882,0,129,false,421122,12980,269851,320,137011,760,532882,a19ccb4a6e21260c609f8f45fc6d267ac18b285362553baa3ea80c1bd75ddaa2,282,0,282,0,true,45,535175,535175,4,0,0,0,1,1,0,7281,1,0,true,0,367535,0,0,8490,535175,0,0,532882,0,14586,0,0,6699515,6714084,true,true,true,true,true,true,true,true,true,true,true,true,true,true
managed_paragraph_batch_perf_v1,1,replace_body_paragraph_texts,descriptive_same_fixture_alternative_api_path_no_same_api_before_after_claim,128,1,owned,batch,ca410eb5ac948e3e90f67505a0e566883a15305e0fa64a90be9e146256160685,532875,fixture-p128-k1.docx,a19ccb4a6e21260c609f8f45fc6d267ac18b285362553baa3ea80c1bd75ddaa2,532882,0,130,false,417742,13020,267791,290,135681,760,532882,a19ccb4a6e21260c609f8f45fc6d267ac18b285362553baa3ea80c1bd75ddaa2,284,0,284,0,true,45,535175,535175,4,0,0,0,1,1,0,7281,1,0,true,0,367535,0,0,8490,535175,0,0,532882,0,14586,0,0,6699515,6714084,true,true,true,true,true,true,true,true,true,true,true,true,true,true
managed_paragraph_batch_perf_v1,1,replace_body_paragraph_texts,descriptive_same_fixture_alternative_api_path_no_same_api_before_after_claim,128,1,owned,batch,ca410eb5ac948e3e90f67505a0e566883a15305e0fa64a90be9e146256160685,532875,fixture-p128-k1.docx,a19ccb4a6e21260c609f8f45fc6d267ac18b285362553baa3ea80c1bd75ddaa2,532882,0,131,false,423622,13390,267121,340,141741,820,532882,a19ccb4a6e21260c609f8f45fc6d267ac18b285362553baa3ea80c1bd75ddaa2,286,0,286,0,true,45,535175,535175,4,0,0,0,1,1,0,7281,1,0,true,0,367535,0,0,8490,535175,0,0,532882,0,14586,0,0,6699515,6714084,true,true,true,true,true,true,true,true,true,true,true,true,true,true
managed_paragraph_batch_perf_v1,1,replace_body_paragraph_texts,descriptive_same_fixture_alternative_api_path_no_same_api_before_after_claim,128,1,owned,batch,ca410eb5ac948e3e90f67505a0e566883a15305e0fa64a90be9e146256160685,532875,fixture-p128-k1.docx,a19ccb4a6e21260c609f8f45fc6d267ac18b285362553baa3ea80c1bd75ddaa2,532882,0,132,false,424922,13240,273021,410,137141,890,532882,a19ccb4a6e21260c609f8f45fc6d267ac18b285362553baa3ea80c1bd75ddaa2,288,0,288,0,true,45,535175,535175,4,0,0,0,1,1,0,7281,1,0,true,0,367535,0,0,8490,535175,0,0,532882,0,14586,0,0,6699515,6714084,true,true,true,true,true,true,true,true,true,true,true,true,true,true
managed_paragraph_batch_perf_v1,1,replace_body_paragraph_texts,descriptive_same_fixture_alternative_api_path_no_same_api_before_after_claim,128,1,owned,batch,ca410eb5ac948e3e90f67505a0e566883a15305e0fa64a90be9e146256160685,532875,fixture-p128-k1.docx,a19ccb4a6e21260c609f8f45fc6d267ac18b285362553baa3ea80c1bd75ddaa2,532882,0,133,false,422022,13020,269852,300,137850,770,532882,a19ccb4a6e21260c609f8f45fc6d267ac18b285362553baa3ea80c1bd75ddaa2,290,0,290,0,true,45,535175,535175,4,0,0,0,1,1,0,7281,1,0,true,0,367535,0,0,8490,535175,0,0,532882,0,14586,0,0,6699515,6714084,true,true,true,true,true,true,true,true,true,true,true,true,true,true
managed_paragraph_batch_perf_v1,1,replace_body_paragraph_texts,descriptive_same_fixture_alternative_api_path_no_same_api_before_after_claim,128,1,owned,batch,ca410eb5ac948e3e90f67505a0e566883a15305e0fa64a90be9e146256160685,532875,fixture-p128-k1.docx,a19ccb4a6e21260c609f8f45fc6d267ac18b285362553baa3ea80c1bd75ddaa2,532882,0,134,false,417081,13040,267421,340,135250,790,532882,a19ccb4a6e21260c609f8f45fc6d267ac18b285362553baa3ea80c1bd75ddaa2,292,0,292,0,true,45,535175,535175,4,0,0,0,1,1,0,7281,1,0,true,0,367535,0,0,8490,535175,0,0,532882,0,14586,0,0,6699515,6714084,true,true,true,true,true,true,true,true,true,true,true,true,true,true
managed_paragraph_batch_perf_v1,1,replace_body_paragraph_texts,descriptive_same_fixture_alternative_api_path_no_same_api_before_after_claim,128,1,owned,batch,ca410eb5ac948e3e90f67505a0e566883a15305e0fa64a90be9e146256160685,532875,fixture-p128-k1.docx,a19ccb4a6e21260c609f8f45fc6d267ac18b285362553baa3ea80c1bd75ddaa2,532882,0,135,false,429071,13070,277621,300,136980,790,532882,a19ccb4a6e21260c609f8f45fc6d267ac18b285362553baa3ea80c1bd75ddaa2,294,0,294,0,true,45,535175,535175,4,0,0,0,1,1,0,7281,1,0,true,0,367535,0,0,8490,535175,0,0,532882,0,14586,0,0,6699515,6714084,true,true,true,true,true,true,true,true,true,true,true,true,true,true
managed_paragraph_batch_perf_v1,1,replace_body_paragraph_texts,descriptive_same_fixture_alternative_api_path_no_same_api_before_after_claim,128,1,owned,batch,ca410eb5ac948e3e90f67505a0e566883a15305e0fa64a90be9e146256160685,532875,fixture-p128-k1.docx,a19ccb4a6e21260c609f8f45fc6d267ac18b285362553baa3ea80c1bd75ddaa2,532882,0,136,false,426202,13410,275781,310,135741,770,532882,a19ccb4a6e21260c609f8f45fc6d267ac18b285362553baa3ea80c1bd75ddaa2,296,0,296,0,true,45,535175,535175,4,0,0,0,1,1,0,7281,1,0,true,0,367535,0,0,8490,535175,0,0,532882,0,14586,0,0,6699515,6714084,true,true,true,true,true,true,true,true,true,true,true,true,true,true
managed_paragraph_batch_perf_v1,1,replace_body_paragraph_texts,descriptive_same_fixture_alternative_api_path_no_same_api_before_after_claim,128,1,owned,batch,ca410eb5ac948e3e90f67505a0e566883a15305e0fa64a90be9e146256160685,532875,fixture-p128-k1.docx,a19ccb4a6e21260c609f8f45fc6d267ac18b285362553baa3ea80c1bd75ddaa2,532882,0,137,false,427462,13500,275731,330,136901,790,532882,a19ccb4a6e21260c609f8f45fc6d267ac18b285362553baa3ea80c1bd75ddaa2,298,0,298,0,true,45,535175,535175,4,0,0,0,1,1,0,7281,1,0,true,0,367535,0,0,8490,535175,0,0,532882,0,14586,0,0,6699515,6714084,true,true,true,true,true,true,true,true,true,true,true,true,true,true
managed_paragraph_batch_perf_v1,1,replace_body_paragraph_texts,descriptive_same_fixture_alternative_api_path_no_same_api_before_after_claim,128,1,owned,batch,ca410eb5ac948e3e90f67505a0e566883a15305e0fa64a90be9e146256160685,532875,fixture-p128-k1.docx,a19ccb4a6e21260c609f8f45fc6d267ac18b285362553baa3ea80c1bd75ddaa2,532882,0,138,false,430742,13180,276931,290,139331,810,532882,a19ccb4a6e21260c609f8f45fc6d267ac18b285362553baa3ea80c1bd75ddaa2,300,0,300,0,true,45,535175,535175,4,0,0,0,1,1,0,7281,1,0,true,0,367535,0,0,8490,535175,0,0,532882,0,14586,0,0,6699515,6714084,true,true,true,true,true,true,true,true,true,true,true,true,true,true
managed_paragraph_batch_perf_v1,1,replace_body_paragraph_texts,descriptive_same_fixture_alternative_api_path_no_same_api_before_after_claim,128,1,owned,batch,ca410eb5ac948e3e90f67505a0e566883a15305e0fa64a90be9e146256160685,532875,fixture-p128-k1.docx,a19ccb4a6e21260c609f8f45fc6d267ac18b285362553baa3ea80c1bd75ddaa2,532882,0,139,false,430992,13130,279101,330,137411,810,532882,a19ccb4a6e21260c609f8f45fc6d267ac18b285362553baa3ea80c1bd75ddaa2,302,0,302,0,true,45,535175,535175,4,0,0,0,1,1,0,7281,1,0,true,0,367535,0,0,8490,535175,0,0,532882,0,14586,0,0,6699515,6714084,true,true,true,true,true,true,true,true,true,true,true,true,true,true
managed_paragraph_batch_perf_v1,1,replace_body_paragraph_texts,descriptive_same_fixture_alternative_api_path_no_same_api_before_after_claim,128,1,owned,batch,ca410eb5ac948e3e90f67505a0e566883a15305e0fa64a90be9e146256160685,532875,fixture-p128-k1.docx,a19ccb4a6e21260c609f8f45fc6d267ac18b285362553baa3ea80c1bd75ddaa2,532882,0,140,false,429672,12980,278172,330,137200,790,532882,a19ccb4a6e21260c609f8f45fc6d267ac18b285362553baa3ea80c1bd75ddaa2,304,0,304,0,true,45,535175,535175,4,0,0,0,1,1,0,7281,1,0,true,0,367535,0,0,8490,535175,0,0,532882,0,14586,0,0,6699515,6714084,true,true,true,true,true,true,true,true,true,true,true,true,true,true
managed_paragraph_batch_perf_v1,1,replace_body_paragraph_texts,descriptive_same_fixture_alternative_api_path_no_same_api_before_after_claim,128,1,owned,batch,ca410eb5ac948e3e90f67505a0e566883a15305e0fa64a90be9e146256160685,532875,fixture-p128-k1.docx,a19ccb4a6e21260c609f8f45fc6d267ac18b285362553baa3ea80c1bd75ddaa2,532882,0,141,false,426442,12931,276161,330,136040,760,532882,a19ccb4a6e21260c609f8f45fc6d267ac18b285362553baa3ea80c1bd75ddaa2,306,0,306,0,true,45,535175,535175,4,0,0,0,1,1,0,7281,1,0,true,0,367535,0,0,8490,535175,0,0,532882,0,14586,0,0,6699515,6714084,true,true,true,true,true,true,true,true,true,true,true,true,true,true
managed_paragraph_batch_perf_v1,1,replace_body_paragraph_texts,descriptive_same_fixture_alternative_api_path_no_same_api_before_after_claim,128,1,owned,batch,ca410eb5ac948e3e90f67505a0e566883a15305e0fa64a90be9e146256160685,532875,fixture-p128-k1.docx,a19ccb4a6e21260c609f8f45fc6d267ac18b285362553baa3ea80c1bd75ddaa2,532882,0,142,false,431611,12810,281091,340,136270,790,532882,a19ccb4a6e21260c609f8f45fc6d267ac18b285362553baa3ea80c1bd75ddaa2,308,0,308,0,true,45,535175,535175,4,0,0,0,1,1,0,7281,1,0,true,0,367535,0,0,8490,535175,0,0,532882,0,14586,0,0,6699515,6714084,true,true,true,true,true,true,true,true,true,true,true,true,true,true
managed_paragraph_batch_perf_v1,1,replace_body_paragraph_texts,descriptive_same_fixture_alternative_api_path_no_same_api_before_after_claim,128,1,owned,batch,ca410eb5ac948e3e90f67505a0e566883a15305e0fa64a90be9e146256160685,532875,fixture-p128-k1.docx,a19ccb4a6e21260c609f8f45fc6d267ac18b285362553baa3ea80c1bd75ddaa2,532882,0,143,false,429032,13140,269311,330,145311,760,532882,a19ccb4a6e21260c609f8f45fc6d267ac18b285362553baa3ea80c1bd75ddaa2,310,0,310,0,true,45,535175,535175,4,0,0,0,1,1,0,7281,1,0,true,0,367535,0,0,8490,535175,0,0,532882,0,14586,0,0,6699515,6714084,true,true,true,true,true,true,true,true,true,true,true,true,true,true
managed_paragraph_batch_perf_v1,1,replace_body_paragraph_texts,descriptive_same_fixture_alternative_api_path_no_same_api_before_after_claim,128,1,owned,batch,ca410eb5ac948e3e90f67505a0e566883a15305e0fa64a90be9e146256160685,532875,fixture-p128-k1.docx,a19ccb4a6e21260c609f8f45fc6d267ac18b285362553baa3ea80c1bd75ddaa2,532882,0,144,false,427932,12920,268991,290,144711,840,532882,a19ccb4a6e21260c609f8f45fc6d267ac18b285362553baa3ea80c1bd75ddaa2,312,0,312,0,true,45,535175,535175,4,0,0,0,1,1,0,7281,1,0,true,0,367535,0,0,8490,535175,0,0,532882,0,14586,0,0,6699515,6714084,true,true,true,true,true,true,true,true,true,true,true,true,true,true
managed_paragraph_batch_perf_v1,1,replace_body_paragraph_texts,descriptive_same_fixture_alternative_api_path_no_same_api_before_after_claim,128,1,owned,batch,ca410eb5ac948e3e90f67505a0e566883a15305e0fa64a90be9e146256160685,532875,fixture-p128-k1.docx,a19ccb4a6e21260c609f8f45fc6d267ac18b285362553baa3ea80c1bd75ddaa2,532882,0,145,false,425892,13240,267441,280,143831,760,532882,a19ccb4a6e21260c609f8f45fc6d267ac18b285362553baa3ea80c1bd75ddaa2,314,0,314,0,true,45,535175,535175,4,0,0,0,1,1,0,7281,1,0,true,0,367535,0,0,8490,535175,0,0,532882,0,14586,0,0,6699515,6714084,true,true,true,true,true,true,true,true,true,true,true,true,true,true
managed_paragraph_batch_perf_v1,1,replace_body_paragraph_texts,descriptive_same_fixture_alternative_api_path_no_same_api_before_after_claim,128,1,owned,batch,ca410eb5ac948e3e90f67505a0e566883a15305e0fa64a90be9e146256160685,532875,fixture-p128-k1.docx,a19ccb4a6e21260c609f8f45fc6d267ac18b285362553baa3ea80c1bd75ddaa2,532882,0,146,false,419442,12870,267591,320,137691,800,532882,a19ccb4a6e21260c609f8f45fc6d267ac18b285362553baa3ea80c1bd75ddaa2,316,0,316,0,true,45,535175,535175,4,0,0,0,1,1,0,7281,1,0,true,0,367535,0,0,8490,535175,0,0,532882,0,14586,0,0,6699515,6714084,true,true,true,true,true,true,true,true,true,true,true,true,true,true
managed_paragraph_batch_perf_v1,1,replace_body_paragraph_texts,descriptive_same_fixture_alternative_api_path_no_same_api_before_after_claim,128,1,owned,batch,ca410eb5ac948e3e90f67505a0e566883a15305e0fa64a90be9e146256160685,532875,fixture-p128-k1.docx,a19ccb4a6e21260c609f8f45fc6d267ac18b285362553baa3ea80c1bd75ddaa2,532882,0,147,false,417992,13120,268172,290,135400,800,532882,a19ccb4a6e21260c609f8f45fc6d267ac18b285362553baa3ea80c1bd75ddaa2,318,0,318,0,true,45,535175,535175,4,0,0,0,1,1,0,7281,1,0,true,0,367535,0,0,8490,535175,0,0,532882,0,14586,0,0,6699515,6714084,true,true,true,true,true,true,true,true,true,true,true,true,true,true
managed_paragraph_batch_perf_v1,1,replace_body_paragraph_texts,descriptive_same_fixture_alternative_api_path_no_same_api_before_after_claim,128,1,owned,batch,ca410eb5ac948e3e90f67505a0e566883a15305e0fa64a90be9e146256160685,532875,fixture-p128-k1.docx,a19ccb4a6e21260c609f8f45fc6d267ac18b285362553baa3ea80c1bd75ddaa2,532882,0,148,false,423552,13820,271592,290,136860,790,532882,a19ccb4a6e21260c609f8f45fc6d267ac18b285362553baa3ea80c1bd75ddaa2,320,0,320,0,true,45,535175,535175,4,0,0,0,1,1,0,7281,1,0,true,0,367535,0,0,8490,535175,0,0,532882,0,14586,0,0,6699515,6714084,true,true,true,true,true,true,true,true,true,true,true,true,true,true
managed_paragraph_batch_perf_v1,1,replace_body_paragraph_texts,descriptive_same_fixture_alternative_api_path_no_same_api_before_after_claim,128,1,owned,batch,ca410eb5ac948e3e90f67505a0e566883a15305e0fa64a90be9e146256160685,532875,fixture-p128-k1.docx,a19ccb4a6e21260c609f8f45fc6d267ac18b285362553baa3ea80c1bd75ddaa2,532882,0,149,false,418591,12900,269391,290,135040,780,532882,a19ccb4a6e21260c609f8f45fc6d267ac18b285362553baa3ea80c1bd75ddaa2,322,0,322,0,true,45,535175,535175,4,0,0,0,1,1,0,7281,1,0,true,0,367535,0,0,8490,535175,0,0,532882,0,14586,0,0,6699515,6714084,true,true,true,true,true,true,true,true,true,true,true,true,true,true
managed_paragraph_batch_perf_v1,1,replace_body_paragraph_texts,descriptive_same_fixture_alternative_api_path_no_same_api_before_after_claim,128,1,owned,batch,ca410eb5ac948e3e90f67505a0e566883a15305e0fa64a90be9e146256160685,532875,fixture-p128-k1.docx,a19ccb4a6e21260c609f8f45fc6d267ac18b285362553baa3ea80c1bd75ddaa2,532882,0,150,false,419192,13120,268441,300,136361,760,532882,a19ccb4a6e21260c609f8f45fc6d267ac18b285362553baa3ea80c1bd75ddaa2,324,0,324,0,true,45,535175,535175,4,0,0,0,1,1,0,7281,1,0,true,0,367535,0,0,8490,535175,0,0,532882,0,14586,0,0,6699515,6714084,true,true,true,true,true,true,true,true,true,true,true,true,true,true
managed_paragraph_batch_perf_v1,1,replace_body_paragraph_texts,descriptive_same_fixture_alternative_api_path_no_same_api_before_after_claim,128,1,owned,batch,ca410eb5ac948e3e90f67505a0e566883a15305e0fa64a90be9e146256160685,532875,fixture-p128-k1.docx,a19ccb4a6e21260c609f8f45fc6d267ac18b285362553baa3ea80c1bd75ddaa2,532882,0,151,false,419772,12950,268301,290,137271,760,532882,a19ccb4a6e21260c609f8f45fc6d267ac18b285362553baa3ea80c1bd75ddaa2,326,0,326,0,true,45,535175,535175,4,0,0,0,1,1,0,7281,1,0,true,0,367535,0,0,8490,535175,0,0,532882,0,14586,0,0,6699515,6714084,true,true,true,true,true,true,true,true,true,true,true,true,true,true
managed_paragraph_batch_perf_v1,1,replace_body_paragraph_texts,descriptive_same_fixture_alternative_api_path_no_same_api_before_after_claim,128,1,owned,batch,ca410eb5ac948e3e90f67505a0e566883a15305e0fa64a90be9e146256160685,532875,fixture-p128-k1.docx,a19ccb4a6e21260c609f8f45fc6d267ac18b285362553baa3ea80c1bd75ddaa2,532882,0,152,false,425112,13020,274071,290,136721,810,532882,a19ccb4a6e21260c609f8f45fc6d267ac18b285362553baa3ea80c1bd75ddaa2,328,0,328,0,true,45,535175,535175,4,0,0,0,1,1,0,7281,1,0,true,0,367535,0,0,8490,535175,0,0,532882,0,14586,0,0,6699515,6714084,true,true,true,true,true,true,true,true,true,true,true,true,true,true
managed_paragraph_batch_perf_v1,1,replace_body_paragraph_texts,descriptive_same_fixture_alternative_api_path_no_same_api_before_after_claim,128,1,owned,batch,ca410eb5ac948e3e90f67505a0e566883a15305e0fa64a90be9e146256160685,532875,fixture-p128-k1.docx,a19ccb4a6e21260c609f8f45fc6d267ac18b285362553baa3ea80c1bd75ddaa2,532882,0,153,false,417342,13020,267031,280,136041,770,532882,a19ccb4a6e21260c609f8f45fc6d267ac18b285362553baa3ea80c1bd75ddaa2,330,0,330,0,true,45,535175,535175,4,0,0,0,1,1,0,7281,1,0,true,0,367535,0,0,8490,535175,0,0,532882,0,14586,0,0,6699515,6714084,true,true,true,true,true,true,true,true,true,true,true,true,true,true
managed_paragraph_batch_perf_v1,1,replace_body_paragraph_texts,descriptive_same_fixture_alternative_api_path_no_same_api_before_after_claim,128,1,owned,batch,ca410eb5ac948e3e90f67505a0e566883a15305e0fa64a90be9e146256160685,532875,fixture-p128-k1.docx,a19ccb4a6e21260c609f8f45fc6d267ac18b285362553baa3ea80c1bd75ddaa2,532882,0,154,false,416632,13040,267362,310,134930,780,532882,a19ccb4a6e21260c609f8f45fc6d267ac18b285362553baa3ea80c1bd75ddaa2,332,0,332,0,true,45,535175,535175,4,0,0,0,1,1,0,7281,1,0,true,0,367535,0,0,8490,535175,0,0,532882,0,14586,0,0,6699515,6714084,true,true,true,true,true,true,true,true,true,true,true,true,true,true
managed_paragraph_batch_perf_v1,1,replace_body_paragraph_texts,descriptive_same_fixture_alternative_api_path_no_same_api_before_after_claim,128,1,owned,batch,ca410eb5ac948e3e90f67505a0e566883a15305e0fa64a90be9e146256160685,532875,fixture-p128-k1.docx,a19ccb4a6e21260c609f8f45fc6d267ac18b285362553baa3ea80c1bd75ddaa2,532882,0,155,false,419731,13190,268581,290,136690,790,532882,a19ccb4a6e21260c609f8f45fc6d267ac18b285362553baa3ea80c1bd75ddaa2,334,0,334,0,true,45,535175,535175,4,0,0,0,1,1,0,7281,1,0,true,0,367535,0,0,8490,535175,0,0,532882,0,14586,0,0,6699515,6714084,true,true,true,true,true,true,true,true,true,true,true,true,true,true
managed_paragraph_batch_perf_v1,1,replace_body_paragraph_texts,descriptive_same_fixture_alternative_api_path_no_same_api_before_after_claim,128,1,owned,batch,ca410eb5ac948e3e90f67505a0e566883a15305e0fa64a90be9e146256160685,532875,fixture-p128-k1.docx,a19ccb4a6e21260c609f8f45fc6d267ac18b285362553baa3ea80c1bd75ddaa2,532882,0,156,false,426651,13140,273901,310,138260,790,532882,a19ccb4a6e21260c609f8f45fc6d267ac18b285362553baa3ea80c1bd75ddaa2,336,0,336,0,true,45,535175,535175,4,0,0,0,1,1,0,7281,1,0,true,0,367535,0,0,8490,535175,0,0,532882,0,14586,0,0,6699515,6714084,true,true,true,true,true,true,true,true,true,true,true,true,true,true
managed_paragraph_batch_perf_v1,1,replace_body_paragraph_texts,descriptive_same_fixture_alternative_api_path_no_same_api_before_after_claim,128,1,owned,batch,ca410eb5ac948e3e90f67505a0e566883a15305e0fa64a90be9e146256160685,532875,fixture-p128-k1.docx,a19ccb4a6e21260c609f8f45fc6d267ac18b285362553baa3ea80c1bd75ddaa2,532882,0,157,false,419872,13210,269821,300,135601,750,532882,a19ccb4a6e21260c609f8f45fc6d267ac18b285362553baa3ea80c1bd75ddaa2,338,0,338,0,true,45,535175,535175,4,0,0,0,1,1,0,7281,1,0,true,0,367535,0,0,8490,535175,0,0,532882,0,14586,0,0,6699515,6714084,true,true,true,true,true,true,true,true,true,true,true,true,true,true
managed_paragraph_batch_perf_v1,1,replace_body_paragraph_texts,descriptive_same_fixture_alternative_api_path_no_same_api_before_after_claim,128,1,owned,batch,ca410eb5ac948e3e90f67505a0e566883a15305e0fa64a90be9e146256160685,532875,fixture-p128-k1.docx,a19ccb4a6e21260c609f8f45fc6d267ac18b285362553baa3ea80c1bd75ddaa2,532882,0,158,false,420012,13020,269871,290,135871,790,532882,a19ccb4a6e21260c609f8f45fc6d267ac18b285362553baa3ea80c1bd75ddaa2,340,0,340,0,true,45,535175,535175,4,0,0,0,1,1,0,7281,1,0,true,0,367535,0,0,8490,535175,0,0,532882,0,14586,0,0,6699515,6714084,true,true,true,true,true,true,true,true,true,true,true,true,true,true
managed_paragraph_batch_perf_v1,1,replace_body_paragraph_texts,descriptive_same_fixture_alternative_api_path_no_same_api_before_after_claim,128,1,owned,batch,ca410eb5ac948e3e90f67505a0e566883a15305e0fa64a90be9e146256160685,532875,fixture-p128-k1.docx,a19ccb4a6e21260c609f8f45fc6d267ac18b285362553baa3ea80c1bd75ddaa2,532882,0,159,false,418002,13030,268881,290,134791,820,532882,a19ccb4a6e21260c609f8f45fc6d267ac18b285362553baa3ea80c1bd75ddaa2,342,0,342,0,true,45,535175,535175,4,0,0,0,1,1,0,7281,1,0,true,0,367535,0,0,8490,535175,0,0,532882,0,14586,0,0,6699515,6714084,true,true,true,true,true,true,true,true,true,true,true,true,true,true
managed_paragraph_batch_perf_v1,1,replace_body_paragraph_texts,descriptive_same_fixture_alternative_api_path_no_same_api_before_after_claim,128,1,owned,batch,ca410eb5ac948e3e90f67505a0e566883a15305e0fa64a90be9e146256160685,532875,fixture-p128-k1.docx,a19ccb4a6e21260c609f8f45fc6d267ac18b285362553baa3ea80c1bd75ddaa2,532882,0,160,false,422262,12950,268431,290,139551,840,532882,a19ccb4a6e21260c609f8f45fc6d267ac18b285362553baa3ea80c1bd75ddaa2,344,0,344,0,true,45,535175,535175,4,0,0,0,1,1,0,7281,1,0,true,0,367535,0,0,8490,535175,0,0,532882,0,14586,0,0,6699515,6714084,true,true,true,true,true,true,true,true,true,true,true,true,true,true
managed_paragraph_batch_perf_v1,1,replace_body_paragraph_texts,descriptive_same_fixture_alternative_api_path_no_same_api_before_after_claim,128,1,owned,batch,ca410eb5ac948e3e90f67505a0e566883a15305e0fa64a90be9e146256160685,532875,fixture-p128-k1.docx,a19ccb4a6e21260c609f8f45fc6d267ac18b285362553baa3ea80c1bd75ddaa2,532882,0,161,false,418692,13101,267801,300,136520,760,532882,a19ccb4a6e21260c609f8f45fc6d267ac18b285362553baa3ea80c1bd75ddaa2,346,0,346,0,true,45,535175,535175,4,0,0,0,1,1,0,7281,1,0,true,0,367535,0,0,8490,535175,0,0,532882,0,14586,0,0,6699515,6714084,true,true,true,true,true,true,true,true,true,true,true,true,true,true
managed_paragraph_batch_perf_v1,1,replace_body_paragraph_texts,descriptive_same_fixture_alternative_api_path_no_same_api_before_after_claim,128,1,owned,batch,ca410eb5ac948e3e90f67505a0e566883a15305e0fa64a90be9e146256160685,532875,fixture-p128-k1.docx,a19ccb4a6e21260c609f8f45fc6d267ac18b285362553baa3ea80c1bd75ddaa2,532882,0,162,false,427711,13010,276921,280,136520,770,532882,a19ccb4a6e21260c609f8f45fc6d267ac18b285362553baa3ea80c1bd75ddaa2,348,0,348,0,true,45,535175,535175,4,0,0,0,1,1,0,7281,1,0,true,0,367535,0,0,8490,535175,0,0,532882,0,14586,0,0,6699515,6714084,true,true,true,true,true,true,true,true,true,true,true,true,true,true
managed_paragraph_batch_perf_v1,1,replace_body_paragraph_texts,descriptive_same_fixture_alternative_api_path_no_same_api_before_after_claim,128,1,owned,batch,ca410eb5ac948e3e90f67505a0e566883a15305e0fa64a90be9e146256160685,532875,fixture-p128-k1.docx,a19ccb4a6e21260c609f8f45fc6d267ac18b285362553baa3ea80c1bd75ddaa2,532882,0,163,false,428502,13010,276141,300,137971,760,532882,a19ccb4a6e21260c609f8f45fc6d267ac18b285362553baa3ea80c1bd75ddaa2,350,0,350,0,true,45,535175,535175,4,0,0,0,1,1,0,7281,1,0,true,0,367535,0,0,8490,535175,0,0,532882,0,14586,0,0,6699515,6714084,true,true,true,true,true,true,true,true,true,true,true,true,true,true
managed_paragraph_batch_perf_v1,1,replace_body_paragraph_texts,descriptive_same_fixture_alternative_api_path_no_same_api_before_after_claim,128,1,owned,batch,ca410eb5ac948e3e90f67505a0e566883a15305e0fa64a90be9e146256160685,532875,fixture-p128-k1.docx,a19ccb4a6e21260c609f8f45fc6d267ac18b285362553baa3ea80c1bd75ddaa2,532882,0,164,false,429452,12920,276811,330,138401,800,532882,a19ccb4a6e21260c609f8f45fc6d267ac18b285362553baa3ea80c1bd75ddaa2,352,0,352,0,true,45,535175,535175,4,0,0,0,1,1,0,7281,1,0,true,0,367535,0,0,8490,535175,0,0,532882,0,14586,0,0,6699515,6714084,true,true,true,true,true,true,true,true,true,true,true,true,true,true
managed_paragraph_batch_perf_v1,1,replace_body_paragraph_texts,descriptive_same_fixture_alternative_api_path_no_same_api_before_after_claim,128,1,owned,batch,ca410eb5ac948e3e90f67505a0e566883a15305e0fa64a90be9e146256160685,532875,fixture-p128-k1.docx,a19ccb4a6e21260c609f8f45fc6d267ac18b285362553baa3ea80c1bd75ddaa2,532882,0,165,false,426862,12860,275111,320,137561,810,532882,a19ccb4a6e21260c609f8f45fc6d267ac18b285362553baa3ea80c1bd75ddaa2,354,0,354,0,true,45,535175,535175,4,0,0,0,1,1,0,7281,1,0,true,0,367535,0,0,8490,535175,0,0,532882,0,14586,0,0,6699515,6714084,true,true,true,true,true,true,true,true,true,true,true,true,true,true
managed_paragraph_batch_perf_v1,1,replace_body_paragraph_texts,descriptive_same_fixture_alternative_api_path_no_same_api_before_after_claim,128,1,owned,batch,ca410eb5ac948e3e90f67505a0e566883a15305e0fa64a90be9e146256160685,532875,fixture-p128-k1.docx,a19ccb4a6e21260c609f8f45fc6d267ac18b285362553baa3ea80c1bd75ddaa2,532882,0,166,false,430592,13280,278771,300,137281,760,532882,a19ccb4a6e21260c609f8f45fc6d267ac18b285362553baa3ea80c1bd75ddaa2,356,0,356,0,true,45,535175,535175,4,0,0,0,1,1,0,7281,1,0,true,0,367535,0,0,8490,535175,0,0,532882,0,14586,0,0,6699515,6714084,true,true,true,true,true,true,true,true,true,true,true,true,true,true
managed_paragraph_batch_perf_v1,1,replace_body_paragraph_texts,descriptive_same_fixture_alternative_api_path_no_same_api_before_after_claim,128,1,owned,batch,ca410eb5ac948e3e90f67505a0e566883a15305e0fa64a90be9e146256160685,532875,fixture-p128-k1.docx,a19ccb4a6e21260c609f8f45fc6d267ac18b285362553baa3ea80c1bd75ddaa2,532882,0,167,false,427352,12930,276902,300,136270,770,532882,a19ccb4a6e21260c609f8f45fc6d267ac18b285362553baa3ea80c1bd75ddaa2,358,0,358,0,true,45,535175,535175,4,0,0,0,1,1,0,7281,1,0,true,0,367535,0,0,8490,535175,0,0,532882,0,14586,0,0,6699515,6714084,true,true,true,true,true,true,true,true,true,true,true,true,true,true
managed_paragraph_batch_perf_v1,1,replace_body_paragraph_texts,descriptive_same_fixture_alternative_api_path_no_same_api_before_after_claim,128,1,owned,batch,ca410eb5ac948e3e90f67505a0e566883a15305e0fa64a90be9e146256160685,532875,fixture-p128-k1.docx,a19ccb4a6e21260c609f8f45fc6d267ac18b285362553baa3ea80c1bd75ddaa2,532882,0,168,false,423872,12811,273101,300,136670,780,532882,a19ccb4a6e21260c609f8f45fc6d267ac18b285362553baa3ea80c1bd75ddaa2,360,0,360,0,true,45,535175,535175,4,0,0,0,1,1,0,7281,1,0,true,0,367535,0,0,8490,535175,0,0,532882,0,14586,0,0,6699515,6714084,true,true,true,true,true,true,true,true,true,true,true,true,true,true
managed_paragraph_batch_perf_v1,1,replace_body_paragraph_texts,descriptive_same_fixture_alternative_api_path_no_same_api_before_after_claim,128,1,owned,batch,ca410eb5ac948e3e90f67505a0e566883a15305e0fa64a90be9e146256160685,532875,fixture-p128-k1.docx,a19ccb4a6e21260c609f8f45fc6d267ac18b285362553baa3ea80c1bd75ddaa2,532882,0,169,false,430601,13000,269701,300,146650,760,532882,a19ccb4a6e21260c609f8f45fc6d267ac18b285362553baa3ea80c1bd75ddaa2,362,0,362,0,true,45,535175,535175,4,0,0,0,1,1,0,7281,1,0,true,0,367535,0,0,8490,535175,0,0,532882,0,14586,0,0,6699515,6714084,true,true,true,true,true,true,true,true,true,true,true,true,true,true
managed_paragraph_batch_perf_v1,1,replace_body_paragraph_texts,descriptive_same_fixture_alternative_api_path_no_same_api_before_after_claim,128,1,owned,batch,ca410eb5ac948e3e90f67505a0e566883a15305e0fa64a90be9e146256160685,532875,fixture-p128-k1.docx,a19ccb4a6e21260c609f8f45fc6d267ac18b285362553baa3ea80c1bd75ddaa2,532882,0,170,false,429882,13150,269041,290,146431,780,532882,a19ccb4a6e21260c609f8f45fc6d267ac18b285362553baa3ea80c1bd75ddaa2,364,0,364,0,true,45,535175,535175,4,0,0,0,1,1,0,7281,1,0,true,0,367535,0,0,8490,535175,0,0,532882,0,14586,0,0,6699515,6714084,true,true,true,true,true,true,true,true,true,true,true,true,true,true
managed_paragraph_batch_perf_v1,1,replace_body_paragraph_texts,descriptive_same_fixture_alternative_api_path_no_same_api_before_after_claim,128,1,owned,batch,ca410eb5ac948e3e90f67505a0e566883a15305e0fa64a90be9e146256160685,532875,fixture-p128-k1.docx,a19ccb4a6e21260c609f8f45fc6d267ac18b285362553baa3ea80c1bd75ddaa2,532882,0,171,false,426532,13140,267651,300,144481,770,532882,a19ccb4a6e21260c609f8f45fc6d267ac18b285362553baa3ea80c1bd75ddaa2,366,0,366,0,true,45,535175,535175,4,0,0,0,1,1,0,7281,1,0,true,0,367535,0,0,8490,535175,0,0,532882,0,14586,0,0,6699515,6714084,true,true,true,true,true,true,true,true,true,true,true,true,true,true
managed_paragraph_batch_perf_v1,1,replace_body_paragraph_texts,descriptive_same_fixture_alternative_api_path_no_same_api_before_after_claim,128,1,owned,batch,ca410eb5ac948e3e90f67505a0e566883a15305e0fa64a90be9e146256160685,532875,fixture-p128-k1.docx,a19ccb4a6e21260c609f8f45fc6d267ac18b285362553baa3ea80c1bd75ddaa2,532882,0,172,false,427052,13340,269751,290,142651,800,532882,a19ccb4a6e21260c609f8f45fc6d267ac18b285362553baa3ea80c1bd75ddaa2,368,0,368,0,true,45,535175,535175,4,0,0,0,1,1,0,7281,1,0,true,0,367535,0,0,8490,535175,0,0,532882,0,14586,0,0,6699515,6714084,true,true,true,true,true,true,true,true,true,true,true,true,true,true
managed_paragraph_batch_perf_v1,1,replace_body_paragraph_texts,descriptive_same_fixture_alternative_api_path_no_same_api_before_after_claim,128,1,owned,batch,ca410eb5ac948e3e90f67505a0e566883a15305e0fa64a90be9e146256160685,532875,fixture-p128-k1.docx,a19ccb4a6e21260c609f8f45fc6d267ac18b285362553baa3ea80c1bd75ddaa2,532882,0,173,false,419612,13210,269311,290,135801,800,532882,a19ccb4a6e21260c609f8f45fc6d267ac18b285362553baa3ea80c1bd75ddaa2,370,0,370,0,true,45,535175,535175,4,0,0,0,1,1,0,7281,1,0,true,0,367535,0,0,8490,535175,0,0,532882,0,14586,0,0,6699515,6714084,true,true,true,true,true,true,true,true,true,true,true,true,true,true
managed_paragraph_batch_perf_v1,1,replace_body_paragraph_texts,descriptive_same_fixture_alternative_api_path_no_same_api_before_after_claim,128,1,owned,batch,ca410eb5ac948e3e90f67505a0e566883a15305e0fa64a90be9e146256160685,532875,fixture-p128-k1.docx,a19ccb4a6e21260c609f8f45fc6d267ac18b285362553baa3ea80c1bd75ddaa2,532882,0,174,false,418242,13320,267582,290,136090,770,532882,a19ccb4a6e21260c609f8f45fc6d267ac18b285362553baa3ea80c1bd75ddaa2,372,0,372,0,true,45,535175,535175,4,0,0,0,1,1,0,7281,1,0,true,0,367535,0,0,8490,535175,0,0,532882,0,14586,0,0,6699515,6714084,true,true,true,true,true,true,true,true,true,true,true,true,true,true
managed_paragraph_batch_perf_v1,1,replace_body_paragraph_texts,descriptive_same_fixture_alternative_api_path_no_same_api_before_after_claim,128,1,owned,batch,ca410eb5ac948e3e90f67505a0e566883a15305e0fa64a90be9e146256160685,532875,fixture-p128-k1.docx,a19ccb4a6e21260c609f8f45fc6d267ac18b285362553baa3ea80c1bd75ddaa2,532882,0,175,false,418392,13171,267931,290,136040,780,532882,a19ccb4a6e21260c609f8f45fc6d267ac18b285362553baa3ea80c1bd75ddaa2,374,0,374,0,true,45,535175,535175,4,0,0,0,1,1,0,7281,1,0,true,0,367535,0,0,8490,535175,0,0,532882,0,14586,0,0,6699515,6714084,true,true,true,true,true,true,true,true,true,true,true,true,true,true
managed_paragraph_batch_perf_v1,1,replace_body_paragraph_texts,descriptive_same_fixture_alternative_api_path_no_same_api_before_after_claim,128,1,owned,batch,ca410eb5ac948e3e90f67505a0e566883a15305e0fa64a90be9e146256160685,532875,fixture-p128-k1.docx,a19ccb4a6e21260c609f8f45fc6d267ac18b285362553baa3ea80c1bd75ddaa2,532882,0,176,false,418082,13080,268181,290,135461,760,532882,a19ccb4a6e21260c609f8f45fc6d267ac18b285362553baa3ea80c1bd75ddaa2,376,0,376,0,true,45,535175,535175,4,0,0,0,1,1,0,7281,1,0,true,0,367535,0,0,8490,535175,0,0,532882,0,14586,0,0,6699515,6714084,true,true,true,true,true,true,true,true,true,true,true,true,true,true
managed_paragraph_batch_perf_v1,1,replace_body_paragraph_texts,descriptive_same_fixture_alternative_api_path_no_same_api_before_after_claim,128,1,owned,batch,ca410eb5ac948e3e90f67505a0e566883a15305e0fa64a90be9e146256160685,532875,fixture-p128-k1.docx,a19ccb4a6e21260c609f8f45fc6d267ac18b285362553baa3ea80c1bd75ddaa2,532882,0,177,false,429762,13040,278241,310,137161,820,532882,a19ccb4a6e21260c609f8f45fc6d267ac18b285362553baa3ea80c1bd75ddaa2,378,0,378,0,true,45,535175,535175,4,0,0,0,1,1,0,7281,1,0,true,0,367535,0,0,8490,535175,0,0,532882,0,14586,0,0,6699515,6714084,true,true,true,true,true,true,true,true,true,true,true,true,true,true
managed_paragraph_batch_perf_v1,1,replace_body_paragraph_texts,descriptive_same_fixture_alternative_api_path_no_same_api_before_after_claim,128,1,owned,batch,ca410eb5ac948e3e90f67505a0e566883a15305e0fa64a90be9e146256160685,532875,fixture-p128-k1.docx,a19ccb4a6e21260c609f8f45fc6d267ac18b285362553baa3ea80c1bd75ddaa2,532882,0,178,false,417572,13090,267771,330,135431,770,532882,a19ccb4a6e21260c609f8f45fc6d267ac18b285362553baa3ea80c1bd75ddaa2,380,0,380,0,true,45,535175,535175,4,0,0,0,1,1,0,7281,1,0,true,0,367535,0,0,8490,535175,0,0,532882,0,14586,0,0,6699515,6714084,true,true,true,true,true,true,true,true,true,true,true,true,true,true
managed_paragraph_batch_perf_v1,1,replace_body_paragraph_texts,descriptive_same_fixture_alternative_api_path_no_same_api_before_after_claim,128,1,owned,batch,ca410eb5ac948e3e90f67505a0e566883a15305e0fa64a90be9e146256160685,532875,fixture-p128-k1.docx,a19ccb4a6e21260c609f8f45fc6d267ac18b285362553baa3ea80c1bd75ddaa2,532882,0,179,false,421502,13070,270881,330,136191,830,532882,a19ccb4a6e21260c609f8f45fc6d267ac18b285362553baa3ea80c1bd75ddaa2,382,0,382,0,true,45,535175,535175,4,0,0,0,1,1,0,7281,1,0,true,0,367535,0,0,8490,535175,0,0,532882,0,14586,0,0,6699515,6714084,true,true,true,true,true,true,true,true,true,true,true,true,true,true
managed_paragraph_batch_perf_v1,1,replace_body_paragraph_texts,descriptive_same_fixture_alternative_api_path_no_same_api_before_after_claim,128,1,owned,batch,ca410eb5ac948e3e90f67505a0e566883a15305e0fa64a90be9e146256160685,532875,fixture-p128-k1.docx,a19ccb4a6e21260c609f8f45fc6d267ac18b285362553baa3ea80c1bd75ddaa2,532882,0,180,false,419292,13110,269721,320,135061,770,532882,a19ccb4a6e21260c609f8f45fc6d267ac18b285362553baa3ea80c1bd75ddaa2,384,0,384,0,true,45,535175,535175,4,0,0,0,1,1,0,7281,1,0,true,0,367535,0,0,8490,535175,0,0,532882,0,14586,0,0,6699515,6714084,true,true,true,true,true,true,true,true,true,true,true,true,true,true
managed_paragraph_batch_perf_v1,1,replace_body_paragraph_texts,descriptive_same_fixture_alternative_api_path_no_same_api_before_after_claim,128,1,owned,batch,ca410eb5ac948e3e90f67505a0e566883a15305e0fa64a90be9e146256160685,532875,fixture-p128-k1.docx,a19ccb4a6e21260c609f8f45fc6d267ac18b285362553baa3ea80c1bd75ddaa2,532882,0,181,false,425592,12990,274002,330,137290,800,532882,a19ccb4a6e21260c609f8f45fc6d267ac18b285362553baa3ea80c1bd75ddaa2,386,0,386,0,true,45,535175,535175,4,0,0,0,1,1,0,7281,1,0,true,0,367535,0,0,8490,535175,0,0,532882,0,14586,0,0,6699515,6714084,true,true,true,true,true,true,true,true,true,true,true,true,true,true
managed_paragraph_batch_perf_v1,1,replace_body_paragraph_texts,descriptive_same_fixture_alternative_api_path_no_same_api_before_after_claim,128,1,owned,batch,ca410eb5ac948e3e90f67505a0e566883a15305e0fa64a90be9e146256160685,532875,fixture-p128-k1.docx,a19ccb4a6e21260c609f8f45fc6d267ac18b285362553baa3ea80c1bd75ddaa2,532882,0,182,false,422441,13240,270381,300,137520,790,532882,a19ccb4a6e21260c609f8f45fc6d267ac18b285362553baa3ea80c1bd75ddaa2,388,0,388,0,true,45,535175,535175,4,0,0,0,1,1,0,7281,1,0,true,0,367535,0,0,8490,535175,0,0,532882,0,14586,0,0,6699515,6714084,true,true,true,true,true,true,true,true,true,true,true,true,true,true
managed_paragraph_batch_perf_v1,1,replace_body_paragraph_texts,descriptive_same_fixture_alternative_api_path_no_same_api_before_after_claim,128,1,owned,batch,ca410eb5ac948e3e90f67505a0e566883a15305e0fa64a90be9e146256160685,532875,fixture-p128-k1.docx,a19ccb4a6e21260c609f8f45fc6d267ac18b285362553baa3ea80c1bd75ddaa2,532882,0,183,false,421842,13500,271111,370,135931,770,532882,a19ccb4a6e21260c609f8f45fc6d267ac18b285362553baa3ea80c1bd75ddaa2,390,0,390,0,true,45,535175,535175,4,0,0,0,1,1,0,7281,1,0,true,0,367535,0,0,8490,535175,0,0,532882,0,14586,0,0,6699515,6714084,true,true,true,true,true,true,true,true,true,true,true,true,true,true
managed_paragraph_batch_perf_v1,1,replace_body_paragraph_texts,descriptive_same_fixture_alternative_api_path_no_same_api_before_after_claim,128,1,owned,batch,ca410eb5ac948e3e90f67505a0e566883a15305e0fa64a90be9e146256160685,532875,fixture-p128-k1.docx,a19ccb4a6e21260c609f8f45fc6d267ac18b285362553baa3ea80c1bd75ddaa2,532882,0,184,false,420212,13180,269471,320,136291,760,532882,a19ccb4a6e21260c609f8f45fc6d267ac18b285362553baa3ea80c1bd75ddaa2,392,0,392,0,true,45,535175,535175,4,0,0,0,1,1,0,7281,1,0,true,0,367535,0,0,8490,535175,0,0,532882,0,14586,0,0,6699515,6714084,true,true,true,true,true,true,true,true,true,true,true,true,true,true
managed_paragraph_batch_perf_v1,1,replace_body_paragraph_texts,descriptive_same_fixture_alternative_api_path_no_same_api_before_after_claim,128,1,owned,batch,ca410eb5ac948e3e90f67505a0e566883a15305e0fa64a90be9e146256160685,532875,fixture-p128-k1.docx,a19ccb4a6e21260c609f8f45fc6d267ac18b285362553baa3ea80c1bd75ddaa2,532882,0,185,false,424452,13130,268891,330,141161,760,532882,a19ccb4a6e21260c609f8f45fc6d267ac18b285362553baa3ea80c1bd75ddaa2,394,0,394,0,true,45,535175,535175,4,0,0,0,1,1,0,7281,1,0,true,0,367535,0,0,8490,535175,0,0,532882,0,14586,0,0,6699515,6714084,true,true,true,true,true,true,true,true,true,true,true,true,true,true
managed_paragraph_batch_perf_v1,1,replace_body_paragraph_texts,descriptive_same_fixture_alternative_api_path_no_same_api_before_after_claim,128,1,owned,batch,ca410eb5ac948e3e90f67505a0e566883a15305e0fa64a90be9e146256160685,532875,fixture-p128-k1.docx,a19ccb4a6e21260c609f8f45fc6d267ac18b285362553baa3ea80c1bd75ddaa2,532882,0,186,false,420762,13140,270371,310,135991,760,532882,a19ccb4a6e21260c609f8f45fc6d267ac18b285362553baa3ea80c1bd75ddaa2,396,0,396,0,true,45,535175,535175,4,0,0,0,1,1,0,7281,1,0,true,0,367535,0,0,8490,535175,0,0,532882,0,14586,0,0,6699515,6714084,true,true,true,true,true,true,true,true,true,true,true,true,true,true
managed_paragraph_batch_perf_v1,1,replace_body_paragraph_texts,descriptive_same_fixture_alternative_api_path_no_same_api_before_after_claim,128,1,owned,batch,ca410eb5ac948e3e90f67505a0e566883a15305e0fa64a90be9e146256160685,532875,fixture-p128-k1.docx,a19ccb4a6e21260c609f8f45fc6d267ac18b285362553baa3ea80c1bd75ddaa2,532882,0,187,false,422442,13591,271401,330,136180,750,532882,a19ccb4a6e21260c609f8f45fc6d267ac18b285362553baa3ea80c1bd75ddaa2,398,0,398,0,true,45,535175,535175,4,0,0,0,1,1,0,7281,1,0,true,0,367535,0,0,8490,535175,0,0,532882,0,14586,0,0,6699515,6714084,true,true,true,true,true,true,true,true,true,true,true,true,true,true
managed_paragraph_batch_perf_v1,1,replace_body_paragraph_texts,descriptive_same_fixture_alternative_api_path_no_same_api_before_after_claim,128,1,owned,batch,ca410eb5ac948e3e90f67505a0e566883a15305e0fa64a90be9e146256160685,532875,fixture-p128-k1.docx,a19ccb4a6e21260c609f8f45fc6d267ac18b285362553baa3ea80c1bd75ddaa2,532882,0,188,false,422321,13260,271221,330,136540,780,532882,a19ccb4a6e21260c609f8f45fc6d267ac18b285362553baa3ea80c1bd75ddaa2,400,0,400,0,true,45,535175,535175,4,0,0,0,1,1,0,7281,1,0,true,0,367535,0,0,8490,535175,0,0,532882,0,14586,0,0,6699515,6714084,true,true,true,true,true,true,true,true,true,true,true,true,true,true
managed_paragraph_batch_perf_v1,1,replace_body_paragraph_texts,descriptive_same_fixture_alternative_api_path_no_same_api_before_after_claim,128,1,owned,batch,ca410eb5ac948e3e90f67505a0e566883a15305e0fa64a90be9e146256160685,532875,fixture-p128-k1.docx,a19ccb4a6e21260c609f8f45fc6d267ac18b285362553baa3ea80c1bd75ddaa2,532882,0,189,false,423732,13430,271661,300,137351,760,532882,a19ccb4a6e21260c609f8f45fc6d267ac18b285362553baa3ea80c1bd75ddaa2,402,0,402,0,true,45,535175,535175,4,0,0,0,1,1,0,7281,1,0,true,0,367535,0,0,8490,535175,0,0,532882,0,14586,0,0,6699515,6714084,true,true,true,true,true,true,true,true,true,true,true,true,true,true
managed_paragraph_batch_perf_v1,1,replace_body_paragraph_texts,descriptive_same_fixture_alternative_api_path_no_same_api_before_after_claim,128,1,owned,batch,ca410eb5ac948e3e90f67505a0e566883a15305e0fa64a90be9e146256160685,532875,fixture-p128-k1.docx,a19ccb4a6e21260c609f8f45fc6d267ac18b285362553baa3ea80c1bd75ddaa2,532882,0,190,false,428242,13630,277571,320,135771,760,532882,a19ccb4a6e21260c609f8f45fc6d267ac18b285362553baa3ea80c1bd75ddaa2,404,0,404,0,true,45,535175,535175,4,0,0,0,1,1,0,7281,1,0,true,0,367535,0,0,8490,535175,0,0,532882,0,14586,0,0,6699515,6714084,true,true,true,true,true,true,true,true,true,true,true,true,true,true
managed_paragraph_batch_perf_v1,1,replace_body_paragraph_texts,descriptive_same_fixture_alternative_api_path_no_same_api_before_after_claim,128,1,owned,batch,ca410eb5ac948e3e90f67505a0e566883a15305e0fa64a90be9e146256160685,532875,fixture-p128-k1.docx,a19ccb4a6e21260c609f8f45fc6d267ac18b285362553baa3ea80c1bd75ddaa2,532882,0,191,false,431922,13390,280481,290,136771,800,532882,a19ccb4a6e21260c609f8f45fc6d267ac18b285362553baa3ea80c1bd75ddaa2,406,0,406,0,true,45,535175,535175,4,0,0,0,1,1,0,7281,1,0,true,0,367535,0,0,8490,535175,0,0,532882,0,14586,0,0,6699515,6714084,true,true,true,true,true,true,true,true,true,true,true,true,true,true
managed_paragraph_batch_perf_v1,1,replace_body_paragraph_texts,descriptive_same_fixture_alternative_api_path_no_same_api_before_after_claim,128,1,owned,batch,ca410eb5ac948e3e90f67505a0e566883a15305e0fa64a90be9e146256160685,532875,fixture-p128-k1.docx,a19ccb4a6e21260c609f8f45fc6d267ac18b285362553baa3ea80c1bd75ddaa2,532882,0,192,false,431582,13330,280011,290,136961,810,532882,a19ccb4a6e21260c609f8f45fc6d267ac18b285362553baa3ea80c1bd75ddaa2,408,0,408,0,true,45,535175,535175,4,0,0,0,1,1,0,7281,1,0,true,0,367535,0,0,8490,535175,0,0,532882,0,14586,0,0,6699515,6714084,true,true,true,true,true,true,true,true,true,true,true,true,true,true
managed_paragraph_batch_perf_v1,1,replace_body_paragraph_texts,descriptive_same_fixture_alternative_api_path_no_same_api_before_after_claim,128,1,owned,batch,ca410eb5ac948e3e90f67505a0e566883a15305e0fa64a90be9e146256160685,532875,fixture-p128-k1.docx,a19ccb4a6e21260c609f8f45fc6d267ac18b285362553baa3ea80c1bd75ddaa2,532882,0,193,false,428032,13521,276761,300,136490,790,532882,a19ccb4a6e21260c609f8f45fc6d267ac18b285362553baa3ea80c1bd75ddaa2,410,0,410,0,true,45,535175,535175,4,0,0,0,1,1,0,7281,1,0,true,0,367535,0,0,8490,535175,0,0,532882,0,14586,0,0,6699515,6714084,true,true,true,true,true,true,true,true,true,true,true,true,true,true
managed_paragraph_batch_perf_v1,1,replace_body_paragraph_texts,descriptive_same_fixture_alternative_api_path_no_same_api_before_after_claim,128,1,owned,batch,ca410eb5ac948e3e90f67505a0e566883a15305e0fa64a90be9e146256160685,532875,fixture-p128-k1.docx,a19ccb4a6e21260c609f8f45fc6d267ac18b285362553baa3ea80c1bd75ddaa2,532882,0,194,false,431432,13460,279431,310,137281,760,532882,a19ccb4a6e21260c609f8f45fc6d267ac18b285362553baa3ea80c1bd75ddaa2,412,0,412,0,true,45,535175,535175,4,0,0,0,1,1,0,7281,1,0,true,0,367535,0,0,8490,535175,0,0,532882,0,14586,0,0,6699515,6714084,true,true,true,true,true,true,true,true,true,true,true,true,true,true
managed_paragraph_batch_perf_v1,1,replace_body_paragraph_texts,descriptive_same_fixture_alternative_api_path_no_same_api_before_after_claim,128,1,owned,batch,ca410eb5ac948e3e90f67505a0e566883a15305e0fa64a90be9e146256160685,532875,fixture-p128-k1.docx,a19ccb4a6e21260c609f8f45fc6d267ac18b285362553baa3ea80c1bd75ddaa2,532882,0,195,false,433432,13500,279651,310,138981,800,532882,a19ccb4a6e21260c609f8f45fc6d267ac18b285362553baa3ea80c1bd75ddaa2,414,0,414,0,true,45,535175,535175,4,0,0,0,1,1,0,7281,1,0,true,0,367535,0,0,8490,535175,0,0,532882,0,14586,0,0,6699515,6714084,true,true,true,true,true,true,true,true,true,true,true,true,true,true
managed_paragraph_batch_perf_v1,1,replace_body_paragraph_texts,descriptive_same_fixture_alternative_api_path_no_same_api_before_after_claim,128,1,owned,batch,ca410eb5ac948e3e90f67505a0e566883a15305e0fa64a90be9e146256160685,532875,fixture-p128-k1.docx,a19ccb4a6e21260c609f8f45fc6d267ac18b285362553baa3ea80c1bd75ddaa2,532882,0,196,false,436632,13680,285391,290,136291,790,532882,a19ccb4a6e21260c609f8f45fc6d267ac18b285362553baa3ea80c1bd75ddaa2,416,0,416,0,true,45,535175,535175,4,0,0,0,1,1,0,7281,1,0,true,0,367535,0,0,8490,535175,0,0,532882,0,14586,0,0,6699515,6714084,true,true,true,true,true,true,true,true,true,true,true,true,true,true
managed_paragraph_batch_perf_v1,1,replace_body_paragraph_texts,descriptive_same_fixture_alternative_api_path_no_same_api_before_after_claim,128,1,owned,batch,ca410eb5ac948e3e90f67505a0e566883a15305e0fa64a90be9e146256160685,532875,fixture-p128-k1.docx,a19ccb4a6e21260c609f8f45fc6d267ac18b285362553baa3ea80c1bd75ddaa2,532882,0,197,false,429242,13510,276891,330,137511,810,532882,a19ccb4a6e21260c609f8f45fc6d267ac18b285362553baa3ea80c1bd75ddaa2,418,0,418,0,true,45,535175,535175,4,0,0,0,1,1,0,7281,1,0,true,0,367535,0,0,8490,535175,0,0,532882,0,14586,0,0,6699515,6714084,true,true,true,true,true,true,true,true,true,true,true,true,true,true
managed_paragraph_batch_perf_v1,1,replace_body_paragraph_texts,descriptive_same_fixture_alternative_api_path_no_same_api_before_after_claim,128,1,owned,batch,ca410eb5ac948e3e90f67505a0e566883a15305e0fa64a90be9e146256160685,532875,fixture-p128-k1.docx,a19ccb4a6e21260c609f8f45fc6d267ac18b285362553baa3ea80c1bd75ddaa2,532882,0,198,false,429392,13280,277242,310,137500,800,532882,a19ccb4a6e21260c609f8f45fc6d267ac18b285362553baa3ea80c1bd75ddaa2,420,0,420,0,true,45,535175,535175,4,0,0,0,1,1,0,7281,1,0,true,0,367535,0,0,8490,535175,0,0,532882,0,14586,0,0,6699515,6714084,true,true,true,true,true,true,true,true,true,true,true,true,true,true
managed_paragraph_batch_perf_v1,1,replace_body_paragraph_texts,descriptive_same_fixture_alternative_api_path_no_same_api_before_after_claim,128,1,owned,batch,ca410eb5ac948e3e90f67505a0e566883a15305e0fa64a90be9e146256160685,532875,fixture-p128-k1.docx,a19ccb4a6e21260c609f8f45fc6d267ac18b285362553baa3ea80c1bd75ddaa2,532882,0,199,false,430411,13440,270391,290,145300,780,532882,a19ccb4a6e21260c609f8f45fc6d267ac18b285362553baa3ea80c1bd75ddaa2,422,0,422,0,true,45,535175,535175,4,0,0,0,1,1,0,7281,1,0,true,0,367535,0,0,8490,535175,0,0,532882,0,14586,0,0,6699515,6714084,true,true,true,true,true,true,true,true,true,true,true,true,true,true
