schema,version,api_path,comparison_scope,paragraphs,replacements,source,mode,fixture_sha256,fixture_bytes,fixture_name,expected_output_sha256,expected_output_bytes,repeat,ordinal,warmup,elapsed_ns,open_ns,edit_ns,commit_ns,publish_ns,drop_ns,output_bytes,output_sha256,source_version_before_id,source_version_before_revision,source_version_after_id,source_version_after_revision,source_version_unchanged,source_read_calls,source_requested_bytes,source_returned_bytes,source_zero_length_calls,cache_before_cold_loads,cache_before_successful_loads,cache_before_hits,cache_live_cold_loads,cache_live_successful_loads,cache_live_hits,cache_live_retained_bytes,cache_live_retained_entries,cache_live_in_flight_loads,budget_managed,budget_before_memory,budget_live_memory,budget_after_memory,budget_before_input,budget_live_input,budget_after_input,budget_before_output,budget_live_output,budget_after_output,budget_before_objects,budget_live_objects,budget_after_objects,budget_before_work,budget_live_work,budget_after_work,memory_released,objects_released,input_monotonic,work_monotonic,semantic_ok,raw_untouched_ok,raw_untouched_member_payloads_ok,output_exact_ok,managed_preflight_forward_ok,managed_preflight_inverse_ok,forward_ok,inverse_ok,unmanaged_preflight_forward_ok,unmanaged_preflight_inverse_ok
managed_paragraph_batch_perf_v1,1,replace_body_paragraph_texts,descriptive_same_fixture_alternative_api_path_no_same_api_before_after_claim,128,1,file,batch,ca410eb5ac948e3e90f67505a0e566883a15305e0fa64a90be9e146256160685,532875,fixture-p128-k1.docx,a19ccb4a6e21260c609f8f45fc6d267ac18b285362553baa3ea80c1bd75ddaa2,532882,0,0,true,463372,22330,294471,470,144661,1010,532882,a19ccb4a6e21260c609f8f45fc6d267ac18b285362553baa3ea80c1bd75ddaa2,4,0,4,0,true,45,535175,535175,4,0,0,0,1,1,0,7281,1,0,true,0,367535,0,0,8490,535175,0,0,532882,0,14586,0,0,6699515,6714084,true,true,true,true,true,true,true,true,true,true,true,true,true,true
managed_paragraph_batch_perf_v1,1,replace_body_paragraph_texts,descriptive_same_fixture_alternative_api_path_no_same_api_before_after_claim,128,1,file,batch,ca410eb5ac948e3e90f67505a0e566883a15305e0fa64a90be9e146256160685,532875,fixture-p128-k1.docx,a19ccb4a6e21260c609f8f45fc6d267ac18b285362553baa3ea80c1bd75ddaa2,532882,0,1,true,474122,16780,293691,380,162161,930,532882,a19ccb4a6e21260c609f8f45fc6d267ac18b285362553baa3ea80c1bd75ddaa2,6,0,6,0,true,45,535175,535175,4,0,0,0,1,1,0,7281,1,0,true,0,367535,0,0,8490,535175,0,0,532882,0,14586,0,0,6699515,6714084,true,true,true,true,true,true,true,true,true,true,true,true,true,true
managed_paragraph_batch_perf_v1,1,replace_body_paragraph_texts,descriptive_same_fixture_alternative_api_path_no_same_api_before_after_claim,128,1,file,batch,ca410eb5ac948e3e90f67505a0e566883a15305e0fa64a90be9e146256160685,532875,fixture-p128-k1.docx,a19ccb4a6e21260c609f8f45fc6d267ac18b285362553baa3ea80c1bd75ddaa2,532882,0,2,true,472982,15690,289731,350,166191,830,532882,a19ccb4a6e21260c609f8f45fc6d267ac18b285362553baa3ea80c1bd75ddaa2,8,0,8,0,true,45,535175,535175,4,0,0,0,1,1,0,7281,1,0,true,0,367535,0,0,8490,535175,0,0,532882,0,14586,0,0,6699515,6714084,true,true,true,true,true,true,true,true,true,true,true,true,true,true
managed_paragraph_batch_perf_v1,1,replace_body_paragraph_texts,descriptive_same_fixture_alternative_api_path_no_same_api_before_after_claim,128,1,file,batch,ca410eb5ac948e3e90f67505a0e566883a15305e0fa64a90be9e146256160685,532875,fixture-p128-k1.docx,a19ccb4a6e21260c609f8f45fc6d267ac18b285362553baa3ea80c1bd75ddaa2,532882,0,3,true,472972,15810,280831,300,175061,770,532882,a19ccb4a6e21260c609f8f45fc6d267ac18b285362553baa3ea80c1bd75ddaa2,10,0,10,0,true,45,535175,535175,4,0,0,0,1,1,0,7281,1,0,true,0,367535,0,0,8490,535175,0,0,532882,0,14586,0,0,6699515,6714084,true,true,true,true,true,true,true,true,true,true,true,true,true,true
managed_paragraph_batch_perf_v1,1,replace_body_paragraph_texts,descriptive_same_fixture_alternative_api_path_no_same_api_before_after_claim,128,1,file,batch,ca410eb5ac948e3e90f67505a0e566883a15305e0fa64a90be9e146256160685,532875,fixture-p128-k1.docx,a19ccb4a6e21260c609f8f45fc6d267ac18b285362553baa3ea80c1bd75ddaa2,532882,0,4,true,468902,15600,279761,310,172191,850,532882,a19ccb4a6e21260c609f8f45fc6d267ac18b285362553baa3ea80c1bd75ddaa2,12,0,12,0,true,45,535175,535175,4,0,0,0,1,1,0,7281,1,0,true,0,367535,0,0,8490,535175,0,0,532882,0,14586,0,0,6699515,6714084,true,true,true,true,true,true,true,true,true,true,true,true,true,true
managed_paragraph_batch_perf_v1,1,replace_body_paragraph_texts,descriptive_same_fixture_alternative_api_path_no_same_api_before_after_claim,128,1,file,batch,ca410eb5ac948e3e90f67505a0e566883a15305e0fa64a90be9e146256160685,532875,fixture-p128-k1.docx,a19ccb4a6e21260c609f8f45fc6d267ac18b285362553baa3ea80c1bd75ddaa2,532882,0,5,true,442742,15720,284541,290,141221,780,532882,a19ccb4a6e21260c609f8f45fc6d267ac18b285362553baa3ea80c1bd75ddaa2,14,0,14,0,true,45,535175,535175,4,0,0,0,1,1,0,7281,1,0,true,0,367535,0,0,8490,535175,0,0,532882,0,14586,0,0,6699515,6714084,true,true,true,true,true,true,true,true,true,true,true,true,true,true
managed_paragraph_batch_perf_v1,1,replace_body_paragraph_texts,descriptive_same_fixture_alternative_api_path_no_same_api_before_after_claim,128,1,file,batch,ca410eb5ac948e3e90f67505a0e566883a15305e0fa64a90be9e146256160685,532875,fixture-p128-k1.docx,a19ccb4a6e21260c609f8f45fc6d267ac18b285362553baa3ea80c1bd75ddaa2,532882,0,6,true,435032,15210,280811,310,137620,861,532882,a19ccb4a6e21260c609f8f45fc6d267ac18b285362553baa3ea80c1bd75ddaa2,16,0,16,0,true,45,535175,535175,4,0,0,0,1,1,0,7281,1,0,true,0,367535,0,0,8490,535175,0,0,532882,0,14586,0,0,6699515,6714084,true,true,true,true,true,true,true,true,true,true,true,true,true,true
managed_paragraph_batch_perf_v1,1,replace_body_paragraph_texts,descriptive_same_fixture_alternative_api_path_no_same_api_before_after_claim,128,1,file,batch,ca410eb5ac948e3e90f67505a0e566883a15305e0fa64a90be9e146256160685,532875,fixture-p128-k1.docx,a19ccb4a6e21260c609f8f45fc6d267ac18b285362553baa3ea80c1bd75ddaa2,532882,0,7,true,431432,15191,277201,310,137810,750,532882,a19ccb4a6e21260c609f8f45fc6d267ac18b285362553baa3ea80c1bd75ddaa2,18,0,18,0,true,45,535175,535175,4,0,0,0,1,1,0,7281,1,0,true,0,367535,0,0,8490,535175,0,0,532882,0,14586,0,0,6699515,6714084,true,true,true,true,true,true,true,true,true,true,true,true,true,true
managed_paragraph_batch_perf_v1,1,replace_body_paragraph_texts,descriptive_same_fixture_alternative_api_path_no_same_api_before_after_claim,128,1,file,batch,ca410eb5ac948e3e90f67505a0e566883a15305e0fa64a90be9e146256160685,532875,fixture-p128-k1.docx,a19ccb4a6e21260c609f8f45fc6d267ac18b285362553baa3ea80c1bd75ddaa2,532882,0,8,true,434392,15820,278852,300,138420,820,532882,a19ccb4a6e21260c609f8f45fc6d267ac18b285362553baa3ea80c1bd75ddaa2,20,0,20,0,true,45,535175,535175,4,0,0,0,1,1,0,7281,1,0,true,0,367535,0,0,8490,535175,0,0,532882,0,14586,0,0,6699515,6714084,true,true,true,true,true,true,true,true,true,true,true,true,true,true
managed_paragraph_batch_perf_v1,1,replace_body_paragraph_texts,descriptive_same_fixture_alternative_api_path_no_same_api_before_after_claim,128,1,file,batch,ca410eb5ac948e3e90f67505a0e566883a15305e0fa64a90be9e146256160685,532875,fixture-p128-k1.docx,a19ccb4a6e21260c609f8f45fc6d267ac18b285362553baa3ea80c1bd75ddaa2,532882,0,9,true,433402,15280,278851,310,137951,810,532882,a19ccb4a6e21260c609f8f45fc6d267ac18b285362553baa3ea80c1bd75ddaa2,22,0,22,0,true,45,535175,535175,4,0,0,0,1,1,0,7281,1,0,true,0,367535,0,0,8490,535175,0,0,532882,0,14586,0,0,6699515,6714084,true,true,true,true,true,true,true,true,true,true,true,true,true,true
managed_paragraph_batch_perf_v1,1,replace_body_paragraph_texts,descriptive_same_fixture_alternative_api_path_no_same_api_before_after_claim,128,1,file,batch,ca410eb5ac948e3e90f67505a0e566883a15305e0fa64a90be9e146256160685,532875,fixture-p128-k1.docx,a19ccb4a6e21260c609f8f45fc6d267ac18b285362553baa3ea80c1bd75ddaa2,532882,0,0,false,443222,15160,287831,310,138961,760,532882,a19ccb4a6e21260c609f8f45fc6d267ac18b285362553baa3ea80c1bd75ddaa2,24,0,24,0,true,45,535175,535175,4,0,0,0,1,1,0,7281,1,0,true,0,367535,0,0,8490,535175,0,0,532882,0,14586,0,0,6699515,6714084,true,true,true,true,true,true,true,true,true,true,true,true,true,true
managed_paragraph_batch_perf_v1,1,replace_body_paragraph_texts,descriptive_same_fixture_alternative_api_path_no_same_api_before_after_claim,128,1,file,batch,ca410eb5ac948e3e90f67505a0e566883a15305e0fa64a90be9e146256160685,532875,fixture-p128-k1.docx,a19ccb4a6e21260c609f8f45fc6d267ac18b285362553baa3ea80c1bd75ddaa2,532882,0,1,false,438792,15510,285201,300,136791,800,532882,a19ccb4a6e21260c609f8f45fc6d267ac18b285362553baa3ea80c1bd75ddaa2,26,0,26,0,true,45,535175,535175,4,0,0,0,1,1,0,7281,1,0,true,0,367535,0,0,8490,535175,0,0,532882,0,14586,0,0,6699515,6714084,true,true,true,true,true,true,true,true,true,true,true,true,true,true
managed_paragraph_batch_perf_v1,1,replace_body_paragraph_texts,descriptive_same_fixture_alternative_api_path_no_same_api_before_after_claim,128,1,file,batch,ca410eb5ac948e3e90f67505a0e566883a15305e0fa64a90be9e146256160685,532875,fixture-p128-k1.docx,a19ccb4a6e21260c609f8f45fc6d267ac18b285362553baa3ea80c1bd75ddaa2,532882,0,2,false,439042,15040,277192,300,145560,770,532882,a19ccb4a6e21260c609f8f45fc6d267ac18b285362553baa3ea80c1bd75ddaa2,28,0,28,0,true,45,535175,535175,4,0,0,0,1,1,0,7281,1,0,true,0,367535,0,0,8490,535175,0,0,532882,0,14586,0,0,6699515,6714084,true,true,true,true,true,true,true,true,true,true,true,true,true,true
managed_paragraph_batch_perf_v1,1,replace_body_paragraph_texts,descriptive_same_fixture_alternative_api_path_no_same_api_before_after_claim,128,1,file,batch,ca410eb5ac948e3e90f67505a0e566883a15305e0fa64a90be9e146256160685,532875,fixture-p128-k1.docx,a19ccb4a6e21260c609f8f45fc6d267ac18b285362553baa3ea80c1bd75ddaa2,532882,0,3,false,432222,14860,280392,320,135700,750,532882,a19ccb4a6e21260c609f8f45fc6d267ac18b285362553baa3ea80c1bd75ddaa2,30,0,30,0,true,45,535175,535175,4,0,0,0,1,1,0,7281,1,0,true,0,367535,0,0,8490,535175,0,0,532882,0,14586,0,0,6699515,6714084,true,true,true,true,true,true,true,true,true,true,true,true,true,true
managed_paragraph_batch_perf_v1,1,replace_body_paragraph_texts,descriptive_same_fixture_alternative_api_path_no_same_api_before_after_claim,128,1,file,batch,ca410eb5ac948e3e90f67505a0e566883a15305e0fa64a90be9e146256160685,532875,fixture-p128-k1.docx,a19ccb4a6e21260c609f8f45fc6d267ac18b285362553baa3ea80c1bd75ddaa2,532882,0,4,false,434372,14960,281381,320,136741,770,532882,a19ccb4a6e21260c609f8f45fc6d267ac18b285362553baa3ea80c1bd75ddaa2,32,0,32,0,true,45,535175,535175,4,0,0,0,1,1,0,7281,1,0,true,0,367535,0,0,8490,535175,0,0,532882,0,14586,0,0,6699515,6714084,true,true,true,true,true,true,true,true,true,true,true,true,true,true
managed_paragraph_batch_perf_v1,1,replace_body_paragraph_texts,descriptive_same_fixture_alternative_api_path_no_same_api_before_after_claim,128,1,file,batch,ca410eb5ac948e3e90f67505a0e566883a15305e0fa64a90be9e146256160685,532875,fixture-p128-k1.docx,a19ccb4a6e21260c609f8f45fc6d267ac18b285362553baa3ea80c1bd75ddaa2,532882,0,5,false,430292,15110,277141,310,136661,810,532882,a19ccb4a6e21260c609f8f45fc6d267ac18b285362553baa3ea80c1bd75ddaa2,34,0,34,0,true,45,535175,535175,4,0,0,0,1,1,0,7281,1,0,true,0,367535,0,0,8490,535175,0,0,532882,0,14586,0,0,6699515,6714084,true,true,true,true,true,true,true,true,true,true,true,true,true,true
managed_paragraph_batch_perf_v1,1,replace_body_paragraph_texts,descriptive_same_fixture_alternative_api_path_no_same_api_before_after_claim,128,1,file,batch,ca410eb5ac948e3e90f67505a0e566883a15305e0fa64a90be9e146256160685,532875,fixture-p128-k1.docx,a19ccb4a6e21260c609f8f45fc6d267ac18b285362553baa3ea80c1bd75ddaa2,532882,0,6,false,430461,14820,279131,300,135250,780,532882,a19ccb4a6e21260c609f8f45fc6d267ac18b285362553baa3ea80c1bd75ddaa2,36,0,36,0,true,45,535175,535175,4,0,0,0,1,1,0,7281,1,0,true,0,367535,0,0,8490,535175,0,0,532882,0,14586,0,0,6699515,6714084,true,true,true,true,true,true,true,true,true,true,true,true,true,true
managed_paragraph_batch_perf_v1,1,replace_body_paragraph_texts,descriptive_same_fixture_alternative_api_path_no_same_api_before_after_claim,128,1,file,batch,ca410eb5ac948e3e90f67505a0e566883a15305e0fa64a90be9e146256160685,532875,fixture-p128-k1.docx,a19ccb4a6e21260c609f8f45fc6d267ac18b285362553baa3ea80c1bd75ddaa2,532882,0,7,false,436372,15450,282462,350,137120,790,532882,a19ccb4a6e21260c609f8f45fc6d267ac18b285362553baa3ea80c1bd75ddaa2,38,0,38,0,true,45,535175,535175,4,0,0,0,1,1,0,7281,1,0,true,0,367535,0,0,8490,535175,0,0,532882,0,14586,0,0,6699515,6714084,true,true,true,true,true,true,true,true,true,true,true,true,true,true
managed_paragraph_batch_perf_v1,1,replace_body_paragraph_texts,descriptive_same_fixture_alternative_api_path_no_same_api_before_after_claim,128,1,file,batch,ca410eb5ac948e3e90f67505a0e566883a15305e0fa64a90be9e146256160685,532875,fixture-p128-k1.docx,a19ccb4a6e21260c609f8f45fc6d267ac18b285362553baa3ea80c1bd75ddaa2,532882,0,8,false,440802,15110,287581,310,136851,760,532882,a19ccb4a6e21260c609f8f45fc6d267ac18b285362553baa3ea80c1bd75ddaa2,40,0,40,0,true,45,535175,535175,4,0,0,0,1,1,0,7281,1,0,true,0,367535,0,0,8490,535175,0,0,532882,0,14586,0,0,6699515,6714084,true,true,true,true,true,true,true,true,true,true,true,true,true,true
managed_paragraph_batch_perf_v1,1,replace_body_paragraph_texts,descriptive_same_fixture_alternative_api_path_no_same_api_before_after_claim,128,1,file,batch,ca410eb5ac948e3e90f67505a0e566883a15305e0fa64a90be9e146256160685,532875,fixture-p128-k1.docx,a19ccb4a6e21260c609f8f45fc6d267ac18b285362553baa3ea80c1bd75ddaa2,532882,0,9,false,439582,14900,286341,330,137031,780,532882,a19ccb4a6e21260c609f8f45fc6d267ac18b285362553baa3ea80c1bd75ddaa2,42,0,42,0,true,45,535175,535175,4,0,0,0,1,1,0,7281,1,0,true,0,367535,0,0,8490,535175,0,0,532882,0,14586,0,0,6699515,6714084,true,true,true,true,true,true,true,true,true,true,true,true,true,true
managed_paragraph_batch_perf_v1,1,replace_body_paragraph_texts,descriptive_same_fixture_alternative_api_path_no_same_api_before_after_claim,128,1,file,batch,ca410eb5ac948e3e90f67505a0e566883a15305e0fa64a90be9e146256160685,532875,fixture-p128-k1.docx,a19ccb4a6e21260c609f8f45fc6d267ac18b285362553baa3ea80c1bd75ddaa2,532882,0,10,false,440582,14940,279431,280,144961,780,532882,a19ccb4a6e21260c609f8f45fc6d267ac18b285362553baa3ea80c1bd75ddaa2,44,0,44,0,true,45,535175,535175,4,0,0,0,1,1,0,7281,1,0,true,0,367535,0,0,8490,535175,0,0,532882,0,14586,0,0,6699515,6714084,true,true,true,true,true,true,true,true,true,true,true,true,true,true
managed_paragraph_batch_perf_v1,1,replace_body_paragraph_texts,descriptive_same_fixture_alternative_api_path_no_same_api_before_after_claim,128,1,file,batch,ca410eb5ac948e3e90f67505a0e566883a15305e0fa64a90be9e146256160685,532875,fixture-p128-k1.docx,a19ccb4a6e21260c609f8f45fc6d267ac18b285362553baa3ea80c1bd75ddaa2,532882,0,11,false,442191,14930,279871,290,146140,780,532882,a19ccb4a6e21260c609f8f45fc6d267ac18b285362553baa3ea80c1bd75ddaa2,46,0,46,0,true,45,535175,535175,4,0,0,0,1,1,0,7281,1,0,true,0,367535,0,0,8490,535175,0,0,532882,0,14586,0,0,6699515,6714084,true,true,true,true,true,true,true,true,true,true,true,true,true,true
managed_paragraph_batch_perf_v1,1,replace_body_paragraph_texts,descriptive_same_fixture_alternative_api_path_no_same_api_before_after_claim,128,1,file,batch,ca410eb5ac948e3e90f67505a0e566883a15305e0fa64a90be9e146256160685,532875,fixture-p128-k1.docx,a19ccb4a6e21260c609f8f45fc6d267ac18b285362553baa3ea80c1bd75ddaa2,532882,0,12,false,434042,14780,280582,320,137380,800,532882,a19ccb4a6e21260c609f8f45fc6d267ac18b285362553baa3ea80c1bd75ddaa2,48,0,48,0,true,45,535175,535175,4,0,0,0,1,1,0,7281,1,0,true,0,367535,0,0,8490,535175,0,0,532882,0,14586,0,0,6699515,6714084,true,true,true,true,true,true,true,true,true,true,true,true,true,true
managed_paragraph_batch_perf_v1,1,replace_body_paragraph_texts,descriptive_same_fixture_alternative_api_path_no_same_api_before_after_claim,128,1,file,batch,ca410eb5ac948e3e90f67505a0e566883a15305e0fa64a90be9e146256160685,532875,fixture-p128-k1.docx,a19ccb4a6e21260c609f8f45fc6d267ac18b285362553baa3ea80c1bd75ddaa2,532882,0,13,false,439532,15050,285491,320,137721,760,532882,a19ccb4a6e21260c609f8f45fc6d267ac18b285362553baa3ea80c1bd75ddaa2,50,0,50,0,true,45,535175,535175,4,0,0,0,1,1,0,7281,1,0,true,0,367535,0,0,8490,535175,0,0,532882,0,14586,0,0,6699515,6714084,true,true,true,true,true,true,true,true,true,true,true,true,true,true
managed_paragraph_batch_perf_v1,1,replace_body_paragraph_texts,descriptive_same_fixture_alternative_api_path_no_same_api_before_after_claim,128,1,file,batch,ca410eb5ac948e3e90f67505a0e566883a15305e0fa64a90be9e146256160685,532875,fixture-p128-k1.docx,a19ccb4a6e21260c609f8f45fc6d267ac18b285362553baa3ea80c1bd75ddaa2,532882,0,14,false,434742,15130,281281,290,137111,740,532882,a19ccb4a6e21260c609f8f45fc6d267ac18b285362553baa3ea80c1bd75ddaa2,52,0,52,0,true,45,535175,535175,4,0,0,0,1,1,0,7281,1,0,true,0,367535,0,0,8490,535175,0,0,532882,0,14586,0,0,6699515,6714084,true,true,true,true,true,true,true,true,true,true,true,true,true,true
managed_paragraph_batch_perf_v1,1,replace_body_paragraph_texts,descriptive_same_fixture_alternative_api_path_no_same_api_before_after_claim,128,1,file,batch,ca410eb5ac948e3e90f67505a0e566883a15305e0fa64a90be9e146256160685,532875,fixture-p128-k1.docx,a19ccb4a6e21260c609f8f45fc6d267ac18b285362553baa3ea80c1bd75ddaa2,532882,0,15,false,433562,14990,279741,320,137521,790,532882,a19ccb4a6e21260c609f8f45fc6d267ac18b285362553baa3ea80c1bd75ddaa2,54,0,54,0,true,45,535175,535175,4,0,0,0,1,1,0,7281,1,0,true,0,367535,0,0,8490,535175,0,0,532882,0,14586,0,0,6699515,6714084,true,true,true,true,true,true,true,true,true,true,true,true,true,true
managed_paragraph_batch_perf_v1,1,replace_body_paragraph_texts,descriptive_same_fixture_alternative_api_path_no_same_api_before_after_claim,128,1,file,batch,ca410eb5ac948e3e90f67505a0e566883a15305e0fa64a90be9e146256160685,532875,fixture-p128-k1.docx,a19ccb4a6e21260c609f8f45fc6d267ac18b285362553baa3ea80c1bd75ddaa2,532882,0,16,false,440941,14740,288061,290,136870,800,532882,a19ccb4a6e21260c609f8f45fc6d267ac18b285362553baa3ea80c1bd75ddaa2,56,0,56,0,true,45,535175,535175,4,0,0,0,1,1,0,7281,1,0,true,0,367535,0,0,8490,535175,0,0,532882,0,14586,0,0,6699515,6714084,true,true,true,true,true,true,true,true,true,true,true,true,true,true
managed_paragraph_batch_perf_v1,1,replace_body_paragraph_texts,descriptive_same_fixture_alternative_api_path_no_same_api_before_after_claim,128,1,file,batch,ca410eb5ac948e3e90f67505a0e566883a15305e0fa64a90be9e146256160685,532875,fixture-p128-k1.docx,a19ccb4a6e21260c609f8f45fc6d267ac18b285362553baa3ea80c1bd75ddaa2,532882,0,17,false,441792,14890,286572,290,139020,810,532882,a19ccb4a6e21260c609f8f45fc6d267ac18b285362553baa3ea80c1bd75ddaa2,58,0,58,0,true,45,535175,535175,4,0,0,0,1,1,0,7281,1,0,true,0,367535,0,0,8490,535175,0,0,532882,0,14586,0,0,6699515,6714084,true,true,true,true,true,true,true,true,true,true,true,true,true,true
managed_paragraph_batch_perf_v1,1,replace_body_paragraph_texts,descriptive_same_fixture_alternative_api_path_no_same_api_before_after_claim,128,1,file,batch,ca410eb5ac948e3e90f67505a0e566883a15305e0fa64a90be9e146256160685,532875,fixture-p128-k1.docx,a19ccb4a6e21260c609f8f45fc6d267ac18b285362553baa3ea80c1bd75ddaa2,532882,0,18,false,442892,14880,289401,310,137291,810,532882,a19ccb4a6e21260c609f8f45fc6d267ac18b285362553baa3ea80c1bd75ddaa2,60,0,60,0,true,45,535175,535175,4,0,0,0,1,1,0,7281,1,0,true,0,367535,0,0,8490,535175,0,0,532882,0,14586,0,0,6699515,6714084,true,true,true,true,true,true,true,true,true,true,true,true,true,true
managed_paragraph_batch_perf_v1,1,replace_body_paragraph_texts,descriptive_same_fixture_alternative_api_path_no_same_api_before_after_claim,128,1,file,batch,ca410eb5ac948e3e90f67505a0e566883a15305e0fa64a90be9e146256160685,532875,fixture-p128-k1.docx,a19ccb4a6e21260c609f8f45fc6d267ac18b285362553baa3ea80c1bd75ddaa2,532882,0,19,false,441922,14880,280761,300,144991,810,532882,a19ccb4a6e21260c609f8f45fc6d267ac18b285362553baa3ea80c1bd75ddaa2,62,0,62,0,true,45,535175,535175,4,0,0,0,1,1,0,7281,1,0,true,0,367535,0,0,8490,535175,0,0,532882,0,14586,0,0,6699515,6714084,true,true,true,true,true,true,true,true,true,true,true,true,true,true
managed_paragraph_batch_perf_v1,1,replace_body_paragraph_texts,descriptive_same_fixture_alternative_api_path_no_same_api_before_after_claim,128,1,file,batch,ca410eb5ac948e3e90f67505a0e566883a15305e0fa64a90be9e146256160685,532875,fixture-p128-k1.docx,a19ccb4a6e21260c609f8f45fc6d267ac18b285362553baa3ea80c1bd75ddaa2,532882,0,20,false,437302,14850,285041,320,136141,770,532882,a19ccb4a6e21260c609f8f45fc6d267ac18b285362553baa3ea80c1bd75ddaa2,64,0,64,0,true,45,535175,535175,4,0,0,0,1,1,0,7281,1,0,true,0,367535,0,0,8490,535175,0,0,532882,0,14586,0,0,6699515,6714084,true,true,true,true,true,true,true,true,true,true,true,true,true,true
managed_paragraph_batch_perf_v1,1,replace_body_paragraph_texts,descriptive_same_fixture_alternative_api_path_no_same_api_before_after_claim,128,1,file,batch,ca410eb5ac948e3e90f67505a0e566883a15305e0fa64a90be9e146256160685,532875,fixture-p128-k1.docx,a19ccb4a6e21260c609f8f45fc6d267ac18b285362553baa3ea80c1bd75ddaa2,532882,0,21,false,431781,14720,279681,310,136140,760,532882,a19ccb4a6e21260c609f8f45fc6d267ac18b285362553baa3ea80c1bd75ddaa2,66,0,66,0,true,45,535175,535175,4,0,0,0,1,1,0,7281,1,0,true,0,367535,0,0,8490,535175,0,0,532882,0,14586,0,0,6699515,6714084,true,true,true,true,true,true,true,true,true,true,true,true,true,true
managed_paragraph_batch_perf_v1,1,replace_body_paragraph_texts,descriptive_same_fixture_alternative_api_path_no_same_api_before_after_claim,128,1,file,batch,ca410eb5ac948e3e90f67505a0e566883a15305e0fa64a90be9e146256160685,532875,fixture-p128-k1.docx,a19ccb4a6e21260c609f8f45fc6d267ac18b285362553baa3ea80c1bd75ddaa2,532882,0,22,false,442342,15270,286772,310,139010,790,532882,a19ccb4a6e21260c609f8f45fc6d267ac18b285362553baa3ea80c1bd75ddaa2,68,0,68,0,true,45,535175,535175,4,0,0,0,1,1,0,7281,1,0,true,0,367535,0,0,8490,535175,0,0,532882,0,14586,0,0,6699515,6714084,true,true,true,true,true,true,true,true,true,true,true,true,true,true
managed_paragraph_batch_perf_v1,1,replace_body_paragraph_texts,descriptive_same_fixture_alternative_api_path_no_same_api_before_after_claim,128,1,file,batch,ca410eb5ac948e3e90f67505a0e566883a15305e0fa64a90be9e146256160685,532875,fixture-p128-k1.docx,a19ccb4a6e21260c609f8f45fc6d267ac18b285362553baa3ea80c1bd75ddaa2,532882,0,23,false,432582,15340,279821,290,136081,850,532882,a19ccb4a6e21260c609f8f45fc6d267ac18b285362553baa3ea80c1bd75ddaa2,70,0,70,0,true,45,535175,535175,4,0,0,0,1,1,0,7281,1,0,true,0,367535,0,0,8490,535175,0,0,532882,0,14586,0,0,6699515,6714084,true,true,true,true,true,true,true,true,true,true,true,true,true,true
managed_paragraph_batch_perf_v1,1,replace_body_paragraph_texts,descriptive_same_fixture_alternative_api_path_no_same_api_before_after_claim,128,1,file,batch,ca410eb5ac948e3e90f67505a0e566883a15305e0fa64a90be9e146256160685,532875,fixture-p128-k1.docx,a19ccb4a6e21260c609f8f45fc6d267ac18b285362553baa3ea80c1bd75ddaa2,532882,0,24,false,433952,14840,280891,340,136891,800,532882,a19ccb4a6e21260c609f8f45fc6d267ac18b285362553baa3ea80c1bd75ddaa2,72,0,72,0,true,45,535175,535175,4,0,0,0,1,1,0,7281,1,0,true,0,367535,0,0,8490,535175,0,0,532882,0,14586,0,0,6699515,6714084,true,true,true,true,true,true,true,true,true,true,true,true,true,true
managed_paragraph_batch_perf_v1,1,replace_body_paragraph_texts,descriptive_same_fixture_alternative_api_path_no_same_api_before_after_claim,128,1,file,batch,ca410eb5ac948e3e90f67505a0e566883a15305e0fa64a90be9e146256160685,532875,fixture-p128-k1.docx,a19ccb4a6e21260c609f8f45fc6d267ac18b285362553baa3ea80c1bd75ddaa2,532882,0,25,false,439021,14970,285341,290,137440,790,532882,a19ccb4a6e21260c609f8f45fc6d267ac18b285362553baa3ea80c1bd75ddaa2,74,0,74,0,true,45,535175,535175,4,0,0,0,1,1,0,7281,1,0,true,0,367535,0,0,8490,535175,0,0,532882,0,14586,0,0,6699515,6714084,true,true,true,true,true,true,true,true,true,true,true,true,true,true
managed_paragraph_batch_perf_v1,1,replace_body_paragraph_texts,descriptive_same_fixture_alternative_api_path_no_same_api_before_after_claim,128,1,file,batch,ca410eb5ac948e3e90f67505a0e566883a15305e0fa64a90be9e146256160685,532875,fixture-p128-k1.docx,a19ccb4a6e21260c609f8f45fc6d267ac18b285362553baa3ea80c1bd75ddaa2,532882,0,26,false,439282,15030,285782,320,137150,790,532882,a19ccb4a6e21260c609f8f45fc6d267ac18b285362553baa3ea80c1bd75ddaa2,76,0,76,0,true,45,535175,535175,4,0,0,0,1,1,0,7281,1,0,true,0,367535,0,0,8490,535175,0,0,532882,0,14586,0,0,6699515,6714084,true,true,true,true,true,true,true,true,true,true,true,true,true,true
managed_paragraph_batch_perf_v1,1,replace_body_paragraph_texts,descriptive_same_fixture_alternative_api_path_no_same_api_before_after_claim,128,1,file,batch,ca410eb5ac948e3e90f67505a0e566883a15305e0fa64a90be9e146256160685,532875,fixture-p128-k1.docx,a19ccb4a6e21260c609f8f45fc6d267ac18b285362553baa3ea80c1bd75ddaa2,532882,0,27,false,438052,15320,277752,330,143630,830,532882,a19ccb4a6e21260c609f8f45fc6d267ac18b285362553baa3ea80c1bd75ddaa2,78,0,78,0,true,45,535175,535175,4,0,0,0,1,1,0,7281,1,0,true,0,367535,0,0,8490,535175,0,0,532882,0,14586,0,0,6699515,6714084,true,true,true,true,true,true,true,true,true,true,true,true,true,true
managed_paragraph_batch_perf_v1,1,replace_body_paragraph_texts,descriptive_same_fixture_alternative_api_path_no_same_api_before_after_claim,128,1,file,batch,ca410eb5ac948e3e90f67505a0e566883a15305e0fa64a90be9e146256160685,532875,fixture-p128-k1.docx,a19ccb4a6e21260c609f8f45fc6d267ac18b285362553baa3ea80c1bd75ddaa2,532882,0,28,false,431002,15110,279271,300,135341,780,532882,a19ccb4a6e21260c609f8f45fc6d267ac18b285362553baa3ea80c1bd75ddaa2,80,0,80,0,true,45,535175,535175,4,0,0,0,1,1,0,7281,1,0,true,0,367535,0,0,8490,535175,0,0,532882,0,14586,0,0,6699515,6714084,true,true,true,true,true,true,true,true,true,true,true,true,true,true
managed_paragraph_batch_perf_v1,1,replace_body_paragraph_texts,descriptive_same_fixture_alternative_api_path_no_same_api_before_after_claim,128,1,file,batch,ca410eb5ac948e3e90f67505a0e566883a15305e0fa64a90be9e146256160685,532875,fixture-p128-k1.docx,a19ccb4a6e21260c609f8f45fc6d267ac18b285362553baa3ea80c1bd75ddaa2,532882,0,29,false,428752,15130,276631,280,135691,810,532882,a19ccb4a6e21260c609f8f45fc6d267ac18b285362553baa3ea80c1bd75ddaa2,82,0,82,0,true,45,535175,535175,4,0,0,0,1,1,0,7281,1,0,true,0,367535,0,0,8490,535175,0,0,532882,0,14586,0,0,6699515,6714084,true,true,true,true,true,true,true,true,true,true,true,true,true,true
managed_paragraph_batch_perf_v1,1,replace_body_paragraph_texts,descriptive_same_fixture_alternative_api_path_no_same_api_before_after_claim,128,1,file,batch,ca410eb5ac948e3e90f67505a0e566883a15305e0fa64a90be9e146256160685,532875,fixture-p128-k1.docx,a19ccb4a6e21260c609f8f45fc6d267ac18b285362553baa3ea80c1bd75ddaa2,532882,0,30,false,422652,14931,270071,290,136390,800,532882,a19ccb4a6e21260c609f8f45fc6d267ac18b285362553baa3ea80c1bd75ddaa2,84,0,84,0,true,45,535175,535175,4,0,0,0,1,1,0,7281,1,0,true,0,367535,0,0,8490,535175,0,0,532882,0,14586,0,0,6699515,6714084,true,true,true,true,true,true,true,true,true,true,true,true,true,true
managed_paragraph_batch_perf_v1,1,replace_body_paragraph_texts,descriptive_same_fixture_alternative_api_path_no_same_api_before_after_claim,128,1,file,batch,ca410eb5ac948e3e90f67505a0e566883a15305e0fa64a90be9e146256160685,532875,fixture-p128-k1.docx,a19ccb4a6e21260c609f8f45fc6d267ac18b285362553baa3ea80c1bd75ddaa2,532882,0,31,false,426802,14940,269111,290,141481,790,532882,a19ccb4a6e21260c609f8f45fc6d267ac18b285362553baa3ea80c1bd75ddaa2,86,0,86,0,true,45,535175,535175,4,0,0,0,1,1,0,7281,1,0,true,0,367535,0,0,8490,535175,0,0,532882,0,14586,0,0,6699515,6714084,true,true,true,true,true,true,true,true,true,true,true,true,true,true
managed_paragraph_batch_perf_v1,1,replace_body_paragraph_texts,descriptive_same_fixture_alternative_api_path_no_same_api_before_after_claim,128,1,file,batch,ca410eb5ac948e3e90f67505a0e566883a15305e0fa64a90be9e146256160685,532875,fixture-p128-k1.docx,a19ccb4a6e21260c609f8f45fc6d267ac18b285362553baa3ea80c1bd75ddaa2,532882,0,32,false,421132,15230,268751,290,135891,780,532882,a19ccb4a6e21260c609f8f45fc6d267ac18b285362553baa3ea80c1bd75ddaa2,88,0,88,0,true,45,535175,535175,4,0,0,0,1,1,0,7281,1,0,true,0,367535,0,0,8490,535175,0,0,532882,0,14586,0,0,6699515,6714084,true,true,true,true,true,true,true,true,true,true,true,true,true,true
managed_paragraph_batch_perf_v1,1,replace_body_paragraph_texts,descriptive_same_fixture_alternative_api_path_no_same_api_before_after_claim,128,1,file,batch,ca410eb5ac948e3e90f67505a0e566883a15305e0fa64a90be9e146256160685,532875,fixture-p128-k1.docx,a19ccb4a6e21260c609f8f45fc6d267ac18b285362553baa3ea80c1bd75ddaa2,532882,0,33,false,431972,14780,278741,320,137181,780,532882,a19ccb4a6e21260c609f8f45fc6d267ac18b285362553baa3ea80c1bd75ddaa2,90,0,90,0,true,45,535175,535175,4,0,0,0,1,1,0,7281,1,0,true,0,367535,0,0,8490,535175,0,0,532882,0,14586,0,0,6699515,6714084,true,true,true,true,true,true,true,true,true,true,true,true,true,true
managed_paragraph_batch_perf_v1,1,replace_body_paragraph_texts,descriptive_same_fixture_alternative_api_path_no_same_api_before_after_claim,128,1,file,batch,ca410eb5ac948e3e90f67505a0e566883a15305e0fa64a90be9e146256160685,532875,fixture-p128-k1.docx,a19ccb4a6e21260c609f8f45fc6d267ac18b285362553baa3ea80c1bd75ddaa2,532882,0,34,false,429822,14811,277471,320,136290,740,532882,a19ccb4a6e21260c609f8f45fc6d267ac18b285362553baa3ea80c1bd75ddaa2,92,0,92,0,true,45,535175,535175,4,0,0,0,1,1,0,7281,1,0,true,0,367535,0,0,8490,535175,0,0,532882,0,14586,0,0,6699515,6714084,true,true,true,true,true,true,true,true,true,true,true,true,true,true
managed_paragraph_batch_perf_v1,1,replace_body_paragraph_texts,descriptive_same_fixture_alternative_api_path_no_same_api_before_after_claim,128,1,file,batch,ca410eb5ac948e3e90f67505a0e566883a15305e0fa64a90be9e146256160685,532875,fixture-p128-k1.docx,a19ccb4a6e21260c609f8f45fc6d267ac18b285362553baa3ea80c1bd75ddaa2,532882,0,35,false,433412,14950,272181,290,145061,730,532882,a19ccb4a6e21260c609f8f45fc6d267ac18b285362553baa3ea80c1bd75ddaa2,94,0,94,0,true,45,535175,535175,4,0,0,0,1,1,0,7281,1,0,true,0,367535,0,0,8490,535175,0,0,532882,0,14586,0,0,6699515,6714084,true,true,true,true,true,true,true,true,true,true,true,true,true,true
managed_paragraph_batch_perf_v1,1,replace_body_paragraph_texts,descriptive_same_fixture_alternative_api_path_no_same_api_before_after_claim,128,1,file,batch,ca410eb5ac948e3e90f67505a0e566883a15305e0fa64a90be9e146256160685,532875,fixture-p128-k1.docx,a19ccb4a6e21260c609f8f45fc6d267ac18b285362553baa3ea80c1bd75ddaa2,532882,0,36,false,422152,14840,269631,310,136401,760,532882,a19ccb4a6e21260c609f8f45fc6d267ac18b285362553baa3ea80c1bd75ddaa2,96,0,96,0,true,45,535175,535175,4,0,0,0,1,1,0,7281,1,0,true,0,367535,0,0,8490,535175,0,0,532882,0,14586,0,0,6699515,6714084,true,true,true,true,true,true,true,true,true,true,true,true,true,true
managed_paragraph_batch_perf_v1,1,replace_body_paragraph_texts,descriptive_same_fixture_alternative_api_path_no_same_api_before_after_claim,128,1,file,batch,ca410eb5ac948e3e90f67505a0e566883a15305e0fa64a90be9e146256160685,532875,fixture-p128-k1.docx,a19ccb4a6e21260c609f8f45fc6d267ac18b285362553baa3ea80c1bd75ddaa2,532882,0,37,false,423441,14940,271041,300,136070,760,532882,a19ccb4a6e21260c609f8f45fc6d267ac18b285362553baa3ea80c1bd75ddaa2,98,0,98,0,true,45,535175,535175,4,0,0,0,1,1,0,7281,1,0,true,0,367535,0,0,8490,535175,0,0,532882,0,14586,0,0,6699515,6714084,true,true,true,true,true,true,true,true,true,true,true,true,true,true
managed_paragraph_batch_perf_v1,1,replace_body_paragraph_texts,descriptive_same_fixture_alternative_api_path_no_same_api_before_after_claim,128,1,file,batch,ca410eb5ac948e3e90f67505a0e566883a15305e0fa64a90be9e146256160685,532875,fixture-p128-k1.docx,a19ccb4a6e21260c609f8f45fc6d267ac18b285362553baa3ea80c1bd75ddaa2,532882,0,38,false,422142,15260,268712,300,136910,750,532882,a19ccb4a6e21260c609f8f45fc6d267ac18b285362553baa3ea80c1bd75ddaa2,100,0,100,0,true,45,535175,535175,4,0,0,0,1,1,0,7281,1,0,true,0,367535,0,0,8490,535175,0,0,532882,0,14586,0,0,6699515,6714084,true,true,true,true,true,true,true,true,true,true,true,true,true,true
managed_paragraph_batch_perf_v1,1,replace_body_paragraph_texts,descriptive_same_fixture_alternative_api_path_no_same_api_before_after_claim,128,1,file,batch,ca410eb5ac948e3e90f67505a0e566883a15305e0fa64a90be9e146256160685,532875,fixture-p128-k1.docx,a19ccb4a6e21260c609f8f45fc6d267ac18b285362553baa3ea80c1bd75ddaa2,532882,0,39,false,422882,15240,269591,310,136771,790,532882,a19ccb4a6e21260c609f8f45fc6d267ac18b285362553baa3ea80c1bd75ddaa2,102,0,102,0,true,45,535175,535175,4,0,0,0,1,1,0,7281,1,0,true,0,367535,0,0,8490,535175,0,0,532882,0,14586,0,0,6699515,6714084,true,true,true,true,true,true,true,true,true,true,true,true,true,true
managed_paragraph_batch_perf_v1,1,replace_body_paragraph_texts,descriptive_same_fixture_alternative_api_path_no_same_api_before_after_claim,128,1,file,batch,ca410eb5ac948e3e90f67505a0e566883a15305e0fa64a90be9e146256160685,532875,fixture-p128-k1.docx,a19ccb4a6e21260c609f8f45fc6d267ac18b285362553baa3ea80c1bd75ddaa2,532882,0,40,false,432712,14970,280471,290,136001,780,532882,a19ccb4a6e21260c609f8f45fc6d267ac18b285362553baa3ea80c1bd75ddaa2,104,0,104,0,true,45,535175,535175,4,0,0,0,1,1,0,7281,1,0,true,0,367535,0,0,8490,535175,0,0,532882,0,14586,0,0,6699515,6714084,true,true,true,true,true,true,true,true,true,true,true,true,true,true
managed_paragraph_batch_perf_v1,1,replace_body_paragraph_texts,descriptive_same_fixture_alternative_api_path_no_same_api_before_after_claim,128,1,file,batch,ca410eb5ac948e3e90f67505a0e566883a15305e0fa64a90be9e146256160685,532875,fixture-p128-k1.docx,a19ccb4a6e21260c609f8f45fc6d267ac18b285362553baa3ea80c1bd75ddaa2,532882,0,41,false,429721,14970,277481,350,135990,750,532882,a19ccb4a6e21260c609f8f45fc6d267ac18b285362553baa3ea80c1bd75ddaa2,106,0,106,0,true,45,535175,535175,4,0,0,0,1,1,0,7281,1,0,true,0,367535,0,0,8490,535175,0,0,532882,0,14586,0,0,6699515,6714084,true,true,true,true,true,true,true,true,true,true,true,true,true,true
managed_paragraph_batch_perf_v1,1,replace_body_paragraph_texts,descriptive_same_fixture_alternative_api_path_no_same_api_before_after_claim,128,1,file,batch,ca410eb5ac948e3e90f67505a0e566883a15305e0fa64a90be9e146256160685,532875,fixture-p128-k1.docx,a19ccb4a6e21260c609f8f45fc6d267ac18b285362553baa3ea80c1bd75ddaa2,532882,0,42,false,427092,14730,267602,290,143510,770,532882,a19ccb4a6e21260c609f8f45fc6d267ac18b285362553baa3ea80c1bd75ddaa2,108,0,108,0,true,45,535175,535175,4,0,0,0,1,1,0,7281,1,0,true,0,367535,0,0,8490,535175,0,0,532882,0,14586,0,0,6699515,6714084,true,true,true,true,true,true,true,true,true,true,true,true,true,true
managed_paragraph_batch_perf_v1,1,replace_body_paragraph_texts,descriptive_same_fixture_alternative_api_path_no_same_api_before_after_claim,128,1,file,batch,ca410eb5ac948e3e90f67505a0e566883a15305e0fa64a90be9e146256160685,532875,fixture-p128-k1.docx,a19ccb4a6e21260c609f8f45fc6d267ac18b285362553baa3ea80c1bd75ddaa2,532882,0,43,false,425452,17040,272291,310,134841,780,532882,a19ccb4a6e21260c609f8f45fc6d267ac18b285362553baa3ea80c1bd75ddaa2,110,0,110,0,true,45,535175,535175,4,0,0,0,1,1,0,7281,1,0,true,0,367535,0,0,8490,535175,0,0,532882,0,14586,0,0,6699515,6714084,true,true,true,true,true,true,true,true,true,true,true,true,true,true
managed_paragraph_batch_perf_v1,1,replace_body_paragraph_texts,descriptive_same_fixture_alternative_api_path_no_same_api_before_after_claim,128,1,file,batch,ca410eb5ac948e3e90f67505a0e566883a15305e0fa64a90be9e146256160685,532875,fixture-p128-k1.docx,a19ccb4a6e21260c609f8f45fc6d267ac18b285362553baa3ea80c1bd75ddaa2,532882,0,44,false,423762,14840,272101,290,135561,790,532882,a19ccb4a6e21260c609f8f45fc6d267ac18b285362553baa3ea80c1bd75ddaa2,112,0,112,0,true,45,535175,535175,4,0,0,0,1,1,0,7281,1,0,true,0,367535,0,0,8490,535175,0,0,532882,0,14586,0,0,6699515,6714084,true,true,true,true,true,true,true,true,true,true,true,true,true,true
managed_paragraph_batch_perf_v1,1,replace_body_paragraph_texts,descriptive_same_fixture_alternative_api_path_no_same_api_before_after_claim,128,1,file,batch,ca410eb5ac948e3e90f67505a0e566883a15305e0fa64a90be9e146256160685,532875,fixture-p128-k1.docx,a19ccb4a6e21260c609f8f45fc6d267ac18b285362553baa3ea80c1bd75ddaa2,532882,0,45,false,428071,14770,276111,310,135890,810,532882,a19ccb4a6e21260c609f8f45fc6d267ac18b285362553baa3ea80c1bd75ddaa2,114,0,114,0,true,45,535175,535175,4,0,0,0,1,1,0,7281,1,0,true,0,367535,0,0,8490,535175,0,0,532882,0,14586,0,0,6699515,6714084,true,true,true,true,true,true,true,true,true,true,true,true,true,true
managed_paragraph_batch_perf_v1,1,replace_body_paragraph_texts,descriptive_same_fixture_alternative_api_path_no_same_api_before_after_claim,128,1,file,batch,ca410eb5ac948e3e90f67505a0e566883a15305e0fa64a90be9e146256160685,532875,fixture-p128-k1.docx,a19ccb4a6e21260c609f8f45fc6d267ac18b285362553baa3ea80c1bd75ddaa2,532882,0,46,false,423382,14960,270962,280,136230,750,532882,a19ccb4a6e21260c609f8f45fc6d267ac18b285362553baa3ea80c1bd75ddaa2,116,0,116,0,true,45,535175,535175,4,0,0,0,1,1,0,7281,1,0,true,0,367535,0,0,8490,535175,0,0,532882,0,14586,0,0,6699515,6714084,true,true,true,true,true,true,true,true,true,true,true,true,true,true
managed_paragraph_batch_perf_v1,1,replace_body_paragraph_texts,descriptive_same_fixture_alternative_api_path_no_same_api_before_after_claim,128,1,file,batch,ca410eb5ac948e3e90f67505a0e566883a15305e0fa64a90be9e146256160685,532875,fixture-p128-k1.docx,a19ccb4a6e21260c609f8f45fc6d267ac18b285362553baa3ea80c1bd75ddaa2,532882,0,47,false,421662,15070,268721,310,136611,770,532882,a19ccb4a6e21260c609f8f45fc6d267ac18b285362553baa3ea80c1bd75ddaa2,118,0,118,0,true,45,535175,535175,4,0,0,0,1,1,0,7281,1,0,true,0,367535,0,0,8490,535175,0,0,532882,0,14586,0,0,6699515,6714084,true,true,true,true,true,true,true,true,true,true,true,true,true,true
managed_paragraph_batch_perf_v1,1,replace_body_paragraph_texts,descriptive_same_fixture_alternative_api_path_no_same_api_before_after_claim,128,1,file,batch,ca410eb5ac948e3e90f67505a0e566883a15305e0fa64a90be9e146256160685,532875,fixture-p128-k1.docx,a19ccb4a6e21260c609f8f45fc6d267ac18b285362553baa3ea80c1bd75ddaa2,532882,0,48,false,429822,14500,277201,290,136891,770,532882,a19ccb4a6e21260c609f8f45fc6d267ac18b285362553baa3ea80c1bd75ddaa2,120,0,120,0,true,45,535175,535175,4,0,0,0,1,1,0,7281,1,0,true,0,367535,0,0,8490,535175,0,0,532882,0,14586,0,0,6699515,6714084,true,true,true,true,true,true,true,true,true,true,true,true,true,true
managed_paragraph_batch_perf_v1,1,replace_body_paragraph_texts,descriptive_same_fixture_alternative_api_path_no_same_api_before_after_claim,128,1,file,batch,ca410eb5ac948e3e90f67505a0e566883a15305e0fa64a90be9e146256160685,532875,fixture-p128-k1.docx,a19ccb4a6e21260c609f8f45fc6d267ac18b285362553baa3ea80c1bd75ddaa2,532882,0,49,false,431312,15211,277731,310,137010,860,532882,a19ccb4a6e21260c609f8f45fc6d267ac18b285362553baa3ea80c1bd75ddaa2,122,0,122,0,true,45,535175,535175,4,0,0,0,1,1,0,7281,1,0,true,0,367535,0,0,8490,535175,0,0,532882,0,14586,0,0,6699515,6714084,true,true,true,true,true,true,true,true,true,true,true,true,true,true
managed_paragraph_batch_perf_v1,1,replace_body_paragraph_texts,descriptive_same_fixture_alternative_api_path_no_same_api_before_after_claim,128,1,file,batch,ca410eb5ac948e3e90f67505a0e566883a15305e0fa64a90be9e146256160685,532875,fixture-p128-k1.docx,a19ccb4a6e21260c609f8f45fc6d267ac18b285362553baa3ea80c1bd75ddaa2,532882,0,50,false,430322,15030,270142,290,143850,820,532882,a19ccb4a6e21260c609f8f45fc6d267ac18b285362553baa3ea80c1bd75ddaa2,124,0,124,0,true,45,535175,535175,4,0,0,0,1,1,0,7281,1,0,true,0,367535,0,0,8490,535175,0,0,532882,0,14586,0,0,6699515,6714084,true,true,true,true,true,true,true,true,true,true,true,true,true,true
managed_paragraph_batch_perf_v1,1,replace_body_paragraph_texts,descriptive_same_fixture_alternative_api_path_no_same_api_before_after_claim,128,1,file,batch,ca410eb5ac948e3e90f67505a0e566883a15305e0fa64a90be9e146256160685,532875,fixture-p128-k1.docx,a19ccb4a6e21260c609f8f45fc6d267ac18b285362553baa3ea80c1bd75ddaa2,532882,0,51,false,423972,14720,271741,290,136271,760,532882,a19ccb4a6e21260c609f8f45fc6d267ac18b285362553baa3ea80c1bd75ddaa2,126,0,126,0,true,45,535175,535175,4,0,0,0,1,1,0,7281,1,0,true,0,367535,0,0,8490,535175,0,0,532882,0,14586,0,0,6699515,6714084,true,true,true,true,true,true,true,true,true,true,true,true,true,true
managed_paragraph_batch_perf_v1,1,replace_body_paragraph_texts,descriptive_same_fixture_alternative_api_path_no_same_api_before_after_claim,128,1,file,batch,ca410eb5ac948e3e90f67505a0e566883a15305e0fa64a90be9e146256160685,532875,fixture-p128-k1.docx,a19ccb4a6e21260c609f8f45fc6d267ac18b285362553baa3ea80c1bd75ddaa2,532882,0,52,false,423352,15250,271761,310,135061,790,532882,a19ccb4a6e21260c609f8f45fc6d267ac18b285362553baa3ea80c1bd75ddaa2,128,0,128,0,true,45,535175,535175,4,0,0,0,1,1,0,7281,1,0,true,0,367535,0,0,8490,535175,0,0,532882,0,14586,0,0,6699515,6714084,true,true,true,true,true,true,true,true,true,true,true,true,true,true
managed_paragraph_batch_perf_v1,1,replace_body_paragraph_texts,descriptive_same_fixture_alternative_api_path_no_same_api_before_after_claim,128,1,file,batch,ca410eb5ac948e3e90f67505a0e566883a15305e0fa64a90be9e146256160685,532875,fixture-p128-k1.docx,a19ccb4a6e21260c609f8f45fc6d267ac18b285362553baa3ea80c1bd75ddaa2,532882,0,53,false,422292,14931,270391,310,135680,800,532882,a19ccb4a6e21260c609f8f45fc6d267ac18b285362553baa3ea80c1bd75ddaa2,130,0,130,0,true,45,535175,535175,4,0,0,0,1,1,0,7281,1,0,true,0,367535,0,0,8490,535175,0,0,532882,0,14586,0,0,6699515,6714084,true,true,true,true,true,true,true,true,true,true,true,true,true,true
managed_paragraph_batch_perf_v1,1,replace_body_paragraph_texts,descriptive_same_fixture_alternative_api_path_no_same_api_before_after_claim,128,1,file,batch,ca410eb5ac948e3e90f67505a0e566883a15305e0fa64a90be9e146256160685,532875,fixture-p128-k1.docx,a19ccb4a6e21260c609f8f45fc6d267ac18b285362553baa3ea80c1bd75ddaa2,532882,0,54,false,432162,14720,274021,320,142121,790,532882,a19ccb4a6e21260c609f8f45fc6d267ac18b285362553baa3ea80c1bd75ddaa2,132,0,132,0,true,45,535175,535175,4,0,0,0,1,1,0,7281,1,0,true,0,367535,0,0,8490,535175,0,0,532882,0,14586,0,0,6699515,6714084,true,true,true,true,true,true,true,true,true,true,true,true,true,true
managed_paragraph_batch_perf_v1,1,replace_body_paragraph_texts,descriptive_same_fixture_alternative_api_path_no_same_api_before_after_claim,128,1,file,batch,ca410eb5ac948e3e90f67505a0e566883a15305e0fa64a90be9e146256160685,532875,fixture-p128-k1.docx,a19ccb4a6e21260c609f8f45fc6d267ac18b285362553baa3ea80c1bd75ddaa2,532882,0,55,false,430002,14610,278441,320,135651,790,532882,a19ccb4a6e21260c609f8f45fc6d267ac18b285362553baa3ea80c1bd75ddaa2,134,0,134,0,true,45,535175,535175,4,0,0,0,1,1,0,7281,1,0,true,0,367535,0,0,8490,535175,0,0,532882,0,14586,0,0,6699515,6714084,true,true,true,true,true,true,true,true,true,true,true,true,true,true
managed_paragraph_batch_perf_v1,1,replace_body_paragraph_texts,descriptive_same_fixture_alternative_api_path_no_same_api_before_after_claim,128,1,file,batch,ca410eb5ac948e3e90f67505a0e566883a15305e0fa64a90be9e146256160685,532875,fixture-p128-k1.docx,a19ccb4a6e21260c609f8f45fc6d267ac18b285362553baa3ea80c1bd75ddaa2,532882,0,56,false,429782,15350,277361,340,135781,780,532882,a19ccb4a6e21260c609f8f45fc6d267ac18b285362553baa3ea80c1bd75ddaa2,136,0,136,0,true,45,535175,535175,4,0,0,0,1,1,0,7281,1,0,true,0,367535,0,0,8490,535175,0,0,532882,0,14586,0,0,6699515,6714084,true,true,true,true,true,true,true,true,true,true,true,true,true,true
managed_paragraph_batch_perf_v1,1,replace_body_paragraph_texts,descriptive_same_fixture_alternative_api_path_no_same_api_before_after_claim,128,1,file,batch,ca410eb5ac948e3e90f67505a0e566883a15305e0fa64a90be9e146256160685,532875,fixture-p128-k1.docx,a19ccb4a6e21260c609f8f45fc6d267ac18b285362553baa3ea80c1bd75ddaa2,532882,0,57,false,433042,15070,278961,330,137691,790,532882,a19ccb4a6e21260c609f8f45fc6d267ac18b285362553baa3ea80c1bd75ddaa2,138,0,138,0,true,45,535175,535175,4,0,0,0,1,1,0,7281,1,0,true,0,367535,0,0,8490,535175,0,0,532882,0,14586,0,0,6699515,6714084,true,true,true,true,true,true,true,true,true,true,true,true,true,true
managed_paragraph_batch_perf_v1,1,replace_body_paragraph_texts,descriptive_same_fixture_alternative_api_path_no_same_api_before_after_claim,128,1,file,batch,ca410eb5ac948e3e90f67505a0e566883a15305e0fa64a90be9e146256160685,532875,fixture-p128-k1.docx,a19ccb4a6e21260c609f8f45fc6d267ac18b285362553baa3ea80c1bd75ddaa2,532882,0,58,false,431451,15080,270001,350,145020,810,532882,a19ccb4a6e21260c609f8f45fc6d267ac18b285362553baa3ea80c1bd75ddaa2,140,0,140,0,true,45,535175,535175,4,0,0,0,1,1,0,7281,1,0,true,0,367535,0,0,8490,535175,0,0,532882,0,14586,0,0,6699515,6714084,true,true,true,true,true,true,true,true,true,true,true,true,true,true
managed_paragraph_batch_perf_v1,1,replace_body_paragraph_texts,descriptive_same_fixture_alternative_api_path_no_same_api_before_after_claim,128,1,file,batch,ca410eb5ac948e3e90f67505a0e566883a15305e0fa64a90be9e146256160685,532875,fixture-p128-k1.docx,a19ccb4a6e21260c609f8f45fc6d267ac18b285362553baa3ea80c1bd75ddaa2,532882,0,59,false,424162,15260,270652,300,136980,770,532882,a19ccb4a6e21260c609f8f45fc6d267ac18b285362553baa3ea80c1bd75ddaa2,142,0,142,0,true,45,535175,535175,4,0,0,0,1,1,0,7281,1,0,true,0,367535,0,0,8490,535175,0,0,532882,0,14586,0,0,6699515,6714084,true,true,true,true,true,true,true,true,true,true,true,true,true,true
managed_paragraph_batch_perf_v1,1,replace_body_paragraph_texts,descriptive_same_fixture_alternative_api_path_no_same_api_before_after_claim,128,1,file,batch,ca410eb5ac948e3e90f67505a0e566883a15305e0fa64a90be9e146256160685,532875,fixture-p128-k1.docx,a19ccb4a6e21260c609f8f45fc6d267ac18b285362553baa3ea80c1bd75ddaa2,532882,0,60,false,425392,15250,272841,300,136031,800,532882,a19ccb4a6e21260c609f8f45fc6d267ac18b285362553baa3ea80c1bd75ddaa2,144,0,144,0,true,45,535175,535175,4,0,0,0,1,1,0,7281,1,0,true,0,367535,0,0,8490,535175,0,0,532882,0,14586,0,0,6699515,6714084,true,true,true,true,true,true,true,true,true,true,true,true,true,true
managed_paragraph_batch_perf_v1,1,replace_body_paragraph_texts,descriptive_same_fixture_alternative_api_path_no_same_api_before_after_claim,128,1,file,batch,ca410eb5ac948e3e90f67505a0e566883a15305e0fa64a90be9e146256160685,532875,fixture-p128-k1.docx,a19ccb4a6e21260c609f8f45fc6d267ac18b285362553baa3ea80c1bd75ddaa2,532882,0,61,false,422452,15280,270081,340,135761,800,532882,a19ccb4a6e21260c609f8f45fc6d267ac18b285362553baa3ea80c1bd75ddaa2,146,0,146,0,true,45,535175,535175,4,0,0,0,1,1,0,7281,1,0,true,0,367535,0,0,8490,535175,0,0,532882,0,14586,0,0,6699515,6714084,true,true,true,true,true,true,true,true,true,true,true,true,true,true
managed_paragraph_batch_perf_v1,1,replace_body_paragraph_texts,descriptive_same_fixture_alternative_api_path_no_same_api_before_after_claim,128,1,file,batch,ca410eb5ac948e3e90f67505a0e566883a15305e0fa64a90be9e146256160685,532875,fixture-p128-k1.docx,a19ccb4a6e21260c609f8f45fc6d267ac18b285362553baa3ea80c1bd75ddaa2,532882,0,62,false,423332,14980,270961,290,136161,750,532882,a19ccb4a6e21260c609f8f45fc6d267ac18b285362553baa3ea80c1bd75ddaa2,148,0,148,0,true,45,535175,535175,4,0,0,0,1,1,0,7281,1,0,true,0,367535,0,0,8490,535175,0,0,532882,0,14586,0,0,6699515,6714084,true,true,true,true,true,true,true,true,true,true,true,true,true,true
managed_paragraph_batch_perf_v1,1,replace_body_paragraph_texts,descriptive_same_fixture_alternative_api_path_no_same_api_before_after_claim,128,1,file,batch,ca410eb5ac948e3e90f67505a0e566883a15305e0fa64a90be9e146256160685,532875,fixture-p128-k1.docx,a19ccb4a6e21260c609f8f45fc6d267ac18b285362553baa3ea80c1bd75ddaa2,532882,0,63,false,423462,15181,269891,330,137090,770,532882,a19ccb4a6e21260c609f8f45fc6d267ac18b285362553baa3ea80c1bd75ddaa2,150,0,150,0,true,45,535175,535175,4,0,0,0,1,1,0,7281,1,0,true,0,367535,0,0,8490,535175,0,0,532882,0,14586,0,0,6699515,6714084,true,true,true,true,true,true,true,true,true,true,true,true,true,true
managed_paragraph_batch_perf_v1,1,replace_body_paragraph_texts,descriptive_same_fixture_alternative_api_path_no_same_api_before_after_claim,128,1,file,batch,ca410eb5ac948e3e90f67505a0e566883a15305e0fa64a90be9e146256160685,532875,fixture-p128-k1.docx,a19ccb4a6e21260c609f8f45fc6d267ac18b285362553baa3ea80c1bd75ddaa2,532882,0,64,false,430552,15140,278171,330,135921,810,532882,a19ccb4a6e21260c609f8f45fc6d267ac18b285362553baa3ea80c1bd75ddaa2,152,0,152,0,true,45,535175,535175,4,0,0,0,1,1,0,7281,1,0,true,0,367535,0,0,8490,535175,0,0,532882,0,14586,0,0,6699515,6714084,true,true,true,true,true,true,true,true,true,true,true,true,true,true
managed_paragraph_batch_perf_v1,1,replace_body_paragraph_texts,descriptive_same_fixture_alternative_api_path_no_same_api_before_after_claim,128,1,file,batch,ca410eb5ac948e3e90f67505a0e566883a15305e0fa64a90be9e146256160685,532875,fixture-p128-k1.docx,a19ccb4a6e21260c609f8f45fc6d267ac18b285362553baa3ea80c1bd75ddaa2,532882,0,65,false,429192,15150,276981,310,135791,770,532882,a19ccb4a6e21260c609f8f45fc6d267ac18b285362553baa3ea80c1bd75ddaa2,154,0,154,0,true,45,535175,535175,4,0,0,0,1,1,0,7281,1,0,true,0,367535,0,0,8490,535175,0,0,532882,0,14586,0,0,6699515,6714084,true,true,true,true,true,true,true,true,true,true,true,true,true,true
managed_paragraph_batch_perf_v1,1,replace_body_paragraph_texts,descriptive_same_fixture_alternative_api_path_no_same_api_before_after_claim,128,1,file,batch,ca410eb5ac948e3e90f67505a0e566883a15305e0fa64a90be9e146256160685,532875,fixture-p128-k1.docx,a19ccb4a6e21260c609f8f45fc6d267ac18b285362553baa3ea80c1bd75ddaa2,532882,0,66,false,432532,15240,271921,320,144101,770,532882,a19ccb4a6e21260c609f8f45fc6d267ac18b285362553baa3ea80c1bd75ddaa2,156,0,156,0,true,45,535175,535175,4,0,0,0,1,1,0,7281,1,0,true,0,367535,0,0,8490,535175,0,0,532882,0,14586,0,0,6699515,6714084,true,true,true,true,true,true,true,true,true,true,true,true,true,true
managed_paragraph_batch_perf_v1,1,replace_body_paragraph_texts,descriptive_same_fixture_alternative_api_path_no_same_api_before_after_claim,128,1,file,batch,ca410eb5ac948e3e90f67505a0e566883a15305e0fa64a90be9e146256160685,532875,fixture-p128-k1.docx,a19ccb4a6e21260c609f8f45fc6d267ac18b285362553baa3ea80c1bd75ddaa2,532882,0,67,false,422382,14780,270032,310,136310,760,532882,a19ccb4a6e21260c609f8f45fc6d267ac18b285362553baa3ea80c1bd75ddaa2,158,0,158,0,true,45,535175,535175,4,0,0,0,1,1,0,7281,1,0,true,0,367535,0,0,8490,535175,0,0,532882,0,14586,0,0,6699515,6714084,true,true,true,true,true,true,true,true,true,true,true,true,true,true
managed_paragraph_batch_perf_v1,1,replace_body_paragraph_texts,descriptive_same_fixture_alternative_api_path_no_same_api_before_after_claim,128,1,file,batch,ca410eb5ac948e3e90f67505a0e566883a15305e0fa64a90be9e146256160685,532875,fixture-p128-k1.docx,a19ccb4a6e21260c609f8f45fc6d267ac18b285362553baa3ea80c1bd75ddaa2,532882,0,68,false,428222,15240,274972,310,136740,770,532882,a19ccb4a6e21260c609f8f45fc6d267ac18b285362553baa3ea80c1bd75ddaa2,160,0,160,0,true,45,535175,535175,4,0,0,0,1,1,0,7281,1,0,true,0,367535,0,0,8490,535175,0,0,532882,0,14586,0,0,6699515,6714084,true,true,true,true,true,true,true,true,true,true,true,true,true,true
managed_paragraph_batch_perf_v1,1,replace_body_paragraph_texts,descriptive_same_fixture_alternative_api_path_no_same_api_before_after_claim,128,1,file,batch,ca410eb5ac948e3e90f67505a0e566883a15305e0fa64a90be9e146256160685,532875,fixture-p128-k1.docx,a19ccb4a6e21260c609f8f45fc6d267ac18b285362553baa3ea80c1bd75ddaa2,532882,0,69,false,422702,14900,270721,300,135791,800,532882,a19ccb4a6e21260c609f8f45fc6d267ac18b285362553baa3ea80c1bd75ddaa2,162,0,162,0,true,45,535175,535175,4,0,0,0,1,1,0,7281,1,0,true,0,367535,0,0,8490,535175,0,0,532882,0,14586,0,0,6699515,6714084,true,true,true,true,true,true,true,true,true,true,true,true,true,true
managed_paragraph_batch_perf_v1,1,replace_body_paragraph_texts,descriptive_same_fixture_alternative_api_path_no_same_api_before_after_claim,128,1,file,batch,ca410eb5ac948e3e90f67505a0e566883a15305e0fa64a90be9e146256160685,532875,fixture-p128-k1.docx,a19ccb4a6e21260c609f8f45fc6d267ac18b285362553baa3ea80c1bd75ddaa2,532882,0,70,false,424662,15310,272681,290,135391,800,532882,a19ccb4a6e21260c609f8f45fc6d267ac18b285362553baa3ea80c1bd75ddaa2,164,0,164,0,true,45,535175,535175,4,0,0,0,1,1,0,7281,1,0,true,0,367535,0,0,8490,535175,0,0,532882,0,14586,0,0,6699515,6714084,true,true,true,true,true,true,true,true,true,true,true,true,true,true
managed_paragraph_batch_perf_v1,1,replace_body_paragraph_texts,descriptive_same_fixture_alternative_api_path_no_same_api_before_after_claim,128,1,file,batch,ca410eb5ac948e3e90f67505a0e566883a15305e0fa64a90be9e146256160685,532875,fixture-p128-k1.docx,a19ccb4a6e21260c609f8f45fc6d267ac18b285362553baa3ea80c1bd75ddaa2,532882,0,71,false,422711,15400,270541,300,135530,750,532882,a19ccb4a6e21260c609f8f45fc6d267ac18b285362553baa3ea80c1bd75ddaa2,166,0,166,0,true,45,535175,535175,4,0,0,0,1,1,0,7281,1,0,true,0,367535,0,0,8490,535175,0,0,532882,0,14586,0,0,6699515,6714084,true,true,true,true,true,true,true,true,true,true,true,true,true,true
managed_paragraph_batch_perf_v1,1,replace_body_paragraph_texts,descriptive_same_fixture_alternative_api_path_no_same_api_before_after_claim,128,1,file,batch,ca410eb5ac948e3e90f67505a0e566883a15305e0fa64a90be9e146256160685,532875,fixture-p128-k1.docx,a19ccb4a6e21260c609f8f45fc6d267ac18b285362553baa3ea80c1bd75ddaa2,532882,0,72,false,430062,15000,278452,310,135310,790,532882,a19ccb4a6e21260c609f8f45fc6d267ac18b285362553baa3ea80c1bd75ddaa2,168,0,168,0,true,45,535175,535175,4,0,0,0,1,1,0,7281,1,0,true,0,367535,0,0,8490,535175,0,0,532882,0,14586,0,0,6699515,6714084,true,true,true,true,true,true,true,true,true,true,true,true,true,true
managed_paragraph_batch_perf_v1,1,replace_body_paragraph_texts,descriptive_same_fixture_alternative_api_path_no_same_api_before_after_claim,128,1,file,batch,ca410eb5ac948e3e90f67505a0e566883a15305e0fa64a90be9e146256160685,532875,fixture-p128-k1.docx,a19ccb4a6e21260c609f8f45fc6d267ac18b285362553baa3ea80c1bd75ddaa2,532882,0,73,false,429632,14790,276941,360,136591,750,532882,a19ccb4a6e21260c609f8f45fc6d267ac18b285362553baa3ea80c1bd75ddaa2,170,0,170,0,true,45,535175,535175,4,0,0,0,1,1,0,7281,1,0,true,0,367535,0,0,8490,535175,0,0,532882,0,14586,0,0,6699515,6714084,true,true,true,true,true,true,true,true,true,true,true,true,true,true
managed_paragraph_batch_perf_v1,1,replace_body_paragraph_texts,descriptive_same_fixture_alternative_api_path_no_same_api_before_after_claim,128,1,file,batch,ca410eb5ac948e3e90f67505a0e566883a15305e0fa64a90be9e146256160685,532875,fixture-p128-k1.docx,a19ccb4a6e21260c609f8f45fc6d267ac18b285362553baa3ea80c1bd75ddaa2,532882,0,74,false,430682,15140,269411,310,144731,880,532882,a19ccb4a6e21260c609f8f45fc6d267ac18b285362553baa3ea80c1bd75ddaa2,172,0,172,0,true,45,535175,535175,4,0,0,0,1,1,0,7281,1,0,true,0,367535,0,0,8490,535175,0,0,532882,0,14586,0,0,6699515,6714084,true,true,true,true,true,true,true,true,true,true,true,true,true,true
managed_paragraph_batch_perf_v1,1,replace_body_paragraph_texts,descriptive_same_fixture_alternative_api_path_no_same_api_before_after_claim,128,1,file,batch,ca410eb5ac948e3e90f67505a0e566883a15305e0fa64a90be9e146256160685,532875,fixture-p128-k1.docx,a19ccb4a6e21260c609f8f45fc6d267ac18b285362553baa3ea80c1bd75ddaa2,532882,0,75,false,424912,14930,272051,310,136621,810,532882,a19ccb4a6e21260c609f8f45fc6d267ac18b285362553baa3ea80c1bd75ddaa2,174,0,174,0,true,45,535175,535175,4,0,0,0,1,1,0,7281,1,0,true,0,367535,0,0,8490,535175,0,0,532882,0,14586,0,0,6699515,6714084,true,true,true,true,true,true,true,true,true,true,true,true,true,true
managed_paragraph_batch_perf_v1,1,replace_body_paragraph_texts,descriptive_same_fixture_alternative_api_path_no_same_api_before_after_claim,128,1,file,batch,ca410eb5ac948e3e90f67505a0e566883a15305e0fa64a90be9e146256160685,532875,fixture-p128-k1.docx,a19ccb4a6e21260c609f8f45fc6d267ac18b285362553baa3ea80c1bd75ddaa2,532882,0,76,false,420941,16520,268731,310,134360,820,532882,a19ccb4a6e21260c609f8f45fc6d267ac18b285362553baa3ea80c1bd75ddaa2,176,0,176,0,true,45,535175,535175,4,0,0,0,1,1,0,7281,1,0,true,0,367535,0,0,8490,535175,0,0,532882,0,14586,0,0,6699515,6714084,true,true,true,true,true,true,true,true,true,true,true,true,true,true
managed_paragraph_batch_perf_v1,1,replace_body_paragraph_texts,descriptive_same_fixture_alternative_api_path_no_same_api_before_after_claim,128,1,file,batch,ca410eb5ac948e3e90f67505a0e566883a15305e0fa64a90be9e146256160685,532875,fixture-p128-k1.docx,a19ccb4a6e21260c609f8f45fc6d267ac18b285362553baa3ea80c1bd75ddaa2,532882,0,77,false,425892,15070,272931,330,136591,780,532882,a19ccb4a6e21260c609f8f45fc6d267ac18b285362553baa3ea80c1bd75ddaa2,178,0,178,0,true,45,535175,535175,4,0,0,0,1,1,0,7281,1,0,true,0,367535,0,0,8490,535175,0,0,532882,0,14586,0,0,6699515,6714084,true,true,true,true,true,true,true,true,true,true,true,true,true,true
managed_paragraph_batch_perf_v1,1,replace_body_paragraph_texts,descriptive_same_fixture_alternative_api_path_no_same_api_before_after_claim,128,1,file,batch,ca410eb5ac948e3e90f67505a0e566883a15305e0fa64a90be9e146256160685,532875,fixture-p128-k1.docx,a19ccb4a6e21260c609f8f45fc6d267ac18b285362553baa3ea80c1bd75ddaa2,532882,0,78,false,419092,14960,268361,350,134461,780,532882,a19ccb4a6e21260c609f8f45fc6d267ac18b285362553baa3ea80c1bd75ddaa2,180,0,180,0,true,45,535175,535175,4,0,0,0,1,1,0,7281,1,0,true,0,367535,0,0,8490,535175,0,0,532882,0,14586,0,0,6699515,6714084,true,true,true,true,true,true,true,true,true,true,true,true,true,true
managed_paragraph_batch_perf_v1,1,replace_body_paragraph_texts,descriptive_same_fixture_alternative_api_path_no_same_api_before_after_claim,128,1,file,batch,ca410eb5ac948e3e90f67505a0e566883a15305e0fa64a90be9e146256160685,532875,fixture-p128-k1.docx,a19ccb4a6e21260c609f8f45fc6d267ac18b285362553baa3ea80c1bd75ddaa2,532882,0,79,false,421582,14910,270051,320,135341,760,532882,a19ccb4a6e21260c609f8f45fc6d267ac18b285362553baa3ea80c1bd75ddaa2,182,0,182,0,true,45,535175,535175,4,0,0,0,1,1,0,7281,1,0,true,0,367535,0,0,8490,535175,0,0,532882,0,14586,0,0,6699515,6714084,true,true,true,true,true,true,true,true,true,true,true,true,true,true
managed_paragraph_batch_perf_v1,1,replace_body_paragraph_texts,descriptive_same_fixture_alternative_api_path_no_same_api_before_after_claim,128,1,file,batch,ca410eb5ac948e3e90f67505a0e566883a15305e0fa64a90be9e146256160685,532875,fixture-p128-k1.docx,a19ccb4a6e21260c609f8f45fc6d267ac18b285362553baa3ea80c1bd75ddaa2,532882,0,80,false,429451,14960,277251,300,135940,800,532882,a19ccb4a6e21260c609f8f45fc6d267ac18b285362553baa3ea80c1bd75ddaa2,184,0,184,0,true,45,535175,535175,4,0,0,0,1,1,0,7281,1,0,true,0,367535,0,0,8490,535175,0,0,532882,0,14586,0,0,6699515,6714084,true,true,true,true,true,true,true,true,true,true,true,true,true,true
managed_paragraph_batch_perf_v1,1,replace_body_paragraph_texts,descriptive_same_fixture_alternative_api_path_no_same_api_before_after_claim,128,1,file,batch,ca410eb5ac948e3e90f67505a0e566883a15305e0fa64a90be9e146256160685,532875,fixture-p128-k1.docx,a19ccb4a6e21260c609f8f45fc6d267ac18b285362553baa3ea80c1bd75ddaa2,532882,0,81,false,430912,14850,278222,310,136540,780,532882,a19ccb4a6e21260c609f8f45fc6d267ac18b285362553baa3ea80c1bd75ddaa2,186,0,186,0,true,45,535175,535175,4,0,0,0,1,1,0,7281,1,0,true,0,367535,0,0,8490,535175,0,0,532882,0,14586,0,0,6699515,6714084,true,true,true,true,true,true,true,true,true,true,true,true,true,true
managed_paragraph_batch_perf_v1,1,replace_body_paragraph_texts,descriptive_same_fixture_alternative_api_path_no_same_api_before_after_claim,128,1,file,batch,ca410eb5ac948e3e90f67505a0e566883a15305e0fa64a90be9e146256160685,532875,fixture-p128-k1.docx,a19ccb4a6e21260c609f8f45fc6d267ac18b285362553baa3ea80c1bd75ddaa2,532882,0,82,false,430822,15030,270111,310,144401,800,532882,a19ccb4a6e21260c609f8f45fc6d267ac18b285362553baa3ea80c1bd75ddaa2,188,0,188,0,true,45,535175,535175,4,0,0,0,1,1,0,7281,1,0,true,0,367535,0,0,8490,535175,0,0,532882,0,14586,0,0,6699515,6714084,true,true,true,true,true,true,true,true,true,true,true,true,true,true
managed_paragraph_batch_perf_v1,1,replace_body_paragraph_texts,descriptive_same_fixture_alternative_api_path_no_same_api_before_after_claim,128,1,file,batch,ca410eb5ac948e3e90f67505a0e566883a15305e0fa64a90be9e146256160685,532875,fixture-p128-k1.docx,a19ccb4a6e21260c609f8f45fc6d267ac18b285362553baa3ea80c1bd75ddaa2,532882,0,83,false,421982,14970,269901,290,135871,770,532882,a19ccb4a6e21260c609f8f45fc6d267ac18b285362553baa3ea80c1bd75ddaa2,190,0,190,0,true,45,535175,535175,4,0,0,0,1,1,0,7281,1,0,true,0,367535,0,0,8490,535175,0,0,532882,0,14586,0,0,6699515,6714084,true,true,true,true,true,true,true,true,true,true,true,true,true,true
managed_paragraph_batch_perf_v1,1,replace_body_paragraph_texts,descriptive_same_fixture_alternative_api_path_no_same_api_before_after_claim,128,1,file,batch,ca410eb5ac948e3e90f67505a0e566883a15305e0fa64a90be9e146256160685,532875,fixture-p128-k1.docx,a19ccb4a6e21260c609f8f45fc6d267ac18b285362553baa3ea80c1bd75ddaa2,532882,0,84,false,421411,15170,269321,290,135660,790,532882,a19ccb4a6e21260c609f8f45fc6d267ac18b285362553baa3ea80c1bd75ddaa2,192,0,192,0,true,45,535175,535175,4,0,0,0,1,1,0,7281,1,0,true,0,367535,0,0,8490,535175,0,0,532882,0,14586,0,0,6699515,6714084,true,true,true,true,true,true,true,true,true,true,true,true,true,true
managed_paragraph_batch_perf_v1,1,replace_body_paragraph_texts,descriptive_same_fixture_alternative_api_path_no_same_api_before_after_claim,128,1,file,batch,ca410eb5ac948e3e90f67505a0e566883a15305e0fa64a90be9e146256160685,532875,fixture-p128-k1.docx,a19ccb4a6e21260c609f8f45fc6d267ac18b285362553baa3ea80c1bd75ddaa2,532882,0,85,false,422782,15170,269472,310,136870,770,532882,a19ccb4a6e21260c609f8f45fc6d267ac18b285362553baa3ea80c1bd75ddaa2,194,0,194,0,true,45,535175,535175,4,0,0,0,1,1,0,7281,1,0,true,0,367535,0,0,8490,535175,0,0,532882,0,14586,0,0,6699515,6714084,true,true,true,true,true,true,true,true,true,true,true,true,true,true
managed_paragraph_batch_perf_v1,1,replace_body_paragraph_texts,descriptive_same_fixture_alternative_api_path_no_same_api_before_after_claim,128,1,file,batch,ca410eb5ac948e3e90f67505a0e566883a15305e0fa64a90be9e146256160685,532875,fixture-p128-k1.docx,a19ccb4a6e21260c609f8f45fc6d267ac18b285362553baa3ea80c1bd75ddaa2,532882,0,86,false,428772,15000,271881,300,140611,780,532882,a19ccb4a6e21260c609f8f45fc6d267ac18b285362553baa3ea80c1bd75ddaa2,196,0,196,0,true,45,535175,535175,4,0,0,0,1,1,0,7281,1,0,true,0,367535,0,0,8490,535175,0,0,532882,0,14586,0,0,6699515,6714084,true,true,true,true,true,true,true,true,true,true,true,true,true,true
managed_paragraph_batch_perf_v1,1,replace_body_paragraph_texts,descriptive_same_fixture_alternative_api_path_no_same_api_before_after_claim,128,1,file,batch,ca410eb5ac948e3e90f67505a0e566883a15305e0fa64a90be9e146256160685,532875,fixture-p128-k1.docx,a19ccb4a6e21260c609f8f45fc6d267ac18b285362553baa3ea80c1bd75ddaa2,532882,0,87,false,423842,15250,270541,290,136771,780,532882,a19ccb4a6e21260c609f8f45fc6d267ac18b285362553baa3ea80c1bd75ddaa2,198,0,198,0,true,45,535175,535175,4,0,0,0,1,1,0,7281,1,0,true,0,367535,0,0,8490,535175,0,0,532882,0,14586,0,0,6699515,6714084,true,true,true,true,true,true,true,true,true,true,true,true,true,true
managed_paragraph_batch_perf_v1,1,replace_body_paragraph_texts,descriptive_same_fixture_alternative_api_path_no_same_api_before_after_claim,128,1,file,batch,ca410eb5ac948e3e90f67505a0e566883a15305e0fa64a90be9e146256160685,532875,fixture-p128-k1.docx,a19ccb4a6e21260c609f8f45fc6d267ac18b285362553baa3ea80c1bd75ddaa2,532882,0,88,false,431222,15430,277821,300,136741,750,532882,a19ccb4a6e21260c609f8f45fc6d267ac18b285362553baa3ea80c1bd75ddaa2,200,0,200,0,true,45,535175,535175,4,0,0,0,1,1,0,7281,1,0,true,0,367535,0,0,8490,535175,0,0,532882,0,14586,0,0,6699515,6714084,true,true,true,true,true,true,true,true,true,true,true,true,true,true
managed_paragraph_batch_perf_v1,1,replace_body_paragraph_texts,descriptive_same_fixture_alternative_api_path_no_same_api_before_after_claim,128,1,file,batch,ca410eb5ac948e3e90f67505a0e566883a15305e0fa64a90be9e146256160685,532875,fixture-p128-k1.docx,a19ccb4a6e21260c609f8f45fc6d267ac18b285362553baa3ea80c1bd75ddaa2,532882,0,89,false,431092,14940,278152,300,136730,770,532882,a19ccb4a6e21260c609f8f45fc6d267ac18b285362553baa3ea80c1bd75ddaa2,202,0,202,0,true,45,535175,535175,4,0,0,0,1,1,0,7281,1,0,true,0,367535,0,0,8490,535175,0,0,532882,0,14586,0,0,6699515,6714084,true,true,true,true,true,true,true,true,true,true,true,true,true,true
managed_paragraph_batch_perf_v1,1,replace_body_paragraph_texts,descriptive_same_fixture_alternative_api_path_no_same_api_before_after_claim,128,1,file,batch,ca410eb5ac948e3e90f67505a0e566883a15305e0fa64a90be9e146256160685,532875,fixture-p128-k1.docx,a19ccb4a6e21260c609f8f45fc6d267ac18b285362553baa3ea80c1bd75ddaa2,532882,0,90,false,431262,15190,270921,300,143881,780,532882,a19ccb4a6e21260c609f8f45fc6d267ac18b285362553baa3ea80c1bd75ddaa2,204,0,204,0,true,45,535175,535175,4,0,0,0,1,1,0,7281,1,0,true,0,367535,0,0,8490,535175,0,0,532882,0,14586,0,0,6699515,6714084,true,true,true,true,true,true,true,true,true,true,true,true,true,true
managed_paragraph_batch_perf_v1,1,replace_body_paragraph_texts,descriptive_same_fixture_alternative_api_path_no_same_api_before_after_claim,128,1,file,batch,ca410eb5ac948e3e90f67505a0e566883a15305e0fa64a90be9e146256160685,532875,fixture-p128-k1.docx,a19ccb4a6e21260c609f8f45fc6d267ac18b285362553baa3ea80c1bd75ddaa2,532882,0,91,false,427562,15130,275631,310,135541,770,532882,a19ccb4a6e21260c609f8f45fc6d267ac18b285362553baa3ea80c1bd75ddaa2,206,0,206,0,true,45,535175,535175,4,0,0,0,1,1,0,7281,1,0,true,0,367535,0,0,8490,535175,0,0,532882,0,14586,0,0,6699515,6714084,true,true,true,true,true,true,true,true,true,true,true,true,true,true
managed_paragraph_batch_perf_v1,1,replace_body_paragraph_texts,descriptive_same_fixture_alternative_api_path_no_same_api_before_after_claim,128,1,file,batch,ca410eb5ac948e3e90f67505a0e566883a15305e0fa64a90be9e146256160685,532875,fixture-p128-k1.docx,a19ccb4a6e21260c609f8f45fc6d267ac18b285362553baa3ea80c1bd75ddaa2,532882,0,92,false,423902,15390,271461,300,135791,780,532882,a19ccb4a6e21260c609f8f45fc6d267ac18b285362553baa3ea80c1bd75ddaa2,208,0,208,0,true,45,535175,535175,4,0,0,0,1,1,0,7281,1,0,true,0,367535,0,0,8490,535175,0,0,532882,0,14586,0,0,6699515,6714084,true,true,true,true,true,true,true,true,true,true,true,true,true,true
managed_paragraph_batch_perf_v1,1,replace_body_paragraph_texts,descriptive_same_fixture_alternative_api_path_no_same_api_before_after_claim,128,1,file,batch,ca410eb5ac948e3e90f67505a0e566883a15305e0fa64a90be9e146256160685,532875,fixture-p128-k1.docx,a19ccb4a6e21260c609f8f45fc6d267ac18b285362553baa3ea80c1bd75ddaa2,532882,0,93,false,422841,15010,270721,340,135730,850,532882,a19ccb4a6e21260c609f8f45fc6d267ac18b285362553baa3ea80c1bd75ddaa2,210,0,210,0,true,45,535175,535175,4,0,0,0,1,1,0,7281,1,0,true,0,367535,0,0,8490,535175,0,0,532882,0,14586,0,0,6699515,6714084,true,true,true,true,true,true,true,true,true,true,true,true,true,true
managed_paragraph_batch_perf_v1,1,replace_body_paragraph_texts,descriptive_same_fixture_alternative_api_path_no_same_api_before_after_claim,128,1,file,batch,ca410eb5ac948e3e90f67505a0e566883a15305e0fa64a90be9e146256160685,532875,fixture-p128-k1.docx,a19ccb4a6e21260c609f8f45fc6d267ac18b285362553baa3ea80c1bd75ddaa2,532882,0,94,false,423232,15530,270472,310,135960,770,532882,a19ccb4a6e21260c609f8f45fc6d267ac18b285362553baa3ea80c1bd75ddaa2,212,0,212,0,true,45,535175,535175,4,0,0,0,1,1,0,7281,1,0,true,0,367535,0,0,8490,535175,0,0,532882,0,14586,0,0,6699515,6714084,true,true,true,true,true,true,true,true,true,true,true,true,true,true
managed_paragraph_batch_perf_v1,1,replace_body_paragraph_texts,descriptive_same_fixture_alternative_api_path_no_same_api_before_after_claim,128,1,file,batch,ca410eb5ac948e3e90f67505a0e566883a15305e0fa64a90be9e146256160685,532875,fixture-p128-k1.docx,a19ccb4a6e21260c609f8f45fc6d267ac18b285362553baa3ea80c1bd75ddaa2,532882,0,95,false,421562,15380,269061,310,135861,760,532882,a19ccb4a6e21260c609f8f45fc6d267ac18b285362553baa3ea80c1bd75ddaa2,214,0,214,0,true,45,535175,535175,4,0,0,0,1,1,0,7281,1,0,true,0,367535,0,0,8490,535175,0,0,532882,0,14586,0,0,6699515,6714084,true,true,true,true,true,true,true,true,true,true,true,true,true,true
managed_paragraph_batch_perf_v1,1,replace_body_paragraph_texts,descriptive_same_fixture_alternative_api_path_no_same_api_before_after_claim,128,1,file,batch,ca410eb5ac948e3e90f67505a0e566883a15305e0fa64a90be9e146256160685,532875,fixture-p128-k1.docx,a19ccb4a6e21260c609f8f45fc6d267ac18b285362553baa3ea80c1bd75ddaa2,532882,0,96,false,430132,15290,276791,350,136701,780,532882,a19ccb4a6e21260c609f8f45fc6d267ac18b285362553baa3ea80c1bd75ddaa2,216,0,216,0,true,45,535175,535175,4,0,0,0,1,1,0,7281,1,0,true,0,367535,0,0,8490,535175,0,0,532882,0,14586,0,0,6699515,6714084,true,true,true,true,true,true,true,true,true,true,true,true,true,true
managed_paragraph_batch_perf_v1,1,replace_body_paragraph_texts,descriptive_same_fixture_alternative_api_path_no_same_api_before_after_claim,128,1,file,batch,ca410eb5ac948e3e90f67505a0e566883a15305e0fa64a90be9e146256160685,532875,fixture-p128-k1.docx,a19ccb4a6e21260c609f8f45fc6d267ac18b285362553baa3ea80c1bd75ddaa2,532882,0,97,false,432512,14950,280721,330,135521,790,532882,a19ccb4a6e21260c609f8f45fc6d267ac18b285362553baa3ea80c1bd75ddaa2,218,0,218,0,true,45,535175,535175,4,0,0,0,1,1,0,7281,1,0,true,0,367535,0,0,8490,535175,0,0,532882,0,14586,0,0,6699515,6714084,true,true,true,true,true,true,true,true,true,true,true,true,true,true
managed_paragraph_batch_perf_v1,1,replace_body_paragraph_texts,descriptive_same_fixture_alternative_api_path_no_same_api_before_after_claim,128,1,file,batch,ca410eb5ac948e3e90f67505a0e566883a15305e0fa64a90be9e146256160685,532875,fixture-p128-k1.docx,a19ccb4a6e21260c609f8f45fc6d267ac18b285362553baa3ea80c1bd75ddaa2,532882,0,98,false,428362,14911,268901,320,143270,780,532882,a19ccb4a6e21260c609f8f45fc6d267ac18b285362553baa3ea80c1bd75ddaa2,220,0,220,0,true,45,535175,535175,4,0,0,0,1,1,0,7281,1,0,true,0,367535,0,0,8490,535175,0,0,532882,0,14586,0,0,6699515,6714084,true,true,true,true,true,true,true,true,true,true,true,true,true,true
managed_paragraph_batch_perf_v1,1,replace_body_paragraph_texts,descriptive_same_fixture_alternative_api_path_no_same_api_before_after_claim,128,1,file,batch,ca410eb5ac948e3e90f67505a0e566883a15305e0fa64a90be9e146256160685,532875,fixture-p128-k1.docx,a19ccb4a6e21260c609f8f45fc6d267ac18b285362553baa3ea80c1bd75ddaa2,532882,0,99,false,422972,15130,270331,300,136281,760,532882,a19ccb4a6e21260c609f8f45fc6d267ac18b285362553baa3ea80c1bd75ddaa2,222,0,222,0,true,45,535175,535175,4,0,0,0,1,1,0,7281,1,0,true,0,367535,0,0,8490,535175,0,0,532882,0,14586,0,0,6699515,6714084,true,true,true,true,true,true,true,true,true,true,true,true,true,true
managed_paragraph_batch_perf_v1,1,replace_body_paragraph_texts,descriptive_same_fixture_alternative_api_path_no_same_api_before_after_claim,128,1,file,batch,ca410eb5ac948e3e90f67505a0e566883a15305e0fa64a90be9e146256160685,532875,fixture-p128-k1.docx,a19ccb4a6e21260c609f8f45fc6d267ac18b285362553baa3ea80c1bd75ddaa2,532882,0,100,false,427242,15160,274601,310,136221,750,532882,a19ccb4a6e21260c609f8f45fc6d267ac18b285362553baa3ea80c1bd75ddaa2,224,0,224,0,true,45,535175,535175,4,0,0,0,1,1,0,7281,1,0,true,0,367535,0,0,8490,535175,0,0,532882,0,14586,0,0,6699515,6714084,true,true,true,true,true,true,true,true,true,true,true,true,true,true
managed_paragraph_batch_perf_v1,1,replace_body_paragraph_texts,descriptive_same_fixture_alternative_api_path_no_same_api_before_after_claim,128,1,file,batch,ca410eb5ac948e3e90f67505a0e566883a15305e0fa64a90be9e146256160685,532875,fixture-p128-k1.docx,a19ccb4a6e21260c609f8f45fc6d267ac18b285362553baa3ea80c1bd75ddaa2,532882,0,101,false,421842,14880,269571,300,136131,760,532882,a19ccb4a6e21260c609f8f45fc6d267ac18b285362553baa3ea80c1bd75ddaa2,226,0,226,0,true,45,535175,535175,4,0,0,0,1,1,0,7281,1,0,true,0,367535,0,0,8490,535175,0,0,532882,0,14586,0,0,6699515,6714084,true,true,true,true,true,true,true,true,true,true,true,true,true,true
managed_paragraph_batch_perf_v1,1,replace_body_paragraph_texts,descriptive_same_fixture_alternative_api_path_no_same_api_before_after_claim,128,1,file,batch,ca410eb5ac948e3e90f67505a0e566883a15305e0fa64a90be9e146256160685,532875,fixture-p128-k1.docx,a19ccb4a6e21260c609f8f45fc6d267ac18b285362553baa3ea80c1bd75ddaa2,532882,0,102,false,424982,15121,271151,320,137410,780,532882,a19ccb4a6e21260c609f8f45fc6d267ac18b285362553baa3ea80c1bd75ddaa2,228,0,228,0,true,45,535175,535175,4,0,0,0,1,1,0,7281,1,0,true,0,367535,0,0,8490,535175,0,0,532882,0,14586,0,0,6699515,6714084,true,true,true,true,true,true,true,true,true,true,true,true,true,true
managed_paragraph_batch_perf_v1,1,replace_body_paragraph_texts,descriptive_same_fixture_alternative_api_path_no_same_api_before_after_claim,128,1,file,batch,ca410eb5ac948e3e90f67505a0e566883a15305e0fa64a90be9e146256160685,532875,fixture-p128-k1.docx,a19ccb4a6e21260c609f8f45fc6d267ac18b285362553baa3ea80c1bd75ddaa2,532882,0,103,false,420882,15190,268831,320,135561,780,532882,a19ccb4a6e21260c609f8f45fc6d267ac18b285362553baa3ea80c1bd75ddaa2,230,0,230,0,true,45,535175,535175,4,0,0,0,1,1,0,7281,1,0,true,0,367535,0,0,8490,535175,0,0,532882,0,14586,0,0,6699515,6714084,true,true,true,true,true,true,true,true,true,true,true,true,true,true
managed_paragraph_batch_perf_v1,1,replace_body_paragraph_texts,descriptive_same_fixture_alternative_api_path_no_same_api_before_after_claim,128,1,file,batch,ca410eb5ac948e3e90f67505a0e566883a15305e0fa64a90be9e146256160685,532875,fixture-p128-k1.docx,a19ccb4a6e21260c609f8f45fc6d267ac18b285362553baa3ea80c1bd75ddaa2,532882,0,104,false,429142,14830,276511,310,136491,800,532882,a19ccb4a6e21260c609f8f45fc6d267ac18b285362553baa3ea80c1bd75ddaa2,232,0,232,0,true,45,535175,535175,4,0,0,0,1,1,0,7281,1,0,true,0,367535,0,0,8490,535175,0,0,532882,0,14586,0,0,6699515,6714084,true,true,true,true,true,true,true,true,true,true,true,true,true,true
managed_paragraph_batch_perf_v1,1,replace_body_paragraph_texts,descriptive_same_fixture_alternative_api_path_no_same_api_before_after_claim,128,1,file,batch,ca410eb5ac948e3e90f67505a0e566883a15305e0fa64a90be9e146256160685,532875,fixture-p128-k1.docx,a19ccb4a6e21260c609f8f45fc6d267ac18b285362553baa3ea80c1bd75ddaa2,532882,0,105,false,429132,15220,276511,330,136121,760,532882,a19ccb4a6e21260c609f8f45fc6d267ac18b285362553baa3ea80c1bd75ddaa2,234,0,234,0,true,45,535175,535175,4,0,0,0,1,1,0,7281,1,0,true,0,367535,0,0,8490,535175,0,0,532882,0,14586,0,0,6699515,6714084,true,true,true,true,true,true,true,true,true,true,true,true,true,true
managed_paragraph_batch_perf_v1,1,replace_body_paragraph_texts,descriptive_same_fixture_alternative_api_path_no_same_api_before_after_claim,128,1,file,batch,ca410eb5ac948e3e90f67505a0e566883a15305e0fa64a90be9e146256160685,532875,fixture-p128-k1.docx,a19ccb4a6e21260c609f8f45fc6d267ac18b285362553baa3ea80c1bd75ddaa2,532882,0,106,false,427211,14950,266851,310,144160,760,532882,a19ccb4a6e21260c609f8f45fc6d267ac18b285362553baa3ea80c1bd75ddaa2,236,0,236,0,true,45,535175,535175,4,0,0,0,1,1,0,7281,1,0,true,0,367535,0,0,8490,535175,0,0,532882,0,14586,0,0,6699515,6714084,true,true,true,true,true,true,true,true,true,true,true,true,true,true
managed_paragraph_batch_perf_v1,1,replace_body_paragraph_texts,descriptive_same_fixture_alternative_api_path_no_same_api_before_after_claim,128,1,file,batch,ca410eb5ac948e3e90f67505a0e566883a15305e0fa64a90be9e146256160685,532875,fixture-p128-k1.docx,a19ccb4a6e21260c609f8f45fc6d267ac18b285362553baa3ea80c1bd75ddaa2,532882,0,107,false,422602,15110,270412,300,135810,770,532882,a19ccb4a6e21260c609f8f45fc6d267ac18b285362553baa3ea80c1bd75ddaa2,238,0,238,0,true,45,535175,535175,4,0,0,0,1,1,0,7281,1,0,true,0,367535,0,0,8490,535175,0,0,532882,0,14586,0,0,6699515,6714084,true,true,true,true,true,true,true,true,true,true,true,true,true,true
managed_paragraph_batch_perf_v1,1,replace_body_paragraph_texts,descriptive_same_fixture_alternative_api_path_no_same_api_before_after_claim,128,1,file,batch,ca410eb5ac948e3e90f67505a0e566883a15305e0fa64a90be9e146256160685,532875,fixture-p128-k1.docx,a19ccb4a6e21260c609f8f45fc6d267ac18b285362553baa3ea80c1bd75ddaa2,532882,0,108,false,422862,15250,271261,290,135121,750,532882,a19ccb4a6e21260c609f8f45fc6d267ac18b285362553baa3ea80c1bd75ddaa2,240,0,240,0,true,45,535175,535175,4,0,0,0,1,1,0,7281,1,0,true,0,367535,0,0,8490,535175,0,0,532882,0,14586,0,0,6699515,6714084,true,true,true,true,true,true,true,true,true,true,true,true,true,true
managed_paragraph_batch_perf_v1,1,replace_body_paragraph_texts,descriptive_same_fixture_alternative_api_path_no_same_api_before_after_claim,128,1,file,batch,ca410eb5ac948e3e90f67505a0e566883a15305e0fa64a90be9e146256160685,532875,fixture-p128-k1.docx,a19ccb4a6e21260c609f8f45fc6d267ac18b285362553baa3ea80c1bd75ddaa2,532882,0,109,false,428442,15030,275081,330,137031,780,532882,a19ccb4a6e21260c609f8f45fc6d267ac18b285362553baa3ea80c1bd75ddaa2,242,0,242,0,true,45,535175,535175,4,0,0,0,1,1,0,7281,1,0,true,0,367535,0,0,8490,535175,0,0,532882,0,14586,0,0,6699515,6714084,true,true,true,true,true,true,true,true,true,true,true,true,true,true
managed_paragraph_batch_perf_v1,1,replace_body_paragraph_texts,descriptive_same_fixture_alternative_api_path_no_same_api_before_after_claim,128,1,file,batch,ca410eb5ac948e3e90f67505a0e566883a15305e0fa64a90be9e146256160685,532875,fixture-p128-k1.docx,a19ccb4a6e21260c609f8f45fc6d267ac18b285362553baa3ea80c1bd75ddaa2,532882,0,110,false,423191,14970,271731,290,135270,740,532882,a19ccb4a6e21260c609f8f45fc6d267ac18b285362553baa3ea80c1bd75ddaa2,244,0,244,0,true,45,535175,535175,4,0,0,0,1,1,0,7281,1,0,true,0,367535,0,0,8490,535175,0,0,532882,0,14586,0,0,6699515,6714084,true,true,true,true,true,true,true,true,true,true,true,true,true,true
managed_paragraph_batch_perf_v1,1,replace_body_paragraph_texts,descriptive_same_fixture_alternative_api_path_no_same_api_before_after_claim,128,1,file,batch,ca410eb5ac948e3e90f67505a0e566883a15305e0fa64a90be9e146256160685,532875,fixture-p128-k1.docx,a19ccb4a6e21260c609f8f45fc6d267ac18b285362553baa3ea80c1bd75ddaa2,532882,0,111,false,422342,14810,269452,310,136820,760,532882,a19ccb4a6e21260c609f8f45fc6d267ac18b285362553baa3ea80c1bd75ddaa2,246,0,246,0,true,45,535175,535175,4,0,0,0,1,1,0,7281,1,0,true,0,367535,0,0,8490,535175,0,0,532882,0,14586,0,0,6699515,6714084,true,true,true,true,true,true,true,true,true,true,true,true,true,true
managed_paragraph_batch_perf_v1,1,replace_body_paragraph_texts,descriptive_same_fixture_alternative_api_path_no_same_api_before_after_claim,128,1,file,batch,ca410eb5ac948e3e90f67505a0e566883a15305e0fa64a90be9e146256160685,532875,fixture-p128-k1.docx,a19ccb4a6e21260c609f8f45fc6d267ac18b285362553baa3ea80c1bd75ddaa2,532882,0,112,false,431142,14890,276601,290,138391,780,532882,a19ccb4a6e21260c609f8f45fc6d267ac18b285362553baa3ea80c1bd75ddaa2,248,0,248,0,true,45,535175,535175,4,0,0,0,1,1,0,7281,1,0,true,0,367535,0,0,8490,535175,0,0,532882,0,14586,0,0,6699515,6714084,true,true,true,true,true,true,true,true,true,true,true,true,true,true
managed_paragraph_batch_perf_v1,1,replace_body_paragraph_texts,descriptive_same_fixture_alternative_api_path_no_same_api_before_after_claim,128,1,file,batch,ca410eb5ac948e3e90f67505a0e566883a15305e0fa64a90be9e146256160685,532875,fixture-p128-k1.docx,a19ccb4a6e21260c609f8f45fc6d267ac18b285362553baa3ea80c1bd75ddaa2,532882,0,113,false,431132,15090,277911,300,136821,820,532882,a19ccb4a6e21260c609f8f45fc6d267ac18b285362553baa3ea80c1bd75ddaa2,250,0,250,0,true,45,535175,535175,4,0,0,0,1,1,0,7281,1,0,true,0,367535,0,0,8490,535175,0,0,532882,0,14586,0,0,6699515,6714084,true,true,true,true,true,true,true,true,true,true,true,true,true,true
managed_paragraph_batch_perf_v1,1,replace_body_paragraph_texts,descriptive_same_fixture_alternative_api_path_no_same_api_before_after_claim,128,1,file,batch,ca410eb5ac948e3e90f67505a0e566883a15305e0fa64a90be9e146256160685,532875,fixture-p128-k1.docx,a19ccb4a6e21260c609f8f45fc6d267ac18b285362553baa3ea80c1bd75ddaa2,532882,0,114,false,432462,15030,270701,300,145410,831,532882,a19ccb4a6e21260c609f8f45fc6d267ac18b285362553baa3ea80c1bd75ddaa2,252,0,252,0,true,45,535175,535175,4,0,0,0,1,1,0,7281,1,0,true,0,367535,0,0,8490,535175,0,0,532882,0,14586,0,0,6699515,6714084,true,true,true,true,true,true,true,true,true,true,true,true,true,true
managed_paragraph_batch_perf_v1,1,replace_body_paragraph_texts,descriptive_same_fixture_alternative_api_path_no_same_api_before_after_claim,128,1,file,batch,ca410eb5ac948e3e90f67505a0e566883a15305e0fa64a90be9e146256160685,532875,fixture-p128-k1.docx,a19ccb4a6e21260c609f8f45fc6d267ac18b285362553baa3ea80c1bd75ddaa2,532882,0,115,false,428832,14751,275771,300,137030,790,532882,a19ccb4a6e21260c609f8f45fc6d267ac18b285362553baa3ea80c1bd75ddaa2,254,0,254,0,true,45,535175,535175,4,0,0,0,1,1,0,7281,1,0,true,0,367535,0,0,8490,535175,0,0,532882,0,14586,0,0,6699515,6714084,true,true,true,true,true,true,true,true,true,true,true,true,true,true
managed_paragraph_batch_perf_v1,1,replace_body_paragraph_texts,descriptive_same_fixture_alternative_api_path_no_same_api_before_after_claim,128,1,file,batch,ca410eb5ac948e3e90f67505a0e566883a15305e0fa64a90be9e146256160685,532875,fixture-p128-k1.docx,a19ccb4a6e21260c609f8f45fc6d267ac18b285362553baa3ea80c1bd75ddaa2,532882,0,116,false,421612,15160,269762,290,135400,800,532882,a19ccb4a6e21260c609f8f45fc6d267ac18b285362553baa3ea80c1bd75ddaa2,256,0,256,0,true,45,535175,535175,4,0,0,0,1,1,0,7281,1,0,true,0,367535,0,0,8490,535175,0,0,532882,0,14586,0,0,6699515,6714084,true,true,true,true,true,true,true,true,true,true,true,true,true,true
managed_paragraph_batch_perf_v1,1,replace_body_paragraph_texts,descriptive_same_fixture_alternative_api_path_no_same_api_before_after_claim,128,1,file,batch,ca410eb5ac948e3e90f67505a0e566883a15305e0fa64a90be9e146256160685,532875,fixture-p128-k1.docx,a19ccb4a6e21260c609f8f45fc6d267ac18b285362553baa3ea80c1bd75ddaa2,532882,0,117,false,422352,15250,270651,330,135131,810,532882,a19ccb4a6e21260c609f8f45fc6d267ac18b285362553baa3ea80c1bd75ddaa2,258,0,258,0,true,45,535175,535175,4,0,0,0,1,1,0,7281,1,0,true,0,367535,0,0,8490,535175,0,0,532882,0,14586,0,0,6699515,6714084,true,true,true,true,true,true,true,true,true,true,true,true,true,true
managed_paragraph_batch_perf_v1,1,replace_body_paragraph_texts,descriptive_same_fixture_alternative_api_path_no_same_api_before_after_claim,128,1,file,batch,ca410eb5ac948e3e90f67505a0e566883a15305e0fa64a90be9e146256160685,532875,fixture-p128-k1.docx,a19ccb4a6e21260c609f8f45fc6d267ac18b285362553baa3ea80c1bd75ddaa2,532882,0,118,false,427812,14920,271031,320,140581,760,532882,a19ccb4a6e21260c609f8f45fc6d267ac18b285362553baa3ea80c1bd75ddaa2,260,0,260,0,true,45,535175,535175,4,0,0,0,1,1,0,7281,1,0,true,0,367535,0,0,8490,535175,0,0,532882,0,14586,0,0,6699515,6714084,true,true,true,true,true,true,true,true,true,true,true,true,true,true
managed_paragraph_batch_perf_v1,1,replace_body_paragraph_texts,descriptive_same_fixture_alternative_api_path_no_same_api_before_after_claim,128,1,file,batch,ca410eb5ac948e3e90f67505a0e566883a15305e0fa64a90be9e146256160685,532875,fixture-p128-k1.docx,a19ccb4a6e21260c609f8f45fc6d267ac18b285362553baa3ea80c1bd75ddaa2,532882,0,119,false,424361,14740,271451,340,136840,810,532882,a19ccb4a6e21260c609f8f45fc6d267ac18b285362553baa3ea80c1bd75ddaa2,262,0,262,0,true,45,535175,535175,4,0,0,0,1,1,0,7281,1,0,true,0,367535,0,0,8490,535175,0,0,532882,0,14586,0,0,6699515,6714084,true,true,true,true,true,true,true,true,true,true,true,true,true,true
managed_paragraph_batch_perf_v1,1,replace_body_paragraph_texts,descriptive_same_fixture_alternative_api_path_no_same_api_before_after_claim,128,1,file,batch,ca410eb5ac948e3e90f67505a0e566883a15305e0fa64a90be9e146256160685,532875,fixture-p128-k1.docx,a19ccb4a6e21260c609f8f45fc6d267ac18b285362553baa3ea80c1bd75ddaa2,532882,0,120,false,434612,14790,281082,310,137440,790,532882,a19ccb4a6e21260c609f8f45fc6d267ac18b285362553baa3ea80c1bd75ddaa2,264,0,264,0,true,45,535175,535175,4,0,0,0,1,1,0,7281,1,0,true,0,367535,0,0,8490,535175,0,0,532882,0,14586,0,0,6699515,6714084,true,true,true,true,true,true,true,true,true,true,true,true,true,true
managed_paragraph_batch_perf_v1,1,replace_body_paragraph_texts,descriptive_same_fixture_alternative_api_path_no_same_api_before_after_claim,128,1,file,batch,ca410eb5ac948e3e90f67505a0e566883a15305e0fa64a90be9e146256160685,532875,fixture-p128-k1.docx,a19ccb4a6e21260c609f8f45fc6d267ac18b285362553baa3ea80c1bd75ddaa2,532882,0,121,false,431052,15150,276771,300,137861,790,532882,a19ccb4a6e21260c609f8f45fc6d267ac18b285362553baa3ea80c1bd75ddaa2,266,0,266,0,true,45,535175,535175,4,0,0,0,1,1,0,7281,1,0,true,0,367535,0,0,8490,535175,0,0,532882,0,14586,0,0,6699515,6714084,true,true,true,true,true,true,true,true,true,true,true,true,true,true
managed_paragraph_batch_perf_v1,1,replace_body_paragraph_texts,descriptive_same_fixture_alternative_api_path_no_same_api_before_after_claim,128,1,file,batch,ca410eb5ac948e3e90f67505a0e566883a15305e0fa64a90be9e146256160685,532875,fixture-p128-k1.docx,a19ccb4a6e21260c609f8f45fc6d267ac18b285362553baa3ea80c1bd75ddaa2,532882,0,122,false,429602,15390,268551,300,144411,770,532882,a19ccb4a6e21260c609f8f45fc6d267ac18b285362553baa3ea80c1bd75ddaa2,268,0,268,0,true,45,535175,535175,4,0,0,0,1,1,0,7281,1,0,true,0,367535,0,0,8490,535175,0,0,532882,0,14586,0,0,6699515,6714084,true,true,true,true,true,true,true,true,true,true,true,true,true,true
managed_paragraph_batch_perf_v1,1,replace_body_paragraph_texts,descriptive_same_fixture_alternative_api_path_no_same_api_before_after_claim,128,1,file,batch,ca410eb5ac948e3e90f67505a0e566883a15305e0fa64a90be9e146256160685,532875,fixture-p128-k1.docx,a19ccb4a6e21260c609f8f45fc6d267ac18b285362553baa3ea80c1bd75ddaa2,532882,0,123,false,423201,15090,269821,300,137020,790,532882,a19ccb4a6e21260c609f8f45fc6d267ac18b285362553baa3ea80c1bd75ddaa2,270,0,270,0,true,45,535175,535175,4,0,0,0,1,1,0,7281,1,0,true,0,367535,0,0,8490,535175,0,0,532882,0,14586,0,0,6699515,6714084,true,true,true,true,true,true,true,true,true,true,true,true,true,true
managed_paragraph_batch_perf_v1,1,replace_body_paragraph_texts,descriptive_same_fixture_alternative_api_path_no_same_api_before_after_claim,128,1,file,batch,ca410eb5ac948e3e90f67505a0e566883a15305e0fa64a90be9e146256160685,532875,fixture-p128-k1.docx,a19ccb4a6e21260c609f8f45fc6d267ac18b285362553baa3ea80c1bd75ddaa2,532882,0,124,false,424562,15150,271142,310,136960,810,532882,a19ccb4a6e21260c609f8f45fc6d267ac18b285362553baa3ea80c1bd75ddaa2,272,0,272,0,true,45,535175,535175,4,0,0,0,1,1,0,7281,1,0,true,0,367535,0,0,8490,535175,0,0,532882,0,14586,0,0,6699515,6714084,true,true,true,true,true,true,true,true,true,true,true,true,true,true
managed_paragraph_batch_perf_v1,1,replace_body_paragraph_texts,descriptive_same_fixture_alternative_api_path_no_same_api_before_after_claim,128,1,file,batch,ca410eb5ac948e3e90f67505a0e566883a15305e0fa64a90be9e146256160685,532875,fixture-p128-k1.docx,a19ccb4a6e21260c609f8f45fc6d267ac18b285362553baa3ea80c1bd75ddaa2,532882,0,125,false,425092,15090,272941,300,135801,770,532882,a19ccb4a6e21260c609f8f45fc6d267ac18b285362553baa3ea80c1bd75ddaa2,274,0,274,0,true,45,535175,535175,4,0,0,0,1,1,0,7281,1,0,true,0,367535,0,0,8490,535175,0,0,532882,0,14586,0,0,6699515,6714084,true,true,true,true,true,true,true,true,true,true,true,true,true,true
managed_paragraph_batch_perf_v1,1,replace_body_paragraph_texts,descriptive_same_fixture_alternative_api_path_no_same_api_before_after_claim,128,1,file,batch,ca410eb5ac948e3e90f67505a0e566883a15305e0fa64a90be9e146256160685,532875,fixture-p128-k1.docx,a19ccb4a6e21260c609f8f45fc6d267ac18b285362553baa3ea80c1bd75ddaa2,532882,0,126,false,424382,15230,272141,300,135661,850,532882,a19ccb4a6e21260c609f8f45fc6d267ac18b285362553baa3ea80c1bd75ddaa2,276,0,276,0,true,45,535175,535175,4,0,0,0,1,1,0,7281,1,0,true,0,367535,0,0,8490,535175,0,0,532882,0,14586,0,0,6699515,6714084,true,true,true,true,true,true,true,true,true,true,true,true,true,true
managed_paragraph_batch_perf_v1,1,replace_body_paragraph_texts,descriptive_same_fixture_alternative_api_path_no_same_api_before_after_claim,128,1,file,batch,ca410eb5ac948e3e90f67505a0e566883a15305e0fa64a90be9e146256160685,532875,fixture-p128-k1.docx,a19ccb4a6e21260c609f8f45fc6d267ac18b285362553baa3ea80c1bd75ddaa2,532882,0,127,false,423372,14910,271331,300,135801,830,532882,a19ccb4a6e21260c609f8f45fc6d267ac18b285362553baa3ea80c1bd75ddaa2,278,0,278,0,true,45,535175,535175,4,0,0,0,1,1,0,7281,1,0,true,0,367535,0,0,8490,535175,0,0,532882,0,14586,0,0,6699515,6714084,true,true,true,true,true,true,true,true,true,true,true,true,true,true
managed_paragraph_batch_perf_v1,1,replace_body_paragraph_texts,descriptive_same_fixture_alternative_api_path_no_same_api_before_after_claim,128,1,file,batch,ca410eb5ac948e3e90f67505a0e566883a15305e0fa64a90be9e146256160685,532875,fixture-p128-k1.docx,a19ccb4a6e21260c609f8f45fc6d267ac18b285362553baa3ea80c1bd75ddaa2,532882,0,128,false,428841,14960,277341,310,135220,810,532882,a19ccb4a6e21260c609f8f45fc6d267ac18b285362553baa3ea80c1bd75ddaa2,280,0,280,0,true,45,535175,535175,4,0,0,0,1,1,0,7281,1,0,true,0,367535,0,0,8490,535175,0,0,532882,0,14586,0,0,6699515,6714084,true,true,true,true,true,true,true,true,true,true,true,true,true,true
managed_paragraph_batch_perf_v1,1,replace_body_paragraph_texts,descriptive_same_fixture_alternative_api_path_no_same_api_before_after_claim,128,1,file,batch,ca410eb5ac948e3e90f67505a0e566883a15305e0fa64a90be9e146256160685,532875,fixture-p128-k1.docx,a19ccb4a6e21260c609f8f45fc6d267ac18b285362553baa3ea80c1bd75ddaa2,532882,0,129,false,430572,15080,278632,320,135560,770,532882,a19ccb4a6e21260c609f8f45fc6d267ac18b285362553baa3ea80c1bd75ddaa2,282,0,282,0,true,45,535175,535175,4,0,0,0,1,1,0,7281,1,0,true,0,367535,0,0,8490,535175,0,0,532882,0,14586,0,0,6699515,6714084,true,true,true,true,true,true,true,true,true,true,true,true,true,true
managed_paragraph_batch_perf_v1,1,replace_body_paragraph_texts,descriptive_same_fixture_alternative_api_path_no_same_api_before_after_claim,128,1,file,batch,ca410eb5ac948e3e90f67505a0e566883a15305e0fa64a90be9e146256160685,532875,fixture-p128-k1.docx,a19ccb4a6e21260c609f8f45fc6d267ac18b285362553baa3ea80c1bd75ddaa2,532882,0,130,false,428032,14940,268671,300,143151,770,532882,a19ccb4a6e21260c609f8f45fc6d267ac18b285362553baa3ea80c1bd75ddaa2,284,0,284,0,true,45,535175,535175,4,0,0,0,1,1,0,7281,1,0,true,0,367535,0,0,8490,535175,0,0,532882,0,14586,0,0,6699515,6714084,true,true,true,true,true,true,true,true,true,true,true,true,true,true
managed_paragraph_batch_perf_v1,1,replace_body_paragraph_texts,descriptive_same_fixture_alternative_api_path_no_same_api_before_after_claim,128,1,file,batch,ca410eb5ac948e3e90f67505a0e566883a15305e0fa64a90be9e146256160685,532875,fixture-p128-k1.docx,a19ccb4a6e21260c609f8f45fc6d267ac18b285362553baa3ea80c1bd75ddaa2,532882,0,131,false,426162,14990,273311,300,136581,800,532882,a19ccb4a6e21260c609f8f45fc6d267ac18b285362553baa3ea80c1bd75ddaa2,286,0,286,0,true,45,535175,535175,4,0,0,0,1,1,0,7281,1,0,true,0,367535,0,0,8490,535175,0,0,532882,0,14586,0,0,6699515,6714084,true,true,true,true,true,true,true,true,true,true,true,true,true,true
managed_paragraph_batch_perf_v1,1,replace_body_paragraph_texts,descriptive_same_fixture_alternative_api_path_no_same_api_before_after_claim,128,1,file,batch,ca410eb5ac948e3e90f67505a0e566883a15305e0fa64a90be9e146256160685,532875,fixture-p128-k1.docx,a19ccb4a6e21260c609f8f45fc6d267ac18b285362553baa3ea80c1bd75ddaa2,532882,0,132,false,426651,15130,274341,300,135940,750,532882,a19ccb4a6e21260c609f8f45fc6d267ac18b285362553baa3ea80c1bd75ddaa2,288,0,288,0,true,45,535175,535175,4,0,0,0,1,1,0,7281,1,0,true,0,367535,0,0,8490,535175,0,0,532882,0,14586,0,0,6699515,6714084,true,true,true,true,true,true,true,true,true,true,true,true,true,true
managed_paragraph_batch_perf_v1,1,replace_body_paragraph_texts,descriptive_same_fixture_alternative_api_path_no_same_api_before_after_claim,128,1,file,batch,ca410eb5ac948e3e90f67505a0e566883a15305e0fa64a90be9e146256160685,532875,fixture-p128-k1.docx,a19ccb4a6e21260c609f8f45fc6d267ac18b285362553baa3ea80c1bd75ddaa2,532882,0,133,false,426652,14920,274322,300,136090,760,532882,a19ccb4a6e21260c609f8f45fc6d267ac18b285362553baa3ea80c1bd75ddaa2,290,0,290,0,true,45,535175,535175,4,0,0,0,1,1,0,7281,1,0,true,0,367535,0,0,8490,535175,0,0,532882,0,14586,0,0,6699515,6714084,true,true,true,true,true,true,true,true,true,true,true,true,true,true
managed_paragraph_batch_perf_v1,1,replace_body_paragraph_texts,descriptive_same_fixture_alternative_api_path_no_same_api_before_after_claim,128,1,file,batch,ca410eb5ac948e3e90f67505a0e566883a15305e0fa64a90be9e146256160685,532875,fixture-p128-k1.docx,a19ccb4a6e21260c609f8f45fc6d267ac18b285362553baa3ea80c1bd75ddaa2,532882,0,134,false,427272,14940,275021,300,136071,760,532882,a19ccb4a6e21260c609f8f45fc6d267ac18b285362553baa3ea80c1bd75ddaa2,292,0,292,0,true,45,535175,535175,4,0,0,0,1,1,0,7281,1,0,true,0,367535,0,0,8490,535175,0,0,532882,0,14586,0,0,6699515,6714084,true,true,true,true,true,true,true,true,true,true,true,true,true,true
managed_paragraph_batch_perf_v1,1,replace_body_paragraph_texts,descriptive_same_fixture_alternative_api_path_no_same_api_before_after_claim,128,1,file,batch,ca410eb5ac948e3e90f67505a0e566883a15305e0fa64a90be9e146256160685,532875,fixture-p128-k1.docx,a19ccb4a6e21260c609f8f45fc6d267ac18b285362553baa3ea80c1bd75ddaa2,532882,0,135,false,423142,15120,270471,280,136281,790,532882,a19ccb4a6e21260c609f8f45fc6d267ac18b285362553baa3ea80c1bd75ddaa2,294,0,294,0,true,45,535175,535175,4,0,0,0,1,1,0,7281,1,0,true,0,367535,0,0,8490,535175,0,0,532882,0,14586,0,0,6699515,6714084,true,true,true,true,true,true,true,true,true,true,true,true,true,true
managed_paragraph_batch_perf_v1,1,replace_body_paragraph_texts,descriptive_same_fixture_alternative_api_path_no_same_api_before_after_claim,128,1,file,batch,ca410eb5ac948e3e90f67505a0e566883a15305e0fa64a90be9e146256160685,532875,fixture-p128-k1.docx,a19ccb4a6e21260c609f8f45fc6d267ac18b285362553baa3ea80c1bd75ddaa2,532882,0,136,false,427661,14650,276131,290,135630,770,532882,a19ccb4a6e21260c609f8f45fc6d267ac18b285362553baa3ea80c1bd75ddaa2,296,0,296,0,true,45,535175,535175,4,0,0,0,1,1,0,7281,1,0,true,0,367535,0,0,8490,535175,0,0,532882,0,14586,0,0,6699515,6714084,true,true,true,true,true,true,true,true,true,true,true,true,true,true
managed_paragraph_batch_perf_v1,1,replace_body_paragraph_texts,descriptive_same_fixture_alternative_api_path_no_same_api_before_after_claim,128,1,file,batch,ca410eb5ac948e3e90f67505a0e566883a15305e0fa64a90be9e146256160685,532875,fixture-p128-k1.docx,a19ccb4a6e21260c609f8f45fc6d267ac18b285362553baa3ea80c1bd75ddaa2,532882,0,137,false,433952,14960,281652,300,136030,820,532882,a19ccb4a6e21260c609f8f45fc6d267ac18b285362553baa3ea80c1bd75ddaa2,298,0,298,0,true,45,535175,535175,4,0,0,0,1,1,0,7281,1,0,true,0,367535,0,0,8490,535175,0,0,532882,0,14586,0,0,6699515,6714084,true,true,true,true,true,true,true,true,true,true,true,true,true,true
managed_paragraph_batch_perf_v1,1,replace_body_paragraph_texts,descriptive_same_fixture_alternative_api_path_no_same_api_before_after_claim,128,1,file,batch,ca410eb5ac948e3e90f67505a0e566883a15305e0fa64a90be9e146256160685,532875,fixture-p128-k1.docx,a19ccb4a6e21260c609f8f45fc6d267ac18b285362553baa3ea80c1bd75ddaa2,532882,0,138,false,431322,14850,272411,290,142811,770,532882,a19ccb4a6e21260c609f8f45fc6d267ac18b285362553baa3ea80c1bd75ddaa2,300,0,300,0,true,45,535175,535175,4,0,0,0,1,1,0,7281,1,0,true,0,367535,0,0,8490,535175,0,0,532882,0,14586,0,0,6699515,6714084,true,true,true,true,true,true,true,true,true,true,true,true,true,true
managed_paragraph_batch_perf_v1,1,replace_body_paragraph_texts,descriptive_same_fixture_alternative_api_path_no_same_api_before_after_claim,128,1,file,batch,ca410eb5ac948e3e90f67505a0e566883a15305e0fa64a90be9e146256160685,532875,fixture-p128-k1.docx,a19ccb4a6e21260c609f8f45fc6d267ac18b285362553baa3ea80c1bd75ddaa2,532882,0,139,false,426012,15100,274511,290,135161,750,532882,a19ccb4a6e21260c609f8f45fc6d267ac18b285362553baa3ea80c1bd75ddaa2,302,0,302,0,true,45,535175,535175,4,0,0,0,1,1,0,7281,1,0,true,0,367535,0,0,8490,535175,0,0,532882,0,14586,0,0,6699515,6714084,true,true,true,true,true,true,true,true,true,true,true,true,true,true
managed_paragraph_batch_perf_v1,1,replace_body_paragraph_texts,descriptive_same_fixture_alternative_api_path_no_same_api_before_after_claim,128,1,file,batch,ca410eb5ac948e3e90f67505a0e566883a15305e0fa64a90be9e146256160685,532875,fixture-p128-k1.docx,a19ccb4a6e21260c609f8f45fc6d267ac18b285362553baa3ea80c1bd75ddaa2,532882,0,140,false,423932,15190,271431,310,136041,760,532882,a19ccb4a6e21260c609f8f45fc6d267ac18b285362553baa3ea80c1bd75ddaa2,304,0,304,0,true,45,535175,535175,4,0,0,0,1,1,0,7281,1,0,true,0,367535,0,0,8490,535175,0,0,532882,0,14586,0,0,6699515,6714084,true,true,true,true,true,true,true,true,true,true,true,true,true,true
managed_paragraph_batch_perf_v1,1,replace_body_paragraph_texts,descriptive_same_fixture_alternative_api_path_no_same_api_before_after_claim,128,1,file,batch,ca410eb5ac948e3e90f67505a0e566883a15305e0fa64a90be9e146256160685,532875,fixture-p128-k1.docx,a19ccb4a6e21260c609f8f45fc6d267ac18b285362553baa3ea80c1bd75ddaa2,532882,0,141,false,427022,15111,274351,300,136290,780,532882,a19ccb4a6e21260c609f8f45fc6d267ac18b285362553baa3ea80c1bd75ddaa2,306,0,306,0,true,45,535175,535175,4,0,0,0,1,1,0,7281,1,0,true,0,367535,0,0,8490,535175,0,0,532882,0,14586,0,0,6699515,6714084,true,true,true,true,true,true,true,true,true,true,true,true,true,true
managed_paragraph_batch_perf_v1,1,replace_body_paragraph_texts,descriptive_same_fixture_alternative_api_path_no_same_api_before_after_claim,128,1,file,batch,ca410eb5ac948e3e90f67505a0e566883a15305e0fa64a90be9e146256160685,532875,fixture-p128-k1.docx,a19ccb4a6e21260c609f8f45fc6d267ac18b285362553baa3ea80c1bd75ddaa2,532882,0,142,false,423222,15160,272031,310,134801,740,532882,a19ccb4a6e21260c609f8f45fc6d267ac18b285362553baa3ea80c1bd75ddaa2,308,0,308,0,true,45,535175,535175,4,0,0,0,1,1,0,7281,1,0,true,0,367535,0,0,8490,535175,0,0,532882,0,14586,0,0,6699515,6714084,true,true,true,true,true,true,true,true,true,true,true,true,true,true
managed_paragraph_batch_perf_v1,1,replace_body_paragraph_texts,descriptive_same_fixture_alternative_api_path_no_same_api_before_after_claim,128,1,file,batch,ca410eb5ac948e3e90f67505a0e566883a15305e0fa64a90be9e146256160685,532875,fixture-p128-k1.docx,a19ccb4a6e21260c609f8f45fc6d267ac18b285362553baa3ea80c1bd75ddaa2,532882,0,143,false,424932,15050,269241,300,139391,760,532882,a19ccb4a6e21260c609f8f45fc6d267ac18b285362553baa3ea80c1bd75ddaa2,310,0,310,0,true,45,535175,535175,4,0,0,0,1,1,0,7281,1,0,true,0,367535,0,0,8490,535175,0,0,532882,0,14586,0,0,6699515,6714084,true,true,true,true,true,true,true,true,true,true,true,true,true,true
managed_paragraph_batch_perf_v1,1,replace_body_paragraph_texts,descriptive_same_fixture_alternative_api_path_no_same_api_before_after_claim,128,1,file,batch,ca410eb5ac948e3e90f67505a0e566883a15305e0fa64a90be9e146256160685,532875,fixture-p128-k1.docx,a19ccb4a6e21260c609f8f45fc6d267ac18b285362553baa3ea80c1bd75ddaa2,532882,0,144,false,431182,14900,278281,280,136741,800,532882,a19ccb4a6e21260c609f8f45fc6d267ac18b285362553baa3ea80c1bd75ddaa2,312,0,312,0,true,45,535175,535175,4,0,0,0,1,1,0,7281,1,0,true,0,367535,0,0,8490,535175,0,0,532882,0,14586,0,0,6699515,6714084,true,true,true,true,true,true,true,true,true,true,true,true,true,true
managed_paragraph_batch_perf_v1,1,replace_body_paragraph_texts,descriptive_same_fixture_alternative_api_path_no_same_api_before_after_claim,128,1,file,batch,ca410eb5ac948e3e90f67505a0e566883a15305e0fa64a90be9e146256160685,532875,fixture-p128-k1.docx,a19ccb4a6e21260c609f8f45fc6d267ac18b285362553baa3ea80c1bd75ddaa2,532882,0,145,false,430131,15390,276801,320,136640,790,532882,a19ccb4a6e21260c609f8f45fc6d267ac18b285362553baa3ea80c1bd75ddaa2,314,0,314,0,true,45,535175,535175,4,0,0,0,1,1,0,7281,1,0,true,0,367535,0,0,8490,535175,0,0,532882,0,14586,0,0,6699515,6714084,true,true,true,true,true,true,true,true,true,true,true,true,true,true
managed_paragraph_batch_perf_v1,1,replace_body_paragraph_texts,descriptive_same_fixture_alternative_api_path_no_same_api_before_after_claim,128,1,file,batch,ca410eb5ac948e3e90f67505a0e566883a15305e0fa64a90be9e146256160685,532875,fixture-p128-k1.docx,a19ccb4a6e21260c609f8f45fc6d267ac18b285362553baa3ea80c1bd75ddaa2,532882,0,146,false,429982,14790,270462,310,143470,770,532882,a19ccb4a6e21260c609f8f45fc6d267ac18b285362553baa3ea80c1bd75ddaa2,316,0,316,0,true,45,535175,535175,4,0,0,0,1,1,0,7281,1,0,true,0,367535,0,0,8490,535175,0,0,532882,0,14586,0,0,6699515,6714084,true,true,true,true,true,true,true,true,true,true,true,true,true,true
managed_paragraph_batch_perf_v1,1,replace_body_paragraph_texts,descriptive_same_fixture_alternative_api_path_no_same_api_before_after_claim,128,1,file,batch,ca410eb5ac948e3e90f67505a0e566883a15305e0fa64a90be9e146256160685,532875,fixture-p128-k1.docx,a19ccb4a6e21260c609f8f45fc6d267ac18b285362553baa3ea80c1bd75ddaa2,532882,0,147,false,423402,14840,271571,310,135731,760,532882,a19ccb4a6e21260c609f8f45fc6d267ac18b285362553baa3ea80c1bd75ddaa2,318,0,318,0,true,45,535175,535175,4,0,0,0,1,1,0,7281,1,0,true,0,367535,0,0,8490,535175,0,0,532882,0,14586,0,0,6699515,6714084,true,true,true,true,true,true,true,true,true,true,true,true,true,true
managed_paragraph_batch_perf_v1,1,replace_body_paragraph_texts,descriptive_same_fixture_alternative_api_path_no_same_api_before_after_claim,128,1,file,batch,ca410eb5ac948e3e90f67505a0e566883a15305e0fa64a90be9e146256160685,532875,fixture-p128-k1.docx,a19ccb4a6e21260c609f8f45fc6d267ac18b285362553baa3ea80c1bd75ddaa2,532882,0,148,false,424552,15090,272201,300,135991,770,532882,a19ccb4a6e21260c609f8f45fc6d267ac18b285362553baa3ea80c1bd75ddaa2,320,0,320,0,true,45,535175,535175,4,0,0,0,1,1,0,7281,1,0,true,0,367535,0,0,8490,535175,0,0,532882,0,14586,0,0,6699515,6714084,true,true,true,true,true,true,true,true,true,true,true,true,true,true
managed_paragraph_batch_perf_v1,1,replace_body_paragraph_texts,descriptive_same_fixture_alternative_api_path_no_same_api_before_after_claim,128,1,file,batch,ca410eb5ac948e3e90f67505a0e566883a15305e0fa64a90be9e146256160685,532875,fixture-p128-k1.docx,a19ccb4a6e21260c609f8f45fc6d267ac18b285362553baa3ea80c1bd75ddaa2,532882,0,149,false,422281,15070,269521,340,136430,740,532882,a19ccb4a6e21260c609f8f45fc6d267ac18b285362553baa3ea80c1bd75ddaa2,322,0,322,0,true,45,535175,535175,4,0,0,0,1,1,0,7281,1,0,true,0,367535,0,0,8490,535175,0,0,532882,0,14586,0,0,6699515,6714084,true,true,true,true,true,true,true,true,true,true,true,true,true,true
managed_paragraph_batch_perf_v1,1,replace_body_paragraph_texts,descriptive_same_fixture_alternative_api_path_no_same_api_before_after_claim,128,1,file,batch,ca410eb5ac948e3e90f67505a0e566883a15305e0fa64a90be9e146256160685,532875,fixture-p128-k1.docx,a19ccb4a6e21260c609f8f45fc6d267ac18b285362553baa3ea80c1bd75ddaa2,532882,0,150,false,430572,15190,271552,330,142560,760,532882,a19ccb4a6e21260c609f8f45fc6d267ac18b285362553baa3ea80c1bd75ddaa2,324,0,324,0,true,45,535175,535175,4,0,0,0,1,1,0,7281,1,0,true,0,367535,0,0,8490,535175,0,0,532882,0,14586,0,0,6699515,6714084,true,true,true,true,true,true,true,true,true,true,true,true,true,true
managed_paragraph_batch_perf_v1,1,replace_body_paragraph_texts,descriptive_same_fixture_alternative_api_path_no_same_api_before_after_claim,128,1,file,batch,ca410eb5ac948e3e90f67505a0e566883a15305e0fa64a90be9e146256160685,532875,fixture-p128-k1.docx,a19ccb4a6e21260c609f8f45fc6d267ac18b285362553baa3ea80c1bd75ddaa2,532882,0,151,false,422842,15080,270691,340,135801,750,532882,a19ccb4a6e21260c609f8f45fc6d267ac18b285362553baa3ea80c1bd75ddaa2,326,0,326,0,true,45,535175,535175,4,0,0,0,1,1,0,7281,1,0,true,0,367535,0,0,8490,535175,0,0,532882,0,14586,0,0,6699515,6714084,true,true,true,true,true,true,true,true,true,true,true,true,true,true
managed_paragraph_batch_perf_v1,1,replace_body_paragraph_texts,descriptive_same_fixture_alternative_api_path_no_same_api_before_after_claim,128,1,file,batch,ca410eb5ac948e3e90f67505a0e566883a15305e0fa64a90be9e146256160685,532875,fixture-p128-k1.docx,a19ccb4a6e21260c609f8f45fc6d267ac18b285362553baa3ea80c1bd75ddaa2,532882,0,152,false,430032,15110,276871,320,136791,750,532882,a19ccb4a6e21260c609f8f45fc6d267ac18b285362553baa3ea80c1bd75ddaa2,328,0,328,0,true,45,535175,535175,4,0,0,0,1,1,0,7281,1,0,true,0,367535,0,0,8490,535175,0,0,532882,0,14586,0,0,6699515,6714084,true,true,true,true,true,true,true,true,true,true,true,true,true,true
managed_paragraph_batch_perf_v1,1,replace_body_paragraph_texts,descriptive_same_fixture_alternative_api_path_no_same_api_before_after_claim,128,1,file,batch,ca410eb5ac948e3e90f67505a0e566883a15305e0fa64a90be9e146256160685,532875,fixture-p128-k1.docx,a19ccb4a6e21260c609f8f45fc6d267ac18b285362553baa3ea80c1bd75ddaa2,532882,0,153,false,432662,14870,280211,340,136281,760,532882,a19ccb4a6e21260c609f8f45fc6d267ac18b285362553baa3ea80c1bd75ddaa2,330,0,330,0,true,45,535175,535175,4,0,0,0,1,1,0,7281,1,0,true,0,367535,0,0,8490,535175,0,0,532882,0,14586,0,0,6699515,6714084,true,true,true,true,true,true,true,true,true,true,true,true,true,true
managed_paragraph_batch_perf_v1,1,replace_body_paragraph_texts,descriptive_same_fixture_alternative_api_path_no_same_api_before_after_claim,128,1,file,batch,ca410eb5ac948e3e90f67505a0e566883a15305e0fa64a90be9e146256160685,532875,fixture-p128-k1.docx,a19ccb4a6e21260c609f8f45fc6d267ac18b285362553baa3ea80c1bd75ddaa2,532882,0,154,false,429092,14880,269322,310,143630,760,532882,a19ccb4a6e21260c609f8f45fc6d267ac18b285362553baa3ea80c1bd75ddaa2,332,0,332,0,true,45,535175,535175,4,0,0,0,1,1,0,7281,1,0,true,0,367535,0,0,8490,535175,0,0,532882,0,14586,0,0,6699515,6714084,true,true,true,true,true,true,true,true,true,true,true,true,true,true
managed_paragraph_batch_perf_v1,1,replace_body_paragraph_texts,descriptive_same_fixture_alternative_api_path_no_same_api_before_after_claim,128,1,file,batch,ca410eb5ac948e3e90f67505a0e566883a15305e0fa64a90be9e146256160685,532875,fixture-p128-k1.docx,a19ccb4a6e21260c609f8f45fc6d267ac18b285362553baa3ea80c1bd75ddaa2,532882,0,155,false,421642,16060,269461,330,134801,800,532882,a19ccb4a6e21260c609f8f45fc6d267ac18b285362553baa3ea80c1bd75ddaa2,334,0,334,0,true,45,535175,535175,4,0,0,0,1,1,0,7281,1,0,true,0,367535,0,0,8490,535175,0,0,532882,0,14586,0,0,6699515,6714084,true,true,true,true,true,true,true,true,true,true,true,true,true,true
managed_paragraph_batch_perf_v1,1,replace_body_paragraph_texts,descriptive_same_fixture_alternative_api_path_no_same_api_before_after_claim,128,1,file,batch,ca410eb5ac948e3e90f67505a0e566883a15305e0fa64a90be9e146256160685,532875,fixture-p128-k1.docx,a19ccb4a6e21260c609f8f45fc6d267ac18b285362553baa3ea80c1bd75ddaa2,532882,0,156,false,424692,15480,271891,300,136081,740,532882,a19ccb4a6e21260c609f8f45fc6d267ac18b285362553baa3ea80c1bd75ddaa2,336,0,336,0,true,45,535175,535175,4,0,0,0,1,1,0,7281,1,0,true,0,367535,0,0,8490,535175,0,0,532882,0,14586,0,0,6699515,6714084,true,true,true,true,true,true,true,true,true,true,true,true,true,true
managed_paragraph_batch_perf_v1,1,replace_body_paragraph_texts,descriptive_same_fixture_alternative_api_path_no_same_api_before_after_claim,128,1,file,batch,ca410eb5ac948e3e90f67505a0e566883a15305e0fa64a90be9e146256160685,532875,fixture-p128-k1.docx,a19ccb4a6e21260c609f8f45fc6d267ac18b285362553baa3ea80c1bd75ddaa2,532882,0,157,false,425942,14840,272551,310,137171,770,532882,a19ccb4a6e21260c609f8f45fc6d267ac18b285362553baa3ea80c1bd75ddaa2,338,0,338,0,true,45,535175,535175,4,0,0,0,1,1,0,7281,1,0,true,0,367535,0,0,8490,535175,0,0,532882,0,14586,0,0,6699515,6714084,true,true,true,true,true,true,true,true,true,true,true,true,true,true
managed_paragraph_batch_perf_v1,1,replace_body_paragraph_texts,descriptive_same_fixture_alternative_api_path_no_same_api_before_after_claim,128,1,file,batch,ca410eb5ac948e3e90f67505a0e566883a15305e0fa64a90be9e146256160685,532875,fixture-p128-k1.docx,a19ccb4a6e21260c609f8f45fc6d267ac18b285362553baa3ea80c1bd75ddaa2,532882,0,158,false,420071,15170,267741,310,135890,780,532882,a19ccb4a6e21260c609f8f45fc6d267ac18b285362553baa3ea80c1bd75ddaa2,340,0,340,0,true,45,535175,535175,4,0,0,0,1,1,0,7281,1,0,true,0,367535,0,0,8490,535175,0,0,532882,0,14586,0,0,6699515,6714084,true,true,true,true,true,true,true,true,true,true,true,true,true,true
managed_paragraph_batch_perf_v1,1,replace_body_paragraph_texts,descriptive_same_fixture_alternative_api_path_no_same_api_before_after_claim,128,1,file,batch,ca410eb5ac948e3e90f67505a0e566883a15305e0fa64a90be9e146256160685,532875,fixture-p128-k1.docx,a19ccb4a6e21260c609f8f45fc6d267ac18b285362553baa3ea80c1bd75ddaa2,532882,0,159,false,430332,21920,271172,330,135960,770,532882,a19ccb4a6e21260c609f8f45fc6d267ac18b285362553baa3ea80c1bd75ddaa2,342,0,342,0,true,45,535175,535175,4,0,0,0,1,1,0,7281,1,0,true,0,367535,0,0,8490,535175,0,0,532882,0,14586,0,0,6699515,6714084,true,true,true,true,true,true,true,true,true,true,true,true,true,true
managed_paragraph_batch_perf_v1,1,replace_body_paragraph_texts,descriptive_same_fixture_alternative_api_path_no_same_api_before_after_claim,128,1,file,batch,ca410eb5ac948e3e90f67505a0e566883a15305e0fa64a90be9e146256160685,532875,fixture-p128-k1.docx,a19ccb4a6e21260c609f8f45fc6d267ac18b285362553baa3ea80c1bd75ddaa2,532882,0,160,false,428432,14870,276731,300,135601,750,532882,a19ccb4a6e21260c609f8f45fc6d267ac18b285362553baa3ea80c1bd75ddaa2,344,0,344,0,true,45,535175,535175,4,0,0,0,1,1,0,7281,1,0,true,0,367535,0,0,8490,535175,0,0,532882,0,14586,0,0,6699515,6714084,true,true,true,true,true,true,true,true,true,true,true,true,true,true
managed_paragraph_batch_perf_v1,1,replace_body_paragraph_texts,descriptive_same_fixture_alternative_api_path_no_same_api_before_after_claim,128,1,file,batch,ca410eb5ac948e3e90f67505a0e566883a15305e0fa64a90be9e146256160685,532875,fixture-p128-k1.docx,a19ccb4a6e21260c609f8f45fc6d267ac18b285362553baa3ea80c1bd75ddaa2,532882,0,161,false,430762,15050,278151,300,136271,800,532882,a19ccb4a6e21260c609f8f45fc6d267ac18b285362553baa3ea80c1bd75ddaa2,346,0,346,0,true,45,535175,535175,4,0,0,0,1,1,0,7281,1,0,true,0,367535,0,0,8490,535175,0,0,532882,0,14586,0,0,6699515,6714084,true,true,true,true,true,true,true,true,true,true,true,true,true,true
managed_paragraph_batch_perf_v1,1,replace_body_paragraph_texts,descriptive_same_fixture_alternative_api_path_no_same_api_before_after_claim,128,1,file,batch,ca410eb5ac948e3e90f67505a0e566883a15305e0fa64a90be9e146256160685,532875,fixture-p128-k1.docx,a19ccb4a6e21260c609f8f45fc6d267ac18b285362553baa3ea80c1bd75ddaa2,532882,0,162,false,429681,15080,269811,300,143540,770,532882,a19ccb4a6e21260c609f8f45fc6d267ac18b285362553baa3ea80c1bd75ddaa2,348,0,348,0,true,45,535175,535175,4,0,0,0,1,1,0,7281,1,0,true,0,367535,0,0,8490,535175,0,0,532882,0,14586,0,0,6699515,6714084,true,true,true,true,true,true,true,true,true,true,true,true,true,true
managed_paragraph_batch_perf_v1,1,replace_body_paragraph_texts,descriptive_same_fixture_alternative_api_path_no_same_api_before_after_claim,128,1,file,batch,ca410eb5ac948e3e90f67505a0e566883a15305e0fa64a90be9e146256160685,532875,fixture-p128-k1.docx,a19ccb4a6e21260c609f8f45fc6d267ac18b285362553baa3ea80c1bd75ddaa2,532882,0,163,false,422112,14940,269962,300,135950,770,532882,a19ccb4a6e21260c609f8f45fc6d267ac18b285362553baa3ea80c1bd75ddaa2,350,0,350,0,true,45,535175,535175,4,0,0,0,1,1,0,7281,1,0,true,0,367535,0,0,8490,535175,0,0,532882,0,14586,0,0,6699515,6714084,true,true,true,true,true,true,true,true,true,true,true,true,true,true
managed_paragraph_batch_perf_v1,1,replace_body_paragraph_texts,descriptive_same_fixture_alternative_api_path_no_same_api_before_after_claim,128,1,file,batch,ca410eb5ac948e3e90f67505a0e566883a15305e0fa64a90be9e146256160685,532875,fixture-p128-k1.docx,a19ccb4a6e21260c609f8f45fc6d267ac18b285362553baa3ea80c1bd75ddaa2,532882,0,164,false,429672,15040,277861,320,135481,780,532882,a19ccb4a6e21260c609f8f45fc6d267ac18b285362553baa3ea80c1bd75ddaa2,352,0,352,0,true,45,535175,535175,4,0,0,0,1,1,0,7281,1,0,true,0,367535,0,0,8490,535175,0,0,532882,0,14586,0,0,6699515,6714084,true,true,true,true,true,true,true,true,true,true,true,true,true,true
managed_paragraph_batch_perf_v1,1,replace_body_paragraph_texts,descriptive_same_fixture_alternative_api_path_no_same_api_before_after_claim,128,1,file,batch,ca410eb5ac948e3e90f67505a0e566883a15305e0fa64a90be9e146256160685,532875,fixture-p128-k1.docx,a19ccb4a6e21260c609f8f45fc6d267ac18b285362553baa3ea80c1bd75ddaa2,532882,0,165,false,426242,15000,273931,310,136021,790,532882,a19ccb4a6e21260c609f8f45fc6d267ac18b285362553baa3ea80c1bd75ddaa2,354,0,354,0,true,45,535175,535175,4,0,0,0,1,1,0,7281,1,0,true,0,367535,0,0,8490,535175,0,0,532882,0,14586,0,0,6699515,6714084,true,true,true,true,true,true,true,true,true,true,true,true,true,true
managed_paragraph_batch_perf_v1,1,replace_body_paragraph_texts,descriptive_same_fixture_alternative_api_path_no_same_api_before_after_claim,128,1,file,batch,ca410eb5ac948e3e90f67505a0e566883a15305e0fa64a90be9e146256160685,532875,fixture-p128-k1.docx,a19ccb4a6e21260c609f8f45fc6d267ac18b285362553baa3ea80c1bd75ddaa2,532882,0,166,false,425381,14970,273371,300,135780,780,532882,a19ccb4a6e21260c609f8f45fc6d267ac18b285362553baa3ea80c1bd75ddaa2,356,0,356,0,true,45,535175,535175,4,0,0,0,1,1,0,7281,1,0,true,0,367535,0,0,8490,535175,0,0,532882,0,14586,0,0,6699515,6714084,true,true,true,true,true,true,true,true,true,true,true,true,true,true
managed_paragraph_batch_perf_v1,1,replace_body_paragraph_texts,descriptive_same_fixture_alternative_api_path_no_same_api_before_after_claim,128,1,file,batch,ca410eb5ac948e3e90f67505a0e566883a15305e0fa64a90be9e146256160685,532875,fixture-p128-k1.docx,a19ccb4a6e21260c609f8f45fc6d267ac18b285362553baa3ea80c1bd75ddaa2,532882,0,167,false,433122,22160,273612,300,136110,740,532882,a19ccb4a6e21260c609f8f45fc6d267ac18b285362553baa3ea80c1bd75ddaa2,358,0,358,0,true,45,535175,535175,4,0,0,0,1,1,0,7281,1,0,true,0,367535,0,0,8490,535175,0,0,532882,0,14586,0,0,6699515,6714084,true,true,true,true,true,true,true,true,true,true,true,true,true,true
managed_paragraph_batch_perf_v1,1,replace_body_paragraph_texts,descriptive_same_fixture_alternative_api_path_no_same_api_before_after_claim,128,1,file,batch,ca410eb5ac948e3e90f67505a0e566883a15305e0fa64a90be9e146256160685,532875,fixture-p128-k1.docx,a19ccb4a6e21260c609f8f45fc6d267ac18b285362553baa3ea80c1bd75ddaa2,532882,0,168,false,429322,14780,277041,320,136211,770,532882,a19ccb4a6e21260c609f8f45fc6d267ac18b285362553baa3ea80c1bd75ddaa2,360,0,360,0,true,45,535175,535175,4,0,0,0,1,1,0,7281,1,0,true,0,367535,0,0,8490,535175,0,0,532882,0,14586,0,0,6699515,6714084,true,true,true,true,true,true,true,true,true,true,true,true,true,true
managed_paragraph_batch_perf_v1,1,replace_body_paragraph_texts,descriptive_same_fixture_alternative_api_path_no_same_api_before_after_claim,128,1,file,batch,ca410eb5ac948e3e90f67505a0e566883a15305e0fa64a90be9e146256160685,532875,fixture-p128-k1.docx,a19ccb4a6e21260c609f8f45fc6d267ac18b285362553baa3ea80c1bd75ddaa2,532882,0,169,false,428562,14920,277291,290,135101,770,532882,a19ccb4a6e21260c609f8f45fc6d267ac18b285362553baa3ea80c1bd75ddaa2,362,0,362,0,true,45,535175,535175,4,0,0,0,1,1,0,7281,1,0,true,0,367535,0,0,8490,535175,0,0,532882,0,14586,0,0,6699515,6714084,true,true,true,true,true,true,true,true,true,true,true,true,true,true
managed_paragraph_batch_perf_v1,1,replace_body_paragraph_texts,descriptive_same_fixture_alternative_api_path_no_same_api_before_after_claim,128,1,file,batch,ca410eb5ac948e3e90f67505a0e566883a15305e0fa64a90be9e146256160685,532875,fixture-p128-k1.docx,a19ccb4a6e21260c609f8f45fc6d267ac18b285362553baa3ea80c1bd75ddaa2,532882,0,170,false,430322,14770,272441,290,141851,770,532882,a19ccb4a6e21260c609f8f45fc6d267ac18b285362553baa3ea80c1bd75ddaa2,364,0,364,0,true,45,535175,535175,4,0,0,0,1,1,0,7281,1,0,true,0,367535,0,0,8490,535175,0,0,532882,0,14586,0,0,6699515,6714084,true,true,true,true,true,true,true,true,true,true,true,true,true,true
managed_paragraph_batch_perf_v1,1,replace_body_paragraph_texts,descriptive_same_fixture_alternative_api_path_no_same_api_before_after_claim,128,1,file,batch,ca410eb5ac948e3e90f67505a0e566883a15305e0fa64a90be9e146256160685,532875,fixture-p128-k1.docx,a19ccb4a6e21260c609f8f45fc6d267ac18b285362553baa3ea80c1bd75ddaa2,532882,0,171,false,424802,14861,272521,290,136160,770,532882,a19ccb4a6e21260c609f8f45fc6d267ac18b285362553baa3ea80c1bd75ddaa2,366,0,366,0,true,45,535175,535175,4,0,0,0,1,1,0,7281,1,0,true,0,367535,0,0,8490,535175,0,0,532882,0,14586,0,0,6699515,6714084,true,true,true,true,true,true,true,true,true,true,true,true,true,true
managed_paragraph_batch_perf_v1,1,replace_body_paragraph_texts,descriptive_same_fixture_alternative_api_path_no_same_api_before_after_claim,128,1,file,batch,ca410eb5ac948e3e90f67505a0e566883a15305e0fa64a90be9e146256160685,532875,fixture-p128-k1.docx,a19ccb4a6e21260c609f8f45fc6d267ac18b285362553baa3ea80c1bd75ddaa2,532882,0,172,false,422282,15210,270131,300,135701,750,532882,a19ccb4a6e21260c609f8f45fc6d267ac18b285362553baa3ea80c1bd75ddaa2,368,0,368,0,true,45,535175,535175,4,0,0,0,1,1,0,7281,1,0,true,0,367535,0,0,8490,535175,0,0,532882,0,14586,0,0,6699515,6714084,true,true,true,true,true,true,true,true,true,true,true,true,true,true
managed_paragraph_batch_perf_v1,1,replace_body_paragraph_texts,descriptive_same_fixture_alternative_api_path_no_same_api_before_after_claim,128,1,file,batch,ca410eb5ac948e3e90f67505a0e566883a15305e0fa64a90be9e146256160685,532875,fixture-p128-k1.docx,a19ccb4a6e21260c609f8f45fc6d267ac18b285362553baa3ea80c1bd75ddaa2,532882,0,173,false,424692,15380,273191,300,134831,800,532882,a19ccb4a6e21260c609f8f45fc6d267ac18b285362553baa3ea80c1bd75ddaa2,370,0,370,0,true,45,535175,535175,4,0,0,0,1,1,0,7281,1,0,true,0,367535,0,0,8490,535175,0,0,532882,0,14586,0,0,6699515,6714084,true,true,true,true,true,true,true,true,true,true,true,true,true,true
managed_paragraph_batch_perf_v1,1,replace_body_paragraph_texts,descriptive_same_fixture_alternative_api_path_no_same_api_before_after_claim,128,1,file,batch,ca410eb5ac948e3e90f67505a0e566883a15305e0fa64a90be9e146256160685,532875,fixture-p128-k1.docx,a19ccb4a6e21260c609f8f45fc6d267ac18b285362553baa3ea80c1bd75ddaa2,532882,0,174,false,421892,15070,269861,290,135721,760,532882,a19ccb4a6e21260c609f8f45fc6d267ac18b285362553baa3ea80c1bd75ddaa2,372,0,372,0,true,45,535175,535175,4,0,0,0,1,1,0,7281,1,0,true,0,367535,0,0,8490,535175,0,0,532882,0,14586,0,0,6699515,6714084,true,true,true,true,true,true,true,true,true,true,true,true,true,true
managed_paragraph_batch_perf_v1,1,replace_body_paragraph_texts,descriptive_same_fixture_alternative_api_path_no_same_api_before_after_claim,128,1,file,batch,ca410eb5ac948e3e90f67505a0e566883a15305e0fa64a90be9e146256160685,532875,fixture-p128-k1.docx,a19ccb4a6e21260c609f8f45fc6d267ac18b285362553baa3ea80c1bd75ddaa2,532882,0,175,false,431701,15030,278061,290,137350,770,532882,a19ccb4a6e21260c609f8f45fc6d267ac18b285362553baa3ea80c1bd75ddaa2,374,0,374,0,true,45,535175,535175,4,0,0,0,1,1,0,7281,1,0,true,0,367535,0,0,8490,535175,0,0,532882,0,14586,0,0,6699515,6714084,true,true,true,true,true,true,true,true,true,true,true,true,true,true
managed_paragraph_batch_perf_v1,1,replace_body_paragraph_texts,descriptive_same_fixture_alternative_api_path_no_same_api_before_after_claim,128,1,file,batch,ca410eb5ac948e3e90f67505a0e566883a15305e0fa64a90be9e146256160685,532875,fixture-p128-k1.docx,a19ccb4a6e21260c609f8f45fc6d267ac18b285362553baa3ea80c1bd75ddaa2,532882,0,176,false,430892,14730,279152,340,135710,780,532882,a19ccb4a6e21260c609f8f45fc6d267ac18b285362553baa3ea80c1bd75ddaa2,376,0,376,0,true,45,535175,535175,4,0,0,0,1,1,0,7281,1,0,true,0,367535,0,0,8490,535175,0,0,532882,0,14586,0,0,6699515,6714084,true,true,true,true,true,true,true,true,true,true,true,true,true,true
managed_paragraph_batch_perf_v1,1,replace_body_paragraph_texts,descriptive_same_fixture_alternative_api_path_no_same_api_before_after_claim,128,1,file,batch,ca410eb5ac948e3e90f67505a0e566883a15305e0fa64a90be9e146256160685,532875,fixture-p128-k1.docx,a19ccb4a6e21260c609f8f45fc6d267ac18b285362553baa3ea80c1bd75ddaa2,532882,0,177,false,429512,15140,276461,310,136581,800,532882,a19ccb4a6e21260c609f8f45fc6d267ac18b285362553baa3ea80c1bd75ddaa2,378,0,378,0,true,45,535175,535175,4,0,0,0,1,1,0,7281,1,0,true,0,367535,0,0,8490,535175,0,0,532882,0,14586,0,0,6699515,6714084,true,true,true,true,true,true,true,true,true,true,true,true,true,true
managed_paragraph_batch_perf_v1,1,replace_body_paragraph_texts,descriptive_same_fixture_alternative_api_path_no_same_api_before_after_claim,128,1,file,batch,ca410eb5ac948e3e90f67505a0e566883a15305e0fa64a90be9e146256160685,532875,fixture-p128-k1.docx,a19ccb4a6e21260c609f8f45fc6d267ac18b285362553baa3ea80c1bd75ddaa2,532882,0,178,false,428492,15050,270231,300,141951,770,532882,a19ccb4a6e21260c609f8f45fc6d267ac18b285362553baa3ea80c1bd75ddaa2,380,0,380,0,true,45,535175,535175,4,0,0,0,1,1,0,7281,1,0,true,0,367535,0,0,8490,535175,0,0,532882,0,14586,0,0,6699515,6714084,true,true,true,true,true,true,true,true,true,true,true,true,true,true
managed_paragraph_batch_perf_v1,1,replace_body_paragraph_texts,descriptive_same_fixture_alternative_api_path_no_same_api_before_after_claim,128,1,file,batch,ca410eb5ac948e3e90f67505a0e566883a15305e0fa64a90be9e146256160685,532875,fixture-p128-k1.docx,a19ccb4a6e21260c609f8f45fc6d267ac18b285362553baa3ea80c1bd75ddaa2,532882,0,179,false,421181,14900,269221,300,135790,770,532882,a19ccb4a6e21260c609f8f45fc6d267ac18b285362553baa3ea80c1bd75ddaa2,382,0,382,0,true,45,535175,535175,4,0,0,0,1,1,0,7281,1,0,true,0,367535,0,0,8490,535175,0,0,532882,0,14586,0,0,6699515,6714084,true,true,true,true,true,true,true,true,true,true,true,true,true,true
managed_paragraph_batch_perf_v1,1,replace_body_paragraph_texts,descriptive_same_fixture_alternative_api_path_no_same_api_before_after_claim,128,1,file,batch,ca410eb5ac948e3e90f67505a0e566883a15305e0fa64a90be9e146256160685,532875,fixture-p128-k1.docx,a19ccb4a6e21260c609f8f45fc6d267ac18b285362553baa3ea80c1bd75ddaa2,532882,0,180,false,421522,15090,269412,300,135770,770,532882,a19ccb4a6e21260c609f8f45fc6d267ac18b285362553baa3ea80c1bd75ddaa2,384,0,384,0,true,45,535175,535175,4,0,0,0,1,1,0,7281,1,0,true,0,367535,0,0,8490,535175,0,0,532882,0,14586,0,0,6699515,6714084,true,true,true,true,true,true,true,true,true,true,true,true,true,true
managed_paragraph_batch_perf_v1,1,replace_body_paragraph_texts,descriptive_same_fixture_alternative_api_path_no_same_api_before_after_claim,128,1,file,batch,ca410eb5ac948e3e90f67505a0e566883a15305e0fa64a90be9e146256160685,532875,fixture-p128-k1.docx,a19ccb4a6e21260c609f8f45fc6d267ac18b285362553baa3ea80c1bd75ddaa2,532882,0,181,false,422432,15100,269901,320,136161,750,532882,a19ccb4a6e21260c609f8f45fc6d267ac18b285362553baa3ea80c1bd75ddaa2,386,0,386,0,true,45,535175,535175,4,0,0,0,1,1,0,7281,1,0,true,0,367535,0,0,8490,535175,0,0,532882,0,14586,0,0,6699515,6714084,true,true,true,true,true,true,true,true,true,true,true,true,true,true
managed_paragraph_batch_perf_v1,1,replace_body_paragraph_texts,descriptive_same_fixture_alternative_api_path_no_same_api_before_after_claim,128,1,file,batch,ca410eb5ac948e3e90f67505a0e566883a15305e0fa64a90be9e146256160685,532875,fixture-p128-k1.docx,a19ccb4a6e21260c609f8f45fc6d267ac18b285362553baa3ea80c1bd75ddaa2,532882,0,182,false,425492,14710,269641,360,139841,750,532882,a19ccb4a6e21260c609f8f45fc6d267ac18b285362553baa3ea80c1bd75ddaa2,388,0,388,0,true,45,535175,535175,4,0,0,0,1,1,0,7281,1,0,true,0,367535,0,0,8490,535175,0,0,532882,0,14586,0,0,6699515,6714084,true,true,true,true,true,true,true,true,true,true,true,true,true,true
managed_paragraph_batch_perf_v1,1,replace_body_paragraph_texts,descriptive_same_fixture_alternative_api_path_no_same_api_before_after_claim,128,1,file,batch,ca410eb5ac948e3e90f67505a0e566883a15305e0fa64a90be9e146256160685,532875,fixture-p128-k1.docx,a19ccb4a6e21260c609f8f45fc6d267ac18b285362553baa3ea80c1bd75ddaa2,532882,0,183,false,431832,14920,278401,320,137220,791,532882,a19ccb4a6e21260c609f8f45fc6d267ac18b285362553baa3ea80c1bd75ddaa2,390,0,390,0,true,45,535175,535175,4,0,0,0,1,1,0,7281,1,0,true,0,367535,0,0,8490,535175,0,0,532882,0,14586,0,0,6699515,6714084,true,true,true,true,true,true,true,true,true,true,true,true,true,true
managed_paragraph_batch_perf_v1,1,replace_body_paragraph_texts,descriptive_same_fixture_alternative_api_path_no_same_api_before_after_claim,128,1,file,batch,ca410eb5ac948e3e90f67505a0e566883a15305e0fa64a90be9e146256160685,532875,fixture-p128-k1.docx,a19ccb4a6e21260c609f8f45fc6d267ac18b285362553baa3ea80c1bd75ddaa2,532882,0,184,false,428922,14880,276912,310,135860,770,532882,a19ccb4a6e21260c609f8f45fc6d267ac18b285362553baa3ea80c1bd75ddaa2,392,0,392,0,true,45,535175,535175,4,0,0,0,1,1,0,7281,1,0,true,0,367535,0,0,8490,535175,0,0,532882,0,14586,0,0,6699515,6714084,true,true,true,true,true,true,true,true,true,true,true,true,true,true
managed_paragraph_batch_perf_v1,1,replace_body_paragraph_texts,descriptive_same_fixture_alternative_api_path_no_same_api_before_after_claim,128,1,file,batch,ca410eb5ac948e3e90f67505a0e566883a15305e0fa64a90be9e146256160685,532875,fixture-p128-k1.docx,a19ccb4a6e21260c609f8f45fc6d267ac18b285362553baa3ea80c1bd75ddaa2,532882,0,185,false,431992,15300,279731,300,135681,790,532882,a19ccb4a6e21260c609f8f45fc6d267ac18b285362553baa3ea80c1bd75ddaa2,394,0,394,0,true,45,535175,535175,4,0,0,0,1,1,0,7281,1,0,true,0,367535,0,0,8490,535175,0,0,532882,0,14586,0,0,6699515,6714084,true,true,true,true,true,true,true,true,true,true,true,true,true,true
managed_paragraph_batch_perf_v1,1,replace_body_paragraph_texts,descriptive_same_fixture_alternative_api_path_no_same_api_before_after_claim,128,1,file,batch,ca410eb5ac948e3e90f67505a0e566883a15305e0fa64a90be9e146256160685,532875,fixture-p128-k1.docx,a19ccb4a6e21260c609f8f45fc6d267ac18b285362553baa3ea80c1bd75ddaa2,532882,0,186,false,433682,15050,273521,300,143871,760,532882,a19ccb4a6e21260c609f8f45fc6d267ac18b285362553baa3ea80c1bd75ddaa2,396,0,396,0,true,45,535175,535175,4,0,0,0,1,1,0,7281,1,0,true,0,367535,0,0,8490,535175,0,0,532882,0,14586,0,0,6699515,6714084,true,true,true,true,true,true,true,true,true,true,true,true,true,true
managed_paragraph_batch_perf_v1,1,replace_body_paragraph_texts,descriptive_same_fixture_alternative_api_path_no_same_api_before_after_claim,128,1,file,batch,ca410eb5ac948e3e90f67505a0e566883a15305e0fa64a90be9e146256160685,532875,fixture-p128-k1.docx,a19ccb4a6e21260c609f8f45fc6d267ac18b285362553baa3ea80c1bd75ddaa2,532882,0,187,false,431742,18670,276391,290,135431,770,532882,a19ccb4a6e21260c609f8f45fc6d267ac18b285362553baa3ea80c1bd75ddaa2,398,0,398,0,true,45,535175,535175,4,0,0,0,1,1,0,7281,1,0,true,0,367535,0,0,8490,535175,0,0,532882,0,14586,0,0,6699515,6714084,true,true,true,true,true,true,true,true,true,true,true,true,true,true
managed_paragraph_batch_perf_v1,1,replace_body_paragraph_texts,descriptive_same_fixture_alternative_api_path_no_same_api_before_after_claim,128,1,file,batch,ca410eb5ac948e3e90f67505a0e566883a15305e0fa64a90be9e146256160685,532875,fixture-p128-k1.docx,a19ccb4a6e21260c609f8f45fc6d267ac18b285362553baa3ea80c1bd75ddaa2,532882,0,188,false,422471,14810,271331,300,134990,770,532882,a19ccb4a6e21260c609f8f45fc6d267ac18b285362553baa3ea80c1bd75ddaa2,400,0,400,0,true,45,535175,535175,4,0,0,0,1,1,0,7281,1,0,true,0,367535,0,0,8490,535175,0,0,532882,0,14586,0,0,6699515,6714084,true,true,true,true,true,true,true,true,true,true,true,true,true,true
managed_paragraph_batch_perf_v1,1,replace_body_paragraph_texts,descriptive_same_fixture_alternative_api_path_no_same_api_before_after_claim,128,1,file,batch,ca410eb5ac948e3e90f67505a0e566883a15305e0fa64a90be9e146256160685,532875,fixture-p128-k1.docx,a19ccb4a6e21260c609f8f45fc6d267ac18b285362553baa3ea80c1bd75ddaa2,532882,0,189,false,420372,15050,269062,300,135010,770,532882,a19ccb4a6e21260c609f8f45fc6d267ac18b285362553baa3ea80c1bd75ddaa2,402,0,402,0,true,45,535175,535175,4,0,0,0,1,1,0,7281,1,0,true,0,367535,0,0,8490,535175,0,0,532882,0,14586,0,0,6699515,6714084,true,true,true,true,true,true,true,true,true,true,true,true,true,true
managed_paragraph_batch_perf_v1,1,replace_body_paragraph_texts,descriptive_same_fixture_alternative_api_path_no_same_api_before_after_claim,128,1,file,batch,ca410eb5ac948e3e90f67505a0e566883a15305e0fa64a90be9e146256160685,532875,fixture-p128-k1.docx,a19ccb4a6e21260c609f8f45fc6d267ac18b285362553baa3ea80c1bd75ddaa2,532882,0,190,false,423112,15170,270241,330,136431,770,532882,a19ccb4a6e21260c609f8f45fc6d267ac18b285362553baa3ea80c1bd75ddaa2,404,0,404,0,true,45,535175,535175,4,0,0,0,1,1,0,7281,1,0,true,0,367535,0,0,8490,535175,0,0,532882,0,14586,0,0,6699515,6714084,true,true,true,true,true,true,true,true,true,true,true,true,true,true
managed_paragraph_batch_perf_v1,1,replace_body_paragraph_texts,descriptive_same_fixture_alternative_api_path_no_same_api_before_after_claim,128,1,file,batch,ca410eb5ac948e3e90f67505a0e566883a15305e0fa64a90be9e146256160685,532875,fixture-p128-k1.docx,a19ccb4a6e21260c609f8f45fc6d267ac18b285362553baa3ea80c1bd75ddaa2,532882,0,191,false,432552,15170,279961,300,136131,790,532882,a19ccb4a6e21260c609f8f45fc6d267ac18b285362553baa3ea80c1bd75ddaa2,406,0,406,0,true,45,535175,535175,4,0,0,0,1,1,0,7281,1,0,true,0,367535,0,0,8490,535175,0,0,532882,0,14586,0,0,6699515,6714084,true,true,true,true,true,true,true,true,true,true,true,true,true,true
managed_paragraph_batch_perf_v1,1,replace_body_paragraph_texts,descriptive_same_fixture_alternative_api_path_no_same_api_before_after_claim,128,1,file,batch,ca410eb5ac948e3e90f67505a0e566883a15305e0fa64a90be9e146256160685,532875,fixture-p128-k1.docx,a19ccb4a6e21260c609f8f45fc6d267ac18b285362553baa3ea80c1bd75ddaa2,532882,0,192,false,432832,15030,278021,290,138531,770,532882,a19ccb4a6e21260c609f8f45fc6d267ac18b285362553baa3ea80c1bd75ddaa2,408,0,408,0,true,45,535175,535175,4,0,0,0,1,1,0,7281,1,0,true,0,367535,0,0,8490,535175,0,0,532882,0,14586,0,0,6699515,6714084,true,true,true,true,true,true,true,true,true,true,true,true,true,true
managed_paragraph_batch_perf_v1,1,replace_body_paragraph_texts,descriptive_same_fixture_alternative_api_path_no_same_api_before_after_claim,128,1,file,batch,ca410eb5ac948e3e90f67505a0e566883a15305e0fa64a90be9e146256160685,532875,fixture-p128-k1.docx,a19ccb4a6e21260c609f8f45fc6d267ac18b285362553baa3ea80c1bd75ddaa2,532882,0,193,false,431092,14851,278561,330,136400,770,532882,a19ccb4a6e21260c609f8f45fc6d267ac18b285362553baa3ea80c1bd75ddaa2,410,0,410,0,true,45,535175,535175,4,0,0,0,1,1,0,7281,1,0,true,0,367535,0,0,8490,535175,0,0,532882,0,14586,0,0,6699515,6714084,true,true,true,true,true,true,true,true,true,true,true,true,true,true
managed_paragraph_batch_perf_v1,1,replace_body_paragraph_texts,descriptive_same_fixture_alternative_api_path_no_same_api_before_after_claim,128,1,file,batch,ca410eb5ac948e3e90f67505a0e566883a15305e0fa64a90be9e146256160685,532875,fixture-p128-k1.docx,a19ccb4a6e21260c609f8f45fc6d267ac18b285362553baa3ea80c1bd75ddaa2,532882,0,194,false,430622,15180,272131,310,142011,800,532882,a19ccb4a6e21260c609f8f45fc6d267ac18b285362553baa3ea80c1bd75ddaa2,412,0,412,0,true,45,535175,535175,4,0,0,0,1,1,0,7281,1,0,true,0,367535,0,0,8490,535175,0,0,532882,0,14586,0,0,6699515,6714084,true,true,true,true,true,true,true,true,true,true,true,true,true,true
managed_paragraph_batch_perf_v1,1,replace_body_paragraph_texts,descriptive_same_fixture_alternative_api_path_no_same_api_before_after_claim,128,1,file,batch,ca410eb5ac948e3e90f67505a0e566883a15305e0fa64a90be9e146256160685,532875,fixture-p128-k1.docx,a19ccb4a6e21260c609f8f45fc6d267ac18b285362553baa3ea80c1bd75ddaa2,532882,0,195,false,422852,15270,270811,310,135501,760,532882,a19ccb4a6e21260c609f8f45fc6d267ac18b285362553baa3ea80c1bd75ddaa2,414,0,414,0,true,45,535175,535175,4,0,0,0,1,1,0,7281,1,0,true,0,367535,0,0,8490,535175,0,0,532882,0,14586,0,0,6699515,6714084,true,true,true,true,true,true,true,true,true,true,true,true,true,true
managed_paragraph_batch_perf_v1,1,replace_body_paragraph_texts,descriptive_same_fixture_alternative_api_path_no_same_api_before_after_claim,128,1,file,batch,ca410eb5ac948e3e90f67505a0e566883a15305e0fa64a90be9e146256160685,532875,fixture-p128-k1.docx,a19ccb4a6e21260c609f8f45fc6d267ac18b285362553baa3ea80c1bd75ddaa2,532882,0,196,false,423852,14760,272051,310,135791,760,532882,a19ccb4a6e21260c609f8f45fc6d267ac18b285362553baa3ea80c1bd75ddaa2,416,0,416,0,true,45,535175,535175,4,0,0,0,1,1,0,7281,1,0,true,0,367535,0,0,8490,535175,0,0,532882,0,14586,0,0,6699515,6714084,true,true,true,true,true,true,true,true,true,true,true,true,true,true
managed_paragraph_batch_perf_v1,1,replace_body_paragraph_texts,descriptive_same_fixture_alternative_api_path_no_same_api_before_after_claim,128,1,file,batch,ca410eb5ac948e3e90f67505a0e566883a15305e0fa64a90be9e146256160685,532875,fixture-p128-k1.docx,a19ccb4a6e21260c609f8f45fc6d267ac18b285362553baa3ea80c1bd75ddaa2,532882,0,197,false,421972,15311,270101,310,135320,760,532882,a19ccb4a6e21260c609f8f45fc6d267ac18b285362553baa3ea80c1bd75ddaa2,418,0,418,0,true,45,535175,535175,4,0,0,0,1,1,0,7281,1,0,true,0,367535,0,0,8490,535175,0,0,532882,0,14586,0,0,6699515,6714084,true,true,true,true,true,true,true,true,true,true,true,true,true,true
managed_paragraph_batch_perf_v1,1,replace_body_paragraph_texts,descriptive_same_fixture_alternative_api_path_no_same_api_before_after_claim,128,1,file,batch,ca410eb5ac948e3e90f67505a0e566883a15305e0fa64a90be9e146256160685,532875,fixture-p128-k1.docx,a19ccb4a6e21260c609f8f45fc6d267ac18b285362553baa3ea80c1bd75ddaa2,532882,0,198,false,420522,15440,268412,330,135380,760,532882,a19ccb4a6e21260c609f8f45fc6d267ac18b285362553baa3ea80c1bd75ddaa2,420,0,420,0,true,45,535175,535175,4,0,0,0,1,1,0,7281,1,0,true,0,367535,0,0,8490,535175,0,0,532882,0,14586,0,0,6699515,6714084,true,true,true,true,true,true,true,true,true,true,true,true,true,true
managed_paragraph_batch_perf_v1,1,replace_body_paragraph_texts,descriptive_same_fixture_alternative_api_path_no_same_api_before_after_claim,128,1,file,batch,ca410eb5ac948e3e90f67505a0e566883a15305e0fa64a90be9e146256160685,532875,fixture-p128-k1.docx,a19ccb4a6e21260c609f8f45fc6d267ac18b285362553baa3ea80c1bd75ddaa2,532882,0,199,false,426392,22670,268051,300,134421,750,532882,a19ccb4a6e21260c609f8f45fc6d267ac18b285362553baa3ea80c1bd75ddaa2,422,0,422,0,true,45,535175,535175,4,0,0,0,1,1,0,7281,1,0,true,0,367535,0,0,8490,535175,0,0,532882,0,14586,0,0,6699515,6714084,true,true,true,true,true,true,true,true,true,true,true,true,true,true
