schema,version,api_path,comparison_scope,paragraphs,replacements,source,mode,fixture_sha256,fixture_bytes,fixture_name,expected_output_sha256,expected_output_bytes,repeat,ordinal,warmup,elapsed_ns,open_ns,edit_ns,commit_ns,publish_ns,drop_ns,output_bytes,output_sha256,source_version_before_id,source_version_before_revision,source_version_after_id,source_version_after_revision,source_version_unchanged,source_read_calls,source_requested_bytes,source_returned_bytes,source_zero_length_calls,cache_before_cold_loads,cache_before_successful_loads,cache_before_hits,cache_live_cold_loads,cache_live_successful_loads,cache_live_hits,cache_live_retained_bytes,cache_live_retained_entries,cache_live_in_flight_loads,budget_managed,budget_before_memory,budget_live_memory,budget_after_memory,budget_before_input,budget_live_input,budget_after_input,budget_before_output,budget_live_output,budget_after_output,budget_before_objects,budget_live_objects,budget_after_objects,budget_before_work,budget_live_work,budget_after_work,memory_released,objects_released,input_monotonic,work_monotonic,semantic_ok,raw_untouched_ok,raw_untouched_member_payloads_ok,output_exact_ok,managed_preflight_forward_ok,managed_preflight_inverse_ok,forward_ok,inverse_ok,unmanaged_preflight_forward_ok,unmanaged_preflight_inverse_ok
managed_paragraph_batch_perf_v1,1,replace_body_paragraph_texts,descriptive_same_fixture_alternative_api_path_no_same_api_before_after_claim,128,1,file,batch,ca410eb5ac948e3e90f67505a0e566883a15305e0fa64a90be9e146256160685,532875,fixture-p128-k1.docx,a19ccb4a6e21260c609f8f45fc6d267ac18b285362553baa3ea80c1bd75ddaa2,532882,0,0,true,379331,22410,275941,490,79140,930,532882,a19ccb4a6e21260c609f8f45fc6d267ac18b285362553baa3ea80c1bd75ddaa2,4,0,4,0,true,45,535175,535175,4,0,0,0,1,1,0,7281,1,0,true,0,367535,0,0,8490,535175,0,0,532882,0,14586,0,0,6699515,6714084,true,true,true,true,true,true,true,true,true,true,true,true,true,true
managed_paragraph_batch_perf_v1,1,replace_body_paragraph_texts,descriptive_same_fixture_alternative_api_path_no_same_api_before_after_claim,128,1,file,batch,ca410eb5ac948e3e90f67505a0e566883a15305e0fa64a90be9e146256160685,532875,fixture-p128-k1.docx,a19ccb4a6e21260c609f8f45fc6d267ac18b285362553baa3ea80c1bd75ddaa2,532882,0,1,true,398931,16790,276321,440,104280,770,532882,a19ccb4a6e21260c609f8f45fc6d267ac18b285362553baa3ea80c1bd75ddaa2,6,0,6,0,true,45,535175,535175,4,0,0,0,1,1,0,7281,1,0,true,0,367535,0,0,8490,535175,0,0,532882,0,14586,0,0,6699515,6714084,true,true,true,true,true,true,true,true,true,true,true,true,true,true
managed_paragraph_batch_perf_v1,1,replace_body_paragraph_texts,descriptive_same_fixture_alternative_api_path_no_same_api_before_after_claim,128,1,file,batch,ca410eb5ac948e3e90f67505a0e566883a15305e0fa64a90be9e146256160685,532875,fixture-p128-k1.docx,a19ccb4a6e21260c609f8f45fc6d267ac18b285362553baa3ea80c1bd75ddaa2,532882,0,2,true,398612,24340,274762,370,97930,910,532882,a19ccb4a6e21260c609f8f45fc6d267ac18b285362553baa3ea80c1bd75ddaa2,8,0,8,0,true,45,535175,535175,4,0,0,0,1,1,0,7281,1,0,true,0,367535,0,0,8490,535175,0,0,532882,0,14586,0,0,6699515,6714084,true,true,true,true,true,true,true,true,true,true,true,true,true,true
managed_paragraph_batch_perf_v1,1,replace_body_paragraph_texts,descriptive_same_fixture_alternative_api_path_no_same_api_before_after_claim,128,1,file,batch,ca410eb5ac948e3e90f67505a0e566883a15305e0fa64a90be9e146256160685,532875,fixture-p128-k1.docx,a19ccb4a6e21260c609f8f45fc6d267ac18b285362553baa3ea80c1bd75ddaa2,532882,0,3,true,394202,15620,279241,310,98041,790,532882,a19ccb4a6e21260c609f8f45fc6d267ac18b285362553baa3ea80c1bd75ddaa2,10,0,10,0,true,45,535175,535175,4,0,0,0,1,1,0,7281,1,0,true,0,367535,0,0,8490,535175,0,0,532882,0,14586,0,0,6699515,6714084,true,true,true,true,true,true,true,true,true,true,true,true,true,true
managed_paragraph_batch_perf_v1,1,replace_body_paragraph_texts,descriptive_same_fixture_alternative_api_path_no_same_api_before_after_claim,128,1,file,batch,ca410eb5ac948e3e90f67505a0e566883a15305e0fa64a90be9e146256160685,532875,fixture-p128-k1.docx,a19ccb4a6e21260c609f8f45fc6d267ac18b285362553baa3ea80c1bd75ddaa2,532882,0,4,true,387031,15470,273681,360,96550,770,532882,a19ccb4a6e21260c609f8f45fc6d267ac18b285362553baa3ea80c1bd75ddaa2,12,0,12,0,true,45,535175,535175,4,0,0,0,1,1,0,7281,1,0,true,0,367535,0,0,8490,535175,0,0,532882,0,14586,0,0,6699515,6714084,true,true,true,true,true,true,true,true,true,true,true,true,true,true
managed_paragraph_batch_perf_v1,1,replace_body_paragraph_texts,descriptive_same_fixture_alternative_api_path_no_same_api_before_after_claim,128,1,file,batch,ca410eb5ac948e3e90f67505a0e566883a15305e0fa64a90be9e146256160685,532875,fixture-p128-k1.docx,a19ccb4a6e21260c609f8f45fc6d267ac18b285362553baa3ea80c1bd75ddaa2,532882,0,5,true,360432,15230,271901,340,72041,730,532882,a19ccb4a6e21260c609f8f45fc6d267ac18b285362553baa3ea80c1bd75ddaa2,14,0,14,0,true,45,535175,535175,4,0,0,0,1,1,0,7281,1,0,true,0,367535,0,0,8490,535175,0,0,532882,0,14586,0,0,6699515,6714084,true,true,true,true,true,true,true,true,true,true,true,true,true,true
managed_paragraph_batch_perf_v1,1,replace_body_paragraph_texts,descriptive_same_fixture_alternative_api_path_no_same_api_before_after_claim,128,1,file,batch,ca410eb5ac948e3e90f67505a0e566883a15305e0fa64a90be9e146256160685,532875,fixture-p128-k1.docx,a19ccb4a6e21260c609f8f45fc6d267ac18b285362553baa3ea80c1bd75ddaa2,532882,0,6,true,364511,15220,275801,330,72060,790,532882,a19ccb4a6e21260c609f8f45fc6d267ac18b285362553baa3ea80c1bd75ddaa2,16,0,16,0,true,45,535175,535175,4,0,0,0,1,1,0,7281,1,0,true,0,367535,0,0,8490,535175,0,0,532882,0,14586,0,0,6699515,6714084,true,true,true,true,true,true,true,true,true,true,true,true,true,true
managed_paragraph_batch_perf_v1,1,replace_body_paragraph_texts,descriptive_same_fixture_alternative_api_path_no_same_api_before_after_claim,128,1,file,batch,ca410eb5ac948e3e90f67505a0e566883a15305e0fa64a90be9e146256160685,532875,fixture-p128-k1.docx,a19ccb4a6e21260c609f8f45fc6d267ac18b285362553baa3ea80c1bd75ddaa2,532882,0,7,true,362492,15090,273701,320,72231,740,532882,a19ccb4a6e21260c609f8f45fc6d267ac18b285362553baa3ea80c1bd75ddaa2,18,0,18,0,true,45,535175,535175,4,0,0,0,1,1,0,7281,1,0,true,0,367535,0,0,8490,535175,0,0,532882,0,14586,0,0,6699515,6714084,true,true,true,true,true,true,true,true,true,true,true,true,true,true
managed_paragraph_batch_perf_v1,1,replace_body_paragraph_texts,descriptive_same_fixture_alternative_api_path_no_same_api_before_after_claim,128,1,file,batch,ca410eb5ac948e3e90f67505a0e566883a15305e0fa64a90be9e146256160685,532875,fixture-p128-k1.docx,a19ccb4a6e21260c609f8f45fc6d267ac18b285362553baa3ea80c1bd75ddaa2,532882,0,8,true,369442,14870,281122,280,72210,760,532882,a19ccb4a6e21260c609f8f45fc6d267ac18b285362553baa3ea80c1bd75ddaa2,20,0,20,0,true,45,535175,535175,4,0,0,0,1,1,0,7281,1,0,true,0,367535,0,0,8490,535175,0,0,532882,0,14586,0,0,6699515,6714084,true,true,true,true,true,true,true,true,true,true,true,true,true,true
managed_paragraph_batch_perf_v1,1,replace_body_paragraph_texts,descriptive_same_fixture_alternative_api_path_no_same_api_before_after_claim,128,1,file,batch,ca410eb5ac948e3e90f67505a0e566883a15305e0fa64a90be9e146256160685,532875,fixture-p128-k1.docx,a19ccb4a6e21260c609f8f45fc6d267ac18b285362553baa3ea80c1bd75ddaa2,532882,0,9,true,368082,15190,279091,360,72451,800,532882,a19ccb4a6e21260c609f8f45fc6d267ac18b285362553baa3ea80c1bd75ddaa2,22,0,22,0,true,45,535175,535175,4,0,0,0,1,1,0,7281,1,0,true,0,367535,0,0,8490,535175,0,0,532882,0,14586,0,0,6699515,6714084,true,true,true,true,true,true,true,true,true,true,true,true,true,true
managed_paragraph_batch_perf_v1,1,replace_body_paragraph_texts,descriptive_same_fixture_alternative_api_path_no_same_api_before_after_claim,128,1,file,batch,ca410eb5ac948e3e90f67505a0e566883a15305e0fa64a90be9e146256160685,532875,fixture-p128-k1.docx,a19ccb4a6e21260c609f8f45fc6d267ac18b285362553baa3ea80c1bd75ddaa2,532882,0,0,false,360261,15380,271951,290,71600,850,532882,a19ccb4a6e21260c609f8f45fc6d267ac18b285362553baa3ea80c1bd75ddaa2,24,0,24,0,true,45,535175,535175,4,0,0,0,1,1,0,7281,1,0,true,0,367535,0,0,8490,535175,0,0,532882,0,14586,0,0,6699515,6714084,true,true,true,true,true,true,true,true,true,true,true,true,true,true
managed_paragraph_batch_perf_v1,1,replace_body_paragraph_texts,descriptive_same_fixture_alternative_api_path_no_same_api_before_after_claim,128,1,file,batch,ca410eb5ac948e3e90f67505a0e566883a15305e0fa64a90be9e146256160685,532875,fixture-p128-k1.docx,a19ccb4a6e21260c609f8f45fc6d267ac18b285362553baa3ea80c1bd75ddaa2,532882,0,1,false,364522,15060,275871,290,72081,800,532882,a19ccb4a6e21260c609f8f45fc6d267ac18b285362553baa3ea80c1bd75ddaa2,26,0,26,0,true,45,535175,535175,4,0,0,0,1,1,0,7281,1,0,true,0,367535,0,0,8490,535175,0,0,532882,0,14586,0,0,6699515,6714084,true,true,true,true,true,true,true,true,true,true,true,true,true,true
managed_paragraph_batch_perf_v1,1,replace_body_paragraph_texts,descriptive_same_fixture_alternative_api_path_no_same_api_before_after_claim,128,1,file,batch,ca410eb5ac948e3e90f67505a0e566883a15305e0fa64a90be9e146256160685,532875,fixture-p128-k1.docx,a19ccb4a6e21260c609f8f45fc6d267ac18b285362553baa3ea80c1bd75ddaa2,532882,0,2,false,359112,15211,270711,360,71670,890,532882,a19ccb4a6e21260c609f8f45fc6d267ac18b285362553baa3ea80c1bd75ddaa2,28,0,28,0,true,45,535175,535175,4,0,0,0,1,1,0,7281,1,0,true,0,367535,0,0,8490,535175,0,0,532882,0,14586,0,0,6699515,6714084,true,true,true,true,true,true,true,true,true,true,true,true,true,true
managed_paragraph_batch_perf_v1,1,replace_body_paragraph_texts,descriptive_same_fixture_alternative_api_path_no_same_api_before_after_claim,128,1,file,batch,ca410eb5ac948e3e90f67505a0e566883a15305e0fa64a90be9e146256160685,532875,fixture-p128-k1.docx,a19ccb4a6e21260c609f8f45fc6d267ac18b285362553baa3ea80c1bd75ddaa2,532882,0,3,false,368141,15040,279901,280,71880,830,532882,a19ccb4a6e21260c609f8f45fc6d267ac18b285362553baa3ea80c1bd75ddaa2,30,0,30,0,true,45,535175,535175,4,0,0,0,1,1,0,7281,1,0,true,0,367535,0,0,8490,535175,0,0,532882,0,14586,0,0,6699515,6714084,true,true,true,true,true,true,true,true,true,true,true,true,true,true
managed_paragraph_batch_perf_v1,1,replace_body_paragraph_texts,descriptive_same_fixture_alternative_api_path_no_same_api_before_after_claim,128,1,file,batch,ca410eb5ac948e3e90f67505a0e566883a15305e0fa64a90be9e146256160685,532875,fixture-p128-k1.docx,a19ccb4a6e21260c609f8f45fc6d267ac18b285362553baa3ea80c1bd75ddaa2,532882,0,4,false,369552,15350,281882,290,71070,770,532882,a19ccb4a6e21260c609f8f45fc6d267ac18b285362553baa3ea80c1bd75ddaa2,32,0,32,0,true,45,535175,535175,4,0,0,0,1,1,0,7281,1,0,true,0,367535,0,0,8490,535175,0,0,532882,0,14586,0,0,6699515,6714084,true,true,true,true,true,true,true,true,true,true,true,true,true,true
managed_paragraph_batch_perf_v1,1,replace_body_paragraph_texts,descriptive_same_fixture_alternative_api_path_no_same_api_before_after_claim,128,1,file,batch,ca410eb5ac948e3e90f67505a0e566883a15305e0fa64a90be9e146256160685,532875,fixture-p128-k1.docx,a19ccb4a6e21260c609f8f45fc6d267ac18b285362553baa3ea80c1bd75ddaa2,532882,0,5,false,359721,15300,272571,300,70600,770,532882,a19ccb4a6e21260c609f8f45fc6d267ac18b285362553baa3ea80c1bd75ddaa2,34,0,34,0,true,45,535175,535175,4,0,0,0,1,1,0,7281,1,0,true,0,367535,0,0,8490,535175,0,0,532882,0,14586,0,0,6699515,6714084,true,true,true,true,true,true,true,true,true,true,true,true,true,true
managed_paragraph_batch_perf_v1,1,replace_body_paragraph_texts,descriptive_same_fixture_alternative_api_path_no_same_api_before_after_claim,128,1,file,batch,ca410eb5ac948e3e90f67505a0e566883a15305e0fa64a90be9e146256160685,532875,fixture-p128-k1.docx,a19ccb4a6e21260c609f8f45fc6d267ac18b285362553baa3ea80c1bd75ddaa2,532882,0,6,false,365722,15090,277772,320,71320,810,532882,a19ccb4a6e21260c609f8f45fc6d267ac18b285362553baa3ea80c1bd75ddaa2,36,0,36,0,true,45,535175,535175,4,0,0,0,1,1,0,7281,1,0,true,0,367535,0,0,8490,535175,0,0,532882,0,14586,0,0,6699515,6714084,true,true,true,true,true,true,true,true,true,true,true,true,true,true
managed_paragraph_batch_perf_v1,1,replace_body_paragraph_texts,descriptive_same_fixture_alternative_api_path_no_same_api_before_after_claim,128,1,file,batch,ca410eb5ac948e3e90f67505a0e566883a15305e0fa64a90be9e146256160685,532875,fixture-p128-k1.docx,a19ccb4a6e21260c609f8f45fc6d267ac18b285362553baa3ea80c1bd75ddaa2,532882,0,7,false,359461,14840,272921,320,70280,790,532882,a19ccb4a6e21260c609f8f45fc6d267ac18b285362553baa3ea80c1bd75ddaa2,38,0,38,0,true,45,535175,535175,4,0,0,0,1,1,0,7281,1,0,true,0,367535,0,0,8490,535175,0,0,532882,0,14586,0,0,6699515,6714084,true,true,true,true,true,true,true,true,true,true,true,true,true,true
managed_paragraph_batch_perf_v1,1,replace_body_paragraph_texts,descriptive_same_fixture_alternative_api_path_no_same_api_before_after_claim,128,1,file,batch,ca410eb5ac948e3e90f67505a0e566883a15305e0fa64a90be9e146256160685,532875,fixture-p128-k1.docx,a19ccb4a6e21260c609f8f45fc6d267ac18b285362553baa3ea80c1bd75ddaa2,532882,0,8,false,367872,22850,272552,310,71160,800,532882,a19ccb4a6e21260c609f8f45fc6d267ac18b285362553baa3ea80c1bd75ddaa2,40,0,40,0,true,45,535175,535175,4,0,0,0,1,1,0,7281,1,0,true,0,367535,0,0,8490,535175,0,0,532882,0,14586,0,0,6699515,6714084,true,true,true,true,true,true,true,true,true,true,true,true,true,true
managed_paragraph_batch_perf_v1,1,replace_body_paragraph_texts,descriptive_same_fixture_alternative_api_path_no_same_api_before_after_claim,128,1,file,batch,ca410eb5ac948e3e90f67505a0e566883a15305e0fa64a90be9e146256160685,532875,fixture-p128-k1.docx,a19ccb4a6e21260c609f8f45fc6d267ac18b285362553baa3ea80c1bd75ddaa2,532882,0,9,false,367471,15030,279711,320,71450,740,532882,a19ccb4a6e21260c609f8f45fc6d267ac18b285362553baa3ea80c1bd75ddaa2,42,0,42,0,true,45,535175,535175,4,0,0,0,1,1,0,7281,1,0,true,0,367535,0,0,8490,535175,0,0,532882,0,14586,0,0,6699515,6714084,true,true,true,true,true,true,true,true,true,true,true,true,true,true
managed_paragraph_batch_perf_v1,1,replace_body_paragraph_texts,descriptive_same_fixture_alternative_api_path_no_same_api_before_after_claim,128,1,file,batch,ca410eb5ac948e3e90f67505a0e566883a15305e0fa64a90be9e146256160685,532875,fixture-p128-k1.docx,a19ccb4a6e21260c609f8f45fc6d267ac18b285362553baa3ea80c1bd75ddaa2,532882,0,10,false,357842,14810,271231,320,70531,750,532882,a19ccb4a6e21260c609f8f45fc6d267ac18b285362553baa3ea80c1bd75ddaa2,44,0,44,0,true,45,535175,535175,4,0,0,0,1,1,0,7281,1,0,true,0,367535,0,0,8490,535175,0,0,532882,0,14586,0,0,6699515,6714084,true,true,true,true,true,true,true,true,true,true,true,true,true,true
managed_paragraph_batch_perf_v1,1,replace_body_paragraph_texts,descriptive_same_fixture_alternative_api_path_no_same_api_before_after_claim,128,1,file,batch,ca410eb5ac948e3e90f67505a0e566883a15305e0fa64a90be9e146256160685,532875,fixture-p128-k1.docx,a19ccb4a6e21260c609f8f45fc6d267ac18b285362553baa3ea80c1bd75ddaa2,532882,0,11,false,362541,15290,275051,330,70910,750,532882,a19ccb4a6e21260c609f8f45fc6d267ac18b285362553baa3ea80c1bd75ddaa2,46,0,46,0,true,45,535175,535175,4,0,0,0,1,1,0,7281,1,0,true,0,367535,0,0,8490,535175,0,0,532882,0,14586,0,0,6699515,6714084,true,true,true,true,true,true,true,true,true,true,true,true,true,true
managed_paragraph_batch_perf_v1,1,replace_body_paragraph_texts,descriptive_same_fixture_alternative_api_path_no_same_api_before_after_claim,128,1,file,batch,ca410eb5ac948e3e90f67505a0e566883a15305e0fa64a90be9e146256160685,532875,fixture-p128-k1.docx,a19ccb4a6e21260c609f8f45fc6d267ac18b285362553baa3ea80c1bd75ddaa2,532882,0,12,false,356342,14940,269391,330,70691,800,532882,a19ccb4a6e21260c609f8f45fc6d267ac18b285362553baa3ea80c1bd75ddaa2,48,0,48,0,true,45,535175,535175,4,0,0,0,1,1,0,7281,1,0,true,0,367535,0,0,8490,535175,0,0,532882,0,14586,0,0,6699515,6714084,true,true,true,true,true,true,true,true,true,true,true,true,true,true
managed_paragraph_batch_perf_v1,1,replace_body_paragraph_texts,descriptive_same_fixture_alternative_api_path_no_same_api_before_after_claim,128,1,file,batch,ca410eb5ac948e3e90f67505a0e566883a15305e0fa64a90be9e146256160685,532875,fixture-p128-k1.docx,a19ccb4a6e21260c609f8f45fc6d267ac18b285362553baa3ea80c1bd75ddaa2,532882,0,13,false,359071,14870,271981,320,70980,740,532882,a19ccb4a6e21260c609f8f45fc6d267ac18b285362553baa3ea80c1bd75ddaa2,50,0,50,0,true,45,535175,535175,4,0,0,0,1,1,0,7281,1,0,true,0,367535,0,0,8490,535175,0,0,532882,0,14586,0,0,6699515,6714084,true,true,true,true,true,true,true,true,true,true,true,true,true,true
managed_paragraph_batch_perf_v1,1,replace_body_paragraph_texts,descriptive_same_fixture_alternative_api_path_no_same_api_before_after_claim,128,1,file,batch,ca410eb5ac948e3e90f67505a0e566883a15305e0fa64a90be9e146256160685,532875,fixture-p128-k1.docx,a19ccb4a6e21260c609f8f45fc6d267ac18b285362553baa3ea80c1bd75ddaa2,532882,0,14,false,363612,14990,276421,310,70911,780,532882,a19ccb4a6e21260c609f8f45fc6d267ac18b285362553baa3ea80c1bd75ddaa2,52,0,52,0,true,45,535175,535175,4,0,0,0,1,1,0,7281,1,0,true,0,367535,0,0,8490,535175,0,0,532882,0,14586,0,0,6699515,6714084,true,true,true,true,true,true,true,true,true,true,true,true,true,true
managed_paragraph_batch_perf_v1,1,replace_body_paragraph_texts,descriptive_same_fixture_alternative_api_path_no_same_api_before_after_claim,128,1,file,batch,ca410eb5ac948e3e90f67505a0e566883a15305e0fa64a90be9e146256160685,532875,fixture-p128-k1.docx,a19ccb4a6e21260c609f8f45fc6d267ac18b285362553baa3ea80c1bd75ddaa2,532882,0,15,false,357091,14790,270041,290,70960,830,532882,a19ccb4a6e21260c609f8f45fc6d267ac18b285362553baa3ea80c1bd75ddaa2,54,0,54,0,true,45,535175,535175,4,0,0,0,1,1,0,7281,1,0,true,0,367535,0,0,8490,535175,0,0,532882,0,14586,0,0,6699515,6714084,true,true,true,true,true,true,true,true,true,true,true,true,true,true
managed_paragraph_batch_perf_v1,1,replace_body_paragraph_texts,descriptive_same_fixture_alternative_api_path_no_same_api_before_after_claim,128,1,file,batch,ca410eb5ac948e3e90f67505a0e566883a15305e0fa64a90be9e146256160685,532875,fixture-p128-k1.docx,a19ccb4a6e21260c609f8f45fc6d267ac18b285362553baa3ea80c1bd75ddaa2,532882,0,16,false,361102,14730,274211,310,70770,741,532882,a19ccb4a6e21260c609f8f45fc6d267ac18b285362553baa3ea80c1bd75ddaa2,56,0,56,0,true,45,535175,535175,4,0,0,0,1,1,0,7281,1,0,true,0,367535,0,0,8490,535175,0,0,532882,0,14586,0,0,6699515,6714084,true,true,true,true,true,true,true,true,true,true,true,true,true,true
managed_paragraph_batch_perf_v1,1,replace_body_paragraph_texts,descriptive_same_fixture_alternative_api_path_no_same_api_before_after_claim,128,1,file,batch,ca410eb5ac948e3e90f67505a0e566883a15305e0fa64a90be9e146256160685,532875,fixture-p128-k1.docx,a19ccb4a6e21260c609f8f45fc6d267ac18b285362553baa3ea80c1bd75ddaa2,532882,0,17,false,357272,14791,270961,280,70290,750,532882,a19ccb4a6e21260c609f8f45fc6d267ac18b285362553baa3ea80c1bd75ddaa2,58,0,58,0,true,45,535175,535175,4,0,0,0,1,1,0,7281,1,0,true,0,367535,0,0,8490,535175,0,0,532882,0,14586,0,0,6699515,6714084,true,true,true,true,true,true,true,true,true,true,true,true,true,true
managed_paragraph_batch_perf_v1,1,replace_body_paragraph_texts,descriptive_same_fixture_alternative_api_path_no_same_api_before_after_claim,128,1,file,batch,ca410eb5ac948e3e90f67505a0e566883a15305e0fa64a90be9e146256160685,532875,fixture-p128-k1.docx,a19ccb4a6e21260c609f8f45fc6d267ac18b285362553baa3ea80c1bd75ddaa2,532882,0,18,false,357932,14850,271151,310,70551,770,532882,a19ccb4a6e21260c609f8f45fc6d267ac18b285362553baa3ea80c1bd75ddaa2,60,0,60,0,true,45,535175,535175,4,0,0,0,1,1,0,7281,1,0,true,0,367535,0,0,8490,535175,0,0,532882,0,14586,0,0,6699515,6714084,true,true,true,true,true,true,true,true,true,true,true,true,true,true
managed_paragraph_batch_perf_v1,1,replace_body_paragraph_texts,descriptive_same_fixture_alternative_api_path_no_same_api_before_after_claim,128,1,file,batch,ca410eb5ac948e3e90f67505a0e566883a15305e0fa64a90be9e146256160685,532875,fixture-p128-k1.docx,a19ccb4a6e21260c609f8f45fc6d267ac18b285362553baa3ea80c1bd75ddaa2,532882,0,19,false,365962,14790,278772,320,71060,830,532882,a19ccb4a6e21260c609f8f45fc6d267ac18b285362553baa3ea80c1bd75ddaa2,62,0,62,0,true,45,535175,535175,4,0,0,0,1,1,0,7281,1,0,true,0,367535,0,0,8490,535175,0,0,532882,0,14586,0,0,6699515,6714084,true,true,true,true,true,true,true,true,true,true,true,true,true,true
managed_paragraph_batch_perf_v1,1,replace_body_paragraph_texts,descriptive_same_fixture_alternative_api_path_no_same_api_before_after_claim,128,1,file,batch,ca410eb5ac948e3e90f67505a0e566883a15305e0fa64a90be9e146256160685,532875,fixture-p128-k1.docx,a19ccb4a6e21260c609f8f45fc6d267ac18b285362553baa3ea80c1bd75ddaa2,532882,0,20,false,357691,15150,270301,310,70940,800,532882,a19ccb4a6e21260c609f8f45fc6d267ac18b285362553baa3ea80c1bd75ddaa2,64,0,64,0,true,45,535175,535175,4,0,0,0,1,1,0,7281,1,0,true,0,367535,0,0,8490,535175,0,0,532882,0,14586,0,0,6699515,6714084,true,true,true,true,true,true,true,true,true,true,true,true,true,true
managed_paragraph_batch_perf_v1,1,replace_body_paragraph_texts,descriptive_same_fixture_alternative_api_path_no_same_api_before_after_claim,128,1,file,batch,ca410eb5ac948e3e90f67505a0e566883a15305e0fa64a90be9e146256160685,532875,fixture-p128-k1.docx,a19ccb4a6e21260c609f8f45fc6d267ac18b285362553baa3ea80c1bd75ddaa2,532882,0,21,false,364422,15120,277492,300,70540,770,532882,a19ccb4a6e21260c609f8f45fc6d267ac18b285362553baa3ea80c1bd75ddaa2,66,0,66,0,true,45,535175,535175,4,0,0,0,1,1,0,7281,1,0,true,0,367535,0,0,8490,535175,0,0,532882,0,14586,0,0,6699515,6714084,true,true,true,true,true,true,true,true,true,true,true,true,true,true
managed_paragraph_batch_perf_v1,1,replace_body_paragraph_texts,descriptive_same_fixture_alternative_api_path_no_same_api_before_after_claim,128,1,file,batch,ca410eb5ac948e3e90f67505a0e566883a15305e0fa64a90be9e146256160685,532875,fixture-p128-k1.docx,a19ccb4a6e21260c609f8f45fc6d267ac18b285362553baa3ea80c1bd75ddaa2,532882,0,22,false,358791,14960,272501,310,70100,740,532882,a19ccb4a6e21260c609f8f45fc6d267ac18b285362553baa3ea80c1bd75ddaa2,68,0,68,0,true,45,535175,535175,4,0,0,0,1,1,0,7281,1,0,true,0,367535,0,0,8490,535175,0,0,532882,0,14586,0,0,6699515,6714084,true,true,true,true,true,true,true,true,true,true,true,true,true,true
managed_paragraph_batch_perf_v1,1,replace_body_paragraph_texts,descriptive_same_fixture_alternative_api_path_no_same_api_before_after_claim,128,1,file,batch,ca410eb5ac948e3e90f67505a0e566883a15305e0fa64a90be9e146256160685,532875,fixture-p128-k1.docx,a19ccb4a6e21260c609f8f45fc6d267ac18b285362553baa3ea80c1bd75ddaa2,532882,0,23,false,357532,14910,270942,300,70310,770,532882,a19ccb4a6e21260c609f8f45fc6d267ac18b285362553baa3ea80c1bd75ddaa2,70,0,70,0,true,45,535175,535175,4,0,0,0,1,1,0,7281,1,0,true,0,367535,0,0,8490,535175,0,0,532882,0,14586,0,0,6699515,6714084,true,true,true,true,true,true,true,true,true,true,true,true,true,true
managed_paragraph_batch_perf_v1,1,replace_body_paragraph_texts,descriptive_same_fixture_alternative_api_path_no_same_api_before_after_claim,128,1,file,batch,ca410eb5ac948e3e90f67505a0e566883a15305e0fa64a90be9e146256160685,532875,fixture-p128-k1.docx,a19ccb4a6e21260c609f8f45fc6d267ac18b285362553baa3ea80c1bd75ddaa2,532882,0,24,false,365751,14880,278831,320,70770,780,532882,a19ccb4a6e21260c609f8f45fc6d267ac18b285362553baa3ea80c1bd75ddaa2,72,0,72,0,true,45,535175,535175,4,0,0,0,1,1,0,7281,1,0,true,0,367535,0,0,8490,535175,0,0,532882,0,14586,0,0,6699515,6714084,true,true,true,true,true,true,true,true,true,true,true,true,true,true
managed_paragraph_batch_perf_v1,1,replace_body_paragraph_texts,descriptive_same_fixture_alternative_api_path_no_same_api_before_after_claim,128,1,file,batch,ca410eb5ac948e3e90f67505a0e566883a15305e0fa64a90be9e146256160685,532875,fixture-p128-k1.docx,a19ccb4a6e21260c609f8f45fc6d267ac18b285362553baa3ea80c1bd75ddaa2,532882,0,25,false,369932,15050,271711,310,81911,760,532882,a19ccb4a6e21260c609f8f45fc6d267ac18b285362553baa3ea80c1bd75ddaa2,74,0,74,0,true,45,535175,535175,4,0,0,0,1,1,0,7281,1,0,true,0,367535,0,0,8490,535175,0,0,532882,0,14586,0,0,6699515,6714084,true,true,true,true,true,true,true,true,true,true,true,true,true,true
managed_paragraph_batch_perf_v1,1,replace_body_paragraph_texts,descriptive_same_fixture_alternative_api_path_no_same_api_before_after_claim,128,1,file,batch,ca410eb5ac948e3e90f67505a0e566883a15305e0fa64a90be9e146256160685,532875,fixture-p128-k1.docx,a19ccb4a6e21260c609f8f45fc6d267ac18b285362553baa3ea80c1bd75ddaa2,532882,0,26,false,361161,18790,270611,340,70450,770,532882,a19ccb4a6e21260c609f8f45fc6d267ac18b285362553baa3ea80c1bd75ddaa2,76,0,76,0,true,45,535175,535175,4,0,0,0,1,1,0,7281,1,0,true,0,367535,0,0,8490,535175,0,0,532882,0,14586,0,0,6699515,6714084,true,true,true,true,true,true,true,true,true,true,true,true,true,true
managed_paragraph_batch_perf_v1,1,replace_body_paragraph_texts,descriptive_same_fixture_alternative_api_path_no_same_api_before_after_claim,128,1,file,batch,ca410eb5ac948e3e90f67505a0e566883a15305e0fa64a90be9e146256160685,532875,fixture-p128-k1.docx,a19ccb4a6e21260c609f8f45fc6d267ac18b285362553baa3ea80c1bd75ddaa2,532882,0,27,false,358052,15400,270411,320,70851,760,532882,a19ccb4a6e21260c609f8f45fc6d267ac18b285362553baa3ea80c1bd75ddaa2,78,0,78,0,true,45,535175,535175,4,0,0,0,1,1,0,7281,1,0,true,0,367535,0,0,8490,535175,0,0,532882,0,14586,0,0,6699515,6714084,true,true,true,true,true,true,true,true,true,true,true,true,true,true
managed_paragraph_batch_perf_v1,1,replace_body_paragraph_texts,descriptive_same_fixture_alternative_api_path_no_same_api_before_after_claim,128,1,file,batch,ca410eb5ac948e3e90f67505a0e566883a15305e0fa64a90be9e146256160685,532875,fixture-p128-k1.docx,a19ccb4a6e21260c609f8f45fc6d267ac18b285362553baa3ea80c1bd75ddaa2,532882,0,28,false,361061,15330,273341,300,71060,830,532882,a19ccb4a6e21260c609f8f45fc6d267ac18b285362553baa3ea80c1bd75ddaa2,80,0,80,0,true,45,535175,535175,4,0,0,0,1,1,0,7281,1,0,true,0,367535,0,0,8490,535175,0,0,532882,0,14586,0,0,6699515,6714084,true,true,true,true,true,true,true,true,true,true,true,true,true,true
managed_paragraph_batch_perf_v1,1,replace_body_paragraph_texts,descriptive_same_fixture_alternative_api_path_no_same_api_before_after_claim,128,1,file,batch,ca410eb5ac948e3e90f67505a0e566883a15305e0fa64a90be9e146256160685,532875,fixture-p128-k1.docx,a19ccb4a6e21260c609f8f45fc6d267ac18b285362553baa3ea80c1bd75ddaa2,532882,0,29,false,365972,15040,279011,290,70641,770,532882,a19ccb4a6e21260c609f8f45fc6d267ac18b285362553baa3ea80c1bd75ddaa2,82,0,82,0,true,45,535175,535175,4,0,0,0,1,1,0,7281,1,0,true,0,367535,0,0,8490,535175,0,0,532882,0,14586,0,0,6699515,6714084,true,true,true,true,true,true,true,true,true,true,true,true,true,true
managed_paragraph_batch_perf_v1,1,replace_body_paragraph_texts,descriptive_same_fixture_alternative_api_path_no_same_api_before_after_claim,128,1,file,batch,ca410eb5ac948e3e90f67505a0e566883a15305e0fa64a90be9e146256160685,532875,fixture-p128-k1.docx,a19ccb4a6e21260c609f8f45fc6d267ac18b285362553baa3ea80c1bd75ddaa2,532882,0,30,false,364171,14570,269151,310,79200,730,532882,a19ccb4a6e21260c609f8f45fc6d267ac18b285362553baa3ea80c1bd75ddaa2,84,0,84,0,true,45,535175,535175,4,0,0,0,1,1,0,7281,1,0,true,0,367535,0,0,8490,535175,0,0,532882,0,14586,0,0,6699515,6714084,true,true,true,true,true,true,true,true,true,true,true,true,true,true
managed_paragraph_batch_perf_v1,1,replace_body_paragraph_texts,descriptive_same_fixture_alternative_api_path_no_same_api_before_after_claim,128,1,file,batch,ca410eb5ac948e3e90f67505a0e566883a15305e0fa64a90be9e146256160685,532875,fixture-p128-k1.docx,a19ccb4a6e21260c609f8f45fc6d267ac18b285362553baa3ea80c1bd75ddaa2,532882,0,31,false,359012,15920,271041,300,70701,780,532882,a19ccb4a6e21260c609f8f45fc6d267ac18b285362553baa3ea80c1bd75ddaa2,86,0,86,0,true,45,535175,535175,4,0,0,0,1,1,0,7281,1,0,true,0,367535,0,0,8490,535175,0,0,532882,0,14586,0,0,6699515,6714084,true,true,true,true,true,true,true,true,true,true,true,true,true,true
managed_paragraph_batch_perf_v1,1,replace_body_paragraph_texts,descriptive_same_fixture_alternative_api_path_no_same_api_before_after_claim,128,1,file,batch,ca410eb5ac948e3e90f67505a0e566883a15305e0fa64a90be9e146256160685,532875,fixture-p128-k1.docx,a19ccb4a6e21260c609f8f45fc6d267ac18b285362553baa3ea80c1bd75ddaa2,532882,0,32,false,358421,15030,271561,300,70340,780,532882,a19ccb4a6e21260c609f8f45fc6d267ac18b285362553baa3ea80c1bd75ddaa2,88,0,88,0,true,45,535175,535175,4,0,0,0,1,1,0,7281,1,0,true,0,367535,0,0,8490,535175,0,0,532882,0,14586,0,0,6699515,6714084,true,true,true,true,true,true,true,true,true,true,true,true,true,true
managed_paragraph_batch_perf_v1,1,replace_body_paragraph_texts,descriptive_same_fixture_alternative_api_path_no_same_api_before_after_claim,128,1,file,batch,ca410eb5ac948e3e90f67505a0e566883a15305e0fa64a90be9e146256160685,532875,fixture-p128-k1.docx,a19ccb4a6e21260c609f8f45fc6d267ac18b285362553baa3ea80c1bd75ddaa2,532882,0,33,false,359062,14830,272581,350,70331,770,532882,a19ccb4a6e21260c609f8f45fc6d267ac18b285362553baa3ea80c1bd75ddaa2,90,0,90,0,true,45,535175,535175,4,0,0,0,1,1,0,7281,1,0,true,0,367535,0,0,8490,535175,0,0,532882,0,14586,0,0,6699515,6714084,true,true,true,true,true,true,true,true,true,true,true,true,true,true
managed_paragraph_batch_perf_v1,1,replace_body_paragraph_texts,descriptive_same_fixture_alternative_api_path_no_same_api_before_after_claim,128,1,file,batch,ca410eb5ac948e3e90f67505a0e566883a15305e0fa64a90be9e146256160685,532875,fixture-p128-k1.docx,a19ccb4a6e21260c609f8f45fc6d267ac18b285362553baa3ea80c1bd75ddaa2,532882,0,34,false,365242,14741,278671,310,70510,790,532882,a19ccb4a6e21260c609f8f45fc6d267ac18b285362553baa3ea80c1bd75ddaa2,92,0,92,0,true,45,535175,535175,4,0,0,0,1,1,0,7281,1,0,true,0,367535,0,0,8490,535175,0,0,532882,0,14586,0,0,6699515,6714084,true,true,true,true,true,true,true,true,true,true,true,true,true,true
managed_paragraph_batch_perf_v1,1,replace_body_paragraph_texts,descriptive_same_fixture_alternative_api_path_no_same_api_before_after_claim,128,1,file,batch,ca410eb5ac948e3e90f67505a0e566883a15305e0fa64a90be9e146256160685,532875,fixture-p128-k1.docx,a19ccb4a6e21260c609f8f45fc6d267ac18b285362553baa3ea80c1bd75ddaa2,532882,0,35,false,365242,14510,278291,330,71181,740,532882,a19ccb4a6e21260c609f8f45fc6d267ac18b285362553baa3ea80c1bd75ddaa2,94,0,94,0,true,45,535175,535175,4,0,0,0,1,1,0,7281,1,0,true,0,367535,0,0,8490,535175,0,0,532882,0,14586,0,0,6699515,6714084,true,true,true,true,true,true,true,true,true,true,true,true,true,true
managed_paragraph_batch_perf_v1,1,replace_body_paragraph_texts,descriptive_same_fixture_alternative_api_path_no_same_api_before_after_claim,128,1,file,batch,ca410eb5ac948e3e90f67505a0e566883a15305e0fa64a90be9e146256160685,532875,fixture-p128-k1.docx,a19ccb4a6e21260c609f8f45fc6d267ac18b285362553baa3ea80c1bd75ddaa2,532882,0,36,false,361242,14870,274842,290,70250,770,532882,a19ccb4a6e21260c609f8f45fc6d267ac18b285362553baa3ea80c1bd75ddaa2,96,0,96,0,true,45,535175,535175,4,0,0,0,1,1,0,7281,1,0,true,0,367535,0,0,8490,535175,0,0,532882,0,14586,0,0,6699515,6714084,true,true,true,true,true,true,true,true,true,true,true,true,true,true
managed_paragraph_batch_perf_v1,1,replace_body_paragraph_texts,descriptive_same_fixture_alternative_api_path_no_same_api_before_after_claim,128,1,file,batch,ca410eb5ac948e3e90f67505a0e566883a15305e0fa64a90be9e146256160685,532875,fixture-p128-k1.docx,a19ccb4a6e21260c609f8f45fc6d267ac18b285362553baa3ea80c1bd75ddaa2,532882,0,37,false,358382,14680,272181,310,70251,750,532882,a19ccb4a6e21260c609f8f45fc6d267ac18b285362553baa3ea80c1bd75ddaa2,98,0,98,0,true,45,535175,535175,4,0,0,0,1,1,0,7281,1,0,true,0,367535,0,0,8490,535175,0,0,532882,0,14586,0,0,6699515,6714084,true,true,true,true,true,true,true,true,true,true,true,true,true,true
managed_paragraph_batch_perf_v1,1,replace_body_paragraph_texts,descriptive_same_fixture_alternative_api_path_no_same_api_before_after_claim,128,1,file,batch,ca410eb5ac948e3e90f67505a0e566883a15305e0fa64a90be9e146256160685,532875,fixture-p128-k1.docx,a19ccb4a6e21260c609f8f45fc6d267ac18b285362553baa3ea80c1bd75ddaa2,532882,0,38,false,357711,14750,271581,320,69950,800,532882,a19ccb4a6e21260c609f8f45fc6d267ac18b285362553baa3ea80c1bd75ddaa2,100,0,100,0,true,45,535175,535175,4,0,0,0,1,1,0,7281,1,0,true,0,367535,0,0,8490,535175,0,0,532882,0,14586,0,0,6699515,6714084,true,true,true,true,true,true,true,true,true,true,true,true,true,true
managed_paragraph_batch_perf_v1,1,replace_body_paragraph_texts,descriptive_same_fixture_alternative_api_path_no_same_api_before_after_claim,128,1,file,batch,ca410eb5ac948e3e90f67505a0e566883a15305e0fa64a90be9e146256160685,532875,fixture-p128-k1.docx,a19ccb4a6e21260c609f8f45fc6d267ac18b285362553baa3ea80c1bd75ddaa2,532882,0,39,false,369642,14850,282711,320,70780,791,532882,a19ccb4a6e21260c609f8f45fc6d267ac18b285362553baa3ea80c1bd75ddaa2,102,0,102,0,true,45,535175,535175,4,0,0,0,1,1,0,7281,1,0,true,0,367535,0,0,8490,535175,0,0,532882,0,14586,0,0,6699515,6714084,true,true,true,true,true,true,true,true,true,true,true,true,true,true
managed_paragraph_batch_perf_v1,1,replace_body_paragraph_texts,descriptive_same_fixture_alternative_api_path_no_same_api_before_after_claim,128,1,file,batch,ca410eb5ac948e3e90f67505a0e566883a15305e0fa64a90be9e146256160685,532875,fixture-p128-k1.docx,a19ccb4a6e21260c609f8f45fc6d267ac18b285362553baa3ea80c1bd75ddaa2,532882,0,40,false,366052,14740,279012,320,70980,810,532882,a19ccb4a6e21260c609f8f45fc6d267ac18b285362553baa3ea80c1bd75ddaa2,104,0,104,0,true,45,535175,535175,4,0,0,0,1,1,0,7281,1,0,true,0,367535,0,0,8490,535175,0,0,532882,0,14586,0,0,6699515,6714084,true,true,true,true,true,true,true,true,true,true,true,true,true,true
managed_paragraph_batch_perf_v1,1,replace_body_paragraph_texts,descriptive_same_fixture_alternative_api_path_no_same_api_before_after_claim,128,1,file,batch,ca410eb5ac948e3e90f67505a0e566883a15305e0fa64a90be9e146256160685,532875,fixture-p128-k1.docx,a19ccb4a6e21260c609f8f45fc6d267ac18b285362553baa3ea80c1bd75ddaa2,532882,0,41,false,357491,14590,271831,290,69770,800,532882,a19ccb4a6e21260c609f8f45fc6d267ac18b285362553baa3ea80c1bd75ddaa2,106,0,106,0,true,45,535175,535175,4,0,0,0,1,1,0,7281,1,0,true,0,367535,0,0,8490,535175,0,0,532882,0,14586,0,0,6699515,6714084,true,true,true,true,true,true,true,true,true,true,true,true,true,true
managed_paragraph_batch_perf_v1,1,replace_body_paragraph_texts,descriptive_same_fixture_alternative_api_path_no_same_api_before_after_claim,128,1,file,batch,ca410eb5ac948e3e90f67505a0e566883a15305e0fa64a90be9e146256160685,532875,fixture-p128-k1.docx,a19ccb4a6e21260c609f8f45fc6d267ac18b285362553baa3ea80c1bd75ddaa2,532882,0,42,false,358132,14440,271892,310,70330,740,532882,a19ccb4a6e21260c609f8f45fc6d267ac18b285362553baa3ea80c1bd75ddaa2,108,0,108,0,true,45,535175,535175,4,0,0,0,1,1,0,7281,1,0,true,0,367535,0,0,8490,535175,0,0,532882,0,14586,0,0,6699515,6714084,true,true,true,true,true,true,true,true,true,true,true,true,true,true
managed_paragraph_batch_perf_v1,1,replace_body_paragraph_texts,descriptive_same_fixture_alternative_api_path_no_same_api_before_after_claim,128,1,file,batch,ca410eb5ac948e3e90f67505a0e566883a15305e0fa64a90be9e146256160685,532875,fixture-p128-k1.docx,a19ccb4a6e21260c609f8f45fc6d267ac18b285362553baa3ea80c1bd75ddaa2,532882,0,43,false,357751,14570,271621,320,70300,750,532882,a19ccb4a6e21260c609f8f45fc6d267ac18b285362553baa3ea80c1bd75ddaa2,110,0,110,0,true,45,535175,535175,4,0,0,0,1,1,0,7281,1,0,true,0,367535,0,0,8490,535175,0,0,532882,0,14586,0,0,6699515,6714084,true,true,true,true,true,true,true,true,true,true,true,true,true,true
managed_paragraph_batch_perf_v1,1,replace_body_paragraph_texts,descriptive_same_fixture_alternative_api_path_no_same_api_before_after_claim,128,1,file,batch,ca410eb5ac948e3e90f67505a0e566883a15305e0fa64a90be9e146256160685,532875,fixture-p128-k1.docx,a19ccb4a6e21260c609f8f45fc6d267ac18b285362553baa3ea80c1bd75ddaa2,532882,0,44,false,358572,14930,271802,370,70440,830,532882,a19ccb4a6e21260c609f8f45fc6d267ac18b285362553baa3ea80c1bd75ddaa2,112,0,112,0,true,45,535175,535175,4,0,0,0,1,1,0,7281,1,0,true,0,367535,0,0,8490,535175,0,0,532882,0,14586,0,0,6699515,6714084,true,true,true,true,true,true,true,true,true,true,true,true,true,true
managed_paragraph_batch_perf_v1,1,replace_body_paragraph_texts,descriptive_same_fixture_alternative_api_path_no_same_api_before_after_claim,128,1,file,batch,ca410eb5ac948e3e90f67505a0e566883a15305e0fa64a90be9e146256160685,532875,fixture-p128-k1.docx,a19ccb4a6e21260c609f8f45fc6d267ac18b285362553baa3ea80c1bd75ddaa2,532882,0,45,false,367221,14750,278891,300,72320,770,532882,a19ccb4a6e21260c609f8f45fc6d267ac18b285362553baa3ea80c1bd75ddaa2,114,0,114,0,true,45,535175,535175,4,0,0,0,1,1,0,7281,1,0,true,0,367535,0,0,8490,535175,0,0,532882,0,14586,0,0,6699515,6714084,true,true,true,true,true,true,true,true,true,true,true,true,true,true
managed_paragraph_batch_perf_v1,1,replace_body_paragraph_texts,descriptive_same_fixture_alternative_api_path_no_same_api_before_after_claim,128,1,file,batch,ca410eb5ac948e3e90f67505a0e566883a15305e0fa64a90be9e146256160685,532875,fixture-p128-k1.docx,a19ccb4a6e21260c609f8f45fc6d267ac18b285362553baa3ea80c1bd75ddaa2,532882,0,46,false,358512,14720,272202,340,70250,800,532882,a19ccb4a6e21260c609f8f45fc6d267ac18b285362553baa3ea80c1bd75ddaa2,116,0,116,0,true,45,535175,535175,4,0,0,0,1,1,0,7281,1,0,true,0,367535,0,0,8490,535175,0,0,532882,0,14586,0,0,6699515,6714084,true,true,true,true,true,true,true,true,true,true,true,true,true,true
managed_paragraph_batch_perf_v1,1,replace_body_paragraph_texts,descriptive_same_fixture_alternative_api_path_no_same_api_before_after_claim,128,1,file,batch,ca410eb5ac948e3e90f67505a0e566883a15305e0fa64a90be9e146256160685,532875,fixture-p128-k1.docx,a19ccb4a6e21260c609f8f45fc6d267ac18b285362553baa3ea80c1bd75ddaa2,532882,0,47,false,362961,15000,276161,300,70510,770,532882,a19ccb4a6e21260c609f8f45fc6d267ac18b285362553baa3ea80c1bd75ddaa2,118,0,118,0,true,45,535175,535175,4,0,0,0,1,1,0,7281,1,0,true,0,367535,0,0,8490,535175,0,0,532882,0,14586,0,0,6699515,6714084,true,true,true,true,true,true,true,true,true,true,true,true,true,true
managed_paragraph_batch_perf_v1,1,replace_body_paragraph_texts,descriptive_same_fixture_alternative_api_path_no_same_api_before_after_claim,128,1,file,batch,ca410eb5ac948e3e90f67505a0e566883a15305e0fa64a90be9e146256160685,532875,fixture-p128-k1.docx,a19ccb4a6e21260c609f8f45fc6d267ac18b285362553baa3ea80c1bd75ddaa2,532882,0,48,false,359912,14940,273381,340,70161,780,532882,a19ccb4a6e21260c609f8f45fc6d267ac18b285362553baa3ea80c1bd75ddaa2,120,0,120,0,true,45,535175,535175,4,0,0,0,1,1,0,7281,1,0,true,0,367535,0,0,8490,535175,0,0,532882,0,14586,0,0,6699515,6714084,true,true,true,true,true,true,true,true,true,true,true,true,true,true
managed_paragraph_batch_perf_v1,1,replace_body_paragraph_texts,descriptive_same_fixture_alternative_api_path_no_same_api_before_after_claim,128,1,file,batch,ca410eb5ac948e3e90f67505a0e566883a15305e0fa64a90be9e146256160685,532875,fixture-p128-k1.docx,a19ccb4a6e21260c609f8f45fc6d267ac18b285362553baa3ea80c1bd75ddaa2,532882,0,49,false,358731,14650,272351,330,70380,820,532882,a19ccb4a6e21260c609f8f45fc6d267ac18b285362553baa3ea80c1bd75ddaa2,122,0,122,0,true,45,535175,535175,4,0,0,0,1,1,0,7281,1,0,true,0,367535,0,0,8490,535175,0,0,532882,0,14586,0,0,6699515,6714084,true,true,true,true,true,true,true,true,true,true,true,true,true,true
managed_paragraph_batch_perf_v1,1,replace_body_paragraph_texts,descriptive_same_fixture_alternative_api_path_no_same_api_before_after_claim,128,1,file,batch,ca410eb5ac948e3e90f67505a0e566883a15305e0fa64a90be9e146256160685,532875,fixture-p128-k1.docx,a19ccb4a6e21260c609f8f45fc6d267ac18b285362553baa3ea80c1bd75ddaa2,532882,0,50,false,364572,14550,277712,350,70960,790,532882,a19ccb4a6e21260c609f8f45fc6d267ac18b285362553baa3ea80c1bd75ddaa2,124,0,124,0,true,45,535175,535175,4,0,0,0,1,1,0,7281,1,0,true,0,367535,0,0,8490,535175,0,0,532882,0,14586,0,0,6699515,6714084,true,true,true,true,true,true,true,true,true,true,true,true,true,true
managed_paragraph_batch_perf_v1,1,replace_body_paragraph_texts,descriptive_same_fixture_alternative_api_path_no_same_api_before_after_claim,128,1,file,batch,ca410eb5ac948e3e90f67505a0e566883a15305e0fa64a90be9e146256160685,532875,fixture-p128-k1.docx,a19ccb4a6e21260c609f8f45fc6d267ac18b285362553baa3ea80c1bd75ddaa2,532882,0,51,false,372651,14890,277171,330,79280,800,532882,a19ccb4a6e21260c609f8f45fc6d267ac18b285362553baa3ea80c1bd75ddaa2,126,0,126,0,true,45,535175,535175,4,0,0,0,1,1,0,7281,1,0,true,0,367535,0,0,8490,535175,0,0,532882,0,14586,0,0,6699515,6714084,true,true,true,true,true,true,true,true,true,true,true,true,true,true
managed_paragraph_batch_perf_v1,1,replace_body_paragraph_texts,descriptive_same_fixture_alternative_api_path_no_same_api_before_after_claim,128,1,file,batch,ca410eb5ac948e3e90f67505a0e566883a15305e0fa64a90be9e146256160685,532875,fixture-p128-k1.docx,a19ccb4a6e21260c609f8f45fc6d267ac18b285362553baa3ea80c1bd75ddaa2,532882,0,52,false,360112,14950,273212,290,70650,830,532882,a19ccb4a6e21260c609f8f45fc6d267ac18b285362553baa3ea80c1bd75ddaa2,128,0,128,0,true,45,535175,535175,4,0,0,0,1,1,0,7281,1,0,true,0,367535,0,0,8490,535175,0,0,532882,0,14586,0,0,6699515,6714084,true,true,true,true,true,true,true,true,true,true,true,true,true,true
managed_paragraph_batch_perf_v1,1,replace_body_paragraph_texts,descriptive_same_fixture_alternative_api_path_no_same_api_before_after_claim,128,1,file,batch,ca410eb5ac948e3e90f67505a0e566883a15305e0fa64a90be9e146256160685,532875,fixture-p128-k1.docx,a19ccb4a6e21260c609f8f45fc6d267ac18b285362553baa3ea80c1bd75ddaa2,532882,0,53,false,359561,14820,272701,300,70640,810,532882,a19ccb4a6e21260c609f8f45fc6d267ac18b285362553baa3ea80c1bd75ddaa2,130,0,130,0,true,45,535175,535175,4,0,0,0,1,1,0,7281,1,0,true,0,367535,0,0,8490,535175,0,0,532882,0,14586,0,0,6699515,6714084,true,true,true,true,true,true,true,true,true,true,true,true,true,true
managed_paragraph_batch_perf_v1,1,replace_body_paragraph_texts,descriptive_same_fixture_alternative_api_path_no_same_api_before_after_claim,128,1,file,batch,ca410eb5ac948e3e90f67505a0e566883a15305e0fa64a90be9e146256160685,532875,fixture-p128-k1.docx,a19ccb4a6e21260c609f8f45fc6d267ac18b285362553baa3ea80c1bd75ddaa2,532882,0,54,false,360482,14830,274001,340,70221,790,532882,a19ccb4a6e21260c609f8f45fc6d267ac18b285362553baa3ea80c1bd75ddaa2,132,0,132,0,true,45,535175,535175,4,0,0,0,1,1,0,7281,1,0,true,0,367535,0,0,8490,535175,0,0,532882,0,14586,0,0,6699515,6714084,true,true,true,true,true,true,true,true,true,true,true,true,true,true
managed_paragraph_batch_perf_v1,1,replace_body_paragraph_texts,descriptive_same_fixture_alternative_api_path_no_same_api_before_after_claim,128,1,file,batch,ca410eb5ac948e3e90f67505a0e566883a15305e0fa64a90be9e146256160685,532875,fixture-p128-k1.docx,a19ccb4a6e21260c609f8f45fc6d267ac18b285362553baa3ea80c1bd75ddaa2,532882,0,55,false,367931,14530,280891,310,71200,780,532882,a19ccb4a6e21260c609f8f45fc6d267ac18b285362553baa3ea80c1bd75ddaa2,134,0,134,0,true,45,535175,535175,4,0,0,0,1,1,0,7281,1,0,true,0,367535,0,0,8490,535175,0,0,532882,0,14586,0,0,6699515,6714084,true,true,true,true,true,true,true,true,true,true,true,true,true,true
managed_paragraph_batch_perf_v1,1,replace_body_paragraph_texts,descriptive_same_fixture_alternative_api_path_no_same_api_before_after_claim,128,1,file,batch,ca410eb5ac948e3e90f67505a0e566883a15305e0fa64a90be9e146256160685,532875,fixture-p128-k1.docx,a19ccb4a6e21260c609f8f45fc6d267ac18b285362553baa3ea80c1bd75ddaa2,532882,0,56,false,369261,14840,281471,360,71570,810,532882,a19ccb4a6e21260c609f8f45fc6d267ac18b285362553baa3ea80c1bd75ddaa2,136,0,136,0,true,45,535175,535175,4,0,0,0,1,1,0,7281,1,0,true,0,367535,0,0,8490,535175,0,0,532882,0,14586,0,0,6699515,6714084,true,true,true,true,true,true,true,true,true,true,true,true,true,true
managed_paragraph_batch_perf_v1,1,replace_body_paragraph_texts,descriptive_same_fixture_alternative_api_path_no_same_api_before_after_claim,128,1,file,batch,ca410eb5ac948e3e90f67505a0e566883a15305e0fa64a90be9e146256160685,532875,fixture-p128-k1.docx,a19ccb4a6e21260c609f8f45fc6d267ac18b285362553baa3ea80c1bd75ddaa2,532882,0,57,false,358512,14650,272351,320,70211,770,532882,a19ccb4a6e21260c609f8f45fc6d267ac18b285362553baa3ea80c1bd75ddaa2,138,0,138,0,true,45,535175,535175,4,0,0,0,1,1,0,7281,1,0,true,0,367535,0,0,8490,535175,0,0,532882,0,14586,0,0,6699515,6714084,true,true,true,true,true,true,true,true,true,true,true,true,true,true
managed_paragraph_batch_perf_v1,1,replace_body_paragraph_texts,descriptive_same_fixture_alternative_api_path_no_same_api_before_after_claim,128,1,file,batch,ca410eb5ac948e3e90f67505a0e566883a15305e0fa64a90be9e146256160685,532875,fixture-p128-k1.docx,a19ccb4a6e21260c609f8f45fc6d267ac18b285362553baa3ea80c1bd75ddaa2,532882,0,58,false,356011,15080,269111,320,70570,740,532882,a19ccb4a6e21260c609f8f45fc6d267ac18b285362553baa3ea80c1bd75ddaa2,140,0,140,0,true,45,535175,535175,4,0,0,0,1,1,0,7281,1,0,true,0,367535,0,0,8490,535175,0,0,532882,0,14586,0,0,6699515,6714084,true,true,true,true,true,true,true,true,true,true,true,true,true,true
managed_paragraph_batch_perf_v1,1,replace_body_paragraph_texts,descriptive_same_fixture_alternative_api_path_no_same_api_before_after_claim,128,1,file,batch,ca410eb5ac948e3e90f67505a0e566883a15305e0fa64a90be9e146256160685,532875,fixture-p128-k1.docx,a19ccb4a6e21260c609f8f45fc6d267ac18b285362553baa3ea80c1bd75ddaa2,532882,0,59,false,357992,14670,271691,300,70211,800,532882,a19ccb4a6e21260c609f8f45fc6d267ac18b285362553baa3ea80c1bd75ddaa2,142,0,142,0,true,45,535175,535175,4,0,0,0,1,1,0,7281,1,0,true,0,367535,0,0,8490,535175,0,0,532882,0,14586,0,0,6699515,6714084,true,true,true,true,true,true,true,true,true,true,true,true,true,true
managed_paragraph_batch_perf_v1,1,replace_body_paragraph_texts,descriptive_same_fixture_alternative_api_path_no_same_api_before_after_claim,128,1,file,batch,ca410eb5ac948e3e90f67505a0e566883a15305e0fa64a90be9e146256160685,532875,fixture-p128-k1.docx,a19ccb4a6e21260c609f8f45fc6d267ac18b285362553baa3ea80c1bd75ddaa2,532882,0,60,false,357781,15290,270661,300,70510,800,532882,a19ccb4a6e21260c609f8f45fc6d267ac18b285362553baa3ea80c1bd75ddaa2,144,0,144,0,true,45,535175,535175,4,0,0,0,1,1,0,7281,1,0,true,0,367535,0,0,8490,535175,0,0,532882,0,14586,0,0,6699515,6714084,true,true,true,true,true,true,true,true,true,true,true,true,true,true
managed_paragraph_batch_perf_v1,1,replace_body_paragraph_texts,descriptive_same_fixture_alternative_api_path_no_same_api_before_after_claim,128,1,file,batch,ca410eb5ac948e3e90f67505a0e566883a15305e0fa64a90be9e146256160685,532875,fixture-p128-k1.docx,a19ccb4a6e21260c609f8f45fc6d267ac18b285362553baa3ea80c1bd75ddaa2,532882,0,61,false,364432,14580,278331,340,70201,780,532882,a19ccb4a6e21260c609f8f45fc6d267ac18b285362553baa3ea80c1bd75ddaa2,146,0,146,0,true,45,535175,535175,4,0,0,0,1,1,0,7281,1,0,true,0,367535,0,0,8490,535175,0,0,532882,0,14586,0,0,6699515,6714084,true,true,true,true,true,true,true,true,true,true,true,true,true,true
managed_paragraph_batch_perf_v1,1,replace_body_paragraph_texts,descriptive_same_fixture_alternative_api_path_no_same_api_before_after_claim,128,1,file,batch,ca410eb5ac948e3e90f67505a0e566883a15305e0fa64a90be9e146256160685,532875,fixture-p128-k1.docx,a19ccb4a6e21260c609f8f45fc6d267ac18b285362553baa3ea80c1bd75ddaa2,532882,0,62,false,367681,14650,271711,340,79950,840,532882,a19ccb4a6e21260c609f8f45fc6d267ac18b285362553baa3ea80c1bd75ddaa2,148,0,148,0,true,45,535175,535175,4,0,0,0,1,1,0,7281,1,0,true,0,367535,0,0,8490,535175,0,0,532882,0,14586,0,0,6699515,6714084,true,true,true,true,true,true,true,true,true,true,true,true,true,true
managed_paragraph_batch_perf_v1,1,replace_body_paragraph_texts,descriptive_same_fixture_alternative_api_path_no_same_api_before_after_claim,128,1,file,batch,ca410eb5ac948e3e90f67505a0e566883a15305e0fa64a90be9e146256160685,532875,fixture-p128-k1.docx,a19ccb4a6e21260c609f8f45fc6d267ac18b285362553baa3ea80c1bd75ddaa2,532882,0,63,false,359762,15150,272441,340,70831,800,532882,a19ccb4a6e21260c609f8f45fc6d267ac18b285362553baa3ea80c1bd75ddaa2,150,0,150,0,true,45,535175,535175,4,0,0,0,1,1,0,7281,1,0,true,0,367535,0,0,8490,535175,0,0,532882,0,14586,0,0,6699515,6714084,true,true,true,true,true,true,true,true,true,true,true,true,true,true
managed_paragraph_batch_perf_v1,1,replace_body_paragraph_texts,descriptive_same_fixture_alternative_api_path_no_same_api_before_after_claim,128,1,file,batch,ca410eb5ac948e3e90f67505a0e566883a15305e0fa64a90be9e146256160685,532875,fixture-p128-k1.docx,a19ccb4a6e21260c609f8f45fc6d267ac18b285362553baa3ea80c1bd75ddaa2,532882,0,64,false,356671,14800,270191,350,70290,760,532882,a19ccb4a6e21260c609f8f45fc6d267ac18b285362553baa3ea80c1bd75ddaa2,152,0,152,0,true,45,535175,535175,4,0,0,0,1,1,0,7281,1,0,true,0,367535,0,0,8490,535175,0,0,532882,0,14586,0,0,6699515,6714084,true,true,true,true,true,true,true,true,true,true,true,true,true,true
managed_paragraph_batch_perf_v1,1,replace_body_paragraph_texts,descriptive_same_fixture_alternative_api_path_no_same_api_before_after_claim,128,1,file,batch,ca410eb5ac948e3e90f67505a0e566883a15305e0fa64a90be9e146256160685,532875,fixture-p128-k1.docx,a19ccb4a6e21260c609f8f45fc6d267ac18b285362553baa3ea80c1bd75ddaa2,532882,0,65,false,364022,15050,272341,370,75231,810,532882,a19ccb4a6e21260c609f8f45fc6d267ac18b285362553baa3ea80c1bd75ddaa2,154,0,154,0,true,45,535175,535175,4,0,0,0,1,1,0,7281,1,0,true,0,367535,0,0,8490,535175,0,0,532882,0,14586,0,0,6699515,6714084,true,true,true,true,true,true,true,true,true,true,true,true,true,true
managed_paragraph_batch_perf_v1,1,replace_body_paragraph_texts,descriptive_same_fixture_alternative_api_path_no_same_api_before_after_claim,128,1,file,batch,ca410eb5ac948e3e90f67505a0e566883a15305e0fa64a90be9e146256160685,532875,fixture-p128-k1.docx,a19ccb4a6e21260c609f8f45fc6d267ac18b285362553baa3ea80c1bd75ddaa2,532882,0,66,false,365281,14780,277841,350,71360,780,532882,a19ccb4a6e21260c609f8f45fc6d267ac18b285362553baa3ea80c1bd75ddaa2,156,0,156,0,true,45,535175,535175,4,0,0,0,1,1,0,7281,1,0,true,0,367535,0,0,8490,535175,0,0,532882,0,14586,0,0,6699515,6714084,true,true,true,true,true,true,true,true,true,true,true,true,true,true
managed_paragraph_batch_perf_v1,1,replace_body_paragraph_texts,descriptive_same_fixture_alternative_api_path_no_same_api_before_after_claim,128,1,file,batch,ca410eb5ac948e3e90f67505a0e566883a15305e0fa64a90be9e146256160685,532875,fixture-p128-k1.docx,a19ccb4a6e21260c609f8f45fc6d267ac18b285362553baa3ea80c1bd75ddaa2,532882,0,67,false,367642,14690,280451,340,71181,780,532882,a19ccb4a6e21260c609f8f45fc6d267ac18b285362553baa3ea80c1bd75ddaa2,158,0,158,0,true,45,535175,535175,4,0,0,0,1,1,0,7281,1,0,true,0,367535,0,0,8490,535175,0,0,532882,0,14586,0,0,6699515,6714084,true,true,true,true,true,true,true,true,true,true,true,true,true,true
managed_paragraph_batch_perf_v1,1,replace_body_paragraph_texts,descriptive_same_fixture_alternative_api_path_no_same_api_before_after_claim,128,1,file,batch,ca410eb5ac948e3e90f67505a0e566883a15305e0fa64a90be9e146256160685,532875,fixture-p128-k1.docx,a19ccb4a6e21260c609f8f45fc6d267ac18b285362553baa3ea80c1bd75ddaa2,532882,0,68,false,355001,14720,268761,330,70220,780,532882,a19ccb4a6e21260c609f8f45fc6d267ac18b285362553baa3ea80c1bd75ddaa2,160,0,160,0,true,45,535175,535175,4,0,0,0,1,1,0,7281,1,0,true,0,367535,0,0,8490,535175,0,0,532882,0,14586,0,0,6699515,6714084,true,true,true,true,true,true,true,true,true,true,true,true,true,true
managed_paragraph_batch_perf_v1,1,replace_body_paragraph_texts,descriptive_same_fixture_alternative_api_path_no_same_api_before_after_claim,128,1,file,batch,ca410eb5ac948e3e90f67505a0e566883a15305e0fa64a90be9e146256160685,532875,fixture-p128-k1.docx,a19ccb4a6e21260c609f8f45fc6d267ac18b285362553baa3ea80c1bd75ddaa2,532882,0,69,false,356542,15130,269461,320,70551,770,532882,a19ccb4a6e21260c609f8f45fc6d267ac18b285362553baa3ea80c1bd75ddaa2,162,0,162,0,true,45,535175,535175,4,0,0,0,1,1,0,7281,1,0,true,0,367535,0,0,8490,535175,0,0,532882,0,14586,0,0,6699515,6714084,true,true,true,true,true,true,true,true,true,true,true,true,true,true
managed_paragraph_batch_perf_v1,1,replace_body_paragraph_texts,descriptive_same_fixture_alternative_api_path_no_same_api_before_after_claim,128,1,file,batch,ca410eb5ac948e3e90f67505a0e566883a15305e0fa64a90be9e146256160685,532875,fixture-p128-k1.docx,a19ccb4a6e21260c609f8f45fc6d267ac18b285362553baa3ea80c1bd75ddaa2,532882,0,70,false,364451,15320,275631,310,72230,770,532882,a19ccb4a6e21260c609f8f45fc6d267ac18b285362553baa3ea80c1bd75ddaa2,164,0,164,0,true,45,535175,535175,4,0,0,0,1,1,0,7281,1,0,true,0,367535,0,0,8490,535175,0,0,532882,0,14586,0,0,6699515,6714084,true,true,true,true,true,true,true,true,true,true,true,true,true,true
managed_paragraph_batch_perf_v1,1,replace_body_paragraph_texts,descriptive_same_fixture_alternative_api_path_no_same_api_before_after_claim,128,1,file,batch,ca410eb5ac948e3e90f67505a0e566883a15305e0fa64a90be9e146256160685,532875,fixture-p128-k1.docx,a19ccb4a6e21260c609f8f45fc6d267ac18b285362553baa3ea80c1bd75ddaa2,532882,0,71,false,358392,14870,271312,380,70860,780,532882,a19ccb4a6e21260c609f8f45fc6d267ac18b285362553baa3ea80c1bd75ddaa2,166,0,166,0,true,45,535175,535175,4,0,0,0,1,1,0,7281,1,0,true,0,367535,0,0,8490,535175,0,0,532882,0,14586,0,0,6699515,6714084,true,true,true,true,true,true,true,true,true,true,true,true,true,true
managed_paragraph_batch_perf_v1,1,replace_body_paragraph_texts,descriptive_same_fixture_alternative_api_path_no_same_api_before_after_claim,128,1,file,batch,ca410eb5ac948e3e90f67505a0e566883a15305e0fa64a90be9e146256160685,532875,fixture-p128-k1.docx,a19ccb4a6e21260c609f8f45fc6d267ac18b285362553baa3ea80c1bd75ddaa2,532882,0,72,false,365571,15110,277981,310,71220,740,532882,a19ccb4a6e21260c609f8f45fc6d267ac18b285362553baa3ea80c1bd75ddaa2,168,0,168,0,true,45,535175,535175,4,0,0,0,1,1,0,7281,1,0,true,0,367535,0,0,8490,535175,0,0,532882,0,14586,0,0,6699515,6714084,true,true,true,true,true,true,true,true,true,true,true,true,true,true
managed_paragraph_batch_perf_v1,1,replace_body_paragraph_texts,descriptive_same_fixture_alternative_api_path_no_same_api_before_after_claim,128,1,file,batch,ca410eb5ac948e3e90f67505a0e566883a15305e0fa64a90be9e146256160685,532875,fixture-p128-k1.docx,a19ccb4a6e21260c609f8f45fc6d267ac18b285362553baa3ea80c1bd75ddaa2,532882,0,73,false,365082,14730,269981,290,79131,750,532882,a19ccb4a6e21260c609f8f45fc6d267ac18b285362553baa3ea80c1bd75ddaa2,170,0,170,0,true,45,535175,535175,4,0,0,0,1,1,0,7281,1,0,true,0,367535,0,0,8490,535175,0,0,532882,0,14586,0,0,6699515,6714084,true,true,true,true,true,true,true,true,true,true,true,true,true,true
managed_paragraph_batch_perf_v1,1,replace_body_paragraph_texts,descriptive_same_fixture_alternative_api_path_no_same_api_before_after_claim,128,1,file,batch,ca410eb5ac948e3e90f67505a0e566883a15305e0fa64a90be9e146256160685,532875,fixture-p128-k1.docx,a19ccb4a6e21260c609f8f45fc6d267ac18b285362553baa3ea80c1bd75ddaa2,532882,0,74,false,357511,14920,270821,300,70480,770,532882,a19ccb4a6e21260c609f8f45fc6d267ac18b285362553baa3ea80c1bd75ddaa2,172,0,172,0,true,45,535175,535175,4,0,0,0,1,1,0,7281,1,0,true,0,367535,0,0,8490,535175,0,0,532882,0,14586,0,0,6699515,6714084,true,true,true,true,true,true,true,true,true,true,true,true,true,true
managed_paragraph_batch_perf_v1,1,replace_body_paragraph_texts,descriptive_same_fixture_alternative_api_path_no_same_api_before_after_claim,128,1,file,batch,ca410eb5ac948e3e90f67505a0e566883a15305e0fa64a90be9e146256160685,532875,fixture-p128-k1.docx,a19ccb4a6e21260c609f8f45fc6d267ac18b285362553baa3ea80c1bd75ddaa2,532882,0,75,false,362282,15520,274742,310,70660,740,532882,a19ccb4a6e21260c609f8f45fc6d267ac18b285362553baa3ea80c1bd75ddaa2,174,0,174,0,true,45,535175,535175,4,0,0,0,1,1,0,7281,1,0,true,0,367535,0,0,8490,535175,0,0,532882,0,14586,0,0,6699515,6714084,true,true,true,true,true,true,true,true,true,true,true,true,true,true
managed_paragraph_batch_perf_v1,1,replace_body_paragraph_texts,descriptive_same_fixture_alternative_api_path_no_same_api_before_after_claim,128,1,file,batch,ca410eb5ac948e3e90f67505a0e566883a15305e0fa64a90be9e146256160685,532875,fixture-p128-k1.docx,a19ccb4a6e21260c609f8f45fc6d267ac18b285362553baa3ea80c1bd75ddaa2,532882,0,76,false,359501,15250,272061,320,70790,740,532882,a19ccb4a6e21260c609f8f45fc6d267ac18b285362553baa3ea80c1bd75ddaa2,176,0,176,0,true,45,535175,535175,4,0,0,0,1,1,0,7281,1,0,true,0,367535,0,0,8490,535175,0,0,532882,0,14586,0,0,6699515,6714084,true,true,true,true,true,true,true,true,true,true,true,true,true,true
managed_paragraph_batch_perf_v1,1,replace_body_paragraph_texts,descriptive_same_fixture_alternative_api_path_no_same_api_before_after_claim,128,1,file,batch,ca410eb5ac948e3e90f67505a0e566883a15305e0fa64a90be9e146256160685,532875,fixture-p128-k1.docx,a19ccb4a6e21260c609f8f45fc6d267ac18b285362553baa3ea80c1bd75ddaa2,532882,0,77,false,365682,14710,278542,280,71220,750,532882,a19ccb4a6e21260c609f8f45fc6d267ac18b285362553baa3ea80c1bd75ddaa2,178,0,178,0,true,45,535175,535175,4,0,0,0,1,1,0,7281,1,0,true,0,367535,0,0,8490,535175,0,0,532882,0,14586,0,0,6699515,6714084,true,true,true,true,true,true,true,true,true,true,true,true,true,true
managed_paragraph_batch_perf_v1,1,replace_body_paragraph_texts,descriptive_same_fixture_alternative_api_path_no_same_api_before_after_claim,128,1,file,batch,ca410eb5ac948e3e90f67505a0e566883a15305e0fa64a90be9e146256160685,532875,fixture-p128-k1.docx,a19ccb4a6e21260c609f8f45fc6d267ac18b285362553baa3ea80c1bd75ddaa2,532882,0,78,false,365401,14700,278261,290,71160,780,532882,a19ccb4a6e21260c609f8f45fc6d267ac18b285362553baa3ea80c1bd75ddaa2,180,0,180,0,true,45,535175,535175,4,0,0,0,1,1,0,7281,1,0,true,0,367535,0,0,8490,535175,0,0,532882,0,14586,0,0,6699515,6714084,true,true,true,true,true,true,true,true,true,true,true,true,true,true
managed_paragraph_batch_perf_v1,1,replace_body_paragraph_texts,descriptive_same_fixture_alternative_api_path_no_same_api_before_after_claim,128,1,file,batch,ca410eb5ac948e3e90f67505a0e566883a15305e0fa64a90be9e146256160685,532875,fixture-p128-k1.docx,a19ccb4a6e21260c609f8f45fc6d267ac18b285362553baa3ea80c1bd75ddaa2,532882,0,79,false,358982,14820,272082,300,70780,800,532882,a19ccb4a6e21260c609f8f45fc6d267ac18b285362553baa3ea80c1bd75ddaa2,182,0,182,0,true,45,535175,535175,4,0,0,0,1,1,0,7281,1,0,true,0,367535,0,0,8490,535175,0,0,532882,0,14586,0,0,6699515,6714084,true,true,true,true,true,true,true,true,true,true,true,true,true,true
managed_paragraph_batch_perf_v1,1,replace_body_paragraph_texts,descriptive_same_fixture_alternative_api_path_no_same_api_before_after_claim,128,1,file,batch,ca410eb5ac948e3e90f67505a0e566883a15305e0fa64a90be9e146256160685,532875,fixture-p128-k1.docx,a19ccb4a6e21260c609f8f45fc6d267ac18b285362553baa3ea80c1bd75ddaa2,532882,0,80,false,363031,15160,275211,320,71280,750,532882,a19ccb4a6e21260c609f8f45fc6d267ac18b285362553baa3ea80c1bd75ddaa2,184,0,184,0,true,45,535175,535175,4,0,0,0,1,1,0,7281,1,0,true,0,367535,0,0,8490,535175,0,0,532882,0,14586,0,0,6699515,6714084,true,true,true,true,true,true,true,true,true,true,true,true,true,true
managed_paragraph_batch_perf_v1,1,replace_body_paragraph_texts,descriptive_same_fixture_alternative_api_path_no_same_api_before_after_claim,128,1,file,batch,ca410eb5ac948e3e90f67505a0e566883a15305e0fa64a90be9e146256160685,532875,fixture-p128-k1.docx,a19ccb4a6e21260c609f8f45fc6d267ac18b285362553baa3ea80c1bd75ddaa2,532882,0,81,false,357712,14740,270882,370,70770,760,532882,a19ccb4a6e21260c609f8f45fc6d267ac18b285362553baa3ea80c1bd75ddaa2,186,0,186,0,true,45,535175,535175,4,0,0,0,1,1,0,7281,1,0,true,0,367535,0,0,8490,535175,0,0,532882,0,14586,0,0,6699515,6714084,true,true,true,true,true,true,true,true,true,true,true,true,true,true
managed_paragraph_batch_perf_v1,1,replace_body_paragraph_texts,descriptive_same_fixture_alternative_api_path_no_same_api_before_after_claim,128,1,file,batch,ca410eb5ac948e3e90f67505a0e566883a15305e0fa64a90be9e146256160685,532875,fixture-p128-k1.docx,a19ccb4a6e21260c609f8f45fc6d267ac18b285362553baa3ea80c1bd75ddaa2,532882,0,82,false,365642,23160,270241,360,70911,760,532882,a19ccb4a6e21260c609f8f45fc6d267ac18b285362553baa3ea80c1bd75ddaa2,188,0,188,0,true,45,535175,535175,4,0,0,0,1,1,0,7281,1,0,true,0,367535,0,0,8490,535175,0,0,532882,0,14586,0,0,6699515,6714084,true,true,true,true,true,true,true,true,true,true,true,true,true,true
managed_paragraph_batch_perf_v1,1,replace_body_paragraph_texts,descriptive_same_fixture_alternative_api_path_no_same_api_before_after_claim,128,1,file,batch,ca410eb5ac948e3e90f67505a0e566883a15305e0fa64a90be9e146256160685,532875,fixture-p128-k1.docx,a19ccb4a6e21260c609f8f45fc6d267ac18b285362553baa3ea80c1bd75ddaa2,532882,0,83,false,367342,14840,280512,320,70720,740,532882,a19ccb4a6e21260c609f8f45fc6d267ac18b285362553baa3ea80c1bd75ddaa2,190,0,190,0,true,45,535175,535175,4,0,0,0,1,1,0,7281,1,0,true,0,367535,0,0,8490,535175,0,0,532882,0,14586,0,0,6699515,6714084,true,true,true,true,true,true,true,true,true,true,true,true,true,true
managed_paragraph_batch_perf_v1,1,replace_body_paragraph_texts,descriptive_same_fixture_alternative_api_path_no_same_api_before_after_claim,128,1,file,batch,ca410eb5ac948e3e90f67505a0e566883a15305e0fa64a90be9e146256160685,532875,fixture-p128-k1.docx,a19ccb4a6e21260c609f8f45fc6d267ac18b285362553baa3ea80c1bd75ddaa2,532882,0,84,false,357941,14680,271581,330,70390,740,532882,a19ccb4a6e21260c609f8f45fc6d267ac18b285362553baa3ea80c1bd75ddaa2,192,0,192,0,true,45,535175,535175,4,0,0,0,1,1,0,7281,1,0,true,0,367535,0,0,8490,535175,0,0,532882,0,14586,0,0,6699515,6714084,true,true,true,true,true,true,true,true,true,true,true,true,true,true
managed_paragraph_batch_perf_v1,1,replace_body_paragraph_texts,descriptive_same_fixture_alternative_api_path_no_same_api_before_after_claim,128,1,file,batch,ca410eb5ac948e3e90f67505a0e566883a15305e0fa64a90be9e146256160685,532875,fixture-p128-k1.docx,a19ccb4a6e21260c609f8f45fc6d267ac18b285362553baa3ea80c1bd75ddaa2,532882,0,85,false,364232,14850,276781,350,71200,750,532882,a19ccb4a6e21260c609f8f45fc6d267ac18b285362553baa3ea80c1bd75ddaa2,194,0,194,0,true,45,535175,535175,4,0,0,0,1,1,0,7281,1,0,true,0,367535,0,0,8490,535175,0,0,532882,0,14586,0,0,6699515,6714084,true,true,true,true,true,true,true,true,true,true,true,true,true,true
managed_paragraph_batch_perf_v1,1,replace_body_paragraph_texts,descriptive_same_fixture_alternative_api_path_no_same_api_before_after_claim,128,1,file,batch,ca410eb5ac948e3e90f67505a0e566883a15305e0fa64a90be9e146256160685,532875,fixture-p128-k1.docx,a19ccb4a6e21260c609f8f45fc6d267ac18b285362553baa3ea80c1bd75ddaa2,532882,0,86,false,358031,14690,271491,290,70440,780,532882,a19ccb4a6e21260c609f8f45fc6d267ac18b285362553baa3ea80c1bd75ddaa2,196,0,196,0,true,45,535175,535175,4,0,0,0,1,1,0,7281,1,0,true,0,367535,0,0,8490,535175,0,0,532882,0,14586,0,0,6699515,6714084,true,true,true,true,true,true,true,true,true,true,true,true,true,true
managed_paragraph_batch_perf_v1,1,replace_body_paragraph_texts,descriptive_same_fixture_alternative_api_path_no_same_api_before_after_claim,128,1,file,batch,ca410eb5ac948e3e90f67505a0e566883a15305e0fa64a90be9e146256160685,532875,fixture-p128-k1.docx,a19ccb4a6e21260c609f8f45fc6d267ac18b285362553baa3ea80c1bd75ddaa2,532882,0,87,false,361712,15191,274051,320,71090,760,532882,a19ccb4a6e21260c609f8f45fc6d267ac18b285362553baa3ea80c1bd75ddaa2,198,0,198,0,true,45,535175,535175,4,0,0,0,1,1,0,7281,1,0,true,0,367535,0,0,8490,535175,0,0,532882,0,14586,0,0,6699515,6714084,true,true,true,true,true,true,true,true,true,true,true,true,true,true
managed_paragraph_batch_perf_v1,1,replace_body_paragraph_texts,descriptive_same_fixture_alternative_api_path_no_same_api_before_after_claim,128,1,file,batch,ca410eb5ac948e3e90f67505a0e566883a15305e0fa64a90be9e146256160685,532875,fixture-p128-k1.docx,a19ccb4a6e21260c609f8f45fc6d267ac18b285362553baa3ea80c1bd75ddaa2,532882,0,88,false,367132,14680,278941,310,72251,760,532882,a19ccb4a6e21260c609f8f45fc6d267ac18b285362553baa3ea80c1bd75ddaa2,200,0,200,0,true,45,535175,535175,4,0,0,0,1,1,0,7281,1,0,true,0,367535,0,0,8490,535175,0,0,532882,0,14586,0,0,6699515,6714084,true,true,true,true,true,true,true,true,true,true,true,true,true,true
managed_paragraph_batch_perf_v1,1,replace_body_paragraph_texts,descriptive_same_fixture_alternative_api_path_no_same_api_before_after_claim,128,1,file,batch,ca410eb5ac948e3e90f67505a0e566883a15305e0fa64a90be9e146256160685,532875,fixture-p128-k1.docx,a19ccb4a6e21260c609f8f45fc6d267ac18b285362553baa3ea80c1bd75ddaa2,532882,0,89,false,365511,14730,278361,320,71120,760,532882,a19ccb4a6e21260c609f8f45fc6d267ac18b285362553baa3ea80c1bd75ddaa2,202,0,202,0,true,45,535175,535175,4,0,0,0,1,1,0,7281,1,0,true,0,367535,0,0,8490,535175,0,0,532882,0,14586,0,0,6699515,6714084,true,true,true,true,true,true,true,true,true,true,true,true,true,true
managed_paragraph_batch_perf_v1,1,replace_body_paragraph_texts,descriptive_same_fixture_alternative_api_path_no_same_api_before_after_claim,128,1,file,batch,ca410eb5ac948e3e90f67505a0e566883a15305e0fa64a90be9e146256160685,532875,fixture-p128-k1.docx,a19ccb4a6e21260c609f8f45fc6d267ac18b285362553baa3ea80c1bd75ddaa2,532882,0,90,false,356862,14800,269741,310,71041,780,532882,a19ccb4a6e21260c609f8f45fc6d267ac18b285362553baa3ea80c1bd75ddaa2,204,0,204,0,true,45,535175,535175,4,0,0,0,1,1,0,7281,1,0,true,0,367535,0,0,8490,535175,0,0,532882,0,14586,0,0,6699515,6714084,true,true,true,true,true,true,true,true,true,true,true,true,true,true
managed_paragraph_batch_perf_v1,1,replace_body_paragraph_texts,descriptive_same_fixture_alternative_api_path_no_same_api_before_after_claim,128,1,file,batch,ca410eb5ac948e3e90f67505a0e566883a15305e0fa64a90be9e146256160685,532875,fixture-p128-k1.docx,a19ccb4a6e21260c609f8f45fc6d267ac18b285362553baa3ea80c1bd75ddaa2,532882,0,91,false,357871,15140,270841,300,70620,770,532882,a19ccb4a6e21260c609f8f45fc6d267ac18b285362553baa3ea80c1bd75ddaa2,206,0,206,0,true,45,535175,535175,4,0,0,0,1,1,0,7281,1,0,true,0,367535,0,0,8490,535175,0,0,532882,0,14586,0,0,6699515,6714084,true,true,true,true,true,true,true,true,true,true,true,true,true,true
managed_paragraph_batch_perf_v1,1,replace_body_paragraph_texts,descriptive_same_fixture_alternative_api_path_no_same_api_before_after_claim,128,1,file,batch,ca410eb5ac948e3e90f67505a0e566883a15305e0fa64a90be9e146256160685,532875,fixture-p128-k1.docx,a19ccb4a6e21260c609f8f45fc6d267ac18b285362553baa3ea80c1bd75ddaa2,532882,0,92,false,356782,14520,270451,330,70511,770,532882,a19ccb4a6e21260c609f8f45fc6d267ac18b285362553baa3ea80c1bd75ddaa2,208,0,208,0,true,45,535175,535175,4,0,0,0,1,1,0,7281,1,0,true,0,367535,0,0,8490,535175,0,0,532882,0,14586,0,0,6699515,6714084,true,true,true,true,true,true,true,true,true,true,true,true,true,true
managed_paragraph_batch_perf_v1,1,replace_body_paragraph_texts,descriptive_same_fixture_alternative_api_path_no_same_api_before_after_claim,128,1,file,batch,ca410eb5ac948e3e90f67505a0e566883a15305e0fa64a90be9e146256160685,532875,fixture-p128-k1.docx,a19ccb4a6e21260c609f8f45fc6d267ac18b285362553baa3ea80c1bd75ddaa2,532882,0,93,false,365141,22940,270121,320,70800,770,532882,a19ccb4a6e21260c609f8f45fc6d267ac18b285362553baa3ea80c1bd75ddaa2,210,0,210,0,true,45,535175,535175,4,0,0,0,1,1,0,7281,1,0,true,0,367535,0,0,8490,535175,0,0,532882,0,14586,0,0,6699515,6714084,true,true,true,true,true,true,true,true,true,true,true,true,true,true
managed_paragraph_batch_perf_v1,1,replace_body_paragraph_texts,descriptive_same_fixture_alternative_api_path_no_same_api_before_after_claim,128,1,file,batch,ca410eb5ac948e3e90f67505a0e566883a15305e0fa64a90be9e146256160685,532875,fixture-p128-k1.docx,a19ccb4a6e21260c609f8f45fc6d267ac18b285362553baa3ea80c1bd75ddaa2,532882,0,94,false,367502,14700,280621,360,70871,750,532882,a19ccb4a6e21260c609f8f45fc6d267ac18b285362553baa3ea80c1bd75ddaa2,212,0,212,0,true,45,535175,535175,4,0,0,0,1,1,0,7281,1,0,true,0,367535,0,0,8490,535175,0,0,532882,0,14586,0,0,6699515,6714084,true,true,true,true,true,true,true,true,true,true,true,true,true,true
managed_paragraph_batch_perf_v1,1,replace_body_paragraph_texts,descriptive_same_fixture_alternative_api_path_no_same_api_before_after_claim,128,1,file,batch,ca410eb5ac948e3e90f67505a0e566883a15305e0fa64a90be9e146256160685,532875,fixture-p128-k1.docx,a19ccb4a6e21260c609f8f45fc6d267ac18b285362553baa3ea80c1bd75ddaa2,532882,0,95,false,359621,14750,272871,300,70740,770,532882,a19ccb4a6e21260c609f8f45fc6d267ac18b285362553baa3ea80c1bd75ddaa2,214,0,214,0,true,45,535175,535175,4,0,0,0,1,1,0,7281,1,0,true,0,367535,0,0,8490,535175,0,0,532882,0,14586,0,0,6699515,6714084,true,true,true,true,true,true,true,true,true,true,true,true,true,true
managed_paragraph_batch_perf_v1,1,replace_body_paragraph_texts,descriptive_same_fixture_alternative_api_path_no_same_api_before_after_claim,128,1,file,batch,ca410eb5ac948e3e90f67505a0e566883a15305e0fa64a90be9e146256160685,532875,fixture-p128-k1.docx,a19ccb4a6e21260c609f8f45fc6d267ac18b285362553baa3ea80c1bd75ddaa2,532882,0,96,false,357682,14830,270891,300,70591,760,532882,a19ccb4a6e21260c609f8f45fc6d267ac18b285362553baa3ea80c1bd75ddaa2,216,0,216,0,true,45,535175,535175,4,0,0,0,1,1,0,7281,1,0,true,0,367535,0,0,8490,535175,0,0,532882,0,14586,0,0,6699515,6714084,true,true,true,true,true,true,true,true,true,true,true,true,true,true
managed_paragraph_batch_perf_v1,1,replace_body_paragraph_texts,descriptive_same_fixture_alternative_api_path_no_same_api_before_after_claim,128,1,file,batch,ca410eb5ac948e3e90f67505a0e566883a15305e0fa64a90be9e146256160685,532875,fixture-p128-k1.docx,a19ccb4a6e21260c609f8f45fc6d267ac18b285362553baa3ea80c1bd75ddaa2,532882,0,97,false,358651,14930,271941,290,70390,790,532882,a19ccb4a6e21260c609f8f45fc6d267ac18b285362553baa3ea80c1bd75ddaa2,218,0,218,0,true,45,535175,535175,4,0,0,0,1,1,0,7281,1,0,true,0,367535,0,0,8490,535175,0,0,532882,0,14586,0,0,6699515,6714084,true,true,true,true,true,true,true,true,true,true,true,true,true,true
managed_paragraph_batch_perf_v1,1,replace_body_paragraph_texts,descriptive_same_fixture_alternative_api_path_no_same_api_before_after_claim,128,1,file,batch,ca410eb5ac948e3e90f67505a0e566883a15305e0fa64a90be9e146256160685,532875,fixture-p128-k1.docx,a19ccb4a6e21260c609f8f45fc6d267ac18b285362553baa3ea80c1bd75ddaa2,532882,0,98,false,360382,14920,273461,310,70611,760,532882,a19ccb4a6e21260c609f8f45fc6d267ac18b285362553baa3ea80c1bd75ddaa2,220,0,220,0,true,45,535175,535175,4,0,0,0,1,1,0,7281,1,0,true,0,367535,0,0,8490,535175,0,0,532882,0,14586,0,0,6699515,6714084,true,true,true,true,true,true,true,true,true,true,true,true,true,true
managed_paragraph_batch_perf_v1,1,replace_body_paragraph_texts,descriptive_same_fixture_alternative_api_path_no_same_api_before_after_claim,128,1,file,batch,ca410eb5ac948e3e90f67505a0e566883a15305e0fa64a90be9e146256160685,532875,fixture-p128-k1.docx,a19ccb4a6e21260c609f8f45fc6d267ac18b285362553baa3ea80c1bd75ddaa2,532882,0,99,false,370411,15340,282911,360,70840,760,532882,a19ccb4a6e21260c609f8f45fc6d267ac18b285362553baa3ea80c1bd75ddaa2,222,0,222,0,true,45,535175,535175,4,0,0,0,1,1,0,7281,1,0,true,0,367535,0,0,8490,535175,0,0,532882,0,14586,0,0,6699515,6714084,true,true,true,true,true,true,true,true,true,true,true,true,true,true
managed_paragraph_batch_perf_v1,1,replace_body_paragraph_texts,descriptive_same_fixture_alternative_api_path_no_same_api_before_after_claim,128,1,file,batch,ca410eb5ac948e3e90f67505a0e566883a15305e0fa64a90be9e146256160685,532875,fixture-p128-k1.docx,a19ccb4a6e21260c609f8f45fc6d267ac18b285362553baa3ea80c1bd75ddaa2,532882,0,100,false,366022,15560,277942,330,71020,740,532882,a19ccb4a6e21260c609f8f45fc6d267ac18b285362553baa3ea80c1bd75ddaa2,224,0,224,0,true,45,535175,535175,4,0,0,0,1,1,0,7281,1,0,true,0,367535,0,0,8490,535175,0,0,532882,0,14586,0,0,6699515,6714084,true,true,true,true,true,true,true,true,true,true,true,true,true,true
managed_paragraph_batch_perf_v1,1,replace_body_paragraph_texts,descriptive_same_fixture_alternative_api_path_no_same_api_before_after_claim,128,1,file,batch,ca410eb5ac948e3e90f67505a0e566883a15305e0fa64a90be9e146256160685,532875,fixture-p128-k1.docx,a19ccb4a6e21260c609f8f45fc6d267ac18b285362553baa3ea80c1bd75ddaa2,532882,0,101,false,356191,14750,269461,310,70670,830,532882,a19ccb4a6e21260c609f8f45fc6d267ac18b285362553baa3ea80c1bd75ddaa2,226,0,226,0,true,45,535175,535175,4,0,0,0,1,1,0,7281,1,0,true,0,367535,0,0,8490,535175,0,0,532882,0,14586,0,0,6699515,6714084,true,true,true,true,true,true,true,true,true,true,true,true,true,true
managed_paragraph_batch_perf_v1,1,replace_body_paragraph_texts,descriptive_same_fixture_alternative_api_path_no_same_api_before_after_claim,128,1,file,batch,ca410eb5ac948e3e90f67505a0e566883a15305e0fa64a90be9e146256160685,532875,fixture-p128-k1.docx,a19ccb4a6e21260c609f8f45fc6d267ac18b285362553baa3ea80c1bd75ddaa2,532882,0,102,false,358582,15270,271672,330,70360,760,532882,a19ccb4a6e21260c609f8f45fc6d267ac18b285362553baa3ea80c1bd75ddaa2,228,0,228,0,true,45,535175,535175,4,0,0,0,1,1,0,7281,1,0,true,0,367535,0,0,8490,535175,0,0,532882,0,14586,0,0,6699515,6714084,true,true,true,true,true,true,true,true,true,true,true,true,true,true
managed_paragraph_batch_perf_v1,1,replace_body_paragraph_texts,descriptive_same_fixture_alternative_api_path_no_same_api_before_after_claim,128,1,file,batch,ca410eb5ac948e3e90f67505a0e566883a15305e0fa64a90be9e146256160685,532875,fixture-p128-k1.docx,a19ccb4a6e21260c609f8f45fc6d267ac18b285362553baa3ea80c1bd75ddaa2,532882,0,103,false,359231,14870,272541,320,70420,760,532882,a19ccb4a6e21260c609f8f45fc6d267ac18b285362553baa3ea80c1bd75ddaa2,230,0,230,0,true,45,535175,535175,4,0,0,0,1,1,0,7281,1,0,true,0,367535,0,0,8490,535175,0,0,532882,0,14586,0,0,6699515,6714084,true,true,true,true,true,true,true,true,true,true,true,true,true,true
managed_paragraph_batch_perf_v1,1,replace_body_paragraph_texts,descriptive_same_fixture_alternative_api_path_no_same_api_before_after_claim,128,1,file,batch,ca410eb5ac948e3e90f67505a0e566883a15305e0fa64a90be9e146256160685,532875,fixture-p128-k1.docx,a19ccb4a6e21260c609f8f45fc6d267ac18b285362553baa3ea80c1bd75ddaa2,532882,0,104,false,366082,22070,271702,320,71040,770,532882,a19ccb4a6e21260c609f8f45fc6d267ac18b285362553baa3ea80c1bd75ddaa2,232,0,232,0,true,45,535175,535175,4,0,0,0,1,1,0,7281,1,0,true,0,367535,0,0,8490,535175,0,0,532882,0,14586,0,0,6699515,6714084,true,true,true,true,true,true,true,true,true,true,true,true,true,true
managed_paragraph_batch_perf_v1,1,replace_body_paragraph_texts,descriptive_same_fixture_alternative_api_path_no_same_api_before_after_claim,128,1,file,batch,ca410eb5ac948e3e90f67505a0e566883a15305e0fa64a90be9e146256160685,532875,fixture-p128-k1.docx,a19ccb4a6e21260c609f8f45fc6d267ac18b285362553baa3ea80c1bd75ddaa2,532882,0,105,false,365551,14900,278511,330,70890,740,532882,a19ccb4a6e21260c609f8f45fc6d267ac18b285362553baa3ea80c1bd75ddaa2,234,0,234,0,true,45,535175,535175,4,0,0,0,1,1,0,7281,1,0,true,0,367535,0,0,8490,535175,0,0,532882,0,14586,0,0,6699515,6714084,true,true,true,true,true,true,true,true,true,true,true,true,true,true
managed_paragraph_batch_perf_v1,1,replace_body_paragraph_texts,descriptive_same_fixture_alternative_api_path_no_same_api_before_after_claim,128,1,file,batch,ca410eb5ac948e3e90f67505a0e566883a15305e0fa64a90be9e146256160685,532875,fixture-p128-k1.docx,a19ccb4a6e21260c609f8f45fc6d267ac18b285362553baa3ea80c1bd75ddaa2,532882,0,106,false,359182,14811,272411,340,70690,740,532882,a19ccb4a6e21260c609f8f45fc6d267ac18b285362553baa3ea80c1bd75ddaa2,236,0,236,0,true,45,535175,535175,4,0,0,0,1,1,0,7281,1,0,true,0,367535,0,0,8490,535175,0,0,532882,0,14586,0,0,6699515,6714084,true,true,true,true,true,true,true,true,true,true,true,true,true,true
managed_paragraph_batch_perf_v1,1,replace_body_paragraph_texts,descriptive_same_fixture_alternative_api_path_no_same_api_before_after_claim,128,1,file,batch,ca410eb5ac948e3e90f67505a0e566883a15305e0fa64a90be9e146256160685,532875,fixture-p128-k1.docx,a19ccb4a6e21260c609f8f45fc6d267ac18b285362553baa3ea80c1bd75ddaa2,532882,0,107,false,358732,14920,272131,300,70381,780,532882,a19ccb4a6e21260c609f8f45fc6d267ac18b285362553baa3ea80c1bd75ddaa2,238,0,238,0,true,45,535175,535175,4,0,0,0,1,1,0,7281,1,0,true,0,367535,0,0,8490,535175,0,0,532882,0,14586,0,0,6699515,6714084,true,true,true,true,true,true,true,true,true,true,true,true,true,true
managed_paragraph_batch_perf_v1,1,replace_body_paragraph_texts,descriptive_same_fixture_alternative_api_path_no_same_api_before_after_claim,128,1,file,batch,ca410eb5ac948e3e90f67505a0e566883a15305e0fa64a90be9e146256160685,532875,fixture-p128-k1.docx,a19ccb4a6e21260c609f8f45fc6d267ac18b285362553baa3ea80c1bd75ddaa2,532882,0,108,false,357691,14730,271341,280,70350,770,532882,a19ccb4a6e21260c609f8f45fc6d267ac18b285362553baa3ea80c1bd75ddaa2,240,0,240,0,true,45,535175,535175,4,0,0,0,1,1,0,7281,1,0,true,0,367535,0,0,8490,535175,0,0,532882,0,14586,0,0,6699515,6714084,true,true,true,true,true,true,true,true,true,true,true,true,true,true
managed_paragraph_batch_perf_v1,1,replace_body_paragraph_texts,descriptive_same_fixture_alternative_api_path_no_same_api_before_after_claim,128,1,file,batch,ca410eb5ac948e3e90f67505a0e566883a15305e0fa64a90be9e146256160685,532875,fixture-p128-k1.docx,a19ccb4a6e21260c609f8f45fc6d267ac18b285362553baa3ea80c1bd75ddaa2,532882,0,109,false,358492,14910,271981,360,70281,760,532882,a19ccb4a6e21260c609f8f45fc6d267ac18b285362553baa3ea80c1bd75ddaa2,242,0,242,0,true,45,535175,535175,4,0,0,0,1,1,0,7281,1,0,true,0,367535,0,0,8490,535175,0,0,532882,0,14586,0,0,6699515,6714084,true,true,true,true,true,true,true,true,true,true,true,true,true,true
managed_paragraph_batch_perf_v1,1,replace_body_paragraph_texts,descriptive_same_fixture_alternative_api_path_no_same_api_before_after_claim,128,1,file,batch,ca410eb5ac948e3e90f67505a0e566883a15305e0fa64a90be9e146256160685,532875,fixture-p128-k1.docx,a19ccb4a6e21260c609f8f45fc6d267ac18b285362553baa3ea80c1bd75ddaa2,532882,0,110,false,365482,14931,278241,370,70990,760,532882,a19ccb4a6e21260c609f8f45fc6d267ac18b285362553baa3ea80c1bd75ddaa2,244,0,244,0,true,45,535175,535175,4,0,0,0,1,1,0,7281,1,0,true,0,367535,0,0,8490,535175,0,0,532882,0,14586,0,0,6699515,6714084,true,true,true,true,true,true,true,true,true,true,true,true,true,true
managed_paragraph_batch_perf_v1,1,replace_body_paragraph_texts,descriptive_same_fixture_alternative_api_path_no_same_api_before_after_claim,128,1,file,batch,ca410eb5ac948e3e90f67505a0e566883a15305e0fa64a90be9e146256160685,532875,fixture-p128-k1.docx,a19ccb4a6e21260c609f8f45fc6d267ac18b285362553baa3ea80c1bd75ddaa2,532882,0,111,false,365242,14730,270081,330,79121,770,532882,a19ccb4a6e21260c609f8f45fc6d267ac18b285362553baa3ea80c1bd75ddaa2,246,0,246,0,true,45,535175,535175,4,0,0,0,1,1,0,7281,1,0,true,0,367535,0,0,8490,535175,0,0,532882,0,14586,0,0,6699515,6714084,true,true,true,true,true,true,true,true,true,true,true,true,true,true
managed_paragraph_batch_perf_v1,1,replace_body_paragraph_texts,descriptive_same_fixture_alternative_api_path_no_same_api_before_after_claim,128,1,file,batch,ca410eb5ac948e3e90f67505a0e566883a15305e0fa64a90be9e146256160685,532875,fixture-p128-k1.docx,a19ccb4a6e21260c609f8f45fc6d267ac18b285362553baa3ea80c1bd75ddaa2,532882,0,112,false,357991,14950,271111,290,70670,780,532882,a19ccb4a6e21260c609f8f45fc6d267ac18b285362553baa3ea80c1bd75ddaa2,248,0,248,0,true,45,535175,535175,4,0,0,0,1,1,0,7281,1,0,true,0,367535,0,0,8490,535175,0,0,532882,0,14586,0,0,6699515,6714084,true,true,true,true,true,true,true,true,true,true,true,true,true,true
managed_paragraph_batch_perf_v1,1,replace_body_paragraph_texts,descriptive_same_fixture_alternative_api_path_no_same_api_before_after_claim,128,1,file,batch,ca410eb5ac948e3e90f67505a0e566883a15305e0fa64a90be9e146256160685,532875,fixture-p128-k1.docx,a19ccb4a6e21260c609f8f45fc6d267ac18b285362553baa3ea80c1bd75ddaa2,532882,0,113,false,357432,14930,270671,300,70581,750,532882,a19ccb4a6e21260c609f8f45fc6d267ac18b285362553baa3ea80c1bd75ddaa2,250,0,250,0,true,45,535175,535175,4,0,0,0,1,1,0,7281,1,0,true,0,367535,0,0,8490,535175,0,0,532882,0,14586,0,0,6699515,6714084,true,true,true,true,true,true,true,true,true,true,true,true,true,true
managed_paragraph_batch_perf_v1,1,replace_body_paragraph_texts,descriptive_same_fixture_alternative_api_path_no_same_api_before_after_claim,128,1,file,batch,ca410eb5ac948e3e90f67505a0e566883a15305e0fa64a90be9e146256160685,532875,fixture-p128-k1.docx,a19ccb4a6e21260c609f8f45fc6d267ac18b285362553baa3ea80c1bd75ddaa2,532882,0,114,false,361191,14940,271041,310,73920,770,532882,a19ccb4a6e21260c609f8f45fc6d267ac18b285362553baa3ea80c1bd75ddaa2,252,0,252,0,true,45,535175,535175,4,0,0,0,1,1,0,7281,1,0,true,0,367535,0,0,8490,535175,0,0,532882,0,14586,0,0,6699515,6714084,true,true,true,true,true,true,true,true,true,true,true,true,true,true
managed_paragraph_batch_perf_v1,1,replace_body_paragraph_texts,descriptive_same_fixture_alternative_api_path_no_same_api_before_after_claim,128,1,file,batch,ca410eb5ac948e3e90f67505a0e566883a15305e0fa64a90be9e146256160685,532875,fixture-p128-k1.docx,a19ccb4a6e21260c609f8f45fc6d267ac18b285362553baa3ea80c1bd75ddaa2,532882,0,115,false,364852,14880,277541,330,71111,800,532882,a19ccb4a6e21260c609f8f45fc6d267ac18b285362553baa3ea80c1bd75ddaa2,254,0,254,0,true,45,535175,535175,4,0,0,0,1,1,0,7281,1,0,true,0,367535,0,0,8490,535175,0,0,532882,0,14586,0,0,6699515,6714084,true,true,true,true,true,true,true,true,true,true,true,true,true,true
managed_paragraph_batch_perf_v1,1,replace_body_paragraph_texts,descriptive_same_fixture_alternative_api_path_no_same_api_before_after_claim,128,1,file,batch,ca410eb5ac948e3e90f67505a0e566883a15305e0fa64a90be9e146256160685,532875,fixture-p128-k1.docx,a19ccb4a6e21260c609f8f45fc6d267ac18b285362553baa3ea80c1bd75ddaa2,532882,0,116,false,366021,14800,278521,330,71380,780,532882,a19ccb4a6e21260c609f8f45fc6d267ac18b285362553baa3ea80c1bd75ddaa2,256,0,256,0,true,45,535175,535175,4,0,0,0,1,1,0,7281,1,0,true,0,367535,0,0,8490,535175,0,0,532882,0,14586,0,0,6699515,6714084,true,true,true,true,true,true,true,true,true,true,true,true,true,true
managed_paragraph_batch_perf_v1,1,replace_body_paragraph_texts,descriptive_same_fixture_alternative_api_path_no_same_api_before_after_claim,128,1,file,batch,ca410eb5ac948e3e90f67505a0e566883a15305e0fa64a90be9e146256160685,532875,fixture-p128-k1.docx,a19ccb4a6e21260c609f8f45fc6d267ac18b285362553baa3ea80c1bd75ddaa2,532882,0,117,false,357902,14880,271271,330,70441,760,532882,a19ccb4a6e21260c609f8f45fc6d267ac18b285362553baa3ea80c1bd75ddaa2,258,0,258,0,true,45,535175,535175,4,0,0,0,1,1,0,7281,1,0,true,0,367535,0,0,8490,535175,0,0,532882,0,14586,0,0,6699515,6714084,true,true,true,true,true,true,true,true,true,true,true,true,true,true
managed_paragraph_batch_perf_v1,1,replace_body_paragraph_texts,descriptive_same_fixture_alternative_api_path_no_same_api_before_after_claim,128,1,file,batch,ca410eb5ac948e3e90f67505a0e566883a15305e0fa64a90be9e146256160685,532875,fixture-p128-k1.docx,a19ccb4a6e21260c609f8f45fc6d267ac18b285362553baa3ea80c1bd75ddaa2,532882,0,118,false,356111,15040,269491,320,70200,780,532882,a19ccb4a6e21260c609f8f45fc6d267ac18b285362553baa3ea80c1bd75ddaa2,260,0,260,0,true,45,535175,535175,4,0,0,0,1,1,0,7281,1,0,true,0,367535,0,0,8490,535175,0,0,532882,0,14586,0,0,6699515,6714084,true,true,true,true,true,true,true,true,true,true,true,true,true,true
managed_paragraph_batch_perf_v1,1,replace_body_paragraph_texts,descriptive_same_fixture_alternative_api_path_no_same_api_before_after_claim,128,1,file,batch,ca410eb5ac948e3e90f67505a0e566883a15305e0fa64a90be9e146256160685,532875,fixture-p128-k1.docx,a19ccb4a6e21260c609f8f45fc6d267ac18b285362553baa3ea80c1bd75ddaa2,532882,0,119,false,363022,14840,274551,320,72401,730,532882,a19ccb4a6e21260c609f8f45fc6d267ac18b285362553baa3ea80c1bd75ddaa2,262,0,262,0,true,45,535175,535175,4,0,0,0,1,1,0,7281,1,0,true,0,367535,0,0,8490,535175,0,0,532882,0,14586,0,0,6699515,6714084,true,true,true,true,true,true,true,true,true,true,true,true,true,true
managed_paragraph_batch_perf_v1,1,replace_body_paragraph_texts,descriptive_same_fixture_alternative_api_path_no_same_api_before_after_claim,128,1,file,batch,ca410eb5ac948e3e90f67505a0e566883a15305e0fa64a90be9e146256160685,532875,fixture-p128-k1.docx,a19ccb4a6e21260c609f8f45fc6d267ac18b285362553baa3ea80c1bd75ddaa2,532882,0,120,false,359251,15610,271741,350,70590,750,532882,a19ccb4a6e21260c609f8f45fc6d267ac18b285362553baa3ea80c1bd75ddaa2,264,0,264,0,true,45,535175,535175,4,0,0,0,1,1,0,7281,1,0,true,0,367535,0,0,8490,535175,0,0,532882,0,14586,0,0,6699515,6714084,true,true,true,true,true,true,true,true,true,true,true,true,true,true
managed_paragraph_batch_perf_v1,1,replace_body_paragraph_texts,descriptive_same_fixture_alternative_api_path_no_same_api_before_after_claim,128,1,file,batch,ca410eb5ac948e3e90f67505a0e566883a15305e0fa64a90be9e146256160685,532875,fixture-p128-k1.docx,a19ccb4a6e21260c609f8f45fc6d267ac18b285362553baa3ea80c1bd75ddaa2,532882,0,121,false,364672,14710,278151,380,70471,750,532882,a19ccb4a6e21260c609f8f45fc6d267ac18b285362553baa3ea80c1bd75ddaa2,266,0,266,0,true,45,535175,535175,4,0,0,0,1,1,0,7281,1,0,true,0,367535,0,0,8490,535175,0,0,532882,0,14586,0,0,6699515,6714084,true,true,true,true,true,true,true,true,true,true,true,true,true,true
managed_paragraph_batch_perf_v1,1,replace_body_paragraph_texts,descriptive_same_fixture_alternative_api_path_no_same_api_before_after_claim,128,1,file,batch,ca410eb5ac948e3e90f67505a0e566883a15305e0fa64a90be9e146256160685,532875,fixture-p128-k1.docx,a19ccb4a6e21260c609f8f45fc6d267ac18b285362553baa3ea80c1bd75ddaa2,532882,0,122,false,364021,14810,269861,290,78100,770,532882,a19ccb4a6e21260c609f8f45fc6d267ac18b285362553baa3ea80c1bd75ddaa2,268,0,268,0,true,45,535175,535175,4,0,0,0,1,1,0,7281,1,0,true,0,367535,0,0,8490,535175,0,0,532882,0,14586,0,0,6699515,6714084,true,true,true,true,true,true,true,true,true,true,true,true,true,true
managed_paragraph_batch_perf_v1,1,replace_body_paragraph_texts,descriptive_same_fixture_alternative_api_path_no_same_api_before_after_claim,128,1,file,batch,ca410eb5ac948e3e90f67505a0e566883a15305e0fa64a90be9e146256160685,532875,fixture-p128-k1.docx,a19ccb4a6e21260c609f8f45fc6d267ac18b285362553baa3ea80c1bd75ddaa2,532882,0,123,false,357022,14740,271001,300,70011,780,532882,a19ccb4a6e21260c609f8f45fc6d267ac18b285362553baa3ea80c1bd75ddaa2,270,0,270,0,true,45,535175,535175,4,0,0,0,1,1,0,7281,1,0,true,0,367535,0,0,8490,535175,0,0,532882,0,14586,0,0,6699515,6714084,true,true,true,true,true,true,true,true,true,true,true,true,true,true
managed_paragraph_batch_perf_v1,1,replace_body_paragraph_texts,descriptive_same_fixture_alternative_api_path_no_same_api_before_after_claim,128,1,file,batch,ca410eb5ac948e3e90f67505a0e566883a15305e0fa64a90be9e146256160685,532875,fixture-p128-k1.docx,a19ccb4a6e21260c609f8f45fc6d267ac18b285362553baa3ea80c1bd75ddaa2,532882,0,124,false,362541,14580,276061,320,70650,750,532882,a19ccb4a6e21260c609f8f45fc6d267ac18b285362553baa3ea80c1bd75ddaa2,272,0,272,0,true,45,535175,535175,4,0,0,0,1,1,0,7281,1,0,true,0,367535,0,0,8490,535175,0,0,532882,0,14586,0,0,6699515,6714084,true,true,true,true,true,true,true,true,true,true,true,true,true,true
managed_paragraph_batch_perf_v1,1,replace_body_paragraph_texts,descriptive_same_fixture_alternative_api_path_no_same_api_before_after_claim,128,1,file,batch,ca410eb5ac948e3e90f67505a0e566883a15305e0fa64a90be9e146256160685,532875,fixture-p128-k1.docx,a19ccb4a6e21260c609f8f45fc6d267ac18b285362553baa3ea80c1bd75ddaa2,532882,0,125,false,359042,14680,272481,360,70341,790,532882,a19ccb4a6e21260c609f8f45fc6d267ac18b285362553baa3ea80c1bd75ddaa2,274,0,274,0,true,45,535175,535175,4,0,0,0,1,1,0,7281,1,0,true,0,367535,0,0,8490,535175,0,0,532882,0,14586,0,0,6699515,6714084,true,true,true,true,true,true,true,true,true,true,true,true,true,true
managed_paragraph_batch_perf_v1,1,replace_body_paragraph_texts,descriptive_same_fixture_alternative_api_path_no_same_api_before_after_claim,128,1,file,batch,ca410eb5ac948e3e90f67505a0e566883a15305e0fa64a90be9e146256160685,532875,fixture-p128-k1.docx,a19ccb4a6e21260c609f8f45fc6d267ac18b285362553baa3ea80c1bd75ddaa2,532882,0,126,false,363601,14760,277051,360,70500,760,532882,a19ccb4a6e21260c609f8f45fc6d267ac18b285362553baa3ea80c1bd75ddaa2,276,0,276,0,true,45,535175,535175,4,0,0,0,1,1,0,7281,1,0,true,0,367535,0,0,8490,535175,0,0,532882,0,14586,0,0,6699515,6714084,true,true,true,true,true,true,true,true,true,true,true,true,true,true
managed_paragraph_batch_perf_v1,1,replace_body_paragraph_texts,descriptive_same_fixture_alternative_api_path_no_same_api_before_after_claim,128,1,file,batch,ca410eb5ac948e3e90f67505a0e566883a15305e0fa64a90be9e146256160685,532875,fixture-p128-k1.docx,a19ccb4a6e21260c609f8f45fc6d267ac18b285362553baa3ea80c1bd75ddaa2,532882,0,127,false,365442,14520,279011,310,70651,750,532882,a19ccb4a6e21260c609f8f45fc6d267ac18b285362553baa3ea80c1bd75ddaa2,278,0,278,0,true,45,535175,535175,4,0,0,0,1,1,0,7281,1,0,true,0,367535,0,0,8490,535175,0,0,532882,0,14586,0,0,6699515,6714084,true,true,true,true,true,true,true,true,true,true,true,true,true,true
managed_paragraph_batch_perf_v1,1,replace_body_paragraph_texts,descriptive_same_fixture_alternative_api_path_no_same_api_before_after_claim,128,1,file,batch,ca410eb5ac948e3e90f67505a0e566883a15305e0fa64a90be9e146256160685,532875,fixture-p128-k1.docx,a19ccb4a6e21260c609f8f45fc6d267ac18b285362553baa3ea80c1bd75ddaa2,532882,0,128,false,355481,14630,269251,340,70300,770,532882,a19ccb4a6e21260c609f8f45fc6d267ac18b285362553baa3ea80c1bd75ddaa2,280,0,280,0,true,45,535175,535175,4,0,0,0,1,1,0,7281,1,0,true,0,367535,0,0,8490,535175,0,0,532882,0,14586,0,0,6699515,6714084,true,true,true,true,true,true,true,true,true,true,true,true,true,true
managed_paragraph_batch_perf_v1,1,replace_body_paragraph_texts,descriptive_same_fixture_alternative_api_path_no_same_api_before_after_claim,128,1,file,batch,ca410eb5ac948e3e90f67505a0e566883a15305e0fa64a90be9e146256160685,532875,fixture-p128-k1.docx,a19ccb4a6e21260c609f8f45fc6d267ac18b285362553baa3ea80c1bd75ddaa2,532882,0,129,false,360292,15230,273101,330,70701,740,532882,a19ccb4a6e21260c609f8f45fc6d267ac18b285362553baa3ea80c1bd75ddaa2,282,0,282,0,true,45,535175,535175,4,0,0,0,1,1,0,7281,1,0,true,0,367535,0,0,8490,535175,0,0,532882,0,14586,0,0,6699515,6714084,true,true,true,true,true,true,true,true,true,true,true,true,true,true
managed_paragraph_batch_perf_v1,1,replace_body_paragraph_texts,descriptive_same_fixture_alternative_api_path_no_same_api_before_after_claim,128,1,file,batch,ca410eb5ac948e3e90f67505a0e566883a15305e0fa64a90be9e146256160685,532875,fixture-p128-k1.docx,a19ccb4a6e21260c609f8f45fc6d267ac18b285362553baa3ea80c1bd75ddaa2,532882,0,130,false,355501,14720,268761,320,70660,740,532882,a19ccb4a6e21260c609f8f45fc6d267ac18b285362553baa3ea80c1bd75ddaa2,284,0,284,0,true,45,535175,535175,4,0,0,0,1,1,0,7281,1,0,true,0,367535,0,0,8490,535175,0,0,532882,0,14586,0,0,6699515,6714084,true,true,true,true,true,true,true,true,true,true,true,true,true,true
managed_paragraph_batch_perf_v1,1,replace_body_paragraph_texts,descriptive_same_fixture_alternative_api_path_no_same_api_before_after_claim,128,1,file,batch,ca410eb5ac948e3e90f67505a0e566883a15305e0fa64a90be9e146256160685,532875,fixture-p128-k1.docx,a19ccb4a6e21260c609f8f45fc6d267ac18b285362553baa3ea80c1bd75ddaa2,532882,0,131,false,364632,14810,277681,330,70871,730,532882,a19ccb4a6e21260c609f8f45fc6d267ac18b285362553baa3ea80c1bd75ddaa2,286,0,286,0,true,45,535175,535175,4,0,0,0,1,1,0,7281,1,0,true,0,367535,0,0,8490,535175,0,0,532882,0,14586,0,0,6699515,6714084,true,true,true,true,true,true,true,true,true,true,true,true,true,true
managed_paragraph_batch_perf_v1,1,replace_body_paragraph_texts,descriptive_same_fixture_alternative_api_path_no_same_api_before_after_claim,128,1,file,batch,ca410eb5ac948e3e90f67505a0e566883a15305e0fa64a90be9e146256160685,532875,fixture-p128-k1.docx,a19ccb4a6e21260c609f8f45fc6d267ac18b285362553baa3ea80c1bd75ddaa2,532882,0,132,false,364071,14550,277621,310,70660,740,532882,a19ccb4a6e21260c609f8f45fc6d267ac18b285362553baa3ea80c1bd75ddaa2,288,0,288,0,true,45,535175,535175,4,0,0,0,1,1,0,7281,1,0,true,0,367535,0,0,8490,535175,0,0,532882,0,14586,0,0,6699515,6714084,true,true,true,true,true,true,true,true,true,true,true,true,true,true
managed_paragraph_batch_perf_v1,1,replace_body_paragraph_texts,descriptive_same_fixture_alternative_api_path_no_same_api_before_after_claim,128,1,file,batch,ca410eb5ac948e3e90f67505a0e566883a15305e0fa64a90be9e146256160685,532875,fixture-p128-k1.docx,a19ccb4a6e21260c609f8f45fc6d267ac18b285362553baa3ea80c1bd75ddaa2,532882,0,133,false,355852,14580,269581,330,70441,730,532882,a19ccb4a6e21260c609f8f45fc6d267ac18b285362553baa3ea80c1bd75ddaa2,290,0,290,0,true,45,535175,535175,4,0,0,0,1,1,0,7281,1,0,true,0,367535,0,0,8490,535175,0,0,532882,0,14586,0,0,6699515,6714084,true,true,true,true,true,true,true,true,true,true,true,true,true,true
managed_paragraph_batch_perf_v1,1,replace_body_paragraph_texts,descriptive_same_fixture_alternative_api_path_no_same_api_before_after_claim,128,1,file,batch,ca410eb5ac948e3e90f67505a0e566883a15305e0fa64a90be9e146256160685,532875,fixture-p128-k1.docx,a19ccb4a6e21260c609f8f45fc6d267ac18b285362553baa3ea80c1bd75ddaa2,532882,0,134,false,360861,14910,274511,320,70180,750,532882,a19ccb4a6e21260c609f8f45fc6d267ac18b285362553baa3ea80c1bd75ddaa2,292,0,292,0,true,45,535175,535175,4,0,0,0,1,1,0,7281,1,0,true,0,367535,0,0,8490,535175,0,0,532882,0,14586,0,0,6699515,6714084,true,true,true,true,true,true,true,true,true,true,true,true,true,true
managed_paragraph_batch_perf_v1,1,replace_body_paragraph_texts,descriptive_same_fixture_alternative_api_path_no_same_api_before_after_claim,128,1,file,batch,ca410eb5ac948e3e90f67505a0e566883a15305e0fa64a90be9e146256160685,532875,fixture-p128-k1.docx,a19ccb4a6e21260c609f8f45fc6d267ac18b285362553baa3ea80c1bd75ddaa2,532882,0,135,false,357042,15020,270931,280,69871,740,532882,a19ccb4a6e21260c609f8f45fc6d267ac18b285362553baa3ea80c1bd75ddaa2,294,0,294,0,true,45,535175,535175,4,0,0,0,1,1,0,7281,1,0,true,0,367535,0,0,8490,535175,0,0,532882,0,14586,0,0,6699515,6714084,true,true,true,true,true,true,true,true,true,true,true,true,true,true
managed_paragraph_batch_perf_v1,1,replace_body_paragraph_texts,descriptive_same_fixture_alternative_api_path_no_same_api_before_after_claim,128,1,file,batch,ca410eb5ac948e3e90f67505a0e566883a15305e0fa64a90be9e146256160685,532875,fixture-p128-k1.docx,a19ccb4a6e21260c609f8f45fc6d267ac18b285362553baa3ea80c1bd75ddaa2,532882,0,136,false,356551,15310,269131,320,70810,760,532882,a19ccb4a6e21260c609f8f45fc6d267ac18b285362553baa3ea80c1bd75ddaa2,296,0,296,0,true,45,535175,535175,4,0,0,0,1,1,0,7281,1,0,true,0,367535,0,0,8490,535175,0,0,532882,0,14586,0,0,6699515,6714084,true,true,true,true,true,true,true,true,true,true,true,true,true,true
managed_paragraph_batch_perf_v1,1,replace_body_paragraph_texts,descriptive_same_fixture_alternative_api_path_no_same_api_before_after_claim,128,1,file,batch,ca410eb5ac948e3e90f67505a0e566883a15305e0fa64a90be9e146256160685,532875,fixture-p128-k1.docx,a19ccb4a6e21260c609f8f45fc6d267ac18b285362553baa3ea80c1bd75ddaa2,532882,0,137,false,363752,14800,276491,340,71181,740,532882,a19ccb4a6e21260c609f8f45fc6d267ac18b285362553baa3ea80c1bd75ddaa2,298,0,298,0,true,45,535175,535175,4,0,0,0,1,1,0,7281,1,0,true,0,367535,0,0,8490,535175,0,0,532882,0,14586,0,0,6699515,6714084,true,true,true,true,true,true,true,true,true,true,true,true,true,true
managed_paragraph_batch_perf_v1,1,replace_body_paragraph_texts,descriptive_same_fixture_alternative_api_path_no_same_api_before_after_claim,128,1,file,batch,ca410eb5ac948e3e90f67505a0e566883a15305e0fa64a90be9e146256160685,532875,fixture-p128-k1.docx,a19ccb4a6e21260c609f8f45fc6d267ac18b285362553baa3ea80c1bd75ddaa2,532882,0,138,false,354201,14680,268261,320,70010,730,532882,a19ccb4a6e21260c609f8f45fc6d267ac18b285362553baa3ea80c1bd75ddaa2,300,0,300,0,true,45,535175,535175,4,0,0,0,1,1,0,7281,1,0,true,0,367535,0,0,8490,535175,0,0,532882,0,14586,0,0,6699515,6714084,true,true,true,true,true,true,true,true,true,true,true,true,true,true
managed_paragraph_batch_perf_v1,1,replace_body_paragraph_texts,descriptive_same_fixture_alternative_api_path_no_same_api_before_after_claim,128,1,file,batch,ca410eb5ac948e3e90f67505a0e566883a15305e0fa64a90be9e146256160685,532875,fixture-p128-k1.docx,a19ccb4a6e21260c609f8f45fc6d267ac18b285362553baa3ea80c1bd75ddaa2,532882,0,139,false,361982,14620,275591,310,70501,730,532882,a19ccb4a6e21260c609f8f45fc6d267ac18b285362553baa3ea80c1bd75ddaa2,302,0,302,0,true,45,535175,535175,4,0,0,0,1,1,0,7281,1,0,true,0,367535,0,0,8490,535175,0,0,532882,0,14586,0,0,6699515,6714084,true,true,true,true,true,true,true,true,true,true,true,true,true,true
managed_paragraph_batch_perf_v1,1,replace_body_paragraph_texts,descriptive_same_fixture_alternative_api_path_no_same_api_before_after_claim,128,1,file,batch,ca410eb5ac948e3e90f67505a0e566883a15305e0fa64a90be9e146256160685,532875,fixture-p128-k1.docx,a19ccb4a6e21260c609f8f45fc6d267ac18b285362553baa3ea80c1bd75ddaa2,532882,0,140,false,359091,15280,272451,310,69970,760,532882,a19ccb4a6e21260c609f8f45fc6d267ac18b285362553baa3ea80c1bd75ddaa2,304,0,304,0,true,45,535175,535175,4,0,0,0,1,1,0,7281,1,0,true,0,367535,0,0,8490,535175,0,0,532882,0,14586,0,0,6699515,6714084,true,true,true,true,true,true,true,true,true,true,true,true,true,true
managed_paragraph_batch_perf_v1,1,replace_body_paragraph_texts,descriptive_same_fixture_alternative_api_path_no_same_api_before_after_claim,128,1,file,batch,ca410eb5ac948e3e90f67505a0e566883a15305e0fa64a90be9e146256160685,532875,fixture-p128-k1.docx,a19ccb4a6e21260c609f8f45fc6d267ac18b285362553baa3ea80c1bd75ddaa2,532882,0,141,false,358852,15010,271781,370,70691,780,532882,a19ccb4a6e21260c609f8f45fc6d267ac18b285362553baa3ea80c1bd75ddaa2,306,0,306,0,true,45,535175,535175,4,0,0,0,1,1,0,7281,1,0,true,0,367535,0,0,8490,535175,0,0,532882,0,14586,0,0,6699515,6714084,true,true,true,true,true,true,true,true,true,true,true,true,true,true
managed_paragraph_batch_perf_v1,1,replace_body_paragraph_texts,descriptive_same_fixture_alternative_api_path_no_same_api_before_after_claim,128,1,file,batch,ca410eb5ac948e3e90f67505a0e566883a15305e0fa64a90be9e146256160685,532875,fixture-p128-k1.docx,a19ccb4a6e21260c609f8f45fc6d267ac18b285362553baa3ea80c1bd75ddaa2,532882,0,142,false,368931,14670,280991,360,71970,740,532882,a19ccb4a6e21260c609f8f45fc6d267ac18b285362553baa3ea80c1bd75ddaa2,308,0,308,0,true,45,535175,535175,4,0,0,0,1,1,0,7281,1,0,true,0,367535,0,0,8490,535175,0,0,532882,0,14586,0,0,6699515,6714084,true,true,true,true,true,true,true,true,true,true,true,true,true,true
managed_paragraph_batch_perf_v1,1,replace_body_paragraph_texts,descriptive_same_fixture_alternative_api_path_no_same_api_before_after_claim,128,1,file,batch,ca410eb5ac948e3e90f67505a0e566883a15305e0fa64a90be9e146256160685,532875,fixture-p128-k1.docx,a19ccb4a6e21260c609f8f45fc6d267ac18b285362553baa3ea80c1bd75ddaa2,532882,0,143,false,367102,14950,272431,310,78451,760,532882,a19ccb4a6e21260c609f8f45fc6d267ac18b285362553baa3ea80c1bd75ddaa2,310,0,310,0,true,45,535175,535175,4,0,0,0,1,1,0,7281,1,0,true,0,367535,0,0,8490,535175,0,0,532882,0,14586,0,0,6699515,6714084,true,true,true,true,true,true,true,true,true,true,true,true,true,true
managed_paragraph_batch_perf_v1,1,replace_body_paragraph_texts,descriptive_same_fixture_alternative_api_path_no_same_api_before_after_claim,128,1,file,batch,ca410eb5ac948e3e90f67505a0e566883a15305e0fa64a90be9e146256160685,532875,fixture-p128-k1.docx,a19ccb4a6e21260c609f8f45fc6d267ac18b285362553baa3ea80c1bd75ddaa2,532882,0,144,false,356641,14890,269301,350,71120,740,532882,a19ccb4a6e21260c609f8f45fc6d267ac18b285362553baa3ea80c1bd75ddaa2,312,0,312,0,true,45,535175,535175,4,0,0,0,1,1,0,7281,1,0,true,0,367535,0,0,8490,535175,0,0,532882,0,14586,0,0,6699515,6714084,true,true,true,true,true,true,true,true,true,true,true,true,true,true
managed_paragraph_batch_perf_v1,1,replace_body_paragraph_texts,descriptive_same_fixture_alternative_api_path_no_same_api_before_after_claim,128,1,file,batch,ca410eb5ac948e3e90f67505a0e566883a15305e0fa64a90be9e146256160685,532875,fixture-p128-k1.docx,a19ccb4a6e21260c609f8f45fc6d267ac18b285362553baa3ea80c1bd75ddaa2,532882,0,145,false,358762,15100,271681,310,70531,730,532882,a19ccb4a6e21260c609f8f45fc6d267ac18b285362553baa3ea80c1bd75ddaa2,314,0,314,0,true,45,535175,535175,4,0,0,0,1,1,0,7281,1,0,true,0,367535,0,0,8490,535175,0,0,532882,0,14586,0,0,6699515,6714084,true,true,true,true,true,true,true,true,true,true,true,true,true,true
managed_paragraph_batch_perf_v1,1,replace_body_paragraph_texts,descriptive_same_fixture_alternative_api_path_no_same_api_before_after_claim,128,1,file,batch,ca410eb5ac948e3e90f67505a0e566883a15305e0fa64a90be9e146256160685,532875,fixture-p128-k1.docx,a19ccb4a6e21260c609f8f45fc6d267ac18b285362553baa3ea80c1bd75ddaa2,532882,0,146,false,358161,15120,271191,330,70570,740,532882,a19ccb4a6e21260c609f8f45fc6d267ac18b285362553baa3ea80c1bd75ddaa2,316,0,316,0,true,45,535175,535175,4,0,0,0,1,1,0,7281,1,0,true,0,367535,0,0,8490,535175,0,0,532882,0,14586,0,0,6699515,6714084,true,true,true,true,true,true,true,true,true,true,true,true,true,true
managed_paragraph_batch_perf_v1,1,replace_body_paragraph_texts,descriptive_same_fixture_alternative_api_path_no_same_api_before_after_claim,128,1,file,batch,ca410eb5ac948e3e90f67505a0e566883a15305e0fa64a90be9e146256160685,532875,fixture-p128-k1.docx,a19ccb4a6e21260c609f8f45fc6d267ac18b285362553baa3ea80c1bd75ddaa2,532882,0,147,false,365802,14580,279001,340,70921,740,532882,a19ccb4a6e21260c609f8f45fc6d267ac18b285362553baa3ea80c1bd75ddaa2,318,0,318,0,true,45,535175,535175,4,0,0,0,1,1,0,7281,1,0,true,0,367535,0,0,8490,535175,0,0,532882,0,14586,0,0,6699515,6714084,true,true,true,true,true,true,true,true,true,true,true,true,true,true
managed_paragraph_batch_perf_v1,1,replace_body_paragraph_texts,descriptive_same_fixture_alternative_api_path_no_same_api_before_after_claim,128,1,file,batch,ca410eb5ac948e3e90f67505a0e566883a15305e0fa64a90be9e146256160685,532875,fixture-p128-k1.docx,a19ccb4a6e21260c609f8f45fc6d267ac18b285362553baa3ea80c1bd75ddaa2,532882,0,148,false,363171,14800,276411,320,70710,730,532882,a19ccb4a6e21260c609f8f45fc6d267ac18b285362553baa3ea80c1bd75ddaa2,320,0,320,0,true,45,535175,535175,4,0,0,0,1,1,0,7281,1,0,true,0,367535,0,0,8490,535175,0,0,532882,0,14586,0,0,6699515,6714084,true,true,true,true,true,true,true,true,true,true,true,true,true,true
managed_paragraph_batch_perf_v1,1,replace_body_paragraph_texts,descriptive_same_fixture_alternative_api_path_no_same_api_before_after_claim,128,1,file,batch,ca410eb5ac948e3e90f67505a0e566883a15305e0fa64a90be9e146256160685,532875,fixture-p128-k1.docx,a19ccb4a6e21260c609f8f45fc6d267ac18b285362553baa3ea80c1bd75ddaa2,532882,0,149,false,357232,14600,270911,280,70511,730,532882,a19ccb4a6e21260c609f8f45fc6d267ac18b285362553baa3ea80c1bd75ddaa2,322,0,322,0,true,45,535175,535175,4,0,0,0,1,1,0,7281,1,0,true,0,367535,0,0,8490,535175,0,0,532882,0,14586,0,0,6699515,6714084,true,true,true,true,true,true,true,true,true,true,true,true,true,true
managed_paragraph_batch_perf_v1,1,replace_body_paragraph_texts,descriptive_same_fixture_alternative_api_path_no_same_api_before_after_claim,128,1,file,batch,ca410eb5ac948e3e90f67505a0e566883a15305e0fa64a90be9e146256160685,532875,fixture-p128-k1.docx,a19ccb4a6e21260c609f8f45fc6d267ac18b285362553baa3ea80c1bd75ddaa2,532882,0,150,false,358801,14660,272421,330,70330,740,532882,a19ccb4a6e21260c609f8f45fc6d267ac18b285362553baa3ea80c1bd75ddaa2,324,0,324,0,true,45,535175,535175,4,0,0,0,1,1,0,7281,1,0,true,0,367535,0,0,8490,535175,0,0,532882,0,14586,0,0,6699515,6714084,true,true,true,true,true,true,true,true,true,true,true,true,true,true
managed_paragraph_batch_perf_v1,1,replace_body_paragraph_texts,descriptive_same_fixture_alternative_api_path_no_same_api_before_after_claim,128,1,file,batch,ca410eb5ac948e3e90f67505a0e566883a15305e0fa64a90be9e146256160685,532875,fixture-p128-k1.docx,a19ccb4a6e21260c609f8f45fc6d267ac18b285362553baa3ea80c1bd75ddaa2,532882,0,151,false,358182,15080,271451,330,70271,740,532882,a19ccb4a6e21260c609f8f45fc6d267ac18b285362553baa3ea80c1bd75ddaa2,326,0,326,0,true,45,535175,535175,4,0,0,0,1,1,0,7281,1,0,true,0,367535,0,0,8490,535175,0,0,532882,0,14586,0,0,6699515,6714084,true,true,true,true,true,true,true,true,true,true,true,true,true,true
managed_paragraph_batch_perf_v1,1,replace_body_paragraph_texts,descriptive_same_fixture_alternative_api_path_no_same_api_before_after_claim,128,1,file,batch,ca410eb5ac948e3e90f67505a0e566883a15305e0fa64a90be9e146256160685,532875,fixture-p128-k1.docx,a19ccb4a6e21260c609f8f45fc6d267ac18b285362553baa3ea80c1bd75ddaa2,532882,0,152,false,357511,14720,270781,330,70610,750,532882,a19ccb4a6e21260c609f8f45fc6d267ac18b285362553baa3ea80c1bd75ddaa2,328,0,328,0,true,45,535175,535175,4,0,0,0,1,1,0,7281,1,0,true,0,367535,0,0,8490,535175,0,0,532882,0,14586,0,0,6699515,6714084,true,true,true,true,true,true,true,true,true,true,true,true,true,true
managed_paragraph_batch_perf_v1,1,replace_body_paragraph_texts,descriptive_same_fixture_alternative_api_path_no_same_api_before_after_claim,128,1,file,batch,ca410eb5ac948e3e90f67505a0e566883a15305e0fa64a90be9e146256160685,532875,fixture-p128-k1.docx,a19ccb4a6e21260c609f8f45fc6d267ac18b285362553baa3ea80c1bd75ddaa2,532882,0,153,false,364432,14810,277681,330,70681,760,532882,a19ccb4a6e21260c609f8f45fc6d267ac18b285362553baa3ea80c1bd75ddaa2,330,0,330,0,true,45,535175,535175,4,0,0,0,1,1,0,7281,1,0,true,0,367535,0,0,8490,535175,0,0,532882,0,14586,0,0,6699515,6714084,true,true,true,true,true,true,true,true,true,true,true,true,true,true
managed_paragraph_batch_perf_v1,1,replace_body_paragraph_texts,descriptive_same_fixture_alternative_api_path_no_same_api_before_after_claim,128,1,file,batch,ca410eb5ac948e3e90f67505a0e566883a15305e0fa64a90be9e146256160685,532875,fixture-p128-k1.docx,a19ccb4a6e21260c609f8f45fc6d267ac18b285362553baa3ea80c1bd75ddaa2,532882,0,154,false,365451,14720,271341,350,78080,760,532882,a19ccb4a6e21260c609f8f45fc6d267ac18b285362553baa3ea80c1bd75ddaa2,332,0,332,0,true,45,535175,535175,4,0,0,0,1,1,0,7281,1,0,true,0,367535,0,0,8490,535175,0,0,532882,0,14586,0,0,6699515,6714084,true,true,true,true,true,true,true,true,true,true,true,true,true,true
managed_paragraph_batch_perf_v1,1,replace_body_paragraph_texts,descriptive_same_fixture_alternative_api_path_no_same_api_before_after_claim,128,1,file,batch,ca410eb5ac948e3e90f67505a0e566883a15305e0fa64a90be9e146256160685,532875,fixture-p128-k1.docx,a19ccb4a6e21260c609f8f45fc6d267ac18b285362553baa3ea80c1bd75ddaa2,532882,0,155,false,359612,14830,273351,300,70191,730,532882,a19ccb4a6e21260c609f8f45fc6d267ac18b285362553baa3ea80c1bd75ddaa2,334,0,334,0,true,45,535175,535175,4,0,0,0,1,1,0,7281,1,0,true,0,367535,0,0,8490,535175,0,0,532882,0,14586,0,0,6699515,6714084,true,true,true,true,true,true,true,true,true,true,true,true,true,true
managed_paragraph_batch_perf_v1,1,replace_body_paragraph_texts,descriptive_same_fixture_alternative_api_path_no_same_api_before_after_claim,128,1,file,batch,ca410eb5ac948e3e90f67505a0e566883a15305e0fa64a90be9e146256160685,532875,fixture-p128-k1.docx,a19ccb4a6e21260c609f8f45fc6d267ac18b285362553baa3ea80c1bd75ddaa2,532882,0,156,false,357631,14860,271131,320,70280,720,532882,a19ccb4a6e21260c609f8f45fc6d267ac18b285362553baa3ea80c1bd75ddaa2,336,0,336,0,true,45,535175,535175,4,0,0,0,1,1,0,7281,1,0,true,0,367535,0,0,8490,535175,0,0,532882,0,14586,0,0,6699515,6714084,true,true,true,true,true,true,true,true,true,true,true,true,true,true
managed_paragraph_batch_perf_v1,1,replace_body_paragraph_texts,descriptive_same_fixture_alternative_api_path_no_same_api_before_after_claim,128,1,file,batch,ca410eb5ac948e3e90f67505a0e566883a15305e0fa64a90be9e146256160685,532875,fixture-p128-k1.docx,a19ccb4a6e21260c609f8f45fc6d267ac18b285362553baa3ea80c1bd75ddaa2,532882,0,157,false,357012,14970,270141,300,70671,760,532882,a19ccb4a6e21260c609f8f45fc6d267ac18b285362553baa3ea80c1bd75ddaa2,338,0,338,0,true,45,535175,535175,4,0,0,0,1,1,0,7281,1,0,true,0,367535,0,0,8490,535175,0,0,532882,0,14586,0,0,6699515,6714084,true,true,true,true,true,true,true,true,true,true,true,true,true,true
managed_paragraph_batch_perf_v1,1,replace_body_paragraph_texts,descriptive_same_fixture_alternative_api_path_no_same_api_before_after_claim,128,1,file,batch,ca410eb5ac948e3e90f67505a0e566883a15305e0fa64a90be9e146256160685,532875,fixture-p128-k1.docx,a19ccb4a6e21260c609f8f45fc6d267ac18b285362553baa3ea80c1bd75ddaa2,532882,0,158,false,364111,14710,276851,340,71260,770,532882,a19ccb4a6e21260c609f8f45fc6d267ac18b285362553baa3ea80c1bd75ddaa2,340,0,340,0,true,45,535175,535175,4,0,0,0,1,1,0,7281,1,0,true,0,367535,0,0,8490,535175,0,0,532882,0,14586,0,0,6699515,6714084,true,true,true,true,true,true,true,true,true,true,true,true,true,true
managed_paragraph_batch_perf_v1,1,replace_body_paragraph_texts,descriptive_same_fixture_alternative_api_path_no_same_api_before_after_claim,128,1,file,batch,ca410eb5ac948e3e90f67505a0e566883a15305e0fa64a90be9e146256160685,532875,fixture-p128-k1.docx,a19ccb4a6e21260c609f8f45fc6d267ac18b285362553baa3ea80c1bd75ddaa2,532882,0,159,false,364872,15020,270341,310,78201,780,532882,a19ccb4a6e21260c609f8f45fc6d267ac18b285362553baa3ea80c1bd75ddaa2,342,0,342,0,true,45,535175,535175,4,0,0,0,1,1,0,7281,1,0,true,0,367535,0,0,8490,535175,0,0,532882,0,14586,0,0,6699515,6714084,true,true,true,true,true,true,true,true,true,true,true,true,true,true
managed_paragraph_batch_perf_v1,1,replace_body_paragraph_texts,descriptive_same_fixture_alternative_api_path_no_same_api_before_after_claim,128,1,file,batch,ca410eb5ac948e3e90f67505a0e566883a15305e0fa64a90be9e146256160685,532875,fixture-p128-k1.docx,a19ccb4a6e21260c609f8f45fc6d267ac18b285362553baa3ea80c1bd75ddaa2,532882,0,160,false,358561,14900,271931,300,70490,730,532882,a19ccb4a6e21260c609f8f45fc6d267ac18b285362553baa3ea80c1bd75ddaa2,344,0,344,0,true,45,535175,535175,4,0,0,0,1,1,0,7281,1,0,true,0,367535,0,0,8490,535175,0,0,532882,0,14586,0,0,6699515,6714084,true,true,true,true,true,true,true,true,true,true,true,true,true,true
managed_paragraph_batch_perf_v1,1,replace_body_paragraph_texts,descriptive_same_fixture_alternative_api_path_no_same_api_before_after_claim,128,1,file,batch,ca410eb5ac948e3e90f67505a0e566883a15305e0fa64a90be9e146256160685,532875,fixture-p128-k1.docx,a19ccb4a6e21260c609f8f45fc6d267ac18b285362553baa3ea80c1bd75ddaa2,532882,0,161,false,360282,15320,273001,280,70691,770,532882,a19ccb4a6e21260c609f8f45fc6d267ac18b285362553baa3ea80c1bd75ddaa2,346,0,346,0,true,45,535175,535175,4,0,0,0,1,1,0,7281,1,0,true,0,367535,0,0,8490,535175,0,0,532882,0,14586,0,0,6699515,6714084,true,true,true,true,true,true,true,true,true,true,true,true,true,true
managed_paragraph_batch_perf_v1,1,replace_body_paragraph_texts,descriptive_same_fixture_alternative_api_path_no_same_api_before_after_claim,128,1,file,batch,ca410eb5ac948e3e90f67505a0e566883a15305e0fa64a90be9e146256160685,532875,fixture-p128-k1.docx,a19ccb4a6e21260c609f8f45fc6d267ac18b285362553baa3ea80c1bd75ddaa2,532882,0,162,false,361401,15120,274711,340,70250,780,532882,a19ccb4a6e21260c609f8f45fc6d267ac18b285362553baa3ea80c1bd75ddaa2,348,0,348,0,true,45,535175,535175,4,0,0,0,1,1,0,7281,1,0,true,0,367535,0,0,8490,535175,0,0,532882,0,14586,0,0,6699515,6714084,true,true,true,true,true,true,true,true,true,true,true,true,true,true
managed_paragraph_batch_perf_v1,1,replace_body_paragraph_texts,descriptive_same_fixture_alternative_api_path_no_same_api_before_after_claim,128,1,file,batch,ca410eb5ac948e3e90f67505a0e566883a15305e0fa64a90be9e146256160685,532875,fixture-p128-k1.docx,a19ccb4a6e21260c609f8f45fc6d267ac18b285362553baa3ea80c1bd75ddaa2,532882,0,163,false,365012,14840,277721,350,71131,770,532882,a19ccb4a6e21260c609f8f45fc6d267ac18b285362553baa3ea80c1bd75ddaa2,350,0,350,0,true,45,535175,535175,4,0,0,0,1,1,0,7281,1,0,true,0,367535,0,0,8490,535175,0,0,532882,0,14586,0,0,6699515,6714084,true,true,true,true,true,true,true,true,true,true,true,true,true,true
managed_paragraph_batch_perf_v1,1,replace_body_paragraph_texts,descriptive_same_fixture_alternative_api_path_no_same_api_before_after_claim,128,1,file,batch,ca410eb5ac948e3e90f67505a0e566883a15305e0fa64a90be9e146256160685,532875,fixture-p128-k1.docx,a19ccb4a6e21260c609f8f45fc6d267ac18b285362553baa3ea80c1bd75ddaa2,532882,0,164,false,365311,15350,278301,320,70390,750,532882,a19ccb4a6e21260c609f8f45fc6d267ac18b285362553baa3ea80c1bd75ddaa2,352,0,352,0,true,45,535175,535175,4,0,0,0,1,1,0,7281,1,0,true,0,367535,0,0,8490,535175,0,0,532882,0,14586,0,0,6699515,6714084,true,true,true,true,true,true,true,true,true,true,true,true,true,true
managed_paragraph_batch_perf_v1,1,replace_body_paragraph_texts,descriptive_same_fixture_alternative_api_path_no_same_api_before_after_claim,128,1,file,batch,ca410eb5ac948e3e90f67505a0e566883a15305e0fa64a90be9e146256160685,532875,fixture-p128-k1.docx,a19ccb4a6e21260c609f8f45fc6d267ac18b285362553baa3ea80c1bd75ddaa2,532882,0,165,false,357672,14660,271631,280,70101,780,532882,a19ccb4a6e21260c609f8f45fc6d267ac18b285362553baa3ea80c1bd75ddaa2,354,0,354,0,true,45,535175,535175,4,0,0,0,1,1,0,7281,1,0,true,0,367535,0,0,8490,535175,0,0,532882,0,14586,0,0,6699515,6714084,true,true,true,true,true,true,true,true,true,true,true,true,true,true
managed_paragraph_batch_perf_v1,1,replace_body_paragraph_texts,descriptive_same_fixture_alternative_api_path_no_same_api_before_after_claim,128,1,file,batch,ca410eb5ac948e3e90f67505a0e566883a15305e0fa64a90be9e146256160685,532875,fixture-p128-k1.docx,a19ccb4a6e21260c609f8f45fc6d267ac18b285362553baa3ea80c1bd75ddaa2,532882,0,166,false,358651,14860,272591,320,69900,760,532882,a19ccb4a6e21260c609f8f45fc6d267ac18b285362553baa3ea80c1bd75ddaa2,356,0,356,0,true,45,535175,535175,4,0,0,0,1,1,0,7281,1,0,true,0,367535,0,0,8490,535175,0,0,532882,0,14586,0,0,6699515,6714084,true,true,true,true,true,true,true,true,true,true,true,true,true,true
managed_paragraph_batch_perf_v1,1,replace_body_paragraph_texts,descriptive_same_fixture_alternative_api_path_no_same_api_before_after_claim,128,1,file,batch,ca410eb5ac948e3e90f67505a0e566883a15305e0fa64a90be9e146256160685,532875,fixture-p128-k1.docx,a19ccb4a6e21260c609f8f45fc6d267ac18b285362553baa3ea80c1bd75ddaa2,532882,0,167,false,354892,15270,268601,320,69561,820,532882,a19ccb4a6e21260c609f8f45fc6d267ac18b285362553baa3ea80c1bd75ddaa2,358,0,358,0,true,45,535175,535175,4,0,0,0,1,1,0,7281,1,0,true,0,367535,0,0,8490,535175,0,0,532882,0,14586,0,0,6699515,6714084,true,true,true,true,true,true,true,true,true,true,true,true,true,true
managed_paragraph_batch_perf_v1,1,replace_body_paragraph_texts,descriptive_same_fixture_alternative_api_path_no_same_api_before_after_claim,128,1,file,batch,ca410eb5ac948e3e90f67505a0e566883a15305e0fa64a90be9e146256160685,532875,fixture-p128-k1.docx,a19ccb4a6e21260c609f8f45fc6d267ac18b285362553baa3ea80c1bd75ddaa2,532882,0,168,false,356551,15080,269811,310,70290,740,532882,a19ccb4a6e21260c609f8f45fc6d267ac18b285362553baa3ea80c1bd75ddaa2,360,0,360,0,true,45,535175,535175,4,0,0,0,1,1,0,7281,1,0,true,0,367535,0,0,8490,535175,0,0,532882,0,14586,0,0,6699515,6714084,true,true,true,true,true,true,true,true,true,true,true,true,true,true
managed_paragraph_batch_perf_v1,1,replace_body_paragraph_texts,descriptive_same_fixture_alternative_api_path_no_same_api_before_after_claim,128,1,file,batch,ca410eb5ac948e3e90f67505a0e566883a15305e0fa64a90be9e146256160685,532875,fixture-p128-k1.docx,a19ccb4a6e21260c609f8f45fc6d267ac18b285362553baa3ea80c1bd75ddaa2,532882,0,169,false,365002,15060,277831,310,70761,750,532882,a19ccb4a6e21260c609f8f45fc6d267ac18b285362553baa3ea80c1bd75ddaa2,362,0,362,0,true,45,535175,535175,4,0,0,0,1,1,0,7281,1,0,true,0,367535,0,0,8490,535175,0,0,532882,0,14586,0,0,6699515,6714084,true,true,true,true,true,true,true,true,true,true,true,true,true,true
managed_paragraph_batch_perf_v1,1,replace_body_paragraph_texts,descriptive_same_fixture_alternative_api_path_no_same_api_before_after_claim,128,1,file,batch,ca410eb5ac948e3e90f67505a0e566883a15305e0fa64a90be9e146256160685,532875,fixture-p128-k1.docx,a19ccb4a6e21260c609f8f45fc6d267ac18b285362553baa3ea80c1bd75ddaa2,532882,0,170,false,363751,14910,270211,320,77380,730,532882,a19ccb4a6e21260c609f8f45fc6d267ac18b285362553baa3ea80c1bd75ddaa2,364,0,364,0,true,45,535175,535175,4,0,0,0,1,1,0,7281,1,0,true,0,367535,0,0,8490,535175,0,0,532882,0,14586,0,0,6699515,6714084,true,true,true,true,true,true,true,true,true,true,true,true,true,true
managed_paragraph_batch_perf_v1,1,replace_body_paragraph_texts,descriptive_same_fixture_alternative_api_path_no_same_api_before_after_claim,128,1,file,batch,ca410eb5ac948e3e90f67505a0e566883a15305e0fa64a90be9e146256160685,532875,fixture-p128-k1.docx,a19ccb4a6e21260c609f8f45fc6d267ac18b285362553baa3ea80c1bd75ddaa2,532882,0,171,false,359942,15030,272852,300,70810,750,532882,a19ccb4a6e21260c609f8f45fc6d267ac18b285362553baa3ea80c1bd75ddaa2,366,0,366,0,true,45,535175,535175,4,0,0,0,1,1,0,7281,1,0,true,0,367535,0,0,8490,535175,0,0,532882,0,14586,0,0,6699515,6714084,true,true,true,true,true,true,true,true,true,true,true,true,true,true
managed_paragraph_batch_perf_v1,1,replace_body_paragraph_texts,descriptive_same_fixture_alternative_api_path_no_same_api_before_after_claim,128,1,file,batch,ca410eb5ac948e3e90f67505a0e566883a15305e0fa64a90be9e146256160685,532875,fixture-p128-k1.docx,a19ccb4a6e21260c609f8f45fc6d267ac18b285362553baa3ea80c1bd75ddaa2,532882,0,172,false,357091,15390,269941,310,70360,760,532882,a19ccb4a6e21260c609f8f45fc6d267ac18b285362553baa3ea80c1bd75ddaa2,368,0,368,0,true,45,535175,535175,4,0,0,0,1,1,0,7281,1,0,true,0,367535,0,0,8490,535175,0,0,532882,0,14586,0,0,6699515,6714084,true,true,true,true,true,true,true,true,true,true,true,true,true,true
managed_paragraph_batch_perf_v1,1,replace_body_paragraph_texts,descriptive_same_fixture_alternative_api_path_no_same_api_before_after_claim,128,1,file,batch,ca410eb5ac948e3e90f67505a0e566883a15305e0fa64a90be9e146256160685,532875,fixture-p128-k1.docx,a19ccb4a6e21260c609f8f45fc6d267ac18b285362553baa3ea80c1bd75ddaa2,532882,0,173,false,356752,15080,270261,320,70041,760,532882,a19ccb4a6e21260c609f8f45fc6d267ac18b285362553baa3ea80c1bd75ddaa2,370,0,370,0,true,45,535175,535175,4,0,0,0,1,1,0,7281,1,0,true,0,367535,0,0,8490,535175,0,0,532882,0,14586,0,0,6699515,6714084,true,true,true,true,true,true,true,true,true,true,true,true,true,true
managed_paragraph_batch_perf_v1,1,replace_body_paragraph_texts,descriptive_same_fixture_alternative_api_path_no_same_api_before_after_claim,128,1,file,batch,ca410eb5ac948e3e90f67505a0e566883a15305e0fa64a90be9e146256160685,532875,fixture-p128-k1.docx,a19ccb4a6e21260c609f8f45fc6d267ac18b285362553baa3ea80c1bd75ddaa2,532882,0,174,false,366961,14900,279621,330,71130,770,532882,a19ccb4a6e21260c609f8f45fc6d267ac18b285362553baa3ea80c1bd75ddaa2,372,0,372,0,true,45,535175,535175,4,0,0,0,1,1,0,7281,1,0,true,0,367535,0,0,8490,535175,0,0,532882,0,14586,0,0,6699515,6714084,true,true,true,true,true,true,true,true,true,true,true,true,true,true
managed_paragraph_batch_perf_v1,1,replace_body_paragraph_texts,descriptive_same_fixture_alternative_api_path_no_same_api_before_after_claim,128,1,file,batch,ca410eb5ac948e3e90f67505a0e566883a15305e0fa64a90be9e146256160685,532875,fixture-p128-k1.docx,a19ccb4a6e21260c609f8f45fc6d267ac18b285362553baa3ea80c1bd75ddaa2,532882,0,175,false,366422,15110,279302,350,70660,800,532882,a19ccb4a6e21260c609f8f45fc6d267ac18b285362553baa3ea80c1bd75ddaa2,374,0,374,0,true,45,535175,535175,4,0,0,0,1,1,0,7281,1,0,true,0,367535,0,0,8490,535175,0,0,532882,0,14586,0,0,6699515,6714084,true,true,true,true,true,true,true,true,true,true,true,true,true,true
managed_paragraph_batch_perf_v1,1,replace_body_paragraph_texts,descriptive_same_fixture_alternative_api_path_no_same_api_before_after_claim,128,1,file,batch,ca410eb5ac948e3e90f67505a0e566883a15305e0fa64a90be9e146256160685,532875,fixture-p128-k1.docx,a19ccb4a6e21260c609f8f45fc6d267ac18b285362553baa3ea80c1bd75ddaa2,532882,0,176,false,357361,14900,270361,330,70800,760,532882,a19ccb4a6e21260c609f8f45fc6d267ac18b285362553baa3ea80c1bd75ddaa2,376,0,376,0,true,45,535175,535175,4,0,0,0,1,1,0,7281,1,0,true,0,367535,0,0,8490,535175,0,0,532882,0,14586,0,0,6699515,6714084,true,true,true,true,true,true,true,true,true,true,true,true,true,true
managed_paragraph_batch_perf_v1,1,replace_body_paragraph_texts,descriptive_same_fixture_alternative_api_path_no_same_api_before_after_claim,128,1,file,batch,ca410eb5ac948e3e90f67505a0e566883a15305e0fa64a90be9e146256160685,532875,fixture-p128-k1.docx,a19ccb4a6e21260c609f8f45fc6d267ac18b285362553baa3ea80c1bd75ddaa2,532882,0,177,false,355752,15120,269182,310,70090,740,532882,a19ccb4a6e21260c609f8f45fc6d267ac18b285362553baa3ea80c1bd75ddaa2,378,0,378,0,true,45,535175,535175,4,0,0,0,1,1,0,7281,1,0,true,0,367535,0,0,8490,535175,0,0,532882,0,14586,0,0,6699515,6714084,true,true,true,true,true,true,true,true,true,true,true,true,true,true
managed_paragraph_batch_perf_v1,1,replace_body_paragraph_texts,descriptive_same_fixture_alternative_api_path_no_same_api_before_after_claim,128,1,file,batch,ca410eb5ac948e3e90f67505a0e566883a15305e0fa64a90be9e146256160685,532875,fixture-p128-k1.docx,a19ccb4a6e21260c609f8f45fc6d267ac18b285362553baa3ea80c1bd75ddaa2,532882,0,178,false,363761,14750,272401,320,75350,730,532882,a19ccb4a6e21260c609f8f45fc6d267ac18b285362553baa3ea80c1bd75ddaa2,380,0,380,0,true,45,535175,535175,4,0,0,0,1,1,0,7281,1,0,true,0,367535,0,0,8490,535175,0,0,532882,0,14586,0,0,6699515,6714084,true,true,true,true,true,true,true,true,true,true,true,true,true,true
managed_paragraph_batch_perf_v1,1,replace_body_paragraph_texts,descriptive_same_fixture_alternative_api_path_no_same_api_before_after_claim,128,1,file,batch,ca410eb5ac948e3e90f67505a0e566883a15305e0fa64a90be9e146256160685,532875,fixture-p128-k1.docx,a19ccb4a6e21260c609f8f45fc6d267ac18b285362553baa3ea80c1bd75ddaa2,532882,0,179,false,364432,22080,270522,320,70560,750,532882,a19ccb4a6e21260c609f8f45fc6d267ac18b285362553baa3ea80c1bd75ddaa2,382,0,382,0,true,45,535175,535175,4,0,0,0,1,1,0,7281,1,0,true,0,367535,0,0,8490,535175,0,0,532882,0,14586,0,0,6699515,6714084,true,true,true,true,true,true,true,true,true,true,true,true,true,true
managed_paragraph_batch_perf_v1,1,replace_body_paragraph_texts,descriptive_same_fixture_alternative_api_path_no_same_api_before_after_claim,128,1,file,batch,ca410eb5ac948e3e90f67505a0e566883a15305e0fa64a90be9e146256160685,532875,fixture-p128-k1.docx,a19ccb4a6e21260c609f8f45fc6d267ac18b285362553baa3ea80c1bd75ddaa2,532882,0,180,false,365591,15230,277691,380,71330,750,532882,a19ccb4a6e21260c609f8f45fc6d267ac18b285362553baa3ea80c1bd75ddaa2,384,0,384,0,true,45,535175,535175,4,0,0,0,1,1,0,7281,1,0,true,0,367535,0,0,8490,535175,0,0,532882,0,14586,0,0,6699515,6714084,true,true,true,true,true,true,true,true,true,true,true,true,true,true
managed_paragraph_batch_perf_v1,1,replace_body_paragraph_texts,descriptive_same_fixture_alternative_api_path_no_same_api_before_after_claim,128,1,file,batch,ca410eb5ac948e3e90f67505a0e566883a15305e0fa64a90be9e146256160685,532875,fixture-p128-k1.docx,a19ccb4a6e21260c609f8f45fc6d267ac18b285362553baa3ea80c1bd75ddaa2,532882,0,181,false,357922,15040,271312,300,70300,750,532882,a19ccb4a6e21260c609f8f45fc6d267ac18b285362553baa3ea80c1bd75ddaa2,386,0,386,0,true,45,535175,535175,4,0,0,0,1,1,0,7281,1,0,true,0,367535,0,0,8490,535175,0,0,532882,0,14586,0,0,6699515,6714084,true,true,true,true,true,true,true,true,true,true,true,true,true,true
managed_paragraph_batch_perf_v1,1,replace_body_paragraph_texts,descriptive_same_fixture_alternative_api_path_no_same_api_before_after_claim,128,1,file,batch,ca410eb5ac948e3e90f67505a0e566883a15305e0fa64a90be9e146256160685,532875,fixture-p128-k1.docx,a19ccb4a6e21260c609f8f45fc6d267ac18b285362553baa3ea80c1bd75ddaa2,532882,0,182,false,356051,15070,269161,290,70560,760,532882,a19ccb4a6e21260c609f8f45fc6d267ac18b285362553baa3ea80c1bd75ddaa2,388,0,388,0,true,45,535175,535175,4,0,0,0,1,1,0,7281,1,0,true,0,367535,0,0,8490,535175,0,0,532882,0,14586,0,0,6699515,6714084,true,true,true,true,true,true,true,true,true,true,true,true,true,true
managed_paragraph_batch_perf_v1,1,replace_body_paragraph_texts,descriptive_same_fixture_alternative_api_path_no_same_api_before_after_claim,128,1,file,batch,ca410eb5ac948e3e90f67505a0e566883a15305e0fa64a90be9e146256160685,532875,fixture-p128-k1.docx,a19ccb4a6e21260c609f8f45fc6d267ac18b285362553baa3ea80c1bd75ddaa2,532882,0,183,false,361482,15350,273792,320,71060,760,532882,a19ccb4a6e21260c609f8f45fc6d267ac18b285362553baa3ea80c1bd75ddaa2,390,0,390,0,true,45,535175,535175,4,0,0,0,1,1,0,7281,1,0,true,0,367535,0,0,8490,535175,0,0,532882,0,14586,0,0,6699515,6714084,true,true,true,true,true,true,true,true,true,true,true,true,true,true
managed_paragraph_batch_perf_v1,1,replace_body_paragraph_texts,descriptive_same_fixture_alternative_api_path_no_same_api_before_after_claim,128,1,file,batch,ca410eb5ac948e3e90f67505a0e566883a15305e0fa64a90be9e146256160685,532875,fixture-p128-k1.docx,a19ccb4a6e21260c609f8f45fc6d267ac18b285362553baa3ea80c1bd75ddaa2,532882,0,184,false,357741,15150,270751,350,70500,780,532882,a19ccb4a6e21260c609f8f45fc6d267ac18b285362553baa3ea80c1bd75ddaa2,392,0,392,0,true,45,535175,535175,4,0,0,0,1,1,0,7281,1,0,true,0,367535,0,0,8490,535175,0,0,532882,0,14586,0,0,6699515,6714084,true,true,true,true,true,true,true,true,true,true,true,true,true,true
managed_paragraph_batch_perf_v1,1,replace_body_paragraph_texts,descriptive_same_fixture_alternative_api_path_no_same_api_before_after_claim,128,1,file,batch,ca410eb5ac948e3e90f67505a0e566883a15305e0fa64a90be9e146256160685,532875,fixture-p128-k1.docx,a19ccb4a6e21260c609f8f45fc6d267ac18b285362553baa3ea80c1bd75ddaa2,532882,0,185,false,365642,14830,278972,330,70550,760,532882,a19ccb4a6e21260c609f8f45fc6d267ac18b285362553baa3ea80c1bd75ddaa2,394,0,394,0,true,45,535175,535175,4,0,0,0,1,1,0,7281,1,0,true,0,367535,0,0,8490,535175,0,0,532882,0,14586,0,0,6699515,6714084,true,true,true,true,true,true,true,true,true,true,true,true,true,true
managed_paragraph_batch_perf_v1,1,replace_body_paragraph_texts,descriptive_same_fixture_alternative_api_path_no_same_api_before_after_claim,128,1,file,batch,ca410eb5ac948e3e90f67505a0e566883a15305e0fa64a90be9e146256160685,532875,fixture-p128-k1.docx,a19ccb4a6e21260c609f8f45fc6d267ac18b285362553baa3ea80c1bd75ddaa2,532882,0,186,false,366671,14740,272561,330,78030,750,532882,a19ccb4a6e21260c609f8f45fc6d267ac18b285362553baa3ea80c1bd75ddaa2,396,0,396,0,true,45,535175,535175,4,0,0,0,1,1,0,7281,1,0,true,0,367535,0,0,8490,535175,0,0,532882,0,14586,0,0,6699515,6714084,true,true,true,true,true,true,true,true,true,true,true,true,true,true
managed_paragraph_batch_perf_v1,1,replace_body_paragraph_texts,descriptive_same_fixture_alternative_api_path_no_same_api_before_after_claim,128,1,file,batch,ca410eb5ac948e3e90f67505a0e566883a15305e0fa64a90be9e146256160685,532875,fixture-p128-k1.docx,a19ccb4a6e21260c609f8f45fc6d267ac18b285362553baa3ea80c1bd75ddaa2,532882,0,187,false,355622,14790,269282,290,70260,770,532882,a19ccb4a6e21260c609f8f45fc6d267ac18b285362553baa3ea80c1bd75ddaa2,398,0,398,0,true,45,535175,535175,4,0,0,0,1,1,0,7281,1,0,true,0,367535,0,0,8490,535175,0,0,532882,0,14586,0,0,6699515,6714084,true,true,true,true,true,true,true,true,true,true,true,true,true,true
managed_paragraph_batch_perf_v1,1,replace_body_paragraph_texts,descriptive_same_fixture_alternative_api_path_no_same_api_before_after_claim,128,1,file,batch,ca410eb5ac948e3e90f67505a0e566883a15305e0fa64a90be9e146256160685,532875,fixture-p128-k1.docx,a19ccb4a6e21260c609f8f45fc6d267ac18b285362553baa3ea80c1bd75ddaa2,532882,0,188,false,361231,15100,274001,280,70770,750,532882,a19ccb4a6e21260c609f8f45fc6d267ac18b285362553baa3ea80c1bd75ddaa2,400,0,400,0,true,45,535175,535175,4,0,0,0,1,1,0,7281,1,0,true,0,367535,0,0,8490,535175,0,0,532882,0,14586,0,0,6699515,6714084,true,true,true,true,true,true,true,true,true,true,true,true,true,true
managed_paragraph_batch_perf_v1,1,replace_body_paragraph_texts,descriptive_same_fixture_alternative_api_path_no_same_api_before_after_claim,128,1,file,batch,ca410eb5ac948e3e90f67505a0e566883a15305e0fa64a90be9e146256160685,532875,fixture-p128-k1.docx,a19ccb4a6e21260c609f8f45fc6d267ac18b285362553baa3ea80c1bd75ddaa2,532882,0,189,false,358442,14981,272261,330,69920,760,532882,a19ccb4a6e21260c609f8f45fc6d267ac18b285362553baa3ea80c1bd75ddaa2,402,0,402,0,true,45,535175,535175,4,0,0,0,1,1,0,7281,1,0,true,0,367535,0,0,8490,535175,0,0,532882,0,14586,0,0,6699515,6714084,true,true,true,true,true,true,true,true,true,true,true,true,true,true
managed_paragraph_batch_perf_v1,1,replace_body_paragraph_texts,descriptive_same_fixture_alternative_api_path_no_same_api_before_after_claim,128,1,file,batch,ca410eb5ac948e3e90f67505a0e566883a15305e0fa64a90be9e146256160685,532875,fixture-p128-k1.docx,a19ccb4a6e21260c609f8f45fc6d267ac18b285362553baa3ea80c1bd75ddaa2,532882,0,190,false,366392,14880,278831,290,71391,810,532882,a19ccb4a6e21260c609f8f45fc6d267ac18b285362553baa3ea80c1bd75ddaa2,404,0,404,0,true,45,535175,535175,4,0,0,0,1,1,0,7281,1,0,true,0,367535,0,0,8490,535175,0,0,532882,0,14586,0,0,6699515,6714084,true,true,true,true,true,true,true,true,true,true,true,true,true,true
managed_paragraph_batch_perf_v1,1,replace_body_paragraph_texts,descriptive_same_fixture_alternative_api_path_no_same_api_before_after_claim,128,1,file,batch,ca410eb5ac948e3e90f67505a0e566883a15305e0fa64a90be9e146256160685,532875,fixture-p128-k1.docx,a19ccb4a6e21260c609f8f45fc6d267ac18b285362553baa3ea80c1bd75ddaa2,532882,0,191,false,366112,14761,278591,330,71430,800,532882,a19ccb4a6e21260c609f8f45fc6d267ac18b285362553baa3ea80c1bd75ddaa2,406,0,406,0,true,45,535175,535175,4,0,0,0,1,1,0,7281,1,0,true,0,367535,0,0,8490,535175,0,0,532882,0,14586,0,0,6699515,6714084,true,true,true,true,true,true,true,true,true,true,true,true,true,true
managed_paragraph_batch_perf_v1,1,replace_body_paragraph_texts,descriptive_same_fixture_alternative_api_path_no_same_api_before_after_claim,128,1,file,batch,ca410eb5ac948e3e90f67505a0e566883a15305e0fa64a90be9e146256160685,532875,fixture-p128-k1.docx,a19ccb4a6e21260c609f8f45fc6d267ac18b285362553baa3ea80c1bd75ddaa2,532882,0,192,false,358671,14810,272071,300,70530,770,532882,a19ccb4a6e21260c609f8f45fc6d267ac18b285362553baa3ea80c1bd75ddaa2,408,0,408,0,true,45,535175,535175,4,0,0,0,1,1,0,7281,1,0,true,0,367535,0,0,8490,535175,0,0,532882,0,14586,0,0,6699515,6714084,true,true,true,true,true,true,true,true,true,true,true,true,true,true
managed_paragraph_batch_perf_v1,1,replace_body_paragraph_texts,descriptive_same_fixture_alternative_api_path_no_same_api_before_after_claim,128,1,file,batch,ca410eb5ac948e3e90f67505a0e566883a15305e0fa64a90be9e146256160685,532875,fixture-p128-k1.docx,a19ccb4a6e21260c609f8f45fc6d267ac18b285362553baa3ea80c1bd75ddaa2,532882,0,193,false,361042,15391,273441,350,70890,770,532882,a19ccb4a6e21260c609f8f45fc6d267ac18b285362553baa3ea80c1bd75ddaa2,410,0,410,0,true,45,535175,535175,4,0,0,0,1,1,0,7281,1,0,true,0,367535,0,0,8490,535175,0,0,532882,0,14586,0,0,6699515,6714084,true,true,true,true,true,true,true,true,true,true,true,true,true,true
managed_paragraph_batch_perf_v1,1,replace_body_paragraph_texts,descriptive_same_fixture_alternative_api_path_no_same_api_before_after_claim,128,1,file,batch,ca410eb5ac948e3e90f67505a0e566883a15305e0fa64a90be9e146256160685,532875,fixture-p128-k1.docx,a19ccb4a6e21260c609f8f45fc6d267ac18b285362553baa3ea80c1bd75ddaa2,532882,0,194,false,359421,15300,271921,320,70790,760,532882,a19ccb4a6e21260c609f8f45fc6d267ac18b285362553baa3ea80c1bd75ddaa2,412,0,412,0,true,45,535175,535175,4,0,0,0,1,1,0,7281,1,0,true,0,367535,0,0,8490,535175,0,0,532882,0,14586,0,0,6699515,6714084,true,true,true,true,true,true,true,true,true,true,true,true,true,true
managed_paragraph_batch_perf_v1,1,replace_body_paragraph_texts,descriptive_same_fixture_alternative_api_path_no_same_api_before_after_claim,128,1,file,batch,ca410eb5ac948e3e90f67505a0e566883a15305e0fa64a90be9e146256160685,532875,fixture-p128-k1.docx,a19ccb4a6e21260c609f8f45fc6d267ac18b285362553baa3ea80c1bd75ddaa2,532882,0,195,false,357352,15071,270321,340,70660,750,532882,a19ccb4a6e21260c609f8f45fc6d267ac18b285362553baa3ea80c1bd75ddaa2,414,0,414,0,true,45,535175,535175,4,0,0,0,1,1,0,7281,1,0,true,0,367535,0,0,8490,535175,0,0,532882,0,14586,0,0,6699515,6714084,true,true,true,true,true,true,true,true,true,true,true,true,true,true
managed_paragraph_batch_perf_v1,1,replace_body_paragraph_texts,descriptive_same_fixture_alternative_api_path_no_same_api_before_after_claim,128,1,file,batch,ca410eb5ac948e3e90f67505a0e566883a15305e0fa64a90be9e146256160685,532875,fixture-p128-k1.docx,a19ccb4a6e21260c609f8f45fc6d267ac18b285362553baa3ea80c1bd75ddaa2,532882,0,196,false,369712,15050,282531,330,70841,770,532882,a19ccb4a6e21260c609f8f45fc6d267ac18b285362553baa3ea80c1bd75ddaa2,416,0,416,0,true,45,535175,535175,4,0,0,0,1,1,0,7281,1,0,true,0,367535,0,0,8490,535175,0,0,532882,0,14586,0,0,6699515,6714084,true,true,true,true,true,true,true,true,true,true,true,true,true,true
managed_paragraph_batch_perf_v1,1,replace_body_paragraph_texts,descriptive_same_fixture_alternative_api_path_no_same_api_before_after_claim,128,1,file,batch,ca410eb5ac948e3e90f67505a0e566883a15305e0fa64a90be9e146256160685,532875,fixture-p128-k1.docx,a19ccb4a6e21260c609f8f45fc6d267ac18b285362553baa3ea80c1bd75ddaa2,532882,0,197,false,366081,14690,272681,340,77410,780,532882,a19ccb4a6e21260c609f8f45fc6d267ac18b285362553baa3ea80c1bd75ddaa2,418,0,418,0,true,45,535175,535175,4,0,0,0,1,1,0,7281,1,0,true,0,367535,0,0,8490,535175,0,0,532882,0,14586,0,0,6699515,6714084,true,true,true,true,true,true,true,true,true,true,true,true,true,true
managed_paragraph_batch_perf_v1,1,replace_body_paragraph_texts,descriptive_same_fixture_alternative_api_path_no_same_api_before_after_claim,128,1,file,batch,ca410eb5ac948e3e90f67505a0e566883a15305e0fa64a90be9e146256160685,532875,fixture-p128-k1.docx,a19ccb4a6e21260c609f8f45fc6d267ac18b285362553baa3ea80c1bd75ddaa2,532882,0,198,false,363152,19990,270531,390,71291,760,532882,a19ccb4a6e21260c609f8f45fc6d267ac18b285362553baa3ea80c1bd75ddaa2,420,0,420,0,true,45,535175,535175,4,0,0,0,1,1,0,7281,1,0,true,0,367535,0,0,8490,535175,0,0,532882,0,14586,0,0,6699515,6714084,true,true,true,true,true,true,true,true,true,true,true,true,true,true
managed_paragraph_batch_perf_v1,1,replace_body_paragraph_texts,descriptive_same_fixture_alternative_api_path_no_same_api_before_after_claim,128,1,file,batch,ca410eb5ac948e3e90f67505a0e566883a15305e0fa64a90be9e146256160685,532875,fixture-p128-k1.docx,a19ccb4a6e21260c609f8f45fc6d267ac18b285362553baa3ea80c1bd75ddaa2,532882,0,199,false,361431,15380,274091,300,70680,760,532882,a19ccb4a6e21260c609f8f45fc6d267ac18b285362553baa3ea80c1bd75ddaa2,422,0,422,0,true,45,535175,535175,4,0,0,0,1,1,0,7281,1,0,true,0,367535,0,0,8490,535175,0,0,532882,0,14586,0,0,6699515,6714084,true,true,true,true,true,true,true,true,true,true,true,true,true,true
