# callgrind format
version: 1
creator: callgrind-3.26.0
pid: 2946092
cmd:  /tmp/litchi-goal-0515/target/release/litchi-perf-baseline --case xlsx_one_percent_commit --xlsx-shape dense-wide --samples 3 --warmup 0 --json /home/zhuhe/code/litchi/docs/performance/results/change-0515/commit-r1-report.json --corpus-manifest /home/zhuhe/code/litchi/docs/performance/results/change-0515/commit-r1-catalog.json
part: 1


desc: I1 cache: 
desc: D1 cache: 
desc: LL cache: 

desc: Timerange: Basic block 0 - 4197893322
desc: Trigger: Program termination

positions: line
events: Ir
summary: 11908886205


ob=(3) ???
fl=(152) ???
fn=(2726) 0x0000000007945680'_int_realloc'realloc'__rustc::__rdl_realloc
0 16536
cob=(2) /usr/lib/x86_64-linux-gnu/libc.so.6
cfi=(203) ./string/../sysdeps/x86_64/multiarch/memmove-vec-unaligned-erms.S
cfn=(1458) __memcpy_avx_unaligned_erms'0x0000000007945680'_int_realloc'realloc
calls=8451 255 
0 36204436

ob=(7) /tmp/litchi-goal-0515/target/release/litchi-perf-baseline
fl=(165) ???
fn=(1748) std::rt::lang_start::{{closure}}'std::rt::lang_start_internal'main'(below main)
cfn=(1752) std::sys::backtrace::__rust_begin_short_backtrace'std::rt::lang_start::{{closure}}'std::rt::lang_start_internal'main
calls=0 0 
0 11908886205

fn=(3140) __rustc::__rdl_realloc'__rustc::__rust_realloc'litchi_xlsx::sheet::key'litchi_xlsx::raw::catalog::WorkbookInfo::process_element
0 132
cob=(2)
cfi=(155) ./malloc/./malloc/malloc.c
cfn=(3142) realloc'__rustc::__rdl_realloc'__rustc::__rust_realloc'litchi_xlsx::sheet::key
calls=12 3380 
0 744

fn=(3424) __rustc::__rdl_realloc'__rustc::__rust_realloc'litchi_xlsx::sheet::key'<core::iter::adapters::map::Map<I,F> as core::iter::traits::iterator::Iterator>::try_fold
0 132
cob=(2)
cfi=(155)
cfn=(3142)
calls=12 3380 
0 744

fn=(5376) __rustc::__rdl_realloc'__rustc::__rust_realloc'<alloc::raw_vec::RawVecInner>::finish_grow'<alloc::raw_vec::RawVec<u8>>::grow_one
0 9268248
cob=(2)
cfi=(155)
cfn=(1906) realloc'__rustc::__rdl_realloc'__rustc::__rust_realloc'<alloc::raw_vec::RawVecInner>::finish_grow
calls=421288 3380 
0 50039204

fn=(1904) __rustc::__rdl_realloc'__rustc::__rust_realloc'<alloc::raw_vec::RawVecInner>::finish_grow'<alloc::raw_vec::RawVecInner<_>>::reserve::do_reserve_and_handle::<alloc::alloc::Global>
0 396
cob=(2)
cfi=(155)
cfn=(1906)
calls=133 3380 
0 3289

fn=(4402) __rustc::__rdl_realloc'__rustc::__rust_realloc'alloc::raw_vec::RawVecInner<A>::finish_grow'alloc::raw_vec::RawVec<T,A>::grow_one
0 291588
cob=(2)
cfi=(155)
cfn=(2722) realloc'__rustc::__rdl_realloc'__rustc::__rust_realloc'alloc::raw_vec::RawVecInner<A>::finish_grow
calls=13256 3380 
0 9178483

fn=(2720) __rustc::__rdl_realloc'__rustc::__rust_realloc'alloc::raw_vec::RawVecInner<A>::finish_grow'alloc::raw_vec::RawVecInner<A>::reserve::do_reserve_and_handle
0 8074902
cob=(2)
cfi=(155)
cfn=(2722)
calls=367139 3380 
0 15099611

fn=(5876) __rustc::__rdl_realloc'__rustc::__rust_realloc'alloc::raw_vec::RawVecInner<A>::finish_grow'litchi_xlsx::cell::Store::from_unsorted
0 1584
cob=(2)
cfi=(155)
cfn=(2722)
calls=84 3380 
0 26286

fn=(5766) __rustc::__rdl_realloc'__rustc::__rust_realloc'alloc::raw_vec::RawVecInner<A>::finish_grow'alloc::raw_vec::RawVecInner<A>::try_reserve
0 5280
cob=(2)
cfi=(155)
cfn=(2722)
calls=280 3380 
0 32857733

fn=(13856) __rustc::__rdl_realloc'__rustc::__rust_realloc'litchi_xlsx::raw::worksheet::edit::codec::snapshot::scan::scan_with_limit'litchi_xlsx::raw::worksheet::edit::package::rewrite
0 8650752
cob=(2)
cfi=(155)
cfn=(13858) realloc'__rustc::__rdl_realloc'__rustc::__rust_realloc'litchi_xlsx::raw::worksheet::edit::codec::snapshot::scan::scan_with_limit
calls=393216 3380 
0 104543179

fn=(8908) __rustc::__rdl_realloc'__rustc::__rust_realloc'alloc::vec::Vec<T,A>::into_boxed_slice'litchi_xlsx::workbook::edit::semantic::transaction::Edit::commit
0 132
cob=(2)
cfi=(155)
cfn=(3464) realloc'__rustc::__rdl_realloc'__rustc::__rust_realloc'alloc::vec::Vec<T,A>::into_boxed_slice
calls=6 3380 
0 1538

fn=(4568) __rustc::__rdl_realloc'__rustc::__rust_realloc'alloc::vec::Vec<T,A>::into_boxed_slice'litchi_xlsx::raw::worksheet::edit::codec::wire::tag
0 34056
cob=(2)
cfi=(155)
cfn=(3464)
calls=1548 3380 
0 420144

fn=(3462) __rustc::__rdl_realloc'__rustc::__rust_realloc'alloc::vec::Vec<T,A>::into_boxed_slice'litchi_xlsx::workbook::model::Workbook::from_package_with_styles
0 66
cob=(2)
cfi=(155)
cfn=(3464)
calls=6 3380 
0 739

fn=(13636) alloc::collections::btree::map::BTreeMap<K,V,A>::insert'litchi_xlsx::workbook::edit::semantic::transaction::Edit::commit'litchi_perf_baseline::run_xlsx_update_commit'litchi_perf_baseline::run_case_with_config
0 1080915
cfn=(13638) alloc::collections::btree::map::entry::VacantEntry<K,V,A>::insert_entry'alloc::collections::btree::map::BTreeMap<K,V,A>::insert'litchi_xlsx::workbook::edit::semantic::transaction::Edit::commit'litchi_perf_baseline::run_xlsx_update_commit
calls=6 0 
0 3219
0 90321
cfn=(13638)
calls=3927 0 
0 787546
0 47172

fn=(14116) alloc::raw_vec::RawVecInner<A>::try_allocate_in'litchi_xlsx::workbook::edit::semantic::transaction::Edit::commit'litchi_perf_baseline::run_xlsx_update_commit'litchi_perf_baseline::run_case_with_config
0 66
cfn=(14118) __rustc::__rust_no_alloc_shim_is_unstable_v2'alloc::raw_vec::RawVecInner<A>::try_allocate_in'litchi_xlsx::workbook::edit::semantic::transaction::Edit::commit'litchi_perf_baseline::run_xlsx_update_commit
calls=3 0 
0 3
0 51
cfn=(14120) __rustc::__rust_alloc'alloc::raw_vec::RawVecInner<A>::try_allocate_in'litchi_xlsx::workbook::edit::semantic::transaction::Edit::commit'litchi_perf_baseline::run_xlsx_update_commit
calls=3 0 
0 7650
0 6

fn=(2586) core::str::iter::SplitInternal<P>::next'<core::iter::adapters::skip::Skip<I> as core::iter::traits::iterator::Iterator>::try_fold'litchi_opc::packuri::PackURI::new'litchi_opc::packuri::PackURI::from_rel_ref
0 3648
cfn=(2588) core::slice::memchr::memchr_aligned'core::str::iter::SplitInternal<P>::next'<core::iter::adapters::skip::Skip<I> as core::iter::traits::iterator::Iterator>::try_fold'litchi_opc::packuri::PackURI::new
calls=69 0 
0 1356
0 729
cob=(2)
cfi=(233) ./string/../sysdeps/x86_64/multiarch/memcmp-avx2-movbe.S
cfn=(2590) __memcmp_avx2_movbe'core::str::iter::SplitInternal<P>::next'<core::iter::adapters::skip::Skip<I> as core::iter::traits::iterator::Iterator>::try_fold'litchi_opc::packuri::PackURI::new
calls=102 73 
0 420
0 1260

fn=(3272) core::str::iter::SplitInternal<P>::next'litchi_opc::packuri::PackURI::from_rel_ref'litchi_opc::rel::Relationship::target_partname'litchi_xlsx::workbook::package::validate_sheet_graph
0 1506
cfn=(2538) core::slice::memchr::memchr_aligned'core::str::iter::SplitInternal<P>::next'litchi_opc::packuri::PackURI::from_rel_ref'litchi_opc::rel::Relationship::target_partname
calls=48 0 
0 1536
0 408
cob=(2)
cfi=(233)
cfn=(2496) __memcmp_avx2_movbe'core::str::iter::SplitInternal<P>::next'litchi_opc::packuri::PackURI::from_rel_ref'litchi_opc::rel::Relationship::target_partname
calls=48 73 
0 240
0 600

fn=(3342) core::str::iter::SplitInternal<P>::next'litchi_opc::packuri::PackURI::from_rel_ref'litchi_opc::rel::Relationship::target_partname'litchi_xlsx::workbook::package::validate_styles
0 957
cob=(2)
cfi=(233)
cfn=(2496)
calls=12 73 
0 60
0 249

fn=(2494) core::str::iter::SplitInternal<P>::next'litchi_opc::packuri::PackURI::from_rel_ref'litchi_opc::rel::Relationship::target_partname'litchi_opc::package::OpcPackage::main_document_part
0 2232
cfn=(2538)
calls=12 0 
0 360
0 477
cob=(2)
cfi=(233)
cfn=(2496)
calls=36 73 
0 270
0 738

fn=(2594) core::str::iter::SplitInternal<P>::next'litchi_opc::packuri::PackURI::new'litchi_opc::packuri::PackURI::from_rel_ref'litchi_opc::rel::Relationship::target_partname
0 3648
cfn=(2596) core::slice::memchr::memchr_aligned'core::str::iter::SplitInternal<P>::next'litchi_opc::packuri::PackURI::new'litchi_opc::packuri::PackURI::from_rel_ref
calls=48 0 
0 1356
0 729
cob=(2)
cfi=(233)
cfn=(2598) __memcmp_avx2_movbe'core::str::iter::SplitInternal<P>::next'litchi_opc::packuri::PackURI::new'litchi_opc::packuri::PackURI::from_rel_ref
calls=72 73 
0 420
0 1260

fn=(3286) litchi_opc::packuri::PackURI::new'litchi_opc::packuri::PackURI::from_rel_ref'litchi_opc::rel::Relationship::target_partname'litchi_xlsx::workbook::package::validate_sheet_graph
0 186
cfn=(2578) <&str as core::str::pattern::Pattern>::is_contained_in'litchi_opc::packuri::PackURI::new'litchi_opc::packuri::PackURI::from_rel_ref'litchi_opc::rel::Relationship::target_partname
calls=12 0 
0 360
0 48
cfn=(2580) core::slice::memchr::memchr_aligned'litchi_opc::packuri::PackURI::new'litchi_opc::packuri::PackURI::from_rel_ref'litchi_opc::rel::Relationship::target_partname
calls=12 0 
0 510
0 1572
cfn=(2582) core::iter::traits::iterator::Iterator::try_fold'litchi_opc::packuri::PackURI::new'litchi_opc::packuri::PackURI::from_rel_ref'litchi_opc::rel::Relationship::target_partname
calls=12 0 
0 2142
0 90
cfn=(2584) <core::iter::adapters::skip::Skip<I> as core::iter::traits::iterator::Iterator>::try_fold'litchi_opc::packuri::PackURI::new'litchi_opc::packuri::PackURI::from_rel_ref'litchi_opc::rel::Relationship::target_partname
calls=12 0 
0 3594
0 36
cfn=(2592) litchi_opc::packuri::PackURI::validate_percent_encoding'litchi_opc::packuri::PackURI::new'litchi_opc::packuri::PackURI::from_rel_ref'litchi_opc::rel::Relationship::target_partname
calls=12 0 
0 2682
0 162
cfn=(2594)
calls=48 0 
0 2526
0 300
cfn=(2594)
calls=12 0 
0 732
0 54

fn=(3352) litchi_opc::packuri::PackURI::new'litchi_opc::packuri::PackURI::from_rel_ref'litchi_opc::rel::Relationship::target_partname'litchi_xlsx::workbook::package::validate_styles
0 93
cfn=(2578)
calls=6 0 
0 423
0 675
cfn=(2582)
calls=6 0 
0 609
0 45
cfn=(2584)
calls=6 0 
0 1077
0 18
cfn=(2592)
calls=6 0 
0 786
0 75
cfn=(2594)
calls=18 0 
0 678
0 105
cfn=(2594)
calls=6 0 
0 255
0 27

fn=(2576) litchi_opc::packuri::PackURI::new'litchi_opc::packuri::PackURI::from_rel_ref'litchi_opc::rel::Relationship::target_partname'litchi_opc::package::OpcPackage::main_document_part
0 279
cfn=(2578)
calls=12 0 
0 1431
0 72
cfn=(2580)
calls=12 0 
0 351
0 1548
cfn=(2582)
calls=12 0 
0 2079
0 135
cfn=(2584)
calls=12 0 
0 3654
0 54
cfn=(2592)
calls=12 0 
0 2682
0 225
cfn=(2594)
calls=36 0 
0 2124
0 315
cfn=(2594)
calls=12 0 
0 1098
0 81

fn=(2578)
0 2214

fn=(5570) hashbrown::map::HashMap<K,V,S,A>::insert'litchi_xlsx::raw::worksheet::codec::<impl litchi_xlsx::raw::worksheet::model::Parser>::start_row'litchi_xlsx::raw::worksheet::codec::<impl litchi_xlsx::raw::worksheet::model::Parser>::start'litchi_xlsx::raw::worksheet::codec::<impl litchi_xlsx::raw::worksheet::model::Parser>::parse
0 33792
cfn=(5572) core::hash::BuildHasher::hash_one'hashbrown::map::HashMap<K,V,S,A>::insert'litchi_xlsx::raw::worksheet::codec::<impl litchi_xlsx::raw::worksheet::model::Parser>::start_row'litchi_xlsx::raw::worksheet::codec::<impl litchi_xlsx::raw::worksheet::model::Parser>::start
calls=3584 0 
0 350208
0 181367
cfn=(5576) hashbrown::raw::RawTable<T,A>::reserve_rehash'hashbrown::map::HashMap<K,V,S,A>::insert'litchi_xlsx::raw::worksheet::codec::<impl litchi_xlsx::raw::worksheet::model::Parser>::start_row'litchi_xlsx::raw::worksheet::codec::<impl litchi_xlsx::raw::worksheet::model::Parser>::start
calls=112 0 
0 848953
0 237

fn=(8678) hashbrown::map::HashMap<K,V,S,A>::insert'litchi_ooxml_common::mce::model::Capabilities::preserve_extension_element'litchi_xlsx::calculation_properties::codec::inspect_with_policy'litchi_xlsx::calculation_properties::snapshot::Snapshot::load_with_limits
0 72
cfn=(7606) core::hash::BuildHasher::hash_one'hashbrown::map::HashMap<K,V,S,A>::insert'litchi_ooxml_common::mce::model::Capabilities::preserve_extension_element'litchi_xlsx::calculation_properties::codec::inspect_with_policy
calls=6 0 
0 2382
0 495
cfn=(7610) hashbrown::raw::RawTable<T,A>::reserve_rehash'hashbrown::map::HashMap<K,V,S,A>::insert'litchi_ooxml_common::mce::model::Capabilities::preserve_extension_element'litchi_xlsx::calculation_properties::codec::inspect_with_policy
calls=3 0 
0 588
0 3

fn=(7604) hashbrown::map::HashMap<K,V,S,A>::insert'litchi_ooxml_common::mce::model::Capabilities::preserve_extension_element'litchi_xlsx::calculation_properties::codec::inspect_with_policy'litchi_xlsx::raw::recalc::invalidate
0 72
cfn=(7606)
calls=6 0 
0 2382
0 495
cfn=(7610)
calls=3 0 
0 588
0 3

fn=(8434) hashbrown::map::HashMap<K,V,S,A>::insert'litchi_xlsx::workbook::package::validate_sheet_graph'litchi_xlsx::workbook::model::Workbook::from_package_with_styles'litchi_xlsx::workbook::edit::semantic::transaction::Edit::commit
0 78
cfn=(3312) core::hash::BuildHasher::hash_one'hashbrown::map::HashMap<K,V,S,A>::insert'litchi_xlsx::workbook::package::validate_sheet_graph'litchi_xlsx::workbook::model::Workbook::from_package_with_styles
calls=6 0 
0 1380
0 468

fn=(8672) hashbrown::map::HashMap<K,V,S,A>::insert'litchi_xlsx::calculation_properties::codec::inspect_with_policy'litchi_xlsx::calculation_properties::snapshot::Snapshot::load_with_limits'litchi_xlsx::workbook::model::Workbook::calculation_metadata
0 36
cfn=(8674) core::hash::BuildHasher::hash_one'hashbrown::map::HashMap<K,V,S,A>::insert'litchi_xlsx::calculation_properties::codec::inspect_with_policy'litchi_xlsx::calculation_properties::snapshot::Snapshot::load_with_limits
calls=3 0 
0 1008
0 219

fn=(7594) hashbrown::map::HashMap<K,V,S,A>::insert'litchi_xlsx::calculation_properties::codec::inspect_with_policy'litchi_xlsx::raw::recalc::invalidate'litchi_xlsx::workbook::edit::semantic::transaction::Edit::commit
0 36
cfn=(7596) core::hash::BuildHasher::hash_one'hashbrown::map::HashMap<K,V,S,A>::insert'litchi_xlsx::calculation_properties::codec::inspect_with_policy'litchi_xlsx::raw::recalc::invalidate
calls=3 0 
0 1008
0 246

fn=(13550) hashbrown::map::HashMap<K,V,S,A>::insert'litchi_xlsx::workbook::edit::semantic::transaction::validate_final_sheet_names'litchi_xlsx::workbook::edit::semantic::transaction::Edit::commit'litchi_perf_baseline::run_xlsx_update_commit
0 102
cfn=(3956) core::hash::BuildHasher::hash_one'hashbrown::map::HashMap<K,V,S,A>::insert'litchi_xlsx::workbook::edit::semantic::transaction::validate_final_sheet_names'litchi_xlsx::workbook::edit::semantic::transaction::Edit::commit
calls=6 0 
0 1104
0 384

fn=(7572) hashbrown::map::HashMap<K,V,S,A>::insert'litchi_ooxml_common::mce::model::Capabilities::ooxml_baseline'<litchi_ooxml_common::mce::model::Capabilities as core::default::Default>::default'litchi_xlsx::calculation_properties::codec::inspect_with_policy
0 1224
cfn=(7574) core::hash::BuildHasher::hash_one'hashbrown::map::HashMap<K,V,S,A>::insert'litchi_ooxml_common::mce::model::Capabilities::ooxml_baseline'<litchi_ooxml_common::mce::model::Capabilities as core::default::Default>::default
calls=102 0 
0 29358
0 7593
cfn=(7576) hashbrown::raw::RawTable<T,A>::reserve_rehash'hashbrown::map::HashMap<K,V,S,A>::insert'litchi_ooxml_common::mce::model::Capabilities::ooxml_baseline'<litchi_ooxml_common::mce::model::Capabilities as core::default::Default>::default
calls=24 0 
0 53652
0 49

fn=(4060) hashbrown::map::HashMap<K,V,S,A>::insert'litchi_ooxml_common::mce::model::Capabilities::ooxml_baseline'litchi_ooxml_common::mce::codec::process_ooxml'litchi_xlsx::raw::worksheet::parse
0 2448
cfn=(2652) core::hash::BuildHasher::hash_one'hashbrown::map::HashMap<K,V,S,A>::insert'litchi_ooxml_common::mce::model::Capabilities::ooxml_baseline'litchi_ooxml_common::mce::codec::process_ooxml
calls=238 0 
0 58716
0 15483
cfn=(2656) hashbrown::raw::RawTable<T,A>::reserve_rehash'hashbrown::map::HashMap<K,V,S,A>::insert'litchi_ooxml_common::mce::model::Capabilities::ooxml_baseline'litchi_ooxml_common::mce::codec::process_ooxml
calls=56 0 
0 107793
0 83

fn=(2650) hashbrown::map::HashMap<K,V,S,A>::insert'litchi_ooxml_common::mce::model::Capabilities::ooxml_baseline'litchi_ooxml_common::mce::codec::process_ooxml'litchi_xlsx::raw::catalog::parse_catalog
0 612
cfn=(2652)
calls=102 0 
0 14679
0 3910
cfn=(2656)
calls=24 0 
0 26826
0 27

fn=(8520) hashbrown::map::HashMap<K,V,S,A>::insert'litchi_xlsx::workbook::model::page_break_caches'litchi_xlsx::workbook::model::Workbook::from_package_with_styles'litchi_xlsx::workbook::edit::semantic::transaction::Edit::commit
0 96
cfn=(8522) core::hash::BuildHasher::hash_one'hashbrown::map::HashMap<K,V,S,A>::insert'litchi_xlsx::workbook::model::page_break_caches'litchi_xlsx::workbook::model::Workbook::from_package_with_styles
calls=6 0 
0 1380
0 480

fn=(3144) hashbrown::map::HashMap<K,V,S,A>::insert'litchi_xlsx::raw::catalog::WorkbookInfo::process_element'litchi_xlsx::raw::catalog::parse_catalog'litchi_xlsx::workbook::model::Workbook::from_package_with_styles
0 72
cfn=(3146) core::hash::BuildHasher::hash_one'hashbrown::map::HashMap<K,V,S,A>::insert'litchi_xlsx::raw::catalog::WorkbookInfo::process_element'litchi_xlsx::raw::catalog::parse_catalog
calls=12 0 
0 936
0 453
cfn=(3150) hashbrown::raw::RawTable<T,A>::reserve_rehash'hashbrown::map::HashMap<K,V,S,A>::insert'litchi_xlsx::raw::catalog::WorkbookInfo::process_element'litchi_xlsx::raw::catalog::parse_catalog
calls=6 0 
0 486
0 105
cfn=(3146)
calls=12 0 
0 1104
0 429
cfn=(3150)
calls=6 0 
0 570
0 69
cfn=(3146)
calls=12 0 
0 684
0 354
cfn=(3150)
calls=6 0 
0 546
0 6

fn=(5274) memchr::arch::x86_64::memchr::memchr2_raw::find_avx2'quick_xml::reader::Reader<R>::read_event_impl'litchi_xlsx::raw::compact::changed_worksheet'litchi_xlsx::workbook::edit::semantic::transaction::Edit::commit
0 33095538
cfn=(5276) memchr::arch::x86_64::avx2::memchr::Two::find_raw'memchr::arch::x86_64::memchr::memchr2_raw::find_avx2'quick_xml::reader::Reader<R>::read_event_impl'litchi_xlsx::raw::compact::changed_worksheet
calls=1575978 0 
0 42551214
0 4727934

fn=(7372) memchr::arch::x86_64::memchr::memchr2_raw::find_avx2'quick_xml::reader::Reader<R>::read_event_impl'litchi_xlsx::calculation_properties::rewriter::inspect_layout'litchi_xlsx::calculation_properties::codec::inspect_with_policy
0 1134
cfn=(7374) memchr::arch::x86_64::avx2::memchr::Two::find_raw'memchr::arch::x86_64::memchr::memchr2_raw::find_avx2'quick_xml::reader::Reader<R>::read_event_impl'litchi_xlsx::calculation_properties::rewriter::inspect_layout
calls=54 0 
0 1290
0 162

fn=(2816) memchr::arch::x86_64::memchr::memchr2_raw::find_avx2'quick_xml::reader::Reader<R>::read_event_impl'litchi_xlsx::raw::catalog::parse_catalog'litchi_xlsx::workbook::model::Workbook::from_package_with_styles
0 567
cfn=(2818) memchr::arch::x86_64::avx2::memchr::Two::find_raw'memchr::arch::x86_64::memchr::memchr2_raw::find_avx2'quick_xml::reader::Reader<R>::read_event_impl'litchi_xlsx::raw::catalog::parse_catalog
calls=54 0 
0 645
0 81

fn=(8692) memchr::arch::x86_64::memchr::memchr2_raw::find_avx2'quick_xml::reader::Reader<R>::read_event_impl'litchi_xlsx::calculation_properties::codec::inspect_with_policy'litchi_xlsx::calculation_properties::snapshot::Snapshot::load_with_limits
0 567
cfn=(7632) memchr::arch::x86_64::avx2::memchr::Two::find_raw'memchr::arch::x86_64::memchr::memchr2_raw::find_avx2'quick_xml::reader::Reader<R>::read_event_impl'litchi_xlsx::calculation_properties::codec::inspect_with_policy
calls=27 0 
0 645
0 81

fn=(7630) memchr::arch::x86_64::memchr::memchr2_raw::find_avx2'quick_xml::reader::Reader<R>::read_event_impl'litchi_xlsx::calculation_properties::codec::inspect_with_policy'litchi_xlsx::raw::recalc::invalidate
0 567
cfn=(7632)
calls=27 0 
0 645
0 81

fn=(4462) memchr::arch::x86_64::memchr::memchr2_raw::find_avx2'quick_xml::reader::Reader<R>::read_event_impl'litchi_xlsx::raw::worksheet::edit::codec::snapshot::scan::scan_with_limit'litchi_xlsx::raw::worksheet::edit::package::rewrite
0 33095538
cfn=(4464) memchr::arch::x86_64::avx2::memchr::Two::find_raw'memchr::arch::x86_64::memchr::memchr2_raw::find_avx2'quick_xml::reader::Reader<R>::read_event_impl'litchi_xlsx::raw::worksheet::edit::codec::snapshot::scan::scan_with_limit
calls=1575978 0 
0 42551214
0 4727934

fn=(4092) memchr::arch::x86_64::memchr::memchr2_raw::find_avx2'quick_xml::reader::Reader<R>::read_event_impl'litchi_xlsx::raw::worksheet::codec::<impl litchi_xlsx::raw::worksheet::model::Parser>::parse'litchi_xlsx::raw::worksheet::parse
0 66191076
cfn=(4094) memchr::arch::x86_64::avx2::memchr::Two::find_raw'memchr::arch::x86_64::memchr::memchr2_raw::find_avx2'quick_xml::reader::Reader<R>::read_event_impl'litchi_xlsx::raw::worksheet::codec::<impl litchi_xlsx::raw::worksheet::model::Parser>::parse
calls=3677282 0 
0 85102428
0 9455868

fn=(7664) memchr::arch::x86_64::avx2::memchr::Three::find_raw'memchr::arch::x86_64::memchr::memchr3_raw::find_avx2'quick_xml::reader::Reader<R>::read_event_impl'litchi_xlsx::calculation_properties::codec::inspect_with_policy
0 2550
cfn=(2842) memchr::arch::x86_64::avx2::memchr::Three::find_raw_avx2'memchr::arch::x86_64::avx2::memchr::Three::find_raw'memchr::arch::x86_64::memchr::memchr3_raw::find_avx2'quick_xml::reader::Reader<R>::read_event_impl
calls=180 0 
0 3888
0 516

fn=(4478) memchr::arch::x86_64::avx2::memchr::Three::find_raw'memchr::arch::x86_64::memchr::memchr3_raw::find_avx2'quick_xml::reader::Reader<R>::read_event_impl'litchi_xlsx::raw::worksheet::edit::codec::snapshot::scan::scan_with_limit
0 21290160
cfn=(2842)
calls=2365476 0 
0 44944278
0 4731210

fn=(4110) memchr::arch::x86_64::avx2::memchr::Three::find_raw'memchr::arch::x86_64::memchr::memchr3_raw::find_avx2'quick_xml::reader::Reader<R>::read_event_impl'litchi_xlsx::raw::worksheet::codec::<impl litchi_xlsx::raw::worksheet::model::Parser>::parse
0 42580320
cfn=(2842)
calls=5519444 0 
0 89888556
0 9462420

fn=(5298) memchr::arch::x86_64::avx2::memchr::Three::find_raw'memchr::arch::x86_64::memchr::memchr3_raw::find_avx2'quick_xml::reader::Reader<R>::read_event_impl'litchi_xlsx::raw::compact::changed_worksheet
0 21290160
cfn=(2842)
calls=2365476 0 
0 44944278
0 4731210

fn=(7418) memchr::arch::x86_64::avx2::memchr::Three::find_raw'memchr::arch::x86_64::memchr::memchr3_raw::find_avx2'quick_xml::reader::Reader<R>::read_event_impl'litchi_xlsx::calculation_properties::rewriter::inspect_layout
0 2550
cfn=(2842)
calls=180 0 
0 3888
0 516

fn=(2840) memchr::arch::x86_64::avx2::memchr::Three::find_raw'memchr::arch::x86_64::memchr::memchr3_raw::find_avx2'quick_xml::reader::Reader<R>::read_event_impl'litchi_xlsx::raw::catalog::parse_catalog
0 1275
cfn=(2842)
calls=180 0 
0 1944
0 258

fn=(5312) quick_xml::name::NamespaceResolver::add'quick_xml::name::NamespaceResolver::push'quick_xml::reader::ns_reader::NsReader<R>::process_event'litchi_xlsx::raw::compact::changed_worksheet
0 138
cob=(2)
cfi=(203)
cfn=(2888) __memcpy_avx_unaligned_erms'quick_xml::name::NamespaceResolver::add'quick_xml::name::NamespaceResolver::push'quick_xml::reader::ns_reader::NsReader<R>::process_event
calls=6 255 
0 72
0 192
cfn=(2882) alloc::raw_vec::RawVecInner<A>::reserve::do_reserve_and_handle'quick_xml::name::NamespaceResolver::add'quick_xml::name::NamespaceResolver::push'quick_xml::reader::ns_reader::NsReader<R>::process_event
calls=6 0 
0 3243
0 12

fn=(7432) quick_xml::name::NamespaceResolver::add'quick_xml::name::NamespaceResolver::push'quick_xml::reader::ns_reader::NsReader<R>::process_event'litchi_xlsx::calculation_properties::rewriter::inspect_layout
0 252
cob=(2)
cfi=(203)
cfn=(2888)
calls=6 255 
0 72
0 198
cob=(2)
cfi=(203)
cfn=(2888)
calls=6 255 
0 96
0 72
cob=(2)
cfi=(203)
cfn=(2888)
calls=6 255 
0 132
0 258
cfn=(2882)
calls=6 0 
0 2954
0 48
cfn=(2882)
calls=6 0 
0 3170
0 12

fn=(2880) quick_xml::name::NamespaceResolver::add'quick_xml::name::NamespaceResolver::push'quick_xml::reader::ns_reader::NsReader<R>::process_event'litchi_xlsx::raw::catalog::parse_catalog
0 126
cob=(2)
cfi=(203)
cfn=(2888)
calls=6 255 
0 36
0 99
cob=(2)
cfi=(203)
cfn=(2888)
calls=6 255 
0 48
0 36
cob=(2)
cfi=(203)
cfn=(2888)
calls=6 255 
0 66
0 129
cfn=(2882)
calls=6 0 
0 1609
0 24
cfn=(2882)
calls=6 0 
0 1279
0 6

fn=(7678) quick_xml::name::NamespaceResolver::add'quick_xml::name::NamespaceResolver::push'quick_xml::reader::ns_reader::NsReader<R>::process_event'litchi_xlsx::calculation_properties::codec::inspect_with_policy
0 252
cob=(2)
cfi=(203)
cfn=(2888)
calls=6 255 
0 72
0 198
cob=(2)
cfi=(203)
cfn=(2888)
calls=6 255 
0 96
0 72
cob=(2)
cfi=(203)
cfn=(2888)
calls=6 255 
0 132
0 258
cfn=(2882)
calls=6 0 
0 2966
0 48
cfn=(2882)
calls=6 0 
0 3032
0 12

fn=(4492) quick_xml::name::NamespaceResolver::add'quick_xml::name::NamespaceResolver::push'quick_xml::reader::ns_reader::NsReader<R>::process_event'litchi_xlsx::raw::worksheet::edit::codec::snapshot::scan::scan_with_limit
0 138
cob=(2)
cfi=(203)
cfn=(2888)
calls=6 255 
0 72
0 192
cfn=(2882)
calls=6 0 
0 2996
0 12

fn=(4124) quick_xml::name::NamespaceResolver::add'quick_xml::name::NamespaceResolver::push'quick_xml::reader::ns_reader::NsReader<R>::process_event'litchi_xlsx::raw::worksheet::codec::<impl litchi_xlsx::raw::worksheet::model::Parser>::parse
0 276
cob=(2)
cfi=(203)
cfn=(2888)
calls=14 255 
0 144
0 384
cfn=(2882)
calls=14 0 
0 5769
0 24

fn=(4598) litchi_ooxml_common::xml::unqualified_attribute_value'litchi_xlsx::raw::worksheet::edit::codec::snapshot::scan::Scanner::record_dimension'litchi_xlsx::raw::worksheet::edit::codec::snapshot::scan::scan_with_limit'litchi_xlsx::raw::worksheet::edit::package::rewrite
0 210
cfn=(4600) <quick_xml::events::attributes::Attributes as core::iter::traits::iterator::Iterator>::next'litchi_ooxml_common::xml::unqualified_attribute_value'litchi_xlsx::raw::worksheet::edit::codec::snapshot::scan::Scanner::record_dimension'litchi_xlsx::raw::worksheet::edit::codec::snapshot::scan::scan_with_limit
calls=12 0 
0 2652
0 120
cfn=(4604) quick_xml::name::QName::prefix'litchi_ooxml_common::xml::unqualified_attribute_value'litchi_xlsx::raw::worksheet::edit::codec::snapshot::scan::Scanner::record_dimension'litchi_xlsx::raw::worksheet::edit::codec::snapshot::scan::scan_with_limit
calls=6 0 
0 384
0 30
cfn=(4608) quick_xml::name::QName::local_name'litchi_ooxml_common::xml::unqualified_attribute_value'litchi_xlsx::raw::worksheet::edit::codec::snapshot::scan::Scanner::record_dimension'litchi_xlsx::raw::worksheet::edit::codec::snapshot::scan::scan_with_limit
calls=6 0 
0 408
0 36
cob=(2)
cfi=(233)
cfn=(4612) __memcmp_avx2_movbe'litchi_ooxml_common::xml::unqualified_attribute_value'litchi_xlsx::raw::worksheet::edit::codec::snapshot::scan::Scanner::record_dimension'litchi_xlsx::raw::worksheet::edit::codec::snapshot::scan::scan_with_limit
calls=6 73 
0 132
0 54
cfn=(4614) quick_xml::events::attributes::Attribute::decoded_and_normalized_value'litchi_ooxml_common::xml::unqualified_attribute_value'litchi_xlsx::raw::worksheet::edit::codec::snapshot::scan::Scanner::record_dimension'litchi_xlsx::raw::worksheet::edit::codec::snapshot::scan::scan_with_limit
calls=6 0 
0 1464
0 90
cfn=(4618) __rustc::__rust_no_alloc_shim_is_unstable_v2'litchi_ooxml_common::xml::unqualified_attribute_value'litchi_xlsx::raw::worksheet::edit::codec::snapshot::scan::Scanner::record_dimension'litchi_xlsx::raw::worksheet::edit::codec::snapshot::scan::scan_with_limit
calls=6 0 
0 6
0 18
cfn=(4620) __rustc::__rust_alloc'litchi_ooxml_common::xml::unqualified_attribute_value'litchi_xlsx::raw::worksheet::edit::codec::snapshot::scan::Scanner::record_dimension'litchi_xlsx::raw::worksheet::edit::codec::snapshot::scan::scan_with_limit
calls=6 0 
0 1016
0 48
cob=(2)
cfi=(203)
cfn=(4624) __memcpy_avx_unaligned_erms'litchi_ooxml_common::xml::unqualified_attribute_value'litchi_xlsx::raw::worksheet::edit::codec::snapshot::scan::Scanner::record_dimension'litchi_xlsx::raw::worksheet::edit::codec::snapshot::scan::scan_with_limit
calls=6 255 
0 78
0 72
cfn=(4626) __rustc::__rust_dealloc'litchi_ooxml_common::xml::unqualified_attribute_value'litchi_xlsx::raw::worksheet::edit::codec::snapshot::scan::Scanner::record_dimension'litchi_xlsx::raw::worksheet::edit::codec::snapshot::scan::scan_with_limit
calls=6 0 
0 210
0 120

fn=(2932) litchi_ooxml_common::xml::unqualified_attribute_value'litchi_xlsx::raw::catalog::WorkbookInfo::process_element'litchi_xlsx::raw::catalog::parse_catalog'litchi_xlsx::workbook::model::Workbook::from_package_with_styles
0 492
cfn=(2936) <quick_xml::events::attributes::Attributes as core::iter::traits::iterator::Iterator>::next'litchi_ooxml_common::xml::unqualified_attribute_value'litchi_xlsx::raw::catalog::WorkbookInfo::process_element'litchi_xlsx::raw::catalog::parse_catalog
calls=96 0 
0 12612
0 648
cfn=(2952) quick_xml::name::QName::prefix'litchi_ooxml_common::xml::unqualified_attribute_value'litchi_xlsx::raw::catalog::WorkbookInfo::process_element'litchi_xlsx::raw::catalog::parse_catalog
calls=72 0 
0 2508
0 144
cfn=(2958) quick_xml::name::QName::local_name'litchi_ooxml_common::xml::unqualified_attribute_value'litchi_xlsx::raw::catalog::WorkbookInfo::process_element'litchi_xlsx::raw::catalog::parse_catalog
calls=48 0 
0 1932
0 72
cob=(2)
cfi=(233)
cfn=(2964) __memcmp_avx2_movbe'litchi_ooxml_common::xml::unqualified_attribute_value'litchi_xlsx::raw::catalog::WorkbookInfo::process_element'litchi_xlsx::raw::catalog::parse_catalog
calls=12 73 
0 114
0 144
cfn=(2968) quick_xml::events::attributes::Attribute::decoded_and_normalized_value'litchi_ooxml_common::xml::unqualified_attribute_value'litchi_xlsx::raw::catalog::WorkbookInfo::process_element'litchi_xlsx::raw::catalog::parse_catalog
calls=12 0 
0 1365
0 90
cfn=(2980) __rustc::__rust_no_alloc_shim_is_unstable_v2'litchi_ooxml_common::xml::unqualified_attribute_value'litchi_xlsx::raw::catalog::WorkbookInfo::process_element'litchi_xlsx::raw::catalog::parse_catalog
calls=12 0 
0 6
0 18
cfn=(2982) __rustc::__rust_alloc'litchi_ooxml_common::xml::unqualified_attribute_value'litchi_xlsx::raw::catalog::WorkbookInfo::process_element'litchi_xlsx::raw::catalog::parse_catalog
calls=12 0 
0 903
0 48
cob=(2)
cfi=(203)
cfn=(2988) __memcpy_avx_unaligned_erms'litchi_ooxml_common::xml::unqualified_attribute_value'litchi_xlsx::raw::catalog::WorkbookInfo::process_element'litchi_xlsx::raw::catalog::parse_catalog
calls=12 255 
0 90
0 114
cfn=(2992) __rustc::__rust_dealloc'litchi_ooxml_common::xml::unqualified_attribute_value'litchi_xlsx::raw::catalog::WorkbookInfo::process_element'litchi_xlsx::raw::catalog::parse_catalog
calls=24 0 
0 420
0 240

fn=(4160) litchi_ooxml_common::xml::unqualified_attribute_value'litchi_xlsx::raw::worksheet::codec::<impl litchi_xlsx::raw::worksheet::model::Parser>::start'litchi_xlsx::raw::worksheet::codec::<impl litchi_xlsx::raw::worksheet::model::Parser>::parse'litchi_xlsx::raw::worksheet::parse
0 420
cfn=(4162) <quick_xml::events::attributes::Attributes as core::iter::traits::iterator::Iterator>::next'litchi_ooxml_common::xml::unqualified_attribute_value'litchi_xlsx::raw::worksheet::codec::<impl litchi_xlsx::raw::worksheet::model::Parser>::start'litchi_xlsx::raw::worksheet::codec::<impl litchi_xlsx::raw::worksheet::model::Parser>::parse
calls=28 0 
0 5304
0 240
cfn=(4166) quick_xml::name::QName::prefix'litchi_ooxml_common::xml::unqualified_attribute_value'litchi_xlsx::raw::worksheet::codec::<impl litchi_xlsx::raw::worksheet::model::Parser>::start'litchi_xlsx::raw::worksheet::codec::<impl litchi_xlsx::raw::worksheet::model::Parser>::parse
calls=14 0 
0 768
0 60
cfn=(4170) quick_xml::name::QName::local_name'litchi_ooxml_common::xml::unqualified_attribute_value'litchi_xlsx::raw::worksheet::codec::<impl litchi_xlsx::raw::worksheet::model::Parser>::start'litchi_xlsx::raw::worksheet::codec::<impl litchi_xlsx::raw::worksheet::model::Parser>::parse
calls=14 0 
0 816
0 72
cob=(2)
cfi=(233)
cfn=(4174) __memcmp_avx2_movbe'litchi_ooxml_common::xml::unqualified_attribute_value'litchi_xlsx::raw::worksheet::codec::<impl litchi_xlsx::raw::worksheet::model::Parser>::start'litchi_xlsx::raw::worksheet::codec::<impl litchi_xlsx::raw::worksheet::model::Parser>::parse
calls=14 73 
0 228
0 108
cfn=(4176) quick_xml::events::attributes::Attribute::decoded_and_normalized_value'litchi_ooxml_common::xml::unqualified_attribute_value'litchi_xlsx::raw::worksheet::codec::<impl litchi_xlsx::raw::worksheet::model::Parser>::start'litchi_xlsx::raw::worksheet::codec::<impl litchi_xlsx::raw::worksheet::model::Parser>::parse
calls=14 0 
0 2928
0 180
cfn=(4180) __rustc::__rust_no_alloc_shim_is_unstable_v2'litchi_ooxml_common::xml::unqualified_attribute_value'litchi_xlsx::raw::worksheet::codec::<impl litchi_xlsx::raw::worksheet::model::Parser>::start'litchi_xlsx::raw::worksheet::codec::<impl litchi_xlsx::raw::worksheet::model::Parser>::parse
calls=14 0 
0 12
0 36
cfn=(4182) __rustc::__rust_alloc'litchi_ooxml_common::xml::unqualified_attribute_value'litchi_xlsx::raw::worksheet::codec::<impl litchi_xlsx::raw::worksheet::model::Parser>::start'litchi_xlsx::raw::worksheet::codec::<impl litchi_xlsx::raw::worksheet::model::Parser>::parse
calls=14 0 
0 835
0 96
cob=(2)
cfi=(203)
cfn=(4186) __memcpy_avx_unaligned_erms'litchi_ooxml_common::xml::unqualified_attribute_value'litchi_xlsx::raw::worksheet::codec::<impl litchi_xlsx::raw::worksheet::model::Parser>::start'litchi_xlsx::raw::worksheet::codec::<impl litchi_xlsx::raw::worksheet::model::Parser>::parse
calls=14 255 
0 156
0 144
cfn=(4188) __rustc::__rust_dealloc'litchi_ooxml_common::xml::unqualified_attribute_value'litchi_xlsx::raw::worksheet::codec::<impl litchi_xlsx::raw::worksheet::model::Parser>::start'litchi_xlsx::raw::worksheet::codec::<impl litchi_xlsx::raw::worksheet::model::Parser>::parse
calls=14 0 
0 420
0 240

fn=(5528) litchi_ooxml_common::xml::unqualified_attribute_value'litchi_xlsx::raw::worksheet::codec::<impl litchi_xlsx::raw::worksheet::model::Parser>::start_row'litchi_xlsx::raw::worksheet::codec::<impl litchi_xlsx::raw::worksheet::model::Parser>::start'litchi_xlsx::raw::worksheet::codec::<impl litchi_xlsx::raw::worksheet::model::Parser>::parse
0 107520
cfn=(5530) <quick_xml::events::attributes::Attributes as core::iter::traits::iterator::Iterator>::next'litchi_ooxml_common::xml::unqualified_attribute_value'litchi_xlsx::raw::worksheet::codec::<impl litchi_xlsx::raw::worksheet::model::Parser>::start_row'litchi_xlsx::raw::worksheet::codec::<impl litchi_xlsx::raw::worksheet::model::Parser>::start
calls=7168 0 
0 1221024
0 61440
cfn=(5534) quick_xml::name::QName::prefix'litchi_ooxml_common::xml::unqualified_attribute_value'litchi_xlsx::raw::worksheet::codec::<impl litchi_xlsx::raw::worksheet::model::Parser>::start_row'litchi_xlsx::raw::worksheet::codec::<impl litchi_xlsx::raw::worksheet::model::Parser>::start
calls=3584 0 
0 165888
0 15360
cfn=(5538) quick_xml::name::QName::local_name'litchi_ooxml_common::xml::unqualified_attribute_value'litchi_xlsx::raw::worksheet::codec::<impl litchi_xlsx::raw::worksheet::model::Parser>::start_row'litchi_xlsx::raw::worksheet::codec::<impl litchi_xlsx::raw::worksheet::model::Parser>::start
calls=3584 0 
0 178176
0 18432
cob=(2)
cfi=(233)
cfn=(5542) __memcmp_avx2_movbe'litchi_ooxml_common::xml::unqualified_attribute_value'litchi_xlsx::raw::worksheet::codec::<impl litchi_xlsx::raw::worksheet::model::Parser>::start_row'litchi_xlsx::raw::worksheet::codec::<impl litchi_xlsx::raw::worksheet::model::Parser>::start
calls=3584 73 
0 30720
0 27648
cfn=(5544) quick_xml::events::attributes::Attribute::decoded_and_normalized_value'litchi_ooxml_common::xml::unqualified_attribute_value'litchi_xlsx::raw::worksheet::codec::<impl litchi_xlsx::raw::worksheet::model::Parser>::start_row'litchi_xlsx::raw::worksheet::codec::<impl litchi_xlsx::raw::worksheet::model::Parser>::start
calls=3584 0 
0 501009
0 46080
cfn=(5548) __rustc::__rust_no_alloc_shim_is_unstable_v2'litchi_ooxml_common::xml::unqualified_attribute_value'litchi_xlsx::raw::worksheet::codec::<impl litchi_xlsx::raw::worksheet::model::Parser>::start_row'litchi_xlsx::raw::worksheet::codec::<impl litchi_xlsx::raw::worksheet::model::Parser>::start
calls=3584 0 
0 3072
0 9216
cfn=(5550) __rustc::__rust_alloc'litchi_ooxml_common::xml::unqualified_attribute_value'litchi_xlsx::raw::worksheet::codec::<impl litchi_xlsx::raw::worksheet::model::Parser>::start_row'litchi_xlsx::raw::worksheet::codec::<impl litchi_xlsx::raw::worksheet::model::Parser>::start
calls=3584 0 
0 535184
0 24576
cob=(2)
cfi=(203)
cfn=(5554) __memcpy_avx_unaligned_erms'litchi_ooxml_common::xml::unqualified_attribute_value'litchi_xlsx::raw::worksheet::codec::<impl litchi_xlsx::raw::worksheet::model::Parser>::start_row'litchi_xlsx::raw::worksheet::codec::<impl litchi_xlsx::raw::worksheet::model::Parser>::start
calls=3584 255 
0 55080
0 36864
cfn=(5556) __rustc::__rust_dealloc'litchi_ooxml_common::xml::unqualified_attribute_value'litchi_xlsx::raw::worksheet::codec::<impl litchi_xlsx::raw::worksheet::model::Parser>::start_row'litchi_xlsx::raw::worksheet::codec::<impl litchi_xlsx::raw::worksheet::model::Parser>::start
calls=3584 0 
0 107520
0 61440

fn=(5606) litchi_ooxml_common::xml::unqualified_attribute_value'litchi_xlsx::raw::worksheet::validation::optional_u32'litchi_xlsx::raw::worksheet::codec::<impl litchi_xlsx::raw::worksheet::model::Parser>::start_row'litchi_xlsx::raw::worksheet::codec::<impl litchi_xlsx::raw::worksheet::model::Parser>::start
0 215040
cfn=(5608) <quick_xml::events::attributes::Attributes as core::iter::traits::iterator::Iterator>::next'litchi_ooxml_common::xml::unqualified_attribute_value'litchi_xlsx::raw::worksheet::validation::optional_u32'litchi_xlsx::raw::worksheet::codec::<impl litchi_xlsx::raw::worksheet::model::Parser>::start_row
calls=14336 0 
0 2442048
0 122880
cfn=(5612) quick_xml::name::QName::prefix'litchi_ooxml_common::xml::unqualified_attribute_value'litchi_xlsx::raw::worksheet::validation::optional_u32'litchi_xlsx::raw::worksheet::codec::<impl litchi_xlsx::raw::worksheet::model::Parser>::start_row
calls=7168 0 
0 331776
0 30720
cfn=(5616) quick_xml::name::QName::local_name'litchi_ooxml_common::xml::unqualified_attribute_value'litchi_xlsx::raw::worksheet::validation::optional_u32'litchi_xlsx::raw::worksheet::codec::<impl litchi_xlsx::raw::worksheet::model::Parser>::start_row
calls=7168 0 
0 356352
0 24576
cob=(2)
cfi=(233)
cfn=(5620) __memcmp_avx2_movbe'litchi_ooxml_common::xml::unqualified_attribute_value'litchi_xlsx::raw::worksheet::validation::optional_u32'litchi_xlsx::raw::worksheet::codec::<impl litchi_xlsx::raw::worksheet::model::Parser>::start_row
calls=3584 73 
0 30720
0 70656
cfn=(5622) __rustc::__rust_dealloc'litchi_ooxml_common::xml::unqualified_attribute_value'litchi_xlsx::raw::worksheet::validation::optional_u32'litchi_xlsx::raw::worksheet::codec::<impl litchi_xlsx::raw::worksheet::model::Parser>::start_row
calls=7168 0 
0 215040
0 122880

fn=(13674) litchi_ooxml_common::xml::unqualified_attribute_value'litchi_xlsx::raw::worksheet::edit::codec::snapshot::scan::Scanner::row_position'litchi_xlsx::raw::worksheet::edit::codec::snapshot::scan::Scanner::start_row'litchi_xlsx::raw::worksheet::edit::codec::snapshot::scan::scan_with_limit
0 53760
cfn=(13676) <quick_xml::events::attributes::Attributes as core::iter::traits::iterator::Iterator>::next'litchi_ooxml_common::xml::unqualified_attribute_value'litchi_xlsx::raw::worksheet::edit::codec::snapshot::scan::Scanner::row_position'litchi_xlsx::raw::worksheet::edit::codec::snapshot::scan::Scanner::start_row
calls=3072 0 
0 2577834
0 30720
cfn=(13680) quick_xml::name::QName::prefix'litchi_ooxml_common::xml::unqualified_attribute_value'litchi_xlsx::raw::worksheet::edit::codec::snapshot::scan::Scanner::row_position'litchi_xlsx::raw::worksheet::edit::codec::snapshot::scan::Scanner::start_row
calls=1536 0 
0 82944
0 7680
cfn=(13684) quick_xml::name::QName::local_name'litchi_ooxml_common::xml::unqualified_attribute_value'litchi_xlsx::raw::worksheet::edit::codec::snapshot::scan::Scanner::row_position'litchi_xlsx::raw::worksheet::edit::codec::snapshot::scan::Scanner::start_row
calls=1536 0 
0 89088
0 9216
cob=(2)
cfi=(233)
cfn=(13688) __memcmp_avx2_movbe'litchi_ooxml_common::xml::unqualified_attribute_value'litchi_xlsx::raw::worksheet::edit::codec::snapshot::scan::Scanner::row_position'litchi_xlsx::raw::worksheet::edit::codec::snapshot::scan::Scanner::start_row
calls=1536 73 
0 15360
0 13824
cfn=(13690) quick_xml::events::attributes::Attribute::decoded_and_normalized_value'litchi_ooxml_common::xml::unqualified_attribute_value'litchi_xlsx::raw::worksheet::edit::codec::snapshot::scan::Scanner::row_position'litchi_xlsx::raw::worksheet::edit::codec::snapshot::scan::Scanner::start_row
calls=1536 0 
0 250512
0 23040
cfn=(13694) __rustc::__rust_no_alloc_shim_is_unstable_v2'litchi_ooxml_common::xml::unqualified_attribute_value'litchi_xlsx::raw::worksheet::edit::codec::snapshot::scan::Scanner::row_position'litchi_xlsx::raw::worksheet::edit::codec::snapshot::scan::Scanner::start_row
calls=1536 0 
0 1536
0 4608
cfn=(13696) __rustc::__rust_alloc'litchi_ooxml_common::xml::unqualified_attribute_value'litchi_xlsx::raw::worksheet::edit::codec::snapshot::scan::Scanner::row_position'litchi_xlsx::raw::worksheet::edit::codec::snapshot::scan::Scanner::start_row
calls=1536 0 
0 56101
0 12288
cob=(2)
cfi=(203)
cfn=(13700) __memcpy_avx_unaligned_erms'litchi_ooxml_common::xml::unqualified_attribute_value'litchi_xlsx::raw::worksheet::edit::codec::snapshot::scan::Scanner::row_position'litchi_xlsx::raw::worksheet::edit::codec::snapshot::scan::Scanner::start_row
calls=1536 255 
0 27540
0 18432
cfn=(13702) __rustc::__rust_dealloc'litchi_ooxml_common::xml::unqualified_attribute_value'litchi_xlsx::raw::worksheet::edit::codec::snapshot::scan::Scanner::row_position'litchi_xlsx::raw::worksheet::edit::codec::snapshot::scan::Scanner::start_row
calls=1536 0 
0 53760
0 30720

fn=(13778) litchi_ooxml_common::xml::unqualified_attribute_value'litchi_xlsx::raw::worksheet::edit::codec::snapshot::scan::Scanner::cell_address'litchi_xlsx::raw::worksheet::edit::codec::snapshot::scan::Scanner::start_cell'litchi_xlsx::raw::worksheet::edit::codec::snapshot::scan::scan_with_limit
0 13762560
cfn=(13780) <quick_xml::events::attributes::Attributes as core::iter::traits::iterator::Iterator>::next'litchi_ooxml_common::xml::unqualified_attribute_value'litchi_xlsx::raw::worksheet::edit::codec::snapshot::scan::Scanner::cell_address'litchi_xlsx::raw::worksheet::edit::codec::snapshot::scan::Scanner::start_cell
calls=786432 0 
0 283127615
0 7864320
cfn=(13784) quick_xml::name::QName::prefix'litchi_ooxml_common::xml::unqualified_attribute_value'litchi_xlsx::raw::worksheet::edit::codec::snapshot::scan::Scanner::cell_address'litchi_xlsx::raw::worksheet::edit::codec::snapshot::scan::Scanner::start_cell
calls=393216 0 
0 21233664
0 1966080
cfn=(13788) quick_xml::name::QName::local_name'litchi_ooxml_common::xml::unqualified_attribute_value'litchi_xlsx::raw::worksheet::edit::codec::snapshot::scan::Scanner::cell_address'litchi_xlsx::raw::worksheet::edit::codec::snapshot::scan::Scanner::start_cell
calls=393216 0 
0 22806528
0 2359296
cob=(2)
cfi=(233)
cfn=(13792) __memcmp_avx2_movbe'litchi_ooxml_common::xml::unqualified_attribute_value'litchi_xlsx::raw::worksheet::edit::codec::snapshot::scan::Scanner::cell_address'litchi_xlsx::raw::worksheet::edit::codec::snapshot::scan::Scanner::start_cell
calls=393216 73 
0 3932160
0 3538944
cfn=(13794) quick_xml::events::attributes::Attribute::decoded_and_normalized_value'litchi_ooxml_common::xml::unqualified_attribute_value'litchi_xlsx::raw::worksheet::edit::codec::snapshot::scan::Scanner::cell_address'litchi_xlsx::raw::worksheet::edit::codec::snapshot::scan::Scanner::start_cell
calls=393216 0 
0 75902358
0 5898240
cfn=(13798) __rustc::__rust_no_alloc_shim_is_unstable_v2'litchi_ooxml_common::xml::unqualified_attribute_value'litchi_xlsx::raw::worksheet::edit::codec::snapshot::scan::Scanner::cell_address'litchi_xlsx::raw::worksheet::edit::codec::snapshot::scan::Scanner::start_cell
calls=393216 0 
0 393216
0 1179648
cfn=(13800) __rustc::__rust_alloc'litchi_ooxml_common::xml::unqualified_attribute_value'litchi_xlsx::raw::worksheet::edit::codec::snapshot::scan::Scanner::cell_address'litchi_xlsx::raw::worksheet::edit::codec::snapshot::scan::Scanner::start_cell
calls=393216 0 
0 14705596
0 3145728
cob=(2)
cfi=(203)
cfn=(13804) __memcpy_avx_unaligned_erms'litchi_ooxml_common::xml::unqualified_attribute_value'litchi_xlsx::raw::worksheet::edit::codec::snapshot::scan::Scanner::cell_address'litchi_xlsx::raw::worksheet::edit::codec::snapshot::scan::Scanner::start_cell
calls=393216 255 
0 5981832
0 4718592
cfn=(13806) __rustc::__rust_dealloc'litchi_ooxml_common::xml::unqualified_attribute_value'litchi_xlsx::raw::worksheet::edit::codec::snapshot::scan::Scanner::cell_address'litchi_xlsx::raw::worksheet::edit::codec::snapshot::scan::Scanner::start_cell
calls=393216 0 
0 13776475
0 7864320

fn=(3070) litchi_ooxml_common::xml::unqualified_attribute_value'litchi_xlsx::raw::catalog::optional_u32'litchi_xlsx::raw::catalog::required_u32'litchi_xlsx::raw::catalog::WorkbookInfo::process_element
0 246
cfn=(3072) <quick_xml::events::attributes::Attributes as core::iter::traits::iterator::Iterator>::next'litchi_ooxml_common::xml::unqualified_attribute_value'litchi_xlsx::raw::catalog::optional_u32'litchi_xlsx::raw::catalog::required_u32
calls=48 0 
0 6306
0 324
cfn=(3076) quick_xml::name::QName::prefix'litchi_ooxml_common::xml::unqualified_attribute_value'litchi_xlsx::raw::catalog::optional_u32'litchi_xlsx::raw::catalog::required_u32
calls=36 0 
0 1254
0 72
cfn=(3080) quick_xml::name::QName::local_name'litchi_ooxml_common::xml::unqualified_attribute_value'litchi_xlsx::raw::catalog::optional_u32'litchi_xlsx::raw::catalog::required_u32
calls=24 0 
0 966
0 48
cob=(2)
cfi=(233)
cfn=(3084) __memcmp_avx2_movbe'litchi_ooxml_common::xml::unqualified_attribute_value'litchi_xlsx::raw::catalog::optional_u32'litchi_xlsx::raw::catalog::required_u32
calls=12 73 
0 114
0 90
cfn=(3086) quick_xml::events::attributes::Attribute::decoded_and_normalized_value'litchi_ooxml_common::xml::unqualified_attribute_value'litchi_xlsx::raw::catalog::optional_u32'litchi_xlsx::raw::catalog::required_u32
calls=12 0 
0 816
0 90
cfn=(3090) __rustc::__rust_no_alloc_shim_is_unstable_v2'litchi_ooxml_common::xml::unqualified_attribute_value'litchi_xlsx::raw::catalog::optional_u32'litchi_xlsx::raw::catalog::required_u32
calls=12 0 
0 6
0 18
cfn=(3092) __rustc::__rust_alloc'litchi_ooxml_common::xml::unqualified_attribute_value'litchi_xlsx::raw::catalog::optional_u32'litchi_xlsx::raw::catalog::required_u32
calls=12 0 
0 1098
0 48
cob=(2)
cfi=(203)
cfn=(3096) __memcpy_avx_unaligned_erms'litchi_ooxml_common::xml::unqualified_attribute_value'litchi_xlsx::raw::catalog::optional_u32'litchi_xlsx::raw::catalog::required_u32
calls=12 255 
0 96
0 72
cfn=(3098) __rustc::__rust_dealloc'litchi_ooxml_common::xml::unqualified_attribute_value'litchi_xlsx::raw::catalog::optional_u32'litchi_xlsx::raw::catalog::required_u32
calls=12 0 
0 210
0 120

fn=(5584) litchi_ooxml_common::xml::unqualified_attribute_value'litchi_xlsx::raw::worksheet::validation::optional_f64'litchi_xlsx::raw::worksheet::codec::<impl litchi_xlsx::raw::worksheet::model::Parser>::start_row'litchi_xlsx::raw::worksheet::codec::<impl litchi_xlsx::raw::worksheet::model::Parser>::start
0 107520
cfn=(5586) <quick_xml::events::attributes::Attributes as core::iter::traits::iterator::Iterator>::next'litchi_ooxml_common::xml::unqualified_attribute_value'litchi_xlsx::raw::worksheet::validation::optional_f64'litchi_xlsx::raw::worksheet::codec::<impl litchi_xlsx::raw::worksheet::model::Parser>::start_row
calls=7168 0 
0 1221024
0 61440
cfn=(5590) quick_xml::name::QName::prefix'litchi_ooxml_common::xml::unqualified_attribute_value'litchi_xlsx::raw::worksheet::validation::optional_f64'litchi_xlsx::raw::worksheet::codec::<impl litchi_xlsx::raw::worksheet::model::Parser>::start_row
calls=3584 0 
0 165888
0 15360
cfn=(5594) quick_xml::name::QName::local_name'litchi_ooxml_common::xml::unqualified_attribute_value'litchi_xlsx::raw::worksheet::validation::optional_f64'litchi_xlsx::raw::worksheet::codec::<impl litchi_xlsx::raw::worksheet::model::Parser>::start_row
calls=3584 0 
0 178176
0 36864
cfn=(5598) __rustc::__rust_dealloc'litchi_ooxml_common::xml::unqualified_attribute_value'litchi_xlsx::raw::worksheet::validation::optional_f64'litchi_xlsx::raw::worksheet::codec::<impl litchi_xlsx::raw::worksheet::model::Parser>::start_row
calls=3584 0 
0 107520
0 61440

fn=(5630) litchi_ooxml_common::xml::unqualified_attribute_value'litchi_xlsx::raw::worksheet::validation::optional_bool'litchi_xlsx::raw::worksheet::codec::<impl litchi_xlsx::raw::worksheet::model::Parser>::start_row'litchi_xlsx::raw::worksheet::codec::<impl litchi_xlsx::raw::worksheet::model::Parser>::start
0 752640
cfn=(5632) <quick_xml::events::attributes::Attributes as core::iter::traits::iterator::Iterator>::next'litchi_ooxml_common::xml::unqualified_attribute_value'litchi_xlsx::raw::worksheet::validation::optional_bool'litchi_xlsx::raw::worksheet::codec::<impl litchi_xlsx::raw::worksheet::model::Parser>::start_row
calls=50176 0 
0 8547168
0 430080
cfn=(5636) quick_xml::name::QName::prefix'litchi_ooxml_common::xml::unqualified_attribute_value'litchi_xlsx::raw::worksheet::validation::optional_bool'litchi_xlsx::raw::worksheet::codec::<impl litchi_xlsx::raw::worksheet::model::Parser>::start_row
calls=25088 0 
0 1161216
0 107520
cfn=(5640) quick_xml::name::QName::local_name'litchi_ooxml_common::xml::unqualified_attribute_value'litchi_xlsx::raw::worksheet::validation::optional_bool'litchi_xlsx::raw::worksheet::codec::<impl litchi_xlsx::raw::worksheet::model::Parser>::start_row
calls=25088 0 
0 1247232
0 258048
cfn=(5644) __rustc::__rust_dealloc'litchi_ooxml_common::xml::unqualified_attribute_value'litchi_xlsx::raw::worksheet::validation::optional_bool'litchi_xlsx::raw::worksheet::codec::<impl litchi_xlsx::raw::worksheet::model::Parser>::start_row
calls=25088 0 
0 752640
0 430080

fn=(5664) quick_xml::name::QName::prefix'litchi_xlsx::raw::worksheet::codec::scan_cell_attributes'litchi_xlsx::raw::worksheet::codec::<impl litchi_xlsx::raw::worksheet::model::Parser>::start_cell'litchi_xlsx::raw::worksheet::codec::<impl litchi_xlsx::raw::worksheet::model::Parser>::start
0 7077888
cfn=(5666) memchr::arch::x86_64::memchr::memchr_raw::find_avx2'quick_xml::name::QName::prefix'litchi_xlsx::raw::worksheet::codec::scan_cell_attributes'litchi_xlsx::raw::worksheet::codec::<impl litchi_xlsx::raw::worksheet::model::Parser>::start_cell
calls=917504 0 
0 30670848
0 4718592

fn=(5636)
0 193536
cfn=(5638) memchr::arch::x86_64::memchr::memchr_raw::find_avx2'quick_xml::name::QName::prefix'litchi_ooxml_common::xml::unqualified_attribute_value'litchi_xlsx::raw::worksheet::validation::optional_bool
calls=25088 0 
0 838656
0 129024

fn=(4604)
0 54
cfn=(4606) memchr::arch::x86_64::memchr::memchr_raw::find_avx2'quick_xml::name::QName::prefix'litchi_ooxml_common::xml::unqualified_attribute_value'litchi_xlsx::raw::worksheet::edit::codec::snapshot::scan::Scanner::record_dimension
calls=6 0 
0 294
0 36

fn=(2952)
0 324
cfn=(2954) memchr::arch::x86_64::memchr::memchr_raw::find_avx2'quick_xml::name::QName::prefix'litchi_ooxml_common::xml::unqualified_attribute_value'litchi_xlsx::raw::catalog::WorkbookInfo::process_element
calls=72 0 
0 1968
0 216

fn=(4166)
0 108
cfn=(4168) memchr::arch::x86_64::memchr::memchr_raw::find_avx2'quick_xml::name::QName::prefix'litchi_ooxml_common::xml::unqualified_attribute_value'litchi_xlsx::raw::worksheet::codec::<impl litchi_xlsx::raw::worksheet::model::Parser>::start
calls=14 0 
0 588
0 72

fn=(5534)
0 27648
cfn=(5536) memchr::arch::x86_64::memchr::memchr_raw::find_avx2'quick_xml::name::QName::prefix'litchi_ooxml_common::xml::unqualified_attribute_value'litchi_xlsx::raw::worksheet::codec::<impl litchi_xlsx::raw::worksheet::model::Parser>::start_row
calls=3584 0 
0 119808
0 18432

fn=(5612)
0 55296
cfn=(5614) memchr::arch::x86_64::memchr::memchr_raw::find_avx2'quick_xml::name::QName::prefix'litchi_ooxml_common::xml::unqualified_attribute_value'litchi_xlsx::raw::worksheet::validation::optional_u32
calls=7168 0 
0 239616
0 36864

fn=(13680)
0 13824
cfn=(13682) memchr::arch::x86_64::memchr::memchr_raw::find_avx2'quick_xml::name::QName::prefix'litchi_ooxml_common::xml::unqualified_attribute_value'litchi_xlsx::raw::worksheet::edit::codec::snapshot::scan::Scanner::row_position
calls=1536 0 
0 59904
0 9216

fn=(13784)
0 3538944
cfn=(13786) memchr::arch::x86_64::memchr::memchr_raw::find_avx2'quick_xml::name::QName::prefix'litchi_ooxml_common::xml::unqualified_attribute_value'litchi_xlsx::raw::worksheet::edit::codec::snapshot::scan::Scanner::cell_address
calls=393216 0 
0 15335424
0 2359296

fn=(3076)
0 162
cfn=(3078) memchr::arch::x86_64::memchr::memchr_raw::find_avx2'quick_xml::name::QName::prefix'litchi_ooxml_common::xml::unqualified_attribute_value'litchi_xlsx::raw::catalog::optional_u32
calls=36 0 
0 984
0 108

fn=(5590)
0 27648
cfn=(5592) memchr::arch::x86_64::memchr::memchr_raw::find_avx2'quick_xml::name::QName::prefix'litchi_ooxml_common::xml::unqualified_attribute_value'litchi_xlsx::raw::worksheet::validation::optional_f64
calls=3584 0 
0 119808
0 18432

fn=(8528) alloc::vec::in_place_collect::from_iter_in_place'core::iter::adapters::try_process'litchi_xlsx::workbook::model::Workbook::from_package_with_styles'litchi_xlsx::workbook::edit::semantic::transaction::Edit::commit
0 57
cfn=(3410) <core::iter::adapters::map::Map<I,F> as core::iter::traits::iterator::Iterator>::try_fold'alloc::vec::in_place_collect::from_iter_in_place'core::iter::adapters::try_process'litchi_xlsx::workbook::model::Workbook::from_package_with_styles
calls=3 0 
0 21559
0 75
cfn=(3448) <alloc::vec::into_iter::IntoIter<T,A> as core::ops::drop::Drop>::drop'alloc::vec::in_place_collect::from_iter_in_place'core::iter::adapters::try_process'litchi_xlsx::workbook::model::Workbook::from_package_with_styles
calls=3 0 
0 69
0 33
cfn=(3450) __rustc::__rust_dealloc'alloc::vec::in_place_collect::from_iter_in_place'core::iter::adapters::try_process'litchi_xlsx::workbook::model::Workbook::from_package_with_styles
calls=3 0 
0 105
0 27

fn=(4770) litchi_xlsx::cell::Content::validate_for_write'litchi_xlsx::raw::worksheet::edit::validation::validate_actions'litchi_xlsx::raw::worksheet::edit::package::rewrite'litchi_xlsx::workbook::edit::semantic::transaction::Edit::commit
0 39330
cfn=(4772) litchi_xlsx::cell::Value::validate_for_write'litchi_xlsx::cell::Content::validate_for_write'litchi_xlsx::raw::worksheet::edit::validation::validate_actions'litchi_xlsx::raw::worksheet::edit::package::rewrite
calls=3933 0 
0 318387
0 11799

fn=(13532) litchi_xlsx::workbook::edit::validation::FinalOrder::plan'litchi_xlsx::workbook::edit::semantic::transaction::Edit::commit'litchi_perf_baseline::run_xlsx_update_commit'litchi_perf_baseline::run_case_with_config
0 138
cfn=(13536) litchi_xlsx::workbook::edit::validation::FinalOrder::plan::{{closure}}'litchi_xlsx::workbook::edit::validation::FinalOrder::plan'litchi_xlsx::workbook::edit::semantic::transaction::Edit::commit'litchi_perf_baseline::run_xlsx_update_commit
calls=3 0 
0 279
0 12
cfn=(13536)
calls=3 0 
0 279
0 45
cfn=(13544) <alloc::collections::btree::map::BTreeMap<K,V,A> as core::ops::drop::Drop>::drop'litchi_xlsx::workbook::edit::validation::FinalOrder::plan'litchi_xlsx::workbook::edit::semantic::transaction::Edit::commit'litchi_perf_baseline::run_xlsx_update_commit
calls=3 0 
0 156
0 105
cfn=(13538) alloc::vec::Vec<T,A>::resize'litchi_xlsx::workbook::edit::validation::FinalOrder::plan'litchi_xlsx::workbook::edit::semantic::transaction::Edit::commit'litchi_perf_baseline::run_xlsx_update_commit
calls=3 0 
0 129
0 27
cfn=(13540) alloc::raw_vec::RawVecInner<A>::try_reserve_exact'litchi_xlsx::workbook::edit::validation::FinalOrder::plan'litchi_xlsx::workbook::edit::semantic::transaction::Edit::commit'litchi_perf_baseline::run_xlsx_update_commit
calls=3 0 
0 36
0 21
cfn=(13538)
calls=3 0 
0 48
0 111
cfn=(13542) <usize as core::slice::cmp::SliceContains>::slice_contains'litchi_xlsx::workbook::edit::validation::FinalOrder::plan'litchi_xlsx::workbook::edit::semantic::transaction::Edit::commit'litchi_perf_baseline::run_xlsx_update_commit
calls=3 0 
0 63
0 15
cfn=(13542)
calls=3 0 
0 36
0 27
cfn=(13534) alloc::raw_vec::RawVecInner<A>::finish_grow'litchi_xlsx::workbook::edit::validation::FinalOrder::plan'litchi_xlsx::workbook::edit::semantic::transaction::Edit::commit'litchi_perf_baseline::run_xlsx_update_commit
calls=3 0 
0 243
0 108
cfn=(13534)
calls=3 0 
0 243
0 21

fn=(14346) core::ptr::drop_in_place<litchi_xlsx::workbook::edit::validation::FinalOrder>'litchi_xlsx::workbook::edit::semantic::transaction::Edit::commit'litchi_perf_baseline::run_xlsx_update_commit'litchi_perf_baseline::run_case_with_config
0 27
cfn=(14348) __rustc::__rust_dealloc'core::ptr::drop_in_place<litchi_xlsx::workbook::edit::validation::FinalOrder>'litchi_xlsx::workbook::edit::semantic::transaction::Edit::commit'litchi_perf_baseline::run_xlsx_update_commit
calls=3 0 
0 105
0 21
cfn=(14348)
calls=3 0 
0 105
0 15

fn=(13546) litchi_xlsx::workbook::edit::semantic::transaction::validate_final_sheet_names'litchi_xlsx::workbook::edit::semantic::transaction::Edit::commit'litchi_perf_baseline::run_xlsx_update_commit'litchi_perf_baseline::run_case_with_config
0 267
cfn=(13550)
calls=6 0 
0 1590
0 69
cfn=(13552) __rustc::__rust_dealloc'litchi_xlsx::workbook::edit::semantic::transaction::validate_final_sheet_names'litchi_xlsx::workbook::edit::semantic::transaction::Edit::commit'litchi_perf_baseline::run_xlsx_update_commit
calls=3 0 
0 105
0 39
cfn=(13548) hashbrown::raw::RawTable<T,A>::reserve_rehash'litchi_xlsx::workbook::edit::semantic::transaction::validate_final_sheet_names'litchi_xlsx::workbook::edit::semantic::transaction::Edit::commit'litchi_perf_baseline::run_xlsx_update_commit
calls=3 0 
0 570
0 9

fn=(13566) litchi_xlsx::workbook::edit::semantic::transaction::Edit::commit::{{closure}}'litchi_xlsx::workbook::edit::semantic::transaction::Edit::commit'litchi_perf_baseline::run_xlsx_update_commit'litchi_perf_baseline::run_case_with_config
0 84
cfn=(13568) litchi_xlsx::workbook::edit::package::active_tab_at'litchi_xlsx::workbook::edit::semantic::transaction::Edit::commit::{{closure}}'litchi_xlsx::workbook::edit::semantic::transaction::Edit::commit'litchi_perf_baseline::run_xlsx_update_commit
calls=3 0 
0 682

fn=(5476) memchr::memmem::FinderBuilder::build_forward_with_ranker'litchi_xlsx::raw::worksheet::x14ac::may_contain_descent'litchi_xlsx::raw::worksheet::parse'litchi_xlsx::workbook::edit::semantic::transaction::Edit::commit
0 1836
cfn=(4034) <core::iter::adapters::take::Take<I> as core::iter::traits::iterator::Iterator>::nth'memchr::memmem::FinderBuilder::build_forward_with_ranker'litchi_xlsx::raw::worksheet::x14ac::may_contain_descent'litchi_xlsx::raw::worksheet::parse
calls=6 0 
0 138
0 156
cfn=(4038) memchr::arch::x86_64::avx2::packedpair::Finder::with_pair_impl'memchr::memmem::FinderBuilder::build_forward_with_ranker'litchi_xlsx::raw::worksheet::x14ac::may_contain_descent'litchi_xlsx::raw::worksheet::parse
calls=6 0 
0 216
0 384
cob=(2)
cfi=(203)
cfn=(4040) __memcpy_avx_unaligned_erms'memchr::memmem::FinderBuilder::build_forward_with_ranker'litchi_xlsx::raw::worksheet::x14ac::may_contain_descent'litchi_xlsx::raw::worksheet::parse
calls=6 255 
0 180
0 54

fn=(4030) memchr::memmem::FinderBuilder::build_forward_with_ranker'litchi_xlsx::raw::worksheet::x14ac::may_contain_descent'litchi_xlsx::raw::worksheet::parse'litchi_xlsx::workbook::model::Worksheet::store
0 1836
cfn=(4034)
calls=8 0 
0 138
0 156
cfn=(4038)
calls=8 0 
0 216
0 384
cob=(2)
cfi=(203)
cfn=(4040)
calls=8 255 
0 180
0 54

fn=(5796) litchi_xlsx::column::resolve'litchi_xlsx::raw::worksheet::codec::<impl litchi_xlsx::raw::worksheet::model::Parser>::parse'litchi_xlsx::raw::worksheet::parse'litchi_xlsx::workbook::edit::semantic::transaction::Edit::commit
0 144

fn=(4228) litchi_xlsx::column::resolve'litchi_xlsx::raw::worksheet::codec::<impl litchi_xlsx::raw::worksheet::model::Parser>::parse'litchi_xlsx::raw::worksheet::parse'litchi_xlsx::workbook::model::Worksheet::store
0 144

fn=(4504) litchi_xlsx::raw::worksheet::edit::codec::snapshot::scan::Scanner::scan_guard'litchi_xlsx::raw::worksheet::edit::codec::snapshot::scan::scan_with_limit'litchi_xlsx::raw::worksheet::edit::package::rewrite'litchi_xlsx::workbook::edit::semantic::transaction::Edit::commit
0 15759720
cfn=(4506) quick_xml::name::QName::local_name'litchi_xlsx::raw::worksheet::edit::codec::snapshot::scan::Scanner::scan_guard'litchi_xlsx::raw::worksheet::edit::codec::snapshot::scan::scan_with_limit'litchi_xlsx::raw::worksheet::edit::package::rewrite
calls=787986 0 
0 45719268
0 4727916
cfn=(4506)
calls=787986 0 
0 45719268
0 4727916
cfn=(4506)
calls=787986 0 
0 45719268
0 8667846

fn=(4698) core::ops::function::FnOnce::call_once'std::thread::local::LocalKey<T>::with'litchi_xlsx::raw::worksheet::edit::codec::snapshot::scan::Scanner::finish_layout'litchi_xlsx::raw::worksheet::edit::codec::snapshot::scan::scan_with_limit
0 48

fn=(4740) core::ptr::drop_in_place<core::option::Option<litchi_xlsx::raw::worksheet::edit::codec::snapshot::scan::PendingCell>>'litchi_xlsx::raw::worksheet::edit::codec::snapshot::scan::Scanner::finish_layout'litchi_xlsx::raw::worksheet::edit::codec::snapshot::scan::scan_with_limit'litchi_xlsx::raw::worksheet::edit::package::rewrite
0 30

fn=(13868) litchi_xlsx::raw::worksheet::edit::validation::validate_column_actions'litchi_xlsx::raw::worksheet::edit::package::rewrite'litchi_xlsx::workbook::edit::semantic::transaction::Edit::commit'litchi_perf_baseline::run_xlsx_update_commit
0 150
cfn=(4786) litchi_xlsx::column::Assignments<T>::new'litchi_xlsx::raw::worksheet::edit::validation::validate_column_actions'litchi_xlsx::raw::worksheet::edit::package::rewrite'litchi_xlsx::workbook::edit::semantic::transaction::Edit::commit
calls=6 0 
0 282480
0 192
cfn=(4802) __rustc::__rust_dealloc'litchi_xlsx::raw::worksheet::edit::validation::validate_column_actions'litchi_xlsx::raw::worksheet::edit::package::rewrite'litchi_xlsx::workbook::edit::semantic::transaction::Edit::commit
calls=6 0 
0 966
0 6

fn=(13920) litchi_xlsx::raw::worksheet::edit::codec::wire::write_attribute'litchi_xlsx::raw::worksheet::edit::codec::wire::write_cell_tag'litchi_xlsx::raw::worksheet::edit::codec::snapshot::write::sheet_data::write_sheet_data'litchi_xlsx::raw::worksheet::edit::package::rewrite
0 117990
cob=(2)
cfi=(203)
cfn=(13922) __memcpy_avx_unaligned_erms'litchi_xlsx::raw::worksheet::edit::codec::wire::write_attribute'litchi_xlsx::raw::worksheet::edit::codec::wire::write_cell_tag'litchi_xlsx::raw::worksheet::edit::codec::snapshot::write::sheet_data::write_sheet_data
calls=3933 255 
0 62928
0 58995
cfn=(13924) litchi_core::xml::escape::escape_xml'litchi_xlsx::raw::worksheet::edit::codec::wire::write_attribute'litchi_xlsx::raw::worksheet::edit::codec::wire::write_cell_tag'litchi_xlsx::raw::worksheet::edit::codec::snapshot::write::sheet_data::write_sheet_data
calls=3933 0 
0 510513
0 51129
cob=(2)
cfi=(203)
cfn=(13922)
calls=3933 255 
0 59841
0 31464
cfn=(13932) __rustc::__rust_dealloc'litchi_xlsx::raw::worksheet::edit::codec::wire::write_attribute'litchi_xlsx::raw::worksheet::edit::codec::wire::write_cell_tag'litchi_xlsx::raw::worksheet::edit::codec::snapshot::write::sheet_data::write_sheet_data
calls=3933 0 
0 139725
0 55062

fn=(5380) quick_xml::events::BytesStart::push_attr'quick_xml::events::BytesStart::push_attribute'litchi_xlsx::raw::compact::write_start'litchi_xlsx::raw::compact::changed_worksheet
0 11053392
cob=(2)
cfi=(203)
cfn=(5382) __memcpy_avx_unaligned_erms'quick_xml::events::BytesStart::push_attr'quick_xml::events::BytesStart::push_attribute'litchi_xlsx::raw::compact::write_start
calls=394764 255 
0 6316230
0 8345880
cob=(2)
cfi=(203)
cfn=(5382)
calls=394764 255 
0 6009522
0 1632096
cfn=(5390) <alloc::raw_vec::RawVec<u8>>::grow_one'quick_xml::events::BytesStart::push_attr'quick_xml::events::BytesStart::push_attribute'litchi_xlsx::raw::compact::write_start
calls=26520 0 
0 3184544
0 7754292
cfn=(5384) alloc::raw_vec::RawVecInner<A>::reserve::do_reserve_and_handle'quick_xml::events::BytesStart::push_attr'quick_xml::events::BytesStart::push_attribute'litchi_xlsx::raw::compact::write_start
calls=366846 0 
0 51361493
0 1467384

fn=(5864) core::slice::sort::unstable::ipnsort'litchi_xlsx::cell::Store::from_unsorted'litchi_xlsx::raw::worksheet::codec::<impl litchi_xlsx::raw::worksheet::model::Parser>::parse'litchi_xlsx::raw::worksheet::parse
0 13393824

fn=(14074) core::ptr::drop_in_place<core::option::Option<litchi_xlsx::web::Bindings>>'litchi_xlsx::workbook::edit::semantic::transaction::Edit::commit'litchi_perf_baseline::run_xlsx_update_commit'litchi_perf_baseline::run_case_with_config
0 90

fn=(14076) core::ptr::drop_in_place<core::option::Option<litchi_xlsx::workbook::edit::validation::OptionalAction<litchi_xlsx::page_setup::model::Setup>>>'litchi_xlsx::workbook::edit::semantic::transaction::Edit::commit'litchi_perf_baseline::run_xlsx_update_commit'litchi_perf_baseline::run_case_with_config
0 36

fn=(6948) litchi_opc::package::OpcPackage::iter_parts'litchi_xlsx::chain::package::validate_part_set'litchi_xlsx::chain::package::validate_package'litchi_xlsx::workbook::edit::codec::calculation_chain_removal
0 48

fn=(6930) litchi_xlsx::chain::package::relationship'litchi_xlsx::chain::package::validate_package'litchi_xlsx::workbook::edit::codec::calculation_chain_removal'litchi_xlsx::workbook::edit::semantic::transaction::Edit::commit
0 33
cfn=(6932) litchi_opc::package::OpcPackage::get_part'litchi_xlsx::chain::package::relationship'litchi_xlsx::chain::package::validate_package'litchi_xlsx::workbook::edit::codec::calculation_chain_removal
calls=3 0 
0 894
0 21
cfn=(14104) <litchi_opc::part::XmlPart as litchi_opc::part::Part>::rels'litchi_xlsx::chain::package::relationship'litchi_xlsx::chain::package::validate_package'litchi_xlsx::workbook::edit::codec::calculation_chain_removal
calls=3 0 
0 6
0 204
cob=(2)
cfi=(233)
cfn=(6942) __memcmp_avx2_movbe'litchi_xlsx::chain::package::relationship'litchi_xlsx::chain::package::validate_package'litchi_xlsx::workbook::edit::codec::calculation_chain_removal
calls=6 73 
0 204
0 66

fn=(7488) <[T] as alloc::slice::SpecCloneIntoVec<T,A>>::clone_into'litchi_xlsx::calculation_properties::rewriter::inspect_start'litchi_xlsx::calculation_properties::rewriter::inspect_layout'litchi_xlsx::calculation_properties::codec::inspect_with_policy
0 96
cob=(2)
cfi=(203)
cfn=(7498) __memcpy_avx_unaligned_erms'<[T] as alloc::slice::SpecCloneIntoVec<T,A>>::clone_into'litchi_xlsx::calculation_properties::rewriter::inspect_start'litchi_xlsx::calculation_properties::rewriter::inspect_layout
calls=6 255 
0 78
0 84
cfn=(7490) alloc::raw_vec::RawVecInner<A>::reserve::do_reserve_and_handle'<[T] as alloc::slice::SpecCloneIntoVec<T,A>>::clone_into'litchi_xlsx::calculation_properties::rewriter::inspect_start'litchi_xlsx::calculation_properties::rewriter::inspect_layout
calls=6 0 
0 1130
0 12

fn=(8746) litchi_xlsx::calculation_properties::codec::check_attribute_count'litchi_xlsx::calculation_properties::codec::parse_calc_attributes'litchi_xlsx::calculation_properties::codec::inspect_with_policy'litchi_xlsx::calculation_properties::snapshot::Snapshot::load_with_limits
0 87
cfn=(8748) <quick_xml::events::attributes::Attributes as core::iter::traits::iterator::Iterator>::next'litchi_xlsx::calculation_properties::codec::check_attribute_count'litchi_xlsx::calculation_properties::codec::parse_calc_attributes'litchi_xlsx::calculation_properties::codec::inspect_with_policy
calls=3 0 
0 666
0 45
cfn=(8748)
calls=15 0 
0 3537
0 282

fn=(14130) litchi_xlsx::calculation_properties::codec::check_attribute_count'litchi_xlsx::calculation_properties::codec::parse_calc_attributes'litchi_xlsx::calculation_properties::codec::inspect_with_policy'litchi_xlsx::raw::recalc::invalidate
0 87
cfn=(8748)
calls=3 0 
0 666
0 45
cfn=(8748)
calls=15 0 
0 3537
0 282

fn=(8726) litchi_xlsx::calculation_properties::codec::check_attribute_count'litchi_xlsx::calculation_properties::codec::inspect_with_policy'litchi_xlsx::calculation_properties::snapshot::Snapshot::load_with_limits'litchi_xlsx::workbook::model::Workbook::calculation_metadata
0 435
cfn=(8728) <quick_xml::events::attributes::Attributes as core::iter::traits::iterator::Iterator>::next'litchi_xlsx::calculation_properties::codec::check_attribute_count'litchi_xlsx::calculation_properties::codec::inspect_with_policy'litchi_xlsx::calculation_properties::snapshot::Snapshot::load_with_limits
calls=15 0 
0 3951
0 117
cfn=(8728)
calls=39 0 
0 8694
0 906

fn=(7688) litchi_xlsx::calculation_properties::codec::check_attribute_count'litchi_xlsx::calculation_properties::codec::inspect_with_policy'litchi_xlsx::raw::recalc::invalidate'litchi_xlsx::workbook::edit::semantic::transaction::Edit::commit
0 435
cfn=(7690) <quick_xml::events::attributes::Attributes as core::iter::traits::iterator::Iterator>::next'litchi_xlsx::calculation_properties::codec::check_attribute_count'litchi_xlsx::calculation_properties::codec::inspect_with_policy'litchi_xlsx::raw::recalc::invalidate
calls=15 0 
0 3951
0 117
cfn=(7690)
calls=39 0 
0 8694
0 906

fn=(14324) litchi_xlsx::workbook::model::Workbook::calculation_metadata'litchi_xlsx::workbook::edit::semantic::transaction::Edit::commit'litchi_perf_baseline::run_xlsx_update_commit'litchi_perf_baseline::run_case_with_config
0 51
cfn=(14326) litchi_xlsx::calculation_properties::snapshot::Snapshot::load_with_limits'litchi_xlsx::workbook::model::Workbook::calculation_metadata'litchi_xlsx::workbook::edit::semantic::transaction::Edit::commit'litchi_perf_baseline::run_xlsx_update_commit
calls=3 0 
0 321694
0 12

fn=(14326)
0 39
cfn=(8586) litchi_opc::package::OpcPackage::main_document_part'litchi_xlsx::calculation_properties::snapshot::Snapshot::load_with_limits'litchi_xlsx::workbook::model::Workbook::calculation_metadata'litchi_xlsx::workbook::edit::semantic::transaction::Edit::commit
calls=3 0 
0 14161
0 27
cfn=(14328) <litchi_opc::part::XmlPart as litchi_opc::part::Part>::content_type'litchi_xlsx::calculation_properties::snapshot::Snapshot::load_with_limits'litchi_xlsx::workbook::model::Workbook::calculation_metadata'litchi_xlsx::workbook::edit::semantic::transaction::Edit::commit
calls=3 0 
0 9
0 9
cfn=(8610) litchi_xlsx::calculation_properties::snapshot::require_workbook_content_type'litchi_xlsx::calculation_properties::snapshot::Snapshot::load_with_limits'litchi_xlsx::workbook::model::Workbook::calculation_metadata'litchi_xlsx::workbook::edit::semantic::transaction::Edit::commit
calls=3 0 
0 159
0 21
cfn=(14330) <litchi_opc::part::XmlPart as litchi_opc::part::Part>::blob'litchi_xlsx::calculation_properties::snapshot::Snapshot::load_with_limits'litchi_xlsx::workbook::model::Workbook::calculation_metadata'litchi_xlsx::workbook::edit::semantic::transaction::Edit::commit
calls=3 0 
0 12
0 39
cfn=(14330)
calls=3 0 
0 12
0 18
cfn=(8616) litchi_xlsx::calculation_properties::codec::inspect_with_policy'litchi_xlsx::calculation_properties::snapshot::Snapshot::load_with_limits'litchi_xlsx::workbook::model::Workbook::calculation_metadata'litchi_xlsx::workbook::edit::semantic::transaction::Edit::commit
calls=3 0 
0 303339
0 51
cob=(2)
cfi=(203)
cfn=(8824) __memcpy_avx_unaligned_erms'litchi_xlsx::calculation_properties::snapshot::Snapshot::load_with_limits'litchi_xlsx::workbook::model::Workbook::calculation_metadata'litchi_xlsx::workbook::edit::semantic::transaction::Edit::commit
calls=3 255 
0 195
0 51
cfn=(14332) <litchi_opc::part::XmlPart as litchi_opc::part::Part>::partname'litchi_xlsx::calculation_properties::snapshot::Snapshot::load_with_limits'litchi_xlsx::workbook::model::Workbook::calculation_metadata'litchi_xlsx::workbook::edit::semantic::transaction::Edit::commit
calls=3 0 
0 6
0 9
cfn=(8828) <alloc::string::String as core::clone::Clone>::clone'litchi_xlsx::calculation_properties::snapshot::Snapshot::load_with_limits'litchi_xlsx::workbook::model::Workbook::calculation_metadata'litchi_xlsx::workbook::edit::semantic::transaction::Edit::commit
calls=3 0 
0 255
0 6
cfn=(14328)
calls=3 0 
0 9
0 18
cfn=(8840) litchi_xlsx::calculation_properties::snapshot::copy_string'litchi_xlsx::calculation_properties::snapshot::Snapshot::load_with_limits'litchi_xlsx::workbook::model::Workbook::calculation_metadata'litchi_xlsx::workbook::edit::semantic::transaction::Edit::commit
calls=3 0 
0 531
0 30
cfn=(14334) <litchi_opc::part::XmlPart as litchi_opc::part::Part>::blob_arc'litchi_xlsx::calculation_properties::snapshot::Snapshot::load_with_limits'litchi_xlsx::workbook::model::Workbook::calculation_metadata'litchi_xlsx::workbook::edit::semantic::transaction::Edit::commit
calls=3 0 
0 12
0 12
cfn=(8860) litchi_xlsx::calculation_properties::snapshot::current_owner_relationship'litchi_xlsx::calculation_properties::snapshot::Snapshot::load_with_limits'litchi_xlsx::workbook::model::Workbook::calculation_metadata'litchi_xlsx::workbook::edit::semantic::transaction::Edit::commit
calls=3 0 
0 246
0 15
cfn=(8866) litchi_xlsx::calculation_properties::snapshot::SourceRelationship::capture'litchi_xlsx::calculation_properties::snapshot::Snapshot::load_with_limits'litchi_xlsx::workbook::model::Workbook::calculation_metadata'litchi_xlsx::workbook::edit::semantic::transaction::Edit::commit
calls=3 0 
0 1740
0 348
cfn=(8876) core::ptr::drop_in_place<litchi_xlsx::calculation_properties::rewriter::Layout>'litchi_xlsx::calculation_properties::snapshot::Snapshot::load_with_limits'litchi_xlsx::workbook::model::Workbook::calculation_metadata'litchi_xlsx::workbook::edit::semantic::transaction::Edit::commit
calls=3 0 
0 312
0 3

fn=(8776) litchi_xlsx::calculation_properties::codec::collapse_whitespace'litchi_xlsx::calculation_properties::codec::parse_calc_attributes'litchi_xlsx::calculation_properties::codec::inspect_with_policy'litchi_xlsx::calculation_properties::snapshot::Snapshot::load_with_limits
0 330
cfn=(8778) <alloc::vec::Vec<T> as alloc::vec::spec_from_iter_nested::SpecFromIterNested<T,I>>::from_iter'litchi_xlsx::calculation_properties::codec::collapse_whitespace'litchi_xlsx::calculation_properties::codec::parse_calc_attributes'litchi_xlsx::calculation_properties::codec::inspect_with_policy
calls=15 0 
0 3129
0 300
cfn=(8786) __rustc::__rust_dealloc'litchi_xlsx::calculation_properties::codec::collapse_whitespace'litchi_xlsx::calculation_properties::codec::parse_calc_attributes'litchi_xlsx::calculation_properties::codec::inspect_with_policy
calls=15 0 
0 525
0 105

fn=(14140) litchi_xlsx::calculation_properties::codec::collapse_whitespace'litchi_xlsx::calculation_properties::codec::parse_calc_attributes'litchi_xlsx::calculation_properties::codec::inspect_with_policy'litchi_xlsx::raw::recalc::invalidate
0 330
cfn=(8778)
calls=15 0 
0 3129
0 300
cfn=(8786)
calls=15 0 
0 525
0 105

fn=(14154) litchi_xlsx::calculation_properties::model::Properties::same_specification'litchi_xlsx::calculation_properties::rewriter::rewrite'litchi_xlsx::raw::recalc::invalidate'litchi_xlsx::workbook::edit::semantic::transaction::Edit::commit
0 249

fn=(13662) litchi_xlsx::raw::worksheet::edit::codec::snapshot::scan::scan_with_limit'litchi_xlsx::raw::worksheet::edit::package::rewrite'litchi_xlsx::workbook::edit::semantic::transaction::Edit::commit'litchi_perf_baseline::run_xlsx_update_commit
0 150
cfn=(4448) <quick_xml::name::NamespaceResolver as core::default::Default>::default'litchi_xlsx::raw::worksheet::edit::codec::snapshot::scan::scan_with_limit'litchi_xlsx::raw::worksheet::edit::package::rewrite'litchi_xlsx::workbook::edit::semantic::transaction::Edit::commit
calls=6 0 
0 9264
0 17724582
cfn=(4674) quick_xml::name::NamespaceResolver::set_level'litchi_xlsx::raw::worksheet::edit::codec::snapshot::scan::scan_with_limit'litchi_xlsx::raw::worksheet::edit::package::rewrite'litchi_xlsx::workbook::edit::semantic::transaction::Edit::commit
calls=787986 0 
0 16547784
0 3151944
cfn=(4460) quick_xml::reader::Reader<R>::read_event_impl'litchi_xlsx::raw::worksheet::edit::codec::snapshot::scan::scan_with_limit'litchi_xlsx::raw::worksheet::edit::package::rewrite'litchi_xlsx::workbook::edit::semantic::transaction::Edit::commit
calls=787986 0 
0 315488873
0 3543624
cfn=(4460)
calls=1181208 0 
0 263831613
0 7876776
cfn=(4472) quick_xml::reader::ns_reader::NsReader<R>::process_event'litchi_xlsx::raw::worksheet::edit::codec::snapshot::scan::scan_with_limit'litchi_xlsx::raw::worksheet::edit::package::rewrite'litchi_xlsx::workbook::edit::semantic::transaction::Edit::commit
calls=1969194 0 
0 226209632
0 57106626
cfn=(4474) quick_xml::name::NamespaceResolver::resolve_event'litchi_xlsx::raw::worksheet::edit::codec::snapshot::scan::scan_with_limit'litchi_xlsx::raw::worksheet::edit::package::rewrite'litchi_xlsx::workbook::edit::semantic::transaction::Edit::commit
calls=1969194 0 
0 227733072
0 40161066
cfn=(13848) quick_xml::events::BytesRef::decode'litchi_xlsx::raw::worksheet::edit::codec::snapshot::scan::scan_with_limit'litchi_xlsx::raw::worksheet::edit::package::rewrite'litchi_xlsx::workbook::edit::semantic::transaction::Edit::commit
calls=393216 0 
0 46549593
0 27173724
cfn=(4504)
calls=6 0 
0 2022
0 60
cfn=(4580) litchi_xlsx::raw::worksheet::edit::codec::snapshot::scan::Scanner::observe_merge_position'litchi_xlsx::raw::worksheet::edit::codec::snapshot::scan::scan_with_limit'litchi_xlsx::raw::worksheet::edit::package::rewrite'litchi_xlsx::workbook::edit::semantic::transaction::Edit::commit
calls=6 0 
0 120
0 54
cfn=(4512) quick_xml::name::QName::local_name'litchi_xlsx::raw::worksheet::edit::codec::snapshot::scan::scan_with_limit'litchi_xlsx::raw::worksheet::edit::package::rewrite'litchi_xlsx::workbook::edit::semantic::transaction::Edit::commit
calls=6 0 
0 588
0 36
cfn=(4512)
calls=6 0 
0 588
0 102
cfn=(4512)
calls=6 0 
0 588
0 60
cfn=(4504)
calls=6 0 
0 2022
0 3939870
cfn=(4504)
calls=787974 0 
0 171037158
0 4727928
cfn=(4512)
calls=6 0 
0 588
0 132
cob=(2)
cfi=(233)
cfn=(4518) __memcmp_avx2_movbe'litchi_xlsx::raw::worksheet::edit::codec::snapshot::scan::scan_with_limit'litchi_xlsx::raw::worksheet::edit::package::rewrite'litchi_xlsx::workbook::edit::semantic::transaction::Edit::commit
calls=6 73 
0 102
0 7091784
cfn=(4580)
calls=787974 0 
0 13395576
0 4727844
cfn=(4512)
calls=787974 0 
0 45718092
0 4727844
cfn=(4512)
calls=787974 0 
0 45718092
0 8667756
cfn=(4512)
calls=787974 0 
0 45718092
0 3939942
cfn=(4584) litchi_xlsx::raw::namespace::is_spreadsheetml_name'litchi_xlsx::raw::worksheet::edit::codec::snapshot::scan::scan_with_limit'litchi_xlsx::raw::worksheet::edit::package::rewrite'litchi_xlsx::workbook::edit::semantic::transaction::Edit::commit
calls=6 0 
0 1056
0 54
cfn=(4596) litchi_xlsx::raw::worksheet::edit::codec::snapshot::scan::Scanner::record_dimension'litchi_xlsx::raw::worksheet::edit::codec::snapshot::scan::scan_with_limit'litchi_xlsx::raw::worksheet::edit::package::rewrite'litchi_xlsx::workbook::edit::semantic::transaction::Edit::commit
calls=6 0 
0 23384
0 4727898
cfn=(4584)
calls=6 0 
0 876
0 20447244
cfn=(13854) __rustc::__rust_realloc'litchi_xlsx::raw::worksheet::edit::codec::snapshot::scan::scan_with_limit'litchi_xlsx::raw::worksheet::edit::package::rewrite'litchi_xlsx::workbook::edit::semantic::transaction::Edit::commit
calls=393216 0 
0 113587147
0 2359422
cfn=(13860) alloc::vec::Vec<T,A>::into_boxed_slice'litchi_xlsx::raw::worksheet::edit::codec::snapshot::scan::scan_with_limit'litchi_xlsx::raw::worksheet::edit::package::rewrite'litchi_xlsx::workbook::edit::semantic::transaction::Edit::commit
calls=6 0 
0 108
0 69168
cfn=(13860)
calls=1536 0 
0 23040
0 30804
cfn=(4570) alloc::raw_vec::RawVec<T,A>::grow_one'litchi_xlsx::raw::worksheet::edit::codec::snapshot::scan::scan_with_limit'litchi_xlsx::raw::worksheet::edit::package::rewrite'litchi_xlsx::workbook::edit::semantic::transaction::Edit::commit
calls=42 0 
0 114339
0 3179520
cfn=(4570)
calls=393216 0 
0 41304337
0 8643102
cfn=(4522) litchi_xlsx::raw::worksheet::edit::codec::wire::tag'litchi_xlsx::raw::worksheet::edit::codec::snapshot::scan::scan_with_limit'litchi_xlsx::raw::worksheet::edit::package::rewrite'litchi_xlsx::workbook::edit::semantic::transaction::Edit::commit
calls=6 0 
0 15358
0 1582134
cfn=(4584)
calls=1536 0 
0 224688
0 15360
cfn=(13668) litchi_xlsx::raw::worksheet::edit::codec::snapshot::scan::Scanner::start_row'litchi_xlsx::raw::worksheet::edit::codec::snapshot::scan::scan_with_limit'litchi_xlsx::raw::worksheet::edit::package::rewrite'litchi_xlsx::workbook::edit::semantic::transaction::Edit::commit
calls=1536 0 
0 7535696
0 2366976
cfn=(4584)
calls=393216 0 
0 49938432
0 3538944
cfn=(13772) litchi_xlsx::raw::worksheet::edit::codec::snapshot::scan::Scanner::start_cell'litchi_xlsx::raw::worksheet::edit::codec::snapshot::scan::scan_with_limit'litchi_xlsx::raw::worksheet::edit::package::rewrite'litchi_xlsx::workbook::edit::semantic::transaction::Edit::commit
calls=393216 0 
0 954768289
0 3538944
cfn=(4512)
calls=393216 0 
0 22806528
0 3539082
cfn=(4584)
calls=6 0 
0 702
0 7492620
cfn=(4570)
calls=10752 0 
0 7728816
0 9830448
cfn=(4512)
calls=393216 0 
0 22806528
0 2359296
cfn=(4584)
calls=393216 0 
0 49938432
0 2752512
cfn=(4512)
calls=393216 0 
0 22806528
0 1572900
cfn=(4584)
calls=6 0 
0 1056
0 66
cfn=(4522)
calls=6 0 
0 1848
0 54
cfn=(13664) core::ptr::drop_in_place<core::option::Option<litchi_xlsx::raw::worksheet::edit::codec::snapshot::scan::PendingSheetData>>'litchi_xlsx::raw::worksheet::edit::codec::snapshot::scan::scan_with_limit'litchi_xlsx::raw::worksheet::edit::package::rewrite'litchi_xlsx::workbook::edit::semantic::transaction::Edit::commit
calls=6 0 
0 66
0 19294116
cfn=(4570)
calls=12 0 
0 3990
0 21275622
cob=(2)
cfi=(203)
cfn=(4686) __memcpy_avx_unaligned_erms'litchi_xlsx::raw::worksheet::edit::codec::snapshot::scan::scan_with_limit'litchi_xlsx::raw::worksheet::edit::package::rewrite'litchi_xlsx::workbook::edit::semantic::transaction::Edit::commit
calls=6 255 
0 822
0 24
cfn=(4690) litchi_xlsx::raw::worksheet::edit::codec::snapshot::scan::Scanner::finish_layout'litchi_xlsx::raw::worksheet::edit::codec::snapshot::scan::scan_with_limit'litchi_xlsx::raw::worksheet::edit::package::rewrite'litchi_xlsx::workbook::edit::semantic::transaction::Edit::commit
calls=6 0 
0 5184
0 42
cfn=(4750) __rustc::__rust_dealloc'litchi_xlsx::raw::worksheet::edit::codec::snapshot::scan::scan_with_limit'litchi_xlsx::raw::worksheet::edit::package::rewrite'litchi_xlsx::workbook::edit::semantic::transaction::Edit::commit
calls=6 0 
0 210
0 12
cfn=(4756) core::ptr::drop_in_place<quick_xml::reader::ns_reader::NsReader<&[u8]>>'litchi_xlsx::raw::worksheet::edit::codec::snapshot::scan::scan_with_limit'litchi_xlsx::raw::worksheet::edit::package::rewrite'litchi_xlsx::workbook::edit::semantic::transaction::Edit::commit
calls=6 0 
0 2537
0 54

fn=(4248) alloc::vec::Vec<T,A>::into_boxed_slice'litchi_xlsx::cell::Store::from_unsorted'litchi_xlsx::raw::worksheet::codec::<impl litchi_xlsx::raw::worksheet::model::Parser>::parse'litchi_xlsx::raw::worksheet::parse
0 180

fn=(4564) alloc::vec::Vec<T,A>::into_boxed_slice'litchi_xlsx::raw::worksheet::edit::codec::wire::tag'litchi_xlsx::raw::worksheet::edit::codec::snapshot::scan::scan_with_limit'litchi_xlsx::raw::worksheet::edit::package::rewrite
0 150
cfn=(4566) __rustc::__rust_realloc'alloc::vec::Vec<T,A>::into_boxed_slice'litchi_xlsx::raw::worksheet::edit::codec::wire::tag'litchi_xlsx::raw::worksheet::edit::codec::snapshot::scan::scan_with_limit
calls=6 0 
0 1620
0 84

fn=(4662) alloc::vec::Vec<T,A>::into_boxed_slice'litchi_xlsx::raw::worksheet::edit::codec::wire::tag'litchi_xlsx::raw::worksheet::edit::codec::snapshot::scan::Scanner::record_dimension'litchi_xlsx::raw::worksheet::edit::codec::snapshot::scan::scan_with_limit
0 102
cfn=(4664) __rustc::__rust_realloc'alloc::vec::Vec<T,A>::into_boxed_slice'litchi_xlsx::raw::worksheet::edit::codec::wire::tag'litchi_xlsx::raw::worksheet::edit::codec::snapshot::scan::Scanner::record_dimension
calls=6 0 
0 1686
0 42

fn=(13742) alloc::vec::Vec<T,A>::into_boxed_slice'litchi_xlsx::raw::worksheet::edit::codec::wire::tag'litchi_xlsx::raw::worksheet::edit::codec::snapshot::scan::Scanner::start_row'litchi_xlsx::raw::worksheet::edit::codec::snapshot::scan::scan_with_limit
0 26112
cfn=(13744) __rustc::__rust_realloc'alloc::vec::Vec<T,A>::into_boxed_slice'litchi_xlsx::raw::worksheet::edit::codec::wire::tag'litchi_xlsx::raw::worksheet::edit::codec::snapshot::scan::Scanner::start_row
calls=1536 0 
0 452442
0 10752

fn=(13860)
0 23148

fn=(14312) alloc::vec::Vec<T,A>::into_boxed_slice'litchi_xlsx::workbook::model::Workbook::from_package_with_styles'litchi_xlsx::workbook::edit::semantic::transaction::Edit::commit'litchi_perf_baseline::run_xlsx_update_commit
0 93
cfn=(8538) __rustc::__rust_realloc'alloc::vec::Vec<T,A>::into_boxed_slice'litchi_xlsx::workbook::model::Workbook::from_package_with_styles'litchi_xlsx::workbook::edit::semantic::transaction::Edit::commit
calls=3 0 
0 808
0 165

fn=(4708) alloc::vec::Vec<T,A>::into_boxed_slice'litchi_xlsx::merge::Index::new'litchi_xlsx::raw::worksheet::edit::codec::snapshot::scan::Scanner::finish_layout'litchi_xlsx::raw::worksheet::edit::codec::snapshot::scan::scan_with_limit
0 324

fn=(4324) alloc::vec::Vec<T,A>::into_boxed_slice'litchi_xlsx::merge::Index::new'litchi_xlsx::workbook::edit::model::project_merges'litchi_xlsx::workbook::edit::semantic::transaction::Edit::commit
0 324

fn=(4246) alloc::vec::Vec<T,A>::into_boxed_slice'litchi_xlsx::merge::Index::new'litchi_xlsx::cell::Store::from_unsorted'litchi_xlsx::raw::worksheet::codec::<impl litchi_xlsx::raw::worksheet::model::Parser>::parse
0 648

fn=(13648) alloc::vec::Vec<T,A>::into_boxed_slice'litchi_xlsx::workbook::edit::semantic::transaction::Edit::commit'litchi_perf_baseline::run_xlsx_update_commit'litchi_perf_baseline::run_case_with_config
0 54
cfn=(14344) __rustc::__rust_realloc'alloc::vec::Vec<T,A>::into_boxed_slice'litchi_xlsx::workbook::edit::semantic::transaction::Edit::commit'litchi_perf_baseline::run_xlsx_update_commit
calls=3 0 
0 810
0 55266
cfn=(14344)
calls=3 0 
0 866
0 21

fn=(4714) alloc::vec::Vec<T,A>::into_boxed_slice'litchi_xlsx::raw::worksheet::edit::codec::snapshot::scan::Scanner::finish_layout'litchi_xlsx::raw::worksheet::edit::codec::snapshot::scan::scan_with_limit'litchi_xlsx::raw::worksheet::edit::package::rewrite
0 414

fn=(13704) __rustc::__rdl_dealloc'__rustc::__rust_dealloc'litchi_ooxml_common::xml::unqualified_attribute_value'litchi_xlsx::raw::worksheet::edit::codec::snapshot::scan::Scanner::row_position
0 1536
cob=(2)
cfi=(155)
cfn=(2996) free'__rustc::__rdl_dealloc'__rustc::__rust_dealloc'litchi_ooxml_common::xml::unqualified_attribute_value
calls=1536 3319 
0 50688

fn=(13808) __rustc::__rdl_dealloc'__rustc::__rust_dealloc'litchi_ooxml_common::xml::unqualified_attribute_value'litchi_xlsx::raw::worksheet::edit::codec::snapshot::scan::Scanner::cell_address
0 393216
cob=(2)
cfi=(155)
cfn=(2996)
calls=393216 3319 
0 12990043

fn=(3100) __rustc::__rdl_dealloc'__rustc::__rust_dealloc'litchi_ooxml_common::xml::unqualified_attribute_value'litchi_xlsx::raw::catalog::optional_u32
0 6
cob=(2)
cfi=(155)
cfn=(2996)
calls=12 3319 
0 198

fn=(5600) __rustc::__rdl_dealloc'__rustc::__rust_dealloc'litchi_ooxml_common::xml::unqualified_attribute_value'litchi_xlsx::raw::worksheet::validation::optional_f64
0 3072
cob=(2)
cfi=(155)
cfn=(2996)
calls=3584 3319 
0 101376

fn=(5646) __rustc::__rdl_dealloc'__rustc::__rust_dealloc'litchi_ooxml_common::xml::unqualified_attribute_value'litchi_xlsx::raw::worksheet::validation::optional_bool
0 21504
cob=(2)
cfi=(155)
cfn=(2996)
calls=25088 3319 
0 709632

fn=(4628) __rustc::__rdl_dealloc'__rustc::__rust_dealloc'litchi_ooxml_common::xml::unqualified_attribute_value'litchi_xlsx::raw::worksheet::edit::codec::snapshot::scan::Scanner::record_dimension
0 6
cob=(2)
cfi=(155)
cfn=(2996)
calls=6 3319 
0 198

fn=(2994) __rustc::__rdl_dealloc'__rustc::__rust_dealloc'litchi_ooxml_common::xml::unqualified_attribute_value'litchi_xlsx::raw::catalog::WorkbookInfo::process_element
0 12
cob=(2)
cfi=(155)
cfn=(2996)
calls=24 3319 
0 396

fn=(4190) __rustc::__rdl_dealloc'__rustc::__rust_dealloc'litchi_ooxml_common::xml::unqualified_attribute_value'litchi_xlsx::raw::worksheet::codec::<impl litchi_xlsx::raw::worksheet::model::Parser>::start
0 12
cob=(2)
cfi=(155)
cfn=(2996)
calls=14 3319 
0 396

fn=(5558) __rustc::__rdl_dealloc'__rustc::__rust_dealloc'litchi_ooxml_common::xml::unqualified_attribute_value'litchi_xlsx::raw::worksheet::codec::<impl litchi_xlsx::raw::worksheet::model::Parser>::start_row
0 3072
cob=(2)
cfi=(155)
cfn=(2996)
calls=3584 3319 
0 101376

fn=(5624) __rustc::__rdl_dealloc'__rustc::__rust_dealloc'litchi_ooxml_common::xml::unqualified_attribute_value'litchi_xlsx::raw::worksheet::validation::optional_u32
0 6144
cob=(2)
cfi=(155)
cfn=(2996)
calls=7168 3319 
0 202752

fn=(3452) __rustc::__rdl_dealloc'__rustc::__rust_dealloc'alloc::vec::in_place_collect::from_iter_in_place'core::iter::adapters::try_process
0 3
cob=(2)
cfi=(155)
cfn=(3454) free'__rustc::__rdl_dealloc'__rustc::__rust_dealloc'alloc::vec::in_place_collect::from_iter_in_place
calls=6 3319 
0 99

fn=(8914) __rustc::__rdl_dealloc'__rustc::__rust_dealloc'core::ptr::drop_in_place<litchi_xlsx::workbook::edit::validation::FinalOrder>'litchi_xlsx::workbook::edit::semantic::transaction::Edit::commit
0 6
cob=(2)
cfi=(155)
cfn=(3816) free'__rustc::__rdl_dealloc'__rustc::__rust_dealloc'core::ptr::drop_in_place<litchi_xlsx::workbook::edit::validation::FinalOrder>
calls=6 3319 
0 198

fn=(3962) __rustc::__rdl_dealloc'__rustc::__rust_dealloc'litchi_xlsx::workbook::edit::semantic::transaction::validate_final_sheet_names'litchi_xlsx::workbook::edit::semantic::transaction::Edit::commit
0 3
cob=(2)
cfi=(155)
cfn=(3964) free'__rustc::__rdl_dealloc'__rustc::__rust_dealloc'litchi_xlsx::workbook::edit::semantic::transaction::validate_final_sheet_names
calls=3 3319 
0 99

fn=(4804) __rustc::__rdl_dealloc'__rustc::__rust_dealloc'litchi_xlsx::raw::worksheet::edit::validation::validate_column_actions'litchi_xlsx::raw::worksheet::edit::package::rewrite
0 6
cob=(2)
cfi=(155)
cfn=(4806) free'__rustc::__rdl_dealloc'__rustc::__rust_dealloc'litchi_xlsx::raw::worksheet::edit::validation::validate_column_actions
calls=6 3319 
0 954

fn=(13934) __rustc::__rdl_dealloc'__rustc::__rust_dealloc'litchi_xlsx::raw::worksheet::edit::codec::wire::write_attribute'litchi_xlsx::raw::worksheet::edit::codec::wire::write_cell_tag
0 3933
cob=(2)
cfi=(155)
cfn=(4962) free'__rustc::__rdl_dealloc'__rustc::__rust_dealloc'litchi_xlsx::raw::worksheet::edit::codec::wire::write_attribute
calls=3933 3319 
0 131859

fn=(8788) __rustc::__rdl_dealloc'__rustc::__rust_dealloc'litchi_xlsx::calculation_properties::codec::collapse_whitespace'litchi_xlsx::calculation_properties::codec::parse_calc_attributes
0 30
cob=(2)
cfi=(155)
cfn=(8790) free'__rustc::__rdl_dealloc'__rustc::__rust_dealloc'litchi_xlsx::calculation_properties::codec::collapse_whitespace
calls=30 3319 
0 990

fn=(4752) __rustc::__rdl_dealloc'__rustc::__rust_dealloc'litchi_xlsx::raw::worksheet::edit::codec::snapshot::scan::scan_with_limit'litchi_xlsx::raw::worksheet::edit::package::rewrite
0 6
cob=(2)
cfi=(155)
cfn=(4754) free'__rustc::__rdl_dealloc'__rustc::__rust_dealloc'litchi_xlsx::raw::worksheet::edit::codec::snapshot::scan::scan_with_limit
calls=6 3319 
0 198

fn=(2672) __rustc::__rdl_dealloc'__rustc::__rust_dealloc'hashbrown::raw::RawTable<T,A>::reserve_rehash'hashbrown::map::HashMap<K,V,S,A>::insert
0 147
cob=(2)
cfi=(155)
cfn=(2674) free'__rustc::__rdl_dealloc'__rustc::__rust_dealloc'hashbrown::raw::RawTable<T,A>::reserve_rehash
calls=176 3319 
0 7323

fn=(4068) __rustc::__rdl_dealloc'__rustc::__rust_dealloc'litchi_ooxml_common::mce::codec::process_ooxml'litchi_xlsx::raw::worksheet::parse
0 216
cob=(2)
cfi=(155)
cfn=(2686) free'__rustc::__rdl_dealloc'__rustc::__rust_dealloc'litchi_ooxml_common::mce::codec::process_ooxml
calls=252 3319 
0 7128

fn=(2684) __rustc::__rdl_dealloc'__rustc::__rust_dealloc'litchi_ooxml_common::mce::codec::process_ooxml'litchi_xlsx::raw::catalog::parse_catalog
0 54
cob=(2)
cfi=(155)
cfn=(2686)
calls=108 3319 
0 1782

fn=(3104) __rustc::__rdl_dealloc'__rustc::__rust_dealloc'litchi_xlsx::raw::catalog::optional_u32'litchi_xlsx::raw::catalog::required_u32
0 6
cob=(2)
cfi=(155)
cfn=(3106) free'__rustc::__rdl_dealloc'__rustc::__rust_dealloc'litchi_xlsx::raw::catalog::optional_u32
calls=12 3319 
0 198

fn=(5212) __rustc::__rdl_dealloc'__rustc::__rust_dealloc'alloc::collections::btree::map::IntoIter<K,V,A>::dying_next'<alloc::collections::btree::map::BTreeMap<K,V,A> as core::ops::drop::Drop>::drop
0 1536
cob=(2)
cfi=(155)
cfn=(2050) free'__rustc::__rdl_dealloc'__rustc::__rust_dealloc'alloc::collections::btree::map::IntoIter<K,V,A>::dying_next
calls=1567 3319 
0 240046

fn=(4998) __rustc::__rdl_dealloc'__rustc::__rust_dealloc'alloc::collections::btree::map::IntoIter<K,V,A>::dying_next'litchi_xlsx::raw::worksheet::edit::codec::snapshot::write::sheet_data::write_sheet_data
0 909
cob=(2)
cfi=(155)
cfn=(2050)
calls=909 3319 
0 110729

fn=(6008) __rustc::__rdl_dealloc'__rustc::__rust_dealloc'alloc::collections::btree::map::IntoIter<K,V,A>::dying_next'litchi_xlsx::workbook::edit::semantic::transaction::Edit::commit
0 3
cob=(2)
cfi=(155)
cfn=(2050)
calls=3 3319 
0 372

fn=(4406) __rustc::__rdl_dealloc'__rustc::__rust_dealloc'alloc::collections::btree::map::IntoIter<K,V,A>::dying_next'<alloc::collections::btree::map::IntoIter<K,V,A> as core::iter::traits::iterator::Iterator>::next
0 657
cob=(2)
cfi=(155)
cfn=(2050)
calls=657 3319 
0 84880

fn=(6910) __rustc::__rdl_dealloc'__rustc::__rust_dealloc'litchi_opc::package::OpcPackage::main_document_part'litchi_xlsx::chain::package::main_workbook_uri
0 3
cob=(2)
cfi=(155)
cfn=(2614) free'__rustc::__rdl_dealloc'__rustc::__rust_dealloc'litchi_opc::package::OpcPackage::main_document_part
calls=3 3319 
0 99

fn=(8604) __rustc::__rdl_dealloc'__rustc::__rust_dealloc'litchi_opc::package::OpcPackage::main_document_part'litchi_xlsx::calculation_properties::snapshot::Snapshot::load_with_limits
0 3
cob=(2)
cfi=(155)
cfn=(2614)
calls=3 3319 
0 99

fn=(2612) __rustc::__rdl_dealloc'__rustc::__rust_dealloc'litchi_opc::package::OpcPackage::main_document_part'litchi_xlsx::workbook::model::Workbook::from_package_with_styles
0 3
cob=(2)
cfi=(155)
cfn=(2614)
calls=6 3319 
0 99

fn=(4256) __rustc::__rdl_dealloc'__rustc::__rust_dealloc'litchi_xlsx::raw::worksheet::codec::<impl litchi_xlsx::raw::worksheet::model::Parser>::parse'litchi_xlsx::raw::worksheet::parse
0 12
cob=(2)
cfi=(155)
cfn=(4258) free'__rustc::__rdl_dealloc'__rustc::__rust_dealloc'litchi_xlsx::raw::worksheet::codec::<impl litchi_xlsx::raw::worksheet::model::Parser>::parse
calls=14 3319 
0 396

fn=(6956) __rustc::__rdl_dealloc'__rustc::__rust_dealloc'litchi_xlsx::chain::package::validate_package'litchi_xlsx::workbook::edit::codec::calculation_chain_removal
0 3
cob=(2)
cfi=(155)
cfn=(6958) free'__rustc::__rdl_dealloc'__rustc::__rust_dealloc'litchi_xlsx::chain::package::validate_package
calls=3 3319 
0 99

fn=(5936) __rustc::__rdl_dealloc'__rustc::__rust_dealloc'core::ptr::drop_in_place<litchi_xlsx::cell::Value>'core::ptr::drop_in_place<litchi_xlsx::cell::Cell>
0 397149
cob=(2)
cfi=(155)
cfn=(5208) free'__rustc::__rdl_dealloc'__rustc::__rust_dealloc'core::ptr::drop_in_place<litchi_xlsx::cell::Value>
calls=929303 3319 
0 69699283

fn=(5206) __rustc::__rdl_dealloc'__rustc::__rust_dealloc'core::ptr::drop_in_place<litchi_xlsx::cell::Value>'core::ptr::drop_in_place<litchi_xlsx::raw::worksheet::edit::model::Action>
0 3933
cob=(2)
cfi=(155)
cfn=(5208)
calls=3933 3319 
0 135395

fn=(13988) __rustc::__rdl_dealloc'__rustc::__rust_dealloc'core::ptr::drop_in_place<litchi_xlsx::raw::worksheet::edit::codec::snapshot::model::Tag>'core::ptr::drop_in_place<litchi_xlsx::raw::worksheet::edit::codec::snapshot::model::RowSlot>
0 6144
cob=(2)
cfi=(155)
cfn=(5248) free'__rustc::__rdl_dealloc'__rustc::__rust_dealloc'core::ptr::drop_in_place<litchi_xlsx::raw::worksheet::edit::codec::snapshot::model::Tag>
calls=6144 3319 
0 1123922

fn=(5246) __rustc::__rdl_dealloc'__rustc::__rust_dealloc'core::ptr::drop_in_place<litchi_xlsx::raw::worksheet::edit::codec::snapshot::model::Tag>'core::ptr::drop_in_place<litchi_xlsx::raw::worksheet::edit::codec::snapshot::model::Layout>
0 54
cob=(2)
cfi=(155)
cfn=(5248)
calls=54 3319 
0 7109

fn=(5326) __rustc::__rdl_dealloc'__rustc::__rust_dealloc'litchi_xlsx::raw::compact::changed_worksheet'litchi_xlsx::workbook::edit::semantic::transaction::Edit::commit
0 394764
cob=(2)
cfi=(155)
cfn=(5328) free'__rustc::__rdl_dealloc'__rustc::__rust_dealloc'litchi_xlsx::raw::compact::changed_worksheet
calls=394764 3319 
0 13027212

fn=(5962) __rustc::__rdl_dealloc'__rustc::__rust_dealloc'core::ptr::drop_in_place<alloc::boxed::Box<[litchi_xlsx::cell::Stored]>>'core::ptr::drop_in_place<litchi_xlsx::cell::Store>
0 6
cob=(2)
cfi=(155)
cfn=(5964) free'__rustc::__rdl_dealloc'__rustc::__rust_dealloc'core::ptr::drop_in_place<alloc::boxed::Box<[litchi_xlsx::cell::Stored]>>
calls=6 3319 
0 748

fn=(7412) __rustc::__rdl_dealloc'__rustc::__rust_dealloc'litchi_xlsx::calculation_properties::rewriter::inspect_layout'litchi_xlsx::calculation_properties::codec::inspect_with_policy
0 114
cob=(2)
cfi=(155)
cfn=(7414) free'__rustc::__rdl_dealloc'__rustc::__rust_dealloc'litchi_xlsx::calculation_properties::rewriter::inspect_layout
calls=114 3319 
0 3762

fn=(7472) __rustc::__rdl_dealloc'__rustc::__rust_dealloc'litchi_xlsx::calculation_properties::rewriter::inspect_start'litchi_xlsx::calculation_properties::rewriter::inspect_layout
0 54
cob=(2)
cfi=(155)
cfn=(7474) free'__rustc::__rdl_dealloc'__rustc::__rust_dealloc'litchi_xlsx::calculation_properties::rewriter::inspect_start
calls=54 3319 
0 1897

fn=(8880) __rustc::__rdl_dealloc'__rustc::__rust_dealloc'core::ptr::drop_in_place<litchi_xlsx::calculation_properties::rewriter::Layout>'litchi_xlsx::calculation_properties::snapshot::Snapshot::load_with_limits
0 6
cob=(2)
cfi=(155)
cfn=(7882) free'__rustc::__rdl_dealloc'__rustc::__rust_dealloc'core::ptr::drop_in_place<litchi_xlsx::calculation_properties::rewriter::Layout>
calls=6 3319 
0 198

fn=(7880) __rustc::__rdl_dealloc'__rustc::__rust_dealloc'core::ptr::drop_in_place<litchi_xlsx::calculation_properties::rewriter::Layout>'litchi_xlsx::raw::recalc::invalidate
0 6
cob=(2)
cfi=(155)
cfn=(7882)
calls=6 3319 
0 198

fn=(8198) __rustc::__rdl_dealloc'__rustc::__rust_dealloc'litchi_opc::package::OpcPackage::get_part_mut'litchi_xlsx::workbook::edit::semantic::transaction::Edit::commit
0 6
cob=(2)
cfi=(155)
cfn=(8200) free'__rustc::__rdl_dealloc'__rustc::__rust_dealloc'litchi_opc::package::OpcPackage::get_part_mut
calls=6 3319 
0 198

fn=(8892) __rustc::__rdl_dealloc'__rustc::__rust_dealloc'core::ptr::drop_in_place<litchi_xlsx::calculation_properties::snapshot::SourceState>'core::ptr::drop_in_place<litchi_xlsx::calculation_properties::snapshot::Snapshot>
0 15
cob=(2)
cfi=(155)
cfn=(8894) free'__rustc::__rdl_dealloc'__rustc::__rust_dealloc'core::ptr::drop_in_place<litchi_xlsx::calculation_properties::snapshot::SourceState>
calls=15 3319 
0 495

fn=(13842) __rustc::__rdl_dealloc'__rustc::__rust_dealloc'litchi_xlsx::raw::worksheet::edit::codec::wire::cell_tag'litchi_xlsx::raw::worksheet::edit::codec::snapshot::scan::Scanner::start_cell
0 393216
cob=(2)
cfi=(155)
cfn=(13844) free'__rustc::__rdl_dealloc'__rustc::__rust_dealloc'litchi_xlsx::raw::worksheet::edit::codec::wire::cell_tag
calls=393216 3319 
0 12990158

fn=(5856) __rustc::__rdl_dealloc'__rustc::__rust_dealloc'<alloc::vec::into_iter::IntoIter<T,A> as core::ops::drop::Drop>::drop'litchi_xlsx::raw::worksheet::codec::<impl litchi_xlsx::raw::worksheet::model::Parser>::parse
0 12
cob=(2)
cfi=(155)
cfn=(5858) free'__rustc::__rdl_dealloc'__rustc::__rust_dealloc'<alloc::vec::into_iter::IntoIter<T,A> as core::ops::drop::Drop>::drop
calls=14 3319 
0 1594

fn=(3228) __rustc::__rdl_dealloc'__rustc::__rust_dealloc'<hashbrown::raw::RawTable<T,A> as core::ops::drop::Drop>::drop'litchi_xlsx::raw::catalog::parse_catalog
0 21
cob=(2)
cfi=(155)
cfn=(3230) free'__rustc::__rdl_dealloc'__rustc::__rust_dealloc'<hashbrown::raw::RawTable<T,A> as core::ops::drop::Drop>::drop
calls=42 3319 
0 693

fn=(7736) __rustc::__rdl_dealloc'__rustc::__rust_dealloc'<hashbrown::raw::RawTable<T,A> as core::ops::drop::Drop>::drop'litchi_xlsx::calculation_properties::codec::inspect_with_policy
0 144
cob=(2)
cfi=(155)
cfn=(3230)
calls=144 3319 
0 4867

fn=(8576) __rustc::__rdl_dealloc'__rustc::__rust_dealloc'<hashbrown::raw::RawTable<T,A> as core::ops::drop::Drop>::drop'litchi_xlsx::workbook::model::Workbook::from_package_with_styles
0 3
cob=(2)
cfi=(155)
cfn=(3230)
calls=3 3319 
0 99

fn=(5888) __rustc::__rdl_dealloc'__rustc::__rust_dealloc'<hashbrown::raw::RawTable<T,A> as core::ops::drop::Drop>::drop'litchi_xlsx::raw::worksheet::codec::<impl litchi_xlsx::raw::worksheet::model::Parser>::parse
0 12
cob=(2)
cfi=(155)
cfn=(3230)
calls=14 3319 
0 1488

fn=(4670) __rustc::__rdl_dealloc'__rustc::__rust_dealloc'litchi_xlsx::raw::worksheet::edit::codec::snapshot::scan::Scanner::record_dimension'litchi_xlsx::raw::worksheet::edit::codec::snapshot::scan::scan_with_limit
0 6
cob=(2)
cfi=(155)
cfn=(4672) free'__rustc::__rdl_dealloc'__rustc::__rust_dealloc'litchi_xlsx::raw::worksheet::edit::codec::snapshot::scan::Scanner::record_dimension
calls=6 3319 
0 198

fn=(13970) __rustc::__rdl_dealloc'__rustc::__rust_dealloc'litchi_xlsx::raw::worksheet::edit::codec::snapshot::write::sheet_data::write_sheet_data'litchi_xlsx::raw::worksheet::edit::package::rewrite
0 7866
cob=(2)
cfi=(155)
cfn=(13972) free'__rustc::__rdl_dealloc'__rustc::__rust_dealloc'litchi_xlsx::raw::worksheet::edit::codec::snapshot::write::sheet_data::write_sheet_data
calls=7866 3319 
0 728121

fn=(13992) __rustc::__rdl_dealloc'__rustc::__rust_dealloc'core::ptr::drop_in_place<litchi_xlsx::raw::worksheet::edit::codec::snapshot::model::RowSlot>'core::ptr::drop_in_place<litchi_xlsx::raw::worksheet::edit::codec::snapshot::model::Layout>
0 394752
cob=(2)
cfi=(155)
cfn=(13994) free'__rustc::__rdl_dealloc'__rustc::__rust_dealloc'core::ptr::drop_in_place<litchi_xlsx::raw::worksheet::edit::codec::snapshot::model::RowSlot>
calls=394752 3319 
0 68217601

fn=(2812) __rustc::__rdl_dealloc'__rustc::__rust_dealloc'litchi_xlsx::raw::catalog::parse_catalog'litchi_xlsx::workbook::model::Workbook::from_package_with_styles
0 75
cob=(2)
cfi=(155)
cfn=(2814) free'__rustc::__rdl_dealloc'__rustc::__rust_dealloc'litchi_xlsx::raw::catalog::parse_catalog
calls=150 3319 
0 2475

fn=(14072) __rustc::__rdl_dealloc'__rustc::__rust_dealloc'litchi_xlsx::workbook::edit::semantic::transaction::Edit::commit'litchi_perf_baseline::run_xlsx_update_commit
0 18
cob=(2)
cfi=(155)
cfn=(5980) free'__rustc::__rdl_dealloc'__rustc::__rust_dealloc'litchi_xlsx::workbook::edit::semantic::transaction::Edit::commit
calls=18 3319 
0 1302

fn=(5160) __rustc::__rdl_dealloc'__rustc::__rust_dealloc'litchi_xlsx::raw::worksheet::edit::codec::snapshot::write::sheet_data::write_text_element'litchi_xlsx::raw::worksheet::edit::codec::snapshot::write::sheet_data::write_payload
0 3933
cob=(2)
cfi=(155)
cfn=(5162) free'__rustc::__rdl_dealloc'__rustc::__rust_dealloc'litchi_xlsx::raw::worksheet::edit::codec::snapshot::write::sheet_data::write_text_element
calls=3933 3319 
0 131859

fn=(5700) __rustc::__rdl_dealloc'__rustc::__rust_dealloc'litchi_xlsx::raw::worksheet::codec::scan_cell_attributes'litchi_xlsx::raw::worksheet::codec::<impl litchi_xlsx::raw::worksheet::model::Parser>::start_cell
0 786432
cob=(2)
cfi=(155)
cfn=(5702) free'__rustc::__rdl_dealloc'__rustc::__rust_dealloc'litchi_xlsx::raw::worksheet::codec::scan_cell_attributes
calls=917504 3319 
0 25952256

fn=(5968) __rustc::__rdl_dealloc'__rustc::__rust_dealloc'core::ptr::drop_in_place<litchi_xlsx::cell::Store>'litchi_xlsx::workbook::edit::semantic::transaction::Edit::commit
0 12
cob=(2)
cfi=(155)
cfn=(5970) free'__rustc::__rdl_dealloc'__rustc::__rust_dealloc'core::ptr::drop_in_place<litchi_xlsx::cell::Store>
calls=12 3319 
0 2280

fn=(7528) __rustc::__rdl_dealloc'__rustc::__rust_dealloc'litchi_xlsx::calculation_properties::rewriter::close_frame'litchi_xlsx::calculation_properties::rewriter::inspect_layout
0 12
cob=(2)
cfi=(155)
cfn=(7516) free'__rustc::__rdl_dealloc'__rustc::__rust_dealloc'litchi_xlsx::calculation_properties::rewriter::close_frame
calls=12 3319 
0 396

fn=(7514) __rustc::__rdl_dealloc'__rustc::__rust_dealloc'litchi_xlsx::calculation_properties::rewriter::close_frame'litchi_xlsx::calculation_properties::rewriter::inspect_start
0 12
cob=(2)
cfi=(155)
cfn=(7516)
calls=12 3319 
0 396

fn=(8570) __rustc::__rdl_dealloc'__rustc::__rust_dealloc'core::ptr::drop_in_place<(litchi_opc::packuri::PackURI,litchi_xlsx::workbook::model::SourcePageBreakProjection)>'<hashbrown::raw::RawTable<T,A> as core::ops::drop::Drop>::drop
0 6
cob=(2)
cfi=(155)
cfn=(8572) free'__rustc::__rdl_dealloc'__rustc::__rust_dealloc'core::ptr::drop_in_place<(litchi_opc::packuri::PackURI,litchi_xlsx::workbook::model::SourcePageBreakProjection)>
calls=6 3319 
0 198

fn=(7730) __rustc::__rdl_dealloc'__rustc::__rust_dealloc'core::ptr::drop_in_place<quick_xml::reader::ns_reader::NsReader<&[u8]>>'litchi_xlsx::calculation_properties::codec::inspect_with_policy
0 24
cob=(2)
cfi=(155)
cfn=(3222) free'__rustc::__rdl_dealloc'__rustc::__rust_dealloc'core::ptr::drop_in_place<quick_xml::reader::ns_reader::NsReader<&[u8]>>
calls=24 3319 
0 1504

fn=(4760) __rustc::__rdl_dealloc'__rustc::__rust_dealloc'core::ptr::drop_in_place<quick_xml::reader::ns_reader::NsReader<&[u8]>>'litchi_xlsx::raw::worksheet::edit::codec::snapshot::scan::scan_with_limit
0 24
cob=(2)
cfi=(155)
cfn=(3222)
calls=24 3319 
0 2315

fn=(4272) __rustc::__rdl_dealloc'__rustc::__rust_dealloc'core::ptr::drop_in_place<quick_xml::reader::ns_reader::NsReader<&[u8]>>'litchi_xlsx::raw::worksheet::codec::<impl litchi_xlsx::raw::worksheet::model::Parser>::parse
0 48
cob=(2)
cfi=(155)
cfn=(3222)
calls=56 3319 
0 3934

fn=(5470) __rustc::__rdl_dealloc'__rustc::__rust_dealloc'core::ptr::drop_in_place<quick_xml::reader::ns_reader::NsReader<&[u8]>>'litchi_xlsx::raw::compact::changed_worksheet
0 24
cob=(2)
cfi=(155)
cfn=(3222)
calls=24 3319 
0 3080

fn=(7554) __rustc::__rdl_dealloc'__rustc::__rust_dealloc'core::ptr::drop_in_place<quick_xml::reader::ns_reader::NsReader<&[u8]>>'litchi_xlsx::calculation_properties::rewriter::inspect_layout
0 24
cob=(2)
cfi=(155)
cfn=(3222)
calls=24 3319 
0 1411

fn=(3220) __rustc::__rdl_dealloc'__rustc::__rust_dealloc'core::ptr::drop_in_place<quick_xml::reader::ns_reader::NsReader<&[u8]>>'litchi_xlsx::raw::catalog::parse_catalog
0 12
cob=(2)
cfi=(155)
cfn=(3222)
calls=24 3319 
0 763

fn=(4200) __rustc::__rdl_dealloc'__rustc::__rust_dealloc'litchi_xlsx::raw::worksheet::codec::<impl litchi_xlsx::raw::worksheet::model::Parser>::start'litchi_xlsx::raw::worksheet::codec::<impl litchi_xlsx::raw::worksheet::model::Parser>::parse
0 12
cob=(2)
cfi=(155)
cfn=(4202) free'__rustc::__rdl_dealloc'__rustc::__rust_dealloc'litchi_xlsx::raw::worksheet::codec::<impl litchi_xlsx::raw::worksheet::model::Parser>::start
calls=14 3319 
0 396

fn=(5232) __rustc::__rdl_dealloc'__rustc::__rust_dealloc'core::ptr::drop_in_place<litchi_xlsx::raw::worksheet::edit::codec::validation::ExtensionNames>'litchi_xlsx::raw::worksheet::edit::package::rewrite
0 6
cob=(2)
cfi=(155)
cfn=(5234) free'__rustc::__rdl_dealloc'__rustc::__rust_dealloc'core::ptr::drop_in_place<litchi_xlsx::raw::worksheet::edit::codec::validation::ExtensionNames>
calls=6 3319 
0 341

fn=(13998) __rustc::__rdl_dealloc'__rustc::__rust_dealloc'core::ptr::drop_in_place<litchi_xlsx::raw::worksheet::edit::codec::snapshot::model::Layout>'litchi_xlsx::raw::worksheet::edit::package::rewrite
0 6
cob=(2)
cfi=(155)
cfn=(14000) free'__rustc::__rdl_dealloc'__rustc::__rust_dealloc'core::ptr::drop_in_place<litchi_xlsx::raw::worksheet::edit::codec::snapshot::model::Layout>
calls=6 3319 
0 1140

fn=(5566) __rustc::__rdl_dealloc'__rustc::__rust_dealloc'litchi_xlsx::raw::worksheet::codec::<impl litchi_xlsx::raw::worksheet::model::Parser>::start_row'litchi_xlsx::raw::worksheet::codec::<impl litchi_xlsx::raw::worksheet::model::Parser>::start
0 3072
cob=(2)
cfi=(155)
cfn=(5568) free'__rustc::__rdl_dealloc'__rustc::__rust_dealloc'litchi_xlsx::raw::worksheet::codec::<impl litchi_xlsx::raw::worksheet::model::Parser>::start_row
calls=3584 3319 
0 101836

fn=(5714) __rustc::__rdl_dealloc'__rustc::__rust_dealloc'litchi_xlsx::raw::worksheet::codec::<impl litchi_xlsx::raw::worksheet::model::Parser>::start_cell'litchi_xlsx::raw::worksheet::codec::<impl litchi_xlsx::raw::worksheet::model::Parser>::start
0 786432
cob=(2)
cfi=(155)
cfn=(5716) free'__rustc::__rdl_dealloc'__rustc::__rust_dealloc'litchi_xlsx::raw::worksheet::codec::<impl litchi_xlsx::raw::worksheet::model::Parser>::start_cell
calls=917504 3319 
0 26048741

fn=(8802) __rustc::__rdl_dealloc'__rustc::__rust_dealloc'litchi_xlsx::calculation_properties::codec::parse_calc_attributes'litchi_xlsx::calculation_properties::codec::inspect_with_policy
0 6
cob=(2)
cfi=(155)
cfn=(8804) free'__rustc::__rdl_dealloc'__rustc::__rust_dealloc'litchi_xlsx::calculation_properties::codec::parse_calc_attributes
calls=6 3319 
0 313

fn=(13766) __rustc::__rdl_dealloc'__rustc::__rust_dealloc'litchi_xlsx::raw::worksheet::x14ac::attribute_name'litchi_xlsx::raw::worksheet::edit::codec::snapshot::scan::Scanner::start_row
0 1536
cob=(2)
cfi=(155)
cfn=(13768) free'__rustc::__rdl_dealloc'__rustc::__rust_dealloc'litchi_xlsx::raw::worksheet::x14ac::attribute_name
calls=1536 3319 
0 50688

fn=(3056) __rustc::__rdl_dealloc'__rustc::__rust_dealloc'litchi_ooxml_common::relationships::codec::attribute_value'litchi_xlsx::raw::catalog::WorkbookInfo::process_element
0 6
cob=(2)
cfi=(155)
cfn=(3058) free'__rustc::__rdl_dealloc'__rustc::__rust_dealloc'litchi_ooxml_common::relationships::codec::attribute_value
calls=12 3319 
0 198

fn=(3318) __rustc::__rdl_dealloc'__rustc::__rust_dealloc'litchi_xlsx::workbook::package::validate_sheet_graph'litchi_xlsx::workbook::model::Workbook::from_package_with_styles
0 15
cob=(2)
cfi=(155)
cfn=(3320) free'__rustc::__rdl_dealloc'__rustc::__rust_dealloc'litchi_xlsx::workbook::package::validate_sheet_graph
calls=30 3319 
0 495

fn=(13914) __rustc::__rdl_dealloc'__rustc::__rust_dealloc'litchi_sheet::Cell::a1'litchi_xlsx::raw::worksheet::edit::codec::snapshot::write::sheet_data::write_sheet_data
0 7866
cob=(2)
cfi=(155)
cfn=(4878) free'__rustc::__rdl_dealloc'__rustc::__rust_dealloc'litchi_sheet::Cell::a1
calls=7866 3319 
0 261763

fn=(13956) __rustc::__rdl_dealloc'__rustc::__rust_dealloc'litchi_xlsx::raw::worksheet::edit::codec::snapshot::write::sheet_data::write_payload'litchi_xlsx::raw::worksheet::edit::codec::snapshot::write::sheet_data::write_sheet_data
0 3933
cob=(2)
cfi=(155)
cfn=(5168) free'__rustc::__rdl_dealloc'__rustc::__rust_dealloc'litchi_xlsx::raw::worksheet::edit::codec::snapshot::write::sheet_data::write_payload
calls=3933 3319 
0 131859

fn=(5408) __rustc::__rdl_dealloc'__rustc::__rust_dealloc'quick_xml::writer::Writer<W>::write_event'litchi_xlsx::raw::compact::write_start
0 394764
cob=(2)
cfi=(155)
cfn=(5410) free'__rustc::__rdl_dealloc'__rustc::__rust_dealloc'quick_xml::writer::Writer<W>::write_event
calls=394764 3319 
0 13027607

fn=(5398) __rustc::__rdl_dealloc'__rustc::__rust_dealloc'litchi_xlsx::raw::compact::write_start'litchi_xlsx::raw::compact::changed_worksheet
0 394764
cob=(2)
cfi=(155)
cfn=(5400) free'__rustc::__rdl_dealloc'__rustc::__rust_dealloc'litchi_xlsx::raw::compact::write_start
calls=394764 3319 
0 13027212

fn=(5844) __rustc::__rdl_dealloc'__rustc::__rust_dealloc'litchi_xlsx::raw::worksheet::semantic::materialize'litchi_xlsx::raw::worksheet::codec::<impl litchi_xlsx::raw::worksheet::model::Parser>::parse
0 786432
cob=(2)
cfi=(155)
cfn=(5846) free'__rustc::__rdl_dealloc'__rustc::__rust_dealloc'litchi_xlsx::raw::worksheet::semantic::materialize
calls=917504 3319 
0 26050006

fn=(8714) __rustc::__rdl_dealloc'__rustc::__rust_dealloc'litchi_xlsx::calculation_properties::codec::inspect_with_policy'litchi_xlsx::calculation_properties::snapshot::Snapshot::load_with_limits
0 72
cob=(2)
cfi=(155)
cfn=(7660) free'__rustc::__rdl_dealloc'__rustc::__rust_dealloc'litchi_xlsx::calculation_properties::codec::inspect_with_policy
calls=72 3319 
0 2376

fn=(7658) __rustc::__rdl_dealloc'__rustc::__rust_dealloc'litchi_xlsx::calculation_properties::codec::inspect_with_policy'litchi_xlsx::raw::recalc::invalidate
0 72
cob=(2)
cfi=(155)
cfn=(7660)
calls=72 3319 
0 2376

fn=(2572) __rustc::__rdl_dealloc'__rustc::__rust_dealloc'litchi_opc::packuri::PackURI::from_rel_ref'litchi_opc::rel::Relationship::target_partname
0 36
cob=(2)
cfi=(155)
cfn=(2574) free'__rustc::__rdl_dealloc'__rustc::__rust_dealloc'litchi_opc::packuri::PackURI::from_rel_ref
calls=60 3319 
0 1418

fn=(7538) __rustc::__rdl_dealloc'__rustc::__rust_dealloc'core::ptr::drop_in_place<quick_xml::name::NamespaceResolver>'litchi_xlsx::calculation_properties::rewriter::inspect_layout
0 12
cob=(2)
cfi=(155)
cfn=(3212) free'__rustc::__rdl_dealloc'__rustc::__rust_dealloc'core::ptr::drop_in_place<quick_xml::name::NamespaceResolver>
calls=12 3319 
0 396

fn=(3210) __rustc::__rdl_dealloc'__rustc::__rust_dealloc'core::ptr::drop_in_place<quick_xml::name::NamespaceResolver>'litchi_xlsx::raw::catalog::parse_catalog
0 6
cob=(2)
cfi=(155)
cfn=(3212)
calls=12 3319 
0 198

fn=(7720) __rustc::__rdl_dealloc'__rustc::__rust_dealloc'core::ptr::drop_in_place<quick_xml::name::NamespaceResolver>'litchi_xlsx::calculation_properties::codec::inspect_with_policy
0 12
cob=(2)
cfi=(155)
cfn=(3212)
calls=12 3319 
0 396

fn=(4560) __rustc::__rdl_dealloc'__rustc::__rust_dealloc'litchi_xlsx::raw::worksheet::edit::codec::wire::tag'litchi_xlsx::raw::worksheet::edit::codec::snapshot::scan::scan_with_limit
0 6
cob=(2)
cfi=(155)
cfn=(4562) free'__rustc::__rdl_dealloc'__rustc::__rust_dealloc'litchi_xlsx::raw::worksheet::edit::codec::wire::tag
calls=6 3319 
0 198

fn=(4660) __rustc::__rdl_dealloc'__rustc::__rust_dealloc'litchi_xlsx::raw::worksheet::edit::codec::wire::tag'litchi_xlsx::raw::worksheet::edit::codec::snapshot::scan::Scanner::record_dimension
0 6
cob=(2)
cfi=(155)
cfn=(4562)
calls=6 3319 
0 198

fn=(13740) __rustc::__rdl_dealloc'__rustc::__rust_dealloc'litchi_xlsx::raw::worksheet::edit::codec::wire::tag'litchi_xlsx::raw::worksheet::edit::codec::snapshot::scan::Scanner::start_row
0 1536
cob=(2)
cfi=(155)
cfn=(4562)
calls=1536 3319 
0 50688

fn=(7546) __rustc::__rdl_dealloc'__rustc::__rust_dealloc'core::ptr::drop_in_place<alloc::vec::Vec<litchi_xlsx::calculation_properties::rewriter::Frame>>'litchi_xlsx::calculation_properties::rewriter::inspect_layout
0 6
cob=(2)
cfi=(155)
cfn=(7548) free'__rustc::__rdl_dealloc'__rustc::__rust_dealloc'core::ptr::drop_in_place<alloc::vec::Vec<litchi_xlsx::calculation_properties::rewriter::Frame>>
calls=6 3319 
0 878

fn=(13710) __rustc::__rdl_dealloc'__rustc::__rust_dealloc'litchi_xlsx::raw::worksheet::edit::codec::snapshot::scan::Scanner::row_position'litchi_xlsx::raw::worksheet::edit::codec::snapshot::scan::Scanner::start_row
0 1536
cob=(2)
cfi=(155)
cfn=(13712) free'__rustc::__rdl_dealloc'__rustc::__rust_dealloc'litchi_xlsx::raw::worksheet::edit::codec::snapshot::scan::Scanner::row_position
calls=1536 3319 
0 50688

fn=(13816) __rustc::__rdl_dealloc'__rustc::__rust_dealloc'litchi_xlsx::raw::worksheet::edit::codec::snapshot::scan::Scanner::cell_address'litchi_xlsx::raw::worksheet::edit::codec::snapshot::scan::Scanner::start_cell
0 393216
cob=(2)
cfi=(155)
cfn=(13818) free'__rustc::__rdl_dealloc'__rustc::__rust_dealloc'litchi_xlsx::raw::worksheet::edit::codec::snapshot::scan::Scanner::cell_address
calls=393216 3319 
0 13151043

fn=(13964) __rustc::__rdl_dealloc'__rustc::__rust_dealloc'<alloc::vec::Vec<T,A> as core::ops::drop::Drop>::drop'litchi_xlsx::raw::worksheet::edit::codec::snapshot::write::sheet_data::write_sheet_data
0 3933
cob=(2)
cfi=(155)
cfn=(13966) free'__rustc::__rdl_dealloc'__rustc::__rust_dealloc'<alloc::vec::Vec<T,A> as core::ops::drop::Drop>::drop
calls=3933 3319 
0 131974

fn=(3138) __rustc::__rust_realloc'litchi_xlsx::sheet::key'litchi_xlsx::raw::catalog::WorkbookInfo::process_element'litchi_xlsx::raw::catalog::parse_catalog
0 6
cfn=(3140)
calls=12 0 
0 876

fn=(3422) __rustc::__rust_realloc'litchi_xlsx::sheet::key'<core::iter::adapters::map::Map<I,F> as core::iter::traits::iterator::Iterator>::try_fold'alloc::vec::in_place_collect::from_iter_in_place
0 6
cfn=(3424)
calls=12 0 
0 876

fn=(5394) __rustc::__rust_realloc'<alloc::raw_vec::RawVecInner>::finish_grow'<alloc::raw_vec::RawVec<u8>>::grow_one'quick_xml::events::BytesStart::push_attr
0 26520
cfn=(5376)
calls=26520 0 
0 1672904

fn=(5374) __rustc::__rust_realloc'<alloc::raw_vec::RawVecInner>::finish_grow'<alloc::raw_vec::RawVec<u8>>::grow_one'quick_xml::events::BytesStart::push_attribute
0 394764
cfn=(5376)
calls=394764 0 
0 57634548

fn=(2536) __rustc::__rust_realloc'<alloc::raw_vec::RawVecInner>::finish_grow'<alloc::raw_vec::RawVecInner<_>>::reserve::do_reserve_and_handle::<alloc::alloc::Global>'<alloc::string::String as core::fmt::Write>::write_str
0 18
cfn=(1904)
calls=132 0 
0 3685

fn=(4400) __rustc::__rust_realloc'alloc::raw_vec::RawVecInner<A>::finish_grow'alloc::raw_vec::RawVec<T,A>::grow_one'alloc::vec::Vec<T,A>::push_mut
0 27
cfn=(4402)
calls=27 0 
0 1188330

fn=(13896) __rustc::__rust_realloc'alloc::raw_vec::RawVecInner<A>::finish_grow'alloc::raw_vec::RawVec<T,A>::grow_one'litchi_xlsx::raw::worksheet::edit::codec::snapshot::write::sheet_data::write_sheet_data
0 3933
cfn=(4402)
calls=3933 0 
0 1689500

fn=(8006) __rustc::__rust_realloc'alloc::raw_vec::RawVecInner<A>::finish_grow'alloc::raw_vec::RawVec<T,A>::grow_one'quick_xml::events::attributes::IterState::check_for_duplicates
0 12
cfn=(4402)
calls=12 0 
0 5378

fn=(13846) __rustc::__rust_realloc'alloc::raw_vec::RawVecInner<A>::finish_grow'alloc::raw_vec::RawVec<T,A>::grow_one'litchi_xlsx::raw::worksheet::edit::codec::snapshot::scan::scan_with_limit
0 9258
cfn=(4402)
calls=9258 0 
0 6577529

fn=(5434) __rustc::__rust_realloc'alloc::raw_vec::RawVecInner<A>::finish_grow'alloc::raw_vec::RawVec<T,A>::grow_one'quick_xml::reader::state::ReaderState::emit_start
0 24
cfn=(4402)
calls=26 0 
0 9334

fn=(2718) __rustc::__rust_realloc'alloc::raw_vec::RawVecInner<A>::finish_grow'alloc::raw_vec::RawVecInner<A>::reserve::do_reserve_and_handle'<quick_xml::name::NamespaceResolver as core::default::Default>::default
0 78
cfn=(2720)
calls=106 0 
0 26425

fn=(2886) __rustc::__rust_realloc'alloc::raw_vec::RawVecInner<A>::finish_grow'alloc::raw_vec::RawVecInner<A>::reserve::do_reserve_and_handle'quick_xml::name::NamespaceResolver::add
0 54
cfn=(2720)
calls=71 0 
0 22860

fn=(5388) __rustc::__rust_realloc'alloc::raw_vec::RawVecInner<A>::finish_grow'alloc::raw_vec::RawVecInner<A>::reserve::do_reserve_and_handle'quick_xml::events::BytesStart::push_attr
0 366846
cfn=(2720)
calls=366846 0 
0 23114351

fn=(2916) __rustc::__rust_realloc'alloc::raw_vec::RawVecInner<A>::finish_grow'alloc::raw_vec::RawVecInner<A>::reserve::do_reserve_and_handle'quick_xml::reader::state::ReaderState::emit_start
0 63
cfn=(2720)
calls=70 0 
0 10877

fn=(5874) __rustc::__rust_realloc'alloc::raw_vec::RawVecInner<A>::finish_grow'litchi_xlsx::cell::Store::from_unsorted'litchi_xlsx::raw::worksheet::codec::<impl litchi_xlsx::raw::worksheet::model::Parser>::parse
0 72
cfn=(5876)
calls=84 0 
0 27870

fn=(5764) __rustc::__rust_realloc'alloc::raw_vec::RawVecInner<A>::finish_grow'alloc::raw_vec::RawVecInner<A>::try_reserve'litchi_xlsx::raw::worksheet::codec::<impl litchi_xlsx::raw::worksheet::model::Parser>::finish
0 240
cfn=(5766)
calls=280 0 
0 32863013

fn=(13854)
0 393216
cfn=(13856)
calls=393216 0 
0 113193931

fn=(14344)
0 6
cfn=(8908)
calls=6 0 
0 1670

fn=(4566)
0 6
cfn=(4568)
calls=6 0 
0 1614

fn=(4664)
0 6
cfn=(4568)
calls=6 0 
0 1680

fn=(13744)
0 1536
cfn=(4568)
calls=1536 0 
0 450906

fn=(8538)
0 3
cfn=(3462)
calls=3 0 
0 805

fn=(5576)
0 3264
cfn=(5578) hashbrown::raw::RawTableInner::fallible_with_capacity'hashbrown::raw::RawTable<T,A>::reserve_rehash'hashbrown::map::HashMap<K,V,S,A>::insert'litchi_xlsx::raw::worksheet::codec::<impl litchi_xlsx::raw::worksheet::model::Parser>::start_row
calls=112 0 
0 23193
0 57540
cfn=(5768) core::hash::BuildHasher::hash_one'hashbrown::raw::RawTable<T,A>::reserve_rehash'hashbrown::map::HashMap<K,V,S,A>::insert'litchi_xlsx::raw::worksheet::codec::<impl litchi_xlsx::raw::worksheet::model::Parser>::start_row
calls=6216 0 
0 607392
0 151984
cfn=(5770) __rustc::__rust_dealloc'hashbrown::raw::RawTable<T,A>::reserve_rehash'hashbrown::map::HashMap<K,V,S,A>::insert'litchi_xlsx::raw::worksheet::codec::<impl litchi_xlsx::raw::worksheet::model::Parser>::start_row
calls=98 0 
0 5412
0 168

fn=(7610)
0 198
cfn=(7612) hashbrown::raw::RawTableInner::fallible_with_capacity'hashbrown::raw::RawTable<T,A>::reserve_rehash'hashbrown::map::HashMap<K,V,S,A>::insert'litchi_ooxml_common::mce::model::Capabilities::preserve_extension_element
calls=6 0 
0 750
0 228

fn=(7576)
0 1434
cfn=(2658) __rustc::__rust_no_alloc_shim_is_unstable_v2'hashbrown::raw::RawTable<T,A>::reserve_rehash'hashbrown::map::HashMap<K,V,S,A>::insert'litchi_ooxml_common::mce::model::Capabilities::ooxml_baseline
calls=24 0 
0 24
0 72
cfn=(2660) __rustc::__rust_alloc'hashbrown::raw::RawTable<T,A>::reserve_rehash'hashbrown::map::HashMap<K,V,S,A>::insert'litchi_ooxml_common::mce::model::Capabilities::ooxml_baseline
calls=24 0 
0 960
0 456
cob=(2)
cfi=(219) ./string/../sysdeps/x86_64/multiarch/memset-vec-unaligned-erms.S
cfn=(2664) __memset_avx2_unaligned_erms'hashbrown::raw::RawTable<T,A>::reserve_rehash'hashbrown::map::HashMap<K,V,S,A>::insert'litchi_ooxml_common::mce::model::Capabilities::ooxml_baseline
calls=24 198 
0 276
0 2034
cfn=(2666) core::hash::BuildHasher::hash_one'hashbrown::raw::RawTable<T,A>::reserve_rehash'hashbrown::map::HashMap<K,V,S,A>::insert'litchi_ooxml_common::mce::model::Capabilities::ooxml_baseline
calls=144 0 
0 42342
0 5208
cfn=(2670) __rustc::__rust_dealloc'hashbrown::raw::RawTable<T,A>::reserve_rehash'hashbrown::map::HashMap<K,V,S,A>::insert'litchi_ooxml_common::mce::model::Capabilities::ooxml_baseline
calls=18 0 
0 630
0 216

fn=(2656)
0 3585
cfn=(2658)
calls=80 0 
0 60
0 180
cfn=(2660)
calls=80 0 
0 2889
0 1140
cob=(2)
cfi=(219)
cfn=(2664)
calls=80 198 
0 690
0 5085
cfn=(2666)
calls=480 0 
0 105855
0 13020
cfn=(2670)
calls=60 0 
0 1575
0 540

fn=(3150)
0 99
cfn=(3154) hashbrown::raw::RawTableInner::fallible_with_capacity'hashbrown::raw::RawTable<T,A>::reserve_rehash'hashbrown::map::HashMap<K,V,S,A>::insert'litchi_xlsx::raw::catalog::WorkbookInfo::process_element
calls=6 0 
0 402
0 171
cfn=(3154)
calls=6 0 
0 375
0 240
cfn=(3176) __rustc::__rust_no_alloc_shim_is_unstable_v2'hashbrown::raw::RawTable<T,A>::reserve_rehash'hashbrown::map::HashMap<K,V,S,A>::insert'litchi_xlsx::raw::catalog::WorkbookInfo::process_element
calls=6 0 
0 3
0 9
cfn=(3178) __rustc::__rust_alloc'hashbrown::raw::RawTable<T,A>::reserve_rehash'hashbrown::map::HashMap<K,V,S,A>::insert'litchi_xlsx::raw::catalog::WorkbookInfo::process_element
calls=6 0 
0 120
0 57
cob=(2)
cfi=(219)
cfn=(3180) __memset_avx2_unaligned_erms'hashbrown::raw::RawTable<T,A>::reserve_rehash'hashbrown::map::HashMap<K,V,S,A>::insert'litchi_xlsx::raw::catalog::WorkbookInfo::process_element
calls=6 198 
0 33
0 93

fn=(13548)
0 99
cfn=(3946) hashbrown::raw::RawTableInner::fallible_with_capacity'hashbrown::raw::RawTable<T,A>::reserve_rehash'litchi_xlsx::workbook::edit::semantic::transaction::validate_final_sheet_names'litchi_xlsx::workbook::edit::semantic::transaction::Edit::commit
calls=3 0 
0 402
0 69

fn=(8522)
0 114
cfn=(8524) <core::hash::sip::Hasher<S> as core::hash::Hasher>::write'core::hash::BuildHasher::hash_one'hashbrown::map::HashMap<K,V,S,A>::insert'litchi_xlsx::workbook::model::page_break_caches
calls=6 0 
0 612
0 30
cfn=(8524)
calls=6 0 
0 210
0 414

fn=(3146)
0 114
cfn=(3148) <core::hash::sip::Hasher<S> as core::hash::Hasher>::write'core::hash::BuildHasher::hash_one'hashbrown::map::HashMap<K,V,S,A>::insert'litchi_xlsx::raw::catalog::WorkbookInfo::process_element
calls=12 0 
0 168
0 30
cfn=(3148)
calls=12 0 
0 210
0 522
cfn=(3148)
calls=12 0 
0 168
0 522
cfn=(3148)
calls=12 0 
0 216
0 30
cfn=(3148)
calls=12 0 
0 330
0 414

fn=(5572)
0 55296
cfn=(5574) <core::hash::sip::Hasher<S> as core::hash::Hasher>::write'core::hash::BuildHasher::hash_one'hashbrown::map::HashMap<K,V,S,A>::insert'litchi_xlsx::raw::worksheet::codec::<impl litchi_xlsx::raw::worksheet::model::Parser>::start_row
calls=3584 0 
0 86016
0 208896

fn=(7606)
0 240
cfn=(7608) <core::hash::sip::Hasher<S> as core::hash::Hasher>::write'core::hash::BuildHasher::hash_one'hashbrown::map::HashMap<K,V,S,A>::insert'litchi_ooxml_common::mce::model::Capabilities::preserve_extension_element
calls=12 0 
0 1950
0 60
cfn=(7608)
calls=12 0 
0 420
0 48
cfn=(7608)
calls=12 0 
0 726
0 60
cfn=(7608)
calls=12 0 
0 420
0 840

fn=(3312)
0 114
cfn=(3314) <core::hash::sip::Hasher<S> as core::hash::Hasher>::write'core::hash::BuildHasher::hash_one'hashbrown::map::HashMap<K,V,S,A>::insert'litchi_xlsx::workbook::package::validate_sheet_graph
calls=12 0 
0 612
0 30
cfn=(3314)
calls=12 0 
0 210
0 414

fn=(8674)
0 57
cfn=(7598) <core::hash::sip::Hasher<S> as core::hash::Hasher>::write'core::hash::BuildHasher::hash_one'hashbrown::map::HashMap<K,V,S,A>::insert'litchi_xlsx::calculation_properties::codec::inspect_with_policy
calls=3 0 
0 624
0 15
cfn=(7598)
calls=3 0 
0 105
0 207

fn=(7596)
0 57
cfn=(7598)
calls=3 0 
0 624
0 15
cfn=(7598)
calls=3 0 
0 105
0 207

fn=(3956)
0 114
cfn=(3958) <core::hash::sip::Hasher<S> as core::hash::Hasher>::write'core::hash::BuildHasher::hash_one'hashbrown::map::HashMap<K,V,S,A>::insert'litchi_xlsx::workbook::edit::semantic::transaction::validate_final_sheet_names
calls=6 0 
0 216
0 30
cfn=(3958)
calls=6 0 
0 330
0 414

fn=(7574)
0 1938
cfn=(2654) <core::hash::sip::Hasher<S> as core::hash::Hasher>::write'core::hash::BuildHasher::hash_one'hashbrown::map::HashMap<K,V,S,A>::insert'litchi_ooxml_common::mce::model::Capabilities::ooxml_baseline
calls=102 0 
0 15834
0 510
cfn=(2654)
calls=102 0 
0 4038
0 7038

fn=(2652)
0 4845
cfn=(2654)
calls=340 0 
0 39585
0 1275
cfn=(2654)
calls=340 0 
0 10095
0 17595

fn=(5768)
0 95904
cfn=(2668) <core::hash::sip::Hasher<S> as core::hash::Hasher>::write'core::hash::BuildHasher::hash_one'hashbrown::raw::RawTable<T,A>::reserve_rehash'hashbrown::map::HashMap<K,V,S,A>::insert
calls=6216 0 
0 149184
0 362304

fn=(2666)
0 9576
cfn=(2668)
calls=624 0 
0 82971
0 2520
cfn=(2668)
calls=624 0 
0 18354
0 34776

fn=(14246) core::hash::BuildHasher::hash_one'litchi_opc::package::OpcPackage::get_part_mut'litchi_xlsx::workbook::edit::semantic::transaction::Edit::commit'litchi_perf_baseline::run_xlsx_update_commit
0 228
cfn=(8182) <core::hash::sip::Hasher<S> as core::hash::Hasher>::write'core::hash::BuildHasher::hash_one'litchi_opc::package::OpcPackage::get_part_mut'litchi_xlsx::workbook::edit::semantic::transaction::Edit::commit
calls=12 0 
0 1224
0 60
cfn=(8182)
calls=12 0 
0 420
0 828

fn=(8502) core::hash::BuildHasher::hash_one'litchi_opc::package::OpcPackage::get_part'litchi_xlsx::workbook::model::page_break_caches'litchi_xlsx::workbook::model::Workbook::from_package_with_styles
0 114
cfn=(8504) <core::hash::sip::Hasher<S> as core::hash::Hasher>::write'core::hash::BuildHasher::hash_one'litchi_opc::package::OpcPackage::get_part'litchi_xlsx::workbook::model::page_break_caches
calls=6 0 
0 612
0 30
cfn=(8504)
calls=6 0 
0 210
0 414

fn=(13592) core::hash::BuildHasher::hash_one'litchi_opc::package::OpcPackage::get_part'litchi_xlsx::workbook::edit::semantic::transaction::Edit::commit'litchi_perf_baseline::run_xlsx_update_commit
0 171
cfn=(4300) <core::hash::sip::Hasher<S> as core::hash::Hasher>::write'core::hash::BuildHasher::hash_one'litchi_opc::package::OpcPackage::get_part'litchi_xlsx::workbook::edit::semantic::transaction::Edit::commit
calls=9 0 
0 840
0 45
cfn=(4300)
calls=9 0 
0 309
0 621

fn=(4012) core::hash::BuildHasher::hash_one'litchi_opc::package::OpcPackage::get_part'litchi_xlsx::workbook::model::Worksheet::store'litchi_xlsx::workbook::edit::semantic::transaction::Edit::commit
0 114
cfn=(4014) <core::hash::sip::Hasher<S> as core::hash::Hasher>::write'core::hash::BuildHasher::hash_one'litchi_opc::package::OpcPackage::get_part'litchi_xlsx::workbook::model::Worksheet::store
calls=6 0 
0 612
0 30
cfn=(4014)
calls=6 0 
0 210
0 414

fn=(3290) core::hash::BuildHasher::hash_one'litchi_opc::package::OpcPackage::get_part'litchi_xlsx::workbook::package::validate_sheet_graph'litchi_xlsx::workbook::model::Workbook::from_package_with_styles
0 114
cfn=(3292) <core::hash::sip::Hasher<S> as core::hash::Hasher>::write'core::hash::BuildHasher::hash_one'litchi_opc::package::OpcPackage::get_part'litchi_xlsx::workbook::package::validate_sheet_graph
calls=12 0 
0 612
0 30
cfn=(3292)
calls=12 0 
0 210
0 414

fn=(3428) core::hash::BuildHasher::hash_one'litchi_opc::package::OpcPackage::get_part'<core::iter::adapters::map::Map<I,F> as core::iter::traits::iterator::Iterator>::try_fold'alloc::vec::in_place_collect::from_iter_in_place
0 114
cfn=(3430) <core::hash::sip::Hasher<S> as core::hash::Hasher>::write'core::hash::BuildHasher::hash_one'litchi_opc::package::OpcPackage::get_part'<core::iter::adapters::map::Map<I,F> as core::iter::traits::iterator::Iterator>::try_fold
calls=12 0 
0 612
0 30
cfn=(3430)
calls=12 0 
0 210
0 414

fn=(6962) core::hash::BuildHasher::hash_one'litchi_opc::package::OpcPackage::get_part'litchi_xlsx::workbook::edit::codec::calculation_chain_removal'litchi_xlsx::workbook::edit::semantic::transaction::Edit::commit
0 57
cfn=(6964) <core::hash::sip::Hasher<S> as core::hash::Hasher>::write'core::hash::BuildHasher::hash_one'litchi_opc::package::OpcPackage::get_part'litchi_xlsx::workbook::edit::codec::calculation_chain_removal
calls=3 0 
0 228
0 15
cfn=(6964)
calls=3 0 
0 99
0 207

fn=(8472) core::hash::BuildHasher::hash_one'litchi_opc::package::OpcPackage::get_part'litchi_xlsx::workbook::package::same_style_table'litchi_xlsx::workbook::model::Workbook::from_package_with_styles
0 114
cfn=(8474) <core::hash::sip::Hasher<S> as core::hash::Hasher>::write'core::hash::BuildHasher::hash_one'litchi_opc::package::OpcPackage::get_part'litchi_xlsx::workbook::package::same_style_table
calls=6 0 
0 372
0 30
cfn=(8474)
calls=6 0 
0 210
0 414

fn=(6934) core::hash::BuildHasher::hash_one'litchi_opc::package::OpcPackage::get_part'litchi_xlsx::chain::package::relationship'litchi_xlsx::chain::package::validate_package
0 57
cfn=(6936) <core::hash::sip::Hasher<S> as core::hash::Hasher>::write'core::hash::BuildHasher::hash_one'litchi_opc::package::OpcPackage::get_part'litchi_xlsx::chain::package::relationship
calls=3 0 
0 228
0 15
cfn=(6936)
calls=3 0 
0 99
0 207

fn=(3356) core::hash::BuildHasher::hash_one'litchi_opc::package::OpcPackage::get_part'litchi_xlsx::workbook::package::validate_styles'litchi_xlsx::workbook::model::Workbook::from_package_with_styles
0 57
cfn=(3358) <core::hash::sip::Hasher<S> as core::hash::Hasher>::write'core::hash::BuildHasher::hash_one'litchi_opc::package::OpcPackage::get_part'litchi_xlsx::workbook::package::validate_styles
calls=6 0 
0 186
0 15
cfn=(3358)
calls=6 0 
0 105
0 207

fn=(6904) core::hash::BuildHasher::hash_one'litchi_opc::package::OpcPackage::get_part'litchi_opc::package::OpcPackage::main_document_part'litchi_xlsx::chain::package::main_workbook_uri
0 57
cfn=(2606) <core::hash::sip::Hasher<S> as core::hash::Hasher>::write'core::hash::BuildHasher::hash_one'litchi_opc::package::OpcPackage::get_part'litchi_opc::package::OpcPackage::main_document_part
calls=3 0 
0 228
0 15
cfn=(2606)
calls=3 0 
0 99
0 207

fn=(8598) core::hash::BuildHasher::hash_one'litchi_opc::package::OpcPackage::get_part'litchi_opc::package::OpcPackage::main_document_part'litchi_xlsx::calculation_properties::snapshot::Snapshot::load_with_limits
0 57
cfn=(2606)
calls=3 0 
0 228
0 15
cfn=(2606)
calls=3 0 
0 99
0 207

fn=(2604) core::hash::BuildHasher::hash_one'litchi_opc::package::OpcPackage::get_part'litchi_opc::package::OpcPackage::main_document_part'litchi_xlsx::workbook::model::Workbook::from_package_with_styles
0 57
cfn=(2606)
calls=6 0 
0 228
0 15
cfn=(2606)
calls=6 0 
0 99
0 207

fn=(8420) core::hash::BuildHasher::hash_one'litchi_xlsx::workbook::package::validate_sheet_graph'litchi_xlsx::workbook::model::Workbook::from_package_with_styles'litchi_xlsx::workbook::edit::semantic::transaction::Edit::commit
0 96
cfn=(3258) <core::hash::sip::Hasher<S> as core::hash::Hasher>::write'core::hash::BuildHasher::hash_one'litchi_xlsx::workbook::package::validate_sheet_graph'litchi_xlsx::workbook::model::Workbook::from_package_with_styles
calls=6 0 
0 168
0 30
cfn=(3258)
calls=6 0 
0 210
0 414

fn=(8530) core::hash::BuildHasher::hash_one'<core::iter::adapters::map::Map<I,F> as core::iter::traits::iterator::Iterator>::try_fold'alloc::vec::in_place_collect::from_iter_in_place'core::iter::adapters::try_process
0 114
cfn=(8532) <core::hash::sip::Hasher<S> as core::hash::Hasher>::write'core::hash::BuildHasher::hash_one'<core::iter::adapters::map::Map<I,F> as core::iter::traits::iterator::Iterator>::try_fold'alloc::vec::in_place_collect::from_iter_in_place
calls=6 0 
0 612
0 30
cfn=(8532)
calls=6 0 
0 210
0 414

fn=(13556) core::iter::traits::iterator::Iterator::try_fold'litchi_xlsx::workbook::edit::semantic::transaction::Edit::commit'litchi_perf_baseline::run_xlsx_update_commit'litchi_perf_baseline::run_case_with_config
0 162

fn=(2582)
0 4830

fn=(3282) alloc::str::join_generic_copy'litchi_opc::packuri::PackURI::from_rel_ref'litchi_opc::rel::Relationship::target_partname'litchi_xlsx::workbook::package::validate_sheet_graph
0 348
cfn=(2560) __rustc::__rust_no_alloc_shim_is_unstable_v2'alloc::str::join_generic_copy'litchi_opc::packuri::PackURI::from_rel_ref'litchi_opc::rel::Relationship::target_partname
calls=12 0 
0 6
0 24
cfn=(2562) __rustc::__rust_alloc'alloc::str::join_generic_copy'litchi_opc::packuri::PackURI::from_rel_ref'litchi_opc::rel::Relationship::target_partname
calls=12 0 
0 240
0 450
cob=(2)
cfi=(203)
cfn=(2568) __memcpy_avx_unaligned_erms'alloc::str::join_generic_copy'litchi_opc::packuri::PackURI::from_rel_ref'litchi_opc::rel::Relationship::target_partname
calls=36 255 
0 264
0 168

fn=(3348) alloc::str::join_generic_copy'litchi_opc::packuri::PackURI::from_rel_ref'litchi_opc::rel::Relationship::target_partname'litchi_xlsx::workbook::package::validate_styles
0 156
cfn=(2560)
calls=6 0 
0 3
0 12
cfn=(2562)
calls=6 0 
0 120
0 183
cob=(2)
cfi=(203)
cfn=(2568)
calls=12 255 
0 93
0 72

fn=(2558) alloc::str::join_generic_copy'litchi_opc::packuri::PackURI::from_rel_ref'litchi_opc::rel::Relationship::target_partname'litchi_opc::package::OpcPackage::main_document_part
0 468
cfn=(2560)
calls=12 0 
0 9
0 36
cfn=(2562)
calls=12 0 
0 1428
0 549
cob=(2)
cfi=(203)
cfn=(2568)
calls=24 255 
0 279
0 216

fn=(14040) litchi_ooxml_common::mce::codec::process_ooxml'litchi_xlsx::raw::worksheet::parse'litchi_xlsx::workbook::edit::semantic::transaction::Edit::commit'litchi_perf_baseline::run_xlsx_update_commit
0 78
cfn=(5482) litchi_ooxml_common::mce::model::Capabilities::ooxml_baseline'litchi_ooxml_common::mce::codec::process_ooxml'litchi_xlsx::raw::worksheet::parse'litchi_xlsx::workbook::edit::semantic::transaction::Edit::commit
calls=6 0 
0 101823
0 72
cfn=(5484) litchi_ooxml_common::mce::codec::process_markup_compatibility'litchi_ooxml_common::mce::codec::process_ooxml'litchi_xlsx::raw::worksheet::parse'litchi_xlsx::workbook::edit::semantic::transaction::Edit::commit
calls=6 0 
0 281545308
0 2022
cfn=(5486) __rustc::__rust_dealloc'litchi_ooxml_common::mce::codec::process_ooxml'litchi_xlsx::raw::worksheet::parse'litchi_xlsx::workbook::edit::semantic::transaction::Edit::commit
calls=102 0 
0 3570
0 174
cfn=(5486)
calls=6 0 
0 210
0 12
cfn=(5488) <hashbrown::raw::RawTable<T,A> as core::ops::drop::Drop>::drop'litchi_ooxml_common::mce::codec::process_ooxml'litchi_xlsx::raw::worksheet::parse'litchi_xlsx::workbook::edit::semantic::transaction::Edit::commit
calls=6 0 
0 108
0 54

fn=(4050) litchi_ooxml_common::mce::codec::process_ooxml'litchi_xlsx::raw::worksheet::parse'litchi_xlsx::workbook::model::Worksheet::store'litchi_xlsx::workbook::edit::semantic::transaction::Edit::commit
0 78
cfn=(4052) litchi_ooxml_common::mce::model::Capabilities::ooxml_baseline'litchi_ooxml_common::mce::codec::process_ooxml'litchi_xlsx::raw::worksheet::parse'litchi_xlsx::workbook::model::Worksheet::store
calls=6 0 
0 101312
0 72
cfn=(4062) litchi_ooxml_common::mce::codec::process_markup_compatibility'litchi_ooxml_common::mce::codec::process_ooxml'litchi_xlsx::raw::worksheet::parse'litchi_xlsx::workbook::model::Worksheet::store
calls=6 0 
0 281545236
0 2022
cfn=(4066) __rustc::__rust_dealloc'litchi_ooxml_common::mce::codec::process_ooxml'litchi_xlsx::raw::worksheet::parse'litchi_xlsx::workbook::model::Worksheet::store
calls=102 0 
0 3570
0 174
cfn=(4066)
calls=6 0 
0 210
0 12
cfn=(4070) <hashbrown::raw::RawTable<T,A> as core::ops::drop::Drop>::drop'litchi_ooxml_common::mce::codec::process_ooxml'litchi_xlsx::raw::worksheet::parse'litchi_xlsx::workbook::model::Worksheet::store
calls=6 0 
0 108
0 54

fn=(8364) litchi_ooxml_common::mce::codec::process_ooxml'litchi_xlsx::raw::catalog::parse_catalog'litchi_xlsx::workbook::model::Workbook::from_package_with_styles'litchi_xlsx::workbook::edit::semantic::transaction::Edit::commit
0 39
cfn=(2638) litchi_ooxml_common::mce::model::Capabilities::ooxml_baseline'litchi_ooxml_common::mce::codec::process_ooxml'litchi_xlsx::raw::catalog::parse_catalog'litchi_xlsx::workbook::model::Workbook::from_package_with_styles
calls=3 0 
0 50707
0 36
cfn=(2678) litchi_ooxml_common::mce::codec::process_markup_compatibility'litchi_ooxml_common::mce::codec::process_ooxml'litchi_xlsx::raw::catalog::parse_catalog'litchi_xlsx::workbook::model::Workbook::from_package_with_styles
calls=3 0 
0 27186
0 1011
cfn=(2682) __rustc::__rust_dealloc'litchi_ooxml_common::mce::codec::process_ooxml'litchi_xlsx::raw::catalog::parse_catalog'litchi_xlsx::workbook::model::Workbook::from_package_with_styles
calls=51 0 
0 1785
0 87
cfn=(2682)
calls=3 0 
0 105
0 6
cfn=(2690) <hashbrown::raw::RawTable<T,A> as core::ops::drop::Drop>::drop'litchi_ooxml_common::mce::codec::process_ooxml'litchi_xlsx::raw::catalog::parse_catalog'litchi_xlsx::workbook::model::Workbook::from_package_with_styles
calls=3 0 
0 54
0 27

fn=(8660) litchi_ooxml_common::mce::model::Capabilities::ooxml_baseline'<litchi_ooxml_common::mce::model::Capabilities as core::default::Default>::default'litchi_xlsx::calculation_properties::codec::inspect_with_policy'litchi_xlsx::calculation_properties::snapshot::Snapshot::load_with_limits
0 447
cfn=(7564) __rustc::__rust_no_alloc_shim_is_unstable_v2'litchi_ooxml_common::mce::model::Capabilities::ooxml_baseline'<litchi_ooxml_common::mce::model::Capabilities as core::default::Default>::default'litchi_xlsx::calculation_properties::codec::inspect_with_policy
calls=51 0 
0 51
0 204
cfn=(7566) __rustc::__rust_alloc'litchi_ooxml_common::mce::model::Capabilities::ooxml_baseline'<litchi_ooxml_common::mce::model::Capabilities as core::default::Default>::default'litchi_xlsx::calculation_properties::codec::inspect_with_policy
calls=51 0 
0 2040
0 357
cob=(2)
cfi=(203)
cfn=(7570) __memcpy_avx_unaligned_erms'litchi_ooxml_common::mce::model::Capabilities::ooxml_baseline'<litchi_ooxml_common::mce::model::Capabilities as core::default::Default>::default'litchi_xlsx::calculation_properties::codec::inspect_with_policy
calls=51 255 
0 639
0 459
cfn=(7572)
calls=51 0 
0 45954
0 456

fn=(7562) litchi_ooxml_common::mce::model::Capabilities::ooxml_baseline'<litchi_ooxml_common::mce::model::Capabilities as core::default::Default>::default'litchi_xlsx::calculation_properties::codec::inspect_with_policy'litchi_xlsx::raw::recalc::invalidate
0 447
cfn=(7564)
calls=51 0 
0 51
0 204
cfn=(7566)
calls=51 0 
0 2040
0 357
cob=(2)
cfi=(203)
cfn=(7570)
calls=51 255 
0 639
0 459
cfn=(7572)
calls=51 0 
0 45922
0 456

fn=(5482)
0 894
cfn=(4054) __rustc::__rust_no_alloc_shim_is_unstable_v2'litchi_ooxml_common::mce::model::Capabilities::ooxml_baseline'litchi_ooxml_common::mce::codec::process_ooxml'litchi_xlsx::raw::worksheet::parse
calls=102 0 
0 102
0 408
cfn=(4056) __rustc::__rust_alloc'litchi_ooxml_common::mce::model::Capabilities::ooxml_baseline'litchi_ooxml_common::mce::codec::process_ooxml'litchi_xlsx::raw::worksheet::parse
calls=102 0 
0 4080
0 714
cob=(2)
cfi=(203)
cfn=(4058) __memcpy_avx_unaligned_erms'litchi_ooxml_common::mce::model::Capabilities::ooxml_baseline'litchi_ooxml_common::mce::codec::process_ooxml'litchi_xlsx::raw::worksheet::parse
calls=102 255 
0 1278
0 918
cfn=(4060)
calls=102 0 
0 92517
0 912

fn=(4052)
0 894
cfn=(4054)
calls=136 0 
0 102
0 408
cfn=(4056)
calls=136 0 
0 4080
0 714
cob=(2)
cfi=(203)
cfn=(4058)
calls=136 255 
0 1278
0 918
cfn=(4060)
calls=136 0 
0 92006
0 912

fn=(2638)
0 447
cfn=(2640) __rustc::__rust_no_alloc_shim_is_unstable_v2'litchi_ooxml_common::mce::model::Capabilities::ooxml_baseline'litchi_ooxml_common::mce::codec::process_ooxml'litchi_xlsx::raw::catalog::parse_catalog
calls=102 0 
0 51
0 204
cfn=(2642) __rustc::__rust_alloc'litchi_ooxml_common::mce::model::Capabilities::ooxml_baseline'litchi_ooxml_common::mce::codec::process_ooxml'litchi_xlsx::raw::catalog::parse_catalog
calls=102 0 
0 2040
0 357
cob=(2)
cfi=(203)
cfn=(2648) __memcpy_avx_unaligned_erms'litchi_ooxml_common::mce::model::Capabilities::ooxml_baseline'litchi_ooxml_common::mce::codec::process_ooxml'litchi_xlsx::raw::catalog::parse_catalog
calls=102 255 
0 639
0 459
cfn=(2650)
calls=102 0 
0 46054
0 456

fn=(8696) quick_xml::reader::state::ReaderState::emit_question_mark'quick_xml::reader::Reader<R>::read_event_impl'litchi_xlsx::calculation_properties::codec::inspect_with_policy'litchi_xlsx::calculation_properties::snapshot::Snapshot::load_with_limits
0 90

fn=(7638) quick_xml::reader::state::ReaderState::emit_question_mark'quick_xml::reader::Reader<R>::read_event_impl'litchi_xlsx::calculation_properties::codec::inspect_with_policy'litchi_xlsx::raw::recalc::invalidate
0 90

fn=(4470) quick_xml::reader::state::ReaderState::emit_question_mark'quick_xml::reader::Reader<R>::read_event_impl'litchi_xlsx::raw::worksheet::edit::codec::snapshot::scan::scan_with_limit'litchi_xlsx::raw::worksheet::edit::package::rewrite
0 180

fn=(4102) quick_xml::reader::state::ReaderState::emit_question_mark'quick_xml::reader::Reader<R>::read_event_impl'litchi_xlsx::raw::worksheet::codec::<impl litchi_xlsx::raw::worksheet::model::Parser>::parse'litchi_xlsx::raw::worksheet::parse
0 360

fn=(5282) quick_xml::reader::state::ReaderState::emit_question_mark'quick_xml::reader::Reader<R>::read_event_impl'litchi_xlsx::raw::compact::changed_worksheet'litchi_xlsx::workbook::edit::semantic::transaction::Edit::commit
0 180

fn=(7380) quick_xml::reader::state::ReaderState::emit_question_mark'quick_xml::reader::Reader<R>::read_event_impl'litchi_xlsx::calculation_properties::rewriter::inspect_layout'litchi_xlsx::calculation_properties::codec::inspect_with_policy
0 180

fn=(2784) quick_xml::reader::state::ReaderState::emit_question_mark'quick_xml::reader::Reader<R>::read_event_impl'litchi_xlsx::raw::catalog::parse_catalog'litchi_xlsx::workbook::model::Workbook::from_package_with_styles
0 90

fn=(8718) quick_xml::reader::state::ReaderState::emit_start'quick_xml::reader::Reader<R>::read_event_impl'litchi_xlsx::calculation_properties::codec::inspect_with_policy'litchi_xlsx::calculation_properties::snapshot::Snapshot::load_with_limits
0 624
cfn=(7668) alloc::raw_vec::RawVec<T,A>::grow_one'quick_xml::reader::state::ReaderState::emit_start'quick_xml::reader::Reader<R>::read_event_impl'litchi_xlsx::calculation_properties::codec::inspect_with_policy
calls=3 0 
0 315
0 96
cob=(2)
cfi=(203)
cfn=(7672) __memcpy_avx_unaligned_erms'quick_xml::reader::state::ReaderState::emit_start'quick_xml::reader::Reader<R>::read_event_impl'litchi_xlsx::calculation_properties::codec::inspect_with_policy
calls=6 255 
0 84
0 702
cfn=(7670) alloc::raw_vec::RawVecInner<A>::reserve::do_reserve_and_handle'quick_xml::reader::state::ReaderState::emit_start'quick_xml::reader::Reader<R>::read_event_impl'litchi_xlsx::calculation_properties::codec::inspect_with_policy
calls=6 0 
0 1090
0 18

fn=(7666) quick_xml::reader::state::ReaderState::emit_start'quick_xml::reader::Reader<R>::read_event_impl'litchi_xlsx::calculation_properties::codec::inspect_with_policy'litchi_xlsx::raw::recalc::invalidate
0 624
cfn=(7668)
calls=3 0 
0 315
0 96
cob=(2)
cfi=(203)
cfn=(7672)
calls=6 255 
0 84
0 702
cfn=(7670)
calls=6 0 
0 759
0 18

fn=(4480) quick_xml::reader::state::ReaderState::emit_start'quick_xml::reader::Reader<R>::read_event_impl'litchi_xlsx::raw::worksheet::edit::codec::snapshot::scan::scan_with_limit'litchi_xlsx::raw::worksheet::edit::package::rewrite
0 30363288
cfn=(4482) alloc::raw_vec::RawVec<T,A>::grow_one'quick_xml::reader::state::ReaderState::emit_start'quick_xml::reader::Reader<R>::read_event_impl'litchi_xlsx::raw::worksheet::edit::codec::snapshot::scan::scan_with_limit
calls=12 0 
0 3976
0 14971566
cob=(2)
cfi=(203)
cfn=(4486) __memcpy_avx_unaligned_erms'quick_xml::reader::state::ReaderState::emit_start'quick_xml::reader::Reader<R>::read_event_impl'litchi_xlsx::raw::worksheet::edit::codec::snapshot::scan::scan_with_limit
calls=787980 255 
0 12610716
0 17331528
cfn=(4484) alloc::raw_vec::RawVecInner<A>::reserve::do_reserve_and_handle'quick_xml::reader::state::ReaderState::emit_start'quick_xml::reader::Reader<R>::read_event_impl'litchi_xlsx::raw::worksheet::edit::codec::snapshot::scan::scan_with_limit
calls=18 0 
0 6285
0 54

fn=(4112) quick_xml::reader::state::ReaderState::emit_start'quick_xml::reader::Reader<R>::read_event_impl'litchi_xlsx::raw::worksheet::codec::<impl litchi_xlsx::raw::worksheet::model::Parser>::parse'litchi_xlsx::raw::worksheet::parse
0 60726576
cfn=(4114) alloc::raw_vec::RawVec<T,A>::grow_one'quick_xml::reader::state::ReaderState::emit_start'quick_xml::reader::Reader<R>::read_event_impl'litchi_xlsx::raw::worksheet::codec::<impl litchi_xlsx::raw::worksheet::model::Parser>::parse
calls=28 0 
0 6540
0 29943132
cob=(2)
cfi=(203)
cfn=(4118) __memcpy_avx_unaligned_erms'quick_xml::reader::state::ReaderState::emit_start'quick_xml::reader::Reader<R>::read_event_impl'litchi_xlsx::raw::worksheet::codec::<impl litchi_xlsx::raw::worksheet::model::Parser>::parse
calls=1838620 255 
0 25221432
0 34663056
cfn=(4116) alloc::raw_vec::RawVecInner<A>::reserve::do_reserve_and_handle'quick_xml::reader::state::ReaderState::emit_start'quick_xml::reader::Reader<R>::read_event_impl'litchi_xlsx::raw::worksheet::codec::<impl litchi_xlsx::raw::worksheet::model::Parser>::parse
calls=42 0 
0 8610
0 108

fn=(5300) quick_xml::reader::state::ReaderState::emit_start'quick_xml::reader::Reader<R>::read_event_impl'litchi_xlsx::raw::compact::changed_worksheet'litchi_xlsx::workbook::edit::semantic::transaction::Edit::commit
0 30363288
cfn=(5302) alloc::raw_vec::RawVec<T,A>::grow_one'quick_xml::reader::state::ReaderState::emit_start'quick_xml::reader::Reader<R>::read_event_impl'litchi_xlsx::raw::compact::changed_worksheet
calls=12 0 
0 2898
0 14971566
cob=(2)
cfi=(203)
cfn=(5306) __memcpy_avx_unaligned_erms'quick_xml::reader::state::ReaderState::emit_start'quick_xml::reader::Reader<R>::read_event_impl'litchi_xlsx::raw::compact::changed_worksheet
calls=787980 255 
0 12610716
0 17331528
cfn=(5304) alloc::raw_vec::RawVecInner<A>::reserve::do_reserve_and_handle'quick_xml::reader::state::ReaderState::emit_start'quick_xml::reader::Reader<R>::read_event_impl'litchi_xlsx::raw::compact::changed_worksheet
calls=18 0 
0 3705
0 54

fn=(7420) quick_xml::reader::state::ReaderState::emit_start'quick_xml::reader::Reader<R>::read_event_impl'litchi_xlsx::calculation_properties::rewriter::inspect_layout'litchi_xlsx::calculation_properties::codec::inspect_with_policy
0 1248
cfn=(7422) alloc::raw_vec::RawVec<T,A>::grow_one'quick_xml::reader::state::ReaderState::emit_start'quick_xml::reader::Reader<R>::read_event_impl'litchi_xlsx::calculation_properties::rewriter::inspect_layout
calls=6 0 
0 630
0 192
cob=(2)
cfi=(203)
cfn=(7426) __memcpy_avx_unaligned_erms'quick_xml::reader::state::ReaderState::emit_start'quick_xml::reader::Reader<R>::read_event_impl'litchi_xlsx::calculation_properties::rewriter::inspect_layout
calls=12 255 
0 168
0 1404
cfn=(7424) alloc::raw_vec::RawVecInner<A>::reserve::do_reserve_and_handle'quick_xml::reader::state::ReaderState::emit_start'quick_xml::reader::Reader<R>::read_event_impl'litchi_xlsx::calculation_properties::rewriter::inspect_layout
calls=12 0 
0 1518
0 36

fn=(2846) quick_xml::reader::state::ReaderState::emit_start'quick_xml::reader::Reader<R>::read_event_impl'litchi_xlsx::raw::catalog::parse_catalog'litchi_xlsx::workbook::model::Workbook::from_package_with_styles
0 624
cfn=(2848) alloc::raw_vec::RawVec<T,A>::grow_one'quick_xml::reader::state::ReaderState::emit_start'quick_xml::reader::Reader<R>::read_event_impl'litchi_xlsx::raw::catalog::parse_catalog
calls=6 0 
0 315
0 96
cob=(2)
cfi=(203)
cfn=(2864) __memcpy_avx_unaligned_erms'quick_xml::reader::state::ReaderState::emit_start'quick_xml::reader::Reader<R>::read_event_impl'litchi_xlsx::raw::catalog::parse_catalog
calls=12 255 
0 84
0 702
cfn=(2856) alloc::raw_vec::RawVecInner<A>::reserve::do_reserve_and_handle'quick_xml::reader::state::ReaderState::emit_start'quick_xml::reader::Reader<R>::read_event_impl'litchi_xlsx::raw::catalog::parse_catalog
calls=12 0 
0 1323
0 18

fn=(13834) quick_xml::events::attributes::Attribute::decoded_and_normalized_value_with'quick_xml::events::attributes::Attribute::decoded_and_normalized_value'litchi_xlsx::raw::worksheet::edit::codec::wire::cell_tag'litchi_xlsx::raw::worksheet::edit::codec::snapshot::scan::Scanner::start_cell
0 7077888
cfn=(13836) core::str::converts::from_utf8'quick_xml::events::attributes::Attribute::decoded_and_normalized_value_with'quick_xml::events::attributes::Attribute::decoded_and_normalized_value'litchi_xlsx::raw::worksheet::edit::codec::wire::cell_tag
calls=393216 0 
0 28771734
0 5898240
cfn=(13838) quick_xml::escape::normalize_attribute_value'quick_xml::events::attributes::Attribute::decoded_and_normalized_value_with'quick_xml::events::attributes::Attribute::decoded_and_normalized_value'litchi_xlsx::raw::worksheet::edit::codec::wire::cell_tag
calls=393216 0 
0 23144448
0 8650752

fn=(8768) quick_xml::events::attributes::Attribute::decoded_and_normalized_value_with'quick_xml::events::attributes::Attribute::decoded_and_normalized_value'litchi_xlsx::calculation_properties::codec::parse_calc_attributes'litchi_xlsx::calculation_properties::codec::inspect_with_policy
0 540
cfn=(8770) core::str::converts::from_utf8'quick_xml::events::attributes::Attribute::decoded_and_normalized_value_with'quick_xml::events::attributes::Attribute::decoded_and_normalized_value'litchi_xlsx::calculation_properties::codec::parse_calc_attributes
calls=30 0 
0 1872
0 450
cfn=(8772) quick_xml::escape::normalize_attribute_value'quick_xml::events::attributes::Attribute::decoded_and_normalized_value_with'quick_xml::events::attributes::Attribute::decoded_and_normalized_value'litchi_xlsx::calculation_properties::codec::parse_calc_attributes
calls=30 0 
0 1608
0 660

fn=(3038) quick_xml::events::attributes::Attribute::decoded_and_normalized_value_with'quick_xml::events::attributes::Attribute::decoded_and_normalized_value'litchi_ooxml_common::relationships::codec::attribute_value'litchi_xlsx::raw::catalog::WorkbookInfo::process_element
0 108
cfn=(3040) core::str::converts::from_utf8'quick_xml::events::attributes::Attribute::decoded_and_normalized_value_with'quick_xml::events::attributes::Attribute::decoded_and_normalized_value'litchi_ooxml_common::relationships::codec::attribute_value
calls=12 0 
0 408
0 90
cfn=(3042) quick_xml::escape::normalize_attribute_value'quick_xml::events::attributes::Attribute::decoded_and_normalized_value_with'quick_xml::events::attributes::Attribute::decoded_and_normalized_value'litchi_ooxml_common::relationships::codec::attribute_value
calls=12 0 
0 336
0 132

fn=(4544) quick_xml::events::attributes::Attribute::decoded_and_normalized_value_with'quick_xml::events::attributes::Attribute::decoded_and_normalized_value'litchi_xlsx::raw::worksheet::edit::codec::wire::tag'litchi_xlsx::raw::worksheet::edit::codec::snapshot::scan::scan_with_limit
0 108
cfn=(4546) core::str::converts::from_utf8'quick_xml::events::attributes::Attribute::decoded_and_normalized_value_with'quick_xml::events::attributes::Attribute::decoded_and_normalized_value'litchi_xlsx::raw::worksheet::edit::codec::wire::tag
calls=6 0 
0 882
0 90
cfn=(4548) quick_xml::escape::normalize_attribute_value'quick_xml::events::attributes::Attribute::decoded_and_normalized_value_with'quick_xml::events::attributes::Attribute::decoded_and_normalized_value'litchi_xlsx::raw::worksheet::edit::codec::wire::tag
calls=6 0 
0 2244
0 132

fn=(4652) quick_xml::events::attributes::Attribute::decoded_and_normalized_value_with'quick_xml::events::attributes::Attribute::decoded_and_normalized_value'litchi_xlsx::raw::worksheet::edit::codec::wire::tag'litchi_xlsx::raw::worksheet::edit::codec::snapshot::scan::Scanner::record_dimension
0 108
cfn=(4546)
calls=6 0 
0 618
0 90
cfn=(4548)
calls=6 0 
0 480
0 132

fn=(13732) quick_xml::events::attributes::Attribute::decoded_and_normalized_value_with'quick_xml::events::attributes::Attribute::decoded_and_normalized_value'litchi_xlsx::raw::worksheet::edit::codec::wire::tag'litchi_xlsx::raw::worksheet::edit::codec::snapshot::scan::Scanner::start_row
0 27648
cfn=(4546)
calls=1536 0 
0 83904
0 23040
cfn=(4548)
calls=1536 0 
0 72912
0 33792

fn=(5682) quick_xml::events::attributes::Attribute::decoded_and_normalized_value_with'quick_xml::events::attributes::Attribute::decoded_and_normalized_value'litchi_xlsx::raw::worksheet::codec::decode_cell_attribute'litchi_xlsx::raw::worksheet::codec::scan_cell_attributes
0 14155776
cfn=(5684) core::str::converts::from_utf8'quick_xml::events::attributes::Attribute::decoded_and_normalized_value_with'quick_xml::events::attributes::Attribute::decoded_and_normalized_value'litchi_xlsx::raw::worksheet::codec::decode_cell_attribute
calls=917504 0 
0 57362280
0 11796480
cfn=(5686) quick_xml::escape::normalize_attribute_value'quick_xml::events::attributes::Attribute::decoded_and_normalized_value_with'quick_xml::events::attributes::Attribute::decoded_and_normalized_value'litchi_xlsx::raw::worksheet::codec::decode_cell_attribute
calls=917504 0 
0 46288896
0 17301504

fn=(4616) quick_xml::events::attributes::Attribute::decoded_and_normalized_value_with'quick_xml::events::attributes::Attribute::decoded_and_normalized_value'litchi_ooxml_common::xml::unqualified_attribute_value'litchi_xlsx::raw::worksheet::edit::codec::snapshot::scan::Scanner::record_dimension
0 108
cfn=(2974) core::str::converts::from_utf8'quick_xml::events::attributes::Attribute::decoded_and_normalized_value_with'quick_xml::events::attributes::Attribute::decoded_and_normalized_value'litchi_ooxml_common::xml::unqualified_attribute_value
calls=6 0 
0 618
0 90
cfn=(2978) quick_xml::escape::normalize_attribute_value'quick_xml::events::attributes::Attribute::decoded_and_normalized_value_with'quick_xml::events::attributes::Attribute::decoded_and_normalized_value'litchi_ooxml_common::xml::unqualified_attribute_value
calls=6 0 
0 480
0 132

fn=(2972) quick_xml::events::attributes::Attribute::decoded_and_normalized_value_with'quick_xml::events::attributes::Attribute::decoded_and_normalized_value'litchi_ooxml_common::xml::unqualified_attribute_value'litchi_xlsx::raw::catalog::WorkbookInfo::process_element
0 108
cfn=(2974)
calls=12 0 
0 573
0 90
cfn=(2978)
calls=12 0 
0 426
0 132

fn=(4178) quick_xml::events::attributes::Attribute::decoded_and_normalized_value_with'quick_xml::events::attributes::Attribute::decoded_and_normalized_value'litchi_ooxml_common::xml::unqualified_attribute_value'litchi_xlsx::raw::worksheet::codec::<impl litchi_xlsx::raw::worksheet::model::Parser>::start
0 216
cfn=(2974)
calls=14 0 
0 1236
0 180
cfn=(2978)
calls=14 0 
0 960
0 264

fn=(5546) quick_xml::events::attributes::Attribute::decoded_and_normalized_value_with'quick_xml::events::attributes::Attribute::decoded_and_normalized_value'litchi_ooxml_common::xml::unqualified_attribute_value'litchi_xlsx::raw::worksheet::codec::<impl litchi_xlsx::raw::worksheet::model::Parser>::start_row
0 55296
cfn=(2974)
calls=3584 0 
0 167793
0 46080
cfn=(2978)
calls=3584 0 
0 145824
0 67584

fn=(13692) quick_xml::events::attributes::Attribute::decoded_and_normalized_value_with'quick_xml::events::attributes::Attribute::decoded_and_normalized_value'litchi_ooxml_common::xml::unqualified_attribute_value'litchi_xlsx::raw::worksheet::edit::codec::snapshot::scan::Scanner::row_position
0 27648
cfn=(2974)
calls=1536 0 
0 83904
0 23040
cfn=(2978)
calls=1536 0 
0 72912
0 33792

fn=(13796) quick_xml::events::attributes::Attribute::decoded_and_normalized_value_with'quick_xml::events::attributes::Attribute::decoded_and_normalized_value'litchi_ooxml_common::xml::unqualified_attribute_value'litchi_xlsx::raw::worksheet::edit::codec::snapshot::scan::Scanner::cell_address
0 7077888
cfn=(2974)
calls=393216 0 
0 28771734
0 5898240
cfn=(2978)
calls=393216 0 
0 23144448
0 8650752

fn=(3088) quick_xml::events::attributes::Attribute::decoded_and_normalized_value_with'quick_xml::events::attributes::Attribute::decoded_and_normalized_value'litchi_ooxml_common::xml::unqualified_attribute_value'litchi_xlsx::raw::catalog::optional_u32
0 108
cfn=(2974)
calls=12 0 
0 222
0 90
cfn=(2978)
calls=12 0 
0 228
0 132

fn=(3060) core::str::count::char_count_general_case'litchi_xlsx::raw::catalog::WorkbookInfo::process_element'litchi_xlsx::raw::catalog::parse_catalog'litchi_xlsx::workbook::model::Workbook::from_package_with_styles
0 234

fn=(4774) core::str::count::char_count_general_case'litchi_xlsx::cell::Value::validate_for_write'litchi_xlsx::cell::Content::validate_for_write'litchi_xlsx::raw::worksheet::edit::validation::validate_actions
0 216129

fn=(5750) core::str::count::char_count_general_case'litchi_xlsx::raw::worksheet::codec::<impl litchi_xlsx::raw::worksheet::model::Parser>::finish'litchi_xlsx::raw::worksheet::codec::<impl litchi_xlsx::raw::worksheet::model::Parser>::parse'litchi_xlsx::raw::worksheet::parse
0 43230729

fn=(3004) core::str::count::char_count_general_case'litchi_xlsx::sheet::validate_str'litchi_xlsx::raw::catalog::WorkbookInfo::process_element'litchi_xlsx::raw::catalog::parse_catalog
0 339

fn=(3068) litchi_xlsx::raw::catalog::optional_u32'litchi_xlsx::raw::catalog::required_u32'litchi_xlsx::raw::catalog::WorkbookInfo::process_element'litchi_xlsx::raw::catalog::parse_catalog
0 60
cfn=(3070)
calls=12 0 
0 11994
0 276
cfn=(3102) __rustc::__rust_dealloc'litchi_xlsx::raw::catalog::optional_u32'litchi_xlsx::raw::catalog::required_u32'litchi_xlsx::raw::catalog::WorkbookInfo::process_element
calls=12 0 
0 210
0 102

fn=(14286) litchi_xlsx::workbook::package::validate_styles'litchi_xlsx::workbook::model::Workbook::from_package_with_styles'litchi_xlsx::workbook::edit::semantic::transaction::Edit::commit'litchi_perf_baseline::run_xlsx_update_commit
0 36
cfn=(14288) <litchi_opc::part::XmlPart as litchi_opc::part::Part>::rels'litchi_xlsx::workbook::package::validate_styles'litchi_xlsx::workbook::model::Workbook::from_package_with_styles'litchi_xlsx::workbook::edit::semantic::transaction::Edit::commit
calls=3 0 
0 6
0 177
cob=(2)
cfi=(233)
cfn=(8446) __memcmp_avx2_movbe'litchi_xlsx::workbook::package::validate_styles'litchi_xlsx::workbook::model::Workbook::from_package_with_styles'litchi_xlsx::workbook::edit::semantic::transaction::Edit::commit
calls=3 73 
0 87
0 52
cfn=(8448) litchi_opc::rel::Relationship::target_partname'litchi_xlsx::workbook::package::validate_styles'litchi_xlsx::workbook::model::Workbook::from_package_with_styles'litchi_xlsx::workbook::edit::semantic::transaction::Edit::commit
calls=3 0 
0 11310
0 54
cfn=(8450) litchi_opc::package::OpcPackage::get_part'litchi_xlsx::workbook::package::validate_styles'litchi_xlsx::workbook::model::Workbook::from_package_with_styles'litchi_xlsx::workbook::edit::semantic::transaction::Edit::commit
calls=3 0 
0 858
0 24
cfn=(14290) <litchi_opc::part::XmlPart as litchi_opc::part::Part>::content_type'litchi_xlsx::workbook::package::validate_styles'litchi_xlsx::workbook::model::Workbook::from_package_with_styles'litchi_xlsx::workbook::edit::semantic::transaction::Edit::commit
calls=3 0 
0 9
0 18
cob=(2)
cfi=(233)
cfn=(8446)
calls=3 73 
0 87
0 80

fn=(13536)
0 108
cfn=(3908) alloc::collections::btree::map::BTreeMap<K,V,A>::remove'litchi_xlsx::workbook::edit::validation::FinalOrder::plan::{{closure}}'litchi_xlsx::workbook::edit::validation::FinalOrder::plan'litchi_xlsx::workbook::edit::semantic::transaction::Edit::commit
calls=6 0 
0 120
0 330

fn=(4252) litchi_xlsx::cell::Bounds::finish'litchi_xlsx::cell::Store::from_unsorted'litchi_xlsx::raw::worksheet::codec::<impl litchi_xlsx::raw::worksheet::model::Parser>::parse'litchi_xlsx::raw::worksheet::parse
0 1212

fn=(5882) core::ptr::drop_in_place<core::option::Option<litchi_xlsx::raw::worksheet::model::PendingCell>>'litchi_xlsx::raw::worksheet::codec::<impl litchi_xlsx::raw::worksheet::model::Parser>::parse'litchi_xlsx::raw::worksheet::parse'litchi_xlsx::workbook::edit::semantic::transaction::Edit::commit
0 66

fn=(4264) core::ptr::drop_in_place<core::option::Option<litchi_xlsx::raw::worksheet::model::PendingCell>>'litchi_xlsx::raw::worksheet::codec::<impl litchi_xlsx::raw::worksheet::model::Parser>::parse'litchi_xlsx::raw::worksheet::parse'litchi_xlsx::workbook::model::Worksheet::store
0 66

fn=(5722) core::ptr::drop_in_place<core::option::Option<litchi_xlsx::raw::worksheet::model::PendingCell>>'litchi_xlsx::raw::worksheet::codec::<impl litchi_xlsx::raw::worksheet::model::Parser>::start_cell'litchi_xlsx::raw::worksheet::codec::<impl litchi_xlsx::raw::worksheet::model::Parser>::start'litchi_xlsx::raw::worksheet::codec::<impl litchi_xlsx::raw::worksheet::model::Parser>::parse
0 8650752

fn=(13608) alloc::vec::Vec<T,A>::extend_desugared'litchi_xlsx::workbook::edit::model::project_merges'litchi_xlsx::workbook::edit::semantic::transaction::Edit::commit'litchi_perf_baseline::run_xlsx_update_commit
0 228

fn=(5516) litchi_xlsx::raw::namespace::is_spreadsheetml_name'litchi_xlsx::raw::worksheet::codec::<impl litchi_xlsx::raw::worksheet::model::Parser>::start'litchi_xlsx::raw::worksheet::codec::<impl litchi_xlsx::raw::worksheet::model::Parser>::parse'litchi_xlsx::raw::worksheet::parse
0 25986048
cfn=(5518) quick_xml::name::QName::local_name'litchi_xlsx::raw::namespace::is_spreadsheetml_name'litchi_xlsx::raw::worksheet::codec::<impl litchi_xlsx::raw::worksheet::model::Parser>::start'litchi_xlsx::raw::worksheet::codec::<impl litchi_xlsx::raw::worksheet::model::Parser>::parse
calls=2756096 0 
0 137048064
0 14174208
cob=(2)
cfi=(233)
cfn=(5522) __memcmp_avx2_movbe'litchi_xlsx::raw::namespace::is_spreadsheetml_name'litchi_xlsx::raw::worksheet::codec::<impl litchi_xlsx::raw::worksheet::model::Parser>::start'litchi_xlsx::raw::worksheet::codec::<impl litchi_xlsx::raw::worksheet::model::Parser>::parse
calls=2756096 73 
0 23665206
0 28360704
cob=(2)
cfi=(233)
cfn=(5522)
calls=1838592 73 
0 26790912
0 18115584

fn=(4584)
0 8667912
cfn=(4586) quick_xml::name::QName::local_name'litchi_xlsx::raw::namespace::is_spreadsheetml_name'litchi_xlsx::raw::worksheet::edit::codec::snapshot::scan::scan_with_limit'litchi_xlsx::raw::worksheet::edit::package::rewrite
calls=787992 0 
0 45719856
0 4727928
cob=(2)
cfi=(233)
cfn=(4592) __memcmp_avx2_movbe'litchi_xlsx::raw::namespace::is_spreadsheetml_name'litchi_xlsx::raw::worksheet::edit::codec::snapshot::scan::scan_with_limit'litchi_xlsx::raw::worksheet::edit::package::rewrite
calls=787986 73 
0 7894296
0 12607704
cob=(2)
cfi=(233)
cfn=(4592)
calls=787980 73 
0 13395660
0 7091886

fn=(8398) litchi_xlsx::raw::namespace::is_spreadsheetml_name'litchi_xlsx::raw::catalog::parse_catalog'litchi_xlsx::workbook::model::Workbook::from_package_with_styles'litchi_xlsx::workbook::edit::semantic::transaction::Edit::commit
0 66
cfn=(8400) quick_xml::name::QName::local_name'litchi_xlsx::raw::namespace::is_spreadsheetml_name'litchi_xlsx::raw::catalog::parse_catalog'litchi_xlsx::workbook::model::Workbook::from_package_with_styles
calls=6 0 
0 498
0 48

fn=(13664)
0 66

fn=(4728) core::ptr::drop_in_place<core::option::Option<litchi_xlsx::raw::worksheet::edit::codec::snapshot::scan::PendingSheetData>>'litchi_xlsx::raw::worksheet::edit::codec::snapshot::scan::Scanner::finish_layout'litchi_xlsx::raw::worksheet::edit::codec::snapshot::scan::scan_with_limit'litchi_xlsx::raw::worksheet::edit::package::rewrite
0 66

fn=(4736) core::ptr::drop_in_place<core::option::Option<litchi_xlsx::raw::worksheet::edit::codec::snapshot::scan::PendingRow>>'litchi_xlsx::raw::worksheet::edit::codec::snapshot::scan::Scanner::finish_layout'litchi_xlsx::raw::worksheet::edit::codec::snapshot::scan::scan_with_limit'litchi_xlsx::raw::worksheet::edit::package::rewrite
0 90

fn=(13866) litchi_xlsx::raw::worksheet::edit::validation::validate_row_actions'litchi_xlsx::raw::worksheet::edit::package::rewrite'litchi_xlsx::workbook::edit::semantic::transaction::Edit::commit'litchi_perf_baseline::run_xlsx_update_commit
0 114

fn=(13870) litchi_xlsx::raw::worksheet::edit::validation::validate_defaults_action'litchi_xlsx::raw::worksheet::edit::package::rewrite'litchi_xlsx::workbook::edit::semantic::transaction::Edit::commit'litchi_perf_baseline::run_xlsx_update_commit
0 126

fn=(13948) litchi_xlsx::raw::catalog_edit::codec::sibling_name'litchi_xlsx::raw::worksheet::edit::codec::snapshot::write::sheet_data::write_text_element'litchi_xlsx::raw::worksheet::edit::codec::snapshot::write::sheet_data::write_payload'litchi_xlsx::raw::worksheet::edit::codec::snapshot::write::sheet_data::write_sheet_data
0 90459
cfn=(5146) <core::str::pattern::CharSearcher as core::str::pattern::Searcher>::next_match'litchi_xlsx::raw::catalog_edit::codec::sibling_name'litchi_xlsx::raw::worksheet::edit::codec::snapshot::write::sheet_data::write_text_element'litchi_xlsx::raw::worksheet::edit::codec::snapshot::write::sheet_data::write_payload
calls=3933 0 
0 235980
0 23598
cfn=(5148) __rustc::__rust_no_alloc_shim_is_unstable_v2'litchi_xlsx::raw::catalog_edit::codec::sibling_name'litchi_xlsx::raw::worksheet::edit::codec::snapshot::write::sheet_data::write_text_element'litchi_xlsx::raw::worksheet::edit::codec::snapshot::write::sheet_data::write_payload
calls=3933 0 
0 3933
0 15732
cfn=(5150) __rustc::__rust_alloc'litchi_xlsx::raw::catalog_edit::codec::sibling_name'litchi_xlsx::raw::worksheet::edit::codec::snapshot::write::sheet_data::write_text_element'litchi_xlsx::raw::worksheet::edit::codec::snapshot::write::sheet_data::write_payload
calls=3933 0 
0 143874
0 27531
cob=(2)
cfi=(203)
cfn=(5154) __memcpy_avx_unaligned_erms'litchi_xlsx::raw::catalog_edit::codec::sibling_name'litchi_xlsx::raw::worksheet::edit::codec::snapshot::write::sheet_data::write_text_element'litchi_xlsx::raw::worksheet::edit::codec::snapshot::write::sheet_data::write_payload
calls=3933 255 
0 62928
0 47196

fn=(5218) litchi_xlsx::raw::catalog_edit::codec::write_close'litchi_xlsx::raw::worksheet::edit::codec::snapshot::write::sheet_data::write_sheet_data'litchi_xlsx::raw::worksheet::edit::package::rewrite'litchi_xlsx::workbook::edit::semantic::transaction::Edit::commit
0 102258
cob=(2)
cfi=(203)
cfn=(5220) __memcpy_avx_unaligned_erms'litchi_xlsx::raw::catalog_edit::codec::write_close'litchi_xlsx::raw::worksheet::edit::codec::snapshot::write::sheet_data::write_sheet_data'litchi_xlsx::raw::worksheet::edit::package::rewrite
calls=3933 255 
0 62928
0 51129

fn=(5390)
0 397800
cfn=(5392) <alloc::raw_vec::RawVecInner>::finish_grow'<alloc::raw_vec::RawVec<u8>>::grow_one'quick_xml::events::BytesStart::push_attr'quick_xml::events::BytesStart::push_attribute
calls=26520 0 
0 2521544
0 265200

fn=(5370) <alloc::raw_vec::RawVec<u8>>::grow_one'quick_xml::events::BytesStart::push_attribute'litchi_xlsx::raw::compact::write_start'litchi_xlsx::raw::compact::changed_worksheet
0 5921460
cfn=(5372) <alloc::raw_vec::RawVecInner>::finish_grow'<alloc::raw_vec::RawVec<u8>>::grow_one'quick_xml::events::BytesStart::push_attribute'litchi_xlsx::raw::compact::write_start
calls=394764 0 
0 70266996
0 3947640

fn=(5582) litchi_xlsx::raw::worksheet::validation::optional_f64'litchi_xlsx::raw::worksheet::codec::<impl litchi_xlsx::raw::worksheet::model::Parser>::start_row'litchi_xlsx::raw::worksheet::codec::<impl litchi_xlsx::raw::worksheet::model::Parser>::start'litchi_xlsx::raw::worksheet::codec::<impl litchi_xlsx::raw::worksheet::model::Parser>::parse
0 30720
cfn=(5584)
calls=3584 0 
0 1955232
0 58368

fn=(5736) litchi_xlsx::raw::worksheet::codec::<impl litchi_xlsx::raw::worksheet::model::Parser>::push_text'litchi_xlsx::raw::worksheet::codec::<impl litchi_xlsx::raw::worksheet::model::Parser>::parse'litchi_xlsx::raw::worksheet::parse'litchi_xlsx::workbook::edit::semantic::transaction::Edit::commit
0 16121856
cfn=(5738) <alloc::string::String>::try_reserve'litchi_xlsx::raw::worksheet::codec::<impl litchi_xlsx::raw::worksheet::model::Parser>::push_text'litchi_xlsx::raw::worksheet::codec::<impl litchi_xlsx::raw::worksheet::model::Parser>::parse'litchi_xlsx::raw::worksheet::parse
calls=393216 0 
0 42927473
0 5111808
cob=(2)
cfi=(203)
cfn=(5748) __memcpy_avx_unaligned_erms'litchi_xlsx::raw::worksheet::codec::<impl litchi_xlsx::raw::worksheet::model::Parser>::push_text'litchi_xlsx::raw::worksheet::codec::<impl litchi_xlsx::raw::worksheet::model::Parser>::parse'litchi_xlsx::raw::worksheet::parse
calls=393216 255 
0 5900484
0 1966080

fn=(12778) litchi_xlsx::raw::worksheet::codec::<impl litchi_xlsx::raw::worksheet::model::Parser>::push_text'litchi_xlsx::raw::worksheet::codec::<impl litchi_xlsx::raw::worksheet::model::Parser>::parse'litchi_xlsx::raw::worksheet::parse'litchi_xlsx::workbook::model::Worksheet::store
0 16121856
cfn=(5738)
calls=655360 0 
0 42905108
0 5111808
cob=(2)
cfi=(203)
cfn=(5748)
calls=655360 255 
0 5900484
0 1966080

fn=(5826) litchi_xlsx::cell::Number::validate_lexical'litchi_xlsx::cell::Number::new'litchi_xlsx::raw::worksheet::semantic::parse_value'litchi_xlsx::raw::worksheet::semantic::materialize
0 6291456
cfn=(5828) core::str::<impl str>::trim_matches'litchi_xlsx::cell::Number::validate_lexical'litchi_xlsx::cell::Number::new'litchi_xlsx::raw::worksheet::semantic::parse_value
calls=917504 0 
0 40107012
0 2359296
cfn=(5832) <f64 as core::str::traits::FromStr>::from_str'litchi_xlsx::cell::Number::validate_lexical'litchi_xlsx::cell::Number::new'litchi_xlsx::raw::worksheet::semantic::parse_value
calls=917504 0 
0 134341206
0 9437184

fn=(13628) <litchi_xlsx::cell::Cell as core::cmp::PartialEq>::eq'<litchi_xlsx::workbook::edit::model::State as core::cmp::PartialEq>::eq'litchi_xlsx::workbook::edit::semantic::transaction::Edit::commit'litchi_perf_baseline::run_xlsx_update_commit
0 220248
cfn=(5924) <litchi_xlsx::cell::Value as core::cmp::PartialEq>::eq'<litchi_xlsx::cell::Cell as core::cmp::PartialEq>::eq'<litchi_xlsx::workbook::edit::model::State as core::cmp::PartialEq>::eq'litchi_xlsx::workbook::edit::semantic::transaction::Edit::commit
calls=7866 0 
0 368575

fn=(13630) <litchi_xlsx::cell::Cell as core::cmp::PartialEq>::eq'litchi_xlsx::workbook::edit::semantic::transaction::Edit::commit'litchi_perf_baseline::run_xlsx_update_commit'litchi_perf_baseline::run_case_with_config
0 110124
cfn=(13632) <litchi_xlsx::cell::Value as core::cmp::PartialEq>::eq'<litchi_xlsx::cell::Cell as core::cmp::PartialEq>::eq'litchi_xlsx::workbook::edit::semantic::transaction::Edit::commit'litchi_perf_baseline::run_xlsx_update_commit
calls=3933 0 
0 189601

fn=(14084) core::ptr::drop_in_place<core::option::Option<litchi_xlsx::sheet::Name>>'litchi_xlsx::workbook::edit::semantic::transaction::Edit::commit'litchi_perf_baseline::run_xlsx_update_commit'litchi_perf_baseline::run_case_with_config
0 42

fn=(14124) litchi_xlsx::raw::recalc::invalidate'litchi_xlsx::workbook::edit::semantic::transaction::Edit::commit'litchi_perf_baseline::run_xlsx_update_commit'litchi_perf_baseline::run_case_with_config
0 66
cfn=(14126) litchi_xlsx::calculation_properties::codec::inspect_with_policy'litchi_xlsx::raw::recalc::invalidate'litchi_xlsx::workbook::edit::semantic::transaction::Edit::commit'litchi_perf_baseline::run_xlsx_update_commit
calls=3 0 
0 317718
0 51
cob=(2)
cfi=(203)
cfn=(14148) __memcpy_avx_unaligned_erms'litchi_xlsx::raw::recalc::invalidate'litchi_xlsx::workbook::edit::semantic::transaction::Edit::commit'litchi_perf_baseline::run_xlsx_update_commit
calls=3 255 
0 195
0 108
cfn=(14150) litchi_xlsx::calculation_properties::rewriter::rewrite'litchi_xlsx::raw::recalc::invalidate'litchi_xlsx::workbook::edit::semantic::transaction::Edit::commit'litchi_perf_baseline::run_xlsx_update_commit
calls=3 0 
0 411
0 39
cfn=(14156) __rustc::__rust_no_alloc_shim_is_unstable_v2'litchi_xlsx::raw::recalc::invalidate'litchi_xlsx::workbook::edit::semantic::transaction::Edit::commit'litchi_perf_baseline::run_xlsx_update_commit
calls=3 0 
0 3
0 9
cfn=(14158) __rustc::__rust_alloc'litchi_xlsx::raw::recalc::invalidate'litchi_xlsx::workbook::edit::semantic::transaction::Edit::commit'litchi_perf_baseline::run_xlsx_update_commit
calls=3 0 
0 854
0 24
cob=(2)
cfi=(203)
cfn=(14148)
calls=3 255 
0 231
0 33
cfn=(14164) core::ptr::drop_in_place<litchi_xlsx::calculation_properties::rewriter::Layout>'litchi_xlsx::raw::recalc::invalidate'litchi_xlsx::workbook::edit::semantic::transaction::Edit::commit'litchi_perf_baseline::run_xlsx_update_commit
calls=3 0 
0 312
0 27

fn=(8662) <alloc::string::String>::from_utf8_lossy'litchi_xlsx::calculation_properties::codec::inspect_with_policy'litchi_xlsx::calculation_properties::snapshot::Snapshot::load_with_limits'litchi_xlsx::workbook::model::Workbook::calculation_metadata
0 135
cfn=(8664) <core::str::lossy::Utf8Chunks as core::iter::traits::iterator::Iterator>::next'<alloc::string::String>::from_utf8_lossy'litchi_xlsx::calculation_properties::codec::inspect_with_policy'litchi_xlsx::calculation_properties::snapshot::Snapshot::load_with_limits
calls=9 0 
0 3765
0 180

fn=(7580) <alloc::string::String>::from_utf8_lossy'litchi_xlsx::calculation_properties::codec::inspect_with_policy'litchi_xlsx::raw::recalc::invalidate'litchi_xlsx::workbook::edit::semantic::transaction::Edit::commit
0 135
cfn=(7584) <core::str::lossy::Utf8Chunks as core::iter::traits::iterator::Iterator>::next'<alloc::string::String>::from_utf8_lossy'litchi_xlsx::calculation_properties::codec::inspect_with_policy'litchi_xlsx::raw::recalc::invalidate
calls=9 0 
0 3765
0 180

fn=(8794) litchi_xlsx::calculation_properties::codec::calc_attribute_index'litchi_xlsx::calculation_properties::codec::parse_calc_attributes'litchi_xlsx::calculation_properties::codec::inspect_with_policy'litchi_xlsx::calculation_properties::snapshot::Snapshot::load_with_limits
0 570

fn=(14142) litchi_xlsx::calculation_properties::codec::calc_attribute_index'litchi_xlsx::calculation_properties::codec::parse_calc_attributes'litchi_xlsx::calculation_properties::codec::inspect_with_policy'litchi_xlsx::raw::recalc::invalidate
0 570

fn=(8898) core::ptr::drop_in_place<litchi_xlsx::source_payload::SourcePayload>'core::ptr::drop_in_place<litchi_xlsx::calculation_properties::snapshot::SourceState>'core::ptr::drop_in_place<litchi_xlsx::calculation_properties::snapshot::Snapshot>'litchi_xlsx::workbook::edit::semantic::transaction::Edit::commit
0 42

fn=(14280) <litchi_opc::part::XmlPart as litchi_opc::part::Part>::partname'litchi_xlsx::workbook::package::validate_sheet_graph'litchi_xlsx::workbook::model::Workbook::from_package_with_styles'litchi_xlsx::workbook::edit::semantic::transaction::Edit::commit
0 12

fn=(14102) <litchi_opc::part::XmlPart as litchi_opc::part::Part>::partname'litchi_xlsx::chain::package::main_workbook_uri'litchi_xlsx::chain::package::validate_package'litchi_xlsx::workbook::edit::codec::calculation_chain_removal
0 6

fn=(14332)
0 6

fn=(14236) <litchi_opc::part::XmlPart as litchi_opc::part::Part>::partname'litchi_opc::package::is_signature_infrastructure'litchi_opc::package::OpcPackage::is_signed'litchi_opc::package::OpcPackage::get_part_mut
0 48

fn=(13520) <litchi_opc::part::XmlPart as litchi_opc::part::Part>::partname'litchi_opc::package::is_signature_infrastructure'litchi_opc::package::OpcPackage::is_signed'litchi_xlsx::workbook::edit::semantic::transaction::Edit::commit
0 24

fn=(14292) <litchi_opc::part::XmlPart as litchi_opc::part::Part>::partname'litchi_xlsx::workbook::model::Workbook::from_package_with_styles'litchi_xlsx::workbook::edit::semantic::transaction::Edit::commit'litchi_perf_baseline::run_xlsx_update_commit
0 6

fn=(14284) <litchi_opc::part::XmlPart as litchi_opc::part::Part>::rels'litchi_xlsx::workbook::package::validate_shared_strings'litchi_xlsx::workbook::model::Workbook::from_package_with_styles'litchi_xlsx::workbook::edit::semantic::transaction::Edit::commit
0 6

fn=(13598) <litchi_opc::part::XmlPart as litchi_opc::part::Part>::rels'litchi_xlsx::workbook::edit::semantic::transaction::Edit::commit'litchi_perf_baseline::run_xlsx_update_commit'litchi_perf_baseline::run_case_with_config
0 12

fn=(14242) <litchi_opc::part::XmlPart as litchi_opc::part::Part>::rels'litchi_opc::package::OpcPackage::is_signed'litchi_opc::package::OpcPackage::get_part_mut'litchi_xlsx::workbook::edit::semantic::transaction::Edit::commit
0 48

fn=(13524) <litchi_opc::part::XmlPart as litchi_opc::part::Part>::rels'litchi_opc::package::OpcPackage::is_signed'litchi_xlsx::workbook::edit::semantic::transaction::Edit::commit'litchi_perf_baseline::run_xlsx_update_commit
0 24

fn=(14276) <litchi_opc::part::XmlPart as litchi_opc::part::Part>::rels'litchi_xlsx::workbook::package::validate_sheet_graph'litchi_xlsx::workbook::model::Workbook::from_package_with_styles'litchi_xlsx::workbook::edit::semantic::transaction::Edit::commit
0 12

fn=(14110) <litchi_opc::part::XmlPart as litchi_opc::part::Part>::rels'litchi_xlsx::workbook::edit::codec::calculation_chain_removal'litchi_xlsx::workbook::edit::semantic::transaction::Edit::commit'litchi_perf_baseline::run_xlsx_update_commit
0 6

fn=(14104)
0 6

fn=(14288)
0 6

fn=(14316) core::slice::<impl [T]>::sort_unstable_by'litchi_xlsx::workbook::model::Workbook::from_package_with_styles'litchi_xlsx::workbook::edit::semantic::transaction::Edit::commit'litchi_perf_baseline::run_xlsx_update_commit
0 36
cfn=(8550) core::slice::sort::shared::smallsort::insertion_sort_shift_left'core::slice::<impl [T]>::sort_unstable_by'litchi_xlsx::workbook::model::Workbook::from_package_with_styles'litchi_xlsx::workbook::edit::semantic::transaction::Edit::commit
calls=3 0 
0 282
0 6

fn=(5958) __rustc::__rust_dealloc'core::ptr::drop_in_place<litchi_xlsx::cell::Value>'core::ptr::drop_in_place<litchi_xlsx::cell::Cell>'core::ptr::drop_in_place<alloc::boxed::Box<[litchi_xlsx::cell::Stored]>>
0 393216
cfn=(5936)
calls=393216 0 
0 69962710

fn=(5934) __rustc::__rust_dealloc'core::ptr::drop_in_place<litchi_xlsx::cell::Value>'core::ptr::drop_in_place<litchi_xlsx::cell::Cell>'core::ptr::drop_in_place<litchi_xlsx::workbook::edit::model::State>
0 3933
cfn=(5936)
calls=11799 0 
0 133722

fn=(5204) __rustc::__rust_dealloc'core::ptr::drop_in_place<litchi_xlsx::cell::Value>'core::ptr::drop_in_place<litchi_xlsx::raw::worksheet::edit::model::Action>'<alloc::collections::btree::map::BTreeMap<K,V,A> as core::ops::drop::Drop>::drop
0 3933
cfn=(5206)
calls=3933 0 
0 139328

fn=(13986) __rustc::__rust_dealloc'core::ptr::drop_in_place<litchi_xlsx::raw::worksheet::edit::codec::snapshot::model::Tag>'core::ptr::drop_in_place<litchi_xlsx::raw::worksheet::edit::codec::snapshot::model::RowSlot>'core::ptr::drop_in_place<litchi_xlsx::raw::worksheet::edit::codec::snapshot::model::Layout>
0 6144
cfn=(13988)
calls=6144 0 
0 1130066

fn=(5244) __rustc::__rust_dealloc'core::ptr::drop_in_place<litchi_xlsx::raw::worksheet::edit::codec::snapshot::model::Tag>'core::ptr::drop_in_place<litchi_xlsx::raw::worksheet::edit::codec::snapshot::model::Layout>'litchi_xlsx::raw::worksheet::edit::package::rewrite
0 54
cfn=(5246)
calls=54 0 
0 7163

fn=(14020) __rustc::__rust_dealloc'litchi_xlsx::raw::compact::changed_worksheet'litchi_xlsx::workbook::edit::semantic::transaction::Edit::commit'litchi_perf_baseline::run_xlsx_update_commit
0 394764
cfn=(5326)
calls=394764 0 
0 13421976

fn=(5960) __rustc::__rust_dealloc'core::ptr::drop_in_place<alloc::boxed::Box<[litchi_xlsx::cell::Stored]>>'core::ptr::drop_in_place<litchi_xlsx::cell::Store>'litchi_xlsx::workbook::edit::semantic::transaction::Edit::commit
0 6
cfn=(5962)
calls=6 0 
0 754

fn=(8640) __rustc::__rust_dealloc'litchi_xlsx::calculation_properties::rewriter::inspect_layout'litchi_xlsx::calculation_properties::codec::inspect_with_policy'litchi_xlsx::calculation_properties::snapshot::Snapshot::load_with_limits
0 57
cfn=(7412)
calls=57 0 
0 1938

fn=(7410) __rustc::__rust_dealloc'litchi_xlsx::calculation_properties::rewriter::inspect_layout'litchi_xlsx::calculation_properties::codec::inspect_with_policy'litchi_xlsx::raw::recalc::invalidate
0 57
cfn=(7412)
calls=57 0 
0 1938

fn=(7470) __rustc::__rust_dealloc'litchi_xlsx::calculation_properties::rewriter::inspect_start'litchi_xlsx::calculation_properties::rewriter::inspect_layout'litchi_xlsx::calculation_properties::codec::inspect_with_policy
0 54
cfn=(7472)
calls=54 0 
0 1951

fn=(8878) __rustc::__rust_dealloc'core::ptr::drop_in_place<litchi_xlsx::calculation_properties::rewriter::Layout>'litchi_xlsx::calculation_properties::snapshot::Snapshot::load_with_limits'litchi_xlsx::workbook::model::Workbook::calculation_metadata
0 6
cfn=(8880)
calls=6 0 
0 204

fn=(7878) __rustc::__rust_dealloc'core::ptr::drop_in_place<litchi_xlsx::calculation_properties::rewriter::Layout>'litchi_xlsx::raw::recalc::invalidate'litchi_xlsx::workbook::edit::semantic::transaction::Edit::commit
0 6
cfn=(7880)
calls=6 0 
0 204

fn=(14252) __rustc::__rust_dealloc'litchi_opc::package::OpcPackage::get_part_mut'litchi_xlsx::workbook::edit::semantic::transaction::Edit::commit'litchi_perf_baseline::run_xlsx_update_commit
0 6
cfn=(8198)
calls=6 0 
0 204

fn=(8890) __rustc::__rust_dealloc'core::ptr::drop_in_place<litchi_xlsx::calculation_properties::snapshot::SourceState>'core::ptr::drop_in_place<litchi_xlsx::calculation_properties::snapshot::Snapshot>'litchi_xlsx::workbook::edit::semantic::transaction::Edit::commit
0 15
cfn=(8892)
calls=15 0 
0 510

fn=(13840) __rustc::__rust_dealloc'litchi_xlsx::raw::worksheet::edit::codec::wire::cell_tag'litchi_xlsx::raw::worksheet::edit::codec::snapshot::scan::Scanner::start_cell'litchi_xlsx::raw::worksheet::edit::codec::snapshot::scan::scan_with_limit
0 393216
cfn=(13842)
calls=393216 0 
0 13383374

fn=(5854) __rustc::__rust_dealloc'<alloc::vec::into_iter::IntoIter<T,A> as core::ops::drop::Drop>::drop'litchi_xlsx::raw::worksheet::codec::<impl litchi_xlsx::raw::worksheet::model::Parser>::parse'litchi_xlsx::raw::worksheet::parse
0 12
cfn=(5856)
calls=14 0 
0 1606

fn=(3226) __rustc::__rust_dealloc'<hashbrown::raw::RawTable<T,A> as core::ops::drop::Drop>::drop'litchi_xlsx::raw::catalog::parse_catalog'litchi_xlsx::workbook::model::Workbook::from_package_with_styles
0 21
cfn=(3228)
calls=42 0 
0 714

fn=(8822) __rustc::__rust_dealloc'<hashbrown::raw::RawTable<T,A> as core::ops::drop::Drop>::drop'litchi_xlsx::calculation_properties::codec::inspect_with_policy'litchi_xlsx::calculation_properties::snapshot::Snapshot::load_with_limits
0 72
cfn=(7736)
calls=72 0 
0 2448

fn=(7734) __rustc::__rust_dealloc'<hashbrown::raw::RawTable<T,A> as core::ops::drop::Drop>::drop'litchi_xlsx::calculation_properties::codec::inspect_with_policy'litchi_xlsx::raw::recalc::invalidate
0 72
cfn=(7736)
calls=72 0 
0 2563

fn=(8574) __rustc::__rust_dealloc'<hashbrown::raw::RawTable<T,A> as core::ops::drop::Drop>::drop'litchi_xlsx::workbook::model::Workbook::from_package_with_styles'litchi_xlsx::workbook::edit::semantic::transaction::Edit::commit
0 3
cfn=(8576)
calls=3 0 
0 102

fn=(5886) __rustc::__rust_dealloc'<hashbrown::raw::RawTable<T,A> as core::ops::drop::Drop>::drop'litchi_xlsx::raw::worksheet::codec::<impl litchi_xlsx::raw::worksheet::model::Parser>::parse'litchi_xlsx::raw::worksheet::parse
0 12
cfn=(5888)
calls=14 0 
0 1500

fn=(4668) __rustc::__rust_dealloc'litchi_xlsx::raw::worksheet::edit::codec::snapshot::scan::Scanner::record_dimension'litchi_xlsx::raw::worksheet::edit::codec::snapshot::scan::scan_with_limit'litchi_xlsx::raw::worksheet::edit::package::rewrite
0 6
cfn=(4670)
calls=6 0 
0 204

fn=(13968) __rustc::__rust_dealloc'litchi_xlsx::raw::worksheet::edit::codec::snapshot::write::sheet_data::write_sheet_data'litchi_xlsx::raw::worksheet::edit::package::rewrite'litchi_xlsx::workbook::edit::semantic::transaction::Edit::commit
0 7866
cfn=(13970)
calls=7866 0 
0 735987

fn=(13990) __rustc::__rust_dealloc'core::ptr::drop_in_place<litchi_xlsx::raw::worksheet::edit::codec::snapshot::model::RowSlot>'core::ptr::drop_in_place<litchi_xlsx::raw::worksheet::edit::codec::snapshot::model::Layout>'litchi_xlsx::raw::worksheet::edit::package::rewrite
0 394752
cfn=(13992)
calls=394752 0 
0 68612353

fn=(8386) __rustc::__rust_dealloc'litchi_xlsx::raw::catalog::parse_catalog'litchi_xlsx::workbook::model::Workbook::from_package_with_styles'litchi_xlsx::workbook::edit::semantic::transaction::Edit::commit
0 75
cfn=(2812)
calls=75 0 
0 2550

fn=(14070) __rustc::__rust_dealloc'litchi_xlsx::workbook::edit::semantic::transaction::Edit::commit'litchi_perf_baseline::run_xlsx_update_commit'litchi_perf_baseline::run_case_with_config
0 18
cfn=(14072)
calls=18 0 
0 1320

fn=(13952) __rustc::__rust_dealloc'litchi_xlsx::raw::worksheet::edit::codec::snapshot::write::sheet_data::write_text_element'litchi_xlsx::raw::worksheet::edit::codec::snapshot::write::sheet_data::write_payload'litchi_xlsx::raw::worksheet::edit::codec::snapshot::write::sheet_data::write_sheet_data
0 3933
cfn=(5160)
calls=3933 0 
0 135792

fn=(5698) __rustc::__rust_dealloc'litchi_xlsx::raw::worksheet::codec::scan_cell_attributes'litchi_xlsx::raw::worksheet::codec::<impl litchi_xlsx::raw::worksheet::model::Parser>::start_cell'litchi_xlsx::raw::worksheet::codec::<impl litchi_xlsx::raw::worksheet::model::Parser>::start
0 786432
cfn=(5700)
calls=917504 0 
0 26738688

fn=(14066) __rustc::__rust_dealloc'core::ptr::drop_in_place<litchi_xlsx::cell::Store>'litchi_xlsx::workbook::edit::semantic::transaction::Edit::commit'litchi_perf_baseline::run_xlsx_update_commit
0 12
cfn=(5968)
calls=12 0 
0 2292

fn=(7526) __rustc::__rust_dealloc'litchi_xlsx::calculation_properties::rewriter::close_frame'litchi_xlsx::calculation_properties::rewriter::inspect_layout'litchi_xlsx::calculation_properties::codec::inspect_with_policy
0 12
cfn=(7528)
calls=12 0 
0 408

fn=(7512) __rustc::__rust_dealloc'litchi_xlsx::calculation_properties::rewriter::close_frame'litchi_xlsx::calculation_properties::rewriter::inspect_start'litchi_xlsx::calculation_properties::rewriter::inspect_layout
0 12
cfn=(7514)
calls=12 0 
0 408

fn=(8568) __rustc::__rust_dealloc'core::ptr::drop_in_place<(litchi_opc::packuri::PackURI,litchi_xlsx::workbook::model::SourcePageBreakProjection)>'<hashbrown::raw::RawTable<T,A> as core::ops::drop::Drop>::drop'litchi_xlsx::workbook::model::Workbook::from_package_with_styles
0 6
cfn=(8570)
calls=6 0 
0 204

fn=(4758) __rustc::__rust_dealloc'core::ptr::drop_in_place<quick_xml::reader::ns_reader::NsReader<&[u8]>>'litchi_xlsx::raw::worksheet::edit::codec::snapshot::scan::scan_with_limit'litchi_xlsx::raw::worksheet::edit::package::rewrite
0 24
cfn=(4760)
calls=24 0 
0 2339

fn=(4270) __rustc::__rust_dealloc'core::ptr::drop_in_place<quick_xml::reader::ns_reader::NsReader<&[u8]>>'litchi_xlsx::raw::worksheet::codec::<impl litchi_xlsx::raw::worksheet::model::Parser>::parse'litchi_xlsx::raw::worksheet::parse
0 48
cfn=(4272)
calls=56 0 
0 3982

fn=(5468) __rustc::__rust_dealloc'core::ptr::drop_in_place<quick_xml::reader::ns_reader::NsReader<&[u8]>>'litchi_xlsx::raw::compact::changed_worksheet'litchi_xlsx::workbook::edit::semantic::transaction::Edit::commit
0 24
cfn=(5470)
calls=24 0 
0 3104

fn=(7552) __rustc::__rust_dealloc'core::ptr::drop_in_place<quick_xml::reader::ns_reader::NsReader<&[u8]>>'litchi_xlsx::calculation_properties::rewriter::inspect_layout'litchi_xlsx::calculation_properties::codec::inspect_with_policy
0 24
cfn=(7554)
calls=24 0 
0 1435

fn=(3218) __rustc::__rust_dealloc'core::ptr::drop_in_place<quick_xml::reader::ns_reader::NsReader<&[u8]>>'litchi_xlsx::raw::catalog::parse_catalog'litchi_xlsx::workbook::model::Workbook::from_package_with_styles
0 12
cfn=(3220)
calls=24 0 
0 775

fn=(8818) __rustc::__rust_dealloc'core::ptr::drop_in_place<quick_xml::reader::ns_reader::NsReader<&[u8]>>'litchi_xlsx::calculation_properties::codec::inspect_with_policy'litchi_xlsx::calculation_properties::snapshot::Snapshot::load_with_limits
0 12
cfn=(7730)
calls=12 0 
0 753

fn=(7728) __rustc::__rust_dealloc'core::ptr::drop_in_place<quick_xml::reader::ns_reader::NsReader<&[u8]>>'litchi_xlsx::calculation_properties::codec::inspect_with_policy'litchi_xlsx::raw::recalc::invalidate
0 12
cfn=(7730)
calls=12 0 
0 775

fn=(4198) __rustc::__rust_dealloc'litchi_xlsx::raw::worksheet::codec::<impl litchi_xlsx::raw::worksheet::model::Parser>::start'litchi_xlsx::raw::worksheet::codec::<impl litchi_xlsx::raw::worksheet::model::Parser>::parse'litchi_xlsx::raw::worksheet::parse
0 12
cfn=(4200)
calls=14 0 
0 408

fn=(5230) __rustc::__rust_dealloc'core::ptr::drop_in_place<litchi_xlsx::raw::worksheet::edit::codec::validation::ExtensionNames>'litchi_xlsx::raw::worksheet::edit::package::rewrite'litchi_xlsx::workbook::edit::semantic::transaction::Edit::commit
0 6
cfn=(5232)
calls=6 0 
0 347

fn=(13996) __rustc::__rust_dealloc'core::ptr::drop_in_place<litchi_xlsx::raw::worksheet::edit::codec::snapshot::model::Layout>'litchi_xlsx::raw::worksheet::edit::package::rewrite'litchi_xlsx::workbook::edit::semantic::transaction::Edit::commit
0 6
cfn=(13998)
calls=6 0 
0 1146

fn=(5564) __rustc::__rust_dealloc'litchi_xlsx::raw::worksheet::codec::<impl litchi_xlsx::raw::worksheet::model::Parser>::start_row'litchi_xlsx::raw::worksheet::codec::<impl litchi_xlsx::raw::worksheet::model::Parser>::start'litchi_xlsx::raw::worksheet::codec::<impl litchi_xlsx::raw::worksheet::model::Parser>::parse
0 3072
cfn=(5566)
calls=3584 0 
0 104908

fn=(5712) __rustc::__rust_dealloc'litchi_xlsx::raw::worksheet::codec::<impl litchi_xlsx::raw::worksheet::model::Parser>::start_cell'litchi_xlsx::raw::worksheet::codec::<impl litchi_xlsx::raw::worksheet::model::Parser>::start'litchi_xlsx::raw::worksheet::codec::<impl litchi_xlsx::raw::worksheet::model::Parser>::parse
0 786432
cfn=(5714)
calls=917504 0 
0 26835173

fn=(8800) __rustc::__rust_dealloc'litchi_xlsx::calculation_properties::codec::parse_calc_attributes'litchi_xlsx::calculation_properties::codec::inspect_with_policy'litchi_xlsx::calculation_properties::snapshot::Snapshot::load_with_limits
0 3
cfn=(8802)
calls=3 0 
0 217

fn=(14146) __rustc::__rust_dealloc'litchi_xlsx::calculation_properties::codec::parse_calc_attributes'litchi_xlsx::calculation_properties::codec::inspect_with_policy'litchi_xlsx::raw::recalc::invalidate
0 3
cfn=(8802)
calls=3 0 
0 102

fn=(13764) __rustc::__rust_dealloc'litchi_xlsx::raw::worksheet::x14ac::attribute_name'litchi_xlsx::raw::worksheet::edit::codec::snapshot::scan::Scanner::start_row'litchi_xlsx::raw::worksheet::edit::codec::snapshot::scan::scan_with_limit
0 1536
cfn=(13766)
calls=1536 0 
0 52224

fn=(3054) __rustc::__rust_dealloc'litchi_ooxml_common::relationships::codec::attribute_value'litchi_xlsx::raw::catalog::WorkbookInfo::process_element'litchi_xlsx::raw::catalog::parse_catalog
0 6
cfn=(3056)
calls=12 0 
0 204

fn=(8436) __rustc::__rust_dealloc'litchi_xlsx::workbook::package::validate_sheet_graph'litchi_xlsx::workbook::model::Workbook::from_package_with_styles'litchi_xlsx::workbook::edit::semantic::transaction::Edit::commit
0 15
cfn=(3318)
calls=15 0 
0 510

fn=(13912) __rustc::__rust_dealloc'litchi_sheet::Cell::a1'litchi_xlsx::raw::worksheet::edit::codec::snapshot::write::sheet_data::write_sheet_data'litchi_xlsx::raw::worksheet::edit::package::rewrite
0 7866
cfn=(13914)
calls=7866 0 
0 269629

fn=(13954) __rustc::__rust_dealloc'litchi_xlsx::raw::worksheet::edit::codec::snapshot::write::sheet_data::write_payload'litchi_xlsx::raw::worksheet::edit::codec::snapshot::write::sheet_data::write_sheet_data'litchi_xlsx::raw::worksheet::edit::package::rewrite
0 3933
cfn=(13956)
calls=3933 0 
0 135792

fn=(5406) __rustc::__rust_dealloc'quick_xml::writer::Writer<W>::write_event'litchi_xlsx::raw::compact::write_start'litchi_xlsx::raw::compact::changed_worksheet
0 394764
cfn=(5408)
calls=394764 0 
0 13422371

fn=(5396) __rustc::__rust_dealloc'litchi_xlsx::raw::compact::write_start'litchi_xlsx::raw::compact::changed_worksheet'litchi_xlsx::workbook::edit::semantic::transaction::Edit::commit
0 394764
cfn=(5398)
calls=394764 0 
0 13421976

fn=(5842) __rustc::__rust_dealloc'litchi_xlsx::raw::worksheet::semantic::materialize'litchi_xlsx::raw::worksheet::codec::<impl litchi_xlsx::raw::worksheet::model::Parser>::parse'litchi_xlsx::raw::worksheet::parse
0 786432
cfn=(5844)
calls=917504 0 
0 26836438

fn=(8712) __rustc::__rust_dealloc'litchi_xlsx::calculation_properties::codec::inspect_with_policy'litchi_xlsx::calculation_properties::snapshot::Snapshot::load_with_limits'litchi_xlsx::workbook::model::Workbook::calculation_metadata
0 72
cfn=(8714)
calls=72 0 
0 2448

fn=(7656) __rustc::__rust_dealloc'litchi_xlsx::calculation_properties::codec::inspect_with_policy'litchi_xlsx::raw::recalc::invalidate'litchi_xlsx::workbook::edit::semantic::transaction::Edit::commit
0 72
cfn=(7658)
calls=72 0 
0 2448

fn=(3284) __rustc::__rust_dealloc'litchi_opc::packuri::PackURI::from_rel_ref'litchi_opc::rel::Relationship::target_partname'litchi_xlsx::workbook::package::validate_sheet_graph
0 12
cfn=(2572)
calls=24 0 
0 638

fn=(3350) __rustc::__rust_dealloc'litchi_opc::packuri::PackURI::from_rel_ref'litchi_opc::rel::Relationship::target_partname'litchi_xlsx::workbook::package::validate_styles
0 6
cfn=(2572)
calls=12 0 
0 204

fn=(2570) __rustc::__rust_dealloc'litchi_opc::packuri::PackURI::from_rel_ref'litchi_opc::rel::Relationship::target_partname'litchi_opc::package::OpcPackage::main_document_part
0 18
cfn=(2572)
calls=24 0 
0 612

fn=(7536) __rustc::__rust_dealloc'core::ptr::drop_in_place<quick_xml::name::NamespaceResolver>'litchi_xlsx::calculation_properties::rewriter::inspect_layout'litchi_xlsx::calculation_properties::codec::inspect_with_policy
0 12
cfn=(7538)
calls=12 0 
0 408

fn=(3208) __rustc::__rust_dealloc'core::ptr::drop_in_place<quick_xml::name::NamespaceResolver>'litchi_xlsx::raw::catalog::parse_catalog'litchi_xlsx::workbook::model::Workbook::from_package_with_styles
0 6
cfn=(3210)
calls=12 0 
0 204

fn=(8812) __rustc::__rust_dealloc'core::ptr::drop_in_place<quick_xml::name::NamespaceResolver>'litchi_xlsx::calculation_properties::codec::inspect_with_policy'litchi_xlsx::calculation_properties::snapshot::Snapshot::load_with_limits
0 6
cfn=(7720)
calls=6 0 
0 204

fn=(7718) __rustc::__rust_dealloc'core::ptr::drop_in_place<quick_xml::name::NamespaceResolver>'litchi_xlsx::calculation_properties::codec::inspect_with_policy'litchi_xlsx::raw::recalc::invalidate
0 6
cfn=(7720)
calls=6 0 
0 204

fn=(4558) __rustc::__rust_dealloc'litchi_xlsx::raw::worksheet::edit::codec::wire::tag'litchi_xlsx::raw::worksheet::edit::codec::snapshot::scan::scan_with_limit'litchi_xlsx::raw::worksheet::edit::package::rewrite
0 6
cfn=(4560)
calls=6 0 
0 204

fn=(4658) __rustc::__rust_dealloc'litchi_xlsx::raw::worksheet::edit::codec::wire::tag'litchi_xlsx::raw::worksheet::edit::codec::snapshot::scan::Scanner::record_dimension'litchi_xlsx::raw::worksheet::edit::codec::snapshot::scan::scan_with_limit
0 6
cfn=(4660)
calls=6 0 
0 204

fn=(13738) __rustc::__rust_dealloc'litchi_xlsx::raw::worksheet::edit::codec::wire::tag'litchi_xlsx::raw::worksheet::edit::codec::snapshot::scan::Scanner::start_row'litchi_xlsx::raw::worksheet::edit::codec::snapshot::scan::scan_with_limit
0 1536
cfn=(13740)
calls=1536 0 
0 52224

fn=(7544) __rustc::__rust_dealloc'core::ptr::drop_in_place<alloc::vec::Vec<litchi_xlsx::calculation_properties::rewriter::Frame>>'litchi_xlsx::calculation_properties::rewriter::inspect_layout'litchi_xlsx::calculation_properties::codec::inspect_with_policy
0 6
cfn=(7546)
calls=6 0 
0 884

fn=(13708) __rustc::__rust_dealloc'litchi_xlsx::raw::worksheet::edit::codec::snapshot::scan::Scanner::row_position'litchi_xlsx::raw::worksheet::edit::codec::snapshot::scan::Scanner::start_row'litchi_xlsx::raw::worksheet::edit::codec::snapshot::scan::scan_with_limit
0 1536
cfn=(13710)
calls=1536 0 
0 52224

fn=(13814) __rustc::__rust_dealloc'litchi_xlsx::raw::worksheet::edit::codec::snapshot::scan::Scanner::cell_address'litchi_xlsx::raw::worksheet::edit::codec::snapshot::scan::Scanner::start_cell'litchi_xlsx::raw::worksheet::edit::codec::snapshot::scan::scan_with_limit
0 393216
cfn=(13816)
calls=393216 0 
0 13544259

fn=(13962) __rustc::__rust_dealloc'<alloc::vec::Vec<T,A> as core::ops::drop::Drop>::drop'litchi_xlsx::raw::worksheet::edit::codec::snapshot::write::sheet_data::write_sheet_data'litchi_xlsx::raw::worksheet::edit::package::rewrite
0 3933
cfn=(13964)
calls=3933 0 
0 135907

fn=(3098)
0 6
cfn=(3100)
calls=12 0 
0 204

fn=(5598)
0 3072
cfn=(5600)
calls=3584 0 
0 104448

fn=(5644)
0 21504
cfn=(5646)
calls=25088 0 
0 731136

fn=(4626)
0 6
cfn=(4628)
calls=6 0 
0 204

fn=(2992)
0 12
cfn=(2994)
calls=24 0 
0 408

fn=(4188)
0 12
cfn=(4190)
calls=14 0 
0 408

fn=(5556)
0 3072
cfn=(5558)
calls=3584 0 
0 104448

fn=(5622)
0 6144
cfn=(5624)
calls=7168 0 
0 208896

fn=(13702)
0 1536
cfn=(13704)
calls=1536 0 
0 52224

fn=(13806)
0 393216
cfn=(13808)
calls=393216 0 
0 13383259

fn=(3450)
0 3
cfn=(3452)
calls=6 0 
0 102

fn=(14348)
0 6
cfn=(8914)
calls=6 0 
0 204

fn=(13552)
0 3
cfn=(3962)
calls=3 0 
0 102

fn=(4802)
0 6
cfn=(4804)
calls=6 0 
0 960

fn=(13932)
0 3933
cfn=(13934)
calls=3933 0 
0 135792

fn=(8786)
0 30
cfn=(8788)
calls=30 0 
0 1020

fn=(4750)
0 6
cfn=(4752)
calls=6 0 
0 204

fn=(5770)
0 84
cfn=(2672)
calls=98 0 
0 5328

fn=(2670)
0 63
cfn=(2672)
calls=78 0 
0 2142

fn=(5486)
0 108
cfn=(4068)
calls=108 0 
0 3672

fn=(4066)
0 108
cfn=(4068)
calls=144 0 
0 3672

fn=(2682)
0 54
cfn=(2684)
calls=108 0 
0 1836

fn=(3102)
0 6
cfn=(3104)
calls=12 0 
0 204

fn=(5210) __rustc::__rust_dealloc'alloc::collections::btree::map::IntoIter<K,V,A>::dying_next'<alloc::collections::btree::map::BTreeMap<K,V,A> as core::ops::drop::Drop>::drop'litchi_xlsx::raw::worksheet::edit::codec::snapshot::write::sheet_data::write_sheet_data
0 1536
cfn=(5212)
calls=1536 0 
0 241582

fn=(4996) __rustc::__rust_dealloc'alloc::collections::btree::map::IntoIter<K,V,A>::dying_next'litchi_xlsx::raw::worksheet::edit::codec::snapshot::write::sheet_data::write_sheet_data'litchi_xlsx::raw::worksheet::edit::package::rewrite
0 909
cfn=(4998)
calls=909 0 
0 111638

fn=(14086) __rustc::__rust_dealloc'alloc::collections::btree::map::IntoIter<K,V,A>::dying_next'litchi_xlsx::workbook::edit::semantic::transaction::Edit::commit'litchi_perf_baseline::run_xlsx_update_commit
0 3
cfn=(6008)
calls=3 0 
0 375

fn=(4404) __rustc::__rust_dealloc'alloc::collections::btree::map::IntoIter<K,V,A>::dying_next'<alloc::collections::btree::map::IntoIter<K,V,A> as core::iter::traits::iterator::Iterator>::next'litchi_xlsx::workbook::edit::semantic::transaction::Edit::commit
0 657
cfn=(4406)
calls=657 0 
0 85537

fn=(6908) __rustc::__rust_dealloc'litchi_opc::package::OpcPackage::main_document_part'litchi_xlsx::chain::package::main_workbook_uri'litchi_xlsx::chain::package::validate_package
0 3
cfn=(6910)
calls=3 0 
0 102

fn=(8602) __rustc::__rust_dealloc'litchi_opc::package::OpcPackage::main_document_part'litchi_xlsx::calculation_properties::snapshot::Snapshot::load_with_limits'litchi_xlsx::workbook::model::Workbook::calculation_metadata
0 3
cfn=(8604)
calls=3 0 
0 102

fn=(8352) __rustc::__rust_dealloc'litchi_opc::package::OpcPackage::main_document_part'litchi_xlsx::workbook::model::Workbook::from_package_with_styles'litchi_xlsx::workbook::edit::semantic::transaction::Edit::commit
0 3
cfn=(2612)
calls=3 0 
0 102

fn=(5878) __rustc::__rust_dealloc'litchi_xlsx::raw::worksheet::codec::<impl litchi_xlsx::raw::worksheet::model::Parser>::parse'litchi_xlsx::raw::worksheet::parse'litchi_xlsx::workbook::edit::semantic::transaction::Edit::commit
0 6
cfn=(4256)
calls=6 0 
0 204

fn=(4254) __rustc::__rust_dealloc'litchi_xlsx::raw::worksheet::codec::<impl litchi_xlsx::raw::worksheet::model::Parser>::parse'litchi_xlsx::raw::worksheet::parse'litchi_xlsx::workbook::model::Worksheet::store
0 6
cfn=(4256)
calls=8 0 
0 204

fn=(6954) __rustc::__rust_dealloc'litchi_xlsx::chain::package::validate_package'litchi_xlsx::workbook::edit::codec::calculation_chain_removal'litchi_xlsx::workbook::edit::semantic::transaction::Edit::commit
0 3
cfn=(6956)
calls=3 0 
0 102

fn=(5216) alloc::collections::btree::map::IntoIter<K,V,A>::dying_next'<alloc::collections::btree::map::IntoIter<K,V,A> as core::ops::drop::Drop>::drop'litchi_xlsx::raw::worksheet::edit::codec::snapshot::write::sheet_data::write_sheet_data'litchi_xlsx::raw::worksheet::edit::package::rewrite
0 162

fn=(13658) alloc::collections::btree::map::IntoIter<K,V,A>::dying_next'<alloc::collections::btree::map::IntoIter<K,V,A> as core::ops::drop::Drop>::drop'litchi_xlsx::workbook::edit::semantic::transaction::Edit::commit'litchi_perf_baseline::run_xlsx_update_commit
0 243

fn=(5194) alloc::collections::btree::map::IntoIter<K,V,A>::dying_next'<alloc::collections::btree::map::BTreeMap<K,V,A> as core::ops::drop::Drop>::drop'litchi_xlsx::raw::worksheet::edit::codec::snapshot::write::sheet_data::write_sheet_data'litchi_xlsx::raw::worksheet::edit::package::rewrite
0 208497
cfn=(5210)
calls=1536 0 
0 243118
0 45288

fn=(14356) alloc::collections::btree::map::IntoIter<K,V,A>::dying_next'<alloc::collections::btree::map::BTreeMap<K,V,A> as core::ops::drop::Drop>::drop'litchi_xlsx::workbook::edit::semantic::transaction::Edit::commit'litchi_perf_baseline::run_xlsx_update_commit
0 162

fn=(5224) alloc::collections::btree::map::IntoIter<K,V,A>::dying_next'<alloc::collections::btree::map::BTreeMap<K,V,A> as core::ops::drop::Drop>::drop'litchi_xlsx::raw::worksheet::edit::package::rewrite'litchi_xlsx::workbook::edit::semantic::transaction::Edit::commit
0 162

fn=(3924) alloc::collections::btree::map::IntoIter<K,V,A>::dying_next'<alloc::collections::btree::map::BTreeMap<K,V,A> as core::ops::drop::Drop>::drop'litchi_xlsx::workbook::edit::validation::FinalOrder::plan'litchi_xlsx::workbook::edit::semantic::transaction::Edit::commit
0 81

fn=(13602) alloc::collections::btree::map::IntoIter<K,V,A>::dying_next'litchi_xlsx::workbook::edit::semantic::transaction::project_hyperlink_actions'litchi_xlsx::workbook::edit::semantic::transaction::Edit::commit'litchi_perf_baseline::run_xlsx_update_commit
0 162

fn=(4974) alloc::collections::btree::map::IntoIter<K,V,A>::dying_next'litchi_xlsx::raw::worksheet::edit::codec::snapshot::write::sheet_data::write_sheet_data'litchi_xlsx::raw::worksheet::edit::package::rewrite'litchi_xlsx::workbook::edit::semantic::transaction::Edit::commit
0 44682
cfn=(4996)
calls=6 0 
0 1162
0 42
cfn=(4996)
calls=6 0 
0 210
0 3444
cfn=(4996)
calls=234 0 
0 26625
0 16548
cfn=(4996)
calls=6 0 
0 210
0 126954
cfn=(4996)
calls=6 0 
0 756
0 84
cfn=(4996)
calls=12 0 
0 1667
0 9183
cfn=(4996)
calls=633 0 
0 80975
0 42459
cfn=(4996)
calls=6 0 
0 942
0 31572

fn=(13570) alloc::collections::btree::map::IntoIter<K,V,A>::dying_next'litchi_xlsx::workbook::edit::semantic::transaction::Edit::commit'litchi_perf_baseline::run_xlsx_update_commit'litchi_perf_baseline::run_case_with_config
0 669
cfn=(14086)
calls=3 0 
0 378
0 75

fn=(13612) alloc::collections::btree::map::IntoIter<K,V,A>::dying_next'<alloc::collections::btree::map::IntoIter<K,V,A> as core::iter::traits::iterator::Iterator>::next'litchi_xlsx::workbook::edit::semantic::transaction::Edit::commit'litchi_perf_baseline::run_xlsx_update_commit
0 114504
cfn=(4404)
calls=6 0 
0 784
0 84
cfn=(4404)
calls=12 0 
0 1636
0 9183
cfn=(4404)
calls=633 0 
0 82863
0 42459
cfn=(4404)
calls=6 0 
0 911
0 31518

fn=(14234) litchi_opc::package::is_signature_infrastructure'litchi_opc::package::OpcPackage::is_signed'litchi_opc::package::OpcPackage::get_part_mut'litchi_xlsx::workbook::edit::semantic::transaction::Edit::commit
0 144
cfn=(14236)
calls=24 0 
0 48
0 138
cfn=(14238) core::slice::ascii::<impl [u8]>::eq_ignore_ascii_case_chunks'litchi_opc::package::is_signature_infrastructure'litchi_opc::package::OpcPackage::is_signed'litchi_opc::package::OpcPackage::get_part_mut
calls=18 0 
0 648
0 144
cfn=(14240) <litchi_opc::part::XmlPart as litchi_opc::part::Part>::content_type'litchi_opc::package::is_signature_infrastructure'litchi_opc::package::OpcPackage::is_signed'litchi_opc::package::OpcPackage::get_part_mut
calls=24 0 
0 72
0 96
cfn=(14240)
calls=24 0 
0 72
0 108
cfn=(14238)
calls=12 0 
0 708
0 96
cfn=(14240)
calls=24 0 
0 72
0 168

fn=(13518) litchi_opc::package::is_signature_infrastructure'litchi_opc::package::OpcPackage::is_signed'litchi_xlsx::workbook::edit::semantic::transaction::Edit::commit'litchi_perf_baseline::run_xlsx_update_commit
0 72
cfn=(13520)
calls=12 0 
0 24
0 69
cfn=(3878) core::slice::ascii::<impl [u8]>::eq_ignore_ascii_case_chunks'litchi_opc::package::is_signature_infrastructure'litchi_opc::package::OpcPackage::is_signed'litchi_xlsx::workbook::edit::semantic::transaction::Edit::commit
calls=9 0 
0 324
0 72
cfn=(13522) <litchi_opc::part::XmlPart as litchi_opc::part::Part>::content_type'litchi_opc::package::is_signature_infrastructure'litchi_opc::package::OpcPackage::is_signed'litchi_xlsx::workbook::edit::semantic::transaction::Edit::commit
calls=12 0 
0 36
0 48
cfn=(13522)
calls=12 0 
0 36
0 54
cfn=(3878)
calls=6 0 
0 354
0 48
cfn=(13522)
calls=12 0 
0 36
0 84

fn=(14228) litchi_opc::package::is_signature_relationship_or_target'litchi_opc::package::OpcPackage::is_signed'litchi_opc::package::OpcPackage::get_part_mut'litchi_xlsx::workbook::edit::semantic::transaction::Edit::commit
0 720
cfn=(14230) <core::str::pattern::CharSearcher as core::str::pattern::Searcher>::next_match'litchi_opc::package::is_signature_relationship_or_target'litchi_opc::package::OpcPackage::is_signed'litchi_opc::package::OpcPackage::get_part_mut
calls=24 0 
0 2814
0 288
cfn=(14230)
calls=24 0 
0 2814
0 156
cfn=(14244) core::slice::ascii::<impl [u8]>::eq_ignore_ascii_case_chunks'litchi_opc::package::is_signature_relationship_or_target'litchi_opc::package::OpcPackage::is_signed'litchi_opc::package::OpcPackage::get_part_mut
calls=12 0 
0 432
0 336
cfn=(14232) <core::str::iter::Split<P> as core::iter::traits::iterator::Iterator>::next'litchi_opc::package::is_signature_relationship_or_target'litchi_opc::package::OpcPackage::is_signed'litchi_opc::package::OpcPackage::get_part_mut
calls=24 0 
0 3300
0 180
cfn=(14232)
calls=42 0 
0 2538
0 336

fn=(13516) litchi_opc::package::is_signature_relationship_or_target'litchi_opc::package::OpcPackage::is_signed'litchi_xlsx::workbook::edit::semantic::transaction::Edit::commit'litchi_perf_baseline::run_xlsx_update_commit
0 360
cfn=(3870) <core::str::pattern::CharSearcher as core::str::pattern::Searcher>::next_match'litchi_opc::package::is_signature_relationship_or_target'litchi_opc::package::OpcPackage::is_signed'litchi_xlsx::workbook::edit::semantic::transaction::Edit::commit
calls=12 0 
0 1407
0 144
cfn=(3870)
calls=12 0 
0 1407
0 78
cfn=(3884) core::slice::ascii::<impl [u8]>::eq_ignore_ascii_case_chunks'litchi_opc::package::is_signature_relationship_or_target'litchi_opc::package::OpcPackage::is_signed'litchi_xlsx::workbook::edit::semantic::transaction::Edit::commit
calls=6 0 
0 216
0 168
cfn=(3872) <core::str::iter::Split<P> as core::iter::traits::iterator::Iterator>::next'litchi_opc::package::is_signature_relationship_or_target'litchi_opc::package::OpcPackage::is_signed'litchi_xlsx::workbook::edit::semantic::transaction::Edit::commit
calls=12 0 
0 1650
0 90
cfn=(3872)
calls=21 0 
0 1269
0 168

fn=(14232)
0 3270
cfn=(2468) core::slice::memchr::memchr_aligned'<core::str::iter::Split<P> as core::iter::traits::iterator::Iterator>::next'litchi_opc::package::is_signature_relationship_or_target'litchi_opc::package::OpcPackage::is_signed
calls=12 0 
0 1080
0 312
cob=(2)
cfi=(233)
cfn=(2470) __memcmp_avx2_movbe'<core::str::iter::Split<P> as core::iter::traits::iterator::Iterator>::next'litchi_opc::package::is_signature_relationship_or_target'litchi_opc::package::OpcPackage::is_signed
calls=18 73 
0 180
0 996

fn=(3872)
0 1635
cfn=(2468)
calls=6 0 
0 540
0 156
cob=(2)
cfi=(233)
cfn=(2470)
calls=9 73 
0 90
0 498

fn=(14262) litchi_xlsx::workbook::model::Workbook::from_package_with_styles'litchi_xlsx::workbook::edit::semantic::transaction::Edit::commit'litchi_perf_baseline::run_xlsx_update_commit'litchi_perf_baseline::run_case_with_config
0 36
cfn=(14264) litchi_opc::package::OpcPackage::main_document_part'litchi_xlsx::workbook::model::Workbook::from_package_with_styles'litchi_xlsx::workbook::edit::semantic::transaction::Edit::commit'litchi_perf_baseline::run_xlsx_update_commit
calls=3 0 
0 14451
0 30
cfn=(14266) <litchi_opc::part::XmlPart as litchi_opc::part::Part>::content_type'litchi_xlsx::workbook::model::Workbook::from_package_with_styles'litchi_xlsx::workbook::edit::semantic::transaction::Edit::commit'litchi_perf_baseline::run_xlsx_update_commit
calls=3 0 
0 9
0 9
cfn=(14268) litchi_xlsx::workbook::codec::flavor'litchi_xlsx::workbook::model::Workbook::from_package_with_styles'litchi_xlsx::workbook::edit::semantic::transaction::Edit::commit'litchi_perf_baseline::run_xlsx_update_commit
calls=3 0 
0 135
0 42
cfn=(14270) <litchi_opc::part::XmlPart as litchi_opc::part::Part>::blob'litchi_xlsx::workbook::model::Workbook::from_package_with_styles'litchi_xlsx::workbook::edit::semantic::transaction::Edit::commit'litchi_perf_baseline::run_xlsx_update_commit
calls=3 0 
0 12
0 9
cfn=(14272) litchi_xlsx::raw::catalog::parse_catalog'litchi_xlsx::workbook::model::Workbook::from_package_with_styles'litchi_xlsx::workbook::edit::semantic::transaction::Edit::commit'litchi_perf_baseline::run_xlsx_update_commit
calls=3 0 
0 221073
0 105
cfn=(14274) litchi_xlsx::workbook::package::validate_sheet_graph'litchi_xlsx::workbook::model::Workbook::from_package_with_styles'litchi_xlsx::workbook::edit::semantic::transaction::Edit::commit'litchi_perf_baseline::run_xlsx_update_commit
calls=3 0 
0 42257
0 36
cfn=(14282) litchi_xlsx::workbook::package::validate_shared_strings'litchi_xlsx::workbook::model::Workbook::from_package_with_styles'litchi_xlsx::workbook::edit::semantic::transaction::Edit::commit'litchi_perf_baseline::run_xlsx_update_commit
calls=3 0 
0 279
0 39
cfn=(14286)
calls=3 0 
0 12798
0 33
cfn=(14292)
calls=3 0 
0 6
0 9
cfn=(14294) <alloc::string::String as core::clone::Clone>::clone'litchi_xlsx::workbook::model::Workbook::from_package_with_styles'litchi_xlsx::workbook::edit::semantic::transaction::Edit::commit'litchi_perf_baseline::run_xlsx_update_commit
calls=3 0 
0 255
0 153
cfn=(14296) litchi_xlsx::workbook::package::same_style_table'litchi_xlsx::workbook::model::Workbook::from_package_with_styles'litchi_xlsx::workbook::edit::semantic::transaction::Edit::commit'litchi_perf_baseline::run_xlsx_update_commit
calls=3 0 
0 2172
0 72
cfn=(14302) litchi_xlsx::workbook::package::same_shared_string_table'litchi_xlsx::workbook::model::Workbook::from_package_with_styles'litchi_xlsx::workbook::edit::semantic::transaction::Edit::commit'litchi_perf_baseline::run_xlsx_update_commit
calls=3 0 
0 78
0 54
cfn=(14304) core::option::Option<T>::map_or_else'litchi_xlsx::workbook::model::Workbook::from_package_with_styles'litchi_xlsx::workbook::edit::semantic::transaction::Edit::commit'litchi_perf_baseline::run_xlsx_update_commit
calls=3 0 
0 36
0 24
cfn=(14306) litchi_xlsx::workbook::model::page_break_caches'litchi_xlsx::workbook::model::Workbook::from_package_with_styles'litchi_xlsx::workbook::edit::semantic::transaction::Edit::commit'litchi_perf_baseline::run_xlsx_update_commit
calls=3 0 
0 5247
0 87
cfn=(14310) core::iter::adapters::try_process'litchi_xlsx::workbook::model::Workbook::from_package_with_styles'litchi_xlsx::workbook::edit::semantic::transaction::Edit::commit'litchi_perf_baseline::run_xlsx_update_commit
calls=3 0 
0 22027
0 33
cfn=(14312)
calls=3 0 
0 877
0 15
cfn=(14314) <alloc::vec::Vec<T> as alloc::vec::spec_from_iter_nested::SpecFromIterNested<T,I>>::from_iter'litchi_xlsx::workbook::model::Workbook::from_package_with_styles'litchi_xlsx::workbook::edit::semantic::transaction::Edit::commit'litchi_perf_baseline::run_xlsx_update_commit
calls=3 0 
0 432
0 18
cfn=(14316)
calls=3 0 
0 324
0 18
cfn=(14312)
calls=3 0 
0 54
0 18
cob=(2)
cfi=(203)
cfn=(14318) __memcpy_avx_unaligned_erms'litchi_xlsx::workbook::model::Workbook::from_package_with_styles'litchi_xlsx::workbook::edit::semantic::transaction::Edit::commit'litchi_perf_baseline::run_xlsx_update_commit
calls=3 255 
0 90
0 87
cfn=(14312)
calls=3 0 
0 45
0 24
cfn=(14312)
calls=3 0 
0 45
0 27
cfn=(14312)
calls=3 0 
0 45
0 30
cob=(2)
cfi=(203)
cfn=(14318)
calls=3 255 
0 90
0 186
cfn=(14320) alloc::boxed::box_new_uninit'litchi_xlsx::workbook::model::Workbook::from_package_with_styles'litchi_xlsx::workbook::edit::semantic::transaction::Edit::commit'litchi_perf_baseline::run_xlsx_update_commit
calls=3 0 
0 485
0 15
cob=(2)
cfi=(203)
cfn=(14318)
calls=3 255 
0 231
0 18
cfn=(14322) <hashbrown::raw::RawTable<T,A> as core::ops::drop::Drop>::drop'litchi_xlsx::workbook::model::Workbook::from_package_with_styles'litchi_xlsx::workbook::edit::semantic::transaction::Edit::commit'litchi_perf_baseline::run_xlsx_update_commit
calls=3 0 
0 627
0 3

fn=(6892) litchi_opc::package::OpcPackage::main_document_part'litchi_xlsx::chain::package::main_workbook_uri'litchi_xlsx::chain::package::validate_package'litchi_xlsx::workbook::edit::codec::calculation_chain_removal
0 111
cob=(2)
cfi=(233)
cfn=(6894) __memcmp_avx2_movbe'litchi_opc::package::OpcPackage::main_document_part'litchi_xlsx::chain::package::main_workbook_uri'litchi_xlsx::chain::package::validate_package
calls=3 73 
0 87
0 66
cfn=(6896) litchi_opc::rel::Relationship::target_partname'litchi_opc::package::OpcPackage::main_document_part'litchi_xlsx::chain::package::main_workbook_uri'litchi_xlsx::chain::package::validate_package
calls=3 0 
0 11958
0 51
cfn=(6902) litchi_opc::package::OpcPackage::get_part'litchi_opc::package::OpcPackage::main_document_part'litchi_xlsx::chain::package::main_workbook_uri'litchi_xlsx::chain::package::validate_package
calls=3 0 
0 894
0 18
cfn=(6908)
calls=3 0 
0 105
0 3

fn=(8586)
0 111
cob=(2)
cfi=(233)
cfn=(8588) __memcmp_avx2_movbe'litchi_opc::package::OpcPackage::main_document_part'litchi_xlsx::calculation_properties::snapshot::Snapshot::load_with_limits'litchi_xlsx::workbook::model::Workbook::calculation_metadata
calls=3 73 
0 87
0 66
cfn=(8590) litchi_opc::rel::Relationship::target_partname'litchi_opc::package::OpcPackage::main_document_part'litchi_xlsx::calculation_properties::snapshot::Snapshot::load_with_limits'litchi_xlsx::workbook::model::Workbook::calculation_metadata
calls=3 0 
0 12826
0 51
cfn=(8596) litchi_opc::package::OpcPackage::get_part'litchi_opc::package::OpcPackage::main_document_part'litchi_xlsx::calculation_properties::snapshot::Snapshot::load_with_limits'litchi_xlsx::workbook::model::Workbook::calculation_metadata
calls=3 0 
0 894
0 18
cfn=(8602)
calls=3 0 
0 105
0 3

fn=(14264)
0 111
cob=(2)
cfi=(233)
cfn=(8346) __memcmp_avx2_movbe'litchi_opc::package::OpcPackage::main_document_part'litchi_xlsx::workbook::model::Workbook::from_package_with_styles'litchi_xlsx::workbook::edit::semantic::transaction::Edit::commit
calls=3 73 
0 87
0 66
cfn=(8348) litchi_opc::rel::Relationship::target_partname'litchi_opc::package::OpcPackage::main_document_part'litchi_xlsx::workbook::model::Workbook::from_package_with_styles'litchi_xlsx::workbook::edit::semantic::transaction::Edit::commit
calls=3 0 
0 13116
0 51
cfn=(8350) litchi_opc::package::OpcPackage::get_part'litchi_opc::package::OpcPackage::main_document_part'litchi_xlsx::workbook::model::Workbook::from_package_with_styles'litchi_xlsx::workbook::edit::semantic::transaction::Edit::commit
calls=3 0 
0 894
0 18
cfn=(8352)
calls=3 0 
0 105
0 3

fn=(8424) litchi_opc::rel::Relationship::target_partname'litchi_xlsx::workbook::package::validate_sheet_graph'litchi_xlsx::workbook::model::Workbook::from_package_with_styles'litchi_xlsx::workbook::edit::semantic::transaction::Edit::commit
0 132
cfn=(3264) <core::str::pattern::CharSearcher as core::str::pattern::Searcher>::next_match'litchi_opc::rel::Relationship::target_partname'litchi_xlsx::workbook::package::validate_sheet_graph'litchi_xlsx::workbook::model::Workbook::from_package_with_styles
calls=6 0 
0 702
0 72
cfn=(3264)
calls=6 0 
0 702
0 66
cfn=(3268) litchi_opc::packuri::PackURI::from_rel_ref'litchi_opc::rel::Relationship::target_partname'litchi_xlsx::workbook::package::validate_sheet_graph'litchi_xlsx::workbook::model::Workbook::from_package_with_styles
calls=6 0 
0 31733
0 102

fn=(8448)
0 66
cfn=(3338) <core::str::pattern::CharSearcher as core::str::pattern::Searcher>::next_match'litchi_opc::rel::Relationship::target_partname'litchi_xlsx::workbook::package::validate_styles'litchi_xlsx::workbook::model::Workbook::from_package_with_styles
calls=3 0 
0 315
0 36
cfn=(3338)
calls=3 0 
0 315
0 33
cfn=(3340) litchi_opc::packuri::PackURI::from_rel_ref'litchi_opc::rel::Relationship::target_partname'litchi_xlsx::workbook::package::validate_styles'litchi_xlsx::workbook::model::Workbook::from_package_with_styles
calls=3 0 
0 10494
0 51

fn=(6896)
0 66
cfn=(6898) <core::str::pattern::CharSearcher as core::str::pattern::Searcher>::next_match'litchi_opc::rel::Relationship::target_partname'litchi_opc::package::OpcPackage::main_document_part'litchi_xlsx::chain::package::main_workbook_uri
calls=3 0 
0 390
0 36
cfn=(6898)
calls=3 0 
0 390
0 33
cfn=(6900) litchi_opc::packuri::PackURI::from_rel_ref'litchi_opc::rel::Relationship::target_partname'litchi_opc::package::OpcPackage::main_document_part'litchi_xlsx::chain::package::main_workbook_uri
calls=3 0 
0 10992
0 51

fn=(8590)
0 66
cfn=(8592) <core::str::pattern::CharSearcher as core::str::pattern::Searcher>::next_match'litchi_opc::rel::Relationship::target_partname'litchi_opc::package::OpcPackage::main_document_part'litchi_xlsx::calculation_properties::snapshot::Snapshot::load_with_limits
calls=3 0 
0 390
0 36
cfn=(8592)
calls=3 0 
0 390
0 33
cfn=(8594) litchi_opc::packuri::PackURI::from_rel_ref'litchi_opc::rel::Relationship::target_partname'litchi_opc::package::OpcPackage::main_document_part'litchi_xlsx::calculation_properties::snapshot::Snapshot::load_with_limits
calls=3 0 
0 11860
0 51

fn=(8348)
0 66
cfn=(2488) <core::str::pattern::CharSearcher as core::str::pattern::Searcher>::next_match'litchi_opc::rel::Relationship::target_partname'litchi_opc::package::OpcPackage::main_document_part'litchi_xlsx::workbook::model::Workbook::from_package_with_styles
calls=3 0 
0 390
0 36
cfn=(2488)
calls=3 0 
0 390
0 33
cfn=(2492) litchi_opc::packuri::PackURI::from_rel_ref'litchi_opc::rel::Relationship::target_partname'litchi_opc::package::OpcPackage::main_document_part'litchi_xlsx::workbook::model::Workbook::from_package_with_styles
calls=3 0 
0 12150
0 51

fn=(3274) alloc::fmt::format::format_inner'litchi_opc::packuri::PackURI::from_rel_ref'litchi_opc::rel::Relationship::target_partname'litchi_xlsx::workbook::package::validate_sheet_graph
0 654
cfn=(2504) core::fmt::write'alloc::fmt::format::format_inner'litchi_opc::packuri::PackURI::from_rel_ref'litchi_opc::rel::Relationship::target_partname
calls=12 0 
0 5613
0 90

fn=(3344) alloc::fmt::format::format_inner'litchi_opc::packuri::PackURI::from_rel_ref'litchi_opc::rel::Relationship::target_partname'litchi_xlsx::workbook::package::validate_styles
0 327
cfn=(2504)
calls=6 0 
0 1620
0 45

fn=(2500) alloc::fmt::format::format_inner'litchi_opc::packuri::PackURI::from_rel_ref'litchi_opc::rel::Relationship::target_partname'litchi_opc::package::OpcPackage::main_document_part
0 900
cfn=(2504)
calls=12 0 
0 5260
0 135

fn=(8698) quick_xml::reader::ns_reader::NsReader<R>::process_event'litchi_xlsx::calculation_properties::codec::inspect_with_policy'litchi_xlsx::calculation_properties::snapshot::Snapshot::load_with_limits'litchi_xlsx::workbook::model::Workbook::calculation_metadata
0 525
cfn=(8720) quick_xml::name::NamespaceResolver::push'quick_xml::reader::ns_reader::NsReader<R>::process_event'litchi_xlsx::calculation_properties::codec::inspect_with_policy'litchi_xlsx::calculation_properties::snapshot::Snapshot::load_with_limits
calls=6 0 
0 7454
0 459
cfn=(8720)
calls=9 0 
0 8610
0 174

fn=(7640) quick_xml::reader::ns_reader::NsReader<R>::process_event'litchi_xlsx::calculation_properties::codec::inspect_with_policy'litchi_xlsx::raw::recalc::invalidate'litchi_xlsx::workbook::edit::semantic::transaction::Edit::commit
0 525
cfn=(7674) quick_xml::name::NamespaceResolver::push'quick_xml::reader::ns_reader::NsReader<R>::process_event'litchi_xlsx::calculation_properties::codec::inspect_with_policy'litchi_xlsx::raw::recalc::invalidate
calls=6 0 
0 7904
0 459
cfn=(7674)
calls=9 0 
0 8610
0 174

fn=(4472)
0 43718502
cfn=(4488) quick_xml::name::NamespaceResolver::push'quick_xml::reader::ns_reader::NsReader<R>::process_event'litchi_xlsx::raw::worksheet::edit::codec::snapshot::scan::scan_with_limit'litchi_xlsx::raw::worksheet::edit::package::rewrite
calls=787980 0 
0 143888702
0 32296626
cfn=(4488)
calls=6 0 
0 1878
0 6303924

fn=(5500) quick_xml::reader::ns_reader::NsReader<R>::process_event'litchi_xlsx::raw::worksheet::codec::<impl litchi_xlsx::raw::worksheet::model::Parser>::parse'litchi_xlsx::raw::worksheet::parse'litchi_xlsx::workbook::edit::semantic::transaction::Edit::commit
0 43718502
cfn=(4120) quick_xml::name::NamespaceResolver::push'quick_xml::reader::ns_reader::NsReader<R>::process_event'litchi_xlsx::raw::worksheet::codec::<impl litchi_xlsx::raw::worksheet::model::Parser>::parse'litchi_xlsx::raw::worksheet::parse
calls=787980 0 
0 143888810
0 32296626
cfn=(4120)
calls=6 0 
0 1878
0 6303924

fn=(4104) quick_xml::reader::ns_reader::NsReader<R>::process_event'litchi_xlsx::raw::worksheet::codec::<impl litchi_xlsx::raw::worksheet::model::Parser>::parse'litchi_xlsx::raw::worksheet::parse'litchi_xlsx::workbook::model::Worksheet::store
0 43718502
cfn=(4120)
calls=1050640 0 
0 143888371
0 32296626
cfn=(4120)
calls=8 0 
0 1878
0 6303924

fn=(14010) quick_xml::reader::ns_reader::NsReader<R>::process_event'litchi_xlsx::raw::compact::changed_worksheet'litchi_xlsx::workbook::edit::semantic::transaction::Edit::commit'litchi_perf_baseline::run_xlsx_update_commit
0 43718502
cfn=(5308) quick_xml::name::NamespaceResolver::push'quick_xml::reader::ns_reader::NsReader<R>::process_event'litchi_xlsx::raw::compact::changed_worksheet'litchi_xlsx::workbook::edit::semantic::transaction::Edit::commit
calls=787980 0 
0 143888949
0 32296626
cfn=(5308)
calls=6 0 
0 1878
0 6303924

fn=(8626) quick_xml::reader::ns_reader::NsReader<R>::process_event'litchi_xlsx::calculation_properties::rewriter::inspect_layout'litchi_xlsx::calculation_properties::codec::inspect_with_policy'litchi_xlsx::calculation_properties::snapshot::Snapshot::load_with_limits
0 525
cfn=(7428) quick_xml::name::NamespaceResolver::push'quick_xml::reader::ns_reader::NsReader<R>::process_event'litchi_xlsx::calculation_properties::rewriter::inspect_layout'litchi_xlsx::calculation_properties::codec::inspect_with_policy
calls=6 0 
0 7445
0 459
cfn=(7428)
calls=9 0 
0 8610
0 174

fn=(7382) quick_xml::reader::ns_reader::NsReader<R>::process_event'litchi_xlsx::calculation_properties::rewriter::inspect_layout'litchi_xlsx::calculation_properties::codec::inspect_with_policy'litchi_xlsx::raw::recalc::invalidate
0 525
cfn=(7428)
calls=6 0 
0 8039
0 459
cfn=(7428)
calls=9 0 
0 8610
0 174

fn=(8378) quick_xml::reader::ns_reader::NsReader<R>::process_event'litchi_xlsx::raw::catalog::parse_catalog'litchi_xlsx::workbook::model::Workbook::from_package_with_styles'litchi_xlsx::workbook::edit::semantic::transaction::Edit::commit
0 525
cfn=(2868) quick_xml::name::NamespaceResolver::push'quick_xml::reader::ns_reader::NsReader<R>::process_event'litchi_xlsx::raw::catalog::parse_catalog'litchi_xlsx::workbook::model::Workbook::from_package_with_styles
calls=6 0 
0 7568
0 459
cfn=(2868)
calls=9 0 
0 8610
0 174

fn=(2842)
0 179786832

fn=(4488)
0 25215552
cfn=(4490) quick_xml::events::attributes::IterState::next'quick_xml::name::NamespaceResolver::push'quick_xml::reader::ns_reader::NsReader<R>::process_event'litchi_xlsx::raw::worksheet::edit::codec::snapshot::scan::scan_with_limit
calls=787986 0 
0 76069332
0 1579056
cfn=(4490)
calls=394764 0 
0 12632448
0 15782970
cfn=(4492)
calls=6 0 
0 3410
0 12607812

fn=(4120)
0 50431104
cfn=(4122) quick_xml::events::attributes::IterState::next'quick_xml::name::NamespaceResolver::push'quick_xml::reader::ns_reader::NsReader<R>::process_event'litchi_xlsx::raw::worksheet::codec::<impl litchi_xlsx::raw::worksheet::model::Parser>::parse
calls=1838634 0 
0 152138664
0 3158112
cfn=(4122)
calls=921116 0 
0 25264896
0 31565940
cfn=(4124)
calls=14 0 
0 6597
0 25215624

fn=(5308)
0 25215552
cfn=(5310) quick_xml::events::attributes::IterState::next'quick_xml::name::NamespaceResolver::push'quick_xml::reader::ns_reader::NsReader<R>::process_event'litchi_xlsx::raw::compact::changed_worksheet
calls=787986 0 
0 76069332
0 1579056
cfn=(5310)
calls=394764 0 
0 12632448
0 15782970
cfn=(5312)
calls=6 0 
0 3657
0 12607812

fn=(7428)
0 960
cfn=(7430) quick_xml::events::attributes::IterState::next'quick_xml::name::NamespaceResolver::push'quick_xml::reader::ns_reader::NsReader<R>::process_event'litchi_xlsx::calculation_properties::rewriter::inspect_layout
calls=30 0 
0 6504
0 312
cfn=(7430)
calls=78 0 
0 13980
0 3132
cfn=(7432)
calls=12 0 
0 7264
0 552

fn=(2868)
0 480
cfn=(2872) quick_xml::events::attributes::IterState::next'quick_xml::name::NamespaceResolver::push'quick_xml::reader::ns_reader::NsReader<R>::process_event'litchi_xlsx::raw::catalog::parse_catalog
calls=30 0 
0 3252
0 156
cfn=(2872)
calls=78 0 
0 6990
0 1566
cfn=(2880)
calls=12 0 
0 3458
0 276

fn=(8720)
0 480
cfn=(7676) quick_xml::events::attributes::IterState::next'quick_xml::name::NamespaceResolver::push'quick_xml::reader::ns_reader::NsReader<R>::process_event'litchi_xlsx::calculation_properties::codec::inspect_with_policy
calls=15 0 
0 3252
0 156
cfn=(7676)
calls=39 0 
0 6990
0 1566
cfn=(7678)
calls=6 0 
0 3344
0 276

fn=(7674)
0 480
cfn=(7676)
calls=15 0 
0 3252
0 156
cfn=(7676)
calls=39 0 
0 6990
0 1566
cfn=(7678)
calls=6 0 
0 3794
0 276

fn=(3136) unicode_normalization::lookups::canonical_combining_class'unicode_normalization::decompose::Decompositions<I>::push_back'<unicode_normalization::decompose::Decompositions<I> as core::iter::traits::iterator::Iterator>::next'<alloc::string::String as core::iter::traits::collect::FromIterator<char>>::from_iter
0 3120

fn=(8416) hashbrown::raw::RawTableInner::fallible_with_capacity'litchi_xlsx::workbook::package::validate_sheet_graph'litchi_xlsx::workbook::model::Workbook::from_package_with_styles'litchi_xlsx::workbook::edit::semantic::transaction::Edit::commit
0 150
cfn=(3246) __rustc::__rust_no_alloc_shim_is_unstable_v2'hashbrown::raw::RawTableInner::fallible_with_capacity'litchi_xlsx::workbook::package::validate_sheet_graph'litchi_xlsx::workbook::model::Workbook::from_package_with_styles
calls=3 0 
0 3
0 9
cfn=(3248) __rustc::__rust_alloc'hashbrown::raw::RawTableInner::fallible_with_capacity'litchi_xlsx::workbook::package::validate_sheet_graph'litchi_xlsx::workbook::model::Workbook::from_package_with_styles
calls=3 0 
0 120
0 51
cob=(2)
cfi=(219)
cfn=(3252) __memset_avx2_unaligned_erms'hashbrown::raw::RawTableInner::fallible_with_capacity'litchi_xlsx::workbook::package::validate_sheet_graph'litchi_xlsx::workbook::model::Workbook::from_package_with_styles
calls=3 198 
0 33
0 36

fn=(3154)
0 150
cfn=(3156) __rustc::__rust_no_alloc_shim_is_unstable_v2'hashbrown::raw::RawTableInner::fallible_with_capacity'hashbrown::raw::RawTable<T,A>::reserve_rehash'hashbrown::map::HashMap<K,V,S,A>::insert
calls=6 0 
0 3
0 9
cfn=(3158) __rustc::__rust_alloc'hashbrown::raw::RawTableInner::fallible_with_capacity'hashbrown::raw::RawTable<T,A>::reserve_rehash'hashbrown::map::HashMap<K,V,S,A>::insert
calls=6 0 
0 120
0 51
cob=(2)
cfi=(219)
cfn=(3164) __memset_avx2_unaligned_erms'hashbrown::raw::RawTableInner::fallible_with_capacity'hashbrown::raw::RawTable<T,A>::reserve_rehash'hashbrown::map::HashMap<K,V,S,A>::insert
calls=6 198 
0 33
0 159
cfn=(3156)
calls=6 0 
0 3
0 9
cfn=(3158)
calls=6 0 
0 120
0 51
cob=(2)
cfi=(219)
cfn=(3164)
calls=6 198 
0 33
0 36

fn=(5578)
0 4596
cfn=(3156)
calls=112 0 
0 96
0 288
cfn=(3158)
calls=112 0 
0 13305
0 1632
cob=(2)
cfi=(219)
cfn=(3164)
calls=112 198 
0 2124
0 1152

fn=(7612)
0 246
cfn=(3156)
calls=6 0 
0 6
0 18
cfn=(3158)
calls=6 0 
0 240
0 102
cob=(2)
cfi=(219)
cfn=(3164)
calls=6 198 
0 66
0 72

fn=(3946)
0 150
cfn=(3948) __rustc::__rust_no_alloc_shim_is_unstable_v2'hashbrown::raw::RawTableInner::fallible_with_capacity'hashbrown::raw::RawTable<T,A>::reserve_rehash'litchi_xlsx::workbook::edit::semantic::transaction::validate_final_sheet_names
calls=3 0 
0 3
0 9
cfn=(3950) __rustc::__rust_alloc'hashbrown::raw::RawTableInner::fallible_with_capacity'hashbrown::raw::RawTable<T,A>::reserve_rehash'litchi_xlsx::workbook::edit::semantic::transaction::validate_final_sheet_names
calls=3 0 
0 120
0 51
cob=(2)
cfi=(219)
cfn=(3952) __memset_avx2_unaligned_erms'hashbrown::raw::RawTableInner::fallible_with_capacity'hashbrown::raw::RawTable<T,A>::reserve_rehash'litchi_xlsx::workbook::edit::semantic::transaction::validate_final_sheet_names
calls=3 198 
0 33
0 36

fn=(8490) hashbrown::raw::RawTableInner::fallible_with_capacity'litchi_xlsx::workbook::model::page_break_caches'litchi_xlsx::workbook::model::Workbook::from_package_with_styles'litchi_xlsx::workbook::edit::semantic::transaction::Edit::commit
0 150
cfn=(8492) __rustc::__rust_no_alloc_shim_is_unstable_v2'hashbrown::raw::RawTableInner::fallible_with_capacity'litchi_xlsx::workbook::model::page_break_caches'litchi_xlsx::workbook::model::Workbook::from_package_with_styles
calls=3 0 
0 3
0 9
cfn=(8494) __rustc::__rust_alloc'hashbrown::raw::RawTableInner::fallible_with_capacity'litchi_xlsx::workbook::model::page_break_caches'litchi_xlsx::workbook::model::Workbook::from_package_with_styles
calls=3 0 
0 120
0 51
cob=(2)
cfi=(219)
cfn=(8498) __memset_avx2_unaligned_erms'hashbrown::raw::RawTableInner::fallible_with_capacity'litchi_xlsx::workbook::model::page_break_caches'litchi_xlsx::workbook::model::Workbook::from_package_with_styles
calls=3 198 
0 33
0 36

fn=(14028) quick_xml::name::NamespaceResolver::set_level'litchi_xlsx::raw::compact::changed_worksheet'litchi_xlsx::workbook::edit::semantic::transaction::Edit::commit'litchi_perf_baseline::run_xlsx_update_commit
0 16547784

fn=(8644) quick_xml::name::NamespaceResolver::set_level'litchi_xlsx::calculation_properties::rewriter::inspect_layout'litchi_xlsx::calculation_properties::codec::inspect_with_policy'litchi_xlsx::calculation_properties::snapshot::Snapshot::load_with_limits
0 375

fn=(7518) quick_xml::name::NamespaceResolver::set_level'litchi_xlsx::calculation_properties::rewriter::inspect_layout'litchi_xlsx::calculation_properties::codec::inspect_with_policy'litchi_xlsx::raw::recalc::invalidate
0 375

fn=(8396) quick_xml::name::NamespaceResolver::set_level'litchi_xlsx::raw::catalog::parse_catalog'litchi_xlsx::workbook::model::Workbook::from_package_with_styles'litchi_xlsx::workbook::edit::semantic::transaction::Edit::commit
0 375

fn=(8738) quick_xml::name::NamespaceResolver::set_level'litchi_xlsx::calculation_properties::codec::inspect_with_policy'litchi_xlsx::calculation_properties::snapshot::Snapshot::load_with_limits'litchi_xlsx::workbook::model::Workbook::calculation_metadata
0 375

fn=(7706) quick_xml::name::NamespaceResolver::set_level'litchi_xlsx::calculation_properties::codec::inspect_with_policy'litchi_xlsx::raw::recalc::invalidate'litchi_xlsx::workbook::edit::semantic::transaction::Edit::commit
0 375

fn=(4674)
0 16547784

fn=(5514) quick_xml::name::NamespaceResolver::set_level'litchi_xlsx::raw::worksheet::codec::<impl litchi_xlsx::raw::worksheet::model::Parser>::parse'litchi_xlsx::raw::worksheet::parse'litchi_xlsx::workbook::edit::semantic::transaction::Edit::commit
0 16547784

fn=(4208) quick_xml::name::NamespaceResolver::set_level'litchi_xlsx::raw::worksheet::codec::<impl litchi_xlsx::raw::worksheet::model::Parser>::parse'litchi_xlsx::raw::worksheet::parse'litchi_xlsx::workbook::model::Worksheet::store
0 16547784

fn=(13528) <std::collections::hash::map::HashMap<K,V,S> as core::iter::traits::collect::FromIterator<(K,V)>>::from_iter'litchi_xlsx::workbook::edit::semantic::transaction::Edit::commit'litchi_perf_baseline::run_xlsx_update_commit'litchi_perf_baseline::run_case_with_config
0 144

fn=(14036) litchi_xlsx::raw::worksheet::parse'litchi_xlsx::workbook::edit::semantic::transaction::Edit::commit'litchi_perf_baseline::run_xlsx_update_commit'litchi_perf_baseline::run_case_with_config
0 84
cfn=(14038) litchi_xlsx::raw::worksheet::x14ac::may_contain_descent'litchi_xlsx::raw::worksheet::parse'litchi_xlsx::workbook::edit::semantic::transaction::Edit::commit'litchi_perf_baseline::run_xlsx_update_commit
calls=6 0 
0 5502723
0 108
cfn=(14040)
calls=6 0 
0 281653431
0 78
cfn=(14042) core::str::converts::from_utf8'litchi_xlsx::raw::worksheet::parse'litchi_xlsx::workbook::edit::semantic::transaction::Edit::commit'litchi_perf_baseline::run_xlsx_update_commit
calls=6 0 
0 5132922
0 84
cfn=(14044) litchi_xlsx::raw::worksheet::codec::<impl litchi_xlsx::raw::worksheet::model::Parser>::parse'litchi_xlsx::raw::worksheet::parse'litchi_xlsx::workbook::edit::semantic::transaction::Edit::commit'litchi_perf_baseline::run_xlsx_update_commit
calls=6 0 
0 2776827906
0 72
cob=(2)
cfi=(203)
cfn=(14046) __memcpy_avx_unaligned_erms'litchi_xlsx::raw::worksheet::parse'litchi_xlsx::workbook::edit::semantic::transaction::Edit::commit'litchi_perf_baseline::run_xlsx_update_commit
calls=6 255 
0 180
0 60

fn=(13582) litchi_xlsx::raw::worksheet::parse'litchi_xlsx::workbook::model::Worksheet::store'litchi_xlsx::workbook::edit::semantic::transaction::Edit::commit'litchi_perf_baseline::run_xlsx_update_commit
0 84
cfn=(4026) litchi_xlsx::raw::worksheet::x14ac::may_contain_descent'litchi_xlsx::raw::worksheet::parse'litchi_xlsx::workbook::model::Worksheet::store'litchi_xlsx::workbook::edit::semantic::transaction::Edit::commit
calls=6 0 
0 5502690
0 108
cfn=(4050)
calls=6 0 
0 281652848
0 78
cfn=(4072) core::str::converts::from_utf8'litchi_xlsx::raw::worksheet::parse'litchi_xlsx::workbook::model::Worksheet::store'litchi_xlsx::workbook::edit::semantic::transaction::Edit::commit
calls=6 0 
0 5132907
0 84
cfn=(4076) litchi_xlsx::raw::worksheet::codec::<impl litchi_xlsx::raw::worksheet::model::Parser>::parse'litchi_xlsx::raw::worksheet::parse'litchi_xlsx::workbook::model::Worksheet::store'litchi_xlsx::workbook::edit::semantic::transaction::Edit::commit
calls=6 0 
0 2778423787
0 72
cob=(2)
cfi=(203)
cfn=(4274) __memcpy_avx_unaligned_erms'litchi_xlsx::raw::worksheet::parse'litchi_xlsx::workbook::model::Worksheet::store'litchi_xlsx::workbook::edit::semantic::transaction::Edit::commit
calls=6 255 
0 180
0 60

fn=(14038)
0 114
cfn=(5476)
calls=6 0 
0 2964
0 78
cfn=(5478) memchr::memmem::searcher::searcher_kind_avx2'litchi_xlsx::raw::worksheet::x14ac::may_contain_descent'litchi_xlsx::raw::worksheet::parse'litchi_xlsx::workbook::edit::semantic::transaction::Edit::commit
calls=6 0 
0 5499495
0 72

fn=(4026)
0 114
cfn=(4030)
calls=6 0 
0 2964
0 78
cfn=(4044) memchr::memmem::searcher::searcher_kind_avx2'litchi_xlsx::raw::worksheet::x14ac::may_contain_descent'litchi_xlsx::raw::worksheet::parse'litchi_xlsx::workbook::model::Worksheet::store
calls=6 0 
0 5499462
0 72

fn=(5478)
0 126
cfn=(4048) memchr::arch::x86_64::avx2::packedpair::Finder::find_impl'memchr::memmem::searcher::searcher_kind_avx2'litchi_xlsx::raw::worksheet::x14ac::may_contain_descent'litchi_xlsx::raw::worksheet::parse
calls=6 0 
0 5499369

fn=(4044)
0 126
cfn=(4048)
calls=8 0 
0 5499336

fn=(14044)
0 162
cfn=(5494) <quick_xml::name::NamespaceResolver as core::default::Default>::default'litchi_xlsx::raw::worksheet::codec::<impl litchi_xlsx::raw::worksheet::model::Parser>::parse'litchi_xlsx::raw::worksheet::parse'litchi_xlsx::workbook::edit::semantic::transaction::Edit::commit
calls=6 0 
0 6464
0 378
cob=(2)
cfi=(203)
cfn=(5496) __memcpy_avx_unaligned_erms'litchi_xlsx::raw::worksheet::codec::<impl litchi_xlsx::raw::worksheet::model::Parser>::parse'litchi_xlsx::raw::worksheet::parse'litchi_xlsx::workbook::edit::semantic::transaction::Edit::commit
calls=6 255 
0 180
0 7878462
cfn=(5514)
calls=787986 0 
0 16547784
0 3151944
cfn=(5498) quick_xml::reader::Reader<R>::read_event_impl'litchi_xlsx::raw::worksheet::codec::<impl litchi_xlsx::raw::worksheet::model::Parser>::parse'litchi_xlsx::raw::worksheet::parse'litchi_xlsx::workbook::edit::semantic::transaction::Edit::commit
calls=787986 0 
0 315489071
0 3543624
cfn=(5498)
calls=1181208 0 
0 263828608
0 7876776
cfn=(5500)
calls=1969194 0 
0 226209740
0 51199044
cfn=(5502) quick_xml::name::NamespaceResolver::resolve_event'litchi_xlsx::raw::worksheet::codec::<impl litchi_xlsx::raw::worksheet::model::Parser>::parse'litchi_xlsx::raw::worksheet::parse'litchi_xlsx::workbook::edit::semantic::transaction::Edit::commit
calls=1969194 0 
0 227733072
0 29538024
cfn=(5510) litchi_xlsx::raw::worksheet::codec::<impl litchi_xlsx::raw::worksheet::model::Parser>::start'litchi_xlsx::raw::worksheet::codec::<impl litchi_xlsx::raw::worksheet::model::Parser>::parse'litchi_xlsx::raw::worksheet::parse'litchi_xlsx::workbook::edit::semantic::transaction::Edit::commit
calls=6 0 
0 10716
0 48
cfn=(5512) litchi_xlsx::raw::worksheet::codec::<impl litchi_xlsx::raw::worksheet::model::Parser>::finish'litchi_xlsx::raw::worksheet::codec::<impl litchi_xlsx::raw::worksheet::model::Parser>::parse'litchi_xlsx::raw::worksheet::parse'litchi_xlsx::workbook::edit::semantic::transaction::Edit::commit
calls=6 0 
0 162
0 21654690
cfn=(5510)
calls=787974 0 
0 954652282
0 23639310
cfn=(5512)
calls=787980 0 
0 139493694
0 3151950
cfn=(5504) quick_xml::name::QName::local_name'litchi_xlsx::raw::worksheet::codec::<impl litchi_xlsx::raw::worksheet::model::Parser>::parse'litchi_xlsx::raw::worksheet::parse'litchi_xlsx::workbook::edit::semantic::transaction::Edit::commit
calls=6 0 
0 588
0 198
cfn=(5504)
calls=6 0 
0 588
0 132
cob=(2)
cfi=(233)
cfn=(5506) __memcmp_avx2_movbe'litchi_xlsx::raw::worksheet::codec::<impl litchi_xlsx::raw::worksheet::model::Parser>::parse'litchi_xlsx::raw::worksheet::parse'litchi_xlsx::workbook::edit::semantic::transaction::Edit::commit
calls=6 73 
0 102
0 2363970
cob=(2)
cfi=(233)
cfn=(5506)
calls=6 73 
0 102
0 42
cfn=(5508) alloc::raw_vec::RawVec<T,A>::grow_one'litchi_xlsx::raw::worksheet::codec::<impl litchi_xlsx::raw::worksheet::model::Parser>::parse'litchi_xlsx::raw::worksheet::parse'litchi_xlsx::workbook::edit::semantic::transaction::Edit::commit
calls=6 0 
0 606
0 10231434
cfn=(5728) quick_xml::events::BytesRef::decode'litchi_xlsx::raw::worksheet::codec::<impl litchi_xlsx::raw::worksheet::model::Parser>::parse'litchi_xlsx::raw::worksheet::parse'litchi_xlsx::workbook::edit::semantic::transaction::Edit::commit
calls=393216 0 
0 46890078
0 3932160
cfn=(5736)
calls=393216 0 
0 72027701
0 8263842
cfn=(5784) core::ptr::drop_in_place<quick_xml::events::Event>'litchi_xlsx::raw::worksheet::codec::<impl litchi_xlsx::raw::worksheet::model::Parser>::parse'litchi_xlsx::raw::worksheet::parse'litchi_xlsx::workbook::edit::semantic::transaction::Edit::commit
calls=6 0 
0 24
0 54
cfn=(5786) litchi_xlsx::raw::worksheet::semantic::resolve_shared_formulas'litchi_xlsx::raw::worksheet::codec::<impl litchi_xlsx::raw::worksheet::model::Parser>::parse'litchi_xlsx::raw::worksheet::parse'litchi_xlsx::workbook::edit::semantic::transaction::Edit::commit
calls=6 0 
0 2752752
0 2752632
cfn=(5788) alloc::raw_vec::RawVecInner<A>::try_reserve'litchi_xlsx::raw::worksheet::codec::<impl litchi_xlsx::raw::worksheet::model::Parser>::parse'litchi_xlsx::raw::worksheet::parse'litchi_xlsx::workbook::edit::semantic::transaction::Edit::commit
calls=6 0 
0 3459
0 102
cfn=(5796)
calls=6 0 
0 144
0 3539148
cob=(2)
cfi=(203)
cfn=(5496)
calls=393216 255 
0 11796480
0 1966080
cfn=(5800) litchi_xlsx::raw::worksheet::semantic::materialize'litchi_xlsx::raw::worksheet::codec::<impl litchi_xlsx::raw::worksheet::model::Parser>::parse'litchi_xlsx::raw::worksheet::parse'litchi_xlsx::workbook::edit::semantic::transaction::Edit::commit
calls=393216 0 
0 244645456
0 16121856
cfn=(5848) alloc::vec::Vec<T,A>::push_mut'litchi_xlsx::raw::worksheet::codec::<impl litchi_xlsx::raw::worksheet::model::Parser>::parse'litchi_xlsx::raw::worksheet::parse'litchi_xlsx::workbook::edit::semantic::transaction::Edit::commit
calls=393216 0 
0 19267584
0 1572906
cfn=(5852) <alloc::vec::into_iter::IntoIter<T,A> as core::ops::drop::Drop>::drop'litchi_xlsx::raw::worksheet::codec::<impl litchi_xlsx::raw::worksheet::model::Parser>::parse'litchi_xlsx::raw::worksheet::parse'litchi_xlsx::workbook::edit::semantic::transaction::Edit::commit
calls=6 0 
0 940
0 150
cfn=(5860) litchi_xlsx::cell::Store::from_unsorted'litchi_xlsx::raw::worksheet::codec::<impl litchi_xlsx::raw::worksheet::model::Parser>::parse'litchi_xlsx::raw::worksheet::parse'litchi_xlsx::workbook::edit::semantic::transaction::Edit::commit
calls=6 0 
0 33086911
0 42
cfn=(5878)
calls=6 0 
0 210
0 12
cfn=(5880) <alloc::collections::btree::map::BTreeMap<K,V,A> as core::ops::drop::Drop>::drop'litchi_xlsx::raw::worksheet::codec::<impl litchi_xlsx::raw::worksheet::model::Parser>::parse'litchi_xlsx::raw::worksheet::parse'litchi_xlsx::workbook::edit::semantic::transaction::Edit::commit
calls=6 0 
0 108
0 12
cfn=(5882)
calls=6 0 
0 66
0 12
cfn=(5884) <hashbrown::raw::RawTable<T,A> as core::ops::drop::Drop>::drop'litchi_xlsx::raw::worksheet::codec::<impl litchi_xlsx::raw::worksheet::model::Parser>::parse'litchi_xlsx::raw::worksheet::parse'litchi_xlsx::workbook::edit::semantic::transaction::Edit::commit
calls=6 0 
0 828
0 12
cfn=(5890) core::ptr::drop_in_place<quick_xml::reader::ns_reader::NsReader<&[u8]>>'litchi_xlsx::raw::worksheet::codec::<impl litchi_xlsx::raw::worksheet::model::Parser>::parse'litchi_xlsx::raw::worksheet::parse'litchi_xlsx::workbook::edit::semantic::transaction::Edit::commit
calls=6 0 
0 2192
0 6

fn=(4076)
0 162
cfn=(4078) <quick_xml::name::NamespaceResolver as core::default::Default>::default'litchi_xlsx::raw::worksheet::codec::<impl litchi_xlsx::raw::worksheet::model::Parser>::parse'litchi_xlsx::raw::worksheet::parse'litchi_xlsx::workbook::model::Worksheet::store
calls=6 0 
0 7400
0 378
cob=(2)
cfi=(203)
cfn=(4088) __memcpy_avx_unaligned_erms'litchi_xlsx::raw::worksheet::codec::<impl litchi_xlsx::raw::worksheet::model::Parser>::parse'litchi_xlsx::raw::worksheet::parse'litchi_xlsx::workbook::model::Worksheet::store
calls=6 255 
0 180
0 7878462
cfn=(4208)
calls=787986 0 
0 16547784
0 3151944
cfn=(4090) quick_xml::reader::Reader<R>::read_event_impl'litchi_xlsx::raw::worksheet::codec::<impl litchi_xlsx::raw::worksheet::model::Parser>::parse'litchi_xlsx::raw::worksheet::parse'litchi_xlsx::workbook::model::Worksheet::store
calls=787986 0 
0 315488571
0 3543624
cfn=(4090)
calls=1181208 0 
0 263829078
0 7876776
cfn=(4104)
calls=1969194 0 
0 226209301
0 51199044
cfn=(4106) quick_xml::name::NamespaceResolver::resolve_event'litchi_xlsx::raw::worksheet::codec::<impl litchi_xlsx::raw::worksheet::model::Parser>::parse'litchi_xlsx::raw::worksheet::parse'litchi_xlsx::workbook::model::Worksheet::store
calls=1969194 0 
0 227733072
0 29538024
cfn=(4150) litchi_xlsx::raw::worksheet::codec::<impl litchi_xlsx::raw::worksheet::model::Parser>::start'litchi_xlsx::raw::worksheet::codec::<impl litchi_xlsx::raw::worksheet::model::Parser>::parse'litchi_xlsx::raw::worksheet::parse'litchi_xlsx::workbook::model::Worksheet::store
calls=6 0 
0 11119
0 48
cfn=(4206) litchi_xlsx::raw::worksheet::codec::<impl litchi_xlsx::raw::worksheet::model::Parser>::finish'litchi_xlsx::raw::worksheet::codec::<impl litchi_xlsx::raw::worksheet::model::Parser>::parse'litchi_xlsx::raw::worksheet::parse'litchi_xlsx::workbook::model::Worksheet::store
calls=6 0 
0 162
0 21654690
cfn=(4150)
calls=787974 0 
0 954776984
0 23639310
cfn=(4206)
calls=787980 0 
0 141376309
0 3151950
cfn=(4132) quick_xml::name::QName::local_name'litchi_xlsx::raw::worksheet::codec::<impl litchi_xlsx::raw::worksheet::model::Parser>::parse'litchi_xlsx::raw::worksheet::parse'litchi_xlsx::workbook::model::Worksheet::store
calls=6 0 
0 588
0 198
cfn=(4132)
calls=6 0 
0 588
0 132
cob=(2)
cfi=(233)
cfn=(4138) __memcmp_avx2_movbe'litchi_xlsx::raw::worksheet::codec::<impl litchi_xlsx::raw::worksheet::model::Parser>::parse'litchi_xlsx::raw::worksheet::parse'litchi_xlsx::workbook::model::Worksheet::store
calls=6 73 
0 102
0 2363970
cob=(2)
cfi=(233)
cfn=(4138)
calls=6 73 
0 102
0 42
cfn=(4140) alloc::raw_vec::RawVec<T,A>::grow_one'litchi_xlsx::raw::worksheet::codec::<impl litchi_xlsx::raw::worksheet::model::Parser>::parse'litchi_xlsx::raw::worksheet::parse'litchi_xlsx::workbook::model::Worksheet::store
calls=6 0 
0 1397
0 10231434
cfn=(12776) quick_xml::events::BytesRef::decode'litchi_xlsx::raw::worksheet::codec::<impl litchi_xlsx::raw::worksheet::model::Parser>::parse'litchi_xlsx::raw::worksheet::parse'litchi_xlsx::workbook::model::Worksheet::store
calls=393216 0 
0 46549593
0 3932160
cfn=(12778)
calls=393216 0 
0 72005336
0 8263842
cfn=(4216) core::ptr::drop_in_place<quick_xml::events::Event>'litchi_xlsx::raw::worksheet::codec::<impl litchi_xlsx::raw::worksheet::model::Parser>::parse'litchi_xlsx::raw::worksheet::parse'litchi_xlsx::workbook::model::Worksheet::store
calls=6 0 
0 24
0 54
cfn=(4220) litchi_xlsx::raw::worksheet::semantic::resolve_shared_formulas'litchi_xlsx::raw::worksheet::codec::<impl litchi_xlsx::raw::worksheet::model::Parser>::parse'litchi_xlsx::raw::worksheet::parse'litchi_xlsx::workbook::model::Worksheet::store
calls=6 0 
0 2752752
0 2752632
cfn=(4224) alloc::raw_vec::RawVecInner<A>::try_reserve'litchi_xlsx::raw::worksheet::codec::<impl litchi_xlsx::raw::worksheet::model::Parser>::parse'litchi_xlsx::raw::worksheet::parse'litchi_xlsx::workbook::model::Worksheet::store
calls=6 0 
0 2478
0 102
cfn=(4228)
calls=6 0 
0 144
0 3539148
cob=(2)
cfi=(203)
cfn=(4088)
calls=393216 255 
0 11796480
0 1966080
cfn=(12780) litchi_xlsx::raw::worksheet::semantic::materialize'litchi_xlsx::raw::worksheet::codec::<impl litchi_xlsx::raw::worksheet::model::Parser>::parse'litchi_xlsx::raw::worksheet::parse'litchi_xlsx::workbook::model::Worksheet::store
calls=393216 0 
0 244595986
0 16121856
cfn=(12782) alloc::vec::Vec<T,A>::push_mut'litchi_xlsx::raw::worksheet::codec::<impl litchi_xlsx::raw::worksheet::model::Parser>::parse'litchi_xlsx::raw::worksheet::parse'litchi_xlsx::workbook::model::Worksheet::store
calls=393216 0 
0 19267584
0 1572906
cfn=(4230) <alloc::vec::into_iter::IntoIter<T,A> as core::ops::drop::Drop>::drop'litchi_xlsx::raw::worksheet::codec::<impl litchi_xlsx::raw::worksheet::model::Parser>::parse'litchi_xlsx::raw::worksheet::parse'litchi_xlsx::workbook::model::Worksheet::store
calls=6 0 
0 954
0 150
cfn=(4234) litchi_xlsx::cell::Store::from_unsorted'litchi_xlsx::raw::worksheet::codec::<impl litchi_xlsx::raw::worksheet::model::Parser>::parse'litchi_xlsx::raw::worksheet::parse'litchi_xlsx::workbook::model::Worksheet::store
calls=6 0 
0 33087107
0 42
cfn=(4254)
calls=6 0 
0 210
0 12
cfn=(4260) <alloc::collections::btree::map::BTreeMap<K,V,A> as core::ops::drop::Drop>::drop'litchi_xlsx::raw::worksheet::codec::<impl litchi_xlsx::raw::worksheet::model::Parser>::parse'litchi_xlsx::raw::worksheet::parse'litchi_xlsx::workbook::model::Worksheet::store
calls=6 0 
0 108
0 12
cfn=(4264)
calls=6 0 
0 66
0 12
cfn=(4266) <hashbrown::raw::RawTable<T,A> as core::ops::drop::Drop>::drop'litchi_xlsx::raw::worksheet::codec::<impl litchi_xlsx::raw::worksheet::model::Parser>::parse'litchi_xlsx::raw::worksheet::parse'litchi_xlsx::workbook::model::Worksheet::store
calls=6 0 
0 828
0 12
cfn=(4268) core::ptr::drop_in_place<quick_xml::reader::ns_reader::NsReader<&[u8]>>'litchi_xlsx::raw::worksheet::codec::<impl litchi_xlsx::raw::worksheet::model::Parser>::parse'litchi_xlsx::raw::worksheet::parse'litchi_xlsx::workbook::model::Worksheet::store
calls=6 0 
0 2186
0 6

fn=(5788)
0 228
cfn=(5790) alloc::raw_vec::RawVecInner<A>::finish_grow'alloc::raw_vec::RawVecInner<A>::try_reserve'litchi_xlsx::raw::worksheet::codec::<impl litchi_xlsx::raw::worksheet::model::Parser>::parse'litchi_xlsx::raw::worksheet::parse
calls=6 0 
0 3165
0 66

fn=(4224)
0 228
cfn=(5790)
calls=10 0 
0 2184
0 66

fn=(14168) alloc::raw_vec::RawVecInner<A>::try_reserve'litchi_xlsx::workbook::edit::semantic::transaction::Edit::commit'litchi_perf_baseline::run_xlsx_update_commit'litchi_perf_baseline::run_case_with_config
0 39

fn=(13878) alloc::raw_vec::RawVecInner<A>::try_reserve'litchi_xlsx::raw::worksheet::edit::package::rewrite'litchi_xlsx::workbook::edit::semantic::transaction::Edit::commit'litchi_perf_baseline::run_xlsx_update_commit
0 228
cfn=(4842) alloc::raw_vec::RawVecInner<A>::finish_grow'alloc::raw_vec::RawVecInner<A>::try_reserve'litchi_xlsx::raw::worksheet::edit::package::rewrite'litchi_xlsx::workbook::edit::semantic::transaction::Edit::commit
calls=6 0 
0 2358
0 66

fn=(5752) alloc::raw_vec::RawVecInner<A>::try_reserve'litchi_xlsx::raw::worksheet::codec::<impl litchi_xlsx::raw::worksheet::model::Parser>::finish'litchi_xlsx::raw::worksheet::codec::<impl litchi_xlsx::raw::worksheet::model::Parser>::parse'litchi_xlsx::raw::worksheet::parse
0 10270152
cfn=(5754) alloc::raw_vec::RawVecInner<A>::finish_grow'alloc::raw_vec::RawVecInner<A>::try_reserve'litchi_xlsx::raw::worksheet::codec::<impl litchi_xlsx::raw::worksheet::model::Parser>::finish'litchi_xlsx::raw::worksheet::codec::<impl litchi_xlsx::raw::worksheet::model::Parser>::parse
calls=308 0 
0 32904898
0 2904

fn=(4706) litchi_xlsx::merge::build'litchi_xlsx::merge::Index::new'litchi_xlsx::raw::worksheet::edit::codec::snapshot::scan::Scanner::finish_layout'litchi_xlsx::raw::worksheet::edit::codec::snapshot::scan::scan_with_limit
0 150

fn=(4322) litchi_xlsx::merge::build'litchi_xlsx::merge::Index::new'litchi_xlsx::workbook::edit::model::project_merges'litchi_xlsx::workbook::edit::semantic::transaction::Edit::commit
0 150

fn=(4244) litchi_xlsx::merge::build'litchi_xlsx::merge::Index::new'litchi_xlsx::cell::Store::from_unsorted'litchi_xlsx::raw::worksheet::codec::<impl litchi_xlsx::raw::worksheet::model::Parser>::parse
0 300

fn=(4288) <std::sys::sync::once::futex::Once>::call'std::sync::once_lock::OnceLock<T>::initialize'litchi_xlsx::workbook::model::Worksheet::store'litchi_xlsx::workbook::edit::semantic::transaction::Edit::commit
0 216
cfn=(4292) std::sync::once::Once::call_once_force::{{closure}}'<std::sys::sync::once::futex::Once>::call'std::sync::once_lock::OnceLock<T>::initialize'litchi_xlsx::workbook::model::Worksheet::store
calls=6 0 
0 558
0 72

fn=(13616) litchi_xlsx::workbook::edit::model::State::read'litchi_xlsx::workbook::edit::semantic::transaction::Edit::commit'litchi_perf_baseline::run_xlsx_update_commit'litchi_perf_baseline::run_case_with_config
0 102258
cfn=(13618) <litchi_xlsx::cell::Cell as core::clone::Clone>::clone'litchi_xlsx::workbook::edit::model::State::read'litchi_xlsx::workbook::edit::semantic::transaction::Edit::commit'litchi_perf_baseline::run_xlsx_update_commit
calls=7866 0 
0 1546915
0 180918
cfn=(13620) core::ptr::drop_in_place<litchi_xlsx::workbook::edit::model::State>'litchi_xlsx::workbook::edit::model::State::read'litchi_xlsx::workbook::edit::semantic::transaction::Edit::commit'litchi_perf_baseline::run_xlsx_update_commit
calls=7866 0 
0 70794
0 39330

fn=(4724) core::ptr::drop_in_place<core::option::Option<litchi_xlsx::raw::worksheet::edit::codec::snapshot::scan::PendingDefaults>>'litchi_xlsx::raw::worksheet::edit::codec::snapshot::scan::Scanner::finish_layout'litchi_xlsx::raw::worksheet::edit::codec::snapshot::scan::scan_with_limit'litchi_xlsx::raw::worksheet::edit::package::rewrite
0 30

fn=(4978) alloc::collections::btree::map::entry::Entry<K,V,A>::or_default'litchi_xlsx::raw::worksheet::edit::codec::snapshot::write::sheet_data::write_sheet_data'litchi_xlsx::raw::worksheet::edit::package::rewrite'litchi_xlsx::workbook::edit::semantic::transaction::Edit::commit
0 75618
cfn=(4980) __rustc::__rust_no_alloc_shim_is_unstable_v2'alloc::collections::btree::map::entry::Entry<K,V,A>::or_default'litchi_xlsx::raw::worksheet::edit::codec::snapshot::write::sheet_data::write_sheet_data'litchi_xlsx::raw::worksheet::edit::package::rewrite
calls=6 0 
0 6
0 18
cfn=(4982) __rustc::__rust_alloc'alloc::collections::btree::map::entry::Entry<K,V,A>::or_default'litchi_xlsx::raw::worksheet::edit::codec::snapshot::write::sheet_data::write_sheet_data'litchi_xlsx::raw::worksheet::edit::package::rewrite
calls=6 0 
0 240
0 53274
cfn=(4980)
calls=210 0 
0 210
0 630
cfn=(4982)
calls=210 0 
0 54622
0 7350
cob=(2)
cfi=(203)
cfn=(5002) __memcpy_avx_unaligned_erms'alloc::collections::btree::map::entry::Entry<K,V,A>::or_default'litchi_xlsx::raw::worksheet::edit::codec::snapshot::write::sheet_data::write_sheet_data'litchi_xlsx::raw::worksheet::edit::package::rewrite
calls=210 255 
0 2310
0 1680
cob=(2)
cfi=(203)
cfn=(5002)
calls=210 255 
0 13618
0 30606
cfn=(4980)
calls=24 0 
0 24
0 72
cfn=(4982)
calls=24 0 
0 960
0 864
cob=(2)
cfi=(203)
cfn=(5002)
calls=24 255 
0 264
0 216
cob=(2)
cfi=(203)
cfn=(5002)
calls=24 255 
0 1552
0 672
cob=(2)
cfi=(203)
cfn=(5002)
calls=24 255 
0 288
0 3654
cfn=(4980)
calls=12 0 
0 12
0 36
cfn=(4982)
calls=12 0 
0 480
0 39942

fn=(5836) core::num::dec2flt::parse::parse_number'<f64 as core::str::traits::FromStr>::from_str'litchi_xlsx::cell::Number::validate_lexical'litchi_xlsx::cell::Number::new
0 84795990

fn=(14068) core::ptr::drop_in_place<litchi_xlsx::web::Bindings>'litchi_xlsx::workbook::edit::semantic::transaction::Edit::commit'litchi_perf_baseline::run_xlsx_update_commit'litchi_perf_baseline::run_case_with_config
0 114

fn=(14098) litchi_xlsx::chain::package::validate_package'litchi_xlsx::workbook::edit::codec::calculation_chain_removal'litchi_xlsx::workbook::edit::semantic::transaction::Edit::commit'litchi_perf_baseline::run_xlsx_update_commit
0 27
cfn=(6890) litchi_xlsx::chain::package::main_workbook_uri'litchi_xlsx::chain::package::validate_package'litchi_xlsx::workbook::edit::codec::calculation_chain_removal'litchi_xlsx::workbook::edit::semantic::transaction::Edit::commit
calls=3 0 
0 13770
0 33
cfn=(6930)
calls=3 0 
0 1428
0 54
cfn=(6946) litchi_xlsx::chain::package::validate_part_set'litchi_xlsx::chain::package::validate_package'litchi_xlsx::workbook::edit::codec::calculation_chain_removal'litchi_xlsx::workbook::edit::semantic::transaction::Edit::commit
calls=3 0 
0 582
0 30
cfn=(6954)
calls=3 0 
0 105
0 21

fn=(7504) litchi_xlsx::calculation_properties::rewriter::follows_calc_pr'litchi_xlsx::calculation_properties::rewriter::inspect_start'litchi_xlsx::calculation_properties::rewriter::inspect_layout'litchi_xlsx::calculation_properties::codec::inspect_with_policy
0 144

fn=(14150)
0 75
cfn=(14154)
calls=3 0 
0 249
0 87

fn=(14222) <alloc::vec::Vec<T,A> as core::clone::Clone>::clone'<litchi_opc::package::OpcPackage as core::clone::Clone>::clone'litchi_xlsx::workbook::edit::semantic::transaction::Edit::commit'litchi_perf_baseline::run_xlsx_update_commit
0 114

fn=(8866)
0 45
cfn=(8868) litchi_xlsx::calculation_properties::snapshot::copy_string'litchi_xlsx::calculation_properties::snapshot::SourceRelationship::capture'litchi_xlsx::calculation_properties::snapshot::Snapshot::load_with_limits'litchi_xlsx::workbook::model::Workbook::calculation_metadata
calls=3 0 
0 498
0 36
cfn=(8868)
calls=3 0 
0 531
0 42
cfn=(8868)
calls=3 0 
0 504
0 84

fn=(14340) litchi_xlsx::workbook::model::Workbook::adopt_validated_worksheet_stores'litchi_xlsx::workbook::edit::semantic::transaction::Edit::commit'litchi_perf_baseline::run_xlsx_update_commit'litchi_perf_baseline::run_case_with_config
0 99
cfn=(14342) <alloc::vec::into_iter::IntoIter<T,A> as core::ops::drop::Drop>::drop'litchi_xlsx::workbook::model::Workbook::adopt_validated_worksheet_stores'litchi_xlsx::workbook::edit::semantic::transaction::Edit::commit'litchi_perf_baseline::run_xlsx_update_commit
calls=3 0 
0 99
0 33

fn=(14200) <hashbrown::raw::RawTable<T,A> as core::clone::Clone>::clone'<litchi_opc::part::XmlPart as core::clone::Clone>::clone'<T as litchi_opc::part::PartClone>::clone_part'alloc::boxed::iter::<impl core::iter::traits::iterator::Iterator for alloc::boxed::Box<I,A>>::next
0 249
cfn=(14202) __rustc::__rust_no_alloc_shim_is_unstable_v2'<hashbrown::raw::RawTable<T,A> as core::clone::Clone>::clone'<litchi_opc::part::XmlPart as core::clone::Clone>::clone'<T as litchi_opc::part::PartClone>::clone_part
calls=3 0 
0 3
0 9
cfn=(14204) __rustc::__rust_alloc'<hashbrown::raw::RawTable<T,A> as core::clone::Clone>::clone'<litchi_opc::part::XmlPart as core::clone::Clone>::clone'<T as litchi_opc::part::PartClone>::clone_part
calls=3 0 
0 387
0 66
cob=(2)
cfi=(203)
cfn=(14210) __memcpy_avx_unaligned_erms'<hashbrown::raw::RawTable<T,A> as core::clone::Clone>::clone'<litchi_opc::part::XmlPart as core::clone::Clone>::clone'<T as litchi_opc::part::PartClone>::clone_part
calls=3 255 
0 33
0 450
cob=(2)
cfi=(203)
cfn=(14210)
calls=9 255 
0 270
0 144
cfn=(14212) <alloc::string::String as core::clone::Clone>::clone'<hashbrown::raw::RawTable<T,A> as core::clone::Clone>::clone'<litchi_opc::part::XmlPart as core::clone::Clone>::clone'<T as litchi_opc::part::PartClone>::clone_part
calls=9 0 
0 1736
0 36
cfn=(14212)
calls=9 0 
0 1693
0 27
cfn=(14212)
calls=9 0 
0 864
0 27
cfn=(14212)
calls=9 0 
0 1968
0 27
cfn=(14212)
calls=9 0 
0 1931
0 72
cfn=(14212)
calls=9 0 
0 2082
0 141

fn=(5346) core::str::converts::from_utf8'litchi_xlsx::raw::compact::write_start'litchi_xlsx::raw::compact::changed_worksheet'litchi_xlsx::workbook::edit::semantic::transaction::Edit::commit
0 29877612

fn=(5732) core::str::converts::from_utf8'quick_xml::encoding::Decoder::decode_cow'quick_xml::events::BytesRef::decode'litchi_xlsx::raw::worksheet::codec::<impl litchi_xlsx::raw::worksheet::model::Parser>::parse
0 69060279

fn=(5446) core::str::converts::from_utf8'quick_xml::encoding::Decoder::decode_cow'quick_xml::events::BytesRef::decode'litchi_xlsx::raw::web::check::Probe::observe
0 34700382

fn=(13852) core::str::converts::from_utf8'quick_xml::encoding::Decoder::decode_cow'quick_xml::events::BytesRef::decode'litchi_xlsx::raw::worksheet::edit::codec::snapshot::scan::scan_with_limit
0 34359897

fn=(4524) core::str::converts::from_utf8'litchi_xlsx::raw::worksheet::edit::codec::wire::tag'litchi_xlsx::raw::worksheet::edit::codec::snapshot::scan::scan_with_limit'litchi_xlsx::raw::worksheet::edit::package::rewrite
0 1494

fn=(4636) core::str::converts::from_utf8'litchi_xlsx::raw::worksheet::edit::codec::wire::tag'litchi_xlsx::raw::worksheet::edit::codec::snapshot::scan::Scanner::record_dimension'litchi_xlsx::raw::worksheet::edit::codec::snapshot::scan::scan_with_limit
0 972

fn=(13716) core::str::converts::from_utf8'litchi_xlsx::raw::worksheet::edit::codec::wire::tag'litchi_xlsx::raw::worksheet::edit::codec::snapshot::scan::Scanner::start_row'litchi_xlsx::raw::worksheet::edit::codec::snapshot::scan::scan_with_limit
0 150618

fn=(5710) core::str::converts::from_utf8'litchi_xlsx::raw::worksheet::validation::parse_a1'litchi_xlsx::raw::worksheet::codec::<impl litchi_xlsx::raw::worksheet::model::Parser>::start_cell'litchi_xlsx::raw::worksheet::codec::<impl litchi_xlsx::raw::worksheet::model::Parser>::start
0 42749952

fn=(13812) core::str::converts::from_utf8'litchi_xlsx::raw::worksheet::validation::parse_a1'litchi_xlsx::raw::worksheet::edit::codec::snapshot::scan::Scanner::cell_address'litchi_xlsx::raw::worksheet::edit::codec::snapshot::scan::Scanner::start_cell
0 21374976

fn=(13836)
0 28771734

fn=(8770)
0 1872

fn=(3040)
0 408

fn=(4546)
0 85404

fn=(5684)
0 57362280

fn=(2974)
0 29026080

fn=(14042)
0 5132922

fn=(4072)
0 5132907

fn=(14030) core::str::converts::from_utf8'litchi_xlsx::raw::compact::changed_worksheet'litchi_xlsx::workbook::edit::semantic::transaction::Edit::commit'litchi_perf_baseline::run_xlsx_update_commit
0 30092136

fn=(13830) core::str::converts::from_utf8'litchi_xlsx::raw::worksheet::edit::codec::wire::cell_tag'litchi_xlsx::raw::worksheet::edit::codec::snapshot::scan::Scanner::start_cell'litchi_xlsx::raw::worksheet::edit::codec::snapshot::scan::scan_with_limit
0 15110406

fn=(8366) core::str::converts::from_utf8'litchi_xlsx::raw::catalog::parse_catalog'litchi_xlsx::workbook::model::Workbook::from_package_with_styles'litchi_xlsx::workbook::edit::semantic::transaction::Edit::commit
0 699

fn=(2504)
0 774
cfn=(3276) <alloc::string::String as core::fmt::Write>::write_str'core::fmt::write'alloc::fmt::format::format_inner'litchi_opc::packuri::PackURI::from_rel_ref
calls=18 0 
0 396
0 576
cfn=(2508) <&T as core::fmt::Display>::fmt'core::fmt::write'alloc::fmt::format::format_inner'litchi_opc::packuri::PackURI::from_rel_ref
calls=60 0 
0 10387
0 360

fn=(2512) <str as core::fmt::Display>::fmt'<&T as core::fmt::Display>::fmt'core::fmt::write'alloc::fmt::format::format_inner
0 180
cfn=(2516) <core::fmt::Formatter>::pad'<str as core::fmt::Display>::fmt'<&T as core::fmt::Display>::fmt'core::fmt::write
calls=165 0 
0 10027

fn=(14016) memchr::arch::x86_64::memchr::memchr_raw::find_avx2'litchi_xlsx::raw::compact::changed_worksheet'litchi_xlsx::workbook::edit::semantic::transaction::Edit::commit'litchi_perf_baseline::run_xlsx_update_commit
0 10243740
cfn=(5316) memchr::arch::x86_64::avx2::memchr::One::find_raw'memchr::arch::x86_64::memchr::memchr_raw::find_avx2'litchi_xlsx::raw::compact::changed_worksheet'litchi_xlsx::workbook::edit::semantic::transaction::Edit::commit
calls=787980 0 
0 18139380
0 2363940

fn=(7458) memchr::arch::x86_64::memchr::memchr_raw::find_avx2'litchi_xlsx::calculation_properties::rewriter::inspect_start'litchi_xlsx::calculation_properties::rewriter::inspect_layout'litchi_xlsx::calculation_properties::codec::inspect_with_policy
0 390
cfn=(7460) memchr::arch::x86_64::avx2::memchr::One::find_raw'memchr::arch::x86_64::memchr::memchr_raw::find_avx2'litchi_xlsx::calculation_properties::rewriter::inspect_start'litchi_xlsx::calculation_properties::rewriter::inspect_layout
calls=30 0 
0 1440
0 90

fn=(4466) memchr::arch::x86_64::memchr::memchr_raw::find_avx2'quick_xml::reader::Reader<R>::read_event_impl'litchi_xlsx::raw::worksheet::edit::codec::snapshot::scan::scan_with_limit'litchi_xlsx::raw::worksheet::edit::package::rewrite
0 78
cfn=(4468) memchr::arch::x86_64::avx2::memchr::One::find_raw'memchr::arch::x86_64::memchr::memchr_raw::find_avx2'quick_xml::reader::Reader<R>::read_event_impl'litchi_xlsx::raw::worksheet::edit::codec::snapshot::scan::scan_with_limit
calls=6 0 
0 356
0 18

fn=(4096) memchr::arch::x86_64::memchr::memchr_raw::find_avx2'quick_xml::reader::Reader<R>::read_event_impl'litchi_xlsx::raw::worksheet::codec::<impl litchi_xlsx::raw::worksheet::model::Parser>::parse'litchi_xlsx::raw::worksheet::parse
0 156
cfn=(4098) memchr::arch::x86_64::avx2::memchr::One::find_raw'memchr::arch::x86_64::memchr::memchr_raw::find_avx2'quick_xml::reader::Reader<R>::read_event_impl'litchi_xlsx::raw::worksheet::codec::<impl litchi_xlsx::raw::worksheet::model::Parser>::parse
calls=14 0 
0 710
0 36

fn=(5278) memchr::arch::x86_64::memchr::memchr_raw::find_avx2'quick_xml::reader::Reader<R>::read_event_impl'litchi_xlsx::raw::compact::changed_worksheet'litchi_xlsx::workbook::edit::semantic::transaction::Edit::commit
0 78
cfn=(5280) memchr::arch::x86_64::avx2::memchr::One::find_raw'memchr::arch::x86_64::memchr::memchr_raw::find_avx2'quick_xml::reader::Reader<R>::read_event_impl'litchi_xlsx::raw::compact::changed_worksheet
calls=6 0 
0 358
0 18

fn=(7376) memchr::arch::x86_64::memchr::memchr_raw::find_avx2'quick_xml::reader::Reader<R>::read_event_impl'litchi_xlsx::calculation_properties::rewriter::inspect_layout'litchi_xlsx::calculation_properties::codec::inspect_with_policy
0 78
cfn=(7378) memchr::arch::x86_64::avx2::memchr::One::find_raw'memchr::arch::x86_64::memchr::memchr_raw::find_avx2'quick_xml::reader::Reader<R>::read_event_impl'litchi_xlsx::calculation_properties::rewriter::inspect_layout
calls=6 0 
0 358
0 18

fn=(8376) memchr::arch::x86_64::memchr::memchr_raw::find_avx2'quick_xml::reader::Reader<R>::read_event_impl'litchi_xlsx::raw::catalog::parse_catalog'litchi_xlsx::workbook::model::Workbook::from_package_with_styles
0 39
cfn=(7004) memchr::arch::x86_64::avx2::memchr::One::find_raw'memchr::arch::x86_64::memchr::memchr_raw::find_avx2'quick_xml::reader::Reader<R>::read_event_impl'litchi_xlsx::raw::catalog::parse_catalog
calls=6 0 
0 178
0 9

fn=(8694) memchr::arch::x86_64::memchr::memchr_raw::find_avx2'quick_xml::reader::Reader<R>::read_event_impl'litchi_xlsx::calculation_properties::codec::inspect_with_policy'litchi_xlsx::calculation_properties::snapshot::Snapshot::load_with_limits
0 39
cfn=(7636) memchr::arch::x86_64::avx2::memchr::One::find_raw'memchr::arch::x86_64::memchr::memchr_raw::find_avx2'quick_xml::reader::Reader<R>::read_event_impl'litchi_xlsx::calculation_properties::codec::inspect_with_policy
calls=3 0 
0 178
0 9

fn=(7634) memchr::arch::x86_64::memchr::memchr_raw::find_avx2'quick_xml::reader::Reader<R>::read_event_impl'litchi_xlsx::calculation_properties::codec::inspect_with_policy'litchi_xlsx::raw::recalc::invalidate
0 39
cfn=(7636)
calls=3 0 
0 180
0 9

fn=(4496) memchr::arch::x86_64::memchr::memchr_raw::find_avx2'quick_xml::name::NamespaceResolver::resolve_event'litchi_xlsx::raw::worksheet::edit::codec::snapshot::scan::scan_with_limit'litchi_xlsx::raw::worksheet::edit::package::rewrite
0 20487558
cfn=(4498) memchr::arch::x86_64::avx2::memchr::One::find_raw'memchr::arch::x86_64::memchr::memchr_raw::find_avx2'quick_xml::name::NamespaceResolver::resolve_event'litchi_xlsx::raw::worksheet::edit::codec::snapshot::scan::scan_with_limit
calls=1575966 0 
0 36279138
0 4727898

fn=(4126) memchr::arch::x86_64::memchr::memchr_raw::find_avx2'quick_xml::name::NamespaceResolver::resolve_event'litchi_xlsx::raw::worksheet::codec::<impl litchi_xlsx::raw::worksheet::model::Parser>::parse'litchi_xlsx::raw::worksheet::parse
0 40975116
cfn=(4128) memchr::arch::x86_64::avx2::memchr::One::find_raw'memchr::arch::x86_64::memchr::memchr_raw::find_avx2'quick_xml::name::NamespaceResolver::resolve_event'litchi_xlsx::raw::worksheet::codec::<impl litchi_xlsx::raw::worksheet::model::Parser>::parse
calls=3677254 0 
0 72558276
0 9455796

fn=(7434) memchr::arch::x86_64::memchr::memchr_raw::find_avx2'quick_xml::name::NamespaceResolver::resolve_event'litchi_xlsx::calculation_properties::rewriter::inspect_layout'litchi_xlsx::calculation_properties::codec::inspect_with_policy
0 546
cfn=(7436) memchr::arch::x86_64::avx2::memchr::One::find_raw'memchr::arch::x86_64::memchr::memchr_raw::find_avx2'quick_xml::name::NamespaceResolver::resolve_event'litchi_xlsx::calculation_properties::rewriter::inspect_layout
calls=42 0 
0 2076
0 126

fn=(2890) memchr::arch::x86_64::memchr::memchr_raw::find_avx2'quick_xml::name::NamespaceResolver::resolve_event'litchi_xlsx::raw::catalog::parse_catalog'litchi_xlsx::workbook::model::Workbook::from_package_with_styles
0 273
cfn=(2892) memchr::arch::x86_64::avx2::memchr::One::find_raw'memchr::arch::x86_64::memchr::memchr_raw::find_avx2'quick_xml::name::NamespaceResolver::resolve_event'litchi_xlsx::raw::catalog::parse_catalog
calls=42 0 
0 1038
0 63

fn=(8722) memchr::arch::x86_64::memchr::memchr_raw::find_avx2'quick_xml::name::NamespaceResolver::resolve_event'litchi_xlsx::calculation_properties::codec::inspect_with_policy'litchi_xlsx::calculation_properties::snapshot::Snapshot::load_with_limits
0 273
cfn=(7682) memchr::arch::x86_64::avx2::memchr::One::find_raw'memchr::arch::x86_64::memchr::memchr_raw::find_avx2'quick_xml::name::NamespaceResolver::resolve_event'litchi_xlsx::calculation_properties::codec::inspect_with_policy
calls=21 0 
0 1038
0 63

fn=(7680) memchr::arch::x86_64::memchr::memchr_raw::find_avx2'quick_xml::name::NamespaceResolver::resolve_event'litchi_xlsx::calculation_properties::codec::inspect_with_policy'litchi_xlsx::raw::recalc::invalidate
0 273
cfn=(7682)
calls=21 0 
0 1038
0 63

fn=(2902) memchr::arch::x86_64::memchr::memchr_raw::find_avx2'quick_xml::name::QName::local_name'litchi_xlsx::raw::catalog::parse_catalog'litchi_xlsx::workbook::model::Workbook::from_package_with_styles
0 234
cfn=(2904) memchr::arch::x86_64::avx2::memchr::One::find_raw'memchr::arch::x86_64::memchr::memchr_raw::find_avx2'quick_xml::name::QName::local_name'litchi_xlsx::raw::catalog::parse_catalog
calls=36 0 
0 924
0 54

fn=(2924) memchr::arch::x86_64::memchr::memchr_raw::find_avx2'quick_xml::name::QName::local_name'litchi_xlsx::raw::catalog::WorkbookInfo::process_element'litchi_xlsx::raw::catalog::parse_catalog
0 156
cfn=(2926) memchr::arch::x86_64::avx2::memchr::One::find_raw'memchr::arch::x86_64::memchr::memchr_raw::find_avx2'quick_xml::name::QName::local_name'litchi_xlsx::raw::catalog::WorkbookInfo::process_element
calls=24 0 
0 546
0 36

fn=(5672) memchr::arch::x86_64::memchr::memchr_raw::find_avx2'quick_xml::name::QName::local_name'litchi_xlsx::raw::worksheet::codec::scan_cell_attributes'litchi_xlsx::raw::worksheet::codec::<impl litchi_xlsx::raw::worksheet::model::Parser>::start_cell
0 10223616
cfn=(5674) memchr::arch::x86_64::avx2::memchr::One::find_raw'memchr::arch::x86_64::memchr::memchr_raw::find_avx2'quick_xml::name::QName::local_name'litchi_xlsx::raw::worksheet::codec::scan_cell_attributes
calls=917504 0 
0 18087936
0 2359296

fn=(4154) memchr::arch::x86_64::memchr::memchr_raw::find_avx2'quick_xml::name::QName::local_name'litchi_xlsx::raw::worksheet::codec::<impl litchi_xlsx::raw::worksheet::model::Parser>::start'litchi_xlsx::raw::worksheet::codec::<impl litchi_xlsx::raw::worksheet::model::Parser>::parse
0 40975116
cfn=(4156) memchr::arch::x86_64::avx2::memchr::One::find_raw'memchr::arch::x86_64::memchr::memchr_raw::find_avx2'quick_xml::name::QName::local_name'litchi_xlsx::raw::worksheet::codec::<impl litchi_xlsx::raw::worksheet::model::Parser>::start
calls=3677254 0 
0 72558276
0 9455796

fn=(3018) memchr::arch::x86_64::memchr::memchr_raw::find_avx2'quick_xml::name::QName::local_name'litchi_ooxml_common::relationships::codec::attribute_value'litchi_xlsx::raw::catalog::WorkbookInfo::process_element
0 234
cfn=(3020) memchr::arch::x86_64::avx2::memchr::One::find_raw'memchr::arch::x86_64::memchr::memchr_raw::find_avx2'quick_xml::name::QName::local_name'litchi_ooxml_common::relationships::codec::attribute_value
calls=36 0 
0 696
0 54

fn=(3082) memchr::arch::x86_64::memchr::memchr_raw::find_avx2'quick_xml::name::QName::local_name'litchi_ooxml_common::xml::unqualified_attribute_value'litchi_xlsx::raw::catalog::optional_u32
0 156
cfn=(2962) memchr::arch::x86_64::avx2::memchr::One::find_raw'memchr::arch::x86_64::memchr::memchr_raw::find_avx2'quick_xml::name::QName::local_name'litchi_ooxml_common::xml::unqualified_attribute_value
calls=24 0 
0 546
0 36

fn=(5596) memchr::arch::x86_64::memchr::memchr_raw::find_avx2'quick_xml::name::QName::local_name'litchi_ooxml_common::xml::unqualified_attribute_value'litchi_xlsx::raw::worksheet::validation::optional_f64
0 39936
cfn=(2962)
calls=3584 0 
0 70656
0 9216

fn=(5642) memchr::arch::x86_64::memchr::memchr_raw::find_avx2'quick_xml::name::QName::local_name'litchi_ooxml_common::xml::unqualified_attribute_value'litchi_xlsx::raw::worksheet::validation::optional_bool
0 279552
cfn=(2962)
calls=25088 0 
0 494592
0 64512

fn=(4610) memchr::arch::x86_64::memchr::memchr_raw::find_avx2'quick_xml::name::QName::local_name'litchi_ooxml_common::xml::unqualified_attribute_value'litchi_xlsx::raw::worksheet::edit::codec::snapshot::scan::Scanner::record_dimension
0 78
cfn=(2962)
calls=6 0 
0 198
0 18

fn=(2960) memchr::arch::x86_64::memchr::memchr_raw::find_avx2'quick_xml::name::QName::local_name'litchi_ooxml_common::xml::unqualified_attribute_value'litchi_xlsx::raw::catalog::WorkbookInfo::process_element
0 312
cfn=(2962)
calls=48 0 
0 1092
0 72

fn=(4172) memchr::arch::x86_64::memchr::memchr_raw::find_avx2'quick_xml::name::QName::local_name'litchi_ooxml_common::xml::unqualified_attribute_value'litchi_xlsx::raw::worksheet::codec::<impl litchi_xlsx::raw::worksheet::model::Parser>::start
0 156
cfn=(2962)
calls=14 0 
0 396
0 36

fn=(5540) memchr::arch::x86_64::memchr::memchr_raw::find_avx2'quick_xml::name::QName::local_name'litchi_ooxml_common::xml::unqualified_attribute_value'litchi_xlsx::raw::worksheet::codec::<impl litchi_xlsx::raw::worksheet::model::Parser>::start_row
0 39936
cfn=(2962)
calls=3584 0 
0 70656
0 9216

fn=(5618) memchr::arch::x86_64::memchr::memchr_raw::find_avx2'quick_xml::name::QName::local_name'litchi_ooxml_common::xml::unqualified_attribute_value'litchi_xlsx::raw::worksheet::validation::optional_u32
0 79872
cfn=(2962)
calls=7168 0 
0 141312
0 18432

fn=(13686) memchr::arch::x86_64::memchr::memchr_raw::find_avx2'quick_xml::name::QName::local_name'litchi_ooxml_common::xml::unqualified_attribute_value'litchi_xlsx::raw::worksheet::edit::codec::snapshot::scan::Scanner::row_position
0 19968
cfn=(2962)
calls=1536 0 
0 35328
0 4608

fn=(13790) memchr::arch::x86_64::memchr::memchr_raw::find_avx2'quick_xml::name::QName::local_name'litchi_ooxml_common::xml::unqualified_attribute_value'litchi_xlsx::raw::worksheet::edit::codec::snapshot::scan::Scanner::cell_address
0 5111808
cfn=(2962)
calls=393216 0 
0 9043968
0 1179648

fn=(4508) memchr::arch::x86_64::memchr::memchr_raw::find_avx2'quick_xml::name::QName::local_name'litchi_xlsx::raw::worksheet::edit::codec::snapshot::scan::Scanner::scan_guard'litchi_xlsx::raw::worksheet::edit::codec::snapshot::scan::scan_with_limit
0 30731454
cfn=(4510) memchr::arch::x86_64::avx2::memchr::One::find_raw'memchr::arch::x86_64::memchr::memchr_raw::find_avx2'quick_xml::name::QName::local_name'litchi_xlsx::raw::worksheet::edit::codec::snapshot::scan::Scanner::scan_guard
calls=2363958 0 
0 54419274
0 7091874

fn=(4514) memchr::arch::x86_64::memchr::memchr_raw::find_avx2'quick_xml::name::QName::local_name'litchi_xlsx::raw::worksheet::edit::codec::snapshot::scan::scan_with_limit'litchi_xlsx::raw::worksheet::edit::package::rewrite
0 46066722
cfn=(4516) memchr::arch::x86_64::avx2::memchr::One::find_raw'memchr::arch::x86_64::memchr::memchr_raw::find_avx2'quick_xml::name::QName::local_name'litchi_xlsx::raw::worksheet::edit::codec::snapshot::scan::scan_with_limit
calls=3543594 0 
0 81550422
0 10630782

fn=(5520) memchr::arch::x86_64::memchr::memchr_raw::find_avx2'quick_xml::name::QName::local_name'litchi_xlsx::raw::namespace::is_spreadsheetml_name'litchi_xlsx::raw::worksheet::codec::<impl litchi_xlsx::raw::worksheet::model::Parser>::start
0 30710784
cfn=(4590) memchr::arch::x86_64::avx2::memchr::One::find_raw'memchr::arch::x86_64::memchr::memchr_raw::find_avx2'quick_xml::name::QName::local_name'litchi_xlsx::raw::namespace::is_spreadsheetml_name
calls=2756096 0 
0 54365184
0 7087104

fn=(4588) memchr::arch::x86_64::memchr::memchr_raw::find_avx2'quick_xml::name::QName::local_name'litchi_xlsx::raw::namespace::is_spreadsheetml_name'litchi_xlsx::raw::worksheet::edit::codec::snapshot::scan::scan_with_limit
0 10243896
cfn=(4590)
calls=787992 0 
0 18140136
0 2363976

fn=(8022) memchr::arch::x86_64::memchr::memchr_raw::find_avx2'quick_xml::name::QName::local_name'litchi_xlsx::raw::namespace::is_spreadsheetml_name'litchi_xlsx::raw::catalog::parse_catalog
0 78
cfn=(4590)
calls=12 0 
0 288
0 18

fn=(4134) memchr::arch::x86_64::memchr::memchr_raw::find_avx2'quick_xml::name::QName::local_name'litchi_xlsx::raw::worksheet::codec::<impl litchi_xlsx::raw::worksheet::model::Parser>::parse'litchi_xlsx::raw::worksheet::parse
0 312
cfn=(4136) memchr::arch::x86_64::avx2::memchr::One::find_raw'memchr::arch::x86_64::memchr::memchr_raw::find_avx2'quick_xml::name::QName::local_name'litchi_xlsx::raw::worksheet::codec::<impl litchi_xlsx::raw::worksheet::model::Parser>::parse
calls=28 0 
0 1512
0 72

fn=(7464) memchr::arch::x86_64::memchr::memchr_raw::find_avx2'quick_xml::name::QName::local_name'litchi_xlsx::calculation_properties::rewriter::inspect_start'litchi_xlsx::calculation_properties::rewriter::inspect_layout
0 390
cfn=(7466) memchr::arch::x86_64::avx2::memchr::One::find_raw'memchr::arch::x86_64::memchr::memchr_raw::find_avx2'quick_xml::name::QName::local_name'litchi_xlsx::calculation_properties::rewriter::inspect_start
calls=30 0 
0 1440
0 90

fn=(7452) memchr::arch::x86_64::memchr::memchr_raw::find_avx2'quick_xml::name::QName::decompose'litchi_xlsx::calculation_properties::rewriter::inspect_start'litchi_xlsx::calculation_properties::rewriter::inspect_layout
0 1248
cfn=(7454) memchr::arch::x86_64::avx2::memchr::One::find_raw'memchr::arch::x86_64::memchr::memchr_raw::find_avx2'quick_xml::name::QName::decompose'litchi_xlsx::calculation_properties::rewriter::inspect_start
calls=96 0 
0 5052
0 288

fn=(5424) memchr::arch::x86_64::memchr::memchr_raw::find_avx2'quick_xml::name::QName::decompose'litchi_xlsx::raw::web::check::classify_name'litchi_xlsx::raw::web::check::Probe::observe_start
0 10243818
cfn=(5426) memchr::arch::x86_64::avx2::memchr::One::find_raw'memchr::arch::x86_64::memchr::memchr_raw::find_avx2'quick_xml::name::QName::decompose'litchi_xlsx::raw::web::check::classify_name
calls=787986 0 
0 18139758
0 2363958

fn=(5458) memchr::arch::x86_64::memchr::memchr_raw::find_avx2'quick_xml::name::QName::decompose'litchi_xlsx::raw::web::check::classify_name'litchi_xlsx::raw::web::check::Probe::observe
0 10243740
cfn=(5426)
calls=787980 0 
0 18139380
0 2363940

fn=(8760) memchr::arch::x86_64::memchr::memchr_raw::find_avx2'quick_xml::name::QName::decompose'litchi_xlsx::calculation_properties::codec::parse_calc_attributes'litchi_xlsx::calculation_properties::codec::inspect_with_policy
0 390
cfn=(8762) memchr::arch::x86_64::avx2::memchr::One::find_raw'memchr::arch::x86_64::memchr::memchr_raw::find_avx2'quick_xml::name::QName::decompose'litchi_xlsx::calculation_properties::codec::parse_calc_attributes
calls=30 0 
0 2220
0 90

fn=(13758) memchr::arch::x86_64::memchr::memchr_raw::find_avx2'quick_xml::name::QName::decompose'litchi_xlsx::raw::worksheet::x14ac::attribute_name'litchi_xlsx::raw::worksheet::edit::codec::snapshot::scan::Scanner::start_row
0 19968
cfn=(13760) memchr::arch::x86_64::avx2::memchr::One::find_raw'memchr::arch::x86_64::memchr::memchr_raw::find_avx2'quick_xml::name::QName::decompose'litchi_xlsx::raw::worksheet::x14ac::attribute_name
calls=1536 0 
0 35328
0 4608

fn=(3028) memchr::arch::x86_64::memchr::memchr_raw::find_avx2'quick_xml::name::QName::decompose'litchi_ooxml_common::relationships::codec::attribute_value'litchi_xlsx::raw::catalog::WorkbookInfo::process_element
0 78
cfn=(3030) memchr::arch::x86_64::avx2::memchr::One::find_raw'memchr::arch::x86_64::memchr::memchr_raw::find_avx2'quick_xml::name::QName::decompose'litchi_ooxml_common::relationships::codec::attribute_value
calls=12 0 
0 150
0 18

fn=(8730) memchr::arch::x86_64::memchr::memchr_raw::find_avx2'litchi_xlsx::calculation_properties::codec::inspect_with_policy'litchi_xlsx::calculation_properties::snapshot::Snapshot::load_with_limits'litchi_xlsx::workbook::model::Workbook::calculation_metadata
0 195
cfn=(8732) memchr::arch::x86_64::avx2::memchr::One::find_raw'memchr::arch::x86_64::memchr::memchr_raw::find_avx2'litchi_xlsx::calculation_properties::codec::inspect_with_policy'litchi_xlsx::calculation_properties::snapshot::Snapshot::load_with_limits
calls=15 0 
0 720
0 45

fn=(7696) memchr::arch::x86_64::memchr::memchr_raw::find_avx2'litchi_xlsx::calculation_properties::codec::inspect_with_policy'litchi_xlsx::raw::recalc::invalidate'litchi_xlsx::workbook::edit::semantic::transaction::Edit::commit
0 195
cfn=(7698) memchr::arch::x86_64::avx2::memchr::One::find_raw'memchr::arch::x86_64::memchr::memchr_raw::find_avx2'litchi_xlsx::calculation_properties::codec::inspect_with_policy'litchi_xlsx::raw::recalc::invalidate
calls=15 0 
0 720
0 45

fn=(5666)
0 10223616
cfn=(5668) memchr::arch::x86_64::avx2::memchr::One::find_raw'memchr::arch::x86_64::memchr::memchr_raw::find_avx2'quick_xml::name::QName::prefix'litchi_xlsx::raw::worksheet::codec::scan_cell_attributes
calls=917504 0 
0 18087936
0 2359296

fn=(3078)
0 234
cfn=(2956) memchr::arch::x86_64::avx2::memchr::One::find_raw'memchr::arch::x86_64::memchr::memchr_raw::find_avx2'quick_xml::name::QName::prefix'litchi_ooxml_common::xml::unqualified_attribute_value
calls=36 0 
0 696
0 54

fn=(5592)
0 39936
cfn=(2956)
calls=3584 0 
0 70656
0 9216

fn=(5638)
0 279552
cfn=(2956)
calls=25088 0 
0 494592
0 64512

fn=(4606)
0 78
cfn=(2956)
calls=6 0 
0 198
0 18

fn=(2954)
0 468
cfn=(2956)
calls=72 0 
0 1392
0 108

fn=(4168)
0 156
cfn=(2956)
calls=14 0 
0 396
0 36

fn=(5536)
0 39936
cfn=(2956)
calls=3584 0 
0 70656
0 9216

fn=(5614)
0 79872
cfn=(2956)
calls=7168 0 
0 141312
0 18432

fn=(13682)
0 19968
cfn=(2956)
calls=1536 0 
0 35328
0 4608

fn=(13786)
0 5111808
cfn=(2956)
calls=393216 0 
0 9043968
0 1179648

fn=(3064) litchi_xlsx::raw::catalog::required_u32'litchi_xlsx::raw::catalog::WorkbookInfo::process_element'litchi_xlsx::raw::catalog::parse_catalog'litchi_xlsx::workbook::model::Workbook::from_package_with_styles
0 66
cfn=(3068)
calls=12 0 
0 12642
0 66

fn=(3128) <unicode_normalization::decompose::Decompositions<I> as core::iter::traits::iterator::Iterator>::next'<alloc::string::String as core::iter::traits::collect::FromIterator<char>>::from_iter'litchi_xlsx::sheet::key'litchi_xlsx::raw::catalog::WorkbookInfo::process_element
0 1566
cfn=(3132) unicode_normalization::decompose::Decompositions<I>::push_back'<unicode_normalization::decompose::Decompositions<I> as core::iter::traits::iterator::Iterator>::next'<alloc::string::String as core::iter::traits::collect::FromIterator<char>>::from_iter'litchi_xlsx::sheet::key
calls=78 0 
0 2496
0 756
cfn=(3132)
calls=78 0 
0 2496
0 5046

fn=(3420) <unicode_normalization::decompose::Decompositions<I> as core::iter::traits::iterator::Iterator>::next'<alloc::string::String as core::iter::traits::collect::FromIterator<char>>::from_iter'litchi_xlsx::sheet::key'<core::iter::adapters::map::Map<I,F> as core::iter::traits::iterator::Iterator>::try_fold
0 1566
cfn=(3132)
calls=78 0 
0 2496
0 756
cfn=(3132)
calls=78 0 
0 2496
0 5046

fn=(3132)
0 702
cfn=(3136)
calls=25732 0 
0 1560
0 3432
cfn=(3136)
calls=25732 0 
0 1560
0 2730

fn=(5448) quick_xml::reader::state::ReaderState::emit_end'quick_xml::reader::Reader<R>::read_event_impl'litchi_xlsx::raw::compact::changed_worksheet'litchi_xlsx::workbook::edit::semantic::transaction::Edit::commit
0 37823040
cob=(2)
cfi=(233)
cfn=(5450) __memcmp_avx2_movbe'quick_xml::reader::state::ReaderState::emit_end'quick_xml::reader::Reader<R>::read_event_impl'litchi_xlsx::raw::compact::changed_worksheet
calls=787980 73 
0 7894450
0 26791320

fn=(7520) quick_xml::reader::state::ReaderState::emit_end'quick_xml::reader::Reader<R>::read_event_impl'litchi_xlsx::calculation_properties::rewriter::inspect_layout'litchi_xlsx::calculation_properties::codec::inspect_with_policy
0 576
cob=(2)
cfi=(233)
cfn=(7522) __memcmp_avx2_movbe'quick_xml::reader::state::ReaderState::emit_end'quick_xml::reader::Reader<R>::read_event_impl'litchi_xlsx::calculation_properties::rewriter::inspect_layout
calls=12 73 
0 228
0 408

fn=(3192) quick_xml::reader::state::ReaderState::emit_end'quick_xml::reader::Reader<R>::read_event_impl'litchi_xlsx::raw::catalog::parse_catalog'litchi_xlsx::workbook::model::Workbook::from_package_with_styles
0 288
cob=(2)
cfi=(233)
cfn=(3194) __memcmp_avx2_movbe'quick_xml::reader::state::ReaderState::emit_end'quick_xml::reader::Reader<R>::read_event_impl'litchi_xlsx::raw::catalog::parse_catalog
calls=12 73 
0 114
0 204

fn=(8740) quick_xml::reader::state::ReaderState::emit_end'quick_xml::reader::Reader<R>::read_event_impl'litchi_xlsx::calculation_properties::codec::inspect_with_policy'litchi_xlsx::calculation_properties::snapshot::Snapshot::load_with_limits
0 288
cob=(2)
cfi=(233)
cfn=(7710) __memcmp_avx2_movbe'quick_xml::reader::state::ReaderState::emit_end'quick_xml::reader::Reader<R>::read_event_impl'litchi_xlsx::calculation_properties::codec::inspect_with_policy
calls=6 73 
0 114
0 204

fn=(7708) quick_xml::reader::state::ReaderState::emit_end'quick_xml::reader::Reader<R>::read_event_impl'litchi_xlsx::calculation_properties::codec::inspect_with_policy'litchi_xlsx::raw::recalc::invalidate
0 288
cob=(2)
cfi=(233)
cfn=(7710)
calls=6 73 
0 122
0 204

fn=(4680) quick_xml::reader::state::ReaderState::emit_end'quick_xml::reader::Reader<R>::read_event_impl'litchi_xlsx::raw::worksheet::edit::codec::snapshot::scan::scan_with_limit'litchi_xlsx::raw::worksheet::edit::package::rewrite
0 37823040
cob=(2)
cfi=(233)
cfn=(4682) __memcmp_avx2_movbe'quick_xml::reader::state::ReaderState::emit_end'quick_xml::reader::Reader<R>::read_event_impl'litchi_xlsx::raw::worksheet::edit::codec::snapshot::scan::scan_with_limit
calls=787980 73 
0 7895513
0 26791320

fn=(4210) quick_xml::reader::state::ReaderState::emit_end'quick_xml::reader::Reader<R>::read_event_impl'litchi_xlsx::raw::worksheet::codec::<impl litchi_xlsx::raw::worksheet::model::Parser>::parse'litchi_xlsx::raw::worksheet::parse
0 75646080
cob=(2)
cfi=(233)
cfn=(4212) __memcmp_avx2_movbe'quick_xml::reader::state::ReaderState::emit_end'quick_xml::reader::Reader<R>::read_event_impl'litchi_xlsx::raw::worksheet::codec::<impl litchi_xlsx::raw::worksheet::model::Parser>::parse
calls=1838620 73 
0 15790756
0 53582640

fn=(14306)
0 81
cfn=(8490)
calls=3 0 
0 402
0 108
cfn=(8500) litchi_opc::package::OpcPackage::get_part'litchi_xlsx::workbook::model::page_break_caches'litchi_xlsx::workbook::model::Workbook::from_package_with_styles'litchi_xlsx::workbook::edit::semantic::transaction::Edit::commit
calls=6 0 
0 1956
0 48
cfn=(8508) <alloc::string::String as core::clone::Clone>::clone'litchi_xlsx::workbook::model::page_break_caches'litchi_xlsx::workbook::model::Workbook::from_package_with_styles'litchi_xlsx::workbook::edit::semantic::transaction::Edit::commit
calls=6 0 
0 510
0 36
cfn=(14308) <litchi_opc::part::XmlPart as litchi_opc::part::Part>::blob_arc'litchi_xlsx::workbook::model::page_break_caches'litchi_xlsx::workbook::model::Workbook::from_package_with_styles'litchi_xlsx::workbook::edit::semantic::transaction::Edit::commit
calls=6 0 
0 24
0 48
cfn=(8520)
calls=6 0 
0 1956
0 78

fn=(14310)
0 69
cfn=(8528)
calls=3 0 
0 21925
0 33

fn=(14092) core::iter::adapters::try_process'litchi_xlsx::workbook::edit::semantic::transaction::Edit::commit'litchi_perf_baseline::run_xlsx_update_commit'litchi_perf_baseline::run_case_with_config
0 150
cfn=(14114) <core::iter::adapters::map::Map<I,F> as core::iter::traits::iterator::Iterator>::try_fold'core::iter::adapters::try_process'litchi_xlsx::workbook::edit::semantic::transaction::Edit::commit'litchi_perf_baseline::run_xlsx_update_commit
calls=3 0 
0 60
0 63

fn=(4038)
0 432

fn=(13588) std::sync::once_lock::OnceLock<T>::initialize'litchi_xlsx::workbook::model::Worksheet::store'litchi_xlsx::workbook::edit::semantic::transaction::Edit::commit'litchi_perf_baseline::run_xlsx_update_commit
0 102
cfn=(4288)
calls=6 0 
0 846
0 12

fn=(13626) <litchi_xlsx::workbook::edit::model::State as core::cmp::PartialEq>::eq'litchi_xlsx::workbook::edit::semantic::transaction::Edit::commit'litchi_perf_baseline::run_xlsx_update_commit'litchi_perf_baseline::run_case_with_config
0 165186
cfn=(13628)
calls=7866 0 
0 588823
0 141588

fn=(14170) alloc::vec::Vec<T,A>::extend_trusted'litchi_xlsx::workbook::edit::semantic::transaction::Edit::commit'litchi_perf_baseline::run_xlsx_update_commit'litchi_perf_baseline::run_case_with_config
0 81
cfn=(14172) <alloc::vec::into_iter::IntoIter<T,A> as core::iter::traits::iterator::Iterator>::fold'alloc::vec::Vec<T,A>::extend_trusted'litchi_xlsx::workbook::edit::semantic::transaction::Edit::commit'litchi_perf_baseline::run_xlsx_update_commit
calls=3 0 
0 156
0 15

fn=(4712) alloc::vec::Vec<T,A>::extend_trusted'litchi_xlsx::raw::worksheet::edit::codec::snapshot::scan::Scanner::finish_layout'litchi_xlsx::raw::worksheet::edit::codec::snapshot::scan::scan_with_limit'litchi_xlsx::raw::worksheet::edit::package::rewrite
0 144

fn=(13906) <alloc::string::String as core::iter::traits::collect::Extend<char>>::extend'litchi_sheet::Cell::a1'litchi_xlsx::raw::worksheet::edit::codec::snapshot::write::sheet_data::write_sheet_data'litchi_xlsx::raw::worksheet::edit::package::rewrite
0 270801

fn=(13938) litchi_core::xml::escape::escape_xml'litchi_xlsx::raw::worksheet::edit::codec::snapshot::write::sheet_data::write_payload'litchi_xlsx::raw::worksheet::edit::codec::snapshot::write::sheet_data::write_sheet_data'litchi_xlsx::raw::worksheet::edit::package::rewrite
0 315582
cfn=(13940) __rustc::__rust_no_alloc_shim_is_unstable_v2'litchi_core::xml::escape::escape_xml'litchi_xlsx::raw::worksheet::edit::codec::snapshot::write::sheet_data::write_payload'litchi_xlsx::raw::worksheet::edit::codec::snapshot::write::sheet_data::write_sheet_data
calls=3933 0 
0 3933
0 11799
cfn=(13942) __rustc::__rust_alloc'litchi_core::xml::escape::escape_xml'litchi_xlsx::raw::worksheet::edit::codec::snapshot::write::sheet_data::write_payload'litchi_xlsx::raw::worksheet::edit::codec::snapshot::write::sheet_data::write_sheet_data
calls=3933 0 
0 143874
0 35397
cob=(2)
cfi=(203)
cfn=(13944) __memcpy_avx_unaligned_erms'litchi_core::xml::escape::escape_xml'litchi_xlsx::raw::worksheet::edit::codec::snapshot::write::sheet_data::write_payload'litchi_xlsx::raw::worksheet::edit::codec::snapshot::write::sheet_data::write_sheet_data
calls=3933 255 
0 59016
0 11799

fn=(13924)
0 243870
cfn=(13926) __rustc::__rust_no_alloc_shim_is_unstable_v2'litchi_core::xml::escape::escape_xml'litchi_xlsx::raw::worksheet::edit::codec::wire::write_attribute'litchi_xlsx::raw::worksheet::edit::codec::wire::write_cell_tag
calls=3933 0 
0 3933
0 11799
cfn=(13928) __rustc::__rust_alloc'litchi_core::xml::escape::escape_xml'litchi_xlsx::raw::worksheet::edit::codec::wire::write_attribute'litchi_xlsx::raw::worksheet::edit::codec::wire::write_cell_tag
calls=3933 0 
0 143874
0 35397
cob=(2)
cfi=(203)
cfn=(13930) __memcpy_avx_unaligned_erms'litchi_core::xml::escape::escape_xml'litchi_xlsx::raw::worksheet::edit::codec::wire::write_attribute'litchi_xlsx::raw::worksheet::edit::codec::wire::write_cell_tag
calls=3933 255 
0 59841
0 11799

fn=(5956) core::ptr::drop_in_place<litchi_xlsx::cell::Value>'core::ptr::drop_in_place<litchi_xlsx::cell::Cell>'core::ptr::drop_in_place<alloc::boxed::Box<[litchi_xlsx::cell::Stored]>>'core::ptr::drop_in_place<litchi_xlsx::cell::Store>
0 6684672
cfn=(5958)
calls=393216 0 
0 70355926

fn=(5932) core::ptr::drop_in_place<litchi_xlsx::cell::Value>'core::ptr::drop_in_place<litchi_xlsx::cell::Cell>'core::ptr::drop_in_place<litchi_xlsx::workbook::edit::model::State>'litchi_xlsx::workbook::edit::semantic::transaction::Edit::commit
0 66861
cfn=(5934)
calls=3933 0 
0 137655

fn=(5202) core::ptr::drop_in_place<litchi_xlsx::cell::Value>'core::ptr::drop_in_place<litchi_xlsx::raw::worksheet::edit::model::Action>'<alloc::collections::btree::map::BTreeMap<K,V,A> as core::ops::drop::Drop>::drop'litchi_xlsx::raw::worksheet::edit::codec::snapshot::write::sheet_data::write_sheet_data
0 66861
cfn=(5204)
calls=3933 0 
0 143261

fn=(13984) core::ptr::drop_in_place<litchi_xlsx::raw::worksheet::edit::codec::snapshot::model::Tag>'core::ptr::drop_in_place<litchi_xlsx::raw::worksheet::edit::codec::snapshot::model::RowSlot>'core::ptr::drop_in_place<litchi_xlsx::raw::worksheet::edit::codec::snapshot::model::Layout>'litchi_xlsx::raw::worksheet::edit::package::rewrite
0 18432
cfn=(13986)
calls=1536 0 
0 317334
0 26112
cfn=(13986)
calls=1536 0 
0 273042
0 9216
cfn=(13986)
calls=1536 0 
0 272805
0 16896
cfn=(13986)
calls=1536 0 
0 273029

fn=(5242) core::ptr::drop_in_place<litchi_xlsx::raw::worksheet::edit::codec::snapshot::model::Tag>'core::ptr::drop_in_place<litchi_xlsx::raw::worksheet::edit::codec::snapshot::model::Layout>'litchi_xlsx::raw::worksheet::edit::package::rewrite'litchi_xlsx::workbook::edit::semantic::transaction::Edit::commit
0 216
cfn=(5244)
calls=18 0 
0 1634
0 222
cfn=(5244)
calls=12 0 
0 1421
0 72
cfn=(5244)
calls=12 0 
0 2090
0 132
cfn=(5244)
calls=12 0 
0 2072
0 36

fn=(14002) litchi_xlsx::raw::compact::changed_worksheet'litchi_xlsx::workbook::edit::semantic::transaction::Edit::commit'litchi_perf_baseline::run_xlsx_update_commit'litchi_perf_baseline::run_case_with_config
0 180
cfn=(14004) <quick_xml::name::NamespaceResolver as core::default::Default>::default'litchi_xlsx::raw::compact::changed_worksheet'litchi_xlsx::workbook::edit::semantic::transaction::Edit::commit'litchi_perf_baseline::run_xlsx_update_commit
calls=6 0 
0 7031
0 7878546
cfn=(14028)
calls=787986 0 
0 16547784
0 3151944
cfn=(14008) quick_xml::reader::Reader<R>::read_event_impl'litchi_xlsx::raw::compact::changed_worksheet'litchi_xlsx::workbook::edit::semantic::transaction::Edit::commit'litchi_perf_baseline::run_xlsx_update_commit
calls=787986 0 
0 315487810
0 3543624
cfn=(14008)
calls=1181208 0 
0 263827957
0 7876776
cfn=(14010)
calls=1969194 0 
0 226209879
0 37408542
cfn=(14012) quick_xml::writer::Writer<W>::write_event'litchi_xlsx::raw::compact::changed_worksheet'litchi_xlsx::workbook::edit::semantic::transaction::Edit::commit'litchi_perf_baseline::run_xlsx_update_commit
calls=6 0 
0 486
0 1572864
cfn=(14012)
calls=393216 0 
0 25561284
0 8663196
cfn=(14014) litchi_xlsx::raw::web::check::Probe::observe'litchi_xlsx::raw::compact::changed_worksheet'litchi_xlsx::workbook::edit::semantic::transaction::Edit::commit'litchi_perf_baseline::run_xlsx_update_commit
calls=1969188 0 
0 465489606
0 20475234
cfn=(14026) litchi_xlsx::raw::compact::write_start'litchi_xlsx::raw::compact::changed_worksheet'litchi_xlsx::workbook::edit::semantic::transaction::Edit::commit'litchi_perf_baseline::run_xlsx_update_commit
calls=6 0 
0 9304
0 6303846
cfn=(14016)
calls=787980 0 
0 30747060
0 18128148
cfn=(14018) <quick_xml::events::attributes::Attributes as core::iter::traits::iterator::Iterator>::next'litchi_xlsx::raw::compact::changed_worksheet'litchi_xlsx::workbook::edit::semantic::transaction::Edit::commit'litchi_perf_baseline::run_xlsx_update_commit
calls=1182738 0 
0 183798702
0 16555260
cfn=(14030)
calls=787980 0 
0 30092136
0 7879800
cfn=(14012)
calls=787980 0 
0 65405376
0 5518932
cfn=(14020)
calls=394758 0 
0 13816530
0 13395624
cfn=(14022) litchi_xlsx::raw::compact::text_bearing'litchi_xlsx::raw::compact::changed_worksheet'litchi_xlsx::workbook::edit::semantic::transaction::Edit::commit'litchi_perf_baseline::run_xlsx_update_commit
calls=787980 0 
0 12205212
0 2363952
cfn=(14024) alloc::raw_vec::RawVec<T,A>::grow_one'litchi_xlsx::raw::compact::changed_worksheet'litchi_xlsx::workbook::edit::semantic::transaction::Edit::commit'litchi_perf_baseline::run_xlsx_update_commit
calls=6 0 
0 606
0 7091820
cfn=(14026)
calls=787980 0 
0 606999686
0 2364096
cfn=(14006) alloc::raw_vec::RawVecInner<A>::finish_grow'litchi_xlsx::raw::compact::changed_worksheet'litchi_xlsx::workbook::edit::semantic::transaction::Edit::commit'litchi_perf_baseline::run_xlsx_update_commit
calls=6 0 
0 21580
0 36
cfn=(14032) core::ptr::drop_in_place<quick_xml::events::Event>'litchi_xlsx::raw::compact::changed_worksheet'litchi_xlsx::workbook::edit::semantic::transaction::Edit::commit'litchi_perf_baseline::run_xlsx_update_commit
calls=6 0 
0 24
0 78
cfn=(14020)
calls=6 0 
0 210
0 12
cfn=(14034) core::ptr::drop_in_place<quick_xml::reader::ns_reader::NsReader<&[u8]>>'litchi_xlsx::raw::compact::changed_worksheet'litchi_xlsx::workbook::edit::semantic::transaction::Edit::commit'litchi_perf_baseline::run_xlsx_update_commit
calls=6 0 
0 3302
0 6

fn=(13848)
0 1179648
cfn=(13850) quick_xml::encoding::Decoder::decode_cow'quick_xml::events::BytesRef::decode'litchi_xlsx::raw::worksheet::edit::codec::snapshot::scan::scan_with_limit'litchi_xlsx::raw::worksheet::edit::package::rewrite
calls=393216 0 
0 45369945

fn=(5728)
0 1179648
cfn=(5730) quick_xml::encoding::Decoder::decode_cow'quick_xml::events::BytesRef::decode'litchi_xlsx::raw::worksheet::codec::<impl litchi_xlsx::raw::worksheet::model::Parser>::parse'litchi_xlsx::raw::worksheet::parse
calls=393216 0 
0 45710430

fn=(12776)
0 1179648
cfn=(5730)
calls=655360 0 
0 45369945

fn=(5440) quick_xml::events::BytesRef::decode'litchi_xlsx::raw::web::check::Probe::observe'litchi_xlsx::raw::compact::changed_worksheet'litchi_xlsx::workbook::edit::semantic::transaction::Edit::commit
0 1179648
cfn=(5444) quick_xml::encoding::Decoder::decode_cow'quick_xml::events::BytesRef::decode'litchi_xlsx::raw::web::check::Probe::observe'litchi_xlsx::raw::compact::changed_worksheet
calls=393216 0 
0 45710430

fn=(5562) litchi_xlsx::raw::worksheet::validation::parse_one_based_row'litchi_xlsx::raw::worksheet::codec::<impl litchi_xlsx::raw::worksheet::model::Parser>::start_row'litchi_xlsx::raw::worksheet::codec::<impl litchi_xlsx::raw::worksheet::model::Parser>::start'litchi_xlsx::raw::worksheet::codec::<impl litchi_xlsx::raw::worksheet::model::Parser>::parse
0 165276

fn=(13706) litchi_xlsx::raw::worksheet::validation::parse_one_based_row'litchi_xlsx::raw::worksheet::edit::codec::snapshot::scan::Scanner::row_position'litchi_xlsx::raw::worksheet::edit::codec::snapshot::scan::Scanner::start_row'litchi_xlsx::raw::worksheet::edit::codec::snapshot::scan::scan_with_limit
0 82638

fn=(5628) litchi_xlsx::raw::worksheet::validation::optional_bool'litchi_xlsx::raw::worksheet::codec::<impl litchi_xlsx::raw::worksheet::model::Parser>::start_row'litchi_xlsx::raw::worksheet::codec::<impl litchi_xlsx::raw::worksheet::model::Parser>::start'litchi_xlsx::raw::worksheet::codec::<impl litchi_xlsx::raw::worksheet::model::Parser>::parse
0 215040
cfn=(5630)
calls=25088 0 
0 13686624
0 387072

fn=(5720) litchi_xlsx::raw::worksheet::codec::parse_cell_u32'litchi_xlsx::raw::worksheet::codec::<impl litchi_xlsx::raw::worksheet::model::Parser>::start_cell'litchi_xlsx::raw::worksheet::codec::<impl litchi_xlsx::raw::worksheet::model::Parser>::start'litchi_xlsx::raw::worksheet::codec::<impl litchi_xlsx::raw::worksheet::model::Parser>::parse
0 51904512

fn=(5832)
0 17301504
cfn=(5836)
calls=917504 0 
0 84795990
0 32243712

fn=(5954) core::ptr::drop_in_place<litchi_xlsx::cell::Cell>'core::ptr::drop_in_place<alloc::boxed::Box<[litchi_xlsx::cell::Stored]>>'core::ptr::drop_in_place<litchi_xlsx::cell::Store>'litchi_xlsx::workbook::edit::semantic::transaction::Edit::commit
0 7077888
cfn=(5956)
calls=393216 0 
0 77040598

fn=(14054) core::ptr::drop_in_place<litchi_xlsx::cell::Cell>'core::ptr::drop_in_place<litchi_xlsx::workbook::edit::model::State>'litchi_xlsx::workbook::edit::semantic::transaction::Edit::commit'litchi_perf_baseline::run_xlsx_update_commit
0 70794
cfn=(5932)
calls=3933 0 
0 204516

fn=(5840) core::ptr::drop_in_place<litchi_xlsx::cell::Cell>'litchi_xlsx::raw::worksheet::semantic::materialize'litchi_xlsx::raw::worksheet::codec::<impl litchi_xlsx::raw::worksheet::model::Parser>::parse'litchi_xlsx::raw::worksheet::parse
0 10223616

fn=(14064) core::ptr::drop_in_place<alloc::boxed::Box<[litchi_xlsx::cell::Stored]>>'core::ptr::drop_in_place<litchi_xlsx::cell::Store>'litchi_xlsx::workbook::edit::semantic::transaction::Edit::commit'litchi_perf_baseline::run_xlsx_update_commit
0 2752614
cfn=(5954)
calls=393216 0 
0 84118486
0 786498
cfn=(5960)
calls=6 0 
0 760

fn=(14082) core::ptr::drop_in_place<litchi_xlsx::workbook::model::Worksheet>'litchi_xlsx::workbook::edit::semantic::transaction::Edit::commit'litchi_perf_baseline::run_xlsx_update_commit'litchi_perf_baseline::run_case_with_config
0 84

fn=(14088) litchi_xlsx::workbook::edit::codec::create_sheets'litchi_xlsx::workbook::edit::semantic::transaction::Edit::commit'litchi_perf_baseline::run_xlsx_update_commit'litchi_perf_baseline::run_case_with_config
0 57
cfn=(14090) <alloc::vec::Vec<T,A> as core::ops::drop::Drop>::drop'litchi_xlsx::workbook::edit::codec::create_sheets'litchi_xlsx::workbook::edit::semantic::transaction::Edit::commit'litchi_perf_baseline::run_xlsx_update_commit
calls=3 0 
0 54
0 33

fn=(8618) litchi_xlsx::calculation_properties::rewriter::inspect_layout'litchi_xlsx::calculation_properties::codec::inspect_with_policy'litchi_xlsx::calculation_properties::snapshot::Snapshot::load_with_limits'litchi_xlsx::workbook::model::Workbook::calculation_metadata
0 78
cfn=(8620) <quick_xml::name::NamespaceResolver as core::default::Default>::default'litchi_xlsx::calculation_properties::rewriter::inspect_layout'litchi_xlsx::calculation_properties::codec::inspect_with_policy'litchi_xlsx::calculation_properties::snapshot::Snapshot::load_with_limits
calls=3 0 
0 3451
0 426
cfn=(8644)
calls=15 0 
0 375
0 60
cfn=(8624) quick_xml::reader::Reader<R>::read_event_impl'litchi_xlsx::calculation_properties::rewriter::inspect_layout'litchi_xlsx::calculation_properties::codec::inspect_with_policy'litchi_xlsx::calculation_properties::snapshot::Snapshot::load_with_limits
calls=15 0 
0 8355
0 36
cfn=(8624)
calls=12 0 
0 7714
0 108
cfn=(8626)
calls=27 0 
0 17213
0 486
cfn=(8628) quick_xml::events::Event::into_owned'litchi_xlsx::calculation_properties::rewriter::inspect_layout'litchi_xlsx::calculation_properties::codec::inspect_with_policy'litchi_xlsx::calculation_properties::snapshot::Snapshot::load_with_limits
calls=27 0 
0 3324
0 135
cfn=(8630) litchi_xlsx::calculation_properties::codec::reject_unsafe_event'litchi_xlsx::calculation_properties::rewriter::inspect_layout'litchi_xlsx::calculation_properties::codec::inspect_with_policy'litchi_xlsx::calculation_properties::snapshot::Snapshot::load_with_limits
calls=27 0 
0 486
0 351
cfn=(8632) __rustc::__rust_no_alloc_shim_is_unstable_v2'litchi_xlsx::calculation_properties::rewriter::inspect_layout'litchi_xlsx::calculation_properties::codec::inspect_with_policy'litchi_xlsx::calculation_properties::snapshot::Snapshot::load_with_limits
calls=27 0 
0 27
0 108
cfn=(8634) __rustc::__rust_alloc'litchi_xlsx::calculation_properties::rewriter::inspect_layout'litchi_xlsx::calculation_properties::codec::inspect_with_policy'litchi_xlsx::calculation_properties::snapshot::Snapshot::load_with_limits
calls=27 0 
0 1080
0 189
cob=(2)
cfi=(203)
cfn=(8636) __memcpy_avx_unaligned_erms'litchi_xlsx::calculation_properties::rewriter::inspect_layout'litchi_xlsx::calculation_properties::codec::inspect_with_policy'litchi_xlsx::calculation_properties::snapshot::Snapshot::load_with_limits
calls=27 255 
0 762
0 594
cfn=(8632)
calls=27 0 
0 27
0 108
cfn=(8634)
calls=27 0 
0 1080
0 1959
cfn=(8638) quick_xml::name::NamespaceResolver::resolve_event'litchi_xlsx::calculation_properties::rewriter::inspect_layout'litchi_xlsx::calculation_properties::codec::inspect_with_policy'litchi_xlsx::calculation_properties::snapshot::Snapshot::load_with_limits
calls=27 0 
0 3777
0 504
cfn=(8640)
calls=9 0 
0 315
0 351
cfn=(8642) litchi_xlsx::calculation_properties::rewriter::inspect_start'litchi_xlsx::calculation_properties::rewriter::inspect_layout'litchi_xlsx::calculation_properties::codec::inspect_with_policy'litchi_xlsx::calculation_properties::snapshot::Snapshot::load_with_limits
calls=9 0 
0 36572
0 294
cfn=(8646) litchi_xlsx::calculation_properties::rewriter::close_frame'litchi_xlsx::calculation_properties::rewriter::inspect_layout'litchi_xlsx::calculation_properties::codec::inspect_with_policy'litchi_xlsx::calculation_properties::snapshot::Snapshot::load_with_limits
calls=6 0 
0 417
0 246
cfn=(8642)
calls=6 0 
0 15046
0 267
cfn=(8640)
calls=24 0 
0 840
0 144
cfn=(8640)
calls=24 0 
0 840
0 183
cfn=(8622) alloc::raw_vec::RawVecInner<A>::finish_grow'litchi_xlsx::calculation_properties::rewriter::inspect_layout'litchi_xlsx::calculation_properties::codec::inspect_with_policy'litchi_xlsx::calculation_properties::snapshot::Snapshot::load_with_limits
calls=3 0 
0 804
0 51
cfn=(8648) core::ptr::drop_in_place<quick_xml::events::Event>'litchi_xlsx::calculation_properties::rewriter::inspect_layout'litchi_xlsx::calculation_properties::codec::inspect_with_policy'litchi_xlsx::calculation_properties::snapshot::Snapshot::load_with_limits
calls=3 0 
0 12
0 15
cfn=(8650) core::ptr::drop_in_place<quick_xml::name::NamespaceResolver>'litchi_xlsx::calculation_properties::rewriter::inspect_layout'litchi_xlsx::calculation_properties::codec::inspect_with_policy'litchi_xlsx::calculation_properties::snapshot::Snapshot::load_with_limits
calls=3 0 
0 258
0 159
cob=(2)
cfi=(203)
cfn=(8636)
calls=3 255 
0 159
0 21
cfn=(8652) core::ptr::drop_in_place<alloc::vec::Vec<litchi_xlsx::calculation_properties::rewriter::Frame>>'litchi_xlsx::calculation_properties::rewriter::inspect_layout'litchi_xlsx::calculation_properties::codec::inspect_with_policy'litchi_xlsx::calculation_properties::snapshot::Snapshot::load_with_limits
calls=3 0 
0 503
0 6
cfn=(8654) core::ptr::drop_in_place<quick_xml::reader::ns_reader::NsReader<&[u8]>>'litchi_xlsx::calculation_properties::rewriter::inspect_layout'litchi_xlsx::calculation_properties::codec::inspect_with_policy'litchi_xlsx::calculation_properties::snapshot::Snapshot::load_with_limits
calls=3 0 
0 874
0 3

fn=(7350) litchi_xlsx::calculation_properties::rewriter::inspect_layout'litchi_xlsx::calculation_properties::codec::inspect_with_policy'litchi_xlsx::raw::recalc::invalidate'litchi_xlsx::workbook::edit::semantic::transaction::Edit::commit
0 78
cfn=(7352) <quick_xml::name::NamespaceResolver as core::default::Default>::default'litchi_xlsx::calculation_properties::rewriter::inspect_layout'litchi_xlsx::calculation_properties::codec::inspect_with_policy'litchi_xlsx::raw::recalc::invalidate
calls=3 0 
0 3663
0 426
cfn=(7518)
calls=15 0 
0 375
0 60
cfn=(7370) quick_xml::reader::Reader<R>::read_event_impl'litchi_xlsx::calculation_properties::rewriter::inspect_layout'litchi_xlsx::calculation_properties::codec::inspect_with_policy'litchi_xlsx::raw::recalc::invalidate
calls=15 0 
0 8355
0 36
cfn=(7370)
calls=12 0 
0 7716
0 108
cfn=(7382)
calls=27 0 
0 17807
0 486
cfn=(7384) quick_xml::events::Event::into_owned'litchi_xlsx::calculation_properties::rewriter::inspect_layout'litchi_xlsx::calculation_properties::codec::inspect_with_policy'litchi_xlsx::raw::recalc::invalidate
calls=27 0 
0 2697
0 135
cfn=(7396) litchi_xlsx::calculation_properties::codec::reject_unsafe_event'litchi_xlsx::calculation_properties::rewriter::inspect_layout'litchi_xlsx::calculation_properties::codec::inspect_with_policy'litchi_xlsx::raw::recalc::invalidate
calls=27 0 
0 486
0 351
cfn=(7398) __rustc::__rust_no_alloc_shim_is_unstable_v2'litchi_xlsx::calculation_properties::rewriter::inspect_layout'litchi_xlsx::calculation_properties::codec::inspect_with_policy'litchi_xlsx::raw::recalc::invalidate
calls=27 0 
0 27
0 108
cfn=(7400) __rustc::__rust_alloc'litchi_xlsx::calculation_properties::rewriter::inspect_layout'litchi_xlsx::calculation_properties::codec::inspect_with_policy'litchi_xlsx::raw::recalc::invalidate
calls=27 0 
0 2950
0 189
cob=(2)
cfi=(203)
cfn=(7406) __memcpy_avx_unaligned_erms'litchi_xlsx::calculation_properties::rewriter::inspect_layout'litchi_xlsx::calculation_properties::codec::inspect_with_policy'litchi_xlsx::raw::recalc::invalidate
calls=27 255 
0 762
0 594
cfn=(7398)
calls=27 0 
0 27
0 108
cfn=(7400)
calls=27 0 
0 1173
0 1959
cfn=(7408) quick_xml::name::NamespaceResolver::resolve_event'litchi_xlsx::calculation_properties::rewriter::inspect_layout'litchi_xlsx::calculation_properties::codec::inspect_with_policy'litchi_xlsx::raw::recalc::invalidate
calls=27 0 
0 3777
0 504
cfn=(7410)
calls=9 0 
0 315
0 351
cfn=(7442) litchi_xlsx::calculation_properties::rewriter::inspect_start'litchi_xlsx::calculation_properties::rewriter::inspect_layout'litchi_xlsx::calculation_properties::codec::inspect_with_policy'litchi_xlsx::raw::recalc::invalidate
calls=9 0 
0 35604
0 294
cfn=(7524) litchi_xlsx::calculation_properties::rewriter::close_frame'litchi_xlsx::calculation_properties::rewriter::inspect_layout'litchi_xlsx::calculation_properties::codec::inspect_with_policy'litchi_xlsx::raw::recalc::invalidate
calls=6 0 
0 417
0 246
cfn=(7442)
calls=6 0 
0 13617
0 267
cfn=(7410)
calls=24 0 
0 840
0 144
cfn=(7410)
calls=24 0 
0 840
0 183
cfn=(7362) alloc::raw_vec::RawVecInner<A>::finish_grow'litchi_xlsx::calculation_properties::rewriter::inspect_layout'litchi_xlsx::calculation_properties::codec::inspect_with_policy'litchi_xlsx::raw::recalc::invalidate
calls=3 0 
0 17129
0 51
cfn=(7532) core::ptr::drop_in_place<quick_xml::events::Event>'litchi_xlsx::calculation_properties::rewriter::inspect_layout'litchi_xlsx::calculation_properties::codec::inspect_with_policy'litchi_xlsx::raw::recalc::invalidate
calls=3 0 
0 12
0 15
cfn=(7534) core::ptr::drop_in_place<quick_xml::name::NamespaceResolver>'litchi_xlsx::calculation_properties::rewriter::inspect_layout'litchi_xlsx::calculation_properties::codec::inspect_with_policy'litchi_xlsx::raw::recalc::invalidate
calls=3 0 
0 258
0 159
cob=(2)
cfi=(203)
cfn=(7406)
calls=3 255 
0 159
0 21
cfn=(7542) core::ptr::drop_in_place<alloc::vec::Vec<litchi_xlsx::calculation_properties::rewriter::Frame>>'litchi_xlsx::calculation_properties::rewriter::inspect_layout'litchi_xlsx::calculation_properties::codec::inspect_with_policy'litchi_xlsx::raw::recalc::invalidate
calls=3 0 
0 525
0 6
cfn=(7550) core::ptr::drop_in_place<quick_xml::reader::ns_reader::NsReader<&[u8]>>'litchi_xlsx::calculation_properties::rewriter::inspect_layout'litchi_xlsx::calculation_properties::codec::inspect_with_policy'litchi_xlsx::raw::recalc::invalidate
calls=3 0 
0 759
0 3

fn=(8642)
0 705
cfn=(7444) <quick_xml::events::attributes::Attributes as core::iter::traits::iterator::Iterator>::next'litchi_xlsx::calculation_properties::rewriter::inspect_start'litchi_xlsx::calculation_properties::rewriter::inspect_layout'litchi_xlsx::calculation_properties::codec::inspect_with_policy
calls=15 0 
0 3951
0 117
cfn=(7444)
calls=39 0 
0 8694
0 723
cfn=(7450) quick_xml::name::QName::decompose'litchi_xlsx::calculation_properties::rewriter::inspect_start'litchi_xlsx::calculation_properties::rewriter::inspect_layout'litchi_xlsx::calculation_properties::codec::inspect_with_policy
calls=15 0 
0 1320
0 90
cfn=(7456) quick_xml::name::NamespaceResolver::resolve_prefix'litchi_xlsx::calculation_properties::rewriter::inspect_start'litchi_xlsx::calculation_properties::rewriter::inspect_layout'litchi_xlsx::calculation_properties::codec::inspect_with_policy
calls=15 0 
0 810
0 165
cfn=(7458)
calls=15 0 
0 960
0 120
cfn=(7462) quick_xml::name::QName::local_name'litchi_xlsx::calculation_properties::rewriter::inspect_start'litchi_xlsx::calculation_properties::rewriter::inspect_layout'litchi_xlsx::calculation_properties::codec::inspect_with_policy
calls=15 0 
0 1245
0 120
cob=(2)
cfi=(233)
cfn=(7468) __memcmp_avx2_movbe'litchi_xlsx::calculation_properties::rewriter::inspect_start'litchi_xlsx::calculation_properties::rewriter::inspect_layout'litchi_xlsx::calculation_properties::codec::inspect_with_policy
calls=15 73 
0 285
0 285
cob=(2)
cfi=(233)
cfn=(7468)
calls=15 73 
0 255
0 681
cfn=(7444)
calls=54 0 
0 18180
0 825
cfn=(7450)
calls=33 0 
0 3156
0 264
cfn=(7456)
calls=33 0 
0 1191
0 495
cfn=(7470)
calls=12 0 
0 535
0 306
cfn=(7476) __rustc::__rust_no_alloc_shim_is_unstable_v2'litchi_xlsx::calculation_properties::rewriter::inspect_start'litchi_xlsx::calculation_properties::rewriter::inspect_layout'litchi_xlsx::calculation_properties::codec::inspect_with_policy
calls=15 0 
0 15
0 75
cfn=(7478) __rustc::__rust_alloc'litchi_xlsx::calculation_properties::rewriter::inspect_start'litchi_xlsx::calculation_properties::rewriter::inspect_layout'litchi_xlsx::calculation_properties::codec::inspect_with_policy
calls=15 0 
0 1914
0 135
cob=(2)
cfi=(203)
cfn=(7484) __memcpy_avx_unaligned_erms'litchi_xlsx::calculation_properties::rewriter::inspect_start'litchi_xlsx::calculation_properties::rewriter::inspect_layout'litchi_xlsx::calculation_properties::codec::inspect_with_policy
calls=15 255 
0 219
0 300
cfn=(7488)
calls=3 0 
0 926
0 399
cfn=(7504)
calls=6 0 
0 72
0 384
cfn=(7510) litchi_xlsx::calculation_properties::rewriter::close_frame'litchi_xlsx::calculation_properties::rewriter::inspect_start'litchi_xlsx::calculation_properties::rewriter::inspect_layout'litchi_xlsx::calculation_properties::codec::inspect_with_policy
calls=9 0 
0 558
0 162
cfn=(7500) alloc::vec::Vec<T,A>::push_mut'litchi_xlsx::calculation_properties::rewriter::inspect_start'litchi_xlsx::calculation_properties::rewriter::inspect_layout'litchi_xlsx::calculation_properties::codec::inspect_with_policy
calls=6 0 
0 138
0 198
cfn=(7470)
calls=15 0 
0 525
0 120

fn=(7442)
0 705
cfn=(7444)
calls=15 0 
0 3951
0 117
cfn=(7444)
calls=39 0 
0 8694
0 723
cfn=(7450)
calls=15 0 
0 1320
0 90
cfn=(7456)
calls=15 0 
0 810
0 165
cfn=(7458)
calls=15 0 
0 960
0 120
cfn=(7462)
calls=15 0 
0 1245
0 120
cob=(2)
cfi=(233)
cfn=(7468)
calls=15 73 
0 285
0 285
cob=(2)
cfi=(233)
cfn=(7468)
calls=15 73 
0 255
0 681
cfn=(7444)
calls=54 0 
0 17724
0 825
cfn=(7450)
calls=33 0 
0 3156
0 264
cfn=(7456)
calls=33 0 
0 1191
0 495
cfn=(7470)
calls=12 0 
0 420
0 306
cfn=(7476)
calls=15 0 
0 15
0 75
cfn=(7478)
calls=15 0 
0 540
0 135
cob=(2)
cfi=(203)
cfn=(7484)
calls=15 255 
0 219
0 300
cfn=(7488)
calls=3 0 
0 474
0 399
cfn=(7504)
calls=6 0 
0 72
0 384
cfn=(7510)
calls=9 0 
0 558
0 162
cfn=(7500)
calls=6 0 
0 138
0 198
cfn=(7470)
calls=15 0 
0 525
0 120

fn=(8876)
0 39
cfn=(8878)
calls=3 0 
0 105
0 63
cfn=(8878)
calls=3 0 
0 105

fn=(14164)
0 39
cfn=(7878)
calls=3 0 
0 105
0 63
cfn=(7878)
calls=3 0 
0 105

fn=(14178) <litchi_opc::package::OpcPackage as core::clone::Clone>::clone'litchi_xlsx::workbook::edit::semantic::transaction::Edit::commit'litchi_perf_baseline::run_xlsx_update_commit'litchi_perf_baseline::run_case_with_config
0 33
cfn=(14180) <alloc::string::String as core::clone::Clone>::clone'<litchi_opc::package::OpcPackage as core::clone::Clone>::clone'litchi_xlsx::workbook::edit::semantic::transaction::Edit::commit'litchi_perf_baseline::run_xlsx_update_commit
calls=3 0 
0 258
0 24
cfn=(14182) <hashbrown::map::HashMap<K,V,S,A> as core::clone::Clone>::clone'<litchi_opc::package::OpcPackage as core::clone::Clone>::clone'litchi_xlsx::workbook::edit::semantic::transaction::Edit::commit'litchi_perf_baseline::run_xlsx_update_commit
calls=3 0 
0 2243
0 48
cfn=(14182)
calls=3 0 
0 24838
0 27
cfn=(14182)
calls=3 0 
0 2690
0 75
cfn=(14222)
calls=3 0 
0 114
0 132

fn=(14224) litchi_opc::package::OpcPackage::get_part_mut'litchi_xlsx::workbook::edit::semantic::transaction::Edit::commit'litchi_perf_baseline::run_xlsx_update_commit'litchi_perf_baseline::run_case_with_config
0 96
cfn=(14226) litchi_opc::package::OpcPackage::is_signed'litchi_opc::package::OpcPackage::get_part_mut'litchi_xlsx::workbook::edit::semantic::transaction::Edit::commit'litchi_perf_baseline::run_xlsx_update_commit
calls=6 0 
0 17874
0 60
cfn=(14246)
calls=6 0 
0 1380
0 246
cob=(2)
cfi=(233)
cfn=(14248) __memcmp_avx2_movbe'litchi_opc::package::OpcPackage::get_part_mut'litchi_xlsx::workbook::edit::semantic::transaction::Edit::commit'litchi_perf_baseline::run_xlsx_update_commit
calls=6 73 
0 114
0 48
cfn=(14250) <alloc::string::String as core::clone::Clone>::clone'litchi_opc::package::OpcPackage::get_part_mut'litchi_xlsx::workbook::edit::semantic::transaction::Edit::commit'litchi_perf_baseline::run_xlsx_update_commit
calls=6 0 
0 510
0 30
cfn=(14246)
calls=6 0 
0 1380
0 228
cob=(2)
cfi=(233)
cfn=(14248)
calls=6 73 
0 120
0 84
cfn=(14252)
calls=6 0 
0 210
0 60

fn=(8844) <alloc::string::String>::try_reserve_exact'litchi_xlsx::calculation_properties::snapshot::copy_string'litchi_xlsx::calculation_properties::snapshot::Snapshot::load_with_limits'litchi_xlsx::workbook::model::Workbook::calculation_metadata
0 84
cfn=(8846) <alloc::raw_vec::RawVecInner>::finish_grow'<alloc::string::String>::try_reserve_exact'litchi_xlsx::calculation_properties::snapshot::copy_string'litchi_xlsx::calculation_properties::snapshot::Snapshot::load_with_limits
calls=3 0 
0 219
0 21

fn=(8870) <alloc::string::String>::try_reserve_exact'litchi_xlsx::calculation_properties::snapshot::copy_string'litchi_xlsx::calculation_properties::snapshot::SourceRelationship::capture'litchi_xlsx::calculation_properties::snapshot::Snapshot::load_with_limits
0 252
cfn=(8872) <alloc::raw_vec::RawVecInner>::finish_grow'<alloc::string::String>::try_reserve_exact'litchi_xlsx::calculation_properties::snapshot::copy_string'litchi_xlsx::calculation_properties::snapshot::SourceRelationship::capture
calls=9 0 
0 645
0 63

fn=(14338) core::ptr::drop_in_place<litchi_xlsx::calculation_properties::snapshot::SourceState>'core::ptr::drop_in_place<litchi_xlsx::calculation_properties::snapshot::Snapshot>'litchi_xlsx::workbook::edit::semantic::transaction::Edit::commit'litchi_perf_baseline::run_xlsx_update_commit
0 30
cfn=(8890)
calls=3 0 
0 105
0 18
cfn=(8890)
calls=3 0 
0 105
0 6
cfn=(8898)
calls=3 0 
0 42
0 18
cfn=(8890)
calls=3 0 
0 105
0 18
cfn=(8890)
calls=3 0 
0 105
0 27
cfn=(8890)
calls=3 0 
0 105

fn=(13596) <litchi_opc::part::XmlPart as litchi_opc::part::Part>::blob_arc'litchi_xlsx::workbook::edit::semantic::transaction::Edit::commit'litchi_perf_baseline::run_xlsx_update_commit'litchi_perf_baseline::run_case_with_config
0 36

fn=(12706) <litchi_opc::part::XmlPart as litchi_opc::part::Part>::blob_arc'<core::iter::adapters::map::Map<I,F> as core::iter::traits::iterator::Iterator>::try_fold'alloc::vec::in_place_collect::from_iter_in_place'core::iter::adapters::try_process
0 24

fn=(14300) <litchi_opc::part::XmlPart as litchi_opc::part::Part>::blob_arc'litchi_xlsx::workbook::package::same_style_table'litchi_xlsx::workbook::model::Workbook::from_package_with_styles'litchi_xlsx::workbook::edit::semantic::transaction::Edit::commit
0 24

fn=(14334)
0 12

fn=(14308)
0 24

fn=(13772)
0 5111808
cfn=(13776) litchi_xlsx::raw::worksheet::edit::codec::snapshot::scan::Scanner::cell_address'litchi_xlsx::raw::worksheet::edit::codec::snapshot::scan::Scanner::start_cell'litchi_xlsx::raw::worksheet::edit::codec::snapshot::scan::scan_with_limit'litchi_xlsx::raw::worksheet::edit::package::rewrite
calls=393216 0 
0 611321527
0 3145728
cfn=(13822) litchi_xlsx::raw::worksheet::edit::codec::wire::cell_tag'litchi_xlsx::raw::worksheet::edit::codec::snapshot::scan::Scanner::start_cell'litchi_xlsx::raw::worksheet::edit::codec::snapshot::scan::scan_with_limit'litchi_xlsx::raw::worksheet::edit::package::rewrite
calls=393216 0 
0 322213098
0 12976128

fn=(13822)
0 16515072
cfn=(13824) <quick_xml::events::attributes::Attributes as core::iter::traits::iterator::Iterator>::next'litchi_xlsx::raw::worksheet::edit::codec::wire::cell_tag'litchi_xlsx::raw::worksheet::edit::codec::snapshot::scan::Scanner::start_cell'litchi_xlsx::raw::worksheet::edit::codec::snapshot::scan::scan_with_limit
calls=393216 0 
0 138387328
0 1179648
cfn=(13824)
calls=393216 0 
0 22413312
0 8650752
cfn=(13830)
calls=393216 0 
0 15110406
0 3145728
cfn=(13832) quick_xml::events::attributes::Attribute::decoded_and_normalized_value'litchi_xlsx::raw::worksheet::edit::codec::wire::cell_tag'litchi_xlsx::raw::worksheet::edit::codec::snapshot::scan::Scanner::start_cell'litchi_xlsx::raw::worksheet::edit::codec::snapshot::scan::scan_with_limit
calls=393216 0 
0 75902358
0 19660800
cfn=(13840)
calls=393216 0 
0 13776590
0 7471104

fn=(5214) <alloc::collections::btree::map::IntoIter<K,V,A> as core::ops::drop::Drop>::drop'litchi_xlsx::raw::worksheet::edit::codec::snapshot::write::sheet_data::write_sheet_data'litchi_xlsx::raw::worksheet::edit::package::rewrite'litchi_xlsx::workbook::edit::semantic::transaction::Edit::commit
0 66
cfn=(5216)
calls=6 0 
0 162
0 66

fn=(13656) <alloc::collections::btree::map::IntoIter<K,V,A> as core::ops::drop::Drop>::drop'litchi_xlsx::workbook::edit::semantic::transaction::Edit::commit'litchi_perf_baseline::run_xlsx_update_commit'litchi_perf_baseline::run_case_with_config
0 21
cfn=(13658)
calls=3 0 
0 81
0 63
cfn=(13658)
calls=6 0 
0 162
0 42

fn=(2460) core::slice::memchr::memchr_aligned'<core::str::pattern::CharSearcher as core::str::pattern::Searcher>::next_match'litchi_opc::package::is_signature_relationship_or_target'litchi_opc::package::OpcPackage::is_signed
0 2340

fn=(3266) core::slice::memchr::memchr_aligned'<core::str::pattern::CharSearcher as core::str::pattern::Searcher>::next_match'litchi_opc::rel::Relationship::target_partname'litchi_xlsx::workbook::package::validate_sheet_graph
0 780

fn=(3270) core::slice::memchr::memchr_aligned'litchi_opc::packuri::PackURI::from_rel_ref'litchi_opc::rel::Relationship::target_partname'litchi_xlsx::workbook::package::validate_sheet_graph
0 390

fn=(2588)
0 1356

fn=(2538)
0 1896

fn=(2596)
0 1356

fn=(2580)
0 861

fn=(2468)
0 1620

fn=(5416) core::slice::memchr::memchr_aligned'litchi_xlsx::raw::web::check::Probe::observe_start'litchi_xlsx::raw::web::check::Probe::observe'litchi_xlsx::raw::compact::changed_worksheet
0 1020

fn=(13884) __rustc::__rust_no_alloc_shim_is_unstable_v2'litchi_xlsx::raw::worksheet::edit::codec::snapshot::write::sheet_data::write_sheet_data'litchi_xlsx::raw::worksheet::edit::package::rewrite'litchi_xlsx::workbook::edit::semantic::transaction::Edit::commit
0 7866

fn=(5358) __rustc::__rust_no_alloc_shim_is_unstable_v2'quick_xml::events::BytesStart::push_attribute'litchi_xlsx::raw::compact::write_start'litchi_xlsx::raw::compact::changed_worksheet
0 394764

fn=(8848) __rustc::__rust_no_alloc_shim_is_unstable_v2'<alloc::raw_vec::RawVecInner>::finish_grow'<alloc::string::String>::try_reserve_exact'litchi_xlsx::calculation_properties::snapshot::copy_string
0 12

fn=(2526) __rustc::__rust_no_alloc_shim_is_unstable_v2'<alloc::raw_vec::RawVecInner>::finish_grow'<alloc::raw_vec::RawVecInner<_>>::reserve::do_reserve_and_handle::<alloc::alloc::Global>'<alloc::string::String as core::fmt::Write>::write_str
0 18

fn=(5742) __rustc::__rust_no_alloc_shim_is_unstable_v2'<alloc::raw_vec::RawVecInner>::finish_grow'<alloc::string::String>::try_reserve'litchi_xlsx::raw::worksheet::codec::<impl litchi_xlsx::raw::worksheet::model::Parser>::push_text
0 786432

fn=(8780) __rustc::__rust_no_alloc_shim_is_unstable_v2'<alloc::vec::Vec<T> as alloc::vec::spec_from_iter_nested::SpecFromIterNested<T,I>>::from_iter'litchi_xlsx::calculation_properties::codec::collapse_whitespace'litchi_xlsx::calculation_properties::codec::parse_calc_attributes
0 30

fn=(8542) __rustc::__rust_no_alloc_shim_is_unstable_v2'<alloc::vec::Vec<T> as alloc::vec::spec_from_iter_nested::SpecFromIterNested<T,I>>::from_iter'litchi_xlsx::workbook::model::Workbook::from_package_with_styles'litchi_xlsx::workbook::edit::semantic::transaction::Edit::commit
0 3

fn=(8558) __rustc::__rust_no_alloc_shim_is_unstable_v2'alloc::boxed::box_new_uninit'litchi_xlsx::workbook::model::Workbook::from_package_with_styles'litchi_xlsx::workbook::edit::semantic::transaction::Edit::commit
0 3

fn=(14058) __rustc::__rust_no_alloc_shim_is_unstable_v2'alloc::boxed::box_new_uninit'litchi_xlsx::workbook::edit::semantic::transaction::Edit::commit'litchi_perf_baseline::run_xlsx_update_commit
0 6

fn=(8370) __rustc::__rust_no_alloc_shim_is_unstable_v2'litchi_xlsx::raw::catalog::parse_catalog'litchi_xlsx::workbook::model::Workbook::from_package_with_styles'litchi_xlsx::workbook::edit::semantic::transaction::Edit::commit
0 57

fn=(7386) __rustc::__rust_no_alloc_shim_is_unstable_v2'quick_xml::events::Event::into_owned'litchi_xlsx::calculation_properties::rewriter::inspect_layout'litchi_xlsx::calculation_properties::codec::inspect_with_policy
0 48

fn=(2794) __rustc::__rust_no_alloc_shim_is_unstable_v2'quick_xml::events::Event::into_owned'litchi_xlsx::raw::catalog::parse_catalog'litchi_xlsx::workbook::model::Workbook::from_package_with_styles
0 24

fn=(8702) __rustc::__rust_no_alloc_shim_is_unstable_v2'quick_xml::events::Event::into_owned'litchi_xlsx::calculation_properties::codec::inspect_with_policy'litchi_xlsx::calculation_properties::snapshot::Snapshot::load_with_limits
0 24

fn=(7644) __rustc::__rust_no_alloc_shim_is_unstable_v2'quick_xml::events::Event::into_owned'litchi_xlsx::calculation_properties::codec::inspect_with_policy'litchi_xlsx::raw::recalc::invalidate
0 24

fn=(8146) __rustc::__rust_no_alloc_shim_is_unstable_v2'<T as litchi_opc::part::PartClone>::clone_part'alloc::boxed::iter::<impl core::iter::traits::iterator::Iterator for alloc::boxed::Box<I,A>>::next'<hashbrown::map::HashMap<K,V,S,A> as core::clone::Clone>::clone
0 12

fn=(4832) __rustc::__rust_no_alloc_shim_is_unstable_v2'litchi_xlsx::raw::worksheet::edit::codec::validation::ExtensionNames::plan'litchi_xlsx::raw::worksheet::edit::package::rewrite'litchi_xlsx::workbook::edit::semantic::transaction::Edit::commit
0 6

fn=(5814) __rustc::__rust_no_alloc_shim_is_unstable_v2'litchi_xlsx::cell::Number::new'litchi_xlsx::raw::worksheet::semantic::parse_value'litchi_xlsx::raw::worksheet::semantic::materialize
0 786432

fn=(3168) __rustc::__rust_no_alloc_shim_is_unstable_v2'<alloc::string::String as core::clone::Clone>::clone'litchi_xlsx::raw::catalog::WorkbookInfo::process_element'litchi_xlsx::raw::catalog::parse_catalog
0 6

fn=(13642) __rustc::__rust_no_alloc_shim_is_unstable_v2'<alloc::string::String as core::clone::Clone>::clone'litchi_xlsx::workbook::edit::semantic::transaction::Edit::commit'litchi_perf_baseline::run_xlsx_update_commit
0 3939

fn=(14190) __rustc::__rust_no_alloc_shim_is_unstable_v2'<alloc::string::String as core::clone::Clone>::clone'<litchi_opc::part::XmlPart as core::clone::Clone>::clone'<T as litchi_opc::part::PartClone>::clone_part
0 48

fn=(3302) __rustc::__rust_no_alloc_shim_is_unstable_v2'<alloc::string::String as core::clone::Clone>::clone'litchi_xlsx::workbook::package::validate_sheet_graph'litchi_xlsx::workbook::model::Workbook::from_package_with_styles
0 12

fn=(6920) __rustc::__rust_no_alloc_shim_is_unstable_v2'<alloc::string::String as core::clone::Clone>::clone'litchi_xlsx::chain::package::main_workbook_uri'litchi_xlsx::chain::package::validate_package
0 3

fn=(8118) __rustc::__rust_no_alloc_shim_is_unstable_v2'<alloc::string::String as core::clone::Clone>::clone'<hashbrown::map::HashMap<K,V,S,A> as core::clone::Clone>::clone'<litchi_opc::package::OpcPackage as core::clone::Clone>::clone
0 39

fn=(8830) __rustc::__rust_no_alloc_shim_is_unstable_v2'<alloc::string::String as core::clone::Clone>::clone'litchi_xlsx::calculation_properties::snapshot::Snapshot::load_with_limits'litchi_xlsx::workbook::model::Workbook::calculation_metadata
0 3

fn=(8458) __rustc::__rust_no_alloc_shim_is_unstable_v2'<alloc::string::String as core::clone::Clone>::clone'litchi_xlsx::workbook::model::Workbook::from_package_with_styles'litchi_xlsx::workbook::edit::semantic::transaction::Edit::commit
0 3

fn=(14214) __rustc::__rust_no_alloc_shim_is_unstable_v2'<alloc::string::String as core::clone::Clone>::clone'<hashbrown::raw::RawTable<T,A> as core::clone::Clone>::clone'<litchi_opc::part::XmlPart as core::clone::Clone>::clone
0 54

fn=(8510) __rustc::__rust_no_alloc_shim_is_unstable_v2'<alloc::string::String as core::clone::Clone>::clone'litchi_xlsx::workbook::model::page_break_caches'litchi_xlsx::workbook::model::Workbook::from_package_with_styles
0 6

fn=(8094) __rustc::__rust_no_alloc_shim_is_unstable_v2'<alloc::string::String as core::clone::Clone>::clone'<litchi_opc::package::OpcPackage as core::clone::Clone>::clone'litchi_xlsx::workbook::edit::semantic::transaction::Edit::commit
0 3

fn=(8188) __rustc::__rust_no_alloc_shim_is_unstable_v2'<alloc::string::String as core::clone::Clone>::clone'litchi_opc::package::OpcPackage::get_part_mut'litchi_xlsx::workbook::edit::semantic::transaction::Edit::commit
0 6

fn=(4394) __rustc::__rust_no_alloc_shim_is_unstable_v2'alloc::raw_vec::RawVecInner<A>::finish_grow'alloc::raw_vec::RawVec<T,A>::grow_one'alloc::vec::Vec<T,A>::push_mut
0 6

fn=(2912) __rustc::__rust_no_alloc_shim_is_unstable_v2'alloc::raw_vec::RawVecInner<A>::finish_grow'alloc::raw_vec::RawVec<T,A>::grow_one'litchi_xlsx::raw::catalog::parse_catalog
0 3

fn=(2702) __rustc::__rust_no_alloc_shim_is_unstable_v2'alloc::raw_vec::RawVecInner<A>::finish_grow'alloc::raw_vec::RawVec<T,A>::grow_one'<quick_xml::name::NamespaceResolver as core::default::Default>::default
0 39

fn=(2548) __rustc::__rust_no_alloc_shim_is_unstable_v2'alloc::raw_vec::RawVecInner<A>::finish_grow'alloc::raw_vec::RawVec<T,A>::grow_one'litchi_opc::packuri::PackURI::from_rel_ref
0 18

fn=(2946) __rustc::__rust_no_alloc_shim_is_unstable_v2'alloc::raw_vec::RawVecInner<A>::finish_grow'alloc::raw_vec::RawVec<T,A>::grow_one'quick_xml::events::attributes::IterState::check_for_duplicates
0 2400870

fn=(4554) __rustc::__rust_no_alloc_shim_is_unstable_v2'alloc::raw_vec::RawVecInner<A>::finish_grow'alloc::raw_vec::RawVec<T,A>::grow_one'litchi_xlsx::raw::worksheet::edit::codec::wire::tag
0 1548

fn=(4574) __rustc::__rust_no_alloc_shim_is_unstable_v2'alloc::raw_vec::RawVecInner<A>::finish_grow'alloc::raw_vec::RawVec<T,A>::grow_one'litchi_xlsx::raw::worksheet::edit::codec::snapshot::scan::scan_with_limit
0 394764

fn=(2852) __rustc::__rust_no_alloc_shim_is_unstable_v2'alloc::raw_vec::RawVecInner<A>::finish_grow'alloc::raw_vec::RawVec<T,A>::grow_one'quick_xml::reader::state::ReaderState::emit_start
0 39

fn=(4144) __rustc::__rust_no_alloc_shim_is_unstable_v2'alloc::raw_vec::RawVecInner<A>::finish_grow'alloc::raw_vec::RawVec<T,A>::grow_one'litchi_xlsx::raw::worksheet::codec::<impl litchi_xlsx::raw::worksheet::model::Parser>::parse
0 12

fn=(5338) __rustc::__rust_no_alloc_shim_is_unstable_v2'alloc::raw_vec::RawVecInner<A>::finish_grow'alloc::raw_vec::RawVec<T,A>::grow_one'litchi_xlsx::raw::compact::changed_worksheet
0 6

fn=(2712) __rustc::__rust_no_alloc_shim_is_unstable_v2'alloc::raw_vec::RawVecInner<A>::finish_grow'alloc::raw_vec::RawVecInner<A>::reserve::do_reserve_and_handle'<quick_xml::name::NamespaceResolver as core::default::Default>::default
0 39

fn=(7494) __rustc::__rust_no_alloc_shim_is_unstable_v2'alloc::raw_vec::RawVecInner<A>::finish_grow'alloc::raw_vec::RawVecInner<A>::reserve::do_reserve_and_handle'<[T] as alloc::slice::SpecCloneIntoVec<T,A>>::clone_into
0 6

fn=(2860) __rustc::__rust_no_alloc_shim_is_unstable_v2'alloc::raw_vec::RawVecInner<A>::finish_grow'alloc::raw_vec::RawVecInner<A>::reserve::do_reserve_and_handle'quick_xml::reader::state::ReaderState::emit_start
0 39

fn=(3120) __rustc::__rust_no_alloc_shim_is_unstable_v2'alloc::raw_vec::RawVecInner<A>::finish_grow'alloc::raw_vec::RawVecInner<A>::reserve::do_reserve_and_handle'<alloc::string::String as core::iter::traits::collect::FromIterator<char>>::from_iter
0 12

fn=(5868) __rustc::__rust_no_alloc_shim_is_unstable_v2'alloc::raw_vec::RawVecInner<A>::finish_grow'litchi_xlsx::cell::Store::from_unsorted'litchi_xlsx::raw::worksheet::codec::<impl litchi_xlsx::raw::worksheet::model::Parser>::parse
0 12

fn=(4790) __rustc::__rust_no_alloc_shim_is_unstable_v2'alloc::raw_vec::RawVecInner<A>::finish_grow'litchi_xlsx::column::Assignments<T>::new'litchi_xlsx::raw::worksheet::edit::validation::validate_column_actions
0 6

fn=(3902) __rustc::__rust_no_alloc_shim_is_unstable_v2'alloc::raw_vec::RawVecInner<A>::finish_grow'litchi_xlsx::workbook::edit::validation::FinalOrder::plan'litchi_xlsx::workbook::edit::semantic::transaction::Edit::commit
0 6

fn=(5792) __rustc::__rust_no_alloc_shim_is_unstable_v2'alloc::raw_vec::RawVecInner<A>::finish_grow'alloc::raw_vec::RawVecInner<A>::try_reserve'litchi_xlsx::raw::worksheet::codec::<impl litchi_xlsx::raw::worksheet::model::Parser>::parse
0 12

fn=(4844) __rustc::__rust_no_alloc_shim_is_unstable_v2'alloc::raw_vec::RawVecInner<A>::finish_grow'alloc::raw_vec::RawVecInner<A>::try_reserve'litchi_xlsx::raw::worksheet::edit::package::rewrite
0 6

fn=(5756) __rustc::__rust_no_alloc_shim_is_unstable_v2'alloc::raw_vec::RawVecInner<A>::finish_grow'alloc::raw_vec::RawVecInner<A>::try_reserve'litchi_xlsx::raw::worksheet::codec::<impl litchi_xlsx::raw::worksheet::model::Parser>::finish
0 24

fn=(5266) __rustc::__rust_no_alloc_shim_is_unstable_v2'alloc::raw_vec::RawVecInner<A>::finish_grow'litchi_xlsx::raw::compact::changed_worksheet'litchi_xlsx::workbook::edit::semantic::transaction::Edit::commit
0 6

fn=(7364) __rustc::__rust_no_alloc_shim_is_unstable_v2'alloc::raw_vec::RawVecInner<A>::finish_grow'litchi_xlsx::calculation_properties::rewriter::inspect_layout'litchi_xlsx::calculation_properties::codec::inspect_with_policy
0 6

fn=(3044) __rustc::__rust_no_alloc_shim_is_unstable_v2'litchi_ooxml_common::relationships::codec::attribute_value'litchi_xlsx::raw::catalog::WorkbookInfo::process_element'litchi_xlsx::raw::catalog::parse_catalog
0 6

fn=(8412) __rustc::__rust_no_alloc_shim_is_unstable_v2'litchi_xlsx::workbook::package::validate_sheet_graph'litchi_xlsx::workbook::model::Workbook::from_package_with_styles'litchi_xlsx::workbook::edit::semantic::transaction::Edit::commit
0 3

fn=(4370) __rustc::__rust_no_alloc_shim_is_unstable_v2'alloc::collections::btree::map::entry::VacantEntry<K,V,A>::insert_entry'alloc::collections::btree::map::BTreeMap<K,V,A>::insert'litchi_xlsx::workbook::edit::semantic::transaction::Edit::commit
0 657

fn=(4990) __rustc::__rust_no_alloc_shim_is_unstable_v2'alloc::collections::btree::map::entry::VacantEntry<K,V,A>::insert_entry'litchi_xlsx::raw::worksheet::edit::codec::snapshot::write::sheet_data::write_sheet_data'litchi_xlsx::raw::worksheet::edit::package::rewrite
0 1536

fn=(13560) __rustc::__rust_no_alloc_shim_is_unstable_v2'litchi_xlsx::workbook::edit::package::active_tab_at'litchi_xlsx::workbook::edit::semantic::transaction::Edit::commit'litchi_perf_baseline::run_xlsx_update_commit
0 3

fn=(3992) __rustc::__rust_no_alloc_shim_is_unstable_v2'litchi_xlsx::workbook::edit::package::active_tab_at'litchi_xlsx::workbook::edit::semantic::transaction::Edit::commit::{{closure}}'litchi_xlsx::workbook::edit::semantic::transaction::Edit::commit
0 3

fn=(4352) __rustc::__rust_no_alloc_shim_is_unstable_v2'<alloc::boxed::Box<str> as core::clone::Clone>::clone'litchi_xlsx::workbook::edit::model::State::after'litchi_xlsx::workbook::edit::semantic::transaction::Edit::commit
0 3933

fn=(5906) __rustc::__rust_no_alloc_shim_is_unstable_v2'<alloc::boxed::Box<str> as core::clone::Clone>::clone'<litchi_xlsx::cell::Cell as core::clone::Clone>::clone'litchi_xlsx::workbook::edit::model::State::read
0 7866

fn=(13900) __rustc::__rust_no_alloc_shim_is_unstable_v2'litchi_sheet::Cell::a1'litchi_xlsx::raw::worksheet::edit::codec::snapshot::write::sheet_data::write_sheet_data'litchi_xlsx::raw::worksheet::edit::package::rewrite
0 11799

fn=(8666) __rustc::__rust_no_alloc_shim_is_unstable_v2'litchi_xlsx::calculation_properties::codec::inspect_with_policy'litchi_xlsx::calculation_properties::snapshot::Snapshot::load_with_limits'litchi_xlsx::workbook::model::Workbook::calculation_metadata
0 69

fn=(7586) __rustc::__rust_no_alloc_shim_is_unstable_v2'litchi_xlsx::calculation_properties::codec::inspect_with_policy'litchi_xlsx::raw::recalc::invalidate'litchi_xlsx::workbook::edit::semantic::transaction::Edit::commit
0 69

fn=(3438) __rustc::__rust_no_alloc_shim_is_unstable_v2'<core::iter::adapters::map::Map<I,F> as core::iter::traits::iterator::Iterator>::try_fold'alloc::vec::in_place_collect::from_iter_in_place'core::iter::adapters::try_process
0 12

fn=(4526) __rustc::__rust_no_alloc_shim_is_unstable_v2'litchi_xlsx::raw::worksheet::edit::codec::wire::tag'litchi_xlsx::raw::worksheet::edit::codec::snapshot::scan::scan_with_limit'litchi_xlsx::raw::worksheet::edit::package::rewrite
0 24

fn=(4638) __rustc::__rust_no_alloc_shim_is_unstable_v2'litchi_xlsx::raw::worksheet::edit::codec::wire::tag'litchi_xlsx::raw::worksheet::edit::codec::snapshot::scan::Scanner::record_dimension'litchi_xlsx::raw::worksheet::edit::codec::snapshot::scan::scan_with_limit
0 18

fn=(13718) __rustc::__rust_no_alloc_shim_is_unstable_v2'litchi_xlsx::raw::worksheet::edit::codec::wire::tag'litchi_xlsx::raw::worksheet::edit::codec::snapshot::scan::Scanner::start_row'litchi_xlsx::raw::worksheet::edit::codec::snapshot::scan::scan_with_limit
0 4608

fn=(5688) __rustc::__rust_no_alloc_shim_is_unstable_v2'litchi_xlsx::raw::worksheet::codec::decode_cell_attribute'litchi_xlsx::raw::worksheet::codec::scan_cell_attributes'litchi_xlsx::raw::worksheet::codec::<impl litchi_xlsx::raw::worksheet::model::Parser>::start_cell
0 786432

fn=(8106) __rustc::__rust_no_alloc_shim_is_unstable_v2'<hashbrown::map::HashMap<K,V,S,A> as core::clone::Clone>::clone'<litchi_opc::package::OpcPackage as core::clone::Clone>::clone'litchi_xlsx::workbook::edit::semantic::transaction::Edit::commit
0 9

fn=(14118)
0 3

fn=(4618)
0 6

fn=(2980)
0 6

fn=(4180)
0 12

fn=(5548)
0 3072

fn=(13694)
0 1536

fn=(13798)
0 393216

fn=(3090)
0 6

fn=(2658)
0 84

fn=(3176)
0 3

fn=(2560)
0 18

fn=(7564)
0 102

fn=(4054)
0 204

fn=(2640)
0 51

fn=(5148)
0 3933

fn=(14156)
0 3

fn=(3246)
0 3

fn=(3156)
0 108

fn=(3948)
0 3

fn=(8492)
0 3

fn=(4980)
0 252

fn=(14202)
0 3

fn=(13940)
0 3933

fn=(13926)
0 3933

fn=(8632)
0 54

fn=(7398)
0 54

fn=(7476)
0 30

fn=(8076) <alloc::vec::into_iter::IntoIter<T,A> as core::ops::drop::Drop>::drop'<alloc::vec::into_iter::IntoIter<T,A> as core::iter::traits::iterator::Iterator>::fold'alloc::vec::Vec<T,A>::extend_trusted'litchi_xlsx::workbook::edit::semantic::transaction::Edit::commit
0 75

fn=(3448)
0 69

fn=(5852)
0 138
cfn=(5854)
calls=6 0 
0 802

fn=(4230)
0 138
cfn=(5854)
calls=10 0 
0 816

fn=(14342)
0 99

fn=(14176) <alloc::vec::into_iter::IntoIter<T,A> as core::ops::drop::Drop>::drop'<alloc::vec::Vec<T,A1> as alloc::vec::spec_extend::SpecExtend<T,alloc::vec::into_iter::IntoIter<T,A2>>>::spec_extend'litchi_xlsx::workbook::edit::semantic::transaction::Edit::commit'litchi_perf_baseline::run_xlsx_update_commit
0 162

fn=(2516)
0 900
cfn=(2520) <alloc::string::String as core::fmt::Write>::write_str'<core::fmt::Formatter>::pad'<str as core::fmt::Display>::fmt'<&T as core::fmt::Display>::fmt
calls=165 0 
0 9127

fn=(8426) litchi_opc::package::OpcPackage::get_part'litchi_xlsx::workbook::package::validate_sheet_graph'litchi_xlsx::workbook::model::Workbook::from_package_with_styles'litchi_xlsx::workbook::edit::semantic::transaction::Edit::commit
0 90
cfn=(3290)
calls=6 0 
0 1380
0 252
cob=(2)
cfi=(233)
cfn=(3294) __memcmp_avx2_movbe'litchi_opc::package::OpcPackage::get_part'litchi_xlsx::workbook::package::validate_sheet_graph'litchi_xlsx::workbook::model::Workbook::from_package_with_styles
calls=6 73 
0 114
0 120

fn=(3426) litchi_opc::package::OpcPackage::get_part'<core::iter::adapters::map::Map<I,F> as core::iter::traits::iterator::Iterator>::try_fold'alloc::vec::in_place_collect::from_iter_in_place'core::iter::adapters::try_process
0 90
cfn=(3428)
calls=12 0 
0 1380
0 252
cob=(2)
cfi=(233)
cfn=(3432) __memcmp_avx2_movbe'litchi_opc::package::OpcPackage::get_part'<core::iter::adapters::map::Map<I,F> as core::iter::traits::iterator::Iterator>::try_fold'alloc::vec::in_place_collect::from_iter_in_place
calls=12 73 
0 126
0 120

fn=(14108) litchi_opc::package::OpcPackage::get_part'litchi_xlsx::workbook::edit::codec::calculation_chain_removal'litchi_xlsx::workbook::edit::semantic::transaction::Edit::commit'litchi_perf_baseline::run_xlsx_update_commit
0 45
cfn=(6962)
calls=3 0 
0 606
0 126
cob=(2)
cfi=(233)
cfn=(6966) __memcmp_avx2_movbe'litchi_opc::package::OpcPackage::get_part'litchi_xlsx::workbook::edit::codec::calculation_chain_removal'litchi_xlsx::workbook::edit::semantic::transaction::Edit::commit
calls=3 73 
0 57
0 60

fn=(8470) litchi_opc::package::OpcPackage::get_part'litchi_xlsx::workbook::package::same_style_table'litchi_xlsx::workbook::model::Workbook::from_package_with_styles'litchi_xlsx::workbook::edit::semantic::transaction::Edit::commit
0 90
cfn=(8472)
calls=6 0 
0 1140
0 252
cob=(2)
cfi=(233)
cfn=(8476) __memcmp_avx2_movbe'litchi_opc::package::OpcPackage::get_part'litchi_xlsx::workbook::package::same_style_table'litchi_xlsx::workbook::model::Workbook::from_package_with_styles
calls=6 73 
0 114
0 120

fn=(6932)
0 45
cfn=(6934)
calls=3 0 
0 606
0 126
cob=(2)
cfi=(233)
cfn=(6938) __memcmp_avx2_movbe'litchi_opc::package::OpcPackage::get_part'litchi_xlsx::chain::package::relationship'litchi_xlsx::chain::package::validate_package
calls=3 73 
0 57
0 60

fn=(8450)
0 45
cfn=(3356)
calls=3 0 
0 570
0 126
cob=(2)
cfi=(233)
cfn=(3360) __memcmp_avx2_movbe'litchi_opc::package::OpcPackage::get_part'litchi_xlsx::workbook::package::validate_styles'litchi_xlsx::workbook::model::Workbook::from_package_with_styles
calls=3 73 
0 57
0 60

fn=(6902)
0 45
cfn=(6904)
calls=3 0 
0 606
0 126
cob=(2)
cfi=(233)
cfn=(6906) __memcmp_avx2_movbe'litchi_opc::package::OpcPackage::get_part'litchi_opc::package::OpcPackage::main_document_part'litchi_xlsx::chain::package::main_workbook_uri
calls=3 73 
0 57
0 60

fn=(8596)
0 45
cfn=(8598)
calls=3 0 
0 606
0 126
cob=(2)
cfi=(233)
cfn=(8600) __memcmp_avx2_movbe'litchi_opc::package::OpcPackage::get_part'litchi_opc::package::OpcPackage::main_document_part'litchi_xlsx::calculation_properties::snapshot::Snapshot::load_with_limits
calls=3 73 
0 57
0 60

fn=(8350)
0 45
cfn=(2604)
calls=3 0 
0 606
0 126
cob=(2)
cfi=(233)
cfn=(2608) __memcmp_avx2_movbe'litchi_opc::package::OpcPackage::get_part'litchi_opc::package::OpcPackage::main_document_part'litchi_xlsx::workbook::model::Workbook::from_package_with_styles
calls=3 73 
0 57
0 60

fn=(8500)
0 90
cfn=(8502)
calls=6 0 
0 1380
0 252
cob=(2)
cfi=(233)
cfn=(8506) __memcmp_avx2_movbe'litchi_opc::package::OpcPackage::get_part'litchi_xlsx::workbook::model::page_break_caches'litchi_xlsx::workbook::model::Workbook::from_package_with_styles
calls=6 73 
0 114
0 120

fn=(13590) litchi_opc::package::OpcPackage::get_part'litchi_xlsx::workbook::edit::semantic::transaction::Edit::commit'litchi_perf_baseline::run_xlsx_update_commit'litchi_perf_baseline::run_case_with_config
0 135
cfn=(13592)
calls=9 0 
0 1986
0 378
cob=(2)
cfi=(233)
cfn=(13594) __memcmp_avx2_movbe'litchi_opc::package::OpcPackage::get_part'litchi_xlsx::workbook::edit::semantic::transaction::Edit::commit'litchi_perf_baseline::run_xlsx_update_commit
calls=9 73 
0 171
0 180

fn=(13578) litchi_opc::package::OpcPackage::get_part'litchi_xlsx::workbook::model::Worksheet::store'litchi_xlsx::workbook::edit::semantic::transaction::Edit::commit'litchi_perf_baseline::run_xlsx_update_commit
0 90
cfn=(4012)
calls=6 0 
0 1380
0 252
cob=(2)
cfi=(233)
cfn=(4016) __memcmp_avx2_movbe'litchi_opc::package::OpcPackage::get_part'litchi_xlsx::workbook::model::Worksheet::store'litchi_xlsx::workbook::edit::semantic::transaction::Edit::commit
calls=6 73 
0 114
0 120

fn=(8408) <hashbrown::raw::RawTable<T,A> as core::ops::drop::Drop>::drop'litchi_xlsx::raw::catalog::parse_catalog'litchi_xlsx::workbook::model::Workbook::from_package_with_styles'litchi_xlsx::workbook::edit::semantic::transaction::Edit::commit
0 99
cfn=(3226)
calls=3 0 
0 105
0 171
cfn=(3226)
calls=6 0 
0 210
0 63
cfn=(3226)
calls=3 0 
0 105
0 228
cfn=(3226)
calls=6 0 
0 210
0 63
cfn=(3226)
calls=3 0 
0 105
0 48

fn=(14350) <hashbrown::raw::RawTable<T,A> as core::ops::drop::Drop>::drop'litchi_xlsx::workbook::edit::semantic::transaction::Edit::commit'litchi_perf_baseline::run_xlsx_update_commit'litchi_perf_baseline::run_case_with_config
0 12

fn=(4720) <hashbrown::raw::RawTable<T,A> as core::ops::drop::Drop>::drop'litchi_xlsx::raw::worksheet::edit::codec::snapshot::scan::Scanner::finish_layout'litchi_xlsx::raw::worksheet::edit::codec::snapshot::scan::scan_with_limit'litchi_xlsx::raw::worksheet::edit::package::rewrite
0 24

fn=(8820) <hashbrown::raw::RawTable<T,A> as core::ops::drop::Drop>::drop'litchi_xlsx::calculation_properties::codec::inspect_with_policy'litchi_xlsx::calculation_properties::snapshot::Snapshot::load_with_limits'litchi_xlsx::workbook::model::Workbook::calculation_metadata
0 177
cfn=(8822)
calls=6 0 
0 210
0 36
cfn=(8822)
calls=6 0 
0 210
0 66
cfn=(8822)
calls=3 0 
0 105
0 1005
cfn=(8822)
calls=54 0 
0 1890
0 111
cfn=(8822)
calls=3 0 
0 105

fn=(7732) <hashbrown::raw::RawTable<T,A> as core::ops::drop::Drop>::drop'litchi_xlsx::calculation_properties::codec::inspect_with_policy'litchi_xlsx::raw::recalc::invalidate'litchi_xlsx::workbook::edit::semantic::transaction::Edit::commit
0 177
cfn=(7734)
calls=6 0 
0 210
0 36
cfn=(7734)
calls=6 0 
0 210
0 66
cfn=(7734)
calls=3 0 
0 105
0 1005
cfn=(7734)
calls=54 0 
0 2005
0 111
cfn=(7734)
calls=3 0 
0 105

fn=(5488)
0 108

fn=(4070)
0 108

fn=(2690)
0 54

fn=(14322)
0 108
cfn=(8566) core::ptr::drop_in_place<(litchi_opc::packuri::PackURI,litchi_xlsx::workbook::model::SourcePageBreakProjection)>'<hashbrown::raw::RawTable<T,A> as core::ops::drop::Drop>::drop'litchi_xlsx::workbook::model::Workbook::from_package_with_styles'litchi_xlsx::workbook::edit::semantic::transaction::Edit::commit
calls=6 0 
0 330
0 84
cfn=(8574)
calls=3 0 
0 105

fn=(5884)
0 72
cfn=(5886)
calls=6 0 
0 756

fn=(4266)
0 72
cfn=(5886)
calls=10 0 
0 756

fn=(5316)
0 18139380

fn=(7460)
0 1440

fn=(7636)
0 72
cfn=(4100) memchr::arch::x86_64::avx2::memchr::One::find_raw_avx2'memchr::arch::x86_64::avx2::memchr::One::find_raw'memchr::arch::x86_64::memchr::memchr_raw::find_avx2'quick_xml::reader::Reader<R>::read_event_impl
calls=6 0 
0 274
0 12

fn=(4468)
0 72
cfn=(4100)
calls=6 0 
0 272
0 12

fn=(4098)
0 144
cfn=(4100)
calls=14 0 
0 542
0 24

fn=(5280)
0 72
cfn=(4100)
calls=6 0 
0 274
0 12

fn=(7378)
0 72
cfn=(4100)
calls=6 0 
0 274
0 12

fn=(7004)
0 36
cfn=(4100)
calls=6 0 
0 136
0 6

fn=(7682)
0 2076

fn=(4498)
0 36279138

fn=(4128)
0 72558276

fn=(7436)
0 2076

fn=(2892)
0 1038

fn=(7466)
0 1440

fn=(2904)
0 924

fn=(2926)
0 546

fn=(5674)
0 18087936

fn=(4156)
0 72558276

fn=(3020)
0 696

fn=(2962)
0 9858744

fn=(4510)
0 54419274

fn=(4516)
0 81550422

fn=(4590)
0 72505608

fn=(4136)
0 1512

fn=(7454)
0 5052

fn=(5426)
0 36279138

fn=(8762)
0 2220

fn=(13760)
0 35328

fn=(3030)
0 150

fn=(8732)
0 720

fn=(7698)
0 720

fn=(5668)
0 18087936

fn=(2956)
0 9859194

fn=(7456)
0 1548
cob=(2)
cfi=(233)
cfn=(7506) __memcmp_avx2_movbe'quick_xml::name::NamespaceResolver::resolve_prefix'litchi_xlsx::calculation_properties::rewriter::inspect_start'litchi_xlsx::calculation_properties::rewriter::inspect_layout
calls=12 73 
0 120
0 2334

fn=(8724) quick_xml::name::NamespaceResolver::resolve_prefix'quick_xml::name::NamespaceResolver::resolve_event'litchi_xlsx::calculation_properties::codec::inspect_with_policy'litchi_xlsx::calculation_properties::snapshot::Snapshot::load_with_limits
0 1134

fn=(7684) quick_xml::name::NamespaceResolver::resolve_prefix'quick_xml::name::NamespaceResolver::resolve_event'litchi_xlsx::calculation_properties::codec::inspect_with_policy'litchi_xlsx::raw::recalc::invalidate
0 1134

fn=(4500) quick_xml::name::NamespaceResolver::resolve_prefix'quick_xml::name::NamespaceResolver::resolve_event'litchi_xlsx::raw::worksheet::edit::codec::snapshot::scan::scan_with_limit'litchi_xlsx::raw::worksheet::edit::package::rewrite
0 75646368

fn=(4130) quick_xml::name::NamespaceResolver::resolve_prefix'quick_xml::name::NamespaceResolver::resolve_event'litchi_xlsx::raw::worksheet::codec::<impl litchi_xlsx::raw::worksheet::model::Parser>::parse'litchi_xlsx::raw::worksheet::parse
0 151292736

fn=(7438) quick_xml::name::NamespaceResolver::resolve_prefix'quick_xml::name::NamespaceResolver::resolve_event'litchi_xlsx::calculation_properties::rewriter::inspect_layout'litchi_xlsx::calculation_properties::codec::inspect_with_policy
0 2268

fn=(2896) quick_xml::name::NamespaceResolver::resolve_prefix'quick_xml::name::NamespaceResolver::resolve_event'litchi_xlsx::raw::catalog::parse_catalog'litchi_xlsx::workbook::model::Workbook::from_package_with_styles
0 1134

fn=(5428) quick_xml::name::NamespaceResolver::resolve_prefix'litchi_xlsx::raw::web::check::classify_name'litchi_xlsx::raw::web::check::Probe::observe_start'litchi_xlsx::raw::web::check::Probe::observe
0 37823328

fn=(5460) quick_xml::name::NamespaceResolver::resolve_prefix'litchi_xlsx::raw::web::check::classify_name'litchi_xlsx::raw::web::check::Probe::observe'litchi_xlsx::raw::compact::changed_worksheet
0 37823040

fn=(8764) quick_xml::name::NamespaceResolver::resolve_prefix'litchi_xlsx::calculation_properties::codec::parse_calc_attributes'litchi_xlsx::calculation_properties::codec::inspect_with_policy'litchi_xlsx::calculation_properties::snapshot::Snapshot::load_with_limits
0 405

fn=(14136) quick_xml::name::NamespaceResolver::resolve_prefix'litchi_xlsx::calculation_properties::codec::parse_calc_attributes'litchi_xlsx::calculation_properties::codec::inspect_with_policy'litchi_xlsx::raw::recalc::invalidate
0 405

fn=(13762) quick_xml::name::NamespaceResolver::resolve_prefix'litchi_xlsx::raw::worksheet::x14ac::attribute_name'litchi_xlsx::raw::worksheet::edit::codec::snapshot::scan::Scanner::start_row'litchi_xlsx::raw::worksheet::edit::codec::snapshot::scan::scan_with_limit
0 41472

fn=(3032) quick_xml::name::NamespaceResolver::resolve_prefix'litchi_ooxml_common::relationships::codec::attribute_value'litchi_xlsx::raw::catalog::WorkbookInfo::process_element'litchi_xlsx::raw::catalog::parse_catalog
0 228
cob=(2)
cfi=(233)
cfn=(3034) __memcmp_avx2_movbe'quick_xml::name::NamespaceResolver::resolve_prefix'litchi_ooxml_common::relationships::codec::attribute_value'litchi_xlsx::raw::catalog::WorkbookInfo::process_element
calls=12 73 
0 60
0 174

fn=(8772)
0 1608

fn=(3042)
0 336

fn=(4548)
0 75636

fn=(5686)
0 46288896

fn=(2978)
0 23365278

fn=(13838)
0 23144448

fn=(3110) litchi_xlsx::sheet::key'litchi_xlsx::raw::catalog::WorkbookInfo::process_element'litchi_xlsx::raw::catalog::parse_catalog'litchi_xlsx::workbook::model::Workbook::from_package_with_styles
0 210
cfn=(3114) <alloc::string::String as core::iter::traits::collect::FromIterator<char>>::from_iter'litchi_xlsx::sheet::key'litchi_xlsx::raw::catalog::WorkbookInfo::process_element'litchi_xlsx::raw::catalog::parse_catalog
calls=12 0 
0 14418
0 72
cfn=(3138)
calls=12 0 
0 882
0 48

fn=(3412) litchi_xlsx::sheet::key'<core::iter::adapters::map::Map<I,F> as core::iter::traits::iterator::Iterator>::try_fold'alloc::vec::in_place_collect::from_iter_in_place'core::iter::adapters::try_process
0 210
cfn=(3414) <alloc::string::String as core::iter::traits::collect::FromIterator<char>>::from_iter'litchi_xlsx::sheet::key'<core::iter::adapters::map::Map<I,F> as core::iter::traits::iterator::Iterator>::try_fold'alloc::vec::in_place_collect::from_iter_in_place
calls=12 0 
0 14662
0 72
cfn=(3422)
calls=12 0 
0 882
0 48

fn=(3114)
0 240
cob=(2)
cfi=(203)
cfn=(3124) __memcpy_avx_unaligned_erms'<alloc::string::String as core::iter::traits::collect::FromIterator<char>>::from_iter'litchi_xlsx::sheet::key'litchi_xlsx::raw::catalog::WorkbookInfo::process_element
calls=12 255 
0 180
0 207
cfn=(3128)
calls=78 0 
0 10458
0 12
cfn=(3128)
calls=12 0 
0 1902
0 735
cfn=(3116) alloc::raw_vec::RawVecInner<A>::reserve::do_reserve_and_handle'<alloc::string::String as core::iter::traits::collect::FromIterator<char>>::from_iter'litchi_xlsx::sheet::key'litchi_xlsx::raw::catalog::WorkbookInfo::process_element
calls=12 0 
0 678
0 6

fn=(3414)
0 240
cob=(2)
cfi=(203)
cfn=(3418) __memcpy_avx_unaligned_erms'<alloc::string::String as core::iter::traits::collect::FromIterator<char>>::from_iter'litchi_xlsx::sheet::key'<core::iter::adapters::map::Map<I,F> as core::iter::traits::iterator::Iterator>::try_fold
calls=12 255 
0 180
0 207
cfn=(3420)
calls=78 0 
0 10458
0 12
cfn=(3420)
calls=12 0 
0 1902
0 735
cfn=(3416) alloc::raw_vec::RawVecInner<A>::reserve::do_reserve_and_handle'<alloc::string::String as core::iter::traits::collect::FromIterator<char>>::from_iter'litchi_xlsx::sheet::key'<core::iter::adapters::map::Map<I,F> as core::iter::traits::iterator::Iterator>::try_fold
calls=12 0 
0 922
0 6

fn=(5848)
0 5111808
cob=(2)
cfi=(203)
cfn=(5850) __memcpy_avx_unaligned_erms'alloc::vec::Vec<T,A>::push_mut'litchi_xlsx::raw::worksheet::codec::<impl litchi_xlsx::raw::worksheet::model::Parser>::parse'litchi_xlsx::raw::worksheet::parse
calls=393216 255 
0 11796480
0 2359296

fn=(12782)
0 5111808
cob=(2)
cfi=(203)
cfn=(5850)
calls=655360 255 
0 11796480
0 2359296

fn=(7500)
0 276

fn=(3184) alloc::vec::Vec<T,A>::push_mut'litchi_xlsx::raw::catalog::WorkbookInfo::process_element'litchi_xlsx::raw::catalog::parse_catalog'litchi_xlsx::workbook::model::Workbook::from_package_with_styles
0 162

fn=(13650) alloc::vec::Vec<T,A>::push_mut'litchi_xlsx::workbook::edit::semantic::transaction::Edit::commit'litchi_perf_baseline::run_xlsx_update_commit'litchi_perf_baseline::run_case_with_config
0 54
cfn=(13652) alloc::raw_vec::RawVec<T,A>::grow_one'alloc::vec::Vec<T,A>::push_mut'litchi_xlsx::workbook::edit::semantic::transaction::Edit::commit'litchi_perf_baseline::run_xlsx_update_commit
calls=3 0 
0 315
0 31608
cfn=(13652)
calls=30 0 
0 1190964
0 19665
cob=(2)
cfi=(203)
cfn=(13654) __memcpy_avx_unaligned_erms'alloc::vec::Vec<T,A>::push_mut'litchi_xlsx::workbook::edit::semantic::transaction::Edit::commit'litchi_perf_baseline::run_xlsx_update_commit
calls=3933 255 
0 117990
0 23598

fn=(5760) alloc::vec::Vec<T,A>::push_mut'litchi_xlsx::raw::worksheet::codec::<impl litchi_xlsx::raw::worksheet::model::Parser>::finish'litchi_xlsx::raw::worksheet::codec::<impl litchi_xlsx::raw::worksheet::model::Parser>::parse'litchi_xlsx::raw::worksheet::parse
0 10223616
cob=(2)
cfi=(203)
cfn=(5762) __memcpy_avx_unaligned_erms'alloc::vec::Vec<T,A>::push_mut'litchi_xlsx::raw::worksheet::codec::<impl litchi_xlsx::raw::worksheet::model::Parser>::finish'litchi_xlsx::raw::worksheet::codec::<impl litchi_xlsx::raw::worksheet::model::Parser>::parse
calls=917504 255 
0 23592960
0 4718592

fn=(14282)
0 36
cfn=(14284)
calls=3 0 
0 6
0 237

fn=(13538)
0 177

fn=(5880)
0 108

fn=(4260)
0 108

fn=(4704) <alloc::collections::btree::map::BTreeMap<K,V,A> as core::ops::drop::Drop>::drop'litchi_xlsx::merge::Index::new'litchi_xlsx::raw::worksheet::edit::codec::snapshot::scan::Scanner::finish_layout'litchi_xlsx::raw::worksheet::edit::codec::snapshot::scan::scan_with_limit
0 108

fn=(4320) <alloc::collections::btree::map::BTreeMap<K,V,A> as core::ops::drop::Drop>::drop'litchi_xlsx::merge::Index::new'litchi_xlsx::workbook::edit::model::project_merges'litchi_xlsx::workbook::edit::semantic::transaction::Edit::commit
0 108

fn=(4240) <alloc::collections::btree::map::BTreeMap<K,V,A> as core::ops::drop::Drop>::drop'litchi_xlsx::merge::Index::new'litchi_xlsx::cell::Store::from_unsorted'litchi_xlsx::raw::worksheet::codec::<impl litchi_xlsx::raw::worksheet::model::Parser>::parse
0 216

fn=(5192) <alloc::collections::btree::map::BTreeMap<K,V,A> as core::ops::drop::Drop>::drop'litchi_xlsx::raw::worksheet::edit::codec::snapshot::write::sheet_data::write_sheet_data'litchi_xlsx::raw::worksheet::edit::package::rewrite'litchi_xlsx::workbook::edit::semantic::transaction::Edit::commit
0 33792
cfn=(5194)
calls=1536 0 
0 82944
0 15360
cfn=(5198) core::ptr::drop_in_place<litchi_xlsx::raw::worksheet::edit::model::Action>'<alloc::collections::btree::map::BTreeMap<K,V,A> as core::ops::drop::Drop>::drop'litchi_xlsx::raw::worksheet::edit::codec::snapshot::write::sheet_data::write_sheet_data'litchi_xlsx::raw::worksheet::edit::package::rewrite
calls=1536 0 
0 120921
0 9588
cfn=(5198)
calls=2397 0 
0 187526
0 11799
cfn=(5194)
calls=3933 0 
0 413959
0 17943

fn=(14354) <alloc::collections::btree::map::BTreeMap<K,V,A> as core::ops::drop::Drop>::drop'litchi_xlsx::workbook::edit::semantic::transaction::Edit::commit'litchi_perf_baseline::run_xlsx_update_commit'litchi_perf_baseline::run_case_with_config
0 42
cfn=(14356)
calls=3 0 
0 81
0 72
cfn=(14356)
calls=3 0 
0 81
0 18

fn=(13974) <alloc::collections::btree::map::BTreeMap<K,V,A> as core::ops::drop::Drop>::drop'litchi_xlsx::raw::worksheet::edit::package::rewrite'litchi_xlsx::workbook::edit::semantic::transaction::Edit::commit'litchi_perf_baseline::run_xlsx_update_commit
0 102
cfn=(5224)
calls=6 0 
0 162
0 36

fn=(13544)
0 48
cfn=(3924)
calls=3 0 
0 81
0 27

fn=(13554) <alloc::collections::btree::map::Iter<K,V> as core::iter::traits::iterator::Iterator>::next'litchi_xlsx::workbook::edit::semantic::transaction::Edit::commit'litchi_perf_baseline::run_xlsx_update_commit'litchi_perf_baseline::run_case_with_config
0 246

fn=(4768) <alloc::collections::btree::map::Iter<K,V> as core::iter::traits::iterator::Iterator>::next'litchi_xlsx::raw::worksheet::edit::validation::validate_actions'litchi_xlsx::raw::worksheet::edit::package::rewrite'litchi_xlsx::workbook::edit::semantic::transaction::Edit::commit
0 142680

fn=(4048)
0 10998705

fn=(4630) litchi_sheet::Rect::from_a1'litchi_xlsx::raw::worksheet::edit::codec::snapshot::scan::Scanner::record_dimension'litchi_xlsx::raw::worksheet::edit::codec::snapshot::scan::scan_with_limit'litchi_xlsx::raw::worksheet::edit::package::rewrite
0 492
cfn=(4632) litchi_sheet::Cell::from_a1'litchi_sheet::Rect::from_a1'litchi_xlsx::raw::worksheet::edit::codec::snapshot::scan::Scanner::record_dimension'litchi_xlsx::raw::worksheet::edit::codec::snapshot::scan::scan_with_limit
calls=6 0 
0 852
0 60
cfn=(4632)
calls=6 0 
0 1158
0 228

fn=(4194) litchi_sheet::Rect::from_a1'litchi_xlsx::raw::worksheet::codec::<impl litchi_xlsx::raw::worksheet::model::Parser>::start'litchi_xlsx::raw::worksheet::codec::<impl litchi_xlsx::raw::worksheet::model::Parser>::parse'litchi_xlsx::raw::worksheet::parse
0 984
cfn=(4196) litchi_sheet::Cell::from_a1'litchi_sheet::Rect::from_a1'litchi_xlsx::raw::worksheet::codec::<impl litchi_xlsx::raw::worksheet::model::Parser>::start'litchi_xlsx::raw::worksheet::codec::<impl litchi_xlsx::raw::worksheet::model::Parser>::parse
calls=14 0 
0 1704
0 120
cfn=(4196)
calls=14 0 
0 2316
0 456

fn=(4702) litchi_xlsx::merge::Index::new'litchi_xlsx::raw::worksheet::edit::codec::snapshot::scan::Scanner::finish_layout'litchi_xlsx::raw::worksheet::edit::codec::snapshot::scan::scan_with_limit'litchi_xlsx::raw::worksheet::edit::package::rewrite
0 174
cfn=(4704)
calls=6 0 
0 108
0 168
cfn=(4706)
calls=6 0 
0 150
0 72
cfn=(4708)
calls=6 0 
0 108
0 48
cfn=(4708)
calls=6 0 
0 108
0 48
cfn=(4708)
calls=6 0 
0 108
0 138

fn=(13606) litchi_xlsx::merge::Index::new'litchi_xlsx::workbook::edit::model::project_merges'litchi_xlsx::workbook::edit::semantic::transaction::Edit::commit'litchi_perf_baseline::run_xlsx_update_commit
0 174
cfn=(4320)
calls=6 0 
0 108
0 168
cfn=(4322)
calls=6 0 
0 150
0 72
cfn=(4324)
calls=6 0 
0 108
0 48
cfn=(4324)
calls=6 0 
0 108
0 48
cfn=(4324)
calls=6 0 
0 108
0 138

fn=(4238) litchi_xlsx::merge::Index::new'litchi_xlsx::cell::Store::from_unsorted'litchi_xlsx::raw::worksheet::codec::<impl litchi_xlsx::raw::worksheet::model::Parser>::parse'litchi_xlsx::raw::worksheet::parse
0 348
cfn=(4240)
calls=14 0 
0 216
0 336
cfn=(4244)
calls=14 0 
0 300
0 144
cfn=(4246)
calls=14 0 
0 216
0 96
cfn=(4246)
calls=14 0 
0 216
0 96
cfn=(4246)
calls=14 0 
0 216
0 276

fn=(13600) litchi_xlsx::workbook::edit::semantic::transaction::project_hyperlink_actions'litchi_xlsx::workbook::edit::semantic::transaction::Edit::commit'litchi_perf_baseline::run_xlsx_update_commit'litchi_perf_baseline::run_case_with_config
0 174
cfn=(13602)
calls=6 0 
0 162
0 66

fn=(4596)
0 126
cfn=(4598)
calls=6 0 
0 7148
0 90
cfn=(4630)
calls=6 0 
0 2790
0 54
cfn=(4634) litchi_xlsx::raw::worksheet::edit::codec::wire::tag'litchi_xlsx::raw::worksheet::edit::codec::snapshot::scan::Scanner::record_dimension'litchi_xlsx::raw::worksheet::edit::codec::snapshot::scan::scan_with_limit'litchi_xlsx::raw::worksheet::edit::package::rewrite
calls=6 0 
0 12762
0 156
cfn=(4668)
calls=6 0 
0 210
0 48

fn=(4748) core::ptr::drop_in_place<core::option::Option<litchi_xlsx::raw::worksheet::edit::codec::snapshot::scan::PendingMergeCells>>'litchi_xlsx::raw::worksheet::edit::codec::snapshot::scan::Scanner::finish_layout'litchi_xlsx::raw::worksheet::edit::codec::snapshot::scan::scan_with_limit'litchi_xlsx::raw::worksheet::edit::package::rewrite
0 30

fn=(13872) litchi_xlsx::raw::worksheet::edit::validation::expanded_dimension'litchi_xlsx::raw::worksheet::edit::package::rewrite'litchi_xlsx::workbook::edit::semantic::transaction::Edit::commit'litchi_perf_baseline::run_xlsx_update_commit
0 87480234

fn=(13880) litchi_xlsx::raw::worksheet::edit::codec::snapshot::write::sheet_data::write_sheet_data'litchi_xlsx::raw::worksheet::edit::package::rewrite'litchi_xlsx::workbook::edit::semantic::transaction::Edit::commit'litchi_perf_baseline::run_xlsx_update_commit
0 234
cfn=(4974)
calls=6 0 
0 450
0 11799
cfn=(4974)
calls=3933 0 
0 281314
0 860997
cfn=(4978)
calls=6 0 
0 576
0 4590
cfn=(4978)
calls=1530 0 
0 231114
0 4794
cfn=(4978)
calls=2397 0 
0 57528
0 129369
cfn=(4988) alloc::collections::btree::map::entry::VacantEntry<K,V,A>::insert_entry'litchi_xlsx::raw::worksheet::edit::codec::snapshot::write::sheet_data::write_sheet_data'litchi_xlsx::raw::worksheet::edit::package::rewrite'litchi_xlsx::workbook::edit::semantic::transaction::Edit::commit
calls=1536 0 
0 657804
0 57528
cfn=(4988)
calls=2397 0 
0 242097
0 11607
cfn=(4974)
calls=6 0 
0 162
0 162
cfn=(4974)
calls=6 0 
0 162
0 54
cfn=(4974)
calls=6 0 
0 162
0 138
cob=(2)
cfi=(203)
cfn=(13882) __memcpy_avx_unaligned_erms'litchi_xlsx::raw::worksheet::edit::codec::snapshot::write::sheet_data::write_sheet_data'litchi_xlsx::raw::worksheet::edit::package::rewrite'litchi_xlsx::workbook::edit::semantic::transaction::Edit::commit
calls=6 255 
0 78
0 43224
cfn=(4974)
calls=1536 0 
0 103287
0 961407
cob=(2)
cfi=(203)
cfn=(13882)
calls=1536 255 
0 19968
0 22670904
cfn=(13884)
calls=3933 0 
0 3933
0 11799
cfn=(13886) __rustc::__rust_alloc'litchi_xlsx::raw::worksheet::edit::codec::snapshot::write::sheet_data::write_sheet_data'litchi_xlsx::raw::worksheet::edit::package::rewrite'litchi_xlsx::workbook::edit::semantic::transaction::Edit::commit
calls=3933 0 
0 161292
0 51129
cfn=(13892) alloc::raw_vec::RawVec<T,A>::grow_one'litchi_xlsx::raw::worksheet::edit::codec::snapshot::write::sheet_data::write_sheet_data'litchi_xlsx::raw::worksheet::edit::package::rewrite'litchi_xlsx::workbook::edit::semantic::transaction::Edit::commit
calls=3933 0 
0 1945145
0 43263
cfn=(13884)
calls=3933 0 
0 3933
0 11799
cfn=(13886)
calls=3933 0 
0 157320
0 31464
cfn=(13898) litchi_sheet::Cell::a1'litchi_xlsx::raw::worksheet::edit::codec::snapshot::write::sheet_data::write_sheet_data'litchi_xlsx::raw::worksheet::edit::package::rewrite'litchi_xlsx::workbook::edit::semantic::transaction::Edit::commit
calls=3933 0 
0 1826384
0 129789
cfn=(13918) litchi_xlsx::raw::worksheet::edit::codec::wire::write_cell_tag'litchi_xlsx::raw::worksheet::edit::codec::snapshot::write::sheet_data::write_sheet_data'litchi_xlsx::raw::worksheet::edit::package::rewrite'litchi_xlsx::workbook::edit::semantic::transaction::Edit::commit
calls=3933 0 
0 1276431
0 51129
cfn=(13936) litchi_xlsx::raw::worksheet::edit::codec::snapshot::write::sheet_data::write_payload'litchi_xlsx::raw::worksheet::edit::codec::snapshot::write::sheet_data::write_sheet_data'litchi_xlsx::raw::worksheet::edit::package::rewrite'litchi_xlsx::workbook::edit::semantic::transaction::Edit::commit
calls=3933 0 
0 2310501
0 251712
cfn=(5218)
calls=3933 0 
0 216315
0 7866
cfn=(13960) <alloc::vec::Vec<T,A> as core::ops::drop::Drop>::drop'litchi_xlsx::raw::worksheet::edit::codec::snapshot::write::sheet_data::write_sheet_data'litchi_xlsx::raw::worksheet::edit::package::rewrite'litchi_xlsx::workbook::edit::semantic::transaction::Edit::commit
calls=3933 0 
0 234232
0 31464
cfn=(13968)
calls=3933 0 
0 139725
0 27531
cfn=(13968)
calls=3933 0 
0 604128
0 2005410
cob=(2)
cfi=(203)
cfn=(13882)
calls=389283 255 
0 4282113
0 3618444
cob=(2)
cfi=(203)
cfn=(13882)
calls=1536 255 
0 23040
0 7680
cfn=(5192)
calls=1536 0 
0 893832
0 3204
cob=(2)
cfi=(203)
cfn=(13882)
calls=6 255 
0 180
0 84
cfn=(4974)
calls=6 0 
0 1978
0 54
cfn=(5214)
calls=6 0 
0 294
0 138
cob=(2)
cfi=(203)
cfn=(13882)
calls=6 255 
0 78
0 78

fn=(14022)
0 12205212

fn=(5356) quick_xml::events::BytesStart::push_attribute'litchi_xlsx::raw::compact::write_start'litchi_xlsx::raw::compact::changed_worksheet'litchi_xlsx::workbook::edit::semantic::transaction::Edit::commit
0 7500516
cfn=(5358)
calls=394764 0 
0 394764
0 1184292
cfn=(5360) __rustc::__rust_alloc'quick_xml::events::BytesStart::push_attribute'litchi_xlsx::raw::compact::write_start'litchi_xlsx::raw::compact::changed_worksheet
calls=394764 0 
0 14211552
0 2763348
cob=(2)
cfi=(203)
cfn=(5366) __memcpy_avx_unaligned_erms'quick_xml::events::BytesStart::push_attribute'litchi_xlsx::raw::compact::write_start'litchi_xlsx::raw::compact::changed_worksheet
calls=394764 255 
0 6319260
0 2368584
cfn=(5370)
calls=394764 0 
0 80136096
0 5131932
cfn=(5380)
calls=394764 0 
0 97124833
0 3158112

fn=(5414) litchi_xlsx::raw::web::check::Probe::observe_start'litchi_xlsx::raw::web::check::Probe::observe'litchi_xlsx::raw::compact::changed_worksheet'litchi_xlsx::workbook::edit::semantic::transaction::Edit::commit
0 37605066
cfn=(5416)
calls=6 0 
0 1020
0 3151956
cfn=(5420) litchi_xlsx::raw::web::check::classify_name'litchi_xlsx::raw::web::check::Probe::observe_start'litchi_xlsx::raw::web::check::Probe::observe'litchi_xlsx::raw::compact::changed_worksheet
calls=787986 0 
0 156031242
0 21275604

fn=(14078) core::ptr::drop_in_place<core::option::Option<litchi_xlsx::page_breaks::model::PageBreaks>>'litchi_xlsx::workbook::edit::semantic::transaction::Edit::commit'litchi_perf_baseline::run_xlsx_update_commit'litchi_perf_baseline::run_case_with_config
0 60

fn=(14080) core::ptr::drop_in_place<core::option::Option<litchi_xlsx::workbook::edit::semantic::transaction::HyperlinkRewrite>>'litchi_xlsx::workbook::edit::semantic::transaction::Edit::commit'litchi_perf_baseline::run_xlsx_update_commit'litchi_perf_baseline::run_case_with_config
0 114

fn=(6946)
0 33
cfn=(6948)
calls=3 0 
0 48
0 231
cfn=(14106) <litchi_opc::part::XmlPart as litchi_opc::part::Part>::content_type'litchi_xlsx::chain::package::validate_part_set'litchi_xlsx::chain::package::validate_package'litchi_xlsx::workbook::edit::codec::calculation_chain_removal
calls=12 0 
0 36
0 48
cob=(2)
cfi=(233)
cfn=(6952) __memcmp_avx2_movbe'litchi_xlsx::chain::package::validate_part_set'litchi_xlsx::chain::package::validate_package'litchi_xlsx::workbook::edit::codec::calculation_chain_removal
calls=6 73 
0 126
0 60

fn=(14122) litchi_xlsx::workbook::edit::validation::FinalOrder::matches_appended'litchi_xlsx::workbook::edit::semantic::transaction::Edit::commit'litchi_perf_baseline::run_xlsx_update_commit'litchi_perf_baseline::run_case_with_config
0 162

fn=(8840)
0 51
cfn=(8844)
calls=3 0 
0 324
0 45
cob=(2)
cfi=(203)
cfn=(8854) __memcpy_avx_unaligned_erms'litchi_xlsx::calculation_properties::snapshot::copy_string'litchi_xlsx::calculation_properties::snapshot::Snapshot::load_with_limits'litchi_xlsx::workbook::model::Workbook::calculation_metadata
calls=3 255 
0 66
0 45

fn=(8868)
0 153
cfn=(8870)
calls=9 0 
0 960
0 135
cob=(2)
cfi=(203)
cfn=(8874) __memcpy_avx_unaligned_erms'litchi_xlsx::calculation_properties::snapshot::copy_string'litchi_xlsx::calculation_properties::snapshot::SourceRelationship::capture'litchi_xlsx::calculation_properties::snapshot::Snapshot::load_with_limits
calls=9 255 
0 150
0 135

fn=(8860)
0 105
cob=(2)
cfi=(233)
cfn=(8862) __memcmp_avx2_movbe'litchi_xlsx::calculation_properties::snapshot::current_owner_relationship'litchi_xlsx::calculation_properties::snapshot::Snapshot::load_with_limits'litchi_xlsx::workbook::model::Workbook::calculation_metadata
calls=3 73 
0 87
0 54

fn=(14336) core::ptr::drop_in_place<litchi_xlsx::calculation_properties::snapshot::Snapshot>'litchi_xlsx::workbook::edit::semantic::transaction::Edit::commit'litchi_perf_baseline::run_xlsx_update_commit'litchi_perf_baseline::run_case_with_config
0 42
cfn=(14338)
calls=3 0 
0 684
0 33

fn=(13324) litchi_perf_baseline::run_case_with_config'litchi_perf_baseline::run'litchi_perf_baseline::main'std::sys::backtrace::__rust_begin_short_backtrace
cfn=(13328) litchi_perf_baseline::run_xlsx_update_commit'litchi_perf_baseline::run_case_with_config'litchi_perf_baseline::run'litchi_perf_baseline::main
calls=1 0 
0 11908886205

fn=(13918)
0 110124
cfn=(13920)
calls=3933 0 
0 1087647
0 78660

fn=(13982) core::ptr::drop_in_place<litchi_xlsx::raw::worksheet::edit::codec::snapshot::model::RowSlot>'core::ptr::drop_in_place<litchi_xlsx::raw::worksheet::edit::codec::snapshot::model::Layout>'litchi_xlsx::raw::worksheet::edit::package::rewrite'litchi_xlsx::workbook::edit::semantic::transaction::Edit::commit
0 10752
cfn=(13984)
calls=1536 0 
0 1206866
0 4735488
cfn=(13990)
calls=393216 0 
0 68766467
0 408576
cfn=(13990)
calls=1536 0 
0 240638

fn=(14256) <litchi_opc::part::XmlPart as litchi_opc::part::Part>::set_blob_shared'litchi_xlsx::workbook::edit::semantic::transaction::Edit::commit'litchi_perf_baseline::run_xlsx_update_commit'litchi_perf_baseline::run_case_with_config
0 78
cfn=(14260) hashbrown::raw::RawTable<T,A>::clear'<litchi_opc::part::XmlPart as litchi_opc::part::Part>::set_blob_shared'litchi_xlsx::workbook::edit::semantic::transaction::Edit::commit'litchi_perf_baseline::run_xlsx_update_commit
calls=6 0 
0 108

fn=(4580)
0 13395696

fn=(1222) std::rt::lang_start_internal'main'(below main)'__libc_start_main@@GLIBC_2.34
cfn=(1748)
calls=0 0 
0 11908886205

fn=(2524) <alloc::raw_vec::RawVecInner>::finish_grow'<alloc::raw_vec::RawVecInner<_>>::reserve::do_reserve_and_handle::<alloc::alloc::Global>'<alloc::string::String as core::fmt::Write>::write_str'<core::fmt::Formatter>::pad
0 558
cfn=(2536)
calls=82 0 
0 3703
0 90
cfn=(2526)
calls=135097 0 
0 18
0 54
cfn=(2528) __rustc::__rust_alloc'<alloc::raw_vec::RawVecInner>::finish_grow'<alloc::raw_vec::RawVecInner<_>>::reserve::do_reserve_and_handle::<alloc::alloc::Global>'<alloc::string::String as core::fmt::Write>::write_str
calls=135097 0 
0 1440
0 432

fn=(5740) <alloc::raw_vec::RawVecInner>::finish_grow'<alloc::string::String>::try_reserve'litchi_xlsx::raw::worksheet::codec::<impl litchi_xlsx::raw::worksheet::model::Parser>::push_text'litchi_xlsx::raw::worksheet::codec::<impl litchi_xlsx::raw::worksheet::model::Parser>::parse
0 12582912
cfn=(5742)
calls=917504 0 
0 786432
0 2359296
cfn=(5744) __rustc::__rust_alloc'<alloc::raw_vec::RawVecInner>::finish_grow'<alloc::string::String>::try_reserve'litchi_xlsx::raw::worksheet::codec::<impl litchi_xlsx::raw::worksheet::model::Parser>::push_text
calls=917504 0 
0 28423045
0 10223616

fn=(5392)
0 477360
cfn=(5394)
calls=26520 0 
0 1699424
0 344760

fn=(5372)
0 7105752
cfn=(5374)
calls=394764 0 
0 58029312
0 5131932

fn=(8846)
0 48
cfn=(8848)
calls=3 0 
0 3
0 9
cfn=(8850) __rustc::__rust_alloc'<alloc::raw_vec::RawVecInner>::finish_grow'<alloc::string::String>::try_reserve_exact'litchi_xlsx::calculation_properties::snapshot::copy_string
calls=3 0 
0 120
0 39

fn=(8872)
0 144
cfn=(8848)
calls=9 0 
0 9
0 27
cfn=(8850)
calls=9 0 
0 348
0 117

fn=(5146)
0 235980

fn=(14230)
0 3420
cfn=(2460)
calls=24 0 
0 1560
0 648

fn=(3870)
0 1710
cfn=(2460)
calls=12 0 
0 780
0 324

fn=(3264)
0 444
cfn=(3266)
calls=24 0 
0 780
0 180

fn=(3338)
0 630

fn=(6898)
0 780

fn=(8592)
0 780

fn=(2488)
0 780

fn=(8778)
0 3978
cfn=(8780)
calls=30 0 
0 30
0 90
cfn=(8782) __rustc::__rust_alloc'<alloc::vec::Vec<T> as alloc::vec::spec_from_iter_nested::SpecFromIterNested<T,I>>::from_iter'litchi_xlsx::calculation_properties::codec::collapse_whitespace'litchi_xlsx::calculation_properties::codec::parse_calc_attributes
calls=30 0 
0 1200
0 960

fn=(14314)
0 78
cfn=(8542)
calls=3 0 
0 3
0 12
cfn=(8544) __rustc::__rust_alloc'<alloc::vec::Vec<T> as alloc::vec::spec_from_iter_nested::SpecFromIterNested<T,I>>::from_iter'litchi_xlsx::workbook::model::Workbook::from_package_with_styles'litchi_xlsx::workbook::edit::semantic::transaction::Edit::commit
calls=3 0 
0 237
0 102

fn=(2584)
0 288
cfn=(2586)
calls=30 0 
0 2085
0 228
cfn=(2586)
calls=102 0 
0 5328
0 396

fn=(3258)
0 378

fn=(8532)
0 822

fn=(3148)
0 1092

fn=(5574)
0 86016

fn=(7608)
0 3516

fn=(3314)
0 822

fn=(7598)
0 1458

fn=(3958)
0 546

fn=(2654)
0 69552

fn=(8524)
0 822

fn=(2668)
0 250509

fn=(8182)
0 1644

fn=(4300)
0 1149

fn=(4014)
0 822

fn=(3292)
0 822

fn=(3430)
0 822

fn=(6964)
0 327

fn=(8474)
0 582

fn=(6936)
0 327

fn=(3358)
0 291

fn=(2606)
0 981

fn=(8504)
0 822

fn=(1786) litchi_perf_baseline::run'litchi_perf_baseline::main'std::sys::backtrace::__rust_begin_short_backtrace'std::rt::lang_start::{{closure}}
cfn=(13324)
calls=0 0 
0 11908886205

fn=(2522) <alloc::raw_vec::RawVecInner<_>>::reserve::do_reserve_and_handle::<alloc::alloc::Global>'<alloc::string::String as core::fmt::Write>::write_str'<core::fmt::Formatter>::pad'<str as core::fmt::Display>::fmt
0 720
cfn=(2524)
calls=135179 0 
0 6295
0 360

fn=(14320)
0 9
cfn=(8558)
calls=3 0 
0 3
0 9
cfn=(8560) __rustc::__rust_alloc'alloc::boxed::box_new_uninit'litchi_xlsx::workbook::model::Workbook::from_package_with_styles'litchi_xlsx::workbook::edit::semantic::transaction::Edit::commit
calls=3 0 
0 452
0 12

fn=(14056) alloc::boxed::box_new_uninit'litchi_xlsx::workbook::edit::semantic::transaction::Edit::commit'litchi_perf_baseline::run_xlsx_update_commit'litchi_perf_baseline::run_case_with_config
0 18
cfn=(14058)
calls=6 0 
0 6
0 18
cfn=(14060) __rustc::__rust_alloc'alloc::boxed::box_new_uninit'litchi_xlsx::workbook::edit::semantic::transaction::Edit::commit'litchi_perf_baseline::run_xlsx_update_commit
calls=6 0 
0 240
0 24

fn=(2508)
0 180
cfn=(2512)
calls=84 0 
0 10207

fn=(14272)
0 33
cfn=(8364)
calls=3 0 
0 81043
0 36
cfn=(8366)
calls=3 0 
0 699
0 84
cfn=(8368) <quick_xml::name::NamespaceResolver as core::default::Default>::default'litchi_xlsx::raw::catalog::parse_catalog'litchi_xlsx::workbook::model::Workbook::from_package_with_styles'litchi_xlsx::workbook::edit::semantic::transaction::Edit::commit
calls=3 0 
0 3345
0 69
cfn=(8370)
calls=3 0 
0 3
0 9
cfn=(8372) __rustc::__rust_alloc'litchi_xlsx::raw::catalog::parse_catalog'litchi_xlsx::workbook::model::Workbook::from_package_with_styles'litchi_xlsx::workbook::edit::semantic::transaction::Edit::commit
calls=3 0 
0 553
0 315
cfn=(8396)
calls=15 0 
0 375
0 60
cfn=(8374) quick_xml::reader::Reader<R>::read_event_impl'litchi_xlsx::raw::catalog::parse_catalog'litchi_xlsx::workbook::model::Workbook::from_package_with_styles'litchi_xlsx::workbook::edit::semantic::transaction::Edit::commit
calls=15 0 
0 8355
0 36
cfn=(8374)
calls=12 0 
0 8278
0 108
cfn=(8378)
calls=27 0 
0 17336
0 324
cfn=(8380) quick_xml::events::Event::into_owned'litchi_xlsx::raw::catalog::parse_catalog'litchi_xlsx::workbook::model::Workbook::from_package_with_styles'litchi_xlsx::workbook::edit::semantic::transaction::Edit::commit
calls=27 0 
0 3661
0 162
cfn=(8370)
calls=27 0 
0 27
0 108
cfn=(8372)
calls=27 0 
0 1841
0 189
cob=(2)
cfi=(203)
cfn=(8382) __memcpy_avx_unaligned_erms'litchi_xlsx::raw::catalog::parse_catalog'litchi_xlsx::workbook::model::Workbook::from_package_with_styles'litchi_xlsx::workbook::edit::semantic::transaction::Edit::commit
calls=27 255 
0 762
0 486
cfn=(8370)
calls=27 0 
0 27
0 108
cfn=(8372)
calls=27 0 
0 1080
0 1851
cfn=(8384) quick_xml::name::NamespaceResolver::resolve_event'litchi_xlsx::raw::catalog::parse_catalog'litchi_xlsx::workbook::model::Workbook::from_package_with_styles'litchi_xlsx::workbook::edit::semantic::transaction::Edit::commit
calls=27 0 
0 3777
0 486
cfn=(8386)
calls=3 0 
0 105
0 18
cfn=(8386)
calls=9 0 
0 315
0 6
cfn=(8386)
calls=6 0 
0 210
0 231
cfn=(8386)
calls=21 0 
0 735
0 201
cfn=(8386)
calls=24 0 
0 840
0 243
cfn=(8394) litchi_xlsx::raw::catalog::WorkbookInfo::process_element'litchi_xlsx::raw::catalog::parse_catalog'litchi_xlsx::workbook::model::Workbook::from_package_with_styles'litchi_xlsx::workbook::edit::semantic::transaction::Edit::commit
calls=9 0 
0 74215
0 114
cfn=(8388) quick_xml::name::QName::local_name'litchi_xlsx::raw::catalog::parse_catalog'litchi_xlsx::workbook::model::Workbook::from_package_with_styles'litchi_xlsx::workbook::edit::semantic::transaction::Edit::commit
calls=3 0 
0 249
0 114
cfn=(8394)
calls=3 0 
0 366
0 141
cfn=(8388)
calls=3 0 
0 279
0 72
cfn=(8388)
calls=3 0 
0 279
0 93
cfn=(8388)
calls=3 0 
0 249
0 72
cob=(2)
cfi=(233)
cfn=(8390) __memcmp_avx2_movbe'litchi_xlsx::raw::catalog::parse_catalog'litchi_xlsx::workbook::model::Workbook::from_package_with_styles'litchi_xlsx::workbook::edit::semantic::transaction::Edit::commit
calls=3 73 
0 51
0 21
cfn=(8392) alloc::raw_vec::RawVec<T,A>::grow_one'litchi_xlsx::raw::catalog::parse_catalog'litchi_xlsx::workbook::model::Workbook::from_package_with_styles'litchi_xlsx::workbook::edit::semantic::transaction::Edit::commit
calls=3 0 
0 737
0 39
cfn=(8386)
calls=3 0 
0 105
0 18
cfn=(8386)
calls=3 0 
0 105
0 21
cob=(2)
cfi=(233)
cfn=(8390)
calls=3 73 
0 51
0 72
cfn=(8388)
calls=3 0 
0 249
0 12
cob=(2)
cfi=(233)
cfn=(8390)
calls=3 73 
0 51
0 24
cfn=(8388)
calls=3 0 
0 249
0 24
cfn=(8398)
calls=3 0 
0 306
0 24
cfn=(8398)
calls=3 0 
0 306
0 153
cfn=(8386)
calls=3 0 
0 105
0 27
cfn=(8402) core::ptr::drop_in_place<quick_xml::events::Event>'litchi_xlsx::raw::catalog::parse_catalog'litchi_xlsx::workbook::model::Workbook::from_package_with_styles'litchi_xlsx::workbook::edit::semantic::transaction::Edit::commit
calls=3 0 
0 12
0 15
cfn=(8404) core::ptr::drop_in_place<quick_xml::name::NamespaceResolver>'litchi_xlsx::raw::catalog::parse_catalog'litchi_xlsx::workbook::model::Workbook::from_package_with_styles'litchi_xlsx::workbook::edit::semantic::transaction::Edit::commit
calls=3 0 
0 258
0 90
cob=(2)
cfi=(203)
cfn=(8382)
calls=3 255 
0 267
0 18
cfn=(8386)
calls=3 0 
0 105
0 6
cfn=(8406) core::ptr::drop_in_place<quick_xml::reader::ns_reader::NsReader<&[u8]>>'litchi_xlsx::raw::catalog::parse_catalog'litchi_xlsx::workbook::model::Workbook::from_package_with_styles'litchi_xlsx::workbook::edit::semantic::transaction::Edit::commit
calls=3 0 
0 874
0 51
cob=(2)
cfi=(203)
cfn=(8382)
calls=3 255 
0 267
0 90
cfn=(8408)
calls=3 0 
0 141
0 6
cfn=(8408)
calls=3 0 
0 546
0 6
cfn=(8408)
calls=3 0 
0 546
0 6
cfn=(8408)
calls=3 0 
0 54
0 15
cfn=(8408)
calls=3 0 
0 12
0 6
cfn=(8408)
calls=3 0 
0 54
0 6
cfn=(8408)
calls=3 0 
0 54
0 45

fn=(8680) litchi_ooxml_common::mce::codec::process_markup_compatibility'litchi_xlsx::calculation_properties::codec::inspect_with_policy'litchi_xlsx::calculation_properties::snapshot::Snapshot::load_with_limits'litchi_xlsx::workbook::model::Workbook::calculation_metadata
0 78
cob=(2)
cfi=(233)
cfn=(8682) __memcmp_avx2_movbe'litchi_ooxml_common::mce::codec::process_markup_compatibility'litchi_xlsx::calculation_properties::codec::inspect_with_policy'litchi_xlsx::calculation_properties::snapshot::Snapshot::load_with_limits
calls=3 73 
0 42
0 4488
cob=(2)
cfi=(233)
cfn=(8682)
calls=1122 73 
0 15756
0 6822

fn=(7614) litchi_ooxml_common::mce::codec::process_markup_compatibility'litchi_xlsx::calculation_properties::codec::inspect_with_policy'litchi_xlsx::raw::recalc::invalidate'litchi_xlsx::workbook::edit::semantic::transaction::Edit::commit
0 78
cob=(2)
cfi=(233)
cfn=(7616) __memcmp_avx2_movbe'litchi_ooxml_common::mce::codec::process_markup_compatibility'litchi_xlsx::calculation_properties::codec::inspect_with_policy'litchi_xlsx::raw::recalc::invalidate
calls=3 73 
0 42
0 4488
cob=(2)
cfi=(233)
cfn=(7616)
calls=1122 73 
0 15756
0 6822

fn=(5484)
0 156
cob=(2)
cfi=(233)
cfn=(4064) __memcmp_avx2_movbe'litchi_ooxml_common::mce::codec::process_markup_compatibility'litchi_ooxml_common::mce::codec::process_ooxml'litchi_xlsx::raw::worksheet::parse
calls=6 73 
0 84
0 46924140
cob=(2)
cfi=(233)
cfn=(4064)
calls=11731035 73 
0 164234538
0 70386390

fn=(4062)
0 156
cob=(2)
cfi=(233)
cfn=(4064)
calls=8 73 
0 84
0 46924128
cob=(2)
cfi=(233)
cfn=(4064)
calls=15641377 73 
0 164234496
0 70386372

fn=(2678)
0 78
cob=(2)
cfi=(233)
cfn=(2680) __memcmp_avx2_movbe'litchi_ooxml_common::mce::codec::process_markup_compatibility'litchi_ooxml_common::mce::codec::process_ooxml'litchi_xlsx::raw::catalog::parse_catalog
calls=6 73 
0 42
0 4488
cob=(2)
cfi=(233)
cfn=(2680)
calls=2244 73 
0 15756
0 6822

fn=(4460)
0 44904570
cfn=(4462)
calls=1575978 0 
0 80374686
0 37829616
cfn=(4466)
calls=6 0 
0 452
0 150
cfn=(4470)
calls=6 0 
0 180
0 66
cfn=(4684) quick_xml::reader::state::ReaderState::emit_text'quick_xml::reader::Reader<R>::read_event_impl'litchi_xlsx::raw::worksheet::edit::codec::snapshot::scan::scan_with_limit'litchi_xlsx::raw::worksheet::edit::package::rewrite
calls=6 0 
0 48
0 5898252
cfn=(4684)
calls=393216 0 
0 3145728
0 7483524
cfn=(4476) memchr::arch::x86_64::memchr::memchr3_raw::find_avx2'quick_xml::reader::Reader<R>::read_event_impl'litchi_xlsx::raw::worksheet::edit::codec::snapshot::scan::scan_with_limit'litchi_xlsx::raw::worksheet::edit::package::rewrite
calls=787980 0 
0 47279394
0 23639448
cfn=(4476)
calls=787986 0 
0 47279160
0 10251528
cfn=(4476)
calls=394764 0 
0 23685840
0 3552876
cfn=(4476)
calls=394764 0 
0 23686074
0 34301208
cfn=(4680)
calls=787980 0 
0 72509873
0 12607776
cfn=(4480)
calls=787986 0 
0 75287413
0 25602624

fn=(5498)
0 44904570
cfn=(4092)
calls=1575978 0 
0 80374686
0 37829616
cfn=(4096)
calls=6 0 
0 450
0 150
cfn=(4102)
calls=6 0 
0 180
0 66
cfn=(4214) quick_xml::reader::state::ReaderState::emit_text'quick_xml::reader::Reader<R>::read_event_impl'litchi_xlsx::raw::worksheet::codec::<impl litchi_xlsx::raw::worksheet::model::Parser>::parse'litchi_xlsx::raw::worksheet::parse
calls=6 0 
0 48
0 5898252
cfn=(4214)
calls=393216 0 
0 3145728
0 7483524
cfn=(4108) memchr::arch::x86_64::memchr::memchr3_raw::find_avx2'quick_xml::reader::Reader<R>::read_event_impl'litchi_xlsx::raw::worksheet::codec::<impl litchi_xlsx::raw::worksheet::model::Parser>::parse'litchi_xlsx::raw::worksheet::parse
calls=787980 0 
0 47279394
0 23639448
cfn=(4108)
calls=787986 0 
0 47279160
0 10251528
cfn=(4108)
calls=394764 0 
0 23685840
0 3552876
cfn=(4108)
calls=394764 0 
0 23686074
0 34301208
cfn=(4210)
calls=787980 0 
0 72510071
0 12607776
cfn=(4112)
calls=787986 0 
0 75284410
0 25602624

fn=(4090)
0 44904570
cfn=(4092)
calls=2101304 0 
0 80374686
0 37829616
cfn=(4096)
calls=8 0 
0 452
0 150
cfn=(4102)
calls=8 0 
0 180
0 66
cfn=(4214)
calls=8 0 
0 48
0 5898252
cfn=(4214)
calls=655360 0 
0 3145728
0 7483524
cfn=(4108)
calls=1050640 0 
0 47279394
0 23639448
cfn=(4108)
calls=1050648 0 
0 47279160
0 10251528
cfn=(4108)
calls=526352 0 
0 23685840
0 3552876
cfn=(4108)
calls=526352 0 
0 23686074
0 34301208
cfn=(4210)
calls=1050640 0 
0 72509405
0 12607776
cfn=(4112)
calls=1050648 0 
0 75285044
0 25602624

fn=(14008)
0 44904570
cfn=(5274)
calls=1575978 0 
0 80374686
0 37829616
cfn=(5278)
calls=6 0 
0 454
0 150
cfn=(5282)
calls=6 0 
0 180
0 66
cfn=(5436) quick_xml::reader::state::ReaderState::emit_text'quick_xml::reader::Reader<R>::read_event_impl'litchi_xlsx::raw::compact::changed_worksheet'litchi_xlsx::workbook::edit::semantic::transaction::Edit::commit
calls=6 0 
0 48
0 5898252
cfn=(5436)
calls=393216 0 
0 3145728
0 7483524
cfn=(5296) memchr::arch::x86_64::memchr::memchr3_raw::find_avx2'quick_xml::reader::Reader<R>::read_event_impl'litchi_xlsx::raw::compact::changed_worksheet'litchi_xlsx::workbook::edit::semantic::transaction::Edit::commit
calls=787980 0 
0 47279394
0 23639448
cfn=(5296)
calls=787986 0 
0 47279160
0 10251528
cfn=(5296)
calls=394764 0 
0 23685840
0 3552876
cfn=(5296)
calls=394764 0 
0 23686074
0 34301208
cfn=(5448)
calls=787980 0 
0 72508810
0 12607776
cfn=(5300)
calls=787986 0 
0 75283755
0 25602624

fn=(8624)
0 723
cfn=(7372)
calls=27 0 
0 1293
0 666
cfn=(7376)
calls=3 0 
0 226
0 75
cfn=(7380)
calls=3 0 
0 90
0 33
cfn=(7530) quick_xml::reader::state::ReaderState::emit_text'quick_xml::reader::Reader<R>::read_event_impl'litchi_xlsx::calculation_properties::rewriter::inspect_layout'litchi_xlsx::calculation_properties::codec::inspect_with_policy
calls=3 0 
0 24
0 72
cfn=(7416) memchr::arch::x86_64::memchr::memchr3_raw::find_avx2'quick_xml::reader::Reader<R>::read_event_impl'litchi_xlsx::calculation_properties::rewriter::inspect_layout'litchi_xlsx::calculation_properties::codec::inspect_with_policy
calls=6 0 
0 633
0 252
cfn=(7416)
calls=15 0 
0 900
0 510
cfn=(7416)
calls=39 0 
0 2343
0 351
cfn=(7416)
calls=39 0 
0 2571
0 1503
cfn=(7520)
calls=6 0 
0 606
0 228
cfn=(7420)
calls=15 0 
0 2598
0 372

fn=(7370)
0 723
cfn=(7372)
calls=27 0 
0 1293
0 666
cfn=(7376)
calls=3 0 
0 228
0 75
cfn=(7380)
calls=3 0 
0 90
0 33
cfn=(7530)
calls=3 0 
0 24
0 72
cfn=(7416)
calls=6 0 
0 633
0 252
cfn=(7416)
calls=15 0 
0 900
0 510
cfn=(7416)
calls=39 0 
0 2343
0 351
cfn=(7416)
calls=39 0 
0 2571
0 1503
cfn=(7520)
calls=6 0 
0 606
0 228
cfn=(7420)
calls=15 0 
0 2598
0 372

fn=(8374)
0 723
cfn=(2816)
calls=27 0 
0 1293
0 666
cfn=(8376)
calls=3 0 
0 226
0 75
cfn=(2784)
calls=3 0 
0 90
0 33
cfn=(3198) quick_xml::reader::state::ReaderState::emit_text'quick_xml::reader::Reader<R>::read_event_impl'litchi_xlsx::raw::catalog::parse_catalog'litchi_xlsx::workbook::model::Workbook::from_package_with_styles
calls=3 0 
0 24
0 72
cfn=(2838) memchr::arch::x86_64::memchr::memchr3_raw::find_avx2'quick_xml::reader::Reader<R>::read_event_impl'litchi_xlsx::raw::catalog::parse_catalog'litchi_xlsx::workbook::model::Workbook::from_package_with_styles
calls=6 0 
0 633
0 252
cfn=(2838)
calls=15 0 
0 900
0 510
cfn=(2838)
calls=39 0 
0 2343
0 351
cfn=(2838)
calls=39 0 
0 2571
0 1503
cfn=(3192)
calls=6 0 
0 606
0 228
cfn=(2846)
calls=15 0 
0 3162
0 372

fn=(8690) quick_xml::reader::Reader<R>::read_event_impl'litchi_xlsx::calculation_properties::codec::inspect_with_policy'litchi_xlsx::calculation_properties::snapshot::Snapshot::load_with_limits'litchi_xlsx::workbook::model::Workbook::calculation_metadata
0 723
cfn=(8692)
calls=27 0 
0 1293
0 666
cfn=(8694)
calls=3 0 
0 226
0 75
cfn=(8696)
calls=3 0 
0 90
0 33
cfn=(8806) quick_xml::reader::state::ReaderState::emit_text'quick_xml::reader::Reader<R>::read_event_impl'litchi_xlsx::calculation_properties::codec::inspect_with_policy'litchi_xlsx::calculation_properties::snapshot::Snapshot::load_with_limits
calls=3 0 
0 24
0 72
cfn=(8716) memchr::arch::x86_64::memchr::memchr3_raw::find_avx2'quick_xml::reader::Reader<R>::read_event_impl'litchi_xlsx::calculation_properties::codec::inspect_with_policy'litchi_xlsx::calculation_properties::snapshot::Snapshot::load_with_limits
calls=6 0 
0 633
0 252
cfn=(8716)
calls=15 0 
0 900
0 510
cfn=(8716)
calls=39 0 
0 2343
0 351
cfn=(8716)
calls=39 0 
0 2571
0 1503
cfn=(8740)
calls=6 0 
0 606
0 228
cfn=(8718)
calls=15 0 
0 2929
0 372

fn=(7628) quick_xml::reader::Reader<R>::read_event_impl'litchi_xlsx::calculation_properties::codec::inspect_with_policy'litchi_xlsx::raw::recalc::invalidate'litchi_xlsx::workbook::edit::semantic::transaction::Edit::commit
0 723
cfn=(7630)
calls=27 0 
0 1293
0 666
cfn=(7634)
calls=3 0 
0 228
0 75
cfn=(7638)
calls=3 0 
0 90
0 33
cfn=(7712) quick_xml::reader::state::ReaderState::emit_text'quick_xml::reader::Reader<R>::read_event_impl'litchi_xlsx::calculation_properties::codec::inspect_with_policy'litchi_xlsx::raw::recalc::invalidate
calls=3 0 
0 24
0 72
cfn=(7662) memchr::arch::x86_64::memchr::memchr3_raw::find_avx2'quick_xml::reader::Reader<R>::read_event_impl'litchi_xlsx::calculation_properties::codec::inspect_with_policy'litchi_xlsx::raw::recalc::invalidate
calls=6 0 
0 633
0 252
cfn=(7662)
calls=15 0 
0 900
0 510
cfn=(7662)
calls=39 0 
0 2343
0 351
cfn=(7662)
calls=39 0 
0 2571
0 1503
cfn=(7708)
calls=6 0 
0 614
0 228
cfn=(7666)
calls=15 0 
0 2598
0 372

fn=(7632)
0 498
cfn=(2820) memchr::arch::x86_64::avx2::memchr::Two::find_raw_avx2'memchr::arch::x86_64::avx2::memchr::Two::find_raw'memchr::arch::x86_64::memchr::memchr2_raw::find_avx2'quick_xml::reader::Reader<R>::read_event_impl
calls=42 0 
0 672
0 120

fn=(4464)
0 14183814
cfn=(2820)
calls=1575954 0 
0 25215264
0 3152136

fn=(4094)
0 28367628
cfn=(2820)
calls=3677226 0 
0 50430528
0 6304272

fn=(5276)
0 14183814
cfn=(2820)
calls=1575954 0 
0 25215264
0 3152136

fn=(7374)
0 498
cfn=(2820)
calls=42 0 
0 672
0 120

fn=(2818)
0 249
cfn=(2820)
calls=42 0 
0 336
0 60

fn=(2820)
0 100862736

fn=(8628)
0 552
cfn=(7386)
calls=6 0 
0 6
0 24
cfn=(7388) __rustc::__rust_alloc'quick_xml::events::Event::into_owned'litchi_xlsx::calculation_properties::rewriter::inspect_layout'litchi_xlsx::calculation_properties::codec::inspect_with_policy
calls=6 0 
0 351
0 42
cob=(2)
cfi=(203)
cfn=(7392) __memcpy_avx_unaligned_erms'quick_xml::events::Event::into_owned'litchi_xlsx::calculation_properties::rewriter::inspect_layout'litchi_xlsx::calculation_properties::codec::inspect_with_policy
calls=6 255 
0 84
0 78
cfn=(7386)
calls=18 0 
0 18
0 72
cfn=(7388)
calls=18 0 
0 1200
0 126
cob=(2)
cfi=(203)
cfn=(7392)
calls=18 255 
0 309
0 462

fn=(7384)
0 552
cfn=(7386)
calls=6 0 
0 6
0 24
cfn=(7388)
calls=6 0 
0 216
0 42
cob=(2)
cfi=(203)
cfn=(7392)
calls=6 255 
0 84
0 78
cfn=(7386)
calls=18 0 
0 18
0 72
cfn=(7388)
calls=18 0 
0 708
0 126
cob=(2)
cfi=(203)
cfn=(7392)
calls=18 255 
0 309
0 462

fn=(8380)
0 552
cfn=(2794)
calls=6 0 
0 6
0 24
cfn=(2796) __rustc::__rust_alloc'quick_xml::events::Event::into_owned'litchi_xlsx::raw::catalog::parse_catalog'litchi_xlsx::workbook::model::Workbook::from_package_with_styles
calls=6 0 
0 709
0 42
cob=(2)
cfi=(203)
cfn=(2802) __memcpy_avx_unaligned_erms'quick_xml::events::Event::into_owned'litchi_xlsx::raw::catalog::parse_catalog'litchi_xlsx::workbook::model::Workbook::from_package_with_styles
calls=6 255 
0 84
0 78
cfn=(2794)
calls=18 0 
0 18
0 72
cfn=(2796)
calls=18 0 
0 1179
0 126
cob=(2)
cfi=(203)
cfn=(2802)
calls=18 255 
0 309
0 462

fn=(8700) quick_xml::events::Event::into_owned'litchi_xlsx::calculation_properties::codec::inspect_with_policy'litchi_xlsx::calculation_properties::snapshot::Snapshot::load_with_limits'litchi_xlsx::workbook::model::Workbook::calculation_metadata
0 552
cfn=(8702)
calls=6 0 
0 6
0 24
cfn=(8704) __rustc::__rust_alloc'quick_xml::events::Event::into_owned'litchi_xlsx::calculation_properties::codec::inspect_with_policy'litchi_xlsx::calculation_properties::snapshot::Snapshot::load_with_limits
calls=6 0 
0 216
0 42
cob=(2)
cfi=(203)
cfn=(8706) __memcpy_avx_unaligned_erms'quick_xml::events::Event::into_owned'litchi_xlsx::calculation_properties::codec::inspect_with_policy'litchi_xlsx::calculation_properties::snapshot::Snapshot::load_with_limits
calls=6 255 
0 84
0 78
cfn=(8702)
calls=18 0 
0 18
0 72
cfn=(8704)
calls=18 0 
0 1180
0 126
cob=(2)
cfi=(203)
cfn=(8706)
calls=18 255 
0 309
0 462

fn=(7642) quick_xml::events::Event::into_owned'litchi_xlsx::calculation_properties::codec::inspect_with_policy'litchi_xlsx::raw::recalc::invalidate'litchi_xlsx::workbook::edit::semantic::transaction::Edit::commit
0 552
cfn=(7644)
calls=6 0 
0 6
0 24
cfn=(7646) __rustc::__rust_alloc'quick_xml::events::Event::into_owned'litchi_xlsx::calculation_properties::codec::inspect_with_policy'litchi_xlsx::raw::recalc::invalidate
calls=6 0 
0 216
0 42
cob=(2)
cfi=(203)
cfn=(7650) __memcpy_avx_unaligned_erms'quick_xml::events::Event::into_owned'litchi_xlsx::calculation_properties::codec::inspect_with_policy'litchi_xlsx::raw::recalc::invalidate
calls=6 255 
0 84
0 78
cfn=(7644)
calls=18 0 
0 18
0 72
cfn=(7646)
calls=18 0 
0 708
0 126
cob=(2)
cfi=(203)
cfn=(7650)
calls=18 255 
0 309
0 462

fn=(8638)
0 504
cfn=(7434)
calls=9 0 
0 546
0 72
cfn=(7434)
calls=6 0 
0 414
0 84
cfn=(7434)
calls=6 0 
0 414
0 96
cfn=(7438)
calls=6 0 
0 324
0 84
cfn=(7438)
calls=6 0 
0 324
0 105
cfn=(7438)
calls=9 0 
0 486
0 324

fn=(7408)
0 504
cfn=(7434)
calls=9 0 
0 546
0 72
cfn=(7434)
calls=6 0 
0 414
0 84
cfn=(7434)
calls=6 0 
0 414
0 96
cfn=(7438)
calls=6 0 
0 324
0 84
cfn=(7438)
calls=6 0 
0 324
0 105
cfn=(7438)
calls=9 0 
0 486
0 324

fn=(8384)
0 504
cfn=(2890)
calls=9 0 
0 546
0 72
cfn=(2890)
calls=6 0 
0 414
0 84
cfn=(2890)
calls=6 0 
0 414
0 96
cfn=(2896)
calls=6 0 
0 324
0 84
cfn=(2896)
calls=6 0 
0 324
0 105
cfn=(2896)
calls=9 0 
0 486
0 324

fn=(8710) quick_xml::name::NamespaceResolver::resolve_event'litchi_xlsx::calculation_properties::codec::inspect_with_policy'litchi_xlsx::calculation_properties::snapshot::Snapshot::load_with_limits'litchi_xlsx::workbook::model::Workbook::calculation_metadata
0 504
cfn=(8722)
calls=9 0 
0 546
0 72
cfn=(8722)
calls=6 0 
0 414
0 84
cfn=(8722)
calls=6 0 
0 414
0 96
cfn=(8724)
calls=6 0 
0 324
0 84
cfn=(8724)
calls=6 0 
0 324
0 105
cfn=(8724)
calls=9 0 
0 486
0 324

fn=(7654) quick_xml::name::NamespaceResolver::resolve_event'litchi_xlsx::calculation_properties::codec::inspect_with_policy'litchi_xlsx::raw::recalc::invalidate'litchi_xlsx::workbook::edit::semantic::transaction::Edit::commit
0 504
cfn=(7680)
calls=9 0 
0 546
0 72
cfn=(7680)
calls=6 0 
0 414
0 84
cfn=(7680)
calls=6 0 
0 414
0 96
cfn=(7684)
calls=6 0 
0 324
0 84
cfn=(7684)
calls=6 0 
0 324
0 105
cfn=(7684)
calls=9 0 
0 486
0 324

fn=(4474)
0 26779296
cfn=(4496)
calls=6 0 
0 474
0 7091832
cfn=(4496)
calls=787980 0 
0 30747060
0 11031720
cfn=(4496)
calls=787980 0 
0 30747060
0 9054912
cfn=(4500)
calls=787980 0 
0 37823040
0 11031720
cfn=(4500)
calls=787980 0 
0 37823040
0 7879830
cfn=(4500)
calls=6 0 
0 288
0 17722800

fn=(5502)
0 26779296
cfn=(4126)
calls=6 0 
0 474
0 7091832
cfn=(4126)
calls=787980 0 
0 30747060
0 11031720
cfn=(4126)
calls=787980 0 
0 30747060
0 9054912
cfn=(4130)
calls=787980 0 
0 37823040
0 11031720
cfn=(4130)
calls=787980 0 
0 37823040
0 7879830
cfn=(4130)
calls=6 0 
0 288
0 17722800

fn=(4106)
0 26779296
cfn=(4126)
calls=8 0 
0 474
0 7091832
cfn=(4126)
calls=1050640 0 
0 30747060
0 11031720
cfn=(4126)
calls=1050640 0 
0 30747060
0 9054912
cfn=(4130)
calls=1050640 0 
0 37823040
0 11031720
cfn=(4130)
calls=1050640 0 
0 37823040
0 7879830
cfn=(4130)
calls=8 0 
0 288
0 17722800

fn=(8716)
0 2673
cfn=(7664)
calls=99 0 
0 3477
0 297

fn=(7662)
0 2673
cfn=(7664)
calls=99 0 
0 3477
0 297

fn=(4476)
0 63868338
cfn=(4478)
calls=2365494 0 
0 70965648
0 7096482

fn=(4108)
0 127736676
cfn=(4110)
calls=5519486 0 
0 141931296
0 14192964

fn=(5296)
0 63868338
cfn=(5298)
calls=2365494 0 
0 70965648
0 7096482

fn=(7416)
0 5346
cfn=(7418)
calls=198 0 
0 6954
0 594

fn=(2838)
0 2673
cfn=(2840)
calls=198 0 
0 3477
0 297

fn=(4152) quick_xml::name::QName::local_name'litchi_xlsx::raw::worksheet::codec::<impl litchi_xlsx::raw::worksheet::model::Parser>::start'litchi_xlsx::raw::worksheet::codec::<impl litchi_xlsx::raw::worksheet::model::Parser>::parse'litchi_xlsx::raw::worksheet::parse
0 34671252
cfn=(4154)
calls=3677254 0 
0 122989188
0 25215456

fn=(3016) quick_xml::name::QName::local_name'litchi_ooxml_common::relationships::codec::attribute_value'litchi_xlsx::raw::catalog::WorkbookInfo::process_element'litchi_xlsx::raw::catalog::parse_catalog
0 198
cfn=(3018)
calls=36 0 
0 984
0 180

fn=(4608)
0 66
cfn=(4610)
calls=6 0 
0 294
0 48

fn=(2958)
0 264
cfn=(2960)
calls=48 0 
0 1476
0 192

fn=(4170)
0 132
cfn=(4172)
calls=14 0 
0 588
0 96

fn=(5538)
0 33792
cfn=(5540)
calls=3584 0 
0 119808
0 24576

fn=(5616)
0 67584
cfn=(5618)
calls=7168 0 
0 239616
0 49152

fn=(13684)
0 16896
cfn=(13686)
calls=1536 0 
0 59904
0 12288

fn=(13788)
0 4325376
cfn=(13790)
calls=393216 0 
0 15335424
0 3145728

fn=(3080)
0 132
cfn=(3082)
calls=24 0 
0 738
0 96

fn=(5594)
0 33792
cfn=(5596)
calls=3584 0 
0 119808
0 24576

fn=(5640)
0 236544
cfn=(5642)
calls=25088 0 
0 838656
0 172032

fn=(4506)
0 26003538
cfn=(4508)
calls=2363958 0 
0 92242602
0 18911664

fn=(4512)
0 38979534
cfn=(4514)
calls=3543594 0 
0 138247926
0 28348752

fn=(5518)
0 25986048
cfn=(5520)
calls=2756096 0 
0 92163072
0 18898944

fn=(4586)
0 8667912
cfn=(4588)
calls=787992 0 
0 30748008
0 6303936

fn=(8400)
0 66
cfn=(8022)
calls=12 0 
0 384
0 48

fn=(5504)
0 132
cfn=(4134)
calls=12 0 
0 948
0 96

fn=(4132)
0 132
cfn=(4134)
calls=16 0 
0 948
0 96

fn=(7462)
0 330
cfn=(7464)
calls=30 0 
0 1920
0 240

fn=(8388)
0 198
cfn=(2902)
calls=18 0 
0 1212
0 144

fn=(2922) quick_xml::name::QName::local_name'litchi_xlsx::raw::catalog::WorkbookInfo::process_element'litchi_xlsx::raw::catalog::parse_catalog'litchi_xlsx::workbook::model::Workbook::from_package_with_styles
0 132
cfn=(2924)
calls=24 0 
0 738
0 96

fn=(5670) quick_xml::name::QName::local_name'litchi_xlsx::raw::worksheet::codec::scan_cell_attributes'litchi_xlsx::raw::worksheet::codec::<impl litchi_xlsx::raw::worksheet::model::Parser>::start_cell'litchi_xlsx::raw::worksheet::codec::<impl litchi_xlsx::raw::worksheet::model::Parser>::start
0 8650752
cfn=(5672)
calls=917504 0 
0 30670848
0 6291456

fn=(8394)
0 282
cfn=(2922)
calls=6 0 
0 498
0 66
cfn=(2922)
calls=6 0 
0 468
0 132
cob=(2)
cfi=(233)
cfn=(2928) __memcmp_avx2_movbe'litchi_xlsx::raw::catalog::WorkbookInfo::process_element'litchi_xlsx::raw::catalog::parse_catalog'litchi_xlsx::workbook::model::Workbook::from_package_with_styles
calls=6 73 
0 102
0 180
cfn=(2932)
calls=6 0 
0 12342
0 78
cfn=(3000) litchi_xlsx::sheet::validate_str'litchi_xlsx::raw::catalog::WorkbookInfo::process_element'litchi_xlsx::raw::catalog::parse_catalog'litchi_xlsx::workbook::model::Workbook::from_package_with_styles
calls=6 0 
0 1338
0 48
cfn=(3008) litchi_ooxml_common::relationships::codec::attribute_value'litchi_xlsx::raw::catalog::WorkbookInfo::process_element'litchi_xlsx::raw::catalog::parse_catalog'litchi_xlsx::workbook::model::Workbook::from_package_with_styles
calls=6 0 
0 12586
0 96
cfn=(3060)
calls=6 0 
0 234
0 36
cfn=(3064)
calls=6 0 
0 12774
0 78
cfn=(2932)
calls=6 0 
0 9618
0 186
cfn=(3110)
calls=6 0 
0 15630
0 24
cfn=(3144)
calls=6 0 
0 2208
0 30
cfn=(3144)
calls=6 0 
0 1656
0 36
cfn=(3166) <alloc::string::String as core::clone::Clone>::clone'litchi_xlsx::raw::catalog::WorkbookInfo::process_element'litchi_xlsx::raw::catalog::parse_catalog'litchi_xlsx::workbook::model::Workbook::from_package_with_styles
calls=6 0 
0 1623
0 18
cfn=(3144)
calls=6 0 
0 1950
0 96
cfn=(3184)
calls=6 0 
0 162
0 6

fn=(8766) quick_xml::events::attributes::Attribute::decoded_and_normalized_value'litchi_xlsx::calculation_properties::codec::parse_calc_attributes'litchi_xlsx::calculation_properties::codec::inspect_with_policy'litchi_xlsx::calculation_properties::snapshot::Snapshot::load_with_limits
0 45
cfn=(8768)
calls=15 0 
0 2565
0 45

fn=(14138) quick_xml::events::attributes::Attribute::decoded_and_normalized_value'litchi_xlsx::calculation_properties::codec::parse_calc_attributes'litchi_xlsx::calculation_properties::codec::inspect_with_policy'litchi_xlsx::raw::recalc::invalidate
0 45
cfn=(8768)
calls=15 0 
0 2565
0 45

fn=(3036) quick_xml::events::attributes::Attribute::decoded_and_normalized_value'litchi_ooxml_common::relationships::codec::attribute_value'litchi_xlsx::raw::catalog::WorkbookInfo::process_element'litchi_xlsx::raw::catalog::parse_catalog
0 18
cfn=(3038)
calls=12 0 
0 1074
0 18

fn=(4542) quick_xml::events::attributes::Attribute::decoded_and_normalized_value'litchi_xlsx::raw::worksheet::edit::codec::wire::tag'litchi_xlsx::raw::worksheet::edit::codec::snapshot::scan::scan_with_limit'litchi_xlsx::raw::worksheet::edit::package::rewrite
0 18
cfn=(4544)
calls=6 0 
0 3456
0 18

fn=(4650) quick_xml::events::attributes::Attribute::decoded_and_normalized_value'litchi_xlsx::raw::worksheet::edit::codec::wire::tag'litchi_xlsx::raw::worksheet::edit::codec::snapshot::scan::Scanner::record_dimension'litchi_xlsx::raw::worksheet::edit::codec::snapshot::scan::scan_with_limit
0 18
cfn=(4652)
calls=6 0 
0 1428
0 18

fn=(13730) quick_xml::events::attributes::Attribute::decoded_and_normalized_value'litchi_xlsx::raw::worksheet::edit::codec::wire::tag'litchi_xlsx::raw::worksheet::edit::codec::snapshot::scan::Scanner::start_row'litchi_xlsx::raw::worksheet::edit::codec::snapshot::scan::scan_with_limit
0 4608
cfn=(13732)
calls=1536 0 
0 241296
0 4608

fn=(5680) quick_xml::events::attributes::Attribute::decoded_and_normalized_value'litchi_xlsx::raw::worksheet::codec::decode_cell_attribute'litchi_xlsx::raw::worksheet::codec::scan_cell_attributes'litchi_xlsx::raw::worksheet::codec::<impl litchi_xlsx::raw::worksheet::model::Parser>::start_cell
0 2359296
cfn=(5682)
calls=917504 0 
0 146904936
0 2359296

fn=(4614)
0 18
cfn=(4616)
calls=6 0 
0 1428
0 18

fn=(2968)
0 18
cfn=(2972)
calls=12 0 
0 1329
0 18

fn=(4176)
0 36
cfn=(4178)
calls=14 0 
0 2856
0 36

fn=(5544)
0 9216
cfn=(5546)
calls=3584 0 
0 482577
0 9216

fn=(13690)
0 4608
cfn=(13692)
calls=1536 0 
0 241296
0 4608

fn=(13794)
0 1179648
cfn=(13796)
calls=393216 0 
0 73543062
0 1179648

fn=(3086)
0 18
cfn=(3088)
calls=12 0 
0 780
0 18

fn=(13832)
0 1179648
cfn=(13834)
calls=393216 0 
0 73543062
0 1179648

fn=(14032)
0 24

fn=(8648)
0 12

fn=(7532)
0 12

fn=(8402)
0 12

fn=(8808) core::ptr::drop_in_place<quick_xml::events::Event>'litchi_xlsx::calculation_properties::codec::inspect_with_policy'litchi_xlsx::calculation_properties::snapshot::Snapshot::load_with_limits'litchi_xlsx::workbook::model::Workbook::calculation_metadata
0 12

fn=(7714) core::ptr::drop_in_place<quick_xml::events::Event>'litchi_xlsx::calculation_properties::codec::inspect_with_policy'litchi_xlsx::raw::recalc::invalidate'litchi_xlsx::workbook::edit::semantic::transaction::Edit::commit
0 12

fn=(5784)
0 24

fn=(4216)
0 24

fn=(13542)
0 99

fn=(13512) litchi_xlsx::workbook::edit::semantic::transaction::Edit::commit'litchi_perf_baseline::run_xlsx_update_commit'litchi_perf_baseline::run_case_with_config'litchi_perf_baseline::run
0 45
cfn=(13514) litchi_opc::package::OpcPackage::is_signed'litchi_xlsx::workbook::edit::semantic::transaction::Edit::commit'litchi_perf_baseline::run_xlsx_update_commit'litchi_perf_baseline::run_case_with_config
calls=3 0 
0 8937
0 12
cfn=(13526) litchi_xlsx::workbook::edit::semantic::transaction::Edit::is_empty'litchi_xlsx::workbook::edit::semantic::transaction::Edit::commit'litchi_perf_baseline::run_xlsx_update_commit'litchi_perf_baseline::run_case_with_config
calls=3 0 
0 192
0 705
cfn=(13528)
calls=3 0 
0 144
0 9
cfn=(13530) core::option::Option<T>::filter'litchi_xlsx::workbook::edit::semantic::transaction::Edit::commit'litchi_perf_baseline::run_xlsx_update_commit'litchi_perf_baseline::run_case_with_config
calls=3 0 
0 54
0 48
cfn=(13532)
calls=3 0 
0 2142
0 102
cfn=(13546)
calls=3 0 
0 2649
0 126
cfn=(13554)
calls=9 0 
0 246
0 81
cfn=(13556)
calls=3 0 
0 162
0 141
cfn=(13558) litchi_xlsx::workbook::edit::package::active_tab_at'litchi_xlsx::workbook::edit::semantic::transaction::Edit::commit'litchi_perf_baseline::run_xlsx_update_commit'litchi_perf_baseline::run_case_with_config
calls=3 0 
0 279
0 135
cfn=(13566)
calls=3 0 
0 766
0 207
cfn=(13570)
calls=3 0 
0 162
0 18
cfn=(13570)
calls=6 0 
0 636
0 129
cob=(2)
cfi=(203)
cfn=(13572) __memcpy_avx_unaligned_erms'litchi_xlsx::workbook::edit::semantic::transaction::Edit::commit'litchi_perf_baseline::run_xlsx_update_commit'litchi_perf_baseline::run_case_with_config
calls=6 255 
0 462
0 30
cfn=(13574) alloc::collections::btree::map::BTreeMap<K,V,A>::remove'litchi_xlsx::workbook::edit::semantic::transaction::Edit::commit'litchi_perf_baseline::run_xlsx_update_commit'litchi_perf_baseline::run_case_with_config
calls=6 0 
0 120
0 732
cfn=(13576) litchi_xlsx::workbook::model::Worksheet::store'litchi_xlsx::workbook::edit::semantic::transaction::Edit::commit'litchi_perf_baseline::run_xlsx_update_commit'litchi_perf_baseline::run_case_with_config
calls=6 0 
0 3073085526
0 126
cfn=(13590)
calls=6 0 
0 1956
0 102
cfn=(13596)
calls=6 0 
0 24
0 120
cfn=(13598)
calls=6 0 
0 12
0 144
cfn=(13600)
calls=6 0 
0 402
0 510
cfn=(13604) litchi_xlsx::workbook::edit::model::project_merges'litchi_xlsx::workbook::edit::semantic::transaction::Edit::commit'litchi_perf_baseline::run_xlsx_update_commit'litchi_perf_baseline::run_case_with_config
calls=6 0 
0 2508
0 348
cfn=(13610) <alloc::collections::btree::map::IntoIter<K,V,A> as core::iter::traits::iterator::Iterator>::next'litchi_xlsx::workbook::edit::semantic::transaction::Edit::commit'litchi_perf_baseline::run_xlsx_update_commit'litchi_perf_baseline::run_case_with_config
calls=6 0 
0 630
0 11799
cfn=(13610)
calls=3933 0 
0 401056
0 90477
cfn=(13614) litchi_xlsx::cell::Store::entry'litchi_xlsx::workbook::edit::semantic::transaction::Edit::commit'litchi_perf_baseline::run_xlsx_update_commit'litchi_perf_baseline::run_case_with_config
calls=3933 0 
0 1191699
0 35397
cfn=(13616)
calls=3933 0 
0 1318780
0 23598
cfn=(13622) litchi_xlsx::workbook::edit::model::State::after'litchi_xlsx::workbook::edit::semantic::transaction::Edit::commit'litchi_perf_baseline::run_xlsx_update_commit'litchi_perf_baseline::run_case_with_config
calls=3933 0 
0 1178597
0 11799
cfn=(13626)
calls=3933 0 
0 409849
0 90459
cfn=(13630)
calls=3933 0 
0 299725
0 94392
cfn=(13636)
calls=3933 0 
0 2009173
0 27531
cfn=(13640) <alloc::string::String as core::clone::Clone>::clone'litchi_xlsx::workbook::edit::semantic::transaction::Edit::commit'litchi_perf_baseline::run_xlsx_update_commit'litchi_perf_baseline::run_case_with_config
calls=3933 0 
0 939172
0 23598
cfn=(13648)
calls=3933 0 
0 55062
0 145521
cfn=(13650)
calls=3933 0 
0 1383741
0 3975
cfn=(13656)
calls=6 0 
0 246
0 138
cfn=(13610)
calls=6 0 
0 240
0 30
cfn=(13570)
calls=6 0 
0 162
0 174
cfn=(13610)
calls=6 0 
0 240
0 30
cfn=(13570)
calls=6 0 
0 162
0 516
cfn=(13660) litchi_xlsx::raw::worksheet::edit::package::rewrite'litchi_xlsx::workbook::edit::semantic::transaction::Edit::commit'litchi_perf_baseline::run_xlsx_update_commit'litchi_perf_baseline::run_case_with_config
calls=6 0 
0 3236498389
0 324
cfn=(14002)
calls=6 0 
0 2426404081
0 102
cfn=(14036)
calls=6 0 
0 3069117648
0 96
cob=(2)
cfi=(203)
cfn=(13572)
calls=6 255 
0 180
0 96
cob=(2)
cfi=(203)
cfn=(13572)
calls=6 255 
0 180
0 84
cob=(2)
cfi=(203)
cfn=(13572)
calls=6 255 
0 180
0 126
cfn=(14048) litchi_xlsx::raw::compact::WorksheetOutput::into_bytes_and_web'litchi_xlsx::workbook::edit::semantic::transaction::Edit::commit'litchi_perf_baseline::run_xlsx_update_commit'litchi_perf_baseline::run_case_with_config
calls=6 0 
0 294
0 138
cfn=(14050) litchi_xlsx::workbook::model::Inner::validate_styles'litchi_xlsx::workbook::edit::semantic::transaction::Edit::commit'litchi_perf_baseline::run_xlsx_update_commit'litchi_perf_baseline::run_case_with_config
calls=6 0 
0 2368740
0 48
cfn=(14056)
calls=6 0 
0 306
0 474
cfn=(14062) core::ptr::drop_in_place<litchi_xlsx::cell::Store>'litchi_xlsx::workbook::edit::semantic::transaction::Edit::commit'litchi_perf_baseline::run_xlsx_update_commit'litchi_perf_baseline::run_case_with_config
calls=6 0 
0 87660890
0 30
cfn=(13640)
calls=6 0 
0 510
0 66
cfn=(13650)
calls=6 0 
0 453
0 12
cfn=(14068)
calls=6 0 
0 114
0 36
cfn=(14070)
calls=6 0 
0 918
0 102
cfn=(14074)
calls=6 0 
0 90
0 12
cfn=(14076)
calls=6 0 
0 36
0 12
cfn=(14078)
calls=6 0 
0 60
0 12
cfn=(14080)
calls=6 0 
0 114
0 12
cfn=(14082)
calls=6 0 
0 84
0 30
cfn=(14084)
calls=6 0 
0 42
0 137553
cfn=(13614)
calls=3933 0 
0 1191699
0 15732
cfn=(13616)
calls=3933 0 
0 621435
0 15732
cfn=(13626)
calls=3933 0 
0 485748
0 15732
cfn=(14052) core::ptr::drop_in_place<litchi_xlsx::workbook::edit::model::State>'litchi_xlsx::workbook::edit::semantic::transaction::Edit::commit'litchi_perf_baseline::run_xlsx_update_commit'litchi_perf_baseline::run_case_with_config
calls=3933 0 
0 342171
0 3966
cfn=(13656)
calls=3 0 
0 123
0 84
cfn=(14088)
calls=3 0 
0 144
0 90
cfn=(14092)
calls=3 0 
0 93
0 84
cfn=(14094) <core::slice::iter::Iter<T> as core::iter::traits::iterator::Iterator>::any'litchi_xlsx::workbook::edit::semantic::transaction::Edit::commit'litchi_perf_baseline::run_xlsx_update_commit'litchi_perf_baseline::run_case_with_config
calls=3 0 
0 66891
0 57
cfn=(14096) litchi_xlsx::workbook::edit::codec::calculation_chain_removal'litchi_xlsx::workbook::edit::semantic::transaction::Edit::commit'litchi_perf_baseline::run_xlsx_update_commit'litchi_perf_baseline::run_case_with_config
calls=3 0 
0 17499
0 111
cfn=(14168)
calls=3 0 
0 39
0 69
cfn=(14170)
calls=3 0 
0 252
0 51
cfn=(14174) <alloc::vec::Vec<T,A1> as alloc::vec::spec_extend::SpecExtend<T,alloc::vec::into_iter::IntoIter<T,A2>>>::spec_extend'litchi_xlsx::workbook::edit::semantic::transaction::Edit::commit'litchi_perf_baseline::run_xlsx_update_commit'litchi_perf_baseline::run_case_with_config
calls=3 0 
0 189
0 51
cfn=(14174)
calls=3 0 
0 189
0 72
cfn=(13590)
calls=3 0 
0 894
0 39
cfn=(13596)
calls=3 0 
0 12
0 168
cfn=(14092)
calls=3 0 
0 180
0 69
cfn=(14116)
calls=3 0 
0 7776
0 42
cob=(2)
cfi=(203)
cfn=(13572)
calls=3 255 
0 231
0 57
cfn=(14122)
calls=3 0 
0 162
0 42
cfn=(14178)
calls=3 0 
0 30482
0 48
cfn=(14224)
calls=3 0 
0 11223
0 12
cfn=(14224)
calls=3 0 
0 11217
0 54
cfn=(14256)
calls=6 0 
0 186
0 66
cob=(2)
cfi=(203)
cfn=(13572)
calls=3 255 
0 90
0 24
cfn=(14262)
calls=3 0 
0 325410
0 36
cfn=(14324)
calls=3 0 
0 321757
0 57
cfn=(14124)
calls=3 0 
0 320081
0 39
cfn=(14070)
calls=3 0 
0 105
0 36
cob=(2)
cfi=(233)
cfn=(14166) __memcmp_avx2_movbe'litchi_xlsx::workbook::edit::semantic::transaction::Edit::commit'litchi_perf_baseline::run_xlsx_update_commit'litchi_perf_baseline::run_case_with_config
calls=3 73 
0 263
0 57
cob=(2)
cfi=(233)
cfn=(14166)
calls=3 73 
0 263
0 84
cob=(2)
cfi=(203)
cfn=(13572)
calls=3 255 
0 195
0 114
cfn=(14336)
calls=3 0 
0 759
0 19716
cfn=(14340)
calls=3 0 
0 231
0 45
cfn=(13648)
calls=3 0 
0 935
0 24
cfn=(13648)
calls=3 0 
0 45
0 24
cfn=(13648)
calls=3 0 
0 885
0 24
cfn=(13648)
calls=3 0 
0 45
0 24
cfn=(13648)
calls=3 0 
0 45
0 21
cob=(2)
cfi=(203)
cfn=(13572)
calls=3 255 
0 195
0 39
cob=(2)
cfi=(203)
cfn=(13572)
calls=3 255 
0 195
0 123
cfn=(14070)
calls=3 0 
0 105
0 24
cfn=(14070)
calls=3 0 
0 105
0 15
cfn=(14346)
calls=3 0 
0 273
0 18
cfn=(14350)
calls=3 0 
0 12
0 6
cfn=(14352) core::ptr::drop_in_place<alloc::vec::Vec<(usize,litchi_xlsx::sheet::Name)>>'litchi_xlsx::workbook::edit::semantic::transaction::Edit::commit'litchi_perf_baseline::run_xlsx_update_commit'litchi_perf_baseline::run_case_with_config
calls=3 0 
0 57
0 9
cfn=(14354)
calls=3 0 
0 144
0 9
cfn=(14354)
calls=3 0 
0 150
0 30
cfn=(14070)
calls=3 0 
0 105
0 3

fn=(13526)
0 192

fn=(14050)
0 2368740

fn=(13586) litchi_xlsx::workbook::model::Inner::validate_styles'litchi_xlsx::workbook::model::Worksheet::store'litchi_xlsx::workbook::edit::semantic::transaction::Edit::commit'litchi_perf_baseline::run_xlsx_update_commit
0 2368740

fn=(4292)
0 126
cob=(2)
cfi=(203)
cfn=(4294) __memcpy_avx_unaligned_erms'std::sync::once::Once::call_once_force::{{closure}}'<std::sys::sync::once::futex::Once>::call'std::sync::once_lock::OnceLock<T>::initialize
calls=8 255 
0 180
0 36
cob=(2)
cfi=(203)
cfn=(4294)
calls=8 255 
0 180
0 36

fn=(13622)
0 153387
cfn=(13624) <alloc::boxed::Box<str> as core::clone::Clone>::clone'litchi_xlsx::workbook::edit::model::State::after'litchi_xlsx::workbook::edit::semantic::transaction::Edit::commit'litchi_perf_baseline::run_xlsx_update_commit
calls=3933 0 
0 840359
0 184851

fn=(4690)
0 972
cfn=(4694) std::thread::local::LocalKey<T>::with'litchi_xlsx::raw::worksheet::edit::codec::snapshot::scan::Scanner::finish_layout'litchi_xlsx::raw::worksheet::edit::codec::snapshot::scan::scan_with_limit'litchi_xlsx::raw::worksheet::edit::package::rewrite
calls=6 0 
0 126
0 144
cfn=(4700) alloc::raw_vec::RawVecInner<A>::try_reserve_exact'litchi_xlsx::raw::worksheet::edit::codec::snapshot::scan::Scanner::finish_layout'litchi_xlsx::raw::worksheet::edit::codec::snapshot::scan::scan_with_limit'litchi_xlsx::raw::worksheet::edit::package::rewrite
calls=6 0 
0 72
0 84
cfn=(4702)
calls=6 0 
0 1230
0 126
cfn=(4700)
calls=6 0 
0 72
0 48
cfn=(4712)
calls=6 0 
0 144
0 372
cfn=(4714)
calls=6 0 
0 108
0 54
cfn=(4714)
calls=6 0 
0 108
0 60
cfn=(4714)
calls=6 0 
0 108
0 48
cfn=(4714)
calls=6 0 
0 90
0 546
cfn=(4718) core::ptr::drop_in_place<litchi_xlsx::merge::Index>'litchi_xlsx::raw::worksheet::edit::codec::snapshot::scan::Scanner::finish_layout'litchi_xlsx::raw::worksheet::edit::codec::snapshot::scan::scan_with_limit'litchi_xlsx::raw::worksheet::edit::package::rewrite
calls=6 0 
0 78
0 12
cfn=(4720)
calls=6 0 
0 24
0 12
cfn=(4724)
calls=6 0 
0 30
0 12
cfn=(4728)
calls=6 0 
0 66
0 12
cfn=(4732) core::ptr::drop_in_place<core::option::Option<litchi_xlsx::raw::worksheet::edit::codec::snapshot::scan::PendingColumns>>'litchi_xlsx::raw::worksheet::edit::codec::snapshot::scan::Scanner::finish_layout'litchi_xlsx::raw::worksheet::edit::codec::snapshot::scan::scan_with_limit'litchi_xlsx::raw::worksheet::edit::package::rewrite
calls=6 0 
0 90
0 24
cfn=(4736)
calls=6 0 
0 90
0 12
cfn=(4740)
calls=6 0 
0 30
0 12
cfn=(4744) core::ptr::drop_in_place<alloc::vec::Vec<litchi_xlsx::raw::worksheet::edit::codec::snapshot::scan::FormulaStorage>>'litchi_xlsx::raw::worksheet::edit::codec::snapshot::scan::Scanner::finish_layout'litchi_xlsx::raw::worksheet::edit::codec::snapshot::scan::scan_with_limit'litchi_xlsx::raw::worksheet::edit::package::rewrite
calls=6 0 
0 114
0 18
cfn=(4748)
calls=6 0 
0 30
0 6

fn=(13864) litchi_xlsx::raw::worksheet::edit::validation::validate_actions'litchi_xlsx::raw::worksheet::edit::package::rewrite'litchi_xlsx::workbook::edit::semantic::transaction::Edit::commit'litchi_perf_baseline::run_xlsx_update_commit
0 127290
cfn=(4768)
calls=6 0 
0 378
0 1156446
cfn=(4770)
calls=3933 0 
0 369516
0 39330
cfn=(4768)
calls=3933 0 
0 142302
0 7884

fn=(13946) litchi_xlsx::raw::worksheet::edit::codec::snapshot::write::sheet_data::write_text_element'litchi_xlsx::raw::worksheet::edit::codec::snapshot::write::sheet_data::write_payload'litchi_xlsx::raw::worksheet::edit::codec::snapshot::write::sheet_data::write_sheet_data'litchi_xlsx::raw::worksheet::edit::package::rewrite
0 51129
cfn=(13948)
calls=3933 0 
0 651231
0 82593
cob=(2)
cfi=(203)
cfn=(13950) __memcpy_avx_unaligned_erms'litchi_xlsx::raw::worksheet::edit::codec::snapshot::write::sheet_data::write_text_element'litchi_xlsx::raw::worksheet::edit::codec::snapshot::write::sheet_data::write_payload'litchi_xlsx::raw::worksheet::edit::codec::snapshot::write::sheet_data::write_sheet_data
calls=3933 255 
0 62928
0 78660
cob=(2)
cfi=(203)
cfn=(13950)
calls=3933 255 
0 59016
0 78660
cob=(2)
cfi=(203)
cfn=(13950)
calls=3933 255 
0 62928
0 82593
cfn=(13952)
calls=3933 0 
0 139725

fn=(5656) litchi_xlsx::raw::worksheet::codec::scan_cell_attributes'litchi_xlsx::raw::worksheet::codec::<impl litchi_xlsx::raw::worksheet::model::Parser>::start_cell'litchi_xlsx::raw::worksheet::codec::<impl litchi_xlsx::raw::worksheet::model::Parser>::start'litchi_xlsx::raw::worksheet::codec::<impl litchi_xlsx::raw::worksheet::model::Parser>::parse
0 25165824
cfn=(5658) <quick_xml::events::attributes::Attributes as core::iter::traits::iterator::Iterator>::next'litchi_xlsx::raw::worksheet::codec::scan_cell_attributes'litchi_xlsx::raw::worksheet::codec::<impl litchi_xlsx::raw::worksheet::model::Parser>::start_cell'litchi_xlsx::raw::worksheet::codec::<impl litchi_xlsx::raw::worksheet::model::Parser>::start
calls=917504 0 
0 276713472
0 2359296
cfn=(5658)
calls=917504 0 
0 44826624
0 14942208
cfn=(5664)
calls=917504 0 
0 42467328
0 3145728
cfn=(5670)
calls=917504 0 
0 45613056
0 12582912
cfn=(5678) litchi_xlsx::raw::worksheet::codec::decode_cell_attribute'litchi_xlsx::raw::worksheet::codec::scan_cell_attributes'litchi_xlsx::raw::worksheet::codec::<impl litchi_xlsx::raw::worksheet::model::Parser>::start_cell'litchi_xlsx::raw::worksheet::codec::<impl litchi_xlsx::raw::worksheet::model::Parser>::start
calls=917504 0 
0 342737809
0 18874368
cfn=(5698)
calls=917504 0 
0 27525120
0 6291456
cob=(2)
cfi=(203)
cfn=(5704) __memcpy_avx_unaligned_erms'litchi_xlsx::raw::worksheet::codec::scan_cell_attributes'litchi_xlsx::raw::worksheet::codec::<impl litchi_xlsx::raw::worksheet::model::Parser>::start_cell'litchi_xlsx::raw::worksheet::codec::<impl litchi_xlsx::raw::worksheet::model::Parser>::start
calls=917504 255 
0 23592960
0 7864320

fn=(13618)
0 173052
cfn=(5904) <alloc::boxed::Box<str> as core::clone::Clone>::clone'<litchi_xlsx::cell::Cell as core::clone::Clone>::clone'litchi_xlsx::workbook::edit::model::State::read'litchi_xlsx::workbook::edit::semantic::transaction::Edit::commit
calls=7866 0 
0 1303069
0 70794

fn=(13620)
0 70794

fn=(14052)
0 27531
cfn=(14054)
calls=3933 0 
0 275310
0 39330

fn=(14062)
0 42
cfn=(14064)
calls=6 0 
0 87658358
0 42
cfn=(14066)
calls=6 0 
0 1152
0 48
cfn=(14066)
calls=6 0 
0 1152
0 96

fn=(8630)
0 486

fn=(7396)
0 486

fn=(8708) litchi_xlsx::calculation_properties::codec::reject_unsafe_event'litchi_xlsx::calculation_properties::codec::inspect_with_policy'litchi_xlsx::calculation_properties::snapshot::Snapshot::load_with_limits'litchi_xlsx::workbook::model::Workbook::calculation_metadata
0 486

fn=(7652) litchi_xlsx::calculation_properties::codec::reject_unsafe_event'litchi_xlsx::calculation_properties::codec::inspect_with_policy'litchi_xlsx::raw::recalc::invalidate'litchi_xlsx::workbook::edit::semantic::transaction::Edit::commit
0 486

fn=(8646)
0 180
cfn=(7526)
calls=6 0 
0 210
0 27

fn=(7524)
0 180
cfn=(7526)
calls=6 0 
0 210
0 27

fn=(7510)
0 456
cfn=(7512)
calls=12 0 
0 420
0 240

fn=(14174)
0 216
cfn=(14176)
calls=6 0 
0 162

fn=(8128) alloc::boxed::iter::<impl core::iter::traits::iterator::Iterator for alloc::boxed::Box<I,A>>::next'<hashbrown::map::HashMap<K,V,S,A> as core::clone::Clone>::clone'<litchi_opc::package::OpcPackage as core::clone::Clone>::clone'litchi_xlsx::workbook::edit::semantic::transaction::Edit::commit
0 48
cfn=(8132) <T as litchi_opc::part::PartClone>::clone_part'alloc::boxed::iter::<impl core::iter::traits::iterator::Iterator for alloc::boxed::Box<I,A>>::next'<hashbrown::map::HashMap<K,V,S,A> as core::clone::Clone>::clone'<litchi_opc::package::OpcPackage as core::clone::Clone>::clone
calls=12 0 
0 22584

fn=(8132)
0 60
cfn=(14186) <litchi_opc::part::XmlPart as core::clone::Clone>::clone'<T as litchi_opc::part::PartClone>::clone_part'alloc::boxed::iter::<impl core::iter::traits::iterator::Iterator for alloc::boxed::Box<I,A>>::next'<hashbrown::map::HashMap<K,V,S,A> as core::clone::Clone>::clone
calls=12 0 
0 19122
0 12
cfn=(8146)
calls=12 0 
0 12
0 36
cfn=(8148) __rustc::__rust_alloc'<T as litchi_opc::part::PartClone>::clone_part'alloc::boxed::iter::<impl core::iter::traits::iterator::Iterator for alloc::boxed::Box<I,A>>::next'<hashbrown::map::HashMap<K,V,S,A> as core::clone::Clone>::clone
calls=12 0 
0 2838
0 84
cob=(2)
cfi=(203)
cfn=(8154) __memcpy_avx_unaligned_erms'<T as litchi_opc::part::PartClone>::clone_part'alloc::boxed::iter::<impl core::iter::traits::iterator::Iterator for alloc::boxed::Box<I,A>>::next'<hashbrown::map::HashMap<K,V,S,A> as core::clone::Clone>::clone
calls=12 255 
0 360
0 60

fn=(8566)
0 60
cfn=(8568)
calls=6 0 
0 210
0 60

fn=(8610)
0 54
cob=(2)
cfi=(233)
cfn=(8612) __memcmp_avx2_movbe'litchi_xlsx::calculation_properties::snapshot::require_workbook_content_type'litchi_xlsx::calculation_properties::snapshot::Snapshot::load_with_limits'litchi_xlsx::workbook::model::Workbook::calculation_metadata
calls=3 73 
0 87
0 18

fn=(13668)
0 23040
cfn=(13672) litchi_xlsx::raw::worksheet::edit::codec::snapshot::scan::Scanner::row_position'litchi_xlsx::raw::worksheet::edit::codec::snapshot::scan::Scanner::start_row'litchi_xlsx::raw::worksheet::edit::codec::snapshot::scan::scan_with_limit'litchi_xlsx::raw::worksheet::edit::package::rewrite
calls=1536 0 
0 3579841
0 12288
cfn=(13714) litchi_xlsx::raw::worksheet::edit::codec::wire::tag'litchi_xlsx::raw::worksheet::edit::codec::snapshot::scan::Scanner::start_row'litchi_xlsx::raw::worksheet::edit::codec::snapshot::scan::scan_with_limit'litchi_xlsx::raw::worksheet::edit::package::rewrite
calls=1536 0 
0 2907583
0 19968
cfn=(13748) litchi_xlsx::raw::worksheet::x14ac::attribute_name'litchi_xlsx::raw::worksheet::edit::codec::snapshot::scan::Scanner::start_row'litchi_xlsx::raw::worksheet::edit::codec::snapshot::scan::scan_with_limit'litchi_xlsx::raw::worksheet::edit::package::rewrite
calls=1536 0 
0 943824
0 49152

fn=(14186)
0 144
cfn=(14188) <alloc::string::String as core::clone::Clone>::clone'<litchi_opc::part::XmlPart as core::clone::Clone>::clone'<T as litchi_opc::part::PartClone>::clone_part'alloc::boxed::iter::<impl core::iter::traits::iterator::Iterator for alloc::boxed::Box<I,A>>::next
calls=12 0 
0 1306
0 36
cfn=(14188)
calls=12 0 
0 1152
0 84
cfn=(14188)
calls=12 0 
0 1827
0 72
cfn=(14188)
calls=12 0 
0 1458
0 108
cfn=(14200)
calls=12 0 
0 12215
0 720

fn=(13660)
0 258
cfn=(13662)
calls=6 0 
0 3024781778
0 60
cob=(2)
cfi=(203)
cfn=(13862) __memcpy_avx_unaligned_erms'litchi_xlsx::raw::worksheet::edit::package::rewrite'litchi_xlsx::workbook::edit::semantic::transaction::Edit::commit'litchi_perf_baseline::run_xlsx_update_commit
calls=6 255 
0 534
0 66
cob=(2)
cfi=(203)
cfn=(13862)
calls=6 255 
0 534
0 78
cfn=(13864)
calls=6 0 
0 1843146
0 54
cfn=(13866)
calls=6 0 
0 114
0 48
cfn=(13868)
calls=6 0 
0 283794
0 48
cfn=(13870)
calls=6 0 
0 126
0 36
cfn=(13872)
calls=6 0 
0 87480234
0 12
cfn=(13874) litchi_xlsx::raw::worksheet::edit::validation::plan_sets_descent'litchi_xlsx::raw::worksheet::edit::package::rewrite'litchi_xlsx::workbook::edit::semantic::transaction::Edit::commit'litchi_perf_baseline::run_xlsx_update_commit
calls=6 0 
0 96
0 24
cfn=(13876) litchi_xlsx::raw::worksheet::edit::codec::validation::ExtensionNames::plan'litchi_xlsx::raw::worksheet::edit::package::rewrite'litchi_xlsx::workbook::edit::semantic::transaction::Edit::commit'litchi_perf_baseline::run_xlsx_update_commit
calls=6 0 
0 456
0 276
cfn=(13878)
calls=6 0 
0 2652
0 330
cob=(2)
cfi=(203)
cfn=(13862)
calls=6 255 
0 180
0 138
cfn=(13880)
calls=6 0 
0 46716400
0 114
cob=(2)
cfi=(203)
cfn=(13862)
calls=6 255 
0 78
0 72
cfn=(13974)
calls=6 0 
0 300
0 24
cfn=(13976) core::ptr::drop_in_place<litchi_xlsx::raw::worksheet::edit::codec::validation::ExtensionNames>'litchi_xlsx::raw::worksheet::edit::package::rewrite'litchi_xlsx::workbook::edit::semantic::transaction::Edit::commit'litchi_perf_baseline::run_xlsx_update_commit
calls=6 0 
0 485
0 12
cfn=(13978) core::ptr::drop_in_place<litchi_xlsx::raw::worksheet::edit::codec::snapshot::model::Layout>'litchi_xlsx::raw::worksheet::edit::package::rewrite'litchi_xlsx::workbook::edit::semantic::transaction::Edit::commit'litchi_perf_baseline::run_xlsx_update_commit
calls=6 0 
0 75385826
0 6

fn=(1218) main'(below main)'__libc_start_main@@GLIBC_2.34'(below main)
cfn=(1222)
calls=0 0 
0 11908886205

fn=(5136) __rustc::__rdl_alloc'__rustc::__rust_alloc'litchi_core::xml::escape::escape_xml'litchi_xlsx::raw::worksheet::edit::codec::snapshot::write::sheet_data::write_payload
0 35397
cob=(2)
cfi=(155)
cfn=(4954) malloc'__rustc::__rdl_alloc'__rustc::__rust_alloc'litchi_core::xml::escape::escape_xml
calls=3933 3283 
0 104544

fn=(4952) __rustc::__rdl_alloc'__rustc::__rust_alloc'litchi_core::xml::escape::escape_xml'litchi_xlsx::raw::worksheet::edit::codec::wire::write_attribute
0 35397
cob=(2)
cfi=(155)
cfn=(4954)
calls=3933 3283 
0 104544

fn=(7402) __rustc::__rdl_alloc'__rustc::__rust_alloc'litchi_xlsx::calculation_properties::rewriter::inspect_layout'litchi_xlsx::calculation_properties::codec::inspect_with_policy
0 972
cob=(2)
cfi=(155)
cfn=(7404) malloc'__rustc::__rdl_alloc'__rustc::__rust_alloc'litchi_xlsx::calculation_properties::rewriter::inspect_layout
calls=108 3283 
0 5203

fn=(7480) __rustc::__rdl_alloc'__rustc::__rust_alloc'litchi_xlsx::calculation_properties::rewriter::inspect_start'litchi_xlsx::calculation_properties::rewriter::inspect_layout
0 270
cob=(2)
cfi=(155)
cfn=(7482) malloc'__rustc::__rdl_alloc'__rustc::__rust_alloc'litchi_xlsx::calculation_properties::rewriter::inspect_start
calls=30 3283 
0 2154

fn=(13888) __rustc::__rdl_alloc'__rustc::__rust_alloc'litchi_xlsx::raw::worksheet::edit::codec::snapshot::write::sheet_data::write_sheet_data'litchi_xlsx::raw::worksheet::edit::package::rewrite
0 70794
cob=(2)
cfi=(155)
cfn=(13890) malloc'__rustc::__rdl_alloc'__rustc::__rust_alloc'litchi_xlsx::raw::worksheet::edit::codec::snapshot::write::sheet_data::write_sheet_data
calls=7866 3283 
0 239952

fn=(5362) __rustc::__rdl_alloc'__rustc::__rust_alloc'quick_xml::events::BytesStart::push_attribute'litchi_xlsx::raw::compact::write_start
0 3552876
cob=(2)
cfi=(155)
cfn=(5364) malloc'__rustc::__rdl_alloc'__rustc::__rust_alloc'quick_xml::events::BytesStart::push_attribute
calls=394764 3283 
0 10263912

fn=(2530) __rustc::__rdl_alloc'__rustc::__rust_alloc'<alloc::raw_vec::RawVecInner>::finish_grow'<alloc::raw_vec::RawVecInner<_>>::reserve::do_reserve_and_handle::<alloc::alloc::Global>
0 162
cob=(2)
cfi=(155)
cfn=(2532) malloc'__rustc::__rdl_alloc'__rustc::__rust_alloc'<alloc::raw_vec::RawVecInner>::finish_grow
calls=135112 3283 
0 1260

fn=(5746) __rustc::__rdl_alloc'__rustc::__rust_alloc'<alloc::raw_vec::RawVecInner>::finish_grow'<alloc::string::String>::try_reserve
0 7077888
cob=(2)
cfi=(155)
cfn=(2532)
calls=917567 3283 
0 20558725

fn=(8852) __rustc::__rdl_alloc'__rustc::__rust_alloc'<alloc::raw_vec::RawVecInner>::finish_grow'<alloc::string::String>::try_reserve_exact
0 108
cob=(2)
cfi=(155)
cfn=(2532)
calls=213 3283 
0 348

fn=(8784) __rustc::__rdl_alloc'__rustc::__rust_alloc'<alloc::vec::Vec<T> as alloc::vec::spec_from_iter_nested::SpecFromIterNested<T,I>>::from_iter'litchi_xlsx::calculation_properties::codec::collapse_whitespace
0 270
cob=(2)
cfi=(155)
cfn=(2040) malloc'__rustc::__rdl_alloc'__rustc::__rust_alloc'<alloc::vec::Vec<T> as alloc::vec::spec_from_iter_nested::SpecFromIterNested<T,I>>::from_iter
calls=30 3283 
0 900

fn=(3472) __rustc::__rdl_alloc'__rustc::__rust_alloc'<alloc::vec::Vec<T> as alloc::vec::spec_from_iter_nested::SpecFromIterNested<T,I>>::from_iter'litchi_xlsx::workbook::model::Workbook::from_package_with_styles
0 27
cob=(2)
cfi=(155)
cfn=(2040)
calls=6 3283 
0 207

fn=(3382) __rustc::__rdl_alloc'__rustc::__rust_alloc'alloc::boxed::box_new_uninit'litchi_xlsx::workbook::model::Workbook::from_package_with_styles
0 27
cob=(2)
cfi=(155)
cfn=(2420) malloc'__rustc::__rdl_alloc'__rustc::__rust_alloc'alloc::boxed::box_new_uninit
calls=12 3283 
0 422

fn=(5944) __rustc::__rdl_alloc'__rustc::__rust_alloc'alloc::boxed::box_new_uninit'litchi_xlsx::workbook::edit::semantic::transaction::Edit::commit
0 54
cob=(2)
cfi=(155)
cfn=(2420)
calls=6 3283 
0 180

fn=(2734) __rustc::__rdl_alloc'__rustc::__rust_alloc'litchi_xlsx::raw::catalog::parse_catalog'litchi_xlsx::workbook::model::Workbook::from_package_with_styles
0 513
cob=(2)
cfi=(155)
cfn=(2736) malloc'__rustc::__rdl_alloc'__rustc::__rust_alloc'litchi_xlsx::raw::catalog::parse_catalog
calls=114 3283 
0 2904

fn=(7390) __rustc::__rdl_alloc'__rustc::__rust_alloc'quick_xml::events::Event::into_owned'litchi_xlsx::calculation_properties::rewriter::inspect_layout
0 432
cob=(2)
cfi=(155)
cfn=(2800) malloc'__rustc::__rdl_alloc'__rustc::__rust_alloc'quick_xml::events::Event::into_owned
calls=48 3283 
0 1995

fn=(2798) __rustc::__rdl_alloc'__rustc::__rust_alloc'quick_xml::events::Event::into_owned'litchi_xlsx::raw::catalog::parse_catalog
0 216
cob=(2)
cfi=(155)
cfn=(2800)
calls=48 3283 
0 1648

fn=(7648) __rustc::__rdl_alloc'__rustc::__rust_alloc'quick_xml::events::Event::into_owned'litchi_xlsx::calculation_properties::codec::inspect_with_policy
0 432
cob=(2)
cfi=(155)
cfn=(2800)
calls=48 3283 
0 1840

fn=(8150) __rustc::__rdl_alloc'__rustc::__rust_alloc'<T as litchi_opc::part::PartClone>::clone_part'alloc::boxed::iter::<impl core::iter::traits::iterator::Iterator for alloc::boxed::Box<I,A>>::next
0 108
cob=(2)
cfi=(155)
cfn=(8152) malloc'__rustc::__rdl_alloc'__rustc::__rust_alloc'<T as litchi_opc::part::PartClone>::clone_part
calls=12 3283 
0 2718

fn=(4836) __rustc::__rdl_alloc'__rustc::__rust_alloc'litchi_xlsx::raw::worksheet::edit::codec::validation::ExtensionNames::plan'litchi_xlsx::raw::worksheet::edit::package::rewrite
0 54
cob=(2)
cfi=(155)
cfn=(4838) malloc'__rustc::__rdl_alloc'__rustc::__rust_alloc'litchi_xlsx::raw::worksheet::edit::codec::validation::ExtensionNames::plan
calls=6 3283 
0 180

fn=(5818) __rustc::__rdl_alloc'__rustc::__rust_alloc'litchi_xlsx::cell::Number::new'litchi_xlsx::raw::worksheet::semantic::parse_value
0 7077888
cob=(2)
cfi=(155)
cfn=(5820) malloc'__rustc::__rdl_alloc'__rustc::__rust_alloc'litchi_xlsx::cell::Number::new
calls=917504 3283 
0 20566438

fn=(3172) __rustc::__rdl_alloc'__rustc::__rust_alloc'<alloc::string::String as core::clone::Clone>::clone'litchi_xlsx::raw::catalog::WorkbookInfo::process_element
0 54
cob=(2)
cfi=(155)
cfn=(2350) malloc'__rustc::__rdl_alloc'__rustc::__rust_alloc'<alloc::string::String as core::clone::Clone>::clone
calls=12 3283 
0 1269

fn=(4382) __rustc::__rdl_alloc'__rustc::__rust_alloc'<alloc::string::String as core::clone::Clone>::clone'litchi_xlsx::workbook::edit::semantic::transaction::Edit::commit
0 35451
cob=(2)
cfi=(155)
cfn=(2350)
calls=3939 3283 
0 707305

fn=(14194) __rustc::__rdl_alloc'__rustc::__rust_alloc'<alloc::string::String as core::clone::Clone>::clone'<litchi_opc::part::XmlPart as core::clone::Clone>::clone
0 432
cob=(2)
cfi=(155)
cfn=(2350)
calls=48 3283 
0 2905

fn=(3306) __rustc::__rdl_alloc'__rustc::__rust_alloc'<alloc::string::String as core::clone::Clone>::clone'litchi_xlsx::workbook::package::validate_sheet_graph
0 108
cob=(2)
cfi=(155)
cfn=(2350)
calls=24 3283 
0 360

fn=(6924) __rustc::__rdl_alloc'__rustc::__rust_alloc'<alloc::string::String as core::clone::Clone>::clone'litchi_xlsx::chain::package::main_workbook_uri
0 27
cob=(2)
cfi=(155)
cfn=(2350)
calls=3 3283 
0 90

fn=(8122) __rustc::__rdl_alloc'__rustc::__rust_alloc'<alloc::string::String as core::clone::Clone>::clone'<hashbrown::map::HashMap<K,V,S,A> as core::clone::Clone>::clone
0 351
cob=(2)
cfi=(155)
cfn=(2350)
calls=39 3283 
0 2283

fn=(8834) __rustc::__rdl_alloc'__rustc::__rust_alloc'<alloc::string::String as core::clone::Clone>::clone'litchi_xlsx::calculation_properties::snapshot::Snapshot::load_with_limits
0 27
cob=(2)
cfi=(155)
cfn=(2350)
calls=3 3283 
0 90

fn=(3372) __rustc::__rdl_alloc'__rustc::__rust_alloc'<alloc::string::String as core::clone::Clone>::clone'litchi_xlsx::workbook::model::Workbook::from_package_with_styles
0 27
cob=(2)
cfi=(155)
cfn=(2350)
calls=6 3283 
0 90

fn=(14218) __rustc::__rdl_alloc'__rustc::__rust_alloc'<alloc::string::String as core::clone::Clone>::clone'<hashbrown::raw::RawTable<T,A> as core::clone::Clone>::clone
0 486
cob=(2)
cfi=(155)
cfn=(2350)
calls=54 3283 
0 7064

fn=(8514) __rustc::__rdl_alloc'__rustc::__rust_alloc'<alloc::string::String as core::clone::Clone>::clone'litchi_xlsx::workbook::model::page_break_caches
0 54
cob=(2)
cfi=(155)
cfn=(2350)
calls=6 3283 
0 180

fn=(8098) __rustc::__rdl_alloc'__rustc::__rust_alloc'<alloc::string::String as core::clone::Clone>::clone'<litchi_opc::package::OpcPackage as core::clone::Clone>::clone
0 27
cob=(2)
cfi=(155)
cfn=(2350)
calls=3 3283 
0 78

fn=(8192) __rustc::__rdl_alloc'__rustc::__rust_alloc'<alloc::string::String as core::clone::Clone>::clone'litchi_opc::package::OpcPackage::get_part_mut
0 54
cob=(2)
cfi=(155)
cfn=(2350)
calls=6 3283 
0 180

fn=(2552) __rustc::__rdl_alloc'__rustc::__rust_alloc'alloc::raw_vec::RawVecInner<A>::finish_grow'alloc::raw_vec::RawVec<T,A>::grow_one
0 25175745
cob=(2)
cfi=(155)
cfn=(2554) malloc'__rustc::__rdl_alloc'__rustc::__rust_alloc'alloc::raw_vec::RawVecInner<A>::finish_grow
calls=2934123 3283 
0 209021007

fn=(2716) __rustc::__rdl_alloc'__rustc::__rust_alloc'alloc::raw_vec::RawVecInner<A>::finish_grow'alloc::raw_vec::RawVecInner<A>::reserve::do_reserve_and_handle
0 864
cob=(2)
cfi=(155)
cfn=(2554)
calls=139102 3283 
0 9766

fn=(5872) __rustc::__rdl_alloc'__rustc::__rust_alloc'alloc::raw_vec::RawVecInner<A>::finish_grow'litchi_xlsx::cell::Store::from_unsorted
0 108
cob=(2)
cfi=(155)
cfn=(2554)
calls=14 3283 
0 360

fn=(4794) __rustc::__rdl_alloc'__rustc::__rust_alloc'alloc::raw_vec::RawVecInner<A>::finish_grow'litchi_xlsx::column::Assignments<T>::new
0 54
cob=(2)
cfi=(155)
cfn=(2554)
calls=6 3283 
0 1176

fn=(3766) __rustc::__rdl_alloc'__rustc::__rust_alloc'alloc::raw_vec::RawVecInner<A>::finish_grow'litchi_xlsx::workbook::edit::validation::FinalOrder::plan
0 54
cob=(2)
cfi=(155)
cfn=(2554)
calls=6 3283 
0 180

fn=(4848) __rustc::__rdl_alloc'__rustc::__rust_alloc'alloc::raw_vec::RawVecInner<A>::finish_grow'alloc::raw_vec::RawVecInner<A>::try_reserve
0 378
cob=(2)
cfi=(155)
cfn=(2554)
calls=51 3283 
0 37610

fn=(5270) __rustc::__rdl_alloc'__rustc::__rust_alloc'alloc::raw_vec::RawVecInner<A>::finish_grow'litchi_xlsx::raw::compact::changed_worksheet
0 54
cob=(2)
cfi=(155)
cfn=(2554)
calls=6 3283 
0 21274

fn=(7368) __rustc::__rdl_alloc'__rustc::__rust_alloc'alloc::raw_vec::RawVecInner<A>::finish_grow'litchi_xlsx::calculation_properties::rewriter::inspect_layout
0 54
cob=(2)
cfi=(155)
cfn=(2554)
calls=6 3283 
0 17627

fn=(3048) __rustc::__rdl_alloc'__rustc::__rust_alloc'litchi_ooxml_common::relationships::codec::attribute_value'litchi_xlsx::raw::catalog::WorkbookInfo::process_element
0 54
cob=(2)
cfi=(155)
cfn=(3050) malloc'__rustc::__rdl_alloc'__rustc::__rust_alloc'litchi_ooxml_common::relationships::codec::attribute_value
calls=12 3283 
0 1042

fn=(3240) __rustc::__rdl_alloc'__rustc::__rust_alloc'litchi_xlsx::workbook::package::validate_sheet_graph'litchi_xlsx::workbook::model::Workbook::from_package_with_styles
0 27
cob=(2)
cfi=(155)
cfn=(3242) malloc'__rustc::__rdl_alloc'__rustc::__rust_alloc'litchi_xlsx::workbook::package::validate_sheet_graph
calls=6 3283 
0 90

fn=(4374) __rustc::__rdl_alloc'__rustc::__rust_alloc'alloc::collections::btree::map::entry::VacantEntry<K,V,A>::insert_entry'alloc::collections::btree::map::BTreeMap<K,V,A>::insert
0 5913
cob=(2)
cfi=(155)
cfn=(3658) malloc'__rustc::__rdl_alloc'__rustc::__rust_alloc'alloc::collections::btree::map::entry::VacantEntry<K,V,A>::insert_entry
calls=657 3283 
0 197623

fn=(4994) __rustc::__rdl_alloc'__rustc::__rust_alloc'alloc::collections::btree::map::entry::VacantEntry<K,V,A>::insert_entry'litchi_xlsx::raw::worksheet::edit::codec::snapshot::write::sheet_data::write_sheet_data
0 13824
cob=(2)
cfi=(155)
cfn=(3658)
calls=1536 3283 
0 521100

fn=(3980) __rustc::__rdl_alloc'__rustc::__rust_alloc'litchi_xlsx::workbook::edit::package::active_tab_at'litchi_xlsx::workbook::edit::semantic::transaction::Edit::commit
0 27
cob=(2)
cfi=(155)
cfn=(3982) malloc'__rustc::__rdl_alloc'__rustc::__rust_alloc'litchi_xlsx::workbook::edit::package::active_tab_at
calls=3 3283 
0 78

fn=(3996) __rustc::__rdl_alloc'__rustc::__rust_alloc'litchi_xlsx::workbook::edit::package::active_tab_at'litchi_xlsx::workbook::edit::semantic::transaction::Edit::commit::{{closure}}
0 27
cob=(2)
cfi=(155)
cfn=(3982)
calls=3 3283 
0 481

fn=(4356) __rustc::__rdl_alloc'__rustc::__rust_alloc'<alloc::boxed::Box<str> as core::clone::Clone>::clone'litchi_xlsx::workbook::edit::model::State::after
0 35397
cob=(2)
cfi=(155)
cfn=(4358) malloc'__rustc::__rdl_alloc'__rustc::__rust_alloc'<alloc::boxed::Box<str> as core::clone::Clone>::clone
calls=3933 3283 
0 639755

fn=(5910) __rustc::__rdl_alloc'__rustc::__rust_alloc'<alloc::boxed::Box<str> as core::clone::Clone>::clone'<litchi_xlsx::cell::Cell as core::clone::Clone>::clone
0 70794
cob=(2)
cfi=(155)
cfn=(4358)
calls=7866 3283 
0 901861

fn=(13904) __rustc::__rdl_alloc'__rustc::__rust_alloc'litchi_sheet::Cell::a1'litchi_xlsx::raw::worksheet::edit::codec::snapshot::write::sheet_data::write_sheet_data
0 106191
cob=(2)
cfi=(155)
cfn=(4864) malloc'__rustc::__rdl_alloc'__rustc::__rust_alloc'litchi_sheet::Cell::a1
calls=11799 3283 
0 331297

fn=(8670) __rustc::__rdl_alloc'__rustc::__rust_alloc'litchi_xlsx::calculation_properties::codec::inspect_with_policy'litchi_xlsx::calculation_properties::snapshot::Snapshot::load_with_limits
0 621
cob=(2)
cfi=(155)
cfn=(7592) malloc'__rustc::__rdl_alloc'__rustc::__rust_alloc'litchi_xlsx::calculation_properties::codec::inspect_with_policy
calls=69 3283 
0 2046

fn=(7590) __rustc::__rdl_alloc'__rustc::__rust_alloc'litchi_xlsx::calculation_properties::codec::inspect_with_policy'litchi_xlsx::raw::recalc::invalidate
0 621
cob=(2)
cfi=(155)
cfn=(7592)
calls=69 3283 
0 2308

fn=(3442) __rustc::__rdl_alloc'__rustc::__rust_alloc'<core::iter::adapters::map::Map<I,F> as core::iter::traits::iterator::Iterator>::try_fold'alloc::vec::in_place_collect::from_iter_in_place
0 108
cob=(2)
cfi=(155)
cfn=(3444) malloc'__rustc::__rdl_alloc'__rustc::__rust_alloc'<core::iter::adapters::map::Map<I,F> as core::iter::traits::iterator::Iterator>::try_fold
calls=24 3283 
0 360

fn=(4530) __rustc::__rdl_alloc'__rustc::__rust_alloc'litchi_xlsx::raw::worksheet::edit::codec::wire::tag'litchi_xlsx::raw::worksheet::edit::codec::snapshot::scan::scan_with_limit
0 216
cob=(2)
cfi=(155)
cfn=(4532) malloc'__rustc::__rdl_alloc'__rustc::__rust_alloc'litchi_xlsx::raw::worksheet::edit::codec::wire::tag
calls=24 3283 
0 2338

fn=(4642) __rustc::__rdl_alloc'__rustc::__rust_alloc'litchi_xlsx::raw::worksheet::edit::codec::wire::tag'litchi_xlsx::raw::worksheet::edit::codec::snapshot::scan::Scanner::record_dimension
0 162
cob=(2)
cfi=(155)
cfn=(4532)
calls=18 3283 
0 2934

fn=(13722) __rustc::__rdl_alloc'__rustc::__rust_alloc'litchi_xlsx::raw::worksheet::edit::codec::wire::tag'litchi_xlsx::raw::worksheet::edit::codec::snapshot::scan::Scanner::start_row
0 41472
cob=(2)
cfi=(155)
cfn=(4532)
calls=4608 3283 
0 534727

fn=(5692) __rustc::__rdl_alloc'__rustc::__rust_alloc'litchi_xlsx::raw::worksheet::codec::decode_cell_attribute'litchi_xlsx::raw::worksheet::codec::scan_cell_attributes
0 7077888
cob=(2)
cfi=(155)
cfn=(5694) malloc'__rustc::__rdl_alloc'__rustc::__rust_alloc'litchi_xlsx::raw::worksheet::codec::decode_cell_attribute
calls=917504 3283 
0 126459673

fn=(8110) __rustc::__rdl_alloc'__rustc::__rust_alloc'<hashbrown::map::HashMap<K,V,S,A> as core::clone::Clone>::clone'<litchi_opc::package::OpcPackage as core::clone::Clone>::clone
0 81
cob=(2)
cfi=(155)
cfn=(8112) malloc'__rustc::__rdl_alloc'__rustc::__rust_alloc'<hashbrown::map::HashMap<K,V,S,A> as core::clone::Clone>::clone
calls=9 3283 
0 410

fn=(7098) __rustc::__rdl_alloc'__rustc::__rust_alloc'alloc::raw_vec::RawVecInner<A>::try_allocate_in'litchi_xlsx::workbook::edit::semantic::transaction::Edit::commit
0 27
cob=(2)
cfi=(155)
cfn=(6772) malloc'__rustc::__rdl_alloc'__rustc::__rust_alloc'alloc::raw_vec::RawVecInner<A>::try_allocate_in
calls=3 3283 
0 7620

fn=(3094) __rustc::__rdl_alloc'__rustc::__rust_alloc'litchi_ooxml_common::xml::unqualified_attribute_value'litchi_xlsx::raw::catalog::optional_u32
0 54
cob=(2)
cfi=(155)
cfn=(2986) malloc'__rustc::__rdl_alloc'__rustc::__rust_alloc'litchi_ooxml_common::xml::unqualified_attribute_value
calls=12 3283 
0 1038

fn=(4622) __rustc::__rdl_alloc'__rustc::__rust_alloc'litchi_ooxml_common::xml::unqualified_attribute_value'litchi_xlsx::raw::worksheet::edit::codec::snapshot::scan::Scanner::record_dimension
0 54
cob=(2)
cfi=(155)
cfn=(2986)
calls=6 3283 
0 956

fn=(2984) __rustc::__rdl_alloc'__rustc::__rust_alloc'litchi_ooxml_common::xml::unqualified_attribute_value'litchi_xlsx::raw::catalog::WorkbookInfo::process_element
0 54
cob=(2)
cfi=(155)
cfn=(2986)
calls=12 3283 
0 843

fn=(4184) __rustc::__rdl_alloc'__rustc::__rust_alloc'litchi_ooxml_common::xml::unqualified_attribute_value'litchi_xlsx::raw::worksheet::codec::<impl litchi_xlsx::raw::worksheet::model::Parser>::start
0 108
cob=(2)
cfi=(155)
cfn=(2986)
calls=14 3283 
0 715

fn=(5552) __rustc::__rdl_alloc'__rustc::__rust_alloc'litchi_ooxml_common::xml::unqualified_attribute_value'litchi_xlsx::raw::worksheet::codec::<impl litchi_xlsx::raw::worksheet::model::Parser>::start_row
0 27648
cob=(2)
cfi=(155)
cfn=(2986)
calls=3584 3283 
0 504464

fn=(13698) __rustc::__rdl_alloc'__rustc::__rust_alloc'litchi_ooxml_common::xml::unqualified_attribute_value'litchi_xlsx::raw::worksheet::edit::codec::snapshot::scan::Scanner::row_position
0 13824
cob=(2)
cfi=(155)
cfn=(2986)
calls=1536 3283 
0 40741

fn=(13802) __rustc::__rdl_alloc'__rustc::__rust_alloc'litchi_ooxml_common::xml::unqualified_attribute_value'litchi_xlsx::raw::worksheet::edit::codec::snapshot::scan::Scanner::cell_address
0 3538944
cob=(2)
cfi=(155)
cfn=(2986)
calls=393216 3283 
0 10773436

fn=(2662) __rustc::__rdl_alloc'__rustc::__rust_alloc'hashbrown::raw::RawTable<T,A>::reserve_rehash'hashbrown::map::HashMap<K,V,S,A>::insert
0 783
cob=(2)
cfi=(155)
cfn=(2336) malloc'__rustc::__rdl_alloc'__rustc::__rust_alloc'hashbrown::raw::RawTable<T,A>::reserve_rehash
calls=110 3283 
0 3099

fn=(2564) __rustc::__rdl_alloc'__rustc::__rust_alloc'alloc::str::join_generic_copy'litchi_opc::packuri::PackURI::from_rel_ref
0 162
cob=(2)
cfi=(155)
cfn=(2566) malloc'__rustc::__rdl_alloc'__rustc::__rust_alloc'alloc::str::join_generic_copy
calls=42 3283 
0 1608

fn=(7568) __rustc::__rdl_alloc'__rustc::__rust_alloc'litchi_ooxml_common::mce::model::Capabilities::ooxml_baseline'<litchi_ooxml_common::mce::model::Capabilities as core::default::Default>::default
0 918
cob=(2)
cfi=(155)
cfn=(2646) malloc'__rustc::__rdl_alloc'__rustc::__rust_alloc'litchi_ooxml_common::mce::model::Capabilities::ooxml_baseline
calls=102 3283 
0 3060

fn=(2644) __rustc::__rdl_alloc'__rustc::__rust_alloc'litchi_ooxml_common::mce::model::Capabilities::ooxml_baseline'litchi_ooxml_common::mce::codec::process_ooxml
0 2295
cob=(2)
cfi=(155)
cfn=(2646)
calls=340 3283 
0 7650

fn=(5152) __rustc::__rdl_alloc'__rustc::__rust_alloc'litchi_xlsx::raw::catalog_edit::codec::sibling_name'litchi_xlsx::raw::worksheet::edit::codec::snapshot::write::sheet_data::write_text_element
0 35397
cob=(2)
cfi=(155)
cfn=(5024) malloc'__rustc::__rdl_alloc'__rustc::__rust_alloc'litchi_xlsx::raw::catalog_edit::codec::sibling_name
calls=3933 3283 
0 104544

fn=(14160) __rustc::__rdl_alloc'__rustc::__rust_alloc'litchi_xlsx::raw::recalc::invalidate'litchi_xlsx::workbook::edit::semantic::transaction::Edit::commit
0 27
cob=(2)
cfi=(155)
cfn=(14162) malloc'__rustc::__rdl_alloc'__rustc::__rust_alloc'litchi_xlsx::raw::recalc::invalidate
calls=3 3283 
0 824

fn=(8496) __rustc::__rdl_alloc'__rustc::__rust_alloc'hashbrown::raw::RawTableInner::fallible_with_capacity'litchi_xlsx::workbook::model::page_break_caches
0 27
cob=(2)
cfi=(155)
cfn=(3162) malloc'__rustc::__rdl_alloc'__rustc::__rust_alloc'hashbrown::raw::RawTableInner::fallible_with_capacity
calls=3 3283 
0 90

fn=(3250) __rustc::__rdl_alloc'__rustc::__rust_alloc'hashbrown::raw::RawTableInner::fallible_with_capacity'litchi_xlsx::workbook::package::validate_sheet_graph
0 27
cob=(2)
cfi=(155)
cfn=(3162)
calls=6 3283 
0 90

fn=(3160) __rustc::__rdl_alloc'__rustc::__rust_alloc'hashbrown::raw::RawTableInner::fallible_with_capacity'hashbrown::raw::RawTable<T,A>::reserve_rehash
0 999
cob=(2)
cfi=(155)
cfn=(3162)
calls=148 3283 
0 12795

fn=(4984) __rustc::__rdl_alloc'__rustc::__rust_alloc'alloc::collections::btree::map::entry::Entry<K,V,A>::or_default'litchi_xlsx::raw::worksheet::edit::codec::snapshot::write::sheet_data::write_sheet_data
0 2268
cob=(2)
cfi=(155)
cfn=(4986) malloc'__rustc::__rdl_alloc'__rustc::__rust_alloc'alloc::collections::btree::map::entry::Entry<K,V,A>::or_default
calls=252 3283 
0 53782

fn=(14206) __rustc::__rdl_alloc'__rustc::__rust_alloc'<hashbrown::raw::RawTable<T,A> as core::clone::Clone>::clone'<litchi_opc::part::XmlPart as core::clone::Clone>::clone
0 27
cob=(2)
cfi=(155)
cfn=(14208) malloc'__rustc::__rdl_alloc'__rustc::__rust_alloc'<hashbrown::raw::RawTable<T,A> as core::clone::Clone>::clone
calls=3 3283 
0 357

fn=(14226)
0 138
cfn=(14228)
calls=6 0 
0 3462
0 354
cfn=(14234)
calls=24 0 
0 2514
0 240
cfn=(14242)
calls=24 0 
0 48
0 312
cfn=(14228)
calls=18 0 
0 10452
0 354

fn=(13514)
0 69
cfn=(13516)
calls=3 0 
0 1731
0 177
cfn=(13518)
calls=12 0 
0 1257
0 120
cfn=(13524)
calls=12 0 
0 24
0 156
cfn=(13516)
calls=9 0 
0 5226
0 177

fn=(3276)
0 171
cob=(2)
cfi=(203)
cfn=(3278) __memcpy_avx_unaligned_erms'<alloc::string::String as core::fmt::Write>::write_str'core::fmt::write'alloc::fmt::format::format_inner
calls=27 255 
0 144
0 81

fn=(2520)
0 612
cob=(2)
cfi=(203)
cfn=(2534) __memcpy_avx_unaligned_erms'<alloc::string::String as core::fmt::Write>::write_str'<core::fmt::Formatter>::pad'<str as core::fmt::Display>::fmt
calls=159 255 
0 528
0 504
cfn=(2522)
calls=148 0 
0 7375
0 108

fn=(4100)
0 1772

fn=(8806)
0 24

fn=(7712)
0 24

fn=(4684)
0 3145776

fn=(4214)
0 6291552

fn=(5436)
0 3145776

fn=(7530)
0 48

fn=(3198)
0 24

fn=(14034)
0 48
cfn=(5468)
calls=6 0 
0 1038
0 42
cfn=(5468)
calls=6 0 
0 1302
0 36
cfn=(5468)
calls=6 0 
0 578
0 48
cfn=(5468)
calls=6 0 
0 210

fn=(8654)
0 24
cfn=(7552)
calls=3 0 
0 105
0 21
cfn=(7552)
calls=3 0 
0 105
0 18
cfn=(7552)
calls=3 0 
0 472
0 24
cfn=(7552)
calls=3 0 
0 105

fn=(7550)
0 24
cfn=(7552)
calls=3 0 
0 105
0 21
cfn=(7552)
calls=3 0 
0 105
0 18
cfn=(7552)
calls=3 0 
0 357
0 24
cfn=(7552)
calls=3 0 
0 105

fn=(8406)
0 24
cfn=(3218)
calls=3 0 
0 105
0 21
cfn=(3218)
calls=3 0 
0 105
0 18
cfn=(3218)
calls=3 0 
0 472
0 24
cfn=(3218)
calls=3 0 
0 105

fn=(8816) core::ptr::drop_in_place<quick_xml::reader::ns_reader::NsReader<&[u8]>>'litchi_xlsx::calculation_properties::codec::inspect_with_policy'litchi_xlsx::calculation_properties::snapshot::Snapshot::load_with_limits'litchi_xlsx::workbook::model::Workbook::calculation_metadata
0 24
cfn=(8818)
calls=3 0 
0 105
0 21
cfn=(8818)
calls=3 0 
0 105
0 18
cfn=(8818)
calls=3 0 
0 450
0 24
cfn=(8818)
calls=3 0 
0 105

fn=(7726) core::ptr::drop_in_place<quick_xml::reader::ns_reader::NsReader<&[u8]>>'litchi_xlsx::calculation_properties::codec::inspect_with_policy'litchi_xlsx::raw::recalc::invalidate'litchi_xlsx::workbook::edit::semantic::transaction::Edit::commit
0 24
cfn=(7728)
calls=3 0 
0 105
0 21
cfn=(7728)
calls=3 0 
0 105
0 18
cfn=(7728)
calls=3 0 
0 472
0 24
cfn=(7728)
calls=3 0 
0 105

fn=(4756)
0 48
cfn=(4758)
calls=6 0 
0 900
0 42
cfn=(4758)
calls=6 0 
0 440
0 36
cfn=(4758)
calls=6 0 
0 813
0 48
cfn=(4758)
calls=6 0 
0 210

fn=(5890)
0 48
cfn=(4270)
calls=6 0 
0 900
0 42
cfn=(4270)
calls=6 0 
0 210
0 36
cfn=(4270)
calls=6 0 
0 698
0 48
cfn=(4270)
calls=6 0 
0 210

fn=(4268)
0 48
cfn=(4270)
calls=8 0 
0 900
0 42
cfn=(4270)
calls=8 0 
0 210
0 36
cfn=(4270)
calls=8 0 
0 692
0 48
cfn=(4270)
calls=8 0 
0 210

fn=(13908) <u32>::_fmt'litchi_sheet::Cell::a1'litchi_xlsx::raw::worksheet::edit::codec::snapshot::write::sheet_data::write_sheet_data'litchi_xlsx::raw::worksheet::edit::package::rewrite
0 129063

fn=(4772)
0 66861
cfn=(4774)
calls=3933 0 
0 216129
0 35397

fn=(13530)
0 54

fn=(13576)
0 180
cfn=(13578)
calls=6 0 
0 1956
0 42
cfn=(13580) <litchi_opc::part::XmlPart as litchi_opc::part::Part>::blob'litchi_xlsx::workbook::model::Worksheet::store'litchi_xlsx::workbook::edit::semantic::transaction::Edit::commit'litchi_perf_baseline::run_xlsx_update_commit
calls=6 0 
0 24
0 24
cfn=(13582)
calls=6 0 
0 3070712898
0 108
cob=(2)
cfi=(203)
cfn=(13584) __memcpy_avx_unaligned_erms'litchi_xlsx::workbook::model::Worksheet::store'litchi_xlsx::workbook::edit::semantic::transaction::Edit::commit'litchi_perf_baseline::run_xlsx_update_commit
calls=6 255 
0 180
0 90
cfn=(13586)
calls=6 0 
0 2368740
0 36
cob=(2)
cfi=(203)
cfn=(13584)
calls=6 255 
0 180
0 102
cfn=(13588)
calls=6 0 
0 960
0 6

fn=(5510)
0 17341872
cfn=(4152)
calls=12 0 
0 1176
0 174
cob=(2)
cfi=(233)
cfn=(4158) __memcmp_avx2_movbe'litchi_xlsx::raw::worksheet::codec::<impl litchi_xlsx::raw::worksheet::model::Parser>::start'litchi_xlsx::raw::worksheet::codec::<impl litchi_xlsx::raw::worksheet::model::Parser>::parse'litchi_xlsx::raw::worksheet::parse
calls=6 73 
0 102
0 36
cfn=(4152)
calls=6 0 
0 588
0 36
cfn=(4152)
calls=6 0 
0 588
0 36
cfn=(4152)
calls=6 0 
0 588
0 126
cob=(2)
cfi=(233)
cfn=(4158)
calls=6 73 
0 102
0 4727820
cfn=(4152)
calls=787968 0 
0 45717504
0 4727808
cfn=(4152)
calls=787968 0 
0 45717504
0 7100928
cfn=(5516)
calls=1536 0 
0 231204
0 9216
cfn=(5526) litchi_xlsx::raw::worksheet::codec::<impl litchi_xlsx::raw::worksheet::model::Parser>::start_row'litchi_xlsx::raw::worksheet::codec::<impl litchi_xlsx::raw::worksheet::model::Parser>::start'litchi_xlsx::raw::worksheet::codec::<impl litchi_xlsx::raw::worksheet::model::Parser>::parse'litchi_xlsx::raw::worksheet::parse
calls=1536 0 
0 13072583
0 2365440
cfn=(5516)
calls=393216 0 
0 36962304
0 3145728
cfn=(5516)
calls=393216 0 
0 49938432
0 2359296
cfn=(5652) litchi_xlsx::raw::worksheet::codec::<impl litchi_xlsx::raw::worksheet::model::Parser>::start_cell'litchi_xlsx::raw::worksheet::codec::<impl litchi_xlsx::raw::worksheet::model::Parser>::start'litchi_xlsx::raw::worksheet::codec::<impl litchi_xlsx::raw::worksheet::model::Parser>::parse'litchi_xlsx::raw::worksheet::parse
calls=393216 0 
0 653193395
0 3932160
cfn=(5516)
calls=393216 0 
0 49938432
0 1966080
cfn=(5726) litchi_xlsx::raw::worksheet::codec::<impl litchi_xlsx::raw::worksheet::model::Parser>::start_value'litchi_xlsx::raw::worksheet::codec::<impl litchi_xlsx::raw::worksheet::model::Parser>::start'litchi_xlsx::raw::worksheet::codec::<impl litchi_xlsx::raw::worksheet::model::Parser>::parse'litchi_xlsx::raw::worksheet::parse
calls=393216 0 
0 4325376
0 1572978
cfn=(4160)
calls=6 0 
0 6330
0 108
cfn=(4194)
calls=6 0 
0 2790
0 102
cfn=(4198)
calls=6 0 
0 210
0 6303846

fn=(4150)
0 17341872
cfn=(4152)
calls=16 0 
0 1176
0 174
cob=(2)
cfi=(233)
cfn=(4158)
calls=8 73 
0 102
0 36
cfn=(4152)
calls=8 0 
0 588
0 36
cfn=(4152)
calls=8 0 
0 588
0 36
cfn=(4152)
calls=8 0 
0 588
0 126
cob=(2)
cfi=(233)
cfn=(4158)
calls=8 73 
0 102
0 4727820
cfn=(4152)
calls=1313280 0 
0 45717504
0 4727808
cfn=(4152)
calls=1313280 0 
0 45717504
0 7100928
cfn=(5516)
calls=2560 0 
0 231186
0 9216
cfn=(5526)
calls=2560 0 
0 13072615
0 2365440
cfn=(5516)
calls=655360 0 
0 36962304
0 3145728
cfn=(5516)
calls=655360 0 
0 49938432
0 2359296
cfn=(5652)
calls=655360 0 
0 653318083
0 3932160
cfn=(5516)
calls=655360 0 
0 49938432
0 1966080
cfn=(5726)
calls=655360 0 
0 4325376
0 1572978
cfn=(4160)
calls=8 0 
0 6733
0 108
cfn=(4194)
calls=8 0 
0 2790
0 102
cfn=(4198)
calls=8 0 
0 210
0 6303846

fn=(5512)
0 41360358
cfn=(5752)
calls=1536 0 
0 51465
0 4359168
cfn=(5750)
calls=393216 0 
0 21615375
0 14155776
cfn=(5752)
calls=393216 0 
0 20596194
0 17694720
cfn=(5760)
calls=393216 0 
0 19267584
0 393216

fn=(4206)
0 41360358
cfn=(5752)
calls=2560 0 
0 50680
0 4359168
cfn=(5750)
calls=655360 0 
0 21615354
0 14155776
cfn=(5752)
calls=655360 0 
0 22479615
0 17694720
cfn=(5760)
calls=655360 0 
0 19267584
0 393216

fn=(13614)
0 2383398

fn=(4732)
0 90

fn=(4744)
0 114

fn=(13876)
0 66
cfn=(4832)
calls=6 0 
0 6
0 18
cfn=(4834) __rustc::__rust_alloc'litchi_xlsx::raw::worksheet::edit::codec::validation::ExtensionNames::plan'litchi_xlsx::raw::worksheet::edit::package::rewrite'litchi_xlsx::workbook::edit::semantic::transaction::Edit::commit
calls=6 0 
0 240
0 126

fn=(5198)
0 98325
cfn=(5202)
calls=3933 0 
0 210122

fn=(13976)
0 72
cfn=(5230)
calls=6 0 
0 353
0 60

fn=(13978)
0 54
cfn=(5242)
calls=6 0 
0 2960
0 24
cfn=(5242)
calls=6 0 
0 479
0 54
cfn=(13982)
calls=6 0 
0 290944
0 3060
cfn=(13982)
calls=1530 0 
0 75077843
0 4632
cfn=(13996)
calls=6 0 
0 1152
0 36
cfn=(5242)
calls=6 0 
0 4456
0 132

fn=(14014)
0 21266310
cfn=(5414)
calls=6 0 
0 2178
0 3939900
cfn=(5414)
calls=787980 0 
0 218062710
0 4727880
cfn=(5454) litchi_xlsx::raw::web::check::classify_name'litchi_xlsx::raw::web::check::Probe::observe'litchi_xlsx::raw::compact::changed_worksheet'litchi_xlsx::workbook::edit::semantic::transaction::Edit::commit
calls=787980 0 
0 156029826
0 8269920
cfn=(5440)
calls=393216 0 
0 46890078
0 6300804

fn=(5420)
0 10243818
cfn=(5422) quick_xml::name::QName::decompose'litchi_xlsx::raw::web::check::classify_name'litchi_xlsx::raw::web::check::Probe::observe_start'litchi_xlsx::raw::web::check::Probe::observe
calls=787986 0 
0 49659198
0 6303888
cfn=(5428)
calls=787986 0 
0 37823328
0 18123678
cob=(2)
cfi=(233)
cfn=(5430) __memcmp_avx2_movbe'litchi_xlsx::raw::web::check::classify_name'litchi_xlsx::raw::web::check::Probe::observe_start'litchi_xlsx::raw::web::check::Probe::observe
calls=787986 73 
0 13395762
0 20481570

fn=(5454)
0 10243740
cfn=(5456) quick_xml::name::QName::decompose'litchi_xlsx::raw::web::check::classify_name'litchi_xlsx::raw::web::check::Probe::observe'litchi_xlsx::raw::compact::changed_worksheet
calls=787980 0 
0 49658580
0 6303840
cfn=(5460)
calls=787980 0 
0 37823040
0 18123540
cob=(2)
cfi=(233)
cfn=(5462) __memcmp_avx2_movbe'litchi_xlsx::raw::web::check::classify_name'litchi_xlsx::raw::web::check::Probe::observe'litchi_xlsx::raw::compact::changed_worksheet
calls=787980 73 
0 13395660
0 20481426

fn=(5526)
0 55296
cfn=(5528)
calls=3584 0 
0 3206249
0 36864
cfn=(5562)
calls=3584 0 
0 165276
0 33792
cfn=(5564)
calls=3584 0 
0 107980
0 9216
cfn=(5570)
calls=3584 0 
0 1414557
0 39936
cfn=(5582)
calls=3584 0 
0 2044320
0 39936
cfn=(5604) litchi_xlsx::raw::worksheet::validation::optional_u32'litchi_xlsx::raw::worksheet::codec::<impl litchi_xlsx::raw::worksheet::model::Parser>::start_row'litchi_xlsx::raw::worksheet::codec::<impl litchi_xlsx::raw::worksheet::model::Parser>::start'litchi_xlsx::raw::worksheet::codec::<impl litchi_xlsx::raw::worksheet::model::Parser>::parse
calls=3584 0 
0 2099616
0 49152
cfn=(5604)
calls=3584 0 
0 2047392
0 76800
cfn=(5628)
calls=3584 0 
0 2041248
0 36864
cfn=(5628)
calls=3584 0 
0 2041248
0 36864
cfn=(5628)
calls=3584 0 
0 2041248
0 36864
cfn=(5628)
calls=3584 0 
0 2041248
0 36864
cfn=(5628)
calls=3584 0 
0 2041248
0 36864
cfn=(5628)
calls=3584 0 
0 2041248
0 36864
cfn=(5628)
calls=3584 0 
0 2041248
0 104448
cfn=(5648) alloc::collections::btree::map::BTreeMap<K,V,A>::remove'litchi_xlsx::raw::worksheet::codec::<impl litchi_xlsx::raw::worksheet::model::Parser>::start_row'litchi_xlsx::raw::worksheet::codec::<impl litchi_xlsx::raw::worksheet::model::Parser>::start'litchi_xlsx::raw::worksheet::codec::<impl litchi_xlsx::raw::worksheet::model::Parser>::parse
calls=3584 0 
0 61440
0 43008

fn=(5604)
0 61440
cfn=(5606)
calls=7168 0 
0 3962688
0 122880

fn=(5652)
0 15728640
cfn=(5656)
calls=917504 0 
0 894702481
0 42467328
cfn=(5708) litchi_xlsx::raw::worksheet::validation::parse_a1'litchi_xlsx::raw::worksheet::codec::<impl litchi_xlsx::raw::worksheet::model::Parser>::start_cell'litchi_xlsx::raw::worksheet::codec::<impl litchi_xlsx::raw::worksheet::model::Parser>::start'litchi_xlsx::raw::worksheet::codec::<impl litchi_xlsx::raw::worksheet::model::Parser>::parse
calls=917504 0 
0 150617088
0 10223616
cfn=(5712)
calls=917504 0 
0 27621605
0 15728640
cfn=(5720)
calls=917504 0 
0 17301504
0 26738688
cfn=(5720)
calls=917504 0 
0 17301504
0 21233664
cfn=(5720)
calls=917504 0 
0 17301504
0 14942208
cfn=(5722)
calls=917504 0 
0 8650752
0 25952256

fn=(5812) litchi_xlsx::cell::Number::new'litchi_xlsx::raw::worksheet::semantic::parse_value'litchi_xlsx::raw::worksheet::semantic::materialize'litchi_xlsx::raw::worksheet::codec::<impl litchi_xlsx::raw::worksheet::model::Parser>::parse
0 7864320
cfn=(5814)
calls=917504 0 
0 786432
0 2359296
cfn=(5816) __rustc::__rust_alloc'litchi_xlsx::cell::Number::new'litchi_xlsx::raw::worksheet::semantic::parse_value'litchi_xlsx::raw::worksheet::semantic::materialize
calls=917504 0 
0 28430758
0 5505024
cob=(2)
cfi=(203)
cfn=(5822) __memcpy_avx_unaligned_erms'litchi_xlsx::cell::Number::new'litchi_xlsx::raw::worksheet::semantic::parse_value'litchi_xlsx::raw::worksheet::semantic::materialize
calls=917504 255 
0 11800968
0 3145728
cfn=(5826)
calls=917504 0 
0 192536154
0 9437184

fn=(5924)
0 173043
cob=(2)
cfi=(233)
cfn=(5926) __memcmp_avx2_movbe'<litchi_xlsx::cell::Value as core::cmp::PartialEq>::eq'<litchi_xlsx::cell::Cell as core::cmp::PartialEq>::eq'<litchi_xlsx::workbook::edit::model::State as core::cmp::PartialEq>::eq
calls=7863 73 
0 164071
0 31461

fn=(13632)
0 86517
cob=(2)
cfi=(233)
cfn=(13634) __memcmp_avx2_movbe'<litchi_xlsx::cell::Value as core::cmp::PartialEq>::eq'<litchi_xlsx::cell::Cell as core::cmp::PartialEq>::eq'litchi_xlsx::workbook::edit::semantic::transaction::Edit::commit
calls=3930 73 
0 87355
0 15729

fn=(8676) litchi_ooxml_common::mce::model::Capabilities::preserve_extension_element'litchi_xlsx::calculation_properties::codec::inspect_with_policy'litchi_xlsx::calculation_properties::snapshot::Snapshot::load_with_limits'litchi_xlsx::workbook::model::Workbook::calculation_metadata
0 24
cfn=(8678)
calls=6 0 
0 3540
0 18

fn=(7602) litchi_ooxml_common::mce::model::Capabilities::preserve_extension_element'litchi_xlsx::calculation_properties::codec::inspect_with_policy'litchi_xlsx::raw::recalc::invalidate'litchi_xlsx::workbook::edit::semantic::transaction::Edit::commit
0 24
cfn=(7604)
calls=6 0 
0 3540
0 18

fn=(8814) core::ptr::drop_in_place<alloc::vec::Vec<litchi_xlsx::scenarios::model::RangeReference>>'litchi_xlsx::calculation_properties::codec::inspect_with_policy'litchi_xlsx::calculation_properties::snapshot::Snapshot::load_with_limits'litchi_xlsx::workbook::model::Workbook::calculation_metadata
0 57

fn=(7724) core::ptr::drop_in_place<alloc::vec::Vec<litchi_xlsx::scenarios::model::RangeReference>>'litchi_xlsx::calculation_properties::codec::inspect_with_policy'litchi_xlsx::raw::recalc::invalidate'litchi_xlsx::workbook::edit::semantic::transaction::Edit::commit
0 57

fn=(14302)
0 78

fn=(8744) litchi_xlsx::calculation_properties::codec::parse_calc_attributes'litchi_xlsx::calculation_properties::codec::inspect_with_policy'litchi_xlsx::calculation_properties::snapshot::Snapshot::load_with_limits'litchi_xlsx::workbook::model::Workbook::calculation_metadata
0 42
cfn=(8746)
calls=3 0 
0 4617
0 141
cfn=(8752) <quick_xml::events::attributes::Attributes as core::iter::traits::iterator::Iterator>::next'litchi_xlsx::calculation_properties::codec::parse_calc_attributes'litchi_xlsx::calculation_properties::codec::inspect_with_policy'litchi_xlsx::calculation_properties::snapshot::Snapshot::load_with_limits
calls=3 0 
0 1083
0 45
cfn=(8752)
calls=15 0 
0 6338
0 474
cfn=(8758) quick_xml::name::QName::decompose'litchi_xlsx::calculation_properties::codec::parse_calc_attributes'litchi_xlsx::calculation_properties::codec::inspect_with_policy'litchi_xlsx::calculation_properties::snapshot::Snapshot::load_with_limits
calls=15 0 
0 1710
0 120
cfn=(8764)
calls=15 0 
0 405
0 210
cfn=(8766)
calls=15 0 
0 2655
0 150
cfn=(8776)
calls=15 0 
0 4389
0 60
cfn=(8794)
calls=15 0 
0 570
0 255
cfn=(8798) litchi_xlsx::calculation_properties::codec::parse_u32'litchi_xlsx::calculation_properties::codec::parse_calc_attributes'litchi_xlsx::calculation_properties::codec::inspect_with_policy'litchi_xlsx::calculation_properties::snapshot::Snapshot::load_with_limits
calls=3 0 
0 156
0 312
cfn=(8800)
calls=3 0 
0 220
0 144

fn=(14128) litchi_xlsx::calculation_properties::codec::parse_calc_attributes'litchi_xlsx::calculation_properties::codec::inspect_with_policy'litchi_xlsx::raw::recalc::invalidate'litchi_xlsx::workbook::edit::semantic::transaction::Edit::commit
0 42
cfn=(14130)
calls=3 0 
0 4617
0 141
cfn=(14132) <quick_xml::events::attributes::Attributes as core::iter::traits::iterator::Iterator>::next'litchi_xlsx::calculation_properties::codec::parse_calc_attributes'litchi_xlsx::calculation_properties::codec::inspect_with_policy'litchi_xlsx::raw::recalc::invalidate
calls=3 0 
0 1083
0 45
cfn=(14132)
calls=15 0 
0 5700
0 474
cfn=(14134) quick_xml::name::QName::decompose'litchi_xlsx::calculation_properties::codec::parse_calc_attributes'litchi_xlsx::calculation_properties::codec::inspect_with_policy'litchi_xlsx::raw::recalc::invalidate
calls=15 0 
0 1710
0 120
cfn=(14136)
calls=15 0 
0 405
0 210
cfn=(14138)
calls=15 0 
0 2655
0 150
cfn=(14140)
calls=15 0 
0 4389
0 60
cfn=(14142)
calls=15 0 
0 570
0 255
cfn=(14144) litchi_xlsx::calculation_properties::codec::parse_u32'litchi_xlsx::calculation_properties::codec::parse_calc_attributes'litchi_xlsx::calculation_properties::codec::inspect_with_policy'litchi_xlsx::raw::recalc::invalidate
calls=3 0 
0 156
0 312
cfn=(14146)
calls=3 0 
0 105
0 144

fn=(13328)
cfn=(13512)
calls=3 0 
0 11908886205

fn=(13748)
0 53760
cfn=(13750) <quick_xml::events::attributes::Attributes as core::iter::traits::iterator::Iterator>::next'litchi_xlsx::raw::worksheet::x14ac::attribute_name'litchi_xlsx::raw::worksheet::edit::codec::snapshot::scan::Scanner::start_row'litchi_xlsx::raw::worksheet::edit::codec::snapshot::scan::scan_with_limit
calls=3072 0 
0 610512
0 24576
cfn=(13756) quick_xml::name::QName::decompose'litchi_xlsx::raw::worksheet::x14ac::attribute_name'litchi_xlsx::raw::worksheet::edit::codec::snapshot::scan::Scanner::start_row'litchi_xlsx::raw::worksheet::edit::codec::snapshot::scan::scan_with_limit
calls=1536 0 
0 96768
0 12288
cfn=(13762)
calls=1536 0 
0 41472
0 21504
cfn=(13764)
calls=1536 0 
0 53760
0 29184

fn=(1160) (below main)'0x0000000000023cc0
cob=(2)
cfi=(166) ./csu/../csu/libc-start.c
cfn=(1164) __libc_start_main@@GLIBC_2.34'(below main)'0x0000000000023cc0
calls=0 242 
0 11908886205

fn=(14120)
0 3
cfn=(7098)
calls=3 0 
0 7647

fn=(4620)
0 6
cfn=(4622)
calls=6 0 
0 1010

fn=(2982)
0 6
cfn=(2984)
calls=12 0 
0 897

fn=(4182)
0 12
cfn=(4184)
calls=14 0 
0 823

fn=(5550)
0 3072
cfn=(5552)
calls=3584 0 
0 532112

fn=(13696)
0 1536
cfn=(13698)
calls=1536 0 
0 54565

fn=(13800)
0 393216
cfn=(13802)
calls=393216 0 
0 14312380

fn=(3092)
0 6
cfn=(3094)
calls=12 0 
0 1092

fn=(2660)
0 84
cfn=(2662)
calls=104 0 
0 3765

fn=(3178)
0 3
cfn=(2662)
calls=6 0 
0 117

fn=(2562)
0 18
cfn=(2564)
calls=30 0 
0 1770

fn=(7566)
0 102
cfn=(7568)
calls=102 0 
0 3978

fn=(4056)
0 204
cfn=(2644)
calls=238 0 
0 7956

fn=(2642)
0 51
cfn=(2644)
calls=102 0 
0 1989

fn=(5150)
0 3933
cfn=(5152)
calls=3933 0 
0 139941

fn=(14158)
0 3
cfn=(14160)
calls=3 0 
0 851

fn=(3248)
0 3
cfn=(3250)
calls=6 0 
0 117

fn=(3158)
0 108
cfn=(3160)
calls=130 0 
0 13677

fn=(3950)
0 3
cfn=(3160)
calls=3 0 
0 117

fn=(8494)
0 3
cfn=(8496)
calls=3 0 
0 117

fn=(4982)
0 252
cfn=(4984)
calls=252 0 
0 56050

fn=(14204)
0 3
cfn=(14206)
calls=3 0 
0 384

fn=(13942)
0 3933
cfn=(5136)
calls=3933 0 
0 139941

fn=(13928)
0 3933
cfn=(4952)
calls=3933 0 
0 139941

fn=(8634)
0 54
cfn=(7402)
calls=54 0 
0 2106

fn=(7400)
0 54
cfn=(7402)
calls=54 0 
0 4069

fn=(7478)
0 30
cfn=(7480)
calls=30 0 
0 2424

fn=(13886)
0 7866
cfn=(13888)
calls=7866 0 
0 310746

fn=(5360)
0 394764
cfn=(5362)
calls=394764 0 
0 13816788

fn=(2528)
0 18
cfn=(2530)
calls=135103 0 
0 1422

fn=(5744)
0 786432
cfn=(5746)
calls=917504 0 
0 27636613

fn=(8850)
0 12
cfn=(8852)
calls=12 0 
0 456

fn=(8782)
0 30
cfn=(8784)
calls=30 0 
0 1170

fn=(8544)
0 3
cfn=(3472)
calls=3 0 
0 234

fn=(8560)
0 3
cfn=(3382)
calls=3 0 
0 449

fn=(14060)
0 6
cfn=(5944)
calls=6 0 
0 234

fn=(8372)
0 57
cfn=(2734)
calls=57 0 
0 3417

fn=(7388)
0 48
cfn=(7390)
calls=48 0 
0 2427

fn=(2796)
0 24
cfn=(2798)
calls=48 0 
0 1864

fn=(8704)
0 24
cfn=(7648)
calls=24 0 
0 1372

fn=(7646)
0 24
cfn=(7648)
calls=24 0 
0 900

fn=(8148)
0 12
cfn=(8150)
calls=12 0 
0 2826

fn=(4834)
0 6
cfn=(4836)
calls=6 0 
0 234

fn=(5816)
0 786432
cfn=(5818)
calls=917504 0 
0 27644326

fn=(3304) __rustc::__rust_alloc'<alloc::string::String as core::clone::Clone>::clone'litchi_xlsx::workbook::package::validate_sheet_graph'litchi_xlsx::workbook::model::Workbook::from_package_with_styles
0 12
cfn=(3306)
calls=24 0 
0 468

fn=(6922) __rustc::__rust_alloc'<alloc::string::String as core::clone::Clone>::clone'litchi_xlsx::chain::package::main_workbook_uri'litchi_xlsx::chain::package::validate_package
0 3
cfn=(6924)
calls=3 0 
0 117

fn=(8120) __rustc::__rust_alloc'<alloc::string::String as core::clone::Clone>::clone'<hashbrown::map::HashMap<K,V,S,A> as core::clone::Clone>::clone'<litchi_opc::package::OpcPackage as core::clone::Clone>::clone
0 39
cfn=(8122)
calls=39 0 
0 2634

fn=(8832) __rustc::__rust_alloc'<alloc::string::String as core::clone::Clone>::clone'litchi_xlsx::calculation_properties::snapshot::Snapshot::load_with_limits'litchi_xlsx::workbook::model::Workbook::calculation_metadata
0 3
cfn=(8834)
calls=3 0 
0 117

fn=(8460) __rustc::__rust_alloc'<alloc::string::String as core::clone::Clone>::clone'litchi_xlsx::workbook::model::Workbook::from_package_with_styles'litchi_xlsx::workbook::edit::semantic::transaction::Edit::commit
0 3
cfn=(3372)
calls=3 0 
0 117

fn=(14216) __rustc::__rust_alloc'<alloc::string::String as core::clone::Clone>::clone'<hashbrown::raw::RawTable<T,A> as core::clone::Clone>::clone'<litchi_opc::part::XmlPart as core::clone::Clone>::clone
0 54
cfn=(14218)
calls=54 0 
0 7550

fn=(8512) __rustc::__rust_alloc'<alloc::string::String as core::clone::Clone>::clone'litchi_xlsx::workbook::model::page_break_caches'litchi_xlsx::workbook::model::Workbook::from_package_with_styles
0 6
cfn=(8514)
calls=6 0 
0 234

fn=(8096) __rustc::__rust_alloc'<alloc::string::String as core::clone::Clone>::clone'<litchi_opc::package::OpcPackage as core::clone::Clone>::clone'litchi_xlsx::workbook::edit::semantic::transaction::Edit::commit
0 3
cfn=(8098)
calls=3 0 
0 105

fn=(8190) __rustc::__rust_alloc'<alloc::string::String as core::clone::Clone>::clone'litchi_opc::package::OpcPackage::get_part_mut'litchi_xlsx::workbook::edit::semantic::transaction::Edit::commit
0 6
cfn=(8192)
calls=6 0 
0 234

fn=(3170) __rustc::__rust_alloc'<alloc::string::String as core::clone::Clone>::clone'litchi_xlsx::raw::catalog::WorkbookInfo::process_element'litchi_xlsx::raw::catalog::parse_catalog
0 6
cfn=(3172)
calls=12 0 
0 1323

fn=(13644) __rustc::__rust_alloc'<alloc::string::String as core::clone::Clone>::clone'litchi_xlsx::workbook::edit::semantic::transaction::Edit::commit'litchi_perf_baseline::run_xlsx_update_commit
0 3939
cfn=(4382)
calls=3939 0 
0 742756

fn=(14192) __rustc::__rust_alloc'<alloc::string::String as core::clone::Clone>::clone'<litchi_opc::part::XmlPart as core::clone::Clone>::clone'<T as litchi_opc::part::PartClone>::clone_part
0 48
cfn=(14194)
calls=48 0 
0 3337

fn=(5268) __rustc::__rust_alloc'alloc::raw_vec::RawVecInner<A>::finish_grow'litchi_xlsx::raw::compact::changed_worksheet'litchi_xlsx::workbook::edit::semantic::transaction::Edit::commit
0 6
cfn=(5270)
calls=6 0 
0 21328

fn=(7366) __rustc::__rust_alloc'alloc::raw_vec::RawVecInner<A>::finish_grow'litchi_xlsx::calculation_properties::rewriter::inspect_layout'litchi_xlsx::calculation_properties::codec::inspect_with_policy
0 6
cfn=(7368)
calls=6 0 
0 17681

fn=(4396) __rustc::__rust_alloc'alloc::raw_vec::RawVecInner<A>::finish_grow'alloc::raw_vec::RawVec<T,A>::grow_one'alloc::vec::Vec<T,A>::push_mut
0 6
cfn=(2552)
calls=7 0 
0 798

fn=(2914) __rustc::__rust_alloc'alloc::raw_vec::RawVecInner<A>::finish_grow'alloc::raw_vec::RawVec<T,A>::grow_one'litchi_xlsx::raw::catalog::parse_catalog
0 3
cfn=(2552)
calls=6 0 
0 539

fn=(2704) __rustc::__rust_alloc'alloc::raw_vec::RawVecInner<A>::finish_grow'alloc::raw_vec::RawVec<T,A>::grow_one'<quick_xml::name::NamespaceResolver as core::default::Default>::default
0 39
cfn=(2552)
calls=53 0 
0 1521

fn=(2550) __rustc::__rust_alloc'alloc::raw_vec::RawVecInner<A>::finish_grow'alloc::raw_vec::RawVec<T,A>::grow_one'litchi_opc::packuri::PackURI::from_rel_ref
0 18
cfn=(2552)
calls=42 0 
0 702

fn=(2948) __rustc::__rust_alloc'alloc::raw_vec::RawVecInner<A>::finish_grow'alloc::raw_vec::RawVec<T,A>::grow_one'quick_xml::events::attributes::IterState::check_for_duplicates
0 2400870
cfn=(2552)
calls=2537630 0 
0 217989411

fn=(4556) __rustc::__rust_alloc'alloc::raw_vec::RawVecInner<A>::finish_grow'alloc::raw_vec::RawVec<T,A>::grow_one'litchi_xlsx::raw::worksheet::edit::codec::wire::tag
0 1548
cfn=(2552)
calls=1548 0 
0 283080

fn=(4576) __rustc::__rust_alloc'alloc::raw_vec::RawVecInner<A>::finish_grow'alloc::raw_vec::RawVec<T,A>::grow_one'litchi_xlsx::raw::worksheet::edit::codec::snapshot::scan::scan_with_limit
0 394764
cfn=(2552)
calls=394764 0 
0 15917759

fn=(2854) __rustc::__rust_alloc'alloc::raw_vec::RawVecInner<A>::finish_grow'alloc::raw_vec::RawVec<T,A>::grow_one'quick_xml::reader::state::ReaderState::emit_start
0 39
cfn=(2552)
calls=53 0 
0 1521

fn=(4146) __rustc::__rust_alloc'alloc::raw_vec::RawVecInner<A>::finish_grow'alloc::raw_vec::RawVec<T,A>::grow_one'litchi_xlsx::raw::worksheet::codec::<impl litchi_xlsx::raw::worksheet::model::Parser>::parse
0 12
cfn=(2552)
calls=14 0 
0 1211

fn=(5340) __rustc::__rust_alloc'alloc::raw_vec::RawVecInner<A>::finish_grow'alloc::raw_vec::RawVec<T,A>::grow_one'litchi_xlsx::raw::compact::changed_worksheet
0 6
cfn=(2552)
calls=6 0 
0 210

fn=(7496) __rustc::__rust_alloc'alloc::raw_vec::RawVecInner<A>::finish_grow'alloc::raw_vec::RawVecInner<A>::reserve::do_reserve_and_handle'<[T] as alloc::slice::SpecCloneIntoVec<T,A>>::clone_into
0 6
cfn=(2716)
calls=6 0 
0 662

fn=(2862) __rustc::__rust_alloc'alloc::raw_vec::RawVecInner<A>::finish_grow'alloc::raw_vec::RawVecInner<A>::reserve::do_reserve_and_handle'quick_xml::reader::state::ReaderState::emit_start
0 39
cfn=(2716)
calls=53 0 
0 4520

fn=(3122) __rustc::__rust_alloc'alloc::raw_vec::RawVecInner<A>::finish_grow'alloc::raw_vec::RawVecInner<A>::reserve::do_reserve_and_handle'<alloc::string::String as core::iter::traits::collect::FromIterator<char>>::from_iter
0 12
cfn=(2716)
calls=3959 0 
0 664

fn=(2714) __rustc::__rust_alloc'alloc::raw_vec::RawVecInner<A>::finish_grow'alloc::raw_vec::RawVecInner<A>::reserve::do_reserve_and_handle'<quick_xml::name::NamespaceResolver as core::default::Default>::default
0 39
cfn=(2716)
calls=53 0 
0 4784

fn=(5870) __rustc::__rust_alloc'alloc::raw_vec::RawVecInner<A>::finish_grow'litchi_xlsx::cell::Store::from_unsorted'litchi_xlsx::raw::worksheet::codec::<impl litchi_xlsx::raw::worksheet::model::Parser>::parse
0 12
cfn=(5872)
calls=14 0 
0 468

fn=(4792) __rustc::__rust_alloc'alloc::raw_vec::RawVecInner<A>::finish_grow'litchi_xlsx::column::Assignments<T>::new'litchi_xlsx::raw::worksheet::edit::validation::validate_column_actions
0 6
cfn=(4794)
calls=6 0 
0 1230

fn=(3904) __rustc::__rust_alloc'alloc::raw_vec::RawVecInner<A>::finish_grow'litchi_xlsx::workbook::edit::validation::FinalOrder::plan'litchi_xlsx::workbook::edit::semantic::transaction::Edit::commit
0 6
cfn=(3766)
calls=6 0 
0 234

fn=(5794) __rustc::__rust_alloc'alloc::raw_vec::RawVecInner<A>::finish_grow'alloc::raw_vec::RawVecInner<A>::try_reserve'litchi_xlsx::raw::worksheet::codec::<impl litchi_xlsx::raw::worksheet::model::Parser>::parse
0 12
cfn=(4848)
calls=14 0 
0 4845

fn=(4846) __rustc::__rust_alloc'alloc::raw_vec::RawVecInner<A>::finish_grow'alloc::raw_vec::RawVecInner<A>::try_reserve'litchi_xlsx::raw::worksheet::edit::package::rewrite
0 6
cfn=(4848)
calls=6 0 
0 2106

fn=(5758) __rustc::__rust_alloc'alloc::raw_vec::RawVecInner<A>::finish_grow'alloc::raw_vec::RawVecInner<A>::try_reserve'litchi_xlsx::raw::worksheet::codec::<impl litchi_xlsx::raw::worksheet::model::Parser>::finish
0 24
cfn=(4848)
calls=28 0 
0 31037

fn=(3046) __rustc::__rust_alloc'litchi_ooxml_common::relationships::codec::attribute_value'litchi_xlsx::raw::catalog::WorkbookInfo::process_element'litchi_xlsx::raw::catalog::parse_catalog
0 6
cfn=(3048)
calls=12 0 
0 1096

fn=(8414) __rustc::__rust_alloc'litchi_xlsx::workbook::package::validate_sheet_graph'litchi_xlsx::workbook::model::Workbook::from_package_with_styles'litchi_xlsx::workbook::edit::semantic::transaction::Edit::commit
0 3
cfn=(3240)
calls=3 0 
0 117

fn=(4372) __rustc::__rust_alloc'alloc::collections::btree::map::entry::VacantEntry<K,V,A>::insert_entry'alloc::collections::btree::map::BTreeMap<K,V,A>::insert'litchi_xlsx::workbook::edit::semantic::transaction::Edit::commit
0 657
cfn=(4374)
calls=657 0 
0 203536

fn=(4992) __rustc::__rust_alloc'alloc::collections::btree::map::entry::VacantEntry<K,V,A>::insert_entry'litchi_xlsx::raw::worksheet::edit::codec::snapshot::write::sheet_data::write_sheet_data'litchi_xlsx::raw::worksheet::edit::package::rewrite
0 1536
cfn=(4994)
calls=1536 0 
0 534924

fn=(13562) __rustc::__rust_alloc'litchi_xlsx::workbook::edit::package::active_tab_at'litchi_xlsx::workbook::edit::semantic::transaction::Edit::commit'litchi_perf_baseline::run_xlsx_update_commit
0 3
cfn=(3980)
calls=3 0 
0 105

fn=(3994) __rustc::__rust_alloc'litchi_xlsx::workbook::edit::package::active_tab_at'litchi_xlsx::workbook::edit::semantic::transaction::Edit::commit::{{closure}}'litchi_xlsx::workbook::edit::semantic::transaction::Edit::commit
0 3
cfn=(3996)
calls=3 0 
0 508

fn=(4354) __rustc::__rust_alloc'<alloc::boxed::Box<str> as core::clone::Clone>::clone'litchi_xlsx::workbook::edit::model::State::after'litchi_xlsx::workbook::edit::semantic::transaction::Edit::commit
0 3933
cfn=(4356)
calls=3933 0 
0 675152

fn=(5908) __rustc::__rust_alloc'<alloc::boxed::Box<str> as core::clone::Clone>::clone'<litchi_xlsx::cell::Cell as core::clone::Clone>::clone'litchi_xlsx::workbook::edit::model::State::read
0 7866
cfn=(5910)
calls=7866 0 
0 972655

fn=(13902) __rustc::__rust_alloc'litchi_sheet::Cell::a1'litchi_xlsx::raw::worksheet::edit::codec::snapshot::write::sheet_data::write_sheet_data'litchi_xlsx::raw::worksheet::edit::package::rewrite
0 11799
cfn=(13904)
calls=11799 0 
0 437488

fn=(8668) __rustc::__rust_alloc'litchi_xlsx::calculation_properties::codec::inspect_with_policy'litchi_xlsx::calculation_properties::snapshot::Snapshot::load_with_limits'litchi_xlsx::workbook::model::Workbook::calculation_metadata
0 69
cfn=(8670)
calls=69 0 
0 2667

fn=(7588) __rustc::__rust_alloc'litchi_xlsx::calculation_properties::codec::inspect_with_policy'litchi_xlsx::raw::recalc::invalidate'litchi_xlsx::workbook::edit::semantic::transaction::Edit::commit
0 69
cfn=(7590)
calls=69 0 
0 2929

fn=(3440) __rustc::__rust_alloc'<core::iter::adapters::map::Map<I,F> as core::iter::traits::iterator::Iterator>::try_fold'alloc::vec::in_place_collect::from_iter_in_place'core::iter::adapters::try_process
0 12
cfn=(3442)
calls=24 0 
0 468

fn=(4528) __rustc::__rust_alloc'litchi_xlsx::raw::worksheet::edit::codec::wire::tag'litchi_xlsx::raw::worksheet::edit::codec::snapshot::scan::scan_with_limit'litchi_xlsx::raw::worksheet::edit::package::rewrite
0 24
cfn=(4530)
calls=24 0 
0 2554

fn=(4640) __rustc::__rust_alloc'litchi_xlsx::raw::worksheet::edit::codec::wire::tag'litchi_xlsx::raw::worksheet::edit::codec::snapshot::scan::Scanner::record_dimension'litchi_xlsx::raw::worksheet::edit::codec::snapshot::scan::scan_with_limit
0 18
cfn=(4642)
calls=18 0 
0 3096

fn=(13720) __rustc::__rust_alloc'litchi_xlsx::raw::worksheet::edit::codec::wire::tag'litchi_xlsx::raw::worksheet::edit::codec::snapshot::scan::Scanner::start_row'litchi_xlsx::raw::worksheet::edit::codec::snapshot::scan::scan_with_limit
0 4608
cfn=(13722)
calls=4608 0 
0 576199

fn=(5690) __rustc::__rust_alloc'litchi_xlsx::raw::worksheet::codec::decode_cell_attribute'litchi_xlsx::raw::worksheet::codec::scan_cell_attributes'litchi_xlsx::raw::worksheet::codec::<impl litchi_xlsx::raw::worksheet::model::Parser>::start_cell
0 786432
cfn=(5692)
calls=917504 0 
0 133537561

fn=(8108) __rustc::__rust_alloc'<hashbrown::map::HashMap<K,V,S,A> as core::clone::Clone>::clone'<litchi_opc::package::OpcPackage as core::clone::Clone>::clone'litchi_xlsx::workbook::edit::semantic::transaction::Edit::commit
0 9
cfn=(8110)
calls=9 0 
0 491

fn=(1756) litchi_perf_baseline::main'std::sys::backtrace::__rust_begin_short_backtrace'std::rt::lang_start::{{closure}}'std::rt::lang_start_internal
cfn=(1786)
calls=0 0 
0 11908886205

fn=(14294)
0 36
cfn=(8458)
calls=3 0 
0 3
0 9
cfn=(8460)
calls=3 0 
0 120
0 21
cob=(2)
cfi=(203)
cfn=(8462) __memcpy_avx_unaligned_erms'<alloc::string::String as core::clone::Clone>::clone'litchi_xlsx::workbook::model::Workbook::from_package_with_styles'litchi_xlsx::workbook::edit::semantic::transaction::Edit::commit
calls=3 255 
0 33
0 33

fn=(14212)
0 648
cfn=(14214)
calls=54 0 
0 54
0 162
cfn=(14216)
calls=54 0 
0 7604
0 378
cob=(2)
cfi=(203)
cfn=(14220) __memcpy_avx_unaligned_erms'<alloc::string::String as core::clone::Clone>::clone'<hashbrown::raw::RawTable<T,A> as core::clone::Clone>::clone'<litchi_opc::part::XmlPart as core::clone::Clone>::clone
calls=54 255 
0 834
0 594

fn=(8508)
0 72
cfn=(8510)
calls=6 0 
0 6
0 18
cfn=(8512)
calls=6 0 
0 240
0 42
cob=(2)
cfi=(203)
cfn=(8516) __memcpy_avx_unaligned_erms'<alloc::string::String as core::clone::Clone>::clone'litchi_xlsx::workbook::model::page_break_caches'litchi_xlsx::workbook::model::Workbook::from_package_with_styles
calls=6 255 
0 66
0 66

fn=(14180)
0 36
cfn=(8094)
calls=3 0 
0 3
0 9
cfn=(8096)
calls=3 0 
0 108
0 21
cob=(2)
cfi=(203)
cfn=(8100) __memcpy_avx_unaligned_erms'<alloc::string::String as core::clone::Clone>::clone'<litchi_opc::package::OpcPackage as core::clone::Clone>::clone'litchi_xlsx::workbook::edit::semantic::transaction::Edit::commit
calls=3 255 
0 48
0 33

fn=(14250)
0 72
cfn=(8188)
calls=6 0 
0 6
0 18
cfn=(8190)
calls=6 0 
0 240
0 42
cob=(2)
cfi=(203)
cfn=(8194) __memcpy_avx_unaligned_erms'<alloc::string::String as core::clone::Clone>::clone'litchi_opc::package::OpcPackage::get_part_mut'litchi_xlsx::workbook::edit::semantic::transaction::Edit::commit
calls=6 255 
0 66
0 66

fn=(3166)
0 72
cfn=(3168)
calls=12 0 
0 6
0 18
cfn=(3170)
calls=12 0 
0 1329
0 42
cob=(2)
cfi=(203)
cfn=(3174) __memcpy_avx_unaligned_erms'<alloc::string::String as core::clone::Clone>::clone'litchi_xlsx::raw::catalog::WorkbookInfo::process_element'litchi_xlsx::raw::catalog::parse_catalog
calls=12 255 
0 90
0 66

fn=(13640)
0 47268
cfn=(13642)
calls=3939 0 
0 3939
0 11817
cfn=(13644)
calls=3939 0 
0 746695
0 27573
cob=(2)
cfi=(203)
cfn=(13646) __memcpy_avx_unaligned_erms'<alloc::string::String as core::clone::Clone>::clone'litchi_xlsx::workbook::edit::semantic::transaction::Edit::commit'litchi_perf_baseline::run_xlsx_update_commit
calls=3939 255 
0 59061
0 43329

fn=(14188)
0 576
cfn=(14190)
calls=48 0 
0 48
0 144
cfn=(14192)
calls=48 0 
0 3385
0 336
cob=(2)
cfi=(203)
cfn=(14196) __memcpy_avx_unaligned_erms'<alloc::string::String as core::clone::Clone>::clone'<litchi_opc::part::XmlPart as core::clone::Clone>::clone'<T as litchi_opc::part::PartClone>::clone_part
calls=48 255 
0 726
0 528

fn=(8432) <alloc::string::String as core::clone::Clone>::clone'litchi_xlsx::workbook::package::validate_sheet_graph'litchi_xlsx::workbook::model::Workbook::from_package_with_styles'litchi_xlsx::workbook::edit::semantic::transaction::Edit::commit
0 144
cfn=(3302)
calls=12 0 
0 12
0 36
cfn=(3304)
calls=12 0 
0 480
0 84
cob=(2)
cfi=(203)
cfn=(3308) __memcpy_avx_unaligned_erms'<alloc::string::String as core::clone::Clone>::clone'litchi_xlsx::workbook::package::validate_sheet_graph'litchi_xlsx::workbook::model::Workbook::from_package_with_styles
calls=12 255 
0 132
0 132

fn=(6918) <alloc::string::String as core::clone::Clone>::clone'litchi_xlsx::chain::package::main_workbook_uri'litchi_xlsx::chain::package::validate_package'litchi_xlsx::workbook::edit::codec::calculation_chain_removal
0 36
cfn=(6920)
calls=3 0 
0 3
0 9
cfn=(6922)
calls=3 0 
0 120
0 21
cob=(2)
cfi=(203)
cfn=(6926) __memcpy_avx_unaligned_erms'<alloc::string::String as core::clone::Clone>::clone'litchi_xlsx::chain::package::main_workbook_uri'litchi_xlsx::chain::package::validate_package
calls=3 255 
0 33
0 33

fn=(8116) <alloc::string::String as core::clone::Clone>::clone'<hashbrown::map::HashMap<K,V,S,A> as core::clone::Clone>::clone'<litchi_opc::package::OpcPackage as core::clone::Clone>::clone'litchi_xlsx::workbook::edit::semantic::transaction::Edit::commit
0 468
cfn=(8118)
calls=39 0 
0 39
0 117
cfn=(8120)
calls=39 0 
0 2673
0 273
cob=(2)
cfi=(203)
cfn=(8124) __memcpy_avx_unaligned_erms'<alloc::string::String as core::clone::Clone>::clone'<hashbrown::map::HashMap<K,V,S,A> as core::clone::Clone>::clone'<litchi_opc::package::OpcPackage as core::clone::Clone>::clone
calls=39 255 
0 519
0 429

fn=(8828)
0 36
cfn=(8830)
calls=3 0 
0 3
0 9
cfn=(8832)
calls=3 0 
0 120
0 21
cob=(2)
cfi=(203)
cfn=(8836) __memcpy_avx_unaligned_erms'<alloc::string::String as core::clone::Clone>::clone'litchi_xlsx::calculation_properties::snapshot::Snapshot::load_with_limits'litchi_xlsx::workbook::model::Workbook::calculation_metadata
calls=3 255 
0 33
0 33

fn=(14094)
0 66891

fn=(14238)
0 1356

fn=(3878)
0 678

fn=(14244)
0 432

fn=(3884)
0 216

fn=(4450) alloc::raw_vec::RawVec<T,A>::grow_one'<quick_xml::name::NamespaceResolver as core::default::Default>::default'litchi_xlsx::raw::worksheet::edit::codec::snapshot::scan::scan_with_limit'litchi_xlsx::raw::worksheet::edit::package::rewrite
0 90
cfn=(4452) alloc::raw_vec::RawVecInner<A>::finish_grow'alloc::raw_vec::RawVec<T,A>::grow_one'<quick_xml::name::NamespaceResolver as core::default::Default>::default'litchi_xlsx::raw::worksheet::edit::codec::snapshot::scan::scan_with_limit
calls=6 0 
0 486
0 54

fn=(4080) alloc::raw_vec::RawVec<T,A>::grow_one'<quick_xml::name::NamespaceResolver as core::default::Default>::default'litchi_xlsx::raw::worksheet::codec::<impl litchi_xlsx::raw::worksheet::model::Parser>::parse'litchi_xlsx::raw::worksheet::parse
0 180
cfn=(4082) alloc::raw_vec::RawVecInner<A>::finish_grow'alloc::raw_vec::RawVec<T,A>::grow_one'<quick_xml::name::NamespaceResolver as core::default::Default>::default'litchi_xlsx::raw::worksheet::codec::<impl litchi_xlsx::raw::worksheet::model::Parser>::parse
calls=14 0 
0 972
0 108

fn=(5256) alloc::raw_vec::RawVec<T,A>::grow_one'<quick_xml::name::NamespaceResolver as core::default::Default>::default'litchi_xlsx::raw::compact::changed_worksheet'litchi_xlsx::workbook::edit::semantic::transaction::Edit::commit
0 90
cfn=(5258) alloc::raw_vec::RawVecInner<A>::finish_grow'alloc::raw_vec::RawVec<T,A>::grow_one'<quick_xml::name::NamespaceResolver as core::default::Default>::default'litchi_xlsx::raw::compact::changed_worksheet
calls=6 0 
0 486
0 54

fn=(7354) alloc::raw_vec::RawVec<T,A>::grow_one'<quick_xml::name::NamespaceResolver as core::default::Default>::default'litchi_xlsx::calculation_properties::rewriter::inspect_layout'litchi_xlsx::calculation_properties::codec::inspect_with_policy
0 90
cfn=(7356) alloc::raw_vec::RawVecInner<A>::finish_grow'alloc::raw_vec::RawVec<T,A>::grow_one'<quick_xml::name::NamespaceResolver as core::default::Default>::default'litchi_xlsx::calculation_properties::rewriter::inspect_layout
calls=6 0 
0 486
0 54

fn=(2698) alloc::raw_vec::RawVec<T,A>::grow_one'<quick_xml::name::NamespaceResolver as core::default::Default>::default'litchi_xlsx::raw::catalog::parse_catalog'litchi_xlsx::workbook::model::Workbook::from_package_with_styles
0 45
cfn=(2700) alloc::raw_vec::RawVecInner<A>::finish_grow'alloc::raw_vec::RawVec<T,A>::grow_one'<quick_xml::name::NamespaceResolver as core::default::Default>::default'litchi_xlsx::raw::catalog::parse_catalog
calls=6 0 
0 243
0 27

fn=(8686) alloc::raw_vec::RawVec<T,A>::grow_one'<quick_xml::name::NamespaceResolver as core::default::Default>::default'litchi_xlsx::calculation_properties::codec::inspect_with_policy'litchi_xlsx::calculation_properties::snapshot::Snapshot::load_with_limits
0 45
cfn=(7622) alloc::raw_vec::RawVecInner<A>::finish_grow'alloc::raw_vec::RawVec<T,A>::grow_one'<quick_xml::name::NamespaceResolver as core::default::Default>::default'litchi_xlsx::calculation_properties::codec::inspect_with_policy
calls=3 0 
0 243
0 27

fn=(7620) alloc::raw_vec::RawVec<T,A>::grow_one'<quick_xml::name::NamespaceResolver as core::default::Default>::default'litchi_xlsx::calculation_properties::codec::inspect_with_policy'litchi_xlsx::raw::recalc::invalidate
0 45
cfn=(7622)
calls=3 0 
0 243
0 27

fn=(3280) alloc::raw_vec::RawVec<T,A>::grow_one'litchi_opc::packuri::PackURI::from_rel_ref'litchi_opc::rel::Relationship::target_partname'litchi_xlsx::workbook::package::validate_sheet_graph
0 90
cfn=(2546) alloc::raw_vec::RawVecInner<A>::finish_grow'alloc::raw_vec::RawVec<T,A>::grow_one'litchi_opc::packuri::PackURI::from_rel_ref'litchi_opc::rel::Relationship::target_partname
calls=12 0 
0 486
0 54

fn=(3346) alloc::raw_vec::RawVec<T,A>::grow_one'litchi_opc::packuri::PackURI::from_rel_ref'litchi_opc::rel::Relationship::target_partname'litchi_xlsx::workbook::package::validate_styles
0 45
cfn=(2546)
calls=6 0 
0 243
0 27

fn=(2542) alloc::raw_vec::RawVec<T,A>::grow_one'litchi_opc::packuri::PackURI::from_rel_ref'litchi_opc::rel::Relationship::target_partname'litchi_opc::package::OpcPackage::main_document_part
0 135
cfn=(2546)
calls=12 0 
0 729
0 81

fn=(2942) alloc::raw_vec::RawVec<T,A>::grow_one'quick_xml::events::attributes::IterState::check_for_duplicates'quick_xml::events::attributes::IterState::next'<quick_xml::events::attributes::Attributes as core::iter::traits::iterator::Iterator>::next
0 36013230
cfn=(2944) alloc::raw_vec::RawVecInner<A>::finish_grow'alloc::raw_vec::RawVec<T,A>::grow_one'quick_xml::events::attributes::IterState::check_for_duplicates'quick_xml::events::attributes::IterState::next
calls=2537612 0 
0 318831821
0 21607938

fn=(4550) alloc::raw_vec::RawVec<T,A>::grow_one'litchi_xlsx::raw::worksheet::edit::codec::wire::tag'litchi_xlsx::raw::worksheet::edit::codec::snapshot::scan::scan_with_limit'litchi_xlsx::raw::worksheet::edit::package::rewrite
0 90
cfn=(4552) alloc::raw_vec::RawVecInner<A>::finish_grow'alloc::raw_vec::RawVec<T,A>::grow_one'litchi_xlsx::raw::worksheet::edit::codec::wire::tag'litchi_xlsx::raw::worksheet::edit::codec::snapshot::scan::scan_with_limit
calls=6 0 
0 486
0 54

fn=(4654) alloc::raw_vec::RawVec<T,A>::grow_one'litchi_xlsx::raw::worksheet::edit::codec::wire::tag'litchi_xlsx::raw::worksheet::edit::codec::snapshot::scan::Scanner::record_dimension'litchi_xlsx::raw::worksheet::edit::codec::snapshot::scan::scan_with_limit
0 90
cfn=(4656) alloc::raw_vec::RawVecInner<A>::finish_grow'alloc::raw_vec::RawVec<T,A>::grow_one'litchi_xlsx::raw::worksheet::edit::codec::wire::tag'litchi_xlsx::raw::worksheet::edit::codec::snapshot::scan::Scanner::record_dimension
calls=6 0 
0 906
0 54

fn=(13734) alloc::raw_vec::RawVec<T,A>::grow_one'litchi_xlsx::raw::worksheet::edit::codec::wire::tag'litchi_xlsx::raw::worksheet::edit::codec::snapshot::scan::Scanner::start_row'litchi_xlsx::raw::worksheet::edit::codec::snapshot::scan::scan_with_limit
0 23040
cfn=(13736) alloc::raw_vec::RawVecInner<A>::finish_grow'alloc::raw_vec::RawVec<T,A>::grow_one'litchi_xlsx::raw::worksheet::edit::codec::wire::tag'litchi_xlsx::raw::worksheet::edit::codec::snapshot::scan::Scanner::start_row
calls=1536 0 
0 346704
0 13824

fn=(4570)
0 161280
cfn=(4572) alloc::raw_vec::RawVecInner<A>::finish_grow'alloc::raw_vec::RawVec<T,A>::grow_one'litchi_xlsx::raw::worksheet::edit::codec::snapshot::scan::scan_with_limit'litchi_xlsx::raw::worksheet::edit::package::rewrite
calls=10752 0 
0 7470768
0 5995188
cfn=(4572)
calls=393228 0 
0 31870855
0 3539682
cfn=(4572)
calls=42 0 
0 113331
0 378

fn=(5302)
0 180
cfn=(2850) alloc::raw_vec::RawVecInner<A>::finish_grow'alloc::raw_vec::RawVec<T,A>::grow_one'quick_xml::reader::state::ReaderState::emit_start'quick_xml::reader::Reader<R>::read_event_impl
calls=12 0 
0 2610
0 108

fn=(7422)
0 90
cfn=(2850)
calls=6 0 
0 486
0 54

fn=(2848)
0 45
cfn=(2850)
calls=6 0 
0 243
0 27

fn=(7668)
0 90
cfn=(2850)
calls=6 0 
0 486
0 54

fn=(4482)
0 180
cfn=(2850)
calls=12 0 
0 3688
0 108

fn=(4114)
0 360
cfn=(2850)
calls=28 0 
0 5964
0 216

fn=(5508)
0 90
cfn=(4142) alloc::raw_vec::RawVecInner<A>::finish_grow'alloc::raw_vec::RawVec<T,A>::grow_one'litchi_xlsx::raw::worksheet::codec::<impl litchi_xlsx::raw::worksheet::model::Parser>::parse'litchi_xlsx::raw::worksheet::parse
calls=6 0 
0 462
0 54

fn=(4140)
0 90
cfn=(4142)
calls=8 0 
0 1253
0 54

fn=(14024)
0 90
cfn=(5336) alloc::raw_vec::RawVecInner<A>::finish_grow'alloc::raw_vec::RawVec<T,A>::grow_one'litchi_xlsx::raw::compact::changed_worksheet'litchi_xlsx::workbook::edit::semantic::transaction::Edit::commit
calls=6 0 
0 462
0 54

fn=(13652)
0 45
cfn=(4392) alloc::raw_vec::RawVecInner<A>::finish_grow'alloc::raw_vec::RawVec<T,A>::grow_one'alloc::vec::Vec<T,A>::push_mut'litchi_xlsx::workbook::edit::semantic::transaction::Edit::commit
calls=3 0 
0 243
0 477
cfn=(4392)
calls=30 0 
0 1190244
0 270

fn=(13892)
0 58995
cfn=(13894) alloc::raw_vec::RawVecInner<A>::finish_grow'alloc::raw_vec::RawVec<T,A>::grow_one'litchi_xlsx::raw::worksheet::edit::codec::snapshot::write::sheet_data::write_sheet_data'litchi_xlsx::raw::worksheet::edit::package::rewrite
calls=3933 0 
0 1850753
0 35397

fn=(8392)
0 45
cfn=(2910) alloc::raw_vec::RawVecInner<A>::finish_grow'alloc::raw_vec::RawVec<T,A>::grow_one'litchi_xlsx::raw::catalog::parse_catalog'litchi_xlsx::workbook::model::Workbook::from_package_with_styles
calls=3 0 
0 665
0 27

fn=(5258)
0 144
cfn=(2702)
calls=6 0 
0 6
0 18
cfn=(2704)
calls=6 0 
0 240
0 78

fn=(7356)
0 144
cfn=(2702)
calls=6 0 
0 6
0 18
cfn=(2704)
calls=6 0 
0 240
0 78

fn=(2700)
0 72
cfn=(2702)
calls=6 0 
0 3
0 9
cfn=(2704)
calls=6 0 
0 120
0 39

fn=(7622)
0 144
cfn=(2702)
calls=6 0 
0 6
0 18
cfn=(2704)
calls=6 0 
0 240
0 78

fn=(4452)
0 144
cfn=(2702)
calls=6 0 
0 6
0 18
cfn=(2704)
calls=6 0 
0 240
0 78

fn=(4082)
0 288
cfn=(2702)
calls=14 0 
0 12
0 36
cfn=(2704)
calls=14 0 
0 480
0 156

fn=(2546)
0 432
cfn=(2548)
calls=30 0 
0 18
0 54
cfn=(2550)
calls=30 0 
0 720
0 234

fn=(2944)
0 50418594
cfn=(8006)
calls=12 0 
0 5390
0 7202634
cfn=(2946)
calls=2537630 0 
0 2400870
0 7202610
cfn=(2948)
calls=2537630 0 
0 220390281
0 31211442

fn=(4552)
0 144
cfn=(4554)
calls=6 0 
0 6
0 18
cfn=(4556)
calls=6 0 
0 240
0 78

fn=(4656)
0 144
cfn=(4554)
calls=6 0 
0 6
0 18
cfn=(4556)
calls=6 0 
0 660
0 78

fn=(13736)
0 36864
cfn=(4554)
calls=1536 0 
0 1536
0 4608
cfn=(4556)
calls=1536 0 
0 283728
0 19968

fn=(4572)
0 8540010
cfn=(13846)
calls=9258 0 
0 6586787
0 1202808
cfn=(4574)
calls=394764 0 
0 394764
0 1184292
cfn=(4576)
calls=394764 0 
0 16312523
0 5233770

fn=(2850)
0 1467
cfn=(5434)
calls=26 0 
0 9358
0 165
cfn=(2852)
calls=53 0 
0 39
0 117
cfn=(2854)
calls=53 0 
0 1560
0 771

fn=(4142)
0 288
cfn=(4144)
calls=14 0 
0 12
0 36
cfn=(4146)
calls=14 0 
0 1223
0 156

fn=(5336)
0 144
cfn=(5338)
calls=6 0 
0 6
0 18
cfn=(5340)
calls=6 0 
0 216
0 78

fn=(4392)
0 855
cfn=(4400)
calls=27 0 
0 1188357
0 72
cfn=(4394)
calls=6 0 
0 6
0 18
cfn=(4396)
calls=6 0 
0 804
0 375

fn=(13894)
0 106191
cfn=(13896)
calls=3933 0 
0 1693433
0 51129

fn=(2910)
0 72
cfn=(2912)
calls=6 0 
0 3
0 9
cfn=(2914)
calls=6 0 
0 542
0 39

fn=(3118) alloc::raw_vec::RawVecInner<A>::finish_grow'alloc::raw_vec::RawVecInner<A>::reserve::do_reserve_and_handle'<alloc::string::String as core::iter::traits::collect::FromIterator<char>>::from_iter'litchi_xlsx::sheet::key
0 288
cfn=(3120)
calls=3959 0 
0 12
0 36
cfn=(3122)
calls=3959 0 
0 676
0 156

fn=(4456) alloc::raw_vec::RawVecInner<A>::finish_grow'alloc::raw_vec::RawVecInner<A>::reserve::do_reserve_and_handle'<quick_xml::name::NamespaceResolver as core::default::Default>::default'litchi_xlsx::raw::worksheet::edit::codec::snapshot::scan::scan_with_limit
0 450
cfn=(2718)
calls=12 0 
0 3507
0 42
cfn=(2712)
calls=6 0 
0 6
0 18
cfn=(2714)
calls=6 0 
0 3105
0 210

fn=(4086) alloc::raw_vec::RawVecInner<A>::finish_grow'alloc::raw_vec::RawVecInner<A>::reserve::do_reserve_and_handle'<quick_xml::name::NamespaceResolver as core::default::Default>::default'litchi_xlsx::raw::worksheet::codec::<impl litchi_xlsx::raw::worksheet::model::Parser>::parse
0 900
cfn=(2718)
calls=28 0 
0 7725
0 84
cfn=(2712)
calls=14 0 
0 12
0 36
cfn=(2714)
calls=14 0 
0 835
0 420

fn=(5262) alloc::raw_vec::RawVecInner<A>::finish_grow'alloc::raw_vec::RawVecInner<A>::reserve::do_reserve_and_handle'<quick_xml::name::NamespaceResolver as core::default::Default>::default'litchi_xlsx::raw::compact::changed_worksheet
0 450
cfn=(2718)
calls=12 0 
0 4163
0 42
cfn=(2712)
calls=6 0 
0 6
0 18
cfn=(2714)
calls=6 0 
0 216
0 210

fn=(7360) alloc::raw_vec::RawVecInner<A>::finish_grow'alloc::raw_vec::RawVecInner<A>::reserve::do_reserve_and_handle'<quick_xml::name::NamespaceResolver as core::default::Default>::default'litchi_xlsx::calculation_properties::rewriter::inspect_layout
0 450
cfn=(2718)
calls=12 0 
0 4246
0 42
cfn=(2712)
calls=6 0 
0 6
0 18
cfn=(2714)
calls=6 0 
0 216
0 210

fn=(2710) alloc::raw_vec::RawVecInner<A>::finish_grow'alloc::raw_vec::RawVecInner<A>::reserve::do_reserve_and_handle'<quick_xml::name::NamespaceResolver as core::default::Default>::default'litchi_xlsx::raw::catalog::parse_catalog
0 225
cfn=(2718)
calls=12 0 
0 1784
0 21
cfn=(2712)
calls=6 0 
0 3
0 9
cfn=(2714)
calls=6 0 
0 235
0 105

fn=(7626) alloc::raw_vec::RawVecInner<A>::finish_grow'alloc::raw_vec::RawVecInner<A>::reserve::do_reserve_and_handle'<quick_xml::name::NamespaceResolver as core::default::Default>::default'litchi_xlsx::calculation_properties::codec::inspect_with_policy
0 450
cfn=(2718)
calls=12 0 
0 5078
0 42
cfn=(2712)
calls=6 0 
0 6
0 18
cfn=(2714)
calls=6 0 
0 216
0 210

fn=(2884) alloc::raw_vec::RawVecInner<A>::finish_grow'alloc::raw_vec::RawVecInner<A>::reserve::do_reserve_and_handle'quick_xml::name::NamespaceResolver::add'quick_xml::name::NamespaceResolver::push
0 1458
cfn=(2886)
calls=71 0 
0 22914
0 702

fn=(5386) alloc::raw_vec::RawVecInner<A>::finish_grow'alloc::raw_vec::RawVecInner<A>::reserve::do_reserve_and_handle'quick_xml::events::BytesStart::push_attr'quick_xml::events::BytesStart::push_attribute
0 9904842
cfn=(5388)
calls=366846 0 
0 23481197
0 4768998

fn=(7492) alloc::raw_vec::RawVecInner<A>::finish_grow'alloc::raw_vec::RawVecInner<A>::reserve::do_reserve_and_handle'<[T] as alloc::slice::SpecCloneIntoVec<T,A>>::clone_into'litchi_xlsx::calculation_properties::rewriter::inspect_start
0 144
cfn=(7494)
calls=6 0 
0 6
0 18
cfn=(7496)
calls=6 0 
0 668
0 78

fn=(2858) alloc::raw_vec::RawVecInner<A>::finish_grow'alloc::raw_vec::RawVecInner<A>::reserve::do_reserve_and_handle'quick_xml::reader::state::ReaderState::emit_start'quick_xml::reader::Reader<R>::read_event_impl
0 2520
cfn=(2916)
calls=70 0 
0 10940
0 243
cfn=(2860)
calls=53 0 
0 39
0 117
cfn=(2862)
calls=53 0 
0 4559
0 1200

fn=(5866) alloc::raw_vec::RawVecInner<A>::finish_grow'litchi_xlsx::cell::Store::from_unsorted'litchi_xlsx::raw::worksheet::codec::<impl litchi_xlsx::raw::worksheet::model::Parser>::parse'litchi_xlsx::raw::worksheet::parse
0 2196
cfn=(5874)
calls=84 0 
0 27942
0 180
cfn=(5868)
calls=14 0 
0 12
0 36
cfn=(5870)
calls=14 0 
0 480
0 948

fn=(4788) alloc::raw_vec::RawVecInner<A>::finish_grow'litchi_xlsx::column::Assignments<T>::new'litchi_xlsx::raw::worksheet::edit::validation::validate_column_actions'litchi_xlsx::raw::worksheet::edit::package::rewrite
0 144
cfn=(4790)
calls=6 0 
0 6
0 18
cfn=(4792)
calls=6 0 
0 1236
0 78

fn=(13534)
0 144
cfn=(3902)
calls=6 0 
0 6
0 18
cfn=(3904)
calls=6 0 
0 240
0 78

fn=(5790)
0 288
cfn=(5792)
calls=14 0 
0 12
0 36
cfn=(5794)
calls=14 0 
0 4857
0 156

fn=(4842)
0 144
cfn=(4844)
calls=6 0 
0 6
0 18
cfn=(4846)
calls=6 0 
0 2112
0 78

fn=(5754)
0 6984
cfn=(5764)
calls=280 0 
0 32863253
0 552
cfn=(5756)
calls=28 0 
0 24
0 72
cfn=(5758)
calls=28 0 
0 31061
0 2952

fn=(14006)
0 144
cfn=(5266)
calls=6 0 
0 6
0 18
cfn=(5268)
calls=6 0 
0 21334
0 78

fn=(8622)
0 72
cfn=(7364)
calls=3 0 
0 3
0 9
cfn=(7366)
calls=3 0 
0 681
0 39

fn=(7362)
0 72
cfn=(7364)
calls=3 0 
0 3
0 9
cfn=(7366)
calls=3 0 
0 17006
0 39

fn=(14268)
0 33
cob=(2)
cfi=(233)
cfn=(8358) __memcmp_avx2_movbe'litchi_xlsx::workbook::codec::flavor'litchi_xlsx::workbook::model::Workbook::from_package_with_styles'litchi_xlsx::workbook::edit::semantic::transaction::Edit::commit
calls=3 73 
0 87
0 15

fn=(8684) <quick_xml::name::NamespaceResolver as core::default::Default>::default'litchi_xlsx::calculation_properties::codec::inspect_with_policy'litchi_xlsx::calculation_properties::snapshot::Snapshot::load_with_limits'litchi_xlsx::workbook::model::Workbook::calculation_metadata
0 42
cfn=(8686)
calls=3 0 
0 315
0 36
cfn=(8688) alloc::raw_vec::RawVecInner<A>::reserve::do_reserve_and_handle'<quick_xml::name::NamespaceResolver as core::default::Default>::default'litchi_xlsx::calculation_properties::codec::inspect_with_policy'litchi_xlsx::calculation_properties::snapshot::Snapshot::load_with_limits
calls=3 0 
0 339
0 210
cfn=(8688)
calls=3 0 
0 1949
0 27
cfn=(8688)
calls=3 0 
0 1495
0 9

fn=(7618) <quick_xml::name::NamespaceResolver as core::default::Default>::default'litchi_xlsx::calculation_properties::codec::inspect_with_policy'litchi_xlsx::raw::recalc::invalidate'litchi_xlsx::workbook::edit::semantic::transaction::Edit::commit
0 42
cfn=(7620)
calls=3 0 
0 315
0 36
cfn=(7624) alloc::raw_vec::RawVecInner<A>::reserve::do_reserve_and_handle'<quick_xml::name::NamespaceResolver as core::default::Default>::default'litchi_xlsx::calculation_properties::codec::inspect_with_policy'litchi_xlsx::raw::recalc::invalidate
calls=3 0 
0 339
0 210
cfn=(7624)
calls=3 0 
0 1287
0 27
cfn=(7624)
calls=3 0 
0 1259
0 9

fn=(4448)
0 84
cfn=(4450)
calls=6 0 
0 630
0 72
cfn=(4454) alloc::raw_vec::RawVecInner<A>::reserve::do_reserve_and_handle'<quick_xml::name::NamespaceResolver as core::default::Default>::default'litchi_xlsx::raw::worksheet::edit::codec::snapshot::scan::scan_with_limit'litchi_xlsx::raw::worksheet::edit::package::rewrite
calls=6 0 
0 3567
0 420
cfn=(4454)
calls=6 0 
0 2271
0 54
cfn=(4454)
calls=6 0 
0 2148
0 18

fn=(5494)
0 84
cfn=(4080)
calls=6 0 
0 630
0 72
cfn=(4084) alloc::raw_vec::RawVecInner<A>::reserve::do_reserve_and_handle'<quick_xml::name::NamespaceResolver as core::default::Default>::default'litchi_xlsx::raw::worksheet::codec::<impl litchi_xlsx::raw::worksheet::model::Parser>::parse'litchi_xlsx::raw::worksheet::parse
calls=6 0 
0 678
0 420
cfn=(4084)
calls=6 0 
0 2286
0 54
cfn=(4084)
calls=6 0 
0 2222
0 18

fn=(4078)
0 84
cfn=(4080)
calls=8 0 
0 630
0 72
cfn=(4084)
calls=8 0 
0 1081
0 420
cfn=(4084)
calls=8 0 
0 2591
0 54
cfn=(4084)
calls=8 0 
0 2450
0 18

fn=(14004)
0 84
cfn=(5256)
calls=6 0 
0 630
0 72
cfn=(5260) alloc::raw_vec::RawVecInner<A>::reserve::do_reserve_and_handle'<quick_xml::name::NamespaceResolver as core::default::Default>::default'litchi_xlsx::raw::compact::changed_worksheet'litchi_xlsx::workbook::edit::semantic::transaction::Edit::commit
calls=6 0 
0 678
0 420
cfn=(5260)
calls=6 0 
0 2343
0 54
cfn=(5260)
calls=6 0 
0 2732
0 18

fn=(8620)
0 42
cfn=(7354)
calls=3 0 
0 315
0 36
cfn=(7358) alloc::raw_vec::RawVecInner<A>::reserve::do_reserve_and_handle'<quick_xml::name::NamespaceResolver as core::default::Default>::default'litchi_xlsx::calculation_properties::rewriter::inspect_layout'litchi_xlsx::calculation_properties::codec::inspect_with_policy
calls=3 0 
0 339
0 210
cfn=(7358)
calls=3 0 
0 1299
0 27
cfn=(7358)
calls=3 0 
0 1174
0 9

fn=(7352)
0 42
cfn=(7354)
calls=3 0 
0 315
0 36
cfn=(7358)
calls=3 0 
0 339
0 210
cfn=(7358)
calls=3 0 
0 1368
0 27
cfn=(7358)
calls=3 0 
0 1317
0 9

fn=(8368)
0 42
cfn=(2698)
calls=3 0 
0 315
0 36
cfn=(2708) alloc::raw_vec::RawVecInner<A>::reserve::do_reserve_and_handle'<quick_xml::name::NamespaceResolver as core::default::Default>::default'litchi_xlsx::raw::catalog::parse_catalog'litchi_xlsx::workbook::model::Workbook::from_package_with_styles
calls=3 0 
0 466
0 210
cfn=(2708)
calls=3 0 
0 902
0 27
cfn=(2708)
calls=3 0 
0 1338
0 9

fn=(5660) quick_xml::events::attributes::IterState::next'<quick_xml::events::attributes::Attributes as core::iter::traits::iterator::Iterator>::next'litchi_xlsx::raw::worksheet::codec::scan_cell_attributes'litchi_xlsx::raw::worksheet::codec::<impl litchi_xlsx::raw::worksheet::model::Parser>::start_cell
0 87293952
cfn=(5662) quick_xml::events::attributes::IterState::check_for_duplicates'quick_xml::events::attributes::IterState::next'<quick_xml::events::attributes::Attributes as core::iter::traits::iterator::Iterator>::next'litchi_xlsx::raw::worksheet::codec::scan_cell_attributes
calls=917504 0 
0 125042688
0 48648192

fn=(8754) quick_xml::events::attributes::IterState::next'<quick_xml::events::attributes::Attributes as core::iter::traits::iterator::Iterator>::next'litchi_xlsx::calculation_properties::codec::parse_calc_attributes'litchi_xlsx::calculation_properties::codec::inspect_with_policy
0 4398
cfn=(8756) quick_xml::events::attributes::IterState::check_for_duplicates'quick_xml::events::attributes::IterState::next'<quick_xml::events::attributes::Attributes as core::iter::traits::iterator::Iterator>::next'litchi_xlsx::calculation_properties::codec::parse_calc_attributes
calls=30 0 
0 6398
0 1698

fn=(13752) quick_xml::events::attributes::IterState::next'<quick_xml::events::attributes::Attributes as core::iter::traits::iterator::Iterator>::next'litchi_xlsx::raw::worksheet::x14ac::attribute_name'litchi_xlsx::raw::worksheet::edit::codec::snapshot::scan::Scanner::start_row
0 170496
cfn=(13754) quick_xml::events::attributes::IterState::check_for_duplicates'quick_xml::events::attributes::IterState::next'<quick_xml::events::attributes::Attributes as core::iter::traits::iterator::Iterator>::next'litchi_xlsx::raw::worksheet::x14ac::attribute_name
calls=1536 0 
0 244224
0 77520

fn=(3012) quick_xml::events::attributes::IterState::next'<quick_xml::events::attributes::Attributes as core::iter::traits::iterator::Iterator>::next'litchi_ooxml_common::relationships::codec::attribute_value'litchi_xlsx::raw::catalog::WorkbookInfo::process_element
0 2070
cfn=(3014) quick_xml::events::attributes::IterState::check_for_duplicates'quick_xml::events::attributes::IterState::next'<quick_xml::events::attributes::Attributes as core::iter::traits::iterator::Iterator>::next'litchi_ooxml_common::relationships::codec::attribute_value
calls=36 0 
0 2106
0 1044

fn=(5350) quick_xml::events::attributes::IterState::next'<quick_xml::events::attributes::Attributes as core::iter::traits::iterator::Iterator>::next'litchi_xlsx::raw::compact::write_start'litchi_xlsx::raw::compact::changed_worksheet
0 56402124
cfn=(5352) quick_xml::events::attributes::IterState::check_for_duplicates'quick_xml::events::attributes::IterState::next'<quick_xml::events::attributes::Attributes as core::iter::traits::iterator::Iterator>::next'litchi_xlsx::raw::compact::write_start
calls=394764 0 
0 62767476
0 24404376

fn=(4538) quick_xml::events::attributes::IterState::next'<quick_xml::events::attributes::Attributes as core::iter::traits::iterator::Iterator>::next'litchi_xlsx::raw::worksheet::edit::codec::wire::tag'litchi_xlsx::raw::worksheet::edit::codec::snapshot::scan::scan_with_limit
0 1002
cfn=(4540) quick_xml::events::attributes::IterState::check_for_duplicates'quick_xml::events::attributes::IterState::next'<quick_xml::events::attributes::Attributes as core::iter::traits::iterator::Iterator>::next'litchi_xlsx::raw::worksheet::edit::codec::wire::tag
calls=6 0 
0 954
0 2262

fn=(4648) quick_xml::events::attributes::IterState::next'<quick_xml::events::attributes::Attributes as core::iter::traits::iterator::Iterator>::next'litchi_xlsx::raw::worksheet::edit::codec::wire::tag'litchi_xlsx::raw::worksheet::edit::codec::snapshot::scan::Scanner::record_dimension
0 738
cfn=(4540)
calls=6 0 
0 954
0 498

fn=(13728) quick_xml::events::attributes::IterState::next'<quick_xml::events::attributes::Attributes as core::iter::traits::iterator::Iterator>::next'litchi_xlsx::raw::worksheet::edit::codec::wire::tag'litchi_xlsx::raw::worksheet::edit::codec::snapshot::scan::Scanner::start_row
0 170496
cfn=(4540)
calls=1536 0 
0 244224
0 77520

fn=(3074) quick_xml::events::attributes::IterState::next'<quick_xml::events::attributes::Attributes as core::iter::traits::iterator::Iterator>::next'litchi_ooxml_common::xml::unqualified_attribute_value'litchi_xlsx::raw::catalog::optional_u32
0 2070
cfn=(2940) quick_xml::events::attributes::IterState::check_for_duplicates'quick_xml::events::attributes::IterState::next'<quick_xml::events::attributes::Attributes as core::iter::traits::iterator::Iterator>::next'litchi_ooxml_common::xml::unqualified_attribute_value
calls=36 0 
0 2106
0 1044

fn=(5588) quick_xml::events::attributes::IterState::next'<quick_xml::events::attributes::Attributes as core::iter::traits::iterator::Iterator>::next'litchi_ooxml_common::xml::unqualified_attribute_value'litchi_xlsx::raw::worksheet::validation::optional_f64
0 340992
cfn=(2940)
calls=3584 0 
0 488448
0 155040

fn=(5634) quick_xml::events::attributes::IterState::next'<quick_xml::events::attributes::Attributes as core::iter::traits::iterator::Iterator>::next'litchi_ooxml_common::xml::unqualified_attribute_value'litchi_xlsx::raw::worksheet::validation::optional_bool
0 2386944
cfn=(2940)
calls=25088 0 
0 3419136
0 1085280

fn=(4602) quick_xml::events::attributes::IterState::next'<quick_xml::events::attributes::Attributes as core::iter::traits::iterator::Iterator>::next'litchi_ooxml_common::xml::unqualified_attribute_value'litchi_xlsx::raw::worksheet::edit::codec::snapshot::scan::Scanner::record_dimension
0 738
cfn=(2940)
calls=6 0 
0 954
0 498

fn=(2938) quick_xml::events::attributes::IterState::next'<quick_xml::events::attributes::Attributes as core::iter::traits::iterator::Iterator>::next'litchi_ooxml_common::xml::unqualified_attribute_value'litchi_xlsx::raw::catalog::WorkbookInfo::process_element
0 4140
cfn=(2940)
calls=72 0 
0 4212
0 2088

fn=(4164) quick_xml::events::attributes::IterState::next'<quick_xml::events::attributes::Attributes as core::iter::traits::iterator::Iterator>::next'litchi_ooxml_common::xml::unqualified_attribute_value'litchi_xlsx::raw::worksheet::codec::<impl litchi_xlsx::raw::worksheet::model::Parser>::start
0 1476
cfn=(2940)
calls=14 0 
0 1908
0 996

fn=(5532) quick_xml::events::attributes::IterState::next'<quick_xml::events::attributes::Attributes as core::iter::traits::iterator::Iterator>::next'litchi_ooxml_common::xml::unqualified_attribute_value'litchi_xlsx::raw::worksheet::codec::<impl litchi_xlsx::raw::worksheet::model::Parser>::start_row
0 340992
cfn=(2940)
calls=3584 0 
0 488448
0 155040

fn=(5610) quick_xml::events::attributes::IterState::next'<quick_xml::events::attributes::Attributes as core::iter::traits::iterator::Iterator>::next'litchi_ooxml_common::xml::unqualified_attribute_value'litchi_xlsx::raw::worksheet::validation::optional_u32
0 681984
cfn=(2940)
calls=7168 0 
0 976896
0 310080

fn=(13678) quick_xml::events::attributes::IterState::next'<quick_xml::events::attributes::Attributes as core::iter::traits::iterator::Iterator>::next'litchi_ooxml_common::xml::unqualified_attribute_value'litchi_xlsx::raw::worksheet::edit::codec::snapshot::scan::Scanner::row_position
0 170496
cfn=(2940)
calls=1536 0 
0 2211546
0 77520

fn=(13782) quick_xml::events::attributes::IterState::next'<quick_xml::events::attributes::Attributes as core::iter::traits::iterator::Iterator>::next'litchi_ooxml_common::xml::unqualified_attribute_value'litchi_xlsx::raw::worksheet::edit::codec::snapshot::scan::Scanner::cell_address
0 43646976
cfn=(2940)
calls=393216 0 
0 184878911
0 24324096

fn=(8750) quick_xml::events::attributes::IterState::next'<quick_xml::events::attributes::Attributes as core::iter::traits::iterator::Iterator>::next'litchi_xlsx::calculation_properties::codec::check_attribute_count'litchi_xlsx::calculation_properties::codec::parse_calc_attributes
0 4398
cfn=(7694) quick_xml::events::attributes::IterState::check_for_duplicates'quick_xml::events::attributes::IterState::next'<quick_xml::events::attributes::Attributes as core::iter::traits::iterator::Iterator>::next'litchi_xlsx::calculation_properties::codec::check_attribute_count
calls=30 0 
0 600
0 1698

fn=(7692) quick_xml::events::attributes::IterState::next'<quick_xml::events::attributes::Attributes as core::iter::traits::iterator::Iterator>::next'litchi_xlsx::calculation_properties::codec::check_attribute_count'litchi_xlsx::calculation_properties::codec::inspect_with_policy
0 10254
cfn=(7694)
calls=78 0 
0 1560
0 8670

fn=(5320) quick_xml::events::attributes::IterState::next'<quick_xml::events::attributes::Attributes as core::iter::traits::iterator::Iterator>::next'litchi_xlsx::raw::compact::changed_worksheet'litchi_xlsx::workbook::edit::semantic::transaction::Edit::commit
0 56401386
cfn=(5322) quick_xml::events::attributes::IterState::check_for_duplicates'quick_xml::events::attributes::IterState::next'<quick_xml::events::attributes::Attributes as core::iter::traits::iterator::Iterator>::next'litchi_xlsx::raw::compact::changed_worksheet
calls=394758 0 
0 62766522
0 24403878

fn=(7446) quick_xml::events::attributes::IterState::next'<quick_xml::events::attributes::Attributes as core::iter::traits::iterator::Iterator>::next'litchi_xlsx::calculation_properties::rewriter::inspect_start'litchi_xlsx::calculation_properties::rewriter::inspect_layout
0 20508
cfn=(7448) quick_xml::events::attributes::IterState::check_for_duplicates'quick_xml::events::attributes::IterState::next'<quick_xml::events::attributes::Attributes as core::iter::traits::iterator::Iterator>::next'litchi_xlsx::calculation_properties::rewriter::inspect_start
calls=156 0 
0 13734
0 17340

fn=(13826) quick_xml::events::attributes::IterState::next'<quick_xml::events::attributes::Attributes as core::iter::traits::iterator::Iterator>::next'litchi_xlsx::raw::worksheet::edit::codec::wire::cell_tag'litchi_xlsx::raw::worksheet::edit::codec::snapshot::scan::Scanner::start_cell
0 43646976
cfn=(13828) quick_xml::events::attributes::IterState::check_for_duplicates'quick_xml::events::attributes::IterState::next'<quick_xml::events::attributes::Attributes as core::iter::traits::iterator::Iterator>::next'litchi_xlsx::raw::worksheet::edit::codec::wire::cell_tag
calls=393216 0 
0 62551936
0 24324096

fn=(4490)
0 56402124
cfn=(2876) quick_xml::events::attributes::IterState::check_for_duplicates'quick_xml::events::attributes::IterState::next'quick_xml::name::NamespaceResolver::push'quick_xml::reader::ns_reader::NsReader<R>::process_event
calls=394764 0 
0 7895280
0 24404376

fn=(4122)
0 112804248
cfn=(2876)
calls=921116 0 
0 15790560
0 48808752

fn=(5310)
0 56402124
cfn=(2876)
calls=394764 0 
0 7895280
0 24404376

fn=(7430)
0 10254
cfn=(2876)
calls=78 0 
0 1560
0 8670

fn=(2872)
0 5127
cfn=(2876)
calls=78 0 
0 780
0 4335

fn=(7676)
0 10254
cfn=(2876)
calls=78 0 
0 1560
0 8670

fn=(5658)
0 15728640
cfn=(5660)
calls=1835008 0 
0 260984832
0 44826624

fn=(8752)
0 180
cfn=(8754)
calls=18 0 
0 6566
0 675

fn=(14132)
0 180
cfn=(8754)
calls=18 0 
0 5928
0 675

fn=(13750)
0 30720
cfn=(13752)
calls=3072 0 
0 492240
0 87552

fn=(3010) <quick_xml::events::attributes::Attributes as core::iter::traits::iterator::Iterator>::next'litchi_ooxml_common::relationships::codec::attribute_value'litchi_xlsx::raw::catalog::WorkbookInfo::process_element'litchi_xlsx::raw::catalog::parse_catalog
0 240
cfn=(3012)
calls=48 0 
0 5220
0 846

fn=(5348) <quick_xml::events::attributes::Attributes as core::iter::traits::iterator::Iterator>::next'litchi_xlsx::raw::compact::write_start'litchi_xlsx::raw::compact::changed_worksheet'litchi_xlsx::workbook::edit::semantic::transaction::Edit::commit
0 11827500
cfn=(5350)
calls=1182750 0 
0 143573976
0 28399878

fn=(4536) <quick_xml::events::attributes::Attributes as core::iter::traits::iterator::Iterator>::next'litchi_xlsx::raw::worksheet::edit::codec::wire::tag'litchi_xlsx::raw::worksheet::edit::codec::snapshot::scan::scan_with_limit'litchi_xlsx::raw::worksheet::edit::package::rewrite
0 180
cfn=(4538)
calls=18 0 
0 4218
0 432

fn=(4646) <quick_xml::events::attributes::Attributes as core::iter::traits::iterator::Iterator>::next'litchi_xlsx::raw::worksheet::edit::codec::wire::tag'litchi_xlsx::raw::worksheet::edit::codec::snapshot::scan::Scanner::record_dimension'litchi_xlsx::raw::worksheet::edit::codec::snapshot::scan::scan_with_limit
0 120
cfn=(4648)
calls=12 0 
0 2190
0 342

fn=(13726) <quick_xml::events::attributes::Attributes as core::iter::traits::iterator::Iterator>::next'litchi_xlsx::raw::worksheet::edit::codec::wire::tag'litchi_xlsx::raw::worksheet::edit::codec::snapshot::scan::Scanner::start_row'litchi_xlsx::raw::worksheet::edit::codec::snapshot::scan::scan_with_limit
0 30720
cfn=(13728)
calls=3072 0 
0 492240
0 87552

fn=(4600)
0 120
cfn=(4602)
calls=12 0 
0 2190
0 342

fn=(2936)
0 480
cfn=(2938)
calls=96 0 
0 10440
0 1692

fn=(4162)
0 240
cfn=(4164)
calls=28 0 
0 4380
0 684

fn=(5530)
0 61440
cfn=(5532)
calls=7168 0 
0 984480
0 175104

fn=(5608)
0 122880
cfn=(5610)
calls=14336 0 
0 1968960
0 350208

fn=(13676)
0 30720
cfn=(13678)
calls=3072 0 
0 2459562
0 87552

fn=(13780)
0 7864320
cfn=(13782)
calls=786432 0 
0 252849983
0 22413312

fn=(3072)
0 240
cfn=(3074)
calls=48 0 
0 5220
0 846

fn=(5586)
0 61440
cfn=(5588)
calls=7168 0 
0 984480
0 175104

fn=(5632)
0 430080
cfn=(5634)
calls=50176 0 
0 6891360
0 1225728

fn=(8748)
0 360
cfn=(8750)
calls=36 0 
0 6696
0 1350

fn=(8728)
0 540
cfn=(7692)
calls=54 0 
0 10242
0 1863

fn=(7690)
0 540
cfn=(7692)
calls=54 0 
0 10242
0 1863

fn=(14018)
0 11827380
cfn=(5320)
calls=1182738 0 
0 143571786
0 28399536

fn=(7444)
0 2160
cfn=(7446)
calls=216 0 
0 51582
0 7452

fn=(13824)
0 7864320
cfn=(13826)
calls=786432 0 
0 130523008
0 22413312

fn=(3000)
0 78
cfn=(3004)
calls=12 0 
0 339
0 921

fn=(3008)
0 186
cfn=(3010)
calls=12 0 
0 2292
0 54
cfn=(3010)
calls=36 0 
0 4014
0 324
cfn=(3016)
calls=36 0 
0 1362
0 60
cob=(2)
cfi=(233)
cfn=(3022) __memcmp_avx2_movbe'litchi_ooxml_common::relationships::codec::attribute_value'litchi_xlsx::raw::catalog::WorkbookInfo::process_element'litchi_xlsx::raw::catalog::parse_catalog
calls=12 73 
0 114
0 84
cfn=(3026) quick_xml::name::QName::decompose'litchi_ooxml_common::relationships::codec::attribute_value'litchi_xlsx::raw::catalog::WorkbookInfo::process_element'litchi_xlsx::raw::catalog::parse_catalog
calls=12 0 
0 420
0 36
cfn=(3032)
calls=12 0 
0 462
0 72
cob=(2)
cfi=(233)
cfn=(3022)
calls=12 73 
0 174
0 60
cfn=(3036)
calls=12 0 
0 1110
0 84
cfn=(3044)
calls=12 0 
0 6
0 18
cfn=(3046)
calls=12 0 
0 1102
0 42
cob=(2)
cfi=(203)
cfn=(3052) __memcpy_avx_unaligned_erms'litchi_ooxml_common::relationships::codec::attribute_value'litchi_xlsx::raw::catalog::WorkbookInfo::process_element'litchi_xlsx::raw::catalog::parse_catalog
calls=12 255 
0 90
0 84
cfn=(3054)
calls=12 0 
0 210
0 126

fn=(7450)
0 1152
cfn=(7452)
calls=96 0 
0 6588
0 1212

fn=(5422)
0 9455832
cfn=(5424)
calls=787986 0 
0 30747534
0 9455832

fn=(5456)
0 9455760
cfn=(5458)
calls=787980 0 
0 30747060
0 9455760

fn=(8758)
0 180
cfn=(8760)
calls=15 0 
0 1350
0 180

fn=(14134)
0 180
cfn=(8760)
calls=15 0 
0 1350
0 180

fn=(13756)
0 18432
cfn=(13758)
calls=1536 0 
0 59904
0 18432

fn=(3026)
0 72
cfn=(3028)
calls=12 0 
0 246
0 102

fn=(14274)
0 54
cfn=(8412)
calls=3 0 
0 3
0 9
cfn=(8414)
calls=3 0 
0 120
0 57
cfn=(8416)
calls=3 0 
0 402
0 60
cfn=(14276)
calls=3 0 
0 6
0 6
cfn=(14276)
calls=3 0 
0 6
0 90
cfn=(8420)
calls=6 0 
0 918
0 192
cob=(2)
cfi=(233)
cfn=(8422) __memcmp_avx2_movbe'litchi_xlsx::workbook::package::validate_sheet_graph'litchi_xlsx::workbook::model::Workbook::from_package_with_styles'litchi_xlsx::workbook::edit::semantic::transaction::Edit::commit
calls=6 73 
0 114
0 42
cfn=(8424)
calls=6 0 
0 33509
0 114
cfn=(8426)
calls=6 0 
0 1956
0 102
cob=(2)
cfi=(233)
cfn=(8422)
calls=6 73 
0 174
0 24
cfn=(14280)
calls=6 0 
0 12
0 18
cfn=(8432)
calls=6 0 
0 510
0 42
cfn=(8432)
calls=6 0 
0 510
0 48
cfn=(8434)
calls=6 0 
0 1926
0 144
cfn=(8436)
calls=6 0 
0 210
0 57
cfn=(14278) <litchi_opc::part::XmlPart as litchi_opc::part::Part>::content_type'litchi_xlsx::workbook::package::validate_sheet_graph'litchi_xlsx::workbook::model::Workbook::from_package_with_styles'litchi_xlsx::workbook::edit::semantic::transaction::Edit::commit
calls=6 0 
0 18
0 66
cob=(2)
cfi=(233)
cfn=(8422)
calls=6 73 
0 174
0 183
cfn=(8436)
calls=6 0 
0 210
0 39
cfn=(8436)
calls=3 0 
0 105
0 27

fn=(14304)
0 36

fn=(4632)
0 2010

fn=(4196)
0 4020

fn=(13638)
0 147054
cfn=(4370)
calls=6 0 
0 6
0 18
cfn=(4372)
calls=6 0 
0 2745
0 177249
cfn=(4370)
calls=555 0 
0 555
0 1665
cfn=(4372)
calls=555 0 
0 166098
0 24420
cob=(2)
cfi=(203)
cfn=(4416) __memcpy_avx_unaligned_erms'alloc::collections::btree::map::entry::VacantEntry<K,V,A>::insert_entry'alloc::collections::btree::map::BTreeMap<K,V,A>::insert'litchi_xlsx::workbook::edit::semantic::transaction::Edit::commit
calls=555 255 
0 6660
0 3330
cob=(2)
cfi=(203)
cfn=(4416)
calls=555 255 
0 39493
0 104574
cfn=(4370)
calls=78 0 
0 78
0 234
cfn=(4372)
calls=78 0 
0 28417
0 3042
cob=(2)
cfi=(203)
cfn=(4416)
calls=78 255 
0 936
0 546
cob=(2)
cfi=(203)
cfn=(4416)
calls=78 255 
0 5462
0 2496
cob=(2)
cfi=(203)
cfn=(4416)
calls=78 255 
0 936
0 12906
cfn=(4370)
calls=18 0 
0 18
0 54
cfn=(4372)
calls=18 0 
0 6933
0 54840

fn=(4988)
0 111729
cfn=(4990)
calls=1536 0 
0 1536
0 4608
cfn=(4992)
calls=1536 0 
0 536460
0 245568

fn=(4700)
0 144

fn=(13540)
0 36

fn=(13558)
0 60
cfn=(13560)
calls=3 0 
0 3
0 9
cfn=(13562)
calls=3 0 
0 108
0 24
cob=(2)
cfi=(203)
cfn=(13564) __memcpy_avx_unaligned_erms'litchi_xlsx::workbook::edit::package::active_tab_at'litchi_xlsx::workbook::edit::semantic::transaction::Edit::commit'litchi_perf_baseline::run_xlsx_update_commit
calls=3 255 
0 45
0 30

fn=(13568)
0 60
cfn=(3992)
calls=3 0 
0 3
0 9
cfn=(3994)
calls=3 0 
0 511
0 24
cob=(2)
cfi=(203)
cfn=(3998) __memcpy_avx_unaligned_erms'litchi_xlsx::workbook::edit::package::active_tab_at'litchi_xlsx::workbook::edit::semantic::transaction::Edit::commit::{{closure}}'litchi_xlsx::workbook::edit::semantic::transaction::Edit::commit
calls=3 255 
0 45
0 30

fn=(5786)
0 2752752

fn=(4220)
0 2752752

fn=(13604)
0 282
cfn=(13606)
calls=6 0 
0 1230
0 156
cfn=(13608)
calls=6 0 
0 114
0 96
cfn=(13608)
calls=6 0 
0 114
0 516

fn=(13624)
0 35397
cfn=(4352)
calls=3933 0 
0 3933
0 11799
cfn=(4354)
calls=3933 0 
0 679085
0 27531
cob=(2)
cfi=(203)
cfn=(4360) __memcpy_avx_unaligned_erms'<alloc::boxed::Box<str> as core::clone::Clone>::clone'litchi_xlsx::workbook::edit::model::State::after'litchi_xlsx::workbook::edit::semantic::transaction::Edit::commit
calls=3933 255 
0 59016
0 23598

fn=(5904)
0 70794
cfn=(5906)
calls=7866 0 
0 7866
0 23598
cfn=(5908)
calls=7866 0 
0 980521
0 55062
cob=(2)
cfi=(203)
cfn=(5912) __memcpy_avx_unaligned_erms'<alloc::boxed::Box<str> as core::clone::Clone>::clone'<litchi_xlsx::cell::Cell as core::clone::Clone>::clone'litchi_xlsx::workbook::edit::model::State::read
calls=7866 255 
0 118032
0 47196

fn=(4718)
0 78

fn=(13874)
0 96

fn=(13898)
0 43263
cfn=(13900)
calls=3933 0 
0 3933
0 11799
cfn=(13902)
calls=3933 0 
0 143874
0 35397
cfn=(13900)
calls=3933 0 
0 3933
0 15732
cfn=(13902)
calls=3933 0 
0 158103
0 43263
cfn=(13906)
calls=3933 0 
0 270801
0 19665
cfn=(13908)
calls=3933 0 
0 129063
0 189012
cfn=(13900)
calls=3933 0 
0 3933
0 15732
cfn=(13902)
calls=3933 0 
0 147310
0 27531
cob=(2)
cfi=(203)
cfn=(13910) __memcpy_avx_unaligned_erms'litchi_sheet::Cell::a1'litchi_xlsx::raw::worksheet::edit::codec::snapshot::write::sheet_data::write_sheet_data'litchi_xlsx::raw::worksheet::edit::package::rewrite
calls=3933 255 
0 70512
0 39330
cob=(2)
cfi=(203)
cfn=(13910)
calls=3933 255 
0 70512
0 23598
cfn=(13912)
calls=3933 0 
0 137655
0 39330
cfn=(13912)
calls=3933 0 
0 139840
0 43263

fn=(13936)
0 141588
cfn=(13938)
calls=3933 0 
0 581400
0 31464
cfn=(13946)
calls=3933 0 
0 1349463
0 27531
cfn=(13954)
calls=3933 0 
0 139725
0 39330

fn=(14012)
0 24009486
cob=(2)
cfi=(203)
cfn=(5290) __memcpy_avx_unaligned_erms'quick_xml::writer::Writer<W>::write_event'litchi_xlsx::raw::compact::changed_worksheet'litchi_xlsx::workbook::edit::semantic::transaction::Edit::commit
calls=393216 255 
0 5900484
0 24421188
cob=(2)
cfi=(203)
cfn=(5290)
calls=787980 255 
0 12610716
0 10243908
cob=(2)
cfi=(203)
cfn=(5290)
calls=6 255 
0 72
0 13781292

fn=(5402) quick_xml::writer::Writer<W>::write_event'litchi_xlsx::raw::compact::write_start'litchi_xlsx::raw::compact::changed_worksheet'litchi_xlsx::workbook::edit::semantic::transaction::Edit::commit
0 18123816
cob=(2)
cfi=(203)
cfn=(5404) __memcpy_avx_unaligned_erms'quick_xml::writer::Writer<W>::write_event'litchi_xlsx::raw::compact::write_start'litchi_xlsx::raw::compact::changed_worksheet
calls=6 255 
0 66
0 72
cob=(2)
cfi=(203)
cfn=(5404)
calls=6 255 
0 108
0 54
cfn=(5406)
calls=6 0 
0 325
0 14971632
cob=(2)
cfi=(203)
cfn=(5404)
calls=787980 255 
0 11423442
0 13793490
cfn=(5406)
calls=394758 0 
0 13816810
0 9455826

fn=(14026)
0 14971734
cfn=(5346)
calls=787986 0 
0 29877612
0 26003538
cfn=(5348)
calls=787986 0 
0 161299806
0 1184292
cfn=(5348)
calls=394764 0 
0 22501548
0 9861390
cfn=(5356)
calls=394764 0 
0 220293289
0 4337778
cfn=(5396)
calls=394764 0 
0 13816740
0 12607776
cfn=(5402)
calls=787986 0 
0 81585641
0 8667846

fn=(13850)
0 5898240
cfn=(13852)
calls=393216 0 
0 34359897
0 5111808

fn=(5730)
0 11796480
cfn=(5732)
calls=917504 0 
0 69060279
0 10223616

fn=(5444)
0 5898240
cfn=(5446)
calls=393216 0 
0 34700382
0 5111808

fn=(5726)
0 8650752

fn=(5800)
0 23986176
cfn=(5804) litchi_xlsx::raw::worksheet::semantic::parse_value'litchi_xlsx::raw::worksheet::semantic::materialize'litchi_xlsx::raw::worksheet::codec::<impl litchi_xlsx::raw::worksheet::model::Parser>::parse'litchi_xlsx::raw::worksheet::parse
calls=393216 0 
0 165155679
0 23592960
cfn=(5842)
calls=393216 0 
0 13822705
0 9437184
cfn=(5840)
calls=393216 0 
0 5111808
0 3538944

fn=(12780)
0 23986176
cfn=(5804)
calls=655360 0 
0 165128749
0 23592960
cfn=(5842)
calls=655360 0 
0 13800165
0 9437184
cfn=(5840)
calls=655360 0 
0 5111808
0 3538944

fn=(5808) core::str::<impl str>::trim_matches'litchi_xlsx::raw::worksheet::semantic::parse_value'litchi_xlsx::raw::worksheet::semantic::materialize'litchi_xlsx::raw::worksheet::codec::<impl litchi_xlsx::raw::worksheet::model::Parser>::parse
0 40107012

fn=(5828)
0 40107012

fn=(6890)
0 21
cfn=(6892)
calls=3 0 
0 13293
0 24
cfn=(14100) <litchi_opc::part::XmlPart as litchi_opc::part::Part>::content_type'litchi_xlsx::chain::package::main_workbook_uri'litchi_xlsx::chain::package::validate_package'litchi_xlsx::workbook::edit::codec::calculation_chain_removal
calls=3 0 
0 9
0 33
cob=(2)
cfi=(233)
cfn=(6914) __memcmp_avx2_movbe'litchi_xlsx::chain::package::main_workbook_uri'litchi_xlsx::chain::package::validate_package'litchi_xlsx::workbook::edit::codec::calculation_chain_removal
calls=3 73 
0 87
0 15
cfn=(14102)
calls=3 0 
0 6
0 9
cfn=(6918)
calls=3 0 
0 255
0 18

fn=(8616)
0 54
cfn=(8618)
calls=3 0 
0 111193
0 63
cob=(2)
cfi=(203)
cfn=(8656) __memcpy_avx_unaligned_erms'litchi_xlsx::calculation_properties::codec::inspect_with_policy'litchi_xlsx::calculation_properties::snapshot::Snapshot::load_with_limits'litchi_xlsx::workbook::model::Workbook::calculation_metadata
calls=3 255 
0 90
0 39
cfn=(8658) <litchi_ooxml_common::mce::model::Capabilities as core::default::Default>::default'litchi_xlsx::calculation_properties::codec::inspect_with_policy'litchi_xlsx::calculation_properties::snapshot::Snapshot::load_with_limits'litchi_xlsx::workbook::model::Workbook::calculation_metadata
calls=3 0 
0 50610
0 12
cfn=(8662)
calls=3 0 
0 1584
0 30
cfn=(8666)
calls=3 0 
0 3
0 12
cfn=(8668)
calls=3 0 
0 120
0 21
cob=(2)
cfi=(203)
cfn=(8656)
calls=3 255 
0 66
0 27
cfn=(8672)
calls=3 0 
0 1263
0 12
cfn=(8662)
calls=3 0 
0 1374
0 30
cfn=(8666)
calls=3 0 
0 3
0 12
cfn=(8668)
calls=3 0 
0 120
0 21
cob=(2)
cfi=(203)
cfn=(8656)
calls=3 255 
0 36
0 18
cfn=(8666)
calls=3 0 
0 3
0 9
cfn=(8668)
calls=3 0 
0 108
0 39
cfn=(8676)
calls=3 0 
0 2091
0 15
cfn=(8662)
calls=3 0 
0 1122
0 30
cfn=(8666)
calls=3 0 
0 3
0 12
cfn=(8668)
calls=3 0 
0 120
0 21
cob=(2)
cfi=(203)
cfn=(8656)
calls=3 255 
0 36
0 12
cfn=(8666)
calls=3 0 
0 3
0 9
cfn=(8668)
calls=3 0 
0 108
0 39
cfn=(8676)
calls=3 0 
0 1491
0 45
cfn=(8680)
calls=3 0 
0 27186
0 102
cfn=(8684)
calls=3 0 
0 4422
0 387
cfn=(8738)
calls=15 0 
0 375
0 75
cfn=(8690)
calls=15 0 
0 8355
0 48
cfn=(8690)
calls=12 0 
0 8045
0 108
cfn=(8698)
calls=27 0 
0 17222
0 324
cfn=(8700)
calls=27 0 
0 3169
0 81
cfn=(8708)
calls=27 0 
0 486
0 351
cfn=(8666)
calls=27 0 
0 27
0 135
cfn=(8668)
calls=27 0 
0 1080
0 189
cob=(2)
cfi=(203)
cfn=(8656)
calls=27 255 
0 762
0 594
cfn=(8666)
calls=27 0 
0 27
0 108
cfn=(8668)
calls=27 0 
0 1080
0 1824
cfn=(8710)
calls=27 0 
0 3777
0 609
cfn=(8726)
calls=9 0 
0 9801
0 153
cfn=(8730)
calls=9 0 
0 546
0 90
cfn=(8726)
calls=6 0 
0 4302
0 102
cfn=(8730)
calls=6 0 
0 414
0 108
cob=(2)
cfi=(233)
cfn=(8734) __memcmp_avx2_movbe'litchi_xlsx::calculation_properties::codec::inspect_with_policy'litchi_xlsx::calculation_properties::snapshot::Snapshot::load_with_limits'litchi_xlsx::workbook::model::Workbook::calculation_metadata
calls=6 73 
0 102
0 303
cob=(2)
cfi=(233)
cfn=(8734)
calls=9 73 
0 153
0 255
cfn=(8712)
calls=9 0 
0 315
0 174
cfn=(8736) litchi_xlsx::calculation_properties::codec::validate_core_order'litchi_xlsx::calculation_properties::codec::inspect_with_policy'litchi_xlsx::calculation_properties::snapshot::Snapshot::load_with_limits'litchi_xlsx::workbook::model::Workbook::calculation_metadata
calls=3 0 
0 105
0 213
cfn=(8744)
calls=3 0 
0 24096
0 408
cfn=(8712)
calls=9 0 
0 315
0 93
cfn=(8736)
calls=3 0 
0 114
0 69
cfn=(8712)
calls=6 0 
0 210
0 303
cfn=(8712)
calls=24 0 
0 840
0 168
cfn=(8712)
calls=24 0 
0 840
0 246
cfn=(8808)
calls=3 0 
0 12
0 15
cfn=(8810) core::ptr::drop_in_place<quick_xml::name::NamespaceResolver>'litchi_xlsx::calculation_properties::codec::inspect_with_policy'litchi_xlsx::calculation_properties::snapshot::Snapshot::load_with_limits'litchi_xlsx::workbook::model::Workbook::calculation_metadata
calls=3 0 
0 258
0 42
cfn=(8814)
calls=3 0 
0 57
0 6
cfn=(8816)
calls=3 0 
0 852
0 21
cob=(2)
cfi=(203)
cfn=(8656)
calls=3 255 
0 159
0 78
cfn=(8820)
calls=3 0 
0 3111
0 6
cfn=(8820)
calls=3 0 
0 804
0 3

fn=(14126)
0 54
cfn=(7350)
calls=3 0 
0 127172
0 63
cob=(2)
cfi=(203)
cfn=(7556) __memcpy_avx_unaligned_erms'litchi_xlsx::calculation_properties::codec::inspect_with_policy'litchi_xlsx::raw::recalc::invalidate'litchi_xlsx::workbook::edit::semantic::transaction::Edit::commit
calls=3 255 
0 90
0 39
cfn=(7560) <litchi_ooxml_common::mce::model::Capabilities as core::default::Default>::default'litchi_xlsx::calculation_properties::codec::inspect_with_policy'litchi_xlsx::raw::recalc::invalidate'litchi_xlsx::workbook::edit::semantic::transaction::Edit::commit
calls=3 0 
0 50578
0 12
cfn=(7580)
calls=3 0 
0 1584
0 30
cfn=(7586)
calls=3 0 
0 3
0 12
cfn=(7588)
calls=3 0 
0 120
0 21
cob=(2)
cfi=(203)
cfn=(7556)
calls=3 255 
0 66
0 27
cfn=(7594)
calls=3 0 
0 1290
0 12
cfn=(7580)
calls=3 0 
0 1374
0 30
cfn=(7586)
calls=3 0 
0 3
0 12
cfn=(7588)
calls=3 0 
0 120
0 21
cob=(2)
cfi=(203)
cfn=(7556)
calls=3 255 
0 36
0 18
cfn=(7586)
calls=3 0 
0 3
0 9
cfn=(7588)
calls=3 0 
0 108
0 39
cfn=(7602)
calls=3 0 
0 2091
0 15
cfn=(7580)
calls=3 0 
0 1122
0 30
cfn=(7586)
calls=3 0 
0 3
0 12
cfn=(7588)
calls=3 0 
0 120
0 21
cob=(2)
cfi=(203)
cfn=(7556)
calls=3 255 
0 36
0 12
cfn=(7586)
calls=3 0 
0 3
0 9
cfn=(7588)
calls=3 0 
0 108
0 39
cfn=(7602)
calls=3 0 
0 1491
0 45
cfn=(7614)
calls=3 0 
0 27186
0 102
cfn=(7618)
calls=3 0 
0 3524
0 387
cfn=(7706)
calls=15 0 
0 375
0 75
cfn=(7628)
calls=15 0 
0 8363
0 48
cfn=(7628)
calls=12 0 
0 7716
0 108
cfn=(7640)
calls=27 0 
0 17672
0 324
cfn=(7642)
calls=27 0 
0 2697
0 81
cfn=(7652)
calls=27 0 
0 486
0 351
cfn=(7586)
calls=27 0 
0 27
0 135
cfn=(7588)
calls=27 0 
0 1342
0 189
cob=(2)
cfi=(203)
cfn=(7556)
calls=27 255 
0 762
0 594
cfn=(7586)
calls=27 0 
0 27
0 108
cfn=(7588)
calls=27 0 
0 1080
0 1824
cfn=(7654)
calls=27 0 
0 3777
0 609
cfn=(7688)
calls=9 0 
0 9801
0 153
cfn=(7696)
calls=9 0 
0 546
0 90
cfn=(7688)
calls=6 0 
0 4302
0 102
cfn=(7696)
calls=6 0 
0 414
0 108
cob=(2)
cfi=(233)
cfn=(7700) __memcmp_avx2_movbe'litchi_xlsx::calculation_properties::codec::inspect_with_policy'litchi_xlsx::raw::recalc::invalidate'litchi_xlsx::workbook::edit::semantic::transaction::Edit::commit
calls=6 73 
0 102
0 303
cob=(2)
cfi=(233)
cfn=(7700)
calls=9 73 
0 153
0 255
cfn=(7656)
calls=9 0 
0 315
0 174
cfn=(7704) litchi_xlsx::calculation_properties::codec::validate_core_order'litchi_xlsx::calculation_properties::codec::inspect_with_policy'litchi_xlsx::raw::recalc::invalidate'litchi_xlsx::workbook::edit::semantic::transaction::Edit::commit
calls=3 0 
0 105
0 213
cfn=(14128)
calls=3 0 
0 23343
0 408
cfn=(7656)
calls=9 0 
0 315
0 93
cfn=(7704)
calls=3 0 
0 114
0 69
cfn=(7656)
calls=6 0 
0 210
0 303
cfn=(7656)
calls=24 0 
0 840
0 168
cfn=(7656)
calls=24 0 
0 840
0 246
cfn=(7714)
calls=3 0 
0 12
0 15
cfn=(7716) core::ptr::drop_in_place<quick_xml::name::NamespaceResolver>'litchi_xlsx::calculation_properties::codec::inspect_with_policy'litchi_xlsx::raw::recalc::invalidate'litchi_xlsx::workbook::edit::semantic::transaction::Edit::commit
calls=3 0 
0 258
0 42
cfn=(7724)
calls=3 0 
0 57
0 6
cfn=(7726)
calls=3 0 
0 874
0 21
cob=(2)
cfi=(203)
cfn=(7556)
calls=3 255 
0 159
0 78
cfn=(7732)
calls=3 0 
0 3226
0 6
cfn=(7732)
calls=3 0 
0 804
0 3

fn=(8798)
0 156

fn=(14144)
0 156

fn=(14260)
0 108

fn=(1752)
cfn=(1756)
calls=0 0 
0 11908886205

fn=(5738)
0 22020096
cfn=(5740)
calls=917504 0 
0 54375301
0 9437184

fn=(2592)
0 6150

fn=(3268)
0 132
cfn=(3270)
calls=12 0 
0 390
0 1428
cfn=(3272)
calls=12 0 
0 1032
0 480
cfn=(3274)
calls=12 0 
0 6357
0 282
cfn=(3272)
calls=36 0 
0 1854
0 24
cfn=(3272)
calls=24 0 
0 1404
0 282
cfn=(3280)
calls=12 0 
0 630
0 144
cfn=(3282)
calls=12 0 
0 1500
0 60
cfn=(3284)
calls=12 0 
0 210
0 48
cfn=(3286)
calls=12 0 
0 14994
0 36
cfn=(3284)
calls=12 0 
0 440
0 6

fn=(3340)
0 591
cfn=(3342)
calls=6 0 
0 333
0 240
cfn=(3344)
calls=6 0 
0 1992
0 114
cfn=(3342)
calls=12 0 
0 393
0 12
cfn=(3342)
calls=12 0 
0 540
0 111
cfn=(3346)
calls=6 0 
0 315
0 63
cfn=(3348)
calls=6 0 
0 639
0 30
cfn=(3350)
calls=6 0 
0 105
0 24
cfn=(3352)
calls=6 0 
0 4866
0 18
cfn=(3350)
calls=6 0 
0 105
0 3

fn=(6900)
0 816
cfn=(2494)
calls=3 0 
0 285
0 123
cfn=(2500)
calls=3 0 
0 1779
0 114
cfn=(2494)
calls=6 0 
0 423
0 12
cfn=(2494)
calls=6 0 
0 651
0 111
cfn=(2542)
calls=3 0 
0 315
0 63
cfn=(2558)
calls=3 0 
0 639
0 30
cfn=(2570)
calls=3 0 
0 105
0 24
cfn=(2576)
calls=3 0 
0 5376
0 18
cfn=(2570)
calls=3 0 
0 105
0 3

fn=(8594)
0 816
cfn=(2494)
calls=3 0 
0 285
0 123
cfn=(2500)
calls=3 0 
0 2028
0 114
cfn=(2494)
calls=6 0 
0 423
0 12
cfn=(2494)
calls=6 0 
0 651
0 111
cfn=(2542)
calls=3 0 
0 315
0 63
cfn=(2558)
calls=3 0 
0 1258
0 30
cfn=(2570)
calls=3 0 
0 105
0 24
cfn=(2576)
calls=3 0 
0 5376
0 18
cfn=(2570)
calls=3 0 
0 105
0 3

fn=(2492)
0 816
cfn=(2494)
calls=6 0 
0 285
0 123
cfn=(2500)
calls=6 0 
0 2488
0 114
cfn=(2494)
calls=12 0 
0 423
0 12
cfn=(2494)
calls=12 0 
0 651
0 111
cfn=(2542)
calls=6 0 
0 315
0 63
cfn=(2558)
calls=6 0 
0 1088
0 30
cfn=(2570)
calls=6 0 
0 105
0 24
cfn=(2576)
calls=6 0 
0 5376
0 18
cfn=(2570)
calls=6 0 
0 105
0 3

fn=(3116)
0 162
cfn=(3118)
calls=12 0 
0 462
0 54

fn=(3416)
0 162
cfn=(3118)
calls=12 0 
0 706
0 54

fn=(8688)
0 243
cfn=(7626)
calls=9 0 
0 3459
0 81

fn=(7624)
0 243
cfn=(7626)
calls=9 0 
0 2561
0 81

fn=(4454)
0 486
cfn=(4456)
calls=18 0 
0 7338
0 162

fn=(4084)
0 972
cfn=(4086)
calls=42 0 
0 10012
0 324

fn=(5260)
0 486
cfn=(5262)
calls=18 0 
0 5105
0 162

fn=(7358)
0 486
cfn=(7360)
calls=18 0 
0 5188
0 162

fn=(2708)
0 243
cfn=(2710)
calls=18 0 
0 2382
0 81

fn=(2882)
0 1458
cfn=(2884)
calls=62 0 
0 25074
0 486

fn=(5384)
0 9904842
cfn=(5386)
calls=366846 0 
0 38155037
0 3301614

fn=(7490)
0 162
cfn=(7492)
calls=6 0 
0 914
0 54

fn=(7670)
0 324
cfn=(2858)
calls=12 0 
0 1417
0 108

fn=(4484)
0 486
cfn=(2858)
calls=18 0 
0 5637
0 162

fn=(4116)
0 972
cfn=(2858)
calls=42 0 
0 7314
0 324

fn=(5304)
0 486
cfn=(2858)
calls=18 0 
0 3057
0 162

fn=(7424)
0 324
cfn=(2858)
calls=12 0 
0 1086
0 108

fn=(2856)
0 162
cfn=(2858)
calls=12 0 
0 1107
0 54

fn=(5322)
0 12632256
cfn=(2942)
calls=394758 0 
0 41449590
0 8684676

fn=(7448)
0 4728
cob=(2)
cfi=(233)
cfn=(2990) __memcmp_avx2_movbe'quick_xml::events::attributes::IterState::check_for_duplicates'quick_xml::events::attributes::IterState::next'<quick_xml::events::attributes::Attributes as core::iter::traits::iterator::Iterator>::next
calls=18 73 
0 396
0 456
cfn=(2942)
calls=30 0 
0 5676
0 2478

fn=(13828)
0 12582912
cfn=(2942)
calls=393216 0 
0 41318272
0 8650752

fn=(5662)
0 25165824
cfn=(2942)
calls=917504 0 
0 82575360
0 17301504

fn=(8756)
0 1836
cob=(2)
cfi=(233)
cfn=(2990)
calls=6 73 
0 132
0 174
cfn=(2942)
calls=12 0 
0 3632
0 624

fn=(13754)
0 49152
cfn=(2942)
calls=1536 0 
0 161280
0 33792

fn=(3014)
0 864
cob=(2)
cfi=(233)
cfn=(2990)
calls=12 73 
0 132
0 108
cfn=(2942)
calls=12 0 
0 630
0 372

fn=(5352)
0 12632448
cfn=(2942)
calls=394764 0 
0 41450220
0 8684808

fn=(4540)
0 49536
cfn=(2942)
calls=1548 0 
0 162540
0 34056

fn=(2940)
0 11145204
cob=(2)
cfi=(233)
cfn=(2990)
calls=36 73 
0 396
0 2571696
cfn=(2942)
calls=434232 0 
0 169325789
0 9429480

fn=(7694)
0 2160

fn=(2876)
0 31585020

fn=(8650)
0 24
cfn=(7536)
calls=3 0 
0 105
0 24
cfn=(7536)
calls=3 0 
0 105

fn=(7534)
0 24
cfn=(7536)
calls=3 0 
0 105
0 24
cfn=(7536)
calls=3 0 
0 105

fn=(8404)
0 24
cfn=(3208)
calls=3 0 
0 105
0 24
cfn=(3208)
calls=3 0 
0 105

fn=(8810)
0 24
cfn=(8812)
calls=3 0 
0 105
0 24
cfn=(8812)
calls=3 0 
0 105

fn=(7716)
0 24
cfn=(7718)
calls=3 0 
0 105
0 24
cfn=(7718)
calls=3 0 
0 105

fn=(3410)
0 309
cfn=(3412)
calls=12 0 
0 15874
0 78
cfn=(3426)
calls=12 0 
0 1968
0 54
cfn=(12706)
calls=12 0 
0 24
0 36
cfn=(8530)
calls=6 0 
0 1380
0 210
cob=(2)
cfi=(233)
cfn=(8534) __memcmp_avx2_movbe'<core::iter::adapters::map::Map<I,F> as core::iter::traits::iterator::Iterator>::try_fold'alloc::vec::in_place_collect::from_iter_in_place'core::iter::adapters::try_process
calls=6 73 
0 120
0 96
cfn=(3438)
calls=6 0 
0 6
0 18
cfn=(3440)
calls=6 0 
0 240
0 282
cfn=(3438)
calls=12 0 
0 6
0 18
cfn=(3440)
calls=12 0 
0 240
0 42
cob=(2)
cfi=(203)
cfn=(3446) __memcpy_avx_unaligned_erms'<core::iter::adapters::map::Map<I,F> as core::iter::traits::iterator::Iterator>::try_fold'alloc::vec::in_place_collect::from_iter_in_place'core::iter::adapters::try_process
calls=12 255 
0 462
0 96

fn=(14114)
0 60

fn=(13574)
0 120

fn=(5648)
0 61440

fn=(3908)
0 120

fn=(4034)
0 276

fn=(5860)
0 10986
cfn=(4238)
calls=6 0 
0 1230
0 138
cfn=(4248)
calls=6 0 
0 90
0 222
cfn=(4252)
calls=6 0 
0 276
0 120
cfn=(4252)
calls=6 0 
0 276
0 120
cfn=(4252)
calls=6 0 
0 54
0 558
cfn=(5866)
calls=6 0 
0 486
0 22432044
cfn=(5866)
calls=36 0 
0 15313
0 3928038
cfn=(5864)
calls=6 0 
0 6684624
0 36
cfn=(5864)
calls=6 0 
0 12288
0 12

fn=(4234)
0 10986
cfn=(4238)
calls=10 0 
0 1230
0 138
cfn=(4248)
calls=8 0 
0 90
0 222
cfn=(4252)
calls=8 0 
0 276
0 120
cfn=(4252)
calls=8 0 
0 276
0 120
cfn=(4252)
calls=8 0 
0 54
0 558
cfn=(5866)
calls=10 0 
0 486
0 22432044
cfn=(5866)
calls=60 0 
0 15509
0 3928038
cfn=(5864)
calls=10 0 
0 6684624
0 36
cfn=(5864)
calls=10 0 
0 12288
0 12

fn=(13610)
0 19695
cfn=(13612)
calls=3939 0 
0 283618
0 98403
cfn=(13612)
calls=6 0 
0 162
0 78
cfn=(13612)
calls=6 0 
0 162
0 48

fn=(4522)
0 204
cfn=(4524)
calls=12 0 
0 1008
0 228
cfn=(4526)
calls=12 0 
0 12
0 60
cfn=(4528)
calls=12 0 
0 1322
0 96
cob=(2)
cfi=(203)
cfn=(4534) __memcpy_avx_unaligned_erms'litchi_xlsx::raw::worksheet::edit::codec::wire::tag'litchi_xlsx::raw::worksheet::edit::codec::snapshot::scan::scan_with_limit'litchi_xlsx::raw::worksheet::edit::package::rewrite
calls=12 255 
0 156
0 312
cfn=(4536)
calls=12 0 
0 4488
0 6
cfn=(4536)
calls=6 0 
0 342
0 132
cfn=(4524)
calls=6 0 
0 486
0 54
cfn=(4526)
calls=6 0 
0 6
0 24
cfn=(4528)
calls=6 0 
0 1016
0 42
cob=(2)
cfi=(203)
cfn=(4534)
calls=6 255 
0 90
0 30
cfn=(4542)
calls=6 0 
0 3492
0 78
cfn=(4526)
calls=6 0 
0 6
0 18
cfn=(4528)
calls=6 0 
0 240
0 42
cob=(2)
cfi=(203)
cfn=(4534)
calls=6 255 
0 72
0 78
cfn=(4550)
calls=6 0 
0 630
0 168
cfn=(4558)
calls=6 0 
0 210
0 108
cfn=(4564)
calls=12 0 
0 1854
0 96

fn=(4634)
0 102
cfn=(4636)
calls=6 0 
0 612
0 114
cfn=(4638)
calls=6 0 
0 6
0 30
cfn=(4640)
calls=6 0 
0 1082
0 48
cob=(2)
cfi=(203)
cfn=(4644) __memcpy_avx_unaligned_erms'litchi_xlsx::raw::worksheet::edit::codec::wire::tag'litchi_xlsx::raw::worksheet::edit::codec::snapshot::scan::Scanner::record_dimension'litchi_xlsx::raw::worksheet::edit::codec::snapshot::scan::scan_with_limit
calls=6 255 
0 78
0 156
cfn=(4646)
calls=6 0 
0 2310
0 6
cfn=(4646)
calls=6 0 
0 342
0 114
cfn=(4636)
calls=6 0 
0 360
0 54
cfn=(4638)
calls=6 0 
0 6
0 24
cfn=(4640)
calls=6 0 
0 1016
0 42
cob=(2)
cfi=(203)
cfn=(4644)
calls=6 255 
0 108
0 30
cfn=(4650)
calls=6 0 
0 1464
0 78
cfn=(4638)
calls=6 0 
0 6
0 18
cfn=(4640)
calls=6 0 
0 1016
0 42
cob=(2)
cfi=(203)
cfn=(4644)
calls=6 255 
0 78
0 78
cfn=(4654)
calls=6 0 
0 1050
0 150
cfn=(4658)
calls=6 0 
0 210
0 54
cfn=(4662)
calls=6 0 
0 1830
0 48

fn=(13714)
0 26112
cfn=(13716)
calls=1536 0 
0 91014
0 29184
cfn=(13718)
calls=1536 0 
0 1536
0 7680
cfn=(13720)
calls=1536 0 
0 55296
0 12288
cob=(2)
cfi=(203)
cfn=(13724) __memcpy_avx_unaligned_erms'litchi_xlsx::raw::worksheet::edit::codec::wire::tag'litchi_xlsx::raw::worksheet::edit::codec::snapshot::scan::Scanner::start_row'litchi_xlsx::raw::worksheet::edit::codec::snapshot::scan::scan_with_limit
calls=1536 255 
0 27648
0 39936
cfn=(13726)
calls=1536 0 
0 522960
0 1536
cfn=(13726)
calls=1536 0 
0 87552
0 29184
cfn=(13716)
calls=1536 0 
0 59604
0 13824
cfn=(13718)
calls=1536 0 
0 1536
0 6144
cfn=(13720)
calls=1536 0 
0 262715
0 10752
cob=(2)
cfi=(203)
cfn=(13724)
calls=1536 255 
0 24576
0 7680
cfn=(13730)
calls=1536 0 
0 250512
0 19968
cfn=(13718)
calls=1536 0 
0 1536
0 4608
cfn=(13720)
calls=1536 0 
0 262796
0 10752
cob=(2)
cfi=(203)
cfn=(13724)
calls=1536 255 
0 27540
0 19968
cfn=(13734)
calls=1536 0 
0 383568
0 38400
cfn=(13738)
calls=1536 0 
0 53760
0 13824
cfn=(13742)
calls=1536 0 
0 489306
0 12288

fn=(4694)
0 24
cfn=(4698)
calls=6 0 
0 48
0 54

fn=(4786)
0 60
cfn=(4788)
calls=6 0 
0 1482
0 280938

fn=(5678)
0 9437184
cfn=(5680)
calls=917504 0 
0 151623528
0 11010048
cfn=(5688)
calls=917504 0 
0 786432
0 2359296
cfn=(5690)
calls=917504 0 
0 134323993
0 6291456
cob=(2)
cfi=(203)
cfn=(5696) __memcpy_avx_unaligned_erms'litchi_xlsx::raw::worksheet::codec::decode_cell_attribute'litchi_xlsx::raw::worksheet::codec::scan_cell_attributes'litchi_xlsx::raw::worksheet::codec::<impl litchi_xlsx::raw::worksheet::model::Parser>::start_cell
calls=917504 255 
0 11963664
0 14942208

fn=(5708)
0 67129344
cfn=(5710)
calls=917504 0 
0 42749952
0 40737792

fn=(13810) litchi_xlsx::raw::worksheet::validation::parse_a1'litchi_xlsx::raw::worksheet::edit::codec::snapshot::scan::Scanner::cell_address'litchi_xlsx::raw::worksheet::edit::codec::snapshot::scan::Scanner::start_cell'litchi_xlsx::raw::worksheet::edit::codec::snapshot::scan::scan_with_limit
0 33564672
cfn=(13812)
calls=393216 0 
0 21374976
0 20368896

fn=(5804)
0 10223616
cfn=(5808)
calls=917504 0 
0 40107012
0 4718592
cfn=(5812)
calls=917504 0 
0 261865864
0 13369344

fn=(14048)
0 294

fn=(14096)
0 39
cfn=(14098)
calls=3 0 
0 16050
0 24
cfn=(14108)
calls=3 0 
0 894
0 27
cfn=(14110)
calls=3 0 
0 6
0 186
cob=(2)
cfi=(233)
cfn=(14112) __memcmp_avx2_movbe'litchi_xlsx::workbook::edit::codec::calculation_chain_removal'litchi_xlsx::workbook::edit::semantic::transaction::Edit::commit'litchi_perf_baseline::run_xlsx_update_commit
calls=6 73 
0 204
0 69

fn=(8652)
0 69
cfn=(7544)
calls=3 0 
0 434

fn=(7542)
0 69
cfn=(7544)
calls=3 0 
0 456

fn=(8658)
0 3
cfn=(8660)
calls=3 0 
0 50607

fn=(7560)
0 3
cfn=(7562)
calls=3 0 
0 50575

fn=(8664)
0 3765

fn=(7584)
0 3765

fn=(8736)
0 219

fn=(7704)
0 219

fn=(14172)
0 81
cfn=(8076)
calls=3 0 
0 75

fn=(14182)
0 99
cfn=(8106)
calls=3 0 
0 3
0 9
cfn=(8108)
calls=3 0 
0 120
0 57
cob=(2)
cfi=(203)
cfn=(8114) __memcpy_avx_unaligned_erms'<hashbrown::map::HashMap<K,V,S,A> as core::clone::Clone>::clone'<litchi_opc::package::OpcPackage as core::clone::Clone>::clone'litchi_xlsx::workbook::edit::semantic::transaction::Edit::commit
calls=3 255 
0 33
0 147
cfn=(8116)
calls=12 0 
0 1895
0 438
cfn=(8106)
calls=3 0 
0 3
0 9
cfn=(8108)
calls=3 0 
0 260
0 66
cob=(2)
cfi=(203)
cfn=(8114)
calls=3 255 
0 33
0 165
cob=(2)
cfi=(203)
cfn=(8114)
calls=3 255 
0 90
0 48
cfn=(8116)
calls=3 0 
0 255
0 12
cfn=(8116)
calls=3 0 
0 255
0 9
cfn=(8116)
calls=3 0 
0 288
0 9
cfn=(8116)
calls=3 0 
0 261
0 9
cfn=(8116)
calls=3 0 
0 258
0 210
cfn=(8106)
calls=3 0 
0 3
0 9
cfn=(8108)
calls=3 0 
0 120
0 66
cob=(2)
cfi=(203)
cfn=(8114)
calls=3 255 
0 33
0 150
cfn=(8116)
calls=12 0 
0 1306
0 48
cfn=(8128)
calls=12 0 
0 22632
0 363

fn=(14296)
0 75
cob=(2)
cfi=(233)
cfn=(8468) __memcmp_avx2_movbe'litchi_xlsx::workbook::package::same_style_table'litchi_xlsx::workbook::model::Workbook::from_package_with_styles'litchi_xlsx::workbook::edit::semantic::transaction::Edit::commit
calls=3 73 
0 57
0 51
cfn=(8470)
calls=3 0 
0 858
0 27
cfn=(8470)
calls=3 0 
0 858
0 21
cfn=(14298) <litchi_opc::part::XmlPart as litchi_opc::part::Part>::content_type'litchi_xlsx::workbook::package::same_style_table'litchi_xlsx::workbook::model::Workbook::from_package_with_styles'litchi_xlsx::workbook::edit::semantic::transaction::Edit::commit
calls=3 0 
0 9
0 12
cfn=(14298)
calls=3 0 
0 9
0 18
cob=(2)
cfi=(233)
cfn=(8468)
calls=3 73 
0 87
0 12
cfn=(14300)
calls=3 0 
0 12
0 12
cfn=(14300)
calls=3 0 
0 12
0 42

fn=(8550)
0 165
cob=(2)
cfi=(233)
cfn=(8552) __memcmp_avx2_movbe'core::slice::sort::shared::smallsort::insertion_sort_shift_left'core::slice::<impl [T]>::sort_unstable_by'litchi_xlsx::workbook::model::Workbook::from_package_with_styles
calls=3 73 
0 66
0 51

fn=(14352)
0 57

fn=(14278)
0 18

fn=(14100)
0 9

fn=(14298)
0 18

fn=(14328)
0 18

fn=(14290)
0 9

fn=(14240)
0 216

fn=(13522)
0 108

fn=(14266)
0 9

fn=(14106)
0 36

fn=(14270)
0 12

fn=(13580)
0 24

fn=(14330)
0 24

fn=(13672)
0 21504
cfn=(13674)
calls=1536 0 
0 3358963
0 18432
cfn=(13706)
calls=1536 0 
0 82638
0 15360
cfn=(13708)
calls=1536 0 
0 53760
0 29184

fn=(13776)
0 7864320
cfn=(13778)
calls=393216 0 
0 494157172
0 6684672
cfn=(13810)
calls=393216 0 
0 75308544
0 4718592
cfn=(13814)
calls=393216 0 
0 13937475
0 8650752

fn=(14090)
0 54

fn=(13960)
0 74727
cfn=(13962)
calls=3933 0 
0 139840
0 19665

ob=(2)
fl=(166)
fn=(1164)
cfi=(168) ./csu/../sysdeps/nptl/libc_start_call_main.h
cfn=(1202) (below main)'__libc_start_main@@GLIBC_2.34'(below main)'0x0000000000023cc0
calls=0 30 
360 11908886205

fl=(226) ./misc/../sysdeps/unix/sysv/linux/mmap64.c
fn=(5776) mmap'_int_malloc'_int_realloc'realloc
47 1
+3 2
-3 6
+6 2
+5 6
+2 4
-7 5

fn=(3672) mmap'_int_malloc'__libc_malloc2'malloc
47 3
+3 6
-3 18
+6 6
+5 18
+2 12
-7 15

fl=(188) ./malloc/./malloc/morecore.c
fn=(5772) __glibc_morecore'_int_malloc'_int_realloc'realloc
25 1
+1 2
-1 2
+4 1
cfi=(189) ./misc/./misc/sbrk.c
cfn=(5774) sbrk'__glibc_morecore'_int_malloc'_int_realloc
calls=1 +8 
* 37
+1 2
-3 1
+7 2

fn=(1300) __glibc_morecore'_int_malloc'__libc_malloc2'malloc
25 3
+1 6
-1 6
+4 3
cfi=(189)
cfn=(1304) sbrk'__glibc_morecore'_int_malloc'__libc_malloc2
calls=3 +8 
* 111
+1 6
-3 3
+7 6

fl=(235) ./misc/../sysdeps/unix/sysv/linux/setvmaname.c
fn=(5778) __set_vma_name'_int_malloc'_int_realloc'realloc
60 4
-26 5
+36 5

fn=(3676) __set_vma_name'_int_malloc'__libc_malloc2'malloc
60 12
-26 15
+36 15

fl=(219)
fn=(2664)
198 84
+1 168
+5 84
+1 84
+1 42
+1 42
+1 42
+2 42
+1 42
+1 84
341 42
+9 42
+1 42
+31 42
+1 42
+1 42

fn=(3180)
198 3
+1 6
+5 3
+1 3
341 3
+9 3
+1 3
+31 3
+1 3
+1 3

fn=(3252)
198 3
+1 6
+5 3
+1 3
341 3
+9 3
+1 3
+31 3
+1 3
+1 3

fn=(3164)
198 108
+1 216
+5 108
+1 108
+1 72
+1 72
+1 72
+2 24
+1 24
+1 48
+9 12
+1 12
+2 24
+5 48
+1 48
+6 48
+1 48
+12 48
+3 48
+1 48
+12 36
+1 36
+13 36
+1 36
+2 36
+3 24
+3 24
+3 24
+1 24
+1 24
+1 24
+1 24
+1 24
+1 24
-6 24
+1 24
+1 24
+1 24
+1 24
+1 24
+1 48
+3 24
+1 24
+1 24
+1 24
+3 48
-6 12
+1 12
+1 12
+1 12
+3 24
+35 36
+9 36
+1 36
+31 36
+1 36
+1 36

fn=(3952)
198 3
+1 6
+5 3
+1 3
341 3
+9 3
+1 3
+31 3
+1 3
+1 3

fn=(8498)
198 3
+1 6
+5 3
+1 3
341 3
+9 3
+1 3
+31 3
+1 3
+1 3

fl=(168)
fn=(1202)
cob=(7)
cfi=(165)
cfn=(1218)
calls=0 0 
59 11908886205

fl=(233)
fn=(4518)
73 6
+7 6
+1 6
+3 6
+1 6
+1 6
+4 6
+1 6
+2 6
+1 6
337 6
+1 6
+1 6
+1 6
+1 6
+1 12

fn=(8446)
73 6
+7 6
+1 6
+3 6
+1 6
+1 6
+4 6
+1 6
+2 6
+1 6
+3 6
+1 6
+1 6
+3 6
+1 6
+3 6
+1 6
330 6
+1 6
+1 6
+1 6
+1 6
+3 6
+1 6
+1 6
+1 6
+1 6
+1 12

fn=(5522)
73 3938304
+7 3938304
+1 3938304
+3 1575936
+1 1575936
+1 1575936
+4 1575936
+1 1575936
+2 1575936
+1 1575936
337 1575936
+1 1575936
+1 1575936
+1 1575936
+1 1575936
+1 3151872
+59 2362368
+1 2362368
+5 3072
+1 3072
+1 3072
+1 3072
+1 3072
+3 1530
+1 1530
+1 1530
+1 1530
+3 1530
+1 1530
+1 1530
+1 3060
+6 1542
+1 1542
+2 1542
+1 1542
+2 1542
+1 1542
+18 2359296
+1 2359296
+1 2359296
+1 2359296
+2 2359296
+94 1542
+1 1542
+1 1542
+1 1542
+1 1542
+1 1542
+1 1542
+1 1542
+1 1542
+1 1542
+2 1542
+2 1542

fn=(4592)
73 1575966
+7 1575966
+1 1575966
+3 787980
+1 787980
+1 787980
+4 787980
+1 787980
+2 787980
+1 787980
+62 6
+10 6
+1 6
+1 6
+3 12
337 787980
+1 787980
+1 787980
+1 787980
+1 787980
+1 1575960
+59 787986
+1 787986
+5 1554
+1 1554
+1 1554
+1 1554
+1 1554
+3 1506
+1 1506
+1 1506
+1 1506
+3 1506
+1 1506
+1 1500
+1 3000
+6 48
+1 48
+2 48
+1 48
+2 48
+1 48
+18 786432
+1 786432
+1 786432
+1 786432
+2 786432
+94 48
+1 48
+1 48
+1 48
+1 48
+1 48
+1 48
+1 48
+1 48
+1 48
+2 48
+2 48

fn=(2470)
73 27
+7 27
+1 27
401 27
+1 27
+52 27
+1 27
+1 27
+1 27
+2 27

fn=(6894)
73 3
+7 3
+1 3
+3 3
+1 3
+1 3
+4 3
+1 3
+2 3
+1 3
+3 3
+1 3
+1 3
+3 3
+1 3
+3 3
+1 3
330 3
+1 3
+1 3
+1 3
+1 3
+3 3
+1 3
+1 3
+1 3
+1 3
+1 6

fn=(8588)
73 3
+7 3
+1 3
+3 3
+1 3
+1 3
+4 3
+1 3
+2 3
+1 3
+3 3
+1 3
+1 3
+3 3
+1 3
+3 3
+1 3
330 3
+1 3
+1 3
+1 3
+1 3
+3 3
+1 3
+1 3
+1 3
+1 3
+1 6

fn=(8346)
73 3
+7 3
+1 3
+3 3
+1 3
+1 3
+4 3
+1 3
+2 3
+1 3
+3 3
+1 3
+1 3
+3 3
+1 3
+3 3
+1 3
330 3
+1 3
+1 3
+1 3
+1 3
+3 3
+1 3
+1 3
+1 3
+1 3
+1 6

fn=(5506)
73 12
+7 12
+1 12
+3 12
+1 12
+1 12
+4 12
+1 12
+2 12
+1 12
337 12
+1 12
+1 12
+1 12
+1 12
+1 24

fn=(4138)
73 12
+7 12
+1 12
+3 12
+1 12
+1 12
+4 12
+1 12
+2 12
+1 12
337 12
+1 12
+1 12
+1 12
+1 12
+1 24

fn=(7710)
73 12
+7 12
+1 12
401 12
+1 12
+5 12
+1 12
+1 12
+1 12
+1 12
+3 11
+1 11
+1 11
+1 11
+3 11
+1 11
+1 11
+1 22
+6 1
+1 1
+2 1
+1 1
+2 1
+1 1
+2 1
+1 1
+1 1
+1 1
+1 1
+1 1
+1 1
+1 1
+1 1
+2 1
+2 1

fn=(4682)
73 787980
+7 787980
+1 787980
401 787980
+1 787980
+5 1548
+1 1548
+1 1548
+1 1548
+1 1548
+3 1349
+1 1349
+1 1349
+1 1349
+3 1349
+1 1349
+1 1349
+1 2698
+6 199
+1 199
+2 199
+1 199
+2 197
+1 197
+18 786432
+1 786432
+1 786432
+1 786432
+2 786432
+17 2
+1 2
+1 2
+1 2
+1 2
+1 2
+1 2
+2 2
+2 2
+67 197
+1 197
+1 197
+1 197
+1 197
+1 197
+1 197
+1 197
+1 197
+1 197
+2 197
+2 197

fn=(4212)
73 1575960
+7 1575960
+1 1575960
401 1575960
+1 1575960
+5 3096
+1 3096
+1 3096
+1 3096
+1 3096
+3 2728
+1 2728
+1 2728
+1 2728
+3 2728
+1 2728
+1 2728
+1 5456
+6 368
+1 368
+2 368
+1 368
+2 364
+1 364
+18 1572864
+1 1572864
+1 1572864
+1 1572864
+2 1572864
+17 4
+1 4
+1 4
+1 4
+1 4
+1 4
+1 4
+2 4
+2 4
+67 364
+1 364
+1 364
+1 364
+1 364
+1 364
+1 364
+1 364
+1 364
+1 364
+2 364
+2 364

fn=(5450)
73 787980
+7 787980
+1 787980
401 787980
+1 787980
+5 1548
+1 1548
+1 1548
+1 1548
+1 1548
+3 1466
+1 1466
+1 1466
+1 1466
+3 1466
+1 1466
+1 1466
+1 2932
+6 82
+1 82
+2 82
+1 82
+2 78
+1 78
+18 786432
+1 786432
+1 786432
+1 786432
+2 786432
+17 4
+1 4
+1 4
+1 4
+1 4
+1 4
+1 4
+2 4
+2 4
+67 78
+1 78
+1 78
+1 78
+1 78
+1 78
+1 78
+1 78
+1 78
+1 78
+2 78
+2 78

fn=(7522)
73 12
+7 12
+1 12
401 12
+1 12
+5 12
+1 12
+1 12
+1 12
+1 12
+3 12
+1 12
+1 12
+1 12
+3 12
+1 12
+1 12
+1 24

fn=(3194)
73 6
+7 6
+1 6
401 6
+1 6
+5 6
+1 6
+1 6
+1 6
+1 6
+3 6
+1 6
+1 6
+1 6
+3 6
+1 6
+1 6
+1 12

fn=(7468)
73 60
+7 60
+1 60
+3 30
+1 30
+1 30
+4 30
+1 30
+2 30
+1 30
337 30
+1 30
+1 30
+1 30
+1 30
+1 60
+59 30
+1 30
+5 30
+1 30
+1 30
+1 30
+1 30
+3 30
+1 30
+1 30
+1 30
+3 30
+1 30
+1 30
+1 60

fn=(14248)
73 12
+7 12
+1 12
401 12
+1 12
+5 12
+1 12
+1 12
+1 12
+1 12
+3 11
+1 11
+1 11
+1 11
+3 11
+1 11
+1 11
+1 22
+6 1
+1 1
+82 1
+1 1
+1 1
+1 1
+1 1
+4 1
+1 1
+1 1
+1 1
+1 1
+1 1
+2 1
+2 1

fn=(3294)
73 6
+7 6
+1 6
401 6
+1 6
+5 6
+1 6
+1 6
+1 6
+1 6
+3 6
+1 6
+1 6
+1 6
+3 6
+1 6
+1 6
+1 12

fn=(3432)
73 6
+7 6
+1 6
401 6
+1 6
+5 6
+1 6
+1 6
+1 6
+1 6
+3 4
+1 4
+1 4
+1 4
+3 4
+1 4
+1 4
+1 8
+6 2
+1 2
+82 2
+1 2
+1 2
+1 2
+1 2
+4 2
+1 2
+1 2
+1 2
+1 2
+1 2
+2 2
+2 2

fn=(6966)
73 3
+7 3
+1 3
401 3
+1 3
+5 3
+1 3
+1 3
+1 3
+1 3
+3 3
+1 3
+1 3
+1 3
+3 3
+1 3
+1 3
+1 6

fn=(8476)
73 6
+7 6
+1 6
401 6
+1 6
+5 6
+1 6
+1 6
+1 6
+1 6
+3 6
+1 6
+1 6
+1 6
+3 6
+1 6
+1 6
+1 12

fn=(6938)
73 3
+7 3
+1 3
401 3
+1 3
+5 3
+1 3
+1 3
+1 3
+1 3
+3 3
+1 3
+1 3
+1 3
+3 3
+1 3
+1 3
+1 6

fn=(3360)
73 3
+7 3
+1 3
401 3
+1 3
+5 3
+1 3
+1 3
+1 3
+1 3
+3 3
+1 3
+1 3
+1 3
+3 3
+1 3
+1 3
+1 6

fn=(6906)
73 3
+7 3
+1 3
401 3
+1 3
+5 3
+1 3
+1 3
+1 3
+1 3
+3 3
+1 3
+1 3
+1 3
+3 3
+1 3
+1 3
+1 6

fn=(8600)
73 3
+7 3
+1 3
401 3
+1 3
+5 3
+1 3
+1 3
+1 3
+1 3
+3 3
+1 3
+1 3
+1 3
+3 3
+1 3
+1 3
+1 6

fn=(2608)
73 3
+7 3
+1 3
401 3
+1 3
+5 3
+1 3
+1 3
+1 3
+1 3
+3 3
+1 3
+1 3
+1 3
+3 3
+1 3
+1 3
+1 6

fn=(8506)
73 6
+7 6
+1 6
401 6
+1 6
+5 6
+1 6
+1 6
+1 6
+1 6
+3 6
+1 6
+1 6
+1 6
+3 6
+1 6
+1 6
+1 12

fn=(13594)
73 9
+7 9
+1 9
401 9
+1 9
+5 9
+1 9
+1 9
+1 9
+1 9
+3 9
+1 9
+1 9
+1 9
+3 9
+1 9
+1 9
+1 18

fn=(4016)
73 6
+7 6
+1 6
401 6
+1 6
+5 6
+1 6
+1 6
+1 6
+1 6
+3 6
+1 6
+1 6
+1 6
+3 6
+1 6
+1 6
+1 12

fn=(7506)
73 12
+7 12
+1 12
401 12
+1 12
+52 12
+1 12
+1 12
+1 12
+2 12

fn=(3034)
73 6
+7 6
+1 6
401 6
+1 6
+52 6
+1 6
+1 6
+1 6
+2 6

fn=(6952)
73 6
+7 6
+1 6
+3 6
+1 6
+1 6
+4 6
+1 6
+2 6
+1 6
+3 6
+1 6
+1 6
+3 6
+1 6
+72 6
+8 6
+1 6
+1 6
+2 12

fn=(8862)
73 3
+7 3
+1 3
+3 3
+1 3
+1 3
+4 3
+1 3
+2 3
+1 3
+3 3
+1 3
+1 3
+3 3
+1 3
+3 3
+1 3
330 3
+1 3
+1 3
+1 3
+1 3
+3 3
+1 3
+1 3
+1 3
+1 3
+1 6

fn=(8390)
73 9
+7 9
+1 9
+3 9
+1 9
+1 9
+4 9
+1 9
+2 9
+1 9
337 9
+1 9
+1 9
+1 9
+1 9
+1 18

fn=(8682)
73 1125
+7 1125
+1 1125
+3 1125
+1 1125
+1 1125
+4 1125
+1 1125
+2 6
+1 6
+62 1119
+10 1119
+1 1119
+1 1119
+3 2238
337 6
+1 6
+1 6
+1 6
+1 6
+41 6
+1 6
+8 6
+1 6
+1 6
+2 12

fn=(7616)
73 1125
+7 1125
+1 1125
+3 1125
+1 1125
+1 1125
+4 1125
+1 1125
+2 6
+1 6
+62 1119
+10 1119
+1 1119
+1 1119
+3 2238
337 6
+1 6
+1 6
+1 6
+1 6
+41 6
+1 6
+8 6
+1 6
+1 6
+2 12

fn=(4064)
73 23462079
+7 23462079
+1 23462079
+3 23462079
+1 23462079
+1 23462079
+4 23462079
+1 23462079
+2 12
+1 12
+62 23462067
+10 23462067
+1 23462067
+1 23462067
+3 46924134
337 12
+1 12
+1 12
+1 12
+1 12
+41 12
+1 12
+8 12
+1 12
+1 12
+2 24

fn=(2680)
73 1125
+7 1125
+1 1125
+3 1125
+1 1125
+1 1125
+4 1125
+1 1125
+2 6
+1 6
+62 1119
+10 1119
+1 1119
+1 1119
+3 2238
337 6
+1 6
+1 6
+1 6
+1 6
+41 6
+1 6
+8 6
+1 6
+1 6
+2 12

fn=(2928)
73 6
+7 6
+1 6
+3 6
+1 6
+1 6
+4 6
+1 6
+2 6
+1 6
337 6
+1 6
+1 6
+1 6
+1 6
+1 12

fn=(14166)
73 6
+7 6
+1 6
+3 6
+1 6
+1 6
+4 6
+1 6
+2 6
+1 6
+3 6
+1 6
+1 6
+3 6
+1 6
+3 6
+1 6
+3 6
+1 6
+1 6
+1 6
+1 6
+1 6
+1 6
+1 6
+1 6
+1 6
+3 6
+1 6
240 6
+3 6
+2 6
+2 6
+5 6
+1 6
+2 6
+1 6
+2 6
+1 6
+2 6
+1 6
+2 6
+1 6
+1 6
+1 6
+1 6
+1 6
-17 6
+1 6
+2 6
+1 6
+2 6
+1 6
+2 6
+1 6
+2 6
+1 6
+1 6
+1 6
+1 6
+1 6
+1 12
+2 12
+1 12
+2 6
+2 6
+1 6
+2 6
+1 6
+1 6
+3 4
+1 4
+2 4
+1 4
+2 4
+2 4
+1 4
+2 4
+1 4
+1 4
+1 4
+2 4
+1 4
+1 4
+2 8
+8 2
+1 2
+1 2
+1 4
+4 2
+1 2
+1 2
+1 2
+1 2
+1 4

fn=(8612)
73 3
+7 3
+1 3
+3 3
+1 3
+1 3
+4 3
+1 3
+2 3
+1 3
+3 3
+1 3
+1 3
+3 3
+1 3
+3 3
+1 3
330 3
+1 3
+1 3
+1 3
+1 3
+3 3
+1 3
+1 3
+1 3
+1 3
+1 6

fn=(4158)
73 24
+7 24
+1 24
+3 24
+1 24
+1 24
+4 24
+1 24
+2 24
+1 24
337 24
+1 24
+1 24
+1 24
+1 24
+1 48

fn=(5430)
73 787986
+7 787986
+1 787986
+3 787986
+1 787986
+1 787986
+4 787986
+1 787986
+2 787986
+1 787986
337 787986
+1 787986
+1 787986
+1 787986
+1 787986
+1 1575972

fn=(5462)
73 787980
+7 787980
+1 787980
+3 787980
+1 787980
+1 787980
+4 787980
+1 787980
+2 787980
+1 787980
337 787980
+1 787980
+1 787980
+1 787980
+1 787980
+1 1575960

fn=(5926)
73 7863
+7 7863
+1 7863
+75 3794
+10 3794
+1 3794
+1 3794
+3 7588
401 7863
+1 7863
+5 7857
+1 7857
+1 7857
+1 7857
+1 7857
+3 7472
+1 7472
+1 7472
+1 7472
+3 7472
+1 7472
+1 3678
+1 7356
+6 385
+1 385
+2 385
+1 385
+2 385
+1 385
+2 385
+1 385
+1 385
+1 385
+1 385
+1 385
+1 385
+1 385
+1 385
+2 385
+2 252
+4 6
+1 6
+1 6
+1 6
+2 6
+4 133
+1 133
+2 133

fn=(13634)
73 3930
+7 3930
+1 3930
+75 3794
+10 3794
+1 3794
+1 3794
+3 7588
401 3930
+1 3930
+5 3927
+1 3927
+1 3927
+1 3927
+1 3927
+3 3794
+1 3794
+1 3794
+1 3794
+3 3794
+1 3794
+8 133
+1 133
+2 133
+1 133
+2 133
+1 133
+2 133
+1 133
+1 133
+1 133
+1 133
+1 133
+1 133
+1 133
+1 133
+2 133
+6 3
+1 3
+1 3
+1 3
+2 3
+4 133
+1 133
+2 133

fn=(8358)
73 3
+7 3
+1 3
+3 3
+1 3
+1 3
+4 3
+1 3
+2 3
+1 3
+3 3
+1 3
+1 3
+3 3
+1 3
+3 3
+1 3
330 3
+1 3
+1 3
+1 3
+1 3
+3 3
+1 3
+1 3
+1 3
+1 3
+1 6

fn=(3022)
73 12
+7 12
+1 12
+3 6
+1 6
+1 6
+4 6
+1 6
+2 6
+1 6
+3 6
+1 6
+1 6
+3 6
+1 6
+3 6
+1 6
330 6
+1 6
+1 6
+1 6
+1 6
+3 6
+1 6
+1 6
+1 6
+1 6
+1 12
+59 6
+1 6
+5 6
+1 6
+1 6
+1 6
+1 6
+3 6
+1 6
+1 6
+1 6
+3 6
+1 6
+1 6
+1 12

fn=(8422)
73 18
+7 18
+1 18
+3 12
+1 12
+1 12
+4 12
+1 12
+2 12
+1 12
+3 12
+1 12
+1 12
+3 12
+1 12
+3 12
+1 12
330 12
+1 12
+1 12
+1 12
+1 12
+3 12
+1 12
+1 12
+1 12
+1 12
+1 24
+59 6
+1 6
+5 6
+1 6
+1 6
+1 6
+1 6
+3 6
+1 6
+1 6
+1 6
+3 6
+1 6
+1 6
+1 12

fn=(6914)
73 3
+7 3
+1 3
+3 3
+1 3
+1 3
+4 3
+1 3
+2 3
+1 3
+3 3
+1 3
+1 3
+3 3
+1 3
+3 3
+1 3
330 3
+1 3
+1 3
+1 3
+1 3
+3 3
+1 3
+1 3
+1 3
+1 3
+1 6

fn=(8734)
73 15
+7 15
+1 15
+3 15
+1 15
+1 15
+4 15
+1 15
+2 15
+1 15
337 15
+1 15
+1 15
+1 15
+1 15
+1 30

fn=(7700)
73 15
+7 15
+1 15
+3 15
+1 15
+1 15
+4 15
+1 15
+2 15
+1 15
337 15
+1 15
+1 15
+1 15
+1 15
+1 30

fn=(2990)
73 48
+7 48
+1 48
+75 48
+10 48
+1 48
+1 48
+3 96
401 48
+1 48
+5 48
+1 48
+1 48
+1 48
+1 48
+3 48
+1 48
+1 48
+1 48
+3 48
+1 48

fn=(8534)
73 6
+7 6
+1 6
401 6
+1 6
+5 6
+1 6
+1 6
+1 6
+1 6
+3 5
+1 5
+1 5
+1 5
+3 5
+1 5
+1 5
+1 10
+6 1
+1 1
+82 1
+1 1
+1 1
+1 1
+1 1
+4 1
+1 1
+1 1
+1 1
+1 1
+1 1
+2 1
+2 1

fn=(14112)
73 6
+7 6
+1 6
+3 6
+1 6
+1 6
+4 6
+1 6
+2 6
+1 6
+3 6
+1 6
+1 6
+3 6
+1 6
+3 6
+1 6
330 6
+1 6
+1 6
+1 6
+1 6
+3 6
+1 6
+1 6
+1 6
+1 6
+41 6
+1 6
+8 6
+1 6
+1 6
+2 12

fn=(8468)
73 6
+7 6
+1 6
+3 3
+1 3
+1 3
+4 3
+1 3
+2 3
+1 3
+3 3
+1 3
+1 3
+3 3
+1 3
+3 3
+1 3
330 3
+1 3
+1 3
+1 3
+1 3
+3 3
+1 3
+1 3
+1 3
+1 3
+1 6
+59 3
+1 3
+5 3
+1 3
+1 3
+1 3
+1 3
+3 3
+1 3
+1 3
+1 3
+3 3
+1 3
+1 3
+1 6

fn=(8552)
73 3
+7 3
+1 3
+75 3
+10 3
+1 3
+1 3
+3 6
401 3
+1 3
+5 3
+1 3
+1 3
+1 3
+1 3
+3 3
+1 3
+1 3
+1 3
+3 3
+1 3

fn=(2590)
73 42
+7 42
+1 42
401 42
+1 42
+52 42
+1 42
+1 42
+1 42
+2 42

fn=(2496)
73 57
+7 57
+1 57
401 57
+1 57
+52 57
+1 57
+1 57
+1 57
+2 57

fn=(2598)
73 42
+7 42
+1 42
401 42
+1 42
+52 42
+1 42
+1 42
+1 42
+2 42

fn=(4612)
73 6
+7 6
+1 6
401 6
+1 6
+5 6
+1 6
+1 6
+1 6
+1 6
+3 4
+1 4
+1 4
+1 4
+3 4
+1 4
+1 4
+1 8
+6 2
+1 2
+2 2
+1 2
+2 2
+1 2
553 2
+1 2
+1 2
+1 2
+1 2
+1 2
+1 2
+1 2
+1 2
+1 2
+2 2
+2 2

fn=(2964)
73 6
+7 6
+1 6
401 6
+1 6
+5 6
+1 6
+1 6
+1 6
+1 6
+3 6
+1 6
+1 6
+1 6
+3 6
+1 6
+1 6
+1 12

fn=(4174)
73 12
+7 12
+1 12
401 12
+1 12
+5 12
+1 12
+1 12
+1 12
+1 12
+3 12
+1 12
+1 12
+1 12
+3 12
+1 12
+1 12
+1 24

fn=(5542)
73 3072
+7 3072
+1 3072
401 3072
+1 3072
+52 3072
+1 3072
+1 3072
+1 3072
+2 3072

fn=(5620)
73 3072
+7 3072
+1 3072
401 3072
+1 3072
+52 3072
+1 3072
+1 3072
+1 3072
+2 3072

fn=(13688)
73 1536
+7 1536
+1 1536
401 1536
+1 1536
+52 1536
+1 1536
+1 1536
+1 1536
+2 1536

fn=(13792)
73 393216
+7 393216
+1 393216
401 393216
+1 393216
+52 393216
+1 393216
+1 393216
+1 393216
+2 393216

fn=(3084)
73 6
+7 6
+1 6
401 6
+1 6
+5 6
+1 6
+1 6
+1 6
+1 6
+3 6
+1 6
+1 6
+1 6
+3 6
+1 6
+1 6
+1 12

fn=(6942)
73 6
+7 6
+1 6
+3 6
+1 6
+1 6
+4 6
+1 6
+2 6
+1 6
+3 6
+1 6
+1 6
+3 6
+1 6
+3 6
+1 6
330 6
+1 6
+1 6
+1 6
+1 6
+3 6
+1 6
+1 6
+1 6
+1 6
+41 6
+1 6
+8 6
+1 6
+1 6
+2 12

fl=(203)
fn=(1458)
255 8268
+1 8268
+6 8268
+1 8268
+2 5054
+1 5054
+1 5054
+3 57
+1 57
+1 57
+3 114
+30 3214
+1 3214
+36 3214
+1 3214
+1 3214
+1 3214
+2 3214
+28 66
+1 66
+1 66
+1 66
+1 66
+1 66
+1 132
+5 4997
+1 4997
+5 4816
+1 4816
+2 88
+1 88
+1 88
+2 22
+1 22
+1 22
+1 22
+1 22
+1 22
+1 22
+1 22
+1 22
+1 22
+1 22
+1 22
+1 22
+1 22
+1 44
+4 4728
+1 4728
+4 4728
+2 4728
+4 4728
+1 4728
+11 4728
+3 4728
+2 4728
+2 4728
+4 4728
+1 4728
+9 4699
+1 4699
+2 4699
+2 4699
+1 4699
+1 4699
+3 4699
+2 4699
+2 4699
+2 9398
+6 4699
+1 4699
+1 4699
+1 4699
+1 4699
+1 4699
+1 4699
+1 4699
+1 4699
+1 4699
+1 4699
+1 4699
-11 77455
+1 77455
+1 77455
+1 77455
+1 77455
+1 77455
+1 77455
+1 77455
+1 77455
+1 77455
+1 77455
+1 77455
+2 4699
+1 4699
+1 4699
+1 4699
+2 4699
+4 9398
+13 29
+1 29
+2 29
+1 29
+1 29
+2 29
+2 29
+2 58
+6 29
+1 29
+1 29
+1 29
+1 29
+1 29
+1 29
+1 29
+1 29
+1 29
+1 29
+1 29
-11 801
+1 801
+1 801
+1 801
+1 801
+1 801
+1 801
+1 801
+1 801
+1 801
+1 801
+1 801
+2 29
+1 29
+1 29
+1 29
+2 29
+1 58
+9 158
+7 158
+1 158
+6 20
+3 20
+2 20
+3 20
+1 20
+2 20
+2 3120340
+2 20
+2 20
+2 40
+5 181
+1 181
+4 181
+2 181
+3 181
+4 181
+1 181
+4 158
+4 158
+24 138
+2 138
+2 138
+2 138
+3 138
+1 138
+2 20140506
+3 138
+2 138
+2 276
+17 23
+1 23
+1 23
+5 23
+1 23
+1 23
+7 23
+6 23
+2 23
+8 23
+1 23
+2 23
+2 23
+2 23
+2 23
+8 23
+1 23
+1 23
+1 23
+5 23
+1 23
+1 23
+3 23
+2 46
+5 23
+2 46
+1 46
+1 46
+1 46
+2 92
+1 92
+1 23
+2 92
+1 92
+1 23
+1 23
+1 23
-15 12946
+2 25892
+1 25892
+1 25892
+1 25892
+2 51784
+1 51784
+1 12946
+2 51784
+1 51784
+1 12946
+1 12946
+1 12946
-13 804078
+1 804078
+1 804078
+1 804078
+2 1608156
+1 1608156
+1 402039
+2 1608156
+1 1608156
+1 402039
+1 402039
+1 402039
+1 12969
+1 12969
+1 12969
+1 12969
+1 23
+3 23
+1 23
+5 2898
+1 2898
+1 1449
+1 1449
+1 1449
+1 1449
+1 1449
+1 1449
+1 1449
+1 1449
+1 1449
+1 1449
+1 1449
+1 1449
+1 1449
+4 23
+1 23
+1 23
+1 23
+2 23
+1 23
+1 23
+1 23
+1 46

fn=(3124)
255 6
+1 6
+6 6
+1 6
+2 6
+1 6
+1 6
386 6
+1 6
+5 6
+1 6
+2 6
+1 6
+1 6
+2 6
+1 6
+1 6
+1 6
+1 6
+1 6
+1 6
+1 6
+1 6
+1 6
+1 6
+1 6
+1 6
+1 6
+1 12

fn=(3418)
255 6
+1 6
+6 6
+1 6
+2 6
+1 6
+1 6
386 6
+1 6
+5 6
+1 6
+2 6
+1 6
+1 6
+2 6
+1 6
+1 6
+1 6
+1 6
+1 6
+1 6
+1 6
+1 6
+1 6
+1 6
+1 6
+1 6
+1 6
+1 12

fn=(5850)
255 786432
+1 786432
+6 786432
+1 786432
+2 786432
+1 786432
+1 786432
386 786432
+1 786432
+5 786432
+1 786432
+2 786432
+1 786432
+1 786432
+2 786432
+1 786432
+1 786432
+1 786432
+1 786432
+1 786432
+1 786432
+1 786432
+1 786432
+1 786432
+1 786432
+1 786432
+1 786432
+1 786432
+1 1572864

fn=(13654)
255 3933
+1 3933
+6 3933
+1 3933
+2 3933
+1 3933
+1 3933
386 3933
+1 3933
+5 3933
+1 3933
+2 3933
+1 3933
+1 3933
+2 3933
+1 3933
+1 3933
+1 3933
+1 3933
+1 3933
+1 3933
+1 3933
+1 3933
+1 3933
+1 3933
+1 3933
+1 3933
+1 3933
+1 7866

fn=(5762)
255 786432
+1 786432
+6 786432
+1 786432
+2 786432
+1 786432
+1 786432
386 786432
+1 786432
+5 786432
+1 786432
+2 786432
+1 786432
+1 786432
+2 786432
+1 786432
+1 786432
+1 786432
+1 786432
+1 786432
+1 786432
+1 786432
+1 786432
+1 786432
+1 786432
+1 786432
+1 786432
+1 786432
+1 1572864

fn=(13882)
255 392373
+1 392373
+6 392373
+1 392373
+2 6
+1 6
+1 6
+38 392367
+1 392367
+2 3084
+1 3084
+2 1536
+4 1536
+16 1536
+1 1536
+1 1536
+1 1536
+1 1536
+7 389283
+1 389283
+1 389283
+1 389283
+2 389283
+17 1548
+1 1548
+1 1548
+1 1548
+1 1548
+18 6
+1 6
+5 6
+1 6
+2 6
+1 6
+1 6
+2 6
+1 6
+1 6
+1 6
+1 6
+1 6
+1 6
+1 6
+1 6
+1 6
+1 6
+1 6
+1 6
+1 6
+1 12

fn=(5366)
255 394764
+1 394764
+6 394764
+1 394764
+42 394764
+1 394764
+2 394764
+1 394764
+2 394752
+4 394752
+1 394752
+1 394752
+1 394752
+1 394752
+1 1536
+1 1536
+2 1536
+2 1536
-2 393216
+2 393216
+39 12
+1 12
+1 12
+1 12
+1 12

fn=(8854)
255 3
+1 3
+6 3
+1 3
+2 3
+1 3
+1 3
375 3
+1 3
+1 3
+1 3
+1 3
+1 3
+1 6
+5 3
+1 3
+5 3
+1 3
+2 3
+1 3
+1 3

fn=(8874)
255 9
+1 9
+6 9
+1 9
+2 3
+1 3
+1 3
+38 6
+1 6
+2 6
+1 6
+2 3
+4 3
+16 3
+1 3
+1 3
+1 3
+1 3
+29 3
+1 3
+1 3
+1 3
+1 3
+7 3
+1 3
+1 3
+1 3
+1 3
+1 3
+1 6
+5 3
+1 3
+5 3
+1 3
+2 3
+1 3
+1 3

fn=(8382)
255 33
+1 33
+6 33
+1 33
+2 33
+1 33
+1 33
375 6
+1 6
+1 6
+1 6
+1 6
+1 6
+1 12
+5 33
+1 33
+5 33
+1 33
+2 27
+1 27
+1 27
+2 21
+1 21
+1 21
+1 21
+1 21
+1 21
+1 21
+1 21
+1 21
+1 21
+1 21
+1 21
+1 21
+1 21
+1 42
+4 6
+1 6
+4 6
+2 6
+4 6
+1 6
+11 6
+3 6
+2 6
+2 6
+4 6
+1 6
+9 6
+1 6
+2 6
+2 6
+1 6
+1 6
+3 6
+2 6
+2 6
+2 12
+6 6
+1 6
+1 6
+1 6
+1 6
+1 6
+1 6
+1 6
+1 6
+1 6
+1 6
+1 6
-11 18
+1 18
+1 18
+1 18
+1 18
+1 18
+1 18
+1 18
+1 18
+1 18
+1 18
+1 18
+2 6
+1 6
+1 6
+1 6
+2 6
+4 12

fn=(7392)
255 48
+1 48
+6 48
+1 48
+2 30
+1 30
+1 30
+3 18
+1 18
+1 18
+3 36
+30 18
+1 18
+2 18
+1 18
+2 12
+4 12
+16 12
+1 12
+1 12
+1 12
+1 12
+29 6
+1 6
+1 6
+1 6
+1 6
+7 6
+1 6
+1 6
+1 6
+1 6
+1 6
+1 12
+5 12
+1 12
+5 12
+1 12
+2 12
+1 12
+1 12
+2 6
+1 6
+1 6
+1 6
+1 6
+1 6
+1 6
+1 6
+1 6
+1 6
+1 6
+1 6
+1 6
+1 6
+1 12

fn=(2802)
255 24
+1 24
+6 24
+1 24
+2 15
+1 15
+1 15
+3 9
+1 9
+1 9
+3 18
+30 9
+1 9
+2 9
+1 9
+2 6
+4 6
+16 6
+1 6
+1 6
+1 6
+1 6
+29 3
+1 3
+1 3
+1 3
+1 3
+7 3
+1 3
+1 3
+1 3
+1 3
+1 3
+1 6
+5 6
+1 6
+5 6
+1 6
+2 6
+1 6
+1 6
+2 3
+1 3
+1 3
+1 3
+1 3
+1 3
+1 3
+1 3
+1 3
+1 3
+1 3
+1 3
+1 3
+1 3
+1 6

fn=(8706)
255 24
+1 24
+6 24
+1 24
+2 15
+1 15
+1 15
+3 9
+1 9
+1 9
+3 18
+30 9
+1 9
+2 9
+1 9
+2 6
+4 6
+16 6
+1 6
+1 6
+1 6
+1 6
+29 3
+1 3
+1 3
+1 3
+1 3
+7 3
+1 3
+1 3
+1 3
+1 3
+1 3
+1 6
+5 6
+1 6
+5 6
+1 6
+2 6
+1 6
+1 6
+2 3
+1 3
+1 3
+1 3
+1 3
+1 3
+1 3
+1 3
+1 3
+1 3
+1 3
+1 3
+1 3
+1 3
+1 6

fn=(7650)
255 24
+1 24
+6 24
+1 24
+2 15
+1 15
+1 15
+3 9
+1 9
+1 9
+3 18
+30 9
+1 9
+2 9
+1 9
+2 6
+4 6
+16 6
+1 6
+1 6
+1 6
+1 6
+29 3
+1 3
+1 3
+1 3
+1 3
+7 3
+1 3
+1 3
+1 3
+1 3
+1 3
+1 6
+5 6
+1 6
+5 6
+1 6
+2 6
+1 6
+1 6
+2 3
+1 3
+1 3
+1 3
+1 3
+1 3
+1 3
+1 3
+1 3
+1 3
+1 3
+1 3
+1 3
+1 3
+1 6

fn=(13572)
255 39
+1 39
+6 39
+1 39
+2 39
+1 39
+1 39
386 39
+1 39
+5 39
+1 39
+2 21
+1 21
+1 21
+2 21
+1 21
+1 21
+1 21
+1 21
+1 21
+1 21
+1 21
+1 21
+1 21
+1 21
+1 21
+1 21
+1 21
+1 42
+4 18
+1 18
+4 18
+2 18
+4 18
+1 18
+11 18
+3 18
+2 18
+2 18
+4 18
+1 18
+9 18
+1 18
+2 18
+2 18
+1 18
+1 18
+3 18
+2 18
+2 18
+2 36
+6 18
+1 18
+1 18
+1 18
+1 18
+1 18
+1 18
+1 18
+1 18
+1 18
+1 18
+1 18
-11 27
+1 27
+1 27
+1 27
+1 27
+1 27
+1 27
+1 27
+1 27
+1 27
+1 27
+1 27
+2 18
+1 18
+1 18
+1 18
+2 18
+4 36

fn=(4294)
255 12
+1 12
+6 12
+1 12
+2 12
+1 12
+1 12
386 12
+1 12
+5 12
+1 12
+2 12
+1 12
+1 12
+2 12
+1 12
+1 12
+1 12
+1 12
+1 12
+1 12
+1 12
+1 12
+1 12
+1 12
+1 12
+1 12
+1 12
+1 24

fn=(13950)
255 11799
+1 11799
+6 11799
+1 11799
+42 11799
+1 11799
+2 11799
+1 11799
+2 11799
+4 11799
+1 7875
+1 7875
+1 7875
+1 7875
+1 6
+1 6
+2 6
+2 6
-2 7869
+2 7869
+6 3924
+1 3924
+1 3924
+1 3924
+1 3924

fn=(5704)
255 786432
+1 786432
+6 786432
+1 786432
+2 786432
+1 786432
+1 786432
386 786432
+1 786432
+5 786432
+1 786432
+2 786432
+1 786432
+1 786432
+2 786432
+1 786432
+1 786432
+1 786432
+1 786432
+1 786432
+1 786432
+1 786432
+1 786432
+1 786432
+1 786432
+1 786432
+1 786432
+1 786432
+1 1572864

fn=(8154)
255 12
+1 12
+6 12
+1 12
+2 12
+1 12
+1 12
386 12
+1 12
+5 12
+1 12
+2 12
+1 12
+1 12
+2 12
+1 12
+1 12
+1 12
+1 12
+1 12
+1 12
+1 12
+1 12
+1 12
+1 12
+1 12
+1 12
+1 12
+1 24

fn=(13862)
255 24
+1 24
+6 24
+1 24
+2 18
+1 18
+1 18
+38 6
+1 6
+2 6
+1 6
+55 6
+1 6
+1 6
+1 6
+1 6
+18 18
+1 18
+5 18
+1 18
+2 6
+1 6
+1 6
+2 6
+1 6
+1 6
+1 6
+1 6
+1 6
+1 6
+1 6
+1 6
+1 6
+1 6
+1 6
+1 6
+1 6
+1 12
+4 12
+1 12
+4 12
+2 12
+4 12
+1 12
+11 12
+3 12
+2 12
+2 12
+4 12
+1 12
+9 12
+1 12
+2 12
+2 12
+1 12
+1 12
+3 12
+2 12
+2 12
+2 24
+6 12
+1 12
+1 12
+1 12
+1 12
+1 12
+1 12
+1 12
+1 12
+1 12
+1 12
+1 12
-11 36
+1 36
+1 36
+1 36
+1 36
+1 36
+1 36
+1 36
+1 36
+1 36
+1 36
+1 36
+2 12
+1 12
+1 12
+1 12
+2 12
+4 24

fn=(3278)
255 9
+1 9
+6 9
+1 9
+42 9
+1 9
+2 9
+1 9
+2 9
+4 9
+1 9
+1 9
+1 9
+1 9
+4 9
+2 9

fn=(2534)
255 36
+1 36
+6 36
+1 36
+42 36
+1 36
+2 30
+1 30
+2 18
+4 18
+1 18
+1 18
+1 18
+1 18
+1 9
+1 9
+2 9
+2 9
-2 9
+2 9
+17 6
+1 6
+1 6
+1 6
+2 6
+17 12
+1 12
+1 12
+1 12
+1 12

fn=(13584)
255 12
+1 12
+6 12
+1 12
+2 12
+1 12
+1 12
386 12
+1 12
+5 12
+1 12
+2 12
+1 12
+1 12
+2 12
+1 12
+1 12
+1 12
+1 12
+1 12
+1 12
+1 12
+1 12
+1 12
+1 12
+1 12
+1 12
+1 12
+1 24

fn=(5822)
255 786432
+1 786432
+6 786432
+1 786432
+42 786432
+1 786432
+2 786432
+1 786432
+2 786432
+4 786432
+1 1536
+1 1536
+1 1536
+1 1536
+1 1476
+1 1476
+2 1476
+2 1476
-2 60
+2 60
+6 784896
+1 784896
+1 784896
+1 784896
+1 784896

fn=(3308)
255 12
+1 12
+6 12
+1 12
+42 12
+1 12
+36 12
+1 12
+1 12
+1 12
+2 12

fn=(6926)
255 3
+1 3
+6 3
+1 3
+42 3
+1 3
+36 3
+1 3
+1 3
+1 3
+2 3

fn=(8124)
255 39
+1 39
+6 39
+1 39
+2 3
+1 3
+1 3
+38 36
+1 36
+2 18
+1 18
+2 9
+4 9
+1 3
+1 3
+1 3
+1 3
+4 3
+2 3
+6 6
+1 6
+1 6
+1 6
+1 6
+7 18
+1 18
+1 18
+1 18
+2 18
+17 9
+1 9
+1 9
+1 9
+1 9
+7 3
+1 3
+1 3
+1 3
+1 3
+1 3
+1 6
+5 3
+1 3
+5 3
+1 3
+2 3
+1 3
+1 3

fn=(8836)
255 3
+1 3
+6 3
+1 3
+42 3
+1 3
+36 3
+1 3
+1 3
+1 3
+2 3

fn=(8462)
255 3
+1 3
+6 3
+1 3
+42 3
+1 3
+36 3
+1 3
+1 3
+1 3
+2 3

fn=(14220)
255 54
+1 54
+6 54
+1 54
+2 9
+1 9
+1 9
+38 45
+1 45
+2 30
+1 30
+2 27
+4 27
+1 9
+1 9
+1 9
+1 9
+1 9
+1 9
+2 9
+2 9
+6 18
+1 18
+1 18
+1 18
+1 18
+7 15
+1 15
+1 15
+1 15
+2 15
+17 3
+1 3
+1 3
+1 3
+1 3
+7 9
+1 9
+1 9
+1 9
+1 9
+1 9
+1 18
+5 9
+1 9
+5 9
+1 9
+2 9
+1 9
+1 9

fn=(8516)
255 6
+1 6
+6 6
+1 6
+42 6
+1 6
+36 6
+1 6
+1 6
+1 6
+2 6

fn=(8100)
255 3
+1 3
+6 3
+1 3
+42 3
+1 3
+2 3
+1 3
+2 3
+4 3
+1 3
+1 3
+1 3
+1 3
+4 3
+2 3

fn=(8194)
255 6
+1 6
+6 6
+1 6
+42 6
+1 6
+36 6
+1 6
+1 6
+1 6
+2 6

fn=(3174)
255 6
+1 6
+6 6
+1 6
+42 6
+1 6
+2 6
+1 6
+2 6
+4 6
+16 6
+1 6
+1 6
+1 6
+1 6

fn=(13646)
255 3939
+1 3939
+6 3939
+1 3939
+42 3939
+1 3939
+2 3933
+1 3933
+2 3933
+4 3933
+16 3933
+1 3933
+1 3933
+1 3933
+1 3933
+7 6
+1 6
+1 6
+1 6
+2 6

fn=(14196)
255 48
+1 48
+6 48
+1 48
+2 12
+1 12
+1 12
+38 36
+1 36
+2 18
+1 18
+2 6
+4 6
+1 6
+1 6
+1 6
+1 6
+1 6
+1 6
+2 6
+2 6
+17 18
+1 18
+1 18
+1 18
+2 18
+17 12
+1 12
+1 12
+1 12
+1 12
+7 12
+1 12
+1 12
+1 12
+1 12
+1 12
+1 24
+5 12
+1 12
+5 12
+1 12
+2 12
+1 12
+1 12

fn=(3052)
255 6
+1 6
+6 6
+1 6
+42 6
+1 6
+2 6
+1 6
+2 6
+4 6
+16 6
+1 6
+1 6
+1 6
+1 6

fn=(4416)
255 1344
+1 1344
+6 1344
+1 1344
+2 1344
+1 1344
+1 1344
+3 711
+1 711
+1 711
+3 1422
386 633
+1 633
+5 633
+1 633
+24 633
+1 633
+4 633
+2 633
+4 633
+1 633
+11 633
+3 633
+2 633
+2 633
+4 633
+1 633
+9 600
+1 600
+2 600
+2 600
+1 600
+1 600
+3 600
+2 600
+2 600
+2 1200
+6 600
+1 600
+1 600
+1 600
+1 600
+1 600
+1 600
+1 600
+1 600
+1 600
+1 600
+1 600
-11 906
+1 906
+1 906
+1 906
+1 906
+1 906
+1 906
+1 906
+1 906
+1 906
+1 906
+1 906
+2 600
+1 600
+1 600
+1 600
+2 600
+4 1200
+13 33
+1 33
+2 33
+1 33
+1 33
+2 33
+2 33
+2 66
+6 33
+1 33
+1 33
+1 33
+1 33
+1 33
+1 33
+1 33
+1 33
+1 33
+1 33
+1 33
-11 50
+1 50
+1 50
+1 50
+1 50
+1 50
+1 50
+1 50
+1 50
+1 50
+1 50
+1 50
+2 33
+1 33
+1 33
+1 33
+2 33
+1 66

fn=(13564)
255 3
+1 3
+6 3
+1 3
+42 3
+1 3
+2 3
+1 3
+2 3
+4 3
+16 3
+1 3
+1 3
+1 3
+1 3

fn=(3998)
255 3
+1 3
+6 3
+1 3
+42 3
+1 3
+2 3
+1 3
+2 3
+4 3
+16 3
+1 3
+1 3
+1 3
+1 3

fn=(4360)
255 3933
+1 3933
+6 3933
+1 3933
+42 3933
+1 3933
+2 3933
+1 3933
+2 3933
+4 3933
+1 9
+1 9
+1 9
+1 9
+1 6
+1 6
+2 6
+2 6
-2 3
+2 3
+6 3924
+1 3924
+1 3924
+1 3924
+1 3924

fn=(5912)
255 7866
+1 7866
+6 7866
+1 7866
+42 7866
+1 7866
+2 7866
+1 7866
+2 7866
+4 7866
+1 18
+1 18
+1 18
+1 18
+1 12
+1 12
+2 12
+2 12
-2 6
+2 6
+6 7848
+1 7848
+1 7848
+1 7848
+1 7848

fn=(13910)
255 7866
+1 7866
+6 7866
+1 7866
+42 7866
+1 7866
+2 7866
+1 7866
+2 7866
+4 7866
+1 7866
+1 7866
+1 7866
+1 7866
+1 7584
+1 7584
+2 7584
+2 7584
-2 282
+2 282

fn=(5290)
255 1181202
+1 1181202
+6 1181202
+1 1181202
+2 6
+1 6
+1 6
+3 6
+1 6
+1 6
+3 12
+30 1181196
+1 1181196
+2 1181196
+1 1181196
+2 1181184
+4 1181184
+1 788736
+1 788736
+1 788736
+1 788736
+1 2274
+1 2274
+2 2274
+2 2274
-2 786462
+2 786462
+6 392448
+1 392448
+1 392448
+1 392448
+1 392448
+29 12
+1 12
+1 12
+1 12
+1 12

fn=(5404)
255 787992
+1 787992
+6 787992
+1 787992
+2 6
+1 6
+1 6
+38 787986
+1 787986
+2 787980
+1 787980
+2 393222
+4 393222
+1 393222
+1 393222
+1 393222
+1 393222
+1 6
+1 6
+2 6
+2 6
-2 393216
+2 393216
+17 6
+1 6
+1 6
+1 6
+2 6
+17 394758
+1 394758
+1 394758
+1 394758
+1 394758
+7 6
+1 6
+1 6
+1 6
+1 6
+1 6
+1 12
+5 6
+1 6
+5 6
+1 6
+2 6
+1 6
+1 6

fn=(8656)
255 42
+1 42
+6 42
+1 42
+2 42
+1 42
+1 42
+3 6
+1 6
+1 6
+3 12
375 9
+1 9
+1 9
+1 9
+1 9
+1 9
+1 18
+5 36
+1 36
+5 36
+1 36
+2 33
+1 33
+1 33
+2 24
+1 24
+1 24
+1 24
+1 24
+1 24
+1 24
+1 24
+1 24
+1 24
+1 24
+1 24
+1 24
+1 24
+1 48
+4 3
+1 3
+4 3
+2 3
+4 3
+1 3
+11 3
+3 3
+2 3
+2 3
+4 3
+1 3
+9 3
+1 3
+2 3
+2 3
+1 3
+1 3
+3 3
+2 3
+2 3
+2 6
+6 3
+1 3
+1 3
+1 3
+1 3
+1 3
+1 3
+1 3
+1 3
+1 3
+1 3
+1 3
+2 3
+1 3
+1 3
+1 3
+2 3
+4 6

fn=(7556)
255 42
+1 42
+6 42
+1 42
+2 42
+1 42
+1 42
+3 6
+1 6
+1 6
+3 12
375 9
+1 9
+1 9
+1 9
+1 9
+1 9
+1 18
+5 36
+1 36
+5 36
+1 36
+2 33
+1 33
+1 33
+2 24
+1 24
+1 24
+1 24
+1 24
+1 24
+1 24
+1 24
+1 24
+1 24
+1 24
+1 24
+1 24
+1 24
+1 48
+4 3
+1 3
+4 3
+2 3
+4 3
+1 3
+11 3
+3 3
+2 3
+2 3
+4 3
+1 3
+9 3
+1 3
+2 3
+2 3
+1 3
+1 3
+3 3
+2 3
+2 3
+2 6
+6 3
+1 3
+1 3
+1 3
+1 3
+1 3
+1 3
+1 3
+1 3
+1 3
+1 3
+1 3
+2 3
+1 3
+1 3
+1 3
+2 3
+4 6

fn=(3446)
255 6
+1 6
+6 6
+1 6
+2 6
+1 6
+1 6
386 6
+1 6
+5 6
+1 6
+24 6
+1 6
+4 6
+2 6
+4 6
+1 6
+11 6
+3 6
+2 6
+2 6
+4 6
+1 6
+9 6
+1 6
+2 6
+2 6
+1 6
+1 6
+3 6
+2 6
+2 6
+2 12
+6 6
+1 6
+1 6
+1 6
+1 6
+1 6
+1 6
+1 6
+1 6
+1 6
+1 6
+1 6
-11 12
+1 12
+1 12
+1 12
+1 12
+1 12
+1 12
+1 12
+1 12
+1 12
+1 12
+1 12
+2 6
+1 6
+1 6
+1 6
+2 6
+4 12

fn=(4534)
255 24
+1 24
+6 24
+1 24
+2 6
+1 6
+1 6
+3 6
+1 6
+1 6
+3 12
+30 18
+1 18
+2 18
+1 18
+2 6
+4 6
+16 6
+1 6
+1 6
+1 6
+1 6
+29 12
+1 12
+1 12
+1 12
+1 12

fn=(4644)
255 18
+1 18
+6 18
+1 18
+42 18
+1 18
+2 18
+1 18
+2 6
+4 6
+1 6
+1 6
+1 6
+1 6
+1 6
+1 6
+2 6
+2 6
+39 12
+1 12
+1 12
+1 12
+1 12

fn=(13724)
255 4608
+1 4608
+6 4608
+1 4608
+42 4608
+1 4608
+2 4608
+1 4608
+2 4608
+4 4608
+1 4608
+1 4608
+1 4608
+1 4608
+1 3018
+1 3018
+2 3018
+2 3018
-2 1590
+2 1590

fn=(5696)
255 786432
+1 786432
+6 786432
+1 786432
+42 786432
+1 786432
+2 786432
+1 786432
+2 786432
+4 786432
+1 55728
+1 55728
+1 55728
+1 55728
+1 55728
+1 55728
+2 55728
+2 55728
+6 730704
+1 730704
+1 730704
+1 730704
+1 730704

fn=(8114)
255 12
+1 12
+6 12
+1 12
+2 3
+1 3
+1 3
+38 9
+1 9
+36 9
+1 9
+1 9
+1 9
+2 9
+39 3
+1 3
+5 3
+1 3
+2 3
+1 3
+1 3
+2 3
+1 3
+1 3
+1 3
+1 3
+1 3
+1 3
+1 3
+1 3
+1 3
+1 3
+1 3
+1 3
+1 3
+1 6

fn=(2888)
255 69
+1 69
+6 69
+1 69
+2 54
+1 54
+1 54
+3 39
+1 39
+1 39
+3 78
+30 15
+1 15
+2 15
+1 15
+2 15
+4 15
+1 15
+1 15
+1 15
+1 15
+4 15
+2 15
+50 15
+1 15
+1 15
+1 15
+1 15
+1 15
+1 30
+5 15
+1 15
+5 15
+1 15
+2 15
+1 15
+1 15

fn=(4624)
255 6
+1 6
+6 6
+1 6
+42 6
+1 6
+2 6
+1 6
+55 6
+1 6
+1 6
+1 6
+1 6

fn=(2988)
255 6
+1 6
+6 6
+1 6
+42 6
+1 6
+2 6
+1 6
+2 6
+4 6
+16 6
+1 6
+1 6
+1 6
+1 6

fn=(4186)
255 12
+1 12
+6 12
+1 12
+42 12
+1 12
+2 12
+1 12
+55 12
+1 12
+1 12
+1 12
+1 12

fn=(5554)
255 3072
+1 3072
+6 3072
+1 3072
+42 3072
+1 3072
+2 3072
+1 3072
+2 3072
+4 3072
+1 3072
+1 3072
+1 3072
+1 3072
+1 2964
+1 2964
+2 2964
+2 2964
-2 108
+2 108

fn=(13700)
255 1536
+1 1536
+6 1536
+1 1536
+42 1536
+1 1536
+2 1536
+1 1536
+2 1536
+4 1536
+1 1536
+1 1536
+1 1536
+1 1536
+1 1482
+1 1482
+2 1482
+2 1482
-2 54
+2 54

fn=(13804)
255 393216
+1 393216
+6 393216
+1 393216
+42 393216
+1 393216
+2 393216
+1 393216
+2 393216
+4 393216
+1 27864
+1 27864
+1 27864
+1 27864
+1 27864
+1 27864
+2 27864
+2 27864
+6 365352
+1 365352
+1 365352
+1 365352
+1 365352

fn=(3096)
255 6
+1 6
+6 6
+1 6
+42 6
+1 6
+2 6
+1 6
+2 6
+4 6
+1 6
+1 6
+1 6
+1 6
+4 6
+2 6

fn=(4040)
255 12
+1 12
+6 12
+1 12
+2 12
+1 12
+1 12
386 12
+1 12
+5 12
+1 12
+2 12
+1 12
+1 12
+2 12
+1 12
+1 12
+1 12
+1 12
+1 12
+1 12
+1 12
+1 12
+1 12
+1 12
+1 12
+1 12
+1 12
+1 24

fn=(13922)
255 7866
+1 7866
+6 7866
+1 7866
+42 7866
+1 7866
+2 7866
+1 7866
+2 7866
+4 7866
+1 4215
+1 4215
+1 4215
+1 4215
+1 282
+1 282
+2 282
+2 282
-2 3933
+2 3933
+6 3651
+1 3651
+1 3651
+1 3651
+1 3651

fn=(5382)
255 789528
+1 789528
+6 789528
+1 789528
+2 6
+1 6
+1 6
+3 6
+1 6
+1 6
+3 12
+30 789522
+1 789522
+2 789522
+1 789522
+2 789516
+4 789516
+1 424158
+1 424158
+1 424158
+1 424158
+1 29352
+1 29352
+2 29352
+2 29352
-2 394806
+2 394806
+6 365358
+1 365358
+1 365358
+1 365358
+1 365358
+29 6
+1 6
+1 6
+1 6
+1 6

fn=(7498)
255 6
+1 6
+6 6
+1 6
+42 6
+1 6
+2 6
+1 6
+55 6
+1 6
+1 6
+1 6
+1 6

fn=(8824)
255 3
+1 3
+6 3
+1 3
+2 3
+1 3
+1 3
386 3
+1 3
+5 3
+1 3
+24 3
+1 3
+4 3
+2 3
+4 3
+1 3
+11 3
+3 3
+2 3
+2 3
+4 3
+1 3
+9 3
+1 3
+2 3
+2 3
+1 3
+1 3
+3 3
+2 3
+2 3
+2 6
+6 3
+1 3
+1 3
+1 3
+1 3
+1 3
+1 3
+1 3
+1 3
+1 3
+1 3
+1 3
-11 3
+1 3
+1 3
+1 3
+1 3
+1 3
+1 3
+1 3
+1 3
+1 3
+1 3
+1 3
+2 3
+1 3
+1 3
+1 3
+2 3
+4 6

fn=(4686)
255 6
+1 6
+6 6
+1 6
+2 6
+1 6
+1 6
386 6
+1 6
+5 6
+1 6
+24 6
+1 6
+4 6
+2 6
+4 6
+1 6
+11 6
+3 6
+2 6
+2 6
+4 6
+1 6
+9 6
+1 6
+2 6
+2 6
+1 6
+1 6
+3 6
+2 6
+2 6
+2 12
+6 6
+1 6
+1 6
+1 6
+1 6
+1 6
+1 6
+1 6
+1 6
+1 6
+1 6
+1 6
-11 42
+1 42
+1 42
+1 42
+1 42
+1 42
+1 42
+1 42
+1 42
+1 42
+1 42
+1 42
+2 6
+1 6
+1 6
+1 6
+2 6
+4 12

fn=(2568)
255 42
+1 42
+6 42
+1 42
+42 42
+1 42
+2 42
+1 42
+2 18
+4 18
+1 18
+1 18
+1 18
+1 18
+1 18
+1 18
+2 18
+2 18
+39 24
+1 24
+1 24
+1 24
+1 24

fn=(7570)
255 102
+1 102
+6 102
+1 102
+2 96
+1 96
+1 96
+3 90
+1 90
+1 90
+3 180
+30 6
+1 6
+36 6
+1 6
+1 6
+1 6
+2 6
+28 6
+1 6
+1 6
+1 6
+1 6
+1 6
+1 12
+5 6
+1 6
+5 6
+1 6
+2 6
+1 6
+1 6

fn=(4058)
255 204
+1 204
+6 204
+1 204
+2 192
+1 192
+1 192
+3 180
+1 180
+1 180
+3 360
+30 12
+1 12
+36 12
+1 12
+1 12
+1 12
+2 12
+28 12
+1 12
+1 12
+1 12
+1 12
+1 12
+1 24
+5 12
+1 12
+5 12
+1 12
+2 12
+1 12
+1 12

fn=(2648)
255 51
+1 51
+6 51
+1 51
+2 48
+1 48
+1 48
+3 45
+1 45
+1 45
+3 90
+30 3
+1 3
+36 3
+1 3
+1 3
+1 3
+2 3
+28 3
+1 3
+1 3
+1 3
+1 3
+1 3
+1 6
+5 3
+1 3
+5 3
+1 3
+2 3
+1 3
+1 3

fn=(4486)
255 787980
+1 787980
+6 787980
+1 787980
+42 787980
+1 787980
+2 787980
+1 787980
+2 787968
+4 787968
+1 787968
+1 787968
+1 787968
+1 787968
+1 1536
+1 1536
+2 1536
+2 1536
-2 786432
+2 786432
+39 12
+1 12
+1 12
+1 12
+1 12

fn=(4118)
255 1575960
+1 1575960
+6 1575960
+1 1575960
+42 1575960
+1 1575960
+2 1575960
+1 1575960
+2 1575936
+4 1575936
+1 1575936
+1 1575936
+1 1575936
+1 1575936
+1 3072
+1 3072
+2 3072
+2 3072
-2 1572864
+2 1572864
+39 24
+1 24
+1 24
+1 24
+1 24

fn=(5306)
255 787980
+1 787980
+6 787980
+1 787980
+42 787980
+1 787980
+2 787980
+1 787980
+2 787968
+4 787968
+1 787968
+1 787968
+1 787968
+1 787968
+1 1536
+1 1536
+2 1536
+2 1536
-2 786432
+2 786432
+39 12
+1 12
+1 12
+1 12
+1 12

fn=(7426)
255 12
+1 12
+6 12
+1 12
+42 12
+1 12
+2 12
+1 12
+2 6
+4 6
+16 6
+1 6
+1 6
+1 6
+1 6
+29 6
+1 6
+1 6
+1 6
+1 6

fn=(2864)
255 6
+1 6
+6 6
+1 6
+42 6
+1 6
+2 6
+1 6
+2 3
+4 3
+16 3
+1 3
+1 3
+1 3
+1 3
+29 3
+1 3
+1 3
+1 3
+1 3

fn=(7672)
255 12
+1 12
+6 12
+1 12
+42 12
+1 12
+2 12
+1 12
+2 6
+4 6
+16 6
+1 6
+1 6
+1 6
+1 6
+29 6
+1 6
+1 6
+1 6
+1 6

fn=(5154)
255 3933
+1 3933
+6 3933
+1 3933
+42 3933
+1 3933
+2 3933
+1 3933
+2 3933
+4 3933
+1 3933
+1 3933
+1 3933
+1 3933
+4 3933
+2 3933

fn=(5220)
255 3933
+1 3933
+6 3933
+1 3933
+42 3933
+1 3933
+2 3933
+1 3933
+2 3933
+4 3933
+1 3933
+1 3933
+1 3933
+1 3933
+4 3933
+2 3933

fn=(5748)
255 786432
+1 786432
+6 786432
+1 786432
+42 786432
+1 786432
+2 786432
+1 786432
+2 786432
+4 786432
+1 1536
+1 1536
+1 1536
+1 1536
+1 1476
+1 1476
+2 1476
+2 1476
-2 60
+2 60
+6 784896
+1 784896
+1 784896
+1 784896
+1 784896

fn=(14148)
255 6
+1 6
+6 6
+1 6
+2 6
+1 6
+1 6
386 6
+1 6
+5 6
+1 6
+24 6
+1 6
+4 6
+2 6
+4 6
+1 6
+11 6
+3 6
+2 6
+2 6
+4 6
+1 6
+9 6
+1 6
+2 6
+2 6
+1 6
+1 6
+3 6
+2 6
+2 6
+2 12
+6 6
+1 6
+1 6
+1 6
+1 6
+1 6
+1 6
+1 6
+1 6
+1 6
+1 6
+1 6
-11 9
+1 9
+1 9
+1 9
+1 9
+1 9
+1 9
+1 9
+1 9
+1 9
+1 9
+1 9
+2 6
+1 6
+1 6
+1 6
+2 6
+4 12

fn=(14318)
255 9
+1 9
+6 9
+1 9
+2 9
+1 9
+1 9
386 9
+1 9
+5 9
+1 9
+2 6
+1 6
+1 6
+2 6
+1 6
+1 6
+1 6
+1 6
+1 6
+1 6
+1 6
+1 6
+1 6
+1 6
+1 6
+1 6
+1 6
+1 12
+4 3
+1 3
+4 3
+2 3
+4 3
+1 3
+11 3
+3 3
+2 3
+2 3
+4 3
+1 3
+9 3
+1 3
+2 3
+2 3
+1 3
+1 3
+3 3
+2 3
+2 3
+2 6
+6 3
+1 3
+1 3
+1 3
+1 3
+1 3
+1 3
+1 3
+1 3
+1 3
+1 3
+1 3
-11 6
+1 6
+1 6
+1 6
+1 6
+1 6
+1 6
+1 6
+1 6
+1 6
+1 6
+1 6
+2 3
+1 3
+1 3
+1 3
+2 3
+4 6

fn=(14046)
255 6
+1 6
+6 6
+1 6
+2 6
+1 6
+1 6
386 6
+1 6
+5 6
+1 6
+2 6
+1 6
+1 6
+2 6
+1 6
+1 6
+1 6
+1 6
+1 6
+1 6
+1 6
+1 6
+1 6
+1 6
+1 6
+1 6
+1 6
+1 12

fn=(4274)
255 6
+1 6
+6 6
+1 6
+2 6
+1 6
+1 6
386 6
+1 6
+5 6
+1 6
+2 6
+1 6
+1 6
+2 6
+1 6
+1 6
+1 6
+1 6
+1 6
+1 6
+1 6
+1 6
+1 6
+1 6
+1 6
+1 6
+1 6
+1 12

fn=(5496)
255 393222
+1 393222
+6 393222
+1 393222
+2 393222
+1 393222
+1 393222
386 393222
+1 393222
+5 393222
+1 393222
+2 393222
+1 393222
+1 393222
+2 393222
+1 393222
+1 393222
+1 393222
+1 393222
+1 393222
+1 393222
+1 393222
+1 393222
+1 393222
+1 393222
+1 393222
+1 393222
+1 393222
+1 786444

fn=(4088)
255 393222
+1 393222
+6 393222
+1 393222
+2 393222
+1 393222
+1 393222
386 393222
+1 393222
+5 393222
+1 393222
+2 393222
+1 393222
+1 393222
+2 393222
+1 393222
+1 393222
+1 393222
+1 393222
+1 393222
+1 393222
+1 393222
+1 393222
+1 393222
+1 393222
+1 393222
+1 393222
+1 393222
+1 786444

fn=(5002)
255 492
+1 492
+6 492
+1 492
+2 258
+1 258
+1 258
+3 24
+1 24
+1 24
+3 48
+30 234
+1 234
+36 234
+1 234
+1 234
+1 234
+2 234
+39 234
+1 234
+5 234
+1 234
+24 234
+1 234
+4 234
+2 234
+4 234
+1 234
+11 234
+3 234
+2 234
+2 234
+4 234
+1 234
+9 214
+1 214
+2 214
+2 214
+1 214
+1 214
+3 214
+2 214
+2 214
+2 428
+6 214
+1 214
+1 214
+1 214
+1 214
+1 214
+1 214
+1 214
+1 214
+1 214
+1 214
+1 214
-11 214
+1 214
+1 214
+1 214
+1 214
+1 214
+1 214
+1 214
+1 214
+1 214
+1 214
+1 214
+2 214
+1 214
+1 214
+1 214
+2 214
+4 428
+13 20
+1 20
+2 20
+1 20
+1 20
+2 20
+2 20
+2 40
+6 20
+1 20
+1 20
+1 20
+1 20
+1 20
+1 20
+1 20
+1 20
+1 20
+1 20
+1 20
-11 20
+1 20
+1 20
+1 20
+1 20
+1 20
+1 20
+1 20
+1 20
+1 20
+1 20
+1 20
+2 20
+1 20
+1 20
+1 20
+2 20
+1 40

fn=(14210)
255 12
+1 12
+6 12
+1 12
+2 9
+1 9
+1 9
+38 3
+1 3
+36 3
+1 3
+1 3
+1 3
+2 3
+39 9
+1 9
+5 9
+1 9
+2 9
+1 9
+1 9
+2 9
+1 9
+1 9
+1 9
+1 9
+1 9
+1 9
+1 9
+1 9
+1 9
+1 9
+1 9
+1 9
+1 9
+1 18

fn=(13944)
255 3933
+1 3933
+6 3933
+1 3933
+42 3933
+1 3933
+2 3933
+1 3933
+2 3933
+4 3933
+1 9
+1 9
+1 9
+1 9
+1 6
+1 6
+2 6
+2 6
-2 3
+2 3
+6 3924
+1 3924
+1 3924
+1 3924
+1 3924

fn=(13930)
255 3933
+1 3933
+6 3933
+1 3933
+42 3933
+1 3933
+2 3933
+1 3933
+2 3933
+4 3933
+1 282
+1 282
+1 282
+1 282
+1 282
+1 282
+2 282
+2 282
+6 3651
+1 3651
+1 3651
+1 3651
+1 3651

fn=(8636)
255 30
+1 30
+6 30
+1 30
+2 30
+1 30
+1 30
375 6
+1 6
+1 6
+1 6
+1 6
+1 6
+1 12
+5 30
+1 30
+5 30
+1 30
+2 27
+1 27
+1 27
+2 21
+1 21
+1 21
+1 21
+1 21
+1 21
+1 21
+1 21
+1 21
+1 21
+1 21
+1 21
+1 21
+1 21
+1 42
+4 3
+1 3
+4 3
+2 3
+4 3
+1 3
+11 3
+3 3
+2 3
+2 3
+4 3
+1 3
+9 3
+1 3
+2 3
+2 3
+1 3
+1 3
+3 3
+2 3
+2 3
+2 6
+6 3
+1 3
+1 3
+1 3
+1 3
+1 3
+1 3
+1 3
+1 3
+1 3
+1 3
+1 3
+2 3
+1 3
+1 3
+1 3
+2 3
+4 6

fn=(7406)
255 30
+1 30
+6 30
+1 30
+2 30
+1 30
+1 30
375 6
+1 6
+1 6
+1 6
+1 6
+1 6
+1 12
+5 30
+1 30
+5 30
+1 30
+2 27
+1 27
+1 27
+2 21
+1 21
+1 21
+1 21
+1 21
+1 21
+1 21
+1 21
+1 21
+1 21
+1 21
+1 21
+1 21
+1 21
+1 42
+4 3
+1 3
+4 3
+2 3
+4 3
+1 3
+11 3
+3 3
+2 3
+2 3
+4 3
+1 3
+9 3
+1 3
+2 3
+2 3
+1 3
+1 3
+3 3
+2 3
+2 3
+2 6
+6 3
+1 3
+1 3
+1 3
+1 3
+1 3
+1 3
+1 3
+1 3
+1 3
+1 3
+1 3
+2 3
+1 3
+1 3
+1 3
+2 3
+4 6

fn=(7484)
255 30
+1 30
+6 30
+1 30
+42 30
+1 30
+2 30
+1 30
+2 24
+4 24
+16 24
+1 24
+1 24
+1 24
+1 24
+29 6
+1 6
+1 6
+1 6
+1 6

fl=(155)
fn=(2724) _int_malloc'_int_realloc'realloc'__rustc::__rdl_realloc
3790 74412
+32 16536
1288 49608
3831 16536
+16 16536
+54 16785
+18 7903
-1 7903
+12 15806
-11 15806
-1 23709
+12 15806
-6 4848
+5 4848
-7 4848
+2 9696
+9 9696
+3 9696
-3 346
+3 346
+1 15063
-3 5021
+5 5021
+1 20084
+2 20084
-10 5021
+12 10042
+1 10042
+2 10042
+11 16686
+29 4958
+1 4958
+4 9916
+31 9914
+8 23364
+1 958
+1 958
-1 958
+4 1916
-4 3925
+1 3925
-1 3925
+4 7850
+5 5776
-2 1444
+3 2888
+6 2397
+3 2397
+2 1598
+33 1598
+9 799
-9 3196
+1 799
+1 799
+1 799
+1 799
+6 1598
-10 8362
+9 4181
-9 16724
+1 4181
+1 4181
+1 4181
+1 4181
+6 8362
3850 4911
+2 4911
-2 4911
+2 9822
+2 365
+1 730
+2 365
+1 365
+1 365
+2 1460
+6 1095
+1 730
2919 730
3872 1095
+4 2698
+1 166
+2 60
+2 30
+1 30
+1 60
+2 30
2999 30
+16 30
3886 30
3003 60
+4 120
+1 30
+7 30
+32 760
1888 365
3893 365
1888 730
4340 74412
3901 23120
-52 29466
4105 14940
3930 14940
4111 19228
+13 7862
-2 15724
+2 6712
+3 3356
-3 3356
+3 6712
+1 244
+3 216
+3 638
-2 3730
+6 216
+2 70
+1 140
+2 70
+1 140
-1 280
+1 70
cfn=(4494) unlink_chunk.isra.0'_int_malloc'_int_realloc'realloc
calls=88 1592 
* 2152
-1 38
+1 76
-1 152
+1 38
cfn=(4494)
calls=50 1592 
* 1178
+3 648
+13 86
+1 172
+3 86
-8 86
+8 172
+1 86
+1 86
+1 172
4277 9636
+3 38544
+2 14454
+1 4818
1888 4818
4286 4818
1888 9636
4280 824
+2 309
+1 103
1888 103
4286 103
1888 3146
4286 2940
1888 5880
3994 1
+1 1
-1 1
+1 2
2919 2
3998 3
+4 2
+29 32379
1888 3
4083 3439
-51 3439
+51 10318
-70 2
-54 6316
+2 63
-1 126
+27 23
+1 23
+4 46
+31 115
+2 46
+1 69
+1 23
-1 23
+1 23
-2 148
+1 222
+1 74
-1 74
+1 388
+4 1256
+26 1935
+3 32
+1 96
-3 1354
+6 645
+7 52
-1 156
+2 104
+2 52
+1 156
+2 52
+1 104
-1 593
+1 1186
-47 18316
+36 1186
-36 20320
4195 7754
+1 7754
+1 7754
-1 7754
+1 7754
+1 15508
+1 23262
+5 35535
+16 95298
+2 190596
-4 212206
+8 10805
+3 21610
+2 6104
+1 3052
+1 3052
-2 3052
-27 3052
+4 9351
+3 12464
-3 4428
+3 5904
-3 33
+3 44
+97 2
+1 3
+2 2
+3 4
2324 1
+12 1
-12 2
+12 1
4336 3
cfn=(4428) alloc_perturb'_int_malloc'_int_realloc'realloc
calls=1 1887 
* 5
* 1
4208 3116
+5 12464
+1 6232
+24 15506
+3 15506
+2 7753
+3 15506
-3 31012
+3 7753
cfn=(4494)
calls=7835 1592 
* 204811
+3 46518
+15 4835
+1 9670
+3 4835
-9 4835
+9 9670
+1 4835
+1 4835
+3 9670
+1 1588
+1 14414
2325 1
+36 4
+1 1
-1 1
+1 1
+9 10
+6 3
+3 4
2698 3
+1 1
+4 1
+1 2
+3 2
+5 2
-2 1
+2 1
-3 1
+2 1
+4 1
-3 1
+1 1
-1 3
+1 1
4335 1
-83 2940
-1 2940
+1 5880
2441 2
+8 2
+11 2
+7 4
+8 2
+19 3
+2 3
+10 6
cfi=(235)
cfn=(5778)
calls=1 60 
* 14
+5 1
+8 2
-8 1
+8 1
-8 1
+8 1
+2 1
-6 1
+6 1
+2 1
+6 1
-6 2
+9 2
2653 1
-1 1
+1 4
+12 1
-11 1
+11 2
+7 1
+1 1
-1 1
+1 3
+8 1
+2 1
+5 2
+2 10
cfn=(5780) _int_free_chunk'_int_malloc'_int_realloc'realloc
calls=1 4351 
* 114
* 3
3965 40
+3 40
-4 80
+3 40
-1 40
+1 80
+1 80
+1 80
+2 36
+4 18
+6 18
-6 126
+2 54
+5 18
-4 18
+4 36
cfn=(4428)
calls=28 1887 
* 90
-7 22
+6 22
-6 154
+2 66
+5 22
-4 22
+4 44
cfn=(4428)
calls=31 1887 
* 110
+1 40
2283 2
+6 3
-6 2
+6 2
-6 1
+3 3
+3 4
cfi=(226)
cfn=(5776)
calls=1 47 
* 26
+3 3
-3 1
+3 1
1912 2
2477 4
cfi=(188)
cfn=(5772)
calls=1 25 
* 48
+1 3
-1 1
+1 1
+2 1
+3 2
2624 2
-65 1
+84 2

fn=(1740) _int_malloc'__libc_malloc2'malloc'__rustc::__rdl_alloc
3790 10846809
+32 2410402
1288 6425013
3831 798016
+16 798016
+54 11280
+18 1200540
-1 1200540
+12 2401080
-11 2401080
-1 3601620
+12 2401080
-6 1102994
+5 1102994
-7 1102994
+2 2205988
+9 2205988
+3 2205988
-3 10274
+3 10274
+1 3324393
-3 1108131
+5 1108131
+1 4432524
+2 4432524
-10 1108131
+12 2216262
+1 2216262
+2 2216262
+11 4427112
+29 301653
+1 301653
+4 603306
+31 602342
+8 1610404
+1 102437
+1 102437
-1 102437
+4 204874
-4 197727
+1 197727
-1 197727
+4 395454
+5 62852
-2 15713
+3 31426
+6 45012
+3 45012
+2 30008
+33 30008
+9 15004
-9 60016
+1 15004
+1 15004
+1 15004
+1 15004
+6 30008
-10 575488
+9 287744
-9 1150976
+1 287744
+1 287744
+1 287744
+1 287744
+6 575488
+1 3
+1 6
3053 672
-27 672
+27 672
-27 672
+4 1344
+4 2688
+4 672
+1 672
4113 672
3831 3224772
1288 806193
3850 806193
+2 806193
-2 806193
+2 1612386
-2 396752
+2 396752
-2 396752
+2 793504
+2 4661
+1 9322
+2 4661
+1 4661
+1 4661
+2 18644
+6 13983
+1 9322
2919 9322
3872 13983
+4 37585
+1 9520
+2 198
+2 99
+1 99
+1 198
+2 99
2999 99
+16 99
3886 99
3003 198
+4 396
+1 99
+7 99
+32 9421
1888 4661
3893 4661
1888 9322
4340 10846809
3901 397442
-52 2380512
4105 908244
3930 910260
4111 1193132
+13 395157
-2 790314
+2 3560
+3 1780
-3 1780
+3 3560
+1 506
+3 492
+3 192
-2 2190
+6 492
+2 18
+1 36
+2 18
+1 36
-1 72
+1 18
cfn=(1628) unlink_chunk.isra.0'_int_malloc'__libc_malloc2'malloc
calls=95 1592 
* 549
-1 228
+1 456
-1 912
+1 228
cfn=(1628)
calls=236 1592 
* 7068
+3 1476
+13 20
+1 40
+3 20
-8 20
+8 40
+1 20
+1 20
+1 40
4277 580348
+3 2321392
+2 870522
+1 290174
1888 290174
4286 290174
1888 580348
4280 802568
+2 300963
+1 100321
1888 100321
4286 100321
1888 205297
4286 4655
1888 9310
3994 1148
+1 1148
-1 1148
+1 2296
2919 2296
3998 3444
+4 2296
+1 2016
3003 672
3981 672
3015 672
4006 672
3003 672
+4 2688
+1 672
+7 672
4007 672
+24 1032974
1888 1428
4083 284451
-51 284451
+51 853829
-70 952
-54 2202366
+2 806478
-1 1612956
+27 2243
+1 2243
+4 4486
+31 7885
+2 3154
+1 4731
+1 1577
-1 1577
+1 1577
-2 2014
+1 3021
+1 1007
-1 1007
+1 145305
+4 577192
+26 2127
+3 691
+1 2073
-3 2800
+6 709
+7 243
-1 729
+2 486
+2 243
+1 729
+2 243
+1 486
-1 466
+1 932
-47 250291
+36 932
-36 359080
4195 394911
+1 394911
+1 394911
-1 394911
+1 394911
+1 789822
+1 1184733
+5 1999768
+16 4660723
+2 9321446
-4 10429322
+8 553938
+3 1107876
+2 318068
+1 159034
+1 159034
-2 159034
-27 159034
+4 1013799
+3 1351704
-3 870273
+3 1160364
-3 569580
+3 759440
+97 14
+1 21
+2 14
+3 28
+5 4
-2 4
+2 8
-2 4
+7 4
-8 4
+3 4
+2 4
-3 4
+1 16
+2 4
1888 12
2324 3
+12 3
-12 6
+12 3
4336 9
cfn=(1312) alloc_perturb'_int_malloc'__libc_malloc2'malloc
calls=3 1887 
* 15
* 3
4208 337926
+5 1351704
+1 675852
+24 789808
+3 789808
+2 394904
+3 789808
-3 1579616
+3 394904
cfn=(1628)
calls=464831 1592 
* 11021897
+3 2369424
+15 390475
+1 780950
+3 390475
-9 390475
+9 780950
+1 390475
+1 390475
+3 780950
+1 388977
+1 1071104
2325 3
+36 12
+1 3
-1 3
+1 3
+9 30
+6 9
+3 12
2698 9
+1 3
+4 3
+1 6
+3 6
+5 6
-2 3
+2 3
-3 3
+2 3
+4 3
-3 3
+1 3
-1 9
+1 3
4335 3
-83 4655
-1 4655
+1 9310
2441 6
+8 6
+11 6
+7 12
+8 6
+19 9
+2 9
+10 18
cfi=(235)
cfn=(3676)
calls=3 60 
* 42
+5 3
+8 6
-8 3
+8 3
-8 3
+8 3
+2 3
-6 3
+6 3
+2 3
+6 3
-6 6
+9 6
2653 3
-1 3
+1 12
+12 3
-11 3
+11 6
+7 3
+1 3
-1 3
+1 9
+8 3
+2 3
+5 6
+2 30
cfn=(3682) _int_free_chunk'_int_malloc'__libc_malloc2'malloc
calls=3 4351 
* 342
* 9
3965 804235
+3 804235
-4 1608470
+3 804235
-1 804235
+1 1608470
+1 1608470
+1 1608470
+2 1532472
+4 766236
+6 766236
-6 5363652
+2 2298708
+5 766236
-4 766236
+4 1532472
cfn=(1312)
calls=890256 1887 
* 3831180
-7 37999
+6 37999
-6 265993
+2 113997
+5 37999
-4 37999
+4 75998
cfn=(1312)
calls=47428 1887 
* 189995
+1 804235
2283 6
+6 9
-6 6
+6 6
-6 3
+3 9
+3 12
cfi=(226)
cfn=(3672)
calls=3 47 
* 78
+3 9
-3 3
+3 3
1912 6
2477 12
cfi=(188)
cfn=(1300)
calls=3 25 
* 144
+1 9
-1 3
+1 3
+2 3
+3 6
2624 6
-65 3
+84 6

fn=(4428)
1887 41
+1 123
+2 41

fn=(1312)
1887 804238
+1 2412714
+2 804238

fn=(13858)
3380 786432
+7 786432
-7 3538944
+11 786432
4837 393216
+1 393216
-1 393216
+1 393216
-1 786432
+2 1179648
3425 393216
-22 393216
+22 1966080
+4 786432
1288 2359296
3436 786432
fi=(154) ./malloc/./malloc/arena.c
151 1179648
fe=(155)
3469 786432
4840 393216
3411 786432
+2 786432
+1 786432
+87 3538944
-30 1572864
cfn=(1908) _int_realloc'realloc'__rustc::__rdl_realloc'__rustc::__rust_realloc
calls=393216 4559 
* 74265547
* 393216
+1 1966080
fi=(154)
151 1179648
fe=(155)
3472 786432

fn=(3464)
3380 3114
+7 3114
-7 14013
+11 3114
4837 1557
+1 1557
-1 1557
+1 1557
-1 3114
+2 4671
3425 1557
-22 1557
+22 7785
+4 3114
1288 9342
3436 3114
fi=(154)
151 4671
fe=(155)
3469 3114
4840 1557
3411 3114
+2 3114
+1 3114
+87 14013
-30 6228
cfn=(1908)
calls=1560 4559 
* 302532
* 1557
+1 7785
fi=(154)
151 4671
fe=(155)
3472 3114

fn=(3142)
3380 24
+7 24
-7 108
+11 24
4837 12
+1 12
-1 12
+1 12
-1 24
+2 36
3425 12
-22 12
+22 60
+4 24
1288 72
3436 24
fi=(154)
151 36
fe=(155)
3469 24
4840 12
3411 24
+2 24
+1 24
+87 108
-30 48
cfn=(1908)
calls=3959 4559 
* 564
* 12
+1 60
fi=(154)
151 36
fe=(155)
3472 24

fn=(1906)
3380 842604
+7 842604
-7 3791718
+11 842604
4837 421302
+1 421302
-1 421302
+1 421302
-1 842604
+2 1263906
3425 394766
-22 394766
+22 1973830
+4 789532
1288 2368596
3436 789532
fi=(154)
151 1184298
fe=(155)
3469 789532
4840 421302
3411 842604
+2 842580
+1 842580
+36 26536
+51 3791718
-30 1579064
cfn=(1908)
calls=394865 4559 
* 18557583
* 394766
+1 1973830
fi=(154)
151 1184298
fe=(155)
3472 789532

fn=(2722)
3380 761214
+7 761214
-7 3425463
+11 761214
4837 380607
+1 380607
-1 380607
+1 380607
-1 761214
+2 1141821
3425 13735
-22 13735
+22 68675
+4 27470
1288 82410
3436 27470
fi=(154)
151 41205
fe=(155)
3469 27470
4840 380607
3411 761214
+2 733752
+1 733752
+36 366872
+51 3425463
-30 54940
cfn=(1908)
calls=13933 4559 
* 41117690
* 13735
+1 68675
fi=(154)
151 41205
fe=(155)
3472 27470

fn=(1908)
4559 3213144
+11 9639432
+8 1606572
+2 803286
+1 2409858
+1 3213144
+4 1606572
+14 795018
+53 1590036
-53 1590036
+57 795018
-57 795018
+57 1590036
-2 1590036
+2 790118
+1 395059
+16 395059
+1 1580236
-1 399959
+1 1632908
-79 27486
+12 27486
+12 57876
cfn=(2724)
calls=8451 3790 
* 2214046
* 8268
+1 16536
+3 8268
+6 24804
+36 399959
-4 399959
+3 399959
+5 399959
-4 399959
-1 399959
+5 399959
-4 399959
+4 399959
-1 399959
+1 1199877
cfn=(2728) _int_free_chunk'_int_realloc'realloc'__rustc::__rdl_realloc
calls=400056 4351 
* 52253373
* 399959
-60 6296
-1 12592
+5 32850
cfn=(4458) unlink_chunk.isra.0'_int_realloc'realloc'__rustc::__rdl_realloc
calls=5585 1592 
* 159786
+44 27375
-48 10950
+28 8268
fi=(214) ./malloc/../string/bits/string_fortified.h
29 8268
fe=(155)
4637 8268
fi=(214)
29 16536
fe=(155)
4638 16536
fi=(214)
29 8268
cob=(3)
cfi=(152)
cfn=(2726)
calls=8451 -29 
* 36220972
fe=(155)
4642 49608
cfn=(2728)
calls=8451 4351 
* 972693
+2 16536

fn=(3686) _int_free_maybe_trim'_int_free_merge_chunk'_int_free_chunk'_int_malloc
4528 44
+3 8
+2 16
+3 24
+14 44

fn=(1470) _int_free_maybe_trim'_int_free_merge_chunk'_int_free_chunk'_int_realloc
4528 4490497
+3 816454
+2 176140
+3 264210
+14 4490497

fn=(4414) _int_free_maybe_trim'_int_free_merge_chunk'_int_free_chunk'free
4528 8850875
+3 1609250
+2 983612
+3 1475418
+14 8850875

fn=(2814)
3319 75
+3 150
+15 150
-4 225
+8 225
+6 225
+6 75
-3 150
+3 75
-3 75
+1 150
+2 225
3007 75
+8 75
-12 75
+4 225
+1 75
+7 75
3354 75

fn=(5980)
3319 18
+3 36
+15 36
-4 54
+8 54
+6 36
+6 12
-3 24
+3 12
-3 12
+1 24
+2 36
3007 12
+8 12
-12 12
+4 36
+1 12
+7 12
3354 12
-24 6
+40 12
fi=(154)
151 18
fe=(155)
3374 18
cfn=(4410) _int_free_chunk'free'__rustc::__rdl_dealloc'__rustc::__rust_dealloc
calls=6 4351 
* 786

fn=(5162)
3319 3933
+3 7866
+15 7866
-4 11799
+8 11799
+6 11799
+6 3933
-3 7866
+3 3933
-3 3933
+1 7866
+2 11799
3007 3915
+8 3915
-12 3915
+4 11745
+1 3915
+7 3915
3354 3915
+10 54
-34 18
+40 36
fi=(154)
151 54
fe=(155)
3374 54
cfn=(4410)
calls=18 4351 
* 2016

fn=(5702)
3319 786432
+3 1572864
+15 1572864
-4 2359296
+8 2359296
+6 2359296
+6 786432
-3 1572864
+3 786432
-3 786432
+1 1572864
+2 2359296
3007 786432
+8 786432
-12 786432
+4 2359296
+1 786432
+7 786432
3354 786432

fn=(5970)
3319 12
+3 24
+15 24
-4 36
+8 36
-11 12
+40 24
fi=(154)
151 36
fe=(155)
3374 36
cfn=(4410)
calls=36 4351 
* 2040

fn=(7516)
3319 24
+3 48
+15 48
-4 72
+8 72
+6 72
+6 24
-3 48
+3 24
-3 24
+1 48
+2 72
3007 24
+8 24
-12 24
+4 72
+1 24
+7 24
3354 24

fn=(8572)
3319 6
+3 12
+15 12
-4 18
+8 18
+6 18
+6 6
-3 12
+3 6
-3 6
+1 12
+2 18
3007 6
+8 6
-12 6
+4 18
+1 6
+7 6
3354 6

fn=(3222)
3319 156
+3 312
+15 312
-4 468
+8 468
+6 468
+6 156
-3 312
+3 156
-3 156
+1 312
+2 468
3007 94
+8 94
-12 94
+4 282
+1 94
+7 94
3354 94
+10 186
-34 62
+40 124
fi=(154)
151 186
fe=(155)
3374 186
cfn=(4410)
calls=71 4351 
* 7673

fn=(4202)
3319 12
+3 24
+15 24
-4 36
+8 36
+6 36
+6 12
-3 24
+3 12
-3 12
+1 24
+2 36
3007 12
+8 12
-12 12
+4 36
+1 12
+7 12
3354 12

fn=(5234)
3319 6
+3 12
+15 12
-4 18
+8 18
+6 18
+6 6
-3 12
+3 6
-3 6
+1 12
+2 18
3007 5
+8 5
-12 5
+4 15
+1 5
+7 5
3354 5
+10 3
-34 1
+40 2
fi=(154)
151 3
fe=(155)
3374 3
cfn=(4410)
calls=1 4351 
* 140

fn=(14000)
3319 6
+3 12
+15 12
-4 18
+8 18
-11 6
+40 12
fi=(154)
151 18
fe=(155)
3374 18
cfn=(4410)
calls=6 4351 
* 1020

fn=(5568)
3319 3072
+3 6144
+15 6144
-4 9216
+8 9216
+6 9216
+6 3072
-3 6144
+3 3072
-3 3072
+1 6144
+2 9216
3007 3068
+8 3068
-12 3068
+4 9204
+1 3068
+7 3068
3354 3068
+10 12
-34 4
+40 8
fi=(154)
151 12
fe=(155)
3374 12
cfn=(4410)
calls=4 4351 
* 448

fn=(5716)
3319 786432
+3 1572864
+15 1572864
-4 2359296
+8 2359296
+6 2359296
+6 786432
-3 1572864
+3 786432
-3 786432
+1 1572864
+2 2359296
3007 785593
+8 785593
-12 785593
+4 2356779
+1 785593
+7 785593
3354 785593
+10 2517
-34 839
+40 1678
fi=(154)
151 2517
fe=(155)
3374 2517
cfn=(4410)
calls=1215 4351 
* 93968

fn=(8804)
3319 6
+3 12
+15 12
-4 18
+8 18
+6 18
+6 6
-3 12
+3 6
-3 6
+1 12
+2 18
3007 5
+8 5
-12 5
+4 15
+1 5
+7 5
3354 5
+10 3
-34 1
+40 2
fi=(154)
151 3
fe=(155)
3374 3
cfn=(4410)
calls=1 4351 
* 112

fn=(13768)
3319 1536
+3 3072
+15 3072
-4 4608
+8 4608
+6 4608
+6 1536
-3 3072
+3 1536
-3 1536
+1 3072
+2 4608
3007 1536
+8 1536
-12 1536
+4 4608
+1 1536
+7 1536
3354 1536

fn=(3058)
3319 6
+3 12
+15 12
-4 18
+8 18
+6 18
+6 6
-3 12
+3 6
-3 6
+1 12
+2 18
3007 6
+8 6
-12 6
+4 18
+1 6
+7 6
3354 6

fn=(3320)
3319 15
+3 30
+15 30
-4 45
+8 45
+6 45
+6 15
-3 30
+3 15
-3 15
+1 30
+2 45
3007 15
+8 15
-12 15
+4 45
+1 15
+7 15
3354 15

fn=(4878)
3319 7866
+3 15732
+15 15732
-4 23598
+8 23598
+6 23598
+6 7866
-3 15732
+3 7866
-3 7866
+1 15732
+2 23598
3007 7847
+8 7847
-12 7847
+4 23541
+1 7847
+7 7847
3354 7847
+10 57
-34 19
+40 38
fi=(154)
151 57
fe=(155)
3374 57
cfn=(4410)
calls=19 4351 
* 2128

fn=(5168)
3319 3933
+3 7866
+15 7866
-4 11799
+8 11799
+6 11799
+6 3933
-3 7866
+3 3933
-3 3933
+1 7866
+2 11799
3007 3915
+8 3915
-12 3915
+4 11745
+1 3915
+7 3915
3354 3915
+10 54
-34 18
+40 36
fi=(154)
151 54
fe=(155)
3374 54
cfn=(4410)
calls=18 4351 
* 2016

fn=(5410)
3319 394764
+3 789528
+15 789528
-4 1184292
+8 1184292
+6 1184292
+6 394764
-3 789528
+3 394764
-3 394764
+1 789528
+2 1184292
3007 394761
+8 394761
-12 394761
+4 1184283
+1 394761
+7 394761
3354 394761
+10 9
-34 3
+40 6
fi=(154)
151 9
fe=(155)
3374 9
cfn=(4410)
calls=3 4351 
* 386

fn=(5400)
3319 394764
+3 789528
+15 789528
-4 1184292
+8 1184292
+6 1184292
+6 394764
-3 789528
+3 394764
-3 394764
+1 789528
+2 1184292
3007 394764
+8 394764
-12 394764
+4 1184292
+1 394764
+7 394764
3354 394764

fn=(5846)
3319 786432
+3 1572864
+15 1572864
-4 2359296
+8 2359296
+6 2359296
+6 786432
-3 1572864
+3 786432
-3 786432
+1 1572864
+2 2359296
3007 785582
+8 785582
-12 785582
+4 2356746
+1 785582
+7 785582
3354 785582
+10 2550
-34 850
+40 1700
fi=(154)
151 2550
fe=(155)
3374 2550
cfn=(4410)
calls=1228 4351 
* 95200

fn=(7660)
3319 144
+3 288
+15 288
-4 432
+8 432
+6 432
+6 144
-3 288
+3 144
-3 144
+1 288
+2 432
3007 144
+8 144
-12 144
+4 432
+1 144
+7 144
3354 144

fn=(2574)
3319 36
+3 72
+15 72
-4 108
+8 108
+6 108
+6 36
-3 72
+3 36
-3 36
+1 72
+2 108
3007 34
+8 34
-12 34
+4 102
+1 34
+7 34
3354 34
+10 6
-34 2
+40 4
fi=(154)
151 6
fe=(155)
3374 6
cfn=(4410)
calls=6 4351 
* 224

fn=(3212)
3319 30
+3 60
+15 60
-4 90
+8 90
+6 90
+6 30
-3 60
+3 30
-3 30
+1 60
+2 90
3007 30
+8 30
-12 30
+4 90
+1 30
+7 30
3354 30

fn=(4562)
3319 1548
+3 3096
+15 3096
-4 4644
+8 4644
+6 4644
+6 1548
-3 3096
+3 1548
-3 1548
+1 3096
+2 4644
3007 1548
+8 1548
-12 1548
+4 4644
+1 1548
+7 1548
3354 1548

fn=(7548)
3319 6
+3 12
+15 12
-4 18
+8 18
-11 6
+40 12
fi=(154)
151 18
fe=(155)
3374 18
cfn=(4410)
calls=6 4351 
* 758

fn=(13712)
3319 1536
+3 3072
+15 3072
-4 4608
+8 4608
+6 4608
+6 1536
-3 3072
+3 1536
-3 1536
+1 3072
+2 4608
3007 1536
+8 1536
-12 1536
+4 4608
+1 1536
+7 1536
3354 1536

fn=(13818)
3319 393216
+3 786432
+15 786432
-4 1179648
+8 1179648
+6 1179648
+6 393216
-3 786432
+3 393216
-3 393216
+1 786432
+2 1179648
3007 391695
+8 391695
-12 391695
+4 1175085
+1 391695
+7 391695
3354 391695
+10 4563
-34 1521
+40 3042
fi=(154)
151 4563
fe=(155)
3374 4563
cfn=(4410)
calls=1521 4351 
* 170352

fn=(13966)
3319 3933
+3 7866
+15 7866
-4 11799
+8 11799
+6 11799
+6 3933
-3 7866
+3 3933
-3 3933
+1 7866
+2 11799
3007 3914
+8 3914
-12 3914
+4 11742
+1 3914
+7 3914
3354 3914
+10 57
-34 19
+40 38
fi=(154)
151 57
fe=(155)
3374 57
cfn=(4410)
calls=19 4351 
* 2128

fn=(2996)
3319 428580
+3 857160
+15 857160
-4 1285740
+8 1285740
+6 1285740
+6 428580
-3 857160
+3 428580
-3 428580
+1 857160
+2 1285740
3007 428459
+8 428459
-12 428459
+4 1285377
+1 428459
+7 428459
3354 428459
+10 363
-34 121
+40 242
fi=(154)
151 363
fe=(155)
3374 363
cfn=(4410)
calls=121 4351 
* 13552

fn=(3454)
3319 3
+3 6
+15 6
-4 9
+8 9
+6 9
+6 3
-3 6
+3 3
-3 3
+1 6
+2 9
3007 3
+8 3
-12 3
+4 9
+1 3
+7 3
3354 3

fn=(3816)
3319 6
+3 12
+15 12
-4 18
+8 18
+6 18
+6 6
-3 12
+3 6
-3 6
+1 12
+2 18
3007 6
+8 6
-12 6
+4 18
+1 6
+7 6
3354 6

fn=(3964)
3319 3
+3 6
+15 6
-4 9
+8 9
+6 9
+6 3
-3 6
+3 3
-3 3
+1 6
+2 9
3007 3
+8 3
-12 3
+4 9
+1 3
+7 3
3354 3

fn=(4806)
3319 6
+3 12
+15 12
-4 18
+8 18
-11 6
+40 12
fi=(154)
151 18
fe=(155)
3374 18
cfn=(4410)
calls=6 4351 
* 834

fn=(4962)
3319 3933
+3 7866
+15 7866
-4 11799
+8 11799
+6 11799
+6 3933
-3 7866
+3 3933
-3 3933
+1 7866
+2 11799
3007 3915
+8 3915
-12 3915
+4 11745
+1 3915
+7 3915
3354 3915
+10 54
-34 18
+40 36
fi=(154)
151 54
fe=(155)
3374 54
cfn=(4410)
calls=18 4351 
* 2016

fn=(8790)
3319 30
+3 60
+15 60
-4 90
+8 90
+6 90
+6 30
-3 60
+3 30
-3 30
+1 60
+2 90
3007 30
+8 30
-12 30
+4 90
+1 30
+7 30
3354 30

fn=(4754)
3319 6
+3 12
+15 12
-4 18
+8 18
+6 18
+6 6
-3 12
+3 6
-3 6
+1 12
+2 18
3007 6
+8 6
-12 6
+4 18
+1 6
+7 6
3354 6

fn=(2674)
3319 147
+3 294
+15 294
-4 441
+8 441
+6 405
+6 135
-3 270
+3 135
-3 135
+1 270
+2 405
3007 123
+8 123
-12 123
+4 369
+1 123
+7 123
3354 123
+10 36
-34 24
+40 48
fi=(154)
151 72
fe=(155)
3374 72
cfn=(4410)
calls=31 4351 
* 2592

fn=(2686)
3319 270
+3 540
+15 540
-4 810
+8 810
+6 810
+6 270
-3 540
+3 270
-3 270
+1 540
+2 810
3007 270
+8 270
-12 270
+4 810
+1 270
+7 270
3354 270

fn=(3106)
3319 6
+3 12
+15 12
-4 18
+8 18
+6 18
+6 6
-3 12
+3 6
-3 6
+1 12
+2 18
3007 6
+8 6
-12 6
+4 18
+1 6
+7 6
3354 6

fn=(2050)
3319 3105
+3 6210
+15 6210
-4 9315
+8 9315
+6 756
+6 252
-3 504
+3 252
-3 252
+1 504
+2 756
3007 132
+8 132
-12 132
+4 396
+1 132
+7 132
3354 132
+10 360
-34 2973
+40 5946
fi=(154)
151 8919
fe=(155)
3374 8919
cfn=(4410)
calls=3006 4351 
* 370291

fn=(2614)
3319 9
+3 18
+15 18
-4 27
+8 27
+6 27
+6 9
-3 18
+3 9
-3 9
+1 18
+2 27
3007 9
+8 9
-12 9
+4 27
+1 9
+7 9
3354 9

fn=(4258)
3319 12
+3 24
+15 24
-4 36
+8 36
+6 36
+6 12
-3 24
+3 12
-3 12
+1 24
+2 36
3007 12
+8 12
-12 12
+4 36
+1 12
+7 12
3354 12

fn=(6958)
3319 3
+3 6
+15 6
-4 9
+8 9
+6 9
+6 3
-3 6
+3 3
-3 3
+1 6
+2 9
3007 3
+8 3
-12 3
+4 9
+1 3
+7 3
3354 3

fn=(5208)
3319 401082
+3 802164
+15 802164
-4 1203246
+8 1203246
+6 1203246
+6 401082
-3 802164
+3 401082
-3 401082
+1 802164
+2 1203246
3007 7908
+8 7908
-12 7908
+4 23724
+1 7908
+7 7908
3354 7908
+10 1179522
-34 393174
+40 786348
fi=(154)
151 1179522
fe=(155)
3374 1179522
cfn=(4410)
calls=925306 4351 
* 55419450

fn=(5248)
3319 6198
+3 12396
+15 12396
-4 18594
+8 18594
+6 18594
+6 6198
-3 12396
+3 6198
-3 6198
+1 12396
+2 18594
3007 27
+8 27
-12 27
+4 81
+1 27
+7 27
3354 27
+10 18513
-34 6171
+40 12342
fi=(154)
151 18513
fe=(155)
3374 18513
cfn=(4410)
calls=6171 4351 
* 907984

fn=(5328)
3319 394764
+3 789528
+15 789528
-4 1184292
+8 1184292
+6 1184292
+6 394764
-3 789528
+3 394764
-3 394764
+1 789528
+2 1184292
3007 394764
+8 394764
-12 394764
+4 1184292
+1 394764
+7 394764
3354 394764

fn=(5964)
3319 6
+3 12
+15 12
-4 18
+8 18
-11 6
+40 12
fi=(154)
151 18
fe=(155)
3374 18
cfn=(4410)
calls=6 4351 
* 628

fn=(7414)
3319 114
+3 228
+15 228
-4 342
+8 342
+6 342
+6 114
-3 228
+3 114
-3 114
+1 228
+2 342
3007 114
+8 114
-12 114
+4 342
+1 114
+7 114
3354 114

fn=(7474)
3319 54
+3 108
+15 108
-4 162
+8 162
+6 162
+6 54
-3 108
+3 54
-3 54
+1 108
+2 162
3007 53
+8 53
-12 53
+4 159
+1 53
+7 53
3354 53
+10 3
-34 1
+40 2
fi=(154)
151 3
fe=(155)
3374 3
cfn=(4410)
calls=1 4351 
* 112

fn=(7882)
3319 12
+3 24
+15 24
-4 36
+8 36
+6 36
+6 12
-3 24
+3 12
-3 12
+1 24
+2 36
3007 12
+8 12
-12 12
+4 36
+1 12
+7 12
3354 12

fn=(8200)
3319 6
+3 12
+15 12
-4 18
+8 18
+6 18
+6 6
-3 12
+3 6
-3 6
+1 12
+2 18
3007 6
+8 6
-12 6
+4 18
+1 6
+7 6
3354 6

fn=(8894)
3319 15
+3 30
+15 30
-4 45
+8 45
+6 45
+6 15
-3 30
+3 15
-3 15
+1 30
+2 45
3007 15
+8 15
-12 15
+4 45
+1 15
+7 15
3354 15

fn=(13844)
3319 393216
+3 786432
+15 786432
-4 1179648
+8 1179648
+6 1179648
+6 393216
-3 786432
+3 393216
-3 393216
+1 786432
+2 1179648
3007 393094
+8 393094
-12 393094
+4 1179282
+1 393094
+7 393094
3354 393094
+10 366
-34 122
+40 244
fi=(154)
151 366
fe=(155)
3374 366
cfn=(4410)
calls=122 4351 
* 13664

fn=(5858)
3319 12
+3 24
+15 24
-4 36
+8 36
-11 12
+40 24
fi=(154)
151 36
fe=(155)
3374 36
cfn=(4410)
calls=17 4351 
* 1354

fn=(3230)
3319 180
+3 360
+15 360
-4 540
+8 540
+6 504
+6 168
-3 336
+3 168
-3 168
+1 336
+2 504
3007 167
+8 167
-12 167
+4 501
+1 167
+7 167
3354 167
+10 3
-34 13
+40 26
fi=(154)
151 39
fe=(155)
3374 39
cfn=(4410)
calls=144 4351 
* 1360

fn=(4672)
3319 6
+3 12
+15 12
-4 18
+8 18
+6 18
+6 6
-3 12
+3 6
-3 6
+1 12
+2 18
3007 6
+8 6
-12 6
+4 18
+1 6
+7 6
3354 6

fn=(13972)
3319 7866
+3 15732
+15 15732
-4 23598
+8 23598
+6 23598
+6 7866
-3 15732
+3 7866
-3 7866
+1 15732
+2 23598
3007 4007
+8 4007
-12 4007
+4 12021
+1 4007
+7 4007
3354 4007
+10 11577
-34 3859
+40 7718
fi=(154)
151 11577
fe=(155)
3374 11577
cfn=(4410)
calls=3859 4351 
* 456966

fn=(13994)
3319 394752
+3 789504
+15 789504
-4 1184256
+8 1184256
+6 1179648
+6 393216
-3 786432
+3 393216
-3 393216
+1 786432
+2 1179648
3007 14
+8 14
-12 14
+4 42
+1 14
+7 14
3354 14
+10 1179606
-34 394738
+40 789476
fi=(154)
151 1184214
fe=(155)
3374 1184214
cfn=(4410)
calls=394738 4351 
* 54031147

fn=(1738) __libc_malloc2'malloc'__rustc::__rdl_alloc'__rustc::__rust_alloc
3247 7231206
+4 2410402
+28 6026005
-26 3615603
cfn=(1740)
calls=1409104 3790 
* 217372768
+1 6026005
fi=(154)
151 2410402
fe=(155)

fn=(4838)
3283 6
1269 12
+19 6
3287 6
1288 18
3287 12
+2 18
+2 12
+2 36
3030 12
+4 24
+4 6
+1 6
3294 6

fn=(5820)
3283 786432
1269 1572864
+19 786432
3287 786432
1288 1572864
3293 4718592
3030 1571140
+4 3142280
+4 785570
+1 785570
3294 785570
-7 1572864
+19 862
cfn=(1738)
calls=1242 -59 
* 126102
-17 1572864

fn=(2350)
3283 4122
1269 8244
+19 4122
3287 4122
1288 8382
3287 276
+2 414
+2 276
+2 24732
3030 262
+4 524
+4 131
+1 131
3294 131
-7 7968
+19 3991
cfn=(1738)
calls=4059 -59 
* 646098
-17 7968

fn=(2554)
3283 2797479
1269 5594958
+19 2797479
3287 2797479
1288 8392344
3287 5594772
+2 8392050
+2 5594700
+2 16784658
3030 4801814
+4 9603628
+4 2400907
+1 2400907
3294 2400907
-7 186
+19 396572
cfn=(1738)
calls=397733 -59 
* 128357974
-17 186

fn=(3050)
3283 6
1269 12
+19 6
3287 6
1288 12
3293 36
-6 12
+19 6
cfn=(1738)
calls=6 -59 
* 934
-17 12

fn=(3242)
3283 3
1269 6
+19 3
3287 3
1288 9
3287 6
+2 9
+2 6
+2 18
3030 6
+4 12
+4 3
+1 3
3294 3

fn=(3658)
3283 2193
1269 4386
+19 2193
3287 2193
1288 6579
3287 4386
+19 2193
cfn=(1738)
calls=2853 -59 
* 694600

fn=(3982)
3283 6
1269 12
+19 6
3287 6
1288 12
3293 36
3030 6
+4 12
+4 3
+1 3
3294 3
-7 12
+19 3
cfn=(1738)
calls=3 -59 
* 427
-17 12

fn=(4358)
3283 11799
1269 23598
+19 11799
3287 11799
1288 23598
3293 70794
3030 7890
+4 15780
+4 3945
+1 3945
3294 3945
-7 23598
+19 7854
cfn=(1738)
calls=7854 -59 
* 1297674
-17 23598

fn=(4864)
3283 11799
1269 23598
+19 11799
3287 11799
1288 27129
3287 7062
+2 10593
+2 7062
+2 70794
3030 23438
+4 46876
+4 11719
+1 11719
3294 11719
-7 16536
+19 80
cfn=(1738)
calls=80 -59 
* 11039
-17 16536

fn=(7592)
3283 138
1269 276
+19 138
3287 138
1288 402
3287 252
+2 378
+2 252
+2 828
3030 274
+4 548
+4 137
+1 137
3294 137
-7 24
+19 1
cfn=(1738)
calls=1 -59 
* 270
-17 24

fn=(3444)
3283 12
1269 24
+19 12
3287 12
1288 36
3287 24
+2 36
+2 24
+2 72
3030 24
+4 48
+4 12
+1 12
3294 12

fn=(4532)
3283 4650
1269 9300
+19 4650
3287 4650
1288 9324
3287 48
+2 72
+2 48
+2 27900
3030 3096
+4 6192
+4 1548
+1 1548
3294 1548
-7 9252
+19 3102
cfn=(1738)
calls=3102 -59 
* 443819
-17 9252

fn=(5694)
3283 786432
1269 1572864
+19 786432
3287 786432
1288 1572864
3293 4718592
3030 6388
+4 12776
+4 3194
+1 3194
3294 3194
-7 1572864
+19 783238
cfn=(1738)
calls=913779 -59 
* 112278345
-17 1572864

fn=(8112)
3283 9
1269 18
+19 9
3287 9
1288 27
3287 18
+2 27
+2 18
+2 54
3030 16
+4 32
+4 8
+1 8
3294 8
+12 1
cfn=(1738)
calls=1 -59 
* 148

fn=(6772)
3283 3
1269 6
+19 3
3287 3
1288 9
3287 6
+2 9
+2 6
+2 18
3030 4
+4 8
+4 2
+1 2
3294 2
+12 1
cfn=(1738)
calls=25 -59 
* 7538

fn=(2986)
3283 397854
1269 795708
+19 397854
3287 397854
1288 795708
3293 2387124
3030 783412
+4 1566824
+4 391706
+1 391706
3294 391706
-7 795708
+19 6148
cfn=(1738)
calls=6660 -59 
* 1027173
-17 795708

fn=(2336)
3283 87
1269 174
+19 87
3287 87
1288 261
3287 174
+2 261
+2 174
+2 522
3030 164
+4 328
+4 82
+1 82
3294 82
+12 5
cfn=(1738)
calls=35 -59 
* 529

fn=(2566)
3283 18
1269 36
+19 18
3287 18
1288 54
3287 36
+2 54
+2 36
+2 108
3030 24
+4 48
+4 12
+1 12
3294 12
+12 6
cfn=(1738)
calls=7 -59 
* 1116

fn=(2646)
3283 357
1269 714
+19 357
3287 357
1288 1071
3287 714
+2 1071
+2 714
+2 2142
3030 714
+4 1428
+4 357
+1 357
3294 357

fn=(5024)
3283 3933
1269 7866
+19 3933
3287 3933
1288 7866
3293 23598
3030 7830
+4 15660
+4 3915
+1 3915
3294 3915
-7 7866
+19 18
cfn=(1738)
calls=18 -59 
* 2430
-17 7866

fn=(14162)
3283 3
1269 6
+19 3
3287 3
1288 9
3287 6
+2 9
+2 6
+2 18
3030 4
+4 8
+4 2
+1 2
3294 2
+12 1
cfn=(1738)
calls=1 -59 
* 742

fn=(3162)
3283 117
1269 234
+19 117
3287 117
1288 351
3287 234
+2 279
+2 186
+2 558
3030 184
+4 368
+4 92
+1 92
3294 92
+12 25
cfn=(1738)
calls=29 -59 
* 9929

fn=(4986)
3283 252
1269 504
+19 252
3287 252
1288 756
3287 504
+2 756
+2 504
+2 1512
3030 264
+4 528
+4 132
+1 132
3294 132
+12 120
cfn=(1738)
calls=120 -59 
* 47182

fn=(14208)
3283 3
1269 6
+19 3
3287 3
1288 9
3287 6
+2 9
+2 6
+2 18
3030 4
+4 8
+4 2
+1 2
3294 2
+12 1
cfn=(1738)
calls=1 -59 
* 275

fn=(4954)
3283 7866
1269 15732
+19 7866
3287 7866
1288 15732
3293 47196
3030 15660
+4 31320
+4 7830
+1 7830
3294 7830
-7 15732
+19 36
cfn=(1738)
calls=36 -59 
* 4860
-17 15732

fn=(7404)
3283 108
1269 216
+19 108
3287 108
1288 324
3287 216
+2 324
+2 216
+2 648
3030 188
+4 376
+4 94
+1 94
3294 94
+12 14
cfn=(1738)
calls=14 -59 
* 2075

fn=(7482)
3283 30
1269 60
+19 30
3287 30
1288 60
3293 180
3030 44
+4 88
+4 22
+1 22
3294 22
-7 60
+19 8
cfn=(1738)
calls=8 -59 
* 1438
-17 60

fn=(13890)
3283 7866
1269 15732
+19 7866
3287 7866
1288 23598
3287 15732
+2 23598
+2 15732
+2 47196
3030 15696
+4 31392
+4 7848
+1 7848
3294 7848
+12 18
cfn=(1738)
calls=18 -59 
* 4116

fn=(5364)
3283 394764
1269 789528
+19 394764
3287 394764
1288 789540
3287 24
+2 36
+2 24
+2 2368584
3030 789528
+4 1579056
+4 394764
+1 394764
3294 394764
-7 789504
+2 789504

fn=(2532)
3283 786462
1269 1572924
+19 786462
3287 786462
1288 1572933
3287 18
+2 27
+2 18
+2 4718772
3030 1571192
+4 3142384
+4 785596
+1 785596
3294 785596
-7 1572906
+19 866
cfn=(1738)
calls=70751 -59 
* 119213
-17 1572906

fn=(2040)
3283 33
1269 66
+19 33
3287 33
1288 99
3287 66
+2 99
+2 66
+2 198
3030 64
+4 128
+4 32
+1 32
3294 32
+12 1
cfn=(1738)
calls=5 -59 
* 125

fn=(2420)
3283 9
1269 18
+19 9
3287 9
1288 27
3287 18
+2 27
+2 18
+2 54
3030 16
+4 32
+4 8
+1 8
3294 8
+12 1
cfn=(1738)
calls=2 -59 
* 340

fn=(2736)
3283 57
1269 114
+19 57
3287 57
1288 171
3287 114
+2 162
+2 108
+2 324
3030 100
+4 200
+4 50
+1 50
3294 50
+12 7
cfn=(1738)
calls=13 -59 
* 1283

fn=(2800)
3283 120
1269 240
+19 120
3287 120
1288 315
3287 150
+2 225
+2 150
+2 720
3030 214
+4 428
+4 107
+1 107
3294 107
-7 90
+19 13
cfn=(1738)
calls=13 -59 
* 2167
-17 90

fn=(8152)
3283 12
1269 24
+19 12
3287 12
1288 36
3287 24
+2 36
+2 24
+2 72
3030 6
+4 12
+4 3
+1 3
3294 3
+12 9
cfn=(1738)
calls=9 -59 
* 2430

fn=(5780)
4351 4
+8 1
-3 1
+3 1
-3 2
+6 2
+6 1
cfn=(5782) _int_free_merge_chunk'_int_free_chunk'_int_malloc'_int_realloc
calls=1 +39 
* 97
+5 2
+27 3

fn=(3682)
4351 12
+8 3
-3 3
+3 3
-3 6
+6 6
+6 3
cfn=(3684) _int_free_merge_chunk'_int_free_chunk'_int_malloc'__libc_malloc2
calls=3 +39 
* 291
+5 6
+27 9

fn=(2728)
4351 1632908
+8 408227
-3 408227
+3 408227
-3 816454
+6 816454
+6 408227
cfn=(1466) _int_free_merge_chunk'_int_free_chunk'_int_realloc'realloc
calls=408507 +39 
* 46286207
+5 816454
+27 1224681

fn=(4410)
4351 3218500
+8 804625
-3 804625
+3 804625
-3 1609250
+6 1609250
+6 804625
cfn=(4412) _int_free_merge_chunk'_int_free_chunk'free'__rustc::__rdl_dealloc
calls=1409384 +39 
* 97924720
+5 1609250
+27 2413875

fn=(5782)
4407 8
+7 5
-6 1
+9 3
+5 3
+4 2
-1 2
+1 2
1895 3
4433 2
+25 2
+6 2
+4 1
+4 2
+9 1
-1 1
+2 2
+2 3
+18 1
-1 1
+2 1
+1 1
+2 3
+1 1
-61 1
-1 2
+1 6
-1 1
cfn=(3686)
calls=1 +83 
* 34

fn=(3684)
4407 24
+7 15
-6 3
+9 9
+5 9
+4 6
-1 6
+1 6
1895 9
4433 6
+25 6
+6 6
+4 3
+4 6
+9 3
-1 3
+2 6
+2 9
+18 3
-1 3
+2 3
+1 3
+2 9
+1 3
-61 3
-1 6
+1 18
-1 3
cfn=(3686)
calls=3 +83 
* 102

fn=(1466)
4407 3265816
+7 2041135
-6 408227
+9 1224681
+5 1224681
+4 816454
-1 816454
+1 816454
1895 1224681
4433 816454
+2 1466
+2 1466
+1 5864
+2 1466
-4 1466
+4 1466
cfn=(4666) unlink_chunk.isra.0'_int_free_merge_chunk'_int_free_chunk'_int_realloc
calls=1473 1592 
* 28595
+18 816454
+6 816454
+4 20490
+4 816454
+9 296891
-1 296891
+2 593782
+2 890673
+7 222672
+1 445344
+1 111336
+2 222672
+3 668016
+4 111336
-1 111336
+2 111336
+1 111336
+2 334008
+1 111336
-61 111336
-1 222672
+1 668016
-1 111336
cfn=(1470)
calls=111502 +83 
* 2672064
+57 296891
-1 296891
+2 296891
+1 296891
+2 890673
+1 296891
-61 296891
-1 593782
+1 1781346
-1 296891
cfn=(1470)
calls=297005 +83 
* 7565734
+20 387737
+1 387737
-1 387737
cfn=(4666)
calls=387778 1592 
* 8234420
+1 387737

fn=(4412)
4407 6437000
+7 4023125
-6 804625
+9 2413875
+5 2413875
+4 1609250
-1 1609250
+1 1609250
1895 2413875
4433 1609250
+2 793347
+2 793347
+1 3173388
+2 793347
-4 793347
+4 793347
cfn=(4418) unlink_chunk.isra.0'_int_free_merge_chunk'_int_free_chunk'free
calls=1325038 1592 
* 17123778
+18 1609250
+6 1609240
+4 793924
+4 1609240
+9 684874
-1 684874
+2 1369748
+2 2054622
+7 239492
+1 478984
+1 119746
+2 239492
+3 718476
+4 119746
-1 119746
+2 119746
+1 119746
+2 359238
+1 119746
-61 119746
-1 239492
+1 718476
-1 119746
cfn=(4414)
calls=211721 +83 
* 2873904
+57 684874
-1 684874
+2 684874
+1 684874
+2 2054622
+1 684874
-61 684874
-1 1369748
+1 4109244
-1 684874
cfn=(4414)
calls=1197656 +83 
* 18895956
+1 5
-1 10
+1 30
-1 5
cfn=(4414)
calls=7 +83 
* 170
+70 5
+1 15
+1 10
-52 10696
+1 10696
-1 10696
cfn=(4418)
calls=15532 1592 
* 209428
+1 10696

fn=(4666)
1592 389203
+2 1167609
-2 389203
+2 778406
+3 389203
+3 778406
-2 389203
+2 778406
+3 389203
+1 389203
+1 1645196
+2 302
+1 453
+3 302
+14 148
+1 148
+3 778400
-16 6
+1 9
+15 6

fn=(4418)
1592 804043
+2 2412129
-2 804043
+2 1608086
+3 804043
+3 1608086
-2 804043
+2 1608086
+3 804043
+1 804043
+1 3655289
+2 2036
+1 3054
+3 2036
+14 1012
+1 1012
+3 1608074
-16 12
+4 6
+2 2
+1 4
+9 4
-15 12
+15 8

fn=(4494)
1592 7861
+2 23583
-2 7861
+2 15722
+3 7861
+3 15722
-2 7861
+2 15722
+3 7861
+1 7861
+1 30449
+2 9790
+1 14685
+3 9790
+14 4895
+1 4895
+3 15722

fn=(1628)
1592 395150
+2 1185450
-2 395150
+2 790300
+3 395150
+3 790300
-2 395150
+2 790300
+3 395150
+1 395150
+1 1672093
+2 586638
+1 879957
+3 586638
+14 293319
+1 293319
+3 790300

fn=(4458)
1592 5475
+2 16425
-2 5475
+2 10950
+3 5475
+3 10950
-2 5475
+2 10950
+3 5475
+1 5475
+1 25068
+2 9254
+1 13881
+3 9254
+14 4627
+1 4627
+3 10950

fl=(189)
fn=(5774)
37 5
+6 2
-3 2
+18 2
+4 2
+4 1
+1 1
-1 3
+8 1
cfi=(190) ./misc/../sysdeps/unix/sysv/linux/brk.c
cfn=(1308) brk'sbrk'__glibc_morecore'_int_malloc
calls=1 -38 
* 11
* 3
+4 1
-28 1
+28 2

fn=(1304)
37 15
+6 6
-3 6
+18 6
+4 6
+4 3
+1 3
-1 9
+8 3
cfi=(190)
cfn=(1308)
calls=3 -38 
* 33
* 9
+4 3
-28 3
+28 6

fl=(190)
fn=(1308)
36 4
fi=(287) ./misc/../sysdeps/unix/sysv/linux/brk_call.h
-12 8
fe=(190)
+13 8
+1 8
+2 8
+1 8

ob=(1) /usr/lib/x86_64-linux-gnu/ld-linux-x86-64.so.2
fl=(1) ???
fn=(0) 0x0000000000023cc0
cob=(7)
cfi=(165)
cfn=(1160)
calls=0 0 
0 11908886205

totals: 11908886205
