kind,case,index,elapsed_ns,bytes,objects,archive_sha256,output_sha256
sample,dense_crlf-49,0,2648860,259999,10000,4376ae7067b0aa03f34a7d4cf24796c22806cbf528696068d0dbc06d377cbdec,829a2122fab3ae843a3ab07164c05ec3d8116a91399885502b3317d145e7c708
sample,dense_crlf-49,1,2643230,259999,10000,4376ae7067b0aa03f34a7d4cf24796c22806cbf528696068d0dbc06d377cbdec,829a2122fab3ae843a3ab07164c05ec3d8116a91399885502b3317d145e7c708
sample,dense_crlf-49,2,2651689,259999,10000,4376ae7067b0aa03f34a7d4cf24796c22806cbf528696068d0dbc06d377cbdec,829a2122fab3ae843a3ab07164c05ec3d8116a91399885502b3317d145e7c708
sample,dense_crlf-49,3,2673740,259999,10000,4376ae7067b0aa03f34a7d4cf24796c22806cbf528696068d0dbc06d377cbdec,829a2122fab3ae843a3ab07164c05ec3d8116a91399885502b3317d145e7c708
sample,dense_crlf-49,4,2648270,259999,10000,4376ae7067b0aa03f34a7d4cf24796c22806cbf528696068d0dbc06d377cbdec,829a2122fab3ae843a3ab07164c05ec3d8116a91399885502b3317d145e7c708
sample,dense_crlf-49,5,2650390,259999,10000,4376ae7067b0aa03f34a7d4cf24796c22806cbf528696068d0dbc06d377cbdec,829a2122fab3ae843a3ab07164c05ec3d8116a91399885502b3317d145e7c708
sample,dense_crlf-49,6,2658149,259999,10000,4376ae7067b0aa03f34a7d4cf24796c22806cbf528696068d0dbc06d377cbdec,829a2122fab3ae843a3ab07164c05ec3d8116a91399885502b3317d145e7c708
sample,dense_crlf-49,7,2644430,259999,10000,4376ae7067b0aa03f34a7d4cf24796c22806cbf528696068d0dbc06d377cbdec,829a2122fab3ae843a3ab07164c05ec3d8116a91399885502b3317d145e7c708
sample,dense_crlf-49,8,2649460,259999,10000,4376ae7067b0aa03f34a7d4cf24796c22806cbf528696068d0dbc06d377cbdec,829a2122fab3ae843a3ab07164c05ec3d8116a91399885502b3317d145e7c708
sample,dense_crlf-49,9,2667580,259999,10000,4376ae7067b0aa03f34a7d4cf24796c22806cbf528696068d0dbc06d377cbdec,829a2122fab3ae843a3ab07164c05ec3d8116a91399885502b3317d145e7c708
sample,dense_crlf-49,10,2685880,259999,10000,4376ae7067b0aa03f34a7d4cf24796c22806cbf528696068d0dbc06d377cbdec,829a2122fab3ae843a3ab07164c05ec3d8116a91399885502b3317d145e7c708
sample,dense_crlf-49,11,2716960,259999,10000,4376ae7067b0aa03f34a7d4cf24796c22806cbf528696068d0dbc06d377cbdec,829a2122fab3ae843a3ab07164c05ec3d8116a91399885502b3317d145e7c708
sample,dense_crlf-49,12,2717370,259999,10000,4376ae7067b0aa03f34a7d4cf24796c22806cbf528696068d0dbc06d377cbdec,829a2122fab3ae843a3ab07164c05ec3d8116a91399885502b3317d145e7c708
sample,dense_crlf-49,13,2723900,259999,10000,4376ae7067b0aa03f34a7d4cf24796c22806cbf528696068d0dbc06d377cbdec,829a2122fab3ae843a3ab07164c05ec3d8116a91399885502b3317d145e7c708
sample,dense_crlf-49,14,2718360,259999,10000,4376ae7067b0aa03f34a7d4cf24796c22806cbf528696068d0dbc06d377cbdec,829a2122fab3ae843a3ab07164c05ec3d8116a91399885502b3317d145e7c708
sample,dense_crlf-49,15,2723480,259999,10000,4376ae7067b0aa03f34a7d4cf24796c22806cbf528696068d0dbc06d377cbdec,829a2122fab3ae843a3ab07164c05ec3d8116a91399885502b3317d145e7c708
sample,dense_crlf-49,16,2720610,259999,10000,4376ae7067b0aa03f34a7d4cf24796c22806cbf528696068d0dbc06d377cbdec,829a2122fab3ae843a3ab07164c05ec3d8116a91399885502b3317d145e7c708
sample,dense_crlf-49,17,2709530,259999,10000,4376ae7067b0aa03f34a7d4cf24796c22806cbf528696068d0dbc06d377cbdec,829a2122fab3ae843a3ab07164c05ec3d8116a91399885502b3317d145e7c708
sample,dense_crlf-49,18,2708780,259999,10000,4376ae7067b0aa03f34a7d4cf24796c22806cbf528696068d0dbc06d377cbdec,829a2122fab3ae843a3ab07164c05ec3d8116a91399885502b3317d145e7c708
sample,dense_crlf-49,19,2709630,259999,10000,4376ae7067b0aa03f34a7d4cf24796c22806cbf528696068d0dbc06d377cbdec,829a2122fab3ae843a3ab07164c05ec3d8116a91399885502b3317d145e7c708
sample,dense_crlf-49,20,2719620,259999,10000,4376ae7067b0aa03f34a7d4cf24796c22806cbf528696068d0dbc06d377cbdec,829a2122fab3ae843a3ab07164c05ec3d8116a91399885502b3317d145e7c708
sample,dense_crlf-49,21,2715129,259999,10000,4376ae7067b0aa03f34a7d4cf24796c22806cbf528696068d0dbc06d377cbdec,829a2122fab3ae843a3ab07164c05ec3d8116a91399885502b3317d145e7c708
sample,dense_crlf-49,22,2719161,259999,10000,4376ae7067b0aa03f34a7d4cf24796c22806cbf528696068d0dbc06d377cbdec,829a2122fab3ae843a3ab07164c05ec3d8116a91399885502b3317d145e7c708
sample,dense_crlf-49,23,2715150,259999,10000,4376ae7067b0aa03f34a7d4cf24796c22806cbf528696068d0dbc06d377cbdec,829a2122fab3ae843a3ab07164c05ec3d8116a91399885502b3317d145e7c708
sample,dense_crlf-49,24,2712799,259999,10000,4376ae7067b0aa03f34a7d4cf24796c22806cbf528696068d0dbc06d377cbdec,829a2122fab3ae843a3ab07164c05ec3d8116a91399885502b3317d145e7c708
sample,dense_crlf-49,25,2716920,259999,10000,4376ae7067b0aa03f34a7d4cf24796c22806cbf528696068d0dbc06d377cbdec,829a2122fab3ae843a3ab07164c05ec3d8116a91399885502b3317d145e7c708
sample,dense_crlf-49,26,2702390,259999,10000,4376ae7067b0aa03f34a7d4cf24796c22806cbf528696068d0dbc06d377cbdec,829a2122fab3ae843a3ab07164c05ec3d8116a91399885502b3317d145e7c708
sample,dense_crlf-49,27,2722220,259999,10000,4376ae7067b0aa03f34a7d4cf24796c22806cbf528696068d0dbc06d377cbdec,829a2122fab3ae843a3ab07164c05ec3d8116a91399885502b3317d145e7c708
sample,dense_crlf-49,28,2634140,259999,10000,4376ae7067b0aa03f34a7d4cf24796c22806cbf528696068d0dbc06d377cbdec,829a2122fab3ae843a3ab07164c05ec3d8116a91399885502b3317d145e7c708
sample,dense_crlf-49,29,2640130,259999,10000,4376ae7067b0aa03f34a7d4cf24796c22806cbf528696068d0dbc06d377cbdec,829a2122fab3ae843a3ab07164c05ec3d8116a91399885502b3317d145e7c708
sample,dense_crlf-49,30,2655960,259999,10000,4376ae7067b0aa03f34a7d4cf24796c22806cbf528696068d0dbc06d377cbdec,829a2122fab3ae843a3ab07164c05ec3d8116a91399885502b3317d145e7c708
sample,dense_crlf-49,31,2649639,259999,10000,4376ae7067b0aa03f34a7d4cf24796c22806cbf528696068d0dbc06d377cbdec,829a2122fab3ae843a3ab07164c05ec3d8116a91399885502b3317d145e7c708
sample,dense_crlf-49,32,2648090,259999,10000,4376ae7067b0aa03f34a7d4cf24796c22806cbf528696068d0dbc06d377cbdec,829a2122fab3ae843a3ab07164c05ec3d8116a91399885502b3317d145e7c708
sample,dense_crlf-49,33,2641210,259999,10000,4376ae7067b0aa03f34a7d4cf24796c22806cbf528696068d0dbc06d377cbdec,829a2122fab3ae843a3ab07164c05ec3d8116a91399885502b3317d145e7c708
sample,dense_crlf-49,34,2648390,259999,10000,4376ae7067b0aa03f34a7d4cf24796c22806cbf528696068d0dbc06d377cbdec,829a2122fab3ae843a3ab07164c05ec3d8116a91399885502b3317d145e7c708
sample,dense_crlf-49,35,2641669,259999,10000,4376ae7067b0aa03f34a7d4cf24796c22806cbf528696068d0dbc06d377cbdec,829a2122fab3ae843a3ab07164c05ec3d8116a91399885502b3317d145e7c708
sample,dense_crlf-49,36,2629990,259999,10000,4376ae7067b0aa03f34a7d4cf24796c22806cbf528696068d0dbc06d377cbdec,829a2122fab3ae843a3ab07164c05ec3d8116a91399885502b3317d145e7c708
sample,dense_crlf-49,37,2642670,259999,10000,4376ae7067b0aa03f34a7d4cf24796c22806cbf528696068d0dbc06d377cbdec,829a2122fab3ae843a3ab07164c05ec3d8116a91399885502b3317d145e7c708
sample,dense_crlf-49,38,2632239,259999,10000,4376ae7067b0aa03f34a7d4cf24796c22806cbf528696068d0dbc06d377cbdec,829a2122fab3ae843a3ab07164c05ec3d8116a91399885502b3317d145e7c708
sample,dense_crlf-49,39,2639080,259999,10000,4376ae7067b0aa03f34a7d4cf24796c22806cbf528696068d0dbc06d377cbdec,829a2122fab3ae843a3ab07164c05ec3d8116a91399885502b3317d145e7c708
sample,dense_crlf-49,40,2645650,259999,10000,4376ae7067b0aa03f34a7d4cf24796c22806cbf528696068d0dbc06d377cbdec,829a2122fab3ae843a3ab07164c05ec3d8116a91399885502b3317d145e7c708
sample,dense_crlf-49,41,2643030,259999,10000,4376ae7067b0aa03f34a7d4cf24796c22806cbf528696068d0dbc06d377cbdec,829a2122fab3ae843a3ab07164c05ec3d8116a91399885502b3317d145e7c708
sample,dense_crlf-49,42,2645989,259999,10000,4376ae7067b0aa03f34a7d4cf24796c22806cbf528696068d0dbc06d377cbdec,829a2122fab3ae843a3ab07164c05ec3d8116a91399885502b3317d145e7c708
sample,dense_crlf-49,43,2639420,259999,10000,4376ae7067b0aa03f34a7d4cf24796c22806cbf528696068d0dbc06d377cbdec,829a2122fab3ae843a3ab07164c05ec3d8116a91399885502b3317d145e7c708
sample,dense_crlf-49,44,2661100,259999,10000,4376ae7067b0aa03f34a7d4cf24796c22806cbf528696068d0dbc06d377cbdec,829a2122fab3ae843a3ab07164c05ec3d8116a91399885502b3317d145e7c708
sample,dense_crlf-49,45,2643960,259999,10000,4376ae7067b0aa03f34a7d4cf24796c22806cbf528696068d0dbc06d377cbdec,829a2122fab3ae843a3ab07164c05ec3d8116a91399885502b3317d145e7c708
sample,dense_crlf-49,46,2646349,259999,10000,4376ae7067b0aa03f34a7d4cf24796c22806cbf528696068d0dbc06d377cbdec,829a2122fab3ae843a3ab07164c05ec3d8116a91399885502b3317d145e7c708
sample,dense_crlf-49,47,2650010,259999,10000,4376ae7067b0aa03f34a7d4cf24796c22806cbf528696068d0dbc06d377cbdec,829a2122fab3ae843a3ab07164c05ec3d8116a91399885502b3317d145e7c708
sample,dense_crlf-49,48,2662130,259999,10000,4376ae7067b0aa03f34a7d4cf24796c22806cbf528696068d0dbc06d377cbdec,829a2122fab3ae843a3ab07164c05ec3d8116a91399885502b3317d145e7c708
sample,dense_crlf-49,49,2648390,259999,10000,4376ae7067b0aa03f34a7d4cf24796c22806cbf528696068d0dbc06d377cbdec,829a2122fab3ae843a3ab07164c05ec3d8116a91399885502b3317d145e7c708
sample,dense_crlf-49,50,2644689,259999,10000,4376ae7067b0aa03f34a7d4cf24796c22806cbf528696068d0dbc06d377cbdec,829a2122fab3ae843a3ab07164c05ec3d8116a91399885502b3317d145e7c708
sample,dense_crlf-49,51,2650420,259999,10000,4376ae7067b0aa03f34a7d4cf24796c22806cbf528696068d0dbc06d377cbdec,829a2122fab3ae843a3ab07164c05ec3d8116a91399885502b3317d145e7c708
sample,dense_crlf-49,52,2652970,259999,10000,4376ae7067b0aa03f34a7d4cf24796c22806cbf528696068d0dbc06d377cbdec,829a2122fab3ae843a3ab07164c05ec3d8116a91399885502b3317d145e7c708
sample,dense_crlf-49,53,2645880,259999,10000,4376ae7067b0aa03f34a7d4cf24796c22806cbf528696068d0dbc06d377cbdec,829a2122fab3ae843a3ab07164c05ec3d8116a91399885502b3317d145e7c708
sample,dense_crlf-49,54,2653179,259999,10000,4376ae7067b0aa03f34a7d4cf24796c22806cbf528696068d0dbc06d377cbdec,829a2122fab3ae843a3ab07164c05ec3d8116a91399885502b3317d145e7c708
sample,dense_crlf-49,55,2635300,259999,10000,4376ae7067b0aa03f34a7d4cf24796c22806cbf528696068d0dbc06d377cbdec,829a2122fab3ae843a3ab07164c05ec3d8116a91399885502b3317d145e7c708
sample,dense_crlf-49,56,2640950,259999,10000,4376ae7067b0aa03f34a7d4cf24796c22806cbf528696068d0dbc06d377cbdec,829a2122fab3ae843a3ab07164c05ec3d8116a91399885502b3317d145e7c708
sample,dense_crlf-49,57,2653359,259999,10000,4376ae7067b0aa03f34a7d4cf24796c22806cbf528696068d0dbc06d377cbdec,829a2122fab3ae843a3ab07164c05ec3d8116a91399885502b3317d145e7c708
sample,dense_crlf-49,58,2636900,259999,10000,4376ae7067b0aa03f34a7d4cf24796c22806cbf528696068d0dbc06d377cbdec,829a2122fab3ae843a3ab07164c05ec3d8116a91399885502b3317d145e7c708
sample,dense_crlf-49,59,2629980,259999,10000,4376ae7067b0aa03f34a7d4cf24796c22806cbf528696068d0dbc06d377cbdec,829a2122fab3ae843a3ab07164c05ec3d8116a91399885502b3317d145e7c708
sample,dense_crlf-49,60,2638389,259999,10000,4376ae7067b0aa03f34a7d4cf24796c22806cbf528696068d0dbc06d377cbdec,829a2122fab3ae843a3ab07164c05ec3d8116a91399885502b3317d145e7c708
sample,dense_crlf-49,61,2630170,259999,10000,4376ae7067b0aa03f34a7d4cf24796c22806cbf528696068d0dbc06d377cbdec,829a2122fab3ae843a3ab07164c05ec3d8116a91399885502b3317d145e7c708
sample,dense_crlf-49,62,2629710,259999,10000,4376ae7067b0aa03f34a7d4cf24796c22806cbf528696068d0dbc06d377cbdec,829a2122fab3ae843a3ab07164c05ec3d8116a91399885502b3317d145e7c708
sample,dense_crlf-49,63,2630869,259999,10000,4376ae7067b0aa03f34a7d4cf24796c22806cbf528696068d0dbc06d377cbdec,829a2122fab3ae843a3ab07164c05ec3d8116a91399885502b3317d145e7c708
sample,dense_crlf-49,64,2628010,259999,10000,4376ae7067b0aa03f34a7d4cf24796c22806cbf528696068d0dbc06d377cbdec,829a2122fab3ae843a3ab07164c05ec3d8116a91399885502b3317d145e7c708
sample,dense_crlf-49,65,2632890,259999,10000,4376ae7067b0aa03f34a7d4cf24796c22806cbf528696068d0dbc06d377cbdec,829a2122fab3ae843a3ab07164c05ec3d8116a91399885502b3317d145e7c708
sample,dense_crlf-49,66,2643040,259999,10000,4376ae7067b0aa03f34a7d4cf24796c22806cbf528696068d0dbc06d377cbdec,829a2122fab3ae843a3ab07164c05ec3d8116a91399885502b3317d145e7c708
sample,dense_crlf-49,67,2640059,259999,10000,4376ae7067b0aa03f34a7d4cf24796c22806cbf528696068d0dbc06d377cbdec,829a2122fab3ae843a3ab07164c05ec3d8116a91399885502b3317d145e7c708
sample,dense_crlf-49,68,2634950,259999,10000,4376ae7067b0aa03f34a7d4cf24796c22806cbf528696068d0dbc06d377cbdec,829a2122fab3ae843a3ab07164c05ec3d8116a91399885502b3317d145e7c708
sample,dense_crlf-49,69,2640570,259999,10000,4376ae7067b0aa03f34a7d4cf24796c22806cbf528696068d0dbc06d377cbdec,829a2122fab3ae843a3ab07164c05ec3d8116a91399885502b3317d145e7c708
sample,dense_crlf-49,70,2628779,259999,10000,4376ae7067b0aa03f34a7d4cf24796c22806cbf528696068d0dbc06d377cbdec,829a2122fab3ae843a3ab07164c05ec3d8116a91399885502b3317d145e7c708
sample,dense_crlf-49,71,2646840,259999,10000,4376ae7067b0aa03f34a7d4cf24796c22806cbf528696068d0dbc06d377cbdec,829a2122fab3ae843a3ab07164c05ec3d8116a91399885502b3317d145e7c708
sample,dense_crlf-49,72,2641980,259999,10000,4376ae7067b0aa03f34a7d4cf24796c22806cbf528696068d0dbc06d377cbdec,829a2122fab3ae843a3ab07164c05ec3d8116a91399885502b3317d145e7c708
sample,dense_crlf-49,73,2640000,259999,10000,4376ae7067b0aa03f34a7d4cf24796c22806cbf528696068d0dbc06d377cbdec,829a2122fab3ae843a3ab07164c05ec3d8116a91399885502b3317d145e7c708
sample,dense_crlf-49,74,2654079,259999,10000,4376ae7067b0aa03f34a7d4cf24796c22806cbf528696068d0dbc06d377cbdec,829a2122fab3ae843a3ab07164c05ec3d8116a91399885502b3317d145e7c708
sample,dense_crlf-49,75,2648970,259999,10000,4376ae7067b0aa03f34a7d4cf24796c22806cbf528696068d0dbc06d377cbdec,829a2122fab3ae843a3ab07164c05ec3d8116a91399885502b3317d145e7c708
sample,dense_crlf-49,76,2632330,259999,10000,4376ae7067b0aa03f34a7d4cf24796c22806cbf528696068d0dbc06d377cbdec,829a2122fab3ae843a3ab07164c05ec3d8116a91399885502b3317d145e7c708
sample,dense_crlf-49,77,2641569,259999,10000,4376ae7067b0aa03f34a7d4cf24796c22806cbf528696068d0dbc06d377cbdec,829a2122fab3ae843a3ab07164c05ec3d8116a91399885502b3317d145e7c708
sample,dense_crlf-49,78,2635069,259999,10000,4376ae7067b0aa03f34a7d4cf24796c22806cbf528696068d0dbc06d377cbdec,829a2122fab3ae843a3ab07164c05ec3d8116a91399885502b3317d145e7c708
sample,dense_crlf-49,79,2642610,259999,10000,4376ae7067b0aa03f34a7d4cf24796c22806cbf528696068d0dbc06d377cbdec,829a2122fab3ae843a3ab07164c05ec3d8116a91399885502b3317d145e7c708
sample,dense_crlf-49,80,2636950,259999,10000,4376ae7067b0aa03f34a7d4cf24796c22806cbf528696068d0dbc06d377cbdec,829a2122fab3ae843a3ab07164c05ec3d8116a91399885502b3317d145e7c708
sample,dense_crlf-49,81,2636889,259999,10000,4376ae7067b0aa03f34a7d4cf24796c22806cbf528696068d0dbc06d377cbdec,829a2122fab3ae843a3ab07164c05ec3d8116a91399885502b3317d145e7c708
sample,dense_crlf-49,82,2636170,259999,10000,4376ae7067b0aa03f34a7d4cf24796c22806cbf528696068d0dbc06d377cbdec,829a2122fab3ae843a3ab07164c05ec3d8116a91399885502b3317d145e7c708
sample,dense_crlf-49,83,2645460,259999,10000,4376ae7067b0aa03f34a7d4cf24796c22806cbf528696068d0dbc06d377cbdec,829a2122fab3ae843a3ab07164c05ec3d8116a91399885502b3317d145e7c708
sample,dense_crlf-49,84,2632929,259999,10000,4376ae7067b0aa03f34a7d4cf24796c22806cbf528696068d0dbc06d377cbdec,829a2122fab3ae843a3ab07164c05ec3d8116a91399885502b3317d145e7c708
sample,dense_crlf-49,85,2630970,259999,10000,4376ae7067b0aa03f34a7d4cf24796c22806cbf528696068d0dbc06d377cbdec,829a2122fab3ae843a3ab07164c05ec3d8116a91399885502b3317d145e7c708
sample,dense_crlf-49,86,2646150,259999,10000,4376ae7067b0aa03f34a7d4cf24796c22806cbf528696068d0dbc06d377cbdec,829a2122fab3ae843a3ab07164c05ec3d8116a91399885502b3317d145e7c708
sample,dense_crlf-49,87,2629040,259999,10000,4376ae7067b0aa03f34a7d4cf24796c22806cbf528696068d0dbc06d377cbdec,829a2122fab3ae843a3ab07164c05ec3d8116a91399885502b3317d145e7c708
sample,dense_crlf-49,88,2636310,259999,10000,4376ae7067b0aa03f34a7d4cf24796c22806cbf528696068d0dbc06d377cbdec,829a2122fab3ae843a3ab07164c05ec3d8116a91399885502b3317d145e7c708
sample,dense_crlf-49,89,2642139,259999,10000,4376ae7067b0aa03f34a7d4cf24796c22806cbf528696068d0dbc06d377cbdec,829a2122fab3ae843a3ab07164c05ec3d8116a91399885502b3317d145e7c708
sample,dense_crlf-49,90,2635220,259999,10000,4376ae7067b0aa03f34a7d4cf24796c22806cbf528696068d0dbc06d377cbdec,829a2122fab3ae843a3ab07164c05ec3d8116a91399885502b3317d145e7c708
sample,dense_crlf-49,91,2638080,259999,10000,4376ae7067b0aa03f34a7d4cf24796c22806cbf528696068d0dbc06d377cbdec,829a2122fab3ae843a3ab07164c05ec3d8116a91399885502b3317d145e7c708
sample,dense_crlf-49,92,2642490,259999,10000,4376ae7067b0aa03f34a7d4cf24796c22806cbf528696068d0dbc06d377cbdec,829a2122fab3ae843a3ab07164c05ec3d8116a91399885502b3317d145e7c708
sample,dense_crlf-49,93,2651410,259999,10000,4376ae7067b0aa03f34a7d4cf24796c22806cbf528696068d0dbc06d377cbdec,829a2122fab3ae843a3ab07164c05ec3d8116a91399885502b3317d145e7c708
sample,dense_crlf-49,94,2647139,259999,10000,4376ae7067b0aa03f34a7d4cf24796c22806cbf528696068d0dbc06d377cbdec,829a2122fab3ae843a3ab07164c05ec3d8116a91399885502b3317d145e7c708
sample,dense_crlf-49,95,2638950,259999,10000,4376ae7067b0aa03f34a7d4cf24796c22806cbf528696068d0dbc06d377cbdec,829a2122fab3ae843a3ab07164c05ec3d8116a91399885502b3317d145e7c708
sample,dense_crlf-49,96,2634720,259999,10000,4376ae7067b0aa03f34a7d4cf24796c22806cbf528696068d0dbc06d377cbdec,829a2122fab3ae843a3ab07164c05ec3d8116a91399885502b3317d145e7c708
sample,dense_crlf-49,97,2641250,259999,10000,4376ae7067b0aa03f34a7d4cf24796c22806cbf528696068d0dbc06d377cbdec,829a2122fab3ae843a3ab07164c05ec3d8116a91399885502b3317d145e7c708
sample,dense_crlf-49,98,2629420,259999,10000,4376ae7067b0aa03f34a7d4cf24796c22806cbf528696068d0dbc06d377cbdec,829a2122fab3ae843a3ab07164c05ec3d8116a91399885502b3317d145e7c708
sample,dense_crlf-49,99,2731000,259999,10000,4376ae7067b0aa03f34a7d4cf24796c22806cbf528696068d0dbc06d377cbdec,829a2122fab3ae843a3ab07164c05ec3d8116a91399885502b3317d145e7c708
sample,dense_crlf-49,100,2697930,259999,10000,4376ae7067b0aa03f34a7d4cf24796c22806cbf528696068d0dbc06d377cbdec,829a2122fab3ae843a3ab07164c05ec3d8116a91399885502b3317d145e7c708
sample,dense_crlf-49,101,2696490,259999,10000,4376ae7067b0aa03f34a7d4cf24796c22806cbf528696068d0dbc06d377cbdec,829a2122fab3ae843a3ab07164c05ec3d8116a91399885502b3317d145e7c708
sample,dense_crlf-49,102,2710400,259999,10000,4376ae7067b0aa03f34a7d4cf24796c22806cbf528696068d0dbc06d377cbdec,829a2122fab3ae843a3ab07164c05ec3d8116a91399885502b3317d145e7c708
sample,dense_crlf-49,103,2702730,259999,10000,4376ae7067b0aa03f34a7d4cf24796c22806cbf528696068d0dbc06d377cbdec,829a2122fab3ae843a3ab07164c05ec3d8116a91399885502b3317d145e7c708
sample,dense_crlf-49,104,2707440,259999,10000,4376ae7067b0aa03f34a7d4cf24796c22806cbf528696068d0dbc06d377cbdec,829a2122fab3ae843a3ab07164c05ec3d8116a91399885502b3317d145e7c708
sample,dense_crlf-49,105,2697900,259999,10000,4376ae7067b0aa03f34a7d4cf24796c22806cbf528696068d0dbc06d377cbdec,829a2122fab3ae843a3ab07164c05ec3d8116a91399885502b3317d145e7c708
sample,dense_crlf-49,106,2698510,259999,10000,4376ae7067b0aa03f34a7d4cf24796c22806cbf528696068d0dbc06d377cbdec,829a2122fab3ae843a3ab07164c05ec3d8116a91399885502b3317d145e7c708
sample,dense_crlf-49,107,2701840,259999,10000,4376ae7067b0aa03f34a7d4cf24796c22806cbf528696068d0dbc06d377cbdec,829a2122fab3ae843a3ab07164c05ec3d8116a91399885502b3317d145e7c708
sample,dense_crlf-49,108,2703480,259999,10000,4376ae7067b0aa03f34a7d4cf24796c22806cbf528696068d0dbc06d377cbdec,829a2122fab3ae843a3ab07164c05ec3d8116a91399885502b3317d145e7c708
sample,dense_crlf-49,109,2696550,259999,10000,4376ae7067b0aa03f34a7d4cf24796c22806cbf528696068d0dbc06d377cbdec,829a2122fab3ae843a3ab07164c05ec3d8116a91399885502b3317d145e7c708
sample,dense_crlf-49,110,2693640,259999,10000,4376ae7067b0aa03f34a7d4cf24796c22806cbf528696068d0dbc06d377cbdec,829a2122fab3ae843a3ab07164c05ec3d8116a91399885502b3317d145e7c708
sample,dense_crlf-49,111,2697480,259999,10000,4376ae7067b0aa03f34a7d4cf24796c22806cbf528696068d0dbc06d377cbdec,829a2122fab3ae843a3ab07164c05ec3d8116a91399885502b3317d145e7c708
sample,dense_crlf-49,112,2704600,259999,10000,4376ae7067b0aa03f34a7d4cf24796c22806cbf528696068d0dbc06d377cbdec,829a2122fab3ae843a3ab07164c05ec3d8116a91399885502b3317d145e7c708
sample,dense_crlf-49,113,2721260,259999,10000,4376ae7067b0aa03f34a7d4cf24796c22806cbf528696068d0dbc06d377cbdec,829a2122fab3ae843a3ab07164c05ec3d8116a91399885502b3317d145e7c708
sample,dense_crlf-49,114,2720560,259999,10000,4376ae7067b0aa03f34a7d4cf24796c22806cbf528696068d0dbc06d377cbdec,829a2122fab3ae843a3ab07164c05ec3d8116a91399885502b3317d145e7c708
sample,dense_crlf-49,115,2698640,259999,10000,4376ae7067b0aa03f34a7d4cf24796c22806cbf528696068d0dbc06d377cbdec,829a2122fab3ae843a3ab07164c05ec3d8116a91399885502b3317d145e7c708
sample,dense_crlf-49,116,2699670,259999,10000,4376ae7067b0aa03f34a7d4cf24796c22806cbf528696068d0dbc06d377cbdec,829a2122fab3ae843a3ab07164c05ec3d8116a91399885502b3317d145e7c708
sample,dense_crlf-49,117,2699800,259999,10000,4376ae7067b0aa03f34a7d4cf24796c22806cbf528696068d0dbc06d377cbdec,829a2122fab3ae843a3ab07164c05ec3d8116a91399885502b3317d145e7c708
sample,dense_crlf-49,118,2697770,259999,10000,4376ae7067b0aa03f34a7d4cf24796c22806cbf528696068d0dbc06d377cbdec,829a2122fab3ae843a3ab07164c05ec3d8116a91399885502b3317d145e7c708
sample,dense_crlf-49,119,2710000,259999,10000,4376ae7067b0aa03f34a7d4cf24796c22806cbf528696068d0dbc06d377cbdec,829a2122fab3ae843a3ab07164c05ec3d8116a91399885502b3317d145e7c708
sample,dense_crlf-49,120,2697770,259999,10000,4376ae7067b0aa03f34a7d4cf24796c22806cbf528696068d0dbc06d377cbdec,829a2122fab3ae843a3ab07164c05ec3d8116a91399885502b3317d145e7c708
sample,dense_crlf-49,121,2691780,259999,10000,4376ae7067b0aa03f34a7d4cf24796c22806cbf528696068d0dbc06d377cbdec,829a2122fab3ae843a3ab07164c05ec3d8116a91399885502b3317d145e7c708
sample,dense_crlf-49,122,2693120,259999,10000,4376ae7067b0aa03f34a7d4cf24796c22806cbf528696068d0dbc06d377cbdec,829a2122fab3ae843a3ab07164c05ec3d8116a91399885502b3317d145e7c708
sample,dense_crlf-49,123,2707450,259999,10000,4376ae7067b0aa03f34a7d4cf24796c22806cbf528696068d0dbc06d377cbdec,829a2122fab3ae843a3ab07164c05ec3d8116a91399885502b3317d145e7c708
sample,dense_crlf-49,124,2691400,259999,10000,4376ae7067b0aa03f34a7d4cf24796c22806cbf528696068d0dbc06d377cbdec,829a2122fab3ae843a3ab07164c05ec3d8116a91399885502b3317d145e7c708
sample,dense_crlf-49,125,2696320,259999,10000,4376ae7067b0aa03f34a7d4cf24796c22806cbf528696068d0dbc06d377cbdec,829a2122fab3ae843a3ab07164c05ec3d8116a91399885502b3317d145e7c708
sample,dense_crlf-49,126,2713610,259999,10000,4376ae7067b0aa03f34a7d4cf24796c22806cbf528696068d0dbc06d377cbdec,829a2122fab3ae843a3ab07164c05ec3d8116a91399885502b3317d145e7c708
sample,dense_crlf-49,127,2703160,259999,10000,4376ae7067b0aa03f34a7d4cf24796c22806cbf528696068d0dbc06d377cbdec,829a2122fab3ae843a3ab07164c05ec3d8116a91399885502b3317d145e7c708
sample,dense_crlf-49,128,2696130,259999,10000,4376ae7067b0aa03f34a7d4cf24796c22806cbf528696068d0dbc06d377cbdec,829a2122fab3ae843a3ab07164c05ec3d8116a91399885502b3317d145e7c708
sample,dense_crlf-49,129,2694630,259999,10000,4376ae7067b0aa03f34a7d4cf24796c22806cbf528696068d0dbc06d377cbdec,829a2122fab3ae843a3ab07164c05ec3d8116a91399885502b3317d145e7c708
sample,dense_crlf-49,130,2696570,259999,10000,4376ae7067b0aa03f34a7d4cf24796c22806cbf528696068d0dbc06d377cbdec,829a2122fab3ae843a3ab07164c05ec3d8116a91399885502b3317d145e7c708
sample,dense_crlf-49,131,2705280,259999,10000,4376ae7067b0aa03f34a7d4cf24796c22806cbf528696068d0dbc06d377cbdec,829a2122fab3ae843a3ab07164c05ec3d8116a91399885502b3317d145e7c708
sample,dense_crlf-49,132,2697540,259999,10000,4376ae7067b0aa03f34a7d4cf24796c22806cbf528696068d0dbc06d377cbdec,829a2122fab3ae843a3ab07164c05ec3d8116a91399885502b3317d145e7c708
sample,dense_crlf-49,133,2704210,259999,10000,4376ae7067b0aa03f34a7d4cf24796c22806cbf528696068d0dbc06d377cbdec,829a2122fab3ae843a3ab07164c05ec3d8116a91399885502b3317d145e7c708
sample,dense_crlf-49,134,2700590,259999,10000,4376ae7067b0aa03f34a7d4cf24796c22806cbf528696068d0dbc06d377cbdec,829a2122fab3ae843a3ab07164c05ec3d8116a91399885502b3317d145e7c708
sample,dense_crlf-49,135,2695360,259999,10000,4376ae7067b0aa03f34a7d4cf24796c22806cbf528696068d0dbc06d377cbdec,829a2122fab3ae843a3ab07164c05ec3d8116a91399885502b3317d145e7c708
sample,dense_crlf-49,136,2684700,259999,10000,4376ae7067b0aa03f34a7d4cf24796c22806cbf528696068d0dbc06d377cbdec,829a2122fab3ae843a3ab07164c05ec3d8116a91399885502b3317d145e7c708
sample,dense_crlf-49,137,2638530,259999,10000,4376ae7067b0aa03f34a7d4cf24796c22806cbf528696068d0dbc06d377cbdec,829a2122fab3ae843a3ab07164c05ec3d8116a91399885502b3317d145e7c708
sample,dense_crlf-49,138,2641229,259999,10000,4376ae7067b0aa03f34a7d4cf24796c22806cbf528696068d0dbc06d377cbdec,829a2122fab3ae843a3ab07164c05ec3d8116a91399885502b3317d145e7c708
sample,dense_crlf-49,139,2649920,259999,10000,4376ae7067b0aa03f34a7d4cf24796c22806cbf528696068d0dbc06d377cbdec,829a2122fab3ae843a3ab07164c05ec3d8116a91399885502b3317d145e7c708
sample,dense_crlf-49,140,2645530,259999,10000,4376ae7067b0aa03f34a7d4cf24796c22806cbf528696068d0dbc06d377cbdec,829a2122fab3ae843a3ab07164c05ec3d8116a91399885502b3317d145e7c708
sample,dense_crlf-49,141,2638030,259999,10000,4376ae7067b0aa03f34a7d4cf24796c22806cbf528696068d0dbc06d377cbdec,829a2122fab3ae843a3ab07164c05ec3d8116a91399885502b3317d145e7c708
sample,dense_crlf-49,142,2631400,259999,10000,4376ae7067b0aa03f34a7d4cf24796c22806cbf528696068d0dbc06d377cbdec,829a2122fab3ae843a3ab07164c05ec3d8116a91399885502b3317d145e7c708
sample,dense_crlf-49,143,2645370,259999,10000,4376ae7067b0aa03f34a7d4cf24796c22806cbf528696068d0dbc06d377cbdec,829a2122fab3ae843a3ab07164c05ec3d8116a91399885502b3317d145e7c708
sample,dense_crlf-49,144,2631719,259999,10000,4376ae7067b0aa03f34a7d4cf24796c22806cbf528696068d0dbc06d377cbdec,829a2122fab3ae843a3ab07164c05ec3d8116a91399885502b3317d145e7c708
sample,dense_crlf-49,145,2626340,259999,10000,4376ae7067b0aa03f34a7d4cf24796c22806cbf528696068d0dbc06d377cbdec,829a2122fab3ae843a3ab07164c05ec3d8116a91399885502b3317d145e7c708
sample,dense_crlf-49,146,2625270,259999,10000,4376ae7067b0aa03f34a7d4cf24796c22806cbf528696068d0dbc06d377cbdec,829a2122fab3ae843a3ab07164c05ec3d8116a91399885502b3317d145e7c708
sample,dense_crlf-49,147,2630479,259999,10000,4376ae7067b0aa03f34a7d4cf24796c22806cbf528696068d0dbc06d377cbdec,829a2122fab3ae843a3ab07164c05ec3d8116a91399885502b3317d145e7c708
sample,dense_crlf-49,148,2630959,259999,10000,4376ae7067b0aa03f34a7d4cf24796c22806cbf528696068d0dbc06d377cbdec,829a2122fab3ae843a3ab07164c05ec3d8116a91399885502b3317d145e7c708
sample,dense_crlf-49,149,2624460,259999,10000,4376ae7067b0aa03f34a7d4cf24796c22806cbf528696068d0dbc06d377cbdec,829a2122fab3ae843a3ab07164c05ec3d8116a91399885502b3317d145e7c708
sample,dense_crlf-49,150,2641240,259999,10000,4376ae7067b0aa03f34a7d4cf24796c22806cbf528696068d0dbc06d377cbdec,829a2122fab3ae843a3ab07164c05ec3d8116a91399885502b3317d145e7c708
sample,dense_crlf-49,151,2643040,259999,10000,4376ae7067b0aa03f34a7d4cf24796c22806cbf528696068d0dbc06d377cbdec,829a2122fab3ae843a3ab07164c05ec3d8116a91399885502b3317d145e7c708
sample,dense_crlf-49,152,2637510,259999,10000,4376ae7067b0aa03f34a7d4cf24796c22806cbf528696068d0dbc06d377cbdec,829a2122fab3ae843a3ab07164c05ec3d8116a91399885502b3317d145e7c708
sample,dense_crlf-49,153,2641119,259999,10000,4376ae7067b0aa03f34a7d4cf24796c22806cbf528696068d0dbc06d377cbdec,829a2122fab3ae843a3ab07164c05ec3d8116a91399885502b3317d145e7c708
sample,dense_crlf-49,154,2630680,259999,10000,4376ae7067b0aa03f34a7d4cf24796c22806cbf528696068d0dbc06d377cbdec,829a2122fab3ae843a3ab07164c05ec3d8116a91399885502b3317d145e7c708
sample,dense_crlf-49,155,2623250,259999,10000,4376ae7067b0aa03f34a7d4cf24796c22806cbf528696068d0dbc06d377cbdec,829a2122fab3ae843a3ab07164c05ec3d8116a91399885502b3317d145e7c708
sample,dense_crlf-49,156,2632520,259999,10000,4376ae7067b0aa03f34a7d4cf24796c22806cbf528696068d0dbc06d377cbdec,829a2122fab3ae843a3ab07164c05ec3d8116a91399885502b3317d145e7c708
sample,dense_crlf-49,157,2631039,259999,10000,4376ae7067b0aa03f34a7d4cf24796c22806cbf528696068d0dbc06d377cbdec,829a2122fab3ae843a3ab07164c05ec3d8116a91399885502b3317d145e7c708
sample,dense_crlf-49,158,2642530,259999,10000,4376ae7067b0aa03f34a7d4cf24796c22806cbf528696068d0dbc06d377cbdec,829a2122fab3ae843a3ab07164c05ec3d8116a91399885502b3317d145e7c708
sample,dense_crlf-49,159,2641410,259999,10000,4376ae7067b0aa03f34a7d4cf24796c22806cbf528696068d0dbc06d377cbdec,829a2122fab3ae843a3ab07164c05ec3d8116a91399885502b3317d145e7c708
sample,dense_crlf-49,160,2621140,259999,10000,4376ae7067b0aa03f34a7d4cf24796c22806cbf528696068d0dbc06d377cbdec,829a2122fab3ae843a3ab07164c05ec3d8116a91399885502b3317d145e7c708
sample,dense_crlf-49,161,2635419,259999,10000,4376ae7067b0aa03f34a7d4cf24796c22806cbf528696068d0dbc06d377cbdec,829a2122fab3ae843a3ab07164c05ec3d8116a91399885502b3317d145e7c708
sample,dense_crlf-49,162,2638670,259999,10000,4376ae7067b0aa03f34a7d4cf24796c22806cbf528696068d0dbc06d377cbdec,829a2122fab3ae843a3ab07164c05ec3d8116a91399885502b3317d145e7c708
sample,dense_crlf-49,163,2627980,259999,10000,4376ae7067b0aa03f34a7d4cf24796c22806cbf528696068d0dbc06d377cbdec,829a2122fab3ae843a3ab07164c05ec3d8116a91399885502b3317d145e7c708
sample,dense_crlf-49,164,2646760,259999,10000,4376ae7067b0aa03f34a7d4cf24796c22806cbf528696068d0dbc06d377cbdec,829a2122fab3ae843a3ab07164c05ec3d8116a91399885502b3317d145e7c708
sample,dense_crlf-49,165,2656240,259999,10000,4376ae7067b0aa03f34a7d4cf24796c22806cbf528696068d0dbc06d377cbdec,829a2122fab3ae843a3ab07164c05ec3d8116a91399885502b3317d145e7c708
sample,dense_crlf-49,166,2646740,259999,10000,4376ae7067b0aa03f34a7d4cf24796c22806cbf528696068d0dbc06d377cbdec,829a2122fab3ae843a3ab07164c05ec3d8116a91399885502b3317d145e7c708
sample,dense_crlf-49,167,2643339,259999,10000,4376ae7067b0aa03f34a7d4cf24796c22806cbf528696068d0dbc06d377cbdec,829a2122fab3ae843a3ab07164c05ec3d8116a91399885502b3317d145e7c708
sample,dense_crlf-49,168,2653670,259999,10000,4376ae7067b0aa03f34a7d4cf24796c22806cbf528696068d0dbc06d377cbdec,829a2122fab3ae843a3ab07164c05ec3d8116a91399885502b3317d145e7c708
sample,dense_crlf-49,169,2630060,259999,10000,4376ae7067b0aa03f34a7d4cf24796c22806cbf528696068d0dbc06d377cbdec,829a2122fab3ae843a3ab07164c05ec3d8116a91399885502b3317d145e7c708
sample,dense_crlf-49,170,2639770,259999,10000,4376ae7067b0aa03f34a7d4cf24796c22806cbf528696068d0dbc06d377cbdec,829a2122fab3ae843a3ab07164c05ec3d8116a91399885502b3317d145e7c708
sample,dense_crlf-49,171,2637850,259999,10000,4376ae7067b0aa03f34a7d4cf24796c22806cbf528696068d0dbc06d377cbdec,829a2122fab3ae843a3ab07164c05ec3d8116a91399885502b3317d145e7c708
sample,dense_crlf-49,172,2627669,259999,10000,4376ae7067b0aa03f34a7d4cf24796c22806cbf528696068d0dbc06d377cbdec,829a2122fab3ae843a3ab07164c05ec3d8116a91399885502b3317d145e7c708
sample,dense_crlf-49,173,2635630,259999,10000,4376ae7067b0aa03f34a7d4cf24796c22806cbf528696068d0dbc06d377cbdec,829a2122fab3ae843a3ab07164c05ec3d8116a91399885502b3317d145e7c708
sample,dense_crlf-49,174,2633990,259999,10000,4376ae7067b0aa03f34a7d4cf24796c22806cbf528696068d0dbc06d377cbdec,829a2122fab3ae843a3ab07164c05ec3d8116a91399885502b3317d145e7c708
sample,dense_crlf-49,175,2629970,259999,10000,4376ae7067b0aa03f34a7d4cf24796c22806cbf528696068d0dbc06d377cbdec,829a2122fab3ae843a3ab07164c05ec3d8116a91399885502b3317d145e7c708
sample,dense_crlf-49,176,2635279,259999,10000,4376ae7067b0aa03f34a7d4cf24796c22806cbf528696068d0dbc06d377cbdec,829a2122fab3ae843a3ab07164c05ec3d8116a91399885502b3317d145e7c708
sample,dense_crlf-49,177,2633240,259999,10000,4376ae7067b0aa03f34a7d4cf24796c22806cbf528696068d0dbc06d377cbdec,829a2122fab3ae843a3ab07164c05ec3d8116a91399885502b3317d145e7c708
sample,dense_crlf-49,178,2634130,259999,10000,4376ae7067b0aa03f34a7d4cf24796c22806cbf528696068d0dbc06d377cbdec,829a2122fab3ae843a3ab07164c05ec3d8116a91399885502b3317d145e7c708
sample,dense_crlf-49,179,2646120,259999,10000,4376ae7067b0aa03f34a7d4cf24796c22806cbf528696068d0dbc06d377cbdec,829a2122fab3ae843a3ab07164c05ec3d8116a91399885502b3317d145e7c708
sample,dense_crlf-49,180,2631970,259999,10000,4376ae7067b0aa03f34a7d4cf24796c22806cbf528696068d0dbc06d377cbdec,829a2122fab3ae843a3ab07164c05ec3d8116a91399885502b3317d145e7c708
sample,dense_crlf-49,181,2631969,259999,10000,4376ae7067b0aa03f34a7d4cf24796c22806cbf528696068d0dbc06d377cbdec,829a2122fab3ae843a3ab07164c05ec3d8116a91399885502b3317d145e7c708
sample,dense_crlf-49,182,2628330,259999,10000,4376ae7067b0aa03f34a7d4cf24796c22806cbf528696068d0dbc06d377cbdec,829a2122fab3ae843a3ab07164c05ec3d8116a91399885502b3317d145e7c708
sample,dense_crlf-49,183,2637310,259999,10000,4376ae7067b0aa03f34a7d4cf24796c22806cbf528696068d0dbc06d377cbdec,829a2122fab3ae843a3ab07164c05ec3d8116a91399885502b3317d145e7c708
sample,dense_crlf-49,184,2639010,259999,10000,4376ae7067b0aa03f34a7d4cf24796c22806cbf528696068d0dbc06d377cbdec,829a2122fab3ae843a3ab07164c05ec3d8116a91399885502b3317d145e7c708
sample,dense_crlf-49,185,2631510,259999,10000,4376ae7067b0aa03f34a7d4cf24796c22806cbf528696068d0dbc06d377cbdec,829a2122fab3ae843a3ab07164c05ec3d8116a91399885502b3317d145e7c708
sample,dense_crlf-49,186,2645169,259999,10000,4376ae7067b0aa03f34a7d4cf24796c22806cbf528696068d0dbc06d377cbdec,829a2122fab3ae843a3ab07164c05ec3d8116a91399885502b3317d145e7c708
sample,dense_crlf-49,187,2639000,259999,10000,4376ae7067b0aa03f34a7d4cf24796c22806cbf528696068d0dbc06d377cbdec,829a2122fab3ae843a3ab07164c05ec3d8116a91399885502b3317d145e7c708
sample,dense_crlf-49,188,2628340,259999,10000,4376ae7067b0aa03f34a7d4cf24796c22806cbf528696068d0dbc06d377cbdec,829a2122fab3ae843a3ab07164c05ec3d8116a91399885502b3317d145e7c708
sample,dense_crlf-49,189,2640820,259999,10000,4376ae7067b0aa03f34a7d4cf24796c22806cbf528696068d0dbc06d377cbdec,829a2122fab3ae843a3ab07164c05ec3d8116a91399885502b3317d145e7c708
sample,dense_crlf-49,190,2659690,259999,10000,4376ae7067b0aa03f34a7d4cf24796c22806cbf528696068d0dbc06d377cbdec,829a2122fab3ae843a3ab07164c05ec3d8116a91399885502b3317d145e7c708
sample,dense_crlf-49,191,2643229,259999,10000,4376ae7067b0aa03f34a7d4cf24796c22806cbf528696068d0dbc06d377cbdec,829a2122fab3ae843a3ab07164c05ec3d8116a91399885502b3317d145e7c708
sample,dense_crlf-49,192,2644730,259999,10000,4376ae7067b0aa03f34a7d4cf24796c22806cbf528696068d0dbc06d377cbdec,829a2122fab3ae843a3ab07164c05ec3d8116a91399885502b3317d145e7c708
sample,dense_crlf-49,193,2642890,259999,10000,4376ae7067b0aa03f34a7d4cf24796c22806cbf528696068d0dbc06d377cbdec,829a2122fab3ae843a3ab07164c05ec3d8116a91399885502b3317d145e7c708
sample,dense_crlf-49,194,2640820,259999,10000,4376ae7067b0aa03f34a7d4cf24796c22806cbf528696068d0dbc06d377cbdec,829a2122fab3ae843a3ab07164c05ec3d8116a91399885502b3317d145e7c708
sample,dense_crlf-49,195,2643890,259999,10000,4376ae7067b0aa03f34a7d4cf24796c22806cbf528696068d0dbc06d377cbdec,829a2122fab3ae843a3ab07164c05ec3d8116a91399885502b3317d145e7c708
sample,dense_crlf-49,196,2655549,259999,10000,4376ae7067b0aa03f34a7d4cf24796c22806cbf528696068d0dbc06d377cbdec,829a2122fab3ae843a3ab07164c05ec3d8116a91399885502b3317d145e7c708
sample,dense_crlf-49,197,2646219,259999,10000,4376ae7067b0aa03f34a7d4cf24796c22806cbf528696068d0dbc06d377cbdec,829a2122fab3ae843a3ab07164c05ec3d8116a91399885502b3317d145e7c708
sample,dense_crlf-49,198,2643440,259999,10000,4376ae7067b0aa03f34a7d4cf24796c22806cbf528696068d0dbc06d377cbdec,829a2122fab3ae843a3ab07164c05ec3d8116a91399885502b3317d145e7c708
sample,dense_crlf-49,199,2628950,259999,10000,4376ae7067b0aa03f34a7d4cf24796c22806cbf528696068d0dbc06d377cbdec,829a2122fab3ae843a3ab07164c05ec3d8116a91399885502b3317d145e7c708
sample,dense_crlf-49,200,2626890,259999,10000,4376ae7067b0aa03f34a7d4cf24796c22806cbf528696068d0dbc06d377cbdec,829a2122fab3ae843a3ab07164c05ec3d8116a91399885502b3317d145e7c708
sample,dense_crlf-49,201,2638449,259999,10000,4376ae7067b0aa03f34a7d4cf24796c22806cbf528696068d0dbc06d377cbdec,829a2122fab3ae843a3ab07164c05ec3d8116a91399885502b3317d145e7c708
sample,dense_crlf-49,202,2636910,259999,10000,4376ae7067b0aa03f34a7d4cf24796c22806cbf528696068d0dbc06d377cbdec,829a2122fab3ae843a3ab07164c05ec3d8116a91399885502b3317d145e7c708
sample,dense_crlf-49,203,2639820,259999,10000,4376ae7067b0aa03f34a7d4cf24796c22806cbf528696068d0dbc06d377cbdec,829a2122fab3ae843a3ab07164c05ec3d8116a91399885502b3317d145e7c708
sample,dense_crlf-49,204,2634260,259999,10000,4376ae7067b0aa03f34a7d4cf24796c22806cbf528696068d0dbc06d377cbdec,829a2122fab3ae843a3ab07164c05ec3d8116a91399885502b3317d145e7c708
sample,dense_crlf-49,205,2633330,259999,10000,4376ae7067b0aa03f34a7d4cf24796c22806cbf528696068d0dbc06d377cbdec,829a2122fab3ae843a3ab07164c05ec3d8116a91399885502b3317d145e7c708
sample,dense_crlf-49,206,2634489,259999,10000,4376ae7067b0aa03f34a7d4cf24796c22806cbf528696068d0dbc06d377cbdec,829a2122fab3ae843a3ab07164c05ec3d8116a91399885502b3317d145e7c708
sample,dense_crlf-49,207,2630590,259999,10000,4376ae7067b0aa03f34a7d4cf24796c22806cbf528696068d0dbc06d377cbdec,829a2122fab3ae843a3ab07164c05ec3d8116a91399885502b3317d145e7c708
sample,dense_crlf-49,208,2635070,259999,10000,4376ae7067b0aa03f34a7d4cf24796c22806cbf528696068d0dbc06d377cbdec,829a2122fab3ae843a3ab07164c05ec3d8116a91399885502b3317d145e7c708
sample,dense_crlf-49,209,2635780,259999,10000,4376ae7067b0aa03f34a7d4cf24796c22806cbf528696068d0dbc06d377cbdec,829a2122fab3ae843a3ab07164c05ec3d8116a91399885502b3317d145e7c708
sample,dense_crlf-49,210,2627860,259999,10000,4376ae7067b0aa03f34a7d4cf24796c22806cbf528696068d0dbc06d377cbdec,829a2122fab3ae843a3ab07164c05ec3d8116a91399885502b3317d145e7c708
sample,dense_crlf-49,211,2632049,259999,10000,4376ae7067b0aa03f34a7d4cf24796c22806cbf528696068d0dbc06d377cbdec,829a2122fab3ae843a3ab07164c05ec3d8116a91399885502b3317d145e7c708
sample,dense_crlf-49,212,2631670,259999,10000,4376ae7067b0aa03f34a7d4cf24796c22806cbf528696068d0dbc06d377cbdec,829a2122fab3ae843a3ab07164c05ec3d8116a91399885502b3317d145e7c708
sample,dense_crlf-49,213,2621950,259999,10000,4376ae7067b0aa03f34a7d4cf24796c22806cbf528696068d0dbc06d377cbdec,829a2122fab3ae843a3ab07164c05ec3d8116a91399885502b3317d145e7c708
sample,dense_crlf-49,214,2631190,259999,10000,4376ae7067b0aa03f34a7d4cf24796c22806cbf528696068d0dbc06d377cbdec,829a2122fab3ae843a3ab07164c05ec3d8116a91399885502b3317d145e7c708
sample,dense_crlf-49,215,2631559,259999,10000,4376ae7067b0aa03f34a7d4cf24796c22806cbf528696068d0dbc06d377cbdec,829a2122fab3ae843a3ab07164c05ec3d8116a91399885502b3317d145e7c708
sample,dense_crlf-49,216,2631760,259999,10000,4376ae7067b0aa03f34a7d4cf24796c22806cbf528696068d0dbc06d377cbdec,829a2122fab3ae843a3ab07164c05ec3d8116a91399885502b3317d145e7c708
sample,dense_crlf-49,217,2637110,259999,10000,4376ae7067b0aa03f34a7d4cf24796c22806cbf528696068d0dbc06d377cbdec,829a2122fab3ae843a3ab07164c05ec3d8116a91399885502b3317d145e7c708
sample,dense_crlf-49,218,2630190,259999,10000,4376ae7067b0aa03f34a7d4cf24796c22806cbf528696068d0dbc06d377cbdec,829a2122fab3ae843a3ab07164c05ec3d8116a91399885502b3317d145e7c708
sample,dense_crlf-49,219,2631959,259999,10000,4376ae7067b0aa03f34a7d4cf24796c22806cbf528696068d0dbc06d377cbdec,829a2122fab3ae843a3ab07164c05ec3d8116a91399885502b3317d145e7c708
sample,dense_crlf-49,220,2641650,259999,10000,4376ae7067b0aa03f34a7d4cf24796c22806cbf528696068d0dbc06d377cbdec,829a2122fab3ae843a3ab07164c05ec3d8116a91399885502b3317d145e7c708
sample,dense_crlf-49,221,2630030,259999,10000,4376ae7067b0aa03f34a7d4cf24796c22806cbf528696068d0dbc06d377cbdec,829a2122fab3ae843a3ab07164c05ec3d8116a91399885502b3317d145e7c708
sample,dense_crlf-49,222,2645520,259999,10000,4376ae7067b0aa03f34a7d4cf24796c22806cbf528696068d0dbc06d377cbdec,829a2122fab3ae843a3ab07164c05ec3d8116a91399885502b3317d145e7c708
sample,dense_crlf-49,223,2631100,259999,10000,4376ae7067b0aa03f34a7d4cf24796c22806cbf528696068d0dbc06d377cbdec,829a2122fab3ae843a3ab07164c05ec3d8116a91399885502b3317d145e7c708
sample,dense_crlf-49,224,2627599,259999,10000,4376ae7067b0aa03f34a7d4cf24796c22806cbf528696068d0dbc06d377cbdec,829a2122fab3ae843a3ab07164c05ec3d8116a91399885502b3317d145e7c708
sample,dense_crlf-49,225,2630670,259999,10000,4376ae7067b0aa03f34a7d4cf24796c22806cbf528696068d0dbc06d377cbdec,829a2122fab3ae843a3ab07164c05ec3d8116a91399885502b3317d145e7c708
sample,dense_crlf-49,226,2632320,259999,10000,4376ae7067b0aa03f34a7d4cf24796c22806cbf528696068d0dbc06d377cbdec,829a2122fab3ae843a3ab07164c05ec3d8116a91399885502b3317d145e7c708
sample,dense_crlf-49,227,2632070,259999,10000,4376ae7067b0aa03f34a7d4cf24796c22806cbf528696068d0dbc06d377cbdec,829a2122fab3ae843a3ab07164c05ec3d8116a91399885502b3317d145e7c708
sample,dense_crlf-49,228,2623109,259999,10000,4376ae7067b0aa03f34a7d4cf24796c22806cbf528696068d0dbc06d377cbdec,829a2122fab3ae843a3ab07164c05ec3d8116a91399885502b3317d145e7c708
sample,dense_crlf-49,229,2631180,259999,10000,4376ae7067b0aa03f34a7d4cf24796c22806cbf528696068d0dbc06d377cbdec,829a2122fab3ae843a3ab07164c05ec3d8116a91399885502b3317d145e7c708
sample,dense_crlf-49,230,2626060,259999,10000,4376ae7067b0aa03f34a7d4cf24796c22806cbf528696068d0dbc06d377cbdec,829a2122fab3ae843a3ab07164c05ec3d8116a91399885502b3317d145e7c708
sample,dense_crlf-49,231,2631570,259999,10000,4376ae7067b0aa03f34a7d4cf24796c22806cbf528696068d0dbc06d377cbdec,829a2122fab3ae843a3ab07164c05ec3d8116a91399885502b3317d145e7c708
sample,dense_crlf-49,232,2632760,259999,10000,4376ae7067b0aa03f34a7d4cf24796c22806cbf528696068d0dbc06d377cbdec,829a2122fab3ae843a3ab07164c05ec3d8116a91399885502b3317d145e7c708
sample,dense_crlf-49,233,2632949,259999,10000,4376ae7067b0aa03f34a7d4cf24796c22806cbf528696068d0dbc06d377cbdec,829a2122fab3ae843a3ab07164c05ec3d8116a91399885502b3317d145e7c708
sample,dense_crlf-49,234,2632310,259999,10000,4376ae7067b0aa03f34a7d4cf24796c22806cbf528696068d0dbc06d377cbdec,829a2122fab3ae843a3ab07164c05ec3d8116a91399885502b3317d145e7c708
sample,dense_crlf-49,235,2630200,259999,10000,4376ae7067b0aa03f34a7d4cf24796c22806cbf528696068d0dbc06d377cbdec,829a2122fab3ae843a3ab07164c05ec3d8116a91399885502b3317d145e7c708
sample,dense_crlf-49,236,2621100,259999,10000,4376ae7067b0aa03f34a7d4cf24796c22806cbf528696068d0dbc06d377cbdec,829a2122fab3ae843a3ab07164c05ec3d8116a91399885502b3317d145e7c708
sample,dense_crlf-49,237,2637909,259999,10000,4376ae7067b0aa03f34a7d4cf24796c22806cbf528696068d0dbc06d377cbdec,829a2122fab3ae843a3ab07164c05ec3d8116a91399885502b3317d145e7c708
sample,dense_crlf-49,238,2626300,259999,10000,4376ae7067b0aa03f34a7d4cf24796c22806cbf528696068d0dbc06d377cbdec,829a2122fab3ae843a3ab07164c05ec3d8116a91399885502b3317d145e7c708
sample,dense_crlf-49,239,2633370,259999,10000,4376ae7067b0aa03f34a7d4cf24796c22806cbf528696068d0dbc06d377cbdec,829a2122fab3ae843a3ab07164c05ec3d8116a91399885502b3317d145e7c708
sample,dense_crlf-49,240,2632430,259999,10000,4376ae7067b0aa03f34a7d4cf24796c22806cbf528696068d0dbc06d377cbdec,829a2122fab3ae843a3ab07164c05ec3d8116a91399885502b3317d145e7c708
sample,dense_crlf-49,241,2639749,259999,10000,4376ae7067b0aa03f34a7d4cf24796c22806cbf528696068d0dbc06d377cbdec,829a2122fab3ae843a3ab07164c05ec3d8116a91399885502b3317d145e7c708
sample,dense_crlf-49,242,2630679,259999,10000,4376ae7067b0aa03f34a7d4cf24796c22806cbf528696068d0dbc06d377cbdec,829a2122fab3ae843a3ab07164c05ec3d8116a91399885502b3317d145e7c708
sample,dense_crlf-49,243,2629280,259999,10000,4376ae7067b0aa03f34a7d4cf24796c22806cbf528696068d0dbc06d377cbdec,829a2122fab3ae843a3ab07164c05ec3d8116a91399885502b3317d145e7c708
sample,dense_crlf-49,244,2632470,259999,10000,4376ae7067b0aa03f34a7d4cf24796c22806cbf528696068d0dbc06d377cbdec,829a2122fab3ae843a3ab07164c05ec3d8116a91399885502b3317d145e7c708
sample,dense_crlf-49,245,2637950,259999,10000,4376ae7067b0aa03f34a7d4cf24796c22806cbf528696068d0dbc06d377cbdec,829a2122fab3ae843a3ab07164c05ec3d8116a91399885502b3317d145e7c708
sample,dense_crlf-49,246,2636349,259999,10000,4376ae7067b0aa03f34a7d4cf24796c22806cbf528696068d0dbc06d377cbdec,829a2122fab3ae843a3ab07164c05ec3d8116a91399885502b3317d145e7c708
sample,dense_crlf-49,247,2627280,259999,10000,4376ae7067b0aa03f34a7d4cf24796c22806cbf528696068d0dbc06d377cbdec,829a2122fab3ae843a3ab07164c05ec3d8116a91399885502b3317d145e7c708
sample,dense_crlf-49,248,2643190,259999,10000,4376ae7067b0aa03f34a7d4cf24796c22806cbf528696068d0dbc06d377cbdec,829a2122fab3ae843a3ab07164c05ec3d8116a91399885502b3317d145e7c708
sample,dense_crlf-49,249,2642330,259999,10000,4376ae7067b0aa03f34a7d4cf24796c22806cbf528696068d0dbc06d377cbdec,829a2122fab3ae843a3ab07164c05ec3d8116a91399885502b3317d145e7c708
sample,dense_crlf-49,250,2651110,259999,10000,4376ae7067b0aa03f34a7d4cf24796c22806cbf528696068d0dbc06d377cbdec,829a2122fab3ae843a3ab07164c05ec3d8116a91399885502b3317d145e7c708
sample,dense_crlf-49,251,2640449,259999,10000,4376ae7067b0aa03f34a7d4cf24796c22806cbf528696068d0dbc06d377cbdec,829a2122fab3ae843a3ab07164c05ec3d8116a91399885502b3317d145e7c708
sample,dense_crlf-49,252,2636720,259999,10000,4376ae7067b0aa03f34a7d4cf24796c22806cbf528696068d0dbc06d377cbdec,829a2122fab3ae843a3ab07164c05ec3d8116a91399885502b3317d145e7c708
sample,dense_crlf-49,253,2632910,259999,10000,4376ae7067b0aa03f34a7d4cf24796c22806cbf528696068d0dbc06d377cbdec,829a2122fab3ae843a3ab07164c05ec3d8116a91399885502b3317d145e7c708
sample,dense_crlf-49,254,2633190,259999,10000,4376ae7067b0aa03f34a7d4cf24796c22806cbf528696068d0dbc06d377cbdec,829a2122fab3ae843a3ab07164c05ec3d8116a91399885502b3317d145e7c708
sample,dense_crlf-49,255,2630580,259999,10000,4376ae7067b0aa03f34a7d4cf24796c22806cbf528696068d0dbc06d377cbdec,829a2122fab3ae843a3ab07164c05ec3d8116a91399885502b3317d145e7c708
sample,dense_crlf-49,256,2631109,259999,10000,4376ae7067b0aa03f34a7d4cf24796c22806cbf528696068d0dbc06d377cbdec,829a2122fab3ae843a3ab07164c05ec3d8116a91399885502b3317d145e7c708
sample,dense_crlf-49,257,2626200,259999,10000,4376ae7067b0aa03f34a7d4cf24796c22806cbf528696068d0dbc06d377cbdec,829a2122fab3ae843a3ab07164c05ec3d8116a91399885502b3317d145e7c708
sample,dense_crlf-49,258,2633650,259999,10000,4376ae7067b0aa03f34a7d4cf24796c22806cbf528696068d0dbc06d377cbdec,829a2122fab3ae843a3ab07164c05ec3d8116a91399885502b3317d145e7c708
sample,dense_crlf-49,259,2643840,259999,10000,4376ae7067b0aa03f34a7d4cf24796c22806cbf528696068d0dbc06d377cbdec,829a2122fab3ae843a3ab07164c05ec3d8116a91399885502b3317d145e7c708
sample,dense_crlf-49,260,2627399,259999,10000,4376ae7067b0aa03f34a7d4cf24796c22806cbf528696068d0dbc06d377cbdec,829a2122fab3ae843a3ab07164c05ec3d8116a91399885502b3317d145e7c708
sample,dense_crlf-49,261,2630070,259999,10000,4376ae7067b0aa03f34a7d4cf24796c22806cbf528696068d0dbc06d377cbdec,829a2122fab3ae843a3ab07164c05ec3d8116a91399885502b3317d145e7c708
sample,dense_crlf-49,262,2637190,259999,10000,4376ae7067b0aa03f34a7d4cf24796c22806cbf528696068d0dbc06d377cbdec,829a2122fab3ae843a3ab07164c05ec3d8116a91399885502b3317d145e7c708
sample,dense_crlf-49,263,2629220,259999,10000,4376ae7067b0aa03f34a7d4cf24796c22806cbf528696068d0dbc06d377cbdec,829a2122fab3ae843a3ab07164c05ec3d8116a91399885502b3317d145e7c708
sample,dense_crlf-49,264,2631189,259999,10000,4376ae7067b0aa03f34a7d4cf24796c22806cbf528696068d0dbc06d377cbdec,829a2122fab3ae843a3ab07164c05ec3d8116a91399885502b3317d145e7c708
sample,dense_crlf-49,265,2641660,259999,10000,4376ae7067b0aa03f34a7d4cf24796c22806cbf528696068d0dbc06d377cbdec,829a2122fab3ae843a3ab07164c05ec3d8116a91399885502b3317d145e7c708
sample,dense_crlf-49,266,2641780,259999,10000,4376ae7067b0aa03f34a7d4cf24796c22806cbf528696068d0dbc06d377cbdec,829a2122fab3ae843a3ab07164c05ec3d8116a91399885502b3317d145e7c708
sample,dense_crlf-49,267,2635440,259999,10000,4376ae7067b0aa03f34a7d4cf24796c22806cbf528696068d0dbc06d377cbdec,829a2122fab3ae843a3ab07164c05ec3d8116a91399885502b3317d145e7c708
sample,dense_crlf-49,268,2640340,259999,10000,4376ae7067b0aa03f34a7d4cf24796c22806cbf528696068d0dbc06d377cbdec,829a2122fab3ae843a3ab07164c05ec3d8116a91399885502b3317d145e7c708
sample,dense_crlf-49,269,2646500,259999,10000,4376ae7067b0aa03f34a7d4cf24796c22806cbf528696068d0dbc06d377cbdec,829a2122fab3ae843a3ab07164c05ec3d8116a91399885502b3317d145e7c708
sample,dense_crlf-49,270,2650759,259999,10000,4376ae7067b0aa03f34a7d4cf24796c22806cbf528696068d0dbc06d377cbdec,829a2122fab3ae843a3ab07164c05ec3d8116a91399885502b3317d145e7c708
sample,dense_crlf-49,271,2658380,259999,10000,4376ae7067b0aa03f34a7d4cf24796c22806cbf528696068d0dbc06d377cbdec,829a2122fab3ae843a3ab07164c05ec3d8116a91399885502b3317d145e7c708
sample,dense_crlf-49,272,2641330,259999,10000,4376ae7067b0aa03f34a7d4cf24796c22806cbf528696068d0dbc06d377cbdec,829a2122fab3ae843a3ab07164c05ec3d8116a91399885502b3317d145e7c708
sample,dense_crlf-49,273,2653520,259999,10000,4376ae7067b0aa03f34a7d4cf24796c22806cbf528696068d0dbc06d377cbdec,829a2122fab3ae843a3ab07164c05ec3d8116a91399885502b3317d145e7c708
sample,dense_crlf-49,274,2655780,259999,10000,4376ae7067b0aa03f34a7d4cf24796c22806cbf528696068d0dbc06d377cbdec,829a2122fab3ae843a3ab07164c05ec3d8116a91399885502b3317d145e7c708
sample,dense_crlf-49,275,2651210,259999,10000,4376ae7067b0aa03f34a7d4cf24796c22806cbf528696068d0dbc06d377cbdec,829a2122fab3ae843a3ab07164c05ec3d8116a91399885502b3317d145e7c708
sample,dense_crlf-49,276,2646329,259999,10000,4376ae7067b0aa03f34a7d4cf24796c22806cbf528696068d0dbc06d377cbdec,829a2122fab3ae843a3ab07164c05ec3d8116a91399885502b3317d145e7c708
sample,dense_crlf-49,277,2654040,259999,10000,4376ae7067b0aa03f34a7d4cf24796c22806cbf528696068d0dbc06d377cbdec,829a2122fab3ae843a3ab07164c05ec3d8116a91399885502b3317d145e7c708
sample,dense_crlf-49,278,2659550,259999,10000,4376ae7067b0aa03f34a7d4cf24796c22806cbf528696068d0dbc06d377cbdec,829a2122fab3ae843a3ab07164c05ec3d8116a91399885502b3317d145e7c708
sample,dense_crlf-49,279,2638580,259999,10000,4376ae7067b0aa03f34a7d4cf24796c22806cbf528696068d0dbc06d377cbdec,829a2122fab3ae843a3ab07164c05ec3d8116a91399885502b3317d145e7c708
sample,dense_crlf-49,280,2659410,259999,10000,4376ae7067b0aa03f34a7d4cf24796c22806cbf528696068d0dbc06d377cbdec,829a2122fab3ae843a3ab07164c05ec3d8116a91399885502b3317d145e7c708
sample,dense_crlf-49,281,2639400,259999,10000,4376ae7067b0aa03f34a7d4cf24796c22806cbf528696068d0dbc06d377cbdec,829a2122fab3ae843a3ab07164c05ec3d8116a91399885502b3317d145e7c708
sample,dense_crlf-49,282,2645360,259999,10000,4376ae7067b0aa03f34a7d4cf24796c22806cbf528696068d0dbc06d377cbdec,829a2122fab3ae843a3ab07164c05ec3d8116a91399885502b3317d145e7c708
sample,dense_crlf-49,283,2643949,259999,10000,4376ae7067b0aa03f34a7d4cf24796c22806cbf528696068d0dbc06d377cbdec,829a2122fab3ae843a3ab07164c05ec3d8116a91399885502b3317d145e7c708
sample,dense_crlf-49,284,2633990,259999,10000,4376ae7067b0aa03f34a7d4cf24796c22806cbf528696068d0dbc06d377cbdec,829a2122fab3ae843a3ab07164c05ec3d8116a91399885502b3317d145e7c708
sample,dense_crlf-49,285,2629000,259999,10000,4376ae7067b0aa03f34a7d4cf24796c22806cbf528696068d0dbc06d377cbdec,829a2122fab3ae843a3ab07164c05ec3d8116a91399885502b3317d145e7c708
sample,dense_crlf-49,286,2628820,259999,10000,4376ae7067b0aa03f34a7d4cf24796c22806cbf528696068d0dbc06d377cbdec,829a2122fab3ae843a3ab07164c05ec3d8116a91399885502b3317d145e7c708
sample,dense_crlf-49,287,2641579,259999,10000,4376ae7067b0aa03f34a7d4cf24796c22806cbf528696068d0dbc06d377cbdec,829a2122fab3ae843a3ab07164c05ec3d8116a91399885502b3317d145e7c708
sample,dense_crlf-49,288,2625440,259999,10000,4376ae7067b0aa03f34a7d4cf24796c22806cbf528696068d0dbc06d377cbdec,829a2122fab3ae843a3ab07164c05ec3d8116a91399885502b3317d145e7c708
sample,dense_crlf-49,289,2640830,259999,10000,4376ae7067b0aa03f34a7d4cf24796c22806cbf528696068d0dbc06d377cbdec,829a2122fab3ae843a3ab07164c05ec3d8116a91399885502b3317d145e7c708
sample,dense_crlf-49,290,2645820,259999,10000,4376ae7067b0aa03f34a7d4cf24796c22806cbf528696068d0dbc06d377cbdec,829a2122fab3ae843a3ab07164c05ec3d8116a91399885502b3317d145e7c708
sample,dense_crlf-49,291,2628560,259999,10000,4376ae7067b0aa03f34a7d4cf24796c22806cbf528696068d0dbc06d377cbdec,829a2122fab3ae843a3ab07164c05ec3d8116a91399885502b3317d145e7c708
sample,dense_crlf-49,292,2656839,259999,10000,4376ae7067b0aa03f34a7d4cf24796c22806cbf528696068d0dbc06d377cbdec,829a2122fab3ae843a3ab07164c05ec3d8116a91399885502b3317d145e7c708
sample,dense_crlf-49,293,2638780,259999,10000,4376ae7067b0aa03f34a7d4cf24796c22806cbf528696068d0dbc06d377cbdec,829a2122fab3ae843a3ab07164c05ec3d8116a91399885502b3317d145e7c708
sample,dense_crlf-49,294,2646430,259999,10000,4376ae7067b0aa03f34a7d4cf24796c22806cbf528696068d0dbc06d377cbdec,829a2122fab3ae843a3ab07164c05ec3d8116a91399885502b3317d145e7c708
sample,dense_crlf-49,295,2621090,259999,10000,4376ae7067b0aa03f34a7d4cf24796c22806cbf528696068d0dbc06d377cbdec,829a2122fab3ae843a3ab07164c05ec3d8116a91399885502b3317d145e7c708
sample,dense_crlf-49,296,2632860,259999,10000,4376ae7067b0aa03f34a7d4cf24796c22806cbf528696068d0dbc06d377cbdec,829a2122fab3ae843a3ab07164c05ec3d8116a91399885502b3317d145e7c708
sample,dense_crlf-49,297,2632519,259999,10000,4376ae7067b0aa03f34a7d4cf24796c22806cbf528696068d0dbc06d377cbdec,829a2122fab3ae843a3ab07164c05ec3d8116a91399885502b3317d145e7c708
sample,dense_crlf-49,298,2638620,259999,10000,4376ae7067b0aa03f34a7d4cf24796c22806cbf528696068d0dbc06d377cbdec,829a2122fab3ae843a3ab07164c05ec3d8116a91399885502b3317d145e7c708
sample,dense_crlf-49,299,2626510,259999,10000,4376ae7067b0aa03f34a7d4cf24796c22806cbf528696068d0dbc06d377cbdec,829a2122fab3ae843a3ab07164c05ec3d8116a91399885502b3317d145e7c708
sample,dense_crlf-49,300,2636940,259999,10000,4376ae7067b0aa03f34a7d4cf24796c22806cbf528696068d0dbc06d377cbdec,829a2122fab3ae843a3ab07164c05ec3d8116a91399885502b3317d145e7c708
sample,dense_crlf-49,301,2634809,259999,10000,4376ae7067b0aa03f34a7d4cf24796c22806cbf528696068d0dbc06d377cbdec,829a2122fab3ae843a3ab07164c05ec3d8116a91399885502b3317d145e7c708
sample,dense_crlf-49,302,2637629,259999,10000,4376ae7067b0aa03f34a7d4cf24796c22806cbf528696068d0dbc06d377cbdec,829a2122fab3ae843a3ab07164c05ec3d8116a91399885502b3317d145e7c708
sample,dense_crlf-49,303,2644390,259999,10000,4376ae7067b0aa03f34a7d4cf24796c22806cbf528696068d0dbc06d377cbdec,829a2122fab3ae843a3ab07164c05ec3d8116a91399885502b3317d145e7c708
sample,dense_crlf-49,304,2623760,259999,10000,4376ae7067b0aa03f34a7d4cf24796c22806cbf528696068d0dbc06d377cbdec,829a2122fab3ae843a3ab07164c05ec3d8116a91399885502b3317d145e7c708
sample,dense_crlf-49,305,2630660,259999,10000,4376ae7067b0aa03f34a7d4cf24796c22806cbf528696068d0dbc06d377cbdec,829a2122fab3ae843a3ab07164c05ec3d8116a91399885502b3317d145e7c708
sample,dense_crlf-49,306,2628479,259999,10000,4376ae7067b0aa03f34a7d4cf24796c22806cbf528696068d0dbc06d377cbdec,829a2122fab3ae843a3ab07164c05ec3d8116a91399885502b3317d145e7c708
sample,dense_crlf-49,307,2629960,259999,10000,4376ae7067b0aa03f34a7d4cf24796c22806cbf528696068d0dbc06d377cbdec,829a2122fab3ae843a3ab07164c05ec3d8116a91399885502b3317d145e7c708
sample,dense_crlf-49,308,2637770,259999,10000,4376ae7067b0aa03f34a7d4cf24796c22806cbf528696068d0dbc06d377cbdec,829a2122fab3ae843a3ab07164c05ec3d8116a91399885502b3317d145e7c708
sample,dense_crlf-49,309,2643530,259999,10000,4376ae7067b0aa03f34a7d4cf24796c22806cbf528696068d0dbc06d377cbdec,829a2122fab3ae843a3ab07164c05ec3d8116a91399885502b3317d145e7c708
sample,dense_crlf-49,310,2620350,259999,10000,4376ae7067b0aa03f34a7d4cf24796c22806cbf528696068d0dbc06d377cbdec,829a2122fab3ae843a3ab07164c05ec3d8116a91399885502b3317d145e7c708
sample,dense_crlf-49,311,2634359,259999,10000,4376ae7067b0aa03f34a7d4cf24796c22806cbf528696068d0dbc06d377cbdec,829a2122fab3ae843a3ab07164c05ec3d8116a91399885502b3317d145e7c708
sample,dense_crlf-49,312,2640350,259999,10000,4376ae7067b0aa03f34a7d4cf24796c22806cbf528696068d0dbc06d377cbdec,829a2122fab3ae843a3ab07164c05ec3d8116a91399885502b3317d145e7c708
sample,dense_crlf-49,313,2630190,259999,10000,4376ae7067b0aa03f34a7d4cf24796c22806cbf528696068d0dbc06d377cbdec,829a2122fab3ae843a3ab07164c05ec3d8116a91399885502b3317d145e7c708
sample,dense_crlf-49,314,2641390,259999,10000,4376ae7067b0aa03f34a7d4cf24796c22806cbf528696068d0dbc06d377cbdec,829a2122fab3ae843a3ab07164c05ec3d8116a91399885502b3317d145e7c708
sample,dense_crlf-49,315,2633579,259999,10000,4376ae7067b0aa03f34a7d4cf24796c22806cbf528696068d0dbc06d377cbdec,829a2122fab3ae843a3ab07164c05ec3d8116a91399885502b3317d145e7c708
sample,dense_crlf-49,316,2634790,259999,10000,4376ae7067b0aa03f34a7d4cf24796c22806cbf528696068d0dbc06d377cbdec,829a2122fab3ae843a3ab07164c05ec3d8116a91399885502b3317d145e7c708
sample,dense_crlf-49,317,2643900,259999,10000,4376ae7067b0aa03f34a7d4cf24796c22806cbf528696068d0dbc06d377cbdec,829a2122fab3ae843a3ab07164c05ec3d8116a91399885502b3317d145e7c708
sample,dense_crlf-49,318,2643180,259999,10000,4376ae7067b0aa03f34a7d4cf24796c22806cbf528696068d0dbc06d377cbdec,829a2122fab3ae843a3ab07164c05ec3d8116a91399885502b3317d145e7c708
sample,dense_crlf-49,319,2632840,259999,10000,4376ae7067b0aa03f34a7d4cf24796c22806cbf528696068d0dbc06d377cbdec,829a2122fab3ae843a3ab07164c05ec3d8116a91399885502b3317d145e7c708
sample,dense_crlf-49,320,2634199,259999,10000,4376ae7067b0aa03f34a7d4cf24796c22806cbf528696068d0dbc06d377cbdec,829a2122fab3ae843a3ab07164c05ec3d8116a91399885502b3317d145e7c708
sample,dense_crlf-49,321,2632740,259999,10000,4376ae7067b0aa03f34a7d4cf24796c22806cbf528696068d0dbc06d377cbdec,829a2122fab3ae843a3ab07164c05ec3d8116a91399885502b3317d145e7c708
sample,dense_crlf-49,322,2650760,259999,10000,4376ae7067b0aa03f34a7d4cf24796c22806cbf528696068d0dbc06d377cbdec,829a2122fab3ae843a3ab07164c05ec3d8116a91399885502b3317d145e7c708
sample,dense_crlf-49,323,2635260,259999,10000,4376ae7067b0aa03f34a7d4cf24796c22806cbf528696068d0dbc06d377cbdec,829a2122fab3ae843a3ab07164c05ec3d8116a91399885502b3317d145e7c708
sample,dense_crlf-49,324,2629800,259999,10000,4376ae7067b0aa03f34a7d4cf24796c22806cbf528696068d0dbc06d377cbdec,829a2122fab3ae843a3ab07164c05ec3d8116a91399885502b3317d145e7c708
sample,dense_crlf-49,325,2639119,259999,10000,4376ae7067b0aa03f34a7d4cf24796c22806cbf528696068d0dbc06d377cbdec,829a2122fab3ae843a3ab07164c05ec3d8116a91399885502b3317d145e7c708
sample,dense_crlf-49,326,2637050,259999,10000,4376ae7067b0aa03f34a7d4cf24796c22806cbf528696068d0dbc06d377cbdec,829a2122fab3ae843a3ab07164c05ec3d8116a91399885502b3317d145e7c708
sample,dense_crlf-49,327,2631080,259999,10000,4376ae7067b0aa03f34a7d4cf24796c22806cbf528696068d0dbc06d377cbdec,829a2122fab3ae843a3ab07164c05ec3d8116a91399885502b3317d145e7c708
sample,dense_crlf-49,328,2631960,259999,10000,4376ae7067b0aa03f34a7d4cf24796c22806cbf528696068d0dbc06d377cbdec,829a2122fab3ae843a3ab07164c05ec3d8116a91399885502b3317d145e7c708
sample,dense_crlf-49,329,2630020,259999,10000,4376ae7067b0aa03f34a7d4cf24796c22806cbf528696068d0dbc06d377cbdec,829a2122fab3ae843a3ab07164c05ec3d8116a91399885502b3317d145e7c708
sample,dense_crlf-49,330,2640039,259999,10000,4376ae7067b0aa03f34a7d4cf24796c22806cbf528696068d0dbc06d377cbdec,829a2122fab3ae843a3ab07164c05ec3d8116a91399885502b3317d145e7c708
sample,dense_crlf-49,331,2636500,259999,10000,4376ae7067b0aa03f34a7d4cf24796c22806cbf528696068d0dbc06d377cbdec,829a2122fab3ae843a3ab07164c05ec3d8116a91399885502b3317d145e7c708
sample,dense_crlf-49,332,2629980,259999,10000,4376ae7067b0aa03f34a7d4cf24796c22806cbf528696068d0dbc06d377cbdec,829a2122fab3ae843a3ab07164c05ec3d8116a91399885502b3317d145e7c708
sample,dense_crlf-49,333,2631810,259999,10000,4376ae7067b0aa03f34a7d4cf24796c22806cbf528696068d0dbc06d377cbdec,829a2122fab3ae843a3ab07164c05ec3d8116a91399885502b3317d145e7c708
sample,dense_crlf-49,334,2641939,259999,10000,4376ae7067b0aa03f34a7d4cf24796c22806cbf528696068d0dbc06d377cbdec,829a2122fab3ae843a3ab07164c05ec3d8116a91399885502b3317d145e7c708
sample,dense_crlf-49,335,2638060,259999,10000,4376ae7067b0aa03f34a7d4cf24796c22806cbf528696068d0dbc06d377cbdec,829a2122fab3ae843a3ab07164c05ec3d8116a91399885502b3317d145e7c708
sample,dense_crlf-49,336,2625980,259999,10000,4376ae7067b0aa03f34a7d4cf24796c22806cbf528696068d0dbc06d377cbdec,829a2122fab3ae843a3ab07164c05ec3d8116a91399885502b3317d145e7c708
sample,dense_crlf-49,337,2637350,259999,10000,4376ae7067b0aa03f34a7d4cf24796c22806cbf528696068d0dbc06d377cbdec,829a2122fab3ae843a3ab07164c05ec3d8116a91399885502b3317d145e7c708
sample,dense_crlf-49,338,2627600,259999,10000,4376ae7067b0aa03f34a7d4cf24796c22806cbf528696068d0dbc06d377cbdec,829a2122fab3ae843a3ab07164c05ec3d8116a91399885502b3317d145e7c708
sample,dense_crlf-49,339,2642929,259999,10000,4376ae7067b0aa03f34a7d4cf24796c22806cbf528696068d0dbc06d377cbdec,829a2122fab3ae843a3ab07164c05ec3d8116a91399885502b3317d145e7c708
sample,dense_crlf-49,340,2625670,259999,10000,4376ae7067b0aa03f34a7d4cf24796c22806cbf528696068d0dbc06d377cbdec,829a2122fab3ae843a3ab07164c05ec3d8116a91399885502b3317d145e7c708
sample,dense_crlf-49,341,2630840,259999,10000,4376ae7067b0aa03f34a7d4cf24796c22806cbf528696068d0dbc06d377cbdec,829a2122fab3ae843a3ab07164c05ec3d8116a91399885502b3317d145e7c708
sample,dense_crlf-49,342,2639830,259999,10000,4376ae7067b0aa03f34a7d4cf24796c22806cbf528696068d0dbc06d377cbdec,829a2122fab3ae843a3ab07164c05ec3d8116a91399885502b3317d145e7c708
sample,dense_crlf-49,343,2629279,259999,10000,4376ae7067b0aa03f34a7d4cf24796c22806cbf528696068d0dbc06d377cbdec,829a2122fab3ae843a3ab07164c05ec3d8116a91399885502b3317d145e7c708
sample,dense_crlf-49,344,2629950,259999,10000,4376ae7067b0aa03f34a7d4cf24796c22806cbf528696068d0dbc06d377cbdec,829a2122fab3ae843a3ab07164c05ec3d8116a91399885502b3317d145e7c708
sample,dense_crlf-49,345,2639980,259999,10000,4376ae7067b0aa03f34a7d4cf24796c22806cbf528696068d0dbc06d377cbdec,829a2122fab3ae843a3ab07164c05ec3d8116a91399885502b3317d145e7c708
sample,dense_crlf-49,346,2635120,259999,10000,4376ae7067b0aa03f34a7d4cf24796c22806cbf528696068d0dbc06d377cbdec,829a2122fab3ae843a3ab07164c05ec3d8116a91399885502b3317d145e7c708
sample,dense_crlf-49,347,2638310,259999,10000,4376ae7067b0aa03f34a7d4cf24796c22806cbf528696068d0dbc06d377cbdec,829a2122fab3ae843a3ab07164c05ec3d8116a91399885502b3317d145e7c708
sample,dense_crlf-49,348,2632769,259999,10000,4376ae7067b0aa03f34a7d4cf24796c22806cbf528696068d0dbc06d377cbdec,829a2122fab3ae843a3ab07164c05ec3d8116a91399885502b3317d145e7c708
sample,dense_crlf-49,349,2634900,259999,10000,4376ae7067b0aa03f34a7d4cf24796c22806cbf528696068d0dbc06d377cbdec,829a2122fab3ae843a3ab07164c05ec3d8116a91399885502b3317d145e7c708
sample,dense_crlf-49,350,2633790,259999,10000,4376ae7067b0aa03f34a7d4cf24796c22806cbf528696068d0dbc06d377cbdec,829a2122fab3ae843a3ab07164c05ec3d8116a91399885502b3317d145e7c708
sample,dense_crlf-49,351,2623500,259999,10000,4376ae7067b0aa03f34a7d4cf24796c22806cbf528696068d0dbc06d377cbdec,829a2122fab3ae843a3ab07164c05ec3d8116a91399885502b3317d145e7c708
sample,dense_crlf-49,352,2634049,259999,10000,4376ae7067b0aa03f34a7d4cf24796c22806cbf528696068d0dbc06d377cbdec,829a2122fab3ae843a3ab07164c05ec3d8116a91399885502b3317d145e7c708
sample,dense_crlf-49,353,2632220,259999,10000,4376ae7067b0aa03f34a7d4cf24796c22806cbf528696068d0dbc06d377cbdec,829a2122fab3ae843a3ab07164c05ec3d8116a91399885502b3317d145e7c708
sample,dense_crlf-49,354,2638640,259999,10000,4376ae7067b0aa03f34a7d4cf24796c22806cbf528696068d0dbc06d377cbdec,829a2122fab3ae843a3ab07164c05ec3d8116a91399885502b3317d145e7c708
sample,dense_crlf-49,355,2634190,259999,10000,4376ae7067b0aa03f34a7d4cf24796c22806cbf528696068d0dbc06d377cbdec,829a2122fab3ae843a3ab07164c05ec3d8116a91399885502b3317d145e7c708
sample,dense_crlf-49,356,2632570,259999,10000,4376ae7067b0aa03f34a7d4cf24796c22806cbf528696068d0dbc06d377cbdec,829a2122fab3ae843a3ab07164c05ec3d8116a91399885502b3317d145e7c708
sample,dense_crlf-49,357,2641709,259999,10000,4376ae7067b0aa03f34a7d4cf24796c22806cbf528696068d0dbc06d377cbdec,829a2122fab3ae843a3ab07164c05ec3d8116a91399885502b3317d145e7c708
sample,dense_crlf-49,358,2629940,259999,10000,4376ae7067b0aa03f34a7d4cf24796c22806cbf528696068d0dbc06d377cbdec,829a2122fab3ae843a3ab07164c05ec3d8116a91399885502b3317d145e7c708
sample,dense_crlf-49,359,2643850,259999,10000,4376ae7067b0aa03f34a7d4cf24796c22806cbf528696068d0dbc06d377cbdec,829a2122fab3ae843a3ab07164c05ec3d8116a91399885502b3317d145e7c708
sample,dense_crlf-49,360,2635780,259999,10000,4376ae7067b0aa03f34a7d4cf24796c22806cbf528696068d0dbc06d377cbdec,829a2122fab3ae843a3ab07164c05ec3d8116a91399885502b3317d145e7c708
sample,dense_crlf-49,361,2631830,259999,10000,4376ae7067b0aa03f34a7d4cf24796c22806cbf528696068d0dbc06d377cbdec,829a2122fab3ae843a3ab07164c05ec3d8116a91399885502b3317d145e7c708
sample,dense_crlf-49,362,2630529,259999,10000,4376ae7067b0aa03f34a7d4cf24796c22806cbf528696068d0dbc06d377cbdec,829a2122fab3ae843a3ab07164c05ec3d8116a91399885502b3317d145e7c708
sample,dense_crlf-49,363,2633550,259999,10000,4376ae7067b0aa03f34a7d4cf24796c22806cbf528696068d0dbc06d377cbdec,829a2122fab3ae843a3ab07164c05ec3d8116a91399885502b3317d145e7c708
sample,dense_crlf-49,364,2641450,259999,10000,4376ae7067b0aa03f34a7d4cf24796c22806cbf528696068d0dbc06d377cbdec,829a2122fab3ae843a3ab07164c05ec3d8116a91399885502b3317d145e7c708
sample,dense_crlf-49,365,2642050,259999,10000,4376ae7067b0aa03f34a7d4cf24796c22806cbf528696068d0dbc06d377cbdec,829a2122fab3ae843a3ab07164c05ec3d8116a91399885502b3317d145e7c708
sample,dense_crlf-49,366,2651620,259999,10000,4376ae7067b0aa03f34a7d4cf24796c22806cbf528696068d0dbc06d377cbdec,829a2122fab3ae843a3ab07164c05ec3d8116a91399885502b3317d145e7c708
sample,dense_crlf-49,367,2640599,259999,10000,4376ae7067b0aa03f34a7d4cf24796c22806cbf528696068d0dbc06d377cbdec,829a2122fab3ae843a3ab07164c05ec3d8116a91399885502b3317d145e7c708
sample,dense_crlf-49,368,2638730,259999,10000,4376ae7067b0aa03f34a7d4cf24796c22806cbf528696068d0dbc06d377cbdec,829a2122fab3ae843a3ab07164c05ec3d8116a91399885502b3317d145e7c708
sample,dense_crlf-49,369,2641120,259999,10000,4376ae7067b0aa03f34a7d4cf24796c22806cbf528696068d0dbc06d377cbdec,829a2122fab3ae843a3ab07164c05ec3d8116a91399885502b3317d145e7c708
sample,dense_crlf-49,370,2631420,259999,10000,4376ae7067b0aa03f34a7d4cf24796c22806cbf528696068d0dbc06d377cbdec,829a2122fab3ae843a3ab07164c05ec3d8116a91399885502b3317d145e7c708
sample,dense_crlf-49,371,2633830,259999,10000,4376ae7067b0aa03f34a7d4cf24796c22806cbf528696068d0dbc06d377cbdec,829a2122fab3ae843a3ab07164c05ec3d8116a91399885502b3317d145e7c708
sample,dense_crlf-49,372,2634779,259999,10000,4376ae7067b0aa03f34a7d4cf24796c22806cbf528696068d0dbc06d377cbdec,829a2122fab3ae843a3ab07164c05ec3d8116a91399885502b3317d145e7c708
sample,dense_crlf-49,373,2637480,259999,10000,4376ae7067b0aa03f34a7d4cf24796c22806cbf528696068d0dbc06d377cbdec,829a2122fab3ae843a3ab07164c05ec3d8116a91399885502b3317d145e7c708
sample,dense_crlf-49,374,2649180,259999,10000,4376ae7067b0aa03f34a7d4cf24796c22806cbf528696068d0dbc06d377cbdec,829a2122fab3ae843a3ab07164c05ec3d8116a91399885502b3317d145e7c708
sample,dense_crlf-49,375,2629640,259999,10000,4376ae7067b0aa03f34a7d4cf24796c22806cbf528696068d0dbc06d377cbdec,829a2122fab3ae843a3ab07164c05ec3d8116a91399885502b3317d145e7c708
sample,dense_crlf-49,376,2637030,259999,10000,4376ae7067b0aa03f34a7d4cf24796c22806cbf528696068d0dbc06d377cbdec,829a2122fab3ae843a3ab07164c05ec3d8116a91399885502b3317d145e7c708
sample,dense_crlf-49,377,2644229,259999,10000,4376ae7067b0aa03f34a7d4cf24796c22806cbf528696068d0dbc06d377cbdec,829a2122fab3ae843a3ab07164c05ec3d8116a91399885502b3317d145e7c708
sample,dense_crlf-49,378,2642080,259999,10000,4376ae7067b0aa03f34a7d4cf24796c22806cbf528696068d0dbc06d377cbdec,829a2122fab3ae843a3ab07164c05ec3d8116a91399885502b3317d145e7c708
sample,dense_crlf-49,379,2635000,259999,10000,4376ae7067b0aa03f34a7d4cf24796c22806cbf528696068d0dbc06d377cbdec,829a2122fab3ae843a3ab07164c05ec3d8116a91399885502b3317d145e7c708
sample,dense_crlf-49,380,2638000,259999,10000,4376ae7067b0aa03f34a7d4cf24796c22806cbf528696068d0dbc06d377cbdec,829a2122fab3ae843a3ab07164c05ec3d8116a91399885502b3317d145e7c708
sample,dense_crlf-49,381,2637649,259999,10000,4376ae7067b0aa03f34a7d4cf24796c22806cbf528696068d0dbc06d377cbdec,829a2122fab3ae843a3ab07164c05ec3d8116a91399885502b3317d145e7c708
sample,dense_crlf-49,382,2634600,259999,10000,4376ae7067b0aa03f34a7d4cf24796c22806cbf528696068d0dbc06d377cbdec,829a2122fab3ae843a3ab07164c05ec3d8116a91399885502b3317d145e7c708
sample,dense_crlf-49,383,2638570,259999,10000,4376ae7067b0aa03f34a7d4cf24796c22806cbf528696068d0dbc06d377cbdec,829a2122fab3ae843a3ab07164c05ec3d8116a91399885502b3317d145e7c708
sample,dense_crlf-49,384,2638850,259999,10000,4376ae7067b0aa03f34a7d4cf24796c22806cbf528696068d0dbc06d377cbdec,829a2122fab3ae843a3ab07164c05ec3d8116a91399885502b3317d145e7c708
sample,dense_crlf-49,385,2630470,259999,10000,4376ae7067b0aa03f34a7d4cf24796c22806cbf528696068d0dbc06d377cbdec,829a2122fab3ae843a3ab07164c05ec3d8116a91399885502b3317d145e7c708
sample,dense_crlf-49,386,2639709,259999,10000,4376ae7067b0aa03f34a7d4cf24796c22806cbf528696068d0dbc06d377cbdec,829a2122fab3ae843a3ab07164c05ec3d8116a91399885502b3317d145e7c708
sample,dense_crlf-49,387,2629670,259999,10000,4376ae7067b0aa03f34a7d4cf24796c22806cbf528696068d0dbc06d377cbdec,829a2122fab3ae843a3ab07164c05ec3d8116a91399885502b3317d145e7c708
sample,dense_crlf-49,388,2634120,259999,10000,4376ae7067b0aa03f34a7d4cf24796c22806cbf528696068d0dbc06d377cbdec,829a2122fab3ae843a3ab07164c05ec3d8116a91399885502b3317d145e7c708
sample,dense_crlf-49,389,2641190,259999,10000,4376ae7067b0aa03f34a7d4cf24796c22806cbf528696068d0dbc06d377cbdec,829a2122fab3ae843a3ab07164c05ec3d8116a91399885502b3317d145e7c708
sample,dense_crlf-49,390,2633020,259999,10000,4376ae7067b0aa03f34a7d4cf24796c22806cbf528696068d0dbc06d377cbdec,829a2122fab3ae843a3ab07164c05ec3d8116a91399885502b3317d145e7c708
sample,dense_crlf-49,391,2658339,259999,10000,4376ae7067b0aa03f34a7d4cf24796c22806cbf528696068d0dbc06d377cbdec,829a2122fab3ae843a3ab07164c05ec3d8116a91399885502b3317d145e7c708
sample,dense_crlf-49,392,2649589,259999,10000,4376ae7067b0aa03f34a7d4cf24796c22806cbf528696068d0dbc06d377cbdec,829a2122fab3ae843a3ab07164c05ec3d8116a91399885502b3317d145e7c708
sample,dense_crlf-49,393,2644290,259999,10000,4376ae7067b0aa03f34a7d4cf24796c22806cbf528696068d0dbc06d377cbdec,829a2122fab3ae843a3ab07164c05ec3d8116a91399885502b3317d145e7c708
sample,dense_crlf-49,394,2652470,259999,10000,4376ae7067b0aa03f34a7d4cf24796c22806cbf528696068d0dbc06d377cbdec,829a2122fab3ae843a3ab07164c05ec3d8116a91399885502b3317d145e7c708
sample,dense_crlf-49,395,2639420,259999,10000,4376ae7067b0aa03f34a7d4cf24796c22806cbf528696068d0dbc06d377cbdec,829a2122fab3ae843a3ab07164c05ec3d8116a91399885502b3317d145e7c708
sample,dense_crlf-49,396,2632340,259999,10000,4376ae7067b0aa03f34a7d4cf24796c22806cbf528696068d0dbc06d377cbdec,829a2122fab3ae843a3ab07164c05ec3d8116a91399885502b3317d145e7c708
sample,dense_crlf-49,397,2643559,259999,10000,4376ae7067b0aa03f34a7d4cf24796c22806cbf528696068d0dbc06d377cbdec,829a2122fab3ae843a3ab07164c05ec3d8116a91399885502b3317d145e7c708
sample,dense_crlf-49,398,2628330,259999,10000,4376ae7067b0aa03f34a7d4cf24796c22806cbf528696068d0dbc06d377cbdec,829a2122fab3ae843a3ab07164c05ec3d8116a91399885502b3317d145e7c708
sample,dense_crlf-49,399,2639560,259999,10000,4376ae7067b0aa03f34a7d4cf24796c22806cbf528696068d0dbc06d377cbdec,829a2122fab3ae843a3ab07164c05ec3d8116a91399885502b3317d145e7c708
sample,dense_crlf-49,400,2643840,259999,10000,4376ae7067b0aa03f34a7d4cf24796c22806cbf528696068d0dbc06d377cbdec,829a2122fab3ae843a3ab07164c05ec3d8116a91399885502b3317d145e7c708
sample,dense_crlf-49,401,2636479,259999,10000,4376ae7067b0aa03f34a7d4cf24796c22806cbf528696068d0dbc06d377cbdec,829a2122fab3ae843a3ab07164c05ec3d8116a91399885502b3317d145e7c708
sample,dense_crlf-49,402,2648400,259999,10000,4376ae7067b0aa03f34a7d4cf24796c22806cbf528696068d0dbc06d377cbdec,829a2122fab3ae843a3ab07164c05ec3d8116a91399885502b3317d145e7c708
sample,dense_crlf-49,403,2645460,259999,10000,4376ae7067b0aa03f34a7d4cf24796c22806cbf528696068d0dbc06d377cbdec,829a2122fab3ae843a3ab07164c05ec3d8116a91399885502b3317d145e7c708
sample,dense_crlf-49,404,2625440,259999,10000,4376ae7067b0aa03f34a7d4cf24796c22806cbf528696068d0dbc06d377cbdec,829a2122fab3ae843a3ab07164c05ec3d8116a91399885502b3317d145e7c708
sample,dense_crlf-49,405,2634930,259999,10000,4376ae7067b0aa03f34a7d4cf24796c22806cbf528696068d0dbc06d377cbdec,829a2122fab3ae843a3ab07164c05ec3d8116a91399885502b3317d145e7c708
sample,dense_crlf-49,406,2639160,259999,10000,4376ae7067b0aa03f34a7d4cf24796c22806cbf528696068d0dbc06d377cbdec,829a2122fab3ae843a3ab07164c05ec3d8116a91399885502b3317d145e7c708
sample,dense_crlf-49,407,2621199,259999,10000,4376ae7067b0aa03f34a7d4cf24796c22806cbf528696068d0dbc06d377cbdec,829a2122fab3ae843a3ab07164c05ec3d8116a91399885502b3317d145e7c708
sample,dense_crlf-49,408,2635910,259999,10000,4376ae7067b0aa03f34a7d4cf24796c22806cbf528696068d0dbc06d377cbdec,829a2122fab3ae843a3ab07164c05ec3d8116a91399885502b3317d145e7c708
sample,dense_crlf-49,409,2639630,259999,10000,4376ae7067b0aa03f34a7d4cf24796c22806cbf528696068d0dbc06d377cbdec,829a2122fab3ae843a3ab07164c05ec3d8116a91399885502b3317d145e7c708
sample,dense_crlf-49,410,2620440,259999,10000,4376ae7067b0aa03f34a7d4cf24796c22806cbf528696068d0dbc06d377cbdec,829a2122fab3ae843a3ab07164c05ec3d8116a91399885502b3317d145e7c708
sample,dense_crlf-49,411,2640149,259999,10000,4376ae7067b0aa03f34a7d4cf24796c22806cbf528696068d0dbc06d377cbdec,829a2122fab3ae843a3ab07164c05ec3d8116a91399885502b3317d145e7c708
sample,dense_crlf-49,412,2626430,259999,10000,4376ae7067b0aa03f34a7d4cf24796c22806cbf528696068d0dbc06d377cbdec,829a2122fab3ae843a3ab07164c05ec3d8116a91399885502b3317d145e7c708
sample,dense_crlf-49,413,2634790,259999,10000,4376ae7067b0aa03f34a7d4cf24796c22806cbf528696068d0dbc06d377cbdec,829a2122fab3ae843a3ab07164c05ec3d8116a91399885502b3317d145e7c708
sample,dense_crlf-49,414,2641440,259999,10000,4376ae7067b0aa03f34a7d4cf24796c22806cbf528696068d0dbc06d377cbdec,829a2122fab3ae843a3ab07164c05ec3d8116a91399885502b3317d145e7c708
sample,dense_crlf-49,415,2634229,259999,10000,4376ae7067b0aa03f34a7d4cf24796c22806cbf528696068d0dbc06d377cbdec,829a2122fab3ae843a3ab07164c05ec3d8116a91399885502b3317d145e7c708
sample,dense_crlf-49,416,2639750,259999,10000,4376ae7067b0aa03f34a7d4cf24796c22806cbf528696068d0dbc06d377cbdec,829a2122fab3ae843a3ab07164c05ec3d8116a91399885502b3317d145e7c708
sample,dense_crlf-49,417,2848781,259999,10000,4376ae7067b0aa03f34a7d4cf24796c22806cbf528696068d0dbc06d377cbdec,829a2122fab3ae843a3ab07164c05ec3d8116a91399885502b3317d145e7c708
sample,dense_crlf-49,418,2643120,259999,10000,4376ae7067b0aa03f34a7d4cf24796c22806cbf528696068d0dbc06d377cbdec,829a2122fab3ae843a3ab07164c05ec3d8116a91399885502b3317d145e7c708
sample,dense_crlf-49,419,2634560,259999,10000,4376ae7067b0aa03f34a7d4cf24796c22806cbf528696068d0dbc06d377cbdec,829a2122fab3ae843a3ab07164c05ec3d8116a91399885502b3317d145e7c708
sample,dense_crlf-49,420,2652659,259999,10000,4376ae7067b0aa03f34a7d4cf24796c22806cbf528696068d0dbc06d377cbdec,829a2122fab3ae843a3ab07164c05ec3d8116a91399885502b3317d145e7c708
sample,dense_crlf-49,421,2638290,259999,10000,4376ae7067b0aa03f34a7d4cf24796c22806cbf528696068d0dbc06d377cbdec,829a2122fab3ae843a3ab07164c05ec3d8116a91399885502b3317d145e7c708
sample,dense_crlf-49,422,2638110,259999,10000,4376ae7067b0aa03f34a7d4cf24796c22806cbf528696068d0dbc06d377cbdec,829a2122fab3ae843a3ab07164c05ec3d8116a91399885502b3317d145e7c708
sample,dense_crlf-49,423,2632330,259999,10000,4376ae7067b0aa03f34a7d4cf24796c22806cbf528696068d0dbc06d377cbdec,829a2122fab3ae843a3ab07164c05ec3d8116a91399885502b3317d145e7c708
sample,dense_crlf-49,424,2634440,259999,10000,4376ae7067b0aa03f34a7d4cf24796c22806cbf528696068d0dbc06d377cbdec,829a2122fab3ae843a3ab07164c05ec3d8116a91399885502b3317d145e7c708
sample,dense_crlf-49,425,2645669,259999,10000,4376ae7067b0aa03f34a7d4cf24796c22806cbf528696068d0dbc06d377cbdec,829a2122fab3ae843a3ab07164c05ec3d8116a91399885502b3317d145e7c708
sample,dense_crlf-49,426,2633330,259999,10000,4376ae7067b0aa03f34a7d4cf24796c22806cbf528696068d0dbc06d377cbdec,829a2122fab3ae843a3ab07164c05ec3d8116a91399885502b3317d145e7c708
sample,dense_crlf-49,427,2632040,259999,10000,4376ae7067b0aa03f34a7d4cf24796c22806cbf528696068d0dbc06d377cbdec,829a2122fab3ae843a3ab07164c05ec3d8116a91399885502b3317d145e7c708
sample,dense_crlf-49,428,2633450,259999,10000,4376ae7067b0aa03f34a7d4cf24796c22806cbf528696068d0dbc06d377cbdec,829a2122fab3ae843a3ab07164c05ec3d8116a91399885502b3317d145e7c708
sample,dense_crlf-49,429,2647959,259999,10000,4376ae7067b0aa03f34a7d4cf24796c22806cbf528696068d0dbc06d377cbdec,829a2122fab3ae843a3ab07164c05ec3d8116a91399885502b3317d145e7c708
sample,dense_crlf-49,430,2642920,259999,10000,4376ae7067b0aa03f34a7d4cf24796c22806cbf528696068d0dbc06d377cbdec,829a2122fab3ae843a3ab07164c05ec3d8116a91399885502b3317d145e7c708
sample,dense_crlf-49,431,2632430,259999,10000,4376ae7067b0aa03f34a7d4cf24796c22806cbf528696068d0dbc06d377cbdec,829a2122fab3ae843a3ab07164c05ec3d8116a91399885502b3317d145e7c708
sample,dense_crlf-49,432,2634100,259999,10000,4376ae7067b0aa03f34a7d4cf24796c22806cbf528696068d0dbc06d377cbdec,829a2122fab3ae843a3ab07164c05ec3d8116a91399885502b3317d145e7c708
sample,dense_crlf-49,433,2645600,259999,10000,4376ae7067b0aa03f34a7d4cf24796c22806cbf528696068d0dbc06d377cbdec,829a2122fab3ae843a3ab07164c05ec3d8116a91399885502b3317d145e7c708
sample,dense_crlf-49,434,2631680,259999,10000,4376ae7067b0aa03f34a7d4cf24796c22806cbf528696068d0dbc06d377cbdec,829a2122fab3ae843a3ab07164c05ec3d8116a91399885502b3317d145e7c708
sample,dense_crlf-49,435,2629489,259999,10000,4376ae7067b0aa03f34a7d4cf24796c22806cbf528696068d0dbc06d377cbdec,829a2122fab3ae843a3ab07164c05ec3d8116a91399885502b3317d145e7c708
sample,dense_crlf-49,436,2646560,259999,10000,4376ae7067b0aa03f34a7d4cf24796c22806cbf528696068d0dbc06d377cbdec,829a2122fab3ae843a3ab07164c05ec3d8116a91399885502b3317d145e7c708
sample,dense_crlf-49,437,2645480,259999,10000,4376ae7067b0aa03f34a7d4cf24796c22806cbf528696068d0dbc06d377cbdec,829a2122fab3ae843a3ab07164c05ec3d8116a91399885502b3317d145e7c708
sample,dense_crlf-49,438,2655700,259999,10000,4376ae7067b0aa03f34a7d4cf24796c22806cbf528696068d0dbc06d377cbdec,829a2122fab3ae843a3ab07164c05ec3d8116a91399885502b3317d145e7c708
sample,dense_crlf-49,439,2637800,259999,10000,4376ae7067b0aa03f34a7d4cf24796c22806cbf528696068d0dbc06d377cbdec,829a2122fab3ae843a3ab07164c05ec3d8116a91399885502b3317d145e7c708
sample,dense_crlf-49,440,2635369,259999,10000,4376ae7067b0aa03f34a7d4cf24796c22806cbf528696068d0dbc06d377cbdec,829a2122fab3ae843a3ab07164c05ec3d8116a91399885502b3317d145e7c708
sample,dense_crlf-49,441,2631690,259999,10000,4376ae7067b0aa03f34a7d4cf24796c22806cbf528696068d0dbc06d377cbdec,829a2122fab3ae843a3ab07164c05ec3d8116a91399885502b3317d145e7c708
sample,dense_crlf-49,442,2636990,259999,10000,4376ae7067b0aa03f34a7d4cf24796c22806cbf528696068d0dbc06d377cbdec,829a2122fab3ae843a3ab07164c05ec3d8116a91399885502b3317d145e7c708
sample,dense_crlf-49,443,2639400,259999,10000,4376ae7067b0aa03f34a7d4cf24796c22806cbf528696068d0dbc06d377cbdec,829a2122fab3ae843a3ab07164c05ec3d8116a91399885502b3317d145e7c708
sample,dense_crlf-49,444,2638139,259999,10000,4376ae7067b0aa03f34a7d4cf24796c22806cbf528696068d0dbc06d377cbdec,829a2122fab3ae843a3ab07164c05ec3d8116a91399885502b3317d145e7c708
sample,dense_crlf-49,445,2634290,259999,10000,4376ae7067b0aa03f34a7d4cf24796c22806cbf528696068d0dbc06d377cbdec,829a2122fab3ae843a3ab07164c05ec3d8116a91399885502b3317d145e7c708
sample,dense_crlf-49,446,2636490,259999,10000,4376ae7067b0aa03f34a7d4cf24796c22806cbf528696068d0dbc06d377cbdec,829a2122fab3ae843a3ab07164c05ec3d8116a91399885502b3317d145e7c708
sample,dense_crlf-49,447,2640170,259999,10000,4376ae7067b0aa03f34a7d4cf24796c22806cbf528696068d0dbc06d377cbdec,829a2122fab3ae843a3ab07164c05ec3d8116a91399885502b3317d145e7c708
sample,dense_crlf-49,448,2640580,259999,10000,4376ae7067b0aa03f34a7d4cf24796c22806cbf528696068d0dbc06d377cbdec,829a2122fab3ae843a3ab07164c05ec3d8116a91399885502b3317d145e7c708
sample,dense_crlf-49,449,2632160,259999,10000,4376ae7067b0aa03f34a7d4cf24796c22806cbf528696068d0dbc06d377cbdec,829a2122fab3ae843a3ab07164c05ec3d8116a91399885502b3317d145e7c708
sample,dense_crlf-49,450,2629199,259999,10000,4376ae7067b0aa03f34a7d4cf24796c22806cbf528696068d0dbc06d377cbdec,829a2122fab3ae843a3ab07164c05ec3d8116a91399885502b3317d145e7c708
sample,dense_crlf-49,451,2640730,259999,10000,4376ae7067b0aa03f34a7d4cf24796c22806cbf528696068d0dbc06d377cbdec,829a2122fab3ae843a3ab07164c05ec3d8116a91399885502b3317d145e7c708
sample,dense_crlf-49,452,2633350,259999,10000,4376ae7067b0aa03f34a7d4cf24796c22806cbf528696068d0dbc06d377cbdec,829a2122fab3ae843a3ab07164c05ec3d8116a91399885502b3317d145e7c708
sample,dense_crlf-49,453,2637690,259999,10000,4376ae7067b0aa03f34a7d4cf24796c22806cbf528696068d0dbc06d377cbdec,829a2122fab3ae843a3ab07164c05ec3d8116a91399885502b3317d145e7c708
sample,dense_crlf-49,454,2632879,259999,10000,4376ae7067b0aa03f34a7d4cf24796c22806cbf528696068d0dbc06d377cbdec,829a2122fab3ae843a3ab07164c05ec3d8116a91399885502b3317d145e7c708
sample,dense_crlf-49,455,2639670,259999,10000,4376ae7067b0aa03f34a7d4cf24796c22806cbf528696068d0dbc06d377cbdec,829a2122fab3ae843a3ab07164c05ec3d8116a91399885502b3317d145e7c708
sample,dense_crlf-49,456,2638920,259999,10000,4376ae7067b0aa03f34a7d4cf24796c22806cbf528696068d0dbc06d377cbdec,829a2122fab3ae843a3ab07164c05ec3d8116a91399885502b3317d145e7c708
sample,dense_crlf-49,457,2625260,259999,10000,4376ae7067b0aa03f34a7d4cf24796c22806cbf528696068d0dbc06d377cbdec,829a2122fab3ae843a3ab07164c05ec3d8116a91399885502b3317d145e7c708
sample,dense_crlf-49,458,2637540,259999,10000,4376ae7067b0aa03f34a7d4cf24796c22806cbf528696068d0dbc06d377cbdec,829a2122fab3ae843a3ab07164c05ec3d8116a91399885502b3317d145e7c708
sample,dense_crlf-49,459,2653499,259999,10000,4376ae7067b0aa03f34a7d4cf24796c22806cbf528696068d0dbc06d377cbdec,829a2122fab3ae843a3ab07164c05ec3d8116a91399885502b3317d145e7c708
sample,dense_crlf-49,460,2644840,259999,10000,4376ae7067b0aa03f34a7d4cf24796c22806cbf528696068d0dbc06d377cbdec,829a2122fab3ae843a3ab07164c05ec3d8116a91399885502b3317d145e7c708
sample,dense_crlf-49,461,2640600,259999,10000,4376ae7067b0aa03f34a7d4cf24796c22806cbf528696068d0dbc06d377cbdec,829a2122fab3ae843a3ab07164c05ec3d8116a91399885502b3317d145e7c708
sample,dense_crlf-49,462,2643960,259999,10000,4376ae7067b0aa03f34a7d4cf24796c22806cbf528696068d0dbc06d377cbdec,829a2122fab3ae843a3ab07164c05ec3d8116a91399885502b3317d145e7c708
sample,dense_crlf-49,463,2633319,259999,10000,4376ae7067b0aa03f34a7d4cf24796c22806cbf528696068d0dbc06d377cbdec,829a2122fab3ae843a3ab07164c05ec3d8116a91399885502b3317d145e7c708
sample,dense_crlf-49,464,2650720,259999,10000,4376ae7067b0aa03f34a7d4cf24796c22806cbf528696068d0dbc06d377cbdec,829a2122fab3ae843a3ab07164c05ec3d8116a91399885502b3317d145e7c708
sample,dense_crlf-49,465,2647880,259999,10000,4376ae7067b0aa03f34a7d4cf24796c22806cbf528696068d0dbc06d377cbdec,829a2122fab3ae843a3ab07164c05ec3d8116a91399885502b3317d145e7c708
sample,dense_crlf-49,466,2635300,259999,10000,4376ae7067b0aa03f34a7d4cf24796c22806cbf528696068d0dbc06d377cbdec,829a2122fab3ae843a3ab07164c05ec3d8116a91399885502b3317d145e7c708
sample,dense_crlf-49,467,2645500,259999,10000,4376ae7067b0aa03f34a7d4cf24796c22806cbf528696068d0dbc06d377cbdec,829a2122fab3ae843a3ab07164c05ec3d8116a91399885502b3317d145e7c708
sample,dense_crlf-49,468,2622339,259999,10000,4376ae7067b0aa03f34a7d4cf24796c22806cbf528696068d0dbc06d377cbdec,829a2122fab3ae843a3ab07164c05ec3d8116a91399885502b3317d145e7c708
sample,dense_crlf-49,469,2639860,259999,10000,4376ae7067b0aa03f34a7d4cf24796c22806cbf528696068d0dbc06d377cbdec,829a2122fab3ae843a3ab07164c05ec3d8116a91399885502b3317d145e7c708
sample,dense_crlf-49,470,2630880,259999,10000,4376ae7067b0aa03f34a7d4cf24796c22806cbf528696068d0dbc06d377cbdec,829a2122fab3ae843a3ab07164c05ec3d8116a91399885502b3317d145e7c708
sample,dense_crlf-49,471,2634220,259999,10000,4376ae7067b0aa03f34a7d4cf24796c22806cbf528696068d0dbc06d377cbdec,829a2122fab3ae843a3ab07164c05ec3d8116a91399885502b3317d145e7c708
sample,dense_crlf-49,472,2640169,259999,10000,4376ae7067b0aa03f34a7d4cf24796c22806cbf528696068d0dbc06d377cbdec,829a2122fab3ae843a3ab07164c05ec3d8116a91399885502b3317d145e7c708
sample,dense_crlf-49,473,2649460,259999,10000,4376ae7067b0aa03f34a7d4cf24796c22806cbf528696068d0dbc06d377cbdec,829a2122fab3ae843a3ab07164c05ec3d8116a91399885502b3317d145e7c708
sample,dense_crlf-49,474,2650550,259999,10000,4376ae7067b0aa03f34a7d4cf24796c22806cbf528696068d0dbc06d377cbdec,829a2122fab3ae843a3ab07164c05ec3d8116a91399885502b3317d145e7c708
sample,dense_crlf-49,475,2650800,259999,10000,4376ae7067b0aa03f34a7d4cf24796c22806cbf528696068d0dbc06d377cbdec,829a2122fab3ae843a3ab07164c05ec3d8116a91399885502b3317d145e7c708
sample,dense_crlf-49,476,2637090,259999,10000,4376ae7067b0aa03f34a7d4cf24796c22806cbf528696068d0dbc06d377cbdec,829a2122fab3ae843a3ab07164c05ec3d8116a91399885502b3317d145e7c708
sample,dense_crlf-49,477,2633090,259999,10000,4376ae7067b0aa03f34a7d4cf24796c22806cbf528696068d0dbc06d377cbdec,829a2122fab3ae843a3ab07164c05ec3d8116a91399885502b3317d145e7c708
sample,dense_crlf-49,478,2646279,259999,10000,4376ae7067b0aa03f34a7d4cf24796c22806cbf528696068d0dbc06d377cbdec,829a2122fab3ae843a3ab07164c05ec3d8116a91399885502b3317d145e7c708
sample,dense_crlf-49,479,2655950,259999,10000,4376ae7067b0aa03f34a7d4cf24796c22806cbf528696068d0dbc06d377cbdec,829a2122fab3ae843a3ab07164c05ec3d8116a91399885502b3317d145e7c708
sample,dense_crlf-49,480,2640060,259999,10000,4376ae7067b0aa03f34a7d4cf24796c22806cbf528696068d0dbc06d377cbdec,829a2122fab3ae843a3ab07164c05ec3d8116a91399885502b3317d145e7c708
sample,dense_crlf-49,481,2639910,259999,10000,4376ae7067b0aa03f34a7d4cf24796c22806cbf528696068d0dbc06d377cbdec,829a2122fab3ae843a3ab07164c05ec3d8116a91399885502b3317d145e7c708
sample,dense_crlf-49,482,2639710,259999,10000,4376ae7067b0aa03f34a7d4cf24796c22806cbf528696068d0dbc06d377cbdec,829a2122fab3ae843a3ab07164c05ec3d8116a91399885502b3317d145e7c708
sample,dense_crlf-49,483,2652300,259999,10000,4376ae7067b0aa03f34a7d4cf24796c22806cbf528696068d0dbc06d377cbdec,829a2122fab3ae843a3ab07164c05ec3d8116a91399885502b3317d145e7c708
sample,dense_crlf-49,484,2638869,259999,10000,4376ae7067b0aa03f34a7d4cf24796c22806cbf528696068d0dbc06d377cbdec,829a2122fab3ae843a3ab07164c05ec3d8116a91399885502b3317d145e7c708
sample,dense_crlf-49,485,2635660,259999,10000,4376ae7067b0aa03f34a7d4cf24796c22806cbf528696068d0dbc06d377cbdec,829a2122fab3ae843a3ab07164c05ec3d8116a91399885502b3317d145e7c708
sample,dense_crlf-49,486,2639920,259999,10000,4376ae7067b0aa03f34a7d4cf24796c22806cbf528696068d0dbc06d377cbdec,829a2122fab3ae843a3ab07164c05ec3d8116a91399885502b3317d145e7c708
sample,dense_crlf-49,487,2644690,259999,10000,4376ae7067b0aa03f34a7d4cf24796c22806cbf528696068d0dbc06d377cbdec,829a2122fab3ae843a3ab07164c05ec3d8116a91399885502b3317d145e7c708
sample,dense_crlf-49,488,2637270,259999,10000,4376ae7067b0aa03f34a7d4cf24796c22806cbf528696068d0dbc06d377cbdec,829a2122fab3ae843a3ab07164c05ec3d8116a91399885502b3317d145e7c708
sample,dense_crlf-49,489,2641969,259999,10000,4376ae7067b0aa03f34a7d4cf24796c22806cbf528696068d0dbc06d377cbdec,829a2122fab3ae843a3ab07164c05ec3d8116a91399885502b3317d145e7c708
sample,dense_crlf-49,490,2641840,259999,10000,4376ae7067b0aa03f34a7d4cf24796c22806cbf528696068d0dbc06d377cbdec,829a2122fab3ae843a3ab07164c05ec3d8116a91399885502b3317d145e7c708
sample,dense_crlf-49,491,2638440,259999,10000,4376ae7067b0aa03f34a7d4cf24796c22806cbf528696068d0dbc06d377cbdec,829a2122fab3ae843a3ab07164c05ec3d8116a91399885502b3317d145e7c708
sample,dense_crlf-49,492,2644280,259999,10000,4376ae7067b0aa03f34a7d4cf24796c22806cbf528696068d0dbc06d377cbdec,829a2122fab3ae843a3ab07164c05ec3d8116a91399885502b3317d145e7c708
sample,dense_crlf-49,493,2638760,259999,10000,4376ae7067b0aa03f34a7d4cf24796c22806cbf528696068d0dbc06d377cbdec,829a2122fab3ae843a3ab07164c05ec3d8116a91399885502b3317d145e7c708
sample,dense_crlf-49,494,2635049,259999,10000,4376ae7067b0aa03f34a7d4cf24796c22806cbf528696068d0dbc06d377cbdec,829a2122fab3ae843a3ab07164c05ec3d8116a91399885502b3317d145e7c708
sample,dense_crlf-49,495,2639550,259999,10000,4376ae7067b0aa03f34a7d4cf24796c22806cbf528696068d0dbc06d377cbdec,829a2122fab3ae843a3ab07164c05ec3d8116a91399885502b3317d145e7c708
sample,dense_crlf-49,496,2643740,259999,10000,4376ae7067b0aa03f34a7d4cf24796c22806cbf528696068d0dbc06d377cbdec,829a2122fab3ae843a3ab07164c05ec3d8116a91399885502b3317d145e7c708
sample,dense_crlf-49,497,2658510,259999,10000,4376ae7067b0aa03f34a7d4cf24796c22806cbf528696068d0dbc06d377cbdec,829a2122fab3ae843a3ab07164c05ec3d8116a91399885502b3317d145e7c708
sample,dense_crlf-49,498,2645890,259999,10000,4376ae7067b0aa03f34a7d4cf24796c22806cbf528696068d0dbc06d377cbdec,829a2122fab3ae843a3ab07164c05ec3d8116a91399885502b3317d145e7c708
sample,dense_crlf-49,499,2638309,259999,10000,4376ae7067b0aa03f34a7d4cf24796c22806cbf528696068d0dbc06d377cbdec,829a2122fab3ae843a3ab07164c05ec3d8116a91399885502b3317d145e7c708
sample,all_cr-49,0,4244706,499999,10000,ea7a9190fa54ae2fe2083736a3ac40737f9a749d3c6ddbd813ece3a17b0f8024,4e7c6f011d6b8b058eca5405170a297fedec9dffae013fb31064ef78e8959eba
sample,all_cr-49,1,4241826,499999,10000,ea7a9190fa54ae2fe2083736a3ac40737f9a749d3c6ddbd813ece3a17b0f8024,4e7c6f011d6b8b058eca5405170a297fedec9dffae013fb31064ef78e8959eba
sample,all_cr-49,2,4243695,499999,10000,ea7a9190fa54ae2fe2083736a3ac40737f9a749d3c6ddbd813ece3a17b0f8024,4e7c6f011d6b8b058eca5405170a297fedec9dffae013fb31064ef78e8959eba
sample,all_cr-49,3,4240406,499999,10000,ea7a9190fa54ae2fe2083736a3ac40737f9a749d3c6ddbd813ece3a17b0f8024,4e7c6f011d6b8b058eca5405170a297fedec9dffae013fb31064ef78e8959eba
sample,all_cr-49,4,4239216,499999,10000,ea7a9190fa54ae2fe2083736a3ac40737f9a749d3c6ddbd813ece3a17b0f8024,4e7c6f011d6b8b058eca5405170a297fedec9dffae013fb31064ef78e8959eba
sample,all_cr-49,5,4244396,499999,10000,ea7a9190fa54ae2fe2083736a3ac40737f9a749d3c6ddbd813ece3a17b0f8024,4e7c6f011d6b8b058eca5405170a297fedec9dffae013fb31064ef78e8959eba
sample,all_cr-49,6,4240195,499999,10000,ea7a9190fa54ae2fe2083736a3ac40737f9a749d3c6ddbd813ece3a17b0f8024,4e7c6f011d6b8b058eca5405170a297fedec9dffae013fb31064ef78e8959eba
sample,all_cr-49,7,4245976,499999,10000,ea7a9190fa54ae2fe2083736a3ac40737f9a749d3c6ddbd813ece3a17b0f8024,4e7c6f011d6b8b058eca5405170a297fedec9dffae013fb31064ef78e8959eba
sample,all_cr-49,8,4242856,499999,10000,ea7a9190fa54ae2fe2083736a3ac40737f9a749d3c6ddbd813ece3a17b0f8024,4e7c6f011d6b8b058eca5405170a297fedec9dffae013fb31064ef78e8959eba
sample,all_cr-49,9,4247646,499999,10000,ea7a9190fa54ae2fe2083736a3ac40737f9a749d3c6ddbd813ece3a17b0f8024,4e7c6f011d6b8b058eca5405170a297fedec9dffae013fb31064ef78e8959eba
sample,all_cr-49,10,4240885,499999,10000,ea7a9190fa54ae2fe2083736a3ac40737f9a749d3c6ddbd813ece3a17b0f8024,4e7c6f011d6b8b058eca5405170a297fedec9dffae013fb31064ef78e8959eba
sample,all_cr-49,11,4243756,499999,10000,ea7a9190fa54ae2fe2083736a3ac40737f9a749d3c6ddbd813ece3a17b0f8024,4e7c6f011d6b8b058eca5405170a297fedec9dffae013fb31064ef78e8959eba
sample,all_cr-49,12,4239006,499999,10000,ea7a9190fa54ae2fe2083736a3ac40737f9a749d3c6ddbd813ece3a17b0f8024,4e7c6f011d6b8b058eca5405170a297fedec9dffae013fb31064ef78e8959eba
sample,all_cr-49,13,4245356,499999,10000,ea7a9190fa54ae2fe2083736a3ac40737f9a749d3c6ddbd813ece3a17b0f8024,4e7c6f011d6b8b058eca5405170a297fedec9dffae013fb31064ef78e8959eba
sample,all_cr-49,14,4289056,499999,10000,ea7a9190fa54ae2fe2083736a3ac40737f9a749d3c6ddbd813ece3a17b0f8024,4e7c6f011d6b8b058eca5405170a297fedec9dffae013fb31064ef78e8959eba
sample,all_cr-49,15,4239885,499999,10000,ea7a9190fa54ae2fe2083736a3ac40737f9a749d3c6ddbd813ece3a17b0f8024,4e7c6f011d6b8b058eca5405170a297fedec9dffae013fb31064ef78e8959eba
sample,all_cr-49,16,4239406,499999,10000,ea7a9190fa54ae2fe2083736a3ac40737f9a749d3c6ddbd813ece3a17b0f8024,4e7c6f011d6b8b058eca5405170a297fedec9dffae013fb31064ef78e8959eba
sample,all_cr-49,17,4245976,499999,10000,ea7a9190fa54ae2fe2083736a3ac40737f9a749d3c6ddbd813ece3a17b0f8024,4e7c6f011d6b8b058eca5405170a297fedec9dffae013fb31064ef78e8959eba
sample,all_cr-49,18,4237146,499999,10000,ea7a9190fa54ae2fe2083736a3ac40737f9a749d3c6ddbd813ece3a17b0f8024,4e7c6f011d6b8b058eca5405170a297fedec9dffae013fb31064ef78e8959eba
sample,all_cr-49,19,4239035,499999,10000,ea7a9190fa54ae2fe2083736a3ac40737f9a749d3c6ddbd813ece3a17b0f8024,4e7c6f011d6b8b058eca5405170a297fedec9dffae013fb31064ef78e8959eba
sample,all_cr-49,20,4232306,499999,10000,ea7a9190fa54ae2fe2083736a3ac40737f9a749d3c6ddbd813ece3a17b0f8024,4e7c6f011d6b8b058eca5405170a297fedec9dffae013fb31064ef78e8959eba
sample,all_cr-49,21,4238356,499999,10000,ea7a9190fa54ae2fe2083736a3ac40737f9a749d3c6ddbd813ece3a17b0f8024,4e7c6f011d6b8b058eca5405170a297fedec9dffae013fb31064ef78e8959eba
sample,all_cr-49,22,4234946,499999,10000,ea7a9190fa54ae2fe2083736a3ac40737f9a749d3c6ddbd813ece3a17b0f8024,4e7c6f011d6b8b058eca5405170a297fedec9dffae013fb31064ef78e8959eba
sample,all_cr-49,23,4250675,499999,10000,ea7a9190fa54ae2fe2083736a3ac40737f9a749d3c6ddbd813ece3a17b0f8024,4e7c6f011d6b8b058eca5405170a297fedec9dffae013fb31064ef78e8959eba
sample,all_cr-49,24,4244666,499999,10000,ea7a9190fa54ae2fe2083736a3ac40737f9a749d3c6ddbd813ece3a17b0f8024,4e7c6f011d6b8b058eca5405170a297fedec9dffae013fb31064ef78e8959eba
sample,all_cr-49,25,4248066,499999,10000,ea7a9190fa54ae2fe2083736a3ac40737f9a749d3c6ddbd813ece3a17b0f8024,4e7c6f011d6b8b058eca5405170a297fedec9dffae013fb31064ef78e8959eba
sample,all_cr-49,26,4240296,499999,10000,ea7a9190fa54ae2fe2083736a3ac40737f9a749d3c6ddbd813ece3a17b0f8024,4e7c6f011d6b8b058eca5405170a297fedec9dffae013fb31064ef78e8959eba
sample,all_cr-49,27,4290545,499999,10000,ea7a9190fa54ae2fe2083736a3ac40737f9a749d3c6ddbd813ece3a17b0f8024,4e7c6f011d6b8b058eca5405170a297fedec9dffae013fb31064ef78e8959eba
sample,all_cr-49,28,4244566,499999,10000,ea7a9190fa54ae2fe2083736a3ac40737f9a749d3c6ddbd813ece3a17b0f8024,4e7c6f011d6b8b058eca5405170a297fedec9dffae013fb31064ef78e8959eba
sample,all_cr-49,29,4260776,499999,10000,ea7a9190fa54ae2fe2083736a3ac40737f9a749d3c6ddbd813ece3a17b0f8024,4e7c6f011d6b8b058eca5405170a297fedec9dffae013fb31064ef78e8959eba
sample,all_cr-49,30,4239986,499999,10000,ea7a9190fa54ae2fe2083736a3ac40737f9a749d3c6ddbd813ece3a17b0f8024,4e7c6f011d6b8b058eca5405170a297fedec9dffae013fb31064ef78e8959eba
sample,all_cr-49,31,4234185,499999,10000,ea7a9190fa54ae2fe2083736a3ac40737f9a749d3c6ddbd813ece3a17b0f8024,4e7c6f011d6b8b058eca5405170a297fedec9dffae013fb31064ef78e8959eba
sample,all_cr-49,32,4246466,499999,10000,ea7a9190fa54ae2fe2083736a3ac40737f9a749d3c6ddbd813ece3a17b0f8024,4e7c6f011d6b8b058eca5405170a297fedec9dffae013fb31064ef78e8959eba
sample,all_cr-49,33,4262936,499999,10000,ea7a9190fa54ae2fe2083736a3ac40737f9a749d3c6ddbd813ece3a17b0f8024,4e7c6f011d6b8b058eca5405170a297fedec9dffae013fb31064ef78e8959eba
sample,all_cr-49,34,4242816,499999,10000,ea7a9190fa54ae2fe2083736a3ac40737f9a749d3c6ddbd813ece3a17b0f8024,4e7c6f011d6b8b058eca5405170a297fedec9dffae013fb31064ef78e8959eba
sample,all_cr-49,35,4243726,499999,10000,ea7a9190fa54ae2fe2083736a3ac40737f9a749d3c6ddbd813ece3a17b0f8024,4e7c6f011d6b8b058eca5405170a297fedec9dffae013fb31064ef78e8959eba
sample,all_cr-49,36,4238425,499999,10000,ea7a9190fa54ae2fe2083736a3ac40737f9a749d3c6ddbd813ece3a17b0f8024,4e7c6f011d6b8b058eca5405170a297fedec9dffae013fb31064ef78e8959eba
sample,all_cr-49,37,4245396,499999,10000,ea7a9190fa54ae2fe2083736a3ac40737f9a749d3c6ddbd813ece3a17b0f8024,4e7c6f011d6b8b058eca5405170a297fedec9dffae013fb31064ef78e8959eba
sample,all_cr-49,38,4250136,499999,10000,ea7a9190fa54ae2fe2083736a3ac40737f9a749d3c6ddbd813ece3a17b0f8024,4e7c6f011d6b8b058eca5405170a297fedec9dffae013fb31064ef78e8959eba
sample,all_cr-49,39,4243006,499999,10000,ea7a9190fa54ae2fe2083736a3ac40737f9a749d3c6ddbd813ece3a17b0f8024,4e7c6f011d6b8b058eca5405170a297fedec9dffae013fb31064ef78e8959eba
sample,all_cr-49,40,4234255,499999,10000,ea7a9190fa54ae2fe2083736a3ac40737f9a749d3c6ddbd813ece3a17b0f8024,4e7c6f011d6b8b058eca5405170a297fedec9dffae013fb31064ef78e8959eba
sample,all_cr-49,41,4258816,499999,10000,ea7a9190fa54ae2fe2083736a3ac40737f9a749d3c6ddbd813ece3a17b0f8024,4e7c6f011d6b8b058eca5405170a297fedec9dffae013fb31064ef78e8959eba
sample,all_cr-49,42,4237766,499999,10000,ea7a9190fa54ae2fe2083736a3ac40737f9a749d3c6ddbd813ece3a17b0f8024,4e7c6f011d6b8b058eca5405170a297fedec9dffae013fb31064ef78e8959eba
sample,all_cr-49,43,4248496,499999,10000,ea7a9190fa54ae2fe2083736a3ac40737f9a749d3c6ddbd813ece3a17b0f8024,4e7c6f011d6b8b058eca5405170a297fedec9dffae013fb31064ef78e8959eba
sample,all_cr-49,44,4261895,499999,10000,ea7a9190fa54ae2fe2083736a3ac40737f9a749d3c6ddbd813ece3a17b0f8024,4e7c6f011d6b8b058eca5405170a297fedec9dffae013fb31064ef78e8959eba
sample,all_cr-49,45,4241676,499999,10000,ea7a9190fa54ae2fe2083736a3ac40737f9a749d3c6ddbd813ece3a17b0f8024,4e7c6f011d6b8b058eca5405170a297fedec9dffae013fb31064ef78e8959eba
sample,all_cr-49,46,4234996,499999,10000,ea7a9190fa54ae2fe2083736a3ac40737f9a749d3c6ddbd813ece3a17b0f8024,4e7c6f011d6b8b058eca5405170a297fedec9dffae013fb31064ef78e8959eba
sample,all_cr-49,47,4240306,499999,10000,ea7a9190fa54ae2fe2083736a3ac40737f9a749d3c6ddbd813ece3a17b0f8024,4e7c6f011d6b8b058eca5405170a297fedec9dffae013fb31064ef78e8959eba
sample,all_cr-49,48,4238705,499999,10000,ea7a9190fa54ae2fe2083736a3ac40737f9a749d3c6ddbd813ece3a17b0f8024,4e7c6f011d6b8b058eca5405170a297fedec9dffae013fb31064ef78e8959eba
sample,all_cr-49,49,4240686,499999,10000,ea7a9190fa54ae2fe2083736a3ac40737f9a749d3c6ddbd813ece3a17b0f8024,4e7c6f011d6b8b058eca5405170a297fedec9dffae013fb31064ef78e8959eba
sample,all_cr-49,50,4247776,499999,10000,ea7a9190fa54ae2fe2083736a3ac40737f9a749d3c6ddbd813ece3a17b0f8024,4e7c6f011d6b8b058eca5405170a297fedec9dffae013fb31064ef78e8959eba
sample,all_cr-49,51,4239786,499999,10000,ea7a9190fa54ae2fe2083736a3ac40737f9a749d3c6ddbd813ece3a17b0f8024,4e7c6f011d6b8b058eca5405170a297fedec9dffae013fb31064ef78e8959eba
sample,all_cr-49,52,4285036,499999,10000,ea7a9190fa54ae2fe2083736a3ac40737f9a749d3c6ddbd813ece3a17b0f8024,4e7c6f011d6b8b058eca5405170a297fedec9dffae013fb31064ef78e8959eba
sample,all_cr-49,53,4250175,499999,10000,ea7a9190fa54ae2fe2083736a3ac40737f9a749d3c6ddbd813ece3a17b0f8024,4e7c6f011d6b8b058eca5405170a297fedec9dffae013fb31064ef78e8959eba
sample,all_cr-49,54,4240796,499999,10000,ea7a9190fa54ae2fe2083736a3ac40737f9a749d3c6ddbd813ece3a17b0f8024,4e7c6f011d6b8b058eca5405170a297fedec9dffae013fb31064ef78e8959eba
sample,all_cr-49,55,4249726,499999,10000,ea7a9190fa54ae2fe2083736a3ac40737f9a749d3c6ddbd813ece3a17b0f8024,4e7c6f011d6b8b058eca5405170a297fedec9dffae013fb31064ef78e8959eba
sample,all_cr-49,56,4248436,499999,10000,ea7a9190fa54ae2fe2083736a3ac40737f9a749d3c6ddbd813ece3a17b0f8024,4e7c6f011d6b8b058eca5405170a297fedec9dffae013fb31064ef78e8959eba
sample,all_cr-49,57,4253795,499999,10000,ea7a9190fa54ae2fe2083736a3ac40737f9a749d3c6ddbd813ece3a17b0f8024,4e7c6f011d6b8b058eca5405170a297fedec9dffae013fb31064ef78e8959eba
sample,all_cr-49,58,4234966,499999,10000,ea7a9190fa54ae2fe2083736a3ac40737f9a749d3c6ddbd813ece3a17b0f8024,4e7c6f011d6b8b058eca5405170a297fedec9dffae013fb31064ef78e8959eba
sample,all_cr-49,59,4238756,499999,10000,ea7a9190fa54ae2fe2083736a3ac40737f9a749d3c6ddbd813ece3a17b0f8024,4e7c6f011d6b8b058eca5405170a297fedec9dffae013fb31064ef78e8959eba
sample,all_cr-49,60,4235496,499999,10000,ea7a9190fa54ae2fe2083736a3ac40737f9a749d3c6ddbd813ece3a17b0f8024,4e7c6f011d6b8b058eca5405170a297fedec9dffae013fb31064ef78e8959eba
sample,all_cr-49,61,4277125,499999,10000,ea7a9190fa54ae2fe2083736a3ac40737f9a749d3c6ddbd813ece3a17b0f8024,4e7c6f011d6b8b058eca5405170a297fedec9dffae013fb31064ef78e8959eba
sample,all_cr-49,62,4250386,499999,10000,ea7a9190fa54ae2fe2083736a3ac40737f9a749d3c6ddbd813ece3a17b0f8024,4e7c6f011d6b8b058eca5405170a297fedec9dffae013fb31064ef78e8959eba
sample,all_cr-49,63,4243396,499999,10000,ea7a9190fa54ae2fe2083736a3ac40737f9a749d3c6ddbd813ece3a17b0f8024,4e7c6f011d6b8b058eca5405170a297fedec9dffae013fb31064ef78e8959eba
sample,all_cr-49,64,4246186,499999,10000,ea7a9190fa54ae2fe2083736a3ac40737f9a749d3c6ddbd813ece3a17b0f8024,4e7c6f011d6b8b058eca5405170a297fedec9dffae013fb31064ef78e8959eba
sample,all_cr-49,65,4249456,499999,10000,ea7a9190fa54ae2fe2083736a3ac40737f9a749d3c6ddbd813ece3a17b0f8024,4e7c6f011d6b8b058eca5405170a297fedec9dffae013fb31064ef78e8959eba
sample,all_cr-49,66,4241705,499999,10000,ea7a9190fa54ae2fe2083736a3ac40737f9a749d3c6ddbd813ece3a17b0f8024,4e7c6f011d6b8b058eca5405170a297fedec9dffae013fb31064ef78e8959eba
sample,all_cr-49,67,4251096,499999,10000,ea7a9190fa54ae2fe2083736a3ac40737f9a749d3c6ddbd813ece3a17b0f8024,4e7c6f011d6b8b058eca5405170a297fedec9dffae013fb31064ef78e8959eba
sample,all_cr-49,68,4237866,499999,10000,ea7a9190fa54ae2fe2083736a3ac40737f9a749d3c6ddbd813ece3a17b0f8024,4e7c6f011d6b8b058eca5405170a297fedec9dffae013fb31064ef78e8959eba
sample,all_cr-49,69,4255506,499999,10000,ea7a9190fa54ae2fe2083736a3ac40737f9a749d3c6ddbd813ece3a17b0f8024,4e7c6f011d6b8b058eca5405170a297fedec9dffae013fb31064ef78e8959eba
sample,all_cr-49,70,4240585,499999,10000,ea7a9190fa54ae2fe2083736a3ac40737f9a749d3c6ddbd813ece3a17b0f8024,4e7c6f011d6b8b058eca5405170a297fedec9dffae013fb31064ef78e8959eba
sample,all_cr-49,71,4239206,499999,10000,ea7a9190fa54ae2fe2083736a3ac40737f9a749d3c6ddbd813ece3a17b0f8024,4e7c6f011d6b8b058eca5405170a297fedec9dffae013fb31064ef78e8959eba
sample,all_cr-49,72,4234456,499999,10000,ea7a9190fa54ae2fe2083736a3ac40737f9a749d3c6ddbd813ece3a17b0f8024,4e7c6f011d6b8b058eca5405170a297fedec9dffae013fb31064ef78e8959eba
sample,all_cr-49,73,4251106,499999,10000,ea7a9190fa54ae2fe2083736a3ac40737f9a749d3c6ddbd813ece3a17b0f8024,4e7c6f011d6b8b058eca5405170a297fedec9dffae013fb31064ef78e8959eba
sample,all_cr-49,74,4253395,499999,10000,ea7a9190fa54ae2fe2083736a3ac40737f9a749d3c6ddbd813ece3a17b0f8024,4e7c6f011d6b8b058eca5405170a297fedec9dffae013fb31064ef78e8959eba
sample,all_cr-49,75,4233766,499999,10000,ea7a9190fa54ae2fe2083736a3ac40737f9a749d3c6ddbd813ece3a17b0f8024,4e7c6f011d6b8b058eca5405170a297fedec9dffae013fb31064ef78e8959eba
sample,all_cr-49,76,4245306,499999,10000,ea7a9190fa54ae2fe2083736a3ac40737f9a749d3c6ddbd813ece3a17b0f8024,4e7c6f011d6b8b058eca5405170a297fedec9dffae013fb31064ef78e8959eba
sample,all_cr-49,77,4250916,499999,10000,ea7a9190fa54ae2fe2083736a3ac40737f9a749d3c6ddbd813ece3a17b0f8024,4e7c6f011d6b8b058eca5405170a297fedec9dffae013fb31064ef78e8959eba
sample,all_cr-49,78,4232955,499999,10000,ea7a9190fa54ae2fe2083736a3ac40737f9a749d3c6ddbd813ece3a17b0f8024,4e7c6f011d6b8b058eca5405170a297fedec9dffae013fb31064ef78e8959eba
sample,all_cr-49,79,4237276,499999,10000,ea7a9190fa54ae2fe2083736a3ac40737f9a749d3c6ddbd813ece3a17b0f8024,4e7c6f011d6b8b058eca5405170a297fedec9dffae013fb31064ef78e8959eba
sample,all_cr-49,80,4244826,499999,10000,ea7a9190fa54ae2fe2083736a3ac40737f9a749d3c6ddbd813ece3a17b0f8024,4e7c6f011d6b8b058eca5405170a297fedec9dffae013fb31064ef78e8959eba
sample,all_cr-49,81,4243096,499999,10000,ea7a9190fa54ae2fe2083736a3ac40737f9a749d3c6ddbd813ece3a17b0f8024,4e7c6f011d6b8b058eca5405170a297fedec9dffae013fb31064ef78e8959eba
sample,all_cr-49,82,4240055,499999,10000,ea7a9190fa54ae2fe2083736a3ac40737f9a749d3c6ddbd813ece3a17b0f8024,4e7c6f011d6b8b058eca5405170a297fedec9dffae013fb31064ef78e8959eba
sample,all_cr-49,83,4250096,499999,10000,ea7a9190fa54ae2fe2083736a3ac40737f9a749d3c6ddbd813ece3a17b0f8024,4e7c6f011d6b8b058eca5405170a297fedec9dffae013fb31064ef78e8959eba
sample,all_cr-49,84,4238426,499999,10000,ea7a9190fa54ae2fe2083736a3ac40737f9a749d3c6ddbd813ece3a17b0f8024,4e7c6f011d6b8b058eca5405170a297fedec9dffae013fb31064ef78e8959eba
sample,all_cr-49,85,4243616,499999,10000,ea7a9190fa54ae2fe2083736a3ac40737f9a749d3c6ddbd813ece3a17b0f8024,4e7c6f011d6b8b058eca5405170a297fedec9dffae013fb31064ef78e8959eba
sample,all_cr-49,86,4240255,499999,10000,ea7a9190fa54ae2fe2083736a3ac40737f9a749d3c6ddbd813ece3a17b0f8024,4e7c6f011d6b8b058eca5405170a297fedec9dffae013fb31064ef78e8959eba
sample,all_cr-49,87,4240906,499999,10000,ea7a9190fa54ae2fe2083736a3ac40737f9a749d3c6ddbd813ece3a17b0f8024,4e7c6f011d6b8b058eca5405170a297fedec9dffae013fb31064ef78e8959eba
sample,all_cr-49,88,4239706,499999,10000,ea7a9190fa54ae2fe2083736a3ac40737f9a749d3c6ddbd813ece3a17b0f8024,4e7c6f011d6b8b058eca5405170a297fedec9dffae013fb31064ef78e8959eba
sample,all_cr-49,89,4242926,499999,10000,ea7a9190fa54ae2fe2083736a3ac40737f9a749d3c6ddbd813ece3a17b0f8024,4e7c6f011d6b8b058eca5405170a297fedec9dffae013fb31064ef78e8959eba
sample,all_cr-49,90,4241205,499999,10000,ea7a9190fa54ae2fe2083736a3ac40737f9a749d3c6ddbd813ece3a17b0f8024,4e7c6f011d6b8b058eca5405170a297fedec9dffae013fb31064ef78e8959eba
sample,all_cr-49,91,4238166,499999,10000,ea7a9190fa54ae2fe2083736a3ac40737f9a749d3c6ddbd813ece3a17b0f8024,4e7c6f011d6b8b058eca5405170a297fedec9dffae013fb31064ef78e8959eba
sample,all_cr-49,92,4238536,499999,10000,ea7a9190fa54ae2fe2083736a3ac40737f9a749d3c6ddbd813ece3a17b0f8024,4e7c6f011d6b8b058eca5405170a297fedec9dffae013fb31064ef78e8959eba
sample,all_cr-49,93,4240455,499999,10000,ea7a9190fa54ae2fe2083736a3ac40737f9a749d3c6ddbd813ece3a17b0f8024,4e7c6f011d6b8b058eca5405170a297fedec9dffae013fb31064ef78e8959eba
sample,all_cr-49,94,4293326,499999,10000,ea7a9190fa54ae2fe2083736a3ac40737f9a749d3c6ddbd813ece3a17b0f8024,4e7c6f011d6b8b058eca5405170a297fedec9dffae013fb31064ef78e8959eba
sample,all_cr-49,95,4238625,499999,10000,ea7a9190fa54ae2fe2083736a3ac40737f9a749d3c6ddbd813ece3a17b0f8024,4e7c6f011d6b8b058eca5405170a297fedec9dffae013fb31064ef78e8959eba
sample,all_cr-49,96,4241516,499999,10000,ea7a9190fa54ae2fe2083736a3ac40737f9a749d3c6ddbd813ece3a17b0f8024,4e7c6f011d6b8b058eca5405170a297fedec9dffae013fb31064ef78e8959eba
sample,all_cr-49,97,4239506,499999,10000,ea7a9190fa54ae2fe2083736a3ac40737f9a749d3c6ddbd813ece3a17b0f8024,4e7c6f011d6b8b058eca5405170a297fedec9dffae013fb31064ef78e8959eba
sample,all_cr-49,98,4239885,499999,10000,ea7a9190fa54ae2fe2083736a3ac40737f9a749d3c6ddbd813ece3a17b0f8024,4e7c6f011d6b8b058eca5405170a297fedec9dffae013fb31064ef78e8959eba
sample,all_cr-49,99,4250316,499999,10000,ea7a9190fa54ae2fe2083736a3ac40737f9a749d3c6ddbd813ece3a17b0f8024,4e7c6f011d6b8b058eca5405170a297fedec9dffae013fb31064ef78e8959eba
sample,all_cr-49,100,4244346,499999,10000,ea7a9190fa54ae2fe2083736a3ac40737f9a749d3c6ddbd813ece3a17b0f8024,4e7c6f011d6b8b058eca5405170a297fedec9dffae013fb31064ef78e8959eba
sample,all_cr-49,101,4248486,499999,10000,ea7a9190fa54ae2fe2083736a3ac40737f9a749d3c6ddbd813ece3a17b0f8024,4e7c6f011d6b8b058eca5405170a297fedec9dffae013fb31064ef78e8959eba
sample,all_cr-49,102,4248786,499999,10000,ea7a9190fa54ae2fe2083736a3ac40737f9a749d3c6ddbd813ece3a17b0f8024,4e7c6f011d6b8b058eca5405170a297fedec9dffae013fb31064ef78e8959eba
sample,all_cr-49,103,4242465,499999,10000,ea7a9190fa54ae2fe2083736a3ac40737f9a749d3c6ddbd813ece3a17b0f8024,4e7c6f011d6b8b058eca5405170a297fedec9dffae013fb31064ef78e8959eba
sample,all_cr-49,104,4243846,499999,10000,ea7a9190fa54ae2fe2083736a3ac40737f9a749d3c6ddbd813ece3a17b0f8024,4e7c6f011d6b8b058eca5405170a297fedec9dffae013fb31064ef78e8959eba
sample,all_cr-49,105,4245336,499999,10000,ea7a9190fa54ae2fe2083736a3ac40737f9a749d3c6ddbd813ece3a17b0f8024,4e7c6f011d6b8b058eca5405170a297fedec9dffae013fb31064ef78e8959eba
sample,all_cr-49,106,4252076,499999,10000,ea7a9190fa54ae2fe2083736a3ac40737f9a749d3c6ddbd813ece3a17b0f8024,4e7c6f011d6b8b058eca5405170a297fedec9dffae013fb31064ef78e8959eba
sample,all_cr-49,107,4236395,499999,10000,ea7a9190fa54ae2fe2083736a3ac40737f9a749d3c6ddbd813ece3a17b0f8024,4e7c6f011d6b8b058eca5405170a297fedec9dffae013fb31064ef78e8959eba
sample,all_cr-49,108,4255516,499999,10000,ea7a9190fa54ae2fe2083736a3ac40737f9a749d3c6ddbd813ece3a17b0f8024,4e7c6f011d6b8b058eca5405170a297fedec9dffae013fb31064ef78e8959eba
sample,all_cr-49,109,4240866,499999,10000,ea7a9190fa54ae2fe2083736a3ac40737f9a749d3c6ddbd813ece3a17b0f8024,4e7c6f011d6b8b058eca5405170a297fedec9dffae013fb31064ef78e8959eba
sample,all_cr-49,110,4252146,499999,10000,ea7a9190fa54ae2fe2083736a3ac40737f9a749d3c6ddbd813ece3a17b0f8024,4e7c6f011d6b8b058eca5405170a297fedec9dffae013fb31064ef78e8959eba
sample,all_cr-49,111,4242685,499999,10000,ea7a9190fa54ae2fe2083736a3ac40737f9a749d3c6ddbd813ece3a17b0f8024,4e7c6f011d6b8b058eca5405170a297fedec9dffae013fb31064ef78e8959eba
sample,all_cr-49,112,4238036,499999,10000,ea7a9190fa54ae2fe2083736a3ac40737f9a749d3c6ddbd813ece3a17b0f8024,4e7c6f011d6b8b058eca5405170a297fedec9dffae013fb31064ef78e8959eba
sample,all_cr-49,113,4239336,499999,10000,ea7a9190fa54ae2fe2083736a3ac40737f9a749d3c6ddbd813ece3a17b0f8024,4e7c6f011d6b8b058eca5405170a297fedec9dffae013fb31064ef78e8959eba
sample,all_cr-49,114,4265956,499999,10000,ea7a9190fa54ae2fe2083736a3ac40737f9a749d3c6ddbd813ece3a17b0f8024,4e7c6f011d6b8b058eca5405170a297fedec9dffae013fb31064ef78e8959eba
sample,all_cr-49,115,4248645,499999,10000,ea7a9190fa54ae2fe2083736a3ac40737f9a749d3c6ddbd813ece3a17b0f8024,4e7c6f011d6b8b058eca5405170a297fedec9dffae013fb31064ef78e8959eba
sample,all_cr-49,116,4242646,499999,10000,ea7a9190fa54ae2fe2083736a3ac40737f9a749d3c6ddbd813ece3a17b0f8024,4e7c6f011d6b8b058eca5405170a297fedec9dffae013fb31064ef78e8959eba
sample,all_cr-49,117,4235896,499999,10000,ea7a9190fa54ae2fe2083736a3ac40737f9a749d3c6ddbd813ece3a17b0f8024,4e7c6f011d6b8b058eca5405170a297fedec9dffae013fb31064ef78e8959eba
sample,all_cr-49,118,4237896,499999,10000,ea7a9190fa54ae2fe2083736a3ac40737f9a749d3c6ddbd813ece3a17b0f8024,4e7c6f011d6b8b058eca5405170a297fedec9dffae013fb31064ef78e8959eba
sample,all_cr-49,119,4237615,499999,10000,ea7a9190fa54ae2fe2083736a3ac40737f9a749d3c6ddbd813ece3a17b0f8024,4e7c6f011d6b8b058eca5405170a297fedec9dffae013fb31064ef78e8959eba
sample,all_cr-49,120,4235506,499999,10000,ea7a9190fa54ae2fe2083736a3ac40737f9a749d3c6ddbd813ece3a17b0f8024,4e7c6f011d6b8b058eca5405170a297fedec9dffae013fb31064ef78e8959eba
sample,all_cr-49,121,4241816,499999,10000,ea7a9190fa54ae2fe2083736a3ac40737f9a749d3c6ddbd813ece3a17b0f8024,4e7c6f011d6b8b058eca5405170a297fedec9dffae013fb31064ef78e8959eba
sample,all_cr-49,122,4254486,499999,10000,ea7a9190fa54ae2fe2083736a3ac40737f9a749d3c6ddbd813ece3a17b0f8024,4e7c6f011d6b8b058eca5405170a297fedec9dffae013fb31064ef78e8959eba
sample,all_cr-49,123,4247065,499999,10000,ea7a9190fa54ae2fe2083736a3ac40737f9a749d3c6ddbd813ece3a17b0f8024,4e7c6f011d6b8b058eca5405170a297fedec9dffae013fb31064ef78e8959eba
sample,all_cr-49,124,4238166,499999,10000,ea7a9190fa54ae2fe2083736a3ac40737f9a749d3c6ddbd813ece3a17b0f8024,4e7c6f011d6b8b058eca5405170a297fedec9dffae013fb31064ef78e8959eba
sample,all_cr-49,125,4242166,499999,10000,ea7a9190fa54ae2fe2083736a3ac40737f9a749d3c6ddbd813ece3a17b0f8024,4e7c6f011d6b8b058eca5405170a297fedec9dffae013fb31064ef78e8959eba
sample,all_cr-49,126,4244236,499999,10000,ea7a9190fa54ae2fe2083736a3ac40737f9a749d3c6ddbd813ece3a17b0f8024,4e7c6f011d6b8b058eca5405170a297fedec9dffae013fb31064ef78e8959eba
sample,all_cr-49,127,4245935,499999,10000,ea7a9190fa54ae2fe2083736a3ac40737f9a749d3c6ddbd813ece3a17b0f8024,4e7c6f011d6b8b058eca5405170a297fedec9dffae013fb31064ef78e8959eba
sample,all_cr-49,128,4237756,499999,10000,ea7a9190fa54ae2fe2083736a3ac40737f9a749d3c6ddbd813ece3a17b0f8024,4e7c6f011d6b8b058eca5405170a297fedec9dffae013fb31064ef78e8959eba
sample,all_cr-49,129,4247836,499999,10000,ea7a9190fa54ae2fe2083736a3ac40737f9a749d3c6ddbd813ece3a17b0f8024,4e7c6f011d6b8b058eca5405170a297fedec9dffae013fb31064ef78e8959eba
sample,all_cr-49,130,4287646,499999,10000,ea7a9190fa54ae2fe2083736a3ac40737f9a749d3c6ddbd813ece3a17b0f8024,4e7c6f011d6b8b058eca5405170a297fedec9dffae013fb31064ef78e8959eba
sample,all_cr-49,131,4241986,499999,10000,ea7a9190fa54ae2fe2083736a3ac40737f9a749d3c6ddbd813ece3a17b0f8024,4e7c6f011d6b8b058eca5405170a297fedec9dffae013fb31064ef78e8959eba
sample,all_cr-49,132,4273825,499999,10000,ea7a9190fa54ae2fe2083736a3ac40737f9a749d3c6ddbd813ece3a17b0f8024,4e7c6f011d6b8b058eca5405170a297fedec9dffae013fb31064ef78e8959eba
sample,all_cr-49,133,4241256,499999,10000,ea7a9190fa54ae2fe2083736a3ac40737f9a749d3c6ddbd813ece3a17b0f8024,4e7c6f011d6b8b058eca5405170a297fedec9dffae013fb31064ef78e8959eba
sample,all_cr-49,134,4245036,499999,10000,ea7a9190fa54ae2fe2083736a3ac40737f9a749d3c6ddbd813ece3a17b0f8024,4e7c6f011d6b8b058eca5405170a297fedec9dffae013fb31064ef78e8959eba
sample,all_cr-49,135,4238966,499999,10000,ea7a9190fa54ae2fe2083736a3ac40737f9a749d3c6ddbd813ece3a17b0f8024,4e7c6f011d6b8b058eca5405170a297fedec9dffae013fb31064ef78e8959eba
sample,all_cr-49,136,4244915,499999,10000,ea7a9190fa54ae2fe2083736a3ac40737f9a749d3c6ddbd813ece3a17b0f8024,4e7c6f011d6b8b058eca5405170a297fedec9dffae013fb31064ef78e8959eba
sample,all_cr-49,137,4245216,499999,10000,ea7a9190fa54ae2fe2083736a3ac40737f9a749d3c6ddbd813ece3a17b0f8024,4e7c6f011d6b8b058eca5405170a297fedec9dffae013fb31064ef78e8959eba
sample,all_cr-49,138,4252316,499999,10000,ea7a9190fa54ae2fe2083736a3ac40737f9a749d3c6ddbd813ece3a17b0f8024,4e7c6f011d6b8b058eca5405170a297fedec9dffae013fb31064ef78e8959eba
sample,all_cr-49,139,4239476,499999,10000,ea7a9190fa54ae2fe2083736a3ac40737f9a749d3c6ddbd813ece3a17b0f8024,4e7c6f011d6b8b058eca5405170a297fedec9dffae013fb31064ef78e8959eba
sample,all_cr-49,140,4245295,499999,10000,ea7a9190fa54ae2fe2083736a3ac40737f9a749d3c6ddbd813ece3a17b0f8024,4e7c6f011d6b8b058eca5405170a297fedec9dffae013fb31064ef78e8959eba
sample,all_cr-49,141,4246106,499999,10000,ea7a9190fa54ae2fe2083736a3ac40737f9a749d3c6ddbd813ece3a17b0f8024,4e7c6f011d6b8b058eca5405170a297fedec9dffae013fb31064ef78e8959eba
sample,all_cr-49,142,4247376,499999,10000,ea7a9190fa54ae2fe2083736a3ac40737f9a749d3c6ddbd813ece3a17b0f8024,4e7c6f011d6b8b058eca5405170a297fedec9dffae013fb31064ef78e8959eba
sample,all_cr-49,143,4235846,499999,10000,ea7a9190fa54ae2fe2083736a3ac40737f9a749d3c6ddbd813ece3a17b0f8024,4e7c6f011d6b8b058eca5405170a297fedec9dffae013fb31064ef78e8959eba
sample,all_cr-49,144,4253135,499999,10000,ea7a9190fa54ae2fe2083736a3ac40737f9a749d3c6ddbd813ece3a17b0f8024,4e7c6f011d6b8b058eca5405170a297fedec9dffae013fb31064ef78e8959eba
sample,all_cr-49,145,4247055,499999,10000,ea7a9190fa54ae2fe2083736a3ac40737f9a749d3c6ddbd813ece3a17b0f8024,4e7c6f011d6b8b058eca5405170a297fedec9dffae013fb31064ef78e8959eba
sample,all_cr-49,146,4248346,499999,10000,ea7a9190fa54ae2fe2083736a3ac40737f9a749d3c6ddbd813ece3a17b0f8024,4e7c6f011d6b8b058eca5405170a297fedec9dffae013fb31064ef78e8959eba
sample,all_cr-49,147,4238426,499999,10000,ea7a9190fa54ae2fe2083736a3ac40737f9a749d3c6ddbd813ece3a17b0f8024,4e7c6f011d6b8b058eca5405170a297fedec9dffae013fb31064ef78e8959eba
sample,all_cr-49,148,4237375,499999,10000,ea7a9190fa54ae2fe2083736a3ac40737f9a749d3c6ddbd813ece3a17b0f8024,4e7c6f011d6b8b058eca5405170a297fedec9dffae013fb31064ef78e8959eba
sample,all_cr-49,149,4235526,499999,10000,ea7a9190fa54ae2fe2083736a3ac40737f9a749d3c6ddbd813ece3a17b0f8024,4e7c6f011d6b8b058eca5405170a297fedec9dffae013fb31064ef78e8959eba
sample,all_cr-49,150,4271546,499999,10000,ea7a9190fa54ae2fe2083736a3ac40737f9a749d3c6ddbd813ece3a17b0f8024,4e7c6f011d6b8b058eca5405170a297fedec9dffae013fb31064ef78e8959eba
sample,all_cr-49,151,4252216,499999,10000,ea7a9190fa54ae2fe2083736a3ac40737f9a749d3c6ddbd813ece3a17b0f8024,4e7c6f011d6b8b058eca5405170a297fedec9dffae013fb31064ef78e8959eba
sample,all_cr-49,152,4241046,499999,10000,ea7a9190fa54ae2fe2083736a3ac40737f9a749d3c6ddbd813ece3a17b0f8024,4e7c6f011d6b8b058eca5405170a297fedec9dffae013fb31064ef78e8959eba
sample,all_cr-49,153,4262955,499999,10000,ea7a9190fa54ae2fe2083736a3ac40737f9a749d3c6ddbd813ece3a17b0f8024,4e7c6f011d6b8b058eca5405170a297fedec9dffae013fb31064ef78e8959eba
sample,all_cr-49,154,4242836,499999,10000,ea7a9190fa54ae2fe2083736a3ac40737f9a749d3c6ddbd813ece3a17b0f8024,4e7c6f011d6b8b058eca5405170a297fedec9dffae013fb31064ef78e8959eba
sample,all_cr-49,155,4234936,499999,10000,ea7a9190fa54ae2fe2083736a3ac40737f9a749d3c6ddbd813ece3a17b0f8024,4e7c6f011d6b8b058eca5405170a297fedec9dffae013fb31064ef78e8959eba
sample,all_cr-49,156,4272546,499999,10000,ea7a9190fa54ae2fe2083736a3ac40737f9a749d3c6ddbd813ece3a17b0f8024,4e7c6f011d6b8b058eca5405170a297fedec9dffae013fb31064ef78e8959eba
sample,all_cr-49,157,4244236,499999,10000,ea7a9190fa54ae2fe2083736a3ac40737f9a749d3c6ddbd813ece3a17b0f8024,4e7c6f011d6b8b058eca5405170a297fedec9dffae013fb31064ef78e8959eba
sample,all_cr-49,158,4246605,499999,10000,ea7a9190fa54ae2fe2083736a3ac40737f9a749d3c6ddbd813ece3a17b0f8024,4e7c6f011d6b8b058eca5405170a297fedec9dffae013fb31064ef78e8959eba
sample,all_cr-49,159,4237806,499999,10000,ea7a9190fa54ae2fe2083736a3ac40737f9a749d3c6ddbd813ece3a17b0f8024,4e7c6f011d6b8b058eca5405170a297fedec9dffae013fb31064ef78e8959eba
sample,all_cr-49,160,4273206,499999,10000,ea7a9190fa54ae2fe2083736a3ac40737f9a749d3c6ddbd813ece3a17b0f8024,4e7c6f011d6b8b058eca5405170a297fedec9dffae013fb31064ef78e8959eba
sample,all_cr-49,161,4243806,499999,10000,ea7a9190fa54ae2fe2083736a3ac40737f9a749d3c6ddbd813ece3a17b0f8024,4e7c6f011d6b8b058eca5405170a297fedec9dffae013fb31064ef78e8959eba
sample,all_cr-49,162,4246545,499999,10000,ea7a9190fa54ae2fe2083736a3ac40737f9a749d3c6ddbd813ece3a17b0f8024,4e7c6f011d6b8b058eca5405170a297fedec9dffae013fb31064ef78e8959eba
sample,all_cr-49,163,4236586,499999,10000,ea7a9190fa54ae2fe2083736a3ac40737f9a749d3c6ddbd813ece3a17b0f8024,4e7c6f011d6b8b058eca5405170a297fedec9dffae013fb31064ef78e8959eba
sample,all_cr-49,164,4237436,499999,10000,ea7a9190fa54ae2fe2083736a3ac40737f9a749d3c6ddbd813ece3a17b0f8024,4e7c6f011d6b8b058eca5405170a297fedec9dffae013fb31064ef78e8959eba
sample,all_cr-49,165,4240926,499999,10000,ea7a9190fa54ae2fe2083736a3ac40737f9a749d3c6ddbd813ece3a17b0f8024,4e7c6f011d6b8b058eca5405170a297fedec9dffae013fb31064ef78e8959eba
sample,all_cr-49,166,4291946,499999,10000,ea7a9190fa54ae2fe2083736a3ac40737f9a749d3c6ddbd813ece3a17b0f8024,4e7c6f011d6b8b058eca5405170a297fedec9dffae013fb31064ef78e8959eba
sample,all_cr-49,167,4246435,499999,10000,ea7a9190fa54ae2fe2083736a3ac40737f9a749d3c6ddbd813ece3a17b0f8024,4e7c6f011d6b8b058eca5405170a297fedec9dffae013fb31064ef78e8959eba
sample,all_cr-49,168,4238906,499999,10000,ea7a9190fa54ae2fe2083736a3ac40737f9a749d3c6ddbd813ece3a17b0f8024,4e7c6f011d6b8b058eca5405170a297fedec9dffae013fb31064ef78e8959eba
sample,all_cr-49,169,4247266,499999,10000,ea7a9190fa54ae2fe2083736a3ac40737f9a749d3c6ddbd813ece3a17b0f8024,4e7c6f011d6b8b058eca5405170a297fedec9dffae013fb31064ef78e8959eba
sample,all_cr-49,170,4249206,499999,10000,ea7a9190fa54ae2fe2083736a3ac40737f9a749d3c6ddbd813ece3a17b0f8024,4e7c6f011d6b8b058eca5405170a297fedec9dffae013fb31064ef78e8959eba
sample,all_cr-49,171,4248875,499999,10000,ea7a9190fa54ae2fe2083736a3ac40737f9a749d3c6ddbd813ece3a17b0f8024,4e7c6f011d6b8b058eca5405170a297fedec9dffae013fb31064ef78e8959eba
sample,all_cr-49,172,4240286,499999,10000,ea7a9190fa54ae2fe2083736a3ac40737f9a749d3c6ddbd813ece3a17b0f8024,4e7c6f011d6b8b058eca5405170a297fedec9dffae013fb31064ef78e8959eba
sample,all_cr-49,173,4242246,499999,10000,ea7a9190fa54ae2fe2083736a3ac40737f9a749d3c6ddbd813ece3a17b0f8024,4e7c6f011d6b8b058eca5405170a297fedec9dffae013fb31064ef78e8959eba
sample,all_cr-49,174,4247366,499999,10000,ea7a9190fa54ae2fe2083736a3ac40737f9a749d3c6ddbd813ece3a17b0f8024,4e7c6f011d6b8b058eca5405170a297fedec9dffae013fb31064ef78e8959eba
sample,all_cr-49,175,4242585,499999,10000,ea7a9190fa54ae2fe2083736a3ac40737f9a749d3c6ddbd813ece3a17b0f8024,4e7c6f011d6b8b058eca5405170a297fedec9dffae013fb31064ef78e8959eba
sample,all_cr-49,176,4252576,499999,10000,ea7a9190fa54ae2fe2083736a3ac40737f9a749d3c6ddbd813ece3a17b0f8024,4e7c6f011d6b8b058eca5405170a297fedec9dffae013fb31064ef78e8959eba
sample,all_cr-49,177,4238396,499999,10000,ea7a9190fa54ae2fe2083736a3ac40737f9a749d3c6ddbd813ece3a17b0f8024,4e7c6f011d6b8b058eca5405170a297fedec9dffae013fb31064ef78e8959eba
sample,all_cr-49,178,4243406,499999,10000,ea7a9190fa54ae2fe2083736a3ac40737f9a749d3c6ddbd813ece3a17b0f8024,4e7c6f011d6b8b058eca5405170a297fedec9dffae013fb31064ef78e8959eba
sample,all_cr-49,179,4278036,499999,10000,ea7a9190fa54ae2fe2083736a3ac40737f9a749d3c6ddbd813ece3a17b0f8024,4e7c6f011d6b8b058eca5405170a297fedec9dffae013fb31064ef78e8959eba
sample,all_cr-49,180,4243735,499999,10000,ea7a9190fa54ae2fe2083736a3ac40737f9a749d3c6ddbd813ece3a17b0f8024,4e7c6f011d6b8b058eca5405170a297fedec9dffae013fb31064ef78e8959eba
sample,all_cr-49,181,4234946,499999,10000,ea7a9190fa54ae2fe2083736a3ac40737f9a749d3c6ddbd813ece3a17b0f8024,4e7c6f011d6b8b058eca5405170a297fedec9dffae013fb31064ef78e8959eba
sample,all_cr-49,182,4248716,499999,10000,ea7a9190fa54ae2fe2083736a3ac40737f9a749d3c6ddbd813ece3a17b0f8024,4e7c6f011d6b8b058eca5405170a297fedec9dffae013fb31064ef78e8959eba
sample,all_cr-49,183,4239715,499999,10000,ea7a9190fa54ae2fe2083736a3ac40737f9a749d3c6ddbd813ece3a17b0f8024,4e7c6f011d6b8b058eca5405170a297fedec9dffae013fb31064ef78e8959eba
sample,all_cr-49,184,4247616,499999,10000,ea7a9190fa54ae2fe2083736a3ac40737f9a749d3c6ddbd813ece3a17b0f8024,4e7c6f011d6b8b058eca5405170a297fedec9dffae013fb31064ef78e8959eba
sample,all_cr-49,185,4258426,499999,10000,ea7a9190fa54ae2fe2083736a3ac40737f9a749d3c6ddbd813ece3a17b0f8024,4e7c6f011d6b8b058eca5405170a297fedec9dffae013fb31064ef78e8959eba
sample,all_cr-49,186,4258656,499999,10000,ea7a9190fa54ae2fe2083736a3ac40737f9a749d3c6ddbd813ece3a17b0f8024,4e7c6f011d6b8b058eca5405170a297fedec9dffae013fb31064ef78e8959eba
sample,all_cr-49,187,4257406,499999,10000,ea7a9190fa54ae2fe2083736a3ac40737f9a749d3c6ddbd813ece3a17b0f8024,4e7c6f011d6b8b058eca5405170a297fedec9dffae013fb31064ef78e8959eba
sample,all_cr-49,188,4242215,499999,10000,ea7a9190fa54ae2fe2083736a3ac40737f9a749d3c6ddbd813ece3a17b0f8024,4e7c6f011d6b8b058eca5405170a297fedec9dffae013fb31064ef78e8959eba
sample,all_cr-49,189,4230376,499999,10000,ea7a9190fa54ae2fe2083736a3ac40737f9a749d3c6ddbd813ece3a17b0f8024,4e7c6f011d6b8b058eca5405170a297fedec9dffae013fb31064ef78e8959eba
sample,all_cr-49,190,4237946,499999,10000,ea7a9190fa54ae2fe2083736a3ac40737f9a749d3c6ddbd813ece3a17b0f8024,4e7c6f011d6b8b058eca5405170a297fedec9dffae013fb31064ef78e8959eba
sample,all_cr-49,191,4239886,499999,10000,ea7a9190fa54ae2fe2083736a3ac40737f9a749d3c6ddbd813ece3a17b0f8024,4e7c6f011d6b8b058eca5405170a297fedec9dffae013fb31064ef78e8959eba
sample,all_cr-49,192,4250355,499999,10000,ea7a9190fa54ae2fe2083736a3ac40737f9a749d3c6ddbd813ece3a17b0f8024,4e7c6f011d6b8b058eca5405170a297fedec9dffae013fb31064ef78e8959eba
sample,all_cr-49,193,4242906,499999,10000,ea7a9190fa54ae2fe2083736a3ac40737f9a749d3c6ddbd813ece3a17b0f8024,4e7c6f011d6b8b058eca5405170a297fedec9dffae013fb31064ef78e8959eba
sample,all_cr-49,194,4242336,499999,10000,ea7a9190fa54ae2fe2083736a3ac40737f9a749d3c6ddbd813ece3a17b0f8024,4e7c6f011d6b8b058eca5405170a297fedec9dffae013fb31064ef78e8959eba
sample,all_cr-49,195,4243456,499999,10000,ea7a9190fa54ae2fe2083736a3ac40737f9a749d3c6ddbd813ece3a17b0f8024,4e7c6f011d6b8b058eca5405170a297fedec9dffae013fb31064ef78e8959eba
sample,all_cr-49,196,4244085,499999,10000,ea7a9190fa54ae2fe2083736a3ac40737f9a749d3c6ddbd813ece3a17b0f8024,4e7c6f011d6b8b058eca5405170a297fedec9dffae013fb31064ef78e8959eba
sample,all_cr-49,197,4236916,499999,10000,ea7a9190fa54ae2fe2083736a3ac40737f9a749d3c6ddbd813ece3a17b0f8024,4e7c6f011d6b8b058eca5405170a297fedec9dffae013fb31064ef78e8959eba
sample,all_cr-49,198,4254516,499999,10000,ea7a9190fa54ae2fe2083736a3ac40737f9a749d3c6ddbd813ece3a17b0f8024,4e7c6f011d6b8b058eca5405170a297fedec9dffae013fb31064ef78e8959eba
sample,all_cr-49,199,4241116,499999,10000,ea7a9190fa54ae2fe2083736a3ac40737f9a749d3c6ddbd813ece3a17b0f8024,4e7c6f011d6b8b058eca5405170a297fedec9dffae013fb31064ef78e8959eba
sample,all_cr-49,200,4287846,499999,10000,ea7a9190fa54ae2fe2083736a3ac40737f9a749d3c6ddbd813ece3a17b0f8024,4e7c6f011d6b8b058eca5405170a297fedec9dffae013fb31064ef78e8959eba
sample,all_cr-49,201,4237275,499999,10000,ea7a9190fa54ae2fe2083736a3ac40737f9a749d3c6ddbd813ece3a17b0f8024,4e7c6f011d6b8b058eca5405170a297fedec9dffae013fb31064ef78e8959eba
sample,all_cr-49,202,4246326,499999,10000,ea7a9190fa54ae2fe2083736a3ac40737f9a749d3c6ddbd813ece3a17b0f8024,4e7c6f011d6b8b058eca5405170a297fedec9dffae013fb31064ef78e8959eba
sample,all_cr-49,203,4239746,499999,10000,ea7a9190fa54ae2fe2083736a3ac40737f9a749d3c6ddbd813ece3a17b0f8024,4e7c6f011d6b8b058eca5405170a297fedec9dffae013fb31064ef78e8959eba
sample,all_cr-49,204,4254496,499999,10000,ea7a9190fa54ae2fe2083736a3ac40737f9a749d3c6ddbd813ece3a17b0f8024,4e7c6f011d6b8b058eca5405170a297fedec9dffae013fb31064ef78e8959eba
sample,all_cr-49,205,4244615,499999,10000,ea7a9190fa54ae2fe2083736a3ac40737f9a749d3c6ddbd813ece3a17b0f8024,4e7c6f011d6b8b058eca5405170a297fedec9dffae013fb31064ef78e8959eba
sample,all_cr-49,206,4250306,499999,10000,ea7a9190fa54ae2fe2083736a3ac40737f9a749d3c6ddbd813ece3a17b0f8024,4e7c6f011d6b8b058eca5405170a297fedec9dffae013fb31064ef78e8959eba
sample,all_cr-49,207,4243436,499999,10000,ea7a9190fa54ae2fe2083736a3ac40737f9a749d3c6ddbd813ece3a17b0f8024,4e7c6f011d6b8b058eca5405170a297fedec9dffae013fb31064ef78e8959eba
sample,all_cr-49,208,4238686,499999,10000,ea7a9190fa54ae2fe2083736a3ac40737f9a749d3c6ddbd813ece3a17b0f8024,4e7c6f011d6b8b058eca5405170a297fedec9dffae013fb31064ef78e8959eba
sample,all_cr-49,209,4239105,499999,10000,ea7a9190fa54ae2fe2083736a3ac40737f9a749d3c6ddbd813ece3a17b0f8024,4e7c6f011d6b8b058eca5405170a297fedec9dffae013fb31064ef78e8959eba
sample,all_cr-49,210,4244606,499999,10000,ea7a9190fa54ae2fe2083736a3ac40737f9a749d3c6ddbd813ece3a17b0f8024,4e7c6f011d6b8b058eca5405170a297fedec9dffae013fb31064ef78e8959eba
sample,all_cr-49,211,4242646,499999,10000,ea7a9190fa54ae2fe2083736a3ac40737f9a749d3c6ddbd813ece3a17b0f8024,4e7c6f011d6b8b058eca5405170a297fedec9dffae013fb31064ef78e8959eba
sample,all_cr-49,212,4249296,499999,10000,ea7a9190fa54ae2fe2083736a3ac40737f9a749d3c6ddbd813ece3a17b0f8024,4e7c6f011d6b8b058eca5405170a297fedec9dffae013fb31064ef78e8959eba
sample,all_cr-49,213,4244985,499999,10000,ea7a9190fa54ae2fe2083736a3ac40737f9a749d3c6ddbd813ece3a17b0f8024,4e7c6f011d6b8b058eca5405170a297fedec9dffae013fb31064ef78e8959eba
sample,all_cr-49,214,4257566,499999,10000,ea7a9190fa54ae2fe2083736a3ac40737f9a749d3c6ddbd813ece3a17b0f8024,4e7c6f011d6b8b058eca5405170a297fedec9dffae013fb31064ef78e8959eba
sample,all_cr-49,215,4239016,499999,10000,ea7a9190fa54ae2fe2083736a3ac40737f9a749d3c6ddbd813ece3a17b0f8024,4e7c6f011d6b8b058eca5405170a297fedec9dffae013fb31064ef78e8959eba
sample,all_cr-49,216,4241076,499999,10000,ea7a9190fa54ae2fe2083736a3ac40737f9a749d3c6ddbd813ece3a17b0f8024,4e7c6f011d6b8b058eca5405170a297fedec9dffae013fb31064ef78e8959eba
sample,all_cr-49,217,4241345,499999,10000,ea7a9190fa54ae2fe2083736a3ac40737f9a749d3c6ddbd813ece3a17b0f8024,4e7c6f011d6b8b058eca5405170a297fedec9dffae013fb31064ef78e8959eba
sample,all_cr-49,218,4253836,499999,10000,ea7a9190fa54ae2fe2083736a3ac40737f9a749d3c6ddbd813ece3a17b0f8024,4e7c6f011d6b8b058eca5405170a297fedec9dffae013fb31064ef78e8959eba
sample,all_cr-49,219,4254316,499999,10000,ea7a9190fa54ae2fe2083736a3ac40737f9a749d3c6ddbd813ece3a17b0f8024,4e7c6f011d6b8b058eca5405170a297fedec9dffae013fb31064ef78e8959eba
sample,all_cr-49,220,4248196,499999,10000,ea7a9190fa54ae2fe2083736a3ac40737f9a749d3c6ddbd813ece3a17b0f8024,4e7c6f011d6b8b058eca5405170a297fedec9dffae013fb31064ef78e8959eba
sample,all_cr-49,221,4261566,499999,10000,ea7a9190fa54ae2fe2083736a3ac40737f9a749d3c6ddbd813ece3a17b0f8024,4e7c6f011d6b8b058eca5405170a297fedec9dffae013fb31064ef78e8959eba
sample,all_cr-49,222,4261165,499999,10000,ea7a9190fa54ae2fe2083736a3ac40737f9a749d3c6ddbd813ece3a17b0f8024,4e7c6f011d6b8b058eca5405170a297fedec9dffae013fb31064ef78e8959eba
sample,all_cr-49,223,4245916,499999,10000,ea7a9190fa54ae2fe2083736a3ac40737f9a749d3c6ddbd813ece3a17b0f8024,4e7c6f011d6b8b058eca5405170a297fedec9dffae013fb31064ef78e8959eba
sample,all_cr-49,224,4249806,499999,10000,ea7a9190fa54ae2fe2083736a3ac40737f9a749d3c6ddbd813ece3a17b0f8024,4e7c6f011d6b8b058eca5405170a297fedec9dffae013fb31064ef78e8959eba
sample,all_cr-49,225,4242966,499999,10000,ea7a9190fa54ae2fe2083736a3ac40737f9a749d3c6ddbd813ece3a17b0f8024,4e7c6f011d6b8b058eca5405170a297fedec9dffae013fb31064ef78e8959eba
sample,all_cr-49,226,4251006,499999,10000,ea7a9190fa54ae2fe2083736a3ac40737f9a749d3c6ddbd813ece3a17b0f8024,4e7c6f011d6b8b058eca5405170a297fedec9dffae013fb31064ef78e8959eba
sample,all_cr-49,227,4251845,499999,10000,ea7a9190fa54ae2fe2083736a3ac40737f9a749d3c6ddbd813ece3a17b0f8024,4e7c6f011d6b8b058eca5405170a297fedec9dffae013fb31064ef78e8959eba
sample,all_cr-49,228,4243326,499999,10000,ea7a9190fa54ae2fe2083736a3ac40737f9a749d3c6ddbd813ece3a17b0f8024,4e7c6f011d6b8b058eca5405170a297fedec9dffae013fb31064ef78e8959eba
sample,all_cr-49,229,4240376,499999,10000,ea7a9190fa54ae2fe2083736a3ac40737f9a749d3c6ddbd813ece3a17b0f8024,4e7c6f011d6b8b058eca5405170a297fedec9dffae013fb31064ef78e8959eba
sample,all_cr-49,230,4294056,499999,10000,ea7a9190fa54ae2fe2083736a3ac40737f9a749d3c6ddbd813ece3a17b0f8024,4e7c6f011d6b8b058eca5405170a297fedec9dffae013fb31064ef78e8959eba
sample,all_cr-49,231,4245595,499999,10000,ea7a9190fa54ae2fe2083736a3ac40737f9a749d3c6ddbd813ece3a17b0f8024,4e7c6f011d6b8b058eca5405170a297fedec9dffae013fb31064ef78e8959eba
sample,all_cr-49,232,4237586,499999,10000,ea7a9190fa54ae2fe2083736a3ac40737f9a749d3c6ddbd813ece3a17b0f8024,4e7c6f011d6b8b058eca5405170a297fedec9dffae013fb31064ef78e8959eba
sample,all_cr-49,233,4242736,499999,10000,ea7a9190fa54ae2fe2083736a3ac40737f9a749d3c6ddbd813ece3a17b0f8024,4e7c6f011d6b8b058eca5405170a297fedec9dffae013fb31064ef78e8959eba
sample,all_cr-49,234,4250996,499999,10000,ea7a9190fa54ae2fe2083736a3ac40737f9a749d3c6ddbd813ece3a17b0f8024,4e7c6f011d6b8b058eca5405170a297fedec9dffae013fb31064ef78e8959eba
sample,all_cr-49,235,4238555,499999,10000,ea7a9190fa54ae2fe2083736a3ac40737f9a749d3c6ddbd813ece3a17b0f8024,4e7c6f011d6b8b058eca5405170a297fedec9dffae013fb31064ef78e8959eba
sample,all_cr-49,236,4245356,499999,10000,ea7a9190fa54ae2fe2083736a3ac40737f9a749d3c6ddbd813ece3a17b0f8024,4e7c6f011d6b8b058eca5405170a297fedec9dffae013fb31064ef78e8959eba
sample,all_cr-49,237,4246406,499999,10000,ea7a9190fa54ae2fe2083736a3ac40737f9a749d3c6ddbd813ece3a17b0f8024,4e7c6f011d6b8b058eca5405170a297fedec9dffae013fb31064ef78e8959eba
sample,all_cr-49,238,4243496,499999,10000,ea7a9190fa54ae2fe2083736a3ac40737f9a749d3c6ddbd813ece3a17b0f8024,4e7c6f011d6b8b058eca5405170a297fedec9dffae013fb31064ef78e8959eba
sample,all_cr-49,239,4244735,499999,10000,ea7a9190fa54ae2fe2083736a3ac40737f9a749d3c6ddbd813ece3a17b0f8024,4e7c6f011d6b8b058eca5405170a297fedec9dffae013fb31064ef78e8959eba
sample,all_cr-49,240,4240396,499999,10000,ea7a9190fa54ae2fe2083736a3ac40737f9a749d3c6ddbd813ece3a17b0f8024,4e7c6f011d6b8b058eca5405170a297fedec9dffae013fb31064ef78e8959eba
sample,all_cr-49,241,4254336,499999,10000,ea7a9190fa54ae2fe2083736a3ac40737f9a749d3c6ddbd813ece3a17b0f8024,4e7c6f011d6b8b058eca5405170a297fedec9dffae013fb31064ef78e8959eba
sample,all_cr-49,242,4249896,499999,10000,ea7a9190fa54ae2fe2083736a3ac40737f9a749d3c6ddbd813ece3a17b0f8024,4e7c6f011d6b8b058eca5405170a297fedec9dffae013fb31064ef78e8959eba
sample,all_cr-49,243,4238426,499999,10000,ea7a9190fa54ae2fe2083736a3ac40737f9a749d3c6ddbd813ece3a17b0f8024,4e7c6f011d6b8b058eca5405170a297fedec9dffae013fb31064ef78e8959eba
sample,all_cr-49,244,4250485,499999,10000,ea7a9190fa54ae2fe2083736a3ac40737f9a749d3c6ddbd813ece3a17b0f8024,4e7c6f011d6b8b058eca5405170a297fedec9dffae013fb31064ef78e8959eba
sample,all_cr-49,245,4244286,499999,10000,ea7a9190fa54ae2fe2083736a3ac40737f9a749d3c6ddbd813ece3a17b0f8024,4e7c6f011d6b8b058eca5405170a297fedec9dffae013fb31064ef78e8959eba
sample,all_cr-49,246,4247046,499999,10000,ea7a9190fa54ae2fe2083736a3ac40737f9a749d3c6ddbd813ece3a17b0f8024,4e7c6f011d6b8b058eca5405170a297fedec9dffae013fb31064ef78e8959eba
sample,all_cr-49,247,4239156,499999,10000,ea7a9190fa54ae2fe2083736a3ac40737f9a749d3c6ddbd813ece3a17b0f8024,4e7c6f011d6b8b058eca5405170a297fedec9dffae013fb31064ef78e8959eba
sample,all_cr-49,248,4236805,499999,10000,ea7a9190fa54ae2fe2083736a3ac40737f9a749d3c6ddbd813ece3a17b0f8024,4e7c6f011d6b8b058eca5405170a297fedec9dffae013fb31064ef78e8959eba
sample,all_cr-49,249,4238256,499999,10000,ea7a9190fa54ae2fe2083736a3ac40737f9a749d3c6ddbd813ece3a17b0f8024,4e7c6f011d6b8b058eca5405170a297fedec9dffae013fb31064ef78e8959eba
sample,all_cr-49,250,4273536,499999,10000,ea7a9190fa54ae2fe2083736a3ac40737f9a749d3c6ddbd813ece3a17b0f8024,4e7c6f011d6b8b058eca5405170a297fedec9dffae013fb31064ef78e8959eba
sample,all_cr-49,251,4287736,499999,10000,ea7a9190fa54ae2fe2083736a3ac40737f9a749d3c6ddbd813ece3a17b0f8024,4e7c6f011d6b8b058eca5405170a297fedec9dffae013fb31064ef78e8959eba
sample,all_cr-49,252,4241216,499999,10000,ea7a9190fa54ae2fe2083736a3ac40737f9a749d3c6ddbd813ece3a17b0f8024,4e7c6f011d6b8b058eca5405170a297fedec9dffae013fb31064ef78e8959eba
sample,all_cr-49,253,4243085,499999,10000,ea7a9190fa54ae2fe2083736a3ac40737f9a749d3c6ddbd813ece3a17b0f8024,4e7c6f011d6b8b058eca5405170a297fedec9dffae013fb31064ef78e8959eba
sample,all_cr-49,254,4253686,499999,10000,ea7a9190fa54ae2fe2083736a3ac40737f9a749d3c6ddbd813ece3a17b0f8024,4e7c6f011d6b8b058eca5405170a297fedec9dffae013fb31064ef78e8959eba
sample,all_cr-49,255,4244796,499999,10000,ea7a9190fa54ae2fe2083736a3ac40737f9a749d3c6ddbd813ece3a17b0f8024,4e7c6f011d6b8b058eca5405170a297fedec9dffae013fb31064ef78e8959eba
sample,all_cr-49,256,4241166,499999,10000,ea7a9190fa54ae2fe2083736a3ac40737f9a749d3c6ddbd813ece3a17b0f8024,4e7c6f011d6b8b058eca5405170a297fedec9dffae013fb31064ef78e8959eba
sample,all_cr-49,257,4239585,499999,10000,ea7a9190fa54ae2fe2083736a3ac40737f9a749d3c6ddbd813ece3a17b0f8024,4e7c6f011d6b8b058eca5405170a297fedec9dffae013fb31064ef78e8959eba
sample,all_cr-49,258,4244106,499999,10000,ea7a9190fa54ae2fe2083736a3ac40737f9a749d3c6ddbd813ece3a17b0f8024,4e7c6f011d6b8b058eca5405170a297fedec9dffae013fb31064ef78e8959eba
sample,all_cr-49,259,4249916,499999,10000,ea7a9190fa54ae2fe2083736a3ac40737f9a749d3c6ddbd813ece3a17b0f8024,4e7c6f011d6b8b058eca5405170a297fedec9dffae013fb31064ef78e8959eba
sample,all_cr-49,260,4238406,499999,10000,ea7a9190fa54ae2fe2083736a3ac40737f9a749d3c6ddbd813ece3a17b0f8024,4e7c6f011d6b8b058eca5405170a297fedec9dffae013fb31064ef78e8959eba
sample,all_cr-49,261,4243525,499999,10000,ea7a9190fa54ae2fe2083736a3ac40737f9a749d3c6ddbd813ece3a17b0f8024,4e7c6f011d6b8b058eca5405170a297fedec9dffae013fb31064ef78e8959eba
sample,all_cr-49,262,4250866,499999,10000,ea7a9190fa54ae2fe2083736a3ac40737f9a749d3c6ddbd813ece3a17b0f8024,4e7c6f011d6b8b058eca5405170a297fedec9dffae013fb31064ef78e8959eba
sample,all_cr-49,263,4246506,499999,10000,ea7a9190fa54ae2fe2083736a3ac40737f9a749d3c6ddbd813ece3a17b0f8024,4e7c6f011d6b8b058eca5405170a297fedec9dffae013fb31064ef78e8959eba
sample,all_cr-49,264,4238386,499999,10000,ea7a9190fa54ae2fe2083736a3ac40737f9a749d3c6ddbd813ece3a17b0f8024,4e7c6f011d6b8b058eca5405170a297fedec9dffae013fb31064ef78e8959eba
sample,all_cr-49,265,4264485,499999,10000,ea7a9190fa54ae2fe2083736a3ac40737f9a749d3c6ddbd813ece3a17b0f8024,4e7c6f011d6b8b058eca5405170a297fedec9dffae013fb31064ef78e8959eba
sample,all_cr-49,266,4245996,499999,10000,ea7a9190fa54ae2fe2083736a3ac40737f9a749d3c6ddbd813ece3a17b0f8024,4e7c6f011d6b8b058eca5405170a297fedec9dffae013fb31064ef78e8959eba
sample,all_cr-49,267,4241046,499999,10000,ea7a9190fa54ae2fe2083736a3ac40737f9a749d3c6ddbd813ece3a17b0f8024,4e7c6f011d6b8b058eca5405170a297fedec9dffae013fb31064ef78e8959eba
sample,all_cr-49,268,4243006,499999,10000,ea7a9190fa54ae2fe2083736a3ac40737f9a749d3c6ddbd813ece3a17b0f8024,4e7c6f011d6b8b058eca5405170a297fedec9dffae013fb31064ef78e8959eba
sample,all_cr-49,269,4242086,499999,10000,ea7a9190fa54ae2fe2083736a3ac40737f9a749d3c6ddbd813ece3a17b0f8024,4e7c6f011d6b8b058eca5405170a297fedec9dffae013fb31064ef78e8959eba
sample,all_cr-49,270,4247845,499999,10000,ea7a9190fa54ae2fe2083736a3ac40737f9a749d3c6ddbd813ece3a17b0f8024,4e7c6f011d6b8b058eca5405170a297fedec9dffae013fb31064ef78e8959eba
sample,all_cr-49,271,4244856,499999,10000,ea7a9190fa54ae2fe2083736a3ac40737f9a749d3c6ddbd813ece3a17b0f8024,4e7c6f011d6b8b058eca5405170a297fedec9dffae013fb31064ef78e8959eba
sample,all_cr-49,272,4242036,499999,10000,ea7a9190fa54ae2fe2083736a3ac40737f9a749d3c6ddbd813ece3a17b0f8024,4e7c6f011d6b8b058eca5405170a297fedec9dffae013fb31064ef78e8959eba
sample,all_cr-49,273,4246885,499999,10000,ea7a9190fa54ae2fe2083736a3ac40737f9a749d3c6ddbd813ece3a17b0f8024,4e7c6f011d6b8b058eca5405170a297fedec9dffae013fb31064ef78e8959eba
sample,all_cr-49,274,4247206,499999,10000,ea7a9190fa54ae2fe2083736a3ac40737f9a749d3c6ddbd813ece3a17b0f8024,4e7c6f011d6b8b058eca5405170a297fedec9dffae013fb31064ef78e8959eba
sample,all_cr-49,275,4240566,499999,10000,ea7a9190fa54ae2fe2083736a3ac40737f9a749d3c6ddbd813ece3a17b0f8024,4e7c6f011d6b8b058eca5405170a297fedec9dffae013fb31064ef78e8959eba
sample,all_cr-49,276,4245286,499999,10000,ea7a9190fa54ae2fe2083736a3ac40737f9a749d3c6ddbd813ece3a17b0f8024,4e7c6f011d6b8b058eca5405170a297fedec9dffae013fb31064ef78e8959eba
sample,all_cr-49,277,4239126,499999,10000,ea7a9190fa54ae2fe2083736a3ac40737f9a749d3c6ddbd813ece3a17b0f8024,4e7c6f011d6b8b058eca5405170a297fedec9dffae013fb31064ef78e8959eba
sample,all_cr-49,278,4247075,499999,10000,ea7a9190fa54ae2fe2083736a3ac40737f9a749d3c6ddbd813ece3a17b0f8024,4e7c6f011d6b8b058eca5405170a297fedec9dffae013fb31064ef78e8959eba
sample,all_cr-49,279,4244966,499999,10000,ea7a9190fa54ae2fe2083736a3ac40737f9a749d3c6ddbd813ece3a17b0f8024,4e7c6f011d6b8b058eca5405170a297fedec9dffae013fb31064ef78e8959eba
sample,all_cr-49,280,4245876,499999,10000,ea7a9190fa54ae2fe2083736a3ac40737f9a749d3c6ddbd813ece3a17b0f8024,4e7c6f011d6b8b058eca5405170a297fedec9dffae013fb31064ef78e8959eba
sample,all_cr-49,281,4266326,499999,10000,ea7a9190fa54ae2fe2083736a3ac40737f9a749d3c6ddbd813ece3a17b0f8024,4e7c6f011d6b8b058eca5405170a297fedec9dffae013fb31064ef78e8959eba
sample,all_cr-49,282,4244725,499999,10000,ea7a9190fa54ae2fe2083736a3ac40737f9a749d3c6ddbd813ece3a17b0f8024,4e7c6f011d6b8b058eca5405170a297fedec9dffae013fb31064ef78e8959eba
sample,all_cr-49,283,4237736,499999,10000,ea7a9190fa54ae2fe2083736a3ac40737f9a749d3c6ddbd813ece3a17b0f8024,4e7c6f011d6b8b058eca5405170a297fedec9dffae013fb31064ef78e8959eba
sample,all_cr-49,284,4236876,499999,10000,ea7a9190fa54ae2fe2083736a3ac40737f9a749d3c6ddbd813ece3a17b0f8024,4e7c6f011d6b8b058eca5405170a297fedec9dffae013fb31064ef78e8959eba
sample,all_cr-49,285,4243526,499999,10000,ea7a9190fa54ae2fe2083736a3ac40737f9a749d3c6ddbd813ece3a17b0f8024,4e7c6f011d6b8b058eca5405170a297fedec9dffae013fb31064ef78e8959eba
sample,all_cr-49,286,4247155,499999,10000,ea7a9190fa54ae2fe2083736a3ac40737f9a749d3c6ddbd813ece3a17b0f8024,4e7c6f011d6b8b058eca5405170a297fedec9dffae013fb31064ef78e8959eba
sample,all_cr-49,287,4237866,499999,10000,ea7a9190fa54ae2fe2083736a3ac40737f9a749d3c6ddbd813ece3a17b0f8024,4e7c6f011d6b8b058eca5405170a297fedec9dffae013fb31064ef78e8959eba
sample,all_cr-49,288,4241566,499999,10000,ea7a9190fa54ae2fe2083736a3ac40737f9a749d3c6ddbd813ece3a17b0f8024,4e7c6f011d6b8b058eca5405170a297fedec9dffae013fb31064ef78e8959eba
sample,all_cr-49,289,4247536,499999,10000,ea7a9190fa54ae2fe2083736a3ac40737f9a749d3c6ddbd813ece3a17b0f8024,4e7c6f011d6b8b058eca5405170a297fedec9dffae013fb31064ef78e8959eba
sample,all_cr-49,290,4252275,499999,10000,ea7a9190fa54ae2fe2083736a3ac40737f9a749d3c6ddbd813ece3a17b0f8024,4e7c6f011d6b8b058eca5405170a297fedec9dffae013fb31064ef78e8959eba
sample,all_cr-49,291,4234866,499999,10000,ea7a9190fa54ae2fe2083736a3ac40737f9a749d3c6ddbd813ece3a17b0f8024,4e7c6f011d6b8b058eca5405170a297fedec9dffae013fb31064ef78e8959eba
sample,all_cr-49,292,4238816,499999,10000,ea7a9190fa54ae2fe2083736a3ac40737f9a749d3c6ddbd813ece3a17b0f8024,4e7c6f011d6b8b058eca5405170a297fedec9dffae013fb31064ef78e8959eba
sample,all_cr-49,293,4245786,499999,10000,ea7a9190fa54ae2fe2083736a3ac40737f9a749d3c6ddbd813ece3a17b0f8024,4e7c6f011d6b8b058eca5405170a297fedec9dffae013fb31064ef78e8959eba
sample,all_cr-49,294,4249605,499999,10000,ea7a9190fa54ae2fe2083736a3ac40737f9a749d3c6ddbd813ece3a17b0f8024,4e7c6f011d6b8b058eca5405170a297fedec9dffae013fb31064ef78e8959eba
sample,all_cr-49,295,4234716,499999,10000,ea7a9190fa54ae2fe2083736a3ac40737f9a749d3c6ddbd813ece3a17b0f8024,4e7c6f011d6b8b058eca5405170a297fedec9dffae013fb31064ef78e8959eba
sample,all_cr-49,296,4237716,499999,10000,ea7a9190fa54ae2fe2083736a3ac40737f9a749d3c6ddbd813ece3a17b0f8024,4e7c6f011d6b8b058eca5405170a297fedec9dffae013fb31064ef78e8959eba
sample,all_cr-49,297,4246186,499999,10000,ea7a9190fa54ae2fe2083736a3ac40737f9a749d3c6ddbd813ece3a17b0f8024,4e7c6f011d6b8b058eca5405170a297fedec9dffae013fb31064ef78e8959eba
sample,all_cr-49,298,4249975,499999,10000,ea7a9190fa54ae2fe2083736a3ac40737f9a749d3c6ddbd813ece3a17b0f8024,4e7c6f011d6b8b058eca5405170a297fedec9dffae013fb31064ef78e8959eba
sample,all_cr-49,299,4246086,499999,10000,ea7a9190fa54ae2fe2083736a3ac40737f9a749d3c6ddbd813ece3a17b0f8024,4e7c6f011d6b8b058eca5405170a297fedec9dffae013fb31064ef78e8959eba
sample,all_cr-49,300,4251966,499999,10000,ea7a9190fa54ae2fe2083736a3ac40737f9a749d3c6ddbd813ece3a17b0f8024,4e7c6f011d6b8b058eca5405170a297fedec9dffae013fb31064ef78e8959eba
sample,all_cr-49,301,4245896,499999,10000,ea7a9190fa54ae2fe2083736a3ac40737f9a749d3c6ddbd813ece3a17b0f8024,4e7c6f011d6b8b058eca5405170a297fedec9dffae013fb31064ef78e8959eba
sample,all_cr-49,302,4250225,499999,10000,ea7a9190fa54ae2fe2083736a3ac40737f9a749d3c6ddbd813ece3a17b0f8024,4e7c6f011d6b8b058eca5405170a297fedec9dffae013fb31064ef78e8959eba
sample,all_cr-49,303,4245006,499999,10000,ea7a9190fa54ae2fe2083736a3ac40737f9a749d3c6ddbd813ece3a17b0f8024,4e7c6f011d6b8b058eca5405170a297fedec9dffae013fb31064ef78e8959eba
sample,all_cr-49,304,4243986,499999,10000,ea7a9190fa54ae2fe2083736a3ac40737f9a749d3c6ddbd813ece3a17b0f8024,4e7c6f011d6b8b058eca5405170a297fedec9dffae013fb31064ef78e8959eba
sample,all_cr-49,305,4253386,499999,10000,ea7a9190fa54ae2fe2083736a3ac40737f9a749d3c6ddbd813ece3a17b0f8024,4e7c6f011d6b8b058eca5405170a297fedec9dffae013fb31064ef78e8959eba
sample,all_cr-49,306,4247166,499999,10000,ea7a9190fa54ae2fe2083736a3ac40737f9a749d3c6ddbd813ece3a17b0f8024,4e7c6f011d6b8b058eca5405170a297fedec9dffae013fb31064ef78e8959eba
sample,all_cr-49,307,4244355,499999,10000,ea7a9190fa54ae2fe2083736a3ac40737f9a749d3c6ddbd813ece3a17b0f8024,4e7c6f011d6b8b058eca5405170a297fedec9dffae013fb31064ef78e8959eba
sample,all_cr-49,308,4242346,499999,10000,ea7a9190fa54ae2fe2083736a3ac40737f9a749d3c6ddbd813ece3a17b0f8024,4e7c6f011d6b8b058eca5405170a297fedec9dffae013fb31064ef78e8959eba
sample,all_cr-49,309,4248206,499999,10000,ea7a9190fa54ae2fe2083736a3ac40737f9a749d3c6ddbd813ece3a17b0f8024,4e7c6f011d6b8b058eca5405170a297fedec9dffae013fb31064ef78e8959eba
sample,all_cr-49,310,4257046,499999,10000,ea7a9190fa54ae2fe2083736a3ac40737f9a749d3c6ddbd813ece3a17b0f8024,4e7c6f011d6b8b058eca5405170a297fedec9dffae013fb31064ef78e8959eba
sample,all_cr-49,311,4249945,499999,10000,ea7a9190fa54ae2fe2083736a3ac40737f9a749d3c6ddbd813ece3a17b0f8024,4e7c6f011d6b8b058eca5405170a297fedec9dffae013fb31064ef78e8959eba
sample,all_cr-49,312,4243586,499999,10000,ea7a9190fa54ae2fe2083736a3ac40737f9a749d3c6ddbd813ece3a17b0f8024,4e7c6f011d6b8b058eca5405170a297fedec9dffae013fb31064ef78e8959eba
sample,all_cr-49,313,4243156,499999,10000,ea7a9190fa54ae2fe2083736a3ac40737f9a749d3c6ddbd813ece3a17b0f8024,4e7c6f011d6b8b058eca5405170a297fedec9dffae013fb31064ef78e8959eba
sample,all_cr-49,314,4251706,499999,10000,ea7a9190fa54ae2fe2083736a3ac40737f9a749d3c6ddbd813ece3a17b0f8024,4e7c6f011d6b8b058eca5405170a297fedec9dffae013fb31064ef78e8959eba
sample,all_cr-49,315,4241205,499999,10000,ea7a9190fa54ae2fe2083736a3ac40737f9a749d3c6ddbd813ece3a17b0f8024,4e7c6f011d6b8b058eca5405170a297fedec9dffae013fb31064ef78e8959eba
sample,all_cr-49,316,4247746,499999,10000,ea7a9190fa54ae2fe2083736a3ac40737f9a749d3c6ddbd813ece3a17b0f8024,4e7c6f011d6b8b058eca5405170a297fedec9dffae013fb31064ef78e8959eba
sample,all_cr-49,317,4240636,499999,10000,ea7a9190fa54ae2fe2083736a3ac40737f9a749d3c6ddbd813ece3a17b0f8024,4e7c6f011d6b8b058eca5405170a297fedec9dffae013fb31064ef78e8959eba
sample,all_cr-49,318,4241936,499999,10000,ea7a9190fa54ae2fe2083736a3ac40737f9a749d3c6ddbd813ece3a17b0f8024,4e7c6f011d6b8b058eca5405170a297fedec9dffae013fb31064ef78e8959eba
sample,all_cr-49,319,4246206,499999,10000,ea7a9190fa54ae2fe2083736a3ac40737f9a749d3c6ddbd813ece3a17b0f8024,4e7c6f011d6b8b058eca5405170a297fedec9dffae013fb31064ef78e8959eba
sample,all_cr-49,320,4240735,499999,10000,ea7a9190fa54ae2fe2083736a3ac40737f9a749d3c6ddbd813ece3a17b0f8024,4e7c6f011d6b8b058eca5405170a297fedec9dffae013fb31064ef78e8959eba
sample,all_cr-49,321,4249046,499999,10000,ea7a9190fa54ae2fe2083736a3ac40737f9a749d3c6ddbd813ece3a17b0f8024,4e7c6f011d6b8b058eca5405170a297fedec9dffae013fb31064ef78e8959eba
sample,all_cr-49,322,4240746,499999,10000,ea7a9190fa54ae2fe2083736a3ac40737f9a749d3c6ddbd813ece3a17b0f8024,4e7c6f011d6b8b058eca5405170a297fedec9dffae013fb31064ef78e8959eba
sample,all_cr-49,323,4236585,499999,10000,ea7a9190fa54ae2fe2083736a3ac40737f9a749d3c6ddbd813ece3a17b0f8024,4e7c6f011d6b8b058eca5405170a297fedec9dffae013fb31064ef78e8959eba
sample,all_cr-49,324,4240206,499999,10000,ea7a9190fa54ae2fe2083736a3ac40737f9a749d3c6ddbd813ece3a17b0f8024,4e7c6f011d6b8b058eca5405170a297fedec9dffae013fb31064ef78e8959eba
sample,all_cr-49,325,4247576,499999,10000,ea7a9190fa54ae2fe2083736a3ac40737f9a749d3c6ddbd813ece3a17b0f8024,4e7c6f011d6b8b058eca5405170a297fedec9dffae013fb31064ef78e8959eba
sample,all_cr-49,326,4237056,499999,10000,ea7a9190fa54ae2fe2083736a3ac40737f9a749d3c6ddbd813ece3a17b0f8024,4e7c6f011d6b8b058eca5405170a297fedec9dffae013fb31064ef78e8959eba
sample,all_cr-49,327,4252276,499999,10000,ea7a9190fa54ae2fe2083736a3ac40737f9a749d3c6ddbd813ece3a17b0f8024,4e7c6f011d6b8b058eca5405170a297fedec9dffae013fb31064ef78e8959eba
sample,all_cr-49,328,4243095,499999,10000,ea7a9190fa54ae2fe2083736a3ac40737f9a749d3c6ddbd813ece3a17b0f8024,4e7c6f011d6b8b058eca5405170a297fedec9dffae013fb31064ef78e8959eba
sample,all_cr-49,329,4235966,499999,10000,ea7a9190fa54ae2fe2083736a3ac40737f9a749d3c6ddbd813ece3a17b0f8024,4e7c6f011d6b8b058eca5405170a297fedec9dffae013fb31064ef78e8959eba
sample,all_cr-49,330,4246396,499999,10000,ea7a9190fa54ae2fe2083736a3ac40737f9a749d3c6ddbd813ece3a17b0f8024,4e7c6f011d6b8b058eca5405170a297fedec9dffae013fb31064ef78e8959eba
sample,all_cr-49,331,4243665,499999,10000,ea7a9190fa54ae2fe2083736a3ac40737f9a749d3c6ddbd813ece3a17b0f8024,4e7c6f011d6b8b058eca5405170a297fedec9dffae013fb31064ef78e8959eba
sample,all_cr-49,332,4250656,499999,10000,ea7a9190fa54ae2fe2083736a3ac40737f9a749d3c6ddbd813ece3a17b0f8024,4e7c6f011d6b8b058eca5405170a297fedec9dffae013fb31064ef78e8959eba
sample,all_cr-49,333,4250276,499999,10000,ea7a9190fa54ae2fe2083736a3ac40737f9a749d3c6ddbd813ece3a17b0f8024,4e7c6f011d6b8b058eca5405170a297fedec9dffae013fb31064ef78e8959eba
sample,all_cr-49,334,4257056,499999,10000,ea7a9190fa54ae2fe2083736a3ac40737f9a749d3c6ddbd813ece3a17b0f8024,4e7c6f011d6b8b058eca5405170a297fedec9dffae013fb31064ef78e8959eba
sample,all_cr-49,335,4260996,499999,10000,ea7a9190fa54ae2fe2083736a3ac40737f9a749d3c6ddbd813ece3a17b0f8024,4e7c6f011d6b8b058eca5405170a297fedec9dffae013fb31064ef78e8959eba
sample,all_cr-49,336,4246665,499999,10000,ea7a9190fa54ae2fe2083736a3ac40737f9a749d3c6ddbd813ece3a17b0f8024,4e7c6f011d6b8b058eca5405170a297fedec9dffae013fb31064ef78e8959eba
sample,all_cr-49,337,4266976,499999,10000,ea7a9190fa54ae2fe2083736a3ac40737f9a749d3c6ddbd813ece3a17b0f8024,4e7c6f011d6b8b058eca5405170a297fedec9dffae013fb31064ef78e8959eba
sample,all_cr-49,338,4254186,499999,10000,ea7a9190fa54ae2fe2083736a3ac40737f9a749d3c6ddbd813ece3a17b0f8024,4e7c6f011d6b8b058eca5405170a297fedec9dffae013fb31064ef78e8959eba
sample,all_cr-49,339,4257156,499999,10000,ea7a9190fa54ae2fe2083736a3ac40737f9a749d3c6ddbd813ece3a17b0f8024,4e7c6f011d6b8b058eca5405170a297fedec9dffae013fb31064ef78e8959eba
sample,all_cr-49,340,4267356,499999,10000,ea7a9190fa54ae2fe2083736a3ac40737f9a749d3c6ddbd813ece3a17b0f8024,4e7c6f011d6b8b058eca5405170a297fedec9dffae013fb31064ef78e8959eba
sample,all_cr-49,341,4254215,499999,10000,ea7a9190fa54ae2fe2083736a3ac40737f9a749d3c6ddbd813ece3a17b0f8024,4e7c6f011d6b8b058eca5405170a297fedec9dffae013fb31064ef78e8959eba
sample,all_cr-49,342,4243586,499999,10000,ea7a9190fa54ae2fe2083736a3ac40737f9a749d3c6ddbd813ece3a17b0f8024,4e7c6f011d6b8b058eca5405170a297fedec9dffae013fb31064ef78e8959eba
sample,all_cr-49,343,4256626,499999,10000,ea7a9190fa54ae2fe2083736a3ac40737f9a749d3c6ddbd813ece3a17b0f8024,4e7c6f011d6b8b058eca5405170a297fedec9dffae013fb31064ef78e8959eba
sample,all_cr-49,344,4260436,499999,10000,ea7a9190fa54ae2fe2083736a3ac40737f9a749d3c6ddbd813ece3a17b0f8024,4e7c6f011d6b8b058eca5405170a297fedec9dffae013fb31064ef78e8959eba
sample,all_cr-49,345,4257736,499999,10000,ea7a9190fa54ae2fe2083736a3ac40737f9a749d3c6ddbd813ece3a17b0f8024,4e7c6f011d6b8b058eca5405170a297fedec9dffae013fb31064ef78e8959eba
sample,all_cr-49,346,4258315,499999,10000,ea7a9190fa54ae2fe2083736a3ac40737f9a749d3c6ddbd813ece3a17b0f8024,4e7c6f011d6b8b058eca5405170a297fedec9dffae013fb31064ef78e8959eba
sample,all_cr-49,347,4239306,499999,10000,ea7a9190fa54ae2fe2083736a3ac40737f9a749d3c6ddbd813ece3a17b0f8024,4e7c6f011d6b8b058eca5405170a297fedec9dffae013fb31064ef78e8959eba
sample,all_cr-49,348,4241426,499999,10000,ea7a9190fa54ae2fe2083736a3ac40737f9a749d3c6ddbd813ece3a17b0f8024,4e7c6f011d6b8b058eca5405170a297fedec9dffae013fb31064ef78e8959eba
sample,all_cr-49,349,4246536,499999,10000,ea7a9190fa54ae2fe2083736a3ac40737f9a749d3c6ddbd813ece3a17b0f8024,4e7c6f011d6b8b058eca5405170a297fedec9dffae013fb31064ef78e8959eba
sample,all_cr-49,350,4241255,499999,10000,ea7a9190fa54ae2fe2083736a3ac40737f9a749d3c6ddbd813ece3a17b0f8024,4e7c6f011d6b8b058eca5405170a297fedec9dffae013fb31064ef78e8959eba
sample,all_cr-49,351,4254416,499999,10000,ea7a9190fa54ae2fe2083736a3ac40737f9a749d3c6ddbd813ece3a17b0f8024,4e7c6f011d6b8b058eca5405170a297fedec9dffae013fb31064ef78e8959eba
sample,all_cr-49,352,4241946,499999,10000,ea7a9190fa54ae2fe2083736a3ac40737f9a749d3c6ddbd813ece3a17b0f8024,4e7c6f011d6b8b058eca5405170a297fedec9dffae013fb31064ef78e8959eba
sample,all_cr-49,353,4238866,499999,10000,ea7a9190fa54ae2fe2083736a3ac40737f9a749d3c6ddbd813ece3a17b0f8024,4e7c6f011d6b8b058eca5405170a297fedec9dffae013fb31064ef78e8959eba
sample,all_cr-49,354,4247176,499999,10000,ea7a9190fa54ae2fe2083736a3ac40737f9a749d3c6ddbd813ece3a17b0f8024,4e7c6f011d6b8b058eca5405170a297fedec9dffae013fb31064ef78e8959eba
sample,all_cr-49,355,4243105,499999,10000,ea7a9190fa54ae2fe2083736a3ac40737f9a749d3c6ddbd813ece3a17b0f8024,4e7c6f011d6b8b058eca5405170a297fedec9dffae013fb31064ef78e8959eba
sample,all_cr-49,356,4242006,499999,10000,ea7a9190fa54ae2fe2083736a3ac40737f9a749d3c6ddbd813ece3a17b0f8024,4e7c6f011d6b8b058eca5405170a297fedec9dffae013fb31064ef78e8959eba
sample,all_cr-49,357,4243966,499999,10000,ea7a9190fa54ae2fe2083736a3ac40737f9a749d3c6ddbd813ece3a17b0f8024,4e7c6f011d6b8b058eca5405170a297fedec9dffae013fb31064ef78e8959eba
sample,all_cr-49,358,4244495,499999,10000,ea7a9190fa54ae2fe2083736a3ac40737f9a749d3c6ddbd813ece3a17b0f8024,4e7c6f011d6b8b058eca5405170a297fedec9dffae013fb31064ef78e8959eba
sample,all_cr-49,359,4239846,499999,10000,ea7a9190fa54ae2fe2083736a3ac40737f9a749d3c6ddbd813ece3a17b0f8024,4e7c6f011d6b8b058eca5405170a297fedec9dffae013fb31064ef78e8959eba
sample,all_cr-49,360,4243786,499999,10000,ea7a9190fa54ae2fe2083736a3ac40737f9a749d3c6ddbd813ece3a17b0f8024,4e7c6f011d6b8b058eca5405170a297fedec9dffae013fb31064ef78e8959eba
sample,all_cr-49,361,4242286,499999,10000,ea7a9190fa54ae2fe2083736a3ac40737f9a749d3c6ddbd813ece3a17b0f8024,4e7c6f011d6b8b058eca5405170a297fedec9dffae013fb31064ef78e8959eba
sample,all_cr-49,362,4244266,499999,10000,ea7a9190fa54ae2fe2083736a3ac40737f9a749d3c6ddbd813ece3a17b0f8024,4e7c6f011d6b8b058eca5405170a297fedec9dffae013fb31064ef78e8959eba
sample,all_cr-49,363,4249795,499999,10000,ea7a9190fa54ae2fe2083736a3ac40737f9a749d3c6ddbd813ece3a17b0f8024,4e7c6f011d6b8b058eca5405170a297fedec9dffae013fb31064ef78e8959eba
sample,all_cr-49,364,4239936,499999,10000,ea7a9190fa54ae2fe2083736a3ac40737f9a749d3c6ddbd813ece3a17b0f8024,4e7c6f011d6b8b058eca5405170a297fedec9dffae013fb31064ef78e8959eba
sample,all_cr-49,365,4242516,499999,10000,ea7a9190fa54ae2fe2083736a3ac40737f9a749d3c6ddbd813ece3a17b0f8024,4e7c6f011d6b8b058eca5405170a297fedec9dffae013fb31064ef78e8959eba
sample,all_cr-49,366,4246685,499999,10000,ea7a9190fa54ae2fe2083736a3ac40737f9a749d3c6ddbd813ece3a17b0f8024,4e7c6f011d6b8b058eca5405170a297fedec9dffae013fb31064ef78e8959eba
sample,all_cr-49,367,4243096,499999,10000,ea7a9190fa54ae2fe2083736a3ac40737f9a749d3c6ddbd813ece3a17b0f8024,4e7c6f011d6b8b058eca5405170a297fedec9dffae013fb31064ef78e8959eba
sample,all_cr-49,368,4249116,499999,10000,ea7a9190fa54ae2fe2083736a3ac40737f9a749d3c6ddbd813ece3a17b0f8024,4e7c6f011d6b8b058eca5405170a297fedec9dffae013fb31064ef78e8959eba
sample,all_cr-49,369,4237146,499999,10000,ea7a9190fa54ae2fe2083736a3ac40737f9a749d3c6ddbd813ece3a17b0f8024,4e7c6f011d6b8b058eca5405170a297fedec9dffae013fb31064ef78e8959eba
sample,all_cr-49,370,4245136,499999,10000,ea7a9190fa54ae2fe2083736a3ac40737f9a749d3c6ddbd813ece3a17b0f8024,4e7c6f011d6b8b058eca5405170a297fedec9dffae013fb31064ef78e8959eba
sample,all_cr-49,371,4245185,499999,10000,ea7a9190fa54ae2fe2083736a3ac40737f9a749d3c6ddbd813ece3a17b0f8024,4e7c6f011d6b8b058eca5405170a297fedec9dffae013fb31064ef78e8959eba
sample,all_cr-49,372,4241056,499999,10000,ea7a9190fa54ae2fe2083736a3ac40737f9a749d3c6ddbd813ece3a17b0f8024,4e7c6f011d6b8b058eca5405170a297fedec9dffae013fb31064ef78e8959eba
sample,all_cr-49,373,4241486,499999,10000,ea7a9190fa54ae2fe2083736a3ac40737f9a749d3c6ddbd813ece3a17b0f8024,4e7c6f011d6b8b058eca5405170a297fedec9dffae013fb31064ef78e8959eba
sample,all_cr-49,374,4240765,499999,10000,ea7a9190fa54ae2fe2083736a3ac40737f9a749d3c6ddbd813ece3a17b0f8024,4e7c6f011d6b8b058eca5405170a297fedec9dffae013fb31064ef78e8959eba
sample,all_cr-49,375,4243796,499999,10000,ea7a9190fa54ae2fe2083736a3ac40737f9a749d3c6ddbd813ece3a17b0f8024,4e7c6f011d6b8b058eca5405170a297fedec9dffae013fb31064ef78e8959eba
sample,all_cr-49,376,4238876,499999,10000,ea7a9190fa54ae2fe2083736a3ac40737f9a749d3c6ddbd813ece3a17b0f8024,4e7c6f011d6b8b058eca5405170a297fedec9dffae013fb31064ef78e8959eba
sample,all_cr-49,377,4241516,499999,10000,ea7a9190fa54ae2fe2083736a3ac40737f9a749d3c6ddbd813ece3a17b0f8024,4e7c6f011d6b8b058eca5405170a297fedec9dffae013fb31064ef78e8959eba
sample,all_cr-49,378,4237116,499999,10000,ea7a9190fa54ae2fe2083736a3ac40737f9a749d3c6ddbd813ece3a17b0f8024,4e7c6f011d6b8b058eca5405170a297fedec9dffae013fb31064ef78e8959eba
sample,all_cr-49,379,4245445,499999,10000,ea7a9190fa54ae2fe2083736a3ac40737f9a749d3c6ddbd813ece3a17b0f8024,4e7c6f011d6b8b058eca5405170a297fedec9dffae013fb31064ef78e8959eba
sample,all_cr-49,380,4239006,499999,10000,ea7a9190fa54ae2fe2083736a3ac40737f9a749d3c6ddbd813ece3a17b0f8024,4e7c6f011d6b8b058eca5405170a297fedec9dffae013fb31064ef78e8959eba
sample,all_cr-49,381,4243726,499999,10000,ea7a9190fa54ae2fe2083736a3ac40737f9a749d3c6ddbd813ece3a17b0f8024,4e7c6f011d6b8b058eca5405170a297fedec9dffae013fb31064ef78e8959eba
sample,all_cr-49,382,4240335,499999,10000,ea7a9190fa54ae2fe2083736a3ac40737f9a749d3c6ddbd813ece3a17b0f8024,4e7c6f011d6b8b058eca5405170a297fedec9dffae013fb31064ef78e8959eba
sample,all_cr-49,383,4250946,499999,10000,ea7a9190fa54ae2fe2083736a3ac40737f9a749d3c6ddbd813ece3a17b0f8024,4e7c6f011d6b8b058eca5405170a297fedec9dffae013fb31064ef78e8959eba
sample,all_cr-49,384,4237506,499999,10000,ea7a9190fa54ae2fe2083736a3ac40737f9a749d3c6ddbd813ece3a17b0f8024,4e7c6f011d6b8b058eca5405170a297fedec9dffae013fb31064ef78e8959eba
sample,all_cr-49,385,4246776,499999,10000,ea7a9190fa54ae2fe2083736a3ac40737f9a749d3c6ddbd813ece3a17b0f8024,4e7c6f011d6b8b058eca5405170a297fedec9dffae013fb31064ef78e8959eba
sample,all_cr-49,386,4241126,499999,10000,ea7a9190fa54ae2fe2083736a3ac40737f9a749d3c6ddbd813ece3a17b0f8024,4e7c6f011d6b8b058eca5405170a297fedec9dffae013fb31064ef78e8959eba
sample,all_cr-49,387,4253245,499999,10000,ea7a9190fa54ae2fe2083736a3ac40737f9a749d3c6ddbd813ece3a17b0f8024,4e7c6f011d6b8b058eca5405170a297fedec9dffae013fb31064ef78e8959eba
sample,all_cr-49,388,4238826,499999,10000,ea7a9190fa54ae2fe2083736a3ac40737f9a749d3c6ddbd813ece3a17b0f8024,4e7c6f011d6b8b058eca5405170a297fedec9dffae013fb31064ef78e8959eba
sample,all_cr-49,389,4241476,499999,10000,ea7a9190fa54ae2fe2083736a3ac40737f9a749d3c6ddbd813ece3a17b0f8024,4e7c6f011d6b8b058eca5405170a297fedec9dffae013fb31064ef78e8959eba
sample,all_cr-49,390,4247325,499999,10000,ea7a9190fa54ae2fe2083736a3ac40737f9a749d3c6ddbd813ece3a17b0f8024,4e7c6f011d6b8b058eca5405170a297fedec9dffae013fb31064ef78e8959eba
sample,all_cr-49,391,4249126,499999,10000,ea7a9190fa54ae2fe2083736a3ac40737f9a749d3c6ddbd813ece3a17b0f8024,4e7c6f011d6b8b058eca5405170a297fedec9dffae013fb31064ef78e8959eba
sample,all_cr-49,392,4240476,499999,10000,ea7a9190fa54ae2fe2083736a3ac40737f9a749d3c6ddbd813ece3a17b0f8024,4e7c6f011d6b8b058eca5405170a297fedec9dffae013fb31064ef78e8959eba
sample,all_cr-49,393,4243476,499999,10000,ea7a9190fa54ae2fe2083736a3ac40737f9a749d3c6ddbd813ece3a17b0f8024,4e7c6f011d6b8b058eca5405170a297fedec9dffae013fb31064ef78e8959eba
sample,all_cr-49,394,4235046,499999,10000,ea7a9190fa54ae2fe2083736a3ac40737f9a749d3c6ddbd813ece3a17b0f8024,4e7c6f011d6b8b058eca5405170a297fedec9dffae013fb31064ef78e8959eba
sample,all_cr-49,395,4246725,499999,10000,ea7a9190fa54ae2fe2083736a3ac40737f9a749d3c6ddbd813ece3a17b0f8024,4e7c6f011d6b8b058eca5405170a297fedec9dffae013fb31064ef78e8959eba
sample,all_cr-49,396,4243226,499999,10000,ea7a9190fa54ae2fe2083736a3ac40737f9a749d3c6ddbd813ece3a17b0f8024,4e7c6f011d6b8b058eca5405170a297fedec9dffae013fb31064ef78e8959eba
sample,all_cr-49,397,4247846,499999,10000,ea7a9190fa54ae2fe2083736a3ac40737f9a749d3c6ddbd813ece3a17b0f8024,4e7c6f011d6b8b058eca5405170a297fedec9dffae013fb31064ef78e8959eba
sample,all_cr-49,398,4249346,499999,10000,ea7a9190fa54ae2fe2083736a3ac40737f9a749d3c6ddbd813ece3a17b0f8024,4e7c6f011d6b8b058eca5405170a297fedec9dffae013fb31064ef78e8959eba
sample,all_cr-49,399,4244925,499999,10000,ea7a9190fa54ae2fe2083736a3ac40737f9a749d3c6ddbd813ece3a17b0f8024,4e7c6f011d6b8b058eca5405170a297fedec9dffae013fb31064ef78e8959eba
sample,all_cr-49,400,4247416,499999,10000,ea7a9190fa54ae2fe2083736a3ac40737f9a749d3c6ddbd813ece3a17b0f8024,4e7c6f011d6b8b058eca5405170a297fedec9dffae013fb31064ef78e8959eba
sample,all_cr-49,401,4242216,499999,10000,ea7a9190fa54ae2fe2083736a3ac40737f9a749d3c6ddbd813ece3a17b0f8024,4e7c6f011d6b8b058eca5405170a297fedec9dffae013fb31064ef78e8959eba
sample,all_cr-49,402,4241156,499999,10000,ea7a9190fa54ae2fe2083736a3ac40737f9a749d3c6ddbd813ece3a17b0f8024,4e7c6f011d6b8b058eca5405170a297fedec9dffae013fb31064ef78e8959eba
sample,all_cr-49,403,4250805,499999,10000,ea7a9190fa54ae2fe2083736a3ac40737f9a749d3c6ddbd813ece3a17b0f8024,4e7c6f011d6b8b058eca5405170a297fedec9dffae013fb31064ef78e8959eba
sample,all_cr-49,404,4234946,499999,10000,ea7a9190fa54ae2fe2083736a3ac40737f9a749d3c6ddbd813ece3a17b0f8024,4e7c6f011d6b8b058eca5405170a297fedec9dffae013fb31064ef78e8959eba
sample,all_cr-49,405,4247636,499999,10000,ea7a9190fa54ae2fe2083736a3ac40737f9a749d3c6ddbd813ece3a17b0f8024,4e7c6f011d6b8b058eca5405170a297fedec9dffae013fb31064ef78e8959eba
sample,all_cr-49,406,4237836,499999,10000,ea7a9190fa54ae2fe2083736a3ac40737f9a749d3c6ddbd813ece3a17b0f8024,4e7c6f011d6b8b058eca5405170a297fedec9dffae013fb31064ef78e8959eba
sample,all_cr-49,407,4238055,499999,10000,ea7a9190fa54ae2fe2083736a3ac40737f9a749d3c6ddbd813ece3a17b0f8024,4e7c6f011d6b8b058eca5405170a297fedec9dffae013fb31064ef78e8959eba
sample,all_cr-49,408,4237276,499999,10000,ea7a9190fa54ae2fe2083736a3ac40737f9a749d3c6ddbd813ece3a17b0f8024,4e7c6f011d6b8b058eca5405170a297fedec9dffae013fb31064ef78e8959eba
sample,all_cr-49,409,4237566,499999,10000,ea7a9190fa54ae2fe2083736a3ac40737f9a749d3c6ddbd813ece3a17b0f8024,4e7c6f011d6b8b058eca5405170a297fedec9dffae013fb31064ef78e8959eba
sample,all_cr-49,410,4243146,499999,10000,ea7a9190fa54ae2fe2083736a3ac40737f9a749d3c6ddbd813ece3a17b0f8024,4e7c6f011d6b8b058eca5405170a297fedec9dffae013fb31064ef78e8959eba
sample,all_cr-49,411,4256185,499999,10000,ea7a9190fa54ae2fe2083736a3ac40737f9a749d3c6ddbd813ece3a17b0f8024,4e7c6f011d6b8b058eca5405170a297fedec9dffae013fb31064ef78e8959eba
sample,all_cr-49,412,4239816,499999,10000,ea7a9190fa54ae2fe2083736a3ac40737f9a749d3c6ddbd813ece3a17b0f8024,4e7c6f011d6b8b058eca5405170a297fedec9dffae013fb31064ef78e8959eba
sample,all_cr-49,413,4246096,499999,10000,ea7a9190fa54ae2fe2083736a3ac40737f9a749d3c6ddbd813ece3a17b0f8024,4e7c6f011d6b8b058eca5405170a297fedec9dffae013fb31064ef78e8959eba
sample,all_cr-49,414,4242426,499999,10000,ea7a9190fa54ae2fe2083736a3ac40737f9a749d3c6ddbd813ece3a17b0f8024,4e7c6f011d6b8b058eca5405170a297fedec9dffae013fb31064ef78e8959eba
sample,all_cr-49,415,4251505,499999,10000,ea7a9190fa54ae2fe2083736a3ac40737f9a749d3c6ddbd813ece3a17b0f8024,4e7c6f011d6b8b058eca5405170a297fedec9dffae013fb31064ef78e8959eba
sample,all_cr-49,416,4241676,499999,10000,ea7a9190fa54ae2fe2083736a3ac40737f9a749d3c6ddbd813ece3a17b0f8024,4e7c6f011d6b8b058eca5405170a297fedec9dffae013fb31064ef78e8959eba
sample,all_cr-49,417,4247146,499999,10000,ea7a9190fa54ae2fe2083736a3ac40737f9a749d3c6ddbd813ece3a17b0f8024,4e7c6f011d6b8b058eca5405170a297fedec9dffae013fb31064ef78e8959eba
sample,all_cr-49,418,4244976,499999,10000,ea7a9190fa54ae2fe2083736a3ac40737f9a749d3c6ddbd813ece3a17b0f8024,4e7c6f011d6b8b058eca5405170a297fedec9dffae013fb31064ef78e8959eba
sample,all_cr-49,419,4240585,499999,10000,ea7a9190fa54ae2fe2083736a3ac40737f9a749d3c6ddbd813ece3a17b0f8024,4e7c6f011d6b8b058eca5405170a297fedec9dffae013fb31064ef78e8959eba
sample,all_cr-49,420,4241476,499999,10000,ea7a9190fa54ae2fe2083736a3ac40737f9a749d3c6ddbd813ece3a17b0f8024,4e7c6f011d6b8b058eca5405170a297fedec9dffae013fb31064ef78e8959eba
sample,all_cr-49,421,4241426,499999,10000,ea7a9190fa54ae2fe2083736a3ac40737f9a749d3c6ddbd813ece3a17b0f8024,4e7c6f011d6b8b058eca5405170a297fedec9dffae013fb31064ef78e8959eba
sample,all_cr-49,422,4244636,499999,10000,ea7a9190fa54ae2fe2083736a3ac40737f9a749d3c6ddbd813ece3a17b0f8024,4e7c6f011d6b8b058eca5405170a297fedec9dffae013fb31064ef78e8959eba
sample,all_cr-49,423,4244425,499999,10000,ea7a9190fa54ae2fe2083736a3ac40737f9a749d3c6ddbd813ece3a17b0f8024,4e7c6f011d6b8b058eca5405170a297fedec9dffae013fb31064ef78e8959eba
sample,all_cr-49,424,4240676,499999,10000,ea7a9190fa54ae2fe2083736a3ac40737f9a749d3c6ddbd813ece3a17b0f8024,4e7c6f011d6b8b058eca5405170a297fedec9dffae013fb31064ef78e8959eba
sample,all_cr-49,425,4235776,499999,10000,ea7a9190fa54ae2fe2083736a3ac40737f9a749d3c6ddbd813ece3a17b0f8024,4e7c6f011d6b8b058eca5405170a297fedec9dffae013fb31064ef78e8959eba
sample,all_cr-49,426,4267756,499999,10000,ea7a9190fa54ae2fe2083736a3ac40737f9a749d3c6ddbd813ece3a17b0f8024,4e7c6f011d6b8b058eca5405170a297fedec9dffae013fb31064ef78e8959eba
sample,all_cr-49,427,4239385,499999,10000,ea7a9190fa54ae2fe2083736a3ac40737f9a749d3c6ddbd813ece3a17b0f8024,4e7c6f011d6b8b058eca5405170a297fedec9dffae013fb31064ef78e8959eba
sample,all_cr-49,428,4238116,499999,10000,ea7a9190fa54ae2fe2083736a3ac40737f9a749d3c6ddbd813ece3a17b0f8024,4e7c6f011d6b8b058eca5405170a297fedec9dffae013fb31064ef78e8959eba
sample,all_cr-49,429,4249616,499999,10000,ea7a9190fa54ae2fe2083736a3ac40737f9a749d3c6ddbd813ece3a17b0f8024,4e7c6f011d6b8b058eca5405170a297fedec9dffae013fb31064ef78e8959eba
sample,all_cr-49,430,4254776,499999,10000,ea7a9190fa54ae2fe2083736a3ac40737f9a749d3c6ddbd813ece3a17b0f8024,4e7c6f011d6b8b058eca5405170a297fedec9dffae013fb31064ef78e8959eba
sample,all_cr-49,431,4253986,499999,10000,ea7a9190fa54ae2fe2083736a3ac40737f9a749d3c6ddbd813ece3a17b0f8024,4e7c6f011d6b8b058eca5405170a297fedec9dffae013fb31064ef78e8959eba
sample,all_cr-49,432,4258575,499999,10000,ea7a9190fa54ae2fe2083736a3ac40737f9a749d3c6ddbd813ece3a17b0f8024,4e7c6f011d6b8b058eca5405170a297fedec9dffae013fb31064ef78e8959eba
sample,all_cr-49,433,4255216,499999,10000,ea7a9190fa54ae2fe2083736a3ac40737f9a749d3c6ddbd813ece3a17b0f8024,4e7c6f011d6b8b058eca5405170a297fedec9dffae013fb31064ef78e8959eba
sample,all_cr-49,434,4252356,499999,10000,ea7a9190fa54ae2fe2083736a3ac40737f9a749d3c6ddbd813ece3a17b0f8024,4e7c6f011d6b8b058eca5405170a297fedec9dffae013fb31064ef78e8959eba
sample,all_cr-49,435,4262656,499999,10000,ea7a9190fa54ae2fe2083736a3ac40737f9a749d3c6ddbd813ece3a17b0f8024,4e7c6f011d6b8b058eca5405170a297fedec9dffae013fb31064ef78e8959eba
sample,all_cr-49,436,4254676,499999,10000,ea7a9190fa54ae2fe2083736a3ac40737f9a749d3c6ddbd813ece3a17b0f8024,4e7c6f011d6b8b058eca5405170a297fedec9dffae013fb31064ef78e8959eba
sample,all_cr-49,437,4254515,499999,10000,ea7a9190fa54ae2fe2083736a3ac40737f9a749d3c6ddbd813ece3a17b0f8024,4e7c6f011d6b8b058eca5405170a297fedec9dffae013fb31064ef78e8959eba
sample,all_cr-49,438,4255566,499999,10000,ea7a9190fa54ae2fe2083736a3ac40737f9a749d3c6ddbd813ece3a17b0f8024,4e7c6f011d6b8b058eca5405170a297fedec9dffae013fb31064ef78e8959eba
sample,all_cr-49,439,4263246,499999,10000,ea7a9190fa54ae2fe2083736a3ac40737f9a749d3c6ddbd813ece3a17b0f8024,4e7c6f011d6b8b058eca5405170a297fedec9dffae013fb31064ef78e8959eba
sample,all_cr-49,440,4249896,499999,10000,ea7a9190fa54ae2fe2083736a3ac40737f9a749d3c6ddbd813ece3a17b0f8024,4e7c6f011d6b8b058eca5405170a297fedec9dffae013fb31064ef78e8959eba
sample,all_cr-49,441,4236425,499999,10000,ea7a9190fa54ae2fe2083736a3ac40737f9a749d3c6ddbd813ece3a17b0f8024,4e7c6f011d6b8b058eca5405170a297fedec9dffae013fb31064ef78e8959eba
sample,all_cr-49,442,4245176,499999,10000,ea7a9190fa54ae2fe2083736a3ac40737f9a749d3c6ddbd813ece3a17b0f8024,4e7c6f011d6b8b058eca5405170a297fedec9dffae013fb31064ef78e8959eba
sample,all_cr-49,443,4247126,499999,10000,ea7a9190fa54ae2fe2083736a3ac40737f9a749d3c6ddbd813ece3a17b0f8024,4e7c6f011d6b8b058eca5405170a297fedec9dffae013fb31064ef78e8959eba
sample,all_cr-49,444,4243486,499999,10000,ea7a9190fa54ae2fe2083736a3ac40737f9a749d3c6ddbd813ece3a17b0f8024,4e7c6f011d6b8b058eca5405170a297fedec9dffae013fb31064ef78e8959eba
sample,all_cr-49,445,4253026,499999,10000,ea7a9190fa54ae2fe2083736a3ac40737f9a749d3c6ddbd813ece3a17b0f8024,4e7c6f011d6b8b058eca5405170a297fedec9dffae013fb31064ef78e8959eba
sample,all_cr-49,446,4257565,499999,10000,ea7a9190fa54ae2fe2083736a3ac40737f9a749d3c6ddbd813ece3a17b0f8024,4e7c6f011d6b8b058eca5405170a297fedec9dffae013fb31064ef78e8959eba
sample,all_cr-49,447,4260626,499999,10000,ea7a9190fa54ae2fe2083736a3ac40737f9a749d3c6ddbd813ece3a17b0f8024,4e7c6f011d6b8b058eca5405170a297fedec9dffae013fb31064ef78e8959eba
sample,all_cr-49,448,4235116,499999,10000,ea7a9190fa54ae2fe2083736a3ac40737f9a749d3c6ddbd813ece3a17b0f8024,4e7c6f011d6b8b058eca5405170a297fedec9dffae013fb31064ef78e8959eba
sample,all_cr-49,449,4245176,499999,10000,ea7a9190fa54ae2fe2083736a3ac40737f9a749d3c6ddbd813ece3a17b0f8024,4e7c6f011d6b8b058eca5405170a297fedec9dffae013fb31064ef78e8959eba
sample,all_cr-49,450,4254985,499999,10000,ea7a9190fa54ae2fe2083736a3ac40737f9a749d3c6ddbd813ece3a17b0f8024,4e7c6f011d6b8b058eca5405170a297fedec9dffae013fb31064ef78e8959eba
sample,all_cr-49,451,4249646,499999,10000,ea7a9190fa54ae2fe2083736a3ac40737f9a749d3c6ddbd813ece3a17b0f8024,4e7c6f011d6b8b058eca5405170a297fedec9dffae013fb31064ef78e8959eba
sample,all_cr-49,452,4242636,499999,10000,ea7a9190fa54ae2fe2083736a3ac40737f9a749d3c6ddbd813ece3a17b0f8024,4e7c6f011d6b8b058eca5405170a297fedec9dffae013fb31064ef78e8959eba
sample,all_cr-49,453,4244496,499999,10000,ea7a9190fa54ae2fe2083736a3ac40737f9a749d3c6ddbd813ece3a17b0f8024,4e7c6f011d6b8b058eca5405170a297fedec9dffae013fb31064ef78e8959eba
sample,all_cr-49,454,4285776,499999,10000,ea7a9190fa54ae2fe2083736a3ac40737f9a749d3c6ddbd813ece3a17b0f8024,4e7c6f011d6b8b058eca5405170a297fedec9dffae013fb31064ef78e8959eba
sample,all_cr-49,455,4240795,499999,10000,ea7a9190fa54ae2fe2083736a3ac40737f9a749d3c6ddbd813ece3a17b0f8024,4e7c6f011d6b8b058eca5405170a297fedec9dffae013fb31064ef78e8959eba
sample,all_cr-49,456,4244646,499999,10000,ea7a9190fa54ae2fe2083736a3ac40737f9a749d3c6ddbd813ece3a17b0f8024,4e7c6f011d6b8b058eca5405170a297fedec9dffae013fb31064ef78e8959eba
sample,all_cr-49,457,4247116,499999,10000,ea7a9190fa54ae2fe2083736a3ac40737f9a749d3c6ddbd813ece3a17b0f8024,4e7c6f011d6b8b058eca5405170a297fedec9dffae013fb31064ef78e8959eba
sample,all_cr-49,458,4242176,499999,10000,ea7a9190fa54ae2fe2083736a3ac40737f9a749d3c6ddbd813ece3a17b0f8024,4e7c6f011d6b8b058eca5405170a297fedec9dffae013fb31064ef78e8959eba
sample,all_cr-49,459,4243835,499999,10000,ea7a9190fa54ae2fe2083736a3ac40737f9a749d3c6ddbd813ece3a17b0f8024,4e7c6f011d6b8b058eca5405170a297fedec9dffae013fb31064ef78e8959eba
sample,all_cr-49,460,4255676,499999,10000,ea7a9190fa54ae2fe2083736a3ac40737f9a749d3c6ddbd813ece3a17b0f8024,4e7c6f011d6b8b058eca5405170a297fedec9dffae013fb31064ef78e8959eba
sample,all_cr-49,461,4243156,499999,10000,ea7a9190fa54ae2fe2083736a3ac40737f9a749d3c6ddbd813ece3a17b0f8024,4e7c6f011d6b8b058eca5405170a297fedec9dffae013fb31064ef78e8959eba
sample,all_cr-49,462,4234336,499999,10000,ea7a9190fa54ae2fe2083736a3ac40737f9a749d3c6ddbd813ece3a17b0f8024,4e7c6f011d6b8b058eca5405170a297fedec9dffae013fb31064ef78e8959eba
sample,all_cr-49,463,4241915,499999,10000,ea7a9190fa54ae2fe2083736a3ac40737f9a749d3c6ddbd813ece3a17b0f8024,4e7c6f011d6b8b058eca5405170a297fedec9dffae013fb31064ef78e8959eba
sample,all_cr-49,464,4294626,499999,10000,ea7a9190fa54ae2fe2083736a3ac40737f9a749d3c6ddbd813ece3a17b0f8024,4e7c6f011d6b8b058eca5405170a297fedec9dffae013fb31064ef78e8959eba
sample,all_cr-49,465,4244856,499999,10000,ea7a9190fa54ae2fe2083736a3ac40737f9a749d3c6ddbd813ece3a17b0f8024,4e7c6f011d6b8b058eca5405170a297fedec9dffae013fb31064ef78e8959eba
sample,all_cr-49,466,4249606,499999,10000,ea7a9190fa54ae2fe2083736a3ac40737f9a749d3c6ddbd813ece3a17b0f8024,4e7c6f011d6b8b058eca5405170a297fedec9dffae013fb31064ef78e8959eba
sample,all_cr-49,467,4252606,499999,10000,ea7a9190fa54ae2fe2083736a3ac40737f9a749d3c6ddbd813ece3a17b0f8024,4e7c6f011d6b8b058eca5405170a297fedec9dffae013fb31064ef78e8959eba
sample,all_cr-49,468,4235665,499999,10000,ea7a9190fa54ae2fe2083736a3ac40737f9a749d3c6ddbd813ece3a17b0f8024,4e7c6f011d6b8b058eca5405170a297fedec9dffae013fb31064ef78e8959eba
sample,all_cr-49,469,4234906,499999,10000,ea7a9190fa54ae2fe2083736a3ac40737f9a749d3c6ddbd813ece3a17b0f8024,4e7c6f011d6b8b058eca5405170a297fedec9dffae013fb31064ef78e8959eba
sample,all_cr-49,470,4245906,499999,10000,ea7a9190fa54ae2fe2083736a3ac40737f9a749d3c6ddbd813ece3a17b0f8024,4e7c6f011d6b8b058eca5405170a297fedec9dffae013fb31064ef78e8959eba
sample,all_cr-49,471,4244656,499999,10000,ea7a9190fa54ae2fe2083736a3ac40737f9a749d3c6ddbd813ece3a17b0f8024,4e7c6f011d6b8b058eca5405170a297fedec9dffae013fb31064ef78e8959eba
sample,all_cr-49,472,4240215,499999,10000,ea7a9190fa54ae2fe2083736a3ac40737f9a749d3c6ddbd813ece3a17b0f8024,4e7c6f011d6b8b058eca5405170a297fedec9dffae013fb31064ef78e8959eba
sample,all_cr-49,473,4242066,499999,10000,ea7a9190fa54ae2fe2083736a3ac40737f9a749d3c6ddbd813ece3a17b0f8024,4e7c6f011d6b8b058eca5405170a297fedec9dffae013fb31064ef78e8959eba
sample,all_cr-49,474,4238936,499999,10000,ea7a9190fa54ae2fe2083736a3ac40737f9a749d3c6ddbd813ece3a17b0f8024,4e7c6f011d6b8b058eca5405170a297fedec9dffae013fb31064ef78e8959eba
sample,all_cr-49,475,4246526,499999,10000,ea7a9190fa54ae2fe2083736a3ac40737f9a749d3c6ddbd813ece3a17b0f8024,4e7c6f011d6b8b058eca5405170a297fedec9dffae013fb31064ef78e8959eba
sample,all_cr-49,476,4235275,499999,10000,ea7a9190fa54ae2fe2083736a3ac40737f9a749d3c6ddbd813ece3a17b0f8024,4e7c6f011d6b8b058eca5405170a297fedec9dffae013fb31064ef78e8959eba
sample,all_cr-49,477,4244716,499999,10000,ea7a9190fa54ae2fe2083736a3ac40737f9a749d3c6ddbd813ece3a17b0f8024,4e7c6f011d6b8b058eca5405170a297fedec9dffae013fb31064ef78e8959eba
sample,all_cr-49,478,4242906,499999,10000,ea7a9190fa54ae2fe2083736a3ac40737f9a749d3c6ddbd813ece3a17b0f8024,4e7c6f011d6b8b058eca5405170a297fedec9dffae013fb31064ef78e8959eba
sample,all_cr-49,479,4243206,499999,10000,ea7a9190fa54ae2fe2083736a3ac40737f9a749d3c6ddbd813ece3a17b0f8024,4e7c6f011d6b8b058eca5405170a297fedec9dffae013fb31064ef78e8959eba
sample,all_cr-49,480,4238005,499999,10000,ea7a9190fa54ae2fe2083736a3ac40737f9a749d3c6ddbd813ece3a17b0f8024,4e7c6f011d6b8b058eca5405170a297fedec9dffae013fb31064ef78e8959eba
sample,all_cr-49,481,4243146,499999,10000,ea7a9190fa54ae2fe2083736a3ac40737f9a749d3c6ddbd813ece3a17b0f8024,4e7c6f011d6b8b058eca5405170a297fedec9dffae013fb31064ef78e8959eba
sample,all_cr-49,482,4234476,499999,10000,ea7a9190fa54ae2fe2083736a3ac40737f9a749d3c6ddbd813ece3a17b0f8024,4e7c6f011d6b8b058eca5405170a297fedec9dffae013fb31064ef78e8959eba
sample,all_cr-49,483,4252176,499999,10000,ea7a9190fa54ae2fe2083736a3ac40737f9a749d3c6ddbd813ece3a17b0f8024,4e7c6f011d6b8b058eca5405170a297fedec9dffae013fb31064ef78e8959eba
sample,all_cr-49,484,4285886,499999,10000,ea7a9190fa54ae2fe2083736a3ac40737f9a749d3c6ddbd813ece3a17b0f8024,4e7c6f011d6b8b058eca5405170a297fedec9dffae013fb31064ef78e8959eba
sample,all_cr-49,485,4250035,499999,10000,ea7a9190fa54ae2fe2083736a3ac40737f9a749d3c6ddbd813ece3a17b0f8024,4e7c6f011d6b8b058eca5405170a297fedec9dffae013fb31064ef78e8959eba
sample,all_cr-49,486,4239946,499999,10000,ea7a9190fa54ae2fe2083736a3ac40737f9a749d3c6ddbd813ece3a17b0f8024,4e7c6f011d6b8b058eca5405170a297fedec9dffae013fb31064ef78e8959eba
sample,all_cr-49,487,4291426,499999,10000,ea7a9190fa54ae2fe2083736a3ac40737f9a749d3c6ddbd813ece3a17b0f8024,4e7c6f011d6b8b058eca5405170a297fedec9dffae013fb31064ef78e8959eba
sample,all_cr-49,488,4245446,499999,10000,ea7a9190fa54ae2fe2083736a3ac40737f9a749d3c6ddbd813ece3a17b0f8024,4e7c6f011d6b8b058eca5405170a297fedec9dffae013fb31064ef78e8959eba
sample,all_cr-49,489,4247345,499999,10000,ea7a9190fa54ae2fe2083736a3ac40737f9a749d3c6ddbd813ece3a17b0f8024,4e7c6f011d6b8b058eca5405170a297fedec9dffae013fb31064ef78e8959eba
sample,all_cr-49,490,4242486,499999,10000,ea7a9190fa54ae2fe2083736a3ac40737f9a749d3c6ddbd813ece3a17b0f8024,4e7c6f011d6b8b058eca5405170a297fedec9dffae013fb31064ef78e8959eba
sample,all_cr-49,491,4251096,499999,10000,ea7a9190fa54ae2fe2083736a3ac40737f9a749d3c6ddbd813ece3a17b0f8024,4e7c6f011d6b8b058eca5405170a297fedec9dffae013fb31064ef78e8959eba
sample,all_cr-49,492,4243746,499999,10000,ea7a9190fa54ae2fe2083736a3ac40737f9a749d3c6ddbd813ece3a17b0f8024,4e7c6f011d6b8b058eca5405170a297fedec9dffae013fb31064ef78e8959eba
sample,all_cr-49,493,4246815,499999,10000,ea7a9190fa54ae2fe2083736a3ac40737f9a749d3c6ddbd813ece3a17b0f8024,4e7c6f011d6b8b058eca5405170a297fedec9dffae013fb31064ef78e8959eba
sample,all_cr-49,494,4236096,499999,10000,ea7a9190fa54ae2fe2083736a3ac40737f9a749d3c6ddbd813ece3a17b0f8024,4e7c6f011d6b8b058eca5405170a297fedec9dffae013fb31064ef78e8959eba
sample,all_cr-49,495,4244366,499999,10000,ea7a9190fa54ae2fe2083736a3ac40737f9a749d3c6ddbd813ece3a17b0f8024,4e7c6f011d6b8b058eca5405170a297fedec9dffae013fb31064ef78e8959eba
sample,all_cr-49,496,4299506,499999,10000,ea7a9190fa54ae2fe2083736a3ac40737f9a749d3c6ddbd813ece3a17b0f8024,4e7c6f011d6b8b058eca5405170a297fedec9dffae013fb31064ef78e8959eba
sample,all_cr-49,497,4254326,499999,10000,ea7a9190fa54ae2fe2083736a3ac40737f9a749d3c6ddbd813ece3a17b0f8024,4e7c6f011d6b8b058eca5405170a297fedec9dffae013fb31064ef78e8959eba
sample,all_cr-49,498,4247476,499999,10000,ea7a9190fa54ae2fe2083736a3ac40737f9a749d3c6ddbd813ece3a17b0f8024,4e7c6f011d6b8b058eca5405170a297fedec9dffae013fb31064ef78e8959eba
sample,all_cr-49,499,4245695,499999,10000,ea7a9190fa54ae2fe2083736a3ac40737f9a749d3c6ddbd813ece3a17b0f8024,4e7c6f011d6b8b058eca5405170a297fedec9dffae013fb31064ef78e8959eba
sample,sparse_crlf-49,0,1436605,489999,10000,8ca2da968b6788ab2efad270e5dd4515db1b96f44c8b864ece6a066126595369,e677626f7f2b32f4c354e798965af4ebccbc57b60c13186de23a2b97b8a4afeb
sample,sparse_crlf-49,1,1444676,489999,10000,8ca2da968b6788ab2efad270e5dd4515db1b96f44c8b864ece6a066126595369,e677626f7f2b32f4c354e798965af4ebccbc57b60c13186de23a2b97b8a4afeb
sample,sparse_crlf-49,2,1439865,489999,10000,8ca2da968b6788ab2efad270e5dd4515db1b96f44c8b864ece6a066126595369,e677626f7f2b32f4c354e798965af4ebccbc57b60c13186de23a2b97b8a4afeb
sample,sparse_crlf-49,3,1439155,489999,10000,8ca2da968b6788ab2efad270e5dd4515db1b96f44c8b864ece6a066126595369,e677626f7f2b32f4c354e798965af4ebccbc57b60c13186de23a2b97b8a4afeb
sample,sparse_crlf-49,4,1424566,489999,10000,8ca2da968b6788ab2efad270e5dd4515db1b96f44c8b864ece6a066126595369,e677626f7f2b32f4c354e798965af4ebccbc57b60c13186de23a2b97b8a4afeb
sample,sparse_crlf-49,5,1429085,489999,10000,8ca2da968b6788ab2efad270e5dd4515db1b96f44c8b864ece6a066126595369,e677626f7f2b32f4c354e798965af4ebccbc57b60c13186de23a2b97b8a4afeb
sample,sparse_crlf-49,6,1440545,489999,10000,8ca2da968b6788ab2efad270e5dd4515db1b96f44c8b864ece6a066126595369,e677626f7f2b32f4c354e798965af4ebccbc57b60c13186de23a2b97b8a4afeb
sample,sparse_crlf-49,7,1434716,489999,10000,8ca2da968b6788ab2efad270e5dd4515db1b96f44c8b864ece6a066126595369,e677626f7f2b32f4c354e798965af4ebccbc57b60c13186de23a2b97b8a4afeb
sample,sparse_crlf-49,8,1427965,489999,10000,8ca2da968b6788ab2efad270e5dd4515db1b96f44c8b864ece6a066126595369,e677626f7f2b32f4c354e798965af4ebccbc57b60c13186de23a2b97b8a4afeb
sample,sparse_crlf-49,9,1415115,489999,10000,8ca2da968b6788ab2efad270e5dd4515db1b96f44c8b864ece6a066126595369,e677626f7f2b32f4c354e798965af4ebccbc57b60c13186de23a2b97b8a4afeb
sample,sparse_crlf-49,10,1418096,489999,10000,8ca2da968b6788ab2efad270e5dd4515db1b96f44c8b864ece6a066126595369,e677626f7f2b32f4c354e798965af4ebccbc57b60c13186de23a2b97b8a4afeb
sample,sparse_crlf-49,11,1427435,489999,10000,8ca2da968b6788ab2efad270e5dd4515db1b96f44c8b864ece6a066126595369,e677626f7f2b32f4c354e798965af4ebccbc57b60c13186de23a2b97b8a4afeb
sample,sparse_crlf-49,12,1410705,489999,10000,8ca2da968b6788ab2efad270e5dd4515db1b96f44c8b864ece6a066126595369,e677626f7f2b32f4c354e798965af4ebccbc57b60c13186de23a2b97b8a4afeb
sample,sparse_crlf-49,13,1449025,489999,10000,8ca2da968b6788ab2efad270e5dd4515db1b96f44c8b864ece6a066126595369,e677626f7f2b32f4c354e798965af4ebccbc57b60c13186de23a2b97b8a4afeb
sample,sparse_crlf-49,14,1431386,489999,10000,8ca2da968b6788ab2efad270e5dd4515db1b96f44c8b864ece6a066126595369,e677626f7f2b32f4c354e798965af4ebccbc57b60c13186de23a2b97b8a4afeb
sample,sparse_crlf-49,15,1435955,489999,10000,8ca2da968b6788ab2efad270e5dd4515db1b96f44c8b864ece6a066126595369,e677626f7f2b32f4c354e798965af4ebccbc57b60c13186de23a2b97b8a4afeb
sample,sparse_crlf-49,16,1423115,489999,10000,8ca2da968b6788ab2efad270e5dd4515db1b96f44c8b864ece6a066126595369,e677626f7f2b32f4c354e798965af4ebccbc57b60c13186de23a2b97b8a4afeb
sample,sparse_crlf-49,17,1434936,489999,10000,8ca2da968b6788ab2efad270e5dd4515db1b96f44c8b864ece6a066126595369,e677626f7f2b32f4c354e798965af4ebccbc57b60c13186de23a2b97b8a4afeb
sample,sparse_crlf-49,18,1416955,489999,10000,8ca2da968b6788ab2efad270e5dd4515db1b96f44c8b864ece6a066126595369,e677626f7f2b32f4c354e798965af4ebccbc57b60c13186de23a2b97b8a4afeb
sample,sparse_crlf-49,19,1437105,489999,10000,8ca2da968b6788ab2efad270e5dd4515db1b96f44c8b864ece6a066126595369,e677626f7f2b32f4c354e798965af4ebccbc57b60c13186de23a2b97b8a4afeb
sample,sparse_crlf-49,20,1438216,489999,10000,8ca2da968b6788ab2efad270e5dd4515db1b96f44c8b864ece6a066126595369,e677626f7f2b32f4c354e798965af4ebccbc57b60c13186de23a2b97b8a4afeb
sample,sparse_crlf-49,21,1425965,489999,10000,8ca2da968b6788ab2efad270e5dd4515db1b96f44c8b864ece6a066126595369,e677626f7f2b32f4c354e798965af4ebccbc57b60c13186de23a2b97b8a4afeb
sample,sparse_crlf-49,22,1415615,489999,10000,8ca2da968b6788ab2efad270e5dd4515db1b96f44c8b864ece6a066126595369,e677626f7f2b32f4c354e798965af4ebccbc57b60c13186de23a2b97b8a4afeb
sample,sparse_crlf-49,23,1418876,489999,10000,8ca2da968b6788ab2efad270e5dd4515db1b96f44c8b864ece6a066126595369,e677626f7f2b32f4c354e798965af4ebccbc57b60c13186de23a2b97b8a4afeb
sample,sparse_crlf-49,24,1435185,489999,10000,8ca2da968b6788ab2efad270e5dd4515db1b96f44c8b864ece6a066126595369,e677626f7f2b32f4c354e798965af4ebccbc57b60c13186de23a2b97b8a4afeb
sample,sparse_crlf-49,25,1424785,489999,10000,8ca2da968b6788ab2efad270e5dd4515db1b96f44c8b864ece6a066126595369,e677626f7f2b32f4c354e798965af4ebccbc57b60c13186de23a2b97b8a4afeb
sample,sparse_crlf-49,26,1419665,489999,10000,8ca2da968b6788ab2efad270e5dd4515db1b96f44c8b864ece6a066126595369,e677626f7f2b32f4c354e798965af4ebccbc57b60c13186de23a2b97b8a4afeb
sample,sparse_crlf-49,27,1442066,489999,10000,8ca2da968b6788ab2efad270e5dd4515db1b96f44c8b864ece6a066126595369,e677626f7f2b32f4c354e798965af4ebccbc57b60c13186de23a2b97b8a4afeb
sample,sparse_crlf-49,28,1451305,489999,10000,8ca2da968b6788ab2efad270e5dd4515db1b96f44c8b864ece6a066126595369,e677626f7f2b32f4c354e798965af4ebccbc57b60c13186de23a2b97b8a4afeb
sample,sparse_crlf-49,29,1454576,489999,10000,8ca2da968b6788ab2efad270e5dd4515db1b96f44c8b864ece6a066126595369,e677626f7f2b32f4c354e798965af4ebccbc57b60c13186de23a2b97b8a4afeb
sample,sparse_crlf-49,30,1446845,489999,10000,8ca2da968b6788ab2efad270e5dd4515db1b96f44c8b864ece6a066126595369,e677626f7f2b32f4c354e798965af4ebccbc57b60c13186de23a2b97b8a4afeb
sample,sparse_crlf-49,31,1445565,489999,10000,8ca2da968b6788ab2efad270e5dd4515db1b96f44c8b864ece6a066126595369,e677626f7f2b32f4c354e798965af4ebccbc57b60c13186de23a2b97b8a4afeb
sample,sparse_crlf-49,32,1438706,489999,10000,8ca2da968b6788ab2efad270e5dd4515db1b96f44c8b864ece6a066126595369,e677626f7f2b32f4c354e798965af4ebccbc57b60c13186de23a2b97b8a4afeb
sample,sparse_crlf-49,33,1448025,489999,10000,8ca2da968b6788ab2efad270e5dd4515db1b96f44c8b864ece6a066126595369,e677626f7f2b32f4c354e798965af4ebccbc57b60c13186de23a2b97b8a4afeb
sample,sparse_crlf-49,34,1428725,489999,10000,8ca2da968b6788ab2efad270e5dd4515db1b96f44c8b864ece6a066126595369,e677626f7f2b32f4c354e798965af4ebccbc57b60c13186de23a2b97b8a4afeb
sample,sparse_crlf-49,35,1426316,489999,10000,8ca2da968b6788ab2efad270e5dd4515db1b96f44c8b864ece6a066126595369,e677626f7f2b32f4c354e798965af4ebccbc57b60c13186de23a2b97b8a4afeb
sample,sparse_crlf-49,36,1443525,489999,10000,8ca2da968b6788ab2efad270e5dd4515db1b96f44c8b864ece6a066126595369,e677626f7f2b32f4c354e798965af4ebccbc57b60c13186de23a2b97b8a4afeb
sample,sparse_crlf-49,37,1428295,489999,10000,8ca2da968b6788ab2efad270e5dd4515db1b96f44c8b864ece6a066126595369,e677626f7f2b32f4c354e798965af4ebccbc57b60c13186de23a2b97b8a4afeb
sample,sparse_crlf-49,38,1432896,489999,10000,8ca2da968b6788ab2efad270e5dd4515db1b96f44c8b864ece6a066126595369,e677626f7f2b32f4c354e798965af4ebccbc57b60c13186de23a2b97b8a4afeb
sample,sparse_crlf-49,39,1422805,489999,10000,8ca2da968b6788ab2efad270e5dd4515db1b96f44c8b864ece6a066126595369,e677626f7f2b32f4c354e798965af4ebccbc57b60c13186de23a2b97b8a4afeb
sample,sparse_crlf-49,40,1415185,489999,10000,8ca2da968b6788ab2efad270e5dd4515db1b96f44c8b864ece6a066126595369,e677626f7f2b32f4c354e798965af4ebccbc57b60c13186de23a2b97b8a4afeb
sample,sparse_crlf-49,41,1426076,489999,10000,8ca2da968b6788ab2efad270e5dd4515db1b96f44c8b864ece6a066126595369,e677626f7f2b32f4c354e798965af4ebccbc57b60c13186de23a2b97b8a4afeb
sample,sparse_crlf-49,42,1411935,489999,10000,8ca2da968b6788ab2efad270e5dd4515db1b96f44c8b864ece6a066126595369,e677626f7f2b32f4c354e798965af4ebccbc57b60c13186de23a2b97b8a4afeb
sample,sparse_crlf-49,43,1416665,489999,10000,8ca2da968b6788ab2efad270e5dd4515db1b96f44c8b864ece6a066126595369,e677626f7f2b32f4c354e798965af4ebccbc57b60c13186de23a2b97b8a4afeb
sample,sparse_crlf-49,44,1413915,489999,10000,8ca2da968b6788ab2efad270e5dd4515db1b96f44c8b864ece6a066126595369,e677626f7f2b32f4c354e798965af4ebccbc57b60c13186de23a2b97b8a4afeb
sample,sparse_crlf-49,45,1427226,489999,10000,8ca2da968b6788ab2efad270e5dd4515db1b96f44c8b864ece6a066126595369,e677626f7f2b32f4c354e798965af4ebccbc57b60c13186de23a2b97b8a4afeb
sample,sparse_crlf-49,46,1417645,489999,10000,8ca2da968b6788ab2efad270e5dd4515db1b96f44c8b864ece6a066126595369,e677626f7f2b32f4c354e798965af4ebccbc57b60c13186de23a2b97b8a4afeb
sample,sparse_crlf-49,47,1443065,489999,10000,8ca2da968b6788ab2efad270e5dd4515db1b96f44c8b864ece6a066126595369,e677626f7f2b32f4c354e798965af4ebccbc57b60c13186de23a2b97b8a4afeb
sample,sparse_crlf-49,48,1413546,489999,10000,8ca2da968b6788ab2efad270e5dd4515db1b96f44c8b864ece6a066126595369,e677626f7f2b32f4c354e798965af4ebccbc57b60c13186de23a2b97b8a4afeb
sample,sparse_crlf-49,49,1406195,489999,10000,8ca2da968b6788ab2efad270e5dd4515db1b96f44c8b864ece6a066126595369,e677626f7f2b32f4c354e798965af4ebccbc57b60c13186de23a2b97b8a4afeb
sample,sparse_crlf-49,50,1422535,489999,10000,8ca2da968b6788ab2efad270e5dd4515db1b96f44c8b864ece6a066126595369,e677626f7f2b32f4c354e798965af4ebccbc57b60c13186de23a2b97b8a4afeb
sample,sparse_crlf-49,51,1417925,489999,10000,8ca2da968b6788ab2efad270e5dd4515db1b96f44c8b864ece6a066126595369,e677626f7f2b32f4c354e798965af4ebccbc57b60c13186de23a2b97b8a4afeb
sample,sparse_crlf-49,52,1436866,489999,10000,8ca2da968b6788ab2efad270e5dd4515db1b96f44c8b864ece6a066126595369,e677626f7f2b32f4c354e798965af4ebccbc57b60c13186de23a2b97b8a4afeb
sample,sparse_crlf-49,53,1427125,489999,10000,8ca2da968b6788ab2efad270e5dd4515db1b96f44c8b864ece6a066126595369,e677626f7f2b32f4c354e798965af4ebccbc57b60c13186de23a2b97b8a4afeb
sample,sparse_crlf-49,54,1417525,489999,10000,8ca2da968b6788ab2efad270e5dd4515db1b96f44c8b864ece6a066126595369,e677626f7f2b32f4c354e798965af4ebccbc57b60c13186de23a2b97b8a4afeb
sample,sparse_crlf-49,55,1422105,489999,10000,8ca2da968b6788ab2efad270e5dd4515db1b96f44c8b864ece6a066126595369,e677626f7f2b32f4c354e798965af4ebccbc57b60c13186de23a2b97b8a4afeb
sample,sparse_crlf-49,56,1420615,489999,10000,8ca2da968b6788ab2efad270e5dd4515db1b96f44c8b864ece6a066126595369,e677626f7f2b32f4c354e798965af4ebccbc57b60c13186de23a2b97b8a4afeb
sample,sparse_crlf-49,57,1426205,489999,10000,8ca2da968b6788ab2efad270e5dd4515db1b96f44c8b864ece6a066126595369,e677626f7f2b32f4c354e798965af4ebccbc57b60c13186de23a2b97b8a4afeb
sample,sparse_crlf-49,58,1439065,489999,10000,8ca2da968b6788ab2efad270e5dd4515db1b96f44c8b864ece6a066126595369,e677626f7f2b32f4c354e798965af4ebccbc57b60c13186de23a2b97b8a4afeb
sample,sparse_crlf-49,59,1430296,489999,10000,8ca2da968b6788ab2efad270e5dd4515db1b96f44c8b864ece6a066126595369,e677626f7f2b32f4c354e798965af4ebccbc57b60c13186de23a2b97b8a4afeb
sample,sparse_crlf-49,60,1419045,489999,10000,8ca2da968b6788ab2efad270e5dd4515db1b96f44c8b864ece6a066126595369,e677626f7f2b32f4c354e798965af4ebccbc57b60c13186de23a2b97b8a4afeb
sample,sparse_crlf-49,61,1425645,489999,10000,8ca2da968b6788ab2efad270e5dd4515db1b96f44c8b864ece6a066126595369,e677626f7f2b32f4c354e798965af4ebccbc57b60c13186de23a2b97b8a4afeb
sample,sparse_crlf-49,62,1415866,489999,10000,8ca2da968b6788ab2efad270e5dd4515db1b96f44c8b864ece6a066126595369,e677626f7f2b32f4c354e798965af4ebccbc57b60c13186de23a2b97b8a4afeb
sample,sparse_crlf-49,63,1413795,489999,10000,8ca2da968b6788ab2efad270e5dd4515db1b96f44c8b864ece6a066126595369,e677626f7f2b32f4c354e798965af4ebccbc57b60c13186de23a2b97b8a4afeb
sample,sparse_crlf-49,64,1421855,489999,10000,8ca2da968b6788ab2efad270e5dd4515db1b96f44c8b864ece6a066126595369,e677626f7f2b32f4c354e798965af4ebccbc57b60c13186de23a2b97b8a4afeb
sample,sparse_crlf-49,65,1419355,489999,10000,8ca2da968b6788ab2efad270e5dd4515db1b96f44c8b864ece6a066126595369,e677626f7f2b32f4c354e798965af4ebccbc57b60c13186de23a2b97b8a4afeb
sample,sparse_crlf-49,66,1417316,489999,10000,8ca2da968b6788ab2efad270e5dd4515db1b96f44c8b864ece6a066126595369,e677626f7f2b32f4c354e798965af4ebccbc57b60c13186de23a2b97b8a4afeb
sample,sparse_crlf-49,67,1425535,489999,10000,8ca2da968b6788ab2efad270e5dd4515db1b96f44c8b864ece6a066126595369,e677626f7f2b32f4c354e798965af4ebccbc57b60c13186de23a2b97b8a4afeb
sample,sparse_crlf-49,68,1422775,489999,10000,8ca2da968b6788ab2efad270e5dd4515db1b96f44c8b864ece6a066126595369,e677626f7f2b32f4c354e798965af4ebccbc57b60c13186de23a2b97b8a4afeb
sample,sparse_crlf-49,69,1422536,489999,10000,8ca2da968b6788ab2efad270e5dd4515db1b96f44c8b864ece6a066126595369,e677626f7f2b32f4c354e798965af4ebccbc57b60c13186de23a2b97b8a4afeb
sample,sparse_crlf-49,70,1419385,489999,10000,8ca2da968b6788ab2efad270e5dd4515db1b96f44c8b864ece6a066126595369,e677626f7f2b32f4c354e798965af4ebccbc57b60c13186de23a2b97b8a4afeb
sample,sparse_crlf-49,71,1437335,489999,10000,8ca2da968b6788ab2efad270e5dd4515db1b96f44c8b864ece6a066126595369,e677626f7f2b32f4c354e798965af4ebccbc57b60c13186de23a2b97b8a4afeb
sample,sparse_crlf-49,72,1425616,489999,10000,8ca2da968b6788ab2efad270e5dd4515db1b96f44c8b864ece6a066126595369,e677626f7f2b32f4c354e798965af4ebccbc57b60c13186de23a2b97b8a4afeb
sample,sparse_crlf-49,73,1427845,489999,10000,8ca2da968b6788ab2efad270e5dd4515db1b96f44c8b864ece6a066126595369,e677626f7f2b32f4c354e798965af4ebccbc57b60c13186de23a2b97b8a4afeb
sample,sparse_crlf-49,74,1409975,489999,10000,8ca2da968b6788ab2efad270e5dd4515db1b96f44c8b864ece6a066126595369,e677626f7f2b32f4c354e798965af4ebccbc57b60c13186de23a2b97b8a4afeb
sample,sparse_crlf-49,75,1422035,489999,10000,8ca2da968b6788ab2efad270e5dd4515db1b96f44c8b864ece6a066126595369,e677626f7f2b32f4c354e798965af4ebccbc57b60c13186de23a2b97b8a4afeb
sample,sparse_crlf-49,76,1420066,489999,10000,8ca2da968b6788ab2efad270e5dd4515db1b96f44c8b864ece6a066126595369,e677626f7f2b32f4c354e798965af4ebccbc57b60c13186de23a2b97b8a4afeb
sample,sparse_crlf-49,77,1421355,489999,10000,8ca2da968b6788ab2efad270e5dd4515db1b96f44c8b864ece6a066126595369,e677626f7f2b32f4c354e798965af4ebccbc57b60c13186de23a2b97b8a4afeb
sample,sparse_crlf-49,78,1418765,489999,10000,8ca2da968b6788ab2efad270e5dd4515db1b96f44c8b864ece6a066126595369,e677626f7f2b32f4c354e798965af4ebccbc57b60c13186de23a2b97b8a4afeb
sample,sparse_crlf-49,79,1418925,489999,10000,8ca2da968b6788ab2efad270e5dd4515db1b96f44c8b864ece6a066126595369,e677626f7f2b32f4c354e798965af4ebccbc57b60c13186de23a2b97b8a4afeb
sample,sparse_crlf-49,80,1418856,489999,10000,8ca2da968b6788ab2efad270e5dd4515db1b96f44c8b864ece6a066126595369,e677626f7f2b32f4c354e798965af4ebccbc57b60c13186de23a2b97b8a4afeb
sample,sparse_crlf-49,81,1455535,489999,10000,8ca2da968b6788ab2efad270e5dd4515db1b96f44c8b864ece6a066126595369,e677626f7f2b32f4c354e798965af4ebccbc57b60c13186de23a2b97b8a4afeb
sample,sparse_crlf-49,82,1413385,489999,10000,8ca2da968b6788ab2efad270e5dd4515db1b96f44c8b864ece6a066126595369,e677626f7f2b32f4c354e798965af4ebccbc57b60c13186de23a2b97b8a4afeb
sample,sparse_crlf-49,83,1431206,489999,10000,8ca2da968b6788ab2efad270e5dd4515db1b96f44c8b864ece6a066126595369,e677626f7f2b32f4c354e798965af4ebccbc57b60c13186de23a2b97b8a4afeb
sample,sparse_crlf-49,84,1427775,489999,10000,8ca2da968b6788ab2efad270e5dd4515db1b96f44c8b864ece6a066126595369,e677626f7f2b32f4c354e798965af4ebccbc57b60c13186de23a2b97b8a4afeb
sample,sparse_crlf-49,85,1421225,489999,10000,8ca2da968b6788ab2efad270e5dd4515db1b96f44c8b864ece6a066126595369,e677626f7f2b32f4c354e798965af4ebccbc57b60c13186de23a2b97b8a4afeb
sample,sparse_crlf-49,86,1416636,489999,10000,8ca2da968b6788ab2efad270e5dd4515db1b96f44c8b864ece6a066126595369,e677626f7f2b32f4c354e798965af4ebccbc57b60c13186de23a2b97b8a4afeb
sample,sparse_crlf-49,87,1418615,489999,10000,8ca2da968b6788ab2efad270e5dd4515db1b96f44c8b864ece6a066126595369,e677626f7f2b32f4c354e798965af4ebccbc57b60c13186de23a2b97b8a4afeb
sample,sparse_crlf-49,88,1414595,489999,10000,8ca2da968b6788ab2efad270e5dd4515db1b96f44c8b864ece6a066126595369,e677626f7f2b32f4c354e798965af4ebccbc57b60c13186de23a2b97b8a4afeb
sample,sparse_crlf-49,89,1415045,489999,10000,8ca2da968b6788ab2efad270e5dd4515db1b96f44c8b864ece6a066126595369,e677626f7f2b32f4c354e798965af4ebccbc57b60c13186de23a2b97b8a4afeb
sample,sparse_crlf-49,90,1425446,489999,10000,8ca2da968b6788ab2efad270e5dd4515db1b96f44c8b864ece6a066126595369,e677626f7f2b32f4c354e798965af4ebccbc57b60c13186de23a2b97b8a4afeb
sample,sparse_crlf-49,91,1463195,489999,10000,8ca2da968b6788ab2efad270e5dd4515db1b96f44c8b864ece6a066126595369,e677626f7f2b32f4c354e798965af4ebccbc57b60c13186de23a2b97b8a4afeb
sample,sparse_crlf-49,92,1423515,489999,10000,8ca2da968b6788ab2efad270e5dd4515db1b96f44c8b864ece6a066126595369,e677626f7f2b32f4c354e798965af4ebccbc57b60c13186de23a2b97b8a4afeb
sample,sparse_crlf-49,93,1427766,489999,10000,8ca2da968b6788ab2efad270e5dd4515db1b96f44c8b864ece6a066126595369,e677626f7f2b32f4c354e798965af4ebccbc57b60c13186de23a2b97b8a4afeb
sample,sparse_crlf-49,94,1417525,489999,10000,8ca2da968b6788ab2efad270e5dd4515db1b96f44c8b864ece6a066126595369,e677626f7f2b32f4c354e798965af4ebccbc57b60c13186de23a2b97b8a4afeb
sample,sparse_crlf-49,95,1417305,489999,10000,8ca2da968b6788ab2efad270e5dd4515db1b96f44c8b864ece6a066126595369,e677626f7f2b32f4c354e798965af4ebccbc57b60c13186de23a2b97b8a4afeb
sample,sparse_crlf-49,96,1408845,489999,10000,8ca2da968b6788ab2efad270e5dd4515db1b96f44c8b864ece6a066126595369,e677626f7f2b32f4c354e798965af4ebccbc57b60c13186de23a2b97b8a4afeb
sample,sparse_crlf-49,97,1425055,489999,10000,8ca2da968b6788ab2efad270e5dd4515db1b96f44c8b864ece6a066126595369,e677626f7f2b32f4c354e798965af4ebccbc57b60c13186de23a2b97b8a4afeb
sample,sparse_crlf-49,98,1414115,489999,10000,8ca2da968b6788ab2efad270e5dd4515db1b96f44c8b864ece6a066126595369,e677626f7f2b32f4c354e798965af4ebccbc57b60c13186de23a2b97b8a4afeb
sample,sparse_crlf-49,99,1423825,489999,10000,8ca2da968b6788ab2efad270e5dd4515db1b96f44c8b864ece6a066126595369,e677626f7f2b32f4c354e798965af4ebccbc57b60c13186de23a2b97b8a4afeb
sample,sparse_crlf-49,100,1414836,489999,10000,8ca2da968b6788ab2efad270e5dd4515db1b96f44c8b864ece6a066126595369,e677626f7f2b32f4c354e798965af4ebccbc57b60c13186de23a2b97b8a4afeb
sample,sparse_crlf-49,101,1422115,489999,10000,8ca2da968b6788ab2efad270e5dd4515db1b96f44c8b864ece6a066126595369,e677626f7f2b32f4c354e798965af4ebccbc57b60c13186de23a2b97b8a4afeb
sample,sparse_crlf-49,102,1417845,489999,10000,8ca2da968b6788ab2efad270e5dd4515db1b96f44c8b864ece6a066126595369,e677626f7f2b32f4c354e798965af4ebccbc57b60c13186de23a2b97b8a4afeb
sample,sparse_crlf-49,103,1420695,489999,10000,8ca2da968b6788ab2efad270e5dd4515db1b96f44c8b864ece6a066126595369,e677626f7f2b32f4c354e798965af4ebccbc57b60c13186de23a2b97b8a4afeb
sample,sparse_crlf-49,104,1427766,489999,10000,8ca2da968b6788ab2efad270e5dd4515db1b96f44c8b864ece6a066126595369,e677626f7f2b32f4c354e798965af4ebccbc57b60c13186de23a2b97b8a4afeb
sample,sparse_crlf-49,105,1421225,489999,10000,8ca2da968b6788ab2efad270e5dd4515db1b96f44c8b864ece6a066126595369,e677626f7f2b32f4c354e798965af4ebccbc57b60c13186de23a2b97b8a4afeb
sample,sparse_crlf-49,106,1437775,489999,10000,8ca2da968b6788ab2efad270e5dd4515db1b96f44c8b864ece6a066126595369,e677626f7f2b32f4c354e798965af4ebccbc57b60c13186de23a2b97b8a4afeb
sample,sparse_crlf-49,107,1420546,489999,10000,8ca2da968b6788ab2efad270e5dd4515db1b96f44c8b864ece6a066126595369,e677626f7f2b32f4c354e798965af4ebccbc57b60c13186de23a2b97b8a4afeb
sample,sparse_crlf-49,108,1416445,489999,10000,8ca2da968b6788ab2efad270e5dd4515db1b96f44c8b864ece6a066126595369,e677626f7f2b32f4c354e798965af4ebccbc57b60c13186de23a2b97b8a4afeb
sample,sparse_crlf-49,109,1437665,489999,10000,8ca2da968b6788ab2efad270e5dd4515db1b96f44c8b864ece6a066126595369,e677626f7f2b32f4c354e798965af4ebccbc57b60c13186de23a2b97b8a4afeb
sample,sparse_crlf-49,110,1414395,489999,10000,8ca2da968b6788ab2efad270e5dd4515db1b96f44c8b864ece6a066126595369,e677626f7f2b32f4c354e798965af4ebccbc57b60c13186de23a2b97b8a4afeb
sample,sparse_crlf-49,111,1428736,489999,10000,8ca2da968b6788ab2efad270e5dd4515db1b96f44c8b864ece6a066126595369,e677626f7f2b32f4c354e798965af4ebccbc57b60c13186de23a2b97b8a4afeb
sample,sparse_crlf-49,112,1414325,489999,10000,8ca2da968b6788ab2efad270e5dd4515db1b96f44c8b864ece6a066126595369,e677626f7f2b32f4c354e798965af4ebccbc57b60c13186de23a2b97b8a4afeb
sample,sparse_crlf-49,113,1422445,489999,10000,8ca2da968b6788ab2efad270e5dd4515db1b96f44c8b864ece6a066126595369,e677626f7f2b32f4c354e798965af4ebccbc57b60c13186de23a2b97b8a4afeb
sample,sparse_crlf-49,114,1419976,489999,10000,8ca2da968b6788ab2efad270e5dd4515db1b96f44c8b864ece6a066126595369,e677626f7f2b32f4c354e798965af4ebccbc57b60c13186de23a2b97b8a4afeb
sample,sparse_crlf-49,115,1423675,489999,10000,8ca2da968b6788ab2efad270e5dd4515db1b96f44c8b864ece6a066126595369,e677626f7f2b32f4c354e798965af4ebccbc57b60c13186de23a2b97b8a4afeb
sample,sparse_crlf-49,116,1425975,489999,10000,8ca2da968b6788ab2efad270e5dd4515db1b96f44c8b864ece6a066126595369,e677626f7f2b32f4c354e798965af4ebccbc57b60c13186de23a2b97b8a4afeb
sample,sparse_crlf-49,117,1416825,489999,10000,8ca2da968b6788ab2efad270e5dd4515db1b96f44c8b864ece6a066126595369,e677626f7f2b32f4c354e798965af4ebccbc57b60c13186de23a2b97b8a4afeb
sample,sparse_crlf-49,118,1415856,489999,10000,8ca2da968b6788ab2efad270e5dd4515db1b96f44c8b864ece6a066126595369,e677626f7f2b32f4c354e798965af4ebccbc57b60c13186de23a2b97b8a4afeb
sample,sparse_crlf-49,119,1417545,489999,10000,8ca2da968b6788ab2efad270e5dd4515db1b96f44c8b864ece6a066126595369,e677626f7f2b32f4c354e798965af4ebccbc57b60c13186de23a2b97b8a4afeb
sample,sparse_crlf-49,120,1419315,489999,10000,8ca2da968b6788ab2efad270e5dd4515db1b96f44c8b864ece6a066126595369,e677626f7f2b32f4c354e798965af4ebccbc57b60c13186de23a2b97b8a4afeb
sample,sparse_crlf-49,121,1417496,489999,10000,8ca2da968b6788ab2efad270e5dd4515db1b96f44c8b864ece6a066126595369,e677626f7f2b32f4c354e798965af4ebccbc57b60c13186de23a2b97b8a4afeb
sample,sparse_crlf-49,122,1418195,489999,10000,8ca2da968b6788ab2efad270e5dd4515db1b96f44c8b864ece6a066126595369,e677626f7f2b32f4c354e798965af4ebccbc57b60c13186de23a2b97b8a4afeb
sample,sparse_crlf-49,123,1424465,489999,10000,8ca2da968b6788ab2efad270e5dd4515db1b96f44c8b864ece6a066126595369,e677626f7f2b32f4c354e798965af4ebccbc57b60c13186de23a2b97b8a4afeb
sample,sparse_crlf-49,124,1420385,489999,10000,8ca2da968b6788ab2efad270e5dd4515db1b96f44c8b864ece6a066126595369,e677626f7f2b32f4c354e798965af4ebccbc57b60c13186de23a2b97b8a4afeb
sample,sparse_crlf-49,125,1427786,489999,10000,8ca2da968b6788ab2efad270e5dd4515db1b96f44c8b864ece6a066126595369,e677626f7f2b32f4c354e798965af4ebccbc57b60c13186de23a2b97b8a4afeb
sample,sparse_crlf-49,126,1429475,489999,10000,8ca2da968b6788ab2efad270e5dd4515db1b96f44c8b864ece6a066126595369,e677626f7f2b32f4c354e798965af4ebccbc57b60c13186de23a2b97b8a4afeb
sample,sparse_crlf-49,127,1433955,489999,10000,8ca2da968b6788ab2efad270e5dd4515db1b96f44c8b864ece6a066126595369,e677626f7f2b32f4c354e798965af4ebccbc57b60c13186de23a2b97b8a4afeb
sample,sparse_crlf-49,128,1423176,489999,10000,8ca2da968b6788ab2efad270e5dd4515db1b96f44c8b864ece6a066126595369,e677626f7f2b32f4c354e798965af4ebccbc57b60c13186de23a2b97b8a4afeb
sample,sparse_crlf-49,129,1422195,489999,10000,8ca2da968b6788ab2efad270e5dd4515db1b96f44c8b864ece6a066126595369,e677626f7f2b32f4c354e798965af4ebccbc57b60c13186de23a2b97b8a4afeb
sample,sparse_crlf-49,130,1428235,489999,10000,8ca2da968b6788ab2efad270e5dd4515db1b96f44c8b864ece6a066126595369,e677626f7f2b32f4c354e798965af4ebccbc57b60c13186de23a2b97b8a4afeb
sample,sparse_crlf-49,131,1429476,489999,10000,8ca2da968b6788ab2efad270e5dd4515db1b96f44c8b864ece6a066126595369,e677626f7f2b32f4c354e798965af4ebccbc57b60c13186de23a2b97b8a4afeb
sample,sparse_crlf-49,132,1432225,489999,10000,8ca2da968b6788ab2efad270e5dd4515db1b96f44c8b864ece6a066126595369,e677626f7f2b32f4c354e798965af4ebccbc57b60c13186de23a2b97b8a4afeb
sample,sparse_crlf-49,133,1429625,489999,10000,8ca2da968b6788ab2efad270e5dd4515db1b96f44c8b864ece6a066126595369,e677626f7f2b32f4c354e798965af4ebccbc57b60c13186de23a2b97b8a4afeb
sample,sparse_crlf-49,134,1434495,489999,10000,8ca2da968b6788ab2efad270e5dd4515db1b96f44c8b864ece6a066126595369,e677626f7f2b32f4c354e798965af4ebccbc57b60c13186de23a2b97b8a4afeb
sample,sparse_crlf-49,135,1424566,489999,10000,8ca2da968b6788ab2efad270e5dd4515db1b96f44c8b864ece6a066126595369,e677626f7f2b32f4c354e798965af4ebccbc57b60c13186de23a2b97b8a4afeb
sample,sparse_crlf-49,136,1423555,489999,10000,8ca2da968b6788ab2efad270e5dd4515db1b96f44c8b864ece6a066126595369,e677626f7f2b32f4c354e798965af4ebccbc57b60c13186de23a2b97b8a4afeb
sample,sparse_crlf-49,137,1428395,489999,10000,8ca2da968b6788ab2efad270e5dd4515db1b96f44c8b864ece6a066126595369,e677626f7f2b32f4c354e798965af4ebccbc57b60c13186de23a2b97b8a4afeb
sample,sparse_crlf-49,138,1418276,489999,10000,8ca2da968b6788ab2efad270e5dd4515db1b96f44c8b864ece6a066126595369,e677626f7f2b32f4c354e798965af4ebccbc57b60c13186de23a2b97b8a4afeb
sample,sparse_crlf-49,139,1426375,489999,10000,8ca2da968b6788ab2efad270e5dd4515db1b96f44c8b864ece6a066126595369,e677626f7f2b32f4c354e798965af4ebccbc57b60c13186de23a2b97b8a4afeb
sample,sparse_crlf-49,140,1420075,489999,10000,8ca2da968b6788ab2efad270e5dd4515db1b96f44c8b864ece6a066126595369,e677626f7f2b32f4c354e798965af4ebccbc57b60c13186de23a2b97b8a4afeb
sample,sparse_crlf-49,141,1429906,489999,10000,8ca2da968b6788ab2efad270e5dd4515db1b96f44c8b864ece6a066126595369,e677626f7f2b32f4c354e798965af4ebccbc57b60c13186de23a2b97b8a4afeb
sample,sparse_crlf-49,142,1433035,489999,10000,8ca2da968b6788ab2efad270e5dd4515db1b96f44c8b864ece6a066126595369,e677626f7f2b32f4c354e798965af4ebccbc57b60c13186de23a2b97b8a4afeb
sample,sparse_crlf-49,143,1430865,489999,10000,8ca2da968b6788ab2efad270e5dd4515db1b96f44c8b864ece6a066126595369,e677626f7f2b32f4c354e798965af4ebccbc57b60c13186de23a2b97b8a4afeb
sample,sparse_crlf-49,144,1427346,489999,10000,8ca2da968b6788ab2efad270e5dd4515db1b96f44c8b864ece6a066126595369,e677626f7f2b32f4c354e798965af4ebccbc57b60c13186de23a2b97b8a4afeb
sample,sparse_crlf-49,145,1427435,489999,10000,8ca2da968b6788ab2efad270e5dd4515db1b96f44c8b864ece6a066126595369,e677626f7f2b32f4c354e798965af4ebccbc57b60c13186de23a2b97b8a4afeb
sample,sparse_crlf-49,146,1437455,489999,10000,8ca2da968b6788ab2efad270e5dd4515db1b96f44c8b864ece6a066126595369,e677626f7f2b32f4c354e798965af4ebccbc57b60c13186de23a2b97b8a4afeb
sample,sparse_crlf-49,147,1430035,489999,10000,8ca2da968b6788ab2efad270e5dd4515db1b96f44c8b864ece6a066126595369,e677626f7f2b32f4c354e798965af4ebccbc57b60c13186de23a2b97b8a4afeb
sample,sparse_crlf-49,148,1433276,489999,10000,8ca2da968b6788ab2efad270e5dd4515db1b96f44c8b864ece6a066126595369,e677626f7f2b32f4c354e798965af4ebccbc57b60c13186de23a2b97b8a4afeb
sample,sparse_crlf-49,149,1437085,489999,10000,8ca2da968b6788ab2efad270e5dd4515db1b96f44c8b864ece6a066126595369,e677626f7f2b32f4c354e798965af4ebccbc57b60c13186de23a2b97b8a4afeb
sample,sparse_crlf-49,150,1426516,489999,10000,8ca2da968b6788ab2efad270e5dd4515db1b96f44c8b864ece6a066126595369,e677626f7f2b32f4c354e798965af4ebccbc57b60c13186de23a2b97b8a4afeb
sample,sparse_crlf-49,151,1444285,489999,10000,8ca2da968b6788ab2efad270e5dd4515db1b96f44c8b864ece6a066126595369,e677626f7f2b32f4c354e798965af4ebccbc57b60c13186de23a2b97b8a4afeb
sample,sparse_crlf-49,152,1429135,489999,10000,8ca2da968b6788ab2efad270e5dd4515db1b96f44c8b864ece6a066126595369,e677626f7f2b32f4c354e798965af4ebccbc57b60c13186de23a2b97b8a4afeb
sample,sparse_crlf-49,153,1430365,489999,10000,8ca2da968b6788ab2efad270e5dd4515db1b96f44c8b864ece6a066126595369,e677626f7f2b32f4c354e798965af4ebccbc57b60c13186de23a2b97b8a4afeb
sample,sparse_crlf-49,154,1431976,489999,10000,8ca2da968b6788ab2efad270e5dd4515db1b96f44c8b864ece6a066126595369,e677626f7f2b32f4c354e798965af4ebccbc57b60c13186de23a2b97b8a4afeb
sample,sparse_crlf-49,155,1435225,489999,10000,8ca2da968b6788ab2efad270e5dd4515db1b96f44c8b864ece6a066126595369,e677626f7f2b32f4c354e798965af4ebccbc57b60c13186de23a2b97b8a4afeb
sample,sparse_crlf-49,156,1425825,489999,10000,8ca2da968b6788ab2efad270e5dd4515db1b96f44c8b864ece6a066126595369,e677626f7f2b32f4c354e798965af4ebccbc57b60c13186de23a2b97b8a4afeb
sample,sparse_crlf-49,157,1427046,489999,10000,8ca2da968b6788ab2efad270e5dd4515db1b96f44c8b864ece6a066126595369,e677626f7f2b32f4c354e798965af4ebccbc57b60c13186de23a2b97b8a4afeb
sample,sparse_crlf-49,158,1412945,489999,10000,8ca2da968b6788ab2efad270e5dd4515db1b96f44c8b864ece6a066126595369,e677626f7f2b32f4c354e798965af4ebccbc57b60c13186de23a2b97b8a4afeb
sample,sparse_crlf-49,159,1422755,489999,10000,8ca2da968b6788ab2efad270e5dd4515db1b96f44c8b864ece6a066126595369,e677626f7f2b32f4c354e798965af4ebccbc57b60c13186de23a2b97b8a4afeb
sample,sparse_crlf-49,160,1433036,489999,10000,8ca2da968b6788ab2efad270e5dd4515db1b96f44c8b864ece6a066126595369,e677626f7f2b32f4c354e798965af4ebccbc57b60c13186de23a2b97b8a4afeb
sample,sparse_crlf-49,161,1419465,489999,10000,8ca2da968b6788ab2efad270e5dd4515db1b96f44c8b864ece6a066126595369,e677626f7f2b32f4c354e798965af4ebccbc57b60c13186de23a2b97b8a4afeb
sample,sparse_crlf-49,162,1421915,489999,10000,8ca2da968b6788ab2efad270e5dd4515db1b96f44c8b864ece6a066126595369,e677626f7f2b32f4c354e798965af4ebccbc57b60c13186de23a2b97b8a4afeb
sample,sparse_crlf-49,163,1426025,489999,10000,8ca2da968b6788ab2efad270e5dd4515db1b96f44c8b864ece6a066126595369,e677626f7f2b32f4c354e798965af4ebccbc57b60c13186de23a2b97b8a4afeb
sample,sparse_crlf-49,164,1427666,489999,10000,8ca2da968b6788ab2efad270e5dd4515db1b96f44c8b864ece6a066126595369,e677626f7f2b32f4c354e798965af4ebccbc57b60c13186de23a2b97b8a4afeb
sample,sparse_crlf-49,165,1419965,489999,10000,8ca2da968b6788ab2efad270e5dd4515db1b96f44c8b864ece6a066126595369,e677626f7f2b32f4c354e798965af4ebccbc57b60c13186de23a2b97b8a4afeb
sample,sparse_crlf-49,166,1419255,489999,10000,8ca2da968b6788ab2efad270e5dd4515db1b96f44c8b864ece6a066126595369,e677626f7f2b32f4c354e798965af4ebccbc57b60c13186de23a2b97b8a4afeb
sample,sparse_crlf-49,167,1427616,489999,10000,8ca2da968b6788ab2efad270e5dd4515db1b96f44c8b864ece6a066126595369,e677626f7f2b32f4c354e798965af4ebccbc57b60c13186de23a2b97b8a4afeb
sample,sparse_crlf-49,168,1418435,489999,10000,8ca2da968b6788ab2efad270e5dd4515db1b96f44c8b864ece6a066126595369,e677626f7f2b32f4c354e798965af4ebccbc57b60c13186de23a2b97b8a4afeb
sample,sparse_crlf-49,169,1427705,489999,10000,8ca2da968b6788ab2efad270e5dd4515db1b96f44c8b864ece6a066126595369,e677626f7f2b32f4c354e798965af4ebccbc57b60c13186de23a2b97b8a4afeb
sample,sparse_crlf-49,170,1430756,489999,10000,8ca2da968b6788ab2efad270e5dd4515db1b96f44c8b864ece6a066126595369,e677626f7f2b32f4c354e798965af4ebccbc57b60c13186de23a2b97b8a4afeb
sample,sparse_crlf-49,171,1494205,489999,10000,8ca2da968b6788ab2efad270e5dd4515db1b96f44c8b864ece6a066126595369,e677626f7f2b32f4c354e798965af4ebccbc57b60c13186de23a2b97b8a4afeb
sample,sparse_crlf-49,172,1428175,489999,10000,8ca2da968b6788ab2efad270e5dd4515db1b96f44c8b864ece6a066126595369,e677626f7f2b32f4c354e798965af4ebccbc57b60c13186de23a2b97b8a4afeb
sample,sparse_crlf-49,173,1437276,489999,10000,8ca2da968b6788ab2efad270e5dd4515db1b96f44c8b864ece6a066126595369,e677626f7f2b32f4c354e798965af4ebccbc57b60c13186de23a2b97b8a4afeb
sample,sparse_crlf-49,174,1487465,489999,10000,8ca2da968b6788ab2efad270e5dd4515db1b96f44c8b864ece6a066126595369,e677626f7f2b32f4c354e798965af4ebccbc57b60c13186de23a2b97b8a4afeb
sample,sparse_crlf-49,175,1439276,489999,10000,8ca2da968b6788ab2efad270e5dd4515db1b96f44c8b864ece6a066126595369,e677626f7f2b32f4c354e798965af4ebccbc57b60c13186de23a2b97b8a4afeb
sample,sparse_crlf-49,176,1421275,489999,10000,8ca2da968b6788ab2efad270e5dd4515db1b96f44c8b864ece6a066126595369,e677626f7f2b32f4c354e798965af4ebccbc57b60c13186de23a2b97b8a4afeb
sample,sparse_crlf-49,177,1414555,489999,10000,8ca2da968b6788ab2efad270e5dd4515db1b96f44c8b864ece6a066126595369,e677626f7f2b32f4c354e798965af4ebccbc57b60c13186de23a2b97b8a4afeb
sample,sparse_crlf-49,178,1420705,489999,10000,8ca2da968b6788ab2efad270e5dd4515db1b96f44c8b864ece6a066126595369,e677626f7f2b32f4c354e798965af4ebccbc57b60c13186de23a2b97b8a4afeb
sample,sparse_crlf-49,179,1426376,489999,10000,8ca2da968b6788ab2efad270e5dd4515db1b96f44c8b864ece6a066126595369,e677626f7f2b32f4c354e798965af4ebccbc57b60c13186de23a2b97b8a4afeb
sample,sparse_crlf-49,180,1419045,489999,10000,8ca2da968b6788ab2efad270e5dd4515db1b96f44c8b864ece6a066126595369,e677626f7f2b32f4c354e798965af4ebccbc57b60c13186de23a2b97b8a4afeb
sample,sparse_crlf-49,181,1423245,489999,10000,8ca2da968b6788ab2efad270e5dd4515db1b96f44c8b864ece6a066126595369,e677626f7f2b32f4c354e798965af4ebccbc57b60c13186de23a2b97b8a4afeb
sample,sparse_crlf-49,182,1428056,489999,10000,8ca2da968b6788ab2efad270e5dd4515db1b96f44c8b864ece6a066126595369,e677626f7f2b32f4c354e798965af4ebccbc57b60c13186de23a2b97b8a4afeb
sample,sparse_crlf-49,183,1492965,489999,10000,8ca2da968b6788ab2efad270e5dd4515db1b96f44c8b864ece6a066126595369,e677626f7f2b32f4c354e798965af4ebccbc57b60c13186de23a2b97b8a4afeb
sample,sparse_crlf-49,184,1429945,489999,10000,8ca2da968b6788ab2efad270e5dd4515db1b96f44c8b864ece6a066126595369,e677626f7f2b32f4c354e798965af4ebccbc57b60c13186de23a2b97b8a4afeb
sample,sparse_crlf-49,185,1439136,489999,10000,8ca2da968b6788ab2efad270e5dd4515db1b96f44c8b864ece6a066126595369,e677626f7f2b32f4c354e798965af4ebccbc57b60c13186de23a2b97b8a4afeb
sample,sparse_crlf-49,186,1436195,489999,10000,8ca2da968b6788ab2efad270e5dd4515db1b96f44c8b864ece6a066126595369,e677626f7f2b32f4c354e798965af4ebccbc57b60c13186de23a2b97b8a4afeb
sample,sparse_crlf-49,187,1423055,489999,10000,8ca2da968b6788ab2efad270e5dd4515db1b96f44c8b864ece6a066126595369,e677626f7f2b32f4c354e798965af4ebccbc57b60c13186de23a2b97b8a4afeb
sample,sparse_crlf-49,188,1425886,489999,10000,8ca2da968b6788ab2efad270e5dd4515db1b96f44c8b864ece6a066126595369,e677626f7f2b32f4c354e798965af4ebccbc57b60c13186de23a2b97b8a4afeb
sample,sparse_crlf-49,189,1417115,489999,10000,8ca2da968b6788ab2efad270e5dd4515db1b96f44c8b864ece6a066126595369,e677626f7f2b32f4c354e798965af4ebccbc57b60c13186de23a2b97b8a4afeb
sample,sparse_crlf-49,190,1427185,489999,10000,8ca2da968b6788ab2efad270e5dd4515db1b96f44c8b864ece6a066126595369,e677626f7f2b32f4c354e798965af4ebccbc57b60c13186de23a2b97b8a4afeb
sample,sparse_crlf-49,191,1459886,489999,10000,8ca2da968b6788ab2efad270e5dd4515db1b96f44c8b864ece6a066126595369,e677626f7f2b32f4c354e798965af4ebccbc57b60c13186de23a2b97b8a4afeb
sample,sparse_crlf-49,192,1429395,489999,10000,8ca2da968b6788ab2efad270e5dd4515db1b96f44c8b864ece6a066126595369,e677626f7f2b32f4c354e798965af4ebccbc57b60c13186de23a2b97b8a4afeb
sample,sparse_crlf-49,193,1424835,489999,10000,8ca2da968b6788ab2efad270e5dd4515db1b96f44c8b864ece6a066126595369,e677626f7f2b32f4c354e798965af4ebccbc57b60c13186de23a2b97b8a4afeb
sample,sparse_crlf-49,194,1430986,489999,10000,8ca2da968b6788ab2efad270e5dd4515db1b96f44c8b864ece6a066126595369,e677626f7f2b32f4c354e798965af4ebccbc57b60c13186de23a2b97b8a4afeb
sample,sparse_crlf-49,195,1418235,489999,10000,8ca2da968b6788ab2efad270e5dd4515db1b96f44c8b864ece6a066126595369,e677626f7f2b32f4c354e798965af4ebccbc57b60c13186de23a2b97b8a4afeb
sample,sparse_crlf-49,196,1410745,489999,10000,8ca2da968b6788ab2efad270e5dd4515db1b96f44c8b864ece6a066126595369,e677626f7f2b32f4c354e798965af4ebccbc57b60c13186de23a2b97b8a4afeb
sample,sparse_crlf-49,197,1430045,489999,10000,8ca2da968b6788ab2efad270e5dd4515db1b96f44c8b864ece6a066126595369,e677626f7f2b32f4c354e798965af4ebccbc57b60c13186de23a2b97b8a4afeb
sample,sparse_crlf-49,198,1433406,489999,10000,8ca2da968b6788ab2efad270e5dd4515db1b96f44c8b864ece6a066126595369,e677626f7f2b32f4c354e798965af4ebccbc57b60c13186de23a2b97b8a4afeb
sample,sparse_crlf-49,199,1421715,489999,10000,8ca2da968b6788ab2efad270e5dd4515db1b96f44c8b864ece6a066126595369,e677626f7f2b32f4c354e798965af4ebccbc57b60c13186de23a2b97b8a4afeb
sample,sparse_crlf-49,200,1418555,489999,10000,8ca2da968b6788ab2efad270e5dd4515db1b96f44c8b864ece6a066126595369,e677626f7f2b32f4c354e798965af4ebccbc57b60c13186de23a2b97b8a4afeb
sample,sparse_crlf-49,201,1433326,489999,10000,8ca2da968b6788ab2efad270e5dd4515db1b96f44c8b864ece6a066126595369,e677626f7f2b32f4c354e798965af4ebccbc57b60c13186de23a2b97b8a4afeb
sample,sparse_crlf-49,202,1415315,489999,10000,8ca2da968b6788ab2efad270e5dd4515db1b96f44c8b864ece6a066126595369,e677626f7f2b32f4c354e798965af4ebccbc57b60c13186de23a2b97b8a4afeb
sample,sparse_crlf-49,203,1424625,489999,10000,8ca2da968b6788ab2efad270e5dd4515db1b96f44c8b864ece6a066126595369,e677626f7f2b32f4c354e798965af4ebccbc57b60c13186de23a2b97b8a4afeb
sample,sparse_crlf-49,204,1420726,489999,10000,8ca2da968b6788ab2efad270e5dd4515db1b96f44c8b864ece6a066126595369,e677626f7f2b32f4c354e798965af4ebccbc57b60c13186de23a2b97b8a4afeb
sample,sparse_crlf-49,205,1416165,489999,10000,8ca2da968b6788ab2efad270e5dd4515db1b96f44c8b864ece6a066126595369,e677626f7f2b32f4c354e798965af4ebccbc57b60c13186de23a2b97b8a4afeb
sample,sparse_crlf-49,206,1475455,489999,10000,8ca2da968b6788ab2efad270e5dd4515db1b96f44c8b864ece6a066126595369,e677626f7f2b32f4c354e798965af4ebccbc57b60c13186de23a2b97b8a4afeb
sample,sparse_crlf-49,207,1428936,489999,10000,8ca2da968b6788ab2efad270e5dd4515db1b96f44c8b864ece6a066126595369,e677626f7f2b32f4c354e798965af4ebccbc57b60c13186de23a2b97b8a4afeb
sample,sparse_crlf-49,208,1423815,489999,10000,8ca2da968b6788ab2efad270e5dd4515db1b96f44c8b864ece6a066126595369,e677626f7f2b32f4c354e798965af4ebccbc57b60c13186de23a2b97b8a4afeb
sample,sparse_crlf-49,209,1425545,489999,10000,8ca2da968b6788ab2efad270e5dd4515db1b96f44c8b864ece6a066126595369,e677626f7f2b32f4c354e798965af4ebccbc57b60c13186de23a2b97b8a4afeb
sample,sparse_crlf-49,210,1412085,489999,10000,8ca2da968b6788ab2efad270e5dd4515db1b96f44c8b864ece6a066126595369,e677626f7f2b32f4c354e798965af4ebccbc57b60c13186de23a2b97b8a4afeb
sample,sparse_crlf-49,211,1431936,489999,10000,8ca2da968b6788ab2efad270e5dd4515db1b96f44c8b864ece6a066126595369,e677626f7f2b32f4c354e798965af4ebccbc57b60c13186de23a2b97b8a4afeb
sample,sparse_crlf-49,212,1419355,489999,10000,8ca2da968b6788ab2efad270e5dd4515db1b96f44c8b864ece6a066126595369,e677626f7f2b32f4c354e798965af4ebccbc57b60c13186de23a2b97b8a4afeb
sample,sparse_crlf-49,213,1435895,489999,10000,8ca2da968b6788ab2efad270e5dd4515db1b96f44c8b864ece6a066126595369,e677626f7f2b32f4c354e798965af4ebccbc57b60c13186de23a2b97b8a4afeb
sample,sparse_crlf-49,214,1426306,489999,10000,8ca2da968b6788ab2efad270e5dd4515db1b96f44c8b864ece6a066126595369,e677626f7f2b32f4c354e798965af4ebccbc57b60c13186de23a2b97b8a4afeb
sample,sparse_crlf-49,215,1475125,489999,10000,8ca2da968b6788ab2efad270e5dd4515db1b96f44c8b864ece6a066126595369,e677626f7f2b32f4c354e798965af4ebccbc57b60c13186de23a2b97b8a4afeb
sample,sparse_crlf-49,216,1436275,489999,10000,8ca2da968b6788ab2efad270e5dd4515db1b96f44c8b864ece6a066126595369,e677626f7f2b32f4c354e798965af4ebccbc57b60c13186de23a2b97b8a4afeb
sample,sparse_crlf-49,217,1436106,489999,10000,8ca2da968b6788ab2efad270e5dd4515db1b96f44c8b864ece6a066126595369,e677626f7f2b32f4c354e798965af4ebccbc57b60c13186de23a2b97b8a4afeb
sample,sparse_crlf-49,218,1432465,489999,10000,8ca2da968b6788ab2efad270e5dd4515db1b96f44c8b864ece6a066126595369,e677626f7f2b32f4c354e798965af4ebccbc57b60c13186de23a2b97b8a4afeb
sample,sparse_crlf-49,219,1436706,489999,10000,8ca2da968b6788ab2efad270e5dd4515db1b96f44c8b864ece6a066126595369,e677626f7f2b32f4c354e798965af4ebccbc57b60c13186de23a2b97b8a4afeb
sample,sparse_crlf-49,220,1440855,489999,10000,8ca2da968b6788ab2efad270e5dd4515db1b96f44c8b864ece6a066126595369,e677626f7f2b32f4c354e798965af4ebccbc57b60c13186de23a2b97b8a4afeb
sample,sparse_crlf-49,221,1439705,489999,10000,8ca2da968b6788ab2efad270e5dd4515db1b96f44c8b864ece6a066126595369,e677626f7f2b32f4c354e798965af4ebccbc57b60c13186de23a2b97b8a4afeb
sample,sparse_crlf-49,222,1446056,489999,10000,8ca2da968b6788ab2efad270e5dd4515db1b96f44c8b864ece6a066126595369,e677626f7f2b32f4c354e798965af4ebccbc57b60c13186de23a2b97b8a4afeb
sample,sparse_crlf-49,223,1448535,489999,10000,8ca2da968b6788ab2efad270e5dd4515db1b96f44c8b864ece6a066126595369,e677626f7f2b32f4c354e798965af4ebccbc57b60c13186de23a2b97b8a4afeb
sample,sparse_crlf-49,224,1452565,489999,10000,8ca2da968b6788ab2efad270e5dd4515db1b96f44c8b864ece6a066126595369,e677626f7f2b32f4c354e798965af4ebccbc57b60c13186de23a2b97b8a4afeb
sample,sparse_crlf-49,225,1449196,489999,10000,8ca2da968b6788ab2efad270e5dd4515db1b96f44c8b864ece6a066126595369,e677626f7f2b32f4c354e798965af4ebccbc57b60c13186de23a2b97b8a4afeb
sample,sparse_crlf-49,226,1450275,489999,10000,8ca2da968b6788ab2efad270e5dd4515db1b96f44c8b864ece6a066126595369,e677626f7f2b32f4c354e798965af4ebccbc57b60c13186de23a2b97b8a4afeb
sample,sparse_crlf-49,227,1430045,489999,10000,8ca2da968b6788ab2efad270e5dd4515db1b96f44c8b864ece6a066126595369,e677626f7f2b32f4c354e798965af4ebccbc57b60c13186de23a2b97b8a4afeb
sample,sparse_crlf-49,228,1428186,489999,10000,8ca2da968b6788ab2efad270e5dd4515db1b96f44c8b864ece6a066126595369,e677626f7f2b32f4c354e798965af4ebccbc57b60c13186de23a2b97b8a4afeb
sample,sparse_crlf-49,229,1433855,489999,10000,8ca2da968b6788ab2efad270e5dd4515db1b96f44c8b864ece6a066126595369,e677626f7f2b32f4c354e798965af4ebccbc57b60c13186de23a2b97b8a4afeb
sample,sparse_crlf-49,230,1424735,489999,10000,8ca2da968b6788ab2efad270e5dd4515db1b96f44c8b864ece6a066126595369,e677626f7f2b32f4c354e798965af4ebccbc57b60c13186de23a2b97b8a4afeb
sample,sparse_crlf-49,231,1487886,489999,10000,8ca2da968b6788ab2efad270e5dd4515db1b96f44c8b864ece6a066126595369,e677626f7f2b32f4c354e798965af4ebccbc57b60c13186de23a2b97b8a4afeb
sample,sparse_crlf-49,232,1429315,489999,10000,8ca2da968b6788ab2efad270e5dd4515db1b96f44c8b864ece6a066126595369,e677626f7f2b32f4c354e798965af4ebccbc57b60c13186de23a2b97b8a4afeb
sample,sparse_crlf-49,233,1421835,489999,10000,8ca2da968b6788ab2efad270e5dd4515db1b96f44c8b864ece6a066126595369,e677626f7f2b32f4c354e798965af4ebccbc57b60c13186de23a2b97b8a4afeb
sample,sparse_crlf-49,234,1429555,489999,10000,8ca2da968b6788ab2efad270e5dd4515db1b96f44c8b864ece6a066126595369,e677626f7f2b32f4c354e798965af4ebccbc57b60c13186de23a2b97b8a4afeb
sample,sparse_crlf-49,235,1437945,489999,10000,8ca2da968b6788ab2efad270e5dd4515db1b96f44c8b864ece6a066126595369,e677626f7f2b32f4c354e798965af4ebccbc57b60c13186de23a2b97b8a4afeb
sample,sparse_crlf-49,236,1408495,489999,10000,8ca2da968b6788ab2efad270e5dd4515db1b96f44c8b864ece6a066126595369,e677626f7f2b32f4c354e798965af4ebccbc57b60c13186de23a2b97b8a4afeb
sample,sparse_crlf-49,237,1437346,489999,10000,8ca2da968b6788ab2efad270e5dd4515db1b96f44c8b864ece6a066126595369,e677626f7f2b32f4c354e798965af4ebccbc57b60c13186de23a2b97b8a4afeb
sample,sparse_crlf-49,238,1420035,489999,10000,8ca2da968b6788ab2efad270e5dd4515db1b96f44c8b864ece6a066126595369,e677626f7f2b32f4c354e798965af4ebccbc57b60c13186de23a2b97b8a4afeb
sample,sparse_crlf-49,239,1427415,489999,10000,8ca2da968b6788ab2efad270e5dd4515db1b96f44c8b864ece6a066126595369,e677626f7f2b32f4c354e798965af4ebccbc57b60c13186de23a2b97b8a4afeb
sample,sparse_crlf-49,240,1433256,489999,10000,8ca2da968b6788ab2efad270e5dd4515db1b96f44c8b864ece6a066126595369,e677626f7f2b32f4c354e798965af4ebccbc57b60c13186de23a2b97b8a4afeb
sample,sparse_crlf-49,241,1425695,489999,10000,8ca2da968b6788ab2efad270e5dd4515db1b96f44c8b864ece6a066126595369,e677626f7f2b32f4c354e798965af4ebccbc57b60c13186de23a2b97b8a4afeb
sample,sparse_crlf-49,242,1496115,489999,10000,8ca2da968b6788ab2efad270e5dd4515db1b96f44c8b864ece6a066126595369,e677626f7f2b32f4c354e798965af4ebccbc57b60c13186de23a2b97b8a4afeb
sample,sparse_crlf-49,243,1431416,489999,10000,8ca2da968b6788ab2efad270e5dd4515db1b96f44c8b864ece6a066126595369,e677626f7f2b32f4c354e798965af4ebccbc57b60c13186de23a2b97b8a4afeb
sample,sparse_crlf-49,244,1424735,489999,10000,8ca2da968b6788ab2efad270e5dd4515db1b96f44c8b864ece6a066126595369,e677626f7f2b32f4c354e798965af4ebccbc57b60c13186de23a2b97b8a4afeb
sample,sparse_crlf-49,245,1434756,489999,10000,8ca2da968b6788ab2efad270e5dd4515db1b96f44c8b864ece6a066126595369,e677626f7f2b32f4c354e798965af4ebccbc57b60c13186de23a2b97b8a4afeb
sample,sparse_crlf-49,246,1432715,489999,10000,8ca2da968b6788ab2efad270e5dd4515db1b96f44c8b864ece6a066126595369,e677626f7f2b32f4c354e798965af4ebccbc57b60c13186de23a2b97b8a4afeb
sample,sparse_crlf-49,247,1433545,489999,10000,8ca2da968b6788ab2efad270e5dd4515db1b96f44c8b864ece6a066126595369,e677626f7f2b32f4c354e798965af4ebccbc57b60c13186de23a2b97b8a4afeb
sample,sparse_crlf-49,248,1420125,489999,10000,8ca2da968b6788ab2efad270e5dd4515db1b96f44c8b864ece6a066126595369,e677626f7f2b32f4c354e798965af4ebccbc57b60c13186de23a2b97b8a4afeb
sample,sparse_crlf-49,249,1433626,489999,10000,8ca2da968b6788ab2efad270e5dd4515db1b96f44c8b864ece6a066126595369,e677626f7f2b32f4c354e798965af4ebccbc57b60c13186de23a2b97b8a4afeb
sample,sparse_crlf-49,250,1416435,489999,10000,8ca2da968b6788ab2efad270e5dd4515db1b96f44c8b864ece6a066126595369,e677626f7f2b32f4c354e798965af4ebccbc57b60c13186de23a2b97b8a4afeb
sample,sparse_crlf-49,251,1420835,489999,10000,8ca2da968b6788ab2efad270e5dd4515db1b96f44c8b864ece6a066126595369,e677626f7f2b32f4c354e798965af4ebccbc57b60c13186de23a2b97b8a4afeb
sample,sparse_crlf-49,252,1420126,489999,10000,8ca2da968b6788ab2efad270e5dd4515db1b96f44c8b864ece6a066126595369,e677626f7f2b32f4c354e798965af4ebccbc57b60c13186de23a2b97b8a4afeb
sample,sparse_crlf-49,253,1426275,489999,10000,8ca2da968b6788ab2efad270e5dd4515db1b96f44c8b864ece6a066126595369,e677626f7f2b32f4c354e798965af4ebccbc57b60c13186de23a2b97b8a4afeb
sample,sparse_crlf-49,254,1444415,489999,10000,8ca2da968b6788ab2efad270e5dd4515db1b96f44c8b864ece6a066126595369,e677626f7f2b32f4c354e798965af4ebccbc57b60c13186de23a2b97b8a4afeb
sample,sparse_crlf-49,255,1439646,489999,10000,8ca2da968b6788ab2efad270e5dd4515db1b96f44c8b864ece6a066126595369,e677626f7f2b32f4c354e798965af4ebccbc57b60c13186de23a2b97b8a4afeb
sample,sparse_crlf-49,256,1445005,489999,10000,8ca2da968b6788ab2efad270e5dd4515db1b96f44c8b864ece6a066126595369,e677626f7f2b32f4c354e798965af4ebccbc57b60c13186de23a2b97b8a4afeb
sample,sparse_crlf-49,257,1444505,489999,10000,8ca2da968b6788ab2efad270e5dd4515db1b96f44c8b864ece6a066126595369,e677626f7f2b32f4c354e798965af4ebccbc57b60c13186de23a2b97b8a4afeb
sample,sparse_crlf-49,258,1443786,489999,10000,8ca2da968b6788ab2efad270e5dd4515db1b96f44c8b864ece6a066126595369,e677626f7f2b32f4c354e798965af4ebccbc57b60c13186de23a2b97b8a4afeb
sample,sparse_crlf-49,259,1425055,489999,10000,8ca2da968b6788ab2efad270e5dd4515db1b96f44c8b864ece6a066126595369,e677626f7f2b32f4c354e798965af4ebccbc57b60c13186de23a2b97b8a4afeb
sample,sparse_crlf-49,260,1422155,489999,10000,8ca2da968b6788ab2efad270e5dd4515db1b96f44c8b864ece6a066126595369,e677626f7f2b32f4c354e798965af4ebccbc57b60c13186de23a2b97b8a4afeb
sample,sparse_crlf-49,261,1432626,489999,10000,8ca2da968b6788ab2efad270e5dd4515db1b96f44c8b864ece6a066126595369,e677626f7f2b32f4c354e798965af4ebccbc57b60c13186de23a2b97b8a4afeb
sample,sparse_crlf-49,262,1411925,489999,10000,8ca2da968b6788ab2efad270e5dd4515db1b96f44c8b864ece6a066126595369,e677626f7f2b32f4c354e798965af4ebccbc57b60c13186de23a2b97b8a4afeb
sample,sparse_crlf-49,263,1424835,489999,10000,8ca2da968b6788ab2efad270e5dd4515db1b96f44c8b864ece6a066126595369,e677626f7f2b32f4c354e798965af4ebccbc57b60c13186de23a2b97b8a4afeb
sample,sparse_crlf-49,264,1419125,489999,10000,8ca2da968b6788ab2efad270e5dd4515db1b96f44c8b864ece6a066126595369,e677626f7f2b32f4c354e798965af4ebccbc57b60c13186de23a2b97b8a4afeb
sample,sparse_crlf-49,265,1430026,489999,10000,8ca2da968b6788ab2efad270e5dd4515db1b96f44c8b864ece6a066126595369,e677626f7f2b32f4c354e798965af4ebccbc57b60c13186de23a2b97b8a4afeb
sample,sparse_crlf-49,266,1410455,489999,10000,8ca2da968b6788ab2efad270e5dd4515db1b96f44c8b864ece6a066126595369,e677626f7f2b32f4c354e798965af4ebccbc57b60c13186de23a2b97b8a4afeb
sample,sparse_crlf-49,267,1410415,489999,10000,8ca2da968b6788ab2efad270e5dd4515db1b96f44c8b864ece6a066126595369,e677626f7f2b32f4c354e798965af4ebccbc57b60c13186de23a2b97b8a4afeb
sample,sparse_crlf-49,268,1420285,489999,10000,8ca2da968b6788ab2efad270e5dd4515db1b96f44c8b864ece6a066126595369,e677626f7f2b32f4c354e798965af4ebccbc57b60c13186de23a2b97b8a4afeb
sample,sparse_crlf-49,269,1428386,489999,10000,8ca2da968b6788ab2efad270e5dd4515db1b96f44c8b864ece6a066126595369,e677626f7f2b32f4c354e798965af4ebccbc57b60c13186de23a2b97b8a4afeb
sample,sparse_crlf-49,270,1440135,489999,10000,8ca2da968b6788ab2efad270e5dd4515db1b96f44c8b864ece6a066126595369,e677626f7f2b32f4c354e798965af4ebccbc57b60c13186de23a2b97b8a4afeb
sample,sparse_crlf-49,271,1434126,489999,10000,8ca2da968b6788ab2efad270e5dd4515db1b96f44c8b864ece6a066126595369,e677626f7f2b32f4c354e798965af4ebccbc57b60c13186de23a2b97b8a4afeb
sample,sparse_crlf-49,272,1476655,489999,10000,8ca2da968b6788ab2efad270e5dd4515db1b96f44c8b864ece6a066126595369,e677626f7f2b32f4c354e798965af4ebccbc57b60c13186de23a2b97b8a4afeb
sample,sparse_crlf-49,273,1442095,489999,10000,8ca2da968b6788ab2efad270e5dd4515db1b96f44c8b864ece6a066126595369,e677626f7f2b32f4c354e798965af4ebccbc57b60c13186de23a2b97b8a4afeb
sample,sparse_crlf-49,274,1407466,489999,10000,8ca2da968b6788ab2efad270e5dd4515db1b96f44c8b864ece6a066126595369,e677626f7f2b32f4c354e798965af4ebccbc57b60c13186de23a2b97b8a4afeb
sample,sparse_crlf-49,275,1419325,489999,10000,8ca2da968b6788ab2efad270e5dd4515db1b96f44c8b864ece6a066126595369,e677626f7f2b32f4c354e798965af4ebccbc57b60c13186de23a2b97b8a4afeb
sample,sparse_crlf-49,276,1419045,489999,10000,8ca2da968b6788ab2efad270e5dd4515db1b96f44c8b864ece6a066126595369,e677626f7f2b32f4c354e798965af4ebccbc57b60c13186de23a2b97b8a4afeb
sample,sparse_crlf-49,277,1432566,489999,10000,8ca2da968b6788ab2efad270e5dd4515db1b96f44c8b864ece6a066126595369,e677626f7f2b32f4c354e798965af4ebccbc57b60c13186de23a2b97b8a4afeb
sample,sparse_crlf-49,278,1408485,489999,10000,8ca2da968b6788ab2efad270e5dd4515db1b96f44c8b864ece6a066126595369,e677626f7f2b32f4c354e798965af4ebccbc57b60c13186de23a2b97b8a4afeb
sample,sparse_crlf-49,279,1464005,489999,10000,8ca2da968b6788ab2efad270e5dd4515db1b96f44c8b864ece6a066126595369,e677626f7f2b32f4c354e798965af4ebccbc57b60c13186de23a2b97b8a4afeb
sample,sparse_crlf-49,280,1431055,489999,10000,8ca2da968b6788ab2efad270e5dd4515db1b96f44c8b864ece6a066126595369,e677626f7f2b32f4c354e798965af4ebccbc57b60c13186de23a2b97b8a4afeb
sample,sparse_crlf-49,281,1429246,489999,10000,8ca2da968b6788ab2efad270e5dd4515db1b96f44c8b864ece6a066126595369,e677626f7f2b32f4c354e798965af4ebccbc57b60c13186de23a2b97b8a4afeb
sample,sparse_crlf-49,282,1437665,489999,10000,8ca2da968b6788ab2efad270e5dd4515db1b96f44c8b864ece6a066126595369,e677626f7f2b32f4c354e798965af4ebccbc57b60c13186de23a2b97b8a4afeb
sample,sparse_crlf-49,283,1437645,489999,10000,8ca2da968b6788ab2efad270e5dd4515db1b96f44c8b864ece6a066126595369,e677626f7f2b32f4c354e798965af4ebccbc57b60c13186de23a2b97b8a4afeb
sample,sparse_crlf-49,284,1410396,489999,10000,8ca2da968b6788ab2efad270e5dd4515db1b96f44c8b864ece6a066126595369,e677626f7f2b32f4c354e798965af4ebccbc57b60c13186de23a2b97b8a4afeb
sample,sparse_crlf-49,285,1416645,489999,10000,8ca2da968b6788ab2efad270e5dd4515db1b96f44c8b864ece6a066126595369,e677626f7f2b32f4c354e798965af4ebccbc57b60c13186de23a2b97b8a4afeb
sample,sparse_crlf-49,286,1434345,489999,10000,8ca2da968b6788ab2efad270e5dd4515db1b96f44c8b864ece6a066126595369,e677626f7f2b32f4c354e798965af4ebccbc57b60c13186de23a2b97b8a4afeb
sample,sparse_crlf-49,287,1426796,489999,10000,8ca2da968b6788ab2efad270e5dd4515db1b96f44c8b864ece6a066126595369,e677626f7f2b32f4c354e798965af4ebccbc57b60c13186de23a2b97b8a4afeb
sample,sparse_crlf-49,288,1431235,489999,10000,8ca2da968b6788ab2efad270e5dd4515db1b96f44c8b864ece6a066126595369,e677626f7f2b32f4c354e798965af4ebccbc57b60c13186de23a2b97b8a4afeb
sample,sparse_crlf-49,289,1441275,489999,10000,8ca2da968b6788ab2efad270e5dd4515db1b96f44c8b864ece6a066126595369,e677626f7f2b32f4c354e798965af4ebccbc57b60c13186de23a2b97b8a4afeb
sample,sparse_crlf-49,290,1442226,489999,10000,8ca2da968b6788ab2efad270e5dd4515db1b96f44c8b864ece6a066126595369,e677626f7f2b32f4c354e798965af4ebccbc57b60c13186de23a2b97b8a4afeb
sample,sparse_crlf-49,291,1451455,489999,10000,8ca2da968b6788ab2efad270e5dd4515db1b96f44c8b864ece6a066126595369,e677626f7f2b32f4c354e798965af4ebccbc57b60c13186de23a2b97b8a4afeb
sample,sparse_crlf-49,292,1417725,489999,10000,8ca2da968b6788ab2efad270e5dd4515db1b96f44c8b864ece6a066126595369,e677626f7f2b32f4c354e798965af4ebccbc57b60c13186de23a2b97b8a4afeb
sample,sparse_crlf-49,293,1432546,489999,10000,8ca2da968b6788ab2efad270e5dd4515db1b96f44c8b864ece6a066126595369,e677626f7f2b32f4c354e798965af4ebccbc57b60c13186de23a2b97b8a4afeb
sample,sparse_crlf-49,294,1417505,489999,10000,8ca2da968b6788ab2efad270e5dd4515db1b96f44c8b864ece6a066126595369,e677626f7f2b32f4c354e798965af4ebccbc57b60c13186de23a2b97b8a4afeb
sample,sparse_crlf-49,295,1442025,489999,10000,8ca2da968b6788ab2efad270e5dd4515db1b96f44c8b864ece6a066126595369,e677626f7f2b32f4c354e798965af4ebccbc57b60c13186de23a2b97b8a4afeb
sample,sparse_crlf-49,296,1425176,489999,10000,8ca2da968b6788ab2efad270e5dd4515db1b96f44c8b864ece6a066126595369,e677626f7f2b32f4c354e798965af4ebccbc57b60c13186de23a2b97b8a4afeb
sample,sparse_crlf-49,297,1427505,489999,10000,8ca2da968b6788ab2efad270e5dd4515db1b96f44c8b864ece6a066126595369,e677626f7f2b32f4c354e798965af4ebccbc57b60c13186de23a2b97b8a4afeb
sample,sparse_crlf-49,298,1443335,489999,10000,8ca2da968b6788ab2efad270e5dd4515db1b96f44c8b864ece6a066126595369,e677626f7f2b32f4c354e798965af4ebccbc57b60c13186de23a2b97b8a4afeb
sample,sparse_crlf-49,299,1426446,489999,10000,8ca2da968b6788ab2efad270e5dd4515db1b96f44c8b864ece6a066126595369,e677626f7f2b32f4c354e798965af4ebccbc57b60c13186de23a2b97b8a4afeb
sample,sparse_crlf-49,300,1421065,489999,10000,8ca2da968b6788ab2efad270e5dd4515db1b96f44c8b864ece6a066126595369,e677626f7f2b32f4c354e798965af4ebccbc57b60c13186de23a2b97b8a4afeb
sample,sparse_crlf-49,301,1421985,489999,10000,8ca2da968b6788ab2efad270e5dd4515db1b96f44c8b864ece6a066126595369,e677626f7f2b32f4c354e798965af4ebccbc57b60c13186de23a2b97b8a4afeb
sample,sparse_crlf-49,302,1422475,489999,10000,8ca2da968b6788ab2efad270e5dd4515db1b96f44c8b864ece6a066126595369,e677626f7f2b32f4c354e798965af4ebccbc57b60c13186de23a2b97b8a4afeb
sample,sparse_crlf-49,303,1420836,489999,10000,8ca2da968b6788ab2efad270e5dd4515db1b96f44c8b864ece6a066126595369,e677626f7f2b32f4c354e798965af4ebccbc57b60c13186de23a2b97b8a4afeb
sample,sparse_crlf-49,304,1419975,489999,10000,8ca2da968b6788ab2efad270e5dd4515db1b96f44c8b864ece6a066126595369,e677626f7f2b32f4c354e798965af4ebccbc57b60c13186de23a2b97b8a4afeb
sample,sparse_crlf-49,305,1435145,489999,10000,8ca2da968b6788ab2efad270e5dd4515db1b96f44c8b864ece6a066126595369,e677626f7f2b32f4c354e798965af4ebccbc57b60c13186de23a2b97b8a4afeb
sample,sparse_crlf-49,306,1415566,489999,10000,8ca2da968b6788ab2efad270e5dd4515db1b96f44c8b864ece6a066126595369,e677626f7f2b32f4c354e798965af4ebccbc57b60c13186de23a2b97b8a4afeb
sample,sparse_crlf-49,307,1423195,489999,10000,8ca2da968b6788ab2efad270e5dd4515db1b96f44c8b864ece6a066126595369,e677626f7f2b32f4c354e798965af4ebccbc57b60c13186de23a2b97b8a4afeb
sample,sparse_crlf-49,308,1423525,489999,10000,8ca2da968b6788ab2efad270e5dd4515db1b96f44c8b864ece6a066126595369,e677626f7f2b32f4c354e798965af4ebccbc57b60c13186de23a2b97b8a4afeb
sample,sparse_crlf-49,309,1418095,489999,10000,8ca2da968b6788ab2efad270e5dd4515db1b96f44c8b864ece6a066126595369,e677626f7f2b32f4c354e798965af4ebccbc57b60c13186de23a2b97b8a4afeb
sample,sparse_crlf-49,310,1415946,489999,10000,8ca2da968b6788ab2efad270e5dd4515db1b96f44c8b864ece6a066126595369,e677626f7f2b32f4c354e798965af4ebccbc57b60c13186de23a2b97b8a4afeb
sample,sparse_crlf-49,311,1422465,489999,10000,8ca2da968b6788ab2efad270e5dd4515db1b96f44c8b864ece6a066126595369,e677626f7f2b32f4c354e798965af4ebccbc57b60c13186de23a2b97b8a4afeb
sample,sparse_crlf-49,312,1417295,489999,10000,8ca2da968b6788ab2efad270e5dd4515db1b96f44c8b864ece6a066126595369,e677626f7f2b32f4c354e798965af4ebccbc57b60c13186de23a2b97b8a4afeb
sample,sparse_crlf-49,313,1421605,489999,10000,8ca2da968b6788ab2efad270e5dd4515db1b96f44c8b864ece6a066126595369,e677626f7f2b32f4c354e798965af4ebccbc57b60c13186de23a2b97b8a4afeb
sample,sparse_crlf-49,314,1422216,489999,10000,8ca2da968b6788ab2efad270e5dd4515db1b96f44c8b864ece6a066126595369,e677626f7f2b32f4c354e798965af4ebccbc57b60c13186de23a2b97b8a4afeb
sample,sparse_crlf-49,315,1462805,489999,10000,8ca2da968b6788ab2efad270e5dd4515db1b96f44c8b864ece6a066126595369,e677626f7f2b32f4c354e798965af4ebccbc57b60c13186de23a2b97b8a4afeb
sample,sparse_crlf-49,316,1425346,489999,10000,8ca2da968b6788ab2efad270e5dd4515db1b96f44c8b864ece6a066126595369,e677626f7f2b32f4c354e798965af4ebccbc57b60c13186de23a2b97b8a4afeb
sample,sparse_crlf-49,317,1417095,489999,10000,8ca2da968b6788ab2efad270e5dd4515db1b96f44c8b864ece6a066126595369,e677626f7f2b32f4c354e798965af4ebccbc57b60c13186de23a2b97b8a4afeb
sample,sparse_crlf-49,318,1420785,489999,10000,8ca2da968b6788ab2efad270e5dd4515db1b96f44c8b864ece6a066126595369,e677626f7f2b32f4c354e798965af4ebccbc57b60c13186de23a2b97b8a4afeb
sample,sparse_crlf-49,319,1437405,489999,10000,8ca2da968b6788ab2efad270e5dd4515db1b96f44c8b864ece6a066126595369,e677626f7f2b32f4c354e798965af4ebccbc57b60c13186de23a2b97b8a4afeb
sample,sparse_crlf-49,320,1420476,489999,10000,8ca2da968b6788ab2efad270e5dd4515db1b96f44c8b864ece6a066126595369,e677626f7f2b32f4c354e798965af4ebccbc57b60c13186de23a2b97b8a4afeb
sample,sparse_crlf-49,321,1437935,489999,10000,8ca2da968b6788ab2efad270e5dd4515db1b96f44c8b864ece6a066126595369,e677626f7f2b32f4c354e798965af4ebccbc57b60c13186de23a2b97b8a4afeb
sample,sparse_crlf-49,322,1413605,489999,10000,8ca2da968b6788ab2efad270e5dd4515db1b96f44c8b864ece6a066126595369,e677626f7f2b32f4c354e798965af4ebccbc57b60c13186de23a2b97b8a4afeb
sample,sparse_crlf-49,323,1416516,489999,10000,8ca2da968b6788ab2efad270e5dd4515db1b96f44c8b864ece6a066126595369,e677626f7f2b32f4c354e798965af4ebccbc57b60c13186de23a2b97b8a4afeb
sample,sparse_crlf-49,324,1416985,489999,10000,8ca2da968b6788ab2efad270e5dd4515db1b96f44c8b864ece6a066126595369,e677626f7f2b32f4c354e798965af4ebccbc57b60c13186de23a2b97b8a4afeb
sample,sparse_crlf-49,325,1422775,489999,10000,8ca2da968b6788ab2efad270e5dd4515db1b96f44c8b864ece6a066126595369,e677626f7f2b32f4c354e798965af4ebccbc57b60c13186de23a2b97b8a4afeb
sample,sparse_crlf-49,326,1415735,489999,10000,8ca2da968b6788ab2efad270e5dd4515db1b96f44c8b864ece6a066126595369,e677626f7f2b32f4c354e798965af4ebccbc57b60c13186de23a2b97b8a4afeb
sample,sparse_crlf-49,327,1425516,489999,10000,8ca2da968b6788ab2efad270e5dd4515db1b96f44c8b864ece6a066126595369,e677626f7f2b32f4c354e798965af4ebccbc57b60c13186de23a2b97b8a4afeb
sample,sparse_crlf-49,328,1432155,489999,10000,8ca2da968b6788ab2efad270e5dd4515db1b96f44c8b864ece6a066126595369,e677626f7f2b32f4c354e798965af4ebccbc57b60c13186de23a2b97b8a4afeb
sample,sparse_crlf-49,329,1423635,489999,10000,8ca2da968b6788ab2efad270e5dd4515db1b96f44c8b864ece6a066126595369,e677626f7f2b32f4c354e798965af4ebccbc57b60c13186de23a2b97b8a4afeb
sample,sparse_crlf-49,330,1406425,489999,10000,8ca2da968b6788ab2efad270e5dd4515db1b96f44c8b864ece6a066126595369,e677626f7f2b32f4c354e798965af4ebccbc57b60c13186de23a2b97b8a4afeb
sample,sparse_crlf-49,331,1426685,489999,10000,8ca2da968b6788ab2efad270e5dd4515db1b96f44c8b864ece6a066126595369,e677626f7f2b32f4c354e798965af4ebccbc57b60c13186de23a2b97b8a4afeb
sample,sparse_crlf-49,332,1424945,489999,10000,8ca2da968b6788ab2efad270e5dd4515db1b96f44c8b864ece6a066126595369,e677626f7f2b32f4c354e798965af4ebccbc57b60c13186de23a2b97b8a4afeb
sample,sparse_crlf-49,333,1421395,489999,10000,8ca2da968b6788ab2efad270e5dd4515db1b96f44c8b864ece6a066126595369,e677626f7f2b32f4c354e798965af4ebccbc57b60c13186de23a2b97b8a4afeb
sample,sparse_crlf-49,334,1430866,489999,10000,8ca2da968b6788ab2efad270e5dd4515db1b96f44c8b864ece6a066126595369,e677626f7f2b32f4c354e798965af4ebccbc57b60c13186de23a2b97b8a4afeb
sample,sparse_crlf-49,335,1445725,489999,10000,8ca2da968b6788ab2efad270e5dd4515db1b96f44c8b864ece6a066126595369,e677626f7f2b32f4c354e798965af4ebccbc57b60c13186de23a2b97b8a4afeb
sample,sparse_crlf-49,336,1429595,489999,10000,8ca2da968b6788ab2efad270e5dd4515db1b96f44c8b864ece6a066126595369,e677626f7f2b32f4c354e798965af4ebccbc57b60c13186de23a2b97b8a4afeb
sample,sparse_crlf-49,337,1440686,489999,10000,8ca2da968b6788ab2efad270e5dd4515db1b96f44c8b864ece6a066126595369,e677626f7f2b32f4c354e798965af4ebccbc57b60c13186de23a2b97b8a4afeb
sample,sparse_crlf-49,338,1435435,489999,10000,8ca2da968b6788ab2efad270e5dd4515db1b96f44c8b864ece6a066126595369,e677626f7f2b32f4c354e798965af4ebccbc57b60c13186de23a2b97b8a4afeb
sample,sparse_crlf-49,339,1437785,489999,10000,8ca2da968b6788ab2efad270e5dd4515db1b96f44c8b864ece6a066126595369,e677626f7f2b32f4c354e798965af4ebccbc57b60c13186de23a2b97b8a4afeb
sample,sparse_crlf-49,340,1449646,489999,10000,8ca2da968b6788ab2efad270e5dd4515db1b96f44c8b864ece6a066126595369,e677626f7f2b32f4c354e798965af4ebccbc57b60c13186de23a2b97b8a4afeb
sample,sparse_crlf-49,341,1435715,489999,10000,8ca2da968b6788ab2efad270e5dd4515db1b96f44c8b864ece6a066126595369,e677626f7f2b32f4c354e798965af4ebccbc57b60c13186de23a2b97b8a4afeb
sample,sparse_crlf-49,342,1432616,489999,10000,8ca2da968b6788ab2efad270e5dd4515db1b96f44c8b864ece6a066126595369,e677626f7f2b32f4c354e798965af4ebccbc57b60c13186de23a2b97b8a4afeb
sample,sparse_crlf-49,343,1433015,489999,10000,8ca2da968b6788ab2efad270e5dd4515db1b96f44c8b864ece6a066126595369,e677626f7f2b32f4c354e798965af4ebccbc57b60c13186de23a2b97b8a4afeb
sample,sparse_crlf-49,344,1438035,489999,10000,8ca2da968b6788ab2efad270e5dd4515db1b96f44c8b864ece6a066126595369,e677626f7f2b32f4c354e798965af4ebccbc57b60c13186de23a2b97b8a4afeb
sample,sparse_crlf-49,345,1432245,489999,10000,8ca2da968b6788ab2efad270e5dd4515db1b96f44c8b864ece6a066126595369,e677626f7f2b32f4c354e798965af4ebccbc57b60c13186de23a2b97b8a4afeb
sample,sparse_crlf-49,346,1432566,489999,10000,8ca2da968b6788ab2efad270e5dd4515db1b96f44c8b864ece6a066126595369,e677626f7f2b32f4c354e798965af4ebccbc57b60c13186de23a2b97b8a4afeb
sample,sparse_crlf-49,347,1431095,489999,10000,8ca2da968b6788ab2efad270e5dd4515db1b96f44c8b864ece6a066126595369,e677626f7f2b32f4c354e798965af4ebccbc57b60c13186de23a2b97b8a4afeb
sample,sparse_crlf-49,348,1432226,489999,10000,8ca2da968b6788ab2efad270e5dd4515db1b96f44c8b864ece6a066126595369,e677626f7f2b32f4c354e798965af4ebccbc57b60c13186de23a2b97b8a4afeb
sample,sparse_crlf-49,349,1425285,489999,10000,8ca2da968b6788ab2efad270e5dd4515db1b96f44c8b864ece6a066126595369,e677626f7f2b32f4c354e798965af4ebccbc57b60c13186de23a2b97b8a4afeb
sample,sparse_crlf-49,350,1412865,489999,10000,8ca2da968b6788ab2efad270e5dd4515db1b96f44c8b864ece6a066126595369,e677626f7f2b32f4c354e798965af4ebccbc57b60c13186de23a2b97b8a4afeb
sample,sparse_crlf-49,351,1420645,489999,10000,8ca2da968b6788ab2efad270e5dd4515db1b96f44c8b864ece6a066126595369,e677626f7f2b32f4c354e798965af4ebccbc57b60c13186de23a2b97b8a4afeb
sample,sparse_crlf-49,352,1415496,489999,10000,8ca2da968b6788ab2efad270e5dd4515db1b96f44c8b864ece6a066126595369,e677626f7f2b32f4c354e798965af4ebccbc57b60c13186de23a2b97b8a4afeb
sample,sparse_crlf-49,353,1419275,489999,10000,8ca2da968b6788ab2efad270e5dd4515db1b96f44c8b864ece6a066126595369,e677626f7f2b32f4c354e798965af4ebccbc57b60c13186de23a2b97b8a4afeb
sample,sparse_crlf-49,354,1418195,489999,10000,8ca2da968b6788ab2efad270e5dd4515db1b96f44c8b864ece6a066126595369,e677626f7f2b32f4c354e798965af4ebccbc57b60c13186de23a2b97b8a4afeb
sample,sparse_crlf-49,355,1425255,489999,10000,8ca2da968b6788ab2efad270e5dd4515db1b96f44c8b864ece6a066126595369,e677626f7f2b32f4c354e798965af4ebccbc57b60c13186de23a2b97b8a4afeb
sample,sparse_crlf-49,356,1430116,489999,10000,8ca2da968b6788ab2efad270e5dd4515db1b96f44c8b864ece6a066126595369,e677626f7f2b32f4c354e798965af4ebccbc57b60c13186de23a2b97b8a4afeb
sample,sparse_crlf-49,357,1430075,489999,10000,8ca2da968b6788ab2efad270e5dd4515db1b96f44c8b864ece6a066126595369,e677626f7f2b32f4c354e798965af4ebccbc57b60c13186de23a2b97b8a4afeb
sample,sparse_crlf-49,358,1440555,489999,10000,8ca2da968b6788ab2efad270e5dd4515db1b96f44c8b864ece6a066126595369,e677626f7f2b32f4c354e798965af4ebccbc57b60c13186de23a2b97b8a4afeb
sample,sparse_crlf-49,359,1429006,489999,10000,8ca2da968b6788ab2efad270e5dd4515db1b96f44c8b864ece6a066126595369,e677626f7f2b32f4c354e798965af4ebccbc57b60c13186de23a2b97b8a4afeb
sample,sparse_crlf-49,360,1496665,489999,10000,8ca2da968b6788ab2efad270e5dd4515db1b96f44c8b864ece6a066126595369,e677626f7f2b32f4c354e798965af4ebccbc57b60c13186de23a2b97b8a4afeb
sample,sparse_crlf-49,361,1424526,489999,10000,8ca2da968b6788ab2efad270e5dd4515db1b96f44c8b864ece6a066126595369,e677626f7f2b32f4c354e798965af4ebccbc57b60c13186de23a2b97b8a4afeb
sample,sparse_crlf-49,362,1415955,489999,10000,8ca2da968b6788ab2efad270e5dd4515db1b96f44c8b864ece6a066126595369,e677626f7f2b32f4c354e798965af4ebccbc57b60c13186de23a2b97b8a4afeb
sample,sparse_crlf-49,363,1425745,489999,10000,8ca2da968b6788ab2efad270e5dd4515db1b96f44c8b864ece6a066126595369,e677626f7f2b32f4c354e798965af4ebccbc57b60c13186de23a2b97b8a4afeb
sample,sparse_crlf-49,364,1419555,489999,10000,8ca2da968b6788ab2efad270e5dd4515db1b96f44c8b864ece6a066126595369,e677626f7f2b32f4c354e798965af4ebccbc57b60c13186de23a2b97b8a4afeb
sample,sparse_crlf-49,365,1423876,489999,10000,8ca2da968b6788ab2efad270e5dd4515db1b96f44c8b864ece6a066126595369,e677626f7f2b32f4c354e798965af4ebccbc57b60c13186de23a2b97b8a4afeb
sample,sparse_crlf-49,366,1428085,489999,10000,8ca2da968b6788ab2efad270e5dd4515db1b96f44c8b864ece6a066126595369,e677626f7f2b32f4c354e798965af4ebccbc57b60c13186de23a2b97b8a4afeb
sample,sparse_crlf-49,367,1439045,489999,10000,8ca2da968b6788ab2efad270e5dd4515db1b96f44c8b864ece6a066126595369,e677626f7f2b32f4c354e798965af4ebccbc57b60c13186de23a2b97b8a4afeb
sample,sparse_crlf-49,368,1421766,489999,10000,8ca2da968b6788ab2efad270e5dd4515db1b96f44c8b864ece6a066126595369,e677626f7f2b32f4c354e798965af4ebccbc57b60c13186de23a2b97b8a4afeb
sample,sparse_crlf-49,369,1431385,489999,10000,8ca2da968b6788ab2efad270e5dd4515db1b96f44c8b864ece6a066126595369,e677626f7f2b32f4c354e798965af4ebccbc57b60c13186de23a2b97b8a4afeb
sample,sparse_crlf-49,370,1425585,489999,10000,8ca2da968b6788ab2efad270e5dd4515db1b96f44c8b864ece6a066126595369,e677626f7f2b32f4c354e798965af4ebccbc57b60c13186de23a2b97b8a4afeb
sample,sparse_crlf-49,371,1424406,489999,10000,8ca2da968b6788ab2efad270e5dd4515db1b96f44c8b864ece6a066126595369,e677626f7f2b32f4c354e798965af4ebccbc57b60c13186de23a2b97b8a4afeb
sample,sparse_crlf-49,372,1424445,489999,10000,8ca2da968b6788ab2efad270e5dd4515db1b96f44c8b864ece6a066126595369,e677626f7f2b32f4c354e798965af4ebccbc57b60c13186de23a2b97b8a4afeb
sample,sparse_crlf-49,373,1421895,489999,10000,8ca2da968b6788ab2efad270e5dd4515db1b96f44c8b864ece6a066126595369,e677626f7f2b32f4c354e798965af4ebccbc57b60c13186de23a2b97b8a4afeb
sample,sparse_crlf-49,374,1422965,489999,10000,8ca2da968b6788ab2efad270e5dd4515db1b96f44c8b864ece6a066126595369,e677626f7f2b32f4c354e798965af4ebccbc57b60c13186de23a2b97b8a4afeb
sample,sparse_crlf-49,375,1419426,489999,10000,8ca2da968b6788ab2efad270e5dd4515db1b96f44c8b864ece6a066126595369,e677626f7f2b32f4c354e798965af4ebccbc57b60c13186de23a2b97b8a4afeb
sample,sparse_crlf-49,376,1415845,489999,10000,8ca2da968b6788ab2efad270e5dd4515db1b96f44c8b864ece6a066126595369,e677626f7f2b32f4c354e798965af4ebccbc57b60c13186de23a2b97b8a4afeb
sample,sparse_crlf-49,377,1426365,489999,10000,8ca2da968b6788ab2efad270e5dd4515db1b96f44c8b864ece6a066126595369,e677626f7f2b32f4c354e798965af4ebccbc57b60c13186de23a2b97b8a4afeb
sample,sparse_crlf-49,378,1411576,489999,10000,8ca2da968b6788ab2efad270e5dd4515db1b96f44c8b864ece6a066126595369,e677626f7f2b32f4c354e798965af4ebccbc57b60c13186de23a2b97b8a4afeb
sample,sparse_crlf-49,379,1422855,489999,10000,8ca2da968b6788ab2efad270e5dd4515db1b96f44c8b864ece6a066126595369,e677626f7f2b32f4c354e798965af4ebccbc57b60c13186de23a2b97b8a4afeb
sample,sparse_crlf-49,380,1412065,489999,10000,8ca2da968b6788ab2efad270e5dd4515db1b96f44c8b864ece6a066126595369,e677626f7f2b32f4c354e798965af4ebccbc57b60c13186de23a2b97b8a4afeb
sample,sparse_crlf-49,381,1412685,489999,10000,8ca2da968b6788ab2efad270e5dd4515db1b96f44c8b864ece6a066126595369,e677626f7f2b32f4c354e798965af4ebccbc57b60c13186de23a2b97b8a4afeb
sample,sparse_crlf-49,382,1423606,489999,10000,8ca2da968b6788ab2efad270e5dd4515db1b96f44c8b864ece6a066126595369,e677626f7f2b32f4c354e798965af4ebccbc57b60c13186de23a2b97b8a4afeb
sample,sparse_crlf-49,383,1425715,489999,10000,8ca2da968b6788ab2efad270e5dd4515db1b96f44c8b864ece6a066126595369,e677626f7f2b32f4c354e798965af4ebccbc57b60c13186de23a2b97b8a4afeb
sample,sparse_crlf-49,384,1418085,489999,10000,8ca2da968b6788ab2efad270e5dd4515db1b96f44c8b864ece6a066126595369,e677626f7f2b32f4c354e798965af4ebccbc57b60c13186de23a2b97b8a4afeb
sample,sparse_crlf-49,385,1427715,489999,10000,8ca2da968b6788ab2efad270e5dd4515db1b96f44c8b864ece6a066126595369,e677626f7f2b32f4c354e798965af4ebccbc57b60c13186de23a2b97b8a4afeb
sample,sparse_crlf-49,386,1429776,489999,10000,8ca2da968b6788ab2efad270e5dd4515db1b96f44c8b864ece6a066126595369,e677626f7f2b32f4c354e798965af4ebccbc57b60c13186de23a2b97b8a4afeb
sample,sparse_crlf-49,387,1426365,489999,10000,8ca2da968b6788ab2efad270e5dd4515db1b96f44c8b864ece6a066126595369,e677626f7f2b32f4c354e798965af4ebccbc57b60c13186de23a2b97b8a4afeb
sample,sparse_crlf-49,388,1423645,489999,10000,8ca2da968b6788ab2efad270e5dd4515db1b96f44c8b864ece6a066126595369,e677626f7f2b32f4c354e798965af4ebccbc57b60c13186de23a2b97b8a4afeb
sample,sparse_crlf-49,389,1433736,489999,10000,8ca2da968b6788ab2efad270e5dd4515db1b96f44c8b864ece6a066126595369,e677626f7f2b32f4c354e798965af4ebccbc57b60c13186de23a2b97b8a4afeb
sample,sparse_crlf-49,390,1426205,489999,10000,8ca2da968b6788ab2efad270e5dd4515db1b96f44c8b864ece6a066126595369,e677626f7f2b32f4c354e798965af4ebccbc57b60c13186de23a2b97b8a4afeb
sample,sparse_crlf-49,391,1434205,489999,10000,8ca2da968b6788ab2efad270e5dd4515db1b96f44c8b864ece6a066126595369,e677626f7f2b32f4c354e798965af4ebccbc57b60c13186de23a2b97b8a4afeb
sample,sparse_crlf-49,392,1416936,489999,10000,8ca2da968b6788ab2efad270e5dd4515db1b96f44c8b864ece6a066126595369,e677626f7f2b32f4c354e798965af4ebccbc57b60c13186de23a2b97b8a4afeb
sample,sparse_crlf-49,393,1433815,489999,10000,8ca2da968b6788ab2efad270e5dd4515db1b96f44c8b864ece6a066126595369,e677626f7f2b32f4c354e798965af4ebccbc57b60c13186de23a2b97b8a4afeb
sample,sparse_crlf-49,394,1423125,489999,10000,8ca2da968b6788ab2efad270e5dd4515db1b96f44c8b864ece6a066126595369,e677626f7f2b32f4c354e798965af4ebccbc57b60c13186de23a2b97b8a4afeb
sample,sparse_crlf-49,395,1424825,489999,10000,8ca2da968b6788ab2efad270e5dd4515db1b96f44c8b864ece6a066126595369,e677626f7f2b32f4c354e798965af4ebccbc57b60c13186de23a2b97b8a4afeb
sample,sparse_crlf-49,396,1446596,489999,10000,8ca2da968b6788ab2efad270e5dd4515db1b96f44c8b864ece6a066126595369,e677626f7f2b32f4c354e798965af4ebccbc57b60c13186de23a2b97b8a4afeb
sample,sparse_crlf-49,397,1667906,489999,10000,8ca2da968b6788ab2efad270e5dd4515db1b96f44c8b864ece6a066126595369,e677626f7f2b32f4c354e798965af4ebccbc57b60c13186de23a2b97b8a4afeb
sample,sparse_crlf-49,398,1411835,489999,10000,8ca2da968b6788ab2efad270e5dd4515db1b96f44c8b864ece6a066126595369,e677626f7f2b32f4c354e798965af4ebccbc57b60c13186de23a2b97b8a4afeb
sample,sparse_crlf-49,399,1426046,489999,10000,8ca2da968b6788ab2efad270e5dd4515db1b96f44c8b864ece6a066126595369,e677626f7f2b32f4c354e798965af4ebccbc57b60c13186de23a2b97b8a4afeb
sample,sparse_crlf-49,400,1419115,489999,10000,8ca2da968b6788ab2efad270e5dd4515db1b96f44c8b864ece6a066126595369,e677626f7f2b32f4c354e798965af4ebccbc57b60c13186de23a2b97b8a4afeb
sample,sparse_crlf-49,401,1414485,489999,10000,8ca2da968b6788ab2efad270e5dd4515db1b96f44c8b864ece6a066126595369,e677626f7f2b32f4c354e798965af4ebccbc57b60c13186de23a2b97b8a4afeb
sample,sparse_crlf-49,402,1421486,489999,10000,8ca2da968b6788ab2efad270e5dd4515db1b96f44c8b864ece6a066126595369,e677626f7f2b32f4c354e798965af4ebccbc57b60c13186de23a2b97b8a4afeb
sample,sparse_crlf-49,403,1417605,489999,10000,8ca2da968b6788ab2efad270e5dd4515db1b96f44c8b864ece6a066126595369,e677626f7f2b32f4c354e798965af4ebccbc57b60c13186de23a2b97b8a4afeb
sample,sparse_crlf-49,404,1412695,489999,10000,8ca2da968b6788ab2efad270e5dd4515db1b96f44c8b864ece6a066126595369,e677626f7f2b32f4c354e798965af4ebccbc57b60c13186de23a2b97b8a4afeb
sample,sparse_crlf-49,405,1413085,489999,10000,8ca2da968b6788ab2efad270e5dd4515db1b96f44c8b864ece6a066126595369,e677626f7f2b32f4c354e798965af4ebccbc57b60c13186de23a2b97b8a4afeb
sample,sparse_crlf-49,406,1412035,489999,10000,8ca2da968b6788ab2efad270e5dd4515db1b96f44c8b864ece6a066126595369,e677626f7f2b32f4c354e798965af4ebccbc57b60c13186de23a2b97b8a4afeb
sample,sparse_crlf-49,407,1432986,489999,10000,8ca2da968b6788ab2efad270e5dd4515db1b96f44c8b864ece6a066126595369,e677626f7f2b32f4c354e798965af4ebccbc57b60c13186de23a2b97b8a4afeb
sample,sparse_crlf-49,408,1416045,489999,10000,8ca2da968b6788ab2efad270e5dd4515db1b96f44c8b864ece6a066126595369,e677626f7f2b32f4c354e798965af4ebccbc57b60c13186de23a2b97b8a4afeb
sample,sparse_crlf-49,409,1434175,489999,10000,8ca2da968b6788ab2efad270e5dd4515db1b96f44c8b864ece6a066126595369,e677626f7f2b32f4c354e798965af4ebccbc57b60c13186de23a2b97b8a4afeb
sample,sparse_crlf-49,410,1420786,489999,10000,8ca2da968b6788ab2efad270e5dd4515db1b96f44c8b864ece6a066126595369,e677626f7f2b32f4c354e798965af4ebccbc57b60c13186de23a2b97b8a4afeb
sample,sparse_crlf-49,411,1414025,489999,10000,8ca2da968b6788ab2efad270e5dd4515db1b96f44c8b864ece6a066126595369,e677626f7f2b32f4c354e798965af4ebccbc57b60c13186de23a2b97b8a4afeb
sample,sparse_crlf-49,412,1428725,489999,10000,8ca2da968b6788ab2efad270e5dd4515db1b96f44c8b864ece6a066126595369,e677626f7f2b32f4c354e798965af4ebccbc57b60c13186de23a2b97b8a4afeb
sample,sparse_crlf-49,413,1429666,489999,10000,8ca2da968b6788ab2efad270e5dd4515db1b96f44c8b864ece6a066126595369,e677626f7f2b32f4c354e798965af4ebccbc57b60c13186de23a2b97b8a4afeb
sample,sparse_crlf-49,414,1436495,489999,10000,8ca2da968b6788ab2efad270e5dd4515db1b96f44c8b864ece6a066126595369,e677626f7f2b32f4c354e798965af4ebccbc57b60c13186de23a2b97b8a4afeb
sample,sparse_crlf-49,415,1430935,489999,10000,8ca2da968b6788ab2efad270e5dd4515db1b96f44c8b864ece6a066126595369,e677626f7f2b32f4c354e798965af4ebccbc57b60c13186de23a2b97b8a4afeb
sample,sparse_crlf-49,416,1427826,489999,10000,8ca2da968b6788ab2efad270e5dd4515db1b96f44c8b864ece6a066126595369,e677626f7f2b32f4c354e798965af4ebccbc57b60c13186de23a2b97b8a4afeb
sample,sparse_crlf-49,417,1427245,489999,10000,8ca2da968b6788ab2efad270e5dd4515db1b96f44c8b864ece6a066126595369,e677626f7f2b32f4c354e798965af4ebccbc57b60c13186de23a2b97b8a4afeb
sample,sparse_crlf-49,418,1440855,489999,10000,8ca2da968b6788ab2efad270e5dd4515db1b96f44c8b864ece6a066126595369,e677626f7f2b32f4c354e798965af4ebccbc57b60c13186de23a2b97b8a4afeb
sample,sparse_crlf-49,419,1440616,489999,10000,8ca2da968b6788ab2efad270e5dd4515db1b96f44c8b864ece6a066126595369,e677626f7f2b32f4c354e798965af4ebccbc57b60c13186de23a2b97b8a4afeb
sample,sparse_crlf-49,420,1438775,489999,10000,8ca2da968b6788ab2efad270e5dd4515db1b96f44c8b864ece6a066126595369,e677626f7f2b32f4c354e798965af4ebccbc57b60c13186de23a2b97b8a4afeb
sample,sparse_crlf-49,421,1441895,489999,10000,8ca2da968b6788ab2efad270e5dd4515db1b96f44c8b864ece6a066126595369,e677626f7f2b32f4c354e798965af4ebccbc57b60c13186de23a2b97b8a4afeb
sample,sparse_crlf-49,422,1441266,489999,10000,8ca2da968b6788ab2efad270e5dd4515db1b96f44c8b864ece6a066126595369,e677626f7f2b32f4c354e798965af4ebccbc57b60c13186de23a2b97b8a4afeb
sample,sparse_crlf-49,423,1437295,489999,10000,8ca2da968b6788ab2efad270e5dd4515db1b96f44c8b864ece6a066126595369,e677626f7f2b32f4c354e798965af4ebccbc57b60c13186de23a2b97b8a4afeb
sample,sparse_crlf-49,424,1432545,489999,10000,8ca2da968b6788ab2efad270e5dd4515db1b96f44c8b864ece6a066126595369,e677626f7f2b32f4c354e798965af4ebccbc57b60c13186de23a2b97b8a4afeb
sample,sparse_crlf-49,425,1437036,489999,10000,8ca2da968b6788ab2efad270e5dd4515db1b96f44c8b864ece6a066126595369,e677626f7f2b32f4c354e798965af4ebccbc57b60c13186de23a2b97b8a4afeb
sample,sparse_crlf-49,426,1442975,489999,10000,8ca2da968b6788ab2efad270e5dd4515db1b96f44c8b864ece6a066126595369,e677626f7f2b32f4c354e798965af4ebccbc57b60c13186de23a2b97b8a4afeb
sample,sparse_crlf-49,427,1454345,489999,10000,8ca2da968b6788ab2efad270e5dd4515db1b96f44c8b864ece6a066126595369,e677626f7f2b32f4c354e798965af4ebccbc57b60c13186de23a2b97b8a4afeb
sample,sparse_crlf-49,428,1444436,489999,10000,8ca2da968b6788ab2efad270e5dd4515db1b96f44c8b864ece6a066126595369,e677626f7f2b32f4c354e798965af4ebccbc57b60c13186de23a2b97b8a4afeb
sample,sparse_crlf-49,429,1453005,489999,10000,8ca2da968b6788ab2efad270e5dd4515db1b96f44c8b864ece6a066126595369,e677626f7f2b32f4c354e798965af4ebccbc57b60c13186de23a2b97b8a4afeb
sample,sparse_crlf-49,430,1442065,489999,10000,8ca2da968b6788ab2efad270e5dd4515db1b96f44c8b864ece6a066126595369,e677626f7f2b32f4c354e798965af4ebccbc57b60c13186de23a2b97b8a4afeb
sample,sparse_crlf-49,431,1419556,489999,10000,8ca2da968b6788ab2efad270e5dd4515db1b96f44c8b864ece6a066126595369,e677626f7f2b32f4c354e798965af4ebccbc57b60c13186de23a2b97b8a4afeb
sample,sparse_crlf-49,432,1416795,489999,10000,8ca2da968b6788ab2efad270e5dd4515db1b96f44c8b864ece6a066126595369,e677626f7f2b32f4c354e798965af4ebccbc57b60c13186de23a2b97b8a4afeb
sample,sparse_crlf-49,433,1429155,489999,10000,8ca2da968b6788ab2efad270e5dd4515db1b96f44c8b864ece6a066126595369,e677626f7f2b32f4c354e798965af4ebccbc57b60c13186de23a2b97b8a4afeb
sample,sparse_crlf-49,434,1435826,489999,10000,8ca2da968b6788ab2efad270e5dd4515db1b96f44c8b864ece6a066126595369,e677626f7f2b32f4c354e798965af4ebccbc57b60c13186de23a2b97b8a4afeb
sample,sparse_crlf-49,435,1441555,489999,10000,8ca2da968b6788ab2efad270e5dd4515db1b96f44c8b864ece6a066126595369,e677626f7f2b32f4c354e798965af4ebccbc57b60c13186de23a2b97b8a4afeb
sample,sparse_crlf-49,436,1435565,489999,10000,8ca2da968b6788ab2efad270e5dd4515db1b96f44c8b864ece6a066126595369,e677626f7f2b32f4c354e798965af4ebccbc57b60c13186de23a2b97b8a4afeb
sample,sparse_crlf-49,437,1445676,489999,10000,8ca2da968b6788ab2efad270e5dd4515db1b96f44c8b864ece6a066126595369,e677626f7f2b32f4c354e798965af4ebccbc57b60c13186de23a2b97b8a4afeb
sample,sparse_crlf-49,438,1440535,489999,10000,8ca2da968b6788ab2efad270e5dd4515db1b96f44c8b864ece6a066126595369,e677626f7f2b32f4c354e798965af4ebccbc57b60c13186de23a2b97b8a4afeb
sample,sparse_crlf-49,439,1453116,489999,10000,8ca2da968b6788ab2efad270e5dd4515db1b96f44c8b864ece6a066126595369,e677626f7f2b32f4c354e798965af4ebccbc57b60c13186de23a2b97b8a4afeb
sample,sparse_crlf-49,440,1434855,489999,10000,8ca2da968b6788ab2efad270e5dd4515db1b96f44c8b864ece6a066126595369,e677626f7f2b32f4c354e798965af4ebccbc57b60c13186de23a2b97b8a4afeb
sample,sparse_crlf-49,441,1438005,489999,10000,8ca2da968b6788ab2efad270e5dd4515db1b96f44c8b864ece6a066126595369,e677626f7f2b32f4c354e798965af4ebccbc57b60c13186de23a2b97b8a4afeb
sample,sparse_crlf-49,442,1435196,489999,10000,8ca2da968b6788ab2efad270e5dd4515db1b96f44c8b864ece6a066126595369,e677626f7f2b32f4c354e798965af4ebccbc57b60c13186de23a2b97b8a4afeb
sample,sparse_crlf-49,443,1443405,489999,10000,8ca2da968b6788ab2efad270e5dd4515db1b96f44c8b864ece6a066126595369,e677626f7f2b32f4c354e798965af4ebccbc57b60c13186de23a2b97b8a4afeb
sample,sparse_crlf-49,444,1430115,489999,10000,8ca2da968b6788ab2efad270e5dd4515db1b96f44c8b864ece6a066126595369,e677626f7f2b32f4c354e798965af4ebccbc57b60c13186de23a2b97b8a4afeb
sample,sparse_crlf-49,445,1440496,489999,10000,8ca2da968b6788ab2efad270e5dd4515db1b96f44c8b864ece6a066126595369,e677626f7f2b32f4c354e798965af4ebccbc57b60c13186de23a2b97b8a4afeb
sample,sparse_crlf-49,446,1429435,489999,10000,8ca2da968b6788ab2efad270e5dd4515db1b96f44c8b864ece6a066126595369,e677626f7f2b32f4c354e798965af4ebccbc57b60c13186de23a2b97b8a4afeb
sample,sparse_crlf-49,447,1416405,489999,10000,8ca2da968b6788ab2efad270e5dd4515db1b96f44c8b864ece6a066126595369,e677626f7f2b32f4c354e798965af4ebccbc57b60c13186de23a2b97b8a4afeb
sample,sparse_crlf-49,448,1421025,489999,10000,8ca2da968b6788ab2efad270e5dd4515db1b96f44c8b864ece6a066126595369,e677626f7f2b32f4c354e798965af4ebccbc57b60c13186de23a2b97b8a4afeb
sample,sparse_crlf-49,449,1418506,489999,10000,8ca2da968b6788ab2efad270e5dd4515db1b96f44c8b864ece6a066126595369,e677626f7f2b32f4c354e798965af4ebccbc57b60c13186de23a2b97b8a4afeb
sample,sparse_crlf-49,450,1429675,489999,10000,8ca2da968b6788ab2efad270e5dd4515db1b96f44c8b864ece6a066126595369,e677626f7f2b32f4c354e798965af4ebccbc57b60c13186de23a2b97b8a4afeb
sample,sparse_crlf-49,451,1419865,489999,10000,8ca2da968b6788ab2efad270e5dd4515db1b96f44c8b864ece6a066126595369,e677626f7f2b32f4c354e798965af4ebccbc57b60c13186de23a2b97b8a4afeb
sample,sparse_crlf-49,452,1442476,489999,10000,8ca2da968b6788ab2efad270e5dd4515db1b96f44c8b864ece6a066126595369,e677626f7f2b32f4c354e798965af4ebccbc57b60c13186de23a2b97b8a4afeb
sample,sparse_crlf-49,453,1426015,489999,10000,8ca2da968b6788ab2efad270e5dd4515db1b96f44c8b864ece6a066126595369,e677626f7f2b32f4c354e798965af4ebccbc57b60c13186de23a2b97b8a4afeb
sample,sparse_crlf-49,454,1415455,489999,10000,8ca2da968b6788ab2efad270e5dd4515db1b96f44c8b864ece6a066126595369,e677626f7f2b32f4c354e798965af4ebccbc57b60c13186de23a2b97b8a4afeb
sample,sparse_crlf-49,455,1426326,489999,10000,8ca2da968b6788ab2efad270e5dd4515db1b96f44c8b864ece6a066126595369,e677626f7f2b32f4c354e798965af4ebccbc57b60c13186de23a2b97b8a4afeb
sample,sparse_crlf-49,456,1409645,489999,10000,8ca2da968b6788ab2efad270e5dd4515db1b96f44c8b864ece6a066126595369,e677626f7f2b32f4c354e798965af4ebccbc57b60c13186de23a2b97b8a4afeb
sample,sparse_crlf-49,457,1474345,489999,10000,8ca2da968b6788ab2efad270e5dd4515db1b96f44c8b864ece6a066126595369,e677626f7f2b32f4c354e798965af4ebccbc57b60c13186de23a2b97b8a4afeb
sample,sparse_crlf-49,458,1413016,489999,10000,8ca2da968b6788ab2efad270e5dd4515db1b96f44c8b864ece6a066126595369,e677626f7f2b32f4c354e798965af4ebccbc57b60c13186de23a2b97b8a4afeb
sample,sparse_crlf-49,459,1413725,489999,10000,8ca2da968b6788ab2efad270e5dd4515db1b96f44c8b864ece6a066126595369,e677626f7f2b32f4c354e798965af4ebccbc57b60c13186de23a2b97b8a4afeb
sample,sparse_crlf-49,460,1414515,489999,10000,8ca2da968b6788ab2efad270e5dd4515db1b96f44c8b864ece6a066126595369,e677626f7f2b32f4c354e798965af4ebccbc57b60c13186de23a2b97b8a4afeb
sample,sparse_crlf-49,461,1413645,489999,10000,8ca2da968b6788ab2efad270e5dd4515db1b96f44c8b864ece6a066126595369,e677626f7f2b32f4c354e798965af4ebccbc57b60c13186de23a2b97b8a4afeb
sample,sparse_crlf-49,462,1432246,489999,10000,8ca2da968b6788ab2efad270e5dd4515db1b96f44c8b864ece6a066126595369,e677626f7f2b32f4c354e798965af4ebccbc57b60c13186de23a2b97b8a4afeb
sample,sparse_crlf-49,463,1421685,489999,10000,8ca2da968b6788ab2efad270e5dd4515db1b96f44c8b864ece6a066126595369,e677626f7f2b32f4c354e798965af4ebccbc57b60c13186de23a2b97b8a4afeb
sample,sparse_crlf-49,464,1414405,489999,10000,8ca2da968b6788ab2efad270e5dd4515db1b96f44c8b864ece6a066126595369,e677626f7f2b32f4c354e798965af4ebccbc57b60c13186de23a2b97b8a4afeb
sample,sparse_crlf-49,465,1414075,489999,10000,8ca2da968b6788ab2efad270e5dd4515db1b96f44c8b864ece6a066126595369,e677626f7f2b32f4c354e798965af4ebccbc57b60c13186de23a2b97b8a4afeb
sample,sparse_crlf-49,466,1412166,489999,10000,8ca2da968b6788ab2efad270e5dd4515db1b96f44c8b864ece6a066126595369,e677626f7f2b32f4c354e798965af4ebccbc57b60c13186de23a2b97b8a4afeb
sample,sparse_crlf-49,467,1422605,489999,10000,8ca2da968b6788ab2efad270e5dd4515db1b96f44c8b864ece6a066126595369,e677626f7f2b32f4c354e798965af4ebccbc57b60c13186de23a2b97b8a4afeb
sample,sparse_crlf-49,468,1403555,489999,10000,8ca2da968b6788ab2efad270e5dd4515db1b96f44c8b864ece6a066126595369,e677626f7f2b32f4c354e798965af4ebccbc57b60c13186de23a2b97b8a4afeb
sample,sparse_crlf-49,469,1424486,489999,10000,8ca2da968b6788ab2efad270e5dd4515db1b96f44c8b864ece6a066126595369,e677626f7f2b32f4c354e798965af4ebccbc57b60c13186de23a2b97b8a4afeb
sample,sparse_crlf-49,470,1442255,489999,10000,8ca2da968b6788ab2efad270e5dd4515db1b96f44c8b864ece6a066126595369,e677626f7f2b32f4c354e798965af4ebccbc57b60c13186de23a2b97b8a4afeb
sample,sparse_crlf-49,471,1424695,489999,10000,8ca2da968b6788ab2efad270e5dd4515db1b96f44c8b864ece6a066126595369,e677626f7f2b32f4c354e798965af4ebccbc57b60c13186de23a2b97b8a4afeb
sample,sparse_crlf-49,472,1412585,489999,10000,8ca2da968b6788ab2efad270e5dd4515db1b96f44c8b864ece6a066126595369,e677626f7f2b32f4c354e798965af4ebccbc57b60c13186de23a2b97b8a4afeb
sample,sparse_crlf-49,473,1411216,489999,10000,8ca2da968b6788ab2efad270e5dd4515db1b96f44c8b864ece6a066126595369,e677626f7f2b32f4c354e798965af4ebccbc57b60c13186de23a2b97b8a4afeb
sample,sparse_crlf-49,474,1419045,489999,10000,8ca2da968b6788ab2efad270e5dd4515db1b96f44c8b864ece6a066126595369,e677626f7f2b32f4c354e798965af4ebccbc57b60c13186de23a2b97b8a4afeb
sample,sparse_crlf-49,475,1420265,489999,10000,8ca2da968b6788ab2efad270e5dd4515db1b96f44c8b864ece6a066126595369,e677626f7f2b32f4c354e798965af4ebccbc57b60c13186de23a2b97b8a4afeb
sample,sparse_crlf-49,476,1413715,489999,10000,8ca2da968b6788ab2efad270e5dd4515db1b96f44c8b864ece6a066126595369,e677626f7f2b32f4c354e798965af4ebccbc57b60c13186de23a2b97b8a4afeb
sample,sparse_crlf-49,477,1431066,489999,10000,8ca2da968b6788ab2efad270e5dd4515db1b96f44c8b864ece6a066126595369,e677626f7f2b32f4c354e798965af4ebccbc57b60c13186de23a2b97b8a4afeb
sample,sparse_crlf-49,478,1425085,489999,10000,8ca2da968b6788ab2efad270e5dd4515db1b96f44c8b864ece6a066126595369,e677626f7f2b32f4c354e798965af4ebccbc57b60c13186de23a2b97b8a4afeb
sample,sparse_crlf-49,479,1417075,489999,10000,8ca2da968b6788ab2efad270e5dd4515db1b96f44c8b864ece6a066126595369,e677626f7f2b32f4c354e798965af4ebccbc57b60c13186de23a2b97b8a4afeb
sample,sparse_crlf-49,480,1417396,489999,10000,8ca2da968b6788ab2efad270e5dd4515db1b96f44c8b864ece6a066126595369,e677626f7f2b32f4c354e798965af4ebccbc57b60c13186de23a2b97b8a4afeb
sample,sparse_crlf-49,481,1425805,489999,10000,8ca2da968b6788ab2efad270e5dd4515db1b96f44c8b864ece6a066126595369,e677626f7f2b32f4c354e798965af4ebccbc57b60c13186de23a2b97b8a4afeb
sample,sparse_crlf-49,482,1415455,489999,10000,8ca2da968b6788ab2efad270e5dd4515db1b96f44c8b864ece6a066126595369,e677626f7f2b32f4c354e798965af4ebccbc57b60c13186de23a2b97b8a4afeb
sample,sparse_crlf-49,483,1434075,489999,10000,8ca2da968b6788ab2efad270e5dd4515db1b96f44c8b864ece6a066126595369,e677626f7f2b32f4c354e798965af4ebccbc57b60c13186de23a2b97b8a4afeb
sample,sparse_crlf-49,484,1414076,489999,10000,8ca2da968b6788ab2efad270e5dd4515db1b96f44c8b864ece6a066126595369,e677626f7f2b32f4c354e798965af4ebccbc57b60c13186de23a2b97b8a4afeb
sample,sparse_crlf-49,485,1418835,489999,10000,8ca2da968b6788ab2efad270e5dd4515db1b96f44c8b864ece6a066126595369,e677626f7f2b32f4c354e798965af4ebccbc57b60c13186de23a2b97b8a4afeb
sample,sparse_crlf-49,486,1423585,489999,10000,8ca2da968b6788ab2efad270e5dd4515db1b96f44c8b864ece6a066126595369,e677626f7f2b32f4c354e798965af4ebccbc57b60c13186de23a2b97b8a4afeb
sample,sparse_crlf-49,487,1414856,489999,10000,8ca2da968b6788ab2efad270e5dd4515db1b96f44c8b864ece6a066126595369,e677626f7f2b32f4c354e798965af4ebccbc57b60c13186de23a2b97b8a4afeb
sample,sparse_crlf-49,488,1411915,489999,10000,8ca2da968b6788ab2efad270e5dd4515db1b96f44c8b864ece6a066126595369,e677626f7f2b32f4c354e798965af4ebccbc57b60c13186de23a2b97b8a4afeb
sample,sparse_crlf-49,489,1418275,489999,10000,8ca2da968b6788ab2efad270e5dd4515db1b96f44c8b864ece6a066126595369,e677626f7f2b32f4c354e798965af4ebccbc57b60c13186de23a2b97b8a4afeb
sample,sparse_crlf-49,490,1414015,489999,10000,8ca2da968b6788ab2efad270e5dd4515db1b96f44c8b864ece6a066126595369,e677626f7f2b32f4c354e798965af4ebccbc57b60c13186de23a2b97b8a4afeb
sample,sparse_crlf-49,491,1425216,489999,10000,8ca2da968b6788ab2efad270e5dd4515db1b96f44c8b864ece6a066126595369,e677626f7f2b32f4c354e798965af4ebccbc57b60c13186de23a2b97b8a4afeb
sample,sparse_crlf-49,492,1420755,489999,10000,8ca2da968b6788ab2efad270e5dd4515db1b96f44c8b864ece6a066126595369,e677626f7f2b32f4c354e798965af4ebccbc57b60c13186de23a2b97b8a4afeb
sample,sparse_crlf-49,493,1432355,489999,10000,8ca2da968b6788ab2efad270e5dd4515db1b96f44c8b864ece6a066126595369,e677626f7f2b32f4c354e798965af4ebccbc57b60c13186de23a2b97b8a4afeb
sample,sparse_crlf-49,494,1426185,489999,10000,8ca2da968b6788ab2efad270e5dd4515db1b96f44c8b864ece6a066126595369,e677626f7f2b32f4c354e798965af4ebccbc57b60c13186de23a2b97b8a4afeb
sample,sparse_crlf-49,495,1417196,489999,10000,8ca2da968b6788ab2efad270e5dd4515db1b96f44c8b864ece6a066126595369,e677626f7f2b32f4c354e798965af4ebccbc57b60c13186de23a2b97b8a4afeb
sample,sparse_crlf-49,496,1419895,489999,10000,8ca2da968b6788ab2efad270e5dd4515db1b96f44c8b864ece6a066126595369,e677626f7f2b32f4c354e798965af4ebccbc57b60c13186de23a2b97b8a4afeb
sample,sparse_crlf-49,497,1429695,489999,10000,8ca2da968b6788ab2efad270e5dd4515db1b96f44c8b864ece6a066126595369,e677626f7f2b32f4c354e798965af4ebccbc57b60c13186de23a2b97b8a4afeb
sample,sparse_crlf-49,498,1427976,489999,10000,8ca2da968b6788ab2efad270e5dd4515db1b96f44c8b864ece6a066126595369,e677626f7f2b32f4c354e798965af4ebccbc57b60c13186de23a2b97b8a4afeb
sample,sparse_crlf-49,499,1421705,489999,10000,8ca2da968b6788ab2efad270e5dd4515db1b96f44c8b864ece6a066126595369,e677626f7f2b32f4c354e798965af4ebccbc57b60c13186de23a2b97b8a4afeb
sample,dense_crlf-1024,0,1678586,256499,500,3ad915702f8927321f50e4db42a4d0b3acc0b7d7299945a087ea3b68db3db73e,887ca114a3e64d1f43d437b0cb11becab0d597f02a01acc91bea07a62bf786b9
sample,dense_crlf-1024,1,1672516,256499,500,3ad915702f8927321f50e4db42a4d0b3acc0b7d7299945a087ea3b68db3db73e,887ca114a3e64d1f43d437b0cb11becab0d597f02a01acc91bea07a62bf786b9
sample,dense_crlf-1024,2,1721997,256499,500,3ad915702f8927321f50e4db42a4d0b3acc0b7d7299945a087ea3b68db3db73e,887ca114a3e64d1f43d437b0cb11becab0d597f02a01acc91bea07a62bf786b9
sample,dense_crlf-1024,3,1676566,256499,500,3ad915702f8927321f50e4db42a4d0b3acc0b7d7299945a087ea3b68db3db73e,887ca114a3e64d1f43d437b0cb11becab0d597f02a01acc91bea07a62bf786b9
sample,dense_crlf-1024,4,1679396,256499,500,3ad915702f8927321f50e4db42a4d0b3acc0b7d7299945a087ea3b68db3db73e,887ca114a3e64d1f43d437b0cb11becab0d597f02a01acc91bea07a62bf786b9
sample,dense_crlf-1024,5,1673337,256499,500,3ad915702f8927321f50e4db42a4d0b3acc0b7d7299945a087ea3b68db3db73e,887ca114a3e64d1f43d437b0cb11becab0d597f02a01acc91bea07a62bf786b9
sample,dense_crlf-1024,6,1676186,256499,500,3ad915702f8927321f50e4db42a4d0b3acc0b7d7299945a087ea3b68db3db73e,887ca114a3e64d1f43d437b0cb11becab0d597f02a01acc91bea07a62bf786b9
sample,dense_crlf-1024,7,1678016,256499,500,3ad915702f8927321f50e4db42a4d0b3acc0b7d7299945a087ea3b68db3db73e,887ca114a3e64d1f43d437b0cb11becab0d597f02a01acc91bea07a62bf786b9
sample,dense_crlf-1024,8,1670996,256499,500,3ad915702f8927321f50e4db42a4d0b3acc0b7d7299945a087ea3b68db3db73e,887ca114a3e64d1f43d437b0cb11becab0d597f02a01acc91bea07a62bf786b9
sample,dense_crlf-1024,9,1679536,256499,500,3ad915702f8927321f50e4db42a4d0b3acc0b7d7299945a087ea3b68db3db73e,887ca114a3e64d1f43d437b0cb11becab0d597f02a01acc91bea07a62bf786b9
sample,dense_crlf-1024,10,1676177,256499,500,3ad915702f8927321f50e4db42a4d0b3acc0b7d7299945a087ea3b68db3db73e,887ca114a3e64d1f43d437b0cb11becab0d597f02a01acc91bea07a62bf786b9
sample,dense_crlf-1024,11,1676116,256499,500,3ad915702f8927321f50e4db42a4d0b3acc0b7d7299945a087ea3b68db3db73e,887ca114a3e64d1f43d437b0cb11becab0d597f02a01acc91bea07a62bf786b9
sample,dense_crlf-1024,12,1675936,256499,500,3ad915702f8927321f50e4db42a4d0b3acc0b7d7299945a087ea3b68db3db73e,887ca114a3e64d1f43d437b0cb11becab0d597f02a01acc91bea07a62bf786b9
sample,dense_crlf-1024,13,1680986,256499,500,3ad915702f8927321f50e4db42a4d0b3acc0b7d7299945a087ea3b68db3db73e,887ca114a3e64d1f43d437b0cb11becab0d597f02a01acc91bea07a62bf786b9
sample,dense_crlf-1024,14,1677376,256499,500,3ad915702f8927321f50e4db42a4d0b3acc0b7d7299945a087ea3b68db3db73e,887ca114a3e64d1f43d437b0cb11becab0d597f02a01acc91bea07a62bf786b9
sample,dense_crlf-1024,15,1721526,256499,500,3ad915702f8927321f50e4db42a4d0b3acc0b7d7299945a087ea3b68db3db73e,887ca114a3e64d1f43d437b0cb11becab0d597f02a01acc91bea07a62bf786b9
sample,dense_crlf-1024,16,1681746,256499,500,3ad915702f8927321f50e4db42a4d0b3acc0b7d7299945a087ea3b68db3db73e,887ca114a3e64d1f43d437b0cb11becab0d597f02a01acc91bea07a62bf786b9
sample,dense_crlf-1024,17,1669176,256499,500,3ad915702f8927321f50e4db42a4d0b3acc0b7d7299945a087ea3b68db3db73e,887ca114a3e64d1f43d437b0cb11becab0d597f02a01acc91bea07a62bf786b9
sample,dense_crlf-1024,18,1680767,256499,500,3ad915702f8927321f50e4db42a4d0b3acc0b7d7299945a087ea3b68db3db73e,887ca114a3e64d1f43d437b0cb11becab0d597f02a01acc91bea07a62bf786b9
sample,dense_crlf-1024,19,1677156,256499,500,3ad915702f8927321f50e4db42a4d0b3acc0b7d7299945a087ea3b68db3db73e,887ca114a3e64d1f43d437b0cb11becab0d597f02a01acc91bea07a62bf786b9
sample,dense_crlf-1024,20,1669726,256499,500,3ad915702f8927321f50e4db42a4d0b3acc0b7d7299945a087ea3b68db3db73e,887ca114a3e64d1f43d437b0cb11becab0d597f02a01acc91bea07a62bf786b9
sample,dense_crlf-1024,21,1687536,256499,500,3ad915702f8927321f50e4db42a4d0b3acc0b7d7299945a087ea3b68db3db73e,887ca114a3e64d1f43d437b0cb11becab0d597f02a01acc91bea07a62bf786b9
sample,dense_crlf-1024,22,1675587,256499,500,3ad915702f8927321f50e4db42a4d0b3acc0b7d7299945a087ea3b68db3db73e,887ca114a3e64d1f43d437b0cb11becab0d597f02a01acc91bea07a62bf786b9
sample,dense_crlf-1024,23,1678306,256499,500,3ad915702f8927321f50e4db42a4d0b3acc0b7d7299945a087ea3b68db3db73e,887ca114a3e64d1f43d437b0cb11becab0d597f02a01acc91bea07a62bf786b9
sample,dense_crlf-1024,24,1674756,256499,500,3ad915702f8927321f50e4db42a4d0b3acc0b7d7299945a087ea3b68db3db73e,887ca114a3e64d1f43d437b0cb11becab0d597f02a01acc91bea07a62bf786b9
sample,dense_crlf-1024,25,1673626,256499,500,3ad915702f8927321f50e4db42a4d0b3acc0b7d7299945a087ea3b68db3db73e,887ca114a3e64d1f43d437b0cb11becab0d597f02a01acc91bea07a62bf786b9
sample,dense_crlf-1024,26,1679837,256499,500,3ad915702f8927321f50e4db42a4d0b3acc0b7d7299945a087ea3b68db3db73e,887ca114a3e64d1f43d437b0cb11becab0d597f02a01acc91bea07a62bf786b9
sample,dense_crlf-1024,27,1670816,256499,500,3ad915702f8927321f50e4db42a4d0b3acc0b7d7299945a087ea3b68db3db73e,887ca114a3e64d1f43d437b0cb11becab0d597f02a01acc91bea07a62bf786b9
sample,dense_crlf-1024,28,1680946,256499,500,3ad915702f8927321f50e4db42a4d0b3acc0b7d7299945a087ea3b68db3db73e,887ca114a3e64d1f43d437b0cb11becab0d597f02a01acc91bea07a62bf786b9
sample,dense_crlf-1024,29,1676996,256499,500,3ad915702f8927321f50e4db42a4d0b3acc0b7d7299945a087ea3b68db3db73e,887ca114a3e64d1f43d437b0cb11becab0d597f02a01acc91bea07a62bf786b9
sample,dense_crlf-1024,30,1672766,256499,500,3ad915702f8927321f50e4db42a4d0b3acc0b7d7299945a087ea3b68db3db73e,887ca114a3e64d1f43d437b0cb11becab0d597f02a01acc91bea07a62bf786b9
sample,dense_crlf-1024,31,1676617,256499,500,3ad915702f8927321f50e4db42a4d0b3acc0b7d7299945a087ea3b68db3db73e,887ca114a3e64d1f43d437b0cb11becab0d597f02a01acc91bea07a62bf786b9
sample,dense_crlf-1024,32,1675786,256499,500,3ad915702f8927321f50e4db42a4d0b3acc0b7d7299945a087ea3b68db3db73e,887ca114a3e64d1f43d437b0cb11becab0d597f02a01acc91bea07a62bf786b9
sample,dense_crlf-1024,33,1675186,256499,500,3ad915702f8927321f50e4db42a4d0b3acc0b7d7299945a087ea3b68db3db73e,887ca114a3e64d1f43d437b0cb11becab0d597f02a01acc91bea07a62bf786b9
sample,dense_crlf-1024,34,1675766,256499,500,3ad915702f8927321f50e4db42a4d0b3acc0b7d7299945a087ea3b68db3db73e,887ca114a3e64d1f43d437b0cb11becab0d597f02a01acc91bea07a62bf786b9
sample,dense_crlf-1024,35,1683257,256499,500,3ad915702f8927321f50e4db42a4d0b3acc0b7d7299945a087ea3b68db3db73e,887ca114a3e64d1f43d437b0cb11becab0d597f02a01acc91bea07a62bf786b9
sample,dense_crlf-1024,36,1673376,256499,500,3ad915702f8927321f50e4db42a4d0b3acc0b7d7299945a087ea3b68db3db73e,887ca114a3e64d1f43d437b0cb11becab0d597f02a01acc91bea07a62bf786b9
sample,dense_crlf-1024,37,1679436,256499,500,3ad915702f8927321f50e4db42a4d0b3acc0b7d7299945a087ea3b68db3db73e,887ca114a3e64d1f43d437b0cb11becab0d597f02a01acc91bea07a62bf786b9
sample,dense_crlf-1024,38,1683016,256499,500,3ad915702f8927321f50e4db42a4d0b3acc0b7d7299945a087ea3b68db3db73e,887ca114a3e64d1f43d437b0cb11becab0d597f02a01acc91bea07a62bf786b9
sample,dense_crlf-1024,39,1671146,256499,500,3ad915702f8927321f50e4db42a4d0b3acc0b7d7299945a087ea3b68db3db73e,887ca114a3e64d1f43d437b0cb11becab0d597f02a01acc91bea07a62bf786b9
sample,dense_crlf-1024,40,1683237,256499,500,3ad915702f8927321f50e4db42a4d0b3acc0b7d7299945a087ea3b68db3db73e,887ca114a3e64d1f43d437b0cb11becab0d597f02a01acc91bea07a62bf786b9
sample,dense_crlf-1024,41,1679776,256499,500,3ad915702f8927321f50e4db42a4d0b3acc0b7d7299945a087ea3b68db3db73e,887ca114a3e64d1f43d437b0cb11becab0d597f02a01acc91bea07a62bf786b9
sample,dense_crlf-1024,42,1674186,256499,500,3ad915702f8927321f50e4db42a4d0b3acc0b7d7299945a087ea3b68db3db73e,887ca114a3e64d1f43d437b0cb11becab0d597f02a01acc91bea07a62bf786b9
sample,dense_crlf-1024,43,1678446,256499,500,3ad915702f8927321f50e4db42a4d0b3acc0b7d7299945a087ea3b68db3db73e,887ca114a3e64d1f43d437b0cb11becab0d597f02a01acc91bea07a62bf786b9
sample,dense_crlf-1024,44,1676787,256499,500,3ad915702f8927321f50e4db42a4d0b3acc0b7d7299945a087ea3b68db3db73e,887ca114a3e64d1f43d437b0cb11becab0d597f02a01acc91bea07a62bf786b9
sample,dense_crlf-1024,45,1676146,256499,500,3ad915702f8927321f50e4db42a4d0b3acc0b7d7299945a087ea3b68db3db73e,887ca114a3e64d1f43d437b0cb11becab0d597f02a01acc91bea07a62bf786b9
sample,dense_crlf-1024,46,1675826,256499,500,3ad915702f8927321f50e4db42a4d0b3acc0b7d7299945a087ea3b68db3db73e,887ca114a3e64d1f43d437b0cb11becab0d597f02a01acc91bea07a62bf786b9
sample,dense_crlf-1024,47,1681326,256499,500,3ad915702f8927321f50e4db42a4d0b3acc0b7d7299945a087ea3b68db3db73e,887ca114a3e64d1f43d437b0cb11becab0d597f02a01acc91bea07a62bf786b9
sample,dense_crlf-1024,48,1680737,256499,500,3ad915702f8927321f50e4db42a4d0b3acc0b7d7299945a087ea3b68db3db73e,887ca114a3e64d1f43d437b0cb11becab0d597f02a01acc91bea07a62bf786b9
sample,dense_crlf-1024,49,1676546,256499,500,3ad915702f8927321f50e4db42a4d0b3acc0b7d7299945a087ea3b68db3db73e,887ca114a3e64d1f43d437b0cb11becab0d597f02a01acc91bea07a62bf786b9
sample,dense_crlf-1024,50,1678436,256499,500,3ad915702f8927321f50e4db42a4d0b3acc0b7d7299945a087ea3b68db3db73e,887ca114a3e64d1f43d437b0cb11becab0d597f02a01acc91bea07a62bf786b9
sample,dense_crlf-1024,51,1685356,256499,500,3ad915702f8927321f50e4db42a4d0b3acc0b7d7299945a087ea3b68db3db73e,887ca114a3e64d1f43d437b0cb11becab0d597f02a01acc91bea07a62bf786b9
sample,dense_crlf-1024,52,1676277,256499,500,3ad915702f8927321f50e4db42a4d0b3acc0b7d7299945a087ea3b68db3db73e,887ca114a3e64d1f43d437b0cb11becab0d597f02a01acc91bea07a62bf786b9
sample,dense_crlf-1024,53,1678726,256499,500,3ad915702f8927321f50e4db42a4d0b3acc0b7d7299945a087ea3b68db3db73e,887ca114a3e64d1f43d437b0cb11becab0d597f02a01acc91bea07a62bf786b9
sample,dense_crlf-1024,54,1681766,256499,500,3ad915702f8927321f50e4db42a4d0b3acc0b7d7299945a087ea3b68db3db73e,887ca114a3e64d1f43d437b0cb11becab0d597f02a01acc91bea07a62bf786b9
sample,dense_crlf-1024,55,1668566,256499,500,3ad915702f8927321f50e4db42a4d0b3acc0b7d7299945a087ea3b68db3db73e,887ca114a3e64d1f43d437b0cb11becab0d597f02a01acc91bea07a62bf786b9
sample,dense_crlf-1024,56,1682886,256499,500,3ad915702f8927321f50e4db42a4d0b3acc0b7d7299945a087ea3b68db3db73e,887ca114a3e64d1f43d437b0cb11becab0d597f02a01acc91bea07a62bf786b9
sample,dense_crlf-1024,57,1677787,256499,500,3ad915702f8927321f50e4db42a4d0b3acc0b7d7299945a087ea3b68db3db73e,887ca114a3e64d1f43d437b0cb11becab0d597f02a01acc91bea07a62bf786b9
sample,dense_crlf-1024,58,1671346,256499,500,3ad915702f8927321f50e4db42a4d0b3acc0b7d7299945a087ea3b68db3db73e,887ca114a3e64d1f43d437b0cb11becab0d597f02a01acc91bea07a62bf786b9
sample,dense_crlf-1024,59,1736116,256499,500,3ad915702f8927321f50e4db42a4d0b3acc0b7d7299945a087ea3b68db3db73e,887ca114a3e64d1f43d437b0cb11becab0d597f02a01acc91bea07a62bf786b9
sample,dense_crlf-1024,60,1678577,256499,500,3ad915702f8927321f50e4db42a4d0b3acc0b7d7299945a087ea3b68db3db73e,887ca114a3e64d1f43d437b0cb11becab0d597f02a01acc91bea07a62bf786b9
sample,dense_crlf-1024,61,1675096,256499,500,3ad915702f8927321f50e4db42a4d0b3acc0b7d7299945a087ea3b68db3db73e,887ca114a3e64d1f43d437b0cb11becab0d597f02a01acc91bea07a62bf786b9
sample,dense_crlf-1024,62,1675266,256499,500,3ad915702f8927321f50e4db42a4d0b3acc0b7d7299945a087ea3b68db3db73e,887ca114a3e64d1f43d437b0cb11becab0d597f02a01acc91bea07a62bf786b9
sample,dense_crlf-1024,63,1677836,256499,500,3ad915702f8927321f50e4db42a4d0b3acc0b7d7299945a087ea3b68db3db73e,887ca114a3e64d1f43d437b0cb11becab0d597f02a01acc91bea07a62bf786b9
sample,dense_crlf-1024,64,1674137,256499,500,3ad915702f8927321f50e4db42a4d0b3acc0b7d7299945a087ea3b68db3db73e,887ca114a3e64d1f43d437b0cb11becab0d597f02a01acc91bea07a62bf786b9
sample,dense_crlf-1024,65,1676656,256499,500,3ad915702f8927321f50e4db42a4d0b3acc0b7d7299945a087ea3b68db3db73e,887ca114a3e64d1f43d437b0cb11becab0d597f02a01acc91bea07a62bf786b9
sample,dense_crlf-1024,66,1679746,256499,500,3ad915702f8927321f50e4db42a4d0b3acc0b7d7299945a087ea3b68db3db73e,887ca114a3e64d1f43d437b0cb11becab0d597f02a01acc91bea07a62bf786b9
sample,dense_crlf-1024,67,1668446,256499,500,3ad915702f8927321f50e4db42a4d0b3acc0b7d7299945a087ea3b68db3db73e,887ca114a3e64d1f43d437b0cb11becab0d597f02a01acc91bea07a62bf786b9
sample,dense_crlf-1024,68,1676916,256499,500,3ad915702f8927321f50e4db42a4d0b3acc0b7d7299945a087ea3b68db3db73e,887ca114a3e64d1f43d437b0cb11becab0d597f02a01acc91bea07a62bf786b9
sample,dense_crlf-1024,69,1673087,256499,500,3ad915702f8927321f50e4db42a4d0b3acc0b7d7299945a087ea3b68db3db73e,887ca114a3e64d1f43d437b0cb11becab0d597f02a01acc91bea07a62bf786b9
sample,dense_crlf-1024,70,1675336,256499,500,3ad915702f8927321f50e4db42a4d0b3acc0b7d7299945a087ea3b68db3db73e,887ca114a3e64d1f43d437b0cb11becab0d597f02a01acc91bea07a62bf786b9
sample,dense_crlf-1024,71,1673676,256499,500,3ad915702f8927321f50e4db42a4d0b3acc0b7d7299945a087ea3b68db3db73e,887ca114a3e64d1f43d437b0cb11becab0d597f02a01acc91bea07a62bf786b9
sample,dense_crlf-1024,72,1676596,256499,500,3ad915702f8927321f50e4db42a4d0b3acc0b7d7299945a087ea3b68db3db73e,887ca114a3e64d1f43d437b0cb11becab0d597f02a01acc91bea07a62bf786b9
sample,dense_crlf-1024,73,1678927,256499,500,3ad915702f8927321f50e4db42a4d0b3acc0b7d7299945a087ea3b68db3db73e,887ca114a3e64d1f43d437b0cb11becab0d597f02a01acc91bea07a62bf786b9
sample,dense_crlf-1024,74,1669476,256499,500,3ad915702f8927321f50e4db42a4d0b3acc0b7d7299945a087ea3b68db3db73e,887ca114a3e64d1f43d437b0cb11becab0d597f02a01acc91bea07a62bf786b9
sample,dense_crlf-1024,75,1675916,256499,500,3ad915702f8927321f50e4db42a4d0b3acc0b7d7299945a087ea3b68db3db73e,887ca114a3e64d1f43d437b0cb11becab0d597f02a01acc91bea07a62bf786b9
sample,dense_crlf-1024,76,1678436,256499,500,3ad915702f8927321f50e4db42a4d0b3acc0b7d7299945a087ea3b68db3db73e,887ca114a3e64d1f43d437b0cb11becab0d597f02a01acc91bea07a62bf786b9
sample,dense_crlf-1024,77,1671086,256499,500,3ad915702f8927321f50e4db42a4d0b3acc0b7d7299945a087ea3b68db3db73e,887ca114a3e64d1f43d437b0cb11becab0d597f02a01acc91bea07a62bf786b9
sample,dense_crlf-1024,78,1678157,256499,500,3ad915702f8927321f50e4db42a4d0b3acc0b7d7299945a087ea3b68db3db73e,887ca114a3e64d1f43d437b0cb11becab0d597f02a01acc91bea07a62bf786b9
sample,dense_crlf-1024,79,1676196,256499,500,3ad915702f8927321f50e4db42a4d0b3acc0b7d7299945a087ea3b68db3db73e,887ca114a3e64d1f43d437b0cb11becab0d597f02a01acc91bea07a62bf786b9
sample,dense_crlf-1024,80,1673296,256499,500,3ad915702f8927321f50e4db42a4d0b3acc0b7d7299945a087ea3b68db3db73e,887ca114a3e64d1f43d437b0cb11becab0d597f02a01acc91bea07a62bf786b9
sample,dense_crlf-1024,81,1676346,256499,500,3ad915702f8927321f50e4db42a4d0b3acc0b7d7299945a087ea3b68db3db73e,887ca114a3e64d1f43d437b0cb11becab0d597f02a01acc91bea07a62bf786b9
sample,dense_crlf-1024,82,1676087,256499,500,3ad915702f8927321f50e4db42a4d0b3acc0b7d7299945a087ea3b68db3db73e,887ca114a3e64d1f43d437b0cb11becab0d597f02a01acc91bea07a62bf786b9
sample,dense_crlf-1024,83,1677476,256499,500,3ad915702f8927321f50e4db42a4d0b3acc0b7d7299945a087ea3b68db3db73e,887ca114a3e64d1f43d437b0cb11becab0d597f02a01acc91bea07a62bf786b9
sample,dense_crlf-1024,84,1673136,256499,500,3ad915702f8927321f50e4db42a4d0b3acc0b7d7299945a087ea3b68db3db73e,887ca114a3e64d1f43d437b0cb11becab0d597f02a01acc91bea07a62bf786b9
sample,dense_crlf-1024,85,1680326,256499,500,3ad915702f8927321f50e4db42a4d0b3acc0b7d7299945a087ea3b68db3db73e,887ca114a3e64d1f43d437b0cb11becab0d597f02a01acc91bea07a62bf786b9
sample,dense_crlf-1024,86,1670367,256499,500,3ad915702f8927321f50e4db42a4d0b3acc0b7d7299945a087ea3b68db3db73e,887ca114a3e64d1f43d437b0cb11becab0d597f02a01acc91bea07a62bf786b9
sample,dense_crlf-1024,87,1680406,256499,500,3ad915702f8927321f50e4db42a4d0b3acc0b7d7299945a087ea3b68db3db73e,887ca114a3e64d1f43d437b0cb11becab0d597f02a01acc91bea07a62bf786b9
sample,dense_crlf-1024,88,1673516,256499,500,3ad915702f8927321f50e4db42a4d0b3acc0b7d7299945a087ea3b68db3db73e,887ca114a3e64d1f43d437b0cb11becab0d597f02a01acc91bea07a62bf786b9
sample,dense_crlf-1024,89,1668976,256499,500,3ad915702f8927321f50e4db42a4d0b3acc0b7d7299945a087ea3b68db3db73e,887ca114a3e64d1f43d437b0cb11becab0d597f02a01acc91bea07a62bf786b9
sample,dense_crlf-1024,90,1681796,256499,500,3ad915702f8927321f50e4db42a4d0b3acc0b7d7299945a087ea3b68db3db73e,887ca114a3e64d1f43d437b0cb11becab0d597f02a01acc91bea07a62bf786b9
sample,dense_crlf-1024,91,1677037,256499,500,3ad915702f8927321f50e4db42a4d0b3acc0b7d7299945a087ea3b68db3db73e,887ca114a3e64d1f43d437b0cb11becab0d597f02a01acc91bea07a62bf786b9
sample,dense_crlf-1024,92,1675456,256499,500,3ad915702f8927321f50e4db42a4d0b3acc0b7d7299945a087ea3b68db3db73e,887ca114a3e64d1f43d437b0cb11becab0d597f02a01acc91bea07a62bf786b9
sample,dense_crlf-1024,93,1674456,256499,500,3ad915702f8927321f50e4db42a4d0b3acc0b7d7299945a087ea3b68db3db73e,887ca114a3e64d1f43d437b0cb11becab0d597f02a01acc91bea07a62bf786b9
sample,dense_crlf-1024,94,1674386,256499,500,3ad915702f8927321f50e4db42a4d0b3acc0b7d7299945a087ea3b68db3db73e,887ca114a3e64d1f43d437b0cb11becab0d597f02a01acc91bea07a62bf786b9
sample,dense_crlf-1024,95,1673427,256499,500,3ad915702f8927321f50e4db42a4d0b3acc0b7d7299945a087ea3b68db3db73e,887ca114a3e64d1f43d437b0cb11becab0d597f02a01acc91bea07a62bf786b9
sample,dense_crlf-1024,96,1676896,256499,500,3ad915702f8927321f50e4db42a4d0b3acc0b7d7299945a087ea3b68db3db73e,887ca114a3e64d1f43d437b0cb11becab0d597f02a01acc91bea07a62bf786b9
sample,dense_crlf-1024,97,1681226,256499,500,3ad915702f8927321f50e4db42a4d0b3acc0b7d7299945a087ea3b68db3db73e,887ca114a3e64d1f43d437b0cb11becab0d597f02a01acc91bea07a62bf786b9
sample,dense_crlf-1024,98,1679546,256499,500,3ad915702f8927321f50e4db42a4d0b3acc0b7d7299945a087ea3b68db3db73e,887ca114a3e64d1f43d437b0cb11becab0d597f02a01acc91bea07a62bf786b9
sample,dense_crlf-1024,99,1672646,256499,500,3ad915702f8927321f50e4db42a4d0b3acc0b7d7299945a087ea3b68db3db73e,887ca114a3e64d1f43d437b0cb11becab0d597f02a01acc91bea07a62bf786b9
sample,dense_crlf-1024,100,1677497,256499,500,3ad915702f8927321f50e4db42a4d0b3acc0b7d7299945a087ea3b68db3db73e,887ca114a3e64d1f43d437b0cb11becab0d597f02a01acc91bea07a62bf786b9
sample,dense_crlf-1024,101,1678216,256499,500,3ad915702f8927321f50e4db42a4d0b3acc0b7d7299945a087ea3b68db3db73e,887ca114a3e64d1f43d437b0cb11becab0d597f02a01acc91bea07a62bf786b9
sample,dense_crlf-1024,102,1672866,256499,500,3ad915702f8927321f50e4db42a4d0b3acc0b7d7299945a087ea3b68db3db73e,887ca114a3e64d1f43d437b0cb11becab0d597f02a01acc91bea07a62bf786b9
sample,dense_crlf-1024,103,1676186,256499,500,3ad915702f8927321f50e4db42a4d0b3acc0b7d7299945a087ea3b68db3db73e,887ca114a3e64d1f43d437b0cb11becab0d597f02a01acc91bea07a62bf786b9
sample,dense_crlf-1024,104,1681307,256499,500,3ad915702f8927321f50e4db42a4d0b3acc0b7d7299945a087ea3b68db3db73e,887ca114a3e64d1f43d437b0cb11becab0d597f02a01acc91bea07a62bf786b9
sample,dense_crlf-1024,105,1672156,256499,500,3ad915702f8927321f50e4db42a4d0b3acc0b7d7299945a087ea3b68db3db73e,887ca114a3e64d1f43d437b0cb11becab0d597f02a01acc91bea07a62bf786b9
sample,dense_crlf-1024,106,1676606,256499,500,3ad915702f8927321f50e4db42a4d0b3acc0b7d7299945a087ea3b68db3db73e,887ca114a3e64d1f43d437b0cb11becab0d597f02a01acc91bea07a62bf786b9
sample,dense_crlf-1024,107,1683316,256499,500,3ad915702f8927321f50e4db42a4d0b3acc0b7d7299945a087ea3b68db3db73e,887ca114a3e64d1f43d437b0cb11becab0d597f02a01acc91bea07a62bf786b9
sample,dense_crlf-1024,108,1672227,256499,500,3ad915702f8927321f50e4db42a4d0b3acc0b7d7299945a087ea3b68db3db73e,887ca114a3e64d1f43d437b0cb11becab0d597f02a01acc91bea07a62bf786b9
sample,dense_crlf-1024,109,1681906,256499,500,3ad915702f8927321f50e4db42a4d0b3acc0b7d7299945a087ea3b68db3db73e,887ca114a3e64d1f43d437b0cb11becab0d597f02a01acc91bea07a62bf786b9
sample,dense_crlf-1024,110,1678176,256499,500,3ad915702f8927321f50e4db42a4d0b3acc0b7d7299945a087ea3b68db3db73e,887ca114a3e64d1f43d437b0cb11becab0d597f02a01acc91bea07a62bf786b9
sample,dense_crlf-1024,111,1673056,256499,500,3ad915702f8927321f50e4db42a4d0b3acc0b7d7299945a087ea3b68db3db73e,887ca114a3e64d1f43d437b0cb11becab0d597f02a01acc91bea07a62bf786b9
sample,dense_crlf-1024,112,1676717,256499,500,3ad915702f8927321f50e4db42a4d0b3acc0b7d7299945a087ea3b68db3db73e,887ca114a3e64d1f43d437b0cb11becab0d597f02a01acc91bea07a62bf786b9
sample,dense_crlf-1024,113,1674336,256499,500,3ad915702f8927321f50e4db42a4d0b3acc0b7d7299945a087ea3b68db3db73e,887ca114a3e64d1f43d437b0cb11becab0d597f02a01acc91bea07a62bf786b9
sample,dense_crlf-1024,114,1674186,256499,500,3ad915702f8927321f50e4db42a4d0b3acc0b7d7299945a087ea3b68db3db73e,887ca114a3e64d1f43d437b0cb11becab0d597f02a01acc91bea07a62bf786b9
sample,dense_crlf-1024,115,1679056,256499,500,3ad915702f8927321f50e4db42a4d0b3acc0b7d7299945a087ea3b68db3db73e,887ca114a3e64d1f43d437b0cb11becab0d597f02a01acc91bea07a62bf786b9
sample,dense_crlf-1024,116,1679966,256499,500,3ad915702f8927321f50e4db42a4d0b3acc0b7d7299945a087ea3b68db3db73e,887ca114a3e64d1f43d437b0cb11becab0d597f02a01acc91bea07a62bf786b9
sample,dense_crlf-1024,117,1673327,256499,500,3ad915702f8927321f50e4db42a4d0b3acc0b7d7299945a087ea3b68db3db73e,887ca114a3e64d1f43d437b0cb11becab0d597f02a01acc91bea07a62bf786b9
sample,dense_crlf-1024,118,1682086,256499,500,3ad915702f8927321f50e4db42a4d0b3acc0b7d7299945a087ea3b68db3db73e,887ca114a3e64d1f43d437b0cb11becab0d597f02a01acc91bea07a62bf786b9
sample,dense_crlf-1024,119,1678716,256499,500,3ad915702f8927321f50e4db42a4d0b3acc0b7d7299945a087ea3b68db3db73e,887ca114a3e64d1f43d437b0cb11becab0d597f02a01acc91bea07a62bf786b9
sample,dense_crlf-1024,120,1672546,256499,500,3ad915702f8927321f50e4db42a4d0b3acc0b7d7299945a087ea3b68db3db73e,887ca114a3e64d1f43d437b0cb11becab0d597f02a01acc91bea07a62bf786b9
sample,dense_crlf-1024,121,1678417,256499,500,3ad915702f8927321f50e4db42a4d0b3acc0b7d7299945a087ea3b68db3db73e,887ca114a3e64d1f43d437b0cb11becab0d597f02a01acc91bea07a62bf786b9
sample,dense_crlf-1024,122,1677356,256499,500,3ad915702f8927321f50e4db42a4d0b3acc0b7d7299945a087ea3b68db3db73e,887ca114a3e64d1f43d437b0cb11becab0d597f02a01acc91bea07a62bf786b9
sample,dense_crlf-1024,123,1674746,256499,500,3ad915702f8927321f50e4db42a4d0b3acc0b7d7299945a087ea3b68db3db73e,887ca114a3e64d1f43d437b0cb11becab0d597f02a01acc91bea07a62bf786b9
sample,dense_crlf-1024,124,1670996,256499,500,3ad915702f8927321f50e4db42a4d0b3acc0b7d7299945a087ea3b68db3db73e,887ca114a3e64d1f43d437b0cb11becab0d597f02a01acc91bea07a62bf786b9
sample,dense_crlf-1024,125,1678137,256499,500,3ad915702f8927321f50e4db42a4d0b3acc0b7d7299945a087ea3b68db3db73e,887ca114a3e64d1f43d437b0cb11becab0d597f02a01acc91bea07a62bf786b9
sample,dense_crlf-1024,126,1677756,256499,500,3ad915702f8927321f50e4db42a4d0b3acc0b7d7299945a087ea3b68db3db73e,887ca114a3e64d1f43d437b0cb11becab0d597f02a01acc91bea07a62bf786b9
sample,dense_crlf-1024,127,1669716,256499,500,3ad915702f8927321f50e4db42a4d0b3acc0b7d7299945a087ea3b68db3db73e,887ca114a3e64d1f43d437b0cb11becab0d597f02a01acc91bea07a62bf786b9
sample,dense_crlf-1024,128,1678316,256499,500,3ad915702f8927321f50e4db42a4d0b3acc0b7d7299945a087ea3b68db3db73e,887ca114a3e64d1f43d437b0cb11becab0d597f02a01acc91bea07a62bf786b9
sample,dense_crlf-1024,129,1677236,256499,500,3ad915702f8927321f50e4db42a4d0b3acc0b7d7299945a087ea3b68db3db73e,887ca114a3e64d1f43d437b0cb11becab0d597f02a01acc91bea07a62bf786b9
sample,dense_crlf-1024,130,1676597,256499,500,3ad915702f8927321f50e4db42a4d0b3acc0b7d7299945a087ea3b68db3db73e,887ca114a3e64d1f43d437b0cb11becab0d597f02a01acc91bea07a62bf786b9
sample,dense_crlf-1024,131,1675186,256499,500,3ad915702f8927321f50e4db42a4d0b3acc0b7d7299945a087ea3b68db3db73e,887ca114a3e64d1f43d437b0cb11becab0d597f02a01acc91bea07a62bf786b9
sample,dense_crlf-1024,132,1676556,256499,500,3ad915702f8927321f50e4db42a4d0b3acc0b7d7299945a087ea3b68db3db73e,887ca114a3e64d1f43d437b0cb11becab0d597f02a01acc91bea07a62bf786b9
sample,dense_crlf-1024,133,1676296,256499,500,3ad915702f8927321f50e4db42a4d0b3acc0b7d7299945a087ea3b68db3db73e,887ca114a3e64d1f43d437b0cb11becab0d597f02a01acc91bea07a62bf786b9
sample,dense_crlf-1024,134,1674997,256499,500,3ad915702f8927321f50e4db42a4d0b3acc0b7d7299945a087ea3b68db3db73e,887ca114a3e64d1f43d437b0cb11becab0d597f02a01acc91bea07a62bf786b9
sample,dense_crlf-1024,135,1730346,256499,500,3ad915702f8927321f50e4db42a4d0b3acc0b7d7299945a087ea3b68db3db73e,887ca114a3e64d1f43d437b0cb11becab0d597f02a01acc91bea07a62bf786b9
sample,dense_crlf-1024,136,1671686,256499,500,3ad915702f8927321f50e4db42a4d0b3acc0b7d7299945a087ea3b68db3db73e,887ca114a3e64d1f43d437b0cb11becab0d597f02a01acc91bea07a62bf786b9
sample,dense_crlf-1024,137,1680946,256499,500,3ad915702f8927321f50e4db42a4d0b3acc0b7d7299945a087ea3b68db3db73e,887ca114a3e64d1f43d437b0cb11becab0d597f02a01acc91bea07a62bf786b9
sample,dense_crlf-1024,138,1677257,256499,500,3ad915702f8927321f50e4db42a4d0b3acc0b7d7299945a087ea3b68db3db73e,887ca114a3e64d1f43d437b0cb11becab0d597f02a01acc91bea07a62bf786b9
sample,dense_crlf-1024,139,1673496,256499,500,3ad915702f8927321f50e4db42a4d0b3acc0b7d7299945a087ea3b68db3db73e,887ca114a3e64d1f43d437b0cb11becab0d597f02a01acc91bea07a62bf786b9
sample,dense_crlf-1024,140,1683786,256499,500,3ad915702f8927321f50e4db42a4d0b3acc0b7d7299945a087ea3b68db3db73e,887ca114a3e64d1f43d437b0cb11becab0d597f02a01acc91bea07a62bf786b9
sample,dense_crlf-1024,141,1679206,256499,500,3ad915702f8927321f50e4db42a4d0b3acc0b7d7299945a087ea3b68db3db73e,887ca114a3e64d1f43d437b0cb11becab0d597f02a01acc91bea07a62bf786b9
sample,dense_crlf-1024,142,1672997,256499,500,3ad915702f8927321f50e4db42a4d0b3acc0b7d7299945a087ea3b68db3db73e,887ca114a3e64d1f43d437b0cb11becab0d597f02a01acc91bea07a62bf786b9
sample,dense_crlf-1024,143,1675596,256499,500,3ad915702f8927321f50e4db42a4d0b3acc0b7d7299945a087ea3b68db3db73e,887ca114a3e64d1f43d437b0cb11becab0d597f02a01acc91bea07a62bf786b9
sample,dense_crlf-1024,144,1675646,256499,500,3ad915702f8927321f50e4db42a4d0b3acc0b7d7299945a087ea3b68db3db73e,887ca114a3e64d1f43d437b0cb11becab0d597f02a01acc91bea07a62bf786b9
sample,dense_crlf-1024,145,1678336,256499,500,3ad915702f8927321f50e4db42a4d0b3acc0b7d7299945a087ea3b68db3db73e,887ca114a3e64d1f43d437b0cb11becab0d597f02a01acc91bea07a62bf786b9
sample,dense_crlf-1024,146,1674846,256499,500,3ad915702f8927321f50e4db42a4d0b3acc0b7d7299945a087ea3b68db3db73e,887ca114a3e64d1f43d437b0cb11becab0d597f02a01acc91bea07a62bf786b9
sample,dense_crlf-1024,147,1680527,256499,500,3ad915702f8927321f50e4db42a4d0b3acc0b7d7299945a087ea3b68db3db73e,887ca114a3e64d1f43d437b0cb11becab0d597f02a01acc91bea07a62bf786b9
sample,dense_crlf-1024,148,1675366,256499,500,3ad915702f8927321f50e4db42a4d0b3acc0b7d7299945a087ea3b68db3db73e,887ca114a3e64d1f43d437b0cb11becab0d597f02a01acc91bea07a62bf786b9
sample,dense_crlf-1024,149,1675386,256499,500,3ad915702f8927321f50e4db42a4d0b3acc0b7d7299945a087ea3b68db3db73e,887ca114a3e64d1f43d437b0cb11becab0d597f02a01acc91bea07a62bf786b9
sample,dense_crlf-1024,150,1676296,256499,500,3ad915702f8927321f50e4db42a4d0b3acc0b7d7299945a087ea3b68db3db73e,887ca114a3e64d1f43d437b0cb11becab0d597f02a01acc91bea07a62bf786b9
sample,dense_crlf-1024,151,1679687,256499,500,3ad915702f8927321f50e4db42a4d0b3acc0b7d7299945a087ea3b68db3db73e,887ca114a3e64d1f43d437b0cb11becab0d597f02a01acc91bea07a62bf786b9
sample,dense_crlf-1024,152,1673726,256499,500,3ad915702f8927321f50e4db42a4d0b3acc0b7d7299945a087ea3b68db3db73e,887ca114a3e64d1f43d437b0cb11becab0d597f02a01acc91bea07a62bf786b9
sample,dense_crlf-1024,153,1675276,256499,500,3ad915702f8927321f50e4db42a4d0b3acc0b7d7299945a087ea3b68db3db73e,887ca114a3e64d1f43d437b0cb11becab0d597f02a01acc91bea07a62bf786b9
sample,dense_crlf-1024,154,1679506,256499,500,3ad915702f8927321f50e4db42a4d0b3acc0b7d7299945a087ea3b68db3db73e,887ca114a3e64d1f43d437b0cb11becab0d597f02a01acc91bea07a62bf786b9
sample,dense_crlf-1024,155,1672997,256499,500,3ad915702f8927321f50e4db42a4d0b3acc0b7d7299945a087ea3b68db3db73e,887ca114a3e64d1f43d437b0cb11becab0d597f02a01acc91bea07a62bf786b9
sample,dense_crlf-1024,156,1678576,256499,500,3ad915702f8927321f50e4db42a4d0b3acc0b7d7299945a087ea3b68db3db73e,887ca114a3e64d1f43d437b0cb11becab0d597f02a01acc91bea07a62bf786b9
sample,dense_crlf-1024,157,1676196,256499,500,3ad915702f8927321f50e4db42a4d0b3acc0b7d7299945a087ea3b68db3db73e,887ca114a3e64d1f43d437b0cb11becab0d597f02a01acc91bea07a62bf786b9
sample,dense_crlf-1024,158,1673056,256499,500,3ad915702f8927321f50e4db42a4d0b3acc0b7d7299945a087ea3b68db3db73e,887ca114a3e64d1f43d437b0cb11becab0d597f02a01acc91bea07a62bf786b9
sample,dense_crlf-1024,159,1679617,256499,500,3ad915702f8927321f50e4db42a4d0b3acc0b7d7299945a087ea3b68db3db73e,887ca114a3e64d1f43d437b0cb11becab0d597f02a01acc91bea07a62bf786b9
sample,dense_crlf-1024,160,1675646,256499,500,3ad915702f8927321f50e4db42a4d0b3acc0b7d7299945a087ea3b68db3db73e,887ca114a3e64d1f43d437b0cb11becab0d597f02a01acc91bea07a62bf786b9
sample,dense_crlf-1024,161,1672456,256499,500,3ad915702f8927321f50e4db42a4d0b3acc0b7d7299945a087ea3b68db3db73e,887ca114a3e64d1f43d437b0cb11becab0d597f02a01acc91bea07a62bf786b9
sample,dense_crlf-1024,162,1678356,256499,500,3ad915702f8927321f50e4db42a4d0b3acc0b7d7299945a087ea3b68db3db73e,887ca114a3e64d1f43d437b0cb11becab0d597f02a01acc91bea07a62bf786b9
sample,dense_crlf-1024,163,1680886,256499,500,3ad915702f8927321f50e4db42a4d0b3acc0b7d7299945a087ea3b68db3db73e,887ca114a3e64d1f43d437b0cb11becab0d597f02a01acc91bea07a62bf786b9
sample,dense_crlf-1024,164,1672957,256499,500,3ad915702f8927321f50e4db42a4d0b3acc0b7d7299945a087ea3b68db3db73e,887ca114a3e64d1f43d437b0cb11becab0d597f02a01acc91bea07a62bf786b9
sample,dense_crlf-1024,165,1677066,256499,500,3ad915702f8927321f50e4db42a4d0b3acc0b7d7299945a087ea3b68db3db73e,887ca114a3e64d1f43d437b0cb11becab0d597f02a01acc91bea07a62bf786b9
sample,dense_crlf-1024,166,1678926,256499,500,3ad915702f8927321f50e4db42a4d0b3acc0b7d7299945a087ea3b68db3db73e,887ca114a3e64d1f43d437b0cb11becab0d597f02a01acc91bea07a62bf786b9
sample,dense_crlf-1024,167,1669746,256499,500,3ad915702f8927321f50e4db42a4d0b3acc0b7d7299945a087ea3b68db3db73e,887ca114a3e64d1f43d437b0cb11becab0d597f02a01acc91bea07a62bf786b9
sample,dense_crlf-1024,168,1684137,256499,500,3ad915702f8927321f50e4db42a4d0b3acc0b7d7299945a087ea3b68db3db73e,887ca114a3e64d1f43d437b0cb11becab0d597f02a01acc91bea07a62bf786b9
sample,dense_crlf-1024,169,1676016,256499,500,3ad915702f8927321f50e4db42a4d0b3acc0b7d7299945a087ea3b68db3db73e,887ca114a3e64d1f43d437b0cb11becab0d597f02a01acc91bea07a62bf786b9
sample,dense_crlf-1024,170,1669736,256499,500,3ad915702f8927321f50e4db42a4d0b3acc0b7d7299945a087ea3b68db3db73e,887ca114a3e64d1f43d437b0cb11becab0d597f02a01acc91bea07a62bf786b9
sample,dense_crlf-1024,171,1681626,256499,500,3ad915702f8927321f50e4db42a4d0b3acc0b7d7299945a087ea3b68db3db73e,887ca114a3e64d1f43d437b0cb11becab0d597f02a01acc91bea07a62bf786b9
sample,dense_crlf-1024,172,1678896,256499,500,3ad915702f8927321f50e4db42a4d0b3acc0b7d7299945a087ea3b68db3db73e,887ca114a3e64d1f43d437b0cb11becab0d597f02a01acc91bea07a62bf786b9
sample,dense_crlf-1024,173,1678107,256499,500,3ad915702f8927321f50e4db42a4d0b3acc0b7d7299945a087ea3b68db3db73e,887ca114a3e64d1f43d437b0cb11becab0d597f02a01acc91bea07a62bf786b9
sample,dense_crlf-1024,174,1670526,256499,500,3ad915702f8927321f50e4db42a4d0b3acc0b7d7299945a087ea3b68db3db73e,887ca114a3e64d1f43d437b0cb11becab0d597f02a01acc91bea07a62bf786b9
sample,dense_crlf-1024,175,1677756,256499,500,3ad915702f8927321f50e4db42a4d0b3acc0b7d7299945a087ea3b68db3db73e,887ca114a3e64d1f43d437b0cb11becab0d597f02a01acc91bea07a62bf786b9
sample,dense_crlf-1024,176,1681556,256499,500,3ad915702f8927321f50e4db42a4d0b3acc0b7d7299945a087ea3b68db3db73e,887ca114a3e64d1f43d437b0cb11becab0d597f02a01acc91bea07a62bf786b9
sample,dense_crlf-1024,177,1732477,256499,500,3ad915702f8927321f50e4db42a4d0b3acc0b7d7299945a087ea3b68db3db73e,887ca114a3e64d1f43d437b0cb11becab0d597f02a01acc91bea07a62bf786b9
sample,dense_crlf-1024,178,1681716,256499,500,3ad915702f8927321f50e4db42a4d0b3acc0b7d7299945a087ea3b68db3db73e,887ca114a3e64d1f43d437b0cb11becab0d597f02a01acc91bea07a62bf786b9
sample,dense_crlf-1024,179,1675966,256499,500,3ad915702f8927321f50e4db42a4d0b3acc0b7d7299945a087ea3b68db3db73e,887ca114a3e64d1f43d437b0cb11becab0d597f02a01acc91bea07a62bf786b9
sample,dense_crlf-1024,180,1676977,256499,500,3ad915702f8927321f50e4db42a4d0b3acc0b7d7299945a087ea3b68db3db73e,887ca114a3e64d1f43d437b0cb11becab0d597f02a01acc91bea07a62bf786b9
sample,dense_crlf-1024,181,1675006,256499,500,3ad915702f8927321f50e4db42a4d0b3acc0b7d7299945a087ea3b68db3db73e,887ca114a3e64d1f43d437b0cb11becab0d597f02a01acc91bea07a62bf786b9
sample,dense_crlf-1024,182,1678806,256499,500,3ad915702f8927321f50e4db42a4d0b3acc0b7d7299945a087ea3b68db3db73e,887ca114a3e64d1f43d437b0cb11becab0d597f02a01acc91bea07a62bf786b9
sample,dense_crlf-1024,183,1674536,256499,500,3ad915702f8927321f50e4db42a4d0b3acc0b7d7299945a087ea3b68db3db73e,887ca114a3e64d1f43d437b0cb11becab0d597f02a01acc91bea07a62bf786b9
sample,dense_crlf-1024,184,1675786,256499,500,3ad915702f8927321f50e4db42a4d0b3acc0b7d7299945a087ea3b68db3db73e,887ca114a3e64d1f43d437b0cb11becab0d597f02a01acc91bea07a62bf786b9
sample,dense_crlf-1024,185,1682507,256499,500,3ad915702f8927321f50e4db42a4d0b3acc0b7d7299945a087ea3b68db3db73e,887ca114a3e64d1f43d437b0cb11becab0d597f02a01acc91bea07a62bf786b9
sample,dense_crlf-1024,186,1669786,256499,500,3ad915702f8927321f50e4db42a4d0b3acc0b7d7299945a087ea3b68db3db73e,887ca114a3e64d1f43d437b0cb11becab0d597f02a01acc91bea07a62bf786b9
sample,dense_crlf-1024,187,1680646,256499,500,3ad915702f8927321f50e4db42a4d0b3acc0b7d7299945a087ea3b68db3db73e,887ca114a3e64d1f43d437b0cb11becab0d597f02a01acc91bea07a62bf786b9
sample,dense_crlf-1024,188,1677906,256499,500,3ad915702f8927321f50e4db42a4d0b3acc0b7d7299945a087ea3b68db3db73e,887ca114a3e64d1f43d437b0cb11becab0d597f02a01acc91bea07a62bf786b9
sample,dense_crlf-1024,189,1671337,256499,500,3ad915702f8927321f50e4db42a4d0b3acc0b7d7299945a087ea3b68db3db73e,887ca114a3e64d1f43d437b0cb11becab0d597f02a01acc91bea07a62bf786b9
sample,dense_crlf-1024,190,1680756,256499,500,3ad915702f8927321f50e4db42a4d0b3acc0b7d7299945a087ea3b68db3db73e,887ca114a3e64d1f43d437b0cb11becab0d597f02a01acc91bea07a62bf786b9
sample,dense_crlf-1024,191,1677166,256499,500,3ad915702f8927321f50e4db42a4d0b3acc0b7d7299945a087ea3b68db3db73e,887ca114a3e64d1f43d437b0cb11becab0d597f02a01acc91bea07a62bf786b9
sample,dense_crlf-1024,192,1677756,256499,500,3ad915702f8927321f50e4db42a4d0b3acc0b7d7299945a087ea3b68db3db73e,887ca114a3e64d1f43d437b0cb11becab0d597f02a01acc91bea07a62bf786b9
sample,dense_crlf-1024,193,1677237,256499,500,3ad915702f8927321f50e4db42a4d0b3acc0b7d7299945a087ea3b68db3db73e,887ca114a3e64d1f43d437b0cb11becab0d597f02a01acc91bea07a62bf786b9
sample,dense_crlf-1024,194,1679926,256499,500,3ad915702f8927321f50e4db42a4d0b3acc0b7d7299945a087ea3b68db3db73e,887ca114a3e64d1f43d437b0cb11becab0d597f02a01acc91bea07a62bf786b9
sample,dense_crlf-1024,195,1684576,256499,500,3ad915702f8927321f50e4db42a4d0b3acc0b7d7299945a087ea3b68db3db73e,887ca114a3e64d1f43d437b0cb11becab0d597f02a01acc91bea07a62bf786b9
sample,dense_crlf-1024,196,1674396,256499,500,3ad915702f8927321f50e4db42a4d0b3acc0b7d7299945a087ea3b68db3db73e,887ca114a3e64d1f43d437b0cb11becab0d597f02a01acc91bea07a62bf786b9
sample,dense_crlf-1024,197,1680007,256499,500,3ad915702f8927321f50e4db42a4d0b3acc0b7d7299945a087ea3b68db3db73e,887ca114a3e64d1f43d437b0cb11becab0d597f02a01acc91bea07a62bf786b9
sample,dense_crlf-1024,198,1679296,256499,500,3ad915702f8927321f50e4db42a4d0b3acc0b7d7299945a087ea3b68db3db73e,887ca114a3e64d1f43d437b0cb11becab0d597f02a01acc91bea07a62bf786b9
sample,dense_crlf-1024,199,1675356,256499,500,3ad915702f8927321f50e4db42a4d0b3acc0b7d7299945a087ea3b68db3db73e,887ca114a3e64d1f43d437b0cb11becab0d597f02a01acc91bea07a62bf786b9
sample,dense_crlf-1024,200,1680756,256499,500,3ad915702f8927321f50e4db42a4d0b3acc0b7d7299945a087ea3b68db3db73e,887ca114a3e64d1f43d437b0cb11becab0d597f02a01acc91bea07a62bf786b9
sample,dense_crlf-1024,201,1676276,256499,500,3ad915702f8927321f50e4db42a4d0b3acc0b7d7299945a087ea3b68db3db73e,887ca114a3e64d1f43d437b0cb11becab0d597f02a01acc91bea07a62bf786b9
sample,dense_crlf-1024,202,1673487,256499,500,3ad915702f8927321f50e4db42a4d0b3acc0b7d7299945a087ea3b68db3db73e,887ca114a3e64d1f43d437b0cb11becab0d597f02a01acc91bea07a62bf786b9
sample,dense_crlf-1024,203,1674726,256499,500,3ad915702f8927321f50e4db42a4d0b3acc0b7d7299945a087ea3b68db3db73e,887ca114a3e64d1f43d437b0cb11becab0d597f02a01acc91bea07a62bf786b9
sample,dense_crlf-1024,204,1679436,256499,500,3ad915702f8927321f50e4db42a4d0b3acc0b7d7299945a087ea3b68db3db73e,887ca114a3e64d1f43d437b0cb11becab0d597f02a01acc91bea07a62bf786b9
sample,dense_crlf-1024,205,1669286,256499,500,3ad915702f8927321f50e4db42a4d0b3acc0b7d7299945a087ea3b68db3db73e,887ca114a3e64d1f43d437b0cb11becab0d597f02a01acc91bea07a62bf786b9
sample,dense_crlf-1024,206,1679347,256499,500,3ad915702f8927321f50e4db42a4d0b3acc0b7d7299945a087ea3b68db3db73e,887ca114a3e64d1f43d437b0cb11becab0d597f02a01acc91bea07a62bf786b9
sample,dense_crlf-1024,207,1678056,256499,500,3ad915702f8927321f50e4db42a4d0b3acc0b7d7299945a087ea3b68db3db73e,887ca114a3e64d1f43d437b0cb11becab0d597f02a01acc91bea07a62bf786b9
sample,dense_crlf-1024,208,1669276,256499,500,3ad915702f8927321f50e4db42a4d0b3acc0b7d7299945a087ea3b68db3db73e,887ca114a3e64d1f43d437b0cb11becab0d597f02a01acc91bea07a62bf786b9
sample,dense_crlf-1024,209,1678606,256499,500,3ad915702f8927321f50e4db42a4d0b3acc0b7d7299945a087ea3b68db3db73e,887ca114a3e64d1f43d437b0cb11becab0d597f02a01acc91bea07a62bf786b9
sample,dense_crlf-1024,210,1677736,256499,500,3ad915702f8927321f50e4db42a4d0b3acc0b7d7299945a087ea3b68db3db73e,887ca114a3e64d1f43d437b0cb11becab0d597f02a01acc91bea07a62bf786b9
sample,dense_crlf-1024,211,1673647,256499,500,3ad915702f8927321f50e4db42a4d0b3acc0b7d7299945a087ea3b68db3db73e,887ca114a3e64d1f43d437b0cb11becab0d597f02a01acc91bea07a62bf786b9
sample,dense_crlf-1024,212,1677876,256499,500,3ad915702f8927321f50e4db42a4d0b3acc0b7d7299945a087ea3b68db3db73e,887ca114a3e64d1f43d437b0cb11becab0d597f02a01acc91bea07a62bf786b9
sample,dense_crlf-1024,213,1678946,256499,500,3ad915702f8927321f50e4db42a4d0b3acc0b7d7299945a087ea3b68db3db73e,887ca114a3e64d1f43d437b0cb11becab0d597f02a01acc91bea07a62bf786b9
sample,dense_crlf-1024,214,1674526,256499,500,3ad915702f8927321f50e4db42a4d0b3acc0b7d7299945a087ea3b68db3db73e,887ca114a3e64d1f43d437b0cb11becab0d597f02a01acc91bea07a62bf786b9
sample,dense_crlf-1024,215,1679917,256499,500,3ad915702f8927321f50e4db42a4d0b3acc0b7d7299945a087ea3b68db3db73e,887ca114a3e64d1f43d437b0cb11becab0d597f02a01acc91bea07a62bf786b9
sample,dense_crlf-1024,216,1681266,256499,500,3ad915702f8927321f50e4db42a4d0b3acc0b7d7299945a087ea3b68db3db73e,887ca114a3e64d1f43d437b0cb11becab0d597f02a01acc91bea07a62bf786b9
sample,dense_crlf-1024,217,1670046,256499,500,3ad915702f8927321f50e4db42a4d0b3acc0b7d7299945a087ea3b68db3db73e,887ca114a3e64d1f43d437b0cb11becab0d597f02a01acc91bea07a62bf786b9
sample,dense_crlf-1024,218,1678676,256499,500,3ad915702f8927321f50e4db42a4d0b3acc0b7d7299945a087ea3b68db3db73e,887ca114a3e64d1f43d437b0cb11becab0d597f02a01acc91bea07a62bf786b9
sample,dense_crlf-1024,219,1678117,256499,500,3ad915702f8927321f50e4db42a4d0b3acc0b7d7299945a087ea3b68db3db73e,887ca114a3e64d1f43d437b0cb11becab0d597f02a01acc91bea07a62bf786b9
sample,dense_crlf-1024,220,1676936,256499,500,3ad915702f8927321f50e4db42a4d0b3acc0b7d7299945a087ea3b68db3db73e,887ca114a3e64d1f43d437b0cb11becab0d597f02a01acc91bea07a62bf786b9
sample,dense_crlf-1024,221,1674676,256499,500,3ad915702f8927321f50e4db42a4d0b3acc0b7d7299945a087ea3b68db3db73e,887ca114a3e64d1f43d437b0cb11becab0d597f02a01acc91bea07a62bf786b9
sample,dense_crlf-1024,222,1676696,256499,500,3ad915702f8927321f50e4db42a4d0b3acc0b7d7299945a087ea3b68db3db73e,887ca114a3e64d1f43d437b0cb11becab0d597f02a01acc91bea07a62bf786b9
sample,dense_crlf-1024,223,1679566,256499,500,3ad915702f8927321f50e4db42a4d0b3acc0b7d7299945a087ea3b68db3db73e,887ca114a3e64d1f43d437b0cb11becab0d597f02a01acc91bea07a62bf786b9
sample,dense_crlf-1024,224,1672497,256499,500,3ad915702f8927321f50e4db42a4d0b3acc0b7d7299945a087ea3b68db3db73e,887ca114a3e64d1f43d437b0cb11becab0d597f02a01acc91bea07a62bf786b9
sample,dense_crlf-1024,225,1676486,256499,500,3ad915702f8927321f50e4db42a4d0b3acc0b7d7299945a087ea3b68db3db73e,887ca114a3e64d1f43d437b0cb11becab0d597f02a01acc91bea07a62bf786b9
sample,dense_crlf-1024,226,1676436,256499,500,3ad915702f8927321f50e4db42a4d0b3acc0b7d7299945a087ea3b68db3db73e,887ca114a3e64d1f43d437b0cb11becab0d597f02a01acc91bea07a62bf786b9
sample,dense_crlf-1024,227,1670136,256499,500,3ad915702f8927321f50e4db42a4d0b3acc0b7d7299945a087ea3b68db3db73e,887ca114a3e64d1f43d437b0cb11becab0d597f02a01acc91bea07a62bf786b9
sample,dense_crlf-1024,228,1677547,256499,500,3ad915702f8927321f50e4db42a4d0b3acc0b7d7299945a087ea3b68db3db73e,887ca114a3e64d1f43d437b0cb11becab0d597f02a01acc91bea07a62bf786b9
sample,dense_crlf-1024,229,1672966,256499,500,3ad915702f8927321f50e4db42a4d0b3acc0b7d7299945a087ea3b68db3db73e,887ca114a3e64d1f43d437b0cb11becab0d597f02a01acc91bea07a62bf786b9
sample,dense_crlf-1024,230,1673806,256499,500,3ad915702f8927321f50e4db42a4d0b3acc0b7d7299945a087ea3b68db3db73e,887ca114a3e64d1f43d437b0cb11becab0d597f02a01acc91bea07a62bf786b9
sample,dense_crlf-1024,231,1676686,256499,500,3ad915702f8927321f50e4db42a4d0b3acc0b7d7299945a087ea3b68db3db73e,887ca114a3e64d1f43d437b0cb11becab0d597f02a01acc91bea07a62bf786b9
sample,dense_crlf-1024,232,1675586,256499,500,3ad915702f8927321f50e4db42a4d0b3acc0b7d7299945a087ea3b68db3db73e,887ca114a3e64d1f43d437b0cb11becab0d597f02a01acc91bea07a62bf786b9
sample,dense_crlf-1024,233,1677557,256499,500,3ad915702f8927321f50e4db42a4d0b3acc0b7d7299945a087ea3b68db3db73e,887ca114a3e64d1f43d437b0cb11becab0d597f02a01acc91bea07a62bf786b9
sample,dense_crlf-1024,234,1718546,256499,500,3ad915702f8927321f50e4db42a4d0b3acc0b7d7299945a087ea3b68db3db73e,887ca114a3e64d1f43d437b0cb11becab0d597f02a01acc91bea07a62bf786b9
sample,dense_crlf-1024,235,1678876,256499,500,3ad915702f8927321f50e4db42a4d0b3acc0b7d7299945a087ea3b68db3db73e,887ca114a3e64d1f43d437b0cb11becab0d597f02a01acc91bea07a62bf786b9
sample,dense_crlf-1024,236,1672367,256499,500,3ad915702f8927321f50e4db42a4d0b3acc0b7d7299945a087ea3b68db3db73e,887ca114a3e64d1f43d437b0cb11becab0d597f02a01acc91bea07a62bf786b9
sample,dense_crlf-1024,237,1683876,256499,500,3ad915702f8927321f50e4db42a4d0b3acc0b7d7299945a087ea3b68db3db73e,887ca114a3e64d1f43d437b0cb11becab0d597f02a01acc91bea07a62bf786b9
sample,dense_crlf-1024,238,1674096,256499,500,3ad915702f8927321f50e4db42a4d0b3acc0b7d7299945a087ea3b68db3db73e,887ca114a3e64d1f43d437b0cb11becab0d597f02a01acc91bea07a62bf786b9
sample,dense_crlf-1024,239,1671536,256499,500,3ad915702f8927321f50e4db42a4d0b3acc0b7d7299945a087ea3b68db3db73e,887ca114a3e64d1f43d437b0cb11becab0d597f02a01acc91bea07a62bf786b9
sample,dense_crlf-1024,240,1678297,256499,500,3ad915702f8927321f50e4db42a4d0b3acc0b7d7299945a087ea3b68db3db73e,887ca114a3e64d1f43d437b0cb11becab0d597f02a01acc91bea07a62bf786b9
sample,dense_crlf-1024,241,1676166,256499,500,3ad915702f8927321f50e4db42a4d0b3acc0b7d7299945a087ea3b68db3db73e,887ca114a3e64d1f43d437b0cb11becab0d597f02a01acc91bea07a62bf786b9
sample,dense_crlf-1024,242,1673146,256499,500,3ad915702f8927321f50e4db42a4d0b3acc0b7d7299945a087ea3b68db3db73e,887ca114a3e64d1f43d437b0cb11becab0d597f02a01acc91bea07a62bf786b9
sample,dense_crlf-1024,243,1675386,256499,500,3ad915702f8927321f50e4db42a4d0b3acc0b7d7299945a087ea3b68db3db73e,887ca114a3e64d1f43d437b0cb11becab0d597f02a01acc91bea07a62bf786b9
sample,dense_crlf-1024,244,1675996,256499,500,3ad915702f8927321f50e4db42a4d0b3acc0b7d7299945a087ea3b68db3db73e,887ca114a3e64d1f43d437b0cb11becab0d597f02a01acc91bea07a62bf786b9
sample,dense_crlf-1024,245,1677767,256499,500,3ad915702f8927321f50e4db42a4d0b3acc0b7d7299945a087ea3b68db3db73e,887ca114a3e64d1f43d437b0cb11becab0d597f02a01acc91bea07a62bf786b9
sample,dense_crlf-1024,246,1669906,256499,500,3ad915702f8927321f50e4db42a4d0b3acc0b7d7299945a087ea3b68db3db73e,887ca114a3e64d1f43d437b0cb11becab0d597f02a01acc91bea07a62bf786b9
sample,dense_crlf-1024,247,1677426,256499,500,3ad915702f8927321f50e4db42a4d0b3acc0b7d7299945a087ea3b68db3db73e,887ca114a3e64d1f43d437b0cb11becab0d597f02a01acc91bea07a62bf786b9
sample,dense_crlf-1024,248,1676406,256499,500,3ad915702f8927321f50e4db42a4d0b3acc0b7d7299945a087ea3b68db3db73e,887ca114a3e64d1f43d437b0cb11becab0d597f02a01acc91bea07a62bf786b9
sample,dense_crlf-1024,249,1677896,256499,500,3ad915702f8927321f50e4db42a4d0b3acc0b7d7299945a087ea3b68db3db73e,887ca114a3e64d1f43d437b0cb11becab0d597f02a01acc91bea07a62bf786b9
sample,dense_crlf-1024,250,1678747,256499,500,3ad915702f8927321f50e4db42a4d0b3acc0b7d7299945a087ea3b68db3db73e,887ca114a3e64d1f43d437b0cb11becab0d597f02a01acc91bea07a62bf786b9
sample,dense_crlf-1024,251,1679766,256499,500,3ad915702f8927321f50e4db42a4d0b3acc0b7d7299945a087ea3b68db3db73e,887ca114a3e64d1f43d437b0cb11becab0d597f02a01acc91bea07a62bf786b9
sample,dense_crlf-1024,252,1677336,256499,500,3ad915702f8927321f50e4db42a4d0b3acc0b7d7299945a087ea3b68db3db73e,887ca114a3e64d1f43d437b0cb11becab0d597f02a01acc91bea07a62bf786b9
sample,dense_crlf-1024,253,1673556,256499,500,3ad915702f8927321f50e4db42a4d0b3acc0b7d7299945a087ea3b68db3db73e,887ca114a3e64d1f43d437b0cb11becab0d597f02a01acc91bea07a62bf786b9
sample,dense_crlf-1024,254,1682167,256499,500,3ad915702f8927321f50e4db42a4d0b3acc0b7d7299945a087ea3b68db3db73e,887ca114a3e64d1f43d437b0cb11becab0d597f02a01acc91bea07a62bf786b9
sample,dense_crlf-1024,255,1668786,256499,500,3ad915702f8927321f50e4db42a4d0b3acc0b7d7299945a087ea3b68db3db73e,887ca114a3e64d1f43d437b0cb11becab0d597f02a01acc91bea07a62bf786b9
sample,dense_crlf-1024,256,1681016,256499,500,3ad915702f8927321f50e4db42a4d0b3acc0b7d7299945a087ea3b68db3db73e,887ca114a3e64d1f43d437b0cb11becab0d597f02a01acc91bea07a62bf786b9
sample,dense_crlf-1024,257,1680756,256499,500,3ad915702f8927321f50e4db42a4d0b3acc0b7d7299945a087ea3b68db3db73e,887ca114a3e64d1f43d437b0cb11becab0d597f02a01acc91bea07a62bf786b9
sample,dense_crlf-1024,258,1670977,256499,500,3ad915702f8927321f50e4db42a4d0b3acc0b7d7299945a087ea3b68db3db73e,887ca114a3e64d1f43d437b0cb11becab0d597f02a01acc91bea07a62bf786b9
sample,dense_crlf-1024,259,1681496,256499,500,3ad915702f8927321f50e4db42a4d0b3acc0b7d7299945a087ea3b68db3db73e,887ca114a3e64d1f43d437b0cb11becab0d597f02a01acc91bea07a62bf786b9
sample,dense_crlf-1024,260,1677706,256499,500,3ad915702f8927321f50e4db42a4d0b3acc0b7d7299945a087ea3b68db3db73e,887ca114a3e64d1f43d437b0cb11becab0d597f02a01acc91bea07a62bf786b9
sample,dense_crlf-1024,261,1675756,256499,500,3ad915702f8927321f50e4db42a4d0b3acc0b7d7299945a087ea3b68db3db73e,887ca114a3e64d1f43d437b0cb11becab0d597f02a01acc91bea07a62bf786b9
sample,dense_crlf-1024,262,1676487,256499,500,3ad915702f8927321f50e4db42a4d0b3acc0b7d7299945a087ea3b68db3db73e,887ca114a3e64d1f43d437b0cb11becab0d597f02a01acc91bea07a62bf786b9
sample,dense_crlf-1024,263,1677536,256499,500,3ad915702f8927321f50e4db42a4d0b3acc0b7d7299945a087ea3b68db3db73e,887ca114a3e64d1f43d437b0cb11becab0d597f02a01acc91bea07a62bf786b9
sample,dense_crlf-1024,264,1675966,256499,500,3ad915702f8927321f50e4db42a4d0b3acc0b7d7299945a087ea3b68db3db73e,887ca114a3e64d1f43d437b0cb11becab0d597f02a01acc91bea07a62bf786b9
sample,dense_crlf-1024,265,1675616,256499,500,3ad915702f8927321f50e4db42a4d0b3acc0b7d7299945a087ea3b68db3db73e,887ca114a3e64d1f43d437b0cb11becab0d597f02a01acc91bea07a62bf786b9
sample,dense_crlf-1024,266,1681467,256499,500,3ad915702f8927321f50e4db42a4d0b3acc0b7d7299945a087ea3b68db3db73e,887ca114a3e64d1f43d437b0cb11becab0d597f02a01acc91bea07a62bf786b9
sample,dense_crlf-1024,267,1676896,256499,500,3ad915702f8927321f50e4db42a4d0b3acc0b7d7299945a087ea3b68db3db73e,887ca114a3e64d1f43d437b0cb11becab0d597f02a01acc91bea07a62bf786b9
sample,dense_crlf-1024,268,1683676,256499,500,3ad915702f8927321f50e4db42a4d0b3acc0b7d7299945a087ea3b68db3db73e,887ca114a3e64d1f43d437b0cb11becab0d597f02a01acc91bea07a62bf786b9
sample,dense_crlf-1024,269,1676926,256499,500,3ad915702f8927321f50e4db42a4d0b3acc0b7d7299945a087ea3b68db3db73e,887ca114a3e64d1f43d437b0cb11becab0d597f02a01acc91bea07a62bf786b9
sample,dense_crlf-1024,270,1676646,256499,500,3ad915702f8927321f50e4db42a4d0b3acc0b7d7299945a087ea3b68db3db73e,887ca114a3e64d1f43d437b0cb11becab0d597f02a01acc91bea07a62bf786b9
sample,dense_crlf-1024,271,1676877,256499,500,3ad915702f8927321f50e4db42a4d0b3acc0b7d7299945a087ea3b68db3db73e,887ca114a3e64d1f43d437b0cb11becab0d597f02a01acc91bea07a62bf786b9
sample,dense_crlf-1024,272,1679176,256499,500,3ad915702f8927321f50e4db42a4d0b3acc0b7d7299945a087ea3b68db3db73e,887ca114a3e64d1f43d437b0cb11becab0d597f02a01acc91bea07a62bf786b9
sample,dense_crlf-1024,273,1681786,256499,500,3ad915702f8927321f50e4db42a4d0b3acc0b7d7299945a087ea3b68db3db73e,887ca114a3e64d1f43d437b0cb11becab0d597f02a01acc91bea07a62bf786b9
sample,dense_crlf-1024,274,1674126,256499,500,3ad915702f8927321f50e4db42a4d0b3acc0b7d7299945a087ea3b68db3db73e,887ca114a3e64d1f43d437b0cb11becab0d597f02a01acc91bea07a62bf786b9
sample,dense_crlf-1024,275,1677897,256499,500,3ad915702f8927321f50e4db42a4d0b3acc0b7d7299945a087ea3b68db3db73e,887ca114a3e64d1f43d437b0cb11becab0d597f02a01acc91bea07a62bf786b9
sample,dense_crlf-1024,276,1686066,256499,500,3ad915702f8927321f50e4db42a4d0b3acc0b7d7299945a087ea3b68db3db73e,887ca114a3e64d1f43d437b0cb11becab0d597f02a01acc91bea07a62bf786b9
sample,dense_crlf-1024,277,1671426,256499,500,3ad915702f8927321f50e4db42a4d0b3acc0b7d7299945a087ea3b68db3db73e,887ca114a3e64d1f43d437b0cb11becab0d597f02a01acc91bea07a62bf786b9
sample,dense_crlf-1024,278,1681836,256499,500,3ad915702f8927321f50e4db42a4d0b3acc0b7d7299945a087ea3b68db3db73e,887ca114a3e64d1f43d437b0cb11becab0d597f02a01acc91bea07a62bf786b9
sample,dense_crlf-1024,279,1679467,256499,500,3ad915702f8927321f50e4db42a4d0b3acc0b7d7299945a087ea3b68db3db73e,887ca114a3e64d1f43d437b0cb11becab0d597f02a01acc91bea07a62bf786b9
sample,dense_crlf-1024,280,1681206,256499,500,3ad915702f8927321f50e4db42a4d0b3acc0b7d7299945a087ea3b68db3db73e,887ca114a3e64d1f43d437b0cb11becab0d597f02a01acc91bea07a62bf786b9
sample,dense_crlf-1024,281,1679356,256499,500,3ad915702f8927321f50e4db42a4d0b3acc0b7d7299945a087ea3b68db3db73e,887ca114a3e64d1f43d437b0cb11becab0d597f02a01acc91bea07a62bf786b9
sample,dense_crlf-1024,282,1682586,256499,500,3ad915702f8927321f50e4db42a4d0b3acc0b7d7299945a087ea3b68db3db73e,887ca114a3e64d1f43d437b0cb11becab0d597f02a01acc91bea07a62bf786b9
sample,dense_crlf-1024,283,1673297,256499,500,3ad915702f8927321f50e4db42a4d0b3acc0b7d7299945a087ea3b68db3db73e,887ca114a3e64d1f43d437b0cb11becab0d597f02a01acc91bea07a62bf786b9
sample,dense_crlf-1024,284,1678256,256499,500,3ad915702f8927321f50e4db42a4d0b3acc0b7d7299945a087ea3b68db3db73e,887ca114a3e64d1f43d437b0cb11becab0d597f02a01acc91bea07a62bf786b9
sample,dense_crlf-1024,285,1683816,256499,500,3ad915702f8927321f50e4db42a4d0b3acc0b7d7299945a087ea3b68db3db73e,887ca114a3e64d1f43d437b0cb11becab0d597f02a01acc91bea07a62bf786b9
sample,dense_crlf-1024,286,1672446,256499,500,3ad915702f8927321f50e4db42a4d0b3acc0b7d7299945a087ea3b68db3db73e,887ca114a3e64d1f43d437b0cb11becab0d597f02a01acc91bea07a62bf786b9
sample,dense_crlf-1024,287,1685517,256499,500,3ad915702f8927321f50e4db42a4d0b3acc0b7d7299945a087ea3b68db3db73e,887ca114a3e64d1f43d437b0cb11becab0d597f02a01acc91bea07a62bf786b9
sample,dense_crlf-1024,288,1678926,256499,500,3ad915702f8927321f50e4db42a4d0b3acc0b7d7299945a087ea3b68db3db73e,887ca114a3e64d1f43d437b0cb11becab0d597f02a01acc91bea07a62bf786b9
sample,dense_crlf-1024,289,1674756,256499,500,3ad915702f8927321f50e4db42a4d0b3acc0b7d7299945a087ea3b68db3db73e,887ca114a3e64d1f43d437b0cb11becab0d597f02a01acc91bea07a62bf786b9
sample,dense_crlf-1024,290,1740926,256499,500,3ad915702f8927321f50e4db42a4d0b3acc0b7d7299945a087ea3b68db3db73e,887ca114a3e64d1f43d437b0cb11becab0d597f02a01acc91bea07a62bf786b9
sample,dense_crlf-1024,291,1716397,256499,500,3ad915702f8927321f50e4db42a4d0b3acc0b7d7299945a087ea3b68db3db73e,887ca114a3e64d1f43d437b0cb11becab0d597f02a01acc91bea07a62bf786b9
sample,dense_crlf-1024,292,1682896,256499,500,3ad915702f8927321f50e4db42a4d0b3acc0b7d7299945a087ea3b68db3db73e,887ca114a3e64d1f43d437b0cb11becab0d597f02a01acc91bea07a62bf786b9
sample,dense_crlf-1024,293,1671006,256499,500,3ad915702f8927321f50e4db42a4d0b3acc0b7d7299945a087ea3b68db3db73e,887ca114a3e64d1f43d437b0cb11becab0d597f02a01acc91bea07a62bf786b9
sample,dense_crlf-1024,294,1720307,256499,500,3ad915702f8927321f50e4db42a4d0b3acc0b7d7299945a087ea3b68db3db73e,887ca114a3e64d1f43d437b0cb11becab0d597f02a01acc91bea07a62bf786b9
sample,dense_crlf-1024,295,1683526,256499,500,3ad915702f8927321f50e4db42a4d0b3acc0b7d7299945a087ea3b68db3db73e,887ca114a3e64d1f43d437b0cb11becab0d597f02a01acc91bea07a62bf786b9
sample,dense_crlf-1024,296,1674836,256499,500,3ad915702f8927321f50e4db42a4d0b3acc0b7d7299945a087ea3b68db3db73e,887ca114a3e64d1f43d437b0cb11becab0d597f02a01acc91bea07a62bf786b9
sample,dense_crlf-1024,297,1683836,256499,500,3ad915702f8927321f50e4db42a4d0b3acc0b7d7299945a087ea3b68db3db73e,887ca114a3e64d1f43d437b0cb11becab0d597f02a01acc91bea07a62bf786b9
sample,dense_crlf-1024,298,1676877,256499,500,3ad915702f8927321f50e4db42a4d0b3acc0b7d7299945a087ea3b68db3db73e,887ca114a3e64d1f43d437b0cb11becab0d597f02a01acc91bea07a62bf786b9
sample,dense_crlf-1024,299,1678906,256499,500,3ad915702f8927321f50e4db42a4d0b3acc0b7d7299945a087ea3b68db3db73e,887ca114a3e64d1f43d437b0cb11becab0d597f02a01acc91bea07a62bf786b9
sample,dense_crlf-1024,300,1680276,256499,500,3ad915702f8927321f50e4db42a4d0b3acc0b7d7299945a087ea3b68db3db73e,887ca114a3e64d1f43d437b0cb11becab0d597f02a01acc91bea07a62bf786b9
sample,dense_crlf-1024,301,1679706,256499,500,3ad915702f8927321f50e4db42a4d0b3acc0b7d7299945a087ea3b68db3db73e,887ca114a3e64d1f43d437b0cb11becab0d597f02a01acc91bea07a62bf786b9
sample,dense_crlf-1024,302,1674297,256499,500,3ad915702f8927321f50e4db42a4d0b3acc0b7d7299945a087ea3b68db3db73e,887ca114a3e64d1f43d437b0cb11becab0d597f02a01acc91bea07a62bf786b9
sample,dense_crlf-1024,303,1683436,256499,500,3ad915702f8927321f50e4db42a4d0b3acc0b7d7299945a087ea3b68db3db73e,887ca114a3e64d1f43d437b0cb11becab0d597f02a01acc91bea07a62bf786b9
sample,dense_crlf-1024,304,1681096,256499,500,3ad915702f8927321f50e4db42a4d0b3acc0b7d7299945a087ea3b68db3db73e,887ca114a3e64d1f43d437b0cb11becab0d597f02a01acc91bea07a62bf786b9
sample,dense_crlf-1024,305,1686026,256499,500,3ad915702f8927321f50e4db42a4d0b3acc0b7d7299945a087ea3b68db3db73e,887ca114a3e64d1f43d437b0cb11becab0d597f02a01acc91bea07a62bf786b9
sample,dense_crlf-1024,306,1676076,256499,500,3ad915702f8927321f50e4db42a4d0b3acc0b7d7299945a087ea3b68db3db73e,887ca114a3e64d1f43d437b0cb11becab0d597f02a01acc91bea07a62bf786b9
sample,dense_crlf-1024,307,1682957,256499,500,3ad915702f8927321f50e4db42a4d0b3acc0b7d7299945a087ea3b68db3db73e,887ca114a3e64d1f43d437b0cb11becab0d597f02a01acc91bea07a62bf786b9
sample,dense_crlf-1024,308,1677416,256499,500,3ad915702f8927321f50e4db42a4d0b3acc0b7d7299945a087ea3b68db3db73e,887ca114a3e64d1f43d437b0cb11becab0d597f02a01acc91bea07a62bf786b9
sample,dense_crlf-1024,309,1672616,256499,500,3ad915702f8927321f50e4db42a4d0b3acc0b7d7299945a087ea3b68db3db73e,887ca114a3e64d1f43d437b0cb11becab0d597f02a01acc91bea07a62bf786b9
sample,dense_crlf-1024,310,1681516,256499,500,3ad915702f8927321f50e4db42a4d0b3acc0b7d7299945a087ea3b68db3db73e,887ca114a3e64d1f43d437b0cb11becab0d597f02a01acc91bea07a62bf786b9
sample,dense_crlf-1024,311,1678857,256499,500,3ad915702f8927321f50e4db42a4d0b3acc0b7d7299945a087ea3b68db3db73e,887ca114a3e64d1f43d437b0cb11becab0d597f02a01acc91bea07a62bf786b9
sample,dense_crlf-1024,312,1677846,256499,500,3ad915702f8927321f50e4db42a4d0b3acc0b7d7299945a087ea3b68db3db73e,887ca114a3e64d1f43d437b0cb11becab0d597f02a01acc91bea07a62bf786b9
sample,dense_crlf-1024,313,1677826,256499,500,3ad915702f8927321f50e4db42a4d0b3acc0b7d7299945a087ea3b68db3db73e,887ca114a3e64d1f43d437b0cb11becab0d597f02a01acc91bea07a62bf786b9
sample,dense_crlf-1024,314,1677726,256499,500,3ad915702f8927321f50e4db42a4d0b3acc0b7d7299945a087ea3b68db3db73e,887ca114a3e64d1f43d437b0cb11becab0d597f02a01acc91bea07a62bf786b9
sample,dense_crlf-1024,315,1677406,256499,500,3ad915702f8927321f50e4db42a4d0b3acc0b7d7299945a087ea3b68db3db73e,887ca114a3e64d1f43d437b0cb11becab0d597f02a01acc91bea07a62bf786b9
sample,dense_crlf-1024,316,1679527,256499,500,3ad915702f8927321f50e4db42a4d0b3acc0b7d7299945a087ea3b68db3db73e,887ca114a3e64d1f43d437b0cb11becab0d597f02a01acc91bea07a62bf786b9
sample,dense_crlf-1024,317,1683046,256499,500,3ad915702f8927321f50e4db42a4d0b3acc0b7d7299945a087ea3b68db3db73e,887ca114a3e64d1f43d437b0cb11becab0d597f02a01acc91bea07a62bf786b9
sample,dense_crlf-1024,318,1673866,256499,500,3ad915702f8927321f50e4db42a4d0b3acc0b7d7299945a087ea3b68db3db73e,887ca114a3e64d1f43d437b0cb11becab0d597f02a01acc91bea07a62bf786b9
sample,dense_crlf-1024,319,1680556,256499,500,3ad915702f8927321f50e4db42a4d0b3acc0b7d7299945a087ea3b68db3db73e,887ca114a3e64d1f43d437b0cb11becab0d597f02a01acc91bea07a62bf786b9
sample,dense_crlf-1024,320,1678967,256499,500,3ad915702f8927321f50e4db42a4d0b3acc0b7d7299945a087ea3b68db3db73e,887ca114a3e64d1f43d437b0cb11becab0d597f02a01acc91bea07a62bf786b9
sample,dense_crlf-1024,321,1676736,256499,500,3ad915702f8927321f50e4db42a4d0b3acc0b7d7299945a087ea3b68db3db73e,887ca114a3e64d1f43d437b0cb11becab0d597f02a01acc91bea07a62bf786b9
sample,dense_crlf-1024,322,1675706,256499,500,3ad915702f8927321f50e4db42a4d0b3acc0b7d7299945a087ea3b68db3db73e,887ca114a3e64d1f43d437b0cb11becab0d597f02a01acc91bea07a62bf786b9
sample,dense_crlf-1024,323,1677516,256499,500,3ad915702f8927321f50e4db42a4d0b3acc0b7d7299945a087ea3b68db3db73e,887ca114a3e64d1f43d437b0cb11becab0d597f02a01acc91bea07a62bf786b9
sample,dense_crlf-1024,324,1698097,256499,500,3ad915702f8927321f50e4db42a4d0b3acc0b7d7299945a087ea3b68db3db73e,887ca114a3e64d1f43d437b0cb11becab0d597f02a01acc91bea07a62bf786b9
sample,dense_crlf-1024,325,1674136,256499,500,3ad915702f8927321f50e4db42a4d0b3acc0b7d7299945a087ea3b68db3db73e,887ca114a3e64d1f43d437b0cb11becab0d597f02a01acc91bea07a62bf786b9
sample,dense_crlf-1024,326,1682936,256499,500,3ad915702f8927321f50e4db42a4d0b3acc0b7d7299945a087ea3b68db3db73e,887ca114a3e64d1f43d437b0cb11becab0d597f02a01acc91bea07a62bf786b9
sample,dense_crlf-1024,327,1685036,256499,500,3ad915702f8927321f50e4db42a4d0b3acc0b7d7299945a087ea3b68db3db73e,887ca114a3e64d1f43d437b0cb11becab0d597f02a01acc91bea07a62bf786b9
sample,dense_crlf-1024,328,1672157,256499,500,3ad915702f8927321f50e4db42a4d0b3acc0b7d7299945a087ea3b68db3db73e,887ca114a3e64d1f43d437b0cb11becab0d597f02a01acc91bea07a62bf786b9
sample,dense_crlf-1024,329,1680116,256499,500,3ad915702f8927321f50e4db42a4d0b3acc0b7d7299945a087ea3b68db3db73e,887ca114a3e64d1f43d437b0cb11becab0d597f02a01acc91bea07a62bf786b9
sample,dense_crlf-1024,330,1676326,256499,500,3ad915702f8927321f50e4db42a4d0b3acc0b7d7299945a087ea3b68db3db73e,887ca114a3e64d1f43d437b0cb11becab0d597f02a01acc91bea07a62bf786b9
sample,dense_crlf-1024,331,1674166,256499,500,3ad915702f8927321f50e4db42a4d0b3acc0b7d7299945a087ea3b68db3db73e,887ca114a3e64d1f43d437b0cb11becab0d597f02a01acc91bea07a62bf786b9
sample,dense_crlf-1024,332,1677277,256499,500,3ad915702f8927321f50e4db42a4d0b3acc0b7d7299945a087ea3b68db3db73e,887ca114a3e64d1f43d437b0cb11becab0d597f02a01acc91bea07a62bf786b9
sample,dense_crlf-1024,333,1678026,256499,500,3ad915702f8927321f50e4db42a4d0b3acc0b7d7299945a087ea3b68db3db73e,887ca114a3e64d1f43d437b0cb11becab0d597f02a01acc91bea07a62bf786b9
sample,dense_crlf-1024,334,1678316,256499,500,3ad915702f8927321f50e4db42a4d0b3acc0b7d7299945a087ea3b68db3db73e,887ca114a3e64d1f43d437b0cb11becab0d597f02a01acc91bea07a62bf786b9
sample,dense_crlf-1024,335,1678136,256499,500,3ad915702f8927321f50e4db42a4d0b3acc0b7d7299945a087ea3b68db3db73e,887ca114a3e64d1f43d437b0cb11becab0d597f02a01acc91bea07a62bf786b9
sample,dense_crlf-1024,336,1684457,256499,500,3ad915702f8927321f50e4db42a4d0b3acc0b7d7299945a087ea3b68db3db73e,887ca114a3e64d1f43d437b0cb11becab0d597f02a01acc91bea07a62bf786b9
sample,dense_crlf-1024,337,1674276,256499,500,3ad915702f8927321f50e4db42a4d0b3acc0b7d7299945a087ea3b68db3db73e,887ca114a3e64d1f43d437b0cb11becab0d597f02a01acc91bea07a62bf786b9
sample,dense_crlf-1024,338,1682356,256499,500,3ad915702f8927321f50e4db42a4d0b3acc0b7d7299945a087ea3b68db3db73e,887ca114a3e64d1f43d437b0cb11becab0d597f02a01acc91bea07a62bf786b9
sample,dense_crlf-1024,339,1676096,256499,500,3ad915702f8927321f50e4db42a4d0b3acc0b7d7299945a087ea3b68db3db73e,887ca114a3e64d1f43d437b0cb11becab0d597f02a01acc91bea07a62bf786b9
sample,dense_crlf-1024,340,1672237,256499,500,3ad915702f8927321f50e4db42a4d0b3acc0b7d7299945a087ea3b68db3db73e,887ca114a3e64d1f43d437b0cb11becab0d597f02a01acc91bea07a62bf786b9
sample,dense_crlf-1024,341,1681596,256499,500,3ad915702f8927321f50e4db42a4d0b3acc0b7d7299945a087ea3b68db3db73e,887ca114a3e64d1f43d437b0cb11becab0d597f02a01acc91bea07a62bf786b9
sample,dense_crlf-1024,342,1680186,256499,500,3ad915702f8927321f50e4db42a4d0b3acc0b7d7299945a087ea3b68db3db73e,887ca114a3e64d1f43d437b0cb11becab0d597f02a01acc91bea07a62bf786b9
sample,dense_crlf-1024,343,1683526,256499,500,3ad915702f8927321f50e4db42a4d0b3acc0b7d7299945a087ea3b68db3db73e,887ca114a3e64d1f43d437b0cb11becab0d597f02a01acc91bea07a62bf786b9
sample,dense_crlf-1024,344,1674216,256499,500,3ad915702f8927321f50e4db42a4d0b3acc0b7d7299945a087ea3b68db3db73e,887ca114a3e64d1f43d437b0cb11becab0d597f02a01acc91bea07a62bf786b9
sample,dense_crlf-1024,345,1679377,256499,500,3ad915702f8927321f50e4db42a4d0b3acc0b7d7299945a087ea3b68db3db73e,887ca114a3e64d1f43d437b0cb11becab0d597f02a01acc91bea07a62bf786b9
sample,dense_crlf-1024,346,1684946,256499,500,3ad915702f8927321f50e4db42a4d0b3acc0b7d7299945a087ea3b68db3db73e,887ca114a3e64d1f43d437b0cb11becab0d597f02a01acc91bea07a62bf786b9
sample,dense_crlf-1024,347,1671336,256499,500,3ad915702f8927321f50e4db42a4d0b3acc0b7d7299945a087ea3b68db3db73e,887ca114a3e64d1f43d437b0cb11becab0d597f02a01acc91bea07a62bf786b9
sample,dense_crlf-1024,348,1680816,256499,500,3ad915702f8927321f50e4db42a4d0b3acc0b7d7299945a087ea3b68db3db73e,887ca114a3e64d1f43d437b0cb11becab0d597f02a01acc91bea07a62bf786b9
sample,dense_crlf-1024,349,1679397,256499,500,3ad915702f8927321f50e4db42a4d0b3acc0b7d7299945a087ea3b68db3db73e,887ca114a3e64d1f43d437b0cb11becab0d597f02a01acc91bea07a62bf786b9
sample,dense_crlf-1024,350,1675286,256499,500,3ad915702f8927321f50e4db42a4d0b3acc0b7d7299945a087ea3b68db3db73e,887ca114a3e64d1f43d437b0cb11becab0d597f02a01acc91bea07a62bf786b9
sample,dense_crlf-1024,351,1677446,256499,500,3ad915702f8927321f50e4db42a4d0b3acc0b7d7299945a087ea3b68db3db73e,887ca114a3e64d1f43d437b0cb11becab0d597f02a01acc91bea07a62bf786b9
sample,dense_crlf-1024,352,1676326,256499,500,3ad915702f8927321f50e4db42a4d0b3acc0b7d7299945a087ea3b68db3db73e,887ca114a3e64d1f43d437b0cb11becab0d597f02a01acc91bea07a62bf786b9
sample,dense_crlf-1024,353,1675057,256499,500,3ad915702f8927321f50e4db42a4d0b3acc0b7d7299945a087ea3b68db3db73e,887ca114a3e64d1f43d437b0cb11becab0d597f02a01acc91bea07a62bf786b9
sample,dense_crlf-1024,354,1675946,256499,500,3ad915702f8927321f50e4db42a4d0b3acc0b7d7299945a087ea3b68db3db73e,887ca114a3e64d1f43d437b0cb11becab0d597f02a01acc91bea07a62bf786b9
sample,dense_crlf-1024,355,1678256,256499,500,3ad915702f8927321f50e4db42a4d0b3acc0b7d7299945a087ea3b68db3db73e,887ca114a3e64d1f43d437b0cb11becab0d597f02a01acc91bea07a62bf786b9
sample,dense_crlf-1024,356,1670606,256499,500,3ad915702f8927321f50e4db42a4d0b3acc0b7d7299945a087ea3b68db3db73e,887ca114a3e64d1f43d437b0cb11becab0d597f02a01acc91bea07a62bf786b9
sample,dense_crlf-1024,357,1681276,256499,500,3ad915702f8927321f50e4db42a4d0b3acc0b7d7299945a087ea3b68db3db73e,887ca114a3e64d1f43d437b0cb11becab0d597f02a01acc91bea07a62bf786b9
sample,dense_crlf-1024,358,1677447,256499,500,3ad915702f8927321f50e4db42a4d0b3acc0b7d7299945a087ea3b68db3db73e,887ca114a3e64d1f43d437b0cb11becab0d597f02a01acc91bea07a62bf786b9
sample,dense_crlf-1024,359,1669946,256499,500,3ad915702f8927321f50e4db42a4d0b3acc0b7d7299945a087ea3b68db3db73e,887ca114a3e64d1f43d437b0cb11becab0d597f02a01acc91bea07a62bf786b9
sample,dense_crlf-1024,360,1680116,256499,500,3ad915702f8927321f50e4db42a4d0b3acc0b7d7299945a087ea3b68db3db73e,887ca114a3e64d1f43d437b0cb11becab0d597f02a01acc91bea07a62bf786b9
sample,dense_crlf-1024,361,1675486,256499,500,3ad915702f8927321f50e4db42a4d0b3acc0b7d7299945a087ea3b68db3db73e,887ca114a3e64d1f43d437b0cb11becab0d597f02a01acc91bea07a62bf786b9
sample,dense_crlf-1024,362,1674947,256499,500,3ad915702f8927321f50e4db42a4d0b3acc0b7d7299945a087ea3b68db3db73e,887ca114a3e64d1f43d437b0cb11becab0d597f02a01acc91bea07a62bf786b9
sample,dense_crlf-1024,363,1679826,256499,500,3ad915702f8927321f50e4db42a4d0b3acc0b7d7299945a087ea3b68db3db73e,887ca114a3e64d1f43d437b0cb11becab0d597f02a01acc91bea07a62bf786b9
sample,dense_crlf-1024,364,1677516,256499,500,3ad915702f8927321f50e4db42a4d0b3acc0b7d7299945a087ea3b68db3db73e,887ca114a3e64d1f43d437b0cb11becab0d597f02a01acc91bea07a62bf786b9
sample,dense_crlf-1024,365,1673466,256499,500,3ad915702f8927321f50e4db42a4d0b3acc0b7d7299945a087ea3b68db3db73e,887ca114a3e64d1f43d437b0cb11becab0d597f02a01acc91bea07a62bf786b9
sample,dense_crlf-1024,366,1677607,256499,500,3ad915702f8927321f50e4db42a4d0b3acc0b7d7299945a087ea3b68db3db73e,887ca114a3e64d1f43d437b0cb11becab0d597f02a01acc91bea07a62bf786b9
sample,dense_crlf-1024,367,1679336,256499,500,3ad915702f8927321f50e4db42a4d0b3acc0b7d7299945a087ea3b68db3db73e,887ca114a3e64d1f43d437b0cb11becab0d597f02a01acc91bea07a62bf786b9
sample,dense_crlf-1024,368,1677346,256499,500,3ad915702f8927321f50e4db42a4d0b3acc0b7d7299945a087ea3b68db3db73e,887ca114a3e64d1f43d437b0cb11becab0d597f02a01acc91bea07a62bf786b9
sample,dense_crlf-1024,369,1676376,256499,500,3ad915702f8927321f50e4db42a4d0b3acc0b7d7299945a087ea3b68db3db73e,887ca114a3e64d1f43d437b0cb11becab0d597f02a01acc91bea07a62bf786b9
sample,dense_crlf-1024,370,1676246,256499,500,3ad915702f8927321f50e4db42a4d0b3acc0b7d7299945a087ea3b68db3db73e,887ca114a3e64d1f43d437b0cb11becab0d597f02a01acc91bea07a62bf786b9
sample,dense_crlf-1024,371,1676017,256499,500,3ad915702f8927321f50e4db42a4d0b3acc0b7d7299945a087ea3b68db3db73e,887ca114a3e64d1f43d437b0cb11becab0d597f02a01acc91bea07a62bf786b9
sample,dense_crlf-1024,372,1676906,256499,500,3ad915702f8927321f50e4db42a4d0b3acc0b7d7299945a087ea3b68db3db73e,887ca114a3e64d1f43d437b0cb11becab0d597f02a01acc91bea07a62bf786b9
sample,dense_crlf-1024,373,1681586,256499,500,3ad915702f8927321f50e4db42a4d0b3acc0b7d7299945a087ea3b68db3db73e,887ca114a3e64d1f43d437b0cb11becab0d597f02a01acc91bea07a62bf786b9
sample,dense_crlf-1024,374,1680146,256499,500,3ad915702f8927321f50e4db42a4d0b3acc0b7d7299945a087ea3b68db3db73e,887ca114a3e64d1f43d437b0cb11becab0d597f02a01acc91bea07a62bf786b9
sample,dense_crlf-1024,375,1670387,256499,500,3ad915702f8927321f50e4db42a4d0b3acc0b7d7299945a087ea3b68db3db73e,887ca114a3e64d1f43d437b0cb11becab0d597f02a01acc91bea07a62bf786b9
sample,dense_crlf-1024,376,1676126,256499,500,3ad915702f8927321f50e4db42a4d0b3acc0b7d7299945a087ea3b68db3db73e,887ca114a3e64d1f43d437b0cb11becab0d597f02a01acc91bea07a62bf786b9
sample,dense_crlf-1024,377,1680206,256499,500,3ad915702f8927321f50e4db42a4d0b3acc0b7d7299945a087ea3b68db3db73e,887ca114a3e64d1f43d437b0cb11becab0d597f02a01acc91bea07a62bf786b9
sample,dense_crlf-1024,378,1671476,256499,500,3ad915702f8927321f50e4db42a4d0b3acc0b7d7299945a087ea3b68db3db73e,887ca114a3e64d1f43d437b0cb11becab0d597f02a01acc91bea07a62bf786b9
sample,dense_crlf-1024,379,1680027,256499,500,3ad915702f8927321f50e4db42a4d0b3acc0b7d7299945a087ea3b68db3db73e,887ca114a3e64d1f43d437b0cb11becab0d597f02a01acc91bea07a62bf786b9
sample,dense_crlf-1024,380,1677556,256499,500,3ad915702f8927321f50e4db42a4d0b3acc0b7d7299945a087ea3b68db3db73e,887ca114a3e64d1f43d437b0cb11becab0d597f02a01acc91bea07a62bf786b9
sample,dense_crlf-1024,381,1673356,256499,500,3ad915702f8927321f50e4db42a4d0b3acc0b7d7299945a087ea3b68db3db73e,887ca114a3e64d1f43d437b0cb11becab0d597f02a01acc91bea07a62bf786b9
sample,dense_crlf-1024,382,1678526,256499,500,3ad915702f8927321f50e4db42a4d0b3acc0b7d7299945a087ea3b68db3db73e,887ca114a3e64d1f43d437b0cb11becab0d597f02a01acc91bea07a62bf786b9
sample,dense_crlf-1024,383,1677406,256499,500,3ad915702f8927321f50e4db42a4d0b3acc0b7d7299945a087ea3b68db3db73e,887ca114a3e64d1f43d437b0cb11becab0d597f02a01acc91bea07a62bf786b9
sample,dense_crlf-1024,384,1677707,256499,500,3ad915702f8927321f50e4db42a4d0b3acc0b7d7299945a087ea3b68db3db73e,887ca114a3e64d1f43d437b0cb11becab0d597f02a01acc91bea07a62bf786b9
sample,dense_crlf-1024,385,1676766,256499,500,3ad915702f8927321f50e4db42a4d0b3acc0b7d7299945a087ea3b68db3db73e,887ca114a3e64d1f43d437b0cb11becab0d597f02a01acc91bea07a62bf786b9
sample,dense_crlf-1024,386,1679256,256499,500,3ad915702f8927321f50e4db42a4d0b3acc0b7d7299945a087ea3b68db3db73e,887ca114a3e64d1f43d437b0cb11becab0d597f02a01acc91bea07a62bf786b9
sample,dense_crlf-1024,387,1672486,256499,500,3ad915702f8927321f50e4db42a4d0b3acc0b7d7299945a087ea3b68db3db73e,887ca114a3e64d1f43d437b0cb11becab0d597f02a01acc91bea07a62bf786b9
sample,dense_crlf-1024,388,1681917,256499,500,3ad915702f8927321f50e4db42a4d0b3acc0b7d7299945a087ea3b68db3db73e,887ca114a3e64d1f43d437b0cb11becab0d597f02a01acc91bea07a62bf786b9
sample,dense_crlf-1024,389,1675136,256499,500,3ad915702f8927321f50e4db42a4d0b3acc0b7d7299945a087ea3b68db3db73e,887ca114a3e64d1f43d437b0cb11becab0d597f02a01acc91bea07a62bf786b9
sample,dense_crlf-1024,390,1672286,256499,500,3ad915702f8927321f50e4db42a4d0b3acc0b7d7299945a087ea3b68db3db73e,887ca114a3e64d1f43d437b0cb11becab0d597f02a01acc91bea07a62bf786b9
sample,dense_crlf-1024,391,1681506,256499,500,3ad915702f8927321f50e4db42a4d0b3acc0b7d7299945a087ea3b68db3db73e,887ca114a3e64d1f43d437b0cb11becab0d597f02a01acc91bea07a62bf786b9
sample,dense_crlf-1024,392,1675727,256499,500,3ad915702f8927321f50e4db42a4d0b3acc0b7d7299945a087ea3b68db3db73e,887ca114a3e64d1f43d437b0cb11becab0d597f02a01acc91bea07a62bf786b9
sample,dense_crlf-1024,393,1678246,256499,500,3ad915702f8927321f50e4db42a4d0b3acc0b7d7299945a087ea3b68db3db73e,887ca114a3e64d1f43d437b0cb11becab0d597f02a01acc91bea07a62bf786b9
sample,dense_crlf-1024,394,1671316,256499,500,3ad915702f8927321f50e4db42a4d0b3acc0b7d7299945a087ea3b68db3db73e,887ca114a3e64d1f43d437b0cb11becab0d597f02a01acc91bea07a62bf786b9
sample,dense_crlf-1024,395,1676526,256499,500,3ad915702f8927321f50e4db42a4d0b3acc0b7d7299945a087ea3b68db3db73e,887ca114a3e64d1f43d437b0cb11becab0d597f02a01acc91bea07a62bf786b9
sample,dense_crlf-1024,396,1678216,256499,500,3ad915702f8927321f50e4db42a4d0b3acc0b7d7299945a087ea3b68db3db73e,887ca114a3e64d1f43d437b0cb11becab0d597f02a01acc91bea07a62bf786b9
sample,dense_crlf-1024,397,1672417,256499,500,3ad915702f8927321f50e4db42a4d0b3acc0b7d7299945a087ea3b68db3db73e,887ca114a3e64d1f43d437b0cb11becab0d597f02a01acc91bea07a62bf786b9
sample,dense_crlf-1024,398,1680056,256499,500,3ad915702f8927321f50e4db42a4d0b3acc0b7d7299945a087ea3b68db3db73e,887ca114a3e64d1f43d437b0cb11becab0d597f02a01acc91bea07a62bf786b9
sample,dense_crlf-1024,399,1681106,256499,500,3ad915702f8927321f50e4db42a4d0b3acc0b7d7299945a087ea3b68db3db73e,887ca114a3e64d1f43d437b0cb11becab0d597f02a01acc91bea07a62bf786b9
sample,dense_crlf-1024,400,1674456,256499,500,3ad915702f8927321f50e4db42a4d0b3acc0b7d7299945a087ea3b68db3db73e,887ca114a3e64d1f43d437b0cb11becab0d597f02a01acc91bea07a62bf786b9
sample,dense_crlf-1024,401,1686207,256499,500,3ad915702f8927321f50e4db42a4d0b3acc0b7d7299945a087ea3b68db3db73e,887ca114a3e64d1f43d437b0cb11becab0d597f02a01acc91bea07a62bf786b9
sample,dense_crlf-1024,402,1676116,256499,500,3ad915702f8927321f50e4db42a4d0b3acc0b7d7299945a087ea3b68db3db73e,887ca114a3e64d1f43d437b0cb11becab0d597f02a01acc91bea07a62bf786b9
sample,dense_crlf-1024,403,1677446,256499,500,3ad915702f8927321f50e4db42a4d0b3acc0b7d7299945a087ea3b68db3db73e,887ca114a3e64d1f43d437b0cb11becab0d597f02a01acc91bea07a62bf786b9
sample,dense_crlf-1024,404,1679266,256499,500,3ad915702f8927321f50e4db42a4d0b3acc0b7d7299945a087ea3b68db3db73e,887ca114a3e64d1f43d437b0cb11becab0d597f02a01acc91bea07a62bf786b9
sample,dense_crlf-1024,405,1680847,256499,500,3ad915702f8927321f50e4db42a4d0b3acc0b7d7299945a087ea3b68db3db73e,887ca114a3e64d1f43d437b0cb11becab0d597f02a01acc91bea07a62bf786b9
sample,dense_crlf-1024,406,1673296,256499,500,3ad915702f8927321f50e4db42a4d0b3acc0b7d7299945a087ea3b68db3db73e,887ca114a3e64d1f43d437b0cb11becab0d597f02a01acc91bea07a62bf786b9
sample,dense_crlf-1024,407,1683166,256499,500,3ad915702f8927321f50e4db42a4d0b3acc0b7d7299945a087ea3b68db3db73e,887ca114a3e64d1f43d437b0cb11becab0d597f02a01acc91bea07a62bf786b9
sample,dense_crlf-1024,408,1677786,256499,500,3ad915702f8927321f50e4db42a4d0b3acc0b7d7299945a087ea3b68db3db73e,887ca114a3e64d1f43d437b0cb11becab0d597f02a01acc91bea07a62bf786b9
sample,dense_crlf-1024,409,1671827,256499,500,3ad915702f8927321f50e4db42a4d0b3acc0b7d7299945a087ea3b68db3db73e,887ca114a3e64d1f43d437b0cb11becab0d597f02a01acc91bea07a62bf786b9
sample,dense_crlf-1024,410,1679116,256499,500,3ad915702f8927321f50e4db42a4d0b3acc0b7d7299945a087ea3b68db3db73e,887ca114a3e64d1f43d437b0cb11becab0d597f02a01acc91bea07a62bf786b9
sample,dense_crlf-1024,411,1677806,256499,500,3ad915702f8927321f50e4db42a4d0b3acc0b7d7299945a087ea3b68db3db73e,887ca114a3e64d1f43d437b0cb11becab0d597f02a01acc91bea07a62bf786b9
sample,dense_crlf-1024,412,1675336,256499,500,3ad915702f8927321f50e4db42a4d0b3acc0b7d7299945a087ea3b68db3db73e,887ca114a3e64d1f43d437b0cb11becab0d597f02a01acc91bea07a62bf786b9
sample,dense_crlf-1024,413,1676176,256499,500,3ad915702f8927321f50e4db42a4d0b3acc0b7d7299945a087ea3b68db3db73e,887ca114a3e64d1f43d437b0cb11becab0d597f02a01acc91bea07a62bf786b9
sample,dense_crlf-1024,414,1676046,256499,500,3ad915702f8927321f50e4db42a4d0b3acc0b7d7299945a087ea3b68db3db73e,887ca114a3e64d1f43d437b0cb11becab0d597f02a01acc91bea07a62bf786b9
sample,dense_crlf-1024,415,1673786,256499,500,3ad915702f8927321f50e4db42a4d0b3acc0b7d7299945a087ea3b68db3db73e,887ca114a3e64d1f43d437b0cb11becab0d597f02a01acc91bea07a62bf786b9
sample,dense_crlf-1024,416,1677256,256499,500,3ad915702f8927321f50e4db42a4d0b3acc0b7d7299945a087ea3b68db3db73e,887ca114a3e64d1f43d437b0cb11becab0d597f02a01acc91bea07a62bf786b9
sample,dense_crlf-1024,417,1684506,256499,500,3ad915702f8927321f50e4db42a4d0b3acc0b7d7299945a087ea3b68db3db73e,887ca114a3e64d1f43d437b0cb11becab0d597f02a01acc91bea07a62bf786b9
sample,dense_crlf-1024,418,1679827,256499,500,3ad915702f8927321f50e4db42a4d0b3acc0b7d7299945a087ea3b68db3db73e,887ca114a3e64d1f43d437b0cb11becab0d597f02a01acc91bea07a62bf786b9
sample,dense_crlf-1024,419,1674836,256499,500,3ad915702f8927321f50e4db42a4d0b3acc0b7d7299945a087ea3b68db3db73e,887ca114a3e64d1f43d437b0cb11becab0d597f02a01acc91bea07a62bf786b9
sample,dense_crlf-1024,420,1677186,256499,500,3ad915702f8927321f50e4db42a4d0b3acc0b7d7299945a087ea3b68db3db73e,887ca114a3e64d1f43d437b0cb11becab0d597f02a01acc91bea07a62bf786b9
sample,dense_crlf-1024,421,1676586,256499,500,3ad915702f8927321f50e4db42a4d0b3acc0b7d7299945a087ea3b68db3db73e,887ca114a3e64d1f43d437b0cb11becab0d597f02a01acc91bea07a62bf786b9
sample,dense_crlf-1024,422,1675027,256499,500,3ad915702f8927321f50e4db42a4d0b3acc0b7d7299945a087ea3b68db3db73e,887ca114a3e64d1f43d437b0cb11becab0d597f02a01acc91bea07a62bf786b9
sample,dense_crlf-1024,423,1677176,256499,500,3ad915702f8927321f50e4db42a4d0b3acc0b7d7299945a087ea3b68db3db73e,887ca114a3e64d1f43d437b0cb11becab0d597f02a01acc91bea07a62bf786b9
sample,dense_crlf-1024,424,1681986,256499,500,3ad915702f8927321f50e4db42a4d0b3acc0b7d7299945a087ea3b68db3db73e,887ca114a3e64d1f43d437b0cb11becab0d597f02a01acc91bea07a62bf786b9
sample,dense_crlf-1024,425,1675226,256499,500,3ad915702f8927321f50e4db42a4d0b3acc0b7d7299945a087ea3b68db3db73e,887ca114a3e64d1f43d437b0cb11becab0d597f02a01acc91bea07a62bf786b9
sample,dense_crlf-1024,426,1686947,256499,500,3ad915702f8927321f50e4db42a4d0b3acc0b7d7299945a087ea3b68db3db73e,887ca114a3e64d1f43d437b0cb11becab0d597f02a01acc91bea07a62bf786b9
sample,dense_crlf-1024,427,1681736,256499,500,3ad915702f8927321f50e4db42a4d0b3acc0b7d7299945a087ea3b68db3db73e,887ca114a3e64d1f43d437b0cb11becab0d597f02a01acc91bea07a62bf786b9
sample,dense_crlf-1024,428,1670946,256499,500,3ad915702f8927321f50e4db42a4d0b3acc0b7d7299945a087ea3b68db3db73e,887ca114a3e64d1f43d437b0cb11becab0d597f02a01acc91bea07a62bf786b9
sample,dense_crlf-1024,429,1680706,256499,500,3ad915702f8927321f50e4db42a4d0b3acc0b7d7299945a087ea3b68db3db73e,887ca114a3e64d1f43d437b0cb11becab0d597f02a01acc91bea07a62bf786b9
sample,dense_crlf-1024,430,1678807,256499,500,3ad915702f8927321f50e4db42a4d0b3acc0b7d7299945a087ea3b68db3db73e,887ca114a3e64d1f43d437b0cb11becab0d597f02a01acc91bea07a62bf786b9
sample,dense_crlf-1024,431,1675586,256499,500,3ad915702f8927321f50e4db42a4d0b3acc0b7d7299945a087ea3b68db3db73e,887ca114a3e64d1f43d437b0cb11becab0d597f02a01acc91bea07a62bf786b9
sample,dense_crlf-1024,432,1677106,256499,500,3ad915702f8927321f50e4db42a4d0b3acc0b7d7299945a087ea3b68db3db73e,887ca114a3e64d1f43d437b0cb11becab0d597f02a01acc91bea07a62bf786b9
sample,dense_crlf-1024,433,1676536,256499,500,3ad915702f8927321f50e4db42a4d0b3acc0b7d7299945a087ea3b68db3db73e,887ca114a3e64d1f43d437b0cb11becab0d597f02a01acc91bea07a62bf786b9
sample,dense_crlf-1024,434,1675096,256499,500,3ad915702f8927321f50e4db42a4d0b3acc0b7d7299945a087ea3b68db3db73e,887ca114a3e64d1f43d437b0cb11becab0d597f02a01acc91bea07a62bf786b9
sample,dense_crlf-1024,435,1677867,256499,500,3ad915702f8927321f50e4db42a4d0b3acc0b7d7299945a087ea3b68db3db73e,887ca114a3e64d1f43d437b0cb11becab0d597f02a01acc91bea07a62bf786b9
sample,dense_crlf-1024,436,1681026,256499,500,3ad915702f8927321f50e4db42a4d0b3acc0b7d7299945a087ea3b68db3db73e,887ca114a3e64d1f43d437b0cb11becab0d597f02a01acc91bea07a62bf786b9
sample,dense_crlf-1024,437,1671976,256499,500,3ad915702f8927321f50e4db42a4d0b3acc0b7d7299945a087ea3b68db3db73e,887ca114a3e64d1f43d437b0cb11becab0d597f02a01acc91bea07a62bf786b9
sample,dense_crlf-1024,438,1682526,256499,500,3ad915702f8927321f50e4db42a4d0b3acc0b7d7299945a087ea3b68db3db73e,887ca114a3e64d1f43d437b0cb11becab0d597f02a01acc91bea07a62bf786b9
sample,dense_crlf-1024,439,1678587,256499,500,3ad915702f8927321f50e4db42a4d0b3acc0b7d7299945a087ea3b68db3db73e,887ca114a3e64d1f43d437b0cb11becab0d597f02a01acc91bea07a62bf786b9
sample,dense_crlf-1024,440,1673366,256499,500,3ad915702f8927321f50e4db42a4d0b3acc0b7d7299945a087ea3b68db3db73e,887ca114a3e64d1f43d437b0cb11becab0d597f02a01acc91bea07a62bf786b9
sample,dense_crlf-1024,441,1681936,256499,500,3ad915702f8927321f50e4db42a4d0b3acc0b7d7299945a087ea3b68db3db73e,887ca114a3e64d1f43d437b0cb11becab0d597f02a01acc91bea07a62bf786b9
sample,dense_crlf-1024,442,1677116,256499,500,3ad915702f8927321f50e4db42a4d0b3acc0b7d7299945a087ea3b68db3db73e,887ca114a3e64d1f43d437b0cb11becab0d597f02a01acc91bea07a62bf786b9
sample,dense_crlf-1024,443,1680447,256499,500,3ad915702f8927321f50e4db42a4d0b3acc0b7d7299945a087ea3b68db3db73e,887ca114a3e64d1f43d437b0cb11becab0d597f02a01acc91bea07a62bf786b9
sample,dense_crlf-1024,444,1672246,256499,500,3ad915702f8927321f50e4db42a4d0b3acc0b7d7299945a087ea3b68db3db73e,887ca114a3e64d1f43d437b0cb11becab0d597f02a01acc91bea07a62bf786b9
sample,dense_crlf-1024,445,1676436,256499,500,3ad915702f8927321f50e4db42a4d0b3acc0b7d7299945a087ea3b68db3db73e,887ca114a3e64d1f43d437b0cb11becab0d597f02a01acc91bea07a62bf786b9
sample,dense_crlf-1024,446,1685506,256499,500,3ad915702f8927321f50e4db42a4d0b3acc0b7d7299945a087ea3b68db3db73e,887ca114a3e64d1f43d437b0cb11becab0d597f02a01acc91bea07a62bf786b9
sample,dense_crlf-1024,447,1675196,256499,500,3ad915702f8927321f50e4db42a4d0b3acc0b7d7299945a087ea3b68db3db73e,887ca114a3e64d1f43d437b0cb11becab0d597f02a01acc91bea07a62bf786b9
sample,dense_crlf-1024,448,1684217,256499,500,3ad915702f8927321f50e4db42a4d0b3acc0b7d7299945a087ea3b68db3db73e,887ca114a3e64d1f43d437b0cb11becab0d597f02a01acc91bea07a62bf786b9
sample,dense_crlf-1024,449,1680626,256499,500,3ad915702f8927321f50e4db42a4d0b3acc0b7d7299945a087ea3b68db3db73e,887ca114a3e64d1f43d437b0cb11becab0d597f02a01acc91bea07a62bf786b9
sample,dense_crlf-1024,450,1674586,256499,500,3ad915702f8927321f50e4db42a4d0b3acc0b7d7299945a087ea3b68db3db73e,887ca114a3e64d1f43d437b0cb11becab0d597f02a01acc91bea07a62bf786b9
sample,dense_crlf-1024,451,1679076,256499,500,3ad915702f8927321f50e4db42a4d0b3acc0b7d7299945a087ea3b68db3db73e,887ca114a3e64d1f43d437b0cb11becab0d597f02a01acc91bea07a62bf786b9
sample,dense_crlf-1024,452,1685147,256499,500,3ad915702f8927321f50e4db42a4d0b3acc0b7d7299945a087ea3b68db3db73e,887ca114a3e64d1f43d437b0cb11becab0d597f02a01acc91bea07a62bf786b9
sample,dense_crlf-1024,453,1675236,256499,500,3ad915702f8927321f50e4db42a4d0b3acc0b7d7299945a087ea3b68db3db73e,887ca114a3e64d1f43d437b0cb11becab0d597f02a01acc91bea07a62bf786b9
sample,dense_crlf-1024,454,1678306,256499,500,3ad915702f8927321f50e4db42a4d0b3acc0b7d7299945a087ea3b68db3db73e,887ca114a3e64d1f43d437b0cb11becab0d597f02a01acc91bea07a62bf786b9
sample,dense_crlf-1024,455,1681616,256499,500,3ad915702f8927321f50e4db42a4d0b3acc0b7d7299945a087ea3b68db3db73e,887ca114a3e64d1f43d437b0cb11becab0d597f02a01acc91bea07a62bf786b9
sample,dense_crlf-1024,456,1673147,256499,500,3ad915702f8927321f50e4db42a4d0b3acc0b7d7299945a087ea3b68db3db73e,887ca114a3e64d1f43d437b0cb11becab0d597f02a01acc91bea07a62bf786b9
sample,dense_crlf-1024,457,1681306,256499,500,3ad915702f8927321f50e4db42a4d0b3acc0b7d7299945a087ea3b68db3db73e,887ca114a3e64d1f43d437b0cb11becab0d597f02a01acc91bea07a62bf786b9
sample,dense_crlf-1024,458,1680476,256499,500,3ad915702f8927321f50e4db42a4d0b3acc0b7d7299945a087ea3b68db3db73e,887ca114a3e64d1f43d437b0cb11becab0d597f02a01acc91bea07a62bf786b9
sample,dense_crlf-1024,459,1675066,256499,500,3ad915702f8927321f50e4db42a4d0b3acc0b7d7299945a087ea3b68db3db73e,887ca114a3e64d1f43d437b0cb11becab0d597f02a01acc91bea07a62bf786b9
sample,dense_crlf-1024,460,1680917,256499,500,3ad915702f8927321f50e4db42a4d0b3acc0b7d7299945a087ea3b68db3db73e,887ca114a3e64d1f43d437b0cb11becab0d597f02a01acc91bea07a62bf786b9
sample,dense_crlf-1024,461,1679806,256499,500,3ad915702f8927321f50e4db42a4d0b3acc0b7d7299945a087ea3b68db3db73e,887ca114a3e64d1f43d437b0cb11becab0d597f02a01acc91bea07a62bf786b9
sample,dense_crlf-1024,462,1673956,256499,500,3ad915702f8927321f50e4db42a4d0b3acc0b7d7299945a087ea3b68db3db73e,887ca114a3e64d1f43d437b0cb11becab0d597f02a01acc91bea07a62bf786b9
sample,dense_crlf-1024,463,1681106,256499,500,3ad915702f8927321f50e4db42a4d0b3acc0b7d7299945a087ea3b68db3db73e,887ca114a3e64d1f43d437b0cb11becab0d597f02a01acc91bea07a62bf786b9
sample,dense_crlf-1024,464,1679937,256499,500,3ad915702f8927321f50e4db42a4d0b3acc0b7d7299945a087ea3b68db3db73e,887ca114a3e64d1f43d437b0cb11becab0d597f02a01acc91bea07a62bf786b9
sample,dense_crlf-1024,465,1683116,256499,500,3ad915702f8927321f50e4db42a4d0b3acc0b7d7299945a087ea3b68db3db73e,887ca114a3e64d1f43d437b0cb11becab0d597f02a01acc91bea07a62bf786b9
sample,dense_crlf-1024,466,1675486,256499,500,3ad915702f8927321f50e4db42a4d0b3acc0b7d7299945a087ea3b68db3db73e,887ca114a3e64d1f43d437b0cb11becab0d597f02a01acc91bea07a62bf786b9
sample,dense_crlf-1024,467,1683636,256499,500,3ad915702f8927321f50e4db42a4d0b3acc0b7d7299945a087ea3b68db3db73e,887ca114a3e64d1f43d437b0cb11becab0d597f02a01acc91bea07a62bf786b9
sample,dense_crlf-1024,468,1678856,256499,500,3ad915702f8927321f50e4db42a4d0b3acc0b7d7299945a087ea3b68db3db73e,887ca114a3e64d1f43d437b0cb11becab0d597f02a01acc91bea07a62bf786b9
sample,dense_crlf-1024,469,1673117,256499,500,3ad915702f8927321f50e4db42a4d0b3acc0b7d7299945a087ea3b68db3db73e,887ca114a3e64d1f43d437b0cb11becab0d597f02a01acc91bea07a62bf786b9
sample,dense_crlf-1024,470,1678666,256499,500,3ad915702f8927321f50e4db42a4d0b3acc0b7d7299945a087ea3b68db3db73e,887ca114a3e64d1f43d437b0cb11becab0d597f02a01acc91bea07a62bf786b9
sample,dense_crlf-1024,471,1679026,256499,500,3ad915702f8927321f50e4db42a4d0b3acc0b7d7299945a087ea3b68db3db73e,887ca114a3e64d1f43d437b0cb11becab0d597f02a01acc91bea07a62bf786b9
sample,dense_crlf-1024,472,1677666,256499,500,3ad915702f8927321f50e4db42a4d0b3acc0b7d7299945a087ea3b68db3db73e,887ca114a3e64d1f43d437b0cb11becab0d597f02a01acc91bea07a62bf786b9
sample,dense_crlf-1024,473,1681076,256499,500,3ad915702f8927321f50e4db42a4d0b3acc0b7d7299945a087ea3b68db3db73e,887ca114a3e64d1f43d437b0cb11becab0d597f02a01acc91bea07a62bf786b9
sample,dense_crlf-1024,474,1685816,256499,500,3ad915702f8927321f50e4db42a4d0b3acc0b7d7299945a087ea3b68db3db73e,887ca114a3e64d1f43d437b0cb11becab0d597f02a01acc91bea07a62bf786b9
sample,dense_crlf-1024,475,1675466,256499,500,3ad915702f8927321f50e4db42a4d0b3acc0b7d7299945a087ea3b68db3db73e,887ca114a3e64d1f43d437b0cb11becab0d597f02a01acc91bea07a62bf786b9
sample,dense_crlf-1024,476,1682256,256499,500,3ad915702f8927321f50e4db42a4d0b3acc0b7d7299945a087ea3b68db3db73e,887ca114a3e64d1f43d437b0cb11becab0d597f02a01acc91bea07a62bf786b9
sample,dense_crlf-1024,477,1680896,256499,500,3ad915702f8927321f50e4db42a4d0b3acc0b7d7299945a087ea3b68db3db73e,887ca114a3e64d1f43d437b0cb11becab0d597f02a01acc91bea07a62bf786b9
sample,dense_crlf-1024,478,1677946,256499,500,3ad915702f8927321f50e4db42a4d0b3acc0b7d7299945a087ea3b68db3db73e,887ca114a3e64d1f43d437b0cb11becab0d597f02a01acc91bea07a62bf786b9
sample,dense_crlf-1024,479,1687526,256499,500,3ad915702f8927321f50e4db42a4d0b3acc0b7d7299945a087ea3b68db3db73e,887ca114a3e64d1f43d437b0cb11becab0d597f02a01acc91bea07a62bf786b9
sample,dense_crlf-1024,480,1680226,256499,500,3ad915702f8927321f50e4db42a4d0b3acc0b7d7299945a087ea3b68db3db73e,887ca114a3e64d1f43d437b0cb11becab0d597f02a01acc91bea07a62bf786b9
sample,dense_crlf-1024,481,1676047,256499,500,3ad915702f8927321f50e4db42a4d0b3acc0b7d7299945a087ea3b68db3db73e,887ca114a3e64d1f43d437b0cb11becab0d597f02a01acc91bea07a62bf786b9
sample,dense_crlf-1024,482,1680006,256499,500,3ad915702f8927321f50e4db42a4d0b3acc0b7d7299945a087ea3b68db3db73e,887ca114a3e64d1f43d437b0cb11becab0d597f02a01acc91bea07a62bf786b9
sample,dense_crlf-1024,483,1682606,256499,500,3ad915702f8927321f50e4db42a4d0b3acc0b7d7299945a087ea3b68db3db73e,887ca114a3e64d1f43d437b0cb11becab0d597f02a01acc91bea07a62bf786b9
sample,dense_crlf-1024,484,1682666,256499,500,3ad915702f8927321f50e4db42a4d0b3acc0b7d7299945a087ea3b68db3db73e,887ca114a3e64d1f43d437b0cb11becab0d597f02a01acc91bea07a62bf786b9
sample,dense_crlf-1024,485,1673857,256499,500,3ad915702f8927321f50e4db42a4d0b3acc0b7d7299945a087ea3b68db3db73e,887ca114a3e64d1f43d437b0cb11becab0d597f02a01acc91bea07a62bf786b9
sample,dense_crlf-1024,486,1683906,256499,500,3ad915702f8927321f50e4db42a4d0b3acc0b7d7299945a087ea3b68db3db73e,887ca114a3e64d1f43d437b0cb11becab0d597f02a01acc91bea07a62bf786b9
sample,dense_crlf-1024,487,1680646,256499,500,3ad915702f8927321f50e4db42a4d0b3acc0b7d7299945a087ea3b68db3db73e,887ca114a3e64d1f43d437b0cb11becab0d597f02a01acc91bea07a62bf786b9
sample,dense_crlf-1024,488,1679686,256499,500,3ad915702f8927321f50e4db42a4d0b3acc0b7d7299945a087ea3b68db3db73e,887ca114a3e64d1f43d437b0cb11becab0d597f02a01acc91bea07a62bf786b9
sample,dense_crlf-1024,489,1680887,256499,500,3ad915702f8927321f50e4db42a4d0b3acc0b7d7299945a087ea3b68db3db73e,887ca114a3e64d1f43d437b0cb11becab0d597f02a01acc91bea07a62bf786b9
sample,dense_crlf-1024,490,1682586,256499,500,3ad915702f8927321f50e4db42a4d0b3acc0b7d7299945a087ea3b68db3db73e,887ca114a3e64d1f43d437b0cb11becab0d597f02a01acc91bea07a62bf786b9
sample,dense_crlf-1024,491,1676716,256499,500,3ad915702f8927321f50e4db42a4d0b3acc0b7d7299945a087ea3b68db3db73e,887ca114a3e64d1f43d437b0cb11becab0d597f02a01acc91bea07a62bf786b9
sample,dense_crlf-1024,492,1679206,256499,500,3ad915702f8927321f50e4db42a4d0b3acc0b7d7299945a087ea3b68db3db73e,887ca114a3e64d1f43d437b0cb11becab0d597f02a01acc91bea07a62bf786b9
sample,dense_crlf-1024,493,1681347,256499,500,3ad915702f8927321f50e4db42a4d0b3acc0b7d7299945a087ea3b68db3db73e,887ca114a3e64d1f43d437b0cb11becab0d597f02a01acc91bea07a62bf786b9
sample,dense_crlf-1024,494,1673016,256499,500,3ad915702f8927321f50e4db42a4d0b3acc0b7d7299945a087ea3b68db3db73e,887ca114a3e64d1f43d437b0cb11becab0d597f02a01acc91bea07a62bf786b9
sample,dense_crlf-1024,495,1684366,256499,500,3ad915702f8927321f50e4db42a4d0b3acc0b7d7299945a087ea3b68db3db73e,887ca114a3e64d1f43d437b0cb11becab0d597f02a01acc91bea07a62bf786b9
sample,dense_crlf-1024,496,1681566,256499,500,3ad915702f8927321f50e4db42a4d0b3acc0b7d7299945a087ea3b68db3db73e,887ca114a3e64d1f43d437b0cb11becab0d597f02a01acc91bea07a62bf786b9
sample,dense_crlf-1024,497,1672597,256499,500,3ad915702f8927321f50e4db42a4d0b3acc0b7d7299945a087ea3b68db3db73e,887ca114a3e64d1f43d437b0cb11becab0d597f02a01acc91bea07a62bf786b9
sample,dense_crlf-1024,498,1682436,256499,500,3ad915702f8927321f50e4db42a4d0b3acc0b7d7299945a087ea3b68db3db73e,887ca114a3e64d1f43d437b0cb11becab0d597f02a01acc91bea07a62bf786b9
sample,dense_crlf-1024,499,1680496,256499,500,3ad915702f8927321f50e4db42a4d0b3acc0b7d7299945a087ea3b68db3db73e,887ca114a3e64d1f43d437b0cb11becab0d597f02a01acc91bea07a62bf786b9
sample,all_cr-1024,0,3221382,512499,500,8daa7311fa122f481e84b77d4b9415697087da2a1308fe3345308bbb8764f55c,fad1998d4f23c96219b7cb5c251ce4d8bb9de2fa697aec86f84a98607574224c
sample,all_cr-1024,1,3293412,512499,500,8daa7311fa122f481e84b77d4b9415697087da2a1308fe3345308bbb8764f55c,fad1998d4f23c96219b7cb5c251ce4d8bb9de2fa697aec86f84a98607574224c
sample,all_cr-1024,2,3220042,512499,500,8daa7311fa122f481e84b77d4b9415697087da2a1308fe3345308bbb8764f55c,fad1998d4f23c96219b7cb5c251ce4d8bb9de2fa697aec86f84a98607574224c
sample,all_cr-1024,3,3220552,512499,500,8daa7311fa122f481e84b77d4b9415697087da2a1308fe3345308bbb8764f55c,fad1998d4f23c96219b7cb5c251ce4d8bb9de2fa697aec86f84a98607574224c
sample,all_cr-1024,4,3225262,512499,500,8daa7311fa122f481e84b77d4b9415697087da2a1308fe3345308bbb8764f55c,fad1998d4f23c96219b7cb5c251ce4d8bb9de2fa697aec86f84a98607574224c
sample,all_cr-1024,5,3228392,512499,500,8daa7311fa122f481e84b77d4b9415697087da2a1308fe3345308bbb8764f55c,fad1998d4f23c96219b7cb5c251ce4d8bb9de2fa697aec86f84a98607574224c
sample,all_cr-1024,6,3217482,512499,500,8daa7311fa122f481e84b77d4b9415697087da2a1308fe3345308bbb8764f55c,fad1998d4f23c96219b7cb5c251ce4d8bb9de2fa697aec86f84a98607574224c
sample,all_cr-1024,7,3222962,512499,500,8daa7311fa122f481e84b77d4b9415697087da2a1308fe3345308bbb8764f55c,fad1998d4f23c96219b7cb5c251ce4d8bb9de2fa697aec86f84a98607574224c
sample,all_cr-1024,8,3216702,512499,500,8daa7311fa122f481e84b77d4b9415697087da2a1308fe3345308bbb8764f55c,fad1998d4f23c96219b7cb5c251ce4d8bb9de2fa697aec86f84a98607574224c
sample,all_cr-1024,9,3231442,512499,500,8daa7311fa122f481e84b77d4b9415697087da2a1308fe3345308bbb8764f55c,fad1998d4f23c96219b7cb5c251ce4d8bb9de2fa697aec86f84a98607574224c
sample,all_cr-1024,10,3221412,512499,500,8daa7311fa122f481e84b77d4b9415697087da2a1308fe3345308bbb8764f55c,fad1998d4f23c96219b7cb5c251ce4d8bb9de2fa697aec86f84a98607574224c
sample,all_cr-1024,11,3223211,512499,500,8daa7311fa122f481e84b77d4b9415697087da2a1308fe3345308bbb8764f55c,fad1998d4f23c96219b7cb5c251ce4d8bb9de2fa697aec86f84a98607574224c
sample,all_cr-1024,12,3219792,512499,500,8daa7311fa122f481e84b77d4b9415697087da2a1308fe3345308bbb8764f55c,fad1998d4f23c96219b7cb5c251ce4d8bb9de2fa697aec86f84a98607574224c
sample,all_cr-1024,13,3218422,512499,500,8daa7311fa122f481e84b77d4b9415697087da2a1308fe3345308bbb8764f55c,fad1998d4f23c96219b7cb5c251ce4d8bb9de2fa697aec86f84a98607574224c
sample,all_cr-1024,14,3226952,512499,500,8daa7311fa122f481e84b77d4b9415697087da2a1308fe3345308bbb8764f55c,fad1998d4f23c96219b7cb5c251ce4d8bb9de2fa697aec86f84a98607574224c
sample,all_cr-1024,15,3259903,512499,500,8daa7311fa122f481e84b77d4b9415697087da2a1308fe3345308bbb8764f55c,fad1998d4f23c96219b7cb5c251ce4d8bb9de2fa697aec86f84a98607574224c
sample,all_cr-1024,16,3217621,512499,500,8daa7311fa122f481e84b77d4b9415697087da2a1308fe3345308bbb8764f55c,fad1998d4f23c96219b7cb5c251ce4d8bb9de2fa697aec86f84a98607574224c
sample,all_cr-1024,17,3225232,512499,500,8daa7311fa122f481e84b77d4b9415697087da2a1308fe3345308bbb8764f55c,fad1998d4f23c96219b7cb5c251ce4d8bb9de2fa697aec86f84a98607574224c
sample,all_cr-1024,18,3222652,512499,500,8daa7311fa122f481e84b77d4b9415697087da2a1308fe3345308bbb8764f55c,fad1998d4f23c96219b7cb5c251ce4d8bb9de2fa697aec86f84a98607574224c
sample,all_cr-1024,19,3227172,512499,500,8daa7311fa122f481e84b77d4b9415697087da2a1308fe3345308bbb8764f55c,fad1998d4f23c96219b7cb5c251ce4d8bb9de2fa697aec86f84a98607574224c
sample,all_cr-1024,20,3253142,512499,500,8daa7311fa122f481e84b77d4b9415697087da2a1308fe3345308bbb8764f55c,fad1998d4f23c96219b7cb5c251ce4d8bb9de2fa697aec86f84a98607574224c
sample,all_cr-1024,21,3256913,512499,500,8daa7311fa122f481e84b77d4b9415697087da2a1308fe3345308bbb8764f55c,fad1998d4f23c96219b7cb5c251ce4d8bb9de2fa697aec86f84a98607574224c
sample,all_cr-1024,22,3231542,512499,500,8daa7311fa122f481e84b77d4b9415697087da2a1308fe3345308bbb8764f55c,fad1998d4f23c96219b7cb5c251ce4d8bb9de2fa697aec86f84a98607574224c
sample,all_cr-1024,23,3220101,512499,500,8daa7311fa122f481e84b77d4b9415697087da2a1308fe3345308bbb8764f55c,fad1998d4f23c96219b7cb5c251ce4d8bb9de2fa697aec86f84a98607574224c
sample,all_cr-1024,24,3222042,512499,500,8daa7311fa122f481e84b77d4b9415697087da2a1308fe3345308bbb8764f55c,fad1998d4f23c96219b7cb5c251ce4d8bb9de2fa697aec86f84a98607574224c
sample,all_cr-1024,25,3223212,512499,500,8daa7311fa122f481e84b77d4b9415697087da2a1308fe3345308bbb8764f55c,fad1998d4f23c96219b7cb5c251ce4d8bb9de2fa697aec86f84a98607574224c
sample,all_cr-1024,26,3223902,512499,500,8daa7311fa122f481e84b77d4b9415697087da2a1308fe3345308bbb8764f55c,fad1998d4f23c96219b7cb5c251ce4d8bb9de2fa697aec86f84a98607574224c
sample,all_cr-1024,27,3223342,512499,500,8daa7311fa122f481e84b77d4b9415697087da2a1308fe3345308bbb8764f55c,fad1998d4f23c96219b7cb5c251ce4d8bb9de2fa697aec86f84a98607574224c
sample,all_cr-1024,28,3224112,512499,500,8daa7311fa122f481e84b77d4b9415697087da2a1308fe3345308bbb8764f55c,fad1998d4f23c96219b7cb5c251ce4d8bb9de2fa697aec86f84a98607574224c
sample,all_cr-1024,29,3284183,512499,500,8daa7311fa122f481e84b77d4b9415697087da2a1308fe3345308bbb8764f55c,fad1998d4f23c96219b7cb5c251ce4d8bb9de2fa697aec86f84a98607574224c
sample,all_cr-1024,30,3284422,512499,500,8daa7311fa122f481e84b77d4b9415697087da2a1308fe3345308bbb8764f55c,fad1998d4f23c96219b7cb5c251ce4d8bb9de2fa697aec86f84a98607574224c
sample,all_cr-1024,31,3288612,512499,500,8daa7311fa122f481e84b77d4b9415697087da2a1308fe3345308bbb8764f55c,fad1998d4f23c96219b7cb5c251ce4d8bb9de2fa697aec86f84a98607574224c
sample,all_cr-1024,32,3221302,512499,500,8daa7311fa122f481e84b77d4b9415697087da2a1308fe3345308bbb8764f55c,fad1998d4f23c96219b7cb5c251ce4d8bb9de2fa697aec86f84a98607574224c
sample,all_cr-1024,33,3222172,512499,500,8daa7311fa122f481e84b77d4b9415697087da2a1308fe3345308bbb8764f55c,fad1998d4f23c96219b7cb5c251ce4d8bb9de2fa697aec86f84a98607574224c
sample,all_cr-1024,34,3358972,512499,500,8daa7311fa122f481e84b77d4b9415697087da2a1308fe3345308bbb8764f55c,fad1998d4f23c96219b7cb5c251ce4d8bb9de2fa697aec86f84a98607574224c
sample,all_cr-1024,35,3221372,512499,500,8daa7311fa122f481e84b77d4b9415697087da2a1308fe3345308bbb8764f55c,fad1998d4f23c96219b7cb5c251ce4d8bb9de2fa697aec86f84a98607574224c
sample,all_cr-1024,36,3223602,512499,500,8daa7311fa122f481e84b77d4b9415697087da2a1308fe3345308bbb8764f55c,fad1998d4f23c96219b7cb5c251ce4d8bb9de2fa697aec86f84a98607574224c
sample,all_cr-1024,37,3226902,512499,500,8daa7311fa122f481e84b77d4b9415697087da2a1308fe3345308bbb8764f55c,fad1998d4f23c96219b7cb5c251ce4d8bb9de2fa697aec86f84a98607574224c
sample,all_cr-1024,38,3224722,512499,500,8daa7311fa122f481e84b77d4b9415697087da2a1308fe3345308bbb8764f55c,fad1998d4f23c96219b7cb5c251ce4d8bb9de2fa697aec86f84a98607574224c
sample,all_cr-1024,39,3222642,512499,500,8daa7311fa122f481e84b77d4b9415697087da2a1308fe3345308bbb8764f55c,fad1998d4f23c96219b7cb5c251ce4d8bb9de2fa697aec86f84a98607574224c
sample,all_cr-1024,40,3218642,512499,500,8daa7311fa122f481e84b77d4b9415697087da2a1308fe3345308bbb8764f55c,fad1998d4f23c96219b7cb5c251ce4d8bb9de2fa697aec86f84a98607574224c
sample,all_cr-1024,41,3224562,512499,500,8daa7311fa122f481e84b77d4b9415697087da2a1308fe3345308bbb8764f55c,fad1998d4f23c96219b7cb5c251ce4d8bb9de2fa697aec86f84a98607574224c
sample,all_cr-1024,42,3219742,512499,500,8daa7311fa122f481e84b77d4b9415697087da2a1308fe3345308bbb8764f55c,fad1998d4f23c96219b7cb5c251ce4d8bb9de2fa697aec86f84a98607574224c
sample,all_cr-1024,43,3227682,512499,500,8daa7311fa122f481e84b77d4b9415697087da2a1308fe3345308bbb8764f55c,fad1998d4f23c96219b7cb5c251ce4d8bb9de2fa697aec86f84a98607574224c
sample,all_cr-1024,44,3216612,512499,500,8daa7311fa122f481e84b77d4b9415697087da2a1308fe3345308bbb8764f55c,fad1998d4f23c96219b7cb5c251ce4d8bb9de2fa697aec86f84a98607574224c
sample,all_cr-1024,45,3224292,512499,500,8daa7311fa122f481e84b77d4b9415697087da2a1308fe3345308bbb8764f55c,fad1998d4f23c96219b7cb5c251ce4d8bb9de2fa697aec86f84a98607574224c
sample,all_cr-1024,46,3224092,512499,500,8daa7311fa122f481e84b77d4b9415697087da2a1308fe3345308bbb8764f55c,fad1998d4f23c96219b7cb5c251ce4d8bb9de2fa697aec86f84a98607574224c
sample,all_cr-1024,47,3228812,512499,500,8daa7311fa122f481e84b77d4b9415697087da2a1308fe3345308bbb8764f55c,fad1998d4f23c96219b7cb5c251ce4d8bb9de2fa697aec86f84a98607574224c
sample,all_cr-1024,48,3222112,512499,500,8daa7311fa122f481e84b77d4b9415697087da2a1308fe3345308bbb8764f55c,fad1998d4f23c96219b7cb5c251ce4d8bb9de2fa697aec86f84a98607574224c
sample,all_cr-1024,49,3227952,512499,500,8daa7311fa122f481e84b77d4b9415697087da2a1308fe3345308bbb8764f55c,fad1998d4f23c96219b7cb5c251ce4d8bb9de2fa697aec86f84a98607574224c
sample,all_cr-1024,50,3217412,512499,500,8daa7311fa122f481e84b77d4b9415697087da2a1308fe3345308bbb8764f55c,fad1998d4f23c96219b7cb5c251ce4d8bb9de2fa697aec86f84a98607574224c
sample,all_cr-1024,51,3221812,512499,500,8daa7311fa122f481e84b77d4b9415697087da2a1308fe3345308bbb8764f55c,fad1998d4f23c96219b7cb5c251ce4d8bb9de2fa697aec86f84a98607574224c
sample,all_cr-1024,52,3227982,512499,500,8daa7311fa122f481e84b77d4b9415697087da2a1308fe3345308bbb8764f55c,fad1998d4f23c96219b7cb5c251ce4d8bb9de2fa697aec86f84a98607574224c
sample,all_cr-1024,53,3225062,512499,500,8daa7311fa122f481e84b77d4b9415697087da2a1308fe3345308bbb8764f55c,fad1998d4f23c96219b7cb5c251ce4d8bb9de2fa697aec86f84a98607574224c
sample,all_cr-1024,54,3230572,512499,500,8daa7311fa122f481e84b77d4b9415697087da2a1308fe3345308bbb8764f55c,fad1998d4f23c96219b7cb5c251ce4d8bb9de2fa697aec86f84a98607574224c
sample,all_cr-1024,55,3221172,512499,500,8daa7311fa122f481e84b77d4b9415697087da2a1308fe3345308bbb8764f55c,fad1998d4f23c96219b7cb5c251ce4d8bb9de2fa697aec86f84a98607574224c
sample,all_cr-1024,56,3223482,512499,500,8daa7311fa122f481e84b77d4b9415697087da2a1308fe3345308bbb8764f55c,fad1998d4f23c96219b7cb5c251ce4d8bb9de2fa697aec86f84a98607574224c
sample,all_cr-1024,57,3226302,512499,500,8daa7311fa122f481e84b77d4b9415697087da2a1308fe3345308bbb8764f55c,fad1998d4f23c96219b7cb5c251ce4d8bb9de2fa697aec86f84a98607574224c
sample,all_cr-1024,58,3259172,512499,500,8daa7311fa122f481e84b77d4b9415697087da2a1308fe3345308bbb8764f55c,fad1998d4f23c96219b7cb5c251ce4d8bb9de2fa697aec86f84a98607574224c
sample,all_cr-1024,59,3221622,512499,500,8daa7311fa122f481e84b77d4b9415697087da2a1308fe3345308bbb8764f55c,fad1998d4f23c96219b7cb5c251ce4d8bb9de2fa697aec86f84a98607574224c
sample,all_cr-1024,60,3220742,512499,500,8daa7311fa122f481e84b77d4b9415697087da2a1308fe3345308bbb8764f55c,fad1998d4f23c96219b7cb5c251ce4d8bb9de2fa697aec86f84a98607574224c
sample,all_cr-1024,61,3220982,512499,500,8daa7311fa122f481e84b77d4b9415697087da2a1308fe3345308bbb8764f55c,fad1998d4f23c96219b7cb5c251ce4d8bb9de2fa697aec86f84a98607574224c
sample,all_cr-1024,62,3223752,512499,500,8daa7311fa122f481e84b77d4b9415697087da2a1308fe3345308bbb8764f55c,fad1998d4f23c96219b7cb5c251ce4d8bb9de2fa697aec86f84a98607574224c
sample,all_cr-1024,63,3225972,512499,500,8daa7311fa122f481e84b77d4b9415697087da2a1308fe3345308bbb8764f55c,fad1998d4f23c96219b7cb5c251ce4d8bb9de2fa697aec86f84a98607574224c
sample,all_cr-1024,64,3221271,512499,500,8daa7311fa122f481e84b77d4b9415697087da2a1308fe3345308bbb8764f55c,fad1998d4f23c96219b7cb5c251ce4d8bb9de2fa697aec86f84a98607574224c
sample,all_cr-1024,65,3231102,512499,500,8daa7311fa122f481e84b77d4b9415697087da2a1308fe3345308bbb8764f55c,fad1998d4f23c96219b7cb5c251ce4d8bb9de2fa697aec86f84a98607574224c
sample,all_cr-1024,66,3227861,512499,500,8daa7311fa122f481e84b77d4b9415697087da2a1308fe3345308bbb8764f55c,fad1998d4f23c96219b7cb5c251ce4d8bb9de2fa697aec86f84a98607574224c
sample,all_cr-1024,67,3232132,512499,500,8daa7311fa122f481e84b77d4b9415697087da2a1308fe3345308bbb8764f55c,fad1998d4f23c96219b7cb5c251ce4d8bb9de2fa697aec86f84a98607574224c
sample,all_cr-1024,68,3285423,512499,500,8daa7311fa122f481e84b77d4b9415697087da2a1308fe3345308bbb8764f55c,fad1998d4f23c96219b7cb5c251ce4d8bb9de2fa697aec86f84a98607574224c
sample,all_cr-1024,69,3229542,512499,500,8daa7311fa122f481e84b77d4b9415697087da2a1308fe3345308bbb8764f55c,fad1998d4f23c96219b7cb5c251ce4d8bb9de2fa697aec86f84a98607574224c
sample,all_cr-1024,70,3286432,512499,500,8daa7311fa122f481e84b77d4b9415697087da2a1308fe3345308bbb8764f55c,fad1998d4f23c96219b7cb5c251ce4d8bb9de2fa697aec86f84a98607574224c
sample,all_cr-1024,71,3225592,512499,500,8daa7311fa122f481e84b77d4b9415697087da2a1308fe3345308bbb8764f55c,fad1998d4f23c96219b7cb5c251ce4d8bb9de2fa697aec86f84a98607574224c
sample,all_cr-1024,72,3224022,512499,500,8daa7311fa122f481e84b77d4b9415697087da2a1308fe3345308bbb8764f55c,fad1998d4f23c96219b7cb5c251ce4d8bb9de2fa697aec86f84a98607574224c
sample,all_cr-1024,73,3236172,512499,500,8daa7311fa122f481e84b77d4b9415697087da2a1308fe3345308bbb8764f55c,fad1998d4f23c96219b7cb5c251ce4d8bb9de2fa697aec86f84a98607574224c
sample,all_cr-1024,74,3258962,512499,500,8daa7311fa122f481e84b77d4b9415697087da2a1308fe3345308bbb8764f55c,fad1998d4f23c96219b7cb5c251ce4d8bb9de2fa697aec86f84a98607574224c
sample,all_cr-1024,75,3289692,512499,500,8daa7311fa122f481e84b77d4b9415697087da2a1308fe3345308bbb8764f55c,fad1998d4f23c96219b7cb5c251ce4d8bb9de2fa697aec86f84a98607574224c
sample,all_cr-1024,76,3215932,512499,500,8daa7311fa122f481e84b77d4b9415697087da2a1308fe3345308bbb8764f55c,fad1998d4f23c96219b7cb5c251ce4d8bb9de2fa697aec86f84a98607574224c
sample,all_cr-1024,77,3230782,512499,500,8daa7311fa122f481e84b77d4b9415697087da2a1308fe3345308bbb8764f55c,fad1998d4f23c96219b7cb5c251ce4d8bb9de2fa697aec86f84a98607574224c
sample,all_cr-1024,78,3220652,512499,500,8daa7311fa122f481e84b77d4b9415697087da2a1308fe3345308bbb8764f55c,fad1998d4f23c96219b7cb5c251ce4d8bb9de2fa697aec86f84a98607574224c
sample,all_cr-1024,79,3285652,512499,500,8daa7311fa122f481e84b77d4b9415697087da2a1308fe3345308bbb8764f55c,fad1998d4f23c96219b7cb5c251ce4d8bb9de2fa697aec86f84a98607574224c
sample,all_cr-1024,80,3217562,512499,500,8daa7311fa122f481e84b77d4b9415697087da2a1308fe3345308bbb8764f55c,fad1998d4f23c96219b7cb5c251ce4d8bb9de2fa697aec86f84a98607574224c
sample,all_cr-1024,81,3230572,512499,500,8daa7311fa122f481e84b77d4b9415697087da2a1308fe3345308bbb8764f55c,fad1998d4f23c96219b7cb5c251ce4d8bb9de2fa697aec86f84a98607574224c
sample,all_cr-1024,82,3224742,512499,500,8daa7311fa122f481e84b77d4b9415697087da2a1308fe3345308bbb8764f55c,fad1998d4f23c96219b7cb5c251ce4d8bb9de2fa697aec86f84a98607574224c
sample,all_cr-1024,83,3229992,512499,500,8daa7311fa122f481e84b77d4b9415697087da2a1308fe3345308bbb8764f55c,fad1998d4f23c96219b7cb5c251ce4d8bb9de2fa697aec86f84a98607574224c
sample,all_cr-1024,84,3220722,512499,500,8daa7311fa122f481e84b77d4b9415697087da2a1308fe3345308bbb8764f55c,fad1998d4f23c96219b7cb5c251ce4d8bb9de2fa697aec86f84a98607574224c
sample,all_cr-1024,85,3227532,512499,500,8daa7311fa122f481e84b77d4b9415697087da2a1308fe3345308bbb8764f55c,fad1998d4f23c96219b7cb5c251ce4d8bb9de2fa697aec86f84a98607574224c
sample,all_cr-1024,86,3221052,512499,500,8daa7311fa122f481e84b77d4b9415697087da2a1308fe3345308bbb8764f55c,fad1998d4f23c96219b7cb5c251ce4d8bb9de2fa697aec86f84a98607574224c
sample,all_cr-1024,87,3231012,512499,500,8daa7311fa122f481e84b77d4b9415697087da2a1308fe3345308bbb8764f55c,fad1998d4f23c96219b7cb5c251ce4d8bb9de2fa697aec86f84a98607574224c
sample,all_cr-1024,88,3221302,512499,500,8daa7311fa122f481e84b77d4b9415697087da2a1308fe3345308bbb8764f55c,fad1998d4f23c96219b7cb5c251ce4d8bb9de2fa697aec86f84a98607574224c
sample,all_cr-1024,89,3220062,512499,500,8daa7311fa122f481e84b77d4b9415697087da2a1308fe3345308bbb8764f55c,fad1998d4f23c96219b7cb5c251ce4d8bb9de2fa697aec86f84a98607574224c
sample,all_cr-1024,90,3224302,512499,500,8daa7311fa122f481e84b77d4b9415697087da2a1308fe3345308bbb8764f55c,fad1998d4f23c96219b7cb5c251ce4d8bb9de2fa697aec86f84a98607574224c
sample,all_cr-1024,91,3221092,512499,500,8daa7311fa122f481e84b77d4b9415697087da2a1308fe3345308bbb8764f55c,fad1998d4f23c96219b7cb5c251ce4d8bb9de2fa697aec86f84a98607574224c
sample,all_cr-1024,92,3220132,512499,500,8daa7311fa122f481e84b77d4b9415697087da2a1308fe3345308bbb8764f55c,fad1998d4f23c96219b7cb5c251ce4d8bb9de2fa697aec86f84a98607574224c
sample,all_cr-1024,93,3291782,512499,500,8daa7311fa122f481e84b77d4b9415697087da2a1308fe3345308bbb8764f55c,fad1998d4f23c96219b7cb5c251ce4d8bb9de2fa697aec86f84a98607574224c
sample,all_cr-1024,94,3227322,512499,500,8daa7311fa122f481e84b77d4b9415697087da2a1308fe3345308bbb8764f55c,fad1998d4f23c96219b7cb5c251ce4d8bb9de2fa697aec86f84a98607574224c
sample,all_cr-1024,95,3222142,512499,500,8daa7311fa122f481e84b77d4b9415697087da2a1308fe3345308bbb8764f55c,fad1998d4f23c96219b7cb5c251ce4d8bb9de2fa697aec86f84a98607574224c
sample,all_cr-1024,96,3226482,512499,500,8daa7311fa122f481e84b77d4b9415697087da2a1308fe3345308bbb8764f55c,fad1998d4f23c96219b7cb5c251ce4d8bb9de2fa697aec86f84a98607574224c
sample,all_cr-1024,97,3283742,512499,500,8daa7311fa122f481e84b77d4b9415697087da2a1308fe3345308bbb8764f55c,fad1998d4f23c96219b7cb5c251ce4d8bb9de2fa697aec86f84a98607574224c
sample,all_cr-1024,98,3224842,512499,500,8daa7311fa122f481e84b77d4b9415697087da2a1308fe3345308bbb8764f55c,fad1998d4f23c96219b7cb5c251ce4d8bb9de2fa697aec86f84a98607574224c
sample,all_cr-1024,99,3225302,512499,500,8daa7311fa122f481e84b77d4b9415697087da2a1308fe3345308bbb8764f55c,fad1998d4f23c96219b7cb5c251ce4d8bb9de2fa697aec86f84a98607574224c
sample,all_cr-1024,100,3221542,512499,500,8daa7311fa122f481e84b77d4b9415697087da2a1308fe3345308bbb8764f55c,fad1998d4f23c96219b7cb5c251ce4d8bb9de2fa697aec86f84a98607574224c
sample,all_cr-1024,101,3226582,512499,500,8daa7311fa122f481e84b77d4b9415697087da2a1308fe3345308bbb8764f55c,fad1998d4f23c96219b7cb5c251ce4d8bb9de2fa697aec86f84a98607574224c
sample,all_cr-1024,102,3226522,512499,500,8daa7311fa122f481e84b77d4b9415697087da2a1308fe3345308bbb8764f55c,fad1998d4f23c96219b7cb5c251ce4d8bb9de2fa697aec86f84a98607574224c
sample,all_cr-1024,103,3235682,512499,500,8daa7311fa122f481e84b77d4b9415697087da2a1308fe3345308bbb8764f55c,fad1998d4f23c96219b7cb5c251ce4d8bb9de2fa697aec86f84a98607574224c
sample,all_cr-1024,104,3221112,512499,500,8daa7311fa122f481e84b77d4b9415697087da2a1308fe3345308bbb8764f55c,fad1998d4f23c96219b7cb5c251ce4d8bb9de2fa697aec86f84a98607574224c
sample,all_cr-1024,105,3251202,512499,500,8daa7311fa122f481e84b77d4b9415697087da2a1308fe3345308bbb8764f55c,fad1998d4f23c96219b7cb5c251ce4d8bb9de2fa697aec86f84a98607574224c
sample,all_cr-1024,106,3221092,512499,500,8daa7311fa122f481e84b77d4b9415697087da2a1308fe3345308bbb8764f55c,fad1998d4f23c96219b7cb5c251ce4d8bb9de2fa697aec86f84a98607574224c
sample,all_cr-1024,107,3227082,512499,500,8daa7311fa122f481e84b77d4b9415697087da2a1308fe3345308bbb8764f55c,fad1998d4f23c96219b7cb5c251ce4d8bb9de2fa697aec86f84a98607574224c
sample,all_cr-1024,108,3222972,512499,500,8daa7311fa122f481e84b77d4b9415697087da2a1308fe3345308bbb8764f55c,fad1998d4f23c96219b7cb5c251ce4d8bb9de2fa697aec86f84a98607574224c
sample,all_cr-1024,109,3229652,512499,500,8daa7311fa122f481e84b77d4b9415697087da2a1308fe3345308bbb8764f55c,fad1998d4f23c96219b7cb5c251ce4d8bb9de2fa697aec86f84a98607574224c
sample,all_cr-1024,110,3217882,512499,500,8daa7311fa122f481e84b77d4b9415697087da2a1308fe3345308bbb8764f55c,fad1998d4f23c96219b7cb5c251ce4d8bb9de2fa697aec86f84a98607574224c
sample,all_cr-1024,111,3230482,512499,500,8daa7311fa122f481e84b77d4b9415697087da2a1308fe3345308bbb8764f55c,fad1998d4f23c96219b7cb5c251ce4d8bb9de2fa697aec86f84a98607574224c
sample,all_cr-1024,112,3216452,512499,500,8daa7311fa122f481e84b77d4b9415697087da2a1308fe3345308bbb8764f55c,fad1998d4f23c96219b7cb5c251ce4d8bb9de2fa697aec86f84a98607574224c
sample,all_cr-1024,113,3465093,512499,500,8daa7311fa122f481e84b77d4b9415697087da2a1308fe3345308bbb8764f55c,fad1998d4f23c96219b7cb5c251ce4d8bb9de2fa697aec86f84a98607574224c
sample,all_cr-1024,114,3277392,512499,500,8daa7311fa122f481e84b77d4b9415697087da2a1308fe3345308bbb8764f55c,fad1998d4f23c96219b7cb5c251ce4d8bb9de2fa697aec86f84a98607574224c
sample,all_cr-1024,115,3222462,512499,500,8daa7311fa122f481e84b77d4b9415697087da2a1308fe3345308bbb8764f55c,fad1998d4f23c96219b7cb5c251ce4d8bb9de2fa697aec86f84a98607574224c
sample,all_cr-1024,116,3228492,512499,500,8daa7311fa122f481e84b77d4b9415697087da2a1308fe3345308bbb8764f55c,fad1998d4f23c96219b7cb5c251ce4d8bb9de2fa697aec86f84a98607574224c
sample,all_cr-1024,117,3224682,512499,500,8daa7311fa122f481e84b77d4b9415697087da2a1308fe3345308bbb8764f55c,fad1998d4f23c96219b7cb5c251ce4d8bb9de2fa697aec86f84a98607574224c
sample,all_cr-1024,118,3286422,512499,500,8daa7311fa122f481e84b77d4b9415697087da2a1308fe3345308bbb8764f55c,fad1998d4f23c96219b7cb5c251ce4d8bb9de2fa697aec86f84a98607574224c
sample,all_cr-1024,119,3289652,512499,500,8daa7311fa122f481e84b77d4b9415697087da2a1308fe3345308bbb8764f55c,fad1998d4f23c96219b7cb5c251ce4d8bb9de2fa697aec86f84a98607574224c
sample,all_cr-1024,120,3224602,512499,500,8daa7311fa122f481e84b77d4b9415697087da2a1308fe3345308bbb8764f55c,fad1998d4f23c96219b7cb5c251ce4d8bb9de2fa697aec86f84a98607574224c
sample,all_cr-1024,121,3231292,512499,500,8daa7311fa122f481e84b77d4b9415697087da2a1308fe3345308bbb8764f55c,fad1998d4f23c96219b7cb5c251ce4d8bb9de2fa697aec86f84a98607574224c
sample,all_cr-1024,122,3230232,512499,500,8daa7311fa122f481e84b77d4b9415697087da2a1308fe3345308bbb8764f55c,fad1998d4f23c96219b7cb5c251ce4d8bb9de2fa697aec86f84a98607574224c
sample,all_cr-1024,123,3222342,512499,500,8daa7311fa122f481e84b77d4b9415697087da2a1308fe3345308bbb8764f55c,fad1998d4f23c96219b7cb5c251ce4d8bb9de2fa697aec86f84a98607574224c
sample,all_cr-1024,124,3224102,512499,500,8daa7311fa122f481e84b77d4b9415697087da2a1308fe3345308bbb8764f55c,fad1998d4f23c96219b7cb5c251ce4d8bb9de2fa697aec86f84a98607574224c
sample,all_cr-1024,125,3222092,512499,500,8daa7311fa122f481e84b77d4b9415697087da2a1308fe3345308bbb8764f55c,fad1998d4f23c96219b7cb5c251ce4d8bb9de2fa697aec86f84a98607574224c
sample,all_cr-1024,126,3222932,512499,500,8daa7311fa122f481e84b77d4b9415697087da2a1308fe3345308bbb8764f55c,fad1998d4f23c96219b7cb5c251ce4d8bb9de2fa697aec86f84a98607574224c
sample,all_cr-1024,127,3232432,512499,500,8daa7311fa122f481e84b77d4b9415697087da2a1308fe3345308bbb8764f55c,fad1998d4f23c96219b7cb5c251ce4d8bb9de2fa697aec86f84a98607574224c
sample,all_cr-1024,128,3221602,512499,500,8daa7311fa122f481e84b77d4b9415697087da2a1308fe3345308bbb8764f55c,fad1998d4f23c96219b7cb5c251ce4d8bb9de2fa697aec86f84a98607574224c
sample,all_cr-1024,129,3223582,512499,500,8daa7311fa122f481e84b77d4b9415697087da2a1308fe3345308bbb8764f55c,fad1998d4f23c96219b7cb5c251ce4d8bb9de2fa697aec86f84a98607574224c
sample,all_cr-1024,130,3221972,512499,500,8daa7311fa122f481e84b77d4b9415697087da2a1308fe3345308bbb8764f55c,fad1998d4f23c96219b7cb5c251ce4d8bb9de2fa697aec86f84a98607574224c
sample,all_cr-1024,131,3293182,512499,500,8daa7311fa122f481e84b77d4b9415697087da2a1308fe3345308bbb8764f55c,fad1998d4f23c96219b7cb5c251ce4d8bb9de2fa697aec86f84a98607574224c
sample,all_cr-1024,132,3228682,512499,500,8daa7311fa122f481e84b77d4b9415697087da2a1308fe3345308bbb8764f55c,fad1998d4f23c96219b7cb5c251ce4d8bb9de2fa697aec86f84a98607574224c
sample,all_cr-1024,133,3227022,512499,500,8daa7311fa122f481e84b77d4b9415697087da2a1308fe3345308bbb8764f55c,fad1998d4f23c96219b7cb5c251ce4d8bb9de2fa697aec86f84a98607574224c
sample,all_cr-1024,134,3222882,512499,500,8daa7311fa122f481e84b77d4b9415697087da2a1308fe3345308bbb8764f55c,fad1998d4f23c96219b7cb5c251ce4d8bb9de2fa697aec86f84a98607574224c
sample,all_cr-1024,135,3230862,512499,500,8daa7311fa122f481e84b77d4b9415697087da2a1308fe3345308bbb8764f55c,fad1998d4f23c96219b7cb5c251ce4d8bb9de2fa697aec86f84a98607574224c
sample,all_cr-1024,136,3220062,512499,500,8daa7311fa122f481e84b77d4b9415697087da2a1308fe3345308bbb8764f55c,fad1998d4f23c96219b7cb5c251ce4d8bb9de2fa697aec86f84a98607574224c
sample,all_cr-1024,137,3230682,512499,500,8daa7311fa122f481e84b77d4b9415697087da2a1308fe3345308bbb8764f55c,fad1998d4f23c96219b7cb5c251ce4d8bb9de2fa697aec86f84a98607574224c
sample,all_cr-1024,138,3219992,512499,500,8daa7311fa122f481e84b77d4b9415697087da2a1308fe3345308bbb8764f55c,fad1998d4f23c96219b7cb5c251ce4d8bb9de2fa697aec86f84a98607574224c
sample,all_cr-1024,139,3219362,512499,500,8daa7311fa122f481e84b77d4b9415697087da2a1308fe3345308bbb8764f55c,fad1998d4f23c96219b7cb5c251ce4d8bb9de2fa697aec86f84a98607574224c
sample,all_cr-1024,140,3229332,512499,500,8daa7311fa122f481e84b77d4b9415697087da2a1308fe3345308bbb8764f55c,fad1998d4f23c96219b7cb5c251ce4d8bb9de2fa697aec86f84a98607574224c
sample,all_cr-1024,141,3223202,512499,500,8daa7311fa122f481e84b77d4b9415697087da2a1308fe3345308bbb8764f55c,fad1998d4f23c96219b7cb5c251ce4d8bb9de2fa697aec86f84a98607574224c
sample,all_cr-1024,142,3224982,512499,500,8daa7311fa122f481e84b77d4b9415697087da2a1308fe3345308bbb8764f55c,fad1998d4f23c96219b7cb5c251ce4d8bb9de2fa697aec86f84a98607574224c
sample,all_cr-1024,143,3225652,512499,500,8daa7311fa122f481e84b77d4b9415697087da2a1308fe3345308bbb8764f55c,fad1998d4f23c96219b7cb5c251ce4d8bb9de2fa697aec86f84a98607574224c
sample,all_cr-1024,144,3226342,512499,500,8daa7311fa122f481e84b77d4b9415697087da2a1308fe3345308bbb8764f55c,fad1998d4f23c96219b7cb5c251ce4d8bb9de2fa697aec86f84a98607574224c
sample,all_cr-1024,145,3226742,512499,500,8daa7311fa122f481e84b77d4b9415697087da2a1308fe3345308bbb8764f55c,fad1998d4f23c96219b7cb5c251ce4d8bb9de2fa697aec86f84a98607574224c
sample,all_cr-1024,146,3223182,512499,500,8daa7311fa122f481e84b77d4b9415697087da2a1308fe3345308bbb8764f55c,fad1998d4f23c96219b7cb5c251ce4d8bb9de2fa697aec86f84a98607574224c
sample,all_cr-1024,147,3224452,512499,500,8daa7311fa122f481e84b77d4b9415697087da2a1308fe3345308bbb8764f55c,fad1998d4f23c96219b7cb5c251ce4d8bb9de2fa697aec86f84a98607574224c
sample,all_cr-1024,148,3227352,512499,500,8daa7311fa122f481e84b77d4b9415697087da2a1308fe3345308bbb8764f55c,fad1998d4f23c96219b7cb5c251ce4d8bb9de2fa697aec86f84a98607574224c
sample,all_cr-1024,149,3218642,512499,500,8daa7311fa122f481e84b77d4b9415697087da2a1308fe3345308bbb8764f55c,fad1998d4f23c96219b7cb5c251ce4d8bb9de2fa697aec86f84a98607574224c
sample,all_cr-1024,150,3228682,512499,500,8daa7311fa122f481e84b77d4b9415697087da2a1308fe3345308bbb8764f55c,fad1998d4f23c96219b7cb5c251ce4d8bb9de2fa697aec86f84a98607574224c
sample,all_cr-1024,151,3223012,512499,500,8daa7311fa122f481e84b77d4b9415697087da2a1308fe3345308bbb8764f55c,fad1998d4f23c96219b7cb5c251ce4d8bb9de2fa697aec86f84a98607574224c
sample,all_cr-1024,152,3221822,512499,500,8daa7311fa122f481e84b77d4b9415697087da2a1308fe3345308bbb8764f55c,fad1998d4f23c96219b7cb5c251ce4d8bb9de2fa697aec86f84a98607574224c
sample,all_cr-1024,153,3229432,512499,500,8daa7311fa122f481e84b77d4b9415697087da2a1308fe3345308bbb8764f55c,fad1998d4f23c96219b7cb5c251ce4d8bb9de2fa697aec86f84a98607574224c
sample,all_cr-1024,154,3279232,512499,500,8daa7311fa122f481e84b77d4b9415697087da2a1308fe3345308bbb8764f55c,fad1998d4f23c96219b7cb5c251ce4d8bb9de2fa697aec86f84a98607574224c
sample,all_cr-1024,155,3225082,512499,500,8daa7311fa122f481e84b77d4b9415697087da2a1308fe3345308bbb8764f55c,fad1998d4f23c96219b7cb5c251ce4d8bb9de2fa697aec86f84a98607574224c
sample,all_cr-1024,156,3221702,512499,500,8daa7311fa122f481e84b77d4b9415697087da2a1308fe3345308bbb8764f55c,fad1998d4f23c96219b7cb5c251ce4d8bb9de2fa697aec86f84a98607574224c
sample,all_cr-1024,157,3231542,512499,500,8daa7311fa122f481e84b77d4b9415697087da2a1308fe3345308bbb8764f55c,fad1998d4f23c96219b7cb5c251ce4d8bb9de2fa697aec86f84a98607574224c
sample,all_cr-1024,158,3221162,512499,500,8daa7311fa122f481e84b77d4b9415697087da2a1308fe3345308bbb8764f55c,fad1998d4f23c96219b7cb5c251ce4d8bb9de2fa697aec86f84a98607574224c
sample,all_cr-1024,159,3218952,512499,500,8daa7311fa122f481e84b77d4b9415697087da2a1308fe3345308bbb8764f55c,fad1998d4f23c96219b7cb5c251ce4d8bb9de2fa697aec86f84a98607574224c
sample,all_cr-1024,160,3214942,512499,500,8daa7311fa122f481e84b77d4b9415697087da2a1308fe3345308bbb8764f55c,fad1998d4f23c96219b7cb5c251ce4d8bb9de2fa697aec86f84a98607574224c
sample,all_cr-1024,161,3228572,512499,500,8daa7311fa122f481e84b77d4b9415697087da2a1308fe3345308bbb8764f55c,fad1998d4f23c96219b7cb5c251ce4d8bb9de2fa697aec86f84a98607574224c
sample,all_cr-1024,162,3216472,512499,500,8daa7311fa122f481e84b77d4b9415697087da2a1308fe3345308bbb8764f55c,fad1998d4f23c96219b7cb5c251ce4d8bb9de2fa697aec86f84a98607574224c
sample,all_cr-1024,163,3290292,512499,500,8daa7311fa122f481e84b77d4b9415697087da2a1308fe3345308bbb8764f55c,fad1998d4f23c96219b7cb5c251ce4d8bb9de2fa697aec86f84a98607574224c
sample,all_cr-1024,164,3229192,512499,500,8daa7311fa122f481e84b77d4b9415697087da2a1308fe3345308bbb8764f55c,fad1998d4f23c96219b7cb5c251ce4d8bb9de2fa697aec86f84a98607574224c
sample,all_cr-1024,165,3233862,512499,500,8daa7311fa122f481e84b77d4b9415697087da2a1308fe3345308bbb8764f55c,fad1998d4f23c96219b7cb5c251ce4d8bb9de2fa697aec86f84a98607574224c
sample,all_cr-1024,166,3229122,512499,500,8daa7311fa122f481e84b77d4b9415697087da2a1308fe3345308bbb8764f55c,fad1998d4f23c96219b7cb5c251ce4d8bb9de2fa697aec86f84a98607574224c
sample,all_cr-1024,167,3227662,512499,500,8daa7311fa122f481e84b77d4b9415697087da2a1308fe3345308bbb8764f55c,fad1998d4f23c96219b7cb5c251ce4d8bb9de2fa697aec86f84a98607574224c
sample,all_cr-1024,168,3223152,512499,500,8daa7311fa122f481e84b77d4b9415697087da2a1308fe3345308bbb8764f55c,fad1998d4f23c96219b7cb5c251ce4d8bb9de2fa697aec86f84a98607574224c
sample,all_cr-1024,169,3287732,512499,500,8daa7311fa122f481e84b77d4b9415697087da2a1308fe3345308bbb8764f55c,fad1998d4f23c96219b7cb5c251ce4d8bb9de2fa697aec86f84a98607574224c
sample,all_cr-1024,170,3223142,512499,500,8daa7311fa122f481e84b77d4b9415697087da2a1308fe3345308bbb8764f55c,fad1998d4f23c96219b7cb5c251ce4d8bb9de2fa697aec86f84a98607574224c
sample,all_cr-1024,171,3223332,512499,500,8daa7311fa122f481e84b77d4b9415697087da2a1308fe3345308bbb8764f55c,fad1998d4f23c96219b7cb5c251ce4d8bb9de2fa697aec86f84a98607574224c
sample,all_cr-1024,172,3216602,512499,500,8daa7311fa122f481e84b77d4b9415697087da2a1308fe3345308bbb8764f55c,fad1998d4f23c96219b7cb5c251ce4d8bb9de2fa697aec86f84a98607574224c
sample,all_cr-1024,173,3225052,512499,500,8daa7311fa122f481e84b77d4b9415697087da2a1308fe3345308bbb8764f55c,fad1998d4f23c96219b7cb5c251ce4d8bb9de2fa697aec86f84a98607574224c
sample,all_cr-1024,174,3228752,512499,500,8daa7311fa122f481e84b77d4b9415697087da2a1308fe3345308bbb8764f55c,fad1998d4f23c96219b7cb5c251ce4d8bb9de2fa697aec86f84a98607574224c
sample,all_cr-1024,175,3220332,512499,500,8daa7311fa122f481e84b77d4b9415697087da2a1308fe3345308bbb8764f55c,fad1998d4f23c96219b7cb5c251ce4d8bb9de2fa697aec86f84a98607574224c
sample,all_cr-1024,176,3220452,512499,500,8daa7311fa122f481e84b77d4b9415697087da2a1308fe3345308bbb8764f55c,fad1998d4f23c96219b7cb5c251ce4d8bb9de2fa697aec86f84a98607574224c
sample,all_cr-1024,177,3222252,512499,500,8daa7311fa122f481e84b77d4b9415697087da2a1308fe3345308bbb8764f55c,fad1998d4f23c96219b7cb5c251ce4d8bb9de2fa697aec86f84a98607574224c
sample,all_cr-1024,178,3226842,512499,500,8daa7311fa122f481e84b77d4b9415697087da2a1308fe3345308bbb8764f55c,fad1998d4f23c96219b7cb5c251ce4d8bb9de2fa697aec86f84a98607574224c
sample,all_cr-1024,179,3223282,512499,500,8daa7311fa122f481e84b77d4b9415697087da2a1308fe3345308bbb8764f55c,fad1998d4f23c96219b7cb5c251ce4d8bb9de2fa697aec86f84a98607574224c
sample,all_cr-1024,180,3214462,512499,500,8daa7311fa122f481e84b77d4b9415697087da2a1308fe3345308bbb8764f55c,fad1998d4f23c96219b7cb5c251ce4d8bb9de2fa697aec86f84a98607574224c
sample,all_cr-1024,181,3222491,512499,500,8daa7311fa122f481e84b77d4b9415697087da2a1308fe3345308bbb8764f55c,fad1998d4f23c96219b7cb5c251ce4d8bb9de2fa697aec86f84a98607574224c
sample,all_cr-1024,182,3222302,512499,500,8daa7311fa122f481e84b77d4b9415697087da2a1308fe3345308bbb8764f55c,fad1998d4f23c96219b7cb5c251ce4d8bb9de2fa697aec86f84a98607574224c
sample,all_cr-1024,183,3229122,512499,500,8daa7311fa122f481e84b77d4b9415697087da2a1308fe3345308bbb8764f55c,fad1998d4f23c96219b7cb5c251ce4d8bb9de2fa697aec86f84a98607574224c
sample,all_cr-1024,184,3219752,512499,500,8daa7311fa122f481e84b77d4b9415697087da2a1308fe3345308bbb8764f55c,fad1998d4f23c96219b7cb5c251ce4d8bb9de2fa697aec86f84a98607574224c
sample,all_cr-1024,185,3223522,512499,500,8daa7311fa122f481e84b77d4b9415697087da2a1308fe3345308bbb8764f55c,fad1998d4f23c96219b7cb5c251ce4d8bb9de2fa697aec86f84a98607574224c
sample,all_cr-1024,186,3220842,512499,500,8daa7311fa122f481e84b77d4b9415697087da2a1308fe3345308bbb8764f55c,fad1998d4f23c96219b7cb5c251ce4d8bb9de2fa697aec86f84a98607574224c
sample,all_cr-1024,187,3229512,512499,500,8daa7311fa122f481e84b77d4b9415697087da2a1308fe3345308bbb8764f55c,fad1998d4f23c96219b7cb5c251ce4d8bb9de2fa697aec86f84a98607574224c
sample,all_cr-1024,188,3220192,512499,500,8daa7311fa122f481e84b77d4b9415697087da2a1308fe3345308bbb8764f55c,fad1998d4f23c96219b7cb5c251ce4d8bb9de2fa697aec86f84a98607574224c
sample,all_cr-1024,189,3223722,512499,500,8daa7311fa122f481e84b77d4b9415697087da2a1308fe3345308bbb8764f55c,fad1998d4f23c96219b7cb5c251ce4d8bb9de2fa697aec86f84a98607574224c
sample,all_cr-1024,190,3285032,512499,500,8daa7311fa122f481e84b77d4b9415697087da2a1308fe3345308bbb8764f55c,fad1998d4f23c96219b7cb5c251ce4d8bb9de2fa697aec86f84a98607574224c
sample,all_cr-1024,191,3219092,512499,500,8daa7311fa122f481e84b77d4b9415697087da2a1308fe3345308bbb8764f55c,fad1998d4f23c96219b7cb5c251ce4d8bb9de2fa697aec86f84a98607574224c
sample,all_cr-1024,192,3216772,512499,500,8daa7311fa122f481e84b77d4b9415697087da2a1308fe3345308bbb8764f55c,fad1998d4f23c96219b7cb5c251ce4d8bb9de2fa697aec86f84a98607574224c
sample,all_cr-1024,193,3286313,512499,500,8daa7311fa122f481e84b77d4b9415697087da2a1308fe3345308bbb8764f55c,fad1998d4f23c96219b7cb5c251ce4d8bb9de2fa697aec86f84a98607574224c
sample,all_cr-1024,194,3218782,512499,500,8daa7311fa122f481e84b77d4b9415697087da2a1308fe3345308bbb8764f55c,fad1998d4f23c96219b7cb5c251ce4d8bb9de2fa697aec86f84a98607574224c
sample,all_cr-1024,195,3223292,512499,500,8daa7311fa122f481e84b77d4b9415697087da2a1308fe3345308bbb8764f55c,fad1998d4f23c96219b7cb5c251ce4d8bb9de2fa697aec86f84a98607574224c
sample,all_cr-1024,196,3223231,512499,500,8daa7311fa122f481e84b77d4b9415697087da2a1308fe3345308bbb8764f55c,fad1998d4f23c96219b7cb5c251ce4d8bb9de2fa697aec86f84a98607574224c
sample,all_cr-1024,197,3220532,512499,500,8daa7311fa122f481e84b77d4b9415697087da2a1308fe3345308bbb8764f55c,fad1998d4f23c96219b7cb5c251ce4d8bb9de2fa697aec86f84a98607574224c
sample,all_cr-1024,198,3254272,512499,500,8daa7311fa122f481e84b77d4b9415697087da2a1308fe3345308bbb8764f55c,fad1998d4f23c96219b7cb5c251ce4d8bb9de2fa697aec86f84a98607574224c
sample,all_cr-1024,199,3221591,512499,500,8daa7311fa122f481e84b77d4b9415697087da2a1308fe3345308bbb8764f55c,fad1998d4f23c96219b7cb5c251ce4d8bb9de2fa697aec86f84a98607574224c
sample,all_cr-1024,200,3229272,512499,500,8daa7311fa122f481e84b77d4b9415697087da2a1308fe3345308bbb8764f55c,fad1998d4f23c96219b7cb5c251ce4d8bb9de2fa697aec86f84a98607574224c
sample,all_cr-1024,201,3217262,512499,500,8daa7311fa122f481e84b77d4b9415697087da2a1308fe3345308bbb8764f55c,fad1998d4f23c96219b7cb5c251ce4d8bb9de2fa697aec86f84a98607574224c
sample,all_cr-1024,202,3215572,512499,500,8daa7311fa122f481e84b77d4b9415697087da2a1308fe3345308bbb8764f55c,fad1998d4f23c96219b7cb5c251ce4d8bb9de2fa697aec86f84a98607574224c
sample,all_cr-1024,203,3222222,512499,500,8daa7311fa122f481e84b77d4b9415697087da2a1308fe3345308bbb8764f55c,fad1998d4f23c96219b7cb5c251ce4d8bb9de2fa697aec86f84a98607574224c
sample,all_cr-1024,204,3227232,512499,500,8daa7311fa122f481e84b77d4b9415697087da2a1308fe3345308bbb8764f55c,fad1998d4f23c96219b7cb5c251ce4d8bb9de2fa697aec86f84a98607574224c
sample,all_cr-1024,205,3223262,512499,500,8daa7311fa122f481e84b77d4b9415697087da2a1308fe3345308bbb8764f55c,fad1998d4f23c96219b7cb5c251ce4d8bb9de2fa697aec86f84a98607574224c
sample,all_cr-1024,206,3221762,512499,500,8daa7311fa122f481e84b77d4b9415697087da2a1308fe3345308bbb8764f55c,fad1998d4f23c96219b7cb5c251ce4d8bb9de2fa697aec86f84a98607574224c
sample,all_cr-1024,207,3223352,512499,500,8daa7311fa122f481e84b77d4b9415697087da2a1308fe3345308bbb8764f55c,fad1998d4f23c96219b7cb5c251ce4d8bb9de2fa697aec86f84a98607574224c
sample,all_cr-1024,208,3221912,512499,500,8daa7311fa122f481e84b77d4b9415697087da2a1308fe3345308bbb8764f55c,fad1998d4f23c96219b7cb5c251ce4d8bb9de2fa697aec86f84a98607574224c
sample,all_cr-1024,209,3231202,512499,500,8daa7311fa122f481e84b77d4b9415697087da2a1308fe3345308bbb8764f55c,fad1998d4f23c96219b7cb5c251ce4d8bb9de2fa697aec86f84a98607574224c
sample,all_cr-1024,210,3220792,512499,500,8daa7311fa122f481e84b77d4b9415697087da2a1308fe3345308bbb8764f55c,fad1998d4f23c96219b7cb5c251ce4d8bb9de2fa697aec86f84a98607574224c
sample,all_cr-1024,211,3221542,512499,500,8daa7311fa122f481e84b77d4b9415697087da2a1308fe3345308bbb8764f55c,fad1998d4f23c96219b7cb5c251ce4d8bb9de2fa697aec86f84a98607574224c
sample,all_cr-1024,212,3219412,512499,500,8daa7311fa122f481e84b77d4b9415697087da2a1308fe3345308bbb8764f55c,fad1998d4f23c96219b7cb5c251ce4d8bb9de2fa697aec86f84a98607574224c
sample,all_cr-1024,213,3234002,512499,500,8daa7311fa122f481e84b77d4b9415697087da2a1308fe3345308bbb8764f55c,fad1998d4f23c96219b7cb5c251ce4d8bb9de2fa697aec86f84a98607574224c
sample,all_cr-1024,214,3221772,512499,500,8daa7311fa122f481e84b77d4b9415697087da2a1308fe3345308bbb8764f55c,fad1998d4f23c96219b7cb5c251ce4d8bb9de2fa697aec86f84a98607574224c
sample,all_cr-1024,215,3224872,512499,500,8daa7311fa122f481e84b77d4b9415697087da2a1308fe3345308bbb8764f55c,fad1998d4f23c96219b7cb5c251ce4d8bb9de2fa697aec86f84a98607574224c
sample,all_cr-1024,216,3220232,512499,500,8daa7311fa122f481e84b77d4b9415697087da2a1308fe3345308bbb8764f55c,fad1998d4f23c96219b7cb5c251ce4d8bb9de2fa697aec86f84a98607574224c
sample,all_cr-1024,217,3217752,512499,500,8daa7311fa122f481e84b77d4b9415697087da2a1308fe3345308bbb8764f55c,fad1998d4f23c96219b7cb5c251ce4d8bb9de2fa697aec86f84a98607574224c
sample,all_cr-1024,218,3229072,512499,500,8daa7311fa122f481e84b77d4b9415697087da2a1308fe3345308bbb8764f55c,fad1998d4f23c96219b7cb5c251ce4d8bb9de2fa697aec86f84a98607574224c
sample,all_cr-1024,219,3220612,512499,500,8daa7311fa122f481e84b77d4b9415697087da2a1308fe3345308bbb8764f55c,fad1998d4f23c96219b7cb5c251ce4d8bb9de2fa697aec86f84a98607574224c
sample,all_cr-1024,220,3223612,512499,500,8daa7311fa122f481e84b77d4b9415697087da2a1308fe3345308bbb8764f55c,fad1998d4f23c96219b7cb5c251ce4d8bb9de2fa697aec86f84a98607574224c
sample,all_cr-1024,221,3287242,512499,500,8daa7311fa122f481e84b77d4b9415697087da2a1308fe3345308bbb8764f55c,fad1998d4f23c96219b7cb5c251ce4d8bb9de2fa697aec86f84a98607574224c
sample,all_cr-1024,222,3220022,512499,500,8daa7311fa122f481e84b77d4b9415697087da2a1308fe3345308bbb8764f55c,fad1998d4f23c96219b7cb5c251ce4d8bb9de2fa697aec86f84a98607574224c
sample,all_cr-1024,223,3228792,512499,500,8daa7311fa122f481e84b77d4b9415697087da2a1308fe3345308bbb8764f55c,fad1998d4f23c96219b7cb5c251ce4d8bb9de2fa697aec86f84a98607574224c
sample,all_cr-1024,224,3218912,512499,500,8daa7311fa122f481e84b77d4b9415697087da2a1308fe3345308bbb8764f55c,fad1998d4f23c96219b7cb5c251ce4d8bb9de2fa697aec86f84a98607574224c
sample,all_cr-1024,225,3227872,512499,500,8daa7311fa122f481e84b77d4b9415697087da2a1308fe3345308bbb8764f55c,fad1998d4f23c96219b7cb5c251ce4d8bb9de2fa697aec86f84a98607574224c
sample,all_cr-1024,226,3229732,512499,500,8daa7311fa122f481e84b77d4b9415697087da2a1308fe3345308bbb8764f55c,fad1998d4f23c96219b7cb5c251ce4d8bb9de2fa697aec86f84a98607574224c
sample,all_cr-1024,227,3220082,512499,500,8daa7311fa122f481e84b77d4b9415697087da2a1308fe3345308bbb8764f55c,fad1998d4f23c96219b7cb5c251ce4d8bb9de2fa697aec86f84a98607574224c
sample,all_cr-1024,228,3223472,512499,500,8daa7311fa122f481e84b77d4b9415697087da2a1308fe3345308bbb8764f55c,fad1998d4f23c96219b7cb5c251ce4d8bb9de2fa697aec86f84a98607574224c
sample,all_cr-1024,229,3220472,512499,500,8daa7311fa122f481e84b77d4b9415697087da2a1308fe3345308bbb8764f55c,fad1998d4f23c96219b7cb5c251ce4d8bb9de2fa697aec86f84a98607574224c
sample,all_cr-1024,230,3289262,512499,500,8daa7311fa122f481e84b77d4b9415697087da2a1308fe3345308bbb8764f55c,fad1998d4f23c96219b7cb5c251ce4d8bb9de2fa697aec86f84a98607574224c
sample,all_cr-1024,231,3220412,512499,500,8daa7311fa122f481e84b77d4b9415697087da2a1308fe3345308bbb8764f55c,fad1998d4f23c96219b7cb5c251ce4d8bb9de2fa697aec86f84a98607574224c
sample,all_cr-1024,232,3219282,512499,500,8daa7311fa122f481e84b77d4b9415697087da2a1308fe3345308bbb8764f55c,fad1998d4f23c96219b7cb5c251ce4d8bb9de2fa697aec86f84a98607574224c
sample,all_cr-1024,233,3222122,512499,500,8daa7311fa122f481e84b77d4b9415697087da2a1308fe3345308bbb8764f55c,fad1998d4f23c96219b7cb5c251ce4d8bb9de2fa697aec86f84a98607574224c
sample,all_cr-1024,234,3221122,512499,500,8daa7311fa122f481e84b77d4b9415697087da2a1308fe3345308bbb8764f55c,fad1998d4f23c96219b7cb5c251ce4d8bb9de2fa697aec86f84a98607574224c
sample,all_cr-1024,235,3258642,512499,500,8daa7311fa122f481e84b77d4b9415697087da2a1308fe3345308bbb8764f55c,fad1998d4f23c96219b7cb5c251ce4d8bb9de2fa697aec86f84a98607574224c
sample,all_cr-1024,236,3222712,512499,500,8daa7311fa122f481e84b77d4b9415697087da2a1308fe3345308bbb8764f55c,fad1998d4f23c96219b7cb5c251ce4d8bb9de2fa697aec86f84a98607574224c
sample,all_cr-1024,237,3223562,512499,500,8daa7311fa122f481e84b77d4b9415697087da2a1308fe3345308bbb8764f55c,fad1998d4f23c96219b7cb5c251ce4d8bb9de2fa697aec86f84a98607574224c
sample,all_cr-1024,238,3280242,512499,500,8daa7311fa122f481e84b77d4b9415697087da2a1308fe3345308bbb8764f55c,fad1998d4f23c96219b7cb5c251ce4d8bb9de2fa697aec86f84a98607574224c
sample,all_cr-1024,239,3226002,512499,500,8daa7311fa122f481e84b77d4b9415697087da2a1308fe3345308bbb8764f55c,fad1998d4f23c96219b7cb5c251ce4d8bb9de2fa697aec86f84a98607574224c
sample,all_cr-1024,240,3222382,512499,500,8daa7311fa122f481e84b77d4b9415697087da2a1308fe3345308bbb8764f55c,fad1998d4f23c96219b7cb5c251ce4d8bb9de2fa697aec86f84a98607574224c
sample,all_cr-1024,241,3250792,512499,500,8daa7311fa122f481e84b77d4b9415697087da2a1308fe3345308bbb8764f55c,fad1998d4f23c96219b7cb5c251ce4d8bb9de2fa697aec86f84a98607574224c
sample,all_cr-1024,242,3307322,512499,500,8daa7311fa122f481e84b77d4b9415697087da2a1308fe3345308bbb8764f55c,fad1998d4f23c96219b7cb5c251ce4d8bb9de2fa697aec86f84a98607574224c
sample,all_cr-1024,243,3283202,512499,500,8daa7311fa122f481e84b77d4b9415697087da2a1308fe3345308bbb8764f55c,fad1998d4f23c96219b7cb5c251ce4d8bb9de2fa697aec86f84a98607574224c
sample,all_cr-1024,244,3219192,512499,500,8daa7311fa122f481e84b77d4b9415697087da2a1308fe3345308bbb8764f55c,fad1998d4f23c96219b7cb5c251ce4d8bb9de2fa697aec86f84a98607574224c
sample,all_cr-1024,245,3221732,512499,500,8daa7311fa122f481e84b77d4b9415697087da2a1308fe3345308bbb8764f55c,fad1998d4f23c96219b7cb5c251ce4d8bb9de2fa697aec86f84a98607574224c
sample,all_cr-1024,246,3221162,512499,500,8daa7311fa122f481e84b77d4b9415697087da2a1308fe3345308bbb8764f55c,fad1998d4f23c96219b7cb5c251ce4d8bb9de2fa697aec86f84a98607574224c
sample,all_cr-1024,247,3230212,512499,500,8daa7311fa122f481e84b77d4b9415697087da2a1308fe3345308bbb8764f55c,fad1998d4f23c96219b7cb5c251ce4d8bb9de2fa697aec86f84a98607574224c
sample,all_cr-1024,248,3217992,512499,500,8daa7311fa122f481e84b77d4b9415697087da2a1308fe3345308bbb8764f55c,fad1998d4f23c96219b7cb5c251ce4d8bb9de2fa697aec86f84a98607574224c
sample,all_cr-1024,249,3224352,512499,500,8daa7311fa122f481e84b77d4b9415697087da2a1308fe3345308bbb8764f55c,fad1998d4f23c96219b7cb5c251ce4d8bb9de2fa697aec86f84a98607574224c
sample,all_cr-1024,250,3220322,512499,500,8daa7311fa122f481e84b77d4b9415697087da2a1308fe3345308bbb8764f55c,fad1998d4f23c96219b7cb5c251ce4d8bb9de2fa697aec86f84a98607574224c
sample,all_cr-1024,251,3226812,512499,500,8daa7311fa122f481e84b77d4b9415697087da2a1308fe3345308bbb8764f55c,fad1998d4f23c96219b7cb5c251ce4d8bb9de2fa697aec86f84a98607574224c
sample,all_cr-1024,252,3231472,512499,500,8daa7311fa122f481e84b77d4b9415697087da2a1308fe3345308bbb8764f55c,fad1998d4f23c96219b7cb5c251ce4d8bb9de2fa697aec86f84a98607574224c
sample,all_cr-1024,253,3222622,512499,500,8daa7311fa122f481e84b77d4b9415697087da2a1308fe3345308bbb8764f55c,fad1998d4f23c96219b7cb5c251ce4d8bb9de2fa697aec86f84a98607574224c
sample,all_cr-1024,254,3218782,512499,500,8daa7311fa122f481e84b77d4b9415697087da2a1308fe3345308bbb8764f55c,fad1998d4f23c96219b7cb5c251ce4d8bb9de2fa697aec86f84a98607574224c
sample,all_cr-1024,255,3227822,512499,500,8daa7311fa122f481e84b77d4b9415697087da2a1308fe3345308bbb8764f55c,fad1998d4f23c96219b7cb5c251ce4d8bb9de2fa697aec86f84a98607574224c
sample,all_cr-1024,256,3229072,512499,500,8daa7311fa122f481e84b77d4b9415697087da2a1308fe3345308bbb8764f55c,fad1998d4f23c96219b7cb5c251ce4d8bb9de2fa697aec86f84a98607574224c
sample,all_cr-1024,257,3224182,512499,500,8daa7311fa122f481e84b77d4b9415697087da2a1308fe3345308bbb8764f55c,fad1998d4f23c96219b7cb5c251ce4d8bb9de2fa697aec86f84a98607574224c
sample,all_cr-1024,258,3218252,512499,500,8daa7311fa122f481e84b77d4b9415697087da2a1308fe3345308bbb8764f55c,fad1998d4f23c96219b7cb5c251ce4d8bb9de2fa697aec86f84a98607574224c
sample,all_cr-1024,259,3221092,512499,500,8daa7311fa122f481e84b77d4b9415697087da2a1308fe3345308bbb8764f55c,fad1998d4f23c96219b7cb5c251ce4d8bb9de2fa697aec86f84a98607574224c
sample,all_cr-1024,260,3228632,512499,500,8daa7311fa122f481e84b77d4b9415697087da2a1308fe3345308bbb8764f55c,fad1998d4f23c96219b7cb5c251ce4d8bb9de2fa697aec86f84a98607574224c
sample,all_cr-1024,261,3224472,512499,500,8daa7311fa122f481e84b77d4b9415697087da2a1308fe3345308bbb8764f55c,fad1998d4f23c96219b7cb5c251ce4d8bb9de2fa697aec86f84a98607574224c
sample,all_cr-1024,262,3217132,512499,500,8daa7311fa122f481e84b77d4b9415697087da2a1308fe3345308bbb8764f55c,fad1998d4f23c96219b7cb5c251ce4d8bb9de2fa697aec86f84a98607574224c
sample,all_cr-1024,263,3284312,512499,500,8daa7311fa122f481e84b77d4b9415697087da2a1308fe3345308bbb8764f55c,fad1998d4f23c96219b7cb5c251ce4d8bb9de2fa697aec86f84a98607574224c
sample,all_cr-1024,264,3221852,512499,500,8daa7311fa122f481e84b77d4b9415697087da2a1308fe3345308bbb8764f55c,fad1998d4f23c96219b7cb5c251ce4d8bb9de2fa697aec86f84a98607574224c
sample,all_cr-1024,265,3224552,512499,500,8daa7311fa122f481e84b77d4b9415697087da2a1308fe3345308bbb8764f55c,fad1998d4f23c96219b7cb5c251ce4d8bb9de2fa697aec86f84a98607574224c
sample,all_cr-1024,266,3221912,512499,500,8daa7311fa122f481e84b77d4b9415697087da2a1308fe3345308bbb8764f55c,fad1998d4f23c96219b7cb5c251ce4d8bb9de2fa697aec86f84a98607574224c
sample,all_cr-1024,267,3221502,512499,500,8daa7311fa122f481e84b77d4b9415697087da2a1308fe3345308bbb8764f55c,fad1998d4f23c96219b7cb5c251ce4d8bb9de2fa697aec86f84a98607574224c
sample,all_cr-1024,268,3222232,512499,500,8daa7311fa122f481e84b77d4b9415697087da2a1308fe3345308bbb8764f55c,fad1998d4f23c96219b7cb5c251ce4d8bb9de2fa697aec86f84a98607574224c
sample,all_cr-1024,269,3289132,512499,500,8daa7311fa122f481e84b77d4b9415697087da2a1308fe3345308bbb8764f55c,fad1998d4f23c96219b7cb5c251ce4d8bb9de2fa697aec86f84a98607574224c
sample,all_cr-1024,270,3222652,512499,500,8daa7311fa122f481e84b77d4b9415697087da2a1308fe3345308bbb8764f55c,fad1998d4f23c96219b7cb5c251ce4d8bb9de2fa697aec86f84a98607574224c
sample,all_cr-1024,271,3292592,512499,500,8daa7311fa122f481e84b77d4b9415697087da2a1308fe3345308bbb8764f55c,fad1998d4f23c96219b7cb5c251ce4d8bb9de2fa697aec86f84a98607574224c
sample,all_cr-1024,272,3228102,512499,500,8daa7311fa122f481e84b77d4b9415697087da2a1308fe3345308bbb8764f55c,fad1998d4f23c96219b7cb5c251ce4d8bb9de2fa697aec86f84a98607574224c
sample,all_cr-1024,273,3224432,512499,500,8daa7311fa122f481e84b77d4b9415697087da2a1308fe3345308bbb8764f55c,fad1998d4f23c96219b7cb5c251ce4d8bb9de2fa697aec86f84a98607574224c
sample,all_cr-1024,274,3214442,512499,500,8daa7311fa122f481e84b77d4b9415697087da2a1308fe3345308bbb8764f55c,fad1998d4f23c96219b7cb5c251ce4d8bb9de2fa697aec86f84a98607574224c
sample,all_cr-1024,275,3224312,512499,500,8daa7311fa122f481e84b77d4b9415697087da2a1308fe3345308bbb8764f55c,fad1998d4f23c96219b7cb5c251ce4d8bb9de2fa697aec86f84a98607574224c
sample,all_cr-1024,276,3218252,512499,500,8daa7311fa122f481e84b77d4b9415697087da2a1308fe3345308bbb8764f55c,fad1998d4f23c96219b7cb5c251ce4d8bb9de2fa697aec86f84a98607574224c
sample,all_cr-1024,277,3229882,512499,500,8daa7311fa122f481e84b77d4b9415697087da2a1308fe3345308bbb8764f55c,fad1998d4f23c96219b7cb5c251ce4d8bb9de2fa697aec86f84a98607574224c
sample,all_cr-1024,278,3217182,512499,500,8daa7311fa122f481e84b77d4b9415697087da2a1308fe3345308bbb8764f55c,fad1998d4f23c96219b7cb5c251ce4d8bb9de2fa697aec86f84a98607574224c
sample,all_cr-1024,279,3225142,512499,500,8daa7311fa122f481e84b77d4b9415697087da2a1308fe3345308bbb8764f55c,fad1998d4f23c96219b7cb5c251ce4d8bb9de2fa697aec86f84a98607574224c
sample,all_cr-1024,280,3264832,512499,500,8daa7311fa122f481e84b77d4b9415697087da2a1308fe3345308bbb8764f55c,fad1998d4f23c96219b7cb5c251ce4d8bb9de2fa697aec86f84a98607574224c
sample,all_cr-1024,281,3226962,512499,500,8daa7311fa122f481e84b77d4b9415697087da2a1308fe3345308bbb8764f55c,fad1998d4f23c96219b7cb5c251ce4d8bb9de2fa697aec86f84a98607574224c
sample,all_cr-1024,282,3218872,512499,500,8daa7311fa122f481e84b77d4b9415697087da2a1308fe3345308bbb8764f55c,fad1998d4f23c96219b7cb5c251ce4d8bb9de2fa697aec86f84a98607574224c
sample,all_cr-1024,283,3222032,512499,500,8daa7311fa122f481e84b77d4b9415697087da2a1308fe3345308bbb8764f55c,fad1998d4f23c96219b7cb5c251ce4d8bb9de2fa697aec86f84a98607574224c
sample,all_cr-1024,284,3216992,512499,500,8daa7311fa122f481e84b77d4b9415697087da2a1308fe3345308bbb8764f55c,fad1998d4f23c96219b7cb5c251ce4d8bb9de2fa697aec86f84a98607574224c
sample,all_cr-1024,285,3350412,512499,500,8daa7311fa122f481e84b77d4b9415697087da2a1308fe3345308bbb8764f55c,fad1998d4f23c96219b7cb5c251ce4d8bb9de2fa697aec86f84a98607574224c
sample,all_cr-1024,286,3221782,512499,500,8daa7311fa122f481e84b77d4b9415697087da2a1308fe3345308bbb8764f55c,fad1998d4f23c96219b7cb5c251ce4d8bb9de2fa697aec86f84a98607574224c
sample,all_cr-1024,287,3224282,512499,500,8daa7311fa122f481e84b77d4b9415697087da2a1308fe3345308bbb8764f55c,fad1998d4f23c96219b7cb5c251ce4d8bb9de2fa697aec86f84a98607574224c
sample,all_cr-1024,288,3216882,512499,500,8daa7311fa122f481e84b77d4b9415697087da2a1308fe3345308bbb8764f55c,fad1998d4f23c96219b7cb5c251ce4d8bb9de2fa697aec86f84a98607574224c
sample,all_cr-1024,289,3223972,512499,500,8daa7311fa122f481e84b77d4b9415697087da2a1308fe3345308bbb8764f55c,fad1998d4f23c96219b7cb5c251ce4d8bb9de2fa697aec86f84a98607574224c
sample,all_cr-1024,290,3220322,512499,500,8daa7311fa122f481e84b77d4b9415697087da2a1308fe3345308bbb8764f55c,fad1998d4f23c96219b7cb5c251ce4d8bb9de2fa697aec86f84a98607574224c
sample,all_cr-1024,291,3220912,512499,500,8daa7311fa122f481e84b77d4b9415697087da2a1308fe3345308bbb8764f55c,fad1998d4f23c96219b7cb5c251ce4d8bb9de2fa697aec86f84a98607574224c
sample,all_cr-1024,292,3219002,512499,500,8daa7311fa122f481e84b77d4b9415697087da2a1308fe3345308bbb8764f55c,fad1998d4f23c96219b7cb5c251ce4d8bb9de2fa697aec86f84a98607574224c
sample,all_cr-1024,293,3222742,512499,500,8daa7311fa122f481e84b77d4b9415697087da2a1308fe3345308bbb8764f55c,fad1998d4f23c96219b7cb5c251ce4d8bb9de2fa697aec86f84a98607574224c
sample,all_cr-1024,294,3227062,512499,500,8daa7311fa122f481e84b77d4b9415697087da2a1308fe3345308bbb8764f55c,fad1998d4f23c96219b7cb5c251ce4d8bb9de2fa697aec86f84a98607574224c
sample,all_cr-1024,295,3222512,512499,500,8daa7311fa122f481e84b77d4b9415697087da2a1308fe3345308bbb8764f55c,fad1998d4f23c96219b7cb5c251ce4d8bb9de2fa697aec86f84a98607574224c
sample,all_cr-1024,296,3220452,512499,500,8daa7311fa122f481e84b77d4b9415697087da2a1308fe3345308bbb8764f55c,fad1998d4f23c96219b7cb5c251ce4d8bb9de2fa697aec86f84a98607574224c
sample,all_cr-1024,297,3220552,512499,500,8daa7311fa122f481e84b77d4b9415697087da2a1308fe3345308bbb8764f55c,fad1998d4f23c96219b7cb5c251ce4d8bb9de2fa697aec86f84a98607574224c
sample,all_cr-1024,298,3224212,512499,500,8daa7311fa122f481e84b77d4b9415697087da2a1308fe3345308bbb8764f55c,fad1998d4f23c96219b7cb5c251ce4d8bb9de2fa697aec86f84a98607574224c
sample,all_cr-1024,299,3236342,512499,500,8daa7311fa122f481e84b77d4b9415697087da2a1308fe3345308bbb8764f55c,fad1998d4f23c96219b7cb5c251ce4d8bb9de2fa697aec86f84a98607574224c
sample,all_cr-1024,300,3218862,512499,500,8daa7311fa122f481e84b77d4b9415697087da2a1308fe3345308bbb8764f55c,fad1998d4f23c96219b7cb5c251ce4d8bb9de2fa697aec86f84a98607574224c
sample,all_cr-1024,301,3221562,512499,500,8daa7311fa122f481e84b77d4b9415697087da2a1308fe3345308bbb8764f55c,fad1998d4f23c96219b7cb5c251ce4d8bb9de2fa697aec86f84a98607574224c
sample,all_cr-1024,302,3282932,512499,500,8daa7311fa122f481e84b77d4b9415697087da2a1308fe3345308bbb8764f55c,fad1998d4f23c96219b7cb5c251ce4d8bb9de2fa697aec86f84a98607574224c
sample,all_cr-1024,303,3235582,512499,500,8daa7311fa122f481e84b77d4b9415697087da2a1308fe3345308bbb8764f55c,fad1998d4f23c96219b7cb5c251ce4d8bb9de2fa697aec86f84a98607574224c
sample,all_cr-1024,304,3248212,512499,500,8daa7311fa122f481e84b77d4b9415697087da2a1308fe3345308bbb8764f55c,fad1998d4f23c96219b7cb5c251ce4d8bb9de2fa697aec86f84a98607574224c
sample,all_cr-1024,305,3220442,512499,500,8daa7311fa122f481e84b77d4b9415697087da2a1308fe3345308bbb8764f55c,fad1998d4f23c96219b7cb5c251ce4d8bb9de2fa697aec86f84a98607574224c
sample,all_cr-1024,306,3216162,512499,500,8daa7311fa122f481e84b77d4b9415697087da2a1308fe3345308bbb8764f55c,fad1998d4f23c96219b7cb5c251ce4d8bb9de2fa697aec86f84a98607574224c
sample,all_cr-1024,307,3229222,512499,500,8daa7311fa122f481e84b77d4b9415697087da2a1308fe3345308bbb8764f55c,fad1998d4f23c96219b7cb5c251ce4d8bb9de2fa697aec86f84a98607574224c
sample,all_cr-1024,308,3220512,512499,500,8daa7311fa122f481e84b77d4b9415697087da2a1308fe3345308bbb8764f55c,fad1998d4f23c96219b7cb5c251ce4d8bb9de2fa697aec86f84a98607574224c
sample,all_cr-1024,309,3226002,512499,500,8daa7311fa122f481e84b77d4b9415697087da2a1308fe3345308bbb8764f55c,fad1998d4f23c96219b7cb5c251ce4d8bb9de2fa697aec86f84a98607574224c
sample,all_cr-1024,310,3280812,512499,500,8daa7311fa122f481e84b77d4b9415697087da2a1308fe3345308bbb8764f55c,fad1998d4f23c96219b7cb5c251ce4d8bb9de2fa697aec86f84a98607574224c
sample,all_cr-1024,311,3223422,512499,500,8daa7311fa122f481e84b77d4b9415697087da2a1308fe3345308bbb8764f55c,fad1998d4f23c96219b7cb5c251ce4d8bb9de2fa697aec86f84a98607574224c
sample,all_cr-1024,312,3219922,512499,500,8daa7311fa122f481e84b77d4b9415697087da2a1308fe3345308bbb8764f55c,fad1998d4f23c96219b7cb5c251ce4d8bb9de2fa697aec86f84a98607574224c
sample,all_cr-1024,313,3221212,512499,500,8daa7311fa122f481e84b77d4b9415697087da2a1308fe3345308bbb8764f55c,fad1998d4f23c96219b7cb5c251ce4d8bb9de2fa697aec86f84a98607574224c
sample,all_cr-1024,314,3221382,512499,500,8daa7311fa122f481e84b77d4b9415697087da2a1308fe3345308bbb8764f55c,fad1998d4f23c96219b7cb5c251ce4d8bb9de2fa697aec86f84a98607574224c
sample,all_cr-1024,315,3247762,512499,500,8daa7311fa122f481e84b77d4b9415697087da2a1308fe3345308bbb8764f55c,fad1998d4f23c96219b7cb5c251ce4d8bb9de2fa697aec86f84a98607574224c
sample,all_cr-1024,316,3219302,512499,500,8daa7311fa122f481e84b77d4b9415697087da2a1308fe3345308bbb8764f55c,fad1998d4f23c96219b7cb5c251ce4d8bb9de2fa697aec86f84a98607574224c
sample,all_cr-1024,317,3228692,512499,500,8daa7311fa122f481e84b77d4b9415697087da2a1308fe3345308bbb8764f55c,fad1998d4f23c96219b7cb5c251ce4d8bb9de2fa697aec86f84a98607574224c
sample,all_cr-1024,318,3224522,512499,500,8daa7311fa122f481e84b77d4b9415697087da2a1308fe3345308bbb8764f55c,fad1998d4f23c96219b7cb5c251ce4d8bb9de2fa697aec86f84a98607574224c
sample,all_cr-1024,319,3227262,512499,500,8daa7311fa122f481e84b77d4b9415697087da2a1308fe3345308bbb8764f55c,fad1998d4f23c96219b7cb5c251ce4d8bb9de2fa697aec86f84a98607574224c
sample,all_cr-1024,320,3289512,512499,500,8daa7311fa122f481e84b77d4b9415697087da2a1308fe3345308bbb8764f55c,fad1998d4f23c96219b7cb5c251ce4d8bb9de2fa697aec86f84a98607574224c
sample,all_cr-1024,321,3218472,512499,500,8daa7311fa122f481e84b77d4b9415697087da2a1308fe3345308bbb8764f55c,fad1998d4f23c96219b7cb5c251ce4d8bb9de2fa697aec86f84a98607574224c
sample,all_cr-1024,322,3218392,512499,500,8daa7311fa122f481e84b77d4b9415697087da2a1308fe3345308bbb8764f55c,fad1998d4f23c96219b7cb5c251ce4d8bb9de2fa697aec86f84a98607574224c
sample,all_cr-1024,323,3222762,512499,500,8daa7311fa122f481e84b77d4b9415697087da2a1308fe3345308bbb8764f55c,fad1998d4f23c96219b7cb5c251ce4d8bb9de2fa697aec86f84a98607574224c
sample,all_cr-1024,324,3253692,512499,500,8daa7311fa122f481e84b77d4b9415697087da2a1308fe3345308bbb8764f55c,fad1998d4f23c96219b7cb5c251ce4d8bb9de2fa697aec86f84a98607574224c
sample,all_cr-1024,325,3230412,512499,500,8daa7311fa122f481e84b77d4b9415697087da2a1308fe3345308bbb8764f55c,fad1998d4f23c96219b7cb5c251ce4d8bb9de2fa697aec86f84a98607574224c
sample,all_cr-1024,326,3222952,512499,500,8daa7311fa122f481e84b77d4b9415697087da2a1308fe3345308bbb8764f55c,fad1998d4f23c96219b7cb5c251ce4d8bb9de2fa697aec86f84a98607574224c
sample,all_cr-1024,327,3221102,512499,500,8daa7311fa122f481e84b77d4b9415697087da2a1308fe3345308bbb8764f55c,fad1998d4f23c96219b7cb5c251ce4d8bb9de2fa697aec86f84a98607574224c
sample,all_cr-1024,328,3228462,512499,500,8daa7311fa122f481e84b77d4b9415697087da2a1308fe3345308bbb8764f55c,fad1998d4f23c96219b7cb5c251ce4d8bb9de2fa697aec86f84a98607574224c
sample,all_cr-1024,329,3225782,512499,500,8daa7311fa122f481e84b77d4b9415697087da2a1308fe3345308bbb8764f55c,fad1998d4f23c96219b7cb5c251ce4d8bb9de2fa697aec86f84a98607574224c
sample,all_cr-1024,330,3223912,512499,500,8daa7311fa122f481e84b77d4b9415697087da2a1308fe3345308bbb8764f55c,fad1998d4f23c96219b7cb5c251ce4d8bb9de2fa697aec86f84a98607574224c
sample,all_cr-1024,331,3224752,512499,500,8daa7311fa122f481e84b77d4b9415697087da2a1308fe3345308bbb8764f55c,fad1998d4f23c96219b7cb5c251ce4d8bb9de2fa697aec86f84a98607574224c
sample,all_cr-1024,332,3217162,512499,500,8daa7311fa122f481e84b77d4b9415697087da2a1308fe3345308bbb8764f55c,fad1998d4f23c96219b7cb5c251ce4d8bb9de2fa697aec86f84a98607574224c
sample,all_cr-1024,333,3232062,512499,500,8daa7311fa122f481e84b77d4b9415697087da2a1308fe3345308bbb8764f55c,fad1998d4f23c96219b7cb5c251ce4d8bb9de2fa697aec86f84a98607574224c
sample,all_cr-1024,334,3222432,512499,500,8daa7311fa122f481e84b77d4b9415697087da2a1308fe3345308bbb8764f55c,fad1998d4f23c96219b7cb5c251ce4d8bb9de2fa697aec86f84a98607574224c
sample,all_cr-1024,335,3223452,512499,500,8daa7311fa122f481e84b77d4b9415697087da2a1308fe3345308bbb8764f55c,fad1998d4f23c96219b7cb5c251ce4d8bb9de2fa697aec86f84a98607574224c
sample,all_cr-1024,336,3218132,512499,500,8daa7311fa122f481e84b77d4b9415697087da2a1308fe3345308bbb8764f55c,fad1998d4f23c96219b7cb5c251ce4d8bb9de2fa697aec86f84a98607574224c
sample,all_cr-1024,337,3227692,512499,500,8daa7311fa122f481e84b77d4b9415697087da2a1308fe3345308bbb8764f55c,fad1998d4f23c96219b7cb5c251ce4d8bb9de2fa697aec86f84a98607574224c
sample,all_cr-1024,338,3228862,512499,500,8daa7311fa122f481e84b77d4b9415697087da2a1308fe3345308bbb8764f55c,fad1998d4f23c96219b7cb5c251ce4d8bb9de2fa697aec86f84a98607574224c
sample,all_cr-1024,339,3227842,512499,500,8daa7311fa122f481e84b77d4b9415697087da2a1308fe3345308bbb8764f55c,fad1998d4f23c96219b7cb5c251ce4d8bb9de2fa697aec86f84a98607574224c
sample,all_cr-1024,340,3229712,512499,500,8daa7311fa122f481e84b77d4b9415697087da2a1308fe3345308bbb8764f55c,fad1998d4f23c96219b7cb5c251ce4d8bb9de2fa697aec86f84a98607574224c
sample,all_cr-1024,341,3228452,512499,500,8daa7311fa122f481e84b77d4b9415697087da2a1308fe3345308bbb8764f55c,fad1998d4f23c96219b7cb5c251ce4d8bb9de2fa697aec86f84a98607574224c
sample,all_cr-1024,342,3226232,512499,500,8daa7311fa122f481e84b77d4b9415697087da2a1308fe3345308bbb8764f55c,fad1998d4f23c96219b7cb5c251ce4d8bb9de2fa697aec86f84a98607574224c
sample,all_cr-1024,343,3223442,512499,500,8daa7311fa122f481e84b77d4b9415697087da2a1308fe3345308bbb8764f55c,fad1998d4f23c96219b7cb5c251ce4d8bb9de2fa697aec86f84a98607574224c
sample,all_cr-1024,344,3220001,512499,500,8daa7311fa122f481e84b77d4b9415697087da2a1308fe3345308bbb8764f55c,fad1998d4f23c96219b7cb5c251ce4d8bb9de2fa697aec86f84a98607574224c
sample,all_cr-1024,345,3223612,512499,500,8daa7311fa122f481e84b77d4b9415697087da2a1308fe3345308bbb8764f55c,fad1998d4f23c96219b7cb5c251ce4d8bb9de2fa697aec86f84a98607574224c
sample,all_cr-1024,346,3223992,512499,500,8daa7311fa122f481e84b77d4b9415697087da2a1308fe3345308bbb8764f55c,fad1998d4f23c96219b7cb5c251ce4d8bb9de2fa697aec86f84a98607574224c
sample,all_cr-1024,347,3219852,512499,500,8daa7311fa122f481e84b77d4b9415697087da2a1308fe3345308bbb8764f55c,fad1998d4f23c96219b7cb5c251ce4d8bb9de2fa697aec86f84a98607574224c
sample,all_cr-1024,348,3221282,512499,500,8daa7311fa122f481e84b77d4b9415697087da2a1308fe3345308bbb8764f55c,fad1998d4f23c96219b7cb5c251ce4d8bb9de2fa697aec86f84a98607574224c
sample,all_cr-1024,349,3266712,512499,500,8daa7311fa122f481e84b77d4b9415697087da2a1308fe3345308bbb8764f55c,fad1998d4f23c96219b7cb5c251ce4d8bb9de2fa697aec86f84a98607574224c
sample,all_cr-1024,350,3231202,512499,500,8daa7311fa122f481e84b77d4b9415697087da2a1308fe3345308bbb8764f55c,fad1998d4f23c96219b7cb5c251ce4d8bb9de2fa697aec86f84a98607574224c
sample,all_cr-1024,351,3253153,512499,500,8daa7311fa122f481e84b77d4b9415697087da2a1308fe3345308bbb8764f55c,fad1998d4f23c96219b7cb5c251ce4d8bb9de2fa697aec86f84a98607574224c
sample,all_cr-1024,352,3223851,512499,500,8daa7311fa122f481e84b77d4b9415697087da2a1308fe3345308bbb8764f55c,fad1998d4f23c96219b7cb5c251ce4d8bb9de2fa697aec86f84a98607574224c
sample,all_cr-1024,353,3220821,512499,500,8daa7311fa122f481e84b77d4b9415697087da2a1308fe3345308bbb8764f55c,fad1998d4f23c96219b7cb5c251ce4d8bb9de2fa697aec86f84a98607574224c
sample,all_cr-1024,354,3224552,512499,500,8daa7311fa122f481e84b77d4b9415697087da2a1308fe3345308bbb8764f55c,fad1998d4f23c96219b7cb5c251ce4d8bb9de2fa697aec86f84a98607574224c
sample,all_cr-1024,355,3235172,512499,500,8daa7311fa122f481e84b77d4b9415697087da2a1308fe3345308bbb8764f55c,fad1998d4f23c96219b7cb5c251ce4d8bb9de2fa697aec86f84a98607574224c
sample,all_cr-1024,356,3220862,512499,500,8daa7311fa122f481e84b77d4b9415697087da2a1308fe3345308bbb8764f55c,fad1998d4f23c96219b7cb5c251ce4d8bb9de2fa697aec86f84a98607574224c
sample,all_cr-1024,357,3225082,512499,500,8daa7311fa122f481e84b77d4b9415697087da2a1308fe3345308bbb8764f55c,fad1998d4f23c96219b7cb5c251ce4d8bb9de2fa697aec86f84a98607574224c
sample,all_cr-1024,358,3221052,512499,500,8daa7311fa122f481e84b77d4b9415697087da2a1308fe3345308bbb8764f55c,fad1998d4f23c96219b7cb5c251ce4d8bb9de2fa697aec86f84a98607574224c
sample,all_cr-1024,359,3232712,512499,500,8daa7311fa122f481e84b77d4b9415697087da2a1308fe3345308bbb8764f55c,fad1998d4f23c96219b7cb5c251ce4d8bb9de2fa697aec86f84a98607574224c
sample,all_cr-1024,360,3224882,512499,500,8daa7311fa122f481e84b77d4b9415697087da2a1308fe3345308bbb8764f55c,fad1998d4f23c96219b7cb5c251ce4d8bb9de2fa697aec86f84a98607574224c
sample,all_cr-1024,361,3287423,512499,500,8daa7311fa122f481e84b77d4b9415697087da2a1308fe3345308bbb8764f55c,fad1998d4f23c96219b7cb5c251ce4d8bb9de2fa697aec86f84a98607574224c
sample,all_cr-1024,362,3221292,512499,500,8daa7311fa122f481e84b77d4b9415697087da2a1308fe3345308bbb8764f55c,fad1998d4f23c96219b7cb5c251ce4d8bb9de2fa697aec86f84a98607574224c
sample,all_cr-1024,363,3292272,512499,500,8daa7311fa122f481e84b77d4b9415697087da2a1308fe3345308bbb8764f55c,fad1998d4f23c96219b7cb5c251ce4d8bb9de2fa697aec86f84a98607574224c
sample,all_cr-1024,364,3228132,512499,500,8daa7311fa122f481e84b77d4b9415697087da2a1308fe3345308bbb8764f55c,fad1998d4f23c96219b7cb5c251ce4d8bb9de2fa697aec86f84a98607574224c
sample,all_cr-1024,365,3230782,512499,500,8daa7311fa122f481e84b77d4b9415697087da2a1308fe3345308bbb8764f55c,fad1998d4f23c96219b7cb5c251ce4d8bb9de2fa697aec86f84a98607574224c
sample,all_cr-1024,366,3221282,512499,500,8daa7311fa122f481e84b77d4b9415697087da2a1308fe3345308bbb8764f55c,fad1998d4f23c96219b7cb5c251ce4d8bb9de2fa697aec86f84a98607574224c
sample,all_cr-1024,367,3228562,512499,500,8daa7311fa122f481e84b77d4b9415697087da2a1308fe3345308bbb8764f55c,fad1998d4f23c96219b7cb5c251ce4d8bb9de2fa697aec86f84a98607574224c
sample,all_cr-1024,368,3215712,512499,500,8daa7311fa122f481e84b77d4b9415697087da2a1308fe3345308bbb8764f55c,fad1998d4f23c96219b7cb5c251ce4d8bb9de2fa697aec86f84a98607574224c
sample,all_cr-1024,369,3224042,512499,500,8daa7311fa122f481e84b77d4b9415697087da2a1308fe3345308bbb8764f55c,fad1998d4f23c96219b7cb5c251ce4d8bb9de2fa697aec86f84a98607574224c
sample,all_cr-1024,370,3224742,512499,500,8daa7311fa122f481e84b77d4b9415697087da2a1308fe3345308bbb8764f55c,fad1998d4f23c96219b7cb5c251ce4d8bb9de2fa697aec86f84a98607574224c
sample,all_cr-1024,371,3231452,512499,500,8daa7311fa122f481e84b77d4b9415697087da2a1308fe3345308bbb8764f55c,fad1998d4f23c96219b7cb5c251ce4d8bb9de2fa697aec86f84a98607574224c
sample,all_cr-1024,372,3238242,512499,500,8daa7311fa122f481e84b77d4b9415697087da2a1308fe3345308bbb8764f55c,fad1998d4f23c96219b7cb5c251ce4d8bb9de2fa697aec86f84a98607574224c
sample,all_cr-1024,373,3219601,512499,500,8daa7311fa122f481e84b77d4b9415697087da2a1308fe3345308bbb8764f55c,fad1998d4f23c96219b7cb5c251ce4d8bb9de2fa697aec86f84a98607574224c
sample,all_cr-1024,374,3223621,512499,500,8daa7311fa122f481e84b77d4b9415697087da2a1308fe3345308bbb8764f55c,fad1998d4f23c96219b7cb5c251ce4d8bb9de2fa697aec86f84a98607574224c
sample,all_cr-1024,375,3220922,512499,500,8daa7311fa122f481e84b77d4b9415697087da2a1308fe3345308bbb8764f55c,fad1998d4f23c96219b7cb5c251ce4d8bb9de2fa697aec86f84a98607574224c
sample,all_cr-1024,376,3222202,512499,500,8daa7311fa122f481e84b77d4b9415697087da2a1308fe3345308bbb8764f55c,fad1998d4f23c96219b7cb5c251ce4d8bb9de2fa697aec86f84a98607574224c
sample,all_cr-1024,377,3222732,512499,500,8daa7311fa122f481e84b77d4b9415697087da2a1308fe3345308bbb8764f55c,fad1998d4f23c96219b7cb5c251ce4d8bb9de2fa697aec86f84a98607574224c
sample,all_cr-1024,378,3223182,512499,500,8daa7311fa122f481e84b77d4b9415697087da2a1308fe3345308bbb8764f55c,fad1998d4f23c96219b7cb5c251ce4d8bb9de2fa697aec86f84a98607574224c
sample,all_cr-1024,379,3220672,512499,500,8daa7311fa122f481e84b77d4b9415697087da2a1308fe3345308bbb8764f55c,fad1998d4f23c96219b7cb5c251ce4d8bb9de2fa697aec86f84a98607574224c
sample,all_cr-1024,380,3228482,512499,500,8daa7311fa122f481e84b77d4b9415697087da2a1308fe3345308bbb8764f55c,fad1998d4f23c96219b7cb5c251ce4d8bb9de2fa697aec86f84a98607574224c
sample,all_cr-1024,381,3220342,512499,500,8daa7311fa122f481e84b77d4b9415697087da2a1308fe3345308bbb8764f55c,fad1998d4f23c96219b7cb5c251ce4d8bb9de2fa697aec86f84a98607574224c
sample,all_cr-1024,382,3218762,512499,500,8daa7311fa122f481e84b77d4b9415697087da2a1308fe3345308bbb8764f55c,fad1998d4f23c96219b7cb5c251ce4d8bb9de2fa697aec86f84a98607574224c
sample,all_cr-1024,383,3221472,512499,500,8daa7311fa122f481e84b77d4b9415697087da2a1308fe3345308bbb8764f55c,fad1998d4f23c96219b7cb5c251ce4d8bb9de2fa697aec86f84a98607574224c
sample,all_cr-1024,384,3220102,512499,500,8daa7311fa122f481e84b77d4b9415697087da2a1308fe3345308bbb8764f55c,fad1998d4f23c96219b7cb5c251ce4d8bb9de2fa697aec86f84a98607574224c
sample,all_cr-1024,385,3226932,512499,500,8daa7311fa122f481e84b77d4b9415697087da2a1308fe3345308bbb8764f55c,fad1998d4f23c96219b7cb5c251ce4d8bb9de2fa697aec86f84a98607574224c
sample,all_cr-1024,386,3277692,512499,500,8daa7311fa122f481e84b77d4b9415697087da2a1308fe3345308bbb8764f55c,fad1998d4f23c96219b7cb5c251ce4d8bb9de2fa697aec86f84a98607574224c
sample,all_cr-1024,387,3219812,512499,500,8daa7311fa122f481e84b77d4b9415697087da2a1308fe3345308bbb8764f55c,fad1998d4f23c96219b7cb5c251ce4d8bb9de2fa697aec86f84a98607574224c
sample,all_cr-1024,388,3219332,512499,500,8daa7311fa122f481e84b77d4b9415697087da2a1308fe3345308bbb8764f55c,fad1998d4f23c96219b7cb5c251ce4d8bb9de2fa697aec86f84a98607574224c
sample,all_cr-1024,389,3224162,512499,500,8daa7311fa122f481e84b77d4b9415697087da2a1308fe3345308bbb8764f55c,fad1998d4f23c96219b7cb5c251ce4d8bb9de2fa697aec86f84a98607574224c
sample,all_cr-1024,390,3282102,512499,500,8daa7311fa122f481e84b77d4b9415697087da2a1308fe3345308bbb8764f55c,fad1998d4f23c96219b7cb5c251ce4d8bb9de2fa697aec86f84a98607574224c
sample,all_cr-1024,391,3226882,512499,500,8daa7311fa122f481e84b77d4b9415697087da2a1308fe3345308bbb8764f55c,fad1998d4f23c96219b7cb5c251ce4d8bb9de2fa697aec86f84a98607574224c
sample,all_cr-1024,392,3219772,512499,500,8daa7311fa122f481e84b77d4b9415697087da2a1308fe3345308bbb8764f55c,fad1998d4f23c96219b7cb5c251ce4d8bb9de2fa697aec86f84a98607574224c
sample,all_cr-1024,393,3228732,512499,500,8daa7311fa122f481e84b77d4b9415697087da2a1308fe3345308bbb8764f55c,fad1998d4f23c96219b7cb5c251ce4d8bb9de2fa697aec86f84a98607574224c
sample,all_cr-1024,394,3219422,512499,500,8daa7311fa122f481e84b77d4b9415697087da2a1308fe3345308bbb8764f55c,fad1998d4f23c96219b7cb5c251ce4d8bb9de2fa697aec86f84a98607574224c
sample,all_cr-1024,395,3223562,512499,500,8daa7311fa122f481e84b77d4b9415697087da2a1308fe3345308bbb8764f55c,fad1998d4f23c96219b7cb5c251ce4d8bb9de2fa697aec86f84a98607574224c
sample,all_cr-1024,396,3222612,512499,500,8daa7311fa122f481e84b77d4b9415697087da2a1308fe3345308bbb8764f55c,fad1998d4f23c96219b7cb5c251ce4d8bb9de2fa697aec86f84a98607574224c
sample,all_cr-1024,397,3225442,512499,500,8daa7311fa122f481e84b77d4b9415697087da2a1308fe3345308bbb8764f55c,fad1998d4f23c96219b7cb5c251ce4d8bb9de2fa697aec86f84a98607574224c
sample,all_cr-1024,398,3225122,512499,500,8daa7311fa122f481e84b77d4b9415697087da2a1308fe3345308bbb8764f55c,fad1998d4f23c96219b7cb5c251ce4d8bb9de2fa697aec86f84a98607574224c
sample,all_cr-1024,399,3218782,512499,500,8daa7311fa122f481e84b77d4b9415697087da2a1308fe3345308bbb8764f55c,fad1998d4f23c96219b7cb5c251ce4d8bb9de2fa697aec86f84a98607574224c
sample,all_cr-1024,400,3218132,512499,500,8daa7311fa122f481e84b77d4b9415697087da2a1308fe3345308bbb8764f55c,fad1998d4f23c96219b7cb5c251ce4d8bb9de2fa697aec86f84a98607574224c
sample,all_cr-1024,401,3225542,512499,500,8daa7311fa122f481e84b77d4b9415697087da2a1308fe3345308bbb8764f55c,fad1998d4f23c96219b7cb5c251ce4d8bb9de2fa697aec86f84a98607574224c
sample,all_cr-1024,402,3222682,512499,500,8daa7311fa122f481e84b77d4b9415697087da2a1308fe3345308bbb8764f55c,fad1998d4f23c96219b7cb5c251ce4d8bb9de2fa697aec86f84a98607574224c
sample,all_cr-1024,403,3227102,512499,500,8daa7311fa122f481e84b77d4b9415697087da2a1308fe3345308bbb8764f55c,fad1998d4f23c96219b7cb5c251ce4d8bb9de2fa697aec86f84a98607574224c
sample,all_cr-1024,404,3221532,512499,500,8daa7311fa122f481e84b77d4b9415697087da2a1308fe3345308bbb8764f55c,fad1998d4f23c96219b7cb5c251ce4d8bb9de2fa697aec86f84a98607574224c
sample,all_cr-1024,405,3219742,512499,500,8daa7311fa122f481e84b77d4b9415697087da2a1308fe3345308bbb8764f55c,fad1998d4f23c96219b7cb5c251ce4d8bb9de2fa697aec86f84a98607574224c
sample,all_cr-1024,406,3218852,512499,500,8daa7311fa122f481e84b77d4b9415697087da2a1308fe3345308bbb8764f55c,fad1998d4f23c96219b7cb5c251ce4d8bb9de2fa697aec86f84a98607574224c
sample,all_cr-1024,407,3222212,512499,500,8daa7311fa122f481e84b77d4b9415697087da2a1308fe3345308bbb8764f55c,fad1998d4f23c96219b7cb5c251ce4d8bb9de2fa697aec86f84a98607574224c
sample,all_cr-1024,408,3221602,512499,500,8daa7311fa122f481e84b77d4b9415697087da2a1308fe3345308bbb8764f55c,fad1998d4f23c96219b7cb5c251ce4d8bb9de2fa697aec86f84a98607574224c
sample,all_cr-1024,409,3222952,512499,500,8daa7311fa122f481e84b77d4b9415697087da2a1308fe3345308bbb8764f55c,fad1998d4f23c96219b7cb5c251ce4d8bb9de2fa697aec86f84a98607574224c
sample,all_cr-1024,410,3217902,512499,500,8daa7311fa122f481e84b77d4b9415697087da2a1308fe3345308bbb8764f55c,fad1998d4f23c96219b7cb5c251ce4d8bb9de2fa697aec86f84a98607574224c
sample,all_cr-1024,411,3235212,512499,500,8daa7311fa122f481e84b77d4b9415697087da2a1308fe3345308bbb8764f55c,fad1998d4f23c96219b7cb5c251ce4d8bb9de2fa697aec86f84a98607574224c
sample,all_cr-1024,412,3223132,512499,500,8daa7311fa122f481e84b77d4b9415697087da2a1308fe3345308bbb8764f55c,fad1998d4f23c96219b7cb5c251ce4d8bb9de2fa697aec86f84a98607574224c
sample,all_cr-1024,413,3224372,512499,500,8daa7311fa122f481e84b77d4b9415697087da2a1308fe3345308bbb8764f55c,fad1998d4f23c96219b7cb5c251ce4d8bb9de2fa697aec86f84a98607574224c
sample,all_cr-1024,414,3219302,512499,500,8daa7311fa122f481e84b77d4b9415697087da2a1308fe3345308bbb8764f55c,fad1998d4f23c96219b7cb5c251ce4d8bb9de2fa697aec86f84a98607574224c
sample,all_cr-1024,415,3225152,512499,500,8daa7311fa122f481e84b77d4b9415697087da2a1308fe3345308bbb8764f55c,fad1998d4f23c96219b7cb5c251ce4d8bb9de2fa697aec86f84a98607574224c
sample,all_cr-1024,416,3216131,512499,500,8daa7311fa122f481e84b77d4b9415697087da2a1308fe3345308bbb8764f55c,fad1998d4f23c96219b7cb5c251ce4d8bb9de2fa697aec86f84a98607574224c
sample,all_cr-1024,417,3220722,512499,500,8daa7311fa122f481e84b77d4b9415697087da2a1308fe3345308bbb8764f55c,fad1998d4f23c96219b7cb5c251ce4d8bb9de2fa697aec86f84a98607574224c
sample,all_cr-1024,418,3218272,512499,500,8daa7311fa122f481e84b77d4b9415697087da2a1308fe3345308bbb8764f55c,fad1998d4f23c96219b7cb5c251ce4d8bb9de2fa697aec86f84a98607574224c
sample,all_cr-1024,419,3226352,512499,500,8daa7311fa122f481e84b77d4b9415697087da2a1308fe3345308bbb8764f55c,fad1998d4f23c96219b7cb5c251ce4d8bb9de2fa697aec86f84a98607574224c
sample,all_cr-1024,420,3223792,512499,500,8daa7311fa122f481e84b77d4b9415697087da2a1308fe3345308bbb8764f55c,fad1998d4f23c96219b7cb5c251ce4d8bb9de2fa697aec86f84a98607574224c
sample,all_cr-1024,421,3225572,512499,500,8daa7311fa122f481e84b77d4b9415697087da2a1308fe3345308bbb8764f55c,fad1998d4f23c96219b7cb5c251ce4d8bb9de2fa697aec86f84a98607574224c
sample,all_cr-1024,422,3226202,512499,500,8daa7311fa122f481e84b77d4b9415697087da2a1308fe3345308bbb8764f55c,fad1998d4f23c96219b7cb5c251ce4d8bb9de2fa697aec86f84a98607574224c
sample,all_cr-1024,423,3227932,512499,500,8daa7311fa122f481e84b77d4b9415697087da2a1308fe3345308bbb8764f55c,fad1998d4f23c96219b7cb5c251ce4d8bb9de2fa697aec86f84a98607574224c
sample,all_cr-1024,424,3231572,512499,500,8daa7311fa122f481e84b77d4b9415697087da2a1308fe3345308bbb8764f55c,fad1998d4f23c96219b7cb5c251ce4d8bb9de2fa697aec86f84a98607574224c
sample,all_cr-1024,425,3463313,512499,500,8daa7311fa122f481e84b77d4b9415697087da2a1308fe3345308bbb8764f55c,fad1998d4f23c96219b7cb5c251ce4d8bb9de2fa697aec86f84a98607574224c
sample,all_cr-1024,426,3218582,512499,500,8daa7311fa122f481e84b77d4b9415697087da2a1308fe3345308bbb8764f55c,fad1998d4f23c96219b7cb5c251ce4d8bb9de2fa697aec86f84a98607574224c
sample,all_cr-1024,427,3256702,512499,500,8daa7311fa122f481e84b77d4b9415697087da2a1308fe3345308bbb8764f55c,fad1998d4f23c96219b7cb5c251ce4d8bb9de2fa697aec86f84a98607574224c
sample,all_cr-1024,428,3220072,512499,500,8daa7311fa122f481e84b77d4b9415697087da2a1308fe3345308bbb8764f55c,fad1998d4f23c96219b7cb5c251ce4d8bb9de2fa697aec86f84a98607574224c
sample,all_cr-1024,429,3222612,512499,500,8daa7311fa122f481e84b77d4b9415697087da2a1308fe3345308bbb8764f55c,fad1998d4f23c96219b7cb5c251ce4d8bb9de2fa697aec86f84a98607574224c
sample,all_cr-1024,430,3225682,512499,500,8daa7311fa122f481e84b77d4b9415697087da2a1308fe3345308bbb8764f55c,fad1998d4f23c96219b7cb5c251ce4d8bb9de2fa697aec86f84a98607574224c
sample,all_cr-1024,431,3219262,512499,500,8daa7311fa122f481e84b77d4b9415697087da2a1308fe3345308bbb8764f55c,fad1998d4f23c96219b7cb5c251ce4d8bb9de2fa697aec86f84a98607574224c
sample,all_cr-1024,432,3220802,512499,500,8daa7311fa122f481e84b77d4b9415697087da2a1308fe3345308bbb8764f55c,fad1998d4f23c96219b7cb5c251ce4d8bb9de2fa697aec86f84a98607574224c
sample,all_cr-1024,433,3222922,512499,500,8daa7311fa122f481e84b77d4b9415697087da2a1308fe3345308bbb8764f55c,fad1998d4f23c96219b7cb5c251ce4d8bb9de2fa697aec86f84a98607574224c
sample,all_cr-1024,434,3226752,512499,500,8daa7311fa122f481e84b77d4b9415697087da2a1308fe3345308bbb8764f55c,fad1998d4f23c96219b7cb5c251ce4d8bb9de2fa697aec86f84a98607574224c
sample,all_cr-1024,435,3220612,512499,500,8daa7311fa122f481e84b77d4b9415697087da2a1308fe3345308bbb8764f55c,fad1998d4f23c96219b7cb5c251ce4d8bb9de2fa697aec86f84a98607574224c
sample,all_cr-1024,436,3219882,512499,500,8daa7311fa122f481e84b77d4b9415697087da2a1308fe3345308bbb8764f55c,fad1998d4f23c96219b7cb5c251ce4d8bb9de2fa697aec86f84a98607574224c
sample,all_cr-1024,437,3217571,512499,500,8daa7311fa122f481e84b77d4b9415697087da2a1308fe3345308bbb8764f55c,fad1998d4f23c96219b7cb5c251ce4d8bb9de2fa697aec86f84a98607574224c
sample,all_cr-1024,438,3219352,512499,500,8daa7311fa122f481e84b77d4b9415697087da2a1308fe3345308bbb8764f55c,fad1998d4f23c96219b7cb5c251ce4d8bb9de2fa697aec86f84a98607574224c
sample,all_cr-1024,439,3228072,512499,500,8daa7311fa122f481e84b77d4b9415697087da2a1308fe3345308bbb8764f55c,fad1998d4f23c96219b7cb5c251ce4d8bb9de2fa697aec86f84a98607574224c
sample,all_cr-1024,440,3218392,512499,500,8daa7311fa122f481e84b77d4b9415697087da2a1308fe3345308bbb8764f55c,fad1998d4f23c96219b7cb5c251ce4d8bb9de2fa697aec86f84a98607574224c
sample,all_cr-1024,441,3224772,512499,500,8daa7311fa122f481e84b77d4b9415697087da2a1308fe3345308bbb8764f55c,fad1998d4f23c96219b7cb5c251ce4d8bb9de2fa697aec86f84a98607574224c
sample,all_cr-1024,442,3219782,512499,500,8daa7311fa122f481e84b77d4b9415697087da2a1308fe3345308bbb8764f55c,fad1998d4f23c96219b7cb5c251ce4d8bb9de2fa697aec86f84a98607574224c
sample,all_cr-1024,443,3240262,512499,500,8daa7311fa122f481e84b77d4b9415697087da2a1308fe3345308bbb8764f55c,fad1998d4f23c96219b7cb5c251ce4d8bb9de2fa697aec86f84a98607574224c
sample,all_cr-1024,444,3244602,512499,500,8daa7311fa122f481e84b77d4b9415697087da2a1308fe3345308bbb8764f55c,fad1998d4f23c96219b7cb5c251ce4d8bb9de2fa697aec86f84a98607574224c
sample,all_cr-1024,445,3223912,512499,500,8daa7311fa122f481e84b77d4b9415697087da2a1308fe3345308bbb8764f55c,fad1998d4f23c96219b7cb5c251ce4d8bb9de2fa697aec86f84a98607574224c
sample,all_cr-1024,446,3225082,512499,500,8daa7311fa122f481e84b77d4b9415697087da2a1308fe3345308bbb8764f55c,fad1998d4f23c96219b7cb5c251ce4d8bb9de2fa697aec86f84a98607574224c
sample,all_cr-1024,447,3292193,512499,500,8daa7311fa122f481e84b77d4b9415697087da2a1308fe3345308bbb8764f55c,fad1998d4f23c96219b7cb5c251ce4d8bb9de2fa697aec86f84a98607574224c
sample,all_cr-1024,448,3227372,512499,500,8daa7311fa122f481e84b77d4b9415697087da2a1308fe3345308bbb8764f55c,fad1998d4f23c96219b7cb5c251ce4d8bb9de2fa697aec86f84a98607574224c
sample,all_cr-1024,449,3227592,512499,500,8daa7311fa122f481e84b77d4b9415697087da2a1308fe3345308bbb8764f55c,fad1998d4f23c96219b7cb5c251ce4d8bb9de2fa697aec86f84a98607574224c
sample,all_cr-1024,450,3221402,512499,500,8daa7311fa122f481e84b77d4b9415697087da2a1308fe3345308bbb8764f55c,fad1998d4f23c96219b7cb5c251ce4d8bb9de2fa697aec86f84a98607574224c
sample,all_cr-1024,451,3226231,512499,500,8daa7311fa122f481e84b77d4b9415697087da2a1308fe3345308bbb8764f55c,fad1998d4f23c96219b7cb5c251ce4d8bb9de2fa697aec86f84a98607574224c
sample,all_cr-1024,452,3222002,512499,500,8daa7311fa122f481e84b77d4b9415697087da2a1308fe3345308bbb8764f55c,fad1998d4f23c96219b7cb5c251ce4d8bb9de2fa697aec86f84a98607574224c
sample,all_cr-1024,453,3235032,512499,500,8daa7311fa122f481e84b77d4b9415697087da2a1308fe3345308bbb8764f55c,fad1998d4f23c96219b7cb5c251ce4d8bb9de2fa697aec86f84a98607574224c
sample,all_cr-1024,454,3220072,512499,500,8daa7311fa122f481e84b77d4b9415697087da2a1308fe3345308bbb8764f55c,fad1998d4f23c96219b7cb5c251ce4d8bb9de2fa697aec86f84a98607574224c
sample,all_cr-1024,455,3225302,512499,500,8daa7311fa122f481e84b77d4b9415697087da2a1308fe3345308bbb8764f55c,fad1998d4f23c96219b7cb5c251ce4d8bb9de2fa697aec86f84a98607574224c
sample,all_cr-1024,456,3228792,512499,500,8daa7311fa122f481e84b77d4b9415697087da2a1308fe3345308bbb8764f55c,fad1998d4f23c96219b7cb5c251ce4d8bb9de2fa697aec86f84a98607574224c
sample,all_cr-1024,457,3232742,512499,500,8daa7311fa122f481e84b77d4b9415697087da2a1308fe3345308bbb8764f55c,fad1998d4f23c96219b7cb5c251ce4d8bb9de2fa697aec86f84a98607574224c
sample,all_cr-1024,458,3270552,512499,500,8daa7311fa122f481e84b77d4b9415697087da2a1308fe3345308bbb8764f55c,fad1998d4f23c96219b7cb5c251ce4d8bb9de2fa697aec86f84a98607574224c
sample,all_cr-1024,459,3223052,512499,500,8daa7311fa122f481e84b77d4b9415697087da2a1308fe3345308bbb8764f55c,fad1998d4f23c96219b7cb5c251ce4d8bb9de2fa697aec86f84a98607574224c
sample,all_cr-1024,460,3226702,512499,500,8daa7311fa122f481e84b77d4b9415697087da2a1308fe3345308bbb8764f55c,fad1998d4f23c96219b7cb5c251ce4d8bb9de2fa697aec86f84a98607574224c
sample,all_cr-1024,461,3222802,512499,500,8daa7311fa122f481e84b77d4b9415697087da2a1308fe3345308bbb8764f55c,fad1998d4f23c96219b7cb5c251ce4d8bb9de2fa697aec86f84a98607574224c
sample,all_cr-1024,462,3282023,512499,500,8daa7311fa122f481e84b77d4b9415697087da2a1308fe3345308bbb8764f55c,fad1998d4f23c96219b7cb5c251ce4d8bb9de2fa697aec86f84a98607574224c
sample,all_cr-1024,463,3222392,512499,500,8daa7311fa122f481e84b77d4b9415697087da2a1308fe3345308bbb8764f55c,fad1998d4f23c96219b7cb5c251ce4d8bb9de2fa697aec86f84a98607574224c
sample,all_cr-1024,464,3224452,512499,500,8daa7311fa122f481e84b77d4b9415697087da2a1308fe3345308bbb8764f55c,fad1998d4f23c96219b7cb5c251ce4d8bb9de2fa697aec86f84a98607574224c
sample,all_cr-1024,465,3220941,512499,500,8daa7311fa122f481e84b77d4b9415697087da2a1308fe3345308bbb8764f55c,fad1998d4f23c96219b7cb5c251ce4d8bb9de2fa697aec86f84a98607574224c
sample,all_cr-1024,466,3218462,512499,500,8daa7311fa122f481e84b77d4b9415697087da2a1308fe3345308bbb8764f55c,fad1998d4f23c96219b7cb5c251ce4d8bb9de2fa697aec86f84a98607574224c
sample,all_cr-1024,467,3223672,512499,500,8daa7311fa122f481e84b77d4b9415697087da2a1308fe3345308bbb8764f55c,fad1998d4f23c96219b7cb5c251ce4d8bb9de2fa697aec86f84a98607574224c
sample,all_cr-1024,468,3216652,512499,500,8daa7311fa122f481e84b77d4b9415697087da2a1308fe3345308bbb8764f55c,fad1998d4f23c96219b7cb5c251ce4d8bb9de2fa697aec86f84a98607574224c
sample,all_cr-1024,469,3229962,512499,500,8daa7311fa122f481e84b77d4b9415697087da2a1308fe3345308bbb8764f55c,fad1998d4f23c96219b7cb5c251ce4d8bb9de2fa697aec86f84a98607574224c
sample,all_cr-1024,470,3225682,512499,500,8daa7311fa122f481e84b77d4b9415697087da2a1308fe3345308bbb8764f55c,fad1998d4f23c96219b7cb5c251ce4d8bb9de2fa697aec86f84a98607574224c
sample,all_cr-1024,471,3222062,512499,500,8daa7311fa122f481e84b77d4b9415697087da2a1308fe3345308bbb8764f55c,fad1998d4f23c96219b7cb5c251ce4d8bb9de2fa697aec86f84a98607574224c
sample,all_cr-1024,472,3222942,512499,500,8daa7311fa122f481e84b77d4b9415697087da2a1308fe3345308bbb8764f55c,fad1998d4f23c96219b7cb5c251ce4d8bb9de2fa697aec86f84a98607574224c
sample,all_cr-1024,473,3226292,512499,500,8daa7311fa122f481e84b77d4b9415697087da2a1308fe3345308bbb8764f55c,fad1998d4f23c96219b7cb5c251ce4d8bb9de2fa697aec86f84a98607574224c
sample,all_cr-1024,474,3221202,512499,500,8daa7311fa122f481e84b77d4b9415697087da2a1308fe3345308bbb8764f55c,fad1998d4f23c96219b7cb5c251ce4d8bb9de2fa697aec86f84a98607574224c
sample,all_cr-1024,475,3225882,512499,500,8daa7311fa122f481e84b77d4b9415697087da2a1308fe3345308bbb8764f55c,fad1998d4f23c96219b7cb5c251ce4d8bb9de2fa697aec86f84a98607574224c
sample,all_cr-1024,476,3219592,512499,500,8daa7311fa122f481e84b77d4b9415697087da2a1308fe3345308bbb8764f55c,fad1998d4f23c96219b7cb5c251ce4d8bb9de2fa697aec86f84a98607574224c
sample,all_cr-1024,477,3229422,512499,500,8daa7311fa122f481e84b77d4b9415697087da2a1308fe3345308bbb8764f55c,fad1998d4f23c96219b7cb5c251ce4d8bb9de2fa697aec86f84a98607574224c
sample,all_cr-1024,478,3217672,512499,500,8daa7311fa122f481e84b77d4b9415697087da2a1308fe3345308bbb8764f55c,fad1998d4f23c96219b7cb5c251ce4d8bb9de2fa697aec86f84a98607574224c
sample,all_cr-1024,479,3222012,512499,500,8daa7311fa122f481e84b77d4b9415697087da2a1308fe3345308bbb8764f55c,fad1998d4f23c96219b7cb5c251ce4d8bb9de2fa697aec86f84a98607574224c
sample,all_cr-1024,480,3222092,512499,500,8daa7311fa122f481e84b77d4b9415697087da2a1308fe3345308bbb8764f55c,fad1998d4f23c96219b7cb5c251ce4d8bb9de2fa697aec86f84a98607574224c
sample,all_cr-1024,481,3224572,512499,500,8daa7311fa122f481e84b77d4b9415697087da2a1308fe3345308bbb8764f55c,fad1998d4f23c96219b7cb5c251ce4d8bb9de2fa697aec86f84a98607574224c
sample,all_cr-1024,482,3226192,512499,500,8daa7311fa122f481e84b77d4b9415697087da2a1308fe3345308bbb8764f55c,fad1998d4f23c96219b7cb5c251ce4d8bb9de2fa697aec86f84a98607574224c
sample,all_cr-1024,483,3220812,512499,500,8daa7311fa122f481e84b77d4b9415697087da2a1308fe3345308bbb8764f55c,fad1998d4f23c96219b7cb5c251ce4d8bb9de2fa697aec86f84a98607574224c
sample,all_cr-1024,484,3219622,512499,500,8daa7311fa122f481e84b77d4b9415697087da2a1308fe3345308bbb8764f55c,fad1998d4f23c96219b7cb5c251ce4d8bb9de2fa697aec86f84a98607574224c
sample,all_cr-1024,485,3221762,512499,500,8daa7311fa122f481e84b77d4b9415697087da2a1308fe3345308bbb8764f55c,fad1998d4f23c96219b7cb5c251ce4d8bb9de2fa697aec86f84a98607574224c
sample,all_cr-1024,486,3289312,512499,500,8daa7311fa122f481e84b77d4b9415697087da2a1308fe3345308bbb8764f55c,fad1998d4f23c96219b7cb5c251ce4d8bb9de2fa697aec86f84a98607574224c
sample,all_cr-1024,487,3227942,512499,500,8daa7311fa122f481e84b77d4b9415697087da2a1308fe3345308bbb8764f55c,fad1998d4f23c96219b7cb5c251ce4d8bb9de2fa697aec86f84a98607574224c
sample,all_cr-1024,488,3220682,512499,500,8daa7311fa122f481e84b77d4b9415697087da2a1308fe3345308bbb8764f55c,fad1998d4f23c96219b7cb5c251ce4d8bb9de2fa697aec86f84a98607574224c
sample,all_cr-1024,489,3220482,512499,500,8daa7311fa122f481e84b77d4b9415697087da2a1308fe3345308bbb8764f55c,fad1998d4f23c96219b7cb5c251ce4d8bb9de2fa697aec86f84a98607574224c
sample,all_cr-1024,490,3228412,512499,500,8daa7311fa122f481e84b77d4b9415697087da2a1308fe3345308bbb8764f55c,fad1998d4f23c96219b7cb5c251ce4d8bb9de2fa697aec86f84a98607574224c
sample,all_cr-1024,491,3219772,512499,500,8daa7311fa122f481e84b77d4b9415697087da2a1308fe3345308bbb8764f55c,fad1998d4f23c96219b7cb5c251ce4d8bb9de2fa697aec86f84a98607574224c
sample,all_cr-1024,492,3217122,512499,500,8daa7311fa122f481e84b77d4b9415697087da2a1308fe3345308bbb8764f55c,fad1998d4f23c96219b7cb5c251ce4d8bb9de2fa697aec86f84a98607574224c
sample,all_cr-1024,493,3227202,512499,500,8daa7311fa122f481e84b77d4b9415697087da2a1308fe3345308bbb8764f55c,fad1998d4f23c96219b7cb5c251ce4d8bb9de2fa697aec86f84a98607574224c
sample,all_cr-1024,494,3344142,512499,500,8daa7311fa122f481e84b77d4b9415697087da2a1308fe3345308bbb8764f55c,fad1998d4f23c96219b7cb5c251ce4d8bb9de2fa697aec86f84a98607574224c
sample,all_cr-1024,495,3221402,512499,500,8daa7311fa122f481e84b77d4b9415697087da2a1308fe3345308bbb8764f55c,fad1998d4f23c96219b7cb5c251ce4d8bb9de2fa697aec86f84a98607574224c
sample,all_cr-1024,496,3253802,512499,500,8daa7311fa122f481e84b77d4b9415697087da2a1308fe3345308bbb8764f55c,fad1998d4f23c96219b7cb5c251ce4d8bb9de2fa697aec86f84a98607574224c
sample,all_cr-1024,497,3217782,512499,500,8daa7311fa122f481e84b77d4b9415697087da2a1308fe3345308bbb8764f55c,fad1998d4f23c96219b7cb5c251ce4d8bb9de2fa697aec86f84a98607574224c
sample,all_cr-1024,498,3219752,512499,500,8daa7311fa122f481e84b77d4b9415697087da2a1308fe3345308bbb8764f55c,fad1998d4f23c96219b7cb5c251ce4d8bb9de2fa697aec86f84a98607574224c
sample,all_cr-1024,499,3225932,512499,500,8daa7311fa122f481e84b77d4b9415697087da2a1308fe3345308bbb8764f55c,fad1998d4f23c96219b7cb5c251ce4d8bb9de2fa697aec86f84a98607574224c
sample,sparse_crlf-1024,0,480872,510499,500,5587cf2a0cf4fdda503bd1322fc2885963c24d4b8ec0a2a5347d0e93f3b5c5df,122aabbf98920296407d72a8d903976897313543d3a393034c4e9245ef7101ce
sample,sparse_crlf-1024,1,453992,510499,500,5587cf2a0cf4fdda503bd1322fc2885963c24d4b8ec0a2a5347d0e93f3b5c5df,122aabbf98920296407d72a8d903976897313543d3a393034c4e9245ef7101ce
sample,sparse_crlf-1024,2,345901,510499,500,5587cf2a0cf4fdda503bd1322fc2885963c24d4b8ec0a2a5347d0e93f3b5c5df,122aabbf98920296407d72a8d903976897313543d3a393034c4e9245ef7101ce
sample,sparse_crlf-1024,3,344021,510499,500,5587cf2a0cf4fdda503bd1322fc2885963c24d4b8ec0a2a5347d0e93f3b5c5df,122aabbf98920296407d72a8d903976897313543d3a393034c4e9245ef7101ce
sample,sparse_crlf-1024,4,354312,510499,500,5587cf2a0cf4fdda503bd1322fc2885963c24d4b8ec0a2a5347d0e93f3b5c5df,122aabbf98920296407d72a8d903976897313543d3a393034c4e9245ef7101ce
sample,sparse_crlf-1024,5,344201,510499,500,5587cf2a0cf4fdda503bd1322fc2885963c24d4b8ec0a2a5347d0e93f3b5c5df,122aabbf98920296407d72a8d903976897313543d3a393034c4e9245ef7101ce
sample,sparse_crlf-1024,6,352601,510499,500,5587cf2a0cf4fdda503bd1322fc2885963c24d4b8ec0a2a5347d0e93f3b5c5df,122aabbf98920296407d72a8d903976897313543d3a393034c4e9245ef7101ce
sample,sparse_crlf-1024,7,344142,510499,500,5587cf2a0cf4fdda503bd1322fc2885963c24d4b8ec0a2a5347d0e93f3b5c5df,122aabbf98920296407d72a8d903976897313543d3a393034c4e9245ef7101ce
sample,sparse_crlf-1024,8,345941,510499,500,5587cf2a0cf4fdda503bd1322fc2885963c24d4b8ec0a2a5347d0e93f3b5c5df,122aabbf98920296407d72a8d903976897313543d3a393034c4e9245ef7101ce
sample,sparse_crlf-1024,9,350991,510499,500,5587cf2a0cf4fdda503bd1322fc2885963c24d4b8ec0a2a5347d0e93f3b5c5df,122aabbf98920296407d72a8d903976897313543d3a393034c4e9245ef7101ce
sample,sparse_crlf-1024,10,345452,510499,500,5587cf2a0cf4fdda503bd1322fc2885963c24d4b8ec0a2a5347d0e93f3b5c5df,122aabbf98920296407d72a8d903976897313543d3a393034c4e9245ef7101ce
sample,sparse_crlf-1024,11,350531,510499,500,5587cf2a0cf4fdda503bd1322fc2885963c24d4b8ec0a2a5347d0e93f3b5c5df,122aabbf98920296407d72a8d903976897313543d3a393034c4e9245ef7101ce
sample,sparse_crlf-1024,12,354941,510499,500,5587cf2a0cf4fdda503bd1322fc2885963c24d4b8ec0a2a5347d0e93f3b5c5df,122aabbf98920296407d72a8d903976897313543d3a393034c4e9245ef7101ce
sample,sparse_crlf-1024,13,344032,510499,500,5587cf2a0cf4fdda503bd1322fc2885963c24d4b8ec0a2a5347d0e93f3b5c5df,122aabbf98920296407d72a8d903976897313543d3a393034c4e9245ef7101ce
sample,sparse_crlf-1024,14,345311,510499,500,5587cf2a0cf4fdda503bd1322fc2885963c24d4b8ec0a2a5347d0e93f3b5c5df,122aabbf98920296407d72a8d903976897313543d3a393034c4e9245ef7101ce
sample,sparse_crlf-1024,15,463812,510499,500,5587cf2a0cf4fdda503bd1322fc2885963c24d4b8ec0a2a5347d0e93f3b5c5df,122aabbf98920296407d72a8d903976897313543d3a393034c4e9245ef7101ce
sample,sparse_crlf-1024,16,345731,510499,500,5587cf2a0cf4fdda503bd1322fc2885963c24d4b8ec0a2a5347d0e93f3b5c5df,122aabbf98920296407d72a8d903976897313543d3a393034c4e9245ef7101ce
sample,sparse_crlf-1024,17,350191,510499,500,5587cf2a0cf4fdda503bd1322fc2885963c24d4b8ec0a2a5347d0e93f3b5c5df,122aabbf98920296407d72a8d903976897313543d3a393034c4e9245ef7101ce
sample,sparse_crlf-1024,18,345741,510499,500,5587cf2a0cf4fdda503bd1322fc2885963c24d4b8ec0a2a5347d0e93f3b5c5df,122aabbf98920296407d72a8d903976897313543d3a393034c4e9245ef7101ce
sample,sparse_crlf-1024,19,344392,510499,500,5587cf2a0cf4fdda503bd1322fc2885963c24d4b8ec0a2a5347d0e93f3b5c5df,122aabbf98920296407d72a8d903976897313543d3a393034c4e9245ef7101ce
sample,sparse_crlf-1024,20,354411,510499,500,5587cf2a0cf4fdda503bd1322fc2885963c24d4b8ec0a2a5347d0e93f3b5c5df,122aabbf98920296407d72a8d903976897313543d3a393034c4e9245ef7101ce
sample,sparse_crlf-1024,21,345201,510499,500,5587cf2a0cf4fdda503bd1322fc2885963c24d4b8ec0a2a5347d0e93f3b5c5df,122aabbf98920296407d72a8d903976897313543d3a393034c4e9245ef7101ce
sample,sparse_crlf-1024,22,352652,510499,500,5587cf2a0cf4fdda503bd1322fc2885963c24d4b8ec0a2a5347d0e93f3b5c5df,122aabbf98920296407d72a8d903976897313543d3a393034c4e9245ef7101ce
sample,sparse_crlf-1024,23,352341,510499,500,5587cf2a0cf4fdda503bd1322fc2885963c24d4b8ec0a2a5347d0e93f3b5c5df,122aabbf98920296407d72a8d903976897313543d3a393034c4e9245ef7101ce
sample,sparse_crlf-1024,24,345901,510499,500,5587cf2a0cf4fdda503bd1322fc2885963c24d4b8ec0a2a5347d0e93f3b5c5df,122aabbf98920296407d72a8d903976897313543d3a393034c4e9245ef7101ce
sample,sparse_crlf-1024,25,344422,510499,500,5587cf2a0cf4fdda503bd1322fc2885963c24d4b8ec0a2a5347d0e93f3b5c5df,122aabbf98920296407d72a8d903976897313543d3a393034c4e9245ef7101ce
sample,sparse_crlf-1024,26,354171,510499,500,5587cf2a0cf4fdda503bd1322fc2885963c24d4b8ec0a2a5347d0e93f3b5c5df,122aabbf98920296407d72a8d903976897313543d3a393034c4e9245ef7101ce
sample,sparse_crlf-1024,27,344291,510499,500,5587cf2a0cf4fdda503bd1322fc2885963c24d4b8ec0a2a5347d0e93f3b5c5df,122aabbf98920296407d72a8d903976897313543d3a393034c4e9245ef7101ce
sample,sparse_crlf-1024,28,345761,510499,500,5587cf2a0cf4fdda503bd1322fc2885963c24d4b8ec0a2a5347d0e93f3b5c5df,122aabbf98920296407d72a8d903976897313543d3a393034c4e9245ef7101ce
sample,sparse_crlf-1024,29,353082,510499,500,5587cf2a0cf4fdda503bd1322fc2885963c24d4b8ec0a2a5347d0e93f3b5c5df,122aabbf98920296407d72a8d903976897313543d3a393034c4e9245ef7101ce
sample,sparse_crlf-1024,30,345441,510499,500,5587cf2a0cf4fdda503bd1322fc2885963c24d4b8ec0a2a5347d0e93f3b5c5df,122aabbf98920296407d72a8d903976897313543d3a393034c4e9245ef7101ce
sample,sparse_crlf-1024,31,344091,510499,500,5587cf2a0cf4fdda503bd1322fc2885963c24d4b8ec0a2a5347d0e93f3b5c5df,122aabbf98920296407d72a8d903976897313543d3a393034c4e9245ef7101ce
sample,sparse_crlf-1024,32,354442,510499,500,5587cf2a0cf4fdda503bd1322fc2885963c24d4b8ec0a2a5347d0e93f3b5c5df,122aabbf98920296407d72a8d903976897313543d3a393034c4e9245ef7101ce
sample,sparse_crlf-1024,33,454981,510499,500,5587cf2a0cf4fdda503bd1322fc2885963c24d4b8ec0a2a5347d0e93f3b5c5df,122aabbf98920296407d72a8d903976897313543d3a393034c4e9245ef7101ce
sample,sparse_crlf-1024,34,353962,510499,500,5587cf2a0cf4fdda503bd1322fc2885963c24d4b8ec0a2a5347d0e93f3b5c5df,122aabbf98920296407d72a8d903976897313543d3a393034c4e9245ef7101ce
sample,sparse_crlf-1024,35,344601,510499,500,5587cf2a0cf4fdda503bd1322fc2885963c24d4b8ec0a2a5347d0e93f3b5c5df,122aabbf98920296407d72a8d903976897313543d3a393034c4e9245ef7101ce
sample,sparse_crlf-1024,36,345821,510499,500,5587cf2a0cf4fdda503bd1322fc2885963c24d4b8ec0a2a5347d0e93f3b5c5df,122aabbf98920296407d72a8d903976897313543d3a393034c4e9245ef7101ce
sample,sparse_crlf-1024,37,353232,510499,500,5587cf2a0cf4fdda503bd1322fc2885963c24d4b8ec0a2a5347d0e93f3b5c5df,122aabbf98920296407d72a8d903976897313543d3a393034c4e9245ef7101ce
sample,sparse_crlf-1024,38,346361,510499,500,5587cf2a0cf4fdda503bd1322fc2885963c24d4b8ec0a2a5347d0e93f3b5c5df,122aabbf98920296407d72a8d903976897313543d3a393034c4e9245ef7101ce
sample,sparse_crlf-1024,39,344421,510499,500,5587cf2a0cf4fdda503bd1322fc2885963c24d4b8ec0a2a5347d0e93f3b5c5df,122aabbf98920296407d72a8d903976897313543d3a393034c4e9245ef7101ce
sample,sparse_crlf-1024,40,355262,510499,500,5587cf2a0cf4fdda503bd1322fc2885963c24d4b8ec0a2a5347d0e93f3b5c5df,122aabbf98920296407d72a8d903976897313543d3a393034c4e9245ef7101ce
sample,sparse_crlf-1024,41,344471,510499,500,5587cf2a0cf4fdda503bd1322fc2885963c24d4b8ec0a2a5347d0e93f3b5c5df,122aabbf98920296407d72a8d903976897313543d3a393034c4e9245ef7101ce
sample,sparse_crlf-1024,42,345691,510499,500,5587cf2a0cf4fdda503bd1322fc2885963c24d4b8ec0a2a5347d0e93f3b5c5df,122aabbf98920296407d72a8d903976897313543d3a393034c4e9245ef7101ce
sample,sparse_crlf-1024,43,501132,510499,500,5587cf2a0cf4fdda503bd1322fc2885963c24d4b8ec0a2a5347d0e93f3b5c5df,122aabbf98920296407d72a8d903976897313543d3a393034c4e9245ef7101ce
sample,sparse_crlf-1024,44,352101,510499,500,5587cf2a0cf4fdda503bd1322fc2885963c24d4b8ec0a2a5347d0e93f3b5c5df,122aabbf98920296407d72a8d903976897313543d3a393034c4e9245ef7101ce
sample,sparse_crlf-1024,45,351882,510499,500,5587cf2a0cf4fdda503bd1322fc2885963c24d4b8ec0a2a5347d0e93f3b5c5df,122aabbf98920296407d72a8d903976897313543d3a393034c4e9245ef7101ce
sample,sparse_crlf-1024,46,346321,510499,500,5587cf2a0cf4fdda503bd1322fc2885963c24d4b8ec0a2a5347d0e93f3b5c5df,122aabbf98920296407d72a8d903976897313543d3a393034c4e9245ef7101ce
sample,sparse_crlf-1024,47,344331,510499,500,5587cf2a0cf4fdda503bd1322fc2885963c24d4b8ec0a2a5347d0e93f3b5c5df,122aabbf98920296407d72a8d903976897313543d3a393034c4e9245ef7101ce
sample,sparse_crlf-1024,48,448842,510499,500,5587cf2a0cf4fdda503bd1322fc2885963c24d4b8ec0a2a5347d0e93f3b5c5df,122aabbf98920296407d72a8d903976897313543d3a393034c4e9245ef7101ce
sample,sparse_crlf-1024,49,344711,510499,500,5587cf2a0cf4fdda503bd1322fc2885963c24d4b8ec0a2a5347d0e93f3b5c5df,122aabbf98920296407d72a8d903976897313543d3a393034c4e9245ef7101ce
sample,sparse_crlf-1024,50,346132,510499,500,5587cf2a0cf4fdda503bd1322fc2885963c24d4b8ec0a2a5347d0e93f3b5c5df,122aabbf98920296407d72a8d903976897313543d3a393034c4e9245ef7101ce
sample,sparse_crlf-1024,51,349761,510499,500,5587cf2a0cf4fdda503bd1322fc2885963c24d4b8ec0a2a5347d0e93f3b5c5df,122aabbf98920296407d72a8d903976897313543d3a393034c4e9245ef7101ce
sample,sparse_crlf-1024,52,346121,510499,500,5587cf2a0cf4fdda503bd1322fc2885963c24d4b8ec0a2a5347d0e93f3b5c5df,122aabbf98920296407d72a8d903976897313543d3a393034c4e9245ef7101ce
sample,sparse_crlf-1024,53,351061,510499,500,5587cf2a0cf4fdda503bd1322fc2885963c24d4b8ec0a2a5347d0e93f3b5c5df,122aabbf98920296407d72a8d903976897313543d3a393034c4e9245ef7101ce
sample,sparse_crlf-1024,54,349122,510499,500,5587cf2a0cf4fdda503bd1322fc2885963c24d4b8ec0a2a5347d0e93f3b5c5df,122aabbf98920296407d72a8d903976897313543d3a393034c4e9245ef7101ce
sample,sparse_crlf-1024,55,347741,510499,500,5587cf2a0cf4fdda503bd1322fc2885963c24d4b8ec0a2a5347d0e93f3b5c5df,122aabbf98920296407d72a8d903976897313543d3a393034c4e9245ef7101ce
sample,sparse_crlf-1024,56,355871,510499,500,5587cf2a0cf4fdda503bd1322fc2885963c24d4b8ec0a2a5347d0e93f3b5c5df,122aabbf98920296407d72a8d903976897313543d3a393034c4e9245ef7101ce
sample,sparse_crlf-1024,57,344162,510499,500,5587cf2a0cf4fdda503bd1322fc2885963c24d4b8ec0a2a5347d0e93f3b5c5df,122aabbf98920296407d72a8d903976897313543d3a393034c4e9245ef7101ce
sample,sparse_crlf-1024,58,345761,510499,500,5587cf2a0cf4fdda503bd1322fc2885963c24d4b8ec0a2a5347d0e93f3b5c5df,122aabbf98920296407d72a8d903976897313543d3a393034c4e9245ef7101ce
sample,sparse_crlf-1024,59,351841,510499,500,5587cf2a0cf4fdda503bd1322fc2885963c24d4b8ec0a2a5347d0e93f3b5c5df,122aabbf98920296407d72a8d903976897313543d3a393034c4e9245ef7101ce
sample,sparse_crlf-1024,60,346222,510499,500,5587cf2a0cf4fdda503bd1322fc2885963c24d4b8ec0a2a5347d0e93f3b5c5df,122aabbf98920296407d72a8d903976897313543d3a393034c4e9245ef7101ce
sample,sparse_crlf-1024,61,344361,510499,500,5587cf2a0cf4fdda503bd1322fc2885963c24d4b8ec0a2a5347d0e93f3b5c5df,122aabbf98920296407d72a8d903976897313543d3a393034c4e9245ef7101ce
sample,sparse_crlf-1024,62,351891,510499,500,5587cf2a0cf4fdda503bd1322fc2885963c24d4b8ec0a2a5347d0e93f3b5c5df,122aabbf98920296407d72a8d903976897313543d3a393034c4e9245ef7101ce
sample,sparse_crlf-1024,63,344401,510499,500,5587cf2a0cf4fdda503bd1322fc2885963c24d4b8ec0a2a5347d0e93f3b5c5df,122aabbf98920296407d72a8d903976897313543d3a393034c4e9245ef7101ce
sample,sparse_crlf-1024,64,345592,510499,500,5587cf2a0cf4fdda503bd1322fc2885963c24d4b8ec0a2a5347d0e93f3b5c5df,122aabbf98920296407d72a8d903976897313543d3a393034c4e9245ef7101ce
sample,sparse_crlf-1024,65,359791,510499,500,5587cf2a0cf4fdda503bd1322fc2885963c24d4b8ec0a2a5347d0e93f3b5c5df,122aabbf98920296407d72a8d903976897313543d3a393034c4e9245ef7101ce
sample,sparse_crlf-1024,66,348581,510499,500,5587cf2a0cf4fdda503bd1322fc2885963c24d4b8ec0a2a5347d0e93f3b5c5df,122aabbf98920296407d72a8d903976897313543d3a393034c4e9245ef7101ce
sample,sparse_crlf-1024,67,344632,510499,500,5587cf2a0cf4fdda503bd1322fc2885963c24d4b8ec0a2a5347d0e93f3b5c5df,122aabbf98920296407d72a8d903976897313543d3a393034c4e9245ef7101ce
sample,sparse_crlf-1024,68,352001,510499,500,5587cf2a0cf4fdda503bd1322fc2885963c24d4b8ec0a2a5347d0e93f3b5c5df,122aabbf98920296407d72a8d903976897313543d3a393034c4e9245ef7101ce
sample,sparse_crlf-1024,69,342141,510499,500,5587cf2a0cf4fdda503bd1322fc2885963c24d4b8ec0a2a5347d0e93f3b5c5df,122aabbf98920296407d72a8d903976897313543d3a393034c4e9245ef7101ce
sample,sparse_crlf-1024,70,334732,510499,500,5587cf2a0cf4fdda503bd1322fc2885963c24d4b8ec0a2a5347d0e93f3b5c5df,122aabbf98920296407d72a8d903976897313543d3a393034c4e9245ef7101ce
sample,sparse_crlf-1024,71,344091,510499,500,5587cf2a0cf4fdda503bd1322fc2885963c24d4b8ec0a2a5347d0e93f3b5c5df,122aabbf98920296407d72a8d903976897313543d3a393034c4e9245ef7101ce
sample,sparse_crlf-1024,72,330571,510499,500,5587cf2a0cf4fdda503bd1322fc2885963c24d4b8ec0a2a5347d0e93f3b5c5df,122aabbf98920296407d72a8d903976897313543d3a393034c4e9245ef7101ce
sample,sparse_crlf-1024,73,342751,510499,500,5587cf2a0cf4fdda503bd1322fc2885963c24d4b8ec0a2a5347d0e93f3b5c5df,122aabbf98920296407d72a8d903976897313543d3a393034c4e9245ef7101ce
sample,sparse_crlf-1024,74,330962,510499,500,5587cf2a0cf4fdda503bd1322fc2885963c24d4b8ec0a2a5347d0e93f3b5c5df,122aabbf98920296407d72a8d903976897313543d3a393034c4e9245ef7101ce
sample,sparse_crlf-1024,75,329121,510499,500,5587cf2a0cf4fdda503bd1322fc2885963c24d4b8ec0a2a5347d0e93f3b5c5df,122aabbf98920296407d72a8d903976897313543d3a393034c4e9245ef7101ce
sample,sparse_crlf-1024,76,339101,510499,500,5587cf2a0cf4fdda503bd1322fc2885963c24d4b8ec0a2a5347d0e93f3b5c5df,122aabbf98920296407d72a8d903976897313543d3a393034c4e9245ef7101ce
sample,sparse_crlf-1024,77,329191,510499,500,5587cf2a0cf4fdda503bd1322fc2885963c24d4b8ec0a2a5347d0e93f3b5c5df,122aabbf98920296407d72a8d903976897313543d3a393034c4e9245ef7101ce
sample,sparse_crlf-1024,78,335222,510499,500,5587cf2a0cf4fdda503bd1322fc2885963c24d4b8ec0a2a5347d0e93f3b5c5df,122aabbf98920296407d72a8d903976897313543d3a393034c4e9245ef7101ce
sample,sparse_crlf-1024,79,338041,510499,500,5587cf2a0cf4fdda503bd1322fc2885963c24d4b8ec0a2a5347d0e93f3b5c5df,122aabbf98920296407d72a8d903976897313543d3a393034c4e9245ef7101ce
sample,sparse_crlf-1024,80,330421,510499,500,5587cf2a0cf4fdda503bd1322fc2885963c24d4b8ec0a2a5347d0e93f3b5c5df,122aabbf98920296407d72a8d903976897313543d3a393034c4e9245ef7101ce
sample,sparse_crlf-1024,81,328531,510499,500,5587cf2a0cf4fdda503bd1322fc2885963c24d4b8ec0a2a5347d0e93f3b5c5df,122aabbf98920296407d72a8d903976897313543d3a393034c4e9245ef7101ce
sample,sparse_crlf-1024,82,337162,510499,500,5587cf2a0cf4fdda503bd1322fc2885963c24d4b8ec0a2a5347d0e93f3b5c5df,122aabbf98920296407d72a8d903976897313543d3a393034c4e9245ef7101ce
sample,sparse_crlf-1024,83,331231,510499,500,5587cf2a0cf4fdda503bd1322fc2885963c24d4b8ec0a2a5347d0e93f3b5c5df,122aabbf98920296407d72a8d903976897313543d3a393034c4e9245ef7101ce
sample,sparse_crlf-1024,84,331291,510499,500,5587cf2a0cf4fdda503bd1322fc2885963c24d4b8ec0a2a5347d0e93f3b5c5df,122aabbf98920296407d72a8d903976897313543d3a393034c4e9245ef7101ce
sample,sparse_crlf-1024,85,336731,510499,500,5587cf2a0cf4fdda503bd1322fc2885963c24d4b8ec0a2a5347d0e93f3b5c5df,122aabbf98920296407d72a8d903976897313543d3a393034c4e9245ef7101ce
sample,sparse_crlf-1024,86,332382,510499,500,5587cf2a0cf4fdda503bd1322fc2885963c24d4b8ec0a2a5347d0e93f3b5c5df,122aabbf98920296407d72a8d903976897313543d3a393034c4e9245ef7101ce
sample,sparse_crlf-1024,87,329691,510499,500,5587cf2a0cf4fdda503bd1322fc2885963c24d4b8ec0a2a5347d0e93f3b5c5df,122aabbf98920296407d72a8d903976897313543d3a393034c4e9245ef7101ce
sample,sparse_crlf-1024,88,337221,510499,500,5587cf2a0cf4fdda503bd1322fc2885963c24d4b8ec0a2a5347d0e93f3b5c5df,122aabbf98920296407d72a8d903976897313543d3a393034c4e9245ef7101ce
sample,sparse_crlf-1024,89,331101,510499,500,5587cf2a0cf4fdda503bd1322fc2885963c24d4b8ec0a2a5347d0e93f3b5c5df,122aabbf98920296407d72a8d903976897313543d3a393034c4e9245ef7101ce
sample,sparse_crlf-1024,90,336022,510499,500,5587cf2a0cf4fdda503bd1322fc2885963c24d4b8ec0a2a5347d0e93f3b5c5df,122aabbf98920296407d72a8d903976897313543d3a393034c4e9245ef7101ce
sample,sparse_crlf-1024,91,337471,510499,500,5587cf2a0cf4fdda503bd1322fc2885963c24d4b8ec0a2a5347d0e93f3b5c5df,122aabbf98920296407d72a8d903976897313543d3a393034c4e9245ef7101ce
sample,sparse_crlf-1024,92,331771,510499,500,5587cf2a0cf4fdda503bd1322fc2885963c24d4b8ec0a2a5347d0e93f3b5c5df,122aabbf98920296407d72a8d903976897313543d3a393034c4e9245ef7101ce
sample,sparse_crlf-1024,93,330661,510499,500,5587cf2a0cf4fdda503bd1322fc2885963c24d4b8ec0a2a5347d0e93f3b5c5df,122aabbf98920296407d72a8d903976897313543d3a393034c4e9245ef7101ce
sample,sparse_crlf-1024,94,338722,510499,500,5587cf2a0cf4fdda503bd1322fc2885963c24d4b8ec0a2a5347d0e93f3b5c5df,122aabbf98920296407d72a8d903976897313543d3a393034c4e9245ef7101ce
sample,sparse_crlf-1024,95,330471,510499,500,5587cf2a0cf4fdda503bd1322fc2885963c24d4b8ec0a2a5347d0e93f3b5c5df,122aabbf98920296407d72a8d903976897313543d3a393034c4e9245ef7101ce
sample,sparse_crlf-1024,96,331571,510499,500,5587cf2a0cf4fdda503bd1322fc2885963c24d4b8ec0a2a5347d0e93f3b5c5df,122aabbf98920296407d72a8d903976897313543d3a393034c4e9245ef7101ce
sample,sparse_crlf-1024,97,336661,510499,500,5587cf2a0cf4fdda503bd1322fc2885963c24d4b8ec0a2a5347d0e93f3b5c5df,122aabbf98920296407d72a8d903976897313543d3a393034c4e9245ef7101ce
sample,sparse_crlf-1024,98,331792,510499,500,5587cf2a0cf4fdda503bd1322fc2885963c24d4b8ec0a2a5347d0e93f3b5c5df,122aabbf98920296407d72a8d903976897313543d3a393034c4e9245ef7101ce
sample,sparse_crlf-1024,99,329611,510499,500,5587cf2a0cf4fdda503bd1322fc2885963c24d4b8ec0a2a5347d0e93f3b5c5df,122aabbf98920296407d72a8d903976897313543d3a393034c4e9245ef7101ce
sample,sparse_crlf-1024,100,337961,510499,500,5587cf2a0cf4fdda503bd1322fc2885963c24d4b8ec0a2a5347d0e93f3b5c5df,122aabbf98920296407d72a8d903976897313543d3a393034c4e9245ef7101ce
sample,sparse_crlf-1024,101,330351,510499,500,5587cf2a0cf4fdda503bd1322fc2885963c24d4b8ec0a2a5347d0e93f3b5c5df,122aabbf98920296407d72a8d903976897313543d3a393034c4e9245ef7101ce
sample,sparse_crlf-1024,102,334992,510499,500,5587cf2a0cf4fdda503bd1322fc2885963c24d4b8ec0a2a5347d0e93f3b5c5df,122aabbf98920296407d72a8d903976897313543d3a393034c4e9245ef7101ce
sample,sparse_crlf-1024,103,337011,510499,500,5587cf2a0cf4fdda503bd1322fc2885963c24d4b8ec0a2a5347d0e93f3b5c5df,122aabbf98920296407d72a8d903976897313543d3a393034c4e9245ef7101ce
sample,sparse_crlf-1024,104,331411,510499,500,5587cf2a0cf4fdda503bd1322fc2885963c24d4b8ec0a2a5347d0e93f3b5c5df,122aabbf98920296407d72a8d903976897313543d3a393034c4e9245ef7101ce
sample,sparse_crlf-1024,105,330631,510499,500,5587cf2a0cf4fdda503bd1322fc2885963c24d4b8ec0a2a5347d0e93f3b5c5df,122aabbf98920296407d72a8d903976897313543d3a393034c4e9245ef7101ce
sample,sparse_crlf-1024,106,338452,510499,500,5587cf2a0cf4fdda503bd1322fc2885963c24d4b8ec0a2a5347d0e93f3b5c5df,122aabbf98920296407d72a8d903976897313543d3a393034c4e9245ef7101ce
sample,sparse_crlf-1024,107,330081,510499,500,5587cf2a0cf4fdda503bd1322fc2885963c24d4b8ec0a2a5347d0e93f3b5c5df,122aabbf98920296407d72a8d903976897313543d3a393034c4e9245ef7101ce
sample,sparse_crlf-1024,108,333141,510499,500,5587cf2a0cf4fdda503bd1322fc2885963c24d4b8ec0a2a5347d0e93f3b5c5df,122aabbf98920296407d72a8d903976897313543d3a393034c4e9245ef7101ce
sample,sparse_crlf-1024,109,337461,510499,500,5587cf2a0cf4fdda503bd1322fc2885963c24d4b8ec0a2a5347d0e93f3b5c5df,122aabbf98920296407d72a8d903976897313543d3a393034c4e9245ef7101ce
sample,sparse_crlf-1024,110,331582,510499,500,5587cf2a0cf4fdda503bd1322fc2885963c24d4b8ec0a2a5347d0e93f3b5c5df,122aabbf98920296407d72a8d903976897313543d3a393034c4e9245ef7101ce
sample,sparse_crlf-1024,111,331591,510499,500,5587cf2a0cf4fdda503bd1322fc2885963c24d4b8ec0a2a5347d0e93f3b5c5df,122aabbf98920296407d72a8d903976897313543d3a393034c4e9245ef7101ce
sample,sparse_crlf-1024,112,336651,510499,500,5587cf2a0cf4fdda503bd1322fc2885963c24d4b8ec0a2a5347d0e93f3b5c5df,122aabbf98920296407d72a8d903976897313543d3a393034c4e9245ef7101ce
sample,sparse_crlf-1024,113,333561,510499,500,5587cf2a0cf4fdda503bd1322fc2885963c24d4b8ec0a2a5347d0e93f3b5c5df,122aabbf98920296407d72a8d903976897313543d3a393034c4e9245ef7101ce
sample,sparse_crlf-1024,114,334572,510499,500,5587cf2a0cf4fdda503bd1322fc2885963c24d4b8ec0a2a5347d0e93f3b5c5df,122aabbf98920296407d72a8d903976897313543d3a393034c4e9245ef7101ce
sample,sparse_crlf-1024,115,336211,510499,500,5587cf2a0cf4fdda503bd1322fc2885963c24d4b8ec0a2a5347d0e93f3b5c5df,122aabbf98920296407d72a8d903976897313543d3a393034c4e9245ef7101ce
sample,sparse_crlf-1024,116,332391,510499,500,5587cf2a0cf4fdda503bd1322fc2885963c24d4b8ec0a2a5347d0e93f3b5c5df,122aabbf98920296407d72a8d903976897313543d3a393034c4e9245ef7101ce
sample,sparse_crlf-1024,117,330661,510499,500,5587cf2a0cf4fdda503bd1322fc2885963c24d4b8ec0a2a5347d0e93f3b5c5df,122aabbf98920296407d72a8d903976897313543d3a393034c4e9245ef7101ce
sample,sparse_crlf-1024,118,337771,510499,500,5587cf2a0cf4fdda503bd1322fc2885963c24d4b8ec0a2a5347d0e93f3b5c5df,122aabbf98920296407d72a8d903976897313543d3a393034c4e9245ef7101ce
sample,sparse_crlf-1024,119,332101,510499,500,5587cf2a0cf4fdda503bd1322fc2885963c24d4b8ec0a2a5347d0e93f3b5c5df,122aabbf98920296407d72a8d903976897313543d3a393034c4e9245ef7101ce
sample,sparse_crlf-1024,120,334631,510499,500,5587cf2a0cf4fdda503bd1322fc2885963c24d4b8ec0a2a5347d0e93f3b5c5df,122aabbf98920296407d72a8d903976897313543d3a393034c4e9245ef7101ce
sample,sparse_crlf-1024,121,336261,510499,500,5587cf2a0cf4fdda503bd1322fc2885963c24d4b8ec0a2a5347d0e93f3b5c5df,122aabbf98920296407d72a8d903976897313543d3a393034c4e9245ef7101ce
sample,sparse_crlf-1024,122,330492,510499,500,5587cf2a0cf4fdda503bd1322fc2885963c24d4b8ec0a2a5347d0e93f3b5c5df,122aabbf98920296407d72a8d903976897313543d3a393034c4e9245ef7101ce
sample,sparse_crlf-1024,123,332311,510499,500,5587cf2a0cf4fdda503bd1322fc2885963c24d4b8ec0a2a5347d0e93f3b5c5df,122aabbf98920296407d72a8d903976897313543d3a393034c4e9245ef7101ce
sample,sparse_crlf-1024,124,349021,510499,500,5587cf2a0cf4fdda503bd1322fc2885963c24d4b8ec0a2a5347d0e93f3b5c5df,122aabbf98920296407d72a8d903976897313543d3a393034c4e9245ef7101ce
sample,sparse_crlf-1024,125,333641,510499,500,5587cf2a0cf4fdda503bd1322fc2885963c24d4b8ec0a2a5347d0e93f3b5c5df,122aabbf98920296407d72a8d903976897313543d3a393034c4e9245ef7101ce
sample,sparse_crlf-1024,126,332022,510499,500,5587cf2a0cf4fdda503bd1322fc2885963c24d4b8ec0a2a5347d0e93f3b5c5df,122aabbf98920296407d72a8d903976897313543d3a393034c4e9245ef7101ce
sample,sparse_crlf-1024,127,336031,510499,500,5587cf2a0cf4fdda503bd1322fc2885963c24d4b8ec0a2a5347d0e93f3b5c5df,122aabbf98920296407d72a8d903976897313543d3a393034c4e9245ef7101ce
sample,sparse_crlf-1024,128,332031,510499,500,5587cf2a0cf4fdda503bd1322fc2885963c24d4b8ec0a2a5347d0e93f3b5c5df,122aabbf98920296407d72a8d903976897313543d3a393034c4e9245ef7101ce
sample,sparse_crlf-1024,129,333841,510499,500,5587cf2a0cf4fdda503bd1322fc2885963c24d4b8ec0a2a5347d0e93f3b5c5df,122aabbf98920296407d72a8d903976897313543d3a393034c4e9245ef7101ce
sample,sparse_crlf-1024,130,337362,510499,500,5587cf2a0cf4fdda503bd1322fc2885963c24d4b8ec0a2a5347d0e93f3b5c5df,122aabbf98920296407d72a8d903976897313543d3a393034c4e9245ef7101ce
sample,sparse_crlf-1024,131,330441,510499,500,5587cf2a0cf4fdda503bd1322fc2885963c24d4b8ec0a2a5347d0e93f3b5c5df,122aabbf98920296407d72a8d903976897313543d3a393034c4e9245ef7101ce
sample,sparse_crlf-1024,132,332161,510499,500,5587cf2a0cf4fdda503bd1322fc2885963c24d4b8ec0a2a5347d0e93f3b5c5df,122aabbf98920296407d72a8d903976897313543d3a393034c4e9245ef7101ce
sample,sparse_crlf-1024,133,338701,510499,500,5587cf2a0cf4fdda503bd1322fc2885963c24d4b8ec0a2a5347d0e93f3b5c5df,122aabbf98920296407d72a8d903976897313543d3a393034c4e9245ef7101ce
sample,sparse_crlf-1024,134,333472,510499,500,5587cf2a0cf4fdda503bd1322fc2885963c24d4b8ec0a2a5347d0e93f3b5c5df,122aabbf98920296407d72a8d903976897313543d3a393034c4e9245ef7101ce
sample,sparse_crlf-1024,135,331531,510499,500,5587cf2a0cf4fdda503bd1322fc2885963c24d4b8ec0a2a5347d0e93f3b5c5df,122aabbf98920296407d72a8d903976897313543d3a393034c4e9245ef7101ce
sample,sparse_crlf-1024,136,338571,510499,500,5587cf2a0cf4fdda503bd1322fc2885963c24d4b8ec0a2a5347d0e93f3b5c5df,122aabbf98920296407d72a8d903976897313543d3a393034c4e9245ef7101ce
sample,sparse_crlf-1024,137,334871,510499,500,5587cf2a0cf4fdda503bd1322fc2885963c24d4b8ec0a2a5347d0e93f3b5c5df,122aabbf98920296407d72a8d903976897313543d3a393034c4e9245ef7101ce
sample,sparse_crlf-1024,138,333622,510499,500,5587cf2a0cf4fdda503bd1322fc2885963c24d4b8ec0a2a5347d0e93f3b5c5df,122aabbf98920296407d72a8d903976897313543d3a393034c4e9245ef7101ce
sample,sparse_crlf-1024,139,339311,510499,500,5587cf2a0cf4fdda503bd1322fc2885963c24d4b8ec0a2a5347d0e93f3b5c5df,122aabbf98920296407d72a8d903976897313543d3a393034c4e9245ef7101ce
sample,sparse_crlf-1024,140,333091,510499,500,5587cf2a0cf4fdda503bd1322fc2885963c24d4b8ec0a2a5347d0e93f3b5c5df,122aabbf98920296407d72a8d903976897313543d3a393034c4e9245ef7101ce
sample,sparse_crlf-1024,141,329881,510499,500,5587cf2a0cf4fdda503bd1322fc2885963c24d4b8ec0a2a5347d0e93f3b5c5df,122aabbf98920296407d72a8d903976897313543d3a393034c4e9245ef7101ce
sample,sparse_crlf-1024,142,337592,510499,500,5587cf2a0cf4fdda503bd1322fc2885963c24d4b8ec0a2a5347d0e93f3b5c5df,122aabbf98920296407d72a8d903976897313543d3a393034c4e9245ef7101ce
sample,sparse_crlf-1024,143,333471,510499,500,5587cf2a0cf4fdda503bd1322fc2885963c24d4b8ec0a2a5347d0e93f3b5c5df,122aabbf98920296407d72a8d903976897313543d3a393034c4e9245ef7101ce
sample,sparse_crlf-1024,144,331631,510499,500,5587cf2a0cf4fdda503bd1322fc2885963c24d4b8ec0a2a5347d0e93f3b5c5df,122aabbf98920296407d72a8d903976897313543d3a393034c4e9245ef7101ce
sample,sparse_crlf-1024,145,335901,510499,500,5587cf2a0cf4fdda503bd1322fc2885963c24d4b8ec0a2a5347d0e93f3b5c5df,122aabbf98920296407d72a8d903976897313543d3a393034c4e9245ef7101ce
sample,sparse_crlf-1024,146,332412,510499,500,5587cf2a0cf4fdda503bd1322fc2885963c24d4b8ec0a2a5347d0e93f3b5c5df,122aabbf98920296407d72a8d903976897313543d3a393034c4e9245ef7101ce
sample,sparse_crlf-1024,147,331361,510499,500,5587cf2a0cf4fdda503bd1322fc2885963c24d4b8ec0a2a5347d0e93f3b5c5df,122aabbf98920296407d72a8d903976897313543d3a393034c4e9245ef7101ce
sample,sparse_crlf-1024,148,336981,510499,500,5587cf2a0cf4fdda503bd1322fc2885963c24d4b8ec0a2a5347d0e93f3b5c5df,122aabbf98920296407d72a8d903976897313543d3a393034c4e9245ef7101ce
sample,sparse_crlf-1024,149,332831,510499,500,5587cf2a0cf4fdda503bd1322fc2885963c24d4b8ec0a2a5347d0e93f3b5c5df,122aabbf98920296407d72a8d903976897313543d3a393034c4e9245ef7101ce
sample,sparse_crlf-1024,150,331832,510499,500,5587cf2a0cf4fdda503bd1322fc2885963c24d4b8ec0a2a5347d0e93f3b5c5df,122aabbf98920296407d72a8d903976897313543d3a393034c4e9245ef7101ce
sample,sparse_crlf-1024,151,338401,510499,500,5587cf2a0cf4fdda503bd1322fc2885963c24d4b8ec0a2a5347d0e93f3b5c5df,122aabbf98920296407d72a8d903976897313543d3a393034c4e9245ef7101ce
sample,sparse_crlf-1024,152,331911,510499,500,5587cf2a0cf4fdda503bd1322fc2885963c24d4b8ec0a2a5347d0e93f3b5c5df,122aabbf98920296407d72a8d903976897313543d3a393034c4e9245ef7101ce
sample,sparse_crlf-1024,153,332041,510499,500,5587cf2a0cf4fdda503bd1322fc2885963c24d4b8ec0a2a5347d0e93f3b5c5df,122aabbf98920296407d72a8d903976897313543d3a393034c4e9245ef7101ce
sample,sparse_crlf-1024,154,338972,510499,500,5587cf2a0cf4fdda503bd1322fc2885963c24d4b8ec0a2a5347d0e93f3b5c5df,122aabbf98920296407d72a8d903976897313543d3a393034c4e9245ef7101ce
sample,sparse_crlf-1024,155,330591,510499,500,5587cf2a0cf4fdda503bd1322fc2885963c24d4b8ec0a2a5347d0e93f3b5c5df,122aabbf98920296407d72a8d903976897313543d3a393034c4e9245ef7101ce
sample,sparse_crlf-1024,156,331981,510499,500,5587cf2a0cf4fdda503bd1322fc2885963c24d4b8ec0a2a5347d0e93f3b5c5df,122aabbf98920296407d72a8d903976897313543d3a393034c4e9245ef7101ce
sample,sparse_crlf-1024,157,524452,510499,500,5587cf2a0cf4fdda503bd1322fc2885963c24d4b8ec0a2a5347d0e93f3b5c5df,122aabbf98920296407d72a8d903976897313543d3a393034c4e9245ef7101ce
sample,sparse_crlf-1024,158,334381,510499,500,5587cf2a0cf4fdda503bd1322fc2885963c24d4b8ec0a2a5347d0e93f3b5c5df,122aabbf98920296407d72a8d903976897313543d3a393034c4e9245ef7101ce
sample,sparse_crlf-1024,159,336792,510499,500,5587cf2a0cf4fdda503bd1322fc2885963c24d4b8ec0a2a5347d0e93f3b5c5df,122aabbf98920296407d72a8d903976897313543d3a393034c4e9245ef7101ce
sample,sparse_crlf-1024,160,333261,510499,500,5587cf2a0cf4fdda503bd1322fc2885963c24d4b8ec0a2a5347d0e93f3b5c5df,122aabbf98920296407d72a8d903976897313543d3a393034c4e9245ef7101ce
sample,sparse_crlf-1024,161,333141,510499,500,5587cf2a0cf4fdda503bd1322fc2885963c24d4b8ec0a2a5347d0e93f3b5c5df,122aabbf98920296407d72a8d903976897313543d3a393034c4e9245ef7101ce
sample,sparse_crlf-1024,162,339191,510499,500,5587cf2a0cf4fdda503bd1322fc2885963c24d4b8ec0a2a5347d0e93f3b5c5df,122aabbf98920296407d72a8d903976897313543d3a393034c4e9245ef7101ce
sample,sparse_crlf-1024,163,331692,510499,500,5587cf2a0cf4fdda503bd1322fc2885963c24d4b8ec0a2a5347d0e93f3b5c5df,122aabbf98920296407d72a8d903976897313543d3a393034c4e9245ef7101ce
sample,sparse_crlf-1024,164,331881,510499,500,5587cf2a0cf4fdda503bd1322fc2885963c24d4b8ec0a2a5347d0e93f3b5c5df,122aabbf98920296407d72a8d903976897313543d3a393034c4e9245ef7101ce
sample,sparse_crlf-1024,165,457922,510499,500,5587cf2a0cf4fdda503bd1322fc2885963c24d4b8ec0a2a5347d0e93f3b5c5df,122aabbf98920296407d72a8d903976897313543d3a393034c4e9245ef7101ce
sample,sparse_crlf-1024,166,331531,510499,500,5587cf2a0cf4fdda503bd1322fc2885963c24d4b8ec0a2a5347d0e93f3b5c5df,122aabbf98920296407d72a8d903976897313543d3a393034c4e9245ef7101ce
sample,sparse_crlf-1024,167,332351,510499,500,5587cf2a0cf4fdda503bd1322fc2885963c24d4b8ec0a2a5347d0e93f3b5c5df,122aabbf98920296407d72a8d903976897313543d3a393034c4e9245ef7101ce
sample,sparse_crlf-1024,168,337171,510499,500,5587cf2a0cf4fdda503bd1322fc2885963c24d4b8ec0a2a5347d0e93f3b5c5df,122aabbf98920296407d72a8d903976897313543d3a393034c4e9245ef7101ce
sample,sparse_crlf-1024,169,329081,510499,500,5587cf2a0cf4fdda503bd1322fc2885963c24d4b8ec0a2a5347d0e93f3b5c5df,122aabbf98920296407d72a8d903976897313543d3a393034c4e9245ef7101ce
sample,sparse_crlf-1024,170,331842,510499,500,5587cf2a0cf4fdda503bd1322fc2885963c24d4b8ec0a2a5347d0e93f3b5c5df,122aabbf98920296407d72a8d903976897313543d3a393034c4e9245ef7101ce
sample,sparse_crlf-1024,171,336811,510499,500,5587cf2a0cf4fdda503bd1322fc2885963c24d4b8ec0a2a5347d0e93f3b5c5df,122aabbf98920296407d72a8d903976897313543d3a393034c4e9245ef7101ce
sample,sparse_crlf-1024,172,335571,510499,500,5587cf2a0cf4fdda503bd1322fc2885963c24d4b8ec0a2a5347d0e93f3b5c5df,122aabbf98920296407d72a8d903976897313543d3a393034c4e9245ef7101ce
sample,sparse_crlf-1024,173,340592,510499,500,5587cf2a0cf4fdda503bd1322fc2885963c24d4b8ec0a2a5347d0e93f3b5c5df,122aabbf98920296407d72a8d903976897313543d3a393034c4e9245ef7101ce
sample,sparse_crlf-1024,174,330511,510499,500,5587cf2a0cf4fdda503bd1322fc2885963c24d4b8ec0a2a5347d0e93f3b5c5df,122aabbf98920296407d72a8d903976897313543d3a393034c4e9245ef7101ce
sample,sparse_crlf-1024,175,330461,510499,500,5587cf2a0cf4fdda503bd1322fc2885963c24d4b8ec0a2a5347d0e93f3b5c5df,122aabbf98920296407d72a8d903976897313543d3a393034c4e9245ef7101ce
sample,sparse_crlf-1024,176,339951,510499,500,5587cf2a0cf4fdda503bd1322fc2885963c24d4b8ec0a2a5347d0e93f3b5c5df,122aabbf98920296407d72a8d903976897313543d3a393034c4e9245ef7101ce
sample,sparse_crlf-1024,177,330941,510499,500,5587cf2a0cf4fdda503bd1322fc2885963c24d4b8ec0a2a5347d0e93f3b5c5df,122aabbf98920296407d72a8d903976897313543d3a393034c4e9245ef7101ce
sample,sparse_crlf-1024,178,330962,510499,500,5587cf2a0cf4fdda503bd1322fc2885963c24d4b8ec0a2a5347d0e93f3b5c5df,122aabbf98920296407d72a8d903976897313543d3a393034c4e9245ef7101ce
sample,sparse_crlf-1024,179,338501,510499,500,5587cf2a0cf4fdda503bd1322fc2885963c24d4b8ec0a2a5347d0e93f3b5c5df,122aabbf98920296407d72a8d903976897313543d3a393034c4e9245ef7101ce
sample,sparse_crlf-1024,180,331021,510499,500,5587cf2a0cf4fdda503bd1322fc2885963c24d4b8ec0a2a5347d0e93f3b5c5df,122aabbf98920296407d72a8d903976897313543d3a393034c4e9245ef7101ce
sample,sparse_crlf-1024,181,330101,510499,500,5587cf2a0cf4fdda503bd1322fc2885963c24d4b8ec0a2a5347d0e93f3b5c5df,122aabbf98920296407d72a8d903976897313543d3a393034c4e9245ef7101ce
sample,sparse_crlf-1024,182,339722,510499,500,5587cf2a0cf4fdda503bd1322fc2885963c24d4b8ec0a2a5347d0e93f3b5c5df,122aabbf98920296407d72a8d903976897313543d3a393034c4e9245ef7101ce
sample,sparse_crlf-1024,183,330101,510499,500,5587cf2a0cf4fdda503bd1322fc2885963c24d4b8ec0a2a5347d0e93f3b5c5df,122aabbf98920296407d72a8d903976897313543d3a393034c4e9245ef7101ce
sample,sparse_crlf-1024,184,333171,510499,500,5587cf2a0cf4fdda503bd1322fc2885963c24d4b8ec0a2a5347d0e93f3b5c5df,122aabbf98920296407d72a8d903976897313543d3a393034c4e9245ef7101ce
sample,sparse_crlf-1024,185,338621,510499,500,5587cf2a0cf4fdda503bd1322fc2885963c24d4b8ec0a2a5347d0e93f3b5c5df,122aabbf98920296407d72a8d903976897313543d3a393034c4e9245ef7101ce
sample,sparse_crlf-1024,186,330091,510499,500,5587cf2a0cf4fdda503bd1322fc2885963c24d4b8ec0a2a5347d0e93f3b5c5df,122aabbf98920296407d72a8d903976897313543d3a393034c4e9245ef7101ce
sample,sparse_crlf-1024,187,330281,510499,500,5587cf2a0cf4fdda503bd1322fc2885963c24d4b8ec0a2a5347d0e93f3b5c5df,122aabbf98920296407d72a8d903976897313543d3a393034c4e9245ef7101ce
sample,sparse_crlf-1024,188,337111,510499,500,5587cf2a0cf4fdda503bd1322fc2885963c24d4b8ec0a2a5347d0e93f3b5c5df,122aabbf98920296407d72a8d903976897313543d3a393034c4e9245ef7101ce
sample,sparse_crlf-1024,189,331391,510499,500,5587cf2a0cf4fdda503bd1322fc2885963c24d4b8ec0a2a5347d0e93f3b5c5df,122aabbf98920296407d72a8d903976897313543d3a393034c4e9245ef7101ce
sample,sparse_crlf-1024,190,332192,510499,500,5587cf2a0cf4fdda503bd1322fc2885963c24d4b8ec0a2a5347d0e93f3b5c5df,122aabbf98920296407d72a8d903976897313543d3a393034c4e9245ef7101ce
sample,sparse_crlf-1024,191,337211,510499,500,5587cf2a0cf4fdda503bd1322fc2885963c24d4b8ec0a2a5347d0e93f3b5c5df,122aabbf98920296407d72a8d903976897313543d3a393034c4e9245ef7101ce
sample,sparse_crlf-1024,192,331341,510499,500,5587cf2a0cf4fdda503bd1322fc2885963c24d4b8ec0a2a5347d0e93f3b5c5df,122aabbf98920296407d72a8d903976897313543d3a393034c4e9245ef7101ce
sample,sparse_crlf-1024,193,330711,510499,500,5587cf2a0cf4fdda503bd1322fc2885963c24d4b8ec0a2a5347d0e93f3b5c5df,122aabbf98920296407d72a8d903976897313543d3a393034c4e9245ef7101ce
sample,sparse_crlf-1024,194,338662,510499,500,5587cf2a0cf4fdda503bd1322fc2885963c24d4b8ec0a2a5347d0e93f3b5c5df,122aabbf98920296407d72a8d903976897313543d3a393034c4e9245ef7101ce
sample,sparse_crlf-1024,195,330411,510499,500,5587cf2a0cf4fdda503bd1322fc2885963c24d4b8ec0a2a5347d0e93f3b5c5df,122aabbf98920296407d72a8d903976897313543d3a393034c4e9245ef7101ce
sample,sparse_crlf-1024,196,335461,510499,500,5587cf2a0cf4fdda503bd1322fc2885963c24d4b8ec0a2a5347d0e93f3b5c5df,122aabbf98920296407d72a8d903976897313543d3a393034c4e9245ef7101ce
sample,sparse_crlf-1024,197,337691,510499,500,5587cf2a0cf4fdda503bd1322fc2885963c24d4b8ec0a2a5347d0e93f3b5c5df,122aabbf98920296407d72a8d903976897313543d3a393034c4e9245ef7101ce
sample,sparse_crlf-1024,198,332712,510499,500,5587cf2a0cf4fdda503bd1322fc2885963c24d4b8ec0a2a5347d0e93f3b5c5df,122aabbf98920296407d72a8d903976897313543d3a393034c4e9245ef7101ce
sample,sparse_crlf-1024,199,331291,510499,500,5587cf2a0cf4fdda503bd1322fc2885963c24d4b8ec0a2a5347d0e93f3b5c5df,122aabbf98920296407d72a8d903976897313543d3a393034c4e9245ef7101ce
sample,sparse_crlf-1024,200,342081,510499,500,5587cf2a0cf4fdda503bd1322fc2885963c24d4b8ec0a2a5347d0e93f3b5c5df,122aabbf98920296407d72a8d903976897313543d3a393034c4e9245ef7101ce
sample,sparse_crlf-1024,201,330591,510499,500,5587cf2a0cf4fdda503bd1322fc2885963c24d4b8ec0a2a5347d0e93f3b5c5df,122aabbf98920296407d72a8d903976897313543d3a393034c4e9245ef7101ce
sample,sparse_crlf-1024,202,330042,510499,500,5587cf2a0cf4fdda503bd1322fc2885963c24d4b8ec0a2a5347d0e93f3b5c5df,122aabbf98920296407d72a8d903976897313543d3a393034c4e9245ef7101ce
sample,sparse_crlf-1024,203,337821,510499,500,5587cf2a0cf4fdda503bd1322fc2885963c24d4b8ec0a2a5347d0e93f3b5c5df,122aabbf98920296407d72a8d903976897313543d3a393034c4e9245ef7101ce
sample,sparse_crlf-1024,204,332671,510499,500,5587cf2a0cf4fdda503bd1322fc2885963c24d4b8ec0a2a5347d0e93f3b5c5df,122aabbf98920296407d72a8d903976897313543d3a393034c4e9245ef7101ce
sample,sparse_crlf-1024,205,330481,510499,500,5587cf2a0cf4fdda503bd1322fc2885963c24d4b8ec0a2a5347d0e93f3b5c5df,122aabbf98920296407d72a8d903976897313543d3a393034c4e9245ef7101ce
sample,sparse_crlf-1024,206,337982,510499,500,5587cf2a0cf4fdda503bd1322fc2885963c24d4b8ec0a2a5347d0e93f3b5c5df,122aabbf98920296407d72a8d903976897313543d3a393034c4e9245ef7101ce
sample,sparse_crlf-1024,207,329071,510499,500,5587cf2a0cf4fdda503bd1322fc2885963c24d4b8ec0a2a5347d0e93f3b5c5df,122aabbf98920296407d72a8d903976897313543d3a393034c4e9245ef7101ce
sample,sparse_crlf-1024,208,333231,510499,500,5587cf2a0cf4fdda503bd1322fc2885963c24d4b8ec0a2a5347d0e93f3b5c5df,122aabbf98920296407d72a8d903976897313543d3a393034c4e9245ef7101ce
sample,sparse_crlf-1024,209,335571,510499,500,5587cf2a0cf4fdda503bd1322fc2885963c24d4b8ec0a2a5347d0e93f3b5c5df,122aabbf98920296407d72a8d903976897313543d3a393034c4e9245ef7101ce
sample,sparse_crlf-1024,210,331402,510499,500,5587cf2a0cf4fdda503bd1322fc2885963c24d4b8ec0a2a5347d0e93f3b5c5df,122aabbf98920296407d72a8d903976897313543d3a393034c4e9245ef7101ce
sample,sparse_crlf-1024,211,330861,510499,500,5587cf2a0cf4fdda503bd1322fc2885963c24d4b8ec0a2a5347d0e93f3b5c5df,122aabbf98920296407d72a8d903976897313543d3a393034c4e9245ef7101ce
sample,sparse_crlf-1024,212,336391,510499,500,5587cf2a0cf4fdda503bd1322fc2885963c24d4b8ec0a2a5347d0e93f3b5c5df,122aabbf98920296407d72a8d903976897313543d3a393034c4e9245ef7101ce
sample,sparse_crlf-1024,213,330451,510499,500,5587cf2a0cf4fdda503bd1322fc2885963c24d4b8ec0a2a5347d0e93f3b5c5df,122aabbf98920296407d72a8d903976897313543d3a393034c4e9245ef7101ce
sample,sparse_crlf-1024,214,330092,510499,500,5587cf2a0cf4fdda503bd1322fc2885963c24d4b8ec0a2a5347d0e93f3b5c5df,122aabbf98920296407d72a8d903976897313543d3a393034c4e9245ef7101ce
sample,sparse_crlf-1024,215,338261,510499,500,5587cf2a0cf4fdda503bd1322fc2885963c24d4b8ec0a2a5347d0e93f3b5c5df,122aabbf98920296407d72a8d903976897313543d3a393034c4e9245ef7101ce
sample,sparse_crlf-1024,216,331831,510499,500,5587cf2a0cf4fdda503bd1322fc2885963c24d4b8ec0a2a5347d0e93f3b5c5df,122aabbf98920296407d72a8d903976897313543d3a393034c4e9245ef7101ce
sample,sparse_crlf-1024,217,330791,510499,500,5587cf2a0cf4fdda503bd1322fc2885963c24d4b8ec0a2a5347d0e93f3b5c5df,122aabbf98920296407d72a8d903976897313543d3a393034c4e9245ef7101ce
sample,sparse_crlf-1024,218,337462,510499,500,5587cf2a0cf4fdda503bd1322fc2885963c24d4b8ec0a2a5347d0e93f3b5c5df,122aabbf98920296407d72a8d903976897313543d3a393034c4e9245ef7101ce
sample,sparse_crlf-1024,219,334981,510499,500,5587cf2a0cf4fdda503bd1322fc2885963c24d4b8ec0a2a5347d0e93f3b5c5df,122aabbf98920296407d72a8d903976897313543d3a393034c4e9245ef7101ce
sample,sparse_crlf-1024,220,330881,510499,500,5587cf2a0cf4fdda503bd1322fc2885963c24d4b8ec0a2a5347d0e93f3b5c5df,122aabbf98920296407d72a8d903976897313543d3a393034c4e9245ef7101ce
sample,sparse_crlf-1024,221,336841,510499,500,5587cf2a0cf4fdda503bd1322fc2885963c24d4b8ec0a2a5347d0e93f3b5c5df,122aabbf98920296407d72a8d903976897313543d3a393034c4e9245ef7101ce
sample,sparse_crlf-1024,222,330742,510499,500,5587cf2a0cf4fdda503bd1322fc2885963c24d4b8ec0a2a5347d0e93f3b5c5df,122aabbf98920296407d72a8d903976897313543d3a393034c4e9245ef7101ce
sample,sparse_crlf-1024,223,330231,510499,500,5587cf2a0cf4fdda503bd1322fc2885963c24d4b8ec0a2a5347d0e93f3b5c5df,122aabbf98920296407d72a8d903976897313543d3a393034c4e9245ef7101ce
sample,sparse_crlf-1024,224,337201,510499,500,5587cf2a0cf4fdda503bd1322fc2885963c24d4b8ec0a2a5347d0e93f3b5c5df,122aabbf98920296407d72a8d903976897313543d3a393034c4e9245ef7101ce
sample,sparse_crlf-1024,225,330131,510499,500,5587cf2a0cf4fdda503bd1322fc2885963c24d4b8ec0a2a5347d0e93f3b5c5df,122aabbf98920296407d72a8d903976897313543d3a393034c4e9245ef7101ce
sample,sparse_crlf-1024,226,331092,510499,500,5587cf2a0cf4fdda503bd1322fc2885963c24d4b8ec0a2a5347d0e93f3b5c5df,122aabbf98920296407d72a8d903976897313543d3a393034c4e9245ef7101ce
sample,sparse_crlf-1024,227,337701,510499,500,5587cf2a0cf4fdda503bd1322fc2885963c24d4b8ec0a2a5347d0e93f3b5c5df,122aabbf98920296407d72a8d903976897313543d3a393034c4e9245ef7101ce
sample,sparse_crlf-1024,228,332191,510499,500,5587cf2a0cf4fdda503bd1322fc2885963c24d4b8ec0a2a5347d0e93f3b5c5df,122aabbf98920296407d72a8d903976897313543d3a393034c4e9245ef7101ce
sample,sparse_crlf-1024,229,329971,510499,500,5587cf2a0cf4fdda503bd1322fc2885963c24d4b8ec0a2a5347d0e93f3b5c5df,122aabbf98920296407d72a8d903976897313543d3a393034c4e9245ef7101ce
sample,sparse_crlf-1024,230,337922,510499,500,5587cf2a0cf4fdda503bd1322fc2885963c24d4b8ec0a2a5347d0e93f3b5c5df,122aabbf98920296407d72a8d903976897313543d3a393034c4e9245ef7101ce
sample,sparse_crlf-1024,231,360981,510499,500,5587cf2a0cf4fdda503bd1322fc2885963c24d4b8ec0a2a5347d0e93f3b5c5df,122aabbf98920296407d72a8d903976897313543d3a393034c4e9245ef7101ce
sample,sparse_crlf-1024,232,331971,510499,500,5587cf2a0cf4fdda503bd1322fc2885963c24d4b8ec0a2a5347d0e93f3b5c5df,122aabbf98920296407d72a8d903976897313543d3a393034c4e9245ef7101ce
sample,sparse_crlf-1024,233,337201,510499,500,5587cf2a0cf4fdda503bd1322fc2885963c24d4b8ec0a2a5347d0e93f3b5c5df,122aabbf98920296407d72a8d903976897313543d3a393034c4e9245ef7101ce
sample,sparse_crlf-1024,234,331382,510499,500,5587cf2a0cf4fdda503bd1322fc2885963c24d4b8ec0a2a5347d0e93f3b5c5df,122aabbf98920296407d72a8d903976897313543d3a393034c4e9245ef7101ce
sample,sparse_crlf-1024,235,329241,510499,500,5587cf2a0cf4fdda503bd1322fc2885963c24d4b8ec0a2a5347d0e93f3b5c5df,122aabbf98920296407d72a8d903976897313543d3a393034c4e9245ef7101ce
sample,sparse_crlf-1024,236,336531,510499,500,5587cf2a0cf4fdda503bd1322fc2885963c24d4b8ec0a2a5347d0e93f3b5c5df,122aabbf98920296407d72a8d903976897313543d3a393034c4e9245ef7101ce
sample,sparse_crlf-1024,237,330481,510499,500,5587cf2a0cf4fdda503bd1322fc2885963c24d4b8ec0a2a5347d0e93f3b5c5df,122aabbf98920296407d72a8d903976897313543d3a393034c4e9245ef7101ce
sample,sparse_crlf-1024,238,331992,510499,500,5587cf2a0cf4fdda503bd1322fc2885963c24d4b8ec0a2a5347d0e93f3b5c5df,122aabbf98920296407d72a8d903976897313543d3a393034c4e9245ef7101ce
sample,sparse_crlf-1024,239,336961,510499,500,5587cf2a0cf4fdda503bd1322fc2885963c24d4b8ec0a2a5347d0e93f3b5c5df,122aabbf98920296407d72a8d903976897313543d3a393034c4e9245ef7101ce
sample,sparse_crlf-1024,240,329951,510499,500,5587cf2a0cf4fdda503bd1322fc2885963c24d4b8ec0a2a5347d0e93f3b5c5df,122aabbf98920296407d72a8d903976897313543d3a393034c4e9245ef7101ce
sample,sparse_crlf-1024,241,329391,510499,500,5587cf2a0cf4fdda503bd1322fc2885963c24d4b8ec0a2a5347d0e93f3b5c5df,122aabbf98920296407d72a8d903976897313543d3a393034c4e9245ef7101ce
sample,sparse_crlf-1024,242,336282,510499,500,5587cf2a0cf4fdda503bd1322fc2885963c24d4b8ec0a2a5347d0e93f3b5c5df,122aabbf98920296407d72a8d903976897313543d3a393034c4e9245ef7101ce
sample,sparse_crlf-1024,243,332591,510499,500,5587cf2a0cf4fdda503bd1322fc2885963c24d4b8ec0a2a5347d0e93f3b5c5df,122aabbf98920296407d72a8d903976897313543d3a393034c4e9245ef7101ce
sample,sparse_crlf-1024,244,329971,510499,500,5587cf2a0cf4fdda503bd1322fc2885963c24d4b8ec0a2a5347d0e93f3b5c5df,122aabbf98920296407d72a8d903976897313543d3a393034c4e9245ef7101ce
sample,sparse_crlf-1024,245,334801,510499,500,5587cf2a0cf4fdda503bd1322fc2885963c24d4b8ec0a2a5347d0e93f3b5c5df,122aabbf98920296407d72a8d903976897313543d3a393034c4e9245ef7101ce
sample,sparse_crlf-1024,246,331092,510499,500,5587cf2a0cf4fdda503bd1322fc2885963c24d4b8ec0a2a5347d0e93f3b5c5df,122aabbf98920296407d72a8d903976897313543d3a393034c4e9245ef7101ce
sample,sparse_crlf-1024,247,329181,510499,500,5587cf2a0cf4fdda503bd1322fc2885963c24d4b8ec0a2a5347d0e93f3b5c5df,122aabbf98920296407d72a8d903976897313543d3a393034c4e9245ef7101ce
sample,sparse_crlf-1024,248,335091,510499,500,5587cf2a0cf4fdda503bd1322fc2885963c24d4b8ec0a2a5347d0e93f3b5c5df,122aabbf98920296407d72a8d903976897313543d3a393034c4e9245ef7101ce
sample,sparse_crlf-1024,249,331471,510499,500,5587cf2a0cf4fdda503bd1322fc2885963c24d4b8ec0a2a5347d0e93f3b5c5df,122aabbf98920296407d72a8d903976897313543d3a393034c4e9245ef7101ce
sample,sparse_crlf-1024,250,332722,510499,500,5587cf2a0cf4fdda503bd1322fc2885963c24d4b8ec0a2a5347d0e93f3b5c5df,122aabbf98920296407d72a8d903976897313543d3a393034c4e9245ef7101ce
sample,sparse_crlf-1024,251,335361,510499,500,5587cf2a0cf4fdda503bd1322fc2885963c24d4b8ec0a2a5347d0e93f3b5c5df,122aabbf98920296407d72a8d903976897313543d3a393034c4e9245ef7101ce
sample,sparse_crlf-1024,252,330421,510499,500,5587cf2a0cf4fdda503bd1322fc2885963c24d4b8ec0a2a5347d0e93f3b5c5df,122aabbf98920296407d72a8d903976897313543d3a393034c4e9245ef7101ce
sample,sparse_crlf-1024,253,329371,510499,500,5587cf2a0cf4fdda503bd1322fc2885963c24d4b8ec0a2a5347d0e93f3b5c5df,122aabbf98920296407d72a8d903976897313543d3a393034c4e9245ef7101ce
sample,sparse_crlf-1024,254,348972,510499,500,5587cf2a0cf4fdda503bd1322fc2885963c24d4b8ec0a2a5347d0e93f3b5c5df,122aabbf98920296407d72a8d903976897313543d3a393034c4e9245ef7101ce
sample,sparse_crlf-1024,255,418431,510499,500,5587cf2a0cf4fdda503bd1322fc2885963c24d4b8ec0a2a5347d0e93f3b5c5df,122aabbf98920296407d72a8d903976897313543d3a393034c4e9245ef7101ce
sample,sparse_crlf-1024,256,336681,510499,500,5587cf2a0cf4fdda503bd1322fc2885963c24d4b8ec0a2a5347d0e93f3b5c5df,122aabbf98920296407d72a8d903976897313543d3a393034c4e9245ef7101ce
sample,sparse_crlf-1024,257,328212,510499,500,5587cf2a0cf4fdda503bd1322fc2885963c24d4b8ec0a2a5347d0e93f3b5c5df,122aabbf98920296407d72a8d903976897313543d3a393034c4e9245ef7101ce
sample,sparse_crlf-1024,258,331131,510499,500,5587cf2a0cf4fdda503bd1322fc2885963c24d4b8ec0a2a5347d0e93f3b5c5df,122aabbf98920296407d72a8d903976897313543d3a393034c4e9245ef7101ce
sample,sparse_crlf-1024,259,335771,510499,500,5587cf2a0cf4fdda503bd1322fc2885963c24d4b8ec0a2a5347d0e93f3b5c5df,122aabbf98920296407d72a8d903976897313543d3a393034c4e9245ef7101ce
sample,sparse_crlf-1024,260,331531,510499,500,5587cf2a0cf4fdda503bd1322fc2885963c24d4b8ec0a2a5347d0e93f3b5c5df,122aabbf98920296407d72a8d903976897313543d3a393034c4e9245ef7101ce
sample,sparse_crlf-1024,261,329452,510499,500,5587cf2a0cf4fdda503bd1322fc2885963c24d4b8ec0a2a5347d0e93f3b5c5df,122aabbf98920296407d72a8d903976897313543d3a393034c4e9245ef7101ce
sample,sparse_crlf-1024,262,334701,510499,500,5587cf2a0cf4fdda503bd1322fc2885963c24d4b8ec0a2a5347d0e93f3b5c5df,122aabbf98920296407d72a8d903976897313543d3a393034c4e9245ef7101ce
sample,sparse_crlf-1024,263,328631,510499,500,5587cf2a0cf4fdda503bd1322fc2885963c24d4b8ec0a2a5347d0e93f3b5c5df,122aabbf98920296407d72a8d903976897313543d3a393034c4e9245ef7101ce
sample,sparse_crlf-1024,264,331141,510499,500,5587cf2a0cf4fdda503bd1322fc2885963c24d4b8ec0a2a5347d0e93f3b5c5df,122aabbf98920296407d72a8d903976897313543d3a393034c4e9245ef7101ce
sample,sparse_crlf-1024,265,336452,510499,500,5587cf2a0cf4fdda503bd1322fc2885963c24d4b8ec0a2a5347d0e93f3b5c5df,122aabbf98920296407d72a8d903976897313543d3a393034c4e9245ef7101ce
sample,sparse_crlf-1024,266,332671,510499,500,5587cf2a0cf4fdda503bd1322fc2885963c24d4b8ec0a2a5347d0e93f3b5c5df,122aabbf98920296407d72a8d903976897313543d3a393034c4e9245ef7101ce
sample,sparse_crlf-1024,267,331601,510499,500,5587cf2a0cf4fdda503bd1322fc2885963c24d4b8ec0a2a5347d0e93f3b5c5df,122aabbf98920296407d72a8d903976897313543d3a393034c4e9245ef7101ce
sample,sparse_crlf-1024,268,337191,510499,500,5587cf2a0cf4fdda503bd1322fc2885963c24d4b8ec0a2a5347d0e93f3b5c5df,122aabbf98920296407d72a8d903976897313543d3a393034c4e9245ef7101ce
sample,sparse_crlf-1024,269,328872,510499,500,5587cf2a0cf4fdda503bd1322fc2885963c24d4b8ec0a2a5347d0e93f3b5c5df,122aabbf98920296407d72a8d903976897313543d3a393034c4e9245ef7101ce
sample,sparse_crlf-1024,270,331311,510499,500,5587cf2a0cf4fdda503bd1322fc2885963c24d4b8ec0a2a5347d0e93f3b5c5df,122aabbf98920296407d72a8d903976897313543d3a393034c4e9245ef7101ce
sample,sparse_crlf-1024,271,334681,510499,500,5587cf2a0cf4fdda503bd1322fc2885963c24d4b8ec0a2a5347d0e93f3b5c5df,122aabbf98920296407d72a8d903976897313543d3a393034c4e9245ef7101ce
sample,sparse_crlf-1024,272,330131,510499,500,5587cf2a0cf4fdda503bd1322fc2885963c24d4b8ec0a2a5347d0e93f3b5c5df,122aabbf98920296407d72a8d903976897313543d3a393034c4e9245ef7101ce
sample,sparse_crlf-1024,273,329482,510499,500,5587cf2a0cf4fdda503bd1322fc2885963c24d4b8ec0a2a5347d0e93f3b5c5df,122aabbf98920296407d72a8d903976897313543d3a393034c4e9245ef7101ce
sample,sparse_crlf-1024,274,335881,510499,500,5587cf2a0cf4fdda503bd1322fc2885963c24d4b8ec0a2a5347d0e93f3b5c5df,122aabbf98920296407d72a8d903976897313543d3a393034c4e9245ef7101ce
sample,sparse_crlf-1024,275,331081,510499,500,5587cf2a0cf4fdda503bd1322fc2885963c24d4b8ec0a2a5347d0e93f3b5c5df,122aabbf98920296407d72a8d903976897313543d3a393034c4e9245ef7101ce
sample,sparse_crlf-1024,276,330381,510499,500,5587cf2a0cf4fdda503bd1322fc2885963c24d4b8ec0a2a5347d0e93f3b5c5df,122aabbf98920296407d72a8d903976897313543d3a393034c4e9245ef7101ce
sample,sparse_crlf-1024,277,335542,510499,500,5587cf2a0cf4fdda503bd1322fc2885963c24d4b8ec0a2a5347d0e93f3b5c5df,122aabbf98920296407d72a8d903976897313543d3a393034c4e9245ef7101ce
sample,sparse_crlf-1024,278,330671,510499,500,5587cf2a0cf4fdda503bd1322fc2885963c24d4b8ec0a2a5347d0e93f3b5c5df,122aabbf98920296407d72a8d903976897313543d3a393034c4e9245ef7101ce
sample,sparse_crlf-1024,279,331331,510499,500,5587cf2a0cf4fdda503bd1322fc2885963c24d4b8ec0a2a5347d0e93f3b5c5df,122aabbf98920296407d72a8d903976897313543d3a393034c4e9245ef7101ce
sample,sparse_crlf-1024,280,336211,510499,500,5587cf2a0cf4fdda503bd1322fc2885963c24d4b8ec0a2a5347d0e93f3b5c5df,122aabbf98920296407d72a8d903976897313543d3a393034c4e9245ef7101ce
sample,sparse_crlf-1024,281,328651,510499,500,5587cf2a0cf4fdda503bd1322fc2885963c24d4b8ec0a2a5347d0e93f3b5c5df,122aabbf98920296407d72a8d903976897313543d3a393034c4e9245ef7101ce
sample,sparse_crlf-1024,282,331072,510499,500,5587cf2a0cf4fdda503bd1322fc2885963c24d4b8ec0a2a5347d0e93f3b5c5df,122aabbf98920296407d72a8d903976897313543d3a393034c4e9245ef7101ce
sample,sparse_crlf-1024,283,335151,510499,500,5587cf2a0cf4fdda503bd1322fc2885963c24d4b8ec0a2a5347d0e93f3b5c5df,122aabbf98920296407d72a8d903976897313543d3a393034c4e9245ef7101ce
sample,sparse_crlf-1024,284,329721,510499,500,5587cf2a0cf4fdda503bd1322fc2885963c24d4b8ec0a2a5347d0e93f3b5c5df,122aabbf98920296407d72a8d903976897313543d3a393034c4e9245ef7101ce
sample,sparse_crlf-1024,285,329611,510499,500,5587cf2a0cf4fdda503bd1322fc2885963c24d4b8ec0a2a5347d0e93f3b5c5df,122aabbf98920296407d72a8d903976897313543d3a393034c4e9245ef7101ce
sample,sparse_crlf-1024,286,336062,510499,500,5587cf2a0cf4fdda503bd1322fc2885963c24d4b8ec0a2a5347d0e93f3b5c5df,122aabbf98920296407d72a8d903976897313543d3a393034c4e9245ef7101ce
sample,sparse_crlf-1024,287,329441,510499,500,5587cf2a0cf4fdda503bd1322fc2885963c24d4b8ec0a2a5347d0e93f3b5c5df,122aabbf98920296407d72a8d903976897313543d3a393034c4e9245ef7101ce
sample,sparse_crlf-1024,288,331011,510499,500,5587cf2a0cf4fdda503bd1322fc2885963c24d4b8ec0a2a5347d0e93f3b5c5df,122aabbf98920296407d72a8d903976897313543d3a393034c4e9245ef7101ce
sample,sparse_crlf-1024,289,376962,510499,500,5587cf2a0cf4fdda503bd1322fc2885963c24d4b8ec0a2a5347d0e93f3b5c5df,122aabbf98920296407d72a8d903976897313543d3a393034c4e9245ef7101ce
sample,sparse_crlf-1024,290,330901,510499,500,5587cf2a0cf4fdda503bd1322fc2885963c24d4b8ec0a2a5347d0e93f3b5c5df,122aabbf98920296407d72a8d903976897313543d3a393034c4e9245ef7101ce
sample,sparse_crlf-1024,291,333361,510499,500,5587cf2a0cf4fdda503bd1322fc2885963c24d4b8ec0a2a5347d0e93f3b5c5df,122aabbf98920296407d72a8d903976897313543d3a393034c4e9245ef7101ce
sample,sparse_crlf-1024,292,336861,510499,500,5587cf2a0cf4fdda503bd1322fc2885963c24d4b8ec0a2a5347d0e93f3b5c5df,122aabbf98920296407d72a8d903976897313543d3a393034c4e9245ef7101ce
sample,sparse_crlf-1024,293,329472,510499,500,5587cf2a0cf4fdda503bd1322fc2885963c24d4b8ec0a2a5347d0e93f3b5c5df,122aabbf98920296407d72a8d903976897313543d3a393034c4e9245ef7101ce
sample,sparse_crlf-1024,294,333581,510499,500,5587cf2a0cf4fdda503bd1322fc2885963c24d4b8ec0a2a5347d0e93f3b5c5df,122aabbf98920296407d72a8d903976897313543d3a393034c4e9245ef7101ce
sample,sparse_crlf-1024,295,414551,510499,500,5587cf2a0cf4fdda503bd1322fc2885963c24d4b8ec0a2a5347d0e93f3b5c5df,122aabbf98920296407d72a8d903976897313543d3a393034c4e9245ef7101ce
sample,sparse_crlf-1024,296,331502,510499,500,5587cf2a0cf4fdda503bd1322fc2885963c24d4b8ec0a2a5347d0e93f3b5c5df,122aabbf98920296407d72a8d903976897313543d3a393034c4e9245ef7101ce
sample,sparse_crlf-1024,297,332161,510499,500,5587cf2a0cf4fdda503bd1322fc2885963c24d4b8ec0a2a5347d0e93f3b5c5df,122aabbf98920296407d72a8d903976897313543d3a393034c4e9245ef7101ce
sample,sparse_crlf-1024,298,472852,510499,500,5587cf2a0cf4fdda503bd1322fc2885963c24d4b8ec0a2a5347d0e93f3b5c5df,122aabbf98920296407d72a8d903976897313543d3a393034c4e9245ef7101ce
sample,sparse_crlf-1024,299,329051,510499,500,5587cf2a0cf4fdda503bd1322fc2885963c24d4b8ec0a2a5347d0e93f3b5c5df,122aabbf98920296407d72a8d903976897313543d3a393034c4e9245ef7101ce
sample,sparse_crlf-1024,300,336751,510499,500,5587cf2a0cf4fdda503bd1322fc2885963c24d4b8ec0a2a5347d0e93f3b5c5df,122aabbf98920296407d72a8d903976897313543d3a393034c4e9245ef7101ce
sample,sparse_crlf-1024,301,328161,510499,500,5587cf2a0cf4fdda503bd1322fc2885963c24d4b8ec0a2a5347d0e93f3b5c5df,122aabbf98920296407d72a8d903976897313543d3a393034c4e9245ef7101ce
sample,sparse_crlf-1024,302,336082,510499,500,5587cf2a0cf4fdda503bd1322fc2885963c24d4b8ec0a2a5347d0e93f3b5c5df,122aabbf98920296407d72a8d903976897313543d3a393034c4e9245ef7101ce
sample,sparse_crlf-1024,303,334171,510499,500,5587cf2a0cf4fdda503bd1322fc2885963c24d4b8ec0a2a5347d0e93f3b5c5df,122aabbf98920296407d72a8d903976897313543d3a393034c4e9245ef7101ce
sample,sparse_crlf-1024,304,331131,510499,500,5587cf2a0cf4fdda503bd1322fc2885963c24d4b8ec0a2a5347d0e93f3b5c5df,122aabbf98920296407d72a8d903976897313543d3a393034c4e9245ef7101ce
sample,sparse_crlf-1024,305,328921,510499,500,5587cf2a0cf4fdda503bd1322fc2885963c24d4b8ec0a2a5347d0e93f3b5c5df,122aabbf98920296407d72a8d903976897313543d3a393034c4e9245ef7101ce
sample,sparse_crlf-1024,306,336202,510499,500,5587cf2a0cf4fdda503bd1322fc2885963c24d4b8ec0a2a5347d0e93f3b5c5df,122aabbf98920296407d72a8d903976897313543d3a393034c4e9245ef7101ce
sample,sparse_crlf-1024,307,329541,510499,500,5587cf2a0cf4fdda503bd1322fc2885963c24d4b8ec0a2a5347d0e93f3b5c5df,122aabbf98920296407d72a8d903976897313543d3a393034c4e9245ef7101ce
sample,sparse_crlf-1024,308,334101,510499,500,5587cf2a0cf4fdda503bd1322fc2885963c24d4b8ec0a2a5347d0e93f3b5c5df,122aabbf98920296407d72a8d903976897313543d3a393034c4e9245ef7101ce
sample,sparse_crlf-1024,309,335811,510499,500,5587cf2a0cf4fdda503bd1322fc2885963c24d4b8ec0a2a5347d0e93f3b5c5df,122aabbf98920296407d72a8d903976897313543d3a393034c4e9245ef7101ce
sample,sparse_crlf-1024,310,330521,510499,500,5587cf2a0cf4fdda503bd1322fc2885963c24d4b8ec0a2a5347d0e93f3b5c5df,122aabbf98920296407d72a8d903976897313543d3a393034c4e9245ef7101ce
sample,sparse_crlf-1024,311,330102,510499,500,5587cf2a0cf4fdda503bd1322fc2885963c24d4b8ec0a2a5347d0e93f3b5c5df,122aabbf98920296407d72a8d903976897313543d3a393034c4e9245ef7101ce
sample,sparse_crlf-1024,312,367501,510499,500,5587cf2a0cf4fdda503bd1322fc2885963c24d4b8ec0a2a5347d0e93f3b5c5df,122aabbf98920296407d72a8d903976897313543d3a393034c4e9245ef7101ce
sample,sparse_crlf-1024,313,328651,510499,500,5587cf2a0cf4fdda503bd1322fc2885963c24d4b8ec0a2a5347d0e93f3b5c5df,122aabbf98920296407d72a8d903976897313543d3a393034c4e9245ef7101ce
sample,sparse_crlf-1024,314,333682,510499,500,5587cf2a0cf4fdda503bd1322fc2885963c24d4b8ec0a2a5347d0e93f3b5c5df,122aabbf98920296407d72a8d903976897313543d3a393034c4e9245ef7101ce
sample,sparse_crlf-1024,315,336581,510499,500,5587cf2a0cf4fdda503bd1322fc2885963c24d4b8ec0a2a5347d0e93f3b5c5df,122aabbf98920296407d72a8d903976897313543d3a393034c4e9245ef7101ce
sample,sparse_crlf-1024,316,330471,510499,500,5587cf2a0cf4fdda503bd1322fc2885963c24d4b8ec0a2a5347d0e93f3b5c5df,122aabbf98920296407d72a8d903976897313543d3a393034c4e9245ef7101ce
sample,sparse_crlf-1024,317,328961,510499,500,5587cf2a0cf4fdda503bd1322fc2885963c24d4b8ec0a2a5347d0e93f3b5c5df,122aabbf98920296407d72a8d903976897313543d3a393034c4e9245ef7101ce
sample,sparse_crlf-1024,318,336762,510499,500,5587cf2a0cf4fdda503bd1322fc2885963c24d4b8ec0a2a5347d0e93f3b5c5df,122aabbf98920296407d72a8d903976897313543d3a393034c4e9245ef7101ce
sample,sparse_crlf-1024,319,328681,510499,500,5587cf2a0cf4fdda503bd1322fc2885963c24d4b8ec0a2a5347d0e93f3b5c5df,122aabbf98920296407d72a8d903976897313543d3a393034c4e9245ef7101ce
sample,sparse_crlf-1024,320,331501,510499,500,5587cf2a0cf4fdda503bd1322fc2885963c24d4b8ec0a2a5347d0e93f3b5c5df,122aabbf98920296407d72a8d903976897313543d3a393034c4e9245ef7101ce
sample,sparse_crlf-1024,321,334371,510499,500,5587cf2a0cf4fdda503bd1322fc2885963c24d4b8ec0a2a5347d0e93f3b5c5df,122aabbf98920296407d72a8d903976897313543d3a393034c4e9245ef7101ce
sample,sparse_crlf-1024,322,330312,510499,500,5587cf2a0cf4fdda503bd1322fc2885963c24d4b8ec0a2a5347d0e93f3b5c5df,122aabbf98920296407d72a8d903976897313543d3a393034c4e9245ef7101ce
sample,sparse_crlf-1024,323,330391,510499,500,5587cf2a0cf4fdda503bd1322fc2885963c24d4b8ec0a2a5347d0e93f3b5c5df,122aabbf98920296407d72a8d903976897313543d3a393034c4e9245ef7101ce
sample,sparse_crlf-1024,324,339681,510499,500,5587cf2a0cf4fdda503bd1322fc2885963c24d4b8ec0a2a5347d0e93f3b5c5df,122aabbf98920296407d72a8d903976897313543d3a393034c4e9245ef7101ce
sample,sparse_crlf-1024,325,328951,510499,500,5587cf2a0cf4fdda503bd1322fc2885963c24d4b8ec0a2a5347d0e93f3b5c5df,122aabbf98920296407d72a8d903976897313543d3a393034c4e9245ef7101ce
sample,sparse_crlf-1024,326,335851,510499,500,5587cf2a0cf4fdda503bd1322fc2885963c24d4b8ec0a2a5347d0e93f3b5c5df,122aabbf98920296407d72a8d903976897313543d3a393034c4e9245ef7101ce
sample,sparse_crlf-1024,327,336992,510499,500,5587cf2a0cf4fdda503bd1322fc2885963c24d4b8ec0a2a5347d0e93f3b5c5df,122aabbf98920296407d72a8d903976897313543d3a393034c4e9245ef7101ce
sample,sparse_crlf-1024,328,332821,510499,500,5587cf2a0cf4fdda503bd1322fc2885963c24d4b8ec0a2a5347d0e93f3b5c5df,122aabbf98920296407d72a8d903976897313543d3a393034c4e9245ef7101ce
sample,sparse_crlf-1024,329,328731,510499,500,5587cf2a0cf4fdda503bd1322fc2885963c24d4b8ec0a2a5347d0e93f3b5c5df,122aabbf98920296407d72a8d903976897313543d3a393034c4e9245ef7101ce
sample,sparse_crlf-1024,330,337392,510499,500,5587cf2a0cf4fdda503bd1322fc2885963c24d4b8ec0a2a5347d0e93f3b5c5df,122aabbf98920296407d72a8d903976897313543d3a393034c4e9245ef7101ce
sample,sparse_crlf-1024,331,328981,510499,500,5587cf2a0cf4fdda503bd1322fc2885963c24d4b8ec0a2a5347d0e93f3b5c5df,122aabbf98920296407d72a8d903976897313543d3a393034c4e9245ef7101ce
sample,sparse_crlf-1024,332,333331,510499,500,5587cf2a0cf4fdda503bd1322fc2885963c24d4b8ec0a2a5347d0e93f3b5c5df,122aabbf98920296407d72a8d903976897313543d3a393034c4e9245ef7101ce
sample,sparse_crlf-1024,333,334741,510499,500,5587cf2a0cf4fdda503bd1322fc2885963c24d4b8ec0a2a5347d0e93f3b5c5df,122aabbf98920296407d72a8d903976897313543d3a393034c4e9245ef7101ce
sample,sparse_crlf-1024,334,331141,510499,500,5587cf2a0cf4fdda503bd1322fc2885963c24d4b8ec0a2a5347d0e93f3b5c5df,122aabbf98920296407d72a8d903976897313543d3a393034c4e9245ef7101ce
sample,sparse_crlf-1024,335,330692,510499,500,5587cf2a0cf4fdda503bd1322fc2885963c24d4b8ec0a2a5347d0e93f3b5c5df,122aabbf98920296407d72a8d903976897313543d3a393034c4e9245ef7101ce
sample,sparse_crlf-1024,336,414171,510499,500,5587cf2a0cf4fdda503bd1322fc2885963c24d4b8ec0a2a5347d0e93f3b5c5df,122aabbf98920296407d72a8d903976897313543d3a393034c4e9245ef7101ce
sample,sparse_crlf-1024,337,380972,510499,500,5587cf2a0cf4fdda503bd1322fc2885963c24d4b8ec0a2a5347d0e93f3b5c5df,122aabbf98920296407d72a8d903976897313543d3a393034c4e9245ef7101ce
sample,sparse_crlf-1024,338,330761,510499,500,5587cf2a0cf4fdda503bd1322fc2885963c24d4b8ec0a2a5347d0e93f3b5c5df,122aabbf98920296407d72a8d903976897313543d3a393034c4e9245ef7101ce
sample,sparse_crlf-1024,339,335231,510499,500,5587cf2a0cf4fdda503bd1322fc2885963c24d4b8ec0a2a5347d0e93f3b5c5df,122aabbf98920296407d72a8d903976897313543d3a393034c4e9245ef7101ce
sample,sparse_crlf-1024,340,330231,510499,500,5587cf2a0cf4fdda503bd1322fc2885963c24d4b8ec0a2a5347d0e93f3b5c5df,122aabbf98920296407d72a8d903976897313543d3a393034c4e9245ef7101ce
sample,sparse_crlf-1024,341,328842,510499,500,5587cf2a0cf4fdda503bd1322fc2885963c24d4b8ec0a2a5347d0e93f3b5c5df,122aabbf98920296407d72a8d903976897313543d3a393034c4e9245ef7101ce
sample,sparse_crlf-1024,342,338351,510499,500,5587cf2a0cf4fdda503bd1322fc2885963c24d4b8ec0a2a5347d0e93f3b5c5df,122aabbf98920296407d72a8d903976897313543d3a393034c4e9245ef7101ce
sample,sparse_crlf-1024,343,331291,510499,500,5587cf2a0cf4fdda503bd1322fc2885963c24d4b8ec0a2a5347d0e93f3b5c5df,122aabbf98920296407d72a8d903976897313543d3a393034c4e9245ef7101ce
sample,sparse_crlf-1024,344,330741,510499,500,5587cf2a0cf4fdda503bd1322fc2885963c24d4b8ec0a2a5347d0e93f3b5c5df,122aabbf98920296407d72a8d903976897313543d3a393034c4e9245ef7101ce
sample,sparse_crlf-1024,345,337452,510499,500,5587cf2a0cf4fdda503bd1322fc2885963c24d4b8ec0a2a5347d0e93f3b5c5df,122aabbf98920296407d72a8d903976897313543d3a393034c4e9245ef7101ce
sample,sparse_crlf-1024,346,330201,510499,500,5587cf2a0cf4fdda503bd1322fc2885963c24d4b8ec0a2a5347d0e93f3b5c5df,122aabbf98920296407d72a8d903976897313543d3a393034c4e9245ef7101ce
sample,sparse_crlf-1024,347,329671,510499,500,5587cf2a0cf4fdda503bd1322fc2885963c24d4b8ec0a2a5347d0e93f3b5c5df,122aabbf98920296407d72a8d903976897313543d3a393034c4e9245ef7101ce
sample,sparse_crlf-1024,348,335481,510499,500,5587cf2a0cf4fdda503bd1322fc2885963c24d4b8ec0a2a5347d0e93f3b5c5df,122aabbf98920296407d72a8d903976897313543d3a393034c4e9245ef7101ce
sample,sparse_crlf-1024,349,332162,510499,500,5587cf2a0cf4fdda503bd1322fc2885963c24d4b8ec0a2a5347d0e93f3b5c5df,122aabbf98920296407d72a8d903976897313543d3a393034c4e9245ef7101ce
sample,sparse_crlf-1024,350,330641,510499,500,5587cf2a0cf4fdda503bd1322fc2885963c24d4b8ec0a2a5347d0e93f3b5c5df,122aabbf98920296407d72a8d903976897313543d3a393034c4e9245ef7101ce
sample,sparse_crlf-1024,351,334121,510499,500,5587cf2a0cf4fdda503bd1322fc2885963c24d4b8ec0a2a5347d0e93f3b5c5df,122aabbf98920296407d72a8d903976897313543d3a393034c4e9245ef7101ce
sample,sparse_crlf-1024,352,330301,510499,500,5587cf2a0cf4fdda503bd1322fc2885963c24d4b8ec0a2a5347d0e93f3b5c5df,122aabbf98920296407d72a8d903976897313543d3a393034c4e9245ef7101ce
sample,sparse_crlf-1024,353,329382,510499,500,5587cf2a0cf4fdda503bd1322fc2885963c24d4b8ec0a2a5347d0e93f3b5c5df,122aabbf98920296407d72a8d903976897313543d3a393034c4e9245ef7101ce
sample,sparse_crlf-1024,354,337521,510499,500,5587cf2a0cf4fdda503bd1322fc2885963c24d4b8ec0a2a5347d0e93f3b5c5df,122aabbf98920296407d72a8d903976897313543d3a393034c4e9245ef7101ce
sample,sparse_crlf-1024,355,331991,510499,500,5587cf2a0cf4fdda503bd1322fc2885963c24d4b8ec0a2a5347d0e93f3b5c5df,122aabbf98920296407d72a8d903976897313543d3a393034c4e9245ef7101ce
sample,sparse_crlf-1024,356,330541,510499,500,5587cf2a0cf4fdda503bd1322fc2885963c24d4b8ec0a2a5347d0e93f3b5c5df,122aabbf98920296407d72a8d903976897313543d3a393034c4e9245ef7101ce
sample,sparse_crlf-1024,357,332932,510499,500,5587cf2a0cf4fdda503bd1322fc2885963c24d4b8ec0a2a5347d0e93f3b5c5df,122aabbf98920296407d72a8d903976897313543d3a393034c4e9245ef7101ce
sample,sparse_crlf-1024,358,332661,510499,500,5587cf2a0cf4fdda503bd1322fc2885963c24d4b8ec0a2a5347d0e93f3b5c5df,122aabbf98920296407d72a8d903976897313543d3a393034c4e9245ef7101ce
sample,sparse_crlf-1024,359,328511,510499,500,5587cf2a0cf4fdda503bd1322fc2885963c24d4b8ec0a2a5347d0e93f3b5c5df,122aabbf98920296407d72a8d903976897313543d3a393034c4e9245ef7101ce
sample,sparse_crlf-1024,360,334631,510499,500,5587cf2a0cf4fdda503bd1322fc2885963c24d4b8ec0a2a5347d0e93f3b5c5df,122aabbf98920296407d72a8d903976897313543d3a393034c4e9245ef7101ce
sample,sparse_crlf-1024,361,333681,510499,500,5587cf2a0cf4fdda503bd1322fc2885963c24d4b8ec0a2a5347d0e93f3b5c5df,122aabbf98920296407d72a8d903976897313543d3a393034c4e9245ef7101ce
sample,sparse_crlf-1024,362,329991,510499,500,5587cf2a0cf4fdda503bd1322fc2885963c24d4b8ec0a2a5347d0e93f3b5c5df,122aabbf98920296407d72a8d903976897313543d3a393034c4e9245ef7101ce
sample,sparse_crlf-1024,363,333911,510499,500,5587cf2a0cf4fdda503bd1322fc2885963c24d4b8ec0a2a5347d0e93f3b5c5df,122aabbf98920296407d72a8d903976897313543d3a393034c4e9245ef7101ce
sample,sparse_crlf-1024,364,331001,510499,500,5587cf2a0cf4fdda503bd1322fc2885963c24d4b8ec0a2a5347d0e93f3b5c5df,122aabbf98920296407d72a8d903976897313543d3a393034c4e9245ef7101ce
sample,sparse_crlf-1024,365,328842,510499,500,5587cf2a0cf4fdda503bd1322fc2885963c24d4b8ec0a2a5347d0e93f3b5c5df,122aabbf98920296407d72a8d903976897313543d3a393034c4e9245ef7101ce
sample,sparse_crlf-1024,366,337841,510499,500,5587cf2a0cf4fdda503bd1322fc2885963c24d4b8ec0a2a5347d0e93f3b5c5df,122aabbf98920296407d72a8d903976897313543d3a393034c4e9245ef7101ce
sample,sparse_crlf-1024,367,329671,510499,500,5587cf2a0cf4fdda503bd1322fc2885963c24d4b8ec0a2a5347d0e93f3b5c5df,122aabbf98920296407d72a8d903976897313543d3a393034c4e9245ef7101ce
sample,sparse_crlf-1024,368,329601,510499,500,5587cf2a0cf4fdda503bd1322fc2885963c24d4b8ec0a2a5347d0e93f3b5c5df,122aabbf98920296407d72a8d903976897313543d3a393034c4e9245ef7101ce
sample,sparse_crlf-1024,369,333171,510499,500,5587cf2a0cf4fdda503bd1322fc2885963c24d4b8ec0a2a5347d0e93f3b5c5df,122aabbf98920296407d72a8d903976897313543d3a393034c4e9245ef7101ce
sample,sparse_crlf-1024,370,332902,510499,500,5587cf2a0cf4fdda503bd1322fc2885963c24d4b8ec0a2a5347d0e93f3b5c5df,122aabbf98920296407d72a8d903976897313543d3a393034c4e9245ef7101ce
sample,sparse_crlf-1024,371,329531,510499,500,5587cf2a0cf4fdda503bd1322fc2885963c24d4b8ec0a2a5347d0e93f3b5c5df,122aabbf98920296407d72a8d903976897313543d3a393034c4e9245ef7101ce
sample,sparse_crlf-1024,372,336001,510499,500,5587cf2a0cf4fdda503bd1322fc2885963c24d4b8ec0a2a5347d0e93f3b5c5df,122aabbf98920296407d72a8d903976897313543d3a393034c4e9245ef7101ce
sample,sparse_crlf-1024,373,331651,510499,500,5587cf2a0cf4fdda503bd1322fc2885963c24d4b8ec0a2a5347d0e93f3b5c5df,122aabbf98920296407d72a8d903976897313543d3a393034c4e9245ef7101ce
sample,sparse_crlf-1024,374,333852,510499,500,5587cf2a0cf4fdda503bd1322fc2885963c24d4b8ec0a2a5347d0e93f3b5c5df,122aabbf98920296407d72a8d903976897313543d3a393034c4e9245ef7101ce
sample,sparse_crlf-1024,375,334361,510499,500,5587cf2a0cf4fdda503bd1322fc2885963c24d4b8ec0a2a5347d0e93f3b5c5df,122aabbf98920296407d72a8d903976897313543d3a393034c4e9245ef7101ce
sample,sparse_crlf-1024,376,329711,510499,500,5587cf2a0cf4fdda503bd1322fc2885963c24d4b8ec0a2a5347d0e93f3b5c5df,122aabbf98920296407d72a8d903976897313543d3a393034c4e9245ef7101ce
sample,sparse_crlf-1024,377,329991,510499,500,5587cf2a0cf4fdda503bd1322fc2885963c24d4b8ec0a2a5347d0e93f3b5c5df,122aabbf98920296407d72a8d903976897313543d3a393034c4e9245ef7101ce
sample,sparse_crlf-1024,378,334972,510499,500,5587cf2a0cf4fdda503bd1322fc2885963c24d4b8ec0a2a5347d0e93f3b5c5df,122aabbf98920296407d72a8d903976897313543d3a393034c4e9245ef7101ce
sample,sparse_crlf-1024,379,328811,510499,500,5587cf2a0cf4fdda503bd1322fc2885963c24d4b8ec0a2a5347d0e93f3b5c5df,122aabbf98920296407d72a8d903976897313543d3a393034c4e9245ef7101ce
sample,sparse_crlf-1024,380,333281,510499,500,5587cf2a0cf4fdda503bd1322fc2885963c24d4b8ec0a2a5347d0e93f3b5c5df,122aabbf98920296407d72a8d903976897313543d3a393034c4e9245ef7101ce
sample,sparse_crlf-1024,381,333361,510499,500,5587cf2a0cf4fdda503bd1322fc2885963c24d4b8ec0a2a5347d0e93f3b5c5df,122aabbf98920296407d72a8d903976897313543d3a393034c4e9245ef7101ce
sample,sparse_crlf-1024,382,329472,510499,500,5587cf2a0cf4fdda503bd1322fc2885963c24d4b8ec0a2a5347d0e93f3b5c5df,122aabbf98920296407d72a8d903976897313543d3a393034c4e9245ef7101ce
sample,sparse_crlf-1024,383,328661,510499,500,5587cf2a0cf4fdda503bd1322fc2885963c24d4b8ec0a2a5347d0e93f3b5c5df,122aabbf98920296407d72a8d903976897313543d3a393034c4e9245ef7101ce
sample,sparse_crlf-1024,384,338591,510499,500,5587cf2a0cf4fdda503bd1322fc2885963c24d4b8ec0a2a5347d0e93f3b5c5df,122aabbf98920296407d72a8d903976897313543d3a393034c4e9245ef7101ce
sample,sparse_crlf-1024,385,334541,510499,500,5587cf2a0cf4fdda503bd1322fc2885963c24d4b8ec0a2a5347d0e93f3b5c5df,122aabbf98920296407d72a8d903976897313543d3a393034c4e9245ef7101ce
sample,sparse_crlf-1024,386,336262,510499,500,5587cf2a0cf4fdda503bd1322fc2885963c24d4b8ec0a2a5347d0e93f3b5c5df,122aabbf98920296407d72a8d903976897313543d3a393034c4e9245ef7101ce
sample,sparse_crlf-1024,387,328081,510499,500,5587cf2a0cf4fdda503bd1322fc2885963c24d4b8ec0a2a5347d0e93f3b5c5df,122aabbf98920296407d72a8d903976897313543d3a393034c4e9245ef7101ce
sample,sparse_crlf-1024,388,330951,510499,500,5587cf2a0cf4fdda503bd1322fc2885963c24d4b8ec0a2a5347d0e93f3b5c5df,122aabbf98920296407d72a8d903976897313543d3a393034c4e9245ef7101ce
sample,sparse_crlf-1024,389,336921,510499,500,5587cf2a0cf4fdda503bd1322fc2885963c24d4b8ec0a2a5347d0e93f3b5c5df,122aabbf98920296407d72a8d903976897313543d3a393034c4e9245ef7101ce
sample,sparse_crlf-1024,390,329902,510499,500,5587cf2a0cf4fdda503bd1322fc2885963c24d4b8ec0a2a5347d0e93f3b5c5df,122aabbf98920296407d72a8d903976897313543d3a393034c4e9245ef7101ce
sample,sparse_crlf-1024,391,328111,510499,500,5587cf2a0cf4fdda503bd1322fc2885963c24d4b8ec0a2a5347d0e93f3b5c5df,122aabbf98920296407d72a8d903976897313543d3a393034c4e9245ef7101ce
sample,sparse_crlf-1024,392,335431,510499,500,5587cf2a0cf4fdda503bd1322fc2885963c24d4b8ec0a2a5347d0e93f3b5c5df,122aabbf98920296407d72a8d903976897313543d3a393034c4e9245ef7101ce
sample,sparse_crlf-1024,393,328551,510499,500,5587cf2a0cf4fdda503bd1322fc2885963c24d4b8ec0a2a5347d0e93f3b5c5df,122aabbf98920296407d72a8d903976897313543d3a393034c4e9245ef7101ce
sample,sparse_crlf-1024,394,331182,510499,500,5587cf2a0cf4fdda503bd1322fc2885963c24d4b8ec0a2a5347d0e93f3b5c5df,122aabbf98920296407d72a8d903976897313543d3a393034c4e9245ef7101ce
sample,sparse_crlf-1024,395,333541,510499,500,5587cf2a0cf4fdda503bd1322fc2885963c24d4b8ec0a2a5347d0e93f3b5c5df,122aabbf98920296407d72a8d903976897313543d3a393034c4e9245ef7101ce
sample,sparse_crlf-1024,396,330971,510499,500,5587cf2a0cf4fdda503bd1322fc2885963c24d4b8ec0a2a5347d0e93f3b5c5df,122aabbf98920296407d72a8d903976897313543d3a393034c4e9245ef7101ce
sample,sparse_crlf-1024,397,333911,510499,500,5587cf2a0cf4fdda503bd1322fc2885963c24d4b8ec0a2a5347d0e93f3b5c5df,122aabbf98920296407d72a8d903976897313543d3a393034c4e9245ef7101ce
sample,sparse_crlf-1024,398,337061,510499,500,5587cf2a0cf4fdda503bd1322fc2885963c24d4b8ec0a2a5347d0e93f3b5c5df,122aabbf98920296407d72a8d903976897313543d3a393034c4e9245ef7101ce
sample,sparse_crlf-1024,399,328492,510499,500,5587cf2a0cf4fdda503bd1322fc2885963c24d4b8ec0a2a5347d0e93f3b5c5df,122aabbf98920296407d72a8d903976897313543d3a393034c4e9245ef7101ce
sample,sparse_crlf-1024,400,329441,510499,500,5587cf2a0cf4fdda503bd1322fc2885963c24d4b8ec0a2a5347d0e93f3b5c5df,122aabbf98920296407d72a8d903976897313543d3a393034c4e9245ef7101ce
sample,sparse_crlf-1024,401,334371,510499,500,5587cf2a0cf4fdda503bd1322fc2885963c24d4b8ec0a2a5347d0e93f3b5c5df,122aabbf98920296407d72a8d903976897313543d3a393034c4e9245ef7101ce
sample,sparse_crlf-1024,402,329781,510499,500,5587cf2a0cf4fdda503bd1322fc2885963c24d4b8ec0a2a5347d0e93f3b5c5df,122aabbf98920296407d72a8d903976897313543d3a393034c4e9245ef7101ce
sample,sparse_crlf-1024,403,328302,510499,500,5587cf2a0cf4fdda503bd1322fc2885963c24d4b8ec0a2a5347d0e93f3b5c5df,122aabbf98920296407d72a8d903976897313543d3a393034c4e9245ef7101ce
sample,sparse_crlf-1024,404,337811,510499,500,5587cf2a0cf4fdda503bd1322fc2885963c24d4b8ec0a2a5347d0e93f3b5c5df,122aabbf98920296407d72a8d903976897313543d3a393034c4e9245ef7101ce
sample,sparse_crlf-1024,405,328221,510499,500,5587cf2a0cf4fdda503bd1322fc2885963c24d4b8ec0a2a5347d0e93f3b5c5df,122aabbf98920296407d72a8d903976897313543d3a393034c4e9245ef7101ce
sample,sparse_crlf-1024,406,330361,510499,500,5587cf2a0cf4fdda503bd1322fc2885963c24d4b8ec0a2a5347d0e93f3b5c5df,122aabbf98920296407d72a8d903976897313543d3a393034c4e9245ef7101ce
sample,sparse_crlf-1024,407,333812,510499,500,5587cf2a0cf4fdda503bd1322fc2885963c24d4b8ec0a2a5347d0e93f3b5c5df,122aabbf98920296407d72a8d903976897313543d3a393034c4e9245ef7101ce
sample,sparse_crlf-1024,408,330861,510499,500,5587cf2a0cf4fdda503bd1322fc2885963c24d4b8ec0a2a5347d0e93f3b5c5df,122aabbf98920296407d72a8d903976897313543d3a393034c4e9245ef7101ce
sample,sparse_crlf-1024,409,332521,510499,500,5587cf2a0cf4fdda503bd1322fc2885963c24d4b8ec0a2a5347d0e93f3b5c5df,122aabbf98920296407d72a8d903976897313543d3a393034c4e9245ef7101ce
sample,sparse_crlf-1024,410,357741,510499,500,5587cf2a0cf4fdda503bd1322fc2885963c24d4b8ec0a2a5347d0e93f3b5c5df,122aabbf98920296407d72a8d903976897313543d3a393034c4e9245ef7101ce
sample,sparse_crlf-1024,411,329512,510499,500,5587cf2a0cf4fdda503bd1322fc2885963c24d4b8ec0a2a5347d0e93f3b5c5df,122aabbf98920296407d72a8d903976897313543d3a393034c4e9245ef7101ce
sample,sparse_crlf-1024,412,331111,510499,500,5587cf2a0cf4fdda503bd1322fc2885963c24d4b8ec0a2a5347d0e93f3b5c5df,122aabbf98920296407d72a8d903976897313543d3a393034c4e9245ef7101ce
sample,sparse_crlf-1024,413,335581,510499,500,5587cf2a0cf4fdda503bd1322fc2885963c24d4b8ec0a2a5347d0e93f3b5c5df,122aabbf98920296407d72a8d903976897313543d3a393034c4e9245ef7101ce
sample,sparse_crlf-1024,414,329831,510499,500,5587cf2a0cf4fdda503bd1322fc2885963c24d4b8ec0a2a5347d0e93f3b5c5df,122aabbf98920296407d72a8d903976897313543d3a393034c4e9245ef7101ce
sample,sparse_crlf-1024,415,332232,510499,500,5587cf2a0cf4fdda503bd1322fc2885963c24d4b8ec0a2a5347d0e93f3b5c5df,122aabbf98920296407d72a8d903976897313543d3a393034c4e9245ef7101ce
sample,sparse_crlf-1024,416,337971,510499,500,5587cf2a0cf4fdda503bd1322fc2885963c24d4b8ec0a2a5347d0e93f3b5c5df,122aabbf98920296407d72a8d903976897313543d3a393034c4e9245ef7101ce
sample,sparse_crlf-1024,417,328431,510499,500,5587cf2a0cf4fdda503bd1322fc2885963c24d4b8ec0a2a5347d0e93f3b5c5df,122aabbf98920296407d72a8d903976897313543d3a393034c4e9245ef7101ce
sample,sparse_crlf-1024,418,333871,510499,500,5587cf2a0cf4fdda503bd1322fc2885963c24d4b8ec0a2a5347d0e93f3b5c5df,122aabbf98920296407d72a8d903976897313543d3a393034c4e9245ef7101ce
sample,sparse_crlf-1024,419,334612,510499,500,5587cf2a0cf4fdda503bd1322fc2885963c24d4b8ec0a2a5347d0e93f3b5c5df,122aabbf98920296407d72a8d903976897313543d3a393034c4e9245ef7101ce
sample,sparse_crlf-1024,420,331011,510499,500,5587cf2a0cf4fdda503bd1322fc2885963c24d4b8ec0a2a5347d0e93f3b5c5df,122aabbf98920296407d72a8d903976897313543d3a393034c4e9245ef7101ce
sample,sparse_crlf-1024,421,331641,510499,500,5587cf2a0cf4fdda503bd1322fc2885963c24d4b8ec0a2a5347d0e93f3b5c5df,122aabbf98920296407d72a8d903976897313543d3a393034c4e9245ef7101ce
sample,sparse_crlf-1024,422,383902,510499,500,5587cf2a0cf4fdda503bd1322fc2885963c24d4b8ec0a2a5347d0e93f3b5c5df,122aabbf98920296407d72a8d903976897313543d3a393034c4e9245ef7101ce
sample,sparse_crlf-1024,423,330021,510499,500,5587cf2a0cf4fdda503bd1322fc2885963c24d4b8ec0a2a5347d0e93f3b5c5df,122aabbf98920296407d72a8d903976897313543d3a393034c4e9245ef7101ce
sample,sparse_crlf-1024,424,330241,510499,500,5587cf2a0cf4fdda503bd1322fc2885963c24d4b8ec0a2a5347d0e93f3b5c5df,122aabbf98920296407d72a8d903976897313543d3a393034c4e9245ef7101ce
sample,sparse_crlf-1024,425,337201,510499,500,5587cf2a0cf4fdda503bd1322fc2885963c24d4b8ec0a2a5347d0e93f3b5c5df,122aabbf98920296407d72a8d903976897313543d3a393034c4e9245ef7101ce
sample,sparse_crlf-1024,426,330432,510499,500,5587cf2a0cf4fdda503bd1322fc2885963c24d4b8ec0a2a5347d0e93f3b5c5df,122aabbf98920296407d72a8d903976897313543d3a393034c4e9245ef7101ce
sample,sparse_crlf-1024,427,332541,510499,500,5587cf2a0cf4fdda503bd1322fc2885963c24d4b8ec0a2a5347d0e93f3b5c5df,122aabbf98920296407d72a8d903976897313543d3a393034c4e9245ef7101ce
sample,sparse_crlf-1024,428,336221,510499,500,5587cf2a0cf4fdda503bd1322fc2885963c24d4b8ec0a2a5347d0e93f3b5c5df,122aabbf98920296407d72a8d903976897313543d3a393034c4e9245ef7101ce
sample,sparse_crlf-1024,429,328161,510499,500,5587cf2a0cf4fdda503bd1322fc2885963c24d4b8ec0a2a5347d0e93f3b5c5df,122aabbf98920296407d72a8d903976897313543d3a393034c4e9245ef7101ce
sample,sparse_crlf-1024,430,329942,510499,500,5587cf2a0cf4fdda503bd1322fc2885963c24d4b8ec0a2a5347d0e93f3b5c5df,122aabbf98920296407d72a8d903976897313543d3a393034c4e9245ef7101ce
sample,sparse_crlf-1024,431,337041,510499,500,5587cf2a0cf4fdda503bd1322fc2885963c24d4b8ec0a2a5347d0e93f3b5c5df,122aabbf98920296407d72a8d903976897313543d3a393034c4e9245ef7101ce
sample,sparse_crlf-1024,432,332781,510499,500,5587cf2a0cf4fdda503bd1322fc2885963c24d4b8ec0a2a5347d0e93f3b5c5df,122aabbf98920296407d72a8d903976897313543d3a393034c4e9245ef7101ce
sample,sparse_crlf-1024,433,328761,510499,500,5587cf2a0cf4fdda503bd1322fc2885963c24d4b8ec0a2a5347d0e93f3b5c5df,122aabbf98920296407d72a8d903976897313543d3a393034c4e9245ef7101ce
sample,sparse_crlf-1024,434,429452,510499,500,5587cf2a0cf4fdda503bd1322fc2885963c24d4b8ec0a2a5347d0e93f3b5c5df,122aabbf98920296407d72a8d903976897313543d3a393034c4e9245ef7101ce
sample,sparse_crlf-1024,435,328651,510499,500,5587cf2a0cf4fdda503bd1322fc2885963c24d4b8ec0a2a5347d0e93f3b5c5df,122aabbf98920296407d72a8d903976897313543d3a393034c4e9245ef7101ce
sample,sparse_crlf-1024,436,331261,510499,500,5587cf2a0cf4fdda503bd1322fc2885963c24d4b8ec0a2a5347d0e93f3b5c5df,122aabbf98920296407d72a8d903976897313543d3a393034c4e9245ef7101ce
sample,sparse_crlf-1024,437,333632,510499,500,5587cf2a0cf4fdda503bd1322fc2885963c24d4b8ec0a2a5347d0e93f3b5c5df,122aabbf98920296407d72a8d903976897313543d3a393034c4e9245ef7101ce
sample,sparse_crlf-1024,438,332801,510499,500,5587cf2a0cf4fdda503bd1322fc2885963c24d4b8ec0a2a5347d0e93f3b5c5df,122aabbf98920296407d72a8d903976897313543d3a393034c4e9245ef7101ce
sample,sparse_crlf-1024,439,329291,510499,500,5587cf2a0cf4fdda503bd1322fc2885963c24d4b8ec0a2a5347d0e93f3b5c5df,122aabbf98920296407d72a8d903976897313543d3a393034c4e9245ef7101ce
sample,sparse_crlf-1024,440,336121,510499,500,5587cf2a0cf4fdda503bd1322fc2885963c24d4b8ec0a2a5347d0e93f3b5c5df,122aabbf98920296407d72a8d903976897313543d3a393034c4e9245ef7101ce
sample,sparse_crlf-1024,441,329122,510499,500,5587cf2a0cf4fdda503bd1322fc2885963c24d4b8ec0a2a5347d0e93f3b5c5df,122aabbf98920296407d72a8d903976897313543d3a393034c4e9245ef7101ce
sample,sparse_crlf-1024,442,329691,510499,500,5587cf2a0cf4fdda503bd1322fc2885963c24d4b8ec0a2a5347d0e93f3b5c5df,122aabbf98920296407d72a8d903976897313543d3a393034c4e9245ef7101ce
sample,sparse_crlf-1024,443,346831,510499,500,5587cf2a0cf4fdda503bd1322fc2885963c24d4b8ec0a2a5347d0e93f3b5c5df,122aabbf98920296407d72a8d903976897313543d3a393034c4e9245ef7101ce
sample,sparse_crlf-1024,444,422272,510499,500,5587cf2a0cf4fdda503bd1322fc2885963c24d4b8ec0a2a5347d0e93f3b5c5df,122aabbf98920296407d72a8d903976897313543d3a393034c4e9245ef7101ce
sample,sparse_crlf-1024,445,336591,510499,500,5587cf2a0cf4fdda503bd1322fc2885963c24d4b8ec0a2a5347d0e93f3b5c5df,122aabbf98920296407d72a8d903976897313543d3a393034c4e9245ef7101ce
sample,sparse_crlf-1024,446,334461,510499,500,5587cf2a0cf4fdda503bd1322fc2885963c24d4b8ec0a2a5347d0e93f3b5c5df,122aabbf98920296407d72a8d903976897313543d3a393034c4e9245ef7101ce
sample,sparse_crlf-1024,447,332191,510499,500,5587cf2a0cf4fdda503bd1322fc2885963c24d4b8ec0a2a5347d0e93f3b5c5df,122aabbf98920296407d72a8d903976897313543d3a393034c4e9245ef7101ce
sample,sparse_crlf-1024,448,337792,510499,500,5587cf2a0cf4fdda503bd1322fc2885963c24d4b8ec0a2a5347d0e93f3b5c5df,122aabbf98920296407d72a8d903976897313543d3a393034c4e9245ef7101ce
sample,sparse_crlf-1024,449,330911,510499,500,5587cf2a0cf4fdda503bd1322fc2885963c24d4b8ec0a2a5347d0e93f3b5c5df,122aabbf98920296407d72a8d903976897313543d3a393034c4e9245ef7101ce
sample,sparse_crlf-1024,450,330391,510499,500,5587cf2a0cf4fdda503bd1322fc2885963c24d4b8ec0a2a5347d0e93f3b5c5df,122aabbf98920296407d72a8d903976897313543d3a393034c4e9245ef7101ce
sample,sparse_crlf-1024,451,336871,510499,500,5587cf2a0cf4fdda503bd1322fc2885963c24d4b8ec0a2a5347d0e93f3b5c5df,122aabbf98920296407d72a8d903976897313543d3a393034c4e9245ef7101ce
sample,sparse_crlf-1024,452,330112,510499,500,5587cf2a0cf4fdda503bd1322fc2885963c24d4b8ec0a2a5347d0e93f3b5c5df,122aabbf98920296407d72a8d903976897313543d3a393034c4e9245ef7101ce
sample,sparse_crlf-1024,453,328101,510499,500,5587cf2a0cf4fdda503bd1322fc2885963c24d4b8ec0a2a5347d0e93f3b5c5df,122aabbf98920296407d72a8d903976897313543d3a393034c4e9245ef7101ce
sample,sparse_crlf-1024,454,335751,510499,500,5587cf2a0cf4fdda503bd1322fc2885963c24d4b8ec0a2a5347d0e93f3b5c5df,122aabbf98920296407d72a8d903976897313543d3a393034c4e9245ef7101ce
sample,sparse_crlf-1024,455,328011,510499,500,5587cf2a0cf4fdda503bd1322fc2885963c24d4b8ec0a2a5347d0e93f3b5c5df,122aabbf98920296407d72a8d903976897313543d3a393034c4e9245ef7101ce
sample,sparse_crlf-1024,456,332162,510499,500,5587cf2a0cf4fdda503bd1322fc2885963c24d4b8ec0a2a5347d0e93f3b5c5df,122aabbf98920296407d72a8d903976897313543d3a393034c4e9245ef7101ce
sample,sparse_crlf-1024,457,336511,510499,500,5587cf2a0cf4fdda503bd1322fc2885963c24d4b8ec0a2a5347d0e93f3b5c5df,122aabbf98920296407d72a8d903976897313543d3a393034c4e9245ef7101ce
sample,sparse_crlf-1024,458,333251,510499,500,5587cf2a0cf4fdda503bd1322fc2885963c24d4b8ec0a2a5347d0e93f3b5c5df,122aabbf98920296407d72a8d903976897313543d3a393034c4e9245ef7101ce
sample,sparse_crlf-1024,459,328281,510499,500,5587cf2a0cf4fdda503bd1322fc2885963c24d4b8ec0a2a5347d0e93f3b5c5df,122aabbf98920296407d72a8d903976897313543d3a393034c4e9245ef7101ce
sample,sparse_crlf-1024,460,336842,510499,500,5587cf2a0cf4fdda503bd1322fc2885963c24d4b8ec0a2a5347d0e93f3b5c5df,122aabbf98920296407d72a8d903976897313543d3a393034c4e9245ef7101ce
sample,sparse_crlf-1024,461,328831,510499,500,5587cf2a0cf4fdda503bd1322fc2885963c24d4b8ec0a2a5347d0e93f3b5c5df,122aabbf98920296407d72a8d903976897313543d3a393034c4e9245ef7101ce
sample,sparse_crlf-1024,462,330191,510499,500,5587cf2a0cf4fdda503bd1322fc2885963c24d4b8ec0a2a5347d0e93f3b5c5df,122aabbf98920296407d72a8d903976897313543d3a393034c4e9245ef7101ce
sample,sparse_crlf-1024,463,333351,510499,500,5587cf2a0cf4fdda503bd1322fc2885963c24d4b8ec0a2a5347d0e93f3b5c5df,122aabbf98920296407d72a8d903976897313543d3a393034c4e9245ef7101ce
sample,sparse_crlf-1024,464,329381,510499,500,5587cf2a0cf4fdda503bd1322fc2885963c24d4b8ec0a2a5347d0e93f3b5c5df,122aabbf98920296407d72a8d903976897313543d3a393034c4e9245ef7101ce
sample,sparse_crlf-1024,465,328451,510499,500,5587cf2a0cf4fdda503bd1322fc2885963c24d4b8ec0a2a5347d0e93f3b5c5df,122aabbf98920296407d72a8d903976897313543d3a393034c4e9245ef7101ce
sample,sparse_crlf-1024,466,337901,510499,500,5587cf2a0cf4fdda503bd1322fc2885963c24d4b8ec0a2a5347d0e93f3b5c5df,122aabbf98920296407d72a8d903976897313543d3a393034c4e9245ef7101ce
sample,sparse_crlf-1024,467,327941,510499,500,5587cf2a0cf4fdda503bd1322fc2885963c24d4b8ec0a2a5347d0e93f3b5c5df,122aabbf98920296407d72a8d903976897313543d3a393034c4e9245ef7101ce
sample,sparse_crlf-1024,468,332671,510499,500,5587cf2a0cf4fdda503bd1322fc2885963c24d4b8ec0a2a5347d0e93f3b5c5df,122aabbf98920296407d72a8d903976897313543d3a393034c4e9245ef7101ce
sample,sparse_crlf-1024,469,334762,510499,500,5587cf2a0cf4fdda503bd1322fc2885963c24d4b8ec0a2a5347d0e93f3b5c5df,122aabbf98920296407d72a8d903976897313543d3a393034c4e9245ef7101ce
sample,sparse_crlf-1024,470,330551,510499,500,5587cf2a0cf4fdda503bd1322fc2885963c24d4b8ec0a2a5347d0e93f3b5c5df,122aabbf98920296407d72a8d903976897313543d3a393034c4e9245ef7101ce
sample,sparse_crlf-1024,471,328381,510499,500,5587cf2a0cf4fdda503bd1322fc2885963c24d4b8ec0a2a5347d0e93f3b5c5df,122aabbf98920296407d72a8d903976897313543d3a393034c4e9245ef7101ce
sample,sparse_crlf-1024,472,338431,510499,500,5587cf2a0cf4fdda503bd1322fc2885963c24d4b8ec0a2a5347d0e93f3b5c5df,122aabbf98920296407d72a8d903976897313543d3a393034c4e9245ef7101ce
sample,sparse_crlf-1024,473,328942,510499,500,5587cf2a0cf4fdda503bd1322fc2885963c24d4b8ec0a2a5347d0e93f3b5c5df,122aabbf98920296407d72a8d903976897313543d3a393034c4e9245ef7101ce
sample,sparse_crlf-1024,474,329521,510499,500,5587cf2a0cf4fdda503bd1322fc2885963c24d4b8ec0a2a5347d0e93f3b5c5df,122aabbf98920296407d72a8d903976897313543d3a393034c4e9245ef7101ce
sample,sparse_crlf-1024,475,379721,510499,500,5587cf2a0cf4fdda503bd1322fc2885963c24d4b8ec0a2a5347d0e93f3b5c5df,122aabbf98920296407d72a8d903976897313543d3a393034c4e9245ef7101ce
sample,sparse_crlf-1024,476,329872,510499,500,5587cf2a0cf4fdda503bd1322fc2885963c24d4b8ec0a2a5347d0e93f3b5c5df,122aabbf98920296407d72a8d903976897313543d3a393034c4e9245ef7101ce
sample,sparse_crlf-1024,477,328661,510499,500,5587cf2a0cf4fdda503bd1322fc2885963c24d4b8ec0a2a5347d0e93f3b5c5df,122aabbf98920296407d72a8d903976897313543d3a393034c4e9245ef7101ce
sample,sparse_crlf-1024,478,338291,510499,500,5587cf2a0cf4fdda503bd1322fc2885963c24d4b8ec0a2a5347d0e93f3b5c5df,122aabbf98920296407d72a8d903976897313543d3a393034c4e9245ef7101ce
sample,sparse_crlf-1024,479,328561,510499,500,5587cf2a0cf4fdda503bd1322fc2885963c24d4b8ec0a2a5347d0e93f3b5c5df,122aabbf98920296407d72a8d903976897313543d3a393034c4e9245ef7101ce
sample,sparse_crlf-1024,480,332371,510499,500,5587cf2a0cf4fdda503bd1322fc2885963c24d4b8ec0a2a5347d0e93f3b5c5df,122aabbf98920296407d72a8d903976897313543d3a393034c4e9245ef7101ce
sample,sparse_crlf-1024,481,336581,510499,500,5587cf2a0cf4fdda503bd1322fc2885963c24d4b8ec0a2a5347d0e93f3b5c5df,122aabbf98920296407d72a8d903976897313543d3a393034c4e9245ef7101ce
sample,sparse_crlf-1024,482,329531,510499,500,5587cf2a0cf4fdda503bd1322fc2885963c24d4b8ec0a2a5347d0e93f3b5c5df,122aabbf98920296407d72a8d903976897313543d3a393034c4e9245ef7101ce
sample,sparse_crlf-1024,483,329021,510499,500,5587cf2a0cf4fdda503bd1322fc2885963c24d4b8ec0a2a5347d0e93f3b5c5df,122aabbf98920296407d72a8d903976897313543d3a393034c4e9245ef7101ce
sample,sparse_crlf-1024,484,419982,510499,500,5587cf2a0cf4fdda503bd1322fc2885963c24d4b8ec0a2a5347d0e93f3b5c5df,122aabbf98920296407d72a8d903976897313543d3a393034c4e9245ef7101ce
sample,sparse_crlf-1024,485,327921,510499,500,5587cf2a0cf4fdda503bd1322fc2885963c24d4b8ec0a2a5347d0e93f3b5c5df,122aabbf98920296407d72a8d903976897313543d3a393034c4e9245ef7101ce
sample,sparse_crlf-1024,486,332721,510499,500,5587cf2a0cf4fdda503bd1322fc2885963c24d4b8ec0a2a5347d0e93f3b5c5df,122aabbf98920296407d72a8d903976897313543d3a393034c4e9245ef7101ce
sample,sparse_crlf-1024,487,334712,510499,500,5587cf2a0cf4fdda503bd1322fc2885963c24d4b8ec0a2a5347d0e93f3b5c5df,122aabbf98920296407d72a8d903976897313543d3a393034c4e9245ef7101ce
sample,sparse_crlf-1024,488,333371,510499,500,5587cf2a0cf4fdda503bd1322fc2885963c24d4b8ec0a2a5347d0e93f3b5c5df,122aabbf98920296407d72a8d903976897313543d3a393034c4e9245ef7101ce
sample,sparse_crlf-1024,489,328021,510499,500,5587cf2a0cf4fdda503bd1322fc2885963c24d4b8ec0a2a5347d0e93f3b5c5df,122aabbf98920296407d72a8d903976897313543d3a393034c4e9245ef7101ce
sample,sparse_crlf-1024,490,334771,510499,500,5587cf2a0cf4fdda503bd1322fc2885963c24d4b8ec0a2a5347d0e93f3b5c5df,122aabbf98920296407d72a8d903976897313543d3a393034c4e9245ef7101ce
sample,sparse_crlf-1024,491,331441,510499,500,5587cf2a0cf4fdda503bd1322fc2885963c24d4b8ec0a2a5347d0e93f3b5c5df,122aabbf98920296407d72a8d903976897313543d3a393034c4e9245ef7101ce
sample,sparse_crlf-1024,492,329552,510499,500,5587cf2a0cf4fdda503bd1322fc2885963c24d4b8ec0a2a5347d0e93f3b5c5df,122aabbf98920296407d72a8d903976897313543d3a393034c4e9245ef7101ce
sample,sparse_crlf-1024,493,336231,510499,500,5587cf2a0cf4fdda503bd1322fc2885963c24d4b8ec0a2a5347d0e93f3b5c5df,122aabbf98920296407d72a8d903976897313543d3a393034c4e9245ef7101ce
sample,sparse_crlf-1024,494,332911,510499,500,5587cf2a0cf4fdda503bd1322fc2885963c24d4b8ec0a2a5347d0e93f3b5c5df,122aabbf98920296407d72a8d903976897313543d3a393034c4e9245ef7101ce
sample,sparse_crlf-1024,495,328541,510499,500,5587cf2a0cf4fdda503bd1322fc2885963c24d4b8ec0a2a5347d0e93f3b5c5df,122aabbf98920296407d72a8d903976897313543d3a393034c4e9245ef7101ce
sample,sparse_crlf-1024,496,335272,510499,500,5587cf2a0cf4fdda503bd1322fc2885963c24d4b8ec0a2a5347d0e93f3b5c5df,122aabbf98920296407d72a8d903976897313543d3a393034c4e9245ef7101ce
sample,sparse_crlf-1024,497,328831,510499,500,5587cf2a0cf4fdda503bd1322fc2885963c24d4b8ec0a2a5347d0e93f3b5c5df,122aabbf98920296407d72a8d903976897313543d3a393034c4e9245ef7101ce
sample,sparse_crlf-1024,498,332491,510499,500,5587cf2a0cf4fdda503bd1322fc2885963c24d4b8ec0a2a5347d0e93f3b5c5df,122aabbf98920296407d72a8d903976897313543d3a393034c4e9245ef7101ce
sample,sparse_crlf-1024,499,333911,510499,500,5587cf2a0cf4fdda503bd1322fc2885963c24d4b8ec0a2a5347d0e93f3b5c5df,122aabbf98920296407d72a8d903976897313543d3a393034c4e9245ef7101ce
sample,dense_crlf-65536,0,1656866,262151,8,dc2d5f78bd77dcc14e006280e3c6fc78716aa1906045a9fbab3669baba4e1d85,24290201937affbe43876f1d564dfe61d03a696020830ae6162283c7e05e96db
sample,dense_crlf-65536,1,1662896,262151,8,dc2d5f78bd77dcc14e006280e3c6fc78716aa1906045a9fbab3669baba4e1d85,24290201937affbe43876f1d564dfe61d03a696020830ae6162283c7e05e96db
sample,dense_crlf-65536,2,1646676,262151,8,dc2d5f78bd77dcc14e006280e3c6fc78716aa1906045a9fbab3669baba4e1d85,24290201937affbe43876f1d564dfe61d03a696020830ae6162283c7e05e96db
sample,dense_crlf-65536,3,1670566,262151,8,dc2d5f78bd77dcc14e006280e3c6fc78716aa1906045a9fbab3669baba4e1d85,24290201937affbe43876f1d564dfe61d03a696020830ae6162283c7e05e96db
sample,dense_crlf-65536,4,1685496,262151,8,dc2d5f78bd77dcc14e006280e3c6fc78716aa1906045a9fbab3669baba4e1d85,24290201937affbe43876f1d564dfe61d03a696020830ae6162283c7e05e96db
sample,dense_crlf-65536,5,1666106,262151,8,dc2d5f78bd77dcc14e006280e3c6fc78716aa1906045a9fbab3669baba4e1d85,24290201937affbe43876f1d564dfe61d03a696020830ae6162283c7e05e96db
sample,dense_crlf-65536,6,1650286,262151,8,dc2d5f78bd77dcc14e006280e3c6fc78716aa1906045a9fbab3669baba4e1d85,24290201937affbe43876f1d564dfe61d03a696020830ae6162283c7e05e96db
sample,dense_crlf-65536,7,1679246,262151,8,dc2d5f78bd77dcc14e006280e3c6fc78716aa1906045a9fbab3669baba4e1d85,24290201937affbe43876f1d564dfe61d03a696020830ae6162283c7e05e96db
sample,dense_crlf-65536,8,1666966,262151,8,dc2d5f78bd77dcc14e006280e3c6fc78716aa1906045a9fbab3669baba4e1d85,24290201937affbe43876f1d564dfe61d03a696020830ae6162283c7e05e96db
sample,dense_crlf-65536,9,1663207,262151,8,dc2d5f78bd77dcc14e006280e3c6fc78716aa1906045a9fbab3669baba4e1d85,24290201937affbe43876f1d564dfe61d03a696020830ae6162283c7e05e96db
sample,dense_crlf-65536,10,1682046,262151,8,dc2d5f78bd77dcc14e006280e3c6fc78716aa1906045a9fbab3669baba4e1d85,24290201937affbe43876f1d564dfe61d03a696020830ae6162283c7e05e96db
sample,dense_crlf-65536,11,1653586,262151,8,dc2d5f78bd77dcc14e006280e3c6fc78716aa1906045a9fbab3669baba4e1d85,24290201937affbe43876f1d564dfe61d03a696020830ae6162283c7e05e96db
sample,dense_crlf-65536,12,1680426,262151,8,dc2d5f78bd77dcc14e006280e3c6fc78716aa1906045a9fbab3669baba4e1d85,24290201937affbe43876f1d564dfe61d03a696020830ae6162283c7e05e96db
sample,dense_crlf-65536,13,1681357,262151,8,dc2d5f78bd77dcc14e006280e3c6fc78716aa1906045a9fbab3669baba4e1d85,24290201937affbe43876f1d564dfe61d03a696020830ae6162283c7e05e96db
sample,dense_crlf-65536,14,1660816,262151,8,dc2d5f78bd77dcc14e006280e3c6fc78716aa1906045a9fbab3669baba4e1d85,24290201937affbe43876f1d564dfe61d03a696020830ae6162283c7e05e96db
sample,dense_crlf-65536,15,1669066,262151,8,dc2d5f78bd77dcc14e006280e3c6fc78716aa1906045a9fbab3669baba4e1d85,24290201937affbe43876f1d564dfe61d03a696020830ae6162283c7e05e96db
sample,dense_crlf-65536,16,1655716,262151,8,dc2d5f78bd77dcc14e006280e3c6fc78716aa1906045a9fbab3669baba4e1d85,24290201937affbe43876f1d564dfe61d03a696020830ae6162283c7e05e96db
sample,dense_crlf-65536,17,1677846,262151,8,dc2d5f78bd77dcc14e006280e3c6fc78716aa1906045a9fbab3669baba4e1d85,24290201937affbe43876f1d564dfe61d03a696020830ae6162283c7e05e96db
sample,dense_crlf-65536,18,1682187,262151,8,dc2d5f78bd77dcc14e006280e3c6fc78716aa1906045a9fbab3669baba4e1d85,24290201937affbe43876f1d564dfe61d03a696020830ae6162283c7e05e96db
sample,dense_crlf-65536,19,1678106,262151,8,dc2d5f78bd77dcc14e006280e3c6fc78716aa1906045a9fbab3669baba4e1d85,24290201937affbe43876f1d564dfe61d03a696020830ae6162283c7e05e96db
sample,dense_crlf-65536,20,1666466,262151,8,dc2d5f78bd77dcc14e006280e3c6fc78716aa1906045a9fbab3669baba4e1d85,24290201937affbe43876f1d564dfe61d03a696020830ae6162283c7e05e96db
sample,dense_crlf-65536,21,1676866,262151,8,dc2d5f78bd77dcc14e006280e3c6fc78716aa1906045a9fbab3669baba4e1d85,24290201937affbe43876f1d564dfe61d03a696020830ae6162283c7e05e96db
sample,dense_crlf-65536,22,1666936,262151,8,dc2d5f78bd77dcc14e006280e3c6fc78716aa1906045a9fbab3669baba4e1d85,24290201937affbe43876f1d564dfe61d03a696020830ae6162283c7e05e96db
sample,dense_crlf-65536,23,1669517,262151,8,dc2d5f78bd77dcc14e006280e3c6fc78716aa1906045a9fbab3669baba4e1d85,24290201937affbe43876f1d564dfe61d03a696020830ae6162283c7e05e96db
sample,dense_crlf-65536,24,1655576,262151,8,dc2d5f78bd77dcc14e006280e3c6fc78716aa1906045a9fbab3669baba4e1d85,24290201937affbe43876f1d564dfe61d03a696020830ae6162283c7e05e96db
sample,dense_crlf-65536,25,1681896,262151,8,dc2d5f78bd77dcc14e006280e3c6fc78716aa1906045a9fbab3669baba4e1d85,24290201937affbe43876f1d564dfe61d03a696020830ae6162283c7e05e96db
sample,dense_crlf-65536,26,1676706,262151,8,dc2d5f78bd77dcc14e006280e3c6fc78716aa1906045a9fbab3669baba4e1d85,24290201937affbe43876f1d564dfe61d03a696020830ae6162283c7e05e96db
sample,dense_crlf-65536,27,1661136,262151,8,dc2d5f78bd77dcc14e006280e3c6fc78716aa1906045a9fbab3669baba4e1d85,24290201937affbe43876f1d564dfe61d03a696020830ae6162283c7e05e96db
sample,dense_crlf-65536,28,1655697,262151,8,dc2d5f78bd77dcc14e006280e3c6fc78716aa1906045a9fbab3669baba4e1d85,24290201937affbe43876f1d564dfe61d03a696020830ae6162283c7e05e96db
sample,dense_crlf-65536,29,1678956,262151,8,dc2d5f78bd77dcc14e006280e3c6fc78716aa1906045a9fbab3669baba4e1d85,24290201937affbe43876f1d564dfe61d03a696020830ae6162283c7e05e96db
sample,dense_crlf-65536,30,1703436,262151,8,dc2d5f78bd77dcc14e006280e3c6fc78716aa1906045a9fbab3669baba4e1d85,24290201937affbe43876f1d564dfe61d03a696020830ae6162283c7e05e96db
sample,dense_crlf-65536,31,1684646,262151,8,dc2d5f78bd77dcc14e006280e3c6fc78716aa1906045a9fbab3669baba4e1d85,24290201937affbe43876f1d564dfe61d03a696020830ae6162283c7e05e96db
sample,dense_crlf-65536,32,1686817,262151,8,dc2d5f78bd77dcc14e006280e3c6fc78716aa1906045a9fbab3669baba4e1d85,24290201937affbe43876f1d564dfe61d03a696020830ae6162283c7e05e96db
sample,dense_crlf-65536,33,1669256,262151,8,dc2d5f78bd77dcc14e006280e3c6fc78716aa1906045a9fbab3669baba4e1d85,24290201937affbe43876f1d564dfe61d03a696020830ae6162283c7e05e96db
sample,dense_crlf-65536,34,1662236,262151,8,dc2d5f78bd77dcc14e006280e3c6fc78716aa1906045a9fbab3669baba4e1d85,24290201937affbe43876f1d564dfe61d03a696020830ae6162283c7e05e96db
sample,dense_crlf-65536,35,1655066,262151,8,dc2d5f78bd77dcc14e006280e3c6fc78716aa1906045a9fbab3669baba4e1d85,24290201937affbe43876f1d564dfe61d03a696020830ae6162283c7e05e96db
sample,dense_crlf-65536,36,1655496,262151,8,dc2d5f78bd77dcc14e006280e3c6fc78716aa1906045a9fbab3669baba4e1d85,24290201937affbe43876f1d564dfe61d03a696020830ae6162283c7e05e96db
sample,dense_crlf-65536,37,1658566,262151,8,dc2d5f78bd77dcc14e006280e3c6fc78716aa1906045a9fbab3669baba4e1d85,24290201937affbe43876f1d564dfe61d03a696020830ae6162283c7e05e96db
sample,dense_crlf-65536,38,1679596,262151,8,dc2d5f78bd77dcc14e006280e3c6fc78716aa1906045a9fbab3669baba4e1d85,24290201937affbe43876f1d564dfe61d03a696020830ae6162283c7e05e96db
sample,dense_crlf-65536,39,1668926,262151,8,dc2d5f78bd77dcc14e006280e3c6fc78716aa1906045a9fbab3669baba4e1d85,24290201937affbe43876f1d564dfe61d03a696020830ae6162283c7e05e96db
sample,dense_crlf-65536,40,1677376,262151,8,dc2d5f78bd77dcc14e006280e3c6fc78716aa1906045a9fbab3669baba4e1d85,24290201937affbe43876f1d564dfe61d03a696020830ae6162283c7e05e96db
sample,dense_crlf-65536,41,1668136,262151,8,dc2d5f78bd77dcc14e006280e3c6fc78716aa1906045a9fbab3669baba4e1d85,24290201937affbe43876f1d564dfe61d03a696020830ae6162283c7e05e96db
sample,dense_crlf-65536,42,1649897,262151,8,dc2d5f78bd77dcc14e006280e3c6fc78716aa1906045a9fbab3669baba4e1d85,24290201937affbe43876f1d564dfe61d03a696020830ae6162283c7e05e96db
sample,dense_crlf-65536,43,1687356,262151,8,dc2d5f78bd77dcc14e006280e3c6fc78716aa1906045a9fbab3669baba4e1d85,24290201937affbe43876f1d564dfe61d03a696020830ae6162283c7e05e96db
sample,dense_crlf-65536,44,1673546,262151,8,dc2d5f78bd77dcc14e006280e3c6fc78716aa1906045a9fbab3669baba4e1d85,24290201937affbe43876f1d564dfe61d03a696020830ae6162283c7e05e96db
sample,dense_crlf-65536,45,1661486,262151,8,dc2d5f78bd77dcc14e006280e3c6fc78716aa1906045a9fbab3669baba4e1d85,24290201937affbe43876f1d564dfe61d03a696020830ae6162283c7e05e96db
sample,dense_crlf-65536,46,1661306,262151,8,dc2d5f78bd77dcc14e006280e3c6fc78716aa1906045a9fbab3669baba4e1d85,24290201937affbe43876f1d564dfe61d03a696020830ae6162283c7e05e96db
sample,dense_crlf-65536,47,1682347,262151,8,dc2d5f78bd77dcc14e006280e3c6fc78716aa1906045a9fbab3669baba4e1d85,24290201937affbe43876f1d564dfe61d03a696020830ae6162283c7e05e96db
sample,dense_crlf-65536,48,1658826,262151,8,dc2d5f78bd77dcc14e006280e3c6fc78716aa1906045a9fbab3669baba4e1d85,24290201937affbe43876f1d564dfe61d03a696020830ae6162283c7e05e96db
sample,dense_crlf-65536,49,1665036,262151,8,dc2d5f78bd77dcc14e006280e3c6fc78716aa1906045a9fbab3669baba4e1d85,24290201937affbe43876f1d564dfe61d03a696020830ae6162283c7e05e96db
sample,dense_crlf-65536,50,1683416,262151,8,dc2d5f78bd77dcc14e006280e3c6fc78716aa1906045a9fbab3669baba4e1d85,24290201937affbe43876f1d564dfe61d03a696020830ae6162283c7e05e96db
sample,dense_crlf-65536,51,1661846,262151,8,dc2d5f78bd77dcc14e006280e3c6fc78716aa1906045a9fbab3669baba4e1d85,24290201937affbe43876f1d564dfe61d03a696020830ae6162283c7e05e96db
sample,dense_crlf-65536,52,1671437,262151,8,dc2d5f78bd77dcc14e006280e3c6fc78716aa1906045a9fbab3669baba4e1d85,24290201937affbe43876f1d564dfe61d03a696020830ae6162283c7e05e96db
sample,dense_crlf-65536,53,1684686,262151,8,dc2d5f78bd77dcc14e006280e3c6fc78716aa1906045a9fbab3669baba4e1d85,24290201937affbe43876f1d564dfe61d03a696020830ae6162283c7e05e96db
sample,dense_crlf-65536,54,1668906,262151,8,dc2d5f78bd77dcc14e006280e3c6fc78716aa1906045a9fbab3669baba4e1d85,24290201937affbe43876f1d564dfe61d03a696020830ae6162283c7e05e96db
sample,dense_crlf-65536,55,1672026,262151,8,dc2d5f78bd77dcc14e006280e3c6fc78716aa1906045a9fbab3669baba4e1d85,24290201937affbe43876f1d564dfe61d03a696020830ae6162283c7e05e96db
sample,dense_crlf-65536,56,1660166,262151,8,dc2d5f78bd77dcc14e006280e3c6fc78716aa1906045a9fbab3669baba4e1d85,24290201937affbe43876f1d564dfe61d03a696020830ae6162283c7e05e96db
sample,dense_crlf-65536,57,1658237,262151,8,dc2d5f78bd77dcc14e006280e3c6fc78716aa1906045a9fbab3669baba4e1d85,24290201937affbe43876f1d564dfe61d03a696020830ae6162283c7e05e96db
sample,dense_crlf-65536,58,1666276,262151,8,dc2d5f78bd77dcc14e006280e3c6fc78716aa1906045a9fbab3669baba4e1d85,24290201937affbe43876f1d564dfe61d03a696020830ae6162283c7e05e96db
sample,dense_crlf-65536,59,1674886,262151,8,dc2d5f78bd77dcc14e006280e3c6fc78716aa1906045a9fbab3669baba4e1d85,24290201937affbe43876f1d564dfe61d03a696020830ae6162283c7e05e96db
sample,dense_crlf-65536,60,1669986,262151,8,dc2d5f78bd77dcc14e006280e3c6fc78716aa1906045a9fbab3669baba4e1d85,24290201937affbe43876f1d564dfe61d03a696020830ae6162283c7e05e96db
sample,dense_crlf-65536,61,1660516,262151,8,dc2d5f78bd77dcc14e006280e3c6fc78716aa1906045a9fbab3669baba4e1d85,24290201937affbe43876f1d564dfe61d03a696020830ae6162283c7e05e96db
sample,dense_crlf-65536,62,1680017,262151,8,dc2d5f78bd77dcc14e006280e3c6fc78716aa1906045a9fbab3669baba4e1d85,24290201937affbe43876f1d564dfe61d03a696020830ae6162283c7e05e96db
sample,dense_crlf-65536,63,1680116,262151,8,dc2d5f78bd77dcc14e006280e3c6fc78716aa1906045a9fbab3669baba4e1d85,24290201937affbe43876f1d564dfe61d03a696020830ae6162283c7e05e96db
sample,dense_crlf-65536,64,1649086,262151,8,dc2d5f78bd77dcc14e006280e3c6fc78716aa1906045a9fbab3669baba4e1d85,24290201937affbe43876f1d564dfe61d03a696020830ae6162283c7e05e96db
sample,dense_crlf-65536,65,1668296,262151,8,dc2d5f78bd77dcc14e006280e3c6fc78716aa1906045a9fbab3669baba4e1d85,24290201937affbe43876f1d564dfe61d03a696020830ae6162283c7e05e96db
sample,dense_crlf-65536,66,1672016,262151,8,dc2d5f78bd77dcc14e006280e3c6fc78716aa1906045a9fbab3669baba4e1d85,24290201937affbe43876f1d564dfe61d03a696020830ae6162283c7e05e96db
sample,dense_crlf-65536,67,1674087,262151,8,dc2d5f78bd77dcc14e006280e3c6fc78716aa1906045a9fbab3669baba4e1d85,24290201937affbe43876f1d564dfe61d03a696020830ae6162283c7e05e96db
sample,dense_crlf-65536,68,1656236,262151,8,dc2d5f78bd77dcc14e006280e3c6fc78716aa1906045a9fbab3669baba4e1d85,24290201937affbe43876f1d564dfe61d03a696020830ae6162283c7e05e96db
sample,dense_crlf-65536,69,1653566,262151,8,dc2d5f78bd77dcc14e006280e3c6fc78716aa1906045a9fbab3669baba4e1d85,24290201937affbe43876f1d564dfe61d03a696020830ae6162283c7e05e96db
sample,dense_crlf-65536,70,1671016,262151,8,dc2d5f78bd77dcc14e006280e3c6fc78716aa1906045a9fbab3669baba4e1d85,24290201937affbe43876f1d564dfe61d03a696020830ae6162283c7e05e96db
sample,dense_crlf-65536,71,1674116,262151,8,dc2d5f78bd77dcc14e006280e3c6fc78716aa1906045a9fbab3669baba4e1d85,24290201937affbe43876f1d564dfe61d03a696020830ae6162283c7e05e96db
sample,dense_crlf-65536,72,1680497,262151,8,dc2d5f78bd77dcc14e006280e3c6fc78716aa1906045a9fbab3669baba4e1d85,24290201937affbe43876f1d564dfe61d03a696020830ae6162283c7e05e96db
sample,dense_crlf-65536,73,1653486,262151,8,dc2d5f78bd77dcc14e006280e3c6fc78716aa1906045a9fbab3669baba4e1d85,24290201937affbe43876f1d564dfe61d03a696020830ae6162283c7e05e96db
sample,dense_crlf-65536,74,1679346,262151,8,dc2d5f78bd77dcc14e006280e3c6fc78716aa1906045a9fbab3669baba4e1d85,24290201937affbe43876f1d564dfe61d03a696020830ae6162283c7e05e96db
sample,dense_crlf-65536,75,1658116,262151,8,dc2d5f78bd77dcc14e006280e3c6fc78716aa1906045a9fbab3669baba4e1d85,24290201937affbe43876f1d564dfe61d03a696020830ae6162283c7e05e96db
sample,dense_crlf-65536,76,1657996,262151,8,dc2d5f78bd77dcc14e006280e3c6fc78716aa1906045a9fbab3669baba4e1d85,24290201937affbe43876f1d564dfe61d03a696020830ae6162283c7e05e96db
sample,dense_crlf-65536,77,1681127,262151,8,dc2d5f78bd77dcc14e006280e3c6fc78716aa1906045a9fbab3669baba4e1d85,24290201937affbe43876f1d564dfe61d03a696020830ae6162283c7e05e96db
sample,dense_crlf-65536,78,1654466,262151,8,dc2d5f78bd77dcc14e006280e3c6fc78716aa1906045a9fbab3669baba4e1d85,24290201937affbe43876f1d564dfe61d03a696020830ae6162283c7e05e96db
sample,dense_crlf-65536,79,1649766,262151,8,dc2d5f78bd77dcc14e006280e3c6fc78716aa1906045a9fbab3669baba4e1d85,24290201937affbe43876f1d564dfe61d03a696020830ae6162283c7e05e96db
sample,dense_crlf-65536,80,1664846,262151,8,dc2d5f78bd77dcc14e006280e3c6fc78716aa1906045a9fbab3669baba4e1d85,24290201937affbe43876f1d564dfe61d03a696020830ae6162283c7e05e96db
sample,dense_crlf-65536,81,1651826,262151,8,dc2d5f78bd77dcc14e006280e3c6fc78716aa1906045a9fbab3669baba4e1d85,24290201937affbe43876f1d564dfe61d03a696020830ae6162283c7e05e96db
sample,dense_crlf-65536,82,1659816,262151,8,dc2d5f78bd77dcc14e006280e3c6fc78716aa1906045a9fbab3669baba4e1d85,24290201937affbe43876f1d564dfe61d03a696020830ae6162283c7e05e96db
sample,dense_crlf-65536,83,1662747,262151,8,dc2d5f78bd77dcc14e006280e3c6fc78716aa1906045a9fbab3669baba4e1d85,24290201937affbe43876f1d564dfe61d03a696020830ae6162283c7e05e96db
sample,dense_crlf-65536,84,1673806,262151,8,dc2d5f78bd77dcc14e006280e3c6fc78716aa1906045a9fbab3669baba4e1d85,24290201937affbe43876f1d564dfe61d03a696020830ae6162283c7e05e96db
sample,dense_crlf-65536,85,1650686,262151,8,dc2d5f78bd77dcc14e006280e3c6fc78716aa1906045a9fbab3669baba4e1d85,24290201937affbe43876f1d564dfe61d03a696020830ae6162283c7e05e96db
sample,dense_crlf-65536,86,1655196,262151,8,dc2d5f78bd77dcc14e006280e3c6fc78716aa1906045a9fbab3669baba4e1d85,24290201937affbe43876f1d564dfe61d03a696020830ae6162283c7e05e96db
sample,dense_crlf-65536,87,1668306,262151,8,dc2d5f78bd77dcc14e006280e3c6fc78716aa1906045a9fbab3669baba4e1d85,24290201937affbe43876f1d564dfe61d03a696020830ae6162283c7e05e96db
sample,dense_crlf-65536,88,1644936,262151,8,dc2d5f78bd77dcc14e006280e3c6fc78716aa1906045a9fbab3669baba4e1d85,24290201937affbe43876f1d564dfe61d03a696020830ae6162283c7e05e96db
sample,dense_crlf-65536,89,1909397,262151,8,dc2d5f78bd77dcc14e006280e3c6fc78716aa1906045a9fbab3669baba4e1d85,24290201937affbe43876f1d564dfe61d03a696020830ae6162283c7e05e96db
sample,dense_crlf-65536,90,1673047,262151,8,dc2d5f78bd77dcc14e006280e3c6fc78716aa1906045a9fbab3669baba4e1d85,24290201937affbe43876f1d564dfe61d03a696020830ae6162283c7e05e96db
sample,dense_crlf-65536,91,1683826,262151,8,dc2d5f78bd77dcc14e006280e3c6fc78716aa1906045a9fbab3669baba4e1d85,24290201937affbe43876f1d564dfe61d03a696020830ae6162283c7e05e96db
sample,dense_crlf-65536,92,1664356,262151,8,dc2d5f78bd77dcc14e006280e3c6fc78716aa1906045a9fbab3669baba4e1d85,24290201937affbe43876f1d564dfe61d03a696020830ae6162283c7e05e96db
sample,dense_crlf-65536,93,1677636,262151,8,dc2d5f78bd77dcc14e006280e3c6fc78716aa1906045a9fbab3669baba4e1d85,24290201937affbe43876f1d564dfe61d03a696020830ae6162283c7e05e96db
sample,dense_crlf-65536,94,1676677,262151,8,dc2d5f78bd77dcc14e006280e3c6fc78716aa1906045a9fbab3669baba4e1d85,24290201937affbe43876f1d564dfe61d03a696020830ae6162283c7e05e96db
sample,dense_crlf-65536,95,1682836,262151,8,dc2d5f78bd77dcc14e006280e3c6fc78716aa1906045a9fbab3669baba4e1d85,24290201937affbe43876f1d564dfe61d03a696020830ae6162283c7e05e96db
sample,dense_crlf-65536,96,1665776,262151,8,dc2d5f78bd77dcc14e006280e3c6fc78716aa1906045a9fbab3669baba4e1d85,24290201937affbe43876f1d564dfe61d03a696020830ae6162283c7e05e96db
sample,dense_crlf-65536,97,1745387,262151,8,dc2d5f78bd77dcc14e006280e3c6fc78716aa1906045a9fbab3669baba4e1d85,24290201937affbe43876f1d564dfe61d03a696020830ae6162283c7e05e96db
sample,dense_crlf-65536,98,1668456,262151,8,dc2d5f78bd77dcc14e006280e3c6fc78716aa1906045a9fbab3669baba4e1d85,24290201937affbe43876f1d564dfe61d03a696020830ae6162283c7e05e96db
sample,dense_crlf-65536,99,1652376,262151,8,dc2d5f78bd77dcc14e006280e3c6fc78716aa1906045a9fbab3669baba4e1d85,24290201937affbe43876f1d564dfe61d03a696020830ae6162283c7e05e96db
sample,dense_crlf-65536,100,1666106,262151,8,dc2d5f78bd77dcc14e006280e3c6fc78716aa1906045a9fbab3669baba4e1d85,24290201937affbe43876f1d564dfe61d03a696020830ae6162283c7e05e96db
sample,dense_crlf-65536,101,1685136,262151,8,dc2d5f78bd77dcc14e006280e3c6fc78716aa1906045a9fbab3669baba4e1d85,24290201937affbe43876f1d564dfe61d03a696020830ae6162283c7e05e96db
sample,dense_crlf-65536,102,1660106,262151,8,dc2d5f78bd77dcc14e006280e3c6fc78716aa1906045a9fbab3669baba4e1d85,24290201937affbe43876f1d564dfe61d03a696020830ae6162283c7e05e96db
sample,dense_crlf-65536,103,1668537,262151,8,dc2d5f78bd77dcc14e006280e3c6fc78716aa1906045a9fbab3669baba4e1d85,24290201937affbe43876f1d564dfe61d03a696020830ae6162283c7e05e96db
sample,dense_crlf-65536,104,1681466,262151,8,dc2d5f78bd77dcc14e006280e3c6fc78716aa1906045a9fbab3669baba4e1d85,24290201937affbe43876f1d564dfe61d03a696020830ae6162283c7e05e96db
sample,dense_crlf-65536,105,1706646,262151,8,dc2d5f78bd77dcc14e006280e3c6fc78716aa1906045a9fbab3669baba4e1d85,24290201937affbe43876f1d564dfe61d03a696020830ae6162283c7e05e96db
sample,dense_crlf-65536,106,1681227,262151,8,dc2d5f78bd77dcc14e006280e3c6fc78716aa1906045a9fbab3669baba4e1d85,24290201937affbe43876f1d564dfe61d03a696020830ae6162283c7e05e96db
sample,dense_crlf-65536,107,1651796,262151,8,dc2d5f78bd77dcc14e006280e3c6fc78716aa1906045a9fbab3669baba4e1d85,24290201937affbe43876f1d564dfe61d03a696020830ae6162283c7e05e96db
sample,dense_crlf-65536,108,1676196,262151,8,dc2d5f78bd77dcc14e006280e3c6fc78716aa1906045a9fbab3669baba4e1d85,24290201937affbe43876f1d564dfe61d03a696020830ae6162283c7e05e96db
sample,dense_crlf-65536,109,1665436,262151,8,dc2d5f78bd77dcc14e006280e3c6fc78716aa1906045a9fbab3669baba4e1d85,24290201937affbe43876f1d564dfe61d03a696020830ae6162283c7e05e96db
sample,dense_crlf-65536,110,1660436,262151,8,dc2d5f78bd77dcc14e006280e3c6fc78716aa1906045a9fbab3669baba4e1d85,24290201937affbe43876f1d564dfe61d03a696020830ae6162283c7e05e96db
sample,dense_crlf-65536,111,1690887,262151,8,dc2d5f78bd77dcc14e006280e3c6fc78716aa1906045a9fbab3669baba4e1d85,24290201937affbe43876f1d564dfe61d03a696020830ae6162283c7e05e96db
sample,dense_crlf-65536,112,1669606,262151,8,dc2d5f78bd77dcc14e006280e3c6fc78716aa1906045a9fbab3669baba4e1d85,24290201937affbe43876f1d564dfe61d03a696020830ae6162283c7e05e96db
sample,dense_crlf-65536,113,1679946,262151,8,dc2d5f78bd77dcc14e006280e3c6fc78716aa1906045a9fbab3669baba4e1d85,24290201937affbe43876f1d564dfe61d03a696020830ae6162283c7e05e96db
sample,dense_crlf-65536,114,1668256,262151,8,dc2d5f78bd77dcc14e006280e3c6fc78716aa1906045a9fbab3669baba4e1d85,24290201937affbe43876f1d564dfe61d03a696020830ae6162283c7e05e96db
sample,dense_crlf-65536,115,1677116,262151,8,dc2d5f78bd77dcc14e006280e3c6fc78716aa1906045a9fbab3669baba4e1d85,24290201937affbe43876f1d564dfe61d03a696020830ae6162283c7e05e96db
sample,dense_crlf-65536,116,1666787,262151,8,dc2d5f78bd77dcc14e006280e3c6fc78716aa1906045a9fbab3669baba4e1d85,24290201937affbe43876f1d564dfe61d03a696020830ae6162283c7e05e96db
sample,dense_crlf-65536,117,1676146,262151,8,dc2d5f78bd77dcc14e006280e3c6fc78716aa1906045a9fbab3669baba4e1d85,24290201937affbe43876f1d564dfe61d03a696020830ae6162283c7e05e96db
sample,dense_crlf-65536,118,1675196,262151,8,dc2d5f78bd77dcc14e006280e3c6fc78716aa1906045a9fbab3669baba4e1d85,24290201937affbe43876f1d564dfe61d03a696020830ae6162283c7e05e96db
sample,dense_crlf-65536,119,1682016,262151,8,dc2d5f78bd77dcc14e006280e3c6fc78716aa1906045a9fbab3669baba4e1d85,24290201937affbe43876f1d564dfe61d03a696020830ae6162283c7e05e96db
sample,dense_crlf-65536,120,1683357,262151,8,dc2d5f78bd77dcc14e006280e3c6fc78716aa1906045a9fbab3669baba4e1d85,24290201937affbe43876f1d564dfe61d03a696020830ae6162283c7e05e96db
sample,dense_crlf-65536,121,1661246,262151,8,dc2d5f78bd77dcc14e006280e3c6fc78716aa1906045a9fbab3669baba4e1d85,24290201937affbe43876f1d564dfe61d03a696020830ae6162283c7e05e96db
sample,dense_crlf-65536,122,1651806,262151,8,dc2d5f78bd77dcc14e006280e3c6fc78716aa1906045a9fbab3669baba4e1d85,24290201937affbe43876f1d564dfe61d03a696020830ae6162283c7e05e96db
sample,dense_crlf-65536,123,1673456,262151,8,dc2d5f78bd77dcc14e006280e3c6fc78716aa1906045a9fbab3669baba4e1d85,24290201937affbe43876f1d564dfe61d03a696020830ae6162283c7e05e96db
sample,dense_crlf-65536,124,1677126,262151,8,dc2d5f78bd77dcc14e006280e3c6fc78716aa1906045a9fbab3669baba4e1d85,24290201937affbe43876f1d564dfe61d03a696020830ae6162283c7e05e96db
sample,dense_crlf-65536,125,1686907,262151,8,dc2d5f78bd77dcc14e006280e3c6fc78716aa1906045a9fbab3669baba4e1d85,24290201937affbe43876f1d564dfe61d03a696020830ae6162283c7e05e96db
sample,dense_crlf-65536,126,1651666,262151,8,dc2d5f78bd77dcc14e006280e3c6fc78716aa1906045a9fbab3669baba4e1d85,24290201937affbe43876f1d564dfe61d03a696020830ae6162283c7e05e96db
sample,dense_crlf-65536,127,1676016,262151,8,dc2d5f78bd77dcc14e006280e3c6fc78716aa1906045a9fbab3669baba4e1d85,24290201937affbe43876f1d564dfe61d03a696020830ae6162283c7e05e96db
sample,dense_crlf-65536,128,1659896,262151,8,dc2d5f78bd77dcc14e006280e3c6fc78716aa1906045a9fbab3669baba4e1d85,24290201937affbe43876f1d564dfe61d03a696020830ae6162283c7e05e96db
sample,dense_crlf-65536,129,1684866,262151,8,dc2d5f78bd77dcc14e006280e3c6fc78716aa1906045a9fbab3669baba4e1d85,24290201937affbe43876f1d564dfe61d03a696020830ae6162283c7e05e96db
sample,dense_crlf-65536,130,1669317,262151,8,dc2d5f78bd77dcc14e006280e3c6fc78716aa1906045a9fbab3669baba4e1d85,24290201937affbe43876f1d564dfe61d03a696020830ae6162283c7e05e96db
sample,dense_crlf-65536,131,1668426,262151,8,dc2d5f78bd77dcc14e006280e3c6fc78716aa1906045a9fbab3669baba4e1d85,24290201937affbe43876f1d564dfe61d03a696020830ae6162283c7e05e96db
sample,dense_crlf-65536,132,1681016,262151,8,dc2d5f78bd77dcc14e006280e3c6fc78716aa1906045a9fbab3669baba4e1d85,24290201937affbe43876f1d564dfe61d03a696020830ae6162283c7e05e96db
sample,dense_crlf-65536,133,1675386,262151,8,dc2d5f78bd77dcc14e006280e3c6fc78716aa1906045a9fbab3669baba4e1d85,24290201937affbe43876f1d564dfe61d03a696020830ae6162283c7e05e96db
sample,dense_crlf-65536,134,1671487,262151,8,dc2d5f78bd77dcc14e006280e3c6fc78716aa1906045a9fbab3669baba4e1d85,24290201937affbe43876f1d564dfe61d03a696020830ae6162283c7e05e96db
sample,dense_crlf-65536,135,1672726,262151,8,dc2d5f78bd77dcc14e006280e3c6fc78716aa1906045a9fbab3669baba4e1d85,24290201937affbe43876f1d564dfe61d03a696020830ae6162283c7e05e96db
sample,dense_crlf-65536,136,1663676,262151,8,dc2d5f78bd77dcc14e006280e3c6fc78716aa1906045a9fbab3669baba4e1d85,24290201937affbe43876f1d564dfe61d03a696020830ae6162283c7e05e96db
sample,dense_crlf-65536,137,1684646,262151,8,dc2d5f78bd77dcc14e006280e3c6fc78716aa1906045a9fbab3669baba4e1d85,24290201937affbe43876f1d564dfe61d03a696020830ae6162283c7e05e96db
sample,dense_crlf-65536,138,1678656,262151,8,dc2d5f78bd77dcc14e006280e3c6fc78716aa1906045a9fbab3669baba4e1d85,24290201937affbe43876f1d564dfe61d03a696020830ae6162283c7e05e96db
sample,dense_crlf-65536,139,1689247,262151,8,dc2d5f78bd77dcc14e006280e3c6fc78716aa1906045a9fbab3669baba4e1d85,24290201937affbe43876f1d564dfe61d03a696020830ae6162283c7e05e96db
sample,dense_crlf-65536,140,1665866,262151,8,dc2d5f78bd77dcc14e006280e3c6fc78716aa1906045a9fbab3669baba4e1d85,24290201937affbe43876f1d564dfe61d03a696020830ae6162283c7e05e96db
sample,dense_crlf-65536,141,1669516,262151,8,dc2d5f78bd77dcc14e006280e3c6fc78716aa1906045a9fbab3669baba4e1d85,24290201937affbe43876f1d564dfe61d03a696020830ae6162283c7e05e96db
sample,dense_crlf-65536,142,1677076,262151,8,dc2d5f78bd77dcc14e006280e3c6fc78716aa1906045a9fbab3669baba4e1d85,24290201937affbe43876f1d564dfe61d03a696020830ae6162283c7e05e96db
sample,dense_crlf-65536,143,1661377,262151,8,dc2d5f78bd77dcc14e006280e3c6fc78716aa1906045a9fbab3669baba4e1d85,24290201937affbe43876f1d564dfe61d03a696020830ae6162283c7e05e96db
sample,dense_crlf-65536,144,1677126,262151,8,dc2d5f78bd77dcc14e006280e3c6fc78716aa1906045a9fbab3669baba4e1d85,24290201937affbe43876f1d564dfe61d03a696020830ae6162283c7e05e96db
sample,dense_crlf-65536,145,1676636,262151,8,dc2d5f78bd77dcc14e006280e3c6fc78716aa1906045a9fbab3669baba4e1d85,24290201937affbe43876f1d564dfe61d03a696020830ae6162283c7e05e96db
sample,dense_crlf-65536,146,1661976,262151,8,dc2d5f78bd77dcc14e006280e3c6fc78716aa1906045a9fbab3669baba4e1d85,24290201937affbe43876f1d564dfe61d03a696020830ae6162283c7e05e96db
sample,dense_crlf-65536,147,1647806,262151,8,dc2d5f78bd77dcc14e006280e3c6fc78716aa1906045a9fbab3669baba4e1d85,24290201937affbe43876f1d564dfe61d03a696020830ae6162283c7e05e96db
sample,dense_crlf-65536,148,1687997,262151,8,dc2d5f78bd77dcc14e006280e3c6fc78716aa1906045a9fbab3669baba4e1d85,24290201937affbe43876f1d564dfe61d03a696020830ae6162283c7e05e96db
sample,dense_crlf-65536,149,1659176,262151,8,dc2d5f78bd77dcc14e006280e3c6fc78716aa1906045a9fbab3669baba4e1d85,24290201937affbe43876f1d564dfe61d03a696020830ae6162283c7e05e96db
sample,dense_crlf-65536,150,1648346,262151,8,dc2d5f78bd77dcc14e006280e3c6fc78716aa1906045a9fbab3669baba4e1d85,24290201937affbe43876f1d564dfe61d03a696020830ae6162283c7e05e96db
sample,dense_crlf-65536,151,1678566,262151,8,dc2d5f78bd77dcc14e006280e3c6fc78716aa1906045a9fbab3669baba4e1d85,24290201937affbe43876f1d564dfe61d03a696020830ae6162283c7e05e96db
sample,dense_crlf-65536,152,1665966,262151,8,dc2d5f78bd77dcc14e006280e3c6fc78716aa1906045a9fbab3669baba4e1d85,24290201937affbe43876f1d564dfe61d03a696020830ae6162283c7e05e96db
sample,dense_crlf-65536,153,1692186,262151,8,dc2d5f78bd77dcc14e006280e3c6fc78716aa1906045a9fbab3669baba4e1d85,24290201937affbe43876f1d564dfe61d03a696020830ae6162283c7e05e96db
sample,dense_crlf-65536,154,1685577,262151,8,dc2d5f78bd77dcc14e006280e3c6fc78716aa1906045a9fbab3669baba4e1d85,24290201937affbe43876f1d564dfe61d03a696020830ae6162283c7e05e96db
sample,dense_crlf-65536,155,1654776,262151,8,dc2d5f78bd77dcc14e006280e3c6fc78716aa1906045a9fbab3669baba4e1d85,24290201937affbe43876f1d564dfe61d03a696020830ae6162283c7e05e96db
sample,dense_crlf-65536,156,1649566,262151,8,dc2d5f78bd77dcc14e006280e3c6fc78716aa1906045a9fbab3669baba4e1d85,24290201937affbe43876f1d564dfe61d03a696020830ae6162283c7e05e96db
sample,dense_crlf-65536,157,1687396,262151,8,dc2d5f78bd77dcc14e006280e3c6fc78716aa1906045a9fbab3669baba4e1d85,24290201937affbe43876f1d564dfe61d03a696020830ae6162283c7e05e96db
sample,dense_crlf-65536,158,1669627,262151,8,dc2d5f78bd77dcc14e006280e3c6fc78716aa1906045a9fbab3669baba4e1d85,24290201937affbe43876f1d564dfe61d03a696020830ae6162283c7e05e96db
sample,dense_crlf-65536,159,1652916,262151,8,dc2d5f78bd77dcc14e006280e3c6fc78716aa1906045a9fbab3669baba4e1d85,24290201937affbe43876f1d564dfe61d03a696020830ae6162283c7e05e96db
sample,dense_crlf-65536,160,1758486,262151,8,dc2d5f78bd77dcc14e006280e3c6fc78716aa1906045a9fbab3669baba4e1d85,24290201937affbe43876f1d564dfe61d03a696020830ae6162283c7e05e96db
sample,dense_crlf-65536,161,1661026,262151,8,dc2d5f78bd77dcc14e006280e3c6fc78716aa1906045a9fbab3669baba4e1d85,24290201937affbe43876f1d564dfe61d03a696020830ae6162283c7e05e96db
sample,dense_crlf-65536,162,1682207,262151,8,dc2d5f78bd77dcc14e006280e3c6fc78716aa1906045a9fbab3669baba4e1d85,24290201937affbe43876f1d564dfe61d03a696020830ae6162283c7e05e96db
sample,dense_crlf-65536,163,1682226,262151,8,dc2d5f78bd77dcc14e006280e3c6fc78716aa1906045a9fbab3669baba4e1d85,24290201937affbe43876f1d564dfe61d03a696020830ae6162283c7e05e96db
sample,dense_crlf-65536,164,1682846,262151,8,dc2d5f78bd77dcc14e006280e3c6fc78716aa1906045a9fbab3669baba4e1d85,24290201937affbe43876f1d564dfe61d03a696020830ae6162283c7e05e96db
sample,dense_crlf-65536,165,1664786,262151,8,dc2d5f78bd77dcc14e006280e3c6fc78716aa1906045a9fbab3669baba4e1d85,24290201937affbe43876f1d564dfe61d03a696020830ae6162283c7e05e96db
sample,dense_crlf-65536,166,1669616,262151,8,dc2d5f78bd77dcc14e006280e3c6fc78716aa1906045a9fbab3669baba4e1d85,24290201937affbe43876f1d564dfe61d03a696020830ae6162283c7e05e96db
sample,dense_crlf-65536,167,1663306,262151,8,dc2d5f78bd77dcc14e006280e3c6fc78716aa1906045a9fbab3669baba4e1d85,24290201937affbe43876f1d564dfe61d03a696020830ae6162283c7e05e96db
sample,dense_crlf-65536,168,1669646,262151,8,dc2d5f78bd77dcc14e006280e3c6fc78716aa1906045a9fbab3669baba4e1d85,24290201937affbe43876f1d564dfe61d03a696020830ae6162283c7e05e96db
sample,dense_crlf-65536,169,1663396,262151,8,dc2d5f78bd77dcc14e006280e3c6fc78716aa1906045a9fbab3669baba4e1d85,24290201937affbe43876f1d564dfe61d03a696020830ae6162283c7e05e96db
sample,dense_crlf-65536,170,1677676,262151,8,dc2d5f78bd77dcc14e006280e3c6fc78716aa1906045a9fbab3669baba4e1d85,24290201937affbe43876f1d564dfe61d03a696020830ae6162283c7e05e96db
sample,dense_crlf-65536,171,1682767,262151,8,dc2d5f78bd77dcc14e006280e3c6fc78716aa1906045a9fbab3669baba4e1d85,24290201937affbe43876f1d564dfe61d03a696020830ae6162283c7e05e96db
sample,dense_crlf-65536,172,1657056,262151,8,dc2d5f78bd77dcc14e006280e3c6fc78716aa1906045a9fbab3669baba4e1d85,24290201937affbe43876f1d564dfe61d03a696020830ae6162283c7e05e96db
sample,dense_crlf-65536,173,1668836,262151,8,dc2d5f78bd77dcc14e006280e3c6fc78716aa1906045a9fbab3669baba4e1d85,24290201937affbe43876f1d564dfe61d03a696020830ae6162283c7e05e96db
sample,dense_crlf-65536,174,1671286,262151,8,dc2d5f78bd77dcc14e006280e3c6fc78716aa1906045a9fbab3669baba4e1d85,24290201937affbe43876f1d564dfe61d03a696020830ae6162283c7e05e96db
sample,dense_crlf-65536,175,1665646,262151,8,dc2d5f78bd77dcc14e006280e3c6fc78716aa1906045a9fbab3669baba4e1d85,24290201937affbe43876f1d564dfe61d03a696020830ae6162283c7e05e96db
sample,dense_crlf-65536,176,1671517,262151,8,dc2d5f78bd77dcc14e006280e3c6fc78716aa1906045a9fbab3669baba4e1d85,24290201937affbe43876f1d564dfe61d03a696020830ae6162283c7e05e96db
sample,dense_crlf-65536,177,1655516,262151,8,dc2d5f78bd77dcc14e006280e3c6fc78716aa1906045a9fbab3669baba4e1d85,24290201937affbe43876f1d564dfe61d03a696020830ae6162283c7e05e96db
sample,dense_crlf-65536,178,1648666,262151,8,dc2d5f78bd77dcc14e006280e3c6fc78716aa1906045a9fbab3669baba4e1d85,24290201937affbe43876f1d564dfe61d03a696020830ae6162283c7e05e96db
sample,dense_crlf-65536,179,1661056,262151,8,dc2d5f78bd77dcc14e006280e3c6fc78716aa1906045a9fbab3669baba4e1d85,24290201937affbe43876f1d564dfe61d03a696020830ae6162283c7e05e96db
sample,dense_crlf-65536,180,1663146,262151,8,dc2d5f78bd77dcc14e006280e3c6fc78716aa1906045a9fbab3669baba4e1d85,24290201937affbe43876f1d564dfe61d03a696020830ae6162283c7e05e96db
sample,dense_crlf-65536,181,1668826,262151,8,dc2d5f78bd77dcc14e006280e3c6fc78716aa1906045a9fbab3669baba4e1d85,24290201937affbe43876f1d564dfe61d03a696020830ae6162283c7e05e96db
sample,dense_crlf-65536,182,1676917,262151,8,dc2d5f78bd77dcc14e006280e3c6fc78716aa1906045a9fbab3669baba4e1d85,24290201937affbe43876f1d564dfe61d03a696020830ae6162283c7e05e96db
sample,dense_crlf-65536,183,1658016,262151,8,dc2d5f78bd77dcc14e006280e3c6fc78716aa1906045a9fbab3669baba4e1d85,24290201937affbe43876f1d564dfe61d03a696020830ae6162283c7e05e96db
sample,dense_crlf-65536,184,1652206,262151,8,dc2d5f78bd77dcc14e006280e3c6fc78716aa1906045a9fbab3669baba4e1d85,24290201937affbe43876f1d564dfe61d03a696020830ae6162283c7e05e96db
sample,dense_crlf-65536,185,1677116,262151,8,dc2d5f78bd77dcc14e006280e3c6fc78716aa1906045a9fbab3669baba4e1d85,24290201937affbe43876f1d564dfe61d03a696020830ae6162283c7e05e96db
sample,dense_crlf-65536,186,1661406,262151,8,dc2d5f78bd77dcc14e006280e3c6fc78716aa1906045a9fbab3669baba4e1d85,24290201937affbe43876f1d564dfe61d03a696020830ae6162283c7e05e96db
sample,dense_crlf-65536,187,1674117,262151,8,dc2d5f78bd77dcc14e006280e3c6fc78716aa1906045a9fbab3669baba4e1d85,24290201937affbe43876f1d564dfe61d03a696020830ae6162283c7e05e96db
sample,dense_crlf-65536,188,1667766,262151,8,dc2d5f78bd77dcc14e006280e3c6fc78716aa1906045a9fbab3669baba4e1d85,24290201937affbe43876f1d564dfe61d03a696020830ae6162283c7e05e96db
sample,dense_crlf-65536,189,1669426,262151,8,dc2d5f78bd77dcc14e006280e3c6fc78716aa1906045a9fbab3669baba4e1d85,24290201937affbe43876f1d564dfe61d03a696020830ae6162283c7e05e96db
sample,dense_crlf-65536,190,1667246,262151,8,dc2d5f78bd77dcc14e006280e3c6fc78716aa1906045a9fbab3669baba4e1d85,24290201937affbe43876f1d564dfe61d03a696020830ae6162283c7e05e96db
sample,dense_crlf-65536,191,1664486,262151,8,dc2d5f78bd77dcc14e006280e3c6fc78716aa1906045a9fbab3669baba4e1d85,24290201937affbe43876f1d564dfe61d03a696020830ae6162283c7e05e96db
sample,dense_crlf-65536,192,1651736,262151,8,dc2d5f78bd77dcc14e006280e3c6fc78716aa1906045a9fbab3669baba4e1d85,24290201937affbe43876f1d564dfe61d03a696020830ae6162283c7e05e96db
sample,dense_crlf-65536,193,1652077,262151,8,dc2d5f78bd77dcc14e006280e3c6fc78716aa1906045a9fbab3669baba4e1d85,24290201937affbe43876f1d564dfe61d03a696020830ae6162283c7e05e96db
sample,dense_crlf-65536,194,1665606,262151,8,dc2d5f78bd77dcc14e006280e3c6fc78716aa1906045a9fbab3669baba4e1d85,24290201937affbe43876f1d564dfe61d03a696020830ae6162283c7e05e96db
sample,dense_crlf-65536,195,1673666,262151,8,dc2d5f78bd77dcc14e006280e3c6fc78716aa1906045a9fbab3669baba4e1d85,24290201937affbe43876f1d564dfe61d03a696020830ae6162283c7e05e96db
sample,dense_crlf-65536,196,1657446,262151,8,dc2d5f78bd77dcc14e006280e3c6fc78716aa1906045a9fbab3669baba4e1d85,24290201937affbe43876f1d564dfe61d03a696020830ae6162283c7e05e96db
sample,dense_crlf-65536,197,1651546,262151,8,dc2d5f78bd77dcc14e006280e3c6fc78716aa1906045a9fbab3669baba4e1d85,24290201937affbe43876f1d564dfe61d03a696020830ae6162283c7e05e96db
sample,dense_crlf-65536,198,1662367,262151,8,dc2d5f78bd77dcc14e006280e3c6fc78716aa1906045a9fbab3669baba4e1d85,24290201937affbe43876f1d564dfe61d03a696020830ae6162283c7e05e96db
sample,dense_crlf-65536,199,1673656,262151,8,dc2d5f78bd77dcc14e006280e3c6fc78716aa1906045a9fbab3669baba4e1d85,24290201937affbe43876f1d564dfe61d03a696020830ae6162283c7e05e96db
sample,dense_crlf-65536,200,1657456,262151,8,dc2d5f78bd77dcc14e006280e3c6fc78716aa1906045a9fbab3669baba4e1d85,24290201937affbe43876f1d564dfe61d03a696020830ae6162283c7e05e96db
sample,dense_crlf-65536,201,1661756,262151,8,dc2d5f78bd77dcc14e006280e3c6fc78716aa1906045a9fbab3669baba4e1d85,24290201937affbe43876f1d564dfe61d03a696020830ae6162283c7e05e96db
sample,dense_crlf-65536,202,1674086,262151,8,dc2d5f78bd77dcc14e006280e3c6fc78716aa1906045a9fbab3669baba4e1d85,24290201937affbe43876f1d564dfe61d03a696020830ae6162283c7e05e96db
sample,dense_crlf-65536,203,1657946,262151,8,dc2d5f78bd77dcc14e006280e3c6fc78716aa1906045a9fbab3669baba4e1d85,24290201937affbe43876f1d564dfe61d03a696020830ae6162283c7e05e96db
sample,dense_crlf-65536,204,1663007,262151,8,dc2d5f78bd77dcc14e006280e3c6fc78716aa1906045a9fbab3669baba4e1d85,24290201937affbe43876f1d564dfe61d03a696020830ae6162283c7e05e96db
sample,dense_crlf-65536,205,1661936,262151,8,dc2d5f78bd77dcc14e006280e3c6fc78716aa1906045a9fbab3669baba4e1d85,24290201937affbe43876f1d564dfe61d03a696020830ae6162283c7e05e96db
sample,dense_crlf-65536,206,1689406,262151,8,dc2d5f78bd77dcc14e006280e3c6fc78716aa1906045a9fbab3669baba4e1d85,24290201937affbe43876f1d564dfe61d03a696020830ae6162283c7e05e96db
sample,dense_crlf-65536,207,1658566,262151,8,dc2d5f78bd77dcc14e006280e3c6fc78716aa1906045a9fbab3669baba4e1d85,24290201937affbe43876f1d564dfe61d03a696020830ae6162283c7e05e96db
sample,dense_crlf-65536,208,1667196,262151,8,dc2d5f78bd77dcc14e006280e3c6fc78716aa1906045a9fbab3669baba4e1d85,24290201937affbe43876f1d564dfe61d03a696020830ae6162283c7e05e96db
sample,dense_crlf-65536,209,1655667,262151,8,dc2d5f78bd77dcc14e006280e3c6fc78716aa1906045a9fbab3669baba4e1d85,24290201937affbe43876f1d564dfe61d03a696020830ae6162283c7e05e96db
sample,dense_crlf-65536,210,1683716,262151,8,dc2d5f78bd77dcc14e006280e3c6fc78716aa1906045a9fbab3669baba4e1d85,24290201937affbe43876f1d564dfe61d03a696020830ae6162283c7e05e96db
sample,dense_crlf-65536,211,1914787,262151,8,dc2d5f78bd77dcc14e006280e3c6fc78716aa1906045a9fbab3669baba4e1d85,24290201937affbe43876f1d564dfe61d03a696020830ae6162283c7e05e96db
sample,dense_crlf-65536,212,1657796,262151,8,dc2d5f78bd77dcc14e006280e3c6fc78716aa1906045a9fbab3669baba4e1d85,24290201937affbe43876f1d564dfe61d03a696020830ae6162283c7e05e96db
sample,dense_crlf-65536,213,1664246,262151,8,dc2d5f78bd77dcc14e006280e3c6fc78716aa1906045a9fbab3669baba4e1d85,24290201937affbe43876f1d564dfe61d03a696020830ae6162283c7e05e96db
sample,dense_crlf-65536,214,1685387,262151,8,dc2d5f78bd77dcc14e006280e3c6fc78716aa1906045a9fbab3669baba4e1d85,24290201937affbe43876f1d564dfe61d03a696020830ae6162283c7e05e96db
sample,dense_crlf-65536,215,1680976,262151,8,dc2d5f78bd77dcc14e006280e3c6fc78716aa1906045a9fbab3669baba4e1d85,24290201937affbe43876f1d564dfe61d03a696020830ae6162283c7e05e96db
sample,dense_crlf-65536,216,1656186,262151,8,dc2d5f78bd77dcc14e006280e3c6fc78716aa1906045a9fbab3669baba4e1d85,24290201937affbe43876f1d564dfe61d03a696020830ae6162283c7e05e96db
sample,dense_crlf-65536,217,1655776,262151,8,dc2d5f78bd77dcc14e006280e3c6fc78716aa1906045a9fbab3669baba4e1d85,24290201937affbe43876f1d564dfe61d03a696020830ae6162283c7e05e96db
sample,dense_crlf-65536,218,1667026,262151,8,dc2d5f78bd77dcc14e006280e3c6fc78716aa1906045a9fbab3669baba4e1d85,24290201937affbe43876f1d564dfe61d03a696020830ae6162283c7e05e96db
sample,dense_crlf-65536,219,1656106,262151,8,dc2d5f78bd77dcc14e006280e3c6fc78716aa1906045a9fbab3669baba4e1d85,24290201937affbe43876f1d564dfe61d03a696020830ae6162283c7e05e96db
sample,dense_crlf-65536,220,1666247,262151,8,dc2d5f78bd77dcc14e006280e3c6fc78716aa1906045a9fbab3669baba4e1d85,24290201937affbe43876f1d564dfe61d03a696020830ae6162283c7e05e96db
sample,dense_crlf-65536,221,1646066,262151,8,dc2d5f78bd77dcc14e006280e3c6fc78716aa1906045a9fbab3669baba4e1d85,24290201937affbe43876f1d564dfe61d03a696020830ae6162283c7e05e96db
sample,dense_crlf-65536,222,1675926,262151,8,dc2d5f78bd77dcc14e006280e3c6fc78716aa1906045a9fbab3669baba4e1d85,24290201937affbe43876f1d564dfe61d03a696020830ae6162283c7e05e96db
sample,dense_crlf-65536,223,1663756,262151,8,dc2d5f78bd77dcc14e006280e3c6fc78716aa1906045a9fbab3669baba4e1d85,24290201937affbe43876f1d564dfe61d03a696020830ae6162283c7e05e96db
sample,dense_crlf-65536,224,1666446,262151,8,dc2d5f78bd77dcc14e006280e3c6fc78716aa1906045a9fbab3669baba4e1d85,24290201937affbe43876f1d564dfe61d03a696020830ae6162283c7e05e96db
sample,dense_crlf-65536,225,1666647,262151,8,dc2d5f78bd77dcc14e006280e3c6fc78716aa1906045a9fbab3669baba4e1d85,24290201937affbe43876f1d564dfe61d03a696020830ae6162283c7e05e96db
sample,dense_crlf-65536,226,1682386,262151,8,dc2d5f78bd77dcc14e006280e3c6fc78716aa1906045a9fbab3669baba4e1d85,24290201937affbe43876f1d564dfe61d03a696020830ae6162283c7e05e96db
sample,dense_crlf-65536,227,1663436,262151,8,dc2d5f78bd77dcc14e006280e3c6fc78716aa1906045a9fbab3669baba4e1d85,24290201937affbe43876f1d564dfe61d03a696020830ae6162283c7e05e96db
sample,dense_crlf-65536,228,1651366,262151,8,dc2d5f78bd77dcc14e006280e3c6fc78716aa1906045a9fbab3669baba4e1d85,24290201937affbe43876f1d564dfe61d03a696020830ae6162283c7e05e96db
sample,dense_crlf-65536,229,1678966,262151,8,dc2d5f78bd77dcc14e006280e3c6fc78716aa1906045a9fbab3669baba4e1d85,24290201937affbe43876f1d564dfe61d03a696020830ae6162283c7e05e96db
sample,dense_crlf-65536,230,1668197,262151,8,dc2d5f78bd77dcc14e006280e3c6fc78716aa1906045a9fbab3669baba4e1d85,24290201937affbe43876f1d564dfe61d03a696020830ae6162283c7e05e96db
sample,dense_crlf-65536,231,1683226,262151,8,dc2d5f78bd77dcc14e006280e3c6fc78716aa1906045a9fbab3669baba4e1d85,24290201937affbe43876f1d564dfe61d03a696020830ae6162283c7e05e96db
sample,dense_crlf-65536,232,1690156,262151,8,dc2d5f78bd77dcc14e006280e3c6fc78716aa1906045a9fbab3669baba4e1d85,24290201937affbe43876f1d564dfe61d03a696020830ae6162283c7e05e96db
sample,dense_crlf-65536,233,1650486,262151,8,dc2d5f78bd77dcc14e006280e3c6fc78716aa1906045a9fbab3669baba4e1d85,24290201937affbe43876f1d564dfe61d03a696020830ae6162283c7e05e96db
sample,dense_crlf-65536,234,1682086,262151,8,dc2d5f78bd77dcc14e006280e3c6fc78716aa1906045a9fbab3669baba4e1d85,24290201937affbe43876f1d564dfe61d03a696020830ae6162283c7e05e96db
sample,dense_crlf-65536,235,1671447,262151,8,dc2d5f78bd77dcc14e006280e3c6fc78716aa1906045a9fbab3669baba4e1d85,24290201937affbe43876f1d564dfe61d03a696020830ae6162283c7e05e96db
sample,dense_crlf-65536,236,1673306,262151,8,dc2d5f78bd77dcc14e006280e3c6fc78716aa1906045a9fbab3669baba4e1d85,24290201937affbe43876f1d564dfe61d03a696020830ae6162283c7e05e96db
sample,dense_crlf-65536,237,1666696,262151,8,dc2d5f78bd77dcc14e006280e3c6fc78716aa1906045a9fbab3669baba4e1d85,24290201937affbe43876f1d564dfe61d03a696020830ae6162283c7e05e96db
sample,dense_crlf-65536,238,1677546,262151,8,dc2d5f78bd77dcc14e006280e3c6fc78716aa1906045a9fbab3669baba4e1d85,24290201937affbe43876f1d564dfe61d03a696020830ae6162283c7e05e96db
sample,dense_crlf-65536,239,1674947,262151,8,dc2d5f78bd77dcc14e006280e3c6fc78716aa1906045a9fbab3669baba4e1d85,24290201937affbe43876f1d564dfe61d03a696020830ae6162283c7e05e96db
sample,dense_crlf-65536,240,1657306,262151,8,dc2d5f78bd77dcc14e006280e3c6fc78716aa1906045a9fbab3669baba4e1d85,24290201937affbe43876f1d564dfe61d03a696020830ae6162283c7e05e96db
sample,dense_crlf-65536,241,1673326,262151,8,dc2d5f78bd77dcc14e006280e3c6fc78716aa1906045a9fbab3669baba4e1d85,24290201937affbe43876f1d564dfe61d03a696020830ae6162283c7e05e96db
sample,dense_crlf-65536,242,1660856,262151,8,dc2d5f78bd77dcc14e006280e3c6fc78716aa1906045a9fbab3669baba4e1d85,24290201937affbe43876f1d564dfe61d03a696020830ae6162283c7e05e96db
sample,dense_crlf-65536,243,1666686,262151,8,dc2d5f78bd77dcc14e006280e3c6fc78716aa1906045a9fbab3669baba4e1d85,24290201937affbe43876f1d564dfe61d03a696020830ae6162283c7e05e96db
sample,dense_crlf-65536,244,1690367,262151,8,dc2d5f78bd77dcc14e006280e3c6fc78716aa1906045a9fbab3669baba4e1d85,24290201937affbe43876f1d564dfe61d03a696020830ae6162283c7e05e96db
sample,dense_crlf-65536,245,1663316,262151,8,dc2d5f78bd77dcc14e006280e3c6fc78716aa1906045a9fbab3669baba4e1d85,24290201937affbe43876f1d564dfe61d03a696020830ae6162283c7e05e96db
sample,dense_crlf-65536,246,1668686,262151,8,dc2d5f78bd77dcc14e006280e3c6fc78716aa1906045a9fbab3669baba4e1d85,24290201937affbe43876f1d564dfe61d03a696020830ae6162283c7e05e96db
sample,dense_crlf-65536,247,1679206,262151,8,dc2d5f78bd77dcc14e006280e3c6fc78716aa1906045a9fbab3669baba4e1d85,24290201937affbe43876f1d564dfe61d03a696020830ae6162283c7e05e96db
sample,dense_crlf-65536,248,1659576,262151,8,dc2d5f78bd77dcc14e006280e3c6fc78716aa1906045a9fbab3669baba4e1d85,24290201937affbe43876f1d564dfe61d03a696020830ae6162283c7e05e96db
sample,dense_crlf-65536,249,1691217,262151,8,dc2d5f78bd77dcc14e006280e3c6fc78716aa1906045a9fbab3669baba4e1d85,24290201937affbe43876f1d564dfe61d03a696020830ae6162283c7e05e96db
sample,dense_crlf-65536,250,1659076,262151,8,dc2d5f78bd77dcc14e006280e3c6fc78716aa1906045a9fbab3669baba4e1d85,24290201937affbe43876f1d564dfe61d03a696020830ae6162283c7e05e96db
sample,dense_crlf-65536,251,1667286,262151,8,dc2d5f78bd77dcc14e006280e3c6fc78716aa1906045a9fbab3669baba4e1d85,24290201937affbe43876f1d564dfe61d03a696020830ae6162283c7e05e96db
sample,dense_crlf-65536,252,1665546,262151,8,dc2d5f78bd77dcc14e006280e3c6fc78716aa1906045a9fbab3669baba4e1d85,24290201937affbe43876f1d564dfe61d03a696020830ae6162283c7e05e96db
sample,dense_crlf-65536,253,1678666,262151,8,dc2d5f78bd77dcc14e006280e3c6fc78716aa1906045a9fbab3669baba4e1d85,24290201937affbe43876f1d564dfe61d03a696020830ae6162283c7e05e96db
sample,dense_crlf-65536,254,1680007,262151,8,dc2d5f78bd77dcc14e006280e3c6fc78716aa1906045a9fbab3669baba4e1d85,24290201937affbe43876f1d564dfe61d03a696020830ae6162283c7e05e96db
sample,dense_crlf-65536,255,1687556,262151,8,dc2d5f78bd77dcc14e006280e3c6fc78716aa1906045a9fbab3669baba4e1d85,24290201937affbe43876f1d564dfe61d03a696020830ae6162283c7e05e96db
sample,dense_crlf-65536,256,1671666,262151,8,dc2d5f78bd77dcc14e006280e3c6fc78716aa1906045a9fbab3669baba4e1d85,24290201937affbe43876f1d564dfe61d03a696020830ae6162283c7e05e96db
sample,dense_crlf-65536,257,1684217,262151,8,dc2d5f78bd77dcc14e006280e3c6fc78716aa1906045a9fbab3669baba4e1d85,24290201937affbe43876f1d564dfe61d03a696020830ae6162283c7e05e96db
sample,dense_crlf-65536,258,1659436,262151,8,dc2d5f78bd77dcc14e006280e3c6fc78716aa1906045a9fbab3669baba4e1d85,24290201937affbe43876f1d564dfe61d03a696020830ae6162283c7e05e96db
sample,dense_crlf-65536,259,1656836,262151,8,dc2d5f78bd77dcc14e006280e3c6fc78716aa1906045a9fbab3669baba4e1d85,24290201937affbe43876f1d564dfe61d03a696020830ae6162283c7e05e96db
sample,dense_crlf-65536,260,1658406,262151,8,dc2d5f78bd77dcc14e006280e3c6fc78716aa1906045a9fbab3669baba4e1d85,24290201937affbe43876f1d564dfe61d03a696020830ae6162283c7e05e96db
sample,dense_crlf-65536,261,1659456,262151,8,dc2d5f78bd77dcc14e006280e3c6fc78716aa1906045a9fbab3669baba4e1d85,24290201937affbe43876f1d564dfe61d03a696020830ae6162283c7e05e96db
sample,dense_crlf-65536,262,1657156,262151,8,dc2d5f78bd77dcc14e006280e3c6fc78716aa1906045a9fbab3669baba4e1d85,24290201937affbe43876f1d564dfe61d03a696020830ae6162283c7e05e96db
sample,dense_crlf-65536,263,1670057,262151,8,dc2d5f78bd77dcc14e006280e3c6fc78716aa1906045a9fbab3669baba4e1d85,24290201937affbe43876f1d564dfe61d03a696020830ae6162283c7e05e96db
sample,dense_crlf-65536,264,1650376,262151,8,dc2d5f78bd77dcc14e006280e3c6fc78716aa1906045a9fbab3669baba4e1d85,24290201937affbe43876f1d564dfe61d03a696020830ae6162283c7e05e96db
sample,dense_crlf-65536,265,1667456,262151,8,dc2d5f78bd77dcc14e006280e3c6fc78716aa1906045a9fbab3669baba4e1d85,24290201937affbe43876f1d564dfe61d03a696020830ae6162283c7e05e96db
sample,dense_crlf-65536,266,1667136,262151,8,dc2d5f78bd77dcc14e006280e3c6fc78716aa1906045a9fbab3669baba4e1d85,24290201937affbe43876f1d564dfe61d03a696020830ae6162283c7e05e96db
sample,dense_crlf-65536,267,1664156,262151,8,dc2d5f78bd77dcc14e006280e3c6fc78716aa1906045a9fbab3669baba4e1d85,24290201937affbe43876f1d564dfe61d03a696020830ae6162283c7e05e96db
sample,dense_crlf-65536,268,1667336,262151,8,dc2d5f78bd77dcc14e006280e3c6fc78716aa1906045a9fbab3669baba4e1d85,24290201937affbe43876f1d564dfe61d03a696020830ae6162283c7e05e96db
sample,dense_crlf-65536,269,1672157,262151,8,dc2d5f78bd77dcc14e006280e3c6fc78716aa1906045a9fbab3669baba4e1d85,24290201937affbe43876f1d564dfe61d03a696020830ae6162283c7e05e96db
sample,dense_crlf-65536,270,1680576,262151,8,dc2d5f78bd77dcc14e006280e3c6fc78716aa1906045a9fbab3669baba4e1d85,24290201937affbe43876f1d564dfe61d03a696020830ae6162283c7e05e96db
sample,dense_crlf-65536,271,1690616,262151,8,dc2d5f78bd77dcc14e006280e3c6fc78716aa1906045a9fbab3669baba4e1d85,24290201937affbe43876f1d564dfe61d03a696020830ae6162283c7e05e96db
sample,dense_crlf-65536,272,1669646,262151,8,dc2d5f78bd77dcc14e006280e3c6fc78716aa1906045a9fbab3669baba4e1d85,24290201937affbe43876f1d564dfe61d03a696020830ae6162283c7e05e96db
sample,dense_crlf-65536,273,1663286,262151,8,dc2d5f78bd77dcc14e006280e3c6fc78716aa1906045a9fbab3669baba4e1d85,24290201937affbe43876f1d564dfe61d03a696020830ae6162283c7e05e96db
sample,dense_crlf-65536,274,1654297,262151,8,dc2d5f78bd77dcc14e006280e3c6fc78716aa1906045a9fbab3669baba4e1d85,24290201937affbe43876f1d564dfe61d03a696020830ae6162283c7e05e96db
sample,dense_crlf-65536,275,1657006,262151,8,dc2d5f78bd77dcc14e006280e3c6fc78716aa1906045a9fbab3669baba4e1d85,24290201937affbe43876f1d564dfe61d03a696020830ae6162283c7e05e96db
sample,dense_crlf-65536,276,1647856,262151,8,dc2d5f78bd77dcc14e006280e3c6fc78716aa1906045a9fbab3669baba4e1d85,24290201937affbe43876f1d564dfe61d03a696020830ae6162283c7e05e96db
sample,dense_crlf-65536,277,1667006,262151,8,dc2d5f78bd77dcc14e006280e3c6fc78716aa1906045a9fbab3669baba4e1d85,24290201937affbe43876f1d564dfe61d03a696020830ae6162283c7e05e96db
sample,dense_crlf-65536,278,1672526,262151,8,dc2d5f78bd77dcc14e006280e3c6fc78716aa1906045a9fbab3669baba4e1d85,24290201937affbe43876f1d564dfe61d03a696020830ae6162283c7e05e96db
sample,dense_crlf-65536,279,1664177,262151,8,dc2d5f78bd77dcc14e006280e3c6fc78716aa1906045a9fbab3669baba4e1d85,24290201937affbe43876f1d564dfe61d03a696020830ae6162283c7e05e96db
sample,dense_crlf-65536,280,1673666,262151,8,dc2d5f78bd77dcc14e006280e3c6fc78716aa1906045a9fbab3669baba4e1d85,24290201937affbe43876f1d564dfe61d03a696020830ae6162283c7e05e96db
sample,dense_crlf-65536,281,1669206,262151,8,dc2d5f78bd77dcc14e006280e3c6fc78716aa1906045a9fbab3669baba4e1d85,24290201937affbe43876f1d564dfe61d03a696020830ae6162283c7e05e96db
sample,dense_crlf-65536,282,1662726,262151,8,dc2d5f78bd77dcc14e006280e3c6fc78716aa1906045a9fbab3669baba4e1d85,24290201937affbe43876f1d564dfe61d03a696020830ae6162283c7e05e96db
sample,dense_crlf-65536,283,1674476,262151,8,dc2d5f78bd77dcc14e006280e3c6fc78716aa1906045a9fbab3669baba4e1d85,24290201937affbe43876f1d564dfe61d03a696020830ae6162283c7e05e96db
sample,dense_crlf-65536,284,1658627,262151,8,dc2d5f78bd77dcc14e006280e3c6fc78716aa1906045a9fbab3669baba4e1d85,24290201937affbe43876f1d564dfe61d03a696020830ae6162283c7e05e96db
sample,dense_crlf-65536,285,1657376,262151,8,dc2d5f78bd77dcc14e006280e3c6fc78716aa1906045a9fbab3669baba4e1d85,24290201937affbe43876f1d564dfe61d03a696020830ae6162283c7e05e96db
sample,dense_crlf-65536,286,1654386,262151,8,dc2d5f78bd77dcc14e006280e3c6fc78716aa1906045a9fbab3669baba4e1d85,24290201937affbe43876f1d564dfe61d03a696020830ae6162283c7e05e96db
sample,dense_crlf-65536,287,1664686,262151,8,dc2d5f78bd77dcc14e006280e3c6fc78716aa1906045a9fbab3669baba4e1d85,24290201937affbe43876f1d564dfe61d03a696020830ae6162283c7e05e96db
sample,dense_crlf-65536,288,1666646,262151,8,dc2d5f78bd77dcc14e006280e3c6fc78716aa1906045a9fbab3669baba4e1d85,24290201937affbe43876f1d564dfe61d03a696020830ae6162283c7e05e96db
sample,dense_crlf-65536,289,1676986,262151,8,dc2d5f78bd77dcc14e006280e3c6fc78716aa1906045a9fbab3669baba4e1d85,24290201937affbe43876f1d564dfe61d03a696020830ae6162283c7e05e96db
sample,dense_crlf-65536,290,1684677,262151,8,dc2d5f78bd77dcc14e006280e3c6fc78716aa1906045a9fbab3669baba4e1d85,24290201937affbe43876f1d564dfe61d03a696020830ae6162283c7e05e96db
sample,dense_crlf-65536,291,1646386,262151,8,dc2d5f78bd77dcc14e006280e3c6fc78716aa1906045a9fbab3669baba4e1d85,24290201937affbe43876f1d564dfe61d03a696020830ae6162283c7e05e96db
sample,dense_crlf-65536,292,1673606,262151,8,dc2d5f78bd77dcc14e006280e3c6fc78716aa1906045a9fbab3669baba4e1d85,24290201937affbe43876f1d564dfe61d03a696020830ae6162283c7e05e96db
sample,dense_crlf-65536,293,1653806,262151,8,dc2d5f78bd77dcc14e006280e3c6fc78716aa1906045a9fbab3669baba4e1d85,24290201937affbe43876f1d564dfe61d03a696020830ae6162283c7e05e96db
sample,dense_crlf-65536,294,1683966,262151,8,dc2d5f78bd77dcc14e006280e3c6fc78716aa1906045a9fbab3669baba4e1d85,24290201937affbe43876f1d564dfe61d03a696020830ae6162283c7e05e96db
sample,dense_crlf-65536,295,1663017,262151,8,dc2d5f78bd77dcc14e006280e3c6fc78716aa1906045a9fbab3669baba4e1d85,24290201937affbe43876f1d564dfe61d03a696020830ae6162283c7e05e96db
sample,dense_crlf-65536,296,1655146,262151,8,dc2d5f78bd77dcc14e006280e3c6fc78716aa1906045a9fbab3669baba4e1d85,24290201937affbe43876f1d564dfe61d03a696020830ae6162283c7e05e96db
sample,dense_crlf-65536,297,1663776,262151,8,dc2d5f78bd77dcc14e006280e3c6fc78716aa1906045a9fbab3669baba4e1d85,24290201937affbe43876f1d564dfe61d03a696020830ae6162283c7e05e96db
sample,dense_crlf-65536,298,1672396,262151,8,dc2d5f78bd77dcc14e006280e3c6fc78716aa1906045a9fbab3669baba4e1d85,24290201937affbe43876f1d564dfe61d03a696020830ae6162283c7e05e96db
sample,dense_crlf-65536,299,1676096,262151,8,dc2d5f78bd77dcc14e006280e3c6fc78716aa1906045a9fbab3669baba4e1d85,24290201937affbe43876f1d564dfe61d03a696020830ae6162283c7e05e96db
sample,dense_crlf-65536,300,1648907,262151,8,dc2d5f78bd77dcc14e006280e3c6fc78716aa1906045a9fbab3669baba4e1d85,24290201937affbe43876f1d564dfe61d03a696020830ae6162283c7e05e96db
sample,dense_crlf-65536,301,1663276,262151,8,dc2d5f78bd77dcc14e006280e3c6fc78716aa1906045a9fbab3669baba4e1d85,24290201937affbe43876f1d564dfe61d03a696020830ae6162283c7e05e96db
sample,dense_crlf-65536,302,1665046,262151,8,dc2d5f78bd77dcc14e006280e3c6fc78716aa1906045a9fbab3669baba4e1d85,24290201937affbe43876f1d564dfe61d03a696020830ae6162283c7e05e96db
sample,dense_crlf-65536,303,1658806,262151,8,dc2d5f78bd77dcc14e006280e3c6fc78716aa1906045a9fbab3669baba4e1d85,24290201937affbe43876f1d564dfe61d03a696020830ae6162283c7e05e96db
sample,dense_crlf-65536,304,1680226,262151,8,dc2d5f78bd77dcc14e006280e3c6fc78716aa1906045a9fbab3669baba4e1d85,24290201937affbe43876f1d564dfe61d03a696020830ae6162283c7e05e96db
sample,dense_crlf-65536,305,1668727,262151,8,dc2d5f78bd77dcc14e006280e3c6fc78716aa1906045a9fbab3669baba4e1d85,24290201937affbe43876f1d564dfe61d03a696020830ae6162283c7e05e96db
sample,dense_crlf-65536,306,1660476,262151,8,dc2d5f78bd77dcc14e006280e3c6fc78716aa1906045a9fbab3669baba4e1d85,24290201937affbe43876f1d564dfe61d03a696020830ae6162283c7e05e96db
sample,dense_crlf-65536,307,1678866,262151,8,dc2d5f78bd77dcc14e006280e3c6fc78716aa1906045a9fbab3669baba4e1d85,24290201937affbe43876f1d564dfe61d03a696020830ae6162283c7e05e96db
sample,dense_crlf-65536,308,1668926,262151,8,dc2d5f78bd77dcc14e006280e3c6fc78716aa1906045a9fbab3669baba4e1d85,24290201937affbe43876f1d564dfe61d03a696020830ae6162283c7e05e96db
sample,dense_crlf-65536,309,1670366,262151,8,dc2d5f78bd77dcc14e006280e3c6fc78716aa1906045a9fbab3669baba4e1d85,24290201937affbe43876f1d564dfe61d03a696020830ae6162283c7e05e96db
sample,dense_crlf-65536,310,1673537,262151,8,dc2d5f78bd77dcc14e006280e3c6fc78716aa1906045a9fbab3669baba4e1d85,24290201937affbe43876f1d564dfe61d03a696020830ae6162283c7e05e96db
sample,dense_crlf-65536,311,1664656,262151,8,dc2d5f78bd77dcc14e006280e3c6fc78716aa1906045a9fbab3669baba4e1d85,24290201937affbe43876f1d564dfe61d03a696020830ae6162283c7e05e96db
sample,dense_crlf-65536,312,1667196,262151,8,dc2d5f78bd77dcc14e006280e3c6fc78716aa1906045a9fbab3669baba4e1d85,24290201937affbe43876f1d564dfe61d03a696020830ae6162283c7e05e96db
sample,dense_crlf-65536,313,1656586,262151,8,dc2d5f78bd77dcc14e006280e3c6fc78716aa1906045a9fbab3669baba4e1d85,24290201937affbe43876f1d564dfe61d03a696020830ae6162283c7e05e96db
sample,dense_crlf-65536,314,1687096,262151,8,dc2d5f78bd77dcc14e006280e3c6fc78716aa1906045a9fbab3669baba4e1d85,24290201937affbe43876f1d564dfe61d03a696020830ae6162283c7e05e96db
sample,dense_crlf-65536,315,1667467,262151,8,dc2d5f78bd77dcc14e006280e3c6fc78716aa1906045a9fbab3669baba4e1d85,24290201937affbe43876f1d564dfe61d03a696020830ae6162283c7e05e96db
sample,dense_crlf-65536,316,1673526,262151,8,dc2d5f78bd77dcc14e006280e3c6fc78716aa1906045a9fbab3669baba4e1d85,24290201937affbe43876f1d564dfe61d03a696020830ae6162283c7e05e96db
sample,dense_crlf-65536,317,1665106,262151,8,dc2d5f78bd77dcc14e006280e3c6fc78716aa1906045a9fbab3669baba4e1d85,24290201937affbe43876f1d564dfe61d03a696020830ae6162283c7e05e96db
sample,dense_crlf-65536,318,1655906,262151,8,dc2d5f78bd77dcc14e006280e3c6fc78716aa1906045a9fbab3669baba4e1d85,24290201937affbe43876f1d564dfe61d03a696020830ae6162283c7e05e96db
sample,dense_crlf-65536,319,1660026,262151,8,dc2d5f78bd77dcc14e006280e3c6fc78716aa1906045a9fbab3669baba4e1d85,24290201937affbe43876f1d564dfe61d03a696020830ae6162283c7e05e96db
sample,dense_crlf-65536,320,1722717,262151,8,dc2d5f78bd77dcc14e006280e3c6fc78716aa1906045a9fbab3669baba4e1d85,24290201937affbe43876f1d564dfe61d03a696020830ae6162283c7e05e96db
sample,dense_crlf-65536,321,1686136,262151,8,dc2d5f78bd77dcc14e006280e3c6fc78716aa1906045a9fbab3669baba4e1d85,24290201937affbe43876f1d564dfe61d03a696020830ae6162283c7e05e96db
sample,dense_crlf-65536,322,1679516,262151,8,dc2d5f78bd77dcc14e006280e3c6fc78716aa1906045a9fbab3669baba4e1d85,24290201937affbe43876f1d564dfe61d03a696020830ae6162283c7e05e96db
sample,dense_crlf-65536,323,1665516,262151,8,dc2d5f78bd77dcc14e006280e3c6fc78716aa1906045a9fbab3669baba4e1d85,24290201937affbe43876f1d564dfe61d03a696020830ae6162283c7e05e96db
sample,dense_crlf-65536,324,1678957,262151,8,dc2d5f78bd77dcc14e006280e3c6fc78716aa1906045a9fbab3669baba4e1d85,24290201937affbe43876f1d564dfe61d03a696020830ae6162283c7e05e96db
sample,dense_crlf-65536,325,1669756,262151,8,dc2d5f78bd77dcc14e006280e3c6fc78716aa1906045a9fbab3669baba4e1d85,24290201937affbe43876f1d564dfe61d03a696020830ae6162283c7e05e96db
sample,dense_crlf-65536,326,1689446,262151,8,dc2d5f78bd77dcc14e006280e3c6fc78716aa1906045a9fbab3669baba4e1d85,24290201937affbe43876f1d564dfe61d03a696020830ae6162283c7e05e96db
sample,dense_crlf-65536,327,1646486,262151,8,dc2d5f78bd77dcc14e006280e3c6fc78716aa1906045a9fbab3669baba4e1d85,24290201937affbe43876f1d564dfe61d03a696020830ae6162283c7e05e96db
sample,dense_crlf-65536,328,1680646,262151,8,dc2d5f78bd77dcc14e006280e3c6fc78716aa1906045a9fbab3669baba4e1d85,24290201937affbe43876f1d564dfe61d03a696020830ae6162283c7e05e96db
sample,dense_crlf-65536,329,1685717,262151,8,dc2d5f78bd77dcc14e006280e3c6fc78716aa1906045a9fbab3669baba4e1d85,24290201937affbe43876f1d564dfe61d03a696020830ae6162283c7e05e96db
sample,dense_crlf-65536,330,1677506,262151,8,dc2d5f78bd77dcc14e006280e3c6fc78716aa1906045a9fbab3669baba4e1d85,24290201937affbe43876f1d564dfe61d03a696020830ae6162283c7e05e96db
sample,dense_crlf-65536,331,1672566,262151,8,dc2d5f78bd77dcc14e006280e3c6fc78716aa1906045a9fbab3669baba4e1d85,24290201937affbe43876f1d564dfe61d03a696020830ae6162283c7e05e96db
sample,dense_crlf-65536,332,1662686,262151,8,dc2d5f78bd77dcc14e006280e3c6fc78716aa1906045a9fbab3669baba4e1d85,24290201937affbe43876f1d564dfe61d03a696020830ae6162283c7e05e96db
sample,dense_crlf-65536,333,1682477,262151,8,dc2d5f78bd77dcc14e006280e3c6fc78716aa1906045a9fbab3669baba4e1d85,24290201937affbe43876f1d564dfe61d03a696020830ae6162283c7e05e96db
sample,dense_crlf-65536,334,1670376,262151,8,dc2d5f78bd77dcc14e006280e3c6fc78716aa1906045a9fbab3669baba4e1d85,24290201937affbe43876f1d564dfe61d03a696020830ae6162283c7e05e96db
sample,dense_crlf-65536,335,1670946,262151,8,dc2d5f78bd77dcc14e006280e3c6fc78716aa1906045a9fbab3669baba4e1d85,24290201937affbe43876f1d564dfe61d03a696020830ae6162283c7e05e96db
sample,dense_crlf-65536,336,1657266,262151,8,dc2d5f78bd77dcc14e006280e3c6fc78716aa1906045a9fbab3669baba4e1d85,24290201937affbe43876f1d564dfe61d03a696020830ae6162283c7e05e96db
sample,dense_crlf-65536,337,1666366,262151,8,dc2d5f78bd77dcc14e006280e3c6fc78716aa1906045a9fbab3669baba4e1d85,24290201937affbe43876f1d564dfe61d03a696020830ae6162283c7e05e96db
sample,dense_crlf-65536,338,1660427,262151,8,dc2d5f78bd77dcc14e006280e3c6fc78716aa1906045a9fbab3669baba4e1d85,24290201937affbe43876f1d564dfe61d03a696020830ae6162283c7e05e96db
sample,dense_crlf-65536,339,1683126,262151,8,dc2d5f78bd77dcc14e006280e3c6fc78716aa1906045a9fbab3669baba4e1d85,24290201937affbe43876f1d564dfe61d03a696020830ae6162283c7e05e96db
sample,dense_crlf-65536,340,1670846,262151,8,dc2d5f78bd77dcc14e006280e3c6fc78716aa1906045a9fbab3669baba4e1d85,24290201937affbe43876f1d564dfe61d03a696020830ae6162283c7e05e96db
sample,dense_crlf-65536,341,1683556,262151,8,dc2d5f78bd77dcc14e006280e3c6fc78716aa1906045a9fbab3669baba4e1d85,24290201937affbe43876f1d564dfe61d03a696020830ae6162283c7e05e96db
sample,dense_crlf-65536,342,1664657,262151,8,dc2d5f78bd77dcc14e006280e3c6fc78716aa1906045a9fbab3669baba4e1d85,24290201937affbe43876f1d564dfe61d03a696020830ae6162283c7e05e96db
sample,dense_crlf-65536,343,1660356,262151,8,dc2d5f78bd77dcc14e006280e3c6fc78716aa1906045a9fbab3669baba4e1d85,24290201937affbe43876f1d564dfe61d03a696020830ae6162283c7e05e96db
sample,dense_crlf-65536,344,1679256,262151,8,dc2d5f78bd77dcc14e006280e3c6fc78716aa1906045a9fbab3669baba4e1d85,24290201937affbe43876f1d564dfe61d03a696020830ae6162283c7e05e96db
sample,dense_crlf-65536,345,1674906,262151,8,dc2d5f78bd77dcc14e006280e3c6fc78716aa1906045a9fbab3669baba4e1d85,24290201937affbe43876f1d564dfe61d03a696020830ae6162283c7e05e96db
sample,dense_crlf-65536,346,1660436,262151,8,dc2d5f78bd77dcc14e006280e3c6fc78716aa1906045a9fbab3669baba4e1d85,24290201937affbe43876f1d564dfe61d03a696020830ae6162283c7e05e96db
sample,dense_crlf-65536,347,1685337,262151,8,dc2d5f78bd77dcc14e006280e3c6fc78716aa1906045a9fbab3669baba4e1d85,24290201937affbe43876f1d564dfe61d03a696020830ae6162283c7e05e96db
sample,dense_crlf-65536,348,1672636,262151,8,dc2d5f78bd77dcc14e006280e3c6fc78716aa1906045a9fbab3669baba4e1d85,24290201937affbe43876f1d564dfe61d03a696020830ae6162283c7e05e96db
sample,dense_crlf-65536,349,1657226,262151,8,dc2d5f78bd77dcc14e006280e3c6fc78716aa1906045a9fbab3669baba4e1d85,24290201937affbe43876f1d564dfe61d03a696020830ae6162283c7e05e96db
sample,dense_crlf-65536,350,1662356,262151,8,dc2d5f78bd77dcc14e006280e3c6fc78716aa1906045a9fbab3669baba4e1d85,24290201937affbe43876f1d564dfe61d03a696020830ae6162283c7e05e96db
sample,dense_crlf-65536,351,1657536,262151,8,dc2d5f78bd77dcc14e006280e3c6fc78716aa1906045a9fbab3669baba4e1d85,24290201937affbe43876f1d564dfe61d03a696020830ae6162283c7e05e96db
sample,dense_crlf-65536,352,1679986,262151,8,dc2d5f78bd77dcc14e006280e3c6fc78716aa1906045a9fbab3669baba4e1d85,24290201937affbe43876f1d564dfe61d03a696020830ae6162283c7e05e96db
sample,dense_crlf-65536,353,1675907,262151,8,dc2d5f78bd77dcc14e006280e3c6fc78716aa1906045a9fbab3669baba4e1d85,24290201937affbe43876f1d564dfe61d03a696020830ae6162283c7e05e96db
sample,dense_crlf-65536,354,1674886,262151,8,dc2d5f78bd77dcc14e006280e3c6fc78716aa1906045a9fbab3669baba4e1d85,24290201937affbe43876f1d564dfe61d03a696020830ae6162283c7e05e96db
sample,dense_crlf-65536,355,1650926,262151,8,dc2d5f78bd77dcc14e006280e3c6fc78716aa1906045a9fbab3669baba4e1d85,24290201937affbe43876f1d564dfe61d03a696020830ae6162283c7e05e96db
sample,dense_crlf-65536,356,1658136,262151,8,dc2d5f78bd77dcc14e006280e3c6fc78716aa1906045a9fbab3669baba4e1d85,24290201937affbe43876f1d564dfe61d03a696020830ae6162283c7e05e96db
sample,dense_crlf-65536,357,1679177,262151,8,dc2d5f78bd77dcc14e006280e3c6fc78716aa1906045a9fbab3669baba4e1d85,24290201937affbe43876f1d564dfe61d03a696020830ae6162283c7e05e96db
sample,dense_crlf-65536,358,1663826,262151,8,dc2d5f78bd77dcc14e006280e3c6fc78716aa1906045a9fbab3669baba4e1d85,24290201937affbe43876f1d564dfe61d03a696020830ae6162283c7e05e96db
sample,dense_crlf-65536,359,1689036,262151,8,dc2d5f78bd77dcc14e006280e3c6fc78716aa1906045a9fbab3669baba4e1d85,24290201937affbe43876f1d564dfe61d03a696020830ae6162283c7e05e96db
sample,dense_crlf-65536,360,1667506,262151,8,dc2d5f78bd77dcc14e006280e3c6fc78716aa1906045a9fbab3669baba4e1d85,24290201937affbe43876f1d564dfe61d03a696020830ae6162283c7e05e96db
sample,dense_crlf-65536,361,1651186,262151,8,dc2d5f78bd77dcc14e006280e3c6fc78716aa1906045a9fbab3669baba4e1d85,24290201937affbe43876f1d564dfe61d03a696020830ae6162283c7e05e96db
sample,dense_crlf-65536,362,1663496,262151,8,dc2d5f78bd77dcc14e006280e3c6fc78716aa1906045a9fbab3669baba4e1d85,24290201937affbe43876f1d564dfe61d03a696020830ae6162283c7e05e96db
sample,dense_crlf-65536,363,1659197,262151,8,dc2d5f78bd77dcc14e006280e3c6fc78716aa1906045a9fbab3669baba4e1d85,24290201937affbe43876f1d564dfe61d03a696020830ae6162283c7e05e96db
sample,dense_crlf-65536,364,1664556,262151,8,dc2d5f78bd77dcc14e006280e3c6fc78716aa1906045a9fbab3669baba4e1d85,24290201937affbe43876f1d564dfe61d03a696020830ae6162283c7e05e96db
sample,dense_crlf-65536,365,1671856,262151,8,dc2d5f78bd77dcc14e006280e3c6fc78716aa1906045a9fbab3669baba4e1d85,24290201937affbe43876f1d564dfe61d03a696020830ae6162283c7e05e96db
sample,dense_crlf-65536,366,1691126,262151,8,dc2d5f78bd77dcc14e006280e3c6fc78716aa1906045a9fbab3669baba4e1d85,24290201937affbe43876f1d564dfe61d03a696020830ae6162283c7e05e96db
sample,dense_crlf-65536,367,1668256,262151,8,dc2d5f78bd77dcc14e006280e3c6fc78716aa1906045a9fbab3669baba4e1d85,24290201937affbe43876f1d564dfe61d03a696020830ae6162283c7e05e96db
sample,dense_crlf-65536,368,1690167,262151,8,dc2d5f78bd77dcc14e006280e3c6fc78716aa1906045a9fbab3669baba4e1d85,24290201937affbe43876f1d564dfe61d03a696020830ae6162283c7e05e96db
sample,dense_crlf-65536,369,1677986,262151,8,dc2d5f78bd77dcc14e006280e3c6fc78716aa1906045a9fbab3669baba4e1d85,24290201937affbe43876f1d564dfe61d03a696020830ae6162283c7e05e96db
sample,dense_crlf-65536,370,1668656,262151,8,dc2d5f78bd77dcc14e006280e3c6fc78716aa1906045a9fbab3669baba4e1d85,24290201937affbe43876f1d564dfe61d03a696020830ae6162283c7e05e96db
sample,dense_crlf-65536,371,1677016,262151,8,dc2d5f78bd77dcc14e006280e3c6fc78716aa1906045a9fbab3669baba4e1d85,24290201937affbe43876f1d564dfe61d03a696020830ae6162283c7e05e96db
sample,dense_crlf-65536,372,1655727,262151,8,dc2d5f78bd77dcc14e006280e3c6fc78716aa1906045a9fbab3669baba4e1d85,24290201937affbe43876f1d564dfe61d03a696020830ae6162283c7e05e96db
sample,dense_crlf-65536,373,1665606,262151,8,dc2d5f78bd77dcc14e006280e3c6fc78716aa1906045a9fbab3669baba4e1d85,24290201937affbe43876f1d564dfe61d03a696020830ae6162283c7e05e96db
sample,dense_crlf-65536,374,1659186,262151,8,dc2d5f78bd77dcc14e006280e3c6fc78716aa1906045a9fbab3669baba4e1d85,24290201937affbe43876f1d564dfe61d03a696020830ae6162283c7e05e96db
sample,dense_crlf-65536,375,1684986,262151,8,dc2d5f78bd77dcc14e006280e3c6fc78716aa1906045a9fbab3669baba4e1d85,24290201937affbe43876f1d564dfe61d03a696020830ae6162283c7e05e96db
sample,dense_crlf-65536,376,1653606,262151,8,dc2d5f78bd77dcc14e006280e3c6fc78716aa1906045a9fbab3669baba4e1d85,24290201937affbe43876f1d564dfe61d03a696020830ae6162283c7e05e96db
sample,dense_crlf-65536,377,1679487,262151,8,dc2d5f78bd77dcc14e006280e3c6fc78716aa1906045a9fbab3669baba4e1d85,24290201937affbe43876f1d564dfe61d03a696020830ae6162283c7e05e96db
sample,dense_crlf-65536,378,1684456,262151,8,dc2d5f78bd77dcc14e006280e3c6fc78716aa1906045a9fbab3669baba4e1d85,24290201937affbe43876f1d564dfe61d03a696020830ae6162283c7e05e96db
sample,dense_crlf-65536,379,1676716,262151,8,dc2d5f78bd77dcc14e006280e3c6fc78716aa1906045a9fbab3669baba4e1d85,24290201937affbe43876f1d564dfe61d03a696020830ae6162283c7e05e96db
sample,dense_crlf-65536,380,1676526,262151,8,dc2d5f78bd77dcc14e006280e3c6fc78716aa1906045a9fbab3669baba4e1d85,24290201937affbe43876f1d564dfe61d03a696020830ae6162283c7e05e96db
sample,dense_crlf-65536,381,1678107,262151,8,dc2d5f78bd77dcc14e006280e3c6fc78716aa1906045a9fbab3669baba4e1d85,24290201937affbe43876f1d564dfe61d03a696020830ae6162283c7e05e96db
sample,dense_crlf-65536,382,1686196,262151,8,dc2d5f78bd77dcc14e006280e3c6fc78716aa1906045a9fbab3669baba4e1d85,24290201937affbe43876f1d564dfe61d03a696020830ae6162283c7e05e96db
sample,dense_crlf-65536,383,1681566,262151,8,dc2d5f78bd77dcc14e006280e3c6fc78716aa1906045a9fbab3669baba4e1d85,24290201937affbe43876f1d564dfe61d03a696020830ae6162283c7e05e96db
sample,dense_crlf-65536,384,1678166,262151,8,dc2d5f78bd77dcc14e006280e3c6fc78716aa1906045a9fbab3669baba4e1d85,24290201937affbe43876f1d564dfe61d03a696020830ae6162283c7e05e96db
sample,dense_crlf-65536,385,1691797,262151,8,dc2d5f78bd77dcc14e006280e3c6fc78716aa1906045a9fbab3669baba4e1d85,24290201937affbe43876f1d564dfe61d03a696020830ae6162283c7e05e96db
sample,dense_crlf-65536,386,1646566,262151,8,dc2d5f78bd77dcc14e006280e3c6fc78716aa1906045a9fbab3669baba4e1d85,24290201937affbe43876f1d564dfe61d03a696020830ae6162283c7e05e96db
sample,dense_crlf-65536,387,1664796,262151,8,dc2d5f78bd77dcc14e006280e3c6fc78716aa1906045a9fbab3669baba4e1d85,24290201937affbe43876f1d564dfe61d03a696020830ae6162283c7e05e96db
sample,dense_crlf-65536,388,1658026,262151,8,dc2d5f78bd77dcc14e006280e3c6fc78716aa1906045a9fbab3669baba4e1d85,24290201937affbe43876f1d564dfe61d03a696020830ae6162283c7e05e96db
sample,dense_crlf-65536,389,1659316,262151,8,dc2d5f78bd77dcc14e006280e3c6fc78716aa1906045a9fbab3669baba4e1d85,24290201937affbe43876f1d564dfe61d03a696020830ae6162283c7e05e96db
sample,dense_crlf-65536,390,1676307,262151,8,dc2d5f78bd77dcc14e006280e3c6fc78716aa1906045a9fbab3669baba4e1d85,24290201937affbe43876f1d564dfe61d03a696020830ae6162283c7e05e96db
sample,dense_crlf-65536,391,1666436,262151,8,dc2d5f78bd77dcc14e006280e3c6fc78716aa1906045a9fbab3669baba4e1d85,24290201937affbe43876f1d564dfe61d03a696020830ae6162283c7e05e96db
sample,dense_crlf-65536,392,1659276,262151,8,dc2d5f78bd77dcc14e006280e3c6fc78716aa1906045a9fbab3669baba4e1d85,24290201937affbe43876f1d564dfe61d03a696020830ae6162283c7e05e96db
sample,dense_crlf-65536,393,1659836,262151,8,dc2d5f78bd77dcc14e006280e3c6fc78716aa1906045a9fbab3669baba4e1d85,24290201937affbe43876f1d564dfe61d03a696020830ae6162283c7e05e96db
sample,dense_crlf-65536,394,1653446,262151,8,dc2d5f78bd77dcc14e006280e3c6fc78716aa1906045a9fbab3669baba4e1d85,24290201937affbe43876f1d564dfe61d03a696020830ae6162283c7e05e96db
sample,dense_crlf-65536,395,1660636,262151,8,dc2d5f78bd77dcc14e006280e3c6fc78716aa1906045a9fbab3669baba4e1d85,24290201937affbe43876f1d564dfe61d03a696020830ae6162283c7e05e96db
sample,dense_crlf-65536,396,1676997,262151,8,dc2d5f78bd77dcc14e006280e3c6fc78716aa1906045a9fbab3669baba4e1d85,24290201937affbe43876f1d564dfe61d03a696020830ae6162283c7e05e96db
sample,dense_crlf-65536,397,1676146,262151,8,dc2d5f78bd77dcc14e006280e3c6fc78716aa1906045a9fbab3669baba4e1d85,24290201937affbe43876f1d564dfe61d03a696020830ae6162283c7e05e96db
sample,dense_crlf-65536,398,1659556,262151,8,dc2d5f78bd77dcc14e006280e3c6fc78716aa1906045a9fbab3669baba4e1d85,24290201937affbe43876f1d564dfe61d03a696020830ae6162283c7e05e96db
sample,dense_crlf-65536,399,1681306,262151,8,dc2d5f78bd77dcc14e006280e3c6fc78716aa1906045a9fbab3669baba4e1d85,24290201937affbe43876f1d564dfe61d03a696020830ae6162283c7e05e96db
sample,dense_crlf-65536,400,1685186,262151,8,dc2d5f78bd77dcc14e006280e3c6fc78716aa1906045a9fbab3669baba4e1d85,24290201937affbe43876f1d564dfe61d03a696020830ae6162283c7e05e96db
sample,dense_crlf-65536,401,1666837,262151,8,dc2d5f78bd77dcc14e006280e3c6fc78716aa1906045a9fbab3669baba4e1d85,24290201937affbe43876f1d564dfe61d03a696020830ae6162283c7e05e96db
sample,dense_crlf-65536,402,1676656,262151,8,dc2d5f78bd77dcc14e006280e3c6fc78716aa1906045a9fbab3669baba4e1d85,24290201937affbe43876f1d564dfe61d03a696020830ae6162283c7e05e96db
sample,dense_crlf-65536,403,1659486,262151,8,dc2d5f78bd77dcc14e006280e3c6fc78716aa1906045a9fbab3669baba4e1d85,24290201937affbe43876f1d564dfe61d03a696020830ae6162283c7e05e96db
sample,dense_crlf-65536,404,1655986,262151,8,dc2d5f78bd77dcc14e006280e3c6fc78716aa1906045a9fbab3669baba4e1d85,24290201937affbe43876f1d564dfe61d03a696020830ae6162283c7e05e96db
sample,dense_crlf-65536,405,1676396,262151,8,dc2d5f78bd77dcc14e006280e3c6fc78716aa1906045a9fbab3669baba4e1d85,24290201937affbe43876f1d564dfe61d03a696020830ae6162283c7e05e96db
sample,dense_crlf-65536,406,1682437,262151,8,dc2d5f78bd77dcc14e006280e3c6fc78716aa1906045a9fbab3669baba4e1d85,24290201937affbe43876f1d564dfe61d03a696020830ae6162283c7e05e96db
sample,dense_crlf-65536,407,1664296,262151,8,dc2d5f78bd77dcc14e006280e3c6fc78716aa1906045a9fbab3669baba4e1d85,24290201937affbe43876f1d564dfe61d03a696020830ae6162283c7e05e96db
sample,dense_crlf-65536,408,1683666,262151,8,dc2d5f78bd77dcc14e006280e3c6fc78716aa1906045a9fbab3669baba4e1d85,24290201937affbe43876f1d564dfe61d03a696020830ae6162283c7e05e96db
sample,dense_crlf-65536,409,1660306,262151,8,dc2d5f78bd77dcc14e006280e3c6fc78716aa1906045a9fbab3669baba4e1d85,24290201937affbe43876f1d564dfe61d03a696020830ae6162283c7e05e96db
sample,dense_crlf-65536,410,1673727,262151,8,dc2d5f78bd77dcc14e006280e3c6fc78716aa1906045a9fbab3669baba4e1d85,24290201937affbe43876f1d564dfe61d03a696020830ae6162283c7e05e96db
sample,dense_crlf-65536,411,1665136,262151,8,dc2d5f78bd77dcc14e006280e3c6fc78716aa1906045a9fbab3669baba4e1d85,24290201937affbe43876f1d564dfe61d03a696020830ae6162283c7e05e96db
sample,dense_crlf-65536,412,1672876,262151,8,dc2d5f78bd77dcc14e006280e3c6fc78716aa1906045a9fbab3669baba4e1d85,24290201937affbe43876f1d564dfe61d03a696020830ae6162283c7e05e96db
sample,dense_crlf-65536,413,1679726,262151,8,dc2d5f78bd77dcc14e006280e3c6fc78716aa1906045a9fbab3669baba4e1d85,24290201937affbe43876f1d564dfe61d03a696020830ae6162283c7e05e96db
sample,dense_crlf-65536,414,1667396,262151,8,dc2d5f78bd77dcc14e006280e3c6fc78716aa1906045a9fbab3669baba4e1d85,24290201937affbe43876f1d564dfe61d03a696020830ae6162283c7e05e96db
sample,dense_crlf-65536,415,1675387,262151,8,dc2d5f78bd77dcc14e006280e3c6fc78716aa1906045a9fbab3669baba4e1d85,24290201937affbe43876f1d564dfe61d03a696020830ae6162283c7e05e96db
sample,dense_crlf-65536,416,1673146,262151,8,dc2d5f78bd77dcc14e006280e3c6fc78716aa1906045a9fbab3669baba4e1d85,24290201937affbe43876f1d564dfe61d03a696020830ae6162283c7e05e96db
sample,dense_crlf-65536,417,1654956,262151,8,dc2d5f78bd77dcc14e006280e3c6fc78716aa1906045a9fbab3669baba4e1d85,24290201937affbe43876f1d564dfe61d03a696020830ae6162283c7e05e96db
sample,dense_crlf-65536,418,1686066,262151,8,dc2d5f78bd77dcc14e006280e3c6fc78716aa1906045a9fbab3669baba4e1d85,24290201937affbe43876f1d564dfe61d03a696020830ae6162283c7e05e96db
sample,dense_crlf-65536,419,1669636,262151,8,dc2d5f78bd77dcc14e006280e3c6fc78716aa1906045a9fbab3669baba4e1d85,24290201937affbe43876f1d564dfe61d03a696020830ae6162283c7e05e96db
sample,dense_crlf-65536,420,1686497,262151,8,dc2d5f78bd77dcc14e006280e3c6fc78716aa1906045a9fbab3669baba4e1d85,24290201937affbe43876f1d564dfe61d03a696020830ae6162283c7e05e96db
sample,dense_crlf-65536,421,1678636,262151,8,dc2d5f78bd77dcc14e006280e3c6fc78716aa1906045a9fbab3669baba4e1d85,24290201937affbe43876f1d564dfe61d03a696020830ae6162283c7e05e96db
sample,dense_crlf-65536,422,1665536,262151,8,dc2d5f78bd77dcc14e006280e3c6fc78716aa1906045a9fbab3669baba4e1d85,24290201937affbe43876f1d564dfe61d03a696020830ae6162283c7e05e96db
sample,dense_crlf-65536,423,1659936,262151,8,dc2d5f78bd77dcc14e006280e3c6fc78716aa1906045a9fbab3669baba4e1d85,24290201937affbe43876f1d564dfe61d03a696020830ae6162283c7e05e96db
sample,dense_crlf-65536,424,1662786,262151,8,dc2d5f78bd77dcc14e006280e3c6fc78716aa1906045a9fbab3669baba4e1d85,24290201937affbe43876f1d564dfe61d03a696020830ae6162283c7e05e96db
sample,dense_crlf-65536,425,1651177,262151,8,dc2d5f78bd77dcc14e006280e3c6fc78716aa1906045a9fbab3669baba4e1d85,24290201937affbe43876f1d564dfe61d03a696020830ae6162283c7e05e96db
sample,dense_crlf-65536,426,1667276,262151,8,dc2d5f78bd77dcc14e006280e3c6fc78716aa1906045a9fbab3669baba4e1d85,24290201937affbe43876f1d564dfe61d03a696020830ae6162283c7e05e96db
sample,dense_crlf-65536,427,1655796,262151,8,dc2d5f78bd77dcc14e006280e3c6fc78716aa1906045a9fbab3669baba4e1d85,24290201937affbe43876f1d564dfe61d03a696020830ae6162283c7e05e96db
sample,dense_crlf-65536,428,1665736,262151,8,dc2d5f78bd77dcc14e006280e3c6fc78716aa1906045a9fbab3669baba4e1d85,24290201937affbe43876f1d564dfe61d03a696020830ae6162283c7e05e96db
sample,dense_crlf-65536,429,1667736,262151,8,dc2d5f78bd77dcc14e006280e3c6fc78716aa1906045a9fbab3669baba4e1d85,24290201937affbe43876f1d564dfe61d03a696020830ae6162283c7e05e96db
sample,dense_crlf-65536,430,1663707,262151,8,dc2d5f78bd77dcc14e006280e3c6fc78716aa1906045a9fbab3669baba4e1d85,24290201937affbe43876f1d564dfe61d03a696020830ae6162283c7e05e96db
sample,dense_crlf-65536,431,1651836,262151,8,dc2d5f78bd77dcc14e006280e3c6fc78716aa1906045a9fbab3669baba4e1d85,24290201937affbe43876f1d564dfe61d03a696020830ae6162283c7e05e96db
sample,dense_crlf-65536,432,1678396,262151,8,dc2d5f78bd77dcc14e006280e3c6fc78716aa1906045a9fbab3669baba4e1d85,24290201937affbe43876f1d564dfe61d03a696020830ae6162283c7e05e96db
sample,dense_crlf-65536,433,1672376,262151,8,dc2d5f78bd77dcc14e006280e3c6fc78716aa1906045a9fbab3669baba4e1d85,24290201937affbe43876f1d564dfe61d03a696020830ae6162283c7e05e96db
sample,dense_crlf-65536,434,1655556,262151,8,dc2d5f78bd77dcc14e006280e3c6fc78716aa1906045a9fbab3669baba4e1d85,24290201937affbe43876f1d564dfe61d03a696020830ae6162283c7e05e96db
sample,dense_crlf-65536,435,1667296,262151,8,dc2d5f78bd77dcc14e006280e3c6fc78716aa1906045a9fbab3669baba4e1d85,24290201937affbe43876f1d564dfe61d03a696020830ae6162283c7e05e96db
sample,dense_crlf-65536,436,1662287,262151,8,dc2d5f78bd77dcc14e006280e3c6fc78716aa1906045a9fbab3669baba4e1d85,24290201937affbe43876f1d564dfe61d03a696020830ae6162283c7e05e96db
sample,dense_crlf-65536,437,1665666,262151,8,dc2d5f78bd77dcc14e006280e3c6fc78716aa1906045a9fbab3669baba4e1d85,24290201937affbe43876f1d564dfe61d03a696020830ae6162283c7e05e96db
sample,dense_crlf-65536,438,1668686,262151,8,dc2d5f78bd77dcc14e006280e3c6fc78716aa1906045a9fbab3669baba4e1d85,24290201937affbe43876f1d564dfe61d03a696020830ae6162283c7e05e96db
sample,dense_crlf-65536,439,1675676,262151,8,dc2d5f78bd77dcc14e006280e3c6fc78716aa1906045a9fbab3669baba4e1d85,24290201937affbe43876f1d564dfe61d03a696020830ae6162283c7e05e96db
sample,dense_crlf-65536,440,1673196,262151,8,dc2d5f78bd77dcc14e006280e3c6fc78716aa1906045a9fbab3669baba4e1d85,24290201937affbe43876f1d564dfe61d03a696020830ae6162283c7e05e96db
sample,dense_crlf-65536,441,1671766,262151,8,dc2d5f78bd77dcc14e006280e3c6fc78716aa1906045a9fbab3669baba4e1d85,24290201937affbe43876f1d564dfe61d03a696020830ae6162283c7e05e96db
sample,dense_crlf-65536,442,1663636,262151,8,dc2d5f78bd77dcc14e006280e3c6fc78716aa1906045a9fbab3669baba4e1d85,24290201937affbe43876f1d564dfe61d03a696020830ae6162283c7e05e96db
sample,dense_crlf-65536,443,1669096,262151,8,dc2d5f78bd77dcc14e006280e3c6fc78716aa1906045a9fbab3669baba4e1d85,24290201937affbe43876f1d564dfe61d03a696020830ae6162283c7e05e96db
sample,dense_crlf-65536,444,1658326,262151,8,dc2d5f78bd77dcc14e006280e3c6fc78716aa1906045a9fbab3669baba4e1d85,24290201937affbe43876f1d564dfe61d03a696020830ae6162283c7e05e96db
sample,dense_crlf-65536,445,1684896,262151,8,dc2d5f78bd77dcc14e006280e3c6fc78716aa1906045a9fbab3669baba4e1d85,24290201937affbe43876f1d564dfe61d03a696020830ae6162283c7e05e96db
sample,dense_crlf-65536,446,1652047,262151,8,dc2d5f78bd77dcc14e006280e3c6fc78716aa1906045a9fbab3669baba4e1d85,24290201937affbe43876f1d564dfe61d03a696020830ae6162283c7e05e96db
sample,dense_crlf-65536,447,1690876,262151,8,dc2d5f78bd77dcc14e006280e3c6fc78716aa1906045a9fbab3669baba4e1d85,24290201937affbe43876f1d564dfe61d03a696020830ae6162283c7e05e96db
sample,dense_crlf-65536,448,1688966,262151,8,dc2d5f78bd77dcc14e006280e3c6fc78716aa1906045a9fbab3669baba4e1d85,24290201937affbe43876f1d564dfe61d03a696020830ae6162283c7e05e96db
sample,dense_crlf-65536,449,1645996,262151,8,dc2d5f78bd77dcc14e006280e3c6fc78716aa1906045a9fbab3669baba4e1d85,24290201937affbe43876f1d564dfe61d03a696020830ae6162283c7e05e96db
sample,dense_crlf-65536,450,1684497,262151,8,dc2d5f78bd77dcc14e006280e3c6fc78716aa1906045a9fbab3669baba4e1d85,24290201937affbe43876f1d564dfe61d03a696020830ae6162283c7e05e96db
sample,dense_crlf-65536,451,1662206,262151,8,dc2d5f78bd77dcc14e006280e3c6fc78716aa1906045a9fbab3669baba4e1d85,24290201937affbe43876f1d564dfe61d03a696020830ae6162283c7e05e96db
sample,dense_crlf-65536,452,1677746,262151,8,dc2d5f78bd77dcc14e006280e3c6fc78716aa1906045a9fbab3669baba4e1d85,24290201937affbe43876f1d564dfe61d03a696020830ae6162283c7e05e96db
sample,dense_crlf-65536,453,1668126,262151,8,dc2d5f78bd77dcc14e006280e3c6fc78716aa1906045a9fbab3669baba4e1d85,24290201937affbe43876f1d564dfe61d03a696020830ae6162283c7e05e96db
sample,dense_crlf-65536,454,1665986,262151,8,dc2d5f78bd77dcc14e006280e3c6fc78716aa1906045a9fbab3669baba4e1d85,24290201937affbe43876f1d564dfe61d03a696020830ae6162283c7e05e96db
sample,dense_crlf-65536,455,1688817,262151,8,dc2d5f78bd77dcc14e006280e3c6fc78716aa1906045a9fbab3669baba4e1d85,24290201937affbe43876f1d564dfe61d03a696020830ae6162283c7e05e96db
sample,dense_crlf-65536,456,1659546,262151,8,dc2d5f78bd77dcc14e006280e3c6fc78716aa1906045a9fbab3669baba4e1d85,24290201937affbe43876f1d564dfe61d03a696020830ae6162283c7e05e96db
sample,dense_crlf-65536,457,1667836,262151,8,dc2d5f78bd77dcc14e006280e3c6fc78716aa1906045a9fbab3669baba4e1d85,24290201937affbe43876f1d564dfe61d03a696020830ae6162283c7e05e96db
sample,dense_crlf-65536,458,1672176,262151,8,dc2d5f78bd77dcc14e006280e3c6fc78716aa1906045a9fbab3669baba4e1d85,24290201937affbe43876f1d564dfe61d03a696020830ae6162283c7e05e96db
sample,dense_crlf-65536,459,1665626,262151,8,dc2d5f78bd77dcc14e006280e3c6fc78716aa1906045a9fbab3669baba4e1d85,24290201937affbe43876f1d564dfe61d03a696020830ae6162283c7e05e96db
sample,dense_crlf-65536,460,1675527,262151,8,dc2d5f78bd77dcc14e006280e3c6fc78716aa1906045a9fbab3669baba4e1d85,24290201937affbe43876f1d564dfe61d03a696020830ae6162283c7e05e96db
sample,dense_crlf-65536,461,1671436,262151,8,dc2d5f78bd77dcc14e006280e3c6fc78716aa1906045a9fbab3669baba4e1d85,24290201937affbe43876f1d564dfe61d03a696020830ae6162283c7e05e96db
sample,dense_crlf-65536,462,1683136,262151,8,dc2d5f78bd77dcc14e006280e3c6fc78716aa1906045a9fbab3669baba4e1d85,24290201937affbe43876f1d564dfe61d03a696020830ae6162283c7e05e96db
sample,dense_crlf-65536,463,1669566,262151,8,dc2d5f78bd77dcc14e006280e3c6fc78716aa1906045a9fbab3669baba4e1d85,24290201937affbe43876f1d564dfe61d03a696020830ae6162283c7e05e96db
sample,dense_crlf-65536,464,1672527,262151,8,dc2d5f78bd77dcc14e006280e3c6fc78716aa1906045a9fbab3669baba4e1d85,24290201937affbe43876f1d564dfe61d03a696020830ae6162283c7e05e96db
sample,dense_crlf-65536,465,1658286,262151,8,dc2d5f78bd77dcc14e006280e3c6fc78716aa1906045a9fbab3669baba4e1d85,24290201937affbe43876f1d564dfe61d03a696020830ae6162283c7e05e96db
sample,dense_crlf-65536,466,1686746,262151,8,dc2d5f78bd77dcc14e006280e3c6fc78716aa1906045a9fbab3669baba4e1d85,24290201937affbe43876f1d564dfe61d03a696020830ae6162283c7e05e96db
sample,dense_crlf-65536,467,1678886,262151,8,dc2d5f78bd77dcc14e006280e3c6fc78716aa1906045a9fbab3669baba4e1d85,24290201937affbe43876f1d564dfe61d03a696020830ae6162283c7e05e96db
sample,dense_crlf-65536,468,1653696,262151,8,dc2d5f78bd77dcc14e006280e3c6fc78716aa1906045a9fbab3669baba4e1d85,24290201937affbe43876f1d564dfe61d03a696020830ae6162283c7e05e96db
sample,dense_crlf-65536,469,1670707,262151,8,dc2d5f78bd77dcc14e006280e3c6fc78716aa1906045a9fbab3669baba4e1d85,24290201937affbe43876f1d564dfe61d03a696020830ae6162283c7e05e96db
sample,dense_crlf-65536,470,1666136,262151,8,dc2d5f78bd77dcc14e006280e3c6fc78716aa1906045a9fbab3669baba4e1d85,24290201937affbe43876f1d564dfe61d03a696020830ae6162283c7e05e96db
sample,dense_crlf-65536,471,1664296,262151,8,dc2d5f78bd77dcc14e006280e3c6fc78716aa1906045a9fbab3669baba4e1d85,24290201937affbe43876f1d564dfe61d03a696020830ae6162283c7e05e96db
sample,dense_crlf-65536,472,1680976,262151,8,dc2d5f78bd77dcc14e006280e3c6fc78716aa1906045a9fbab3669baba4e1d85,24290201937affbe43876f1d564dfe61d03a696020830ae6162283c7e05e96db
sample,dense_crlf-65536,473,1662566,262151,8,dc2d5f78bd77dcc14e006280e3c6fc78716aa1906045a9fbab3669baba4e1d85,24290201937affbe43876f1d564dfe61d03a696020830ae6162283c7e05e96db
sample,dense_crlf-65536,474,1666907,262151,8,dc2d5f78bd77dcc14e006280e3c6fc78716aa1906045a9fbab3669baba4e1d85,24290201937affbe43876f1d564dfe61d03a696020830ae6162283c7e05e96db
sample,dense_crlf-65536,475,1671396,262151,8,dc2d5f78bd77dcc14e006280e3c6fc78716aa1906045a9fbab3669baba4e1d85,24290201937affbe43876f1d564dfe61d03a696020830ae6162283c7e05e96db
sample,dense_crlf-65536,476,1676416,262151,8,dc2d5f78bd77dcc14e006280e3c6fc78716aa1906045a9fbab3669baba4e1d85,24290201937affbe43876f1d564dfe61d03a696020830ae6162283c7e05e96db
sample,dense_crlf-65536,477,1649946,262151,8,dc2d5f78bd77dcc14e006280e3c6fc78716aa1906045a9fbab3669baba4e1d85,24290201937affbe43876f1d564dfe61d03a696020830ae6162283c7e05e96db
sample,dense_crlf-65536,478,1657566,262151,8,dc2d5f78bd77dcc14e006280e3c6fc78716aa1906045a9fbab3669baba4e1d85,24290201937affbe43876f1d564dfe61d03a696020830ae6162283c7e05e96db
sample,dense_crlf-65536,479,1679947,262151,8,dc2d5f78bd77dcc14e006280e3c6fc78716aa1906045a9fbab3669baba4e1d85,24290201937affbe43876f1d564dfe61d03a696020830ae6162283c7e05e96db
sample,dense_crlf-65536,480,1667716,262151,8,dc2d5f78bd77dcc14e006280e3c6fc78716aa1906045a9fbab3669baba4e1d85,24290201937affbe43876f1d564dfe61d03a696020830ae6162283c7e05e96db
sample,dense_crlf-65536,481,1687836,262151,8,dc2d5f78bd77dcc14e006280e3c6fc78716aa1906045a9fbab3669baba4e1d85,24290201937affbe43876f1d564dfe61d03a696020830ae6162283c7e05e96db
sample,dense_crlf-65536,482,1661226,262151,8,dc2d5f78bd77dcc14e006280e3c6fc78716aa1906045a9fbab3669baba4e1d85,24290201937affbe43876f1d564dfe61d03a696020830ae6162283c7e05e96db
sample,dense_crlf-65536,483,1660436,262151,8,dc2d5f78bd77dcc14e006280e3c6fc78716aa1906045a9fbab3669baba4e1d85,24290201937affbe43876f1d564dfe61d03a696020830ae6162283c7e05e96db
sample,dense_crlf-65536,484,1665377,262151,8,dc2d5f78bd77dcc14e006280e3c6fc78716aa1906045a9fbab3669baba4e1d85,24290201937affbe43876f1d564dfe61d03a696020830ae6162283c7e05e96db
sample,dense_crlf-65536,485,1678686,262151,8,dc2d5f78bd77dcc14e006280e3c6fc78716aa1906045a9fbab3669baba4e1d85,24290201937affbe43876f1d564dfe61d03a696020830ae6162283c7e05e96db
sample,dense_crlf-65536,486,1653206,262151,8,dc2d5f78bd77dcc14e006280e3c6fc78716aa1906045a9fbab3669baba4e1d85,24290201937affbe43876f1d564dfe61d03a696020830ae6162283c7e05e96db
sample,dense_crlf-65536,487,1692346,262151,8,dc2d5f78bd77dcc14e006280e3c6fc78716aa1906045a9fbab3669baba4e1d85,24290201937affbe43876f1d564dfe61d03a696020830ae6162283c7e05e96db
sample,dense_crlf-65536,488,1672506,262151,8,dc2d5f78bd77dcc14e006280e3c6fc78716aa1906045a9fbab3669baba4e1d85,24290201937affbe43876f1d564dfe61d03a696020830ae6162283c7e05e96db
sample,dense_crlf-65536,489,1651077,262151,8,dc2d5f78bd77dcc14e006280e3c6fc78716aa1906045a9fbab3669baba4e1d85,24290201937affbe43876f1d564dfe61d03a696020830ae6162283c7e05e96db
sample,dense_crlf-65536,490,1683956,262151,8,dc2d5f78bd77dcc14e006280e3c6fc78716aa1906045a9fbab3669baba4e1d85,24290201937affbe43876f1d564dfe61d03a696020830ae6162283c7e05e96db
sample,dense_crlf-65536,491,1676856,262151,8,dc2d5f78bd77dcc14e006280e3c6fc78716aa1906045a9fbab3669baba4e1d85,24290201937affbe43876f1d564dfe61d03a696020830ae6162283c7e05e96db
sample,dense_crlf-65536,492,1677106,262151,8,dc2d5f78bd77dcc14e006280e3c6fc78716aa1906045a9fbab3669baba4e1d85,24290201937affbe43876f1d564dfe61d03a696020830ae6162283c7e05e96db
sample,dense_crlf-65536,493,1677027,262151,8,dc2d5f78bd77dcc14e006280e3c6fc78716aa1906045a9fbab3669baba4e1d85,24290201937affbe43876f1d564dfe61d03a696020830ae6162283c7e05e96db
sample,dense_crlf-65536,494,1655386,262151,8,dc2d5f78bd77dcc14e006280e3c6fc78716aa1906045a9fbab3669baba4e1d85,24290201937affbe43876f1d564dfe61d03a696020830ae6162283c7e05e96db
sample,dense_crlf-65536,495,1659946,262151,8,dc2d5f78bd77dcc14e006280e3c6fc78716aa1906045a9fbab3669baba4e1d85,24290201937affbe43876f1d564dfe61d03a696020830ae6162283c7e05e96db
sample,dense_crlf-65536,496,1671026,262151,8,dc2d5f78bd77dcc14e006280e3c6fc78716aa1906045a9fbab3669baba4e1d85,24290201937affbe43876f1d564dfe61d03a696020830ae6162283c7e05e96db
sample,dense_crlf-65536,497,1664396,262151,8,dc2d5f78bd77dcc14e006280e3c6fc78716aa1906045a9fbab3669baba4e1d85,24290201937affbe43876f1d564dfe61d03a696020830ae6162283c7e05e96db
sample,dense_crlf-65536,498,1662916,262151,8,dc2d5f78bd77dcc14e006280e3c6fc78716aa1906045a9fbab3669baba4e1d85,24290201937affbe43876f1d564dfe61d03a696020830ae6162283c7e05e96db
sample,dense_crlf-65536,499,1683857,262151,8,dc2d5f78bd77dcc14e006280e3c6fc78716aa1906045a9fbab3669baba4e1d85,24290201937affbe43876f1d564dfe61d03a696020830ae6162283c7e05e96db
sample,all_cr-65536,0,3340452,524295,8,435ec912e125c9f8ec95aa13ae97a7e5c07ec4f556588e54fb62969a2748fbef,119523d5019ffc56a1f411e3ea7c9b170aeeafbb9216c2b04156c486a419c04a
sample,all_cr-65536,1,3345793,524295,8,435ec912e125c9f8ec95aa13ae97a7e5c07ec4f556588e54fb62969a2748fbef,119523d5019ffc56a1f411e3ea7c9b170aeeafbb9216c2b04156c486a419c04a
sample,all_cr-65536,2,3345102,524295,8,435ec912e125c9f8ec95aa13ae97a7e5c07ec4f556588e54fb62969a2748fbef,119523d5019ffc56a1f411e3ea7c9b170aeeafbb9216c2b04156c486a419c04a
sample,all_cr-65536,3,3335062,524295,8,435ec912e125c9f8ec95aa13ae97a7e5c07ec4f556588e54fb62969a2748fbef,119523d5019ffc56a1f411e3ea7c9b170aeeafbb9216c2b04156c486a419c04a
sample,all_cr-65536,4,3346563,524295,8,435ec912e125c9f8ec95aa13ae97a7e5c07ec4f556588e54fb62969a2748fbef,119523d5019ffc56a1f411e3ea7c9b170aeeafbb9216c2b04156c486a419c04a
sample,all_cr-65536,5,3341662,524295,8,435ec912e125c9f8ec95aa13ae97a7e5c07ec4f556588e54fb62969a2748fbef,119523d5019ffc56a1f411e3ea7c9b170aeeafbb9216c2b04156c486a419c04a
sample,all_cr-65536,6,3336432,524295,8,435ec912e125c9f8ec95aa13ae97a7e5c07ec4f556588e54fb62969a2748fbef,119523d5019ffc56a1f411e3ea7c9b170aeeafbb9216c2b04156c486a419c04a
sample,all_cr-65536,7,3407552,524295,8,435ec912e125c9f8ec95aa13ae97a7e5c07ec4f556588e54fb62969a2748fbef,119523d5019ffc56a1f411e3ea7c9b170aeeafbb9216c2b04156c486a419c04a
sample,all_cr-65536,8,3332563,524295,8,435ec912e125c9f8ec95aa13ae97a7e5c07ec4f556588e54fb62969a2748fbef,119523d5019ffc56a1f411e3ea7c9b170aeeafbb9216c2b04156c486a419c04a
sample,all_cr-65536,9,3337702,524295,8,435ec912e125c9f8ec95aa13ae97a7e5c07ec4f556588e54fb62969a2748fbef,119523d5019ffc56a1f411e3ea7c9b170aeeafbb9216c2b04156c486a419c04a
sample,all_cr-65536,10,3337132,524295,8,435ec912e125c9f8ec95aa13ae97a7e5c07ec4f556588e54fb62969a2748fbef,119523d5019ffc56a1f411e3ea7c9b170aeeafbb9216c2b04156c486a419c04a
sample,all_cr-65536,11,3342063,524295,8,435ec912e125c9f8ec95aa13ae97a7e5c07ec4f556588e54fb62969a2748fbef,119523d5019ffc56a1f411e3ea7c9b170aeeafbb9216c2b04156c486a419c04a
sample,all_cr-65536,12,3343192,524295,8,435ec912e125c9f8ec95aa13ae97a7e5c07ec4f556588e54fb62969a2748fbef,119523d5019ffc56a1f411e3ea7c9b170aeeafbb9216c2b04156c486a419c04a
sample,all_cr-65536,13,3350253,524295,8,435ec912e125c9f8ec95aa13ae97a7e5c07ec4f556588e54fb62969a2748fbef,119523d5019ffc56a1f411e3ea7c9b170aeeafbb9216c2b04156c486a419c04a
sample,all_cr-65536,14,3335272,524295,8,435ec912e125c9f8ec95aa13ae97a7e5c07ec4f556588e54fb62969a2748fbef,119523d5019ffc56a1f411e3ea7c9b170aeeafbb9216c2b04156c486a419c04a
sample,all_cr-65536,15,3349002,524295,8,435ec912e125c9f8ec95aa13ae97a7e5c07ec4f556588e54fb62969a2748fbef,119523d5019ffc56a1f411e3ea7c9b170aeeafbb9216c2b04156c486a419c04a
sample,all_cr-65536,16,3337923,524295,8,435ec912e125c9f8ec95aa13ae97a7e5c07ec4f556588e54fb62969a2748fbef,119523d5019ffc56a1f411e3ea7c9b170aeeafbb9216c2b04156c486a419c04a
sample,all_cr-65536,17,3332902,524295,8,435ec912e125c9f8ec95aa13ae97a7e5c07ec4f556588e54fb62969a2748fbef,119523d5019ffc56a1f411e3ea7c9b170aeeafbb9216c2b04156c486a419c04a
sample,all_cr-65536,18,3349593,524295,8,435ec912e125c9f8ec95aa13ae97a7e5c07ec4f556588e54fb62969a2748fbef,119523d5019ffc56a1f411e3ea7c9b170aeeafbb9216c2b04156c486a419c04a
sample,all_cr-65536,19,3337962,524295,8,435ec912e125c9f8ec95aa13ae97a7e5c07ec4f556588e54fb62969a2748fbef,119523d5019ffc56a1f411e3ea7c9b170aeeafbb9216c2b04156c486a419c04a
sample,all_cr-65536,20,3330492,524295,8,435ec912e125c9f8ec95aa13ae97a7e5c07ec4f556588e54fb62969a2748fbef,119523d5019ffc56a1f411e3ea7c9b170aeeafbb9216c2b04156c486a419c04a
sample,all_cr-65536,21,3350863,524295,8,435ec912e125c9f8ec95aa13ae97a7e5c07ec4f556588e54fb62969a2748fbef,119523d5019ffc56a1f411e3ea7c9b170aeeafbb9216c2b04156c486a419c04a
sample,all_cr-65536,22,3340152,524295,8,435ec912e125c9f8ec95aa13ae97a7e5c07ec4f556588e54fb62969a2748fbef,119523d5019ffc56a1f411e3ea7c9b170aeeafbb9216c2b04156c486a419c04a
sample,all_cr-65536,23,3343373,524295,8,435ec912e125c9f8ec95aa13ae97a7e5c07ec4f556588e54fb62969a2748fbef,119523d5019ffc56a1f411e3ea7c9b170aeeafbb9216c2b04156c486a419c04a
sample,all_cr-65536,24,3342452,524295,8,435ec912e125c9f8ec95aa13ae97a7e5c07ec4f556588e54fb62969a2748fbef,119523d5019ffc56a1f411e3ea7c9b170aeeafbb9216c2b04156c486a419c04a
sample,all_cr-65536,25,3345273,524295,8,435ec912e125c9f8ec95aa13ae97a7e5c07ec4f556588e54fb62969a2748fbef,119523d5019ffc56a1f411e3ea7c9b170aeeafbb9216c2b04156c486a419c04a
sample,all_cr-65536,26,3335562,524295,8,435ec912e125c9f8ec95aa13ae97a7e5c07ec4f556588e54fb62969a2748fbef,119523d5019ffc56a1f411e3ea7c9b170aeeafbb9216c2b04156c486a419c04a
sample,all_cr-65536,27,3350632,524295,8,435ec912e125c9f8ec95aa13ae97a7e5c07ec4f556588e54fb62969a2748fbef,119523d5019ffc56a1f411e3ea7c9b170aeeafbb9216c2b04156c486a419c04a
sample,all_cr-65536,28,3352683,524295,8,435ec912e125c9f8ec95aa13ae97a7e5c07ec4f556588e54fb62969a2748fbef,119523d5019ffc56a1f411e3ea7c9b170aeeafbb9216c2b04156c486a419c04a
sample,all_cr-65536,29,3342962,524295,8,435ec912e125c9f8ec95aa13ae97a7e5c07ec4f556588e54fb62969a2748fbef,119523d5019ffc56a1f411e3ea7c9b170aeeafbb9216c2b04156c486a419c04a
sample,all_cr-65536,30,3355403,524295,8,435ec912e125c9f8ec95aa13ae97a7e5c07ec4f556588e54fb62969a2748fbef,119523d5019ffc56a1f411e3ea7c9b170aeeafbb9216c2b04156c486a419c04a
sample,all_cr-65536,31,3339012,524295,8,435ec912e125c9f8ec95aa13ae97a7e5c07ec4f556588e54fb62969a2748fbef,119523d5019ffc56a1f411e3ea7c9b170aeeafbb9216c2b04156c486a419c04a
sample,all_cr-65536,32,3356552,524295,8,435ec912e125c9f8ec95aa13ae97a7e5c07ec4f556588e54fb62969a2748fbef,119523d5019ffc56a1f411e3ea7c9b170aeeafbb9216c2b04156c486a419c04a
sample,all_cr-65536,33,3341593,524295,8,435ec912e125c9f8ec95aa13ae97a7e5c07ec4f556588e54fb62969a2748fbef,119523d5019ffc56a1f411e3ea7c9b170aeeafbb9216c2b04156c486a419c04a
sample,all_cr-65536,34,3338842,524295,8,435ec912e125c9f8ec95aa13ae97a7e5c07ec4f556588e54fb62969a2748fbef,119523d5019ffc56a1f411e3ea7c9b170aeeafbb9216c2b04156c486a419c04a
sample,all_cr-65536,35,3336953,524295,8,435ec912e125c9f8ec95aa13ae97a7e5c07ec4f556588e54fb62969a2748fbef,119523d5019ffc56a1f411e3ea7c9b170aeeafbb9216c2b04156c486a419c04a
sample,all_cr-65536,36,3333352,524295,8,435ec912e125c9f8ec95aa13ae97a7e5c07ec4f556588e54fb62969a2748fbef,119523d5019ffc56a1f411e3ea7c9b170aeeafbb9216c2b04156c486a419c04a
sample,all_cr-65536,37,3340342,524295,8,435ec912e125c9f8ec95aa13ae97a7e5c07ec4f556588e54fb62969a2748fbef,119523d5019ffc56a1f411e3ea7c9b170aeeafbb9216c2b04156c486a419c04a
sample,all_cr-65536,38,3339702,524295,8,435ec912e125c9f8ec95aa13ae97a7e5c07ec4f556588e54fb62969a2748fbef,119523d5019ffc56a1f411e3ea7c9b170aeeafbb9216c2b04156c486a419c04a
sample,all_cr-65536,39,3345332,524295,8,435ec912e125c9f8ec95aa13ae97a7e5c07ec4f556588e54fb62969a2748fbef,119523d5019ffc56a1f411e3ea7c9b170aeeafbb9216c2b04156c486a419c04a
sample,all_cr-65536,40,3344053,524295,8,435ec912e125c9f8ec95aa13ae97a7e5c07ec4f556588e54fb62969a2748fbef,119523d5019ffc56a1f411e3ea7c9b170aeeafbb9216c2b04156c486a419c04a
sample,all_cr-65536,41,3346272,524295,8,435ec912e125c9f8ec95aa13ae97a7e5c07ec4f556588e54fb62969a2748fbef,119523d5019ffc56a1f411e3ea7c9b170aeeafbb9216c2b04156c486a419c04a
sample,all_cr-65536,42,3341042,524295,8,435ec912e125c9f8ec95aa13ae97a7e5c07ec4f556588e54fb62969a2748fbef,119523d5019ffc56a1f411e3ea7c9b170aeeafbb9216c2b04156c486a419c04a
sample,all_cr-65536,43,3336922,524295,8,435ec912e125c9f8ec95aa13ae97a7e5c07ec4f556588e54fb62969a2748fbef,119523d5019ffc56a1f411e3ea7c9b170aeeafbb9216c2b04156c486a419c04a
sample,all_cr-65536,44,3345092,524295,8,435ec912e125c9f8ec95aa13ae97a7e5c07ec4f556588e54fb62969a2748fbef,119523d5019ffc56a1f411e3ea7c9b170aeeafbb9216c2b04156c486a419c04a
sample,all_cr-65536,45,3336203,524295,8,435ec912e125c9f8ec95aa13ae97a7e5c07ec4f556588e54fb62969a2748fbef,119523d5019ffc56a1f411e3ea7c9b170aeeafbb9216c2b04156c486a419c04a
sample,all_cr-65536,46,3345252,524295,8,435ec912e125c9f8ec95aa13ae97a7e5c07ec4f556588e54fb62969a2748fbef,119523d5019ffc56a1f411e3ea7c9b170aeeafbb9216c2b04156c486a419c04a
sample,all_cr-65536,47,3341723,524295,8,435ec912e125c9f8ec95aa13ae97a7e5c07ec4f556588e54fb62969a2748fbef,119523d5019ffc56a1f411e3ea7c9b170aeeafbb9216c2b04156c486a419c04a
sample,all_cr-65536,48,3333532,524295,8,435ec912e125c9f8ec95aa13ae97a7e5c07ec4f556588e54fb62969a2748fbef,119523d5019ffc56a1f411e3ea7c9b170aeeafbb9216c2b04156c486a419c04a
sample,all_cr-65536,49,3340712,524295,8,435ec912e125c9f8ec95aa13ae97a7e5c07ec4f556588e54fb62969a2748fbef,119523d5019ffc56a1f411e3ea7c9b170aeeafbb9216c2b04156c486a419c04a
sample,all_cr-65536,50,3346883,524295,8,435ec912e125c9f8ec95aa13ae97a7e5c07ec4f556588e54fb62969a2748fbef,119523d5019ffc56a1f411e3ea7c9b170aeeafbb9216c2b04156c486a419c04a
sample,all_cr-65536,51,3345472,524295,8,435ec912e125c9f8ec95aa13ae97a7e5c07ec4f556588e54fb62969a2748fbef,119523d5019ffc56a1f411e3ea7c9b170aeeafbb9216c2b04156c486a419c04a
sample,all_cr-65536,52,3329573,524295,8,435ec912e125c9f8ec95aa13ae97a7e5c07ec4f556588e54fb62969a2748fbef,119523d5019ffc56a1f411e3ea7c9b170aeeafbb9216c2b04156c486a419c04a
sample,all_cr-65536,53,3344302,524295,8,435ec912e125c9f8ec95aa13ae97a7e5c07ec4f556588e54fb62969a2748fbef,119523d5019ffc56a1f411e3ea7c9b170aeeafbb9216c2b04156c486a419c04a
sample,all_cr-65536,54,3340392,524295,8,435ec912e125c9f8ec95aa13ae97a7e5c07ec4f556588e54fb62969a2748fbef,119523d5019ffc56a1f411e3ea7c9b170aeeafbb9216c2b04156c486a419c04a
sample,all_cr-65536,55,3342423,524295,8,435ec912e125c9f8ec95aa13ae97a7e5c07ec4f556588e54fb62969a2748fbef,119523d5019ffc56a1f411e3ea7c9b170aeeafbb9216c2b04156c486a419c04a
sample,all_cr-65536,56,3349462,524295,8,435ec912e125c9f8ec95aa13ae97a7e5c07ec4f556588e54fb62969a2748fbef,119523d5019ffc56a1f411e3ea7c9b170aeeafbb9216c2b04156c486a419c04a
sample,all_cr-65536,57,3340193,524295,8,435ec912e125c9f8ec95aa13ae97a7e5c07ec4f556588e54fb62969a2748fbef,119523d5019ffc56a1f411e3ea7c9b170aeeafbb9216c2b04156c486a419c04a
sample,all_cr-65536,58,3337282,524295,8,435ec912e125c9f8ec95aa13ae97a7e5c07ec4f556588e54fb62969a2748fbef,119523d5019ffc56a1f411e3ea7c9b170aeeafbb9216c2b04156c486a419c04a
sample,all_cr-65536,59,3332042,524295,8,435ec912e125c9f8ec95aa13ae97a7e5c07ec4f556588e54fb62969a2748fbef,119523d5019ffc56a1f411e3ea7c9b170aeeafbb9216c2b04156c486a419c04a
sample,all_cr-65536,60,3338773,524295,8,435ec912e125c9f8ec95aa13ae97a7e5c07ec4f556588e54fb62969a2748fbef,119523d5019ffc56a1f411e3ea7c9b170aeeafbb9216c2b04156c486a419c04a
sample,all_cr-65536,61,3332792,524295,8,435ec912e125c9f8ec95aa13ae97a7e5c07ec4f556588e54fb62969a2748fbef,119523d5019ffc56a1f411e3ea7c9b170aeeafbb9216c2b04156c486a419c04a
sample,all_cr-65536,62,3342743,524295,8,435ec912e125c9f8ec95aa13ae97a7e5c07ec4f556588e54fb62969a2748fbef,119523d5019ffc56a1f411e3ea7c9b170aeeafbb9216c2b04156c486a419c04a
sample,all_cr-65536,63,3338312,524295,8,435ec912e125c9f8ec95aa13ae97a7e5c07ec4f556588e54fb62969a2748fbef,119523d5019ffc56a1f411e3ea7c9b170aeeafbb9216c2b04156c486a419c04a
sample,all_cr-65536,64,3340062,524295,8,435ec912e125c9f8ec95aa13ae97a7e5c07ec4f556588e54fb62969a2748fbef,119523d5019ffc56a1f411e3ea7c9b170aeeafbb9216c2b04156c486a419c04a
sample,all_cr-65536,65,3335043,524295,8,435ec912e125c9f8ec95aa13ae97a7e5c07ec4f556588e54fb62969a2748fbef,119523d5019ffc56a1f411e3ea7c9b170aeeafbb9216c2b04156c486a419c04a
sample,all_cr-65536,66,3336782,524295,8,435ec912e125c9f8ec95aa13ae97a7e5c07ec4f556588e54fb62969a2748fbef,119523d5019ffc56a1f411e3ea7c9b170aeeafbb9216c2b04156c486a419c04a
sample,all_cr-65536,67,3341053,524295,8,435ec912e125c9f8ec95aa13ae97a7e5c07ec4f556588e54fb62969a2748fbef,119523d5019ffc56a1f411e3ea7c9b170aeeafbb9216c2b04156c486a419c04a
sample,all_cr-65536,68,3334452,524295,8,435ec912e125c9f8ec95aa13ae97a7e5c07ec4f556588e54fb62969a2748fbef,119523d5019ffc56a1f411e3ea7c9b170aeeafbb9216c2b04156c486a419c04a
sample,all_cr-65536,69,3338352,524295,8,435ec912e125c9f8ec95aa13ae97a7e5c07ec4f556588e54fb62969a2748fbef,119523d5019ffc56a1f411e3ea7c9b170aeeafbb9216c2b04156c486a419c04a
sample,all_cr-65536,70,3348393,524295,8,435ec912e125c9f8ec95aa13ae97a7e5c07ec4f556588e54fb62969a2748fbef,119523d5019ffc56a1f411e3ea7c9b170aeeafbb9216c2b04156c486a419c04a
sample,all_cr-65536,71,3330482,524295,8,435ec912e125c9f8ec95aa13ae97a7e5c07ec4f556588e54fb62969a2748fbef,119523d5019ffc56a1f411e3ea7c9b170aeeafbb9216c2b04156c486a419c04a
sample,all_cr-65536,72,3341273,524295,8,435ec912e125c9f8ec95aa13ae97a7e5c07ec4f556588e54fb62969a2748fbef,119523d5019ffc56a1f411e3ea7c9b170aeeafbb9216c2b04156c486a419c04a
sample,all_cr-65536,73,3343622,524295,8,435ec912e125c9f8ec95aa13ae97a7e5c07ec4f556588e54fb62969a2748fbef,119523d5019ffc56a1f411e3ea7c9b170aeeafbb9216c2b04156c486a419c04a
sample,all_cr-65536,74,3339632,524295,8,435ec912e125c9f8ec95aa13ae97a7e5c07ec4f556588e54fb62969a2748fbef,119523d5019ffc56a1f411e3ea7c9b170aeeafbb9216c2b04156c486a419c04a
sample,all_cr-65536,75,3340523,524295,8,435ec912e125c9f8ec95aa13ae97a7e5c07ec4f556588e54fb62969a2748fbef,119523d5019ffc56a1f411e3ea7c9b170aeeafbb9216c2b04156c486a419c04a
sample,all_cr-65536,76,3346712,524295,8,435ec912e125c9f8ec95aa13ae97a7e5c07ec4f556588e54fb62969a2748fbef,119523d5019ffc56a1f411e3ea7c9b170aeeafbb9216c2b04156c486a419c04a
sample,all_cr-65536,77,3335523,524295,8,435ec912e125c9f8ec95aa13ae97a7e5c07ec4f556588e54fb62969a2748fbef,119523d5019ffc56a1f411e3ea7c9b170aeeafbb9216c2b04156c486a419c04a
sample,all_cr-65536,78,3383992,524295,8,435ec912e125c9f8ec95aa13ae97a7e5c07ec4f556588e54fb62969a2748fbef,119523d5019ffc56a1f411e3ea7c9b170aeeafbb9216c2b04156c486a419c04a
sample,all_cr-65536,79,3347563,524295,8,435ec912e125c9f8ec95aa13ae97a7e5c07ec4f556588e54fb62969a2748fbef,119523d5019ffc56a1f411e3ea7c9b170aeeafbb9216c2b04156c486a419c04a
sample,all_cr-65536,80,3340622,524295,8,435ec912e125c9f8ec95aa13ae97a7e5c07ec4f556588e54fb62969a2748fbef,119523d5019ffc56a1f411e3ea7c9b170aeeafbb9216c2b04156c486a419c04a
sample,all_cr-65536,81,3338062,524295,8,435ec912e125c9f8ec95aa13ae97a7e5c07ec4f556588e54fb62969a2748fbef,119523d5019ffc56a1f411e3ea7c9b170aeeafbb9216c2b04156c486a419c04a
sample,all_cr-65536,82,3355803,524295,8,435ec912e125c9f8ec95aa13ae97a7e5c07ec4f556588e54fb62969a2748fbef,119523d5019ffc56a1f411e3ea7c9b170aeeafbb9216c2b04156c486a419c04a
sample,all_cr-65536,83,3341322,524295,8,435ec912e125c9f8ec95aa13ae97a7e5c07ec4f556588e54fb62969a2748fbef,119523d5019ffc56a1f411e3ea7c9b170aeeafbb9216c2b04156c486a419c04a
sample,all_cr-65536,84,3331353,524295,8,435ec912e125c9f8ec95aa13ae97a7e5c07ec4f556588e54fb62969a2748fbef,119523d5019ffc56a1f411e3ea7c9b170aeeafbb9216c2b04156c486a419c04a
sample,all_cr-65536,85,3350012,524295,8,435ec912e125c9f8ec95aa13ae97a7e5c07ec4f556588e54fb62969a2748fbef,119523d5019ffc56a1f411e3ea7c9b170aeeafbb9216c2b04156c486a419c04a
sample,all_cr-65536,86,3345122,524295,8,435ec912e125c9f8ec95aa13ae97a7e5c07ec4f556588e54fb62969a2748fbef,119523d5019ffc56a1f411e3ea7c9b170aeeafbb9216c2b04156c486a419c04a
sample,all_cr-65536,87,3340073,524295,8,435ec912e125c9f8ec95aa13ae97a7e5c07ec4f556588e54fb62969a2748fbef,119523d5019ffc56a1f411e3ea7c9b170aeeafbb9216c2b04156c486a419c04a
sample,all_cr-65536,88,3349192,524295,8,435ec912e125c9f8ec95aa13ae97a7e5c07ec4f556588e54fb62969a2748fbef,119523d5019ffc56a1f411e3ea7c9b170aeeafbb9216c2b04156c486a419c04a
sample,all_cr-65536,89,3333613,524295,8,435ec912e125c9f8ec95aa13ae97a7e5c07ec4f556588e54fb62969a2748fbef,119523d5019ffc56a1f411e3ea7c9b170aeeafbb9216c2b04156c486a419c04a
sample,all_cr-65536,90,3334392,524295,8,435ec912e125c9f8ec95aa13ae97a7e5c07ec4f556588e54fb62969a2748fbef,119523d5019ffc56a1f411e3ea7c9b170aeeafbb9216c2b04156c486a419c04a
sample,all_cr-65536,91,3343092,524295,8,435ec912e125c9f8ec95aa13ae97a7e5c07ec4f556588e54fb62969a2748fbef,119523d5019ffc56a1f411e3ea7c9b170aeeafbb9216c2b04156c486a419c04a
sample,all_cr-65536,92,3337113,524295,8,435ec912e125c9f8ec95aa13ae97a7e5c07ec4f556588e54fb62969a2748fbef,119523d5019ffc56a1f411e3ea7c9b170aeeafbb9216c2b04156c486a419c04a
sample,all_cr-65536,93,3347072,524295,8,435ec912e125c9f8ec95aa13ae97a7e5c07ec4f556588e54fb62969a2748fbef,119523d5019ffc56a1f411e3ea7c9b170aeeafbb9216c2b04156c486a419c04a
sample,all_cr-65536,94,3582424,524295,8,435ec912e125c9f8ec95aa13ae97a7e5c07ec4f556588e54fb62969a2748fbef,119523d5019ffc56a1f411e3ea7c9b170aeeafbb9216c2b04156c486a419c04a
sample,all_cr-65536,95,3338352,524295,8,435ec912e125c9f8ec95aa13ae97a7e5c07ec4f556588e54fb62969a2748fbef,119523d5019ffc56a1f411e3ea7c9b170aeeafbb9216c2b04156c486a419c04a
sample,all_cr-65536,96,3341882,524295,8,435ec912e125c9f8ec95aa13ae97a7e5c07ec4f556588e54fb62969a2748fbef,119523d5019ffc56a1f411e3ea7c9b170aeeafbb9216c2b04156c486a419c04a
sample,all_cr-65536,97,3343493,524295,8,435ec912e125c9f8ec95aa13ae97a7e5c07ec4f556588e54fb62969a2748fbef,119523d5019ffc56a1f411e3ea7c9b170aeeafbb9216c2b04156c486a419c04a
sample,all_cr-65536,98,3335562,524295,8,435ec912e125c9f8ec95aa13ae97a7e5c07ec4f556588e54fb62969a2748fbef,119523d5019ffc56a1f411e3ea7c9b170aeeafbb9216c2b04156c486a419c04a
sample,all_cr-65536,99,3338763,524295,8,435ec912e125c9f8ec95aa13ae97a7e5c07ec4f556588e54fb62969a2748fbef,119523d5019ffc56a1f411e3ea7c9b170aeeafbb9216c2b04156c486a419c04a
sample,all_cr-65536,100,3334292,524295,8,435ec912e125c9f8ec95aa13ae97a7e5c07ec4f556588e54fb62969a2748fbef,119523d5019ffc56a1f411e3ea7c9b170aeeafbb9216c2b04156c486a419c04a
sample,all_cr-65536,101,3340092,524295,8,435ec912e125c9f8ec95aa13ae97a7e5c07ec4f556588e54fb62969a2748fbef,119523d5019ffc56a1f411e3ea7c9b170aeeafbb9216c2b04156c486a419c04a
sample,all_cr-65536,102,3340223,524295,8,435ec912e125c9f8ec95aa13ae97a7e5c07ec4f556588e54fb62969a2748fbef,119523d5019ffc56a1f411e3ea7c9b170aeeafbb9216c2b04156c486a419c04a
sample,all_cr-65536,103,3338392,524295,8,435ec912e125c9f8ec95aa13ae97a7e5c07ec4f556588e54fb62969a2748fbef,119523d5019ffc56a1f411e3ea7c9b170aeeafbb9216c2b04156c486a419c04a
sample,all_cr-65536,104,3340723,524295,8,435ec912e125c9f8ec95aa13ae97a7e5c07ec4f556588e54fb62969a2748fbef,119523d5019ffc56a1f411e3ea7c9b170aeeafbb9216c2b04156c486a419c04a
sample,all_cr-65536,105,3338022,524295,8,435ec912e125c9f8ec95aa13ae97a7e5c07ec4f556588e54fb62969a2748fbef,119523d5019ffc56a1f411e3ea7c9b170aeeafbb9216c2b04156c486a419c04a
sample,all_cr-65536,106,3335272,524295,8,435ec912e125c9f8ec95aa13ae97a7e5c07ec4f556588e54fb62969a2748fbef,119523d5019ffc56a1f411e3ea7c9b170aeeafbb9216c2b04156c486a419c04a
sample,all_cr-65536,107,3346903,524295,8,435ec912e125c9f8ec95aa13ae97a7e5c07ec4f556588e54fb62969a2748fbef,119523d5019ffc56a1f411e3ea7c9b170aeeafbb9216c2b04156c486a419c04a
sample,all_cr-65536,108,3333762,524295,8,435ec912e125c9f8ec95aa13ae97a7e5c07ec4f556588e54fb62969a2748fbef,119523d5019ffc56a1f411e3ea7c9b170aeeafbb9216c2b04156c486a419c04a
sample,all_cr-65536,109,3339183,524295,8,435ec912e125c9f8ec95aa13ae97a7e5c07ec4f556588e54fb62969a2748fbef,119523d5019ffc56a1f411e3ea7c9b170aeeafbb9216c2b04156c486a419c04a
sample,all_cr-65536,110,3340792,524295,8,435ec912e125c9f8ec95aa13ae97a7e5c07ec4f556588e54fb62969a2748fbef,119523d5019ffc56a1f411e3ea7c9b170aeeafbb9216c2b04156c486a419c04a
sample,all_cr-65536,111,3340182,524295,8,435ec912e125c9f8ec95aa13ae97a7e5c07ec4f556588e54fb62969a2748fbef,119523d5019ffc56a1f411e3ea7c9b170aeeafbb9216c2b04156c486a419c04a
sample,all_cr-65536,112,3341383,524295,8,435ec912e125c9f8ec95aa13ae97a7e5c07ec4f556588e54fb62969a2748fbef,119523d5019ffc56a1f411e3ea7c9b170aeeafbb9216c2b04156c486a419c04a
sample,all_cr-65536,113,3345252,524295,8,435ec912e125c9f8ec95aa13ae97a7e5c07ec4f556588e54fb62969a2748fbef,119523d5019ffc56a1f411e3ea7c9b170aeeafbb9216c2b04156c486a419c04a
sample,all_cr-65536,114,3335673,524295,8,435ec912e125c9f8ec95aa13ae97a7e5c07ec4f556588e54fb62969a2748fbef,119523d5019ffc56a1f411e3ea7c9b170aeeafbb9216c2b04156c486a419c04a
sample,all_cr-65536,115,3334742,524295,8,435ec912e125c9f8ec95aa13ae97a7e5c07ec4f556588e54fb62969a2748fbef,119523d5019ffc56a1f411e3ea7c9b170aeeafbb9216c2b04156c486a419c04a
sample,all_cr-65536,116,3347772,524295,8,435ec912e125c9f8ec95aa13ae97a7e5c07ec4f556588e54fb62969a2748fbef,119523d5019ffc56a1f411e3ea7c9b170aeeafbb9216c2b04156c486a419c04a
sample,all_cr-65536,117,3339423,524295,8,435ec912e125c9f8ec95aa13ae97a7e5c07ec4f556588e54fb62969a2748fbef,119523d5019ffc56a1f411e3ea7c9b170aeeafbb9216c2b04156c486a419c04a
sample,all_cr-65536,118,3335122,524295,8,435ec912e125c9f8ec95aa13ae97a7e5c07ec4f556588e54fb62969a2748fbef,119523d5019ffc56a1f411e3ea7c9b170aeeafbb9216c2b04156c486a419c04a
sample,all_cr-65536,119,3345363,524295,8,435ec912e125c9f8ec95aa13ae97a7e5c07ec4f556588e54fb62969a2748fbef,119523d5019ffc56a1f411e3ea7c9b170aeeafbb9216c2b04156c486a419c04a
sample,all_cr-65536,120,3333112,524295,8,435ec912e125c9f8ec95aa13ae97a7e5c07ec4f556588e54fb62969a2748fbef,119523d5019ffc56a1f411e3ea7c9b170aeeafbb9216c2b04156c486a419c04a
sample,all_cr-65536,121,3334742,524295,8,435ec912e125c9f8ec95aa13ae97a7e5c07ec4f556588e54fb62969a2748fbef,119523d5019ffc56a1f411e3ea7c9b170aeeafbb9216c2b04156c486a419c04a
sample,all_cr-65536,122,3348463,524295,8,435ec912e125c9f8ec95aa13ae97a7e5c07ec4f556588e54fb62969a2748fbef,119523d5019ffc56a1f411e3ea7c9b170aeeafbb9216c2b04156c486a419c04a
sample,all_cr-65536,123,3342002,524295,8,435ec912e125c9f8ec95aa13ae97a7e5c07ec4f556588e54fb62969a2748fbef,119523d5019ffc56a1f411e3ea7c9b170aeeafbb9216c2b04156c486a419c04a
sample,all_cr-65536,124,3340633,524295,8,435ec912e125c9f8ec95aa13ae97a7e5c07ec4f556588e54fb62969a2748fbef,119523d5019ffc56a1f411e3ea7c9b170aeeafbb9216c2b04156c486a419c04a
sample,all_cr-65536,125,3347832,524295,8,435ec912e125c9f8ec95aa13ae97a7e5c07ec4f556588e54fb62969a2748fbef,119523d5019ffc56a1f411e3ea7c9b170aeeafbb9216c2b04156c486a419c04a
sample,all_cr-65536,126,3336922,524295,8,435ec912e125c9f8ec95aa13ae97a7e5c07ec4f556588e54fb62969a2748fbef,119523d5019ffc56a1f411e3ea7c9b170aeeafbb9216c2b04156c486a419c04a
sample,all_cr-65536,127,3336353,524295,8,435ec912e125c9f8ec95aa13ae97a7e5c07ec4f556588e54fb62969a2748fbef,119523d5019ffc56a1f411e3ea7c9b170aeeafbb9216c2b04156c486a419c04a
sample,all_cr-65536,128,3343572,524295,8,435ec912e125c9f8ec95aa13ae97a7e5c07ec4f556588e54fb62969a2748fbef,119523d5019ffc56a1f411e3ea7c9b170aeeafbb9216c2b04156c486a419c04a
sample,all_cr-65536,129,3336133,524295,8,435ec912e125c9f8ec95aa13ae97a7e5c07ec4f556588e54fb62969a2748fbef,119523d5019ffc56a1f411e3ea7c9b170aeeafbb9216c2b04156c486a419c04a
sample,all_cr-65536,130,3337922,524295,8,435ec912e125c9f8ec95aa13ae97a7e5c07ec4f556588e54fb62969a2748fbef,119523d5019ffc56a1f411e3ea7c9b170aeeafbb9216c2b04156c486a419c04a
sample,all_cr-65536,131,3344042,524295,8,435ec912e125c9f8ec95aa13ae97a7e5c07ec4f556588e54fb62969a2748fbef,119523d5019ffc56a1f411e3ea7c9b170aeeafbb9216c2b04156c486a419c04a
sample,all_cr-65536,132,3340693,524295,8,435ec912e125c9f8ec95aa13ae97a7e5c07ec4f556588e54fb62969a2748fbef,119523d5019ffc56a1f411e3ea7c9b170aeeafbb9216c2b04156c486a419c04a
sample,all_cr-65536,133,3329782,524295,8,435ec912e125c9f8ec95aa13ae97a7e5c07ec4f556588e54fb62969a2748fbef,119523d5019ffc56a1f411e3ea7c9b170aeeafbb9216c2b04156c486a419c04a
sample,all_cr-65536,134,3348933,524295,8,435ec912e125c9f8ec95aa13ae97a7e5c07ec4f556588e54fb62969a2748fbef,119523d5019ffc56a1f411e3ea7c9b170aeeafbb9216c2b04156c486a419c04a
sample,all_cr-65536,135,3336352,524295,8,435ec912e125c9f8ec95aa13ae97a7e5c07ec4f556588e54fb62969a2748fbef,119523d5019ffc56a1f411e3ea7c9b170aeeafbb9216c2b04156c486a419c04a
sample,all_cr-65536,136,3334832,524295,8,435ec912e125c9f8ec95aa13ae97a7e5c07ec4f556588e54fb62969a2748fbef,119523d5019ffc56a1f411e3ea7c9b170aeeafbb9216c2b04156c486a419c04a
sample,all_cr-65536,137,3340833,524295,8,435ec912e125c9f8ec95aa13ae97a7e5c07ec4f556588e54fb62969a2748fbef,119523d5019ffc56a1f411e3ea7c9b170aeeafbb9216c2b04156c486a419c04a
sample,all_cr-65536,138,3331852,524295,8,435ec912e125c9f8ec95aa13ae97a7e5c07ec4f556588e54fb62969a2748fbef,119523d5019ffc56a1f411e3ea7c9b170aeeafbb9216c2b04156c486a419c04a
sample,all_cr-65536,139,3331022,524295,8,435ec912e125c9f8ec95aa13ae97a7e5c07ec4f556588e54fb62969a2748fbef,119523d5019ffc56a1f411e3ea7c9b170aeeafbb9216c2b04156c486a419c04a
sample,all_cr-65536,140,3347603,524295,8,435ec912e125c9f8ec95aa13ae97a7e5c07ec4f556588e54fb62969a2748fbef,119523d5019ffc56a1f411e3ea7c9b170aeeafbb9216c2b04156c486a419c04a
sample,all_cr-65536,141,3334042,524295,8,435ec912e125c9f8ec95aa13ae97a7e5c07ec4f556588e54fb62969a2748fbef,119523d5019ffc56a1f411e3ea7c9b170aeeafbb9216c2b04156c486a419c04a
sample,all_cr-65536,142,3348413,524295,8,435ec912e125c9f8ec95aa13ae97a7e5c07ec4f556588e54fb62969a2748fbef,119523d5019ffc56a1f411e3ea7c9b170aeeafbb9216c2b04156c486a419c04a
sample,all_cr-65536,143,3343242,524295,8,435ec912e125c9f8ec95aa13ae97a7e5c07ec4f556588e54fb62969a2748fbef,119523d5019ffc56a1f411e3ea7c9b170aeeafbb9216c2b04156c486a419c04a
sample,all_cr-65536,144,3339153,524295,8,435ec912e125c9f8ec95aa13ae97a7e5c07ec4f556588e54fb62969a2748fbef,119523d5019ffc56a1f411e3ea7c9b170aeeafbb9216c2b04156c486a419c04a
sample,all_cr-65536,145,3336482,524295,8,435ec912e125c9f8ec95aa13ae97a7e5c07ec4f556588e54fb62969a2748fbef,119523d5019ffc56a1f411e3ea7c9b170aeeafbb9216c2b04156c486a419c04a
sample,all_cr-65536,146,3335092,524295,8,435ec912e125c9f8ec95aa13ae97a7e5c07ec4f556588e54fb62969a2748fbef,119523d5019ffc56a1f411e3ea7c9b170aeeafbb9216c2b04156c486a419c04a
sample,all_cr-65536,147,3344073,524295,8,435ec912e125c9f8ec95aa13ae97a7e5c07ec4f556588e54fb62969a2748fbef,119523d5019ffc56a1f411e3ea7c9b170aeeafbb9216c2b04156c486a419c04a
sample,all_cr-65536,148,3339862,524295,8,435ec912e125c9f8ec95aa13ae97a7e5c07ec4f556588e54fb62969a2748fbef,119523d5019ffc56a1f411e3ea7c9b170aeeafbb9216c2b04156c486a419c04a
sample,all_cr-65536,149,3331832,524295,8,435ec912e125c9f8ec95aa13ae97a7e5c07ec4f556588e54fb62969a2748fbef,119523d5019ffc56a1f411e3ea7c9b170aeeafbb9216c2b04156c486a419c04a
sample,all_cr-65536,150,3335593,524295,8,435ec912e125c9f8ec95aa13ae97a7e5c07ec4f556588e54fb62969a2748fbef,119523d5019ffc56a1f411e3ea7c9b170aeeafbb9216c2b04156c486a419c04a
sample,all_cr-65536,151,3336472,524295,8,435ec912e125c9f8ec95aa13ae97a7e5c07ec4f556588e54fb62969a2748fbef,119523d5019ffc56a1f411e3ea7c9b170aeeafbb9216c2b04156c486a419c04a
sample,all_cr-65536,152,3335073,524295,8,435ec912e125c9f8ec95aa13ae97a7e5c07ec4f556588e54fb62969a2748fbef,119523d5019ffc56a1f411e3ea7c9b170aeeafbb9216c2b04156c486a419c04a
sample,all_cr-65536,153,3340512,524295,8,435ec912e125c9f8ec95aa13ae97a7e5c07ec4f556588e54fb62969a2748fbef,119523d5019ffc56a1f411e3ea7c9b170aeeafbb9216c2b04156c486a419c04a
sample,all_cr-65536,154,3357873,524295,8,435ec912e125c9f8ec95aa13ae97a7e5c07ec4f556588e54fb62969a2748fbef,119523d5019ffc56a1f411e3ea7c9b170aeeafbb9216c2b04156c486a419c04a
sample,all_cr-65536,155,3334162,524295,8,435ec912e125c9f8ec95aa13ae97a7e5c07ec4f556588e54fb62969a2748fbef,119523d5019ffc56a1f411e3ea7c9b170aeeafbb9216c2b04156c486a419c04a
sample,all_cr-65536,156,3339852,524295,8,435ec912e125c9f8ec95aa13ae97a7e5c07ec4f556588e54fb62969a2748fbef,119523d5019ffc56a1f411e3ea7c9b170aeeafbb9216c2b04156c486a419c04a
sample,all_cr-65536,157,3340643,524295,8,435ec912e125c9f8ec95aa13ae97a7e5c07ec4f556588e54fb62969a2748fbef,119523d5019ffc56a1f411e3ea7c9b170aeeafbb9216c2b04156c486a419c04a
sample,all_cr-65536,158,3408012,524295,8,435ec912e125c9f8ec95aa13ae97a7e5c07ec4f556588e54fb62969a2748fbef,119523d5019ffc56a1f411e3ea7c9b170aeeafbb9216c2b04156c486a419c04a
sample,all_cr-65536,159,3334133,524295,8,435ec912e125c9f8ec95aa13ae97a7e5c07ec4f556588e54fb62969a2748fbef,119523d5019ffc56a1f411e3ea7c9b170aeeafbb9216c2b04156c486a419c04a
sample,all_cr-65536,160,3341332,524295,8,435ec912e125c9f8ec95aa13ae97a7e5c07ec4f556588e54fb62969a2748fbef,119523d5019ffc56a1f411e3ea7c9b170aeeafbb9216c2b04156c486a419c04a
sample,all_cr-65536,161,3341723,524295,8,435ec912e125c9f8ec95aa13ae97a7e5c07ec4f556588e54fb62969a2748fbef,119523d5019ffc56a1f411e3ea7c9b170aeeafbb9216c2b04156c486a419c04a
sample,all_cr-65536,162,3337652,524295,8,435ec912e125c9f8ec95aa13ae97a7e5c07ec4f556588e54fb62969a2748fbef,119523d5019ffc56a1f411e3ea7c9b170aeeafbb9216c2b04156c486a419c04a
sample,all_cr-65536,163,3338332,524295,8,435ec912e125c9f8ec95aa13ae97a7e5c07ec4f556588e54fb62969a2748fbef,119523d5019ffc56a1f411e3ea7c9b170aeeafbb9216c2b04156c486a419c04a
sample,all_cr-65536,164,3340413,524295,8,435ec912e125c9f8ec95aa13ae97a7e5c07ec4f556588e54fb62969a2748fbef,119523d5019ffc56a1f411e3ea7c9b170aeeafbb9216c2b04156c486a419c04a
sample,all_cr-65536,165,3332102,524295,8,435ec912e125c9f8ec95aa13ae97a7e5c07ec4f556588e54fb62969a2748fbef,119523d5019ffc56a1f411e3ea7c9b170aeeafbb9216c2b04156c486a419c04a
sample,all_cr-65536,166,3347493,524295,8,435ec912e125c9f8ec95aa13ae97a7e5c07ec4f556588e54fb62969a2748fbef,119523d5019ffc56a1f411e3ea7c9b170aeeafbb9216c2b04156c486a419c04a
sample,all_cr-65536,167,3368552,524295,8,435ec912e125c9f8ec95aa13ae97a7e5c07ec4f556588e54fb62969a2748fbef,119523d5019ffc56a1f411e3ea7c9b170aeeafbb9216c2b04156c486a419c04a
sample,all_cr-65536,168,3334242,524295,8,435ec912e125c9f8ec95aa13ae97a7e5c07ec4f556588e54fb62969a2748fbef,119523d5019ffc56a1f411e3ea7c9b170aeeafbb9216c2b04156c486a419c04a
sample,all_cr-65536,169,3336833,524295,8,435ec912e125c9f8ec95aa13ae97a7e5c07ec4f556588e54fb62969a2748fbef,119523d5019ffc56a1f411e3ea7c9b170aeeafbb9216c2b04156c486a419c04a
sample,all_cr-65536,170,3340722,524295,8,435ec912e125c9f8ec95aa13ae97a7e5c07ec4f556588e54fb62969a2748fbef,119523d5019ffc56a1f411e3ea7c9b170aeeafbb9216c2b04156c486a419c04a
sample,all_cr-65536,171,3349133,524295,8,435ec912e125c9f8ec95aa13ae97a7e5c07ec4f556588e54fb62969a2748fbef,119523d5019ffc56a1f411e3ea7c9b170aeeafbb9216c2b04156c486a419c04a
sample,all_cr-65536,172,3344402,524295,8,435ec912e125c9f8ec95aa13ae97a7e5c07ec4f556588e54fb62969a2748fbef,119523d5019ffc56a1f411e3ea7c9b170aeeafbb9216c2b04156c486a419c04a
sample,all_cr-65536,173,3337742,524295,8,435ec912e125c9f8ec95aa13ae97a7e5c07ec4f556588e54fb62969a2748fbef,119523d5019ffc56a1f411e3ea7c9b170aeeafbb9216c2b04156c486a419c04a
sample,all_cr-65536,174,3340003,524295,8,435ec912e125c9f8ec95aa13ae97a7e5c07ec4f556588e54fb62969a2748fbef,119523d5019ffc56a1f411e3ea7c9b170aeeafbb9216c2b04156c486a419c04a
sample,all_cr-65536,175,3331422,524295,8,435ec912e125c9f8ec95aa13ae97a7e5c07ec4f556588e54fb62969a2748fbef,119523d5019ffc56a1f411e3ea7c9b170aeeafbb9216c2b04156c486a419c04a
sample,all_cr-65536,176,3337003,524295,8,435ec912e125c9f8ec95aa13ae97a7e5c07ec4f556588e54fb62969a2748fbef,119523d5019ffc56a1f411e3ea7c9b170aeeafbb9216c2b04156c486a419c04a
sample,all_cr-65536,177,3334882,524295,8,435ec912e125c9f8ec95aa13ae97a7e5c07ec4f556588e54fb62969a2748fbef,119523d5019ffc56a1f411e3ea7c9b170aeeafbb9216c2b04156c486a419c04a
sample,all_cr-65536,178,3337782,524295,8,435ec912e125c9f8ec95aa13ae97a7e5c07ec4f556588e54fb62969a2748fbef,119523d5019ffc56a1f411e3ea7c9b170aeeafbb9216c2b04156c486a419c04a
sample,all_cr-65536,179,3345773,524295,8,435ec912e125c9f8ec95aa13ae97a7e5c07ec4f556588e54fb62969a2748fbef,119523d5019ffc56a1f411e3ea7c9b170aeeafbb9216c2b04156c486a419c04a
sample,all_cr-65536,180,3347632,524295,8,435ec912e125c9f8ec95aa13ae97a7e5c07ec4f556588e54fb62969a2748fbef,119523d5019ffc56a1f411e3ea7c9b170aeeafbb9216c2b04156c486a419c04a
sample,all_cr-65536,181,3334053,524295,8,435ec912e125c9f8ec95aa13ae97a7e5c07ec4f556588e54fb62969a2748fbef,119523d5019ffc56a1f411e3ea7c9b170aeeafbb9216c2b04156c486a419c04a
sample,all_cr-65536,182,3397962,524295,8,435ec912e125c9f8ec95aa13ae97a7e5c07ec4f556588e54fb62969a2748fbef,119523d5019ffc56a1f411e3ea7c9b170aeeafbb9216c2b04156c486a419c04a
sample,all_cr-65536,183,3352743,524295,8,435ec912e125c9f8ec95aa13ae97a7e5c07ec4f556588e54fb62969a2748fbef,119523d5019ffc56a1f411e3ea7c9b170aeeafbb9216c2b04156c486a419c04a
sample,all_cr-65536,184,3575133,524295,8,435ec912e125c9f8ec95aa13ae97a7e5c07ec4f556588e54fb62969a2748fbef,119523d5019ffc56a1f411e3ea7c9b170aeeafbb9216c2b04156c486a419c04a
sample,all_cr-65536,185,3401233,524295,8,435ec912e125c9f8ec95aa13ae97a7e5c07ec4f556588e54fb62969a2748fbef,119523d5019ffc56a1f411e3ea7c9b170aeeafbb9216c2b04156c486a419c04a
sample,all_cr-65536,186,3340822,524295,8,435ec912e125c9f8ec95aa13ae97a7e5c07ec4f556588e54fb62969a2748fbef,119523d5019ffc56a1f411e3ea7c9b170aeeafbb9216c2b04156c486a419c04a
sample,all_cr-65536,187,3338572,524295,8,435ec912e125c9f8ec95aa13ae97a7e5c07ec4f556588e54fb62969a2748fbef,119523d5019ffc56a1f411e3ea7c9b170aeeafbb9216c2b04156c486a419c04a
sample,all_cr-65536,188,3347893,524295,8,435ec912e125c9f8ec95aa13ae97a7e5c07ec4f556588e54fb62969a2748fbef,119523d5019ffc56a1f411e3ea7c9b170aeeafbb9216c2b04156c486a419c04a
sample,all_cr-65536,189,3345902,524295,8,435ec912e125c9f8ec95aa13ae97a7e5c07ec4f556588e54fb62969a2748fbef,119523d5019ffc56a1f411e3ea7c9b170aeeafbb9216c2b04156c486a419c04a
sample,all_cr-65536,190,3341063,524295,8,435ec912e125c9f8ec95aa13ae97a7e5c07ec4f556588e54fb62969a2748fbef,119523d5019ffc56a1f411e3ea7c9b170aeeafbb9216c2b04156c486a419c04a
sample,all_cr-65536,191,3351452,524295,8,435ec912e125c9f8ec95aa13ae97a7e5c07ec4f556588e54fb62969a2748fbef,119523d5019ffc56a1f411e3ea7c9b170aeeafbb9216c2b04156c486a419c04a
sample,all_cr-65536,192,3344123,524295,8,435ec912e125c9f8ec95aa13ae97a7e5c07ec4f556588e54fb62969a2748fbef,119523d5019ffc56a1f411e3ea7c9b170aeeafbb9216c2b04156c486a419c04a
sample,all_cr-65536,193,3339972,524295,8,435ec912e125c9f8ec95aa13ae97a7e5c07ec4f556588e54fb62969a2748fbef,119523d5019ffc56a1f411e3ea7c9b170aeeafbb9216c2b04156c486a419c04a
sample,all_cr-65536,194,3412013,524295,8,435ec912e125c9f8ec95aa13ae97a7e5c07ec4f556588e54fb62969a2748fbef,119523d5019ffc56a1f411e3ea7c9b170aeeafbb9216c2b04156c486a419c04a
sample,all_cr-65536,195,3339672,524295,8,435ec912e125c9f8ec95aa13ae97a7e5c07ec4f556588e54fb62969a2748fbef,119523d5019ffc56a1f411e3ea7c9b170aeeafbb9216c2b04156c486a419c04a
sample,all_cr-65536,196,3341622,524295,8,435ec912e125c9f8ec95aa13ae97a7e5c07ec4f556588e54fb62969a2748fbef,119523d5019ffc56a1f411e3ea7c9b170aeeafbb9216c2b04156c486a419c04a
sample,all_cr-65536,197,3342783,524295,8,435ec912e125c9f8ec95aa13ae97a7e5c07ec4f556588e54fb62969a2748fbef,119523d5019ffc56a1f411e3ea7c9b170aeeafbb9216c2b04156c486a419c04a
sample,all_cr-65536,198,3342382,524295,8,435ec912e125c9f8ec95aa13ae97a7e5c07ec4f556588e54fb62969a2748fbef,119523d5019ffc56a1f411e3ea7c9b170aeeafbb9216c2b04156c486a419c04a
sample,all_cr-65536,199,3344963,524295,8,435ec912e125c9f8ec95aa13ae97a7e5c07ec4f556588e54fb62969a2748fbef,119523d5019ffc56a1f411e3ea7c9b170aeeafbb9216c2b04156c486a419c04a
sample,all_cr-65536,200,3338162,524295,8,435ec912e125c9f8ec95aa13ae97a7e5c07ec4f556588e54fb62969a2748fbef,119523d5019ffc56a1f411e3ea7c9b170aeeafbb9216c2b04156c486a419c04a
sample,all_cr-65536,201,3339913,524295,8,435ec912e125c9f8ec95aa13ae97a7e5c07ec4f556588e54fb62969a2748fbef,119523d5019ffc56a1f411e3ea7c9b170aeeafbb9216c2b04156c486a419c04a
sample,all_cr-65536,202,3587223,524295,8,435ec912e125c9f8ec95aa13ae97a7e5c07ec4f556588e54fb62969a2748fbef,119523d5019ffc56a1f411e3ea7c9b170aeeafbb9216c2b04156c486a419c04a
sample,all_cr-65536,203,3342022,524295,8,435ec912e125c9f8ec95aa13ae97a7e5c07ec4f556588e54fb62969a2748fbef,119523d5019ffc56a1f411e3ea7c9b170aeeafbb9216c2b04156c486a419c04a
sample,all_cr-65536,204,3347673,524295,8,435ec912e125c9f8ec95aa13ae97a7e5c07ec4f556588e54fb62969a2748fbef,119523d5019ffc56a1f411e3ea7c9b170aeeafbb9216c2b04156c486a419c04a
sample,all_cr-65536,205,3342842,524295,8,435ec912e125c9f8ec95aa13ae97a7e5c07ec4f556588e54fb62969a2748fbef,119523d5019ffc56a1f411e3ea7c9b170aeeafbb9216c2b04156c486a419c04a
sample,all_cr-65536,206,3339272,524295,8,435ec912e125c9f8ec95aa13ae97a7e5c07ec4f556588e54fb62969a2748fbef,119523d5019ffc56a1f411e3ea7c9b170aeeafbb9216c2b04156c486a419c04a
sample,all_cr-65536,207,3344483,524295,8,435ec912e125c9f8ec95aa13ae97a7e5c07ec4f556588e54fb62969a2748fbef,119523d5019ffc56a1f411e3ea7c9b170aeeafbb9216c2b04156c486a419c04a
sample,all_cr-65536,208,3339342,524295,8,435ec912e125c9f8ec95aa13ae97a7e5c07ec4f556588e54fb62969a2748fbef,119523d5019ffc56a1f411e3ea7c9b170aeeafbb9216c2b04156c486a419c04a
sample,all_cr-65536,209,3383883,524295,8,435ec912e125c9f8ec95aa13ae97a7e5c07ec4f556588e54fb62969a2748fbef,119523d5019ffc56a1f411e3ea7c9b170aeeafbb9216c2b04156c486a419c04a
sample,all_cr-65536,210,3350672,524295,8,435ec912e125c9f8ec95aa13ae97a7e5c07ec4f556588e54fb62969a2748fbef,119523d5019ffc56a1f411e3ea7c9b170aeeafbb9216c2b04156c486a419c04a
sample,all_cr-65536,211,3339653,524295,8,435ec912e125c9f8ec95aa13ae97a7e5c07ec4f556588e54fb62969a2748fbef,119523d5019ffc56a1f411e3ea7c9b170aeeafbb9216c2b04156c486a419c04a
sample,all_cr-65536,212,3335612,524295,8,435ec912e125c9f8ec95aa13ae97a7e5c07ec4f556588e54fb62969a2748fbef,119523d5019ffc56a1f411e3ea7c9b170aeeafbb9216c2b04156c486a419c04a
sample,all_cr-65536,213,3370353,524295,8,435ec912e125c9f8ec95aa13ae97a7e5c07ec4f556588e54fb62969a2748fbef,119523d5019ffc56a1f411e3ea7c9b170aeeafbb9216c2b04156c486a419c04a
sample,all_cr-65536,214,3344812,524295,8,435ec912e125c9f8ec95aa13ae97a7e5c07ec4f556588e54fb62969a2748fbef,119523d5019ffc56a1f411e3ea7c9b170aeeafbb9216c2b04156c486a419c04a
sample,all_cr-65536,215,3381673,524295,8,435ec912e125c9f8ec95aa13ae97a7e5c07ec4f556588e54fb62969a2748fbef,119523d5019ffc56a1f411e3ea7c9b170aeeafbb9216c2b04156c486a419c04a
sample,all_cr-65536,216,3352022,524295,8,435ec912e125c9f8ec95aa13ae97a7e5c07ec4f556588e54fb62969a2748fbef,119523d5019ffc56a1f411e3ea7c9b170aeeafbb9216c2b04156c486a419c04a
sample,all_cr-65536,217,3347982,524295,8,435ec912e125c9f8ec95aa13ae97a7e5c07ec4f556588e54fb62969a2748fbef,119523d5019ffc56a1f411e3ea7c9b170aeeafbb9216c2b04156c486a419c04a
sample,all_cr-65536,218,3355833,524295,8,435ec912e125c9f8ec95aa13ae97a7e5c07ec4f556588e54fb62969a2748fbef,119523d5019ffc56a1f411e3ea7c9b170aeeafbb9216c2b04156c486a419c04a
sample,all_cr-65536,219,3341402,524295,8,435ec912e125c9f8ec95aa13ae97a7e5c07ec4f556588e54fb62969a2748fbef,119523d5019ffc56a1f411e3ea7c9b170aeeafbb9216c2b04156c486a419c04a
sample,all_cr-65536,220,3345313,524295,8,435ec912e125c9f8ec95aa13ae97a7e5c07ec4f556588e54fb62969a2748fbef,119523d5019ffc56a1f411e3ea7c9b170aeeafbb9216c2b04156c486a419c04a
sample,all_cr-65536,221,3351842,524295,8,435ec912e125c9f8ec95aa13ae97a7e5c07ec4f556588e54fb62969a2748fbef,119523d5019ffc56a1f411e3ea7c9b170aeeafbb9216c2b04156c486a419c04a
sample,all_cr-65536,222,3348453,524295,8,435ec912e125c9f8ec95aa13ae97a7e5c07ec4f556588e54fb62969a2748fbef,119523d5019ffc56a1f411e3ea7c9b170aeeafbb9216c2b04156c486a419c04a
sample,all_cr-65536,223,3345182,524295,8,435ec912e125c9f8ec95aa13ae97a7e5c07ec4f556588e54fb62969a2748fbef,119523d5019ffc56a1f411e3ea7c9b170aeeafbb9216c2b04156c486a419c04a
sample,all_cr-65536,224,3353283,524295,8,435ec912e125c9f8ec95aa13ae97a7e5c07ec4f556588e54fb62969a2748fbef,119523d5019ffc56a1f411e3ea7c9b170aeeafbb9216c2b04156c486a419c04a
sample,all_cr-65536,225,3342652,524295,8,435ec912e125c9f8ec95aa13ae97a7e5c07ec4f556588e54fb62969a2748fbef,119523d5019ffc56a1f411e3ea7c9b170aeeafbb9216c2b04156c486a419c04a
sample,all_cr-65536,226,3342612,524295,8,435ec912e125c9f8ec95aa13ae97a7e5c07ec4f556588e54fb62969a2748fbef,119523d5019ffc56a1f411e3ea7c9b170aeeafbb9216c2b04156c486a419c04a
sample,all_cr-65536,227,3357923,524295,8,435ec912e125c9f8ec95aa13ae97a7e5c07ec4f556588e54fb62969a2748fbef,119523d5019ffc56a1f411e3ea7c9b170aeeafbb9216c2b04156c486a419c04a
sample,all_cr-65536,228,3351092,524295,8,435ec912e125c9f8ec95aa13ae97a7e5c07ec4f556588e54fb62969a2748fbef,119523d5019ffc56a1f411e3ea7c9b170aeeafbb9216c2b04156c486a419c04a
sample,all_cr-65536,229,3423133,524295,8,435ec912e125c9f8ec95aa13ae97a7e5c07ec4f556588e54fb62969a2748fbef,119523d5019ffc56a1f411e3ea7c9b170aeeafbb9216c2b04156c486a419c04a
sample,all_cr-65536,230,3357222,524295,8,435ec912e125c9f8ec95aa13ae97a7e5c07ec4f556588e54fb62969a2748fbef,119523d5019ffc56a1f411e3ea7c9b170aeeafbb9216c2b04156c486a419c04a
sample,all_cr-65536,231,3346843,524295,8,435ec912e125c9f8ec95aa13ae97a7e5c07ec4f556588e54fb62969a2748fbef,119523d5019ffc56a1f411e3ea7c9b170aeeafbb9216c2b04156c486a419c04a
sample,all_cr-65536,232,3347602,524295,8,435ec912e125c9f8ec95aa13ae97a7e5c07ec4f556588e54fb62969a2748fbef,119523d5019ffc56a1f411e3ea7c9b170aeeafbb9216c2b04156c486a419c04a
sample,all_cr-65536,233,3347993,524295,8,435ec912e125c9f8ec95aa13ae97a7e5c07ec4f556588e54fb62969a2748fbef,119523d5019ffc56a1f411e3ea7c9b170aeeafbb9216c2b04156c486a419c04a
sample,all_cr-65536,234,3353682,524295,8,435ec912e125c9f8ec95aa13ae97a7e5c07ec4f556588e54fb62969a2748fbef,119523d5019ffc56a1f411e3ea7c9b170aeeafbb9216c2b04156c486a419c04a
sample,all_cr-65536,235,3352983,524295,8,435ec912e125c9f8ec95aa13ae97a7e5c07ec4f556588e54fb62969a2748fbef,119523d5019ffc56a1f411e3ea7c9b170aeeafbb9216c2b04156c486a419c04a
sample,all_cr-65536,236,3338902,524295,8,435ec912e125c9f8ec95aa13ae97a7e5c07ec4f556588e54fb62969a2748fbef,119523d5019ffc56a1f411e3ea7c9b170aeeafbb9216c2b04156c486a419c04a
sample,all_cr-65536,237,3386073,524295,8,435ec912e125c9f8ec95aa13ae97a7e5c07ec4f556588e54fb62969a2748fbef,119523d5019ffc56a1f411e3ea7c9b170aeeafbb9216c2b04156c486a419c04a
sample,all_cr-65536,238,3353652,524295,8,435ec912e125c9f8ec95aa13ae97a7e5c07ec4f556588e54fb62969a2748fbef,119523d5019ffc56a1f411e3ea7c9b170aeeafbb9216c2b04156c486a419c04a
sample,all_cr-65536,239,3342932,524295,8,435ec912e125c9f8ec95aa13ae97a7e5c07ec4f556588e54fb62969a2748fbef,119523d5019ffc56a1f411e3ea7c9b170aeeafbb9216c2b04156c486a419c04a
sample,all_cr-65536,240,3340793,524295,8,435ec912e125c9f8ec95aa13ae97a7e5c07ec4f556588e54fb62969a2748fbef,119523d5019ffc56a1f411e3ea7c9b170aeeafbb9216c2b04156c486a419c04a
sample,all_cr-65536,241,3350382,524295,8,435ec912e125c9f8ec95aa13ae97a7e5c07ec4f556588e54fb62969a2748fbef,119523d5019ffc56a1f411e3ea7c9b170aeeafbb9216c2b04156c486a419c04a
sample,all_cr-65536,242,3344643,524295,8,435ec912e125c9f8ec95aa13ae97a7e5c07ec4f556588e54fb62969a2748fbef,119523d5019ffc56a1f411e3ea7c9b170aeeafbb9216c2b04156c486a419c04a
sample,all_cr-65536,243,3346692,524295,8,435ec912e125c9f8ec95aa13ae97a7e5c07ec4f556588e54fb62969a2748fbef,119523d5019ffc56a1f411e3ea7c9b170aeeafbb9216c2b04156c486a419c04a
sample,all_cr-65536,244,3346763,524295,8,435ec912e125c9f8ec95aa13ae97a7e5c07ec4f556588e54fb62969a2748fbef,119523d5019ffc56a1f411e3ea7c9b170aeeafbb9216c2b04156c486a419c04a
sample,all_cr-65536,245,3345722,524295,8,435ec912e125c9f8ec95aa13ae97a7e5c07ec4f556588e54fb62969a2748fbef,119523d5019ffc56a1f411e3ea7c9b170aeeafbb9216c2b04156c486a419c04a
sample,all_cr-65536,246,3342962,524295,8,435ec912e125c9f8ec95aa13ae97a7e5c07ec4f556588e54fb62969a2748fbef,119523d5019ffc56a1f411e3ea7c9b170aeeafbb9216c2b04156c486a419c04a
sample,all_cr-65536,247,3345702,524295,8,435ec912e125c9f8ec95aa13ae97a7e5c07ec4f556588e54fb62969a2748fbef,119523d5019ffc56a1f411e3ea7c9b170aeeafbb9216c2b04156c486a419c04a
sample,all_cr-65536,248,3341582,524295,8,435ec912e125c9f8ec95aa13ae97a7e5c07ec4f556588e54fb62969a2748fbef,119523d5019ffc56a1f411e3ea7c9b170aeeafbb9216c2b04156c486a419c04a
sample,all_cr-65536,249,3348343,524295,8,435ec912e125c9f8ec95aa13ae97a7e5c07ec4f556588e54fb62969a2748fbef,119523d5019ffc56a1f411e3ea7c9b170aeeafbb9216c2b04156c486a419c04a
sample,all_cr-65536,250,3341982,524295,8,435ec912e125c9f8ec95aa13ae97a7e5c07ec4f556588e54fb62969a2748fbef,119523d5019ffc56a1f411e3ea7c9b170aeeafbb9216c2b04156c486a419c04a
sample,all_cr-65536,251,3344653,524295,8,435ec912e125c9f8ec95aa13ae97a7e5c07ec4f556588e54fb62969a2748fbef,119523d5019ffc56a1f411e3ea7c9b170aeeafbb9216c2b04156c486a419c04a
sample,all_cr-65536,252,3345032,524295,8,435ec912e125c9f8ec95aa13ae97a7e5c07ec4f556588e54fb62969a2748fbef,119523d5019ffc56a1f411e3ea7c9b170aeeafbb9216c2b04156c486a419c04a
sample,all_cr-65536,253,3345342,524295,8,435ec912e125c9f8ec95aa13ae97a7e5c07ec4f556588e54fb62969a2748fbef,119523d5019ffc56a1f411e3ea7c9b170aeeafbb9216c2b04156c486a419c04a
sample,all_cr-65536,254,3347743,524295,8,435ec912e125c9f8ec95aa13ae97a7e5c07ec4f556588e54fb62969a2748fbef,119523d5019ffc56a1f411e3ea7c9b170aeeafbb9216c2b04156c486a419c04a
sample,all_cr-65536,255,3351082,524295,8,435ec912e125c9f8ec95aa13ae97a7e5c07ec4f556588e54fb62969a2748fbef,119523d5019ffc56a1f411e3ea7c9b170aeeafbb9216c2b04156c486a419c04a
sample,all_cr-65536,256,3340863,524295,8,435ec912e125c9f8ec95aa13ae97a7e5c07ec4f556588e54fb62969a2748fbef,119523d5019ffc56a1f411e3ea7c9b170aeeafbb9216c2b04156c486a419c04a
sample,all_cr-65536,257,3336032,524295,8,435ec912e125c9f8ec95aa13ae97a7e5c07ec4f556588e54fb62969a2748fbef,119523d5019ffc56a1f411e3ea7c9b170aeeafbb9216c2b04156c486a419c04a
sample,all_cr-65536,258,3354573,524295,8,435ec912e125c9f8ec95aa13ae97a7e5c07ec4f556588e54fb62969a2748fbef,119523d5019ffc56a1f411e3ea7c9b170aeeafbb9216c2b04156c486a419c04a
sample,all_cr-65536,259,3390522,524295,8,435ec912e125c9f8ec95aa13ae97a7e5c07ec4f556588e54fb62969a2748fbef,119523d5019ffc56a1f411e3ea7c9b170aeeafbb9216c2b04156c486a419c04a
sample,all_cr-65536,260,3341223,524295,8,435ec912e125c9f8ec95aa13ae97a7e5c07ec4f556588e54fb62969a2748fbef,119523d5019ffc56a1f411e3ea7c9b170aeeafbb9216c2b04156c486a419c04a
sample,all_cr-65536,261,3363042,524295,8,435ec912e125c9f8ec95aa13ae97a7e5c07ec4f556588e54fb62969a2748fbef,119523d5019ffc56a1f411e3ea7c9b170aeeafbb9216c2b04156c486a419c04a
sample,all_cr-65536,262,3340552,524295,8,435ec912e125c9f8ec95aa13ae97a7e5c07ec4f556588e54fb62969a2748fbef,119523d5019ffc56a1f411e3ea7c9b170aeeafbb9216c2b04156c486a419c04a
sample,all_cr-65536,263,3337513,524295,8,435ec912e125c9f8ec95aa13ae97a7e5c07ec4f556588e54fb62969a2748fbef,119523d5019ffc56a1f411e3ea7c9b170aeeafbb9216c2b04156c486a419c04a
sample,all_cr-65536,264,3351472,524295,8,435ec912e125c9f8ec95aa13ae97a7e5c07ec4f556588e54fb62969a2748fbef,119523d5019ffc56a1f411e3ea7c9b170aeeafbb9216c2b04156c486a419c04a
sample,all_cr-65536,265,3337863,524295,8,435ec912e125c9f8ec95aa13ae97a7e5c07ec4f556588e54fb62969a2748fbef,119523d5019ffc56a1f411e3ea7c9b170aeeafbb9216c2b04156c486a419c04a
sample,all_cr-65536,266,3349852,524295,8,435ec912e125c9f8ec95aa13ae97a7e5c07ec4f556588e54fb62969a2748fbef,119523d5019ffc56a1f411e3ea7c9b170aeeafbb9216c2b04156c486a419c04a
sample,all_cr-65536,267,3332612,524295,8,435ec912e125c9f8ec95aa13ae97a7e5c07ec4f556588e54fb62969a2748fbef,119523d5019ffc56a1f411e3ea7c9b170aeeafbb9216c2b04156c486a419c04a
sample,all_cr-65536,268,3340073,524295,8,435ec912e125c9f8ec95aa13ae97a7e5c07ec4f556588e54fb62969a2748fbef,119523d5019ffc56a1f411e3ea7c9b170aeeafbb9216c2b04156c486a419c04a
sample,all_cr-65536,269,3341582,524295,8,435ec912e125c9f8ec95aa13ae97a7e5c07ec4f556588e54fb62969a2748fbef,119523d5019ffc56a1f411e3ea7c9b170aeeafbb9216c2b04156c486a419c04a
sample,all_cr-65536,270,3393833,524295,8,435ec912e125c9f8ec95aa13ae97a7e5c07ec4f556588e54fb62969a2748fbef,119523d5019ffc56a1f411e3ea7c9b170aeeafbb9216c2b04156c486a419c04a
sample,all_cr-65536,271,3343062,524295,8,435ec912e125c9f8ec95aa13ae97a7e5c07ec4f556588e54fb62969a2748fbef,119523d5019ffc56a1f411e3ea7c9b170aeeafbb9216c2b04156c486a419c04a
sample,all_cr-65536,272,3345403,524295,8,435ec912e125c9f8ec95aa13ae97a7e5c07ec4f556588e54fb62969a2748fbef,119523d5019ffc56a1f411e3ea7c9b170aeeafbb9216c2b04156c486a419c04a
sample,all_cr-65536,273,3336242,524295,8,435ec912e125c9f8ec95aa13ae97a7e5c07ec4f556588e54fb62969a2748fbef,119523d5019ffc56a1f411e3ea7c9b170aeeafbb9216c2b04156c486a419c04a
sample,all_cr-65536,274,3336152,524295,8,435ec912e125c9f8ec95aa13ae97a7e5c07ec4f556588e54fb62969a2748fbef,119523d5019ffc56a1f411e3ea7c9b170aeeafbb9216c2b04156c486a419c04a
sample,all_cr-65536,275,3340743,524295,8,435ec912e125c9f8ec95aa13ae97a7e5c07ec4f556588e54fb62969a2748fbef,119523d5019ffc56a1f411e3ea7c9b170aeeafbb9216c2b04156c486a419c04a
sample,all_cr-65536,276,3336802,524295,8,435ec912e125c9f8ec95aa13ae97a7e5c07ec4f556588e54fb62969a2748fbef,119523d5019ffc56a1f411e3ea7c9b170aeeafbb9216c2b04156c486a419c04a
sample,all_cr-65536,277,3338443,524295,8,435ec912e125c9f8ec95aa13ae97a7e5c07ec4f556588e54fb62969a2748fbef,119523d5019ffc56a1f411e3ea7c9b170aeeafbb9216c2b04156c486a419c04a
sample,all_cr-65536,278,3351022,524295,8,435ec912e125c9f8ec95aa13ae97a7e5c07ec4f556588e54fb62969a2748fbef,119523d5019ffc56a1f411e3ea7c9b170aeeafbb9216c2b04156c486a419c04a
sample,all_cr-65536,279,3334382,524295,8,435ec912e125c9f8ec95aa13ae97a7e5c07ec4f556588e54fb62969a2748fbef,119523d5019ffc56a1f411e3ea7c9b170aeeafbb9216c2b04156c486a419c04a
sample,all_cr-65536,280,3341012,524295,8,435ec912e125c9f8ec95aa13ae97a7e5c07ec4f556588e54fb62969a2748fbef,119523d5019ffc56a1f411e3ea7c9b170aeeafbb9216c2b04156c486a419c04a
sample,all_cr-65536,281,3344562,524295,8,435ec912e125c9f8ec95aa13ae97a7e5c07ec4f556588e54fb62969a2748fbef,119523d5019ffc56a1f411e3ea7c9b170aeeafbb9216c2b04156c486a419c04a
sample,all_cr-65536,282,3336553,524295,8,435ec912e125c9f8ec95aa13ae97a7e5c07ec4f556588e54fb62969a2748fbef,119523d5019ffc56a1f411e3ea7c9b170aeeafbb9216c2b04156c486a419c04a
sample,all_cr-65536,283,3336702,524295,8,435ec912e125c9f8ec95aa13ae97a7e5c07ec4f556588e54fb62969a2748fbef,119523d5019ffc56a1f411e3ea7c9b170aeeafbb9216c2b04156c486a419c04a
sample,all_cr-65536,284,3346403,524295,8,435ec912e125c9f8ec95aa13ae97a7e5c07ec4f556588e54fb62969a2748fbef,119523d5019ffc56a1f411e3ea7c9b170aeeafbb9216c2b04156c486a419c04a
sample,all_cr-65536,285,3345152,524295,8,435ec912e125c9f8ec95aa13ae97a7e5c07ec4f556588e54fb62969a2748fbef,119523d5019ffc56a1f411e3ea7c9b170aeeafbb9216c2b04156c486a419c04a
sample,all_cr-65536,286,3347232,524295,8,435ec912e125c9f8ec95aa13ae97a7e5c07ec4f556588e54fb62969a2748fbef,119523d5019ffc56a1f411e3ea7c9b170aeeafbb9216c2b04156c486a419c04a
sample,all_cr-65536,287,3344823,524295,8,435ec912e125c9f8ec95aa13ae97a7e5c07ec4f556588e54fb62969a2748fbef,119523d5019ffc56a1f411e3ea7c9b170aeeafbb9216c2b04156c486a419c04a
sample,all_cr-65536,288,3339812,524295,8,435ec912e125c9f8ec95aa13ae97a7e5c07ec4f556588e54fb62969a2748fbef,119523d5019ffc56a1f411e3ea7c9b170aeeafbb9216c2b04156c486a419c04a
sample,all_cr-65536,289,3338513,524295,8,435ec912e125c9f8ec95aa13ae97a7e5c07ec4f556588e54fb62969a2748fbef,119523d5019ffc56a1f411e3ea7c9b170aeeafbb9216c2b04156c486a419c04a
sample,all_cr-65536,290,3347132,524295,8,435ec912e125c9f8ec95aa13ae97a7e5c07ec4f556588e54fb62969a2748fbef,119523d5019ffc56a1f411e3ea7c9b170aeeafbb9216c2b04156c486a419c04a
sample,all_cr-65536,291,3336442,524295,8,435ec912e125c9f8ec95aa13ae97a7e5c07ec4f556588e54fb62969a2748fbef,119523d5019ffc56a1f411e3ea7c9b170aeeafbb9216c2b04156c486a419c04a
sample,all_cr-65536,292,3346733,524295,8,435ec912e125c9f8ec95aa13ae97a7e5c07ec4f556588e54fb62969a2748fbef,119523d5019ffc56a1f411e3ea7c9b170aeeafbb9216c2b04156c486a419c04a
sample,all_cr-65536,293,3339552,524295,8,435ec912e125c9f8ec95aa13ae97a7e5c07ec4f556588e54fb62969a2748fbef,119523d5019ffc56a1f411e3ea7c9b170aeeafbb9216c2b04156c486a419c04a
sample,all_cr-65536,294,3348533,524295,8,435ec912e125c9f8ec95aa13ae97a7e5c07ec4f556588e54fb62969a2748fbef,119523d5019ffc56a1f411e3ea7c9b170aeeafbb9216c2b04156c486a419c04a
sample,all_cr-65536,295,3347662,524295,8,435ec912e125c9f8ec95aa13ae97a7e5c07ec4f556588e54fb62969a2748fbef,119523d5019ffc56a1f411e3ea7c9b170aeeafbb9216c2b04156c486a419c04a
sample,all_cr-65536,296,3338003,524295,8,435ec912e125c9f8ec95aa13ae97a7e5c07ec4f556588e54fb62969a2748fbef,119523d5019ffc56a1f411e3ea7c9b170aeeafbb9216c2b04156c486a419c04a
sample,all_cr-65536,297,3339922,524295,8,435ec912e125c9f8ec95aa13ae97a7e5c07ec4f556588e54fb62969a2748fbef,119523d5019ffc56a1f411e3ea7c9b170aeeafbb9216c2b04156c486a419c04a
sample,all_cr-65536,298,3345802,524295,8,435ec912e125c9f8ec95aa13ae97a7e5c07ec4f556588e54fb62969a2748fbef,119523d5019ffc56a1f411e3ea7c9b170aeeafbb9216c2b04156c486a419c04a
sample,all_cr-65536,299,3349913,524295,8,435ec912e125c9f8ec95aa13ae97a7e5c07ec4f556588e54fb62969a2748fbef,119523d5019ffc56a1f411e3ea7c9b170aeeafbb9216c2b04156c486a419c04a
sample,all_cr-65536,300,3391782,524295,8,435ec912e125c9f8ec95aa13ae97a7e5c07ec4f556588e54fb62969a2748fbef,119523d5019ffc56a1f411e3ea7c9b170aeeafbb9216c2b04156c486a419c04a
sample,all_cr-65536,301,3347743,524295,8,435ec912e125c9f8ec95aa13ae97a7e5c07ec4f556588e54fb62969a2748fbef,119523d5019ffc56a1f411e3ea7c9b170aeeafbb9216c2b04156c486a419c04a
sample,all_cr-65536,302,3338372,524295,8,435ec912e125c9f8ec95aa13ae97a7e5c07ec4f556588e54fb62969a2748fbef,119523d5019ffc56a1f411e3ea7c9b170aeeafbb9216c2b04156c486a419c04a
sample,all_cr-65536,303,3336573,524295,8,435ec912e125c9f8ec95aa13ae97a7e5c07ec4f556588e54fb62969a2748fbef,119523d5019ffc56a1f411e3ea7c9b170aeeafbb9216c2b04156c486a419c04a
sample,all_cr-65536,304,3343892,524295,8,435ec912e125c9f8ec95aa13ae97a7e5c07ec4f556588e54fb62969a2748fbef,119523d5019ffc56a1f411e3ea7c9b170aeeafbb9216c2b04156c486a419c04a
sample,all_cr-65536,305,3338862,524295,8,435ec912e125c9f8ec95aa13ae97a7e5c07ec4f556588e54fb62969a2748fbef,119523d5019ffc56a1f411e3ea7c9b170aeeafbb9216c2b04156c486a419c04a
sample,all_cr-65536,306,3333783,524295,8,435ec912e125c9f8ec95aa13ae97a7e5c07ec4f556588e54fb62969a2748fbef,119523d5019ffc56a1f411e3ea7c9b170aeeafbb9216c2b04156c486a419c04a
sample,all_cr-65536,307,3350712,524295,8,435ec912e125c9f8ec95aa13ae97a7e5c07ec4f556588e54fb62969a2748fbef,119523d5019ffc56a1f411e3ea7c9b170aeeafbb9216c2b04156c486a419c04a
sample,all_cr-65536,308,3341073,524295,8,435ec912e125c9f8ec95aa13ae97a7e5c07ec4f556588e54fb62969a2748fbef,119523d5019ffc56a1f411e3ea7c9b170aeeafbb9216c2b04156c486a419c04a
sample,all_cr-65536,309,3338012,524295,8,435ec912e125c9f8ec95aa13ae97a7e5c07ec4f556588e54fb62969a2748fbef,119523d5019ffc56a1f411e3ea7c9b170aeeafbb9216c2b04156c486a419c04a
sample,all_cr-65536,310,3384783,524295,8,435ec912e125c9f8ec95aa13ae97a7e5c07ec4f556588e54fb62969a2748fbef,119523d5019ffc56a1f411e3ea7c9b170aeeafbb9216c2b04156c486a419c04a
sample,all_cr-65536,311,3338042,524295,8,435ec912e125c9f8ec95aa13ae97a7e5c07ec4f556588e54fb62969a2748fbef,119523d5019ffc56a1f411e3ea7c9b170aeeafbb9216c2b04156c486a419c04a
sample,all_cr-65536,312,3342792,524295,8,435ec912e125c9f8ec95aa13ae97a7e5c07ec4f556588e54fb62969a2748fbef,119523d5019ffc56a1f411e3ea7c9b170aeeafbb9216c2b04156c486a419c04a
sample,all_cr-65536,313,3367193,524295,8,435ec912e125c9f8ec95aa13ae97a7e5c07ec4f556588e54fb62969a2748fbef,119523d5019ffc56a1f411e3ea7c9b170aeeafbb9216c2b04156c486a419c04a
sample,all_cr-65536,314,3341252,524295,8,435ec912e125c9f8ec95aa13ae97a7e5c07ec4f556588e54fb62969a2748fbef,119523d5019ffc56a1f411e3ea7c9b170aeeafbb9216c2b04156c486a419c04a
sample,all_cr-65536,315,3341863,524295,8,435ec912e125c9f8ec95aa13ae97a7e5c07ec4f556588e54fb62969a2748fbef,119523d5019ffc56a1f411e3ea7c9b170aeeafbb9216c2b04156c486a419c04a
sample,all_cr-65536,316,3339772,524295,8,435ec912e125c9f8ec95aa13ae97a7e5c07ec4f556588e54fb62969a2748fbef,119523d5019ffc56a1f411e3ea7c9b170aeeafbb9216c2b04156c486a419c04a
sample,all_cr-65536,317,3338853,524295,8,435ec912e125c9f8ec95aa13ae97a7e5c07ec4f556588e54fb62969a2748fbef,119523d5019ffc56a1f411e3ea7c9b170aeeafbb9216c2b04156c486a419c04a
sample,all_cr-65536,318,3353402,524295,8,435ec912e125c9f8ec95aa13ae97a7e5c07ec4f556588e54fb62969a2748fbef,119523d5019ffc56a1f411e3ea7c9b170aeeafbb9216c2b04156c486a419c04a
sample,all_cr-65536,319,3339582,524295,8,435ec912e125c9f8ec95aa13ae97a7e5c07ec4f556588e54fb62969a2748fbef,119523d5019ffc56a1f411e3ea7c9b170aeeafbb9216c2b04156c486a419c04a
sample,all_cr-65536,320,3336653,524295,8,435ec912e125c9f8ec95aa13ae97a7e5c07ec4f556588e54fb62969a2748fbef,119523d5019ffc56a1f411e3ea7c9b170aeeafbb9216c2b04156c486a419c04a
sample,all_cr-65536,321,3345202,524295,8,435ec912e125c9f8ec95aa13ae97a7e5c07ec4f556588e54fb62969a2748fbef,119523d5019ffc56a1f411e3ea7c9b170aeeafbb9216c2b04156c486a419c04a
sample,all_cr-65536,322,3337523,524295,8,435ec912e125c9f8ec95aa13ae97a7e5c07ec4f556588e54fb62969a2748fbef,119523d5019ffc56a1f411e3ea7c9b170aeeafbb9216c2b04156c486a419c04a
sample,all_cr-65536,323,3341692,524295,8,435ec912e125c9f8ec95aa13ae97a7e5c07ec4f556588e54fb62969a2748fbef,119523d5019ffc56a1f411e3ea7c9b170aeeafbb9216c2b04156c486a419c04a
sample,all_cr-65536,324,3345672,524295,8,435ec912e125c9f8ec95aa13ae97a7e5c07ec4f556588e54fb62969a2748fbef,119523d5019ffc56a1f411e3ea7c9b170aeeafbb9216c2b04156c486a419c04a
sample,all_cr-65536,325,3343803,524295,8,435ec912e125c9f8ec95aa13ae97a7e5c07ec4f556588e54fb62969a2748fbef,119523d5019ffc56a1f411e3ea7c9b170aeeafbb9216c2b04156c486a419c04a
sample,all_cr-65536,326,3344882,524295,8,435ec912e125c9f8ec95aa13ae97a7e5c07ec4f556588e54fb62969a2748fbef,119523d5019ffc56a1f411e3ea7c9b170aeeafbb9216c2b04156c486a419c04a
sample,all_cr-65536,327,3346633,524295,8,435ec912e125c9f8ec95aa13ae97a7e5c07ec4f556588e54fb62969a2748fbef,119523d5019ffc56a1f411e3ea7c9b170aeeafbb9216c2b04156c486a419c04a
sample,all_cr-65536,328,3341002,524295,8,435ec912e125c9f8ec95aa13ae97a7e5c07ec4f556588e54fb62969a2748fbef,119523d5019ffc56a1f411e3ea7c9b170aeeafbb9216c2b04156c486a419c04a
sample,all_cr-65536,329,3332242,524295,8,435ec912e125c9f8ec95aa13ae97a7e5c07ec4f556588e54fb62969a2748fbef,119523d5019ffc56a1f411e3ea7c9b170aeeafbb9216c2b04156c486a419c04a
sample,all_cr-65536,330,3339433,524295,8,435ec912e125c9f8ec95aa13ae97a7e5c07ec4f556588e54fb62969a2748fbef,119523d5019ffc56a1f411e3ea7c9b170aeeafbb9216c2b04156c486a419c04a
sample,all_cr-65536,331,3344432,524295,8,435ec912e125c9f8ec95aa13ae97a7e5c07ec4f556588e54fb62969a2748fbef,119523d5019ffc56a1f411e3ea7c9b170aeeafbb9216c2b04156c486a419c04a
sample,all_cr-65536,332,3337613,524295,8,435ec912e125c9f8ec95aa13ae97a7e5c07ec4f556588e54fb62969a2748fbef,119523d5019ffc56a1f411e3ea7c9b170aeeafbb9216c2b04156c486a419c04a
sample,all_cr-65536,333,3344662,524295,8,435ec912e125c9f8ec95aa13ae97a7e5c07ec4f556588e54fb62969a2748fbef,119523d5019ffc56a1f411e3ea7c9b170aeeafbb9216c2b04156c486a419c04a
sample,all_cr-65536,334,3338802,524295,8,435ec912e125c9f8ec95aa13ae97a7e5c07ec4f556588e54fb62969a2748fbef,119523d5019ffc56a1f411e3ea7c9b170aeeafbb9216c2b04156c486a419c04a
sample,all_cr-65536,335,3346633,524295,8,435ec912e125c9f8ec95aa13ae97a7e5c07ec4f556588e54fb62969a2748fbef,119523d5019ffc56a1f411e3ea7c9b170aeeafbb9216c2b04156c486a419c04a
sample,all_cr-65536,336,3343972,524295,8,435ec912e125c9f8ec95aa13ae97a7e5c07ec4f556588e54fb62969a2748fbef,119523d5019ffc56a1f411e3ea7c9b170aeeafbb9216c2b04156c486a419c04a
sample,all_cr-65536,337,3578524,524295,8,435ec912e125c9f8ec95aa13ae97a7e5c07ec4f556588e54fb62969a2748fbef,119523d5019ffc56a1f411e3ea7c9b170aeeafbb9216c2b04156c486a419c04a
sample,all_cr-65536,338,3351492,524295,8,435ec912e125c9f8ec95aa13ae97a7e5c07ec4f556588e54fb62969a2748fbef,119523d5019ffc56a1f411e3ea7c9b170aeeafbb9216c2b04156c486a419c04a
sample,all_cr-65536,339,3342492,524295,8,435ec912e125c9f8ec95aa13ae97a7e5c07ec4f556588e54fb62969a2748fbef,119523d5019ffc56a1f411e3ea7c9b170aeeafbb9216c2b04156c486a419c04a
sample,all_cr-65536,340,3342593,524295,8,435ec912e125c9f8ec95aa13ae97a7e5c07ec4f556588e54fb62969a2748fbef,119523d5019ffc56a1f411e3ea7c9b170aeeafbb9216c2b04156c486a419c04a
sample,all_cr-65536,341,3343402,524295,8,435ec912e125c9f8ec95aa13ae97a7e5c07ec4f556588e54fb62969a2748fbef,119523d5019ffc56a1f411e3ea7c9b170aeeafbb9216c2b04156c486a419c04a
sample,all_cr-65536,342,3345163,524295,8,435ec912e125c9f8ec95aa13ae97a7e5c07ec4f556588e54fb62969a2748fbef,119523d5019ffc56a1f411e3ea7c9b170aeeafbb9216c2b04156c486a419c04a
sample,all_cr-65536,343,3336052,524295,8,435ec912e125c9f8ec95aa13ae97a7e5c07ec4f556588e54fb62969a2748fbef,119523d5019ffc56a1f411e3ea7c9b170aeeafbb9216c2b04156c486a419c04a
sample,all_cr-65536,344,3349202,524295,8,435ec912e125c9f8ec95aa13ae97a7e5c07ec4f556588e54fb62969a2748fbef,119523d5019ffc56a1f411e3ea7c9b170aeeafbb9216c2b04156c486a419c04a
sample,all_cr-65536,345,3335793,524295,8,435ec912e125c9f8ec95aa13ae97a7e5c07ec4f556588e54fb62969a2748fbef,119523d5019ffc56a1f411e3ea7c9b170aeeafbb9216c2b04156c486a419c04a
sample,all_cr-65536,346,3338712,524295,8,435ec912e125c9f8ec95aa13ae97a7e5c07ec4f556588e54fb62969a2748fbef,119523d5019ffc56a1f411e3ea7c9b170aeeafbb9216c2b04156c486a419c04a
sample,all_cr-65536,347,3340273,524295,8,435ec912e125c9f8ec95aa13ae97a7e5c07ec4f556588e54fb62969a2748fbef,119523d5019ffc56a1f411e3ea7c9b170aeeafbb9216c2b04156c486a419c04a
sample,all_cr-65536,348,3336192,524295,8,435ec912e125c9f8ec95aa13ae97a7e5c07ec4f556588e54fb62969a2748fbef,119523d5019ffc56a1f411e3ea7c9b170aeeafbb9216c2b04156c486a419c04a
sample,all_cr-65536,349,3346753,524295,8,435ec912e125c9f8ec95aa13ae97a7e5c07ec4f556588e54fb62969a2748fbef,119523d5019ffc56a1f411e3ea7c9b170aeeafbb9216c2b04156c486a419c04a
sample,all_cr-65536,350,3344132,524295,8,435ec912e125c9f8ec95aa13ae97a7e5c07ec4f556588e54fb62969a2748fbef,119523d5019ffc56a1f411e3ea7c9b170aeeafbb9216c2b04156c486a419c04a
sample,all_cr-65536,351,3337662,524295,8,435ec912e125c9f8ec95aa13ae97a7e5c07ec4f556588e54fb62969a2748fbef,119523d5019ffc56a1f411e3ea7c9b170aeeafbb9216c2b04156c486a419c04a
sample,all_cr-65536,352,3346103,524295,8,435ec912e125c9f8ec95aa13ae97a7e5c07ec4f556588e54fb62969a2748fbef,119523d5019ffc56a1f411e3ea7c9b170aeeafbb9216c2b04156c486a419c04a
sample,all_cr-65536,353,3338952,524295,8,435ec912e125c9f8ec95aa13ae97a7e5c07ec4f556588e54fb62969a2748fbef,119523d5019ffc56a1f411e3ea7c9b170aeeafbb9216c2b04156c486a419c04a
sample,all_cr-65536,354,3418203,524295,8,435ec912e125c9f8ec95aa13ae97a7e5c07ec4f556588e54fb62969a2748fbef,119523d5019ffc56a1f411e3ea7c9b170aeeafbb9216c2b04156c486a419c04a
sample,all_cr-65536,355,3346562,524295,8,435ec912e125c9f8ec95aa13ae97a7e5c07ec4f556588e54fb62969a2748fbef,119523d5019ffc56a1f411e3ea7c9b170aeeafbb9216c2b04156c486a419c04a
sample,all_cr-65536,356,3339333,524295,8,435ec912e125c9f8ec95aa13ae97a7e5c07ec4f556588e54fb62969a2748fbef,119523d5019ffc56a1f411e3ea7c9b170aeeafbb9216c2b04156c486a419c04a
sample,all_cr-65536,357,3344392,524295,8,435ec912e125c9f8ec95aa13ae97a7e5c07ec4f556588e54fb62969a2748fbef,119523d5019ffc56a1f411e3ea7c9b170aeeafbb9216c2b04156c486a419c04a
sample,all_cr-65536,358,3342232,524295,8,435ec912e125c9f8ec95aa13ae97a7e5c07ec4f556588e54fb62969a2748fbef,119523d5019ffc56a1f411e3ea7c9b170aeeafbb9216c2b04156c486a419c04a
sample,all_cr-65536,359,3342403,524295,8,435ec912e125c9f8ec95aa13ae97a7e5c07ec4f556588e54fb62969a2748fbef,119523d5019ffc56a1f411e3ea7c9b170aeeafbb9216c2b04156c486a419c04a
sample,all_cr-65536,360,3334232,524295,8,435ec912e125c9f8ec95aa13ae97a7e5c07ec4f556588e54fb62969a2748fbef,119523d5019ffc56a1f411e3ea7c9b170aeeafbb9216c2b04156c486a419c04a
sample,all_cr-65536,361,3342513,524295,8,435ec912e125c9f8ec95aa13ae97a7e5c07ec4f556588e54fb62969a2748fbef,119523d5019ffc56a1f411e3ea7c9b170aeeafbb9216c2b04156c486a419c04a
sample,all_cr-65536,362,3339002,524295,8,435ec912e125c9f8ec95aa13ae97a7e5c07ec4f556588e54fb62969a2748fbef,119523d5019ffc56a1f411e3ea7c9b170aeeafbb9216c2b04156c486a419c04a
sample,all_cr-65536,363,3342302,524295,8,435ec912e125c9f8ec95aa13ae97a7e5c07ec4f556588e54fb62969a2748fbef,119523d5019ffc56a1f411e3ea7c9b170aeeafbb9216c2b04156c486a419c04a
sample,all_cr-65536,364,3350613,524295,8,435ec912e125c9f8ec95aa13ae97a7e5c07ec4f556588e54fb62969a2748fbef,119523d5019ffc56a1f411e3ea7c9b170aeeafbb9216c2b04156c486a419c04a
sample,all_cr-65536,365,3344282,524295,8,435ec912e125c9f8ec95aa13ae97a7e5c07ec4f556588e54fb62969a2748fbef,119523d5019ffc56a1f411e3ea7c9b170aeeafbb9216c2b04156c486a419c04a
sample,all_cr-65536,366,3342203,524295,8,435ec912e125c9f8ec95aa13ae97a7e5c07ec4f556588e54fb62969a2748fbef,119523d5019ffc56a1f411e3ea7c9b170aeeafbb9216c2b04156c486a419c04a
sample,all_cr-65536,367,3341652,524295,8,435ec912e125c9f8ec95aa13ae97a7e5c07ec4f556588e54fb62969a2748fbef,119523d5019ffc56a1f411e3ea7c9b170aeeafbb9216c2b04156c486a419c04a
sample,all_cr-65536,368,3336702,524295,8,435ec912e125c9f8ec95aa13ae97a7e5c07ec4f556588e54fb62969a2748fbef,119523d5019ffc56a1f411e3ea7c9b170aeeafbb9216c2b04156c486a419c04a
sample,all_cr-65536,369,3341622,524295,8,435ec912e125c9f8ec95aa13ae97a7e5c07ec4f556588e54fb62969a2748fbef,119523d5019ffc56a1f411e3ea7c9b170aeeafbb9216c2b04156c486a419c04a
sample,all_cr-65536,370,3342262,524295,8,435ec912e125c9f8ec95aa13ae97a7e5c07ec4f556588e54fb62969a2748fbef,119523d5019ffc56a1f411e3ea7c9b170aeeafbb9216c2b04156c486a419c04a
sample,all_cr-65536,371,3337863,524295,8,435ec912e125c9f8ec95aa13ae97a7e5c07ec4f556588e54fb62969a2748fbef,119523d5019ffc56a1f411e3ea7c9b170aeeafbb9216c2b04156c486a419c04a
sample,all_cr-65536,372,3345502,524295,8,435ec912e125c9f8ec95aa13ae97a7e5c07ec4f556588e54fb62969a2748fbef,119523d5019ffc56a1f411e3ea7c9b170aeeafbb9216c2b04156c486a419c04a
sample,all_cr-65536,373,3337413,524295,8,435ec912e125c9f8ec95aa13ae97a7e5c07ec4f556588e54fb62969a2748fbef,119523d5019ffc56a1f411e3ea7c9b170aeeafbb9216c2b04156c486a419c04a
sample,all_cr-65536,374,3344962,524295,8,435ec912e125c9f8ec95aa13ae97a7e5c07ec4f556588e54fb62969a2748fbef,119523d5019ffc56a1f411e3ea7c9b170aeeafbb9216c2b04156c486a419c04a
sample,all_cr-65536,375,3345362,524295,8,435ec912e125c9f8ec95aa13ae97a7e5c07ec4f556588e54fb62969a2748fbef,119523d5019ffc56a1f411e3ea7c9b170aeeafbb9216c2b04156c486a419c04a
sample,all_cr-65536,376,3335803,524295,8,435ec912e125c9f8ec95aa13ae97a7e5c07ec4f556588e54fb62969a2748fbef,119523d5019ffc56a1f411e3ea7c9b170aeeafbb9216c2b04156c486a419c04a
sample,all_cr-65536,377,3343932,524295,8,435ec912e125c9f8ec95aa13ae97a7e5c07ec4f556588e54fb62969a2748fbef,119523d5019ffc56a1f411e3ea7c9b170aeeafbb9216c2b04156c486a419c04a
sample,all_cr-65536,378,3349253,524295,8,435ec912e125c9f8ec95aa13ae97a7e5c07ec4f556588e54fb62969a2748fbef,119523d5019ffc56a1f411e3ea7c9b170aeeafbb9216c2b04156c486a419c04a
sample,all_cr-65536,379,3338122,524295,8,435ec912e125c9f8ec95aa13ae97a7e5c07ec4f556588e54fb62969a2748fbef,119523d5019ffc56a1f411e3ea7c9b170aeeafbb9216c2b04156c486a419c04a
sample,all_cr-65536,380,3384243,524295,8,435ec912e125c9f8ec95aa13ae97a7e5c07ec4f556588e54fb62969a2748fbef,119523d5019ffc56a1f411e3ea7c9b170aeeafbb9216c2b04156c486a419c04a
sample,all_cr-65536,381,3347552,524295,8,435ec912e125c9f8ec95aa13ae97a7e5c07ec4f556588e54fb62969a2748fbef,119523d5019ffc56a1f411e3ea7c9b170aeeafbb9216c2b04156c486a419c04a
sample,all_cr-65536,382,3335262,524295,8,435ec912e125c9f8ec95aa13ae97a7e5c07ec4f556588e54fb62969a2748fbef,119523d5019ffc56a1f411e3ea7c9b170aeeafbb9216c2b04156c486a419c04a
sample,all_cr-65536,383,3343383,524295,8,435ec912e125c9f8ec95aa13ae97a7e5c07ec4f556588e54fb62969a2748fbef,119523d5019ffc56a1f411e3ea7c9b170aeeafbb9216c2b04156c486a419c04a
sample,all_cr-65536,384,3341062,524295,8,435ec912e125c9f8ec95aa13ae97a7e5c07ec4f556588e54fb62969a2748fbef,119523d5019ffc56a1f411e3ea7c9b170aeeafbb9216c2b04156c486a419c04a
sample,all_cr-65536,385,3342603,524295,8,435ec912e125c9f8ec95aa13ae97a7e5c07ec4f556588e54fb62969a2748fbef,119523d5019ffc56a1f411e3ea7c9b170aeeafbb9216c2b04156c486a419c04a
sample,all_cr-65536,386,3332832,524295,8,435ec912e125c9f8ec95aa13ae97a7e5c07ec4f556588e54fb62969a2748fbef,119523d5019ffc56a1f411e3ea7c9b170aeeafbb9216c2b04156c486a419c04a
sample,all_cr-65536,387,3342962,524295,8,435ec912e125c9f8ec95aa13ae97a7e5c07ec4f556588e54fb62969a2748fbef,119523d5019ffc56a1f411e3ea7c9b170aeeafbb9216c2b04156c486a419c04a
sample,all_cr-65536,388,3341563,524295,8,435ec912e125c9f8ec95aa13ae97a7e5c07ec4f556588e54fb62969a2748fbef,119523d5019ffc56a1f411e3ea7c9b170aeeafbb9216c2b04156c486a419c04a
sample,all_cr-65536,389,3338312,524295,8,435ec912e125c9f8ec95aa13ae97a7e5c07ec4f556588e54fb62969a2748fbef,119523d5019ffc56a1f411e3ea7c9b170aeeafbb9216c2b04156c486a419c04a
sample,all_cr-65536,390,3346143,524295,8,435ec912e125c9f8ec95aa13ae97a7e5c07ec4f556588e54fb62969a2748fbef,119523d5019ffc56a1f411e3ea7c9b170aeeafbb9216c2b04156c486a419c04a
sample,all_cr-65536,391,3477693,524295,8,435ec912e125c9f8ec95aa13ae97a7e5c07ec4f556588e54fb62969a2748fbef,119523d5019ffc56a1f411e3ea7c9b170aeeafbb9216c2b04156c486a419c04a
sample,all_cr-65536,392,3342952,524295,8,435ec912e125c9f8ec95aa13ae97a7e5c07ec4f556588e54fb62969a2748fbef,119523d5019ffc56a1f411e3ea7c9b170aeeafbb9216c2b04156c486a419c04a
sample,all_cr-65536,393,3342972,524295,8,435ec912e125c9f8ec95aa13ae97a7e5c07ec4f556588e54fb62969a2748fbef,119523d5019ffc56a1f411e3ea7c9b170aeeafbb9216c2b04156c486a419c04a
sample,all_cr-65536,394,3342203,524295,8,435ec912e125c9f8ec95aa13ae97a7e5c07ec4f556588e54fb62969a2748fbef,119523d5019ffc56a1f411e3ea7c9b170aeeafbb9216c2b04156c486a419c04a
sample,all_cr-65536,395,3359142,524295,8,435ec912e125c9f8ec95aa13ae97a7e5c07ec4f556588e54fb62969a2748fbef,119523d5019ffc56a1f411e3ea7c9b170aeeafbb9216c2b04156c486a419c04a
sample,all_cr-65536,396,3337823,524295,8,435ec912e125c9f8ec95aa13ae97a7e5c07ec4f556588e54fb62969a2748fbef,119523d5019ffc56a1f411e3ea7c9b170aeeafbb9216c2b04156c486a419c04a
sample,all_cr-65536,397,3335762,524295,8,435ec912e125c9f8ec95aa13ae97a7e5c07ec4f556588e54fb62969a2748fbef,119523d5019ffc56a1f411e3ea7c9b170aeeafbb9216c2b04156c486a419c04a
sample,all_cr-65536,398,3349283,524295,8,435ec912e125c9f8ec95aa13ae97a7e5c07ec4f556588e54fb62969a2748fbef,119523d5019ffc56a1f411e3ea7c9b170aeeafbb9216c2b04156c486a419c04a
sample,all_cr-65536,399,3341912,524295,8,435ec912e125c9f8ec95aa13ae97a7e5c07ec4f556588e54fb62969a2748fbef,119523d5019ffc56a1f411e3ea7c9b170aeeafbb9216c2b04156c486a419c04a
sample,all_cr-65536,400,3337022,524295,8,435ec912e125c9f8ec95aa13ae97a7e5c07ec4f556588e54fb62969a2748fbef,119523d5019ffc56a1f411e3ea7c9b170aeeafbb9216c2b04156c486a419c04a
sample,all_cr-65536,401,3344033,524295,8,435ec912e125c9f8ec95aa13ae97a7e5c07ec4f556588e54fb62969a2748fbef,119523d5019ffc56a1f411e3ea7c9b170aeeafbb9216c2b04156c486a419c04a
sample,all_cr-65536,402,3337522,524295,8,435ec912e125c9f8ec95aa13ae97a7e5c07ec4f556588e54fb62969a2748fbef,119523d5019ffc56a1f411e3ea7c9b170aeeafbb9216c2b04156c486a419c04a
sample,all_cr-65536,403,3406563,524295,8,435ec912e125c9f8ec95aa13ae97a7e5c07ec4f556588e54fb62969a2748fbef,119523d5019ffc56a1f411e3ea7c9b170aeeafbb9216c2b04156c486a419c04a
sample,all_cr-65536,404,3332202,524295,8,435ec912e125c9f8ec95aa13ae97a7e5c07ec4f556588e54fb62969a2748fbef,119523d5019ffc56a1f411e3ea7c9b170aeeafbb9216c2b04156c486a419c04a
sample,all_cr-65536,405,3337482,524295,8,435ec912e125c9f8ec95aa13ae97a7e5c07ec4f556588e54fb62969a2748fbef,119523d5019ffc56a1f411e3ea7c9b170aeeafbb9216c2b04156c486a419c04a
sample,all_cr-65536,406,3341343,524295,8,435ec912e125c9f8ec95aa13ae97a7e5c07ec4f556588e54fb62969a2748fbef,119523d5019ffc56a1f411e3ea7c9b170aeeafbb9216c2b04156c486a419c04a
sample,all_cr-65536,407,3341422,524295,8,435ec912e125c9f8ec95aa13ae97a7e5c07ec4f556588e54fb62969a2748fbef,119523d5019ffc56a1f411e3ea7c9b170aeeafbb9216c2b04156c486a419c04a
sample,all_cr-65536,408,3336483,524295,8,435ec912e125c9f8ec95aa13ae97a7e5c07ec4f556588e54fb62969a2748fbef,119523d5019ffc56a1f411e3ea7c9b170aeeafbb9216c2b04156c486a419c04a
sample,all_cr-65536,409,3350022,524295,8,435ec912e125c9f8ec95aa13ae97a7e5c07ec4f556588e54fb62969a2748fbef,119523d5019ffc56a1f411e3ea7c9b170aeeafbb9216c2b04156c486a419c04a
sample,all_cr-65536,410,3342183,524295,8,435ec912e125c9f8ec95aa13ae97a7e5c07ec4f556588e54fb62969a2748fbef,119523d5019ffc56a1f411e3ea7c9b170aeeafbb9216c2b04156c486a419c04a
sample,all_cr-65536,411,3339752,524295,8,435ec912e125c9f8ec95aa13ae97a7e5c07ec4f556588e54fb62969a2748fbef,119523d5019ffc56a1f411e3ea7c9b170aeeafbb9216c2b04156c486a419c04a
sample,all_cr-65536,412,3576343,524295,8,435ec912e125c9f8ec95aa13ae97a7e5c07ec4f556588e54fb62969a2748fbef,119523d5019ffc56a1f411e3ea7c9b170aeeafbb9216c2b04156c486a419c04a
sample,all_cr-65536,413,3337533,524295,8,435ec912e125c9f8ec95aa13ae97a7e5c07ec4f556588e54fb62969a2748fbef,119523d5019ffc56a1f411e3ea7c9b170aeeafbb9216c2b04156c486a419c04a
sample,all_cr-65536,414,3348262,524295,8,435ec912e125c9f8ec95aa13ae97a7e5c07ec4f556588e54fb62969a2748fbef,119523d5019ffc56a1f411e3ea7c9b170aeeafbb9216c2b04156c486a419c04a
sample,all_cr-65536,415,3344042,524295,8,435ec912e125c9f8ec95aa13ae97a7e5c07ec4f556588e54fb62969a2748fbef,119523d5019ffc56a1f411e3ea7c9b170aeeafbb9216c2b04156c486a419c04a
sample,all_cr-65536,416,3334502,524295,8,435ec912e125c9f8ec95aa13ae97a7e5c07ec4f556588e54fb62969a2748fbef,119523d5019ffc56a1f411e3ea7c9b170aeeafbb9216c2b04156c486a419c04a
sample,all_cr-65536,417,3348992,524295,8,435ec912e125c9f8ec95aa13ae97a7e5c07ec4f556588e54fb62969a2748fbef,119523d5019ffc56a1f411e3ea7c9b170aeeafbb9216c2b04156c486a419c04a
sample,all_cr-65536,418,3343923,524295,8,435ec912e125c9f8ec95aa13ae97a7e5c07ec4f556588e54fb62969a2748fbef,119523d5019ffc56a1f411e3ea7c9b170aeeafbb9216c2b04156c486a419c04a
sample,all_cr-65536,419,3346902,524295,8,435ec912e125c9f8ec95aa13ae97a7e5c07ec4f556588e54fb62969a2748fbef,119523d5019ffc56a1f411e3ea7c9b170aeeafbb9216c2b04156c486a419c04a
sample,all_cr-65536,420,3344503,524295,8,435ec912e125c9f8ec95aa13ae97a7e5c07ec4f556588e54fb62969a2748fbef,119523d5019ffc56a1f411e3ea7c9b170aeeafbb9216c2b04156c486a419c04a
sample,all_cr-65536,421,3338452,524295,8,435ec912e125c9f8ec95aa13ae97a7e5c07ec4f556588e54fb62969a2748fbef,119523d5019ffc56a1f411e3ea7c9b170aeeafbb9216c2b04156c486a419c04a
sample,all_cr-65536,422,3341922,524295,8,435ec912e125c9f8ec95aa13ae97a7e5c07ec4f556588e54fb62969a2748fbef,119523d5019ffc56a1f411e3ea7c9b170aeeafbb9216c2b04156c486a419c04a
sample,all_cr-65536,423,3346163,524295,8,435ec912e125c9f8ec95aa13ae97a7e5c07ec4f556588e54fb62969a2748fbef,119523d5019ffc56a1f411e3ea7c9b170aeeafbb9216c2b04156c486a419c04a
sample,all_cr-65536,424,3342122,524295,8,435ec912e125c9f8ec95aa13ae97a7e5c07ec4f556588e54fb62969a2748fbef,119523d5019ffc56a1f411e3ea7c9b170aeeafbb9216c2b04156c486a419c04a
sample,all_cr-65536,425,3341053,524295,8,435ec912e125c9f8ec95aa13ae97a7e5c07ec4f556588e54fb62969a2748fbef,119523d5019ffc56a1f411e3ea7c9b170aeeafbb9216c2b04156c486a419c04a
sample,all_cr-65536,426,3343062,524295,8,435ec912e125c9f8ec95aa13ae97a7e5c07ec4f556588e54fb62969a2748fbef,119523d5019ffc56a1f411e3ea7c9b170aeeafbb9216c2b04156c486a419c04a
sample,all_cr-65536,427,3337332,524295,8,435ec912e125c9f8ec95aa13ae97a7e5c07ec4f556588e54fb62969a2748fbef,119523d5019ffc56a1f411e3ea7c9b170aeeafbb9216c2b04156c486a419c04a
sample,all_cr-65536,428,3343423,524295,8,435ec912e125c9f8ec95aa13ae97a7e5c07ec4f556588e54fb62969a2748fbef,119523d5019ffc56a1f411e3ea7c9b170aeeafbb9216c2b04156c486a419c04a
sample,all_cr-65536,429,3347562,524295,8,435ec912e125c9f8ec95aa13ae97a7e5c07ec4f556588e54fb62969a2748fbef,119523d5019ffc56a1f411e3ea7c9b170aeeafbb9216c2b04156c486a419c04a
sample,all_cr-65536,430,3344083,524295,8,435ec912e125c9f8ec95aa13ae97a7e5c07ec4f556588e54fb62969a2748fbef,119523d5019ffc56a1f411e3ea7c9b170aeeafbb9216c2b04156c486a419c04a
sample,all_cr-65536,431,3344152,524295,8,435ec912e125c9f8ec95aa13ae97a7e5c07ec4f556588e54fb62969a2748fbef,119523d5019ffc56a1f411e3ea7c9b170aeeafbb9216c2b04156c486a419c04a
sample,all_cr-65536,432,3345273,524295,8,435ec912e125c9f8ec95aa13ae97a7e5c07ec4f556588e54fb62969a2748fbef,119523d5019ffc56a1f411e3ea7c9b170aeeafbb9216c2b04156c486a419c04a
sample,all_cr-65536,433,3349362,524295,8,435ec912e125c9f8ec95aa13ae97a7e5c07ec4f556588e54fb62969a2748fbef,119523d5019ffc56a1f411e3ea7c9b170aeeafbb9216c2b04156c486a419c04a
sample,all_cr-65536,434,3334762,524295,8,435ec912e125c9f8ec95aa13ae97a7e5c07ec4f556588e54fb62969a2748fbef,119523d5019ffc56a1f411e3ea7c9b170aeeafbb9216c2b04156c486a419c04a
sample,all_cr-65536,435,3345573,524295,8,435ec912e125c9f8ec95aa13ae97a7e5c07ec4f556588e54fb62969a2748fbef,119523d5019ffc56a1f411e3ea7c9b170aeeafbb9216c2b04156c486a419c04a
sample,all_cr-65536,436,3340192,524295,8,435ec912e125c9f8ec95aa13ae97a7e5c07ec4f556588e54fb62969a2748fbef,119523d5019ffc56a1f411e3ea7c9b170aeeafbb9216c2b04156c486a419c04a
sample,all_cr-65536,437,3333613,524295,8,435ec912e125c9f8ec95aa13ae97a7e5c07ec4f556588e54fb62969a2748fbef,119523d5019ffc56a1f411e3ea7c9b170aeeafbb9216c2b04156c486a419c04a
sample,all_cr-65536,438,3349802,524295,8,435ec912e125c9f8ec95aa13ae97a7e5c07ec4f556588e54fb62969a2748fbef,119523d5019ffc56a1f411e3ea7c9b170aeeafbb9216c2b04156c486a419c04a
sample,all_cr-65536,439,3340072,524295,8,435ec912e125c9f8ec95aa13ae97a7e5c07ec4f556588e54fb62969a2748fbef,119523d5019ffc56a1f411e3ea7c9b170aeeafbb9216c2b04156c486a419c04a
sample,all_cr-65536,440,3336373,524295,8,435ec912e125c9f8ec95aa13ae97a7e5c07ec4f556588e54fb62969a2748fbef,119523d5019ffc56a1f411e3ea7c9b170aeeafbb9216c2b04156c486a419c04a
sample,all_cr-65536,441,3340672,524295,8,435ec912e125c9f8ec95aa13ae97a7e5c07ec4f556588e54fb62969a2748fbef,119523d5019ffc56a1f411e3ea7c9b170aeeafbb9216c2b04156c486a419c04a
sample,all_cr-65536,442,3337413,524295,8,435ec912e125c9f8ec95aa13ae97a7e5c07ec4f556588e54fb62969a2748fbef,119523d5019ffc56a1f411e3ea7c9b170aeeafbb9216c2b04156c486a419c04a
sample,all_cr-65536,443,3344142,524295,8,435ec912e125c9f8ec95aa13ae97a7e5c07ec4f556588e54fb62969a2748fbef,119523d5019ffc56a1f411e3ea7c9b170aeeafbb9216c2b04156c486a419c04a
sample,all_cr-65536,444,3348162,524295,8,435ec912e125c9f8ec95aa13ae97a7e5c07ec4f556588e54fb62969a2748fbef,119523d5019ffc56a1f411e3ea7c9b170aeeafbb9216c2b04156c486a419c04a
sample,all_cr-65536,445,3337643,524295,8,435ec912e125c9f8ec95aa13ae97a7e5c07ec4f556588e54fb62969a2748fbef,119523d5019ffc56a1f411e3ea7c9b170aeeafbb9216c2b04156c486a419c04a
sample,all_cr-65536,446,3347492,524295,8,435ec912e125c9f8ec95aa13ae97a7e5c07ec4f556588e54fb62969a2748fbef,119523d5019ffc56a1f411e3ea7c9b170aeeafbb9216c2b04156c486a419c04a
sample,all_cr-65536,447,3336973,524295,8,435ec912e125c9f8ec95aa13ae97a7e5c07ec4f556588e54fb62969a2748fbef,119523d5019ffc56a1f411e3ea7c9b170aeeafbb9216c2b04156c486a419c04a
sample,all_cr-65536,448,3345922,524295,8,435ec912e125c9f8ec95aa13ae97a7e5c07ec4f556588e54fb62969a2748fbef,119523d5019ffc56a1f411e3ea7c9b170aeeafbb9216c2b04156c486a419c04a
sample,all_cr-65536,449,3343582,524295,8,435ec912e125c9f8ec95aa13ae97a7e5c07ec4f556588e54fb62969a2748fbef,119523d5019ffc56a1f411e3ea7c9b170aeeafbb9216c2b04156c486a419c04a
sample,all_cr-65536,450,3344143,524295,8,435ec912e125c9f8ec95aa13ae97a7e5c07ec4f556588e54fb62969a2748fbef,119523d5019ffc56a1f411e3ea7c9b170aeeafbb9216c2b04156c486a419c04a
sample,all_cr-65536,451,3345722,524295,8,435ec912e125c9f8ec95aa13ae97a7e5c07ec4f556588e54fb62969a2748fbef,119523d5019ffc56a1f411e3ea7c9b170aeeafbb9216c2b04156c486a419c04a
sample,all_cr-65536,452,3357003,524295,8,435ec912e125c9f8ec95aa13ae97a7e5c07ec4f556588e54fb62969a2748fbef,119523d5019ffc56a1f411e3ea7c9b170aeeafbb9216c2b04156c486a419c04a
sample,all_cr-65536,453,3337752,524295,8,435ec912e125c9f8ec95aa13ae97a7e5c07ec4f556588e54fb62969a2748fbef,119523d5019ffc56a1f411e3ea7c9b170aeeafbb9216c2b04156c486a419c04a
sample,all_cr-65536,454,3341533,524295,8,435ec912e125c9f8ec95aa13ae97a7e5c07ec4f556588e54fb62969a2748fbef,119523d5019ffc56a1f411e3ea7c9b170aeeafbb9216c2b04156c486a419c04a
sample,all_cr-65536,455,3346632,524295,8,435ec912e125c9f8ec95aa13ae97a7e5c07ec4f556588e54fb62969a2748fbef,119523d5019ffc56a1f411e3ea7c9b170aeeafbb9216c2b04156c486a419c04a
sample,all_cr-65536,456,3338852,524295,8,435ec912e125c9f8ec95aa13ae97a7e5c07ec4f556588e54fb62969a2748fbef,119523d5019ffc56a1f411e3ea7c9b170aeeafbb9216c2b04156c486a419c04a
sample,all_cr-65536,457,3337903,524295,8,435ec912e125c9f8ec95aa13ae97a7e5c07ec4f556588e54fb62969a2748fbef,119523d5019ffc56a1f411e3ea7c9b170aeeafbb9216c2b04156c486a419c04a
sample,all_cr-65536,458,3345952,524295,8,435ec912e125c9f8ec95aa13ae97a7e5c07ec4f556588e54fb62969a2748fbef,119523d5019ffc56a1f411e3ea7c9b170aeeafbb9216c2b04156c486a419c04a
sample,all_cr-65536,459,3343763,524295,8,435ec912e125c9f8ec95aa13ae97a7e5c07ec4f556588e54fb62969a2748fbef,119523d5019ffc56a1f411e3ea7c9b170aeeafbb9216c2b04156c486a419c04a
sample,all_cr-65536,460,3341722,524295,8,435ec912e125c9f8ec95aa13ae97a7e5c07ec4f556588e54fb62969a2748fbef,119523d5019ffc56a1f411e3ea7c9b170aeeafbb9216c2b04156c486a419c04a
sample,all_cr-65536,461,3346862,524295,8,435ec912e125c9f8ec95aa13ae97a7e5c07ec4f556588e54fb62969a2748fbef,119523d5019ffc56a1f411e3ea7c9b170aeeafbb9216c2b04156c486a419c04a
sample,all_cr-65536,462,3343053,524295,8,435ec912e125c9f8ec95aa13ae97a7e5c07ec4f556588e54fb62969a2748fbef,119523d5019ffc56a1f411e3ea7c9b170aeeafbb9216c2b04156c486a419c04a
sample,all_cr-65536,463,3342782,524295,8,435ec912e125c9f8ec95aa13ae97a7e5c07ec4f556588e54fb62969a2748fbef,119523d5019ffc56a1f411e3ea7c9b170aeeafbb9216c2b04156c486a419c04a
sample,all_cr-65536,464,3346203,524295,8,435ec912e125c9f8ec95aa13ae97a7e5c07ec4f556588e54fb62969a2748fbef,119523d5019ffc56a1f411e3ea7c9b170aeeafbb9216c2b04156c486a419c04a
sample,all_cr-65536,465,3342432,524295,8,435ec912e125c9f8ec95aa13ae97a7e5c07ec4f556588e54fb62969a2748fbef,119523d5019ffc56a1f411e3ea7c9b170aeeafbb9216c2b04156c486a419c04a
sample,all_cr-65536,466,3337263,524295,8,435ec912e125c9f8ec95aa13ae97a7e5c07ec4f556588e54fb62969a2748fbef,119523d5019ffc56a1f411e3ea7c9b170aeeafbb9216c2b04156c486a419c04a
sample,all_cr-65536,467,3346332,524295,8,435ec912e125c9f8ec95aa13ae97a7e5c07ec4f556588e54fb62969a2748fbef,119523d5019ffc56a1f411e3ea7c9b170aeeafbb9216c2b04156c486a419c04a
sample,all_cr-65536,468,3333152,524295,8,435ec912e125c9f8ec95aa13ae97a7e5c07ec4f556588e54fb62969a2748fbef,119523d5019ffc56a1f411e3ea7c9b170aeeafbb9216c2b04156c486a419c04a
sample,all_cr-65536,469,3340223,524295,8,435ec912e125c9f8ec95aa13ae97a7e5c07ec4f556588e54fb62969a2748fbef,119523d5019ffc56a1f411e3ea7c9b170aeeafbb9216c2b04156c486a419c04a
sample,all_cr-65536,470,3347462,524295,8,435ec912e125c9f8ec95aa13ae97a7e5c07ec4f556588e54fb62969a2748fbef,119523d5019ffc56a1f411e3ea7c9b170aeeafbb9216c2b04156c486a419c04a
sample,all_cr-65536,471,3337473,524295,8,435ec912e125c9f8ec95aa13ae97a7e5c07ec4f556588e54fb62969a2748fbef,119523d5019ffc56a1f411e3ea7c9b170aeeafbb9216c2b04156c486a419c04a
sample,all_cr-65536,472,3340322,524295,8,435ec912e125c9f8ec95aa13ae97a7e5c07ec4f556588e54fb62969a2748fbef,119523d5019ffc56a1f411e3ea7c9b170aeeafbb9216c2b04156c486a419c04a
sample,all_cr-65536,473,3340202,524295,8,435ec912e125c9f8ec95aa13ae97a7e5c07ec4f556588e54fb62969a2748fbef,119523d5019ffc56a1f411e3ea7c9b170aeeafbb9216c2b04156c486a419c04a
sample,all_cr-65536,474,3335123,524295,8,435ec912e125c9f8ec95aa13ae97a7e5c07ec4f556588e54fb62969a2748fbef,119523d5019ffc56a1f411e3ea7c9b170aeeafbb9216c2b04156c486a419c04a
sample,all_cr-65536,475,3349692,524295,8,435ec912e125c9f8ec95aa13ae97a7e5c07ec4f556588e54fb62969a2748fbef,119523d5019ffc56a1f411e3ea7c9b170aeeafbb9216c2b04156c486a419c04a
sample,all_cr-65536,476,3334713,524295,8,435ec912e125c9f8ec95aa13ae97a7e5c07ec4f556588e54fb62969a2748fbef,119523d5019ffc56a1f411e3ea7c9b170aeeafbb9216c2b04156c486a419c04a
sample,all_cr-65536,477,3339612,524295,8,435ec912e125c9f8ec95aa13ae97a7e5c07ec4f556588e54fb62969a2748fbef,119523d5019ffc56a1f411e3ea7c9b170aeeafbb9216c2b04156c486a419c04a
sample,all_cr-65536,478,3336152,524295,8,435ec912e125c9f8ec95aa13ae97a7e5c07ec4f556588e54fb62969a2748fbef,119523d5019ffc56a1f411e3ea7c9b170aeeafbb9216c2b04156c486a419c04a
sample,all_cr-65536,479,3339843,524295,8,435ec912e125c9f8ec95aa13ae97a7e5c07ec4f556588e54fb62969a2748fbef,119523d5019ffc56a1f411e3ea7c9b170aeeafbb9216c2b04156c486a419c04a
sample,all_cr-65536,480,3334582,524295,8,435ec912e125c9f8ec95aa13ae97a7e5c07ec4f556588e54fb62969a2748fbef,119523d5019ffc56a1f411e3ea7c9b170aeeafbb9216c2b04156c486a419c04a
sample,all_cr-65536,481,3340743,524295,8,435ec912e125c9f8ec95aa13ae97a7e5c07ec4f556588e54fb62969a2748fbef,119523d5019ffc56a1f411e3ea7c9b170aeeafbb9216c2b04156c486a419c04a
sample,all_cr-65536,482,3339742,524295,8,435ec912e125c9f8ec95aa13ae97a7e5c07ec4f556588e54fb62969a2748fbef,119523d5019ffc56a1f411e3ea7c9b170aeeafbb9216c2b04156c486a419c04a
sample,all_cr-65536,483,3336652,524295,8,435ec912e125c9f8ec95aa13ae97a7e5c07ec4f556588e54fb62969a2748fbef,119523d5019ffc56a1f411e3ea7c9b170aeeafbb9216c2b04156c486a419c04a
sample,all_cr-65536,484,3335663,524295,8,435ec912e125c9f8ec95aa13ae97a7e5c07ec4f556588e54fb62969a2748fbef,119523d5019ffc56a1f411e3ea7c9b170aeeafbb9216c2b04156c486a419c04a
sample,all_cr-65536,485,3341362,524295,8,435ec912e125c9f8ec95aa13ae97a7e5c07ec4f556588e54fb62969a2748fbef,119523d5019ffc56a1f411e3ea7c9b170aeeafbb9216c2b04156c486a419c04a
sample,all_cr-65536,486,3335722,524295,8,435ec912e125c9f8ec95aa13ae97a7e5c07ec4f556588e54fb62969a2748fbef,119523d5019ffc56a1f411e3ea7c9b170aeeafbb9216c2b04156c486a419c04a
sample,all_cr-65536,487,3342563,524295,8,435ec912e125c9f8ec95aa13ae97a7e5c07ec4f556588e54fb62969a2748fbef,119523d5019ffc56a1f411e3ea7c9b170aeeafbb9216c2b04156c486a419c04a
sample,all_cr-65536,488,3332812,524295,8,435ec912e125c9f8ec95aa13ae97a7e5c07ec4f556588e54fb62969a2748fbef,119523d5019ffc56a1f411e3ea7c9b170aeeafbb9216c2b04156c486a419c04a
sample,all_cr-65536,489,3353683,524295,8,435ec912e125c9f8ec95aa13ae97a7e5c07ec4f556588e54fb62969a2748fbef,119523d5019ffc56a1f411e3ea7c9b170aeeafbb9216c2b04156c486a419c04a
sample,all_cr-65536,490,3346242,524295,8,435ec912e125c9f8ec95aa13ae97a7e5c07ec4f556588e54fb62969a2748fbef,119523d5019ffc56a1f411e3ea7c9b170aeeafbb9216c2b04156c486a419c04a
sample,all_cr-65536,491,3340853,524295,8,435ec912e125c9f8ec95aa13ae97a7e5c07ec4f556588e54fb62969a2748fbef,119523d5019ffc56a1f411e3ea7c9b170aeeafbb9216c2b04156c486a419c04a
sample,all_cr-65536,492,3347622,524295,8,435ec912e125c9f8ec95aa13ae97a7e5c07ec4f556588e54fb62969a2748fbef,119523d5019ffc56a1f411e3ea7c9b170aeeafbb9216c2b04156c486a419c04a
sample,all_cr-65536,493,3348772,524295,8,435ec912e125c9f8ec95aa13ae97a7e5c07ec4f556588e54fb62969a2748fbef,119523d5019ffc56a1f411e3ea7c9b170aeeafbb9216c2b04156c486a419c04a
sample,all_cr-65536,494,3344413,524295,8,435ec912e125c9f8ec95aa13ae97a7e5c07ec4f556588e54fb62969a2748fbef,119523d5019ffc56a1f411e3ea7c9b170aeeafbb9216c2b04156c486a419c04a
sample,all_cr-65536,495,3334552,524295,8,435ec912e125c9f8ec95aa13ae97a7e5c07ec4f556588e54fb62969a2748fbef,119523d5019ffc56a1f411e3ea7c9b170aeeafbb9216c2b04156c486a419c04a
sample,all_cr-65536,496,3347453,524295,8,435ec912e125c9f8ec95aa13ae97a7e5c07ec4f556588e54fb62969a2748fbef,119523d5019ffc56a1f411e3ea7c9b170aeeafbb9216c2b04156c486a419c04a
sample,all_cr-65536,497,3337392,524295,8,435ec912e125c9f8ec95aa13ae97a7e5c07ec4f556588e54fb62969a2748fbef,119523d5019ffc56a1f411e3ea7c9b170aeeafbb9216c2b04156c486a419c04a
sample,all_cr-65536,498,3341112,524295,8,435ec912e125c9f8ec95aa13ae97a7e5c07ec4f556588e54fb62969a2748fbef,119523d5019ffc56a1f411e3ea7c9b170aeeafbb9216c2b04156c486a419c04a
sample,all_cr-65536,499,3347683,524295,8,435ec912e125c9f8ec95aa13ae97a7e5c07ec4f556588e54fb62969a2748fbef,119523d5019ffc56a1f411e3ea7c9b170aeeafbb9216c2b04156c486a419c04a
sample,sparse_crlf-65536,0,393791,522255,8,4edca701f475cd006d9a6a13adfe1df33a941fb0d75dc7f208f20d3c5d1d80f5,03a7e983b36035b5a12262b7862ec3ecec67ca006b9e7b01527dc87f05dd7d6e
sample,sparse_crlf-65536,1,400052,522255,8,4edca701f475cd006d9a6a13adfe1df33a941fb0d75dc7f208f20d3c5d1d80f5,03a7e983b36035b5a12262b7862ec3ecec67ca006b9e7b01527dc87f05dd7d6e
sample,sparse_crlf-65536,2,404101,522255,8,4edca701f475cd006d9a6a13adfe1df33a941fb0d75dc7f208f20d3c5d1d80f5,03a7e983b36035b5a12262b7862ec3ecec67ca006b9e7b01527dc87f05dd7d6e
sample,sparse_crlf-65536,3,418942,522255,8,4edca701f475cd006d9a6a13adfe1df33a941fb0d75dc7f208f20d3c5d1d80f5,03a7e983b36035b5a12262b7862ec3ecec67ca006b9e7b01527dc87f05dd7d6e
sample,sparse_crlf-65536,4,411011,522255,8,4edca701f475cd006d9a6a13adfe1df33a941fb0d75dc7f208f20d3c5d1d80f5,03a7e983b36035b5a12262b7862ec3ecec67ca006b9e7b01527dc87f05dd7d6e
sample,sparse_crlf-65536,5,410872,522255,8,4edca701f475cd006d9a6a13adfe1df33a941fb0d75dc7f208f20d3c5d1d80f5,03a7e983b36035b5a12262b7862ec3ecec67ca006b9e7b01527dc87f05dd7d6e
sample,sparse_crlf-65536,6,417941,522255,8,4edca701f475cd006d9a6a13adfe1df33a941fb0d75dc7f208f20d3c5d1d80f5,03a7e983b36035b5a12262b7862ec3ecec67ca006b9e7b01527dc87f05dd7d6e
sample,sparse_crlf-65536,7,410832,522255,8,4edca701f475cd006d9a6a13adfe1df33a941fb0d75dc7f208f20d3c5d1d80f5,03a7e983b36035b5a12262b7862ec3ecec67ca006b9e7b01527dc87f05dd7d6e
sample,sparse_crlf-65536,8,417051,522255,8,4edca701f475cd006d9a6a13adfe1df33a941fb0d75dc7f208f20d3c5d1d80f5,03a7e983b36035b5a12262b7862ec3ecec67ca006b9e7b01527dc87f05dd7d6e
sample,sparse_crlf-65536,9,405271,522255,8,4edca701f475cd006d9a6a13adfe1df33a941fb0d75dc7f208f20d3c5d1d80f5,03a7e983b36035b5a12262b7862ec3ecec67ca006b9e7b01527dc87f05dd7d6e
sample,sparse_crlf-65536,10,405232,522255,8,4edca701f475cd006d9a6a13adfe1df33a941fb0d75dc7f208f20d3c5d1d80f5,03a7e983b36035b5a12262b7862ec3ecec67ca006b9e7b01527dc87f05dd7d6e
sample,sparse_crlf-65536,11,414111,522255,8,4edca701f475cd006d9a6a13adfe1df33a941fb0d75dc7f208f20d3c5d1d80f5,03a7e983b36035b5a12262b7862ec3ecec67ca006b9e7b01527dc87f05dd7d6e
sample,sparse_crlf-65536,12,405062,522255,8,4edca701f475cd006d9a6a13adfe1df33a941fb0d75dc7f208f20d3c5d1d80f5,03a7e983b36035b5a12262b7862ec3ecec67ca006b9e7b01527dc87f05dd7d6e
sample,sparse_crlf-65536,13,405871,522255,8,4edca701f475cd006d9a6a13adfe1df33a941fb0d75dc7f208f20d3c5d1d80f5,03a7e983b36035b5a12262b7862ec3ecec67ca006b9e7b01527dc87f05dd7d6e
sample,sparse_crlf-65536,14,394692,522255,8,4edca701f475cd006d9a6a13adfe1df33a941fb0d75dc7f208f20d3c5d1d80f5,03a7e983b36035b5a12262b7862ec3ecec67ca006b9e7b01527dc87f05dd7d6e
sample,sparse_crlf-65536,15,394661,522255,8,4edca701f475cd006d9a6a13adfe1df33a941fb0d75dc7f208f20d3c5d1d80f5,03a7e983b36035b5a12262b7862ec3ecec67ca006b9e7b01527dc87f05dd7d6e
sample,sparse_crlf-65536,16,399052,522255,8,4edca701f475cd006d9a6a13adfe1df33a941fb0d75dc7f208f20d3c5d1d80f5,03a7e983b36035b5a12262b7862ec3ecec67ca006b9e7b01527dc87f05dd7d6e
sample,sparse_crlf-65536,17,413181,522255,8,4edca701f475cd006d9a6a13adfe1df33a941fb0d75dc7f208f20d3c5d1d80f5,03a7e983b36035b5a12262b7862ec3ecec67ca006b9e7b01527dc87f05dd7d6e
sample,sparse_crlf-65536,18,410682,522255,8,4edca701f475cd006d9a6a13adfe1df33a941fb0d75dc7f208f20d3c5d1d80f5,03a7e983b36035b5a12262b7862ec3ecec67ca006b9e7b01527dc87f05dd7d6e
sample,sparse_crlf-65536,19,394451,522255,8,4edca701f475cd006d9a6a13adfe1df33a941fb0d75dc7f208f20d3c5d1d80f5,03a7e983b36035b5a12262b7862ec3ecec67ca006b9e7b01527dc87f05dd7d6e
sample,sparse_crlf-65536,20,401722,522255,8,4edca701f475cd006d9a6a13adfe1df33a941fb0d75dc7f208f20d3c5d1d80f5,03a7e983b36035b5a12262b7862ec3ecec67ca006b9e7b01527dc87f05dd7d6e
sample,sparse_crlf-65536,21,411211,522255,8,4edca701f475cd006d9a6a13adfe1df33a941fb0d75dc7f208f20d3c5d1d80f5,03a7e983b36035b5a12262b7862ec3ecec67ca006b9e7b01527dc87f05dd7d6e
sample,sparse_crlf-65536,22,595422,522255,8,4edca701f475cd006d9a6a13adfe1df33a941fb0d75dc7f208f20d3c5d1d80f5,03a7e983b36035b5a12262b7862ec3ecec67ca006b9e7b01527dc87f05dd7d6e
sample,sparse_crlf-65536,23,399682,522255,8,4edca701f475cd006d9a6a13adfe1df33a941fb0d75dc7f208f20d3c5d1d80f5,03a7e983b36035b5a12262b7862ec3ecec67ca006b9e7b01527dc87f05dd7d6e
sample,sparse_crlf-65536,24,394001,522255,8,4edca701f475cd006d9a6a13adfe1df33a941fb0d75dc7f208f20d3c5d1d80f5,03a7e983b36035b5a12262b7862ec3ecec67ca006b9e7b01527dc87f05dd7d6e
sample,sparse_crlf-65536,25,400462,522255,8,4edca701f475cd006d9a6a13adfe1df33a941fb0d75dc7f208f20d3c5d1d80f5,03a7e983b36035b5a12262b7862ec3ecec67ca006b9e7b01527dc87f05dd7d6e
sample,sparse_crlf-65536,26,394471,522255,8,4edca701f475cd006d9a6a13adfe1df33a941fb0d75dc7f208f20d3c5d1d80f5,03a7e983b36035b5a12262b7862ec3ecec67ca006b9e7b01527dc87f05dd7d6e
sample,sparse_crlf-65536,27,401222,522255,8,4edca701f475cd006d9a6a13adfe1df33a941fb0d75dc7f208f20d3c5d1d80f5,03a7e983b36035b5a12262b7862ec3ecec67ca006b9e7b01527dc87f05dd7d6e
sample,sparse_crlf-65536,28,398361,522255,8,4edca701f475cd006d9a6a13adfe1df33a941fb0d75dc7f208f20d3c5d1d80f5,03a7e983b36035b5a12262b7862ec3ecec67ca006b9e7b01527dc87f05dd7d6e
sample,sparse_crlf-65536,29,399302,522255,8,4edca701f475cd006d9a6a13adfe1df33a941fb0d75dc7f208f20d3c5d1d80f5,03a7e983b36035b5a12262b7862ec3ecec67ca006b9e7b01527dc87f05dd7d6e
sample,sparse_crlf-65536,30,403531,522255,8,4edca701f475cd006d9a6a13adfe1df33a941fb0d75dc7f208f20d3c5d1d80f5,03a7e983b36035b5a12262b7862ec3ecec67ca006b9e7b01527dc87f05dd7d6e
sample,sparse_crlf-65536,31,402632,522255,8,4edca701f475cd006d9a6a13adfe1df33a941fb0d75dc7f208f20d3c5d1d80f5,03a7e983b36035b5a12262b7862ec3ecec67ca006b9e7b01527dc87f05dd7d6e
sample,sparse_crlf-65536,32,414231,522255,8,4edca701f475cd006d9a6a13adfe1df33a941fb0d75dc7f208f20d3c5d1d80f5,03a7e983b36035b5a12262b7862ec3ecec67ca006b9e7b01527dc87f05dd7d6e
sample,sparse_crlf-65536,33,408432,522255,8,4edca701f475cd006d9a6a13adfe1df33a941fb0d75dc7f208f20d3c5d1d80f5,03a7e983b36035b5a12262b7862ec3ecec67ca006b9e7b01527dc87f05dd7d6e
sample,sparse_crlf-65536,34,408511,522255,8,4edca701f475cd006d9a6a13adfe1df33a941fb0d75dc7f208f20d3c5d1d80f5,03a7e983b36035b5a12262b7862ec3ecec67ca006b9e7b01527dc87f05dd7d6e
sample,sparse_crlf-65536,35,413772,522255,8,4edca701f475cd006d9a6a13adfe1df33a941fb0d75dc7f208f20d3c5d1d80f5,03a7e983b36035b5a12262b7862ec3ecec67ca006b9e7b01527dc87f05dd7d6e
sample,sparse_crlf-65536,36,400971,522255,8,4edca701f475cd006d9a6a13adfe1df33a941fb0d75dc7f208f20d3c5d1d80f5,03a7e983b36035b5a12262b7862ec3ecec67ca006b9e7b01527dc87f05dd7d6e
sample,sparse_crlf-65536,37,406301,522255,8,4edca701f475cd006d9a6a13adfe1df33a941fb0d75dc7f208f20d3c5d1d80f5,03a7e983b36035b5a12262b7862ec3ecec67ca006b9e7b01527dc87f05dd7d6e
sample,sparse_crlf-65536,38,404872,522255,8,4edca701f475cd006d9a6a13adfe1df33a941fb0d75dc7f208f20d3c5d1d80f5,03a7e983b36035b5a12262b7862ec3ecec67ca006b9e7b01527dc87f05dd7d6e
sample,sparse_crlf-65536,39,404811,522255,8,4edca701f475cd006d9a6a13adfe1df33a941fb0d75dc7f208f20d3c5d1d80f5,03a7e983b36035b5a12262b7862ec3ecec67ca006b9e7b01527dc87f05dd7d6e
sample,sparse_crlf-65536,40,406082,522255,8,4edca701f475cd006d9a6a13adfe1df33a941fb0d75dc7f208f20d3c5d1d80f5,03a7e983b36035b5a12262b7862ec3ecec67ca006b9e7b01527dc87f05dd7d6e
sample,sparse_crlf-65536,41,397461,522255,8,4edca701f475cd006d9a6a13adfe1df33a941fb0d75dc7f208f20d3c5d1d80f5,03a7e983b36035b5a12262b7862ec3ecec67ca006b9e7b01527dc87f05dd7d6e
sample,sparse_crlf-65536,42,401902,522255,8,4edca701f475cd006d9a6a13adfe1df33a941fb0d75dc7f208f20d3c5d1d80f5,03a7e983b36035b5a12262b7862ec3ecec67ca006b9e7b01527dc87f05dd7d6e
sample,sparse_crlf-65536,43,399391,522255,8,4edca701f475cd006d9a6a13adfe1df33a941fb0d75dc7f208f20d3c5d1d80f5,03a7e983b36035b5a12262b7862ec3ecec67ca006b9e7b01527dc87f05dd7d6e
sample,sparse_crlf-65536,44,401972,522255,8,4edca701f475cd006d9a6a13adfe1df33a941fb0d75dc7f208f20d3c5d1d80f5,03a7e983b36035b5a12262b7862ec3ecec67ca006b9e7b01527dc87f05dd7d6e
sample,sparse_crlf-65536,45,306631,522255,8,4edca701f475cd006d9a6a13adfe1df33a941fb0d75dc7f208f20d3c5d1d80f5,03a7e983b36035b5a12262b7862ec3ecec67ca006b9e7b01527dc87f05dd7d6e
sample,sparse_crlf-65536,46,521362,522255,8,4edca701f475cd006d9a6a13adfe1df33a941fb0d75dc7f208f20d3c5d1d80f5,03a7e983b36035b5a12262b7862ec3ecec67ca006b9e7b01527dc87f05dd7d6e
sample,sparse_crlf-65536,47,381381,522255,8,4edca701f475cd006d9a6a13adfe1df33a941fb0d75dc7f208f20d3c5d1d80f5,03a7e983b36035b5a12262b7862ec3ecec67ca006b9e7b01527dc87f05dd7d6e
sample,sparse_crlf-65536,48,520852,522255,8,4edca701f475cd006d9a6a13adfe1df33a941fb0d75dc7f208f20d3c5d1d80f5,03a7e983b36035b5a12262b7862ec3ecec67ca006b9e7b01527dc87f05dd7d6e
sample,sparse_crlf-65536,49,527992,522255,8,4edca701f475cd006d9a6a13adfe1df33a941fb0d75dc7f208f20d3c5d1d80f5,03a7e983b36035b5a12262b7862ec3ecec67ca006b9e7b01527dc87f05dd7d6e
sample,sparse_crlf-65536,50,384891,522255,8,4edca701f475cd006d9a6a13adfe1df33a941fb0d75dc7f208f20d3c5d1d80f5,03a7e983b36035b5a12262b7862ec3ecec67ca006b9e7b01527dc87f05dd7d6e
sample,sparse_crlf-65536,51,455812,522255,8,4edca701f475cd006d9a6a13adfe1df33a941fb0d75dc7f208f20d3c5d1d80f5,03a7e983b36035b5a12262b7862ec3ecec67ca006b9e7b01527dc87f05dd7d6e
sample,sparse_crlf-65536,52,521022,522255,8,4edca701f475cd006d9a6a13adfe1df33a941fb0d75dc7f208f20d3c5d1d80f5,03a7e983b36035b5a12262b7862ec3ecec67ca006b9e7b01527dc87f05dd7d6e
sample,sparse_crlf-65536,53,462642,522255,8,4edca701f475cd006d9a6a13adfe1df33a941fb0d75dc7f208f20d3c5d1d80f5,03a7e983b36035b5a12262b7862ec3ecec67ca006b9e7b01527dc87f05dd7d6e
sample,sparse_crlf-65536,54,520802,522255,8,4edca701f475cd006d9a6a13adfe1df33a941fb0d75dc7f208f20d3c5d1d80f5,03a7e983b36035b5a12262b7862ec3ecec67ca006b9e7b01527dc87f05dd7d6e
sample,sparse_crlf-65536,55,466782,522255,8,4edca701f475cd006d9a6a13adfe1df33a941fb0d75dc7f208f20d3c5d1d80f5,03a7e983b36035b5a12262b7862ec3ecec67ca006b9e7b01527dc87f05dd7d6e
sample,sparse_crlf-65536,56,520381,522255,8,4edca701f475cd006d9a6a13adfe1df33a941fb0d75dc7f208f20d3c5d1d80f5,03a7e983b36035b5a12262b7862ec3ecec67ca006b9e7b01527dc87f05dd7d6e
sample,sparse_crlf-65536,57,469962,522255,8,4edca701f475cd006d9a6a13adfe1df33a941fb0d75dc7f208f20d3c5d1d80f5,03a7e983b36035b5a12262b7862ec3ecec67ca006b9e7b01527dc87f05dd7d6e
sample,sparse_crlf-65536,58,462922,522255,8,4edca701f475cd006d9a6a13adfe1df33a941fb0d75dc7f208f20d3c5d1d80f5,03a7e983b36035b5a12262b7862ec3ecec67ca006b9e7b01527dc87f05dd7d6e
sample,sparse_crlf-65536,59,496572,522255,8,4edca701f475cd006d9a6a13adfe1df33a941fb0d75dc7f208f20d3c5d1d80f5,03a7e983b36035b5a12262b7862ec3ecec67ca006b9e7b01527dc87f05dd7d6e
sample,sparse_crlf-65536,60,520442,522255,8,4edca701f475cd006d9a6a13adfe1df33a941fb0d75dc7f208f20d3c5d1d80f5,03a7e983b36035b5a12262b7862ec3ecec67ca006b9e7b01527dc87f05dd7d6e
sample,sparse_crlf-65536,61,485762,522255,8,4edca701f475cd006d9a6a13adfe1df33a941fb0d75dc7f208f20d3c5d1d80f5,03a7e983b36035b5a12262b7862ec3ecec67ca006b9e7b01527dc87f05dd7d6e
sample,sparse_crlf-65536,62,520521,522255,8,4edca701f475cd006d9a6a13adfe1df33a941fb0d75dc7f208f20d3c5d1d80f5,03a7e983b36035b5a12262b7862ec3ecec67ca006b9e7b01527dc87f05dd7d6e
sample,sparse_crlf-65536,63,480092,522255,8,4edca701f475cd006d9a6a13adfe1df33a941fb0d75dc7f208f20d3c5d1d80f5,03a7e983b36035b5a12262b7862ec3ecec67ca006b9e7b01527dc87f05dd7d6e
sample,sparse_crlf-65536,64,520582,522255,8,4edca701f475cd006d9a6a13adfe1df33a941fb0d75dc7f208f20d3c5d1d80f5,03a7e983b36035b5a12262b7862ec3ecec67ca006b9e7b01527dc87f05dd7d6e
sample,sparse_crlf-65536,65,476792,522255,8,4edca701f475cd006d9a6a13adfe1df33a941fb0d75dc7f208f20d3c5d1d80f5,03a7e983b36035b5a12262b7862ec3ecec67ca006b9e7b01527dc87f05dd7d6e
sample,sparse_crlf-65536,66,523382,522255,8,4edca701f475cd006d9a6a13adfe1df33a941fb0d75dc7f208f20d3c5d1d80f5,03a7e983b36035b5a12262b7862ec3ecec67ca006b9e7b01527dc87f05dd7d6e
sample,sparse_crlf-65536,67,474752,522255,8,4edca701f475cd006d9a6a13adfe1df33a941fb0d75dc7f208f20d3c5d1d80f5,03a7e983b36035b5a12262b7862ec3ecec67ca006b9e7b01527dc87f05dd7d6e
sample,sparse_crlf-65536,68,520442,522255,8,4edca701f475cd006d9a6a13adfe1df33a941fb0d75dc7f208f20d3c5d1d80f5,03a7e983b36035b5a12262b7862ec3ecec67ca006b9e7b01527dc87f05dd7d6e
sample,sparse_crlf-65536,69,527012,522255,8,4edca701f475cd006d9a6a13adfe1df33a941fb0d75dc7f208f20d3c5d1d80f5,03a7e983b36035b5a12262b7862ec3ecec67ca006b9e7b01527dc87f05dd7d6e
sample,sparse_crlf-65536,70,520332,522255,8,4edca701f475cd006d9a6a13adfe1df33a941fb0d75dc7f208f20d3c5d1d80f5,03a7e983b36035b5a12262b7862ec3ecec67ca006b9e7b01527dc87f05dd7d6e
sample,sparse_crlf-65536,71,450951,522255,8,4edca701f475cd006d9a6a13adfe1df33a941fb0d75dc7f208f20d3c5d1d80f5,03a7e983b36035b5a12262b7862ec3ecec67ca006b9e7b01527dc87f05dd7d6e
sample,sparse_crlf-65536,72,520332,522255,8,4edca701f475cd006d9a6a13adfe1df33a941fb0d75dc7f208f20d3c5d1d80f5,03a7e983b36035b5a12262b7862ec3ecec67ca006b9e7b01527dc87f05dd7d6e
sample,sparse_crlf-65536,73,518112,522255,8,4edca701f475cd006d9a6a13adfe1df33a941fb0d75dc7f208f20d3c5d1d80f5,03a7e983b36035b5a12262b7862ec3ecec67ca006b9e7b01527dc87f05dd7d6e
sample,sparse_crlf-65536,74,433532,522255,8,4edca701f475cd006d9a6a13adfe1df33a941fb0d75dc7f208f20d3c5d1d80f5,03a7e983b36035b5a12262b7862ec3ecec67ca006b9e7b01527dc87f05dd7d6e
sample,sparse_crlf-65536,75,478792,522255,8,4edca701f475cd006d9a6a13adfe1df33a941fb0d75dc7f208f20d3c5d1d80f5,03a7e983b36035b5a12262b7862ec3ecec67ca006b9e7b01527dc87f05dd7d6e
sample,sparse_crlf-65536,76,523162,522255,8,4edca701f475cd006d9a6a13adfe1df33a941fb0d75dc7f208f20d3c5d1d80f5,03a7e983b36035b5a12262b7862ec3ecec67ca006b9e7b01527dc87f05dd7d6e
sample,sparse_crlf-65536,77,475661,522255,8,4edca701f475cd006d9a6a13adfe1df33a941fb0d75dc7f208f20d3c5d1d80f5,03a7e983b36035b5a12262b7862ec3ecec67ca006b9e7b01527dc87f05dd7d6e
sample,sparse_crlf-65536,78,520512,522255,8,4edca701f475cd006d9a6a13adfe1df33a941fb0d75dc7f208f20d3c5d1d80f5,03a7e983b36035b5a12262b7862ec3ecec67ca006b9e7b01527dc87f05dd7d6e
sample,sparse_crlf-65536,79,474962,522255,8,4edca701f475cd006d9a6a13adfe1df33a941fb0d75dc7f208f20d3c5d1d80f5,03a7e983b36035b5a12262b7862ec3ecec67ca006b9e7b01527dc87f05dd7d6e
sample,sparse_crlf-65536,80,520322,522255,8,4edca701f475cd006d9a6a13adfe1df33a941fb0d75dc7f208f20d3c5d1d80f5,03a7e983b36035b5a12262b7862ec3ecec67ca006b9e7b01527dc87f05dd7d6e
sample,sparse_crlf-65536,81,527462,522255,8,4edca701f475cd006d9a6a13adfe1df33a941fb0d75dc7f208f20d3c5d1d80f5,03a7e983b36035b5a12262b7862ec3ecec67ca006b9e7b01527dc87f05dd7d6e
sample,sparse_crlf-65536,82,523672,522255,8,4edca701f475cd006d9a6a13adfe1df33a941fb0d75dc7f208f20d3c5d1d80f5,03a7e983b36035b5a12262b7862ec3ecec67ca006b9e7b01527dc87f05dd7d6e
sample,sparse_crlf-65536,83,449551,522255,8,4edca701f475cd006d9a6a13adfe1df33a941fb0d75dc7f208f20d3c5d1d80f5,03a7e983b36035b5a12262b7862ec3ecec67ca006b9e7b01527dc87f05dd7d6e
sample,sparse_crlf-65536,84,520422,522255,8,4edca701f475cd006d9a6a13adfe1df33a941fb0d75dc7f208f20d3c5d1d80f5,03a7e983b36035b5a12262b7862ec3ecec67ca006b9e7b01527dc87f05dd7d6e
sample,sparse_crlf-65536,85,460222,522255,8,4edca701f475cd006d9a6a13adfe1df33a941fb0d75dc7f208f20d3c5d1d80f5,03a7e983b36035b5a12262b7862ec3ecec67ca006b9e7b01527dc87f05dd7d6e
sample,sparse_crlf-65536,86,520382,522255,8,4edca701f475cd006d9a6a13adfe1df33a941fb0d75dc7f208f20d3c5d1d80f5,03a7e983b36035b5a12262b7862ec3ecec67ca006b9e7b01527dc87f05dd7d6e
sample,sparse_crlf-65536,87,467042,522255,8,4edca701f475cd006d9a6a13adfe1df33a941fb0d75dc7f208f20d3c5d1d80f5,03a7e983b36035b5a12262b7862ec3ecec67ca006b9e7b01527dc87f05dd7d6e
sample,sparse_crlf-65536,88,520332,522255,8,4edca701f475cd006d9a6a13adfe1df33a941fb0d75dc7f208f20d3c5d1d80f5,03a7e983b36035b5a12262b7862ec3ecec67ca006b9e7b01527dc87f05dd7d6e
sample,sparse_crlf-65536,89,470042,522255,8,4edca701f475cd006d9a6a13adfe1df33a941fb0d75dc7f208f20d3c5d1d80f5,03a7e983b36035b5a12262b7862ec3ecec67ca006b9e7b01527dc87f05dd7d6e
sample,sparse_crlf-65536,90,462631,522255,8,4edca701f475cd006d9a6a13adfe1df33a941fb0d75dc7f208f20d3c5d1d80f5,03a7e983b36035b5a12262b7862ec3ecec67ca006b9e7b01527dc87f05dd7d6e
sample,sparse_crlf-65536,91,498122,522255,8,4edca701f475cd006d9a6a13adfe1df33a941fb0d75dc7f208f20d3c5d1d80f5,03a7e983b36035b5a12262b7862ec3ecec67ca006b9e7b01527dc87f05dd7d6e
sample,sparse_crlf-65536,92,520742,522255,8,4edca701f475cd006d9a6a13adfe1df33a941fb0d75dc7f208f20d3c5d1d80f5,03a7e983b36035b5a12262b7862ec3ecec67ca006b9e7b01527dc87f05dd7d6e
sample,sparse_crlf-65536,93,485132,522255,8,4edca701f475cd006d9a6a13adfe1df33a941fb0d75dc7f208f20d3c5d1d80f5,03a7e983b36035b5a12262b7862ec3ecec67ca006b9e7b01527dc87f05dd7d6e
sample,sparse_crlf-65536,94,520602,522255,8,4edca701f475cd006d9a6a13adfe1df33a941fb0d75dc7f208f20d3c5d1d80f5,03a7e983b36035b5a12262b7862ec3ecec67ca006b9e7b01527dc87f05dd7d6e
sample,sparse_crlf-65536,95,479702,522255,8,4edca701f475cd006d9a6a13adfe1df33a941fb0d75dc7f208f20d3c5d1d80f5,03a7e983b36035b5a12262b7862ec3ecec67ca006b9e7b01527dc87f05dd7d6e
sample,sparse_crlf-65536,96,520642,522255,8,4edca701f475cd006d9a6a13adfe1df33a941fb0d75dc7f208f20d3c5d1d80f5,03a7e983b36035b5a12262b7862ec3ecec67ca006b9e7b01527dc87f05dd7d6e
sample,sparse_crlf-65536,97,476241,522255,8,4edca701f475cd006d9a6a13adfe1df33a941fb0d75dc7f208f20d3c5d1d80f5,03a7e983b36035b5a12262b7862ec3ecec67ca006b9e7b01527dc87f05dd7d6e
sample,sparse_crlf-65536,98,466962,522255,8,4edca701f475cd006d9a6a13adfe1df33a941fb0d75dc7f208f20d3c5d1d80f5,03a7e983b36035b5a12262b7862ec3ecec67ca006b9e7b01527dc87f05dd7d6e
sample,sparse_crlf-65536,99,527092,522255,8,4edca701f475cd006d9a6a13adfe1df33a941fb0d75dc7f208f20d3c5d1d80f5,03a7e983b36035b5a12262b7862ec3ecec67ca006b9e7b01527dc87f05dd7d6e
sample,sparse_crlf-65536,100,521062,522255,8,4edca701f475cd006d9a6a13adfe1df33a941fb0d75dc7f208f20d3c5d1d80f5,03a7e983b36035b5a12262b7862ec3ecec67ca006b9e7b01527dc87f05dd7d6e
sample,sparse_crlf-65536,101,528292,522255,8,4edca701f475cd006d9a6a13adfe1df33a941fb0d75dc7f208f20d3c5d1d80f5,03a7e983b36035b5a12262b7862ec3ecec67ca006b9e7b01527dc87f05dd7d6e
sample,sparse_crlf-65536,102,521172,522255,8,4edca701f475cd006d9a6a13adfe1df33a941fb0d75dc7f208f20d3c5d1d80f5,03a7e983b36035b5a12262b7862ec3ecec67ca006b9e7b01527dc87f05dd7d6e
sample,sparse_crlf-65536,103,450842,522255,8,4edca701f475cd006d9a6a13adfe1df33a941fb0d75dc7f208f20d3c5d1d80f5,03a7e983b36035b5a12262b7862ec3ecec67ca006b9e7b01527dc87f05dd7d6e
sample,sparse_crlf-65536,104,520222,522255,8,4edca701f475cd006d9a6a13adfe1df33a941fb0d75dc7f208f20d3c5d1d80f5,03a7e983b36035b5a12262b7862ec3ecec67ca006b9e7b01527dc87f05dd7d6e
sample,sparse_crlf-65536,105,461861,522255,8,4edca701f475cd006d9a6a13adfe1df33a941fb0d75dc7f208f20d3c5d1d80f5,03a7e983b36035b5a12262b7862ec3ecec67ca006b9e7b01527dc87f05dd7d6e
sample,sparse_crlf-65536,106,457002,522255,8,4edca701f475cd006d9a6a13adfe1df33a941fb0d75dc7f208f20d3c5d1d80f5,03a7e983b36035b5a12262b7862ec3ecec67ca006b9e7b01527dc87f05dd7d6e
sample,sparse_crlf-65536,107,494492,522255,8,4edca701f475cd006d9a6a13adfe1df33a941fb0d75dc7f208f20d3c5d1d80f5,03a7e983b36035b5a12262b7862ec3ecec67ca006b9e7b01527dc87f05dd7d6e
sample,sparse_crlf-65536,108,520512,522255,8,4edca701f475cd006d9a6a13adfe1df33a941fb0d75dc7f208f20d3c5d1d80f5,03a7e983b36035b5a12262b7862ec3ecec67ca006b9e7b01527dc87f05dd7d6e
sample,sparse_crlf-65536,109,486772,522255,8,4edca701f475cd006d9a6a13adfe1df33a941fb0d75dc7f208f20d3c5d1d80f5,03a7e983b36035b5a12262b7862ec3ecec67ca006b9e7b01527dc87f05dd7d6e
sample,sparse_crlf-65536,110,520582,522255,8,4edca701f475cd006d9a6a13adfe1df33a941fb0d75dc7f208f20d3c5d1d80f5,03a7e983b36035b5a12262b7862ec3ecec67ca006b9e7b01527dc87f05dd7d6e
sample,sparse_crlf-65536,111,479241,522255,8,4edca701f475cd006d9a6a13adfe1df33a941fb0d75dc7f208f20d3c5d1d80f5,03a7e983b36035b5a12262b7862ec3ecec67ca006b9e7b01527dc87f05dd7d6e
sample,sparse_crlf-65536,112,520272,522255,8,4edca701f475cd006d9a6a13adfe1df33a941fb0d75dc7f208f20d3c5d1d80f5,03a7e983b36035b5a12262b7862ec3ecec67ca006b9e7b01527dc87f05dd7d6e
sample,sparse_crlf-65536,113,474082,522255,8,4edca701f475cd006d9a6a13adfe1df33a941fb0d75dc7f208f20d3c5d1d80f5,03a7e983b36035b5a12262b7862ec3ecec67ca006b9e7b01527dc87f05dd7d6e
sample,sparse_crlf-65536,114,466742,522255,8,4edca701f475cd006d9a6a13adfe1df33a941fb0d75dc7f208f20d3c5d1d80f5,03a7e983b36035b5a12262b7862ec3ecec67ca006b9e7b01527dc87f05dd7d6e
sample,sparse_crlf-65536,115,527792,522255,8,4edca701f475cd006d9a6a13adfe1df33a941fb0d75dc7f208f20d3c5d1d80f5,03a7e983b36035b5a12262b7862ec3ecec67ca006b9e7b01527dc87f05dd7d6e
sample,sparse_crlf-65536,116,520292,522255,8,4edca701f475cd006d9a6a13adfe1df33a941fb0d75dc7f208f20d3c5d1d80f5,03a7e983b36035b5a12262b7862ec3ecec67ca006b9e7b01527dc87f05dd7d6e
sample,sparse_crlf-65536,117,528092,522255,8,4edca701f475cd006d9a6a13adfe1df33a941fb0d75dc7f208f20d3c5d1d80f5,03a7e983b36035b5a12262b7862ec3ecec67ca006b9e7b01527dc87f05dd7d6e
sample,sparse_crlf-65536,118,520462,522255,8,4edca701f475cd006d9a6a13adfe1df33a941fb0d75dc7f208f20d3c5d1d80f5,03a7e983b36035b5a12262b7862ec3ecec67ca006b9e7b01527dc87f05dd7d6e
sample,sparse_crlf-65536,119,449531,522255,8,4edca701f475cd006d9a6a13adfe1df33a941fb0d75dc7f208f20d3c5d1d80f5,03a7e983b36035b5a12262b7862ec3ecec67ca006b9e7b01527dc87f05dd7d6e
sample,sparse_crlf-65536,120,520422,522255,8,4edca701f475cd006d9a6a13adfe1df33a941fb0d75dc7f208f20d3c5d1d80f5,03a7e983b36035b5a12262b7862ec3ecec67ca006b9e7b01527dc87f05dd7d6e
sample,sparse_crlf-65536,121,461002,522255,8,4edca701f475cd006d9a6a13adfe1df33a941fb0d75dc7f208f20d3c5d1d80f5,03a7e983b36035b5a12262b7862ec3ecec67ca006b9e7b01527dc87f05dd7d6e
sample,sparse_crlf-65536,122,458062,522255,8,4edca701f475cd006d9a6a13adfe1df33a941fb0d75dc7f208f20d3c5d1d80f5,03a7e983b36035b5a12262b7862ec3ecec67ca006b9e7b01527dc87f05dd7d6e
sample,sparse_crlf-65536,123,495732,522255,8,4edca701f475cd006d9a6a13adfe1df33a941fb0d75dc7f208f20d3c5d1d80f5,03a7e983b36035b5a12262b7862ec3ecec67ca006b9e7b01527dc87f05dd7d6e
sample,sparse_crlf-65536,124,520791,522255,8,4edca701f475cd006d9a6a13adfe1df33a941fb0d75dc7f208f20d3c5d1d80f5,03a7e983b36035b5a12262b7862ec3ecec67ca006b9e7b01527dc87f05dd7d6e
sample,sparse_crlf-65536,125,484252,522255,8,4edca701f475cd006d9a6a13adfe1df33a941fb0d75dc7f208f20d3c5d1d80f5,03a7e983b36035b5a12262b7862ec3ecec67ca006b9e7b01527dc87f05dd7d6e
sample,sparse_crlf-65536,126,520482,522255,8,4edca701f475cd006d9a6a13adfe1df33a941fb0d75dc7f208f20d3c5d1d80f5,03a7e983b36035b5a12262b7862ec3ecec67ca006b9e7b01527dc87f05dd7d6e
sample,sparse_crlf-65536,127,478902,522255,8,4edca701f475cd006d9a6a13adfe1df33a941fb0d75dc7f208f20d3c5d1d80f5,03a7e983b36035b5a12262b7862ec3ecec67ca006b9e7b01527dc87f05dd7d6e
sample,sparse_crlf-65536,128,520372,522255,8,4edca701f475cd006d9a6a13adfe1df33a941fb0d75dc7f208f20d3c5d1d80f5,03a7e983b36035b5a12262b7862ec3ecec67ca006b9e7b01527dc87f05dd7d6e
sample,sparse_crlf-65536,129,475152,522255,8,4edca701f475cd006d9a6a13adfe1df33a941fb0d75dc7f208f20d3c5d1d80f5,03a7e983b36035b5a12262b7862ec3ecec67ca006b9e7b01527dc87f05dd7d6e
sample,sparse_crlf-65536,130,523862,522255,8,4edca701f475cd006d9a6a13adfe1df33a941fb0d75dc7f208f20d3c5d1d80f5,03a7e983b36035b5a12262b7862ec3ecec67ca006b9e7b01527dc87f05dd7d6e
sample,sparse_crlf-65536,131,473181,522255,8,4edca701f475cd006d9a6a13adfe1df33a941fb0d75dc7f208f20d3c5d1d80f5,03a7e983b36035b5a12262b7862ec3ecec67ca006b9e7b01527dc87f05dd7d6e
sample,sparse_crlf-65536,132,520442,522255,8,4edca701f475cd006d9a6a13adfe1df33a941fb0d75dc7f208f20d3c5d1d80f5,03a7e983b36035b5a12262b7862ec3ecec67ca006b9e7b01527dc87f05dd7d6e
sample,sparse_crlf-65536,133,528132,522255,8,4edca701f475cd006d9a6a13adfe1df33a941fb0d75dc7f208f20d3c5d1d80f5,03a7e983b36035b5a12262b7862ec3ecec67ca006b9e7b01527dc87f05dd7d6e
sample,sparse_crlf-65536,134,520422,522255,8,4edca701f475cd006d9a6a13adfe1df33a941fb0d75dc7f208f20d3c5d1d80f5,03a7e983b36035b5a12262b7862ec3ecec67ca006b9e7b01527dc87f05dd7d6e
sample,sparse_crlf-65536,135,450682,522255,8,4edca701f475cd006d9a6a13adfe1df33a941fb0d75dc7f208f20d3c5d1d80f5,03a7e983b36035b5a12262b7862ec3ecec67ca006b9e7b01527dc87f05dd7d6e
sample,sparse_crlf-65536,136,520302,522255,8,4edca701f475cd006d9a6a13adfe1df33a941fb0d75dc7f208f20d3c5d1d80f5,03a7e983b36035b5a12262b7862ec3ecec67ca006b9e7b01527dc87f05dd7d6e
sample,sparse_crlf-65536,137,461702,522255,8,4edca701f475cd006d9a6a13adfe1df33a941fb0d75dc7f208f20d3c5d1d80f5,03a7e983b36035b5a12262b7862ec3ecec67ca006b9e7b01527dc87f05dd7d6e
sample,sparse_crlf-65536,138,457681,522255,8,4edca701f475cd006d9a6a13adfe1df33a941fb0d75dc7f208f20d3c5d1d80f5,03a7e983b36035b5a12262b7862ec3ecec67ca006b9e7b01527dc87f05dd7d6e
sample,sparse_crlf-65536,139,495272,522255,8,4edca701f475cd006d9a6a13adfe1df33a941fb0d75dc7f208f20d3c5d1d80f5,03a7e983b36035b5a12262b7862ec3ecec67ca006b9e7b01527dc87f05dd7d6e
sample,sparse_crlf-65536,140,520412,522255,8,4edca701f475cd006d9a6a13adfe1df33a941fb0d75dc7f208f20d3c5d1d80f5,03a7e983b36035b5a12262b7862ec3ecec67ca006b9e7b01527dc87f05dd7d6e
sample,sparse_crlf-65536,141,483172,522255,8,4edca701f475cd006d9a6a13adfe1df33a941fb0d75dc7f208f20d3c5d1d80f5,03a7e983b36035b5a12262b7862ec3ecec67ca006b9e7b01527dc87f05dd7d6e
sample,sparse_crlf-65536,142,520402,522255,8,4edca701f475cd006d9a6a13adfe1df33a941fb0d75dc7f208f20d3c5d1d80f5,03a7e983b36035b5a12262b7862ec3ecec67ca006b9e7b01527dc87f05dd7d6e
sample,sparse_crlf-65536,143,478752,522255,8,4edca701f475cd006d9a6a13adfe1df33a941fb0d75dc7f208f20d3c5d1d80f5,03a7e983b36035b5a12262b7862ec3ecec67ca006b9e7b01527dc87f05dd7d6e
sample,sparse_crlf-65536,144,520442,522255,8,4edca701f475cd006d9a6a13adfe1df33a941fb0d75dc7f208f20d3c5d1d80f5,03a7e983b36035b5a12262b7862ec3ecec67ca006b9e7b01527dc87f05dd7d6e
sample,sparse_crlf-65536,145,476781,522255,8,4edca701f475cd006d9a6a13adfe1df33a941fb0d75dc7f208f20d3c5d1d80f5,03a7e983b36035b5a12262b7862ec3ecec67ca006b9e7b01527dc87f05dd7d6e
sample,sparse_crlf-65536,146,524732,522255,8,4edca701f475cd006d9a6a13adfe1df33a941fb0d75dc7f208f20d3c5d1d80f5,03a7e983b36035b5a12262b7862ec3ecec67ca006b9e7b01527dc87f05dd7d6e
sample,sparse_crlf-65536,147,474732,522255,8,4edca701f475cd006d9a6a13adfe1df33a941fb0d75dc7f208f20d3c5d1d80f5,03a7e983b36035b5a12262b7862ec3ecec67ca006b9e7b01527dc87f05dd7d6e
sample,sparse_crlf-65536,148,520782,522255,8,4edca701f475cd006d9a6a13adfe1df33a941fb0d75dc7f208f20d3c5d1d80f5,03a7e983b36035b5a12262b7862ec3ecec67ca006b9e7b01527dc87f05dd7d6e
sample,sparse_crlf-65536,149,472142,522255,8,4edca701f475cd006d9a6a13adfe1df33a941fb0d75dc7f208f20d3c5d1d80f5,03a7e983b36035b5a12262b7862ec3ecec67ca006b9e7b01527dc87f05dd7d6e
sample,sparse_crlf-65536,150,520962,522255,8,4edca701f475cd006d9a6a13adfe1df33a941fb0d75dc7f208f20d3c5d1d80f5,03a7e983b36035b5a12262b7862ec3ecec67ca006b9e7b01527dc87f05dd7d6e
sample,sparse_crlf-65536,151,473311,522255,8,4edca701f475cd006d9a6a13adfe1df33a941fb0d75dc7f208f20d3c5d1d80f5,03a7e983b36035b5a12262b7862ec3ecec67ca006b9e7b01527dc87f05dd7d6e
sample,sparse_crlf-65536,152,520732,522255,8,4edca701f475cd006d9a6a13adfe1df33a941fb0d75dc7f208f20d3c5d1d80f5,03a7e983b36035b5a12262b7862ec3ecec67ca006b9e7b01527dc87f05dd7d6e
sample,sparse_crlf-65536,153,472472,522255,8,4edca701f475cd006d9a6a13adfe1df33a941fb0d75dc7f208f20d3c5d1d80f5,03a7e983b36035b5a12262b7862ec3ecec67ca006b9e7b01527dc87f05dd7d6e
sample,sparse_crlf-65536,154,464662,522255,8,4edca701f475cd006d9a6a13adfe1df33a941fb0d75dc7f208f20d3c5d1d80f5,03a7e983b36035b5a12262b7862ec3ecec67ca006b9e7b01527dc87f05dd7d6e
sample,sparse_crlf-65536,155,527922,522255,8,4edca701f475cd006d9a6a13adfe1df33a941fb0d75dc7f208f20d3c5d1d80f5,03a7e983b36035b5a12262b7862ec3ecec67ca006b9e7b01527dc87f05dd7d6e
sample,sparse_crlf-65536,156,520642,522255,8,4edca701f475cd006d9a6a13adfe1df33a941fb0d75dc7f208f20d3c5d1d80f5,03a7e983b36035b5a12262b7862ec3ecec67ca006b9e7b01527dc87f05dd7d6e
sample,sparse_crlf-65536,157,473242,522255,8,4edca701f475cd006d9a6a13adfe1df33a941fb0d75dc7f208f20d3c5d1d80f5,03a7e983b36035b5a12262b7862ec3ecec67ca006b9e7b01527dc87f05dd7d6e
sample,sparse_crlf-65536,158,520602,522255,8,4edca701f475cd006d9a6a13adfe1df33a941fb0d75dc7f208f20d3c5d1d80f5,03a7e983b36035b5a12262b7862ec3ecec67ca006b9e7b01527dc87f05dd7d6e
sample,sparse_crlf-65536,159,527432,522255,8,4edca701f475cd006d9a6a13adfe1df33a941fb0d75dc7f208f20d3c5d1d80f5,03a7e983b36035b5a12262b7862ec3ecec67ca006b9e7b01527dc87f05dd7d6e
sample,sparse_crlf-65536,160,520452,522255,8,4edca701f475cd006d9a6a13adfe1df33a941fb0d75dc7f208f20d3c5d1d80f5,03a7e983b36035b5a12262b7862ec3ecec67ca006b9e7b01527dc87f05dd7d6e
sample,sparse_crlf-65536,161,451511,522255,8,4edca701f475cd006d9a6a13adfe1df33a941fb0d75dc7f208f20d3c5d1d80f5,03a7e983b36035b5a12262b7862ec3ecec67ca006b9e7b01527dc87f05dd7d6e
sample,sparse_crlf-65536,162,451572,522255,8,4edca701f475cd006d9a6a13adfe1df33a941fb0d75dc7f208f20d3c5d1d80f5,03a7e983b36035b5a12262b7862ec3ecec67ca006b9e7b01527dc87f05dd7d6e
sample,sparse_crlf-65536,163,490712,522255,8,4edca701f475cd006d9a6a13adfe1df33a941fb0d75dc7f208f20d3c5d1d80f5,03a7e983b36035b5a12262b7862ec3ecec67ca006b9e7b01527dc87f05dd7d6e
sample,sparse_crlf-65536,164,520432,522255,8,4edca701f475cd006d9a6a13adfe1df33a941fb0d75dc7f208f20d3c5d1d80f5,03a7e983b36035b5a12262b7862ec3ecec67ca006b9e7b01527dc87f05dd7d6e
sample,sparse_crlf-65536,165,483182,522255,8,4edca701f475cd006d9a6a13adfe1df33a941fb0d75dc7f208f20d3c5d1d80f5,03a7e983b36035b5a12262b7862ec3ecec67ca006b9e7b01527dc87f05dd7d6e
sample,sparse_crlf-65536,166,520661,522255,8,4edca701f475cd006d9a6a13adfe1df33a941fb0d75dc7f208f20d3c5d1d80f5,03a7e983b36035b5a12262b7862ec3ecec67ca006b9e7b01527dc87f05dd7d6e
sample,sparse_crlf-65536,167,476002,522255,8,4edca701f475cd006d9a6a13adfe1df33a941fb0d75dc7f208f20d3c5d1d80f5,03a7e983b36035b5a12262b7862ec3ecec67ca006b9e7b01527dc87f05dd7d6e
sample,sparse_crlf-65536,168,520502,522255,8,4edca701f475cd006d9a6a13adfe1df33a941fb0d75dc7f208f20d3c5d1d80f5,03a7e983b36035b5a12262b7862ec3ecec67ca006b9e7b01527dc87f05dd7d6e
sample,sparse_crlf-65536,169,475582,522255,8,4edca701f475cd006d9a6a13adfe1df33a941fb0d75dc7f208f20d3c5d1d80f5,03a7e983b36035b5a12262b7862ec3ecec67ca006b9e7b01527dc87f05dd7d6e
sample,sparse_crlf-65536,170,523192,522255,8,4edca701f475cd006d9a6a13adfe1df33a941fb0d75dc7f208f20d3c5d1d80f5,03a7e983b36035b5a12262b7862ec3ecec67ca006b9e7b01527dc87f05dd7d6e
sample,sparse_crlf-65536,171,527112,522255,8,4edca701f475cd006d9a6a13adfe1df33a941fb0d75dc7f208f20d3c5d1d80f5,03a7e983b36035b5a12262b7862ec3ecec67ca006b9e7b01527dc87f05dd7d6e
sample,sparse_crlf-65536,172,520342,522255,8,4edca701f475cd006d9a6a13adfe1df33a941fb0d75dc7f208f20d3c5d1d80f5,03a7e983b36035b5a12262b7862ec3ecec67ca006b9e7b01527dc87f05dd7d6e
sample,sparse_crlf-65536,173,450041,522255,8,4edca701f475cd006d9a6a13adfe1df33a941fb0d75dc7f208f20d3c5d1d80f5,03a7e983b36035b5a12262b7862ec3ecec67ca006b9e7b01527dc87f05dd7d6e
sample,sparse_crlf-65536,174,520322,522255,8,4edca701f475cd006d9a6a13adfe1df33a941fb0d75dc7f208f20d3c5d1d80f5,03a7e983b36035b5a12262b7862ec3ecec67ca006b9e7b01527dc87f05dd7d6e
sample,sparse_crlf-65536,175,461992,522255,8,4edca701f475cd006d9a6a13adfe1df33a941fb0d75dc7f208f20d3c5d1d80f5,03a7e983b36035b5a12262b7862ec3ecec67ca006b9e7b01527dc87f05dd7d6e
sample,sparse_crlf-65536,176,520402,522255,8,4edca701f475cd006d9a6a13adfe1df33a941fb0d75dc7f208f20d3c5d1d80f5,03a7e983b36035b5a12262b7862ec3ecec67ca006b9e7b01527dc87f05dd7d6e
sample,sparse_crlf-65536,177,467322,522255,8,4edca701f475cd006d9a6a13adfe1df33a941fb0d75dc7f208f20d3c5d1d80f5,03a7e983b36035b5a12262b7862ec3ecec67ca006b9e7b01527dc87f05dd7d6e
sample,sparse_crlf-65536,178,459872,522255,8,4edca701f475cd006d9a6a13adfe1df33a941fb0d75dc7f208f20d3c5d1d80f5,03a7e983b36035b5a12262b7862ec3ecec67ca006b9e7b01527dc87f05dd7d6e
sample,sparse_crlf-65536,179,497631,522255,8,4edca701f475cd006d9a6a13adfe1df33a941fb0d75dc7f208f20d3c5d1d80f5,03a7e983b36035b5a12262b7862ec3ecec67ca006b9e7b01527dc87f05dd7d6e
sample,sparse_crlf-65536,180,520732,522255,8,4edca701f475cd006d9a6a13adfe1df33a941fb0d75dc7f208f20d3c5d1d80f5,03a7e983b36035b5a12262b7862ec3ecec67ca006b9e7b01527dc87f05dd7d6e
sample,sparse_crlf-65536,181,484222,522255,8,4edca701f475cd006d9a6a13adfe1df33a941fb0d75dc7f208f20d3c5d1d80f5,03a7e983b36035b5a12262b7862ec3ecec67ca006b9e7b01527dc87f05dd7d6e
sample,sparse_crlf-65536,182,520492,522255,8,4edca701f475cd006d9a6a13adfe1df33a941fb0d75dc7f208f20d3c5d1d80f5,03a7e983b36035b5a12262b7862ec3ecec67ca006b9e7b01527dc87f05dd7d6e
sample,sparse_crlf-65536,183,479472,522255,8,4edca701f475cd006d9a6a13adfe1df33a941fb0d75dc7f208f20d3c5d1d80f5,03a7e983b36035b5a12262b7862ec3ecec67ca006b9e7b01527dc87f05dd7d6e
sample,sparse_crlf-65536,184,520522,522255,8,4edca701f475cd006d9a6a13adfe1df33a941fb0d75dc7f208f20d3c5d1d80f5,03a7e983b36035b5a12262b7862ec3ecec67ca006b9e7b01527dc87f05dd7d6e
sample,sparse_crlf-65536,185,477352,522255,8,4edca701f475cd006d9a6a13adfe1df33a941fb0d75dc7f208f20d3c5d1d80f5,03a7e983b36035b5a12262b7862ec3ecec67ca006b9e7b01527dc87f05dd7d6e
sample,sparse_crlf-65536,186,467821,522255,8,4edca701f475cd006d9a6a13adfe1df33a941fb0d75dc7f208f20d3c5d1d80f5,03a7e983b36035b5a12262b7862ec3ecec67ca006b9e7b01527dc87f05dd7d6e
sample,sparse_crlf-65536,187,527082,522255,8,4edca701f475cd006d9a6a13adfe1df33a941fb0d75dc7f208f20d3c5d1d80f5,03a7e983b36035b5a12262b7862ec3ecec67ca006b9e7b01527dc87f05dd7d6e
sample,sparse_crlf-65536,188,520562,522255,8,4edca701f475cd006d9a6a13adfe1df33a941fb0d75dc7f208f20d3c5d1d80f5,03a7e983b36035b5a12262b7862ec3ecec67ca006b9e7b01527dc87f05dd7d6e
sample,sparse_crlf-65536,189,473732,522255,8,4edca701f475cd006d9a6a13adfe1df33a941fb0d75dc7f208f20d3c5d1d80f5,03a7e983b36035b5a12262b7862ec3ecec67ca006b9e7b01527dc87f05dd7d6e
sample,sparse_crlf-65536,190,520502,522255,8,4edca701f475cd006d9a6a13adfe1df33a941fb0d75dc7f208f20d3c5d1d80f5,03a7e983b36035b5a12262b7862ec3ecec67ca006b9e7b01527dc87f05dd7d6e
sample,sparse_crlf-65536,191,473432,522255,8,4edca701f475cd006d9a6a13adfe1df33a941fb0d75dc7f208f20d3c5d1d80f5,03a7e983b36035b5a12262b7862ec3ecec67ca006b9e7b01527dc87f05dd7d6e
sample,sparse_crlf-65536,192,520392,522255,8,4edca701f475cd006d9a6a13adfe1df33a941fb0d75dc7f208f20d3c5d1d80f5,03a7e983b36035b5a12262b7862ec3ecec67ca006b9e7b01527dc87f05dd7d6e
sample,sparse_crlf-65536,193,474991,522255,8,4edca701f475cd006d9a6a13adfe1df33a941fb0d75dc7f208f20d3c5d1d80f5,03a7e983b36035b5a12262b7862ec3ecec67ca006b9e7b01527dc87f05dd7d6e
sample,sparse_crlf-65536,194,465972,522255,8,4edca701f475cd006d9a6a13adfe1df33a941fb0d75dc7f208f20d3c5d1d80f5,03a7e983b36035b5a12262b7862ec3ecec67ca006b9e7b01527dc87f05dd7d6e
sample,sparse_crlf-65536,195,527402,522255,8,4edca701f475cd006d9a6a13adfe1df33a941fb0d75dc7f208f20d3c5d1d80f5,03a7e983b36035b5a12262b7862ec3ecec67ca006b9e7b01527dc87f05dd7d6e
sample,sparse_crlf-65536,196,520572,522255,8,4edca701f475cd006d9a6a13adfe1df33a941fb0d75dc7f208f20d3c5d1d80f5,03a7e983b36035b5a12262b7862ec3ecec67ca006b9e7b01527dc87f05dd7d6e
sample,sparse_crlf-65536,197,474612,522255,8,4edca701f475cd006d9a6a13adfe1df33a941fb0d75dc7f208f20d3c5d1d80f5,03a7e983b36035b5a12262b7862ec3ecec67ca006b9e7b01527dc87f05dd7d6e
sample,sparse_crlf-65536,198,520232,522255,8,4edca701f475cd006d9a6a13adfe1df33a941fb0d75dc7f208f20d3c5d1d80f5,03a7e983b36035b5a12262b7862ec3ecec67ca006b9e7b01527dc87f05dd7d6e
sample,sparse_crlf-65536,199,526412,522255,8,4edca701f475cd006d9a6a13adfe1df33a941fb0d75dc7f208f20d3c5d1d80f5,03a7e983b36035b5a12262b7862ec3ecec67ca006b9e7b01527dc87f05dd7d6e
sample,sparse_crlf-65536,200,520602,522255,8,4edca701f475cd006d9a6a13adfe1df33a941fb0d75dc7f208f20d3c5d1d80f5,03a7e983b36035b5a12262b7862ec3ecec67ca006b9e7b01527dc87f05dd7d6e
sample,sparse_crlf-65536,201,451871,522255,8,4edca701f475cd006d9a6a13adfe1df33a941fb0d75dc7f208f20d3c5d1d80f5,03a7e983b36035b5a12262b7862ec3ecec67ca006b9e7b01527dc87f05dd7d6e
sample,sparse_crlf-65536,202,452032,522255,8,4edca701f475cd006d9a6a13adfe1df33a941fb0d75dc7f208f20d3c5d1d80f5,03a7e983b36035b5a12262b7862ec3ecec67ca006b9e7b01527dc87f05dd7d6e
sample,sparse_crlf-65536,203,491022,522255,8,4edca701f475cd006d9a6a13adfe1df33a941fb0d75dc7f208f20d3c5d1d80f5,03a7e983b36035b5a12262b7862ec3ecec67ca006b9e7b01527dc87f05dd7d6e
sample,sparse_crlf-65536,204,520922,522255,8,4edca701f475cd006d9a6a13adfe1df33a941fb0d75dc7f208f20d3c5d1d80f5,03a7e983b36035b5a12262b7862ec3ecec67ca006b9e7b01527dc87f05dd7d6e
sample,sparse_crlf-65536,205,483012,522255,8,4edca701f475cd006d9a6a13adfe1df33a941fb0d75dc7f208f20d3c5d1d80f5,03a7e983b36035b5a12262b7862ec3ecec67ca006b9e7b01527dc87f05dd7d6e
sample,sparse_crlf-65536,206,521012,522255,8,4edca701f475cd006d9a6a13adfe1df33a941fb0d75dc7f208f20d3c5d1d80f5,03a7e983b36035b5a12262b7862ec3ecec67ca006b9e7b01527dc87f05dd7d6e
sample,sparse_crlf-65536,207,478401,522255,8,4edca701f475cd006d9a6a13adfe1df33a941fb0d75dc7f208f20d3c5d1d80f5,03a7e983b36035b5a12262b7862ec3ecec67ca006b9e7b01527dc87f05dd7d6e
sample,sparse_crlf-65536,208,520952,522255,8,4edca701f475cd006d9a6a13adfe1df33a941fb0d75dc7f208f20d3c5d1d80f5,03a7e983b36035b5a12262b7862ec3ecec67ca006b9e7b01527dc87f05dd7d6e
sample,sparse_crlf-65536,209,475822,522255,8,4edca701f475cd006d9a6a13adfe1df33a941fb0d75dc7f208f20d3c5d1d80f5,03a7e983b36035b5a12262b7862ec3ecec67ca006b9e7b01527dc87f05dd7d6e
sample,sparse_crlf-65536,210,462452,522255,8,4edca701f475cd006d9a6a13adfe1df33a941fb0d75dc7f208f20d3c5d1d80f5,03a7e983b36035b5a12262b7862ec3ecec67ca006b9e7b01527dc87f05dd7d6e
sample,sparse_crlf-65536,211,498542,522255,8,4edca701f475cd006d9a6a13adfe1df33a941fb0d75dc7f208f20d3c5d1d80f5,03a7e983b36035b5a12262b7862ec3ecec67ca006b9e7b01527dc87f05dd7d6e
sample,sparse_crlf-65536,212,520692,522255,8,4edca701f475cd006d9a6a13adfe1df33a941fb0d75dc7f208f20d3c5d1d80f5,03a7e983b36035b5a12262b7862ec3ecec67ca006b9e7b01527dc87f05dd7d6e
sample,sparse_crlf-65536,213,484792,522255,8,4edca701f475cd006d9a6a13adfe1df33a941fb0d75dc7f208f20d3c5d1d80f5,03a7e983b36035b5a12262b7862ec3ecec67ca006b9e7b01527dc87f05dd7d6e
sample,sparse_crlf-65536,214,520731,522255,8,4edca701f475cd006d9a6a13adfe1df33a941fb0d75dc7f208f20d3c5d1d80f5,03a7e983b36035b5a12262b7862ec3ecec67ca006b9e7b01527dc87f05dd7d6e
sample,sparse_crlf-65536,215,480202,522255,8,4edca701f475cd006d9a6a13adfe1df33a941fb0d75dc7f208f20d3c5d1d80f5,03a7e983b36035b5a12262b7862ec3ecec67ca006b9e7b01527dc87f05dd7d6e
sample,sparse_crlf-65536,216,520592,522255,8,4edca701f475cd006d9a6a13adfe1df33a941fb0d75dc7f208f20d3c5d1d80f5,03a7e983b36035b5a12262b7862ec3ecec67ca006b9e7b01527dc87f05dd7d6e
sample,sparse_crlf-65536,217,479062,522255,8,4edca701f475cd006d9a6a13adfe1df33a941fb0d75dc7f208f20d3c5d1d80f5,03a7e983b36035b5a12262b7862ec3ecec67ca006b9e7b01527dc87f05dd7d6e
sample,sparse_crlf-65536,218,466872,522255,8,4edca701f475cd006d9a6a13adfe1df33a941fb0d75dc7f208f20d3c5d1d80f5,03a7e983b36035b5a12262b7862ec3ecec67ca006b9e7b01527dc87f05dd7d6e
sample,sparse_crlf-65536,219,526812,522255,8,4edca701f475cd006d9a6a13adfe1df33a941fb0d75dc7f208f20d3c5d1d80f5,03a7e983b36035b5a12262b7862ec3ecec67ca006b9e7b01527dc87f05dd7d6e
sample,sparse_crlf-65536,220,520562,522255,8,4edca701f475cd006d9a6a13adfe1df33a941fb0d75dc7f208f20d3c5d1d80f5,03a7e983b36035b5a12262b7862ec3ecec67ca006b9e7b01527dc87f05dd7d6e
sample,sparse_crlf-65536,221,475461,522255,8,4edca701f475cd006d9a6a13adfe1df33a941fb0d75dc7f208f20d3c5d1d80f5,03a7e983b36035b5a12262b7862ec3ecec67ca006b9e7b01527dc87f05dd7d6e
sample,sparse_crlf-65536,222,520412,522255,8,4edca701f475cd006d9a6a13adfe1df33a941fb0d75dc7f208f20d3c5d1d80f5,03a7e983b36035b5a12262b7862ec3ecec67ca006b9e7b01527dc87f05dd7d6e
sample,sparse_crlf-65536,223,473472,522255,8,4edca701f475cd006d9a6a13adfe1df33a941fb0d75dc7f208f20d3c5d1d80f5,03a7e983b36035b5a12262b7862ec3ecec67ca006b9e7b01527dc87f05dd7d6e
sample,sparse_crlf-65536,224,520512,522255,8,4edca701f475cd006d9a6a13adfe1df33a941fb0d75dc7f208f20d3c5d1d80f5,03a7e983b36035b5a12262b7862ec3ecec67ca006b9e7b01527dc87f05dd7d6e
sample,sparse_crlf-65536,225,473662,522255,8,4edca701f475cd006d9a6a13adfe1df33a941fb0d75dc7f208f20d3c5d1d80f5,03a7e983b36035b5a12262b7862ec3ecec67ca006b9e7b01527dc87f05dd7d6e
sample,sparse_crlf-65536,226,467852,522255,8,4edca701f475cd006d9a6a13adfe1df33a941fb0d75dc7f208f20d3c5d1d80f5,03a7e983b36035b5a12262b7862ec3ecec67ca006b9e7b01527dc87f05dd7d6e
sample,sparse_crlf-65536,227,527042,522255,8,4edca701f475cd006d9a6a13adfe1df33a941fb0d75dc7f208f20d3c5d1d80f5,03a7e983b36035b5a12262b7862ec3ecec67ca006b9e7b01527dc87f05dd7d6e
sample,sparse_crlf-65536,228,520581,522255,8,4edca701f475cd006d9a6a13adfe1df33a941fb0d75dc7f208f20d3c5d1d80f5,03a7e983b36035b5a12262b7862ec3ecec67ca006b9e7b01527dc87f05dd7d6e
sample,sparse_crlf-65536,229,472802,522255,8,4edca701f475cd006d9a6a13adfe1df33a941fb0d75dc7f208f20d3c5d1d80f5,03a7e983b36035b5a12262b7862ec3ecec67ca006b9e7b01527dc87f05dd7d6e
sample,sparse_crlf-65536,230,520612,522255,8,4edca701f475cd006d9a6a13adfe1df33a941fb0d75dc7f208f20d3c5d1d80f5,03a7e983b36035b5a12262b7862ec3ecec67ca006b9e7b01527dc87f05dd7d6e
sample,sparse_crlf-65536,231,472812,522255,8,4edca701f475cd006d9a6a13adfe1df33a941fb0d75dc7f208f20d3c5d1d80f5,03a7e983b36035b5a12262b7862ec3ecec67ca006b9e7b01527dc87f05dd7d6e
sample,sparse_crlf-65536,232,520782,522255,8,4edca701f475cd006d9a6a13adfe1df33a941fb0d75dc7f208f20d3c5d1d80f5,03a7e983b36035b5a12262b7862ec3ecec67ca006b9e7b01527dc87f05dd7d6e
sample,sparse_crlf-65536,233,527622,522255,8,4edca701f475cd006d9a6a13adfe1df33a941fb0d75dc7f208f20d3c5d1d80f5,03a7e983b36035b5a12262b7862ec3ecec67ca006b9e7b01527dc87f05dd7d6e
sample,sparse_crlf-65536,234,440391,522255,8,4edca701f475cd006d9a6a13adfe1df33a941fb0d75dc7f208f20d3c5d1d80f5,03a7e983b36035b5a12262b7862ec3ecec67ca006b9e7b01527dc87f05dd7d6e
sample,sparse_crlf-65536,235,485871,522255,8,4edca701f475cd006d9a6a13adfe1df33a941fb0d75dc7f208f20d3c5d1d80f5,03a7e983b36035b5a12262b7862ec3ecec67ca006b9e7b01527dc87f05dd7d6e
sample,sparse_crlf-65536,236,520602,522255,8,4edca701f475cd006d9a6a13adfe1df33a941fb0d75dc7f208f20d3c5d1d80f5,03a7e983b36035b5a12262b7862ec3ecec67ca006b9e7b01527dc87f05dd7d6e
sample,sparse_crlf-65536,237,479722,522255,8,4edca701f475cd006d9a6a13adfe1df33a941fb0d75dc7f208f20d3c5d1d80f5,03a7e983b36035b5a12262b7862ec3ecec67ca006b9e7b01527dc87f05dd7d6e
sample,sparse_crlf-65536,238,520462,522255,8,4edca701f475cd006d9a6a13adfe1df33a941fb0d75dc7f208f20d3c5d1d80f5,03a7e983b36035b5a12262b7862ec3ecec67ca006b9e7b01527dc87f05dd7d6e
sample,sparse_crlf-65536,239,476652,522255,8,4edca701f475cd006d9a6a13adfe1df33a941fb0d75dc7f208f20d3c5d1d80f5,03a7e983b36035b5a12262b7862ec3ecec67ca006b9e7b01527dc87f05dd7d6e
sample,sparse_crlf-65536,240,520452,522255,8,4edca701f475cd006d9a6a13adfe1df33a941fb0d75dc7f208f20d3c5d1d80f5,03a7e983b36035b5a12262b7862ec3ecec67ca006b9e7b01527dc87f05dd7d6e
sample,sparse_crlf-65536,241,475671,522255,8,4edca701f475cd006d9a6a13adfe1df33a941fb0d75dc7f208f20d3c5d1d80f5,03a7e983b36035b5a12262b7862ec3ecec67ca006b9e7b01527dc87f05dd7d6e
sample,sparse_crlf-65536,242,522992,522255,8,4edca701f475cd006d9a6a13adfe1df33a941fb0d75dc7f208f20d3c5d1d80f5,03a7e983b36035b5a12262b7862ec3ecec67ca006b9e7b01527dc87f05dd7d6e
sample,sparse_crlf-65536,243,527252,522255,8,4edca701f475cd006d9a6a13adfe1df33a941fb0d75dc7f208f20d3c5d1d80f5,03a7e983b36035b5a12262b7862ec3ecec67ca006b9e7b01527dc87f05dd7d6e
sample,sparse_crlf-65536,244,520712,522255,8,4edca701f475cd006d9a6a13adfe1df33a941fb0d75dc7f208f20d3c5d1d80f5,03a7e983b36035b5a12262b7862ec3ecec67ca006b9e7b01527dc87f05dd7d6e
sample,sparse_crlf-65536,245,453122,522255,8,4edca701f475cd006d9a6a13adfe1df33a941fb0d75dc7f208f20d3c5d1d80f5,03a7e983b36035b5a12262b7862ec3ecec67ca006b9e7b01527dc87f05dd7d6e
sample,sparse_crlf-65536,246,520412,522255,8,4edca701f475cd006d9a6a13adfe1df33a941fb0d75dc7f208f20d3c5d1d80f5,03a7e983b36035b5a12262b7862ec3ecec67ca006b9e7b01527dc87f05dd7d6e
sample,sparse_crlf-65536,247,459882,522255,8,4edca701f475cd006d9a6a13adfe1df33a941fb0d75dc7f208f20d3c5d1d80f5,03a7e983b36035b5a12262b7862ec3ecec67ca006b9e7b01527dc87f05dd7d6e
sample,sparse_crlf-65536,248,520532,522255,8,4edca701f475cd006d9a6a13adfe1df33a941fb0d75dc7f208f20d3c5d1d80f5,03a7e983b36035b5a12262b7862ec3ecec67ca006b9e7b01527dc87f05dd7d6e
sample,sparse_crlf-65536,249,466611,522255,8,4edca701f475cd006d9a6a13adfe1df33a941fb0d75dc7f208f20d3c5d1d80f5,03a7e983b36035b5a12262b7862ec3ecec67ca006b9e7b01527dc87f05dd7d6e
sample,sparse_crlf-65536,250,461282,522255,8,4edca701f475cd006d9a6a13adfe1df33a941fb0d75dc7f208f20d3c5d1d80f5,03a7e983b36035b5a12262b7862ec3ecec67ca006b9e7b01527dc87f05dd7d6e
sample,sparse_crlf-65536,251,495962,522255,8,4edca701f475cd006d9a6a13adfe1df33a941fb0d75dc7f208f20d3c5d1d80f5,03a7e983b36035b5a12262b7862ec3ecec67ca006b9e7b01527dc87f05dd7d6e
sample,sparse_crlf-65536,252,520612,522255,8,4edca701f475cd006d9a6a13adfe1df33a941fb0d75dc7f208f20d3c5d1d80f5,03a7e983b36035b5a12262b7862ec3ecec67ca006b9e7b01527dc87f05dd7d6e
sample,sparse_crlf-65536,253,484222,522255,8,4edca701f475cd006d9a6a13adfe1df33a941fb0d75dc7f208f20d3c5d1d80f5,03a7e983b36035b5a12262b7862ec3ecec67ca006b9e7b01527dc87f05dd7d6e
sample,sparse_crlf-65536,254,520312,522255,8,4edca701f475cd006d9a6a13adfe1df33a941fb0d75dc7f208f20d3c5d1d80f5,03a7e983b36035b5a12262b7862ec3ecec67ca006b9e7b01527dc87f05dd7d6e
sample,sparse_crlf-65536,255,479691,522255,8,4edca701f475cd006d9a6a13adfe1df33a941fb0d75dc7f208f20d3c5d1d80f5,03a7e983b36035b5a12262b7862ec3ecec67ca006b9e7b01527dc87f05dd7d6e
sample,sparse_crlf-65536,256,520592,522255,8,4edca701f475cd006d9a6a13adfe1df33a941fb0d75dc7f208f20d3c5d1d80f5,03a7e983b36035b5a12262b7862ec3ecec67ca006b9e7b01527dc87f05dd7d6e
sample,sparse_crlf-65536,257,476262,522255,8,4edca701f475cd006d9a6a13adfe1df33a941fb0d75dc7f208f20d3c5d1d80f5,03a7e983b36035b5a12262b7862ec3ecec67ca006b9e7b01527dc87f05dd7d6e
sample,sparse_crlf-65536,258,523252,522255,8,4edca701f475cd006d9a6a13adfe1df33a941fb0d75dc7f208f20d3c5d1d80f5,03a7e983b36035b5a12262b7862ec3ecec67ca006b9e7b01527dc87f05dd7d6e
sample,sparse_crlf-65536,259,474402,522255,8,4edca701f475cd006d9a6a13adfe1df33a941fb0d75dc7f208f20d3c5d1d80f5,03a7e983b36035b5a12262b7862ec3ecec67ca006b9e7b01527dc87f05dd7d6e
sample,sparse_crlf-65536,260,520492,522255,8,4edca701f475cd006d9a6a13adfe1df33a941fb0d75dc7f208f20d3c5d1d80f5,03a7e983b36035b5a12262b7862ec3ecec67ca006b9e7b01527dc87f05dd7d6e
sample,sparse_crlf-65536,261,473302,522255,8,4edca701f475cd006d9a6a13adfe1df33a941fb0d75dc7f208f20d3c5d1d80f5,03a7e983b36035b5a12262b7862ec3ecec67ca006b9e7b01527dc87f05dd7d6e
sample,sparse_crlf-65536,262,520302,522255,8,4edca701f475cd006d9a6a13adfe1df33a941fb0d75dc7f208f20d3c5d1d80f5,03a7e983b36035b5a12262b7862ec3ecec67ca006b9e7b01527dc87f05dd7d6e
sample,sparse_crlf-65536,263,473561,522255,8,4edca701f475cd006d9a6a13adfe1df33a941fb0d75dc7f208f20d3c5d1d80f5,03a7e983b36035b5a12262b7862ec3ecec67ca006b9e7b01527dc87f05dd7d6e
sample,sparse_crlf-65536,264,520512,522255,8,4edca701f475cd006d9a6a13adfe1df33a941fb0d75dc7f208f20d3c5d1d80f5,03a7e983b36035b5a12262b7862ec3ecec67ca006b9e7b01527dc87f05dd7d6e
sample,sparse_crlf-65536,265,473832,522255,8,4edca701f475cd006d9a6a13adfe1df33a941fb0d75dc7f208f20d3c5d1d80f5,03a7e983b36035b5a12262b7862ec3ecec67ca006b9e7b01527dc87f05dd7d6e
sample,sparse_crlf-65536,266,468092,522255,8,4edca701f475cd006d9a6a13adfe1df33a941fb0d75dc7f208f20d3c5d1d80f5,03a7e983b36035b5a12262b7862ec3ecec67ca006b9e7b01527dc87f05dd7d6e
sample,sparse_crlf-65536,267,526632,522255,8,4edca701f475cd006d9a6a13adfe1df33a941fb0d75dc7f208f20d3c5d1d80f5,03a7e983b36035b5a12262b7862ec3ecec67ca006b9e7b01527dc87f05dd7d6e
sample,sparse_crlf-65536,268,520572,522255,8,4edca701f475cd006d9a6a13adfe1df33a941fb0d75dc7f208f20d3c5d1d80f5,03a7e983b36035b5a12262b7862ec3ecec67ca006b9e7b01527dc87f05dd7d6e
sample,sparse_crlf-65536,269,474451,522255,8,4edca701f475cd006d9a6a13adfe1df33a941fb0d75dc7f208f20d3c5d1d80f5,03a7e983b36035b5a12262b7862ec3ecec67ca006b9e7b01527dc87f05dd7d6e
sample,sparse_crlf-65536,270,520282,522255,8,4edca701f475cd006d9a6a13adfe1df33a941fb0d75dc7f208f20d3c5d1d80f5,03a7e983b36035b5a12262b7862ec3ecec67ca006b9e7b01527dc87f05dd7d6e
sample,sparse_crlf-65536,271,526672,522255,8,4edca701f475cd006d9a6a13adfe1df33a941fb0d75dc7f208f20d3c5d1d80f5,03a7e983b36035b5a12262b7862ec3ecec67ca006b9e7b01527dc87f05dd7d6e
sample,sparse_crlf-65536,272,520412,522255,8,4edca701f475cd006d9a6a13adfe1df33a941fb0d75dc7f208f20d3c5d1d80f5,03a7e983b36035b5a12262b7862ec3ecec67ca006b9e7b01527dc87f05dd7d6e
sample,sparse_crlf-65536,273,451012,522255,8,4edca701f475cd006d9a6a13adfe1df33a941fb0d75dc7f208f20d3c5d1d80f5,03a7e983b36035b5a12262b7862ec3ecec67ca006b9e7b01527dc87f05dd7d6e
sample,sparse_crlf-65536,274,452332,522255,8,4edca701f475cd006d9a6a13adfe1df33a941fb0d75dc7f208f20d3c5d1d80f5,03a7e983b36035b5a12262b7862ec3ecec67ca006b9e7b01527dc87f05dd7d6e
sample,sparse_crlf-65536,275,491372,522255,8,4edca701f475cd006d9a6a13adfe1df33a941fb0d75dc7f208f20d3c5d1d80f5,03a7e983b36035b5a12262b7862ec3ecec67ca006b9e7b01527dc87f05dd7d6e
sample,sparse_crlf-65536,276,520441,522255,8,4edca701f475cd006d9a6a13adfe1df33a941fb0d75dc7f208f20d3c5d1d80f5,03a7e983b36035b5a12262b7862ec3ecec67ca006b9e7b01527dc87f05dd7d6e
sample,sparse_crlf-65536,277,482782,522255,8,4edca701f475cd006d9a6a13adfe1df33a941fb0d75dc7f208f20d3c5d1d80f5,03a7e983b36035b5a12262b7862ec3ecec67ca006b9e7b01527dc87f05dd7d6e
sample,sparse_crlf-65536,278,520512,522255,8,4edca701f475cd006d9a6a13adfe1df33a941fb0d75dc7f208f20d3c5d1d80f5,03a7e983b36035b5a12262b7862ec3ecec67ca006b9e7b01527dc87f05dd7d6e
sample,sparse_crlf-65536,279,479232,522255,8,4edca701f475cd006d9a6a13adfe1df33a941fb0d75dc7f208f20d3c5d1d80f5,03a7e983b36035b5a12262b7862ec3ecec67ca006b9e7b01527dc87f05dd7d6e
sample,sparse_crlf-65536,280,520302,522255,8,4edca701f475cd006d9a6a13adfe1df33a941fb0d75dc7f208f20d3c5d1d80f5,03a7e983b36035b5a12262b7862ec3ecec67ca006b9e7b01527dc87f05dd7d6e
sample,sparse_crlf-65536,281,476982,522255,8,4edca701f475cd006d9a6a13adfe1df33a941fb0d75dc7f208f20d3c5d1d80f5,03a7e983b36035b5a12262b7862ec3ecec67ca006b9e7b01527dc87f05dd7d6e
sample,sparse_crlf-65536,282,523982,522255,8,4edca701f475cd006d9a6a13adfe1df33a941fb0d75dc7f208f20d3c5d1d80f5,03a7e983b36035b5a12262b7862ec3ecec67ca006b9e7b01527dc87f05dd7d6e
sample,sparse_crlf-65536,283,527422,522255,8,4edca701f475cd006d9a6a13adfe1df33a941fb0d75dc7f208f20d3c5d1d80f5,03a7e983b36035b5a12262b7862ec3ecec67ca006b9e7b01527dc87f05dd7d6e
sample,sparse_crlf-65536,284,520412,522255,8,4edca701f475cd006d9a6a13adfe1df33a941fb0d75dc7f208f20d3c5d1d80f5,03a7e983b36035b5a12262b7862ec3ecec67ca006b9e7b01527dc87f05dd7d6e
sample,sparse_crlf-65536,285,449281,522255,8,4edca701f475cd006d9a6a13adfe1df33a941fb0d75dc7f208f20d3c5d1d80f5,03a7e983b36035b5a12262b7862ec3ecec67ca006b9e7b01527dc87f05dd7d6e
sample,sparse_crlf-65536,286,520392,522255,8,4edca701f475cd006d9a6a13adfe1df33a941fb0d75dc7f208f20d3c5d1d80f5,03a7e983b36035b5a12262b7862ec3ecec67ca006b9e7b01527dc87f05dd7d6e
sample,sparse_crlf-65536,287,461542,522255,8,4edca701f475cd006d9a6a13adfe1df33a941fb0d75dc7f208f20d3c5d1d80f5,03a7e983b36035b5a12262b7862ec3ecec67ca006b9e7b01527dc87f05dd7d6e
sample,sparse_crlf-65536,288,520252,522255,8,4edca701f475cd006d9a6a13adfe1df33a941fb0d75dc7f208f20d3c5d1d80f5,03a7e983b36035b5a12262b7862ec3ecec67ca006b9e7b01527dc87f05dd7d6e
sample,sparse_crlf-65536,289,467522,522255,8,4edca701f475cd006d9a6a13adfe1df33a941fb0d75dc7f208f20d3c5d1d80f5,03a7e983b36035b5a12262b7862ec3ecec67ca006b9e7b01527dc87f05dd7d6e
sample,sparse_crlf-65536,290,460551,522255,8,4edca701f475cd006d9a6a13adfe1df33a941fb0d75dc7f208f20d3c5d1d80f5,03a7e983b36035b5a12262b7862ec3ecec67ca006b9e7b01527dc87f05dd7d6e
sample,sparse_crlf-65536,291,495952,522255,8,4edca701f475cd006d9a6a13adfe1df33a941fb0d75dc7f208f20d3c5d1d80f5,03a7e983b36035b5a12262b7862ec3ecec67ca006b9e7b01527dc87f05dd7d6e
sample,sparse_crlf-65536,292,520392,522255,8,4edca701f475cd006d9a6a13adfe1df33a941fb0d75dc7f208f20d3c5d1d80f5,03a7e983b36035b5a12262b7862ec3ecec67ca006b9e7b01527dc87f05dd7d6e
sample,sparse_crlf-65536,293,485882,522255,8,4edca701f475cd006d9a6a13adfe1df33a941fb0d75dc7f208f20d3c5d1d80f5,03a7e983b36035b5a12262b7862ec3ecec67ca006b9e7b01527dc87f05dd7d6e
sample,sparse_crlf-65536,294,520522,522255,8,4edca701f475cd006d9a6a13adfe1df33a941fb0d75dc7f208f20d3c5d1d80f5,03a7e983b36035b5a12262b7862ec3ecec67ca006b9e7b01527dc87f05dd7d6e
sample,sparse_crlf-65536,295,479662,522255,8,4edca701f475cd006d9a6a13adfe1df33a941fb0d75dc7f208f20d3c5d1d80f5,03a7e983b36035b5a12262b7862ec3ecec67ca006b9e7b01527dc87f05dd7d6e
sample,sparse_crlf-65536,296,520432,522255,8,4edca701f475cd006d9a6a13adfe1df33a941fb0d75dc7f208f20d3c5d1d80f5,03a7e983b36035b5a12262b7862ec3ecec67ca006b9e7b01527dc87f05dd7d6e
sample,sparse_crlf-65536,297,477151,522255,8,4edca701f475cd006d9a6a13adfe1df33a941fb0d75dc7f208f20d3c5d1d80f5,03a7e983b36035b5a12262b7862ec3ecec67ca006b9e7b01527dc87f05dd7d6e
sample,sparse_crlf-65536,298,523372,522255,8,4edca701f475cd006d9a6a13adfe1df33a941fb0d75dc7f208f20d3c5d1d80f5,03a7e983b36035b5a12262b7862ec3ecec67ca006b9e7b01527dc87f05dd7d6e
sample,sparse_crlf-65536,299,473732,522255,8,4edca701f475cd006d9a6a13adfe1df33a941fb0d75dc7f208f20d3c5d1d80f5,03a7e983b36035b5a12262b7862ec3ecec67ca006b9e7b01527dc87f05dd7d6e
sample,sparse_crlf-65536,300,520512,522255,8,4edca701f475cd006d9a6a13adfe1df33a941fb0d75dc7f208f20d3c5d1d80f5,03a7e983b36035b5a12262b7862ec3ecec67ca006b9e7b01527dc87f05dd7d6e
sample,sparse_crlf-65536,301,474072,522255,8,4edca701f475cd006d9a6a13adfe1df33a941fb0d75dc7f208f20d3c5d1d80f5,03a7e983b36035b5a12262b7862ec3ecec67ca006b9e7b01527dc87f05dd7d6e
sample,sparse_crlf-65536,302,520062,522255,8,4edca701f475cd006d9a6a13adfe1df33a941fb0d75dc7f208f20d3c5d1d80f5,03a7e983b36035b5a12262b7862ec3ecec67ca006b9e7b01527dc87f05dd7d6e
sample,sparse_crlf-65536,303,472331,522255,8,4edca701f475cd006d9a6a13adfe1df33a941fb0d75dc7f208f20d3c5d1d80f5,03a7e983b36035b5a12262b7862ec3ecec67ca006b9e7b01527dc87f05dd7d6e
sample,sparse_crlf-65536,304,520442,522255,8,4edca701f475cd006d9a6a13adfe1df33a941fb0d75dc7f208f20d3c5d1d80f5,03a7e983b36035b5a12262b7862ec3ecec67ca006b9e7b01527dc87f05dd7d6e
sample,sparse_crlf-65536,305,472422,522255,8,4edca701f475cd006d9a6a13adfe1df33a941fb0d75dc7f208f20d3c5d1d80f5,03a7e983b36035b5a12262b7862ec3ecec67ca006b9e7b01527dc87f05dd7d6e
sample,sparse_crlf-65536,306,524992,522255,8,4edca701f475cd006d9a6a13adfe1df33a941fb0d75dc7f208f20d3c5d1d80f5,03a7e983b36035b5a12262b7862ec3ecec67ca006b9e7b01527dc87f05dd7d6e
sample,sparse_crlf-65536,307,470982,522255,8,4edca701f475cd006d9a6a13adfe1df33a941fb0d75dc7f208f20d3c5d1d80f5,03a7e983b36035b5a12262b7862ec3ecec67ca006b9e7b01527dc87f05dd7d6e
sample,sparse_crlf-65536,308,520372,522255,8,4edca701f475cd006d9a6a13adfe1df33a941fb0d75dc7f208f20d3c5d1d80f5,03a7e983b36035b5a12262b7862ec3ecec67ca006b9e7b01527dc87f05dd7d6e
sample,sparse_crlf-65536,309,472212,522255,8,4edca701f475cd006d9a6a13adfe1df33a941fb0d75dc7f208f20d3c5d1d80f5,03a7e983b36035b5a12262b7862ec3ecec67ca006b9e7b01527dc87f05dd7d6e
sample,sparse_crlf-65536,310,520322,522255,8,4edca701f475cd006d9a6a13adfe1df33a941fb0d75dc7f208f20d3c5d1d80f5,03a7e983b36035b5a12262b7862ec3ecec67ca006b9e7b01527dc87f05dd7d6e
sample,sparse_crlf-65536,311,473621,522255,8,4edca701f475cd006d9a6a13adfe1df33a941fb0d75dc7f208f20d3c5d1d80f5,03a7e983b36035b5a12262b7862ec3ecec67ca006b9e7b01527dc87f05dd7d6e
sample,sparse_crlf-65536,312,520222,522255,8,4edca701f475cd006d9a6a13adfe1df33a941fb0d75dc7f208f20d3c5d1d80f5,03a7e983b36035b5a12262b7862ec3ecec67ca006b9e7b01527dc87f05dd7d6e
sample,sparse_crlf-65536,313,526352,522255,8,4edca701f475cd006d9a6a13adfe1df33a941fb0d75dc7f208f20d3c5d1d80f5,03a7e983b36035b5a12262b7862ec3ecec67ca006b9e7b01527dc87f05dd7d6e
sample,sparse_crlf-65536,314,524052,522255,8,4edca701f475cd006d9a6a13adfe1df33a941fb0d75dc7f208f20d3c5d1d80f5,03a7e983b36035b5a12262b7862ec3ecec67ca006b9e7b01527dc87f05dd7d6e
sample,sparse_crlf-65536,315,448622,522255,8,4edca701f475cd006d9a6a13adfe1df33a941fb0d75dc7f208f20d3c5d1d80f5,03a7e983b36035b5a12262b7862ec3ecec67ca006b9e7b01527dc87f05dd7d6e
sample,sparse_crlf-65536,316,520332,522255,8,4edca701f475cd006d9a6a13adfe1df33a941fb0d75dc7f208f20d3c5d1d80f5,03a7e983b36035b5a12262b7862ec3ecec67ca006b9e7b01527dc87f05dd7d6e
sample,sparse_crlf-65536,317,460271,522255,8,4edca701f475cd006d9a6a13adfe1df33a941fb0d75dc7f208f20d3c5d1d80f5,03a7e983b36035b5a12262b7862ec3ecec67ca006b9e7b01527dc87f05dd7d6e
sample,sparse_crlf-65536,318,520202,522255,8,4edca701f475cd006d9a6a13adfe1df33a941fb0d75dc7f208f20d3c5d1d80f5,03a7e983b36035b5a12262b7862ec3ecec67ca006b9e7b01527dc87f05dd7d6e
sample,sparse_crlf-65536,319,467522,522255,8,4edca701f475cd006d9a6a13adfe1df33a941fb0d75dc7f208f20d3c5d1d80f5,03a7e983b36035b5a12262b7862ec3ecec67ca006b9e7b01527dc87f05dd7d6e
sample,sparse_crlf-65536,320,520372,522255,8,4edca701f475cd006d9a6a13adfe1df33a941fb0d75dc7f208f20d3c5d1d80f5,03a7e983b36035b5a12262b7862ec3ecec67ca006b9e7b01527dc87f05dd7d6e
sample,sparse_crlf-65536,321,526662,522255,8,4edca701f475cd006d9a6a13adfe1df33a941fb0d75dc7f208f20d3c5d1d80f5,03a7e983b36035b5a12262b7862ec3ecec67ca006b9e7b01527dc87f05dd7d6e
sample,sparse_crlf-65536,322,438782,522255,8,4edca701f475cd006d9a6a13adfe1df33a941fb0d75dc7f208f20d3c5d1d80f5,03a7e983b36035b5a12262b7862ec3ecec67ca006b9e7b01527dc87f05dd7d6e
sample,sparse_crlf-65536,323,481682,522255,8,4edca701f475cd006d9a6a13adfe1df33a941fb0d75dc7f208f20d3c5d1d80f5,03a7e983b36035b5a12262b7862ec3ecec67ca006b9e7b01527dc87f05dd7d6e
sample,sparse_crlf-65536,324,520452,522255,8,4edca701f475cd006d9a6a13adfe1df33a941fb0d75dc7f208f20d3c5d1d80f5,03a7e983b36035b5a12262b7862ec3ecec67ca006b9e7b01527dc87f05dd7d6e
sample,sparse_crlf-65536,325,477391,522255,8,4edca701f475cd006d9a6a13adfe1df33a941fb0d75dc7f208f20d3c5d1d80f5,03a7e983b36035b5a12262b7862ec3ecec67ca006b9e7b01527dc87f05dd7d6e
sample,sparse_crlf-65536,326,520362,522255,8,4edca701f475cd006d9a6a13adfe1df33a941fb0d75dc7f208f20d3c5d1d80f5,03a7e983b36035b5a12262b7862ec3ecec67ca006b9e7b01527dc87f05dd7d6e
sample,sparse_crlf-65536,327,475692,522255,8,4edca701f475cd006d9a6a13adfe1df33a941fb0d75dc7f208f20d3c5d1d80f5,03a7e983b36035b5a12262b7862ec3ecec67ca006b9e7b01527dc87f05dd7d6e
sample,sparse_crlf-65536,328,520882,522255,8,4edca701f475cd006d9a6a13adfe1df33a941fb0d75dc7f208f20d3c5d1d80f5,03a7e983b36035b5a12262b7862ec3ecec67ca006b9e7b01527dc87f05dd7d6e
sample,sparse_crlf-65536,329,474662,522255,8,4edca701f475cd006d9a6a13adfe1df33a941fb0d75dc7f208f20d3c5d1d80f5,03a7e983b36035b5a12262b7862ec3ecec67ca006b9e7b01527dc87f05dd7d6e
sample,sparse_crlf-65536,330,523302,522255,8,4edca701f475cd006d9a6a13adfe1df33a941fb0d75dc7f208f20d3c5d1d80f5,03a7e983b36035b5a12262b7862ec3ecec67ca006b9e7b01527dc87f05dd7d6e
sample,sparse_crlf-65536,331,526642,522255,8,4edca701f475cd006d9a6a13adfe1df33a941fb0d75dc7f208f20d3c5d1d80f5,03a7e983b36035b5a12262b7862ec3ecec67ca006b9e7b01527dc87f05dd7d6e
sample,sparse_crlf-65536,332,520572,522255,8,4edca701f475cd006d9a6a13adfe1df33a941fb0d75dc7f208f20d3c5d1d80f5,03a7e983b36035b5a12262b7862ec3ecec67ca006b9e7b01527dc87f05dd7d6e
sample,sparse_crlf-65536,333,449561,522255,8,4edca701f475cd006d9a6a13adfe1df33a941fb0d75dc7f208f20d3c5d1d80f5,03a7e983b36035b5a12262b7862ec3ecec67ca006b9e7b01527dc87f05dd7d6e
sample,sparse_crlf-65536,334,520372,522255,8,4edca701f475cd006d9a6a13adfe1df33a941fb0d75dc7f208f20d3c5d1d80f5,03a7e983b36035b5a12262b7862ec3ecec67ca006b9e7b01527dc87f05dd7d6e
sample,sparse_crlf-65536,335,461922,522255,8,4edca701f475cd006d9a6a13adfe1df33a941fb0d75dc7f208f20d3c5d1d80f5,03a7e983b36035b5a12262b7862ec3ecec67ca006b9e7b01527dc87f05dd7d6e
sample,sparse_crlf-65536,336,520822,522255,8,4edca701f475cd006d9a6a13adfe1df33a941fb0d75dc7f208f20d3c5d1d80f5,03a7e983b36035b5a12262b7862ec3ecec67ca006b9e7b01527dc87f05dd7d6e
sample,sparse_crlf-65536,337,467182,522255,8,4edca701f475cd006d9a6a13adfe1df33a941fb0d75dc7f208f20d3c5d1d80f5,03a7e983b36035b5a12262b7862ec3ecec67ca006b9e7b01527dc87f05dd7d6e
sample,sparse_crlf-65536,338,460471,522255,8,4edca701f475cd006d9a6a13adfe1df33a941fb0d75dc7f208f20d3c5d1d80f5,03a7e983b36035b5a12262b7862ec3ecec67ca006b9e7b01527dc87f05dd7d6e
sample,sparse_crlf-65536,339,496282,522255,8,4edca701f475cd006d9a6a13adfe1df33a941fb0d75dc7f208f20d3c5d1d80f5,03a7e983b36035b5a12262b7862ec3ecec67ca006b9e7b01527dc87f05dd7d6e
sample,sparse_crlf-65536,340,520362,522255,8,4edca701f475cd006d9a6a13adfe1df33a941fb0d75dc7f208f20d3c5d1d80f5,03a7e983b36035b5a12262b7862ec3ecec67ca006b9e7b01527dc87f05dd7d6e
sample,sparse_crlf-65536,341,485302,522255,8,4edca701f475cd006d9a6a13adfe1df33a941fb0d75dc7f208f20d3c5d1d80f5,03a7e983b36035b5a12262b7862ec3ecec67ca006b9e7b01527dc87f05dd7d6e
sample,sparse_crlf-65536,342,520282,522255,8,4edca701f475cd006d9a6a13adfe1df33a941fb0d75dc7f208f20d3c5d1d80f5,03a7e983b36035b5a12262b7862ec3ecec67ca006b9e7b01527dc87f05dd7d6e
sample,sparse_crlf-65536,343,479442,522255,8,4edca701f475cd006d9a6a13adfe1df33a941fb0d75dc7f208f20d3c5d1d80f5,03a7e983b36035b5a12262b7862ec3ecec67ca006b9e7b01527dc87f05dd7d6e
sample,sparse_crlf-65536,344,520212,522255,8,4edca701f475cd006d9a6a13adfe1df33a941fb0d75dc7f208f20d3c5d1d80f5,03a7e983b36035b5a12262b7862ec3ecec67ca006b9e7b01527dc87f05dd7d6e
sample,sparse_crlf-65536,345,477441,522255,8,4edca701f475cd006d9a6a13adfe1df33a941fb0d75dc7f208f20d3c5d1d80f5,03a7e983b36035b5a12262b7862ec3ecec67ca006b9e7b01527dc87f05dd7d6e
sample,sparse_crlf-65536,346,522922,522255,8,4edca701f475cd006d9a6a13adfe1df33a941fb0d75dc7f208f20d3c5d1d80f5,03a7e983b36035b5a12262b7862ec3ecec67ca006b9e7b01527dc87f05dd7d6e
sample,sparse_crlf-65536,347,475152,522255,8,4edca701f475cd006d9a6a13adfe1df33a941fb0d75dc7f208f20d3c5d1d80f5,03a7e983b36035b5a12262b7862ec3ecec67ca006b9e7b01527dc87f05dd7d6e
sample,sparse_crlf-65536,348,520342,522255,8,4edca701f475cd006d9a6a13adfe1df33a941fb0d75dc7f208f20d3c5d1d80f5,03a7e983b36035b5a12262b7862ec3ecec67ca006b9e7b01527dc87f05dd7d6e
sample,sparse_crlf-65536,349,473782,522255,8,4edca701f475cd006d9a6a13adfe1df33a941fb0d75dc7f208f20d3c5d1d80f5,03a7e983b36035b5a12262b7862ec3ecec67ca006b9e7b01527dc87f05dd7d6e
sample,sparse_crlf-65536,350,520352,522255,8,4edca701f475cd006d9a6a13adfe1df33a941fb0d75dc7f208f20d3c5d1d80f5,03a7e983b36035b5a12262b7862ec3ecec67ca006b9e7b01527dc87f05dd7d6e
sample,sparse_crlf-65536,351,526772,522255,8,4edca701f475cd006d9a6a13adfe1df33a941fb0d75dc7f208f20d3c5d1d80f5,03a7e983b36035b5a12262b7862ec3ecec67ca006b9e7b01527dc87f05dd7d6e
sample,sparse_crlf-65536,352,520302,522255,8,4edca701f475cd006d9a6a13adfe1df33a941fb0d75dc7f208f20d3c5d1d80f5,03a7e983b36035b5a12262b7862ec3ecec67ca006b9e7b01527dc87f05dd7d6e
sample,sparse_crlf-65536,353,450261,522255,8,4edca701f475cd006d9a6a13adfe1df33a941fb0d75dc7f208f20d3c5d1d80f5,03a7e983b36035b5a12262b7862ec3ecec67ca006b9e7b01527dc87f05dd7d6e
sample,sparse_crlf-65536,354,451882,522255,8,4edca701f475cd006d9a6a13adfe1df33a941fb0d75dc7f208f20d3c5d1d80f5,03a7e983b36035b5a12262b7862ec3ecec67ca006b9e7b01527dc87f05dd7d6e
sample,sparse_crlf-65536,355,492022,522255,8,4edca701f475cd006d9a6a13adfe1df33a941fb0d75dc7f208f20d3c5d1d80f5,03a7e983b36035b5a12262b7862ec3ecec67ca006b9e7b01527dc87f05dd7d6e
sample,sparse_crlf-65536,356,520712,522255,8,4edca701f475cd006d9a6a13adfe1df33a941fb0d75dc7f208f20d3c5d1d80f5,03a7e983b36035b5a12262b7862ec3ecec67ca006b9e7b01527dc87f05dd7d6e
sample,sparse_crlf-65536,357,483142,522255,8,4edca701f475cd006d9a6a13adfe1df33a941fb0d75dc7f208f20d3c5d1d80f5,03a7e983b36035b5a12262b7862ec3ecec67ca006b9e7b01527dc87f05dd7d6e
sample,sparse_crlf-65536,358,520332,522255,8,4edca701f475cd006d9a6a13adfe1df33a941fb0d75dc7f208f20d3c5d1d80f5,03a7e983b36035b5a12262b7862ec3ecec67ca006b9e7b01527dc87f05dd7d6e
sample,sparse_crlf-65536,359,478511,522255,8,4edca701f475cd006d9a6a13adfe1df33a941fb0d75dc7f208f20d3c5d1d80f5,03a7e983b36035b5a12262b7862ec3ecec67ca006b9e7b01527dc87f05dd7d6e
sample,sparse_crlf-65536,360,520132,522255,8,4edca701f475cd006d9a6a13adfe1df33a941fb0d75dc7f208f20d3c5d1d80f5,03a7e983b36035b5a12262b7862ec3ecec67ca006b9e7b01527dc87f05dd7d6e
sample,sparse_crlf-65536,361,476702,522255,8,4edca701f475cd006d9a6a13adfe1df33a941fb0d75dc7f208f20d3c5d1d80f5,03a7e983b36035b5a12262b7862ec3ecec67ca006b9e7b01527dc87f05dd7d6e
sample,sparse_crlf-65536,362,523412,522255,8,4edca701f475cd006d9a6a13adfe1df33a941fb0d75dc7f208f20d3c5d1d80f5,03a7e983b36035b5a12262b7862ec3ecec67ca006b9e7b01527dc87f05dd7d6e
sample,sparse_crlf-65536,363,473812,522255,8,4edca701f475cd006d9a6a13adfe1df33a941fb0d75dc7f208f20d3c5d1d80f5,03a7e983b36035b5a12262b7862ec3ecec67ca006b9e7b01527dc87f05dd7d6e
sample,sparse_crlf-65536,364,520332,522255,8,4edca701f475cd006d9a6a13adfe1df33a941fb0d75dc7f208f20d3c5d1d80f5,03a7e983b36035b5a12262b7862ec3ecec67ca006b9e7b01527dc87f05dd7d6e
sample,sparse_crlf-65536,365,473711,522255,8,4edca701f475cd006d9a6a13adfe1df33a941fb0d75dc7f208f20d3c5d1d80f5,03a7e983b36035b5a12262b7862ec3ecec67ca006b9e7b01527dc87f05dd7d6e
sample,sparse_crlf-65536,366,520252,522255,8,4edca701f475cd006d9a6a13adfe1df33a941fb0d75dc7f208f20d3c5d1d80f5,03a7e983b36035b5a12262b7862ec3ecec67ca006b9e7b01527dc87f05dd7d6e
sample,sparse_crlf-65536,367,473892,522255,8,4edca701f475cd006d9a6a13adfe1df33a941fb0d75dc7f208f20d3c5d1d80f5,03a7e983b36035b5a12262b7862ec3ecec67ca006b9e7b01527dc87f05dd7d6e
sample,sparse_crlf-65536,368,520162,522255,8,4edca701f475cd006d9a6a13adfe1df33a941fb0d75dc7f208f20d3c5d1d80f5,03a7e983b36035b5a12262b7862ec3ecec67ca006b9e7b01527dc87f05dd7d6e
sample,sparse_crlf-65536,369,473672,522255,8,4edca701f475cd006d9a6a13adfe1df33a941fb0d75dc7f208f20d3c5d1d80f5,03a7e983b36035b5a12262b7862ec3ecec67ca006b9e7b01527dc87f05dd7d6e
sample,sparse_crlf-65536,370,467072,522255,8,4edca701f475cd006d9a6a13adfe1df33a941fb0d75dc7f208f20d3c5d1d80f5,03a7e983b36035b5a12262b7862ec3ecec67ca006b9e7b01527dc87f05dd7d6e
sample,sparse_crlf-65536,371,527632,522255,8,4edca701f475cd006d9a6a13adfe1df33a941fb0d75dc7f208f20d3c5d1d80f5,03a7e983b36035b5a12262b7862ec3ecec67ca006b9e7b01527dc87f05dd7d6e
sample,sparse_crlf-65536,372,520372,522255,8,4edca701f475cd006d9a6a13adfe1df33a941fb0d75dc7f208f20d3c5d1d80f5,03a7e983b36035b5a12262b7862ec3ecec67ca006b9e7b01527dc87f05dd7d6e
sample,sparse_crlf-65536,373,475381,522255,8,4edca701f475cd006d9a6a13adfe1df33a941fb0d75dc7f208f20d3c5d1d80f5,03a7e983b36035b5a12262b7862ec3ecec67ca006b9e7b01527dc87f05dd7d6e
sample,sparse_crlf-65536,374,520572,522255,8,4edca701f475cd006d9a6a13adfe1df33a941fb0d75dc7f208f20d3c5d1d80f5,03a7e983b36035b5a12262b7862ec3ecec67ca006b9e7b01527dc87f05dd7d6e
sample,sparse_crlf-65536,375,528872,522255,8,4edca701f475cd006d9a6a13adfe1df33a941fb0d75dc7f208f20d3c5d1d80f5,03a7e983b36035b5a12262b7862ec3ecec67ca006b9e7b01527dc87f05dd7d6e
sample,sparse_crlf-65536,376,520482,522255,8,4edca701f475cd006d9a6a13adfe1df33a941fb0d75dc7f208f20d3c5d1d80f5,03a7e983b36035b5a12262b7862ec3ecec67ca006b9e7b01527dc87f05dd7d6e
sample,sparse_crlf-65536,377,448712,522255,8,4edca701f475cd006d9a6a13adfe1df33a941fb0d75dc7f208f20d3c5d1d80f5,03a7e983b36035b5a12262b7862ec3ecec67ca006b9e7b01527dc87f05dd7d6e
sample,sparse_crlf-65536,378,449522,522255,8,4edca701f475cd006d9a6a13adfe1df33a941fb0d75dc7f208f20d3c5d1d80f5,03a7e983b36035b5a12262b7862ec3ecec67ca006b9e7b01527dc87f05dd7d6e
sample,sparse_crlf-65536,379,492931,522255,8,4edca701f475cd006d9a6a13adfe1df33a941fb0d75dc7f208f20d3c5d1d80f5,03a7e983b36035b5a12262b7862ec3ecec67ca006b9e7b01527dc87f05dd7d6e
sample,sparse_crlf-65536,380,520472,522255,8,4edca701f475cd006d9a6a13adfe1df33a941fb0d75dc7f208f20d3c5d1d80f5,03a7e983b36035b5a12262b7862ec3ecec67ca006b9e7b01527dc87f05dd7d6e
sample,sparse_crlf-65536,381,482652,522255,8,4edca701f475cd006d9a6a13adfe1df33a941fb0d75dc7f208f20d3c5d1d80f5,03a7e983b36035b5a12262b7862ec3ecec67ca006b9e7b01527dc87f05dd7d6e
sample,sparse_crlf-65536,382,520342,522255,8,4edca701f475cd006d9a6a13adfe1df33a941fb0d75dc7f208f20d3c5d1d80f5,03a7e983b36035b5a12262b7862ec3ecec67ca006b9e7b01527dc87f05dd7d6e
sample,sparse_crlf-65536,383,477042,522255,8,4edca701f475cd006d9a6a13adfe1df33a941fb0d75dc7f208f20d3c5d1d80f5,03a7e983b36035b5a12262b7862ec3ecec67ca006b9e7b01527dc87f05dd7d6e
sample,sparse_crlf-65536,384,520482,522255,8,4edca701f475cd006d9a6a13adfe1df33a941fb0d75dc7f208f20d3c5d1d80f5,03a7e983b36035b5a12262b7862ec3ecec67ca006b9e7b01527dc87f05dd7d6e
sample,sparse_crlf-65536,385,476172,522255,8,4edca701f475cd006d9a6a13adfe1df33a941fb0d75dc7f208f20d3c5d1d80f5,03a7e983b36035b5a12262b7862ec3ecec67ca006b9e7b01527dc87f05dd7d6e
sample,sparse_crlf-65536,386,524672,522255,8,4edca701f475cd006d9a6a13adfe1df33a941fb0d75dc7f208f20d3c5d1d80f5,03a7e983b36035b5a12262b7862ec3ecec67ca006b9e7b01527dc87f05dd7d6e
sample,sparse_crlf-65536,387,473361,522255,8,4edca701f475cd006d9a6a13adfe1df33a941fb0d75dc7f208f20d3c5d1d80f5,03a7e983b36035b5a12262b7862ec3ecec67ca006b9e7b01527dc87f05dd7d6e
sample,sparse_crlf-65536,388,520402,522255,8,4edca701f475cd006d9a6a13adfe1df33a941fb0d75dc7f208f20d3c5d1d80f5,03a7e983b36035b5a12262b7862ec3ecec67ca006b9e7b01527dc87f05dd7d6e
sample,sparse_crlf-65536,389,528482,522255,8,4edca701f475cd006d9a6a13adfe1df33a941fb0d75dc7f208f20d3c5d1d80f5,03a7e983b36035b5a12262b7862ec3ecec67ca006b9e7b01527dc87f05dd7d6e
sample,sparse_crlf-65536,390,520512,522255,8,4edca701f475cd006d9a6a13adfe1df33a941fb0d75dc7f208f20d3c5d1d80f5,03a7e983b36035b5a12262b7862ec3ecec67ca006b9e7b01527dc87f05dd7d6e
sample,sparse_crlf-65536,391,449022,522255,8,4edca701f475cd006d9a6a13adfe1df33a941fb0d75dc7f208f20d3c5d1d80f5,03a7e983b36035b5a12262b7862ec3ecec67ca006b9e7b01527dc87f05dd7d6e
sample,sparse_crlf-65536,392,520342,522255,8,4edca701f475cd006d9a6a13adfe1df33a941fb0d75dc7f208f20d3c5d1d80f5,03a7e983b36035b5a12262b7862ec3ecec67ca006b9e7b01527dc87f05dd7d6e
sample,sparse_crlf-65536,393,461172,522255,8,4edca701f475cd006d9a6a13adfe1df33a941fb0d75dc7f208f20d3c5d1d80f5,03a7e983b36035b5a12262b7862ec3ecec67ca006b9e7b01527dc87f05dd7d6e
sample,sparse_crlf-65536,394,457081,522255,8,4edca701f475cd006d9a6a13adfe1df33a941fb0d75dc7f208f20d3c5d1d80f5,03a7e983b36035b5a12262b7862ec3ecec67ca006b9e7b01527dc87f05dd7d6e
sample,sparse_crlf-65536,395,494782,522255,8,4edca701f475cd006d9a6a13adfe1df33a941fb0d75dc7f208f20d3c5d1d80f5,03a7e983b36035b5a12262b7862ec3ecec67ca006b9e7b01527dc87f05dd7d6e
sample,sparse_crlf-65536,396,520342,522255,8,4edca701f475cd006d9a6a13adfe1df33a941fb0d75dc7f208f20d3c5d1d80f5,03a7e983b36035b5a12262b7862ec3ecec67ca006b9e7b01527dc87f05dd7d6e
sample,sparse_crlf-65536,397,483312,522255,8,4edca701f475cd006d9a6a13adfe1df33a941fb0d75dc7f208f20d3c5d1d80f5,03a7e983b36035b5a12262b7862ec3ecec67ca006b9e7b01527dc87f05dd7d6e
sample,sparse_crlf-65536,398,520372,522255,8,4edca701f475cd006d9a6a13adfe1df33a941fb0d75dc7f208f20d3c5d1d80f5,03a7e983b36035b5a12262b7862ec3ecec67ca006b9e7b01527dc87f05dd7d6e
sample,sparse_crlf-65536,399,479182,522255,8,4edca701f475cd006d9a6a13adfe1df33a941fb0d75dc7f208f20d3c5d1d80f5,03a7e983b36035b5a12262b7862ec3ecec67ca006b9e7b01527dc87f05dd7d6e
sample,sparse_crlf-65536,400,520462,522255,8,4edca701f475cd006d9a6a13adfe1df33a941fb0d75dc7f208f20d3c5d1d80f5,03a7e983b36035b5a12262b7862ec3ecec67ca006b9e7b01527dc87f05dd7d6e
sample,sparse_crlf-65536,401,478441,522255,8,4edca701f475cd006d9a6a13adfe1df33a941fb0d75dc7f208f20d3c5d1d80f5,03a7e983b36035b5a12262b7862ec3ecec67ca006b9e7b01527dc87f05dd7d6e
sample,sparse_crlf-65536,402,523822,522255,8,4edca701f475cd006d9a6a13adfe1df33a941fb0d75dc7f208f20d3c5d1d80f5,03a7e983b36035b5a12262b7862ec3ecec67ca006b9e7b01527dc87f05dd7d6e
sample,sparse_crlf-65536,403,527482,522255,8,4edca701f475cd006d9a6a13adfe1df33a941fb0d75dc7f208f20d3c5d1d80f5,03a7e983b36035b5a12262b7862ec3ecec67ca006b9e7b01527dc87f05dd7d6e
sample,sparse_crlf-65536,404,520362,522255,8,4edca701f475cd006d9a6a13adfe1df33a941fb0d75dc7f208f20d3c5d1d80f5,03a7e983b36035b5a12262b7862ec3ecec67ca006b9e7b01527dc87f05dd7d6e
sample,sparse_crlf-65536,405,449632,522255,8,4edca701f475cd006d9a6a13adfe1df33a941fb0d75dc7f208f20d3c5d1d80f5,03a7e983b36035b5a12262b7862ec3ecec67ca006b9e7b01527dc87f05dd7d6e
sample,sparse_crlf-65536,406,520472,522255,8,4edca701f475cd006d9a6a13adfe1df33a941fb0d75dc7f208f20d3c5d1d80f5,03a7e983b36035b5a12262b7862ec3ecec67ca006b9e7b01527dc87f05dd7d6e
sample,sparse_crlf-65536,407,518772,522255,8,4edca701f475cd006d9a6a13adfe1df33a941fb0d75dc7f208f20d3c5d1d80f5,03a7e983b36035b5a12262b7862ec3ecec67ca006b9e7b01527dc87f05dd7d6e
sample,sparse_crlf-65536,408,520242,522255,8,4edca701f475cd006d9a6a13adfe1df33a941fb0d75dc7f208f20d3c5d1d80f5,03a7e983b36035b5a12262b7862ec3ecec67ca006b9e7b01527dc87f05dd7d6e
sample,sparse_crlf-65536,409,526102,522255,8,4edca701f475cd006d9a6a13adfe1df33a941fb0d75dc7f208f20d3c5d1d80f5,03a7e983b36035b5a12262b7862ec3ecec67ca006b9e7b01527dc87f05dd7d6e
sample,sparse_crlf-65536,410,524082,522255,8,4edca701f475cd006d9a6a13adfe1df33a941fb0d75dc7f208f20d3c5d1d80f5,03a7e983b36035b5a12262b7862ec3ecec67ca006b9e7b01527dc87f05dd7d6e
sample,sparse_crlf-65536,411,527502,522255,8,4edca701f475cd006d9a6a13adfe1df33a941fb0d75dc7f208f20d3c5d1d80f5,03a7e983b36035b5a12262b7862ec3ecec67ca006b9e7b01527dc87f05dd7d6e
sample,sparse_crlf-65536,412,520251,522255,8,4edca701f475cd006d9a6a13adfe1df33a941fb0d75dc7f208f20d3c5d1d80f5,03a7e983b36035b5a12262b7862ec3ecec67ca006b9e7b01527dc87f05dd7d6e
sample,sparse_crlf-65536,413,392802,522255,8,4edca701f475cd006d9a6a13adfe1df33a941fb0d75dc7f208f20d3c5d1d80f5,03a7e983b36035b5a12262b7862ec3ecec67ca006b9e7b01527dc87f05dd7d6e
sample,sparse_crlf-65536,414,520242,522255,8,4edca701f475cd006d9a6a13adfe1df33a941fb0d75dc7f208f20d3c5d1d80f5,03a7e983b36035b5a12262b7862ec3ecec67ca006b9e7b01527dc87f05dd7d6e
sample,sparse_crlf-65536,415,428751,522255,8,4edca701f475cd006d9a6a13adfe1df33a941fb0d75dc7f208f20d3c5d1d80f5,03a7e983b36035b5a12262b7862ec3ecec67ca006b9e7b01527dc87f05dd7d6e
sample,sparse_crlf-65536,416,520442,522255,8,4edca701f475cd006d9a6a13adfe1df33a941fb0d75dc7f208f20d3c5d1d80f5,03a7e983b36035b5a12262b7862ec3ecec67ca006b9e7b01527dc87f05dd7d6e
sample,sparse_crlf-65536,417,447592,522255,8,4edca701f475cd006d9a6a13adfe1df33a941fb0d75dc7f208f20d3c5d1d80f5,03a7e983b36035b5a12262b7862ec3ecec67ca006b9e7b01527dc87f05dd7d6e
sample,sparse_crlf-65536,418,450722,522255,8,4edca701f475cd006d9a6a13adfe1df33a941fb0d75dc7f208f20d3c5d1d80f5,03a7e983b36035b5a12262b7862ec3ecec67ca006b9e7b01527dc87f05dd7d6e
sample,sparse_crlf-65536,419,491152,522255,8,4edca701f475cd006d9a6a13adfe1df33a941fb0d75dc7f208f20d3c5d1d80f5,03a7e983b36035b5a12262b7862ec3ecec67ca006b9e7b01527dc87f05dd7d6e
sample,sparse_crlf-65536,420,520372,522255,8,4edca701f475cd006d9a6a13adfe1df33a941fb0d75dc7f208f20d3c5d1d80f5,03a7e983b36035b5a12262b7862ec3ecec67ca006b9e7b01527dc87f05dd7d6e
sample,sparse_crlf-65536,421,482581,522255,8,4edca701f475cd006d9a6a13adfe1df33a941fb0d75dc7f208f20d3c5d1d80f5,03a7e983b36035b5a12262b7862ec3ecec67ca006b9e7b01527dc87f05dd7d6e
sample,sparse_crlf-65536,422,520362,522255,8,4edca701f475cd006d9a6a13adfe1df33a941fb0d75dc7f208f20d3c5d1d80f5,03a7e983b36035b5a12262b7862ec3ecec67ca006b9e7b01527dc87f05dd7d6e
sample,sparse_crlf-65536,423,478332,522255,8,4edca701f475cd006d9a6a13adfe1df33a941fb0d75dc7f208f20d3c5d1d80f5,03a7e983b36035b5a12262b7862ec3ecec67ca006b9e7b01527dc87f05dd7d6e
sample,sparse_crlf-65536,424,520262,522255,8,4edca701f475cd006d9a6a13adfe1df33a941fb0d75dc7f208f20d3c5d1d80f5,03a7e983b36035b5a12262b7862ec3ecec67ca006b9e7b01527dc87f05dd7d6e
sample,sparse_crlf-65536,425,475662,522255,8,4edca701f475cd006d9a6a13adfe1df33a941fb0d75dc7f208f20d3c5d1d80f5,03a7e983b36035b5a12262b7862ec3ecec67ca006b9e7b01527dc87f05dd7d6e
sample,sparse_crlf-65536,426,524012,522255,8,4edca701f475cd006d9a6a13adfe1df33a941fb0d75dc7f208f20d3c5d1d80f5,03a7e983b36035b5a12262b7862ec3ecec67ca006b9e7b01527dc87f05dd7d6e
sample,sparse_crlf-65536,427,526732,522255,8,4edca701f475cd006d9a6a13adfe1df33a941fb0d75dc7f208f20d3c5d1d80f5,03a7e983b36035b5a12262b7862ec3ecec67ca006b9e7b01527dc87f05dd7d6e
sample,sparse_crlf-65536,428,520262,522255,8,4edca701f475cd006d9a6a13adfe1df33a941fb0d75dc7f208f20d3c5d1d80f5,03a7e983b36035b5a12262b7862ec3ecec67ca006b9e7b01527dc87f05dd7d6e
sample,sparse_crlf-65536,429,450291,522255,8,4edca701f475cd006d9a6a13adfe1df33a941fb0d75dc7f208f20d3c5d1d80f5,03a7e983b36035b5a12262b7862ec3ecec67ca006b9e7b01527dc87f05dd7d6e
sample,sparse_crlf-65536,430,520372,522255,8,4edca701f475cd006d9a6a13adfe1df33a941fb0d75dc7f208f20d3c5d1d80f5,03a7e983b36035b5a12262b7862ec3ecec67ca006b9e7b01527dc87f05dd7d6e
sample,sparse_crlf-65536,431,461902,522255,8,4edca701f475cd006d9a6a13adfe1df33a941fb0d75dc7f208f20d3c5d1d80f5,03a7e983b36035b5a12262b7862ec3ecec67ca006b9e7b01527dc87f05dd7d6e
sample,sparse_crlf-65536,432,520202,522255,8,4edca701f475cd006d9a6a13adfe1df33a941fb0d75dc7f208f20d3c5d1d80f5,03a7e983b36035b5a12262b7862ec3ecec67ca006b9e7b01527dc87f05dd7d6e
sample,sparse_crlf-65536,433,468162,522255,8,4edca701f475cd006d9a6a13adfe1df33a941fb0d75dc7f208f20d3c5d1d80f5,03a7e983b36035b5a12262b7862ec3ecec67ca006b9e7b01527dc87f05dd7d6e
sample,sparse_crlf-65536,434,461241,522255,8,4edca701f475cd006d9a6a13adfe1df33a941fb0d75dc7f208f20d3c5d1d80f5,03a7e983b36035b5a12262b7862ec3ecec67ca006b9e7b01527dc87f05dd7d6e
sample,sparse_crlf-65536,435,495962,522255,8,4edca701f475cd006d9a6a13adfe1df33a941fb0d75dc7f208f20d3c5d1d80f5,03a7e983b36035b5a12262b7862ec3ecec67ca006b9e7b01527dc87f05dd7d6e
sample,sparse_crlf-65536,436,520242,522255,8,4edca701f475cd006d9a6a13adfe1df33a941fb0d75dc7f208f20d3c5d1d80f5,03a7e983b36035b5a12262b7862ec3ecec67ca006b9e7b01527dc87f05dd7d6e
sample,sparse_crlf-65536,437,485202,522255,8,4edca701f475cd006d9a6a13adfe1df33a941fb0d75dc7f208f20d3c5d1d80f5,03a7e983b36035b5a12262b7862ec3ecec67ca006b9e7b01527dc87f05dd7d6e
sample,sparse_crlf-65536,438,520272,522255,8,4edca701f475cd006d9a6a13adfe1df33a941fb0d75dc7f208f20d3c5d1d80f5,03a7e983b36035b5a12262b7862ec3ecec67ca006b9e7b01527dc87f05dd7d6e
sample,sparse_crlf-65536,439,480122,522255,8,4edca701f475cd006d9a6a13adfe1df33a941fb0d75dc7f208f20d3c5d1d80f5,03a7e983b36035b5a12262b7862ec3ecec67ca006b9e7b01527dc87f05dd7d6e
sample,sparse_crlf-65536,440,520382,522255,8,4edca701f475cd006d9a6a13adfe1df33a941fb0d75dc7f208f20d3c5d1d80f5,03a7e983b36035b5a12262b7862ec3ecec67ca006b9e7b01527dc87f05dd7d6e
sample,sparse_crlf-65536,441,476841,522255,8,4edca701f475cd006d9a6a13adfe1df33a941fb0d75dc7f208f20d3c5d1d80f5,03a7e983b36035b5a12262b7862ec3ecec67ca006b9e7b01527dc87f05dd7d6e
sample,sparse_crlf-65536,442,522892,522255,8,4edca701f475cd006d9a6a13adfe1df33a941fb0d75dc7f208f20d3c5d1d80f5,03a7e983b36035b5a12262b7862ec3ecec67ca006b9e7b01527dc87f05dd7d6e
sample,sparse_crlf-65536,443,474232,522255,8,4edca701f475cd006d9a6a13adfe1df33a941fb0d75dc7f208f20d3c5d1d80f5,03a7e983b36035b5a12262b7862ec3ecec67ca006b9e7b01527dc87f05dd7d6e
sample,sparse_crlf-65536,444,520722,522255,8,4edca701f475cd006d9a6a13adfe1df33a941fb0d75dc7f208f20d3c5d1d80f5,03a7e983b36035b5a12262b7862ec3ecec67ca006b9e7b01527dc87f05dd7d6e
sample,sparse_crlf-65536,445,473642,522255,8,4edca701f475cd006d9a6a13adfe1df33a941fb0d75dc7f208f20d3c5d1d80f5,03a7e983b36035b5a12262b7862ec3ecec67ca006b9e7b01527dc87f05dd7d6e
sample,sparse_crlf-65536,446,520262,522255,8,4edca701f475cd006d9a6a13adfe1df33a941fb0d75dc7f208f20d3c5d1d80f5,03a7e983b36035b5a12262b7862ec3ecec67ca006b9e7b01527dc87f05dd7d6e
sample,sparse_crlf-65536,447,473642,522255,8,4edca701f475cd006d9a6a13adfe1df33a941fb0d75dc7f208f20d3c5d1d80f5,03a7e983b36035b5a12262b7862ec3ecec67ca006b9e7b01527dc87f05dd7d6e
sample,sparse_crlf-65536,448,520442,522255,8,4edca701f475cd006d9a6a13adfe1df33a941fb0d75dc7f208f20d3c5d1d80f5,03a7e983b36035b5a12262b7862ec3ecec67ca006b9e7b01527dc87f05dd7d6e
sample,sparse_crlf-65536,449,473381,522255,8,4edca701f475cd006d9a6a13adfe1df33a941fb0d75dc7f208f20d3c5d1d80f5,03a7e983b36035b5a12262b7862ec3ecec67ca006b9e7b01527dc87f05dd7d6e
sample,sparse_crlf-65536,450,524742,522255,8,4edca701f475cd006d9a6a13adfe1df33a941fb0d75dc7f208f20d3c5d1d80f5,03a7e983b36035b5a12262b7862ec3ecec67ca006b9e7b01527dc87f05dd7d6e
sample,sparse_crlf-65536,451,471972,522255,8,4edca701f475cd006d9a6a13adfe1df33a941fb0d75dc7f208f20d3c5d1d80f5,03a7e983b36035b5a12262b7862ec3ecec67ca006b9e7b01527dc87f05dd7d6e
sample,sparse_crlf-65536,452,520542,522255,8,4edca701f475cd006d9a6a13adfe1df33a941fb0d75dc7f208f20d3c5d1d80f5,03a7e983b36035b5a12262b7862ec3ecec67ca006b9e7b01527dc87f05dd7d6e
sample,sparse_crlf-65536,453,473132,522255,8,4edca701f475cd006d9a6a13adfe1df33a941fb0d75dc7f208f20d3c5d1d80f5,03a7e983b36035b5a12262b7862ec3ecec67ca006b9e7b01527dc87f05dd7d6e
sample,sparse_crlf-65536,454,520262,522255,8,4edca701f475cd006d9a6a13adfe1df33a941fb0d75dc7f208f20d3c5d1d80f5,03a7e983b36035b5a12262b7862ec3ecec67ca006b9e7b01527dc87f05dd7d6e
sample,sparse_crlf-65536,455,472901,522255,8,4edca701f475cd006d9a6a13adfe1df33a941fb0d75dc7f208f20d3c5d1d80f5,03a7e983b36035b5a12262b7862ec3ecec67ca006b9e7b01527dc87f05dd7d6e
sample,sparse_crlf-65536,456,520372,522255,8,4edca701f475cd006d9a6a13adfe1df33a941fb0d75dc7f208f20d3c5d1d80f5,03a7e983b36035b5a12262b7862ec3ecec67ca006b9e7b01527dc87f05dd7d6e
sample,sparse_crlf-65536,457,526752,522255,8,4edca701f475cd006d9a6a13adfe1df33a941fb0d75dc7f208f20d3c5d1d80f5,03a7e983b36035b5a12262b7862ec3ecec67ca006b9e7b01527dc87f05dd7d6e
sample,sparse_crlf-65536,458,441372,522255,8,4edca701f475cd006d9a6a13adfe1df33a941fb0d75dc7f208f20d3c5d1d80f5,03a7e983b36035b5a12262b7862ec3ecec67ca006b9e7b01527dc87f05dd7d6e
sample,sparse_crlf-65536,459,486282,522255,8,4edca701f475cd006d9a6a13adfe1df33a941fb0d75dc7f208f20d3c5d1d80f5,03a7e983b36035b5a12262b7862ec3ecec67ca006b9e7b01527dc87f05dd7d6e
sample,sparse_crlf-65536,460,520412,522255,8,4edca701f475cd006d9a6a13adfe1df33a941fb0d75dc7f208f20d3c5d1d80f5,03a7e983b36035b5a12262b7862ec3ecec67ca006b9e7b01527dc87f05dd7d6e
sample,sparse_crlf-65536,461,479842,522255,8,4edca701f475cd006d9a6a13adfe1df33a941fb0d75dc7f208f20d3c5d1d80f5,03a7e983b36035b5a12262b7862ec3ecec67ca006b9e7b01527dc87f05dd7d6e
sample,sparse_crlf-65536,462,520242,522255,8,4edca701f475cd006d9a6a13adfe1df33a941fb0d75dc7f208f20d3c5d1d80f5,03a7e983b36035b5a12262b7862ec3ecec67ca006b9e7b01527dc87f05dd7d6e
sample,sparse_crlf-65536,463,477011,522255,8,4edca701f475cd006d9a6a13adfe1df33a941fb0d75dc7f208f20d3c5d1d80f5,03a7e983b36035b5a12262b7862ec3ecec67ca006b9e7b01527dc87f05dd7d6e
sample,sparse_crlf-65536,464,520442,522255,8,4edca701f475cd006d9a6a13adfe1df33a941fb0d75dc7f208f20d3c5d1d80f5,03a7e983b36035b5a12262b7862ec3ecec67ca006b9e7b01527dc87f05dd7d6e
sample,sparse_crlf-65536,465,476002,522255,8,4edca701f475cd006d9a6a13adfe1df33a941fb0d75dc7f208f20d3c5d1d80f5,03a7e983b36035b5a12262b7862ec3ecec67ca006b9e7b01527dc87f05dd7d6e
sample,sparse_crlf-65536,466,523022,522255,8,4edca701f475cd006d9a6a13adfe1df33a941fb0d75dc7f208f20d3c5d1d80f5,03a7e983b36035b5a12262b7862ec3ecec67ca006b9e7b01527dc87f05dd7d6e
sample,sparse_crlf-65536,467,473462,522255,8,4edca701f475cd006d9a6a13adfe1df33a941fb0d75dc7f208f20d3c5d1d80f5,03a7e983b36035b5a12262b7862ec3ecec67ca006b9e7b01527dc87f05dd7d6e
sample,sparse_crlf-65536,468,520412,522255,8,4edca701f475cd006d9a6a13adfe1df33a941fb0d75dc7f208f20d3c5d1d80f5,03a7e983b36035b5a12262b7862ec3ecec67ca006b9e7b01527dc87f05dd7d6e
sample,sparse_crlf-65536,469,473211,522255,8,4edca701f475cd006d9a6a13adfe1df33a941fb0d75dc7f208f20d3c5d1d80f5,03a7e983b36035b5a12262b7862ec3ecec67ca006b9e7b01527dc87f05dd7d6e
sample,sparse_crlf-65536,470,520432,522255,8,4edca701f475cd006d9a6a13adfe1df33a941fb0d75dc7f208f20d3c5d1d80f5,03a7e983b36035b5a12262b7862ec3ecec67ca006b9e7b01527dc87f05dd7d6e
sample,sparse_crlf-65536,471,473462,522255,8,4edca701f475cd006d9a6a13adfe1df33a941fb0d75dc7f208f20d3c5d1d80f5,03a7e983b36035b5a12262b7862ec3ecec67ca006b9e7b01527dc87f05dd7d6e
sample,sparse_crlf-65536,472,520252,522255,8,4edca701f475cd006d9a6a13adfe1df33a941fb0d75dc7f208f20d3c5d1d80f5,03a7e983b36035b5a12262b7862ec3ecec67ca006b9e7b01527dc87f05dd7d6e
sample,sparse_crlf-65536,473,526132,522255,8,4edca701f475cd006d9a6a13adfe1df33a941fb0d75dc7f208f20d3c5d1d80f5,03a7e983b36035b5a12262b7862ec3ecec67ca006b9e7b01527dc87f05dd7d6e
sample,sparse_crlf-65536,474,524302,522255,8,4edca701f475cd006d9a6a13adfe1df33a941fb0d75dc7f208f20d3c5d1d80f5,03a7e983b36035b5a12262b7862ec3ecec67ca006b9e7b01527dc87f05dd7d6e
sample,sparse_crlf-65536,475,449512,522255,8,4edca701f475cd006d9a6a13adfe1df33a941fb0d75dc7f208f20d3c5d1d80f5,03a7e983b36035b5a12262b7862ec3ecec67ca006b9e7b01527dc87f05dd7d6e
sample,sparse_crlf-65536,476,520322,522255,8,4edca701f475cd006d9a6a13adfe1df33a941fb0d75dc7f208f20d3c5d1d80f5,03a7e983b36035b5a12262b7862ec3ecec67ca006b9e7b01527dc87f05dd7d6e
sample,sparse_crlf-65536,477,516962,522255,8,4edca701f475cd006d9a6a13adfe1df33a941fb0d75dc7f208f20d3c5d1d80f5,03a7e983b36035b5a12262b7862ec3ecec67ca006b9e7b01527dc87f05dd7d6e
sample,sparse_crlf-65536,478,520291,522255,8,4edca701f475cd006d9a6a13adfe1df33a941fb0d75dc7f208f20d3c5d1d80f5,03a7e983b36035b5a12262b7862ec3ecec67ca006b9e7b01527dc87f05dd7d6e
sample,sparse_crlf-65536,479,526791,522255,8,4edca701f475cd006d9a6a13adfe1df33a941fb0d75dc7f208f20d3c5d1d80f5,03a7e983b36035b5a12262b7862ec3ecec67ca006b9e7b01527dc87f05dd7d6e
sample,sparse_crlf-65536,480,520152,522255,8,4edca701f475cd006d9a6a13adfe1df33a941fb0d75dc7f208f20d3c5d1d80f5,03a7e983b36035b5a12262b7862ec3ecec67ca006b9e7b01527dc87f05dd7d6e
sample,sparse_crlf-65536,481,417472,522255,8,4edca701f475cd006d9a6a13adfe1df33a941fb0d75dc7f208f20d3c5d1d80f5,03a7e983b36035b5a12262b7862ec3ecec67ca006b9e7b01527dc87f05dd7d6e
sample,sparse_crlf-65536,482,435092,522255,8,4edca701f475cd006d9a6a13adfe1df33a941fb0d75dc7f208f20d3c5d1d80f5,03a7e983b36035b5a12262b7862ec3ecec67ca006b9e7b01527dc87f05dd7d6e
sample,sparse_crlf-65536,483,480301,522255,8,4edca701f475cd006d9a6a13adfe1df33a941fb0d75dc7f208f20d3c5d1d80f5,03a7e983b36035b5a12262b7862ec3ecec67ca006b9e7b01527dc87f05dd7d6e
sample,sparse_crlf-65536,484,520512,522255,8,4edca701f475cd006d9a6a13adfe1df33a941fb0d75dc7f208f20d3c5d1d80f5,03a7e983b36035b5a12262b7862ec3ecec67ca006b9e7b01527dc87f05dd7d6e
sample,sparse_crlf-65536,485,477172,522255,8,4edca701f475cd006d9a6a13adfe1df33a941fb0d75dc7f208f20d3c5d1d80f5,03a7e983b36035b5a12262b7862ec3ecec67ca006b9e7b01527dc87f05dd7d6e
sample,sparse_crlf-65536,486,520442,522255,8,4edca701f475cd006d9a6a13adfe1df33a941fb0d75dc7f208f20d3c5d1d80f5,03a7e983b36035b5a12262b7862ec3ecec67ca006b9e7b01527dc87f05dd7d6e
sample,sparse_crlf-65536,487,476742,522255,8,4edca701f475cd006d9a6a13adfe1df33a941fb0d75dc7f208f20d3c5d1d80f5,03a7e983b36035b5a12262b7862ec3ecec67ca006b9e7b01527dc87f05dd7d6e
sample,sparse_crlf-65536,488,520352,522255,8,4edca701f475cd006d9a6a13adfe1df33a941fb0d75dc7f208f20d3c5d1d80f5,03a7e983b36035b5a12262b7862ec3ecec67ca006b9e7b01527dc87f05dd7d6e
sample,sparse_crlf-65536,489,473891,522255,8,4edca701f475cd006d9a6a13adfe1df33a941fb0d75dc7f208f20d3c5d1d80f5,03a7e983b36035b5a12262b7862ec3ecec67ca006b9e7b01527dc87f05dd7d6e
sample,sparse_crlf-65536,490,466942,522255,8,4edca701f475cd006d9a6a13adfe1df33a941fb0d75dc7f208f20d3c5d1d80f5,03a7e983b36035b5a12262b7862ec3ecec67ca006b9e7b01527dc87f05dd7d6e
sample,sparse_crlf-65536,491,526702,522255,8,4edca701f475cd006d9a6a13adfe1df33a941fb0d75dc7f208f20d3c5d1d80f5,03a7e983b36035b5a12262b7862ec3ecec67ca006b9e7b01527dc87f05dd7d6e
sample,sparse_crlf-65536,492,520212,522255,8,4edca701f475cd006d9a6a13adfe1df33a941fb0d75dc7f208f20d3c5d1d80f5,03a7e983b36035b5a12262b7862ec3ecec67ca006b9e7b01527dc87f05dd7d6e
sample,sparse_crlf-65536,493,473002,522255,8,4edca701f475cd006d9a6a13adfe1df33a941fb0d75dc7f208f20d3c5d1d80f5,03a7e983b36035b5a12262b7862ec3ecec67ca006b9e7b01527dc87f05dd7d6e
sample,sparse_crlf-65536,494,520232,522255,8,4edca701f475cd006d9a6a13adfe1df33a941fb0d75dc7f208f20d3c5d1d80f5,03a7e983b36035b5a12262b7862ec3ecec67ca006b9e7b01527dc87f05dd7d6e
sample,sparse_crlf-65536,495,473722,522255,8,4edca701f475cd006d9a6a13adfe1df33a941fb0d75dc7f208f20d3c5d1d80f5,03a7e983b36035b5a12262b7862ec3ecec67ca006b9e7b01527dc87f05dd7d6e
sample,sparse_crlf-65536,496,520272,522255,8,4edca701f475cd006d9a6a13adfe1df33a941fb0d75dc7f208f20d3c5d1d80f5,03a7e983b36035b5a12262b7862ec3ecec67ca006b9e7b01527dc87f05dd7d6e
sample,sparse_crlf-65536,497,474241,522255,8,4edca701f475cd006d9a6a13adfe1df33a941fb0d75dc7f208f20d3c5d1d80f5,03a7e983b36035b5a12262b7862ec3ecec67ca006b9e7b01527dc87f05dd7d6e
sample,sparse_crlf-65536,498,468362,522255,8,4edca701f475cd006d9a6a13adfe1df33a941fb0d75dc7f208f20d3c5d1d80f5,03a7e983b36035b5a12262b7862ec3ecec67ca006b9e7b01527dc87f05dd7d6e
sample,sparse_crlf-65536,499,526432,522255,8,4edca701f475cd006d9a6a13adfe1df33a941fb0d75dc7f208f20d3c5d1d80f5,03a7e983b36035b5a12262b7862ec3ecec67ca006b9e7b01527dc87f05dd7d6e
