kind,case,index,elapsed_ns,bytes,objects,archive_sha256,output_sha256
sample,dense_crlf-49,0,2579850,259999,10000,4376ae7067b0aa03f34a7d4cf24796c22806cbf528696068d0dbc06d377cbdec,829a2122fab3ae843a3ab07164c05ec3d8116a91399885502b3317d145e7c708
sample,dense_crlf-49,1,2575310,259999,10000,4376ae7067b0aa03f34a7d4cf24796c22806cbf528696068d0dbc06d377cbdec,829a2122fab3ae843a3ab07164c05ec3d8116a91399885502b3317d145e7c708
sample,dense_crlf-49,2,2555619,259999,10000,4376ae7067b0aa03f34a7d4cf24796c22806cbf528696068d0dbc06d377cbdec,829a2122fab3ae843a3ab07164c05ec3d8116a91399885502b3317d145e7c708
sample,dense_crlf-49,3,2540720,259999,10000,4376ae7067b0aa03f34a7d4cf24796c22806cbf528696068d0dbc06d377cbdec,829a2122fab3ae843a3ab07164c05ec3d8116a91399885502b3317d145e7c708
sample,dense_crlf-49,4,2543369,259999,10000,4376ae7067b0aa03f34a7d4cf24796c22806cbf528696068d0dbc06d377cbdec,829a2122fab3ae843a3ab07164c05ec3d8116a91399885502b3317d145e7c708
sample,dense_crlf-49,5,2538639,259999,10000,4376ae7067b0aa03f34a7d4cf24796c22806cbf528696068d0dbc06d377cbdec,829a2122fab3ae843a3ab07164c05ec3d8116a91399885502b3317d145e7c708
sample,dense_crlf-49,6,2548250,259999,10000,4376ae7067b0aa03f34a7d4cf24796c22806cbf528696068d0dbc06d377cbdec,829a2122fab3ae843a3ab07164c05ec3d8116a91399885502b3317d145e7c708
sample,dense_crlf-49,7,2545669,259999,10000,4376ae7067b0aa03f34a7d4cf24796c22806cbf528696068d0dbc06d377cbdec,829a2122fab3ae843a3ab07164c05ec3d8116a91399885502b3317d145e7c708
sample,dense_crlf-49,8,2552760,259999,10000,4376ae7067b0aa03f34a7d4cf24796c22806cbf528696068d0dbc06d377cbdec,829a2122fab3ae843a3ab07164c05ec3d8116a91399885502b3317d145e7c708
sample,dense_crlf-49,9,2543359,259999,10000,4376ae7067b0aa03f34a7d4cf24796c22806cbf528696068d0dbc06d377cbdec,829a2122fab3ae843a3ab07164c05ec3d8116a91399885502b3317d145e7c708
sample,dense_crlf-49,10,2539279,259999,10000,4376ae7067b0aa03f34a7d4cf24796c22806cbf528696068d0dbc06d377cbdec,829a2122fab3ae843a3ab07164c05ec3d8116a91399885502b3317d145e7c708
sample,dense_crlf-49,11,2546910,259999,10000,4376ae7067b0aa03f34a7d4cf24796c22806cbf528696068d0dbc06d377cbdec,829a2122fab3ae843a3ab07164c05ec3d8116a91399885502b3317d145e7c708
sample,dense_crlf-49,12,2530429,259999,10000,4376ae7067b0aa03f34a7d4cf24796c22806cbf528696068d0dbc06d377cbdec,829a2122fab3ae843a3ab07164c05ec3d8116a91399885502b3317d145e7c708
sample,dense_crlf-49,13,2537990,259999,10000,4376ae7067b0aa03f34a7d4cf24796c22806cbf528696068d0dbc06d377cbdec,829a2122fab3ae843a3ab07164c05ec3d8116a91399885502b3317d145e7c708
sample,dense_crlf-49,14,2534049,259999,10000,4376ae7067b0aa03f34a7d4cf24796c22806cbf528696068d0dbc06d377cbdec,829a2122fab3ae843a3ab07164c05ec3d8116a91399885502b3317d145e7c708
sample,dense_crlf-49,15,2547669,259999,10000,4376ae7067b0aa03f34a7d4cf24796c22806cbf528696068d0dbc06d377cbdec,829a2122fab3ae843a3ab07164c05ec3d8116a91399885502b3317d145e7c708
sample,dense_crlf-49,16,2541340,259999,10000,4376ae7067b0aa03f34a7d4cf24796c22806cbf528696068d0dbc06d377cbdec,829a2122fab3ae843a3ab07164c05ec3d8116a91399885502b3317d145e7c708
sample,dense_crlf-49,17,2534089,259999,10000,4376ae7067b0aa03f34a7d4cf24796c22806cbf528696068d0dbc06d377cbdec,829a2122fab3ae843a3ab07164c05ec3d8116a91399885502b3317d145e7c708
sample,dense_crlf-49,18,2536199,259999,10000,4376ae7067b0aa03f34a7d4cf24796c22806cbf528696068d0dbc06d377cbdec,829a2122fab3ae843a3ab07164c05ec3d8116a91399885502b3317d145e7c708
sample,dense_crlf-49,19,2739041,259999,10000,4376ae7067b0aa03f34a7d4cf24796c22806cbf528696068d0dbc06d377cbdec,829a2122fab3ae843a3ab07164c05ec3d8116a91399885502b3317d145e7c708
sample,dense_crlf-49,20,2546969,259999,10000,4376ae7067b0aa03f34a7d4cf24796c22806cbf528696068d0dbc06d377cbdec,829a2122fab3ae843a3ab07164c05ec3d8116a91399885502b3317d145e7c708
sample,dense_crlf-49,21,2538409,259999,10000,4376ae7067b0aa03f34a7d4cf24796c22806cbf528696068d0dbc06d377cbdec,829a2122fab3ae843a3ab07164c05ec3d8116a91399885502b3317d145e7c708
sample,dense_crlf-49,22,2536140,259999,10000,4376ae7067b0aa03f34a7d4cf24796c22806cbf528696068d0dbc06d377cbdec,829a2122fab3ae843a3ab07164c05ec3d8116a91399885502b3317d145e7c708
sample,dense_crlf-49,23,2538239,259999,10000,4376ae7067b0aa03f34a7d4cf24796c22806cbf528696068d0dbc06d377cbdec,829a2122fab3ae843a3ab07164c05ec3d8116a91399885502b3317d145e7c708
sample,dense_crlf-49,24,2548320,259999,10000,4376ae7067b0aa03f34a7d4cf24796c22806cbf528696068d0dbc06d377cbdec,829a2122fab3ae843a3ab07164c05ec3d8116a91399885502b3317d145e7c708
sample,dense_crlf-49,25,2539239,259999,10000,4376ae7067b0aa03f34a7d4cf24796c22806cbf528696068d0dbc06d377cbdec,829a2122fab3ae843a3ab07164c05ec3d8116a91399885502b3317d145e7c708
sample,dense_crlf-49,26,2543679,259999,10000,4376ae7067b0aa03f34a7d4cf24796c22806cbf528696068d0dbc06d377cbdec,829a2122fab3ae843a3ab07164c05ec3d8116a91399885502b3317d145e7c708
sample,dense_crlf-49,27,2545710,259999,10000,4376ae7067b0aa03f34a7d4cf24796c22806cbf528696068d0dbc06d377cbdec,829a2122fab3ae843a3ab07164c05ec3d8116a91399885502b3317d145e7c708
sample,dense_crlf-49,28,2539479,259999,10000,4376ae7067b0aa03f34a7d4cf24796c22806cbf528696068d0dbc06d377cbdec,829a2122fab3ae843a3ab07164c05ec3d8116a91399885502b3317d145e7c708
sample,dense_crlf-49,29,2547560,259999,10000,4376ae7067b0aa03f34a7d4cf24796c22806cbf528696068d0dbc06d377cbdec,829a2122fab3ae843a3ab07164c05ec3d8116a91399885502b3317d145e7c708
sample,dense_crlf-49,30,2534659,259999,10000,4376ae7067b0aa03f34a7d4cf24796c22806cbf528696068d0dbc06d377cbdec,829a2122fab3ae843a3ab07164c05ec3d8116a91399885502b3317d145e7c708
sample,dense_crlf-49,31,2539299,259999,10000,4376ae7067b0aa03f34a7d4cf24796c22806cbf528696068d0dbc06d377cbdec,829a2122fab3ae843a3ab07164c05ec3d8116a91399885502b3317d145e7c708
sample,dense_crlf-49,32,2550770,259999,10000,4376ae7067b0aa03f34a7d4cf24796c22806cbf528696068d0dbc06d377cbdec,829a2122fab3ae843a3ab07164c05ec3d8116a91399885502b3317d145e7c708
sample,dense_crlf-49,33,2550239,259999,10000,4376ae7067b0aa03f34a7d4cf24796c22806cbf528696068d0dbc06d377cbdec,829a2122fab3ae843a3ab07164c05ec3d8116a91399885502b3317d145e7c708
sample,dense_crlf-49,34,2541090,259999,10000,4376ae7067b0aa03f34a7d4cf24796c22806cbf528696068d0dbc06d377cbdec,829a2122fab3ae843a3ab07164c05ec3d8116a91399885502b3317d145e7c708
sample,dense_crlf-49,35,2538759,259999,10000,4376ae7067b0aa03f34a7d4cf24796c22806cbf528696068d0dbc06d377cbdec,829a2122fab3ae843a3ab07164c05ec3d8116a91399885502b3317d145e7c708
sample,dense_crlf-49,36,2537070,259999,10000,4376ae7067b0aa03f34a7d4cf24796c22806cbf528696068d0dbc06d377cbdec,829a2122fab3ae843a3ab07164c05ec3d8116a91399885502b3317d145e7c708
sample,dense_crlf-49,37,2540959,259999,10000,4376ae7067b0aa03f34a7d4cf24796c22806cbf528696068d0dbc06d377cbdec,829a2122fab3ae843a3ab07164c05ec3d8116a91399885502b3317d145e7c708
sample,dense_crlf-49,38,2541039,259999,10000,4376ae7067b0aa03f34a7d4cf24796c22806cbf528696068d0dbc06d377cbdec,829a2122fab3ae843a3ab07164c05ec3d8116a91399885502b3317d145e7c708
sample,dense_crlf-49,39,2541430,259999,10000,4376ae7067b0aa03f34a7d4cf24796c22806cbf528696068d0dbc06d377cbdec,829a2122fab3ae843a3ab07164c05ec3d8116a91399885502b3317d145e7c708
sample,dense_crlf-49,40,2543929,259999,10000,4376ae7067b0aa03f34a7d4cf24796c22806cbf528696068d0dbc06d377cbdec,829a2122fab3ae843a3ab07164c05ec3d8116a91399885502b3317d145e7c708
sample,dense_crlf-49,41,2535639,259999,10000,4376ae7067b0aa03f34a7d4cf24796c22806cbf528696068d0dbc06d377cbdec,829a2122fab3ae843a3ab07164c05ec3d8116a91399885502b3317d145e7c708
sample,dense_crlf-49,42,2547590,259999,10000,4376ae7067b0aa03f34a7d4cf24796c22806cbf528696068d0dbc06d377cbdec,829a2122fab3ae843a3ab07164c05ec3d8116a91399885502b3317d145e7c708
sample,dense_crlf-49,43,2537029,259999,10000,4376ae7067b0aa03f34a7d4cf24796c22806cbf528696068d0dbc06d377cbdec,829a2122fab3ae843a3ab07164c05ec3d8116a91399885502b3317d145e7c708
sample,dense_crlf-49,44,2545230,259999,10000,4376ae7067b0aa03f34a7d4cf24796c22806cbf528696068d0dbc06d377cbdec,829a2122fab3ae843a3ab07164c05ec3d8116a91399885502b3317d145e7c708
sample,dense_crlf-49,45,2538639,259999,10000,4376ae7067b0aa03f34a7d4cf24796c22806cbf528696068d0dbc06d377cbdec,829a2122fab3ae843a3ab07164c05ec3d8116a91399885502b3317d145e7c708
sample,dense_crlf-49,46,2540559,259999,10000,4376ae7067b0aa03f34a7d4cf24796c22806cbf528696068d0dbc06d377cbdec,829a2122fab3ae843a3ab07164c05ec3d8116a91399885502b3317d145e7c708
sample,dense_crlf-49,47,2537580,259999,10000,4376ae7067b0aa03f34a7d4cf24796c22806cbf528696068d0dbc06d377cbdec,829a2122fab3ae843a3ab07164c05ec3d8116a91399885502b3317d145e7c708
sample,dense_crlf-49,48,2546119,259999,10000,4376ae7067b0aa03f34a7d4cf24796c22806cbf528696068d0dbc06d377cbdec,829a2122fab3ae843a3ab07164c05ec3d8116a91399885502b3317d145e7c708
sample,dense_crlf-49,49,2549300,259999,10000,4376ae7067b0aa03f34a7d4cf24796c22806cbf528696068d0dbc06d377cbdec,829a2122fab3ae843a3ab07164c05ec3d8116a91399885502b3317d145e7c708
sample,dense_crlf-49,50,2607579,259999,10000,4376ae7067b0aa03f34a7d4cf24796c22806cbf528696068d0dbc06d377cbdec,829a2122fab3ae843a3ab07164c05ec3d8116a91399885502b3317d145e7c708
sample,dense_crlf-49,51,2542510,259999,10000,4376ae7067b0aa03f34a7d4cf24796c22806cbf528696068d0dbc06d377cbdec,829a2122fab3ae843a3ab07164c05ec3d8116a91399885502b3317d145e7c708
sample,dense_crlf-49,52,2546739,259999,10000,4376ae7067b0aa03f34a7d4cf24796c22806cbf528696068d0dbc06d377cbdec,829a2122fab3ae843a3ab07164c05ec3d8116a91399885502b3317d145e7c708
sample,dense_crlf-49,53,2545890,259999,10000,4376ae7067b0aa03f34a7d4cf24796c22806cbf528696068d0dbc06d377cbdec,829a2122fab3ae843a3ab07164c05ec3d8116a91399885502b3317d145e7c708
sample,dense_crlf-49,54,2540639,259999,10000,4376ae7067b0aa03f34a7d4cf24796c22806cbf528696068d0dbc06d377cbdec,829a2122fab3ae843a3ab07164c05ec3d8116a91399885502b3317d145e7c708
sample,dense_crlf-49,55,2567210,259999,10000,4376ae7067b0aa03f34a7d4cf24796c22806cbf528696068d0dbc06d377cbdec,829a2122fab3ae843a3ab07164c05ec3d8116a91399885502b3317d145e7c708
sample,dense_crlf-49,56,2546299,259999,10000,4376ae7067b0aa03f34a7d4cf24796c22806cbf528696068d0dbc06d377cbdec,829a2122fab3ae843a3ab07164c05ec3d8116a91399885502b3317d145e7c708
sample,dense_crlf-49,57,2547139,259999,10000,4376ae7067b0aa03f34a7d4cf24796c22806cbf528696068d0dbc06d377cbdec,829a2122fab3ae843a3ab07164c05ec3d8116a91399885502b3317d145e7c708
sample,dense_crlf-49,58,2556310,259999,10000,4376ae7067b0aa03f34a7d4cf24796c22806cbf528696068d0dbc06d377cbdec,829a2122fab3ae843a3ab07164c05ec3d8116a91399885502b3317d145e7c708
sample,dense_crlf-49,59,2562099,259999,10000,4376ae7067b0aa03f34a7d4cf24796c22806cbf528696068d0dbc06d377cbdec,829a2122fab3ae843a3ab07164c05ec3d8116a91399885502b3317d145e7c708
sample,dense_crlf-49,60,2551090,259999,10000,4376ae7067b0aa03f34a7d4cf24796c22806cbf528696068d0dbc06d377cbdec,829a2122fab3ae843a3ab07164c05ec3d8116a91399885502b3317d145e7c708
sample,dense_crlf-49,61,2539229,259999,10000,4376ae7067b0aa03f34a7d4cf24796c22806cbf528696068d0dbc06d377cbdec,829a2122fab3ae843a3ab07164c05ec3d8116a91399885502b3317d145e7c708
sample,dense_crlf-49,62,2544030,259999,10000,4376ae7067b0aa03f34a7d4cf24796c22806cbf528696068d0dbc06d377cbdec,829a2122fab3ae843a3ab07164c05ec3d8116a91399885502b3317d145e7c708
sample,dense_crlf-49,63,2539999,259999,10000,4376ae7067b0aa03f34a7d4cf24796c22806cbf528696068d0dbc06d377cbdec,829a2122fab3ae843a3ab07164c05ec3d8116a91399885502b3317d145e7c708
sample,dense_crlf-49,64,2540179,259999,10000,4376ae7067b0aa03f34a7d4cf24796c22806cbf528696068d0dbc06d377cbdec,829a2122fab3ae843a3ab07164c05ec3d8116a91399885502b3317d145e7c708
sample,dense_crlf-49,65,2537230,259999,10000,4376ae7067b0aa03f34a7d4cf24796c22806cbf528696068d0dbc06d377cbdec,829a2122fab3ae843a3ab07164c05ec3d8116a91399885502b3317d145e7c708
sample,dense_crlf-49,66,2548589,259999,10000,4376ae7067b0aa03f34a7d4cf24796c22806cbf528696068d0dbc06d377cbdec,829a2122fab3ae843a3ab07164c05ec3d8116a91399885502b3317d145e7c708
sample,dense_crlf-49,67,2533000,259999,10000,4376ae7067b0aa03f34a7d4cf24796c22806cbf528696068d0dbc06d377cbdec,829a2122fab3ae843a3ab07164c05ec3d8116a91399885502b3317d145e7c708
sample,dense_crlf-49,68,2546949,259999,10000,4376ae7067b0aa03f34a7d4cf24796c22806cbf528696068d0dbc06d377cbdec,829a2122fab3ae843a3ab07164c05ec3d8116a91399885502b3317d145e7c708
sample,dense_crlf-49,69,2547019,259999,10000,4376ae7067b0aa03f34a7d4cf24796c22806cbf528696068d0dbc06d377cbdec,829a2122fab3ae843a3ab07164c05ec3d8116a91399885502b3317d145e7c708
sample,dense_crlf-49,70,2535910,259999,10000,4376ae7067b0aa03f34a7d4cf24796c22806cbf528696068d0dbc06d377cbdec,829a2122fab3ae843a3ab07164c05ec3d8116a91399885502b3317d145e7c708
sample,dense_crlf-49,71,2546429,259999,10000,4376ae7067b0aa03f34a7d4cf24796c22806cbf528696068d0dbc06d377cbdec,829a2122fab3ae843a3ab07164c05ec3d8116a91399885502b3317d145e7c708
sample,dense_crlf-49,72,2539509,259999,10000,4376ae7067b0aa03f34a7d4cf24796c22806cbf528696068d0dbc06d377cbdec,829a2122fab3ae843a3ab07164c05ec3d8116a91399885502b3317d145e7c708
sample,dense_crlf-49,73,2545890,259999,10000,4376ae7067b0aa03f34a7d4cf24796c22806cbf528696068d0dbc06d377cbdec,829a2122fab3ae843a3ab07164c05ec3d8116a91399885502b3317d145e7c708
sample,dense_crlf-49,74,2536799,259999,10000,4376ae7067b0aa03f34a7d4cf24796c22806cbf528696068d0dbc06d377cbdec,829a2122fab3ae843a3ab07164c05ec3d8116a91399885502b3317d145e7c708
sample,dense_crlf-49,75,2545120,259999,10000,4376ae7067b0aa03f34a7d4cf24796c22806cbf528696068d0dbc06d377cbdec,829a2122fab3ae843a3ab07164c05ec3d8116a91399885502b3317d145e7c708
sample,dense_crlf-49,76,2539609,259999,10000,4376ae7067b0aa03f34a7d4cf24796c22806cbf528696068d0dbc06d377cbdec,829a2122fab3ae843a3ab07164c05ec3d8116a91399885502b3317d145e7c708
sample,dense_crlf-49,77,2543879,259999,10000,4376ae7067b0aa03f34a7d4cf24796c22806cbf528696068d0dbc06d377cbdec,829a2122fab3ae843a3ab07164c05ec3d8116a91399885502b3317d145e7c708
sample,dense_crlf-49,78,2536480,259999,10000,4376ae7067b0aa03f34a7d4cf24796c22806cbf528696068d0dbc06d377cbdec,829a2122fab3ae843a3ab07164c05ec3d8116a91399885502b3317d145e7c708
sample,dense_crlf-49,79,2549119,259999,10000,4376ae7067b0aa03f34a7d4cf24796c22806cbf528696068d0dbc06d377cbdec,829a2122fab3ae843a3ab07164c05ec3d8116a91399885502b3317d145e7c708
sample,dense_crlf-49,80,2558350,259999,10000,4376ae7067b0aa03f34a7d4cf24796c22806cbf528696068d0dbc06d377cbdec,829a2122fab3ae843a3ab07164c05ec3d8116a91399885502b3317d145e7c708
sample,dense_crlf-49,81,2542469,259999,10000,4376ae7067b0aa03f34a7d4cf24796c22806cbf528696068d0dbc06d377cbdec,829a2122fab3ae843a3ab07164c05ec3d8116a91399885502b3317d145e7c708
sample,dense_crlf-49,82,2553240,259999,10000,4376ae7067b0aa03f34a7d4cf24796c22806cbf528696068d0dbc06d377cbdec,829a2122fab3ae843a3ab07164c05ec3d8116a91399885502b3317d145e7c708
sample,dense_crlf-49,83,2542099,259999,10000,4376ae7067b0aa03f34a7d4cf24796c22806cbf528696068d0dbc06d377cbdec,829a2122fab3ae843a3ab07164c05ec3d8116a91399885502b3317d145e7c708
sample,dense_crlf-49,84,2552999,259999,10000,4376ae7067b0aa03f34a7d4cf24796c22806cbf528696068d0dbc06d377cbdec,829a2122fab3ae843a3ab07164c05ec3d8116a91399885502b3317d145e7c708
sample,dense_crlf-49,85,2541640,259999,10000,4376ae7067b0aa03f34a7d4cf24796c22806cbf528696068d0dbc06d377cbdec,829a2122fab3ae843a3ab07164c05ec3d8116a91399885502b3317d145e7c708
sample,dense_crlf-49,86,2535459,259999,10000,4376ae7067b0aa03f34a7d4cf24796c22806cbf528696068d0dbc06d377cbdec,829a2122fab3ae843a3ab07164c05ec3d8116a91399885502b3317d145e7c708
sample,dense_crlf-49,87,2544800,259999,10000,4376ae7067b0aa03f34a7d4cf24796c22806cbf528696068d0dbc06d377cbdec,829a2122fab3ae843a3ab07164c05ec3d8116a91399885502b3317d145e7c708
sample,dense_crlf-49,88,2554439,259999,10000,4376ae7067b0aa03f34a7d4cf24796c22806cbf528696068d0dbc06d377cbdec,829a2122fab3ae843a3ab07164c05ec3d8116a91399885502b3317d145e7c708
sample,dense_crlf-49,89,2544329,259999,10000,4376ae7067b0aa03f34a7d4cf24796c22806cbf528696068d0dbc06d377cbdec,829a2122fab3ae843a3ab07164c05ec3d8116a91399885502b3317d145e7c708
sample,dense_crlf-49,90,2542040,259999,10000,4376ae7067b0aa03f34a7d4cf24796c22806cbf528696068d0dbc06d377cbdec,829a2122fab3ae843a3ab07164c05ec3d8116a91399885502b3317d145e7c708
sample,dense_crlf-49,91,2549429,259999,10000,4376ae7067b0aa03f34a7d4cf24796c22806cbf528696068d0dbc06d377cbdec,829a2122fab3ae843a3ab07164c05ec3d8116a91399885502b3317d145e7c708
sample,dense_crlf-49,92,2544280,259999,10000,4376ae7067b0aa03f34a7d4cf24796c22806cbf528696068d0dbc06d377cbdec,829a2122fab3ae843a3ab07164c05ec3d8116a91399885502b3317d145e7c708
sample,dense_crlf-49,93,2551569,259999,10000,4376ae7067b0aa03f34a7d4cf24796c22806cbf528696068d0dbc06d377cbdec,829a2122fab3ae843a3ab07164c05ec3d8116a91399885502b3317d145e7c708
sample,dense_crlf-49,94,2535980,259999,10000,4376ae7067b0aa03f34a7d4cf24796c22806cbf528696068d0dbc06d377cbdec,829a2122fab3ae843a3ab07164c05ec3d8116a91399885502b3317d145e7c708
sample,dense_crlf-49,95,2544389,259999,10000,4376ae7067b0aa03f34a7d4cf24796c22806cbf528696068d0dbc06d377cbdec,829a2122fab3ae843a3ab07164c05ec3d8116a91399885502b3317d145e7c708
sample,dense_crlf-49,96,2543579,259999,10000,4376ae7067b0aa03f34a7d4cf24796c22806cbf528696068d0dbc06d377cbdec,829a2122fab3ae843a3ab07164c05ec3d8116a91399885502b3317d145e7c708
sample,dense_crlf-49,97,2551140,259999,10000,4376ae7067b0aa03f34a7d4cf24796c22806cbf528696068d0dbc06d377cbdec,829a2122fab3ae843a3ab07164c05ec3d8116a91399885502b3317d145e7c708
sample,dense_crlf-49,98,2546929,259999,10000,4376ae7067b0aa03f34a7d4cf24796c22806cbf528696068d0dbc06d377cbdec,829a2122fab3ae843a3ab07164c05ec3d8116a91399885502b3317d145e7c708
sample,dense_crlf-49,99,2550620,259999,10000,4376ae7067b0aa03f34a7d4cf24796c22806cbf528696068d0dbc06d377cbdec,829a2122fab3ae843a3ab07164c05ec3d8116a91399885502b3317d145e7c708
sample,dense_crlf-49,100,2546099,259999,10000,4376ae7067b0aa03f34a7d4cf24796c22806cbf528696068d0dbc06d377cbdec,829a2122fab3ae843a3ab07164c05ec3d8116a91399885502b3317d145e7c708
sample,dense_crlf-49,101,2536939,259999,10000,4376ae7067b0aa03f34a7d4cf24796c22806cbf528696068d0dbc06d377cbdec,829a2122fab3ae843a3ab07164c05ec3d8116a91399885502b3317d145e7c708
sample,dense_crlf-49,102,2547110,259999,10000,4376ae7067b0aa03f34a7d4cf24796c22806cbf528696068d0dbc06d377cbdec,829a2122fab3ae843a3ab07164c05ec3d8116a91399885502b3317d145e7c708
sample,dense_crlf-49,103,2533689,259999,10000,4376ae7067b0aa03f34a7d4cf24796c22806cbf528696068d0dbc06d377cbdec,829a2122fab3ae843a3ab07164c05ec3d8116a91399885502b3317d145e7c708
sample,dense_crlf-49,104,2549450,259999,10000,4376ae7067b0aa03f34a7d4cf24796c22806cbf528696068d0dbc06d377cbdec,829a2122fab3ae843a3ab07164c05ec3d8116a91399885502b3317d145e7c708
sample,dense_crlf-49,105,2541549,259999,10000,4376ae7067b0aa03f34a7d4cf24796c22806cbf528696068d0dbc06d377cbdec,829a2122fab3ae843a3ab07164c05ec3d8116a91399885502b3317d145e7c708
sample,dense_crlf-49,106,2541539,259999,10000,4376ae7067b0aa03f34a7d4cf24796c22806cbf528696068d0dbc06d377cbdec,829a2122fab3ae843a3ab07164c05ec3d8116a91399885502b3317d145e7c708
sample,dense_crlf-49,107,2543879,259999,10000,4376ae7067b0aa03f34a7d4cf24796c22806cbf528696068d0dbc06d377cbdec,829a2122fab3ae843a3ab07164c05ec3d8116a91399885502b3317d145e7c708
sample,dense_crlf-49,108,2538609,259999,10000,4376ae7067b0aa03f34a7d4cf24796c22806cbf528696068d0dbc06d377cbdec,829a2122fab3ae843a3ab07164c05ec3d8116a91399885502b3317d145e7c708
sample,dense_crlf-49,109,2544210,259999,10000,4376ae7067b0aa03f34a7d4cf24796c22806cbf528696068d0dbc06d377cbdec,829a2122fab3ae843a3ab07164c05ec3d8116a91399885502b3317d145e7c708
sample,dense_crlf-49,110,2545829,259999,10000,4376ae7067b0aa03f34a7d4cf24796c22806cbf528696068d0dbc06d377cbdec,829a2122fab3ae843a3ab07164c05ec3d8116a91399885502b3317d145e7c708
sample,dense_crlf-49,111,2546880,259999,10000,4376ae7067b0aa03f34a7d4cf24796c22806cbf528696068d0dbc06d377cbdec,829a2122fab3ae843a3ab07164c05ec3d8116a91399885502b3317d145e7c708
sample,dense_crlf-49,112,2537099,259999,10000,4376ae7067b0aa03f34a7d4cf24796c22806cbf528696068d0dbc06d377cbdec,829a2122fab3ae843a3ab07164c05ec3d8116a91399885502b3317d145e7c708
sample,dense_crlf-49,113,2548169,259999,10000,4376ae7067b0aa03f34a7d4cf24796c22806cbf528696068d0dbc06d377cbdec,829a2122fab3ae843a3ab07164c05ec3d8116a91399885502b3317d145e7c708
sample,dense_crlf-49,114,2539520,259999,10000,4376ae7067b0aa03f34a7d4cf24796c22806cbf528696068d0dbc06d377cbdec,829a2122fab3ae843a3ab07164c05ec3d8116a91399885502b3317d145e7c708
sample,dense_crlf-49,115,2558519,259999,10000,4376ae7067b0aa03f34a7d4cf24796c22806cbf528696068d0dbc06d377cbdec,829a2122fab3ae843a3ab07164c05ec3d8116a91399885502b3317d145e7c708
sample,dense_crlf-49,116,2541190,259999,10000,4376ae7067b0aa03f34a7d4cf24796c22806cbf528696068d0dbc06d377cbdec,829a2122fab3ae843a3ab07164c05ec3d8116a91399885502b3317d145e7c708
sample,dense_crlf-49,117,2549649,259999,10000,4376ae7067b0aa03f34a7d4cf24796c22806cbf528696068d0dbc06d377cbdec,829a2122fab3ae843a3ab07164c05ec3d8116a91399885502b3317d145e7c708
sample,dense_crlf-49,118,2541299,259999,10000,4376ae7067b0aa03f34a7d4cf24796c22806cbf528696068d0dbc06d377cbdec,829a2122fab3ae843a3ab07164c05ec3d8116a91399885502b3317d145e7c708
sample,dense_crlf-49,119,2556620,259999,10000,4376ae7067b0aa03f34a7d4cf24796c22806cbf528696068d0dbc06d377cbdec,829a2122fab3ae843a3ab07164c05ec3d8116a91399885502b3317d145e7c708
sample,dense_crlf-49,120,2546409,259999,10000,4376ae7067b0aa03f34a7d4cf24796c22806cbf528696068d0dbc06d377cbdec,829a2122fab3ae843a3ab07164c05ec3d8116a91399885502b3317d145e7c708
sample,dense_crlf-49,121,2571390,259999,10000,4376ae7067b0aa03f34a7d4cf24796c22806cbf528696068d0dbc06d377cbdec,829a2122fab3ae843a3ab07164c05ec3d8116a91399885502b3317d145e7c708
sample,dense_crlf-49,122,2547819,259999,10000,4376ae7067b0aa03f34a7d4cf24796c22806cbf528696068d0dbc06d377cbdec,829a2122fab3ae843a3ab07164c05ec3d8116a91399885502b3317d145e7c708
sample,dense_crlf-49,123,2542540,259999,10000,4376ae7067b0aa03f34a7d4cf24796c22806cbf528696068d0dbc06d377cbdec,829a2122fab3ae843a3ab07164c05ec3d8116a91399885502b3317d145e7c708
sample,dense_crlf-49,124,2551149,259999,10000,4376ae7067b0aa03f34a7d4cf24796c22806cbf528696068d0dbc06d377cbdec,829a2122fab3ae843a3ab07164c05ec3d8116a91399885502b3317d145e7c708
sample,dense_crlf-49,125,2543860,259999,10000,4376ae7067b0aa03f34a7d4cf24796c22806cbf528696068d0dbc06d377cbdec,829a2122fab3ae843a3ab07164c05ec3d8116a91399885502b3317d145e7c708
sample,dense_crlf-49,126,2544779,259999,10000,4376ae7067b0aa03f34a7d4cf24796c22806cbf528696068d0dbc06d377cbdec,829a2122fab3ae843a3ab07164c05ec3d8116a91399885502b3317d145e7c708
sample,dense_crlf-49,127,2546579,259999,10000,4376ae7067b0aa03f34a7d4cf24796c22806cbf528696068d0dbc06d377cbdec,829a2122fab3ae843a3ab07164c05ec3d8116a91399885502b3317d145e7c708
sample,dense_crlf-49,128,2543670,259999,10000,4376ae7067b0aa03f34a7d4cf24796c22806cbf528696068d0dbc06d377cbdec,829a2122fab3ae843a3ab07164c05ec3d8116a91399885502b3317d145e7c708
sample,dense_crlf-49,129,2544619,259999,10000,4376ae7067b0aa03f34a7d4cf24796c22806cbf528696068d0dbc06d377cbdec,829a2122fab3ae843a3ab07164c05ec3d8116a91399885502b3317d145e7c708
sample,dense_crlf-49,130,2548560,259999,10000,4376ae7067b0aa03f34a7d4cf24796c22806cbf528696068d0dbc06d377cbdec,829a2122fab3ae843a3ab07164c05ec3d8116a91399885502b3317d145e7c708
sample,dense_crlf-49,131,2547219,259999,10000,4376ae7067b0aa03f34a7d4cf24796c22806cbf528696068d0dbc06d377cbdec,829a2122fab3ae843a3ab07164c05ec3d8116a91399885502b3317d145e7c708
sample,dense_crlf-49,132,2540919,259999,10000,4376ae7067b0aa03f34a7d4cf24796c22806cbf528696068d0dbc06d377cbdec,829a2122fab3ae843a3ab07164c05ec3d8116a91399885502b3317d145e7c708
sample,dense_crlf-49,133,2571200,259999,10000,4376ae7067b0aa03f34a7d4cf24796c22806cbf528696068d0dbc06d377cbdec,829a2122fab3ae843a3ab07164c05ec3d8116a91399885502b3317d145e7c708
sample,dense_crlf-49,134,2544259,259999,10000,4376ae7067b0aa03f34a7d4cf24796c22806cbf528696068d0dbc06d377cbdec,829a2122fab3ae843a3ab07164c05ec3d8116a91399885502b3317d145e7c708
sample,dense_crlf-49,135,2548670,259999,10000,4376ae7067b0aa03f34a7d4cf24796c22806cbf528696068d0dbc06d377cbdec,829a2122fab3ae843a3ab07164c05ec3d8116a91399885502b3317d145e7c708
sample,dense_crlf-49,136,2540029,259999,10000,4376ae7067b0aa03f34a7d4cf24796c22806cbf528696068d0dbc06d377cbdec,829a2122fab3ae843a3ab07164c05ec3d8116a91399885502b3317d145e7c708
sample,dense_crlf-49,137,2555750,259999,10000,4376ae7067b0aa03f34a7d4cf24796c22806cbf528696068d0dbc06d377cbdec,829a2122fab3ae843a3ab07164c05ec3d8116a91399885502b3317d145e7c708
sample,dense_crlf-49,138,2544779,259999,10000,4376ae7067b0aa03f34a7d4cf24796c22806cbf528696068d0dbc06d377cbdec,829a2122fab3ae843a3ab07164c05ec3d8116a91399885502b3317d145e7c708
sample,dense_crlf-49,139,2537179,259999,10000,4376ae7067b0aa03f34a7d4cf24796c22806cbf528696068d0dbc06d377cbdec,829a2122fab3ae843a3ab07164c05ec3d8116a91399885502b3317d145e7c708
sample,dense_crlf-49,140,2534580,259999,10000,4376ae7067b0aa03f34a7d4cf24796c22806cbf528696068d0dbc06d377cbdec,829a2122fab3ae843a3ab07164c05ec3d8116a91399885502b3317d145e7c708
sample,dense_crlf-49,141,2534049,259999,10000,4376ae7067b0aa03f34a7d4cf24796c22806cbf528696068d0dbc06d377cbdec,829a2122fab3ae843a3ab07164c05ec3d8116a91399885502b3317d145e7c708
sample,dense_crlf-49,142,2531410,259999,10000,4376ae7067b0aa03f34a7d4cf24796c22806cbf528696068d0dbc06d377cbdec,829a2122fab3ae843a3ab07164c05ec3d8116a91399885502b3317d145e7c708
sample,dense_crlf-49,143,2536319,259999,10000,4376ae7067b0aa03f34a7d4cf24796c22806cbf528696068d0dbc06d377cbdec,829a2122fab3ae843a3ab07164c05ec3d8116a91399885502b3317d145e7c708
sample,dense_crlf-49,144,2540989,259999,10000,4376ae7067b0aa03f34a7d4cf24796c22806cbf528696068d0dbc06d377cbdec,829a2122fab3ae843a3ab07164c05ec3d8116a91399885502b3317d145e7c708
sample,dense_crlf-49,145,2536400,259999,10000,4376ae7067b0aa03f34a7d4cf24796c22806cbf528696068d0dbc06d377cbdec,829a2122fab3ae843a3ab07164c05ec3d8116a91399885502b3317d145e7c708
sample,dense_crlf-49,146,2547619,259999,10000,4376ae7067b0aa03f34a7d4cf24796c22806cbf528696068d0dbc06d377cbdec,829a2122fab3ae843a3ab07164c05ec3d8116a91399885502b3317d145e7c708
sample,dense_crlf-49,147,2541760,259999,10000,4376ae7067b0aa03f34a7d4cf24796c22806cbf528696068d0dbc06d377cbdec,829a2122fab3ae843a3ab07164c05ec3d8116a91399885502b3317d145e7c708
sample,dense_crlf-49,148,2555479,259999,10000,4376ae7067b0aa03f34a7d4cf24796c22806cbf528696068d0dbc06d377cbdec,829a2122fab3ae843a3ab07164c05ec3d8116a91399885502b3317d145e7c708
sample,dense_crlf-49,149,2547519,259999,10000,4376ae7067b0aa03f34a7d4cf24796c22806cbf528696068d0dbc06d377cbdec,829a2122fab3ae843a3ab07164c05ec3d8116a91399885502b3317d145e7c708
sample,dense_crlf-49,150,2543870,259999,10000,4376ae7067b0aa03f34a7d4cf24796c22806cbf528696068d0dbc06d377cbdec,829a2122fab3ae843a3ab07164c05ec3d8116a91399885502b3317d145e7c708
sample,dense_crlf-49,151,2533949,259999,10000,4376ae7067b0aa03f34a7d4cf24796c22806cbf528696068d0dbc06d377cbdec,829a2122fab3ae843a3ab07164c05ec3d8116a91399885502b3317d145e7c708
sample,dense_crlf-49,152,2538630,259999,10000,4376ae7067b0aa03f34a7d4cf24796c22806cbf528696068d0dbc06d377cbdec,829a2122fab3ae843a3ab07164c05ec3d8116a91399885502b3317d145e7c708
sample,dense_crlf-49,153,2538969,259999,10000,4376ae7067b0aa03f34a7d4cf24796c22806cbf528696068d0dbc06d377cbdec,829a2122fab3ae843a3ab07164c05ec3d8116a91399885502b3317d145e7c708
sample,dense_crlf-49,154,2533079,259999,10000,4376ae7067b0aa03f34a7d4cf24796c22806cbf528696068d0dbc06d377cbdec,829a2122fab3ae843a3ab07164c05ec3d8116a91399885502b3317d145e7c708
sample,dense_crlf-49,155,2541960,259999,10000,4376ae7067b0aa03f34a7d4cf24796c22806cbf528696068d0dbc06d377cbdec,829a2122fab3ae843a3ab07164c05ec3d8116a91399885502b3317d145e7c708
sample,dense_crlf-49,156,2535719,259999,10000,4376ae7067b0aa03f34a7d4cf24796c22806cbf528696068d0dbc06d377cbdec,829a2122fab3ae843a3ab07164c05ec3d8116a91399885502b3317d145e7c708
sample,dense_crlf-49,157,2558860,259999,10000,4376ae7067b0aa03f34a7d4cf24796c22806cbf528696068d0dbc06d377cbdec,829a2122fab3ae843a3ab07164c05ec3d8116a91399885502b3317d145e7c708
sample,dense_crlf-49,158,2541669,259999,10000,4376ae7067b0aa03f34a7d4cf24796c22806cbf528696068d0dbc06d377cbdec,829a2122fab3ae843a3ab07164c05ec3d8116a91399885502b3317d145e7c708
sample,dense_crlf-49,159,2548629,259999,10000,4376ae7067b0aa03f34a7d4cf24796c22806cbf528696068d0dbc06d377cbdec,829a2122fab3ae843a3ab07164c05ec3d8116a91399885502b3317d145e7c708
sample,dense_crlf-49,160,2536440,259999,10000,4376ae7067b0aa03f34a7d4cf24796c22806cbf528696068d0dbc06d377cbdec,829a2122fab3ae843a3ab07164c05ec3d8116a91399885502b3317d145e7c708
sample,dense_crlf-49,161,2539919,259999,10000,4376ae7067b0aa03f34a7d4cf24796c22806cbf528696068d0dbc06d377cbdec,829a2122fab3ae843a3ab07164c05ec3d8116a91399885502b3317d145e7c708
sample,dense_crlf-49,162,2538099,259999,10000,4376ae7067b0aa03f34a7d4cf24796c22806cbf528696068d0dbc06d377cbdec,829a2122fab3ae843a3ab07164c05ec3d8116a91399885502b3317d145e7c708
sample,dense_crlf-49,163,2539049,259999,10000,4376ae7067b0aa03f34a7d4cf24796c22806cbf528696068d0dbc06d377cbdec,829a2122fab3ae843a3ab07164c05ec3d8116a91399885502b3317d145e7c708
sample,dense_crlf-49,164,2545709,259999,10000,4376ae7067b0aa03f34a7d4cf24796c22806cbf528696068d0dbc06d377cbdec,829a2122fab3ae843a3ab07164c05ec3d8116a91399885502b3317d145e7c708
sample,dense_crlf-49,165,2549200,259999,10000,4376ae7067b0aa03f34a7d4cf24796c22806cbf528696068d0dbc06d377cbdec,829a2122fab3ae843a3ab07164c05ec3d8116a91399885502b3317d145e7c708
sample,dense_crlf-49,166,2542149,259999,10000,4376ae7067b0aa03f34a7d4cf24796c22806cbf528696068d0dbc06d377cbdec,829a2122fab3ae843a3ab07164c05ec3d8116a91399885502b3317d145e7c708
sample,dense_crlf-49,167,2559770,259999,10000,4376ae7067b0aa03f34a7d4cf24796c22806cbf528696068d0dbc06d377cbdec,829a2122fab3ae843a3ab07164c05ec3d8116a91399885502b3317d145e7c708
sample,dense_crlf-49,168,2549819,259999,10000,4376ae7067b0aa03f34a7d4cf24796c22806cbf528696068d0dbc06d377cbdec,829a2122fab3ae843a3ab07164c05ec3d8116a91399885502b3317d145e7c708
sample,dense_crlf-49,169,2537089,259999,10000,4376ae7067b0aa03f34a7d4cf24796c22806cbf528696068d0dbc06d377cbdec,829a2122fab3ae843a3ab07164c05ec3d8116a91399885502b3317d145e7c708
sample,dense_crlf-49,170,2554790,259999,10000,4376ae7067b0aa03f34a7d4cf24796c22806cbf528696068d0dbc06d377cbdec,829a2122fab3ae843a3ab07164c05ec3d8116a91399885502b3317d145e7c708
sample,dense_crlf-49,171,2543969,259999,10000,4376ae7067b0aa03f34a7d4cf24796c22806cbf528696068d0dbc06d377cbdec,829a2122fab3ae843a3ab07164c05ec3d8116a91399885502b3317d145e7c708
sample,dense_crlf-49,172,2540300,259999,10000,4376ae7067b0aa03f34a7d4cf24796c22806cbf528696068d0dbc06d377cbdec,829a2122fab3ae843a3ab07164c05ec3d8116a91399885502b3317d145e7c708
sample,dense_crlf-49,173,2544569,259999,10000,4376ae7067b0aa03f34a7d4cf24796c22806cbf528696068d0dbc06d377cbdec,829a2122fab3ae843a3ab07164c05ec3d8116a91399885502b3317d145e7c708
sample,dense_crlf-49,174,2551990,259999,10000,4376ae7067b0aa03f34a7d4cf24796c22806cbf528696068d0dbc06d377cbdec,829a2122fab3ae843a3ab07164c05ec3d8116a91399885502b3317d145e7c708
sample,dense_crlf-49,175,2545719,259999,10000,4376ae7067b0aa03f34a7d4cf24796c22806cbf528696068d0dbc06d377cbdec,829a2122fab3ae843a3ab07164c05ec3d8116a91399885502b3317d145e7c708
sample,dense_crlf-49,176,2548379,259999,10000,4376ae7067b0aa03f34a7d4cf24796c22806cbf528696068d0dbc06d377cbdec,829a2122fab3ae843a3ab07164c05ec3d8116a91399885502b3317d145e7c708
sample,dense_crlf-49,177,2546690,259999,10000,4376ae7067b0aa03f34a7d4cf24796c22806cbf528696068d0dbc06d377cbdec,829a2122fab3ae843a3ab07164c05ec3d8116a91399885502b3317d145e7c708
sample,dense_crlf-49,178,2544479,259999,10000,4376ae7067b0aa03f34a7d4cf24796c22806cbf528696068d0dbc06d377cbdec,829a2122fab3ae843a3ab07164c05ec3d8116a91399885502b3317d145e7c708
sample,dense_crlf-49,179,2543290,259999,10000,4376ae7067b0aa03f34a7d4cf24796c22806cbf528696068d0dbc06d377cbdec,829a2122fab3ae843a3ab07164c05ec3d8116a91399885502b3317d145e7c708
sample,dense_crlf-49,180,2544729,259999,10000,4376ae7067b0aa03f34a7d4cf24796c22806cbf528696068d0dbc06d377cbdec,829a2122fab3ae843a3ab07164c05ec3d8116a91399885502b3317d145e7c708
sample,dense_crlf-49,181,2550959,259999,10000,4376ae7067b0aa03f34a7d4cf24796c22806cbf528696068d0dbc06d377cbdec,829a2122fab3ae843a3ab07164c05ec3d8116a91399885502b3317d145e7c708
sample,dense_crlf-49,182,2543689,259999,10000,4376ae7067b0aa03f34a7d4cf24796c22806cbf528696068d0dbc06d377cbdec,829a2122fab3ae843a3ab07164c05ec3d8116a91399885502b3317d145e7c708
sample,dense_crlf-49,183,2538359,259999,10000,4376ae7067b0aa03f34a7d4cf24796c22806cbf528696068d0dbc06d377cbdec,829a2122fab3ae843a3ab07164c05ec3d8116a91399885502b3317d145e7c708
sample,dense_crlf-49,184,2550340,259999,10000,4376ae7067b0aa03f34a7d4cf24796c22806cbf528696068d0dbc06d377cbdec,829a2122fab3ae843a3ab07164c05ec3d8116a91399885502b3317d145e7c708
sample,dense_crlf-49,185,2613859,259999,10000,4376ae7067b0aa03f34a7d4cf24796c22806cbf528696068d0dbc06d377cbdec,829a2122fab3ae843a3ab07164c05ec3d8116a91399885502b3317d145e7c708
sample,dense_crlf-49,186,2540010,259999,10000,4376ae7067b0aa03f34a7d4cf24796c22806cbf528696068d0dbc06d377cbdec,829a2122fab3ae843a3ab07164c05ec3d8116a91399885502b3317d145e7c708
sample,dense_crlf-49,187,2542869,259999,10000,4376ae7067b0aa03f34a7d4cf24796c22806cbf528696068d0dbc06d377cbdec,829a2122fab3ae843a3ab07164c05ec3d8116a91399885502b3317d145e7c708
sample,dense_crlf-49,188,2548240,259999,10000,4376ae7067b0aa03f34a7d4cf24796c22806cbf528696068d0dbc06d377cbdec,829a2122fab3ae843a3ab07164c05ec3d8116a91399885502b3317d145e7c708
sample,dense_crlf-49,189,2540829,259999,10000,4376ae7067b0aa03f34a7d4cf24796c22806cbf528696068d0dbc06d377cbdec,829a2122fab3ae843a3ab07164c05ec3d8116a91399885502b3317d145e7c708
sample,dense_crlf-49,190,2552069,259999,10000,4376ae7067b0aa03f34a7d4cf24796c22806cbf528696068d0dbc06d377cbdec,829a2122fab3ae843a3ab07164c05ec3d8116a91399885502b3317d145e7c708
sample,dense_crlf-49,191,2537730,259999,10000,4376ae7067b0aa03f34a7d4cf24796c22806cbf528696068d0dbc06d377cbdec,829a2122fab3ae843a3ab07164c05ec3d8116a91399885502b3317d145e7c708
sample,dense_crlf-49,192,2549039,259999,10000,4376ae7067b0aa03f34a7d4cf24796c22806cbf528696068d0dbc06d377cbdec,829a2122fab3ae843a3ab07164c05ec3d8116a91399885502b3317d145e7c708
sample,dense_crlf-49,193,2546800,259999,10000,4376ae7067b0aa03f34a7d4cf24796c22806cbf528696068d0dbc06d377cbdec,829a2122fab3ae843a3ab07164c05ec3d8116a91399885502b3317d145e7c708
sample,dense_crlf-49,194,2541409,259999,10000,4376ae7067b0aa03f34a7d4cf24796c22806cbf528696068d0dbc06d377cbdec,829a2122fab3ae843a3ab07164c05ec3d8116a91399885502b3317d145e7c708
sample,dense_crlf-49,195,2547080,259999,10000,4376ae7067b0aa03f34a7d4cf24796c22806cbf528696068d0dbc06d377cbdec,829a2122fab3ae843a3ab07164c05ec3d8116a91399885502b3317d145e7c708
sample,dense_crlf-49,196,2551119,259999,10000,4376ae7067b0aa03f34a7d4cf24796c22806cbf528696068d0dbc06d377cbdec,829a2122fab3ae843a3ab07164c05ec3d8116a91399885502b3317d145e7c708
sample,dense_crlf-49,197,2545829,259999,10000,4376ae7067b0aa03f34a7d4cf24796c22806cbf528696068d0dbc06d377cbdec,829a2122fab3ae843a3ab07164c05ec3d8116a91399885502b3317d145e7c708
sample,dense_crlf-49,198,2542180,259999,10000,4376ae7067b0aa03f34a7d4cf24796c22806cbf528696068d0dbc06d377cbdec,829a2122fab3ae843a3ab07164c05ec3d8116a91399885502b3317d145e7c708
sample,dense_crlf-49,199,2548589,259999,10000,4376ae7067b0aa03f34a7d4cf24796c22806cbf528696068d0dbc06d377cbdec,829a2122fab3ae843a3ab07164c05ec3d8116a91399885502b3317d145e7c708
sample,dense_crlf-49,200,2542920,259999,10000,4376ae7067b0aa03f34a7d4cf24796c22806cbf528696068d0dbc06d377cbdec,829a2122fab3ae843a3ab07164c05ec3d8116a91399885502b3317d145e7c708
sample,dense_crlf-49,201,2546399,259999,10000,4376ae7067b0aa03f34a7d4cf24796c22806cbf528696068d0dbc06d377cbdec,829a2122fab3ae843a3ab07164c05ec3d8116a91399885502b3317d145e7c708
sample,dense_crlf-49,202,2539579,259999,10000,4376ae7067b0aa03f34a7d4cf24796c22806cbf528696068d0dbc06d377cbdec,829a2122fab3ae843a3ab07164c05ec3d8116a91399885502b3317d145e7c708
sample,dense_crlf-49,203,2556180,259999,10000,4376ae7067b0aa03f34a7d4cf24796c22806cbf528696068d0dbc06d377cbdec,829a2122fab3ae843a3ab07164c05ec3d8116a91399885502b3317d145e7c708
sample,dense_crlf-49,204,2557029,259999,10000,4376ae7067b0aa03f34a7d4cf24796c22806cbf528696068d0dbc06d377cbdec,829a2122fab3ae843a3ab07164c05ec3d8116a91399885502b3317d145e7c708
sample,dense_crlf-49,205,2554600,259999,10000,4376ae7067b0aa03f34a7d4cf24796c22806cbf528696068d0dbc06d377cbdec,829a2122fab3ae843a3ab07164c05ec3d8116a91399885502b3317d145e7c708
sample,dense_crlf-49,206,2584929,259999,10000,4376ae7067b0aa03f34a7d4cf24796c22806cbf528696068d0dbc06d377cbdec,829a2122fab3ae843a3ab07164c05ec3d8116a91399885502b3317d145e7c708
sample,dense_crlf-49,207,2554100,259999,10000,4376ae7067b0aa03f34a7d4cf24796c22806cbf528696068d0dbc06d377cbdec,829a2122fab3ae843a3ab07164c05ec3d8116a91399885502b3317d145e7c708
sample,dense_crlf-49,208,2555759,259999,10000,4376ae7067b0aa03f34a7d4cf24796c22806cbf528696068d0dbc06d377cbdec,829a2122fab3ae843a3ab07164c05ec3d8116a91399885502b3317d145e7c708
sample,dense_crlf-49,209,2553940,259999,10000,4376ae7067b0aa03f34a7d4cf24796c22806cbf528696068d0dbc06d377cbdec,829a2122fab3ae843a3ab07164c05ec3d8116a91399885502b3317d145e7c708
sample,dense_crlf-49,210,2550949,259999,10000,4376ae7067b0aa03f34a7d4cf24796c22806cbf528696068d0dbc06d377cbdec,829a2122fab3ae843a3ab07164c05ec3d8116a91399885502b3317d145e7c708
sample,dense_crlf-49,211,2562160,259999,10000,4376ae7067b0aa03f34a7d4cf24796c22806cbf528696068d0dbc06d377cbdec,829a2122fab3ae843a3ab07164c05ec3d8116a91399885502b3317d145e7c708
sample,dense_crlf-49,212,2557029,259999,10000,4376ae7067b0aa03f34a7d4cf24796c22806cbf528696068d0dbc06d377cbdec,829a2122fab3ae843a3ab07164c05ec3d8116a91399885502b3317d145e7c708
sample,dense_crlf-49,213,2556170,259999,10000,4376ae7067b0aa03f34a7d4cf24796c22806cbf528696068d0dbc06d377cbdec,829a2122fab3ae843a3ab07164c05ec3d8116a91399885502b3317d145e7c708
sample,dense_crlf-49,214,2552259,259999,10000,4376ae7067b0aa03f34a7d4cf24796c22806cbf528696068d0dbc06d377cbdec,829a2122fab3ae843a3ab07164c05ec3d8116a91399885502b3317d145e7c708
sample,dense_crlf-49,215,2574860,259999,10000,4376ae7067b0aa03f34a7d4cf24796c22806cbf528696068d0dbc06d377cbdec,829a2122fab3ae843a3ab07164c05ec3d8116a91399885502b3317d145e7c708
sample,dense_crlf-49,216,2551299,259999,10000,4376ae7067b0aa03f34a7d4cf24796c22806cbf528696068d0dbc06d377cbdec,829a2122fab3ae843a3ab07164c05ec3d8116a91399885502b3317d145e7c708
sample,dense_crlf-49,217,2556189,259999,10000,4376ae7067b0aa03f34a7d4cf24796c22806cbf528696068d0dbc06d377cbdec,829a2122fab3ae843a3ab07164c05ec3d8116a91399885502b3317d145e7c708
sample,dense_crlf-49,218,2558970,259999,10000,4376ae7067b0aa03f34a7d4cf24796c22806cbf528696068d0dbc06d377cbdec,829a2122fab3ae843a3ab07164c05ec3d8116a91399885502b3317d145e7c708
sample,dense_crlf-49,219,2553549,259999,10000,4376ae7067b0aa03f34a7d4cf24796c22806cbf528696068d0dbc06d377cbdec,829a2122fab3ae843a3ab07164c05ec3d8116a91399885502b3317d145e7c708
sample,dense_crlf-49,220,2558670,259999,10000,4376ae7067b0aa03f34a7d4cf24796c22806cbf528696068d0dbc06d377cbdec,829a2122fab3ae843a3ab07164c05ec3d8116a91399885502b3317d145e7c708
sample,dense_crlf-49,221,2558029,259999,10000,4376ae7067b0aa03f34a7d4cf24796c22806cbf528696068d0dbc06d377cbdec,829a2122fab3ae843a3ab07164c05ec3d8116a91399885502b3317d145e7c708
sample,dense_crlf-49,222,2542500,259999,10000,4376ae7067b0aa03f34a7d4cf24796c22806cbf528696068d0dbc06d377cbdec,829a2122fab3ae843a3ab07164c05ec3d8116a91399885502b3317d145e7c708
sample,dense_crlf-49,223,2547099,259999,10000,4376ae7067b0aa03f34a7d4cf24796c22806cbf528696068d0dbc06d377cbdec,829a2122fab3ae843a3ab07164c05ec3d8116a91399885502b3317d145e7c708
sample,dense_crlf-49,224,2541289,259999,10000,4376ae7067b0aa03f34a7d4cf24796c22806cbf528696068d0dbc06d377cbdec,829a2122fab3ae843a3ab07164c05ec3d8116a91399885502b3317d145e7c708
sample,dense_crlf-49,225,2543370,259999,10000,4376ae7067b0aa03f34a7d4cf24796c22806cbf528696068d0dbc06d377cbdec,829a2122fab3ae843a3ab07164c05ec3d8116a91399885502b3317d145e7c708
sample,dense_crlf-49,226,2547899,259999,10000,4376ae7067b0aa03f34a7d4cf24796c22806cbf528696068d0dbc06d377cbdec,829a2122fab3ae843a3ab07164c05ec3d8116a91399885502b3317d145e7c708
sample,dense_crlf-49,227,2544410,259999,10000,4376ae7067b0aa03f34a7d4cf24796c22806cbf528696068d0dbc06d377cbdec,829a2122fab3ae843a3ab07164c05ec3d8116a91399885502b3317d145e7c708
sample,dense_crlf-49,228,2550549,259999,10000,4376ae7067b0aa03f34a7d4cf24796c22806cbf528696068d0dbc06d377cbdec,829a2122fab3ae843a3ab07164c05ec3d8116a91399885502b3317d145e7c708
sample,dense_crlf-49,229,2536199,259999,10000,4376ae7067b0aa03f34a7d4cf24796c22806cbf528696068d0dbc06d377cbdec,829a2122fab3ae843a3ab07164c05ec3d8116a91399885502b3317d145e7c708
sample,dense_crlf-49,230,2543799,259999,10000,4376ae7067b0aa03f34a7d4cf24796c22806cbf528696068d0dbc06d377cbdec,829a2122fab3ae843a3ab07164c05ec3d8116a91399885502b3317d145e7c708
sample,dense_crlf-49,231,2553359,259999,10000,4376ae7067b0aa03f34a7d4cf24796c22806cbf528696068d0dbc06d377cbdec,829a2122fab3ae843a3ab07164c05ec3d8116a91399885502b3317d145e7c708
sample,dense_crlf-49,232,2534400,259999,10000,4376ae7067b0aa03f34a7d4cf24796c22806cbf528696068d0dbc06d377cbdec,829a2122fab3ae843a3ab07164c05ec3d8116a91399885502b3317d145e7c708
sample,dense_crlf-49,233,2543569,259999,10000,4376ae7067b0aa03f34a7d4cf24796c22806cbf528696068d0dbc06d377cbdec,829a2122fab3ae843a3ab07164c05ec3d8116a91399885502b3317d145e7c708
sample,dense_crlf-49,234,2555580,259999,10000,4376ae7067b0aa03f34a7d4cf24796c22806cbf528696068d0dbc06d377cbdec,829a2122fab3ae843a3ab07164c05ec3d8116a91399885502b3317d145e7c708
sample,dense_crlf-49,235,2559769,259999,10000,4376ae7067b0aa03f34a7d4cf24796c22806cbf528696068d0dbc06d377cbdec,829a2122fab3ae843a3ab07164c05ec3d8116a91399885502b3317d145e7c708
sample,dense_crlf-49,236,2563610,259999,10000,4376ae7067b0aa03f34a7d4cf24796c22806cbf528696068d0dbc06d377cbdec,829a2122fab3ae843a3ab07164c05ec3d8116a91399885502b3317d145e7c708
sample,dense_crlf-49,237,2568029,259999,10000,4376ae7067b0aa03f34a7d4cf24796c22806cbf528696068d0dbc06d377cbdec,829a2122fab3ae843a3ab07164c05ec3d8116a91399885502b3317d145e7c708
sample,dense_crlf-49,238,2553789,259999,10000,4376ae7067b0aa03f34a7d4cf24796c22806cbf528696068d0dbc06d377cbdec,829a2122fab3ae843a3ab07164c05ec3d8116a91399885502b3317d145e7c708
sample,dense_crlf-49,239,2556430,259999,10000,4376ae7067b0aa03f34a7d4cf24796c22806cbf528696068d0dbc06d377cbdec,829a2122fab3ae843a3ab07164c05ec3d8116a91399885502b3317d145e7c708
sample,dense_crlf-49,240,2559359,259999,10000,4376ae7067b0aa03f34a7d4cf24796c22806cbf528696068d0dbc06d377cbdec,829a2122fab3ae843a3ab07164c05ec3d8116a91399885502b3317d145e7c708
sample,dense_crlf-49,241,2548850,259999,10000,4376ae7067b0aa03f34a7d4cf24796c22806cbf528696068d0dbc06d377cbdec,829a2122fab3ae843a3ab07164c05ec3d8116a91399885502b3317d145e7c708
sample,dense_crlf-49,242,2566339,259999,10000,4376ae7067b0aa03f34a7d4cf24796c22806cbf528696068d0dbc06d377cbdec,829a2122fab3ae843a3ab07164c05ec3d8116a91399885502b3317d145e7c708
sample,dense_crlf-49,243,2574810,259999,10000,4376ae7067b0aa03f34a7d4cf24796c22806cbf528696068d0dbc06d377cbdec,829a2122fab3ae843a3ab07164c05ec3d8116a91399885502b3317d145e7c708
sample,dense_crlf-49,244,2556339,259999,10000,4376ae7067b0aa03f34a7d4cf24796c22806cbf528696068d0dbc06d377cbdec,829a2122fab3ae843a3ab07164c05ec3d8116a91399885502b3317d145e7c708
sample,dense_crlf-49,245,2550660,259999,10000,4376ae7067b0aa03f34a7d4cf24796c22806cbf528696068d0dbc06d377cbdec,829a2122fab3ae843a3ab07164c05ec3d8116a91399885502b3317d145e7c708
sample,dense_crlf-49,246,2553079,259999,10000,4376ae7067b0aa03f34a7d4cf24796c22806cbf528696068d0dbc06d377cbdec,829a2122fab3ae843a3ab07164c05ec3d8116a91399885502b3317d145e7c708
sample,dense_crlf-49,247,2546680,259999,10000,4376ae7067b0aa03f34a7d4cf24796c22806cbf528696068d0dbc06d377cbdec,829a2122fab3ae843a3ab07164c05ec3d8116a91399885502b3317d145e7c708
sample,dense_crlf-49,248,2545519,259999,10000,4376ae7067b0aa03f34a7d4cf24796c22806cbf528696068d0dbc06d377cbdec,829a2122fab3ae843a3ab07164c05ec3d8116a91399885502b3317d145e7c708
sample,dense_crlf-49,249,2545290,259999,10000,4376ae7067b0aa03f34a7d4cf24796c22806cbf528696068d0dbc06d377cbdec,829a2122fab3ae843a3ab07164c05ec3d8116a91399885502b3317d145e7c708
sample,dense_crlf-49,250,2549899,259999,10000,4376ae7067b0aa03f34a7d4cf24796c22806cbf528696068d0dbc06d377cbdec,829a2122fab3ae843a3ab07164c05ec3d8116a91399885502b3317d145e7c708
sample,dense_crlf-49,251,2545359,259999,10000,4376ae7067b0aa03f34a7d4cf24796c22806cbf528696068d0dbc06d377cbdec,829a2122fab3ae843a3ab07164c05ec3d8116a91399885502b3317d145e7c708
sample,dense_crlf-49,252,2543510,259999,10000,4376ae7067b0aa03f34a7d4cf24796c22806cbf528696068d0dbc06d377cbdec,829a2122fab3ae843a3ab07164c05ec3d8116a91399885502b3317d145e7c708
sample,dense_crlf-49,253,2549259,259999,10000,4376ae7067b0aa03f34a7d4cf24796c22806cbf528696068d0dbc06d377cbdec,829a2122fab3ae843a3ab07164c05ec3d8116a91399885502b3317d145e7c708
sample,dense_crlf-49,254,2545379,259999,10000,4376ae7067b0aa03f34a7d4cf24796c22806cbf528696068d0dbc06d377cbdec,829a2122fab3ae843a3ab07164c05ec3d8116a91399885502b3317d145e7c708
sample,dense_crlf-49,255,2538010,259999,10000,4376ae7067b0aa03f34a7d4cf24796c22806cbf528696068d0dbc06d377cbdec,829a2122fab3ae843a3ab07164c05ec3d8116a91399885502b3317d145e7c708
sample,dense_crlf-49,256,2583930,259999,10000,4376ae7067b0aa03f34a7d4cf24796c22806cbf528696068d0dbc06d377cbdec,829a2122fab3ae843a3ab07164c05ec3d8116a91399885502b3317d145e7c708
sample,dense_crlf-49,257,2538999,259999,10000,4376ae7067b0aa03f34a7d4cf24796c22806cbf528696068d0dbc06d377cbdec,829a2122fab3ae843a3ab07164c05ec3d8116a91399885502b3317d145e7c708
sample,dense_crlf-49,258,2548769,259999,10000,4376ae7067b0aa03f34a7d4cf24796c22806cbf528696068d0dbc06d377cbdec,829a2122fab3ae843a3ab07164c05ec3d8116a91399885502b3317d145e7c708
sample,dense_crlf-49,259,2538260,259999,10000,4376ae7067b0aa03f34a7d4cf24796c22806cbf528696068d0dbc06d377cbdec,829a2122fab3ae843a3ab07164c05ec3d8116a91399885502b3317d145e7c708
sample,dense_crlf-49,260,2544059,259999,10000,4376ae7067b0aa03f34a7d4cf24796c22806cbf528696068d0dbc06d377cbdec,829a2122fab3ae843a3ab07164c05ec3d8116a91399885502b3317d145e7c708
sample,dense_crlf-49,261,2535870,259999,10000,4376ae7067b0aa03f34a7d4cf24796c22806cbf528696068d0dbc06d377cbdec,829a2122fab3ae843a3ab07164c05ec3d8116a91399885502b3317d145e7c708
sample,dense_crlf-49,262,2550199,259999,10000,4376ae7067b0aa03f34a7d4cf24796c22806cbf528696068d0dbc06d377cbdec,829a2122fab3ae843a3ab07164c05ec3d8116a91399885502b3317d145e7c708
sample,dense_crlf-49,263,2537929,259999,10000,4376ae7067b0aa03f34a7d4cf24796c22806cbf528696068d0dbc06d377cbdec,829a2122fab3ae843a3ab07164c05ec3d8116a91399885502b3317d145e7c708
sample,dense_crlf-49,264,2553330,259999,10000,4376ae7067b0aa03f34a7d4cf24796c22806cbf528696068d0dbc06d377cbdec,829a2122fab3ae843a3ab07164c05ec3d8116a91399885502b3317d145e7c708
sample,dense_crlf-49,265,2573529,259999,10000,4376ae7067b0aa03f34a7d4cf24796c22806cbf528696068d0dbc06d377cbdec,829a2122fab3ae843a3ab07164c05ec3d8116a91399885502b3317d145e7c708
sample,dense_crlf-49,266,2555210,259999,10000,4376ae7067b0aa03f34a7d4cf24796c22806cbf528696068d0dbc06d377cbdec,829a2122fab3ae843a3ab07164c05ec3d8116a91399885502b3317d145e7c708
sample,dense_crlf-49,267,2552099,259999,10000,4376ae7067b0aa03f34a7d4cf24796c22806cbf528696068d0dbc06d377cbdec,829a2122fab3ae843a3ab07164c05ec3d8116a91399885502b3317d145e7c708
sample,dense_crlf-49,268,2550450,259999,10000,4376ae7067b0aa03f34a7d4cf24796c22806cbf528696068d0dbc06d377cbdec,829a2122fab3ae843a3ab07164c05ec3d8116a91399885502b3317d145e7c708
sample,dense_crlf-49,269,2542499,259999,10000,4376ae7067b0aa03f34a7d4cf24796c22806cbf528696068d0dbc06d377cbdec,829a2122fab3ae843a3ab07164c05ec3d8116a91399885502b3317d145e7c708
sample,dense_crlf-49,270,2544459,259999,10000,4376ae7067b0aa03f34a7d4cf24796c22806cbf528696068d0dbc06d377cbdec,829a2122fab3ae843a3ab07164c05ec3d8116a91399885502b3317d145e7c708
sample,dense_crlf-49,271,2543330,259999,10000,4376ae7067b0aa03f34a7d4cf24796c22806cbf528696068d0dbc06d377cbdec,829a2122fab3ae843a3ab07164c05ec3d8116a91399885502b3317d145e7c708
sample,dense_crlf-49,272,2543459,259999,10000,4376ae7067b0aa03f34a7d4cf24796c22806cbf528696068d0dbc06d377cbdec,829a2122fab3ae843a3ab07164c05ec3d8116a91399885502b3317d145e7c708
sample,dense_crlf-49,273,2555210,259999,10000,4376ae7067b0aa03f34a7d4cf24796c22806cbf528696068d0dbc06d377cbdec,829a2122fab3ae843a3ab07164c05ec3d8116a91399885502b3317d145e7c708
sample,dense_crlf-49,274,2537529,259999,10000,4376ae7067b0aa03f34a7d4cf24796c22806cbf528696068d0dbc06d377cbdec,829a2122fab3ae843a3ab07164c05ec3d8116a91399885502b3317d145e7c708
sample,dense_crlf-49,275,2545379,259999,10000,4376ae7067b0aa03f34a7d4cf24796c22806cbf528696068d0dbc06d377cbdec,829a2122fab3ae843a3ab07164c05ec3d8116a91399885502b3317d145e7c708
sample,dense_crlf-49,276,2550680,259999,10000,4376ae7067b0aa03f34a7d4cf24796c22806cbf528696068d0dbc06d377cbdec,829a2122fab3ae843a3ab07164c05ec3d8116a91399885502b3317d145e7c708
sample,dense_crlf-49,277,2557709,259999,10000,4376ae7067b0aa03f34a7d4cf24796c22806cbf528696068d0dbc06d377cbdec,829a2122fab3ae843a3ab07164c05ec3d8116a91399885502b3317d145e7c708
sample,dense_crlf-49,278,2551340,259999,10000,4376ae7067b0aa03f34a7d4cf24796c22806cbf528696068d0dbc06d377cbdec,829a2122fab3ae843a3ab07164c05ec3d8116a91399885502b3317d145e7c708
sample,dense_crlf-49,279,2542309,259999,10000,4376ae7067b0aa03f34a7d4cf24796c22806cbf528696068d0dbc06d377cbdec,829a2122fab3ae843a3ab07164c05ec3d8116a91399885502b3317d145e7c708
sample,dense_crlf-49,280,2547310,259999,10000,4376ae7067b0aa03f34a7d4cf24796c22806cbf528696068d0dbc06d377cbdec,829a2122fab3ae843a3ab07164c05ec3d8116a91399885502b3317d145e7c708
sample,dense_crlf-49,281,2554649,259999,10000,4376ae7067b0aa03f34a7d4cf24796c22806cbf528696068d0dbc06d377cbdec,829a2122fab3ae843a3ab07164c05ec3d8116a91399885502b3317d145e7c708
sample,dense_crlf-49,282,2542750,259999,10000,4376ae7067b0aa03f34a7d4cf24796c22806cbf528696068d0dbc06d377cbdec,829a2122fab3ae843a3ab07164c05ec3d8116a91399885502b3317d145e7c708
sample,dense_crlf-49,283,2545319,259999,10000,4376ae7067b0aa03f34a7d4cf24796c22806cbf528696068d0dbc06d377cbdec,829a2122fab3ae843a3ab07164c05ec3d8116a91399885502b3317d145e7c708
sample,dense_crlf-49,284,2552289,259999,10000,4376ae7067b0aa03f34a7d4cf24796c22806cbf528696068d0dbc06d377cbdec,829a2122fab3ae843a3ab07164c05ec3d8116a91399885502b3317d145e7c708
sample,dense_crlf-49,285,2539990,259999,10000,4376ae7067b0aa03f34a7d4cf24796c22806cbf528696068d0dbc06d377cbdec,829a2122fab3ae843a3ab07164c05ec3d8116a91399885502b3317d145e7c708
sample,dense_crlf-49,286,2547739,259999,10000,4376ae7067b0aa03f34a7d4cf24796c22806cbf528696068d0dbc06d377cbdec,829a2122fab3ae843a3ab07164c05ec3d8116a91399885502b3317d145e7c708
sample,dense_crlf-49,287,2543520,259999,10000,4376ae7067b0aa03f34a7d4cf24796c22806cbf528696068d0dbc06d377cbdec,829a2122fab3ae843a3ab07164c05ec3d8116a91399885502b3317d145e7c708
sample,dense_crlf-49,288,2566779,259999,10000,4376ae7067b0aa03f34a7d4cf24796c22806cbf528696068d0dbc06d377cbdec,829a2122fab3ae843a3ab07164c05ec3d8116a91399885502b3317d145e7c708
sample,dense_crlf-49,289,2546620,259999,10000,4376ae7067b0aa03f34a7d4cf24796c22806cbf528696068d0dbc06d377cbdec,829a2122fab3ae843a3ab07164c05ec3d8116a91399885502b3317d145e7c708
sample,dense_crlf-49,290,2541109,259999,10000,4376ae7067b0aa03f34a7d4cf24796c22806cbf528696068d0dbc06d377cbdec,829a2122fab3ae843a3ab07164c05ec3d8116a91399885502b3317d145e7c708
sample,dense_crlf-49,291,2545739,259999,10000,4376ae7067b0aa03f34a7d4cf24796c22806cbf528696068d0dbc06d377cbdec,829a2122fab3ae843a3ab07164c05ec3d8116a91399885502b3317d145e7c708
sample,dense_crlf-49,292,2545970,259999,10000,4376ae7067b0aa03f34a7d4cf24796c22806cbf528696068d0dbc06d377cbdec,829a2122fab3ae843a3ab07164c05ec3d8116a91399885502b3317d145e7c708
sample,dense_crlf-49,293,2549759,259999,10000,4376ae7067b0aa03f34a7d4cf24796c22806cbf528696068d0dbc06d377cbdec,829a2122fab3ae843a3ab07164c05ec3d8116a91399885502b3317d145e7c708
sample,dense_crlf-49,294,2542470,259999,10000,4376ae7067b0aa03f34a7d4cf24796c22806cbf528696068d0dbc06d377cbdec,829a2122fab3ae843a3ab07164c05ec3d8116a91399885502b3317d145e7c708
sample,dense_crlf-49,295,2544099,259999,10000,4376ae7067b0aa03f34a7d4cf24796c22806cbf528696068d0dbc06d377cbdec,829a2122fab3ae843a3ab07164c05ec3d8116a91399885502b3317d145e7c708
sample,dense_crlf-49,296,2536749,259999,10000,4376ae7067b0aa03f34a7d4cf24796c22806cbf528696068d0dbc06d377cbdec,829a2122fab3ae843a3ab07164c05ec3d8116a91399885502b3317d145e7c708
sample,dense_crlf-49,297,2538700,259999,10000,4376ae7067b0aa03f34a7d4cf24796c22806cbf528696068d0dbc06d377cbdec,829a2122fab3ae843a3ab07164c05ec3d8116a91399885502b3317d145e7c708
sample,dense_crlf-49,298,2543329,259999,10000,4376ae7067b0aa03f34a7d4cf24796c22806cbf528696068d0dbc06d377cbdec,829a2122fab3ae843a3ab07164c05ec3d8116a91399885502b3317d145e7c708
sample,dense_crlf-49,299,2539979,259999,10000,4376ae7067b0aa03f34a7d4cf24796c22806cbf528696068d0dbc06d377cbdec,829a2122fab3ae843a3ab07164c05ec3d8116a91399885502b3317d145e7c708
sample,dense_crlf-49,300,2554070,259999,10000,4376ae7067b0aa03f34a7d4cf24796c22806cbf528696068d0dbc06d377cbdec,829a2122fab3ae843a3ab07164c05ec3d8116a91399885502b3317d145e7c708
sample,dense_crlf-49,301,2543769,259999,10000,4376ae7067b0aa03f34a7d4cf24796c22806cbf528696068d0dbc06d377cbdec,829a2122fab3ae843a3ab07164c05ec3d8116a91399885502b3317d145e7c708
sample,dense_crlf-49,302,2539280,259999,10000,4376ae7067b0aa03f34a7d4cf24796c22806cbf528696068d0dbc06d377cbdec,829a2122fab3ae843a3ab07164c05ec3d8116a91399885502b3317d145e7c708
sample,dense_crlf-49,303,2544369,259999,10000,4376ae7067b0aa03f34a7d4cf24796c22806cbf528696068d0dbc06d377cbdec,829a2122fab3ae843a3ab07164c05ec3d8116a91399885502b3317d145e7c708
sample,dense_crlf-49,304,2547320,259999,10000,4376ae7067b0aa03f34a7d4cf24796c22806cbf528696068d0dbc06d377cbdec,829a2122fab3ae843a3ab07164c05ec3d8116a91399885502b3317d145e7c708
sample,dense_crlf-49,305,2546559,259999,10000,4376ae7067b0aa03f34a7d4cf24796c22806cbf528696068d0dbc06d377cbdec,829a2122fab3ae843a3ab07164c05ec3d8116a91399885502b3317d145e7c708
sample,dense_crlf-49,306,2544089,259999,10000,4376ae7067b0aa03f34a7d4cf24796c22806cbf528696068d0dbc06d377cbdec,829a2122fab3ae843a3ab07164c05ec3d8116a91399885502b3317d145e7c708
sample,dense_crlf-49,307,2539890,259999,10000,4376ae7067b0aa03f34a7d4cf24796c22806cbf528696068d0dbc06d377cbdec,829a2122fab3ae843a3ab07164c05ec3d8116a91399885502b3317d145e7c708
sample,dense_crlf-49,308,2544269,259999,10000,4376ae7067b0aa03f34a7d4cf24796c22806cbf528696068d0dbc06d377cbdec,829a2122fab3ae843a3ab07164c05ec3d8116a91399885502b3317d145e7c708
sample,dense_crlf-49,309,2542440,259999,10000,4376ae7067b0aa03f34a7d4cf24796c22806cbf528696068d0dbc06d377cbdec,829a2122fab3ae843a3ab07164c05ec3d8116a91399885502b3317d145e7c708
sample,dense_crlf-49,310,2539819,259999,10000,4376ae7067b0aa03f34a7d4cf24796c22806cbf528696068d0dbc06d377cbdec,829a2122fab3ae843a3ab07164c05ec3d8116a91399885502b3317d145e7c708
sample,dense_crlf-49,311,2548039,259999,10000,4376ae7067b0aa03f34a7d4cf24796c22806cbf528696068d0dbc06d377cbdec,829a2122fab3ae843a3ab07164c05ec3d8116a91399885502b3317d145e7c708
sample,dense_crlf-49,312,2536950,259999,10000,4376ae7067b0aa03f34a7d4cf24796c22806cbf528696068d0dbc06d377cbdec,829a2122fab3ae843a3ab07164c05ec3d8116a91399885502b3317d145e7c708
sample,dense_crlf-49,313,2541779,259999,10000,4376ae7067b0aa03f34a7d4cf24796c22806cbf528696068d0dbc06d377cbdec,829a2122fab3ae843a3ab07164c05ec3d8116a91399885502b3317d145e7c708
sample,dense_crlf-49,314,2543580,259999,10000,4376ae7067b0aa03f34a7d4cf24796c22806cbf528696068d0dbc06d377cbdec,829a2122fab3ae843a3ab07164c05ec3d8116a91399885502b3317d145e7c708
sample,dense_crlf-49,315,2539499,259999,10000,4376ae7067b0aa03f34a7d4cf24796c22806cbf528696068d0dbc06d377cbdec,829a2122fab3ae843a3ab07164c05ec3d8116a91399885502b3317d145e7c708
sample,dense_crlf-49,316,2542359,259999,10000,4376ae7067b0aa03f34a7d4cf24796c22806cbf528696068d0dbc06d377cbdec,829a2122fab3ae843a3ab07164c05ec3d8116a91399885502b3317d145e7c708
sample,dense_crlf-49,317,2544590,259999,10000,4376ae7067b0aa03f34a7d4cf24796c22806cbf528696068d0dbc06d377cbdec,829a2122fab3ae843a3ab07164c05ec3d8116a91399885502b3317d145e7c708
sample,dense_crlf-49,318,2551879,259999,10000,4376ae7067b0aa03f34a7d4cf24796c22806cbf528696068d0dbc06d377cbdec,829a2122fab3ae843a3ab07164c05ec3d8116a91399885502b3317d145e7c708
sample,dense_crlf-49,319,2570110,259999,10000,4376ae7067b0aa03f34a7d4cf24796c22806cbf528696068d0dbc06d377cbdec,829a2122fab3ae843a3ab07164c05ec3d8116a91399885502b3317d145e7c708
sample,dense_crlf-49,320,2545649,259999,10000,4376ae7067b0aa03f34a7d4cf24796c22806cbf528696068d0dbc06d377cbdec,829a2122fab3ae843a3ab07164c05ec3d8116a91399885502b3317d145e7c708
sample,dense_crlf-49,321,2542190,259999,10000,4376ae7067b0aa03f34a7d4cf24796c22806cbf528696068d0dbc06d377cbdec,829a2122fab3ae843a3ab07164c05ec3d8116a91399885502b3317d145e7c708
sample,dense_crlf-49,322,2549489,259999,10000,4376ae7067b0aa03f34a7d4cf24796c22806cbf528696068d0dbc06d377cbdec,829a2122fab3ae843a3ab07164c05ec3d8116a91399885502b3317d145e7c708
sample,dense_crlf-49,323,2536039,259999,10000,4376ae7067b0aa03f34a7d4cf24796c22806cbf528696068d0dbc06d377cbdec,829a2122fab3ae843a3ab07164c05ec3d8116a91399885502b3317d145e7c708
sample,dense_crlf-49,324,2542400,259999,10000,4376ae7067b0aa03f34a7d4cf24796c22806cbf528696068d0dbc06d377cbdec,829a2122fab3ae843a3ab07164c05ec3d8116a91399885502b3317d145e7c708
sample,dense_crlf-49,325,2542099,259999,10000,4376ae7067b0aa03f34a7d4cf24796c22806cbf528696068d0dbc06d377cbdec,829a2122fab3ae843a3ab07164c05ec3d8116a91399885502b3317d145e7c708
sample,dense_crlf-49,326,2550070,259999,10000,4376ae7067b0aa03f34a7d4cf24796c22806cbf528696068d0dbc06d377cbdec,829a2122fab3ae843a3ab07164c05ec3d8116a91399885502b3317d145e7c708
sample,dense_crlf-49,327,2580559,259999,10000,4376ae7067b0aa03f34a7d4cf24796c22806cbf528696068d0dbc06d377cbdec,829a2122fab3ae843a3ab07164c05ec3d8116a91399885502b3317d145e7c708
sample,dense_crlf-49,328,2541410,259999,10000,4376ae7067b0aa03f34a7d4cf24796c22806cbf528696068d0dbc06d377cbdec,829a2122fab3ae843a3ab07164c05ec3d8116a91399885502b3317d145e7c708
sample,dense_crlf-49,329,2549669,259999,10000,4376ae7067b0aa03f34a7d4cf24796c22806cbf528696068d0dbc06d377cbdec,829a2122fab3ae843a3ab07164c05ec3d8116a91399885502b3317d145e7c708
sample,dense_crlf-49,330,2546479,259999,10000,4376ae7067b0aa03f34a7d4cf24796c22806cbf528696068d0dbc06d377cbdec,829a2122fab3ae843a3ab07164c05ec3d8116a91399885502b3317d145e7c708
sample,dense_crlf-49,331,2554580,259999,10000,4376ae7067b0aa03f34a7d4cf24796c22806cbf528696068d0dbc06d377cbdec,829a2122fab3ae843a3ab07164c05ec3d8116a91399885502b3317d145e7c708
sample,dense_crlf-49,332,2542869,259999,10000,4376ae7067b0aa03f34a7d4cf24796c22806cbf528696068d0dbc06d377cbdec,829a2122fab3ae843a3ab07164c05ec3d8116a91399885502b3317d145e7c708
sample,dense_crlf-49,333,2551350,259999,10000,4376ae7067b0aa03f34a7d4cf24796c22806cbf528696068d0dbc06d377cbdec,829a2122fab3ae843a3ab07164c05ec3d8116a91399885502b3317d145e7c708
sample,dense_crlf-49,334,2536889,259999,10000,4376ae7067b0aa03f34a7d4cf24796c22806cbf528696068d0dbc06d377cbdec,829a2122fab3ae843a3ab07164c05ec3d8116a91399885502b3317d145e7c708
sample,dense_crlf-49,335,2544690,259999,10000,4376ae7067b0aa03f34a7d4cf24796c22806cbf528696068d0dbc06d377cbdec,829a2122fab3ae843a3ab07164c05ec3d8116a91399885502b3317d145e7c708
sample,dense_crlf-49,336,2541869,259999,10000,4376ae7067b0aa03f34a7d4cf24796c22806cbf528696068d0dbc06d377cbdec,829a2122fab3ae843a3ab07164c05ec3d8116a91399885502b3317d145e7c708
sample,dense_crlf-49,337,2555989,259999,10000,4376ae7067b0aa03f34a7d4cf24796c22806cbf528696068d0dbc06d377cbdec,829a2122fab3ae843a3ab07164c05ec3d8116a91399885502b3317d145e7c708
sample,dense_crlf-49,338,2544790,259999,10000,4376ae7067b0aa03f34a7d4cf24796c22806cbf528696068d0dbc06d377cbdec,829a2122fab3ae843a3ab07164c05ec3d8116a91399885502b3317d145e7c708
sample,dense_crlf-49,339,2541409,259999,10000,4376ae7067b0aa03f34a7d4cf24796c22806cbf528696068d0dbc06d377cbdec,829a2122fab3ae843a3ab07164c05ec3d8116a91399885502b3317d145e7c708
sample,dense_crlf-49,340,2540340,259999,10000,4376ae7067b0aa03f34a7d4cf24796c22806cbf528696068d0dbc06d377cbdec,829a2122fab3ae843a3ab07164c05ec3d8116a91399885502b3317d145e7c708
sample,dense_crlf-49,341,2539279,259999,10000,4376ae7067b0aa03f34a7d4cf24796c22806cbf528696068d0dbc06d377cbdec,829a2122fab3ae843a3ab07164c05ec3d8116a91399885502b3317d145e7c708
sample,dense_crlf-49,342,2546659,259999,10000,4376ae7067b0aa03f34a7d4cf24796c22806cbf528696068d0dbc06d377cbdec,829a2122fab3ae843a3ab07164c05ec3d8116a91399885502b3317d145e7c708
sample,dense_crlf-49,343,2534650,259999,10000,4376ae7067b0aa03f34a7d4cf24796c22806cbf528696068d0dbc06d377cbdec,829a2122fab3ae843a3ab07164c05ec3d8116a91399885502b3317d145e7c708
sample,dense_crlf-49,344,2550149,259999,10000,4376ae7067b0aa03f34a7d4cf24796c22806cbf528696068d0dbc06d377cbdec,829a2122fab3ae843a3ab07164c05ec3d8116a91399885502b3317d145e7c708
sample,dense_crlf-49,345,2541420,259999,10000,4376ae7067b0aa03f34a7d4cf24796c22806cbf528696068d0dbc06d377cbdec,829a2122fab3ae843a3ab07164c05ec3d8116a91399885502b3317d145e7c708
sample,dense_crlf-49,346,2543699,259999,10000,4376ae7067b0aa03f34a7d4cf24796c22806cbf528696068d0dbc06d377cbdec,829a2122fab3ae843a3ab07164c05ec3d8116a91399885502b3317d145e7c708
sample,dense_crlf-49,347,2546469,259999,10000,4376ae7067b0aa03f34a7d4cf24796c22806cbf528696068d0dbc06d377cbdec,829a2122fab3ae843a3ab07164c05ec3d8116a91399885502b3317d145e7c708
sample,dense_crlf-49,348,2552760,259999,10000,4376ae7067b0aa03f34a7d4cf24796c22806cbf528696068d0dbc06d377cbdec,829a2122fab3ae843a3ab07164c05ec3d8116a91399885502b3317d145e7c708
sample,dense_crlf-49,349,2550179,259999,10000,4376ae7067b0aa03f34a7d4cf24796c22806cbf528696068d0dbc06d377cbdec,829a2122fab3ae843a3ab07164c05ec3d8116a91399885502b3317d145e7c708
sample,dense_crlf-49,350,2551990,259999,10000,4376ae7067b0aa03f34a7d4cf24796c22806cbf528696068d0dbc06d377cbdec,829a2122fab3ae843a3ab07164c05ec3d8116a91399885502b3317d145e7c708
sample,dense_crlf-49,351,2549929,259999,10000,4376ae7067b0aa03f34a7d4cf24796c22806cbf528696068d0dbc06d377cbdec,829a2122fab3ae843a3ab07164c05ec3d8116a91399885502b3317d145e7c708
sample,dense_crlf-49,352,2547360,259999,10000,4376ae7067b0aa03f34a7d4cf24796c22806cbf528696068d0dbc06d377cbdec,829a2122fab3ae843a3ab07164c05ec3d8116a91399885502b3317d145e7c708
sample,dense_crlf-49,353,2545059,259999,10000,4376ae7067b0aa03f34a7d4cf24796c22806cbf528696068d0dbc06d377cbdec,829a2122fab3ae843a3ab07164c05ec3d8116a91399885502b3317d145e7c708
sample,dense_crlf-49,354,2538489,259999,10000,4376ae7067b0aa03f34a7d4cf24796c22806cbf528696068d0dbc06d377cbdec,829a2122fab3ae843a3ab07164c05ec3d8116a91399885502b3317d145e7c708
sample,dense_crlf-49,355,2543810,259999,10000,4376ae7067b0aa03f34a7d4cf24796c22806cbf528696068d0dbc06d377cbdec,829a2122fab3ae843a3ab07164c05ec3d8116a91399885502b3317d145e7c708
sample,dense_crlf-49,356,2547489,259999,10000,4376ae7067b0aa03f34a7d4cf24796c22806cbf528696068d0dbc06d377cbdec,829a2122fab3ae843a3ab07164c05ec3d8116a91399885502b3317d145e7c708
sample,dense_crlf-49,357,2556890,259999,10000,4376ae7067b0aa03f34a7d4cf24796c22806cbf528696068d0dbc06d377cbdec,829a2122fab3ae843a3ab07164c05ec3d8116a91399885502b3317d145e7c708
sample,dense_crlf-49,358,2551059,259999,10000,4376ae7067b0aa03f34a7d4cf24796c22806cbf528696068d0dbc06d377cbdec,829a2122fab3ae843a3ab07164c05ec3d8116a91399885502b3317d145e7c708
sample,dense_crlf-49,359,2539490,259999,10000,4376ae7067b0aa03f34a7d4cf24796c22806cbf528696068d0dbc06d377cbdec,829a2122fab3ae843a3ab07164c05ec3d8116a91399885502b3317d145e7c708
sample,dense_crlf-49,360,2537369,259999,10000,4376ae7067b0aa03f34a7d4cf24796c22806cbf528696068d0dbc06d377cbdec,829a2122fab3ae843a3ab07164c05ec3d8116a91399885502b3317d145e7c708
sample,dense_crlf-49,361,2542039,259999,10000,4376ae7067b0aa03f34a7d4cf24796c22806cbf528696068d0dbc06d377cbdec,829a2122fab3ae843a3ab07164c05ec3d8116a91399885502b3317d145e7c708
sample,dense_crlf-49,362,2555020,259999,10000,4376ae7067b0aa03f34a7d4cf24796c22806cbf528696068d0dbc06d377cbdec,829a2122fab3ae843a3ab07164c05ec3d8116a91399885502b3317d145e7c708
sample,dense_crlf-49,363,2562799,259999,10000,4376ae7067b0aa03f34a7d4cf24796c22806cbf528696068d0dbc06d377cbdec,829a2122fab3ae843a3ab07164c05ec3d8116a91399885502b3317d145e7c708
sample,dense_crlf-49,364,2553640,259999,10000,4376ae7067b0aa03f34a7d4cf24796c22806cbf528696068d0dbc06d377cbdec,829a2122fab3ae843a3ab07164c05ec3d8116a91399885502b3317d145e7c708
sample,dense_crlf-49,365,2563249,259999,10000,4376ae7067b0aa03f34a7d4cf24796c22806cbf528696068d0dbc06d377cbdec,829a2122fab3ae843a3ab07164c05ec3d8116a91399885502b3317d145e7c708
sample,dense_crlf-49,366,2558150,259999,10000,4376ae7067b0aa03f34a7d4cf24796c22806cbf528696068d0dbc06d377cbdec,829a2122fab3ae843a3ab07164c05ec3d8116a91399885502b3317d145e7c708
sample,dense_crlf-49,367,2553229,259999,10000,4376ae7067b0aa03f34a7d4cf24796c22806cbf528696068d0dbc06d377cbdec,829a2122fab3ae843a3ab07164c05ec3d8116a91399885502b3317d145e7c708
sample,dense_crlf-49,368,2541069,259999,10000,4376ae7067b0aa03f34a7d4cf24796c22806cbf528696068d0dbc06d377cbdec,829a2122fab3ae843a3ab07164c05ec3d8116a91399885502b3317d145e7c708
sample,dense_crlf-49,369,2547880,259999,10000,4376ae7067b0aa03f34a7d4cf24796c22806cbf528696068d0dbc06d377cbdec,829a2122fab3ae843a3ab07164c05ec3d8116a91399885502b3317d145e7c708
sample,dense_crlf-49,370,2547539,259999,10000,4376ae7067b0aa03f34a7d4cf24796c22806cbf528696068d0dbc06d377cbdec,829a2122fab3ae843a3ab07164c05ec3d8116a91399885502b3317d145e7c708
sample,dense_crlf-49,371,2546520,259999,10000,4376ae7067b0aa03f34a7d4cf24796c22806cbf528696068d0dbc06d377cbdec,829a2122fab3ae843a3ab07164c05ec3d8116a91399885502b3317d145e7c708
sample,dense_crlf-49,372,2541209,259999,10000,4376ae7067b0aa03f34a7d4cf24796c22806cbf528696068d0dbc06d377cbdec,829a2122fab3ae843a3ab07164c05ec3d8116a91399885502b3317d145e7c708
sample,dense_crlf-49,373,2545450,259999,10000,4376ae7067b0aa03f34a7d4cf24796c22806cbf528696068d0dbc06d377cbdec,829a2122fab3ae843a3ab07164c05ec3d8116a91399885502b3317d145e7c708
sample,dense_crlf-49,374,2568769,259999,10000,4376ae7067b0aa03f34a7d4cf24796c22806cbf528696068d0dbc06d377cbdec,829a2122fab3ae843a3ab07164c05ec3d8116a91399885502b3317d145e7c708
sample,dense_crlf-49,375,2546349,259999,10000,4376ae7067b0aa03f34a7d4cf24796c22806cbf528696068d0dbc06d377cbdec,829a2122fab3ae843a3ab07164c05ec3d8116a91399885502b3317d145e7c708
sample,dense_crlf-49,376,2536280,259999,10000,4376ae7067b0aa03f34a7d4cf24796c22806cbf528696068d0dbc06d377cbdec,829a2122fab3ae843a3ab07164c05ec3d8116a91399885502b3317d145e7c708
sample,dense_crlf-49,377,2552799,259999,10000,4376ae7067b0aa03f34a7d4cf24796c22806cbf528696068d0dbc06d377cbdec,829a2122fab3ae843a3ab07164c05ec3d8116a91399885502b3317d145e7c708
sample,dense_crlf-49,378,2549010,259999,10000,4376ae7067b0aa03f34a7d4cf24796c22806cbf528696068d0dbc06d377cbdec,829a2122fab3ae843a3ab07164c05ec3d8116a91399885502b3317d145e7c708
sample,dense_crlf-49,379,2566389,259999,10000,4376ae7067b0aa03f34a7d4cf24796c22806cbf528696068d0dbc06d377cbdec,829a2122fab3ae843a3ab07164c05ec3d8116a91399885502b3317d145e7c708
sample,dense_crlf-49,380,2547320,259999,10000,4376ae7067b0aa03f34a7d4cf24796c22806cbf528696068d0dbc06d377cbdec,829a2122fab3ae843a3ab07164c05ec3d8116a91399885502b3317d145e7c708
sample,dense_crlf-49,381,2541129,259999,10000,4376ae7067b0aa03f34a7d4cf24796c22806cbf528696068d0dbc06d377cbdec,829a2122fab3ae843a3ab07164c05ec3d8116a91399885502b3317d145e7c708
sample,dense_crlf-49,382,2572580,259999,10000,4376ae7067b0aa03f34a7d4cf24796c22806cbf528696068d0dbc06d377cbdec,829a2122fab3ae843a3ab07164c05ec3d8116a91399885502b3317d145e7c708
sample,dense_crlf-49,383,2543969,259999,10000,4376ae7067b0aa03f34a7d4cf24796c22806cbf528696068d0dbc06d377cbdec,829a2122fab3ae843a3ab07164c05ec3d8116a91399885502b3317d145e7c708
sample,dense_crlf-49,384,2545869,259999,10000,4376ae7067b0aa03f34a7d4cf24796c22806cbf528696068d0dbc06d377cbdec,829a2122fab3ae843a3ab07164c05ec3d8116a91399885502b3317d145e7c708
sample,dense_crlf-49,385,2544020,259999,10000,4376ae7067b0aa03f34a7d4cf24796c22806cbf528696068d0dbc06d377cbdec,829a2122fab3ae843a3ab07164c05ec3d8116a91399885502b3317d145e7c708
sample,dense_crlf-49,386,2552959,259999,10000,4376ae7067b0aa03f34a7d4cf24796c22806cbf528696068d0dbc06d377cbdec,829a2122fab3ae843a3ab07164c05ec3d8116a91399885502b3317d145e7c708
sample,dense_crlf-49,387,2545440,259999,10000,4376ae7067b0aa03f34a7d4cf24796c22806cbf528696068d0dbc06d377cbdec,829a2122fab3ae843a3ab07164c05ec3d8116a91399885502b3317d145e7c708
sample,dense_crlf-49,388,2542709,259999,10000,4376ae7067b0aa03f34a7d4cf24796c22806cbf528696068d0dbc06d377cbdec,829a2122fab3ae843a3ab07164c05ec3d8116a91399885502b3317d145e7c708
sample,dense_crlf-49,389,2558450,259999,10000,4376ae7067b0aa03f34a7d4cf24796c22806cbf528696068d0dbc06d377cbdec,829a2122fab3ae843a3ab07164c05ec3d8116a91399885502b3317d145e7c708
sample,dense_crlf-49,390,2551599,259999,10000,4376ae7067b0aa03f34a7d4cf24796c22806cbf528696068d0dbc06d377cbdec,829a2122fab3ae843a3ab07164c05ec3d8116a91399885502b3317d145e7c708
sample,dense_crlf-49,391,2558399,259999,10000,4376ae7067b0aa03f34a7d4cf24796c22806cbf528696068d0dbc06d377cbdec,829a2122fab3ae843a3ab07164c05ec3d8116a91399885502b3317d145e7c708
sample,dense_crlf-49,392,2557530,259999,10000,4376ae7067b0aa03f34a7d4cf24796c22806cbf528696068d0dbc06d377cbdec,829a2122fab3ae843a3ab07164c05ec3d8116a91399885502b3317d145e7c708
sample,dense_crlf-49,393,2547389,259999,10000,4376ae7067b0aa03f34a7d4cf24796c22806cbf528696068d0dbc06d377cbdec,829a2122fab3ae843a3ab07164c05ec3d8116a91399885502b3317d145e7c708
sample,dense_crlf-49,394,2556060,259999,10000,4376ae7067b0aa03f34a7d4cf24796c22806cbf528696068d0dbc06d377cbdec,829a2122fab3ae843a3ab07164c05ec3d8116a91399885502b3317d145e7c708
sample,dense_crlf-49,395,2557959,259999,10000,4376ae7067b0aa03f34a7d4cf24796c22806cbf528696068d0dbc06d377cbdec,829a2122fab3ae843a3ab07164c05ec3d8116a91399885502b3317d145e7c708
sample,dense_crlf-49,396,2562470,259999,10000,4376ae7067b0aa03f34a7d4cf24796c22806cbf528696068d0dbc06d377cbdec,829a2122fab3ae843a3ab07164c05ec3d8116a91399885502b3317d145e7c708
sample,dense_crlf-49,397,2561059,259999,10000,4376ae7067b0aa03f34a7d4cf24796c22806cbf528696068d0dbc06d377cbdec,829a2122fab3ae843a3ab07164c05ec3d8116a91399885502b3317d145e7c708
sample,dense_crlf-49,398,2558190,259999,10000,4376ae7067b0aa03f34a7d4cf24796c22806cbf528696068d0dbc06d377cbdec,829a2122fab3ae843a3ab07164c05ec3d8116a91399885502b3317d145e7c708
sample,dense_crlf-49,399,2553779,259999,10000,4376ae7067b0aa03f34a7d4cf24796c22806cbf528696068d0dbc06d377cbdec,829a2122fab3ae843a3ab07164c05ec3d8116a91399885502b3317d145e7c708
sample,dense_crlf-49,400,2558740,259999,10000,4376ae7067b0aa03f34a7d4cf24796c22806cbf528696068d0dbc06d377cbdec,829a2122fab3ae843a3ab07164c05ec3d8116a91399885502b3317d145e7c708
sample,dense_crlf-49,401,2550009,259999,10000,4376ae7067b0aa03f34a7d4cf24796c22806cbf528696068d0dbc06d377cbdec,829a2122fab3ae843a3ab07164c05ec3d8116a91399885502b3317d145e7c708
sample,dense_crlf-49,402,2556769,259999,10000,4376ae7067b0aa03f34a7d4cf24796c22806cbf528696068d0dbc06d377cbdec,829a2122fab3ae843a3ab07164c05ec3d8116a91399885502b3317d145e7c708
sample,dense_crlf-49,403,2544120,259999,10000,4376ae7067b0aa03f34a7d4cf24796c22806cbf528696068d0dbc06d377cbdec,829a2122fab3ae843a3ab07164c05ec3d8116a91399885502b3317d145e7c708
sample,dense_crlf-49,404,2553109,259999,10000,4376ae7067b0aa03f34a7d4cf24796c22806cbf528696068d0dbc06d377cbdec,829a2122fab3ae843a3ab07164c05ec3d8116a91399885502b3317d145e7c708
sample,dense_crlf-49,405,2553450,259999,10000,4376ae7067b0aa03f34a7d4cf24796c22806cbf528696068d0dbc06d377cbdec,829a2122fab3ae843a3ab07164c05ec3d8116a91399885502b3317d145e7c708
sample,dense_crlf-49,406,2542939,259999,10000,4376ae7067b0aa03f34a7d4cf24796c22806cbf528696068d0dbc06d377cbdec,829a2122fab3ae843a3ab07164c05ec3d8116a91399885502b3317d145e7c708
sample,dense_crlf-49,407,2536530,259999,10000,4376ae7067b0aa03f34a7d4cf24796c22806cbf528696068d0dbc06d377cbdec,829a2122fab3ae843a3ab07164c05ec3d8116a91399885502b3317d145e7c708
sample,dense_crlf-49,408,2552229,259999,10000,4376ae7067b0aa03f34a7d4cf24796c22806cbf528696068d0dbc06d377cbdec,829a2122fab3ae843a3ab07164c05ec3d8116a91399885502b3317d145e7c708
sample,dense_crlf-49,409,2544409,259999,10000,4376ae7067b0aa03f34a7d4cf24796c22806cbf528696068d0dbc06d377cbdec,829a2122fab3ae843a3ab07164c05ec3d8116a91399885502b3317d145e7c708
sample,dense_crlf-49,410,2546630,259999,10000,4376ae7067b0aa03f34a7d4cf24796c22806cbf528696068d0dbc06d377cbdec,829a2122fab3ae843a3ab07164c05ec3d8116a91399885502b3317d145e7c708
sample,dense_crlf-49,411,2550519,259999,10000,4376ae7067b0aa03f34a7d4cf24796c22806cbf528696068d0dbc06d377cbdec,829a2122fab3ae843a3ab07164c05ec3d8116a91399885502b3317d145e7c708
sample,dense_crlf-49,412,2537830,259999,10000,4376ae7067b0aa03f34a7d4cf24796c22806cbf528696068d0dbc06d377cbdec,829a2122fab3ae843a3ab07164c05ec3d8116a91399885502b3317d145e7c708
sample,dense_crlf-49,413,2546939,259999,10000,4376ae7067b0aa03f34a7d4cf24796c22806cbf528696068d0dbc06d377cbdec,829a2122fab3ae843a3ab07164c05ec3d8116a91399885502b3317d145e7c708
sample,dense_crlf-49,414,2550779,259999,10000,4376ae7067b0aa03f34a7d4cf24796c22806cbf528696068d0dbc06d377cbdec,829a2122fab3ae843a3ab07164c05ec3d8116a91399885502b3317d145e7c708
sample,dense_crlf-49,415,2537629,259999,10000,4376ae7067b0aa03f34a7d4cf24796c22806cbf528696068d0dbc06d377cbdec,829a2122fab3ae843a3ab07164c05ec3d8116a91399885502b3317d145e7c708
sample,dense_crlf-49,416,2545499,259999,10000,4376ae7067b0aa03f34a7d4cf24796c22806cbf528696068d0dbc06d377cbdec,829a2122fab3ae843a3ab07164c05ec3d8116a91399885502b3317d145e7c708
sample,dense_crlf-49,417,2545640,259999,10000,4376ae7067b0aa03f34a7d4cf24796c22806cbf528696068d0dbc06d377cbdec,829a2122fab3ae843a3ab07164c05ec3d8116a91399885502b3317d145e7c708
sample,dense_crlf-49,418,2541049,259999,10000,4376ae7067b0aa03f34a7d4cf24796c22806cbf528696068d0dbc06d377cbdec,829a2122fab3ae843a3ab07164c05ec3d8116a91399885502b3317d145e7c708
sample,dense_crlf-49,419,2543969,259999,10000,4376ae7067b0aa03f34a7d4cf24796c22806cbf528696068d0dbc06d377cbdec,829a2122fab3ae843a3ab07164c05ec3d8116a91399885502b3317d145e7c708
sample,dense_crlf-49,420,2545579,259999,10000,4376ae7067b0aa03f34a7d4cf24796c22806cbf528696068d0dbc06d377cbdec,829a2122fab3ae843a3ab07164c05ec3d8116a91399885502b3317d145e7c708
sample,dense_crlf-49,421,2545609,259999,10000,4376ae7067b0aa03f34a7d4cf24796c22806cbf528696068d0dbc06d377cbdec,829a2122fab3ae843a3ab07164c05ec3d8116a91399885502b3317d145e7c708
sample,dense_crlf-49,422,2551970,259999,10000,4376ae7067b0aa03f34a7d4cf24796c22806cbf528696068d0dbc06d377cbdec,829a2122fab3ae843a3ab07164c05ec3d8116a91399885502b3317d145e7c708
sample,dense_crlf-49,423,2542659,259999,10000,4376ae7067b0aa03f34a7d4cf24796c22806cbf528696068d0dbc06d377cbdec,829a2122fab3ae843a3ab07164c05ec3d8116a91399885502b3317d145e7c708
sample,dense_crlf-49,424,2547260,259999,10000,4376ae7067b0aa03f34a7d4cf24796c22806cbf528696068d0dbc06d377cbdec,829a2122fab3ae843a3ab07164c05ec3d8116a91399885502b3317d145e7c708
sample,dense_crlf-49,425,2550959,259999,10000,4376ae7067b0aa03f34a7d4cf24796c22806cbf528696068d0dbc06d377cbdec,829a2122fab3ae843a3ab07164c05ec3d8116a91399885502b3317d145e7c708
sample,dense_crlf-49,426,2539479,259999,10000,4376ae7067b0aa03f34a7d4cf24796c22806cbf528696068d0dbc06d377cbdec,829a2122fab3ae843a3ab07164c05ec3d8116a91399885502b3317d145e7c708
sample,dense_crlf-49,427,2547000,259999,10000,4376ae7067b0aa03f34a7d4cf24796c22806cbf528696068d0dbc06d377cbdec,829a2122fab3ae843a3ab07164c05ec3d8116a91399885502b3317d145e7c708
sample,dense_crlf-49,428,2548069,259999,10000,4376ae7067b0aa03f34a7d4cf24796c22806cbf528696068d0dbc06d377cbdec,829a2122fab3ae843a3ab07164c05ec3d8116a91399885502b3317d145e7c708
sample,dense_crlf-49,429,2547230,259999,10000,4376ae7067b0aa03f34a7d4cf24796c22806cbf528696068d0dbc06d377cbdec,829a2122fab3ae843a3ab07164c05ec3d8116a91399885502b3317d145e7c708
sample,dense_crlf-49,430,2543159,259999,10000,4376ae7067b0aa03f34a7d4cf24796c22806cbf528696068d0dbc06d377cbdec,829a2122fab3ae843a3ab07164c05ec3d8116a91399885502b3317d145e7c708
sample,dense_crlf-49,431,2554659,259999,10000,4376ae7067b0aa03f34a7d4cf24796c22806cbf528696068d0dbc06d377cbdec,829a2122fab3ae843a3ab07164c05ec3d8116a91399885502b3317d145e7c708
sample,dense_crlf-49,432,2543090,259999,10000,4376ae7067b0aa03f34a7d4cf24796c22806cbf528696068d0dbc06d377cbdec,829a2122fab3ae843a3ab07164c05ec3d8116a91399885502b3317d145e7c708
sample,dense_crlf-49,433,2546599,259999,10000,4376ae7067b0aa03f34a7d4cf24796c22806cbf528696068d0dbc06d377cbdec,829a2122fab3ae843a3ab07164c05ec3d8116a91399885502b3317d145e7c708
sample,dense_crlf-49,434,2541950,259999,10000,4376ae7067b0aa03f34a7d4cf24796c22806cbf528696068d0dbc06d377cbdec,829a2122fab3ae843a3ab07164c05ec3d8116a91399885502b3317d145e7c708
sample,dense_crlf-49,435,2547659,259999,10000,4376ae7067b0aa03f34a7d4cf24796c22806cbf528696068d0dbc06d377cbdec,829a2122fab3ae843a3ab07164c05ec3d8116a91399885502b3317d145e7c708
sample,dense_crlf-49,436,2568940,259999,10000,4376ae7067b0aa03f34a7d4cf24796c22806cbf528696068d0dbc06d377cbdec,829a2122fab3ae843a3ab07164c05ec3d8116a91399885502b3317d145e7c708
sample,dense_crlf-49,437,2547659,259999,10000,4376ae7067b0aa03f34a7d4cf24796c22806cbf528696068d0dbc06d377cbdec,829a2122fab3ae843a3ab07164c05ec3d8116a91399885502b3317d145e7c708
sample,dense_crlf-49,438,2546150,259999,10000,4376ae7067b0aa03f34a7d4cf24796c22806cbf528696068d0dbc06d377cbdec,829a2122fab3ae843a3ab07164c05ec3d8116a91399885502b3317d145e7c708
sample,dense_crlf-49,439,2546669,259999,10000,4376ae7067b0aa03f34a7d4cf24796c22806cbf528696068d0dbc06d377cbdec,829a2122fab3ae843a3ab07164c05ec3d8116a91399885502b3317d145e7c708
sample,dense_crlf-49,440,2551719,259999,10000,4376ae7067b0aa03f34a7d4cf24796c22806cbf528696068d0dbc06d377cbdec,829a2122fab3ae843a3ab07164c05ec3d8116a91399885502b3317d145e7c708
sample,dense_crlf-49,441,2547930,259999,10000,4376ae7067b0aa03f34a7d4cf24796c22806cbf528696068d0dbc06d377cbdec,829a2122fab3ae843a3ab07164c05ec3d8116a91399885502b3317d145e7c708
sample,dense_crlf-49,442,2569779,259999,10000,4376ae7067b0aa03f34a7d4cf24796c22806cbf528696068d0dbc06d377cbdec,829a2122fab3ae843a3ab07164c05ec3d8116a91399885502b3317d145e7c708
sample,dense_crlf-49,443,2561160,259999,10000,4376ae7067b0aa03f34a7d4cf24796c22806cbf528696068d0dbc06d377cbdec,829a2122fab3ae843a3ab07164c05ec3d8116a91399885502b3317d145e7c708
sample,dense_crlf-49,444,2553149,259999,10000,4376ae7067b0aa03f34a7d4cf24796c22806cbf528696068d0dbc06d377cbdec,829a2122fab3ae843a3ab07164c05ec3d8116a91399885502b3317d145e7c708
sample,dense_crlf-49,445,2550450,259999,10000,4376ae7067b0aa03f34a7d4cf24796c22806cbf528696068d0dbc06d377cbdec,829a2122fab3ae843a3ab07164c05ec3d8116a91399885502b3317d145e7c708
sample,dense_crlf-49,446,2553899,259999,10000,4376ae7067b0aa03f34a7d4cf24796c22806cbf528696068d0dbc06d377cbdec,829a2122fab3ae843a3ab07164c05ec3d8116a91399885502b3317d145e7c708
sample,dense_crlf-49,447,2549300,259999,10000,4376ae7067b0aa03f34a7d4cf24796c22806cbf528696068d0dbc06d377cbdec,829a2122fab3ae843a3ab07164c05ec3d8116a91399885502b3317d145e7c708
sample,dense_crlf-49,448,2543369,259999,10000,4376ae7067b0aa03f34a7d4cf24796c22806cbf528696068d0dbc06d377cbdec,829a2122fab3ae843a3ab07164c05ec3d8116a91399885502b3317d145e7c708
sample,dense_crlf-49,449,2549559,259999,10000,4376ae7067b0aa03f34a7d4cf24796c22806cbf528696068d0dbc06d377cbdec,829a2122fab3ae843a3ab07164c05ec3d8116a91399885502b3317d145e7c708
sample,dense_crlf-49,450,2548650,259999,10000,4376ae7067b0aa03f34a7d4cf24796c22806cbf528696068d0dbc06d377cbdec,829a2122fab3ae843a3ab07164c05ec3d8116a91399885502b3317d145e7c708
sample,dense_crlf-49,451,2545849,259999,10000,4376ae7067b0aa03f34a7d4cf24796c22806cbf528696068d0dbc06d377cbdec,829a2122fab3ae843a3ab07164c05ec3d8116a91399885502b3317d145e7c708
sample,dense_crlf-49,452,2540640,259999,10000,4376ae7067b0aa03f34a7d4cf24796c22806cbf528696068d0dbc06d377cbdec,829a2122fab3ae843a3ab07164c05ec3d8116a91399885502b3317d145e7c708
sample,dense_crlf-49,453,2550149,259999,10000,4376ae7067b0aa03f34a7d4cf24796c22806cbf528696068d0dbc06d377cbdec,829a2122fab3ae843a3ab07164c05ec3d8116a91399885502b3317d145e7c708
sample,dense_crlf-49,454,2546089,259999,10000,4376ae7067b0aa03f34a7d4cf24796c22806cbf528696068d0dbc06d377cbdec,829a2122fab3ae843a3ab07164c05ec3d8116a91399885502b3317d145e7c708
sample,dense_crlf-49,455,2542360,259999,10000,4376ae7067b0aa03f34a7d4cf24796c22806cbf528696068d0dbc06d377cbdec,829a2122fab3ae843a3ab07164c05ec3d8116a91399885502b3317d145e7c708
sample,dense_crlf-49,456,2554629,259999,10000,4376ae7067b0aa03f34a7d4cf24796c22806cbf528696068d0dbc06d377cbdec,829a2122fab3ae843a3ab07164c05ec3d8116a91399885502b3317d145e7c708
sample,dense_crlf-49,457,2544400,259999,10000,4376ae7067b0aa03f34a7d4cf24796c22806cbf528696068d0dbc06d377cbdec,829a2122fab3ae843a3ab07164c05ec3d8116a91399885502b3317d145e7c708
sample,dense_crlf-49,458,2549709,259999,10000,4376ae7067b0aa03f34a7d4cf24796c22806cbf528696068d0dbc06d377cbdec,829a2122fab3ae843a3ab07164c05ec3d8116a91399885502b3317d145e7c708
sample,dense_crlf-49,459,2541910,259999,10000,4376ae7067b0aa03f34a7d4cf24796c22806cbf528696068d0dbc06d377cbdec,829a2122fab3ae843a3ab07164c05ec3d8116a91399885502b3317d145e7c708
sample,dense_crlf-49,460,2551159,259999,10000,4376ae7067b0aa03f34a7d4cf24796c22806cbf528696068d0dbc06d377cbdec,829a2122fab3ae843a3ab07164c05ec3d8116a91399885502b3317d145e7c708
sample,dense_crlf-49,461,2539629,259999,10000,4376ae7067b0aa03f34a7d4cf24796c22806cbf528696068d0dbc06d377cbdec,829a2122fab3ae843a3ab07164c05ec3d8116a91399885502b3317d145e7c708
sample,dense_crlf-49,462,2552580,259999,10000,4376ae7067b0aa03f34a7d4cf24796c22806cbf528696068d0dbc06d377cbdec,829a2122fab3ae843a3ab07164c05ec3d8116a91399885502b3317d145e7c708
sample,dense_crlf-49,463,2537779,259999,10000,4376ae7067b0aa03f34a7d4cf24796c22806cbf528696068d0dbc06d377cbdec,829a2122fab3ae843a3ab07164c05ec3d8116a91399885502b3317d145e7c708
sample,dense_crlf-49,464,2549520,259999,10000,4376ae7067b0aa03f34a7d4cf24796c22806cbf528696068d0dbc06d377cbdec,829a2122fab3ae843a3ab07164c05ec3d8116a91399885502b3317d145e7c708
sample,dense_crlf-49,465,2540359,259999,10000,4376ae7067b0aa03f34a7d4cf24796c22806cbf528696068d0dbc06d377cbdec,829a2122fab3ae843a3ab07164c05ec3d8116a91399885502b3317d145e7c708
sample,dense_crlf-49,466,2540599,259999,10000,4376ae7067b0aa03f34a7d4cf24796c22806cbf528696068d0dbc06d377cbdec,829a2122fab3ae843a3ab07164c05ec3d8116a91399885502b3317d145e7c708
sample,dense_crlf-49,467,2545370,259999,10000,4376ae7067b0aa03f34a7d4cf24796c22806cbf528696068d0dbc06d377cbdec,829a2122fab3ae843a3ab07164c05ec3d8116a91399885502b3317d145e7c708
sample,dense_crlf-49,468,2541419,259999,10000,4376ae7067b0aa03f34a7d4cf24796c22806cbf528696068d0dbc06d377cbdec,829a2122fab3ae843a3ab07164c05ec3d8116a91399885502b3317d145e7c708
sample,dense_crlf-49,469,2552460,259999,10000,4376ae7067b0aa03f34a7d4cf24796c22806cbf528696068d0dbc06d377cbdec,829a2122fab3ae843a3ab07164c05ec3d8116a91399885502b3317d145e7c708
sample,dense_crlf-49,470,2537489,259999,10000,4376ae7067b0aa03f34a7d4cf24796c22806cbf528696068d0dbc06d377cbdec,829a2122fab3ae843a3ab07164c05ec3d8116a91399885502b3317d145e7c708
sample,dense_crlf-49,471,2549710,259999,10000,4376ae7067b0aa03f34a7d4cf24796c22806cbf528696068d0dbc06d377cbdec,829a2122fab3ae843a3ab07164c05ec3d8116a91399885502b3317d145e7c708
sample,dense_crlf-49,472,2545179,259999,10000,4376ae7067b0aa03f34a7d4cf24796c22806cbf528696068d0dbc06d377cbdec,829a2122fab3ae843a3ab07164c05ec3d8116a91399885502b3317d145e7c708
sample,dense_crlf-49,473,2544879,259999,10000,4376ae7067b0aa03f34a7d4cf24796c22806cbf528696068d0dbc06d377cbdec,829a2122fab3ae843a3ab07164c05ec3d8116a91399885502b3317d145e7c708
sample,dense_crlf-49,474,2543630,259999,10000,4376ae7067b0aa03f34a7d4cf24796c22806cbf528696068d0dbc06d377cbdec,829a2122fab3ae843a3ab07164c05ec3d8116a91399885502b3317d145e7c708
sample,dense_crlf-49,475,2547499,259999,10000,4376ae7067b0aa03f34a7d4cf24796c22806cbf528696068d0dbc06d377cbdec,829a2122fab3ae843a3ab07164c05ec3d8116a91399885502b3317d145e7c708
sample,dense_crlf-49,476,2547170,259999,10000,4376ae7067b0aa03f34a7d4cf24796c22806cbf528696068d0dbc06d377cbdec,829a2122fab3ae843a3ab07164c05ec3d8116a91399885502b3317d145e7c708
sample,dense_crlf-49,477,2542919,259999,10000,4376ae7067b0aa03f34a7d4cf24796c22806cbf528696068d0dbc06d377cbdec,829a2122fab3ae843a3ab07164c05ec3d8116a91399885502b3317d145e7c708
sample,dense_crlf-49,478,2543489,259999,10000,4376ae7067b0aa03f34a7d4cf24796c22806cbf528696068d0dbc06d377cbdec,829a2122fab3ae843a3ab07164c05ec3d8116a91399885502b3317d145e7c708
sample,dense_crlf-49,479,2539600,259999,10000,4376ae7067b0aa03f34a7d4cf24796c22806cbf528696068d0dbc06d377cbdec,829a2122fab3ae843a3ab07164c05ec3d8116a91399885502b3317d145e7c708
sample,dense_crlf-49,480,2548779,259999,10000,4376ae7067b0aa03f34a7d4cf24796c22806cbf528696068d0dbc06d377cbdec,829a2122fab3ae843a3ab07164c05ec3d8116a91399885502b3317d145e7c708
sample,dense_crlf-49,481,2538670,259999,10000,4376ae7067b0aa03f34a7d4cf24796c22806cbf528696068d0dbc06d377cbdec,829a2122fab3ae843a3ab07164c05ec3d8116a91399885502b3317d145e7c708
sample,dense_crlf-49,482,2584609,259999,10000,4376ae7067b0aa03f34a7d4cf24796c22806cbf528696068d0dbc06d377cbdec,829a2122fab3ae843a3ab07164c05ec3d8116a91399885502b3317d145e7c708
sample,dense_crlf-49,483,2543350,259999,10000,4376ae7067b0aa03f34a7d4cf24796c22806cbf528696068d0dbc06d377cbdec,829a2122fab3ae843a3ab07164c05ec3d8116a91399885502b3317d145e7c708
sample,dense_crlf-49,484,2545669,259999,10000,4376ae7067b0aa03f34a7d4cf24796c22806cbf528696068d0dbc06d377cbdec,829a2122fab3ae843a3ab07164c05ec3d8116a91399885502b3317d145e7c708
sample,dense_crlf-49,485,2549979,259999,10000,4376ae7067b0aa03f34a7d4cf24796c22806cbf528696068d0dbc06d377cbdec,829a2122fab3ae843a3ab07164c05ec3d8116a91399885502b3317d145e7c708
sample,dense_crlf-49,486,2548670,259999,10000,4376ae7067b0aa03f34a7d4cf24796c22806cbf528696068d0dbc06d377cbdec,829a2122fab3ae843a3ab07164c05ec3d8116a91399885502b3317d145e7c708
sample,dense_crlf-49,487,2548809,259999,10000,4376ae7067b0aa03f34a7d4cf24796c22806cbf528696068d0dbc06d377cbdec,829a2122fab3ae843a3ab07164c05ec3d8116a91399885502b3317d145e7c708
sample,dense_crlf-49,488,2539440,259999,10000,4376ae7067b0aa03f34a7d4cf24796c22806cbf528696068d0dbc06d377cbdec,829a2122fab3ae843a3ab07164c05ec3d8116a91399885502b3317d145e7c708
sample,dense_crlf-49,489,2541349,259999,10000,4376ae7067b0aa03f34a7d4cf24796c22806cbf528696068d0dbc06d377cbdec,829a2122fab3ae843a3ab07164c05ec3d8116a91399885502b3317d145e7c708
sample,dense_crlf-49,490,2540250,259999,10000,4376ae7067b0aa03f34a7d4cf24796c22806cbf528696068d0dbc06d377cbdec,829a2122fab3ae843a3ab07164c05ec3d8116a91399885502b3317d145e7c708
sample,dense_crlf-49,491,2548819,259999,10000,4376ae7067b0aa03f34a7d4cf24796c22806cbf528696068d0dbc06d377cbdec,829a2122fab3ae843a3ab07164c05ec3d8116a91399885502b3317d145e7c708
sample,dense_crlf-49,492,2534259,259999,10000,4376ae7067b0aa03f34a7d4cf24796c22806cbf528696068d0dbc06d377cbdec,829a2122fab3ae843a3ab07164c05ec3d8116a91399885502b3317d145e7c708
sample,dense_crlf-49,493,2544150,259999,10000,4376ae7067b0aa03f34a7d4cf24796c22806cbf528696068d0dbc06d377cbdec,829a2122fab3ae843a3ab07164c05ec3d8116a91399885502b3317d145e7c708
sample,dense_crlf-49,494,2747600,259999,10000,4376ae7067b0aa03f34a7d4cf24796c22806cbf528696068d0dbc06d377cbdec,829a2122fab3ae843a3ab07164c05ec3d8116a91399885502b3317d145e7c708
sample,dense_crlf-49,495,2548429,259999,10000,4376ae7067b0aa03f34a7d4cf24796c22806cbf528696068d0dbc06d377cbdec,829a2122fab3ae843a3ab07164c05ec3d8116a91399885502b3317d145e7c708
sample,dense_crlf-49,496,2563280,259999,10000,4376ae7067b0aa03f34a7d4cf24796c22806cbf528696068d0dbc06d377cbdec,829a2122fab3ae843a3ab07164c05ec3d8116a91399885502b3317d145e7c708
sample,dense_crlf-49,497,2546929,259999,10000,4376ae7067b0aa03f34a7d4cf24796c22806cbf528696068d0dbc06d377cbdec,829a2122fab3ae843a3ab07164c05ec3d8116a91399885502b3317d145e7c708
sample,dense_crlf-49,498,2538430,259999,10000,4376ae7067b0aa03f34a7d4cf24796c22806cbf528696068d0dbc06d377cbdec,829a2122fab3ae843a3ab07164c05ec3d8116a91399885502b3317d145e7c708
sample,dense_crlf-49,499,2546849,259999,10000,4376ae7067b0aa03f34a7d4cf24796c22806cbf528696068d0dbc06d377cbdec,829a2122fab3ae843a3ab07164c05ec3d8116a91399885502b3317d145e7c708
sample,all_cr-49,0,4164396,499999,10000,ea7a9190fa54ae2fe2083736a3ac40737f9a749d3c6ddbd813ece3a17b0f8024,4e7c6f011d6b8b058eca5405170a297fedec9dffae013fb31064ef78e8959eba
sample,all_cr-49,1,4163465,499999,10000,ea7a9190fa54ae2fe2083736a3ac40737f9a749d3c6ddbd813ece3a17b0f8024,4e7c6f011d6b8b058eca5405170a297fedec9dffae013fb31064ef78e8959eba
sample,all_cr-49,2,4155426,499999,10000,ea7a9190fa54ae2fe2083736a3ac40737f9a749d3c6ddbd813ece3a17b0f8024,4e7c6f011d6b8b058eca5405170a297fedec9dffae013fb31064ef78e8959eba
sample,all_cr-49,3,4176545,499999,10000,ea7a9190fa54ae2fe2083736a3ac40737f9a749d3c6ddbd813ece3a17b0f8024,4e7c6f011d6b8b058eca5405170a297fedec9dffae013fb31064ef78e8959eba
sample,all_cr-49,4,4163705,499999,10000,ea7a9190fa54ae2fe2083736a3ac40737f9a749d3c6ddbd813ece3a17b0f8024,4e7c6f011d6b8b058eca5405170a297fedec9dffae013fb31064ef78e8959eba
sample,all_cr-49,5,4166566,499999,10000,ea7a9190fa54ae2fe2083736a3ac40737f9a749d3c6ddbd813ece3a17b0f8024,4e7c6f011d6b8b058eca5405170a297fedec9dffae013fb31064ef78e8959eba
sample,all_cr-49,6,4158695,499999,10000,ea7a9190fa54ae2fe2083736a3ac40737f9a749d3c6ddbd813ece3a17b0f8024,4e7c6f011d6b8b058eca5405170a297fedec9dffae013fb31064ef78e8959eba
sample,all_cr-49,7,4160286,499999,10000,ea7a9190fa54ae2fe2083736a3ac40737f9a749d3c6ddbd813ece3a17b0f8024,4e7c6f011d6b8b058eca5405170a297fedec9dffae013fb31064ef78e8959eba
sample,all_cr-49,8,4152875,499999,10000,ea7a9190fa54ae2fe2083736a3ac40737f9a749d3c6ddbd813ece3a17b0f8024,4e7c6f011d6b8b058eca5405170a297fedec9dffae013fb31064ef78e8959eba
sample,all_cr-49,9,4172675,499999,10000,ea7a9190fa54ae2fe2083736a3ac40737f9a749d3c6ddbd813ece3a17b0f8024,4e7c6f011d6b8b058eca5405170a297fedec9dffae013fb31064ef78e8959eba
sample,all_cr-49,10,4153386,499999,10000,ea7a9190fa54ae2fe2083736a3ac40737f9a749d3c6ddbd813ece3a17b0f8024,4e7c6f011d6b8b058eca5405170a297fedec9dffae013fb31064ef78e8959eba
sample,all_cr-49,11,4162585,499999,10000,ea7a9190fa54ae2fe2083736a3ac40737f9a749d3c6ddbd813ece3a17b0f8024,4e7c6f011d6b8b058eca5405170a297fedec9dffae013fb31064ef78e8959eba
sample,all_cr-49,12,4150795,499999,10000,ea7a9190fa54ae2fe2083736a3ac40737f9a749d3c6ddbd813ece3a17b0f8024,4e7c6f011d6b8b058eca5405170a297fedec9dffae013fb31064ef78e8959eba
sample,all_cr-49,13,4197506,499999,10000,ea7a9190fa54ae2fe2083736a3ac40737f9a749d3c6ddbd813ece3a17b0f8024,4e7c6f011d6b8b058eca5405170a297fedec9dffae013fb31064ef78e8959eba
sample,all_cr-49,14,4167745,499999,10000,ea7a9190fa54ae2fe2083736a3ac40737f9a749d3c6ddbd813ece3a17b0f8024,4e7c6f011d6b8b058eca5405170a297fedec9dffae013fb31064ef78e8959eba
sample,all_cr-49,15,4169356,499999,10000,ea7a9190fa54ae2fe2083736a3ac40737f9a749d3c6ddbd813ece3a17b0f8024,4e7c6f011d6b8b058eca5405170a297fedec9dffae013fb31064ef78e8959eba
sample,all_cr-49,16,4157295,499999,10000,ea7a9190fa54ae2fe2083736a3ac40737f9a749d3c6ddbd813ece3a17b0f8024,4e7c6f011d6b8b058eca5405170a297fedec9dffae013fb31064ef78e8959eba
sample,all_cr-49,17,4171265,499999,10000,ea7a9190fa54ae2fe2083736a3ac40737f9a749d3c6ddbd813ece3a17b0f8024,4e7c6f011d6b8b058eca5405170a297fedec9dffae013fb31064ef78e8959eba
sample,all_cr-49,18,4179385,499999,10000,ea7a9190fa54ae2fe2083736a3ac40737f9a749d3c6ddbd813ece3a17b0f8024,4e7c6f011d6b8b058eca5405170a297fedec9dffae013fb31064ef78e8959eba
sample,all_cr-49,19,4169075,499999,10000,ea7a9190fa54ae2fe2083736a3ac40737f9a749d3c6ddbd813ece3a17b0f8024,4e7c6f011d6b8b058eca5405170a297fedec9dffae013fb31064ef78e8959eba
sample,all_cr-49,20,4156696,499999,10000,ea7a9190fa54ae2fe2083736a3ac40737f9a749d3c6ddbd813ece3a17b0f8024,4e7c6f011d6b8b058eca5405170a297fedec9dffae013fb31064ef78e8959eba
sample,all_cr-49,21,4205325,499999,10000,ea7a9190fa54ae2fe2083736a3ac40737f9a749d3c6ddbd813ece3a17b0f8024,4e7c6f011d6b8b058eca5405170a297fedec9dffae013fb31064ef78e8959eba
sample,all_cr-49,22,4209696,499999,10000,ea7a9190fa54ae2fe2083736a3ac40737f9a749d3c6ddbd813ece3a17b0f8024,4e7c6f011d6b8b058eca5405170a297fedec9dffae013fb31064ef78e8959eba
sample,all_cr-49,23,4172255,499999,10000,ea7a9190fa54ae2fe2083736a3ac40737f9a749d3c6ddbd813ece3a17b0f8024,4e7c6f011d6b8b058eca5405170a297fedec9dffae013fb31064ef78e8959eba
sample,all_cr-49,24,4155596,499999,10000,ea7a9190fa54ae2fe2083736a3ac40737f9a749d3c6ddbd813ece3a17b0f8024,4e7c6f011d6b8b058eca5405170a297fedec9dffae013fb31064ef78e8959eba
sample,all_cr-49,25,4158455,499999,10000,ea7a9190fa54ae2fe2083736a3ac40737f9a749d3c6ddbd813ece3a17b0f8024,4e7c6f011d6b8b058eca5405170a297fedec9dffae013fb31064ef78e8959eba
sample,all_cr-49,26,4203726,499999,10000,ea7a9190fa54ae2fe2083736a3ac40737f9a749d3c6ddbd813ece3a17b0f8024,4e7c6f011d6b8b058eca5405170a297fedec9dffae013fb31064ef78e8959eba
sample,all_cr-49,27,4168995,499999,10000,ea7a9190fa54ae2fe2083736a3ac40737f9a749d3c6ddbd813ece3a17b0f8024,4e7c6f011d6b8b058eca5405170a297fedec9dffae013fb31064ef78e8959eba
sample,all_cr-49,28,4152995,499999,10000,ea7a9190fa54ae2fe2083736a3ac40737f9a749d3c6ddbd813ece3a17b0f8024,4e7c6f011d6b8b058eca5405170a297fedec9dffae013fb31064ef78e8959eba
sample,all_cr-49,29,4164096,499999,10000,ea7a9190fa54ae2fe2083736a3ac40737f9a749d3c6ddbd813ece3a17b0f8024,4e7c6f011d6b8b058eca5405170a297fedec9dffae013fb31064ef78e8959eba
sample,all_cr-49,30,4155405,499999,10000,ea7a9190fa54ae2fe2083736a3ac40737f9a749d3c6ddbd813ece3a17b0f8024,4e7c6f011d6b8b058eca5405170a297fedec9dffae013fb31064ef78e8959eba
sample,all_cr-49,31,4158675,499999,10000,ea7a9190fa54ae2fe2083736a3ac40737f9a749d3c6ddbd813ece3a17b0f8024,4e7c6f011d6b8b058eca5405170a297fedec9dffae013fb31064ef78e8959eba
sample,all_cr-49,32,4169656,499999,10000,ea7a9190fa54ae2fe2083736a3ac40737f9a749d3c6ddbd813ece3a17b0f8024,4e7c6f011d6b8b058eca5405170a297fedec9dffae013fb31064ef78e8959eba
sample,all_cr-49,33,4176345,499999,10000,ea7a9190fa54ae2fe2083736a3ac40737f9a749d3c6ddbd813ece3a17b0f8024,4e7c6f011d6b8b058eca5405170a297fedec9dffae013fb31064ef78e8959eba
sample,all_cr-49,34,4154596,499999,10000,ea7a9190fa54ae2fe2083736a3ac40737f9a749d3c6ddbd813ece3a17b0f8024,4e7c6f011d6b8b058eca5405170a297fedec9dffae013fb31064ef78e8959eba
sample,all_cr-49,35,4163695,499999,10000,ea7a9190fa54ae2fe2083736a3ac40737f9a749d3c6ddbd813ece3a17b0f8024,4e7c6f011d6b8b058eca5405170a297fedec9dffae013fb31064ef78e8959eba
sample,all_cr-49,36,4201066,499999,10000,ea7a9190fa54ae2fe2083736a3ac40737f9a749d3c6ddbd813ece3a17b0f8024,4e7c6f011d6b8b058eca5405170a297fedec9dffae013fb31064ef78e8959eba
sample,all_cr-49,37,4166965,499999,10000,ea7a9190fa54ae2fe2083736a3ac40737f9a749d3c6ddbd813ece3a17b0f8024,4e7c6f011d6b8b058eca5405170a297fedec9dffae013fb31064ef78e8959eba
sample,all_cr-49,38,4162635,499999,10000,ea7a9190fa54ae2fe2083736a3ac40737f9a749d3c6ddbd813ece3a17b0f8024,4e7c6f011d6b8b058eca5405170a297fedec9dffae013fb31064ef78e8959eba
sample,all_cr-49,39,4202696,499999,10000,ea7a9190fa54ae2fe2083736a3ac40737f9a749d3c6ddbd813ece3a17b0f8024,4e7c6f011d6b8b058eca5405170a297fedec9dffae013fb31064ef78e8959eba
sample,all_cr-49,40,4158235,499999,10000,ea7a9190fa54ae2fe2083736a3ac40737f9a749d3c6ddbd813ece3a17b0f8024,4e7c6f011d6b8b058eca5405170a297fedec9dffae013fb31064ef78e8959eba
sample,all_cr-49,41,4163106,499999,10000,ea7a9190fa54ae2fe2083736a3ac40737f9a749d3c6ddbd813ece3a17b0f8024,4e7c6f011d6b8b058eca5405170a297fedec9dffae013fb31064ef78e8959eba
sample,all_cr-49,42,4156515,499999,10000,ea7a9190fa54ae2fe2083736a3ac40737f9a749d3c6ddbd813ece3a17b0f8024,4e7c6f011d6b8b058eca5405170a297fedec9dffae013fb31064ef78e8959eba
sample,all_cr-49,43,4169676,499999,10000,ea7a9190fa54ae2fe2083736a3ac40737f9a749d3c6ddbd813ece3a17b0f8024,4e7c6f011d6b8b058eca5405170a297fedec9dffae013fb31064ef78e8959eba
sample,all_cr-49,44,4153375,499999,10000,ea7a9190fa54ae2fe2083736a3ac40737f9a749d3c6ddbd813ece3a17b0f8024,4e7c6f011d6b8b058eca5405170a297fedec9dffae013fb31064ef78e8959eba
sample,all_cr-49,45,4160535,499999,10000,ea7a9190fa54ae2fe2083736a3ac40737f9a749d3c6ddbd813ece3a17b0f8024,4e7c6f011d6b8b058eca5405170a297fedec9dffae013fb31064ef78e8959eba
sample,all_cr-49,46,4153546,499999,10000,ea7a9190fa54ae2fe2083736a3ac40737f9a749d3c6ddbd813ece3a17b0f8024,4e7c6f011d6b8b058eca5405170a297fedec9dffae013fb31064ef78e8959eba
sample,all_cr-49,47,4180285,499999,10000,ea7a9190fa54ae2fe2083736a3ac40737f9a749d3c6ddbd813ece3a17b0f8024,4e7c6f011d6b8b058eca5405170a297fedec9dffae013fb31064ef78e8959eba
sample,all_cr-49,48,4154485,499999,10000,ea7a9190fa54ae2fe2083736a3ac40737f9a749d3c6ddbd813ece3a17b0f8024,4e7c6f011d6b8b058eca5405170a297fedec9dffae013fb31064ef78e8959eba
sample,all_cr-49,49,4159426,499999,10000,ea7a9190fa54ae2fe2083736a3ac40737f9a749d3c6ddbd813ece3a17b0f8024,4e7c6f011d6b8b058eca5405170a297fedec9dffae013fb31064ef78e8959eba
sample,all_cr-49,50,4160645,499999,10000,ea7a9190fa54ae2fe2083736a3ac40737f9a749d3c6ddbd813ece3a17b0f8024,4e7c6f011d6b8b058eca5405170a297fedec9dffae013fb31064ef78e8959eba
sample,all_cr-49,51,4164486,499999,10000,ea7a9190fa54ae2fe2083736a3ac40737f9a749d3c6ddbd813ece3a17b0f8024,4e7c6f011d6b8b058eca5405170a297fedec9dffae013fb31064ef78e8959eba
sample,all_cr-49,52,4169375,499999,10000,ea7a9190fa54ae2fe2083736a3ac40737f9a749d3c6ddbd813ece3a17b0f8024,4e7c6f011d6b8b058eca5405170a297fedec9dffae013fb31064ef78e8959eba
sample,all_cr-49,53,4186495,499999,10000,ea7a9190fa54ae2fe2083736a3ac40737f9a749d3c6ddbd813ece3a17b0f8024,4e7c6f011d6b8b058eca5405170a297fedec9dffae013fb31064ef78e8959eba
sample,all_cr-49,54,4160966,499999,10000,ea7a9190fa54ae2fe2083736a3ac40737f9a749d3c6ddbd813ece3a17b0f8024,4e7c6f011d6b8b058eca5405170a297fedec9dffae013fb31064ef78e8959eba
sample,all_cr-49,55,4168735,499999,10000,ea7a9190fa54ae2fe2083736a3ac40737f9a749d3c6ddbd813ece3a17b0f8024,4e7c6f011d6b8b058eca5405170a297fedec9dffae013fb31064ef78e8959eba
sample,all_cr-49,56,4161766,499999,10000,ea7a9190fa54ae2fe2083736a3ac40737f9a749d3c6ddbd813ece3a17b0f8024,4e7c6f011d6b8b058eca5405170a297fedec9dffae013fb31064ef78e8959eba
sample,all_cr-49,57,4183545,499999,10000,ea7a9190fa54ae2fe2083736a3ac40737f9a749d3c6ddbd813ece3a17b0f8024,4e7c6f011d6b8b058eca5405170a297fedec9dffae013fb31064ef78e8959eba
sample,all_cr-49,58,4217946,499999,10000,ea7a9190fa54ae2fe2083736a3ac40737f9a749d3c6ddbd813ece3a17b0f8024,4e7c6f011d6b8b058eca5405170a297fedec9dffae013fb31064ef78e8959eba
sample,all_cr-49,59,4187945,499999,10000,ea7a9190fa54ae2fe2083736a3ac40737f9a749d3c6ddbd813ece3a17b0f8024,4e7c6f011d6b8b058eca5405170a297fedec9dffae013fb31064ef78e8959eba
sample,all_cr-49,60,4177336,499999,10000,ea7a9190fa54ae2fe2083736a3ac40737f9a749d3c6ddbd813ece3a17b0f8024,4e7c6f011d6b8b058eca5405170a297fedec9dffae013fb31064ef78e8959eba
sample,all_cr-49,61,4188375,499999,10000,ea7a9190fa54ae2fe2083736a3ac40737f9a749d3c6ddbd813ece3a17b0f8024,4e7c6f011d6b8b058eca5405170a297fedec9dffae013fb31064ef78e8959eba
sample,all_cr-49,62,4153996,499999,10000,ea7a9190fa54ae2fe2083736a3ac40737f9a749d3c6ddbd813ece3a17b0f8024,4e7c6f011d6b8b058eca5405170a297fedec9dffae013fb31064ef78e8959eba
sample,all_cr-49,63,4187975,499999,10000,ea7a9190fa54ae2fe2083736a3ac40737f9a749d3c6ddbd813ece3a17b0f8024,4e7c6f011d6b8b058eca5405170a297fedec9dffae013fb31064ef78e8959eba
sample,all_cr-49,64,4155585,499999,10000,ea7a9190fa54ae2fe2083736a3ac40737f9a749d3c6ddbd813ece3a17b0f8024,4e7c6f011d6b8b058eca5405170a297fedec9dffae013fb31064ef78e8959eba
sample,all_cr-49,65,4187736,499999,10000,ea7a9190fa54ae2fe2083736a3ac40737f9a749d3c6ddbd813ece3a17b0f8024,4e7c6f011d6b8b058eca5405170a297fedec9dffae013fb31064ef78e8959eba
sample,all_cr-49,66,4157145,499999,10000,ea7a9190fa54ae2fe2083736a3ac40737f9a749d3c6ddbd813ece3a17b0f8024,4e7c6f011d6b8b058eca5405170a297fedec9dffae013fb31064ef78e8959eba
sample,all_cr-49,67,4178486,499999,10000,ea7a9190fa54ae2fe2083736a3ac40737f9a749d3c6ddbd813ece3a17b0f8024,4e7c6f011d6b8b058eca5405170a297fedec9dffae013fb31064ef78e8959eba
sample,all_cr-49,68,4153935,499999,10000,ea7a9190fa54ae2fe2083736a3ac40737f9a749d3c6ddbd813ece3a17b0f8024,4e7c6f011d6b8b058eca5405170a297fedec9dffae013fb31064ef78e8959eba
sample,all_cr-49,69,4181095,499999,10000,ea7a9190fa54ae2fe2083736a3ac40737f9a749d3c6ddbd813ece3a17b0f8024,4e7c6f011d6b8b058eca5405170a297fedec9dffae013fb31064ef78e8959eba
sample,all_cr-49,70,4173156,499999,10000,ea7a9190fa54ae2fe2083736a3ac40737f9a749d3c6ddbd813ece3a17b0f8024,4e7c6f011d6b8b058eca5405170a297fedec9dffae013fb31064ef78e8959eba
sample,all_cr-49,71,4175405,499999,10000,ea7a9190fa54ae2fe2083736a3ac40737f9a749d3c6ddbd813ece3a17b0f8024,4e7c6f011d6b8b058eca5405170a297fedec9dffae013fb31064ef78e8959eba
sample,all_cr-49,72,4163686,499999,10000,ea7a9190fa54ae2fe2083736a3ac40737f9a749d3c6ddbd813ece3a17b0f8024,4e7c6f011d6b8b058eca5405170a297fedec9dffae013fb31064ef78e8959eba
sample,all_cr-49,73,4174425,499999,10000,ea7a9190fa54ae2fe2083736a3ac40737f9a749d3c6ddbd813ece3a17b0f8024,4e7c6f011d6b8b058eca5405170a297fedec9dffae013fb31064ef78e8959eba
sample,all_cr-49,74,4175456,499999,10000,ea7a9190fa54ae2fe2083736a3ac40737f9a749d3c6ddbd813ece3a17b0f8024,4e7c6f011d6b8b058eca5405170a297fedec9dffae013fb31064ef78e8959eba
sample,all_cr-49,75,4170245,499999,10000,ea7a9190fa54ae2fe2083736a3ac40737f9a749d3c6ddbd813ece3a17b0f8024,4e7c6f011d6b8b058eca5405170a297fedec9dffae013fb31064ef78e8959eba
sample,all_cr-49,76,4162095,499999,10000,ea7a9190fa54ae2fe2083736a3ac40737f9a749d3c6ddbd813ece3a17b0f8024,4e7c6f011d6b8b058eca5405170a297fedec9dffae013fb31064ef78e8959eba
sample,all_cr-49,77,4161746,499999,10000,ea7a9190fa54ae2fe2083736a3ac40737f9a749d3c6ddbd813ece3a17b0f8024,4e7c6f011d6b8b058eca5405170a297fedec9dffae013fb31064ef78e8959eba
sample,all_cr-49,78,4152585,499999,10000,ea7a9190fa54ae2fe2083736a3ac40737f9a749d3c6ddbd813ece3a17b0f8024,4e7c6f011d6b8b058eca5405170a297fedec9dffae013fb31064ef78e8959eba
sample,all_cr-49,79,4175296,499999,10000,ea7a9190fa54ae2fe2083736a3ac40737f9a749d3c6ddbd813ece3a17b0f8024,4e7c6f011d6b8b058eca5405170a297fedec9dffae013fb31064ef78e8959eba
sample,all_cr-49,80,4163705,499999,10000,ea7a9190fa54ae2fe2083736a3ac40737f9a749d3c6ddbd813ece3a17b0f8024,4e7c6f011d6b8b058eca5405170a297fedec9dffae013fb31064ef78e8959eba
sample,all_cr-49,81,4187925,499999,10000,ea7a9190fa54ae2fe2083736a3ac40737f9a749d3c6ddbd813ece3a17b0f8024,4e7c6f011d6b8b058eca5405170a297fedec9dffae013fb31064ef78e8959eba
sample,all_cr-49,82,4178346,499999,10000,ea7a9190fa54ae2fe2083736a3ac40737f9a749d3c6ddbd813ece3a17b0f8024,4e7c6f011d6b8b058eca5405170a297fedec9dffae013fb31064ef78e8959eba
sample,all_cr-49,83,4168075,499999,10000,ea7a9190fa54ae2fe2083736a3ac40737f9a749d3c6ddbd813ece3a17b0f8024,4e7c6f011d6b8b058eca5405170a297fedec9dffae013fb31064ef78e8959eba
sample,all_cr-49,84,4158296,499999,10000,ea7a9190fa54ae2fe2083736a3ac40737f9a749d3c6ddbd813ece3a17b0f8024,4e7c6f011d6b8b058eca5405170a297fedec9dffae013fb31064ef78e8959eba
sample,all_cr-49,85,4164025,499999,10000,ea7a9190fa54ae2fe2083736a3ac40737f9a749d3c6ddbd813ece3a17b0f8024,4e7c6f011d6b8b058eca5405170a297fedec9dffae013fb31064ef78e8959eba
sample,all_cr-49,86,4179436,499999,10000,ea7a9190fa54ae2fe2083736a3ac40737f9a749d3c6ddbd813ece3a17b0f8024,4e7c6f011d6b8b058eca5405170a297fedec9dffae013fb31064ef78e8959eba
sample,all_cr-49,87,4183885,499999,10000,ea7a9190fa54ae2fe2083736a3ac40737f9a749d3c6ddbd813ece3a17b0f8024,4e7c6f011d6b8b058eca5405170a297fedec9dffae013fb31064ef78e8959eba
sample,all_cr-49,88,4173955,499999,10000,ea7a9190fa54ae2fe2083736a3ac40737f9a749d3c6ddbd813ece3a17b0f8024,4e7c6f011d6b8b058eca5405170a297fedec9dffae013fb31064ef78e8959eba
sample,all_cr-49,89,4188176,499999,10000,ea7a9190fa54ae2fe2083736a3ac40737f9a749d3c6ddbd813ece3a17b0f8024,4e7c6f011d6b8b058eca5405170a297fedec9dffae013fb31064ef78e8959eba
sample,all_cr-49,90,4178595,499999,10000,ea7a9190fa54ae2fe2083736a3ac40737f9a749d3c6ddbd813ece3a17b0f8024,4e7c6f011d6b8b058eca5405170a297fedec9dffae013fb31064ef78e8959eba
sample,all_cr-49,91,4194526,499999,10000,ea7a9190fa54ae2fe2083736a3ac40737f9a749d3c6ddbd813ece3a17b0f8024,4e7c6f011d6b8b058eca5405170a297fedec9dffae013fb31064ef78e8959eba
sample,all_cr-49,92,4169705,499999,10000,ea7a9190fa54ae2fe2083736a3ac40737f9a749d3c6ddbd813ece3a17b0f8024,4e7c6f011d6b8b058eca5405170a297fedec9dffae013fb31064ef78e8959eba
sample,all_cr-49,93,4229176,499999,10000,ea7a9190fa54ae2fe2083736a3ac40737f9a749d3c6ddbd813ece3a17b0f8024,4e7c6f011d6b8b058eca5405170a297fedec9dffae013fb31064ef78e8959eba
sample,all_cr-49,94,4172975,499999,10000,ea7a9190fa54ae2fe2083736a3ac40737f9a749d3c6ddbd813ece3a17b0f8024,4e7c6f011d6b8b058eca5405170a297fedec9dffae013fb31064ef78e8959eba
sample,all_cr-49,95,4198536,499999,10000,ea7a9190fa54ae2fe2083736a3ac40737f9a749d3c6ddbd813ece3a17b0f8024,4e7c6f011d6b8b058eca5405170a297fedec9dffae013fb31064ef78e8959eba
sample,all_cr-49,96,4166215,499999,10000,ea7a9190fa54ae2fe2083736a3ac40737f9a749d3c6ddbd813ece3a17b0f8024,4e7c6f011d6b8b058eca5405170a297fedec9dffae013fb31064ef78e8959eba
sample,all_cr-49,97,4184556,499999,10000,ea7a9190fa54ae2fe2083736a3ac40737f9a749d3c6ddbd813ece3a17b0f8024,4e7c6f011d6b8b058eca5405170a297fedec9dffae013fb31064ef78e8959eba
sample,all_cr-49,98,4166575,499999,10000,ea7a9190fa54ae2fe2083736a3ac40737f9a749d3c6ddbd813ece3a17b0f8024,4e7c6f011d6b8b058eca5405170a297fedec9dffae013fb31064ef78e8959eba
sample,all_cr-49,99,4170446,499999,10000,ea7a9190fa54ae2fe2083736a3ac40737f9a749d3c6ddbd813ece3a17b0f8024,4e7c6f011d6b8b058eca5405170a297fedec9dffae013fb31064ef78e8959eba
sample,all_cr-49,100,4155285,499999,10000,ea7a9190fa54ae2fe2083736a3ac40737f9a749d3c6ddbd813ece3a17b0f8024,4e7c6f011d6b8b058eca5405170a297fedec9dffae013fb31064ef78e8959eba
sample,all_cr-49,101,4176795,499999,10000,ea7a9190fa54ae2fe2083736a3ac40737f9a749d3c6ddbd813ece3a17b0f8024,4e7c6f011d6b8b058eca5405170a297fedec9dffae013fb31064ef78e8959eba
sample,all_cr-49,102,4157996,499999,10000,ea7a9190fa54ae2fe2083736a3ac40737f9a749d3c6ddbd813ece3a17b0f8024,4e7c6f011d6b8b058eca5405170a297fedec9dffae013fb31064ef78e8959eba
sample,all_cr-49,103,4157995,499999,10000,ea7a9190fa54ae2fe2083736a3ac40737f9a749d3c6ddbd813ece3a17b0f8024,4e7c6f011d6b8b058eca5405170a297fedec9dffae013fb31064ef78e8959eba
sample,all_cr-49,104,4160046,499999,10000,ea7a9190fa54ae2fe2083736a3ac40737f9a749d3c6ddbd813ece3a17b0f8024,4e7c6f011d6b8b058eca5405170a297fedec9dffae013fb31064ef78e8959eba
sample,all_cr-49,105,4162245,499999,10000,ea7a9190fa54ae2fe2083736a3ac40737f9a749d3c6ddbd813ece3a17b0f8024,4e7c6f011d6b8b058eca5405170a297fedec9dffae013fb31064ef78e8959eba
sample,all_cr-49,106,4155385,499999,10000,ea7a9190fa54ae2fe2083736a3ac40737f9a749d3c6ddbd813ece3a17b0f8024,4e7c6f011d6b8b058eca5405170a297fedec9dffae013fb31064ef78e8959eba
sample,all_cr-49,107,4159746,499999,10000,ea7a9190fa54ae2fe2083736a3ac40737f9a749d3c6ddbd813ece3a17b0f8024,4e7c6f011d6b8b058eca5405170a297fedec9dffae013fb31064ef78e8959eba
sample,all_cr-49,108,4150865,499999,10000,ea7a9190fa54ae2fe2083736a3ac40737f9a749d3c6ddbd813ece3a17b0f8024,4e7c6f011d6b8b058eca5405170a297fedec9dffae013fb31064ef78e8959eba
sample,all_cr-49,109,4163745,499999,10000,ea7a9190fa54ae2fe2083736a3ac40737f9a749d3c6ddbd813ece3a17b0f8024,4e7c6f011d6b8b058eca5405170a297fedec9dffae013fb31064ef78e8959eba
sample,all_cr-49,110,4153236,499999,10000,ea7a9190fa54ae2fe2083736a3ac40737f9a749d3c6ddbd813ece3a17b0f8024,4e7c6f011d6b8b058eca5405170a297fedec9dffae013fb31064ef78e8959eba
sample,all_cr-49,111,4167205,499999,10000,ea7a9190fa54ae2fe2083736a3ac40737f9a749d3c6ddbd813ece3a17b0f8024,4e7c6f011d6b8b058eca5405170a297fedec9dffae013fb31064ef78e8959eba
sample,all_cr-49,112,4158955,499999,10000,ea7a9190fa54ae2fe2083736a3ac40737f9a749d3c6ddbd813ece3a17b0f8024,4e7c6f011d6b8b058eca5405170a297fedec9dffae013fb31064ef78e8959eba
sample,all_cr-49,113,4189685,499999,10000,ea7a9190fa54ae2fe2083736a3ac40737f9a749d3c6ddbd813ece3a17b0f8024,4e7c6f011d6b8b058eca5405170a297fedec9dffae013fb31064ef78e8959eba
sample,all_cr-49,114,4171795,499999,10000,ea7a9190fa54ae2fe2083736a3ac40737f9a749d3c6ddbd813ece3a17b0f8024,4e7c6f011d6b8b058eca5405170a297fedec9dffae013fb31064ef78e8959eba
sample,all_cr-49,115,4180926,499999,10000,ea7a9190fa54ae2fe2083736a3ac40737f9a749d3c6ddbd813ece3a17b0f8024,4e7c6f011d6b8b058eca5405170a297fedec9dffae013fb31064ef78e8959eba
sample,all_cr-49,116,4160525,499999,10000,ea7a9190fa54ae2fe2083736a3ac40737f9a749d3c6ddbd813ece3a17b0f8024,4e7c6f011d6b8b058eca5405170a297fedec9dffae013fb31064ef78e8959eba
sample,all_cr-49,117,4159546,499999,10000,ea7a9190fa54ae2fe2083736a3ac40737f9a749d3c6ddbd813ece3a17b0f8024,4e7c6f011d6b8b058eca5405170a297fedec9dffae013fb31064ef78e8959eba
sample,all_cr-49,118,4155415,499999,10000,ea7a9190fa54ae2fe2083736a3ac40737f9a749d3c6ddbd813ece3a17b0f8024,4e7c6f011d6b8b058eca5405170a297fedec9dffae013fb31064ef78e8959eba
sample,all_cr-49,119,4192866,499999,10000,ea7a9190fa54ae2fe2083736a3ac40737f9a749d3c6ddbd813ece3a17b0f8024,4e7c6f011d6b8b058eca5405170a297fedec9dffae013fb31064ef78e8959eba
sample,all_cr-49,120,4161265,499999,10000,ea7a9190fa54ae2fe2083736a3ac40737f9a749d3c6ddbd813ece3a17b0f8024,4e7c6f011d6b8b058eca5405170a297fedec9dffae013fb31064ef78e8959eba
sample,all_cr-49,121,4181485,499999,10000,ea7a9190fa54ae2fe2083736a3ac40737f9a749d3c6ddbd813ece3a17b0f8024,4e7c6f011d6b8b058eca5405170a297fedec9dffae013fb31064ef78e8959eba
sample,all_cr-49,122,4165026,499999,10000,ea7a9190fa54ae2fe2083736a3ac40737f9a749d3c6ddbd813ece3a17b0f8024,4e7c6f011d6b8b058eca5405170a297fedec9dffae013fb31064ef78e8959eba
sample,all_cr-49,123,4155695,499999,10000,ea7a9190fa54ae2fe2083736a3ac40737f9a749d3c6ddbd813ece3a17b0f8024,4e7c6f011d6b8b058eca5405170a297fedec9dffae013fb31064ef78e8959eba
sample,all_cr-49,124,4164755,499999,10000,ea7a9190fa54ae2fe2083736a3ac40737f9a749d3c6ddbd813ece3a17b0f8024,4e7c6f011d6b8b058eca5405170a297fedec9dffae013fb31064ef78e8959eba
sample,all_cr-49,125,4166066,499999,10000,ea7a9190fa54ae2fe2083736a3ac40737f9a749d3c6ddbd813ece3a17b0f8024,4e7c6f011d6b8b058eca5405170a297fedec9dffae013fb31064ef78e8959eba
sample,all_cr-49,126,4161355,499999,10000,ea7a9190fa54ae2fe2083736a3ac40737f9a749d3c6ddbd813ece3a17b0f8024,4e7c6f011d6b8b058eca5405170a297fedec9dffae013fb31064ef78e8959eba
sample,all_cr-49,127,4182676,499999,10000,ea7a9190fa54ae2fe2083736a3ac40737f9a749d3c6ddbd813ece3a17b0f8024,4e7c6f011d6b8b058eca5405170a297fedec9dffae013fb31064ef78e8959eba
sample,all_cr-49,128,4154375,499999,10000,ea7a9190fa54ae2fe2083736a3ac40737f9a749d3c6ddbd813ece3a17b0f8024,4e7c6f011d6b8b058eca5405170a297fedec9dffae013fb31064ef78e8959eba
sample,all_cr-49,129,4164205,499999,10000,ea7a9190fa54ae2fe2083736a3ac40737f9a749d3c6ddbd813ece3a17b0f8024,4e7c6f011d6b8b058eca5405170a297fedec9dffae013fb31064ef78e8959eba
sample,all_cr-49,130,4178646,499999,10000,ea7a9190fa54ae2fe2083736a3ac40737f9a749d3c6ddbd813ece3a17b0f8024,4e7c6f011d6b8b058eca5405170a297fedec9dffae013fb31064ef78e8959eba
sample,all_cr-49,131,4164755,499999,10000,ea7a9190fa54ae2fe2083736a3ac40737f9a749d3c6ddbd813ece3a17b0f8024,4e7c6f011d6b8b058eca5405170a297fedec9dffae013fb31064ef78e8959eba
sample,all_cr-49,132,4151156,499999,10000,ea7a9190fa54ae2fe2083736a3ac40737f9a749d3c6ddbd813ece3a17b0f8024,4e7c6f011d6b8b058eca5405170a297fedec9dffae013fb31064ef78e8959eba
sample,all_cr-49,133,4172375,499999,10000,ea7a9190fa54ae2fe2083736a3ac40737f9a749d3c6ddbd813ece3a17b0f8024,4e7c6f011d6b8b058eca5405170a297fedec9dffae013fb31064ef78e8959eba
sample,all_cr-49,134,4169386,499999,10000,ea7a9190fa54ae2fe2083736a3ac40737f9a749d3c6ddbd813ece3a17b0f8024,4e7c6f011d6b8b058eca5405170a297fedec9dffae013fb31064ef78e8959eba
sample,all_cr-49,135,4164615,499999,10000,ea7a9190fa54ae2fe2083736a3ac40737f9a749d3c6ddbd813ece3a17b0f8024,4e7c6f011d6b8b058eca5405170a297fedec9dffae013fb31064ef78e8959eba
sample,all_cr-49,136,4182595,499999,10000,ea7a9190fa54ae2fe2083736a3ac40737f9a749d3c6ddbd813ece3a17b0f8024,4e7c6f011d6b8b058eca5405170a297fedec9dffae013fb31064ef78e8959eba
sample,all_cr-49,137,4163406,499999,10000,ea7a9190fa54ae2fe2083736a3ac40737f9a749d3c6ddbd813ece3a17b0f8024,4e7c6f011d6b8b058eca5405170a297fedec9dffae013fb31064ef78e8959eba
sample,all_cr-49,138,4167595,499999,10000,ea7a9190fa54ae2fe2083736a3ac40737f9a749d3c6ddbd813ece3a17b0f8024,4e7c6f011d6b8b058eca5405170a297fedec9dffae013fb31064ef78e8959eba
sample,all_cr-49,139,4170026,499999,10000,ea7a9190fa54ae2fe2083736a3ac40737f9a749d3c6ddbd813ece3a17b0f8024,4e7c6f011d6b8b058eca5405170a297fedec9dffae013fb31064ef78e8959eba
sample,all_cr-49,140,4169685,499999,10000,ea7a9190fa54ae2fe2083736a3ac40737f9a749d3c6ddbd813ece3a17b0f8024,4e7c6f011d6b8b058eca5405170a297fedec9dffae013fb31064ef78e8959eba
sample,all_cr-49,141,4162405,499999,10000,ea7a9190fa54ae2fe2083736a3ac40737f9a749d3c6ddbd813ece3a17b0f8024,4e7c6f011d6b8b058eca5405170a297fedec9dffae013fb31064ef78e8959eba
sample,all_cr-49,142,4178436,499999,10000,ea7a9190fa54ae2fe2083736a3ac40737f9a749d3c6ddbd813ece3a17b0f8024,4e7c6f011d6b8b058eca5405170a297fedec9dffae013fb31064ef78e8959eba
sample,all_cr-49,143,4170785,499999,10000,ea7a9190fa54ae2fe2083736a3ac40737f9a749d3c6ddbd813ece3a17b0f8024,4e7c6f011d6b8b058eca5405170a297fedec9dffae013fb31064ef78e8959eba
sample,all_cr-49,144,4179036,499999,10000,ea7a9190fa54ae2fe2083736a3ac40737f9a749d3c6ddbd813ece3a17b0f8024,4e7c6f011d6b8b058eca5405170a297fedec9dffae013fb31064ef78e8959eba
sample,all_cr-49,145,4170435,499999,10000,ea7a9190fa54ae2fe2083736a3ac40737f9a749d3c6ddbd813ece3a17b0f8024,4e7c6f011d6b8b058eca5405170a297fedec9dffae013fb31064ef78e8959eba
sample,all_cr-49,146,4167226,499999,10000,ea7a9190fa54ae2fe2083736a3ac40737f9a749d3c6ddbd813ece3a17b0f8024,4e7c6f011d6b8b058eca5405170a297fedec9dffae013fb31064ef78e8959eba
sample,all_cr-49,147,4155265,499999,10000,ea7a9190fa54ae2fe2083736a3ac40737f9a749d3c6ddbd813ece3a17b0f8024,4e7c6f011d6b8b058eca5405170a297fedec9dffae013fb31064ef78e8959eba
sample,all_cr-49,148,4150895,499999,10000,ea7a9190fa54ae2fe2083736a3ac40737f9a749d3c6ddbd813ece3a17b0f8024,4e7c6f011d6b8b058eca5405170a297fedec9dffae013fb31064ef78e8959eba
sample,all_cr-49,149,4158606,499999,10000,ea7a9190fa54ae2fe2083736a3ac40737f9a749d3c6ddbd813ece3a17b0f8024,4e7c6f011d6b8b058eca5405170a297fedec9dffae013fb31064ef78e8959eba
sample,all_cr-49,150,4148005,499999,10000,ea7a9190fa54ae2fe2083736a3ac40737f9a749d3c6ddbd813ece3a17b0f8024,4e7c6f011d6b8b058eca5405170a297fedec9dffae013fb31064ef78e8959eba
sample,all_cr-49,151,4158425,499999,10000,ea7a9190fa54ae2fe2083736a3ac40737f9a749d3c6ddbd813ece3a17b0f8024,4e7c6f011d6b8b058eca5405170a297fedec9dffae013fb31064ef78e8959eba
sample,all_cr-49,152,4146706,499999,10000,ea7a9190fa54ae2fe2083736a3ac40737f9a749d3c6ddbd813ece3a17b0f8024,4e7c6f011d6b8b058eca5405170a297fedec9dffae013fb31064ef78e8959eba
sample,all_cr-49,153,4160195,499999,10000,ea7a9190fa54ae2fe2083736a3ac40737f9a749d3c6ddbd813ece3a17b0f8024,4e7c6f011d6b8b058eca5405170a297fedec9dffae013fb31064ef78e8959eba
sample,all_cr-49,154,4153925,499999,10000,ea7a9190fa54ae2fe2083736a3ac40737f9a749d3c6ddbd813ece3a17b0f8024,4e7c6f011d6b8b058eca5405170a297fedec9dffae013fb31064ef78e8959eba
sample,all_cr-49,155,4161026,499999,10000,ea7a9190fa54ae2fe2083736a3ac40737f9a749d3c6ddbd813ece3a17b0f8024,4e7c6f011d6b8b058eca5405170a297fedec9dffae013fb31064ef78e8959eba
sample,all_cr-49,156,4157485,499999,10000,ea7a9190fa54ae2fe2083736a3ac40737f9a749d3c6ddbd813ece3a17b0f8024,4e7c6f011d6b8b058eca5405170a297fedec9dffae013fb31064ef78e8959eba
sample,all_cr-49,157,4154766,499999,10000,ea7a9190fa54ae2fe2083736a3ac40737f9a749d3c6ddbd813ece3a17b0f8024,4e7c6f011d6b8b058eca5405170a297fedec9dffae013fb31064ef78e8959eba
sample,all_cr-49,158,4164445,499999,10000,ea7a9190fa54ae2fe2083736a3ac40737f9a749d3c6ddbd813ece3a17b0f8024,4e7c6f011d6b8b058eca5405170a297fedec9dffae013fb31064ef78e8959eba
sample,all_cr-49,159,4155045,499999,10000,ea7a9190fa54ae2fe2083736a3ac40737f9a749d3c6ddbd813ece3a17b0f8024,4e7c6f011d6b8b058eca5405170a297fedec9dffae013fb31064ef78e8959eba
sample,all_cr-49,160,4180266,499999,10000,ea7a9190fa54ae2fe2083736a3ac40737f9a749d3c6ddbd813ece3a17b0f8024,4e7c6f011d6b8b058eca5405170a297fedec9dffae013fb31064ef78e8959eba
sample,all_cr-49,161,4169125,499999,10000,ea7a9190fa54ae2fe2083736a3ac40737f9a749d3c6ddbd813ece3a17b0f8024,4e7c6f011d6b8b058eca5405170a297fedec9dffae013fb31064ef78e8959eba
sample,all_cr-49,162,4152895,499999,10000,ea7a9190fa54ae2fe2083736a3ac40737f9a749d3c6ddbd813ece3a17b0f8024,4e7c6f011d6b8b058eca5405170a297fedec9dffae013fb31064ef78e8959eba
sample,all_cr-49,163,4168506,499999,10000,ea7a9190fa54ae2fe2083736a3ac40737f9a749d3c6ddbd813ece3a17b0f8024,4e7c6f011d6b8b058eca5405170a297fedec9dffae013fb31064ef78e8959eba
sample,all_cr-49,164,4156695,499999,10000,ea7a9190fa54ae2fe2083736a3ac40737f9a749d3c6ddbd813ece3a17b0f8024,4e7c6f011d6b8b058eca5405170a297fedec9dffae013fb31064ef78e8959eba
sample,all_cr-49,165,4154616,499999,10000,ea7a9190fa54ae2fe2083736a3ac40737f9a749d3c6ddbd813ece3a17b0f8024,4e7c6f011d6b8b058eca5405170a297fedec9dffae013fb31064ef78e8959eba
sample,all_cr-49,166,4149575,499999,10000,ea7a9190fa54ae2fe2083736a3ac40737f9a749d3c6ddbd813ece3a17b0f8024,4e7c6f011d6b8b058eca5405170a297fedec9dffae013fb31064ef78e8959eba
sample,all_cr-49,167,4162355,499999,10000,ea7a9190fa54ae2fe2083736a3ac40737f9a749d3c6ddbd813ece3a17b0f8024,4e7c6f011d6b8b058eca5405170a297fedec9dffae013fb31064ef78e8959eba
sample,all_cr-49,168,4149776,499999,10000,ea7a9190fa54ae2fe2083736a3ac40737f9a749d3c6ddbd813ece3a17b0f8024,4e7c6f011d6b8b058eca5405170a297fedec9dffae013fb31064ef78e8959eba
sample,all_cr-49,169,4152305,499999,10000,ea7a9190fa54ae2fe2083736a3ac40737f9a749d3c6ddbd813ece3a17b0f8024,4e7c6f011d6b8b058eca5405170a297fedec9dffae013fb31064ef78e8959eba
sample,all_cr-49,170,4161846,499999,10000,ea7a9190fa54ae2fe2083736a3ac40737f9a749d3c6ddbd813ece3a17b0f8024,4e7c6f011d6b8b058eca5405170a297fedec9dffae013fb31064ef78e8959eba
sample,all_cr-49,171,4156015,499999,10000,ea7a9190fa54ae2fe2083736a3ac40737f9a749d3c6ddbd813ece3a17b0f8024,4e7c6f011d6b8b058eca5405170a297fedec9dffae013fb31064ef78e8959eba
sample,all_cr-49,172,4157565,499999,10000,ea7a9190fa54ae2fe2083736a3ac40737f9a749d3c6ddbd813ece3a17b0f8024,4e7c6f011d6b8b058eca5405170a297fedec9dffae013fb31064ef78e8959eba
sample,all_cr-49,173,4157145,499999,10000,ea7a9190fa54ae2fe2083736a3ac40737f9a749d3c6ddbd813ece3a17b0f8024,4e7c6f011d6b8b058eca5405170a297fedec9dffae013fb31064ef78e8959eba
sample,all_cr-49,174,4151765,499999,10000,ea7a9190fa54ae2fe2083736a3ac40737f9a749d3c6ddbd813ece3a17b0f8024,4e7c6f011d6b8b058eca5405170a297fedec9dffae013fb31064ef78e8959eba
sample,all_cr-49,175,4152015,499999,10000,ea7a9190fa54ae2fe2083736a3ac40737f9a749d3c6ddbd813ece3a17b0f8024,4e7c6f011d6b8b058eca5405170a297fedec9dffae013fb31064ef78e8959eba
sample,all_cr-49,176,4156206,499999,10000,ea7a9190fa54ae2fe2083736a3ac40737f9a749d3c6ddbd813ece3a17b0f8024,4e7c6f011d6b8b058eca5405170a297fedec9dffae013fb31064ef78e8959eba
sample,all_cr-49,177,4158925,499999,10000,ea7a9190fa54ae2fe2083736a3ac40737f9a749d3c6ddbd813ece3a17b0f8024,4e7c6f011d6b8b058eca5405170a297fedec9dffae013fb31064ef78e8959eba
sample,all_cr-49,178,4158365,499999,10000,ea7a9190fa54ae2fe2083736a3ac40737f9a749d3c6ddbd813ece3a17b0f8024,4e7c6f011d6b8b058eca5405170a297fedec9dffae013fb31064ef78e8959eba
sample,all_cr-49,179,4167536,499999,10000,ea7a9190fa54ae2fe2083736a3ac40737f9a749d3c6ddbd813ece3a17b0f8024,4e7c6f011d6b8b058eca5405170a297fedec9dffae013fb31064ef78e8959eba
sample,all_cr-49,180,4175835,499999,10000,ea7a9190fa54ae2fe2083736a3ac40737f9a749d3c6ddbd813ece3a17b0f8024,4e7c6f011d6b8b058eca5405170a297fedec9dffae013fb31064ef78e8959eba
sample,all_cr-49,181,4170586,499999,10000,ea7a9190fa54ae2fe2083736a3ac40737f9a749d3c6ddbd813ece3a17b0f8024,4e7c6f011d6b8b058eca5405170a297fedec9dffae013fb31064ef78e8959eba
sample,all_cr-49,182,4182135,499999,10000,ea7a9190fa54ae2fe2083736a3ac40737f9a749d3c6ddbd813ece3a17b0f8024,4e7c6f011d6b8b058eca5405170a297fedec9dffae013fb31064ef78e8959eba
sample,all_cr-49,183,4163636,499999,10000,ea7a9190fa54ae2fe2083736a3ac40737f9a749d3c6ddbd813ece3a17b0f8024,4e7c6f011d6b8b058eca5405170a297fedec9dffae013fb31064ef78e8959eba
sample,all_cr-49,184,4167285,499999,10000,ea7a9190fa54ae2fe2083736a3ac40737f9a749d3c6ddbd813ece3a17b0f8024,4e7c6f011d6b8b058eca5405170a297fedec9dffae013fb31064ef78e8959eba
sample,all_cr-49,185,4182405,499999,10000,ea7a9190fa54ae2fe2083736a3ac40737f9a749d3c6ddbd813ece3a17b0f8024,4e7c6f011d6b8b058eca5405170a297fedec9dffae013fb31064ef78e8959eba
sample,all_cr-49,186,4177936,499999,10000,ea7a9190fa54ae2fe2083736a3ac40737f9a749d3c6ddbd813ece3a17b0f8024,4e7c6f011d6b8b058eca5405170a297fedec9dffae013fb31064ef78e8959eba
sample,all_cr-49,187,4185775,499999,10000,ea7a9190fa54ae2fe2083736a3ac40737f9a749d3c6ddbd813ece3a17b0f8024,4e7c6f011d6b8b058eca5405170a297fedec9dffae013fb31064ef78e8959eba
sample,all_cr-49,188,4193386,499999,10000,ea7a9190fa54ae2fe2083736a3ac40737f9a749d3c6ddbd813ece3a17b0f8024,4e7c6f011d6b8b058eca5405170a297fedec9dffae013fb31064ef78e8959eba
sample,all_cr-49,189,4184665,499999,10000,ea7a9190fa54ae2fe2083736a3ac40737f9a749d3c6ddbd813ece3a17b0f8024,4e7c6f011d6b8b058eca5405170a297fedec9dffae013fb31064ef78e8959eba
sample,all_cr-49,190,4180126,499999,10000,ea7a9190fa54ae2fe2083736a3ac40737f9a749d3c6ddbd813ece3a17b0f8024,4e7c6f011d6b8b058eca5405170a297fedec9dffae013fb31064ef78e8959eba
sample,all_cr-49,191,4184065,499999,10000,ea7a9190fa54ae2fe2083736a3ac40737f9a749d3c6ddbd813ece3a17b0f8024,4e7c6f011d6b8b058eca5405170a297fedec9dffae013fb31064ef78e8959eba
sample,all_cr-49,192,4174186,499999,10000,ea7a9190fa54ae2fe2083736a3ac40737f9a749d3c6ddbd813ece3a17b0f8024,4e7c6f011d6b8b058eca5405170a297fedec9dffae013fb31064ef78e8959eba
sample,all_cr-49,193,4188775,499999,10000,ea7a9190fa54ae2fe2083736a3ac40737f9a749d3c6ddbd813ece3a17b0f8024,4e7c6f011d6b8b058eca5405170a297fedec9dffae013fb31064ef78e8959eba
sample,all_cr-49,194,4169565,499999,10000,ea7a9190fa54ae2fe2083736a3ac40737f9a749d3c6ddbd813ece3a17b0f8024,4e7c6f011d6b8b058eca5405170a297fedec9dffae013fb31064ef78e8959eba
sample,all_cr-49,195,4178646,499999,10000,ea7a9190fa54ae2fe2083736a3ac40737f9a749d3c6ddbd813ece3a17b0f8024,4e7c6f011d6b8b058eca5405170a297fedec9dffae013fb31064ef78e8959eba
sample,all_cr-49,196,4185905,499999,10000,ea7a9190fa54ae2fe2083736a3ac40737f9a749d3c6ddbd813ece3a17b0f8024,4e7c6f011d6b8b058eca5405170a297fedec9dffae013fb31064ef78e8959eba
sample,all_cr-49,197,4176596,499999,10000,ea7a9190fa54ae2fe2083736a3ac40737f9a749d3c6ddbd813ece3a17b0f8024,4e7c6f011d6b8b058eca5405170a297fedec9dffae013fb31064ef78e8959eba
sample,all_cr-49,198,4177655,499999,10000,ea7a9190fa54ae2fe2083736a3ac40737f9a749d3c6ddbd813ece3a17b0f8024,4e7c6f011d6b8b058eca5405170a297fedec9dffae013fb31064ef78e8959eba
sample,all_cr-49,199,4167566,499999,10000,ea7a9190fa54ae2fe2083736a3ac40737f9a749d3c6ddbd813ece3a17b0f8024,4e7c6f011d6b8b058eca5405170a297fedec9dffae013fb31064ef78e8959eba
sample,all_cr-49,200,4159215,499999,10000,ea7a9190fa54ae2fe2083736a3ac40737f9a749d3c6ddbd813ece3a17b0f8024,4e7c6f011d6b8b058eca5405170a297fedec9dffae013fb31064ef78e8959eba
sample,all_cr-49,201,4161286,499999,10000,ea7a9190fa54ae2fe2083736a3ac40737f9a749d3c6ddbd813ece3a17b0f8024,4e7c6f011d6b8b058eca5405170a297fedec9dffae013fb31064ef78e8959eba
sample,all_cr-49,202,4170945,499999,10000,ea7a9190fa54ae2fe2083736a3ac40737f9a749d3c6ddbd813ece3a17b0f8024,4e7c6f011d6b8b058eca5405170a297fedec9dffae013fb31064ef78e8959eba
sample,all_cr-49,203,4156365,499999,10000,ea7a9190fa54ae2fe2083736a3ac40737f9a749d3c6ddbd813ece3a17b0f8024,4e7c6f011d6b8b058eca5405170a297fedec9dffae013fb31064ef78e8959eba
sample,all_cr-49,204,4174146,499999,10000,ea7a9190fa54ae2fe2083736a3ac40737f9a749d3c6ddbd813ece3a17b0f8024,4e7c6f011d6b8b058eca5405170a297fedec9dffae013fb31064ef78e8959eba
sample,all_cr-49,205,4164885,499999,10000,ea7a9190fa54ae2fe2083736a3ac40737f9a749d3c6ddbd813ece3a17b0f8024,4e7c6f011d6b8b058eca5405170a297fedec9dffae013fb31064ef78e8959eba
sample,all_cr-49,206,4156366,499999,10000,ea7a9190fa54ae2fe2083736a3ac40737f9a749d3c6ddbd813ece3a17b0f8024,4e7c6f011d6b8b058eca5405170a297fedec9dffae013fb31064ef78e8959eba
sample,all_cr-49,207,4181855,499999,10000,ea7a9190fa54ae2fe2083736a3ac40737f9a749d3c6ddbd813ece3a17b0f8024,4e7c6f011d6b8b058eca5405170a297fedec9dffae013fb31064ef78e8959eba
sample,all_cr-49,208,4183005,499999,10000,ea7a9190fa54ae2fe2083736a3ac40737f9a749d3c6ddbd813ece3a17b0f8024,4e7c6f011d6b8b058eca5405170a297fedec9dffae013fb31064ef78e8959eba
sample,all_cr-49,209,4174256,499999,10000,ea7a9190fa54ae2fe2083736a3ac40737f9a749d3c6ddbd813ece3a17b0f8024,4e7c6f011d6b8b058eca5405170a297fedec9dffae013fb31064ef78e8959eba
sample,all_cr-49,210,4193055,499999,10000,ea7a9190fa54ae2fe2083736a3ac40737f9a749d3c6ddbd813ece3a17b0f8024,4e7c6f011d6b8b058eca5405170a297fedec9dffae013fb31064ef78e8959eba
sample,all_cr-49,211,4195346,499999,10000,ea7a9190fa54ae2fe2083736a3ac40737f9a749d3c6ddbd813ece3a17b0f8024,4e7c6f011d6b8b058eca5405170a297fedec9dffae013fb31064ef78e8959eba
sample,all_cr-49,212,4177085,499999,10000,ea7a9190fa54ae2fe2083736a3ac40737f9a749d3c6ddbd813ece3a17b0f8024,4e7c6f011d6b8b058eca5405170a297fedec9dffae013fb31064ef78e8959eba
sample,all_cr-49,213,4188896,499999,10000,ea7a9190fa54ae2fe2083736a3ac40737f9a749d3c6ddbd813ece3a17b0f8024,4e7c6f011d6b8b058eca5405170a297fedec9dffae013fb31064ef78e8959eba
sample,all_cr-49,214,4175195,499999,10000,ea7a9190fa54ae2fe2083736a3ac40737f9a749d3c6ddbd813ece3a17b0f8024,4e7c6f011d6b8b058eca5405170a297fedec9dffae013fb31064ef78e8959eba
sample,all_cr-49,215,4194466,499999,10000,ea7a9190fa54ae2fe2083736a3ac40737f9a749d3c6ddbd813ece3a17b0f8024,4e7c6f011d6b8b058eca5405170a297fedec9dffae013fb31064ef78e8959eba
sample,all_cr-49,216,4173595,499999,10000,ea7a9190fa54ae2fe2083736a3ac40737f9a749d3c6ddbd813ece3a17b0f8024,4e7c6f011d6b8b058eca5405170a297fedec9dffae013fb31064ef78e8959eba
sample,all_cr-49,217,4208076,499999,10000,ea7a9190fa54ae2fe2083736a3ac40737f9a749d3c6ddbd813ece3a17b0f8024,4e7c6f011d6b8b058eca5405170a297fedec9dffae013fb31064ef78e8959eba
sample,all_cr-49,218,4191735,499999,10000,ea7a9190fa54ae2fe2083736a3ac40737f9a749d3c6ddbd813ece3a17b0f8024,4e7c6f011d6b8b058eca5405170a297fedec9dffae013fb31064ef78e8959eba
sample,all_cr-49,219,4198576,499999,10000,ea7a9190fa54ae2fe2083736a3ac40737f9a749d3c6ddbd813ece3a17b0f8024,4e7c6f011d6b8b058eca5405170a297fedec9dffae013fb31064ef78e8959eba
sample,all_cr-49,220,4183195,499999,10000,ea7a9190fa54ae2fe2083736a3ac40737f9a749d3c6ddbd813ece3a17b0f8024,4e7c6f011d6b8b058eca5405170a297fedec9dffae013fb31064ef78e8959eba
sample,all_cr-49,221,4191206,499999,10000,ea7a9190fa54ae2fe2083736a3ac40737f9a749d3c6ddbd813ece3a17b0f8024,4e7c6f011d6b8b058eca5405170a297fedec9dffae013fb31064ef78e8959eba
sample,all_cr-49,222,4171415,499999,10000,ea7a9190fa54ae2fe2083736a3ac40737f9a749d3c6ddbd813ece3a17b0f8024,4e7c6f011d6b8b058eca5405170a297fedec9dffae013fb31064ef78e8959eba
sample,all_cr-49,223,4152276,499999,10000,ea7a9190fa54ae2fe2083736a3ac40737f9a749d3c6ddbd813ece3a17b0f8024,4e7c6f011d6b8b058eca5405170a297fedec9dffae013fb31064ef78e8959eba
sample,all_cr-49,224,4166975,499999,10000,ea7a9190fa54ae2fe2083736a3ac40737f9a749d3c6ddbd813ece3a17b0f8024,4e7c6f011d6b8b058eca5405170a297fedec9dffae013fb31064ef78e8959eba
sample,all_cr-49,225,4182775,499999,10000,ea7a9190fa54ae2fe2083736a3ac40737f9a749d3c6ddbd813ece3a17b0f8024,4e7c6f011d6b8b058eca5405170a297fedec9dffae013fb31064ef78e8959eba
sample,all_cr-49,226,4169376,499999,10000,ea7a9190fa54ae2fe2083736a3ac40737f9a749d3c6ddbd813ece3a17b0f8024,4e7c6f011d6b8b058eca5405170a297fedec9dffae013fb31064ef78e8959eba
sample,all_cr-49,227,4174235,499999,10000,ea7a9190fa54ae2fe2083736a3ac40737f9a749d3c6ddbd813ece3a17b0f8024,4e7c6f011d6b8b058eca5405170a297fedec9dffae013fb31064ef78e8959eba
sample,all_cr-49,228,4170286,499999,10000,ea7a9190fa54ae2fe2083736a3ac40737f9a749d3c6ddbd813ece3a17b0f8024,4e7c6f011d6b8b058eca5405170a297fedec9dffae013fb31064ef78e8959eba
sample,all_cr-49,229,4174895,499999,10000,ea7a9190fa54ae2fe2083736a3ac40737f9a749d3c6ddbd813ece3a17b0f8024,4e7c6f011d6b8b058eca5405170a297fedec9dffae013fb31064ef78e8959eba
sample,all_cr-49,230,4172585,499999,10000,ea7a9190fa54ae2fe2083736a3ac40737f9a749d3c6ddbd813ece3a17b0f8024,4e7c6f011d6b8b058eca5405170a297fedec9dffae013fb31064ef78e8959eba
sample,all_cr-49,231,4173196,499999,10000,ea7a9190fa54ae2fe2083736a3ac40737f9a749d3c6ddbd813ece3a17b0f8024,4e7c6f011d6b8b058eca5405170a297fedec9dffae013fb31064ef78e8959eba
sample,all_cr-49,232,4168475,499999,10000,ea7a9190fa54ae2fe2083736a3ac40737f9a749d3c6ddbd813ece3a17b0f8024,4e7c6f011d6b8b058eca5405170a297fedec9dffae013fb31064ef78e8959eba
sample,all_cr-49,233,4163756,499999,10000,ea7a9190fa54ae2fe2083736a3ac40737f9a749d3c6ddbd813ece3a17b0f8024,4e7c6f011d6b8b058eca5405170a297fedec9dffae013fb31064ef78e8959eba
sample,all_cr-49,234,4153355,499999,10000,ea7a9190fa54ae2fe2083736a3ac40737f9a749d3c6ddbd813ece3a17b0f8024,4e7c6f011d6b8b058eca5405170a297fedec9dffae013fb31064ef78e8959eba
sample,all_cr-49,235,4181136,499999,10000,ea7a9190fa54ae2fe2083736a3ac40737f9a749d3c6ddbd813ece3a17b0f8024,4e7c6f011d6b8b058eca5405170a297fedec9dffae013fb31064ef78e8959eba
sample,all_cr-49,236,4166175,499999,10000,ea7a9190fa54ae2fe2083736a3ac40737f9a749d3c6ddbd813ece3a17b0f8024,4e7c6f011d6b8b058eca5405170a297fedec9dffae013fb31064ef78e8959eba
sample,all_cr-49,237,4172995,499999,10000,ea7a9190fa54ae2fe2083736a3ac40737f9a749d3c6ddbd813ece3a17b0f8024,4e7c6f011d6b8b058eca5405170a297fedec9dffae013fb31064ef78e8959eba
sample,all_cr-49,238,4154606,499999,10000,ea7a9190fa54ae2fe2083736a3ac40737f9a749d3c6ddbd813ece3a17b0f8024,4e7c6f011d6b8b058eca5405170a297fedec9dffae013fb31064ef78e8959eba
sample,all_cr-49,239,4197205,499999,10000,ea7a9190fa54ae2fe2083736a3ac40737f9a749d3c6ddbd813ece3a17b0f8024,4e7c6f011d6b8b058eca5405170a297fedec9dffae013fb31064ef78e8959eba
sample,all_cr-49,240,4160686,499999,10000,ea7a9190fa54ae2fe2083736a3ac40737f9a749d3c6ddbd813ece3a17b0f8024,4e7c6f011d6b8b058eca5405170a297fedec9dffae013fb31064ef78e8959eba
sample,all_cr-49,241,4174435,499999,10000,ea7a9190fa54ae2fe2083736a3ac40737f9a749d3c6ddbd813ece3a17b0f8024,4e7c6f011d6b8b058eca5405170a297fedec9dffae013fb31064ef78e8959eba
sample,all_cr-49,242,4180306,499999,10000,ea7a9190fa54ae2fe2083736a3ac40737f9a749d3c6ddbd813ece3a17b0f8024,4e7c6f011d6b8b058eca5405170a297fedec9dffae013fb31064ef78e8959eba
sample,all_cr-49,243,4174485,499999,10000,ea7a9190fa54ae2fe2083736a3ac40737f9a749d3c6ddbd813ece3a17b0f8024,4e7c6f011d6b8b058eca5405170a297fedec9dffae013fb31064ef78e8959eba
sample,all_cr-49,244,4172465,499999,10000,ea7a9190fa54ae2fe2083736a3ac40737f9a749d3c6ddbd813ece3a17b0f8024,4e7c6f011d6b8b058eca5405170a297fedec9dffae013fb31064ef78e8959eba
sample,all_cr-49,245,4169866,499999,10000,ea7a9190fa54ae2fe2083736a3ac40737f9a749d3c6ddbd813ece3a17b0f8024,4e7c6f011d6b8b058eca5405170a297fedec9dffae013fb31064ef78e8959eba
sample,all_cr-49,246,4182135,499999,10000,ea7a9190fa54ae2fe2083736a3ac40737f9a749d3c6ddbd813ece3a17b0f8024,4e7c6f011d6b8b058eca5405170a297fedec9dffae013fb31064ef78e8959eba
sample,all_cr-49,247,4177046,499999,10000,ea7a9190fa54ae2fe2083736a3ac40737f9a749d3c6ddbd813ece3a17b0f8024,4e7c6f011d6b8b058eca5405170a297fedec9dffae013fb31064ef78e8959eba
sample,all_cr-49,248,4159235,499999,10000,ea7a9190fa54ae2fe2083736a3ac40737f9a749d3c6ddbd813ece3a17b0f8024,4e7c6f011d6b8b058eca5405170a297fedec9dffae013fb31064ef78e8959eba
sample,all_cr-49,249,4162285,499999,10000,ea7a9190fa54ae2fe2083736a3ac40737f9a749d3c6ddbd813ece3a17b0f8024,4e7c6f011d6b8b058eca5405170a297fedec9dffae013fb31064ef78e8959eba
sample,all_cr-49,250,4160196,499999,10000,ea7a9190fa54ae2fe2083736a3ac40737f9a749d3c6ddbd813ece3a17b0f8024,4e7c6f011d6b8b058eca5405170a297fedec9dffae013fb31064ef78e8959eba
sample,all_cr-49,251,4158315,499999,10000,ea7a9190fa54ae2fe2083736a3ac40737f9a749d3c6ddbd813ece3a17b0f8024,4e7c6f011d6b8b058eca5405170a297fedec9dffae013fb31064ef78e8959eba
sample,all_cr-49,252,4150046,499999,10000,ea7a9190fa54ae2fe2083736a3ac40737f9a749d3c6ddbd813ece3a17b0f8024,4e7c6f011d6b8b058eca5405170a297fedec9dffae013fb31064ef78e8959eba
sample,all_cr-49,253,4181945,499999,10000,ea7a9190fa54ae2fe2083736a3ac40737f9a749d3c6ddbd813ece3a17b0f8024,4e7c6f011d6b8b058eca5405170a297fedec9dffae013fb31064ef78e8959eba
sample,all_cr-49,254,4154075,499999,10000,ea7a9190fa54ae2fe2083736a3ac40737f9a749d3c6ddbd813ece3a17b0f8024,4e7c6f011d6b8b058eca5405170a297fedec9dffae013fb31064ef78e8959eba
sample,all_cr-49,255,4192246,499999,10000,ea7a9190fa54ae2fe2083736a3ac40737f9a749d3c6ddbd813ece3a17b0f8024,4e7c6f011d6b8b058eca5405170a297fedec9dffae013fb31064ef78e8959eba
sample,all_cr-49,256,4150135,499999,10000,ea7a9190fa54ae2fe2083736a3ac40737f9a749d3c6ddbd813ece3a17b0f8024,4e7c6f011d6b8b058eca5405170a297fedec9dffae013fb31064ef78e8959eba
sample,all_cr-49,257,4187956,499999,10000,ea7a9190fa54ae2fe2083736a3ac40737f9a749d3c6ddbd813ece3a17b0f8024,4e7c6f011d6b8b058eca5405170a297fedec9dffae013fb31064ef78e8959eba
sample,all_cr-49,258,4163565,499999,10000,ea7a9190fa54ae2fe2083736a3ac40737f9a749d3c6ddbd813ece3a17b0f8024,4e7c6f011d6b8b058eca5405170a297fedec9dffae013fb31064ef78e8959eba
sample,all_cr-49,259,4165606,499999,10000,ea7a9190fa54ae2fe2083736a3ac40737f9a749d3c6ddbd813ece3a17b0f8024,4e7c6f011d6b8b058eca5405170a297fedec9dffae013fb31064ef78e8959eba
sample,all_cr-49,260,4159255,499999,10000,ea7a9190fa54ae2fe2083736a3ac40737f9a749d3c6ddbd813ece3a17b0f8024,4e7c6f011d6b8b058eca5405170a297fedec9dffae013fb31064ef78e8959eba
sample,all_cr-49,261,4162265,499999,10000,ea7a9190fa54ae2fe2083736a3ac40737f9a749d3c6ddbd813ece3a17b0f8024,4e7c6f011d6b8b058eca5405170a297fedec9dffae013fb31064ef78e8959eba
sample,all_cr-49,262,4178936,499999,10000,ea7a9190fa54ae2fe2083736a3ac40737f9a749d3c6ddbd813ece3a17b0f8024,4e7c6f011d6b8b058eca5405170a297fedec9dffae013fb31064ef78e8959eba
sample,all_cr-49,263,4182015,499999,10000,ea7a9190fa54ae2fe2083736a3ac40737f9a749d3c6ddbd813ece3a17b0f8024,4e7c6f011d6b8b058eca5405170a297fedec9dffae013fb31064ef78e8959eba
sample,all_cr-49,264,4163036,499999,10000,ea7a9190fa54ae2fe2083736a3ac40737f9a749d3c6ddbd813ece3a17b0f8024,4e7c6f011d6b8b058eca5405170a297fedec9dffae013fb31064ef78e8959eba
sample,all_cr-49,265,4169845,499999,10000,ea7a9190fa54ae2fe2083736a3ac40737f9a749d3c6ddbd813ece3a17b0f8024,4e7c6f011d6b8b058eca5405170a297fedec9dffae013fb31064ef78e8959eba
sample,all_cr-49,266,4172615,499999,10000,ea7a9190fa54ae2fe2083736a3ac40737f9a749d3c6ddbd813ece3a17b0f8024,4e7c6f011d6b8b058eca5405170a297fedec9dffae013fb31064ef78e8959eba
sample,all_cr-49,267,4165946,499999,10000,ea7a9190fa54ae2fe2083736a3ac40737f9a749d3c6ddbd813ece3a17b0f8024,4e7c6f011d6b8b058eca5405170a297fedec9dffae013fb31064ef78e8959eba
sample,all_cr-49,268,4166065,499999,10000,ea7a9190fa54ae2fe2083736a3ac40737f9a749d3c6ddbd813ece3a17b0f8024,4e7c6f011d6b8b058eca5405170a297fedec9dffae013fb31064ef78e8959eba
sample,all_cr-49,269,4170726,499999,10000,ea7a9190fa54ae2fe2083736a3ac40737f9a749d3c6ddbd813ece3a17b0f8024,4e7c6f011d6b8b058eca5405170a297fedec9dffae013fb31064ef78e8959eba
sample,all_cr-49,270,4158875,499999,10000,ea7a9190fa54ae2fe2083736a3ac40737f9a749d3c6ddbd813ece3a17b0f8024,4e7c6f011d6b8b058eca5405170a297fedec9dffae013fb31064ef78e8959eba
sample,all_cr-49,271,4157015,499999,10000,ea7a9190fa54ae2fe2083736a3ac40737f9a749d3c6ddbd813ece3a17b0f8024,4e7c6f011d6b8b058eca5405170a297fedec9dffae013fb31064ef78e8959eba
sample,all_cr-49,272,4155266,499999,10000,ea7a9190fa54ae2fe2083736a3ac40737f9a749d3c6ddbd813ece3a17b0f8024,4e7c6f011d6b8b058eca5405170a297fedec9dffae013fb31064ef78e8959eba
sample,all_cr-49,273,4167195,499999,10000,ea7a9190fa54ae2fe2083736a3ac40737f9a749d3c6ddbd813ece3a17b0f8024,4e7c6f011d6b8b058eca5405170a297fedec9dffae013fb31064ef78e8959eba
sample,all_cr-49,274,4163246,499999,10000,ea7a9190fa54ae2fe2083736a3ac40737f9a749d3c6ddbd813ece3a17b0f8024,4e7c6f011d6b8b058eca5405170a297fedec9dffae013fb31064ef78e8959eba
sample,all_cr-49,275,4164045,499999,10000,ea7a9190fa54ae2fe2083736a3ac40737f9a749d3c6ddbd813ece3a17b0f8024,4e7c6f011d6b8b058eca5405170a297fedec9dffae013fb31064ef78e8959eba
sample,all_cr-49,276,4161155,499999,10000,ea7a9190fa54ae2fe2083736a3ac40737f9a749d3c6ddbd813ece3a17b0f8024,4e7c6f011d6b8b058eca5405170a297fedec9dffae013fb31064ef78e8959eba
sample,all_cr-49,277,4181776,499999,10000,ea7a9190fa54ae2fe2083736a3ac40737f9a749d3c6ddbd813ece3a17b0f8024,4e7c6f011d6b8b058eca5405170a297fedec9dffae013fb31064ef78e8959eba
sample,all_cr-49,278,4156115,499999,10000,ea7a9190fa54ae2fe2083736a3ac40737f9a749d3c6ddbd813ece3a17b0f8024,4e7c6f011d6b8b058eca5405170a297fedec9dffae013fb31064ef78e8959eba
sample,all_cr-49,279,4166806,499999,10000,ea7a9190fa54ae2fe2083736a3ac40737f9a749d3c6ddbd813ece3a17b0f8024,4e7c6f011d6b8b058eca5405170a297fedec9dffae013fb31064ef78e8959eba
sample,all_cr-49,280,4160095,499999,10000,ea7a9190fa54ae2fe2083736a3ac40737f9a749d3c6ddbd813ece3a17b0f8024,4e7c6f011d6b8b058eca5405170a297fedec9dffae013fb31064ef78e8959eba
sample,all_cr-49,281,4183445,499999,10000,ea7a9190fa54ae2fe2083736a3ac40737f9a749d3c6ddbd813ece3a17b0f8024,4e7c6f011d6b8b058eca5405170a297fedec9dffae013fb31064ef78e8959eba
sample,all_cr-49,282,4156646,499999,10000,ea7a9190fa54ae2fe2083736a3ac40737f9a749d3c6ddbd813ece3a17b0f8024,4e7c6f011d6b8b058eca5405170a297fedec9dffae013fb31064ef78e8959eba
sample,all_cr-49,283,4156375,499999,10000,ea7a9190fa54ae2fe2083736a3ac40737f9a749d3c6ddbd813ece3a17b0f8024,4e7c6f011d6b8b058eca5405170a297fedec9dffae013fb31064ef78e8959eba
sample,all_cr-49,284,4158785,499999,10000,ea7a9190fa54ae2fe2083736a3ac40737f9a749d3c6ddbd813ece3a17b0f8024,4e7c6f011d6b8b058eca5405170a297fedec9dffae013fb31064ef78e8959eba
sample,all_cr-49,285,4167866,499999,10000,ea7a9190fa54ae2fe2083736a3ac40737f9a749d3c6ddbd813ece3a17b0f8024,4e7c6f011d6b8b058eca5405170a297fedec9dffae013fb31064ef78e8959eba
sample,all_cr-49,286,4154745,499999,10000,ea7a9190fa54ae2fe2083736a3ac40737f9a749d3c6ddbd813ece3a17b0f8024,4e7c6f011d6b8b058eca5405170a297fedec9dffae013fb31064ef78e8959eba
sample,all_cr-49,287,4183166,499999,10000,ea7a9190fa54ae2fe2083736a3ac40737f9a749d3c6ddbd813ece3a17b0f8024,4e7c6f011d6b8b058eca5405170a297fedec9dffae013fb31064ef78e8959eba
sample,all_cr-49,288,4186485,499999,10000,ea7a9190fa54ae2fe2083736a3ac40737f9a749d3c6ddbd813ece3a17b0f8024,4e7c6f011d6b8b058eca5405170a297fedec9dffae013fb31064ef78e8959eba
sample,all_cr-49,289,4187786,499999,10000,ea7a9190fa54ae2fe2083736a3ac40737f9a749d3c6ddbd813ece3a17b0f8024,4e7c6f011d6b8b058eca5405170a297fedec9dffae013fb31064ef78e8959eba
sample,all_cr-49,290,4175425,499999,10000,ea7a9190fa54ae2fe2083736a3ac40737f9a749d3c6ddbd813ece3a17b0f8024,4e7c6f011d6b8b058eca5405170a297fedec9dffae013fb31064ef78e8959eba
sample,all_cr-49,291,4185916,499999,10000,ea7a9190fa54ae2fe2083736a3ac40737f9a749d3c6ddbd813ece3a17b0f8024,4e7c6f011d6b8b058eca5405170a297fedec9dffae013fb31064ef78e8959eba
sample,all_cr-49,292,4173485,499999,10000,ea7a9190fa54ae2fe2083736a3ac40737f9a749d3c6ddbd813ece3a17b0f8024,4e7c6f011d6b8b058eca5405170a297fedec9dffae013fb31064ef78e8959eba
sample,all_cr-49,293,4198406,499999,10000,ea7a9190fa54ae2fe2083736a3ac40737f9a749d3c6ddbd813ece3a17b0f8024,4e7c6f011d6b8b058eca5405170a297fedec9dffae013fb31064ef78e8959eba
sample,all_cr-49,294,4167005,499999,10000,ea7a9190fa54ae2fe2083736a3ac40737f9a749d3c6ddbd813ece3a17b0f8024,4e7c6f011d6b8b058eca5405170a297fedec9dffae013fb31064ef78e8959eba
sample,all_cr-49,295,4185336,499999,10000,ea7a9190fa54ae2fe2083736a3ac40737f9a749d3c6ddbd813ece3a17b0f8024,4e7c6f011d6b8b058eca5405170a297fedec9dffae013fb31064ef78e8959eba
sample,all_cr-49,296,4180715,499999,10000,ea7a9190fa54ae2fe2083736a3ac40737f9a749d3c6ddbd813ece3a17b0f8024,4e7c6f011d6b8b058eca5405170a297fedec9dffae013fb31064ef78e8959eba
sample,all_cr-49,297,4188135,499999,10000,ea7a9190fa54ae2fe2083736a3ac40737f9a749d3c6ddbd813ece3a17b0f8024,4e7c6f011d6b8b058eca5405170a297fedec9dffae013fb31064ef78e8959eba
sample,all_cr-49,298,4172176,499999,10000,ea7a9190fa54ae2fe2083736a3ac40737f9a749d3c6ddbd813ece3a17b0f8024,4e7c6f011d6b8b058eca5405170a297fedec9dffae013fb31064ef78e8959eba
sample,all_cr-49,299,4167115,499999,10000,ea7a9190fa54ae2fe2083736a3ac40737f9a749d3c6ddbd813ece3a17b0f8024,4e7c6f011d6b8b058eca5405170a297fedec9dffae013fb31064ef78e8959eba
sample,all_cr-49,300,4156206,499999,10000,ea7a9190fa54ae2fe2083736a3ac40737f9a749d3c6ddbd813ece3a17b0f8024,4e7c6f011d6b8b058eca5405170a297fedec9dffae013fb31064ef78e8959eba
sample,all_cr-49,301,4156665,499999,10000,ea7a9190fa54ae2fe2083736a3ac40737f9a749d3c6ddbd813ece3a17b0f8024,4e7c6f011d6b8b058eca5405170a297fedec9dffae013fb31064ef78e8959eba
sample,all_cr-49,302,4155045,499999,10000,ea7a9190fa54ae2fe2083736a3ac40737f9a749d3c6ddbd813ece3a17b0f8024,4e7c6f011d6b8b058eca5405170a297fedec9dffae013fb31064ef78e8959eba
sample,all_cr-49,303,4161026,499999,10000,ea7a9190fa54ae2fe2083736a3ac40737f9a749d3c6ddbd813ece3a17b0f8024,4e7c6f011d6b8b058eca5405170a297fedec9dffae013fb31064ef78e8959eba
sample,all_cr-49,304,4155255,499999,10000,ea7a9190fa54ae2fe2083736a3ac40737f9a749d3c6ddbd813ece3a17b0f8024,4e7c6f011d6b8b058eca5405170a297fedec9dffae013fb31064ef78e8959eba
sample,all_cr-49,305,4176125,499999,10000,ea7a9190fa54ae2fe2083736a3ac40737f9a749d3c6ddbd813ece3a17b0f8024,4e7c6f011d6b8b058eca5405170a297fedec9dffae013fb31064ef78e8959eba
sample,all_cr-49,306,4152776,499999,10000,ea7a9190fa54ae2fe2083736a3ac40737f9a749d3c6ddbd813ece3a17b0f8024,4e7c6f011d6b8b058eca5405170a297fedec9dffae013fb31064ef78e8959eba
sample,all_cr-49,307,4164235,499999,10000,ea7a9190fa54ae2fe2083736a3ac40737f9a749d3c6ddbd813ece3a17b0f8024,4e7c6f011d6b8b058eca5405170a297fedec9dffae013fb31064ef78e8959eba
sample,all_cr-49,308,4157646,499999,10000,ea7a9190fa54ae2fe2083736a3ac40737f9a749d3c6ddbd813ece3a17b0f8024,4e7c6f011d6b8b058eca5405170a297fedec9dffae013fb31064ef78e8959eba
sample,all_cr-49,309,4216065,499999,10000,ea7a9190fa54ae2fe2083736a3ac40737f9a749d3c6ddbd813ece3a17b0f8024,4e7c6f011d6b8b058eca5405170a297fedec9dffae013fb31064ef78e8959eba
sample,all_cr-49,310,4161536,499999,10000,ea7a9190fa54ae2fe2083736a3ac40737f9a749d3c6ddbd813ece3a17b0f8024,4e7c6f011d6b8b058eca5405170a297fedec9dffae013fb31064ef78e8959eba
sample,all_cr-49,311,4157685,499999,10000,ea7a9190fa54ae2fe2083736a3ac40737f9a749d3c6ddbd813ece3a17b0f8024,4e7c6f011d6b8b058eca5405170a297fedec9dffae013fb31064ef78e8959eba
sample,all_cr-49,312,4152725,499999,10000,ea7a9190fa54ae2fe2083736a3ac40737f9a749d3c6ddbd813ece3a17b0f8024,4e7c6f011d6b8b058eca5405170a297fedec9dffae013fb31064ef78e8959eba
sample,all_cr-49,313,4163866,499999,10000,ea7a9190fa54ae2fe2083736a3ac40737f9a749d3c6ddbd813ece3a17b0f8024,4e7c6f011d6b8b058eca5405170a297fedec9dffae013fb31064ef78e8959eba
sample,all_cr-49,314,4182055,499999,10000,ea7a9190fa54ae2fe2083736a3ac40737f9a749d3c6ddbd813ece3a17b0f8024,4e7c6f011d6b8b058eca5405170a297fedec9dffae013fb31064ef78e8959eba
sample,all_cr-49,315,4164096,499999,10000,ea7a9190fa54ae2fe2083736a3ac40737f9a749d3c6ddbd813ece3a17b0f8024,4e7c6f011d6b8b058eca5405170a297fedec9dffae013fb31064ef78e8959eba
sample,all_cr-49,316,4166135,499999,10000,ea7a9190fa54ae2fe2083736a3ac40737f9a749d3c6ddbd813ece3a17b0f8024,4e7c6f011d6b8b058eca5405170a297fedec9dffae013fb31064ef78e8959eba
sample,all_cr-49,317,4180685,499999,10000,ea7a9190fa54ae2fe2083736a3ac40737f9a749d3c6ddbd813ece3a17b0f8024,4e7c6f011d6b8b058eca5405170a297fedec9dffae013fb31064ef78e8959eba
sample,all_cr-49,318,4150556,499999,10000,ea7a9190fa54ae2fe2083736a3ac40737f9a749d3c6ddbd813ece3a17b0f8024,4e7c6f011d6b8b058eca5405170a297fedec9dffae013fb31064ef78e8959eba
sample,all_cr-49,319,4149815,499999,10000,ea7a9190fa54ae2fe2083736a3ac40737f9a749d3c6ddbd813ece3a17b0f8024,4e7c6f011d6b8b058eca5405170a297fedec9dffae013fb31064ef78e8959eba
sample,all_cr-49,320,4177466,499999,10000,ea7a9190fa54ae2fe2083736a3ac40737f9a749d3c6ddbd813ece3a17b0f8024,4e7c6f011d6b8b058eca5405170a297fedec9dffae013fb31064ef78e8959eba
sample,all_cr-49,321,4170535,499999,10000,ea7a9190fa54ae2fe2083736a3ac40737f9a749d3c6ddbd813ece3a17b0f8024,4e7c6f011d6b8b058eca5405170a297fedec9dffae013fb31064ef78e8959eba
sample,all_cr-49,322,4166385,499999,10000,ea7a9190fa54ae2fe2083736a3ac40737f9a749d3c6ddbd813ece3a17b0f8024,4e7c6f011d6b8b058eca5405170a297fedec9dffae013fb31064ef78e8959eba
sample,all_cr-49,323,4195146,499999,10000,ea7a9190fa54ae2fe2083736a3ac40737f9a749d3c6ddbd813ece3a17b0f8024,4e7c6f011d6b8b058eca5405170a297fedec9dffae013fb31064ef78e8959eba
sample,all_cr-49,324,4168855,499999,10000,ea7a9190fa54ae2fe2083736a3ac40737f9a749d3c6ddbd813ece3a17b0f8024,4e7c6f011d6b8b058eca5405170a297fedec9dffae013fb31064ef78e8959eba
sample,all_cr-49,325,4168136,499999,10000,ea7a9190fa54ae2fe2083736a3ac40737f9a749d3c6ddbd813ece3a17b0f8024,4e7c6f011d6b8b058eca5405170a297fedec9dffae013fb31064ef78e8959eba
sample,all_cr-49,326,4192675,499999,10000,ea7a9190fa54ae2fe2083736a3ac40737f9a749d3c6ddbd813ece3a17b0f8024,4e7c6f011d6b8b058eca5405170a297fedec9dffae013fb31064ef78e8959eba
sample,all_cr-49,327,4161506,499999,10000,ea7a9190fa54ae2fe2083736a3ac40737f9a749d3c6ddbd813ece3a17b0f8024,4e7c6f011d6b8b058eca5405170a297fedec9dffae013fb31064ef78e8959eba
sample,all_cr-49,328,4154295,499999,10000,ea7a9190fa54ae2fe2083736a3ac40737f9a749d3c6ddbd813ece3a17b0f8024,4e7c6f011d6b8b058eca5405170a297fedec9dffae013fb31064ef78e8959eba
sample,all_cr-49,329,4185295,499999,10000,ea7a9190fa54ae2fe2083736a3ac40737f9a749d3c6ddbd813ece3a17b0f8024,4e7c6f011d6b8b058eca5405170a297fedec9dffae013fb31064ef78e8959eba
sample,all_cr-49,330,4170086,499999,10000,ea7a9190fa54ae2fe2083736a3ac40737f9a749d3c6ddbd813ece3a17b0f8024,4e7c6f011d6b8b058eca5405170a297fedec9dffae013fb31064ef78e8959eba
sample,all_cr-49,331,4183505,499999,10000,ea7a9190fa54ae2fe2083736a3ac40737f9a749d3c6ddbd813ece3a17b0f8024,4e7c6f011d6b8b058eca5405170a297fedec9dffae013fb31064ef78e8959eba
sample,all_cr-49,332,4155826,499999,10000,ea7a9190fa54ae2fe2083736a3ac40737f9a749d3c6ddbd813ece3a17b0f8024,4e7c6f011d6b8b058eca5405170a297fedec9dffae013fb31064ef78e8959eba
sample,all_cr-49,333,4206525,499999,10000,ea7a9190fa54ae2fe2083736a3ac40737f9a749d3c6ddbd813ece3a17b0f8024,4e7c6f011d6b8b058eca5405170a297fedec9dffae013fb31064ef78e8959eba
sample,all_cr-49,334,4166136,499999,10000,ea7a9190fa54ae2fe2083736a3ac40737f9a749d3c6ddbd813ece3a17b0f8024,4e7c6f011d6b8b058eca5405170a297fedec9dffae013fb31064ef78e8959eba
sample,all_cr-49,335,4171625,499999,10000,ea7a9190fa54ae2fe2083736a3ac40737f9a749d3c6ddbd813ece3a17b0f8024,4e7c6f011d6b8b058eca5405170a297fedec9dffae013fb31064ef78e8959eba
sample,all_cr-49,336,4165475,499999,10000,ea7a9190fa54ae2fe2083736a3ac40737f9a749d3c6ddbd813ece3a17b0f8024,4e7c6f011d6b8b058eca5405170a297fedec9dffae013fb31064ef78e8959eba
sample,all_cr-49,337,4175686,499999,10000,ea7a9190fa54ae2fe2083736a3ac40737f9a749d3c6ddbd813ece3a17b0f8024,4e7c6f011d6b8b058eca5405170a297fedec9dffae013fb31064ef78e8959eba
sample,all_cr-49,338,4157855,499999,10000,ea7a9190fa54ae2fe2083736a3ac40737f9a749d3c6ddbd813ece3a17b0f8024,4e7c6f011d6b8b058eca5405170a297fedec9dffae013fb31064ef78e8959eba
sample,all_cr-49,339,4180936,499999,10000,ea7a9190fa54ae2fe2083736a3ac40737f9a749d3c6ddbd813ece3a17b0f8024,4e7c6f011d6b8b058eca5405170a297fedec9dffae013fb31064ef78e8959eba
sample,all_cr-49,340,4174835,499999,10000,ea7a9190fa54ae2fe2083736a3ac40737f9a749d3c6ddbd813ece3a17b0f8024,4e7c6f011d6b8b058eca5405170a297fedec9dffae013fb31064ef78e8959eba
sample,all_cr-49,341,4158196,499999,10000,ea7a9190fa54ae2fe2083736a3ac40737f9a749d3c6ddbd813ece3a17b0f8024,4e7c6f011d6b8b058eca5405170a297fedec9dffae013fb31064ef78e8959eba
sample,all_cr-49,342,4156215,499999,10000,ea7a9190fa54ae2fe2083736a3ac40737f9a749d3c6ddbd813ece3a17b0f8024,4e7c6f011d6b8b058eca5405170a297fedec9dffae013fb31064ef78e8959eba
sample,all_cr-49,343,4166435,499999,10000,ea7a9190fa54ae2fe2083736a3ac40737f9a749d3c6ddbd813ece3a17b0f8024,4e7c6f011d6b8b058eca5405170a297fedec9dffae013fb31064ef78e8959eba
sample,all_cr-49,344,4164736,499999,10000,ea7a9190fa54ae2fe2083736a3ac40737f9a749d3c6ddbd813ece3a17b0f8024,4e7c6f011d6b8b058eca5405170a297fedec9dffae013fb31064ef78e8959eba
sample,all_cr-49,345,4180635,499999,10000,ea7a9190fa54ae2fe2083736a3ac40737f9a749d3c6ddbd813ece3a17b0f8024,4e7c6f011d6b8b058eca5405170a297fedec9dffae013fb31064ef78e8959eba
sample,all_cr-49,346,4162766,499999,10000,ea7a9190fa54ae2fe2083736a3ac40737f9a749d3c6ddbd813ece3a17b0f8024,4e7c6f011d6b8b058eca5405170a297fedec9dffae013fb31064ef78e8959eba
sample,all_cr-49,347,4162535,499999,10000,ea7a9190fa54ae2fe2083736a3ac40737f9a749d3c6ddbd813ece3a17b0f8024,4e7c6f011d6b8b058eca5405170a297fedec9dffae013fb31064ef78e8959eba
sample,all_cr-49,348,4164155,499999,10000,ea7a9190fa54ae2fe2083736a3ac40737f9a749d3c6ddbd813ece3a17b0f8024,4e7c6f011d6b8b058eca5405170a297fedec9dffae013fb31064ef78e8959eba
sample,all_cr-49,349,4168346,499999,10000,ea7a9190fa54ae2fe2083736a3ac40737f9a749d3c6ddbd813ece3a17b0f8024,4e7c6f011d6b8b058eca5405170a297fedec9dffae013fb31064ef78e8959eba
sample,all_cr-49,350,4164255,499999,10000,ea7a9190fa54ae2fe2083736a3ac40737f9a749d3c6ddbd813ece3a17b0f8024,4e7c6f011d6b8b058eca5405170a297fedec9dffae013fb31064ef78e8959eba
sample,all_cr-49,351,4157016,499999,10000,ea7a9190fa54ae2fe2083736a3ac40737f9a749d3c6ddbd813ece3a17b0f8024,4e7c6f011d6b8b058eca5405170a297fedec9dffae013fb31064ef78e8959eba
sample,all_cr-49,352,4159805,499999,10000,ea7a9190fa54ae2fe2083736a3ac40737f9a749d3c6ddbd813ece3a17b0f8024,4e7c6f011d6b8b058eca5405170a297fedec9dffae013fb31064ef78e8959eba
sample,all_cr-49,353,4160635,499999,10000,ea7a9190fa54ae2fe2083736a3ac40737f9a749d3c6ddbd813ece3a17b0f8024,4e7c6f011d6b8b058eca5405170a297fedec9dffae013fb31064ef78e8959eba
sample,all_cr-49,354,4151906,499999,10000,ea7a9190fa54ae2fe2083736a3ac40737f9a749d3c6ddbd813ece3a17b0f8024,4e7c6f011d6b8b058eca5405170a297fedec9dffae013fb31064ef78e8959eba
sample,all_cr-49,355,4157285,499999,10000,ea7a9190fa54ae2fe2083736a3ac40737f9a749d3c6ddbd813ece3a17b0f8024,4e7c6f011d6b8b058eca5405170a297fedec9dffae013fb31064ef78e8959eba
sample,all_cr-49,356,4156275,499999,10000,ea7a9190fa54ae2fe2083736a3ac40737f9a749d3c6ddbd813ece3a17b0f8024,4e7c6f011d6b8b058eca5405170a297fedec9dffae013fb31064ef78e8959eba
sample,all_cr-49,357,4169506,499999,10000,ea7a9190fa54ae2fe2083736a3ac40737f9a749d3c6ddbd813ece3a17b0f8024,4e7c6f011d6b8b058eca5405170a297fedec9dffae013fb31064ef78e8959eba
sample,all_cr-49,358,4149475,499999,10000,ea7a9190fa54ae2fe2083736a3ac40737f9a749d3c6ddbd813ece3a17b0f8024,4e7c6f011d6b8b058eca5405170a297fedec9dffae013fb31064ef78e8959eba
sample,all_cr-49,359,4160055,499999,10000,ea7a9190fa54ae2fe2083736a3ac40737f9a749d3c6ddbd813ece3a17b0f8024,4e7c6f011d6b8b058eca5405170a297fedec9dffae013fb31064ef78e8959eba
sample,all_cr-49,360,4174885,499999,10000,ea7a9190fa54ae2fe2083736a3ac40737f9a749d3c6ddbd813ece3a17b0f8024,4e7c6f011d6b8b058eca5405170a297fedec9dffae013fb31064ef78e8959eba
sample,all_cr-49,361,4155685,499999,10000,ea7a9190fa54ae2fe2083736a3ac40737f9a749d3c6ddbd813ece3a17b0f8024,4e7c6f011d6b8b058eca5405170a297fedec9dffae013fb31064ef78e8959eba
sample,all_cr-49,362,4148106,499999,10000,ea7a9190fa54ae2fe2083736a3ac40737f9a749d3c6ddbd813ece3a17b0f8024,4e7c6f011d6b8b058eca5405170a297fedec9dffae013fb31064ef78e8959eba
sample,all_cr-49,363,4157735,499999,10000,ea7a9190fa54ae2fe2083736a3ac40737f9a749d3c6ddbd813ece3a17b0f8024,4e7c6f011d6b8b058eca5405170a297fedec9dffae013fb31064ef78e8959eba
sample,all_cr-49,364,4162695,499999,10000,ea7a9190fa54ae2fe2083736a3ac40737f9a749d3c6ddbd813ece3a17b0f8024,4e7c6f011d6b8b058eca5405170a297fedec9dffae013fb31064ef78e8959eba
sample,all_cr-49,365,4156106,499999,10000,ea7a9190fa54ae2fe2083736a3ac40737f9a749d3c6ddbd813ece3a17b0f8024,4e7c6f011d6b8b058eca5405170a297fedec9dffae013fb31064ef78e8959eba
sample,all_cr-49,366,4153615,499999,10000,ea7a9190fa54ae2fe2083736a3ac40737f9a749d3c6ddbd813ece3a17b0f8024,4e7c6f011d6b8b058eca5405170a297fedec9dffae013fb31064ef78e8959eba
sample,all_cr-49,367,4156855,499999,10000,ea7a9190fa54ae2fe2083736a3ac40737f9a749d3c6ddbd813ece3a17b0f8024,4e7c6f011d6b8b058eca5405170a297fedec9dffae013fb31064ef78e8959eba
sample,all_cr-49,368,4161336,499999,10000,ea7a9190fa54ae2fe2083736a3ac40737f9a749d3c6ddbd813ece3a17b0f8024,4e7c6f011d6b8b058eca5405170a297fedec9dffae013fb31064ef78e8959eba
sample,all_cr-49,369,4165695,499999,10000,ea7a9190fa54ae2fe2083736a3ac40737f9a749d3c6ddbd813ece3a17b0f8024,4e7c6f011d6b8b058eca5405170a297fedec9dffae013fb31064ef78e8959eba
sample,all_cr-49,370,4162196,499999,10000,ea7a9190fa54ae2fe2083736a3ac40737f9a749d3c6ddbd813ece3a17b0f8024,4e7c6f011d6b8b058eca5405170a297fedec9dffae013fb31064ef78e8959eba
sample,all_cr-49,371,4159135,499999,10000,ea7a9190fa54ae2fe2083736a3ac40737f9a749d3c6ddbd813ece3a17b0f8024,4e7c6f011d6b8b058eca5405170a297fedec9dffae013fb31064ef78e8959eba
sample,all_cr-49,372,4151315,499999,10000,ea7a9190fa54ae2fe2083736a3ac40737f9a749d3c6ddbd813ece3a17b0f8024,4e7c6f011d6b8b058eca5405170a297fedec9dffae013fb31064ef78e8959eba
sample,all_cr-49,373,4158816,499999,10000,ea7a9190fa54ae2fe2083736a3ac40737f9a749d3c6ddbd813ece3a17b0f8024,4e7c6f011d6b8b058eca5405170a297fedec9dffae013fb31064ef78e8959eba
sample,all_cr-49,374,4153575,499999,10000,ea7a9190fa54ae2fe2083736a3ac40737f9a749d3c6ddbd813ece3a17b0f8024,4e7c6f011d6b8b058eca5405170a297fedec9dffae013fb31064ef78e8959eba
sample,all_cr-49,375,4162575,499999,10000,ea7a9190fa54ae2fe2083736a3ac40737f9a749d3c6ddbd813ece3a17b0f8024,4e7c6f011d6b8b058eca5405170a297fedec9dffae013fb31064ef78e8959eba
sample,all_cr-49,376,4174785,499999,10000,ea7a9190fa54ae2fe2083736a3ac40737f9a749d3c6ddbd813ece3a17b0f8024,4e7c6f011d6b8b058eca5405170a297fedec9dffae013fb31064ef78e8959eba
sample,all_cr-49,377,4192515,499999,10000,ea7a9190fa54ae2fe2083736a3ac40737f9a749d3c6ddbd813ece3a17b0f8024,4e7c6f011d6b8b058eca5405170a297fedec9dffae013fb31064ef78e8959eba
sample,all_cr-49,378,4174956,499999,10000,ea7a9190fa54ae2fe2083736a3ac40737f9a749d3c6ddbd813ece3a17b0f8024,4e7c6f011d6b8b058eca5405170a297fedec9dffae013fb31064ef78e8959eba
sample,all_cr-49,379,4195815,499999,10000,ea7a9190fa54ae2fe2083736a3ac40737f9a749d3c6ddbd813ece3a17b0f8024,4e7c6f011d6b8b058eca5405170a297fedec9dffae013fb31064ef78e8959eba
sample,all_cr-49,380,4182636,499999,10000,ea7a9190fa54ae2fe2083736a3ac40737f9a749d3c6ddbd813ece3a17b0f8024,4e7c6f011d6b8b058eca5405170a297fedec9dffae013fb31064ef78e8959eba
sample,all_cr-49,381,4221445,499999,10000,ea7a9190fa54ae2fe2083736a3ac40737f9a749d3c6ddbd813ece3a17b0f8024,4e7c6f011d6b8b058eca5405170a297fedec9dffae013fb31064ef78e8959eba
sample,all_cr-49,382,4167815,499999,10000,ea7a9190fa54ae2fe2083736a3ac40737f9a749d3c6ddbd813ece3a17b0f8024,4e7c6f011d6b8b058eca5405170a297fedec9dffae013fb31064ef78e8959eba
sample,all_cr-49,383,4196955,499999,10000,ea7a9190fa54ae2fe2083736a3ac40737f9a749d3c6ddbd813ece3a17b0f8024,4e7c6f011d6b8b058eca5405170a297fedec9dffae013fb31064ef78e8959eba
sample,all_cr-49,384,4178936,499999,10000,ea7a9190fa54ae2fe2083736a3ac40737f9a749d3c6ddbd813ece3a17b0f8024,4e7c6f011d6b8b058eca5405170a297fedec9dffae013fb31064ef78e8959eba
sample,all_cr-49,385,4178945,499999,10000,ea7a9190fa54ae2fe2083736a3ac40737f9a749d3c6ddbd813ece3a17b0f8024,4e7c6f011d6b8b058eca5405170a297fedec9dffae013fb31064ef78e8959eba
sample,all_cr-49,386,4156546,499999,10000,ea7a9190fa54ae2fe2083736a3ac40737f9a749d3c6ddbd813ece3a17b0f8024,4e7c6f011d6b8b058eca5405170a297fedec9dffae013fb31064ef78e8959eba
sample,all_cr-49,387,4170985,499999,10000,ea7a9190fa54ae2fe2083736a3ac40737f9a749d3c6ddbd813ece3a17b0f8024,4e7c6f011d6b8b058eca5405170a297fedec9dffae013fb31064ef78e8959eba
sample,all_cr-49,388,4156815,499999,10000,ea7a9190fa54ae2fe2083736a3ac40737f9a749d3c6ddbd813ece3a17b0f8024,4e7c6f011d6b8b058eca5405170a297fedec9dffae013fb31064ef78e8959eba
sample,all_cr-49,389,4164786,499999,10000,ea7a9190fa54ae2fe2083736a3ac40737f9a749d3c6ddbd813ece3a17b0f8024,4e7c6f011d6b8b058eca5405170a297fedec9dffae013fb31064ef78e8959eba
sample,all_cr-49,390,4199225,499999,10000,ea7a9190fa54ae2fe2083736a3ac40737f9a749d3c6ddbd813ece3a17b0f8024,4e7c6f011d6b8b058eca5405170a297fedec9dffae013fb31064ef78e8959eba
sample,all_cr-49,391,4169126,499999,10000,ea7a9190fa54ae2fe2083736a3ac40737f9a749d3c6ddbd813ece3a17b0f8024,4e7c6f011d6b8b058eca5405170a297fedec9dffae013fb31064ef78e8959eba
sample,all_cr-49,392,4160065,499999,10000,ea7a9190fa54ae2fe2083736a3ac40737f9a749d3c6ddbd813ece3a17b0f8024,4e7c6f011d6b8b058eca5405170a297fedec9dffae013fb31064ef78e8959eba
sample,all_cr-49,393,4168896,499999,10000,ea7a9190fa54ae2fe2083736a3ac40737f9a749d3c6ddbd813ece3a17b0f8024,4e7c6f011d6b8b058eca5405170a297fedec9dffae013fb31064ef78e8959eba
sample,all_cr-49,394,4161745,499999,10000,ea7a9190fa54ae2fe2083736a3ac40737f9a749d3c6ddbd813ece3a17b0f8024,4e7c6f011d6b8b058eca5405170a297fedec9dffae013fb31064ef78e8959eba
sample,all_cr-49,395,4190575,499999,10000,ea7a9190fa54ae2fe2083736a3ac40737f9a749d3c6ddbd813ece3a17b0f8024,4e7c6f011d6b8b058eca5405170a297fedec9dffae013fb31064ef78e8959eba
sample,all_cr-49,396,4172956,499999,10000,ea7a9190fa54ae2fe2083736a3ac40737f9a749d3c6ddbd813ece3a17b0f8024,4e7c6f011d6b8b058eca5405170a297fedec9dffae013fb31064ef78e8959eba
sample,all_cr-49,397,4194365,499999,10000,ea7a9190fa54ae2fe2083736a3ac40737f9a749d3c6ddbd813ece3a17b0f8024,4e7c6f011d6b8b058eca5405170a297fedec9dffae013fb31064ef78e8959eba
sample,all_cr-49,398,4172786,499999,10000,ea7a9190fa54ae2fe2083736a3ac40737f9a749d3c6ddbd813ece3a17b0f8024,4e7c6f011d6b8b058eca5405170a297fedec9dffae013fb31064ef78e8959eba
sample,all_cr-49,399,4164355,499999,10000,ea7a9190fa54ae2fe2083736a3ac40737f9a749d3c6ddbd813ece3a17b0f8024,4e7c6f011d6b8b058eca5405170a297fedec9dffae013fb31064ef78e8959eba
sample,all_cr-49,400,4184006,499999,10000,ea7a9190fa54ae2fe2083736a3ac40737f9a749d3c6ddbd813ece3a17b0f8024,4e7c6f011d6b8b058eca5405170a297fedec9dffae013fb31064ef78e8959eba
sample,all_cr-49,401,4155405,499999,10000,ea7a9190fa54ae2fe2083736a3ac40737f9a749d3c6ddbd813ece3a17b0f8024,4e7c6f011d6b8b058eca5405170a297fedec9dffae013fb31064ef78e8959eba
sample,all_cr-49,402,4156245,499999,10000,ea7a9190fa54ae2fe2083736a3ac40737f9a749d3c6ddbd813ece3a17b0f8024,4e7c6f011d6b8b058eca5405170a297fedec9dffae013fb31064ef78e8959eba
sample,all_cr-49,403,4178906,499999,10000,ea7a9190fa54ae2fe2083736a3ac40737f9a749d3c6ddbd813ece3a17b0f8024,4e7c6f011d6b8b058eca5405170a297fedec9dffae013fb31064ef78e8959eba
sample,all_cr-49,404,4153445,499999,10000,ea7a9190fa54ae2fe2083736a3ac40737f9a749d3c6ddbd813ece3a17b0f8024,4e7c6f011d6b8b058eca5405170a297fedec9dffae013fb31064ef78e8959eba
sample,all_cr-49,405,4164986,499999,10000,ea7a9190fa54ae2fe2083736a3ac40737f9a749d3c6ddbd813ece3a17b0f8024,4e7c6f011d6b8b058eca5405170a297fedec9dffae013fb31064ef78e8959eba
sample,all_cr-49,406,4148315,499999,10000,ea7a9190fa54ae2fe2083736a3ac40737f9a749d3c6ddbd813ece3a17b0f8024,4e7c6f011d6b8b058eca5405170a297fedec9dffae013fb31064ef78e8959eba
sample,all_cr-49,407,4171435,499999,10000,ea7a9190fa54ae2fe2083736a3ac40737f9a749d3c6ddbd813ece3a17b0f8024,4e7c6f011d6b8b058eca5405170a297fedec9dffae013fb31064ef78e8959eba
sample,all_cr-49,408,4162326,499999,10000,ea7a9190fa54ae2fe2083736a3ac40737f9a749d3c6ddbd813ece3a17b0f8024,4e7c6f011d6b8b058eca5405170a297fedec9dffae013fb31064ef78e8959eba
sample,all_cr-49,409,4177235,499999,10000,ea7a9190fa54ae2fe2083736a3ac40737f9a749d3c6ddbd813ece3a17b0f8024,4e7c6f011d6b8b058eca5405170a297fedec9dffae013fb31064ef78e8959eba
sample,all_cr-49,410,4165076,499999,10000,ea7a9190fa54ae2fe2083736a3ac40737f9a749d3c6ddbd813ece3a17b0f8024,4e7c6f011d6b8b058eca5405170a297fedec9dffae013fb31064ef78e8959eba
sample,all_cr-49,411,4165555,499999,10000,ea7a9190fa54ae2fe2083736a3ac40737f9a749d3c6ddbd813ece3a17b0f8024,4e7c6f011d6b8b058eca5405170a297fedec9dffae013fb31064ef78e8959eba
sample,all_cr-49,412,4163735,499999,10000,ea7a9190fa54ae2fe2083736a3ac40737f9a749d3c6ddbd813ece3a17b0f8024,4e7c6f011d6b8b058eca5405170a297fedec9dffae013fb31064ef78e8959eba
sample,all_cr-49,413,4162306,499999,10000,ea7a9190fa54ae2fe2083736a3ac40737f9a749d3c6ddbd813ece3a17b0f8024,4e7c6f011d6b8b058eca5405170a297fedec9dffae013fb31064ef78e8959eba
sample,all_cr-49,414,4155865,499999,10000,ea7a9190fa54ae2fe2083736a3ac40737f9a749d3c6ddbd813ece3a17b0f8024,4e7c6f011d6b8b058eca5405170a297fedec9dffae013fb31064ef78e8959eba
sample,all_cr-49,415,4152746,499999,10000,ea7a9190fa54ae2fe2083736a3ac40737f9a749d3c6ddbd813ece3a17b0f8024,4e7c6f011d6b8b058eca5405170a297fedec9dffae013fb31064ef78e8959eba
sample,all_cr-49,416,4174905,499999,10000,ea7a9190fa54ae2fe2083736a3ac40737f9a749d3c6ddbd813ece3a17b0f8024,4e7c6f011d6b8b058eca5405170a297fedec9dffae013fb31064ef78e8959eba
sample,all_cr-49,417,4184155,499999,10000,ea7a9190fa54ae2fe2083736a3ac40737f9a749d3c6ddbd813ece3a17b0f8024,4e7c6f011d6b8b058eca5405170a297fedec9dffae013fb31064ef78e8959eba
sample,all_cr-49,418,4183826,499999,10000,ea7a9190fa54ae2fe2083736a3ac40737f9a749d3c6ddbd813ece3a17b0f8024,4e7c6f011d6b8b058eca5405170a297fedec9dffae013fb31064ef78e8959eba
sample,all_cr-49,419,4217496,499999,10000,ea7a9190fa54ae2fe2083736a3ac40737f9a749d3c6ddbd813ece3a17b0f8024,4e7c6f011d6b8b058eca5405170a297fedec9dffae013fb31064ef78e8959eba
sample,all_cr-49,420,4163085,499999,10000,ea7a9190fa54ae2fe2083736a3ac40737f9a749d3c6ddbd813ece3a17b0f8024,4e7c6f011d6b8b058eca5405170a297fedec9dffae013fb31064ef78e8959eba
sample,all_cr-49,421,4169925,499999,10000,ea7a9190fa54ae2fe2083736a3ac40737f9a749d3c6ddbd813ece3a17b0f8024,4e7c6f011d6b8b058eca5405170a297fedec9dffae013fb31064ef78e8959eba
sample,all_cr-49,422,4167106,499999,10000,ea7a9190fa54ae2fe2083736a3ac40737f9a749d3c6ddbd813ece3a17b0f8024,4e7c6f011d6b8b058eca5405170a297fedec9dffae013fb31064ef78e8959eba
sample,all_cr-49,423,4163045,499999,10000,ea7a9190fa54ae2fe2083736a3ac40737f9a749d3c6ddbd813ece3a17b0f8024,4e7c6f011d6b8b058eca5405170a297fedec9dffae013fb31064ef78e8959eba
sample,all_cr-49,424,4166806,499999,10000,ea7a9190fa54ae2fe2083736a3ac40737f9a749d3c6ddbd813ece3a17b0f8024,4e7c6f011d6b8b058eca5405170a297fedec9dffae013fb31064ef78e8959eba
sample,all_cr-49,425,4168455,499999,10000,ea7a9190fa54ae2fe2083736a3ac40737f9a749d3c6ddbd813ece3a17b0f8024,4e7c6f011d6b8b058eca5405170a297fedec9dffae013fb31064ef78e8959eba
sample,all_cr-49,426,4163615,499999,10000,ea7a9190fa54ae2fe2083736a3ac40737f9a749d3c6ddbd813ece3a17b0f8024,4e7c6f011d6b8b058eca5405170a297fedec9dffae013fb31064ef78e8959eba
sample,all_cr-49,427,4182916,499999,10000,ea7a9190fa54ae2fe2083736a3ac40737f9a749d3c6ddbd813ece3a17b0f8024,4e7c6f011d6b8b058eca5405170a297fedec9dffae013fb31064ef78e8959eba
sample,all_cr-49,428,4187945,499999,10000,ea7a9190fa54ae2fe2083736a3ac40737f9a749d3c6ddbd813ece3a17b0f8024,4e7c6f011d6b8b058eca5405170a297fedec9dffae013fb31064ef78e8959eba
sample,all_cr-49,429,4187096,499999,10000,ea7a9190fa54ae2fe2083736a3ac40737f9a749d3c6ddbd813ece3a17b0f8024,4e7c6f011d6b8b058eca5405170a297fedec9dffae013fb31064ef78e8959eba
sample,all_cr-49,430,4176435,499999,10000,ea7a9190fa54ae2fe2083736a3ac40737f9a749d3c6ddbd813ece3a17b0f8024,4e7c6f011d6b8b058eca5405170a297fedec9dffae013fb31064ef78e8959eba
sample,all_cr-49,431,4186496,499999,10000,ea7a9190fa54ae2fe2083736a3ac40737f9a749d3c6ddbd813ece3a17b0f8024,4e7c6f011d6b8b058eca5405170a297fedec9dffae013fb31064ef78e8959eba
sample,all_cr-49,432,4181055,499999,10000,ea7a9190fa54ae2fe2083736a3ac40737f9a749d3c6ddbd813ece3a17b0f8024,4e7c6f011d6b8b058eca5405170a297fedec9dffae013fb31064ef78e8959eba
sample,all_cr-49,433,4193156,499999,10000,ea7a9190fa54ae2fe2083736a3ac40737f9a749d3c6ddbd813ece3a17b0f8024,4e7c6f011d6b8b058eca5405170a297fedec9dffae013fb31064ef78e8959eba
sample,all_cr-49,434,4172515,499999,10000,ea7a9190fa54ae2fe2083736a3ac40737f9a749d3c6ddbd813ece3a17b0f8024,4e7c6f011d6b8b058eca5405170a297fedec9dffae013fb31064ef78e8959eba
sample,all_cr-49,435,4182776,499999,10000,ea7a9190fa54ae2fe2083736a3ac40737f9a749d3c6ddbd813ece3a17b0f8024,4e7c6f011d6b8b058eca5405170a297fedec9dffae013fb31064ef78e8959eba
sample,all_cr-49,436,4176245,499999,10000,ea7a9190fa54ae2fe2083736a3ac40737f9a749d3c6ddbd813ece3a17b0f8024,4e7c6f011d6b8b058eca5405170a297fedec9dffae013fb31064ef78e8959eba
sample,all_cr-49,437,4170565,499999,10000,ea7a9190fa54ae2fe2083736a3ac40737f9a749d3c6ddbd813ece3a17b0f8024,4e7c6f011d6b8b058eca5405170a297fedec9dffae013fb31064ef78e8959eba
sample,all_cr-49,438,4178346,499999,10000,ea7a9190fa54ae2fe2083736a3ac40737f9a749d3c6ddbd813ece3a17b0f8024,4e7c6f011d6b8b058eca5405170a297fedec9dffae013fb31064ef78e8959eba
sample,all_cr-49,439,4169425,499999,10000,ea7a9190fa54ae2fe2083736a3ac40737f9a749d3c6ddbd813ece3a17b0f8024,4e7c6f011d6b8b058eca5405170a297fedec9dffae013fb31064ef78e8959eba
sample,all_cr-49,440,4169886,499999,10000,ea7a9190fa54ae2fe2083736a3ac40737f9a749d3c6ddbd813ece3a17b0f8024,4e7c6f011d6b8b058eca5405170a297fedec9dffae013fb31064ef78e8959eba
sample,all_cr-49,441,4182305,499999,10000,ea7a9190fa54ae2fe2083736a3ac40737f9a749d3c6ddbd813ece3a17b0f8024,4e7c6f011d6b8b058eca5405170a297fedec9dffae013fb31064ef78e8959eba
sample,all_cr-49,442,4170896,499999,10000,ea7a9190fa54ae2fe2083736a3ac40737f9a749d3c6ddbd813ece3a17b0f8024,4e7c6f011d6b8b058eca5405170a297fedec9dffae013fb31064ef78e8959eba
sample,all_cr-49,443,4183105,499999,10000,ea7a9190fa54ae2fe2083736a3ac40737f9a749d3c6ddbd813ece3a17b0f8024,4e7c6f011d6b8b058eca5405170a297fedec9dffae013fb31064ef78e8959eba
sample,all_cr-49,444,4203536,499999,10000,ea7a9190fa54ae2fe2083736a3ac40737f9a749d3c6ddbd813ece3a17b0f8024,4e7c6f011d6b8b058eca5405170a297fedec9dffae013fb31064ef78e8959eba
sample,all_cr-49,445,4158905,499999,10000,ea7a9190fa54ae2fe2083736a3ac40737f9a749d3c6ddbd813ece3a17b0f8024,4e7c6f011d6b8b058eca5405170a297fedec9dffae013fb31064ef78e8959eba
sample,all_cr-49,446,4154505,499999,10000,ea7a9190fa54ae2fe2083736a3ac40737f9a749d3c6ddbd813ece3a17b0f8024,4e7c6f011d6b8b058eca5405170a297fedec9dffae013fb31064ef78e8959eba
sample,all_cr-49,447,4158376,499999,10000,ea7a9190fa54ae2fe2083736a3ac40737f9a749d3c6ddbd813ece3a17b0f8024,4e7c6f011d6b8b058eca5405170a297fedec9dffae013fb31064ef78e8959eba
sample,all_cr-49,448,4165335,499999,10000,ea7a9190fa54ae2fe2083736a3ac40737f9a749d3c6ddbd813ece3a17b0f8024,4e7c6f011d6b8b058eca5405170a297fedec9dffae013fb31064ef78e8959eba
sample,all_cr-49,449,4186506,499999,10000,ea7a9190fa54ae2fe2083736a3ac40737f9a749d3c6ddbd813ece3a17b0f8024,4e7c6f011d6b8b058eca5405170a297fedec9dffae013fb31064ef78e8959eba
sample,all_cr-49,450,4155375,499999,10000,ea7a9190fa54ae2fe2083736a3ac40737f9a749d3c6ddbd813ece3a17b0f8024,4e7c6f011d6b8b058eca5405170a297fedec9dffae013fb31064ef78e8959eba
sample,all_cr-49,451,4170465,499999,10000,ea7a9190fa54ae2fe2083736a3ac40737f9a749d3c6ddbd813ece3a17b0f8024,4e7c6f011d6b8b058eca5405170a297fedec9dffae013fb31064ef78e8959eba
sample,all_cr-49,452,4165976,499999,10000,ea7a9190fa54ae2fe2083736a3ac40737f9a749d3c6ddbd813ece3a17b0f8024,4e7c6f011d6b8b058eca5405170a297fedec9dffae013fb31064ef78e8959eba
sample,all_cr-49,453,4161225,499999,10000,ea7a9190fa54ae2fe2083736a3ac40737f9a749d3c6ddbd813ece3a17b0f8024,4e7c6f011d6b8b058eca5405170a297fedec9dffae013fb31064ef78e8959eba
sample,all_cr-49,454,4150075,499999,10000,ea7a9190fa54ae2fe2083736a3ac40737f9a749d3c6ddbd813ece3a17b0f8024,4e7c6f011d6b8b058eca5405170a297fedec9dffae013fb31064ef78e8959eba
sample,all_cr-49,455,4154786,499999,10000,ea7a9190fa54ae2fe2083736a3ac40737f9a749d3c6ddbd813ece3a17b0f8024,4e7c6f011d6b8b058eca5405170a297fedec9dffae013fb31064ef78e8959eba
sample,all_cr-49,456,4172305,499999,10000,ea7a9190fa54ae2fe2083736a3ac40737f9a749d3c6ddbd813ece3a17b0f8024,4e7c6f011d6b8b058eca5405170a297fedec9dffae013fb31064ef78e8959eba
sample,all_cr-49,457,4162256,499999,10000,ea7a9190fa54ae2fe2083736a3ac40737f9a749d3c6ddbd813ece3a17b0f8024,4e7c6f011d6b8b058eca5405170a297fedec9dffae013fb31064ef78e8959eba
sample,all_cr-49,458,4157475,499999,10000,ea7a9190fa54ae2fe2083736a3ac40737f9a749d3c6ddbd813ece3a17b0f8024,4e7c6f011d6b8b058eca5405170a297fedec9dffae013fb31064ef78e8959eba
sample,all_cr-49,459,4160085,499999,10000,ea7a9190fa54ae2fe2083736a3ac40737f9a749d3c6ddbd813ece3a17b0f8024,4e7c6f011d6b8b058eca5405170a297fedec9dffae013fb31064ef78e8959eba
sample,all_cr-49,460,4156066,499999,10000,ea7a9190fa54ae2fe2083736a3ac40737f9a749d3c6ddbd813ece3a17b0f8024,4e7c6f011d6b8b058eca5405170a297fedec9dffae013fb31064ef78e8959eba
sample,all_cr-49,461,4159215,499999,10000,ea7a9190fa54ae2fe2083736a3ac40737f9a749d3c6ddbd813ece3a17b0f8024,4e7c6f011d6b8b058eca5405170a297fedec9dffae013fb31064ef78e8959eba
sample,all_cr-49,462,4162055,499999,10000,ea7a9190fa54ae2fe2083736a3ac40737f9a749d3c6ddbd813ece3a17b0f8024,4e7c6f011d6b8b058eca5405170a297fedec9dffae013fb31064ef78e8959eba
sample,all_cr-49,463,4164706,499999,10000,ea7a9190fa54ae2fe2083736a3ac40737f9a749d3c6ddbd813ece3a17b0f8024,4e7c6f011d6b8b058eca5405170a297fedec9dffae013fb31064ef78e8959eba
sample,all_cr-49,464,4160905,499999,10000,ea7a9190fa54ae2fe2083736a3ac40737f9a749d3c6ddbd813ece3a17b0f8024,4e7c6f011d6b8b058eca5405170a297fedec9dffae013fb31064ef78e8959eba
sample,all_cr-49,465,4182816,499999,10000,ea7a9190fa54ae2fe2083736a3ac40737f9a749d3c6ddbd813ece3a17b0f8024,4e7c6f011d6b8b058eca5405170a297fedec9dffae013fb31064ef78e8959eba
sample,all_cr-49,466,4160895,499999,10000,ea7a9190fa54ae2fe2083736a3ac40737f9a749d3c6ddbd813ece3a17b0f8024,4e7c6f011d6b8b058eca5405170a297fedec9dffae013fb31064ef78e8959eba
sample,all_cr-49,467,4181276,499999,10000,ea7a9190fa54ae2fe2083736a3ac40737f9a749d3c6ddbd813ece3a17b0f8024,4e7c6f011d6b8b058eca5405170a297fedec9dffae013fb31064ef78e8959eba
sample,all_cr-49,468,4167125,499999,10000,ea7a9190fa54ae2fe2083736a3ac40737f9a749d3c6ddbd813ece3a17b0f8024,4e7c6f011d6b8b058eca5405170a297fedec9dffae013fb31064ef78e8959eba
sample,all_cr-49,469,4156395,499999,10000,ea7a9190fa54ae2fe2083736a3ac40737f9a749d3c6ddbd813ece3a17b0f8024,4e7c6f011d6b8b058eca5405170a297fedec9dffae013fb31064ef78e8959eba
sample,all_cr-49,470,4152936,499999,10000,ea7a9190fa54ae2fe2083736a3ac40737f9a749d3c6ddbd813ece3a17b0f8024,4e7c6f011d6b8b058eca5405170a297fedec9dffae013fb31064ef78e8959eba
sample,all_cr-49,471,4163115,499999,10000,ea7a9190fa54ae2fe2083736a3ac40737f9a749d3c6ddbd813ece3a17b0f8024,4e7c6f011d6b8b058eca5405170a297fedec9dffae013fb31064ef78e8959eba
sample,all_cr-49,472,4156746,499999,10000,ea7a9190fa54ae2fe2083736a3ac40737f9a749d3c6ddbd813ece3a17b0f8024,4e7c6f011d6b8b058eca5405170a297fedec9dffae013fb31064ef78e8959eba
sample,all_cr-49,473,4175925,499999,10000,ea7a9190fa54ae2fe2083736a3ac40737f9a749d3c6ddbd813ece3a17b0f8024,4e7c6f011d6b8b058eca5405170a297fedec9dffae013fb31064ef78e8959eba
sample,all_cr-49,474,4167675,499999,10000,ea7a9190fa54ae2fe2083736a3ac40737f9a749d3c6ddbd813ece3a17b0f8024,4e7c6f011d6b8b058eca5405170a297fedec9dffae013fb31064ef78e8959eba
sample,all_cr-49,475,4165606,499999,10000,ea7a9190fa54ae2fe2083736a3ac40737f9a749d3c6ddbd813ece3a17b0f8024,4e7c6f011d6b8b058eca5405170a297fedec9dffae013fb31064ef78e8959eba
sample,all_cr-49,476,4166095,499999,10000,ea7a9190fa54ae2fe2083736a3ac40737f9a749d3c6ddbd813ece3a17b0f8024,4e7c6f011d6b8b058eca5405170a297fedec9dffae013fb31064ef78e8959eba
sample,all_cr-49,477,4168506,499999,10000,ea7a9190fa54ae2fe2083736a3ac40737f9a749d3c6ddbd813ece3a17b0f8024,4e7c6f011d6b8b058eca5405170a297fedec9dffae013fb31064ef78e8959eba
sample,all_cr-49,478,4170515,499999,10000,ea7a9190fa54ae2fe2083736a3ac40737f9a749d3c6ddbd813ece3a17b0f8024,4e7c6f011d6b8b058eca5405170a297fedec9dffae013fb31064ef78e8959eba
sample,all_cr-49,479,4181025,499999,10000,ea7a9190fa54ae2fe2083736a3ac40737f9a749d3c6ddbd813ece3a17b0f8024,4e7c6f011d6b8b058eca5405170a297fedec9dffae013fb31064ef78e8959eba
sample,all_cr-49,480,4174986,499999,10000,ea7a9190fa54ae2fe2083736a3ac40737f9a749d3c6ddbd813ece3a17b0f8024,4e7c6f011d6b8b058eca5405170a297fedec9dffae013fb31064ef78e8959eba
sample,all_cr-49,481,4171125,499999,10000,ea7a9190fa54ae2fe2083736a3ac40737f9a749d3c6ddbd813ece3a17b0f8024,4e7c6f011d6b8b058eca5405170a297fedec9dffae013fb31064ef78e8959eba
sample,all_cr-49,482,4179936,499999,10000,ea7a9190fa54ae2fe2083736a3ac40737f9a749d3c6ddbd813ece3a17b0f8024,4e7c6f011d6b8b058eca5405170a297fedec9dffae013fb31064ef78e8959eba
sample,all_cr-49,483,4176885,499999,10000,ea7a9190fa54ae2fe2083736a3ac40737f9a749d3c6ddbd813ece3a17b0f8024,4e7c6f011d6b8b058eca5405170a297fedec9dffae013fb31064ef78e8959eba
sample,all_cr-49,484,4177306,499999,10000,ea7a9190fa54ae2fe2083736a3ac40737f9a749d3c6ddbd813ece3a17b0f8024,4e7c6f011d6b8b058eca5405170a297fedec9dffae013fb31064ef78e8959eba
sample,all_cr-49,485,4172375,499999,10000,ea7a9190fa54ae2fe2083736a3ac40737f9a749d3c6ddbd813ece3a17b0f8024,4e7c6f011d6b8b058eca5405170a297fedec9dffae013fb31064ef78e8959eba
sample,all_cr-49,486,4174685,499999,10000,ea7a9190fa54ae2fe2083736a3ac40737f9a749d3c6ddbd813ece3a17b0f8024,4e7c6f011d6b8b058eca5405170a297fedec9dffae013fb31064ef78e8959eba
sample,all_cr-49,487,4179146,499999,10000,ea7a9190fa54ae2fe2083736a3ac40737f9a749d3c6ddbd813ece3a17b0f8024,4e7c6f011d6b8b058eca5405170a297fedec9dffae013fb31064ef78e8959eba
sample,all_cr-49,488,4176975,499999,10000,ea7a9190fa54ae2fe2083736a3ac40737f9a749d3c6ddbd813ece3a17b0f8024,4e7c6f011d6b8b058eca5405170a297fedec9dffae013fb31064ef78e8959eba
sample,all_cr-49,489,4172336,499999,10000,ea7a9190fa54ae2fe2083736a3ac40737f9a749d3c6ddbd813ece3a17b0f8024,4e7c6f011d6b8b058eca5405170a297fedec9dffae013fb31064ef78e8959eba
sample,all_cr-49,490,4168395,499999,10000,ea7a9190fa54ae2fe2083736a3ac40737f9a749d3c6ddbd813ece3a17b0f8024,4e7c6f011d6b8b058eca5405170a297fedec9dffae013fb31064ef78e8959eba
sample,all_cr-49,491,4186736,499999,10000,ea7a9190fa54ae2fe2083736a3ac40737f9a749d3c6ddbd813ece3a17b0f8024,4e7c6f011d6b8b058eca5405170a297fedec9dffae013fb31064ef78e8959eba
sample,all_cr-49,492,4383166,499999,10000,ea7a9190fa54ae2fe2083736a3ac40737f9a749d3c6ddbd813ece3a17b0f8024,4e7c6f011d6b8b058eca5405170a297fedec9dffae013fb31064ef78e8959eba
sample,all_cr-49,493,4149145,499999,10000,ea7a9190fa54ae2fe2083736a3ac40737f9a749d3c6ddbd813ece3a17b0f8024,4e7c6f011d6b8b058eca5405170a297fedec9dffae013fb31064ef78e8959eba
sample,all_cr-49,494,4163106,499999,10000,ea7a9190fa54ae2fe2083736a3ac40737f9a749d3c6ddbd813ece3a17b0f8024,4e7c6f011d6b8b058eca5405170a297fedec9dffae013fb31064ef78e8959eba
sample,all_cr-49,495,4184865,499999,10000,ea7a9190fa54ae2fe2083736a3ac40737f9a749d3c6ddbd813ece3a17b0f8024,4e7c6f011d6b8b058eca5405170a297fedec9dffae013fb31064ef78e8959eba
sample,all_cr-49,496,4170075,499999,10000,ea7a9190fa54ae2fe2083736a3ac40737f9a749d3c6ddbd813ece3a17b0f8024,4e7c6f011d6b8b058eca5405170a297fedec9dffae013fb31064ef78e8959eba
sample,all_cr-49,497,4161886,499999,10000,ea7a9190fa54ae2fe2083736a3ac40737f9a749d3c6ddbd813ece3a17b0f8024,4e7c6f011d6b8b058eca5405170a297fedec9dffae013fb31064ef78e8959eba
sample,all_cr-49,498,4167615,499999,10000,ea7a9190fa54ae2fe2083736a3ac40737f9a749d3c6ddbd813ece3a17b0f8024,4e7c6f011d6b8b058eca5405170a297fedec9dffae013fb31064ef78e8959eba
sample,all_cr-49,499,4164216,499999,10000,ea7a9190fa54ae2fe2083736a3ac40737f9a749d3c6ddbd813ece3a17b0f8024,4e7c6f011d6b8b058eca5405170a297fedec9dffae013fb31064ef78e8959eba
sample,sparse_crlf-49,0,1412565,489999,10000,8ca2da968b6788ab2efad270e5dd4515db1b96f44c8b864ece6a066126595369,e677626f7f2b32f4c354e798965af4ebccbc57b60c13186de23a2b97b8a4afeb
sample,sparse_crlf-49,1,1416146,489999,10000,8ca2da968b6788ab2efad270e5dd4515db1b96f44c8b864ece6a066126595369,e677626f7f2b32f4c354e798965af4ebccbc57b60c13186de23a2b97b8a4afeb
sample,sparse_crlf-49,2,1424855,489999,10000,8ca2da968b6788ab2efad270e5dd4515db1b96f44c8b864ece6a066126595369,e677626f7f2b32f4c354e798965af4ebccbc57b60c13186de23a2b97b8a4afeb
sample,sparse_crlf-49,3,1423955,489999,10000,8ca2da968b6788ab2efad270e5dd4515db1b96f44c8b864ece6a066126595369,e677626f7f2b32f4c354e798965af4ebccbc57b60c13186de23a2b97b8a4afeb
sample,sparse_crlf-49,4,1547876,489999,10000,8ca2da968b6788ab2efad270e5dd4515db1b96f44c8b864ece6a066126595369,e677626f7f2b32f4c354e798965af4ebccbc57b60c13186de23a2b97b8a4afeb
sample,sparse_crlf-49,5,1425075,489999,10000,8ca2da968b6788ab2efad270e5dd4515db1b96f44c8b864ece6a066126595369,e677626f7f2b32f4c354e798965af4ebccbc57b60c13186de23a2b97b8a4afeb
sample,sparse_crlf-49,6,1425705,489999,10000,8ca2da968b6788ab2efad270e5dd4515db1b96f44c8b864ece6a066126595369,e677626f7f2b32f4c354e798965af4ebccbc57b60c13186de23a2b97b8a4afeb
sample,sparse_crlf-49,7,1417216,489999,10000,8ca2da968b6788ab2efad270e5dd4515db1b96f44c8b864ece6a066126595369,e677626f7f2b32f4c354e798965af4ebccbc57b60c13186de23a2b97b8a4afeb
sample,sparse_crlf-49,8,1420725,489999,10000,8ca2da968b6788ab2efad270e5dd4515db1b96f44c8b864ece6a066126595369,e677626f7f2b32f4c354e798965af4ebccbc57b60c13186de23a2b97b8a4afeb
sample,sparse_crlf-49,9,1418235,489999,10000,8ca2da968b6788ab2efad270e5dd4515db1b96f44c8b864ece6a066126595369,e677626f7f2b32f4c354e798965af4ebccbc57b60c13186de23a2b97b8a4afeb
sample,sparse_crlf-49,10,1418346,489999,10000,8ca2da968b6788ab2efad270e5dd4515db1b96f44c8b864ece6a066126595369,e677626f7f2b32f4c354e798965af4ebccbc57b60c13186de23a2b97b8a4afeb
sample,sparse_crlf-49,11,1427755,489999,10000,8ca2da968b6788ab2efad270e5dd4515db1b96f44c8b864ece6a066126595369,e677626f7f2b32f4c354e798965af4ebccbc57b60c13186de23a2b97b8a4afeb
sample,sparse_crlf-49,12,1423325,489999,10000,8ca2da968b6788ab2efad270e5dd4515db1b96f44c8b864ece6a066126595369,e677626f7f2b32f4c354e798965af4ebccbc57b60c13186de23a2b97b8a4afeb
sample,sparse_crlf-49,13,1429185,489999,10000,8ca2da968b6788ab2efad270e5dd4515db1b96f44c8b864ece6a066126595369,e677626f7f2b32f4c354e798965af4ebccbc57b60c13186de23a2b97b8a4afeb
sample,sparse_crlf-49,14,1419296,489999,10000,8ca2da968b6788ab2efad270e5dd4515db1b96f44c8b864ece6a066126595369,e677626f7f2b32f4c354e798965af4ebccbc57b60c13186de23a2b97b8a4afeb
sample,sparse_crlf-49,15,1523665,489999,10000,8ca2da968b6788ab2efad270e5dd4515db1b96f44c8b864ece6a066126595369,e677626f7f2b32f4c354e798965af4ebccbc57b60c13186de23a2b97b8a4afeb
sample,sparse_crlf-49,16,1426196,489999,10000,8ca2da968b6788ab2efad270e5dd4515db1b96f44c8b864ece6a066126595369,e677626f7f2b32f4c354e798965af4ebccbc57b60c13186de23a2b97b8a4afeb
sample,sparse_crlf-49,17,1516265,489999,10000,8ca2da968b6788ab2efad270e5dd4515db1b96f44c8b864ece6a066126595369,e677626f7f2b32f4c354e798965af4ebccbc57b60c13186de23a2b97b8a4afeb
sample,sparse_crlf-49,18,1417375,489999,10000,8ca2da968b6788ab2efad270e5dd4515db1b96f44c8b864ece6a066126595369,e677626f7f2b32f4c354e798965af4ebccbc57b60c13186de23a2b97b8a4afeb
sample,sparse_crlf-49,19,1419906,489999,10000,8ca2da968b6788ab2efad270e5dd4515db1b96f44c8b864ece6a066126595369,e677626f7f2b32f4c354e798965af4ebccbc57b60c13186de23a2b97b8a4afeb
sample,sparse_crlf-49,20,1423475,489999,10000,8ca2da968b6788ab2efad270e5dd4515db1b96f44c8b864ece6a066126595369,e677626f7f2b32f4c354e798965af4ebccbc57b60c13186de23a2b97b8a4afeb
sample,sparse_crlf-49,21,1418475,489999,10000,8ca2da968b6788ab2efad270e5dd4515db1b96f44c8b864ece6a066126595369,e677626f7f2b32f4c354e798965af4ebccbc57b60c13186de23a2b97b8a4afeb
sample,sparse_crlf-49,22,1428065,489999,10000,8ca2da968b6788ab2efad270e5dd4515db1b96f44c8b864ece6a066126595369,e677626f7f2b32f4c354e798965af4ebccbc57b60c13186de23a2b97b8a4afeb
sample,sparse_crlf-49,23,1423796,489999,10000,8ca2da968b6788ab2efad270e5dd4515db1b96f44c8b864ece6a066126595369,e677626f7f2b32f4c354e798965af4ebccbc57b60c13186de23a2b97b8a4afeb
sample,sparse_crlf-49,24,1524105,489999,10000,8ca2da968b6788ab2efad270e5dd4515db1b96f44c8b864ece6a066126595369,e677626f7f2b32f4c354e798965af4ebccbc57b60c13186de23a2b97b8a4afeb
sample,sparse_crlf-49,25,1429186,489999,10000,8ca2da968b6788ab2efad270e5dd4515db1b96f44c8b864ece6a066126595369,e677626f7f2b32f4c354e798965af4ebccbc57b60c13186de23a2b97b8a4afeb
sample,sparse_crlf-49,26,1428415,489999,10000,8ca2da968b6788ab2efad270e5dd4515db1b96f44c8b864ece6a066126595369,e677626f7f2b32f4c354e798965af4ebccbc57b60c13186de23a2b97b8a4afeb
sample,sparse_crlf-49,27,1471575,489999,10000,8ca2da968b6788ab2efad270e5dd4515db1b96f44c8b864ece6a066126595369,e677626f7f2b32f4c354e798965af4ebccbc57b60c13186de23a2b97b8a4afeb
sample,sparse_crlf-49,28,1408726,489999,10000,8ca2da968b6788ab2efad270e5dd4515db1b96f44c8b864ece6a066126595369,e677626f7f2b32f4c354e798965af4ebccbc57b60c13186de23a2b97b8a4afeb
sample,sparse_crlf-49,29,1419845,489999,10000,8ca2da968b6788ab2efad270e5dd4515db1b96f44c8b864ece6a066126595369,e677626f7f2b32f4c354e798965af4ebccbc57b60c13186de23a2b97b8a4afeb
sample,sparse_crlf-49,30,1416935,489999,10000,8ca2da968b6788ab2efad270e5dd4515db1b96f44c8b864ece6a066126595369,e677626f7f2b32f4c354e798965af4ebccbc57b60c13186de23a2b97b8a4afeb
sample,sparse_crlf-49,31,1416345,489999,10000,8ca2da968b6788ab2efad270e5dd4515db1b96f44c8b864ece6a066126595369,e677626f7f2b32f4c354e798965af4ebccbc57b60c13186de23a2b97b8a4afeb
sample,sparse_crlf-49,32,1422966,489999,10000,8ca2da968b6788ab2efad270e5dd4515db1b96f44c8b864ece6a066126595369,e677626f7f2b32f4c354e798965af4ebccbc57b60c13186de23a2b97b8a4afeb
sample,sparse_crlf-49,33,1499425,489999,10000,8ca2da968b6788ab2efad270e5dd4515db1b96f44c8b864ece6a066126595369,e677626f7f2b32f4c354e798965af4ebccbc57b60c13186de23a2b97b8a4afeb
sample,sparse_crlf-49,34,1410155,489999,10000,8ca2da968b6788ab2efad270e5dd4515db1b96f44c8b864ece6a066126595369,e677626f7f2b32f4c354e798965af4ebccbc57b60c13186de23a2b97b8a4afeb
sample,sparse_crlf-49,35,1416186,489999,10000,8ca2da968b6788ab2efad270e5dd4515db1b96f44c8b864ece6a066126595369,e677626f7f2b32f4c354e798965af4ebccbc57b60c13186de23a2b97b8a4afeb
sample,sparse_crlf-49,36,1437345,489999,10000,8ca2da968b6788ab2efad270e5dd4515db1b96f44c8b864ece6a066126595369,e677626f7f2b32f4c354e798965af4ebccbc57b60c13186de23a2b97b8a4afeb
sample,sparse_crlf-49,37,1426075,489999,10000,8ca2da968b6788ab2efad270e5dd4515db1b96f44c8b864ece6a066126595369,e677626f7f2b32f4c354e798965af4ebccbc57b60c13186de23a2b97b8a4afeb
sample,sparse_crlf-49,38,1449326,489999,10000,8ca2da968b6788ab2efad270e5dd4515db1b96f44c8b864ece6a066126595369,e677626f7f2b32f4c354e798965af4ebccbc57b60c13186de23a2b97b8a4afeb
sample,sparse_crlf-49,39,1424625,489999,10000,8ca2da968b6788ab2efad270e5dd4515db1b96f44c8b864ece6a066126595369,e677626f7f2b32f4c354e798965af4ebccbc57b60c13186de23a2b97b8a4afeb
sample,sparse_crlf-49,40,1431125,489999,10000,8ca2da968b6788ab2efad270e5dd4515db1b96f44c8b864ece6a066126595369,e677626f7f2b32f4c354e798965af4ebccbc57b60c13186de23a2b97b8a4afeb
sample,sparse_crlf-49,41,1446716,489999,10000,8ca2da968b6788ab2efad270e5dd4515db1b96f44c8b864ece6a066126595369,e677626f7f2b32f4c354e798965af4ebccbc57b60c13186de23a2b97b8a4afeb
sample,sparse_crlf-49,42,1427815,489999,10000,8ca2da968b6788ab2efad270e5dd4515db1b96f44c8b864ece6a066126595369,e677626f7f2b32f4c354e798965af4ebccbc57b60c13186de23a2b97b8a4afeb
sample,sparse_crlf-49,43,1424225,489999,10000,8ca2da968b6788ab2efad270e5dd4515db1b96f44c8b864ece6a066126595369,e677626f7f2b32f4c354e798965af4ebccbc57b60c13186de23a2b97b8a4afeb
sample,sparse_crlf-49,44,1434425,489999,10000,8ca2da968b6788ab2efad270e5dd4515db1b96f44c8b864ece6a066126595369,e677626f7f2b32f4c354e798965af4ebccbc57b60c13186de23a2b97b8a4afeb
sample,sparse_crlf-49,45,1414986,489999,10000,8ca2da968b6788ab2efad270e5dd4515db1b96f44c8b864ece6a066126595369,e677626f7f2b32f4c354e798965af4ebccbc57b60c13186de23a2b97b8a4afeb
sample,sparse_crlf-49,46,1413565,489999,10000,8ca2da968b6788ab2efad270e5dd4515db1b96f44c8b864ece6a066126595369,e677626f7f2b32f4c354e798965af4ebccbc57b60c13186de23a2b97b8a4afeb
sample,sparse_crlf-49,47,1425015,489999,10000,8ca2da968b6788ab2efad270e5dd4515db1b96f44c8b864ece6a066126595369,e677626f7f2b32f4c354e798965af4ebccbc57b60c13186de23a2b97b8a4afeb
sample,sparse_crlf-49,48,1418825,489999,10000,8ca2da968b6788ab2efad270e5dd4515db1b96f44c8b864ece6a066126595369,e677626f7f2b32f4c354e798965af4ebccbc57b60c13186de23a2b97b8a4afeb
sample,sparse_crlf-49,49,1427106,489999,10000,8ca2da968b6788ab2efad270e5dd4515db1b96f44c8b864ece6a066126595369,e677626f7f2b32f4c354e798965af4ebccbc57b60c13186de23a2b97b8a4afeb
sample,sparse_crlf-49,50,1431225,489999,10000,8ca2da968b6788ab2efad270e5dd4515db1b96f44c8b864ece6a066126595369,e677626f7f2b32f4c354e798965af4ebccbc57b60c13186de23a2b97b8a4afeb
sample,sparse_crlf-49,51,1422565,489999,10000,8ca2da968b6788ab2efad270e5dd4515db1b96f44c8b864ece6a066126595369,e677626f7f2b32f4c354e798965af4ebccbc57b60c13186de23a2b97b8a4afeb
sample,sparse_crlf-49,52,1424095,489999,10000,8ca2da968b6788ab2efad270e5dd4515db1b96f44c8b864ece6a066126595369,e677626f7f2b32f4c354e798965af4ebccbc57b60c13186de23a2b97b8a4afeb
sample,sparse_crlf-49,53,1426865,489999,10000,8ca2da968b6788ab2efad270e5dd4515db1b96f44c8b864ece6a066126595369,e677626f7f2b32f4c354e798965af4ebccbc57b60c13186de23a2b97b8a4afeb
sample,sparse_crlf-49,54,1428645,489999,10000,8ca2da968b6788ab2efad270e5dd4515db1b96f44c8b864ece6a066126595369,e677626f7f2b32f4c354e798965af4ebccbc57b60c13186de23a2b97b8a4afeb
sample,sparse_crlf-49,55,1425165,489999,10000,8ca2da968b6788ab2efad270e5dd4515db1b96f44c8b864ece6a066126595369,e677626f7f2b32f4c354e798965af4ebccbc57b60c13186de23a2b97b8a4afeb
sample,sparse_crlf-49,56,1435696,489999,10000,8ca2da968b6788ab2efad270e5dd4515db1b96f44c8b864ece6a066126595369,e677626f7f2b32f4c354e798965af4ebccbc57b60c13186de23a2b97b8a4afeb
sample,sparse_crlf-49,57,1420805,489999,10000,8ca2da968b6788ab2efad270e5dd4515db1b96f44c8b864ece6a066126595369,e677626f7f2b32f4c354e798965af4ebccbc57b60c13186de23a2b97b8a4afeb
sample,sparse_crlf-49,58,1427745,489999,10000,8ca2da968b6788ab2efad270e5dd4515db1b96f44c8b864ece6a066126595369,e677626f7f2b32f4c354e798965af4ebccbc57b60c13186de23a2b97b8a4afeb
sample,sparse_crlf-49,59,1430316,489999,10000,8ca2da968b6788ab2efad270e5dd4515db1b96f44c8b864ece6a066126595369,e677626f7f2b32f4c354e798965af4ebccbc57b60c13186de23a2b97b8a4afeb
sample,sparse_crlf-49,60,1419975,489999,10000,8ca2da968b6788ab2efad270e5dd4515db1b96f44c8b864ece6a066126595369,e677626f7f2b32f4c354e798965af4ebccbc57b60c13186de23a2b97b8a4afeb
sample,sparse_crlf-49,61,1435915,489999,10000,8ca2da968b6788ab2efad270e5dd4515db1b96f44c8b864ece6a066126595369,e677626f7f2b32f4c354e798965af4ebccbc57b60c13186de23a2b97b8a4afeb
sample,sparse_crlf-49,62,1422985,489999,10000,8ca2da968b6788ab2efad270e5dd4515db1b96f44c8b864ece6a066126595369,e677626f7f2b32f4c354e798965af4ebccbc57b60c13186de23a2b97b8a4afeb
sample,sparse_crlf-49,63,1434676,489999,10000,8ca2da968b6788ab2efad270e5dd4515db1b96f44c8b864ece6a066126595369,e677626f7f2b32f4c354e798965af4ebccbc57b60c13186de23a2b97b8a4afeb
sample,sparse_crlf-49,64,1433575,489999,10000,8ca2da968b6788ab2efad270e5dd4515db1b96f44c8b864ece6a066126595369,e677626f7f2b32f4c354e798965af4ebccbc57b60c13186de23a2b97b8a4afeb
sample,sparse_crlf-49,65,1446265,489999,10000,8ca2da968b6788ab2efad270e5dd4515db1b96f44c8b864ece6a066126595369,e677626f7f2b32f4c354e798965af4ebccbc57b60c13186de23a2b97b8a4afeb
sample,sparse_crlf-49,66,1431496,489999,10000,8ca2da968b6788ab2efad270e5dd4515db1b96f44c8b864ece6a066126595369,e677626f7f2b32f4c354e798965af4ebccbc57b60c13186de23a2b97b8a4afeb
sample,sparse_crlf-49,67,1429575,489999,10000,8ca2da968b6788ab2efad270e5dd4515db1b96f44c8b864ece6a066126595369,e677626f7f2b32f4c354e798965af4ebccbc57b60c13186de23a2b97b8a4afeb
sample,sparse_crlf-49,68,1452625,489999,10000,8ca2da968b6788ab2efad270e5dd4515db1b96f44c8b864ece6a066126595369,e677626f7f2b32f4c354e798965af4ebccbc57b60c13186de23a2b97b8a4afeb
sample,sparse_crlf-49,69,1418846,489999,10000,8ca2da968b6788ab2efad270e5dd4515db1b96f44c8b864ece6a066126595369,e677626f7f2b32f4c354e798965af4ebccbc57b60c13186de23a2b97b8a4afeb
sample,sparse_crlf-49,70,1443905,489999,10000,8ca2da968b6788ab2efad270e5dd4515db1b96f44c8b864ece6a066126595369,e677626f7f2b32f4c354e798965af4ebccbc57b60c13186de23a2b97b8a4afeb
sample,sparse_crlf-49,71,1422795,489999,10000,8ca2da968b6788ab2efad270e5dd4515db1b96f44c8b864ece6a066126595369,e677626f7f2b32f4c354e798965af4ebccbc57b60c13186de23a2b97b8a4afeb
sample,sparse_crlf-49,72,1426105,489999,10000,8ca2da968b6788ab2efad270e5dd4515db1b96f44c8b864ece6a066126595369,e677626f7f2b32f4c354e798965af4ebccbc57b60c13186de23a2b97b8a4afeb
sample,sparse_crlf-49,73,1429246,489999,10000,8ca2da968b6788ab2efad270e5dd4515db1b96f44c8b864ece6a066126595369,e677626f7f2b32f4c354e798965af4ebccbc57b60c13186de23a2b97b8a4afeb
sample,sparse_crlf-49,74,1492535,489999,10000,8ca2da968b6788ab2efad270e5dd4515db1b96f44c8b864ece6a066126595369,e677626f7f2b32f4c354e798965af4ebccbc57b60c13186de23a2b97b8a4afeb
sample,sparse_crlf-49,75,1428156,489999,10000,8ca2da968b6788ab2efad270e5dd4515db1b96f44c8b864ece6a066126595369,e677626f7f2b32f4c354e798965af4ebccbc57b60c13186de23a2b97b8a4afeb
sample,sparse_crlf-49,76,1405105,489999,10000,8ca2da968b6788ab2efad270e5dd4515db1b96f44c8b864ece6a066126595369,e677626f7f2b32f4c354e798965af4ebccbc57b60c13186de23a2b97b8a4afeb
sample,sparse_crlf-49,77,1416445,489999,10000,8ca2da968b6788ab2efad270e5dd4515db1b96f44c8b864ece6a066126595369,e677626f7f2b32f4c354e798965af4ebccbc57b60c13186de23a2b97b8a4afeb
sample,sparse_crlf-49,78,1419775,489999,10000,8ca2da968b6788ab2efad270e5dd4515db1b96f44c8b864ece6a066126595369,e677626f7f2b32f4c354e798965af4ebccbc57b60c13186de23a2b97b8a4afeb
sample,sparse_crlf-49,79,1425416,489999,10000,8ca2da968b6788ab2efad270e5dd4515db1b96f44c8b864ece6a066126595369,e677626f7f2b32f4c354e798965af4ebccbc57b60c13186de23a2b97b8a4afeb
sample,sparse_crlf-49,80,1407095,489999,10000,8ca2da968b6788ab2efad270e5dd4515db1b96f44c8b864ece6a066126595369,e677626f7f2b32f4c354e798965af4ebccbc57b60c13186de23a2b97b8a4afeb
sample,sparse_crlf-49,81,1419015,489999,10000,8ca2da968b6788ab2efad270e5dd4515db1b96f44c8b864ece6a066126595369,e677626f7f2b32f4c354e798965af4ebccbc57b60c13186de23a2b97b8a4afeb
sample,sparse_crlf-49,82,1418135,489999,10000,8ca2da968b6788ab2efad270e5dd4515db1b96f44c8b864ece6a066126595369,e677626f7f2b32f4c354e798965af4ebccbc57b60c13186de23a2b97b8a4afeb
sample,sparse_crlf-49,83,1416926,489999,10000,8ca2da968b6788ab2efad270e5dd4515db1b96f44c8b864ece6a066126595369,e677626f7f2b32f4c354e798965af4ebccbc57b60c13186de23a2b97b8a4afeb
sample,sparse_crlf-49,84,1415955,489999,10000,8ca2da968b6788ab2efad270e5dd4515db1b96f44c8b864ece6a066126595369,e677626f7f2b32f4c354e798965af4ebccbc57b60c13186de23a2b97b8a4afeb
sample,sparse_crlf-49,85,1408915,489999,10000,8ca2da968b6788ab2efad270e5dd4515db1b96f44c8b864ece6a066126595369,e677626f7f2b32f4c354e798965af4ebccbc57b60c13186de23a2b97b8a4afeb
sample,sparse_crlf-49,86,1410705,489999,10000,8ca2da968b6788ab2efad270e5dd4515db1b96f44c8b864ece6a066126595369,e677626f7f2b32f4c354e798965af4ebccbc57b60c13186de23a2b97b8a4afeb
sample,sparse_crlf-49,87,1414365,489999,10000,8ca2da968b6788ab2efad270e5dd4515db1b96f44c8b864ece6a066126595369,e677626f7f2b32f4c354e798965af4ebccbc57b60c13186de23a2b97b8a4afeb
sample,sparse_crlf-49,88,1406526,489999,10000,8ca2da968b6788ab2efad270e5dd4515db1b96f44c8b864ece6a066126595369,e677626f7f2b32f4c354e798965af4ebccbc57b60c13186de23a2b97b8a4afeb
sample,sparse_crlf-49,89,1413505,489999,10000,8ca2da968b6788ab2efad270e5dd4515db1b96f44c8b864ece6a066126595369,e677626f7f2b32f4c354e798965af4ebccbc57b60c13186de23a2b97b8a4afeb
sample,sparse_crlf-49,90,1400365,489999,10000,8ca2da968b6788ab2efad270e5dd4515db1b96f44c8b864ece6a066126595369,e677626f7f2b32f4c354e798965af4ebccbc57b60c13186de23a2b97b8a4afeb
sample,sparse_crlf-49,91,1419475,489999,10000,8ca2da968b6788ab2efad270e5dd4515db1b96f44c8b864ece6a066126595369,e677626f7f2b32f4c354e798965af4ebccbc57b60c13186de23a2b97b8a4afeb
sample,sparse_crlf-49,92,1422046,489999,10000,8ca2da968b6788ab2efad270e5dd4515db1b96f44c8b864ece6a066126595369,e677626f7f2b32f4c354e798965af4ebccbc57b60c13186de23a2b97b8a4afeb
sample,sparse_crlf-49,93,1411605,489999,10000,8ca2da968b6788ab2efad270e5dd4515db1b96f44c8b864ece6a066126595369,e677626f7f2b32f4c354e798965af4ebccbc57b60c13186de23a2b97b8a4afeb
sample,sparse_crlf-49,94,1430105,489999,10000,8ca2da968b6788ab2efad270e5dd4515db1b96f44c8b864ece6a066126595369,e677626f7f2b32f4c354e798965af4ebccbc57b60c13186de23a2b97b8a4afeb
sample,sparse_crlf-49,95,1419095,489999,10000,8ca2da968b6788ab2efad270e5dd4515db1b96f44c8b864ece6a066126595369,e677626f7f2b32f4c354e798965af4ebccbc57b60c13186de23a2b97b8a4afeb
sample,sparse_crlf-49,96,1426986,489999,10000,8ca2da968b6788ab2efad270e5dd4515db1b96f44c8b864ece6a066126595369,e677626f7f2b32f4c354e798965af4ebccbc57b60c13186de23a2b97b8a4afeb
sample,sparse_crlf-49,97,1429745,489999,10000,8ca2da968b6788ab2efad270e5dd4515db1b96f44c8b864ece6a066126595369,e677626f7f2b32f4c354e798965af4ebccbc57b60c13186de23a2b97b8a4afeb
sample,sparse_crlf-49,98,1422955,489999,10000,8ca2da968b6788ab2efad270e5dd4515db1b96f44c8b864ece6a066126595369,e677626f7f2b32f4c354e798965af4ebccbc57b60c13186de23a2b97b8a4afeb
sample,sparse_crlf-49,99,1423775,489999,10000,8ca2da968b6788ab2efad270e5dd4515db1b96f44c8b864ece6a066126595369,e677626f7f2b32f4c354e798965af4ebccbc57b60c13186de23a2b97b8a4afeb
sample,sparse_crlf-49,100,1417926,489999,10000,8ca2da968b6788ab2efad270e5dd4515db1b96f44c8b864ece6a066126595369,e677626f7f2b32f4c354e798965af4ebccbc57b60c13186de23a2b97b8a4afeb
sample,sparse_crlf-49,101,1429955,489999,10000,8ca2da968b6788ab2efad270e5dd4515db1b96f44c8b864ece6a066126595369,e677626f7f2b32f4c354e798965af4ebccbc57b60c13186de23a2b97b8a4afeb
sample,sparse_crlf-49,102,1420575,489999,10000,8ca2da968b6788ab2efad270e5dd4515db1b96f44c8b864ece6a066126595369,e677626f7f2b32f4c354e798965af4ebccbc57b60c13186de23a2b97b8a4afeb
sample,sparse_crlf-49,103,1425396,489999,10000,8ca2da968b6788ab2efad270e5dd4515db1b96f44c8b864ece6a066126595369,e677626f7f2b32f4c354e798965af4ebccbc57b60c13186de23a2b97b8a4afeb
sample,sparse_crlf-49,104,1414975,489999,10000,8ca2da968b6788ab2efad270e5dd4515db1b96f44c8b864ece6a066126595369,e677626f7f2b32f4c354e798965af4ebccbc57b60c13186de23a2b97b8a4afeb
sample,sparse_crlf-49,105,1420235,489999,10000,8ca2da968b6788ab2efad270e5dd4515db1b96f44c8b864ece6a066126595369,e677626f7f2b32f4c354e798965af4ebccbc57b60c13186de23a2b97b8a4afeb
sample,sparse_crlf-49,106,1508836,489999,10000,8ca2da968b6788ab2efad270e5dd4515db1b96f44c8b864ece6a066126595369,e677626f7f2b32f4c354e798965af4ebccbc57b60c13186de23a2b97b8a4afeb
sample,sparse_crlf-49,107,1417495,489999,10000,8ca2da968b6788ab2efad270e5dd4515db1b96f44c8b864ece6a066126595369,e677626f7f2b32f4c354e798965af4ebccbc57b60c13186de23a2b97b8a4afeb
sample,sparse_crlf-49,108,1426405,489999,10000,8ca2da968b6788ab2efad270e5dd4515db1b96f44c8b864ece6a066126595369,e677626f7f2b32f4c354e798965af4ebccbc57b60c13186de23a2b97b8a4afeb
sample,sparse_crlf-49,109,1434336,489999,10000,8ca2da968b6788ab2efad270e5dd4515db1b96f44c8b864ece6a066126595369,e677626f7f2b32f4c354e798965af4ebccbc57b60c13186de23a2b97b8a4afeb
sample,sparse_crlf-49,110,1431725,489999,10000,8ca2da968b6788ab2efad270e5dd4515db1b96f44c8b864ece6a066126595369,e677626f7f2b32f4c354e798965af4ebccbc57b60c13186de23a2b97b8a4afeb
sample,sparse_crlf-49,111,1418815,489999,10000,8ca2da968b6788ab2efad270e5dd4515db1b96f44c8b864ece6a066126595369,e677626f7f2b32f4c354e798965af4ebccbc57b60c13186de23a2b97b8a4afeb
sample,sparse_crlf-49,112,1427135,489999,10000,8ca2da968b6788ab2efad270e5dd4515db1b96f44c8b864ece6a066126595369,e677626f7f2b32f4c354e798965af4ebccbc57b60c13186de23a2b97b8a4afeb
sample,sparse_crlf-49,113,1419216,489999,10000,8ca2da968b6788ab2efad270e5dd4515db1b96f44c8b864ece6a066126595369,e677626f7f2b32f4c354e798965af4ebccbc57b60c13186de23a2b97b8a4afeb
sample,sparse_crlf-49,114,1422015,489999,10000,8ca2da968b6788ab2efad270e5dd4515db1b96f44c8b864ece6a066126595369,e677626f7f2b32f4c354e798965af4ebccbc57b60c13186de23a2b97b8a4afeb
sample,sparse_crlf-49,115,1431985,489999,10000,8ca2da968b6788ab2efad270e5dd4515db1b96f44c8b864ece6a066126595369,e677626f7f2b32f4c354e798965af4ebccbc57b60c13186de23a2b97b8a4afeb
sample,sparse_crlf-49,116,1423055,489999,10000,8ca2da968b6788ab2efad270e5dd4515db1b96f44c8b864ece6a066126595369,e677626f7f2b32f4c354e798965af4ebccbc57b60c13186de23a2b97b8a4afeb
sample,sparse_crlf-49,117,1444946,489999,10000,8ca2da968b6788ab2efad270e5dd4515db1b96f44c8b864ece6a066126595369,e677626f7f2b32f4c354e798965af4ebccbc57b60c13186de23a2b97b8a4afeb
sample,sparse_crlf-49,118,1429645,489999,10000,8ca2da968b6788ab2efad270e5dd4515db1b96f44c8b864ece6a066126595369,e677626f7f2b32f4c354e798965af4ebccbc57b60c13186de23a2b97b8a4afeb
sample,sparse_crlf-49,119,1431955,489999,10000,8ca2da968b6788ab2efad270e5dd4515db1b96f44c8b864ece6a066126595369,e677626f7f2b32f4c354e798965af4ebccbc57b60c13186de23a2b97b8a4afeb
sample,sparse_crlf-49,120,1430856,489999,10000,8ca2da968b6788ab2efad270e5dd4515db1b96f44c8b864ece6a066126595369,e677626f7f2b32f4c354e798965af4ebccbc57b60c13186de23a2b97b8a4afeb
sample,sparse_crlf-49,121,1426055,489999,10000,8ca2da968b6788ab2efad270e5dd4515db1b96f44c8b864ece6a066126595369,e677626f7f2b32f4c354e798965af4ebccbc57b60c13186de23a2b97b8a4afeb
sample,sparse_crlf-49,122,1417875,489999,10000,8ca2da968b6788ab2efad270e5dd4515db1b96f44c8b864ece6a066126595369,e677626f7f2b32f4c354e798965af4ebccbc57b60c13186de23a2b97b8a4afeb
sample,sparse_crlf-49,123,1410475,489999,10000,8ca2da968b6788ab2efad270e5dd4515db1b96f44c8b864ece6a066126595369,e677626f7f2b32f4c354e798965af4ebccbc57b60c13186de23a2b97b8a4afeb
sample,sparse_crlf-49,124,1424756,489999,10000,8ca2da968b6788ab2efad270e5dd4515db1b96f44c8b864ece6a066126595369,e677626f7f2b32f4c354e798965af4ebccbc57b60c13186de23a2b97b8a4afeb
sample,sparse_crlf-49,125,1422105,489999,10000,8ca2da968b6788ab2efad270e5dd4515db1b96f44c8b864ece6a066126595369,e677626f7f2b32f4c354e798965af4ebccbc57b60c13186de23a2b97b8a4afeb
sample,sparse_crlf-49,126,1429305,489999,10000,8ca2da968b6788ab2efad270e5dd4515db1b96f44c8b864ece6a066126595369,e677626f7f2b32f4c354e798965af4ebccbc57b60c13186de23a2b97b8a4afeb
sample,sparse_crlf-49,127,1419036,489999,10000,8ca2da968b6788ab2efad270e5dd4515db1b96f44c8b864ece6a066126595369,e677626f7f2b32f4c354e798965af4ebccbc57b60c13186de23a2b97b8a4afeb
sample,sparse_crlf-49,128,1422445,489999,10000,8ca2da968b6788ab2efad270e5dd4515db1b96f44c8b864ece6a066126595369,e677626f7f2b32f4c354e798965af4ebccbc57b60c13186de23a2b97b8a4afeb
sample,sparse_crlf-49,129,1426135,489999,10000,8ca2da968b6788ab2efad270e5dd4515db1b96f44c8b864ece6a066126595369,e677626f7f2b32f4c354e798965af4ebccbc57b60c13186de23a2b97b8a4afeb
sample,sparse_crlf-49,130,1420635,489999,10000,8ca2da968b6788ab2efad270e5dd4515db1b96f44c8b864ece6a066126595369,e677626f7f2b32f4c354e798965af4ebccbc57b60c13186de23a2b97b8a4afeb
sample,sparse_crlf-49,131,1424026,489999,10000,8ca2da968b6788ab2efad270e5dd4515db1b96f44c8b864ece6a066126595369,e677626f7f2b32f4c354e798965af4ebccbc57b60c13186de23a2b97b8a4afeb
sample,sparse_crlf-49,132,1428275,489999,10000,8ca2da968b6788ab2efad270e5dd4515db1b96f44c8b864ece6a066126595369,e677626f7f2b32f4c354e798965af4ebccbc57b60c13186de23a2b97b8a4afeb
sample,sparse_crlf-49,133,1434885,489999,10000,8ca2da968b6788ab2efad270e5dd4515db1b96f44c8b864ece6a066126595369,e677626f7f2b32f4c354e798965af4ebccbc57b60c13186de23a2b97b8a4afeb
sample,sparse_crlf-49,134,1424275,489999,10000,8ca2da968b6788ab2efad270e5dd4515db1b96f44c8b864ece6a066126595369,e677626f7f2b32f4c354e798965af4ebccbc57b60c13186de23a2b97b8a4afeb
sample,sparse_crlf-49,135,1430196,489999,10000,8ca2da968b6788ab2efad270e5dd4515db1b96f44c8b864ece6a066126595369,e677626f7f2b32f4c354e798965af4ebccbc57b60c13186de23a2b97b8a4afeb
sample,sparse_crlf-49,136,1435625,489999,10000,8ca2da968b6788ab2efad270e5dd4515db1b96f44c8b864ece6a066126595369,e677626f7f2b32f4c354e798965af4ebccbc57b60c13186de23a2b97b8a4afeb
sample,sparse_crlf-49,137,1426965,489999,10000,8ca2da968b6788ab2efad270e5dd4515db1b96f44c8b864ece6a066126595369,e677626f7f2b32f4c354e798965af4ebccbc57b60c13186de23a2b97b8a4afeb
sample,sparse_crlf-49,138,1456566,489999,10000,8ca2da968b6788ab2efad270e5dd4515db1b96f44c8b864ece6a066126595369,e677626f7f2b32f4c354e798965af4ebccbc57b60c13186de23a2b97b8a4afeb
sample,sparse_crlf-49,139,1431975,489999,10000,8ca2da968b6788ab2efad270e5dd4515db1b96f44c8b864ece6a066126595369,e677626f7f2b32f4c354e798965af4ebccbc57b60c13186de23a2b97b8a4afeb
sample,sparse_crlf-49,140,1435555,489999,10000,8ca2da968b6788ab2efad270e5dd4515db1b96f44c8b864ece6a066126595369,e677626f7f2b32f4c354e798965af4ebccbc57b60c13186de23a2b97b8a4afeb
sample,sparse_crlf-49,141,1423096,489999,10000,8ca2da968b6788ab2efad270e5dd4515db1b96f44c8b864ece6a066126595369,e677626f7f2b32f4c354e798965af4ebccbc57b60c13186de23a2b97b8a4afeb
sample,sparse_crlf-49,142,1427835,489999,10000,8ca2da968b6788ab2efad270e5dd4515db1b96f44c8b864ece6a066126595369,e677626f7f2b32f4c354e798965af4ebccbc57b60c13186de23a2b97b8a4afeb
sample,sparse_crlf-49,143,1419005,489999,10000,8ca2da968b6788ab2efad270e5dd4515db1b96f44c8b864ece6a066126595369,e677626f7f2b32f4c354e798965af4ebccbc57b60c13186de23a2b97b8a4afeb
sample,sparse_crlf-49,144,1417835,489999,10000,8ca2da968b6788ab2efad270e5dd4515db1b96f44c8b864ece6a066126595369,e677626f7f2b32f4c354e798965af4ebccbc57b60c13186de23a2b97b8a4afeb
sample,sparse_crlf-49,145,1422996,489999,10000,8ca2da968b6788ab2efad270e5dd4515db1b96f44c8b864ece6a066126595369,e677626f7f2b32f4c354e798965af4ebccbc57b60c13186de23a2b97b8a4afeb
sample,sparse_crlf-49,146,1428465,489999,10000,8ca2da968b6788ab2efad270e5dd4515db1b96f44c8b864ece6a066126595369,e677626f7f2b32f4c354e798965af4ebccbc57b60c13186de23a2b97b8a4afeb
sample,sparse_crlf-49,147,1509516,489999,10000,8ca2da968b6788ab2efad270e5dd4515db1b96f44c8b864ece6a066126595369,e677626f7f2b32f4c354e798965af4ebccbc57b60c13186de23a2b97b8a4afeb
sample,sparse_crlf-49,148,1424295,489999,10000,8ca2da968b6788ab2efad270e5dd4515db1b96f44c8b864ece6a066126595369,e677626f7f2b32f4c354e798965af4ebccbc57b60c13186de23a2b97b8a4afeb
sample,sparse_crlf-49,149,1425275,489999,10000,8ca2da968b6788ab2efad270e5dd4515db1b96f44c8b864ece6a066126595369,e677626f7f2b32f4c354e798965af4ebccbc57b60c13186de23a2b97b8a4afeb
sample,sparse_crlf-49,150,1461735,489999,10000,8ca2da968b6788ab2efad270e5dd4515db1b96f44c8b864ece6a066126595369,e677626f7f2b32f4c354e798965af4ebccbc57b60c13186de23a2b97b8a4afeb
sample,sparse_crlf-49,151,1423056,489999,10000,8ca2da968b6788ab2efad270e5dd4515db1b96f44c8b864ece6a066126595369,e677626f7f2b32f4c354e798965af4ebccbc57b60c13186de23a2b97b8a4afeb
sample,sparse_crlf-49,152,1427535,489999,10000,8ca2da968b6788ab2efad270e5dd4515db1b96f44c8b864ece6a066126595369,e677626f7f2b32f4c354e798965af4ebccbc57b60c13186de23a2b97b8a4afeb
sample,sparse_crlf-49,153,1429465,489999,10000,8ca2da968b6788ab2efad270e5dd4515db1b96f44c8b864ece6a066126595369,e677626f7f2b32f4c354e798965af4ebccbc57b60c13186de23a2b97b8a4afeb
sample,sparse_crlf-49,154,1435056,489999,10000,8ca2da968b6788ab2efad270e5dd4515db1b96f44c8b864ece6a066126595369,e677626f7f2b32f4c354e798965af4ebccbc57b60c13186de23a2b97b8a4afeb
sample,sparse_crlf-49,155,1494415,489999,10000,8ca2da968b6788ab2efad270e5dd4515db1b96f44c8b864ece6a066126595369,e677626f7f2b32f4c354e798965af4ebccbc57b60c13186de23a2b97b8a4afeb
sample,sparse_crlf-49,156,1443626,489999,10000,8ca2da968b6788ab2efad270e5dd4515db1b96f44c8b864ece6a066126595369,e677626f7f2b32f4c354e798965af4ebccbc57b60c13186de23a2b97b8a4afeb
sample,sparse_crlf-49,157,1430375,489999,10000,8ca2da968b6788ab2efad270e5dd4515db1b96f44c8b864ece6a066126595369,e677626f7f2b32f4c354e798965af4ebccbc57b60c13186de23a2b97b8a4afeb
sample,sparse_crlf-49,158,1424115,489999,10000,8ca2da968b6788ab2efad270e5dd4515db1b96f44c8b864ece6a066126595369,e677626f7f2b32f4c354e798965af4ebccbc57b60c13186de23a2b97b8a4afeb
sample,sparse_crlf-49,159,1435645,489999,10000,8ca2da968b6788ab2efad270e5dd4515db1b96f44c8b864ece6a066126595369,e677626f7f2b32f4c354e798965af4ebccbc57b60c13186de23a2b97b8a4afeb
sample,sparse_crlf-49,160,1442166,489999,10000,8ca2da968b6788ab2efad270e5dd4515db1b96f44c8b864ece6a066126595369,e677626f7f2b32f4c354e798965af4ebccbc57b60c13186de23a2b97b8a4afeb
sample,sparse_crlf-49,161,1440965,489999,10000,8ca2da968b6788ab2efad270e5dd4515db1b96f44c8b864ece6a066126595369,e677626f7f2b32f4c354e798965af4ebccbc57b60c13186de23a2b97b8a4afeb
sample,sparse_crlf-49,162,1436215,489999,10000,8ca2da968b6788ab2efad270e5dd4515db1b96f44c8b864ece6a066126595369,e677626f7f2b32f4c354e798965af4ebccbc57b60c13186de23a2b97b8a4afeb
sample,sparse_crlf-49,163,1440396,489999,10000,8ca2da968b6788ab2efad270e5dd4515db1b96f44c8b864ece6a066126595369,e677626f7f2b32f4c354e798965af4ebccbc57b60c13186de23a2b97b8a4afeb
sample,sparse_crlf-49,164,1441685,489999,10000,8ca2da968b6788ab2efad270e5dd4515db1b96f44c8b864ece6a066126595369,e677626f7f2b32f4c354e798965af4ebccbc57b60c13186de23a2b97b8a4afeb
sample,sparse_crlf-49,165,1429125,489999,10000,8ca2da968b6788ab2efad270e5dd4515db1b96f44c8b864ece6a066126595369,e677626f7f2b32f4c354e798965af4ebccbc57b60c13186de23a2b97b8a4afeb
sample,sparse_crlf-49,166,1435176,489999,10000,8ca2da968b6788ab2efad270e5dd4515db1b96f44c8b864ece6a066126595369,e677626f7f2b32f4c354e798965af4ebccbc57b60c13186de23a2b97b8a4afeb
sample,sparse_crlf-49,167,1435255,489999,10000,8ca2da968b6788ab2efad270e5dd4515db1b96f44c8b864ece6a066126595369,e677626f7f2b32f4c354e798965af4ebccbc57b60c13186de23a2b97b8a4afeb
sample,sparse_crlf-49,168,1428285,489999,10000,8ca2da968b6788ab2efad270e5dd4515db1b96f44c8b864ece6a066126595369,e677626f7f2b32f4c354e798965af4ebccbc57b60c13186de23a2b97b8a4afeb
sample,sparse_crlf-49,169,1425866,489999,10000,8ca2da968b6788ab2efad270e5dd4515db1b96f44c8b864ece6a066126595369,e677626f7f2b32f4c354e798965af4ebccbc57b60c13186de23a2b97b8a4afeb
sample,sparse_crlf-49,170,1438585,489999,10000,8ca2da968b6788ab2efad270e5dd4515db1b96f44c8b864ece6a066126595369,e677626f7f2b32f4c354e798965af4ebccbc57b60c13186de23a2b97b8a4afeb
sample,sparse_crlf-49,171,1424785,489999,10000,8ca2da968b6788ab2efad270e5dd4515db1b96f44c8b864ece6a066126595369,e677626f7f2b32f4c354e798965af4ebccbc57b60c13186de23a2b97b8a4afeb
sample,sparse_crlf-49,172,1426315,489999,10000,8ca2da968b6788ab2efad270e5dd4515db1b96f44c8b864ece6a066126595369,e677626f7f2b32f4c354e798965af4ebccbc57b60c13186de23a2b97b8a4afeb
sample,sparse_crlf-49,173,1433876,489999,10000,8ca2da968b6788ab2efad270e5dd4515db1b96f44c8b864ece6a066126595369,e677626f7f2b32f4c354e798965af4ebccbc57b60c13186de23a2b97b8a4afeb
sample,sparse_crlf-49,174,1424685,489999,10000,8ca2da968b6788ab2efad270e5dd4515db1b96f44c8b864ece6a066126595369,e677626f7f2b32f4c354e798965af4ebccbc57b60c13186de23a2b97b8a4afeb
sample,sparse_crlf-49,175,1425125,489999,10000,8ca2da968b6788ab2efad270e5dd4515db1b96f44c8b864ece6a066126595369,e677626f7f2b32f4c354e798965af4ebccbc57b60c13186de23a2b97b8a4afeb
sample,sparse_crlf-49,176,1409506,489999,10000,8ca2da968b6788ab2efad270e5dd4515db1b96f44c8b864ece6a066126595369,e677626f7f2b32f4c354e798965af4ebccbc57b60c13186de23a2b97b8a4afeb
sample,sparse_crlf-49,177,1421105,489999,10000,8ca2da968b6788ab2efad270e5dd4515db1b96f44c8b864ece6a066126595369,e677626f7f2b32f4c354e798965af4ebccbc57b60c13186de23a2b97b8a4afeb
sample,sparse_crlf-49,178,1423735,489999,10000,8ca2da968b6788ab2efad270e5dd4515db1b96f44c8b864ece6a066126595369,e677626f7f2b32f4c354e798965af4ebccbc57b60c13186de23a2b97b8a4afeb
sample,sparse_crlf-49,179,1441595,489999,10000,8ca2da968b6788ab2efad270e5dd4515db1b96f44c8b864ece6a066126595369,e677626f7f2b32f4c354e798965af4ebccbc57b60c13186de23a2b97b8a4afeb
sample,sparse_crlf-49,180,1431286,489999,10000,8ca2da968b6788ab2efad270e5dd4515db1b96f44c8b864ece6a066126595369,e677626f7f2b32f4c354e798965af4ebccbc57b60c13186de23a2b97b8a4afeb
sample,sparse_crlf-49,181,1438125,489999,10000,8ca2da968b6788ab2efad270e5dd4515db1b96f44c8b864ece6a066126595369,e677626f7f2b32f4c354e798965af4ebccbc57b60c13186de23a2b97b8a4afeb
sample,sparse_crlf-49,182,1432285,489999,10000,8ca2da968b6788ab2efad270e5dd4515db1b96f44c8b864ece6a066126595369,e677626f7f2b32f4c354e798965af4ebccbc57b60c13186de23a2b97b8a4afeb
sample,sparse_crlf-49,183,1423336,489999,10000,8ca2da968b6788ab2efad270e5dd4515db1b96f44c8b864ece6a066126595369,e677626f7f2b32f4c354e798965af4ebccbc57b60c13186de23a2b97b8a4afeb
sample,sparse_crlf-49,184,1434995,489999,10000,8ca2da968b6788ab2efad270e5dd4515db1b96f44c8b864ece6a066126595369,e677626f7f2b32f4c354e798965af4ebccbc57b60c13186de23a2b97b8a4afeb
sample,sparse_crlf-49,185,1484555,489999,10000,8ca2da968b6788ab2efad270e5dd4515db1b96f44c8b864ece6a066126595369,e677626f7f2b32f4c354e798965af4ebccbc57b60c13186de23a2b97b8a4afeb
sample,sparse_crlf-49,186,1424466,489999,10000,8ca2da968b6788ab2efad270e5dd4515db1b96f44c8b864ece6a066126595369,e677626f7f2b32f4c354e798965af4ebccbc57b60c13186de23a2b97b8a4afeb
sample,sparse_crlf-49,187,1435355,489999,10000,8ca2da968b6788ab2efad270e5dd4515db1b96f44c8b864ece6a066126595369,e677626f7f2b32f4c354e798965af4ebccbc57b60c13186de23a2b97b8a4afeb
sample,sparse_crlf-49,188,1436605,489999,10000,8ca2da968b6788ab2efad270e5dd4515db1b96f44c8b864ece6a066126595369,e677626f7f2b32f4c354e798965af4ebccbc57b60c13186de23a2b97b8a4afeb
sample,sparse_crlf-49,189,1432626,489999,10000,8ca2da968b6788ab2efad270e5dd4515db1b96f44c8b864ece6a066126595369,e677626f7f2b32f4c354e798965af4ebccbc57b60c13186de23a2b97b8a4afeb
sample,sparse_crlf-49,190,1435665,489999,10000,8ca2da968b6788ab2efad270e5dd4515db1b96f44c8b864ece6a066126595369,e677626f7f2b32f4c354e798965af4ebccbc57b60c13186de23a2b97b8a4afeb
sample,sparse_crlf-49,191,1431285,489999,10000,8ca2da968b6788ab2efad270e5dd4515db1b96f44c8b864ece6a066126595369,e677626f7f2b32f4c354e798965af4ebccbc57b60c13186de23a2b97b8a4afeb
sample,sparse_crlf-49,192,1429286,489999,10000,8ca2da968b6788ab2efad270e5dd4515db1b96f44c8b864ece6a066126595369,e677626f7f2b32f4c354e798965af4ebccbc57b60c13186de23a2b97b8a4afeb
sample,sparse_crlf-49,193,1429715,489999,10000,8ca2da968b6788ab2efad270e5dd4515db1b96f44c8b864ece6a066126595369,e677626f7f2b32f4c354e798965af4ebccbc57b60c13186de23a2b97b8a4afeb
sample,sparse_crlf-49,194,1424205,489999,10000,8ca2da968b6788ab2efad270e5dd4515db1b96f44c8b864ece6a066126595369,e677626f7f2b32f4c354e798965af4ebccbc57b60c13186de23a2b97b8a4afeb
sample,sparse_crlf-49,195,1427705,489999,10000,8ca2da968b6788ab2efad270e5dd4515db1b96f44c8b864ece6a066126595369,e677626f7f2b32f4c354e798965af4ebccbc57b60c13186de23a2b97b8a4afeb
sample,sparse_crlf-49,196,1428176,489999,10000,8ca2da968b6788ab2efad270e5dd4515db1b96f44c8b864ece6a066126595369,e677626f7f2b32f4c354e798965af4ebccbc57b60c13186de23a2b97b8a4afeb
sample,sparse_crlf-49,197,1424925,489999,10000,8ca2da968b6788ab2efad270e5dd4515db1b96f44c8b864ece6a066126595369,e677626f7f2b32f4c354e798965af4ebccbc57b60c13186de23a2b97b8a4afeb
sample,sparse_crlf-49,198,1435065,489999,10000,8ca2da968b6788ab2efad270e5dd4515db1b96f44c8b864ece6a066126595369,e677626f7f2b32f4c354e798965af4ebccbc57b60c13186de23a2b97b8a4afeb
sample,sparse_crlf-49,199,1413636,489999,10000,8ca2da968b6788ab2efad270e5dd4515db1b96f44c8b864ece6a066126595369,e677626f7f2b32f4c354e798965af4ebccbc57b60c13186de23a2b97b8a4afeb
sample,sparse_crlf-49,200,1424275,489999,10000,8ca2da968b6788ab2efad270e5dd4515db1b96f44c8b864ece6a066126595369,e677626f7f2b32f4c354e798965af4ebccbc57b60c13186de23a2b97b8a4afeb
sample,sparse_crlf-49,201,1427145,489999,10000,8ca2da968b6788ab2efad270e5dd4515db1b96f44c8b864ece6a066126595369,e677626f7f2b32f4c354e798965af4ebccbc57b60c13186de23a2b97b8a4afeb
sample,sparse_crlf-49,202,1434315,489999,10000,8ca2da968b6788ab2efad270e5dd4515db1b96f44c8b864ece6a066126595369,e677626f7f2b32f4c354e798965af4ebccbc57b60c13186de23a2b97b8a4afeb
sample,sparse_crlf-49,203,1437056,489999,10000,8ca2da968b6788ab2efad270e5dd4515db1b96f44c8b864ece6a066126595369,e677626f7f2b32f4c354e798965af4ebccbc57b60c13186de23a2b97b8a4afeb
sample,sparse_crlf-49,204,1435695,489999,10000,8ca2da968b6788ab2efad270e5dd4515db1b96f44c8b864ece6a066126595369,e677626f7f2b32f4c354e798965af4ebccbc57b60c13186de23a2b97b8a4afeb
sample,sparse_crlf-49,205,1427325,489999,10000,8ca2da968b6788ab2efad270e5dd4515db1b96f44c8b864ece6a066126595369,e677626f7f2b32f4c354e798965af4ebccbc57b60c13186de23a2b97b8a4afeb
sample,sparse_crlf-49,206,1428696,489999,10000,8ca2da968b6788ab2efad270e5dd4515db1b96f44c8b864ece6a066126595369,e677626f7f2b32f4c354e798965af4ebccbc57b60c13186de23a2b97b8a4afeb
sample,sparse_crlf-49,207,1422935,489999,10000,8ca2da968b6788ab2efad270e5dd4515db1b96f44c8b864ece6a066126595369,e677626f7f2b32f4c354e798965af4ebccbc57b60c13186de23a2b97b8a4afeb
sample,sparse_crlf-49,208,1425295,489999,10000,8ca2da968b6788ab2efad270e5dd4515db1b96f44c8b864ece6a066126595369,e677626f7f2b32f4c354e798965af4ebccbc57b60c13186de23a2b97b8a4afeb
sample,sparse_crlf-49,209,1415975,489999,10000,8ca2da968b6788ab2efad270e5dd4515db1b96f44c8b864ece6a066126595369,e677626f7f2b32f4c354e798965af4ebccbc57b60c13186de23a2b97b8a4afeb
sample,sparse_crlf-49,210,1405996,489999,10000,8ca2da968b6788ab2efad270e5dd4515db1b96f44c8b864ece6a066126595369,e677626f7f2b32f4c354e798965af4ebccbc57b60c13186de23a2b97b8a4afeb
sample,sparse_crlf-49,211,1425715,489999,10000,8ca2da968b6788ab2efad270e5dd4515db1b96f44c8b864ece6a066126595369,e677626f7f2b32f4c354e798965af4ebccbc57b60c13186de23a2b97b8a4afeb
sample,sparse_crlf-49,212,1444285,489999,10000,8ca2da968b6788ab2efad270e5dd4515db1b96f44c8b864ece6a066126595369,e677626f7f2b32f4c354e798965af4ebccbc57b60c13186de23a2b97b8a4afeb
sample,sparse_crlf-49,213,1440836,489999,10000,8ca2da968b6788ab2efad270e5dd4515db1b96f44c8b864ece6a066126595369,e677626f7f2b32f4c354e798965af4ebccbc57b60c13186de23a2b97b8a4afeb
sample,sparse_crlf-49,214,1437995,489999,10000,8ca2da968b6788ab2efad270e5dd4515db1b96f44c8b864ece6a066126595369,e677626f7f2b32f4c354e798965af4ebccbc57b60c13186de23a2b97b8a4afeb
sample,sparse_crlf-49,215,1420375,489999,10000,8ca2da968b6788ab2efad270e5dd4515db1b96f44c8b864ece6a066126595369,e677626f7f2b32f4c354e798965af4ebccbc57b60c13186de23a2b97b8a4afeb
sample,sparse_crlf-49,216,1419865,489999,10000,8ca2da968b6788ab2efad270e5dd4515db1b96f44c8b864ece6a066126595369,e677626f7f2b32f4c354e798965af4ebccbc57b60c13186de23a2b97b8a4afeb
sample,sparse_crlf-49,217,1426196,489999,10000,8ca2da968b6788ab2efad270e5dd4515db1b96f44c8b864ece6a066126595369,e677626f7f2b32f4c354e798965af4ebccbc57b60c13186de23a2b97b8a4afeb
sample,sparse_crlf-49,218,1433255,489999,10000,8ca2da968b6788ab2efad270e5dd4515db1b96f44c8b864ece6a066126595369,e677626f7f2b32f4c354e798965af4ebccbc57b60c13186de23a2b97b8a4afeb
sample,sparse_crlf-49,219,1423955,489999,10000,8ca2da968b6788ab2efad270e5dd4515db1b96f44c8b864ece6a066126595369,e677626f7f2b32f4c354e798965af4ebccbc57b60c13186de23a2b97b8a4afeb
sample,sparse_crlf-49,220,1421666,489999,10000,8ca2da968b6788ab2efad270e5dd4515db1b96f44c8b864ece6a066126595369,e677626f7f2b32f4c354e798965af4ebccbc57b60c13186de23a2b97b8a4afeb
sample,sparse_crlf-49,221,1421545,489999,10000,8ca2da968b6788ab2efad270e5dd4515db1b96f44c8b864ece6a066126595369,e677626f7f2b32f4c354e798965af4ebccbc57b60c13186de23a2b97b8a4afeb
sample,sparse_crlf-49,222,1424085,489999,10000,8ca2da968b6788ab2efad270e5dd4515db1b96f44c8b864ece6a066126595369,e677626f7f2b32f4c354e798965af4ebccbc57b60c13186de23a2b97b8a4afeb
sample,sparse_crlf-49,223,1442325,489999,10000,8ca2da968b6788ab2efad270e5dd4515db1b96f44c8b864ece6a066126595369,e677626f7f2b32f4c354e798965af4ebccbc57b60c13186de23a2b97b8a4afeb
sample,sparse_crlf-49,224,1425626,489999,10000,8ca2da968b6788ab2efad270e5dd4515db1b96f44c8b864ece6a066126595369,e677626f7f2b32f4c354e798965af4ebccbc57b60c13186de23a2b97b8a4afeb
sample,sparse_crlf-49,225,1435835,489999,10000,8ca2da968b6788ab2efad270e5dd4515db1b96f44c8b864ece6a066126595369,e677626f7f2b32f4c354e798965af4ebccbc57b60c13186de23a2b97b8a4afeb
sample,sparse_crlf-49,226,1427025,489999,10000,8ca2da968b6788ab2efad270e5dd4515db1b96f44c8b864ece6a066126595369,e677626f7f2b32f4c354e798965af4ebccbc57b60c13186de23a2b97b8a4afeb
sample,sparse_crlf-49,227,1434876,489999,10000,8ca2da968b6788ab2efad270e5dd4515db1b96f44c8b864ece6a066126595369,e677626f7f2b32f4c354e798965af4ebccbc57b60c13186de23a2b97b8a4afeb
sample,sparse_crlf-49,228,1425855,489999,10000,8ca2da968b6788ab2efad270e5dd4515db1b96f44c8b864ece6a066126595369,e677626f7f2b32f4c354e798965af4ebccbc57b60c13186de23a2b97b8a4afeb
sample,sparse_crlf-49,229,1426315,489999,10000,8ca2da968b6788ab2efad270e5dd4515db1b96f44c8b864ece6a066126595369,e677626f7f2b32f4c354e798965af4ebccbc57b60c13186de23a2b97b8a4afeb
sample,sparse_crlf-49,230,1435605,489999,10000,8ca2da968b6788ab2efad270e5dd4515db1b96f44c8b864ece6a066126595369,e677626f7f2b32f4c354e798965af4ebccbc57b60c13186de23a2b97b8a4afeb
sample,sparse_crlf-49,231,1429416,489999,10000,8ca2da968b6788ab2efad270e5dd4515db1b96f44c8b864ece6a066126595369,e677626f7f2b32f4c354e798965af4ebccbc57b60c13186de23a2b97b8a4afeb
sample,sparse_crlf-49,232,1433815,489999,10000,8ca2da968b6788ab2efad270e5dd4515db1b96f44c8b864ece6a066126595369,e677626f7f2b32f4c354e798965af4ebccbc57b60c13186de23a2b97b8a4afeb
sample,sparse_crlf-49,233,1422425,489999,10000,8ca2da968b6788ab2efad270e5dd4515db1b96f44c8b864ece6a066126595369,e677626f7f2b32f4c354e798965af4ebccbc57b60c13186de23a2b97b8a4afeb
sample,sparse_crlf-49,234,1468336,489999,10000,8ca2da968b6788ab2efad270e5dd4515db1b96f44c8b864ece6a066126595369,e677626f7f2b32f4c354e798965af4ebccbc57b60c13186de23a2b97b8a4afeb
sample,sparse_crlf-49,235,1415325,489999,10000,8ca2da968b6788ab2efad270e5dd4515db1b96f44c8b864ece6a066126595369,e677626f7f2b32f4c354e798965af4ebccbc57b60c13186de23a2b97b8a4afeb
sample,sparse_crlf-49,236,1423355,489999,10000,8ca2da968b6788ab2efad270e5dd4515db1b96f44c8b864ece6a066126595369,e677626f7f2b32f4c354e798965af4ebccbc57b60c13186de23a2b97b8a4afeb
sample,sparse_crlf-49,237,1414095,489999,10000,8ca2da968b6788ab2efad270e5dd4515db1b96f44c8b864ece6a066126595369,e677626f7f2b32f4c354e798965af4ebccbc57b60c13186de23a2b97b8a4afeb
sample,sparse_crlf-49,238,1414996,489999,10000,8ca2da968b6788ab2efad270e5dd4515db1b96f44c8b864ece6a066126595369,e677626f7f2b32f4c354e798965af4ebccbc57b60c13186de23a2b97b8a4afeb
sample,sparse_crlf-49,239,1417155,489999,10000,8ca2da968b6788ab2efad270e5dd4515db1b96f44c8b864ece6a066126595369,e677626f7f2b32f4c354e798965af4ebccbc57b60c13186de23a2b97b8a4afeb
sample,sparse_crlf-49,240,1469705,489999,10000,8ca2da968b6788ab2efad270e5dd4515db1b96f44c8b864ece6a066126595369,e677626f7f2b32f4c354e798965af4ebccbc57b60c13186de23a2b97b8a4afeb
sample,sparse_crlf-49,241,1514446,489999,10000,8ca2da968b6788ab2efad270e5dd4515db1b96f44c8b864ece6a066126595369,e677626f7f2b32f4c354e798965af4ebccbc57b60c13186de23a2b97b8a4afeb
sample,sparse_crlf-49,242,1473165,489999,10000,8ca2da968b6788ab2efad270e5dd4515db1b96f44c8b864ece6a066126595369,e677626f7f2b32f4c354e798965af4ebccbc57b60c13186de23a2b97b8a4afeb
sample,sparse_crlf-49,243,1430406,489999,10000,8ca2da968b6788ab2efad270e5dd4515db1b96f44c8b864ece6a066126595369,e677626f7f2b32f4c354e798965af4ebccbc57b60c13186de23a2b97b8a4afeb
sample,sparse_crlf-49,244,1427055,489999,10000,8ca2da968b6788ab2efad270e5dd4515db1b96f44c8b864ece6a066126595369,e677626f7f2b32f4c354e798965af4ebccbc57b60c13186de23a2b97b8a4afeb
sample,sparse_crlf-49,245,1430255,489999,10000,8ca2da968b6788ab2efad270e5dd4515db1b96f44c8b864ece6a066126595369,e677626f7f2b32f4c354e798965af4ebccbc57b60c13186de23a2b97b8a4afeb
sample,sparse_crlf-49,246,1437626,489999,10000,8ca2da968b6788ab2efad270e5dd4515db1b96f44c8b864ece6a066126595369,e677626f7f2b32f4c354e798965af4ebccbc57b60c13186de23a2b97b8a4afeb
sample,sparse_crlf-49,247,1428935,489999,10000,8ca2da968b6788ab2efad270e5dd4515db1b96f44c8b864ece6a066126595369,e677626f7f2b32f4c354e798965af4ebccbc57b60c13186de23a2b97b8a4afeb
sample,sparse_crlf-49,248,1453345,489999,10000,8ca2da968b6788ab2efad270e5dd4515db1b96f44c8b864ece6a066126595369,e677626f7f2b32f4c354e798965af4ebccbc57b60c13186de23a2b97b8a4afeb
sample,sparse_crlf-49,249,1442686,489999,10000,8ca2da968b6788ab2efad270e5dd4515db1b96f44c8b864ece6a066126595369,e677626f7f2b32f4c354e798965af4ebccbc57b60c13186de23a2b97b8a4afeb
sample,sparse_crlf-49,250,1436885,489999,10000,8ca2da968b6788ab2efad270e5dd4515db1b96f44c8b864ece6a066126595369,e677626f7f2b32f4c354e798965af4ebccbc57b60c13186de23a2b97b8a4afeb
sample,sparse_crlf-49,251,1427805,489999,10000,8ca2da968b6788ab2efad270e5dd4515db1b96f44c8b864ece6a066126595369,e677626f7f2b32f4c354e798965af4ebccbc57b60c13186de23a2b97b8a4afeb
sample,sparse_crlf-49,252,1433876,489999,10000,8ca2da968b6788ab2efad270e5dd4515db1b96f44c8b864ece6a066126595369,e677626f7f2b32f4c354e798965af4ebccbc57b60c13186de23a2b97b8a4afeb
sample,sparse_crlf-49,253,1426475,489999,10000,8ca2da968b6788ab2efad270e5dd4515db1b96f44c8b864ece6a066126595369,e677626f7f2b32f4c354e798965af4ebccbc57b60c13186de23a2b97b8a4afeb
sample,sparse_crlf-49,254,1499555,489999,10000,8ca2da968b6788ab2efad270e5dd4515db1b96f44c8b864ece6a066126595369,e677626f7f2b32f4c354e798965af4ebccbc57b60c13186de23a2b97b8a4afeb
sample,sparse_crlf-49,255,1428296,489999,10000,8ca2da968b6788ab2efad270e5dd4515db1b96f44c8b864ece6a066126595369,e677626f7f2b32f4c354e798965af4ebccbc57b60c13186de23a2b97b8a4afeb
sample,sparse_crlf-49,256,1426735,489999,10000,8ca2da968b6788ab2efad270e5dd4515db1b96f44c8b864ece6a066126595369,e677626f7f2b32f4c354e798965af4ebccbc57b60c13186de23a2b97b8a4afeb
sample,sparse_crlf-49,257,1433685,489999,10000,8ca2da968b6788ab2efad270e5dd4515db1b96f44c8b864ece6a066126595369,e677626f7f2b32f4c354e798965af4ebccbc57b60c13186de23a2b97b8a4afeb
sample,sparse_crlf-49,258,1423256,489999,10000,8ca2da968b6788ab2efad270e5dd4515db1b96f44c8b864ece6a066126595369,e677626f7f2b32f4c354e798965af4ebccbc57b60c13186de23a2b97b8a4afeb
sample,sparse_crlf-49,259,1433805,489999,10000,8ca2da968b6788ab2efad270e5dd4515db1b96f44c8b864ece6a066126595369,e677626f7f2b32f4c354e798965af4ebccbc57b60c13186de23a2b97b8a4afeb
sample,sparse_crlf-49,260,1474965,489999,10000,8ca2da968b6788ab2efad270e5dd4515db1b96f44c8b864ece6a066126595369,e677626f7f2b32f4c354e798965af4ebccbc57b60c13186de23a2b97b8a4afeb
sample,sparse_crlf-49,261,1414476,489999,10000,8ca2da968b6788ab2efad270e5dd4515db1b96f44c8b864ece6a066126595369,e677626f7f2b32f4c354e798965af4ebccbc57b60c13186de23a2b97b8a4afeb
sample,sparse_crlf-49,262,1427655,489999,10000,8ca2da968b6788ab2efad270e5dd4515db1b96f44c8b864ece6a066126595369,e677626f7f2b32f4c354e798965af4ebccbc57b60c13186de23a2b97b8a4afeb
sample,sparse_crlf-49,263,1429395,489999,10000,8ca2da968b6788ab2efad270e5dd4515db1b96f44c8b864ece6a066126595369,e677626f7f2b32f4c354e798965af4ebccbc57b60c13186de23a2b97b8a4afeb
sample,sparse_crlf-49,264,1428845,489999,10000,8ca2da968b6788ab2efad270e5dd4515db1b96f44c8b864ece6a066126595369,e677626f7f2b32f4c354e798965af4ebccbc57b60c13186de23a2b97b8a4afeb
sample,sparse_crlf-49,265,1425646,489999,10000,8ca2da968b6788ab2efad270e5dd4515db1b96f44c8b864ece6a066126595369,e677626f7f2b32f4c354e798965af4ebccbc57b60c13186de23a2b97b8a4afeb
sample,sparse_crlf-49,266,1421095,489999,10000,8ca2da968b6788ab2efad270e5dd4515db1b96f44c8b864ece6a066126595369,e677626f7f2b32f4c354e798965af4ebccbc57b60c13186de23a2b97b8a4afeb
sample,sparse_crlf-49,267,1423045,489999,10000,8ca2da968b6788ab2efad270e5dd4515db1b96f44c8b864ece6a066126595369,e677626f7f2b32f4c354e798965af4ebccbc57b60c13186de23a2b97b8a4afeb
sample,sparse_crlf-49,268,1509426,489999,10000,8ca2da968b6788ab2efad270e5dd4515db1b96f44c8b864ece6a066126595369,e677626f7f2b32f4c354e798965af4ebccbc57b60c13186de23a2b97b8a4afeb
sample,sparse_crlf-49,269,1418945,489999,10000,8ca2da968b6788ab2efad270e5dd4515db1b96f44c8b864ece6a066126595369,e677626f7f2b32f4c354e798965af4ebccbc57b60c13186de23a2b97b8a4afeb
sample,sparse_crlf-49,270,1435135,489999,10000,8ca2da968b6788ab2efad270e5dd4515db1b96f44c8b864ece6a066126595369,e677626f7f2b32f4c354e798965af4ebccbc57b60c13186de23a2b97b8a4afeb
sample,sparse_crlf-49,271,1511756,489999,10000,8ca2da968b6788ab2efad270e5dd4515db1b96f44c8b864ece6a066126595369,e677626f7f2b32f4c354e798965af4ebccbc57b60c13186de23a2b97b8a4afeb
sample,sparse_crlf-49,272,1425395,489999,10000,8ca2da968b6788ab2efad270e5dd4515db1b96f44c8b864ece6a066126595369,e677626f7f2b32f4c354e798965af4ebccbc57b60c13186de23a2b97b8a4afeb
sample,sparse_crlf-49,273,1430386,489999,10000,8ca2da968b6788ab2efad270e5dd4515db1b96f44c8b864ece6a066126595369,e677626f7f2b32f4c354e798965af4ebccbc57b60c13186de23a2b97b8a4afeb
sample,sparse_crlf-49,274,1420805,489999,10000,8ca2da968b6788ab2efad270e5dd4515db1b96f44c8b864ece6a066126595369,e677626f7f2b32f4c354e798965af4ebccbc57b60c13186de23a2b97b8a4afeb
sample,sparse_crlf-49,275,1428915,489999,10000,8ca2da968b6788ab2efad270e5dd4515db1b96f44c8b864ece6a066126595369,e677626f7f2b32f4c354e798965af4ebccbc57b60c13186de23a2b97b8a4afeb
sample,sparse_crlf-49,276,1420255,489999,10000,8ca2da968b6788ab2efad270e5dd4515db1b96f44c8b864ece6a066126595369,e677626f7f2b32f4c354e798965af4ebccbc57b60c13186de23a2b97b8a4afeb
sample,sparse_crlf-49,277,1409866,489999,10000,8ca2da968b6788ab2efad270e5dd4515db1b96f44c8b864ece6a066126595369,e677626f7f2b32f4c354e798965af4ebccbc57b60c13186de23a2b97b8a4afeb
sample,sparse_crlf-49,278,1426815,489999,10000,8ca2da968b6788ab2efad270e5dd4515db1b96f44c8b864ece6a066126595369,e677626f7f2b32f4c354e798965af4ebccbc57b60c13186de23a2b97b8a4afeb
sample,sparse_crlf-49,279,1426315,489999,10000,8ca2da968b6788ab2efad270e5dd4515db1b96f44c8b864ece6a066126595369,e677626f7f2b32f4c354e798965af4ebccbc57b60c13186de23a2b97b8a4afeb
sample,sparse_crlf-49,280,1428485,489999,10000,8ca2da968b6788ab2efad270e5dd4515db1b96f44c8b864ece6a066126595369,e677626f7f2b32f4c354e798965af4ebccbc57b60c13186de23a2b97b8a4afeb
sample,sparse_crlf-49,281,1429226,489999,10000,8ca2da968b6788ab2efad270e5dd4515db1b96f44c8b864ece6a066126595369,e677626f7f2b32f4c354e798965af4ebccbc57b60c13186de23a2b97b8a4afeb
sample,sparse_crlf-49,282,1442005,489999,10000,8ca2da968b6788ab2efad270e5dd4515db1b96f44c8b864ece6a066126595369,e677626f7f2b32f4c354e798965af4ebccbc57b60c13186de23a2b97b8a4afeb
sample,sparse_crlf-49,283,1425775,489999,10000,8ca2da968b6788ab2efad270e5dd4515db1b96f44c8b864ece6a066126595369,e677626f7f2b32f4c354e798965af4ebccbc57b60c13186de23a2b97b8a4afeb
sample,sparse_crlf-49,284,1441256,489999,10000,8ca2da968b6788ab2efad270e5dd4515db1b96f44c8b864ece6a066126595369,e677626f7f2b32f4c354e798965af4ebccbc57b60c13186de23a2b97b8a4afeb
sample,sparse_crlf-49,285,1431145,489999,10000,8ca2da968b6788ab2efad270e5dd4515db1b96f44c8b864ece6a066126595369,e677626f7f2b32f4c354e798965af4ebccbc57b60c13186de23a2b97b8a4afeb
sample,sparse_crlf-49,286,1425565,489999,10000,8ca2da968b6788ab2efad270e5dd4515db1b96f44c8b864ece6a066126595369,e677626f7f2b32f4c354e798965af4ebccbc57b60c13186de23a2b97b8a4afeb
sample,sparse_crlf-49,287,1438626,489999,10000,8ca2da968b6788ab2efad270e5dd4515db1b96f44c8b864ece6a066126595369,e677626f7f2b32f4c354e798965af4ebccbc57b60c13186de23a2b97b8a4afeb
sample,sparse_crlf-49,288,1429975,489999,10000,8ca2da968b6788ab2efad270e5dd4515db1b96f44c8b864ece6a066126595369,e677626f7f2b32f4c354e798965af4ebccbc57b60c13186de23a2b97b8a4afeb
sample,sparse_crlf-49,289,1514115,489999,10000,8ca2da968b6788ab2efad270e5dd4515db1b96f44c8b864ece6a066126595369,e677626f7f2b32f4c354e798965af4ebccbc57b60c13186de23a2b97b8a4afeb
sample,sparse_crlf-49,290,1489116,489999,10000,8ca2da968b6788ab2efad270e5dd4515db1b96f44c8b864ece6a066126595369,e677626f7f2b32f4c354e798965af4ebccbc57b60c13186de23a2b97b8a4afeb
sample,sparse_crlf-49,291,1443985,489999,10000,8ca2da968b6788ab2efad270e5dd4515db1b96f44c8b864ece6a066126595369,e677626f7f2b32f4c354e798965af4ebccbc57b60c13186de23a2b97b8a4afeb
sample,sparse_crlf-49,292,1438086,489999,10000,8ca2da968b6788ab2efad270e5dd4515db1b96f44c8b864ece6a066126595369,e677626f7f2b32f4c354e798965af4ebccbc57b60c13186de23a2b97b8a4afeb
sample,sparse_crlf-49,293,1426965,489999,10000,8ca2da968b6788ab2efad270e5dd4515db1b96f44c8b864ece6a066126595369,e677626f7f2b32f4c354e798965af4ebccbc57b60c13186de23a2b97b8a4afeb
sample,sparse_crlf-49,294,1422475,489999,10000,8ca2da968b6788ab2efad270e5dd4515db1b96f44c8b864ece6a066126595369,e677626f7f2b32f4c354e798965af4ebccbc57b60c13186de23a2b97b8a4afeb
sample,sparse_crlf-49,295,1418245,489999,10000,8ca2da968b6788ab2efad270e5dd4515db1b96f44c8b864ece6a066126595369,e677626f7f2b32f4c354e798965af4ebccbc57b60c13186de23a2b97b8a4afeb
sample,sparse_crlf-49,296,1416136,489999,10000,8ca2da968b6788ab2efad270e5dd4515db1b96f44c8b864ece6a066126595369,e677626f7f2b32f4c354e798965af4ebccbc57b60c13186de23a2b97b8a4afeb
sample,sparse_crlf-49,297,1414925,489999,10000,8ca2da968b6788ab2efad270e5dd4515db1b96f44c8b864ece6a066126595369,e677626f7f2b32f4c354e798965af4ebccbc57b60c13186de23a2b97b8a4afeb
sample,sparse_crlf-49,298,1428665,489999,10000,8ca2da968b6788ab2efad270e5dd4515db1b96f44c8b864ece6a066126595369,e677626f7f2b32f4c354e798965af4ebccbc57b60c13186de23a2b97b8a4afeb
sample,sparse_crlf-49,299,1432246,489999,10000,8ca2da968b6788ab2efad270e5dd4515db1b96f44c8b864ece6a066126595369,e677626f7f2b32f4c354e798965af4ebccbc57b60c13186de23a2b97b8a4afeb
sample,sparse_crlf-49,300,1428465,489999,10000,8ca2da968b6788ab2efad270e5dd4515db1b96f44c8b864ece6a066126595369,e677626f7f2b32f4c354e798965af4ebccbc57b60c13186de23a2b97b8a4afeb
sample,sparse_crlf-49,301,1426315,489999,10000,8ca2da968b6788ab2efad270e5dd4515db1b96f44c8b864ece6a066126595369,e677626f7f2b32f4c354e798965af4ebccbc57b60c13186de23a2b97b8a4afeb
sample,sparse_crlf-49,302,1426555,489999,10000,8ca2da968b6788ab2efad270e5dd4515db1b96f44c8b864ece6a066126595369,e677626f7f2b32f4c354e798965af4ebccbc57b60c13186de23a2b97b8a4afeb
sample,sparse_crlf-49,303,1432096,489999,10000,8ca2da968b6788ab2efad270e5dd4515db1b96f44c8b864ece6a066126595369,e677626f7f2b32f4c354e798965af4ebccbc57b60c13186de23a2b97b8a4afeb
sample,sparse_crlf-49,304,1428445,489999,10000,8ca2da968b6788ab2efad270e5dd4515db1b96f44c8b864ece6a066126595369,e677626f7f2b32f4c354e798965af4ebccbc57b60c13186de23a2b97b8a4afeb
sample,sparse_crlf-49,305,1441295,489999,10000,8ca2da968b6788ab2efad270e5dd4515db1b96f44c8b864ece6a066126595369,e677626f7f2b32f4c354e798965af4ebccbc57b60c13186de23a2b97b8a4afeb
sample,sparse_crlf-49,306,1438056,489999,10000,8ca2da968b6788ab2efad270e5dd4515db1b96f44c8b864ece6a066126595369,e677626f7f2b32f4c354e798965af4ebccbc57b60c13186de23a2b97b8a4afeb
sample,sparse_crlf-49,307,1434995,489999,10000,8ca2da968b6788ab2efad270e5dd4515db1b96f44c8b864ece6a066126595369,e677626f7f2b32f4c354e798965af4ebccbc57b60c13186de23a2b97b8a4afeb
sample,sparse_crlf-49,308,1428285,489999,10000,8ca2da968b6788ab2efad270e5dd4515db1b96f44c8b864ece6a066126595369,e677626f7f2b32f4c354e798965af4ebccbc57b60c13186de23a2b97b8a4afeb
sample,sparse_crlf-49,309,1509446,489999,10000,8ca2da968b6788ab2efad270e5dd4515db1b96f44c8b864ece6a066126595369,e677626f7f2b32f4c354e798965af4ebccbc57b60c13186de23a2b97b8a4afeb
sample,sparse_crlf-49,310,1417485,489999,10000,8ca2da968b6788ab2efad270e5dd4515db1b96f44c8b864ece6a066126595369,e677626f7f2b32f4c354e798965af4ebccbc57b60c13186de23a2b97b8a4afeb
sample,sparse_crlf-49,311,1422065,489999,10000,8ca2da968b6788ab2efad270e5dd4515db1b96f44c8b864ece6a066126595369,e677626f7f2b32f4c354e798965af4ebccbc57b60c13186de23a2b97b8a4afeb
sample,sparse_crlf-49,312,1447506,489999,10000,8ca2da968b6788ab2efad270e5dd4515db1b96f44c8b864ece6a066126595369,e677626f7f2b32f4c354e798965af4ebccbc57b60c13186de23a2b97b8a4afeb
sample,sparse_crlf-49,313,1411165,489999,10000,8ca2da968b6788ab2efad270e5dd4515db1b96f44c8b864ece6a066126595369,e677626f7f2b32f4c354e798965af4ebccbc57b60c13186de23a2b97b8a4afeb
sample,sparse_crlf-49,314,1429115,489999,10000,8ca2da968b6788ab2efad270e5dd4515db1b96f44c8b864ece6a066126595369,e677626f7f2b32f4c354e798965af4ebccbc57b60c13186de23a2b97b8a4afeb
sample,sparse_crlf-49,315,1419566,489999,10000,8ca2da968b6788ab2efad270e5dd4515db1b96f44c8b864ece6a066126595369,e677626f7f2b32f4c354e798965af4ebccbc57b60c13186de23a2b97b8a4afeb
sample,sparse_crlf-49,316,1429035,489999,10000,8ca2da968b6788ab2efad270e5dd4515db1b96f44c8b864ece6a066126595369,e677626f7f2b32f4c354e798965af4ebccbc57b60c13186de23a2b97b8a4afeb
sample,sparse_crlf-49,317,1433565,489999,10000,8ca2da968b6788ab2efad270e5dd4515db1b96f44c8b864ece6a066126595369,e677626f7f2b32f4c354e798965af4ebccbc57b60c13186de23a2b97b8a4afeb
sample,sparse_crlf-49,318,1417125,489999,10000,8ca2da968b6788ab2efad270e5dd4515db1b96f44c8b864ece6a066126595369,e677626f7f2b32f4c354e798965af4ebccbc57b60c13186de23a2b97b8a4afeb
sample,sparse_crlf-49,319,1506226,489999,10000,8ca2da968b6788ab2efad270e5dd4515db1b96f44c8b864ece6a066126595369,e677626f7f2b32f4c354e798965af4ebccbc57b60c13186de23a2b97b8a4afeb
sample,sparse_crlf-49,320,1425775,489999,10000,8ca2da968b6788ab2efad270e5dd4515db1b96f44c8b864ece6a066126595369,e677626f7f2b32f4c354e798965af4ebccbc57b60c13186de23a2b97b8a4afeb
sample,sparse_crlf-49,321,1428056,489999,10000,8ca2da968b6788ab2efad270e5dd4515db1b96f44c8b864ece6a066126595369,e677626f7f2b32f4c354e798965af4ebccbc57b60c13186de23a2b97b8a4afeb
sample,sparse_crlf-49,322,1425585,489999,10000,8ca2da968b6788ab2efad270e5dd4515db1b96f44c8b864ece6a066126595369,e677626f7f2b32f4c354e798965af4ebccbc57b60c13186de23a2b97b8a4afeb
sample,sparse_crlf-49,323,1443045,489999,10000,8ca2da968b6788ab2efad270e5dd4515db1b96f44c8b864ece6a066126595369,e677626f7f2b32f4c354e798965af4ebccbc57b60c13186de23a2b97b8a4afeb
sample,sparse_crlf-49,324,1435065,489999,10000,8ca2da968b6788ab2efad270e5dd4515db1b96f44c8b864ece6a066126595369,e677626f7f2b32f4c354e798965af4ebccbc57b60c13186de23a2b97b8a4afeb
sample,sparse_crlf-49,325,1434006,489999,10000,8ca2da968b6788ab2efad270e5dd4515db1b96f44c8b864ece6a066126595369,e677626f7f2b32f4c354e798965af4ebccbc57b60c13186de23a2b97b8a4afeb
sample,sparse_crlf-49,326,1430425,489999,10000,8ca2da968b6788ab2efad270e5dd4515db1b96f44c8b864ece6a066126595369,e677626f7f2b32f4c354e798965af4ebccbc57b60c13186de23a2b97b8a4afeb
sample,sparse_crlf-49,327,1421645,489999,10000,8ca2da968b6788ab2efad270e5dd4515db1b96f44c8b864ece6a066126595369,e677626f7f2b32f4c354e798965af4ebccbc57b60c13186de23a2b97b8a4afeb
sample,sparse_crlf-49,328,1540206,489999,10000,8ca2da968b6788ab2efad270e5dd4515db1b96f44c8b864ece6a066126595369,e677626f7f2b32f4c354e798965af4ebccbc57b60c13186de23a2b97b8a4afeb
sample,sparse_crlf-49,329,1427505,489999,10000,8ca2da968b6788ab2efad270e5dd4515db1b96f44c8b864ece6a066126595369,e677626f7f2b32f4c354e798965af4ebccbc57b60c13186de23a2b97b8a4afeb
sample,sparse_crlf-49,330,1433826,489999,10000,8ca2da968b6788ab2efad270e5dd4515db1b96f44c8b864ece6a066126595369,e677626f7f2b32f4c354e798965af4ebccbc57b60c13186de23a2b97b8a4afeb
sample,sparse_crlf-49,331,1414745,489999,10000,8ca2da968b6788ab2efad270e5dd4515db1b96f44c8b864ece6a066126595369,e677626f7f2b32f4c354e798965af4ebccbc57b60c13186de23a2b97b8a4afeb
sample,sparse_crlf-49,332,1419975,489999,10000,8ca2da968b6788ab2efad270e5dd4515db1b96f44c8b864ece6a066126595369,e677626f7f2b32f4c354e798965af4ebccbc57b60c13186de23a2b97b8a4afeb
sample,sparse_crlf-49,333,1411125,489999,10000,8ca2da968b6788ab2efad270e5dd4515db1b96f44c8b864ece6a066126595369,e677626f7f2b32f4c354e798965af4ebccbc57b60c13186de23a2b97b8a4afeb
sample,sparse_crlf-49,334,1421526,489999,10000,8ca2da968b6788ab2efad270e5dd4515db1b96f44c8b864ece6a066126595369,e677626f7f2b32f4c354e798965af4ebccbc57b60c13186de23a2b97b8a4afeb
sample,sparse_crlf-49,335,1415915,489999,10000,8ca2da968b6788ab2efad270e5dd4515db1b96f44c8b864ece6a066126595369,e677626f7f2b32f4c354e798965af4ebccbc57b60c13186de23a2b97b8a4afeb
sample,sparse_crlf-49,336,1423275,489999,10000,8ca2da968b6788ab2efad270e5dd4515db1b96f44c8b864ece6a066126595369,e677626f7f2b32f4c354e798965af4ebccbc57b60c13186de23a2b97b8a4afeb
sample,sparse_crlf-49,337,1444365,489999,10000,8ca2da968b6788ab2efad270e5dd4515db1b96f44c8b864ece6a066126595369,e677626f7f2b32f4c354e798965af4ebccbc57b60c13186de23a2b97b8a4afeb
sample,sparse_crlf-49,338,1421126,489999,10000,8ca2da968b6788ab2efad270e5dd4515db1b96f44c8b864ece6a066126595369,e677626f7f2b32f4c354e798965af4ebccbc57b60c13186de23a2b97b8a4afeb
sample,sparse_crlf-49,339,1436605,489999,10000,8ca2da968b6788ab2efad270e5dd4515db1b96f44c8b864ece6a066126595369,e677626f7f2b32f4c354e798965af4ebccbc57b60c13186de23a2b97b8a4afeb
sample,sparse_crlf-49,340,1427285,489999,10000,8ca2da968b6788ab2efad270e5dd4515db1b96f44c8b864ece6a066126595369,e677626f7f2b32f4c354e798965af4ebccbc57b60c13186de23a2b97b8a4afeb
sample,sparse_crlf-49,341,1427446,489999,10000,8ca2da968b6788ab2efad270e5dd4515db1b96f44c8b864ece6a066126595369,e677626f7f2b32f4c354e798965af4ebccbc57b60c13186de23a2b97b8a4afeb
sample,sparse_crlf-49,342,1439285,489999,10000,8ca2da968b6788ab2efad270e5dd4515db1b96f44c8b864ece6a066126595369,e677626f7f2b32f4c354e798965af4ebccbc57b60c13186de23a2b97b8a4afeb
sample,sparse_crlf-49,343,1438015,489999,10000,8ca2da968b6788ab2efad270e5dd4515db1b96f44c8b864ece6a066126595369,e677626f7f2b32f4c354e798965af4ebccbc57b60c13186de23a2b97b8a4afeb
sample,sparse_crlf-49,344,1440196,489999,10000,8ca2da968b6788ab2efad270e5dd4515db1b96f44c8b864ece6a066126595369,e677626f7f2b32f4c354e798965af4ebccbc57b60c13186de23a2b97b8a4afeb
sample,sparse_crlf-49,345,1495915,489999,10000,8ca2da968b6788ab2efad270e5dd4515db1b96f44c8b864ece6a066126595369,e677626f7f2b32f4c354e798965af4ebccbc57b60c13186de23a2b97b8a4afeb
sample,sparse_crlf-49,346,1424695,489999,10000,8ca2da968b6788ab2efad270e5dd4515db1b96f44c8b864ece6a066126595369,e677626f7f2b32f4c354e798965af4ebccbc57b60c13186de23a2b97b8a4afeb
sample,sparse_crlf-49,347,1434776,489999,10000,8ca2da968b6788ab2efad270e5dd4515db1b96f44c8b864ece6a066126595369,e677626f7f2b32f4c354e798965af4ebccbc57b60c13186de23a2b97b8a4afeb
sample,sparse_crlf-49,348,1427865,489999,10000,8ca2da968b6788ab2efad270e5dd4515db1b96f44c8b864ece6a066126595369,e677626f7f2b32f4c354e798965af4ebccbc57b60c13186de23a2b97b8a4afeb
sample,sparse_crlf-49,349,1419295,489999,10000,8ca2da968b6788ab2efad270e5dd4515db1b96f44c8b864ece6a066126595369,e677626f7f2b32f4c354e798965af4ebccbc57b60c13186de23a2b97b8a4afeb
sample,sparse_crlf-49,350,1418685,489999,10000,8ca2da968b6788ab2efad270e5dd4515db1b96f44c8b864ece6a066126595369,e677626f7f2b32f4c354e798965af4ebccbc57b60c13186de23a2b97b8a4afeb
sample,sparse_crlf-49,351,1423786,489999,10000,8ca2da968b6788ab2efad270e5dd4515db1b96f44c8b864ece6a066126595369,e677626f7f2b32f4c354e798965af4ebccbc57b60c13186de23a2b97b8a4afeb
sample,sparse_crlf-49,352,1422535,489999,10000,8ca2da968b6788ab2efad270e5dd4515db1b96f44c8b864ece6a066126595369,e677626f7f2b32f4c354e798965af4ebccbc57b60c13186de23a2b97b8a4afeb
sample,sparse_crlf-49,353,1439965,489999,10000,8ca2da968b6788ab2efad270e5dd4515db1b96f44c8b864ece6a066126595369,e677626f7f2b32f4c354e798965af4ebccbc57b60c13186de23a2b97b8a4afeb
sample,sparse_crlf-49,354,1434626,489999,10000,8ca2da968b6788ab2efad270e5dd4515db1b96f44c8b864ece6a066126595369,e677626f7f2b32f4c354e798965af4ebccbc57b60c13186de23a2b97b8a4afeb
sample,sparse_crlf-49,355,1434085,489999,10000,8ca2da968b6788ab2efad270e5dd4515db1b96f44c8b864ece6a066126595369,e677626f7f2b32f4c354e798965af4ebccbc57b60c13186de23a2b97b8a4afeb
sample,sparse_crlf-49,356,1435595,489999,10000,8ca2da968b6788ab2efad270e5dd4515db1b96f44c8b864ece6a066126595369,e677626f7f2b32f4c354e798965af4ebccbc57b60c13186de23a2b97b8a4afeb
sample,sparse_crlf-49,357,1423375,489999,10000,8ca2da968b6788ab2efad270e5dd4515db1b96f44c8b864ece6a066126595369,e677626f7f2b32f4c354e798965af4ebccbc57b60c13186de23a2b97b8a4afeb
sample,sparse_crlf-49,358,1428955,489999,10000,8ca2da968b6788ab2efad270e5dd4515db1b96f44c8b864ece6a066126595369,e677626f7f2b32f4c354e798965af4ebccbc57b60c13186de23a2b97b8a4afeb
sample,sparse_crlf-49,359,1428855,489999,10000,8ca2da968b6788ab2efad270e5dd4515db1b96f44c8b864ece6a066126595369,e677626f7f2b32f4c354e798965af4ebccbc57b60c13186de23a2b97b8a4afeb
sample,sparse_crlf-49,360,1429575,489999,10000,8ca2da968b6788ab2efad270e5dd4515db1b96f44c8b864ece6a066126595369,e677626f7f2b32f4c354e798965af4ebccbc57b60c13186de23a2b97b8a4afeb
sample,sparse_crlf-49,361,1428916,489999,10000,8ca2da968b6788ab2efad270e5dd4515db1b96f44c8b864ece6a066126595369,e677626f7f2b32f4c354e798965af4ebccbc57b60c13186de23a2b97b8a4afeb
sample,sparse_crlf-49,362,1434115,489999,10000,8ca2da968b6788ab2efad270e5dd4515db1b96f44c8b864ece6a066126595369,e677626f7f2b32f4c354e798965af4ebccbc57b60c13186de23a2b97b8a4afeb
sample,sparse_crlf-49,363,1427425,489999,10000,8ca2da968b6788ab2efad270e5dd4515db1b96f44c8b864ece6a066126595369,e677626f7f2b32f4c354e798965af4ebccbc57b60c13186de23a2b97b8a4afeb
sample,sparse_crlf-49,364,1433486,489999,10000,8ca2da968b6788ab2efad270e5dd4515db1b96f44c8b864ece6a066126595369,e677626f7f2b32f4c354e798965af4ebccbc57b60c13186de23a2b97b8a4afeb
sample,sparse_crlf-49,365,1436895,489999,10000,8ca2da968b6788ab2efad270e5dd4515db1b96f44c8b864ece6a066126595369,e677626f7f2b32f4c354e798965af4ebccbc57b60c13186de23a2b97b8a4afeb
sample,sparse_crlf-49,366,1434415,489999,10000,8ca2da968b6788ab2efad270e5dd4515db1b96f44c8b864ece6a066126595369,e677626f7f2b32f4c354e798965af4ebccbc57b60c13186de23a2b97b8a4afeb
sample,sparse_crlf-49,367,1426426,489999,10000,8ca2da968b6788ab2efad270e5dd4515db1b96f44c8b864ece6a066126595369,e677626f7f2b32f4c354e798965af4ebccbc57b60c13186de23a2b97b8a4afeb
sample,sparse_crlf-49,368,1426965,489999,10000,8ca2da968b6788ab2efad270e5dd4515db1b96f44c8b864ece6a066126595369,e677626f7f2b32f4c354e798965af4ebccbc57b60c13186de23a2b97b8a4afeb
sample,sparse_crlf-49,369,1432575,489999,10000,8ca2da968b6788ab2efad270e5dd4515db1b96f44c8b864ece6a066126595369,e677626f7f2b32f4c354e798965af4ebccbc57b60c13186de23a2b97b8a4afeb
sample,sparse_crlf-49,370,1465486,489999,10000,8ca2da968b6788ab2efad270e5dd4515db1b96f44c8b864ece6a066126595369,e677626f7f2b32f4c354e798965af4ebccbc57b60c13186de23a2b97b8a4afeb
sample,sparse_crlf-49,371,1431305,489999,10000,8ca2da968b6788ab2efad270e5dd4515db1b96f44c8b864ece6a066126595369,e677626f7f2b32f4c354e798965af4ebccbc57b60c13186de23a2b97b8a4afeb
sample,sparse_crlf-49,372,1433135,489999,10000,8ca2da968b6788ab2efad270e5dd4515db1b96f44c8b864ece6a066126595369,e677626f7f2b32f4c354e798965af4ebccbc57b60c13186de23a2b97b8a4afeb
sample,sparse_crlf-49,373,1434196,489999,10000,8ca2da968b6788ab2efad270e5dd4515db1b96f44c8b864ece6a066126595369,e677626f7f2b32f4c354e798965af4ebccbc57b60c13186de23a2b97b8a4afeb
sample,sparse_crlf-49,374,1435635,489999,10000,8ca2da968b6788ab2efad270e5dd4515db1b96f44c8b864ece6a066126595369,e677626f7f2b32f4c354e798965af4ebccbc57b60c13186de23a2b97b8a4afeb
sample,sparse_crlf-49,375,1426375,489999,10000,8ca2da968b6788ab2efad270e5dd4515db1b96f44c8b864ece6a066126595369,e677626f7f2b32f4c354e798965af4ebccbc57b60c13186de23a2b97b8a4afeb
sample,sparse_crlf-49,376,1429855,489999,10000,8ca2da968b6788ab2efad270e5dd4515db1b96f44c8b864ece6a066126595369,e677626f7f2b32f4c354e798965af4ebccbc57b60c13186de23a2b97b8a4afeb
sample,sparse_crlf-49,377,1422306,489999,10000,8ca2da968b6788ab2efad270e5dd4515db1b96f44c8b864ece6a066126595369,e677626f7f2b32f4c354e798965af4ebccbc57b60c13186de23a2b97b8a4afeb
sample,sparse_crlf-49,378,1434085,489999,10000,8ca2da968b6788ab2efad270e5dd4515db1b96f44c8b864ece6a066126595369,e677626f7f2b32f4c354e798965af4ebccbc57b60c13186de23a2b97b8a4afeb
sample,sparse_crlf-49,379,1423855,489999,10000,8ca2da968b6788ab2efad270e5dd4515db1b96f44c8b864ece6a066126595369,e677626f7f2b32f4c354e798965af4ebccbc57b60c13186de23a2b97b8a4afeb
sample,sparse_crlf-49,380,1422675,489999,10000,8ca2da968b6788ab2efad270e5dd4515db1b96f44c8b864ece6a066126595369,e677626f7f2b32f4c354e798965af4ebccbc57b60c13186de23a2b97b8a4afeb
sample,sparse_crlf-49,381,1427795,489999,10000,8ca2da968b6788ab2efad270e5dd4515db1b96f44c8b864ece6a066126595369,e677626f7f2b32f4c354e798965af4ebccbc57b60c13186de23a2b97b8a4afeb
sample,sparse_crlf-49,382,1430835,489999,10000,8ca2da968b6788ab2efad270e5dd4515db1b96f44c8b864ece6a066126595369,e677626f7f2b32f4c354e798965af4ebccbc57b60c13186de23a2b97b8a4afeb
sample,sparse_crlf-49,383,1521896,489999,10000,8ca2da968b6788ab2efad270e5dd4515db1b96f44c8b864ece6a066126595369,e677626f7f2b32f4c354e798965af4ebccbc57b60c13186de23a2b97b8a4afeb
sample,sparse_crlf-49,384,1437195,489999,10000,8ca2da968b6788ab2efad270e5dd4515db1b96f44c8b864ece6a066126595369,e677626f7f2b32f4c354e798965af4ebccbc57b60c13186de23a2b97b8a4afeb
sample,sparse_crlf-49,385,1436535,489999,10000,8ca2da968b6788ab2efad270e5dd4515db1b96f44c8b864ece6a066126595369,e677626f7f2b32f4c354e798965af4ebccbc57b60c13186de23a2b97b8a4afeb
sample,sparse_crlf-49,386,1424766,489999,10000,8ca2da968b6788ab2efad270e5dd4515db1b96f44c8b864ece6a066126595369,e677626f7f2b32f4c354e798965af4ebccbc57b60c13186de23a2b97b8a4afeb
sample,sparse_crlf-49,387,1434145,489999,10000,8ca2da968b6788ab2efad270e5dd4515db1b96f44c8b864ece6a066126595369,e677626f7f2b32f4c354e798965af4ebccbc57b60c13186de23a2b97b8a4afeb
sample,sparse_crlf-49,388,1442995,489999,10000,8ca2da968b6788ab2efad270e5dd4515db1b96f44c8b864ece6a066126595369,e677626f7f2b32f4c354e798965af4ebccbc57b60c13186de23a2b97b8a4afeb
sample,sparse_crlf-49,389,1429366,489999,10000,8ca2da968b6788ab2efad270e5dd4515db1b96f44c8b864ece6a066126595369,e677626f7f2b32f4c354e798965af4ebccbc57b60c13186de23a2b97b8a4afeb
sample,sparse_crlf-49,390,1437095,489999,10000,8ca2da968b6788ab2efad270e5dd4515db1b96f44c8b864ece6a066126595369,e677626f7f2b32f4c354e798965af4ebccbc57b60c13186de23a2b97b8a4afeb
sample,sparse_crlf-49,391,1425055,489999,10000,8ca2da968b6788ab2efad270e5dd4515db1b96f44c8b864ece6a066126595369,e677626f7f2b32f4c354e798965af4ebccbc57b60c13186de23a2b97b8a4afeb
sample,sparse_crlf-49,392,1448686,489999,10000,8ca2da968b6788ab2efad270e5dd4515db1b96f44c8b864ece6a066126595369,e677626f7f2b32f4c354e798965af4ebccbc57b60c13186de23a2b97b8a4afeb
sample,sparse_crlf-49,393,1430185,489999,10000,8ca2da968b6788ab2efad270e5dd4515db1b96f44c8b864ece6a066126595369,e677626f7f2b32f4c354e798965af4ebccbc57b60c13186de23a2b97b8a4afeb
sample,sparse_crlf-49,394,1425365,489999,10000,8ca2da968b6788ab2efad270e5dd4515db1b96f44c8b864ece6a066126595369,e677626f7f2b32f4c354e798965af4ebccbc57b60c13186de23a2b97b8a4afeb
sample,sparse_crlf-49,395,1423975,489999,10000,8ca2da968b6788ab2efad270e5dd4515db1b96f44c8b864ece6a066126595369,e677626f7f2b32f4c354e798965af4ebccbc57b60c13186de23a2b97b8a4afeb
sample,sparse_crlf-49,396,1429276,489999,10000,8ca2da968b6788ab2efad270e5dd4515db1b96f44c8b864ece6a066126595369,e677626f7f2b32f4c354e798965af4ebccbc57b60c13186de23a2b97b8a4afeb
sample,sparse_crlf-49,397,1421785,489999,10000,8ca2da968b6788ab2efad270e5dd4515db1b96f44c8b864ece6a066126595369,e677626f7f2b32f4c354e798965af4ebccbc57b60c13186de23a2b97b8a4afeb
sample,sparse_crlf-49,398,1423325,489999,10000,8ca2da968b6788ab2efad270e5dd4515db1b96f44c8b864ece6a066126595369,e677626f7f2b32f4c354e798965af4ebccbc57b60c13186de23a2b97b8a4afeb
sample,sparse_crlf-49,399,1433685,489999,10000,8ca2da968b6788ab2efad270e5dd4515db1b96f44c8b864ece6a066126595369,e677626f7f2b32f4c354e798965af4ebccbc57b60c13186de23a2b97b8a4afeb
sample,sparse_crlf-49,400,1428296,489999,10000,8ca2da968b6788ab2efad270e5dd4515db1b96f44c8b864ece6a066126595369,e677626f7f2b32f4c354e798965af4ebccbc57b60c13186de23a2b97b8a4afeb
sample,sparse_crlf-49,401,1439125,489999,10000,8ca2da968b6788ab2efad270e5dd4515db1b96f44c8b864ece6a066126595369,e677626f7f2b32f4c354e798965af4ebccbc57b60c13186de23a2b97b8a4afeb
sample,sparse_crlf-49,402,1439865,489999,10000,8ca2da968b6788ab2efad270e5dd4515db1b96f44c8b864ece6a066126595369,e677626f7f2b32f4c354e798965af4ebccbc57b60c13186de23a2b97b8a4afeb
sample,sparse_crlf-49,403,1437966,489999,10000,8ca2da968b6788ab2efad270e5dd4515db1b96f44c8b864ece6a066126595369,e677626f7f2b32f4c354e798965af4ebccbc57b60c13186de23a2b97b8a4afeb
sample,sparse_crlf-49,404,1442185,489999,10000,8ca2da968b6788ab2efad270e5dd4515db1b96f44c8b864ece6a066126595369,e677626f7f2b32f4c354e798965af4ebccbc57b60c13186de23a2b97b8a4afeb
sample,sparse_crlf-49,405,1419215,489999,10000,8ca2da968b6788ab2efad270e5dd4515db1b96f44c8b864ece6a066126595369,e677626f7f2b32f4c354e798965af4ebccbc57b60c13186de23a2b97b8a4afeb
sample,sparse_crlf-49,406,1428466,489999,10000,8ca2da968b6788ab2efad270e5dd4515db1b96f44c8b864ece6a066126595369,e677626f7f2b32f4c354e798965af4ebccbc57b60c13186de23a2b97b8a4afeb
sample,sparse_crlf-49,407,1424225,489999,10000,8ca2da968b6788ab2efad270e5dd4515db1b96f44c8b864ece6a066126595369,e677626f7f2b32f4c354e798965af4ebccbc57b60c13186de23a2b97b8a4afeb
sample,sparse_crlf-49,408,1440025,489999,10000,8ca2da968b6788ab2efad270e5dd4515db1b96f44c8b864ece6a066126595369,e677626f7f2b32f4c354e798965af4ebccbc57b60c13186de23a2b97b8a4afeb
sample,sparse_crlf-49,409,1429475,489999,10000,8ca2da968b6788ab2efad270e5dd4515db1b96f44c8b864ece6a066126595369,e677626f7f2b32f4c354e798965af4ebccbc57b60c13186de23a2b97b8a4afeb
sample,sparse_crlf-49,410,1504625,489999,10000,8ca2da968b6788ab2efad270e5dd4515db1b96f44c8b864ece6a066126595369,e677626f7f2b32f4c354e798965af4ebccbc57b60c13186de23a2b97b8a4afeb
sample,sparse_crlf-49,411,1418305,489999,10000,8ca2da968b6788ab2efad270e5dd4515db1b96f44c8b864ece6a066126595369,e677626f7f2b32f4c354e798965af4ebccbc57b60c13186de23a2b97b8a4afeb
sample,sparse_crlf-49,412,1422446,489999,10000,8ca2da968b6788ab2efad270e5dd4515db1b96f44c8b864ece6a066126595369,e677626f7f2b32f4c354e798965af4ebccbc57b60c13186de23a2b97b8a4afeb
sample,sparse_crlf-49,413,1411355,489999,10000,8ca2da968b6788ab2efad270e5dd4515db1b96f44c8b864ece6a066126595369,e677626f7f2b32f4c354e798965af4ebccbc57b60c13186de23a2b97b8a4afeb
sample,sparse_crlf-49,414,1414375,489999,10000,8ca2da968b6788ab2efad270e5dd4515db1b96f44c8b864ece6a066126595369,e677626f7f2b32f4c354e798965af4ebccbc57b60c13186de23a2b97b8a4afeb
sample,sparse_crlf-49,415,1422925,489999,10000,8ca2da968b6788ab2efad270e5dd4515db1b96f44c8b864ece6a066126595369,e677626f7f2b32f4c354e798965af4ebccbc57b60c13186de23a2b97b8a4afeb
sample,sparse_crlf-49,416,1473436,489999,10000,8ca2da968b6788ab2efad270e5dd4515db1b96f44c8b864ece6a066126595369,e677626f7f2b32f4c354e798965af4ebccbc57b60c13186de23a2b97b8a4afeb
sample,sparse_crlf-49,417,1417855,489999,10000,8ca2da968b6788ab2efad270e5dd4515db1b96f44c8b864ece6a066126595369,e677626f7f2b32f4c354e798965af4ebccbc57b60c13186de23a2b97b8a4afeb
sample,sparse_crlf-49,418,1428895,489999,10000,8ca2da968b6788ab2efad270e5dd4515db1b96f44c8b864ece6a066126595369,e677626f7f2b32f4c354e798965af4ebccbc57b60c13186de23a2b97b8a4afeb
sample,sparse_crlf-49,419,1433446,489999,10000,8ca2da968b6788ab2efad270e5dd4515db1b96f44c8b864ece6a066126595369,e677626f7f2b32f4c354e798965af4ebccbc57b60c13186de23a2b97b8a4afeb
sample,sparse_crlf-49,420,1451465,489999,10000,8ca2da968b6788ab2efad270e5dd4515db1b96f44c8b864ece6a066126595369,e677626f7f2b32f4c354e798965af4ebccbc57b60c13186de23a2b97b8a4afeb
sample,sparse_crlf-49,421,1429405,489999,10000,8ca2da968b6788ab2efad270e5dd4515db1b96f44c8b864ece6a066126595369,e677626f7f2b32f4c354e798965af4ebccbc57b60c13186de23a2b97b8a4afeb
sample,sparse_crlf-49,422,1431306,489999,10000,8ca2da968b6788ab2efad270e5dd4515db1b96f44c8b864ece6a066126595369,e677626f7f2b32f4c354e798965af4ebccbc57b60c13186de23a2b97b8a4afeb
sample,sparse_crlf-49,423,1435655,489999,10000,8ca2da968b6788ab2efad270e5dd4515db1b96f44c8b864ece6a066126595369,e677626f7f2b32f4c354e798965af4ebccbc57b60c13186de23a2b97b8a4afeb
sample,sparse_crlf-49,424,1450825,489999,10000,8ca2da968b6788ab2efad270e5dd4515db1b96f44c8b864ece6a066126595369,e677626f7f2b32f4c354e798965af4ebccbc57b60c13186de23a2b97b8a4afeb
sample,sparse_crlf-49,425,1422236,489999,10000,8ca2da968b6788ab2efad270e5dd4515db1b96f44c8b864ece6a066126595369,e677626f7f2b32f4c354e798965af4ebccbc57b60c13186de23a2b97b8a4afeb
sample,sparse_crlf-49,426,1421575,489999,10000,8ca2da968b6788ab2efad270e5dd4515db1b96f44c8b864ece6a066126595369,e677626f7f2b32f4c354e798965af4ebccbc57b60c13186de23a2b97b8a4afeb
sample,sparse_crlf-49,427,1418575,489999,10000,8ca2da968b6788ab2efad270e5dd4515db1b96f44c8b864ece6a066126595369,e677626f7f2b32f4c354e798965af4ebccbc57b60c13186de23a2b97b8a4afeb
sample,sparse_crlf-49,428,1427335,489999,10000,8ca2da968b6788ab2efad270e5dd4515db1b96f44c8b864ece6a066126595369,e677626f7f2b32f4c354e798965af4ebccbc57b60c13186de23a2b97b8a4afeb
sample,sparse_crlf-49,429,1429896,489999,10000,8ca2da968b6788ab2efad270e5dd4515db1b96f44c8b864ece6a066126595369,e677626f7f2b32f4c354e798965af4ebccbc57b60c13186de23a2b97b8a4afeb
sample,sparse_crlf-49,430,1426595,489999,10000,8ca2da968b6788ab2efad270e5dd4515db1b96f44c8b864ece6a066126595369,e677626f7f2b32f4c354e798965af4ebccbc57b60c13186de23a2b97b8a4afeb
sample,sparse_crlf-49,431,1436685,489999,10000,8ca2da968b6788ab2efad270e5dd4515db1b96f44c8b864ece6a066126595369,e677626f7f2b32f4c354e798965af4ebccbc57b60c13186de23a2b97b8a4afeb
sample,sparse_crlf-49,432,1436506,489999,10000,8ca2da968b6788ab2efad270e5dd4515db1b96f44c8b864ece6a066126595369,e677626f7f2b32f4c354e798965af4ebccbc57b60c13186de23a2b97b8a4afeb
sample,sparse_crlf-49,433,1439995,489999,10000,8ca2da968b6788ab2efad270e5dd4515db1b96f44c8b864ece6a066126595369,e677626f7f2b32f4c354e798965af4ebccbc57b60c13186de23a2b97b8a4afeb
sample,sparse_crlf-49,434,1448385,489999,10000,8ca2da968b6788ab2efad270e5dd4515db1b96f44c8b864ece6a066126595369,e677626f7f2b32f4c354e798965af4ebccbc57b60c13186de23a2b97b8a4afeb
sample,sparse_crlf-49,435,1431776,489999,10000,8ca2da968b6788ab2efad270e5dd4515db1b96f44c8b864ece6a066126595369,e677626f7f2b32f4c354e798965af4ebccbc57b60c13186de23a2b97b8a4afeb
sample,sparse_crlf-49,436,1435985,489999,10000,8ca2da968b6788ab2efad270e5dd4515db1b96f44c8b864ece6a066126595369,e677626f7f2b32f4c354e798965af4ebccbc57b60c13186de23a2b97b8a4afeb
sample,sparse_crlf-49,437,1429625,489999,10000,8ca2da968b6788ab2efad270e5dd4515db1b96f44c8b864ece6a066126595369,e677626f7f2b32f4c354e798965af4ebccbc57b60c13186de23a2b97b8a4afeb
sample,sparse_crlf-49,438,1439906,489999,10000,8ca2da968b6788ab2efad270e5dd4515db1b96f44c8b864ece6a066126595369,e677626f7f2b32f4c354e798965af4ebccbc57b60c13186de23a2b97b8a4afeb
sample,sparse_crlf-49,439,1504445,489999,10000,8ca2da968b6788ab2efad270e5dd4515db1b96f44c8b864ece6a066126595369,e677626f7f2b32f4c354e798965af4ebccbc57b60c13186de23a2b97b8a4afeb
sample,sparse_crlf-49,440,1435715,489999,10000,8ca2da968b6788ab2efad270e5dd4515db1b96f44c8b864ece6a066126595369,e677626f7f2b32f4c354e798965af4ebccbc57b60c13186de23a2b97b8a4afeb
sample,sparse_crlf-49,441,1417636,489999,10000,8ca2da968b6788ab2efad270e5dd4515db1b96f44c8b864ece6a066126595369,e677626f7f2b32f4c354e798965af4ebccbc57b60c13186de23a2b97b8a4afeb
sample,sparse_crlf-49,442,1429695,489999,10000,8ca2da968b6788ab2efad270e5dd4515db1b96f44c8b864ece6a066126595369,e677626f7f2b32f4c354e798965af4ebccbc57b60c13186de23a2b97b8a4afeb
sample,sparse_crlf-49,443,1439555,489999,10000,8ca2da968b6788ab2efad270e5dd4515db1b96f44c8b864ece6a066126595369,e677626f7f2b32f4c354e798965af4ebccbc57b60c13186de23a2b97b8a4afeb
sample,sparse_crlf-49,444,1442416,489999,10000,8ca2da968b6788ab2efad270e5dd4515db1b96f44c8b864ece6a066126595369,e677626f7f2b32f4c354e798965af4ebccbc57b60c13186de23a2b97b8a4afeb
sample,sparse_crlf-49,445,1431025,489999,10000,8ca2da968b6788ab2efad270e5dd4515db1b96f44c8b864ece6a066126595369,e677626f7f2b32f4c354e798965af4ebccbc57b60c13186de23a2b97b8a4afeb
sample,sparse_crlf-49,446,1435505,489999,10000,8ca2da968b6788ab2efad270e5dd4515db1b96f44c8b864ece6a066126595369,e677626f7f2b32f4c354e798965af4ebccbc57b60c13186de23a2b97b8a4afeb
sample,sparse_crlf-49,447,1432416,489999,10000,8ca2da968b6788ab2efad270e5dd4515db1b96f44c8b864ece6a066126595369,e677626f7f2b32f4c354e798965af4ebccbc57b60c13186de23a2b97b8a4afeb
sample,sparse_crlf-49,448,1432835,489999,10000,8ca2da968b6788ab2efad270e5dd4515db1b96f44c8b864ece6a066126595369,e677626f7f2b32f4c354e798965af4ebccbc57b60c13186de23a2b97b8a4afeb
sample,sparse_crlf-49,449,1440155,489999,10000,8ca2da968b6788ab2efad270e5dd4515db1b96f44c8b864ece6a066126595369,e677626f7f2b32f4c354e798965af4ebccbc57b60c13186de23a2b97b8a4afeb
sample,sparse_crlf-49,450,1423765,489999,10000,8ca2da968b6788ab2efad270e5dd4515db1b96f44c8b864ece6a066126595369,e677626f7f2b32f4c354e798965af4ebccbc57b60c13186de23a2b97b8a4afeb
sample,sparse_crlf-49,451,1513995,489999,10000,8ca2da968b6788ab2efad270e5dd4515db1b96f44c8b864ece6a066126595369,e677626f7f2b32f4c354e798965af4ebccbc57b60c13186de23a2b97b8a4afeb
sample,sparse_crlf-49,452,1410865,489999,10000,8ca2da968b6788ab2efad270e5dd4515db1b96f44c8b864ece6a066126595369,e677626f7f2b32f4c354e798965af4ebccbc57b60c13186de23a2b97b8a4afeb
sample,sparse_crlf-49,453,1427036,489999,10000,8ca2da968b6788ab2efad270e5dd4515db1b96f44c8b864ece6a066126595369,e677626f7f2b32f4c354e798965af4ebccbc57b60c13186de23a2b97b8a4afeb
sample,sparse_crlf-49,454,1483865,489999,10000,8ca2da968b6788ab2efad270e5dd4515db1b96f44c8b864ece6a066126595369,e677626f7f2b32f4c354e798965af4ebccbc57b60c13186de23a2b97b8a4afeb
sample,sparse_crlf-49,455,1434725,489999,10000,8ca2da968b6788ab2efad270e5dd4515db1b96f44c8b864ece6a066126595369,e677626f7f2b32f4c354e798965af4ebccbc57b60c13186de23a2b97b8a4afeb
sample,sparse_crlf-49,456,1437916,489999,10000,8ca2da968b6788ab2efad270e5dd4515db1b96f44c8b864ece6a066126595369,e677626f7f2b32f4c354e798965af4ebccbc57b60c13186de23a2b97b8a4afeb
sample,sparse_crlf-49,457,1417195,489999,10000,8ca2da968b6788ab2efad270e5dd4515db1b96f44c8b864ece6a066126595369,e677626f7f2b32f4c354e798965af4ebccbc57b60c13186de23a2b97b8a4afeb
sample,sparse_crlf-49,458,1426475,489999,10000,8ca2da968b6788ab2efad270e5dd4515db1b96f44c8b864ece6a066126595369,e677626f7f2b32f4c354e798965af4ebccbc57b60c13186de23a2b97b8a4afeb
sample,sparse_crlf-49,459,1432096,489999,10000,8ca2da968b6788ab2efad270e5dd4515db1b96f44c8b864ece6a066126595369,e677626f7f2b32f4c354e798965af4ebccbc57b60c13186de23a2b97b8a4afeb
sample,sparse_crlf-49,460,1424735,489999,10000,8ca2da968b6788ab2efad270e5dd4515db1b96f44c8b864ece6a066126595369,e677626f7f2b32f4c354e798965af4ebccbc57b60c13186de23a2b97b8a4afeb
sample,sparse_crlf-49,461,1417285,489999,10000,8ca2da968b6788ab2efad270e5dd4515db1b96f44c8b864ece6a066126595369,e677626f7f2b32f4c354e798965af4ebccbc57b60c13186de23a2b97b8a4afeb
sample,sparse_crlf-49,462,1425155,489999,10000,8ca2da968b6788ab2efad270e5dd4515db1b96f44c8b864ece6a066126595369,e677626f7f2b32f4c354e798965af4ebccbc57b60c13186de23a2b97b8a4afeb
sample,sparse_crlf-49,463,1441086,489999,10000,8ca2da968b6788ab2efad270e5dd4515db1b96f44c8b864ece6a066126595369,e677626f7f2b32f4c354e798965af4ebccbc57b60c13186de23a2b97b8a4afeb
sample,sparse_crlf-49,464,1436435,489999,10000,8ca2da968b6788ab2efad270e5dd4515db1b96f44c8b864ece6a066126595369,e677626f7f2b32f4c354e798965af4ebccbc57b60c13186de23a2b97b8a4afeb
sample,sparse_crlf-49,465,1443695,489999,10000,8ca2da968b6788ab2efad270e5dd4515db1b96f44c8b864ece6a066126595369,e677626f7f2b32f4c354e798965af4ebccbc57b60c13186de23a2b97b8a4afeb
sample,sparse_crlf-49,466,1426756,489999,10000,8ca2da968b6788ab2efad270e5dd4515db1b96f44c8b864ece6a066126595369,e677626f7f2b32f4c354e798965af4ebccbc57b60c13186de23a2b97b8a4afeb
sample,sparse_crlf-49,467,1515355,489999,10000,8ca2da968b6788ab2efad270e5dd4515db1b96f44c8b864ece6a066126595369,e677626f7f2b32f4c354e798965af4ebccbc57b60c13186de23a2b97b8a4afeb
sample,sparse_crlf-49,468,1428756,489999,10000,8ca2da968b6788ab2efad270e5dd4515db1b96f44c8b864ece6a066126595369,e677626f7f2b32f4c354e798965af4ebccbc57b60c13186de23a2b97b8a4afeb
sample,sparse_crlf-49,469,1429805,489999,10000,8ca2da968b6788ab2efad270e5dd4515db1b96f44c8b864ece6a066126595369,e677626f7f2b32f4c354e798965af4ebccbc57b60c13186de23a2b97b8a4afeb
sample,sparse_crlf-49,470,1447115,489999,10000,8ca2da968b6788ab2efad270e5dd4515db1b96f44c8b864ece6a066126595369,e677626f7f2b32f4c354e798965af4ebccbc57b60c13186de23a2b97b8a4afeb
sample,sparse_crlf-49,471,1427546,489999,10000,8ca2da968b6788ab2efad270e5dd4515db1b96f44c8b864ece6a066126595369,e677626f7f2b32f4c354e798965af4ebccbc57b60c13186de23a2b97b8a4afeb
sample,sparse_crlf-49,472,1426805,489999,10000,8ca2da968b6788ab2efad270e5dd4515db1b96f44c8b864ece6a066126595369,e677626f7f2b32f4c354e798965af4ebccbc57b60c13186de23a2b97b8a4afeb
sample,sparse_crlf-49,473,1413605,489999,10000,8ca2da968b6788ab2efad270e5dd4515db1b96f44c8b864ece6a066126595369,e677626f7f2b32f4c354e798965af4ebccbc57b60c13186de23a2b97b8a4afeb
sample,sparse_crlf-49,474,1413985,489999,10000,8ca2da968b6788ab2efad270e5dd4515db1b96f44c8b864ece6a066126595369,e677626f7f2b32f4c354e798965af4ebccbc57b60c13186de23a2b97b8a4afeb
sample,sparse_crlf-49,475,1427386,489999,10000,8ca2da968b6788ab2efad270e5dd4515db1b96f44c8b864ece6a066126595369,e677626f7f2b32f4c354e798965af4ebccbc57b60c13186de23a2b97b8a4afeb
sample,sparse_crlf-49,476,1443135,489999,10000,8ca2da968b6788ab2efad270e5dd4515db1b96f44c8b864ece6a066126595369,e677626f7f2b32f4c354e798965af4ebccbc57b60c13186de23a2b97b8a4afeb
sample,sparse_crlf-49,477,1422815,489999,10000,8ca2da968b6788ab2efad270e5dd4515db1b96f44c8b864ece6a066126595369,e677626f7f2b32f4c354e798965af4ebccbc57b60c13186de23a2b97b8a4afeb
sample,sparse_crlf-49,478,1427805,489999,10000,8ca2da968b6788ab2efad270e5dd4515db1b96f44c8b864ece6a066126595369,e677626f7f2b32f4c354e798965af4ebccbc57b60c13186de23a2b97b8a4afeb
sample,sparse_crlf-49,479,1436966,489999,10000,8ca2da968b6788ab2efad270e5dd4515db1b96f44c8b864ece6a066126595369,e677626f7f2b32f4c354e798965af4ebccbc57b60c13186de23a2b97b8a4afeb
sample,sparse_crlf-49,480,1417385,489999,10000,8ca2da968b6788ab2efad270e5dd4515db1b96f44c8b864ece6a066126595369,e677626f7f2b32f4c354e798965af4ebccbc57b60c13186de23a2b97b8a4afeb
sample,sparse_crlf-49,481,1508276,489999,10000,8ca2da968b6788ab2efad270e5dd4515db1b96f44c8b864ece6a066126595369,e677626f7f2b32f4c354e798965af4ebccbc57b60c13186de23a2b97b8a4afeb
sample,sparse_crlf-49,482,1418825,489999,10000,8ca2da968b6788ab2efad270e5dd4515db1b96f44c8b864ece6a066126595369,e677626f7f2b32f4c354e798965af4ebccbc57b60c13186de23a2b97b8a4afeb
sample,sparse_crlf-49,483,1433035,489999,10000,8ca2da968b6788ab2efad270e5dd4515db1b96f44c8b864ece6a066126595369,e677626f7f2b32f4c354e798965af4ebccbc57b60c13186de23a2b97b8a4afeb
sample,sparse_crlf-49,484,1424275,489999,10000,8ca2da968b6788ab2efad270e5dd4515db1b96f44c8b864ece6a066126595369,e677626f7f2b32f4c354e798965af4ebccbc57b60c13186de23a2b97b8a4afeb
sample,sparse_crlf-49,485,1423556,489999,10000,8ca2da968b6788ab2efad270e5dd4515db1b96f44c8b864ece6a066126595369,e677626f7f2b32f4c354e798965af4ebccbc57b60c13186de23a2b97b8a4afeb
sample,sparse_crlf-49,486,1419305,489999,10000,8ca2da968b6788ab2efad270e5dd4515db1b96f44c8b864ece6a066126595369,e677626f7f2b32f4c354e798965af4ebccbc57b60c13186de23a2b97b8a4afeb
sample,sparse_crlf-49,487,1425715,489999,10000,8ca2da968b6788ab2efad270e5dd4515db1b96f44c8b864ece6a066126595369,e677626f7f2b32f4c354e798965af4ebccbc57b60c13186de23a2b97b8a4afeb
sample,sparse_crlf-49,488,1434656,489999,10000,8ca2da968b6788ab2efad270e5dd4515db1b96f44c8b864ece6a066126595369,e677626f7f2b32f4c354e798965af4ebccbc57b60c13186de23a2b97b8a4afeb
sample,sparse_crlf-49,489,1436515,489999,10000,8ca2da968b6788ab2efad270e5dd4515db1b96f44c8b864ece6a066126595369,e677626f7f2b32f4c354e798965af4ebccbc57b60c13186de23a2b97b8a4afeb
sample,sparse_crlf-49,490,1423395,489999,10000,8ca2da968b6788ab2efad270e5dd4515db1b96f44c8b864ece6a066126595369,e677626f7f2b32f4c354e798965af4ebccbc57b60c13186de23a2b97b8a4afeb
sample,sparse_crlf-49,491,1427365,489999,10000,8ca2da968b6788ab2efad270e5dd4515db1b96f44c8b864ece6a066126595369,e677626f7f2b32f4c354e798965af4ebccbc57b60c13186de23a2b97b8a4afeb
sample,sparse_crlf-49,492,1433356,489999,10000,8ca2da968b6788ab2efad270e5dd4515db1b96f44c8b864ece6a066126595369,e677626f7f2b32f4c354e798965af4ebccbc57b60c13186de23a2b97b8a4afeb
sample,sparse_crlf-49,493,1434325,489999,10000,8ca2da968b6788ab2efad270e5dd4515db1b96f44c8b864ece6a066126595369,e677626f7f2b32f4c354e798965af4ebccbc57b60c13186de23a2b97b8a4afeb
sample,sparse_crlf-49,494,1428155,489999,10000,8ca2da968b6788ab2efad270e5dd4515db1b96f44c8b864ece6a066126595369,e677626f7f2b32f4c354e798965af4ebccbc57b60c13186de23a2b97b8a4afeb
sample,sparse_crlf-49,495,1435016,489999,10000,8ca2da968b6788ab2efad270e5dd4515db1b96f44c8b864ece6a066126595369,e677626f7f2b32f4c354e798965af4ebccbc57b60c13186de23a2b97b8a4afeb
sample,sparse_crlf-49,496,1444155,489999,10000,8ca2da968b6788ab2efad270e5dd4515db1b96f44c8b864ece6a066126595369,e677626f7f2b32f4c354e798965af4ebccbc57b60c13186de23a2b97b8a4afeb
sample,sparse_crlf-49,497,1513116,489999,10000,8ca2da968b6788ab2efad270e5dd4515db1b96f44c8b864ece6a066126595369,e677626f7f2b32f4c354e798965af4ebccbc57b60c13186de23a2b97b8a4afeb
sample,sparse_crlf-49,498,1420865,489999,10000,8ca2da968b6788ab2efad270e5dd4515db1b96f44c8b864ece6a066126595369,e677626f7f2b32f4c354e798965af4ebccbc57b60c13186de23a2b97b8a4afeb
sample,sparse_crlf-49,499,1428935,489999,10000,8ca2da968b6788ab2efad270e5dd4515db1b96f44c8b864ece6a066126595369,e677626f7f2b32f4c354e798965af4ebccbc57b60c13186de23a2b97b8a4afeb
sample,dense_crlf-1024,0,1681997,256499,500,3ad915702f8927321f50e4db42a4d0b3acc0b7d7299945a087ea3b68db3db73e,887ca114a3e64d1f43d437b0cb11becab0d597f02a01acc91bea07a62bf786b9
sample,dense_crlf-1024,1,1674926,256499,500,3ad915702f8927321f50e4db42a4d0b3acc0b7d7299945a087ea3b68db3db73e,887ca114a3e64d1f43d437b0cb11becab0d597f02a01acc91bea07a62bf786b9
sample,dense_crlf-1024,2,1667186,256499,500,3ad915702f8927321f50e4db42a4d0b3acc0b7d7299945a087ea3b68db3db73e,887ca114a3e64d1f43d437b0cb11becab0d597f02a01acc91bea07a62bf786b9
sample,dense_crlf-1024,3,1705606,256499,500,3ad915702f8927321f50e4db42a4d0b3acc0b7d7299945a087ea3b68db3db73e,887ca114a3e64d1f43d437b0cb11becab0d597f02a01acc91bea07a62bf786b9
sample,dense_crlf-1024,4,1674917,256499,500,3ad915702f8927321f50e4db42a4d0b3acc0b7d7299945a087ea3b68db3db73e,887ca114a3e64d1f43d437b0cb11becab0d597f02a01acc91bea07a62bf786b9
sample,dense_crlf-1024,5,1669566,256499,500,3ad915702f8927321f50e4db42a4d0b3acc0b7d7299945a087ea3b68db3db73e,887ca114a3e64d1f43d437b0cb11becab0d597f02a01acc91bea07a62bf786b9
sample,dense_crlf-1024,6,1677456,256499,500,3ad915702f8927321f50e4db42a4d0b3acc0b7d7299945a087ea3b68db3db73e,887ca114a3e64d1f43d437b0cb11becab0d597f02a01acc91bea07a62bf786b9
sample,dense_crlf-1024,7,1679246,256499,500,3ad915702f8927321f50e4db42a4d0b3acc0b7d7299945a087ea3b68db3db73e,887ca114a3e64d1f43d437b0cb11becab0d597f02a01acc91bea07a62bf786b9
sample,dense_crlf-1024,8,1679076,256499,500,3ad915702f8927321f50e4db42a4d0b3acc0b7d7299945a087ea3b68db3db73e,887ca114a3e64d1f43d437b0cb11becab0d597f02a01acc91bea07a62bf786b9
sample,dense_crlf-1024,9,1667156,256499,500,3ad915702f8927321f50e4db42a4d0b3acc0b7d7299945a087ea3b68db3db73e,887ca114a3e64d1f43d437b0cb11becab0d597f02a01acc91bea07a62bf786b9
sample,dense_crlf-1024,10,1680456,256499,500,3ad915702f8927321f50e4db42a4d0b3acc0b7d7299945a087ea3b68db3db73e,887ca114a3e64d1f43d437b0cb11becab0d597f02a01acc91bea07a62bf786b9
sample,dense_crlf-1024,11,1676746,256499,500,3ad915702f8927321f50e4db42a4d0b3acc0b7d7299945a087ea3b68db3db73e,887ca114a3e64d1f43d437b0cb11becab0d597f02a01acc91bea07a62bf786b9
sample,dense_crlf-1024,12,1673656,256499,500,3ad915702f8927321f50e4db42a4d0b3acc0b7d7299945a087ea3b68db3db73e,887ca114a3e64d1f43d437b0cb11becab0d597f02a01acc91bea07a62bf786b9
sample,dense_crlf-1024,13,1674636,256499,500,3ad915702f8927321f50e4db42a4d0b3acc0b7d7299945a087ea3b68db3db73e,887ca114a3e64d1f43d437b0cb11becab0d597f02a01acc91bea07a62bf786b9
sample,dense_crlf-1024,14,1676226,256499,500,3ad915702f8927321f50e4db42a4d0b3acc0b7d7299945a087ea3b68db3db73e,887ca114a3e64d1f43d437b0cb11becab0d597f02a01acc91bea07a62bf786b9
sample,dense_crlf-1024,15,1669786,256499,500,3ad915702f8927321f50e4db42a4d0b3acc0b7d7299945a087ea3b68db3db73e,887ca114a3e64d1f43d437b0cb11becab0d597f02a01acc91bea07a62bf786b9
sample,dense_crlf-1024,16,1678276,256499,500,3ad915702f8927321f50e4db42a4d0b3acc0b7d7299945a087ea3b68db3db73e,887ca114a3e64d1f43d437b0cb11becab0d597f02a01acc91bea07a62bf786b9
sample,dense_crlf-1024,17,1678656,256499,500,3ad915702f8927321f50e4db42a4d0b3acc0b7d7299945a087ea3b68db3db73e,887ca114a3e64d1f43d437b0cb11becab0d597f02a01acc91bea07a62bf786b9
sample,dense_crlf-1024,18,1668586,256499,500,3ad915702f8927321f50e4db42a4d0b3acc0b7d7299945a087ea3b68db3db73e,887ca114a3e64d1f43d437b0cb11becab0d597f02a01acc91bea07a62bf786b9
sample,dense_crlf-1024,19,1678277,256499,500,3ad915702f8927321f50e4db42a4d0b3acc0b7d7299945a087ea3b68db3db73e,887ca114a3e64d1f43d437b0cb11becab0d597f02a01acc91bea07a62bf786b9
sample,dense_crlf-1024,20,1673736,256499,500,3ad915702f8927321f50e4db42a4d0b3acc0b7d7299945a087ea3b68db3db73e,887ca114a3e64d1f43d437b0cb11becab0d597f02a01acc91bea07a62bf786b9
sample,dense_crlf-1024,21,1666696,256499,500,3ad915702f8927321f50e4db42a4d0b3acc0b7d7299945a087ea3b68db3db73e,887ca114a3e64d1f43d437b0cb11becab0d597f02a01acc91bea07a62bf786b9
sample,dense_crlf-1024,22,1675416,256499,500,3ad915702f8927321f50e4db42a4d0b3acc0b7d7299945a087ea3b68db3db73e,887ca114a3e64d1f43d437b0cb11becab0d597f02a01acc91bea07a62bf786b9
sample,dense_crlf-1024,23,1673526,256499,500,3ad915702f8927321f50e4db42a4d0b3acc0b7d7299945a087ea3b68db3db73e,887ca114a3e64d1f43d437b0cb11becab0d597f02a01acc91bea07a62bf786b9
sample,dense_crlf-1024,24,1671997,256499,500,3ad915702f8927321f50e4db42a4d0b3acc0b7d7299945a087ea3b68db3db73e,887ca114a3e64d1f43d437b0cb11becab0d597f02a01acc91bea07a62bf786b9
sample,dense_crlf-1024,25,1674946,256499,500,3ad915702f8927321f50e4db42a4d0b3acc0b7d7299945a087ea3b68db3db73e,887ca114a3e64d1f43d437b0cb11becab0d597f02a01acc91bea07a62bf786b9
sample,dense_crlf-1024,26,1674186,256499,500,3ad915702f8927321f50e4db42a4d0b3acc0b7d7299945a087ea3b68db3db73e,887ca114a3e64d1f43d437b0cb11becab0d597f02a01acc91bea07a62bf786b9
sample,dense_crlf-1024,27,1669786,256499,500,3ad915702f8927321f50e4db42a4d0b3acc0b7d7299945a087ea3b68db3db73e,887ca114a3e64d1f43d437b0cb11becab0d597f02a01acc91bea07a62bf786b9
sample,dense_crlf-1024,28,1673206,256499,500,3ad915702f8927321f50e4db42a4d0b3acc0b7d7299945a087ea3b68db3db73e,887ca114a3e64d1f43d437b0cb11becab0d597f02a01acc91bea07a62bf786b9
sample,dense_crlf-1024,29,1673937,256499,500,3ad915702f8927321f50e4db42a4d0b3acc0b7d7299945a087ea3b68db3db73e,887ca114a3e64d1f43d437b0cb11becab0d597f02a01acc91bea07a62bf786b9
sample,dense_crlf-1024,30,1667956,256499,500,3ad915702f8927321f50e4db42a4d0b3acc0b7d7299945a087ea3b68db3db73e,887ca114a3e64d1f43d437b0cb11becab0d597f02a01acc91bea07a62bf786b9
sample,dense_crlf-1024,31,1676336,256499,500,3ad915702f8927321f50e4db42a4d0b3acc0b7d7299945a087ea3b68db3db73e,887ca114a3e64d1f43d437b0cb11becab0d597f02a01acc91bea07a62bf786b9
sample,dense_crlf-1024,32,1675766,256499,500,3ad915702f8927321f50e4db42a4d0b3acc0b7d7299945a087ea3b68db3db73e,887ca114a3e64d1f43d437b0cb11becab0d597f02a01acc91bea07a62bf786b9
sample,dense_crlf-1024,33,1667516,256499,500,3ad915702f8927321f50e4db42a4d0b3acc0b7d7299945a087ea3b68db3db73e,887ca114a3e64d1f43d437b0cb11becab0d597f02a01acc91bea07a62bf786b9
sample,dense_crlf-1024,34,1677467,256499,500,3ad915702f8927321f50e4db42a4d0b3acc0b7d7299945a087ea3b68db3db73e,887ca114a3e64d1f43d437b0cb11becab0d597f02a01acc91bea07a62bf786b9
sample,dense_crlf-1024,35,1675686,256499,500,3ad915702f8927321f50e4db42a4d0b3acc0b7d7299945a087ea3b68db3db73e,887ca114a3e64d1f43d437b0cb11becab0d597f02a01acc91bea07a62bf786b9
sample,dense_crlf-1024,36,1675356,256499,500,3ad915702f8927321f50e4db42a4d0b3acc0b7d7299945a087ea3b68db3db73e,887ca114a3e64d1f43d437b0cb11becab0d597f02a01acc91bea07a62bf786b9
sample,dense_crlf-1024,37,1679296,256499,500,3ad915702f8927321f50e4db42a4d0b3acc0b7d7299945a087ea3b68db3db73e,887ca114a3e64d1f43d437b0cb11becab0d597f02a01acc91bea07a62bf786b9
sample,dense_crlf-1024,38,1685396,256499,500,3ad915702f8927321f50e4db42a4d0b3acc0b7d7299945a087ea3b68db3db73e,887ca114a3e64d1f43d437b0cb11becab0d597f02a01acc91bea07a62bf786b9
sample,dense_crlf-1024,39,1683487,256499,500,3ad915702f8927321f50e4db42a4d0b3acc0b7d7299945a087ea3b68db3db73e,887ca114a3e64d1f43d437b0cb11becab0d597f02a01acc91bea07a62bf786b9
sample,dense_crlf-1024,40,1670186,256499,500,3ad915702f8927321f50e4db42a4d0b3acc0b7d7299945a087ea3b68db3db73e,887ca114a3e64d1f43d437b0cb11becab0d597f02a01acc91bea07a62bf786b9
sample,dense_crlf-1024,41,1677676,256499,500,3ad915702f8927321f50e4db42a4d0b3acc0b7d7299945a087ea3b68db3db73e,887ca114a3e64d1f43d437b0cb11becab0d597f02a01acc91bea07a62bf786b9
sample,dense_crlf-1024,42,1674006,256499,500,3ad915702f8927321f50e4db42a4d0b3acc0b7d7299945a087ea3b68db3db73e,887ca114a3e64d1f43d437b0cb11becab0d597f02a01acc91bea07a62bf786b9
sample,dense_crlf-1024,43,1673736,256499,500,3ad915702f8927321f50e4db42a4d0b3acc0b7d7299945a087ea3b68db3db73e,887ca114a3e64d1f43d437b0cb11becab0d597f02a01acc91bea07a62bf786b9
sample,dense_crlf-1024,44,1675197,256499,500,3ad915702f8927321f50e4db42a4d0b3acc0b7d7299945a087ea3b68db3db73e,887ca114a3e64d1f43d437b0cb11becab0d597f02a01acc91bea07a62bf786b9
sample,dense_crlf-1024,45,1673216,256499,500,3ad915702f8927321f50e4db42a4d0b3acc0b7d7299945a087ea3b68db3db73e,887ca114a3e64d1f43d437b0cb11becab0d597f02a01acc91bea07a62bf786b9
sample,dense_crlf-1024,46,1669956,256499,500,3ad915702f8927321f50e4db42a4d0b3acc0b7d7299945a087ea3b68db3db73e,887ca114a3e64d1f43d437b0cb11becab0d597f02a01acc91bea07a62bf786b9
sample,dense_crlf-1024,47,1676336,256499,500,3ad915702f8927321f50e4db42a4d0b3acc0b7d7299945a087ea3b68db3db73e,887ca114a3e64d1f43d437b0cb11becab0d597f02a01acc91bea07a62bf786b9
sample,dense_crlf-1024,48,1677086,256499,500,3ad915702f8927321f50e4db42a4d0b3acc0b7d7299945a087ea3b68db3db73e,887ca114a3e64d1f43d437b0cb11becab0d597f02a01acc91bea07a62bf786b9
sample,dense_crlf-1024,49,1668857,256499,500,3ad915702f8927321f50e4db42a4d0b3acc0b7d7299945a087ea3b68db3db73e,887ca114a3e64d1f43d437b0cb11becab0d597f02a01acc91bea07a62bf786b9
sample,dense_crlf-1024,50,1676476,256499,500,3ad915702f8927321f50e4db42a4d0b3acc0b7d7299945a087ea3b68db3db73e,887ca114a3e64d1f43d437b0cb11becab0d597f02a01acc91bea07a62bf786b9
sample,dense_crlf-1024,51,1673766,256499,500,3ad915702f8927321f50e4db42a4d0b3acc0b7d7299945a087ea3b68db3db73e,887ca114a3e64d1f43d437b0cb11becab0d597f02a01acc91bea07a62bf786b9
sample,dense_crlf-1024,52,1668366,256499,500,3ad915702f8927321f50e4db42a4d0b3acc0b7d7299945a087ea3b68db3db73e,887ca114a3e64d1f43d437b0cb11becab0d597f02a01acc91bea07a62bf786b9
sample,dense_crlf-1024,53,1679626,256499,500,3ad915702f8927321f50e4db42a4d0b3acc0b7d7299945a087ea3b68db3db73e,887ca114a3e64d1f43d437b0cb11becab0d597f02a01acc91bea07a62bf786b9
sample,dense_crlf-1024,54,1677967,256499,500,3ad915702f8927321f50e4db42a4d0b3acc0b7d7299945a087ea3b68db3db73e,887ca114a3e64d1f43d437b0cb11becab0d597f02a01acc91bea07a62bf786b9
sample,dense_crlf-1024,55,1670826,256499,500,3ad915702f8927321f50e4db42a4d0b3acc0b7d7299945a087ea3b68db3db73e,887ca114a3e64d1f43d437b0cb11becab0d597f02a01acc91bea07a62bf786b9
sample,dense_crlf-1024,56,1683776,256499,500,3ad915702f8927321f50e4db42a4d0b3acc0b7d7299945a087ea3b68db3db73e,887ca114a3e64d1f43d437b0cb11becab0d597f02a01acc91bea07a62bf786b9
sample,dense_crlf-1024,57,1674456,256499,500,3ad915702f8927321f50e4db42a4d0b3acc0b7d7299945a087ea3b68db3db73e,887ca114a3e64d1f43d437b0cb11becab0d597f02a01acc91bea07a62bf786b9
sample,dense_crlf-1024,58,1672816,256499,500,3ad915702f8927321f50e4db42a4d0b3acc0b7d7299945a087ea3b68db3db73e,887ca114a3e64d1f43d437b0cb11becab0d597f02a01acc91bea07a62bf786b9
sample,dense_crlf-1024,59,1679977,256499,500,3ad915702f8927321f50e4db42a4d0b3acc0b7d7299945a087ea3b68db3db73e,887ca114a3e64d1f43d437b0cb11becab0d597f02a01acc91bea07a62bf786b9
sample,dense_crlf-1024,60,1677966,256499,500,3ad915702f8927321f50e4db42a4d0b3acc0b7d7299945a087ea3b68db3db73e,887ca114a3e64d1f43d437b0cb11becab0d597f02a01acc91bea07a62bf786b9
sample,dense_crlf-1024,61,1670936,256499,500,3ad915702f8927321f50e4db42a4d0b3acc0b7d7299945a087ea3b68db3db73e,887ca114a3e64d1f43d437b0cb11becab0d597f02a01acc91bea07a62bf786b9
sample,dense_crlf-1024,62,1674016,256499,500,3ad915702f8927321f50e4db42a4d0b3acc0b7d7299945a087ea3b68db3db73e,887ca114a3e64d1f43d437b0cb11becab0d597f02a01acc91bea07a62bf786b9
sample,dense_crlf-1024,63,1674956,256499,500,3ad915702f8927321f50e4db42a4d0b3acc0b7d7299945a087ea3b68db3db73e,887ca114a3e64d1f43d437b0cb11becab0d597f02a01acc91bea07a62bf786b9
sample,dense_crlf-1024,64,1668597,256499,500,3ad915702f8927321f50e4db42a4d0b3acc0b7d7299945a087ea3b68db3db73e,887ca114a3e64d1f43d437b0cb11becab0d597f02a01acc91bea07a62bf786b9
sample,dense_crlf-1024,65,1677906,256499,500,3ad915702f8927321f50e4db42a4d0b3acc0b7d7299945a087ea3b68db3db73e,887ca114a3e64d1f43d437b0cb11becab0d597f02a01acc91bea07a62bf786b9
sample,dense_crlf-1024,66,1678976,256499,500,3ad915702f8927321f50e4db42a4d0b3acc0b7d7299945a087ea3b68db3db73e,887ca114a3e64d1f43d437b0cb11becab0d597f02a01acc91bea07a62bf786b9
sample,dense_crlf-1024,67,1679156,256499,500,3ad915702f8927321f50e4db42a4d0b3acc0b7d7299945a087ea3b68db3db73e,887ca114a3e64d1f43d437b0cb11becab0d597f02a01acc91bea07a62bf786b9
sample,dense_crlf-1024,68,1671986,256499,500,3ad915702f8927321f50e4db42a4d0b3acc0b7d7299945a087ea3b68db3db73e,887ca114a3e64d1f43d437b0cb11becab0d597f02a01acc91bea07a62bf786b9
sample,dense_crlf-1024,69,1673037,256499,500,3ad915702f8927321f50e4db42a4d0b3acc0b7d7299945a087ea3b68db3db73e,887ca114a3e64d1f43d437b0cb11becab0d597f02a01acc91bea07a62bf786b9
sample,dense_crlf-1024,70,1676556,256499,500,3ad915702f8927321f50e4db42a4d0b3acc0b7d7299945a087ea3b68db3db73e,887ca114a3e64d1f43d437b0cb11becab0d597f02a01acc91bea07a62bf786b9
sample,dense_crlf-1024,71,1666366,256499,500,3ad915702f8927321f50e4db42a4d0b3acc0b7d7299945a087ea3b68db3db73e,887ca114a3e64d1f43d437b0cb11becab0d597f02a01acc91bea07a62bf786b9
sample,dense_crlf-1024,72,1678796,256499,500,3ad915702f8927321f50e4db42a4d0b3acc0b7d7299945a087ea3b68db3db73e,887ca114a3e64d1f43d437b0cb11becab0d597f02a01acc91bea07a62bf786b9
sample,dense_crlf-1024,73,1672836,256499,500,3ad915702f8927321f50e4db42a4d0b3acc0b7d7299945a087ea3b68db3db73e,887ca114a3e64d1f43d437b0cb11becab0d597f02a01acc91bea07a62bf786b9
sample,dense_crlf-1024,74,1673557,256499,500,3ad915702f8927321f50e4db42a4d0b3acc0b7d7299945a087ea3b68db3db73e,887ca114a3e64d1f43d437b0cb11becab0d597f02a01acc91bea07a62bf786b9
sample,dense_crlf-1024,75,1674096,256499,500,3ad915702f8927321f50e4db42a4d0b3acc0b7d7299945a087ea3b68db3db73e,887ca114a3e64d1f43d437b0cb11becab0d597f02a01acc91bea07a62bf786b9
sample,dense_crlf-1024,76,1672346,256499,500,3ad915702f8927321f50e4db42a4d0b3acc0b7d7299945a087ea3b68db3db73e,887ca114a3e64d1f43d437b0cb11becab0d597f02a01acc91bea07a62bf786b9
sample,dense_crlf-1024,77,1670436,256499,500,3ad915702f8927321f50e4db42a4d0b3acc0b7d7299945a087ea3b68db3db73e,887ca114a3e64d1f43d437b0cb11becab0d597f02a01acc91bea07a62bf786b9
sample,dense_crlf-1024,78,1673616,256499,500,3ad915702f8927321f50e4db42a4d0b3acc0b7d7299945a087ea3b68db3db73e,887ca114a3e64d1f43d437b0cb11becab0d597f02a01acc91bea07a62bf786b9
sample,dense_crlf-1024,79,1673577,256499,500,3ad915702f8927321f50e4db42a4d0b3acc0b7d7299945a087ea3b68db3db73e,887ca114a3e64d1f43d437b0cb11becab0d597f02a01acc91bea07a62bf786b9
sample,dense_crlf-1024,80,1666246,256499,500,3ad915702f8927321f50e4db42a4d0b3acc0b7d7299945a087ea3b68db3db73e,887ca114a3e64d1f43d437b0cb11becab0d597f02a01acc91bea07a62bf786b9
sample,dense_crlf-1024,81,1673386,256499,500,3ad915702f8927321f50e4db42a4d0b3acc0b7d7299945a087ea3b68db3db73e,887ca114a3e64d1f43d437b0cb11becab0d597f02a01acc91bea07a62bf786b9
sample,dense_crlf-1024,82,1672906,256499,500,3ad915702f8927321f50e4db42a4d0b3acc0b7d7299945a087ea3b68db3db73e,887ca114a3e64d1f43d437b0cb11becab0d597f02a01acc91bea07a62bf786b9
sample,dense_crlf-1024,83,1664296,256499,500,3ad915702f8927321f50e4db42a4d0b3acc0b7d7299945a087ea3b68db3db73e,887ca114a3e64d1f43d437b0cb11becab0d597f02a01acc91bea07a62bf786b9
sample,dense_crlf-1024,84,1674006,256499,500,3ad915702f8927321f50e4db42a4d0b3acc0b7d7299945a087ea3b68db3db73e,887ca114a3e64d1f43d437b0cb11becab0d597f02a01acc91bea07a62bf786b9
sample,dense_crlf-1024,85,1669017,256499,500,3ad915702f8927321f50e4db42a4d0b3acc0b7d7299945a087ea3b68db3db73e,887ca114a3e64d1f43d437b0cb11becab0d597f02a01acc91bea07a62bf786b9
sample,dense_crlf-1024,86,1669576,256499,500,3ad915702f8927321f50e4db42a4d0b3acc0b7d7299945a087ea3b68db3db73e,887ca114a3e64d1f43d437b0cb11becab0d597f02a01acc91bea07a62bf786b9
sample,dense_crlf-1024,87,1675826,256499,500,3ad915702f8927321f50e4db42a4d0b3acc0b7d7299945a087ea3b68db3db73e,887ca114a3e64d1f43d437b0cb11becab0d597f02a01acc91bea07a62bf786b9
sample,dense_crlf-1024,88,1670536,256499,500,3ad915702f8927321f50e4db42a4d0b3acc0b7d7299945a087ea3b68db3db73e,887ca114a3e64d1f43d437b0cb11becab0d597f02a01acc91bea07a62bf786b9
sample,dense_crlf-1024,89,1668596,256499,500,3ad915702f8927321f50e4db42a4d0b3acc0b7d7299945a087ea3b68db3db73e,887ca114a3e64d1f43d437b0cb11becab0d597f02a01acc91bea07a62bf786b9
sample,dense_crlf-1024,90,1671927,256499,500,3ad915702f8927321f50e4db42a4d0b3acc0b7d7299945a087ea3b68db3db73e,887ca114a3e64d1f43d437b0cb11becab0d597f02a01acc91bea07a62bf786b9
sample,dense_crlf-1024,91,1679416,256499,500,3ad915702f8927321f50e4db42a4d0b3acc0b7d7299945a087ea3b68db3db73e,887ca114a3e64d1f43d437b0cb11becab0d597f02a01acc91bea07a62bf786b9
sample,dense_crlf-1024,92,1664906,256499,500,3ad915702f8927321f50e4db42a4d0b3acc0b7d7299945a087ea3b68db3db73e,887ca114a3e64d1f43d437b0cb11becab0d597f02a01acc91bea07a62bf786b9
sample,dense_crlf-1024,93,1674596,256499,500,3ad915702f8927321f50e4db42a4d0b3acc0b7d7299945a087ea3b68db3db73e,887ca114a3e64d1f43d437b0cb11becab0d597f02a01acc91bea07a62bf786b9
sample,dense_crlf-1024,94,1671606,256499,500,3ad915702f8927321f50e4db42a4d0b3acc0b7d7299945a087ea3b68db3db73e,887ca114a3e64d1f43d437b0cb11becab0d597f02a01acc91bea07a62bf786b9
sample,dense_crlf-1024,95,1665316,256499,500,3ad915702f8927321f50e4db42a4d0b3acc0b7d7299945a087ea3b68db3db73e,887ca114a3e64d1f43d437b0cb11becab0d597f02a01acc91bea07a62bf786b9
sample,dense_crlf-1024,96,1674027,256499,500,3ad915702f8927321f50e4db42a4d0b3acc0b7d7299945a087ea3b68db3db73e,887ca114a3e64d1f43d437b0cb11becab0d597f02a01acc91bea07a62bf786b9
sample,dense_crlf-1024,97,1673766,256499,500,3ad915702f8927321f50e4db42a4d0b3acc0b7d7299945a087ea3b68db3db73e,887ca114a3e64d1f43d437b0cb11becab0d597f02a01acc91bea07a62bf786b9
sample,dense_crlf-1024,98,1668876,256499,500,3ad915702f8927321f50e4db42a4d0b3acc0b7d7299945a087ea3b68db3db73e,887ca114a3e64d1f43d437b0cb11becab0d597f02a01acc91bea07a62bf786b9
sample,dense_crlf-1024,99,1671966,256499,500,3ad915702f8927321f50e4db42a4d0b3acc0b7d7299945a087ea3b68db3db73e,887ca114a3e64d1f43d437b0cb11becab0d597f02a01acc91bea07a62bf786b9
sample,dense_crlf-1024,100,1672886,256499,500,3ad915702f8927321f50e4db42a4d0b3acc0b7d7299945a087ea3b68db3db73e,887ca114a3e64d1f43d437b0cb11becab0d597f02a01acc91bea07a62bf786b9
sample,dense_crlf-1024,101,1670877,256499,500,3ad915702f8927321f50e4db42a4d0b3acc0b7d7299945a087ea3b68db3db73e,887ca114a3e64d1f43d437b0cb11becab0d597f02a01acc91bea07a62bf786b9
sample,dense_crlf-1024,102,1671536,256499,500,3ad915702f8927321f50e4db42a4d0b3acc0b7d7299945a087ea3b68db3db73e,887ca114a3e64d1f43d437b0cb11becab0d597f02a01acc91bea07a62bf786b9
sample,dense_crlf-1024,103,1685386,256499,500,3ad915702f8927321f50e4db42a4d0b3acc0b7d7299945a087ea3b68db3db73e,887ca114a3e64d1f43d437b0cb11becab0d597f02a01acc91bea07a62bf786b9
sample,dense_crlf-1024,104,1668156,256499,500,3ad915702f8927321f50e4db42a4d0b3acc0b7d7299945a087ea3b68db3db73e,887ca114a3e64d1f43d437b0cb11becab0d597f02a01acc91bea07a62bf786b9
sample,dense_crlf-1024,105,1674956,256499,500,3ad915702f8927321f50e4db42a4d0b3acc0b7d7299945a087ea3b68db3db73e,887ca114a3e64d1f43d437b0cb11becab0d597f02a01acc91bea07a62bf786b9
sample,dense_crlf-1024,106,1673217,256499,500,3ad915702f8927321f50e4db42a4d0b3acc0b7d7299945a087ea3b68db3db73e,887ca114a3e64d1f43d437b0cb11becab0d597f02a01acc91bea07a62bf786b9
sample,dense_crlf-1024,107,1671736,256499,500,3ad915702f8927321f50e4db42a4d0b3acc0b7d7299945a087ea3b68db3db73e,887ca114a3e64d1f43d437b0cb11becab0d597f02a01acc91bea07a62bf786b9
sample,dense_crlf-1024,108,1670166,256499,500,3ad915702f8927321f50e4db42a4d0b3acc0b7d7299945a087ea3b68db3db73e,887ca114a3e64d1f43d437b0cb11becab0d597f02a01acc91bea07a62bf786b9
sample,dense_crlf-1024,109,1671966,256499,500,3ad915702f8927321f50e4db42a4d0b3acc0b7d7299945a087ea3b68db3db73e,887ca114a3e64d1f43d437b0cb11becab0d597f02a01acc91bea07a62bf786b9
sample,dense_crlf-1024,110,1676986,256499,500,3ad915702f8927321f50e4db42a4d0b3acc0b7d7299945a087ea3b68db3db73e,887ca114a3e64d1f43d437b0cb11becab0d597f02a01acc91bea07a62bf786b9
sample,dense_crlf-1024,111,1666667,256499,500,3ad915702f8927321f50e4db42a4d0b3acc0b7d7299945a087ea3b68db3db73e,887ca114a3e64d1f43d437b0cb11becab0d597f02a01acc91bea07a62bf786b9
sample,dense_crlf-1024,112,1677496,256499,500,3ad915702f8927321f50e4db42a4d0b3acc0b7d7299945a087ea3b68db3db73e,887ca114a3e64d1f43d437b0cb11becab0d597f02a01acc91bea07a62bf786b9
sample,dense_crlf-1024,113,1674616,256499,500,3ad915702f8927321f50e4db42a4d0b3acc0b7d7299945a087ea3b68db3db73e,887ca114a3e64d1f43d437b0cb11becab0d597f02a01acc91bea07a62bf786b9
sample,dense_crlf-1024,114,1665306,256499,500,3ad915702f8927321f50e4db42a4d0b3acc0b7d7299945a087ea3b68db3db73e,887ca114a3e64d1f43d437b0cb11becab0d597f02a01acc91bea07a62bf786b9
sample,dense_crlf-1024,115,1698786,256499,500,3ad915702f8927321f50e4db42a4d0b3acc0b7d7299945a087ea3b68db3db73e,887ca114a3e64d1f43d437b0cb11becab0d597f02a01acc91bea07a62bf786b9
sample,dense_crlf-1024,116,1672367,256499,500,3ad915702f8927321f50e4db42a4d0b3acc0b7d7299945a087ea3b68db3db73e,887ca114a3e64d1f43d437b0cb11becab0d597f02a01acc91bea07a62bf786b9
sample,dense_crlf-1024,117,1668196,256499,500,3ad915702f8927321f50e4db42a4d0b3acc0b7d7299945a087ea3b68db3db73e,887ca114a3e64d1f43d437b0cb11becab0d597f02a01acc91bea07a62bf786b9
sample,dense_crlf-1024,118,1670936,256499,500,3ad915702f8927321f50e4db42a4d0b3acc0b7d7299945a087ea3b68db3db73e,887ca114a3e64d1f43d437b0cb11becab0d597f02a01acc91bea07a62bf786b9
sample,dense_crlf-1024,119,1672456,256499,500,3ad915702f8927321f50e4db42a4d0b3acc0b7d7299945a087ea3b68db3db73e,887ca114a3e64d1f43d437b0cb11becab0d597f02a01acc91bea07a62bf786b9
sample,dense_crlf-1024,120,1666956,256499,500,3ad915702f8927321f50e4db42a4d0b3acc0b7d7299945a087ea3b68db3db73e,887ca114a3e64d1f43d437b0cb11becab0d597f02a01acc91bea07a62bf786b9
sample,dense_crlf-1024,121,1673307,256499,500,3ad915702f8927321f50e4db42a4d0b3acc0b7d7299945a087ea3b68db3db73e,887ca114a3e64d1f43d437b0cb11becab0d597f02a01acc91bea07a62bf786b9
sample,dense_crlf-1024,122,1683046,256499,500,3ad915702f8927321f50e4db42a4d0b3acc0b7d7299945a087ea3b68db3db73e,887ca114a3e64d1f43d437b0cb11becab0d597f02a01acc91bea07a62bf786b9
sample,dense_crlf-1024,123,1663906,256499,500,3ad915702f8927321f50e4db42a4d0b3acc0b7d7299945a087ea3b68db3db73e,887ca114a3e64d1f43d437b0cb11becab0d597f02a01acc91bea07a62bf786b9
sample,dense_crlf-1024,124,1673416,256499,500,3ad915702f8927321f50e4db42a4d0b3acc0b7d7299945a087ea3b68db3db73e,887ca114a3e64d1f43d437b0cb11becab0d597f02a01acc91bea07a62bf786b9
sample,dense_crlf-1024,125,1670136,256499,500,3ad915702f8927321f50e4db42a4d0b3acc0b7d7299945a087ea3b68db3db73e,887ca114a3e64d1f43d437b0cb11becab0d597f02a01acc91bea07a62bf786b9
sample,dense_crlf-1024,126,1666036,256499,500,3ad915702f8927321f50e4db42a4d0b3acc0b7d7299945a087ea3b68db3db73e,887ca114a3e64d1f43d437b0cb11becab0d597f02a01acc91bea07a62bf786b9
sample,dense_crlf-1024,127,1678857,256499,500,3ad915702f8927321f50e4db42a4d0b3acc0b7d7299945a087ea3b68db3db73e,887ca114a3e64d1f43d437b0cb11becab0d597f02a01acc91bea07a62bf786b9
sample,dense_crlf-1024,128,1670046,256499,500,3ad915702f8927321f50e4db42a4d0b3acc0b7d7299945a087ea3b68db3db73e,887ca114a3e64d1f43d437b0cb11becab0d597f02a01acc91bea07a62bf786b9
sample,dense_crlf-1024,129,1669996,256499,500,3ad915702f8927321f50e4db42a4d0b3acc0b7d7299945a087ea3b68db3db73e,887ca114a3e64d1f43d437b0cb11becab0d597f02a01acc91bea07a62bf786b9
sample,dense_crlf-1024,130,1673706,256499,500,3ad915702f8927321f50e4db42a4d0b3acc0b7d7299945a087ea3b68db3db73e,887ca114a3e64d1f43d437b0cb11becab0d597f02a01acc91bea07a62bf786b9
sample,dense_crlf-1024,131,1671976,256499,500,3ad915702f8927321f50e4db42a4d0b3acc0b7d7299945a087ea3b68db3db73e,887ca114a3e64d1f43d437b0cb11becab0d597f02a01acc91bea07a62bf786b9
sample,dense_crlf-1024,132,1668607,256499,500,3ad915702f8927321f50e4db42a4d0b3acc0b7d7299945a087ea3b68db3db73e,887ca114a3e64d1f43d437b0cb11becab0d597f02a01acc91bea07a62bf786b9
sample,dense_crlf-1024,133,1671126,256499,500,3ad915702f8927321f50e4db42a4d0b3acc0b7d7299945a087ea3b68db3db73e,887ca114a3e64d1f43d437b0cb11becab0d597f02a01acc91bea07a62bf786b9
sample,dense_crlf-1024,134,1675286,256499,500,3ad915702f8927321f50e4db42a4d0b3acc0b7d7299945a087ea3b68db3db73e,887ca114a3e64d1f43d437b0cb11becab0d597f02a01acc91bea07a62bf786b9
sample,dense_crlf-1024,135,1665796,256499,500,3ad915702f8927321f50e4db42a4d0b3acc0b7d7299945a087ea3b68db3db73e,887ca114a3e64d1f43d437b0cb11becab0d597f02a01acc91bea07a62bf786b9
sample,dense_crlf-1024,136,1706806,256499,500,3ad915702f8927321f50e4db42a4d0b3acc0b7d7299945a087ea3b68db3db73e,887ca114a3e64d1f43d437b0cb11becab0d597f02a01acc91bea07a62bf786b9
sample,dense_crlf-1024,137,1670937,256499,500,3ad915702f8927321f50e4db42a4d0b3acc0b7d7299945a087ea3b68db3db73e,887ca114a3e64d1f43d437b0cb11becab0d597f02a01acc91bea07a62bf786b9
sample,dense_crlf-1024,138,1667116,256499,500,3ad915702f8927321f50e4db42a4d0b3acc0b7d7299945a087ea3b68db3db73e,887ca114a3e64d1f43d437b0cb11becab0d597f02a01acc91bea07a62bf786b9
sample,dense_crlf-1024,139,1680176,256499,500,3ad915702f8927321f50e4db42a4d0b3acc0b7d7299945a087ea3b68db3db73e,887ca114a3e64d1f43d437b0cb11becab0d597f02a01acc91bea07a62bf786b9
sample,dense_crlf-1024,140,1672616,256499,500,3ad915702f8927321f50e4db42a4d0b3acc0b7d7299945a087ea3b68db3db73e,887ca114a3e64d1f43d437b0cb11becab0d597f02a01acc91bea07a62bf786b9
sample,dense_crlf-1024,141,1673336,256499,500,3ad915702f8927321f50e4db42a4d0b3acc0b7d7299945a087ea3b68db3db73e,887ca114a3e64d1f43d437b0cb11becab0d597f02a01acc91bea07a62bf786b9
sample,dense_crlf-1024,142,1666127,256499,500,3ad915702f8927321f50e4db42a4d0b3acc0b7d7299945a087ea3b68db3db73e,887ca114a3e64d1f43d437b0cb11becab0d597f02a01acc91bea07a62bf786b9
sample,dense_crlf-1024,143,1672206,256499,500,3ad915702f8927321f50e4db42a4d0b3acc0b7d7299945a087ea3b68db3db73e,887ca114a3e64d1f43d437b0cb11becab0d597f02a01acc91bea07a62bf786b9
sample,dense_crlf-1024,144,1675176,256499,500,3ad915702f8927321f50e4db42a4d0b3acc0b7d7299945a087ea3b68db3db73e,887ca114a3e64d1f43d437b0cb11becab0d597f02a01acc91bea07a62bf786b9
sample,dense_crlf-1024,145,1666326,256499,500,3ad915702f8927321f50e4db42a4d0b3acc0b7d7299945a087ea3b68db3db73e,887ca114a3e64d1f43d437b0cb11becab0d597f02a01acc91bea07a62bf786b9
sample,dense_crlf-1024,146,1674866,256499,500,3ad915702f8927321f50e4db42a4d0b3acc0b7d7299945a087ea3b68db3db73e,887ca114a3e64d1f43d437b0cb11becab0d597f02a01acc91bea07a62bf786b9
sample,dense_crlf-1024,147,1673406,256499,500,3ad915702f8927321f50e4db42a4d0b3acc0b7d7299945a087ea3b68db3db73e,887ca114a3e64d1f43d437b0cb11becab0d597f02a01acc91bea07a62bf786b9
sample,dense_crlf-1024,148,1669887,256499,500,3ad915702f8927321f50e4db42a4d0b3acc0b7d7299945a087ea3b68db3db73e,887ca114a3e64d1f43d437b0cb11becab0d597f02a01acc91bea07a62bf786b9
sample,dense_crlf-1024,149,1671806,256499,500,3ad915702f8927321f50e4db42a4d0b3acc0b7d7299945a087ea3b68db3db73e,887ca114a3e64d1f43d437b0cb11becab0d597f02a01acc91bea07a62bf786b9
sample,dense_crlf-1024,150,1670536,256499,500,3ad915702f8927321f50e4db42a4d0b3acc0b7d7299945a087ea3b68db3db73e,887ca114a3e64d1f43d437b0cb11becab0d597f02a01acc91bea07a62bf786b9
sample,dense_crlf-1024,151,1669546,256499,500,3ad915702f8927321f50e4db42a4d0b3acc0b7d7299945a087ea3b68db3db73e,887ca114a3e64d1f43d437b0cb11becab0d597f02a01acc91bea07a62bf786b9
sample,dense_crlf-1024,152,1670126,256499,500,3ad915702f8927321f50e4db42a4d0b3acc0b7d7299945a087ea3b68db3db73e,887ca114a3e64d1f43d437b0cb11becab0d597f02a01acc91bea07a62bf786b9
sample,dense_crlf-1024,153,1674897,256499,500,3ad915702f8927321f50e4db42a4d0b3acc0b7d7299945a087ea3b68db3db73e,887ca114a3e64d1f43d437b0cb11becab0d597f02a01acc91bea07a62bf786b9
sample,dense_crlf-1024,154,1665796,256499,500,3ad915702f8927321f50e4db42a4d0b3acc0b7d7299945a087ea3b68db3db73e,887ca114a3e64d1f43d437b0cb11becab0d597f02a01acc91bea07a62bf786b9
sample,dense_crlf-1024,155,1672826,256499,500,3ad915702f8927321f50e4db42a4d0b3acc0b7d7299945a087ea3b68db3db73e,887ca114a3e64d1f43d437b0cb11becab0d597f02a01acc91bea07a62bf786b9
sample,dense_crlf-1024,156,1676226,256499,500,3ad915702f8927321f50e4db42a4d0b3acc0b7d7299945a087ea3b68db3db73e,887ca114a3e64d1f43d437b0cb11becab0d597f02a01acc91bea07a62bf786b9
sample,dense_crlf-1024,157,1666626,256499,500,3ad915702f8927321f50e4db42a4d0b3acc0b7d7299945a087ea3b68db3db73e,887ca114a3e64d1f43d437b0cb11becab0d597f02a01acc91bea07a62bf786b9
sample,dense_crlf-1024,158,1675817,256499,500,3ad915702f8927321f50e4db42a4d0b3acc0b7d7299945a087ea3b68db3db73e,887ca114a3e64d1f43d437b0cb11becab0d597f02a01acc91bea07a62bf786b9
sample,dense_crlf-1024,159,1671296,256499,500,3ad915702f8927321f50e4db42a4d0b3acc0b7d7299945a087ea3b68db3db73e,887ca114a3e64d1f43d437b0cb11becab0d597f02a01acc91bea07a62bf786b9
sample,dense_crlf-1024,160,1668586,256499,500,3ad915702f8927321f50e4db42a4d0b3acc0b7d7299945a087ea3b68db3db73e,887ca114a3e64d1f43d437b0cb11becab0d597f02a01acc91bea07a62bf786b9
sample,dense_crlf-1024,161,1672316,256499,500,3ad915702f8927321f50e4db42a4d0b3acc0b7d7299945a087ea3b68db3db73e,887ca114a3e64d1f43d437b0cb11becab0d597f02a01acc91bea07a62bf786b9
sample,dense_crlf-1024,162,1671096,256499,500,3ad915702f8927321f50e4db42a4d0b3acc0b7d7299945a087ea3b68db3db73e,887ca114a3e64d1f43d437b0cb11becab0d597f02a01acc91bea07a62bf786b9
sample,dense_crlf-1024,163,1670996,256499,500,3ad915702f8927321f50e4db42a4d0b3acc0b7d7299945a087ea3b68db3db73e,887ca114a3e64d1f43d437b0cb11becab0d597f02a01acc91bea07a62bf786b9
sample,dense_crlf-1024,164,1673107,256499,500,3ad915702f8927321f50e4db42a4d0b3acc0b7d7299945a087ea3b68db3db73e,887ca114a3e64d1f43d437b0cb11becab0d597f02a01acc91bea07a62bf786b9
sample,dense_crlf-1024,165,1675066,256499,500,3ad915702f8927321f50e4db42a4d0b3acc0b7d7299945a087ea3b68db3db73e,887ca114a3e64d1f43d437b0cb11becab0d597f02a01acc91bea07a62bf786b9
sample,dense_crlf-1024,166,1668276,256499,500,3ad915702f8927321f50e4db42a4d0b3acc0b7d7299945a087ea3b68db3db73e,887ca114a3e64d1f43d437b0cb11becab0d597f02a01acc91bea07a62bf786b9
sample,dense_crlf-1024,167,1676236,256499,500,3ad915702f8927321f50e4db42a4d0b3acc0b7d7299945a087ea3b68db3db73e,887ca114a3e64d1f43d437b0cb11becab0d597f02a01acc91bea07a62bf786b9
sample,dense_crlf-1024,168,1671696,256499,500,3ad915702f8927321f50e4db42a4d0b3acc0b7d7299945a087ea3b68db3db73e,887ca114a3e64d1f43d437b0cb11becab0d597f02a01acc91bea07a62bf786b9
sample,dense_crlf-1024,169,1665437,256499,500,3ad915702f8927321f50e4db42a4d0b3acc0b7d7299945a087ea3b68db3db73e,887ca114a3e64d1f43d437b0cb11becab0d597f02a01acc91bea07a62bf786b9
sample,dense_crlf-1024,170,1674566,256499,500,3ad915702f8927321f50e4db42a4d0b3acc0b7d7299945a087ea3b68db3db73e,887ca114a3e64d1f43d437b0cb11becab0d597f02a01acc91bea07a62bf786b9
sample,dense_crlf-1024,171,1671676,256499,500,3ad915702f8927321f50e4db42a4d0b3acc0b7d7299945a087ea3b68db3db73e,887ca114a3e64d1f43d437b0cb11becab0d597f02a01acc91bea07a62bf786b9
sample,dense_crlf-1024,172,1669076,256499,500,3ad915702f8927321f50e4db42a4d0b3acc0b7d7299945a087ea3b68db3db73e,887ca114a3e64d1f43d437b0cb11becab0d597f02a01acc91bea07a62bf786b9
sample,dense_crlf-1024,173,1673546,256499,500,3ad915702f8927321f50e4db42a4d0b3acc0b7d7299945a087ea3b68db3db73e,887ca114a3e64d1f43d437b0cb11becab0d597f02a01acc91bea07a62bf786b9
sample,dense_crlf-1024,174,1673037,256499,500,3ad915702f8927321f50e4db42a4d0b3acc0b7d7299945a087ea3b68db3db73e,887ca114a3e64d1f43d437b0cb11becab0d597f02a01acc91bea07a62bf786b9
sample,dense_crlf-1024,175,1673026,256499,500,3ad915702f8927321f50e4db42a4d0b3acc0b7d7299945a087ea3b68db3db73e,887ca114a3e64d1f43d437b0cb11becab0d597f02a01acc91bea07a62bf786b9
sample,dense_crlf-1024,176,1671986,256499,500,3ad915702f8927321f50e4db42a4d0b3acc0b7d7299945a087ea3b68db3db73e,887ca114a3e64d1f43d437b0cb11becab0d597f02a01acc91bea07a62bf786b9
sample,dense_crlf-1024,177,1673426,256499,500,3ad915702f8927321f50e4db42a4d0b3acc0b7d7299945a087ea3b68db3db73e,887ca114a3e64d1f43d437b0cb11becab0d597f02a01acc91bea07a62bf786b9
sample,dense_crlf-1024,178,1666966,256499,500,3ad915702f8927321f50e4db42a4d0b3acc0b7d7299945a087ea3b68db3db73e,887ca114a3e64d1f43d437b0cb11becab0d597f02a01acc91bea07a62bf786b9
sample,dense_crlf-1024,179,1674126,256499,500,3ad915702f8927321f50e4db42a4d0b3acc0b7d7299945a087ea3b68db3db73e,887ca114a3e64d1f43d437b0cb11becab0d597f02a01acc91bea07a62bf786b9
sample,dense_crlf-1024,180,1669627,256499,500,3ad915702f8927321f50e4db42a4d0b3acc0b7d7299945a087ea3b68db3db73e,887ca114a3e64d1f43d437b0cb11becab0d597f02a01acc91bea07a62bf786b9
sample,dense_crlf-1024,181,1666786,256499,500,3ad915702f8927321f50e4db42a4d0b3acc0b7d7299945a087ea3b68db3db73e,887ca114a3e64d1f43d437b0cb11becab0d597f02a01acc91bea07a62bf786b9
sample,dense_crlf-1024,182,1673846,256499,500,3ad915702f8927321f50e4db42a4d0b3acc0b7d7299945a087ea3b68db3db73e,887ca114a3e64d1f43d437b0cb11becab0d597f02a01acc91bea07a62bf786b9
sample,dense_crlf-1024,183,1672396,256499,500,3ad915702f8927321f50e4db42a4d0b3acc0b7d7299945a087ea3b68db3db73e,887ca114a3e64d1f43d437b0cb11becab0d597f02a01acc91bea07a62bf786b9
sample,dense_crlf-1024,184,1668636,256499,500,3ad915702f8927321f50e4db42a4d0b3acc0b7d7299945a087ea3b68db3db73e,887ca114a3e64d1f43d437b0cb11becab0d597f02a01acc91bea07a62bf786b9
sample,dense_crlf-1024,185,1673307,256499,500,3ad915702f8927321f50e4db42a4d0b3acc0b7d7299945a087ea3b68db3db73e,887ca114a3e64d1f43d437b0cb11becab0d597f02a01acc91bea07a62bf786b9
sample,dense_crlf-1024,186,1672576,256499,500,3ad915702f8927321f50e4db42a4d0b3acc0b7d7299945a087ea3b68db3db73e,887ca114a3e64d1f43d437b0cb11becab0d597f02a01acc91bea07a62bf786b9
sample,dense_crlf-1024,187,1694206,256499,500,3ad915702f8927321f50e4db42a4d0b3acc0b7d7299945a087ea3b68db3db73e,887ca114a3e64d1f43d437b0cb11becab0d597f02a01acc91bea07a62bf786b9
sample,dense_crlf-1024,188,1669546,256499,500,3ad915702f8927321f50e4db42a4d0b3acc0b7d7299945a087ea3b68db3db73e,887ca114a3e64d1f43d437b0cb11becab0d597f02a01acc91bea07a62bf786b9
sample,dense_crlf-1024,189,1674586,256499,500,3ad915702f8927321f50e4db42a4d0b3acc0b7d7299945a087ea3b68db3db73e,887ca114a3e64d1f43d437b0cb11becab0d597f02a01acc91bea07a62bf786b9
sample,dense_crlf-1024,190,1672577,256499,500,3ad915702f8927321f50e4db42a4d0b3acc0b7d7299945a087ea3b68db3db73e,887ca114a3e64d1f43d437b0cb11becab0d597f02a01acc91bea07a62bf786b9
sample,dense_crlf-1024,191,1669386,256499,500,3ad915702f8927321f50e4db42a4d0b3acc0b7d7299945a087ea3b68db3db73e,887ca114a3e64d1f43d437b0cb11becab0d597f02a01acc91bea07a62bf786b9
sample,dense_crlf-1024,192,1672066,256499,500,3ad915702f8927321f50e4db42a4d0b3acc0b7d7299945a087ea3b68db3db73e,887ca114a3e64d1f43d437b0cb11becab0d597f02a01acc91bea07a62bf786b9
sample,dense_crlf-1024,193,1673916,256499,500,3ad915702f8927321f50e4db42a4d0b3acc0b7d7299945a087ea3b68db3db73e,887ca114a3e64d1f43d437b0cb11becab0d597f02a01acc91bea07a62bf786b9
sample,dense_crlf-1024,194,1670456,256499,500,3ad915702f8927321f50e4db42a4d0b3acc0b7d7299945a087ea3b68db3db73e,887ca114a3e64d1f43d437b0cb11becab0d597f02a01acc91bea07a62bf786b9
sample,dense_crlf-1024,195,1671737,256499,500,3ad915702f8927321f50e4db42a4d0b3acc0b7d7299945a087ea3b68db3db73e,887ca114a3e64d1f43d437b0cb11becab0d597f02a01acc91bea07a62bf786b9
sample,dense_crlf-1024,196,1676106,256499,500,3ad915702f8927321f50e4db42a4d0b3acc0b7d7299945a087ea3b68db3db73e,887ca114a3e64d1f43d437b0cb11becab0d597f02a01acc91bea07a62bf786b9
sample,dense_crlf-1024,197,1667666,256499,500,3ad915702f8927321f50e4db42a4d0b3acc0b7d7299945a087ea3b68db3db73e,887ca114a3e64d1f43d437b0cb11becab0d597f02a01acc91bea07a62bf786b9
sample,dense_crlf-1024,198,1675846,256499,500,3ad915702f8927321f50e4db42a4d0b3acc0b7d7299945a087ea3b68db3db73e,887ca114a3e64d1f43d437b0cb11becab0d597f02a01acc91bea07a62bf786b9
sample,dense_crlf-1024,199,1673636,256499,500,3ad915702f8927321f50e4db42a4d0b3acc0b7d7299945a087ea3b68db3db73e,887ca114a3e64d1f43d437b0cb11becab0d597f02a01acc91bea07a62bf786b9
sample,dense_crlf-1024,200,1666976,256499,500,3ad915702f8927321f50e4db42a4d0b3acc0b7d7299945a087ea3b68db3db73e,887ca114a3e64d1f43d437b0cb11becab0d597f02a01acc91bea07a62bf786b9
sample,dense_crlf-1024,201,1675717,256499,500,3ad915702f8927321f50e4db42a4d0b3acc0b7d7299945a087ea3b68db3db73e,887ca114a3e64d1f43d437b0cb11becab0d597f02a01acc91bea07a62bf786b9
sample,dense_crlf-1024,202,1672096,256499,500,3ad915702f8927321f50e4db42a4d0b3acc0b7d7299945a087ea3b68db3db73e,887ca114a3e64d1f43d437b0cb11becab0d597f02a01acc91bea07a62bf786b9
sample,dense_crlf-1024,203,1670746,256499,500,3ad915702f8927321f50e4db42a4d0b3acc0b7d7299945a087ea3b68db3db73e,887ca114a3e64d1f43d437b0cb11becab0d597f02a01acc91bea07a62bf786b9
sample,dense_crlf-1024,204,1673986,256499,500,3ad915702f8927321f50e4db42a4d0b3acc0b7d7299945a087ea3b68db3db73e,887ca114a3e64d1f43d437b0cb11becab0d597f02a01acc91bea07a62bf786b9
sample,dense_crlf-1024,205,1674686,256499,500,3ad915702f8927321f50e4db42a4d0b3acc0b7d7299945a087ea3b68db3db73e,887ca114a3e64d1f43d437b0cb11becab0d597f02a01acc91bea07a62bf786b9
sample,dense_crlf-1024,206,1670887,256499,500,3ad915702f8927321f50e4db42a4d0b3acc0b7d7299945a087ea3b68db3db73e,887ca114a3e64d1f43d437b0cb11becab0d597f02a01acc91bea07a62bf786b9
sample,dense_crlf-1024,207,1672046,256499,500,3ad915702f8927321f50e4db42a4d0b3acc0b7d7299945a087ea3b68db3db73e,887ca114a3e64d1f43d437b0cb11becab0d597f02a01acc91bea07a62bf786b9
sample,dense_crlf-1024,208,1674546,256499,500,3ad915702f8927321f50e4db42a4d0b3acc0b7d7299945a087ea3b68db3db73e,887ca114a3e64d1f43d437b0cb11becab0d597f02a01acc91bea07a62bf786b9
sample,dense_crlf-1024,209,1667736,256499,500,3ad915702f8927321f50e4db42a4d0b3acc0b7d7299945a087ea3b68db3db73e,887ca114a3e64d1f43d437b0cb11becab0d597f02a01acc91bea07a62bf786b9
sample,dense_crlf-1024,210,1675006,256499,500,3ad915702f8927321f50e4db42a4d0b3acc0b7d7299945a087ea3b68db3db73e,887ca114a3e64d1f43d437b0cb11becab0d597f02a01acc91bea07a62bf786b9
sample,dense_crlf-1024,211,1671497,256499,500,3ad915702f8927321f50e4db42a4d0b3acc0b7d7299945a087ea3b68db3db73e,887ca114a3e64d1f43d437b0cb11becab0d597f02a01acc91bea07a62bf786b9
sample,dense_crlf-1024,212,1667986,256499,500,3ad915702f8927321f50e4db42a4d0b3acc0b7d7299945a087ea3b68db3db73e,887ca114a3e64d1f43d437b0cb11becab0d597f02a01acc91bea07a62bf786b9
sample,dense_crlf-1024,213,1675366,256499,500,3ad915702f8927321f50e4db42a4d0b3acc0b7d7299945a087ea3b68db3db73e,887ca114a3e64d1f43d437b0cb11becab0d597f02a01acc91bea07a62bf786b9
sample,dense_crlf-1024,214,1674196,256499,500,3ad915702f8927321f50e4db42a4d0b3acc0b7d7299945a087ea3b68db3db73e,887ca114a3e64d1f43d437b0cb11becab0d597f02a01acc91bea07a62bf786b9
sample,dense_crlf-1024,215,1670256,256499,500,3ad915702f8927321f50e4db42a4d0b3acc0b7d7299945a087ea3b68db3db73e,887ca114a3e64d1f43d437b0cb11becab0d597f02a01acc91bea07a62bf786b9
sample,dense_crlf-1024,216,1674106,256499,500,3ad915702f8927321f50e4db42a4d0b3acc0b7d7299945a087ea3b68db3db73e,887ca114a3e64d1f43d437b0cb11becab0d597f02a01acc91bea07a62bf786b9
sample,dense_crlf-1024,217,1672107,256499,500,3ad915702f8927321f50e4db42a4d0b3acc0b7d7299945a087ea3b68db3db73e,887ca114a3e64d1f43d437b0cb11becab0d597f02a01acc91bea07a62bf786b9
sample,dense_crlf-1024,218,1676986,256499,500,3ad915702f8927321f50e4db42a4d0b3acc0b7d7299945a087ea3b68db3db73e,887ca114a3e64d1f43d437b0cb11becab0d597f02a01acc91bea07a62bf786b9
sample,dense_crlf-1024,219,1676226,256499,500,3ad915702f8927321f50e4db42a4d0b3acc0b7d7299945a087ea3b68db3db73e,887ca114a3e64d1f43d437b0cb11becab0d597f02a01acc91bea07a62bf786b9
sample,dense_crlf-1024,220,1678036,256499,500,3ad915702f8927321f50e4db42a4d0b3acc0b7d7299945a087ea3b68db3db73e,887ca114a3e64d1f43d437b0cb11becab0d597f02a01acc91bea07a62bf786b9
sample,dense_crlf-1024,221,1673057,256499,500,3ad915702f8927321f50e4db42a4d0b3acc0b7d7299945a087ea3b68db3db73e,887ca114a3e64d1f43d437b0cb11becab0d597f02a01acc91bea07a62bf786b9
sample,dense_crlf-1024,222,1669686,256499,500,3ad915702f8927321f50e4db42a4d0b3acc0b7d7299945a087ea3b68db3db73e,887ca114a3e64d1f43d437b0cb11becab0d597f02a01acc91bea07a62bf786b9
sample,dense_crlf-1024,223,1721896,256499,500,3ad915702f8927321f50e4db42a4d0b3acc0b7d7299945a087ea3b68db3db73e,887ca114a3e64d1f43d437b0cb11becab0d597f02a01acc91bea07a62bf786b9
sample,dense_crlf-1024,224,1669406,256499,500,3ad915702f8927321f50e4db42a4d0b3acc0b7d7299945a087ea3b68db3db73e,887ca114a3e64d1f43d437b0cb11becab0d597f02a01acc91bea07a62bf786b9
sample,dense_crlf-1024,225,1671066,256499,500,3ad915702f8927321f50e4db42a4d0b3acc0b7d7299945a087ea3b68db3db73e,887ca114a3e64d1f43d437b0cb11becab0d597f02a01acc91bea07a62bf786b9
sample,dense_crlf-1024,226,1674027,256499,500,3ad915702f8927321f50e4db42a4d0b3acc0b7d7299945a087ea3b68db3db73e,887ca114a3e64d1f43d437b0cb11becab0d597f02a01acc91bea07a62bf786b9
sample,dense_crlf-1024,227,1674296,256499,500,3ad915702f8927321f50e4db42a4d0b3acc0b7d7299945a087ea3b68db3db73e,887ca114a3e64d1f43d437b0cb11becab0d597f02a01acc91bea07a62bf786b9
sample,dense_crlf-1024,228,1665106,256499,500,3ad915702f8927321f50e4db42a4d0b3acc0b7d7299945a087ea3b68db3db73e,887ca114a3e64d1f43d437b0cb11becab0d597f02a01acc91bea07a62bf786b9
sample,dense_crlf-1024,229,1671226,256499,500,3ad915702f8927321f50e4db42a4d0b3acc0b7d7299945a087ea3b68db3db73e,887ca114a3e64d1f43d437b0cb11becab0d597f02a01acc91bea07a62bf786b9
sample,dense_crlf-1024,230,1673046,256499,500,3ad915702f8927321f50e4db42a4d0b3acc0b7d7299945a087ea3b68db3db73e,887ca114a3e64d1f43d437b0cb11becab0d597f02a01acc91bea07a62bf786b9
sample,dense_crlf-1024,231,1668136,256499,500,3ad915702f8927321f50e4db42a4d0b3acc0b7d7299945a087ea3b68db3db73e,887ca114a3e64d1f43d437b0cb11becab0d597f02a01acc91bea07a62bf786b9
sample,dense_crlf-1024,232,1682377,256499,500,3ad915702f8927321f50e4db42a4d0b3acc0b7d7299945a087ea3b68db3db73e,887ca114a3e64d1f43d437b0cb11becab0d597f02a01acc91bea07a62bf786b9
sample,dense_crlf-1024,233,1672986,256499,500,3ad915702f8927321f50e4db42a4d0b3acc0b7d7299945a087ea3b68db3db73e,887ca114a3e64d1f43d437b0cb11becab0d597f02a01acc91bea07a62bf786b9
sample,dense_crlf-1024,234,1705716,256499,500,3ad915702f8927321f50e4db42a4d0b3acc0b7d7299945a087ea3b68db3db73e,887ca114a3e64d1f43d437b0cb11becab0d597f02a01acc91bea07a62bf786b9
sample,dense_crlf-1024,235,1673316,256499,500,3ad915702f8927321f50e4db42a4d0b3acc0b7d7299945a087ea3b68db3db73e,887ca114a3e64d1f43d437b0cb11becab0d597f02a01acc91bea07a62bf786b9
sample,dense_crlf-1024,236,1672557,256499,500,3ad915702f8927321f50e4db42a4d0b3acc0b7d7299945a087ea3b68db3db73e,887ca114a3e64d1f43d437b0cb11becab0d597f02a01acc91bea07a62bf786b9
sample,dense_crlf-1024,237,1669556,256499,500,3ad915702f8927321f50e4db42a4d0b3acc0b7d7299945a087ea3b68db3db73e,887ca114a3e64d1f43d437b0cb11becab0d597f02a01acc91bea07a62bf786b9
sample,dense_crlf-1024,238,1671646,256499,500,3ad915702f8927321f50e4db42a4d0b3acc0b7d7299945a087ea3b68db3db73e,887ca114a3e64d1f43d437b0cb11becab0d597f02a01acc91bea07a62bf786b9
sample,dense_crlf-1024,239,1674866,256499,500,3ad915702f8927321f50e4db42a4d0b3acc0b7d7299945a087ea3b68db3db73e,887ca114a3e64d1f43d437b0cb11becab0d597f02a01acc91bea07a62bf786b9
sample,dense_crlf-1024,240,1667986,256499,500,3ad915702f8927321f50e4db42a4d0b3acc0b7d7299945a087ea3b68db3db73e,887ca114a3e64d1f43d437b0cb11becab0d597f02a01acc91bea07a62bf786b9
sample,dense_crlf-1024,241,1674627,256499,500,3ad915702f8927321f50e4db42a4d0b3acc0b7d7299945a087ea3b68db3db73e,887ca114a3e64d1f43d437b0cb11becab0d597f02a01acc91bea07a62bf786b9
sample,dense_crlf-1024,242,1672666,256499,500,3ad915702f8927321f50e4db42a4d0b3acc0b7d7299945a087ea3b68db3db73e,887ca114a3e64d1f43d437b0cb11becab0d597f02a01acc91bea07a62bf786b9
sample,dense_crlf-1024,243,1668186,256499,500,3ad915702f8927321f50e4db42a4d0b3acc0b7d7299945a087ea3b68db3db73e,887ca114a3e64d1f43d437b0cb11becab0d597f02a01acc91bea07a62bf786b9
sample,dense_crlf-1024,244,1674656,256499,500,3ad915702f8927321f50e4db42a4d0b3acc0b7d7299945a087ea3b68db3db73e,887ca114a3e64d1f43d437b0cb11becab0d597f02a01acc91bea07a62bf786b9
sample,dense_crlf-1024,245,1678856,256499,500,3ad915702f8927321f50e4db42a4d0b3acc0b7d7299945a087ea3b68db3db73e,887ca114a3e64d1f43d437b0cb11becab0d597f02a01acc91bea07a62bf786b9
sample,dense_crlf-1024,246,1669846,256499,500,3ad915702f8927321f50e4db42a4d0b3acc0b7d7299945a087ea3b68db3db73e,887ca114a3e64d1f43d437b0cb11becab0d597f02a01acc91bea07a62bf786b9
sample,dense_crlf-1024,247,1675407,256499,500,3ad915702f8927321f50e4db42a4d0b3acc0b7d7299945a087ea3b68db3db73e,887ca114a3e64d1f43d437b0cb11becab0d597f02a01acc91bea07a62bf786b9
sample,dense_crlf-1024,248,1677426,256499,500,3ad915702f8927321f50e4db42a4d0b3acc0b7d7299945a087ea3b68db3db73e,887ca114a3e64d1f43d437b0cb11becab0d597f02a01acc91bea07a62bf786b9
sample,dense_crlf-1024,249,1668956,256499,500,3ad915702f8927321f50e4db42a4d0b3acc0b7d7299945a087ea3b68db3db73e,887ca114a3e64d1f43d437b0cb11becab0d597f02a01acc91bea07a62bf786b9
sample,dense_crlf-1024,250,1668206,256499,500,3ad915702f8927321f50e4db42a4d0b3acc0b7d7299945a087ea3b68db3db73e,887ca114a3e64d1f43d437b0cb11becab0d597f02a01acc91bea07a62bf786b9
sample,dense_crlf-1024,251,1675596,256499,500,3ad915702f8927321f50e4db42a4d0b3acc0b7d7299945a087ea3b68db3db73e,887ca114a3e64d1f43d437b0cb11becab0d597f02a01acc91bea07a62bf786b9
sample,dense_crlf-1024,252,1673427,256499,500,3ad915702f8927321f50e4db42a4d0b3acc0b7d7299945a087ea3b68db3db73e,887ca114a3e64d1f43d437b0cb11becab0d597f02a01acc91bea07a62bf786b9
sample,dense_crlf-1024,253,1669836,256499,500,3ad915702f8927321f50e4db42a4d0b3acc0b7d7299945a087ea3b68db3db73e,887ca114a3e64d1f43d437b0cb11becab0d597f02a01acc91bea07a62bf786b9
sample,dense_crlf-1024,254,1689816,256499,500,3ad915702f8927321f50e4db42a4d0b3acc0b7d7299945a087ea3b68db3db73e,887ca114a3e64d1f43d437b0cb11becab0d597f02a01acc91bea07a62bf786b9
sample,dense_crlf-1024,255,1673196,256499,500,3ad915702f8927321f50e4db42a4d0b3acc0b7d7299945a087ea3b68db3db73e,887ca114a3e64d1f43d437b0cb11becab0d597f02a01acc91bea07a62bf786b9
sample,dense_crlf-1024,256,1670917,256499,500,3ad915702f8927321f50e4db42a4d0b3acc0b7d7299945a087ea3b68db3db73e,887ca114a3e64d1f43d437b0cb11becab0d597f02a01acc91bea07a62bf786b9
sample,dense_crlf-1024,257,1672906,256499,500,3ad915702f8927321f50e4db42a4d0b3acc0b7d7299945a087ea3b68db3db73e,887ca114a3e64d1f43d437b0cb11becab0d597f02a01acc91bea07a62bf786b9
sample,dense_crlf-1024,258,1675006,256499,500,3ad915702f8927321f50e4db42a4d0b3acc0b7d7299945a087ea3b68db3db73e,887ca114a3e64d1f43d437b0cb11becab0d597f02a01acc91bea07a62bf786b9
sample,dense_crlf-1024,259,1666716,256499,500,3ad915702f8927321f50e4db42a4d0b3acc0b7d7299945a087ea3b68db3db73e,887ca114a3e64d1f43d437b0cb11becab0d597f02a01acc91bea07a62bf786b9
sample,dense_crlf-1024,260,1671626,256499,500,3ad915702f8927321f50e4db42a4d0b3acc0b7d7299945a087ea3b68db3db73e,887ca114a3e64d1f43d437b0cb11becab0d597f02a01acc91bea07a62bf786b9
sample,dense_crlf-1024,261,1675816,256499,500,3ad915702f8927321f50e4db42a4d0b3acc0b7d7299945a087ea3b68db3db73e,887ca114a3e64d1f43d437b0cb11becab0d597f02a01acc91bea07a62bf786b9
sample,dense_crlf-1024,262,1666327,256499,500,3ad915702f8927321f50e4db42a4d0b3acc0b7d7299945a087ea3b68db3db73e,887ca114a3e64d1f43d437b0cb11becab0d597f02a01acc91bea07a62bf786b9
sample,dense_crlf-1024,263,1676126,256499,500,3ad915702f8927321f50e4db42a4d0b3acc0b7d7299945a087ea3b68db3db73e,887ca114a3e64d1f43d437b0cb11becab0d597f02a01acc91bea07a62bf786b9
sample,dense_crlf-1024,264,1672556,256499,500,3ad915702f8927321f50e4db42a4d0b3acc0b7d7299945a087ea3b68db3db73e,887ca114a3e64d1f43d437b0cb11becab0d597f02a01acc91bea07a62bf786b9
sample,dense_crlf-1024,265,1671086,256499,500,3ad915702f8927321f50e4db42a4d0b3acc0b7d7299945a087ea3b68db3db73e,887ca114a3e64d1f43d437b0cb11becab0d597f02a01acc91bea07a62bf786b9
sample,dense_crlf-1024,266,1674606,256499,500,3ad915702f8927321f50e4db42a4d0b3acc0b7d7299945a087ea3b68db3db73e,887ca114a3e64d1f43d437b0cb11becab0d597f02a01acc91bea07a62bf786b9
sample,dense_crlf-1024,267,1681777,256499,500,3ad915702f8927321f50e4db42a4d0b3acc0b7d7299945a087ea3b68db3db73e,887ca114a3e64d1f43d437b0cb11becab0d597f02a01acc91bea07a62bf786b9
sample,dense_crlf-1024,268,1670906,256499,500,3ad915702f8927321f50e4db42a4d0b3acc0b7d7299945a087ea3b68db3db73e,887ca114a3e64d1f43d437b0cb11becab0d597f02a01acc91bea07a62bf786b9
sample,dense_crlf-1024,269,1672616,256499,500,3ad915702f8927321f50e4db42a4d0b3acc0b7d7299945a087ea3b68db3db73e,887ca114a3e64d1f43d437b0cb11becab0d597f02a01acc91bea07a62bf786b9
sample,dense_crlf-1024,270,1678786,256499,500,3ad915702f8927321f50e4db42a4d0b3acc0b7d7299945a087ea3b68db3db73e,887ca114a3e64d1f43d437b0cb11becab0d597f02a01acc91bea07a62bf786b9
sample,dense_crlf-1024,271,1666786,256499,500,3ad915702f8927321f50e4db42a4d0b3acc0b7d7299945a087ea3b68db3db73e,887ca114a3e64d1f43d437b0cb11becab0d597f02a01acc91bea07a62bf786b9
sample,dense_crlf-1024,272,1678027,256499,500,3ad915702f8927321f50e4db42a4d0b3acc0b7d7299945a087ea3b68db3db73e,887ca114a3e64d1f43d437b0cb11becab0d597f02a01acc91bea07a62bf786b9
sample,dense_crlf-1024,273,1675166,256499,500,3ad915702f8927321f50e4db42a4d0b3acc0b7d7299945a087ea3b68db3db73e,887ca114a3e64d1f43d437b0cb11becab0d597f02a01acc91bea07a62bf786b9
sample,dense_crlf-1024,274,1667866,256499,500,3ad915702f8927321f50e4db42a4d0b3acc0b7d7299945a087ea3b68db3db73e,887ca114a3e64d1f43d437b0cb11becab0d597f02a01acc91bea07a62bf786b9
sample,dense_crlf-1024,275,1676286,256499,500,3ad915702f8927321f50e4db42a4d0b3acc0b7d7299945a087ea3b68db3db73e,887ca114a3e64d1f43d437b0cb11becab0d597f02a01acc91bea07a62bf786b9
sample,dense_crlf-1024,276,1674496,256499,500,3ad915702f8927321f50e4db42a4d0b3acc0b7d7299945a087ea3b68db3db73e,887ca114a3e64d1f43d437b0cb11becab0d597f02a01acc91bea07a62bf786b9
sample,dense_crlf-1024,277,1669737,256499,500,3ad915702f8927321f50e4db42a4d0b3acc0b7d7299945a087ea3b68db3db73e,887ca114a3e64d1f43d437b0cb11becab0d597f02a01acc91bea07a62bf786b9
sample,dense_crlf-1024,278,1672546,256499,500,3ad915702f8927321f50e4db42a4d0b3acc0b7d7299945a087ea3b68db3db73e,887ca114a3e64d1f43d437b0cb11becab0d597f02a01acc91bea07a62bf786b9
sample,dense_crlf-1024,279,1674126,256499,500,3ad915702f8927321f50e4db42a4d0b3acc0b7d7299945a087ea3b68db3db73e,887ca114a3e64d1f43d437b0cb11becab0d597f02a01acc91bea07a62bf786b9
sample,dense_crlf-1024,280,1670676,256499,500,3ad915702f8927321f50e4db42a4d0b3acc0b7d7299945a087ea3b68db3db73e,887ca114a3e64d1f43d437b0cb11becab0d597f02a01acc91bea07a62bf786b9
sample,dense_crlf-1024,281,1674056,256499,500,3ad915702f8927321f50e4db42a4d0b3acc0b7d7299945a087ea3b68db3db73e,887ca114a3e64d1f43d437b0cb11becab0d597f02a01acc91bea07a62bf786b9
sample,dense_crlf-1024,282,1677007,256499,500,3ad915702f8927321f50e4db42a4d0b3acc0b7d7299945a087ea3b68db3db73e,887ca114a3e64d1f43d437b0cb11becab0d597f02a01acc91bea07a62bf786b9
sample,dense_crlf-1024,283,1668246,256499,500,3ad915702f8927321f50e4db42a4d0b3acc0b7d7299945a087ea3b68db3db73e,887ca114a3e64d1f43d437b0cb11becab0d597f02a01acc91bea07a62bf786b9
sample,dense_crlf-1024,284,1675146,256499,500,3ad915702f8927321f50e4db42a4d0b3acc0b7d7299945a087ea3b68db3db73e,887ca114a3e64d1f43d437b0cb11becab0d597f02a01acc91bea07a62bf786b9
sample,dense_crlf-1024,285,1674976,256499,500,3ad915702f8927321f50e4db42a4d0b3acc0b7d7299945a087ea3b68db3db73e,887ca114a3e64d1f43d437b0cb11becab0d597f02a01acc91bea07a62bf786b9
sample,dense_crlf-1024,286,1674426,256499,500,3ad915702f8927321f50e4db42a4d0b3acc0b7d7299945a087ea3b68db3db73e,887ca114a3e64d1f43d437b0cb11becab0d597f02a01acc91bea07a62bf786b9
sample,dense_crlf-1024,287,1673666,256499,500,3ad915702f8927321f50e4db42a4d0b3acc0b7d7299945a087ea3b68db3db73e,887ca114a3e64d1f43d437b0cb11becab0d597f02a01acc91bea07a62bf786b9
sample,dense_crlf-1024,288,1672387,256499,500,3ad915702f8927321f50e4db42a4d0b3acc0b7d7299945a087ea3b68db3db73e,887ca114a3e64d1f43d437b0cb11becab0d597f02a01acc91bea07a62bf786b9
sample,dense_crlf-1024,289,1674696,256499,500,3ad915702f8927321f50e4db42a4d0b3acc0b7d7299945a087ea3b68db3db73e,887ca114a3e64d1f43d437b0cb11becab0d597f02a01acc91bea07a62bf786b9
sample,dense_crlf-1024,290,1668976,256499,500,3ad915702f8927321f50e4db42a4d0b3acc0b7d7299945a087ea3b68db3db73e,887ca114a3e64d1f43d437b0cb11becab0d597f02a01acc91bea07a62bf786b9
sample,dense_crlf-1024,291,1675526,256499,500,3ad915702f8927321f50e4db42a4d0b3acc0b7d7299945a087ea3b68db3db73e,887ca114a3e64d1f43d437b0cb11becab0d597f02a01acc91bea07a62bf786b9
sample,dense_crlf-1024,292,1676976,256499,500,3ad915702f8927321f50e4db42a4d0b3acc0b7d7299945a087ea3b68db3db73e,887ca114a3e64d1f43d437b0cb11becab0d597f02a01acc91bea07a62bf786b9
sample,dense_crlf-1024,293,1666917,256499,500,3ad915702f8927321f50e4db42a4d0b3acc0b7d7299945a087ea3b68db3db73e,887ca114a3e64d1f43d437b0cb11becab0d597f02a01acc91bea07a62bf786b9
sample,dense_crlf-1024,294,1676576,256499,500,3ad915702f8927321f50e4db42a4d0b3acc0b7d7299945a087ea3b68db3db73e,887ca114a3e64d1f43d437b0cb11becab0d597f02a01acc91bea07a62bf786b9
sample,dense_crlf-1024,295,1676786,256499,500,3ad915702f8927321f50e4db42a4d0b3acc0b7d7299945a087ea3b68db3db73e,887ca114a3e64d1f43d437b0cb11becab0d597f02a01acc91bea07a62bf786b9
sample,dense_crlf-1024,296,1672256,256499,500,3ad915702f8927321f50e4db42a4d0b3acc0b7d7299945a087ea3b68db3db73e,887ca114a3e64d1f43d437b0cb11becab0d597f02a01acc91bea07a62bf786b9
sample,dense_crlf-1024,297,1676466,256499,500,3ad915702f8927321f50e4db42a4d0b3acc0b7d7299945a087ea3b68db3db73e,887ca114a3e64d1f43d437b0cb11becab0d597f02a01acc91bea07a62bf786b9
sample,dense_crlf-1024,298,1673887,256499,500,3ad915702f8927321f50e4db42a4d0b3acc0b7d7299945a087ea3b68db3db73e,887ca114a3e64d1f43d437b0cb11becab0d597f02a01acc91bea07a62bf786b9
sample,dense_crlf-1024,299,1670726,256499,500,3ad915702f8927321f50e4db42a4d0b3acc0b7d7299945a087ea3b68db3db73e,887ca114a3e64d1f43d437b0cb11becab0d597f02a01acc91bea07a62bf786b9
sample,dense_crlf-1024,300,1680216,256499,500,3ad915702f8927321f50e4db42a4d0b3acc0b7d7299945a087ea3b68db3db73e,887ca114a3e64d1f43d437b0cb11becab0d597f02a01acc91bea07a62bf786b9
sample,dense_crlf-1024,301,1674946,256499,500,3ad915702f8927321f50e4db42a4d0b3acc0b7d7299945a087ea3b68db3db73e,887ca114a3e64d1f43d437b0cb11becab0d597f02a01acc91bea07a62bf786b9
sample,dense_crlf-1024,302,1666306,256499,500,3ad915702f8927321f50e4db42a4d0b3acc0b7d7299945a087ea3b68db3db73e,887ca114a3e64d1f43d437b0cb11becab0d597f02a01acc91bea07a62bf786b9
sample,dense_crlf-1024,303,1676177,256499,500,3ad915702f8927321f50e4db42a4d0b3acc0b7d7299945a087ea3b68db3db73e,887ca114a3e64d1f43d437b0cb11becab0d597f02a01acc91bea07a62bf786b9
sample,dense_crlf-1024,304,1673176,256499,500,3ad915702f8927321f50e4db42a4d0b3acc0b7d7299945a087ea3b68db3db73e,887ca114a3e64d1f43d437b0cb11becab0d597f02a01acc91bea07a62bf786b9
sample,dense_crlf-1024,305,1666506,256499,500,3ad915702f8927321f50e4db42a4d0b3acc0b7d7299945a087ea3b68db3db73e,887ca114a3e64d1f43d437b0cb11becab0d597f02a01acc91bea07a62bf786b9
sample,dense_crlf-1024,306,1677846,256499,500,3ad915702f8927321f50e4db42a4d0b3acc0b7d7299945a087ea3b68db3db73e,887ca114a3e64d1f43d437b0cb11becab0d597f02a01acc91bea07a62bf786b9
sample,dense_crlf-1024,307,1673326,256499,500,3ad915702f8927321f50e4db42a4d0b3acc0b7d7299945a087ea3b68db3db73e,887ca114a3e64d1f43d437b0cb11becab0d597f02a01acc91bea07a62bf786b9
sample,dense_crlf-1024,308,1670337,256499,500,3ad915702f8927321f50e4db42a4d0b3acc0b7d7299945a087ea3b68db3db73e,887ca114a3e64d1f43d437b0cb11becab0d597f02a01acc91bea07a62bf786b9
sample,dense_crlf-1024,309,1673456,256499,500,3ad915702f8927321f50e4db42a4d0b3acc0b7d7299945a087ea3b68db3db73e,887ca114a3e64d1f43d437b0cb11becab0d597f02a01acc91bea07a62bf786b9
sample,dense_crlf-1024,310,1673196,256499,500,3ad915702f8927321f50e4db42a4d0b3acc0b7d7299945a087ea3b68db3db73e,887ca114a3e64d1f43d437b0cb11becab0d597f02a01acc91bea07a62bf786b9
sample,dense_crlf-1024,311,1673376,256499,500,3ad915702f8927321f50e4db42a4d0b3acc0b7d7299945a087ea3b68db3db73e,887ca114a3e64d1f43d437b0cb11becab0d597f02a01acc91bea07a62bf786b9
sample,dense_crlf-1024,312,1672616,256499,500,3ad915702f8927321f50e4db42a4d0b3acc0b7d7299945a087ea3b68db3db73e,887ca114a3e64d1f43d437b0cb11becab0d597f02a01acc91bea07a62bf786b9
sample,dense_crlf-1024,313,1677666,256499,500,3ad915702f8927321f50e4db42a4d0b3acc0b7d7299945a087ea3b68db3db73e,887ca114a3e64d1f43d437b0cb11becab0d597f02a01acc91bea07a62bf786b9
sample,dense_crlf-1024,314,1667877,256499,500,3ad915702f8927321f50e4db42a4d0b3acc0b7d7299945a087ea3b68db3db73e,887ca114a3e64d1f43d437b0cb11becab0d597f02a01acc91bea07a62bf786b9
sample,dense_crlf-1024,315,1676916,256499,500,3ad915702f8927321f50e4db42a4d0b3acc0b7d7299945a087ea3b68db3db73e,887ca114a3e64d1f43d437b0cb11becab0d597f02a01acc91bea07a62bf786b9
sample,dense_crlf-1024,316,1675666,256499,500,3ad915702f8927321f50e4db42a4d0b3acc0b7d7299945a087ea3b68db3db73e,887ca114a3e64d1f43d437b0cb11becab0d597f02a01acc91bea07a62bf786b9
sample,dense_crlf-1024,317,1665556,256499,500,3ad915702f8927321f50e4db42a4d0b3acc0b7d7299945a087ea3b68db3db73e,887ca114a3e64d1f43d437b0cb11becab0d597f02a01acc91bea07a62bf786b9
sample,dense_crlf-1024,318,1674556,256499,500,3ad915702f8927321f50e4db42a4d0b3acc0b7d7299945a087ea3b68db3db73e,887ca114a3e64d1f43d437b0cb11becab0d597f02a01acc91bea07a62bf786b9
sample,dense_crlf-1024,319,1671597,256499,500,3ad915702f8927321f50e4db42a4d0b3acc0b7d7299945a087ea3b68db3db73e,887ca114a3e64d1f43d437b0cb11becab0d597f02a01acc91bea07a62bf786b9
sample,dense_crlf-1024,320,1673756,256499,500,3ad915702f8927321f50e4db42a4d0b3acc0b7d7299945a087ea3b68db3db73e,887ca114a3e64d1f43d437b0cb11becab0d597f02a01acc91bea07a62bf786b9
sample,dense_crlf-1024,321,1665436,256499,500,3ad915702f8927321f50e4db42a4d0b3acc0b7d7299945a087ea3b68db3db73e,887ca114a3e64d1f43d437b0cb11becab0d597f02a01acc91bea07a62bf786b9
sample,dense_crlf-1024,322,1672886,256499,500,3ad915702f8927321f50e4db42a4d0b3acc0b7d7299945a087ea3b68db3db73e,887ca114a3e64d1f43d437b0cb11becab0d597f02a01acc91bea07a62bf786b9
sample,dense_crlf-1024,323,1674006,256499,500,3ad915702f8927321f50e4db42a4d0b3acc0b7d7299945a087ea3b68db3db73e,887ca114a3e64d1f43d437b0cb11becab0d597f02a01acc91bea07a62bf786b9
sample,dense_crlf-1024,324,1665657,256499,500,3ad915702f8927321f50e4db42a4d0b3acc0b7d7299945a087ea3b68db3db73e,887ca114a3e64d1f43d437b0cb11becab0d597f02a01acc91bea07a62bf786b9
sample,dense_crlf-1024,325,1677416,256499,500,3ad915702f8927321f50e4db42a4d0b3acc0b7d7299945a087ea3b68db3db73e,887ca114a3e64d1f43d437b0cb11becab0d597f02a01acc91bea07a62bf786b9
sample,dense_crlf-1024,326,1676666,256499,500,3ad915702f8927321f50e4db42a4d0b3acc0b7d7299945a087ea3b68db3db73e,887ca114a3e64d1f43d437b0cb11becab0d597f02a01acc91bea07a62bf786b9
sample,dense_crlf-1024,327,1671056,256499,500,3ad915702f8927321f50e4db42a4d0b3acc0b7d7299945a087ea3b68db3db73e,887ca114a3e64d1f43d437b0cb11becab0d597f02a01acc91bea07a62bf786b9
sample,dense_crlf-1024,328,1672046,256499,500,3ad915702f8927321f50e4db42a4d0b3acc0b7d7299945a087ea3b68db3db73e,887ca114a3e64d1f43d437b0cb11becab0d597f02a01acc91bea07a62bf786b9
sample,dense_crlf-1024,329,1672146,256499,500,3ad915702f8927321f50e4db42a4d0b3acc0b7d7299945a087ea3b68db3db73e,887ca114a3e64d1f43d437b0cb11becab0d597f02a01acc91bea07a62bf786b9
sample,dense_crlf-1024,330,1669417,256499,500,3ad915702f8927321f50e4db42a4d0b3acc0b7d7299945a087ea3b68db3db73e,887ca114a3e64d1f43d437b0cb11becab0d597f02a01acc91bea07a62bf786b9
sample,dense_crlf-1024,331,1672216,256499,500,3ad915702f8927321f50e4db42a4d0b3acc0b7d7299945a087ea3b68db3db73e,887ca114a3e64d1f43d437b0cb11becab0d597f02a01acc91bea07a62bf786b9
sample,dense_crlf-1024,332,1676836,256499,500,3ad915702f8927321f50e4db42a4d0b3acc0b7d7299945a087ea3b68db3db73e,887ca114a3e64d1f43d437b0cb11becab0d597f02a01acc91bea07a62bf786b9
sample,dense_crlf-1024,333,1693826,256499,500,3ad915702f8927321f50e4db42a4d0b3acc0b7d7299945a087ea3b68db3db73e,887ca114a3e64d1f43d437b0cb11becab0d597f02a01acc91bea07a62bf786b9
sample,dense_crlf-1024,334,1676047,256499,500,3ad915702f8927321f50e4db42a4d0b3acc0b7d7299945a087ea3b68db3db73e,887ca114a3e64d1f43d437b0cb11becab0d597f02a01acc91bea07a62bf786b9
sample,dense_crlf-1024,335,1672756,256499,500,3ad915702f8927321f50e4db42a4d0b3acc0b7d7299945a087ea3b68db3db73e,887ca114a3e64d1f43d437b0cb11becab0d597f02a01acc91bea07a62bf786b9
sample,dense_crlf-1024,336,1667426,256499,500,3ad915702f8927321f50e4db42a4d0b3acc0b7d7299945a087ea3b68db3db73e,887ca114a3e64d1f43d437b0cb11becab0d597f02a01acc91bea07a62bf786b9
sample,dense_crlf-1024,337,1677086,256499,500,3ad915702f8927321f50e4db42a4d0b3acc0b7d7299945a087ea3b68db3db73e,887ca114a3e64d1f43d437b0cb11becab0d597f02a01acc91bea07a62bf786b9
sample,dense_crlf-1024,338,1671506,256499,500,3ad915702f8927321f50e4db42a4d0b3acc0b7d7299945a087ea3b68db3db73e,887ca114a3e64d1f43d437b0cb11becab0d597f02a01acc91bea07a62bf786b9
sample,dense_crlf-1024,339,1670236,256499,500,3ad915702f8927321f50e4db42a4d0b3acc0b7d7299945a087ea3b68db3db73e,887ca114a3e64d1f43d437b0cb11becab0d597f02a01acc91bea07a62bf786b9
sample,dense_crlf-1024,340,1672307,256499,500,3ad915702f8927321f50e4db42a4d0b3acc0b7d7299945a087ea3b68db3db73e,887ca114a3e64d1f43d437b0cb11becab0d597f02a01acc91bea07a62bf786b9
sample,dense_crlf-1024,341,1671046,256499,500,3ad915702f8927321f50e4db42a4d0b3acc0b7d7299945a087ea3b68db3db73e,887ca114a3e64d1f43d437b0cb11becab0d597f02a01acc91bea07a62bf786b9
sample,dense_crlf-1024,342,1671356,256499,500,3ad915702f8927321f50e4db42a4d0b3acc0b7d7299945a087ea3b68db3db73e,887ca114a3e64d1f43d437b0cb11becab0d597f02a01acc91bea07a62bf786b9
sample,dense_crlf-1024,343,1673356,256499,500,3ad915702f8927321f50e4db42a4d0b3acc0b7d7299945a087ea3b68db3db73e,887ca114a3e64d1f43d437b0cb11becab0d597f02a01acc91bea07a62bf786b9
sample,dense_crlf-1024,344,1710367,256499,500,3ad915702f8927321f50e4db42a4d0b3acc0b7d7299945a087ea3b68db3db73e,887ca114a3e64d1f43d437b0cb11becab0d597f02a01acc91bea07a62bf786b9
sample,dense_crlf-1024,345,1667496,256499,500,3ad915702f8927321f50e4db42a4d0b3acc0b7d7299945a087ea3b68db3db73e,887ca114a3e64d1f43d437b0cb11becab0d597f02a01acc91bea07a62bf786b9
sample,dense_crlf-1024,346,1677636,256499,500,3ad915702f8927321f50e4db42a4d0b3acc0b7d7299945a087ea3b68db3db73e,887ca114a3e64d1f43d437b0cb11becab0d597f02a01acc91bea07a62bf786b9
sample,dense_crlf-1024,347,1672956,256499,500,3ad915702f8927321f50e4db42a4d0b3acc0b7d7299945a087ea3b68db3db73e,887ca114a3e64d1f43d437b0cb11becab0d597f02a01acc91bea07a62bf786b9
sample,dense_crlf-1024,348,1666686,256499,500,3ad915702f8927321f50e4db42a4d0b3acc0b7d7299945a087ea3b68db3db73e,887ca114a3e64d1f43d437b0cb11becab0d597f02a01acc91bea07a62bf786b9
sample,dense_crlf-1024,349,1673146,256499,500,3ad915702f8927321f50e4db42a4d0b3acc0b7d7299945a087ea3b68db3db73e,887ca114a3e64d1f43d437b0cb11becab0d597f02a01acc91bea07a62bf786b9
sample,dense_crlf-1024,350,1670446,256499,500,3ad915702f8927321f50e4db42a4d0b3acc0b7d7299945a087ea3b68db3db73e,887ca114a3e64d1f43d437b0cb11becab0d597f02a01acc91bea07a62bf786b9
sample,dense_crlf-1024,351,1667866,256499,500,3ad915702f8927321f50e4db42a4d0b3acc0b7d7299945a087ea3b68db3db73e,887ca114a3e64d1f43d437b0cb11becab0d597f02a01acc91bea07a62bf786b9
sample,dense_crlf-1024,352,1676196,256499,500,3ad915702f8927321f50e4db42a4d0b3acc0b7d7299945a087ea3b68db3db73e,887ca114a3e64d1f43d437b0cb11becab0d597f02a01acc91bea07a62bf786b9
sample,dense_crlf-1024,353,1671346,256499,500,3ad915702f8927321f50e4db42a4d0b3acc0b7d7299945a087ea3b68db3db73e,887ca114a3e64d1f43d437b0cb11becab0d597f02a01acc91bea07a62bf786b9
sample,dense_crlf-1024,354,1673806,256499,500,3ad915702f8927321f50e4db42a4d0b3acc0b7d7299945a087ea3b68db3db73e,887ca114a3e64d1f43d437b0cb11becab0d597f02a01acc91bea07a62bf786b9
sample,dense_crlf-1024,355,1664887,256499,500,3ad915702f8927321f50e4db42a4d0b3acc0b7d7299945a087ea3b68db3db73e,887ca114a3e64d1f43d437b0cb11becab0d597f02a01acc91bea07a62bf786b9
sample,dense_crlf-1024,356,1676066,256499,500,3ad915702f8927321f50e4db42a4d0b3acc0b7d7299945a087ea3b68db3db73e,887ca114a3e64d1f43d437b0cb11becab0d597f02a01acc91bea07a62bf786b9
sample,dense_crlf-1024,357,1673006,256499,500,3ad915702f8927321f50e4db42a4d0b3acc0b7d7299945a087ea3b68db3db73e,887ca114a3e64d1f43d437b0cb11becab0d597f02a01acc91bea07a62bf786b9
sample,dense_crlf-1024,358,1675436,256499,500,3ad915702f8927321f50e4db42a4d0b3acc0b7d7299945a087ea3b68db3db73e,887ca114a3e64d1f43d437b0cb11becab0d597f02a01acc91bea07a62bf786b9
sample,dense_crlf-1024,359,1672566,256499,500,3ad915702f8927321f50e4db42a4d0b3acc0b7d7299945a087ea3b68db3db73e,887ca114a3e64d1f43d437b0cb11becab0d597f02a01acc91bea07a62bf786b9
sample,dense_crlf-1024,360,1675247,256499,500,3ad915702f8927321f50e4db42a4d0b3acc0b7d7299945a087ea3b68db3db73e,887ca114a3e64d1f43d437b0cb11becab0d597f02a01acc91bea07a62bf786b9
sample,dense_crlf-1024,361,1670216,256499,500,3ad915702f8927321f50e4db42a4d0b3acc0b7d7299945a087ea3b68db3db73e,887ca114a3e64d1f43d437b0cb11becab0d597f02a01acc91bea07a62bf786b9
sample,dense_crlf-1024,362,1671476,256499,500,3ad915702f8927321f50e4db42a4d0b3acc0b7d7299945a087ea3b68db3db73e,887ca114a3e64d1f43d437b0cb11becab0d597f02a01acc91bea07a62bf786b9
sample,dense_crlf-1024,363,1676846,256499,500,3ad915702f8927321f50e4db42a4d0b3acc0b7d7299945a087ea3b68db3db73e,887ca114a3e64d1f43d437b0cb11becab0d597f02a01acc91bea07a62bf786b9
sample,dense_crlf-1024,364,1667676,256499,500,3ad915702f8927321f50e4db42a4d0b3acc0b7d7299945a087ea3b68db3db73e,887ca114a3e64d1f43d437b0cb11becab0d597f02a01acc91bea07a62bf786b9
sample,dense_crlf-1024,365,1672527,256499,500,3ad915702f8927321f50e4db42a4d0b3acc0b7d7299945a087ea3b68db3db73e,887ca114a3e64d1f43d437b0cb11becab0d597f02a01acc91bea07a62bf786b9
sample,dense_crlf-1024,366,1676356,256499,500,3ad915702f8927321f50e4db42a4d0b3acc0b7d7299945a087ea3b68db3db73e,887ca114a3e64d1f43d437b0cb11becab0d597f02a01acc91bea07a62bf786b9
sample,dense_crlf-1024,367,1666976,256499,500,3ad915702f8927321f50e4db42a4d0b3acc0b7d7299945a087ea3b68db3db73e,887ca114a3e64d1f43d437b0cb11becab0d597f02a01acc91bea07a62bf786b9
sample,dense_crlf-1024,368,1693796,256499,500,3ad915702f8927321f50e4db42a4d0b3acc0b7d7299945a087ea3b68db3db73e,887ca114a3e64d1f43d437b0cb11becab0d597f02a01acc91bea07a62bf786b9
sample,dense_crlf-1024,369,1672986,256499,500,3ad915702f8927321f50e4db42a4d0b3acc0b7d7299945a087ea3b68db3db73e,887ca114a3e64d1f43d437b0cb11becab0d597f02a01acc91bea07a62bf786b9
sample,dense_crlf-1024,370,1669687,256499,500,3ad915702f8927321f50e4db42a4d0b3acc0b7d7299945a087ea3b68db3db73e,887ca114a3e64d1f43d437b0cb11becab0d597f02a01acc91bea07a62bf786b9
sample,dense_crlf-1024,371,1670796,256499,500,3ad915702f8927321f50e4db42a4d0b3acc0b7d7299945a087ea3b68db3db73e,887ca114a3e64d1f43d437b0cb11becab0d597f02a01acc91bea07a62bf786b9
sample,dense_crlf-1024,372,1674916,256499,500,3ad915702f8927321f50e4db42a4d0b3acc0b7d7299945a087ea3b68db3db73e,887ca114a3e64d1f43d437b0cb11becab0d597f02a01acc91bea07a62bf786b9
sample,dense_crlf-1024,373,1669686,256499,500,3ad915702f8927321f50e4db42a4d0b3acc0b7d7299945a087ea3b68db3db73e,887ca114a3e64d1f43d437b0cb11becab0d597f02a01acc91bea07a62bf786b9
sample,dense_crlf-1024,374,1670016,256499,500,3ad915702f8927321f50e4db42a4d0b3acc0b7d7299945a087ea3b68db3db73e,887ca114a3e64d1f43d437b0cb11becab0d597f02a01acc91bea07a62bf786b9
sample,dense_crlf-1024,375,1676767,256499,500,3ad915702f8927321f50e4db42a4d0b3acc0b7d7299945a087ea3b68db3db73e,887ca114a3e64d1f43d437b0cb11becab0d597f02a01acc91bea07a62bf786b9
sample,dense_crlf-1024,376,1666976,256499,500,3ad915702f8927321f50e4db42a4d0b3acc0b7d7299945a087ea3b68db3db73e,887ca114a3e64d1f43d437b0cb11becab0d597f02a01acc91bea07a62bf786b9
sample,dense_crlf-1024,377,1673696,256499,500,3ad915702f8927321f50e4db42a4d0b3acc0b7d7299945a087ea3b68db3db73e,887ca114a3e64d1f43d437b0cb11becab0d597f02a01acc91bea07a62bf786b9
sample,dense_crlf-1024,378,1671876,256499,500,3ad915702f8927321f50e4db42a4d0b3acc0b7d7299945a087ea3b68db3db73e,887ca114a3e64d1f43d437b0cb11becab0d597f02a01acc91bea07a62bf786b9
sample,dense_crlf-1024,379,1667446,256499,500,3ad915702f8927321f50e4db42a4d0b3acc0b7d7299945a087ea3b68db3db73e,887ca114a3e64d1f43d437b0cb11becab0d597f02a01acc91bea07a62bf786b9
sample,dense_crlf-1024,380,1674846,256499,500,3ad915702f8927321f50e4db42a4d0b3acc0b7d7299945a087ea3b68db3db73e,887ca114a3e64d1f43d437b0cb11becab0d597f02a01acc91bea07a62bf786b9
sample,dense_crlf-1024,381,1670277,256499,500,3ad915702f8927321f50e4db42a4d0b3acc0b7d7299945a087ea3b68db3db73e,887ca114a3e64d1f43d437b0cb11becab0d597f02a01acc91bea07a62bf786b9
sample,dense_crlf-1024,382,1676366,256499,500,3ad915702f8927321f50e4db42a4d0b3acc0b7d7299945a087ea3b68db3db73e,887ca114a3e64d1f43d437b0cb11becab0d597f02a01acc91bea07a62bf786b9
sample,dense_crlf-1024,383,1673266,256499,500,3ad915702f8927321f50e4db42a4d0b3acc0b7d7299945a087ea3b68db3db73e,887ca114a3e64d1f43d437b0cb11becab0d597f02a01acc91bea07a62bf786b9
sample,dense_crlf-1024,384,1673396,256499,500,3ad915702f8927321f50e4db42a4d0b3acc0b7d7299945a087ea3b68db3db73e,887ca114a3e64d1f43d437b0cb11becab0d597f02a01acc91bea07a62bf786b9
sample,dense_crlf-1024,385,1672446,256499,500,3ad915702f8927321f50e4db42a4d0b3acc0b7d7299945a087ea3b68db3db73e,887ca114a3e64d1f43d437b0cb11becab0d597f02a01acc91bea07a62bf786b9
sample,dense_crlf-1024,386,1674407,256499,500,3ad915702f8927321f50e4db42a4d0b3acc0b7d7299945a087ea3b68db3db73e,887ca114a3e64d1f43d437b0cb11becab0d597f02a01acc91bea07a62bf786b9
sample,dense_crlf-1024,387,1679376,256499,500,3ad915702f8927321f50e4db42a4d0b3acc0b7d7299945a087ea3b68db3db73e,887ca114a3e64d1f43d437b0cb11becab0d597f02a01acc91bea07a62bf786b9
sample,dense_crlf-1024,388,1673346,256499,500,3ad915702f8927321f50e4db42a4d0b3acc0b7d7299945a087ea3b68db3db73e,887ca114a3e64d1f43d437b0cb11becab0d597f02a01acc91bea07a62bf786b9
sample,dense_crlf-1024,389,1669776,256499,500,3ad915702f8927321f50e4db42a4d0b3acc0b7d7299945a087ea3b68db3db73e,887ca114a3e64d1f43d437b0cb11becab0d597f02a01acc91bea07a62bf786b9
sample,dense_crlf-1024,390,1672326,256499,500,3ad915702f8927321f50e4db42a4d0b3acc0b7d7299945a087ea3b68db3db73e,887ca114a3e64d1f43d437b0cb11becab0d597f02a01acc91bea07a62bf786b9
sample,dense_crlf-1024,391,1673607,256499,500,3ad915702f8927321f50e4db42a4d0b3acc0b7d7299945a087ea3b68db3db73e,887ca114a3e64d1f43d437b0cb11becab0d597f02a01acc91bea07a62bf786b9
sample,dense_crlf-1024,392,1671906,256499,500,3ad915702f8927321f50e4db42a4d0b3acc0b7d7299945a087ea3b68db3db73e,887ca114a3e64d1f43d437b0cb11becab0d597f02a01acc91bea07a62bf786b9
sample,dense_crlf-1024,393,1672436,256499,500,3ad915702f8927321f50e4db42a4d0b3acc0b7d7299945a087ea3b68db3db73e,887ca114a3e64d1f43d437b0cb11becab0d597f02a01acc91bea07a62bf786b9
sample,dense_crlf-1024,394,1674666,256499,500,3ad915702f8927321f50e4db42a4d0b3acc0b7d7299945a087ea3b68db3db73e,887ca114a3e64d1f43d437b0cb11becab0d597f02a01acc91bea07a62bf786b9
sample,dense_crlf-1024,395,1667316,256499,500,3ad915702f8927321f50e4db42a4d0b3acc0b7d7299945a087ea3b68db3db73e,887ca114a3e64d1f43d437b0cb11becab0d597f02a01acc91bea07a62bf786b9
sample,dense_crlf-1024,396,1673067,256499,500,3ad915702f8927321f50e4db42a4d0b3acc0b7d7299945a087ea3b68db3db73e,887ca114a3e64d1f43d437b0cb11becab0d597f02a01acc91bea07a62bf786b9
sample,dense_crlf-1024,397,1674076,256499,500,3ad915702f8927321f50e4db42a4d0b3acc0b7d7299945a087ea3b68db3db73e,887ca114a3e64d1f43d437b0cb11becab0d597f02a01acc91bea07a62bf786b9
sample,dense_crlf-1024,398,1666156,256499,500,3ad915702f8927321f50e4db42a4d0b3acc0b7d7299945a087ea3b68db3db73e,887ca114a3e64d1f43d437b0cb11becab0d597f02a01acc91bea07a62bf786b9
sample,dense_crlf-1024,399,1675656,256499,500,3ad915702f8927321f50e4db42a4d0b3acc0b7d7299945a087ea3b68db3db73e,887ca114a3e64d1f43d437b0cb11becab0d597f02a01acc91bea07a62bf786b9
sample,dense_crlf-1024,400,1670516,256499,500,3ad915702f8927321f50e4db42a4d0b3acc0b7d7299945a087ea3b68db3db73e,887ca114a3e64d1f43d437b0cb11becab0d597f02a01acc91bea07a62bf786b9
sample,dense_crlf-1024,401,1671956,256499,500,3ad915702f8927321f50e4db42a4d0b3acc0b7d7299945a087ea3b68db3db73e,887ca114a3e64d1f43d437b0cb11becab0d597f02a01acc91bea07a62bf786b9
sample,dense_crlf-1024,402,1674947,256499,500,3ad915702f8927321f50e4db42a4d0b3acc0b7d7299945a087ea3b68db3db73e,887ca114a3e64d1f43d437b0cb11becab0d597f02a01acc91bea07a62bf786b9
sample,dense_crlf-1024,403,1672266,256499,500,3ad915702f8927321f50e4db42a4d0b3acc0b7d7299945a087ea3b68db3db73e,887ca114a3e64d1f43d437b0cb11becab0d597f02a01acc91bea07a62bf786b9
sample,dense_crlf-1024,404,1670326,256499,500,3ad915702f8927321f50e4db42a4d0b3acc0b7d7299945a087ea3b68db3db73e,887ca114a3e64d1f43d437b0cb11becab0d597f02a01acc91bea07a62bf786b9
sample,dense_crlf-1024,405,1673576,256499,500,3ad915702f8927321f50e4db42a4d0b3acc0b7d7299945a087ea3b68db3db73e,887ca114a3e64d1f43d437b0cb11becab0d597f02a01acc91bea07a62bf786b9
sample,dense_crlf-1024,406,1677526,256499,500,3ad915702f8927321f50e4db42a4d0b3acc0b7d7299945a087ea3b68db3db73e,887ca114a3e64d1f43d437b0cb11becab0d597f02a01acc91bea07a62bf786b9
sample,dense_crlf-1024,407,1666027,256499,500,3ad915702f8927321f50e4db42a4d0b3acc0b7d7299945a087ea3b68db3db73e,887ca114a3e64d1f43d437b0cb11becab0d597f02a01acc91bea07a62bf786b9
sample,dense_crlf-1024,408,1674116,256499,500,3ad915702f8927321f50e4db42a4d0b3acc0b7d7299945a087ea3b68db3db73e,887ca114a3e64d1f43d437b0cb11becab0d597f02a01acc91bea07a62bf786b9
sample,dense_crlf-1024,409,1671956,256499,500,3ad915702f8927321f50e4db42a4d0b3acc0b7d7299945a087ea3b68db3db73e,887ca114a3e64d1f43d437b0cb11becab0d597f02a01acc91bea07a62bf786b9
sample,dense_crlf-1024,410,1669646,256499,500,3ad915702f8927321f50e4db42a4d0b3acc0b7d7299945a087ea3b68db3db73e,887ca114a3e64d1f43d437b0cb11becab0d597f02a01acc91bea07a62bf786b9
sample,dense_crlf-1024,411,1674976,256499,500,3ad915702f8927321f50e4db42a4d0b3acc0b7d7299945a087ea3b68db3db73e,887ca114a3e64d1f43d437b0cb11becab0d597f02a01acc91bea07a62bf786b9
sample,dense_crlf-1024,412,1673297,256499,500,3ad915702f8927321f50e4db42a4d0b3acc0b7d7299945a087ea3b68db3db73e,887ca114a3e64d1f43d437b0cb11becab0d597f02a01acc91bea07a62bf786b9
sample,dense_crlf-1024,413,1670916,256499,500,3ad915702f8927321f50e4db42a4d0b3acc0b7d7299945a087ea3b68db3db73e,887ca114a3e64d1f43d437b0cb11becab0d597f02a01acc91bea07a62bf786b9
sample,dense_crlf-1024,414,1671786,256499,500,3ad915702f8927321f50e4db42a4d0b3acc0b7d7299945a087ea3b68db3db73e,887ca114a3e64d1f43d437b0cb11becab0d597f02a01acc91bea07a62bf786b9
sample,dense_crlf-1024,415,1672296,256499,500,3ad915702f8927321f50e4db42a4d0b3acc0b7d7299945a087ea3b68db3db73e,887ca114a3e64d1f43d437b0cb11becab0d597f02a01acc91bea07a62bf786b9
sample,dense_crlf-1024,416,1668566,256499,500,3ad915702f8927321f50e4db42a4d0b3acc0b7d7299945a087ea3b68db3db73e,887ca114a3e64d1f43d437b0cb11becab0d597f02a01acc91bea07a62bf786b9
sample,dense_crlf-1024,417,1671326,256499,500,3ad915702f8927321f50e4db42a4d0b3acc0b7d7299945a087ea3b68db3db73e,887ca114a3e64d1f43d437b0cb11becab0d597f02a01acc91bea07a62bf786b9
sample,dense_crlf-1024,418,1676617,256499,500,3ad915702f8927321f50e4db42a4d0b3acc0b7d7299945a087ea3b68db3db73e,887ca114a3e64d1f43d437b0cb11becab0d597f02a01acc91bea07a62bf786b9
sample,dense_crlf-1024,419,1668366,256499,500,3ad915702f8927321f50e4db42a4d0b3acc0b7d7299945a087ea3b68db3db73e,887ca114a3e64d1f43d437b0cb11becab0d597f02a01acc91bea07a62bf786b9
sample,dense_crlf-1024,420,1680686,256499,500,3ad915702f8927321f50e4db42a4d0b3acc0b7d7299945a087ea3b68db3db73e,887ca114a3e64d1f43d437b0cb11becab0d597f02a01acc91bea07a62bf786b9
sample,dense_crlf-1024,421,1670986,256499,500,3ad915702f8927321f50e4db42a4d0b3acc0b7d7299945a087ea3b68db3db73e,887ca114a3e64d1f43d437b0cb11becab0d597f02a01acc91bea07a62bf786b9
sample,dense_crlf-1024,422,1667566,256499,500,3ad915702f8927321f50e4db42a4d0b3acc0b7d7299945a087ea3b68db3db73e,887ca114a3e64d1f43d437b0cb11becab0d597f02a01acc91bea07a62bf786b9
sample,dense_crlf-1024,423,1675157,256499,500,3ad915702f8927321f50e4db42a4d0b3acc0b7d7299945a087ea3b68db3db73e,887ca114a3e64d1f43d437b0cb11becab0d597f02a01acc91bea07a62bf786b9
sample,dense_crlf-1024,424,1671586,256499,500,3ad915702f8927321f50e4db42a4d0b3acc0b7d7299945a087ea3b68db3db73e,887ca114a3e64d1f43d437b0cb11becab0d597f02a01acc91bea07a62bf786b9
sample,dense_crlf-1024,425,1668796,256499,500,3ad915702f8927321f50e4db42a4d0b3acc0b7d7299945a087ea3b68db3db73e,887ca114a3e64d1f43d437b0cb11becab0d597f02a01acc91bea07a62bf786b9
sample,dense_crlf-1024,426,1673526,256499,500,3ad915702f8927321f50e4db42a4d0b3acc0b7d7299945a087ea3b68db3db73e,887ca114a3e64d1f43d437b0cb11becab0d597f02a01acc91bea07a62bf786b9
sample,dense_crlf-1024,427,1685146,256499,500,3ad915702f8927321f50e4db42a4d0b3acc0b7d7299945a087ea3b68db3db73e,887ca114a3e64d1f43d437b0cb11becab0d597f02a01acc91bea07a62bf786b9
sample,dense_crlf-1024,428,1678287,256499,500,3ad915702f8927321f50e4db42a4d0b3acc0b7d7299945a087ea3b68db3db73e,887ca114a3e64d1f43d437b0cb11becab0d597f02a01acc91bea07a62bf786b9
sample,dense_crlf-1024,429,1665486,256499,500,3ad915702f8927321f50e4db42a4d0b3acc0b7d7299945a087ea3b68db3db73e,887ca114a3e64d1f43d437b0cb11becab0d597f02a01acc91bea07a62bf786b9
sample,dense_crlf-1024,430,1674376,256499,500,3ad915702f8927321f50e4db42a4d0b3acc0b7d7299945a087ea3b68db3db73e,887ca114a3e64d1f43d437b0cb11becab0d597f02a01acc91bea07a62bf786b9
sample,dense_crlf-1024,431,1671286,256499,500,3ad915702f8927321f50e4db42a4d0b3acc0b7d7299945a087ea3b68db3db73e,887ca114a3e64d1f43d437b0cb11becab0d597f02a01acc91bea07a62bf786b9
sample,dense_crlf-1024,432,1670586,256499,500,3ad915702f8927321f50e4db42a4d0b3acc0b7d7299945a087ea3b68db3db73e,887ca114a3e64d1f43d437b0cb11becab0d597f02a01acc91bea07a62bf786b9
sample,dense_crlf-1024,433,1675017,256499,500,3ad915702f8927321f50e4db42a4d0b3acc0b7d7299945a087ea3b68db3db73e,887ca114a3e64d1f43d437b0cb11becab0d597f02a01acc91bea07a62bf786b9
sample,dense_crlf-1024,434,1670656,256499,500,3ad915702f8927321f50e4db42a4d0b3acc0b7d7299945a087ea3b68db3db73e,887ca114a3e64d1f43d437b0cb11becab0d597f02a01acc91bea07a62bf786b9
sample,dense_crlf-1024,435,1669086,256499,500,3ad915702f8927321f50e4db42a4d0b3acc0b7d7299945a087ea3b68db3db73e,887ca114a3e64d1f43d437b0cb11becab0d597f02a01acc91bea07a62bf786b9
sample,dense_crlf-1024,436,1670906,256499,500,3ad915702f8927321f50e4db42a4d0b3acc0b7d7299945a087ea3b68db3db73e,887ca114a3e64d1f43d437b0cb11becab0d597f02a01acc91bea07a62bf786b9
sample,dense_crlf-1024,437,1675626,256499,500,3ad915702f8927321f50e4db42a4d0b3acc0b7d7299945a087ea3b68db3db73e,887ca114a3e64d1f43d437b0cb11becab0d597f02a01acc91bea07a62bf786b9
sample,dense_crlf-1024,438,1665996,256499,500,3ad915702f8927321f50e4db42a4d0b3acc0b7d7299945a087ea3b68db3db73e,887ca114a3e64d1f43d437b0cb11becab0d597f02a01acc91bea07a62bf786b9
sample,dense_crlf-1024,439,1674397,256499,500,3ad915702f8927321f50e4db42a4d0b3acc0b7d7299945a087ea3b68db3db73e,887ca114a3e64d1f43d437b0cb11becab0d597f02a01acc91bea07a62bf786b9
sample,dense_crlf-1024,440,1676036,256499,500,3ad915702f8927321f50e4db42a4d0b3acc0b7d7299945a087ea3b68db3db73e,887ca114a3e64d1f43d437b0cb11becab0d597f02a01acc91bea07a62bf786b9
sample,dense_crlf-1024,441,1667676,256499,500,3ad915702f8927321f50e4db42a4d0b3acc0b7d7299945a087ea3b68db3db73e,887ca114a3e64d1f43d437b0cb11becab0d597f02a01acc91bea07a62bf786b9
sample,dense_crlf-1024,442,1674256,256499,500,3ad915702f8927321f50e4db42a4d0b3acc0b7d7299945a087ea3b68db3db73e,887ca114a3e64d1f43d437b0cb11becab0d597f02a01acc91bea07a62bf786b9
sample,dense_crlf-1024,443,1672056,256499,500,3ad915702f8927321f50e4db42a4d0b3acc0b7d7299945a087ea3b68db3db73e,887ca114a3e64d1f43d437b0cb11becab0d597f02a01acc91bea07a62bf786b9
sample,dense_crlf-1024,444,1667987,256499,500,3ad915702f8927321f50e4db42a4d0b3acc0b7d7299945a087ea3b68db3db73e,887ca114a3e64d1f43d437b0cb11becab0d597f02a01acc91bea07a62bf786b9
sample,dense_crlf-1024,445,1675926,256499,500,3ad915702f8927321f50e4db42a4d0b3acc0b7d7299945a087ea3b68db3db73e,887ca114a3e64d1f43d437b0cb11becab0d597f02a01acc91bea07a62bf786b9
sample,dense_crlf-1024,446,1674046,256499,500,3ad915702f8927321f50e4db42a4d0b3acc0b7d7299945a087ea3b68db3db73e,887ca114a3e64d1f43d437b0cb11becab0d597f02a01acc91bea07a62bf786b9
sample,dense_crlf-1024,447,1672786,256499,500,3ad915702f8927321f50e4db42a4d0b3acc0b7d7299945a087ea3b68db3db73e,887ca114a3e64d1f43d437b0cb11becab0d597f02a01acc91bea07a62bf786b9
sample,dense_crlf-1024,448,1672816,256499,500,3ad915702f8927321f50e4db42a4d0b3acc0b7d7299945a087ea3b68db3db73e,887ca114a3e64d1f43d437b0cb11becab0d597f02a01acc91bea07a62bf786b9
sample,dense_crlf-1024,449,1674577,256499,500,3ad915702f8927321f50e4db42a4d0b3acc0b7d7299945a087ea3b68db3db73e,887ca114a3e64d1f43d437b0cb11becab0d597f02a01acc91bea07a62bf786b9
sample,dense_crlf-1024,450,1668196,256499,500,3ad915702f8927321f50e4db42a4d0b3acc0b7d7299945a087ea3b68db3db73e,887ca114a3e64d1f43d437b0cb11becab0d597f02a01acc91bea07a62bf786b9
sample,dense_crlf-1024,451,1674286,256499,500,3ad915702f8927321f50e4db42a4d0b3acc0b7d7299945a087ea3b68db3db73e,887ca114a3e64d1f43d437b0cb11becab0d597f02a01acc91bea07a62bf786b9
sample,dense_crlf-1024,452,1673676,256499,500,3ad915702f8927321f50e4db42a4d0b3acc0b7d7299945a087ea3b68db3db73e,887ca114a3e64d1f43d437b0cb11becab0d597f02a01acc91bea07a62bf786b9
sample,dense_crlf-1024,453,1671966,256499,500,3ad915702f8927321f50e4db42a4d0b3acc0b7d7299945a087ea3b68db3db73e,887ca114a3e64d1f43d437b0cb11becab0d597f02a01acc91bea07a62bf786b9
sample,dense_crlf-1024,454,1675457,256499,500,3ad915702f8927321f50e4db42a4d0b3acc0b7d7299945a087ea3b68db3db73e,887ca114a3e64d1f43d437b0cb11becab0d597f02a01acc91bea07a62bf786b9
sample,dense_crlf-1024,455,1672136,256499,500,3ad915702f8927321f50e4db42a4d0b3acc0b7d7299945a087ea3b68db3db73e,887ca114a3e64d1f43d437b0cb11becab0d597f02a01acc91bea07a62bf786b9
sample,dense_crlf-1024,456,1670966,256499,500,3ad915702f8927321f50e4db42a4d0b3acc0b7d7299945a087ea3b68db3db73e,887ca114a3e64d1f43d437b0cb11becab0d597f02a01acc91bea07a62bf786b9
sample,dense_crlf-1024,457,1675176,256499,500,3ad915702f8927321f50e4db42a4d0b3acc0b7d7299945a087ea3b68db3db73e,887ca114a3e64d1f43d437b0cb11becab0d597f02a01acc91bea07a62bf786b9
sample,dense_crlf-1024,458,1673396,256499,500,3ad915702f8927321f50e4db42a4d0b3acc0b7d7299945a087ea3b68db3db73e,887ca114a3e64d1f43d437b0cb11becab0d597f02a01acc91bea07a62bf786b9
sample,dense_crlf-1024,459,1668976,256499,500,3ad915702f8927321f50e4db42a4d0b3acc0b7d7299945a087ea3b68db3db73e,887ca114a3e64d1f43d437b0cb11becab0d597f02a01acc91bea07a62bf786b9
sample,dense_crlf-1024,460,1671397,256499,500,3ad915702f8927321f50e4db42a4d0b3acc0b7d7299945a087ea3b68db3db73e,887ca114a3e64d1f43d437b0cb11becab0d597f02a01acc91bea07a62bf786b9
sample,dense_crlf-1024,461,1675526,256499,500,3ad915702f8927321f50e4db42a4d0b3acc0b7d7299945a087ea3b68db3db73e,887ca114a3e64d1f43d437b0cb11becab0d597f02a01acc91bea07a62bf786b9
sample,dense_crlf-1024,462,1668056,256499,500,3ad915702f8927321f50e4db42a4d0b3acc0b7d7299945a087ea3b68db3db73e,887ca114a3e64d1f43d437b0cb11becab0d597f02a01acc91bea07a62bf786b9
sample,dense_crlf-1024,463,1673666,256499,500,3ad915702f8927321f50e4db42a4d0b3acc0b7d7299945a087ea3b68db3db73e,887ca114a3e64d1f43d437b0cb11becab0d597f02a01acc91bea07a62bf786b9
sample,dense_crlf-1024,464,1675056,256499,500,3ad915702f8927321f50e4db42a4d0b3acc0b7d7299945a087ea3b68db3db73e,887ca114a3e64d1f43d437b0cb11becab0d597f02a01acc91bea07a62bf786b9
sample,dense_crlf-1024,465,1667407,256499,500,3ad915702f8927321f50e4db42a4d0b3acc0b7d7299945a087ea3b68db3db73e,887ca114a3e64d1f43d437b0cb11becab0d597f02a01acc91bea07a62bf786b9
sample,dense_crlf-1024,466,1670756,256499,500,3ad915702f8927321f50e4db42a4d0b3acc0b7d7299945a087ea3b68db3db73e,887ca114a3e64d1f43d437b0cb11becab0d597f02a01acc91bea07a62bf786b9
sample,dense_crlf-1024,467,1673756,256499,500,3ad915702f8927321f50e4db42a4d0b3acc0b7d7299945a087ea3b68db3db73e,887ca114a3e64d1f43d437b0cb11becab0d597f02a01acc91bea07a62bf786b9
sample,dense_crlf-1024,468,1674856,256499,500,3ad915702f8927321f50e4db42a4d0b3acc0b7d7299945a087ea3b68db3db73e,887ca114a3e64d1f43d437b0cb11becab0d597f02a01acc91bea07a62bf786b9
sample,dense_crlf-1024,469,1667596,256499,500,3ad915702f8927321f50e4db42a4d0b3acc0b7d7299945a087ea3b68db3db73e,887ca114a3e64d1f43d437b0cb11becab0d597f02a01acc91bea07a62bf786b9
sample,dense_crlf-1024,470,1671947,256499,500,3ad915702f8927321f50e4db42a4d0b3acc0b7d7299945a087ea3b68db3db73e,887ca114a3e64d1f43d437b0cb11becab0d597f02a01acc91bea07a62bf786b9
sample,dense_crlf-1024,471,1681006,256499,500,3ad915702f8927321f50e4db42a4d0b3acc0b7d7299945a087ea3b68db3db73e,887ca114a3e64d1f43d437b0cb11becab0d597f02a01acc91bea07a62bf786b9
sample,dense_crlf-1024,472,1702306,256499,500,3ad915702f8927321f50e4db42a4d0b3acc0b7d7299945a087ea3b68db3db73e,887ca114a3e64d1f43d437b0cb11becab0d597f02a01acc91bea07a62bf786b9
sample,dense_crlf-1024,473,1675256,256499,500,3ad915702f8927321f50e4db42a4d0b3acc0b7d7299945a087ea3b68db3db73e,887ca114a3e64d1f43d437b0cb11becab0d597f02a01acc91bea07a62bf786b9
sample,dense_crlf-1024,474,1670346,256499,500,3ad915702f8927321f50e4db42a4d0b3acc0b7d7299945a087ea3b68db3db73e,887ca114a3e64d1f43d437b0cb11becab0d597f02a01acc91bea07a62bf786b9
sample,dense_crlf-1024,475,1668077,256499,500,3ad915702f8927321f50e4db42a4d0b3acc0b7d7299945a087ea3b68db3db73e,887ca114a3e64d1f43d437b0cb11becab0d597f02a01acc91bea07a62bf786b9
sample,dense_crlf-1024,476,1671896,256499,500,3ad915702f8927321f50e4db42a4d0b3acc0b7d7299945a087ea3b68db3db73e,887ca114a3e64d1f43d437b0cb11becab0d597f02a01acc91bea07a62bf786b9
sample,dense_crlf-1024,477,1671956,256499,500,3ad915702f8927321f50e4db42a4d0b3acc0b7d7299945a087ea3b68db3db73e,887ca114a3e64d1f43d437b0cb11becab0d597f02a01acc91bea07a62bf786b9
sample,dense_crlf-1024,478,1669516,256499,500,3ad915702f8927321f50e4db42a4d0b3acc0b7d7299945a087ea3b68db3db73e,887ca114a3e64d1f43d437b0cb11becab0d597f02a01acc91bea07a62bf786b9
sample,dense_crlf-1024,479,1669486,256499,500,3ad915702f8927321f50e4db42a4d0b3acc0b7d7299945a087ea3b68db3db73e,887ca114a3e64d1f43d437b0cb11becab0d597f02a01acc91bea07a62bf786b9
sample,dense_crlf-1024,480,1676417,256499,500,3ad915702f8927321f50e4db42a4d0b3acc0b7d7299945a087ea3b68db3db73e,887ca114a3e64d1f43d437b0cb11becab0d597f02a01acc91bea07a62bf786b9
sample,dense_crlf-1024,481,1666626,256499,500,3ad915702f8927321f50e4db42a4d0b3acc0b7d7299945a087ea3b68db3db73e,887ca114a3e64d1f43d437b0cb11becab0d597f02a01acc91bea07a62bf786b9
sample,dense_crlf-1024,482,1674716,256499,500,3ad915702f8927321f50e4db42a4d0b3acc0b7d7299945a087ea3b68db3db73e,887ca114a3e64d1f43d437b0cb11becab0d597f02a01acc91bea07a62bf786b9
sample,dense_crlf-1024,483,1672236,256499,500,3ad915702f8927321f50e4db42a4d0b3acc0b7d7299945a087ea3b68db3db73e,887ca114a3e64d1f43d437b0cb11becab0d597f02a01acc91bea07a62bf786b9
sample,dense_crlf-1024,484,1667496,256499,500,3ad915702f8927321f50e4db42a4d0b3acc0b7d7299945a087ea3b68db3db73e,887ca114a3e64d1f43d437b0cb11becab0d597f02a01acc91bea07a62bf786b9
sample,dense_crlf-1024,485,1676417,256499,500,3ad915702f8927321f50e4db42a4d0b3acc0b7d7299945a087ea3b68db3db73e,887ca114a3e64d1f43d437b0cb11becab0d597f02a01acc91bea07a62bf786b9
sample,dense_crlf-1024,486,1675326,256499,500,3ad915702f8927321f50e4db42a4d0b3acc0b7d7299945a087ea3b68db3db73e,887ca114a3e64d1f43d437b0cb11becab0d597f02a01acc91bea07a62bf786b9
sample,dense_crlf-1024,487,1669826,256499,500,3ad915702f8927321f50e4db42a4d0b3acc0b7d7299945a087ea3b68db3db73e,887ca114a3e64d1f43d437b0cb11becab0d597f02a01acc91bea07a62bf786b9
sample,dense_crlf-1024,488,1674266,256499,500,3ad915702f8927321f50e4db42a4d0b3acc0b7d7299945a087ea3b68db3db73e,887ca114a3e64d1f43d437b0cb11becab0d597f02a01acc91bea07a62bf786b9
sample,dense_crlf-1024,489,1672396,256499,500,3ad915702f8927321f50e4db42a4d0b3acc0b7d7299945a087ea3b68db3db73e,887ca114a3e64d1f43d437b0cb11becab0d597f02a01acc91bea07a62bf786b9
sample,dense_crlf-1024,490,1672237,256499,500,3ad915702f8927321f50e4db42a4d0b3acc0b7d7299945a087ea3b68db3db73e,887ca114a3e64d1f43d437b0cb11becab0d597f02a01acc91bea07a62bf786b9
sample,dense_crlf-1024,491,1674896,256499,500,3ad915702f8927321f50e4db42a4d0b3acc0b7d7299945a087ea3b68db3db73e,887ca114a3e64d1f43d437b0cb11becab0d597f02a01acc91bea07a62bf786b9
sample,dense_crlf-1024,492,1676966,256499,500,3ad915702f8927321f50e4db42a4d0b3acc0b7d7299945a087ea3b68db3db73e,887ca114a3e64d1f43d437b0cb11becab0d597f02a01acc91bea07a62bf786b9
sample,dense_crlf-1024,493,1662516,256499,500,3ad915702f8927321f50e4db42a4d0b3acc0b7d7299945a087ea3b68db3db73e,887ca114a3e64d1f43d437b0cb11becab0d597f02a01acc91bea07a62bf786b9
sample,dense_crlf-1024,494,1674336,256499,500,3ad915702f8927321f50e4db42a4d0b3acc0b7d7299945a087ea3b68db3db73e,887ca114a3e64d1f43d437b0cb11becab0d597f02a01acc91bea07a62bf786b9
sample,dense_crlf-1024,495,1676246,256499,500,3ad915702f8927321f50e4db42a4d0b3acc0b7d7299945a087ea3b68db3db73e,887ca114a3e64d1f43d437b0cb11becab0d597f02a01acc91bea07a62bf786b9
sample,dense_crlf-1024,496,1667837,256499,500,3ad915702f8927321f50e4db42a4d0b3acc0b7d7299945a087ea3b68db3db73e,887ca114a3e64d1f43d437b0cb11becab0d597f02a01acc91bea07a62bf786b9
sample,dense_crlf-1024,497,1678246,256499,500,3ad915702f8927321f50e4db42a4d0b3acc0b7d7299945a087ea3b68db3db73e,887ca114a3e64d1f43d437b0cb11becab0d597f02a01acc91bea07a62bf786b9
sample,dense_crlf-1024,498,1677006,256499,500,3ad915702f8927321f50e4db42a4d0b3acc0b7d7299945a087ea3b68db3db73e,887ca114a3e64d1f43d437b0cb11becab0d597f02a01acc91bea07a62bf786b9
sample,dense_crlf-1024,499,1670236,256499,500,3ad915702f8927321f50e4db42a4d0b3acc0b7d7299945a087ea3b68db3db73e,887ca114a3e64d1f43d437b0cb11becab0d597f02a01acc91bea07a62bf786b9
sample,all_cr-1024,0,3216791,512499,500,8daa7311fa122f481e84b77d4b9415697087da2a1308fe3345308bbb8764f55c,fad1998d4f23c96219b7cb5c251ce4d8bb9de2fa697aec86f84a98607574224c
sample,all_cr-1024,1,3219432,512499,500,8daa7311fa122f481e84b77d4b9415697087da2a1308fe3345308bbb8764f55c,fad1998d4f23c96219b7cb5c251ce4d8bb9de2fa697aec86f84a98607574224c
sample,all_cr-1024,2,3213342,512499,500,8daa7311fa122f481e84b77d4b9415697087da2a1308fe3345308bbb8764f55c,fad1998d4f23c96219b7cb5c251ce4d8bb9de2fa697aec86f84a98607574224c
sample,all_cr-1024,3,3215512,512499,500,8daa7311fa122f481e84b77d4b9415697087da2a1308fe3345308bbb8764f55c,fad1998d4f23c96219b7cb5c251ce4d8bb9de2fa697aec86f84a98607574224c
sample,all_cr-1024,4,3214732,512499,500,8daa7311fa122f481e84b77d4b9415697087da2a1308fe3345308bbb8764f55c,fad1998d4f23c96219b7cb5c251ce4d8bb9de2fa697aec86f84a98607574224c
sample,all_cr-1024,5,3213342,512499,500,8daa7311fa122f481e84b77d4b9415697087da2a1308fe3345308bbb8764f55c,fad1998d4f23c96219b7cb5c251ce4d8bb9de2fa697aec86f84a98607574224c
sample,all_cr-1024,6,3218992,512499,500,8daa7311fa122f481e84b77d4b9415697087da2a1308fe3345308bbb8764f55c,fad1998d4f23c96219b7cb5c251ce4d8bb9de2fa697aec86f84a98607574224c
sample,all_cr-1024,7,3210562,512499,500,8daa7311fa122f481e84b77d4b9415697087da2a1308fe3345308bbb8764f55c,fad1998d4f23c96219b7cb5c251ce4d8bb9de2fa697aec86f84a98607574224c
sample,all_cr-1024,8,3212601,512499,500,8daa7311fa122f481e84b77d4b9415697087da2a1308fe3345308bbb8764f55c,fad1998d4f23c96219b7cb5c251ce4d8bb9de2fa697aec86f84a98607574224c
sample,all_cr-1024,9,3214462,512499,500,8daa7311fa122f481e84b77d4b9415697087da2a1308fe3345308bbb8764f55c,fad1998d4f23c96219b7cb5c251ce4d8bb9de2fa697aec86f84a98607574224c
sample,all_cr-1024,10,3212572,512499,500,8daa7311fa122f481e84b77d4b9415697087da2a1308fe3345308bbb8764f55c,fad1998d4f23c96219b7cb5c251ce4d8bb9de2fa697aec86f84a98607574224c
sample,all_cr-1024,11,3217302,512499,500,8daa7311fa122f481e84b77d4b9415697087da2a1308fe3345308bbb8764f55c,fad1998d4f23c96219b7cb5c251ce4d8bb9de2fa697aec86f84a98607574224c
sample,all_cr-1024,12,3287882,512499,500,8daa7311fa122f481e84b77d4b9415697087da2a1308fe3345308bbb8764f55c,fad1998d4f23c96219b7cb5c251ce4d8bb9de2fa697aec86f84a98607574224c
sample,all_cr-1024,13,3211472,512499,500,8daa7311fa122f481e84b77d4b9415697087da2a1308fe3345308bbb8764f55c,fad1998d4f23c96219b7cb5c251ce4d8bb9de2fa697aec86f84a98607574224c
sample,all_cr-1024,14,3216042,512499,500,8daa7311fa122f481e84b77d4b9415697087da2a1308fe3345308bbb8764f55c,fad1998d4f23c96219b7cb5c251ce4d8bb9de2fa697aec86f84a98607574224c
sample,all_cr-1024,15,3283302,512499,500,8daa7311fa122f481e84b77d4b9415697087da2a1308fe3345308bbb8764f55c,fad1998d4f23c96219b7cb5c251ce4d8bb9de2fa697aec86f84a98607574224c
sample,all_cr-1024,16,3219902,512499,500,8daa7311fa122f481e84b77d4b9415697087da2a1308fe3345308bbb8764f55c,fad1998d4f23c96219b7cb5c251ce4d8bb9de2fa697aec86f84a98607574224c
sample,all_cr-1024,17,3215112,512499,500,8daa7311fa122f481e84b77d4b9415697087da2a1308fe3345308bbb8764f55c,fad1998d4f23c96219b7cb5c251ce4d8bb9de2fa697aec86f84a98607574224c
sample,all_cr-1024,18,3212372,512499,500,8daa7311fa122f481e84b77d4b9415697087da2a1308fe3345308bbb8764f55c,fad1998d4f23c96219b7cb5c251ce4d8bb9de2fa697aec86f84a98607574224c
sample,all_cr-1024,19,3209512,512499,500,8daa7311fa122f481e84b77d4b9415697087da2a1308fe3345308bbb8764f55c,fad1998d4f23c96219b7cb5c251ce4d8bb9de2fa697aec86f84a98607574224c
sample,all_cr-1024,20,3216392,512499,500,8daa7311fa122f481e84b77d4b9415697087da2a1308fe3345308bbb8764f55c,fad1998d4f23c96219b7cb5c251ce4d8bb9de2fa697aec86f84a98607574224c
sample,all_cr-1024,21,3226432,512499,500,8daa7311fa122f481e84b77d4b9415697087da2a1308fe3345308bbb8764f55c,fad1998d4f23c96219b7cb5c251ce4d8bb9de2fa697aec86f84a98607574224c
sample,all_cr-1024,22,3217401,512499,500,8daa7311fa122f481e84b77d4b9415697087da2a1308fe3345308bbb8764f55c,fad1998d4f23c96219b7cb5c251ce4d8bb9de2fa697aec86f84a98607574224c
sample,all_cr-1024,23,3223651,512499,500,8daa7311fa122f481e84b77d4b9415697087da2a1308fe3345308bbb8764f55c,fad1998d4f23c96219b7cb5c251ce4d8bb9de2fa697aec86f84a98607574224c
sample,all_cr-1024,24,3211332,512499,500,8daa7311fa122f481e84b77d4b9415697087da2a1308fe3345308bbb8764f55c,fad1998d4f23c96219b7cb5c251ce4d8bb9de2fa697aec86f84a98607574224c
sample,all_cr-1024,25,3221942,512499,500,8daa7311fa122f481e84b77d4b9415697087da2a1308fe3345308bbb8764f55c,fad1998d4f23c96219b7cb5c251ce4d8bb9de2fa697aec86f84a98607574224c
sample,all_cr-1024,26,3227812,512499,500,8daa7311fa122f481e84b77d4b9415697087da2a1308fe3345308bbb8764f55c,fad1998d4f23c96219b7cb5c251ce4d8bb9de2fa697aec86f84a98607574224c
sample,all_cr-1024,27,3214522,512499,500,8daa7311fa122f481e84b77d4b9415697087da2a1308fe3345308bbb8764f55c,fad1998d4f23c96219b7cb5c251ce4d8bb9de2fa697aec86f84a98607574224c
sample,all_cr-1024,28,3213832,512499,500,8daa7311fa122f481e84b77d4b9415697087da2a1308fe3345308bbb8764f55c,fad1998d4f23c96219b7cb5c251ce4d8bb9de2fa697aec86f84a98607574224c
sample,all_cr-1024,29,3210142,512499,500,8daa7311fa122f481e84b77d4b9415697087da2a1308fe3345308bbb8764f55c,fad1998d4f23c96219b7cb5c251ce4d8bb9de2fa697aec86f84a98607574224c
sample,all_cr-1024,30,3220622,512499,500,8daa7311fa122f481e84b77d4b9415697087da2a1308fe3345308bbb8764f55c,fad1998d4f23c96219b7cb5c251ce4d8bb9de2fa697aec86f84a98607574224c
sample,all_cr-1024,31,3215492,512499,500,8daa7311fa122f481e84b77d4b9415697087da2a1308fe3345308bbb8764f55c,fad1998d4f23c96219b7cb5c251ce4d8bb9de2fa697aec86f84a98607574224c
sample,all_cr-1024,32,3215262,512499,500,8daa7311fa122f481e84b77d4b9415697087da2a1308fe3345308bbb8764f55c,fad1998d4f23c96219b7cb5c251ce4d8bb9de2fa697aec86f84a98607574224c
sample,all_cr-1024,33,3220481,512499,500,8daa7311fa122f481e84b77d4b9415697087da2a1308fe3345308bbb8764f55c,fad1998d4f23c96219b7cb5c251ce4d8bb9de2fa697aec86f84a98607574224c
sample,all_cr-1024,34,3223612,512499,500,8daa7311fa122f481e84b77d4b9415697087da2a1308fe3345308bbb8764f55c,fad1998d4f23c96219b7cb5c251ce4d8bb9de2fa697aec86f84a98607574224c
sample,all_cr-1024,35,3225922,512499,500,8daa7311fa122f481e84b77d4b9415697087da2a1308fe3345308bbb8764f55c,fad1998d4f23c96219b7cb5c251ce4d8bb9de2fa697aec86f84a98607574224c
sample,all_cr-1024,36,3222042,512499,500,8daa7311fa122f481e84b77d4b9415697087da2a1308fe3345308bbb8764f55c,fad1998d4f23c96219b7cb5c251ce4d8bb9de2fa697aec86f84a98607574224c
sample,all_cr-1024,37,3219892,512499,500,8daa7311fa122f481e84b77d4b9415697087da2a1308fe3345308bbb8764f55c,fad1998d4f23c96219b7cb5c251ce4d8bb9de2fa697aec86f84a98607574224c
sample,all_cr-1024,38,3219162,512499,500,8daa7311fa122f481e84b77d4b9415697087da2a1308fe3345308bbb8764f55c,fad1998d4f23c96219b7cb5c251ce4d8bb9de2fa697aec86f84a98607574224c
sample,all_cr-1024,39,3217102,512499,500,8daa7311fa122f481e84b77d4b9415697087da2a1308fe3345308bbb8764f55c,fad1998d4f23c96219b7cb5c251ce4d8bb9de2fa697aec86f84a98607574224c
sample,all_cr-1024,40,3217802,512499,500,8daa7311fa122f481e84b77d4b9415697087da2a1308fe3345308bbb8764f55c,fad1998d4f23c96219b7cb5c251ce4d8bb9de2fa697aec86f84a98607574224c
sample,all_cr-1024,41,3216282,512499,500,8daa7311fa122f481e84b77d4b9415697087da2a1308fe3345308bbb8764f55c,fad1998d4f23c96219b7cb5c251ce4d8bb9de2fa697aec86f84a98607574224c
sample,all_cr-1024,42,3218142,512499,500,8daa7311fa122f481e84b77d4b9415697087da2a1308fe3345308bbb8764f55c,fad1998d4f23c96219b7cb5c251ce4d8bb9de2fa697aec86f84a98607574224c
sample,all_cr-1024,43,3225552,512499,500,8daa7311fa122f481e84b77d4b9415697087da2a1308fe3345308bbb8764f55c,fad1998d4f23c96219b7cb5c251ce4d8bb9de2fa697aec86f84a98607574224c
sample,all_cr-1024,44,3278222,512499,500,8daa7311fa122f481e84b77d4b9415697087da2a1308fe3345308bbb8764f55c,fad1998d4f23c96219b7cb5c251ce4d8bb9de2fa697aec86f84a98607574224c
sample,all_cr-1024,45,3279152,512499,500,8daa7311fa122f481e84b77d4b9415697087da2a1308fe3345308bbb8764f55c,fad1998d4f23c96219b7cb5c251ce4d8bb9de2fa697aec86f84a98607574224c
sample,all_cr-1024,46,3221832,512499,500,8daa7311fa122f481e84b77d4b9415697087da2a1308fe3345308bbb8764f55c,fad1998d4f23c96219b7cb5c251ce4d8bb9de2fa697aec86f84a98607574224c
sample,all_cr-1024,47,3225122,512499,500,8daa7311fa122f481e84b77d4b9415697087da2a1308fe3345308bbb8764f55c,fad1998d4f23c96219b7cb5c251ce4d8bb9de2fa697aec86f84a98607574224c
sample,all_cr-1024,48,3217161,512499,500,8daa7311fa122f481e84b77d4b9415697087da2a1308fe3345308bbb8764f55c,fad1998d4f23c96219b7cb5c251ce4d8bb9de2fa697aec86f84a98607574224c
sample,all_cr-1024,49,3218942,512499,500,8daa7311fa122f481e84b77d4b9415697087da2a1308fe3345308bbb8764f55c,fad1998d4f23c96219b7cb5c251ce4d8bb9de2fa697aec86f84a98607574224c
sample,all_cr-1024,50,3212332,512499,500,8daa7311fa122f481e84b77d4b9415697087da2a1308fe3345308bbb8764f55c,fad1998d4f23c96219b7cb5c251ce4d8bb9de2fa697aec86f84a98607574224c
sample,all_cr-1024,51,3215252,512499,500,8daa7311fa122f481e84b77d4b9415697087da2a1308fe3345308bbb8764f55c,fad1998d4f23c96219b7cb5c251ce4d8bb9de2fa697aec86f84a98607574224c
sample,all_cr-1024,52,3252162,512499,500,8daa7311fa122f481e84b77d4b9415697087da2a1308fe3345308bbb8764f55c,fad1998d4f23c96219b7cb5c251ce4d8bb9de2fa697aec86f84a98607574224c
sample,all_cr-1024,53,3220522,512499,500,8daa7311fa122f481e84b77d4b9415697087da2a1308fe3345308bbb8764f55c,fad1998d4f23c96219b7cb5c251ce4d8bb9de2fa697aec86f84a98607574224c
sample,all_cr-1024,54,3215322,512499,500,8daa7311fa122f481e84b77d4b9415697087da2a1308fe3345308bbb8764f55c,fad1998d4f23c96219b7cb5c251ce4d8bb9de2fa697aec86f84a98607574224c
sample,all_cr-1024,55,3211422,512499,500,8daa7311fa122f481e84b77d4b9415697087da2a1308fe3345308bbb8764f55c,fad1998d4f23c96219b7cb5c251ce4d8bb9de2fa697aec86f84a98607574224c
sample,all_cr-1024,56,3231372,512499,500,8daa7311fa122f481e84b77d4b9415697087da2a1308fe3345308bbb8764f55c,fad1998d4f23c96219b7cb5c251ce4d8bb9de2fa697aec86f84a98607574224c
sample,all_cr-1024,57,3218712,512499,500,8daa7311fa122f481e84b77d4b9415697087da2a1308fe3345308bbb8764f55c,fad1998d4f23c96219b7cb5c251ce4d8bb9de2fa697aec86f84a98607574224c
sample,all_cr-1024,58,3219282,512499,500,8daa7311fa122f481e84b77d4b9415697087da2a1308fe3345308bbb8764f55c,fad1998d4f23c96219b7cb5c251ce4d8bb9de2fa697aec86f84a98607574224c
sample,all_cr-1024,59,3222081,512499,500,8daa7311fa122f481e84b77d4b9415697087da2a1308fe3345308bbb8764f55c,fad1998d4f23c96219b7cb5c251ce4d8bb9de2fa697aec86f84a98607574224c
sample,all_cr-1024,60,3279853,512499,500,8daa7311fa122f481e84b77d4b9415697087da2a1308fe3345308bbb8764f55c,fad1998d4f23c96219b7cb5c251ce4d8bb9de2fa697aec86f84a98607574224c
sample,all_cr-1024,61,3277942,512499,500,8daa7311fa122f481e84b77d4b9415697087da2a1308fe3345308bbb8764f55c,fad1998d4f23c96219b7cb5c251ce4d8bb9de2fa697aec86f84a98607574224c
sample,all_cr-1024,62,3215792,512499,500,8daa7311fa122f481e84b77d4b9415697087da2a1308fe3345308bbb8764f55c,fad1998d4f23c96219b7cb5c251ce4d8bb9de2fa697aec86f84a98607574224c
sample,all_cr-1024,63,3217081,512499,500,8daa7311fa122f481e84b77d4b9415697087da2a1308fe3345308bbb8764f55c,fad1998d4f23c96219b7cb5c251ce4d8bb9de2fa697aec86f84a98607574224c
sample,all_cr-1024,64,3213972,512499,500,8daa7311fa122f481e84b77d4b9415697087da2a1308fe3345308bbb8764f55c,fad1998d4f23c96219b7cb5c251ce4d8bb9de2fa697aec86f84a98607574224c
sample,all_cr-1024,65,3227352,512499,500,8daa7311fa122f481e84b77d4b9415697087da2a1308fe3345308bbb8764f55c,fad1998d4f23c96219b7cb5c251ce4d8bb9de2fa697aec86f84a98607574224c
sample,all_cr-1024,66,3216772,512499,500,8daa7311fa122f481e84b77d4b9415697087da2a1308fe3345308bbb8764f55c,fad1998d4f23c96219b7cb5c251ce4d8bb9de2fa697aec86f84a98607574224c
sample,all_cr-1024,67,3276562,512499,500,8daa7311fa122f481e84b77d4b9415697087da2a1308fe3345308bbb8764f55c,fad1998d4f23c96219b7cb5c251ce4d8bb9de2fa697aec86f84a98607574224c
sample,all_cr-1024,68,3211292,512499,500,8daa7311fa122f481e84b77d4b9415697087da2a1308fe3345308bbb8764f55c,fad1998d4f23c96219b7cb5c251ce4d8bb9de2fa697aec86f84a98607574224c
sample,all_cr-1024,69,3216322,512499,500,8daa7311fa122f481e84b77d4b9415697087da2a1308fe3345308bbb8764f55c,fad1998d4f23c96219b7cb5c251ce4d8bb9de2fa697aec86f84a98607574224c
sample,all_cr-1024,70,3211012,512499,500,8daa7311fa122f481e84b77d4b9415697087da2a1308fe3345308bbb8764f55c,fad1998d4f23c96219b7cb5c251ce4d8bb9de2fa697aec86f84a98607574224c
sample,all_cr-1024,71,3212952,512499,500,8daa7311fa122f481e84b77d4b9415697087da2a1308fe3345308bbb8764f55c,fad1998d4f23c96219b7cb5c251ce4d8bb9de2fa697aec86f84a98607574224c
sample,all_cr-1024,72,3214762,512499,500,8daa7311fa122f481e84b77d4b9415697087da2a1308fe3345308bbb8764f55c,fad1998d4f23c96219b7cb5c251ce4d8bb9de2fa697aec86f84a98607574224c
sample,all_cr-1024,73,3221402,512499,500,8daa7311fa122f481e84b77d4b9415697087da2a1308fe3345308bbb8764f55c,fad1998d4f23c96219b7cb5c251ce4d8bb9de2fa697aec86f84a98607574224c
sample,all_cr-1024,74,3211502,512499,500,8daa7311fa122f481e84b77d4b9415697087da2a1308fe3345308bbb8764f55c,fad1998d4f23c96219b7cb5c251ce4d8bb9de2fa697aec86f84a98607574224c
sample,all_cr-1024,75,3210731,512499,500,8daa7311fa122f481e84b77d4b9415697087da2a1308fe3345308bbb8764f55c,fad1998d4f23c96219b7cb5c251ce4d8bb9de2fa697aec86f84a98607574224c
sample,all_cr-1024,76,3215962,512499,500,8daa7311fa122f481e84b77d4b9415697087da2a1308fe3345308bbb8764f55c,fad1998d4f23c96219b7cb5c251ce4d8bb9de2fa697aec86f84a98607574224c
sample,all_cr-1024,77,3215112,512499,500,8daa7311fa122f481e84b77d4b9415697087da2a1308fe3345308bbb8764f55c,fad1998d4f23c96219b7cb5c251ce4d8bb9de2fa697aec86f84a98607574224c
sample,all_cr-1024,78,3281302,512499,500,8daa7311fa122f481e84b77d4b9415697087da2a1308fe3345308bbb8764f55c,fad1998d4f23c96219b7cb5c251ce4d8bb9de2fa697aec86f84a98607574224c
sample,all_cr-1024,79,3210092,512499,500,8daa7311fa122f481e84b77d4b9415697087da2a1308fe3345308bbb8764f55c,fad1998d4f23c96219b7cb5c251ce4d8bb9de2fa697aec86f84a98607574224c
sample,all_cr-1024,80,3213962,512499,500,8daa7311fa122f481e84b77d4b9415697087da2a1308fe3345308bbb8764f55c,fad1998d4f23c96219b7cb5c251ce4d8bb9de2fa697aec86f84a98607574224c
sample,all_cr-1024,81,3217362,512499,500,8daa7311fa122f481e84b77d4b9415697087da2a1308fe3345308bbb8764f55c,fad1998d4f23c96219b7cb5c251ce4d8bb9de2fa697aec86f84a98607574224c
sample,all_cr-1024,82,3221382,512499,500,8daa7311fa122f481e84b77d4b9415697087da2a1308fe3345308bbb8764f55c,fad1998d4f23c96219b7cb5c251ce4d8bb9de2fa697aec86f84a98607574224c
sample,all_cr-1024,83,3216192,512499,500,8daa7311fa122f481e84b77d4b9415697087da2a1308fe3345308bbb8764f55c,fad1998d4f23c96219b7cb5c251ce4d8bb9de2fa697aec86f84a98607574224c
sample,all_cr-1024,84,3220202,512499,500,8daa7311fa122f481e84b77d4b9415697087da2a1308fe3345308bbb8764f55c,fad1998d4f23c96219b7cb5c251ce4d8bb9de2fa697aec86f84a98607574224c
sample,all_cr-1024,85,3226092,512499,500,8daa7311fa122f481e84b77d4b9415697087da2a1308fe3345308bbb8764f55c,fad1998d4f23c96219b7cb5c251ce4d8bb9de2fa697aec86f84a98607574224c
sample,all_cr-1024,86,3221482,512499,500,8daa7311fa122f481e84b77d4b9415697087da2a1308fe3345308bbb8764f55c,fad1998d4f23c96219b7cb5c251ce4d8bb9de2fa697aec86f84a98607574224c
sample,all_cr-1024,87,3287602,512499,500,8daa7311fa122f481e84b77d4b9415697087da2a1308fe3345308bbb8764f55c,fad1998d4f23c96219b7cb5c251ce4d8bb9de2fa697aec86f84a98607574224c
sample,all_cr-1024,88,3223012,512499,500,8daa7311fa122f481e84b77d4b9415697087da2a1308fe3345308bbb8764f55c,fad1998d4f23c96219b7cb5c251ce4d8bb9de2fa697aec86f84a98607574224c
sample,all_cr-1024,89,3216771,512499,500,8daa7311fa122f481e84b77d4b9415697087da2a1308fe3345308bbb8764f55c,fad1998d4f23c96219b7cb5c251ce4d8bb9de2fa697aec86f84a98607574224c
sample,all_cr-1024,90,3216532,512499,500,8daa7311fa122f481e84b77d4b9415697087da2a1308fe3345308bbb8764f55c,fad1998d4f23c96219b7cb5c251ce4d8bb9de2fa697aec86f84a98607574224c
sample,all_cr-1024,91,3228232,512499,500,8daa7311fa122f481e84b77d4b9415697087da2a1308fe3345308bbb8764f55c,fad1998d4f23c96219b7cb5c251ce4d8bb9de2fa697aec86f84a98607574224c
sample,all_cr-1024,92,3217392,512499,500,8daa7311fa122f481e84b77d4b9415697087da2a1308fe3345308bbb8764f55c,fad1998d4f23c96219b7cb5c251ce4d8bb9de2fa697aec86f84a98607574224c
sample,all_cr-1024,93,3213992,512499,500,8daa7311fa122f481e84b77d4b9415697087da2a1308fe3345308bbb8764f55c,fad1998d4f23c96219b7cb5c251ce4d8bb9de2fa697aec86f84a98607574224c
sample,all_cr-1024,94,3215742,512499,500,8daa7311fa122f481e84b77d4b9415697087da2a1308fe3345308bbb8764f55c,fad1998d4f23c96219b7cb5c251ce4d8bb9de2fa697aec86f84a98607574224c
sample,all_cr-1024,95,3216732,512499,500,8daa7311fa122f481e84b77d4b9415697087da2a1308fe3345308bbb8764f55c,fad1998d4f23c96219b7cb5c251ce4d8bb9de2fa697aec86f84a98607574224c
sample,all_cr-1024,96,3215762,512499,500,8daa7311fa122f481e84b77d4b9415697087da2a1308fe3345308bbb8764f55c,fad1998d4f23c96219b7cb5c251ce4d8bb9de2fa697aec86f84a98607574224c
sample,all_cr-1024,97,3215102,512499,500,8daa7311fa122f481e84b77d4b9415697087da2a1308fe3345308bbb8764f55c,fad1998d4f23c96219b7cb5c251ce4d8bb9de2fa697aec86f84a98607574224c
sample,all_cr-1024,98,3213452,512499,500,8daa7311fa122f481e84b77d4b9415697087da2a1308fe3345308bbb8764f55c,fad1998d4f23c96219b7cb5c251ce4d8bb9de2fa697aec86f84a98607574224c
sample,all_cr-1024,99,3275842,512499,500,8daa7311fa122f481e84b77d4b9415697087da2a1308fe3345308bbb8764f55c,fad1998d4f23c96219b7cb5c251ce4d8bb9de2fa697aec86f84a98607574224c
sample,all_cr-1024,100,3248952,512499,500,8daa7311fa122f481e84b77d4b9415697087da2a1308fe3345308bbb8764f55c,fad1998d4f23c96219b7cb5c251ce4d8bb9de2fa697aec86f84a98607574224c
sample,all_cr-1024,101,3208142,512499,500,8daa7311fa122f481e84b77d4b9415697087da2a1308fe3345308bbb8764f55c,fad1998d4f23c96219b7cb5c251ce4d8bb9de2fa697aec86f84a98607574224c
sample,all_cr-1024,102,3253312,512499,500,8daa7311fa122f481e84b77d4b9415697087da2a1308fe3345308bbb8764f55c,fad1998d4f23c96219b7cb5c251ce4d8bb9de2fa697aec86f84a98607574224c
sample,all_cr-1024,103,3212812,512499,500,8daa7311fa122f481e84b77d4b9415697087da2a1308fe3345308bbb8764f55c,fad1998d4f23c96219b7cb5c251ce4d8bb9de2fa697aec86f84a98607574224c
sample,all_cr-1024,104,3230251,512499,500,8daa7311fa122f481e84b77d4b9415697087da2a1308fe3345308bbb8764f55c,fad1998d4f23c96219b7cb5c251ce4d8bb9de2fa697aec86f84a98607574224c
sample,all_cr-1024,105,3261322,512499,500,8daa7311fa122f481e84b77d4b9415697087da2a1308fe3345308bbb8764f55c,fad1998d4f23c96219b7cb5c251ce4d8bb9de2fa697aec86f84a98607574224c
sample,all_cr-1024,106,3221372,512499,500,8daa7311fa122f481e84b77d4b9415697087da2a1308fe3345308bbb8764f55c,fad1998d4f23c96219b7cb5c251ce4d8bb9de2fa697aec86f84a98607574224c
sample,all_cr-1024,107,3215722,512499,500,8daa7311fa122f481e84b77d4b9415697087da2a1308fe3345308bbb8764f55c,fad1998d4f23c96219b7cb5c251ce4d8bb9de2fa697aec86f84a98607574224c
sample,all_cr-1024,108,3222312,512499,500,8daa7311fa122f481e84b77d4b9415697087da2a1308fe3345308bbb8764f55c,fad1998d4f23c96219b7cb5c251ce4d8bb9de2fa697aec86f84a98607574224c
sample,all_cr-1024,109,3215702,512499,500,8daa7311fa122f481e84b77d4b9415697087da2a1308fe3345308bbb8764f55c,fad1998d4f23c96219b7cb5c251ce4d8bb9de2fa697aec86f84a98607574224c
sample,all_cr-1024,110,3214782,512499,500,8daa7311fa122f481e84b77d4b9415697087da2a1308fe3345308bbb8764f55c,fad1998d4f23c96219b7cb5c251ce4d8bb9de2fa697aec86f84a98607574224c
sample,all_cr-1024,111,3216882,512499,500,8daa7311fa122f481e84b77d4b9415697087da2a1308fe3345308bbb8764f55c,fad1998d4f23c96219b7cb5c251ce4d8bb9de2fa697aec86f84a98607574224c
sample,all_cr-1024,112,3209632,512499,500,8daa7311fa122f481e84b77d4b9415697087da2a1308fe3345308bbb8764f55c,fad1998d4f23c96219b7cb5c251ce4d8bb9de2fa697aec86f84a98607574224c
sample,all_cr-1024,113,3224792,512499,500,8daa7311fa122f481e84b77d4b9415697087da2a1308fe3345308bbb8764f55c,fad1998d4f23c96219b7cb5c251ce4d8bb9de2fa697aec86f84a98607574224c
sample,all_cr-1024,114,3218742,512499,500,8daa7311fa122f481e84b77d4b9415697087da2a1308fe3345308bbb8764f55c,fad1998d4f23c96219b7cb5c251ce4d8bb9de2fa697aec86f84a98607574224c
sample,all_cr-1024,115,3213561,512499,500,8daa7311fa122f481e84b77d4b9415697087da2a1308fe3345308bbb8764f55c,fad1998d4f23c96219b7cb5c251ce4d8bb9de2fa697aec86f84a98607574224c
sample,all_cr-1024,116,3215252,512499,500,8daa7311fa122f481e84b77d4b9415697087da2a1308fe3345308bbb8764f55c,fad1998d4f23c96219b7cb5c251ce4d8bb9de2fa697aec86f84a98607574224c
sample,all_cr-1024,117,3211752,512499,500,8daa7311fa122f481e84b77d4b9415697087da2a1308fe3345308bbb8764f55c,fad1998d4f23c96219b7cb5c251ce4d8bb9de2fa697aec86f84a98607574224c
sample,all_cr-1024,118,3220612,512499,500,8daa7311fa122f481e84b77d4b9415697087da2a1308fe3345308bbb8764f55c,fad1998d4f23c96219b7cb5c251ce4d8bb9de2fa697aec86f84a98607574224c
sample,all_cr-1024,119,3212022,512499,500,8daa7311fa122f481e84b77d4b9415697087da2a1308fe3345308bbb8764f55c,fad1998d4f23c96219b7cb5c251ce4d8bb9de2fa697aec86f84a98607574224c
sample,all_cr-1024,120,3216962,512499,500,8daa7311fa122f481e84b77d4b9415697087da2a1308fe3345308bbb8764f55c,fad1998d4f23c96219b7cb5c251ce4d8bb9de2fa697aec86f84a98607574224c
sample,all_cr-1024,121,3213952,512499,500,8daa7311fa122f481e84b77d4b9415697087da2a1308fe3345308bbb8764f55c,fad1998d4f23c96219b7cb5c251ce4d8bb9de2fa697aec86f84a98607574224c
sample,all_cr-1024,122,3217332,512499,500,8daa7311fa122f481e84b77d4b9415697087da2a1308fe3345308bbb8764f55c,fad1998d4f23c96219b7cb5c251ce4d8bb9de2fa697aec86f84a98607574224c
sample,all_cr-1024,123,3215652,512499,500,8daa7311fa122f481e84b77d4b9415697087da2a1308fe3345308bbb8764f55c,fad1998d4f23c96219b7cb5c251ce4d8bb9de2fa697aec86f84a98607574224c
sample,all_cr-1024,124,3223992,512499,500,8daa7311fa122f481e84b77d4b9415697087da2a1308fe3345308bbb8764f55c,fad1998d4f23c96219b7cb5c251ce4d8bb9de2fa697aec86f84a98607574224c
sample,all_cr-1024,125,3245582,512499,500,8daa7311fa122f481e84b77d4b9415697087da2a1308fe3345308bbb8764f55c,fad1998d4f23c96219b7cb5c251ce4d8bb9de2fa697aec86f84a98607574224c
sample,all_cr-1024,126,3280682,512499,500,8daa7311fa122f481e84b77d4b9415697087da2a1308fe3345308bbb8764f55c,fad1998d4f23c96219b7cb5c251ce4d8bb9de2fa697aec86f84a98607574224c
sample,all_cr-1024,127,3214412,512499,500,8daa7311fa122f481e84b77d4b9415697087da2a1308fe3345308bbb8764f55c,fad1998d4f23c96219b7cb5c251ce4d8bb9de2fa697aec86f84a98607574224c
sample,all_cr-1024,128,3221851,512499,500,8daa7311fa122f481e84b77d4b9415697087da2a1308fe3345308bbb8764f55c,fad1998d4f23c96219b7cb5c251ce4d8bb9de2fa697aec86f84a98607574224c
sample,all_cr-1024,129,3223022,512499,500,8daa7311fa122f481e84b77d4b9415697087da2a1308fe3345308bbb8764f55c,fad1998d4f23c96219b7cb5c251ce4d8bb9de2fa697aec86f84a98607574224c
sample,all_cr-1024,130,3214532,512499,500,8daa7311fa122f481e84b77d4b9415697087da2a1308fe3345308bbb8764f55c,fad1998d4f23c96219b7cb5c251ce4d8bb9de2fa697aec86f84a98607574224c
sample,all_cr-1024,131,3218512,512499,500,8daa7311fa122f481e84b77d4b9415697087da2a1308fe3345308bbb8764f55c,fad1998d4f23c96219b7cb5c251ce4d8bb9de2fa697aec86f84a98607574224c
sample,all_cr-1024,132,3274452,512499,500,8daa7311fa122f481e84b77d4b9415697087da2a1308fe3345308bbb8764f55c,fad1998d4f23c96219b7cb5c251ce4d8bb9de2fa697aec86f84a98607574224c
sample,all_cr-1024,133,3213622,512499,500,8daa7311fa122f481e84b77d4b9415697087da2a1308fe3345308bbb8764f55c,fad1998d4f23c96219b7cb5c251ce4d8bb9de2fa697aec86f84a98607574224c
sample,all_cr-1024,134,3213772,512499,500,8daa7311fa122f481e84b77d4b9415697087da2a1308fe3345308bbb8764f55c,fad1998d4f23c96219b7cb5c251ce4d8bb9de2fa697aec86f84a98607574224c
sample,all_cr-1024,135,3221402,512499,500,8daa7311fa122f481e84b77d4b9415697087da2a1308fe3345308bbb8764f55c,fad1998d4f23c96219b7cb5c251ce4d8bb9de2fa697aec86f84a98607574224c
sample,all_cr-1024,136,3213192,512499,500,8daa7311fa122f481e84b77d4b9415697087da2a1308fe3345308bbb8764f55c,fad1998d4f23c96219b7cb5c251ce4d8bb9de2fa697aec86f84a98607574224c
sample,all_cr-1024,137,3213132,512499,500,8daa7311fa122f481e84b77d4b9415697087da2a1308fe3345308bbb8764f55c,fad1998d4f23c96219b7cb5c251ce4d8bb9de2fa697aec86f84a98607574224c
sample,all_cr-1024,138,3210372,512499,500,8daa7311fa122f481e84b77d4b9415697087da2a1308fe3345308bbb8764f55c,fad1998d4f23c96219b7cb5c251ce4d8bb9de2fa697aec86f84a98607574224c
sample,all_cr-1024,139,3214841,512499,500,8daa7311fa122f481e84b77d4b9415697087da2a1308fe3345308bbb8764f55c,fad1998d4f23c96219b7cb5c251ce4d8bb9de2fa697aec86f84a98607574224c
sample,all_cr-1024,140,3218242,512499,500,8daa7311fa122f481e84b77d4b9415697087da2a1308fe3345308bbb8764f55c,fad1998d4f23c96219b7cb5c251ce4d8bb9de2fa697aec86f84a98607574224c
sample,all_cr-1024,141,3238522,512499,500,8daa7311fa122f481e84b77d4b9415697087da2a1308fe3345308bbb8764f55c,fad1998d4f23c96219b7cb5c251ce4d8bb9de2fa697aec86f84a98607574224c
sample,all_cr-1024,142,3213012,512499,500,8daa7311fa122f481e84b77d4b9415697087da2a1308fe3345308bbb8764f55c,fad1998d4f23c96219b7cb5c251ce4d8bb9de2fa697aec86f84a98607574224c
sample,all_cr-1024,143,3215542,512499,500,8daa7311fa122f481e84b77d4b9415697087da2a1308fe3345308bbb8764f55c,fad1998d4f23c96219b7cb5c251ce4d8bb9de2fa697aec86f84a98607574224c
sample,all_cr-1024,144,3249712,512499,500,8daa7311fa122f481e84b77d4b9415697087da2a1308fe3345308bbb8764f55c,fad1998d4f23c96219b7cb5c251ce4d8bb9de2fa697aec86f84a98607574224c
sample,all_cr-1024,145,3221662,512499,500,8daa7311fa122f481e84b77d4b9415697087da2a1308fe3345308bbb8764f55c,fad1998d4f23c96219b7cb5c251ce4d8bb9de2fa697aec86f84a98607574224c
sample,all_cr-1024,146,3211542,512499,500,8daa7311fa122f481e84b77d4b9415697087da2a1308fe3345308bbb8764f55c,fad1998d4f23c96219b7cb5c251ce4d8bb9de2fa697aec86f84a98607574224c
sample,all_cr-1024,147,3213572,512499,500,8daa7311fa122f481e84b77d4b9415697087da2a1308fe3345308bbb8764f55c,fad1998d4f23c96219b7cb5c251ce4d8bb9de2fa697aec86f84a98607574224c
sample,all_cr-1024,148,3212002,512499,500,8daa7311fa122f481e84b77d4b9415697087da2a1308fe3345308bbb8764f55c,fad1998d4f23c96219b7cb5c251ce4d8bb9de2fa697aec86f84a98607574224c
sample,all_cr-1024,149,3288082,512499,500,8daa7311fa122f481e84b77d4b9415697087da2a1308fe3345308bbb8764f55c,fad1998d4f23c96219b7cb5c251ce4d8bb9de2fa697aec86f84a98607574224c
sample,all_cr-1024,150,3212192,512499,500,8daa7311fa122f481e84b77d4b9415697087da2a1308fe3345308bbb8764f55c,fad1998d4f23c96219b7cb5c251ce4d8bb9de2fa697aec86f84a98607574224c
sample,all_cr-1024,151,3216172,512499,500,8daa7311fa122f481e84b77d4b9415697087da2a1308fe3345308bbb8764f55c,fad1998d4f23c96219b7cb5c251ce4d8bb9de2fa697aec86f84a98607574224c
sample,all_cr-1024,152,3214961,512499,500,8daa7311fa122f481e84b77d4b9415697087da2a1308fe3345308bbb8764f55c,fad1998d4f23c96219b7cb5c251ce4d8bb9de2fa697aec86f84a98607574224c
sample,all_cr-1024,153,3211592,512499,500,8daa7311fa122f481e84b77d4b9415697087da2a1308fe3345308bbb8764f55c,fad1998d4f23c96219b7cb5c251ce4d8bb9de2fa697aec86f84a98607574224c
sample,all_cr-1024,154,3213002,512499,500,8daa7311fa122f481e84b77d4b9415697087da2a1308fe3345308bbb8764f55c,fad1998d4f23c96219b7cb5c251ce4d8bb9de2fa697aec86f84a98607574224c
sample,all_cr-1024,155,3215592,512499,500,8daa7311fa122f481e84b77d4b9415697087da2a1308fe3345308bbb8764f55c,fad1998d4f23c96219b7cb5c251ce4d8bb9de2fa697aec86f84a98607574224c
sample,all_cr-1024,156,3214842,512499,500,8daa7311fa122f481e84b77d4b9415697087da2a1308fe3345308bbb8764f55c,fad1998d4f23c96219b7cb5c251ce4d8bb9de2fa697aec86f84a98607574224c
sample,all_cr-1024,157,3252642,512499,500,8daa7311fa122f481e84b77d4b9415697087da2a1308fe3345308bbb8764f55c,fad1998d4f23c96219b7cb5c251ce4d8bb9de2fa697aec86f84a98607574224c
sample,all_cr-1024,158,3211682,512499,500,8daa7311fa122f481e84b77d4b9415697087da2a1308fe3345308bbb8764f55c,fad1998d4f23c96219b7cb5c251ce4d8bb9de2fa697aec86f84a98607574224c
sample,all_cr-1024,159,3214802,512499,500,8daa7311fa122f481e84b77d4b9415697087da2a1308fe3345308bbb8764f55c,fad1998d4f23c96219b7cb5c251ce4d8bb9de2fa697aec86f84a98607574224c
sample,all_cr-1024,160,3213392,512499,500,8daa7311fa122f481e84b77d4b9415697087da2a1308fe3345308bbb8764f55c,fad1998d4f23c96219b7cb5c251ce4d8bb9de2fa697aec86f84a98607574224c
sample,all_cr-1024,161,3212332,512499,500,8daa7311fa122f481e84b77d4b9415697087da2a1308fe3345308bbb8764f55c,fad1998d4f23c96219b7cb5c251ce4d8bb9de2fa697aec86f84a98607574224c
sample,all_cr-1024,162,3218282,512499,500,8daa7311fa122f481e84b77d4b9415697087da2a1308fe3345308bbb8764f55c,fad1998d4f23c96219b7cb5c251ce4d8bb9de2fa697aec86f84a98607574224c
sample,all_cr-1024,163,3234431,512499,500,8daa7311fa122f481e84b77d4b9415697087da2a1308fe3345308bbb8764f55c,fad1998d4f23c96219b7cb5c251ce4d8bb9de2fa697aec86f84a98607574224c
sample,all_cr-1024,164,3212522,512499,500,8daa7311fa122f481e84b77d4b9415697087da2a1308fe3345308bbb8764f55c,fad1998d4f23c96219b7cb5c251ce4d8bb9de2fa697aec86f84a98607574224c
sample,all_cr-1024,165,3245292,512499,500,8daa7311fa122f481e84b77d4b9415697087da2a1308fe3345308bbb8764f55c,fad1998d4f23c96219b7cb5c251ce4d8bb9de2fa697aec86f84a98607574224c
sample,all_cr-1024,166,3232442,512499,500,8daa7311fa122f481e84b77d4b9415697087da2a1308fe3345308bbb8764f55c,fad1998d4f23c96219b7cb5c251ce4d8bb9de2fa697aec86f84a98607574224c
sample,all_cr-1024,167,3219722,512499,500,8daa7311fa122f481e84b77d4b9415697087da2a1308fe3345308bbb8764f55c,fad1998d4f23c96219b7cb5c251ce4d8bb9de2fa697aec86f84a98607574224c
sample,all_cr-1024,168,3220212,512499,500,8daa7311fa122f481e84b77d4b9415697087da2a1308fe3345308bbb8764f55c,fad1998d4f23c96219b7cb5c251ce4d8bb9de2fa697aec86f84a98607574224c
sample,all_cr-1024,169,3222062,512499,500,8daa7311fa122f481e84b77d4b9415697087da2a1308fe3345308bbb8764f55c,fad1998d4f23c96219b7cb5c251ce4d8bb9de2fa697aec86f84a98607574224c
sample,all_cr-1024,170,3222542,512499,500,8daa7311fa122f481e84b77d4b9415697087da2a1308fe3345308bbb8764f55c,fad1998d4f23c96219b7cb5c251ce4d8bb9de2fa697aec86f84a98607574224c
sample,all_cr-1024,171,3212952,512499,500,8daa7311fa122f481e84b77d4b9415697087da2a1308fe3345308bbb8764f55c,fad1998d4f23c96219b7cb5c251ce4d8bb9de2fa697aec86f84a98607574224c
sample,all_cr-1024,172,3271262,512499,500,8daa7311fa122f481e84b77d4b9415697087da2a1308fe3345308bbb8764f55c,fad1998d4f23c96219b7cb5c251ce4d8bb9de2fa697aec86f84a98607574224c
sample,all_cr-1024,173,3231422,512499,500,8daa7311fa122f481e84b77d4b9415697087da2a1308fe3345308bbb8764f55c,fad1998d4f23c96219b7cb5c251ce4d8bb9de2fa697aec86f84a98607574224c
sample,all_cr-1024,174,3219042,512499,500,8daa7311fa122f481e84b77d4b9415697087da2a1308fe3345308bbb8764f55c,fad1998d4f23c96219b7cb5c251ce4d8bb9de2fa697aec86f84a98607574224c
sample,all_cr-1024,175,3214172,512499,500,8daa7311fa122f481e84b77d4b9415697087da2a1308fe3345308bbb8764f55c,fad1998d4f23c96219b7cb5c251ce4d8bb9de2fa697aec86f84a98607574224c
sample,all_cr-1024,176,3214682,512499,500,8daa7311fa122f481e84b77d4b9415697087da2a1308fe3345308bbb8764f55c,fad1998d4f23c96219b7cb5c251ce4d8bb9de2fa697aec86f84a98607574224c
sample,all_cr-1024,177,3216002,512499,500,8daa7311fa122f481e84b77d4b9415697087da2a1308fe3345308bbb8764f55c,fad1998d4f23c96219b7cb5c251ce4d8bb9de2fa697aec86f84a98607574224c
sample,all_cr-1024,178,3215232,512499,500,8daa7311fa122f481e84b77d4b9415697087da2a1308fe3345308bbb8764f55c,fad1998d4f23c96219b7cb5c251ce4d8bb9de2fa697aec86f84a98607574224c
sample,all_cr-1024,179,3212662,512499,500,8daa7311fa122f481e84b77d4b9415697087da2a1308fe3345308bbb8764f55c,fad1998d4f23c96219b7cb5c251ce4d8bb9de2fa697aec86f84a98607574224c
sample,all_cr-1024,180,3212051,512499,500,8daa7311fa122f481e84b77d4b9415697087da2a1308fe3345308bbb8764f55c,fad1998d4f23c96219b7cb5c251ce4d8bb9de2fa697aec86f84a98607574224c
sample,all_cr-1024,181,3216812,512499,500,8daa7311fa122f481e84b77d4b9415697087da2a1308fe3345308bbb8764f55c,fad1998d4f23c96219b7cb5c251ce4d8bb9de2fa697aec86f84a98607574224c
sample,all_cr-1024,182,3222432,512499,500,8daa7311fa122f481e84b77d4b9415697087da2a1308fe3345308bbb8764f55c,fad1998d4f23c96219b7cb5c251ce4d8bb9de2fa697aec86f84a98607574224c
sample,all_cr-1024,183,3275702,512499,500,8daa7311fa122f481e84b77d4b9415697087da2a1308fe3345308bbb8764f55c,fad1998d4f23c96219b7cb5c251ce4d8bb9de2fa697aec86f84a98607574224c
sample,all_cr-1024,184,3260892,512499,500,8daa7311fa122f481e84b77d4b9415697087da2a1308fe3345308bbb8764f55c,fad1998d4f23c96219b7cb5c251ce4d8bb9de2fa697aec86f84a98607574224c
sample,all_cr-1024,185,3214372,512499,500,8daa7311fa122f481e84b77d4b9415697087da2a1308fe3345308bbb8764f55c,fad1998d4f23c96219b7cb5c251ce4d8bb9de2fa697aec86f84a98607574224c
sample,all_cr-1024,186,3221952,512499,500,8daa7311fa122f481e84b77d4b9415697087da2a1308fe3345308bbb8764f55c,fad1998d4f23c96219b7cb5c251ce4d8bb9de2fa697aec86f84a98607574224c
sample,all_cr-1024,187,3210352,512499,500,8daa7311fa122f481e84b77d4b9415697087da2a1308fe3345308bbb8764f55c,fad1998d4f23c96219b7cb5c251ce4d8bb9de2fa697aec86f84a98607574224c
sample,all_cr-1024,188,3220972,512499,500,8daa7311fa122f481e84b77d4b9415697087da2a1308fe3345308bbb8764f55c,fad1998d4f23c96219b7cb5c251ce4d8bb9de2fa697aec86f84a98607574224c
sample,all_cr-1024,189,3247112,512499,500,8daa7311fa122f481e84b77d4b9415697087da2a1308fe3345308bbb8764f55c,fad1998d4f23c96219b7cb5c251ce4d8bb9de2fa697aec86f84a98607574224c
sample,all_cr-1024,190,3218172,512499,500,8daa7311fa122f481e84b77d4b9415697087da2a1308fe3345308bbb8764f55c,fad1998d4f23c96219b7cb5c251ce4d8bb9de2fa697aec86f84a98607574224c
sample,all_cr-1024,191,3224362,512499,500,8daa7311fa122f481e84b77d4b9415697087da2a1308fe3345308bbb8764f55c,fad1998d4f23c96219b7cb5c251ce4d8bb9de2fa697aec86f84a98607574224c
sample,all_cr-1024,192,3213622,512499,500,8daa7311fa122f481e84b77d4b9415697087da2a1308fe3345308bbb8764f55c,fad1998d4f23c96219b7cb5c251ce4d8bb9de2fa697aec86f84a98607574224c
sample,all_cr-1024,193,3211882,512499,500,8daa7311fa122f481e84b77d4b9415697087da2a1308fe3345308bbb8764f55c,fad1998d4f23c96219b7cb5c251ce4d8bb9de2fa697aec86f84a98607574224c
sample,all_cr-1024,194,3214132,512499,500,8daa7311fa122f481e84b77d4b9415697087da2a1308fe3345308bbb8764f55c,fad1998d4f23c96219b7cb5c251ce4d8bb9de2fa697aec86f84a98607574224c
sample,all_cr-1024,195,3220541,512499,500,8daa7311fa122f481e84b77d4b9415697087da2a1308fe3345308bbb8764f55c,fad1998d4f23c96219b7cb5c251ce4d8bb9de2fa697aec86f84a98607574224c
sample,all_cr-1024,196,3216542,512499,500,8daa7311fa122f481e84b77d4b9415697087da2a1308fe3345308bbb8764f55c,fad1998d4f23c96219b7cb5c251ce4d8bb9de2fa697aec86f84a98607574224c
sample,all_cr-1024,197,3221652,512499,500,8daa7311fa122f481e84b77d4b9415697087da2a1308fe3345308bbb8764f55c,fad1998d4f23c96219b7cb5c251ce4d8bb9de2fa697aec86f84a98607574224c
sample,all_cr-1024,198,3212282,512499,500,8daa7311fa122f481e84b77d4b9415697087da2a1308fe3345308bbb8764f55c,fad1998d4f23c96219b7cb5c251ce4d8bb9de2fa697aec86f84a98607574224c
sample,all_cr-1024,199,3226532,512499,500,8daa7311fa122f481e84b77d4b9415697087da2a1308fe3345308bbb8764f55c,fad1998d4f23c96219b7cb5c251ce4d8bb9de2fa697aec86f84a98607574224c
sample,all_cr-1024,200,3217522,512499,500,8daa7311fa122f481e84b77d4b9415697087da2a1308fe3345308bbb8764f55c,fad1998d4f23c96219b7cb5c251ce4d8bb9de2fa697aec86f84a98607574224c
sample,all_cr-1024,201,3212692,512499,500,8daa7311fa122f481e84b77d4b9415697087da2a1308fe3345308bbb8764f55c,fad1998d4f23c96219b7cb5c251ce4d8bb9de2fa697aec86f84a98607574224c
sample,all_cr-1024,202,3213982,512499,500,8daa7311fa122f481e84b77d4b9415697087da2a1308fe3345308bbb8764f55c,fad1998d4f23c96219b7cb5c251ce4d8bb9de2fa697aec86f84a98607574224c
sample,all_cr-1024,203,3209102,512499,500,8daa7311fa122f481e84b77d4b9415697087da2a1308fe3345308bbb8764f55c,fad1998d4f23c96219b7cb5c251ce4d8bb9de2fa697aec86f84a98607574224c
sample,all_cr-1024,204,3221482,512499,500,8daa7311fa122f481e84b77d4b9415697087da2a1308fe3345308bbb8764f55c,fad1998d4f23c96219b7cb5c251ce4d8bb9de2fa697aec86f84a98607574224c
sample,all_cr-1024,205,3215321,512499,500,8daa7311fa122f481e84b77d4b9415697087da2a1308fe3345308bbb8764f55c,fad1998d4f23c96219b7cb5c251ce4d8bb9de2fa697aec86f84a98607574224c
sample,all_cr-1024,206,3216522,512499,500,8daa7311fa122f481e84b77d4b9415697087da2a1308fe3345308bbb8764f55c,fad1998d4f23c96219b7cb5c251ce4d8bb9de2fa697aec86f84a98607574224c
sample,all_cr-1024,207,3242432,512499,500,8daa7311fa122f481e84b77d4b9415697087da2a1308fe3345308bbb8764f55c,fad1998d4f23c96219b7cb5c251ce4d8bb9de2fa697aec86f84a98607574224c
sample,all_cr-1024,208,3215832,512499,500,8daa7311fa122f481e84b77d4b9415697087da2a1308fe3345308bbb8764f55c,fad1998d4f23c96219b7cb5c251ce4d8bb9de2fa697aec86f84a98607574224c
sample,all_cr-1024,209,3217752,512499,500,8daa7311fa122f481e84b77d4b9415697087da2a1308fe3345308bbb8764f55c,fad1998d4f23c96219b7cb5c251ce4d8bb9de2fa697aec86f84a98607574224c
sample,all_cr-1024,210,3214142,512499,500,8daa7311fa122f481e84b77d4b9415697087da2a1308fe3345308bbb8764f55c,fad1998d4f23c96219b7cb5c251ce4d8bb9de2fa697aec86f84a98607574224c
sample,all_cr-1024,211,3212832,512499,500,8daa7311fa122f481e84b77d4b9415697087da2a1308fe3345308bbb8764f55c,fad1998d4f23c96219b7cb5c251ce4d8bb9de2fa697aec86f84a98607574224c
sample,all_cr-1024,212,3214782,512499,500,8daa7311fa122f481e84b77d4b9415697087da2a1308fe3345308bbb8764f55c,fad1998d4f23c96219b7cb5c251ce4d8bb9de2fa697aec86f84a98607574224c
sample,all_cr-1024,213,3229542,512499,500,8daa7311fa122f481e84b77d4b9415697087da2a1308fe3345308bbb8764f55c,fad1998d4f23c96219b7cb5c251ce4d8bb9de2fa697aec86f84a98607574224c
sample,all_cr-1024,214,3218432,512499,500,8daa7311fa122f481e84b77d4b9415697087da2a1308fe3345308bbb8764f55c,fad1998d4f23c96219b7cb5c251ce4d8bb9de2fa697aec86f84a98607574224c
sample,all_cr-1024,215,3244172,512499,500,8daa7311fa122f481e84b77d4b9415697087da2a1308fe3345308bbb8764f55c,fad1998d4f23c96219b7cb5c251ce4d8bb9de2fa697aec86f84a98607574224c
sample,all_cr-1024,216,3217871,512499,500,8daa7311fa122f481e84b77d4b9415697087da2a1308fe3345308bbb8764f55c,fad1998d4f23c96219b7cb5c251ce4d8bb9de2fa697aec86f84a98607574224c
sample,all_cr-1024,217,3281532,512499,500,8daa7311fa122f481e84b77d4b9415697087da2a1308fe3345308bbb8764f55c,fad1998d4f23c96219b7cb5c251ce4d8bb9de2fa697aec86f84a98607574224c
sample,all_cr-1024,218,3214191,512499,500,8daa7311fa122f481e84b77d4b9415697087da2a1308fe3345308bbb8764f55c,fad1998d4f23c96219b7cb5c251ce4d8bb9de2fa697aec86f84a98607574224c
sample,all_cr-1024,219,3254523,512499,500,8daa7311fa122f481e84b77d4b9415697087da2a1308fe3345308bbb8764f55c,fad1998d4f23c96219b7cb5c251ce4d8bb9de2fa697aec86f84a98607574224c
sample,all_cr-1024,220,3212501,512499,500,8daa7311fa122f481e84b77d4b9415697087da2a1308fe3345308bbb8764f55c,fad1998d4f23c96219b7cb5c251ce4d8bb9de2fa697aec86f84a98607574224c
sample,all_cr-1024,221,3223242,512499,500,8daa7311fa122f481e84b77d4b9415697087da2a1308fe3345308bbb8764f55c,fad1998d4f23c96219b7cb5c251ce4d8bb9de2fa697aec86f84a98607574224c
sample,all_cr-1024,222,3213522,512499,500,8daa7311fa122f481e84b77d4b9415697087da2a1308fe3345308bbb8764f55c,fad1998d4f23c96219b7cb5c251ce4d8bb9de2fa697aec86f84a98607574224c
sample,all_cr-1024,223,3221702,512499,500,8daa7311fa122f481e84b77d4b9415697087da2a1308fe3345308bbb8764f55c,fad1998d4f23c96219b7cb5c251ce4d8bb9de2fa697aec86f84a98607574224c
sample,all_cr-1024,224,3209922,512499,500,8daa7311fa122f481e84b77d4b9415697087da2a1308fe3345308bbb8764f55c,fad1998d4f23c96219b7cb5c251ce4d8bb9de2fa697aec86f84a98607574224c
sample,all_cr-1024,225,3278252,512499,500,8daa7311fa122f481e84b77d4b9415697087da2a1308fe3345308bbb8764f55c,fad1998d4f23c96219b7cb5c251ce4d8bb9de2fa697aec86f84a98607574224c
sample,all_cr-1024,226,3290222,512499,500,8daa7311fa122f481e84b77d4b9415697087da2a1308fe3345308bbb8764f55c,fad1998d4f23c96219b7cb5c251ce4d8bb9de2fa697aec86f84a98607574224c
sample,all_cr-1024,227,3214532,512499,500,8daa7311fa122f481e84b77d4b9415697087da2a1308fe3345308bbb8764f55c,fad1998d4f23c96219b7cb5c251ce4d8bb9de2fa697aec86f84a98607574224c
sample,all_cr-1024,228,3216512,512499,500,8daa7311fa122f481e84b77d4b9415697087da2a1308fe3345308bbb8764f55c,fad1998d4f23c96219b7cb5c251ce4d8bb9de2fa697aec86f84a98607574224c
sample,all_cr-1024,229,3213542,512499,500,8daa7311fa122f481e84b77d4b9415697087da2a1308fe3345308bbb8764f55c,fad1998d4f23c96219b7cb5c251ce4d8bb9de2fa697aec86f84a98607574224c
sample,all_cr-1024,230,3218652,512499,500,8daa7311fa122f481e84b77d4b9415697087da2a1308fe3345308bbb8764f55c,fad1998d4f23c96219b7cb5c251ce4d8bb9de2fa697aec86f84a98607574224c
sample,all_cr-1024,231,3213602,512499,500,8daa7311fa122f481e84b77d4b9415697087da2a1308fe3345308bbb8764f55c,fad1998d4f23c96219b7cb5c251ce4d8bb9de2fa697aec86f84a98607574224c
sample,all_cr-1024,232,3212642,512499,500,8daa7311fa122f481e84b77d4b9415697087da2a1308fe3345308bbb8764f55c,fad1998d4f23c96219b7cb5c251ce4d8bb9de2fa697aec86f84a98607574224c
sample,all_cr-1024,233,3216671,512499,500,8daa7311fa122f481e84b77d4b9415697087da2a1308fe3345308bbb8764f55c,fad1998d4f23c96219b7cb5c251ce4d8bb9de2fa697aec86f84a98607574224c
sample,all_cr-1024,234,3218932,512499,500,8daa7311fa122f481e84b77d4b9415697087da2a1308fe3345308bbb8764f55c,fad1998d4f23c96219b7cb5c251ce4d8bb9de2fa697aec86f84a98607574224c
sample,all_cr-1024,235,3216162,512499,500,8daa7311fa122f481e84b77d4b9415697087da2a1308fe3345308bbb8764f55c,fad1998d4f23c96219b7cb5c251ce4d8bb9de2fa697aec86f84a98607574224c
sample,all_cr-1024,236,3215642,512499,500,8daa7311fa122f481e84b77d4b9415697087da2a1308fe3345308bbb8764f55c,fad1998d4f23c96219b7cb5c251ce4d8bb9de2fa697aec86f84a98607574224c
sample,all_cr-1024,237,3219142,512499,500,8daa7311fa122f481e84b77d4b9415697087da2a1308fe3345308bbb8764f55c,fad1998d4f23c96219b7cb5c251ce4d8bb9de2fa697aec86f84a98607574224c
sample,all_cr-1024,238,3212542,512499,500,8daa7311fa122f481e84b77d4b9415697087da2a1308fe3345308bbb8764f55c,fad1998d4f23c96219b7cb5c251ce4d8bb9de2fa697aec86f84a98607574224c
sample,all_cr-1024,239,3218882,512499,500,8daa7311fa122f481e84b77d4b9415697087da2a1308fe3345308bbb8764f55c,fad1998d4f23c96219b7cb5c251ce4d8bb9de2fa697aec86f84a98607574224c
sample,all_cr-1024,240,3214932,512499,500,8daa7311fa122f481e84b77d4b9415697087da2a1308fe3345308bbb8764f55c,fad1998d4f23c96219b7cb5c251ce4d8bb9de2fa697aec86f84a98607574224c
sample,all_cr-1024,241,3246552,512499,500,8daa7311fa122f481e84b77d4b9415697087da2a1308fe3345308bbb8764f55c,fad1998d4f23c96219b7cb5c251ce4d8bb9de2fa697aec86f84a98607574224c
sample,all_cr-1024,242,3211042,512499,500,8daa7311fa122f481e84b77d4b9415697087da2a1308fe3345308bbb8764f55c,fad1998d4f23c96219b7cb5c251ce4d8bb9de2fa697aec86f84a98607574224c
sample,all_cr-1024,243,3222971,512499,500,8daa7311fa122f481e84b77d4b9415697087da2a1308fe3345308bbb8764f55c,fad1998d4f23c96219b7cb5c251ce4d8bb9de2fa697aec86f84a98607574224c
sample,all_cr-1024,244,3212122,512499,500,8daa7311fa122f481e84b77d4b9415697087da2a1308fe3345308bbb8764f55c,fad1998d4f23c96219b7cb5c251ce4d8bb9de2fa697aec86f84a98607574224c
sample,all_cr-1024,245,3213832,512499,500,8daa7311fa122f481e84b77d4b9415697087da2a1308fe3345308bbb8764f55c,fad1998d4f23c96219b7cb5c251ce4d8bb9de2fa697aec86f84a98607574224c
sample,all_cr-1024,246,3220472,512499,500,8daa7311fa122f481e84b77d4b9415697087da2a1308fe3345308bbb8764f55c,fad1998d4f23c96219b7cb5c251ce4d8bb9de2fa697aec86f84a98607574224c
sample,all_cr-1024,247,3217362,512499,500,8daa7311fa122f481e84b77d4b9415697087da2a1308fe3345308bbb8764f55c,fad1998d4f23c96219b7cb5c251ce4d8bb9de2fa697aec86f84a98607574224c
sample,all_cr-1024,248,3222222,512499,500,8daa7311fa122f481e84b77d4b9415697087da2a1308fe3345308bbb8764f55c,fad1998d4f23c96219b7cb5c251ce4d8bb9de2fa697aec86f84a98607574224c
sample,all_cr-1024,249,3214432,512499,500,8daa7311fa122f481e84b77d4b9415697087da2a1308fe3345308bbb8764f55c,fad1998d4f23c96219b7cb5c251ce4d8bb9de2fa697aec86f84a98607574224c
sample,all_cr-1024,250,3216442,512499,500,8daa7311fa122f481e84b77d4b9415697087da2a1308fe3345308bbb8764f55c,fad1998d4f23c96219b7cb5c251ce4d8bb9de2fa697aec86f84a98607574224c
sample,all_cr-1024,251,3214262,512499,500,8daa7311fa122f481e84b77d4b9415697087da2a1308fe3345308bbb8764f55c,fad1998d4f23c96219b7cb5c251ce4d8bb9de2fa697aec86f84a98607574224c
sample,all_cr-1024,252,3212092,512499,500,8daa7311fa122f481e84b77d4b9415697087da2a1308fe3345308bbb8764f55c,fad1998d4f23c96219b7cb5c251ce4d8bb9de2fa697aec86f84a98607574224c
sample,all_cr-1024,253,3221452,512499,500,8daa7311fa122f481e84b77d4b9415697087da2a1308fe3345308bbb8764f55c,fad1998d4f23c96219b7cb5c251ce4d8bb9de2fa697aec86f84a98607574224c
sample,all_cr-1024,254,3208541,512499,500,8daa7311fa122f481e84b77d4b9415697087da2a1308fe3345308bbb8764f55c,fad1998d4f23c96219b7cb5c251ce4d8bb9de2fa697aec86f84a98607574224c
sample,all_cr-1024,255,3214392,512499,500,8daa7311fa122f481e84b77d4b9415697087da2a1308fe3345308bbb8764f55c,fad1998d4f23c96219b7cb5c251ce4d8bb9de2fa697aec86f84a98607574224c
sample,all_cr-1024,256,3275572,512499,500,8daa7311fa122f481e84b77d4b9415697087da2a1308fe3345308bbb8764f55c,fad1998d4f23c96219b7cb5c251ce4d8bb9de2fa697aec86f84a98607574224c
sample,all_cr-1024,257,3220772,512499,500,8daa7311fa122f481e84b77d4b9415697087da2a1308fe3345308bbb8764f55c,fad1998d4f23c96219b7cb5c251ce4d8bb9de2fa697aec86f84a98607574224c
sample,all_cr-1024,258,3216362,512499,500,8daa7311fa122f481e84b77d4b9415697087da2a1308fe3345308bbb8764f55c,fad1998d4f23c96219b7cb5c251ce4d8bb9de2fa697aec86f84a98607574224c
sample,all_cr-1024,259,3214162,512499,500,8daa7311fa122f481e84b77d4b9415697087da2a1308fe3345308bbb8764f55c,fad1998d4f23c96219b7cb5c251ce4d8bb9de2fa697aec86f84a98607574224c
sample,all_cr-1024,260,3211292,512499,500,8daa7311fa122f481e84b77d4b9415697087da2a1308fe3345308bbb8764f55c,fad1998d4f23c96219b7cb5c251ce4d8bb9de2fa697aec86f84a98607574224c
sample,all_cr-1024,261,3213372,512499,500,8daa7311fa122f481e84b77d4b9415697087da2a1308fe3345308bbb8764f55c,fad1998d4f23c96219b7cb5c251ce4d8bb9de2fa697aec86f84a98607574224c
sample,all_cr-1024,262,3216802,512499,500,8daa7311fa122f481e84b77d4b9415697087da2a1308fe3345308bbb8764f55c,fad1998d4f23c96219b7cb5c251ce4d8bb9de2fa697aec86f84a98607574224c
sample,all_cr-1024,263,3220352,512499,500,8daa7311fa122f481e84b77d4b9415697087da2a1308fe3345308bbb8764f55c,fad1998d4f23c96219b7cb5c251ce4d8bb9de2fa697aec86f84a98607574224c
sample,all_cr-1024,264,3213101,512499,500,8daa7311fa122f481e84b77d4b9415697087da2a1308fe3345308bbb8764f55c,fad1998d4f23c96219b7cb5c251ce4d8bb9de2fa697aec86f84a98607574224c
sample,all_cr-1024,265,3210072,512499,500,8daa7311fa122f481e84b77d4b9415697087da2a1308fe3345308bbb8764f55c,fad1998d4f23c96219b7cb5c251ce4d8bb9de2fa697aec86f84a98607574224c
sample,all_cr-1024,266,3220702,512499,500,8daa7311fa122f481e84b77d4b9415697087da2a1308fe3345308bbb8764f55c,fad1998d4f23c96219b7cb5c251ce4d8bb9de2fa697aec86f84a98607574224c
sample,all_cr-1024,267,3216292,512499,500,8daa7311fa122f481e84b77d4b9415697087da2a1308fe3345308bbb8764f55c,fad1998d4f23c96219b7cb5c251ce4d8bb9de2fa697aec86f84a98607574224c
sample,all_cr-1024,268,3217672,512499,500,8daa7311fa122f481e84b77d4b9415697087da2a1308fe3345308bbb8764f55c,fad1998d4f23c96219b7cb5c251ce4d8bb9de2fa697aec86f84a98607574224c
sample,all_cr-1024,269,3213762,512499,500,8daa7311fa122f481e84b77d4b9415697087da2a1308fe3345308bbb8764f55c,fad1998d4f23c96219b7cb5c251ce4d8bb9de2fa697aec86f84a98607574224c
sample,all_cr-1024,270,3210872,512499,500,8daa7311fa122f481e84b77d4b9415697087da2a1308fe3345308bbb8764f55c,fad1998d4f23c96219b7cb5c251ce4d8bb9de2fa697aec86f84a98607574224c
sample,all_cr-1024,271,3219812,512499,500,8daa7311fa122f481e84b77d4b9415697087da2a1308fe3345308bbb8764f55c,fad1998d4f23c96219b7cb5c251ce4d8bb9de2fa697aec86f84a98607574224c
sample,all_cr-1024,272,3213002,512499,500,8daa7311fa122f481e84b77d4b9415697087da2a1308fe3345308bbb8764f55c,fad1998d4f23c96219b7cb5c251ce4d8bb9de2fa697aec86f84a98607574224c
sample,all_cr-1024,273,3223091,512499,500,8daa7311fa122f481e84b77d4b9415697087da2a1308fe3345308bbb8764f55c,fad1998d4f23c96219b7cb5c251ce4d8bb9de2fa697aec86f84a98607574224c
sample,all_cr-1024,274,3218912,512499,500,8daa7311fa122f481e84b77d4b9415697087da2a1308fe3345308bbb8764f55c,fad1998d4f23c96219b7cb5c251ce4d8bb9de2fa697aec86f84a98607574224c
sample,all_cr-1024,275,3221112,512499,500,8daa7311fa122f481e84b77d4b9415697087da2a1308fe3345308bbb8764f55c,fad1998d4f23c96219b7cb5c251ce4d8bb9de2fa697aec86f84a98607574224c
sample,all_cr-1024,276,3221302,512499,500,8daa7311fa122f481e84b77d4b9415697087da2a1308fe3345308bbb8764f55c,fad1998d4f23c96219b7cb5c251ce4d8bb9de2fa697aec86f84a98607574224c
sample,all_cr-1024,277,3215382,512499,500,8daa7311fa122f481e84b77d4b9415697087da2a1308fe3345308bbb8764f55c,fad1998d4f23c96219b7cb5c251ce4d8bb9de2fa697aec86f84a98607574224c
sample,all_cr-1024,278,3218342,512499,500,8daa7311fa122f481e84b77d4b9415697087da2a1308fe3345308bbb8764f55c,fad1998d4f23c96219b7cb5c251ce4d8bb9de2fa697aec86f84a98607574224c
sample,all_cr-1024,279,3217902,512499,500,8daa7311fa122f481e84b77d4b9415697087da2a1308fe3345308bbb8764f55c,fad1998d4f23c96219b7cb5c251ce4d8bb9de2fa697aec86f84a98607574224c
sample,all_cr-1024,280,3222582,512499,500,8daa7311fa122f481e84b77d4b9415697087da2a1308fe3345308bbb8764f55c,fad1998d4f23c96219b7cb5c251ce4d8bb9de2fa697aec86f84a98607574224c
sample,all_cr-1024,281,3212822,512499,500,8daa7311fa122f481e84b77d4b9415697087da2a1308fe3345308bbb8764f55c,fad1998d4f23c96219b7cb5c251ce4d8bb9de2fa697aec86f84a98607574224c
sample,all_cr-1024,282,3212822,512499,500,8daa7311fa122f481e84b77d4b9415697087da2a1308fe3345308bbb8764f55c,fad1998d4f23c96219b7cb5c251ce4d8bb9de2fa697aec86f84a98607574224c
sample,all_cr-1024,283,3218821,512499,500,8daa7311fa122f481e84b77d4b9415697087da2a1308fe3345308bbb8764f55c,fad1998d4f23c96219b7cb5c251ce4d8bb9de2fa697aec86f84a98607574224c
sample,all_cr-1024,284,3217832,512499,500,8daa7311fa122f481e84b77d4b9415697087da2a1308fe3345308bbb8764f55c,fad1998d4f23c96219b7cb5c251ce4d8bb9de2fa697aec86f84a98607574224c
sample,all_cr-1024,285,3211042,512499,500,8daa7311fa122f481e84b77d4b9415697087da2a1308fe3345308bbb8764f55c,fad1998d4f23c96219b7cb5c251ce4d8bb9de2fa697aec86f84a98607574224c
sample,all_cr-1024,286,3214062,512499,500,8daa7311fa122f481e84b77d4b9415697087da2a1308fe3345308bbb8764f55c,fad1998d4f23c96219b7cb5c251ce4d8bb9de2fa697aec86f84a98607574224c
sample,all_cr-1024,287,3210162,512499,500,8daa7311fa122f481e84b77d4b9415697087da2a1308fe3345308bbb8764f55c,fad1998d4f23c96219b7cb5c251ce4d8bb9de2fa697aec86f84a98607574224c
sample,all_cr-1024,288,3216892,512499,500,8daa7311fa122f481e84b77d4b9415697087da2a1308fe3345308bbb8764f55c,fad1998d4f23c96219b7cb5c251ce4d8bb9de2fa697aec86f84a98607574224c
sample,all_cr-1024,289,3218552,512499,500,8daa7311fa122f481e84b77d4b9415697087da2a1308fe3345308bbb8764f55c,fad1998d4f23c96219b7cb5c251ce4d8bb9de2fa697aec86f84a98607574224c
sample,all_cr-1024,290,3215832,512499,500,8daa7311fa122f481e84b77d4b9415697087da2a1308fe3345308bbb8764f55c,fad1998d4f23c96219b7cb5c251ce4d8bb9de2fa697aec86f84a98607574224c
sample,all_cr-1024,291,3214982,512499,500,8daa7311fa122f481e84b77d4b9415697087da2a1308fe3345308bbb8764f55c,fad1998d4f23c96219b7cb5c251ce4d8bb9de2fa697aec86f84a98607574224c
sample,all_cr-1024,292,3212011,512499,500,8daa7311fa122f481e84b77d4b9415697087da2a1308fe3345308bbb8764f55c,fad1998d4f23c96219b7cb5c251ce4d8bb9de2fa697aec86f84a98607574224c
sample,all_cr-1024,293,3221512,512499,500,8daa7311fa122f481e84b77d4b9415697087da2a1308fe3345308bbb8764f55c,fad1998d4f23c96219b7cb5c251ce4d8bb9de2fa697aec86f84a98607574224c
sample,all_cr-1024,294,3213042,512499,500,8daa7311fa122f481e84b77d4b9415697087da2a1308fe3345308bbb8764f55c,fad1998d4f23c96219b7cb5c251ce4d8bb9de2fa697aec86f84a98607574224c
sample,all_cr-1024,295,3211232,512499,500,8daa7311fa122f481e84b77d4b9415697087da2a1308fe3345308bbb8764f55c,fad1998d4f23c96219b7cb5c251ce4d8bb9de2fa697aec86f84a98607574224c
sample,all_cr-1024,296,3215282,512499,500,8daa7311fa122f481e84b77d4b9415697087da2a1308fe3345308bbb8764f55c,fad1998d4f23c96219b7cb5c251ce4d8bb9de2fa697aec86f84a98607574224c
sample,all_cr-1024,297,3212952,512499,500,8daa7311fa122f481e84b77d4b9415697087da2a1308fe3345308bbb8764f55c,fad1998d4f23c96219b7cb5c251ce4d8bb9de2fa697aec86f84a98607574224c
sample,all_cr-1024,298,3226922,512499,500,8daa7311fa122f481e84b77d4b9415697087da2a1308fe3345308bbb8764f55c,fad1998d4f23c96219b7cb5c251ce4d8bb9de2fa697aec86f84a98607574224c
sample,all_cr-1024,299,3212882,512499,500,8daa7311fa122f481e84b77d4b9415697087da2a1308fe3345308bbb8764f55c,fad1998d4f23c96219b7cb5c251ce4d8bb9de2fa697aec86f84a98607574224c
sample,all_cr-1024,300,3216412,512499,500,8daa7311fa122f481e84b77d4b9415697087da2a1308fe3345308bbb8764f55c,fad1998d4f23c96219b7cb5c251ce4d8bb9de2fa697aec86f84a98607574224c
sample,all_cr-1024,301,3274282,512499,500,8daa7311fa122f481e84b77d4b9415697087da2a1308fe3345308bbb8764f55c,fad1998d4f23c96219b7cb5c251ce4d8bb9de2fa697aec86f84a98607574224c
sample,all_cr-1024,302,3219482,512499,500,8daa7311fa122f481e84b77d4b9415697087da2a1308fe3345308bbb8764f55c,fad1998d4f23c96219b7cb5c251ce4d8bb9de2fa697aec86f84a98607574224c
sample,all_cr-1024,303,3215442,512499,500,8daa7311fa122f481e84b77d4b9415697087da2a1308fe3345308bbb8764f55c,fad1998d4f23c96219b7cb5c251ce4d8bb9de2fa697aec86f84a98607574224c
sample,all_cr-1024,304,3211981,512499,500,8daa7311fa122f481e84b77d4b9415697087da2a1308fe3345308bbb8764f55c,fad1998d4f23c96219b7cb5c251ce4d8bb9de2fa697aec86f84a98607574224c
sample,all_cr-1024,305,3216722,512499,500,8daa7311fa122f481e84b77d4b9415697087da2a1308fe3345308bbb8764f55c,fad1998d4f23c96219b7cb5c251ce4d8bb9de2fa697aec86f84a98607574224c
sample,all_cr-1024,306,3211552,512499,500,8daa7311fa122f481e84b77d4b9415697087da2a1308fe3345308bbb8764f55c,fad1998d4f23c96219b7cb5c251ce4d8bb9de2fa697aec86f84a98607574224c
sample,all_cr-1024,307,3220382,512499,500,8daa7311fa122f481e84b77d4b9415697087da2a1308fe3345308bbb8764f55c,fad1998d4f23c96219b7cb5c251ce4d8bb9de2fa697aec86f84a98607574224c
sample,all_cr-1024,308,3215332,512499,500,8daa7311fa122f481e84b77d4b9415697087da2a1308fe3345308bbb8764f55c,fad1998d4f23c96219b7cb5c251ce4d8bb9de2fa697aec86f84a98607574224c
sample,all_cr-1024,309,3215332,512499,500,8daa7311fa122f481e84b77d4b9415697087da2a1308fe3345308bbb8764f55c,fad1998d4f23c96219b7cb5c251ce4d8bb9de2fa697aec86f84a98607574224c
sample,all_cr-1024,310,3211492,512499,500,8daa7311fa122f481e84b77d4b9415697087da2a1308fe3345308bbb8764f55c,fad1998d4f23c96219b7cb5c251ce4d8bb9de2fa697aec86f84a98607574224c
sample,all_cr-1024,311,3207922,512499,500,8daa7311fa122f481e84b77d4b9415697087da2a1308fe3345308bbb8764f55c,fad1998d4f23c96219b7cb5c251ce4d8bb9de2fa697aec86f84a98607574224c
sample,all_cr-1024,312,3216522,512499,500,8daa7311fa122f481e84b77d4b9415697087da2a1308fe3345308bbb8764f55c,fad1998d4f23c96219b7cb5c251ce4d8bb9de2fa697aec86f84a98607574224c
sample,all_cr-1024,313,3212211,512499,500,8daa7311fa122f481e84b77d4b9415697087da2a1308fe3345308bbb8764f55c,fad1998d4f23c96219b7cb5c251ce4d8bb9de2fa697aec86f84a98607574224c
sample,all_cr-1024,314,3211142,512499,500,8daa7311fa122f481e84b77d4b9415697087da2a1308fe3345308bbb8764f55c,fad1998d4f23c96219b7cb5c251ce4d8bb9de2fa697aec86f84a98607574224c
sample,all_cr-1024,315,3213422,512499,500,8daa7311fa122f481e84b77d4b9415697087da2a1308fe3345308bbb8764f55c,fad1998d4f23c96219b7cb5c251ce4d8bb9de2fa697aec86f84a98607574224c
sample,all_cr-1024,316,3215682,512499,500,8daa7311fa122f481e84b77d4b9415697087da2a1308fe3345308bbb8764f55c,fad1998d4f23c96219b7cb5c251ce4d8bb9de2fa697aec86f84a98607574224c
sample,all_cr-1024,317,3213002,512499,500,8daa7311fa122f481e84b77d4b9415697087da2a1308fe3345308bbb8764f55c,fad1998d4f23c96219b7cb5c251ce4d8bb9de2fa697aec86f84a98607574224c
sample,all_cr-1024,318,3214972,512499,500,8daa7311fa122f481e84b77d4b9415697087da2a1308fe3345308bbb8764f55c,fad1998d4f23c96219b7cb5c251ce4d8bb9de2fa697aec86f84a98607574224c
sample,all_cr-1024,319,3216222,512499,500,8daa7311fa122f481e84b77d4b9415697087da2a1308fe3345308bbb8764f55c,fad1998d4f23c96219b7cb5c251ce4d8bb9de2fa697aec86f84a98607574224c
sample,all_cr-1024,320,3215112,512499,500,8daa7311fa122f481e84b77d4b9415697087da2a1308fe3345308bbb8764f55c,fad1998d4f23c96219b7cb5c251ce4d8bb9de2fa697aec86f84a98607574224c
sample,all_cr-1024,321,3212821,512499,500,8daa7311fa122f481e84b77d4b9415697087da2a1308fe3345308bbb8764f55c,fad1998d4f23c96219b7cb5c251ce4d8bb9de2fa697aec86f84a98607574224c
sample,all_cr-1024,322,3276413,512499,500,8daa7311fa122f481e84b77d4b9415697087da2a1308fe3345308bbb8764f55c,fad1998d4f23c96219b7cb5c251ce4d8bb9de2fa697aec86f84a98607574224c
sample,all_cr-1024,323,3216961,512499,500,8daa7311fa122f481e84b77d4b9415697087da2a1308fe3345308bbb8764f55c,fad1998d4f23c96219b7cb5c251ce4d8bb9de2fa697aec86f84a98607574224c
sample,all_cr-1024,324,3214912,512499,500,8daa7311fa122f481e84b77d4b9415697087da2a1308fe3345308bbb8764f55c,fad1998d4f23c96219b7cb5c251ce4d8bb9de2fa697aec86f84a98607574224c
sample,all_cr-1024,325,3280952,512499,500,8daa7311fa122f481e84b77d4b9415697087da2a1308fe3345308bbb8764f55c,fad1998d4f23c96219b7cb5c251ce4d8bb9de2fa697aec86f84a98607574224c
sample,all_cr-1024,326,3208782,512499,500,8daa7311fa122f481e84b77d4b9415697087da2a1308fe3345308bbb8764f55c,fad1998d4f23c96219b7cb5c251ce4d8bb9de2fa697aec86f84a98607574224c
sample,all_cr-1024,327,3210392,512499,500,8daa7311fa122f481e84b77d4b9415697087da2a1308fe3345308bbb8764f55c,fad1998d4f23c96219b7cb5c251ce4d8bb9de2fa697aec86f84a98607574224c
sample,all_cr-1024,328,3220652,512499,500,8daa7311fa122f481e84b77d4b9415697087da2a1308fe3345308bbb8764f55c,fad1998d4f23c96219b7cb5c251ce4d8bb9de2fa697aec86f84a98607574224c
sample,all_cr-1024,329,3219542,512499,500,8daa7311fa122f481e84b77d4b9415697087da2a1308fe3345308bbb8764f55c,fad1998d4f23c96219b7cb5c251ce4d8bb9de2fa697aec86f84a98607574224c
sample,all_cr-1024,330,3212222,512499,500,8daa7311fa122f481e84b77d4b9415697087da2a1308fe3345308bbb8764f55c,fad1998d4f23c96219b7cb5c251ce4d8bb9de2fa697aec86f84a98607574224c
sample,all_cr-1024,331,3278612,512499,500,8daa7311fa122f481e84b77d4b9415697087da2a1308fe3345308bbb8764f55c,fad1998d4f23c96219b7cb5c251ce4d8bb9de2fa697aec86f84a98607574224c
sample,all_cr-1024,332,3211472,512499,500,8daa7311fa122f481e84b77d4b9415697087da2a1308fe3345308bbb8764f55c,fad1998d4f23c96219b7cb5c251ce4d8bb9de2fa697aec86f84a98607574224c
sample,all_cr-1024,333,3210922,512499,500,8daa7311fa122f481e84b77d4b9415697087da2a1308fe3345308bbb8764f55c,fad1998d4f23c96219b7cb5c251ce4d8bb9de2fa697aec86f84a98607574224c
sample,all_cr-1024,334,3217422,512499,500,8daa7311fa122f481e84b77d4b9415697087da2a1308fe3345308bbb8764f55c,fad1998d4f23c96219b7cb5c251ce4d8bb9de2fa697aec86f84a98607574224c
sample,all_cr-1024,335,3212522,512499,500,8daa7311fa122f481e84b77d4b9415697087da2a1308fe3345308bbb8764f55c,fad1998d4f23c96219b7cb5c251ce4d8bb9de2fa697aec86f84a98607574224c
sample,all_cr-1024,336,3214011,512499,500,8daa7311fa122f481e84b77d4b9415697087da2a1308fe3345308bbb8764f55c,fad1998d4f23c96219b7cb5c251ce4d8bb9de2fa697aec86f84a98607574224c
sample,all_cr-1024,337,3213152,512499,500,8daa7311fa122f481e84b77d4b9415697087da2a1308fe3345308bbb8764f55c,fad1998d4f23c96219b7cb5c251ce4d8bb9de2fa697aec86f84a98607574224c
sample,all_cr-1024,338,3218972,512499,500,8daa7311fa122f481e84b77d4b9415697087da2a1308fe3345308bbb8764f55c,fad1998d4f23c96219b7cb5c251ce4d8bb9de2fa697aec86f84a98607574224c
sample,all_cr-1024,339,3219952,512499,500,8daa7311fa122f481e84b77d4b9415697087da2a1308fe3345308bbb8764f55c,fad1998d4f23c96219b7cb5c251ce4d8bb9de2fa697aec86f84a98607574224c
sample,all_cr-1024,340,3217202,512499,500,8daa7311fa122f481e84b77d4b9415697087da2a1308fe3345308bbb8764f55c,fad1998d4f23c96219b7cb5c251ce4d8bb9de2fa697aec86f84a98607574224c
sample,all_cr-1024,341,3217032,512499,500,8daa7311fa122f481e84b77d4b9415697087da2a1308fe3345308bbb8764f55c,fad1998d4f23c96219b7cb5c251ce4d8bb9de2fa697aec86f84a98607574224c
sample,all_cr-1024,342,3212222,512499,500,8daa7311fa122f481e84b77d4b9415697087da2a1308fe3345308bbb8764f55c,fad1998d4f23c96219b7cb5c251ce4d8bb9de2fa697aec86f84a98607574224c
sample,all_cr-1024,343,3224702,512499,500,8daa7311fa122f481e84b77d4b9415697087da2a1308fe3345308bbb8764f55c,fad1998d4f23c96219b7cb5c251ce4d8bb9de2fa697aec86f84a98607574224c
sample,all_cr-1024,344,3213142,512499,500,8daa7311fa122f481e84b77d4b9415697087da2a1308fe3345308bbb8764f55c,fad1998d4f23c96219b7cb5c251ce4d8bb9de2fa697aec86f84a98607574224c
sample,all_cr-1024,345,3212372,512499,500,8daa7311fa122f481e84b77d4b9415697087da2a1308fe3345308bbb8764f55c,fad1998d4f23c96219b7cb5c251ce4d8bb9de2fa697aec86f84a98607574224c
sample,all_cr-1024,346,3213781,512499,500,8daa7311fa122f481e84b77d4b9415697087da2a1308fe3345308bbb8764f55c,fad1998d4f23c96219b7cb5c251ce4d8bb9de2fa697aec86f84a98607574224c
sample,all_cr-1024,347,3278072,512499,500,8daa7311fa122f481e84b77d4b9415697087da2a1308fe3345308bbb8764f55c,fad1998d4f23c96219b7cb5c251ce4d8bb9de2fa697aec86f84a98607574224c
sample,all_cr-1024,348,3213292,512499,500,8daa7311fa122f481e84b77d4b9415697087da2a1308fe3345308bbb8764f55c,fad1998d4f23c96219b7cb5c251ce4d8bb9de2fa697aec86f84a98607574224c
sample,all_cr-1024,349,3212922,512499,500,8daa7311fa122f481e84b77d4b9415697087da2a1308fe3345308bbb8764f55c,fad1998d4f23c96219b7cb5c251ce4d8bb9de2fa697aec86f84a98607574224c
sample,all_cr-1024,350,3217352,512499,500,8daa7311fa122f481e84b77d4b9415697087da2a1308fe3345308bbb8764f55c,fad1998d4f23c96219b7cb5c251ce4d8bb9de2fa697aec86f84a98607574224c
sample,all_cr-1024,351,3215652,512499,500,8daa7311fa122f481e84b77d4b9415697087da2a1308fe3345308bbb8764f55c,fad1998d4f23c96219b7cb5c251ce4d8bb9de2fa697aec86f84a98607574224c
sample,all_cr-1024,352,3220782,512499,500,8daa7311fa122f481e84b77d4b9415697087da2a1308fe3345308bbb8764f55c,fad1998d4f23c96219b7cb5c251ce4d8bb9de2fa697aec86f84a98607574224c
sample,all_cr-1024,353,3212152,512499,500,8daa7311fa122f481e84b77d4b9415697087da2a1308fe3345308bbb8764f55c,fad1998d4f23c96219b7cb5c251ce4d8bb9de2fa697aec86f84a98607574224c
sample,all_cr-1024,354,3211202,512499,500,8daa7311fa122f481e84b77d4b9415697087da2a1308fe3345308bbb8764f55c,fad1998d4f23c96219b7cb5c251ce4d8bb9de2fa697aec86f84a98607574224c
sample,all_cr-1024,355,3271042,512499,500,8daa7311fa122f481e84b77d4b9415697087da2a1308fe3345308bbb8764f55c,fad1998d4f23c96219b7cb5c251ce4d8bb9de2fa697aec86f84a98607574224c
sample,all_cr-1024,356,3215382,512499,500,8daa7311fa122f481e84b77d4b9415697087da2a1308fe3345308bbb8764f55c,fad1998d4f23c96219b7cb5c251ce4d8bb9de2fa697aec86f84a98607574224c
sample,all_cr-1024,357,3210212,512499,500,8daa7311fa122f481e84b77d4b9415697087da2a1308fe3345308bbb8764f55c,fad1998d4f23c96219b7cb5c251ce4d8bb9de2fa697aec86f84a98607574224c
sample,all_cr-1024,358,3340792,512499,500,8daa7311fa122f481e84b77d4b9415697087da2a1308fe3345308bbb8764f55c,fad1998d4f23c96219b7cb5c251ce4d8bb9de2fa697aec86f84a98607574224c
sample,all_cr-1024,359,3210792,512499,500,8daa7311fa122f481e84b77d4b9415697087da2a1308fe3345308bbb8764f55c,fad1998d4f23c96219b7cb5c251ce4d8bb9de2fa697aec86f84a98607574224c
sample,all_cr-1024,360,3222702,512499,500,8daa7311fa122f481e84b77d4b9415697087da2a1308fe3345308bbb8764f55c,fad1998d4f23c96219b7cb5c251ce4d8bb9de2fa697aec86f84a98607574224c
sample,all_cr-1024,361,3214972,512499,500,8daa7311fa122f481e84b77d4b9415697087da2a1308fe3345308bbb8764f55c,fad1998d4f23c96219b7cb5c251ce4d8bb9de2fa697aec86f84a98607574224c
sample,all_cr-1024,362,3261712,512499,500,8daa7311fa122f481e84b77d4b9415697087da2a1308fe3345308bbb8764f55c,fad1998d4f23c96219b7cb5c251ce4d8bb9de2fa697aec86f84a98607574224c
sample,all_cr-1024,363,3208862,512499,500,8daa7311fa122f481e84b77d4b9415697087da2a1308fe3345308bbb8764f55c,fad1998d4f23c96219b7cb5c251ce4d8bb9de2fa697aec86f84a98607574224c
sample,all_cr-1024,364,3210641,512499,500,8daa7311fa122f481e84b77d4b9415697087da2a1308fe3345308bbb8764f55c,fad1998d4f23c96219b7cb5c251ce4d8bb9de2fa697aec86f84a98607574224c
sample,all_cr-1024,365,3216672,512499,500,8daa7311fa122f481e84b77d4b9415697087da2a1308fe3345308bbb8764f55c,fad1998d4f23c96219b7cb5c251ce4d8bb9de2fa697aec86f84a98607574224c
sample,all_cr-1024,366,3215962,512499,500,8daa7311fa122f481e84b77d4b9415697087da2a1308fe3345308bbb8764f55c,fad1998d4f23c96219b7cb5c251ce4d8bb9de2fa697aec86f84a98607574224c
sample,all_cr-1024,367,3213902,512499,500,8daa7311fa122f481e84b77d4b9415697087da2a1308fe3345308bbb8764f55c,fad1998d4f23c96219b7cb5c251ce4d8bb9de2fa697aec86f84a98607574224c
sample,all_cr-1024,368,3272962,512499,500,8daa7311fa122f481e84b77d4b9415697087da2a1308fe3345308bbb8764f55c,fad1998d4f23c96219b7cb5c251ce4d8bb9de2fa697aec86f84a98607574224c
sample,all_cr-1024,369,3285362,512499,500,8daa7311fa122f481e84b77d4b9415697087da2a1308fe3345308bbb8764f55c,fad1998d4f23c96219b7cb5c251ce4d8bb9de2fa697aec86f84a98607574224c
sample,all_cr-1024,370,3216702,512499,500,8daa7311fa122f481e84b77d4b9415697087da2a1308fe3345308bbb8764f55c,fad1998d4f23c96219b7cb5c251ce4d8bb9de2fa697aec86f84a98607574224c
sample,all_cr-1024,371,3220332,512499,500,8daa7311fa122f481e84b77d4b9415697087da2a1308fe3345308bbb8764f55c,fad1998d4f23c96219b7cb5c251ce4d8bb9de2fa697aec86f84a98607574224c
sample,all_cr-1024,372,3214332,512499,500,8daa7311fa122f481e84b77d4b9415697087da2a1308fe3345308bbb8764f55c,fad1998d4f23c96219b7cb5c251ce4d8bb9de2fa697aec86f84a98607574224c
sample,all_cr-1024,373,3215822,512499,500,8daa7311fa122f481e84b77d4b9415697087da2a1308fe3345308bbb8764f55c,fad1998d4f23c96219b7cb5c251ce4d8bb9de2fa697aec86f84a98607574224c
sample,all_cr-1024,374,3213082,512499,500,8daa7311fa122f481e84b77d4b9415697087da2a1308fe3345308bbb8764f55c,fad1998d4f23c96219b7cb5c251ce4d8bb9de2fa697aec86f84a98607574224c
sample,all_cr-1024,375,3244382,512499,500,8daa7311fa122f481e84b77d4b9415697087da2a1308fe3345308bbb8764f55c,fad1998d4f23c96219b7cb5c251ce4d8bb9de2fa697aec86f84a98607574224c
sample,all_cr-1024,376,3215182,512499,500,8daa7311fa122f481e84b77d4b9415697087da2a1308fe3345308bbb8764f55c,fad1998d4f23c96219b7cb5c251ce4d8bb9de2fa697aec86f84a98607574224c
sample,all_cr-1024,377,3215762,512499,500,8daa7311fa122f481e84b77d4b9415697087da2a1308fe3345308bbb8764f55c,fad1998d4f23c96219b7cb5c251ce4d8bb9de2fa697aec86f84a98607574224c
sample,all_cr-1024,378,3216231,512499,500,8daa7311fa122f481e84b77d4b9415697087da2a1308fe3345308bbb8764f55c,fad1998d4f23c96219b7cb5c251ce4d8bb9de2fa697aec86f84a98607574224c
sample,all_cr-1024,379,3211962,512499,500,8daa7311fa122f481e84b77d4b9415697087da2a1308fe3345308bbb8764f55c,fad1998d4f23c96219b7cb5c251ce4d8bb9de2fa697aec86f84a98607574224c
sample,all_cr-1024,380,3257932,512499,500,8daa7311fa122f481e84b77d4b9415697087da2a1308fe3345308bbb8764f55c,fad1998d4f23c96219b7cb5c251ce4d8bb9de2fa697aec86f84a98607574224c
sample,all_cr-1024,381,3217952,512499,500,8daa7311fa122f481e84b77d4b9415697087da2a1308fe3345308bbb8764f55c,fad1998d4f23c96219b7cb5c251ce4d8bb9de2fa697aec86f84a98607574224c
sample,all_cr-1024,382,3289472,512499,500,8daa7311fa122f481e84b77d4b9415697087da2a1308fe3345308bbb8764f55c,fad1998d4f23c96219b7cb5c251ce4d8bb9de2fa697aec86f84a98607574224c
sample,all_cr-1024,383,3208802,512499,500,8daa7311fa122f481e84b77d4b9415697087da2a1308fe3345308bbb8764f55c,fad1998d4f23c96219b7cb5c251ce4d8bb9de2fa697aec86f84a98607574224c
sample,all_cr-1024,384,3214762,512499,500,8daa7311fa122f481e84b77d4b9415697087da2a1308fe3345308bbb8764f55c,fad1998d4f23c96219b7cb5c251ce4d8bb9de2fa697aec86f84a98607574224c
sample,all_cr-1024,385,3221992,512499,500,8daa7311fa122f481e84b77d4b9415697087da2a1308fe3345308bbb8764f55c,fad1998d4f23c96219b7cb5c251ce4d8bb9de2fa697aec86f84a98607574224c
sample,all_cr-1024,386,3284982,512499,500,8daa7311fa122f481e84b77d4b9415697087da2a1308fe3345308bbb8764f55c,fad1998d4f23c96219b7cb5c251ce4d8bb9de2fa697aec86f84a98607574224c
sample,all_cr-1024,387,3215602,512499,500,8daa7311fa122f481e84b77d4b9415697087da2a1308fe3345308bbb8764f55c,fad1998d4f23c96219b7cb5c251ce4d8bb9de2fa697aec86f84a98607574224c
sample,all_cr-1024,388,3211622,512499,500,8daa7311fa122f481e84b77d4b9415697087da2a1308fe3345308bbb8764f55c,fad1998d4f23c96219b7cb5c251ce4d8bb9de2fa697aec86f84a98607574224c
sample,all_cr-1024,389,3212922,512499,500,8daa7311fa122f481e84b77d4b9415697087da2a1308fe3345308bbb8764f55c,fad1998d4f23c96219b7cb5c251ce4d8bb9de2fa697aec86f84a98607574224c
sample,all_cr-1024,390,3216472,512499,500,8daa7311fa122f481e84b77d4b9415697087da2a1308fe3345308bbb8764f55c,fad1998d4f23c96219b7cb5c251ce4d8bb9de2fa697aec86f84a98607574224c
sample,all_cr-1024,391,3213992,512499,500,8daa7311fa122f481e84b77d4b9415697087da2a1308fe3345308bbb8764f55c,fad1998d4f23c96219b7cb5c251ce4d8bb9de2fa697aec86f84a98607574224c
sample,all_cr-1024,392,3212762,512499,500,8daa7311fa122f481e84b77d4b9415697087da2a1308fe3345308bbb8764f55c,fad1998d4f23c96219b7cb5c251ce4d8bb9de2fa697aec86f84a98607574224c
sample,all_cr-1024,393,3217632,512499,500,8daa7311fa122f481e84b77d4b9415697087da2a1308fe3345308bbb8764f55c,fad1998d4f23c96219b7cb5c251ce4d8bb9de2fa697aec86f84a98607574224c
sample,all_cr-1024,394,3211271,512499,500,8daa7311fa122f481e84b77d4b9415697087da2a1308fe3345308bbb8764f55c,fad1998d4f23c96219b7cb5c251ce4d8bb9de2fa697aec86f84a98607574224c
sample,all_cr-1024,395,3219502,512499,500,8daa7311fa122f481e84b77d4b9415697087da2a1308fe3345308bbb8764f55c,fad1998d4f23c96219b7cb5c251ce4d8bb9de2fa697aec86f84a98607574224c
sample,all_cr-1024,396,3212492,512499,500,8daa7311fa122f481e84b77d4b9415697087da2a1308fe3345308bbb8764f55c,fad1998d4f23c96219b7cb5c251ce4d8bb9de2fa697aec86f84a98607574224c
sample,all_cr-1024,397,3215292,512499,500,8daa7311fa122f481e84b77d4b9415697087da2a1308fe3345308bbb8764f55c,fad1998d4f23c96219b7cb5c251ce4d8bb9de2fa697aec86f84a98607574224c
sample,all_cr-1024,398,3244762,512499,500,8daa7311fa122f481e84b77d4b9415697087da2a1308fe3345308bbb8764f55c,fad1998d4f23c96219b7cb5c251ce4d8bb9de2fa697aec86f84a98607574224c
sample,all_cr-1024,399,3211392,512499,500,8daa7311fa122f481e84b77d4b9415697087da2a1308fe3345308bbb8764f55c,fad1998d4f23c96219b7cb5c251ce4d8bb9de2fa697aec86f84a98607574224c
sample,all_cr-1024,400,3219692,512499,500,8daa7311fa122f481e84b77d4b9415697087da2a1308fe3345308bbb8764f55c,fad1998d4f23c96219b7cb5c251ce4d8bb9de2fa697aec86f84a98607574224c
sample,all_cr-1024,401,3217252,512499,500,8daa7311fa122f481e84b77d4b9415697087da2a1308fe3345308bbb8764f55c,fad1998d4f23c96219b7cb5c251ce4d8bb9de2fa697aec86f84a98607574224c
sample,all_cr-1024,402,3212432,512499,500,8daa7311fa122f481e84b77d4b9415697087da2a1308fe3345308bbb8764f55c,fad1998d4f23c96219b7cb5c251ce4d8bb9de2fa697aec86f84a98607574224c
sample,all_cr-1024,403,3210461,512499,500,8daa7311fa122f481e84b77d4b9415697087da2a1308fe3345308bbb8764f55c,fad1998d4f23c96219b7cb5c251ce4d8bb9de2fa697aec86f84a98607574224c
sample,all_cr-1024,404,3282553,512499,500,8daa7311fa122f481e84b77d4b9415697087da2a1308fe3345308bbb8764f55c,fad1998d4f23c96219b7cb5c251ce4d8bb9de2fa697aec86f84a98607574224c
sample,all_cr-1024,405,3238602,512499,500,8daa7311fa122f481e84b77d4b9415697087da2a1308fe3345308bbb8764f55c,fad1998d4f23c96219b7cb5c251ce4d8bb9de2fa697aec86f84a98607574224c
sample,all_cr-1024,406,3274432,512499,500,8daa7311fa122f481e84b77d4b9415697087da2a1308fe3345308bbb8764f55c,fad1998d4f23c96219b7cb5c251ce4d8bb9de2fa697aec86f84a98607574224c
sample,all_cr-1024,407,3274672,512499,500,8daa7311fa122f481e84b77d4b9415697087da2a1308fe3345308bbb8764f55c,fad1998d4f23c96219b7cb5c251ce4d8bb9de2fa697aec86f84a98607574224c
sample,all_cr-1024,408,3230122,512499,500,8daa7311fa122f481e84b77d4b9415697087da2a1308fe3345308bbb8764f55c,fad1998d4f23c96219b7cb5c251ce4d8bb9de2fa697aec86f84a98607574224c
sample,all_cr-1024,409,3214162,512499,500,8daa7311fa122f481e84b77d4b9415697087da2a1308fe3345308bbb8764f55c,fad1998d4f23c96219b7cb5c251ce4d8bb9de2fa697aec86f84a98607574224c
sample,all_cr-1024,410,3216571,512499,500,8daa7311fa122f481e84b77d4b9415697087da2a1308fe3345308bbb8764f55c,fad1998d4f23c96219b7cb5c251ce4d8bb9de2fa697aec86f84a98607574224c
sample,all_cr-1024,411,3213142,512499,500,8daa7311fa122f481e84b77d4b9415697087da2a1308fe3345308bbb8764f55c,fad1998d4f23c96219b7cb5c251ce4d8bb9de2fa697aec86f84a98607574224c
sample,all_cr-1024,412,3217952,512499,500,8daa7311fa122f481e84b77d4b9415697087da2a1308fe3345308bbb8764f55c,fad1998d4f23c96219b7cb5c251ce4d8bb9de2fa697aec86f84a98607574224c
sample,all_cr-1024,413,3219602,512499,500,8daa7311fa122f481e84b77d4b9415697087da2a1308fe3345308bbb8764f55c,fad1998d4f23c96219b7cb5c251ce4d8bb9de2fa697aec86f84a98607574224c
sample,all_cr-1024,414,3220382,512499,500,8daa7311fa122f481e84b77d4b9415697087da2a1308fe3345308bbb8764f55c,fad1998d4f23c96219b7cb5c251ce4d8bb9de2fa697aec86f84a98607574224c
sample,all_cr-1024,415,3210332,512499,500,8daa7311fa122f481e84b77d4b9415697087da2a1308fe3345308bbb8764f55c,fad1998d4f23c96219b7cb5c251ce4d8bb9de2fa697aec86f84a98607574224c
sample,all_cr-1024,416,3278002,512499,500,8daa7311fa122f481e84b77d4b9415697087da2a1308fe3345308bbb8764f55c,fad1998d4f23c96219b7cb5c251ce4d8bb9de2fa697aec86f84a98607574224c
sample,all_cr-1024,417,3216142,512499,500,8daa7311fa122f481e84b77d4b9415697087da2a1308fe3345308bbb8764f55c,fad1998d4f23c96219b7cb5c251ce4d8bb9de2fa697aec86f84a98607574224c
sample,all_cr-1024,418,3214942,512499,500,8daa7311fa122f481e84b77d4b9415697087da2a1308fe3345308bbb8764f55c,fad1998d4f23c96219b7cb5c251ce4d8bb9de2fa697aec86f84a98607574224c
sample,all_cr-1024,419,3213512,512499,500,8daa7311fa122f481e84b77d4b9415697087da2a1308fe3345308bbb8764f55c,fad1998d4f23c96219b7cb5c251ce4d8bb9de2fa697aec86f84a98607574224c
sample,all_cr-1024,420,3207802,512499,500,8daa7311fa122f481e84b77d4b9415697087da2a1308fe3345308bbb8764f55c,fad1998d4f23c96219b7cb5c251ce4d8bb9de2fa697aec86f84a98607574224c
sample,all_cr-1024,421,3216501,512499,500,8daa7311fa122f481e84b77d4b9415697087da2a1308fe3345308bbb8764f55c,fad1998d4f23c96219b7cb5c251ce4d8bb9de2fa697aec86f84a98607574224c
sample,all_cr-1024,422,3265103,512499,500,8daa7311fa122f481e84b77d4b9415697087da2a1308fe3345308bbb8764f55c,fad1998d4f23c96219b7cb5c251ce4d8bb9de2fa697aec86f84a98607574224c
sample,all_cr-1024,423,3218852,512499,500,8daa7311fa122f481e84b77d4b9415697087da2a1308fe3345308bbb8764f55c,fad1998d4f23c96219b7cb5c251ce4d8bb9de2fa697aec86f84a98607574224c
sample,all_cr-1024,424,3215741,512499,500,8daa7311fa122f481e84b77d4b9415697087da2a1308fe3345308bbb8764f55c,fad1998d4f23c96219b7cb5c251ce4d8bb9de2fa697aec86f84a98607574224c
sample,all_cr-1024,425,3211002,512499,500,8daa7311fa122f481e84b77d4b9415697087da2a1308fe3345308bbb8764f55c,fad1998d4f23c96219b7cb5c251ce4d8bb9de2fa697aec86f84a98607574224c
sample,all_cr-1024,426,3250922,512499,500,8daa7311fa122f481e84b77d4b9415697087da2a1308fe3345308bbb8764f55c,fad1998d4f23c96219b7cb5c251ce4d8bb9de2fa697aec86f84a98607574224c
sample,all_cr-1024,427,3241162,512499,500,8daa7311fa122f481e84b77d4b9415697087da2a1308fe3345308bbb8764f55c,fad1998d4f23c96219b7cb5c251ce4d8bb9de2fa697aec86f84a98607574224c
sample,all_cr-1024,428,3209832,512499,500,8daa7311fa122f481e84b77d4b9415697087da2a1308fe3345308bbb8764f55c,fad1998d4f23c96219b7cb5c251ce4d8bb9de2fa697aec86f84a98607574224c
sample,all_cr-1024,429,3213822,512499,500,8daa7311fa122f481e84b77d4b9415697087da2a1308fe3345308bbb8764f55c,fad1998d4f23c96219b7cb5c251ce4d8bb9de2fa697aec86f84a98607574224c
sample,all_cr-1024,430,3216282,512499,500,8daa7311fa122f481e84b77d4b9415697087da2a1308fe3345308bbb8764f55c,fad1998d4f23c96219b7cb5c251ce4d8bb9de2fa697aec86f84a98607574224c
sample,all_cr-1024,431,3212242,512499,500,8daa7311fa122f481e84b77d4b9415697087da2a1308fe3345308bbb8764f55c,fad1998d4f23c96219b7cb5c251ce4d8bb9de2fa697aec86f84a98607574224c
sample,all_cr-1024,432,3213132,512499,500,8daa7311fa122f481e84b77d4b9415697087da2a1308fe3345308bbb8764f55c,fad1998d4f23c96219b7cb5c251ce4d8bb9de2fa697aec86f84a98607574224c
sample,all_cr-1024,433,3213482,512499,500,8daa7311fa122f481e84b77d4b9415697087da2a1308fe3345308bbb8764f55c,fad1998d4f23c96219b7cb5c251ce4d8bb9de2fa697aec86f84a98607574224c
sample,all_cr-1024,434,3214781,512499,500,8daa7311fa122f481e84b77d4b9415697087da2a1308fe3345308bbb8764f55c,fad1998d4f23c96219b7cb5c251ce4d8bb9de2fa697aec86f84a98607574224c
sample,all_cr-1024,435,3218022,512499,500,8daa7311fa122f481e84b77d4b9415697087da2a1308fe3345308bbb8764f55c,fad1998d4f23c96219b7cb5c251ce4d8bb9de2fa697aec86f84a98607574224c
sample,all_cr-1024,436,3217692,512499,500,8daa7311fa122f481e84b77d4b9415697087da2a1308fe3345308bbb8764f55c,fad1998d4f23c96219b7cb5c251ce4d8bb9de2fa697aec86f84a98607574224c
sample,all_cr-1024,437,3215172,512499,500,8daa7311fa122f481e84b77d4b9415697087da2a1308fe3345308bbb8764f55c,fad1998d4f23c96219b7cb5c251ce4d8bb9de2fa697aec86f84a98607574224c
sample,all_cr-1024,438,3222592,512499,500,8daa7311fa122f481e84b77d4b9415697087da2a1308fe3345308bbb8764f55c,fad1998d4f23c96219b7cb5c251ce4d8bb9de2fa697aec86f84a98607574224c
sample,all_cr-1024,439,3286732,512499,500,8daa7311fa122f481e84b77d4b9415697087da2a1308fe3345308bbb8764f55c,fad1998d4f23c96219b7cb5c251ce4d8bb9de2fa697aec86f84a98607574224c
sample,all_cr-1024,440,3220912,512499,500,8daa7311fa122f481e84b77d4b9415697087da2a1308fe3345308bbb8764f55c,fad1998d4f23c96219b7cb5c251ce4d8bb9de2fa697aec86f84a98607574224c
sample,all_cr-1024,441,3218382,512499,500,8daa7311fa122f481e84b77d4b9415697087da2a1308fe3345308bbb8764f55c,fad1998d4f23c96219b7cb5c251ce4d8bb9de2fa697aec86f84a98607574224c
sample,all_cr-1024,442,3217262,512499,500,8daa7311fa122f481e84b77d4b9415697087da2a1308fe3345308bbb8764f55c,fad1998d4f23c96219b7cb5c251ce4d8bb9de2fa697aec86f84a98607574224c
sample,all_cr-1024,443,3222182,512499,500,8daa7311fa122f481e84b77d4b9415697087da2a1308fe3345308bbb8764f55c,fad1998d4f23c96219b7cb5c251ce4d8bb9de2fa697aec86f84a98607574224c
sample,all_cr-1024,444,3216282,512499,500,8daa7311fa122f481e84b77d4b9415697087da2a1308fe3345308bbb8764f55c,fad1998d4f23c96219b7cb5c251ce4d8bb9de2fa697aec86f84a98607574224c
sample,all_cr-1024,445,3215742,512499,500,8daa7311fa122f481e84b77d4b9415697087da2a1308fe3345308bbb8764f55c,fad1998d4f23c96219b7cb5c251ce4d8bb9de2fa697aec86f84a98607574224c
sample,all_cr-1024,446,3216802,512499,500,8daa7311fa122f481e84b77d4b9415697087da2a1308fe3345308bbb8764f55c,fad1998d4f23c96219b7cb5c251ce4d8bb9de2fa697aec86f84a98607574224c
sample,all_cr-1024,447,3219081,512499,500,8daa7311fa122f481e84b77d4b9415697087da2a1308fe3345308bbb8764f55c,fad1998d4f23c96219b7cb5c251ce4d8bb9de2fa697aec86f84a98607574224c
sample,all_cr-1024,448,3220912,512499,500,8daa7311fa122f481e84b77d4b9415697087da2a1308fe3345308bbb8764f55c,fad1998d4f23c96219b7cb5c251ce4d8bb9de2fa697aec86f84a98607574224c
sample,all_cr-1024,449,3218702,512499,500,8daa7311fa122f481e84b77d4b9415697087da2a1308fe3345308bbb8764f55c,fad1998d4f23c96219b7cb5c251ce4d8bb9de2fa697aec86f84a98607574224c
sample,all_cr-1024,450,3334542,512499,500,8daa7311fa122f481e84b77d4b9415697087da2a1308fe3345308bbb8764f55c,fad1998d4f23c96219b7cb5c251ce4d8bb9de2fa697aec86f84a98607574224c
sample,all_cr-1024,451,3214602,512499,500,8daa7311fa122f481e84b77d4b9415697087da2a1308fe3345308bbb8764f55c,fad1998d4f23c96219b7cb5c251ce4d8bb9de2fa697aec86f84a98607574224c
sample,all_cr-1024,452,3288033,512499,500,8daa7311fa122f481e84b77d4b9415697087da2a1308fe3345308bbb8764f55c,fad1998d4f23c96219b7cb5c251ce4d8bb9de2fa697aec86f84a98607574224c
sample,all_cr-1024,453,3216731,512499,500,8daa7311fa122f481e84b77d4b9415697087da2a1308fe3345308bbb8764f55c,fad1998d4f23c96219b7cb5c251ce4d8bb9de2fa697aec86f84a98607574224c
sample,all_cr-1024,454,3216192,512499,500,8daa7311fa122f481e84b77d4b9415697087da2a1308fe3345308bbb8764f55c,fad1998d4f23c96219b7cb5c251ce4d8bb9de2fa697aec86f84a98607574224c
sample,all_cr-1024,455,3275822,512499,500,8daa7311fa122f481e84b77d4b9415697087da2a1308fe3345308bbb8764f55c,fad1998d4f23c96219b7cb5c251ce4d8bb9de2fa697aec86f84a98607574224c
sample,all_cr-1024,456,3217291,512499,500,8daa7311fa122f481e84b77d4b9415697087da2a1308fe3345308bbb8764f55c,fad1998d4f23c96219b7cb5c251ce4d8bb9de2fa697aec86f84a98607574224c
sample,all_cr-1024,457,3212842,512499,500,8daa7311fa122f481e84b77d4b9415697087da2a1308fe3345308bbb8764f55c,fad1998d4f23c96219b7cb5c251ce4d8bb9de2fa697aec86f84a98607574224c
sample,all_cr-1024,458,3216462,512499,500,8daa7311fa122f481e84b77d4b9415697087da2a1308fe3345308bbb8764f55c,fad1998d4f23c96219b7cb5c251ce4d8bb9de2fa697aec86f84a98607574224c
sample,all_cr-1024,459,3214402,512499,500,8daa7311fa122f481e84b77d4b9415697087da2a1308fe3345308bbb8764f55c,fad1998d4f23c96219b7cb5c251ce4d8bb9de2fa697aec86f84a98607574224c
sample,all_cr-1024,460,3218022,512499,500,8daa7311fa122f481e84b77d4b9415697087da2a1308fe3345308bbb8764f55c,fad1998d4f23c96219b7cb5c251ce4d8bb9de2fa697aec86f84a98607574224c
sample,all_cr-1024,461,3209812,512499,500,8daa7311fa122f481e84b77d4b9415697087da2a1308fe3345308bbb8764f55c,fad1998d4f23c96219b7cb5c251ce4d8bb9de2fa697aec86f84a98607574224c
sample,all_cr-1024,462,3212142,512499,500,8daa7311fa122f481e84b77d4b9415697087da2a1308fe3345308bbb8764f55c,fad1998d4f23c96219b7cb5c251ce4d8bb9de2fa697aec86f84a98607574224c
sample,all_cr-1024,463,3220262,512499,500,8daa7311fa122f481e84b77d4b9415697087da2a1308fe3345308bbb8764f55c,fad1998d4f23c96219b7cb5c251ce4d8bb9de2fa697aec86f84a98607574224c
sample,all_cr-1024,464,3218152,512499,500,8daa7311fa122f481e84b77d4b9415697087da2a1308fe3345308bbb8764f55c,fad1998d4f23c96219b7cb5c251ce4d8bb9de2fa697aec86f84a98607574224c
sample,all_cr-1024,465,3255572,512499,500,8daa7311fa122f481e84b77d4b9415697087da2a1308fe3345308bbb8764f55c,fad1998d4f23c96219b7cb5c251ce4d8bb9de2fa697aec86f84a98607574224c
sample,all_cr-1024,466,3218091,512499,500,8daa7311fa122f481e84b77d4b9415697087da2a1308fe3345308bbb8764f55c,fad1998d4f23c96219b7cb5c251ce4d8bb9de2fa697aec86f84a98607574224c
sample,all_cr-1024,467,3216992,512499,500,8daa7311fa122f481e84b77d4b9415697087da2a1308fe3345308bbb8764f55c,fad1998d4f23c96219b7cb5c251ce4d8bb9de2fa697aec86f84a98607574224c
sample,all_cr-1024,468,3219402,512499,500,8daa7311fa122f481e84b77d4b9415697087da2a1308fe3345308bbb8764f55c,fad1998d4f23c96219b7cb5c251ce4d8bb9de2fa697aec86f84a98607574224c
sample,all_cr-1024,469,3231822,512499,500,8daa7311fa122f481e84b77d4b9415697087da2a1308fe3345308bbb8764f55c,fad1998d4f23c96219b7cb5c251ce4d8bb9de2fa697aec86f84a98607574224c
sample,all_cr-1024,470,3224232,512499,500,8daa7311fa122f481e84b77d4b9415697087da2a1308fe3345308bbb8764f55c,fad1998d4f23c96219b7cb5c251ce4d8bb9de2fa697aec86f84a98607574224c
sample,all_cr-1024,471,3219232,512499,500,8daa7311fa122f481e84b77d4b9415697087da2a1308fe3345308bbb8764f55c,fad1998d4f23c96219b7cb5c251ce4d8bb9de2fa697aec86f84a98607574224c
sample,all_cr-1024,472,3217822,512499,500,8daa7311fa122f481e84b77d4b9415697087da2a1308fe3345308bbb8764f55c,fad1998d4f23c96219b7cb5c251ce4d8bb9de2fa697aec86f84a98607574224c
sample,all_cr-1024,473,3228232,512499,500,8daa7311fa122f481e84b77d4b9415697087da2a1308fe3345308bbb8764f55c,fad1998d4f23c96219b7cb5c251ce4d8bb9de2fa697aec86f84a98607574224c
sample,all_cr-1024,474,3233552,512499,500,8daa7311fa122f481e84b77d4b9415697087da2a1308fe3345308bbb8764f55c,fad1998d4f23c96219b7cb5c251ce4d8bb9de2fa697aec86f84a98607574224c
sample,all_cr-1024,475,3228052,512499,500,8daa7311fa122f481e84b77d4b9415697087da2a1308fe3345308bbb8764f55c,fad1998d4f23c96219b7cb5c251ce4d8bb9de2fa697aec86f84a98607574224c
sample,all_cr-1024,476,3219862,512499,500,8daa7311fa122f481e84b77d4b9415697087da2a1308fe3345308bbb8764f55c,fad1998d4f23c96219b7cb5c251ce4d8bb9de2fa697aec86f84a98607574224c
sample,all_cr-1024,477,3220452,512499,500,8daa7311fa122f481e84b77d4b9415697087da2a1308fe3345308bbb8764f55c,fad1998d4f23c96219b7cb5c251ce4d8bb9de2fa697aec86f84a98607574224c
sample,all_cr-1024,478,3230702,512499,500,8daa7311fa122f481e84b77d4b9415697087da2a1308fe3345308bbb8764f55c,fad1998d4f23c96219b7cb5c251ce4d8bb9de2fa697aec86f84a98607574224c
sample,all_cr-1024,479,3217791,512499,500,8daa7311fa122f481e84b77d4b9415697087da2a1308fe3345308bbb8764f55c,fad1998d4f23c96219b7cb5c251ce4d8bb9de2fa697aec86f84a98607574224c
sample,all_cr-1024,480,3218012,512499,500,8daa7311fa122f481e84b77d4b9415697087da2a1308fe3345308bbb8764f55c,fad1998d4f23c96219b7cb5c251ce4d8bb9de2fa697aec86f84a98607574224c
sample,all_cr-1024,481,3255822,512499,500,8daa7311fa122f481e84b77d4b9415697087da2a1308fe3345308bbb8764f55c,fad1998d4f23c96219b7cb5c251ce4d8bb9de2fa697aec86f84a98607574224c
sample,all_cr-1024,482,3221682,512499,500,8daa7311fa122f481e84b77d4b9415697087da2a1308fe3345308bbb8764f55c,fad1998d4f23c96219b7cb5c251ce4d8bb9de2fa697aec86f84a98607574224c
sample,all_cr-1024,483,3220942,512499,500,8daa7311fa122f481e84b77d4b9415697087da2a1308fe3345308bbb8764f55c,fad1998d4f23c96219b7cb5c251ce4d8bb9de2fa697aec86f84a98607574224c
sample,all_cr-1024,484,3254232,512499,500,8daa7311fa122f481e84b77d4b9415697087da2a1308fe3345308bbb8764f55c,fad1998d4f23c96219b7cb5c251ce4d8bb9de2fa697aec86f84a98607574224c
sample,all_cr-1024,485,3227122,512499,500,8daa7311fa122f481e84b77d4b9415697087da2a1308fe3345308bbb8764f55c,fad1998d4f23c96219b7cb5c251ce4d8bb9de2fa697aec86f84a98607574224c
sample,all_cr-1024,486,3223942,512499,500,8daa7311fa122f481e84b77d4b9415697087da2a1308fe3345308bbb8764f55c,fad1998d4f23c96219b7cb5c251ce4d8bb9de2fa697aec86f84a98607574224c
sample,all_cr-1024,487,3226242,512499,500,8daa7311fa122f481e84b77d4b9415697087da2a1308fe3345308bbb8764f55c,fad1998d4f23c96219b7cb5c251ce4d8bb9de2fa697aec86f84a98607574224c
sample,all_cr-1024,488,3221782,512499,500,8daa7311fa122f481e84b77d4b9415697087da2a1308fe3345308bbb8764f55c,fad1998d4f23c96219b7cb5c251ce4d8bb9de2fa697aec86f84a98607574224c
sample,all_cr-1024,489,3223412,512499,500,8daa7311fa122f481e84b77d4b9415697087da2a1308fe3345308bbb8764f55c,fad1998d4f23c96219b7cb5c251ce4d8bb9de2fa697aec86f84a98607574224c
sample,all_cr-1024,490,3221302,512499,500,8daa7311fa122f481e84b77d4b9415697087da2a1308fe3345308bbb8764f55c,fad1998d4f23c96219b7cb5c251ce4d8bb9de2fa697aec86f84a98607574224c
sample,all_cr-1024,491,3225192,512499,500,8daa7311fa122f481e84b77d4b9415697087da2a1308fe3345308bbb8764f55c,fad1998d4f23c96219b7cb5c251ce4d8bb9de2fa697aec86f84a98607574224c
sample,all_cr-1024,492,3212072,512499,500,8daa7311fa122f481e84b77d4b9415697087da2a1308fe3345308bbb8764f55c,fad1998d4f23c96219b7cb5c251ce4d8bb9de2fa697aec86f84a98607574224c
sample,all_cr-1024,493,3223372,512499,500,8daa7311fa122f481e84b77d4b9415697087da2a1308fe3345308bbb8764f55c,fad1998d4f23c96219b7cb5c251ce4d8bb9de2fa697aec86f84a98607574224c
sample,all_cr-1024,494,3273522,512499,500,8daa7311fa122f481e84b77d4b9415697087da2a1308fe3345308bbb8764f55c,fad1998d4f23c96219b7cb5c251ce4d8bb9de2fa697aec86f84a98607574224c
sample,all_cr-1024,495,3224851,512499,500,8daa7311fa122f481e84b77d4b9415697087da2a1308fe3345308bbb8764f55c,fad1998d4f23c96219b7cb5c251ce4d8bb9de2fa697aec86f84a98607574224c
sample,all_cr-1024,496,3223541,512499,500,8daa7311fa122f481e84b77d4b9415697087da2a1308fe3345308bbb8764f55c,fad1998d4f23c96219b7cb5c251ce4d8bb9de2fa697aec86f84a98607574224c
sample,all_cr-1024,497,3216462,512499,500,8daa7311fa122f481e84b77d4b9415697087da2a1308fe3345308bbb8764f55c,fad1998d4f23c96219b7cb5c251ce4d8bb9de2fa697aec86f84a98607574224c
sample,all_cr-1024,498,3215332,512499,500,8daa7311fa122f481e84b77d4b9415697087da2a1308fe3345308bbb8764f55c,fad1998d4f23c96219b7cb5c251ce4d8bb9de2fa697aec86f84a98607574224c
sample,all_cr-1024,499,3219732,512499,500,8daa7311fa122f481e84b77d4b9415697087da2a1308fe3345308bbb8764f55c,fad1998d4f23c96219b7cb5c251ce4d8bb9de2fa697aec86f84a98607574224c
sample,sparse_crlf-1024,0,340202,510499,500,5587cf2a0cf4fdda503bd1322fc2885963c24d4b8ec0a2a5347d0e93f3b5c5df,122aabbf98920296407d72a8d903976897313543d3a393034c4e9245ef7101ce
sample,sparse_crlf-1024,1,340501,510499,500,5587cf2a0cf4fdda503bd1322fc2885963c24d4b8ec0a2a5347d0e93f3b5c5df,122aabbf98920296407d72a8d903976897313543d3a393034c4e9245ef7101ce
sample,sparse_crlf-1024,2,346021,510499,500,5587cf2a0cf4fdda503bd1322fc2885963c24d4b8ec0a2a5347d0e93f3b5c5df,122aabbf98920296407d72a8d903976897313543d3a393034c4e9245ef7101ce
sample,sparse_crlf-1024,3,344041,510499,500,5587cf2a0cf4fdda503bd1322fc2885963c24d4b8ec0a2a5347d0e93f3b5c5df,122aabbf98920296407d72a8d903976897313543d3a393034c4e9245ef7101ce
sample,sparse_crlf-1024,4,340592,510499,500,5587cf2a0cf4fdda503bd1322fc2885963c24d4b8ec0a2a5347d0e93f3b5c5df,122aabbf98920296407d72a8d903976897313543d3a393034c4e9245ef7101ce
sample,sparse_crlf-1024,5,346661,510499,500,5587cf2a0cf4fdda503bd1322fc2885963c24d4b8ec0a2a5347d0e93f3b5c5df,122aabbf98920296407d72a8d903976897313543d3a393034c4e9245ef7101ce
sample,sparse_crlf-1024,6,340511,510499,500,5587cf2a0cf4fdda503bd1322fc2885963c24d4b8ec0a2a5347d0e93f3b5c5df,122aabbf98920296407d72a8d903976897313543d3a393034c4e9245ef7101ce
sample,sparse_crlf-1024,7,340812,510499,500,5587cf2a0cf4fdda503bd1322fc2885963c24d4b8ec0a2a5347d0e93f3b5c5df,122aabbf98920296407d72a8d903976897313543d3a393034c4e9245ef7101ce
sample,sparse_crlf-1024,8,346411,510499,500,5587cf2a0cf4fdda503bd1322fc2885963c24d4b8ec0a2a5347d0e93f3b5c5df,122aabbf98920296407d72a8d903976897313543d3a393034c4e9245ef7101ce
sample,sparse_crlf-1024,9,340861,510499,500,5587cf2a0cf4fdda503bd1322fc2885963c24d4b8ec0a2a5347d0e93f3b5c5df,122aabbf98920296407d72a8d903976897313543d3a393034c4e9245ef7101ce
sample,sparse_crlf-1024,10,339991,510499,500,5587cf2a0cf4fdda503bd1322fc2885963c24d4b8ec0a2a5347d0e93f3b5c5df,122aabbf98920296407d72a8d903976897313543d3a393034c4e9245ef7101ce
sample,sparse_crlf-1024,11,345862,510499,500,5587cf2a0cf4fdda503bd1322fc2885963c24d4b8ec0a2a5347d0e93f3b5c5df,122aabbf98920296407d72a8d903976897313543d3a393034c4e9245ef7101ce
sample,sparse_crlf-1024,12,340681,510499,500,5587cf2a0cf4fdda503bd1322fc2885963c24d4b8ec0a2a5347d0e93f3b5c5df,122aabbf98920296407d72a8d903976897313543d3a393034c4e9245ef7101ce
sample,sparse_crlf-1024,13,341101,510499,500,5587cf2a0cf4fdda503bd1322fc2885963c24d4b8ec0a2a5347d0e93f3b5c5df,122aabbf98920296407d72a8d903976897313543d3a393034c4e9245ef7101ce
sample,sparse_crlf-1024,14,345582,510499,500,5587cf2a0cf4fdda503bd1322fc2885963c24d4b8ec0a2a5347d0e93f3b5c5df,122aabbf98920296407d72a8d903976897313543d3a393034c4e9245ef7101ce
sample,sparse_crlf-1024,15,343911,510499,500,5587cf2a0cf4fdda503bd1322fc2885963c24d4b8ec0a2a5347d0e93f3b5c5df,122aabbf98920296407d72a8d903976897313543d3a393034c4e9245ef7101ce
sample,sparse_crlf-1024,16,340301,510499,500,5587cf2a0cf4fdda503bd1322fc2885963c24d4b8ec0a2a5347d0e93f3b5c5df,122aabbf98920296407d72a8d903976897313543d3a393034c4e9245ef7101ce
sample,sparse_crlf-1024,17,340741,510499,500,5587cf2a0cf4fdda503bd1322fc2885963c24d4b8ec0a2a5347d0e93f3b5c5df,122aabbf98920296407d72a8d903976897313543d3a393034c4e9245ef7101ce
sample,sparse_crlf-1024,18,340492,510499,500,5587cf2a0cf4fdda503bd1322fc2885963c24d4b8ec0a2a5347d0e93f3b5c5df,122aabbf98920296407d72a8d903976897313543d3a393034c4e9245ef7101ce
sample,sparse_crlf-1024,19,359221,510499,500,5587cf2a0cf4fdda503bd1322fc2885963c24d4b8ec0a2a5347d0e93f3b5c5df,122aabbf98920296407d72a8d903976897313543d3a393034c4e9245ef7101ce
sample,sparse_crlf-1024,20,340611,510499,500,5587cf2a0cf4fdda503bd1322fc2885963c24d4b8ec0a2a5347d0e93f3b5c5df,122aabbf98920296407d72a8d903976897313543d3a393034c4e9245ef7101ce
sample,sparse_crlf-1024,21,341492,510499,500,5587cf2a0cf4fdda503bd1322fc2885963c24d4b8ec0a2a5347d0e93f3b5c5df,122aabbf98920296407d72a8d903976897313543d3a393034c4e9245ef7101ce
sample,sparse_crlf-1024,22,347781,510499,500,5587cf2a0cf4fdda503bd1322fc2885963c24d4b8ec0a2a5347d0e93f3b5c5df,122aabbf98920296407d72a8d903976897313543d3a393034c4e9245ef7101ce
sample,sparse_crlf-1024,23,341021,510499,500,5587cf2a0cf4fdda503bd1322fc2885963c24d4b8ec0a2a5347d0e93f3b5c5df,122aabbf98920296407d72a8d903976897313543d3a393034c4e9245ef7101ce
sample,sparse_crlf-1024,24,340541,510499,500,5587cf2a0cf4fdda503bd1322fc2885963c24d4b8ec0a2a5347d0e93f3b5c5df,122aabbf98920296407d72a8d903976897313543d3a393034c4e9245ef7101ce
sample,sparse_crlf-1024,25,347282,510499,500,5587cf2a0cf4fdda503bd1322fc2885963c24d4b8ec0a2a5347d0e93f3b5c5df,122aabbf98920296407d72a8d903976897313543d3a393034c4e9245ef7101ce
sample,sparse_crlf-1024,26,343551,510499,500,5587cf2a0cf4fdda503bd1322fc2885963c24d4b8ec0a2a5347d0e93f3b5c5df,122aabbf98920296407d72a8d903976897313543d3a393034c4e9245ef7101ce
sample,sparse_crlf-1024,27,340891,510499,500,5587cf2a0cf4fdda503bd1322fc2885963c24d4b8ec0a2a5347d0e93f3b5c5df,122aabbf98920296407d72a8d903976897313543d3a393034c4e9245ef7101ce
sample,sparse_crlf-1024,28,400172,510499,500,5587cf2a0cf4fdda503bd1322fc2885963c24d4b8ec0a2a5347d0e93f3b5c5df,122aabbf98920296407d72a8d903976897313543d3a393034c4e9245ef7101ce
sample,sparse_crlf-1024,29,340541,510499,500,5587cf2a0cf4fdda503bd1322fc2885963c24d4b8ec0a2a5347d0e93f3b5c5df,122aabbf98920296407d72a8d903976897313543d3a393034c4e9245ef7101ce
sample,sparse_crlf-1024,30,340671,510499,500,5587cf2a0cf4fdda503bd1322fc2885963c24d4b8ec0a2a5347d0e93f3b5c5df,122aabbf98920296407d72a8d903976897313543d3a393034c4e9245ef7101ce
sample,sparse_crlf-1024,31,346252,510499,500,5587cf2a0cf4fdda503bd1322fc2885963c24d4b8ec0a2a5347d0e93f3b5c5df,122aabbf98920296407d72a8d903976897313543d3a393034c4e9245ef7101ce
sample,sparse_crlf-1024,32,340811,510499,500,5587cf2a0cf4fdda503bd1322fc2885963c24d4b8ec0a2a5347d0e93f3b5c5df,122aabbf98920296407d72a8d903976897313543d3a393034c4e9245ef7101ce
sample,sparse_crlf-1024,33,341281,510499,500,5587cf2a0cf4fdda503bd1322fc2885963c24d4b8ec0a2a5347d0e93f3b5c5df,122aabbf98920296407d72a8d903976897313543d3a393034c4e9245ef7101ce
sample,sparse_crlf-1024,34,346521,510499,500,5587cf2a0cf4fdda503bd1322fc2885963c24d4b8ec0a2a5347d0e93f3b5c5df,122aabbf98920296407d72a8d903976897313543d3a393034c4e9245ef7101ce
sample,sparse_crlf-1024,35,341172,510499,500,5587cf2a0cf4fdda503bd1322fc2885963c24d4b8ec0a2a5347d0e93f3b5c5df,122aabbf98920296407d72a8d903976897313543d3a393034c4e9245ef7101ce
sample,sparse_crlf-1024,36,341171,510499,500,5587cf2a0cf4fdda503bd1322fc2885963c24d4b8ec0a2a5347d0e93f3b5c5df,122aabbf98920296407d72a8d903976897313543d3a393034c4e9245ef7101ce
sample,sparse_crlf-1024,37,345951,510499,500,5587cf2a0cf4fdda503bd1322fc2885963c24d4b8ec0a2a5347d0e93f3b5c5df,122aabbf98920296407d72a8d903976897313543d3a393034c4e9245ef7101ce
sample,sparse_crlf-1024,38,343731,510499,500,5587cf2a0cf4fdda503bd1322fc2885963c24d4b8ec0a2a5347d0e93f3b5c5df,122aabbf98920296407d72a8d903976897313543d3a393034c4e9245ef7101ce
sample,sparse_crlf-1024,39,346872,510499,500,5587cf2a0cf4fdda503bd1322fc2885963c24d4b8ec0a2a5347d0e93f3b5c5df,122aabbf98920296407d72a8d903976897313543d3a393034c4e9245ef7101ce
sample,sparse_crlf-1024,40,340941,510499,500,5587cf2a0cf4fdda503bd1322fc2885963c24d4b8ec0a2a5347d0e93f3b5c5df,122aabbf98920296407d72a8d903976897313543d3a393034c4e9245ef7101ce
sample,sparse_crlf-1024,41,341181,510499,500,5587cf2a0cf4fdda503bd1322fc2885963c24d4b8ec0a2a5347d0e93f3b5c5df,122aabbf98920296407d72a8d903976897313543d3a393034c4e9245ef7101ce
sample,sparse_crlf-1024,42,346552,510499,500,5587cf2a0cf4fdda503bd1322fc2885963c24d4b8ec0a2a5347d0e93f3b5c5df,122aabbf98920296407d72a8d903976897313543d3a393034c4e9245ef7101ce
sample,sparse_crlf-1024,43,341591,510499,500,5587cf2a0cf4fdda503bd1322fc2885963c24d4b8ec0a2a5347d0e93f3b5c5df,122aabbf98920296407d72a8d903976897313543d3a393034c4e9245ef7101ce
sample,sparse_crlf-1024,44,341011,510499,500,5587cf2a0cf4fdda503bd1322fc2885963c24d4b8ec0a2a5347d0e93f3b5c5df,122aabbf98920296407d72a8d903976897313543d3a393034c4e9245ef7101ce
sample,sparse_crlf-1024,45,347091,510499,500,5587cf2a0cf4fdda503bd1322fc2885963c24d4b8ec0a2a5347d0e93f3b5c5df,122aabbf98920296407d72a8d903976897313543d3a393034c4e9245ef7101ce
sample,sparse_crlf-1024,46,341312,510499,500,5587cf2a0cf4fdda503bd1322fc2885963c24d4b8ec0a2a5347d0e93f3b5c5df,122aabbf98920296407d72a8d903976897313543d3a393034c4e9245ef7101ce
sample,sparse_crlf-1024,47,341291,510499,500,5587cf2a0cf4fdda503bd1322fc2885963c24d4b8ec0a2a5347d0e93f3b5c5df,122aabbf98920296407d72a8d903976897313543d3a393034c4e9245ef7101ce
sample,sparse_crlf-1024,48,346061,510499,500,5587cf2a0cf4fdda503bd1322fc2885963c24d4b8ec0a2a5347d0e93f3b5c5df,122aabbf98920296407d72a8d903976897313543d3a393034c4e9245ef7101ce
sample,sparse_crlf-1024,49,345602,510499,500,5587cf2a0cf4fdda503bd1322fc2885963c24d4b8ec0a2a5347d0e93f3b5c5df,122aabbf98920296407d72a8d903976897313543d3a393034c4e9245ef7101ce
sample,sparse_crlf-1024,50,341891,510499,500,5587cf2a0cf4fdda503bd1322fc2885963c24d4b8ec0a2a5347d0e93f3b5c5df,122aabbf98920296407d72a8d903976897313543d3a393034c4e9245ef7101ce
sample,sparse_crlf-1024,51,348291,510499,500,5587cf2a0cf4fdda503bd1322fc2885963c24d4b8ec0a2a5347d0e93f3b5c5df,122aabbf98920296407d72a8d903976897313543d3a393034c4e9245ef7101ce
sample,sparse_crlf-1024,52,341181,510499,500,5587cf2a0cf4fdda503bd1322fc2885963c24d4b8ec0a2a5347d0e93f3b5c5df,122aabbf98920296407d72a8d903976897313543d3a393034c4e9245ef7101ce
sample,sparse_crlf-1024,53,341382,510499,500,5587cf2a0cf4fdda503bd1322fc2885963c24d4b8ec0a2a5347d0e93f3b5c5df,122aabbf98920296407d72a8d903976897313543d3a393034c4e9245ef7101ce
sample,sparse_crlf-1024,54,346481,510499,500,5587cf2a0cf4fdda503bd1322fc2885963c24d4b8ec0a2a5347d0e93f3b5c5df,122aabbf98920296407d72a8d903976897313543d3a393034c4e9245ef7101ce
sample,sparse_crlf-1024,55,341021,510499,500,5587cf2a0cf4fdda503bd1322fc2885963c24d4b8ec0a2a5347d0e93f3b5c5df,122aabbf98920296407d72a8d903976897313543d3a393034c4e9245ef7101ce
sample,sparse_crlf-1024,56,341172,510499,500,5587cf2a0cf4fdda503bd1322fc2885963c24d4b8ec0a2a5347d0e93f3b5c5df,122aabbf98920296407d72a8d903976897313543d3a393034c4e9245ef7101ce
sample,sparse_crlf-1024,57,347611,510499,500,5587cf2a0cf4fdda503bd1322fc2885963c24d4b8ec0a2a5347d0e93f3b5c5df,122aabbf98920296407d72a8d903976897313543d3a393034c4e9245ef7101ce
sample,sparse_crlf-1024,58,341281,510499,500,5587cf2a0cf4fdda503bd1322fc2885963c24d4b8ec0a2a5347d0e93f3b5c5df,122aabbf98920296407d72a8d903976897313543d3a393034c4e9245ef7101ce
sample,sparse_crlf-1024,59,341621,510499,500,5587cf2a0cf4fdda503bd1322fc2885963c24d4b8ec0a2a5347d0e93f3b5c5df,122aabbf98920296407d72a8d903976897313543d3a393034c4e9245ef7101ce
sample,sparse_crlf-1024,60,348572,510499,500,5587cf2a0cf4fdda503bd1322fc2885963c24d4b8ec0a2a5347d0e93f3b5c5df,122aabbf98920296407d72a8d903976897313543d3a393034c4e9245ef7101ce
sample,sparse_crlf-1024,61,344071,510499,500,5587cf2a0cf4fdda503bd1322fc2885963c24d4b8ec0a2a5347d0e93f3b5c5df,122aabbf98920296407d72a8d903976897313543d3a393034c4e9245ef7101ce
sample,sparse_crlf-1024,62,341171,510499,500,5587cf2a0cf4fdda503bd1322fc2885963c24d4b8ec0a2a5347d0e93f3b5c5df,122aabbf98920296407d72a8d903976897313543d3a393034c4e9245ef7101ce
sample,sparse_crlf-1024,63,341041,510499,500,5587cf2a0cf4fdda503bd1322fc2885963c24d4b8ec0a2a5347d0e93f3b5c5df,122aabbf98920296407d72a8d903976897313543d3a393034c4e9245ef7101ce
sample,sparse_crlf-1024,64,341212,510499,500,5587cf2a0cf4fdda503bd1322fc2885963c24d4b8ec0a2a5347d0e93f3b5c5df,122aabbf98920296407d72a8d903976897313543d3a393034c4e9245ef7101ce
sample,sparse_crlf-1024,65,347391,510499,500,5587cf2a0cf4fdda503bd1322fc2885963c24d4b8ec0a2a5347d0e93f3b5c5df,122aabbf98920296407d72a8d903976897313543d3a393034c4e9245ef7101ce
sample,sparse_crlf-1024,66,341281,510499,500,5587cf2a0cf4fdda503bd1322fc2885963c24d4b8ec0a2a5347d0e93f3b5c5df,122aabbf98920296407d72a8d903976897313543d3a393034c4e9245ef7101ce
sample,sparse_crlf-1024,67,341032,510499,500,5587cf2a0cf4fdda503bd1322fc2885963c24d4b8ec0a2a5347d0e93f3b5c5df,122aabbf98920296407d72a8d903976897313543d3a393034c4e9245ef7101ce
sample,sparse_crlf-1024,68,347241,510499,500,5587cf2a0cf4fdda503bd1322fc2885963c24d4b8ec0a2a5347d0e93f3b5c5df,122aabbf98920296407d72a8d903976897313543d3a393034c4e9245ef7101ce
sample,sparse_crlf-1024,69,340931,510499,500,5587cf2a0cf4fdda503bd1322fc2885963c24d4b8ec0a2a5347d0e93f3b5c5df,122aabbf98920296407d72a8d903976897313543d3a393034c4e9245ef7101ce
sample,sparse_crlf-1024,70,341131,510499,500,5587cf2a0cf4fdda503bd1322fc2885963c24d4b8ec0a2a5347d0e93f3b5c5df,122aabbf98920296407d72a8d903976897313543d3a393034c4e9245ef7101ce
sample,sparse_crlf-1024,71,346372,510499,500,5587cf2a0cf4fdda503bd1322fc2885963c24d4b8ec0a2a5347d0e93f3b5c5df,122aabbf98920296407d72a8d903976897313543d3a393034c4e9245ef7101ce
sample,sparse_crlf-1024,72,343911,510499,500,5587cf2a0cf4fdda503bd1322fc2885963c24d4b8ec0a2a5347d0e93f3b5c5df,122aabbf98920296407d72a8d903976897313543d3a393034c4e9245ef7101ce
sample,sparse_crlf-1024,73,341401,510499,500,5587cf2a0cf4fdda503bd1322fc2885963c24d4b8ec0a2a5347d0e93f3b5c5df,122aabbf98920296407d72a8d903976897313543d3a393034c4e9245ef7101ce
sample,sparse_crlf-1024,74,346892,510499,500,5587cf2a0cf4fdda503bd1322fc2885963c24d4b8ec0a2a5347d0e93f3b5c5df,122aabbf98920296407d72a8d903976897313543d3a393034c4e9245ef7101ce
sample,sparse_crlf-1024,75,341071,510499,500,5587cf2a0cf4fdda503bd1322fc2885963c24d4b8ec0a2a5347d0e93f3b5c5df,122aabbf98920296407d72a8d903976897313543d3a393034c4e9245ef7101ce
sample,sparse_crlf-1024,76,341061,510499,500,5587cf2a0cf4fdda503bd1322fc2885963c24d4b8ec0a2a5347d0e93f3b5c5df,122aabbf98920296407d72a8d903976897313543d3a393034c4e9245ef7101ce
sample,sparse_crlf-1024,77,348871,510499,500,5587cf2a0cf4fdda503bd1322fc2885963c24d4b8ec0a2a5347d0e93f3b5c5df,122aabbf98920296407d72a8d903976897313543d3a393034c4e9245ef7101ce
sample,sparse_crlf-1024,78,341412,510499,500,5587cf2a0cf4fdda503bd1322fc2885963c24d4b8ec0a2a5347d0e93f3b5c5df,122aabbf98920296407d72a8d903976897313543d3a393034c4e9245ef7101ce
sample,sparse_crlf-1024,79,341271,510499,500,5587cf2a0cf4fdda503bd1322fc2885963c24d4b8ec0a2a5347d0e93f3b5c5df,122aabbf98920296407d72a8d903976897313543d3a393034c4e9245ef7101ce
sample,sparse_crlf-1024,80,420872,510499,500,5587cf2a0cf4fdda503bd1322fc2885963c24d4b8ec0a2a5347d0e93f3b5c5df,122aabbf98920296407d72a8d903976897313543d3a393034c4e9245ef7101ce
sample,sparse_crlf-1024,81,341431,510499,500,5587cf2a0cf4fdda503bd1322fc2885963c24d4b8ec0a2a5347d0e93f3b5c5df,122aabbf98920296407d72a8d903976897313543d3a393034c4e9245ef7101ce
sample,sparse_crlf-1024,82,341001,510499,500,5587cf2a0cf4fdda503bd1322fc2885963c24d4b8ec0a2a5347d0e93f3b5c5df,122aabbf98920296407d72a8d903976897313543d3a393034c4e9245ef7101ce
sample,sparse_crlf-1024,83,340981,510499,500,5587cf2a0cf4fdda503bd1322fc2885963c24d4b8ec0a2a5347d0e93f3b5c5df,122aabbf98920296407d72a8d903976897313543d3a393034c4e9245ef7101ce
sample,sparse_crlf-1024,84,345482,510499,500,5587cf2a0cf4fdda503bd1322fc2885963c24d4b8ec0a2a5347d0e93f3b5c5df,122aabbf98920296407d72a8d903976897313543d3a393034c4e9245ef7101ce
sample,sparse_crlf-1024,85,348501,510499,500,5587cf2a0cf4fdda503bd1322fc2885963c24d4b8ec0a2a5347d0e93f3b5c5df,122aabbf98920296407d72a8d903976897313543d3a393034c4e9245ef7101ce
sample,sparse_crlf-1024,86,340961,510499,500,5587cf2a0cf4fdda503bd1322fc2885963c24d4b8ec0a2a5347d0e93f3b5c5df,122aabbf98920296407d72a8d903976897313543d3a393034c4e9245ef7101ce
sample,sparse_crlf-1024,87,341381,510499,500,5587cf2a0cf4fdda503bd1322fc2885963c24d4b8ec0a2a5347d0e93f3b5c5df,122aabbf98920296407d72a8d903976897313543d3a393034c4e9245ef7101ce
sample,sparse_crlf-1024,88,347461,510499,500,5587cf2a0cf4fdda503bd1322fc2885963c24d4b8ec0a2a5347d0e93f3b5c5df,122aabbf98920296407d72a8d903976897313543d3a393034c4e9245ef7101ce
sample,sparse_crlf-1024,89,341431,510499,500,5587cf2a0cf4fdda503bd1322fc2885963c24d4b8ec0a2a5347d0e93f3b5c5df,122aabbf98920296407d72a8d903976897313543d3a393034c4e9245ef7101ce
sample,sparse_crlf-1024,90,340511,510499,500,5587cf2a0cf4fdda503bd1322fc2885963c24d4b8ec0a2a5347d0e93f3b5c5df,122aabbf98920296407d72a8d903976897313543d3a393034c4e9245ef7101ce
sample,sparse_crlf-1024,91,346182,510499,500,5587cf2a0cf4fdda503bd1322fc2885963c24d4b8ec0a2a5347d0e93f3b5c5df,122aabbf98920296407d72a8d903976897313543d3a393034c4e9245ef7101ce
sample,sparse_crlf-1024,92,341331,510499,500,5587cf2a0cf4fdda503bd1322fc2885963c24d4b8ec0a2a5347d0e93f3b5c5df,122aabbf98920296407d72a8d903976897313543d3a393034c4e9245ef7101ce
sample,sparse_crlf-1024,93,341171,510499,500,5587cf2a0cf4fdda503bd1322fc2885963c24d4b8ec0a2a5347d0e93f3b5c5df,122aabbf98920296407d72a8d903976897313543d3a393034c4e9245ef7101ce
sample,sparse_crlf-1024,94,346081,510499,500,5587cf2a0cf4fdda503bd1322fc2885963c24d4b8ec0a2a5347d0e93f3b5c5df,122aabbf98920296407d72a8d903976897313543d3a393034c4e9245ef7101ce
sample,sparse_crlf-1024,95,345192,510499,500,5587cf2a0cf4fdda503bd1322fc2885963c24d4b8ec0a2a5347d0e93f3b5c5df,122aabbf98920296407d72a8d903976897313543d3a393034c4e9245ef7101ce
sample,sparse_crlf-1024,96,340881,510499,500,5587cf2a0cf4fdda503bd1322fc2885963c24d4b8ec0a2a5347d0e93f3b5c5df,122aabbf98920296407d72a8d903976897313543d3a393034c4e9245ef7101ce
sample,sparse_crlf-1024,97,347221,510499,500,5587cf2a0cf4fdda503bd1322fc2885963c24d4b8ec0a2a5347d0e93f3b5c5df,122aabbf98920296407d72a8d903976897313543d3a393034c4e9245ef7101ce
sample,sparse_crlf-1024,98,341682,510499,500,5587cf2a0cf4fdda503bd1322fc2885963c24d4b8ec0a2a5347d0e93f3b5c5df,122aabbf98920296407d72a8d903976897313543d3a393034c4e9245ef7101ce
sample,sparse_crlf-1024,99,341641,510499,500,5587cf2a0cf4fdda503bd1322fc2885963c24d4b8ec0a2a5347d0e93f3b5c5df,122aabbf98920296407d72a8d903976897313543d3a393034c4e9245ef7101ce
sample,sparse_crlf-1024,100,347031,510499,500,5587cf2a0cf4fdda503bd1322fc2885963c24d4b8ec0a2a5347d0e93f3b5c5df,122aabbf98920296407d72a8d903976897313543d3a393034c4e9245ef7101ce
sample,sparse_crlf-1024,101,341101,510499,500,5587cf2a0cf4fdda503bd1322fc2885963c24d4b8ec0a2a5347d0e93f3b5c5df,122aabbf98920296407d72a8d903976897313543d3a393034c4e9245ef7101ce
sample,sparse_crlf-1024,102,341092,510499,500,5587cf2a0cf4fdda503bd1322fc2885963c24d4b8ec0a2a5347d0e93f3b5c5df,122aabbf98920296407d72a8d903976897313543d3a393034c4e9245ef7101ce
sample,sparse_crlf-1024,103,345761,510499,500,5587cf2a0cf4fdda503bd1322fc2885963c24d4b8ec0a2a5347d0e93f3b5c5df,122aabbf98920296407d72a8d903976897313543d3a393034c4e9245ef7101ce
sample,sparse_crlf-1024,104,341711,510499,500,5587cf2a0cf4fdda503bd1322fc2885963c24d4b8ec0a2a5347d0e93f3b5c5df,122aabbf98920296407d72a8d903976897313543d3a393034c4e9245ef7101ce
sample,sparse_crlf-1024,105,341421,510499,500,5587cf2a0cf4fdda503bd1322fc2885963c24d4b8ec0a2a5347d0e93f3b5c5df,122aabbf98920296407d72a8d903976897313543d3a393034c4e9245ef7101ce
sample,sparse_crlf-1024,106,348292,510499,500,5587cf2a0cf4fdda503bd1322fc2885963c24d4b8ec0a2a5347d0e93f3b5c5df,122aabbf98920296407d72a8d903976897313543d3a393034c4e9245ef7101ce
sample,sparse_crlf-1024,107,344701,510499,500,5587cf2a0cf4fdda503bd1322fc2885963c24d4b8ec0a2a5347d0e93f3b5c5df,122aabbf98920296407d72a8d903976897313543d3a393034c4e9245ef7101ce
sample,sparse_crlf-1024,108,348161,510499,500,5587cf2a0cf4fdda503bd1322fc2885963c24d4b8ec0a2a5347d0e93f3b5c5df,122aabbf98920296407d72a8d903976897313543d3a393034c4e9245ef7101ce
sample,sparse_crlf-1024,109,341972,510499,500,5587cf2a0cf4fdda503bd1322fc2885963c24d4b8ec0a2a5347d0e93f3b5c5df,122aabbf98920296407d72a8d903976897313543d3a393034c4e9245ef7101ce
sample,sparse_crlf-1024,110,340731,510499,500,5587cf2a0cf4fdda503bd1322fc2885963c24d4b8ec0a2a5347d0e93f3b5c5df,122aabbf98920296407d72a8d903976897313543d3a393034c4e9245ef7101ce
sample,sparse_crlf-1024,111,348591,510499,500,5587cf2a0cf4fdda503bd1322fc2885963c24d4b8ec0a2a5347d0e93f3b5c5df,122aabbf98920296407d72a8d903976897313543d3a393034c4e9245ef7101ce
sample,sparse_crlf-1024,112,341032,510499,500,5587cf2a0cf4fdda503bd1322fc2885963c24d4b8ec0a2a5347d0e93f3b5c5df,122aabbf98920296407d72a8d903976897313543d3a393034c4e9245ef7101ce
sample,sparse_crlf-1024,113,341051,510499,500,5587cf2a0cf4fdda503bd1322fc2885963c24d4b8ec0a2a5347d0e93f3b5c5df,122aabbf98920296407d72a8d903976897313543d3a393034c4e9245ef7101ce
sample,sparse_crlf-1024,114,374021,510499,500,5587cf2a0cf4fdda503bd1322fc2885963c24d4b8ec0a2a5347d0e93f3b5c5df,122aabbf98920296407d72a8d903976897313543d3a393034c4e9245ef7101ce
sample,sparse_crlf-1024,115,341321,510499,500,5587cf2a0cf4fdda503bd1322fc2885963c24d4b8ec0a2a5347d0e93f3b5c5df,122aabbf98920296407d72a8d903976897313543d3a393034c4e9245ef7101ce
sample,sparse_crlf-1024,116,341072,510499,500,5587cf2a0cf4fdda503bd1322fc2885963c24d4b8ec0a2a5347d0e93f3b5c5df,122aabbf98920296407d72a8d903976897313543d3a393034c4e9245ef7101ce
sample,sparse_crlf-1024,117,346961,510499,500,5587cf2a0cf4fdda503bd1322fc2885963c24d4b8ec0a2a5347d0e93f3b5c5df,122aabbf98920296407d72a8d903976897313543d3a393034c4e9245ef7101ce
sample,sparse_crlf-1024,118,344191,510499,500,5587cf2a0cf4fdda503bd1322fc2885963c24d4b8ec0a2a5347d0e93f3b5c5df,122aabbf98920296407d72a8d903976897313543d3a393034c4e9245ef7101ce
sample,sparse_crlf-1024,119,341572,510499,500,5587cf2a0cf4fdda503bd1322fc2885963c24d4b8ec0a2a5347d0e93f3b5c5df,122aabbf98920296407d72a8d903976897313543d3a393034c4e9245ef7101ce
sample,sparse_crlf-1024,120,409361,510499,500,5587cf2a0cf4fdda503bd1322fc2885963c24d4b8ec0a2a5347d0e93f3b5c5df,122aabbf98920296407d72a8d903976897313543d3a393034c4e9245ef7101ce
sample,sparse_crlf-1024,121,341561,510499,500,5587cf2a0cf4fdda503bd1322fc2885963c24d4b8ec0a2a5347d0e93f3b5c5df,122aabbf98920296407d72a8d903976897313543d3a393034c4e9245ef7101ce
sample,sparse_crlf-1024,122,341262,510499,500,5587cf2a0cf4fdda503bd1322fc2885963c24d4b8ec0a2a5347d0e93f3b5c5df,122aabbf98920296407d72a8d903976897313543d3a393034c4e9245ef7101ce
sample,sparse_crlf-1024,123,347501,510499,500,5587cf2a0cf4fdda503bd1322fc2885963c24d4b8ec0a2a5347d0e93f3b5c5df,122aabbf98920296407d72a8d903976897313543d3a393034c4e9245ef7101ce
sample,sparse_crlf-1024,124,341411,510499,500,5587cf2a0cf4fdda503bd1322fc2885963c24d4b8ec0a2a5347d0e93f3b5c5df,122aabbf98920296407d72a8d903976897313543d3a393034c4e9245ef7101ce
sample,sparse_crlf-1024,125,341761,510499,500,5587cf2a0cf4fdda503bd1322fc2885963c24d4b8ec0a2a5347d0e93f3b5c5df,122aabbf98920296407d72a8d903976897313543d3a393034c4e9245ef7101ce
sample,sparse_crlf-1024,126,347062,510499,500,5587cf2a0cf4fdda503bd1322fc2885963c24d4b8ec0a2a5347d0e93f3b5c5df,122aabbf98920296407d72a8d903976897313543d3a393034c4e9245ef7101ce
sample,sparse_crlf-1024,127,341481,510499,500,5587cf2a0cf4fdda503bd1322fc2885963c24d4b8ec0a2a5347d0e93f3b5c5df,122aabbf98920296407d72a8d903976897313543d3a393034c4e9245ef7101ce
sample,sparse_crlf-1024,128,347961,510499,500,5587cf2a0cf4fdda503bd1322fc2885963c24d4b8ec0a2a5347d0e93f3b5c5df,122aabbf98920296407d72a8d903976897313543d3a393034c4e9245ef7101ce
sample,sparse_crlf-1024,129,341462,510499,500,5587cf2a0cf4fdda503bd1322fc2885963c24d4b8ec0a2a5347d0e93f3b5c5df,122aabbf98920296407d72a8d903976897313543d3a393034c4e9245ef7101ce
sample,sparse_crlf-1024,130,344171,510499,500,5587cf2a0cf4fdda503bd1322fc2885963c24d4b8ec0a2a5347d0e93f3b5c5df,122aabbf98920296407d72a8d903976897313543d3a393034c4e9245ef7101ce
sample,sparse_crlf-1024,131,348391,510499,500,5587cf2a0cf4fdda503bd1322fc2885963c24d4b8ec0a2a5347d0e93f3b5c5df,122aabbf98920296407d72a8d903976897313543d3a393034c4e9245ef7101ce
sample,sparse_crlf-1024,132,341311,510499,500,5587cf2a0cf4fdda503bd1322fc2885963c24d4b8ec0a2a5347d0e93f3b5c5df,122aabbf98920296407d72a8d903976897313543d3a393034c4e9245ef7101ce
sample,sparse_crlf-1024,133,341602,510499,500,5587cf2a0cf4fdda503bd1322fc2885963c24d4b8ec0a2a5347d0e93f3b5c5df,122aabbf98920296407d72a8d903976897313543d3a393034c4e9245ef7101ce
sample,sparse_crlf-1024,134,345901,510499,500,5587cf2a0cf4fdda503bd1322fc2885963c24d4b8ec0a2a5347d0e93f3b5c5df,122aabbf98920296407d72a8d903976897313543d3a393034c4e9245ef7101ce
sample,sparse_crlf-1024,135,341261,510499,500,5587cf2a0cf4fdda503bd1322fc2885963c24d4b8ec0a2a5347d0e93f3b5c5df,122aabbf98920296407d72a8d903976897313543d3a393034c4e9245ef7101ce
sample,sparse_crlf-1024,136,341452,510499,500,5587cf2a0cf4fdda503bd1322fc2885963c24d4b8ec0a2a5347d0e93f3b5c5df,122aabbf98920296407d72a8d903976897313543d3a393034c4e9245ef7101ce
sample,sparse_crlf-1024,137,346461,510499,500,5587cf2a0cf4fdda503bd1322fc2885963c24d4b8ec0a2a5347d0e93f3b5c5df,122aabbf98920296407d72a8d903976897313543d3a393034c4e9245ef7101ce
sample,sparse_crlf-1024,138,341211,510499,500,5587cf2a0cf4fdda503bd1322fc2885963c24d4b8ec0a2a5347d0e93f3b5c5df,122aabbf98920296407d72a8d903976897313543d3a393034c4e9245ef7101ce
sample,sparse_crlf-1024,139,342001,510499,500,5587cf2a0cf4fdda503bd1322fc2885963c24d4b8ec0a2a5347d0e93f3b5c5df,122aabbf98920296407d72a8d903976897313543d3a393034c4e9245ef7101ce
sample,sparse_crlf-1024,140,346272,510499,500,5587cf2a0cf4fdda503bd1322fc2885963c24d4b8ec0a2a5347d0e93f3b5c5df,122aabbf98920296407d72a8d903976897313543d3a393034c4e9245ef7101ce
sample,sparse_crlf-1024,141,345351,510499,500,5587cf2a0cf4fdda503bd1322fc2885963c24d4b8ec0a2a5347d0e93f3b5c5df,122aabbf98920296407d72a8d903976897313543d3a393034c4e9245ef7101ce
sample,sparse_crlf-1024,142,341451,510499,500,5587cf2a0cf4fdda503bd1322fc2885963c24d4b8ec0a2a5347d0e93f3b5c5df,122aabbf98920296407d72a8d903976897313543d3a393034c4e9245ef7101ce
sample,sparse_crlf-1024,143,346631,510499,500,5587cf2a0cf4fdda503bd1322fc2885963c24d4b8ec0a2a5347d0e93f3b5c5df,122aabbf98920296407d72a8d903976897313543d3a393034c4e9245ef7101ce
sample,sparse_crlf-1024,144,341142,510499,500,5587cf2a0cf4fdda503bd1322fc2885963c24d4b8ec0a2a5347d0e93f3b5c5df,122aabbf98920296407d72a8d903976897313543d3a393034c4e9245ef7101ce
sample,sparse_crlf-1024,145,341651,510499,500,5587cf2a0cf4fdda503bd1322fc2885963c24d4b8ec0a2a5347d0e93f3b5c5df,122aabbf98920296407d72a8d903976897313543d3a393034c4e9245ef7101ce
sample,sparse_crlf-1024,146,347281,510499,500,5587cf2a0cf4fdda503bd1322fc2885963c24d4b8ec0a2a5347d0e93f3b5c5df,122aabbf98920296407d72a8d903976897313543d3a393034c4e9245ef7101ce
sample,sparse_crlf-1024,147,341552,510499,500,5587cf2a0cf4fdda503bd1322fc2885963c24d4b8ec0a2a5347d0e93f3b5c5df,122aabbf98920296407d72a8d903976897313543d3a393034c4e9245ef7101ce
sample,sparse_crlf-1024,148,341421,510499,500,5587cf2a0cf4fdda503bd1322fc2885963c24d4b8ec0a2a5347d0e93f3b5c5df,122aabbf98920296407d72a8d903976897313543d3a393034c4e9245ef7101ce
sample,sparse_crlf-1024,149,347341,510499,500,5587cf2a0cf4fdda503bd1322fc2885963c24d4b8ec0a2a5347d0e93f3b5c5df,122aabbf98920296407d72a8d903976897313543d3a393034c4e9245ef7101ce
sample,sparse_crlf-1024,150,341271,510499,500,5587cf2a0cf4fdda503bd1322fc2885963c24d4b8ec0a2a5347d0e93f3b5c5df,122aabbf98920296407d72a8d903976897313543d3a393034c4e9245ef7101ce
sample,sparse_crlf-1024,151,341702,510499,500,5587cf2a0cf4fdda503bd1322fc2885963c24d4b8ec0a2a5347d0e93f3b5c5df,122aabbf98920296407d72a8d903976897313543d3a393034c4e9245ef7101ce
sample,sparse_crlf-1024,152,347411,510499,500,5587cf2a0cf4fdda503bd1322fc2885963c24d4b8ec0a2a5347d0e93f3b5c5df,122aabbf98920296407d72a8d903976897313543d3a393034c4e9245ef7101ce
sample,sparse_crlf-1024,153,418022,510499,500,5587cf2a0cf4fdda503bd1322fc2885963c24d4b8ec0a2a5347d0e93f3b5c5df,122aabbf98920296407d72a8d903976897313543d3a393034c4e9245ef7101ce
sample,sparse_crlf-1024,154,347161,510499,500,5587cf2a0cf4fdda503bd1322fc2885963c24d4b8ec0a2a5347d0e93f3b5c5df,122aabbf98920296407d72a8d903976897313543d3a393034c4e9245ef7101ce
sample,sparse_crlf-1024,155,341021,510499,500,5587cf2a0cf4fdda503bd1322fc2885963c24d4b8ec0a2a5347d0e93f3b5c5df,122aabbf98920296407d72a8d903976897313543d3a393034c4e9245ef7101ce
sample,sparse_crlf-1024,156,341141,510499,500,5587cf2a0cf4fdda503bd1322fc2885963c24d4b8ec0a2a5347d0e93f3b5c5df,122aabbf98920296407d72a8d903976897313543d3a393034c4e9245ef7101ce
sample,sparse_crlf-1024,157,348262,510499,500,5587cf2a0cf4fdda503bd1322fc2885963c24d4b8ec0a2a5347d0e93f3b5c5df,122aabbf98920296407d72a8d903976897313543d3a393034c4e9245ef7101ce
sample,sparse_crlf-1024,158,340711,510499,500,5587cf2a0cf4fdda503bd1322fc2885963c24d4b8ec0a2a5347d0e93f3b5c5df,122aabbf98920296407d72a8d903976897313543d3a393034c4e9245ef7101ce
sample,sparse_crlf-1024,159,340631,510499,500,5587cf2a0cf4fdda503bd1322fc2885963c24d4b8ec0a2a5347d0e93f3b5c5df,122aabbf98920296407d72a8d903976897313543d3a393034c4e9245ef7101ce
sample,sparse_crlf-1024,160,346632,510499,500,5587cf2a0cf4fdda503bd1322fc2885963c24d4b8ec0a2a5347d0e93f3b5c5df,122aabbf98920296407d72a8d903976897313543d3a393034c4e9245ef7101ce
sample,sparse_crlf-1024,161,340581,510499,500,5587cf2a0cf4fdda503bd1322fc2885963c24d4b8ec0a2a5347d0e93f3b5c5df,122aabbf98920296407d72a8d903976897313543d3a393034c4e9245ef7101ce
sample,sparse_crlf-1024,162,341261,510499,500,5587cf2a0cf4fdda503bd1322fc2885963c24d4b8ec0a2a5347d0e93f3b5c5df,122aabbf98920296407d72a8d903976897313543d3a393034c4e9245ef7101ce
sample,sparse_crlf-1024,163,418602,510499,500,5587cf2a0cf4fdda503bd1322fc2885963c24d4b8ec0a2a5347d0e93f3b5c5df,122aabbf98920296407d72a8d903976897313543d3a393034c4e9245ef7101ce
sample,sparse_crlf-1024,164,343941,510499,500,5587cf2a0cf4fdda503bd1322fc2885963c24d4b8ec0a2a5347d0e93f3b5c5df,122aabbf98920296407d72a8d903976897313543d3a393034c4e9245ef7101ce
sample,sparse_crlf-1024,165,340761,510499,500,5587cf2a0cf4fdda503bd1322fc2885963c24d4b8ec0a2a5347d0e93f3b5c5df,122aabbf98920296407d72a8d903976897313543d3a393034c4e9245ef7101ce
sample,sparse_crlf-1024,166,346611,510499,500,5587cf2a0cf4fdda503bd1322fc2885963c24d4b8ec0a2a5347d0e93f3b5c5df,122aabbf98920296407d72a8d903976897313543d3a393034c4e9245ef7101ce
sample,sparse_crlf-1024,167,341302,510499,500,5587cf2a0cf4fdda503bd1322fc2885963c24d4b8ec0a2a5347d0e93f3b5c5df,122aabbf98920296407d72a8d903976897313543d3a393034c4e9245ef7101ce
sample,sparse_crlf-1024,168,348101,510499,500,5587cf2a0cf4fdda503bd1322fc2885963c24d4b8ec0a2a5347d0e93f3b5c5df,122aabbf98920296407d72a8d903976897313543d3a393034c4e9245ef7101ce
sample,sparse_crlf-1024,169,340551,510499,500,5587cf2a0cf4fdda503bd1322fc2885963c24d4b8ec0a2a5347d0e93f3b5c5df,122aabbf98920296407d72a8d903976897313543d3a393034c4e9245ef7101ce
sample,sparse_crlf-1024,170,341002,510499,500,5587cf2a0cf4fdda503bd1322fc2885963c24d4b8ec0a2a5347d0e93f3b5c5df,122aabbf98920296407d72a8d903976897313543d3a393034c4e9245ef7101ce
sample,sparse_crlf-1024,171,345691,510499,500,5587cf2a0cf4fdda503bd1322fc2885963c24d4b8ec0a2a5347d0e93f3b5c5df,122aabbf98920296407d72a8d903976897313543d3a393034c4e9245ef7101ce
sample,sparse_crlf-1024,172,340861,510499,500,5587cf2a0cf4fdda503bd1322fc2885963c24d4b8ec0a2a5347d0e93f3b5c5df,122aabbf98920296407d72a8d903976897313543d3a393034c4e9245ef7101ce
sample,sparse_crlf-1024,173,341421,510499,500,5587cf2a0cf4fdda503bd1322fc2885963c24d4b8ec0a2a5347d0e93f3b5c5df,122aabbf98920296407d72a8d903976897313543d3a393034c4e9245ef7101ce
sample,sparse_crlf-1024,174,390742,510499,500,5587cf2a0cf4fdda503bd1322fc2885963c24d4b8ec0a2a5347d0e93f3b5c5df,122aabbf98920296407d72a8d903976897313543d3a393034c4e9245ef7101ce
sample,sparse_crlf-1024,175,343781,510499,500,5587cf2a0cf4fdda503bd1322fc2885963c24d4b8ec0a2a5347d0e93f3b5c5df,122aabbf98920296407d72a8d903976897313543d3a393034c4e9245ef7101ce
sample,sparse_crlf-1024,176,340961,510499,500,5587cf2a0cf4fdda503bd1322fc2885963c24d4b8ec0a2a5347d0e93f3b5c5df,122aabbf98920296407d72a8d903976897313543d3a393034c4e9245ef7101ce
sample,sparse_crlf-1024,177,346382,510499,500,5587cf2a0cf4fdda503bd1322fc2885963c24d4b8ec0a2a5347d0e93f3b5c5df,122aabbf98920296407d72a8d903976897313543d3a393034c4e9245ef7101ce
sample,sparse_crlf-1024,178,341241,510499,500,5587cf2a0cf4fdda503bd1322fc2885963c24d4b8ec0a2a5347d0e93f3b5c5df,122aabbf98920296407d72a8d903976897313543d3a393034c4e9245ef7101ce
sample,sparse_crlf-1024,179,341551,510499,500,5587cf2a0cf4fdda503bd1322fc2885963c24d4b8ec0a2a5347d0e93f3b5c5df,122aabbf98920296407d72a8d903976897313543d3a393034c4e9245ef7101ce
sample,sparse_crlf-1024,180,346761,510499,500,5587cf2a0cf4fdda503bd1322fc2885963c24d4b8ec0a2a5347d0e93f3b5c5df,122aabbf98920296407d72a8d903976897313543d3a393034c4e9245ef7101ce
sample,sparse_crlf-1024,181,341431,510499,500,5587cf2a0cf4fdda503bd1322fc2885963c24d4b8ec0a2a5347d0e93f3b5c5df,122aabbf98920296407d72a8d903976897313543d3a393034c4e9245ef7101ce
sample,sparse_crlf-1024,182,341261,510499,500,5587cf2a0cf4fdda503bd1322fc2885963c24d4b8ec0a2a5347d0e93f3b5c5df,122aabbf98920296407d72a8d903976897313543d3a393034c4e9245ef7101ce
sample,sparse_crlf-1024,183,347381,510499,500,5587cf2a0cf4fdda503bd1322fc2885963c24d4b8ec0a2a5347d0e93f3b5c5df,122aabbf98920296407d72a8d903976897313543d3a393034c4e9245ef7101ce
sample,sparse_crlf-1024,184,340912,510499,500,5587cf2a0cf4fdda503bd1322fc2885963c24d4b8ec0a2a5347d0e93f3b5c5df,122aabbf98920296407d72a8d903976897313543d3a393034c4e9245ef7101ce
sample,sparse_crlf-1024,185,341221,510499,500,5587cf2a0cf4fdda503bd1322fc2885963c24d4b8ec0a2a5347d0e93f3b5c5df,122aabbf98920296407d72a8d903976897313543d3a393034c4e9245ef7101ce
sample,sparse_crlf-1024,186,345901,510499,500,5587cf2a0cf4fdda503bd1322fc2885963c24d4b8ec0a2a5347d0e93f3b5c5df,122aabbf98920296407d72a8d903976897313543d3a393034c4e9245ef7101ce
sample,sparse_crlf-1024,187,344412,510499,500,5587cf2a0cf4fdda503bd1322fc2885963c24d4b8ec0a2a5347d0e93f3b5c5df,122aabbf98920296407d72a8d903976897313543d3a393034c4e9245ef7101ce
sample,sparse_crlf-1024,188,341071,510499,500,5587cf2a0cf4fdda503bd1322fc2885963c24d4b8ec0a2a5347d0e93f3b5c5df,122aabbf98920296407d72a8d903976897313543d3a393034c4e9245ef7101ce
sample,sparse_crlf-1024,189,347171,510499,500,5587cf2a0cf4fdda503bd1322fc2885963c24d4b8ec0a2a5347d0e93f3b5c5df,122aabbf98920296407d72a8d903976897313543d3a393034c4e9245ef7101ce
sample,sparse_crlf-1024,190,341351,510499,500,5587cf2a0cf4fdda503bd1322fc2885963c24d4b8ec0a2a5347d0e93f3b5c5df,122aabbf98920296407d72a8d903976897313543d3a393034c4e9245ef7101ce
sample,sparse_crlf-1024,191,348712,510499,500,5587cf2a0cf4fdda503bd1322fc2885963c24d4b8ec0a2a5347d0e93f3b5c5df,122aabbf98920296407d72a8d903976897313543d3a393034c4e9245ef7101ce
sample,sparse_crlf-1024,192,341481,510499,500,5587cf2a0cf4fdda503bd1322fc2885963c24d4b8ec0a2a5347d0e93f3b5c5df,122aabbf98920296407d72a8d903976897313543d3a393034c4e9245ef7101ce
sample,sparse_crlf-1024,193,341501,510499,500,5587cf2a0cf4fdda503bd1322fc2885963c24d4b8ec0a2a5347d0e93f3b5c5df,122aabbf98920296407d72a8d903976897313543d3a393034c4e9245ef7101ce
sample,sparse_crlf-1024,194,347561,510499,500,5587cf2a0cf4fdda503bd1322fc2885963c24d4b8ec0a2a5347d0e93f3b5c5df,122aabbf98920296407d72a8d903976897313543d3a393034c4e9245ef7101ce
sample,sparse_crlf-1024,195,342052,510499,500,5587cf2a0cf4fdda503bd1322fc2885963c24d4b8ec0a2a5347d0e93f3b5c5df,122aabbf98920296407d72a8d903976897313543d3a393034c4e9245ef7101ce
sample,sparse_crlf-1024,196,341421,510499,500,5587cf2a0cf4fdda503bd1322fc2885963c24d4b8ec0a2a5347d0e93f3b5c5df,122aabbf98920296407d72a8d903976897313543d3a393034c4e9245ef7101ce
sample,sparse_crlf-1024,197,348361,510499,500,5587cf2a0cf4fdda503bd1322fc2885963c24d4b8ec0a2a5347d0e93f3b5c5df,122aabbf98920296407d72a8d903976897313543d3a393034c4e9245ef7101ce
sample,sparse_crlf-1024,198,343672,510499,500,5587cf2a0cf4fdda503bd1322fc2885963c24d4b8ec0a2a5347d0e93f3b5c5df,122aabbf98920296407d72a8d903976897313543d3a393034c4e9245ef7101ce
sample,sparse_crlf-1024,199,341981,510499,500,5587cf2a0cf4fdda503bd1322fc2885963c24d4b8ec0a2a5347d0e93f3b5c5df,122aabbf98920296407d72a8d903976897313543d3a393034c4e9245ef7101ce
sample,sparse_crlf-1024,200,347101,510499,500,5587cf2a0cf4fdda503bd1322fc2885963c24d4b8ec0a2a5347d0e93f3b5c5df,122aabbf98920296407d72a8d903976897313543d3a393034c4e9245ef7101ce
sample,sparse_crlf-1024,201,341831,510499,500,5587cf2a0cf4fdda503bd1322fc2885963c24d4b8ec0a2a5347d0e93f3b5c5df,122aabbf98920296407d72a8d903976897313543d3a393034c4e9245ef7101ce
sample,sparse_crlf-1024,202,341952,510499,500,5587cf2a0cf4fdda503bd1322fc2885963c24d4b8ec0a2a5347d0e93f3b5c5df,122aabbf98920296407d72a8d903976897313543d3a393034c4e9245ef7101ce
sample,sparse_crlf-1024,203,347901,510499,500,5587cf2a0cf4fdda503bd1322fc2885963c24d4b8ec0a2a5347d0e93f3b5c5df,122aabbf98920296407d72a8d903976897313543d3a393034c4e9245ef7101ce
sample,sparse_crlf-1024,204,341441,510499,500,5587cf2a0cf4fdda503bd1322fc2885963c24d4b8ec0a2a5347d0e93f3b5c5df,122aabbf98920296407d72a8d903976897313543d3a393034c4e9245ef7101ce
sample,sparse_crlf-1024,205,341411,510499,500,5587cf2a0cf4fdda503bd1322fc2885963c24d4b8ec0a2a5347d0e93f3b5c5df,122aabbf98920296407d72a8d903976897313543d3a393034c4e9245ef7101ce
sample,sparse_crlf-1024,206,348521,510499,500,5587cf2a0cf4fdda503bd1322fc2885963c24d4b8ec0a2a5347d0e93f3b5c5df,122aabbf98920296407d72a8d903976897313543d3a393034c4e9245ef7101ce
sample,sparse_crlf-1024,207,341851,510499,500,5587cf2a0cf4fdda503bd1322fc2885963c24d4b8ec0a2a5347d0e93f3b5c5df,122aabbf98920296407d72a8d903976897313543d3a393034c4e9245ef7101ce
sample,sparse_crlf-1024,208,341581,510499,500,5587cf2a0cf4fdda503bd1322fc2885963c24d4b8ec0a2a5347d0e93f3b5c5df,122aabbf98920296407d72a8d903976897313543d3a393034c4e9245ef7101ce
sample,sparse_crlf-1024,209,346062,510499,500,5587cf2a0cf4fdda503bd1322fc2885963c24d4b8ec0a2a5347d0e93f3b5c5df,122aabbf98920296407d72a8d903976897313543d3a393034c4e9245ef7101ce
sample,sparse_crlf-1024,210,343521,510499,500,5587cf2a0cf4fdda503bd1322fc2885963c24d4b8ec0a2a5347d0e93f3b5c5df,122aabbf98920296407d72a8d903976897313543d3a393034c4e9245ef7101ce
sample,sparse_crlf-1024,211,341571,510499,500,5587cf2a0cf4fdda503bd1322fc2885963c24d4b8ec0a2a5347d0e93f3b5c5df,122aabbf98920296407d72a8d903976897313543d3a393034c4e9245ef7101ce
sample,sparse_crlf-1024,212,347022,510499,500,5587cf2a0cf4fdda503bd1322fc2885963c24d4b8ec0a2a5347d0e93f3b5c5df,122aabbf98920296407d72a8d903976897313543d3a393034c4e9245ef7101ce
sample,sparse_crlf-1024,213,341301,510499,500,5587cf2a0cf4fdda503bd1322fc2885963c24d4b8ec0a2a5347d0e93f3b5c5df,122aabbf98920296407d72a8d903976897313543d3a393034c4e9245ef7101ce
sample,sparse_crlf-1024,214,347021,510499,500,5587cf2a0cf4fdda503bd1322fc2885963c24d4b8ec0a2a5347d0e93f3b5c5df,122aabbf98920296407d72a8d903976897313543d3a393034c4e9245ef7101ce
sample,sparse_crlf-1024,215,341321,510499,500,5587cf2a0cf4fdda503bd1322fc2885963c24d4b8ec0a2a5347d0e93f3b5c5df,122aabbf98920296407d72a8d903976897313543d3a393034c4e9245ef7101ce
sample,sparse_crlf-1024,216,341372,510499,500,5587cf2a0cf4fdda503bd1322fc2885963c24d4b8ec0a2a5347d0e93f3b5c5df,122aabbf98920296407d72a8d903976897313543d3a393034c4e9245ef7101ce
sample,sparse_crlf-1024,217,347601,510499,500,5587cf2a0cf4fdda503bd1322fc2885963c24d4b8ec0a2a5347d0e93f3b5c5df,122aabbf98920296407d72a8d903976897313543d3a393034c4e9245ef7101ce
sample,sparse_crlf-1024,218,341841,510499,500,5587cf2a0cf4fdda503bd1322fc2885963c24d4b8ec0a2a5347d0e93f3b5c5df,122aabbf98920296407d72a8d903976897313543d3a393034c4e9245ef7101ce
sample,sparse_crlf-1024,219,341581,510499,500,5587cf2a0cf4fdda503bd1322fc2885963c24d4b8ec0a2a5347d0e93f3b5c5df,122aabbf98920296407d72a8d903976897313543d3a393034c4e9245ef7101ce
sample,sparse_crlf-1024,220,346382,510499,500,5587cf2a0cf4fdda503bd1322fc2885963c24d4b8ec0a2a5347d0e93f3b5c5df,122aabbf98920296407d72a8d903976897313543d3a393034c4e9245ef7101ce
sample,sparse_crlf-1024,221,341521,510499,500,5587cf2a0cf4fdda503bd1322fc2885963c24d4b8ec0a2a5347d0e93f3b5c5df,122aabbf98920296407d72a8d903976897313543d3a393034c4e9245ef7101ce
sample,sparse_crlf-1024,222,344501,510499,500,5587cf2a0cf4fdda503bd1322fc2885963c24d4b8ec0a2a5347d0e93f3b5c5df,122aabbf98920296407d72a8d903976897313543d3a393034c4e9245ef7101ce
sample,sparse_crlf-1024,223,346552,510499,500,5587cf2a0cf4fdda503bd1322fc2885963c24d4b8ec0a2a5347d0e93f3b5c5df,122aabbf98920296407d72a8d903976897313543d3a393034c4e9245ef7101ce
sample,sparse_crlf-1024,224,341291,510499,500,5587cf2a0cf4fdda503bd1322fc2885963c24d4b8ec0a2a5347d0e93f3b5c5df,122aabbf98920296407d72a8d903976897313543d3a393034c4e9245ef7101ce
sample,sparse_crlf-1024,225,341941,510499,500,5587cf2a0cf4fdda503bd1322fc2885963c24d4b8ec0a2a5347d0e93f3b5c5df,122aabbf98920296407d72a8d903976897313543d3a393034c4e9245ef7101ce
sample,sparse_crlf-1024,226,346191,510499,500,5587cf2a0cf4fdda503bd1322fc2885963c24d4b8ec0a2a5347d0e93f3b5c5df,122aabbf98920296407d72a8d903976897313543d3a393034c4e9245ef7101ce
sample,sparse_crlf-1024,227,341072,510499,500,5587cf2a0cf4fdda503bd1322fc2885963c24d4b8ec0a2a5347d0e93f3b5c5df,122aabbf98920296407d72a8d903976897313543d3a393034c4e9245ef7101ce
sample,sparse_crlf-1024,228,341461,510499,500,5587cf2a0cf4fdda503bd1322fc2885963c24d4b8ec0a2a5347d0e93f3b5c5df,122aabbf98920296407d72a8d903976897313543d3a393034c4e9245ef7101ce
sample,sparse_crlf-1024,229,346701,510499,500,5587cf2a0cf4fdda503bd1322fc2885963c24d4b8ec0a2a5347d0e93f3b5c5df,122aabbf98920296407d72a8d903976897313543d3a393034c4e9245ef7101ce
sample,sparse_crlf-1024,230,341392,510499,500,5587cf2a0cf4fdda503bd1322fc2885963c24d4b8ec0a2a5347d0e93f3b5c5df,122aabbf98920296407d72a8d903976897313543d3a393034c4e9245ef7101ce
sample,sparse_crlf-1024,231,341331,510499,500,5587cf2a0cf4fdda503bd1322fc2885963c24d4b8ec0a2a5347d0e93f3b5c5df,122aabbf98920296407d72a8d903976897313543d3a393034c4e9245ef7101ce
sample,sparse_crlf-1024,232,346191,510499,500,5587cf2a0cf4fdda503bd1322fc2885963c24d4b8ec0a2a5347d0e93f3b5c5df,122aabbf98920296407d72a8d903976897313543d3a393034c4e9245ef7101ce
sample,sparse_crlf-1024,233,344181,510499,500,5587cf2a0cf4fdda503bd1322fc2885963c24d4b8ec0a2a5347d0e93f3b5c5df,122aabbf98920296407d72a8d903976897313543d3a393034c4e9245ef7101ce
sample,sparse_crlf-1024,234,340922,510499,500,5587cf2a0cf4fdda503bd1322fc2885963c24d4b8ec0a2a5347d0e93f3b5c5df,122aabbf98920296407d72a8d903976897313543d3a393034c4e9245ef7101ce
sample,sparse_crlf-1024,235,346951,510499,500,5587cf2a0cf4fdda503bd1322fc2885963c24d4b8ec0a2a5347d0e93f3b5c5df,122aabbf98920296407d72a8d903976897313543d3a393034c4e9245ef7101ce
sample,sparse_crlf-1024,236,341441,510499,500,5587cf2a0cf4fdda503bd1322fc2885963c24d4b8ec0a2a5347d0e93f3b5c5df,122aabbf98920296407d72a8d903976897313543d3a393034c4e9245ef7101ce
sample,sparse_crlf-1024,237,341152,510499,500,5587cf2a0cf4fdda503bd1322fc2885963c24d4b8ec0a2a5347d0e93f3b5c5df,122aabbf98920296407d72a8d903976897313543d3a393034c4e9245ef7101ce
sample,sparse_crlf-1024,238,345811,510499,500,5587cf2a0cf4fdda503bd1322fc2885963c24d4b8ec0a2a5347d0e93f3b5c5df,122aabbf98920296407d72a8d903976897313543d3a393034c4e9245ef7101ce
sample,sparse_crlf-1024,239,340861,510499,500,5587cf2a0cf4fdda503bd1322fc2885963c24d4b8ec0a2a5347d0e93f3b5c5df,122aabbf98920296407d72a8d903976897313543d3a393034c4e9245ef7101ce
sample,sparse_crlf-1024,240,347261,510499,500,5587cf2a0cf4fdda503bd1322fc2885963c24d4b8ec0a2a5347d0e93f3b5c5df,122aabbf98920296407d72a8d903976897313543d3a393034c4e9245ef7101ce
sample,sparse_crlf-1024,241,341952,510499,500,5587cf2a0cf4fdda503bd1322fc2885963c24d4b8ec0a2a5347d0e93f3b5c5df,122aabbf98920296407d72a8d903976897313543d3a393034c4e9245ef7101ce
sample,sparse_crlf-1024,242,341101,510499,500,5587cf2a0cf4fdda503bd1322fc2885963c24d4b8ec0a2a5347d0e93f3b5c5df,122aabbf98920296407d72a8d903976897313543d3a393034c4e9245ef7101ce
sample,sparse_crlf-1024,243,346491,510499,500,5587cf2a0cf4fdda503bd1322fc2885963c24d4b8ec0a2a5347d0e93f3b5c5df,122aabbf98920296407d72a8d903976897313543d3a393034c4e9245ef7101ce
sample,sparse_crlf-1024,244,341101,510499,500,5587cf2a0cf4fdda503bd1322fc2885963c24d4b8ec0a2a5347d0e93f3b5c5df,122aabbf98920296407d72a8d903976897313543d3a393034c4e9245ef7101ce
sample,sparse_crlf-1024,245,344242,510499,500,5587cf2a0cf4fdda503bd1322fc2885963c24d4b8ec0a2a5347d0e93f3b5c5df,122aabbf98920296407d72a8d903976897313543d3a393034c4e9245ef7101ce
sample,sparse_crlf-1024,246,346041,510499,500,5587cf2a0cf4fdda503bd1322fc2885963c24d4b8ec0a2a5347d0e93f3b5c5df,122aabbf98920296407d72a8d903976897313543d3a393034c4e9245ef7101ce
sample,sparse_crlf-1024,247,341281,510499,500,5587cf2a0cf4fdda503bd1322fc2885963c24d4b8ec0a2a5347d0e93f3b5c5df,122aabbf98920296407d72a8d903976897313543d3a393034c4e9245ef7101ce
sample,sparse_crlf-1024,248,340992,510499,500,5587cf2a0cf4fdda503bd1322fc2885963c24d4b8ec0a2a5347d0e93f3b5c5df,122aabbf98920296407d72a8d903976897313543d3a393034c4e9245ef7101ce
sample,sparse_crlf-1024,249,347841,510499,500,5587cf2a0cf4fdda503bd1322fc2885963c24d4b8ec0a2a5347d0e93f3b5c5df,122aabbf98920296407d72a8d903976897313543d3a393034c4e9245ef7101ce
sample,sparse_crlf-1024,250,341061,510499,500,5587cf2a0cf4fdda503bd1322fc2885963c24d4b8ec0a2a5347d0e93f3b5c5df,122aabbf98920296407d72a8d903976897313543d3a393034c4e9245ef7101ce
sample,sparse_crlf-1024,251,341731,510499,500,5587cf2a0cf4fdda503bd1322fc2885963c24d4b8ec0a2a5347d0e93f3b5c5df,122aabbf98920296407d72a8d903976897313543d3a393034c4e9245ef7101ce
sample,sparse_crlf-1024,252,346202,510499,500,5587cf2a0cf4fdda503bd1322fc2885963c24d4b8ec0a2a5347d0e93f3b5c5df,122aabbf98920296407d72a8d903976897313543d3a393034c4e9245ef7101ce
sample,sparse_crlf-1024,253,341381,510499,500,5587cf2a0cf4fdda503bd1322fc2885963c24d4b8ec0a2a5347d0e93f3b5c5df,122aabbf98920296407d72a8d903976897313543d3a393034c4e9245ef7101ce
sample,sparse_crlf-1024,254,341231,510499,500,5587cf2a0cf4fdda503bd1322fc2885963c24d4b8ec0a2a5347d0e93f3b5c5df,122aabbf98920296407d72a8d903976897313543d3a393034c4e9245ef7101ce
sample,sparse_crlf-1024,255,346091,510499,500,5587cf2a0cf4fdda503bd1322fc2885963c24d4b8ec0a2a5347d0e93f3b5c5df,122aabbf98920296407d72a8d903976897313543d3a393034c4e9245ef7101ce
sample,sparse_crlf-1024,256,344102,510499,500,5587cf2a0cf4fdda503bd1322fc2885963c24d4b8ec0a2a5347d0e93f3b5c5df,122aabbf98920296407d72a8d903976897313543d3a393034c4e9245ef7101ce
sample,sparse_crlf-1024,257,341541,510499,500,5587cf2a0cf4fdda503bd1322fc2885963c24d4b8ec0a2a5347d0e93f3b5c5df,122aabbf98920296407d72a8d903976897313543d3a393034c4e9245ef7101ce
sample,sparse_crlf-1024,258,346361,510499,500,5587cf2a0cf4fdda503bd1322fc2885963c24d4b8ec0a2a5347d0e93f3b5c5df,122aabbf98920296407d72a8d903976897313543d3a393034c4e9245ef7101ce
sample,sparse_crlf-1024,259,341562,510499,500,5587cf2a0cf4fdda503bd1322fc2885963c24d4b8ec0a2a5347d0e93f3b5c5df,122aabbf98920296407d72a8d903976897313543d3a393034c4e9245ef7101ce
sample,sparse_crlf-1024,260,341001,510499,500,5587cf2a0cf4fdda503bd1322fc2885963c24d4b8ec0a2a5347d0e93f3b5c5df,122aabbf98920296407d72a8d903976897313543d3a393034c4e9245ef7101ce
sample,sparse_crlf-1024,261,346731,510499,500,5587cf2a0cf4fdda503bd1322fc2885963c24d4b8ec0a2a5347d0e93f3b5c5df,122aabbf98920296407d72a8d903976897313543d3a393034c4e9245ef7101ce
sample,sparse_crlf-1024,262,340881,510499,500,5587cf2a0cf4fdda503bd1322fc2885963c24d4b8ec0a2a5347d0e93f3b5c5df,122aabbf98920296407d72a8d903976897313543d3a393034c4e9245ef7101ce
sample,sparse_crlf-1024,263,341831,510499,500,5587cf2a0cf4fdda503bd1322fc2885963c24d4b8ec0a2a5347d0e93f3b5c5df,122aabbf98920296407d72a8d903976897313543d3a393034c4e9245ef7101ce
sample,sparse_crlf-1024,264,345821,510499,500,5587cf2a0cf4fdda503bd1322fc2885963c24d4b8ec0a2a5347d0e93f3b5c5df,122aabbf98920296407d72a8d903976897313543d3a393034c4e9245ef7101ce
sample,sparse_crlf-1024,265,341491,510499,500,5587cf2a0cf4fdda503bd1322fc2885963c24d4b8ec0a2a5347d0e93f3b5c5df,122aabbf98920296407d72a8d903976897313543d3a393034c4e9245ef7101ce
sample,sparse_crlf-1024,266,345702,510499,500,5587cf2a0cf4fdda503bd1322fc2885963c24d4b8ec0a2a5347d0e93f3b5c5df,122aabbf98920296407d72a8d903976897313543d3a393034c4e9245ef7101ce
sample,sparse_crlf-1024,267,341181,510499,500,5587cf2a0cf4fdda503bd1322fc2885963c24d4b8ec0a2a5347d0e93f3b5c5df,122aabbf98920296407d72a8d903976897313543d3a393034c4e9245ef7101ce
sample,sparse_crlf-1024,268,343831,510499,500,5587cf2a0cf4fdda503bd1322fc2885963c24d4b8ec0a2a5347d0e93f3b5c5df,122aabbf98920296407d72a8d903976897313543d3a393034c4e9245ef7101ce
sample,sparse_crlf-1024,269,347011,510499,500,5587cf2a0cf4fdda503bd1322fc2885963c24d4b8ec0a2a5347d0e93f3b5c5df,122aabbf98920296407d72a8d903976897313543d3a393034c4e9245ef7101ce
sample,sparse_crlf-1024,270,341472,510499,500,5587cf2a0cf4fdda503bd1322fc2885963c24d4b8ec0a2a5347d0e93f3b5c5df,122aabbf98920296407d72a8d903976897313543d3a393034c4e9245ef7101ce
sample,sparse_crlf-1024,271,341021,510499,500,5587cf2a0cf4fdda503bd1322fc2885963c24d4b8ec0a2a5347d0e93f3b5c5df,122aabbf98920296407d72a8d903976897313543d3a393034c4e9245ef7101ce
sample,sparse_crlf-1024,272,347011,510499,500,5587cf2a0cf4fdda503bd1322fc2885963c24d4b8ec0a2a5347d0e93f3b5c5df,122aabbf98920296407d72a8d903976897313543d3a393034c4e9245ef7101ce
sample,sparse_crlf-1024,273,341422,510499,500,5587cf2a0cf4fdda503bd1322fc2885963c24d4b8ec0a2a5347d0e93f3b5c5df,122aabbf98920296407d72a8d903976897313543d3a393034c4e9245ef7101ce
sample,sparse_crlf-1024,274,340851,510499,500,5587cf2a0cf4fdda503bd1322fc2885963c24d4b8ec0a2a5347d0e93f3b5c5df,122aabbf98920296407d72a8d903976897313543d3a393034c4e9245ef7101ce
sample,sparse_crlf-1024,275,346571,510499,500,5587cf2a0cf4fdda503bd1322fc2885963c24d4b8ec0a2a5347d0e93f3b5c5df,122aabbf98920296407d72a8d903976897313543d3a393034c4e9245ef7101ce
sample,sparse_crlf-1024,276,341311,510499,500,5587cf2a0cf4fdda503bd1322fc2885963c24d4b8ec0a2a5347d0e93f3b5c5df,122aabbf98920296407d72a8d903976897313543d3a393034c4e9245ef7101ce
sample,sparse_crlf-1024,277,341342,510499,500,5587cf2a0cf4fdda503bd1322fc2885963c24d4b8ec0a2a5347d0e93f3b5c5df,122aabbf98920296407d72a8d903976897313543d3a393034c4e9245ef7101ce
sample,sparse_crlf-1024,278,346541,510499,500,5587cf2a0cf4fdda503bd1322fc2885963c24d4b8ec0a2a5347d0e93f3b5c5df,122aabbf98920296407d72a8d903976897313543d3a393034c4e9245ef7101ce
sample,sparse_crlf-1024,279,344131,510499,500,5587cf2a0cf4fdda503bd1322fc2885963c24d4b8ec0a2a5347d0e93f3b5c5df,122aabbf98920296407d72a8d903976897313543d3a393034c4e9245ef7101ce
sample,sparse_crlf-1024,280,341451,510499,500,5587cf2a0cf4fdda503bd1322fc2885963c24d4b8ec0a2a5347d0e93f3b5c5df,122aabbf98920296407d72a8d903976897313543d3a393034c4e9245ef7101ce
sample,sparse_crlf-1024,281,346722,510499,500,5587cf2a0cf4fdda503bd1322fc2885963c24d4b8ec0a2a5347d0e93f3b5c5df,122aabbf98920296407d72a8d903976897313543d3a393034c4e9245ef7101ce
sample,sparse_crlf-1024,282,340921,510499,500,5587cf2a0cf4fdda503bd1322fc2885963c24d4b8ec0a2a5347d0e93f3b5c5df,122aabbf98920296407d72a8d903976897313543d3a393034c4e9245ef7101ce
sample,sparse_crlf-1024,283,341501,510499,500,5587cf2a0cf4fdda503bd1322fc2885963c24d4b8ec0a2a5347d0e93f3b5c5df,122aabbf98920296407d72a8d903976897313543d3a393034c4e9245ef7101ce
sample,sparse_crlf-1024,284,345542,510499,500,5587cf2a0cf4fdda503bd1322fc2885963c24d4b8ec0a2a5347d0e93f3b5c5df,122aabbf98920296407d72a8d903976897313543d3a393034c4e9245ef7101ce
sample,sparse_crlf-1024,285,341121,510499,500,5587cf2a0cf4fdda503bd1322fc2885963c24d4b8ec0a2a5347d0e93f3b5c5df,122aabbf98920296407d72a8d903976897313543d3a393034c4e9245ef7101ce
sample,sparse_crlf-1024,286,341171,510499,500,5587cf2a0cf4fdda503bd1322fc2885963c24d4b8ec0a2a5347d0e93f3b5c5df,122aabbf98920296407d72a8d903976897313543d3a393034c4e9245ef7101ce
sample,sparse_crlf-1024,287,346841,510499,500,5587cf2a0cf4fdda503bd1322fc2885963c24d4b8ec0a2a5347d0e93f3b5c5df,122aabbf98920296407d72a8d903976897313543d3a393034c4e9245ef7101ce
sample,sparse_crlf-1024,288,341102,510499,500,5587cf2a0cf4fdda503bd1322fc2885963c24d4b8ec0a2a5347d0e93f3b5c5df,122aabbf98920296407d72a8d903976897313543d3a393034c4e9245ef7101ce
sample,sparse_crlf-1024,289,341241,510499,500,5587cf2a0cf4fdda503bd1322fc2885963c24d4b8ec0a2a5347d0e93f3b5c5df,122aabbf98920296407d72a8d903976897313543d3a393034c4e9245ef7101ce
sample,sparse_crlf-1024,290,345451,510499,500,5587cf2a0cf4fdda503bd1322fc2885963c24d4b8ec0a2a5347d0e93f3b5c5df,122aabbf98920296407d72a8d903976897313543d3a393034c4e9245ef7101ce
sample,sparse_crlf-1024,291,344382,510499,500,5587cf2a0cf4fdda503bd1322fc2885963c24d4b8ec0a2a5347d0e93f3b5c5df,122aabbf98920296407d72a8d903976897313543d3a393034c4e9245ef7101ce
sample,sparse_crlf-1024,292,346531,510499,500,5587cf2a0cf4fdda503bd1322fc2885963c24d4b8ec0a2a5347d0e93f3b5c5df,122aabbf98920296407d72a8d903976897313543d3a393034c4e9245ef7101ce
sample,sparse_crlf-1024,293,340931,510499,500,5587cf2a0cf4fdda503bd1322fc2885963c24d4b8ec0a2a5347d0e93f3b5c5df,122aabbf98920296407d72a8d903976897313543d3a393034c4e9245ef7101ce
sample,sparse_crlf-1024,294,340881,510499,500,5587cf2a0cf4fdda503bd1322fc2885963c24d4b8ec0a2a5347d0e93f3b5c5df,122aabbf98920296407d72a8d903976897313543d3a393034c4e9245ef7101ce
sample,sparse_crlf-1024,295,346662,510499,500,5587cf2a0cf4fdda503bd1322fc2885963c24d4b8ec0a2a5347d0e93f3b5c5df,122aabbf98920296407d72a8d903976897313543d3a393034c4e9245ef7101ce
sample,sparse_crlf-1024,296,340601,510499,500,5587cf2a0cf4fdda503bd1322fc2885963c24d4b8ec0a2a5347d0e93f3b5c5df,122aabbf98920296407d72a8d903976897313543d3a393034c4e9245ef7101ce
sample,sparse_crlf-1024,297,340821,510499,500,5587cf2a0cf4fdda503bd1322fc2885963c24d4b8ec0a2a5347d0e93f3b5c5df,122aabbf98920296407d72a8d903976897313543d3a393034c4e9245ef7101ce
sample,sparse_crlf-1024,298,347902,510499,500,5587cf2a0cf4fdda503bd1322fc2885963c24d4b8ec0a2a5347d0e93f3b5c5df,122aabbf98920296407d72a8d903976897313543d3a393034c4e9245ef7101ce
sample,sparse_crlf-1024,299,340921,510499,500,5587cf2a0cf4fdda503bd1322fc2885963c24d4b8ec0a2a5347d0e93f3b5c5df,122aabbf98920296407d72a8d903976897313543d3a393034c4e9245ef7101ce
sample,sparse_crlf-1024,300,340951,510499,500,5587cf2a0cf4fdda503bd1322fc2885963c24d4b8ec0a2a5347d0e93f3b5c5df,122aabbf98920296407d72a8d903976897313543d3a393034c4e9245ef7101ce
sample,sparse_crlf-1024,301,346771,510499,500,5587cf2a0cf4fdda503bd1322fc2885963c24d4b8ec0a2a5347d0e93f3b5c5df,122aabbf98920296407d72a8d903976897313543d3a393034c4e9245ef7101ce
sample,sparse_crlf-1024,302,343152,510499,500,5587cf2a0cf4fdda503bd1322fc2885963c24d4b8ec0a2a5347d0e93f3b5c5df,122aabbf98920296407d72a8d903976897313543d3a393034c4e9245ef7101ce
sample,sparse_crlf-1024,303,341961,510499,500,5587cf2a0cf4fdda503bd1322fc2885963c24d4b8ec0a2a5347d0e93f3b5c5df,122aabbf98920296407d72a8d903976897313543d3a393034c4e9245ef7101ce
sample,sparse_crlf-1024,304,346791,510499,500,5587cf2a0cf4fdda503bd1322fc2885963c24d4b8ec0a2a5347d0e93f3b5c5df,122aabbf98920296407d72a8d903976897313543d3a393034c4e9245ef7101ce
sample,sparse_crlf-1024,305,341691,510499,500,5587cf2a0cf4fdda503bd1322fc2885963c24d4b8ec0a2a5347d0e93f3b5c5df,122aabbf98920296407d72a8d903976897313543d3a393034c4e9245ef7101ce
sample,sparse_crlf-1024,306,341772,510499,500,5587cf2a0cf4fdda503bd1322fc2885963c24d4b8ec0a2a5347d0e93f3b5c5df,122aabbf98920296407d72a8d903976897313543d3a393034c4e9245ef7101ce
sample,sparse_crlf-1024,307,347001,510499,500,5587cf2a0cf4fdda503bd1322fc2885963c24d4b8ec0a2a5347d0e93f3b5c5df,122aabbf98920296407d72a8d903976897313543d3a393034c4e9245ef7101ce
sample,sparse_crlf-1024,308,341681,510499,500,5587cf2a0cf4fdda503bd1322fc2885963c24d4b8ec0a2a5347d0e93f3b5c5df,122aabbf98920296407d72a8d903976897313543d3a393034c4e9245ef7101ce
sample,sparse_crlf-1024,309,341571,510499,500,5587cf2a0cf4fdda503bd1322fc2885963c24d4b8ec0a2a5347d0e93f3b5c5df,122aabbf98920296407d72a8d903976897313543d3a393034c4e9245ef7101ce
sample,sparse_crlf-1024,310,347172,510499,500,5587cf2a0cf4fdda503bd1322fc2885963c24d4b8ec0a2a5347d0e93f3b5c5df,122aabbf98920296407d72a8d903976897313543d3a393034c4e9245ef7101ce
sample,sparse_crlf-1024,311,341471,510499,500,5587cf2a0cf4fdda503bd1322fc2885963c24d4b8ec0a2a5347d0e93f3b5c5df,122aabbf98920296407d72a8d903976897313543d3a393034c4e9245ef7101ce
sample,sparse_crlf-1024,312,341651,510499,500,5587cf2a0cf4fdda503bd1322fc2885963c24d4b8ec0a2a5347d0e93f3b5c5df,122aabbf98920296407d72a8d903976897313543d3a393034c4e9245ef7101ce
sample,sparse_crlf-1024,313,347552,510499,500,5587cf2a0cf4fdda503bd1322fc2885963c24d4b8ec0a2a5347d0e93f3b5c5df,122aabbf98920296407d72a8d903976897313543d3a393034c4e9245ef7101ce
sample,sparse_crlf-1024,314,344261,510499,500,5587cf2a0cf4fdda503bd1322fc2885963c24d4b8ec0a2a5347d0e93f3b5c5df,122aabbf98920296407d72a8d903976897313543d3a393034c4e9245ef7101ce
sample,sparse_crlf-1024,315,341911,510499,500,5587cf2a0cf4fdda503bd1322fc2885963c24d4b8ec0a2a5347d0e93f3b5c5df,122aabbf98920296407d72a8d903976897313543d3a393034c4e9245ef7101ce
sample,sparse_crlf-1024,316,346302,510499,500,5587cf2a0cf4fdda503bd1322fc2885963c24d4b8ec0a2a5347d0e93f3b5c5df,122aabbf98920296407d72a8d903976897313543d3a393034c4e9245ef7101ce
sample,sparse_crlf-1024,317,341731,510499,500,5587cf2a0cf4fdda503bd1322fc2885963c24d4b8ec0a2a5347d0e93f3b5c5df,122aabbf98920296407d72a8d903976897313543d3a393034c4e9245ef7101ce
sample,sparse_crlf-1024,318,349541,510499,500,5587cf2a0cf4fdda503bd1322fc2885963c24d4b8ec0a2a5347d0e93f3b5c5df,122aabbf98920296407d72a8d903976897313543d3a393034c4e9245ef7101ce
sample,sparse_crlf-1024,319,341391,510499,500,5587cf2a0cf4fdda503bd1322fc2885963c24d4b8ec0a2a5347d0e93f3b5c5df,122aabbf98920296407d72a8d903976897313543d3a393034c4e9245ef7101ce
sample,sparse_crlf-1024,320,341162,510499,500,5587cf2a0cf4fdda503bd1322fc2885963c24d4b8ec0a2a5347d0e93f3b5c5df,122aabbf98920296407d72a8d903976897313543d3a393034c4e9245ef7101ce
sample,sparse_crlf-1024,321,347541,510499,500,5587cf2a0cf4fdda503bd1322fc2885963c24d4b8ec0a2a5347d0e93f3b5c5df,122aabbf98920296407d72a8d903976897313543d3a393034c4e9245ef7101ce
sample,sparse_crlf-1024,322,341351,510499,500,5587cf2a0cf4fdda503bd1322fc2885963c24d4b8ec0a2a5347d0e93f3b5c5df,122aabbf98920296407d72a8d903976897313543d3a393034c4e9245ef7101ce
sample,sparse_crlf-1024,323,341912,510499,500,5587cf2a0cf4fdda503bd1322fc2885963c24d4b8ec0a2a5347d0e93f3b5c5df,122aabbf98920296407d72a8d903976897313543d3a393034c4e9245ef7101ce
sample,sparse_crlf-1024,324,345851,510499,500,5587cf2a0cf4fdda503bd1322fc2885963c24d4b8ec0a2a5347d0e93f3b5c5df,122aabbf98920296407d72a8d903976897313543d3a393034c4e9245ef7101ce
sample,sparse_crlf-1024,325,341811,510499,500,5587cf2a0cf4fdda503bd1322fc2885963c24d4b8ec0a2a5347d0e93f3b5c5df,122aabbf98920296407d72a8d903976897313543d3a393034c4e9245ef7101ce
sample,sparse_crlf-1024,326,345121,510499,500,5587cf2a0cf4fdda503bd1322fc2885963c24d4b8ec0a2a5347d0e93f3b5c5df,122aabbf98920296407d72a8d903976897313543d3a393034c4e9245ef7101ce
sample,sparse_crlf-1024,327,347522,510499,500,5587cf2a0cf4fdda503bd1322fc2885963c24d4b8ec0a2a5347d0e93f3b5c5df,122aabbf98920296407d72a8d903976897313543d3a393034c4e9245ef7101ce
sample,sparse_crlf-1024,328,341851,510499,500,5587cf2a0cf4fdda503bd1322fc2885963c24d4b8ec0a2a5347d0e93f3b5c5df,122aabbf98920296407d72a8d903976897313543d3a393034c4e9245ef7101ce
sample,sparse_crlf-1024,329,342031,510499,500,5587cf2a0cf4fdda503bd1322fc2885963c24d4b8ec0a2a5347d0e93f3b5c5df,122aabbf98920296407d72a8d903976897313543d3a393034c4e9245ef7101ce
sample,sparse_crlf-1024,330,347481,510499,500,5587cf2a0cf4fdda503bd1322fc2885963c24d4b8ec0a2a5347d0e93f3b5c5df,122aabbf98920296407d72a8d903976897313543d3a393034c4e9245ef7101ce
sample,sparse_crlf-1024,331,341542,510499,500,5587cf2a0cf4fdda503bd1322fc2885963c24d4b8ec0a2a5347d0e93f3b5c5df,122aabbf98920296407d72a8d903976897313543d3a393034c4e9245ef7101ce
sample,sparse_crlf-1024,332,341701,510499,500,5587cf2a0cf4fdda503bd1322fc2885963c24d4b8ec0a2a5347d0e93f3b5c5df,122aabbf98920296407d72a8d903976897313543d3a393034c4e9245ef7101ce
sample,sparse_crlf-1024,333,347581,510499,500,5587cf2a0cf4fdda503bd1322fc2885963c24d4b8ec0a2a5347d0e93f3b5c5df,122aabbf98920296407d72a8d903976897313543d3a393034c4e9245ef7101ce
sample,sparse_crlf-1024,334,341242,510499,500,5587cf2a0cf4fdda503bd1322fc2885963c24d4b8ec0a2a5347d0e93f3b5c5df,122aabbf98920296407d72a8d903976897313543d3a393034c4e9245ef7101ce
sample,sparse_crlf-1024,335,341721,510499,500,5587cf2a0cf4fdda503bd1322fc2885963c24d4b8ec0a2a5347d0e93f3b5c5df,122aabbf98920296407d72a8d903976897313543d3a393034c4e9245ef7101ce
sample,sparse_crlf-1024,336,345801,510499,500,5587cf2a0cf4fdda503bd1322fc2885963c24d4b8ec0a2a5347d0e93f3b5c5df,122aabbf98920296407d72a8d903976897313543d3a393034c4e9245ef7101ce
sample,sparse_crlf-1024,337,344671,510499,500,5587cf2a0cf4fdda503bd1322fc2885963c24d4b8ec0a2a5347d0e93f3b5c5df,122aabbf98920296407d72a8d903976897313543d3a393034c4e9245ef7101ce
sample,sparse_crlf-1024,338,341192,510499,500,5587cf2a0cf4fdda503bd1322fc2885963c24d4b8ec0a2a5347d0e93f3b5c5df,122aabbf98920296407d72a8d903976897313543d3a393034c4e9245ef7101ce
sample,sparse_crlf-1024,339,346521,510499,500,5587cf2a0cf4fdda503bd1322fc2885963c24d4b8ec0a2a5347d0e93f3b5c5df,122aabbf98920296407d72a8d903976897313543d3a393034c4e9245ef7101ce
sample,sparse_crlf-1024,340,341761,510499,500,5587cf2a0cf4fdda503bd1322fc2885963c24d4b8ec0a2a5347d0e93f3b5c5df,122aabbf98920296407d72a8d903976897313543d3a393034c4e9245ef7101ce
sample,sparse_crlf-1024,341,341252,510499,500,5587cf2a0cf4fdda503bd1322fc2885963c24d4b8ec0a2a5347d0e93f3b5c5df,122aabbf98920296407d72a8d903976897313543d3a393034c4e9245ef7101ce
sample,sparse_crlf-1024,342,347171,510499,500,5587cf2a0cf4fdda503bd1322fc2885963c24d4b8ec0a2a5347d0e93f3b5c5df,122aabbf98920296407d72a8d903976897313543d3a393034c4e9245ef7101ce
sample,sparse_crlf-1024,343,341301,510499,500,5587cf2a0cf4fdda503bd1322fc2885963c24d4b8ec0a2a5347d0e93f3b5c5df,122aabbf98920296407d72a8d903976897313543d3a393034c4e9245ef7101ce
sample,sparse_crlf-1024,344,347281,510499,500,5587cf2a0cf4fdda503bd1322fc2885963c24d4b8ec0a2a5347d0e93f3b5c5df,122aabbf98920296407d72a8d903976897313543d3a393034c4e9245ef7101ce
sample,sparse_crlf-1024,345,341302,510499,500,5587cf2a0cf4fdda503bd1322fc2885963c24d4b8ec0a2a5347d0e93f3b5c5df,122aabbf98920296407d72a8d903976897313543d3a393034c4e9245ef7101ce
sample,sparse_crlf-1024,346,340921,510499,500,5587cf2a0cf4fdda503bd1322fc2885963c24d4b8ec0a2a5347d0e93f3b5c5df,122aabbf98920296407d72a8d903976897313543d3a393034c4e9245ef7101ce
sample,sparse_crlf-1024,347,347161,510499,500,5587cf2a0cf4fdda503bd1322fc2885963c24d4b8ec0a2a5347d0e93f3b5c5df,122aabbf98920296407d72a8d903976897313543d3a393034c4e9245ef7101ce
sample,sparse_crlf-1024,348,341031,510499,500,5587cf2a0cf4fdda503bd1322fc2885963c24d4b8ec0a2a5347d0e93f3b5c5df,122aabbf98920296407d72a8d903976897313543d3a393034c4e9245ef7101ce
sample,sparse_crlf-1024,349,343942,510499,500,5587cf2a0cf4fdda503bd1322fc2885963c24d4b8ec0a2a5347d0e93f3b5c5df,122aabbf98920296407d72a8d903976897313543d3a393034c4e9245ef7101ce
sample,sparse_crlf-1024,350,348181,510499,500,5587cf2a0cf4fdda503bd1322fc2885963c24d4b8ec0a2a5347d0e93f3b5c5df,122aabbf98920296407d72a8d903976897313543d3a393034c4e9245ef7101ce
sample,sparse_crlf-1024,351,341391,510499,500,5587cf2a0cf4fdda503bd1322fc2885963c24d4b8ec0a2a5347d0e93f3b5c5df,122aabbf98920296407d72a8d903976897313543d3a393034c4e9245ef7101ce
sample,sparse_crlf-1024,352,340952,510499,500,5587cf2a0cf4fdda503bd1322fc2885963c24d4b8ec0a2a5347d0e93f3b5c5df,122aabbf98920296407d72a8d903976897313543d3a393034c4e9245ef7101ce
sample,sparse_crlf-1024,353,347211,510499,500,5587cf2a0cf4fdda503bd1322fc2885963c24d4b8ec0a2a5347d0e93f3b5c5df,122aabbf98920296407d72a8d903976897313543d3a393034c4e9245ef7101ce
sample,sparse_crlf-1024,354,341391,510499,500,5587cf2a0cf4fdda503bd1322fc2885963c24d4b8ec0a2a5347d0e93f3b5c5df,122aabbf98920296407d72a8d903976897313543d3a393034c4e9245ef7101ce
sample,sparse_crlf-1024,355,341381,510499,500,5587cf2a0cf4fdda503bd1322fc2885963c24d4b8ec0a2a5347d0e93f3b5c5df,122aabbf98920296407d72a8d903976897313543d3a393034c4e9245ef7101ce
sample,sparse_crlf-1024,356,347432,510499,500,5587cf2a0cf4fdda503bd1322fc2885963c24d4b8ec0a2a5347d0e93f3b5c5df,122aabbf98920296407d72a8d903976897313543d3a393034c4e9245ef7101ce
sample,sparse_crlf-1024,357,342071,510499,500,5587cf2a0cf4fdda503bd1322fc2885963c24d4b8ec0a2a5347d0e93f3b5c5df,122aabbf98920296407d72a8d903976897313543d3a393034c4e9245ef7101ce
sample,sparse_crlf-1024,358,341221,510499,500,5587cf2a0cf4fdda503bd1322fc2885963c24d4b8ec0a2a5347d0e93f3b5c5df,122aabbf98920296407d72a8d903976897313543d3a393034c4e9245ef7101ce
sample,sparse_crlf-1024,359,352982,510499,500,5587cf2a0cf4fdda503bd1322fc2885963c24d4b8ec0a2a5347d0e93f3b5c5df,122aabbf98920296407d72a8d903976897313543d3a393034c4e9245ef7101ce
sample,sparse_crlf-1024,360,344041,510499,500,5587cf2a0cf4fdda503bd1322fc2885963c24d4b8ec0a2a5347d0e93f3b5c5df,122aabbf98920296407d72a8d903976897313543d3a393034c4e9245ef7101ce
sample,sparse_crlf-1024,361,341171,510499,500,5587cf2a0cf4fdda503bd1322fc2885963c24d4b8ec0a2a5347d0e93f3b5c5df,122aabbf98920296407d72a8d903976897313543d3a393034c4e9245ef7101ce
sample,sparse_crlf-1024,362,346302,510499,500,5587cf2a0cf4fdda503bd1322fc2885963c24d4b8ec0a2a5347d0e93f3b5c5df,122aabbf98920296407d72a8d903976897313543d3a393034c4e9245ef7101ce
sample,sparse_crlf-1024,363,341451,510499,500,5587cf2a0cf4fdda503bd1322fc2885963c24d4b8ec0a2a5347d0e93f3b5c5df,122aabbf98920296407d72a8d903976897313543d3a393034c4e9245ef7101ce
sample,sparse_crlf-1024,364,341271,510499,500,5587cf2a0cf4fdda503bd1322fc2885963c24d4b8ec0a2a5347d0e93f3b5c5df,122aabbf98920296407d72a8d903976897313543d3a393034c4e9245ef7101ce
sample,sparse_crlf-1024,365,345321,510499,500,5587cf2a0cf4fdda503bd1322fc2885963c24d4b8ec0a2a5347d0e93f3b5c5df,122aabbf98920296407d72a8d903976897313543d3a393034c4e9245ef7101ce
sample,sparse_crlf-1024,366,340712,510499,500,5587cf2a0cf4fdda503bd1322fc2885963c24d4b8ec0a2a5347d0e93f3b5c5df,122aabbf98920296407d72a8d903976897313543d3a393034c4e9245ef7101ce
sample,sparse_crlf-1024,367,340571,510499,500,5587cf2a0cf4fdda503bd1322fc2885963c24d4b8ec0a2a5347d0e93f3b5c5df,122aabbf98920296407d72a8d903976897313543d3a393034c4e9245ef7101ce
sample,sparse_crlf-1024,368,346011,510499,500,5587cf2a0cf4fdda503bd1322fc2885963c24d4b8ec0a2a5347d0e93f3b5c5df,122aabbf98920296407d72a8d903976897313543d3a393034c4e9245ef7101ce
sample,sparse_crlf-1024,369,340501,510499,500,5587cf2a0cf4fdda503bd1322fc2885963c24d4b8ec0a2a5347d0e93f3b5c5df,122aabbf98920296407d72a8d903976897313543d3a393034c4e9245ef7101ce
sample,sparse_crlf-1024,370,345952,510499,500,5587cf2a0cf4fdda503bd1322fc2885963c24d4b8ec0a2a5347d0e93f3b5c5df,122aabbf98920296407d72a8d903976897313543d3a393034c4e9245ef7101ce
sample,sparse_crlf-1024,371,340621,510499,500,5587cf2a0cf4fdda503bd1322fc2885963c24d4b8ec0a2a5347d0e93f3b5c5df,122aabbf98920296407d72a8d903976897313543d3a393034c4e9245ef7101ce
sample,sparse_crlf-1024,372,343811,510499,500,5587cf2a0cf4fdda503bd1322fc2885963c24d4b8ec0a2a5347d0e93f3b5c5df,122aabbf98920296407d72a8d903976897313543d3a393034c4e9245ef7101ce
sample,sparse_crlf-1024,373,347871,510499,500,5587cf2a0cf4fdda503bd1322fc2885963c24d4b8ec0a2a5347d0e93f3b5c5df,122aabbf98920296407d72a8d903976897313543d3a393034c4e9245ef7101ce
sample,sparse_crlf-1024,374,340582,510499,500,5587cf2a0cf4fdda503bd1322fc2885963c24d4b8ec0a2a5347d0e93f3b5c5df,122aabbf98920296407d72a8d903976897313543d3a393034c4e9245ef7101ce
sample,sparse_crlf-1024,375,341001,510499,500,5587cf2a0cf4fdda503bd1322fc2885963c24d4b8ec0a2a5347d0e93f3b5c5df,122aabbf98920296407d72a8d903976897313543d3a393034c4e9245ef7101ce
sample,sparse_crlf-1024,376,345191,510499,500,5587cf2a0cf4fdda503bd1322fc2885963c24d4b8ec0a2a5347d0e93f3b5c5df,122aabbf98920296407d72a8d903976897313543d3a393034c4e9245ef7101ce
sample,sparse_crlf-1024,377,340782,510499,500,5587cf2a0cf4fdda503bd1322fc2885963c24d4b8ec0a2a5347d0e93f3b5c5df,122aabbf98920296407d72a8d903976897313543d3a393034c4e9245ef7101ce
sample,sparse_crlf-1024,378,340891,510499,500,5587cf2a0cf4fdda503bd1322fc2885963c24d4b8ec0a2a5347d0e93f3b5c5df,122aabbf98920296407d72a8d903976897313543d3a393034c4e9245ef7101ce
sample,sparse_crlf-1024,379,347091,510499,500,5587cf2a0cf4fdda503bd1322fc2885963c24d4b8ec0a2a5347d0e93f3b5c5df,122aabbf98920296407d72a8d903976897313543d3a393034c4e9245ef7101ce
sample,sparse_crlf-1024,380,340251,510499,500,5587cf2a0cf4fdda503bd1322fc2885963c24d4b8ec0a2a5347d0e93f3b5c5df,122aabbf98920296407d72a8d903976897313543d3a393034c4e9245ef7101ce
sample,sparse_crlf-1024,381,340852,510499,500,5587cf2a0cf4fdda503bd1322fc2885963c24d4b8ec0a2a5347d0e93f3b5c5df,122aabbf98920296407d72a8d903976897313543d3a393034c4e9245ef7101ce
sample,sparse_crlf-1024,382,345621,510499,500,5587cf2a0cf4fdda503bd1322fc2885963c24d4b8ec0a2a5347d0e93f3b5c5df,122aabbf98920296407d72a8d903976897313543d3a393034c4e9245ef7101ce
sample,sparse_crlf-1024,383,344771,510499,500,5587cf2a0cf4fdda503bd1322fc2885963c24d4b8ec0a2a5347d0e93f3b5c5df,122aabbf98920296407d72a8d903976897313543d3a393034c4e9245ef7101ce
sample,sparse_crlf-1024,384,340761,510499,500,5587cf2a0cf4fdda503bd1322fc2885963c24d4b8ec0a2a5347d0e93f3b5c5df,122aabbf98920296407d72a8d903976897313543d3a393034c4e9245ef7101ce
sample,sparse_crlf-1024,385,346391,510499,500,5587cf2a0cf4fdda503bd1322fc2885963c24d4b8ec0a2a5347d0e93f3b5c5df,122aabbf98920296407d72a8d903976897313543d3a393034c4e9245ef7101ce
sample,sparse_crlf-1024,386,340371,510499,500,5587cf2a0cf4fdda503bd1322fc2885963c24d4b8ec0a2a5347d0e93f3b5c5df,122aabbf98920296407d72a8d903976897313543d3a393034c4e9245ef7101ce
sample,sparse_crlf-1024,387,340581,510499,500,5587cf2a0cf4fdda503bd1322fc2885963c24d4b8ec0a2a5347d0e93f3b5c5df,122aabbf98920296407d72a8d903976897313543d3a393034c4e9245ef7101ce
sample,sparse_crlf-1024,388,346872,510499,500,5587cf2a0cf4fdda503bd1322fc2885963c24d4b8ec0a2a5347d0e93f3b5c5df,122aabbf98920296407d72a8d903976897313543d3a393034c4e9245ef7101ce
sample,sparse_crlf-1024,389,340851,510499,500,5587cf2a0cf4fdda503bd1322fc2885963c24d4b8ec0a2a5347d0e93f3b5c5df,122aabbf98920296407d72a8d903976897313543d3a393034c4e9245ef7101ce
sample,sparse_crlf-1024,390,340721,510499,500,5587cf2a0cf4fdda503bd1322fc2885963c24d4b8ec0a2a5347d0e93f3b5c5df,122aabbf98920296407d72a8d903976897313543d3a393034c4e9245ef7101ce
sample,sparse_crlf-1024,391,345922,510499,500,5587cf2a0cf4fdda503bd1322fc2885963c24d4b8ec0a2a5347d0e93f3b5c5df,122aabbf98920296407d72a8d903976897313543d3a393034c4e9245ef7101ce
sample,sparse_crlf-1024,392,340471,510499,500,5587cf2a0cf4fdda503bd1322fc2885963c24d4b8ec0a2a5347d0e93f3b5c5df,122aabbf98920296407d72a8d903976897313543d3a393034c4e9245ef7101ce
sample,sparse_crlf-1024,393,340451,510499,500,5587cf2a0cf4fdda503bd1322fc2885963c24d4b8ec0a2a5347d0e93f3b5c5df,122aabbf98920296407d72a8d903976897313543d3a393034c4e9245ef7101ce
sample,sparse_crlf-1024,394,345591,510499,500,5587cf2a0cf4fdda503bd1322fc2885963c24d4b8ec0a2a5347d0e93f3b5c5df,122aabbf98920296407d72a8d903976897313543d3a393034c4e9245ef7101ce
sample,sparse_crlf-1024,395,344062,510499,500,5587cf2a0cf4fdda503bd1322fc2885963c24d4b8ec0a2a5347d0e93f3b5c5df,122aabbf98920296407d72a8d903976897313543d3a393034c4e9245ef7101ce
sample,sparse_crlf-1024,396,346091,510499,500,5587cf2a0cf4fdda503bd1322fc2885963c24d4b8ec0a2a5347d0e93f3b5c5df,122aabbf98920296407d72a8d903976897313543d3a393034c4e9245ef7101ce
sample,sparse_crlf-1024,397,340771,510499,500,5587cf2a0cf4fdda503bd1322fc2885963c24d4b8ec0a2a5347d0e93f3b5c5df,122aabbf98920296407d72a8d903976897313543d3a393034c4e9245ef7101ce
sample,sparse_crlf-1024,398,340591,510499,500,5587cf2a0cf4fdda503bd1322fc2885963c24d4b8ec0a2a5347d0e93f3b5c5df,122aabbf98920296407d72a8d903976897313543d3a393034c4e9245ef7101ce
sample,sparse_crlf-1024,399,345752,510499,500,5587cf2a0cf4fdda503bd1322fc2885963c24d4b8ec0a2a5347d0e93f3b5c5df,122aabbf98920296407d72a8d903976897313543d3a393034c4e9245ef7101ce
sample,sparse_crlf-1024,400,340741,510499,500,5587cf2a0cf4fdda503bd1322fc2885963c24d4b8ec0a2a5347d0e93f3b5c5df,122aabbf98920296407d72a8d903976897313543d3a393034c4e9245ef7101ce
sample,sparse_crlf-1024,401,340991,510499,500,5587cf2a0cf4fdda503bd1322fc2885963c24d4b8ec0a2a5347d0e93f3b5c5df,122aabbf98920296407d72a8d903976897313543d3a393034c4e9245ef7101ce
sample,sparse_crlf-1024,402,346062,510499,500,5587cf2a0cf4fdda503bd1322fc2885963c24d4b8ec0a2a5347d0e93f3b5c5df,122aabbf98920296407d72a8d903976897313543d3a393034c4e9245ef7101ce
sample,sparse_crlf-1024,403,340931,510499,500,5587cf2a0cf4fdda503bd1322fc2885963c24d4b8ec0a2a5347d0e93f3b5c5df,122aabbf98920296407d72a8d903976897313543d3a393034c4e9245ef7101ce
sample,sparse_crlf-1024,404,341151,510499,500,5587cf2a0cf4fdda503bd1322fc2885963c24d4b8ec0a2a5347d0e93f3b5c5df,122aabbf98920296407d72a8d903976897313543d3a393034c4e9245ef7101ce
sample,sparse_crlf-1024,405,346781,510499,500,5587cf2a0cf4fdda503bd1322fc2885963c24d4b8ec0a2a5347d0e93f3b5c5df,122aabbf98920296407d72a8d903976897313543d3a393034c4e9245ef7101ce
sample,sparse_crlf-1024,406,343032,510499,500,5587cf2a0cf4fdda503bd1322fc2885963c24d4b8ec0a2a5347d0e93f3b5c5df,122aabbf98920296407d72a8d903976897313543d3a393034c4e9245ef7101ce
sample,sparse_crlf-1024,407,340951,510499,500,5587cf2a0cf4fdda503bd1322fc2885963c24d4b8ec0a2a5347d0e93f3b5c5df,122aabbf98920296407d72a8d903976897313543d3a393034c4e9245ef7101ce
sample,sparse_crlf-1024,408,346751,510499,500,5587cf2a0cf4fdda503bd1322fc2885963c24d4b8ec0a2a5347d0e93f3b5c5df,122aabbf98920296407d72a8d903976897313543d3a393034c4e9245ef7101ce
sample,sparse_crlf-1024,409,340841,510499,500,5587cf2a0cf4fdda503bd1322fc2885963c24d4b8ec0a2a5347d0e93f3b5c5df,122aabbf98920296407d72a8d903976897313543d3a393034c4e9245ef7101ce
sample,sparse_crlf-1024,410,340772,510499,500,5587cf2a0cf4fdda503bd1322fc2885963c24d4b8ec0a2a5347d0e93f3b5c5df,122aabbf98920296407d72a8d903976897313543d3a393034c4e9245ef7101ce
sample,sparse_crlf-1024,411,346811,510499,500,5587cf2a0cf4fdda503bd1322fc2885963c24d4b8ec0a2a5347d0e93f3b5c5df,122aabbf98920296407d72a8d903976897313543d3a393034c4e9245ef7101ce
sample,sparse_crlf-1024,412,340781,510499,500,5587cf2a0cf4fdda503bd1322fc2885963c24d4b8ec0a2a5347d0e93f3b5c5df,122aabbf98920296407d72a8d903976897313543d3a393034c4e9245ef7101ce
sample,sparse_crlf-1024,413,341142,510499,500,5587cf2a0cf4fdda503bd1322fc2885963c24d4b8ec0a2a5347d0e93f3b5c5df,122aabbf98920296407d72a8d903976897313543d3a393034c4e9245ef7101ce
sample,sparse_crlf-1024,414,345601,510499,500,5587cf2a0cf4fdda503bd1322fc2885963c24d4b8ec0a2a5347d0e93f3b5c5df,122aabbf98920296407d72a8d903976897313543d3a393034c4e9245ef7101ce
sample,sparse_crlf-1024,415,341181,510499,500,5587cf2a0cf4fdda503bd1322fc2885963c24d4b8ec0a2a5347d0e93f3b5c5df,122aabbf98920296407d72a8d903976897313543d3a393034c4e9245ef7101ce
sample,sparse_crlf-1024,416,340541,510499,500,5587cf2a0cf4fdda503bd1322fc2885963c24d4b8ec0a2a5347d0e93f3b5c5df,122aabbf98920296407d72a8d903976897313543d3a393034c4e9245ef7101ce
sample,sparse_crlf-1024,417,345412,510499,500,5587cf2a0cf4fdda503bd1322fc2885963c24d4b8ec0a2a5347d0e93f3b5c5df,122aabbf98920296407d72a8d903976897313543d3a393034c4e9245ef7101ce
sample,sparse_crlf-1024,418,344431,510499,500,5587cf2a0cf4fdda503bd1322fc2885963c24d4b8ec0a2a5347d0e93f3b5c5df,122aabbf98920296407d72a8d903976897313543d3a393034c4e9245ef7101ce
sample,sparse_crlf-1024,419,341391,510499,500,5587cf2a0cf4fdda503bd1322fc2885963c24d4b8ec0a2a5347d0e93f3b5c5df,122aabbf98920296407d72a8d903976897313543d3a393034c4e9245ef7101ce
sample,sparse_crlf-1024,420,346792,510499,500,5587cf2a0cf4fdda503bd1322fc2885963c24d4b8ec0a2a5347d0e93f3b5c5df,122aabbf98920296407d72a8d903976897313543d3a393034c4e9245ef7101ce
sample,sparse_crlf-1024,421,341451,510499,500,5587cf2a0cf4fdda503bd1322fc2885963c24d4b8ec0a2a5347d0e93f3b5c5df,122aabbf98920296407d72a8d903976897313543d3a393034c4e9245ef7101ce
sample,sparse_crlf-1024,422,346861,510499,500,5587cf2a0cf4fdda503bd1322fc2885963c24d4b8ec0a2a5347d0e93f3b5c5df,122aabbf98920296407d72a8d903976897313543d3a393034c4e9245ef7101ce
sample,sparse_crlf-1024,423,340911,510499,500,5587cf2a0cf4fdda503bd1322fc2885963c24d4b8ec0a2a5347d0e93f3b5c5df,122aabbf98920296407d72a8d903976897313543d3a393034c4e9245ef7101ce
sample,sparse_crlf-1024,424,340882,510499,500,5587cf2a0cf4fdda503bd1322fc2885963c24d4b8ec0a2a5347d0e93f3b5c5df,122aabbf98920296407d72a8d903976897313543d3a393034c4e9245ef7101ce
sample,sparse_crlf-1024,425,347491,510499,500,5587cf2a0cf4fdda503bd1322fc2885963c24d4b8ec0a2a5347d0e93f3b5c5df,122aabbf98920296407d72a8d903976897313543d3a393034c4e9245ef7101ce
sample,sparse_crlf-1024,426,340571,510499,500,5587cf2a0cf4fdda503bd1322fc2885963c24d4b8ec0a2a5347d0e93f3b5c5df,122aabbf98920296407d72a8d903976897313543d3a393034c4e9245ef7101ce
sample,sparse_crlf-1024,427,340601,510499,500,5587cf2a0cf4fdda503bd1322fc2885963c24d4b8ec0a2a5347d0e93f3b5c5df,122aabbf98920296407d72a8d903976897313543d3a393034c4e9245ef7101ce
sample,sparse_crlf-1024,428,345452,510499,500,5587cf2a0cf4fdda503bd1322fc2885963c24d4b8ec0a2a5347d0e93f3b5c5df,122aabbf98920296407d72a8d903976897313543d3a393034c4e9245ef7101ce
sample,sparse_crlf-1024,429,341081,510499,500,5587cf2a0cf4fdda503bd1322fc2885963c24d4b8ec0a2a5347d0e93f3b5c5df,122aabbf98920296407d72a8d903976897313543d3a393034c4e9245ef7101ce
sample,sparse_crlf-1024,430,343631,510499,500,5587cf2a0cf4fdda503bd1322fc2885963c24d4b8ec0a2a5347d0e93f3b5c5df,122aabbf98920296407d72a8d903976897313543d3a393034c4e9245ef7101ce
sample,sparse_crlf-1024,431,345942,510499,500,5587cf2a0cf4fdda503bd1322fc2885963c24d4b8ec0a2a5347d0e93f3b5c5df,122aabbf98920296407d72a8d903976897313543d3a393034c4e9245ef7101ce
sample,sparse_crlf-1024,432,340541,510499,500,5587cf2a0cf4fdda503bd1322fc2885963c24d4b8ec0a2a5347d0e93f3b5c5df,122aabbf98920296407d72a8d903976897313543d3a393034c4e9245ef7101ce
sample,sparse_crlf-1024,433,340521,510499,500,5587cf2a0cf4fdda503bd1322fc2885963c24d4b8ec0a2a5347d0e93f3b5c5df,122aabbf98920296407d72a8d903976897313543d3a393034c4e9245ef7101ce
sample,sparse_crlf-1024,434,346311,510499,500,5587cf2a0cf4fdda503bd1322fc2885963c24d4b8ec0a2a5347d0e93f3b5c5df,122aabbf98920296407d72a8d903976897313543d3a393034c4e9245ef7101ce
sample,sparse_crlf-1024,435,341212,510499,500,5587cf2a0cf4fdda503bd1322fc2885963c24d4b8ec0a2a5347d0e93f3b5c5df,122aabbf98920296407d72a8d903976897313543d3a393034c4e9245ef7101ce
sample,sparse_crlf-1024,436,341211,510499,500,5587cf2a0cf4fdda503bd1322fc2885963c24d4b8ec0a2a5347d0e93f3b5c5df,122aabbf98920296407d72a8d903976897313543d3a393034c4e9245ef7101ce
sample,sparse_crlf-1024,437,346001,510499,500,5587cf2a0cf4fdda503bd1322fc2885963c24d4b8ec0a2a5347d0e93f3b5c5df,122aabbf98920296407d72a8d903976897313543d3a393034c4e9245ef7101ce
sample,sparse_crlf-1024,438,340822,510499,500,5587cf2a0cf4fdda503bd1322fc2885963c24d4b8ec0a2a5347d0e93f3b5c5df,122aabbf98920296407d72a8d903976897313543d3a393034c4e9245ef7101ce
sample,sparse_crlf-1024,439,341391,510499,500,5587cf2a0cf4fdda503bd1322fc2885963c24d4b8ec0a2a5347d0e93f3b5c5df,122aabbf98920296407d72a8d903976897313543d3a393034c4e9245ef7101ce
sample,sparse_crlf-1024,440,345951,510499,500,5587cf2a0cf4fdda503bd1322fc2885963c24d4b8ec0a2a5347d0e93f3b5c5df,122aabbf98920296407d72a8d903976897313543d3a393034c4e9245ef7101ce
sample,sparse_crlf-1024,441,344191,510499,500,5587cf2a0cf4fdda503bd1322fc2885963c24d4b8ec0a2a5347d0e93f3b5c5df,122aabbf98920296407d72a8d903976897313543d3a393034c4e9245ef7101ce
sample,sparse_crlf-1024,442,341302,510499,500,5587cf2a0cf4fdda503bd1322fc2885963c24d4b8ec0a2a5347d0e93f3b5c5df,122aabbf98920296407d72a8d903976897313543d3a393034c4e9245ef7101ce
sample,sparse_crlf-1024,443,346951,510499,500,5587cf2a0cf4fdda503bd1322fc2885963c24d4b8ec0a2a5347d0e93f3b5c5df,122aabbf98920296407d72a8d903976897313543d3a393034c4e9245ef7101ce
sample,sparse_crlf-1024,444,340841,510499,500,5587cf2a0cf4fdda503bd1322fc2885963c24d4b8ec0a2a5347d0e93f3b5c5df,122aabbf98920296407d72a8d903976897313543d3a393034c4e9245ef7101ce
sample,sparse_crlf-1024,445,341441,510499,500,5587cf2a0cf4fdda503bd1322fc2885963c24d4b8ec0a2a5347d0e93f3b5c5df,122aabbf98920296407d72a8d903976897313543d3a393034c4e9245ef7101ce
sample,sparse_crlf-1024,446,345742,510499,500,5587cf2a0cf4fdda503bd1322fc2885963c24d4b8ec0a2a5347d0e93f3b5c5df,122aabbf98920296407d72a8d903976897313543d3a393034c4e9245ef7101ce
sample,sparse_crlf-1024,447,340811,510499,500,5587cf2a0cf4fdda503bd1322fc2885963c24d4b8ec0a2a5347d0e93f3b5c5df,122aabbf98920296407d72a8d903976897313543d3a393034c4e9245ef7101ce
sample,sparse_crlf-1024,448,340181,510499,500,5587cf2a0cf4fdda503bd1322fc2885963c24d4b8ec0a2a5347d0e93f3b5c5df,122aabbf98920296407d72a8d903976897313543d3a393034c4e9245ef7101ce
sample,sparse_crlf-1024,449,341302,510499,500,5587cf2a0cf4fdda503bd1322fc2885963c24d4b8ec0a2a5347d0e93f3b5c5df,122aabbf98920296407d72a8d903976897313543d3a393034c4e9245ef7101ce
sample,sparse_crlf-1024,450,340891,510499,500,5587cf2a0cf4fdda503bd1322fc2885963c24d4b8ec0a2a5347d0e93f3b5c5df,122aabbf98920296407d72a8d903976897313543d3a393034c4e9245ef7101ce
sample,sparse_crlf-1024,451,345831,510499,500,5587cf2a0cf4fdda503bd1322fc2885963c24d4b8ec0a2a5347d0e93f3b5c5df,122aabbf98920296407d72a8d903976897313543d3a393034c4e9245ef7101ce
sample,sparse_crlf-1024,452,340921,510499,500,5587cf2a0cf4fdda503bd1322fc2885963c24d4b8ec0a2a5347d0e93f3b5c5df,122aabbf98920296407d72a8d903976897313543d3a393034c4e9245ef7101ce
sample,sparse_crlf-1024,453,344602,510499,500,5587cf2a0cf4fdda503bd1322fc2885963c24d4b8ec0a2a5347d0e93f3b5c5df,122aabbf98920296407d72a8d903976897313543d3a393034c4e9245ef7101ce
sample,sparse_crlf-1024,454,346931,510499,500,5587cf2a0cf4fdda503bd1322fc2885963c24d4b8ec0a2a5347d0e93f3b5c5df,122aabbf98920296407d72a8d903976897313543d3a393034c4e9245ef7101ce
sample,sparse_crlf-1024,455,341071,510499,500,5587cf2a0cf4fdda503bd1322fc2885963c24d4b8ec0a2a5347d0e93f3b5c5df,122aabbf98920296407d72a8d903976897313543d3a393034c4e9245ef7101ce
sample,sparse_crlf-1024,456,340752,510499,500,5587cf2a0cf4fdda503bd1322fc2885963c24d4b8ec0a2a5347d0e93f3b5c5df,122aabbf98920296407d72a8d903976897313543d3a393034c4e9245ef7101ce
sample,sparse_crlf-1024,457,345611,510499,500,5587cf2a0cf4fdda503bd1322fc2885963c24d4b8ec0a2a5347d0e93f3b5c5df,122aabbf98920296407d72a8d903976897313543d3a393034c4e9245ef7101ce
sample,sparse_crlf-1024,458,340681,510499,500,5587cf2a0cf4fdda503bd1322fc2885963c24d4b8ec0a2a5347d0e93f3b5c5df,122aabbf98920296407d72a8d903976897313543d3a393034c4e9245ef7101ce
sample,sparse_crlf-1024,459,341461,510499,500,5587cf2a0cf4fdda503bd1322fc2885963c24d4b8ec0a2a5347d0e93f3b5c5df,122aabbf98920296407d72a8d903976897313543d3a393034c4e9245ef7101ce
sample,sparse_crlf-1024,460,345732,510499,500,5587cf2a0cf4fdda503bd1322fc2885963c24d4b8ec0a2a5347d0e93f3b5c5df,122aabbf98920296407d72a8d903976897313543d3a393034c4e9245ef7101ce
sample,sparse_crlf-1024,461,340781,510499,500,5587cf2a0cf4fdda503bd1322fc2885963c24d4b8ec0a2a5347d0e93f3b5c5df,122aabbf98920296407d72a8d903976897313543d3a393034c4e9245ef7101ce
sample,sparse_crlf-1024,462,340541,510499,500,5587cf2a0cf4fdda503bd1322fc2885963c24d4b8ec0a2a5347d0e93f3b5c5df,122aabbf98920296407d72a8d903976897313543d3a393034c4e9245ef7101ce
sample,sparse_crlf-1024,463,346631,510499,500,5587cf2a0cf4fdda503bd1322fc2885963c24d4b8ec0a2a5347d0e93f3b5c5df,122aabbf98920296407d72a8d903976897313543d3a393034c4e9245ef7101ce
sample,sparse_crlf-1024,464,344262,510499,500,5587cf2a0cf4fdda503bd1322fc2885963c24d4b8ec0a2a5347d0e93f3b5c5df,122aabbf98920296407d72a8d903976897313543d3a393034c4e9245ef7101ce
sample,sparse_crlf-1024,465,340841,510499,500,5587cf2a0cf4fdda503bd1322fc2885963c24d4b8ec0a2a5347d0e93f3b5c5df,122aabbf98920296407d72a8d903976897313543d3a393034c4e9245ef7101ce
sample,sparse_crlf-1024,466,346061,510499,500,5587cf2a0cf4fdda503bd1322fc2885963c24d4b8ec0a2a5347d0e93f3b5c5df,122aabbf98920296407d72a8d903976897313543d3a393034c4e9245ef7101ce
sample,sparse_crlf-1024,467,341252,510499,500,5587cf2a0cf4fdda503bd1322fc2885963c24d4b8ec0a2a5347d0e93f3b5c5df,122aabbf98920296407d72a8d903976897313543d3a393034c4e9245ef7101ce
sample,sparse_crlf-1024,468,340371,510499,500,5587cf2a0cf4fdda503bd1322fc2885963c24d4b8ec0a2a5347d0e93f3b5c5df,122aabbf98920296407d72a8d903976897313543d3a393034c4e9245ef7101ce
sample,sparse_crlf-1024,469,346001,510499,500,5587cf2a0cf4fdda503bd1322fc2885963c24d4b8ec0a2a5347d0e93f3b5c5df,122aabbf98920296407d72a8d903976897313543d3a393034c4e9245ef7101ce
sample,sparse_crlf-1024,470,340541,510499,500,5587cf2a0cf4fdda503bd1322fc2885963c24d4b8ec0a2a5347d0e93f3b5c5df,122aabbf98920296407d72a8d903976897313543d3a393034c4e9245ef7101ce
sample,sparse_crlf-1024,471,340672,510499,500,5587cf2a0cf4fdda503bd1322fc2885963c24d4b8ec0a2a5347d0e93f3b5c5df,122aabbf98920296407d72a8d903976897313543d3a393034c4e9245ef7101ce
sample,sparse_crlf-1024,472,346171,510499,500,5587cf2a0cf4fdda503bd1322fc2885963c24d4b8ec0a2a5347d0e93f3b5c5df,122aabbf98920296407d72a8d903976897313543d3a393034c4e9245ef7101ce
sample,sparse_crlf-1024,473,341141,510499,500,5587cf2a0cf4fdda503bd1322fc2885963c24d4b8ec0a2a5347d0e93f3b5c5df,122aabbf98920296407d72a8d903976897313543d3a393034c4e9245ef7101ce
sample,sparse_crlf-1024,474,340841,510499,500,5587cf2a0cf4fdda503bd1322fc2885963c24d4b8ec0a2a5347d0e93f3b5c5df,122aabbf98920296407d72a8d903976897313543d3a393034c4e9245ef7101ce
sample,sparse_crlf-1024,475,346082,510499,500,5587cf2a0cf4fdda503bd1322fc2885963c24d4b8ec0a2a5347d0e93f3b5c5df,122aabbf98920296407d72a8d903976897313543d3a393034c4e9245ef7101ce
sample,sparse_crlf-1024,476,343741,510499,500,5587cf2a0cf4fdda503bd1322fc2885963c24d4b8ec0a2a5347d0e93f3b5c5df,122aabbf98920296407d72a8d903976897313543d3a393034c4e9245ef7101ce
sample,sparse_crlf-1024,477,347671,510499,500,5587cf2a0cf4fdda503bd1322fc2885963c24d4b8ec0a2a5347d0e93f3b5c5df,122aabbf98920296407d72a8d903976897313543d3a393034c4e9245ef7101ce
sample,sparse_crlf-1024,478,340722,510499,500,5587cf2a0cf4fdda503bd1322fc2885963c24d4b8ec0a2a5347d0e93f3b5c5df,122aabbf98920296407d72a8d903976897313543d3a393034c4e9245ef7101ce
sample,sparse_crlf-1024,479,341301,510499,500,5587cf2a0cf4fdda503bd1322fc2885963c24d4b8ec0a2a5347d0e93f3b5c5df,122aabbf98920296407d72a8d903976897313543d3a393034c4e9245ef7101ce
sample,sparse_crlf-1024,480,347301,510499,500,5587cf2a0cf4fdda503bd1322fc2885963c24d4b8ec0a2a5347d0e93f3b5c5df,122aabbf98920296407d72a8d903976897313543d3a393034c4e9245ef7101ce
sample,sparse_crlf-1024,481,341132,510499,500,5587cf2a0cf4fdda503bd1322fc2885963c24d4b8ec0a2a5347d0e93f3b5c5df,122aabbf98920296407d72a8d903976897313543d3a393034c4e9245ef7101ce
sample,sparse_crlf-1024,482,340691,510499,500,5587cf2a0cf4fdda503bd1322fc2885963c24d4b8ec0a2a5347d0e93f3b5c5df,122aabbf98920296407d72a8d903976897313543d3a393034c4e9245ef7101ce
sample,sparse_crlf-1024,483,346091,510499,500,5587cf2a0cf4fdda503bd1322fc2885963c24d4b8ec0a2a5347d0e93f3b5c5df,122aabbf98920296407d72a8d903976897313543d3a393034c4e9245ef7101ce
sample,sparse_crlf-1024,484,340741,510499,500,5587cf2a0cf4fdda503bd1322fc2885963c24d4b8ec0a2a5347d0e93f3b5c5df,122aabbf98920296407d72a8d903976897313543d3a393034c4e9245ef7101ce
sample,sparse_crlf-1024,485,340862,510499,500,5587cf2a0cf4fdda503bd1322fc2885963c24d4b8ec0a2a5347d0e93f3b5c5df,122aabbf98920296407d72a8d903976897313543d3a393034c4e9245ef7101ce
sample,sparse_crlf-1024,486,346491,510499,500,5587cf2a0cf4fdda503bd1322fc2885963c24d4b8ec0a2a5347d0e93f3b5c5df,122aabbf98920296407d72a8d903976897313543d3a393034c4e9245ef7101ce
sample,sparse_crlf-1024,487,345051,510499,500,5587cf2a0cf4fdda503bd1322fc2885963c24d4b8ec0a2a5347d0e93f3b5c5df,122aabbf98920296407d72a8d903976897313543d3a393034c4e9245ef7101ce
sample,sparse_crlf-1024,488,340911,510499,500,5587cf2a0cf4fdda503bd1322fc2885963c24d4b8ec0a2a5347d0e93f3b5c5df,122aabbf98920296407d72a8d903976897313543d3a393034c4e9245ef7101ce
sample,sparse_crlf-1024,489,347242,510499,500,5587cf2a0cf4fdda503bd1322fc2885963c24d4b8ec0a2a5347d0e93f3b5c5df,122aabbf98920296407d72a8d903976897313543d3a393034c4e9245ef7101ce
sample,sparse_crlf-1024,490,340491,510499,500,5587cf2a0cf4fdda503bd1322fc2885963c24d4b8ec0a2a5347d0e93f3b5c5df,122aabbf98920296407d72a8d903976897313543d3a393034c4e9245ef7101ce
sample,sparse_crlf-1024,491,340841,510499,500,5587cf2a0cf4fdda503bd1322fc2885963c24d4b8ec0a2a5347d0e93f3b5c5df,122aabbf98920296407d72a8d903976897313543d3a393034c4e9245ef7101ce
sample,sparse_crlf-1024,492,347722,510499,500,5587cf2a0cf4fdda503bd1322fc2885963c24d4b8ec0a2a5347d0e93f3b5c5df,122aabbf98920296407d72a8d903976897313543d3a393034c4e9245ef7101ce
sample,sparse_crlf-1024,493,341221,510499,500,5587cf2a0cf4fdda503bd1322fc2885963c24d4b8ec0a2a5347d0e93f3b5c5df,122aabbf98920296407d72a8d903976897313543d3a393034c4e9245ef7101ce
sample,sparse_crlf-1024,494,340611,510499,500,5587cf2a0cf4fdda503bd1322fc2885963c24d4b8ec0a2a5347d0e93f3b5c5df,122aabbf98920296407d72a8d903976897313543d3a393034c4e9245ef7101ce
sample,sparse_crlf-1024,495,346131,510499,500,5587cf2a0cf4fdda503bd1322fc2885963c24d4b8ec0a2a5347d0e93f3b5c5df,122aabbf98920296407d72a8d903976897313543d3a393034c4e9245ef7101ce
sample,sparse_crlf-1024,496,340832,510499,500,5587cf2a0cf4fdda503bd1322fc2885963c24d4b8ec0a2a5347d0e93f3b5c5df,122aabbf98920296407d72a8d903976897313543d3a393034c4e9245ef7101ce
sample,sparse_crlf-1024,497,340971,510499,500,5587cf2a0cf4fdda503bd1322fc2885963c24d4b8ec0a2a5347d0e93f3b5c5df,122aabbf98920296407d72a8d903976897313543d3a393034c4e9245ef7101ce
sample,sparse_crlf-1024,498,349131,510499,500,5587cf2a0cf4fdda503bd1322fc2885963c24d4b8ec0a2a5347d0e93f3b5c5df,122aabbf98920296407d72a8d903976897313543d3a393034c4e9245ef7101ce
sample,sparse_crlf-1024,499,343961,510499,500,5587cf2a0cf4fdda503bd1322fc2885963c24d4b8ec0a2a5347d0e93f3b5c5df,122aabbf98920296407d72a8d903976897313543d3a393034c4e9245ef7101ce
sample,dense_crlf-65536,0,1659576,262151,8,dc2d5f78bd77dcc14e006280e3c6fc78716aa1906045a9fbab3669baba4e1d85,24290201937affbe43876f1d564dfe61d03a696020830ae6162283c7e05e96db
sample,dense_crlf-65536,1,1664066,262151,8,dc2d5f78bd77dcc14e006280e3c6fc78716aa1906045a9fbab3669baba4e1d85,24290201937affbe43876f1d564dfe61d03a696020830ae6162283c7e05e96db
sample,dense_crlf-65536,2,1672326,262151,8,dc2d5f78bd77dcc14e006280e3c6fc78716aa1906045a9fbab3669baba4e1d85,24290201937affbe43876f1d564dfe61d03a696020830ae6162283c7e05e96db
sample,dense_crlf-65536,3,1651016,262151,8,dc2d5f78bd77dcc14e006280e3c6fc78716aa1906045a9fbab3669baba4e1d85,24290201937affbe43876f1d564dfe61d03a696020830ae6162283c7e05e96db
sample,dense_crlf-65536,4,1661877,262151,8,dc2d5f78bd77dcc14e006280e3c6fc78716aa1906045a9fbab3669baba4e1d85,24290201937affbe43876f1d564dfe61d03a696020830ae6162283c7e05e96db
sample,dense_crlf-65536,5,1657856,262151,8,dc2d5f78bd77dcc14e006280e3c6fc78716aa1906045a9fbab3669baba4e1d85,24290201937affbe43876f1d564dfe61d03a696020830ae6162283c7e05e96db
sample,dense_crlf-65536,6,1652176,262151,8,dc2d5f78bd77dcc14e006280e3c6fc78716aa1906045a9fbab3669baba4e1d85,24290201937affbe43876f1d564dfe61d03a696020830ae6162283c7e05e96db
sample,dense_crlf-65536,7,1668346,262151,8,dc2d5f78bd77dcc14e006280e3c6fc78716aa1906045a9fbab3669baba4e1d85,24290201937affbe43876f1d564dfe61d03a696020830ae6162283c7e05e96db
sample,dense_crlf-65536,8,1662886,262151,8,dc2d5f78bd77dcc14e006280e3c6fc78716aa1906045a9fbab3669baba4e1d85,24290201937affbe43876f1d564dfe61d03a696020830ae6162283c7e05e96db
sample,dense_crlf-65536,9,1653706,262151,8,dc2d5f78bd77dcc14e006280e3c6fc78716aa1906045a9fbab3669baba4e1d85,24290201937affbe43876f1d564dfe61d03a696020830ae6162283c7e05e96db
sample,dense_crlf-65536,10,1656666,262151,8,dc2d5f78bd77dcc14e006280e3c6fc78716aa1906045a9fbab3669baba4e1d85,24290201937affbe43876f1d564dfe61d03a696020830ae6162283c7e05e96db
sample,dense_crlf-65536,11,1660097,262151,8,dc2d5f78bd77dcc14e006280e3c6fc78716aa1906045a9fbab3669baba4e1d85,24290201937affbe43876f1d564dfe61d03a696020830ae6162283c7e05e96db
sample,dense_crlf-65536,12,1658986,262151,8,dc2d5f78bd77dcc14e006280e3c6fc78716aa1906045a9fbab3669baba4e1d85,24290201937affbe43876f1d564dfe61d03a696020830ae6162283c7e05e96db
sample,dense_crlf-65536,13,1657276,262151,8,dc2d5f78bd77dcc14e006280e3c6fc78716aa1906045a9fbab3669baba4e1d85,24290201937affbe43876f1d564dfe61d03a696020830ae6162283c7e05e96db
sample,dense_crlf-65536,14,1665266,262151,8,dc2d5f78bd77dcc14e006280e3c6fc78716aa1906045a9fbab3669baba4e1d85,24290201937affbe43876f1d564dfe61d03a696020830ae6162283c7e05e96db
sample,dense_crlf-65536,15,1654286,262151,8,dc2d5f78bd77dcc14e006280e3c6fc78716aa1906045a9fbab3669baba4e1d85,24290201937affbe43876f1d564dfe61d03a696020830ae6162283c7e05e96db
sample,dense_crlf-65536,16,1663586,262151,8,dc2d5f78bd77dcc14e006280e3c6fc78716aa1906045a9fbab3669baba4e1d85,24290201937affbe43876f1d564dfe61d03a696020830ae6162283c7e05e96db
sample,dense_crlf-65536,17,1663066,262151,8,dc2d5f78bd77dcc14e006280e3c6fc78716aa1906045a9fbab3669baba4e1d85,24290201937affbe43876f1d564dfe61d03a696020830ae6162283c7e05e96db
sample,dense_crlf-65536,18,1651947,262151,8,dc2d5f78bd77dcc14e006280e3c6fc78716aa1906045a9fbab3669baba4e1d85,24290201937affbe43876f1d564dfe61d03a696020830ae6162283c7e05e96db
sample,dense_crlf-65536,19,1661306,262151,8,dc2d5f78bd77dcc14e006280e3c6fc78716aa1906045a9fbab3669baba4e1d85,24290201937affbe43876f1d564dfe61d03a696020830ae6162283c7e05e96db
sample,dense_crlf-65536,20,1660376,262151,8,dc2d5f78bd77dcc14e006280e3c6fc78716aa1906045a9fbab3669baba4e1d85,24290201937affbe43876f1d564dfe61d03a696020830ae6162283c7e05e96db
sample,dense_crlf-65536,21,1665926,262151,8,dc2d5f78bd77dcc14e006280e3c6fc78716aa1906045a9fbab3669baba4e1d85,24290201937affbe43876f1d564dfe61d03a696020830ae6162283c7e05e96db
sample,dense_crlf-65536,22,1657606,262151,8,dc2d5f78bd77dcc14e006280e3c6fc78716aa1906045a9fbab3669baba4e1d85,24290201937affbe43876f1d564dfe61d03a696020830ae6162283c7e05e96db
sample,dense_crlf-65536,23,1656636,262151,8,dc2d5f78bd77dcc14e006280e3c6fc78716aa1906045a9fbab3669baba4e1d85,24290201937affbe43876f1d564dfe61d03a696020830ae6162283c7e05e96db
sample,dense_crlf-65536,24,1663126,262151,8,dc2d5f78bd77dcc14e006280e3c6fc78716aa1906045a9fbab3669baba4e1d85,24290201937affbe43876f1d564dfe61d03a696020830ae6162283c7e05e96db
sample,dense_crlf-65536,25,1655997,262151,8,dc2d5f78bd77dcc14e006280e3c6fc78716aa1906045a9fbab3669baba4e1d85,24290201937affbe43876f1d564dfe61d03a696020830ae6162283c7e05e96db
sample,dense_crlf-65536,26,1662086,262151,8,dc2d5f78bd77dcc14e006280e3c6fc78716aa1906045a9fbab3669baba4e1d85,24290201937affbe43876f1d564dfe61d03a696020830ae6162283c7e05e96db
sample,dense_crlf-65536,27,1654246,262151,8,dc2d5f78bd77dcc14e006280e3c6fc78716aa1906045a9fbab3669baba4e1d85,24290201937affbe43876f1d564dfe61d03a696020830ae6162283c7e05e96db
sample,dense_crlf-65536,28,1656916,262151,8,dc2d5f78bd77dcc14e006280e3c6fc78716aa1906045a9fbab3669baba4e1d85,24290201937affbe43876f1d564dfe61d03a696020830ae6162283c7e05e96db
sample,dense_crlf-65536,29,1664136,262151,8,dc2d5f78bd77dcc14e006280e3c6fc78716aa1906045a9fbab3669baba4e1d85,24290201937affbe43876f1d564dfe61d03a696020830ae6162283c7e05e96db
sample,dense_crlf-65536,30,1652426,262151,8,dc2d5f78bd77dcc14e006280e3c6fc78716aa1906045a9fbab3669baba4e1d85,24290201937affbe43876f1d564dfe61d03a696020830ae6162283c7e05e96db
sample,dense_crlf-65536,31,1663206,262151,8,dc2d5f78bd77dcc14e006280e3c6fc78716aa1906045a9fbab3669baba4e1d85,24290201937affbe43876f1d564dfe61d03a696020830ae6162283c7e05e96db
sample,dense_crlf-65536,32,1661407,262151,8,dc2d5f78bd77dcc14e006280e3c6fc78716aa1906045a9fbab3669baba4e1d85,24290201937affbe43876f1d564dfe61d03a696020830ae6162283c7e05e96db
sample,dense_crlf-65536,33,1659046,262151,8,dc2d5f78bd77dcc14e006280e3c6fc78716aa1906045a9fbab3669baba4e1d85,24290201937affbe43876f1d564dfe61d03a696020830ae6162283c7e05e96db
sample,dense_crlf-65536,34,1656166,262151,8,dc2d5f78bd77dcc14e006280e3c6fc78716aa1906045a9fbab3669baba4e1d85,24290201937affbe43876f1d564dfe61d03a696020830ae6162283c7e05e96db
sample,dense_crlf-65536,35,1661946,262151,8,dc2d5f78bd77dcc14e006280e3c6fc78716aa1906045a9fbab3669baba4e1d85,24290201937affbe43876f1d564dfe61d03a696020830ae6162283c7e05e96db
sample,dense_crlf-65536,36,1657266,262151,8,dc2d5f78bd77dcc14e006280e3c6fc78716aa1906045a9fbab3669baba4e1d85,24290201937affbe43876f1d564dfe61d03a696020830ae6162283c7e05e96db
sample,dense_crlf-65536,37,1654246,262151,8,dc2d5f78bd77dcc14e006280e3c6fc78716aa1906045a9fbab3669baba4e1d85,24290201937affbe43876f1d564dfe61d03a696020830ae6162283c7e05e96db
sample,dense_crlf-65536,38,1661536,262151,8,dc2d5f78bd77dcc14e006280e3c6fc78716aa1906045a9fbab3669baba4e1d85,24290201937affbe43876f1d564dfe61d03a696020830ae6162283c7e05e96db
sample,dense_crlf-65536,39,1651107,262151,8,dc2d5f78bd77dcc14e006280e3c6fc78716aa1906045a9fbab3669baba4e1d85,24290201937affbe43876f1d564dfe61d03a696020830ae6162283c7e05e96db
sample,dense_crlf-65536,40,1665126,262151,8,dc2d5f78bd77dcc14e006280e3c6fc78716aa1906045a9fbab3669baba4e1d85,24290201937affbe43876f1d564dfe61d03a696020830ae6162283c7e05e96db
sample,dense_crlf-65536,41,1664976,262151,8,dc2d5f78bd77dcc14e006280e3c6fc78716aa1906045a9fbab3669baba4e1d85,24290201937affbe43876f1d564dfe61d03a696020830ae6162283c7e05e96db
sample,dense_crlf-65536,42,1652486,262151,8,dc2d5f78bd77dcc14e006280e3c6fc78716aa1906045a9fbab3669baba4e1d85,24290201937affbe43876f1d564dfe61d03a696020830ae6162283c7e05e96db
sample,dense_crlf-65536,43,1661776,262151,8,dc2d5f78bd77dcc14e006280e3c6fc78716aa1906045a9fbab3669baba4e1d85,24290201937affbe43876f1d564dfe61d03a696020830ae6162283c7e05e96db
sample,dense_crlf-65536,44,1658976,262151,8,dc2d5f78bd77dcc14e006280e3c6fc78716aa1906045a9fbab3669baba4e1d85,24290201937affbe43876f1d564dfe61d03a696020830ae6162283c7e05e96db
sample,dense_crlf-65536,45,1654126,262151,8,dc2d5f78bd77dcc14e006280e3c6fc78716aa1906045a9fbab3669baba4e1d85,24290201937affbe43876f1d564dfe61d03a696020830ae6162283c7e05e96db
sample,dense_crlf-65536,46,1660407,262151,8,dc2d5f78bd77dcc14e006280e3c6fc78716aa1906045a9fbab3669baba4e1d85,24290201937affbe43876f1d564dfe61d03a696020830ae6162283c7e05e96db
sample,dense_crlf-65536,47,1656996,262151,8,dc2d5f78bd77dcc14e006280e3c6fc78716aa1906045a9fbab3669baba4e1d85,24290201937affbe43876f1d564dfe61d03a696020830ae6162283c7e05e96db
sample,dense_crlf-65536,48,1655476,262151,8,dc2d5f78bd77dcc14e006280e3c6fc78716aa1906045a9fbab3669baba4e1d85,24290201937affbe43876f1d564dfe61d03a696020830ae6162283c7e05e96db
sample,dense_crlf-65536,49,1656016,262151,8,dc2d5f78bd77dcc14e006280e3c6fc78716aa1906045a9fbab3669baba4e1d85,24290201937affbe43876f1d564dfe61d03a696020830ae6162283c7e05e96db
sample,dense_crlf-65536,50,1658766,262151,8,dc2d5f78bd77dcc14e006280e3c6fc78716aa1906045a9fbab3669baba4e1d85,24290201937affbe43876f1d564dfe61d03a696020830ae6162283c7e05e96db
sample,dense_crlf-65536,51,1658296,262151,8,dc2d5f78bd77dcc14e006280e3c6fc78716aa1906045a9fbab3669baba4e1d85,24290201937affbe43876f1d564dfe61d03a696020830ae6162283c7e05e96db
sample,dense_crlf-65536,52,1656186,262151,8,dc2d5f78bd77dcc14e006280e3c6fc78716aa1906045a9fbab3669baba4e1d85,24290201937affbe43876f1d564dfe61d03a696020830ae6162283c7e05e96db
sample,dense_crlf-65536,53,1658466,262151,8,dc2d5f78bd77dcc14e006280e3c6fc78716aa1906045a9fbab3669baba4e1d85,24290201937affbe43876f1d564dfe61d03a696020830ae6162283c7e05e96db
sample,dense_crlf-65536,54,1659187,262151,8,dc2d5f78bd77dcc14e006280e3c6fc78716aa1906045a9fbab3669baba4e1d85,24290201937affbe43876f1d564dfe61d03a696020830ae6162283c7e05e96db
sample,dense_crlf-65536,55,1663386,262151,8,dc2d5f78bd77dcc14e006280e3c6fc78716aa1906045a9fbab3669baba4e1d85,24290201937affbe43876f1d564dfe61d03a696020830ae6162283c7e05e96db
sample,dense_crlf-65536,56,1654456,262151,8,dc2d5f78bd77dcc14e006280e3c6fc78716aa1906045a9fbab3669baba4e1d85,24290201937affbe43876f1d564dfe61d03a696020830ae6162283c7e05e96db
sample,dense_crlf-65536,57,1665096,262151,8,dc2d5f78bd77dcc14e006280e3c6fc78716aa1906045a9fbab3669baba4e1d85,24290201937affbe43876f1d564dfe61d03a696020830ae6162283c7e05e96db
sample,dense_crlf-65536,58,1664616,262151,8,dc2d5f78bd77dcc14e006280e3c6fc78716aa1906045a9fbab3669baba4e1d85,24290201937affbe43876f1d564dfe61d03a696020830ae6162283c7e05e96db
sample,dense_crlf-65536,59,1653466,262151,8,dc2d5f78bd77dcc14e006280e3c6fc78716aa1906045a9fbab3669baba4e1d85,24290201937affbe43876f1d564dfe61d03a696020830ae6162283c7e05e96db
sample,dense_crlf-65536,60,1663457,262151,8,dc2d5f78bd77dcc14e006280e3c6fc78716aa1906045a9fbab3669baba4e1d85,24290201937affbe43876f1d564dfe61d03a696020830ae6162283c7e05e96db
sample,dense_crlf-65536,61,1661426,262151,8,dc2d5f78bd77dcc14e006280e3c6fc78716aa1906045a9fbab3669baba4e1d85,24290201937affbe43876f1d564dfe61d03a696020830ae6162283c7e05e96db
sample,dense_crlf-65536,62,1655926,262151,8,dc2d5f78bd77dcc14e006280e3c6fc78716aa1906045a9fbab3669baba4e1d85,24290201937affbe43876f1d564dfe61d03a696020830ae6162283c7e05e96db
sample,dense_crlf-65536,63,1656426,262151,8,dc2d5f78bd77dcc14e006280e3c6fc78716aa1906045a9fbab3669baba4e1d85,24290201937affbe43876f1d564dfe61d03a696020830ae6162283c7e05e96db
sample,dense_crlf-65536,64,1659036,262151,8,dc2d5f78bd77dcc14e006280e3c6fc78716aa1906045a9fbab3669baba4e1d85,24290201937affbe43876f1d564dfe61d03a696020830ae6162283c7e05e96db
sample,dense_crlf-65536,65,1653416,262151,8,dc2d5f78bd77dcc14e006280e3c6fc78716aa1906045a9fbab3669baba4e1d85,24290201937affbe43876f1d564dfe61d03a696020830ae6162283c7e05e96db
sample,dense_crlf-65536,66,1661136,262151,8,dc2d5f78bd77dcc14e006280e3c6fc78716aa1906045a9fbab3669baba4e1d85,24290201937affbe43876f1d564dfe61d03a696020830ae6162283c7e05e96db
sample,dense_crlf-65536,67,1663406,262151,8,dc2d5f78bd77dcc14e006280e3c6fc78716aa1906045a9fbab3669baba4e1d85,24290201937affbe43876f1d564dfe61d03a696020830ae6162283c7e05e96db
sample,dense_crlf-65536,68,1651117,262151,8,dc2d5f78bd77dcc14e006280e3c6fc78716aa1906045a9fbab3669baba4e1d85,24290201937affbe43876f1d564dfe61d03a696020830ae6162283c7e05e96db
sample,dense_crlf-65536,69,1663576,262151,8,dc2d5f78bd77dcc14e006280e3c6fc78716aa1906045a9fbab3669baba4e1d85,24290201937affbe43876f1d564dfe61d03a696020830ae6162283c7e05e96db
sample,dense_crlf-65536,70,1657906,262151,8,dc2d5f78bd77dcc14e006280e3c6fc78716aa1906045a9fbab3669baba4e1d85,24290201937affbe43876f1d564dfe61d03a696020830ae6162283c7e05e96db
sample,dense_crlf-65536,71,1654626,262151,8,dc2d5f78bd77dcc14e006280e3c6fc78716aa1906045a9fbab3669baba4e1d85,24290201937affbe43876f1d564dfe61d03a696020830ae6162283c7e05e96db
sample,dense_crlf-65536,72,1666186,262151,8,dc2d5f78bd77dcc14e006280e3c6fc78716aa1906045a9fbab3669baba4e1d85,24290201937affbe43876f1d564dfe61d03a696020830ae6162283c7e05e96db
sample,dense_crlf-65536,73,1656246,262151,8,dc2d5f78bd77dcc14e006280e3c6fc78716aa1906045a9fbab3669baba4e1d85,24290201937affbe43876f1d564dfe61d03a696020830ae6162283c7e05e96db
sample,dense_crlf-65536,74,1655636,262151,8,dc2d5f78bd77dcc14e006280e3c6fc78716aa1906045a9fbab3669baba4e1d85,24290201937affbe43876f1d564dfe61d03a696020830ae6162283c7e05e96db
sample,dense_crlf-65536,75,1662807,262151,8,dc2d5f78bd77dcc14e006280e3c6fc78716aa1906045a9fbab3669baba4e1d85,24290201937affbe43876f1d564dfe61d03a696020830ae6162283c7e05e96db
sample,dense_crlf-65536,76,1659536,262151,8,dc2d5f78bd77dcc14e006280e3c6fc78716aa1906045a9fbab3669baba4e1d85,24290201937affbe43876f1d564dfe61d03a696020830ae6162283c7e05e96db
sample,dense_crlf-65536,77,1654116,262151,8,dc2d5f78bd77dcc14e006280e3c6fc78716aa1906045a9fbab3669baba4e1d85,24290201937affbe43876f1d564dfe61d03a696020830ae6162283c7e05e96db
sample,dense_crlf-65536,78,1657236,262151,8,dc2d5f78bd77dcc14e006280e3c6fc78716aa1906045a9fbab3669baba4e1d85,24290201937affbe43876f1d564dfe61d03a696020830ae6162283c7e05e96db
sample,dense_crlf-65536,79,1666186,262151,8,dc2d5f78bd77dcc14e006280e3c6fc78716aa1906045a9fbab3669baba4e1d85,24290201937affbe43876f1d564dfe61d03a696020830ae6162283c7e05e96db
sample,dense_crlf-65536,80,1650836,262151,8,dc2d5f78bd77dcc14e006280e3c6fc78716aa1906045a9fbab3669baba4e1d85,24290201937affbe43876f1d564dfe61d03a696020830ae6162283c7e05e96db
sample,dense_crlf-65536,81,1663866,262151,8,dc2d5f78bd77dcc14e006280e3c6fc78716aa1906045a9fbab3669baba4e1d85,24290201937affbe43876f1d564dfe61d03a696020830ae6162283c7e05e96db
sample,dense_crlf-65536,82,1660267,262151,8,dc2d5f78bd77dcc14e006280e3c6fc78716aa1906045a9fbab3669baba4e1d85,24290201937affbe43876f1d564dfe61d03a696020830ae6162283c7e05e96db
sample,dense_crlf-65536,83,1656216,262151,8,dc2d5f78bd77dcc14e006280e3c6fc78716aa1906045a9fbab3669baba4e1d85,24290201937affbe43876f1d564dfe61d03a696020830ae6162283c7e05e96db
sample,dense_crlf-65536,84,1660526,262151,8,dc2d5f78bd77dcc14e006280e3c6fc78716aa1906045a9fbab3669baba4e1d85,24290201937affbe43876f1d564dfe61d03a696020830ae6162283c7e05e96db
sample,dense_crlf-65536,85,1660076,262151,8,dc2d5f78bd77dcc14e006280e3c6fc78716aa1906045a9fbab3669baba4e1d85,24290201937affbe43876f1d564dfe61d03a696020830ae6162283c7e05e96db
sample,dense_crlf-65536,86,1658166,262151,8,dc2d5f78bd77dcc14e006280e3c6fc78716aa1906045a9fbab3669baba4e1d85,24290201937affbe43876f1d564dfe61d03a696020830ae6162283c7e05e96db
sample,dense_crlf-65536,87,1658586,262151,8,dc2d5f78bd77dcc14e006280e3c6fc78716aa1906045a9fbab3669baba4e1d85,24290201937affbe43876f1d564dfe61d03a696020830ae6162283c7e05e96db
sample,dense_crlf-65536,88,1663586,262151,8,dc2d5f78bd77dcc14e006280e3c6fc78716aa1906045a9fbab3669baba4e1d85,24290201937affbe43876f1d564dfe61d03a696020830ae6162283c7e05e96db
sample,dense_crlf-65536,89,1667117,262151,8,dc2d5f78bd77dcc14e006280e3c6fc78716aa1906045a9fbab3669baba4e1d85,24290201937affbe43876f1d564dfe61d03a696020830ae6162283c7e05e96db
sample,dense_crlf-65536,90,1658316,262151,8,dc2d5f78bd77dcc14e006280e3c6fc78716aa1906045a9fbab3669baba4e1d85,24290201937affbe43876f1d564dfe61d03a696020830ae6162283c7e05e96db
sample,dense_crlf-65536,91,1661806,262151,8,dc2d5f78bd77dcc14e006280e3c6fc78716aa1906045a9fbab3669baba4e1d85,24290201937affbe43876f1d564dfe61d03a696020830ae6162283c7e05e96db
sample,dense_crlf-65536,92,1651846,262151,8,dc2d5f78bd77dcc14e006280e3c6fc78716aa1906045a9fbab3669baba4e1d85,24290201937affbe43876f1d564dfe61d03a696020830ae6162283c7e05e96db
sample,dense_crlf-65536,93,1656016,262151,8,dc2d5f78bd77dcc14e006280e3c6fc78716aa1906045a9fbab3669baba4e1d85,24290201937affbe43876f1d564dfe61d03a696020830ae6162283c7e05e96db
sample,dense_crlf-65536,94,1659936,262151,8,dc2d5f78bd77dcc14e006280e3c6fc78716aa1906045a9fbab3669baba4e1d85,24290201937affbe43876f1d564dfe61d03a696020830ae6162283c7e05e96db
sample,dense_crlf-65536,95,1651776,262151,8,dc2d5f78bd77dcc14e006280e3c6fc78716aa1906045a9fbab3669baba4e1d85,24290201937affbe43876f1d564dfe61d03a696020830ae6162283c7e05e96db
sample,dense_crlf-65536,96,1661896,262151,8,dc2d5f78bd77dcc14e006280e3c6fc78716aa1906045a9fbab3669baba4e1d85,24290201937affbe43876f1d564dfe61d03a696020830ae6162283c7e05e96db
sample,dense_crlf-65536,97,1657327,262151,8,dc2d5f78bd77dcc14e006280e3c6fc78716aa1906045a9fbab3669baba4e1d85,24290201937affbe43876f1d564dfe61d03a696020830ae6162283c7e05e96db
sample,dense_crlf-65536,98,1656786,262151,8,dc2d5f78bd77dcc14e006280e3c6fc78716aa1906045a9fbab3669baba4e1d85,24290201937affbe43876f1d564dfe61d03a696020830ae6162283c7e05e96db
sample,dense_crlf-65536,99,1657936,262151,8,dc2d5f78bd77dcc14e006280e3c6fc78716aa1906045a9fbab3669baba4e1d85,24290201937affbe43876f1d564dfe61d03a696020830ae6162283c7e05e96db
sample,dense_crlf-65536,100,1661666,262151,8,dc2d5f78bd77dcc14e006280e3c6fc78716aa1906045a9fbab3669baba4e1d85,24290201937affbe43876f1d564dfe61d03a696020830ae6162283c7e05e96db
sample,dense_crlf-65536,101,1654946,262151,8,dc2d5f78bd77dcc14e006280e3c6fc78716aa1906045a9fbab3669baba4e1d85,24290201937affbe43876f1d564dfe61d03a696020830ae6162283c7e05e96db
sample,dense_crlf-65536,102,1662196,262151,8,dc2d5f78bd77dcc14e006280e3c6fc78716aa1906045a9fbab3669baba4e1d85,24290201937affbe43876f1d564dfe61d03a696020830ae6162283c7e05e96db
sample,dense_crlf-65536,103,1662417,262151,8,dc2d5f78bd77dcc14e006280e3c6fc78716aa1906045a9fbab3669baba4e1d85,24290201937affbe43876f1d564dfe61d03a696020830ae6162283c7e05e96db
sample,dense_crlf-65536,104,1654576,262151,8,dc2d5f78bd77dcc14e006280e3c6fc78716aa1906045a9fbab3669baba4e1d85,24290201937affbe43876f1d564dfe61d03a696020830ae6162283c7e05e96db
sample,dense_crlf-65536,105,1660866,262151,8,dc2d5f78bd77dcc14e006280e3c6fc78716aa1906045a9fbab3669baba4e1d85,24290201937affbe43876f1d564dfe61d03a696020830ae6162283c7e05e96db
sample,dense_crlf-65536,106,1664196,262151,8,dc2d5f78bd77dcc14e006280e3c6fc78716aa1906045a9fbab3669baba4e1d85,24290201937affbe43876f1d564dfe61d03a696020830ae6162283c7e05e96db
sample,dense_crlf-65536,107,1651966,262151,8,dc2d5f78bd77dcc14e006280e3c6fc78716aa1906045a9fbab3669baba4e1d85,24290201937affbe43876f1d564dfe61d03a696020830ae6162283c7e05e96db
sample,dense_crlf-65536,108,1664376,262151,8,dc2d5f78bd77dcc14e006280e3c6fc78716aa1906045a9fbab3669baba4e1d85,24290201937affbe43876f1d564dfe61d03a696020830ae6162283c7e05e96db
sample,dense_crlf-65536,109,1655116,262151,8,dc2d5f78bd77dcc14e006280e3c6fc78716aa1906045a9fbab3669baba4e1d85,24290201937affbe43876f1d564dfe61d03a696020830ae6162283c7e05e96db
sample,dense_crlf-65536,110,1655276,262151,8,dc2d5f78bd77dcc14e006280e3c6fc78716aa1906045a9fbab3669baba4e1d85,24290201937affbe43876f1d564dfe61d03a696020830ae6162283c7e05e96db
sample,dense_crlf-65536,111,1659467,262151,8,dc2d5f78bd77dcc14e006280e3c6fc78716aa1906045a9fbab3669baba4e1d85,24290201937affbe43876f1d564dfe61d03a696020830ae6162283c7e05e96db
sample,dense_crlf-65536,112,1658996,262151,8,dc2d5f78bd77dcc14e006280e3c6fc78716aa1906045a9fbab3669baba4e1d85,24290201937affbe43876f1d564dfe61d03a696020830ae6162283c7e05e96db
sample,dense_crlf-65536,113,1659766,262151,8,dc2d5f78bd77dcc14e006280e3c6fc78716aa1906045a9fbab3669baba4e1d85,24290201937affbe43876f1d564dfe61d03a696020830ae6162283c7e05e96db
sample,dense_crlf-65536,114,1665186,262151,8,dc2d5f78bd77dcc14e006280e3c6fc78716aa1906045a9fbab3669baba4e1d85,24290201937affbe43876f1d564dfe61d03a696020830ae6162283c7e05e96db
sample,dense_crlf-65536,115,1663406,262151,8,dc2d5f78bd77dcc14e006280e3c6fc78716aa1906045a9fbab3669baba4e1d85,24290201937affbe43876f1d564dfe61d03a696020830ae6162283c7e05e96db
sample,dense_crlf-65536,116,1652816,262151,8,dc2d5f78bd77dcc14e006280e3c6fc78716aa1906045a9fbab3669baba4e1d85,24290201937affbe43876f1d564dfe61d03a696020830ae6162283c7e05e96db
sample,dense_crlf-65536,117,1656106,262151,8,dc2d5f78bd77dcc14e006280e3c6fc78716aa1906045a9fbab3669baba4e1d85,24290201937affbe43876f1d564dfe61d03a696020830ae6162283c7e05e96db
sample,dense_crlf-65536,118,1666387,262151,8,dc2d5f78bd77dcc14e006280e3c6fc78716aa1906045a9fbab3669baba4e1d85,24290201937affbe43876f1d564dfe61d03a696020830ae6162283c7e05e96db
sample,dense_crlf-65536,119,1652966,262151,8,dc2d5f78bd77dcc14e006280e3c6fc78716aa1906045a9fbab3669baba4e1d85,24290201937affbe43876f1d564dfe61d03a696020830ae6162283c7e05e96db
sample,dense_crlf-65536,120,1663186,262151,8,dc2d5f78bd77dcc14e006280e3c6fc78716aa1906045a9fbab3669baba4e1d85,24290201937affbe43876f1d564dfe61d03a696020830ae6162283c7e05e96db
sample,dense_crlf-65536,121,1652436,262151,8,dc2d5f78bd77dcc14e006280e3c6fc78716aa1906045a9fbab3669baba4e1d85,24290201937affbe43876f1d564dfe61d03a696020830ae6162283c7e05e96db
sample,dense_crlf-65536,122,1661866,262151,8,dc2d5f78bd77dcc14e006280e3c6fc78716aa1906045a9fbab3669baba4e1d85,24290201937affbe43876f1d564dfe61d03a696020830ae6162283c7e05e96db
sample,dense_crlf-65536,123,1656076,262151,8,dc2d5f78bd77dcc14e006280e3c6fc78716aa1906045a9fbab3669baba4e1d85,24290201937affbe43876f1d564dfe61d03a696020830ae6162283c7e05e96db
sample,dense_crlf-65536,124,1652336,262151,8,dc2d5f78bd77dcc14e006280e3c6fc78716aa1906045a9fbab3669baba4e1d85,24290201937affbe43876f1d564dfe61d03a696020830ae6162283c7e05e96db
sample,dense_crlf-65536,125,1663577,262151,8,dc2d5f78bd77dcc14e006280e3c6fc78716aa1906045a9fbab3669baba4e1d85,24290201937affbe43876f1d564dfe61d03a696020830ae6162283c7e05e96db
sample,dense_crlf-65536,126,1660096,262151,8,dc2d5f78bd77dcc14e006280e3c6fc78716aa1906045a9fbab3669baba4e1d85,24290201937affbe43876f1d564dfe61d03a696020830ae6162283c7e05e96db
sample,dense_crlf-65536,127,1666576,262151,8,dc2d5f78bd77dcc14e006280e3c6fc78716aa1906045a9fbab3669baba4e1d85,24290201937affbe43876f1d564dfe61d03a696020830ae6162283c7e05e96db
sample,dense_crlf-65536,128,1662606,262151,8,dc2d5f78bd77dcc14e006280e3c6fc78716aa1906045a9fbab3669baba4e1d85,24290201937affbe43876f1d564dfe61d03a696020830ae6162283c7e05e96db
sample,dense_crlf-65536,129,1658656,262151,8,dc2d5f78bd77dcc14e006280e3c6fc78716aa1906045a9fbab3669baba4e1d85,24290201937affbe43876f1d564dfe61d03a696020830ae6162283c7e05e96db
sample,dense_crlf-65536,130,1656336,262151,8,dc2d5f78bd77dcc14e006280e3c6fc78716aa1906045a9fbab3669baba4e1d85,24290201937affbe43876f1d564dfe61d03a696020830ae6162283c7e05e96db
sample,dense_crlf-65536,131,1656966,262151,8,dc2d5f78bd77dcc14e006280e3c6fc78716aa1906045a9fbab3669baba4e1d85,24290201937affbe43876f1d564dfe61d03a696020830ae6162283c7e05e96db
sample,dense_crlf-65536,132,1663157,262151,8,dc2d5f78bd77dcc14e006280e3c6fc78716aa1906045a9fbab3669baba4e1d85,24290201937affbe43876f1d564dfe61d03a696020830ae6162283c7e05e96db
sample,dense_crlf-65536,133,1653896,262151,8,dc2d5f78bd77dcc14e006280e3c6fc78716aa1906045a9fbab3669baba4e1d85,24290201937affbe43876f1d564dfe61d03a696020830ae6162283c7e05e96db
sample,dense_crlf-65536,134,1665176,262151,8,dc2d5f78bd77dcc14e006280e3c6fc78716aa1906045a9fbab3669baba4e1d85,24290201937affbe43876f1d564dfe61d03a696020830ae6162283c7e05e96db
sample,dense_crlf-65536,135,1658376,262151,8,dc2d5f78bd77dcc14e006280e3c6fc78716aa1906045a9fbab3669baba4e1d85,24290201937affbe43876f1d564dfe61d03a696020830ae6162283c7e05e96db
sample,dense_crlf-65536,136,1653926,262151,8,dc2d5f78bd77dcc14e006280e3c6fc78716aa1906045a9fbab3669baba4e1d85,24290201937affbe43876f1d564dfe61d03a696020830ae6162283c7e05e96db
sample,dense_crlf-65536,137,1668586,262151,8,dc2d5f78bd77dcc14e006280e3c6fc78716aa1906045a9fbab3669baba4e1d85,24290201937affbe43876f1d564dfe61d03a696020830ae6162283c7e05e96db
sample,dense_crlf-65536,138,1657756,262151,8,dc2d5f78bd77dcc14e006280e3c6fc78716aa1906045a9fbab3669baba4e1d85,24290201937affbe43876f1d564dfe61d03a696020830ae6162283c7e05e96db
sample,dense_crlf-65536,139,1656747,262151,8,dc2d5f78bd77dcc14e006280e3c6fc78716aa1906045a9fbab3669baba4e1d85,24290201937affbe43876f1d564dfe61d03a696020830ae6162283c7e05e96db
sample,dense_crlf-65536,140,1665286,262151,8,dc2d5f78bd77dcc14e006280e3c6fc78716aa1906045a9fbab3669baba4e1d85,24290201937affbe43876f1d564dfe61d03a696020830ae6162283c7e05e96db
sample,dense_crlf-65536,141,1656056,262151,8,dc2d5f78bd77dcc14e006280e3c6fc78716aa1906045a9fbab3669baba4e1d85,24290201937affbe43876f1d564dfe61d03a696020830ae6162283c7e05e96db
sample,dense_crlf-65536,142,1654316,262151,8,dc2d5f78bd77dcc14e006280e3c6fc78716aa1906045a9fbab3669baba4e1d85,24290201937affbe43876f1d564dfe61d03a696020830ae6162283c7e05e96db
sample,dense_crlf-65536,143,1658716,262151,8,dc2d5f78bd77dcc14e006280e3c6fc78716aa1906045a9fbab3669baba4e1d85,24290201937affbe43876f1d564dfe61d03a696020830ae6162283c7e05e96db
sample,dense_crlf-65536,144,1665396,262151,8,dc2d5f78bd77dcc14e006280e3c6fc78716aa1906045a9fbab3669baba4e1d85,24290201937affbe43876f1d564dfe61d03a696020830ae6162283c7e05e96db
sample,dense_crlf-65536,145,1656546,262151,8,dc2d5f78bd77dcc14e006280e3c6fc78716aa1906045a9fbab3669baba4e1d85,24290201937affbe43876f1d564dfe61d03a696020830ae6162283c7e05e96db
sample,dense_crlf-65536,146,1664107,262151,8,dc2d5f78bd77dcc14e006280e3c6fc78716aa1906045a9fbab3669baba4e1d85,24290201937affbe43876f1d564dfe61d03a696020830ae6162283c7e05e96db
sample,dense_crlf-65536,147,1662846,262151,8,dc2d5f78bd77dcc14e006280e3c6fc78716aa1906045a9fbab3669baba4e1d85,24290201937affbe43876f1d564dfe61d03a696020830ae6162283c7e05e96db
sample,dense_crlf-65536,148,1652096,262151,8,dc2d5f78bd77dcc14e006280e3c6fc78716aa1906045a9fbab3669baba4e1d85,24290201937affbe43876f1d564dfe61d03a696020830ae6162283c7e05e96db
sample,dense_crlf-65536,149,1661736,262151,8,dc2d5f78bd77dcc14e006280e3c6fc78716aa1906045a9fbab3669baba4e1d85,24290201937affbe43876f1d564dfe61d03a696020830ae6162283c7e05e96db
sample,dense_crlf-65536,150,1663526,262151,8,dc2d5f78bd77dcc14e006280e3c6fc78716aa1906045a9fbab3669baba4e1d85,24290201937affbe43876f1d564dfe61d03a696020830ae6162283c7e05e96db
sample,dense_crlf-65536,151,1660646,262151,8,dc2d5f78bd77dcc14e006280e3c6fc78716aa1906045a9fbab3669baba4e1d85,24290201937affbe43876f1d564dfe61d03a696020830ae6162283c7e05e96db
sample,dense_crlf-65536,152,1658886,262151,8,dc2d5f78bd77dcc14e006280e3c6fc78716aa1906045a9fbab3669baba4e1d85,24290201937affbe43876f1d564dfe61d03a696020830ae6162283c7e05e96db
sample,dense_crlf-65536,153,1659847,262151,8,dc2d5f78bd77dcc14e006280e3c6fc78716aa1906045a9fbab3669baba4e1d85,24290201937affbe43876f1d564dfe61d03a696020830ae6162283c7e05e96db
sample,dense_crlf-65536,154,1656946,262151,8,dc2d5f78bd77dcc14e006280e3c6fc78716aa1906045a9fbab3669baba4e1d85,24290201937affbe43876f1d564dfe61d03a696020830ae6162283c7e05e96db
sample,dense_crlf-65536,155,1663456,262151,8,dc2d5f78bd77dcc14e006280e3c6fc78716aa1906045a9fbab3669baba4e1d85,24290201937affbe43876f1d564dfe61d03a696020830ae6162283c7e05e96db
sample,dense_crlf-65536,156,1663506,262151,8,dc2d5f78bd77dcc14e006280e3c6fc78716aa1906045a9fbab3669baba4e1d85,24290201937affbe43876f1d564dfe61d03a696020830ae6162283c7e05e96db
sample,dense_crlf-65536,157,1653016,262151,8,dc2d5f78bd77dcc14e006280e3c6fc78716aa1906045a9fbab3669baba4e1d85,24290201937affbe43876f1d564dfe61d03a696020830ae6162283c7e05e96db
sample,dense_crlf-65536,158,1661656,262151,8,dc2d5f78bd77dcc14e006280e3c6fc78716aa1906045a9fbab3669baba4e1d85,24290201937affbe43876f1d564dfe61d03a696020830ae6162283c7e05e96db
sample,dense_crlf-65536,159,1662996,262151,8,dc2d5f78bd77dcc14e006280e3c6fc78716aa1906045a9fbab3669baba4e1d85,24290201937affbe43876f1d564dfe61d03a696020830ae6162283c7e05e96db
sample,dense_crlf-65536,160,1653517,262151,8,dc2d5f78bd77dcc14e006280e3c6fc78716aa1906045a9fbab3669baba4e1d85,24290201937affbe43876f1d564dfe61d03a696020830ae6162283c7e05e96db
sample,dense_crlf-65536,161,1664206,262151,8,dc2d5f78bd77dcc14e006280e3c6fc78716aa1906045a9fbab3669baba4e1d85,24290201937affbe43876f1d564dfe61d03a696020830ae6162283c7e05e96db
sample,dense_crlf-65536,162,1658776,262151,8,dc2d5f78bd77dcc14e006280e3c6fc78716aa1906045a9fbab3669baba4e1d85,24290201937affbe43876f1d564dfe61d03a696020830ae6162283c7e05e96db
sample,dense_crlf-65536,163,1657096,262151,8,dc2d5f78bd77dcc14e006280e3c6fc78716aa1906045a9fbab3669baba4e1d85,24290201937affbe43876f1d564dfe61d03a696020830ae6162283c7e05e96db
sample,dense_crlf-65536,164,1664156,262151,8,dc2d5f78bd77dcc14e006280e3c6fc78716aa1906045a9fbab3669baba4e1d85,24290201937affbe43876f1d564dfe61d03a696020830ae6162283c7e05e96db
sample,dense_crlf-65536,165,1656546,262151,8,dc2d5f78bd77dcc14e006280e3c6fc78716aa1906045a9fbab3669baba4e1d85,24290201937affbe43876f1d564dfe61d03a696020830ae6162283c7e05e96db
sample,dense_crlf-65536,166,1658576,262151,8,dc2d5f78bd77dcc14e006280e3c6fc78716aa1906045a9fbab3669baba4e1d85,24290201937affbe43876f1d564dfe61d03a696020830ae6162283c7e05e96db
sample,dense_crlf-65536,167,1659757,262151,8,dc2d5f78bd77dcc14e006280e3c6fc78716aa1906045a9fbab3669baba4e1d85,24290201937affbe43876f1d564dfe61d03a696020830ae6162283c7e05e96db
sample,dense_crlf-65536,168,1665636,262151,8,dc2d5f78bd77dcc14e006280e3c6fc78716aa1906045a9fbab3669baba4e1d85,24290201937affbe43876f1d564dfe61d03a696020830ae6162283c7e05e96db
sample,dense_crlf-65536,169,1654826,262151,8,dc2d5f78bd77dcc14e006280e3c6fc78716aa1906045a9fbab3669baba4e1d85,24290201937affbe43876f1d564dfe61d03a696020830ae6162283c7e05e96db
sample,dense_crlf-65536,170,1658386,262151,8,dc2d5f78bd77dcc14e006280e3c6fc78716aa1906045a9fbab3669baba4e1d85,24290201937affbe43876f1d564dfe61d03a696020830ae6162283c7e05e96db
sample,dense_crlf-65536,171,1659366,262151,8,dc2d5f78bd77dcc14e006280e3c6fc78716aa1906045a9fbab3669baba4e1d85,24290201937affbe43876f1d564dfe61d03a696020830ae6162283c7e05e96db
sample,dense_crlf-65536,172,1656096,262151,8,dc2d5f78bd77dcc14e006280e3c6fc78716aa1906045a9fbab3669baba4e1d85,24290201937affbe43876f1d564dfe61d03a696020830ae6162283c7e05e96db
sample,dense_crlf-65536,173,1664986,262151,8,dc2d5f78bd77dcc14e006280e3c6fc78716aa1906045a9fbab3669baba4e1d85,24290201937affbe43876f1d564dfe61d03a696020830ae6162283c7e05e96db
sample,dense_crlf-65536,174,1661557,262151,8,dc2d5f78bd77dcc14e006280e3c6fc78716aa1906045a9fbab3669baba4e1d85,24290201937affbe43876f1d564dfe61d03a696020830ae6162283c7e05e96db
sample,dense_crlf-65536,175,1658136,262151,8,dc2d5f78bd77dcc14e006280e3c6fc78716aa1906045a9fbab3669baba4e1d85,24290201937affbe43876f1d564dfe61d03a696020830ae6162283c7e05e96db
sample,dense_crlf-65536,176,1662566,262151,8,dc2d5f78bd77dcc14e006280e3c6fc78716aa1906045a9fbab3669baba4e1d85,24290201937affbe43876f1d564dfe61d03a696020830ae6162283c7e05e96db
sample,dense_crlf-65536,177,1656966,262151,8,dc2d5f78bd77dcc14e006280e3c6fc78716aa1906045a9fbab3669baba4e1d85,24290201937affbe43876f1d564dfe61d03a696020830ae6162283c7e05e96db
sample,dense_crlf-65536,178,1662546,262151,8,dc2d5f78bd77dcc14e006280e3c6fc78716aa1906045a9fbab3669baba4e1d85,24290201937affbe43876f1d564dfe61d03a696020830ae6162283c7e05e96db
sample,dense_crlf-65536,179,1656336,262151,8,dc2d5f78bd77dcc14e006280e3c6fc78716aa1906045a9fbab3669baba4e1d85,24290201937affbe43876f1d564dfe61d03a696020830ae6162283c7e05e96db
sample,dense_crlf-65536,180,1661476,262151,8,dc2d5f78bd77dcc14e006280e3c6fc78716aa1906045a9fbab3669baba4e1d85,24290201937affbe43876f1d564dfe61d03a696020830ae6162283c7e05e96db
sample,dense_crlf-65536,181,1649917,262151,8,dc2d5f78bd77dcc14e006280e3c6fc78716aa1906045a9fbab3669baba4e1d85,24290201937affbe43876f1d564dfe61d03a696020830ae6162283c7e05e96db
sample,dense_crlf-65536,182,1659976,262151,8,dc2d5f78bd77dcc14e006280e3c6fc78716aa1906045a9fbab3669baba4e1d85,24290201937affbe43876f1d564dfe61d03a696020830ae6162283c7e05e96db
sample,dense_crlf-65536,183,1663346,262151,8,dc2d5f78bd77dcc14e006280e3c6fc78716aa1906045a9fbab3669baba4e1d85,24290201937affbe43876f1d564dfe61d03a696020830ae6162283c7e05e96db
sample,dense_crlf-65536,184,1651956,262151,8,dc2d5f78bd77dcc14e006280e3c6fc78716aa1906045a9fbab3669baba4e1d85,24290201937affbe43876f1d564dfe61d03a696020830ae6162283c7e05e96db
sample,dense_crlf-65536,185,1660996,262151,8,dc2d5f78bd77dcc14e006280e3c6fc78716aa1906045a9fbab3669baba4e1d85,24290201937affbe43876f1d564dfe61d03a696020830ae6162283c7e05e96db
sample,dense_crlf-65536,186,1659706,262151,8,dc2d5f78bd77dcc14e006280e3c6fc78716aa1906045a9fbab3669baba4e1d85,24290201937affbe43876f1d564dfe61d03a696020830ae6162283c7e05e96db
sample,dense_crlf-65536,187,1656536,262151,8,dc2d5f78bd77dcc14e006280e3c6fc78716aa1906045a9fbab3669baba4e1d85,24290201937affbe43876f1d564dfe61d03a696020830ae6162283c7e05e96db
sample,dense_crlf-65536,188,1658627,262151,8,dc2d5f78bd77dcc14e006280e3c6fc78716aa1906045a9fbab3669baba4e1d85,24290201937affbe43876f1d564dfe61d03a696020830ae6162283c7e05e96db
sample,dense_crlf-65536,189,1668896,262151,8,dc2d5f78bd77dcc14e006280e3c6fc78716aa1906045a9fbab3669baba4e1d85,24290201937affbe43876f1d564dfe61d03a696020830ae6162283c7e05e96db
sample,dense_crlf-65536,190,1655426,262151,8,dc2d5f78bd77dcc14e006280e3c6fc78716aa1906045a9fbab3669baba4e1d85,24290201937affbe43876f1d564dfe61d03a696020830ae6162283c7e05e96db
sample,dense_crlf-65536,191,1656846,262151,8,dc2d5f78bd77dcc14e006280e3c6fc78716aa1906045a9fbab3669baba4e1d85,24290201937affbe43876f1d564dfe61d03a696020830ae6162283c7e05e96db
sample,dense_crlf-65536,192,1659806,262151,8,dc2d5f78bd77dcc14e006280e3c6fc78716aa1906045a9fbab3669baba4e1d85,24290201937affbe43876f1d564dfe61d03a696020830ae6162283c7e05e96db
sample,dense_crlf-65536,193,1651886,262151,8,dc2d5f78bd77dcc14e006280e3c6fc78716aa1906045a9fbab3669baba4e1d85,24290201937affbe43876f1d564dfe61d03a696020830ae6162283c7e05e96db
sample,dense_crlf-65536,194,1661886,262151,8,dc2d5f78bd77dcc14e006280e3c6fc78716aa1906045a9fbab3669baba4e1d85,24290201937affbe43876f1d564dfe61d03a696020830ae6162283c7e05e96db
sample,dense_crlf-65536,195,1659786,262151,8,dc2d5f78bd77dcc14e006280e3c6fc78716aa1906045a9fbab3669baba4e1d85,24290201937affbe43876f1d564dfe61d03a696020830ae6162283c7e05e96db
sample,dense_crlf-65536,196,1653487,262151,8,dc2d5f78bd77dcc14e006280e3c6fc78716aa1906045a9fbab3669baba4e1d85,24290201937affbe43876f1d564dfe61d03a696020830ae6162283c7e05e96db
sample,dense_crlf-65536,197,1661066,262151,8,dc2d5f78bd77dcc14e006280e3c6fc78716aa1906045a9fbab3669baba4e1d85,24290201937affbe43876f1d564dfe61d03a696020830ae6162283c7e05e96db
sample,dense_crlf-65536,198,1652186,262151,8,dc2d5f78bd77dcc14e006280e3c6fc78716aa1906045a9fbab3669baba4e1d85,24290201937affbe43876f1d564dfe61d03a696020830ae6162283c7e05e96db
sample,dense_crlf-65536,199,1661896,262151,8,dc2d5f78bd77dcc14e006280e3c6fc78716aa1906045a9fbab3669baba4e1d85,24290201937affbe43876f1d564dfe61d03a696020830ae6162283c7e05e96db
sample,dense_crlf-65536,200,1664016,262151,8,dc2d5f78bd77dcc14e006280e3c6fc78716aa1906045a9fbab3669baba4e1d85,24290201937affbe43876f1d564dfe61d03a696020830ae6162283c7e05e96db
sample,dense_crlf-65536,201,1652666,262151,8,dc2d5f78bd77dcc14e006280e3c6fc78716aa1906045a9fbab3669baba4e1d85,24290201937affbe43876f1d564dfe61d03a696020830ae6162283c7e05e96db
sample,dense_crlf-65536,202,1664656,262151,8,dc2d5f78bd77dcc14e006280e3c6fc78716aa1906045a9fbab3669baba4e1d85,24290201937affbe43876f1d564dfe61d03a696020830ae6162283c7e05e96db
sample,dense_crlf-65536,203,1657267,262151,8,dc2d5f78bd77dcc14e006280e3c6fc78716aa1906045a9fbab3669baba4e1d85,24290201937affbe43876f1d564dfe61d03a696020830ae6162283c7e05e96db
sample,dense_crlf-65536,204,1662436,262151,8,dc2d5f78bd77dcc14e006280e3c6fc78716aa1906045a9fbab3669baba4e1d85,24290201937affbe43876f1d564dfe61d03a696020830ae6162283c7e05e96db
sample,dense_crlf-65536,205,1657696,262151,8,dc2d5f78bd77dcc14e006280e3c6fc78716aa1906045a9fbab3669baba4e1d85,24290201937affbe43876f1d564dfe61d03a696020830ae6162283c7e05e96db
sample,dense_crlf-65536,206,1656226,262151,8,dc2d5f78bd77dcc14e006280e3c6fc78716aa1906045a9fbab3669baba4e1d85,24290201937affbe43876f1d564dfe61d03a696020830ae6162283c7e05e96db
sample,dense_crlf-65536,207,1655186,262151,8,dc2d5f78bd77dcc14e006280e3c6fc78716aa1906045a9fbab3669baba4e1d85,24290201937affbe43876f1d564dfe61d03a696020830ae6162283c7e05e96db
sample,dense_crlf-65536,208,1660926,262151,8,dc2d5f78bd77dcc14e006280e3c6fc78716aa1906045a9fbab3669baba4e1d85,24290201937affbe43876f1d564dfe61d03a696020830ae6162283c7e05e96db
sample,dense_crlf-65536,209,1667767,262151,8,dc2d5f78bd77dcc14e006280e3c6fc78716aa1906045a9fbab3669baba4e1d85,24290201937affbe43876f1d564dfe61d03a696020830ae6162283c7e05e96db
sample,dense_crlf-65536,210,1659356,262151,8,dc2d5f78bd77dcc14e006280e3c6fc78716aa1906045a9fbab3669baba4e1d85,24290201937affbe43876f1d564dfe61d03a696020830ae6162283c7e05e96db
sample,dense_crlf-65536,211,1668556,262151,8,dc2d5f78bd77dcc14e006280e3c6fc78716aa1906045a9fbab3669baba4e1d85,24290201937affbe43876f1d564dfe61d03a696020830ae6162283c7e05e96db
sample,dense_crlf-65536,212,1656966,262151,8,dc2d5f78bd77dcc14e006280e3c6fc78716aa1906045a9fbab3669baba4e1d85,24290201937affbe43876f1d564dfe61d03a696020830ae6162283c7e05e96db
sample,dense_crlf-65536,213,1660566,262151,8,dc2d5f78bd77dcc14e006280e3c6fc78716aa1906045a9fbab3669baba4e1d85,24290201937affbe43876f1d564dfe61d03a696020830ae6162283c7e05e96db
sample,dense_crlf-65536,214,1667276,262151,8,dc2d5f78bd77dcc14e006280e3c6fc78716aa1906045a9fbab3669baba4e1d85,24290201937affbe43876f1d564dfe61d03a696020830ae6162283c7e05e96db
sample,dense_crlf-65536,215,1660006,262151,8,dc2d5f78bd77dcc14e006280e3c6fc78716aa1906045a9fbab3669baba4e1d85,24290201937affbe43876f1d564dfe61d03a696020830ae6162283c7e05e96db
sample,dense_crlf-65536,216,1653256,262151,8,dc2d5f78bd77dcc14e006280e3c6fc78716aa1906045a9fbab3669baba4e1d85,24290201937affbe43876f1d564dfe61d03a696020830ae6162283c7e05e96db
sample,dense_crlf-65536,217,1667457,262151,8,dc2d5f78bd77dcc14e006280e3c6fc78716aa1906045a9fbab3669baba4e1d85,24290201937affbe43876f1d564dfe61d03a696020830ae6162283c7e05e96db
sample,dense_crlf-65536,218,1662536,262151,8,dc2d5f78bd77dcc14e006280e3c6fc78716aa1906045a9fbab3669baba4e1d85,24290201937affbe43876f1d564dfe61d03a696020830ae6162283c7e05e96db
sample,dense_crlf-65536,219,1657946,262151,8,dc2d5f78bd77dcc14e006280e3c6fc78716aa1906045a9fbab3669baba4e1d85,24290201937affbe43876f1d564dfe61d03a696020830ae6162283c7e05e96db
sample,dense_crlf-65536,220,1657546,262151,8,dc2d5f78bd77dcc14e006280e3c6fc78716aa1906045a9fbab3669baba4e1d85,24290201937affbe43876f1d564dfe61d03a696020830ae6162283c7e05e96db
sample,dense_crlf-65536,221,1665956,262151,8,dc2d5f78bd77dcc14e006280e3c6fc78716aa1906045a9fbab3669baba4e1d85,24290201937affbe43876f1d564dfe61d03a696020830ae6162283c7e05e96db
sample,dense_crlf-65536,222,1653506,262151,8,dc2d5f78bd77dcc14e006280e3c6fc78716aa1906045a9fbab3669baba4e1d85,24290201937affbe43876f1d564dfe61d03a696020830ae6162283c7e05e96db
sample,dense_crlf-65536,223,1667977,262151,8,dc2d5f78bd77dcc14e006280e3c6fc78716aa1906045a9fbab3669baba4e1d85,24290201937affbe43876f1d564dfe61d03a696020830ae6162283c7e05e96db
sample,dense_crlf-65536,224,1663666,262151,8,dc2d5f78bd77dcc14e006280e3c6fc78716aa1906045a9fbab3669baba4e1d85,24290201937affbe43876f1d564dfe61d03a696020830ae6162283c7e05e96db
sample,dense_crlf-65536,225,1657246,262151,8,dc2d5f78bd77dcc14e006280e3c6fc78716aa1906045a9fbab3669baba4e1d85,24290201937affbe43876f1d564dfe61d03a696020830ae6162283c7e05e96db
sample,dense_crlf-65536,226,1661656,262151,8,dc2d5f78bd77dcc14e006280e3c6fc78716aa1906045a9fbab3669baba4e1d85,24290201937affbe43876f1d564dfe61d03a696020830ae6162283c7e05e96db
sample,dense_crlf-65536,227,1662716,262151,8,dc2d5f78bd77dcc14e006280e3c6fc78716aa1906045a9fbab3669baba4e1d85,24290201937affbe43876f1d564dfe61d03a696020830ae6162283c7e05e96db
sample,dense_crlf-65536,228,1661546,262151,8,dc2d5f78bd77dcc14e006280e3c6fc78716aa1906045a9fbab3669baba4e1d85,24290201937affbe43876f1d564dfe61d03a696020830ae6162283c7e05e96db
sample,dense_crlf-65536,229,1663666,262151,8,dc2d5f78bd77dcc14e006280e3c6fc78716aa1906045a9fbab3669baba4e1d85,24290201937affbe43876f1d564dfe61d03a696020830ae6162283c7e05e96db
sample,dense_crlf-65536,230,1658667,262151,8,dc2d5f78bd77dcc14e006280e3c6fc78716aa1906045a9fbab3669baba4e1d85,24290201937affbe43876f1d564dfe61d03a696020830ae6162283c7e05e96db
sample,dense_crlf-65536,231,1659066,262151,8,dc2d5f78bd77dcc14e006280e3c6fc78716aa1906045a9fbab3669baba4e1d85,24290201937affbe43876f1d564dfe61d03a696020830ae6162283c7e05e96db
sample,dense_crlf-65536,232,1658516,262151,8,dc2d5f78bd77dcc14e006280e3c6fc78716aa1906045a9fbab3669baba4e1d85,24290201937affbe43876f1d564dfe61d03a696020830ae6162283c7e05e96db
sample,dense_crlf-65536,233,1664256,262151,8,dc2d5f78bd77dcc14e006280e3c6fc78716aa1906045a9fbab3669baba4e1d85,24290201937affbe43876f1d564dfe61d03a696020830ae6162283c7e05e96db
sample,dense_crlf-65536,234,1657556,262151,8,dc2d5f78bd77dcc14e006280e3c6fc78716aa1906045a9fbab3669baba4e1d85,24290201937affbe43876f1d564dfe61d03a696020830ae6162283c7e05e96db
sample,dense_crlf-65536,235,1663066,262151,8,dc2d5f78bd77dcc14e006280e3c6fc78716aa1906045a9fbab3669baba4e1d85,24290201937affbe43876f1d564dfe61d03a696020830ae6162283c7e05e96db
sample,dense_crlf-65536,236,1665747,262151,8,dc2d5f78bd77dcc14e006280e3c6fc78716aa1906045a9fbab3669baba4e1d85,24290201937affbe43876f1d564dfe61d03a696020830ae6162283c7e05e96db
sample,dense_crlf-65536,237,1653006,262151,8,dc2d5f78bd77dcc14e006280e3c6fc78716aa1906045a9fbab3669baba4e1d85,24290201937affbe43876f1d564dfe61d03a696020830ae6162283c7e05e96db
sample,dense_crlf-65536,238,1661426,262151,8,dc2d5f78bd77dcc14e006280e3c6fc78716aa1906045a9fbab3669baba4e1d85,24290201937affbe43876f1d564dfe61d03a696020830ae6162283c7e05e96db
sample,dense_crlf-65536,239,1658766,262151,8,dc2d5f78bd77dcc14e006280e3c6fc78716aa1906045a9fbab3669baba4e1d85,24290201937affbe43876f1d564dfe61d03a696020830ae6162283c7e05e96db
sample,dense_crlf-65536,240,1656636,262151,8,dc2d5f78bd77dcc14e006280e3c6fc78716aa1906045a9fbab3669baba4e1d85,24290201937affbe43876f1d564dfe61d03a696020830ae6162283c7e05e96db
sample,dense_crlf-65536,241,1660686,262151,8,dc2d5f78bd77dcc14e006280e3c6fc78716aa1906045a9fbab3669baba4e1d85,24290201937affbe43876f1d564dfe61d03a696020830ae6162283c7e05e96db
sample,dense_crlf-65536,242,1660616,262151,8,dc2d5f78bd77dcc14e006280e3c6fc78716aa1906045a9fbab3669baba4e1d85,24290201937affbe43876f1d564dfe61d03a696020830ae6162283c7e05e96db
sample,dense_crlf-65536,243,1658987,262151,8,dc2d5f78bd77dcc14e006280e3c6fc78716aa1906045a9fbab3669baba4e1d85,24290201937affbe43876f1d564dfe61d03a696020830ae6162283c7e05e96db
sample,dense_crlf-65536,244,1660506,262151,8,dc2d5f78bd77dcc14e006280e3c6fc78716aa1906045a9fbab3669baba4e1d85,24290201937affbe43876f1d564dfe61d03a696020830ae6162283c7e05e96db
sample,dense_crlf-65536,245,1665516,262151,8,dc2d5f78bd77dcc14e006280e3c6fc78716aa1906045a9fbab3669baba4e1d85,24290201937affbe43876f1d564dfe61d03a696020830ae6162283c7e05e96db
sample,dense_crlf-65536,246,1652596,262151,8,dc2d5f78bd77dcc14e006280e3c6fc78716aa1906045a9fbab3669baba4e1d85,24290201937affbe43876f1d564dfe61d03a696020830ae6162283c7e05e96db
sample,dense_crlf-65536,247,1660886,262151,8,dc2d5f78bd77dcc14e006280e3c6fc78716aa1906045a9fbab3669baba4e1d85,24290201937affbe43876f1d564dfe61d03a696020830ae6162283c7e05e96db
sample,dense_crlf-65536,248,1664766,262151,8,dc2d5f78bd77dcc14e006280e3c6fc78716aa1906045a9fbab3669baba4e1d85,24290201937affbe43876f1d564dfe61d03a696020830ae6162283c7e05e96db
sample,dense_crlf-65536,249,1653646,262151,8,dc2d5f78bd77dcc14e006280e3c6fc78716aa1906045a9fbab3669baba4e1d85,24290201937affbe43876f1d564dfe61d03a696020830ae6162283c7e05e96db
sample,dense_crlf-65536,250,1663186,262151,8,dc2d5f78bd77dcc14e006280e3c6fc78716aa1906045a9fbab3669baba4e1d85,24290201937affbe43876f1d564dfe61d03a696020830ae6162283c7e05e96db
sample,dense_crlf-65536,251,1660727,262151,8,dc2d5f78bd77dcc14e006280e3c6fc78716aa1906045a9fbab3669baba4e1d85,24290201937affbe43876f1d564dfe61d03a696020830ae6162283c7e05e96db
sample,dense_crlf-65536,252,1660326,262151,8,dc2d5f78bd77dcc14e006280e3c6fc78716aa1906045a9fbab3669baba4e1d85,24290201937affbe43876f1d564dfe61d03a696020830ae6162283c7e05e96db
sample,dense_crlf-65536,253,1657966,262151,8,dc2d5f78bd77dcc14e006280e3c6fc78716aa1906045a9fbab3669baba4e1d85,24290201937affbe43876f1d564dfe61d03a696020830ae6162283c7e05e96db
sample,dense_crlf-65536,254,1663336,262151,8,dc2d5f78bd77dcc14e006280e3c6fc78716aa1906045a9fbab3669baba4e1d85,24290201937affbe43876f1d564dfe61d03a696020830ae6162283c7e05e96db
sample,dense_crlf-65536,255,1658406,262151,8,dc2d5f78bd77dcc14e006280e3c6fc78716aa1906045a9fbab3669baba4e1d85,24290201937affbe43876f1d564dfe61d03a696020830ae6162283c7e05e96db
sample,dense_crlf-65536,256,1661696,262151,8,dc2d5f78bd77dcc14e006280e3c6fc78716aa1906045a9fbab3669baba4e1d85,24290201937affbe43876f1d564dfe61d03a696020830ae6162283c7e05e96db
sample,dense_crlf-65536,257,1667337,262151,8,dc2d5f78bd77dcc14e006280e3c6fc78716aa1906045a9fbab3669baba4e1d85,24290201937affbe43876f1d564dfe61d03a696020830ae6162283c7e05e96db
sample,dense_crlf-65536,258,1655866,262151,8,dc2d5f78bd77dcc14e006280e3c6fc78716aa1906045a9fbab3669baba4e1d85,24290201937affbe43876f1d564dfe61d03a696020830ae6162283c7e05e96db
sample,dense_crlf-65536,259,1657236,262151,8,dc2d5f78bd77dcc14e006280e3c6fc78716aa1906045a9fbab3669baba4e1d85,24290201937affbe43876f1d564dfe61d03a696020830ae6162283c7e05e96db
sample,dense_crlf-65536,260,1666116,262151,8,dc2d5f78bd77dcc14e006280e3c6fc78716aa1906045a9fbab3669baba4e1d85,24290201937affbe43876f1d564dfe61d03a696020830ae6162283c7e05e96db
sample,dense_crlf-65536,261,1654066,262151,8,dc2d5f78bd77dcc14e006280e3c6fc78716aa1906045a9fbab3669baba4e1d85,24290201937affbe43876f1d564dfe61d03a696020830ae6162283c7e05e96db
sample,dense_crlf-65536,262,1663886,262151,8,dc2d5f78bd77dcc14e006280e3c6fc78716aa1906045a9fbab3669baba4e1d85,24290201937affbe43876f1d564dfe61d03a696020830ae6162283c7e05e96db
sample,dense_crlf-65536,263,1668546,262151,8,dc2d5f78bd77dcc14e006280e3c6fc78716aa1906045a9fbab3669baba4e1d85,24290201937affbe43876f1d564dfe61d03a696020830ae6162283c7e05e96db
sample,dense_crlf-65536,264,1659467,262151,8,dc2d5f78bd77dcc14e006280e3c6fc78716aa1906045a9fbab3669baba4e1d85,24290201937affbe43876f1d564dfe61d03a696020830ae6162283c7e05e96db
sample,dense_crlf-65536,265,1656606,262151,8,dc2d5f78bd77dcc14e006280e3c6fc78716aa1906045a9fbab3669baba4e1d85,24290201937affbe43876f1d564dfe61d03a696020830ae6162283c7e05e96db
sample,dense_crlf-65536,266,1661816,262151,8,dc2d5f78bd77dcc14e006280e3c6fc78716aa1906045a9fbab3669baba4e1d85,24290201937affbe43876f1d564dfe61d03a696020830ae6162283c7e05e96db
sample,dense_crlf-65536,267,1657966,262151,8,dc2d5f78bd77dcc14e006280e3c6fc78716aa1906045a9fbab3669baba4e1d85,24290201937affbe43876f1d564dfe61d03a696020830ae6162283c7e05e96db
sample,dense_crlf-65536,268,1660136,262151,8,dc2d5f78bd77dcc14e006280e3c6fc78716aa1906045a9fbab3669baba4e1d85,24290201937affbe43876f1d564dfe61d03a696020830ae6162283c7e05e96db
sample,dense_crlf-65536,269,1662236,262151,8,dc2d5f78bd77dcc14e006280e3c6fc78716aa1906045a9fbab3669baba4e1d85,24290201937affbe43876f1d564dfe61d03a696020830ae6162283c7e05e96db
sample,dense_crlf-65536,270,1657636,262151,8,dc2d5f78bd77dcc14e006280e3c6fc78716aa1906045a9fbab3669baba4e1d85,24290201937affbe43876f1d564dfe61d03a696020830ae6162283c7e05e96db
sample,dense_crlf-65536,271,1657247,262151,8,dc2d5f78bd77dcc14e006280e3c6fc78716aa1906045a9fbab3669baba4e1d85,24290201937affbe43876f1d564dfe61d03a696020830ae6162283c7e05e96db
sample,dense_crlf-65536,272,1663366,262151,8,dc2d5f78bd77dcc14e006280e3c6fc78716aa1906045a9fbab3669baba4e1d85,24290201937affbe43876f1d564dfe61d03a696020830ae6162283c7e05e96db
sample,dense_crlf-65536,273,1655226,262151,8,dc2d5f78bd77dcc14e006280e3c6fc78716aa1906045a9fbab3669baba4e1d85,24290201937affbe43876f1d564dfe61d03a696020830ae6162283c7e05e96db
sample,dense_crlf-65536,274,1663996,262151,8,dc2d5f78bd77dcc14e006280e3c6fc78716aa1906045a9fbab3669baba4e1d85,24290201937affbe43876f1d564dfe61d03a696020830ae6162283c7e05e96db
sample,dense_crlf-65536,275,1657826,262151,8,dc2d5f78bd77dcc14e006280e3c6fc78716aa1906045a9fbab3669baba4e1d85,24290201937affbe43876f1d564dfe61d03a696020830ae6162283c7e05e96db
sample,dense_crlf-65536,276,1659276,262151,8,dc2d5f78bd77dcc14e006280e3c6fc78716aa1906045a9fbab3669baba4e1d85,24290201937affbe43876f1d564dfe61d03a696020830ae6162283c7e05e96db
sample,dense_crlf-65536,277,1659256,262151,8,dc2d5f78bd77dcc14e006280e3c6fc78716aa1906045a9fbab3669baba4e1d85,24290201937affbe43876f1d564dfe61d03a696020830ae6162283c7e05e96db
sample,dense_crlf-65536,278,1655837,262151,8,dc2d5f78bd77dcc14e006280e3c6fc78716aa1906045a9fbab3669baba4e1d85,24290201937affbe43876f1d564dfe61d03a696020830ae6162283c7e05e96db
sample,dense_crlf-65536,279,1657296,262151,8,dc2d5f78bd77dcc14e006280e3c6fc78716aa1906045a9fbab3669baba4e1d85,24290201937affbe43876f1d564dfe61d03a696020830ae6162283c7e05e96db
sample,dense_crlf-65536,280,1661426,262151,8,dc2d5f78bd77dcc14e006280e3c6fc78716aa1906045a9fbab3669baba4e1d85,24290201937affbe43876f1d564dfe61d03a696020830ae6162283c7e05e96db
sample,dense_crlf-65536,281,1665126,262151,8,dc2d5f78bd77dcc14e006280e3c6fc78716aa1906045a9fbab3669baba4e1d85,24290201937affbe43876f1d564dfe61d03a696020830ae6162283c7e05e96db
sample,dense_crlf-65536,282,1653726,262151,8,dc2d5f78bd77dcc14e006280e3c6fc78716aa1906045a9fbab3669baba4e1d85,24290201937affbe43876f1d564dfe61d03a696020830ae6162283c7e05e96db
sample,dense_crlf-65536,283,1657476,262151,8,dc2d5f78bd77dcc14e006280e3c6fc78716aa1906045a9fbab3669baba4e1d85,24290201937affbe43876f1d564dfe61d03a696020830ae6162283c7e05e96db
sample,dense_crlf-65536,284,1661936,262151,8,dc2d5f78bd77dcc14e006280e3c6fc78716aa1906045a9fbab3669baba4e1d85,24290201937affbe43876f1d564dfe61d03a696020830ae6162283c7e05e96db
sample,dense_crlf-65536,285,1652326,262151,8,dc2d5f78bd77dcc14e006280e3c6fc78716aa1906045a9fbab3669baba4e1d85,24290201937affbe43876f1d564dfe61d03a696020830ae6162283c7e05e96db
sample,dense_crlf-65536,286,1662757,262151,8,dc2d5f78bd77dcc14e006280e3c6fc78716aa1906045a9fbab3669baba4e1d85,24290201937affbe43876f1d564dfe61d03a696020830ae6162283c7e05e96db
sample,dense_crlf-65536,287,1660196,262151,8,dc2d5f78bd77dcc14e006280e3c6fc78716aa1906045a9fbab3669baba4e1d85,24290201937affbe43876f1d564dfe61d03a696020830ae6162283c7e05e96db
sample,dense_crlf-65536,288,1654436,262151,8,dc2d5f78bd77dcc14e006280e3c6fc78716aa1906045a9fbab3669baba4e1d85,24290201937affbe43876f1d564dfe61d03a696020830ae6162283c7e05e96db
sample,dense_crlf-65536,289,1658976,262151,8,dc2d5f78bd77dcc14e006280e3c6fc78716aa1906045a9fbab3669baba4e1d85,24290201937affbe43876f1d564dfe61d03a696020830ae6162283c7e05e96db
sample,dense_crlf-65536,290,1655206,262151,8,dc2d5f78bd77dcc14e006280e3c6fc78716aa1906045a9fbab3669baba4e1d85,24290201937affbe43876f1d564dfe61d03a696020830ae6162283c7e05e96db
sample,dense_crlf-65536,291,1690306,262151,8,dc2d5f78bd77dcc14e006280e3c6fc78716aa1906045a9fbab3669baba4e1d85,24290201937affbe43876f1d564dfe61d03a696020830ae6162283c7e05e96db
sample,dense_crlf-65536,292,1663816,262151,8,dc2d5f78bd77dcc14e006280e3c6fc78716aa1906045a9fbab3669baba4e1d85,24290201937affbe43876f1d564dfe61d03a696020830ae6162283c7e05e96db
sample,dense_crlf-65536,293,1665266,262151,8,dc2d5f78bd77dcc14e006280e3c6fc78716aa1906045a9fbab3669baba4e1d85,24290201937affbe43876f1d564dfe61d03a696020830ae6162283c7e05e96db
sample,dense_crlf-65536,294,1653986,262151,8,dc2d5f78bd77dcc14e006280e3c6fc78716aa1906045a9fbab3669baba4e1d85,24290201937affbe43876f1d564dfe61d03a696020830ae6162283c7e05e96db
sample,dense_crlf-65536,295,1658166,262151,8,dc2d5f78bd77dcc14e006280e3c6fc78716aa1906045a9fbab3669baba4e1d85,24290201937affbe43876f1d564dfe61d03a696020830ae6162283c7e05e96db
sample,dense_crlf-65536,296,1655916,262151,8,dc2d5f78bd77dcc14e006280e3c6fc78716aa1906045a9fbab3669baba4e1d85,24290201937affbe43876f1d564dfe61d03a696020830ae6162283c7e05e96db
sample,dense_crlf-65536,297,1657176,262151,8,dc2d5f78bd77dcc14e006280e3c6fc78716aa1906045a9fbab3669baba4e1d85,24290201937affbe43876f1d564dfe61d03a696020830ae6162283c7e05e96db
sample,dense_crlf-65536,298,1661946,262151,8,dc2d5f78bd77dcc14e006280e3c6fc78716aa1906045a9fbab3669baba4e1d85,24290201937affbe43876f1d564dfe61d03a696020830ae6162283c7e05e96db
sample,dense_crlf-65536,299,1656727,262151,8,dc2d5f78bd77dcc14e006280e3c6fc78716aa1906045a9fbab3669baba4e1d85,24290201937affbe43876f1d564dfe61d03a696020830ae6162283c7e05e96db
sample,dense_crlf-65536,300,1664436,262151,8,dc2d5f78bd77dcc14e006280e3c6fc78716aa1906045a9fbab3669baba4e1d85,24290201937affbe43876f1d564dfe61d03a696020830ae6162283c7e05e96db
sample,dense_crlf-65536,301,1655696,262151,8,dc2d5f78bd77dcc14e006280e3c6fc78716aa1906045a9fbab3669baba4e1d85,24290201937affbe43876f1d564dfe61d03a696020830ae6162283c7e05e96db
sample,dense_crlf-65536,302,1653776,262151,8,dc2d5f78bd77dcc14e006280e3c6fc78716aa1906045a9fbab3669baba4e1d85,24290201937affbe43876f1d564dfe61d03a696020830ae6162283c7e05e96db
sample,dense_crlf-65536,303,1660226,262151,8,dc2d5f78bd77dcc14e006280e3c6fc78716aa1906045a9fbab3669baba4e1d85,24290201937affbe43876f1d564dfe61d03a696020830ae6162283c7e05e96db
sample,dense_crlf-65536,304,1657656,262151,8,dc2d5f78bd77dcc14e006280e3c6fc78716aa1906045a9fbab3669baba4e1d85,24290201937affbe43876f1d564dfe61d03a696020830ae6162283c7e05e96db
sample,dense_crlf-65536,305,1707697,262151,8,dc2d5f78bd77dcc14e006280e3c6fc78716aa1906045a9fbab3669baba4e1d85,24290201937affbe43876f1d564dfe61d03a696020830ae6162283c7e05e96db
sample,dense_crlf-65536,306,1659316,262151,8,dc2d5f78bd77dcc14e006280e3c6fc78716aa1906045a9fbab3669baba4e1d85,24290201937affbe43876f1d564dfe61d03a696020830ae6162283c7e05e96db
sample,dense_crlf-65536,307,1656806,262151,8,dc2d5f78bd77dcc14e006280e3c6fc78716aa1906045a9fbab3669baba4e1d85,24290201937affbe43876f1d564dfe61d03a696020830ae6162283c7e05e96db
sample,dense_crlf-65536,308,1661036,262151,8,dc2d5f78bd77dcc14e006280e3c6fc78716aa1906045a9fbab3669baba4e1d85,24290201937affbe43876f1d564dfe61d03a696020830ae6162283c7e05e96db
sample,dense_crlf-65536,309,1663466,262151,8,dc2d5f78bd77dcc14e006280e3c6fc78716aa1906045a9fbab3669baba4e1d85,24290201937affbe43876f1d564dfe61d03a696020830ae6162283c7e05e96db
sample,dense_crlf-65536,310,1665076,262151,8,dc2d5f78bd77dcc14e006280e3c6fc78716aa1906045a9fbab3669baba4e1d85,24290201937affbe43876f1d564dfe61d03a696020830ae6162283c7e05e96db
sample,dense_crlf-65536,311,1648856,262151,8,dc2d5f78bd77dcc14e006280e3c6fc78716aa1906045a9fbab3669baba4e1d85,24290201937affbe43876f1d564dfe61d03a696020830ae6162283c7e05e96db
sample,dense_crlf-65536,312,1664457,262151,8,dc2d5f78bd77dcc14e006280e3c6fc78716aa1906045a9fbab3669baba4e1d85,24290201937affbe43876f1d564dfe61d03a696020830ae6162283c7e05e96db
sample,dense_crlf-65536,313,1660926,262151,8,dc2d5f78bd77dcc14e006280e3c6fc78716aa1906045a9fbab3669baba4e1d85,24290201937affbe43876f1d564dfe61d03a696020830ae6162283c7e05e96db
sample,dense_crlf-65536,314,1654406,262151,8,dc2d5f78bd77dcc14e006280e3c6fc78716aa1906045a9fbab3669baba4e1d85,24290201937affbe43876f1d564dfe61d03a696020830ae6162283c7e05e96db
sample,dense_crlf-65536,315,1660696,262151,8,dc2d5f78bd77dcc14e006280e3c6fc78716aa1906045a9fbab3669baba4e1d85,24290201937affbe43876f1d564dfe61d03a696020830ae6162283c7e05e96db
sample,dense_crlf-65536,316,1660406,262151,8,dc2d5f78bd77dcc14e006280e3c6fc78716aa1906045a9fbab3669baba4e1d85,24290201937affbe43876f1d564dfe61d03a696020830ae6162283c7e05e96db
sample,dense_crlf-65536,317,1659566,262151,8,dc2d5f78bd77dcc14e006280e3c6fc78716aa1906045a9fbab3669baba4e1d85,24290201937affbe43876f1d564dfe61d03a696020830ae6162283c7e05e96db
sample,dense_crlf-65536,318,1663887,262151,8,dc2d5f78bd77dcc14e006280e3c6fc78716aa1906045a9fbab3669baba4e1d85,24290201937affbe43876f1d564dfe61d03a696020830ae6162283c7e05e96db
sample,dense_crlf-65536,319,1657556,262151,8,dc2d5f78bd77dcc14e006280e3c6fc78716aa1906045a9fbab3669baba4e1d85,24290201937affbe43876f1d564dfe61d03a696020830ae6162283c7e05e96db
sample,dense_crlf-65536,320,1658226,262151,8,dc2d5f78bd77dcc14e006280e3c6fc78716aa1906045a9fbab3669baba4e1d85,24290201937affbe43876f1d564dfe61d03a696020830ae6162283c7e05e96db
sample,dense_crlf-65536,321,1663576,262151,8,dc2d5f78bd77dcc14e006280e3c6fc78716aa1906045a9fbab3669baba4e1d85,24290201937affbe43876f1d564dfe61d03a696020830ae6162283c7e05e96db
sample,dense_crlf-65536,322,1665436,262151,8,dc2d5f78bd77dcc14e006280e3c6fc78716aa1906045a9fbab3669baba4e1d85,24290201937affbe43876f1d564dfe61d03a696020830ae6162283c7e05e96db
sample,dense_crlf-65536,323,1655656,262151,8,dc2d5f78bd77dcc14e006280e3c6fc78716aa1906045a9fbab3669baba4e1d85,24290201937affbe43876f1d564dfe61d03a696020830ae6162283c7e05e96db
sample,dense_crlf-65536,324,1664306,262151,8,dc2d5f78bd77dcc14e006280e3c6fc78716aa1906045a9fbab3669baba4e1d85,24290201937affbe43876f1d564dfe61d03a696020830ae6162283c7e05e96db
sample,dense_crlf-65536,325,1662086,262151,8,dc2d5f78bd77dcc14e006280e3c6fc78716aa1906045a9fbab3669baba4e1d85,24290201937affbe43876f1d564dfe61d03a696020830ae6162283c7e05e96db
sample,dense_crlf-65536,326,1652626,262151,8,dc2d5f78bd77dcc14e006280e3c6fc78716aa1906045a9fbab3669baba4e1d85,24290201937affbe43876f1d564dfe61d03a696020830ae6162283c7e05e96db
sample,dense_crlf-65536,327,1667306,262151,8,dc2d5f78bd77dcc14e006280e3c6fc78716aa1906045a9fbab3669baba4e1d85,24290201937affbe43876f1d564dfe61d03a696020830ae6162283c7e05e96db
sample,dense_crlf-65536,328,1659276,262151,8,dc2d5f78bd77dcc14e006280e3c6fc78716aa1906045a9fbab3669baba4e1d85,24290201937affbe43876f1d564dfe61d03a696020830ae6162283c7e05e96db
sample,dense_crlf-65536,329,1655756,262151,8,dc2d5f78bd77dcc14e006280e3c6fc78716aa1906045a9fbab3669baba4e1d85,24290201937affbe43876f1d564dfe61d03a696020830ae6162283c7e05e96db
sample,dense_crlf-65536,330,1660276,262151,8,dc2d5f78bd77dcc14e006280e3c6fc78716aa1906045a9fbab3669baba4e1d85,24290201937affbe43876f1d564dfe61d03a696020830ae6162283c7e05e96db
sample,dense_crlf-65536,331,1658506,262151,8,dc2d5f78bd77dcc14e006280e3c6fc78716aa1906045a9fbab3669baba4e1d85,24290201937affbe43876f1d564dfe61d03a696020830ae6162283c7e05e96db
sample,dense_crlf-65536,332,1654846,262151,8,dc2d5f78bd77dcc14e006280e3c6fc78716aa1906045a9fbab3669baba4e1d85,24290201937affbe43876f1d564dfe61d03a696020830ae6162283c7e05e96db
sample,dense_crlf-65536,333,1659127,262151,8,dc2d5f78bd77dcc14e006280e3c6fc78716aa1906045a9fbab3669baba4e1d85,24290201937affbe43876f1d564dfe61d03a696020830ae6162283c7e05e96db
sample,dense_crlf-65536,334,1671566,262151,8,dc2d5f78bd77dcc14e006280e3c6fc78716aa1906045a9fbab3669baba4e1d85,24290201937affbe43876f1d564dfe61d03a696020830ae6162283c7e05e96db
sample,dense_crlf-65536,335,1652096,262151,8,dc2d5f78bd77dcc14e006280e3c6fc78716aa1906045a9fbab3669baba4e1d85,24290201937affbe43876f1d564dfe61d03a696020830ae6162283c7e05e96db
sample,dense_crlf-65536,336,1663066,262151,8,dc2d5f78bd77dcc14e006280e3c6fc78716aa1906045a9fbab3669baba4e1d85,24290201937affbe43876f1d564dfe61d03a696020830ae6162283c7e05e96db
sample,dense_crlf-65536,337,1659516,262151,8,dc2d5f78bd77dcc14e006280e3c6fc78716aa1906045a9fbab3669baba4e1d85,24290201937affbe43876f1d564dfe61d03a696020830ae6162283c7e05e96db
sample,dense_crlf-65536,338,1649556,262151,8,dc2d5f78bd77dcc14e006280e3c6fc78716aa1906045a9fbab3669baba4e1d85,24290201937affbe43876f1d564dfe61d03a696020830ae6162283c7e05e96db
sample,dense_crlf-65536,339,1662857,262151,8,dc2d5f78bd77dcc14e006280e3c6fc78716aa1906045a9fbab3669baba4e1d85,24290201937affbe43876f1d564dfe61d03a696020830ae6162283c7e05e96db
sample,dense_crlf-65536,340,1663806,262151,8,dc2d5f78bd77dcc14e006280e3c6fc78716aa1906045a9fbab3669baba4e1d85,24290201937affbe43876f1d564dfe61d03a696020830ae6162283c7e05e96db
sample,dense_crlf-65536,341,1658566,262151,8,dc2d5f78bd77dcc14e006280e3c6fc78716aa1906045a9fbab3669baba4e1d85,24290201937affbe43876f1d564dfe61d03a696020830ae6162283c7e05e96db
sample,dense_crlf-65536,342,1662346,262151,8,dc2d5f78bd77dcc14e006280e3c6fc78716aa1906045a9fbab3669baba4e1d85,24290201937affbe43876f1d564dfe61d03a696020830ae6162283c7e05e96db
sample,dense_crlf-65536,343,1666446,262151,8,dc2d5f78bd77dcc14e006280e3c6fc78716aa1906045a9fbab3669baba4e1d85,24290201937affbe43876f1d564dfe61d03a696020830ae6162283c7e05e96db
sample,dense_crlf-65536,344,1664366,262151,8,dc2d5f78bd77dcc14e006280e3c6fc78716aa1906045a9fbab3669baba4e1d85,24290201937affbe43876f1d564dfe61d03a696020830ae6162283c7e05e96db
sample,dense_crlf-65536,345,1662346,262151,8,dc2d5f78bd77dcc14e006280e3c6fc78716aa1906045a9fbab3669baba4e1d85,24290201937affbe43876f1d564dfe61d03a696020830ae6162283c7e05e96db
sample,dense_crlf-65536,346,1664257,262151,8,dc2d5f78bd77dcc14e006280e3c6fc78716aa1906045a9fbab3669baba4e1d85,24290201937affbe43876f1d564dfe61d03a696020830ae6162283c7e05e96db
sample,dense_crlf-65536,347,1657616,262151,8,dc2d5f78bd77dcc14e006280e3c6fc78716aa1906045a9fbab3669baba4e1d85,24290201937affbe43876f1d564dfe61d03a696020830ae6162283c7e05e96db
sample,dense_crlf-65536,348,1663226,262151,8,dc2d5f78bd77dcc14e006280e3c6fc78716aa1906045a9fbab3669baba4e1d85,24290201937affbe43876f1d564dfe61d03a696020830ae6162283c7e05e96db
sample,dense_crlf-65536,349,1664226,262151,8,dc2d5f78bd77dcc14e006280e3c6fc78716aa1906045a9fbab3669baba4e1d85,24290201937affbe43876f1d564dfe61d03a696020830ae6162283c7e05e96db
sample,dense_crlf-65536,350,1649876,262151,8,dc2d5f78bd77dcc14e006280e3c6fc78716aa1906045a9fbab3669baba4e1d85,24290201937affbe43876f1d564dfe61d03a696020830ae6162283c7e05e96db
sample,dense_crlf-65536,351,1663536,262151,8,dc2d5f78bd77dcc14e006280e3c6fc78716aa1906045a9fbab3669baba4e1d85,24290201937affbe43876f1d564dfe61d03a696020830ae6162283c7e05e96db
sample,dense_crlf-65536,352,1662586,262151,8,dc2d5f78bd77dcc14e006280e3c6fc78716aa1906045a9fbab3669baba4e1d85,24290201937affbe43876f1d564dfe61d03a696020830ae6162283c7e05e96db
sample,dense_crlf-65536,353,1654897,262151,8,dc2d5f78bd77dcc14e006280e3c6fc78716aa1906045a9fbab3669baba4e1d85,24290201937affbe43876f1d564dfe61d03a696020830ae6162283c7e05e96db
sample,dense_crlf-65536,354,1664316,262151,8,dc2d5f78bd77dcc14e006280e3c6fc78716aa1906045a9fbab3669baba4e1d85,24290201937affbe43876f1d564dfe61d03a696020830ae6162283c7e05e96db
sample,dense_crlf-65536,355,1658166,262151,8,dc2d5f78bd77dcc14e006280e3c6fc78716aa1906045a9fbab3669baba4e1d85,24290201937affbe43876f1d564dfe61d03a696020830ae6162283c7e05e96db
sample,dense_crlf-65536,356,1659036,262151,8,dc2d5f78bd77dcc14e006280e3c6fc78716aa1906045a9fbab3669baba4e1d85,24290201937affbe43876f1d564dfe61d03a696020830ae6162283c7e05e96db
sample,dense_crlf-65536,357,1656296,262151,8,dc2d5f78bd77dcc14e006280e3c6fc78716aa1906045a9fbab3669baba4e1d85,24290201937affbe43876f1d564dfe61d03a696020830ae6162283c7e05e96db
sample,dense_crlf-65536,358,1661696,262151,8,dc2d5f78bd77dcc14e006280e3c6fc78716aa1906045a9fbab3669baba4e1d85,24290201937affbe43876f1d564dfe61d03a696020830ae6162283c7e05e96db
sample,dense_crlf-65536,359,1656756,262151,8,dc2d5f78bd77dcc14e006280e3c6fc78716aa1906045a9fbab3669baba4e1d85,24290201937affbe43876f1d564dfe61d03a696020830ae6162283c7e05e96db
sample,dense_crlf-65536,360,1658337,262151,8,dc2d5f78bd77dcc14e006280e3c6fc78716aa1906045a9fbab3669baba4e1d85,24290201937affbe43876f1d564dfe61d03a696020830ae6162283c7e05e96db
sample,dense_crlf-65536,361,1665456,262151,8,dc2d5f78bd77dcc14e006280e3c6fc78716aa1906045a9fbab3669baba4e1d85,24290201937affbe43876f1d564dfe61d03a696020830ae6162283c7e05e96db
sample,dense_crlf-65536,362,1652156,262151,8,dc2d5f78bd77dcc14e006280e3c6fc78716aa1906045a9fbab3669baba4e1d85,24290201937affbe43876f1d564dfe61d03a696020830ae6162283c7e05e96db
sample,dense_crlf-65536,363,1661486,262151,8,dc2d5f78bd77dcc14e006280e3c6fc78716aa1906045a9fbab3669baba4e1d85,24290201937affbe43876f1d564dfe61d03a696020830ae6162283c7e05e96db
sample,dense_crlf-65536,364,1660696,262151,8,dc2d5f78bd77dcc14e006280e3c6fc78716aa1906045a9fbab3669baba4e1d85,24290201937affbe43876f1d564dfe61d03a696020830ae6162283c7e05e96db
sample,dense_crlf-65536,365,1658086,262151,8,dc2d5f78bd77dcc14e006280e3c6fc78716aa1906045a9fbab3669baba4e1d85,24290201937affbe43876f1d564dfe61d03a696020830ae6162283c7e05e96db
sample,dense_crlf-65536,366,1662416,262151,8,dc2d5f78bd77dcc14e006280e3c6fc78716aa1906045a9fbab3669baba4e1d85,24290201937affbe43876f1d564dfe61d03a696020830ae6162283c7e05e96db
sample,dense_crlf-65536,367,1662417,262151,8,dc2d5f78bd77dcc14e006280e3c6fc78716aa1906045a9fbab3669baba4e1d85,24290201937affbe43876f1d564dfe61d03a696020830ae6162283c7e05e96db
sample,dense_crlf-65536,368,1654006,262151,8,dc2d5f78bd77dcc14e006280e3c6fc78716aa1906045a9fbab3669baba4e1d85,24290201937affbe43876f1d564dfe61d03a696020830ae6162283c7e05e96db
sample,dense_crlf-65536,369,1658206,262151,8,dc2d5f78bd77dcc14e006280e3c6fc78716aa1906045a9fbab3669baba4e1d85,24290201937affbe43876f1d564dfe61d03a696020830ae6162283c7e05e96db
sample,dense_crlf-65536,370,1659356,262151,8,dc2d5f78bd77dcc14e006280e3c6fc78716aa1906045a9fbab3669baba4e1d85,24290201937affbe43876f1d564dfe61d03a696020830ae6162283c7e05e96db
sample,dense_crlf-65536,371,1652406,262151,8,dc2d5f78bd77dcc14e006280e3c6fc78716aa1906045a9fbab3669baba4e1d85,24290201937affbe43876f1d564dfe61d03a696020830ae6162283c7e05e96db
sample,dense_crlf-65536,372,1658456,262151,8,dc2d5f78bd77dcc14e006280e3c6fc78716aa1906045a9fbab3669baba4e1d85,24290201937affbe43876f1d564dfe61d03a696020830ae6162283c7e05e96db
sample,dense_crlf-65536,373,1665476,262151,8,dc2d5f78bd77dcc14e006280e3c6fc78716aa1906045a9fbab3669baba4e1d85,24290201937affbe43876f1d564dfe61d03a696020830ae6162283c7e05e96db
sample,dense_crlf-65536,374,1651427,262151,8,dc2d5f78bd77dcc14e006280e3c6fc78716aa1906045a9fbab3669baba4e1d85,24290201937affbe43876f1d564dfe61d03a696020830ae6162283c7e05e96db
sample,dense_crlf-65536,375,1665456,262151,8,dc2d5f78bd77dcc14e006280e3c6fc78716aa1906045a9fbab3669baba4e1d85,24290201937affbe43876f1d564dfe61d03a696020830ae6162283c7e05e96db
sample,dense_crlf-65536,376,1659456,262151,8,dc2d5f78bd77dcc14e006280e3c6fc78716aa1906045a9fbab3669baba4e1d85,24290201937affbe43876f1d564dfe61d03a696020830ae6162283c7e05e96db
sample,dense_crlf-65536,377,1658156,262151,8,dc2d5f78bd77dcc14e006280e3c6fc78716aa1906045a9fbab3669baba4e1d85,24290201937affbe43876f1d564dfe61d03a696020830ae6162283c7e05e96db
sample,dense_crlf-65536,378,1661946,262151,8,dc2d5f78bd77dcc14e006280e3c6fc78716aa1906045a9fbab3669baba4e1d85,24290201937affbe43876f1d564dfe61d03a696020830ae6162283c7e05e96db
sample,dense_crlf-65536,379,1658656,262151,8,dc2d5f78bd77dcc14e006280e3c6fc78716aa1906045a9fbab3669baba4e1d85,24290201937affbe43876f1d564dfe61d03a696020830ae6162283c7e05e96db
sample,dense_crlf-65536,380,1656166,262151,8,dc2d5f78bd77dcc14e006280e3c6fc78716aa1906045a9fbab3669baba4e1d85,24290201937affbe43876f1d564dfe61d03a696020830ae6162283c7e05e96db
sample,dense_crlf-65536,381,1659377,262151,8,dc2d5f78bd77dcc14e006280e3c6fc78716aa1906045a9fbab3669baba4e1d85,24290201937affbe43876f1d564dfe61d03a696020830ae6162283c7e05e96db
sample,dense_crlf-65536,382,1677866,262151,8,dc2d5f78bd77dcc14e006280e3c6fc78716aa1906045a9fbab3669baba4e1d85,24290201937affbe43876f1d564dfe61d03a696020830ae6162283c7e05e96db
sample,dense_crlf-65536,383,1651386,262151,8,dc2d5f78bd77dcc14e006280e3c6fc78716aa1906045a9fbab3669baba4e1d85,24290201937affbe43876f1d564dfe61d03a696020830ae6162283c7e05e96db
sample,dense_crlf-65536,384,1657546,262151,8,dc2d5f78bd77dcc14e006280e3c6fc78716aa1906045a9fbab3669baba4e1d85,24290201937affbe43876f1d564dfe61d03a696020830ae6162283c7e05e96db
sample,dense_crlf-65536,385,1666706,262151,8,dc2d5f78bd77dcc14e006280e3c6fc78716aa1906045a9fbab3669baba4e1d85,24290201937affbe43876f1d564dfe61d03a696020830ae6162283c7e05e96db
sample,dense_crlf-65536,386,1654916,262151,8,dc2d5f78bd77dcc14e006280e3c6fc78716aa1906045a9fbab3669baba4e1d85,24290201937affbe43876f1d564dfe61d03a696020830ae6162283c7e05e96db
sample,dense_crlf-65536,387,1662356,262151,8,dc2d5f78bd77dcc14e006280e3c6fc78716aa1906045a9fbab3669baba4e1d85,24290201937affbe43876f1d564dfe61d03a696020830ae6162283c7e05e96db
sample,dense_crlf-65536,388,1659437,262151,8,dc2d5f78bd77dcc14e006280e3c6fc78716aa1906045a9fbab3669baba4e1d85,24290201937affbe43876f1d564dfe61d03a696020830ae6162283c7e05e96db
sample,dense_crlf-65536,389,1656226,262151,8,dc2d5f78bd77dcc14e006280e3c6fc78716aa1906045a9fbab3669baba4e1d85,24290201937affbe43876f1d564dfe61d03a696020830ae6162283c7e05e96db
sample,dense_crlf-65536,390,1660376,262151,8,dc2d5f78bd77dcc14e006280e3c6fc78716aa1906045a9fbab3669baba4e1d85,24290201937affbe43876f1d564dfe61d03a696020830ae6162283c7e05e96db
sample,dense_crlf-65536,391,1653946,262151,8,dc2d5f78bd77dcc14e006280e3c6fc78716aa1906045a9fbab3669baba4e1d85,24290201937affbe43876f1d564dfe61d03a696020830ae6162283c7e05e96db
sample,dense_crlf-65536,392,1665376,262151,8,dc2d5f78bd77dcc14e006280e3c6fc78716aa1906045a9fbab3669baba4e1d85,24290201937affbe43876f1d564dfe61d03a696020830ae6162283c7e05e96db
sample,dense_crlf-65536,393,1659236,262151,8,dc2d5f78bd77dcc14e006280e3c6fc78716aa1906045a9fbab3669baba4e1d85,24290201937affbe43876f1d564dfe61d03a696020830ae6162283c7e05e96db
sample,dense_crlf-65536,394,1656156,262151,8,dc2d5f78bd77dcc14e006280e3c6fc78716aa1906045a9fbab3669baba4e1d85,24290201937affbe43876f1d564dfe61d03a696020830ae6162283c7e05e96db
sample,dense_crlf-65536,395,1657767,262151,8,dc2d5f78bd77dcc14e006280e3c6fc78716aa1906045a9fbab3669baba4e1d85,24290201937affbe43876f1d564dfe61d03a696020830ae6162283c7e05e96db
sample,dense_crlf-65536,396,1656296,262151,8,dc2d5f78bd77dcc14e006280e3c6fc78716aa1906045a9fbab3669baba4e1d85,24290201937affbe43876f1d564dfe61d03a696020830ae6162283c7e05e96db
sample,dense_crlf-65536,397,1660566,262151,8,dc2d5f78bd77dcc14e006280e3c6fc78716aa1906045a9fbab3669baba4e1d85,24290201937affbe43876f1d564dfe61d03a696020830ae6162283c7e05e96db
sample,dense_crlf-65536,398,1661376,262151,8,dc2d5f78bd77dcc14e006280e3c6fc78716aa1906045a9fbab3669baba4e1d85,24290201937affbe43876f1d564dfe61d03a696020830ae6162283c7e05e96db
sample,dense_crlf-65536,399,1659766,262151,8,dc2d5f78bd77dcc14e006280e3c6fc78716aa1906045a9fbab3669baba4e1d85,24290201937affbe43876f1d564dfe61d03a696020830ae6162283c7e05e96db
sample,dense_crlf-65536,400,1655726,262151,8,dc2d5f78bd77dcc14e006280e3c6fc78716aa1906045a9fbab3669baba4e1d85,24290201937affbe43876f1d564dfe61d03a696020830ae6162283c7e05e96db
sample,dense_crlf-65536,401,1660766,262151,8,dc2d5f78bd77dcc14e006280e3c6fc78716aa1906045a9fbab3669baba4e1d85,24290201937affbe43876f1d564dfe61d03a696020830ae6162283c7e05e96db
sample,dense_crlf-65536,402,1664957,262151,8,dc2d5f78bd77dcc14e006280e3c6fc78716aa1906045a9fbab3669baba4e1d85,24290201937affbe43876f1d564dfe61d03a696020830ae6162283c7e05e96db
sample,dense_crlf-65536,403,1651536,262151,8,dc2d5f78bd77dcc14e006280e3c6fc78716aa1906045a9fbab3669baba4e1d85,24290201937affbe43876f1d564dfe61d03a696020830ae6162283c7e05e96db
sample,dense_crlf-65536,404,1664766,262151,8,dc2d5f78bd77dcc14e006280e3c6fc78716aa1906045a9fbab3669baba4e1d85,24290201937affbe43876f1d564dfe61d03a696020830ae6162283c7e05e96db
sample,dense_crlf-65536,405,1658436,262151,8,dc2d5f78bd77dcc14e006280e3c6fc78716aa1906045a9fbab3669baba4e1d85,24290201937affbe43876f1d564dfe61d03a696020830ae6162283c7e05e96db
sample,dense_crlf-65536,406,1657196,262151,8,dc2d5f78bd77dcc14e006280e3c6fc78716aa1906045a9fbab3669baba4e1d85,24290201937affbe43876f1d564dfe61d03a696020830ae6162283c7e05e96db
sample,dense_crlf-65536,407,1663786,262151,8,dc2d5f78bd77dcc14e006280e3c6fc78716aa1906045a9fbab3669baba4e1d85,24290201937affbe43876f1d564dfe61d03a696020830ae6162283c7e05e96db
sample,dense_crlf-65536,408,1663146,262151,8,dc2d5f78bd77dcc14e006280e3c6fc78716aa1906045a9fbab3669baba4e1d85,24290201937affbe43876f1d564dfe61d03a696020830ae6162283c7e05e96db
sample,dense_crlf-65536,409,1658187,262151,8,dc2d5f78bd77dcc14e006280e3c6fc78716aa1906045a9fbab3669baba4e1d85,24290201937affbe43876f1d564dfe61d03a696020830ae6162283c7e05e96db
sample,dense_crlf-65536,410,1657816,262151,8,dc2d5f78bd77dcc14e006280e3c6fc78716aa1906045a9fbab3669baba4e1d85,24290201937affbe43876f1d564dfe61d03a696020830ae6162283c7e05e96db
sample,dense_crlf-65536,411,1665006,262151,8,dc2d5f78bd77dcc14e006280e3c6fc78716aa1906045a9fbab3669baba4e1d85,24290201937affbe43876f1d564dfe61d03a696020830ae6162283c7e05e96db
sample,dense_crlf-65536,412,1650736,262151,8,dc2d5f78bd77dcc14e006280e3c6fc78716aa1906045a9fbab3669baba4e1d85,24290201937affbe43876f1d564dfe61d03a696020830ae6162283c7e05e96db
sample,dense_crlf-65536,413,1665536,262151,8,dc2d5f78bd77dcc14e006280e3c6fc78716aa1906045a9fbab3669baba4e1d85,24290201937affbe43876f1d564dfe61d03a696020830ae6162283c7e05e96db
sample,dense_crlf-65536,414,1655846,262151,8,dc2d5f78bd77dcc14e006280e3c6fc78716aa1906045a9fbab3669baba4e1d85,24290201937affbe43876f1d564dfe61d03a696020830ae6162283c7e05e96db
sample,dense_crlf-65536,415,1655396,262151,8,dc2d5f78bd77dcc14e006280e3c6fc78716aa1906045a9fbab3669baba4e1d85,24290201937affbe43876f1d564dfe61d03a696020830ae6162283c7e05e96db
sample,dense_crlf-65536,416,1668877,262151,8,dc2d5f78bd77dcc14e006280e3c6fc78716aa1906045a9fbab3669baba4e1d85,24290201937affbe43876f1d564dfe61d03a696020830ae6162283c7e05e96db
sample,dense_crlf-65536,417,1661606,262151,8,dc2d5f78bd77dcc14e006280e3c6fc78716aa1906045a9fbab3669baba4e1d85,24290201937affbe43876f1d564dfe61d03a696020830ae6162283c7e05e96db
sample,dense_crlf-65536,418,1652536,262151,8,dc2d5f78bd77dcc14e006280e3c6fc78716aa1906045a9fbab3669baba4e1d85,24290201937affbe43876f1d564dfe61d03a696020830ae6162283c7e05e96db
sample,dense_crlf-65536,419,1662826,262151,8,dc2d5f78bd77dcc14e006280e3c6fc78716aa1906045a9fbab3669baba4e1d85,24290201937affbe43876f1d564dfe61d03a696020830ae6162283c7e05e96db
sample,dense_crlf-65536,420,1659876,262151,8,dc2d5f78bd77dcc14e006280e3c6fc78716aa1906045a9fbab3669baba4e1d85,24290201937affbe43876f1d564dfe61d03a696020830ae6162283c7e05e96db
sample,dense_crlf-65536,421,1655496,262151,8,dc2d5f78bd77dcc14e006280e3c6fc78716aa1906045a9fbab3669baba4e1d85,24290201937affbe43876f1d564dfe61d03a696020830ae6162283c7e05e96db
sample,dense_crlf-65536,422,1662136,262151,8,dc2d5f78bd77dcc14e006280e3c6fc78716aa1906045a9fbab3669baba4e1d85,24290201937affbe43876f1d564dfe61d03a696020830ae6162283c7e05e96db
sample,dense_crlf-65536,423,1664087,262151,8,dc2d5f78bd77dcc14e006280e3c6fc78716aa1906045a9fbab3669baba4e1d85,24290201937affbe43876f1d564dfe61d03a696020830ae6162283c7e05e96db
sample,dense_crlf-65536,424,1650586,262151,8,dc2d5f78bd77dcc14e006280e3c6fc78716aa1906045a9fbab3669baba4e1d85,24290201937affbe43876f1d564dfe61d03a696020830ae6162283c7e05e96db
sample,dense_crlf-65536,425,1664476,262151,8,dc2d5f78bd77dcc14e006280e3c6fc78716aa1906045a9fbab3669baba4e1d85,24290201937affbe43876f1d564dfe61d03a696020830ae6162283c7e05e96db
sample,dense_crlf-65536,426,1662096,262151,8,dc2d5f78bd77dcc14e006280e3c6fc78716aa1906045a9fbab3669baba4e1d85,24290201937affbe43876f1d564dfe61d03a696020830ae6162283c7e05e96db
sample,dense_crlf-65536,427,1649326,262151,8,dc2d5f78bd77dcc14e006280e3c6fc78716aa1906045a9fbab3669baba4e1d85,24290201937affbe43876f1d564dfe61d03a696020830ae6162283c7e05e96db
sample,dense_crlf-65536,428,1658706,262151,8,dc2d5f78bd77dcc14e006280e3c6fc78716aa1906045a9fbab3669baba4e1d85,24290201937affbe43876f1d564dfe61d03a696020830ae6162283c7e05e96db
sample,dense_crlf-65536,429,1661836,262151,8,dc2d5f78bd77dcc14e006280e3c6fc78716aa1906045a9fbab3669baba4e1d85,24290201937affbe43876f1d564dfe61d03a696020830ae6162283c7e05e96db
sample,dense_crlf-65536,430,1657497,262151,8,dc2d5f78bd77dcc14e006280e3c6fc78716aa1906045a9fbab3669baba4e1d85,24290201937affbe43876f1d564dfe61d03a696020830ae6162283c7e05e96db
sample,dense_crlf-65536,431,1657046,262151,8,dc2d5f78bd77dcc14e006280e3c6fc78716aa1906045a9fbab3669baba4e1d85,24290201937affbe43876f1d564dfe61d03a696020830ae6162283c7e05e96db
sample,dense_crlf-65536,432,1653286,262151,8,dc2d5f78bd77dcc14e006280e3c6fc78716aa1906045a9fbab3669baba4e1d85,24290201937affbe43876f1d564dfe61d03a696020830ae6162283c7e05e96db
sample,dense_crlf-65536,433,1654326,262151,8,dc2d5f78bd77dcc14e006280e3c6fc78716aa1906045a9fbab3669baba4e1d85,24290201937affbe43876f1d564dfe61d03a696020830ae6162283c7e05e96db
sample,dense_crlf-65536,434,1655936,262151,8,dc2d5f78bd77dcc14e006280e3c6fc78716aa1906045a9fbab3669baba4e1d85,24290201937affbe43876f1d564dfe61d03a696020830ae6162283c7e05e96db
sample,dense_crlf-65536,435,1662716,262151,8,dc2d5f78bd77dcc14e006280e3c6fc78716aa1906045a9fbab3669baba4e1d85,24290201937affbe43876f1d564dfe61d03a696020830ae6162283c7e05e96db
sample,dense_crlf-65536,436,1658206,262151,8,dc2d5f78bd77dcc14e006280e3c6fc78716aa1906045a9fbab3669baba4e1d85,24290201937affbe43876f1d564dfe61d03a696020830ae6162283c7e05e96db
sample,dense_crlf-65536,437,1658886,262151,8,dc2d5f78bd77dcc14e006280e3c6fc78716aa1906045a9fbab3669baba4e1d85,24290201937affbe43876f1d564dfe61d03a696020830ae6162283c7e05e96db
sample,dense_crlf-65536,438,1661267,262151,8,dc2d5f78bd77dcc14e006280e3c6fc78716aa1906045a9fbab3669baba4e1d85,24290201937affbe43876f1d564dfe61d03a696020830ae6162283c7e05e96db
sample,dense_crlf-65536,439,1653716,262151,8,dc2d5f78bd77dcc14e006280e3c6fc78716aa1906045a9fbab3669baba4e1d85,24290201937affbe43876f1d564dfe61d03a696020830ae6162283c7e05e96db
sample,dense_crlf-65536,440,1663146,262151,8,dc2d5f78bd77dcc14e006280e3c6fc78716aa1906045a9fbab3669baba4e1d85,24290201937affbe43876f1d564dfe61d03a696020830ae6162283c7e05e96db
sample,dense_crlf-65536,441,1659176,262151,8,dc2d5f78bd77dcc14e006280e3c6fc78716aa1906045a9fbab3669baba4e1d85,24290201937affbe43876f1d564dfe61d03a696020830ae6162283c7e05e96db
sample,dense_crlf-65536,442,1654006,262151,8,dc2d5f78bd77dcc14e006280e3c6fc78716aa1906045a9fbab3669baba4e1d85,24290201937affbe43876f1d564dfe61d03a696020830ae6162283c7e05e96db
sample,dense_crlf-65536,443,1656616,262151,8,dc2d5f78bd77dcc14e006280e3c6fc78716aa1906045a9fbab3669baba4e1d85,24290201937affbe43876f1d564dfe61d03a696020830ae6162283c7e05e96db
sample,dense_crlf-65536,444,1660756,262151,8,dc2d5f78bd77dcc14e006280e3c6fc78716aa1906045a9fbab3669baba4e1d85,24290201937affbe43876f1d564dfe61d03a696020830ae6162283c7e05e96db
sample,dense_crlf-65536,445,1664457,262151,8,dc2d5f78bd77dcc14e006280e3c6fc78716aa1906045a9fbab3669baba4e1d85,24290201937affbe43876f1d564dfe61d03a696020830ae6162283c7e05e96db
sample,dense_crlf-65536,446,1661816,262151,8,dc2d5f78bd77dcc14e006280e3c6fc78716aa1906045a9fbab3669baba4e1d85,24290201937affbe43876f1d564dfe61d03a696020830ae6162283c7e05e96db
sample,dense_crlf-65536,447,1664856,262151,8,dc2d5f78bd77dcc14e006280e3c6fc78716aa1906045a9fbab3669baba4e1d85,24290201937affbe43876f1d564dfe61d03a696020830ae6162283c7e05e96db
sample,dense_crlf-65536,448,1652896,262151,8,dc2d5f78bd77dcc14e006280e3c6fc78716aa1906045a9fbab3669baba4e1d85,24290201937affbe43876f1d564dfe61d03a696020830ae6162283c7e05e96db
sample,dense_crlf-65536,449,1658786,262151,8,dc2d5f78bd77dcc14e006280e3c6fc78716aa1906045a9fbab3669baba4e1d85,24290201937affbe43876f1d564dfe61d03a696020830ae6162283c7e05e96db
sample,dense_crlf-65536,450,1666636,262151,8,dc2d5f78bd77dcc14e006280e3c6fc78716aa1906045a9fbab3669baba4e1d85,24290201937affbe43876f1d564dfe61d03a696020830ae6162283c7e05e96db
sample,dense_crlf-65536,451,1652476,262151,8,dc2d5f78bd77dcc14e006280e3c6fc78716aa1906045a9fbab3669baba4e1d85,24290201937affbe43876f1d564dfe61d03a696020830ae6162283c7e05e96db
sample,dense_crlf-65536,452,1661837,262151,8,dc2d5f78bd77dcc14e006280e3c6fc78716aa1906045a9fbab3669baba4e1d85,24290201937affbe43876f1d564dfe61d03a696020830ae6162283c7e05e96db
sample,dense_crlf-65536,453,1659966,262151,8,dc2d5f78bd77dcc14e006280e3c6fc78716aa1906045a9fbab3669baba4e1d85,24290201937affbe43876f1d564dfe61d03a696020830ae6162283c7e05e96db
sample,dense_crlf-65536,454,1658766,262151,8,dc2d5f78bd77dcc14e006280e3c6fc78716aa1906045a9fbab3669baba4e1d85,24290201937affbe43876f1d564dfe61d03a696020830ae6162283c7e05e96db
sample,dense_crlf-65536,455,1661586,262151,8,dc2d5f78bd77dcc14e006280e3c6fc78716aa1906045a9fbab3669baba4e1d85,24290201937affbe43876f1d564dfe61d03a696020830ae6162283c7e05e96db
sample,dense_crlf-65536,456,1656366,262151,8,dc2d5f78bd77dcc14e006280e3c6fc78716aa1906045a9fbab3669baba4e1d85,24290201937affbe43876f1d564dfe61d03a696020830ae6162283c7e05e96db
sample,dense_crlf-65536,457,1654086,262151,8,dc2d5f78bd77dcc14e006280e3c6fc78716aa1906045a9fbab3669baba4e1d85,24290201937affbe43876f1d564dfe61d03a696020830ae6162283c7e05e96db
sample,dense_crlf-65536,458,1658986,262151,8,dc2d5f78bd77dcc14e006280e3c6fc78716aa1906045a9fbab3669baba4e1d85,24290201937affbe43876f1d564dfe61d03a696020830ae6162283c7e05e96db
sample,dense_crlf-65536,459,1663357,262151,8,dc2d5f78bd77dcc14e006280e3c6fc78716aa1906045a9fbab3669baba4e1d85,24290201937affbe43876f1d564dfe61d03a696020830ae6162283c7e05e96db
sample,dense_crlf-65536,460,1652566,262151,8,dc2d5f78bd77dcc14e006280e3c6fc78716aa1906045a9fbab3669baba4e1d85,24290201937affbe43876f1d564dfe61d03a696020830ae6162283c7e05e96db
sample,dense_crlf-65536,461,1655666,262151,8,dc2d5f78bd77dcc14e006280e3c6fc78716aa1906045a9fbab3669baba4e1d85,24290201937affbe43876f1d564dfe61d03a696020830ae6162283c7e05e96db
sample,dense_crlf-65536,462,1657026,262151,8,dc2d5f78bd77dcc14e006280e3c6fc78716aa1906045a9fbab3669baba4e1d85,24290201937affbe43876f1d564dfe61d03a696020830ae6162283c7e05e96db
sample,dense_crlf-65536,463,1662906,262151,8,dc2d5f78bd77dcc14e006280e3c6fc78716aa1906045a9fbab3669baba4e1d85,24290201937affbe43876f1d564dfe61d03a696020830ae6162283c7e05e96db
sample,dense_crlf-65536,464,1662866,262151,8,dc2d5f78bd77dcc14e006280e3c6fc78716aa1906045a9fbab3669baba4e1d85,24290201937affbe43876f1d564dfe61d03a696020830ae6162283c7e05e96db
sample,dense_crlf-65536,465,1655446,262151,8,dc2d5f78bd77dcc14e006280e3c6fc78716aa1906045a9fbab3669baba4e1d85,24290201937affbe43876f1d564dfe61d03a696020830ae6162283c7e05e96db
sample,dense_crlf-65536,466,1666986,262151,8,dc2d5f78bd77dcc14e006280e3c6fc78716aa1906045a9fbab3669baba4e1d85,24290201937affbe43876f1d564dfe61d03a696020830ae6162283c7e05e96db
sample,dense_crlf-65536,467,1659497,262151,8,dc2d5f78bd77dcc14e006280e3c6fc78716aa1906045a9fbab3669baba4e1d85,24290201937affbe43876f1d564dfe61d03a696020830ae6162283c7e05e96db
sample,dense_crlf-65536,468,1652276,262151,8,dc2d5f78bd77dcc14e006280e3c6fc78716aa1906045a9fbab3669baba4e1d85,24290201937affbe43876f1d564dfe61d03a696020830ae6162283c7e05e96db
sample,dense_crlf-65536,469,1661106,262151,8,dc2d5f78bd77dcc14e006280e3c6fc78716aa1906045a9fbab3669baba4e1d85,24290201937affbe43876f1d564dfe61d03a696020830ae6162283c7e05e96db
sample,dense_crlf-65536,470,1657426,262151,8,dc2d5f78bd77dcc14e006280e3c6fc78716aa1906045a9fbab3669baba4e1d85,24290201937affbe43876f1d564dfe61d03a696020830ae6162283c7e05e96db
sample,dense_crlf-65536,471,1658246,262151,8,dc2d5f78bd77dcc14e006280e3c6fc78716aa1906045a9fbab3669baba4e1d85,24290201937affbe43876f1d564dfe61d03a696020830ae6162283c7e05e96db
sample,dense_crlf-65536,472,1656386,262151,8,dc2d5f78bd77dcc14e006280e3c6fc78716aa1906045a9fbab3669baba4e1d85,24290201937affbe43876f1d564dfe61d03a696020830ae6162283c7e05e96db
sample,dense_crlf-65536,473,1663577,262151,8,dc2d5f78bd77dcc14e006280e3c6fc78716aa1906045a9fbab3669baba4e1d85,24290201937affbe43876f1d564dfe61d03a696020830ae6162283c7e05e96db
sample,dense_crlf-65536,474,1655836,262151,8,dc2d5f78bd77dcc14e006280e3c6fc78716aa1906045a9fbab3669baba4e1d85,24290201937affbe43876f1d564dfe61d03a696020830ae6162283c7e05e96db
sample,dense_crlf-65536,475,1664556,262151,8,dc2d5f78bd77dcc14e006280e3c6fc78716aa1906045a9fbab3669baba4e1d85,24290201937affbe43876f1d564dfe61d03a696020830ae6162283c7e05e96db
sample,dense_crlf-65536,476,1666316,262151,8,dc2d5f78bd77dcc14e006280e3c6fc78716aa1906045a9fbab3669baba4e1d85,24290201937affbe43876f1d564dfe61d03a696020830ae6162283c7e05e96db
sample,dense_crlf-65536,477,1649946,262151,8,dc2d5f78bd77dcc14e006280e3c6fc78716aa1906045a9fbab3669baba4e1d85,24290201937affbe43876f1d564dfe61d03a696020830ae6162283c7e05e96db
sample,dense_crlf-65536,478,1665356,262151,8,dc2d5f78bd77dcc14e006280e3c6fc78716aa1906045a9fbab3669baba4e1d85,24290201937affbe43876f1d564dfe61d03a696020830ae6162283c7e05e96db
sample,dense_crlf-65536,479,1658406,262151,8,dc2d5f78bd77dcc14e006280e3c6fc78716aa1906045a9fbab3669baba4e1d85,24290201937affbe43876f1d564dfe61d03a696020830ae6162283c7e05e96db
sample,dense_crlf-65536,480,1651057,262151,8,dc2d5f78bd77dcc14e006280e3c6fc78716aa1906045a9fbab3669baba4e1d85,24290201937affbe43876f1d564dfe61d03a696020830ae6162283c7e05e96db
sample,dense_crlf-65536,481,1663646,262151,8,dc2d5f78bd77dcc14e006280e3c6fc78716aa1906045a9fbab3669baba4e1d85,24290201937affbe43876f1d564dfe61d03a696020830ae6162283c7e05e96db
sample,dense_crlf-65536,482,1654196,262151,8,dc2d5f78bd77dcc14e006280e3c6fc78716aa1906045a9fbab3669baba4e1d85,24290201937affbe43876f1d564dfe61d03a696020830ae6162283c7e05e96db
sample,dense_crlf-65536,483,1656126,262151,8,dc2d5f78bd77dcc14e006280e3c6fc78716aa1906045a9fbab3669baba4e1d85,24290201937affbe43876f1d564dfe61d03a696020830ae6162283c7e05e96db
sample,dense_crlf-65536,484,1658766,262151,8,dc2d5f78bd77dcc14e006280e3c6fc78716aa1906045a9fbab3669baba4e1d85,24290201937affbe43876f1d564dfe61d03a696020830ae6162283c7e05e96db
sample,dense_crlf-65536,485,1666866,262151,8,dc2d5f78bd77dcc14e006280e3c6fc78716aa1906045a9fbab3669baba4e1d85,24290201937affbe43876f1d564dfe61d03a696020830ae6162283c7e05e96db
sample,dense_crlf-65536,486,1654696,262151,8,dc2d5f78bd77dcc14e006280e3c6fc78716aa1906045a9fbab3669baba4e1d85,24290201937affbe43876f1d564dfe61d03a696020830ae6162283c7e05e96db
sample,dense_crlf-65536,487,1655036,262151,8,dc2d5f78bd77dcc14e006280e3c6fc78716aa1906045a9fbab3669baba4e1d85,24290201937affbe43876f1d564dfe61d03a696020830ae6162283c7e05e96db
sample,dense_crlf-65536,488,1670807,262151,8,dc2d5f78bd77dcc14e006280e3c6fc78716aa1906045a9fbab3669baba4e1d85,24290201937affbe43876f1d564dfe61d03a696020830ae6162283c7e05e96db
sample,dense_crlf-65536,489,1656676,262151,8,dc2d5f78bd77dcc14e006280e3c6fc78716aa1906045a9fbab3669baba4e1d85,24290201937affbe43876f1d564dfe61d03a696020830ae6162283c7e05e96db
sample,dense_crlf-65536,490,1666566,262151,8,dc2d5f78bd77dcc14e006280e3c6fc78716aa1906045a9fbab3669baba4e1d85,24290201937affbe43876f1d564dfe61d03a696020830ae6162283c7e05e96db
sample,dense_crlf-65536,491,1659056,262151,8,dc2d5f78bd77dcc14e006280e3c6fc78716aa1906045a9fbab3669baba4e1d85,24290201937affbe43876f1d564dfe61d03a696020830ae6162283c7e05e96db
sample,dense_crlf-65536,492,1655486,262151,8,dc2d5f78bd77dcc14e006280e3c6fc78716aa1906045a9fbab3669baba4e1d85,24290201937affbe43876f1d564dfe61d03a696020830ae6162283c7e05e96db
sample,dense_crlf-65536,493,1663986,262151,8,dc2d5f78bd77dcc14e006280e3c6fc78716aa1906045a9fbab3669baba4e1d85,24290201937affbe43876f1d564dfe61d03a696020830ae6162283c7e05e96db
sample,dense_crlf-65536,494,1661137,262151,8,dc2d5f78bd77dcc14e006280e3c6fc78716aa1906045a9fbab3669baba4e1d85,24290201937affbe43876f1d564dfe61d03a696020830ae6162283c7e05e96db
sample,dense_crlf-65536,495,1660646,262151,8,dc2d5f78bd77dcc14e006280e3c6fc78716aa1906045a9fbab3669baba4e1d85,24290201937affbe43876f1d564dfe61d03a696020830ae6162283c7e05e96db
sample,dense_crlf-65536,496,1663516,262151,8,dc2d5f78bd77dcc14e006280e3c6fc78716aa1906045a9fbab3669baba4e1d85,24290201937affbe43876f1d564dfe61d03a696020830ae6162283c7e05e96db
sample,dense_crlf-65536,497,1659186,262151,8,dc2d5f78bd77dcc14e006280e3c6fc78716aa1906045a9fbab3669baba4e1d85,24290201937affbe43876f1d564dfe61d03a696020830ae6162283c7e05e96db
sample,dense_crlf-65536,498,1655526,262151,8,dc2d5f78bd77dcc14e006280e3c6fc78716aa1906045a9fbab3669baba4e1d85,24290201937affbe43876f1d564dfe61d03a696020830ae6162283c7e05e96db
sample,dense_crlf-65536,499,1657706,262151,8,dc2d5f78bd77dcc14e006280e3c6fc78716aa1906045a9fbab3669baba4e1d85,24290201937affbe43876f1d564dfe61d03a696020830ae6162283c7e05e96db
sample,all_cr-65536,0,3226432,524295,8,435ec912e125c9f8ec95aa13ae97a7e5c07ec4f556588e54fb62969a2748fbef,119523d5019ffc56a1f411e3ea7c9b170aeeafbb9216c2b04156c486a419c04a
sample,all_cr-65536,1,3219672,524295,8,435ec912e125c9f8ec95aa13ae97a7e5c07ec4f556588e54fb62969a2748fbef,119523d5019ffc56a1f411e3ea7c9b170aeeafbb9216c2b04156c486a419c04a
sample,all_cr-65536,2,3225582,524295,8,435ec912e125c9f8ec95aa13ae97a7e5c07ec4f556588e54fb62969a2748fbef,119523d5019ffc56a1f411e3ea7c9b170aeeafbb9216c2b04156c486a419c04a
sample,all_cr-65536,3,3221312,524295,8,435ec912e125c9f8ec95aa13ae97a7e5c07ec4f556588e54fb62969a2748fbef,119523d5019ffc56a1f411e3ea7c9b170aeeafbb9216c2b04156c486a419c04a
sample,all_cr-65536,4,3256112,524295,8,435ec912e125c9f8ec95aa13ae97a7e5c07ec4f556588e54fb62969a2748fbef,119523d5019ffc56a1f411e3ea7c9b170aeeafbb9216c2b04156c486a419c04a
sample,all_cr-65536,5,3221952,524295,8,435ec912e125c9f8ec95aa13ae97a7e5c07ec4f556588e54fb62969a2748fbef,119523d5019ffc56a1f411e3ea7c9b170aeeafbb9216c2b04156c486a419c04a
sample,all_cr-65536,6,3228892,524295,8,435ec912e125c9f8ec95aa13ae97a7e5c07ec4f556588e54fb62969a2748fbef,119523d5019ffc56a1f411e3ea7c9b170aeeafbb9216c2b04156c486a419c04a
sample,all_cr-65536,7,3227091,524295,8,435ec912e125c9f8ec95aa13ae97a7e5c07ec4f556588e54fb62969a2748fbef,119523d5019ffc56a1f411e3ea7c9b170aeeafbb9216c2b04156c486a419c04a
sample,all_cr-65536,8,3231182,524295,8,435ec912e125c9f8ec95aa13ae97a7e5c07ec4f556588e54fb62969a2748fbef,119523d5019ffc56a1f411e3ea7c9b170aeeafbb9216c2b04156c486a419c04a
sample,all_cr-65536,9,3238442,524295,8,435ec912e125c9f8ec95aa13ae97a7e5c07ec4f556588e54fb62969a2748fbef,119523d5019ffc56a1f411e3ea7c9b170aeeafbb9216c2b04156c486a419c04a
sample,all_cr-65536,10,3300343,524295,8,435ec912e125c9f8ec95aa13ae97a7e5c07ec4f556588e54fb62969a2748fbef,119523d5019ffc56a1f411e3ea7c9b170aeeafbb9216c2b04156c486a419c04a
sample,all_cr-65536,11,3228701,524295,8,435ec912e125c9f8ec95aa13ae97a7e5c07ec4f556588e54fb62969a2748fbef,119523d5019ffc56a1f411e3ea7c9b170aeeafbb9216c2b04156c486a419c04a
sample,all_cr-65536,12,3224662,524295,8,435ec912e125c9f8ec95aa13ae97a7e5c07ec4f556588e54fb62969a2748fbef,119523d5019ffc56a1f411e3ea7c9b170aeeafbb9216c2b04156c486a419c04a
sample,all_cr-65536,13,3231642,524295,8,435ec912e125c9f8ec95aa13ae97a7e5c07ec4f556588e54fb62969a2748fbef,119523d5019ffc56a1f411e3ea7c9b170aeeafbb9216c2b04156c486a419c04a
sample,all_cr-65536,14,3224312,524295,8,435ec912e125c9f8ec95aa13ae97a7e5c07ec4f556588e54fb62969a2748fbef,119523d5019ffc56a1f411e3ea7c9b170aeeafbb9216c2b04156c486a419c04a
sample,all_cr-65536,15,3226042,524295,8,435ec912e125c9f8ec95aa13ae97a7e5c07ec4f556588e54fb62969a2748fbef,119523d5019ffc56a1f411e3ea7c9b170aeeafbb9216c2b04156c486a419c04a
sample,all_cr-65536,16,3222062,524295,8,435ec912e125c9f8ec95aa13ae97a7e5c07ec4f556588e54fb62969a2748fbef,119523d5019ffc56a1f411e3ea7c9b170aeeafbb9216c2b04156c486a419c04a
sample,all_cr-65536,17,3231162,524295,8,435ec912e125c9f8ec95aa13ae97a7e5c07ec4f556588e54fb62969a2748fbef,119523d5019ffc56a1f411e3ea7c9b170aeeafbb9216c2b04156c486a419c04a
sample,all_cr-65536,18,3228622,524295,8,435ec912e125c9f8ec95aa13ae97a7e5c07ec4f556588e54fb62969a2748fbef,119523d5019ffc56a1f411e3ea7c9b170aeeafbb9216c2b04156c486a419c04a
sample,all_cr-65536,19,3223932,524295,8,435ec912e125c9f8ec95aa13ae97a7e5c07ec4f556588e54fb62969a2748fbef,119523d5019ffc56a1f411e3ea7c9b170aeeafbb9216c2b04156c486a419c04a
sample,all_cr-65536,20,3225662,524295,8,435ec912e125c9f8ec95aa13ae97a7e5c07ec4f556588e54fb62969a2748fbef,119523d5019ffc56a1f411e3ea7c9b170aeeafbb9216c2b04156c486a419c04a
sample,all_cr-65536,21,3239452,524295,8,435ec912e125c9f8ec95aa13ae97a7e5c07ec4f556588e54fb62969a2748fbef,119523d5019ffc56a1f411e3ea7c9b170aeeafbb9216c2b04156c486a419c04a
sample,all_cr-65536,22,3226412,524295,8,435ec912e125c9f8ec95aa13ae97a7e5c07ec4f556588e54fb62969a2748fbef,119523d5019ffc56a1f411e3ea7c9b170aeeafbb9216c2b04156c486a419c04a
sample,all_cr-65536,23,3227492,524295,8,435ec912e125c9f8ec95aa13ae97a7e5c07ec4f556588e54fb62969a2748fbef,119523d5019ffc56a1f411e3ea7c9b170aeeafbb9216c2b04156c486a419c04a
sample,all_cr-65536,24,3231362,524295,8,435ec912e125c9f8ec95aa13ae97a7e5c07ec4f556588e54fb62969a2748fbef,119523d5019ffc56a1f411e3ea7c9b170aeeafbb9216c2b04156c486a419c04a
sample,all_cr-65536,25,3235482,524295,8,435ec912e125c9f8ec95aa13ae97a7e5c07ec4f556588e54fb62969a2748fbef,119523d5019ffc56a1f411e3ea7c9b170aeeafbb9216c2b04156c486a419c04a
sample,all_cr-65536,26,3245502,524295,8,435ec912e125c9f8ec95aa13ae97a7e5c07ec4f556588e54fb62969a2748fbef,119523d5019ffc56a1f411e3ea7c9b170aeeafbb9216c2b04156c486a419c04a
sample,all_cr-65536,27,3218572,524295,8,435ec912e125c9f8ec95aa13ae97a7e5c07ec4f556588e54fb62969a2748fbef,119523d5019ffc56a1f411e3ea7c9b170aeeafbb9216c2b04156c486a419c04a
sample,all_cr-65536,28,3221582,524295,8,435ec912e125c9f8ec95aa13ae97a7e5c07ec4f556588e54fb62969a2748fbef,119523d5019ffc56a1f411e3ea7c9b170aeeafbb9216c2b04156c486a419c04a
sample,all_cr-65536,29,3223991,524295,8,435ec912e125c9f8ec95aa13ae97a7e5c07ec4f556588e54fb62969a2748fbef,119523d5019ffc56a1f411e3ea7c9b170aeeafbb9216c2b04156c486a419c04a
sample,all_cr-65536,30,3231422,524295,8,435ec912e125c9f8ec95aa13ae97a7e5c07ec4f556588e54fb62969a2748fbef,119523d5019ffc56a1f411e3ea7c9b170aeeafbb9216c2b04156c486a419c04a
sample,all_cr-65536,31,3232472,524295,8,435ec912e125c9f8ec95aa13ae97a7e5c07ec4f556588e54fb62969a2748fbef,119523d5019ffc56a1f411e3ea7c9b170aeeafbb9216c2b04156c486a419c04a
sample,all_cr-65536,32,3299223,524295,8,435ec912e125c9f8ec95aa13ae97a7e5c07ec4f556588e54fb62969a2748fbef,119523d5019ffc56a1f411e3ea7c9b170aeeafbb9216c2b04156c486a419c04a
sample,all_cr-65536,33,3217551,524295,8,435ec912e125c9f8ec95aa13ae97a7e5c07ec4f556588e54fb62969a2748fbef,119523d5019ffc56a1f411e3ea7c9b170aeeafbb9216c2b04156c486a419c04a
sample,all_cr-65536,34,3241882,524295,8,435ec912e125c9f8ec95aa13ae97a7e5c07ec4f556588e54fb62969a2748fbef,119523d5019ffc56a1f411e3ea7c9b170aeeafbb9216c2b04156c486a419c04a
sample,all_cr-65536,35,3228722,524295,8,435ec912e125c9f8ec95aa13ae97a7e5c07ec4f556588e54fb62969a2748fbef,119523d5019ffc56a1f411e3ea7c9b170aeeafbb9216c2b04156c486a419c04a
sample,all_cr-65536,36,3233342,524295,8,435ec912e125c9f8ec95aa13ae97a7e5c07ec4f556588e54fb62969a2748fbef,119523d5019ffc56a1f411e3ea7c9b170aeeafbb9216c2b04156c486a419c04a
sample,all_cr-65536,37,3223472,524295,8,435ec912e125c9f8ec95aa13ae97a7e5c07ec4f556588e54fb62969a2748fbef,119523d5019ffc56a1f411e3ea7c9b170aeeafbb9216c2b04156c486a419c04a
sample,all_cr-65536,38,3231142,524295,8,435ec912e125c9f8ec95aa13ae97a7e5c07ec4f556588e54fb62969a2748fbef,119523d5019ffc56a1f411e3ea7c9b170aeeafbb9216c2b04156c486a419c04a
sample,all_cr-65536,39,3223942,524295,8,435ec912e125c9f8ec95aa13ae97a7e5c07ec4f556588e54fb62969a2748fbef,119523d5019ffc56a1f411e3ea7c9b170aeeafbb9216c2b04156c486a419c04a
sample,all_cr-65536,40,3224932,524295,8,435ec912e125c9f8ec95aa13ae97a7e5c07ec4f556588e54fb62969a2748fbef,119523d5019ffc56a1f411e3ea7c9b170aeeafbb9216c2b04156c486a419c04a
sample,all_cr-65536,41,3231132,524295,8,435ec912e125c9f8ec95aa13ae97a7e5c07ec4f556588e54fb62969a2748fbef,119523d5019ffc56a1f411e3ea7c9b170aeeafbb9216c2b04156c486a419c04a
sample,all_cr-65536,42,3225282,524295,8,435ec912e125c9f8ec95aa13ae97a7e5c07ec4f556588e54fb62969a2748fbef,119523d5019ffc56a1f411e3ea7c9b170aeeafbb9216c2b04156c486a419c04a
sample,all_cr-65536,43,3300432,524295,8,435ec912e125c9f8ec95aa13ae97a7e5c07ec4f556588e54fb62969a2748fbef,119523d5019ffc56a1f411e3ea7c9b170aeeafbb9216c2b04156c486a419c04a
sample,all_cr-65536,44,3220992,524295,8,435ec912e125c9f8ec95aa13ae97a7e5c07ec4f556588e54fb62969a2748fbef,119523d5019ffc56a1f411e3ea7c9b170aeeafbb9216c2b04156c486a419c04a
sample,all_cr-65536,45,3224432,524295,8,435ec912e125c9f8ec95aa13ae97a7e5c07ec4f556588e54fb62969a2748fbef,119523d5019ffc56a1f411e3ea7c9b170aeeafbb9216c2b04156c486a419c04a
sample,all_cr-65536,46,3235942,524295,8,435ec912e125c9f8ec95aa13ae97a7e5c07ec4f556588e54fb62969a2748fbef,119523d5019ffc56a1f411e3ea7c9b170aeeafbb9216c2b04156c486a419c04a
sample,all_cr-65536,47,3287472,524295,8,435ec912e125c9f8ec95aa13ae97a7e5c07ec4f556588e54fb62969a2748fbef,119523d5019ffc56a1f411e3ea7c9b170aeeafbb9216c2b04156c486a419c04a
sample,all_cr-65536,48,3222532,524295,8,435ec912e125c9f8ec95aa13ae97a7e5c07ec4f556588e54fb62969a2748fbef,119523d5019ffc56a1f411e3ea7c9b170aeeafbb9216c2b04156c486a419c04a
sample,all_cr-65536,49,3222042,524295,8,435ec912e125c9f8ec95aa13ae97a7e5c07ec4f556588e54fb62969a2748fbef,119523d5019ffc56a1f411e3ea7c9b170aeeafbb9216c2b04156c486a419c04a
sample,all_cr-65536,50,3228042,524295,8,435ec912e125c9f8ec95aa13ae97a7e5c07ec4f556588e54fb62969a2748fbef,119523d5019ffc56a1f411e3ea7c9b170aeeafbb9216c2b04156c486a419c04a
sample,all_cr-65536,51,3237622,524295,8,435ec912e125c9f8ec95aa13ae97a7e5c07ec4f556588e54fb62969a2748fbef,119523d5019ffc56a1f411e3ea7c9b170aeeafbb9216c2b04156c486a419c04a
sample,all_cr-65536,52,3227302,524295,8,435ec912e125c9f8ec95aa13ae97a7e5c07ec4f556588e54fb62969a2748fbef,119523d5019ffc56a1f411e3ea7c9b170aeeafbb9216c2b04156c486a419c04a
sample,all_cr-65536,53,3228082,524295,8,435ec912e125c9f8ec95aa13ae97a7e5c07ec4f556588e54fb62969a2748fbef,119523d5019ffc56a1f411e3ea7c9b170aeeafbb9216c2b04156c486a419c04a
sample,all_cr-65536,54,3224342,524295,8,435ec912e125c9f8ec95aa13ae97a7e5c07ec4f556588e54fb62969a2748fbef,119523d5019ffc56a1f411e3ea7c9b170aeeafbb9216c2b04156c486a419c04a
sample,all_cr-65536,55,3233842,524295,8,435ec912e125c9f8ec95aa13ae97a7e5c07ec4f556588e54fb62969a2748fbef,119523d5019ffc56a1f411e3ea7c9b170aeeafbb9216c2b04156c486a419c04a
sample,all_cr-65536,56,3237342,524295,8,435ec912e125c9f8ec95aa13ae97a7e5c07ec4f556588e54fb62969a2748fbef,119523d5019ffc56a1f411e3ea7c9b170aeeafbb9216c2b04156c486a419c04a
sample,all_cr-65536,57,3235172,524295,8,435ec912e125c9f8ec95aa13ae97a7e5c07ec4f556588e54fb62969a2748fbef,119523d5019ffc56a1f411e3ea7c9b170aeeafbb9216c2b04156c486a419c04a
sample,all_cr-65536,58,3228092,524295,8,435ec912e125c9f8ec95aa13ae97a7e5c07ec4f556588e54fb62969a2748fbef,119523d5019ffc56a1f411e3ea7c9b170aeeafbb9216c2b04156c486a419c04a
sample,all_cr-65536,59,3232251,524295,8,435ec912e125c9f8ec95aa13ae97a7e5c07ec4f556588e54fb62969a2748fbef,119523d5019ffc56a1f411e3ea7c9b170aeeafbb9216c2b04156c486a419c04a
sample,all_cr-65536,60,3240242,524295,8,435ec912e125c9f8ec95aa13ae97a7e5c07ec4f556588e54fb62969a2748fbef,119523d5019ffc56a1f411e3ea7c9b170aeeafbb9216c2b04156c486a419c04a
sample,all_cr-65536,61,3229072,524295,8,435ec912e125c9f8ec95aa13ae97a7e5c07ec4f556588e54fb62969a2748fbef,119523d5019ffc56a1f411e3ea7c9b170aeeafbb9216c2b04156c486a419c04a
sample,all_cr-65536,62,3233912,524295,8,435ec912e125c9f8ec95aa13ae97a7e5c07ec4f556588e54fb62969a2748fbef,119523d5019ffc56a1f411e3ea7c9b170aeeafbb9216c2b04156c486a419c04a
sample,all_cr-65536,63,3226592,524295,8,435ec912e125c9f8ec95aa13ae97a7e5c07ec4f556588e54fb62969a2748fbef,119523d5019ffc56a1f411e3ea7c9b170aeeafbb9216c2b04156c486a419c04a
sample,all_cr-65536,64,3221042,524295,8,435ec912e125c9f8ec95aa13ae97a7e5c07ec4f556588e54fb62969a2748fbef,119523d5019ffc56a1f411e3ea7c9b170aeeafbb9216c2b04156c486a419c04a
sample,all_cr-65536,65,3224902,524295,8,435ec912e125c9f8ec95aa13ae97a7e5c07ec4f556588e54fb62969a2748fbef,119523d5019ffc56a1f411e3ea7c9b170aeeafbb9216c2b04156c486a419c04a
sample,all_cr-65536,66,3233472,524295,8,435ec912e125c9f8ec95aa13ae97a7e5c07ec4f556588e54fb62969a2748fbef,119523d5019ffc56a1f411e3ea7c9b170aeeafbb9216c2b04156c486a419c04a
sample,all_cr-65536,67,3229692,524295,8,435ec912e125c9f8ec95aa13ae97a7e5c07ec4f556588e54fb62969a2748fbef,119523d5019ffc56a1f411e3ea7c9b170aeeafbb9216c2b04156c486a419c04a
sample,all_cr-65536,68,3237932,524295,8,435ec912e125c9f8ec95aa13ae97a7e5c07ec4f556588e54fb62969a2748fbef,119523d5019ffc56a1f411e3ea7c9b170aeeafbb9216c2b04156c486a419c04a
sample,all_cr-65536,69,3242272,524295,8,435ec912e125c9f8ec95aa13ae97a7e5c07ec4f556588e54fb62969a2748fbef,119523d5019ffc56a1f411e3ea7c9b170aeeafbb9216c2b04156c486a419c04a
sample,all_cr-65536,70,3228852,524295,8,435ec912e125c9f8ec95aa13ae97a7e5c07ec4f556588e54fb62969a2748fbef,119523d5019ffc56a1f411e3ea7c9b170aeeafbb9216c2b04156c486a419c04a
sample,all_cr-65536,71,3223252,524295,8,435ec912e125c9f8ec95aa13ae97a7e5c07ec4f556588e54fb62969a2748fbef,119523d5019ffc56a1f411e3ea7c9b170aeeafbb9216c2b04156c486a419c04a
sample,all_cr-65536,72,3240232,524295,8,435ec912e125c9f8ec95aa13ae97a7e5c07ec4f556588e54fb62969a2748fbef,119523d5019ffc56a1f411e3ea7c9b170aeeafbb9216c2b04156c486a419c04a
sample,all_cr-65536,73,3230732,524295,8,435ec912e125c9f8ec95aa13ae97a7e5c07ec4f556588e54fb62969a2748fbef,119523d5019ffc56a1f411e3ea7c9b170aeeafbb9216c2b04156c486a419c04a
sample,all_cr-65536,74,3227572,524295,8,435ec912e125c9f8ec95aa13ae97a7e5c07ec4f556588e54fb62969a2748fbef,119523d5019ffc56a1f411e3ea7c9b170aeeafbb9216c2b04156c486a419c04a
sample,all_cr-65536,75,3220652,524295,8,435ec912e125c9f8ec95aa13ae97a7e5c07ec4f556588e54fb62969a2748fbef,119523d5019ffc56a1f411e3ea7c9b170aeeafbb9216c2b04156c486a419c04a
sample,all_cr-65536,76,3239382,524295,8,435ec912e125c9f8ec95aa13ae97a7e5c07ec4f556588e54fb62969a2748fbef,119523d5019ffc56a1f411e3ea7c9b170aeeafbb9216c2b04156c486a419c04a
sample,all_cr-65536,77,3228982,524295,8,435ec912e125c9f8ec95aa13ae97a7e5c07ec4f556588e54fb62969a2748fbef,119523d5019ffc56a1f411e3ea7c9b170aeeafbb9216c2b04156c486a419c04a
sample,all_cr-65536,78,3227081,524295,8,435ec912e125c9f8ec95aa13ae97a7e5c07ec4f556588e54fb62969a2748fbef,119523d5019ffc56a1f411e3ea7c9b170aeeafbb9216c2b04156c486a419c04a
sample,all_cr-65536,79,3235312,524295,8,435ec912e125c9f8ec95aa13ae97a7e5c07ec4f556588e54fb62969a2748fbef,119523d5019ffc56a1f411e3ea7c9b170aeeafbb9216c2b04156c486a419c04a
sample,all_cr-65536,80,3228671,524295,8,435ec912e125c9f8ec95aa13ae97a7e5c07ec4f556588e54fb62969a2748fbef,119523d5019ffc56a1f411e3ea7c9b170aeeafbb9216c2b04156c486a419c04a
sample,all_cr-65536,81,3236452,524295,8,435ec912e125c9f8ec95aa13ae97a7e5c07ec4f556588e54fb62969a2748fbef,119523d5019ffc56a1f411e3ea7c9b170aeeafbb9216c2b04156c486a419c04a
sample,all_cr-65536,82,3227042,524295,8,435ec912e125c9f8ec95aa13ae97a7e5c07ec4f556588e54fb62969a2748fbef,119523d5019ffc56a1f411e3ea7c9b170aeeafbb9216c2b04156c486a419c04a
sample,all_cr-65536,83,3228332,524295,8,435ec912e125c9f8ec95aa13ae97a7e5c07ec4f556588e54fb62969a2748fbef,119523d5019ffc56a1f411e3ea7c9b170aeeafbb9216c2b04156c486a419c04a
sample,all_cr-65536,84,3226072,524295,8,435ec912e125c9f8ec95aa13ae97a7e5c07ec4f556588e54fb62969a2748fbef,119523d5019ffc56a1f411e3ea7c9b170aeeafbb9216c2b04156c486a419c04a
sample,all_cr-65536,85,3228432,524295,8,435ec912e125c9f8ec95aa13ae97a7e5c07ec4f556588e54fb62969a2748fbef,119523d5019ffc56a1f411e3ea7c9b170aeeafbb9216c2b04156c486a419c04a
sample,all_cr-65536,86,3226562,524295,8,435ec912e125c9f8ec95aa13ae97a7e5c07ec4f556588e54fb62969a2748fbef,119523d5019ffc56a1f411e3ea7c9b170aeeafbb9216c2b04156c486a419c04a
sample,all_cr-65536,87,3226462,524295,8,435ec912e125c9f8ec95aa13ae97a7e5c07ec4f556588e54fb62969a2748fbef,119523d5019ffc56a1f411e3ea7c9b170aeeafbb9216c2b04156c486a419c04a
sample,all_cr-65536,88,3226592,524295,8,435ec912e125c9f8ec95aa13ae97a7e5c07ec4f556588e54fb62969a2748fbef,119523d5019ffc56a1f411e3ea7c9b170aeeafbb9216c2b04156c486a419c04a
sample,all_cr-65536,89,3231962,524295,8,435ec912e125c9f8ec95aa13ae97a7e5c07ec4f556588e54fb62969a2748fbef,119523d5019ffc56a1f411e3ea7c9b170aeeafbb9216c2b04156c486a419c04a
sample,all_cr-65536,90,3225942,524295,8,435ec912e125c9f8ec95aa13ae97a7e5c07ec4f556588e54fb62969a2748fbef,119523d5019ffc56a1f411e3ea7c9b170aeeafbb9216c2b04156c486a419c04a
sample,all_cr-65536,91,3230362,524295,8,435ec912e125c9f8ec95aa13ae97a7e5c07ec4f556588e54fb62969a2748fbef,119523d5019ffc56a1f411e3ea7c9b170aeeafbb9216c2b04156c486a419c04a
sample,all_cr-65536,92,3229062,524295,8,435ec912e125c9f8ec95aa13ae97a7e5c07ec4f556588e54fb62969a2748fbef,119523d5019ffc56a1f411e3ea7c9b170aeeafbb9216c2b04156c486a419c04a
sample,all_cr-65536,93,3236132,524295,8,435ec912e125c9f8ec95aa13ae97a7e5c07ec4f556588e54fb62969a2748fbef,119523d5019ffc56a1f411e3ea7c9b170aeeafbb9216c2b04156c486a419c04a
sample,all_cr-65536,94,3223842,524295,8,435ec912e125c9f8ec95aa13ae97a7e5c07ec4f556588e54fb62969a2748fbef,119523d5019ffc56a1f411e3ea7c9b170aeeafbb9216c2b04156c486a419c04a
sample,all_cr-65536,95,3222292,524295,8,435ec912e125c9f8ec95aa13ae97a7e5c07ec4f556588e54fb62969a2748fbef,119523d5019ffc56a1f411e3ea7c9b170aeeafbb9216c2b04156c486a419c04a
sample,all_cr-65536,96,3222412,524295,8,435ec912e125c9f8ec95aa13ae97a7e5c07ec4f556588e54fb62969a2748fbef,119523d5019ffc56a1f411e3ea7c9b170aeeafbb9216c2b04156c486a419c04a
sample,all_cr-65536,97,3221401,524295,8,435ec912e125c9f8ec95aa13ae97a7e5c07ec4f556588e54fb62969a2748fbef,119523d5019ffc56a1f411e3ea7c9b170aeeafbb9216c2b04156c486a419c04a
sample,all_cr-65536,98,3243352,524295,8,435ec912e125c9f8ec95aa13ae97a7e5c07ec4f556588e54fb62969a2748fbef,119523d5019ffc56a1f411e3ea7c9b170aeeafbb9216c2b04156c486a419c04a
sample,all_cr-65536,99,3222302,524295,8,435ec912e125c9f8ec95aa13ae97a7e5c07ec4f556588e54fb62969a2748fbef,119523d5019ffc56a1f411e3ea7c9b170aeeafbb9216c2b04156c486a419c04a
sample,all_cr-65536,100,3223962,524295,8,435ec912e125c9f8ec95aa13ae97a7e5c07ec4f556588e54fb62969a2748fbef,119523d5019ffc56a1f411e3ea7c9b170aeeafbb9216c2b04156c486a419c04a
sample,all_cr-65536,101,3223592,524295,8,435ec912e125c9f8ec95aa13ae97a7e5c07ec4f556588e54fb62969a2748fbef,119523d5019ffc56a1f411e3ea7c9b170aeeafbb9216c2b04156c486a419c04a
sample,all_cr-65536,102,3230642,524295,8,435ec912e125c9f8ec95aa13ae97a7e5c07ec4f556588e54fb62969a2748fbef,119523d5019ffc56a1f411e3ea7c9b170aeeafbb9216c2b04156c486a419c04a
sample,all_cr-65536,103,3233092,524295,8,435ec912e125c9f8ec95aa13ae97a7e5c07ec4f556588e54fb62969a2748fbef,119523d5019ffc56a1f411e3ea7c9b170aeeafbb9216c2b04156c486a419c04a
sample,all_cr-65536,104,3226462,524295,8,435ec912e125c9f8ec95aa13ae97a7e5c07ec4f556588e54fb62969a2748fbef,119523d5019ffc56a1f411e3ea7c9b170aeeafbb9216c2b04156c486a419c04a
sample,all_cr-65536,105,3226482,524295,8,435ec912e125c9f8ec95aa13ae97a7e5c07ec4f556588e54fb62969a2748fbef,119523d5019ffc56a1f411e3ea7c9b170aeeafbb9216c2b04156c486a419c04a
sample,all_cr-65536,106,3223342,524295,8,435ec912e125c9f8ec95aa13ae97a7e5c07ec4f556588e54fb62969a2748fbef,119523d5019ffc56a1f411e3ea7c9b170aeeafbb9216c2b04156c486a419c04a
sample,all_cr-65536,107,3227012,524295,8,435ec912e125c9f8ec95aa13ae97a7e5c07ec4f556588e54fb62969a2748fbef,119523d5019ffc56a1f411e3ea7c9b170aeeafbb9216c2b04156c486a419c04a
sample,all_cr-65536,108,3223222,524295,8,435ec912e125c9f8ec95aa13ae97a7e5c07ec4f556588e54fb62969a2748fbef,119523d5019ffc56a1f411e3ea7c9b170aeeafbb9216c2b04156c486a419c04a
sample,all_cr-65536,109,3224072,524295,8,435ec912e125c9f8ec95aa13ae97a7e5c07ec4f556588e54fb62969a2748fbef,119523d5019ffc56a1f411e3ea7c9b170aeeafbb9216c2b04156c486a419c04a
sample,all_cr-65536,110,3228082,524295,8,435ec912e125c9f8ec95aa13ae97a7e5c07ec4f556588e54fb62969a2748fbef,119523d5019ffc56a1f411e3ea7c9b170aeeafbb9216c2b04156c486a419c04a
sample,all_cr-65536,111,3233111,524295,8,435ec912e125c9f8ec95aa13ae97a7e5c07ec4f556588e54fb62969a2748fbef,119523d5019ffc56a1f411e3ea7c9b170aeeafbb9216c2b04156c486a419c04a
sample,all_cr-65536,112,3464533,524295,8,435ec912e125c9f8ec95aa13ae97a7e5c07ec4f556588e54fb62969a2748fbef,119523d5019ffc56a1f411e3ea7c9b170aeeafbb9216c2b04156c486a419c04a
sample,all_cr-65536,113,3230982,524295,8,435ec912e125c9f8ec95aa13ae97a7e5c07ec4f556588e54fb62969a2748fbef,119523d5019ffc56a1f411e3ea7c9b170aeeafbb9216c2b04156c486a419c04a
sample,all_cr-65536,114,3233272,524295,8,435ec912e125c9f8ec95aa13ae97a7e5c07ec4f556588e54fb62969a2748fbef,119523d5019ffc56a1f411e3ea7c9b170aeeafbb9216c2b04156c486a419c04a
sample,all_cr-65536,115,3227062,524295,8,435ec912e125c9f8ec95aa13ae97a7e5c07ec4f556588e54fb62969a2748fbef,119523d5019ffc56a1f411e3ea7c9b170aeeafbb9216c2b04156c486a419c04a
sample,all_cr-65536,116,3225622,524295,8,435ec912e125c9f8ec95aa13ae97a7e5c07ec4f556588e54fb62969a2748fbef,119523d5019ffc56a1f411e3ea7c9b170aeeafbb9216c2b04156c486a419c04a
sample,all_cr-65536,117,3226472,524295,8,435ec912e125c9f8ec95aa13ae97a7e5c07ec4f556588e54fb62969a2748fbef,119523d5019ffc56a1f411e3ea7c9b170aeeafbb9216c2b04156c486a419c04a
sample,all_cr-65536,118,3226562,524295,8,435ec912e125c9f8ec95aa13ae97a7e5c07ec4f556588e54fb62969a2748fbef,119523d5019ffc56a1f411e3ea7c9b170aeeafbb9216c2b04156c486a419c04a
sample,all_cr-65536,119,3224262,524295,8,435ec912e125c9f8ec95aa13ae97a7e5c07ec4f556588e54fb62969a2748fbef,119523d5019ffc56a1f411e3ea7c9b170aeeafbb9216c2b04156c486a419c04a
sample,all_cr-65536,120,3223512,524295,8,435ec912e125c9f8ec95aa13ae97a7e5c07ec4f556588e54fb62969a2748fbef,119523d5019ffc56a1f411e3ea7c9b170aeeafbb9216c2b04156c486a419c04a
sample,all_cr-65536,121,3229852,524295,8,435ec912e125c9f8ec95aa13ae97a7e5c07ec4f556588e54fb62969a2748fbef,119523d5019ffc56a1f411e3ea7c9b170aeeafbb9216c2b04156c486a419c04a
sample,all_cr-65536,122,3218422,524295,8,435ec912e125c9f8ec95aa13ae97a7e5c07ec4f556588e54fb62969a2748fbef,119523d5019ffc56a1f411e3ea7c9b170aeeafbb9216c2b04156c486a419c04a
sample,all_cr-65536,123,3231312,524295,8,435ec912e125c9f8ec95aa13ae97a7e5c07ec4f556588e54fb62969a2748fbef,119523d5019ffc56a1f411e3ea7c9b170aeeafbb9216c2b04156c486a419c04a
sample,all_cr-65536,124,3230042,524295,8,435ec912e125c9f8ec95aa13ae97a7e5c07ec4f556588e54fb62969a2748fbef,119523d5019ffc56a1f411e3ea7c9b170aeeafbb9216c2b04156c486a419c04a
sample,all_cr-65536,125,3224901,524295,8,435ec912e125c9f8ec95aa13ae97a7e5c07ec4f556588e54fb62969a2748fbef,119523d5019ffc56a1f411e3ea7c9b170aeeafbb9216c2b04156c486a419c04a
sample,all_cr-65536,126,3229082,524295,8,435ec912e125c9f8ec95aa13ae97a7e5c07ec4f556588e54fb62969a2748fbef,119523d5019ffc56a1f411e3ea7c9b170aeeafbb9216c2b04156c486a419c04a
sample,all_cr-65536,127,3230272,524295,8,435ec912e125c9f8ec95aa13ae97a7e5c07ec4f556588e54fb62969a2748fbef,119523d5019ffc56a1f411e3ea7c9b170aeeafbb9216c2b04156c486a419c04a
sample,all_cr-65536,128,3224992,524295,8,435ec912e125c9f8ec95aa13ae97a7e5c07ec4f556588e54fb62969a2748fbef,119523d5019ffc56a1f411e3ea7c9b170aeeafbb9216c2b04156c486a419c04a
sample,all_cr-65536,129,3227702,524295,8,435ec912e125c9f8ec95aa13ae97a7e5c07ec4f556588e54fb62969a2748fbef,119523d5019ffc56a1f411e3ea7c9b170aeeafbb9216c2b04156c486a419c04a
sample,all_cr-65536,130,3220392,524295,8,435ec912e125c9f8ec95aa13ae97a7e5c07ec4f556588e54fb62969a2748fbef,119523d5019ffc56a1f411e3ea7c9b170aeeafbb9216c2b04156c486a419c04a
sample,all_cr-65536,131,3227562,524295,8,435ec912e125c9f8ec95aa13ae97a7e5c07ec4f556588e54fb62969a2748fbef,119523d5019ffc56a1f411e3ea7c9b170aeeafbb9216c2b04156c486a419c04a
sample,all_cr-65536,132,3285812,524295,8,435ec912e125c9f8ec95aa13ae97a7e5c07ec4f556588e54fb62969a2748fbef,119523d5019ffc56a1f411e3ea7c9b170aeeafbb9216c2b04156c486a419c04a
sample,all_cr-65536,133,3223492,524295,8,435ec912e125c9f8ec95aa13ae97a7e5c07ec4f556588e54fb62969a2748fbef,119523d5019ffc56a1f411e3ea7c9b170aeeafbb9216c2b04156c486a419c04a
sample,all_cr-65536,134,3227362,524295,8,435ec912e125c9f8ec95aa13ae97a7e5c07ec4f556588e54fb62969a2748fbef,119523d5019ffc56a1f411e3ea7c9b170aeeafbb9216c2b04156c486a419c04a
sample,all_cr-65536,135,3226842,524295,8,435ec912e125c9f8ec95aa13ae97a7e5c07ec4f556588e54fb62969a2748fbef,119523d5019ffc56a1f411e3ea7c9b170aeeafbb9216c2b04156c486a419c04a
sample,all_cr-65536,136,3233392,524295,8,435ec912e125c9f8ec95aa13ae97a7e5c07ec4f556588e54fb62969a2748fbef,119523d5019ffc56a1f411e3ea7c9b170aeeafbb9216c2b04156c486a419c04a
sample,all_cr-65536,137,3220002,524295,8,435ec912e125c9f8ec95aa13ae97a7e5c07ec4f556588e54fb62969a2748fbef,119523d5019ffc56a1f411e3ea7c9b170aeeafbb9216c2b04156c486a419c04a
sample,all_cr-65536,138,3230462,524295,8,435ec912e125c9f8ec95aa13ae97a7e5c07ec4f556588e54fb62969a2748fbef,119523d5019ffc56a1f411e3ea7c9b170aeeafbb9216c2b04156c486a419c04a
sample,all_cr-65536,139,3218232,524295,8,435ec912e125c9f8ec95aa13ae97a7e5c07ec4f556588e54fb62969a2748fbef,119523d5019ffc56a1f411e3ea7c9b170aeeafbb9216c2b04156c486a419c04a
sample,all_cr-65536,140,3235162,524295,8,435ec912e125c9f8ec95aa13ae97a7e5c07ec4f556588e54fb62969a2748fbef,119523d5019ffc56a1f411e3ea7c9b170aeeafbb9216c2b04156c486a419c04a
sample,all_cr-65536,141,3221541,524295,8,435ec912e125c9f8ec95aa13ae97a7e5c07ec4f556588e54fb62969a2748fbef,119523d5019ffc56a1f411e3ea7c9b170aeeafbb9216c2b04156c486a419c04a
sample,all_cr-65536,142,3224722,524295,8,435ec912e125c9f8ec95aa13ae97a7e5c07ec4f556588e54fb62969a2748fbef,119523d5019ffc56a1f411e3ea7c9b170aeeafbb9216c2b04156c486a419c04a
sample,all_cr-65536,143,3221392,524295,8,435ec912e125c9f8ec95aa13ae97a7e5c07ec4f556588e54fb62969a2748fbef,119523d5019ffc56a1f411e3ea7c9b170aeeafbb9216c2b04156c486a419c04a
sample,all_cr-65536,144,3289203,524295,8,435ec912e125c9f8ec95aa13ae97a7e5c07ec4f556588e54fb62969a2748fbef,119523d5019ffc56a1f411e3ea7c9b170aeeafbb9216c2b04156c486a419c04a
sample,all_cr-65536,145,3236481,524295,8,435ec912e125c9f8ec95aa13ae97a7e5c07ec4f556588e54fb62969a2748fbef,119523d5019ffc56a1f411e3ea7c9b170aeeafbb9216c2b04156c486a419c04a
sample,all_cr-65536,146,3226762,524295,8,435ec912e125c9f8ec95aa13ae97a7e5c07ec4f556588e54fb62969a2748fbef,119523d5019ffc56a1f411e3ea7c9b170aeeafbb9216c2b04156c486a419c04a
sample,all_cr-65536,147,3229022,524295,8,435ec912e125c9f8ec95aa13ae97a7e5c07ec4f556588e54fb62969a2748fbef,119523d5019ffc56a1f411e3ea7c9b170aeeafbb9216c2b04156c486a419c04a
sample,all_cr-65536,148,3219952,524295,8,435ec912e125c9f8ec95aa13ae97a7e5c07ec4f556588e54fb62969a2748fbef,119523d5019ffc56a1f411e3ea7c9b170aeeafbb9216c2b04156c486a419c04a
sample,all_cr-65536,149,3231352,524295,8,435ec912e125c9f8ec95aa13ae97a7e5c07ec4f556588e54fb62969a2748fbef,119523d5019ffc56a1f411e3ea7c9b170aeeafbb9216c2b04156c486a419c04a
sample,all_cr-65536,150,3223172,524295,8,435ec912e125c9f8ec95aa13ae97a7e5c07ec4f556588e54fb62969a2748fbef,119523d5019ffc56a1f411e3ea7c9b170aeeafbb9216c2b04156c486a419c04a
sample,all_cr-65536,151,3225992,524295,8,435ec912e125c9f8ec95aa13ae97a7e5c07ec4f556588e54fb62969a2748fbef,119523d5019ffc56a1f411e3ea7c9b170aeeafbb9216c2b04156c486a419c04a
sample,all_cr-65536,152,3224682,524295,8,435ec912e125c9f8ec95aa13ae97a7e5c07ec4f556588e54fb62969a2748fbef,119523d5019ffc56a1f411e3ea7c9b170aeeafbb9216c2b04156c486a419c04a
sample,all_cr-65536,153,3228162,524295,8,435ec912e125c9f8ec95aa13ae97a7e5c07ec4f556588e54fb62969a2748fbef,119523d5019ffc56a1f411e3ea7c9b170aeeafbb9216c2b04156c486a419c04a
sample,all_cr-65536,154,3223972,524295,8,435ec912e125c9f8ec95aa13ae97a7e5c07ec4f556588e54fb62969a2748fbef,119523d5019ffc56a1f411e3ea7c9b170aeeafbb9216c2b04156c486a419c04a
sample,all_cr-65536,155,3223832,524295,8,435ec912e125c9f8ec95aa13ae97a7e5c07ec4f556588e54fb62969a2748fbef,119523d5019ffc56a1f411e3ea7c9b170aeeafbb9216c2b04156c486a419c04a
sample,all_cr-65536,156,3225312,524295,8,435ec912e125c9f8ec95aa13ae97a7e5c07ec4f556588e54fb62969a2748fbef,119523d5019ffc56a1f411e3ea7c9b170aeeafbb9216c2b04156c486a419c04a
sample,all_cr-65536,157,3315342,524295,8,435ec912e125c9f8ec95aa13ae97a7e5c07ec4f556588e54fb62969a2748fbef,119523d5019ffc56a1f411e3ea7c9b170aeeafbb9216c2b04156c486a419c04a
sample,all_cr-65536,158,3221942,524295,8,435ec912e125c9f8ec95aa13ae97a7e5c07ec4f556588e54fb62969a2748fbef,119523d5019ffc56a1f411e3ea7c9b170aeeafbb9216c2b04156c486a419c04a
sample,all_cr-65536,159,3226922,524295,8,435ec912e125c9f8ec95aa13ae97a7e5c07ec4f556588e54fb62969a2748fbef,119523d5019ffc56a1f411e3ea7c9b170aeeafbb9216c2b04156c486a419c04a
sample,all_cr-65536,160,3225022,524295,8,435ec912e125c9f8ec95aa13ae97a7e5c07ec4f556588e54fb62969a2748fbef,119523d5019ffc56a1f411e3ea7c9b170aeeafbb9216c2b04156c486a419c04a
sample,all_cr-65536,161,3229192,524295,8,435ec912e125c9f8ec95aa13ae97a7e5c07ec4f556588e54fb62969a2748fbef,119523d5019ffc56a1f411e3ea7c9b170aeeafbb9216c2b04156c486a419c04a
sample,all_cr-65536,162,3225542,524295,8,435ec912e125c9f8ec95aa13ae97a7e5c07ec4f556588e54fb62969a2748fbef,119523d5019ffc56a1f411e3ea7c9b170aeeafbb9216c2b04156c486a419c04a
sample,all_cr-65536,163,3224271,524295,8,435ec912e125c9f8ec95aa13ae97a7e5c07ec4f556588e54fb62969a2748fbef,119523d5019ffc56a1f411e3ea7c9b170aeeafbb9216c2b04156c486a419c04a
sample,all_cr-65536,164,3225712,524295,8,435ec912e125c9f8ec95aa13ae97a7e5c07ec4f556588e54fb62969a2748fbef,119523d5019ffc56a1f411e3ea7c9b170aeeafbb9216c2b04156c486a419c04a
sample,all_cr-65536,165,3225122,524295,8,435ec912e125c9f8ec95aa13ae97a7e5c07ec4f556588e54fb62969a2748fbef,119523d5019ffc56a1f411e3ea7c9b170aeeafbb9216c2b04156c486a419c04a
sample,all_cr-65536,166,3231822,524295,8,435ec912e125c9f8ec95aa13ae97a7e5c07ec4f556588e54fb62969a2748fbef,119523d5019ffc56a1f411e3ea7c9b170aeeafbb9216c2b04156c486a419c04a
sample,all_cr-65536,167,3221362,524295,8,435ec912e125c9f8ec95aa13ae97a7e5c07ec4f556588e54fb62969a2748fbef,119523d5019ffc56a1f411e3ea7c9b170aeeafbb9216c2b04156c486a419c04a
sample,all_cr-65536,168,3224542,524295,8,435ec912e125c9f8ec95aa13ae97a7e5c07ec4f556588e54fb62969a2748fbef,119523d5019ffc56a1f411e3ea7c9b170aeeafbb9216c2b04156c486a419c04a
sample,all_cr-65536,169,3220072,524295,8,435ec912e125c9f8ec95aa13ae97a7e5c07ec4f556588e54fb62969a2748fbef,119523d5019ffc56a1f411e3ea7c9b170aeeafbb9216c2b04156c486a419c04a
sample,all_cr-65536,170,3229602,524295,8,435ec912e125c9f8ec95aa13ae97a7e5c07ec4f556588e54fb62969a2748fbef,119523d5019ffc56a1f411e3ea7c9b170aeeafbb9216c2b04156c486a419c04a
sample,all_cr-65536,171,3227162,524295,8,435ec912e125c9f8ec95aa13ae97a7e5c07ec4f556588e54fb62969a2748fbef,119523d5019ffc56a1f411e3ea7c9b170aeeafbb9216c2b04156c486a419c04a
sample,all_cr-65536,172,3229032,524295,8,435ec912e125c9f8ec95aa13ae97a7e5c07ec4f556588e54fb62969a2748fbef,119523d5019ffc56a1f411e3ea7c9b170aeeafbb9216c2b04156c486a419c04a
sample,all_cr-65536,173,3226092,524295,8,435ec912e125c9f8ec95aa13ae97a7e5c07ec4f556588e54fb62969a2748fbef,119523d5019ffc56a1f411e3ea7c9b170aeeafbb9216c2b04156c486a419c04a
sample,all_cr-65536,174,3221552,524295,8,435ec912e125c9f8ec95aa13ae97a7e5c07ec4f556588e54fb62969a2748fbef,119523d5019ffc56a1f411e3ea7c9b170aeeafbb9216c2b04156c486a419c04a
sample,all_cr-65536,175,3236072,524295,8,435ec912e125c9f8ec95aa13ae97a7e5c07ec4f556588e54fb62969a2748fbef,119523d5019ffc56a1f411e3ea7c9b170aeeafbb9216c2b04156c486a419c04a
sample,all_cr-65536,176,3224561,524295,8,435ec912e125c9f8ec95aa13ae97a7e5c07ec4f556588e54fb62969a2748fbef,119523d5019ffc56a1f411e3ea7c9b170aeeafbb9216c2b04156c486a419c04a
sample,all_cr-65536,177,3225182,524295,8,435ec912e125c9f8ec95aa13ae97a7e5c07ec4f556588e54fb62969a2748fbef,119523d5019ffc56a1f411e3ea7c9b170aeeafbb9216c2b04156c486a419c04a
sample,all_cr-65536,178,3224402,524295,8,435ec912e125c9f8ec95aa13ae97a7e5c07ec4f556588e54fb62969a2748fbef,119523d5019ffc56a1f411e3ea7c9b170aeeafbb9216c2b04156c486a419c04a
sample,all_cr-65536,179,3226742,524295,8,435ec912e125c9f8ec95aa13ae97a7e5c07ec4f556588e54fb62969a2748fbef,119523d5019ffc56a1f411e3ea7c9b170aeeafbb9216c2b04156c486a419c04a
sample,all_cr-65536,180,3227242,524295,8,435ec912e125c9f8ec95aa13ae97a7e5c07ec4f556588e54fb62969a2748fbef,119523d5019ffc56a1f411e3ea7c9b170aeeafbb9216c2b04156c486a419c04a
sample,all_cr-65536,181,3227942,524295,8,435ec912e125c9f8ec95aa13ae97a7e5c07ec4f556588e54fb62969a2748fbef,119523d5019ffc56a1f411e3ea7c9b170aeeafbb9216c2b04156c486a419c04a
sample,all_cr-65536,182,3234082,524295,8,435ec912e125c9f8ec95aa13ae97a7e5c07ec4f556588e54fb62969a2748fbef,119523d5019ffc56a1f411e3ea7c9b170aeeafbb9216c2b04156c486a419c04a
sample,all_cr-65536,183,3232602,524295,8,435ec912e125c9f8ec95aa13ae97a7e5c07ec4f556588e54fb62969a2748fbef,119523d5019ffc56a1f411e3ea7c9b170aeeafbb9216c2b04156c486a419c04a
sample,all_cr-65536,184,3224132,524295,8,435ec912e125c9f8ec95aa13ae97a7e5c07ec4f556588e54fb62969a2748fbef,119523d5019ffc56a1f411e3ea7c9b170aeeafbb9216c2b04156c486a419c04a
sample,all_cr-65536,185,3231852,524295,8,435ec912e125c9f8ec95aa13ae97a7e5c07ec4f556588e54fb62969a2748fbef,119523d5019ffc56a1f411e3ea7c9b170aeeafbb9216c2b04156c486a419c04a
sample,all_cr-65536,186,3225972,524295,8,435ec912e125c9f8ec95aa13ae97a7e5c07ec4f556588e54fb62969a2748fbef,119523d5019ffc56a1f411e3ea7c9b170aeeafbb9216c2b04156c486a419c04a
sample,all_cr-65536,187,3232232,524295,8,435ec912e125c9f8ec95aa13ae97a7e5c07ec4f556588e54fb62969a2748fbef,119523d5019ffc56a1f411e3ea7c9b170aeeafbb9216c2b04156c486a419c04a
sample,all_cr-65536,188,3546063,524295,8,435ec912e125c9f8ec95aa13ae97a7e5c07ec4f556588e54fb62969a2748fbef,119523d5019ffc56a1f411e3ea7c9b170aeeafbb9216c2b04156c486a419c04a
sample,all_cr-65536,189,3226962,524295,8,435ec912e125c9f8ec95aa13ae97a7e5c07ec4f556588e54fb62969a2748fbef,119523d5019ffc56a1f411e3ea7c9b170aeeafbb9216c2b04156c486a419c04a
sample,all_cr-65536,190,3228512,524295,8,435ec912e125c9f8ec95aa13ae97a7e5c07ec4f556588e54fb62969a2748fbef,119523d5019ffc56a1f411e3ea7c9b170aeeafbb9216c2b04156c486a419c04a
sample,all_cr-65536,191,3233182,524295,8,435ec912e125c9f8ec95aa13ae97a7e5c07ec4f556588e54fb62969a2748fbef,119523d5019ffc56a1f411e3ea7c9b170aeeafbb9216c2b04156c486a419c04a
sample,all_cr-65536,192,3229142,524295,8,435ec912e125c9f8ec95aa13ae97a7e5c07ec4f556588e54fb62969a2748fbef,119523d5019ffc56a1f411e3ea7c9b170aeeafbb9216c2b04156c486a419c04a
sample,all_cr-65536,193,3222822,524295,8,435ec912e125c9f8ec95aa13ae97a7e5c07ec4f556588e54fb62969a2748fbef,119523d5019ffc56a1f411e3ea7c9b170aeeafbb9216c2b04156c486a419c04a
sample,all_cr-65536,194,3225121,524295,8,435ec912e125c9f8ec95aa13ae97a7e5c07ec4f556588e54fb62969a2748fbef,119523d5019ffc56a1f411e3ea7c9b170aeeafbb9216c2b04156c486a419c04a
sample,all_cr-65536,195,3229252,524295,8,435ec912e125c9f8ec95aa13ae97a7e5c07ec4f556588e54fb62969a2748fbef,119523d5019ffc56a1f411e3ea7c9b170aeeafbb9216c2b04156c486a419c04a
sample,all_cr-65536,196,3226762,524295,8,435ec912e125c9f8ec95aa13ae97a7e5c07ec4f556588e54fb62969a2748fbef,119523d5019ffc56a1f411e3ea7c9b170aeeafbb9216c2b04156c486a419c04a
sample,all_cr-65536,197,3292363,524295,8,435ec912e125c9f8ec95aa13ae97a7e5c07ec4f556588e54fb62969a2748fbef,119523d5019ffc56a1f411e3ea7c9b170aeeafbb9216c2b04156c486a419c04a
sample,all_cr-65536,198,3224331,524295,8,435ec912e125c9f8ec95aa13ae97a7e5c07ec4f556588e54fb62969a2748fbef,119523d5019ffc56a1f411e3ea7c9b170aeeafbb9216c2b04156c486a419c04a
sample,all_cr-65536,199,3238782,524295,8,435ec912e125c9f8ec95aa13ae97a7e5c07ec4f556588e54fb62969a2748fbef,119523d5019ffc56a1f411e3ea7c9b170aeeafbb9216c2b04156c486a419c04a
sample,all_cr-65536,200,3224052,524295,8,435ec912e125c9f8ec95aa13ae97a7e5c07ec4f556588e54fb62969a2748fbef,119523d5019ffc56a1f411e3ea7c9b170aeeafbb9216c2b04156c486a419c04a
sample,all_cr-65536,201,3226972,524295,8,435ec912e125c9f8ec95aa13ae97a7e5c07ec4f556588e54fb62969a2748fbef,119523d5019ffc56a1f411e3ea7c9b170aeeafbb9216c2b04156c486a419c04a
sample,all_cr-65536,202,3226082,524295,8,435ec912e125c9f8ec95aa13ae97a7e5c07ec4f556588e54fb62969a2748fbef,119523d5019ffc56a1f411e3ea7c9b170aeeafbb9216c2b04156c486a419c04a
sample,all_cr-65536,203,3230602,524295,8,435ec912e125c9f8ec95aa13ae97a7e5c07ec4f556588e54fb62969a2748fbef,119523d5019ffc56a1f411e3ea7c9b170aeeafbb9216c2b04156c486a419c04a
sample,all_cr-65536,204,3233002,524295,8,435ec912e125c9f8ec95aa13ae97a7e5c07ec4f556588e54fb62969a2748fbef,119523d5019ffc56a1f411e3ea7c9b170aeeafbb9216c2b04156c486a419c04a
sample,all_cr-65536,205,3227492,524295,8,435ec912e125c9f8ec95aa13ae97a7e5c07ec4f556588e54fb62969a2748fbef,119523d5019ffc56a1f411e3ea7c9b170aeeafbb9216c2b04156c486a419c04a
sample,all_cr-65536,206,3222802,524295,8,435ec912e125c9f8ec95aa13ae97a7e5c07ec4f556588e54fb62969a2748fbef,119523d5019ffc56a1f411e3ea7c9b170aeeafbb9216c2b04156c486a419c04a
sample,all_cr-65536,207,3225352,524295,8,435ec912e125c9f8ec95aa13ae97a7e5c07ec4f556588e54fb62969a2748fbef,119523d5019ffc56a1f411e3ea7c9b170aeeafbb9216c2b04156c486a419c04a
sample,all_cr-65536,208,3229702,524295,8,435ec912e125c9f8ec95aa13ae97a7e5c07ec4f556588e54fb62969a2748fbef,119523d5019ffc56a1f411e3ea7c9b170aeeafbb9216c2b04156c486a419c04a
sample,all_cr-65536,209,3220482,524295,8,435ec912e125c9f8ec95aa13ae97a7e5c07ec4f556588e54fb62969a2748fbef,119523d5019ffc56a1f411e3ea7c9b170aeeafbb9216c2b04156c486a419c04a
sample,all_cr-65536,210,3228322,524295,8,435ec912e125c9f8ec95aa13ae97a7e5c07ec4f556588e54fb62969a2748fbef,119523d5019ffc56a1f411e3ea7c9b170aeeafbb9216c2b04156c486a419c04a
sample,all_cr-65536,211,3219072,524295,8,435ec912e125c9f8ec95aa13ae97a7e5c07ec4f556588e54fb62969a2748fbef,119523d5019ffc56a1f411e3ea7c9b170aeeafbb9216c2b04156c486a419c04a
sample,all_cr-65536,212,3233981,524295,8,435ec912e125c9f8ec95aa13ae97a7e5c07ec4f556588e54fb62969a2748fbef,119523d5019ffc56a1f411e3ea7c9b170aeeafbb9216c2b04156c486a419c04a
sample,all_cr-65536,213,3225392,524295,8,435ec912e125c9f8ec95aa13ae97a7e5c07ec4f556588e54fb62969a2748fbef,119523d5019ffc56a1f411e3ea7c9b170aeeafbb9216c2b04156c486a419c04a
sample,all_cr-65536,214,3227632,524295,8,435ec912e125c9f8ec95aa13ae97a7e5c07ec4f556588e54fb62969a2748fbef,119523d5019ffc56a1f411e3ea7c9b170aeeafbb9216c2b04156c486a419c04a
sample,all_cr-65536,215,3226022,524295,8,435ec912e125c9f8ec95aa13ae97a7e5c07ec4f556588e54fb62969a2748fbef,119523d5019ffc56a1f411e3ea7c9b170aeeafbb9216c2b04156c486a419c04a
sample,all_cr-65536,216,3227722,524295,8,435ec912e125c9f8ec95aa13ae97a7e5c07ec4f556588e54fb62969a2748fbef,119523d5019ffc56a1f411e3ea7c9b170aeeafbb9216c2b04156c486a419c04a
sample,all_cr-65536,217,3228022,524295,8,435ec912e125c9f8ec95aa13ae97a7e5c07ec4f556588e54fb62969a2748fbef,119523d5019ffc56a1f411e3ea7c9b170aeeafbb9216c2b04156c486a419c04a
sample,all_cr-65536,218,3222162,524295,8,435ec912e125c9f8ec95aa13ae97a7e5c07ec4f556588e54fb62969a2748fbef,119523d5019ffc56a1f411e3ea7c9b170aeeafbb9216c2b04156c486a419c04a
sample,all_cr-65536,219,3223762,524295,8,435ec912e125c9f8ec95aa13ae97a7e5c07ec4f556588e54fb62969a2748fbef,119523d5019ffc56a1f411e3ea7c9b170aeeafbb9216c2b04156c486a419c04a
sample,all_cr-65536,220,3227532,524295,8,435ec912e125c9f8ec95aa13ae97a7e5c07ec4f556588e54fb62969a2748fbef,119523d5019ffc56a1f411e3ea7c9b170aeeafbb9216c2b04156c486a419c04a
sample,all_cr-65536,221,3227932,524295,8,435ec912e125c9f8ec95aa13ae97a7e5c07ec4f556588e54fb62969a2748fbef,119523d5019ffc56a1f411e3ea7c9b170aeeafbb9216c2b04156c486a419c04a
sample,all_cr-65536,222,3226462,524295,8,435ec912e125c9f8ec95aa13ae97a7e5c07ec4f556588e54fb62969a2748fbef,119523d5019ffc56a1f411e3ea7c9b170aeeafbb9216c2b04156c486a419c04a
sample,all_cr-65536,223,3224282,524295,8,435ec912e125c9f8ec95aa13ae97a7e5c07ec4f556588e54fb62969a2748fbef,119523d5019ffc56a1f411e3ea7c9b170aeeafbb9216c2b04156c486a419c04a
sample,all_cr-65536,224,3220622,524295,8,435ec912e125c9f8ec95aa13ae97a7e5c07ec4f556588e54fb62969a2748fbef,119523d5019ffc56a1f411e3ea7c9b170aeeafbb9216c2b04156c486a419c04a
sample,all_cr-65536,225,3236612,524295,8,435ec912e125c9f8ec95aa13ae97a7e5c07ec4f556588e54fb62969a2748fbef,119523d5019ffc56a1f411e3ea7c9b170aeeafbb9216c2b04156c486a419c04a
sample,all_cr-65536,226,3222682,524295,8,435ec912e125c9f8ec95aa13ae97a7e5c07ec4f556588e54fb62969a2748fbef,119523d5019ffc56a1f411e3ea7c9b170aeeafbb9216c2b04156c486a419c04a
sample,all_cr-65536,227,3225981,524295,8,435ec912e125c9f8ec95aa13ae97a7e5c07ec4f556588e54fb62969a2748fbef,119523d5019ffc56a1f411e3ea7c9b170aeeafbb9216c2b04156c486a419c04a
sample,all_cr-65536,228,3226982,524295,8,435ec912e125c9f8ec95aa13ae97a7e5c07ec4f556588e54fb62969a2748fbef,119523d5019ffc56a1f411e3ea7c9b170aeeafbb9216c2b04156c486a419c04a
sample,all_cr-65536,229,3227792,524295,8,435ec912e125c9f8ec95aa13ae97a7e5c07ec4f556588e54fb62969a2748fbef,119523d5019ffc56a1f411e3ea7c9b170aeeafbb9216c2b04156c486a419c04a
sample,all_cr-65536,230,3233452,524295,8,435ec912e125c9f8ec95aa13ae97a7e5c07ec4f556588e54fb62969a2748fbef,119523d5019ffc56a1f411e3ea7c9b170aeeafbb9216c2b04156c486a419c04a
sample,all_cr-65536,231,3223332,524295,8,435ec912e125c9f8ec95aa13ae97a7e5c07ec4f556588e54fb62969a2748fbef,119523d5019ffc56a1f411e3ea7c9b170aeeafbb9216c2b04156c486a419c04a
sample,all_cr-65536,232,3225512,524295,8,435ec912e125c9f8ec95aa13ae97a7e5c07ec4f556588e54fb62969a2748fbef,119523d5019ffc56a1f411e3ea7c9b170aeeafbb9216c2b04156c486a419c04a
sample,all_cr-65536,233,3223292,524295,8,435ec912e125c9f8ec95aa13ae97a7e5c07ec4f556588e54fb62969a2748fbef,119523d5019ffc56a1f411e3ea7c9b170aeeafbb9216c2b04156c486a419c04a
sample,all_cr-65536,234,3231482,524295,8,435ec912e125c9f8ec95aa13ae97a7e5c07ec4f556588e54fb62969a2748fbef,119523d5019ffc56a1f411e3ea7c9b170aeeafbb9216c2b04156c486a419c04a
sample,all_cr-65536,235,3226082,524295,8,435ec912e125c9f8ec95aa13ae97a7e5c07ec4f556588e54fb62969a2748fbef,119523d5019ffc56a1f411e3ea7c9b170aeeafbb9216c2b04156c486a419c04a
sample,all_cr-65536,236,3223252,524295,8,435ec912e125c9f8ec95aa13ae97a7e5c07ec4f556588e54fb62969a2748fbef,119523d5019ffc56a1f411e3ea7c9b170aeeafbb9216c2b04156c486a419c04a
sample,all_cr-65536,237,3217782,524295,8,435ec912e125c9f8ec95aa13ae97a7e5c07ec4f556588e54fb62969a2748fbef,119523d5019ffc56a1f411e3ea7c9b170aeeafbb9216c2b04156c486a419c04a
sample,all_cr-65536,238,3228492,524295,8,435ec912e125c9f8ec95aa13ae97a7e5c07ec4f556588e54fb62969a2748fbef,119523d5019ffc56a1f411e3ea7c9b170aeeafbb9216c2b04156c486a419c04a
sample,all_cr-65536,239,3223702,524295,8,435ec912e125c9f8ec95aa13ae97a7e5c07ec4f556588e54fb62969a2748fbef,119523d5019ffc56a1f411e3ea7c9b170aeeafbb9216c2b04156c486a419c04a
sample,all_cr-65536,240,3229102,524295,8,435ec912e125c9f8ec95aa13ae97a7e5c07ec4f556588e54fb62969a2748fbef,119523d5019ffc56a1f411e3ea7c9b170aeeafbb9216c2b04156c486a419c04a
sample,all_cr-65536,241,3221202,524295,8,435ec912e125c9f8ec95aa13ae97a7e5c07ec4f556588e54fb62969a2748fbef,119523d5019ffc56a1f411e3ea7c9b170aeeafbb9216c2b04156c486a419c04a
sample,all_cr-65536,242,3223031,524295,8,435ec912e125c9f8ec95aa13ae97a7e5c07ec4f556588e54fb62969a2748fbef,119523d5019ffc56a1f411e3ea7c9b170aeeafbb9216c2b04156c486a419c04a
sample,all_cr-65536,243,3232262,524295,8,435ec912e125c9f8ec95aa13ae97a7e5c07ec4f556588e54fb62969a2748fbef,119523d5019ffc56a1f411e3ea7c9b170aeeafbb9216c2b04156c486a419c04a
sample,all_cr-65536,244,3224102,524295,8,435ec912e125c9f8ec95aa13ae97a7e5c07ec4f556588e54fb62969a2748fbef,119523d5019ffc56a1f411e3ea7c9b170aeeafbb9216c2b04156c486a419c04a
sample,all_cr-65536,245,3221402,524295,8,435ec912e125c9f8ec95aa13ae97a7e5c07ec4f556588e54fb62969a2748fbef,119523d5019ffc56a1f411e3ea7c9b170aeeafbb9216c2b04156c486a419c04a
sample,all_cr-65536,246,3225462,524295,8,435ec912e125c9f8ec95aa13ae97a7e5c07ec4f556588e54fb62969a2748fbef,119523d5019ffc56a1f411e3ea7c9b170aeeafbb9216c2b04156c486a419c04a
sample,all_cr-65536,247,3231422,524295,8,435ec912e125c9f8ec95aa13ae97a7e5c07ec4f556588e54fb62969a2748fbef,119523d5019ffc56a1f411e3ea7c9b170aeeafbb9216c2b04156c486a419c04a
sample,all_cr-65536,248,3227122,524295,8,435ec912e125c9f8ec95aa13ae97a7e5c07ec4f556588e54fb62969a2748fbef,119523d5019ffc56a1f411e3ea7c9b170aeeafbb9216c2b04156c486a419c04a
sample,all_cr-65536,249,3227572,524295,8,435ec912e125c9f8ec95aa13ae97a7e5c07ec4f556588e54fb62969a2748fbef,119523d5019ffc56a1f411e3ea7c9b170aeeafbb9216c2b04156c486a419c04a
sample,all_cr-65536,250,3221742,524295,8,435ec912e125c9f8ec95aa13ae97a7e5c07ec4f556588e54fb62969a2748fbef,119523d5019ffc56a1f411e3ea7c9b170aeeafbb9216c2b04156c486a419c04a
sample,all_cr-65536,251,3233162,524295,8,435ec912e125c9f8ec95aa13ae97a7e5c07ec4f556588e54fb62969a2748fbef,119523d5019ffc56a1f411e3ea7c9b170aeeafbb9216c2b04156c486a419c04a
sample,all_cr-65536,252,3222362,524295,8,435ec912e125c9f8ec95aa13ae97a7e5c07ec4f556588e54fb62969a2748fbef,119523d5019ffc56a1f411e3ea7c9b170aeeafbb9216c2b04156c486a419c04a
sample,all_cr-65536,253,3228562,524295,8,435ec912e125c9f8ec95aa13ae97a7e5c07ec4f556588e54fb62969a2748fbef,119523d5019ffc56a1f411e3ea7c9b170aeeafbb9216c2b04156c486a419c04a
sample,all_cr-65536,254,3224662,524295,8,435ec912e125c9f8ec95aa13ae97a7e5c07ec4f556588e54fb62969a2748fbef,119523d5019ffc56a1f411e3ea7c9b170aeeafbb9216c2b04156c486a419c04a
sample,all_cr-65536,255,3226122,524295,8,435ec912e125c9f8ec95aa13ae97a7e5c07ec4f556588e54fb62969a2748fbef,119523d5019ffc56a1f411e3ea7c9b170aeeafbb9216c2b04156c486a419c04a
sample,all_cr-65536,256,3235922,524295,8,435ec912e125c9f8ec95aa13ae97a7e5c07ec4f556588e54fb62969a2748fbef,119523d5019ffc56a1f411e3ea7c9b170aeeafbb9216c2b04156c486a419c04a
sample,all_cr-65536,257,3219381,524295,8,435ec912e125c9f8ec95aa13ae97a7e5c07ec4f556588e54fb62969a2748fbef,119523d5019ffc56a1f411e3ea7c9b170aeeafbb9216c2b04156c486a419c04a
sample,all_cr-65536,258,3227642,524295,8,435ec912e125c9f8ec95aa13ae97a7e5c07ec4f556588e54fb62969a2748fbef,119523d5019ffc56a1f411e3ea7c9b170aeeafbb9216c2b04156c486a419c04a
sample,all_cr-65536,259,3221522,524295,8,435ec912e125c9f8ec95aa13ae97a7e5c07ec4f556588e54fb62969a2748fbef,119523d5019ffc56a1f411e3ea7c9b170aeeafbb9216c2b04156c486a419c04a
sample,all_cr-65536,260,3236682,524295,8,435ec912e125c9f8ec95aa13ae97a7e5c07ec4f556588e54fb62969a2748fbef,119523d5019ffc56a1f411e3ea7c9b170aeeafbb9216c2b04156c486a419c04a
sample,all_cr-65536,261,3225712,524295,8,435ec912e125c9f8ec95aa13ae97a7e5c07ec4f556588e54fb62969a2748fbef,119523d5019ffc56a1f411e3ea7c9b170aeeafbb9216c2b04156c486a419c04a
sample,all_cr-65536,262,3220102,524295,8,435ec912e125c9f8ec95aa13ae97a7e5c07ec4f556588e54fb62969a2748fbef,119523d5019ffc56a1f411e3ea7c9b170aeeafbb9216c2b04156c486a419c04a
sample,all_cr-65536,263,3221202,524295,8,435ec912e125c9f8ec95aa13ae97a7e5c07ec4f556588e54fb62969a2748fbef,119523d5019ffc56a1f411e3ea7c9b170aeeafbb9216c2b04156c486a419c04a
sample,all_cr-65536,264,3479563,524295,8,435ec912e125c9f8ec95aa13ae97a7e5c07ec4f556588e54fb62969a2748fbef,119523d5019ffc56a1f411e3ea7c9b170aeeafbb9216c2b04156c486a419c04a
sample,all_cr-65536,265,3220802,524295,8,435ec912e125c9f8ec95aa13ae97a7e5c07ec4f556588e54fb62969a2748fbef,119523d5019ffc56a1f411e3ea7c9b170aeeafbb9216c2b04156c486a419c04a
sample,all_cr-65536,266,3226682,524295,8,435ec912e125c9f8ec95aa13ae97a7e5c07ec4f556588e54fb62969a2748fbef,119523d5019ffc56a1f411e3ea7c9b170aeeafbb9216c2b04156c486a419c04a
sample,all_cr-65536,267,3223222,524295,8,435ec912e125c9f8ec95aa13ae97a7e5c07ec4f556588e54fb62969a2748fbef,119523d5019ffc56a1f411e3ea7c9b170aeeafbb9216c2b04156c486a419c04a
sample,all_cr-65536,268,3225742,524295,8,435ec912e125c9f8ec95aa13ae97a7e5c07ec4f556588e54fb62969a2748fbef,119523d5019ffc56a1f411e3ea7c9b170aeeafbb9216c2b04156c486a419c04a
sample,all_cr-65536,269,3222111,524295,8,435ec912e125c9f8ec95aa13ae97a7e5c07ec4f556588e54fb62969a2748fbef,119523d5019ffc56a1f411e3ea7c9b170aeeafbb9216c2b04156c486a419c04a
sample,all_cr-65536,270,3230472,524295,8,435ec912e125c9f8ec95aa13ae97a7e5c07ec4f556588e54fb62969a2748fbef,119523d5019ffc56a1f411e3ea7c9b170aeeafbb9216c2b04156c486a419c04a
sample,all_cr-65536,271,3227372,524295,8,435ec912e125c9f8ec95aa13ae97a7e5c07ec4f556588e54fb62969a2748fbef,119523d5019ffc56a1f411e3ea7c9b170aeeafbb9216c2b04156c486a419c04a
sample,all_cr-65536,272,3227242,524295,8,435ec912e125c9f8ec95aa13ae97a7e5c07ec4f556588e54fb62969a2748fbef,119523d5019ffc56a1f411e3ea7c9b170aeeafbb9216c2b04156c486a419c04a
sample,all_cr-65536,273,3215562,524295,8,435ec912e125c9f8ec95aa13ae97a7e5c07ec4f556588e54fb62969a2748fbef,119523d5019ffc56a1f411e3ea7c9b170aeeafbb9216c2b04156c486a419c04a
sample,all_cr-65536,274,3222972,524295,8,435ec912e125c9f8ec95aa13ae97a7e5c07ec4f556588e54fb62969a2748fbef,119523d5019ffc56a1f411e3ea7c9b170aeeafbb9216c2b04156c486a419c04a
sample,all_cr-65536,275,3227122,524295,8,435ec912e125c9f8ec95aa13ae97a7e5c07ec4f556588e54fb62969a2748fbef,119523d5019ffc56a1f411e3ea7c9b170aeeafbb9216c2b04156c486a419c04a
sample,all_cr-65536,276,3230012,524295,8,435ec912e125c9f8ec95aa13ae97a7e5c07ec4f556588e54fb62969a2748fbef,119523d5019ffc56a1f411e3ea7c9b170aeeafbb9216c2b04156c486a419c04a
sample,all_cr-65536,277,3226212,524295,8,435ec912e125c9f8ec95aa13ae97a7e5c07ec4f556588e54fb62969a2748fbef,119523d5019ffc56a1f411e3ea7c9b170aeeafbb9216c2b04156c486a419c04a
sample,all_cr-65536,278,3222052,524295,8,435ec912e125c9f8ec95aa13ae97a7e5c07ec4f556588e54fb62969a2748fbef,119523d5019ffc56a1f411e3ea7c9b170aeeafbb9216c2b04156c486a419c04a
sample,all_cr-65536,279,3218162,524295,8,435ec912e125c9f8ec95aa13ae97a7e5c07ec4f556588e54fb62969a2748fbef,119523d5019ffc56a1f411e3ea7c9b170aeeafbb9216c2b04156c486a419c04a
sample,all_cr-65536,280,3220692,524295,8,435ec912e125c9f8ec95aa13ae97a7e5c07ec4f556588e54fb62969a2748fbef,119523d5019ffc56a1f411e3ea7c9b170aeeafbb9216c2b04156c486a419c04a
sample,all_cr-65536,281,3233252,524295,8,435ec912e125c9f8ec95aa13ae97a7e5c07ec4f556588e54fb62969a2748fbef,119523d5019ffc56a1f411e3ea7c9b170aeeafbb9216c2b04156c486a419c04a
sample,all_cr-65536,282,3225962,524295,8,435ec912e125c9f8ec95aa13ae97a7e5c07ec4f556588e54fb62969a2748fbef,119523d5019ffc56a1f411e3ea7c9b170aeeafbb9216c2b04156c486a419c04a
sample,all_cr-65536,283,3232641,524295,8,435ec912e125c9f8ec95aa13ae97a7e5c07ec4f556588e54fb62969a2748fbef,119523d5019ffc56a1f411e3ea7c9b170aeeafbb9216c2b04156c486a419c04a
sample,all_cr-65536,284,3218282,524295,8,435ec912e125c9f8ec95aa13ae97a7e5c07ec4f556588e54fb62969a2748fbef,119523d5019ffc56a1f411e3ea7c9b170aeeafbb9216c2b04156c486a419c04a
sample,all_cr-65536,285,3236072,524295,8,435ec912e125c9f8ec95aa13ae97a7e5c07ec4f556588e54fb62969a2748fbef,119523d5019ffc56a1f411e3ea7c9b170aeeafbb9216c2b04156c486a419c04a
sample,all_cr-65536,286,3226722,524295,8,435ec912e125c9f8ec95aa13ae97a7e5c07ec4f556588e54fb62969a2748fbef,119523d5019ffc56a1f411e3ea7c9b170aeeafbb9216c2b04156c486a419c04a
sample,all_cr-65536,287,3230532,524295,8,435ec912e125c9f8ec95aa13ae97a7e5c07ec4f556588e54fb62969a2748fbef,119523d5019ffc56a1f411e3ea7c9b170aeeafbb9216c2b04156c486a419c04a
sample,all_cr-65536,288,3228882,524295,8,435ec912e125c9f8ec95aa13ae97a7e5c07ec4f556588e54fb62969a2748fbef,119523d5019ffc56a1f411e3ea7c9b170aeeafbb9216c2b04156c486a419c04a
sample,all_cr-65536,289,3216652,524295,8,435ec912e125c9f8ec95aa13ae97a7e5c07ec4f556588e54fb62969a2748fbef,119523d5019ffc56a1f411e3ea7c9b170aeeafbb9216c2b04156c486a419c04a
sample,all_cr-65536,290,3228572,524295,8,435ec912e125c9f8ec95aa13ae97a7e5c07ec4f556588e54fb62969a2748fbef,119523d5019ffc56a1f411e3ea7c9b170aeeafbb9216c2b04156c486a419c04a
sample,all_cr-65536,291,3225172,524295,8,435ec912e125c9f8ec95aa13ae97a7e5c07ec4f556588e54fb62969a2748fbef,119523d5019ffc56a1f411e3ea7c9b170aeeafbb9216c2b04156c486a419c04a
sample,all_cr-65536,292,3225882,524295,8,435ec912e125c9f8ec95aa13ae97a7e5c07ec4f556588e54fb62969a2748fbef,119523d5019ffc56a1f411e3ea7c9b170aeeafbb9216c2b04156c486a419c04a
sample,all_cr-65536,293,3224042,524295,8,435ec912e125c9f8ec95aa13ae97a7e5c07ec4f556588e54fb62969a2748fbef,119523d5019ffc56a1f411e3ea7c9b170aeeafbb9216c2b04156c486a419c04a
sample,all_cr-65536,294,3230572,524295,8,435ec912e125c9f8ec95aa13ae97a7e5c07ec4f556588e54fb62969a2748fbef,119523d5019ffc56a1f411e3ea7c9b170aeeafbb9216c2b04156c486a419c04a
sample,all_cr-65536,295,3223002,524295,8,435ec912e125c9f8ec95aa13ae97a7e5c07ec4f556588e54fb62969a2748fbef,119523d5019ffc56a1f411e3ea7c9b170aeeafbb9216c2b04156c486a419c04a
sample,all_cr-65536,296,3224702,524295,8,435ec912e125c9f8ec95aa13ae97a7e5c07ec4f556588e54fb62969a2748fbef,119523d5019ffc56a1f411e3ea7c9b170aeeafbb9216c2b04156c486a419c04a
sample,all_cr-65536,297,3221092,524295,8,435ec912e125c9f8ec95aa13ae97a7e5c07ec4f556588e54fb62969a2748fbef,119523d5019ffc56a1f411e3ea7c9b170aeeafbb9216c2b04156c486a419c04a
sample,all_cr-65536,298,3227721,524295,8,435ec912e125c9f8ec95aa13ae97a7e5c07ec4f556588e54fb62969a2748fbef,119523d5019ffc56a1f411e3ea7c9b170aeeafbb9216c2b04156c486a419c04a
sample,all_cr-65536,299,3217712,524295,8,435ec912e125c9f8ec95aa13ae97a7e5c07ec4f556588e54fb62969a2748fbef,119523d5019ffc56a1f411e3ea7c9b170aeeafbb9216c2b04156c486a419c04a
sample,all_cr-65536,300,3226322,524295,8,435ec912e125c9f8ec95aa13ae97a7e5c07ec4f556588e54fb62969a2748fbef,119523d5019ffc56a1f411e3ea7c9b170aeeafbb9216c2b04156c486a419c04a
sample,all_cr-65536,301,3230182,524295,8,435ec912e125c9f8ec95aa13ae97a7e5c07ec4f556588e54fb62969a2748fbef,119523d5019ffc56a1f411e3ea7c9b170aeeafbb9216c2b04156c486a419c04a
sample,all_cr-65536,302,3229492,524295,8,435ec912e125c9f8ec95aa13ae97a7e5c07ec4f556588e54fb62969a2748fbef,119523d5019ffc56a1f411e3ea7c9b170aeeafbb9216c2b04156c486a419c04a
sample,all_cr-65536,303,3238942,524295,8,435ec912e125c9f8ec95aa13ae97a7e5c07ec4f556588e54fb62969a2748fbef,119523d5019ffc56a1f411e3ea7c9b170aeeafbb9216c2b04156c486a419c04a
sample,all_cr-65536,304,3217982,524295,8,435ec912e125c9f8ec95aa13ae97a7e5c07ec4f556588e54fb62969a2748fbef,119523d5019ffc56a1f411e3ea7c9b170aeeafbb9216c2b04156c486a419c04a
sample,all_cr-65536,305,3223432,524295,8,435ec912e125c9f8ec95aa13ae97a7e5c07ec4f556588e54fb62969a2748fbef,119523d5019ffc56a1f411e3ea7c9b170aeeafbb9216c2b04156c486a419c04a
sample,all_cr-65536,306,3222882,524295,8,435ec912e125c9f8ec95aa13ae97a7e5c07ec4f556588e54fb62969a2748fbef,119523d5019ffc56a1f411e3ea7c9b170aeeafbb9216c2b04156c486a419c04a
sample,all_cr-65536,307,3231172,524295,8,435ec912e125c9f8ec95aa13ae97a7e5c07ec4f556588e54fb62969a2748fbef,119523d5019ffc56a1f411e3ea7c9b170aeeafbb9216c2b04156c486a419c04a
sample,all_cr-65536,308,3224232,524295,8,435ec912e125c9f8ec95aa13ae97a7e5c07ec4f556588e54fb62969a2748fbef,119523d5019ffc56a1f411e3ea7c9b170aeeafbb9216c2b04156c486a419c04a
sample,all_cr-65536,309,3230632,524295,8,435ec912e125c9f8ec95aa13ae97a7e5c07ec4f556588e54fb62969a2748fbef,119523d5019ffc56a1f411e3ea7c9b170aeeafbb9216c2b04156c486a419c04a
sample,all_cr-65536,310,3218332,524295,8,435ec912e125c9f8ec95aa13ae97a7e5c07ec4f556588e54fb62969a2748fbef,119523d5019ffc56a1f411e3ea7c9b170aeeafbb9216c2b04156c486a419c04a
sample,all_cr-65536,311,3233122,524295,8,435ec912e125c9f8ec95aa13ae97a7e5c07ec4f556588e54fb62969a2748fbef,119523d5019ffc56a1f411e3ea7c9b170aeeafbb9216c2b04156c486a419c04a
sample,all_cr-65536,312,3225382,524295,8,435ec912e125c9f8ec95aa13ae97a7e5c07ec4f556588e54fb62969a2748fbef,119523d5019ffc56a1f411e3ea7c9b170aeeafbb9216c2b04156c486a419c04a
sample,all_cr-65536,313,3226401,524295,8,435ec912e125c9f8ec95aa13ae97a7e5c07ec4f556588e54fb62969a2748fbef,119523d5019ffc56a1f411e3ea7c9b170aeeafbb9216c2b04156c486a419c04a
sample,all_cr-65536,314,3224132,524295,8,435ec912e125c9f8ec95aa13ae97a7e5c07ec4f556588e54fb62969a2748fbef,119523d5019ffc56a1f411e3ea7c9b170aeeafbb9216c2b04156c486a419c04a
sample,all_cr-65536,315,3220602,524295,8,435ec912e125c9f8ec95aa13ae97a7e5c07ec4f556588e54fb62969a2748fbef,119523d5019ffc56a1f411e3ea7c9b170aeeafbb9216c2b04156c486a419c04a
sample,all_cr-65536,316,3236842,524295,8,435ec912e125c9f8ec95aa13ae97a7e5c07ec4f556588e54fb62969a2748fbef,119523d5019ffc56a1f411e3ea7c9b170aeeafbb9216c2b04156c486a419c04a
sample,all_cr-65536,317,3223392,524295,8,435ec912e125c9f8ec95aa13ae97a7e5c07ec4f556588e54fb62969a2748fbef,119523d5019ffc56a1f411e3ea7c9b170aeeafbb9216c2b04156c486a419c04a
sample,all_cr-65536,318,3224532,524295,8,435ec912e125c9f8ec95aa13ae97a7e5c07ec4f556588e54fb62969a2748fbef,119523d5019ffc56a1f411e3ea7c9b170aeeafbb9216c2b04156c486a419c04a
sample,all_cr-65536,319,3222752,524295,8,435ec912e125c9f8ec95aa13ae97a7e5c07ec4f556588e54fb62969a2748fbef,119523d5019ffc56a1f411e3ea7c9b170aeeafbb9216c2b04156c486a419c04a
sample,all_cr-65536,320,3226052,524295,8,435ec912e125c9f8ec95aa13ae97a7e5c07ec4f556588e54fb62969a2748fbef,119523d5019ffc56a1f411e3ea7c9b170aeeafbb9216c2b04156c486a419c04a
sample,all_cr-65536,321,3226492,524295,8,435ec912e125c9f8ec95aa13ae97a7e5c07ec4f556588e54fb62969a2748fbef,119523d5019ffc56a1f411e3ea7c9b170aeeafbb9216c2b04156c486a419c04a
sample,all_cr-65536,322,3221262,524295,8,435ec912e125c9f8ec95aa13ae97a7e5c07ec4f556588e54fb62969a2748fbef,119523d5019ffc56a1f411e3ea7c9b170aeeafbb9216c2b04156c486a419c04a
sample,all_cr-65536,323,3258192,524295,8,435ec912e125c9f8ec95aa13ae97a7e5c07ec4f556588e54fb62969a2748fbef,119523d5019ffc56a1f411e3ea7c9b170aeeafbb9216c2b04156c486a419c04a
sample,all_cr-65536,324,3228452,524295,8,435ec912e125c9f8ec95aa13ae97a7e5c07ec4f556588e54fb62969a2748fbef,119523d5019ffc56a1f411e3ea7c9b170aeeafbb9216c2b04156c486a419c04a
sample,all_cr-65536,325,3222842,524295,8,435ec912e125c9f8ec95aa13ae97a7e5c07ec4f556588e54fb62969a2748fbef,119523d5019ffc56a1f411e3ea7c9b170aeeafbb9216c2b04156c486a419c04a
sample,all_cr-65536,326,3223932,524295,8,435ec912e125c9f8ec95aa13ae97a7e5c07ec4f556588e54fb62969a2748fbef,119523d5019ffc56a1f411e3ea7c9b170aeeafbb9216c2b04156c486a419c04a
sample,all_cr-65536,327,3234362,524295,8,435ec912e125c9f8ec95aa13ae97a7e5c07ec4f556588e54fb62969a2748fbef,119523d5019ffc56a1f411e3ea7c9b170aeeafbb9216c2b04156c486a419c04a
sample,all_cr-65536,328,3228062,524295,8,435ec912e125c9f8ec95aa13ae97a7e5c07ec4f556588e54fb62969a2748fbef,119523d5019ffc56a1f411e3ea7c9b170aeeafbb9216c2b04156c486a419c04a
sample,all_cr-65536,329,3231762,524295,8,435ec912e125c9f8ec95aa13ae97a7e5c07ec4f556588e54fb62969a2748fbef,119523d5019ffc56a1f411e3ea7c9b170aeeafbb9216c2b04156c486a419c04a
sample,all_cr-65536,330,3216211,524295,8,435ec912e125c9f8ec95aa13ae97a7e5c07ec4f556588e54fb62969a2748fbef,119523d5019ffc56a1f411e3ea7c9b170aeeafbb9216c2b04156c486a419c04a
sample,all_cr-65536,331,3224432,524295,8,435ec912e125c9f8ec95aa13ae97a7e5c07ec4f556588e54fb62969a2748fbef,119523d5019ffc56a1f411e3ea7c9b170aeeafbb9216c2b04156c486a419c04a
sample,all_cr-65536,332,3220042,524295,8,435ec912e125c9f8ec95aa13ae97a7e5c07ec4f556588e54fb62969a2748fbef,119523d5019ffc56a1f411e3ea7c9b170aeeafbb9216c2b04156c486a419c04a
sample,all_cr-65536,333,3230652,524295,8,435ec912e125c9f8ec95aa13ae97a7e5c07ec4f556588e54fb62969a2748fbef,119523d5019ffc56a1f411e3ea7c9b170aeeafbb9216c2b04156c486a419c04a
sample,all_cr-65536,334,3223322,524295,8,435ec912e125c9f8ec95aa13ae97a7e5c07ec4f556588e54fb62969a2748fbef,119523d5019ffc56a1f411e3ea7c9b170aeeafbb9216c2b04156c486a419c04a
sample,all_cr-65536,335,3223322,524295,8,435ec912e125c9f8ec95aa13ae97a7e5c07ec4f556588e54fb62969a2748fbef,119523d5019ffc56a1f411e3ea7c9b170aeeafbb9216c2b04156c486a419c04a
sample,all_cr-65536,336,3219252,524295,8,435ec912e125c9f8ec95aa13ae97a7e5c07ec4f556588e54fb62969a2748fbef,119523d5019ffc56a1f411e3ea7c9b170aeeafbb9216c2b04156c486a419c04a
sample,all_cr-65536,337,3221652,524295,8,435ec912e125c9f8ec95aa13ae97a7e5c07ec4f556588e54fb62969a2748fbef,119523d5019ffc56a1f411e3ea7c9b170aeeafbb9216c2b04156c486a419c04a
sample,all_cr-65536,338,3223172,524295,8,435ec912e125c9f8ec95aa13ae97a7e5c07ec4f556588e54fb62969a2748fbef,119523d5019ffc56a1f411e3ea7c9b170aeeafbb9216c2b04156c486a419c04a
sample,all_cr-65536,339,3222382,524295,8,435ec912e125c9f8ec95aa13ae97a7e5c07ec4f556588e54fb62969a2748fbef,119523d5019ffc56a1f411e3ea7c9b170aeeafbb9216c2b04156c486a419c04a
sample,all_cr-65536,340,3226552,524295,8,435ec912e125c9f8ec95aa13ae97a7e5c07ec4f556588e54fb62969a2748fbef,119523d5019ffc56a1f411e3ea7c9b170aeeafbb9216c2b04156c486a419c04a
sample,all_cr-65536,341,3219332,524295,8,435ec912e125c9f8ec95aa13ae97a7e5c07ec4f556588e54fb62969a2748fbef,119523d5019ffc56a1f411e3ea7c9b170aeeafbb9216c2b04156c486a419c04a
sample,all_cr-65536,342,3233071,524295,8,435ec912e125c9f8ec95aa13ae97a7e5c07ec4f556588e54fb62969a2748fbef,119523d5019ffc56a1f411e3ea7c9b170aeeafbb9216c2b04156c486a419c04a
sample,all_cr-65536,343,3265673,524295,8,435ec912e125c9f8ec95aa13ae97a7e5c07ec4f556588e54fb62969a2748fbef,119523d5019ffc56a1f411e3ea7c9b170aeeafbb9216c2b04156c486a419c04a
sample,all_cr-65536,344,3222162,524295,8,435ec912e125c9f8ec95aa13ae97a7e5c07ec4f556588e54fb62969a2748fbef,119523d5019ffc56a1f411e3ea7c9b170aeeafbb9216c2b04156c486a419c04a
sample,all_cr-65536,345,3219711,524295,8,435ec912e125c9f8ec95aa13ae97a7e5c07ec4f556588e54fb62969a2748fbef,119523d5019ffc56a1f411e3ea7c9b170aeeafbb9216c2b04156c486a419c04a
sample,all_cr-65536,346,3229782,524295,8,435ec912e125c9f8ec95aa13ae97a7e5c07ec4f556588e54fb62969a2748fbef,119523d5019ffc56a1f411e3ea7c9b170aeeafbb9216c2b04156c486a419c04a
sample,all_cr-65536,347,3224722,524295,8,435ec912e125c9f8ec95aa13ae97a7e5c07ec4f556588e54fb62969a2748fbef,119523d5019ffc56a1f411e3ea7c9b170aeeafbb9216c2b04156c486a419c04a
sample,all_cr-65536,348,3228892,524295,8,435ec912e125c9f8ec95aa13ae97a7e5c07ec4f556588e54fb62969a2748fbef,119523d5019ffc56a1f411e3ea7c9b170aeeafbb9216c2b04156c486a419c04a
sample,all_cr-65536,349,3225852,524295,8,435ec912e125c9f8ec95aa13ae97a7e5c07ec4f556588e54fb62969a2748fbef,119523d5019ffc56a1f411e3ea7c9b170aeeafbb9216c2b04156c486a419c04a
sample,all_cr-65536,350,3227942,524295,8,435ec912e125c9f8ec95aa13ae97a7e5c07ec4f556588e54fb62969a2748fbef,119523d5019ffc56a1f411e3ea7c9b170aeeafbb9216c2b04156c486a419c04a
sample,all_cr-65536,351,3220132,524295,8,435ec912e125c9f8ec95aa13ae97a7e5c07ec4f556588e54fb62969a2748fbef,119523d5019ffc56a1f411e3ea7c9b170aeeafbb9216c2b04156c486a419c04a
sample,all_cr-65536,352,3225892,524295,8,435ec912e125c9f8ec95aa13ae97a7e5c07ec4f556588e54fb62969a2748fbef,119523d5019ffc56a1f411e3ea7c9b170aeeafbb9216c2b04156c486a419c04a
sample,all_cr-65536,353,3226242,524295,8,435ec912e125c9f8ec95aa13ae97a7e5c07ec4f556588e54fb62969a2748fbef,119523d5019ffc56a1f411e3ea7c9b170aeeafbb9216c2b04156c486a419c04a
sample,all_cr-65536,354,3229882,524295,8,435ec912e125c9f8ec95aa13ae97a7e5c07ec4f556588e54fb62969a2748fbef,119523d5019ffc56a1f411e3ea7c9b170aeeafbb9216c2b04156c486a419c04a
sample,all_cr-65536,355,3235702,524295,8,435ec912e125c9f8ec95aa13ae97a7e5c07ec4f556588e54fb62969a2748fbef,119523d5019ffc56a1f411e3ea7c9b170aeeafbb9216c2b04156c486a419c04a
sample,all_cr-65536,356,3220422,524295,8,435ec912e125c9f8ec95aa13ae97a7e5c07ec4f556588e54fb62969a2748fbef,119523d5019ffc56a1f411e3ea7c9b170aeeafbb9216c2b04156c486a419c04a
sample,all_cr-65536,357,3225922,524295,8,435ec912e125c9f8ec95aa13ae97a7e5c07ec4f556588e54fb62969a2748fbef,119523d5019ffc56a1f411e3ea7c9b170aeeafbb9216c2b04156c486a419c04a
sample,all_cr-65536,358,3219602,524295,8,435ec912e125c9f8ec95aa13ae97a7e5c07ec4f556588e54fb62969a2748fbef,119523d5019ffc56a1f411e3ea7c9b170aeeafbb9216c2b04156c486a419c04a
sample,all_cr-65536,359,3234492,524295,8,435ec912e125c9f8ec95aa13ae97a7e5c07ec4f556588e54fb62969a2748fbef,119523d5019ffc56a1f411e3ea7c9b170aeeafbb9216c2b04156c486a419c04a
sample,all_cr-65536,360,3223741,524295,8,435ec912e125c9f8ec95aa13ae97a7e5c07ec4f556588e54fb62969a2748fbef,119523d5019ffc56a1f411e3ea7c9b170aeeafbb9216c2b04156c486a419c04a
sample,all_cr-65536,361,3229352,524295,8,435ec912e125c9f8ec95aa13ae97a7e5c07ec4f556588e54fb62969a2748fbef,119523d5019ffc56a1f411e3ea7c9b170aeeafbb9216c2b04156c486a419c04a
sample,all_cr-65536,362,3225452,524295,8,435ec912e125c9f8ec95aa13ae97a7e5c07ec4f556588e54fb62969a2748fbef,119523d5019ffc56a1f411e3ea7c9b170aeeafbb9216c2b04156c486a419c04a
sample,all_cr-65536,363,3225562,524295,8,435ec912e125c9f8ec95aa13ae97a7e5c07ec4f556588e54fb62969a2748fbef,119523d5019ffc56a1f411e3ea7c9b170aeeafbb9216c2b04156c486a419c04a
sample,all_cr-65536,364,3223802,524295,8,435ec912e125c9f8ec95aa13ae97a7e5c07ec4f556588e54fb62969a2748fbef,119523d5019ffc56a1f411e3ea7c9b170aeeafbb9216c2b04156c486a419c04a
sample,all_cr-65536,365,3225052,524295,8,435ec912e125c9f8ec95aa13ae97a7e5c07ec4f556588e54fb62969a2748fbef,119523d5019ffc56a1f411e3ea7c9b170aeeafbb9216c2b04156c486a419c04a
sample,all_cr-65536,366,3222572,524295,8,435ec912e125c9f8ec95aa13ae97a7e5c07ec4f556588e54fb62969a2748fbef,119523d5019ffc56a1f411e3ea7c9b170aeeafbb9216c2b04156c486a419c04a
sample,all_cr-65536,367,3221682,524295,8,435ec912e125c9f8ec95aa13ae97a7e5c07ec4f556588e54fb62969a2748fbef,119523d5019ffc56a1f411e3ea7c9b170aeeafbb9216c2b04156c486a419c04a
sample,all_cr-65536,368,3235482,524295,8,435ec912e125c9f8ec95aa13ae97a7e5c07ec4f556588e54fb62969a2748fbef,119523d5019ffc56a1f411e3ea7c9b170aeeafbb9216c2b04156c486a419c04a
sample,all_cr-65536,369,3229232,524295,8,435ec912e125c9f8ec95aa13ae97a7e5c07ec4f556588e54fb62969a2748fbef,119523d5019ffc56a1f411e3ea7c9b170aeeafbb9216c2b04156c486a419c04a
sample,all_cr-65536,370,3242992,524295,8,435ec912e125c9f8ec95aa13ae97a7e5c07ec4f556588e54fb62969a2748fbef,119523d5019ffc56a1f411e3ea7c9b170aeeafbb9216c2b04156c486a419c04a
sample,all_cr-65536,371,3228452,524295,8,435ec912e125c9f8ec95aa13ae97a7e5c07ec4f556588e54fb62969a2748fbef,119523d5019ffc56a1f411e3ea7c9b170aeeafbb9216c2b04156c486a419c04a
sample,all_cr-65536,372,3231482,524295,8,435ec912e125c9f8ec95aa13ae97a7e5c07ec4f556588e54fb62969a2748fbef,119523d5019ffc56a1f411e3ea7c9b170aeeafbb9216c2b04156c486a419c04a
sample,all_cr-65536,373,3228322,524295,8,435ec912e125c9f8ec95aa13ae97a7e5c07ec4f556588e54fb62969a2748fbef,119523d5019ffc56a1f411e3ea7c9b170aeeafbb9216c2b04156c486a419c04a
sample,all_cr-65536,374,3230902,524295,8,435ec912e125c9f8ec95aa13ae97a7e5c07ec4f556588e54fb62969a2748fbef,119523d5019ffc56a1f411e3ea7c9b170aeeafbb9216c2b04156c486a419c04a
sample,all_cr-65536,375,3230142,524295,8,435ec912e125c9f8ec95aa13ae97a7e5c07ec4f556588e54fb62969a2748fbef,119523d5019ffc56a1f411e3ea7c9b170aeeafbb9216c2b04156c486a419c04a
sample,all_cr-65536,376,3234421,524295,8,435ec912e125c9f8ec95aa13ae97a7e5c07ec4f556588e54fb62969a2748fbef,119523d5019ffc56a1f411e3ea7c9b170aeeafbb9216c2b04156c486a419c04a
sample,all_cr-65536,377,3220702,524295,8,435ec912e125c9f8ec95aa13ae97a7e5c07ec4f556588e54fb62969a2748fbef,119523d5019ffc56a1f411e3ea7c9b170aeeafbb9216c2b04156c486a419c04a
sample,all_cr-65536,378,3223282,524295,8,435ec912e125c9f8ec95aa13ae97a7e5c07ec4f556588e54fb62969a2748fbef,119523d5019ffc56a1f411e3ea7c9b170aeeafbb9216c2b04156c486a419c04a
sample,all_cr-65536,379,3228042,524295,8,435ec912e125c9f8ec95aa13ae97a7e5c07ec4f556588e54fb62969a2748fbef,119523d5019ffc56a1f411e3ea7c9b170aeeafbb9216c2b04156c486a419c04a
sample,all_cr-65536,380,3225712,524295,8,435ec912e125c9f8ec95aa13ae97a7e5c07ec4f556588e54fb62969a2748fbef,119523d5019ffc56a1f411e3ea7c9b170aeeafbb9216c2b04156c486a419c04a
sample,all_cr-65536,381,3230092,524295,8,435ec912e125c9f8ec95aa13ae97a7e5c07ec4f556588e54fb62969a2748fbef,119523d5019ffc56a1f411e3ea7c9b170aeeafbb9216c2b04156c486a419c04a
sample,all_cr-65536,382,3215562,524295,8,435ec912e125c9f8ec95aa13ae97a7e5c07ec4f556588e54fb62969a2748fbef,119523d5019ffc56a1f411e3ea7c9b170aeeafbb9216c2b04156c486a419c04a
sample,all_cr-65536,383,3223242,524295,8,435ec912e125c9f8ec95aa13ae97a7e5c07ec4f556588e54fb62969a2748fbef,119523d5019ffc56a1f411e3ea7c9b170aeeafbb9216c2b04156c486a419c04a
sample,all_cr-65536,384,3225972,524295,8,435ec912e125c9f8ec95aa13ae97a7e5c07ec4f556588e54fb62969a2748fbef,119523d5019ffc56a1f411e3ea7c9b170aeeafbb9216c2b04156c486a419c04a
sample,all_cr-65536,385,3229322,524295,8,435ec912e125c9f8ec95aa13ae97a7e5c07ec4f556588e54fb62969a2748fbef,119523d5019ffc56a1f411e3ea7c9b170aeeafbb9216c2b04156c486a419c04a
sample,all_cr-65536,386,3230882,524295,8,435ec912e125c9f8ec95aa13ae97a7e5c07ec4f556588e54fb62969a2748fbef,119523d5019ffc56a1f411e3ea7c9b170aeeafbb9216c2b04156c486a419c04a
sample,all_cr-65536,387,3227372,524295,8,435ec912e125c9f8ec95aa13ae97a7e5c07ec4f556588e54fb62969a2748fbef,119523d5019ffc56a1f411e3ea7c9b170aeeafbb9216c2b04156c486a419c04a
sample,all_cr-65536,388,3223922,524295,8,435ec912e125c9f8ec95aa13ae97a7e5c07ec4f556588e54fb62969a2748fbef,119523d5019ffc56a1f411e3ea7c9b170aeeafbb9216c2b04156c486a419c04a
sample,all_cr-65536,389,3291142,524295,8,435ec912e125c9f8ec95aa13ae97a7e5c07ec4f556588e54fb62969a2748fbef,119523d5019ffc56a1f411e3ea7c9b170aeeafbb9216c2b04156c486a419c04a
sample,all_cr-65536,390,3232352,524295,8,435ec912e125c9f8ec95aa13ae97a7e5c07ec4f556588e54fb62969a2748fbef,119523d5019ffc56a1f411e3ea7c9b170aeeafbb9216c2b04156c486a419c04a
sample,all_cr-65536,391,3223052,524295,8,435ec912e125c9f8ec95aa13ae97a7e5c07ec4f556588e54fb62969a2748fbef,119523d5019ffc56a1f411e3ea7c9b170aeeafbb9216c2b04156c486a419c04a
sample,all_cr-65536,392,3225902,524295,8,435ec912e125c9f8ec95aa13ae97a7e5c07ec4f556588e54fb62969a2748fbef,119523d5019ffc56a1f411e3ea7c9b170aeeafbb9216c2b04156c486a419c04a
sample,all_cr-65536,393,3225592,524295,8,435ec912e125c9f8ec95aa13ae97a7e5c07ec4f556588e54fb62969a2748fbef,119523d5019ffc56a1f411e3ea7c9b170aeeafbb9216c2b04156c486a419c04a
sample,all_cr-65536,394,3239161,524295,8,435ec912e125c9f8ec95aa13ae97a7e5c07ec4f556588e54fb62969a2748fbef,119523d5019ffc56a1f411e3ea7c9b170aeeafbb9216c2b04156c486a419c04a
sample,all_cr-65536,395,3232342,524295,8,435ec912e125c9f8ec95aa13ae97a7e5c07ec4f556588e54fb62969a2748fbef,119523d5019ffc56a1f411e3ea7c9b170aeeafbb9216c2b04156c486a419c04a
sample,all_cr-65536,396,3230142,524295,8,435ec912e125c9f8ec95aa13ae97a7e5c07ec4f556588e54fb62969a2748fbef,119523d5019ffc56a1f411e3ea7c9b170aeeafbb9216c2b04156c486a419c04a
sample,all_cr-65536,397,3229872,524295,8,435ec912e125c9f8ec95aa13ae97a7e5c07ec4f556588e54fb62969a2748fbef,119523d5019ffc56a1f411e3ea7c9b170aeeafbb9216c2b04156c486a419c04a
sample,all_cr-65536,398,3232482,524295,8,435ec912e125c9f8ec95aa13ae97a7e5c07ec4f556588e54fb62969a2748fbef,119523d5019ffc56a1f411e3ea7c9b170aeeafbb9216c2b04156c486a419c04a
sample,all_cr-65536,399,3227862,524295,8,435ec912e125c9f8ec95aa13ae97a7e5c07ec4f556588e54fb62969a2748fbef,119523d5019ffc56a1f411e3ea7c9b170aeeafbb9216c2b04156c486a419c04a
sample,all_cr-65536,400,3228102,524295,8,435ec912e125c9f8ec95aa13ae97a7e5c07ec4f556588e54fb62969a2748fbef,119523d5019ffc56a1f411e3ea7c9b170aeeafbb9216c2b04156c486a419c04a
sample,all_cr-65536,401,3223872,524295,8,435ec912e125c9f8ec95aa13ae97a7e5c07ec4f556588e54fb62969a2748fbef,119523d5019ffc56a1f411e3ea7c9b170aeeafbb9216c2b04156c486a419c04a
sample,all_cr-65536,402,3235892,524295,8,435ec912e125c9f8ec95aa13ae97a7e5c07ec4f556588e54fb62969a2748fbef,119523d5019ffc56a1f411e3ea7c9b170aeeafbb9216c2b04156c486a419c04a
sample,all_cr-65536,403,3221712,524295,8,435ec912e125c9f8ec95aa13ae97a7e5c07ec4f556588e54fb62969a2748fbef,119523d5019ffc56a1f411e3ea7c9b170aeeafbb9216c2b04156c486a419c04a
sample,all_cr-65536,404,3232142,524295,8,435ec912e125c9f8ec95aa13ae97a7e5c07ec4f556588e54fb62969a2748fbef,119523d5019ffc56a1f411e3ea7c9b170aeeafbb9216c2b04156c486a419c04a
sample,all_cr-65536,405,3253702,524295,8,435ec912e125c9f8ec95aa13ae97a7e5c07ec4f556588e54fb62969a2748fbef,119523d5019ffc56a1f411e3ea7c9b170aeeafbb9216c2b04156c486a419c04a
sample,all_cr-65536,406,3232242,524295,8,435ec912e125c9f8ec95aa13ae97a7e5c07ec4f556588e54fb62969a2748fbef,119523d5019ffc56a1f411e3ea7c9b170aeeafbb9216c2b04156c486a419c04a
sample,all_cr-65536,407,3228662,524295,8,435ec912e125c9f8ec95aa13ae97a7e5c07ec4f556588e54fb62969a2748fbef,119523d5019ffc56a1f411e3ea7c9b170aeeafbb9216c2b04156c486a419c04a
sample,all_cr-65536,408,3224142,524295,8,435ec912e125c9f8ec95aa13ae97a7e5c07ec4f556588e54fb62969a2748fbef,119523d5019ffc56a1f411e3ea7c9b170aeeafbb9216c2b04156c486a419c04a
sample,all_cr-65536,409,3227282,524295,8,435ec912e125c9f8ec95aa13ae97a7e5c07ec4f556588e54fb62969a2748fbef,119523d5019ffc56a1f411e3ea7c9b170aeeafbb9216c2b04156c486a419c04a
sample,all_cr-65536,410,3228082,524295,8,435ec912e125c9f8ec95aa13ae97a7e5c07ec4f556588e54fb62969a2748fbef,119523d5019ffc56a1f411e3ea7c9b170aeeafbb9216c2b04156c486a419c04a
sample,all_cr-65536,411,3235582,524295,8,435ec912e125c9f8ec95aa13ae97a7e5c07ec4f556588e54fb62969a2748fbef,119523d5019ffc56a1f411e3ea7c9b170aeeafbb9216c2b04156c486a419c04a
sample,all_cr-65536,412,3231332,524295,8,435ec912e125c9f8ec95aa13ae97a7e5c07ec4f556588e54fb62969a2748fbef,119523d5019ffc56a1f411e3ea7c9b170aeeafbb9216c2b04156c486a419c04a
sample,all_cr-65536,413,3228451,524295,8,435ec912e125c9f8ec95aa13ae97a7e5c07ec4f556588e54fb62969a2748fbef,119523d5019ffc56a1f411e3ea7c9b170aeeafbb9216c2b04156c486a419c04a
sample,all_cr-65536,414,3223941,524295,8,435ec912e125c9f8ec95aa13ae97a7e5c07ec4f556588e54fb62969a2748fbef,119523d5019ffc56a1f411e3ea7c9b170aeeafbb9216c2b04156c486a419c04a
sample,all_cr-65536,415,3242922,524295,8,435ec912e125c9f8ec95aa13ae97a7e5c07ec4f556588e54fb62969a2748fbef,119523d5019ffc56a1f411e3ea7c9b170aeeafbb9216c2b04156c486a419c04a
sample,all_cr-65536,416,3230562,524295,8,435ec912e125c9f8ec95aa13ae97a7e5c07ec4f556588e54fb62969a2748fbef,119523d5019ffc56a1f411e3ea7c9b170aeeafbb9216c2b04156c486a419c04a
sample,all_cr-65536,417,3229672,524295,8,435ec912e125c9f8ec95aa13ae97a7e5c07ec4f556588e54fb62969a2748fbef,119523d5019ffc56a1f411e3ea7c9b170aeeafbb9216c2b04156c486a419c04a
sample,all_cr-65536,418,3222402,524295,8,435ec912e125c9f8ec95aa13ae97a7e5c07ec4f556588e54fb62969a2748fbef,119523d5019ffc56a1f411e3ea7c9b170aeeafbb9216c2b04156c486a419c04a
sample,all_cr-65536,419,3240182,524295,8,435ec912e125c9f8ec95aa13ae97a7e5c07ec4f556588e54fb62969a2748fbef,119523d5019ffc56a1f411e3ea7c9b170aeeafbb9216c2b04156c486a419c04a
sample,all_cr-65536,420,3232342,524295,8,435ec912e125c9f8ec95aa13ae97a7e5c07ec4f556588e54fb62969a2748fbef,119523d5019ffc56a1f411e3ea7c9b170aeeafbb9216c2b04156c486a419c04a
sample,all_cr-65536,421,3227092,524295,8,435ec912e125c9f8ec95aa13ae97a7e5c07ec4f556588e54fb62969a2748fbef,119523d5019ffc56a1f411e3ea7c9b170aeeafbb9216c2b04156c486a419c04a
sample,all_cr-65536,422,3247682,524295,8,435ec912e125c9f8ec95aa13ae97a7e5c07ec4f556588e54fb62969a2748fbef,119523d5019ffc56a1f411e3ea7c9b170aeeafbb9216c2b04156c486a419c04a
sample,all_cr-65536,423,3232342,524295,8,435ec912e125c9f8ec95aa13ae97a7e5c07ec4f556588e54fb62969a2748fbef,119523d5019ffc56a1f411e3ea7c9b170aeeafbb9216c2b04156c486a419c04a
sample,all_cr-65536,424,3228032,524295,8,435ec912e125c9f8ec95aa13ae97a7e5c07ec4f556588e54fb62969a2748fbef,119523d5019ffc56a1f411e3ea7c9b170aeeafbb9216c2b04156c486a419c04a
sample,all_cr-65536,425,3231662,524295,8,435ec912e125c9f8ec95aa13ae97a7e5c07ec4f556588e54fb62969a2748fbef,119523d5019ffc56a1f411e3ea7c9b170aeeafbb9216c2b04156c486a419c04a
sample,all_cr-65536,426,3225822,524295,8,435ec912e125c9f8ec95aa13ae97a7e5c07ec4f556588e54fb62969a2748fbef,119523d5019ffc56a1f411e3ea7c9b170aeeafbb9216c2b04156c486a419c04a
sample,all_cr-65536,427,3228002,524295,8,435ec912e125c9f8ec95aa13ae97a7e5c07ec4f556588e54fb62969a2748fbef,119523d5019ffc56a1f411e3ea7c9b170aeeafbb9216c2b04156c486a419c04a
sample,all_cr-65536,428,3236192,524295,8,435ec912e125c9f8ec95aa13ae97a7e5c07ec4f556588e54fb62969a2748fbef,119523d5019ffc56a1f411e3ea7c9b170aeeafbb9216c2b04156c486a419c04a
sample,all_cr-65536,429,3221772,524295,8,435ec912e125c9f8ec95aa13ae97a7e5c07ec4f556588e54fb62969a2748fbef,119523d5019ffc56a1f411e3ea7c9b170aeeafbb9216c2b04156c486a419c04a
sample,all_cr-65536,430,3234182,524295,8,435ec912e125c9f8ec95aa13ae97a7e5c07ec4f556588e54fb62969a2748fbef,119523d5019ffc56a1f411e3ea7c9b170aeeafbb9216c2b04156c486a419c04a
sample,all_cr-65536,431,3227162,524295,8,435ec912e125c9f8ec95aa13ae97a7e5c07ec4f556588e54fb62969a2748fbef,119523d5019ffc56a1f411e3ea7c9b170aeeafbb9216c2b04156c486a419c04a
sample,all_cr-65536,432,3237792,524295,8,435ec912e125c9f8ec95aa13ae97a7e5c07ec4f556588e54fb62969a2748fbef,119523d5019ffc56a1f411e3ea7c9b170aeeafbb9216c2b04156c486a419c04a
sample,all_cr-65536,433,3228412,524295,8,435ec912e125c9f8ec95aa13ae97a7e5c07ec4f556588e54fb62969a2748fbef,119523d5019ffc56a1f411e3ea7c9b170aeeafbb9216c2b04156c486a419c04a
sample,all_cr-65536,434,3226172,524295,8,435ec912e125c9f8ec95aa13ae97a7e5c07ec4f556588e54fb62969a2748fbef,119523d5019ffc56a1f411e3ea7c9b170aeeafbb9216c2b04156c486a419c04a
sample,all_cr-65536,435,3227131,524295,8,435ec912e125c9f8ec95aa13ae97a7e5c07ec4f556588e54fb62969a2748fbef,119523d5019ffc56a1f411e3ea7c9b170aeeafbb9216c2b04156c486a419c04a
sample,all_cr-65536,436,3231711,524295,8,435ec912e125c9f8ec95aa13ae97a7e5c07ec4f556588e54fb62969a2748fbef,119523d5019ffc56a1f411e3ea7c9b170aeeafbb9216c2b04156c486a419c04a
sample,all_cr-65536,437,3231032,524295,8,435ec912e125c9f8ec95aa13ae97a7e5c07ec4f556588e54fb62969a2748fbef,119523d5019ffc56a1f411e3ea7c9b170aeeafbb9216c2b04156c486a419c04a
sample,all_cr-65536,438,3228072,524295,8,435ec912e125c9f8ec95aa13ae97a7e5c07ec4f556588e54fb62969a2748fbef,119523d5019ffc56a1f411e3ea7c9b170aeeafbb9216c2b04156c486a419c04a
sample,all_cr-65536,439,3232302,524295,8,435ec912e125c9f8ec95aa13ae97a7e5c07ec4f556588e54fb62969a2748fbef,119523d5019ffc56a1f411e3ea7c9b170aeeafbb9216c2b04156c486a419c04a
sample,all_cr-65536,440,3223602,524295,8,435ec912e125c9f8ec95aa13ae97a7e5c07ec4f556588e54fb62969a2748fbef,119523d5019ffc56a1f411e3ea7c9b170aeeafbb9216c2b04156c486a419c04a
sample,all_cr-65536,441,3239162,524295,8,435ec912e125c9f8ec95aa13ae97a7e5c07ec4f556588e54fb62969a2748fbef,119523d5019ffc56a1f411e3ea7c9b170aeeafbb9216c2b04156c486a419c04a
sample,all_cr-65536,442,3240182,524295,8,435ec912e125c9f8ec95aa13ae97a7e5c07ec4f556588e54fb62969a2748fbef,119523d5019ffc56a1f411e3ea7c9b170aeeafbb9216c2b04156c486a419c04a
sample,all_cr-65536,443,3230112,524295,8,435ec912e125c9f8ec95aa13ae97a7e5c07ec4f556588e54fb62969a2748fbef,119523d5019ffc56a1f411e3ea7c9b170aeeafbb9216c2b04156c486a419c04a
sample,all_cr-65536,444,3225502,524295,8,435ec912e125c9f8ec95aa13ae97a7e5c07ec4f556588e54fb62969a2748fbef,119523d5019ffc56a1f411e3ea7c9b170aeeafbb9216c2b04156c486a419c04a
sample,all_cr-65536,445,3232782,524295,8,435ec912e125c9f8ec95aa13ae97a7e5c07ec4f556588e54fb62969a2748fbef,119523d5019ffc56a1f411e3ea7c9b170aeeafbb9216c2b04156c486a419c04a
sample,all_cr-65536,446,3228602,524295,8,435ec912e125c9f8ec95aa13ae97a7e5c07ec4f556588e54fb62969a2748fbef,119523d5019ffc56a1f411e3ea7c9b170aeeafbb9216c2b04156c486a419c04a
sample,all_cr-65536,447,3228852,524295,8,435ec912e125c9f8ec95aa13ae97a7e5c07ec4f556588e54fb62969a2748fbef,119523d5019ffc56a1f411e3ea7c9b170aeeafbb9216c2b04156c486a419c04a
sample,all_cr-65536,448,3223832,524295,8,435ec912e125c9f8ec95aa13ae97a7e5c07ec4f556588e54fb62969a2748fbef,119523d5019ffc56a1f411e3ea7c9b170aeeafbb9216c2b04156c486a419c04a
sample,all_cr-65536,449,3240962,524295,8,435ec912e125c9f8ec95aa13ae97a7e5c07ec4f556588e54fb62969a2748fbef,119523d5019ffc56a1f411e3ea7c9b170aeeafbb9216c2b04156c486a419c04a
sample,all_cr-65536,450,3222402,524295,8,435ec912e125c9f8ec95aa13ae97a7e5c07ec4f556588e54fb62969a2748fbef,119523d5019ffc56a1f411e3ea7c9b170aeeafbb9216c2b04156c486a419c04a
sample,all_cr-65536,451,3231162,524295,8,435ec912e125c9f8ec95aa13ae97a7e5c07ec4f556588e54fb62969a2748fbef,119523d5019ffc56a1f411e3ea7c9b170aeeafbb9216c2b04156c486a419c04a
sample,all_cr-65536,452,3223272,524295,8,435ec912e125c9f8ec95aa13ae97a7e5c07ec4f556588e54fb62969a2748fbef,119523d5019ffc56a1f411e3ea7c9b170aeeafbb9216c2b04156c486a419c04a
sample,all_cr-65536,453,3235812,524295,8,435ec912e125c9f8ec95aa13ae97a7e5c07ec4f556588e54fb62969a2748fbef,119523d5019ffc56a1f411e3ea7c9b170aeeafbb9216c2b04156c486a419c04a
sample,all_cr-65536,454,3226271,524295,8,435ec912e125c9f8ec95aa13ae97a7e5c07ec4f556588e54fb62969a2748fbef,119523d5019ffc56a1f411e3ea7c9b170aeeafbb9216c2b04156c486a419c04a
sample,all_cr-65536,455,3228142,524295,8,435ec912e125c9f8ec95aa13ae97a7e5c07ec4f556588e54fb62969a2748fbef,119523d5019ffc56a1f411e3ea7c9b170aeeafbb9216c2b04156c486a419c04a
sample,all_cr-65536,456,3231112,524295,8,435ec912e125c9f8ec95aa13ae97a7e5c07ec4f556588e54fb62969a2748fbef,119523d5019ffc56a1f411e3ea7c9b170aeeafbb9216c2b04156c486a419c04a
sample,all_cr-65536,457,3231692,524295,8,435ec912e125c9f8ec95aa13ae97a7e5c07ec4f556588e54fb62969a2748fbef,119523d5019ffc56a1f411e3ea7c9b170aeeafbb9216c2b04156c486a419c04a
sample,all_cr-65536,458,3232482,524295,8,435ec912e125c9f8ec95aa13ae97a7e5c07ec4f556588e54fb62969a2748fbef,119523d5019ffc56a1f411e3ea7c9b170aeeafbb9216c2b04156c486a419c04a
sample,all_cr-65536,459,3223912,524295,8,435ec912e125c9f8ec95aa13ae97a7e5c07ec4f556588e54fb62969a2748fbef,119523d5019ffc56a1f411e3ea7c9b170aeeafbb9216c2b04156c486a419c04a
sample,all_cr-65536,460,3223042,524295,8,435ec912e125c9f8ec95aa13ae97a7e5c07ec4f556588e54fb62969a2748fbef,119523d5019ffc56a1f411e3ea7c9b170aeeafbb9216c2b04156c486a419c04a
sample,all_cr-65536,461,3221422,524295,8,435ec912e125c9f8ec95aa13ae97a7e5c07ec4f556588e54fb62969a2748fbef,119523d5019ffc56a1f411e3ea7c9b170aeeafbb9216c2b04156c486a419c04a
sample,all_cr-65536,462,3243072,524295,8,435ec912e125c9f8ec95aa13ae97a7e5c07ec4f556588e54fb62969a2748fbef,119523d5019ffc56a1f411e3ea7c9b170aeeafbb9216c2b04156c486a419c04a
sample,all_cr-65536,463,3229782,524295,8,435ec912e125c9f8ec95aa13ae97a7e5c07ec4f556588e54fb62969a2748fbef,119523d5019ffc56a1f411e3ea7c9b170aeeafbb9216c2b04156c486a419c04a
sample,all_cr-65536,464,3227342,524295,8,435ec912e125c9f8ec95aa13ae97a7e5c07ec4f556588e54fb62969a2748fbef,119523d5019ffc56a1f411e3ea7c9b170aeeafbb9216c2b04156c486a419c04a
sample,all_cr-65536,465,3229542,524295,8,435ec912e125c9f8ec95aa13ae97a7e5c07ec4f556588e54fb62969a2748fbef,119523d5019ffc56a1f411e3ea7c9b170aeeafbb9216c2b04156c486a419c04a
sample,all_cr-65536,466,3227472,524295,8,435ec912e125c9f8ec95aa13ae97a7e5c07ec4f556588e54fb62969a2748fbef,119523d5019ffc56a1f411e3ea7c9b170aeeafbb9216c2b04156c486a419c04a
sample,all_cr-65536,467,3225252,524295,8,435ec912e125c9f8ec95aa13ae97a7e5c07ec4f556588e54fb62969a2748fbef,119523d5019ffc56a1f411e3ea7c9b170aeeafbb9216c2b04156c486a419c04a
sample,all_cr-65536,468,3225962,524295,8,435ec912e125c9f8ec95aa13ae97a7e5c07ec4f556588e54fb62969a2748fbef,119523d5019ffc56a1f411e3ea7c9b170aeeafbb9216c2b04156c486a419c04a
sample,all_cr-65536,469,3223771,524295,8,435ec912e125c9f8ec95aa13ae97a7e5c07ec4f556588e54fb62969a2748fbef,119523d5019ffc56a1f411e3ea7c9b170aeeafbb9216c2b04156c486a419c04a
sample,all_cr-65536,470,3229022,524295,8,435ec912e125c9f8ec95aa13ae97a7e5c07ec4f556588e54fb62969a2748fbef,119523d5019ffc56a1f411e3ea7c9b170aeeafbb9216c2b04156c486a419c04a
sample,all_cr-65536,471,3231892,524295,8,435ec912e125c9f8ec95aa13ae97a7e5c07ec4f556588e54fb62969a2748fbef,119523d5019ffc56a1f411e3ea7c9b170aeeafbb9216c2b04156c486a419c04a
sample,all_cr-65536,472,3230662,524295,8,435ec912e125c9f8ec95aa13ae97a7e5c07ec4f556588e54fb62969a2748fbef,119523d5019ffc56a1f411e3ea7c9b170aeeafbb9216c2b04156c486a419c04a
sample,all_cr-65536,473,3231242,524295,8,435ec912e125c9f8ec95aa13ae97a7e5c07ec4f556588e54fb62969a2748fbef,119523d5019ffc56a1f411e3ea7c9b170aeeafbb9216c2b04156c486a419c04a
sample,all_cr-65536,474,3230842,524295,8,435ec912e125c9f8ec95aa13ae97a7e5c07ec4f556588e54fb62969a2748fbef,119523d5019ffc56a1f411e3ea7c9b170aeeafbb9216c2b04156c486a419c04a
sample,all_cr-65536,475,3240452,524295,8,435ec912e125c9f8ec95aa13ae97a7e5c07ec4f556588e54fb62969a2748fbef,119523d5019ffc56a1f411e3ea7c9b170aeeafbb9216c2b04156c486a419c04a
sample,all_cr-65536,476,3224832,524295,8,435ec912e125c9f8ec95aa13ae97a7e5c07ec4f556588e54fb62969a2748fbef,119523d5019ffc56a1f411e3ea7c9b170aeeafbb9216c2b04156c486a419c04a
sample,all_cr-65536,477,3230542,524295,8,435ec912e125c9f8ec95aa13ae97a7e5c07ec4f556588e54fb62969a2748fbef,119523d5019ffc56a1f411e3ea7c9b170aeeafbb9216c2b04156c486a419c04a
sample,all_cr-65536,478,3229742,524295,8,435ec912e125c9f8ec95aa13ae97a7e5c07ec4f556588e54fb62969a2748fbef,119523d5019ffc56a1f411e3ea7c9b170aeeafbb9216c2b04156c486a419c04a
sample,all_cr-65536,479,3232322,524295,8,435ec912e125c9f8ec95aa13ae97a7e5c07ec4f556588e54fb62969a2748fbef,119523d5019ffc56a1f411e3ea7c9b170aeeafbb9216c2b04156c486a419c04a
sample,all_cr-65536,480,3227692,524295,8,435ec912e125c9f8ec95aa13ae97a7e5c07ec4f556588e54fb62969a2748fbef,119523d5019ffc56a1f411e3ea7c9b170aeeafbb9216c2b04156c486a419c04a
sample,all_cr-65536,481,3228402,524295,8,435ec912e125c9f8ec95aa13ae97a7e5c07ec4f556588e54fb62969a2748fbef,119523d5019ffc56a1f411e3ea7c9b170aeeafbb9216c2b04156c486a419c04a
sample,all_cr-65536,482,3224742,524295,8,435ec912e125c9f8ec95aa13ae97a7e5c07ec4f556588e54fb62969a2748fbef,119523d5019ffc56a1f411e3ea7c9b170aeeafbb9216c2b04156c486a419c04a
sample,all_cr-65536,483,3232542,524295,8,435ec912e125c9f8ec95aa13ae97a7e5c07ec4f556588e54fb62969a2748fbef,119523d5019ffc56a1f411e3ea7c9b170aeeafbb9216c2b04156c486a419c04a
sample,all_cr-65536,484,3230082,524295,8,435ec912e125c9f8ec95aa13ae97a7e5c07ec4f556588e54fb62969a2748fbef,119523d5019ffc56a1f411e3ea7c9b170aeeafbb9216c2b04156c486a419c04a
sample,all_cr-65536,485,3228022,524295,8,435ec912e125c9f8ec95aa13ae97a7e5c07ec4f556588e54fb62969a2748fbef,119523d5019ffc56a1f411e3ea7c9b170aeeafbb9216c2b04156c486a419c04a
sample,all_cr-65536,486,3228452,524295,8,435ec912e125c9f8ec95aa13ae97a7e5c07ec4f556588e54fb62969a2748fbef,119523d5019ffc56a1f411e3ea7c9b170aeeafbb9216c2b04156c486a419c04a
sample,all_cr-65536,487,3225502,524295,8,435ec912e125c9f8ec95aa13ae97a7e5c07ec4f556588e54fb62969a2748fbef,119523d5019ffc56a1f411e3ea7c9b170aeeafbb9216c2b04156c486a419c04a
sample,all_cr-65536,488,3238482,524295,8,435ec912e125c9f8ec95aa13ae97a7e5c07ec4f556588e54fb62969a2748fbef,119523d5019ffc56a1f411e3ea7c9b170aeeafbb9216c2b04156c486a419c04a
sample,all_cr-65536,489,3226381,524295,8,435ec912e125c9f8ec95aa13ae97a7e5c07ec4f556588e54fb62969a2748fbef,119523d5019ffc56a1f411e3ea7c9b170aeeafbb9216c2b04156c486a419c04a
sample,all_cr-65536,490,3232501,524295,8,435ec912e125c9f8ec95aa13ae97a7e5c07ec4f556588e54fb62969a2748fbef,119523d5019ffc56a1f411e3ea7c9b170aeeafbb9216c2b04156c486a419c04a
sample,all_cr-65536,491,3228472,524295,8,435ec912e125c9f8ec95aa13ae97a7e5c07ec4f556588e54fb62969a2748fbef,119523d5019ffc56a1f411e3ea7c9b170aeeafbb9216c2b04156c486a419c04a
sample,all_cr-65536,492,3239622,524295,8,435ec912e125c9f8ec95aa13ae97a7e5c07ec4f556588e54fb62969a2748fbef,119523d5019ffc56a1f411e3ea7c9b170aeeafbb9216c2b04156c486a419c04a
sample,all_cr-65536,493,3229672,524295,8,435ec912e125c9f8ec95aa13ae97a7e5c07ec4f556588e54fb62969a2748fbef,119523d5019ffc56a1f411e3ea7c9b170aeeafbb9216c2b04156c486a419c04a
sample,all_cr-65536,494,3224472,524295,8,435ec912e125c9f8ec95aa13ae97a7e5c07ec4f556588e54fb62969a2748fbef,119523d5019ffc56a1f411e3ea7c9b170aeeafbb9216c2b04156c486a419c04a
sample,all_cr-65536,495,3226722,524295,8,435ec912e125c9f8ec95aa13ae97a7e5c07ec4f556588e54fb62969a2748fbef,119523d5019ffc56a1f411e3ea7c9b170aeeafbb9216c2b04156c486a419c04a
sample,all_cr-65536,496,3239042,524295,8,435ec912e125c9f8ec95aa13ae97a7e5c07ec4f556588e54fb62969a2748fbef,119523d5019ffc56a1f411e3ea7c9b170aeeafbb9216c2b04156c486a419c04a
sample,all_cr-65536,497,3225742,524295,8,435ec912e125c9f8ec95aa13ae97a7e5c07ec4f556588e54fb62969a2748fbef,119523d5019ffc56a1f411e3ea7c9b170aeeafbb9216c2b04156c486a419c04a
sample,all_cr-65536,498,3225512,524295,8,435ec912e125c9f8ec95aa13ae97a7e5c07ec4f556588e54fb62969a2748fbef,119523d5019ffc56a1f411e3ea7c9b170aeeafbb9216c2b04156c486a419c04a
sample,all_cr-65536,499,3227122,524295,8,435ec912e125c9f8ec95aa13ae97a7e5c07ec4f556588e54fb62969a2748fbef,119523d5019ffc56a1f411e3ea7c9b170aeeafbb9216c2b04156c486a419c04a
sample,sparse_crlf-65536,0,311101,522255,8,4edca701f475cd006d9a6a13adfe1df33a941fb0d75dc7f208f20d3c5d1d80f5,03a7e983b36035b5a12262b7862ec3ecec67ca006b9e7b01527dc87f05dd7d6e
sample,sparse_crlf-65536,1,372202,522255,8,4edca701f475cd006d9a6a13adfe1df33a941fb0d75dc7f208f20d3c5d1d80f5,03a7e983b36035b5a12262b7862ec3ecec67ca006b9e7b01527dc87f05dd7d6e
sample,sparse_crlf-65536,2,375501,522255,8,4edca701f475cd006d9a6a13adfe1df33a941fb0d75dc7f208f20d3c5d1d80f5,03a7e983b36035b5a12262b7862ec3ecec67ca006b9e7b01527dc87f05dd7d6e
sample,sparse_crlf-65536,3,372622,522255,8,4edca701f475cd006d9a6a13adfe1df33a941fb0d75dc7f208f20d3c5d1d80f5,03a7e983b36035b5a12262b7862ec3ecec67ca006b9e7b01527dc87f05dd7d6e
sample,sparse_crlf-65536,4,348321,522255,8,4edca701f475cd006d9a6a13adfe1df33a941fb0d75dc7f208f20d3c5d1d80f5,03a7e983b36035b5a12262b7862ec3ecec67ca006b9e7b01527dc87f05dd7d6e
sample,sparse_crlf-65536,5,365921,522255,8,4edca701f475cd006d9a6a13adfe1df33a941fb0d75dc7f208f20d3c5d1d80f5,03a7e983b36035b5a12262b7862ec3ecec67ca006b9e7b01527dc87f05dd7d6e
sample,sparse_crlf-65536,6,296601,522255,8,4edca701f475cd006d9a6a13adfe1df33a941fb0d75dc7f208f20d3c5d1d80f5,03a7e983b36035b5a12262b7862ec3ecec67ca006b9e7b01527dc87f05dd7d6e
sample,sparse_crlf-65536,7,339152,522255,8,4edca701f475cd006d9a6a13adfe1df33a941fb0d75dc7f208f20d3c5d1d80f5,03a7e983b36035b5a12262b7862ec3ecec67ca006b9e7b01527dc87f05dd7d6e
sample,sparse_crlf-65536,8,303401,522255,8,4edca701f475cd006d9a6a13adfe1df33a941fb0d75dc7f208f20d3c5d1d80f5,03a7e983b36035b5a12262b7862ec3ecec67ca006b9e7b01527dc87f05dd7d6e
sample,sparse_crlf-65536,9,320441,522255,8,4edca701f475cd006d9a6a13adfe1df33a941fb0d75dc7f208f20d3c5d1d80f5,03a7e983b36035b5a12262b7862ec3ecec67ca006b9e7b01527dc87f05dd7d6e
sample,sparse_crlf-65536,10,372431,522255,8,4edca701f475cd006d9a6a13adfe1df33a941fb0d75dc7f208f20d3c5d1d80f5,03a7e983b36035b5a12262b7862ec3ecec67ca006b9e7b01527dc87f05dd7d6e
sample,sparse_crlf-65536,11,355792,522255,8,4edca701f475cd006d9a6a13adfe1df33a941fb0d75dc7f208f20d3c5d1d80f5,03a7e983b36035b5a12262b7862ec3ecec67ca006b9e7b01527dc87f05dd7d6e
sample,sparse_crlf-65536,12,296551,522255,8,4edca701f475cd006d9a6a13adfe1df33a941fb0d75dc7f208f20d3c5d1d80f5,03a7e983b36035b5a12262b7862ec3ecec67ca006b9e7b01527dc87f05dd7d6e
sample,sparse_crlf-65536,13,349711,522255,8,4edca701f475cd006d9a6a13adfe1df33a941fb0d75dc7f208f20d3c5d1d80f5,03a7e983b36035b5a12262b7862ec3ecec67ca006b9e7b01527dc87f05dd7d6e
sample,sparse_crlf-65536,14,329171,522255,8,4edca701f475cd006d9a6a13adfe1df33a941fb0d75dc7f208f20d3c5d1d80f5,03a7e983b36035b5a12262b7862ec3ecec67ca006b9e7b01527dc87f05dd7d6e
sample,sparse_crlf-65536,15,297651,522255,8,4edca701f475cd006d9a6a13adfe1df33a941fb0d75dc7f208f20d3c5d1d80f5,03a7e983b36035b5a12262b7862ec3ecec67ca006b9e7b01527dc87f05dd7d6e
sample,sparse_crlf-65536,16,375502,522255,8,4edca701f475cd006d9a6a13adfe1df33a941fb0d75dc7f208f20d3c5d1d80f5,03a7e983b36035b5a12262b7862ec3ecec67ca006b9e7b01527dc87f05dd7d6e
sample,sparse_crlf-65536,17,327631,522255,8,4edca701f475cd006d9a6a13adfe1df33a941fb0d75dc7f208f20d3c5d1d80f5,03a7e983b36035b5a12262b7862ec3ecec67ca006b9e7b01527dc87f05dd7d6e
sample,sparse_crlf-65536,18,296981,522255,8,4edca701f475cd006d9a6a13adfe1df33a941fb0d75dc7f208f20d3c5d1d80f5,03a7e983b36035b5a12262b7862ec3ecec67ca006b9e7b01527dc87f05dd7d6e
sample,sparse_crlf-65536,19,372652,522255,8,4edca701f475cd006d9a6a13adfe1df33a941fb0d75dc7f208f20d3c5d1d80f5,03a7e983b36035b5a12262b7862ec3ecec67ca006b9e7b01527dc87f05dd7d6e
sample,sparse_crlf-65536,20,303941,522255,8,4edca701f475cd006d9a6a13adfe1df33a941fb0d75dc7f208f20d3c5d1d80f5,03a7e983b36035b5a12262b7862ec3ecec67ca006b9e7b01527dc87f05dd7d6e
sample,sparse_crlf-65536,21,372591,522255,8,4edca701f475cd006d9a6a13adfe1df33a941fb0d75dc7f208f20d3c5d1d80f5,03a7e983b36035b5a12262b7862ec3ecec67ca006b9e7b01527dc87f05dd7d6e
sample,sparse_crlf-65536,22,372322,522255,8,4edca701f475cd006d9a6a13adfe1df33a941fb0d75dc7f208f20d3c5d1d80f5,03a7e983b36035b5a12262b7862ec3ecec67ca006b9e7b01527dc87f05dd7d6e
sample,sparse_crlf-65536,23,345961,522255,8,4edca701f475cd006d9a6a13adfe1df33a941fb0d75dc7f208f20d3c5d1d80f5,03a7e983b36035b5a12262b7862ec3ecec67ca006b9e7b01527dc87f05dd7d6e
sample,sparse_crlf-65536,24,372421,522255,8,4edca701f475cd006d9a6a13adfe1df33a941fb0d75dc7f208f20d3c5d1d80f5,03a7e983b36035b5a12262b7862ec3ecec67ca006b9e7b01527dc87f05dd7d6e
sample,sparse_crlf-65536,25,372252,522255,8,4edca701f475cd006d9a6a13adfe1df33a941fb0d75dc7f208f20d3c5d1d80f5,03a7e983b36035b5a12262b7862ec3ecec67ca006b9e7b01527dc87f05dd7d6e
sample,sparse_crlf-65536,26,379471,522255,8,4edca701f475cd006d9a6a13adfe1df33a941fb0d75dc7f208f20d3c5d1d80f5,03a7e983b36035b5a12262b7862ec3ecec67ca006b9e7b01527dc87f05dd7d6e
sample,sparse_crlf-65536,27,375371,522255,8,4edca701f475cd006d9a6a13adfe1df33a941fb0d75dc7f208f20d3c5d1d80f5,03a7e983b36035b5a12262b7862ec3ecec67ca006b9e7b01527dc87f05dd7d6e
sample,sparse_crlf-65536,28,357692,522255,8,4edca701f475cd006d9a6a13adfe1df33a941fb0d75dc7f208f20d3c5d1d80f5,03a7e983b36035b5a12262b7862ec3ecec67ca006b9e7b01527dc87f05dd7d6e
sample,sparse_crlf-65536,29,311741,522255,8,4edca701f475cd006d9a6a13adfe1df33a941fb0d75dc7f208f20d3c5d1d80f5,03a7e983b36035b5a12262b7862ec3ecec67ca006b9e7b01527dc87f05dd7d6e
sample,sparse_crlf-65536,30,299041,522255,8,4edca701f475cd006d9a6a13adfe1df33a941fb0d75dc7f208f20d3c5d1d80f5,03a7e983b36035b5a12262b7862ec3ecec67ca006b9e7b01527dc87f05dd7d6e
sample,sparse_crlf-65536,31,304321,522255,8,4edca701f475cd006d9a6a13adfe1df33a941fb0d75dc7f208f20d3c5d1d80f5,03a7e983b36035b5a12262b7862ec3ecec67ca006b9e7b01527dc87f05dd7d6e
sample,sparse_crlf-65536,32,296421,522255,8,4edca701f475cd006d9a6a13adfe1df33a941fb0d75dc7f208f20d3c5d1d80f5,03a7e983b36035b5a12262b7862ec3ecec67ca006b9e7b01527dc87f05dd7d6e
sample,sparse_crlf-65536,33,334512,522255,8,4edca701f475cd006d9a6a13adfe1df33a941fb0d75dc7f208f20d3c5d1d80f5,03a7e983b36035b5a12262b7862ec3ecec67ca006b9e7b01527dc87f05dd7d6e
sample,sparse_crlf-65536,34,373941,522255,8,4edca701f475cd006d9a6a13adfe1df33a941fb0d75dc7f208f20d3c5d1d80f5,03a7e983b36035b5a12262b7862ec3ecec67ca006b9e7b01527dc87f05dd7d6e
sample,sparse_crlf-65536,35,315221,522255,8,4edca701f475cd006d9a6a13adfe1df33a941fb0d75dc7f208f20d3c5d1d80f5,03a7e983b36035b5a12262b7862ec3ecec67ca006b9e7b01527dc87f05dd7d6e
sample,sparse_crlf-65536,36,372721,522255,8,4edca701f475cd006d9a6a13adfe1df33a941fb0d75dc7f208f20d3c5d1d80f5,03a7e983b36035b5a12262b7862ec3ecec67ca006b9e7b01527dc87f05dd7d6e
sample,sparse_crlf-65536,37,359832,522255,8,4edca701f475cd006d9a6a13adfe1df33a941fb0d75dc7f208f20d3c5d1d80f5,03a7e983b36035b5a12262b7862ec3ecec67ca006b9e7b01527dc87f05dd7d6e
sample,sparse_crlf-65536,38,372471,522255,8,4edca701f475cd006d9a6a13adfe1df33a941fb0d75dc7f208f20d3c5d1d80f5,03a7e983b36035b5a12262b7862ec3ecec67ca006b9e7b01527dc87f05dd7d6e
sample,sparse_crlf-65536,39,299661,522255,8,4edca701f475cd006d9a6a13adfe1df33a941fb0d75dc7f208f20d3c5d1d80f5,03a7e983b36035b5a12262b7862ec3ecec67ca006b9e7b01527dc87f05dd7d6e
sample,sparse_crlf-65536,40,348282,522255,8,4edca701f475cd006d9a6a13adfe1df33a941fb0d75dc7f208f20d3c5d1d80f5,03a7e983b36035b5a12262b7862ec3ecec67ca006b9e7b01527dc87f05dd7d6e
sample,sparse_crlf-65536,41,320041,522255,8,4edca701f475cd006d9a6a13adfe1df33a941fb0d75dc7f208f20d3c5d1d80f5,03a7e983b36035b5a12262b7862ec3ecec67ca006b9e7b01527dc87f05dd7d6e
sample,sparse_crlf-65536,42,338971,522255,8,4edca701f475cd006d9a6a13adfe1df33a941fb0d75dc7f208f20d3c5d1d80f5,03a7e983b36035b5a12262b7862ec3ecec67ca006b9e7b01527dc87f05dd7d6e
sample,sparse_crlf-65536,43,344851,522255,8,4edca701f475cd006d9a6a13adfe1df33a941fb0d75dc7f208f20d3c5d1d80f5,03a7e983b36035b5a12262b7862ec3ecec67ca006b9e7b01527dc87f05dd7d6e
sample,sparse_crlf-65536,44,372362,522255,8,4edca701f475cd006d9a6a13adfe1df33a941fb0d75dc7f208f20d3c5d1d80f5,03a7e983b36035b5a12262b7862ec3ecec67ca006b9e7b01527dc87f05dd7d6e
sample,sparse_crlf-65536,45,372391,522255,8,4edca701f475cd006d9a6a13adfe1df33a941fb0d75dc7f208f20d3c5d1d80f5,03a7e983b36035b5a12262b7862ec3ecec67ca006b9e7b01527dc87f05dd7d6e
sample,sparse_crlf-65536,46,378512,522255,8,4edca701f475cd006d9a6a13adfe1df33a941fb0d75dc7f208f20d3c5d1d80f5,03a7e983b36035b5a12262b7862ec3ecec67ca006b9e7b01527dc87f05dd7d6e
sample,sparse_crlf-65536,47,372331,522255,8,4edca701f475cd006d9a6a13adfe1df33a941fb0d75dc7f208f20d3c5d1d80f5,03a7e983b36035b5a12262b7862ec3ecec67ca006b9e7b01527dc87f05dd7d6e
sample,sparse_crlf-65536,48,378001,522255,8,4edca701f475cd006d9a6a13adfe1df33a941fb0d75dc7f208f20d3c5d1d80f5,03a7e983b36035b5a12262b7862ec3ecec67ca006b9e7b01527dc87f05dd7d6e
sample,sparse_crlf-65536,49,338842,522255,8,4edca701f475cd006d9a6a13adfe1df33a941fb0d75dc7f208f20d3c5d1d80f5,03a7e983b36035b5a12262b7862ec3ecec67ca006b9e7b01527dc87f05dd7d6e
sample,sparse_crlf-65536,50,375651,522255,8,4edca701f475cd006d9a6a13adfe1df33a941fb0d75dc7f208f20d3c5d1d80f5,03a7e983b36035b5a12262b7862ec3ecec67ca006b9e7b01527dc87f05dd7d6e
sample,sparse_crlf-65536,51,357381,522255,8,4edca701f475cd006d9a6a13adfe1df33a941fb0d75dc7f208f20d3c5d1d80f5,03a7e983b36035b5a12262b7862ec3ecec67ca006b9e7b01527dc87f05dd7d6e
sample,sparse_crlf-65536,52,371992,522255,8,4edca701f475cd006d9a6a13adfe1df33a941fb0d75dc7f208f20d3c5d1d80f5,03a7e983b36035b5a12262b7862ec3ecec67ca006b9e7b01527dc87f05dd7d6e
sample,sparse_crlf-65536,53,372431,522255,8,4edca701f475cd006d9a6a13adfe1df33a941fb0d75dc7f208f20d3c5d1d80f5,03a7e983b36035b5a12262b7862ec3ecec67ca006b9e7b01527dc87f05dd7d6e
sample,sparse_crlf-65536,54,327211,522255,8,4edca701f475cd006d9a6a13adfe1df33a941fb0d75dc7f208f20d3c5d1d80f5,03a7e983b36035b5a12262b7862ec3ecec67ca006b9e7b01527dc87f05dd7d6e
sample,sparse_crlf-65536,55,372342,522255,8,4edca701f475cd006d9a6a13adfe1df33a941fb0d75dc7f208f20d3c5d1d80f5,03a7e983b36035b5a12262b7862ec3ecec67ca006b9e7b01527dc87f05dd7d6e
sample,sparse_crlf-65536,56,339341,522255,8,4edca701f475cd006d9a6a13adfe1df33a941fb0d75dc7f208f20d3c5d1d80f5,03a7e983b36035b5a12262b7862ec3ecec67ca006b9e7b01527dc87f05dd7d6e
sample,sparse_crlf-65536,57,378751,522255,8,4edca701f475cd006d9a6a13adfe1df33a941fb0d75dc7f208f20d3c5d1d80f5,03a7e983b36035b5a12262b7862ec3ecec67ca006b9e7b01527dc87f05dd7d6e
sample,sparse_crlf-65536,58,372122,522255,8,4edca701f475cd006d9a6a13adfe1df33a941fb0d75dc7f208f20d3c5d1d80f5,03a7e983b36035b5a12262b7862ec3ecec67ca006b9e7b01527dc87f05dd7d6e
sample,sparse_crlf-65536,59,372181,522255,8,4edca701f475cd006d9a6a13adfe1df33a941fb0d75dc7f208f20d3c5d1d80f5,03a7e983b36035b5a12262b7862ec3ecec67ca006b9e7b01527dc87f05dd7d6e
sample,sparse_crlf-65536,60,338701,522255,8,4edca701f475cd006d9a6a13adfe1df33a941fb0d75dc7f208f20d3c5d1d80f5,03a7e983b36035b5a12262b7862ec3ecec67ca006b9e7b01527dc87f05dd7d6e
sample,sparse_crlf-65536,61,374932,522255,8,4edca701f475cd006d9a6a13adfe1df33a941fb0d75dc7f208f20d3c5d1d80f5,03a7e983b36035b5a12262b7862ec3ecec67ca006b9e7b01527dc87f05dd7d6e
sample,sparse_crlf-65536,62,353511,522255,8,4edca701f475cd006d9a6a13adfe1df33a941fb0d75dc7f208f20d3c5d1d80f5,03a7e983b36035b5a12262b7862ec3ecec67ca006b9e7b01527dc87f05dd7d6e
sample,sparse_crlf-65536,63,371581,522255,8,4edca701f475cd006d9a6a13adfe1df33a941fb0d75dc7f208f20d3c5d1d80f5,03a7e983b36035b5a12262b7862ec3ecec67ca006b9e7b01527dc87f05dd7d6e
sample,sparse_crlf-65536,64,338642,522255,8,4edca701f475cd006d9a6a13adfe1df33a941fb0d75dc7f208f20d3c5d1d80f5,03a7e983b36035b5a12262b7862ec3ecec67ca006b9e7b01527dc87f05dd7d6e
sample,sparse_crlf-65536,65,339751,522255,8,4edca701f475cd006d9a6a13adfe1df33a941fb0d75dc7f208f20d3c5d1d80f5,03a7e983b36035b5a12262b7862ec3ecec67ca006b9e7b01527dc87f05dd7d6e
sample,sparse_crlf-65536,66,371631,522255,8,4edca701f475cd006d9a6a13adfe1df33a941fb0d75dc7f208f20d3c5d1d80f5,03a7e983b36035b5a12262b7862ec3ecec67ca006b9e7b01527dc87f05dd7d6e
sample,sparse_crlf-65536,67,371682,522255,8,4edca701f475cd006d9a6a13adfe1df33a941fb0d75dc7f208f20d3c5d1d80f5,03a7e983b36035b5a12262b7862ec3ecec67ca006b9e7b01527dc87f05dd7d6e
sample,sparse_crlf-65536,68,377871,522255,8,4edca701f475cd006d9a6a13adfe1df33a941fb0d75dc7f208f20d3c5d1d80f5,03a7e983b36035b5a12262b7862ec3ecec67ca006b9e7b01527dc87f05dd7d6e
sample,sparse_crlf-65536,69,371892,522255,8,4edca701f475cd006d9a6a13adfe1df33a941fb0d75dc7f208f20d3c5d1d80f5,03a7e983b36035b5a12262b7862ec3ecec67ca006b9e7b01527dc87f05dd7d6e
sample,sparse_crlf-65536,70,367761,522255,8,4edca701f475cd006d9a6a13adfe1df33a941fb0d75dc7f208f20d3c5d1d80f5,03a7e983b36035b5a12262b7862ec3ecec67ca006b9e7b01527dc87f05dd7d6e
sample,sparse_crlf-65536,71,372301,522255,8,4edca701f475cd006d9a6a13adfe1df33a941fb0d75dc7f208f20d3c5d1d80f5,03a7e983b36035b5a12262b7862ec3ecec67ca006b9e7b01527dc87f05dd7d6e
sample,sparse_crlf-65536,72,385822,522255,8,4edca701f475cd006d9a6a13adfe1df33a941fb0d75dc7f208f20d3c5d1d80f5,03a7e983b36035b5a12262b7862ec3ecec67ca006b9e7b01527dc87f05dd7d6e
sample,sparse_crlf-65536,73,342081,522255,8,4edca701f475cd006d9a6a13adfe1df33a941fb0d75dc7f208f20d3c5d1d80f5,03a7e983b36035b5a12262b7862ec3ecec67ca006b9e7b01527dc87f05dd7d6e
sample,sparse_crlf-65536,74,371961,522255,8,4edca701f475cd006d9a6a13adfe1df33a941fb0d75dc7f208f20d3c5d1d80f5,03a7e983b36035b5a12262b7862ec3ecec67ca006b9e7b01527dc87f05dd7d6e
sample,sparse_crlf-65536,75,357732,522255,8,4edca701f475cd006d9a6a13adfe1df33a941fb0d75dc7f208f20d3c5d1d80f5,03a7e983b36035b5a12262b7862ec3ecec67ca006b9e7b01527dc87f05dd7d6e
sample,sparse_crlf-65536,76,324411,522255,8,4edca701f475cd006d9a6a13adfe1df33a941fb0d75dc7f208f20d3c5d1d80f5,03a7e983b36035b5a12262b7862ec3ecec67ca006b9e7b01527dc87f05dd7d6e
sample,sparse_crlf-65536,77,371821,522255,8,4edca701f475cd006d9a6a13adfe1df33a941fb0d75dc7f208f20d3c5d1d80f5,03a7e983b36035b5a12262b7862ec3ecec67ca006b9e7b01527dc87f05dd7d6e
sample,sparse_crlf-65536,78,371992,522255,8,4edca701f475cd006d9a6a13adfe1df33a941fb0d75dc7f208f20d3c5d1d80f5,03a7e983b36035b5a12262b7862ec3ecec67ca006b9e7b01527dc87f05dd7d6e
sample,sparse_crlf-65536,79,308881,522255,8,4edca701f475cd006d9a6a13adfe1df33a941fb0d75dc7f208f20d3c5d1d80f5,03a7e983b36035b5a12262b7862ec3ecec67ca006b9e7b01527dc87f05dd7d6e
sample,sparse_crlf-65536,80,371841,522255,8,4edca701f475cd006d9a6a13adfe1df33a941fb0d75dc7f208f20d3c5d1d80f5,03a7e983b36035b5a12262b7862ec3ecec67ca006b9e7b01527dc87f05dd7d6e
sample,sparse_crlf-65536,81,374862,522255,8,4edca701f475cd006d9a6a13adfe1df33a941fb0d75dc7f208f20d3c5d1d80f5,03a7e983b36035b5a12262b7862ec3ecec67ca006b9e7b01527dc87f05dd7d6e
sample,sparse_crlf-65536,82,371961,522255,8,4edca701f475cd006d9a6a13adfe1df33a941fb0d75dc7f208f20d3c5d1d80f5,03a7e983b36035b5a12262b7862ec3ecec67ca006b9e7b01527dc87f05dd7d6e
sample,sparse_crlf-65536,83,361141,522255,8,4edca701f475cd006d9a6a13adfe1df33a941fb0d75dc7f208f20d3c5d1d80f5,03a7e983b36035b5a12262b7862ec3ecec67ca006b9e7b01527dc87f05dd7d6e
sample,sparse_crlf-65536,84,348232,522255,8,4edca701f475cd006d9a6a13adfe1df33a941fb0d75dc7f208f20d3c5d1d80f5,03a7e983b36035b5a12262b7862ec3ecec67ca006b9e7b01527dc87f05dd7d6e
sample,sparse_crlf-65536,85,371831,522255,8,4edca701f475cd006d9a6a13adfe1df33a941fb0d75dc7f208f20d3c5d1d80f5,03a7e983b36035b5a12262b7862ec3ecec67ca006b9e7b01527dc87f05dd7d6e
sample,sparse_crlf-65536,86,338511,522255,8,4edca701f475cd006d9a6a13adfe1df33a941fb0d75dc7f208f20d3c5d1d80f5,03a7e983b36035b5a12262b7862ec3ecec67ca006b9e7b01527dc87f05dd7d6e
sample,sparse_crlf-65536,87,339722,522255,8,4edca701f475cd006d9a6a13adfe1df33a941fb0d75dc7f208f20d3c5d1d80f5,03a7e983b36035b5a12262b7862ec3ecec67ca006b9e7b01527dc87f05dd7d6e
sample,sparse_crlf-65536,88,301051,522255,8,4edca701f475cd006d9a6a13adfe1df33a941fb0d75dc7f208f20d3c5d1d80f5,03a7e983b36035b5a12262b7862ec3ecec67ca006b9e7b01527dc87f05dd7d6e
sample,sparse_crlf-65536,89,296241,522255,8,4edca701f475cd006d9a6a13adfe1df33a941fb0d75dc7f208f20d3c5d1d80f5,03a7e983b36035b5a12262b7862ec3ecec67ca006b9e7b01527dc87f05dd7d6e
sample,sparse_crlf-65536,90,303801,522255,8,4edca701f475cd006d9a6a13adfe1df33a941fb0d75dc7f208f20d3c5d1d80f5,03a7e983b36035b5a12262b7862ec3ecec67ca006b9e7b01527dc87f05dd7d6e
sample,sparse_crlf-65536,91,296861,522255,8,4edca701f475cd006d9a6a13adfe1df33a941fb0d75dc7f208f20d3c5d1d80f5,03a7e983b36035b5a12262b7862ec3ecec67ca006b9e7b01527dc87f05dd7d6e
sample,sparse_crlf-65536,92,297811,522255,8,4edca701f475cd006d9a6a13adfe1df33a941fb0d75dc7f208f20d3c5d1d80f5,03a7e983b36035b5a12262b7862ec3ecec67ca006b9e7b01527dc87f05dd7d6e
sample,sparse_crlf-65536,93,297191,522255,8,4edca701f475cd006d9a6a13adfe1df33a941fb0d75dc7f208f20d3c5d1d80f5,03a7e983b36035b5a12262b7862ec3ecec67ca006b9e7b01527dc87f05dd7d6e
sample,sparse_crlf-65536,94,304322,522255,8,4edca701f475cd006d9a6a13adfe1df33a941fb0d75dc7f208f20d3c5d1d80f5,03a7e983b36035b5a12262b7862ec3ecec67ca006b9e7b01527dc87f05dd7d6e
sample,sparse_crlf-65536,95,300251,522255,8,4edca701f475cd006d9a6a13adfe1df33a941fb0d75dc7f208f20d3c5d1d80f5,03a7e983b36035b5a12262b7862ec3ecec67ca006b9e7b01527dc87f05dd7d6e
sample,sparse_crlf-65536,96,372931,522255,8,4edca701f475cd006d9a6a13adfe1df33a941fb0d75dc7f208f20d3c5d1d80f5,03a7e983b36035b5a12262b7862ec3ecec67ca006b9e7b01527dc87f05dd7d6e
sample,sparse_crlf-65536,97,305211,522255,8,4edca701f475cd006d9a6a13adfe1df33a941fb0d75dc7f208f20d3c5d1d80f5,03a7e983b36035b5a12262b7862ec3ecec67ca006b9e7b01527dc87f05dd7d6e
sample,sparse_crlf-65536,98,298491,522255,8,4edca701f475cd006d9a6a13adfe1df33a941fb0d75dc7f208f20d3c5d1d80f5,03a7e983b36035b5a12262b7862ec3ecec67ca006b9e7b01527dc87f05dd7d6e
sample,sparse_crlf-65536,99,297071,522255,8,4edca701f475cd006d9a6a13adfe1df33a941fb0d75dc7f208f20d3c5d1d80f5,03a7e983b36035b5a12262b7862ec3ecec67ca006b9e7b01527dc87f05dd7d6e
sample,sparse_crlf-65536,100,364072,522255,8,4edca701f475cd006d9a6a13adfe1df33a941fb0d75dc7f208f20d3c5d1d80f5,03a7e983b36035b5a12262b7862ec3ecec67ca006b9e7b01527dc87f05dd7d6e
sample,sparse_crlf-65536,101,316011,522255,8,4edca701f475cd006d9a6a13adfe1df33a941fb0d75dc7f208f20d3c5d1d80f5,03a7e983b36035b5a12262b7862ec3ecec67ca006b9e7b01527dc87f05dd7d6e
sample,sparse_crlf-65536,102,373041,522255,8,4edca701f475cd006d9a6a13adfe1df33a941fb0d75dc7f208f20d3c5d1d80f5,03a7e983b36035b5a12262b7862ec3ecec67ca006b9e7b01527dc87f05dd7d6e
sample,sparse_crlf-65536,103,372152,522255,8,4edca701f475cd006d9a6a13adfe1df33a941fb0d75dc7f208f20d3c5d1d80f5,03a7e983b36035b5a12262b7862ec3ecec67ca006b9e7b01527dc87f05dd7d6e
sample,sparse_crlf-65536,104,296381,522255,8,4edca701f475cd006d9a6a13adfe1df33a941fb0d75dc7f208f20d3c5d1d80f5,03a7e983b36035b5a12262b7862ec3ecec67ca006b9e7b01527dc87f05dd7d6e
sample,sparse_crlf-65536,105,296911,522255,8,4edca701f475cd006d9a6a13adfe1df33a941fb0d75dc7f208f20d3c5d1d80f5,03a7e983b36035b5a12262b7862ec3ecec67ca006b9e7b01527dc87f05dd7d6e
sample,sparse_crlf-65536,106,320991,522255,8,4edca701f475cd006d9a6a13adfe1df33a941fb0d75dc7f208f20d3c5d1d80f5,03a7e983b36035b5a12262b7862ec3ecec67ca006b9e7b01527dc87f05dd7d6e
sample,sparse_crlf-65536,107,300521,522255,8,4edca701f475cd006d9a6a13adfe1df33a941fb0d75dc7f208f20d3c5d1d80f5,03a7e983b36035b5a12262b7862ec3ecec67ca006b9e7b01527dc87f05dd7d6e
sample,sparse_crlf-65536,108,296671,522255,8,4edca701f475cd006d9a6a13adfe1df33a941fb0d75dc7f208f20d3c5d1d80f5,03a7e983b36035b5a12262b7862ec3ecec67ca006b9e7b01527dc87f05dd7d6e
sample,sparse_crlf-65536,109,379192,522255,8,4edca701f475cd006d9a6a13adfe1df33a941fb0d75dc7f208f20d3c5d1d80f5,03a7e983b36035b5a12262b7862ec3ecec67ca006b9e7b01527dc87f05dd7d6e
sample,sparse_crlf-65536,110,297181,522255,8,4edca701f475cd006d9a6a13adfe1df33a941fb0d75dc7f208f20d3c5d1d80f5,03a7e983b36035b5a12262b7862ec3ecec67ca006b9e7b01527dc87f05dd7d6e
sample,sparse_crlf-65536,111,297471,522255,8,4edca701f475cd006d9a6a13adfe1df33a941fb0d75dc7f208f20d3c5d1d80f5,03a7e983b36035b5a12262b7862ec3ecec67ca006b9e7b01527dc87f05dd7d6e
sample,sparse_crlf-65536,112,304471,522255,8,4edca701f475cd006d9a6a13adfe1df33a941fb0d75dc7f208f20d3c5d1d80f5,03a7e983b36035b5a12262b7862ec3ecec67ca006b9e7b01527dc87f05dd7d6e
sample,sparse_crlf-65536,113,372991,522255,8,4edca701f475cd006d9a6a13adfe1df33a941fb0d75dc7f208f20d3c5d1d80f5,03a7e983b36035b5a12262b7862ec3ecec67ca006b9e7b01527dc87f05dd7d6e
sample,sparse_crlf-65536,114,320392,522255,8,4edca701f475cd006d9a6a13adfe1df33a941fb0d75dc7f208f20d3c5d1d80f5,03a7e983b36035b5a12262b7862ec3ecec67ca006b9e7b01527dc87f05dd7d6e
sample,sparse_crlf-65536,115,335381,522255,8,4edca701f475cd006d9a6a13adfe1df33a941fb0d75dc7f208f20d3c5d1d80f5,03a7e983b36035b5a12262b7862ec3ecec67ca006b9e7b01527dc87f05dd7d6e
sample,sparse_crlf-65536,116,297971,522255,8,4edca701f475cd006d9a6a13adfe1df33a941fb0d75dc7f208f20d3c5d1d80f5,03a7e983b36035b5a12262b7862ec3ecec67ca006b9e7b01527dc87f05dd7d6e
sample,sparse_crlf-65536,117,296671,522255,8,4edca701f475cd006d9a6a13adfe1df33a941fb0d75dc7f208f20d3c5d1d80f5,03a7e983b36035b5a12262b7862ec3ecec67ca006b9e7b01527dc87f05dd7d6e
sample,sparse_crlf-65536,118,345911,522255,8,4edca701f475cd006d9a6a13adfe1df33a941fb0d75dc7f208f20d3c5d1d80f5,03a7e983b36035b5a12262b7862ec3ecec67ca006b9e7b01527dc87f05dd7d6e
sample,sparse_crlf-65536,119,375762,522255,8,4edca701f475cd006d9a6a13adfe1df33a941fb0d75dc7f208f20d3c5d1d80f5,03a7e983b36035b5a12262b7862ec3ecec67ca006b9e7b01527dc87f05dd7d6e
sample,sparse_crlf-65536,120,297721,522255,8,4edca701f475cd006d9a6a13adfe1df33a941fb0d75dc7f208f20d3c5d1d80f5,03a7e983b36035b5a12262b7862ec3ecec67ca006b9e7b01527dc87f05dd7d6e
sample,sparse_crlf-65536,121,342401,522255,8,4edca701f475cd006d9a6a13adfe1df33a941fb0d75dc7f208f20d3c5d1d80f5,03a7e983b36035b5a12262b7862ec3ecec67ca006b9e7b01527dc87f05dd7d6e
sample,sparse_crlf-65536,122,372262,522255,8,4edca701f475cd006d9a6a13adfe1df33a941fb0d75dc7f208f20d3c5d1d80f5,03a7e983b36035b5a12262b7862ec3ecec67ca006b9e7b01527dc87f05dd7d6e
sample,sparse_crlf-65536,123,372491,522255,8,4edca701f475cd006d9a6a13adfe1df33a941fb0d75dc7f208f20d3c5d1d80f5,03a7e983b36035b5a12262b7862ec3ecec67ca006b9e7b01527dc87f05dd7d6e
sample,sparse_crlf-65536,124,379621,522255,8,4edca701f475cd006d9a6a13adfe1df33a941fb0d75dc7f208f20d3c5d1d80f5,03a7e983b36035b5a12262b7862ec3ecec67ca006b9e7b01527dc87f05dd7d6e
sample,sparse_crlf-65536,125,372572,522255,8,4edca701f475cd006d9a6a13adfe1df33a941fb0d75dc7f208f20d3c5d1d80f5,03a7e983b36035b5a12262b7862ec3ecec67ca006b9e7b01527dc87f05dd7d6e
sample,sparse_crlf-65536,126,369721,522255,8,4edca701f475cd006d9a6a13adfe1df33a941fb0d75dc7f208f20d3c5d1d80f5,03a7e983b36035b5a12262b7862ec3ecec67ca006b9e7b01527dc87f05dd7d6e
sample,sparse_crlf-65536,127,315641,522255,8,4edca701f475cd006d9a6a13adfe1df33a941fb0d75dc7f208f20d3c5d1d80f5,03a7e983b36035b5a12262b7862ec3ecec67ca006b9e7b01527dc87f05dd7d6e
sample,sparse_crlf-65536,128,372702,522255,8,4edca701f475cd006d9a6a13adfe1df33a941fb0d75dc7f208f20d3c5d1d80f5,03a7e983b36035b5a12262b7862ec3ecec67ca006b9e7b01527dc87f05dd7d6e
sample,sparse_crlf-65536,129,358371,522255,8,4edca701f475cd006d9a6a13adfe1df33a941fb0d75dc7f208f20d3c5d1d80f5,03a7e983b36035b5a12262b7862ec3ecec67ca006b9e7b01527dc87f05dd7d6e
sample,sparse_crlf-65536,130,374641,522255,8,4edca701f475cd006d9a6a13adfe1df33a941fb0d75dc7f208f20d3c5d1d80f5,03a7e983b36035b5a12262b7862ec3ecec67ca006b9e7b01527dc87f05dd7d6e
sample,sparse_crlf-65536,131,372362,522255,8,4edca701f475cd006d9a6a13adfe1df33a941fb0d75dc7f208f20d3c5d1d80f5,03a7e983b36035b5a12262b7862ec3ecec67ca006b9e7b01527dc87f05dd7d6e
sample,sparse_crlf-65536,132,332201,522255,8,4edca701f475cd006d9a6a13adfe1df33a941fb0d75dc7f208f20d3c5d1d80f5,03a7e983b36035b5a12262b7862ec3ecec67ca006b9e7b01527dc87f05dd7d6e
sample,sparse_crlf-65536,133,371992,522255,8,4edca701f475cd006d9a6a13adfe1df33a941fb0d75dc7f208f20d3c5d1d80f5,03a7e983b36035b5a12262b7862ec3ecec67ca006b9e7b01527dc87f05dd7d6e
sample,sparse_crlf-65536,134,295951,522255,8,4edca701f475cd006d9a6a13adfe1df33a941fb0d75dc7f208f20d3c5d1d80f5,03a7e983b36035b5a12262b7862ec3ecec67ca006b9e7b01527dc87f05dd7d6e
sample,sparse_crlf-65536,135,336521,522255,8,4edca701f475cd006d9a6a13adfe1df33a941fb0d75dc7f208f20d3c5d1d80f5,03a7e983b36035b5a12262b7862ec3ecec67ca006b9e7b01527dc87f05dd7d6e
sample,sparse_crlf-65536,136,296601,522255,8,4edca701f475cd006d9a6a13adfe1df33a941fb0d75dc7f208f20d3c5d1d80f5,03a7e983b36035b5a12262b7862ec3ecec67ca006b9e7b01527dc87f05dd7d6e
sample,sparse_crlf-65536,137,372061,522255,8,4edca701f475cd006d9a6a13adfe1df33a941fb0d75dc7f208f20d3c5d1d80f5,03a7e983b36035b5a12262b7862ec3ecec67ca006b9e7b01527dc87f05dd7d6e
sample,sparse_crlf-65536,138,347132,522255,8,4edca701f475cd006d9a6a13adfe1df33a941fb0d75dc7f208f20d3c5d1d80f5,03a7e983b36035b5a12262b7862ec3ecec67ca006b9e7b01527dc87f05dd7d6e
sample,sparse_crlf-65536,139,296091,522255,8,4edca701f475cd006d9a6a13adfe1df33a941fb0d75dc7f208f20d3c5d1d80f5,03a7e983b36035b5a12262b7862ec3ecec67ca006b9e7b01527dc87f05dd7d6e
sample,sparse_crlf-65536,140,296581,522255,8,4edca701f475cd006d9a6a13adfe1df33a941fb0d75dc7f208f20d3c5d1d80f5,03a7e983b36035b5a12262b7862ec3ecec67ca006b9e7b01527dc87f05dd7d6e
sample,sparse_crlf-65536,141,338331,522255,8,4edca701f475cd006d9a6a13adfe1df33a941fb0d75dc7f208f20d3c5d1d80f5,03a7e983b36035b5a12262b7862ec3ecec67ca006b9e7b01527dc87f05dd7d6e
sample,sparse_crlf-65536,142,299281,522255,8,4edca701f475cd006d9a6a13adfe1df33a941fb0d75dc7f208f20d3c5d1d80f5,03a7e983b36035b5a12262b7862ec3ecec67ca006b9e7b01527dc87f05dd7d6e
sample,sparse_crlf-65536,143,296591,522255,8,4edca701f475cd006d9a6a13adfe1df33a941fb0d75dc7f208f20d3c5d1d80f5,03a7e983b36035b5a12262b7862ec3ecec67ca006b9e7b01527dc87f05dd7d6e
sample,sparse_crlf-65536,144,360762,522255,8,4edca701f475cd006d9a6a13adfe1df33a941fb0d75dc7f208f20d3c5d1d80f5,03a7e983b36035b5a12262b7862ec3ecec67ca006b9e7b01527dc87f05dd7d6e
sample,sparse_crlf-65536,145,297661,522255,8,4edca701f475cd006d9a6a13adfe1df33a941fb0d75dc7f208f20d3c5d1d80f5,03a7e983b36035b5a12262b7862ec3ecec67ca006b9e7b01527dc87f05dd7d6e
sample,sparse_crlf-65536,146,296941,522255,8,4edca701f475cd006d9a6a13adfe1df33a941fb0d75dc7f208f20d3c5d1d80f5,03a7e983b36035b5a12262b7862ec3ecec67ca006b9e7b01527dc87f05dd7d6e
sample,sparse_crlf-65536,147,316391,522255,8,4edca701f475cd006d9a6a13adfe1df33a941fb0d75dc7f208f20d3c5d1d80f5,03a7e983b36035b5a12262b7862ec3ecec67ca006b9e7b01527dc87f05dd7d6e
sample,sparse_crlf-65536,148,312011,522255,8,4edca701f475cd006d9a6a13adfe1df33a941fb0d75dc7f208f20d3c5d1d80f5,03a7e983b36035b5a12262b7862ec3ecec67ca006b9e7b01527dc87f05dd7d6e
sample,sparse_crlf-65536,149,297821,522255,8,4edca701f475cd006d9a6a13adfe1df33a941fb0d75dc7f208f20d3c5d1d80f5,03a7e983b36035b5a12262b7862ec3ecec67ca006b9e7b01527dc87f05dd7d6e
sample,sparse_crlf-65536,150,297611,522255,8,4edca701f475cd006d9a6a13adfe1df33a941fb0d75dc7f208f20d3c5d1d80f5,03a7e983b36035b5a12262b7862ec3ecec67ca006b9e7b01527dc87f05dd7d6e
sample,sparse_crlf-65536,151,305521,522255,8,4edca701f475cd006d9a6a13adfe1df33a941fb0d75dc7f208f20d3c5d1d80f5,03a7e983b36035b5a12262b7862ec3ecec67ca006b9e7b01527dc87f05dd7d6e
sample,sparse_crlf-65536,152,335321,522255,8,4edca701f475cd006d9a6a13adfe1df33a941fb0d75dc7f208f20d3c5d1d80f5,03a7e983b36035b5a12262b7862ec3ecec67ca006b9e7b01527dc87f05dd7d6e
sample,sparse_crlf-65536,153,296751,522255,8,4edca701f475cd006d9a6a13adfe1df33a941fb0d75dc7f208f20d3c5d1d80f5,03a7e983b36035b5a12262b7862ec3ecec67ca006b9e7b01527dc87f05dd7d6e
sample,sparse_crlf-65536,154,303811,522255,8,4edca701f475cd006d9a6a13adfe1df33a941fb0d75dc7f208f20d3c5d1d80f5,03a7e983b36035b5a12262b7862ec3ecec67ca006b9e7b01527dc87f05dd7d6e
sample,sparse_crlf-65536,155,299371,522255,8,4edca701f475cd006d9a6a13adfe1df33a941fb0d75dc7f208f20d3c5d1d80f5,03a7e983b36035b5a12262b7862ec3ecec67ca006b9e7b01527dc87f05dd7d6e
sample,sparse_crlf-65536,156,296871,522255,8,4edca701f475cd006d9a6a13adfe1df33a941fb0d75dc7f208f20d3c5d1d80f5,03a7e983b36035b5a12262b7862ec3ecec67ca006b9e7b01527dc87f05dd7d6e
sample,sparse_crlf-65536,157,309131,522255,8,4edca701f475cd006d9a6a13adfe1df33a941fb0d75dc7f208f20d3c5d1d80f5,03a7e983b36035b5a12262b7862ec3ecec67ca006b9e7b01527dc87f05dd7d6e
sample,sparse_crlf-65536,158,298572,522255,8,4edca701f475cd006d9a6a13adfe1df33a941fb0d75dc7f208f20d3c5d1d80f5,03a7e983b36035b5a12262b7862ec3ecec67ca006b9e7b01527dc87f05dd7d6e
sample,sparse_crlf-65536,159,296721,522255,8,4edca701f475cd006d9a6a13adfe1df33a941fb0d75dc7f208f20d3c5d1d80f5,03a7e983b36035b5a12262b7862ec3ecec67ca006b9e7b01527dc87f05dd7d6e
sample,sparse_crlf-65536,160,354181,522255,8,4edca701f475cd006d9a6a13adfe1df33a941fb0d75dc7f208f20d3c5d1d80f5,03a7e983b36035b5a12262b7862ec3ecec67ca006b9e7b01527dc87f05dd7d6e
sample,sparse_crlf-65536,161,373031,522255,8,4edca701f475cd006d9a6a13adfe1df33a941fb0d75dc7f208f20d3c5d1d80f5,03a7e983b36035b5a12262b7862ec3ecec67ca006b9e7b01527dc87f05dd7d6e
sample,sparse_crlf-65536,162,372792,522255,8,4edca701f475cd006d9a6a13adfe1df33a941fb0d75dc7f208f20d3c5d1d80f5,03a7e983b36035b5a12262b7862ec3ecec67ca006b9e7b01527dc87f05dd7d6e
sample,sparse_crlf-65536,163,351191,522255,8,4edca701f475cd006d9a6a13adfe1df33a941fb0d75dc7f208f20d3c5d1d80f5,03a7e983b36035b5a12262b7862ec3ecec67ca006b9e7b01527dc87f05dd7d6e
sample,sparse_crlf-65536,164,372842,522255,8,4edca701f475cd006d9a6a13adfe1df33a941fb0d75dc7f208f20d3c5d1d80f5,03a7e983b36035b5a12262b7862ec3ecec67ca006b9e7b01527dc87f05dd7d6e
sample,sparse_crlf-65536,165,372851,522255,8,4edca701f475cd006d9a6a13adfe1df33a941fb0d75dc7f208f20d3c5d1d80f5,03a7e983b36035b5a12262b7862ec3ecec67ca006b9e7b01527dc87f05dd7d6e
sample,sparse_crlf-65536,166,364801,522255,8,4edca701f475cd006d9a6a13adfe1df33a941fb0d75dc7f208f20d3c5d1d80f5,03a7e983b36035b5a12262b7862ec3ecec67ca006b9e7b01527dc87f05dd7d6e
sample,sparse_crlf-65536,167,323201,522255,8,4edca701f475cd006d9a6a13adfe1df33a941fb0d75dc7f208f20d3c5d1d80f5,03a7e983b36035b5a12262b7862ec3ecec67ca006b9e7b01527dc87f05dd7d6e
sample,sparse_crlf-65536,168,296502,522255,8,4edca701f475cd006d9a6a13adfe1df33a941fb0d75dc7f208f20d3c5d1d80f5,03a7e983b36035b5a12262b7862ec3ecec67ca006b9e7b01527dc87f05dd7d6e
sample,sparse_crlf-65536,169,310751,522255,8,4edca701f475cd006d9a6a13adfe1df33a941fb0d75dc7f208f20d3c5d1d80f5,03a7e983b36035b5a12262b7862ec3ecec67ca006b9e7b01527dc87f05dd7d6e
sample,sparse_crlf-65536,170,297091,522255,8,4edca701f475cd006d9a6a13adfe1df33a941fb0d75dc7f208f20d3c5d1d80f5,03a7e983b36035b5a12262b7862ec3ecec67ca006b9e7b01527dc87f05dd7d6e
sample,sparse_crlf-65536,171,372571,522255,8,4edca701f475cd006d9a6a13adfe1df33a941fb0d75dc7f208f20d3c5d1d80f5,03a7e983b36035b5a12262b7862ec3ecec67ca006b9e7b01527dc87f05dd7d6e
sample,sparse_crlf-65536,172,317251,522255,8,4edca701f475cd006d9a6a13adfe1df33a941fb0d75dc7f208f20d3c5d1d80f5,03a7e983b36035b5a12262b7862ec3ecec67ca006b9e7b01527dc87f05dd7d6e
sample,sparse_crlf-65536,173,297122,522255,8,4edca701f475cd006d9a6a13adfe1df33a941fb0d75dc7f208f20d3c5d1d80f5,03a7e983b36035b5a12262b7862ec3ecec67ca006b9e7b01527dc87f05dd7d6e
sample,sparse_crlf-65536,174,296901,522255,8,4edca701f475cd006d9a6a13adfe1df33a941fb0d75dc7f208f20d3c5d1d80f5,03a7e983b36035b5a12262b7862ec3ecec67ca006b9e7b01527dc87f05dd7d6e
sample,sparse_crlf-65536,175,342971,522255,8,4edca701f475cd006d9a6a13adfe1df33a941fb0d75dc7f208f20d3c5d1d80f5,03a7e983b36035b5a12262b7862ec3ecec67ca006b9e7b01527dc87f05dd7d6e
sample,sparse_crlf-65536,176,372371,522255,8,4edca701f475cd006d9a6a13adfe1df33a941fb0d75dc7f208f20d3c5d1d80f5,03a7e983b36035b5a12262b7862ec3ecec67ca006b9e7b01527dc87f05dd7d6e
sample,sparse_crlf-65536,177,372482,522255,8,4edca701f475cd006d9a6a13adfe1df33a941fb0d75dc7f208f20d3c5d1d80f5,03a7e983b36035b5a12262b7862ec3ecec67ca006b9e7b01527dc87f05dd7d6e
sample,sparse_crlf-65536,178,364481,522255,8,4edca701f475cd006d9a6a13adfe1df33a941fb0d75dc7f208f20d3c5d1d80f5,03a7e983b36035b5a12262b7862ec3ecec67ca006b9e7b01527dc87f05dd7d6e
sample,sparse_crlf-65536,179,324111,522255,8,4edca701f475cd006d9a6a13adfe1df33a941fb0d75dc7f208f20d3c5d1d80f5,03a7e983b36035b5a12262b7862ec3ecec67ca006b9e7b01527dc87f05dd7d6e
sample,sparse_crlf-65536,180,374562,522255,8,4edca701f475cd006d9a6a13adfe1df33a941fb0d75dc7f208f20d3c5d1d80f5,03a7e983b36035b5a12262b7862ec3ecec67ca006b9e7b01527dc87f05dd7d6e
sample,sparse_crlf-65536,181,373111,522255,8,4edca701f475cd006d9a6a13adfe1df33a941fb0d75dc7f208f20d3c5d1d80f5,03a7e983b36035b5a12262b7862ec3ecec67ca006b9e7b01527dc87f05dd7d6e
sample,sparse_crlf-65536,182,373041,522255,8,4edca701f475cd006d9a6a13adfe1df33a941fb0d75dc7f208f20d3c5d1d80f5,03a7e983b36035b5a12262b7862ec3ecec67ca006b9e7b01527dc87f05dd7d6e
sample,sparse_crlf-65536,183,379742,522255,8,4edca701f475cd006d9a6a13adfe1df33a941fb0d75dc7f208f20d3c5d1d80f5,03a7e983b36035b5a12262b7862ec3ecec67ca006b9e7b01527dc87f05dd7d6e
sample,sparse_crlf-65536,184,372371,522255,8,4edca701f475cd006d9a6a13adfe1df33a941fb0d75dc7f208f20d3c5d1d80f5,03a7e983b36035b5a12262b7862ec3ecec67ca006b9e7b01527dc87f05dd7d6e
sample,sparse_crlf-65536,185,372452,522255,8,4edca701f475cd006d9a6a13adfe1df33a941fb0d75dc7f208f20d3c5d1d80f5,03a7e983b36035b5a12262b7862ec3ecec67ca006b9e7b01527dc87f05dd7d6e
sample,sparse_crlf-65536,186,320481,522255,8,4edca701f475cd006d9a6a13adfe1df33a941fb0d75dc7f208f20d3c5d1d80f5,03a7e983b36035b5a12262b7862ec3ecec67ca006b9e7b01527dc87f05dd7d6e
sample,sparse_crlf-65536,187,358321,522255,8,4edca701f475cd006d9a6a13adfe1df33a941fb0d75dc7f208f20d3c5d1d80f5,03a7e983b36035b5a12262b7862ec3ecec67ca006b9e7b01527dc87f05dd7d6e
sample,sparse_crlf-65536,188,372692,522255,8,4edca701f475cd006d9a6a13adfe1df33a941fb0d75dc7f208f20d3c5d1d80f5,03a7e983b36035b5a12262b7862ec3ecec67ca006b9e7b01527dc87f05dd7d6e
sample,sparse_crlf-65536,189,364181,522255,8,4edca701f475cd006d9a6a13adfe1df33a941fb0d75dc7f208f20d3c5d1d80f5,03a7e983b36035b5a12262b7862ec3ecec67ca006b9e7b01527dc87f05dd7d6e
sample,sparse_crlf-65536,190,375441,522255,8,4edca701f475cd006d9a6a13adfe1df33a941fb0d75dc7f208f20d3c5d1d80f5,03a7e983b36035b5a12262b7862ec3ecec67ca006b9e7b01527dc87f05dd7d6e
sample,sparse_crlf-65536,191,359222,522255,8,4edca701f475cd006d9a6a13adfe1df33a941fb0d75dc7f208f20d3c5d1d80f5,03a7e983b36035b5a12262b7862ec3ecec67ca006b9e7b01527dc87f05dd7d6e
sample,sparse_crlf-65536,192,372381,522255,8,4edca701f475cd006d9a6a13adfe1df33a941fb0d75dc7f208f20d3c5d1d80f5,03a7e983b36035b5a12262b7862ec3ecec67ca006b9e7b01527dc87f05dd7d6e
sample,sparse_crlf-65536,193,372471,522255,8,4edca701f475cd006d9a6a13adfe1df33a941fb0d75dc7f208f20d3c5d1d80f5,03a7e983b36035b5a12262b7862ec3ecec67ca006b9e7b01527dc87f05dd7d6e
sample,sparse_crlf-65536,194,333432,522255,8,4edca701f475cd006d9a6a13adfe1df33a941fb0d75dc7f208f20d3c5d1d80f5,03a7e983b36035b5a12262b7862ec3ecec67ca006b9e7b01527dc87f05dd7d6e
sample,sparse_crlf-65536,195,372391,522255,8,4edca701f475cd006d9a6a13adfe1df33a941fb0d75dc7f208f20d3c5d1d80f5,03a7e983b36035b5a12262b7862ec3ecec67ca006b9e7b01527dc87f05dd7d6e
sample,sparse_crlf-65536,196,372452,522255,8,4edca701f475cd006d9a6a13adfe1df33a941fb0d75dc7f208f20d3c5d1d80f5,03a7e983b36035b5a12262b7862ec3ecec67ca006b9e7b01527dc87f05dd7d6e
sample,sparse_crlf-65536,197,380051,522255,8,4edca701f475cd006d9a6a13adfe1df33a941fb0d75dc7f208f20d3c5d1d80f5,03a7e983b36035b5a12262b7862ec3ecec67ca006b9e7b01527dc87f05dd7d6e
sample,sparse_crlf-65536,198,296591,522255,8,4edca701f475cd006d9a6a13adfe1df33a941fb0d75dc7f208f20d3c5d1d80f5,03a7e983b36035b5a12262b7862ec3ecec67ca006b9e7b01527dc87f05dd7d6e
sample,sparse_crlf-65536,199,372011,522255,8,4edca701f475cd006d9a6a13adfe1df33a941fb0d75dc7f208f20d3c5d1d80f5,03a7e983b36035b5a12262b7862ec3ecec67ca006b9e7b01527dc87f05dd7d6e
sample,sparse_crlf-65536,200,326042,522255,8,4edca701f475cd006d9a6a13adfe1df33a941fb0d75dc7f208f20d3c5d1d80f5,03a7e983b36035b5a12262b7862ec3ecec67ca006b9e7b01527dc87f05dd7d6e
sample,sparse_crlf-65536,201,299251,522255,8,4edca701f475cd006d9a6a13adfe1df33a941fb0d75dc7f208f20d3c5d1d80f5,03a7e983b36035b5a12262b7862ec3ecec67ca006b9e7b01527dc87f05dd7d6e
sample,sparse_crlf-65536,202,296461,522255,8,4edca701f475cd006d9a6a13adfe1df33a941fb0d75dc7f208f20d3c5d1d80f5,03a7e983b36035b5a12262b7862ec3ecec67ca006b9e7b01527dc87f05dd7d6e
sample,sparse_crlf-65536,203,326961,522255,8,4edca701f475cd006d9a6a13adfe1df33a941fb0d75dc7f208f20d3c5d1d80f5,03a7e983b36035b5a12262b7862ec3ecec67ca006b9e7b01527dc87f05dd7d6e
sample,sparse_crlf-65536,204,297411,522255,8,4edca701f475cd006d9a6a13adfe1df33a941fb0d75dc7f208f20d3c5d1d80f5,03a7e983b36035b5a12262b7862ec3ecec67ca006b9e7b01527dc87f05dd7d6e
sample,sparse_crlf-65536,205,296121,522255,8,4edca701f475cd006d9a6a13adfe1df33a941fb0d75dc7f208f20d3c5d1d80f5,03a7e983b36035b5a12262b7862ec3ecec67ca006b9e7b01527dc87f05dd7d6e
sample,sparse_crlf-65536,206,340041,522255,8,4edca701f475cd006d9a6a13adfe1df33a941fb0d75dc7f208f20d3c5d1d80f5,03a7e983b36035b5a12262b7862ec3ecec67ca006b9e7b01527dc87f05dd7d6e
sample,sparse_crlf-65536,207,296162,522255,8,4edca701f475cd006d9a6a13adfe1df33a941fb0d75dc7f208f20d3c5d1d80f5,03a7e983b36035b5a12262b7862ec3ecec67ca006b9e7b01527dc87f05dd7d6e
sample,sparse_crlf-65536,208,315311,522255,8,4edca701f475cd006d9a6a13adfe1df33a941fb0d75dc7f208f20d3c5d1d80f5,03a7e983b36035b5a12262b7862ec3ecec67ca006b9e7b01527dc87f05dd7d6e
sample,sparse_crlf-65536,209,379531,522255,8,4edca701f475cd006d9a6a13adfe1df33a941fb0d75dc7f208f20d3c5d1d80f5,03a7e983b36035b5a12262b7862ec3ecec67ca006b9e7b01527dc87f05dd7d6e
sample,sparse_crlf-65536,210,372792,522255,8,4edca701f475cd006d9a6a13adfe1df33a941fb0d75dc7f208f20d3c5d1d80f5,03a7e983b36035b5a12262b7862ec3ecec67ca006b9e7b01527dc87f05dd7d6e
sample,sparse_crlf-65536,211,372491,522255,8,4edca701f475cd006d9a6a13adfe1df33a941fb0d75dc7f208f20d3c5d1d80f5,03a7e983b36035b5a12262b7862ec3ecec67ca006b9e7b01527dc87f05dd7d6e
sample,sparse_crlf-65536,212,378911,522255,8,4edca701f475cd006d9a6a13adfe1df33a941fb0d75dc7f208f20d3c5d1d80f5,03a7e983b36035b5a12262b7862ec3ecec67ca006b9e7b01527dc87f05dd7d6e
sample,sparse_crlf-65536,213,386532,522255,8,4edca701f475cd006d9a6a13adfe1df33a941fb0d75dc7f208f20d3c5d1d80f5,03a7e983b36035b5a12262b7862ec3ecec67ca006b9e7b01527dc87f05dd7d6e
sample,sparse_crlf-65536,214,379491,522255,8,4edca701f475cd006d9a6a13adfe1df33a941fb0d75dc7f208f20d3c5d1d80f5,03a7e983b36035b5a12262b7862ec3ecec67ca006b9e7b01527dc87f05dd7d6e
sample,sparse_crlf-65536,215,358112,522255,8,4edca701f475cd006d9a6a13adfe1df33a941fb0d75dc7f208f20d3c5d1d80f5,03a7e983b36035b5a12262b7862ec3ecec67ca006b9e7b01527dc87f05dd7d6e
sample,sparse_crlf-65536,216,297051,522255,8,4edca701f475cd006d9a6a13adfe1df33a941fb0d75dc7f208f20d3c5d1d80f5,03a7e983b36035b5a12262b7862ec3ecec67ca006b9e7b01527dc87f05dd7d6e
sample,sparse_crlf-65536,217,325341,522255,8,4edca701f475cd006d9a6a13adfe1df33a941fb0d75dc7f208f20d3c5d1d80f5,03a7e983b36035b5a12262b7862ec3ecec67ca006b9e7b01527dc87f05dd7d6e
sample,sparse_crlf-65536,218,296381,522255,8,4edca701f475cd006d9a6a13adfe1df33a941fb0d75dc7f208f20d3c5d1d80f5,03a7e983b36035b5a12262b7862ec3ecec67ca006b9e7b01527dc87f05dd7d6e
sample,sparse_crlf-65536,219,296841,522255,8,4edca701f475cd006d9a6a13adfe1df33a941fb0d75dc7f208f20d3c5d1d80f5,03a7e983b36035b5a12262b7862ec3ecec67ca006b9e7b01527dc87f05dd7d6e
sample,sparse_crlf-65536,220,296891,522255,8,4edca701f475cd006d9a6a13adfe1df33a941fb0d75dc7f208f20d3c5d1d80f5,03a7e983b36035b5a12262b7862ec3ecec67ca006b9e7b01527dc87f05dd7d6e
sample,sparse_crlf-65536,221,306031,522255,8,4edca701f475cd006d9a6a13adfe1df33a941fb0d75dc7f208f20d3c5d1d80f5,03a7e983b36035b5a12262b7862ec3ecec67ca006b9e7b01527dc87f05dd7d6e
sample,sparse_crlf-65536,222,296421,522255,8,4edca701f475cd006d9a6a13adfe1df33a941fb0d75dc7f208f20d3c5d1d80f5,03a7e983b36035b5a12262b7862ec3ecec67ca006b9e7b01527dc87f05dd7d6e
sample,sparse_crlf-65536,223,296502,522255,8,4edca701f475cd006d9a6a13adfe1df33a941fb0d75dc7f208f20d3c5d1d80f5,03a7e983b36035b5a12262b7862ec3ecec67ca006b9e7b01527dc87f05dd7d6e
sample,sparse_crlf-65536,224,302091,522255,8,4edca701f475cd006d9a6a13adfe1df33a941fb0d75dc7f208f20d3c5d1d80f5,03a7e983b36035b5a12262b7862ec3ecec67ca006b9e7b01527dc87f05dd7d6e
sample,sparse_crlf-65536,225,301041,522255,8,4edca701f475cd006d9a6a13adfe1df33a941fb0d75dc7f208f20d3c5d1d80f5,03a7e983b36035b5a12262b7862ec3ecec67ca006b9e7b01527dc87f05dd7d6e
sample,sparse_crlf-65536,226,296931,522255,8,4edca701f475cd006d9a6a13adfe1df33a941fb0d75dc7f208f20d3c5d1d80f5,03a7e983b36035b5a12262b7862ec3ecec67ca006b9e7b01527dc87f05dd7d6e
sample,sparse_crlf-65536,227,303841,522255,8,4edca701f475cd006d9a6a13adfe1df33a941fb0d75dc7f208f20d3c5d1d80f5,03a7e983b36035b5a12262b7862ec3ecec67ca006b9e7b01527dc87f05dd7d6e
sample,sparse_crlf-65536,228,339581,522255,8,4edca701f475cd006d9a6a13adfe1df33a941fb0d75dc7f208f20d3c5d1d80f5,03a7e983b36035b5a12262b7862ec3ecec67ca006b9e7b01527dc87f05dd7d6e
sample,sparse_crlf-65536,229,296391,522255,8,4edca701f475cd006d9a6a13adfe1df33a941fb0d75dc7f208f20d3c5d1d80f5,03a7e983b36035b5a12262b7862ec3ecec67ca006b9e7b01527dc87f05dd7d6e
sample,sparse_crlf-65536,230,346182,522255,8,4edca701f475cd006d9a6a13adfe1df33a941fb0d75dc7f208f20d3c5d1d80f5,03a7e983b36035b5a12262b7862ec3ecec67ca006b9e7b01527dc87f05dd7d6e
sample,sparse_crlf-65536,231,320301,522255,8,4edca701f475cd006d9a6a13adfe1df33a941fb0d75dc7f208f20d3c5d1d80f5,03a7e983b36035b5a12262b7862ec3ecec67ca006b9e7b01527dc87f05dd7d6e
sample,sparse_crlf-65536,232,296571,522255,8,4edca701f475cd006d9a6a13adfe1df33a941fb0d75dc7f208f20d3c5d1d80f5,03a7e983b36035b5a12262b7862ec3ecec67ca006b9e7b01527dc87f05dd7d6e
sample,sparse_crlf-65536,233,305751,522255,8,4edca701f475cd006d9a6a13adfe1df33a941fb0d75dc7f208f20d3c5d1d80f5,03a7e983b36035b5a12262b7862ec3ecec67ca006b9e7b01527dc87f05dd7d6e
sample,sparse_crlf-65536,234,296691,522255,8,4edca701f475cd006d9a6a13adfe1df33a941fb0d75dc7f208f20d3c5d1d80f5,03a7e983b36035b5a12262b7862ec3ecec67ca006b9e7b01527dc87f05dd7d6e
sample,sparse_crlf-65536,235,339192,522255,8,4edca701f475cd006d9a6a13adfe1df33a941fb0d75dc7f208f20d3c5d1d80f5,03a7e983b36035b5a12262b7862ec3ecec67ca006b9e7b01527dc87f05dd7d6e
sample,sparse_crlf-65536,236,296471,522255,8,4edca701f475cd006d9a6a13adfe1df33a941fb0d75dc7f208f20d3c5d1d80f5,03a7e983b36035b5a12262b7862ec3ecec67ca006b9e7b01527dc87f05dd7d6e
sample,sparse_crlf-65536,237,326171,522255,8,4edca701f475cd006d9a6a13adfe1df33a941fb0d75dc7f208f20d3c5d1d80f5,03a7e983b36035b5a12262b7862ec3ecec67ca006b9e7b01527dc87f05dd7d6e
sample,sparse_crlf-65536,238,323411,522255,8,4edca701f475cd006d9a6a13adfe1df33a941fb0d75dc7f208f20d3c5d1d80f5,03a7e983b36035b5a12262b7862ec3ecec67ca006b9e7b01527dc87f05dd7d6e
sample,sparse_crlf-65536,239,296381,522255,8,4edca701f475cd006d9a6a13adfe1df33a941fb0d75dc7f208f20d3c5d1d80f5,03a7e983b36035b5a12262b7862ec3ecec67ca006b9e7b01527dc87f05dd7d6e
sample,sparse_crlf-65536,240,304941,522255,8,4edca701f475cd006d9a6a13adfe1df33a941fb0d75dc7f208f20d3c5d1d80f5,03a7e983b36035b5a12262b7862ec3ecec67ca006b9e7b01527dc87f05dd7d6e
sample,sparse_crlf-65536,241,358322,522255,8,4edca701f475cd006d9a6a13adfe1df33a941fb0d75dc7f208f20d3c5d1d80f5,03a7e983b36035b5a12262b7862ec3ecec67ca006b9e7b01527dc87f05dd7d6e
sample,sparse_crlf-65536,242,296011,522255,8,4edca701f475cd006d9a6a13adfe1df33a941fb0d75dc7f208f20d3c5d1d80f5,03a7e983b36035b5a12262b7862ec3ecec67ca006b9e7b01527dc87f05dd7d6e
sample,sparse_crlf-65536,243,346571,522255,8,4edca701f475cd006d9a6a13adfe1df33a941fb0d75dc7f208f20d3c5d1d80f5,03a7e983b36035b5a12262b7862ec3ecec67ca006b9e7b01527dc87f05dd7d6e
sample,sparse_crlf-65536,244,296341,522255,8,4edca701f475cd006d9a6a13adfe1df33a941fb0d75dc7f208f20d3c5d1d80f5,03a7e983b36035b5a12262b7862ec3ecec67ca006b9e7b01527dc87f05dd7d6e
sample,sparse_crlf-65536,245,296451,522255,8,4edca701f475cd006d9a6a13adfe1df33a941fb0d75dc7f208f20d3c5d1d80f5,03a7e983b36035b5a12262b7862ec3ecec67ca006b9e7b01527dc87f05dd7d6e
sample,sparse_crlf-65536,246,328491,522255,8,4edca701f475cd006d9a6a13adfe1df33a941fb0d75dc7f208f20d3c5d1d80f5,03a7e983b36035b5a12262b7862ec3ecec67ca006b9e7b01527dc87f05dd7d6e
sample,sparse_crlf-65536,247,296522,522255,8,4edca701f475cd006d9a6a13adfe1df33a941fb0d75dc7f208f20d3c5d1d80f5,03a7e983b36035b5a12262b7862ec3ecec67ca006b9e7b01527dc87f05dd7d6e
sample,sparse_crlf-65536,248,296401,522255,8,4edca701f475cd006d9a6a13adfe1df33a941fb0d75dc7f208f20d3c5d1d80f5,03a7e983b36035b5a12262b7862ec3ecec67ca006b9e7b01527dc87f05dd7d6e
sample,sparse_crlf-65536,249,303191,522255,8,4edca701f475cd006d9a6a13adfe1df33a941fb0d75dc7f208f20d3c5d1d80f5,03a7e983b36035b5a12262b7862ec3ecec67ca006b9e7b01527dc87f05dd7d6e
sample,sparse_crlf-65536,250,296691,522255,8,4edca701f475cd006d9a6a13adfe1df33a941fb0d75dc7f208f20d3c5d1d80f5,03a7e983b36035b5a12262b7862ec3ecec67ca006b9e7b01527dc87f05dd7d6e
sample,sparse_crlf-65536,251,299221,522255,8,4edca701f475cd006d9a6a13adfe1df33a941fb0d75dc7f208f20d3c5d1d80f5,03a7e983b36035b5a12262b7862ec3ecec67ca006b9e7b01527dc87f05dd7d6e
sample,sparse_crlf-65536,252,347271,522255,8,4edca701f475cd006d9a6a13adfe1df33a941fb0d75dc7f208f20d3c5d1d80f5,03a7e983b36035b5a12262b7862ec3ecec67ca006b9e7b01527dc87f05dd7d6e
sample,sparse_crlf-65536,253,301381,522255,8,4edca701f475cd006d9a6a13adfe1df33a941fb0d75dc7f208f20d3c5d1d80f5,03a7e983b36035b5a12262b7862ec3ecec67ca006b9e7b01527dc87f05dd7d6e
sample,sparse_crlf-65536,254,301322,522255,8,4edca701f475cd006d9a6a13adfe1df33a941fb0d75dc7f208f20d3c5d1d80f5,03a7e983b36035b5a12262b7862ec3ecec67ca006b9e7b01527dc87f05dd7d6e
sample,sparse_crlf-65536,255,301181,522255,8,4edca701f475cd006d9a6a13adfe1df33a941fb0d75dc7f208f20d3c5d1d80f5,03a7e983b36035b5a12262b7862ec3ecec67ca006b9e7b01527dc87f05dd7d6e
sample,sparse_crlf-65536,256,306221,522255,8,4edca701f475cd006d9a6a13adfe1df33a941fb0d75dc7f208f20d3c5d1d80f5,03a7e983b36035b5a12262b7862ec3ecec67ca006b9e7b01527dc87f05dd7d6e
sample,sparse_crlf-65536,257,296971,522255,8,4edca701f475cd006d9a6a13adfe1df33a941fb0d75dc7f208f20d3c5d1d80f5,03a7e983b36035b5a12262b7862ec3ecec67ca006b9e7b01527dc87f05dd7d6e
sample,sparse_crlf-65536,258,296371,522255,8,4edca701f475cd006d9a6a13adfe1df33a941fb0d75dc7f208f20d3c5d1d80f5,03a7e983b36035b5a12262b7862ec3ecec67ca006b9e7b01527dc87f05dd7d6e
sample,sparse_crlf-65536,259,305011,522255,8,4edca701f475cd006d9a6a13adfe1df33a941fb0d75dc7f208f20d3c5d1d80f5,03a7e983b36035b5a12262b7862ec3ecec67ca006b9e7b01527dc87f05dd7d6e
sample,sparse_crlf-65536,260,320131,522255,8,4edca701f475cd006d9a6a13adfe1df33a941fb0d75dc7f208f20d3c5d1d80f5,03a7e983b36035b5a12262b7862ec3ecec67ca006b9e7b01527dc87f05dd7d6e
sample,sparse_crlf-65536,261,320391,522255,8,4edca701f475cd006d9a6a13adfe1df33a941fb0d75dc7f208f20d3c5d1d80f5,03a7e983b36035b5a12262b7862ec3ecec67ca006b9e7b01527dc87f05dd7d6e
sample,sparse_crlf-65536,262,302451,522255,8,4edca701f475cd006d9a6a13adfe1df33a941fb0d75dc7f208f20d3c5d1d80f5,03a7e983b36035b5a12262b7862ec3ecec67ca006b9e7b01527dc87f05dd7d6e
sample,sparse_crlf-65536,263,296361,522255,8,4edca701f475cd006d9a6a13adfe1df33a941fb0d75dc7f208f20d3c5d1d80f5,03a7e983b36035b5a12262b7862ec3ecec67ca006b9e7b01527dc87f05dd7d6e
sample,sparse_crlf-65536,264,300871,522255,8,4edca701f475cd006d9a6a13adfe1df33a941fb0d75dc7f208f20d3c5d1d80f5,03a7e983b36035b5a12262b7862ec3ecec67ca006b9e7b01527dc87f05dd7d6e
sample,sparse_crlf-65536,265,360221,522255,8,4edca701f475cd006d9a6a13adfe1df33a941fb0d75dc7f208f20d3c5d1d80f5,03a7e983b36035b5a12262b7862ec3ecec67ca006b9e7b01527dc87f05dd7d6e
sample,sparse_crlf-65536,266,320231,522255,8,4edca701f475cd006d9a6a13adfe1df33a941fb0d75dc7f208f20d3c5d1d80f5,03a7e983b36035b5a12262b7862ec3ecec67ca006b9e7b01527dc87f05dd7d6e
sample,sparse_crlf-65536,267,320502,522255,8,4edca701f475cd006d9a6a13adfe1df33a941fb0d75dc7f208f20d3c5d1d80f5,03a7e983b36035b5a12262b7862ec3ecec67ca006b9e7b01527dc87f05dd7d6e
sample,sparse_crlf-65536,268,306221,522255,8,4edca701f475cd006d9a6a13adfe1df33a941fb0d75dc7f208f20d3c5d1d80f5,03a7e983b36035b5a12262b7862ec3ecec67ca006b9e7b01527dc87f05dd7d6e
sample,sparse_crlf-65536,269,296451,522255,8,4edca701f475cd006d9a6a13adfe1df33a941fb0d75dc7f208f20d3c5d1d80f5,03a7e983b36035b5a12262b7862ec3ecec67ca006b9e7b01527dc87f05dd7d6e
sample,sparse_crlf-65536,270,301251,522255,8,4edca701f475cd006d9a6a13adfe1df33a941fb0d75dc7f208f20d3c5d1d80f5,03a7e983b36035b5a12262b7862ec3ecec67ca006b9e7b01527dc87f05dd7d6e
sample,sparse_crlf-65536,271,320111,522255,8,4edca701f475cd006d9a6a13adfe1df33a941fb0d75dc7f208f20d3c5d1d80f5,03a7e983b36035b5a12262b7862ec3ecec67ca006b9e7b01527dc87f05dd7d6e
sample,sparse_crlf-65536,272,344221,522255,8,4edca701f475cd006d9a6a13adfe1df33a941fb0d75dc7f208f20d3c5d1d80f5,03a7e983b36035b5a12262b7862ec3ecec67ca006b9e7b01527dc87f05dd7d6e
sample,sparse_crlf-65536,273,296602,522255,8,4edca701f475cd006d9a6a13adfe1df33a941fb0d75dc7f208f20d3c5d1d80f5,03a7e983b36035b5a12262b7862ec3ecec67ca006b9e7b01527dc87f05dd7d6e
sample,sparse_crlf-65536,274,339251,522255,8,4edca701f475cd006d9a6a13adfe1df33a941fb0d75dc7f208f20d3c5d1d80f5,03a7e983b36035b5a12262b7862ec3ecec67ca006b9e7b01527dc87f05dd7d6e
sample,sparse_crlf-65536,275,307341,522255,8,4edca701f475cd006d9a6a13adfe1df33a941fb0d75dc7f208f20d3c5d1d80f5,03a7e983b36035b5a12262b7862ec3ecec67ca006b9e7b01527dc87f05dd7d6e
sample,sparse_crlf-65536,276,299921,522255,8,4edca701f475cd006d9a6a13adfe1df33a941fb0d75dc7f208f20d3c5d1d80f5,03a7e983b36035b5a12262b7862ec3ecec67ca006b9e7b01527dc87f05dd7d6e
sample,sparse_crlf-65536,277,296401,522255,8,4edca701f475cd006d9a6a13adfe1df33a941fb0d75dc7f208f20d3c5d1d80f5,03a7e983b36035b5a12262b7862ec3ecec67ca006b9e7b01527dc87f05dd7d6e
sample,sparse_crlf-65536,278,303241,522255,8,4edca701f475cd006d9a6a13adfe1df33a941fb0d75dc7f208f20d3c5d1d80f5,03a7e983b36035b5a12262b7862ec3ecec67ca006b9e7b01527dc87f05dd7d6e
sample,sparse_crlf-65536,279,353482,522255,8,4edca701f475cd006d9a6a13adfe1df33a941fb0d75dc7f208f20d3c5d1d80f5,03a7e983b36035b5a12262b7862ec3ecec67ca006b9e7b01527dc87f05dd7d6e
sample,sparse_crlf-65536,280,301281,522255,8,4edca701f475cd006d9a6a13adfe1df33a941fb0d75dc7f208f20d3c5d1d80f5,03a7e983b36035b5a12262b7862ec3ecec67ca006b9e7b01527dc87f05dd7d6e
sample,sparse_crlf-65536,281,327711,522255,8,4edca701f475cd006d9a6a13adfe1df33a941fb0d75dc7f208f20d3c5d1d80f5,03a7e983b36035b5a12262b7862ec3ecec67ca006b9e7b01527dc87f05dd7d6e
sample,sparse_crlf-65536,282,301051,522255,8,4edca701f475cd006d9a6a13adfe1df33a941fb0d75dc7f208f20d3c5d1d80f5,03a7e983b36035b5a12262b7862ec3ecec67ca006b9e7b01527dc87f05dd7d6e
sample,sparse_crlf-65536,283,301241,522255,8,4edca701f475cd006d9a6a13adfe1df33a941fb0d75dc7f208f20d3c5d1d80f5,03a7e983b36035b5a12262b7862ec3ecec67ca006b9e7b01527dc87f05dd7d6e
sample,sparse_crlf-65536,284,303101,522255,8,4edca701f475cd006d9a6a13adfe1df33a941fb0d75dc7f208f20d3c5d1d80f5,03a7e983b36035b5a12262b7862ec3ecec67ca006b9e7b01527dc87f05dd7d6e
sample,sparse_crlf-65536,285,320122,522255,8,4edca701f475cd006d9a6a13adfe1df33a941fb0d75dc7f208f20d3c5d1d80f5,03a7e983b36035b5a12262b7862ec3ecec67ca006b9e7b01527dc87f05dd7d6e
sample,sparse_crlf-65536,286,301241,522255,8,4edca701f475cd006d9a6a13adfe1df33a941fb0d75dc7f208f20d3c5d1d80f5,03a7e983b36035b5a12262b7862ec3ecec67ca006b9e7b01527dc87f05dd7d6e
sample,sparse_crlf-65536,287,301121,522255,8,4edca701f475cd006d9a6a13adfe1df33a941fb0d75dc7f208f20d3c5d1d80f5,03a7e983b36035b5a12262b7862ec3ecec67ca006b9e7b01527dc87f05dd7d6e
sample,sparse_crlf-65536,288,304071,522255,8,4edca701f475cd006d9a6a13adfe1df33a941fb0d75dc7f208f20d3c5d1d80f5,03a7e983b36035b5a12262b7862ec3ecec67ca006b9e7b01527dc87f05dd7d6e
sample,sparse_crlf-65536,289,353271,522255,8,4edca701f475cd006d9a6a13adfe1df33a941fb0d75dc7f208f20d3c5d1d80f5,03a7e983b36035b5a12262b7862ec3ecec67ca006b9e7b01527dc87f05dd7d6e
sample,sparse_crlf-65536,290,376742,522255,8,4edca701f475cd006d9a6a13adfe1df33a941fb0d75dc7f208f20d3c5d1d80f5,03a7e983b36035b5a12262b7862ec3ecec67ca006b9e7b01527dc87f05dd7d6e
sample,sparse_crlf-65536,291,297381,522255,8,4edca701f475cd006d9a6a13adfe1df33a941fb0d75dc7f208f20d3c5d1d80f5,03a7e983b36035b5a12262b7862ec3ecec67ca006b9e7b01527dc87f05dd7d6e
sample,sparse_crlf-65536,292,296991,522255,8,4edca701f475cd006d9a6a13adfe1df33a941fb0d75dc7f208f20d3c5d1d80f5,03a7e983b36035b5a12262b7862ec3ecec67ca006b9e7b01527dc87f05dd7d6e
sample,sparse_crlf-65536,293,296641,522255,8,4edca701f475cd006d9a6a13adfe1df33a941fb0d75dc7f208f20d3c5d1d80f5,03a7e983b36035b5a12262b7862ec3ecec67ca006b9e7b01527dc87f05dd7d6e
sample,sparse_crlf-65536,294,302871,522255,8,4edca701f475cd006d9a6a13adfe1df33a941fb0d75dc7f208f20d3c5d1d80f5,03a7e983b36035b5a12262b7862ec3ecec67ca006b9e7b01527dc87f05dd7d6e
sample,sparse_crlf-65536,295,372702,522255,8,4edca701f475cd006d9a6a13adfe1df33a941fb0d75dc7f208f20d3c5d1d80f5,03a7e983b36035b5a12262b7862ec3ecec67ca006b9e7b01527dc87f05dd7d6e
sample,sparse_crlf-65536,296,358151,522255,8,4edca701f475cd006d9a6a13adfe1df33a941fb0d75dc7f208f20d3c5d1d80f5,03a7e983b36035b5a12262b7862ec3ecec67ca006b9e7b01527dc87f05dd7d6e
sample,sparse_crlf-65536,297,303121,522255,8,4edca701f475cd006d9a6a13adfe1df33a941fb0d75dc7f208f20d3c5d1d80f5,03a7e983b36035b5a12262b7862ec3ecec67ca006b9e7b01527dc87f05dd7d6e
sample,sparse_crlf-65536,298,296501,522255,8,4edca701f475cd006d9a6a13adfe1df33a941fb0d75dc7f208f20d3c5d1d80f5,03a7e983b36035b5a12262b7862ec3ecec67ca006b9e7b01527dc87f05dd7d6e
sample,sparse_crlf-65536,299,296591,522255,8,4edca701f475cd006d9a6a13adfe1df33a941fb0d75dc7f208f20d3c5d1d80f5,03a7e983b36035b5a12262b7862ec3ecec67ca006b9e7b01527dc87f05dd7d6e
sample,sparse_crlf-65536,300,344591,522255,8,4edca701f475cd006d9a6a13adfe1df33a941fb0d75dc7f208f20d3c5d1d80f5,03a7e983b36035b5a12262b7862ec3ecec67ca006b9e7b01527dc87f05dd7d6e
sample,sparse_crlf-65536,301,341932,522255,8,4edca701f475cd006d9a6a13adfe1df33a941fb0d75dc7f208f20d3c5d1d80f5,03a7e983b36035b5a12262b7862ec3ecec67ca006b9e7b01527dc87f05dd7d6e
sample,sparse_crlf-65536,302,339051,522255,8,4edca701f475cd006d9a6a13adfe1df33a941fb0d75dc7f208f20d3c5d1d80f5,03a7e983b36035b5a12262b7862ec3ecec67ca006b9e7b01527dc87f05dd7d6e
sample,sparse_crlf-65536,303,327641,522255,8,4edca701f475cd006d9a6a13adfe1df33a941fb0d75dc7f208f20d3c5d1d80f5,03a7e983b36035b5a12262b7862ec3ecec67ca006b9e7b01527dc87f05dd7d6e
sample,sparse_crlf-65536,304,297111,522255,8,4edca701f475cd006d9a6a13adfe1df33a941fb0d75dc7f208f20d3c5d1d80f5,03a7e983b36035b5a12262b7862ec3ecec67ca006b9e7b01527dc87f05dd7d6e
sample,sparse_crlf-65536,305,301072,522255,8,4edca701f475cd006d9a6a13adfe1df33a941fb0d75dc7f208f20d3c5d1d80f5,03a7e983b36035b5a12262b7862ec3ecec67ca006b9e7b01527dc87f05dd7d6e
sample,sparse_crlf-65536,306,302581,522255,8,4edca701f475cd006d9a6a13adfe1df33a941fb0d75dc7f208f20d3c5d1d80f5,03a7e983b36035b5a12262b7862ec3ecec67ca006b9e7b01527dc87f05dd7d6e
sample,sparse_crlf-65536,307,296561,522255,8,4edca701f475cd006d9a6a13adfe1df33a941fb0d75dc7f208f20d3c5d1d80f5,03a7e983b36035b5a12262b7862ec3ecec67ca006b9e7b01527dc87f05dd7d6e
sample,sparse_crlf-65536,308,296341,522255,8,4edca701f475cd006d9a6a13adfe1df33a941fb0d75dc7f208f20d3c5d1d80f5,03a7e983b36035b5a12262b7862ec3ecec67ca006b9e7b01527dc87f05dd7d6e
sample,sparse_crlf-65536,309,303301,522255,8,4edca701f475cd006d9a6a13adfe1df33a941fb0d75dc7f208f20d3c5d1d80f5,03a7e983b36035b5a12262b7862ec3ecec67ca006b9e7b01527dc87f05dd7d6e
sample,sparse_crlf-65536,310,297461,522255,8,4edca701f475cd006d9a6a13adfe1df33a941fb0d75dc7f208f20d3c5d1d80f5,03a7e983b36035b5a12262b7862ec3ecec67ca006b9e7b01527dc87f05dd7d6e
sample,sparse_crlf-65536,311,296801,522255,8,4edca701f475cd006d9a6a13adfe1df33a941fb0d75dc7f208f20d3c5d1d80f5,03a7e983b36035b5a12262b7862ec3ecec67ca006b9e7b01527dc87f05dd7d6e
sample,sparse_crlf-65536,312,296651,522255,8,4edca701f475cd006d9a6a13adfe1df33a941fb0d75dc7f208f20d3c5d1d80f5,03a7e983b36035b5a12262b7862ec3ecec67ca006b9e7b01527dc87f05dd7d6e
sample,sparse_crlf-65536,313,305051,522255,8,4edca701f475cd006d9a6a13adfe1df33a941fb0d75dc7f208f20d3c5d1d80f5,03a7e983b36035b5a12262b7862ec3ecec67ca006b9e7b01527dc87f05dd7d6e
sample,sparse_crlf-65536,314,299321,522255,8,4edca701f475cd006d9a6a13adfe1df33a941fb0d75dc7f208f20d3c5d1d80f5,03a7e983b36035b5a12262b7862ec3ecec67ca006b9e7b01527dc87f05dd7d6e
sample,sparse_crlf-65536,315,372731,522255,8,4edca701f475cd006d9a6a13adfe1df33a941fb0d75dc7f208f20d3c5d1d80f5,03a7e983b36035b5a12262b7862ec3ecec67ca006b9e7b01527dc87f05dd7d6e
sample,sparse_crlf-65536,316,378811,522255,8,4edca701f475cd006d9a6a13adfe1df33a941fb0d75dc7f208f20d3c5d1d80f5,03a7e983b36035b5a12262b7862ec3ecec67ca006b9e7b01527dc87f05dd7d6e
sample,sparse_crlf-65536,317,372262,522255,8,4edca701f475cd006d9a6a13adfe1df33a941fb0d75dc7f208f20d3c5d1d80f5,03a7e983b36035b5a12262b7862ec3ecec67ca006b9e7b01527dc87f05dd7d6e
sample,sparse_crlf-65536,318,363721,522255,8,4edca701f475cd006d9a6a13adfe1df33a941fb0d75dc7f208f20d3c5d1d80f5,03a7e983b36035b5a12262b7862ec3ecec67ca006b9e7b01527dc87f05dd7d6e
sample,sparse_crlf-65536,319,372581,522255,8,4edca701f475cd006d9a6a13adfe1df33a941fb0d75dc7f208f20d3c5d1d80f5,03a7e983b36035b5a12262b7862ec3ecec67ca006b9e7b01527dc87f05dd7d6e
sample,sparse_crlf-65536,320,371982,522255,8,4edca701f475cd006d9a6a13adfe1df33a941fb0d75dc7f208f20d3c5d1d80f5,03a7e983b36035b5a12262b7862ec3ecec67ca006b9e7b01527dc87f05dd7d6e
sample,sparse_crlf-65536,321,341551,522255,8,4edca701f475cd006d9a6a13adfe1df33a941fb0d75dc7f208f20d3c5d1d80f5,03a7e983b36035b5a12262b7862ec3ecec67ca006b9e7b01527dc87f05dd7d6e
sample,sparse_crlf-65536,322,338971,522255,8,4edca701f475cd006d9a6a13adfe1df33a941fb0d75dc7f208f20d3c5d1d80f5,03a7e983b36035b5a12262b7862ec3ecec67ca006b9e7b01527dc87f05dd7d6e
sample,sparse_crlf-65536,323,372242,522255,8,4edca701f475cd006d9a6a13adfe1df33a941fb0d75dc7f208f20d3c5d1d80f5,03a7e983b36035b5a12262b7862ec3ecec67ca006b9e7b01527dc87f05dd7d6e
sample,sparse_crlf-65536,324,326931,522255,8,4edca701f475cd006d9a6a13adfe1df33a941fb0d75dc7f208f20d3c5d1d80f5,03a7e983b36035b5a12262b7862ec3ecec67ca006b9e7b01527dc87f05dd7d6e
sample,sparse_crlf-65536,325,341241,522255,8,4edca701f475cd006d9a6a13adfe1df33a941fb0d75dc7f208f20d3c5d1d80f5,03a7e983b36035b5a12262b7862ec3ecec67ca006b9e7b01527dc87f05dd7d6e
sample,sparse_crlf-65536,326,357792,522255,8,4edca701f475cd006d9a6a13adfe1df33a941fb0d75dc7f208f20d3c5d1d80f5,03a7e983b36035b5a12262b7862ec3ecec67ca006b9e7b01527dc87f05dd7d6e
sample,sparse_crlf-65536,327,302761,522255,8,4edca701f475cd006d9a6a13adfe1df33a941fb0d75dc7f208f20d3c5d1d80f5,03a7e983b36035b5a12262b7862ec3ecec67ca006b9e7b01527dc87f05dd7d6e
sample,sparse_crlf-65536,328,301301,522255,8,4edca701f475cd006d9a6a13adfe1df33a941fb0d75dc7f208f20d3c5d1d80f5,03a7e983b36035b5a12262b7862ec3ecec67ca006b9e7b01527dc87f05dd7d6e
sample,sparse_crlf-65536,329,343951,522255,8,4edca701f475cd006d9a6a13adfe1df33a941fb0d75dc7f208f20d3c5d1d80f5,03a7e983b36035b5a12262b7862ec3ecec67ca006b9e7b01527dc87f05dd7d6e
sample,sparse_crlf-65536,330,303631,522255,8,4edca701f475cd006d9a6a13adfe1df33a941fb0d75dc7f208f20d3c5d1d80f5,03a7e983b36035b5a12262b7862ec3ecec67ca006b9e7b01527dc87f05dd7d6e
sample,sparse_crlf-65536,331,296751,522255,8,4edca701f475cd006d9a6a13adfe1df33a941fb0d75dc7f208f20d3c5d1d80f5,03a7e983b36035b5a12262b7862ec3ecec67ca006b9e7b01527dc87f05dd7d6e
sample,sparse_crlf-65536,332,296101,522255,8,4edca701f475cd006d9a6a13adfe1df33a941fb0d75dc7f208f20d3c5d1d80f5,03a7e983b36035b5a12262b7862ec3ecec67ca006b9e7b01527dc87f05dd7d6e
sample,sparse_crlf-65536,333,315182,522255,8,4edca701f475cd006d9a6a13adfe1df33a941fb0d75dc7f208f20d3c5d1d80f5,03a7e983b36035b5a12262b7862ec3ecec67ca006b9e7b01527dc87f05dd7d6e
sample,sparse_crlf-65536,334,296391,522255,8,4edca701f475cd006d9a6a13adfe1df33a941fb0d75dc7f208f20d3c5d1d80f5,03a7e983b36035b5a12262b7862ec3ecec67ca006b9e7b01527dc87f05dd7d6e
sample,sparse_crlf-65536,335,296781,522255,8,4edca701f475cd006d9a6a13adfe1df33a941fb0d75dc7f208f20d3c5d1d80f5,03a7e983b36035b5a12262b7862ec3ecec67ca006b9e7b01527dc87f05dd7d6e
sample,sparse_crlf-65536,336,322811,522255,8,4edca701f475cd006d9a6a13adfe1df33a941fb0d75dc7f208f20d3c5d1d80f5,03a7e983b36035b5a12262b7862ec3ecec67ca006b9e7b01527dc87f05dd7d6e
sample,sparse_crlf-65536,337,358211,522255,8,4edca701f475cd006d9a6a13adfe1df33a941fb0d75dc7f208f20d3c5d1d80f5,03a7e983b36035b5a12262b7862ec3ecec67ca006b9e7b01527dc87f05dd7d6e
sample,sparse_crlf-65536,338,376432,522255,8,4edca701f475cd006d9a6a13adfe1df33a941fb0d75dc7f208f20d3c5d1d80f5,03a7e983b36035b5a12262b7862ec3ecec67ca006b9e7b01527dc87f05dd7d6e
sample,sparse_crlf-65536,339,350301,522255,8,4edca701f475cd006d9a6a13adfe1df33a941fb0d75dc7f208f20d3c5d1d80f5,03a7e983b36035b5a12262b7862ec3ecec67ca006b9e7b01527dc87f05dd7d6e
sample,sparse_crlf-65536,340,372501,522255,8,4edca701f475cd006d9a6a13adfe1df33a941fb0d75dc7f208f20d3c5d1d80f5,03a7e983b36035b5a12262b7862ec3ecec67ca006b9e7b01527dc87f05dd7d6e
sample,sparse_crlf-65536,341,338882,522255,8,4edca701f475cd006d9a6a13adfe1df33a941fb0d75dc7f208f20d3c5d1d80f5,03a7e983b36035b5a12262b7862ec3ecec67ca006b9e7b01527dc87f05dd7d6e
sample,sparse_crlf-65536,342,378291,522255,8,4edca701f475cd006d9a6a13adfe1df33a941fb0d75dc7f208f20d3c5d1d80f5,03a7e983b36035b5a12262b7862ec3ecec67ca006b9e7b01527dc87f05dd7d6e
sample,sparse_crlf-65536,343,371971,522255,8,4edca701f475cd006d9a6a13adfe1df33a941fb0d75dc7f208f20d3c5d1d80f5,03a7e983b36035b5a12262b7862ec3ecec67ca006b9e7b01527dc87f05dd7d6e
sample,sparse_crlf-65536,344,372092,522255,8,4edca701f475cd006d9a6a13adfe1df33a941fb0d75dc7f208f20d3c5d1d80f5,03a7e983b36035b5a12262b7862ec3ecec67ca006b9e7b01527dc87f05dd7d6e
sample,sparse_crlf-65536,345,311351,522255,8,4edca701f475cd006d9a6a13adfe1df33a941fb0d75dc7f208f20d3c5d1d80f5,03a7e983b36035b5a12262b7862ec3ecec67ca006b9e7b01527dc87f05dd7d6e
sample,sparse_crlf-65536,346,371881,522255,8,4edca701f475cd006d9a6a13adfe1df33a941fb0d75dc7f208f20d3c5d1d80f5,03a7e983b36035b5a12262b7862ec3ecec67ca006b9e7b01527dc87f05dd7d6e
sample,sparse_crlf-65536,347,375572,522255,8,4edca701f475cd006d9a6a13adfe1df33a941fb0d75dc7f208f20d3c5d1d80f5,03a7e983b36035b5a12262b7862ec3ecec67ca006b9e7b01527dc87f05dd7d6e
sample,sparse_crlf-65536,348,371821,522255,8,4edca701f475cd006d9a6a13adfe1df33a941fb0d75dc7f208f20d3c5d1d80f5,03a7e983b36035b5a12262b7862ec3ecec67ca006b9e7b01527dc87f05dd7d6e
sample,sparse_crlf-65536,349,374772,522255,8,4edca701f475cd006d9a6a13adfe1df33a941fb0d75dc7f208f20d3c5d1d80f5,03a7e983b36035b5a12262b7862ec3ecec67ca006b9e7b01527dc87f05dd7d6e
sample,sparse_crlf-65536,350,363781,522255,8,4edca701f475cd006d9a6a13adfe1df33a941fb0d75dc7f208f20d3c5d1d80f5,03a7e983b36035b5a12262b7862ec3ecec67ca006b9e7b01527dc87f05dd7d6e
sample,sparse_crlf-65536,351,371971,522255,8,4edca701f475cd006d9a6a13adfe1df33a941fb0d75dc7f208f20d3c5d1d80f5,03a7e983b36035b5a12262b7862ec3ecec67ca006b9e7b01527dc87f05dd7d6e
sample,sparse_crlf-65536,352,324602,522255,8,4edca701f475cd006d9a6a13adfe1df33a941fb0d75dc7f208f20d3c5d1d80f5,03a7e983b36035b5a12262b7862ec3ecec67ca006b9e7b01527dc87f05dd7d6e
sample,sparse_crlf-65536,353,377801,522255,8,4edca701f475cd006d9a6a13adfe1df33a941fb0d75dc7f208f20d3c5d1d80f5,03a7e983b36035b5a12262b7862ec3ecec67ca006b9e7b01527dc87f05dd7d6e
sample,sparse_crlf-65536,354,372101,522255,8,4edca701f475cd006d9a6a13adfe1df33a941fb0d75dc7f208f20d3c5d1d80f5,03a7e983b36035b5a12262b7862ec3ecec67ca006b9e7b01527dc87f05dd7d6e
sample,sparse_crlf-65536,355,372112,522255,8,4edca701f475cd006d9a6a13adfe1df33a941fb0d75dc7f208f20d3c5d1d80f5,03a7e983b36035b5a12262b7862ec3ecec67ca006b9e7b01527dc87f05dd7d6e
sample,sparse_crlf-65536,356,343631,522255,8,4edca701f475cd006d9a6a13adfe1df33a941fb0d75dc7f208f20d3c5d1d80f5,03a7e983b36035b5a12262b7862ec3ecec67ca006b9e7b01527dc87f05dd7d6e
sample,sparse_crlf-65536,357,353671,522255,8,4edca701f475cd006d9a6a13adfe1df33a941fb0d75dc7f208f20d3c5d1d80f5,03a7e983b36035b5a12262b7862ec3ecec67ca006b9e7b01527dc87f05dd7d6e
sample,sparse_crlf-65536,358,296492,522255,8,4edca701f475cd006d9a6a13adfe1df33a941fb0d75dc7f208f20d3c5d1d80f5,03a7e983b36035b5a12262b7862ec3ecec67ca006b9e7b01527dc87f05dd7d6e
sample,sparse_crlf-65536,359,309981,522255,8,4edca701f475cd006d9a6a13adfe1df33a941fb0d75dc7f208f20d3c5d1d80f5,03a7e983b36035b5a12262b7862ec3ecec67ca006b9e7b01527dc87f05dd7d6e
sample,sparse_crlf-65536,360,323891,522255,8,4edca701f475cd006d9a6a13adfe1df33a941fb0d75dc7f208f20d3c5d1d80f5,03a7e983b36035b5a12262b7862ec3ecec67ca006b9e7b01527dc87f05dd7d6e
sample,sparse_crlf-65536,361,300721,522255,8,4edca701f475cd006d9a6a13adfe1df33a941fb0d75dc7f208f20d3c5d1d80f5,03a7e983b36035b5a12262b7862ec3ecec67ca006b9e7b01527dc87f05dd7d6e
sample,sparse_crlf-65536,362,307571,522255,8,4edca701f475cd006d9a6a13adfe1df33a941fb0d75dc7f208f20d3c5d1d80f5,03a7e983b36035b5a12262b7862ec3ecec67ca006b9e7b01527dc87f05dd7d6e
sample,sparse_crlf-65536,363,315421,522255,8,4edca701f475cd006d9a6a13adfe1df33a941fb0d75dc7f208f20d3c5d1d80f5,03a7e983b36035b5a12262b7862ec3ecec67ca006b9e7b01527dc87f05dd7d6e
sample,sparse_crlf-65536,364,371652,522255,8,4edca701f475cd006d9a6a13adfe1df33a941fb0d75dc7f208f20d3c5d1d80f5,03a7e983b36035b5a12262b7862ec3ecec67ca006b9e7b01527dc87f05dd7d6e
sample,sparse_crlf-65536,365,316691,522255,8,4edca701f475cd006d9a6a13adfe1df33a941fb0d75dc7f208f20d3c5d1d80f5,03a7e983b36035b5a12262b7862ec3ecec67ca006b9e7b01527dc87f05dd7d6e
sample,sparse_crlf-65536,366,296031,522255,8,4edca701f475cd006d9a6a13adfe1df33a941fb0d75dc7f208f20d3c5d1d80f5,03a7e983b36035b5a12262b7862ec3ecec67ca006b9e7b01527dc87f05dd7d6e
sample,sparse_crlf-65536,367,371611,522255,8,4edca701f475cd006d9a6a13adfe1df33a941fb0d75dc7f208f20d3c5d1d80f5,03a7e983b36035b5a12262b7862ec3ecec67ca006b9e7b01527dc87f05dd7d6e
sample,sparse_crlf-65536,368,318771,522255,8,4edca701f475cd006d9a6a13adfe1df33a941fb0d75dc7f208f20d3c5d1d80f5,03a7e983b36035b5a12262b7862ec3ecec67ca006b9e7b01527dc87f05dd7d6e
sample,sparse_crlf-65536,369,315042,522255,8,4edca701f475cd006d9a6a13adfe1df33a941fb0d75dc7f208f20d3c5d1d80f5,03a7e983b36035b5a12262b7862ec3ecec67ca006b9e7b01527dc87f05dd7d6e
sample,sparse_crlf-65536,370,319611,522255,8,4edca701f475cd006d9a6a13adfe1df33a941fb0d75dc7f208f20d3c5d1d80f5,03a7e983b36035b5a12262b7862ec3ecec67ca006b9e7b01527dc87f05dd7d6e
sample,sparse_crlf-65536,371,381361,522255,8,4edca701f475cd006d9a6a13adfe1df33a941fb0d75dc7f208f20d3c5d1d80f5,03a7e983b36035b5a12262b7862ec3ecec67ca006b9e7b01527dc87f05dd7d6e
sample,sparse_crlf-65536,372,375872,522255,8,4edca701f475cd006d9a6a13adfe1df33a941fb0d75dc7f208f20d3c5d1d80f5,03a7e983b36035b5a12262b7862ec3ecec67ca006b9e7b01527dc87f05dd7d6e
sample,sparse_crlf-65536,373,375461,522255,8,4edca701f475cd006d9a6a13adfe1df33a941fb0d75dc7f208f20d3c5d1d80f5,03a7e983b36035b5a12262b7862ec3ecec67ca006b9e7b01527dc87f05dd7d6e
sample,sparse_crlf-65536,374,296411,522255,8,4edca701f475cd006d9a6a13adfe1df33a941fb0d75dc7f208f20d3c5d1d80f5,03a7e983b36035b5a12262b7862ec3ecec67ca006b9e7b01527dc87f05dd7d6e
sample,sparse_crlf-65536,375,372212,522255,8,4edca701f475cd006d9a6a13adfe1df33a941fb0d75dc7f208f20d3c5d1d80f5,03a7e983b36035b5a12262b7862ec3ecec67ca006b9e7b01527dc87f05dd7d6e
sample,sparse_crlf-65536,376,361401,522255,8,4edca701f475cd006d9a6a13adfe1df33a941fb0d75dc7f208f20d3c5d1d80f5,03a7e983b36035b5a12262b7862ec3ecec67ca006b9e7b01527dc87f05dd7d6e
sample,sparse_crlf-65536,377,320001,522255,8,4edca701f475cd006d9a6a13adfe1df33a941fb0d75dc7f208f20d3c5d1d80f5,03a7e983b36035b5a12262b7862ec3ecec67ca006b9e7b01527dc87f05dd7d6e
sample,sparse_crlf-65536,378,296381,522255,8,4edca701f475cd006d9a6a13adfe1df33a941fb0d75dc7f208f20d3c5d1d80f5,03a7e983b36035b5a12262b7862ec3ecec67ca006b9e7b01527dc87f05dd7d6e
sample,sparse_crlf-65536,379,363842,522255,8,4edca701f475cd006d9a6a13adfe1df33a941fb0d75dc7f208f20d3c5d1d80f5,03a7e983b36035b5a12262b7862ec3ecec67ca006b9e7b01527dc87f05dd7d6e
sample,sparse_crlf-65536,380,371731,522255,8,4edca701f475cd006d9a6a13adfe1df33a941fb0d75dc7f208f20d3c5d1d80f5,03a7e983b36035b5a12262b7862ec3ecec67ca006b9e7b01527dc87f05dd7d6e
sample,sparse_crlf-65536,381,338761,522255,8,4edca701f475cd006d9a6a13adfe1df33a941fb0d75dc7f208f20d3c5d1d80f5,03a7e983b36035b5a12262b7862ec3ecec67ca006b9e7b01527dc87f05dd7d6e
sample,sparse_crlf-65536,382,346591,522255,8,4edca701f475cd006d9a6a13adfe1df33a941fb0d75dc7f208f20d3c5d1d80f5,03a7e983b36035b5a12262b7862ec3ecec67ca006b9e7b01527dc87f05dd7d6e
sample,sparse_crlf-65536,383,296721,522255,8,4edca701f475cd006d9a6a13adfe1df33a941fb0d75dc7f208f20d3c5d1d80f5,03a7e983b36035b5a12262b7862ec3ecec67ca006b9e7b01527dc87f05dd7d6e
sample,sparse_crlf-65536,384,298811,522255,8,4edca701f475cd006d9a6a13adfe1df33a941fb0d75dc7f208f20d3c5d1d80f5,03a7e983b36035b5a12262b7862ec3ecec67ca006b9e7b01527dc87f05dd7d6e
sample,sparse_crlf-65536,385,312171,522255,8,4edca701f475cd006d9a6a13adfe1df33a941fb0d75dc7f208f20d3c5d1d80f5,03a7e983b36035b5a12262b7862ec3ecec67ca006b9e7b01527dc87f05dd7d6e
sample,sparse_crlf-65536,386,296251,522255,8,4edca701f475cd006d9a6a13adfe1df33a941fb0d75dc7f208f20d3c5d1d80f5,03a7e983b36035b5a12262b7862ec3ecec67ca006b9e7b01527dc87f05dd7d6e
sample,sparse_crlf-65536,387,301001,522255,8,4edca701f475cd006d9a6a13adfe1df33a941fb0d75dc7f208f20d3c5d1d80f5,03a7e983b36035b5a12262b7862ec3ecec67ca006b9e7b01527dc87f05dd7d6e
sample,sparse_crlf-65536,388,375132,522255,8,4edca701f475cd006d9a6a13adfe1df33a941fb0d75dc7f208f20d3c5d1d80f5,03a7e983b36035b5a12262b7862ec3ecec67ca006b9e7b01527dc87f05dd7d6e
sample,sparse_crlf-65536,389,372481,522255,8,4edca701f475cd006d9a6a13adfe1df33a941fb0d75dc7f208f20d3c5d1d80f5,03a7e983b36035b5a12262b7862ec3ecec67ca006b9e7b01527dc87f05dd7d6e
sample,sparse_crlf-65536,390,372651,522255,8,4edca701f475cd006d9a6a13adfe1df33a941fb0d75dc7f208f20d3c5d1d80f5,03a7e983b36035b5a12262b7862ec3ecec67ca006b9e7b01527dc87f05dd7d6e
sample,sparse_crlf-65536,391,345432,522255,8,4edca701f475cd006d9a6a13adfe1df33a941fb0d75dc7f208f20d3c5d1d80f5,03a7e983b36035b5a12262b7862ec3ecec67ca006b9e7b01527dc87f05dd7d6e
sample,sparse_crlf-65536,392,372101,522255,8,4edca701f475cd006d9a6a13adfe1df33a941fb0d75dc7f208f20d3c5d1d80f5,03a7e983b36035b5a12262b7862ec3ecec67ca006b9e7b01527dc87f05dd7d6e
sample,sparse_crlf-65536,393,358121,522255,8,4edca701f475cd006d9a6a13adfe1df33a941fb0d75dc7f208f20d3c5d1d80f5,03a7e983b36035b5a12262b7862ec3ecec67ca006b9e7b01527dc87f05dd7d6e
sample,sparse_crlf-65536,394,379932,522255,8,4edca701f475cd006d9a6a13adfe1df33a941fb0d75dc7f208f20d3c5d1d80f5,03a7e983b36035b5a12262b7862ec3ecec67ca006b9e7b01527dc87f05dd7d6e
sample,sparse_crlf-65536,395,300781,522255,8,4edca701f475cd006d9a6a13adfe1df33a941fb0d75dc7f208f20d3c5d1d80f5,03a7e983b36035b5a12262b7862ec3ecec67ca006b9e7b01527dc87f05dd7d6e
sample,sparse_crlf-65536,396,296151,522255,8,4edca701f475cd006d9a6a13adfe1df33a941fb0d75dc7f208f20d3c5d1d80f5,03a7e983b36035b5a12262b7862ec3ecec67ca006b9e7b01527dc87f05dd7d6e
sample,sparse_crlf-65536,397,303121,522255,8,4edca701f475cd006d9a6a13adfe1df33a941fb0d75dc7f208f20d3c5d1d80f5,03a7e983b36035b5a12262b7862ec3ecec67ca006b9e7b01527dc87f05dd7d6e
sample,sparse_crlf-65536,398,372232,522255,8,4edca701f475cd006d9a6a13adfe1df33a941fb0d75dc7f208f20d3c5d1d80f5,03a7e983b36035b5a12262b7862ec3ecec67ca006b9e7b01527dc87f05dd7d6e
sample,sparse_crlf-65536,399,371951,522255,8,4edca701f475cd006d9a6a13adfe1df33a941fb0d75dc7f208f20d3c5d1d80f5,03a7e983b36035b5a12262b7862ec3ecec67ca006b9e7b01527dc87f05dd7d6e
sample,sparse_crlf-65536,400,378311,522255,8,4edca701f475cd006d9a6a13adfe1df33a941fb0d75dc7f208f20d3c5d1d80f5,03a7e983b36035b5a12262b7862ec3ecec67ca006b9e7b01527dc87f05dd7d6e
sample,sparse_crlf-65536,401,371962,522255,8,4edca701f475cd006d9a6a13adfe1df33a941fb0d75dc7f208f20d3c5d1d80f5,03a7e983b36035b5a12262b7862ec3ecec67ca006b9e7b01527dc87f05dd7d6e
sample,sparse_crlf-65536,402,371151,522255,8,4edca701f475cd006d9a6a13adfe1df33a941fb0d75dc7f208f20d3c5d1d80f5,03a7e983b36035b5a12262b7862ec3ecec67ca006b9e7b01527dc87f05dd7d6e
sample,sparse_crlf-65536,403,367701,522255,8,4edca701f475cd006d9a6a13adfe1df33a941fb0d75dc7f208f20d3c5d1d80f5,03a7e983b36035b5a12262b7862ec3ecec67ca006b9e7b01527dc87f05dd7d6e
sample,sparse_crlf-65536,404,296212,522255,8,4edca701f475cd006d9a6a13adfe1df33a941fb0d75dc7f208f20d3c5d1d80f5,03a7e983b36035b5a12262b7862ec3ecec67ca006b9e7b01527dc87f05dd7d6e
sample,sparse_crlf-65536,405,297341,522255,8,4edca701f475cd006d9a6a13adfe1df33a941fb0d75dc7f208f20d3c5d1d80f5,03a7e983b36035b5a12262b7862ec3ecec67ca006b9e7b01527dc87f05dd7d6e
sample,sparse_crlf-65536,406,296811,522255,8,4edca701f475cd006d9a6a13adfe1df33a941fb0d75dc7f208f20d3c5d1d80f5,03a7e983b36035b5a12262b7862ec3ecec67ca006b9e7b01527dc87f05dd7d6e
sample,sparse_crlf-65536,407,375661,522255,8,4edca701f475cd006d9a6a13adfe1df33a941fb0d75dc7f208f20d3c5d1d80f5,03a7e983b36035b5a12262b7862ec3ecec67ca006b9e7b01527dc87f05dd7d6e
sample,sparse_crlf-65536,408,378742,522255,8,4edca701f475cd006d9a6a13adfe1df33a941fb0d75dc7f208f20d3c5d1d80f5,03a7e983b36035b5a12262b7862ec3ecec67ca006b9e7b01527dc87f05dd7d6e
sample,sparse_crlf-65536,409,357981,522255,8,4edca701f475cd006d9a6a13adfe1df33a941fb0d75dc7f208f20d3c5d1d80f5,03a7e983b36035b5a12262b7862ec3ecec67ca006b9e7b01527dc87f05dd7d6e
sample,sparse_crlf-65536,410,319911,522255,8,4edca701f475cd006d9a6a13adfe1df33a941fb0d75dc7f208f20d3c5d1d80f5,03a7e983b36035b5a12262b7862ec3ecec67ca006b9e7b01527dc87f05dd7d6e
sample,sparse_crlf-65536,411,302481,522255,8,4edca701f475cd006d9a6a13adfe1df33a941fb0d75dc7f208f20d3c5d1d80f5,03a7e983b36035b5a12262b7862ec3ecec67ca006b9e7b01527dc87f05dd7d6e
sample,sparse_crlf-65536,412,296301,522255,8,4edca701f475cd006d9a6a13adfe1df33a941fb0d75dc7f208f20d3c5d1d80f5,03a7e983b36035b5a12262b7862ec3ecec67ca006b9e7b01527dc87f05dd7d6e
sample,sparse_crlf-65536,413,296952,522255,8,4edca701f475cd006d9a6a13adfe1df33a941fb0d75dc7f208f20d3c5d1d80f5,03a7e983b36035b5a12262b7862ec3ecec67ca006b9e7b01527dc87f05dd7d6e
sample,sparse_crlf-65536,414,334411,522255,8,4edca701f475cd006d9a6a13adfe1df33a941fb0d75dc7f208f20d3c5d1d80f5,03a7e983b36035b5a12262b7862ec3ecec67ca006b9e7b01527dc87f05dd7d6e
sample,sparse_crlf-65536,415,302171,522255,8,4edca701f475cd006d9a6a13adfe1df33a941fb0d75dc7f208f20d3c5d1d80f5,03a7e983b36035b5a12262b7862ec3ecec67ca006b9e7b01527dc87f05dd7d6e
sample,sparse_crlf-65536,416,301411,522255,8,4edca701f475cd006d9a6a13adfe1df33a941fb0d75dc7f208f20d3c5d1d80f5,03a7e983b36035b5a12262b7862ec3ecec67ca006b9e7b01527dc87f05dd7d6e
sample,sparse_crlf-65536,417,297191,522255,8,4edca701f475cd006d9a6a13adfe1df33a941fb0d75dc7f208f20d3c5d1d80f5,03a7e983b36035b5a12262b7862ec3ecec67ca006b9e7b01527dc87f05dd7d6e
sample,sparse_crlf-65536,418,305401,522255,8,4edca701f475cd006d9a6a13adfe1df33a941fb0d75dc7f208f20d3c5d1d80f5,03a7e983b36035b5a12262b7862ec3ecec67ca006b9e7b01527dc87f05dd7d6e
sample,sparse_crlf-65536,419,376682,522255,8,4edca701f475cd006d9a6a13adfe1df33a941fb0d75dc7f208f20d3c5d1d80f5,03a7e983b36035b5a12262b7862ec3ecec67ca006b9e7b01527dc87f05dd7d6e
sample,sparse_crlf-65536,420,372491,522255,8,4edca701f475cd006d9a6a13adfe1df33a941fb0d75dc7f208f20d3c5d1d80f5,03a7e983b36035b5a12262b7862ec3ecec67ca006b9e7b01527dc87f05dd7d6e
sample,sparse_crlf-65536,421,306661,522255,8,4edca701f475cd006d9a6a13adfe1df33a941fb0d75dc7f208f20d3c5d1d80f5,03a7e983b36035b5a12262b7862ec3ecec67ca006b9e7b01527dc87f05dd7d6e
sample,sparse_crlf-65536,422,296341,522255,8,4edca701f475cd006d9a6a13adfe1df33a941fb0d75dc7f208f20d3c5d1d80f5,03a7e983b36035b5a12262b7862ec3ecec67ca006b9e7b01527dc87f05dd7d6e
sample,sparse_crlf-65536,423,296651,522255,8,4edca701f475cd006d9a6a13adfe1df33a941fb0d75dc7f208f20d3c5d1d80f5,03a7e983b36035b5a12262b7862ec3ecec67ca006b9e7b01527dc87f05dd7d6e
sample,sparse_crlf-65536,424,302692,522255,8,4edca701f475cd006d9a6a13adfe1df33a941fb0d75dc7f208f20d3c5d1d80f5,03a7e983b36035b5a12262b7862ec3ecec67ca006b9e7b01527dc87f05dd7d6e
sample,sparse_crlf-65536,425,296531,522255,8,4edca701f475cd006d9a6a13adfe1df33a941fb0d75dc7f208f20d3c5d1d80f5,03a7e983b36035b5a12262b7862ec3ecec67ca006b9e7b01527dc87f05dd7d6e
sample,sparse_crlf-65536,426,297051,522255,8,4edca701f475cd006d9a6a13adfe1df33a941fb0d75dc7f208f20d3c5d1d80f5,03a7e983b36035b5a12262b7862ec3ecec67ca006b9e7b01527dc87f05dd7d6e
sample,sparse_crlf-65536,427,306581,522255,8,4edca701f475cd006d9a6a13adfe1df33a941fb0d75dc7f208f20d3c5d1d80f5,03a7e983b36035b5a12262b7862ec3ecec67ca006b9e7b01527dc87f05dd7d6e
sample,sparse_crlf-65536,428,296541,522255,8,4edca701f475cd006d9a6a13adfe1df33a941fb0d75dc7f208f20d3c5d1d80f5,03a7e983b36035b5a12262b7862ec3ecec67ca006b9e7b01527dc87f05dd7d6e
sample,sparse_crlf-65536,429,320011,522255,8,4edca701f475cd006d9a6a13adfe1df33a941fb0d75dc7f208f20d3c5d1d80f5,03a7e983b36035b5a12262b7862ec3ecec67ca006b9e7b01527dc87f05dd7d6e
sample,sparse_crlf-65536,430,307721,522255,8,4edca701f475cd006d9a6a13adfe1df33a941fb0d75dc7f208f20d3c5d1d80f5,03a7e983b36035b5a12262b7862ec3ecec67ca006b9e7b01527dc87f05dd7d6e
sample,sparse_crlf-65536,431,296601,522255,8,4edca701f475cd006d9a6a13adfe1df33a941fb0d75dc7f208f20d3c5d1d80f5,03a7e983b36035b5a12262b7862ec3ecec67ca006b9e7b01527dc87f05dd7d6e
sample,sparse_crlf-65536,432,343352,522255,8,4edca701f475cd006d9a6a13adfe1df33a941fb0d75dc7f208f20d3c5d1d80f5,03a7e983b36035b5a12262b7862ec3ecec67ca006b9e7b01527dc87f05dd7d6e
sample,sparse_crlf-65536,433,320391,522255,8,4edca701f475cd006d9a6a13adfe1df33a941fb0d75dc7f208f20d3c5d1d80f5,03a7e983b36035b5a12262b7862ec3ecec67ca006b9e7b01527dc87f05dd7d6e
sample,sparse_crlf-65536,434,377141,522255,8,4edca701f475cd006d9a6a13adfe1df33a941fb0d75dc7f208f20d3c5d1d80f5,03a7e983b36035b5a12262b7862ec3ecec67ca006b9e7b01527dc87f05dd7d6e
sample,sparse_crlf-65536,435,297271,522255,8,4edca701f475cd006d9a6a13adfe1df33a941fb0d75dc7f208f20d3c5d1d80f5,03a7e983b36035b5a12262b7862ec3ecec67ca006b9e7b01527dc87f05dd7d6e
sample,sparse_crlf-65536,436,296711,522255,8,4edca701f475cd006d9a6a13adfe1df33a941fb0d75dc7f208f20d3c5d1d80f5,03a7e983b36035b5a12262b7862ec3ecec67ca006b9e7b01527dc87f05dd7d6e
sample,sparse_crlf-65536,437,319122,522255,8,4edca701f475cd006d9a6a13adfe1df33a941fb0d75dc7f208f20d3c5d1d80f5,03a7e983b36035b5a12262b7862ec3ecec67ca006b9e7b01527dc87f05dd7d6e
sample,sparse_crlf-65536,438,301271,522255,8,4edca701f475cd006d9a6a13adfe1df33a941fb0d75dc7f208f20d3c5d1d80f5,03a7e983b36035b5a12262b7862ec3ecec67ca006b9e7b01527dc87f05dd7d6e
sample,sparse_crlf-65536,439,296731,522255,8,4edca701f475cd006d9a6a13adfe1df33a941fb0d75dc7f208f20d3c5d1d80f5,03a7e983b36035b5a12262b7862ec3ecec67ca006b9e7b01527dc87f05dd7d6e
sample,sparse_crlf-65536,440,355661,522255,8,4edca701f475cd006d9a6a13adfe1df33a941fb0d75dc7f208f20d3c5d1d80f5,03a7e983b36035b5a12262b7862ec3ecec67ca006b9e7b01527dc87f05dd7d6e
sample,sparse_crlf-65536,441,296031,522255,8,4edca701f475cd006d9a6a13adfe1df33a941fb0d75dc7f208f20d3c5d1d80f5,03a7e983b36035b5a12262b7862ec3ecec67ca006b9e7b01527dc87f05dd7d6e
sample,sparse_crlf-65536,442,371952,522255,8,4edca701f475cd006d9a6a13adfe1df33a941fb0d75dc7f208f20d3c5d1d80f5,03a7e983b36035b5a12262b7862ec3ecec67ca006b9e7b01527dc87f05dd7d6e
sample,sparse_crlf-65536,443,315601,522255,8,4edca701f475cd006d9a6a13adfe1df33a941fb0d75dc7f208f20d3c5d1d80f5,03a7e983b36035b5a12262b7862ec3ecec67ca006b9e7b01527dc87f05dd7d6e
sample,sparse_crlf-65536,444,375861,522255,8,4edca701f475cd006d9a6a13adfe1df33a941fb0d75dc7f208f20d3c5d1d80f5,03a7e983b36035b5a12262b7862ec3ecec67ca006b9e7b01527dc87f05dd7d6e
sample,sparse_crlf-65536,445,378452,522255,8,4edca701f475cd006d9a6a13adfe1df33a941fb0d75dc7f208f20d3c5d1d80f5,03a7e983b36035b5a12262b7862ec3ecec67ca006b9e7b01527dc87f05dd7d6e
sample,sparse_crlf-65536,446,372561,522255,8,4edca701f475cd006d9a6a13adfe1df33a941fb0d75dc7f208f20d3c5d1d80f5,03a7e983b36035b5a12262b7862ec3ecec67ca006b9e7b01527dc87f05dd7d6e
sample,sparse_crlf-65536,447,372571,522255,8,4edca701f475cd006d9a6a13adfe1df33a941fb0d75dc7f208f20d3c5d1d80f5,03a7e983b36035b5a12262b7862ec3ecec67ca006b9e7b01527dc87f05dd7d6e
sample,sparse_crlf-65536,448,364662,522255,8,4edca701f475cd006d9a6a13adfe1df33a941fb0d75dc7f208f20d3c5d1d80f5,03a7e983b36035b5a12262b7862ec3ecec67ca006b9e7b01527dc87f05dd7d6e
sample,sparse_crlf-65536,449,371741,522255,8,4edca701f475cd006d9a6a13adfe1df33a941fb0d75dc7f208f20d3c5d1d80f5,03a7e983b36035b5a12262b7862ec3ecec67ca006b9e7b01527dc87f05dd7d6e
sample,sparse_crlf-65536,450,371912,522255,8,4edca701f475cd006d9a6a13adfe1df33a941fb0d75dc7f208f20d3c5d1d80f5,03a7e983b36035b5a12262b7862ec3ecec67ca006b9e7b01527dc87f05dd7d6e
sample,sparse_crlf-65536,451,323571,522255,8,4edca701f475cd006d9a6a13adfe1df33a941fb0d75dc7f208f20d3c5d1d80f5,03a7e983b36035b5a12262b7862ec3ecec67ca006b9e7b01527dc87f05dd7d6e
sample,sparse_crlf-65536,452,372131,522255,8,4edca701f475cd006d9a6a13adfe1df33a941fb0d75dc7f208f20d3c5d1d80f5,03a7e983b36035b5a12262b7862ec3ecec67ca006b9e7b01527dc87f05dd7d6e
sample,sparse_crlf-65536,453,372082,522255,8,4edca701f475cd006d9a6a13adfe1df33a941fb0d75dc7f208f20d3c5d1d80f5,03a7e983b36035b5a12262b7862ec3ecec67ca006b9e7b01527dc87f05dd7d6e
sample,sparse_crlf-65536,454,365161,522255,8,4edca701f475cd006d9a6a13adfe1df33a941fb0d75dc7f208f20d3c5d1d80f5,03a7e983b36035b5a12262b7862ec3ecec67ca006b9e7b01527dc87f05dd7d6e
sample,sparse_crlf-65536,455,338581,522255,8,4edca701f475cd006d9a6a13adfe1df33a941fb0d75dc7f208f20d3c5d1d80f5,03a7e983b36035b5a12262b7862ec3ecec67ca006b9e7b01527dc87f05dd7d6e
sample,sparse_crlf-65536,456,366182,522255,8,4edca701f475cd006d9a6a13adfe1df33a941fb0d75dc7f208f20d3c5d1d80f5,03a7e983b36035b5a12262b7862ec3ecec67ca006b9e7b01527dc87f05dd7d6e
sample,sparse_crlf-65536,457,372001,522255,8,4edca701f475cd006d9a6a13adfe1df33a941fb0d75dc7f208f20d3c5d1d80f5,03a7e983b36035b5a12262b7862ec3ecec67ca006b9e7b01527dc87f05dd7d6e
sample,sparse_crlf-65536,458,338891,522255,8,4edca701f475cd006d9a6a13adfe1df33a941fb0d75dc7f208f20d3c5d1d80f5,03a7e983b36035b5a12262b7862ec3ecec67ca006b9e7b01527dc87f05dd7d6e
sample,sparse_crlf-65536,459,344882,522255,8,4edca701f475cd006d9a6a13adfe1df33a941fb0d75dc7f208f20d3c5d1d80f5,03a7e983b36035b5a12262b7862ec3ecec67ca006b9e7b01527dc87f05dd7d6e
sample,sparse_crlf-65536,460,372531,522255,8,4edca701f475cd006d9a6a13adfe1df33a941fb0d75dc7f208f20d3c5d1d80f5,03a7e983b36035b5a12262b7862ec3ecec67ca006b9e7b01527dc87f05dd7d6e
sample,sparse_crlf-65536,461,348731,522255,8,4edca701f475cd006d9a6a13adfe1df33a941fb0d75dc7f208f20d3c5d1d80f5,03a7e983b36035b5a12262b7862ec3ecec67ca006b9e7b01527dc87f05dd7d6e
sample,sparse_crlf-65536,462,338422,522255,8,4edca701f475cd006d9a6a13adfe1df33a941fb0d75dc7f208f20d3c5d1d80f5,03a7e983b36035b5a12262b7862ec3ecec67ca006b9e7b01527dc87f05dd7d6e
sample,sparse_crlf-65536,463,315091,522255,8,4edca701f475cd006d9a6a13adfe1df33a941fb0d75dc7f208f20d3c5d1d80f5,03a7e983b36035b5a12262b7862ec3ecec67ca006b9e7b01527dc87f05dd7d6e
sample,sparse_crlf-65536,464,296281,522255,8,4edca701f475cd006d9a6a13adfe1df33a941fb0d75dc7f208f20d3c5d1d80f5,03a7e983b36035b5a12262b7862ec3ecec67ca006b9e7b01527dc87f05dd7d6e
sample,sparse_crlf-65536,465,379681,522255,8,4edca701f475cd006d9a6a13adfe1df33a941fb0d75dc7f208f20d3c5d1d80f5,03a7e983b36035b5a12262b7862ec3ecec67ca006b9e7b01527dc87f05dd7d6e
sample,sparse_crlf-65536,466,376122,522255,8,4edca701f475cd006d9a6a13adfe1df33a941fb0d75dc7f208f20d3c5d1d80f5,03a7e983b36035b5a12262b7862ec3ecec67ca006b9e7b01527dc87f05dd7d6e
sample,sparse_crlf-65536,467,320371,522255,8,4edca701f475cd006d9a6a13adfe1df33a941fb0d75dc7f208f20d3c5d1d80f5,03a7e983b36035b5a12262b7862ec3ecec67ca006b9e7b01527dc87f05dd7d6e
sample,sparse_crlf-65536,468,324891,522255,8,4edca701f475cd006d9a6a13adfe1df33a941fb0d75dc7f208f20d3c5d1d80f5,03a7e983b36035b5a12262b7862ec3ecec67ca006b9e7b01527dc87f05dd7d6e
sample,sparse_crlf-65536,469,372351,522255,8,4edca701f475cd006d9a6a13adfe1df33a941fb0d75dc7f208f20d3c5d1d80f5,03a7e983b36035b5a12262b7862ec3ecec67ca006b9e7b01527dc87f05dd7d6e
sample,sparse_crlf-65536,470,372332,522255,8,4edca701f475cd006d9a6a13adfe1df33a941fb0d75dc7f208f20d3c5d1d80f5,03a7e983b36035b5a12262b7862ec3ecec67ca006b9e7b01527dc87f05dd7d6e
sample,sparse_crlf-65536,471,307691,522255,8,4edca701f475cd006d9a6a13adfe1df33a941fb0d75dc7f208f20d3c5d1d80f5,03a7e983b36035b5a12262b7862ec3ecec67ca006b9e7b01527dc87f05dd7d6e
sample,sparse_crlf-65536,472,348951,522255,8,4edca701f475cd006d9a6a13adfe1df33a941fb0d75dc7f208f20d3c5d1d80f5,03a7e983b36035b5a12262b7862ec3ecec67ca006b9e7b01527dc87f05dd7d6e
sample,sparse_crlf-65536,473,296511,522255,8,4edca701f475cd006d9a6a13adfe1df33a941fb0d75dc7f208f20d3c5d1d80f5,03a7e983b36035b5a12262b7862ec3ecec67ca006b9e7b01527dc87f05dd7d6e
sample,sparse_crlf-65536,474,319941,522255,8,4edca701f475cd006d9a6a13adfe1df33a941fb0d75dc7f208f20d3c5d1d80f5,03a7e983b36035b5a12262b7862ec3ecec67ca006b9e7b01527dc87f05dd7d6e
sample,sparse_crlf-65536,475,296351,522255,8,4edca701f475cd006d9a6a13adfe1df33a941fb0d75dc7f208f20d3c5d1d80f5,03a7e983b36035b5a12262b7862ec3ecec67ca006b9e7b01527dc87f05dd7d6e
sample,sparse_crlf-65536,476,297011,522255,8,4edca701f475cd006d9a6a13adfe1df33a941fb0d75dc7f208f20d3c5d1d80f5,03a7e983b36035b5a12262b7862ec3ecec67ca006b9e7b01527dc87f05dd7d6e
sample,sparse_crlf-65536,477,303701,522255,8,4edca701f475cd006d9a6a13adfe1df33a941fb0d75dc7f208f20d3c5d1d80f5,03a7e983b36035b5a12262b7862ec3ecec67ca006b9e7b01527dc87f05dd7d6e
sample,sparse_crlf-65536,478,296231,522255,8,4edca701f475cd006d9a6a13adfe1df33a941fb0d75dc7f208f20d3c5d1d80f5,03a7e983b36035b5a12262b7862ec3ecec67ca006b9e7b01527dc87f05dd7d6e
sample,sparse_crlf-65536,479,299151,522255,8,4edca701f475cd006d9a6a13adfe1df33a941fb0d75dc7f208f20d3c5d1d80f5,03a7e983b36035b5a12262b7862ec3ecec67ca006b9e7b01527dc87f05dd7d6e
sample,sparse_crlf-65536,480,340491,522255,8,4edca701f475cd006d9a6a13adfe1df33a941fb0d75dc7f208f20d3c5d1d80f5,03a7e983b36035b5a12262b7862ec3ecec67ca006b9e7b01527dc87f05dd7d6e
sample,sparse_crlf-65536,481,372772,522255,8,4edca701f475cd006d9a6a13adfe1df33a941fb0d75dc7f208f20d3c5d1d80f5,03a7e983b36035b5a12262b7862ec3ecec67ca006b9e7b01527dc87f05dd7d6e
sample,sparse_crlf-65536,482,372781,522255,8,4edca701f475cd006d9a6a13adfe1df33a941fb0d75dc7f208f20d3c5d1d80f5,03a7e983b36035b5a12262b7862ec3ecec67ca006b9e7b01527dc87f05dd7d6e
sample,sparse_crlf-65536,483,331911,522255,8,4edca701f475cd006d9a6a13adfe1df33a941fb0d75dc7f208f20d3c5d1d80f5,03a7e983b36035b5a12262b7862ec3ecec67ca006b9e7b01527dc87f05dd7d6e
sample,sparse_crlf-65536,484,372242,522255,8,4edca701f475cd006d9a6a13adfe1df33a941fb0d75dc7f208f20d3c5d1d80f5,03a7e983b36035b5a12262b7862ec3ecec67ca006b9e7b01527dc87f05dd7d6e
sample,sparse_crlf-65536,485,372751,522255,8,4edca701f475cd006d9a6a13adfe1df33a941fb0d75dc7f208f20d3c5d1d80f5,03a7e983b36035b5a12262b7862ec3ecec67ca006b9e7b01527dc87f05dd7d6e
sample,sparse_crlf-65536,486,314841,522255,8,4edca701f475cd006d9a6a13adfe1df33a941fb0d75dc7f208f20d3c5d1d80f5,03a7e983b36035b5a12262b7862ec3ecec67ca006b9e7b01527dc87f05dd7d6e
sample,sparse_crlf-65536,487,371922,522255,8,4edca701f475cd006d9a6a13adfe1df33a941fb0d75dc7f208f20d3c5d1d80f5,03a7e983b36035b5a12262b7862ec3ecec67ca006b9e7b01527dc87f05dd7d6e
sample,sparse_crlf-65536,488,319931,522255,8,4edca701f475cd006d9a6a13adfe1df33a941fb0d75dc7f208f20d3c5d1d80f5,03a7e983b36035b5a12262b7862ec3ecec67ca006b9e7b01527dc87f05dd7d6e
sample,sparse_crlf-65536,489,311011,522255,8,4edca701f475cd006d9a6a13adfe1df33a941fb0d75dc7f208f20d3c5d1d80f5,03a7e983b36035b5a12262b7862ec3ecec67ca006b9e7b01527dc87f05dd7d6e
sample,sparse_crlf-65536,490,375872,522255,8,4edca701f475cd006d9a6a13adfe1df33a941fb0d75dc7f208f20d3c5d1d80f5,03a7e983b36035b5a12262b7862ec3ecec67ca006b9e7b01527dc87f05dd7d6e
sample,sparse_crlf-65536,491,296381,522255,8,4edca701f475cd006d9a6a13adfe1df33a941fb0d75dc7f208f20d3c5d1d80f5,03a7e983b36035b5a12262b7862ec3ecec67ca006b9e7b01527dc87f05dd7d6e
sample,sparse_crlf-65536,492,361441,522255,8,4edca701f475cd006d9a6a13adfe1df33a941fb0d75dc7f208f20d3c5d1d80f5,03a7e983b36035b5a12262b7862ec3ecec67ca006b9e7b01527dc87f05dd7d6e
sample,sparse_crlf-65536,493,296021,522255,8,4edca701f475cd006d9a6a13adfe1df33a941fb0d75dc7f208f20d3c5d1d80f5,03a7e983b36035b5a12262b7862ec3ecec67ca006b9e7b01527dc87f05dd7d6e
sample,sparse_crlf-65536,494,296311,522255,8,4edca701f475cd006d9a6a13adfe1df33a941fb0d75dc7f208f20d3c5d1d80f5,03a7e983b36035b5a12262b7862ec3ecec67ca006b9e7b01527dc87f05dd7d6e
sample,sparse_crlf-65536,495,302581,522255,8,4edca701f475cd006d9a6a13adfe1df33a941fb0d75dc7f208f20d3c5d1d80f5,03a7e983b36035b5a12262b7862ec3ecec67ca006b9e7b01527dc87f05dd7d6e
sample,sparse_crlf-65536,496,301371,522255,8,4edca701f475cd006d9a6a13adfe1df33a941fb0d75dc7f208f20d3c5d1d80f5,03a7e983b36035b5a12262b7862ec3ecec67ca006b9e7b01527dc87f05dd7d6e
sample,sparse_crlf-65536,497,296511,522255,8,4edca701f475cd006d9a6a13adfe1df33a941fb0d75dc7f208f20d3c5d1d80f5,03a7e983b36035b5a12262b7862ec3ecec67ca006b9e7b01527dc87f05dd7d6e
sample,sparse_crlf-65536,498,326302,522255,8,4edca701f475cd006d9a6a13adfe1df33a941fb0d75dc7f208f20d3c5d1d80f5,03a7e983b36035b5a12262b7862ec3ecec67ca006b9e7b01527dc87f05dd7d6e
sample,sparse_crlf-65536,499,358081,522255,8,4edca701f475cd006d9a6a13adfe1df33a941fb0d75dc7f208f20d3c5d1d80f5,03a7e983b36035b5a12262b7862ec3ecec67ca006b9e7b01527dc87f05dd7d6e
