# To display the perf.data header info, please use --header/--header-only options.
#
#
# Total Lost Samples: 0
#
# Samples: 3K of event 'cpu/cycles/P'
# Event count (approx.): 14241716370
#
# Children      Self  Command    Shared Object         Symbol                                                                                                                                                                                                                                                                                                                                                                                       
# ........  ........  .........  ....................  .............................................................................................................................................................................................................................................................................................................................................................................................
#
    13.34%    13.34%  candidate  candidate             [.] litchi_ooxml_common::mce::codec::start
            |          
            |--0.19%--0x5
            |          |          
            |          |--0.16%--0x5efa299f169f
            |          |          |          
            |          |          |--0.12%--0x5efa299f169f
            |          |          |          0x5efa299f169f
            |          |          |          0x5efa299f169f
            |          |          |          |          
            |          |          |          |--0.09%--0x5efa299f169f
            |          |          |          |          0x5efa299f169f
            |          |          |          |          0x5efa299f169f
            |          |          |          |          
            |          |          |           --0.03%--0x5efa299f16b6
            |          |          |                     0x5efa299f16b6
            |          |          |          
            |          |           --0.03%--0x5efa299f161a
            |          |                     0x5efa299f161a
            |          |                     0x5efa299f161a
            |          |          
            |           --0.03%--0x5efa299ee42a
            |                     0x5efa299f2237
            |                     0x5efa299f2237
            |                     0x5efa299f2237
            |          
            |--0.06%--0x3
            |          0x5efa299ee42a
            |          0x5efa299f4175
            |          |          
            |          |--0.03%--0x5efa299f2b78
            |          |          0x5efa299f2b78
            |          |          
            |           --0.03%--0x5efa299f4175
            |          
            |--0.03%--0x5efa299ee583
            |          0x5efa299f3ce4
            |          0x5efa299f3ce4
            |          
             --0.03%--0x7
                       0x5efa299ee42a
                       0x5efa299f4175
                       0x5efa299f4175

    10.95%    10.92%  candidate  libc.so.6             [.] __memcmp_evex_movbe
            |          
            |--10.58%--__memcmp_evex_movbe
            |          |          
            |           --0.03%--0xffffffff9e800ef0
            |          
            |--0.12%--0x23
            |          process_markup_compatibility (inlined)
            |          any<core::slice::iter::Windows<u8>, litchi_ooxml_common::mce::codec::process_markup_compatibility::{closure_env#0}> (inlined)
            |          try_fold<core::slice::iter::Windows<u8>, (), core::iter::traits::iterator::Iterator::any::check::{closure_env#0}<&[u8], litchi_ooxml_common::mce::codec::process_markup_compatibility::{closure_env#0}>, core::ops::control_flow::ControlFlow<(), ()>> (inlined)
            |          {closure#0}<&[u8], litchi_ooxml_common::mce::codec::process_markup_compatibility::{closure_env#0}> (inlined)
            |          {closure#0} (inlined)
            |          eq<[u8], [u8]> (inlined)
            |          eq<u8, u8> (inlined)
            |          equal_same_length<u8, u8> (inlined)
            |          __memcmp_evex_movbe
            |          
            |--0.09%--next_match (inlined)
            |          eq<[u8], [u8]> (inlined)
            |          eq<u8, u8> (inlined)
            |          equal_same_length<u8, u8> (inlined)
            |          __memcmp_evex_movbe
            |          
            |--0.09%--emit_end (inlined)
            |          ne<[u8], [u8]> (inlined)
            |          ne<[u8], [u8]> (inlined)
            |          eq<u8, u8> (inlined)
            |          equal_same_length<u8, u8> (inlined)
            |          __memcmp_evex_movbe
            |          
             --0.06%--expand_parts (inlined)
                       get (inlined)
                       find<core::slice::iter::Iter<(alloc::string::String, alloc::string::String)>, litchi_ooxml_common::mce::codec::{impl#0}::get::{closure_env#0}> (inlined)
                       rfind<core::slice::iter::Iter<(alloc::string::String, alloc::string::String)>, litchi_ooxml_common::mce::codec::{impl#0}::get::{closure_env#0}> (inlined)
                       try_rfold<core::slice::iter::Iter<(alloc::string::String, alloc::string::String)>, (), core::iter::traits::double_ended::DoubleEndedIterator::rfind::check::{closure_env#0}<&(alloc::string::String, alloc::string::String), litchi_ooxml_common::mce::codec::{impl#0}::get::{closure_env#0}>, core::ops::control_flow::ControlFlow<&(alloc::string::String, alloc::string::String), ()>> (inlined)
                       {closure#0}<&(alloc::string::String, alloc::string::String), litchi_ooxml_common::mce::codec::{impl#0}::get::{closure_env#0}> (inlined)
                       {closure#0} (inlined)
                       eq<alloc::string::String, str> (inlined)
                       eq (inlined)
                       eq (inlined)
                       eq<[u8], [u8]> (inlined)
                       eq<u8, u8> (inlined)
                       equal_same_length<u8, u8> (inlined)
                       __memcmp_evex_movbe

     4.62%     4.59%  candidate  libc.so.6             [.] __memmove_avx512_unaligned_erms
            |          
            |--4.31%--__memmove_avx512_unaligned_erms
            |          |          
            |           --0.03%--0xffffffff9e800f0b
            |                     0xffffffff9ff1d899
            |                     0xffffffff9ec514ae
            |                     0xffffffff9ec510b0
            |                     0xffffffff9ec50d21
            |                     0xffffffff9ed742cb
            |                     0xffffffff9ed95e55
            |                     0xffffffff9ed95c85
            |                     0xffffffff9ed95a04
            |                     0xffffffff9ed75312
            |                     0xffffffff9ed73e0e
            |                     0xffffffff9ed730f0
            |                     0xffffffffc04a7642
            |                     0xffffffffc04b4c93
            |                     0xffffffffc04b4b4b
            |                     0xffffffffc04b4636
            |                     0xffffffff9fcbb877
            |                     0xffffffff9ff08ded
            |          
            |--0.19%--__libc_realloc (inlined)
            |          _int_realloc
            |          memcpy (inlined)
            |          __memmove_avx512_unaligned_erms
            |          
            |--0.06%--emit_start (inlined)
            |          extend<u8, alloc::alloc::Global, &[u8]> (inlined)
            |          spec_extend<u8, alloc::alloc::Global> (inlined)
            |          append_elements<u8, alloc::alloc::Global> (inlined)
            |          copy_nonoverlapping<u8> (inlined)
            |          __memmove_avx512_unaligned_erms
            |          
            |--0.03%--0x7
            |          read_with<&[u8], quick_xml::parser::element::ElementParser> (inlined)
            |          extend_from_slice<u8, alloc::alloc::Global> (inlined)
            |          spec_extend<u8, alloc::alloc::Global> (inlined)
            |          append_elements<u8, alloc::alloc::Global> (inlined)
            |          copy_nonoverlapping<u8> (inlined)
            |          __memmove_avx512_unaligned_erms
            |          
             --0.03%--0x11f
                       extend_from_slice (inlined)
                       extend_from_slice<u8, alloc::alloc::Global> (inlined)
                       spec_extend<u8, alloc::alloc::Global> (inlined)
                       append_elements<u8, alloc::alloc::Global> (inlined)
                       copy_nonoverlapping<u8> (inlined)
                       __memmove_avx512_unaligned_erms

     4.59%     4.59%  candidate  candidate             [.] quick_xml::reader::ns_reader::NsReader<R>::process_event
            |          
            |--0.06%--0x800000000000000e
            |          process_event<&[u8]> (inlined)
            |          
             --0.03%--0x2b2
                       process_event<&[u8]> (inlined)

     3.97%     3.97%  candidate  candidate             [.] litchi_pptx::notes::codec::scan_processed_xml
     3.91%     3.91%  candidate  candidate             [.] quick_xml::events::attributes::IterState::next
            |          
             --0.03%--next (inlined)

     3.01%     3.01%  candidate  candidate             [.] quick_xml::events::attributes::Attribute::decoded_and_normalized_value_with
            |          
             --0.06%--decoded_and_normalized_value_with<fn(&str) -> core::option::Option<&str>> (inlined)

     2.85%     2.85%  candidate  candidate             [.] litchi_ooxml_common::mce::codec::close
            |          
             --0.03%--0x7
                       0x5efa299f0a0e
                       0x5efa299f0a0e
                       0x5efa299f0a0e
                       0x5efa299f0a0e
                       0x5efa299f0a0e
                       0x5efa299f0a0e

     2.64%     2.64%  candidate  candidate             [.] <core::hash::sip::Hasher<S> as core::hash::Hasher>::write
            |          
            |--0.03%--0x15
            |          0xe
            |          write<core::hash::sip::Sip13Rounds> (inlined)
            |          c_rounds (inlined)
            |          rotate_left (inlined)
            |          rotate_left<u64> (inlined)
            |          
             --0.03%--write<core::hash::sip::Sip13Rounds> (inlined)

     2.58%     2.58%  candidate  candidate             [.] core::ptr::drop_in_place<litchi_ooxml_common::mce::codec::Ctx>
     2.51%     2.51%  candidate  candidate             [.] litchi_pptx::notes::codec::inspect_element
            |          
             --0.03%--0x6
                       0x717ecc2bc868
                       0x5efa299db5a7
                       0x5efa299db5a7

     2.27%     0.00%  candidate  libc.so.6             [.] __libc_malloc (inlined)
            |
            ---__libc_malloc (inlined)
               |          
               |--1.12%--tcache_get (inlined)
               |          tcache_get_n (inlined)
               |          
                --0.03%--0xffffffff9e800ef0

     2.23%     2.23%  candidate  libc.so.6             [.] malloc
            |
            ---__libc_malloc (inlined)
               |          
                --1.12%--tcache_get (inlined)
                          tcache_get_n (inlined)

     1.86%     1.86%  candidate  candidate             [.] quick_xml::reader::buffered_reader::<impl quick_xml::reader::XmlSource<&mut alloc::vec::Vec<u8>> for R>::read_with
            |          
             --0.03%--0x4
                       read_with<&[u8], quick_xml::parser::element::ElementParser> (inlined)
                       feed (inlined)

     1.77%     1.77%  candidate  candidate             [.] quick_xml::events::attributes::IterState::check_for_duplicates
     1.71%     1.71%  candidate  candidate             [.] litchi_ooxml_common::xml_name::validation::is_ncname
            |          
             --0.03%--0x5
                       0x5efa299f84bf
                       0x5efa299f84bf
                       0x5efa299f84bf
                       0x5efa299f84bf
                       0x5efa299f84bf

     1.52%     1.52%  candidate  candidate             [.] litchi_ooxml_common::mce::codec::process_markup_compatibility
     1.49%     1.49%  candidate  candidate             [.] quick_xml::reader::state::ReaderState::emit_start
            |          
             --0.03%--emit_start (inlined)
                       strip_suffix<u8, [u8; 2]> (inlined)

     1.49%     1.49%  candidate  candidate             [.] core::hash::BuildHasher::hash_one
     1.46%     1.46%  candidate  candidate             [.] litchi_ooxml_common::mce::codec::write_start
            |          
             --0.03%--0x5f
                       0x5efa299ec43b

     1.27%     1.27%  candidate  candidate             [.] core::str::converts::from_utf8
     1.24%     0.99%  candidate  libc.so.6             [.] _int_malloc
            |          
            |--0.68%--__libc_malloc2
            |          _int_malloc
            |          
            |--0.31%--__libc_realloc (inlined)
            |          _int_realloc
            |          _int_malloc
            |          |          
            |           --0.06%--tcache_put (inlined)
            |                     tcache_put_n (inlined)
            |          
             --0.25%--_int_malloc
                       unlink_chunk (inlined)

     1.24%     1.24%  candidate  candidate             [.] memchr::arch::x86_64::memchr::memchr3_raw::find_avx2
            |          
             --0.03%--0x3e3e3e3e3e3e3e3d
                       find_raw (inlined)
                       find_avx2 (inlined)
                       new_unchecked (inlined)

     1.21%     0.00%  candidate  libc.so.6             [.] __libc_realloc (inlined)
            |
            ---__libc_realloc (inlined)
               |          
               |--1.02%--_int_realloc
               |          |          
               |          |--0.34%--_int_free_chunk
               |          |          |          
               |          |          |--0.31%--_int_free_merge_chunk
               |          |          |          |          
               |          |          |          |--0.19%--_int_free_create_chunk (inlined)
               |          |          |          |          
               |          |          |           --0.03%--unlink_chunk (inlined)
               |          |          |          
               |          |           --0.03%--_int_free_maybe_trim
               |          |          
               |          |--0.31%--_int_malloc
               |          |          |          
               |          |           --0.06%--tcache_put (inlined)
               |          |                     tcache_put_n (inlined)
               |          |          
               |           --0.22%--memcpy (inlined)
               |                     |          
               |                      --0.19%--__memmove_avx512_unaligned_erms
               |          
                --0.12%--musable (inlined)

     1.15%     1.15%  candidate  candidate             [.] <core::hash::sip::Hasher<S> as core::hash::Hasher>::write
     1.12%     0.00%  candidate  libc.so.6             [.] tcache_get (inlined)
            |
            ---tcache_get (inlined)
               tcache_get_n (inlined)

     1.12%     0.00%  candidate  libc.so.6             [.] tcache_get_n (inlined)
            |
            ---tcache_get_n (inlined)

     1.12%     1.12%  candidate  candidate             [.] alloc::raw_vec::RawVecInner<A>::finish_grow
            |          
             --0.03%--check_for_duplicates (inlined)
                       push<core::ops::range::Range<usize>, alloc::alloc::Global> (inlined)
                       push_mut<core::ops::range::Range<usize>, alloc::alloc::Global> (inlined)
                       finish_grow<alloc::alloc::Global> (inlined)

     1.09%     0.22%  candidate  libc.so.6             [.] __libc_malloc2
            |
            ---__libc_malloc2
               |          
                --0.87%--_int_malloc
                          |          
                           --0.19%--unlink_chunk (inlined)

     1.05%     0.19%  candidate  libc.so.6             [.] _int_realloc
            |          
            |--0.87%--_int_realloc
            |          |          
            |          |--0.34%--_int_free_chunk
            |          |          |          
            |          |          |--0.31%--_int_free_merge_chunk
            |          |          |          |          
            |          |          |          |--0.19%--_int_free_create_chunk (inlined)
            |          |          |          |          
            |          |          |           --0.03%--unlink_chunk (inlined)
            |          |          |          
            |          |           --0.03%--_int_free_maybe_trim
            |          |          
            |          |--0.31%--_int_malloc
            |          |          |          
            |          |           --0.06%--tcache_put (inlined)
            |          |                     tcache_put_n (inlined)
            |          |          
            |          |--0.19%--memcpy (inlined)
            |          |          __memmove_avx512_unaligned_erms
            |          |          
            |           --0.03%--inspect_element (inlined)
            |                     branch<alloc::string::String, litchi_pptx::error::Error> (inlined)
            |          
             --0.19%--__libc_realloc (inlined)
                       _int_realloc
                       |          
                        --0.03%--memcpy (inlined)

     0.99%     0.99%  candidate  candidate             [.] memchr::arch::x86_64::avx2::memchr::Two::find_raw_avx2
     0.96%     0.96%  candidate  candidate             [.] memchr::arch::x86_64::avx2::memchr::Three::find_raw_avx2
            |          
             --0.03%--0x717ecc22273d
                       0x5efa29aa97bf
                       find_raw_avx2 (inlined)

     0.93%     0.93%  candidate  candidate             [.] litchi_ooxml_common::mce::codec::BoundedOutput::push
            |          
             --0.03%--0x7
                       0x5efa299ed657

     0.93%     0.93%  candidate  candidate             [.] quick_xml::reader::buffered_reader::<impl quick_xml::reader::XmlSource<&mut alloc::vec::Vec<u8>> for R>::read_with
     0.90%     0.03%  candidate  libc.so.6             [.] _int_free_chunk
            |
            ---_int_free_chunk
               |          
               |--0.68%--_int_free_merge_chunk
               |          |          
               |          |--0.43%--_int_free_create_chunk (inlined)
               |          |          
               |           --0.03%--unlink_chunk (inlined)
               |          
               |--0.16%--_int_free_maybe_trim
               |          
                --0.03%--__munmap
                          0xffffffff9e80012b
                          0xffffffff9ff15b65
                          0xffffffff9eb4aea3
                          0xffffffff9f005a8b
                          0xffffffff9f02bb31
                          0xffffffff9f029b01
                          0xffffffff9f029995
                          0xffffffff9f0285c7
                          0xffffffff9f027f24
                          0xffffffff9eff7f3c
                          0xffffffff9eff7e16
                          0xffffffff9eff7bde
                          0xffffffff9eff740e
                          0xffffffff9eff6d75
                          0xffffffff9eff6511

     0.87%     0.87%  candidate  candidate             [.] <quick_xml::events::attributes::Attributes as core::iter::traits::iterator::Iterator>::next
            |          
            |--0.06%--0x8000000000000002
            |          next (inlined)
            |          
             --0.03%--next (inlined)
                       map<core::ops::range::Range<usize>, &[u8], quick_xml::events::attributes::{impl#8}::next::{closure_env#0}> (inlined)

     0.84%     0.84%  candidate  candidate             [.] litchi_ooxml_common::mce::codec::BoundedOutput::extend_from_slice
     0.81%     0.81%  candidate  candidate             [.] quick_xml::reader::Reader<R>::read_event_impl
            |          
            |--0.03%--read_event_impl<&[u8], &mut alloc::vec::Vec<u8, alloc::alloc::Global>> (inlined)
            |          read_until_close<&[u8], &mut alloc::vec::Vec<u8, alloc::alloc::Global>> (inlined)
            |          
             --0.03%--0x800000000000000e
                       read_event_impl<&[u8], &mut alloc::vec::Vec<u8, alloc::alloc::Global>> (inlined)

     0.78%     0.00%  candidate  libc.so.6             [.] __libc_free (inlined)
            |
            ---__libc_free (inlined)
               |          
                --0.25%--tcache_put (inlined)
                          tcache_put_n (inlined)
                          |          
                           --0.03%--0xffffffff9e800f0b
                                     0xffffffff9ff1d894
                                     0xffffffff9ebf0f48
                                     0xffffffff9ed777d4
                                     0xffffffff9ed7690c
                                     0xffffffff9ed903d6
                                     0xffffffff9ed75571
                                     0xffffffff9ed4770a
                                     0xffffffff9ed42d78

     0.74%     0.74%  candidate  libc.so.6             [.] cfree@GLIBC_2.2.5
            |
            ---__libc_free (inlined)
               |          
                --0.22%--tcache_put (inlined)
                          tcache_put_n (inlined)

     0.74%     0.74%  candidate  candidate             [.] litchi_ooxml_common::mce::codec::expand_parts
            |          
             --0.03%--0x7fffffffffffffff
                       0x5efa299ed37e
                       0x5efa299ed37e
                       0x5efa299ed37e
                       0x5efa299ed37e
                       0x5efa299ed37e
                       0x5efa299ed37e
                       0x5efa299ed37e
                       0x5efa299ed37e
                       0x5efa299ed37e
                       0x5efa299ed37e
                       0x5efa299ed37e
                       0x5efa299ed37e
                       0x5efa299ed37e

     0.68%     0.65%  candidate  libc.so.6             [.] _int_free_merge_chunk
            |          
            |--0.37%--_int_free_chunk
            |          _int_free_merge_chunk
            |          |          
            |           --0.25%--_int_free_create_chunk (inlined)
            |          
            |--0.28%--__libc_realloc (inlined)
            |          _int_realloc
            |          _int_free_chunk
            |          _int_free_merge_chunk
            |          |          
            |           --0.19%--_int_free_create_chunk (inlined)
            |          
             --0.03%--_int_free_merge_chunk
                       unlink_chunk (inlined)

     0.65%     0.65%  candidate  candidate             [.] core::hash::BuildHasher::hash_one
            |          
             --0.06%--0x493fc93fb7bac5fa
                       0x17
                       hash_one<std::hash::random::RandomState, &alloc::string::String> (inlined)
                       finish (inlined)
                       finish (inlined)
                       finish<core::hash::sip::Sip13Rounds> (inlined)
                       d_rounds (inlined)
                       |          
                        --0.03%--wrapping_add (inlined)

     0.62%     0.62%  candidate  candidate             [.] <core::str::pattern::CharSearcher as core::str::pattern::Searcher>::next_match
     0.59%     0.59%  candidate  candidate             [.] quick_xml::reader::state::ReaderState::emit_end
            |          
             --0.03%--emit_end (inlined)

     0.56%     0.56%  candidate  candidate             [.] memchr::arch::x86_64::avx2::memchr::Three::find_raw
     0.56%     0.56%  candidate  candidate             [.] <core::str::pattern::CharSearcher as core::str::pattern::Searcher>::next_match
     0.50%     0.50%  candidate  candidate             [.] hashbrown::map::HashMap<K,V,S,A>::insert
     0.47%     0.47%  candidate  candidate             [.] litchi_ooxml_common::xml_name::validation::is_qualified_name
     0.47%     0.47%  candidate  candidate             [.] litchi_ooxml_common::xml_name::validation::is_name_character
     0.47%     0.47%  candidate  candidate             [.] std::thread::local::LocalKey<T>::with
     0.47%     0.47%  candidate  candidate             [.] litchi_pptx::notes::resolved
            |          
            |--0.03%--0x5
            |          0x5efa299ca404
            |          
             --0.03%--0x5efa299ca407

     0.43%     0.00%  candidate  libc.so.6             [.] _int_free_create_chunk (inlined)
            |
            ---_int_free_create_chunk (inlined)

     0.37%     0.00%  candidate  [unknown]             [.] 0x0000000000000007
            |
            ---0x7
               |          
               |--0.25%--compress (inlined)
               |          |          
               |          |--0.09%--schedule (inlined)
               |          |          |          
               |          |          |--0.03%--_mm_add_epi32 (inlined)
               |          |          |          
               |          |          |--0.03%--_mm_sha256msg1_epu32 (inlined)
               |          |          |          
               |          |           --0.03%--_mm_alignr_epi8<4> (inlined)
               |          |          
               |          |--0.09%--_mm_add_epi32 (inlined)
               |          |          
               |           --0.06%--_mm_sha256rnds2_epu32 (inlined)
               |          
               |--0.03%--process_markup_compatibility (inlined)
               |          start (inlined)
               |          after (inlined)
               |          
               |--0.03%--close (inlined)
               |          drop_in_place<litchi_ooxml_common::mce::codec::Ctx> (inlined)
               |          drop_in_place<litchi_ooxml_common::mce::codec::Namespaces> (inlined)
               |          drop_in_place<core::option::Option<alloc::sync::Arc<litchi_ooxml_common::mce::codec::NamespaceLayer, alloc::alloc::Global>>> (inlined)
               |          drop_in_place<alloc::sync::Arc<litchi_ooxml_common::mce::codec::NamespaceLayer, alloc::alloc::Global>> (inlined)
               |          drop<litchi_ooxml_common::mce::codec::NamespaceLayer, alloc::alloc::Global> (inlined)
               |          
               |--0.03%--push (inlined)
               |          
                --0.03%--read_with<&[u8], quick_xml::parser::element::ElementParser> (inlined)
                          extend_from_slice<u8, alloc::alloc::Global> (inlined)
                          spec_extend<u8, alloc::alloc::Global> (inlined)
                          append_elements<u8, alloc::alloc::Global> (inlined)
                          copy_nonoverlapping<u8> (inlined)
                          __memmove_avx512_unaligned_erms

     0.37%     0.37%  candidate  candidate             [.] litchi_pptx::parts::presentation::PresentationPart::slide_references
     0.37%     0.37%  candidate  candidate             [.] quick_xml::name::NamespaceResolver::resolve_prefix
            |          
             --0.03%--resolve_prefix (inlined)

     0.37%     0.37%  candidate  candidate             [.] hashbrown::raw::RawTable<T,A>::reserve_rehash
     0.37%     0.37%  candidate  candidate             [.] quick_xml::name::NamespaceResolver::resolve_event
            |          
             --0.03%--resolve_event (inlined)

     0.37%     0.37%  candidate  candidate             [.] alloc::raw_vec::RawVecInner<A>::try_allocate_in
            |          
             --0.03%--try_allocate_in<alloc::alloc::Global> (inlined)

     0.37%     0.37%  candidate  candidate             [.] quick_xml::escape::normalize_attribute_value
     0.34%     0.34%  candidate  candidate             [.] __rustc::__rdl_alloc
            |          
             --0.03%--0x636c636f2e6c7274
                       __rdl_alloc (inlined)

     0.34%     0.34%  candidate  candidate             [.] core::ops::function::FnOnce::call_once
     0.34%     0.34%  candidate  candidate             [.] quick_xml::reader::Reader<R>::read_event_impl
            |          
            |--0.03%--0x3
            |          0x5
            |          read_event_impl<&[u8], &mut alloc::vec::Vec<u8, alloc::alloc::Global>> (inlined)
            |          read_until_close<&[u8], &mut alloc::vec::Vec<u8, alloc::alloc::Global>> (inlined)
            |          
             --0.03%--0x493fc93fb7bac5fa
                       read_event_impl<&[u8], &mut alloc::vec::Vec<u8, alloc::alloc::Global>> (inlined)
                       remove_utf8_bom<&[u8]> (inlined)

     0.31%     0.31%  candidate  candidate             [.] quick_xml::name::NamespaceResolver::push
     0.31%     0.31%  candidate  candidate             [.] litchi_ooxml_common::mce::codec::esc
     0.31%     0.31%  candidate  candidate             [.] memchr::arch::x86_64::memchr::memchr2_raw::find_avx2
     0.31%     0.00%  candidate  candidate             [.] start (inlined)
            |
            ---start (inlined)
               |          
               |--0.12%--map_or_else<&litchi_ooxml_common::mce::codec::Frame, litchi_ooxml_common::mce::codec::Ctx, fn() -> litchi_ooxml_common::mce::codec::Ctx, litchi_ooxml_common::mce::codec::start::{closure_env#0}> (inlined)
               |          {closure#0} (inlined)
               |          clone (inlined)
               |          |          
               |          |--0.09%--clone (inlined)
               |          |          clone<alloc::sync::Arc<litchi_ooxml_common::mce::codec::NamespaceLayer, alloc::alloc::Global>> (inlined)
               |          |          clone<litchi_ooxml_common::mce::codec::NamespaceLayer, alloc::alloc::Global> (inlined)
               |          |          
               |           --0.03%--clone<alloc::sync::Arc<litchi_ooxml_common::mce::codec::DirectiveLayer, alloc::alloc::Global>> (inlined)
               |                     clone<litchi_ooxml_common::mce::codec::DirectiveLayer, alloc::alloc::Global> (inlined)
               |          
               |--0.06%--after (inlined)
               |          
               |--0.03%--new<litchi_ooxml_common::mce::codec::NamePattern> (inlined)
               |          default<litchi_ooxml_common::mce::codec::NamePattern, std::hash::random::RandomState> (inlined)
               |          
               |--0.03%--new<alloc::string::String> (inlined)
               |          default<alloc::string::String, std::hash::random::RandomState> (inlined)
               |          
               |--0.03%--is_ignorable (inlined)
               |          
                --0.03%--drop_in_place<quick_xml::events::attributes::Attributes> (inlined)
                          drop_in_place<quick_xml::events::attributes::IterState> (inlined)
                          drop_in_place<core::option::Option<std::collections::hash::set::HashSet<u64, core::hash::BuildHasherDefault<quick_xml::events::attributes::IdentityHasher>, alloc::alloc::Global>>> (inlined)

     0.28%     0.00%  candidate  [unknown]             [.] 0x0000000000000005
            |
            ---0x5
               |          
               |--0.16%--start (inlined)
               |          |          
               |          |--0.12%--map_or_else<&litchi_ooxml_common::mce::codec::Frame, litchi_ooxml_common::mce::codec::Ctx, fn() -> litchi_ooxml_common::mce::codec::Ctx, litchi_ooxml_common::mce::codec::start::{closure_env#0}> (inlined)
               |          |          {closure#0} (inlined)
               |          |          clone (inlined)
               |          |          |          
               |          |          |--0.09%--clone (inlined)
               |          |          |          clone<alloc::sync::Arc<litchi_ooxml_common::mce::codec::NamespaceLayer, alloc::alloc::Global>> (inlined)
               |          |          |          clone<litchi_ooxml_common::mce::codec::NamespaceLayer, alloc::alloc::Global> (inlined)
               |          |          |          
               |          |           --0.03%--clone<alloc::sync::Arc<litchi_ooxml_common::mce::codec::DirectiveLayer, alloc::alloc::Global>> (inlined)
               |          |                     clone<litchi_ooxml_common::mce::codec::DirectiveLayer, alloc::alloc::Global> (inlined)
               |          |          
               |           --0.03%--drop_in_place<quick_xml::events::attributes::Attributes> (inlined)
               |                     drop_in_place<quick_xml::events::attributes::IterState> (inlined)
               |                     drop_in_place<core::option::Option<std::collections::hash::set::HashSet<u64, core::hash::BuildHasherDefault<quick_xml::events::attributes::IdentityHasher>, alloc::alloc::Global>>> (inlined)
               |          
               |--0.03%--read_event_impl<&[u8], &mut alloc::vec::Vec<u8, alloc::alloc::Global>> (inlined)
               |          read_until_close<&[u8], &mut alloc::vec::Vec<u8, alloc::alloc::Global>> (inlined)
               |          
               |--0.03%--process_markup_compatibility (inlined)
               |          start (inlined)
               |          new<alloc::string::String> (inlined)
               |          default<alloc::string::String, std::hash::random::RandomState> (inlined)
               |          
               |--0.03%--resolved (inlined)
               |          
                --0.03%--is_ncname (inlined)
                          is_some_and<char, fn(char) -> bool> (inlined)
                          call_once<fn(char) -> bool, (char)> (inlined)
                          is_ncname_start (inlined)
                          is_name_start (inlined)

     0.28%     0.28%  candidate  libc.so.6             [.] unlink_chunk.isra.0
            |          
            |--0.19%--__libc_malloc2
            |          _int_malloc
            |          unlink_chunk (inlined)
            |          
            |--0.06%--_int_malloc
            |          unlink_chunk (inlined)
            |          
             --0.03%--__libc_realloc (inlined)
                       _int_realloc
                       _int_free_chunk
                       _int_free_merge_chunk
                       unlink_chunk (inlined)

     0.28%     0.00%  candidate  libc.so.6             [.] unlink_chunk (inlined)
            |
            ---unlink_chunk (inlined)

     0.28%     0.00%  candidate  candidate             [.] process_markup_compatibility (inlined)
            |
            ---process_markup_compatibility (inlined)
               |          
               |--0.15%--start (inlined)
               |          |          
               |          |--0.06%--after (inlined)
               |          |          
               |          |--0.03%--new<litchi_ooxml_common::mce::codec::NamePattern> (inlined)
               |          |          default<litchi_ooxml_common::mce::codec::NamePattern, std::hash::random::RandomState> (inlined)
               |          |          
               |          |--0.03%--new<alloc::string::String> (inlined)
               |          |          default<alloc::string::String, std::hash::random::RandomState> (inlined)
               |          |          
               |           --0.03%--is_ignorable (inlined)
               |          
                --0.12%--any<core::slice::iter::Windows<u8>, litchi_ooxml_common::mce::codec::process_markup_compatibility::{closure_env#0}> (inlined)
                          try_fold<core::slice::iter::Windows<u8>, (), core::iter::traits::iterator::Iterator::any::check::{closure_env#0}<&[u8], litchi_ooxml_common::mce::codec::process_markup_compatibility::{closure_env#0}>, core::ops::control_flow::ControlFlow<(), ()>> (inlined)
                          {closure#0}<&[u8], litchi_ooxml_common::mce::codec::process_markup_compatibility::{closure_env#0}> (inlined)
                          {closure#0} (inlined)
                          eq<[u8], [u8]> (inlined)
                          eq<u8, u8> (inlined)
                          equal_same_length<u8, u8> (inlined)
                          __memcmp_evex_movbe

     0.28%     0.28%  candidate  candidate             [.] memchr::arch::x86_64::memchr::memchr_raw::find_avx2
     0.25%     0.25%  candidate  candidate             [.] sha2::sha256::x86_sha::compress
            |
            ---0x7
               compress (inlined)
               |          
               |--0.09%--schedule (inlined)
               |          |          
               |          |--0.03%--_mm_add_epi32 (inlined)
               |          |          
               |          |--0.03%--_mm_sha256msg1_epu32 (inlined)
               |          |          
               |           --0.03%--_mm_alignr_epi8<4> (inlined)
               |          
               |--0.09%--_mm_add_epi32 (inlined)
               |          
                --0.06%--_mm_sha256rnds2_epu32 (inlined)

     0.25%     0.00%  candidate  candidate             [.] compress (inlined)
            |
            ---compress (inlined)
               |          
               |--0.09%--schedule (inlined)
               |          |          
               |          |--0.03%--_mm_add_epi32 (inlined)
               |          |          
               |          |--0.03%--_mm_sha256msg1_epu32 (inlined)
               |          |          
               |           --0.03%--_mm_alignr_epi8<4> (inlined)
               |          
               |--0.09%--_mm_add_epi32 (inlined)
               |          
                --0.06%--_mm_sha256rnds2_epu32 (inlined)

     0.25%     0.25%  candidate  candidate             [.] __rustc::__rust_no_alloc_shim_is_unstable_v2
     0.25%     0.25%  candidate  candidate             [.] memchr::arch::x86_64::avx2::memchr::One::find_raw
     0.25%     0.25%  candidate  candidate             [.] __rustc::__rdl_dealloc
     0.25%     0.00%  candidate  libc.so.6             [.] tcache_put (inlined)
            |
            ---tcache_put (inlined)
               tcache_put_n (inlined)
               |          
                --0.03%--0xffffffff9e800f0b
                          0xffffffff9ff1d894
                          0xffffffff9ebf0f48
                          0xffffffff9ed777d4
                          0xffffffff9ed7690c
                          0xffffffff9ed903d6
                          0xffffffff9ed75571
                          0xffffffff9ed4770a
                          0xffffffff9ed42d78

     0.25%     0.00%  candidate  libc.so.6             [.] tcache_put_n (inlined)
            |
            ---tcache_put_n (inlined)
               |          
                --0.03%--0xffffffff9e800f0b
                          0xffffffff9ff1d894
                          0xffffffff9ebf0f48
                          0xffffffff9ed777d4
                          0xffffffff9ed7690c
                          0xffffffff9ed903d6
                          0xffffffff9ed75571
                          0xffffffff9ed4770a
                          0xffffffff9ed42d78

     0.22%     0.00%  candidate  libc.so.6             [.] memcpy (inlined)
            |
            ---memcpy (inlined)
               |          
                --0.19%--__memmove_avx512_unaligned_erms

     0.22%     0.22%  candidate  candidate             [.] litchi_ooxml_common::mce::codec::process_ooxml
     0.22%     0.22%  candidate  candidate             [.] <core::str::pattern::CharSearcher as core::str::pattern::Searcher>::next_match
     0.22%     0.22%  candidate  candidate             [.] hashbrown::map::HashMap<K,V,S,A>::contains_key
     0.19%     0.19%  candidate  [unknown]             [k] 0xffffffff9e800ef0
            |          
            |--0.12%--0xffffffff9e800ef0
            |          
            |--0.03%--0x11
            |          __libc_malloc (inlined)
            |          0xffffffff9e800ef0
            |          
             --0.03%--__memcmp_evex_movbe
                       0xffffffff9e800ef0

     0.19%     0.19%  candidate  libc.so.6             [.] realloc
            |
            ---__libc_realloc (inlined)
               |          
                --0.12%--musable (inlined)

     0.19%     0.19%  candidate  candidate             [.] alloc::raw_vec::RawVecInner<A>::reserve::do_reserve_and_handle
     0.19%     0.19%  candidate  candidate             [.] alloc::raw_vec::RawVecInner<A>::finish_grow
     0.19%     0.19%  candidate  candidate             [.] __rustc::__rust_alloc
            |          
             --0.03%--__rustc::__rust_alloc

     0.16%     0.16%  candidate  candidate             [.] quick_xml::escape::unescape
     0.16%     0.16%  candidate  candidate             [.] core::hash::BuildHasher::hash_one
     0.16%     0.16%  candidate  libc.so.6             [.] _int_free_maybe_trim
            |          
            |--0.12%--_int_free_chunk
            |          _int_free_maybe_trim
            |          
             --0.03%--__libc_realloc (inlined)
                       _int_realloc
                       _int_free_chunk
                       _int_free_maybe_trim

     0.16%     0.16%  candidate  candidate             [.] litchi_opc::packuri::PackURI::new
            |          
             --0.03%--0x5efa298ec021
                       0x5efa29a35498
                       0x5efa29a35498
                       0x5efa29a35498

     0.16%     0.16%  candidate  candidate             [.] <quick_xml::name::NamespaceResolver as core::default::Default>::default
     0.16%     0.16%  candidate  candidate             [.] alloc::raw_vec::RawVec<T,A>::grow_one
            |          
             --0.03%--grow_one<quick_xml::name::NamespaceBinding, alloc::alloc::Global> (inlined)

     0.14%     0.00%  candidate  libc.so.6             [.] __memset_avx512_unaligned_erms
            |
            ---__memset_avx512_unaligned_erms
               0xffffffff9e800bb7
               0xffffffff9ff1e2e3
               |          
               |--0.07%--0xffffffff9ec1a367
               |          |          
               |          |--0.04%--0xffffffff9efed5c8
               |          |          
               |           --0.03%--0xffffffff9efed5ef
               |                     0xffffffff9fee6c00
               |          
                --0.07%--0xffffffff9ec1a3ee
                          0xffffffff9f00085e
                          0xffffffff9f0004d3
                          0xffffffff9f000000
                          0xffffffff9effec02
                          0xffffffff9effe7a9
                          0xffffffff9f080adb
                          0xffffffff9f07d258
                          0xffffffff9f03b6cc
                          |          
                          |--0.03%--0xffffffff9f03a042
                          |          0xffffffff9f03802d
                          |          0xffffffff9f036dcd
                          |          0xffffffff9ff30cae
                          |          0xffffffff9ff30da0
                          |          
                           --0.03%--0xffffffff9f03a2d9
                                     0xffffffff9f034a28
                                     0xffffffff9f02e7ca

     0.14%     0.00%  candidate  [unknown]             [.] 0xffffffff9e800bb7
            |
            ---0xffffffff9e800bb7
               0xffffffff9ff1e2e3
               |          
               |--0.07%--0xffffffff9ec1a367
               |          |          
               |          |--0.04%--0xffffffff9efed5c8
               |          |          
               |           --0.03%--0xffffffff9efed5ef
               |                     0xffffffff9fee6c00
               |          
                --0.07%--0xffffffff9ec1a3ee
                          0xffffffff9f00085e
                          0xffffffff9f0004d3
                          0xffffffff9f000000
                          0xffffffff9effec02
                          0xffffffff9effe7a9
                          0xffffffff9f080adb
                          0xffffffff9f07d258
                          0xffffffff9f03b6cc
                          |          
                          |--0.03%--0xffffffff9f03a042
                          |          0xffffffff9f03802d
                          |          0xffffffff9f036dcd
                          |          0xffffffff9ff30cae
                          |          0xffffffff9ff30da0
                          |          
                           --0.03%--0xffffffff9f03a2d9
                                     0xffffffff9f034a28
                                     0xffffffff9f02e7ca

     0.14%     0.00%  candidate  [unknown]             [.] 0xffffffff9ff1e2e3
            |
            ---0xffffffff9ff1e2e3
               |          
               |--0.07%--0xffffffff9ec1a367
               |          |          
               |          |--0.04%--0xffffffff9efed5c8
               |          |          
               |           --0.03%--0xffffffff9efed5ef
               |                     0xffffffff9fee6c00
               |          
                --0.07%--0xffffffff9ec1a3ee
                          0xffffffff9f00085e
                          0xffffffff9f0004d3
                          0xffffffff9f000000
                          0xffffffff9effec02
                          0xffffffff9effe7a9
                          0xffffffff9f080adb
                          0xffffffff9f07d258
                          0xffffffff9f03b6cc
                          |          
                          |--0.03%--0xffffffff9f03a042
                          |          0xffffffff9f03802d
                          |          0xffffffff9f036dcd
                          |          0xffffffff9ff30cae
                          |          0xffffffff9ff30da0
                          |          
                           --0.03%--0xffffffff9f03a2d9
                                     0xffffffff9f034a28
                                     0xffffffff9f02e7ca

     0.13%     0.00%  candidate  candidate             [.] _mm_add_epi32 (inlined)
            |
            ---_mm_add_epi32 (inlined)

     0.12%     0.00%  candidate  [unknown]             [k] 0xffffffff9e800f0b
            |
            ---0xffffffff9e800f0b
               |          
               |--0.09%--0xffffffff9ff1d894
               |          0xffffffff9ebf0f48
               |          0xffffffff9ed777d4
               |          0xffffffff9ed7690c
               |          |          
               |          |--0.06%--0xffffffff9ed903d6
               |          |          |          
               |          |          |--0.03%--0xffffffff9ed75571
               |          |          |          0xffffffff9ed4770a
               |          |          |          0xffffffff9ed42d78
               |          |          |          
               |          |           --0.03%--0xffffffff9ed75580
               |          |                     0xffffffff9eca8167
               |          |                     0xffffffff9ecc649c
               |          |                     0xffffffff9ecc602b
               |          |                     0xffffffff9ecadd7f
               |          |                     0xffffffff9eda20b2
               |          |                     0xffffffff9eda1cba
               |          |                     0xffffffff9eda1ad1
               |          |          
               |           --0.03%--0xffffffff9ed904a5
               |                     0xffffffff9ed90257
               |                     0xffffffff9ed7cb3c
               |                     0xffffffff9ff3033e
               |                     0xffffffff9ed0504b
               |          
                --0.03%--0xffffffff9ff1d899
                          0xffffffff9ec514ae
                          0xffffffff9ec510b0
                          0xffffffff9ec50d21
                          0xffffffff9ed742cb
                          0xffffffff9ed95e55
                          0xffffffff9ed95c85
                          0xffffffff9ed95a04
                          0xffffffff9ed75312
                          0xffffffff9ed73e0e
                          0xffffffff9ed730f0
                          0xffffffffc04a7642
                          0xffffffffc04b4c93
                          0xffffffffc04b4b4b
                          0xffffffffc04b4636
                          0xffffffff9fcbb877
                          0xffffffff9ff08ded

     0.12%     0.12%  candidate  candidate             [.] core::iter::traits::iterator::Iterator::try_fold
     0.12%     0.12%  candidate  candidate             [.] litchi_pptx::presentation::package::capture_slides
     0.12%     0.12%  candidate  candidate             [.] litchi_opc::packuri::PackURI::from_rel_ref
     0.12%     0.12%  candidate  candidate             [.] core::slice::memchr::memchr_aligned
            |          
             --0.03%--memchr_aligned (inlined)

     0.12%     0.00%  candidate  [unknown]             [.] 0x0000000000000023
            |
            ---0x23
               process_markup_compatibility (inlined)
               any<core::slice::iter::Windows<u8>, litchi_ooxml_common::mce::codec::process_markup_compatibility::{closure_env#0}> (inlined)
               try_fold<core::slice::iter::Windows<u8>, (), core::iter::traits::iterator::Iterator::any::check::{closure_env#0}<&[u8], litchi_ooxml_common::mce::codec::process_markup_compatibility::{closure_env#0}>, core::ops::control_flow::ControlFlow<(), ()>> (inlined)
               {closure#0}<&[u8], litchi_ooxml_common::mce::codec::process_markup_compatibility::{closure_env#0}> (inlined)
               {closure#0} (inlined)
               eq<[u8], [u8]> (inlined)
               eq<u8, u8> (inlined)
               equal_same_length<u8, u8> (inlined)
               __memcmp_evex_movbe

     0.12%     0.00%  candidate  candidate             [.] any<core::slice::iter::Windows<u8>, litchi_ooxml_common::mce::codec::process_markup_compatibility::{closure_env#0}> (inlined)
            |
            ---any<core::slice::iter::Windows<u8>, litchi_ooxml_common::mce::codec::process_markup_compatibility::{closure_env#0}> (inlined)
               try_fold<core::slice::iter::Windows<u8>, (), core::iter::traits::iterator::Iterator::any::check::{closure_env#0}<&[u8], litchi_ooxml_common::mce::codec::process_markup_compatibility::{closure_env#0}>, core::ops::control_flow::ControlFlow<(), ()>> (inlined)
               {closure#0}<&[u8], litchi_ooxml_common::mce::codec::process_markup_compatibility::{closure_env#0}> (inlined)
               {closure#0} (inlined)
               eq<[u8], [u8]> (inlined)
               eq<u8, u8> (inlined)
               equal_same_length<u8, u8> (inlined)
               __memcmp_evex_movbe

     0.12%     0.00%  candidate  candidate             [.] try_fold<core::slice::iter::Windows<u8>, (), core::iter::traits::iterator::Iterator::any::check::{closure_env#0}<&[u8], litchi_ooxml_common::mce::codec::process_markup_compatibility::{closure_env#0}>, core::ops::control_flow::ControlFlow<(), ()>> (inlined)
            |
            ---try_fold<core::slice::iter::Windows<u8>, (), core::iter::traits::iterator::Iterator::any::check::{closure_env#0}<&[u8], litchi_ooxml_common::mce::codec::process_markup_compatibility::{closure_env#0}>, core::ops::control_flow::ControlFlow<(), ()>> (inlined)
               {closure#0}<&[u8], litchi_ooxml_common::mce::codec::process_markup_compatibility::{closure_env#0}> (inlined)
               {closure#0} (inlined)
               eq<[u8], [u8]> (inlined)
               eq<u8, u8> (inlined)
               equal_same_length<u8, u8> (inlined)
               __memcmp_evex_movbe

     0.12%     0.00%  candidate  candidate             [.] {closure#0}<&[u8], litchi_ooxml_common::mce::codec::process_markup_compatibility::{closure_env#0}> (inlined)
            |
            ---{closure#0}<&[u8], litchi_ooxml_common::mce::codec::process_markup_compatibility::{closure_env#0}> (inlined)
               {closure#0} (inlined)
               eq<[u8], [u8]> (inlined)
               eq<u8, u8> (inlined)
               equal_same_length<u8, u8> (inlined)
               __memcmp_evex_movbe

     0.12%     0.00%  candidate  candidate             [.] {closure#0} (inlined)
            |
            ---{closure#0} (inlined)
               eq<[u8], [u8]> (inlined)
               eq<u8, u8> (inlined)
               equal_same_length<u8, u8> (inlined)
               __memcmp_evex_movbe

     0.12%     0.00%  candidate  candidate             [.] eq<[u8], [u8]> (inlined)
            |
            ---eq<[u8], [u8]> (inlined)
               eq<u8, u8> (inlined)
               equal_same_length<u8, u8> (inlined)
               __memcmp_evex_movbe

     0.12%     0.00%  candidate  candidate             [.] eq<u8, u8> (inlined)
            |
            ---eq<u8, u8> (inlined)
               equal_same_length<u8, u8> (inlined)
               __memcmp_evex_movbe

     0.12%     0.00%  candidate  candidate             [.] equal_same_length<u8, u8> (inlined)
            |
            ---equal_same_length<u8, u8> (inlined)
               __memcmp_evex_movbe

     0.12%     0.00%  candidate  libc.so.6             [.] musable (inlined)
            |
            ---musable (inlined)

     0.12%     0.12%  candidate  candidate             [.] hashbrown::map::HashMap<K,V,S,A>::insert
     0.12%     0.12%  candidate  candidate             [.] alloc::vec::Vec<T,A>::push_mut
     0.12%     0.12%  candidate  candidate             [.] quick_xml::name::NamespaceResolver::add
     0.12%     0.12%  candidate  candidate             [.] quick_xml::reader::Reader<R>::read_event_impl
     0.12%     0.00%  candidate  candidate             [.] emit_end (inlined)
            |
            ---emit_end (inlined)
               |          
                --0.09%--ne<[u8], [u8]> (inlined)
                          ne<[u8], [u8]> (inlined)
                          eq<u8, u8> (inlined)
                          equal_same_length<u8, u8> (inlined)
                          __memcmp_evex_movbe

     0.12%     0.00%  candidate  candidate             [.] map_or_else<&litchi_ooxml_common::mce::codec::Frame, litchi_ooxml_common::mce::codec::Ctx, fn() -> litchi_ooxml_common::mce::codec::Ctx, litchi_ooxml_common::mce::codec::start::{closure_env#0}> (inlined)
            |
            ---map_or_else<&litchi_ooxml_common::mce::codec::Frame, litchi_ooxml_common::mce::codec::Ctx, fn() -> litchi_ooxml_common::mce::codec::Ctx, litchi_ooxml_common::mce::codec::start::{closure_env#0}> (inlined)
               {closure#0} (inlined)
               clone (inlined)
               |          
               |--0.09%--clone (inlined)
               |          clone<alloc::sync::Arc<litchi_ooxml_common::mce::codec::NamespaceLayer, alloc::alloc::Global>> (inlined)
               |          clone<litchi_ooxml_common::mce::codec::NamespaceLayer, alloc::alloc::Global> (inlined)
               |          
                --0.03%--clone<alloc::sync::Arc<litchi_ooxml_common::mce::codec::DirectiveLayer, alloc::alloc::Global>> (inlined)
                          clone<litchi_ooxml_common::mce::codec::DirectiveLayer, alloc::alloc::Global> (inlined)

     0.12%     0.00%  candidate  candidate             [.] {closure#0} (inlined)
            |
            ---{closure#0} (inlined)
               clone (inlined)
               |          
               |--0.09%--clone (inlined)
               |          clone<alloc::sync::Arc<litchi_ooxml_common::mce::codec::NamespaceLayer, alloc::alloc::Global>> (inlined)
               |          clone<litchi_ooxml_common::mce::codec::NamespaceLayer, alloc::alloc::Global> (inlined)
               |          
                --0.03%--clone<alloc::sync::Arc<litchi_ooxml_common::mce::codec::DirectiveLayer, alloc::alloc::Global>> (inlined)
                          clone<litchi_ooxml_common::mce::codec::DirectiveLayer, alloc::alloc::Global> (inlined)

     0.12%     0.00%  candidate  candidate             [.] clone (inlined)
            |
            ---clone (inlined)
               |          
               |--0.09%--clone (inlined)
               |          clone<alloc::sync::Arc<litchi_ooxml_common::mce::codec::NamespaceLayer, alloc::alloc::Global>> (inlined)
               |          clone<litchi_ooxml_common::mce::codec::NamespaceLayer, alloc::alloc::Global> (inlined)
               |          
                --0.03%--clone<alloc::sync::Arc<litchi_ooxml_common::mce::codec::DirectiveLayer, alloc::alloc::Global>> (inlined)
                          clone<litchi_ooxml_common::mce::codec::DirectiveLayer, alloc::alloc::Global> (inlined)

     0.12%     0.12%  candidate  candidate             [.] alloc::str::join_generic_copy
     0.12%     0.00%  candidate  [unknown]             [.] 0x0000000000000003
            |
            ---0x3
               |          
               |--0.06%--process_markup_compatibility (inlined)
               |          start (inlined)
               |          |          
               |          |--0.03%--new<litchi_ooxml_common::mce::codec::NamePattern> (inlined)
               |          |          default<litchi_ooxml_common::mce::codec::NamePattern, std::hash::random::RandomState> (inlined)
               |          |          
               |           --0.03%--after (inlined)
               |          
               |--0.03%--0x5
               |          read_event_impl<&[u8], &mut alloc::vec::Vec<u8, alloc::alloc::Global>> (inlined)
               |          read_until_close<&[u8], &mut alloc::vec::Vec<u8, alloc::alloc::Global>> (inlined)
               |          
                --0.03%--get<alloc::string::String, litchi_opc::rel::Relationship, std::hash::random::RandomState, alloc::alloc::Global, str> (inlined)
                          get<(alloc::string::String, litchi_opc::rel::Relationship), alloc::alloc::Global, hashbrown::map::equivalent_key::{closure_env#0}<str, alloc::string::String, litchi_opc::rel::Relationship>> (inlined)
                          find<(alloc::string::String, litchi_opc::rel::Relationship), alloc::alloc::Global, hashbrown::map::equivalent_key::{closure_env#0}<str, alloc::string::String, litchi_opc::rel::Relationship>> (inlined)
                          find_inner (inlined)
                          {closure#0}<(alloc::string::String, litchi_opc::rel::Relationship), alloc::alloc::Global, hashbrown::map::equivalent_key::{closure_env#0}<str, alloc::string::String, litchi_opc::rel::Relationship>> (inlined)
                          {closure#0}<str, alloc::string::String, litchi_opc::rel::Relationship> (inlined)
                          equivalent<str, alloc::string::String> (inlined)
                          eq<str, str> (inlined)
                          eq (inlined)
                          eq<[u8], [u8]> (inlined)
                          eq<u8, u8> (inlined)

     0.10%     0.00%  candidate  ld-linux-x86-64.so.2  [.] _dl_map_object_deps
            |
            ---_dl_map_object_deps
               rewrite_part<probe0699_refusal::build_cases::{closure_env#5}> (inlined)
               {closure#5} (inlined)
               resize<u8, alloc::alloc::Global> (inlined)
               extend_with<u8, alloc::alloc::Global> (inlined)
               write<u8> (inlined)
               __memset_avx512_unaligned_erms
               0xffffffff9e800bb7
               0xffffffff9ff1e2e3
               |          
               |--0.07%--0xffffffff9ec1a3ee
               |          0xffffffff9f00085e
               |          0xffffffff9f0004d3
               |          0xffffffff9f000000
               |          0xffffffff9effec02
               |          0xffffffff9effe7a9
               |          0xffffffff9f080adb
               |          0xffffffff9f07d258
               |          0xffffffff9f03b6cc
               |          |          
               |          |--0.03%--0xffffffff9f03a042
               |          |          0xffffffff9f03802d
               |          |          0xffffffff9f036dcd
               |          |          0xffffffff9ff30cae
               |          |          0xffffffff9ff30da0
               |          |          
               |           --0.03%--0xffffffff9f03a2d9
               |                     0xffffffff9f034a28
               |                     0xffffffff9f02e7ca
               |          
                --0.03%--0xffffffff9ec1a367
                          0xffffffff9efed5ef
                          0xffffffff9fee6c00

     0.10%     0.00%  candidate  candidate             [.] rewrite_part<probe0699_refusal::build_cases::{closure_env#5}> (inlined)
            |
            ---rewrite_part<probe0699_refusal::build_cases::{closure_env#5}> (inlined)
               {closure#5} (inlined)
               resize<u8, alloc::alloc::Global> (inlined)
               extend_with<u8, alloc::alloc::Global> (inlined)
               write<u8> (inlined)
               __memset_avx512_unaligned_erms
               0xffffffff9e800bb7
               0xffffffff9ff1e2e3
               |          
               |--0.07%--0xffffffff9ec1a3ee
               |          0xffffffff9f00085e
               |          0xffffffff9f0004d3
               |          0xffffffff9f000000
               |          0xffffffff9effec02
               |          0xffffffff9effe7a9
               |          0xffffffff9f080adb
               |          0xffffffff9f07d258
               |          0xffffffff9f03b6cc
               |          |          
               |          |--0.03%--0xffffffff9f03a042
               |          |          0xffffffff9f03802d
               |          |          0xffffffff9f036dcd
               |          |          0xffffffff9ff30cae
               |          |          0xffffffff9ff30da0
               |          |          
               |           --0.03%--0xffffffff9f03a2d9
               |                     0xffffffff9f034a28
               |                     0xffffffff9f02e7ca
               |          
                --0.03%--0xffffffff9ec1a367
                          0xffffffff9efed5ef
                          0xffffffff9fee6c00

     0.10%     0.00%  candidate  candidate             [.] {closure#5} (inlined)
            |
            ---{closure#5} (inlined)
               resize<u8, alloc::alloc::Global> (inlined)
               extend_with<u8, alloc::alloc::Global> (inlined)
               write<u8> (inlined)
               __memset_avx512_unaligned_erms
               0xffffffff9e800bb7
               0xffffffff9ff1e2e3
               |          
               |--0.07%--0xffffffff9ec1a3ee
               |          0xffffffff9f00085e
               |          0xffffffff9f0004d3
               |          0xffffffff9f000000
               |          0xffffffff9effec02
               |          0xffffffff9effe7a9
               |          0xffffffff9f080adb
               |          0xffffffff9f07d258
               |          0xffffffff9f03b6cc
               |          |          
               |          |--0.03%--0xffffffff9f03a042
               |          |          0xffffffff9f03802d
               |          |          0xffffffff9f036dcd
               |          |          0xffffffff9ff30cae
               |          |          0xffffffff9ff30da0
               |          |          
               |           --0.03%--0xffffffff9f03a2d9
               |                     0xffffffff9f034a28
               |                     0xffffffff9f02e7ca
               |          
                --0.03%--0xffffffff9ec1a367
                          0xffffffff9efed5ef
                          0xffffffff9fee6c00

     0.10%     0.00%  candidate  candidate             [.] resize<u8, alloc::alloc::Global> (inlined)
            |
            ---resize<u8, alloc::alloc::Global> (inlined)
               extend_with<u8, alloc::alloc::Global> (inlined)
               write<u8> (inlined)
               __memset_avx512_unaligned_erms
               0xffffffff9e800bb7
               0xffffffff9ff1e2e3
               |          
               |--0.07%--0xffffffff9ec1a3ee
               |          0xffffffff9f00085e
               |          0xffffffff9f0004d3
               |          0xffffffff9f000000
               |          0xffffffff9effec02
               |          0xffffffff9effe7a9
               |          0xffffffff9f080adb
               |          0xffffffff9f07d258
               |          0xffffffff9f03b6cc
               |          |          
               |          |--0.03%--0xffffffff9f03a042
               |          |          0xffffffff9f03802d
               |          |          0xffffffff9f036dcd
               |          |          0xffffffff9ff30cae
               |          |          0xffffffff9ff30da0
               |          |          
               |           --0.03%--0xffffffff9f03a2d9
               |                     0xffffffff9f034a28
               |                     0xffffffff9f02e7ca
               |          
                --0.03%--0xffffffff9ec1a367
                          0xffffffff9efed5ef
                          0xffffffff9fee6c00

     0.10%     0.00%  candidate  candidate             [.] extend_with<u8, alloc::alloc::Global> (inlined)
            |
            ---extend_with<u8, alloc::alloc::Global> (inlined)
               write<u8> (inlined)
               __memset_avx512_unaligned_erms
               0xffffffff9e800bb7
               0xffffffff9ff1e2e3
               |          
               |--0.07%--0xffffffff9ec1a3ee
               |          0xffffffff9f00085e
               |          0xffffffff9f0004d3
               |          0xffffffff9f000000
               |          0xffffffff9effec02
               |          0xffffffff9effe7a9
               |          0xffffffff9f080adb
               |          0xffffffff9f07d258
               |          0xffffffff9f03b6cc
               |          |          
               |          |--0.03%--0xffffffff9f03a042
               |          |          0xffffffff9f03802d
               |          |          0xffffffff9f036dcd
               |          |          0xffffffff9ff30cae
               |          |          0xffffffff9ff30da0
               |          |          
               |           --0.03%--0xffffffff9f03a2d9
               |                     0xffffffff9f034a28
               |                     0xffffffff9f02e7ca
               |          
                --0.03%--0xffffffff9ec1a367
                          0xffffffff9efed5ef
                          0xffffffff9fee6c00

     0.10%     0.00%  candidate  candidate             [.] write<u8> (inlined)
            |
            ---write<u8> (inlined)
               __memset_avx512_unaligned_erms
               0xffffffff9e800bb7
               0xffffffff9ff1e2e3
               |          
               |--0.07%--0xffffffff9ec1a3ee
               |          0xffffffff9f00085e
               |          0xffffffff9f0004d3
               |          0xffffffff9f000000
               |          0xffffffff9effec02
               |          0xffffffff9effe7a9
               |          0xffffffff9f080adb
               |          0xffffffff9f07d258
               |          0xffffffff9f03b6cc
               |          |          
               |          |--0.03%--0xffffffff9f03a042
               |          |          0xffffffff9f03802d
               |          |          0xffffffff9f036dcd
               |          |          0xffffffff9ff30cae
               |          |          0xffffffff9ff30da0
               |          |          
               |           --0.03%--0xffffffff9f03a2d9
               |                     0xffffffff9f034a28
               |                     0xffffffff9f02e7ca
               |          
                --0.03%--0xffffffff9ec1a367
                          0xffffffff9efed5ef
                          0xffffffff9fee6c00

     0.09%     0.00%  candidate  candidate             [.] schedule (inlined)
            |
            ---schedule (inlined)
               |          
               |--0.03%--_mm_add_epi32 (inlined)
               |          
               |--0.03%--_mm_sha256msg1_epu32 (inlined)
               |          
                --0.03%--_mm_alignr_epi8<4> (inlined)

     0.09%     0.00%  candidate  [unknown]             [k] 0xffffffff9ff1d894
            |
            ---0xffffffff9ff1d894
               0xffffffff9ebf0f48
               0xffffffff9ed777d4
               0xffffffff9ed7690c
               |          
               |--0.06%--0xffffffff9ed903d6
               |          |          
               |          |--0.03%--0xffffffff9ed75571
               |          |          0xffffffff9ed4770a
               |          |          0xffffffff9ed42d78
               |          |          
               |           --0.03%--0xffffffff9ed75580
               |                     0xffffffff9eca8167
               |                     0xffffffff9ecc649c
               |                     0xffffffff9ecc602b
               |                     0xffffffff9ecadd7f
               |                     0xffffffff9eda20b2
               |                     0xffffffff9eda1cba
               |                     0xffffffff9eda1ad1
               |          
                --0.03%--0xffffffff9ed904a5
                          0xffffffff9ed90257
                          0xffffffff9ed7cb3c
                          0xffffffff9ff3033e
                          0xffffffff9ed0504b

     0.09%     0.00%  candidate  [unknown]             [k] 0xffffffff9ebf0f48
            |
            ---0xffffffff9ebf0f48
               0xffffffff9ed777d4
               0xffffffff9ed7690c
               |          
               |--0.06%--0xffffffff9ed903d6
               |          |          
               |          |--0.03%--0xffffffff9ed75571
               |          |          0xffffffff9ed4770a
               |          |          0xffffffff9ed42d78
               |          |          
               |           --0.03%--0xffffffff9ed75580
               |                     0xffffffff9eca8167
               |                     0xffffffff9ecc649c
               |                     0xffffffff9ecc602b
               |                     0xffffffff9ecadd7f
               |                     0xffffffff9eda20b2
               |                     0xffffffff9eda1cba
               |                     0xffffffff9eda1ad1
               |          
                --0.03%--0xffffffff9ed904a5
                          0xffffffff9ed90257
                          0xffffffff9ed7cb3c
                          0xffffffff9ff3033e
                          0xffffffff9ed0504b

     0.09%     0.00%  candidate  [unknown]             [k] 0xffffffff9ed777d4
            |
            ---0xffffffff9ed777d4
               0xffffffff9ed7690c
               |          
               |--0.06%--0xffffffff9ed903d6
               |          |          
               |          |--0.03%--0xffffffff9ed75571
               |          |          0xffffffff9ed4770a
               |          |          0xffffffff9ed42d78
               |          |          
               |           --0.03%--0xffffffff9ed75580
               |                     0xffffffff9eca8167
               |                     0xffffffff9ecc649c
               |                     0xffffffff9ecc602b
               |                     0xffffffff9ecadd7f
               |                     0xffffffff9eda20b2
               |                     0xffffffff9eda1cba
               |                     0xffffffff9eda1ad1
               |          
                --0.03%--0xffffffff9ed904a5
                          0xffffffff9ed90257
                          0xffffffff9ed7cb3c
                          0xffffffff9ff3033e
                          0xffffffff9ed0504b

     0.09%     0.00%  candidate  [unknown]             [k] 0xffffffff9ed7690c
            |
            ---0xffffffff9ed7690c
               |          
               |--0.06%--0xffffffff9ed903d6
               |          |          
               |          |--0.03%--0xffffffff9ed75571
               |          |          0xffffffff9ed4770a
               |          |          0xffffffff9ed42d78
               |          |          
               |           --0.03%--0xffffffff9ed75580
               |                     0xffffffff9eca8167
               |                     0xffffffff9ecc649c
               |                     0xffffffff9ecc602b
               |                     0xffffffff9ecadd7f
               |                     0xffffffff9eda20b2
               |                     0xffffffff9eda1cba
               |                     0xffffffff9eda1ad1
               |          
                --0.03%--0xffffffff9ed904a5
                          0xffffffff9ed90257
                          0xffffffff9ed7cb3c
                          0xffffffff9ff3033e
                          0xffffffff9ed0504b

     0.09%     0.09%  candidate  candidate             [.] litchi_opc::packuri::PackURI::validate_percent_encoding
     0.09%     0.09%  candidate  candidate             [.] alloc::raw_vec::RawVec<T,A>::grow_one
     0.09%     0.09%  candidate  candidate             [.] litchi_pptx::parts::presentation::PresentationPart::from_part
     0.09%     0.00%  candidate  candidate             [.] next_match (inlined)
            |
            ---next_match (inlined)
               eq<[u8], [u8]> (inlined)
               eq<u8, u8> (inlined)
               equal_same_length<u8, u8> (inlined)
               __memcmp_evex_movbe

     0.09%     0.00%  candidate  candidate             [.] eq<[u8], [u8]> (inlined)
            |
            ---eq<[u8], [u8]> (inlined)
               eq<u8, u8> (inlined)
               equal_same_length<u8, u8> (inlined)
               __memcmp_evex_movbe

     0.09%     0.00%  candidate  candidate             [.] eq<u8, u8> (inlined)
            |
            ---eq<u8, u8> (inlined)
               equal_same_length<u8, u8> (inlined)
               __memcmp_evex_movbe

     0.09%     0.00%  candidate  candidate             [.] equal_same_length<u8, u8> (inlined)
            |
            ---equal_same_length<u8, u8> (inlined)
               __memcmp_evex_movbe

     0.09%     0.00%  candidate  candidate             [.] next (inlined)
            |
            ---next (inlined)
               |          
                --0.03%--map<core::ops::range::Range<usize>, &[u8], quick_xml::events::attributes::{impl#8}::next::{closure_env#0}> (inlined)

     0.09%     0.09%  candidate  candidate             [.] alloc::sync::Arc<T,A>::drop_slow
     0.09%     0.00%  candidate  candidate             [.] expand_parts (inlined)
            |
            ---expand_parts (inlined)
               get (inlined)
               find<core::slice::iter::Iter<(alloc::string::String, alloc::string::String)>, litchi_ooxml_common::mce::codec::{impl#0}::get::{closure_env#0}> (inlined)
               rfind<core::slice::iter::Iter<(alloc::string::String, alloc::string::String)>, litchi_ooxml_common::mce::codec::{impl#0}::get::{closure_env#0}> (inlined)
               try_rfold<core::slice::iter::Iter<(alloc::string::String, alloc::string::String)>, (), core::iter::traits::double_ended::DoubleEndedIterator::rfind::check::{closure_env#0}<&(alloc::string::String, alloc::string::String), litchi_ooxml_common::mce::codec::{impl#0}::get::{closure_env#0}>, core::ops::control_flow::ControlFlow<&(alloc::string::String, alloc::string::String), ()>> (inlined)
               {closure#0}<&(alloc::string::String, alloc::string::String), litchi_ooxml_common::mce::codec::{impl#0}::get::{closure_env#0}> (inlined)
               {closure#0} (inlined)
               eq<alloc::string::String, str> (inlined)
               eq (inlined)
               eq (inlined)
               eq<[u8], [u8]> (inlined)
               eq<u8, u8> (inlined)
               equal_same_length<u8, u8> (inlined)
               |          
                --0.06%--__memcmp_evex_movbe

     0.09%     0.00%  candidate  candidate             [.] get (inlined)
            |
            ---get (inlined)
               find<core::slice::iter::Iter<(alloc::string::String, alloc::string::String)>, litchi_ooxml_common::mce::codec::{impl#0}::get::{closure_env#0}> (inlined)
               rfind<core::slice::iter::Iter<(alloc::string::String, alloc::string::String)>, litchi_ooxml_common::mce::codec::{impl#0}::get::{closure_env#0}> (inlined)
               try_rfold<core::slice::iter::Iter<(alloc::string::String, alloc::string::String)>, (), core::iter::traits::double_ended::DoubleEndedIterator::rfind::check::{closure_env#0}<&(alloc::string::String, alloc::string::String), litchi_ooxml_common::mce::codec::{impl#0}::get::{closure_env#0}>, core::ops::control_flow::ControlFlow<&(alloc::string::String, alloc::string::String), ()>> (inlined)
               {closure#0}<&(alloc::string::String, alloc::string::String), litchi_ooxml_common::mce::codec::{impl#0}::get::{closure_env#0}> (inlined)
               {closure#0} (inlined)
               eq<alloc::string::String, str> (inlined)
               eq (inlined)
               eq (inlined)
               eq<[u8], [u8]> (inlined)
               eq<u8, u8> (inlined)
               equal_same_length<u8, u8> (inlined)
               |          
                --0.06%--__memcmp_evex_movbe

     0.09%     0.00%  candidate  candidate             [.] find<core::slice::iter::Iter<(alloc::string::String, alloc::string::String)>, litchi_ooxml_common::mce::codec::{impl#0}::get::{closure_env#0}> (inlined)
            |
            ---find<core::slice::iter::Iter<(alloc::string::String, alloc::string::String)>, litchi_ooxml_common::mce::codec::{impl#0}::get::{closure_env#0}> (inlined)
               rfind<core::slice::iter::Iter<(alloc::string::String, alloc::string::String)>, litchi_ooxml_common::mce::codec::{impl#0}::get::{closure_env#0}> (inlined)
               try_rfold<core::slice::iter::Iter<(alloc::string::String, alloc::string::String)>, (), core::iter::traits::double_ended::DoubleEndedIterator::rfind::check::{closure_env#0}<&(alloc::string::String, alloc::string::String), litchi_ooxml_common::mce::codec::{impl#0}::get::{closure_env#0}>, core::ops::control_flow::ControlFlow<&(alloc::string::String, alloc::string::String), ()>> (inlined)
               {closure#0}<&(alloc::string::String, alloc::string::String), litchi_ooxml_common::mce::codec::{impl#0}::get::{closure_env#0}> (inlined)
               {closure#0} (inlined)
               eq<alloc::string::String, str> (inlined)
               eq (inlined)
               eq (inlined)
               eq<[u8], [u8]> (inlined)
               eq<u8, u8> (inlined)
               equal_same_length<u8, u8> (inlined)
               |          
                --0.06%--__memcmp_evex_movbe

     0.09%     0.00%  candidate  candidate             [.] rfind<core::slice::iter::Iter<(alloc::string::String, alloc::string::String)>, litchi_ooxml_common::mce::codec::{impl#0}::get::{closure_env#0}> (inlined)
            |
            ---rfind<core::slice::iter::Iter<(alloc::string::String, alloc::string::String)>, litchi_ooxml_common::mce::codec::{impl#0}::get::{closure_env#0}> (inlined)
               try_rfold<core::slice::iter::Iter<(alloc::string::String, alloc::string::String)>, (), core::iter::traits::double_ended::DoubleEndedIterator::rfind::check::{closure_env#0}<&(alloc::string::String, alloc::string::String), litchi_ooxml_common::mce::codec::{impl#0}::get::{closure_env#0}>, core::ops::control_flow::ControlFlow<&(alloc::string::String, alloc::string::String), ()>> (inlined)
               {closure#0}<&(alloc::string::String, alloc::string::String), litchi_ooxml_common::mce::codec::{impl#0}::get::{closure_env#0}> (inlined)
               {closure#0} (inlined)
               eq<alloc::string::String, str> (inlined)
               eq (inlined)
               eq (inlined)
               eq<[u8], [u8]> (inlined)
               eq<u8, u8> (inlined)
               equal_same_length<u8, u8> (inlined)
               |          
                --0.06%--__memcmp_evex_movbe

     0.09%     0.00%  candidate  candidate             [.] try_rfold<core::slice::iter::Iter<(alloc::string::String, alloc::string::String)>, (), core::iter::traits::double_ended::DoubleEndedIterator::rfind::check::{closure_env#0}<&(alloc::string::String, alloc::string::String), litchi_ooxml_common::mce::codec::{impl#0}::get::{closure_env#0}>, core::ops::control_flow::ControlFlow<&(alloc::string::String, alloc::string::String), ()>> (inlined)
            |
            ---try_rfold<core::slice::iter::Iter<(alloc::string::String, alloc::string::String)>, (), core::iter::traits::double_ended::DoubleEndedIterator::rfind::check::{closure_env#0}<&(alloc::string::String, alloc::string::String), litchi_ooxml_common::mce::codec::{impl#0}::get::{closure_env#0}>, core::ops::control_flow::ControlFlow<&(alloc::string::String, alloc::string::String), ()>> (inlined)
               {closure#0}<&(alloc::string::String, alloc::string::String), litchi_ooxml_common::mce::codec::{impl#0}::get::{closure_env#0}> (inlined)
               {closure#0} (inlined)
               eq<alloc::string::String, str> (inlined)
               eq (inlined)
               eq (inlined)
               eq<[u8], [u8]> (inlined)
               eq<u8, u8> (inlined)
               equal_same_length<u8, u8> (inlined)
               |          
                --0.06%--__memcmp_evex_movbe

     0.09%     0.00%  candidate  candidate             [.] {closure#0}<&(alloc::string::String, alloc::string::String), litchi_ooxml_common::mce::codec::{impl#0}::get::{closure_env#0}> (inlined)
            |
            ---{closure#0}<&(alloc::string::String, alloc::string::String), litchi_ooxml_common::mce::codec::{impl#0}::get::{closure_env#0}> (inlined)
               {closure#0} (inlined)
               eq<alloc::string::String, str> (inlined)
               eq (inlined)
               eq (inlined)
               eq<[u8], [u8]> (inlined)
               eq<u8, u8> (inlined)
               equal_same_length<u8, u8> (inlined)
               |          
                --0.06%--__memcmp_evex_movbe

     0.09%     0.00%  candidate  candidate             [.] {closure#0} (inlined)
            |
            ---{closure#0} (inlined)
               eq<alloc::string::String, str> (inlined)
               eq (inlined)
               eq (inlined)
               eq<[u8], [u8]> (inlined)
               eq<u8, u8> (inlined)
               equal_same_length<u8, u8> (inlined)
               |          
                --0.06%--__memcmp_evex_movbe

     0.09%     0.00%  candidate  candidate             [.] eq<alloc::string::String, str> (inlined)
            |
            ---eq<alloc::string::String, str> (inlined)
               eq (inlined)
               eq (inlined)
               eq<[u8], [u8]> (inlined)
               eq<u8, u8> (inlined)
               equal_same_length<u8, u8> (inlined)
               |          
                --0.06%--__memcmp_evex_movbe

     0.09%     0.00%  candidate  candidate             [.] eq (inlined)
            |
            ---eq (inlined)
               eq (inlined)
               eq<[u8], [u8]> (inlined)
               eq<u8, u8> (inlined)
               equal_same_length<u8, u8> (inlined)
               |          
                --0.06%--__memcmp_evex_movbe

     0.09%     0.00%  candidate  candidate             [.] eq<[u8], [u8]> (inlined)
            |
            ---eq<[u8], [u8]> (inlined)
               eq<u8, u8> (inlined)
               equal_same_length<u8, u8> (inlined)
               |          
                --0.06%--__memcmp_evex_movbe

     0.09%     0.00%  candidate  candidate             [.] eq<u8, u8> (inlined)
            |
            ---eq<u8, u8> (inlined)
               equal_same_length<u8, u8> (inlined)
               |          
                --0.06%--__memcmp_evex_movbe

     0.09%     0.00%  candidate  candidate             [.] equal_same_length<u8, u8> (inlined)
            |
            ---equal_same_length<u8, u8> (inlined)
               |          
                --0.06%--__memcmp_evex_movbe

     0.09%     0.09%  candidate  candidate             [.] alloc::fmt::format::format_inner
     0.09%     0.00%  candidate  candidate             [.] emit_start (inlined)
            |
            ---emit_start (inlined)
               |          
               |--0.06%--extend<u8, alloc::alloc::Global, &[u8]> (inlined)
               |          spec_extend<u8, alloc::alloc::Global> (inlined)
               |          append_elements<u8, alloc::alloc::Global> (inlined)
               |          copy_nonoverlapping<u8> (inlined)
               |          __memmove_avx512_unaligned_erms
               |          
                --0.03%--strip_suffix<u8, [u8; 2]> (inlined)

     0.09%     0.00%  candidate  candidate             [.] ne<[u8], [u8]> (inlined)
            |
            ---ne<[u8], [u8]> (inlined)
               ne<[u8], [u8]> (inlined)
               eq<u8, u8> (inlined)
               equal_same_length<u8, u8> (inlined)
               __memcmp_evex_movbe

     0.09%     0.00%  candidate  candidate             [.] eq<u8, u8> (inlined)
            |
            ---eq<u8, u8> (inlined)
               equal_same_length<u8, u8> (inlined)
               __memcmp_evex_movbe

     0.09%     0.00%  candidate  candidate             [.] equal_same_length<u8, u8> (inlined)
            |
            ---equal_same_length<u8, u8> (inlined)
               __memcmp_evex_movbe

     0.09%     0.09%  candidate  candidate             [.] quick_xml::name::QName::decompose
     0.09%     0.09%  candidate  candidate             [.] <alloc::string::String as core::fmt::Write>::write_str
     0.09%     0.09%  candidate  candidate             [.] litchi_pptx::parts::presentation::append_slide_reference
     0.09%     0.00%  candidate  candidate             [.] clone<alloc::sync::Arc<litchi_ooxml_common::mce::codec::NamespaceLayer, alloc::alloc::Global>> (inlined)
            |
            ---clone<alloc::sync::Arc<litchi_ooxml_common::mce::codec::NamespaceLayer, alloc::alloc::Global>> (inlined)
               clone<litchi_ooxml_common::mce::codec::NamespaceLayer, alloc::alloc::Global> (inlined)

     0.09%     0.00%  candidate  candidate             [.] clone<litchi_ooxml_common::mce::codec::NamespaceLayer, alloc::alloc::Global> (inlined)
            |
            ---clone<litchi_ooxml_common::mce::codec::NamespaceLayer, alloc::alloc::Global> (inlined)

     0.09%     0.00%  candidate  [unknown]             [.] 0x493fc93fb7bac5fa
            |
            ---0x493fc93fb7bac5fa
               |          
               |--0.06%--0x17
               |          hash_one<std::hash::random::RandomState, &alloc::string::String> (inlined)
               |          finish (inlined)
               |          finish (inlined)
               |          finish<core::hash::sip::Sip13Rounds> (inlined)
               |          d_rounds (inlined)
               |          |          
               |           --0.03%--wrapping_add (inlined)
               |          
                --0.03%--read_event_impl<&[u8], &mut alloc::vec::Vec<u8, alloc::alloc::Global>> (inlined)
                          remove_utf8_bom<&[u8]> (inlined)

     0.09%     0.00%  candidate  [unknown]             [.] 0x800000000000000e
            |
            ---0x800000000000000e
               |          
               |--0.06%--process_event<&[u8]> (inlined)
               |          
                --0.03%--read_event_impl<&[u8], &mut alloc::vec::Vec<u8, alloc::alloc::Global>> (inlined)

     0.09%     0.00%  candidate  candidate             [.] process_event<&[u8]> (inlined)
            |
            ---process_event<&[u8]> (inlined)

     0.07%     0.00%  candidate  [unknown]             [.] 0xffffffff9ec1a367
            |
            ---0xffffffff9ec1a367
               |          
               |--0.04%--0xffffffff9efed5c8
               |          
                --0.03%--0xffffffff9efed5ef
                          0xffffffff9fee6c00

     0.07%     0.00%  candidate  [unknown]             [.] 0xffffffff9ec1a3ee
            |
            ---0xffffffff9ec1a3ee
               0xffffffff9f00085e
               0xffffffff9f0004d3
               0xffffffff9f000000
               0xffffffff9effec02
               0xffffffff9effe7a9
               0xffffffff9f080adb
               0xffffffff9f07d258
               0xffffffff9f03b6cc
               |          
               |--0.03%--0xffffffff9f03a042
               |          0xffffffff9f03802d
               |          0xffffffff9f036dcd
               |          0xffffffff9ff30cae
               |          0xffffffff9ff30da0
               |          
                --0.03%--0xffffffff9f03a2d9
                          0xffffffff9f034a28
                          0xffffffff9f02e7ca

     0.07%     0.00%  candidate  [unknown]             [.] 0xffffffff9f00085e
            |
            ---0xffffffff9f00085e
               0xffffffff9f0004d3
               0xffffffff9f000000
               0xffffffff9effec02
               0xffffffff9effe7a9
               0xffffffff9f080adb
               0xffffffff9f07d258
               0xffffffff9f03b6cc
               |          
               |--0.03%--0xffffffff9f03a042
               |          0xffffffff9f03802d
               |          0xffffffff9f036dcd
               |          0xffffffff9ff30cae
               |          0xffffffff9ff30da0
               |          
                --0.03%--0xffffffff9f03a2d9
                          0xffffffff9f034a28
                          0xffffffff9f02e7ca

     0.07%     0.00%  candidate  [unknown]             [.] 0xffffffff9f0004d3
            |
            ---0xffffffff9f0004d3
               0xffffffff9f000000
               0xffffffff9effec02
               0xffffffff9effe7a9
               0xffffffff9f080adb
               0xffffffff9f07d258
               0xffffffff9f03b6cc
               |          
               |--0.03%--0xffffffff9f03a042
               |          0xffffffff9f03802d
               |          0xffffffff9f036dcd
               |          0xffffffff9ff30cae
               |          0xffffffff9ff30da0
               |          
                --0.03%--0xffffffff9f03a2d9
                          0xffffffff9f034a28
                          0xffffffff9f02e7ca

     0.07%     0.00%  candidate  [unknown]             [.] 0xffffffff9f000000
            |
            ---0xffffffff9f000000
               0xffffffff9effec02
               0xffffffff9effe7a9
               0xffffffff9f080adb
               0xffffffff9f07d258
               0xffffffff9f03b6cc
               |          
               |--0.03%--0xffffffff9f03a042
               |          0xffffffff9f03802d
               |          0xffffffff9f036dcd
               |          0xffffffff9ff30cae
               |          0xffffffff9ff30da0
               |          
                --0.03%--0xffffffff9f03a2d9
                          0xffffffff9f034a28
                          0xffffffff9f02e7ca

     0.07%     0.00%  candidate  [unknown]             [.] 0xffffffff9effec02
            |
            ---0xffffffff9effec02
               0xffffffff9effe7a9
               0xffffffff9f080adb
               0xffffffff9f07d258
               0xffffffff9f03b6cc
               |          
               |--0.03%--0xffffffff9f03a042
               |          0xffffffff9f03802d
               |          0xffffffff9f036dcd
               |          0xffffffff9ff30cae
               |          0xffffffff9ff30da0
               |          
                --0.03%--0xffffffff9f03a2d9
                          0xffffffff9f034a28
                          0xffffffff9f02e7ca

     0.07%     0.00%  candidate  [unknown]             [.] 0xffffffff9effe7a9
            |
            ---0xffffffff9effe7a9
               0xffffffff9f080adb
               0xffffffff9f07d258
               0xffffffff9f03b6cc
               |          
               |--0.03%--0xffffffff9f03a042
               |          0xffffffff9f03802d
               |          0xffffffff9f036dcd
               |          0xffffffff9ff30cae
               |          0xffffffff9ff30da0
               |          
                --0.03%--0xffffffff9f03a2d9
                          0xffffffff9f034a28
                          0xffffffff9f02e7ca

     0.07%     0.00%  candidate  [unknown]             [.] 0xffffffff9f080adb
            |
            ---0xffffffff9f080adb
               0xffffffff9f07d258
               0xffffffff9f03b6cc
               |          
               |--0.03%--0xffffffff9f03a042
               |          0xffffffff9f03802d
               |          0xffffffff9f036dcd
               |          0xffffffff9ff30cae
               |          0xffffffff9ff30da0
               |          
                --0.03%--0xffffffff9f03a2d9
                          0xffffffff9f034a28
                          0xffffffff9f02e7ca

     0.07%     0.00%  candidate  [unknown]             [.] 0xffffffff9f07d258
            |
            ---0xffffffff9f07d258
               0xffffffff9f03b6cc
               |          
               |--0.03%--0xffffffff9f03a042
               |          0xffffffff9f03802d
               |          0xffffffff9f036dcd
               |          0xffffffff9ff30cae
               |          0xffffffff9ff30da0
               |          
                --0.03%--0xffffffff9f03a2d9
                          0xffffffff9f034a28
                          0xffffffff9f02e7ca

     0.07%     0.00%  candidate  [unknown]             [.] 0xffffffff9f03b6cc
            |
            ---0xffffffff9f03b6cc
               |          
               |--0.03%--0xffffffff9f03a042
               |          0xffffffff9f03802d
               |          0xffffffff9f036dcd
               |          0xffffffff9ff30cae
               |          0xffffffff9ff30da0
               |          
                --0.03%--0xffffffff9f03a2d9
                          0xffffffff9f034a28
                          0xffffffff9f02e7ca

     0.06%     0.00%  candidate  candidate             [.] _mm_sha256rnds2_epu32 (inlined)
            |
            ---_mm_sha256rnds2_epu32 (inlined)

     0.06%     0.00%  candidate  [unknown]             [.] 0xffffffff9ed903d6
            |
            ---0xffffffff9ed903d6
               |          
               |--0.03%--0xffffffff9ed75571
               |          0xffffffff9ed4770a
               |          0xffffffff9ed42d78
               |          
                --0.03%--0xffffffff9ed75580
                          0xffffffff9eca8167
                          0xffffffff9ecc649c
                          0xffffffff9ecc602b
                          0xffffffff9ecadd7f
                          0xffffffff9eda20b2
                          0xffffffff9eda1cba
                          0xffffffff9eda1ad1

     0.06%     0.00%  candidate  candidate             [.] decoded_and_normalized_value_with<fn(&str) -> core::option::Option<&str>> (inlined)
            |
            ---decoded_and_normalized_value_with<fn(&str) -> core::option::Option<&str>> (inlined)

     0.06%     0.00%  candidate  candidate             [.] read_event_impl<&[u8], &mut alloc::vec::Vec<u8, alloc::alloc::Global>> (inlined)
            |
            ---read_event_impl<&[u8], &mut alloc::vec::Vec<u8, alloc::alloc::Global>> (inlined)
               |          
                --0.03%--read_until_close<&[u8], &mut alloc::vec::Vec<u8, alloc::alloc::Global>> (inlined)

     0.06%     0.06%  candidate  candidate             [.] litchi_ooxml_common::xml::unqualified_attribute_value
     0.06%     0.06%  candidate  candidate             [.] hashbrown::map::HashMap<K,V,S,A>::get
            |          
             --0.03%--0x3
                       get<alloc::string::String, litchi_opc::rel::Relationship, std::hash::random::RandomState, alloc::alloc::Global, str> (inlined)
                       get<(alloc::string::String, litchi_opc::rel::Relationship), alloc::alloc::Global, hashbrown::map::equivalent_key::{closure_env#0}<str, alloc::string::String, litchi_opc::rel::Relationship>> (inlined)
                       find<(alloc::string::String, litchi_opc::rel::Relationship), alloc::alloc::Global, hashbrown::map::equivalent_key::{closure_env#0}<str, alloc::string::String, litchi_opc::rel::Relationship>> (inlined)
                       find_inner (inlined)
                       {closure#0}<(alloc::string::String, litchi_opc::rel::Relationship), alloc::alloc::Global, hashbrown::map::equivalent_key::{closure_env#0}<str, alloc::string::String, litchi_opc::rel::Relationship>> (inlined)
                       {closure#0}<str, alloc::string::String, litchi_opc::rel::Relationship> (inlined)
                       equivalent<str, alloc::string::String> (inlined)
                       eq<str, str> (inlined)
                       eq (inlined)
                       eq<[u8], [u8]> (inlined)
                       eq<u8, u8> (inlined)

     0.06%     0.06%  candidate  candidate             [.] hashbrown::map::HashMap<K,V,S,A>::insert
     0.06%     0.06%  candidate  candidate             [.] litchi_ooxml_common::mce::model::Capabilities::ooxml_baseline
     0.06%     0.06%  candidate  candidate             [.] <alloc::raw_vec::RawVecInner>::finish_grow
     0.06%     0.00%  candidate  [unknown]             [.] 0x8000000000000002
            |
            ---0x8000000000000002
               next (inlined)

     0.06%     0.00%  candidate  candidate             [.] resolved (inlined)
            |
            ---resolved (inlined)

     0.06%     0.00%  candidate  libc.so.6             [.] tcache_put (inlined)
            |
            ---tcache_put (inlined)
               tcache_put_n (inlined)

     0.06%     0.00%  candidate  libc.so.6             [.] tcache_put_n (inlined)
            |
            ---tcache_put_n (inlined)

     0.06%     0.06%  candidate  candidate             [.] <core::hash::sip::Hasher<S> as core::hash::Hasher>::write
     0.06%     0.00%  candidate  candidate             [.] write<core::hash::sip::Sip13Rounds> (inlined)
            |
            ---write<core::hash::sip::Sip13Rounds> (inlined)
               |          
                --0.03%--c_rounds (inlined)
                          rotate_left (inlined)
                          rotate_left<u64> (inlined)

     0.06%     0.00%  candidate  [unknown]             [.] 0x0000000000000017
            |
            ---0x17
               hash_one<std::hash::random::RandomState, &alloc::string::String> (inlined)
               finish (inlined)
               finish (inlined)
               finish<core::hash::sip::Sip13Rounds> (inlined)
               d_rounds (inlined)
               |          
                --0.03%--wrapping_add (inlined)

     0.06%     0.00%  candidate  candidate             [.] hash_one<std::hash::random::RandomState, &alloc::string::String> (inlined)
            |
            ---hash_one<std::hash::random::RandomState, &alloc::string::String> (inlined)
               finish (inlined)
               finish (inlined)
               finish<core::hash::sip::Sip13Rounds> (inlined)
               d_rounds (inlined)
               |          
                --0.03%--wrapping_add (inlined)

     0.06%     0.00%  candidate  candidate             [.] finish (inlined)
            |
            ---finish (inlined)
               finish (inlined)
               finish<core::hash::sip::Sip13Rounds> (inlined)
               d_rounds (inlined)
               |          
                --0.03%--wrapping_add (inlined)

     0.06%     0.00%  candidate  candidate             [.] finish<core::hash::sip::Sip13Rounds> (inlined)
            |
            ---finish<core::hash::sip::Sip13Rounds> (inlined)
               d_rounds (inlined)
               |          
                --0.03%--wrapping_add (inlined)

     0.06%     0.00%  candidate  candidate             [.] d_rounds (inlined)
            |
            ---d_rounds (inlined)
               |          
                --0.03%--wrapping_add (inlined)

     0.06%     0.00%  candidate  candidate             [.] read_with<&[u8], quick_xml::parser::element::ElementParser> (inlined)
            |
            ---read_with<&[u8], quick_xml::parser::element::ElementParser> (inlined)
               |          
               |--0.03%--feed (inlined)
               |          
                --0.03%--extend_from_slice<u8, alloc::alloc::Global> (inlined)
                          spec_extend<u8, alloc::alloc::Global> (inlined)
                          append_elements<u8, alloc::alloc::Global> (inlined)
                          copy_nonoverlapping<u8> (inlined)
                          __memmove_avx512_unaligned_erms

     0.06%     0.00%  candidate  candidate             [.] extend<u8, alloc::alloc::Global, &[u8]> (inlined)
            |
            ---extend<u8, alloc::alloc::Global, &[u8]> (inlined)
               spec_extend<u8, alloc::alloc::Global> (inlined)
               append_elements<u8, alloc::alloc::Global> (inlined)
               copy_nonoverlapping<u8> (inlined)
               __memmove_avx512_unaligned_erms

     0.06%     0.00%  candidate  candidate             [.] spec_extend<u8, alloc::alloc::Global> (inlined)
            |
            ---spec_extend<u8, alloc::alloc::Global> (inlined)
               append_elements<u8, alloc::alloc::Global> (inlined)
               copy_nonoverlapping<u8> (inlined)
               __memmove_avx512_unaligned_erms

     0.06%     0.00%  candidate  candidate             [.] append_elements<u8, alloc::alloc::Global> (inlined)
            |
            ---append_elements<u8, alloc::alloc::Global> (inlined)
               copy_nonoverlapping<u8> (inlined)
               __memmove_avx512_unaligned_erms

     0.06%     0.00%  candidate  candidate             [.] copy_nonoverlapping<u8> (inlined)
            |
            ---copy_nonoverlapping<u8> (inlined)
               __memmove_avx512_unaligned_erms

     0.06%     0.06%  candidate  candidate             [.] __rustc::__rust_dealloc
     0.06%     0.00%  candidate  candidate             [.] read_event_impl<&[u8], &mut alloc::vec::Vec<u8, alloc::alloc::Global>> (inlined)
            |
            ---read_event_impl<&[u8], &mut alloc::vec::Vec<u8, alloc::alloc::Global>> (inlined)
               |          
               |--0.03%--read_until_close<&[u8], &mut alloc::vec::Vec<u8, alloc::alloc::Global>> (inlined)
               |          
                --0.03%--remove_utf8_bom<&[u8]> (inlined)

     0.06%     0.00%  candidate  candidate             [.] after (inlined)
            |
            ---after (inlined)

     0.04%     0.04%  candidate  candidate             [.] core::ptr::drop_in_place<litchi_opc::part::BlobPart>
            |
            ---drop_in_place<litchi_opc::part::BlobPart> (inlined)
               drop_in_place<litchi_opc::payload::PartPayload> (inlined)
               drop_in_place<alloc::sync::Arc<alloc::vec::Vec<u8, alloc::alloc::Global>, alloc::alloc::Global>> (inlined)
               drop<alloc::vec::Vec<u8, alloc::alloc::Global>, alloc::alloc::Global> (inlined)

     0.04%     0.00%  candidate  candidate             [.] drop_in_place<litchi_opc::part::BlobPart> (inlined)
            |
            ---drop_in_place<litchi_opc::part::BlobPart> (inlined)
               drop_in_place<litchi_opc::payload::PartPayload> (inlined)
               drop_in_place<alloc::sync::Arc<alloc::vec::Vec<u8, alloc::alloc::Global>, alloc::alloc::Global>> (inlined)
               drop<alloc::vec::Vec<u8, alloc::alloc::Global>, alloc::alloc::Global> (inlined)

     0.04%     0.00%  candidate  candidate             [.] drop_in_place<litchi_opc::payload::PartPayload> (inlined)
            |
            ---drop_in_place<litchi_opc::payload::PartPayload> (inlined)
               drop_in_place<alloc::sync::Arc<alloc::vec::Vec<u8, alloc::alloc::Global>, alloc::alloc::Global>> (inlined)
               drop<alloc::vec::Vec<u8, alloc::alloc::Global>, alloc::alloc::Global> (inlined)

     0.04%     0.00%  candidate  candidate             [.] drop_in_place<alloc::sync::Arc<alloc::vec::Vec<u8, alloc::alloc::Global>, alloc::alloc::Global>> (inlined)
            |
            ---drop_in_place<alloc::sync::Arc<alloc::vec::Vec<u8, alloc::alloc::Global>, alloc::alloc::Global>> (inlined)
               drop<alloc::vec::Vec<u8, alloc::alloc::Global>, alloc::alloc::Global> (inlined)

     0.04%     0.00%  candidate  candidate             [.] drop<alloc::vec::Vec<u8, alloc::alloc::Global>, alloc::alloc::Global> (inlined)
            |
            ---drop<alloc::vec::Vec<u8, alloc::alloc::Global>, alloc::alloc::Global> (inlined)

     0.04%     0.04%  candidate  candidate             [.] zlib_rs::deflate::gen_codes
            |
            ---0x47c3d32f
               gen_codes (inlined)
               reverse_bits (inlined)

     0.04%     0.00%  candidate  [unknown]             [.] 0x0000000047c3d32f
            |
            ---0x47c3d32f
               gen_codes (inlined)
               reverse_bits (inlined)

     0.04%     0.00%  candidate  candidate             [.] gen_codes (inlined)
            |
            ---gen_codes (inlined)
               reverse_bits (inlined)

     0.04%     0.00%  candidate  candidate             [.] reverse_bits (inlined)
            |
            ---reverse_bits (inlined)

     0.04%     0.04%  candidate  [unknown]             [k] 0xffffffff9efed5c8
            |
            ---0x8b86bf
               init (inlined)
               write_bytes<[u16; 65536]> (inlined)
               write_bytes<[u16; 65536]> (inlined)
               __memset_avx512_unaligned_erms
               0xffffffff9e800bb7
               0xffffffff9ff1e2e3
               0xffffffff9ec1a367
               0xffffffff9efed5c8

     0.04%     0.00%  candidate  [unknown]             [k] 0x00000000008b86bf
            |
            ---0x8b86bf
               init (inlined)
               write_bytes<[u16; 65536]> (inlined)
               write_bytes<[u16; 65536]> (inlined)
               __memset_avx512_unaligned_erms
               0xffffffff9e800bb7
               0xffffffff9ff1e2e3
               0xffffffff9ec1a367
               0xffffffff9efed5c8

     0.04%     0.00%  candidate  candidate             [.] init (inlined)
            |
            ---init (inlined)
               write_bytes<[u16; 65536]> (inlined)
               write_bytes<[u16; 65536]> (inlined)
               __memset_avx512_unaligned_erms
               0xffffffff9e800bb7
               0xffffffff9ff1e2e3
               0xffffffff9ec1a367
               0xffffffff9efed5c8

     0.04%     0.00%  candidate  candidate             [.] write_bytes<[u16; 65536]> (inlined)
            |
            ---write_bytes<[u16; 65536]> (inlined)
               write_bytes<[u16; 65536]> (inlined)
               __memset_avx512_unaligned_erms
               0xffffffff9e800bb7
               0xffffffff9ff1e2e3
               0xffffffff9ec1a367
               0xffffffff9efed5c8

     0.04%     0.04%  candidate  candidate             [.] zlib_rs::inflate::inflate_fast_help
            |
            ---0x47cdf911
               inflate_fast_help (inlined)
               inflate_fast_help_vanilla (inlined)
               inflate_fast_help_impl<0> (inlined)
               drop_bits (inlined)

     0.04%     0.00%  candidate  [unknown]             [.] 0x0000000047cdf911
            |
            ---0x47cdf911
               inflate_fast_help (inlined)
               inflate_fast_help_vanilla (inlined)
               inflate_fast_help_impl<0> (inlined)
               drop_bits (inlined)

     0.04%     0.00%  candidate  candidate             [.] inflate_fast_help (inlined)
            |
            ---inflate_fast_help (inlined)
               inflate_fast_help_vanilla (inlined)
               inflate_fast_help_impl<0> (inlined)
               drop_bits (inlined)

     0.04%     0.00%  candidate  candidate             [.] inflate_fast_help_vanilla (inlined)
            |
            ---inflate_fast_help_vanilla (inlined)
               inflate_fast_help_impl<0> (inlined)
               drop_bits (inlined)

     0.04%     0.00%  candidate  candidate             [.] inflate_fast_help_impl<0> (inlined)
            |
            ---inflate_fast_help_impl<0> (inlined)
               drop_bits (inlined)

     0.04%     0.00%  candidate  candidate             [.] drop_bits (inlined)
            |
            ---drop_bits (inlined)

     0.03%     0.03%  candidate  candidate             [.] zlib_rs::deflate::algorithm::medium::deflate_medium
            |
            ---deflate_medium (inlined)

     0.03%     0.00%  candidate  candidate             [.] deflate_medium (inlined)
            |
            ---deflate_medium (inlined)

     0.03%     0.03%  candidate  [unknown]             [k] 0xffffffff9fee6c00
            |
            ---_dl_map_object_deps
               rewrite_part<probe0699_refusal::build_cases::{closure_env#5}> (inlined)
               {closure#5} (inlined)
               resize<u8, alloc::alloc::Global> (inlined)
               extend_with<u8, alloc::alloc::Global> (inlined)
               write<u8> (inlined)
               __memset_avx512_unaligned_erms
               0xffffffff9e800bb7
               0xffffffff9ff1e2e3
               0xffffffff9ec1a367
               0xffffffff9efed5ef
               0xffffffff9fee6c00

     0.03%     0.00%  candidate  [unknown]             [.] 0xffffffff9efed5ef
            |
            ---0xffffffff9efed5ef
               0xffffffff9fee6c00

     0.03%     0.03%  candidate  [unknown]             [k] 0xffffffff9ff30da0
            |
            ---_dl_map_object_deps
               rewrite_part<probe0699_refusal::build_cases::{closure_env#5}> (inlined)
               {closure#5} (inlined)
               resize<u8, alloc::alloc::Global> (inlined)
               extend_with<u8, alloc::alloc::Global> (inlined)
               write<u8> (inlined)
               __memset_avx512_unaligned_erms
               0xffffffff9e800bb7
               0xffffffff9ff1e2e3
               0xffffffff9ec1a3ee
               0xffffffff9f00085e
               0xffffffff9f0004d3
               0xffffffff9f000000
               0xffffffff9effec02
               0xffffffff9effe7a9
               0xffffffff9f080adb
               0xffffffff9f07d258
               0xffffffff9f03b6cc
               0xffffffff9f03a042
               0xffffffff9f03802d
               0xffffffff9f036dcd
               0xffffffff9ff30cae
               0xffffffff9ff30da0

     0.03%     0.00%  candidate  [unknown]             [.] 0xffffffff9f03a042
            |
            ---0xffffffff9f03a042
               0xffffffff9f03802d
               0xffffffff9f036dcd
               0xffffffff9ff30cae
               0xffffffff9ff30da0

     0.03%     0.00%  candidate  [unknown]             [.] 0xffffffff9f03802d
            |
            ---0xffffffff9f03802d
               0xffffffff9f036dcd
               0xffffffff9ff30cae
               0xffffffff9ff30da0

     0.03%     0.00%  candidate  [unknown]             [.] 0xffffffff9f036dcd
            |
            ---0xffffffff9f036dcd
               0xffffffff9ff30cae
               0xffffffff9ff30da0

     0.03%     0.00%  candidate  [unknown]             [.] 0xffffffff9ff30cae
            |
            ---0xffffffff9ff30cae
               0xffffffff9ff30da0

     0.03%     0.03%  candidate  [unknown]             [k] 0xffffffff9f02e7ca
            |
            ---_dl_map_object_deps
               rewrite_part<probe0699_refusal::build_cases::{closure_env#5}> (inlined)
               {closure#5} (inlined)
               resize<u8, alloc::alloc::Global> (inlined)
               extend_with<u8, alloc::alloc::Global> (inlined)
               write<u8> (inlined)
               __memset_avx512_unaligned_erms
               0xffffffff9e800bb7
               0xffffffff9ff1e2e3
               0xffffffff9ec1a3ee
               0xffffffff9f00085e
               0xffffffff9f0004d3
               0xffffffff9f000000
               0xffffffff9effec02
               0xffffffff9effe7a9
               0xffffffff9f080adb
               0xffffffff9f07d258
               0xffffffff9f03b6cc
               0xffffffff9f03a2d9
               0xffffffff9f034a28
               0xffffffff9f02e7ca

     0.03%     0.00%  candidate  [unknown]             [.] 0xffffffff9f03a2d9
            |
            ---0xffffffff9f03a2d9
               0xffffffff9f034a28
               0xffffffff9f02e7ca

     0.03%     0.00%  candidate  [unknown]             [.] 0xffffffff9f034a28
            |
            ---0xffffffff9f034a28
               0xffffffff9f02e7ca

     0.03%     0.00%  candidate  candidate             [.] _mm_sha256msg1_epu32 (inlined)
            |
            ---_mm_sha256msg1_epu32 (inlined)

     0.03%     0.00%  candidate  candidate             [.] _mm_alignr_epi8<4> (inlined)
            |
            ---_mm_alignr_epi8<4> (inlined)

     0.03%     0.00%  candidate  candidate             [.] read_until_close<&[u8], &mut alloc::vec::Vec<u8, alloc::alloc::Global>> (inlined)
            |
            ---read_until_close<&[u8], &mut alloc::vec::Vec<u8, alloc::alloc::Global>> (inlined)

     0.03%     0.00%  candidate  candidate             [.] clone<alloc::sync::Arc<litchi_ooxml_common::mce::codec::DirectiveLayer, alloc::alloc::Global>> (inlined)
            |
            ---clone<alloc::sync::Arc<litchi_ooxml_common::mce::codec::DirectiveLayer, alloc::alloc::Global>> (inlined)
               clone<litchi_ooxml_common::mce::codec::DirectiveLayer, alloc::alloc::Global> (inlined)

     0.03%     0.00%  candidate  candidate             [.] clone<litchi_ooxml_common::mce::codec::DirectiveLayer, alloc::alloc::Global> (inlined)
            |
            ---clone<litchi_ooxml_common::mce::codec::DirectiveLayer, alloc::alloc::Global> (inlined)

     0.03%     0.00%  candidate  [unknown]             [k] 0x0000000000000011
            |
            ---0x11
               __libc_malloc (inlined)
               0xffffffff9e800ef0

     0.03%     0.00%  candidate  candidate             [.] read_until_close<&[u8], &mut alloc::vec::Vec<u8, alloc::alloc::Global>> (inlined)
            |
            ---read_until_close<&[u8], &mut alloc::vec::Vec<u8, alloc::alloc::Global>> (inlined)

     0.03%     0.03%  candidate  [unknown]             [k] 0xffffffff9ed0504b
            |
            ---0xffffffff9e800f0b
               0xffffffff9ff1d894
               0xffffffff9ebf0f48
               0xffffffff9ed777d4
               0xffffffff9ed7690c
               0xffffffff9ed904a5
               0xffffffff9ed90257
               0xffffffff9ed7cb3c
               0xffffffff9ff3033e
               0xffffffff9ed0504b

     0.03%     0.00%  candidate  [unknown]             [k] 0xffffffff9ed904a5
            |
            ---0xffffffff9ed904a5
               0xffffffff9ed90257
               0xffffffff9ed7cb3c
               0xffffffff9ff3033e
               0xffffffff9ed0504b

     0.03%     0.00%  candidate  [unknown]             [k] 0xffffffff9ed90257
            |
            ---0xffffffff9ed90257
               0xffffffff9ed7cb3c
               0xffffffff9ff3033e
               0xffffffff9ed0504b

     0.03%     0.00%  candidate  [unknown]             [k] 0xffffffff9ed7cb3c
            |
            ---0xffffffff9ed7cb3c
               0xffffffff9ff3033e
               0xffffffff9ed0504b

     0.03%     0.00%  candidate  [unknown]             [k] 0xffffffff9ff3033e
            |
            ---0xffffffff9ff3033e
               0xffffffff9ed0504b

     0.03%     0.00%  candidate  [unknown]             [.] 0x000000000000005f
            |
            ---0x5f
               write_start (inlined)

     0.03%     0.00%  candidate  candidate             [.] write_start (inlined)
            |
            ---write_start (inlined)

     0.03%     0.00%  candidate  candidate             [.] check_for_duplicates (inlined)
            |
            ---check_for_duplicates (inlined)
               push<core::ops::range::Range<usize>, alloc::alloc::Global> (inlined)
               push_mut<core::ops::range::Range<usize>, alloc::alloc::Global> (inlined)
               finish_grow<alloc::alloc::Global> (inlined)

     0.03%     0.00%  candidate  candidate             [.] push<core::ops::range::Range<usize>, alloc::alloc::Global> (inlined)
            |
            ---push<core::ops::range::Range<usize>, alloc::alloc::Global> (inlined)
               push_mut<core::ops::range::Range<usize>, alloc::alloc::Global> (inlined)
               finish_grow<alloc::alloc::Global> (inlined)

     0.03%     0.00%  candidate  candidate             [.] push_mut<core::ops::range::Range<usize>, alloc::alloc::Global> (inlined)
            |
            ---push_mut<core::ops::range::Range<usize>, alloc::alloc::Global> (inlined)
               finish_grow<alloc::alloc::Global> (inlined)

     0.03%     0.00%  candidate  candidate             [.] finish_grow<alloc::alloc::Global> (inlined)
            |
            ---finish_grow<alloc::alloc::Global> (inlined)

     0.03%     0.00%  candidate  candidate             [.] resolve_prefix (inlined)
            |
            ---resolve_prefix (inlined)

     0.03%     0.00%  candidate  candidate             [.] strip_suffix<u8, [u8; 2]> (inlined)
            |
            ---strip_suffix<u8, [u8; 2]> (inlined)

     0.03%     0.00%  candidate  [unknown]             [.] 0x3e3e3e3e3e3e3e3d
            |
            ---0x3e3e3e3e3e3e3e3d
               find_raw (inlined)
               find_avx2 (inlined)
               new_unchecked (inlined)

     0.03%     0.00%  candidate  candidate             [.] find_raw (inlined)
            |
            ---find_raw (inlined)
               find_avx2 (inlined)
               new_unchecked (inlined)

     0.03%     0.00%  candidate  candidate             [.] find_avx2 (inlined)
            |
            ---find_avx2 (inlined)
               new_unchecked (inlined)

     0.03%     0.00%  candidate  candidate             [.] new_unchecked (inlined)
            |
            ---new_unchecked (inlined)

     0.03%     0.03%  candidate  candidate             [.] <str>::to_ascii_lowercase
     0.03%     0.00%  candidate  [unknown]             [.] 0x636c636f2e6c7274
            |
            ---0x636c636f2e6c7274
               __rdl_alloc (inlined)

     0.03%     0.00%  candidate  candidate             [.] __rdl_alloc (inlined)
            |
            ---__rdl_alloc (inlined)

     0.03%     0.00%  candidate  candidate             [.] 0x00005efa298ec021
            |
            ---0x5efa298ec021
               new<alloc::string::String> (inlined)
               skip<core::str::iter::Split<char>> (inlined)
               new<core::str::iter::Split<char>> (inlined)

     0.03%     0.00%  candidate  candidate             [.] new<alloc::string::String> (inlined)
            |
            ---new<alloc::string::String> (inlined)
               skip<core::str::iter::Split<char>> (inlined)
               new<core::str::iter::Split<char>> (inlined)

     0.03%     0.00%  candidate  candidate             [.] skip<core::str::iter::Split<char>> (inlined)
            |
            ---skip<core::str::iter::Split<char>> (inlined)
               new<core::str::iter::Split<char>> (inlined)

     0.03%     0.00%  candidate  candidate             [.] new<core::str::iter::Split<char>> (inlined)
            |
            ---new<core::str::iter::Split<char>> (inlined)

     0.03%     0.03%  candidate  candidate             [.] <str as core::fmt::Debug>::fmt
     0.03%     0.00%  candidate  candidate             [.] memchr_aligned (inlined)
            |
            ---memchr_aligned (inlined)

     0.03%     0.00%  candidate  candidate             [.] new<litchi_ooxml_common::mce::codec::NamePattern> (inlined)
            |
            ---new<litchi_ooxml_common::mce::codec::NamePattern> (inlined)
               default<litchi_ooxml_common::mce::codec::NamePattern, std::hash::random::RandomState> (inlined)

     0.03%     0.00%  candidate  candidate             [.] default<litchi_ooxml_common::mce::codec::NamePattern, std::hash::random::RandomState> (inlined)
            |
            ---default<litchi_ooxml_common::mce::codec::NamePattern, std::hash::random::RandomState> (inlined)

     0.03%     0.03%  candidate  [unknown]             [k] 0xffffffff9ed42d78
            |
            ---__libc_free (inlined)
               tcache_put (inlined)
               tcache_put_n (inlined)
               0xffffffff9e800f0b
               0xffffffff9ff1d894
               0xffffffff9ebf0f48
               0xffffffff9ed777d4
               0xffffffff9ed7690c
               0xffffffff9ed903d6
               0xffffffff9ed75571
               0xffffffff9ed4770a
               0xffffffff9ed42d78

     0.03%     0.00%  candidate  [unknown]             [.] 0xffffffff9ed75571
            |
            ---0xffffffff9ed75571
               0xffffffff9ed4770a
               0xffffffff9ed42d78

     0.03%     0.00%  candidate  [unknown]             [.] 0xffffffff9ed4770a
            |
            ---0xffffffff9ed4770a
               0xffffffff9ed42d78

     0.03%     0.00%  candidate  candidate             [.] new<alloc::string::String> (inlined)
            |
            ---new<alloc::string::String> (inlined)
               default<alloc::string::String, std::hash::random::RandomState> (inlined)

     0.03%     0.00%  candidate  candidate             [.] default<alloc::string::String, std::hash::random::RandomState> (inlined)
            |
            ---default<alloc::string::String, std::hash::random::RandomState> (inlined)

     0.03%     0.00%  candidate  candidate             [.] map<core::ops::range::Range<usize>, &[u8], quick_xml::events::attributes::{impl#8}::next::{closure_env#0}> (inlined)
            |
            ---map<core::ops::range::Range<usize>, &[u8], quick_xml::events::attributes::{impl#8}::next::{closure_env#0}> (inlined)

     0.03%     0.03%  candidate  candidate             [.] core::hash::BuildHasher::hash_one
     0.03%     0.00%  candidate  candidate             [.] get<alloc::string::String, litchi_opc::rel::Relationship, std::hash::random::RandomState, alloc::alloc::Global, str> (inlined)
            |
            ---get<alloc::string::String, litchi_opc::rel::Relationship, std::hash::random::RandomState, alloc::alloc::Global, str> (inlined)
               get<(alloc::string::String, litchi_opc::rel::Relationship), alloc::alloc::Global, hashbrown::map::equivalent_key::{closure_env#0}<str, alloc::string::String, litchi_opc::rel::Relationship>> (inlined)
               find<(alloc::string::String, litchi_opc::rel::Relationship), alloc::alloc::Global, hashbrown::map::equivalent_key::{closure_env#0}<str, alloc::string::String, litchi_opc::rel::Relationship>> (inlined)
               find_inner (inlined)
               {closure#0}<(alloc::string::String, litchi_opc::rel::Relationship), alloc::alloc::Global, hashbrown::map::equivalent_key::{closure_env#0}<str, alloc::string::String, litchi_opc::rel::Relationship>> (inlined)
               {closure#0}<str, alloc::string::String, litchi_opc::rel::Relationship> (inlined)
               equivalent<str, alloc::string::String> (inlined)
               eq<str, str> (inlined)
               eq (inlined)
               eq<[u8], [u8]> (inlined)
               eq<u8, u8> (inlined)

     0.03%     0.00%  candidate  candidate             [.] get<(alloc::string::String, litchi_opc::rel::Relationship), alloc::alloc::Global, hashbrown::map::equivalent_key::{closure_env#0}<str, alloc::string::String, litchi_opc::rel::Relationship>> (inlined)
            |
            ---get<(alloc::string::String, litchi_opc::rel::Relationship), alloc::alloc::Global, hashbrown::map::equivalent_key::{closure_env#0}<str, alloc::string::String, litchi_opc::rel::Relationship>> (inlined)
               find<(alloc::string::String, litchi_opc::rel::Relationship), alloc::alloc::Global, hashbrown::map::equivalent_key::{closure_env#0}<str, alloc::string::String, litchi_opc::rel::Relationship>> (inlined)
               find_inner (inlined)
               {closure#0}<(alloc::string::String, litchi_opc::rel::Relationship), alloc::alloc::Global, hashbrown::map::equivalent_key::{closure_env#0}<str, alloc::string::String, litchi_opc::rel::Relationship>> (inlined)
               {closure#0}<str, alloc::string::String, litchi_opc::rel::Relationship> (inlined)
               equivalent<str, alloc::string::String> (inlined)
               eq<str, str> (inlined)
               eq (inlined)
               eq<[u8], [u8]> (inlined)
               eq<u8, u8> (inlined)

     0.03%     0.00%  candidate  candidate             [.] find<(alloc::string::String, litchi_opc::rel::Relationship), alloc::alloc::Global, hashbrown::map::equivalent_key::{closure_env#0}<str, alloc::string::String, litchi_opc::rel::Relationship>> (inlined)
            |
            ---find<(alloc::string::String, litchi_opc::rel::Relationship), alloc::alloc::Global, hashbrown::map::equivalent_key::{closure_env#0}<str, alloc::string::String, litchi_opc::rel::Relationship>> (inlined)
               find_inner (inlined)
               {closure#0}<(alloc::string::String, litchi_opc::rel::Relationship), alloc::alloc::Global, hashbrown::map::equivalent_key::{closure_env#0}<str, alloc::string::String, litchi_opc::rel::Relationship>> (inlined)
               {closure#0}<str, alloc::string::String, litchi_opc::rel::Relationship> (inlined)
               equivalent<str, alloc::string::String> (inlined)
               eq<str, str> (inlined)
               eq (inlined)
               eq<[u8], [u8]> (inlined)
               eq<u8, u8> (inlined)

     0.03%     0.00%  candidate  candidate             [.] find_inner (inlined)
            |
            ---find_inner (inlined)
               {closure#0}<(alloc::string::String, litchi_opc::rel::Relationship), alloc::alloc::Global, hashbrown::map::equivalent_key::{closure_env#0}<str, alloc::string::String, litchi_opc::rel::Relationship>> (inlined)
               {closure#0}<str, alloc::string::String, litchi_opc::rel::Relationship> (inlined)
               equivalent<str, alloc::string::String> (inlined)
               eq<str, str> (inlined)
               eq (inlined)
               eq<[u8], [u8]> (inlined)
               eq<u8, u8> (inlined)

     0.03%     0.00%  candidate  candidate             [.] {closure#0}<(alloc::string::String, litchi_opc::rel::Relationship), alloc::alloc::Global, hashbrown::map::equivalent_key::{closure_env#0}<str, alloc::string::String, litchi_opc::rel::Relationship>> (inlined)
            |
            ---{closure#0}<(alloc::string::String, litchi_opc::rel::Relationship), alloc::alloc::Global, hashbrown::map::equivalent_key::{closure_env#0}<str, alloc::string::String, litchi_opc::rel::Relationship>> (inlined)
               {closure#0}<str, alloc::string::String, litchi_opc::rel::Relationship> (inlined)
               equivalent<str, alloc::string::String> (inlined)
               eq<str, str> (inlined)
               eq (inlined)
               eq<[u8], [u8]> (inlined)
               eq<u8, u8> (inlined)

     0.03%     0.00%  candidate  candidate             [.] {closure#0}<str, alloc::string::String, litchi_opc::rel::Relationship> (inlined)
            |
            ---{closure#0}<str, alloc::string::String, litchi_opc::rel::Relationship> (inlined)
               equivalent<str, alloc::string::String> (inlined)
               eq<str, str> (inlined)
               eq (inlined)
               eq<[u8], [u8]> (inlined)
               eq<u8, u8> (inlined)

     0.03%     0.00%  candidate  candidate             [.] equivalent<str, alloc::string::String> (inlined)
            |
            ---equivalent<str, alloc::string::String> (inlined)
               eq<str, str> (inlined)
               eq (inlined)
               eq<[u8], [u8]> (inlined)
               eq<u8, u8> (inlined)

     0.03%     0.00%  candidate  candidate             [.] eq<str, str> (inlined)
            |
            ---eq<str, str> (inlined)
               eq (inlined)
               eq<[u8], [u8]> (inlined)
               eq<u8, u8> (inlined)

     0.03%     0.00%  candidate  candidate             [.] eq (inlined)
            |
            ---eq (inlined)
               eq<[u8], [u8]> (inlined)
               eq<u8, u8> (inlined)

     0.03%     0.00%  candidate  candidate             [.] eq<[u8], [u8]> (inlined)
            |
            ---eq<[u8], [u8]> (inlined)
               eq<u8, u8> (inlined)

     0.03%     0.00%  candidate  candidate             [.] eq<u8, u8> (inlined)
            |
            ---eq<u8, u8> (inlined)

     0.03%     0.00%  candidate  candidate             [.] is_ignorable (inlined)
            |
            ---is_ignorable (inlined)

     0.03%     0.00%  candidate  candidate             [.] wrapping_add (inlined)
            |
            ---wrapping_add (inlined)

     0.03%     0.00%  candidate  [unknown]             [.] 0x0000000000000006
            |
            ---0x6
               _int_realloc
               inspect_element (inlined)
               branch<alloc::string::String, litchi_pptx::error::Error> (inlined)

     0.03%     0.00%  candidate  candidate             [.] inspect_element (inlined)
            |
            ---inspect_element (inlined)
               branch<alloc::string::String, litchi_pptx::error::Error> (inlined)

     0.03%     0.00%  candidate  candidate             [.] branch<alloc::string::String, litchi_pptx::error::Error> (inlined)
            |
            ---branch<alloc::string::String, litchi_pptx::error::Error> (inlined)

     0.03%     0.03%  candidate  [unknown]             [k] 0xffffffff9eda1ad1
            |
            ---0xffffffff9e800f0b
               0xffffffff9ff1d894
               0xffffffff9ebf0f48
               0xffffffff9ed777d4
               0xffffffff9ed7690c
               0xffffffff9ed903d6
               0xffffffff9ed75580
               0xffffffff9eca8167
               0xffffffff9ecc649c
               0xffffffff9ecc602b
               0xffffffff9ecadd7f
               0xffffffff9eda20b2
               0xffffffff9eda1cba
               0xffffffff9eda1ad1

     0.03%     0.00%  candidate  [unknown]             [k] 0xffffffff9ed75580
            |
            ---0xffffffff9ed75580
               0xffffffff9eca8167
               0xffffffff9ecc649c
               0xffffffff9ecc602b
               0xffffffff9ecadd7f
               0xffffffff9eda20b2
               0xffffffff9eda1cba
               0xffffffff9eda1ad1

     0.03%     0.00%  candidate  [unknown]             [k] 0xffffffff9eca8167
            |
            ---0xffffffff9eca8167
               0xffffffff9ecc649c
               0xffffffff9ecc602b
               0xffffffff9ecadd7f
               0xffffffff9eda20b2
               0xffffffff9eda1cba
               0xffffffff9eda1ad1

     0.03%     0.00%  candidate  [unknown]             [k] 0xffffffff9ecc649c
            |
            ---0xffffffff9ecc649c
               0xffffffff9ecc602b
               0xffffffff9ecadd7f
               0xffffffff9eda20b2
               0xffffffff9eda1cba
               0xffffffff9eda1ad1

     0.03%     0.00%  candidate  [unknown]             [k] 0xffffffff9ecc602b
            |
            ---0xffffffff9ecc602b
               0xffffffff9ecadd7f
               0xffffffff9eda20b2
               0xffffffff9eda1cba
               0xffffffff9eda1ad1

     0.03%     0.00%  candidate  [unknown]             [k] 0xffffffff9ecadd7f
            |
            ---0xffffffff9ecadd7f
               0xffffffff9eda20b2
               0xffffffff9eda1cba
               0xffffffff9eda1ad1

     0.03%     0.00%  candidate  [unknown]             [k] 0xffffffff9eda20b2
            |
            ---0xffffffff9eda20b2
               0xffffffff9eda1cba
               0xffffffff9eda1ad1

     0.03%     0.00%  candidate  [unknown]             [k] 0xffffffff9eda1cba
            |
            ---0xffffffff9eda1cba
               0xffffffff9eda1ad1

     0.03%     0.03%  candidate  candidate             [.] <quick_xml::events::attributes::Attributes as core::iter::traits::iterator::Iterator>::next
     0.03%     0.00%  candidate  candidate             [.] next (inlined)
            |
            ---next (inlined)

     0.03%     0.03%  candidate  candidate             [.] core::hash::BuildHasher::hash_one
     0.03%     0.03%  candidate  candidate             [.] core::hash::BuildHasher::hash_one
     0.03%     0.00%  candidate  candidate             [.] grow_one<quick_xml::name::NamespaceBinding, alloc::alloc::Global> (inlined)
            |
            ---grow_one<quick_xml::name::NamespaceBinding, alloc::alloc::Global> (inlined)

     0.03%     0.00%  candidate  libc.so.6             [.] 0x0000717ecc22273d
            |
            ---0x717ecc22273d
               0x5efa29aa97bf
               find_raw_avx2 (inlined)

     0.03%     0.00%  candidate  candidate             [.] 0x00005efa29aa97bf
            |
            ---0x5efa29aa97bf
               find_raw_avx2 (inlined)

     0.03%     0.00%  candidate  candidate             [.] find_raw_avx2 (inlined)
            |
            ---find_raw_avx2 (inlined)

     0.03%     0.00%  candidate  [unknown]             [.] 0x0000000000000015
            |
            ---0x15
               0xe
               write<core::hash::sip::Sip13Rounds> (inlined)
               c_rounds (inlined)
               rotate_left (inlined)
               rotate_left<u64> (inlined)

     0.03%     0.00%  candidate  [unknown]             [.] 0x000000000000000e
            |
            ---0xe
               write<core::hash::sip::Sip13Rounds> (inlined)
               c_rounds (inlined)
               rotate_left (inlined)
               rotate_left<u64> (inlined)

     0.03%     0.00%  candidate  candidate             [.] c_rounds (inlined)
            |
            ---c_rounds (inlined)
               rotate_left (inlined)
               rotate_left<u64> (inlined)

     0.03%     0.00%  candidate  candidate             [.] rotate_left (inlined)
            |
            ---rotate_left (inlined)
               rotate_left<u64> (inlined)

     0.03%     0.00%  candidate  candidate             [.] rotate_left<u64> (inlined)
            |
            ---rotate_left<u64> (inlined)

     0.03%     0.03%  candidate  [unknown]             [k] 0xffffffff9ff08ded
            |
            ---__memmove_avx512_unaligned_erms
               0xffffffff9e800f0b
               0xffffffff9ff1d899
               0xffffffff9ec514ae
               0xffffffff9ec510b0
               0xffffffff9ec50d21
               0xffffffff9ed742cb
               0xffffffff9ed95e55
               0xffffffff9ed95c85
               0xffffffff9ed95a04
               0xffffffff9ed75312
               0xffffffff9ed73e0e
               0xffffffff9ed730f0
               0xffffffffc04a7642
               0xffffffffc04b4c93
               0xffffffffc04b4b4b
               0xffffffffc04b4636
               0xffffffff9fcbb877
               0xffffffff9ff08ded

     0.03%     0.00%  candidate  [unknown]             [.] 0xffffffff9ff1d899
            |
            ---0xffffffff9ff1d899
               0xffffffff9ec514ae
               0xffffffff9ec510b0
               0xffffffff9ec50d21
               0xffffffff9ed742cb
               0xffffffff9ed95e55
               0xffffffff9ed95c85
               0xffffffff9ed95a04
               0xffffffff9ed75312
               0xffffffff9ed73e0e
               0xffffffff9ed730f0
               0xffffffffc04a7642
               0xffffffffc04b4c93
               0xffffffffc04b4b4b
               0xffffffffc04b4636
               0xffffffff9fcbb877
               0xffffffff9ff08ded

     0.03%     0.00%  candidate  [unknown]             [.] 0xffffffff9ec514ae
            |
            ---0xffffffff9ec514ae
               0xffffffff9ec510b0
               0xffffffff9ec50d21
               0xffffffff9ed742cb
               0xffffffff9ed95e55
               0xffffffff9ed95c85
               0xffffffff9ed95a04
               0xffffffff9ed75312
               0xffffffff9ed73e0e
               0xffffffff9ed730f0
               0xffffffffc04a7642
               0xffffffffc04b4c93
               0xffffffffc04b4b4b
               0xffffffffc04b4636
               0xffffffff9fcbb877
               0xffffffff9ff08ded

     0.03%     0.00%  candidate  [unknown]             [.] 0xffffffff9ec510b0
            |
            ---0xffffffff9ec510b0
               0xffffffff9ec50d21
               0xffffffff9ed742cb
               0xffffffff9ed95e55
               0xffffffff9ed95c85
               0xffffffff9ed95a04
               0xffffffff9ed75312
               0xffffffff9ed73e0e
               0xffffffff9ed730f0
               0xffffffffc04a7642
               0xffffffffc04b4c93
               0xffffffffc04b4b4b
               0xffffffffc04b4636
               0xffffffff9fcbb877
               0xffffffff9ff08ded

     0.03%     0.00%  candidate  [unknown]             [.] 0xffffffff9ec50d21
            |
            ---0xffffffff9ec50d21
               0xffffffff9ed742cb
               0xffffffff9ed95e55
               0xffffffff9ed95c85
               0xffffffff9ed95a04
               0xffffffff9ed75312
               0xffffffff9ed73e0e
               0xffffffff9ed730f0
               0xffffffffc04a7642
               0xffffffffc04b4c93
               0xffffffffc04b4b4b
               0xffffffffc04b4636
               0xffffffff9fcbb877
               0xffffffff9ff08ded

     0.03%     0.00%  candidate  [unknown]             [.] 0xffffffff9ed742cb
            |
            ---0xffffffff9ed742cb
               0xffffffff9ed95e55
               0xffffffff9ed95c85
               0xffffffff9ed95a04
               0xffffffff9ed75312
               0xffffffff9ed73e0e
               0xffffffff9ed730f0
               0xffffffffc04a7642
               0xffffffffc04b4c93
               0xffffffffc04b4b4b
               0xffffffffc04b4636
               0xffffffff9fcbb877
               0xffffffff9ff08ded

     0.03%     0.00%  candidate  [unknown]             [.] 0xffffffff9ed95e55
            |
            ---0xffffffff9ed95e55
               0xffffffff9ed95c85
               0xffffffff9ed95a04
               0xffffffff9ed75312
               0xffffffff9ed73e0e
               0xffffffff9ed730f0
               0xffffffffc04a7642
               0xffffffffc04b4c93
               0xffffffffc04b4b4b
               0xffffffffc04b4636
               0xffffffff9fcbb877
               0xffffffff9ff08ded

     0.03%     0.00%  candidate  [unknown]             [.] 0xffffffff9ed95c85
            |
            ---0xffffffff9ed95c85
               0xffffffff9ed95a04
               0xffffffff9ed75312
               0xffffffff9ed73e0e
               0xffffffff9ed730f0
               0xffffffffc04a7642
               0xffffffffc04b4c93
               0xffffffffc04b4b4b
               0xffffffffc04b4636
               0xffffffff9fcbb877
               0xffffffff9ff08ded

     0.03%     0.00%  candidate  [unknown]             [.] 0xffffffff9ed95a04
            |
            ---0xffffffff9ed95a04
               0xffffffff9ed75312
               0xffffffff9ed73e0e
               0xffffffff9ed730f0
               0xffffffffc04a7642
               0xffffffffc04b4c93
               0xffffffffc04b4b4b
               0xffffffffc04b4636
               0xffffffff9fcbb877
               0xffffffff9ff08ded

     0.03%     0.00%  candidate  [unknown]             [.] 0xffffffff9ed75312
            |
            ---0xffffffff9ed75312
               0xffffffff9ed73e0e
               0xffffffff9ed730f0
               0xffffffffc04a7642
               0xffffffffc04b4c93
               0xffffffffc04b4b4b
               0xffffffffc04b4636
               0xffffffff9fcbb877
               0xffffffff9ff08ded

     0.03%     0.00%  candidate  [unknown]             [.] 0xffffffff9ed73e0e
            |
            ---0xffffffff9ed73e0e
               0xffffffff9ed730f0
               0xffffffffc04a7642
               0xffffffffc04b4c93
               0xffffffffc04b4b4b
               0xffffffffc04b4636
               0xffffffff9fcbb877
               0xffffffff9ff08ded

     0.03%     0.00%  candidate  [unknown]             [.] 0xffffffff9ed730f0
            |
            ---0xffffffff9ed730f0
               0xffffffffc04a7642
               0xffffffffc04b4c93
               0xffffffffc04b4b4b
               0xffffffffc04b4636
               0xffffffff9fcbb877
               0xffffffff9ff08ded

     0.03%     0.00%  candidate  [unknown]             [.] 0xffffffffc04a7642
            |
            ---0xffffffffc04a7642
               0xffffffffc04b4c93
               0xffffffffc04b4b4b
               0xffffffffc04b4636
               0xffffffff9fcbb877
               0xffffffff9ff08ded

     0.03%     0.00%  candidate  [unknown]             [.] 0xffffffffc04b4c93
            |
            ---0xffffffffc04b4c93
               0xffffffffc04b4b4b
               0xffffffffc04b4636
               0xffffffff9fcbb877
               0xffffffff9ff08ded

     0.03%     0.00%  candidate  [unknown]             [.] 0xffffffffc04b4b4b
            |
            ---0xffffffffc04b4b4b
               0xffffffffc04b4636
               0xffffffff9fcbb877
               0xffffffff9ff08ded

     0.03%     0.00%  candidate  [unknown]             [.] 0xffffffffc04b4636
            |
            ---0xffffffffc04b4636
               0xffffffff9fcbb877
               0xffffffff9ff08ded

     0.03%     0.00%  candidate  [unknown]             [.] 0xffffffff9fcbb877
            |
            ---0xffffffff9fcbb877
               0xffffffff9ff08ded

     0.03%     0.00%  candidate  [unknown]             [.] 0x0000000000000004
            |
            ---0x4
               read_with<&[u8], quick_xml::parser::element::ElementParser> (inlined)
               feed (inlined)

     0.03%     0.00%  candidate  candidate             [.] feed (inlined)
            |
            ---feed (inlined)

     0.03%     0.03%  candidate  candidate             [.] <core::str::pattern::CharSearcher as core::str::pattern::Searcher>::next_match
     0.03%     0.03%  candidate  candidate             [.] litchi_pptx::parts::slide::root_name_from_xml
     0.03%     0.03%  candidate  candidate             [.] __rustc::__rdl_realloc
     0.03%     0.03%  candidate  [unknown]             [k] 0xffffffff9eff6511
            |
            ---_int_free_chunk
               __munmap
               0xffffffff9e80012b
               0xffffffff9ff15b65
               0xffffffff9eb4aea3
               0xffffffff9f005a8b
               0xffffffff9f02bb31
               0xffffffff9f029b01
               0xffffffff9f029995
               0xffffffff9f0285c7
               0xffffffff9f027f24
               0xffffffff9eff7f3c
               0xffffffff9eff7e16
               0xffffffff9eff7bde
               0xffffffff9eff740e
               0xffffffff9eff6d75
               0xffffffff9eff6511

     0.03%     0.00%  candidate  libc.so.6             [.] __munmap
            |
            ---__munmap
               0xffffffff9e80012b
               0xffffffff9ff15b65
               0xffffffff9eb4aea3
               0xffffffff9f005a8b
               0xffffffff9f02bb31
               0xffffffff9f029b01
               0xffffffff9f029995
               0xffffffff9f0285c7
               0xffffffff9f027f24
               0xffffffff9eff7f3c
               0xffffffff9eff7e16
               0xffffffff9eff7bde
               0xffffffff9eff740e
               0xffffffff9eff6d75
               0xffffffff9eff6511

     0.03%     0.00%  candidate  [unknown]             [.] 0xffffffff9e80012b
            |
            ---0xffffffff9e80012b
               0xffffffff9ff15b65
               0xffffffff9eb4aea3
               0xffffffff9f005a8b
               0xffffffff9f02bb31
               0xffffffff9f029b01
               0xffffffff9f029995
               0xffffffff9f0285c7
               0xffffffff9f027f24
               0xffffffff9eff7f3c
               0xffffffff9eff7e16
               0xffffffff9eff7bde
               0xffffffff9eff740e
               0xffffffff9eff6d75
               0xffffffff9eff6511

     0.03%     0.00%  candidate  [unknown]             [.] 0xffffffff9ff15b65
            |
            ---0xffffffff9ff15b65
               0xffffffff9eb4aea3
               0xffffffff9f005a8b
               0xffffffff9f02bb31
               0xffffffff9f029b01
               0xffffffff9f029995
               0xffffffff9f0285c7
               0xffffffff9f027f24
               0xffffffff9eff7f3c
               0xffffffff9eff7e16
               0xffffffff9eff7bde
               0xffffffff9eff740e
               0xffffffff9eff6d75
               0xffffffff9eff6511

     0.03%     0.00%  candidate  [unknown]             [.] 0xffffffff9eb4aea3
            |
            ---0xffffffff9eb4aea3
               0xffffffff9f005a8b
               0xffffffff9f02bb31
               0xffffffff9f029b01
               0xffffffff9f029995
               0xffffffff9f0285c7
               0xffffffff9f027f24
               0xffffffff9eff7f3c
               0xffffffff9eff7e16
               0xffffffff9eff7bde
               0xffffffff9eff740e
               0xffffffff9eff6d75
               0xffffffff9eff6511

     0.03%     0.00%  candidate  [unknown]             [.] 0xffffffff9f005a8b
            |
            ---0xffffffff9f005a8b
               0xffffffff9f02bb31
               0xffffffff9f029b01
               0xffffffff9f029995
               0xffffffff9f0285c7
               0xffffffff9f027f24
               0xffffffff9eff7f3c
               0xffffffff9eff7e16
               0xffffffff9eff7bde
               0xffffffff9eff740e
               0xffffffff9eff6d75
               0xffffffff9eff6511

     0.03%     0.00%  candidate  [unknown]             [.] 0xffffffff9f02bb31
            |
            ---0xffffffff9f02bb31
               0xffffffff9f029b01
               0xffffffff9f029995
               0xffffffff9f0285c7
               0xffffffff9f027f24
               0xffffffff9eff7f3c
               0xffffffff9eff7e16
               0xffffffff9eff7bde
               0xffffffff9eff740e
               0xffffffff9eff6d75
               0xffffffff9eff6511

     0.03%     0.00%  candidate  [unknown]             [.] 0xffffffff9f029b01
            |
            ---0xffffffff9f029b01
               0xffffffff9f029995
               0xffffffff9f0285c7
               0xffffffff9f027f24
               0xffffffff9eff7f3c
               0xffffffff9eff7e16
               0xffffffff9eff7bde
               0xffffffff9eff740e
               0xffffffff9eff6d75
               0xffffffff9eff6511

     0.03%     0.00%  candidate  [unknown]             [.] 0xffffffff9f029995
            |
            ---0xffffffff9f029995
               0xffffffff9f0285c7
               0xffffffff9f027f24
               0xffffffff9eff7f3c
               0xffffffff9eff7e16
               0xffffffff9eff7bde
               0xffffffff9eff740e
               0xffffffff9eff6d75
               0xffffffff9eff6511

     0.03%     0.00%  candidate  [unknown]             [.] 0xffffffff9f0285c7
            |
            ---0xffffffff9f0285c7
               0xffffffff9f027f24
               0xffffffff9eff7f3c
               0xffffffff9eff7e16
               0xffffffff9eff7bde
               0xffffffff9eff740e
               0xffffffff9eff6d75
               0xffffffff9eff6511

     0.03%     0.00%  candidate  [unknown]             [.] 0xffffffff9f027f24
            |
            ---0xffffffff9f027f24
               0xffffffff9eff7f3c
               0xffffffff9eff7e16
               0xffffffff9eff7bde
               0xffffffff9eff740e
               0xffffffff9eff6d75
               0xffffffff9eff6511

     0.03%     0.00%  candidate  [unknown]             [.] 0xffffffff9eff7f3c
            |
            ---0xffffffff9eff7f3c
               0xffffffff9eff7e16
               0xffffffff9eff7bde
               0xffffffff9eff740e
               0xffffffff9eff6d75
               0xffffffff9eff6511

     0.03%     0.00%  candidate  [unknown]             [.] 0xffffffff9eff7e16
            |
            ---0xffffffff9eff7e16
               0xffffffff9eff7bde
               0xffffffff9eff740e
               0xffffffff9eff6d75
               0xffffffff9eff6511

     0.03%     0.00%  candidate  [unknown]             [.] 0xffffffff9eff7bde
            |
            ---0xffffffff9eff7bde
               0xffffffff9eff740e
               0xffffffff9eff6d75
               0xffffffff9eff6511

     0.03%     0.00%  candidate  [unknown]             [.] 0xffffffff9eff740e
            |
            ---0xffffffff9eff740e
               0xffffffff9eff6d75
               0xffffffff9eff6511

     0.03%     0.00%  candidate  [unknown]             [.] 0xffffffff9eff6d75
            |
            ---0xffffffff9eff6d75
               0xffffffff9eff6511

     0.03%     0.00%  candidate  candidate             [.] drop_in_place<quick_xml::events::attributes::Attributes> (inlined)
            |
            ---drop_in_place<quick_xml::events::attributes::Attributes> (inlined)
               drop_in_place<quick_xml::events::attributes::IterState> (inlined)
               drop_in_place<core::option::Option<std::collections::hash::set::HashSet<u64, core::hash::BuildHasherDefault<quick_xml::events::attributes::IdentityHasher>, alloc::alloc::Global>>> (inlined)

     0.03%     0.00%  candidate  candidate             [.] drop_in_place<quick_xml::events::attributes::IterState> (inlined)
            |
            ---drop_in_place<quick_xml::events::attributes::IterState> (inlined)
               drop_in_place<core::option::Option<std::collections::hash::set::HashSet<u64, core::hash::BuildHasherDefault<quick_xml::events::attributes::IdentityHasher>, alloc::alloc::Global>>> (inlined)

     0.03%     0.00%  candidate  candidate             [.] drop_in_place<core::option::Option<std::collections::hash::set::HashSet<u64, core::hash::BuildHasherDefault<quick_xml::events::attributes::IdentityHasher>, alloc::alloc::Global>>> (inlined)
            |
            ---drop_in_place<core::option::Option<std::collections::hash::set::HashSet<u64, core::hash::BuildHasherDefault<quick_xml::events::attributes::IdentityHasher>, alloc::alloc::Global>>> (inlined)

     0.03%     0.03%  candidate  candidate             [.] <core::slice::iter::Iter<T> as core::iter::traits::iterator::Iterator>::find
     0.03%     0.03%  candidate  candidate             [.] litchi_pptx::opened::model::capture_internal
     0.03%     0.03%  candidate  candidate             [.] memchr::arch::x86_64::avx2::memchr::Two::find_raw
     0.03%     0.00%  candidate  candidate             [.] resolve_event (inlined)
            |
            ---resolve_event (inlined)

     0.03%     0.03%  candidate  candidate             [.] hashbrown::raw::RawTableInner::fallible_with_capacity
     0.03%     0.03%  candidate  candidate             [.] litchi_ooxml_common::relationships::codec::attribute_value
     0.03%     0.03%  candidate  candidate             [.] quick_xml::name::NamespaceResolver::set_level
     0.03%     0.00%  candidate  candidate             [.] close (inlined)
            |
            ---close (inlined)
               drop_in_place<litchi_ooxml_common::mce::codec::Ctx> (inlined)
               drop_in_place<litchi_ooxml_common::mce::codec::Namespaces> (inlined)
               drop_in_place<core::option::Option<alloc::sync::Arc<litchi_ooxml_common::mce::codec::NamespaceLayer, alloc::alloc::Global>>> (inlined)
               drop_in_place<alloc::sync::Arc<litchi_ooxml_common::mce::codec::NamespaceLayer, alloc::alloc::Global>> (inlined)
               drop<litchi_ooxml_common::mce::codec::NamespaceLayer, alloc::alloc::Global> (inlined)

     0.03%     0.00%  candidate  candidate             [.] drop_in_place<litchi_ooxml_common::mce::codec::Ctx> (inlined)
            |
            ---drop_in_place<litchi_ooxml_common::mce::codec::Ctx> (inlined)
               drop_in_place<litchi_ooxml_common::mce::codec::Namespaces> (inlined)
               drop_in_place<core::option::Option<alloc::sync::Arc<litchi_ooxml_common::mce::codec::NamespaceLayer, alloc::alloc::Global>>> (inlined)
               drop_in_place<alloc::sync::Arc<litchi_ooxml_common::mce::codec::NamespaceLayer, alloc::alloc::Global>> (inlined)
               drop<litchi_ooxml_common::mce::codec::NamespaceLayer, alloc::alloc::Global> (inlined)

     0.03%     0.00%  candidate  candidate             [.] drop_in_place<litchi_ooxml_common::mce::codec::Namespaces> (inlined)
            |
            ---drop_in_place<litchi_ooxml_common::mce::codec::Namespaces> (inlined)
               drop_in_place<core::option::Option<alloc::sync::Arc<litchi_ooxml_common::mce::codec::NamespaceLayer, alloc::alloc::Global>>> (inlined)
               drop_in_place<alloc::sync::Arc<litchi_ooxml_common::mce::codec::NamespaceLayer, alloc::alloc::Global>> (inlined)
               drop<litchi_ooxml_common::mce::codec::NamespaceLayer, alloc::alloc::Global> (inlined)

     0.03%     0.00%  candidate  candidate             [.] drop_in_place<core::option::Option<alloc::sync::Arc<litchi_ooxml_common::mce::codec::NamespaceLayer, alloc::alloc::Global>>> (inlined)
            |
            ---drop_in_place<core::option::Option<alloc::sync::Arc<litchi_ooxml_common::mce::codec::NamespaceLayer, alloc::alloc::Global>>> (inlined)
               drop_in_place<alloc::sync::Arc<litchi_ooxml_common::mce::codec::NamespaceLayer, alloc::alloc::Global>> (inlined)
               drop<litchi_ooxml_common::mce::codec::NamespaceLayer, alloc::alloc::Global> (inlined)

     0.03%     0.00%  candidate  candidate             [.] drop_in_place<alloc::sync::Arc<litchi_ooxml_common::mce::codec::NamespaceLayer, alloc::alloc::Global>> (inlined)
            |
            ---drop_in_place<alloc::sync::Arc<litchi_ooxml_common::mce::codec::NamespaceLayer, alloc::alloc::Global>> (inlined)
               drop<litchi_ooxml_common::mce::codec::NamespaceLayer, alloc::alloc::Global> (inlined)

     0.03%     0.00%  candidate  candidate             [.] drop<litchi_ooxml_common::mce::codec::NamespaceLayer, alloc::alloc::Global> (inlined)
            |
            ---drop<litchi_ooxml_common::mce::codec::NamespaceLayer, alloc::alloc::Global> (inlined)

     0.03%     0.00%  candidate  candidate             [.] push (inlined)
            |
            ---push (inlined)

     0.03%     0.00%  candidate  [unknown]             [.] 0x7fffffffffffffff
            |
            ---0x7fffffffffffffff
               expand_parts (inlined)
               get (inlined)
               find<core::slice::iter::Iter<(alloc::string::String, alloc::string::String)>, litchi_ooxml_common::mce::codec::{impl#0}::get::{closure_env#0}> (inlined)
               rfind<core::slice::iter::Iter<(alloc::string::String, alloc::string::String)>, litchi_ooxml_common::mce::codec::{impl#0}::get::{closure_env#0}> (inlined)
               try_rfold<core::slice::iter::Iter<(alloc::string::String, alloc::string::String)>, (), core::iter::traits::double_ended::DoubleEndedIterator::rfind::check::{closure_env#0}<&(alloc::string::String, alloc::string::String), litchi_ooxml_common::mce::codec::{impl#0}::get::{closure_env#0}>, core::ops::control_flow::ControlFlow<&(alloc::string::String, alloc::string::String), ()>> (inlined)
               {closure#0}<&(alloc::string::String, alloc::string::String), litchi_ooxml_common::mce::codec::{impl#0}::get::{closure_env#0}> (inlined)
               {closure#0} (inlined)
               eq<alloc::string::String, str> (inlined)
               eq (inlined)
               eq (inlined)
               eq<[u8], [u8]> (inlined)
               eq<u8, u8> (inlined)
               equal_same_length<u8, u8> (inlined)

     0.03%     0.03%  candidate  candidate             [.] <core::iter::adapters::skip::Skip<I> as core::iter::traits::iterator::Iterator>::try_fold
     0.03%     0.00%  candidate  candidate             [.] try_allocate_in<alloc::alloc::Global> (inlined)
            |
            ---try_allocate_in<alloc::alloc::Global> (inlined)

     0.03%     0.00%  candidate  candidate             [.] extend_from_slice<u8, alloc::alloc::Global> (inlined)
            |
            ---extend_from_slice<u8, alloc::alloc::Global> (inlined)
               spec_extend<u8, alloc::alloc::Global> (inlined)
               append_elements<u8, alloc::alloc::Global> (inlined)
               copy_nonoverlapping<u8> (inlined)
               __memmove_avx512_unaligned_erms

     0.03%     0.00%  candidate  candidate             [.] spec_extend<u8, alloc::alloc::Global> (inlined)
            |
            ---spec_extend<u8, alloc::alloc::Global> (inlined)
               append_elements<u8, alloc::alloc::Global> (inlined)
               copy_nonoverlapping<u8> (inlined)
               __memmove_avx512_unaligned_erms

     0.03%     0.00%  candidate  candidate             [.] append_elements<u8, alloc::alloc::Global> (inlined)
            |
            ---append_elements<u8, alloc::alloc::Global> (inlined)
               copy_nonoverlapping<u8> (inlined)
               __memmove_avx512_unaligned_erms

     0.03%     0.00%  candidate  candidate             [.] copy_nonoverlapping<u8> (inlined)
            |
            ---copy_nonoverlapping<u8> (inlined)
               __memmove_avx512_unaligned_erms

     0.03%     0.00%  candidate  [unknown]             [.] 0x00000000000002b2
            |
            ---0x2b2
               process_event<&[u8]> (inlined)

     0.03%     0.03%  candidate  candidate             [.] litchi_pptx::namespace::presentation_name
     0.03%     0.00%  candidate  candidate             [.] is_ncname (inlined)
            |
            ---is_ncname (inlined)
               is_some_and<char, fn(char) -> bool> (inlined)
               call_once<fn(char) -> bool, (char)> (inlined)
               is_ncname_start (inlined)
               is_name_start (inlined)

     0.03%     0.00%  candidate  candidate             [.] is_some_and<char, fn(char) -> bool> (inlined)
            |
            ---is_some_and<char, fn(char) -> bool> (inlined)
               call_once<fn(char) -> bool, (char)> (inlined)
               is_ncname_start (inlined)
               is_name_start (inlined)

     0.03%     0.00%  candidate  candidate             [.] call_once<fn(char) -> bool, (char)> (inlined)
            |
            ---call_once<fn(char) -> bool, (char)> (inlined)
               is_ncname_start (inlined)
               is_name_start (inlined)

     0.03%     0.00%  candidate  candidate             [.] is_ncname_start (inlined)
            |
            ---is_ncname_start (inlined)
               is_name_start (inlined)

     0.03%     0.00%  candidate  candidate             [.] is_name_start (inlined)
            |
            ---is_name_start (inlined)

     0.03%     0.00%  candidate  [unknown]             [.] 0x000000000000011f
            |
            ---0x11f
               extend_from_slice (inlined)
               extend_from_slice<u8, alloc::alloc::Global> (inlined)
               spec_extend<u8, alloc::alloc::Global> (inlined)
               append_elements<u8, alloc::alloc::Global> (inlined)
               copy_nonoverlapping<u8> (inlined)
               __memmove_avx512_unaligned_erms

     0.03%     0.00%  candidate  candidate             [.] extend_from_slice (inlined)
            |
            ---extend_from_slice (inlined)
               extend_from_slice<u8, alloc::alloc::Global> (inlined)
               spec_extend<u8, alloc::alloc::Global> (inlined)
               append_elements<u8, alloc::alloc::Global> (inlined)
               copy_nonoverlapping<u8> (inlined)
               __memmove_avx512_unaligned_erms

     0.03%     0.00%  candidate  candidate             [.] extend_from_slice<u8, alloc::alloc::Global> (inlined)
            |
            ---extend_from_slice<u8, alloc::alloc::Global> (inlined)
               spec_extend<u8, alloc::alloc::Global> (inlined)
               append_elements<u8, alloc::alloc::Global> (inlined)
               copy_nonoverlapping<u8> (inlined)
               __memmove_avx512_unaligned_erms

     0.03%     0.00%  candidate  candidate             [.] spec_extend<u8, alloc::alloc::Global> (inlined)
            |
            ---spec_extend<u8, alloc::alloc::Global> (inlined)
               append_elements<u8, alloc::alloc::Global> (inlined)
               copy_nonoverlapping<u8> (inlined)
               __memmove_avx512_unaligned_erms

     0.03%     0.00%  candidate  candidate             [.] append_elements<u8, alloc::alloc::Global> (inlined)
            |
            ---append_elements<u8, alloc::alloc::Global> (inlined)
               copy_nonoverlapping<u8> (inlined)
               __memmove_avx512_unaligned_erms

     0.03%     0.00%  candidate  candidate             [.] copy_nonoverlapping<u8> (inlined)
            |
            ---copy_nonoverlapping<u8> (inlined)
               __memmove_avx512_unaligned_erms

     0.03%     0.00%  candidate  candidate             [.] remove_utf8_bom<&[u8]> (inlined)
            |
            ---remove_utf8_bom<&[u8]> (inlined)

     0.02%     0.00%  taskset    [unknown]             [k] 0xffffffff9e80012b
            |
            ---0xffffffff9e80012b
               |          
               |--0.02%--0xffffffff9ff15b65
               |          |          
               |          |--0.01%--0xffffffff9eb49611
               |          |          0xffffffff9ececdbd
               |          |          0xffffffff9ececbbe
               |          |          0xffffffff9ecec863
               |          |          0xffffffff9ecac894
               |          |          |          
               |          |          |--0.01%--0xffffffff9ecac7a8
               |          |          |          0xffffffff9ecaa01e
               |          |          |          0xffffffff9eca44e9
               |          |          |          0xffffffff9ecbd03a
               |          |          |          0xffffffff9ecbc18c
               |          |          |          
               |          |           --0.00%--0xffffffff9ecac7bd
               |          |                     0xffffffff9ecaa842
               |          |                     0xffffffff9eb4c0f6
               |          |                     0xffffffff9ff25c8c
               |          |                     0xffffffff9ff256c3
               |          |                     0xffffffff9eca1078
               |          |                     0xffffffff9ef6592a
               |          |                     0xffffffff9ef65875
               |          |                     0xffffffff9ef5a0a0
               |          |          
               |           --0.01%--0xffffffff9eb49863
               |                     0xffffffff9f0f467e
               |                     |          
               |                     |--0.01%--0xffffffff9f0f436b
               |                     |          0xffffffff9f0f28aa
               |                     |          0xffffffff9f0f27b0
               |                     |          0xffffffff9f0f2446
               |                     |          |          
               |                     |          |--0.01%--0xffffffff9f19c8f5
               |                     |          |          0xffffffff9f0f49b4
               |                     |          |          0xffffffff9f0f1d33
               |                     |          |          0xffffffff9ec42a0e
               |                     |          |          0xffffffff9ec428b5
               |                     |          |          0xffffffff9f008444
               |                     |          |          0xffffffff9f009f27
               |                     |          |          0xffffffff9f009569
               |                     |          |          0xffffffff9f05eaae
               |                     |          |          0xffffffff9ef9a5f0
               |                     |          |          0xffffffff9f038e37
               |                     |          |          0xffffffff9f030dc8
               |                     |          |          0xffffffff9f0306d1
               |                     |          |          
               |                     |           --0.00%--0xffffffff9f19d005
               |                     |                     0xffffffff9f19c404
               |                     |                     0xffffffff9f19c133
               |                     |                     0xffffffff9efc455d
               |                     |                     0xffffffff9efc4439
               |                     |                     0xffffffff9f0072b8
               |                     |                     0xffffffff9f02aed2
               |                     |                     0xffffffff9f0295ae
               |                     |                     0xffffffff9f0281d8
               |                     |                     0xffffffff9f02634f
               |                     |                     0xffffffff9efe253e
               |                     |          
               |                      --0.00%--0xffffffff9f0f4263
               |                                0xffffffff9f0f4079
               |                                0xffffffff9ec4362a
               |                                0xffffffff9f05001c
               |                                0xffffffff9f0bf300
               |          
                --0.00%--0xffffffff9ff15c8f
                          0xffffffff9ed60565

     0.02%     0.00%  taskset    [unknown]             [k] 0xffffffff9ff15b65
            |
            ---0xffffffff9ff15b65
               |          
               |--0.01%--0xffffffff9eb49611
               |          0xffffffff9ececdbd
               |          0xffffffff9ececbbe
               |          0xffffffff9ecec863
               |          0xffffffff9ecac894
               |          |          
               |          |--0.01%--0xffffffff9ecac7a8
               |          |          0xffffffff9ecaa01e
               |          |          0xffffffff9eca44e9
               |          |          0xffffffff9ecbd03a
               |          |          0xffffffff9ecbc18c
               |          |          
               |           --0.00%--0xffffffff9ecac7bd
               |                     0xffffffff9ecaa842
               |                     0xffffffff9eb4c0f6
               |                     0xffffffff9ff25c8c
               |                     0xffffffff9ff256c3
               |                     0xffffffff9eca1078
               |                     0xffffffff9ef6592a
               |                     0xffffffff9ef65875
               |                     0xffffffff9ef5a0a0
               |          
                --0.01%--0xffffffff9eb49863
                          0xffffffff9f0f467e
                          |          
                          |--0.01%--0xffffffff9f0f436b
                          |          0xffffffff9f0f28aa
                          |          0xffffffff9f0f27b0
                          |          0xffffffff9f0f2446
                          |          |          
                          |          |--0.01%--0xffffffff9f19c8f5
                          |          |          0xffffffff9f0f49b4
                          |          |          0xffffffff9f0f1d33
                          |          |          0xffffffff9ec42a0e
                          |          |          0xffffffff9ec428b5
                          |          |          0xffffffff9f008444
                          |          |          0xffffffff9f009f27
                          |          |          0xffffffff9f009569
                          |          |          0xffffffff9f05eaae
                          |          |          0xffffffff9ef9a5f0
                          |          |          0xffffffff9f038e37
                          |          |          0xffffffff9f030dc8
                          |          |          0xffffffff9f0306d1
                          |          |          
                          |           --0.00%--0xffffffff9f19d005
                          |                     0xffffffff9f19c404
                          |                     0xffffffff9f19c133
                          |                     0xffffffff9efc455d
                          |                     0xffffffff9efc4439
                          |                     0xffffffff9f0072b8
                          |                     0xffffffff9f02aed2
                          |                     0xffffffff9f0295ae
                          |                     0xffffffff9f0281d8
                          |                     0xffffffff9f02634f
                          |                     0xffffffff9efe253e
                          |          
                           --0.00%--0xffffffff9f0f4263
                                     0xffffffff9f0f4079
                                     0xffffffff9ec4362a
                                     0xffffffff9f05001c
                                     0xffffffff9f0bf300

     0.01%     0.00%  taskset    taskset               [.] 0x0000567aaa18f314
            |
            ---0x567aaa18f314
               __libc_start_main_impl (inlined)
               __libc_start_call_main
               |          
               |--0.01%--0x567aaa18f04d
               |          0x567aaa19046c
               |          __sched_setaffinity_new (inlined)
               |          0xffffffff9e80012b
               |          |          
               |          |--0.01%--0xffffffff9ff15b65
               |          |          0xffffffff9eb49611
               |          |          0xffffffff9ececdbd
               |          |          0xffffffff9ececbbe
               |          |          0xffffffff9ecec863
               |          |          0xffffffff9ecac894
               |          |          |          
               |          |          |--0.01%--0xffffffff9ecac7a8
               |          |          |          0xffffffff9ecaa01e
               |          |          |          0xffffffff9eca44e9
               |          |          |          0xffffffff9ecbd03a
               |          |          |          0xffffffff9ecbc18c
               |          |          |          
               |          |           --0.00%--0xffffffff9ecac7bd
               |          |                     0xffffffff9ecaa842
               |          |                     0xffffffff9eb4c0f6
               |          |                     0xffffffff9ff25c8c
               |          |                     0xffffffff9ff256c3
               |          |                     0xffffffff9eca1078
               |          |                     0xffffffff9ef6592a
               |          |                     0xffffffff9ef65875
               |          |                     0xffffffff9ef5a0a0
               |          |          
               |           --0.00%--0xffffffff9ff15c8f
               |                     0xffffffff9ed60565
               |          
                --0.00%--0x567aaa18f093
                          __execvpe
                          __execvpe_common (inlined)
                          __execve (inlined)
                          0xffffffff9e80012b
                          0xffffffff9ff15b65
                          0xffffffff9eb49863
                          0xffffffff9f0f467e
                          0xffffffff9f0f4263
                          0xffffffff9f0f4079
                          0xffffffff9ec4362a
                          0xffffffff9f05001c
                          0xffffffff9f0bf300

     0.01%     0.00%  taskset    libc.so.6             [.] __libc_start_main_impl (inlined)
            |
            ---__libc_start_main_impl (inlined)
               __libc_start_call_main
               |          
               |--0.01%--0x567aaa18f04d
               |          0x567aaa19046c
               |          __sched_setaffinity_new (inlined)
               |          0xffffffff9e80012b
               |          |          
               |          |--0.01%--0xffffffff9ff15b65
               |          |          0xffffffff9eb49611
               |          |          0xffffffff9ececdbd
               |          |          0xffffffff9ececbbe
               |          |          0xffffffff9ecec863
               |          |          0xffffffff9ecac894
               |          |          |          
               |          |          |--0.01%--0xffffffff9ecac7a8
               |          |          |          0xffffffff9ecaa01e
               |          |          |          0xffffffff9eca44e9
               |          |          |          0xffffffff9ecbd03a
               |          |          |          0xffffffff9ecbc18c
               |          |          |          
               |          |           --0.00%--0xffffffff9ecac7bd
               |          |                     0xffffffff9ecaa842
               |          |                     0xffffffff9eb4c0f6
               |          |                     0xffffffff9ff25c8c
               |          |                     0xffffffff9ff256c3
               |          |                     0xffffffff9eca1078
               |          |                     0xffffffff9ef6592a
               |          |                     0xffffffff9ef65875
               |          |                     0xffffffff9ef5a0a0
               |          |          
               |           --0.00%--0xffffffff9ff15c8f
               |                     0xffffffff9ed60565
               |          
                --0.00%--0x567aaa18f093
                          __execvpe
                          __execvpe_common (inlined)
                          __execve (inlined)
                          0xffffffff9e80012b
                          0xffffffff9ff15b65
                          0xffffffff9eb49863
                          0xffffffff9f0f467e
                          0xffffffff9f0f4263
                          0xffffffff9f0f4079
                          0xffffffff9ec4362a
                          0xffffffff9f05001c
                          0xffffffff9f0bf300

     0.01%     0.00%  taskset    libc.so.6             [.] __libc_start_call_main
            |
            ---__libc_start_call_main
               |          
               |--0.01%--0x567aaa18f04d
               |          0x567aaa19046c
               |          __sched_setaffinity_new (inlined)
               |          0xffffffff9e80012b
               |          |          
               |          |--0.01%--0xffffffff9ff15b65
               |          |          0xffffffff9eb49611
               |          |          0xffffffff9ececdbd
               |          |          0xffffffff9ececbbe
               |          |          0xffffffff9ecec863
               |          |          0xffffffff9ecac894
               |          |          |          
               |          |          |--0.01%--0xffffffff9ecac7a8
               |          |          |          0xffffffff9ecaa01e
               |          |          |          0xffffffff9eca44e9
               |          |          |          0xffffffff9ecbd03a
               |          |          |          0xffffffff9ecbc18c
               |          |          |          
               |          |           --0.00%--0xffffffff9ecac7bd
               |          |                     0xffffffff9ecaa842
               |          |                     0xffffffff9eb4c0f6
               |          |                     0xffffffff9ff25c8c
               |          |                     0xffffffff9ff256c3
               |          |                     0xffffffff9eca1078
               |          |                     0xffffffff9ef6592a
               |          |                     0xffffffff9ef65875
               |          |                     0xffffffff9ef5a0a0
               |          |          
               |           --0.00%--0xffffffff9ff15c8f
               |                     0xffffffff9ed60565
               |          
                --0.00%--0x567aaa18f093
                          __execvpe
                          __execvpe_common (inlined)
                          __execve (inlined)
                          0xffffffff9e80012b
                          0xffffffff9ff15b65
                          0xffffffff9eb49863
                          0xffffffff9f0f467e
                          0xffffffff9f0f4263
                          0xffffffff9f0f4079
                          0xffffffff9ec4362a
                          0xffffffff9f05001c
                          0xffffffff9f0bf300

     0.01%     0.00%  taskset    taskset               [.] 0x0000567aaa18f04d
            |
            ---0x567aaa18f04d
               0x567aaa19046c
               __sched_setaffinity_new (inlined)
               0xffffffff9e80012b
               |          
               |--0.01%--0xffffffff9ff15b65
               |          0xffffffff9eb49611
               |          0xffffffff9ececdbd
               |          0xffffffff9ececbbe
               |          0xffffffff9ecec863
               |          0xffffffff9ecac894
               |          |          
               |          |--0.01%--0xffffffff9ecac7a8
               |          |          0xffffffff9ecaa01e
               |          |          0xffffffff9eca44e9
               |          |          0xffffffff9ecbd03a
               |          |          0xffffffff9ecbc18c
               |          |          
               |           --0.00%--0xffffffff9ecac7bd
               |                     0xffffffff9ecaa842
               |                     0xffffffff9eb4c0f6
               |                     0xffffffff9ff25c8c
               |                     0xffffffff9ff256c3
               |                     0xffffffff9eca1078
               |                     0xffffffff9ef6592a
               |                     0xffffffff9ef65875
               |                     0xffffffff9ef5a0a0
               |          
                --0.00%--0xffffffff9ff15c8f
                          0xffffffff9ed60565

     0.01%     0.00%  taskset    taskset               [.] 0x0000567aaa19046c
            |
            ---0x567aaa19046c
               __sched_setaffinity_new (inlined)
               0xffffffff9e80012b
               |          
               |--0.01%--0xffffffff9ff15b65
               |          0xffffffff9eb49611
               |          0xffffffff9ececdbd
               |          0xffffffff9ececbbe
               |          0xffffffff9ecec863
               |          0xffffffff9ecac894
               |          |          
               |          |--0.01%--0xffffffff9ecac7a8
               |          |          0xffffffff9ecaa01e
               |          |          0xffffffff9eca44e9
               |          |          0xffffffff9ecbd03a
               |          |          0xffffffff9ecbc18c
               |          |          
               |           --0.00%--0xffffffff9ecac7bd
               |                     0xffffffff9ecaa842
               |                     0xffffffff9eb4c0f6
               |                     0xffffffff9ff25c8c
               |                     0xffffffff9ff256c3
               |                     0xffffffff9eca1078
               |                     0xffffffff9ef6592a
               |                     0xffffffff9ef65875
               |                     0xffffffff9ef5a0a0
               |          
                --0.00%--0xffffffff9ff15c8f
                          0xffffffff9ed60565

     0.01%     0.00%  taskset    libc.so.6             [.] __sched_setaffinity_new (inlined)
            |
            ---__sched_setaffinity_new (inlined)
               0xffffffff9e80012b
               |          
               |--0.01%--0xffffffff9ff15b65
               |          0xffffffff9eb49611
               |          0xffffffff9ececdbd
               |          0xffffffff9ececbbe
               |          0xffffffff9ecec863
               |          0xffffffff9ecac894
               |          |          
               |          |--0.01%--0xffffffff9ecac7a8
               |          |          0xffffffff9ecaa01e
               |          |          0xffffffff9eca44e9
               |          |          0xffffffff9ecbd03a
               |          |          0xffffffff9ecbc18c
               |          |          
               |           --0.00%--0xffffffff9ecac7bd
               |                     0xffffffff9ecaa842
               |                     0xffffffff9eb4c0f6
               |                     0xffffffff9ff25c8c
               |                     0xffffffff9ff256c3
               |                     0xffffffff9eca1078
               |                     0xffffffff9ef6592a
               |                     0xffffffff9ef65875
               |                     0xffffffff9ef5a0a0
               |          
                --0.00%--0xffffffff9ff15c8f
                          0xffffffff9ed60565

     0.01%     0.00%  taskset    [unknown]             [.] 0xffffffff9eb49611
            |
            ---0xffffffff9eb49611
               0xffffffff9ececdbd
               0xffffffff9ececbbe
               0xffffffff9ecec863
               0xffffffff9ecac894
               |          
               |--0.01%--0xffffffff9ecac7a8
               |          0xffffffff9ecaa01e
               |          0xffffffff9eca44e9
               |          0xffffffff9ecbd03a
               |          0xffffffff9ecbc18c
               |          
                --0.00%--0xffffffff9ecac7bd
                          0xffffffff9ecaa842
                          0xffffffff9eb4c0f6
                          0xffffffff9ff25c8c
                          0xffffffff9ff256c3
                          0xffffffff9eca1078
                          0xffffffff9ef6592a
                          0xffffffff9ef65875
                          0xffffffff9ef5a0a0

     0.01%     0.00%  taskset    [unknown]             [.] 0xffffffff9ececdbd
            |
            ---0xffffffff9ececdbd
               0xffffffff9ececbbe
               0xffffffff9ecec863
               0xffffffff9ecac894
               |          
               |--0.01%--0xffffffff9ecac7a8
               |          0xffffffff9ecaa01e
               |          0xffffffff9eca44e9
               |          0xffffffff9ecbd03a
               |          0xffffffff9ecbc18c
               |          
                --0.00%--0xffffffff9ecac7bd
                          0xffffffff9ecaa842
                          0xffffffff9eb4c0f6
                          0xffffffff9ff25c8c
                          0xffffffff9ff256c3
                          0xffffffff9eca1078
                          0xffffffff9ef6592a
                          0xffffffff9ef65875
                          0xffffffff9ef5a0a0

     0.01%     0.00%  taskset    [unknown]             [.] 0xffffffff9ececbbe
            |
            ---0xffffffff9ececbbe
               0xffffffff9ecec863
               0xffffffff9ecac894
               |          
               |--0.01%--0xffffffff9ecac7a8
               |          0xffffffff9ecaa01e
               |          0xffffffff9eca44e9
               |          0xffffffff9ecbd03a
               |          0xffffffff9ecbc18c
               |          
                --0.00%--0xffffffff9ecac7bd
                          0xffffffff9ecaa842
                          0xffffffff9eb4c0f6
                          0xffffffff9ff25c8c
                          0xffffffff9ff256c3
                          0xffffffff9eca1078
                          0xffffffff9ef6592a
                          0xffffffff9ef65875
                          0xffffffff9ef5a0a0

     0.01%     0.00%  taskset    [unknown]             [.] 0xffffffff9ecec863
            |
            ---0xffffffff9ecec863
               0xffffffff9ecac894
               |          
               |--0.01%--0xffffffff9ecac7a8
               |          0xffffffff9ecaa01e
               |          0xffffffff9eca44e9
               |          0xffffffff9ecbd03a
               |          0xffffffff9ecbc18c
               |          
                --0.00%--0xffffffff9ecac7bd
                          0xffffffff9ecaa842
                          0xffffffff9eb4c0f6
                          0xffffffff9ff25c8c
                          0xffffffff9ff256c3
                          0xffffffff9eca1078
                          0xffffffff9ef6592a
                          0xffffffff9ef65875
                          0xffffffff9ef5a0a0

     0.01%     0.00%  taskset    [unknown]             [.] 0xffffffff9ecac894
            |
            ---0xffffffff9ecac894
               |          
               |--0.01%--0xffffffff9ecac7a8
               |          0xffffffff9ecaa01e
               |          0xffffffff9eca44e9
               |          0xffffffff9ecbd03a
               |          0xffffffff9ecbc18c
               |          
                --0.00%--0xffffffff9ecac7bd
                          0xffffffff9ecaa842
                          0xffffffff9eb4c0f6
                          0xffffffff9ff25c8c
                          0xffffffff9ff256c3
                          0xffffffff9eca1078
                          0xffffffff9ef6592a
                          0xffffffff9ef65875
                          0xffffffff9ef5a0a0

     0.01%     0.00%  taskset    [unknown]             [k] 0xffffffff9eb49863
            |
            ---0xffffffff9eb49863
               0xffffffff9f0f467e
               |          
               |--0.01%--0xffffffff9f0f436b
               |          0xffffffff9f0f28aa
               |          0xffffffff9f0f27b0
               |          0xffffffff9f0f2446
               |          |          
               |          |--0.01%--0xffffffff9f19c8f5
               |          |          0xffffffff9f0f49b4
               |          |          0xffffffff9f0f1d33
               |          |          0xffffffff9ec42a0e
               |          |          0xffffffff9ec428b5
               |          |          0xffffffff9f008444
               |          |          0xffffffff9f009f27
               |          |          0xffffffff9f009569
               |          |          0xffffffff9f05eaae
               |          |          0xffffffff9ef9a5f0
               |          |          0xffffffff9f038e37
               |          |          0xffffffff9f030dc8
               |          |          0xffffffff9f0306d1
               |          |          
               |           --0.00%--0xffffffff9f19d005
               |                     0xffffffff9f19c404
               |                     0xffffffff9f19c133
               |                     0xffffffff9efc455d
               |                     0xffffffff9efc4439
               |                     0xffffffff9f0072b8
               |                     0xffffffff9f02aed2
               |                     0xffffffff9f0295ae
               |                     0xffffffff9f0281d8
               |                     0xffffffff9f02634f
               |                     0xffffffff9efe253e
               |          
                --0.00%--0xffffffff9f0f4263
                          0xffffffff9f0f4079
                          0xffffffff9ec4362a
                          0xffffffff9f05001c
                          0xffffffff9f0bf300

     0.01%     0.00%  taskset    [unknown]             [k] 0xffffffff9f0f467e
            |
            ---0xffffffff9f0f467e
               |          
               |--0.01%--0xffffffff9f0f436b
               |          0xffffffff9f0f28aa
               |          0xffffffff9f0f27b0
               |          0xffffffff9f0f2446
               |          |          
               |          |--0.01%--0xffffffff9f19c8f5
               |          |          0xffffffff9f0f49b4
               |          |          0xffffffff9f0f1d33
               |          |          0xffffffff9ec42a0e
               |          |          0xffffffff9ec428b5
               |          |          0xffffffff9f008444
               |          |          0xffffffff9f009f27
               |          |          0xffffffff9f009569
               |          |          0xffffffff9f05eaae
               |          |          0xffffffff9ef9a5f0
               |          |          0xffffffff9f038e37
               |          |          0xffffffff9f030dc8
               |          |          0xffffffff9f0306d1
               |          |          
               |           --0.00%--0xffffffff9f19d005
               |                     0xffffffff9f19c404
               |                     0xffffffff9f19c133
               |                     0xffffffff9efc455d
               |                     0xffffffff9efc4439
               |                     0xffffffff9f0072b8
               |                     0xffffffff9f02aed2
               |                     0xffffffff9f0295ae
               |                     0xffffffff9f0281d8
               |                     0xffffffff9f02634f
               |                     0xffffffff9efe253e
               |          
                --0.00%--0xffffffff9f0f4263
                          0xffffffff9f0f4079
                          0xffffffff9ec4362a
                          0xffffffff9f05001c
                          0xffffffff9f0bf300

     0.01%     0.01%  taskset    [unknown]             [k] 0xffffffff9ecbc18c
            |
            ---0x567aaa18f314
               __libc_start_main_impl (inlined)
               __libc_start_call_main
               0x567aaa18f04d
               0x567aaa19046c
               __sched_setaffinity_new (inlined)
               0xffffffff9e80012b
               0xffffffff9ff15b65
               0xffffffff9eb49611
               0xffffffff9ececdbd
               0xffffffff9ececbbe
               0xffffffff9ecec863
               0xffffffff9ecac894
               0xffffffff9ecac7a8
               0xffffffff9ecaa01e
               0xffffffff9eca44e9
               0xffffffff9ecbd03a
               0xffffffff9ecbc18c

     0.01%     0.00%  taskset    [unknown]             [.] 0xffffffff9ecac7a8
            |
            ---0xffffffff9ecac7a8
               0xffffffff9ecaa01e
               0xffffffff9eca44e9
               0xffffffff9ecbd03a
               0xffffffff9ecbc18c

     0.01%     0.00%  taskset    [unknown]             [.] 0xffffffff9ecaa01e
            |
            ---0xffffffff9ecaa01e
               0xffffffff9eca44e9
               0xffffffff9ecbd03a
               0xffffffff9ecbc18c

     0.01%     0.00%  taskset    [unknown]             [.] 0xffffffff9eca44e9
            |
            ---0xffffffff9eca44e9
               0xffffffff9ecbd03a
               0xffffffff9ecbc18c

     0.01%     0.00%  taskset    [unknown]             [.] 0xffffffff9ecbd03a
            |
            ---0xffffffff9ecbd03a
               0xffffffff9ecbc18c

     0.01%     0.00%  taskset    [unknown]             [k] 0xffffffff9f0f436b
            |
            ---0xffffffff9f0f436b
               0xffffffff9f0f28aa
               0xffffffff9f0f27b0
               0xffffffff9f0f2446
               |          
               |--0.01%--0xffffffff9f19c8f5
               |          0xffffffff9f0f49b4
               |          0xffffffff9f0f1d33
               |          0xffffffff9ec42a0e
               |          0xffffffff9ec428b5
               |          0xffffffff9f008444
               |          0xffffffff9f009f27
               |          0xffffffff9f009569
               |          0xffffffff9f05eaae
               |          0xffffffff9ef9a5f0
               |          0xffffffff9f038e37
               |          0xffffffff9f030dc8
               |          0xffffffff9f0306d1
               |          
                --0.00%--0xffffffff9f19d005
                          0xffffffff9f19c404
                          0xffffffff9f19c133
                          0xffffffff9efc455d
                          0xffffffff9efc4439
                          0xffffffff9f0072b8
                          0xffffffff9f02aed2
                          0xffffffff9f0295ae
                          0xffffffff9f0281d8
                          0xffffffff9f02634f
                          0xffffffff9efe253e

     0.01%     0.00%  taskset    [unknown]             [k] 0xffffffff9f0f28aa
            |
            ---0xffffffff9f0f28aa
               0xffffffff9f0f27b0
               0xffffffff9f0f2446
               |          
               |--0.01%--0xffffffff9f19c8f5
               |          0xffffffff9f0f49b4
               |          0xffffffff9f0f1d33
               |          0xffffffff9ec42a0e
               |          0xffffffff9ec428b5
               |          0xffffffff9f008444
               |          0xffffffff9f009f27
               |          0xffffffff9f009569
               |          0xffffffff9f05eaae
               |          0xffffffff9ef9a5f0
               |          0xffffffff9f038e37
               |          0xffffffff9f030dc8
               |          0xffffffff9f0306d1
               |          
                --0.00%--0xffffffff9f19d005
                          0xffffffff9f19c404
                          0xffffffff9f19c133
                          0xffffffff9efc455d
                          0xffffffff9efc4439
                          0xffffffff9f0072b8
                          0xffffffff9f02aed2
                          0xffffffff9f0295ae
                          0xffffffff9f0281d8
                          0xffffffff9f02634f
                          0xffffffff9efe253e

     0.01%     0.00%  taskset    [unknown]             [k] 0xffffffff9f0f27b0
            |
            ---0xffffffff9f0f27b0
               0xffffffff9f0f2446
               |          
               |--0.01%--0xffffffff9f19c8f5
               |          0xffffffff9f0f49b4
               |          0xffffffff9f0f1d33
               |          0xffffffff9ec42a0e
               |          0xffffffff9ec428b5
               |          0xffffffff9f008444
               |          0xffffffff9f009f27
               |          0xffffffff9f009569
               |          0xffffffff9f05eaae
               |          0xffffffff9ef9a5f0
               |          0xffffffff9f038e37
               |          0xffffffff9f030dc8
               |          0xffffffff9f0306d1
               |          
                --0.00%--0xffffffff9f19d005
                          0xffffffff9f19c404
                          0xffffffff9f19c133
                          0xffffffff9efc455d
                          0xffffffff9efc4439
                          0xffffffff9f0072b8
                          0xffffffff9f02aed2
                          0xffffffff9f0295ae
                          0xffffffff9f0281d8
                          0xffffffff9f02634f
                          0xffffffff9efe253e

     0.01%     0.00%  taskset    [unknown]             [k] 0xffffffff9f0f2446
            |
            ---0xffffffff9f0f2446
               |          
               |--0.01%--0xffffffff9f19c8f5
               |          0xffffffff9f0f49b4
               |          0xffffffff9f0f1d33
               |          0xffffffff9ec42a0e
               |          0xffffffff9ec428b5
               |          0xffffffff9f008444
               |          0xffffffff9f009f27
               |          0xffffffff9f009569
               |          0xffffffff9f05eaae
               |          0xffffffff9ef9a5f0
               |          0xffffffff9f038e37
               |          0xffffffff9f030dc8
               |          0xffffffff9f0306d1
               |          
                --0.00%--0xffffffff9f19d005
                          0xffffffff9f19c404
                          0xffffffff9f19c133
                          0xffffffff9efc455d
                          0xffffffff9efc4439
                          0xffffffff9f0072b8
                          0xffffffff9f02aed2
                          0xffffffff9f0295ae
                          0xffffffff9f0281d8
                          0xffffffff9f02634f
                          0xffffffff9efe253e

     0.01%     0.01%  taskset    [unknown]             [k] 0xffffffff9f0306d1
            |
            ---0xffffffff9e80012b
               0xffffffff9ff15b65
               0xffffffff9eb49863
               0xffffffff9f0f467e
               0xffffffff9f0f436b
               0xffffffff9f0f28aa
               0xffffffff9f0f27b0
               0xffffffff9f0f2446
               0xffffffff9f19c8f5
               0xffffffff9f0f49b4
               0xffffffff9f0f1d33
               0xffffffff9ec42a0e
               0xffffffff9ec428b5
               0xffffffff9f008444
               0xffffffff9f009f27
               0xffffffff9f009569
               0xffffffff9f05eaae
               0xffffffff9ef9a5f0
               0xffffffff9f038e37
               0xffffffff9f030dc8
               0xffffffff9f0306d1

     0.01%     0.00%  taskset    [unknown]             [k] 0xffffffff9f19c8f5
            |
            ---0xffffffff9f19c8f5
               0xffffffff9f0f49b4
               0xffffffff9f0f1d33
               0xffffffff9ec42a0e
               0xffffffff9ec428b5
               0xffffffff9f008444
               0xffffffff9f009f27
               0xffffffff9f009569
               0xffffffff9f05eaae
               0xffffffff9ef9a5f0
               0xffffffff9f038e37
               0xffffffff9f030dc8
               0xffffffff9f0306d1

     0.01%     0.00%  taskset    [unknown]             [k] 0xffffffff9f0f49b4
            |
            ---0xffffffff9f0f49b4
               0xffffffff9f0f1d33
               0xffffffff9ec42a0e
               0xffffffff9ec428b5
               0xffffffff9f008444
               0xffffffff9f009f27
               0xffffffff9f009569
               0xffffffff9f05eaae
               0xffffffff9ef9a5f0
               0xffffffff9f038e37
               0xffffffff9f030dc8
               0xffffffff9f0306d1

     0.01%     0.00%  taskset    [unknown]             [k] 0xffffffff9f0f1d33
            |
            ---0xffffffff9f0f1d33
               0xffffffff9ec42a0e
               0xffffffff9ec428b5
               0xffffffff9f008444
               0xffffffff9f009f27
               0xffffffff9f009569
               0xffffffff9f05eaae
               0xffffffff9ef9a5f0
               0xffffffff9f038e37
               0xffffffff9f030dc8
               0xffffffff9f0306d1

     0.01%     0.00%  taskset    [unknown]             [k] 0xffffffff9ec42a0e
            |
            ---0xffffffff9ec42a0e
               0xffffffff9ec428b5
               0xffffffff9f008444
               0xffffffff9f009f27
               0xffffffff9f009569
               0xffffffff9f05eaae
               0xffffffff9ef9a5f0
               0xffffffff9f038e37
               0xffffffff9f030dc8
               0xffffffff9f0306d1

     0.01%     0.00%  taskset    [unknown]             [k] 0xffffffff9ec428b5
            |
            ---0xffffffff9ec428b5
               0xffffffff9f008444
               0xffffffff9f009f27
               0xffffffff9f009569
               0xffffffff9f05eaae
               0xffffffff9ef9a5f0
               0xffffffff9f038e37
               0xffffffff9f030dc8
               0xffffffff9f0306d1

     0.01%     0.00%  taskset    [unknown]             [k] 0xffffffff9f008444
            |
            ---0xffffffff9f008444
               0xffffffff9f009f27
               0xffffffff9f009569
               0xffffffff9f05eaae
               0xffffffff9ef9a5f0
               0xffffffff9f038e37
               0xffffffff9f030dc8
               0xffffffff9f0306d1

     0.01%     0.00%  taskset    [unknown]             [k] 0xffffffff9f009f27
            |
            ---0xffffffff9f009f27
               0xffffffff9f009569
               0xffffffff9f05eaae
               0xffffffff9ef9a5f0
               0xffffffff9f038e37
               0xffffffff9f030dc8
               0xffffffff9f0306d1

     0.01%     0.00%  taskset    [unknown]             [k] 0xffffffff9f009569
            |
            ---0xffffffff9f009569
               0xffffffff9f05eaae
               0xffffffff9ef9a5f0
               0xffffffff9f038e37
               0xffffffff9f030dc8
               0xffffffff9f0306d1

     0.01%     0.00%  taskset    [unknown]             [k] 0xffffffff9f05eaae
            |
            ---0xffffffff9f05eaae
               0xffffffff9ef9a5f0
               0xffffffff9f038e37
               0xffffffff9f030dc8
               0xffffffff9f0306d1

     0.01%     0.00%  taskset    [unknown]             [k] 0xffffffff9ef9a5f0
            |
            ---0xffffffff9ef9a5f0
               0xffffffff9f038e37
               0xffffffff9f030dc8
               0xffffffff9f0306d1

     0.01%     0.00%  taskset    [unknown]             [k] 0xffffffff9f038e37
            |
            ---0xffffffff9f038e37
               0xffffffff9f030dc8
               0xffffffff9f0306d1

     0.01%     0.00%  taskset    [unknown]             [k] 0xffffffff9f030dc8
            |
            ---0xffffffff9f030dc8
               0xffffffff9f0306d1

     0.00%     0.00%  taskset    [unknown]             [k] 0xffffffff9efe253e
            |
            ---0xffffffff9e80012b
               0xffffffff9ff15b65
               0xffffffff9eb49863
               0xffffffff9f0f467e
               0xffffffff9f0f436b
               0xffffffff9f0f28aa
               0xffffffff9f0f27b0
               0xffffffff9f0f2446
               0xffffffff9f19d005
               0xffffffff9f19c404
               0xffffffff9f19c133
               0xffffffff9efc455d
               0xffffffff9efc4439
               0xffffffff9f0072b8
               0xffffffff9f02aed2
               0xffffffff9f0295ae
               0xffffffff9f0281d8
               0xffffffff9f02634f
               0xffffffff9efe253e

     0.00%     0.00%  taskset    [unknown]             [k] 0xffffffff9f19d005
            |
            ---0xffffffff9f19d005
               0xffffffff9f19c404
               0xffffffff9f19c133
               0xffffffff9efc455d
               0xffffffff9efc4439
               0xffffffff9f0072b8
               0xffffffff9f02aed2
               0xffffffff9f0295ae
               0xffffffff9f0281d8
               0xffffffff9f02634f
               0xffffffff9efe253e

     0.00%     0.00%  taskset    [unknown]             [k] 0xffffffff9f19c404
            |
            ---0xffffffff9f19c404
               0xffffffff9f19c133
               0xffffffff9efc455d
               0xffffffff9efc4439
               0xffffffff9f0072b8
               0xffffffff9f02aed2
               0xffffffff9f0295ae
               0xffffffff9f0281d8
               0xffffffff9f02634f
               0xffffffff9efe253e

     0.00%     0.00%  taskset    [unknown]             [k] 0xffffffff9f19c133
            |
            ---0xffffffff9f19c133
               0xffffffff9efc455d
               0xffffffff9efc4439
               0xffffffff9f0072b8
               0xffffffff9f02aed2
               0xffffffff9f0295ae
               0xffffffff9f0281d8
               0xffffffff9f02634f
               0xffffffff9efe253e

     0.00%     0.00%  taskset    [unknown]             [k] 0xffffffff9efc455d
            |
            ---0xffffffff9efc455d
               0xffffffff9efc4439
               0xffffffff9f0072b8
               0xffffffff9f02aed2
               0xffffffff9f0295ae
               0xffffffff9f0281d8
               0xffffffff9f02634f
               0xffffffff9efe253e

     0.00%     0.00%  taskset    [unknown]             [k] 0xffffffff9efc4439
            |
            ---0xffffffff9efc4439
               0xffffffff9f0072b8
               0xffffffff9f02aed2
               0xffffffff9f0295ae
               0xffffffff9f0281d8
               0xffffffff9f02634f
               0xffffffff9efe253e

     0.00%     0.00%  taskset    [unknown]             [k] 0xffffffff9f0072b8
            |
            ---0xffffffff9f0072b8
               0xffffffff9f02aed2
               0xffffffff9f0295ae
               0xffffffff9f0281d8
               0xffffffff9f02634f
               0xffffffff9efe253e

     0.00%     0.00%  taskset    [unknown]             [k] 0xffffffff9f02aed2
            |
            ---0xffffffff9f02aed2
               0xffffffff9f0295ae
               0xffffffff9f0281d8
               0xffffffff9f02634f
               0xffffffff9efe253e

     0.00%     0.00%  taskset    [unknown]             [k] 0xffffffff9f0295ae
            |
            ---0xffffffff9f0295ae
               0xffffffff9f0281d8
               0xffffffff9f02634f
               0xffffffff9efe253e

     0.00%     0.00%  taskset    [unknown]             [k] 0xffffffff9f0281d8
            |
            ---0xffffffff9f0281d8
               0xffffffff9f02634f
               0xffffffff9efe253e

     0.00%     0.00%  taskset    [unknown]             [k] 0xffffffff9f02634f
            |
            ---0xffffffff9f02634f
               0xffffffff9efe253e

     0.00%     0.00%  taskset    [unknown]             [k] 0xffffffff9f0bf300
            |
            ---0x567aaa18f314
               __libc_start_main_impl (inlined)
               __libc_start_call_main
               0x567aaa18f093
               __execvpe
               __execvpe_common (inlined)
               __execve (inlined)
               0xffffffff9e80012b
               0xffffffff9ff15b65
               0xffffffff9eb49863
               0xffffffff9f0f467e
               0xffffffff9f0f4263
               0xffffffff9f0f4079
               0xffffffff9ec4362a
               0xffffffff9f05001c
               0xffffffff9f0bf300

     0.00%     0.00%  taskset    taskset               [.] 0x0000567aaa18f093
            |
            ---0x567aaa18f093
               __execvpe
               __execvpe_common (inlined)
               __execve (inlined)
               0xffffffff9e80012b
               0xffffffff9ff15b65
               0xffffffff9eb49863
               0xffffffff9f0f467e
               0xffffffff9f0f4263
               0xffffffff9f0f4079
               0xffffffff9ec4362a
               0xffffffff9f05001c
               0xffffffff9f0bf300

     0.00%     0.00%  taskset    libc.so.6             [.] __execvpe
            |
            ---__execvpe
               __execvpe_common (inlined)
               __execve (inlined)
               0xffffffff9e80012b
               0xffffffff9ff15b65
               0xffffffff9eb49863
               0xffffffff9f0f467e
               0xffffffff9f0f4263
               0xffffffff9f0f4079
               0xffffffff9ec4362a
               0xffffffff9f05001c
               0xffffffff9f0bf300

     0.00%     0.00%  taskset    libc.so.6             [.] __execvpe_common (inlined)
            |
            ---__execvpe_common (inlined)
               __execve (inlined)
               0xffffffff9e80012b
               0xffffffff9ff15b65
               0xffffffff9eb49863
               0xffffffff9f0f467e
               0xffffffff9f0f4263
               0xffffffff9f0f4079
               0xffffffff9ec4362a
               0xffffffff9f05001c
               0xffffffff9f0bf300

     0.00%     0.00%  taskset    libc.so.6             [.] __execve (inlined)
            |
            ---__execve (inlined)
               0xffffffff9e80012b
               0xffffffff9ff15b65
               0xffffffff9eb49863
               0xffffffff9f0f467e
               0xffffffff9f0f4263
               0xffffffff9f0f4079
               0xffffffff9ec4362a
               0xffffffff9f05001c
               0xffffffff9f0bf300

     0.00%     0.00%  taskset    [unknown]             [.] 0xffffffff9f0f4263
            |
            ---0xffffffff9f0f4263
               0xffffffff9f0f4079
               0xffffffff9ec4362a
               0xffffffff9f05001c
               0xffffffff9f0bf300

     0.00%     0.00%  taskset    [unknown]             [.] 0xffffffff9f0f4079
            |
            ---0xffffffff9f0f4079
               0xffffffff9ec4362a
               0xffffffff9f05001c
               0xffffffff9f0bf300

     0.00%     0.00%  taskset    [unknown]             [.] 0xffffffff9ec4362a
            |
            ---0xffffffff9ec4362a
               0xffffffff9f05001c
               0xffffffff9f0bf300

     0.00%     0.00%  taskset    [unknown]             [.] 0xffffffff9f05001c
            |
            ---0xffffffff9f05001c
               0xffffffff9f0bf300

     0.00%     0.00%  perf-exec  [unknown]             [k] 0xffffffff9e80012b
            |
            ---0xffffffff9e80012b
               0xffffffff9ff15b65
               0xffffffff9eb49863
               0xffffffff9f0f467e
               0xffffffff9f0f436b
               0xffffffff9f0f28aa
               0xffffffff9f0f27b0
               0xffffffff9f0f2446
               0xffffffff9f19c8f5
               |          
               |--0.00%--0xffffffff9f0f4cbe
               |          0xffffffff9f0f4758
               |          0xffffffff9ef6dd1e
               |          0xffffffff9ef57adc
               |          0xffffffff9ef579ec
               |          0xffffffff9ef56d76
               |          0xffffffff9ef5f86d
               |          0xffffffff9ef5ddd4
               |          0xffffffff9ec7baea
               |          
                --0.00%--0xffffffff9f0f4b8d
                          0xffffffff9ef6d8e5
                          0xffffffff9ef6536f
                          0xffffffff9ef64d05

     0.00%     0.00%  perf-exec  [unknown]             [k] 0xffffffff9ff15b65
            |
            ---0xffffffff9ff15b65
               0xffffffff9eb49863
               0xffffffff9f0f467e
               0xffffffff9f0f436b
               0xffffffff9f0f28aa
               0xffffffff9f0f27b0
               0xffffffff9f0f2446
               0xffffffff9f19c8f5
               |          
               |--0.00%--0xffffffff9f0f4cbe
               |          0xffffffff9f0f4758
               |          0xffffffff9ef6dd1e
               |          0xffffffff9ef57adc
               |          0xffffffff9ef579ec
               |          0xffffffff9ef56d76
               |          0xffffffff9ef5f86d
               |          0xffffffff9ef5ddd4
               |          0xffffffff9ec7baea
               |          
                --0.00%--0xffffffff9f0f4b8d
                          0xffffffff9ef6d8e5
                          0xffffffff9ef6536f
                          0xffffffff9ef64d05

     0.00%     0.00%  perf-exec  [unknown]             [k] 0xffffffff9eb49863
            |
            ---0xffffffff9eb49863
               0xffffffff9f0f467e
               0xffffffff9f0f436b
               0xffffffff9f0f28aa
               0xffffffff9f0f27b0
               0xffffffff9f0f2446
               0xffffffff9f19c8f5
               |          
               |--0.00%--0xffffffff9f0f4cbe
               |          0xffffffff9f0f4758
               |          0xffffffff9ef6dd1e
               |          0xffffffff9ef57adc
               |          0xffffffff9ef579ec
               |          0xffffffff9ef56d76
               |          0xffffffff9ef5f86d
               |          0xffffffff9ef5ddd4
               |          0xffffffff9ec7baea
               |          
                --0.00%--0xffffffff9f0f4b8d
                          0xffffffff9ef6d8e5
                          0xffffffff9ef6536f
                          0xffffffff9ef64d05

     0.00%     0.00%  perf-exec  [unknown]             [k] 0xffffffff9f0f467e
            |
            ---0xffffffff9f0f467e
               0xffffffff9f0f436b
               0xffffffff9f0f28aa
               0xffffffff9f0f27b0
               0xffffffff9f0f2446
               0xffffffff9f19c8f5
               |          
               |--0.00%--0xffffffff9f0f4cbe
               |          0xffffffff9f0f4758
               |          0xffffffff9ef6dd1e
               |          0xffffffff9ef57adc
               |          0xffffffff9ef579ec
               |          0xffffffff9ef56d76
               |          0xffffffff9ef5f86d
               |          0xffffffff9ef5ddd4
               |          0xffffffff9ec7baea
               |          
                --0.00%--0xffffffff9f0f4b8d
                          0xffffffff9ef6d8e5
                          0xffffffff9ef6536f
                          0xffffffff9ef64d05

     0.00%     0.00%  perf-exec  [unknown]             [k] 0xffffffff9f0f436b
            |
            ---0xffffffff9f0f436b
               0xffffffff9f0f28aa
               0xffffffff9f0f27b0
               0xffffffff9f0f2446
               0xffffffff9f19c8f5
               |          
               |--0.00%--0xffffffff9f0f4cbe
               |          0xffffffff9f0f4758
               |          0xffffffff9ef6dd1e
               |          0xffffffff9ef57adc
               |          0xffffffff9ef579ec
               |          0xffffffff9ef56d76
               |          0xffffffff9ef5f86d
               |          0xffffffff9ef5ddd4
               |          0xffffffff9ec7baea
               |          
                --0.00%--0xffffffff9f0f4b8d
                          0xffffffff9ef6d8e5
                          0xffffffff9ef6536f
                          0xffffffff9ef64d05

     0.00%     0.00%  perf-exec  [unknown]             [k] 0xffffffff9f0f28aa
            |
            ---0xffffffff9f0f28aa
               0xffffffff9f0f27b0
               0xffffffff9f0f2446
               0xffffffff9f19c8f5
               |          
               |--0.00%--0xffffffff9f0f4cbe
               |          0xffffffff9f0f4758
               |          0xffffffff9ef6dd1e
               |          0xffffffff9ef57adc
               |          0xffffffff9ef579ec
               |          0xffffffff9ef56d76
               |          0xffffffff9ef5f86d
               |          0xffffffff9ef5ddd4
               |          0xffffffff9ec7baea
               |          
                --0.00%--0xffffffff9f0f4b8d
                          0xffffffff9ef6d8e5
                          0xffffffff9ef6536f
                          0xffffffff9ef64d05

     0.00%     0.00%  perf-exec  [unknown]             [k] 0xffffffff9f0f27b0
            |
            ---0xffffffff9f0f27b0
               0xffffffff9f0f2446
               0xffffffff9f19c8f5
               |          
               |--0.00%--0xffffffff9f0f4cbe
               |          0xffffffff9f0f4758
               |          0xffffffff9ef6dd1e
               |          0xffffffff9ef57adc
               |          0xffffffff9ef579ec
               |          0xffffffff9ef56d76
               |          0xffffffff9ef5f86d
               |          0xffffffff9ef5ddd4
               |          0xffffffff9ec7baea
               |          
                --0.00%--0xffffffff9f0f4b8d
                          0xffffffff9ef6d8e5
                          0xffffffff9ef6536f
                          0xffffffff9ef64d05

     0.00%     0.00%  perf-exec  [unknown]             [k] 0xffffffff9f0f2446
            |
            ---0xffffffff9f0f2446
               0xffffffff9f19c8f5
               |          
               |--0.00%--0xffffffff9f0f4cbe
               |          0xffffffff9f0f4758
               |          0xffffffff9ef6dd1e
               |          0xffffffff9ef57adc
               |          0xffffffff9ef579ec
               |          0xffffffff9ef56d76
               |          0xffffffff9ef5f86d
               |          0xffffffff9ef5ddd4
               |          0xffffffff9ec7baea
               |          
                --0.00%--0xffffffff9f0f4b8d
                          0xffffffff9ef6d8e5
                          0xffffffff9ef6536f
                          0xffffffff9ef64d05

     0.00%     0.00%  perf-exec  [unknown]             [k] 0xffffffff9f19c8f5
            |
            ---0xffffffff9f19c8f5
               |          
               |--0.00%--0xffffffff9f0f4cbe
               |          0xffffffff9f0f4758
               |          0xffffffff9ef6dd1e
               |          0xffffffff9ef57adc
               |          0xffffffff9ef579ec
               |          0xffffffff9ef56d76
               |          0xffffffff9ef5f86d
               |          0xffffffff9ef5ddd4
               |          0xffffffff9ec7baea
               |          
                --0.00%--0xffffffff9f0f4b8d
                          0xffffffff9ef6d8e5
                          0xffffffff9ef6536f
                          0xffffffff9ef64d05

     0.00%     0.00%  perf-exec  [unknown]             [k] 0xffffffff9ec7baea
            |
            ---0xffffffff9e80012b
               0xffffffff9ff15b65
               0xffffffff9eb49863
               0xffffffff9f0f467e
               0xffffffff9f0f436b
               0xffffffff9f0f28aa
               0xffffffff9f0f27b0
               0xffffffff9f0f2446
               0xffffffff9f19c8f5
               0xffffffff9f0f4cbe
               0xffffffff9f0f4758
               0xffffffff9ef6dd1e
               0xffffffff9ef57adc
               0xffffffff9ef579ec
               0xffffffff9ef56d76
               0xffffffff9ef5f86d
               0xffffffff9ef5ddd4
               0xffffffff9ec7baea

     0.00%     0.00%  perf-exec  [unknown]             [k] 0xffffffff9f0f4cbe
            |
            ---0xffffffff9f0f4cbe
               0xffffffff9f0f4758
               0xffffffff9ef6dd1e
               0xffffffff9ef57adc
               0xffffffff9ef579ec
               0xffffffff9ef56d76
               0xffffffff9ef5f86d
               0xffffffff9ef5ddd4
               0xffffffff9ec7baea

     0.00%     0.00%  perf-exec  [unknown]             [k] 0xffffffff9f0f4758
            |
            ---0xffffffff9f0f4758
               0xffffffff9ef6dd1e
               0xffffffff9ef57adc
               0xffffffff9ef579ec
               0xffffffff9ef56d76
               0xffffffff9ef5f86d
               0xffffffff9ef5ddd4
               0xffffffff9ec7baea

     0.00%     0.00%  perf-exec  [unknown]             [k] 0xffffffff9ef6dd1e
            |
            ---0xffffffff9ef6dd1e
               0xffffffff9ef57adc
               0xffffffff9ef579ec
               0xffffffff9ef56d76
               0xffffffff9ef5f86d
               0xffffffff9ef5ddd4
               0xffffffff9ec7baea

     0.00%     0.00%  perf-exec  [unknown]             [k] 0xffffffff9ef57adc
            |
            ---0xffffffff9ef57adc
               0xffffffff9ef579ec
               0xffffffff9ef56d76
               0xffffffff9ef5f86d
               0xffffffff9ef5ddd4
               0xffffffff9ec7baea

     0.00%     0.00%  perf-exec  [unknown]             [k] 0xffffffff9ef579ec
            |
            ---0xffffffff9ef579ec
               0xffffffff9ef56d76
               0xffffffff9ef5f86d
               0xffffffff9ef5ddd4
               0xffffffff9ec7baea

     0.00%     0.00%  perf-exec  [unknown]             [k] 0xffffffff9ef56d76
            |
            ---0xffffffff9ef56d76
               0xffffffff9ef5f86d
               0xffffffff9ef5ddd4
               0xffffffff9ec7baea

     0.00%     0.00%  perf-exec  [unknown]             [k] 0xffffffff9ef5f86d
            |
            ---0xffffffff9ef5f86d
               0xffffffff9ef5ddd4
               0xffffffff9ec7baea

     0.00%     0.00%  perf-exec  [unknown]             [k] 0xffffffff9ef5ddd4
            |
            ---0xffffffff9ef5ddd4
               0xffffffff9ec7baea

     0.00%     0.00%  taskset    [unknown]             [k] 0xffffffff9ed60565
            |
            ---0x567aaa18f314
               __libc_start_main_impl (inlined)
               __libc_start_call_main
               0x567aaa18f04d
               0x567aaa19046c
               __sched_setaffinity_new (inlined)
               0xffffffff9e80012b
               0xffffffff9ff15c8f
               0xffffffff9ed60565

     0.00%     0.00%  taskset    [unknown]             [.] 0xffffffff9ff15c8f
            |
            ---0xffffffff9ff15c8f
               0xffffffff9ed60565

     0.00%     0.00%  perf-exec  [unknown]             [k] 0xffffffff9ef64d05
            |
            ---0xffffffff9e80012b
               0xffffffff9ff15b65
               0xffffffff9eb49863
               0xffffffff9f0f467e
               0xffffffff9f0f436b
               0xffffffff9f0f28aa
               0xffffffff9f0f27b0
               0xffffffff9f0f2446
               0xffffffff9f19c8f5
               0xffffffff9f0f4b8d
               0xffffffff9ef6d8e5
               0xffffffff9ef6536f
               0xffffffff9ef64d05

     0.00%     0.00%  perf-exec  [unknown]             [k] 0xffffffff9f0f4b8d
            |
            ---0xffffffff9f0f4b8d
               0xffffffff9ef6d8e5
               0xffffffff9ef6536f
               0xffffffff9ef64d05

     0.00%     0.00%  perf-exec  [unknown]             [k] 0xffffffff9ef6d8e5
            |
            ---0xffffffff9ef6d8e5
               0xffffffff9ef6536f
               0xffffffff9ef64d05

     0.00%     0.00%  perf-exec  [unknown]             [k] 0xffffffff9ef6536f
            |
            ---0xffffffff9ef6536f
               0xffffffff9ef64d05

     0.00%     0.00%  taskset    [unknown]             [k] 0xffffffff9ef5a0a0
            |
            ---0x567aaa18f314
               __libc_start_main_impl (inlined)
               __libc_start_call_main
               0x567aaa18f04d
               0x567aaa19046c
               __sched_setaffinity_new (inlined)
               0xffffffff9e80012b
               0xffffffff9ff15b65
               0xffffffff9eb49611
               0xffffffff9ececdbd
               0xffffffff9ececbbe
               0xffffffff9ecec863
               0xffffffff9ecac894
               0xffffffff9ecac7bd
               0xffffffff9ecaa842
               0xffffffff9eb4c0f6
               0xffffffff9ff25c8c
               0xffffffff9ff256c3
               0xffffffff9eca1078
               0xffffffff9ef6592a
               0xffffffff9ef65875
               0xffffffff9ef5a0a0

     0.00%     0.00%  taskset    [unknown]             [.] 0xffffffff9ecac7bd
            |
            ---0xffffffff9ecac7bd
               0xffffffff9ecaa842
               0xffffffff9eb4c0f6
               0xffffffff9ff25c8c
               0xffffffff9ff256c3
               0xffffffff9eca1078
               0xffffffff9ef6592a
               0xffffffff9ef65875
               0xffffffff9ef5a0a0

     0.00%     0.00%  taskset    [unknown]             [.] 0xffffffff9ecaa842
            |
            ---0xffffffff9ecaa842
               0xffffffff9eb4c0f6
               0xffffffff9ff25c8c
               0xffffffff9ff256c3
               0xffffffff9eca1078
               0xffffffff9ef6592a
               0xffffffff9ef65875
               0xffffffff9ef5a0a0

     0.00%     0.00%  taskset    [unknown]             [.] 0xffffffff9eb4c0f6
            |
            ---0xffffffff9eb4c0f6
               0xffffffff9ff25c8c
               0xffffffff9ff256c3
               0xffffffff9eca1078
               0xffffffff9ef6592a
               0xffffffff9ef65875
               0xffffffff9ef5a0a0

     0.00%     0.00%  taskset    [unknown]             [.] 0xffffffff9ff25c8c
            |
            ---0xffffffff9ff25c8c
               0xffffffff9ff256c3
               0xffffffff9eca1078
               0xffffffff9ef6592a
               0xffffffff9ef65875
               0xffffffff9ef5a0a0

     0.00%     0.00%  taskset    [unknown]             [.] 0xffffffff9ff256c3
            |
            ---0xffffffff9ff256c3
               0xffffffff9eca1078
               0xffffffff9ef6592a
               0xffffffff9ef65875
               0xffffffff9ef5a0a0

     0.00%     0.00%  taskset    [unknown]             [.] 0xffffffff9eca1078
            |
            ---0xffffffff9eca1078
               0xffffffff9ef6592a
               0xffffffff9ef65875
               0xffffffff9ef5a0a0

     0.00%     0.00%  taskset    [unknown]             [.] 0xffffffff9ef6592a
            |
            ---0xffffffff9ef6592a
               0xffffffff9ef65875
               0xffffffff9ef5a0a0

     0.00%     0.00%  taskset    [unknown]             [.] 0xffffffff9ef65875
            |
            ---0xffffffff9ef65875
               0xffffffff9ef5a0a0



#
# (Cannot load tips.txt file, please install perf!)
#
