# To display the perf.data header info, please use --header/--header-only options.
#
#
# Total Lost Samples: 0
#
# Samples: 3K of event 'cpu/cycles/P'
# Event count (approx.): 16420675703
#
# Children      Self  Command    Shared Object         Symbol                                                                                                                                                                                                                                                                                                                        
# ........  ........  .........  ....................  ..............................................................................................................................................................................................................................................................................................................................
#
    44.06%    43.96%  candidate  libc.so.6             [.] __memcmp_evex_movbe
            |          
            |--43.07%--__memcmp_evex_movbe
            |          |          
            |          |--0.08%--0xffffffff9e800f0b
            |          |          0xffffffff9ff1d894
            |          |          0xffffffff9ebf0f48
            |          |          |          
            |          |          |--0.05%--0xffffffff9ed777d4
            |          |          |          0xffffffff9ed7690c
            |          |          |          |          
            |          |          |          |--0.03%--0xffffffff9ed904a5
            |          |          |          |          0xffffffff9ff30b07
            |          |          |          |          
            |          |          |           --0.03%--0xffffffff9ed903d6
            |          |          |                     0xffffffff9ed75580
            |          |          |                     0xffffffff9eca80a8
            |          |          |                     0xffffffff9ec0c2a4
            |          |          |          
            |          |           --0.03%--0xffffffff9ed777fd
            |          |                     0xffffffff9ed8fb9e
            |          |                     0xffffffff9ed8cd59
            |          |                     0xffffffff9ebf0075
            |          |                     0xffffffff9ec0c45d
            |          |          
            |           --0.03%--0xffffffff9e800ef0
            |          
            |--0.97%--0x23
            |          process_markup_compatibility (inlined)
            |          any<core::slice::iter::Windows<u8>, litchi_ooxml_common::mce::codec::process_markup_compatibility::{closure_env#0}> (inlined)
            |          try_fold<core::slice::iter::Windows<u8>, (), core::iter::traits::iterator::Iterator::any::check::{closure_env#0}<&[u8], litchi_ooxml_common::mce::codec::process_markup_compatibility::{closure_env#0}>, core::ops::control_flow::ControlFlow<(), ()>> (inlined)
            |          {closure#0}<&[u8], litchi_ooxml_common::mce::codec::process_markup_compatibility::{closure_env#0}> (inlined)
            |          {closure#0} (inlined)
            |          eq<[u8], [u8]> (inlined)
            |          eq<u8, u8> (inlined)
            |          equal_same_length<u8, u8> (inlined)
            |          __memcmp_evex_movbe
            |          
             --0.03%--next_back<char> (inlined)
                       next_match_back (inlined)
                       eq<[u8], [u8]> (inlined)
                       eq<u8, u8> (inlined)
                       equal_same_length<u8, u8> (inlined)
                       __memcmp_evex_movbe

     7.80%     7.80%  candidate  candidate             [.] litchi_ooxml_common::mce::codec::process_markup_compatibility
            |          
             --0.13%--0x23
                       process_markup_compatibility (inlined)
                       any<core::slice::iter::Windows<u8>, litchi_ooxml_common::mce::codec::process_markup_compatibility::{closure_env#0}> (inlined)
                       try_fold<core::slice::iter::Windows<u8>, (), core::iter::traits::iterator::Iterator::any::check::{closure_env#0}<&[u8], litchi_ooxml_common::mce::codec::process_markup_compatibility::{closure_env#0}>, core::ops::control_flow::ControlFlow<(), ()>> (inlined)
                       |          
                        --0.08%--{closure#0}<&[u8], litchi_ooxml_common::mce::codec::process_markup_compatibility::{closure_env#0}> (inlined)
                                  {closure#0} (inlined)
                                  eq<[u8], [u8]> (inlined)
                                  eq<u8, u8> (inlined)
                                  equal_same_length<u8, u8> (inlined)

     4.57%     4.57%  candidate  candidate             [.] <core::hash::sip::Hasher<S> as core::hash::Hasher>::write
     4.09%     4.09%  candidate  candidate             [.] <core::hash::sip::Hasher<S> as core::hash::Hasher>::write
            |          
             --0.03%--anon.819a4a985a8da7e6013ce3f6118304ed.40.llvm.16687536571421056445
                       0x17
                       write<core::hash::sip::Sip13Rounds> (inlined)
                       c_rounds (inlined)

     2.39%     2.39%  candidate  candidate             [.] hashbrown::map::HashMap<K,V,S,A>::insert
            |          
             --0.03%--0xff737068
                       0x5c4733439ff4
                       0x5c4733439ff4
                       0x5c4733439ff4

     2.37%     2.37%  candidate  candidate             [.] core::hash::BuildHasher::hash_one
            |          
            |--0.03%--0x370d319d5b0d781a
            |          0x17
            |          hash_one<std::hash::random::RandomState, &alloc::string::String> (inlined)
            |          hash<alloc::string::String, std::hash::random::DefaultHasher> (inlined)
            |          
             --0.03%--hash_one<std::hash::random::RandomState, &alloc::string::String> (inlined)

     2.12%     2.12%  candidate  candidate             [.] hashbrown::raw::RawTable<T,A>::reserve_rehash
            |          
             --0.03%--reserve_rehash<(alloc::string::String, ()), alloc::alloc::Global, hashbrown::map::make_hasher::{closure_env#0}<alloc::string::String, (), std::hash::random::RandomState>> (inlined)
                       reserve_rehash_inner<alloc::alloc::Global> (inlined)
                       resize_inner<alloc::alloc::Global> (inlined)
                       prepare_insert_index (inlined)
                       find_insert_index (inlined)
                       find_insert_index_in_group (inlined)
                       match_empty_or_deleted (inlined)
                       _mm_movemask_epi8 (inlined)

     2.12%     0.00%  candidate  libc.so.6             [.] __libc_realloc (inlined)
            |
            ---__libc_realloc (inlined)
               |          
               |--1.72%--_int_realloc
               |          |          
               |          |--0.67%--_int_malloc
               |          |          |          
               |          |           --0.03%--checked_request2size (inlined)
               |          |          
               |          |--0.40%--_int_free_chunk
               |          |          |          
               |          |          |--0.30%--_int_free_merge_chunk
               |          |          |          |          
               |          |          |           --0.08%--_int_free_create_chunk (inlined)
               |          |          |          
               |          |           --0.08%--_int_free_maybe_trim
               |          |          
               |           --0.24%--memcpy (inlined)
               |                     __memmove_avx512_unaligned_erms
               |          
               |--0.05%--musable (inlined)
               |          
               |--0.03%--arena_for_chunk (inlined)
               |          
                --0.03%--checked_request2size (inlined)

     1.86%     1.86%  candidate  candidate             [.] quick_xml::events::attributes::IterState::next
            |          
            |--0.04%--0x2727272727272726
            |          next (inlined)
            |          
            |--0.03%--0x7fffffffffffffff
            |          next (inlined)
            |          recover (inlined)
            |          
             --0.03%--0x7
                       next (inlined)
                       find<core::iter::adapters::zip::Zip<core::ops::range::RangeFrom<usize>, core::slice::iter::Iter<u8>>, quick_xml::events::attributes::{impl#17}::next::{closure_env#5}> (inlined)
                       try_fold<core::iter::adapters::zip::Zip<core::ops::range::RangeFrom<usize>, core::slice::iter::Iter<u8>>, (), core::iter::traits::iterator::Iterator::find::check::{closure_env#0}<(usize, &u8), quick_xml::events::attributes::{impl#17}::next::{closure_env#5}>, core::ops::control_flow::ControlFlow<(usize, &u8), ()>> (inlined)
                       {closure#0}<(usize, &u8), quick_xml::events::attributes::{impl#17}::next::{closure_env#5}> (inlined)
                       {closure#5} (inlined)

     1.75%     1.75%  candidate  candidate             [.] litchi_pptx::parts::presentation::PresentationPart::slide_references
            |          
            |--0.03%--slide_references (inlined)
            |          read_resolved_event (inlined)
            |          branch<quick_xml::events::Event, quick_xml::errors::Error> (inlined)
            |          
             --0.03%--0xf
                       slide_references (inlined)
                       name (inlined)
                       deref<[u8]> (inlined)

     1.75%     0.40%  candidate  libc.so.6             [.] _int_realloc
            |          
            |--1.34%--_int_realloc
            |          |          
            |          |--0.67%--_int_malloc
            |          |          |          
            |          |           --0.03%--checked_request2size (inlined)
            |          |          
            |          |--0.40%--_int_free_chunk
            |          |          |          
            |          |          |--0.30%--_int_free_merge_chunk
            |          |          |          |          
            |          |          |           --0.08%--_int_free_create_chunk (inlined)
            |          |          |          
            |          |           --0.08%--_int_free_maybe_trim
            |          |          
            |          |--0.24%--memcpy (inlined)
            |          |          __memmove_avx512_unaligned_erms
            |          |          
            |           --0.03%--unqualified_attribute_value (inlined)
            |                     prefix (inlined)
            |          
             --0.40%--__libc_realloc (inlined)
                       _int_realloc

     1.72%     1.72%  candidate  candidate             [.] quick_xml::reader::ns_reader::NsReader<R>::process_event
     1.10%     0.00%  candidate  [unknown]             [.] 0x0000000000000023
            |
            ---0x23
               process_markup_compatibility (inlined)
               any<core::slice::iter::Windows<u8>, litchi_ooxml_common::mce::codec::process_markup_compatibility::{closure_env#0}> (inlined)
               try_fold<core::slice::iter::Windows<u8>, (), core::iter::traits::iterator::Iterator::any::check::{closure_env#0}<&[u8], litchi_ooxml_common::mce::codec::process_markup_compatibility::{closure_env#0}>, core::ops::control_flow::ControlFlow<(), ()>> (inlined)
               |          
                --1.05%--{closure#0}<&[u8], litchi_ooxml_common::mce::codec::process_markup_compatibility::{closure_env#0}> (inlined)
                          {closure#0} (inlined)
                          eq<[u8], [u8]> (inlined)
                          eq<u8, u8> (inlined)
                          equal_same_length<u8, u8> (inlined)
                          |          
                           --0.97%--__memcmp_evex_movbe

     1.10%     0.00%  candidate  candidate             [.] process_markup_compatibility (inlined)
            |
            ---process_markup_compatibility (inlined)
               any<core::slice::iter::Windows<u8>, litchi_ooxml_common::mce::codec::process_markup_compatibility::{closure_env#0}> (inlined)
               try_fold<core::slice::iter::Windows<u8>, (), core::iter::traits::iterator::Iterator::any::check::{closure_env#0}<&[u8], litchi_ooxml_common::mce::codec::process_markup_compatibility::{closure_env#0}>, core::ops::control_flow::ControlFlow<(), ()>> (inlined)
               |          
                --1.05%--{closure#0}<&[u8], litchi_ooxml_common::mce::codec::process_markup_compatibility::{closure_env#0}> (inlined)
                          {closure#0} (inlined)
                          eq<[u8], [u8]> (inlined)
                          eq<u8, u8> (inlined)
                          equal_same_length<u8, u8> (inlined)
                          |          
                           --0.97%--__memcmp_evex_movbe

     1.10%     0.00%  candidate  candidate             [.] any<core::slice::iter::Windows<u8>, litchi_ooxml_common::mce::codec::process_markup_compatibility::{closure_env#0}> (inlined)
            |
            ---any<core::slice::iter::Windows<u8>, litchi_ooxml_common::mce::codec::process_markup_compatibility::{closure_env#0}> (inlined)
               try_fold<core::slice::iter::Windows<u8>, (), core::iter::traits::iterator::Iterator::any::check::{closure_env#0}<&[u8], litchi_ooxml_common::mce::codec::process_markup_compatibility::{closure_env#0}>, core::ops::control_flow::ControlFlow<(), ()>> (inlined)
               |          
                --1.05%--{closure#0}<&[u8], litchi_ooxml_common::mce::codec::process_markup_compatibility::{closure_env#0}> (inlined)
                          {closure#0} (inlined)
                          eq<[u8], [u8]> (inlined)
                          eq<u8, u8> (inlined)
                          equal_same_length<u8, u8> (inlined)
                          |          
                           --0.97%--__memcmp_evex_movbe

     1.10%     0.00%  candidate  candidate             [.] try_fold<core::slice::iter::Windows<u8>, (), core::iter::traits::iterator::Iterator::any::check::{closure_env#0}<&[u8], litchi_ooxml_common::mce::codec::process_markup_compatibility::{closure_env#0}>, core::ops::control_flow::ControlFlow<(), ()>> (inlined)
            |
            ---try_fold<core::slice::iter::Windows<u8>, (), core::iter::traits::iterator::Iterator::any::check::{closure_env#0}<&[u8], litchi_ooxml_common::mce::codec::process_markup_compatibility::{closure_env#0}>, core::ops::control_flow::ControlFlow<(), ()>> (inlined)
               |          
                --1.05%--{closure#0}<&[u8], litchi_ooxml_common::mce::codec::process_markup_compatibility::{closure_env#0}> (inlined)
                          {closure#0} (inlined)
                          eq<[u8], [u8]> (inlined)
                          eq<u8, u8> (inlined)
                          equal_same_length<u8, u8> (inlined)
                          |          
                           --0.97%--__memcmp_evex_movbe

     1.08%     1.08%  candidate  libc.so.6             [.] malloc
            |          
            |--1.02%--__libc_malloc (inlined)
            |          |          
            |           --0.48%--tcache_get (inlined)
            |                     tcache_get_n (inlined)
            |          
            |--0.03%--0x8000000000000004
            |          next_match (inlined)
            |          memchr (inlined)
            |          from_rel_ref (inlined)
            |          join_paths (inlined)
            |          format (inlined)
            |          map_or_else<&str, alloc::string::String, alloc::fmt::format::{closure_env#0}, fn(&str) -> alloc::string::String> (inlined)
            |          {closure#0} (inlined)
            |          format_inner (inlined)
            |          write_fmt<alloc::string::String> (inlined)
            |          spec_write_fmt<alloc::string::String> (inlined)
            |          write (inlined)
            |          fmt (inlined)
            |          write_str (inlined)
            |          push_str (inlined)
            |          extend_from_slice<u8, alloc::alloc::Global> (inlined)
            |          spec_extend<u8, alloc::alloc::Global> (inlined)
            |          append_elements<u8, alloc::alloc::Global> (inlined)
            |          reserve<u8, alloc::alloc::Global> (inlined)
            |          reserve<u8, alloc::alloc::Global> (inlined)
            |          reserve<alloc::alloc::Global> (inlined)
            |          do_reserve_and_handle<alloc::alloc::Global> (inlined)
            |          grow_amortized<alloc::alloc::Global> (inlined)
            |          finish_grow<alloc::alloc::Global> (inlined)
            |          allocate (inlined)
            |          alloc_impl (inlined)
            |          alloc_impl_runtime (inlined)
            |          alloc (inlined)
            |          __libc_malloc (inlined)
            |          
             --0.03%--fallible_with_capacity<alloc::alloc::Global> (inlined)
                       new_uninitialized<alloc::alloc::Global> (inlined)
                       do_alloc<alloc::alloc::Global> (inlined)
                       allocate (inlined)
                       alloc_impl (inlined)
                       alloc_impl_runtime (inlined)
                       alloc (inlined)
                       __libc_malloc (inlined)
                       tcache_get (inlined)
                       tcache_get_n (inlined)

     1.08%     0.00%  candidate  libc.so.6             [.] __libc_malloc (inlined)
            |
            ---__libc_malloc (inlined)
               |          
                --0.51%--tcache_get (inlined)
                          tcache_get_n (inlined)

     1.05%     0.00%  candidate  candidate             [.] {closure#0}<&[u8], litchi_ooxml_common::mce::codec::process_markup_compatibility::{closure_env#0}> (inlined)
            |
            ---{closure#0}<&[u8], litchi_ooxml_common::mce::codec::process_markup_compatibility::{closure_env#0}> (inlined)
               {closure#0} (inlined)
               eq<[u8], [u8]> (inlined)
               eq<u8, u8> (inlined)
               equal_same_length<u8, u8> (inlined)
               |          
                --0.97%--__memcmp_evex_movbe

     1.05%     0.00%  candidate  candidate             [.] {closure#0} (inlined)
            |
            ---{closure#0} (inlined)
               eq<[u8], [u8]> (inlined)
               eq<u8, u8> (inlined)
               equal_same_length<u8, u8> (inlined)
               |          
                --0.97%--__memcmp_evex_movbe

     1.05%     0.00%  candidate  candidate             [.] eq<[u8], [u8]> (inlined)
            |
            ---eq<[u8], [u8]> (inlined)
               eq<u8, u8> (inlined)
               equal_same_length<u8, u8> (inlined)
               |          
                --0.97%--__memcmp_evex_movbe

     1.05%     0.00%  candidate  candidate             [.] eq<u8, u8> (inlined)
            |
            ---eq<u8, u8> (inlined)
               equal_same_length<u8, u8> (inlined)
               |          
                --0.97%--__memcmp_evex_movbe

     1.05%     0.00%  candidate  candidate             [.] equal_same_length<u8, u8> (inlined)
            |
            ---equal_same_length<u8, u8> (inlined)
               |          
                --0.97%--__memcmp_evex_movbe

     0.99%     0.99%  candidate  candidate             [.] quick_xml::name::NamespaceResolver::resolve_event
            |          
             --0.03%--0x1
                       resolve_event (inlined)

     0.94%     0.94%  candidate  candidate             [.] litchi_opc::packuri::PackURI::new
     0.91%     0.91%  candidate  candidate             [.] core::slice::memchr::memchr_aligned
     0.89%     0.81%  candidate  libc.so.6             [.] _int_malloc
            |          
            |--0.67%--__libc_realloc (inlined)
            |          _int_realloc
            |          _int_malloc
            |          |          
            |           --0.03%--checked_request2size (inlined)
            |          
            |--0.13%--__libc_malloc2
            |          _int_malloc
            |          
             --0.09%--_int_malloc
                       |          
                       |--0.05%--unlink_chunk (inlined)
                       |          
                        --0.03%--0xffffffff9e800ef0

     0.89%     0.89%  candidate  libc.so.6             [.] cfree@GLIBC_2.2.5
            |
            ---__libc_free (inlined)
               |          
                --0.22%--tcache_put (inlined)
                          tcache_put_n (inlined)

     0.89%     0.00%  candidate  libc.so.6             [.] __libc_free (inlined)
            |
            ---__libc_free (inlined)
               |          
                --0.22%--tcache_put (inlined)
                          tcache_put_n (inlined)

     0.89%     0.89%  candidate  candidate             [.] alloc::fmt::format::format_inner
     0.86%     0.03%  candidate  libc.so.6             [.] _int_free_chunk
            |          
            |--0.83%--_int_free_chunk
            |          |          
            |          |--0.62%--_int_free_merge_chunk
            |          |          |          
            |          |           --0.38%--_int_free_create_chunk (inlined)
            |          |          
            |          |--0.16%--_int_free_maybe_trim
            |          |          
            |          |--0.03%--__memcmp_evex_movbe
            |          |          0xffffffff9e800ef0
            |          |          
            |           --0.03%--__munmap
            |                     0xffffffff9e80012b
            |                     0xffffffff9ff15b65
            |                     0xffffffff9eb4aea3
            |                     0xffffffff9f005a8b
            |                     0xffffffff9f02bb31
            |                     0xffffffff9f029b01
            |                     0xffffffff9f029995
            |                     0xffffffff9f0285c7
            |                     0xffffffff9f027f5e
            |                     0xffffffff9f009f27
            |                     0xffffffff9f009569
            |                     0xffffffff9f05eaae
            |                     0xffffffff9ef9a5f0
            |                     0xffffffff9f038d73
            |          
             --0.03%--__libc_realloc (inlined)
                       _int_realloc
                       _int_free_chunk

     0.81%     0.81%  candidate  candidate             [.] core::hash::BuildHasher::hash_one
     0.81%     0.81%  candidate  candidate             [.] <core::str::pattern::CharSearcher as core::str::pattern::Searcher>::next_match
            |          
             --0.03%--0x2f1836b92f
                       next_match (inlined)

     0.78%     0.78%  candidate  candidate             [.] litchi_opc::packuri::PackURI::from_rel_ref
     0.75%     0.75%  candidate  libc.so.6             [.] __memmove_avx512_unaligned_erms
            |          
            |--0.48%--__memmove_avx512_unaligned_erms
            |          
            |--0.24%--__libc_realloc (inlined)
            |          _int_realloc
            |          memcpy (inlined)
            |          __memmove_avx512_unaligned_erms
            |          
             --0.03%--0x9b
                       push (inlined)
                       add (inlined)
                       extend_from_slice<u8, alloc::alloc::Global> (inlined)
                       spec_extend<u8, alloc::alloc::Global> (inlined)
                       append_elements<u8, alloc::alloc::Global> (inlined)
                       copy_nonoverlapping<u8> (inlined)
                       __memmove_avx512_unaligned_erms

     0.75%     0.75%  candidate  candidate             [.] litchi_opc::packuri::PackURI::validate_percent_encoding
     0.73%     0.73%  candidate  candidate             [.] quick_xml::reader::Reader<R>::read_event_impl
            |          
             --0.03%--0x3
                       read_event_impl<&[u8], ()> (inlined)
                       read_until_close<&[u8], ()> (inlined)
                       read_with<quick_xml::parser::element::ElementParser> (inlined)
                       feed (inlined)

     0.62%     0.62%  candidate  candidate             [.] quick_xml::reader::state::ReaderState::emit_start
     0.62%     0.62%  candidate  libc.so.6             [.] _int_free_merge_chunk
            |          
            |--0.30%--__libc_realloc (inlined)
            |          _int_realloc
            |          _int_free_chunk
            |          _int_free_merge_chunk
            |          |          
            |           --0.08%--_int_free_create_chunk (inlined)
            |          
            |--0.30%--_int_free_chunk
            |          _int_free_merge_chunk
            |          |          
            |           --0.27%--_int_free_create_chunk (inlined)
            |          
             --0.03%--opened_presentation (inlined)
                       opened_presentation_with_limits (inlined)
                       capture_with_provenance (inlined)
                       capture_internal (inlined)
                       drop_in_place<core::option::Option<alloc::vec::Vec<litchi_pptx::notes::package::SlideRootProof, alloc::alloc::Global>>> (inlined)
                       drop_in_place<alloc::vec::Vec<litchi_pptx::notes::package::SlideRootProof, alloc::alloc::Global>> (inlined)
                       drop_in_place<alloc::raw_vec::RawVec<litchi_pptx::notes::package::SlideRootProof, alloc::alloc::Global>> (inlined)
                       drop<litchi_pptx::notes::package::SlideRootProof, alloc::alloc::Global> (inlined)
                       deallocate<alloc::alloc::Global> (inlined)
                       deallocate (inlined)
                       deallocate_impl (inlined)
                       deallocate_impl_runtime (inlined)
                       dealloc (inlined)
                       _int_free_chunk
                       _int_free_merge_chunk
                       _int_free_create_chunk (inlined)

     0.59%     0.59%  candidate  candidate             [.] memchr::arch::x86_64::avx2::memchr::Three::find_raw_avx2
     0.51%     0.51%  candidate  candidate             [.] litchi_ooxml_common::relationships::codec::attribute_value
            |          
             --0.03%--0xffffffffffffffff
                       0x1
                       attribute_value (inlined)

     0.51%     0.00%  candidate  libc.so.6             [.] tcache_get (inlined)
            |
            ---tcache_get (inlined)
               tcache_get_n (inlined)

     0.51%     0.00%  candidate  libc.so.6             [.] tcache_get_n (inlined)
            |
            ---tcache_get_n (inlined)

     0.48%     0.48%  candidate  candidate             [.] litchi_ooxml_common::xml::unqualified_attribute_value
            |          
             --0.05%--unqualified_attribute_value (inlined)

     0.46%     0.46%  candidate  candidate             [.] alloc::raw_vec::RawVecInner<A>::finish_grow
     0.46%     0.46%  candidate  candidate             [.] <quick_xml::name::NamespaceResolver as core::default::Default>::default
     0.46%     0.46%  candidate  candidate             [.] litchi_ooxml_common::mce::codec::process_ooxml
            |          
             --0.03%--process_ooxml (inlined)
                       drop_in_place<litchi_ooxml_common::mce::model::Capabilities> (inlined)
                       drop_in_place<std::collections::hash::set::HashSet<alloc::string::String, std::hash::random::RandomState, alloc::alloc::Global>> (inlined)
                       drop_in_place<hashbrown::set::HashSet<alloc::string::String, std::hash::random::RandomState, alloc::alloc::Global>> (inlined)
                       drop_in_place<hashbrown::map::HashMap<alloc::string::String, (), std::hash::random::RandomState, alloc::alloc::Global>> (inlined)
                       drop_in_place<hashbrown::raw::RawTable<(alloc::string::String, ()), alloc::alloc::Global>> (inlined)
                       drop<(alloc::string::String, ()), alloc::alloc::Global> (inlined)
                       drop_inner_table<(alloc::string::String, ()), alloc::alloc::Global> (inlined)
                       drop_elements<(alloc::string::String, ())> (inlined)
                       next<(alloc::string::String, ())> (inlined)
                       next_impl<(alloc::string::String, ()), false> (inlined)
                       next (inlined)
                       lowest_set_bit (inlined)

     0.43%     0.43%  candidate  candidate             [.] quick_xml::events::attributes::IterState::check_for_duplicates
            |          
             --0.03%--0x3a3a3a3a3a3a3a39
                       check_for_duplicates (inlined)
                       push<core::ops::range::Range<usize>, alloc::alloc::Global> (inlined)
                       push_mut<core::ops::range::Range<usize>, alloc::alloc::Global> (inlined)

     0.40%     0.40%  candidate  candidate             [.] <str>::to_ascii_lowercase
     0.40%     0.40%  candidate  libc.so.6             [.] realloc
            |          
            |--0.38%--__libc_realloc (inlined)
            |          |          
            |          |--0.05%--musable (inlined)
            |          |          
            |          |--0.03%--arena_for_chunk (inlined)
            |          |          
            |           --0.03%--checked_request2size (inlined)
            |          
             --0.03%--0xe0
                       finish_grow<alloc::alloc::Global> (inlined)
                       grow (inlined)
                       grow_impl (inlined)
                       grow_impl_runtime (inlined)
                       realloc (inlined)
                       __libc_realloc (inlined)

     0.40%     0.40%  candidate  candidate             [.] core::iter::traits::iterator::Iterator::try_fold
     0.38%     0.38%  candidate  candidate             [.] quick_xml::events::attributes::Attribute::decoded_and_normalized_value_with
     0.38%     0.38%  candidate  candidate             [.] alloc::str::join_generic_copy
     0.38%     0.38%  candidate  candidate             [.] litchi_ooxml_common::mce::model::Capabilities::ooxml_baseline
     0.38%     0.00%  candidate  libc.so.6             [.] _int_free_create_chunk (inlined)
            |
            ---_int_free_create_chunk (inlined)

     0.35%     0.35%  candidate  candidate             [.] sha2::sha256::x86_sha::compress
            |          
             --0.19%--0xdfff
                       compress (inlined)
                       |          
                       |--0.08%--schedule (inlined)
                       |          |          
                       |          |--0.05%--_mm_sha256msg1_epu32 (inlined)
                       |          |          
                       |           --0.03%--_mm_sha256msg2_epu32 (inlined)
                       |          
                       |--0.08%--_mm_add_epi32 (inlined)
                       |          
                        --0.03%--_mm_shuffle_epi32<14> (inlined)

     0.35%     0.35%  candidate  candidate             [.] alloc::vec::Vec<T,A>::push_mut
     0.32%     0.11%  candidate  libc.so.6             [.] __libc_malloc2
            |
            ---__libc_malloc2
               |          
               |--0.19%--_int_malloc
               |          |          
               |           --0.05%--unlink_chunk (inlined)
               |          
                --0.03%--0xffffffff9e800ef0

     0.32%     0.32%  candidate  candidate             [.] quick_xml::name::NamespaceResolver::push
            |          
            |--0.03%--push (inlined)
            |          next<quick_xml::events::attributes::Attributes> (inlined)
            |          next (inlined)
            |          map<core::ops::range::Range<usize>, &[u8], quick_xml::events::attributes::{impl#8}::next::{closure_env#0}> (inlined)
            |          {closure#0} (inlined)
            |          index<u8, core::ops::range::Range<usize>> (inlined)
            |          index<u8> (inlined)
            |          checked_sub (inlined)
            |          
             --0.03%--0x92
                       push (inlined)
                       as_namespace_binding (inlined)
                       starts_with<u8> (inlined)
                       eq<[u8], [u8]> (inlined)
                       eq<u8, u8> (inlined)
                       equal_same_length<u8, u8> (inlined)

     0.30%     0.30%  candidate  candidate             [.] hashbrown::raw::RawTableInner::fallible_with_capacity
     0.30%     0.30%  candidate  candidate             [.] memchr::arch::x86_64::memchr::memchr3_raw::find_avx2
     0.28%     0.28%  candidate  [unknown]             [k] 0xffffffff9e800ef0
            |          
            |--0.19%--0xffffffff9e800ef0
            |          
            |--0.03%--_int_malloc
            |          0xffffffff9e800ef0
            |          
            |--0.03%--__libc_malloc2
            |          0xffffffff9e800ef0
            |          
             --0.03%--0x6f2e73616d656862
                       _int_free_chunk
                       __memcmp_evex_movbe
                       0xffffffff9e800ef0

     0.27%     0.27%  candidate  candidate             [.] <core::iter::adapters::skip::Skip<I> as core::iter::traits::iterator::Iterator>::try_fold
     0.27%     0.27%  candidate  candidate             [.] core::fmt::write
     0.27%     0.27%  candidate  candidate             [.] alloc::raw_vec::RawVecInner<A>::reserve::do_reserve_and_handle
            |          
             --0.03%--0xcc4
                       do_reserve_and_handle<alloc::alloc::Global> (inlined)

     0.24%     0.00%  candidate  libc.so.6             [.] memcpy (inlined)
            |
            ---memcpy (inlined)
               __memmove_avx512_unaligned_erms

     0.24%     0.24%  candidate  candidate             [.] hashbrown::map::HashMap<K,V,S,A>::insert
     0.24%     0.24%  candidate  candidate             [.] <alloc::string::String as core::fmt::Write>::write_str
     0.22%     0.13%  candidate  libc.so.6             [.] __memset_avx512_unaligned_erms
            |
            ---__memset_avx512_unaligned_erms
               |          
                --0.09%--0xffffffff9e800bb7
                          0xffffffff9ff1e2e3
                          0xffffffff9ec1a3ee
                          0xffffffff9f00085e
                          0xffffffff9f0004d3
                          0xffffffff9f000000
                          0xffffffff9effec02
                          0xffffffff9effe7a9
                          0xffffffff9f080adb
                          0xffffffff9f07d258
                          0xffffffff9f03b6cc
                          0xffffffff9f03a042
                          0xffffffff9f03802d
                          |          
                          |--0.03%--0xffffffff9ff3037b
                          |          
                          |--0.03%--0xffffffff9f036dc2
                          |          0xffffffff9f036c6e
                          |          0xffffffff9f035911
                          |          
                           --0.03%--0xffffffff9f036dcd
                                     0xffffffff9ff30cae
                                     0xffffffff9ff30da0

     0.22%     0.22%  candidate  candidate             [.] core::hash::BuildHasher::hash_one
     0.22%     0.00%  candidate  libc.so.6             [.] tcache_put (inlined)
            |
            ---tcache_put (inlined)
               tcache_put_n (inlined)

     0.22%     0.00%  candidate  libc.so.6             [.] tcache_put_n (inlined)
            |
            ---tcache_put_n (inlined)

     0.21%     0.21%  candidate  candidate             [.] quick_xml::name::NamespaceResolver::add
     0.19%     0.00%  candidate  [unknown]             [.] 0x000000000000dfff
            |
            ---0xdfff
               compress (inlined)
               |          
               |--0.08%--schedule (inlined)
               |          |          
               |          |--0.05%--_mm_sha256msg1_epu32 (inlined)
               |          |          
               |           --0.03%--_mm_sha256msg2_epu32 (inlined)
               |          
               |--0.08%--_mm_add_epi32 (inlined)
               |          
                --0.03%--_mm_shuffle_epi32<14> (inlined)

     0.19%     0.00%  candidate  candidate             [.] compress (inlined)
            |
            ---compress (inlined)
               |          
               |--0.08%--schedule (inlined)
               |          |          
               |          |--0.05%--_mm_sha256msg1_epu32 (inlined)
               |          |          
               |           --0.03%--_mm_sha256msg2_epu32 (inlined)
               |          
               |--0.08%--_mm_add_epi32 (inlined)
               |          
                --0.03%--_mm_shuffle_epi32<14> (inlined)

     0.19%     0.19%  candidate  candidate             [.] litchi_pptx::parts::slide::root_name_from_xml
            |          
             --0.03%--0x800000000000000e
                       root_name_from_xml (inlined)

     0.16%     0.16%  candidate  candidate             [.] litchi_pptx::parts::presentation::append_slide_reference
     0.16%     0.16%  candidate  candidate             [.] <core::hash::sip::Hasher<S> as core::hash::Hasher>::write
     0.16%     0.16%  candidate  libc.so.6             [.] _int_free_maybe_trim
            |          
            |--0.08%--_int_free_chunk
            |          _int_free_maybe_trim
            |          
             --0.08%--__libc_realloc (inlined)
                       _int_realloc
                       _int_free_chunk
                       _int_free_maybe_trim

     0.16%     0.16%  candidate  candidate             [.] <core::hash::sip::Hasher<S> as core::hash::Hasher>::write
     0.16%     0.16%  candidate  candidate             [.] litchi_pptx::opened::model::capture_internal
     0.13%     0.00%  candidate  [unknown]             [.] 0xffffffff9e800f0b
            |
            ---0xffffffff9e800f0b
               0xffffffff9ff1d894
               0xffffffff9ebf0f48
               |          
               |--0.11%--0xffffffff9ed777d4
               |          |          
               |          |--0.05%--0xffffffff9ed7690c
               |          |          |          
               |          |          |--0.03%--0xffffffff9ed904a5
               |          |          |          0xffffffff9ff30b07
               |          |          |          
               |          |           --0.03%--0xffffffff9ed903d6
               |          |                     0xffffffff9ed75580
               |          |                     0xffffffff9eca80a8
               |          |                     0xffffffff9ec0c2a4
               |          |          
               |          |--0.03%--0xffffffff9ed76901
               |          |          0xffffffff9ff303e1
               |          |          0xffffffff9ff30da0
               |          |          
               |           --0.03%--0xffffffff9ed7690f
               |          
                --0.03%--0xffffffff9ed777fd
                          0xffffffff9ed8fb9e
                          0xffffffff9ed8cd59
                          0xffffffff9ebf0075
                          0xffffffff9ec0c45d

     0.13%     0.00%  candidate  [unknown]             [.] 0xffffffff9ff1d894
            |
            ---0xffffffff9ff1d894
               0xffffffff9ebf0f48
               |          
               |--0.11%--0xffffffff9ed777d4
               |          |          
               |          |--0.05%--0xffffffff9ed7690c
               |          |          |          
               |          |          |--0.03%--0xffffffff9ed904a5
               |          |          |          0xffffffff9ff30b07
               |          |          |          
               |          |           --0.03%--0xffffffff9ed903d6
               |          |                     0xffffffff9ed75580
               |          |                     0xffffffff9eca80a8
               |          |                     0xffffffff9ec0c2a4
               |          |          
               |          |--0.03%--0xffffffff9ed76901
               |          |          0xffffffff9ff303e1
               |          |          0xffffffff9ff30da0
               |          |          
               |           --0.03%--0xffffffff9ed7690f
               |          
                --0.03%--0xffffffff9ed777fd
                          0xffffffff9ed8fb9e
                          0xffffffff9ed8cd59
                          0xffffffff9ebf0075
                          0xffffffff9ec0c45d

     0.13%     0.00%  candidate  [unknown]             [.] 0xffffffff9ebf0f48
            |
            ---0xffffffff9ebf0f48
               |          
               |--0.11%--0xffffffff9ed777d4
               |          |          
               |          |--0.05%--0xffffffff9ed7690c
               |          |          |          
               |          |          |--0.03%--0xffffffff9ed904a5
               |          |          |          0xffffffff9ff30b07
               |          |          |          
               |          |           --0.03%--0xffffffff9ed903d6
               |          |                     0xffffffff9ed75580
               |          |                     0xffffffff9eca80a8
               |          |                     0xffffffff9ec0c2a4
               |          |          
               |          |--0.03%--0xffffffff9ed76901
               |          |          0xffffffff9ff303e1
               |          |          0xffffffff9ff30da0
               |          |          
               |           --0.03%--0xffffffff9ed7690f
               |          
                --0.03%--0xffffffff9ed777fd
                          0xffffffff9ed8fb9e
                          0xffffffff9ed8cd59
                          0xffffffff9ebf0075
                          0xffffffff9ec0c45d

     0.13%     0.13%  candidate  candidate             [.] litchi_pptx::parts::presentation::PresentationPart::from_part
     0.13%     0.13%  candidate  candidate             [.] memchr::arch::x86_64::avx2::memchr::Two::find_raw_avx2
     0.13%     0.13%  candidate  candidate             [.] core::iter::traits::iterator::Iterator::try_fold
     0.13%     0.13%  candidate  candidate             [.] memchr::arch::x86_64::avx2::memchr::One::find_raw
     0.13%     0.13%  candidate  candidate             [.] hashbrown::map::HashMap<K,V,S,A>::get
     0.11%     0.00%  candidate  [unknown]             [.] 0xffffffff9ed777d4
            |
            ---0xffffffff9ed777d4
               |          
               |--0.05%--0xffffffff9ed7690c
               |          |          
               |          |--0.03%--0xffffffff9ed904a5
               |          |          0xffffffff9ff30b07
               |          |          
               |           --0.03%--0xffffffff9ed903d6
               |                     0xffffffff9ed75580
               |                     0xffffffff9eca80a8
               |                     0xffffffff9ec0c2a4
               |          
               |--0.03%--0xffffffff9ed76901
               |          0xffffffff9ff303e1
               |          0xffffffff9ff30da0
               |          
                --0.03%--0xffffffff9ed7690f

     0.11%     0.11%  candidate  candidate             [.] __rustc::__rust_no_alloc_shim_is_unstable_v2
     0.11%     0.11%  candidate  candidate             [.] <alloc::raw_vec::RawVecInner<_>>::reserve::do_reserve_and_handle::<alloc::alloc::Global>
     0.11%     0.11%  candidate  candidate             [.] core::str::converts::from_utf8
     0.11%     0.11%  candidate  candidate             [.] hashbrown::map::HashMap<K,V,S,A>::insert
     0.11%     0.11%  candidate  candidate             [.] <alloc::raw_vec::RawVecInner>::finish_grow
     0.11%     0.11%  candidate  candidate             [.] litchi_pptx::namespace::presentation_name
     0.11%     0.11%  candidate  candidate             [.] <quick_xml::events::attributes::Attributes as core::iter::traits::iterator::Iterator>::next
     0.09%     0.00%  candidate  candidate             [.] next (inlined)
            |
            ---next (inlined)
               |          
               |--0.03%--recover (inlined)
               |          
                --0.03%--find<core::iter::adapters::zip::Zip<core::ops::range::RangeFrom<usize>, core::slice::iter::Iter<u8>>, quick_xml::events::attributes::{impl#17}::next::{closure_env#5}> (inlined)
                          try_fold<core::iter::adapters::zip::Zip<core::ops::range::RangeFrom<usize>, core::slice::iter::Iter<u8>>, (), core::iter::traits::iterator::Iterator::find::check::{closure_env#0}<(usize, &u8), quick_xml::events::attributes::{impl#17}::next::{closure_env#5}>, core::ops::control_flow::ControlFlow<(usize, &u8), ()>> (inlined)
                          {closure#0}<(usize, &u8), quick_xml::events::attributes::{impl#17}::next::{closure_env#5}> (inlined)
                          {closure#5} (inlined)

     0.09%     0.00%  candidate  ld-linux-x86-64.so.2  [.] _dl_map_object_deps
            |
            ---_dl_map_object_deps
               rewrite_part<probe0699_refusal::build_cases::{closure_env#5}> (inlined)
               {closure#5} (inlined)
               resize<u8, alloc::alloc::Global> (inlined)
               extend_with<u8, alloc::alloc::Global> (inlined)
               write<u8> (inlined)
               __memset_avx512_unaligned_erms
               0xffffffff9e800bb7
               0xffffffff9ff1e2e3
               0xffffffff9ec1a3ee
               0xffffffff9f00085e
               0xffffffff9f0004d3
               0xffffffff9f000000
               0xffffffff9effec02
               0xffffffff9effe7a9
               0xffffffff9f080adb
               0xffffffff9f07d258
               0xffffffff9f03b6cc
               0xffffffff9f03a042
               0xffffffff9f03802d
               |          
               |--0.03%--0xffffffff9ff3037b
               |          
               |--0.03%--0xffffffff9f036dc2
               |          0xffffffff9f036c6e
               |          0xffffffff9f035911
               |          
                --0.03%--0xffffffff9f036dcd
                          0xffffffff9ff30cae
                          0xffffffff9ff30da0

     0.09%     0.00%  candidate  candidate             [.] rewrite_part<probe0699_refusal::build_cases::{closure_env#5}> (inlined)
            |
            ---rewrite_part<probe0699_refusal::build_cases::{closure_env#5}> (inlined)
               {closure#5} (inlined)
               resize<u8, alloc::alloc::Global> (inlined)
               extend_with<u8, alloc::alloc::Global> (inlined)
               write<u8> (inlined)
               __memset_avx512_unaligned_erms
               0xffffffff9e800bb7
               0xffffffff9ff1e2e3
               0xffffffff9ec1a3ee
               0xffffffff9f00085e
               0xffffffff9f0004d3
               0xffffffff9f000000
               0xffffffff9effec02
               0xffffffff9effe7a9
               0xffffffff9f080adb
               0xffffffff9f07d258
               0xffffffff9f03b6cc
               0xffffffff9f03a042
               0xffffffff9f03802d
               |          
               |--0.03%--0xffffffff9ff3037b
               |          
               |--0.03%--0xffffffff9f036dc2
               |          0xffffffff9f036c6e
               |          0xffffffff9f035911
               |          
                --0.03%--0xffffffff9f036dcd
                          0xffffffff9ff30cae
                          0xffffffff9ff30da0

     0.09%     0.00%  candidate  candidate             [.] {closure#5} (inlined)
            |
            ---{closure#5} (inlined)
               resize<u8, alloc::alloc::Global> (inlined)
               extend_with<u8, alloc::alloc::Global> (inlined)
               write<u8> (inlined)
               __memset_avx512_unaligned_erms
               0xffffffff9e800bb7
               0xffffffff9ff1e2e3
               0xffffffff9ec1a3ee
               0xffffffff9f00085e
               0xffffffff9f0004d3
               0xffffffff9f000000
               0xffffffff9effec02
               0xffffffff9effe7a9
               0xffffffff9f080adb
               0xffffffff9f07d258
               0xffffffff9f03b6cc
               0xffffffff9f03a042
               0xffffffff9f03802d
               |          
               |--0.03%--0xffffffff9ff3037b
               |          
               |--0.03%--0xffffffff9f036dc2
               |          0xffffffff9f036c6e
               |          0xffffffff9f035911
               |          
                --0.03%--0xffffffff9f036dcd
                          0xffffffff9ff30cae
                          0xffffffff9ff30da0

     0.09%     0.00%  candidate  candidate             [.] resize<u8, alloc::alloc::Global> (inlined)
            |
            ---resize<u8, alloc::alloc::Global> (inlined)
               extend_with<u8, alloc::alloc::Global> (inlined)
               write<u8> (inlined)
               __memset_avx512_unaligned_erms
               0xffffffff9e800bb7
               0xffffffff9ff1e2e3
               0xffffffff9ec1a3ee
               0xffffffff9f00085e
               0xffffffff9f0004d3
               0xffffffff9f000000
               0xffffffff9effec02
               0xffffffff9effe7a9
               0xffffffff9f080adb
               0xffffffff9f07d258
               0xffffffff9f03b6cc
               0xffffffff9f03a042
               0xffffffff9f03802d
               |          
               |--0.03%--0xffffffff9ff3037b
               |          
               |--0.03%--0xffffffff9f036dc2
               |          0xffffffff9f036c6e
               |          0xffffffff9f035911
               |          
                --0.03%--0xffffffff9f036dcd
                          0xffffffff9ff30cae
                          0xffffffff9ff30da0

     0.09%     0.00%  candidate  candidate             [.] extend_with<u8, alloc::alloc::Global> (inlined)
            |
            ---extend_with<u8, alloc::alloc::Global> (inlined)
               write<u8> (inlined)
               __memset_avx512_unaligned_erms
               0xffffffff9e800bb7
               0xffffffff9ff1e2e3
               0xffffffff9ec1a3ee
               0xffffffff9f00085e
               0xffffffff9f0004d3
               0xffffffff9f000000
               0xffffffff9effec02
               0xffffffff9effe7a9
               0xffffffff9f080adb
               0xffffffff9f07d258
               0xffffffff9f03b6cc
               0xffffffff9f03a042
               0xffffffff9f03802d
               |          
               |--0.03%--0xffffffff9ff3037b
               |          
               |--0.03%--0xffffffff9f036dc2
               |          0xffffffff9f036c6e
               |          0xffffffff9f035911
               |          
                --0.03%--0xffffffff9f036dcd
                          0xffffffff9ff30cae
                          0xffffffff9ff30da0

     0.09%     0.00%  candidate  candidate             [.] write<u8> (inlined)
            |
            ---write<u8> (inlined)
               __memset_avx512_unaligned_erms
               0xffffffff9e800bb7
               0xffffffff9ff1e2e3
               0xffffffff9ec1a3ee
               0xffffffff9f00085e
               0xffffffff9f0004d3
               0xffffffff9f000000
               0xffffffff9effec02
               0xffffffff9effe7a9
               0xffffffff9f080adb
               0xffffffff9f07d258
               0xffffffff9f03b6cc
               0xffffffff9f03a042
               0xffffffff9f03802d
               |          
               |--0.03%--0xffffffff9ff3037b
               |          
               |--0.03%--0xffffffff9f036dc2
               |          0xffffffff9f036c6e
               |          0xffffffff9f035911
               |          
                --0.03%--0xffffffff9f036dcd
                          0xffffffff9ff30cae
                          0xffffffff9ff30da0

     0.09%     0.00%  candidate  [unknown]             [.] 0xffffffff9e800bb7
            |
            ---0xffffffff9e800bb7
               0xffffffff9ff1e2e3
               0xffffffff9ec1a3ee
               0xffffffff9f00085e
               0xffffffff9f0004d3
               0xffffffff9f000000
               0xffffffff9effec02
               0xffffffff9effe7a9
               0xffffffff9f080adb
               0xffffffff9f07d258
               0xffffffff9f03b6cc
               0xffffffff9f03a042
               0xffffffff9f03802d
               |          
               |--0.03%--0xffffffff9ff3037b
               |          
               |--0.03%--0xffffffff9f036dc2
               |          0xffffffff9f036c6e
               |          0xffffffff9f035911
               |          
                --0.03%--0xffffffff9f036dcd
                          0xffffffff9ff30cae
                          0xffffffff9ff30da0

     0.09%     0.00%  candidate  [unknown]             [.] 0xffffffff9ff1e2e3
            |
            ---0xffffffff9ff1e2e3
               0xffffffff9ec1a3ee
               0xffffffff9f00085e
               0xffffffff9f0004d3
               0xffffffff9f000000
               0xffffffff9effec02
               0xffffffff9effe7a9
               0xffffffff9f080adb
               0xffffffff9f07d258
               0xffffffff9f03b6cc
               0xffffffff9f03a042
               0xffffffff9f03802d
               |          
               |--0.03%--0xffffffff9ff3037b
               |          
               |--0.03%--0xffffffff9f036dc2
               |          0xffffffff9f036c6e
               |          0xffffffff9f035911
               |          
                --0.03%--0xffffffff9f036dcd
                          0xffffffff9ff30cae
                          0xffffffff9ff30da0

     0.09%     0.00%  candidate  [unknown]             [.] 0xffffffff9ec1a3ee
            |
            ---0xffffffff9ec1a3ee
               0xffffffff9f00085e
               0xffffffff9f0004d3
               0xffffffff9f000000
               0xffffffff9effec02
               0xffffffff9effe7a9
               0xffffffff9f080adb
               0xffffffff9f07d258
               0xffffffff9f03b6cc
               0xffffffff9f03a042
               0xffffffff9f03802d
               |          
               |--0.03%--0xffffffff9ff3037b
               |          
               |--0.03%--0xffffffff9f036dc2
               |          0xffffffff9f036c6e
               |          0xffffffff9f035911
               |          
                --0.03%--0xffffffff9f036dcd
                          0xffffffff9ff30cae
                          0xffffffff9ff30da0

     0.09%     0.00%  candidate  [unknown]             [.] 0xffffffff9f00085e
            |
            ---0xffffffff9f00085e
               0xffffffff9f0004d3
               0xffffffff9f000000
               0xffffffff9effec02
               0xffffffff9effe7a9
               0xffffffff9f080adb
               0xffffffff9f07d258
               0xffffffff9f03b6cc
               0xffffffff9f03a042
               0xffffffff9f03802d
               |          
               |--0.03%--0xffffffff9ff3037b
               |          
               |--0.03%--0xffffffff9f036dc2
               |          0xffffffff9f036c6e
               |          0xffffffff9f035911
               |          
                --0.03%--0xffffffff9f036dcd
                          0xffffffff9ff30cae
                          0xffffffff9ff30da0

     0.09%     0.00%  candidate  [unknown]             [.] 0xffffffff9f0004d3
            |
            ---0xffffffff9f0004d3
               0xffffffff9f000000
               0xffffffff9effec02
               0xffffffff9effe7a9
               0xffffffff9f080adb
               0xffffffff9f07d258
               0xffffffff9f03b6cc
               0xffffffff9f03a042
               0xffffffff9f03802d
               |          
               |--0.03%--0xffffffff9ff3037b
               |          
               |--0.03%--0xffffffff9f036dc2
               |          0xffffffff9f036c6e
               |          0xffffffff9f035911
               |          
                --0.03%--0xffffffff9f036dcd
                          0xffffffff9ff30cae
                          0xffffffff9ff30da0

     0.09%     0.00%  candidate  [unknown]             [.] 0xffffffff9f000000
            |
            ---0xffffffff9f000000
               0xffffffff9effec02
               0xffffffff9effe7a9
               0xffffffff9f080adb
               0xffffffff9f07d258
               0xffffffff9f03b6cc
               0xffffffff9f03a042
               0xffffffff9f03802d
               |          
               |--0.03%--0xffffffff9ff3037b
               |          
               |--0.03%--0xffffffff9f036dc2
               |          0xffffffff9f036c6e
               |          0xffffffff9f035911
               |          
                --0.03%--0xffffffff9f036dcd
                          0xffffffff9ff30cae
                          0xffffffff9ff30da0

     0.09%     0.00%  candidate  [unknown]             [.] 0xffffffff9effec02
            |
            ---0xffffffff9effec02
               0xffffffff9effe7a9
               0xffffffff9f080adb
               0xffffffff9f07d258
               0xffffffff9f03b6cc
               0xffffffff9f03a042
               0xffffffff9f03802d
               |          
               |--0.03%--0xffffffff9ff3037b
               |          
               |--0.03%--0xffffffff9f036dc2
               |          0xffffffff9f036c6e
               |          0xffffffff9f035911
               |          
                --0.03%--0xffffffff9f036dcd
                          0xffffffff9ff30cae
                          0xffffffff9ff30da0

     0.09%     0.00%  candidate  [unknown]             [.] 0xffffffff9effe7a9
            |
            ---0xffffffff9effe7a9
               0xffffffff9f080adb
               0xffffffff9f07d258
               0xffffffff9f03b6cc
               0xffffffff9f03a042
               0xffffffff9f03802d
               |          
               |--0.03%--0xffffffff9ff3037b
               |          
               |--0.03%--0xffffffff9f036dc2
               |          0xffffffff9f036c6e
               |          0xffffffff9f035911
               |          
                --0.03%--0xffffffff9f036dcd
                          0xffffffff9ff30cae
                          0xffffffff9ff30da0

     0.09%     0.00%  candidate  [unknown]             [.] 0xffffffff9f080adb
            |
            ---0xffffffff9f080adb
               0xffffffff9f07d258
               0xffffffff9f03b6cc
               0xffffffff9f03a042
               0xffffffff9f03802d
               |          
               |--0.03%--0xffffffff9ff3037b
               |          
               |--0.03%--0xffffffff9f036dc2
               |          0xffffffff9f036c6e
               |          0xffffffff9f035911
               |          
                --0.03%--0xffffffff9f036dcd
                          0xffffffff9ff30cae
                          0xffffffff9ff30da0

     0.09%     0.00%  candidate  [unknown]             [.] 0xffffffff9f07d258
            |
            ---0xffffffff9f07d258
               0xffffffff9f03b6cc
               0xffffffff9f03a042
               0xffffffff9f03802d
               |          
               |--0.03%--0xffffffff9ff3037b
               |          
               |--0.03%--0xffffffff9f036dc2
               |          0xffffffff9f036c6e
               |          0xffffffff9f035911
               |          
                --0.03%--0xffffffff9f036dcd
                          0xffffffff9ff30cae
                          0xffffffff9ff30da0

     0.09%     0.00%  candidate  [unknown]             [.] 0xffffffff9f03b6cc
            |
            ---0xffffffff9f03b6cc
               0xffffffff9f03a042
               0xffffffff9f03802d
               |          
               |--0.03%--0xffffffff9ff3037b
               |          
               |--0.03%--0xffffffff9f036dc2
               |          0xffffffff9f036c6e
               |          0xffffffff9f035911
               |          
                --0.03%--0xffffffff9f036dcd
                          0xffffffff9ff30cae
                          0xffffffff9ff30da0

     0.09%     0.00%  candidate  [unknown]             [.] 0xffffffff9f03a042
            |
            ---0xffffffff9f03a042
               0xffffffff9f03802d
               |          
               |--0.03%--0xffffffff9ff3037b
               |          
               |--0.03%--0xffffffff9f036dc2
               |          0xffffffff9f036c6e
               |          0xffffffff9f035911
               |          
                --0.03%--0xffffffff9f036dcd
                          0xffffffff9ff30cae
                          0xffffffff9ff30da0

     0.09%     0.00%  candidate  [unknown]             [.] 0xffffffff9f03802d
            |
            ---0xffffffff9f03802d
               |          
               |--0.03%--0xffffffff9ff3037b
               |          
               |--0.03%--0xffffffff9f036dc2
               |          0xffffffff9f036c6e
               |          0xffffffff9f035911
               |          
                --0.03%--0xffffffff9f036dcd
                          0xffffffff9ff30cae
                          0xffffffff9ff30da0

     0.08%     0.00%  candidate  candidate             [.] schedule (inlined)
            |
            ---schedule (inlined)
               |          
               |--0.05%--_mm_sha256msg1_epu32 (inlined)
               |          
                --0.03%--_mm_sha256msg2_epu32 (inlined)

     0.08%     0.00%  candidate  candidate             [.] _mm_add_epi32 (inlined)
            |
            ---_mm_add_epi32 (inlined)

     0.08%     0.08%  candidate  candidate             [.] <core::str::pattern::CharSearcher as core::str::pattern::Searcher>::next_match
     0.08%     0.08%  candidate  candidate             [.] quick_xml::name::QName::decompose
     0.08%     0.08%  candidate  candidate             [.] quick_xml::name::QName::local_name
            |          
             --0.03%--local_name (inlined)

     0.08%     0.08%  candidate  candidate             [.] core::hash::BuildHasher::hash_one
     0.08%     0.08%  candidate  candidate             [.] memchr::arch::x86_64::avx2::memchr::Three::find_raw
     0.08%     0.08%  candidate  candidate             [.] core::hash::BuildHasher::hash_one
     0.08%     0.08%  candidate  candidate             [.] __rustc::__rust_dealloc
     0.08%     0.08%  candidate  candidate             [.] hashbrown::map::HashMap<K,V,S,A>::insert
     0.08%     0.08%  candidate  candidate             [.] quick_xml::name::NamespaceResolver::resolve_prefix
     0.08%     0.08%  candidate  candidate             [.] __rustc::__rdl_dealloc
     0.08%     0.00%  candidate  candidate             [.] unqualified_attribute_value (inlined)
            |
            ---unqualified_attribute_value (inlined)
               |          
                --0.03%--prefix (inlined)

     0.08%     0.00%  candidate  candidate             [.] push (inlined)
            |
            ---push (inlined)
               |          
               |--0.03%--add (inlined)
               |          extend_from_slice<u8, alloc::alloc::Global> (inlined)
               |          spec_extend<u8, alloc::alloc::Global> (inlined)
               |          append_elements<u8, alloc::alloc::Global> (inlined)
               |          copy_nonoverlapping<u8> (inlined)
               |          __memmove_avx512_unaligned_erms
               |          
               |--0.03%--next<quick_xml::events::attributes::Attributes> (inlined)
               |          next (inlined)
               |          map<core::ops::range::Range<usize>, &[u8], quick_xml::events::attributes::{impl#8}::next::{closure_env#0}> (inlined)
               |          {closure#0} (inlined)
               |          index<u8, core::ops::range::Range<usize>> (inlined)
               |          index<u8> (inlined)
               |          checked_sub (inlined)
               |          
                --0.03%--as_namespace_binding (inlined)
                          starts_with<u8> (inlined)
                          eq<[u8], [u8]> (inlined)
                          eq<u8, u8> (inlined)
                          equal_same_length<u8, u8> (inlined)

     0.06%     0.00%  candidate  candidate             [.] deflate (inlined)
            |
            ---deflate (inlined)
               deflate_medium (inlined)
               |          
                --0.03%--flush_block_only (inlined)
                          zng_tr_flush_block (inlined)
                          compress_block_dynamic_trees (inlined)
                          compress_block_help (inlined)

     0.06%     0.00%  candidate  candidate             [.] deflate_medium (inlined)
            |
            ---deflate_medium (inlined)
               |          
                --0.03%--flush_block_only (inlined)
                          zng_tr_flush_block (inlined)
                          compress_block_dynamic_trees (inlined)
                          compress_block_help (inlined)

     0.06%     0.06%  candidate  [unknown]             [k] 0xffffffff9ff30da0
            |          
            |--0.03%--_dl_map_object_deps
            |          rewrite_part<probe0699_refusal::build_cases::{closure_env#5}> (inlined)
            |          {closure#5} (inlined)
            |          resize<u8, alloc::alloc::Global> (inlined)
            |          extend_with<u8, alloc::alloc::Global> (inlined)
            |          write<u8> (inlined)
            |          __memset_avx512_unaligned_erms
            |          0xffffffff9e800bb7
            |          0xffffffff9ff1e2e3
            |          0xffffffff9ec1a3ee
            |          0xffffffff9f00085e
            |          0xffffffff9f0004d3
            |          0xffffffff9f000000
            |          0xffffffff9effec02
            |          0xffffffff9effe7a9
            |          0xffffffff9f080adb
            |          0xffffffff9f07d258
            |          0xffffffff9f03b6cc
            |          0xffffffff9f03a042
            |          0xffffffff9f03802d
            |          0xffffffff9f036dcd
            |          0xffffffff9ff30cae
            |          0xffffffff9ff30da0
            |          
             --0.03%--0xffffffff9e800f0b
                       0xffffffff9ff1d894
                       0xffffffff9ebf0f48
                       0xffffffff9ed777d4
                       0xffffffff9ed76901
                       0xffffffff9ff303e1
                       0xffffffff9ff30da0

     0.05%     0.05%  candidate  candidate             [.] <alloc::string::String as core::fmt::Write>::write_char
            |          
             --0.03%--fmt<(alloc::string::String, alloc::string::String, alloc::string::String, alloc::vec::Vec<(alloc::string::String, alloc::string::String, alloc::string::String, alloc::string::String), alloc::alloc::Global>)> (inlined)
                       fmt<alloc::string::String, alloc::string::String, alloc::string::String, alloc::vec::Vec<(alloc::string::String, alloc::string::String, alloc::string::String, alloc::string::String), alloc::alloc::Global>> (inlined)
                       field (inlined)
                       field_with<core::fmt::builders::{impl#4}::field::{closure_env#0}> (inlined)
                       and_then<(), core::fmt::Error, (), core::fmt::builders::{impl#4}::field_with::{closure_env#0}<core::fmt::builders::{impl#4}::field::{closure_env#0}>> (inlined)
                       {closure#0}<core::fmt::builders::{impl#4}::field::{closure_env#0}> (inlined)
                       {closure#0} (inlined)
                       fmt (inlined)
                       write_char (inlined)
                       write_char (inlined)
                       push (inlined)

     0.05%     0.00%  candidate  candidate             [.] _mm_sha256msg1_epu32 (inlined)
            |
            ---_mm_sha256msg1_epu32 (inlined)

     0.05%     0.00%  candidate  [unknown]             [.] 0xffffffff9ed7690c
            |
            ---0xffffffff9ed7690c
               |          
               |--0.03%--0xffffffff9ed904a5
               |          0xffffffff9ff30b07
               |          
                --0.03%--0xffffffff9ed903d6
                          0xffffffff9ed75580
                          0xffffffff9eca80a8
                          0xffffffff9ec0c2a4

     0.05%     0.05%  candidate  candidate             [.] litchi_pptx::presentation::package::capture_slides
     0.05%     0.05%  candidate  candidate             [.] quick_xml::escape::normalize_attribute_value
     0.05%     0.00%  candidate  candidate             [.] slide_references (inlined)
            |
            ---slide_references (inlined)
               |          
               |--0.03%--read_resolved_event (inlined)
               |          branch<quick_xml::events::Event, quick_xml::errors::Error> (inlined)
               |          
                --0.03%--name (inlined)
                          deref<[u8]> (inlined)

     0.05%     0.05%  candidate  libc.so.6             [.] unlink_chunk.isra.0
            |
            ---__libc_malloc2
               _int_malloc
               unlink_chunk (inlined)

     0.05%     0.00%  candidate  libc.so.6             [.] unlink_chunk (inlined)
            |
            ---unlink_chunk (inlined)

     0.05%     0.05%  candidate  candidate             [.] <std::sys::sync::once::futex::Once>::call
     0.05%     0.05%  candidate  candidate             [.] alloc::raw_vec::RawVecInner<A>::finish_grow
     0.05%     0.00%  candidate  [unknown]             [.] 0x0000000000000017
            |
            ---0x17
               |          
               |--0.03%--write<core::hash::sip::Sip13Rounds> (inlined)
               |          c_rounds (inlined)
               |          
                --0.03%--hash_one<std::hash::random::RandomState, &alloc::string::String> (inlined)
                          hash<alloc::string::String, std::hash::random::DefaultHasher> (inlined)

     0.05%     0.05%  candidate  candidate             [.] __rustc::__rdl_realloc
     0.05%     0.00%  candidate  [unknown]             [.] 0x7fffffffffffffff
            |
            ---0x7fffffffffffffff
               |          
               |--0.03%--next (inlined)
               |          recover (inlined)
               |          
                --0.03%--__rustc::__rust_alloc

     0.05%     0.05%  candidate  candidate             [.] probe0699_refusal::assert_capture
     0.05%     0.00%  candidate  libc.so.6             [.] musable (inlined)
            |
            ---musable (inlined)

     0.05%     0.05%  candidate  candidate             [.] memchr::arch::x86_64::memchr::memchr_raw::find_avx2
     0.05%     0.05%  candidate  candidate             [.] <hashbrown::raw::RawTable<T,A> as core::ops::drop::Drop>::drop
     0.05%     0.05%  candidate  candidate             [.] core::hash::BuildHasher::hash_one
     0.05%     0.05%  candidate  candidate             [.] hashbrown::map::HashMap<K,V,S,A>::insert
     0.05%     0.00%  candidate  [unknown]             [.] 0x0000000000000001
            |
            ---0x1
               |          
               |--0.03%--attribute_value (inlined)
               |          
                --0.03%--resolve_event (inlined)

     0.05%     0.05%  candidate  candidate             [.] __rustc::__rdl_alloc
     0.05%     0.00%  candidate  candidate             [.] hash_one<std::hash::random::RandomState, &alloc::string::String> (inlined)
            |
            ---hash_one<std::hash::random::RandomState, &alloc::string::String> (inlined)
               |          
                --0.03%--hash<alloc::string::String, std::hash::random::DefaultHasher> (inlined)

     0.04%     0.00%  candidate  [unknown]             [.] 0x2727272727272726
            |
            ---0x2727272727272726
               next (inlined)

     0.03%     0.00%  candidate  [unknown]             [k] 0xffffffff9e80012b
            |
            ---0xffffffff9e80012b
               0xffffffff9ff15b65
               |          
               |--0.03%--0xffffffff9eb4aea3
               |          0xffffffff9f005a8b
               |          0xffffffff9f02bb31
               |          0xffffffff9f029b01
               |          0xffffffff9f029995
               |          0xffffffff9f0285c7
               |          0xffffffff9f027f5e
               |          0xffffffff9f009f27
               |          0xffffffff9f009569
               |          0xffffffff9f05eaae
               |          0xffffffff9ef9a5f0
               |          0xffffffff9f038d73
               |          
                --0.01%--0xffffffff9eb49863
                          0xffffffff9f0f467e
                          0xffffffff9f0f436b
                          0xffffffff9f0f28aa
                          0xffffffff9f0f27b0
                          0xffffffff9f0f2446
                          0xffffffff9f19d0ec
                          0xffffffff9f5ac030

     0.03%     0.00%  candidate  [unknown]             [k] 0xffffffff9ff15b65
            |
            ---0xffffffff9ff15b65
               |          
               |--0.03%--0xffffffff9eb4aea3
               |          0xffffffff9f005a8b
               |          0xffffffff9f02bb31
               |          0xffffffff9f029b01
               |          0xffffffff9f029995
               |          0xffffffff9f0285c7
               |          0xffffffff9f027f5e
               |          0xffffffff9f009f27
               |          0xffffffff9f009569
               |          0xffffffff9f05eaae
               |          0xffffffff9ef9a5f0
               |          0xffffffff9f038d73
               |          
                --0.01%--0xffffffff9eb49863
                          0xffffffff9f0f467e
                          0xffffffff9f0f436b
                          0xffffffff9f0f28aa
                          0xffffffff9f0f27b0
                          0xffffffff9f0f2446
                          0xffffffff9f19d0ec
                          0xffffffff9f5ac030

     0.03%     0.03%  candidate  candidate             [.] zlib_rs::deflate::flush_block_only
            |
            ---deflate (inlined)
               deflate_medium (inlined)
               flush_block_only (inlined)
               zng_tr_flush_block (inlined)
               compress_block_dynamic_trees (inlined)
               compress_block_help (inlined)

     0.03%     0.00%  candidate  candidate             [.] flush_block_only (inlined)
            |
            ---flush_block_only (inlined)
               zng_tr_flush_block (inlined)
               compress_block_dynamic_trees (inlined)
               compress_block_help (inlined)

     0.03%     0.00%  candidate  candidate             [.] zng_tr_flush_block (inlined)
            |
            ---zng_tr_flush_block (inlined)
               compress_block_dynamic_trees (inlined)
               compress_block_help (inlined)

     0.03%     0.00%  candidate  candidate             [.] compress_block_dynamic_trees (inlined)
            |
            ---compress_block_dynamic_trees (inlined)
               compress_block_help (inlined)

     0.03%     0.00%  candidate  candidate             [.] compress_block_help (inlined)
            |
            ---compress_block_help (inlined)

     0.03%     0.00%  candidate  candidate             [.] next_back<char> (inlined)
            |
            ---next_back<char> (inlined)
               next_match_back (inlined)
               eq<[u8], [u8]> (inlined)
               eq<u8, u8> (inlined)
               equal_same_length<u8, u8> (inlined)
               __memcmp_evex_movbe

     0.03%     0.00%  candidate  candidate             [.] next_match_back (inlined)
            |
            ---next_match_back (inlined)
               eq<[u8], [u8]> (inlined)
               eq<u8, u8> (inlined)
               equal_same_length<u8, u8> (inlined)
               __memcmp_evex_movbe

     0.03%     0.00%  candidate  candidate             [.] eq<[u8], [u8]> (inlined)
            |
            ---eq<[u8], [u8]> (inlined)
               eq<u8, u8> (inlined)
               equal_same_length<u8, u8> (inlined)
               __memcmp_evex_movbe

     0.03%     0.00%  candidate  candidate             [.] eq<u8, u8> (inlined)
            |
            ---eq<u8, u8> (inlined)
               equal_same_length<u8, u8> (inlined)
               __memcmp_evex_movbe

     0.03%     0.00%  candidate  candidate             [.] equal_same_length<u8, u8> (inlined)
            |
            ---equal_same_length<u8, u8> (inlined)
               __memcmp_evex_movbe

     0.03%     0.03%  candidate  [unknown]             [k] 0xffffffff9ff3037b
            |
            ---_dl_map_object_deps
               rewrite_part<probe0699_refusal::build_cases::{closure_env#5}> (inlined)
               {closure#5} (inlined)
               resize<u8, alloc::alloc::Global> (inlined)
               extend_with<u8, alloc::alloc::Global> (inlined)
               write<u8> (inlined)
               __memset_avx512_unaligned_erms
               0xffffffff9e800bb7
               0xffffffff9ff1e2e3
               0xffffffff9ec1a3ee
               0xffffffff9f00085e
               0xffffffff9f0004d3
               0xffffffff9f000000
               0xffffffff9effec02
               0xffffffff9effe7a9
               0xffffffff9f080adb
               0xffffffff9f07d258
               0xffffffff9f03b6cc
               0xffffffff9f03a042
               0xffffffff9f03802d
               0xffffffff9ff3037b

     0.03%     0.03%  candidate  [unknown]             [k] 0xffffffff9f035911
            |
            ---_dl_map_object_deps
               rewrite_part<probe0699_refusal::build_cases::{closure_env#5}> (inlined)
               {closure#5} (inlined)
               resize<u8, alloc::alloc::Global> (inlined)
               extend_with<u8, alloc::alloc::Global> (inlined)
               write<u8> (inlined)
               __memset_avx512_unaligned_erms
               0xffffffff9e800bb7
               0xffffffff9ff1e2e3
               0xffffffff9ec1a3ee
               0xffffffff9f00085e
               0xffffffff9f0004d3
               0xffffffff9f000000
               0xffffffff9effec02
               0xffffffff9effe7a9
               0xffffffff9f080adb
               0xffffffff9f07d258
               0xffffffff9f03b6cc
               0xffffffff9f03a042
               0xffffffff9f03802d
               0xffffffff9f036dc2
               0xffffffff9f036c6e
               0xffffffff9f035911

     0.03%     0.00%  candidate  [unknown]             [.] 0xffffffff9f036dc2
            |
            ---0xffffffff9f036dc2
               0xffffffff9f036c6e
               0xffffffff9f035911

     0.03%     0.00%  candidate  [unknown]             [.] 0xffffffff9f036c6e
            |
            ---0xffffffff9f036c6e
               0xffffffff9f035911

     0.03%     0.03%  candidate  candidate             [.] zlib_rs::deflate::algorithm::medium::deflate_medium
            |
            ---deflate (inlined)
               deflate_medium (inlined)

     0.03%     0.00%  candidate  [unknown]             [.] 0xffffffff9f036dcd
            |
            ---0xffffffff9f036dcd
               0xffffffff9ff30cae
               0xffffffff9ff30da0

     0.03%     0.00%  candidate  [unknown]             [.] 0xffffffff9ff30cae
            |
            ---0xffffffff9ff30cae
               0xffffffff9ff30da0

     0.03%     0.00%  candidate  candidate             [.] fmt<(alloc::string::String, alloc::string::String, alloc::string::String, alloc::vec::Vec<(alloc::string::String, alloc::string::String, alloc::string::String, alloc::string::String), alloc::alloc::Global>)> (inlined)
            |
            ---fmt<(alloc::string::String, alloc::string::String, alloc::string::String, alloc::vec::Vec<(alloc::string::String, alloc::string::String, alloc::string::String, alloc::string::String), alloc::alloc::Global>)> (inlined)
               fmt<alloc::string::String, alloc::string::String, alloc::string::String, alloc::vec::Vec<(alloc::string::String, alloc::string::String, alloc::string::String, alloc::string::String), alloc::alloc::Global>> (inlined)
               field (inlined)
               field_with<core::fmt::builders::{impl#4}::field::{closure_env#0}> (inlined)
               and_then<(), core::fmt::Error, (), core::fmt::builders::{impl#4}::field_with::{closure_env#0}<core::fmt::builders::{impl#4}::field::{closure_env#0}>> (inlined)
               {closure#0}<core::fmt::builders::{impl#4}::field::{closure_env#0}> (inlined)
               {closure#0} (inlined)
               fmt (inlined)
               write_char (inlined)
               write_char (inlined)
               push (inlined)

     0.03%     0.00%  candidate  candidate             [.] fmt<alloc::string::String, alloc::string::String, alloc::string::String, alloc::vec::Vec<(alloc::string::String, alloc::string::String, alloc::string::String, alloc::string::String), alloc::alloc::Global>> (inlined)
            |
            ---fmt<alloc::string::String, alloc::string::String, alloc::string::String, alloc::vec::Vec<(alloc::string::String, alloc::string::String, alloc::string::String, alloc::string::String), alloc::alloc::Global>> (inlined)
               field (inlined)
               field_with<core::fmt::builders::{impl#4}::field::{closure_env#0}> (inlined)
               and_then<(), core::fmt::Error, (), core::fmt::builders::{impl#4}::field_with::{closure_env#0}<core::fmt::builders::{impl#4}::field::{closure_env#0}>> (inlined)
               {closure#0}<core::fmt::builders::{impl#4}::field::{closure_env#0}> (inlined)
               {closure#0} (inlined)
               fmt (inlined)
               write_char (inlined)
               write_char (inlined)
               push (inlined)

     0.03%     0.00%  candidate  candidate             [.] field (inlined)
            |
            ---field (inlined)
               field_with<core::fmt::builders::{impl#4}::field::{closure_env#0}> (inlined)
               and_then<(), core::fmt::Error, (), core::fmt::builders::{impl#4}::field_with::{closure_env#0}<core::fmt::builders::{impl#4}::field::{closure_env#0}>> (inlined)
               {closure#0}<core::fmt::builders::{impl#4}::field::{closure_env#0}> (inlined)
               {closure#0} (inlined)
               fmt (inlined)
               write_char (inlined)
               write_char (inlined)
               push (inlined)

     0.03%     0.00%  candidate  candidate             [.] field_with<core::fmt::builders::{impl#4}::field::{closure_env#0}> (inlined)
            |
            ---field_with<core::fmt::builders::{impl#4}::field::{closure_env#0}> (inlined)
               and_then<(), core::fmt::Error, (), core::fmt::builders::{impl#4}::field_with::{closure_env#0}<core::fmt::builders::{impl#4}::field::{closure_env#0}>> (inlined)
               {closure#0}<core::fmt::builders::{impl#4}::field::{closure_env#0}> (inlined)
               {closure#0} (inlined)
               fmt (inlined)
               write_char (inlined)
               write_char (inlined)
               push (inlined)

     0.03%     0.00%  candidate  candidate             [.] and_then<(), core::fmt::Error, (), core::fmt::builders::{impl#4}::field_with::{closure_env#0}<core::fmt::builders::{impl#4}::field::{closure_env#0}>> (inlined)
            |
            ---and_then<(), core::fmt::Error, (), core::fmt::builders::{impl#4}::field_with::{closure_env#0}<core::fmt::builders::{impl#4}::field::{closure_env#0}>> (inlined)
               {closure#0}<core::fmt::builders::{impl#4}::field::{closure_env#0}> (inlined)
               {closure#0} (inlined)
               fmt (inlined)
               write_char (inlined)
               write_char (inlined)
               push (inlined)

     0.03%     0.00%  candidate  candidate             [.] {closure#0}<core::fmt::builders::{impl#4}::field::{closure_env#0}> (inlined)
            |
            ---{closure#0}<core::fmt::builders::{impl#4}::field::{closure_env#0}> (inlined)
               {closure#0} (inlined)
               fmt (inlined)
               write_char (inlined)
               write_char (inlined)
               push (inlined)

     0.03%     0.00%  candidate  candidate             [.] {closure#0} (inlined)
            |
            ---{closure#0} (inlined)
               fmt (inlined)
               write_char (inlined)
               write_char (inlined)
               push (inlined)

     0.03%     0.00%  candidate  candidate             [.] fmt (inlined)
            |
            ---fmt (inlined)
               write_char (inlined)
               write_char (inlined)
               push (inlined)

     0.03%     0.00%  candidate  candidate             [.] write_char (inlined)
            |
            ---write_char (inlined)
               write_char (inlined)
               push (inlined)

     0.03%     0.00%  candidate  candidate             [.] write_char (inlined)
            |
            ---write_char (inlined)
               push (inlined)

     0.03%     0.00%  candidate  candidate             [.] push (inlined)
            |
            ---push (inlined)

     0.03%     0.00%  candidate  candidate             [.] _mm_shuffle_epi32<14> (inlined)
            |
            ---_mm_shuffle_epi32<14> (inlined)

     0.03%     0.00%  candidate  candidate             [.] _mm_sha256msg2_epu32 (inlined)
            |
            ---_mm_sha256msg2_epu32 (inlined)

     0.03%     0.00%  candidate  [unknown]             [k] 0xffffffff9ed76901
            |
            ---0xffffffff9ed76901
               0xffffffff9ff303e1
               0xffffffff9ff30da0

     0.03%     0.00%  candidate  [unknown]             [k] 0xffffffff9ff303e1
            |
            ---0xffffffff9ff303e1
               0xffffffff9ff30da0

     0.03%     0.03%  candidate  candidate             [.] <core::fmt::Formatter>::pad
     0.03%     0.03%  candidate  candidate             [.] <core::fmt::Formatter>::debug_tuple_field1_finish
     0.03%     0.03%  candidate  candidate             [.] __rustc::__rust_realloc
     0.03%     0.00%  candidate  libc.so.6             [.] checked_request2size (inlined)
            |
            ---checked_request2size (inlined)

     0.03%     0.03%  candidate  [unknown]             [k] 0xffffffff9ff30b07
            |
            ---__memcmp_evex_movbe
               0xffffffff9e800f0b
               0xffffffff9ff1d894
               0xffffffff9ebf0f48
               0xffffffff9ed777d4
               0xffffffff9ed7690c
               0xffffffff9ed904a5
               0xffffffff9ff30b07

     0.03%     0.00%  candidate  [unknown]             [.] 0xffffffff9ed904a5
            |
            ---0xffffffff9ed904a5
               0xffffffff9ff30b07

     0.03%     0.00%  candidate  libc.so.6             [.] arena_for_chunk (inlined)
            |
            ---arena_for_chunk (inlined)

     0.03%     0.03%  candidate  [unknown]             [k] 0xffffffff9ec0c2a4
            |
            ---__memcmp_evex_movbe
               0xffffffff9e800f0b
               0xffffffff9ff1d894
               0xffffffff9ebf0f48
               0xffffffff9ed777d4
               0xffffffff9ed7690c
               0xffffffff9ed903d6
               0xffffffff9ed75580
               0xffffffff9eca80a8
               0xffffffff9ec0c2a4

     0.03%     0.00%  candidate  [unknown]             [.] 0xffffffff9ed903d6
            |
            ---0xffffffff9ed903d6
               0xffffffff9ed75580
               0xffffffff9eca80a8
               0xffffffff9ec0c2a4

     0.03%     0.00%  candidate  [unknown]             [.] 0xffffffff9ed75580
            |
            ---0xffffffff9ed75580
               0xffffffff9eca80a8
               0xffffffff9ec0c2a4

     0.03%     0.00%  candidate  [unknown]             [.] 0xffffffff9eca80a8
            |
            ---0xffffffff9eca80a8
               0xffffffff9ec0c2a4

     0.03%     0.00%  candidate  [unknown]             [k] 0x6f2e73616d656862
            |
            ---0x6f2e73616d656862
               _int_free_chunk
               __memcmp_evex_movbe
               0xffffffff9e800ef0

     0.03%     0.00%  candidate  candidate             [.] anon.819a4a985a8da7e6013ce3f6118304ed.40.llvm.16687536571421056445+0x42
            |
            ---anon.819a4a985a8da7e6013ce3f6118304ed.40.llvm.16687536571421056445
               0x17
               write<core::hash::sip::Sip13Rounds> (inlined)
               c_rounds (inlined)

     0.03%     0.00%  candidate  candidate             [.] write<core::hash::sip::Sip13Rounds> (inlined)
            |
            ---write<core::hash::sip::Sip13Rounds> (inlined)
               c_rounds (inlined)

     0.03%     0.00%  candidate  candidate             [.] c_rounds (inlined)
            |
            ---c_rounds (inlined)

     0.03%     0.00%  candidate  candidate             [.] local_name (inlined)
            |
            ---local_name (inlined)

     0.03%     0.03%  candidate  candidate             [.] litchi_pptx::parts::parse_u32
     0.03%     0.03%  candidate  candidate             [.] hashbrown::raw::RawTable<T,A>::reserve_rehash
     0.03%     0.00%  candidate  libc.so.6             [.] checked_request2size (inlined)
            |
            ---checked_request2size (inlined)

     0.03%     0.03%  candidate  [unknown]             [k] 0xffffffff9f038d73
            |
            ---_int_free_chunk
               __munmap
               0xffffffff9e80012b
               0xffffffff9ff15b65
               0xffffffff9eb4aea3
               0xffffffff9f005a8b
               0xffffffff9f02bb31
               0xffffffff9f029b01
               0xffffffff9f029995
               0xffffffff9f0285c7
               0xffffffff9f027f5e
               0xffffffff9f009f27
               0xffffffff9f009569
               0xffffffff9f05eaae
               0xffffffff9ef9a5f0
               0xffffffff9f038d73

     0.03%     0.00%  candidate  libc.so.6             [.] __munmap
            |
            ---__munmap
               0xffffffff9e80012b
               0xffffffff9ff15b65
               0xffffffff9eb4aea3
               0xffffffff9f005a8b
               0xffffffff9f02bb31
               0xffffffff9f029b01
               0xffffffff9f029995
               0xffffffff9f0285c7
               0xffffffff9f027f5e
               0xffffffff9f009f27
               0xffffffff9f009569
               0xffffffff9f05eaae
               0xffffffff9ef9a5f0
               0xffffffff9f038d73

     0.03%     0.00%  candidate  [unknown]             [.] 0xffffffff9eb4aea3
            |
            ---0xffffffff9eb4aea3
               0xffffffff9f005a8b
               0xffffffff9f02bb31
               0xffffffff9f029b01
               0xffffffff9f029995
               0xffffffff9f0285c7
               0xffffffff9f027f5e
               0xffffffff9f009f27
               0xffffffff9f009569
               0xffffffff9f05eaae
               0xffffffff9ef9a5f0
               0xffffffff9f038d73

     0.03%     0.00%  candidate  [unknown]             [.] 0xffffffff9f005a8b
            |
            ---0xffffffff9f005a8b
               0xffffffff9f02bb31
               0xffffffff9f029b01
               0xffffffff9f029995
               0xffffffff9f0285c7
               0xffffffff9f027f5e
               0xffffffff9f009f27
               0xffffffff9f009569
               0xffffffff9f05eaae
               0xffffffff9ef9a5f0
               0xffffffff9f038d73

     0.03%     0.00%  candidate  [unknown]             [.] 0xffffffff9f02bb31
            |
            ---0xffffffff9f02bb31
               0xffffffff9f029b01
               0xffffffff9f029995
               0xffffffff9f0285c7
               0xffffffff9f027f5e
               0xffffffff9f009f27
               0xffffffff9f009569
               0xffffffff9f05eaae
               0xffffffff9ef9a5f0
               0xffffffff9f038d73

     0.03%     0.00%  candidate  [unknown]             [.] 0xffffffff9f029b01
            |
            ---0xffffffff9f029b01
               0xffffffff9f029995
               0xffffffff9f0285c7
               0xffffffff9f027f5e
               0xffffffff9f009f27
               0xffffffff9f009569
               0xffffffff9f05eaae
               0xffffffff9ef9a5f0
               0xffffffff9f038d73

     0.03%     0.00%  candidate  [unknown]             [.] 0xffffffff9f029995
            |
            ---0xffffffff9f029995
               0xffffffff9f0285c7
               0xffffffff9f027f5e
               0xffffffff9f009f27
               0xffffffff9f009569
               0xffffffff9f05eaae
               0xffffffff9ef9a5f0
               0xffffffff9f038d73

     0.03%     0.00%  candidate  [unknown]             [.] 0xffffffff9f0285c7
            |
            ---0xffffffff9f0285c7
               0xffffffff9f027f5e
               0xffffffff9f009f27
               0xffffffff9f009569
               0xffffffff9f05eaae
               0xffffffff9ef9a5f0
               0xffffffff9f038d73

     0.03%     0.00%  candidate  [unknown]             [.] 0xffffffff9f027f5e
            |
            ---0xffffffff9f027f5e
               0xffffffff9f009f27
               0xffffffff9f009569
               0xffffffff9f05eaae
               0xffffffff9ef9a5f0
               0xffffffff9f038d73

     0.03%     0.00%  candidate  [unknown]             [.] 0xffffffff9f009f27
            |
            ---0xffffffff9f009f27
               0xffffffff9f009569
               0xffffffff9f05eaae
               0xffffffff9ef9a5f0
               0xffffffff9f038d73

     0.03%     0.00%  candidate  [unknown]             [.] 0xffffffff9f009569
            |
            ---0xffffffff9f009569
               0xffffffff9f05eaae
               0xffffffff9ef9a5f0
               0xffffffff9f038d73

     0.03%     0.00%  candidate  [unknown]             [.] 0xffffffff9f05eaae
            |
            ---0xffffffff9f05eaae
               0xffffffff9ef9a5f0
               0xffffffff9f038d73

     0.03%     0.00%  candidate  [unknown]             [.] 0xffffffff9ef9a5f0
            |
            ---0xffffffff9ef9a5f0
               0xffffffff9f038d73

     0.03%     0.03%  candidate  candidate             [.] hashbrown::raw::RawTableInner::fallible_with_capacity
     0.03%     0.03%  candidate  [unknown]             [k] 0xffffffff9ec0c45d
            |
            ---__memcmp_evex_movbe
               0xffffffff9e800f0b
               0xffffffff9ff1d894
               0xffffffff9ebf0f48
               0xffffffff9ed777fd
               0xffffffff9ed8fb9e
               0xffffffff9ed8cd59
               0xffffffff9ebf0075
               0xffffffff9ec0c45d

     0.03%     0.00%  candidate  [unknown]             [.] 0xffffffff9ed777fd
            |
            ---0xffffffff9ed777fd
               0xffffffff9ed8fb9e
               0xffffffff9ed8cd59
               0xffffffff9ebf0075
               0xffffffff9ec0c45d

     0.03%     0.00%  candidate  [unknown]             [.] 0xffffffff9ed8fb9e
            |
            ---0xffffffff9ed8fb9e
               0xffffffff9ed8cd59
               0xffffffff9ebf0075
               0xffffffff9ec0c45d

     0.03%     0.00%  candidate  [unknown]             [.] 0xffffffff9ed8cd59
            |
            ---0xffffffff9ed8cd59
               0xffffffff9ebf0075
               0xffffffff9ec0c45d

     0.03%     0.00%  candidate  [unknown]             [.] 0xffffffff9ebf0075
            |
            ---0xffffffff9ebf0075
               0xffffffff9ec0c45d

     0.03%     0.03%  candidate  candidate             [.] <str as core::fmt::Display>::fmt
     0.03%     0.03%  candidate  candidate             [.] <litchi_pptx::error::Error as core::fmt::Debug>::fmt
     0.03%     0.03%  candidate  candidate             [.] <&T as core::fmt::Debug>::fmt
     0.03%     0.03%  candidate  [unknown]             [k] 0xffffffff9ed7690f
            |
            ---0xffffffff9e800f0b
               0xffffffff9ff1d894
               0xffffffff9ebf0f48
               0xffffffff9ed777d4
               0xffffffff9ed7690f

     0.03%     0.00%  candidate  candidate             [.] read_resolved_event (inlined)
            |
            ---read_resolved_event (inlined)
               branch<quick_xml::events::Event, quick_xml::errors::Error> (inlined)

     0.03%     0.00%  candidate  candidate             [.] branch<quick_xml::events::Event, quick_xml::errors::Error> (inlined)
            |
            ---branch<quick_xml::events::Event, quick_xml::errors::Error> (inlined)

     0.03%     0.00%  candidate  [unknown]             [.] 0x000000000000000f
            |
            ---0xf
               slide_references (inlined)
               name (inlined)
               deref<[u8]> (inlined)

     0.03%     0.00%  candidate  candidate             [.] name (inlined)
            |
            ---name (inlined)
               deref<[u8]> (inlined)

     0.03%     0.00%  candidate  candidate             [.] deref<[u8]> (inlined)
            |
            ---deref<[u8]> (inlined)

     0.03%     0.03%  candidate  candidate             [.] litchi_pptx::parts::slide::root_name
     0.03%     0.03%  candidate  candidate             [.] hashbrown::map::HashMap<K,V,S,A>::insert
     0.03%     0.03%  candidate  candidate             [.] <alloc::string::String as core::clone::Clone>::clone
     0.03%     0.00%  candidate  [unknown]             [.] 0x3a3a3a3a3a3a3a39
            |
            ---0x3a3a3a3a3a3a3a39
               check_for_duplicates (inlined)
               push<core::ops::range::Range<usize>, alloc::alloc::Global> (inlined)
               push_mut<core::ops::range::Range<usize>, alloc::alloc::Global> (inlined)

     0.03%     0.00%  candidate  candidate             [.] check_for_duplicates (inlined)
            |
            ---check_for_duplicates (inlined)
               push<core::ops::range::Range<usize>, alloc::alloc::Global> (inlined)
               push_mut<core::ops::range::Range<usize>, alloc::alloc::Global> (inlined)

     0.03%     0.00%  candidate  candidate             [.] push<core::ops::range::Range<usize>, alloc::alloc::Global> (inlined)
            |
            ---push<core::ops::range::Range<usize>, alloc::alloc::Global> (inlined)
               push_mut<core::ops::range::Range<usize>, alloc::alloc::Global> (inlined)

     0.03%     0.00%  candidate  candidate             [.] push_mut<core::ops::range::Range<usize>, alloc::alloc::Global> (inlined)
            |
            ---push_mut<core::ops::range::Range<usize>, alloc::alloc::Global> (inlined)

     0.03%     0.00%  candidate  candidate             [.] opened_presentation (inlined)
            |
            ---opened_presentation (inlined)
               opened_presentation_with_limits (inlined)
               capture_with_provenance (inlined)
               capture_internal (inlined)
               drop_in_place<core::option::Option<alloc::vec::Vec<litchi_pptx::notes::package::SlideRootProof, alloc::alloc::Global>>> (inlined)
               drop_in_place<alloc::vec::Vec<litchi_pptx::notes::package::SlideRootProof, alloc::alloc::Global>> (inlined)
               drop_in_place<alloc::raw_vec::RawVec<litchi_pptx::notes::package::SlideRootProof, alloc::alloc::Global>> (inlined)
               drop<litchi_pptx::notes::package::SlideRootProof, alloc::alloc::Global> (inlined)
               deallocate<alloc::alloc::Global> (inlined)
               deallocate (inlined)
               deallocate_impl (inlined)
               deallocate_impl_runtime (inlined)
               dealloc (inlined)
               _int_free_chunk
               _int_free_merge_chunk
               _int_free_create_chunk (inlined)

     0.03%     0.00%  candidate  candidate             [.] opened_presentation_with_limits (inlined)
            |
            ---opened_presentation_with_limits (inlined)
               capture_with_provenance (inlined)
               capture_internal (inlined)
               drop_in_place<core::option::Option<alloc::vec::Vec<litchi_pptx::notes::package::SlideRootProof, alloc::alloc::Global>>> (inlined)
               drop_in_place<alloc::vec::Vec<litchi_pptx::notes::package::SlideRootProof, alloc::alloc::Global>> (inlined)
               drop_in_place<alloc::raw_vec::RawVec<litchi_pptx::notes::package::SlideRootProof, alloc::alloc::Global>> (inlined)
               drop<litchi_pptx::notes::package::SlideRootProof, alloc::alloc::Global> (inlined)
               deallocate<alloc::alloc::Global> (inlined)
               deallocate (inlined)
               deallocate_impl (inlined)
               deallocate_impl_runtime (inlined)
               dealloc (inlined)
               _int_free_chunk
               _int_free_merge_chunk
               _int_free_create_chunk (inlined)

     0.03%     0.00%  candidate  candidate             [.] capture_with_provenance (inlined)
            |
            ---capture_with_provenance (inlined)
               capture_internal (inlined)
               drop_in_place<core::option::Option<alloc::vec::Vec<litchi_pptx::notes::package::SlideRootProof, alloc::alloc::Global>>> (inlined)
               drop_in_place<alloc::vec::Vec<litchi_pptx::notes::package::SlideRootProof, alloc::alloc::Global>> (inlined)
               drop_in_place<alloc::raw_vec::RawVec<litchi_pptx::notes::package::SlideRootProof, alloc::alloc::Global>> (inlined)
               drop<litchi_pptx::notes::package::SlideRootProof, alloc::alloc::Global> (inlined)
               deallocate<alloc::alloc::Global> (inlined)
               deallocate (inlined)
               deallocate_impl (inlined)
               deallocate_impl_runtime (inlined)
               dealloc (inlined)
               _int_free_chunk
               _int_free_merge_chunk
               _int_free_create_chunk (inlined)

     0.03%     0.00%  candidate  candidate             [.] capture_internal (inlined)
            |
            ---capture_internal (inlined)
               drop_in_place<core::option::Option<alloc::vec::Vec<litchi_pptx::notes::package::SlideRootProof, alloc::alloc::Global>>> (inlined)
               drop_in_place<alloc::vec::Vec<litchi_pptx::notes::package::SlideRootProof, alloc::alloc::Global>> (inlined)
               drop_in_place<alloc::raw_vec::RawVec<litchi_pptx::notes::package::SlideRootProof, alloc::alloc::Global>> (inlined)
               drop<litchi_pptx::notes::package::SlideRootProof, alloc::alloc::Global> (inlined)
               deallocate<alloc::alloc::Global> (inlined)
               deallocate (inlined)
               deallocate_impl (inlined)
               deallocate_impl_runtime (inlined)
               dealloc (inlined)
               _int_free_chunk
               _int_free_merge_chunk
               _int_free_create_chunk (inlined)

     0.03%     0.00%  candidate  candidate             [.] drop_in_place<core::option::Option<alloc::vec::Vec<litchi_pptx::notes::package::SlideRootProof, alloc::alloc::Global>>> (inlined)
            |
            ---drop_in_place<core::option::Option<alloc::vec::Vec<litchi_pptx::notes::package::SlideRootProof, alloc::alloc::Global>>> (inlined)
               drop_in_place<alloc::vec::Vec<litchi_pptx::notes::package::SlideRootProof, alloc::alloc::Global>> (inlined)
               drop_in_place<alloc::raw_vec::RawVec<litchi_pptx::notes::package::SlideRootProof, alloc::alloc::Global>> (inlined)
               drop<litchi_pptx::notes::package::SlideRootProof, alloc::alloc::Global> (inlined)
               deallocate<alloc::alloc::Global> (inlined)
               deallocate (inlined)
               deallocate_impl (inlined)
               deallocate_impl_runtime (inlined)
               dealloc (inlined)
               _int_free_chunk
               _int_free_merge_chunk
               _int_free_create_chunk (inlined)

     0.03%     0.00%  candidate  candidate             [.] drop_in_place<alloc::vec::Vec<litchi_pptx::notes::package::SlideRootProof, alloc::alloc::Global>> (inlined)
            |
            ---drop_in_place<alloc::vec::Vec<litchi_pptx::notes::package::SlideRootProof, alloc::alloc::Global>> (inlined)
               drop_in_place<alloc::raw_vec::RawVec<litchi_pptx::notes::package::SlideRootProof, alloc::alloc::Global>> (inlined)
               drop<litchi_pptx::notes::package::SlideRootProof, alloc::alloc::Global> (inlined)
               deallocate<alloc::alloc::Global> (inlined)
               deallocate (inlined)
               deallocate_impl (inlined)
               deallocate_impl_runtime (inlined)
               dealloc (inlined)
               _int_free_chunk
               _int_free_merge_chunk
               _int_free_create_chunk (inlined)

     0.03%     0.00%  candidate  candidate             [.] drop_in_place<alloc::raw_vec::RawVec<litchi_pptx::notes::package::SlideRootProof, alloc::alloc::Global>> (inlined)
            |
            ---drop_in_place<alloc::raw_vec::RawVec<litchi_pptx::notes::package::SlideRootProof, alloc::alloc::Global>> (inlined)
               drop<litchi_pptx::notes::package::SlideRootProof, alloc::alloc::Global> (inlined)
               deallocate<alloc::alloc::Global> (inlined)
               deallocate (inlined)
               deallocate_impl (inlined)
               deallocate_impl_runtime (inlined)
               dealloc (inlined)
               _int_free_chunk
               _int_free_merge_chunk
               _int_free_create_chunk (inlined)

     0.03%     0.00%  candidate  candidate             [.] drop<litchi_pptx::notes::package::SlideRootProof, alloc::alloc::Global> (inlined)
            |
            ---drop<litchi_pptx::notes::package::SlideRootProof, alloc::alloc::Global> (inlined)
               deallocate<alloc::alloc::Global> (inlined)
               deallocate (inlined)
               deallocate_impl (inlined)
               deallocate_impl_runtime (inlined)
               dealloc (inlined)
               _int_free_chunk
               _int_free_merge_chunk
               _int_free_create_chunk (inlined)

     0.03%     0.00%  candidate  candidate             [.] deallocate<alloc::alloc::Global> (inlined)
            |
            ---deallocate<alloc::alloc::Global> (inlined)
               deallocate (inlined)
               deallocate_impl (inlined)
               deallocate_impl_runtime (inlined)
               dealloc (inlined)
               _int_free_chunk
               _int_free_merge_chunk
               _int_free_create_chunk (inlined)

     0.03%     0.00%  candidate  candidate             [.] deallocate (inlined)
            |
            ---deallocate (inlined)
               deallocate_impl (inlined)
               deallocate_impl_runtime (inlined)
               dealloc (inlined)
               _int_free_chunk
               _int_free_merge_chunk
               _int_free_create_chunk (inlined)

     0.03%     0.00%  candidate  candidate             [.] deallocate_impl (inlined)
            |
            ---deallocate_impl (inlined)
               deallocate_impl_runtime (inlined)
               dealloc (inlined)
               _int_free_chunk
               _int_free_merge_chunk
               _int_free_create_chunk (inlined)

     0.03%     0.00%  candidate  candidate             [.] deallocate_impl_runtime (inlined)
            |
            ---deallocate_impl_runtime (inlined)
               dealloc (inlined)
               _int_free_chunk
               _int_free_merge_chunk
               _int_free_create_chunk (inlined)

     0.03%     0.00%  candidate  candidate             [.] dealloc (inlined)
            |
            ---dealloc (inlined)
               _int_free_chunk
               _int_free_merge_chunk
               _int_free_create_chunk (inlined)

     0.03%     0.03%  candidate  candidate             [.] <&T as core::fmt::Display>::fmt
     0.03%     0.03%  candidate  candidate             [.] sha2::sha256::compress256
     0.03%     0.03%  candidate  candidate             [.] <litchi_opc::part::XmlPart as litchi_opc::part::Part>::rels
     0.03%     0.00%  candidate  candidate             [.] recover (inlined)
            |
            ---recover (inlined)

     0.03%     0.03%  candidate  candidate             [.] <alloc::string::String as core::fmt::Write>::write_str
     0.03%     0.00%  candidate  candidate             [.] reserve_rehash<(alloc::string::String, ()), alloc::alloc::Global, hashbrown::map::make_hasher::{closure_env#0}<alloc::string::String, (), std::hash::random::RandomState>> (inlined)
            |
            ---reserve_rehash<(alloc::string::String, ()), alloc::alloc::Global, hashbrown::map::make_hasher::{closure_env#0}<alloc::string::String, (), std::hash::random::RandomState>> (inlined)
               reserve_rehash_inner<alloc::alloc::Global> (inlined)
               resize_inner<alloc::alloc::Global> (inlined)
               prepare_insert_index (inlined)
               find_insert_index (inlined)
               find_insert_index_in_group (inlined)
               match_empty_or_deleted (inlined)
               _mm_movemask_epi8 (inlined)

     0.03%     0.00%  candidate  candidate             [.] reserve_rehash_inner<alloc::alloc::Global> (inlined)
            |
            ---reserve_rehash_inner<alloc::alloc::Global> (inlined)
               resize_inner<alloc::alloc::Global> (inlined)
               prepare_insert_index (inlined)
               find_insert_index (inlined)
               find_insert_index_in_group (inlined)
               match_empty_or_deleted (inlined)
               _mm_movemask_epi8 (inlined)

     0.03%     0.00%  candidate  candidate             [.] resize_inner<alloc::alloc::Global> (inlined)
            |
            ---resize_inner<alloc::alloc::Global> (inlined)
               prepare_insert_index (inlined)
               find_insert_index (inlined)
               find_insert_index_in_group (inlined)
               match_empty_or_deleted (inlined)
               _mm_movemask_epi8 (inlined)

     0.03%     0.00%  candidate  candidate             [.] prepare_insert_index (inlined)
            |
            ---prepare_insert_index (inlined)
               find_insert_index (inlined)
               find_insert_index_in_group (inlined)
               match_empty_or_deleted (inlined)
               _mm_movemask_epi8 (inlined)

     0.03%     0.00%  candidate  candidate             [.] find_insert_index (inlined)
            |
            ---find_insert_index (inlined)
               find_insert_index_in_group (inlined)
               match_empty_or_deleted (inlined)
               _mm_movemask_epi8 (inlined)

     0.03%     0.00%  candidate  candidate             [.] find_insert_index_in_group (inlined)
            |
            ---find_insert_index_in_group (inlined)
               match_empty_or_deleted (inlined)
               _mm_movemask_epi8 (inlined)

     0.03%     0.00%  candidate  candidate             [.] match_empty_or_deleted (inlined)
            |
            ---match_empty_or_deleted (inlined)
               _mm_movemask_epi8 (inlined)

     0.03%     0.00%  candidate  candidate             [.] _mm_movemask_epi8 (inlined)
            |
            ---_mm_movemask_epi8 (inlined)

     0.03%     0.03%  candidate  candidate             [.] litchi_pptx::parts::presentation::reject_slide_id_list_attributes
     0.03%     0.03%  candidate  candidate             [.] alloc::raw_vec::RawVec<T,A>::grow_one
     0.03%     0.00%  candidate  [unknown]             [.] 0x0000000000000003
            |
            ---0x3
               read_event_impl<&[u8], ()> (inlined)
               read_until_close<&[u8], ()> (inlined)
               read_with<quick_xml::parser::element::ElementParser> (inlined)
               feed (inlined)

     0.03%     0.00%  candidate  candidate             [.] read_event_impl<&[u8], ()> (inlined)
            |
            ---read_event_impl<&[u8], ()> (inlined)
               read_until_close<&[u8], ()> (inlined)
               read_with<quick_xml::parser::element::ElementParser> (inlined)
               feed (inlined)

     0.03%     0.00%  candidate  candidate             [.] read_until_close<&[u8], ()> (inlined)
            |
            ---read_until_close<&[u8], ()> (inlined)
               read_with<quick_xml::parser::element::ElementParser> (inlined)
               feed (inlined)

     0.03%     0.00%  candidate  candidate             [.] read_with<quick_xml::parser::element::ElementParser> (inlined)
            |
            ---read_with<quick_xml::parser::element::ElementParser> (inlined)
               feed (inlined)

     0.03%     0.00%  candidate  candidate             [.] feed (inlined)
            |
            ---feed (inlined)

     0.03%     0.00%  candidate  [unknown]             [.] 0x0000002f1836b92f
            |
            ---0x2f1836b92f
               next_match (inlined)

     0.03%     0.00%  candidate  candidate             [.] next_match (inlined)
            |
            ---next_match (inlined)

     0.03%     0.00%  candidate  [unknown]             [.] 0x000000000000009b
            |
            ---0x9b
               push (inlined)
               add (inlined)
               extend_from_slice<u8, alloc::alloc::Global> (inlined)
               spec_extend<u8, alloc::alloc::Global> (inlined)
               append_elements<u8, alloc::alloc::Global> (inlined)
               copy_nonoverlapping<u8> (inlined)
               __memmove_avx512_unaligned_erms

     0.03%     0.00%  candidate  candidate             [.] add (inlined)
            |
            ---add (inlined)
               extend_from_slice<u8, alloc::alloc::Global> (inlined)
               spec_extend<u8, alloc::alloc::Global> (inlined)
               append_elements<u8, alloc::alloc::Global> (inlined)
               copy_nonoverlapping<u8> (inlined)
               __memmove_avx512_unaligned_erms

     0.03%     0.00%  candidate  candidate             [.] extend_from_slice<u8, alloc::alloc::Global> (inlined)
            |
            ---extend_from_slice<u8, alloc::alloc::Global> (inlined)
               spec_extend<u8, alloc::alloc::Global> (inlined)
               append_elements<u8, alloc::alloc::Global> (inlined)
               copy_nonoverlapping<u8> (inlined)
               __memmove_avx512_unaligned_erms

     0.03%     0.00%  candidate  candidate             [.] spec_extend<u8, alloc::alloc::Global> (inlined)
            |
            ---spec_extend<u8, alloc::alloc::Global> (inlined)
               append_elements<u8, alloc::alloc::Global> (inlined)
               copy_nonoverlapping<u8> (inlined)
               __memmove_avx512_unaligned_erms

     0.03%     0.00%  candidate  candidate             [.] append_elements<u8, alloc::alloc::Global> (inlined)
            |
            ---append_elements<u8, alloc::alloc::Global> (inlined)
               copy_nonoverlapping<u8> (inlined)
               __memmove_avx512_unaligned_erms

     0.03%     0.00%  candidate  candidate             [.] copy_nonoverlapping<u8> (inlined)
            |
            ---copy_nonoverlapping<u8> (inlined)
               __memmove_avx512_unaligned_erms

     0.03%     0.03%  candidate  candidate             [.] quick_xml::reader::state::ReaderState::emit_question_mark
     0.03%     0.03%  candidate  candidate             [.] std::thread::local::LocalKey<T>::with
     0.03%     0.03%  candidate  candidate             [.] __rustc::__rust_alloc
            |
            ---0x7fffffffffffffff
               __rustc::__rust_alloc

     0.03%     0.00%  candidate  [unknown]             [.] 0xffffffffffffffff
            |
            ---0xffffffffffffffff
               0x1
               attribute_value (inlined)

     0.03%     0.00%  candidate  candidate             [.] attribute_value (inlined)
            |
            ---attribute_value (inlined)

     0.03%     0.00%  candidate  [unknown]             [.] 0x0000000000000cc4
            |
            ---0xcc4
               do_reserve_and_handle<alloc::alloc::Global> (inlined)

     0.03%     0.00%  candidate  candidate             [.] do_reserve_and_handle<alloc::alloc::Global> (inlined)
            |
            ---do_reserve_and_handle<alloc::alloc::Global> (inlined)

     0.03%     0.03%  candidate  candidate             [.] core::str::iter::SplitInternal<P>::next
     0.03%     0.00%  candidate  [unknown]             [.] 0x370d319d5b0d781a
            |
            ---0x370d319d5b0d781a
               0x17
               hash_one<std::hash::random::RandomState, &alloc::string::String> (inlined)
               hash<alloc::string::String, std::hash::random::DefaultHasher> (inlined)

     0.03%     0.00%  candidate  candidate             [.] hash<alloc::string::String, std::hash::random::DefaultHasher> (inlined)
            |
            ---hash<alloc::string::String, std::hash::random::DefaultHasher> (inlined)

     0.03%     0.00%  candidate  [unknown]             [.] 0x00000000ff737068
            |
            ---0xff737068
               insert<alloc::string::String, (), std::hash::random::RandomState, alloc::alloc::Global> (inlined)
               find_or_find_insert_index<alloc::string::String, (), std::hash::random::RandomState, alloc::alloc::Global, alloc::string::String> (inlined)
               find_or_find_insert_index<(alloc::string::String, ()), alloc::alloc::Global, hashbrown::map::equivalent_key::{closure_env#0}<alloc::string::String, alloc::string::String, ()>, hashbrown::map::make_hasher::{closure_env#0}<alloc::string::String, (), std::hash::random::RandomState>> (inlined)

     0.03%     0.00%  candidate  candidate             [.] insert<alloc::string::String, (), std::hash::random::RandomState, alloc::alloc::Global> (inlined)
            |
            ---insert<alloc::string::String, (), std::hash::random::RandomState, alloc::alloc::Global> (inlined)
               find_or_find_insert_index<alloc::string::String, (), std::hash::random::RandomState, alloc::alloc::Global, alloc::string::String> (inlined)
               find_or_find_insert_index<(alloc::string::String, ()), alloc::alloc::Global, hashbrown::map::equivalent_key::{closure_env#0}<alloc::string::String, alloc::string::String, ()>, hashbrown::map::make_hasher::{closure_env#0}<alloc::string::String, (), std::hash::random::RandomState>> (inlined)

     0.03%     0.00%  candidate  candidate             [.] find_or_find_insert_index<alloc::string::String, (), std::hash::random::RandomState, alloc::alloc::Global, alloc::string::String> (inlined)
            |
            ---find_or_find_insert_index<alloc::string::String, (), std::hash::random::RandomState, alloc::alloc::Global, alloc::string::String> (inlined)
               find_or_find_insert_index<(alloc::string::String, ()), alloc::alloc::Global, hashbrown::map::equivalent_key::{closure_env#0}<alloc::string::String, alloc::string::String, ()>, hashbrown::map::make_hasher::{closure_env#0}<alloc::string::String, (), std::hash::random::RandomState>> (inlined)

     0.03%     0.00%  candidate  candidate             [.] find_or_find_insert_index<(alloc::string::String, ()), alloc::alloc::Global, hashbrown::map::equivalent_key::{closure_env#0}<alloc::string::String, alloc::string::String, ()>, hashbrown::map::make_hasher::{closure_env#0}<alloc::string::String, (), std::hash::random::RandomState>> (inlined)
            |
            ---find_or_find_insert_index<(alloc::string::String, ()), alloc::alloc::Global, hashbrown::map::equivalent_key::{closure_env#0}<alloc::string::String, alloc::string::String, ()>, hashbrown::map::make_hasher::{closure_env#0}<alloc::string::String, (), std::hash::random::RandomState>> (inlined)

     0.03%     0.03%  candidate  candidate             [.] litchi_opc::package::OpcPackage::get_part
     0.03%     0.03%  candidate  candidate             [.] <hashbrown::raw::RawTable<T,A> as core::ops::drop::Drop>::drop
     0.03%     0.03%  candidate  candidate             [.] quick_xml::name::QName::prefix
            |
            ---_int_realloc
               unqualified_attribute_value (inlined)
               prefix (inlined)

     0.03%     0.00%  candidate  candidate             [.] prefix (inlined)
            |
            ---prefix (inlined)

     0.03%     0.00%  candidate  candidate             [.] next<quick_xml::events::attributes::Attributes> (inlined)
            |
            ---next<quick_xml::events::attributes::Attributes> (inlined)
               next (inlined)
               map<core::ops::range::Range<usize>, &[u8], quick_xml::events::attributes::{impl#8}::next::{closure_env#0}> (inlined)
               {closure#0} (inlined)
               index<u8, core::ops::range::Range<usize>> (inlined)
               index<u8> (inlined)
               checked_sub (inlined)

     0.03%     0.00%  candidate  candidate             [.] next (inlined)
            |
            ---next (inlined)
               map<core::ops::range::Range<usize>, &[u8], quick_xml::events::attributes::{impl#8}::next::{closure_env#0}> (inlined)
               {closure#0} (inlined)
               index<u8, core::ops::range::Range<usize>> (inlined)
               index<u8> (inlined)
               checked_sub (inlined)

     0.03%     0.00%  candidate  candidate             [.] map<core::ops::range::Range<usize>, &[u8], quick_xml::events::attributes::{impl#8}::next::{closure_env#0}> (inlined)
            |
            ---map<core::ops::range::Range<usize>, &[u8], quick_xml::events::attributes::{impl#8}::next::{closure_env#0}> (inlined)
               {closure#0} (inlined)
               index<u8, core::ops::range::Range<usize>> (inlined)
               index<u8> (inlined)
               checked_sub (inlined)

     0.03%     0.00%  candidate  candidate             [.] {closure#0} (inlined)
            |
            ---{closure#0} (inlined)
               index<u8, core::ops::range::Range<usize>> (inlined)
               index<u8> (inlined)
               checked_sub (inlined)

     0.03%     0.00%  candidate  candidate             [.] index<u8, core::ops::range::Range<usize>> (inlined)
            |
            ---index<u8, core::ops::range::Range<usize>> (inlined)
               index<u8> (inlined)
               checked_sub (inlined)

     0.03%     0.00%  candidate  candidate             [.] index<u8> (inlined)
            |
            ---index<u8> (inlined)
               checked_sub (inlined)

     0.03%     0.00%  candidate  candidate             [.] checked_sub (inlined)
            |
            ---checked_sub (inlined)

     0.03%     0.00%  candidate  [unknown]             [.] 0x0000000000000007
            |
            ---0x7
               next (inlined)
               find<core::iter::adapters::zip::Zip<core::ops::range::RangeFrom<usize>, core::slice::iter::Iter<u8>>, quick_xml::events::attributes::{impl#17}::next::{closure_env#5}> (inlined)
               try_fold<core::iter::adapters::zip::Zip<core::ops::range::RangeFrom<usize>, core::slice::iter::Iter<u8>>, (), core::iter::traits::iterator::Iterator::find::check::{closure_env#0}<(usize, &u8), quick_xml::events::attributes::{impl#17}::next::{closure_env#5}>, core::ops::control_flow::ControlFlow<(usize, &u8), ()>> (inlined)
               {closure#0}<(usize, &u8), quick_xml::events::attributes::{impl#17}::next::{closure_env#5}> (inlined)
               {closure#5} (inlined)

     0.03%     0.00%  candidate  candidate             [.] find<core::iter::adapters::zip::Zip<core::ops::range::RangeFrom<usize>, core::slice::iter::Iter<u8>>, quick_xml::events::attributes::{impl#17}::next::{closure_env#5}> (inlined)
            |
            ---find<core::iter::adapters::zip::Zip<core::ops::range::RangeFrom<usize>, core::slice::iter::Iter<u8>>, quick_xml::events::attributes::{impl#17}::next::{closure_env#5}> (inlined)
               try_fold<core::iter::adapters::zip::Zip<core::ops::range::RangeFrom<usize>, core::slice::iter::Iter<u8>>, (), core::iter::traits::iterator::Iterator::find::check::{closure_env#0}<(usize, &u8), quick_xml::events::attributes::{impl#17}::next::{closure_env#5}>, core::ops::control_flow::ControlFlow<(usize, &u8), ()>> (inlined)
               {closure#0}<(usize, &u8), quick_xml::events::attributes::{impl#17}::next::{closure_env#5}> (inlined)
               {closure#5} (inlined)

     0.03%     0.00%  candidate  candidate             [.] try_fold<core::iter::adapters::zip::Zip<core::ops::range::RangeFrom<usize>, core::slice::iter::Iter<u8>>, (), core::iter::traits::iterator::Iterator::find::check::{closure_env#0}<(usize, &u8), quick_xml::events::attributes::{impl#17}::next::{closure_env#5}>, core::ops::control_flow::ControlFlow<(usize, &u8), ()>> (inlined)
            |
            ---try_fold<core::iter::adapters::zip::Zip<core::ops::range::RangeFrom<usize>, core::slice::iter::Iter<u8>>, (), core::iter::traits::iterator::Iterator::find::check::{closure_env#0}<(usize, &u8), quick_xml::events::attributes::{impl#17}::next::{closure_env#5}>, core::ops::control_flow::ControlFlow<(usize, &u8), ()>> (inlined)
               {closure#0}<(usize, &u8), quick_xml::events::attributes::{impl#17}::next::{closure_env#5}> (inlined)
               {closure#5} (inlined)

     0.03%     0.00%  candidate  candidate             [.] {closure#0}<(usize, &u8), quick_xml::events::attributes::{impl#17}::next::{closure_env#5}> (inlined)
            |
            ---{closure#0}<(usize, &u8), quick_xml::events::attributes::{impl#17}::next::{closure_env#5}> (inlined)
               {closure#5} (inlined)

     0.03%     0.00%  candidate  candidate             [.] {closure#5} (inlined)
            |
            ---{closure#5} (inlined)

     0.03%     0.03%  candidate  candidate             [.] alloc::raw_vec::RawVec<T,A>::grow_one
     0.03%     0.00%  candidate  candidate             [.] resolve_event (inlined)
            |
            ---resolve_event (inlined)

     0.03%     0.00%  candidate  [unknown]             [.] 0x0000000000000092
            |
            ---0x92
               push (inlined)
               as_namespace_binding (inlined)
               starts_with<u8> (inlined)
               eq<[u8], [u8]> (inlined)
               eq<u8, u8> (inlined)
               equal_same_length<u8, u8> (inlined)

     0.03%     0.00%  candidate  candidate             [.] as_namespace_binding (inlined)
            |
            ---as_namespace_binding (inlined)
               starts_with<u8> (inlined)
               eq<[u8], [u8]> (inlined)
               eq<u8, u8> (inlined)
               equal_same_length<u8, u8> (inlined)

     0.03%     0.00%  candidate  candidate             [.] starts_with<u8> (inlined)
            |
            ---starts_with<u8> (inlined)
               eq<[u8], [u8]> (inlined)
               eq<u8, u8> (inlined)
               equal_same_length<u8, u8> (inlined)

     0.03%     0.00%  candidate  candidate             [.] eq<[u8], [u8]> (inlined)
            |
            ---eq<[u8], [u8]> (inlined)
               eq<u8, u8> (inlined)
               equal_same_length<u8, u8> (inlined)

     0.03%     0.00%  candidate  candidate             [.] eq<u8, u8> (inlined)
            |
            ---eq<u8, u8> (inlined)
               equal_same_length<u8, u8> (inlined)

     0.03%     0.00%  candidate  candidate             [.] equal_same_length<u8, u8> (inlined)
            |
            ---equal_same_length<u8, u8> (inlined)

     0.03%     0.00%  candidate  [unknown]             [.] 0x8000000000000004
            |
            ---0x8000000000000004
               next_match (inlined)
               memchr (inlined)
               from_rel_ref (inlined)
               join_paths (inlined)
               format (inlined)
               map_or_else<&str, alloc::string::String, alloc::fmt::format::{closure_env#0}, fn(&str) -> alloc::string::String> (inlined)
               {closure#0} (inlined)
               format_inner (inlined)
               write_fmt<alloc::string::String> (inlined)
               spec_write_fmt<alloc::string::String> (inlined)
               write (inlined)
               fmt (inlined)
               write_str (inlined)
               push_str (inlined)
               extend_from_slice<u8, alloc::alloc::Global> (inlined)
               spec_extend<u8, alloc::alloc::Global> (inlined)
               append_elements<u8, alloc::alloc::Global> (inlined)
               reserve<u8, alloc::alloc::Global> (inlined)
               reserve<u8, alloc::alloc::Global> (inlined)
               reserve<alloc::alloc::Global> (inlined)
               do_reserve_and_handle<alloc::alloc::Global> (inlined)
               grow_amortized<alloc::alloc::Global> (inlined)
               finish_grow<alloc::alloc::Global> (inlined)
               allocate (inlined)
               alloc_impl (inlined)
               alloc_impl_runtime (inlined)
               alloc (inlined)
               __libc_malloc (inlined)

     0.03%     0.00%  candidate  candidate             [.] next_match (inlined)
            |
            ---next_match (inlined)
               memchr (inlined)
               from_rel_ref (inlined)
               join_paths (inlined)
               format (inlined)
               map_or_else<&str, alloc::string::String, alloc::fmt::format::{closure_env#0}, fn(&str) -> alloc::string::String> (inlined)
               {closure#0} (inlined)
               format_inner (inlined)
               write_fmt<alloc::string::String> (inlined)
               spec_write_fmt<alloc::string::String> (inlined)
               write (inlined)
               fmt (inlined)
               write_str (inlined)
               push_str (inlined)
               extend_from_slice<u8, alloc::alloc::Global> (inlined)
               spec_extend<u8, alloc::alloc::Global> (inlined)
               append_elements<u8, alloc::alloc::Global> (inlined)
               reserve<u8, alloc::alloc::Global> (inlined)
               reserve<u8, alloc::alloc::Global> (inlined)
               reserve<alloc::alloc::Global> (inlined)
               do_reserve_and_handle<alloc::alloc::Global> (inlined)
               grow_amortized<alloc::alloc::Global> (inlined)
               finish_grow<alloc::alloc::Global> (inlined)
               allocate (inlined)
               alloc_impl (inlined)
               alloc_impl_runtime (inlined)
               alloc (inlined)
               __libc_malloc (inlined)

     0.03%     0.00%  candidate  candidate             [.] memchr (inlined)
            |
            ---memchr (inlined)
               from_rel_ref (inlined)
               join_paths (inlined)
               format (inlined)
               map_or_else<&str, alloc::string::String, alloc::fmt::format::{closure_env#0}, fn(&str) -> alloc::string::String> (inlined)
               {closure#0} (inlined)
               format_inner (inlined)
               write_fmt<alloc::string::String> (inlined)
               spec_write_fmt<alloc::string::String> (inlined)
               write (inlined)
               fmt (inlined)
               write_str (inlined)
               push_str (inlined)
               extend_from_slice<u8, alloc::alloc::Global> (inlined)
               spec_extend<u8, alloc::alloc::Global> (inlined)
               append_elements<u8, alloc::alloc::Global> (inlined)
               reserve<u8, alloc::alloc::Global> (inlined)
               reserve<u8, alloc::alloc::Global> (inlined)
               reserve<alloc::alloc::Global> (inlined)
               do_reserve_and_handle<alloc::alloc::Global> (inlined)
               grow_amortized<alloc::alloc::Global> (inlined)
               finish_grow<alloc::alloc::Global> (inlined)
               allocate (inlined)
               alloc_impl (inlined)
               alloc_impl_runtime (inlined)
               alloc (inlined)
               __libc_malloc (inlined)

     0.03%     0.00%  candidate  candidate             [.] from_rel_ref (inlined)
            |
            ---from_rel_ref (inlined)
               join_paths (inlined)
               format (inlined)
               map_or_else<&str, alloc::string::String, alloc::fmt::format::{closure_env#0}, fn(&str) -> alloc::string::String> (inlined)
               {closure#0} (inlined)
               format_inner (inlined)
               write_fmt<alloc::string::String> (inlined)
               spec_write_fmt<alloc::string::String> (inlined)
               write (inlined)
               fmt (inlined)
               write_str (inlined)
               push_str (inlined)
               extend_from_slice<u8, alloc::alloc::Global> (inlined)
               spec_extend<u8, alloc::alloc::Global> (inlined)
               append_elements<u8, alloc::alloc::Global> (inlined)
               reserve<u8, alloc::alloc::Global> (inlined)
               reserve<u8, alloc::alloc::Global> (inlined)
               reserve<alloc::alloc::Global> (inlined)
               do_reserve_and_handle<alloc::alloc::Global> (inlined)
               grow_amortized<alloc::alloc::Global> (inlined)
               finish_grow<alloc::alloc::Global> (inlined)
               allocate (inlined)
               alloc_impl (inlined)
               alloc_impl_runtime (inlined)
               alloc (inlined)
               __libc_malloc (inlined)

     0.03%     0.00%  candidate  candidate             [.] join_paths (inlined)
            |
            ---join_paths (inlined)
               format (inlined)
               map_or_else<&str, alloc::string::String, alloc::fmt::format::{closure_env#0}, fn(&str) -> alloc::string::String> (inlined)
               {closure#0} (inlined)
               format_inner (inlined)
               write_fmt<alloc::string::String> (inlined)
               spec_write_fmt<alloc::string::String> (inlined)
               write (inlined)
               fmt (inlined)
               write_str (inlined)
               push_str (inlined)
               extend_from_slice<u8, alloc::alloc::Global> (inlined)
               spec_extend<u8, alloc::alloc::Global> (inlined)
               append_elements<u8, alloc::alloc::Global> (inlined)
               reserve<u8, alloc::alloc::Global> (inlined)
               reserve<u8, alloc::alloc::Global> (inlined)
               reserve<alloc::alloc::Global> (inlined)
               do_reserve_and_handle<alloc::alloc::Global> (inlined)
               grow_amortized<alloc::alloc::Global> (inlined)
               finish_grow<alloc::alloc::Global> (inlined)
               allocate (inlined)
               alloc_impl (inlined)
               alloc_impl_runtime (inlined)
               alloc (inlined)
               __libc_malloc (inlined)

     0.03%     0.00%  candidate  candidate             [.] format (inlined)
            |
            ---format (inlined)
               map_or_else<&str, alloc::string::String, alloc::fmt::format::{closure_env#0}, fn(&str) -> alloc::string::String> (inlined)
               {closure#0} (inlined)
               format_inner (inlined)
               write_fmt<alloc::string::String> (inlined)
               spec_write_fmt<alloc::string::String> (inlined)
               write (inlined)
               fmt (inlined)
               write_str (inlined)
               push_str (inlined)
               extend_from_slice<u8, alloc::alloc::Global> (inlined)
               spec_extend<u8, alloc::alloc::Global> (inlined)
               append_elements<u8, alloc::alloc::Global> (inlined)
               reserve<u8, alloc::alloc::Global> (inlined)
               reserve<u8, alloc::alloc::Global> (inlined)
               reserve<alloc::alloc::Global> (inlined)
               do_reserve_and_handle<alloc::alloc::Global> (inlined)
               grow_amortized<alloc::alloc::Global> (inlined)
               finish_grow<alloc::alloc::Global> (inlined)
               allocate (inlined)
               alloc_impl (inlined)
               alloc_impl_runtime (inlined)
               alloc (inlined)
               __libc_malloc (inlined)

     0.03%     0.00%  candidate  candidate             [.] map_or_else<&str, alloc::string::String, alloc::fmt::format::{closure_env#0}, fn(&str) -> alloc::string::String> (inlined)
            |
            ---map_or_else<&str, alloc::string::String, alloc::fmt::format::{closure_env#0}, fn(&str) -> alloc::string::String> (inlined)
               {closure#0} (inlined)
               format_inner (inlined)
               write_fmt<alloc::string::String> (inlined)
               spec_write_fmt<alloc::string::String> (inlined)
               write (inlined)
               fmt (inlined)
               write_str (inlined)
               push_str (inlined)
               extend_from_slice<u8, alloc::alloc::Global> (inlined)
               spec_extend<u8, alloc::alloc::Global> (inlined)
               append_elements<u8, alloc::alloc::Global> (inlined)
               reserve<u8, alloc::alloc::Global> (inlined)
               reserve<u8, alloc::alloc::Global> (inlined)
               reserve<alloc::alloc::Global> (inlined)
               do_reserve_and_handle<alloc::alloc::Global> (inlined)
               grow_amortized<alloc::alloc::Global> (inlined)
               finish_grow<alloc::alloc::Global> (inlined)
               allocate (inlined)
               alloc_impl (inlined)
               alloc_impl_runtime (inlined)
               alloc (inlined)
               __libc_malloc (inlined)

     0.03%     0.00%  candidate  candidate             [.] {closure#0} (inlined)
            |
            ---{closure#0} (inlined)
               format_inner (inlined)
               write_fmt<alloc::string::String> (inlined)
               spec_write_fmt<alloc::string::String> (inlined)
               write (inlined)
               fmt (inlined)
               write_str (inlined)
               push_str (inlined)
               extend_from_slice<u8, alloc::alloc::Global> (inlined)
               spec_extend<u8, alloc::alloc::Global> (inlined)
               append_elements<u8, alloc::alloc::Global> (inlined)
               reserve<u8, alloc::alloc::Global> (inlined)
               reserve<u8, alloc::alloc::Global> (inlined)
               reserve<alloc::alloc::Global> (inlined)
               do_reserve_and_handle<alloc::alloc::Global> (inlined)
               grow_amortized<alloc::alloc::Global> (inlined)
               finish_grow<alloc::alloc::Global> (inlined)
               allocate (inlined)
               alloc_impl (inlined)
               alloc_impl_runtime (inlined)
               alloc (inlined)
               __libc_malloc (inlined)

     0.03%     0.00%  candidate  candidate             [.] format_inner (inlined)
            |
            ---format_inner (inlined)
               write_fmt<alloc::string::String> (inlined)
               spec_write_fmt<alloc::string::String> (inlined)
               write (inlined)
               fmt (inlined)
               write_str (inlined)
               push_str (inlined)
               extend_from_slice<u8, alloc::alloc::Global> (inlined)
               spec_extend<u8, alloc::alloc::Global> (inlined)
               append_elements<u8, alloc::alloc::Global> (inlined)
               reserve<u8, alloc::alloc::Global> (inlined)
               reserve<u8, alloc::alloc::Global> (inlined)
               reserve<alloc::alloc::Global> (inlined)
               do_reserve_and_handle<alloc::alloc::Global> (inlined)
               grow_amortized<alloc::alloc::Global> (inlined)
               finish_grow<alloc::alloc::Global> (inlined)
               allocate (inlined)
               alloc_impl (inlined)
               alloc_impl_runtime (inlined)
               alloc (inlined)
               __libc_malloc (inlined)

     0.03%     0.00%  candidate  candidate             [.] write_fmt<alloc::string::String> (inlined)
            |
            ---write_fmt<alloc::string::String> (inlined)
               spec_write_fmt<alloc::string::String> (inlined)
               write (inlined)
               fmt (inlined)
               write_str (inlined)
               push_str (inlined)
               extend_from_slice<u8, alloc::alloc::Global> (inlined)
               spec_extend<u8, alloc::alloc::Global> (inlined)
               append_elements<u8, alloc::alloc::Global> (inlined)
               reserve<u8, alloc::alloc::Global> (inlined)
               reserve<u8, alloc::alloc::Global> (inlined)
               reserve<alloc::alloc::Global> (inlined)
               do_reserve_and_handle<alloc::alloc::Global> (inlined)
               grow_amortized<alloc::alloc::Global> (inlined)
               finish_grow<alloc::alloc::Global> (inlined)
               allocate (inlined)
               alloc_impl (inlined)
               alloc_impl_runtime (inlined)
               alloc (inlined)
               __libc_malloc (inlined)

     0.03%     0.00%  candidate  candidate             [.] spec_write_fmt<alloc::string::String> (inlined)
            |
            ---spec_write_fmt<alloc::string::String> (inlined)
               write (inlined)
               fmt (inlined)
               write_str (inlined)
               push_str (inlined)
               extend_from_slice<u8, alloc::alloc::Global> (inlined)
               spec_extend<u8, alloc::alloc::Global> (inlined)
               append_elements<u8, alloc::alloc::Global> (inlined)
               reserve<u8, alloc::alloc::Global> (inlined)
               reserve<u8, alloc::alloc::Global> (inlined)
               reserve<alloc::alloc::Global> (inlined)
               do_reserve_and_handle<alloc::alloc::Global> (inlined)
               grow_amortized<alloc::alloc::Global> (inlined)
               finish_grow<alloc::alloc::Global> (inlined)
               allocate (inlined)
               alloc_impl (inlined)
               alloc_impl_runtime (inlined)
               alloc (inlined)
               __libc_malloc (inlined)

     0.03%     0.00%  candidate  candidate             [.] write (inlined)
            |
            ---write (inlined)
               fmt (inlined)
               write_str (inlined)
               push_str (inlined)
               extend_from_slice<u8, alloc::alloc::Global> (inlined)
               spec_extend<u8, alloc::alloc::Global> (inlined)
               append_elements<u8, alloc::alloc::Global> (inlined)
               reserve<u8, alloc::alloc::Global> (inlined)
               reserve<u8, alloc::alloc::Global> (inlined)
               reserve<alloc::alloc::Global> (inlined)
               do_reserve_and_handle<alloc::alloc::Global> (inlined)
               grow_amortized<alloc::alloc::Global> (inlined)
               finish_grow<alloc::alloc::Global> (inlined)
               allocate (inlined)
               alloc_impl (inlined)
               alloc_impl_runtime (inlined)
               alloc (inlined)
               __libc_malloc (inlined)

     0.03%     0.00%  candidate  candidate             [.] fmt (inlined)
            |
            ---fmt (inlined)
               write_str (inlined)
               push_str (inlined)
               extend_from_slice<u8, alloc::alloc::Global> (inlined)
               spec_extend<u8, alloc::alloc::Global> (inlined)
               append_elements<u8, alloc::alloc::Global> (inlined)
               reserve<u8, alloc::alloc::Global> (inlined)
               reserve<u8, alloc::alloc::Global> (inlined)
               reserve<alloc::alloc::Global> (inlined)
               do_reserve_and_handle<alloc::alloc::Global> (inlined)
               grow_amortized<alloc::alloc::Global> (inlined)
               finish_grow<alloc::alloc::Global> (inlined)
               allocate (inlined)
               alloc_impl (inlined)
               alloc_impl_runtime (inlined)
               alloc (inlined)
               __libc_malloc (inlined)

     0.03%     0.00%  candidate  candidate             [.] write_str (inlined)
            |
            ---write_str (inlined)
               push_str (inlined)
               extend_from_slice<u8, alloc::alloc::Global> (inlined)
               spec_extend<u8, alloc::alloc::Global> (inlined)
               append_elements<u8, alloc::alloc::Global> (inlined)
               reserve<u8, alloc::alloc::Global> (inlined)
               reserve<u8, alloc::alloc::Global> (inlined)
               reserve<alloc::alloc::Global> (inlined)
               do_reserve_and_handle<alloc::alloc::Global> (inlined)
               grow_amortized<alloc::alloc::Global> (inlined)
               finish_grow<alloc::alloc::Global> (inlined)
               allocate (inlined)
               alloc_impl (inlined)
               alloc_impl_runtime (inlined)
               alloc (inlined)
               __libc_malloc (inlined)

     0.03%     0.00%  candidate  candidate             [.] push_str (inlined)
            |
            ---push_str (inlined)
               extend_from_slice<u8, alloc::alloc::Global> (inlined)
               spec_extend<u8, alloc::alloc::Global> (inlined)
               append_elements<u8, alloc::alloc::Global> (inlined)
               reserve<u8, alloc::alloc::Global> (inlined)
               reserve<u8, alloc::alloc::Global> (inlined)
               reserve<alloc::alloc::Global> (inlined)
               do_reserve_and_handle<alloc::alloc::Global> (inlined)
               grow_amortized<alloc::alloc::Global> (inlined)
               finish_grow<alloc::alloc::Global> (inlined)
               allocate (inlined)
               alloc_impl (inlined)
               alloc_impl_runtime (inlined)
               alloc (inlined)
               __libc_malloc (inlined)

     0.03%     0.00%  candidate  candidate             [.] extend_from_slice<u8, alloc::alloc::Global> (inlined)
            |
            ---extend_from_slice<u8, alloc::alloc::Global> (inlined)
               spec_extend<u8, alloc::alloc::Global> (inlined)
               append_elements<u8, alloc::alloc::Global> (inlined)
               reserve<u8, alloc::alloc::Global> (inlined)
               reserve<u8, alloc::alloc::Global> (inlined)
               reserve<alloc::alloc::Global> (inlined)
               do_reserve_and_handle<alloc::alloc::Global> (inlined)
               grow_amortized<alloc::alloc::Global> (inlined)
               finish_grow<alloc::alloc::Global> (inlined)
               allocate (inlined)
               alloc_impl (inlined)
               alloc_impl_runtime (inlined)
               alloc (inlined)
               __libc_malloc (inlined)

     0.03%     0.00%  candidate  candidate             [.] spec_extend<u8, alloc::alloc::Global> (inlined)
            |
            ---spec_extend<u8, alloc::alloc::Global> (inlined)
               append_elements<u8, alloc::alloc::Global> (inlined)
               reserve<u8, alloc::alloc::Global> (inlined)
               reserve<u8, alloc::alloc::Global> (inlined)
               reserve<alloc::alloc::Global> (inlined)
               do_reserve_and_handle<alloc::alloc::Global> (inlined)
               grow_amortized<alloc::alloc::Global> (inlined)
               finish_grow<alloc::alloc::Global> (inlined)
               allocate (inlined)
               alloc_impl (inlined)
               alloc_impl_runtime (inlined)
               alloc (inlined)
               __libc_malloc (inlined)

     0.03%     0.00%  candidate  candidate             [.] append_elements<u8, alloc::alloc::Global> (inlined)
            |
            ---append_elements<u8, alloc::alloc::Global> (inlined)
               reserve<u8, alloc::alloc::Global> (inlined)
               reserve<u8, alloc::alloc::Global> (inlined)
               reserve<alloc::alloc::Global> (inlined)
               do_reserve_and_handle<alloc::alloc::Global> (inlined)
               grow_amortized<alloc::alloc::Global> (inlined)
               finish_grow<alloc::alloc::Global> (inlined)
               allocate (inlined)
               alloc_impl (inlined)
               alloc_impl_runtime (inlined)
               alloc (inlined)
               __libc_malloc (inlined)

     0.03%     0.00%  candidate  candidate             [.] reserve<u8, alloc::alloc::Global> (inlined)
            |
            ---reserve<u8, alloc::alloc::Global> (inlined)
               reserve<u8, alloc::alloc::Global> (inlined)
               reserve<alloc::alloc::Global> (inlined)
               do_reserve_and_handle<alloc::alloc::Global> (inlined)
               grow_amortized<alloc::alloc::Global> (inlined)
               finish_grow<alloc::alloc::Global> (inlined)
               allocate (inlined)
               alloc_impl (inlined)
               alloc_impl_runtime (inlined)
               alloc (inlined)
               __libc_malloc (inlined)

     0.03%     0.00%  candidate  candidate             [.] reserve<alloc::alloc::Global> (inlined)
            |
            ---reserve<alloc::alloc::Global> (inlined)
               do_reserve_and_handle<alloc::alloc::Global> (inlined)
               grow_amortized<alloc::alloc::Global> (inlined)
               finish_grow<alloc::alloc::Global> (inlined)
               allocate (inlined)
               alloc_impl (inlined)
               alloc_impl_runtime (inlined)
               alloc (inlined)
               __libc_malloc (inlined)

     0.03%     0.00%  candidate  candidate             [.] do_reserve_and_handle<alloc::alloc::Global> (inlined)
            |
            ---do_reserve_and_handle<alloc::alloc::Global> (inlined)
               grow_amortized<alloc::alloc::Global> (inlined)
               finish_grow<alloc::alloc::Global> (inlined)
               allocate (inlined)
               alloc_impl (inlined)
               alloc_impl_runtime (inlined)
               alloc (inlined)
               __libc_malloc (inlined)

     0.03%     0.00%  candidate  candidate             [.] grow_amortized<alloc::alloc::Global> (inlined)
            |
            ---grow_amortized<alloc::alloc::Global> (inlined)
               finish_grow<alloc::alloc::Global> (inlined)
               allocate (inlined)
               alloc_impl (inlined)
               alloc_impl_runtime (inlined)
               alloc (inlined)
               __libc_malloc (inlined)

     0.03%     0.00%  candidate  candidate             [.] finish_grow<alloc::alloc::Global> (inlined)
            |
            ---finish_grow<alloc::alloc::Global> (inlined)
               allocate (inlined)
               alloc_impl (inlined)
               alloc_impl_runtime (inlined)
               alloc (inlined)
               __libc_malloc (inlined)

     0.03%     0.00%  candidate  candidate             [.] allocate (inlined)
            |
            ---allocate (inlined)
               alloc_impl (inlined)
               alloc_impl_runtime (inlined)
               alloc (inlined)
               __libc_malloc (inlined)

     0.03%     0.00%  candidate  candidate             [.] alloc_impl (inlined)
            |
            ---alloc_impl (inlined)
               alloc_impl_runtime (inlined)
               alloc (inlined)
               __libc_malloc (inlined)

     0.03%     0.00%  candidate  candidate             [.] alloc_impl_runtime (inlined)
            |
            ---alloc_impl_runtime (inlined)
               alloc (inlined)
               __libc_malloc (inlined)

     0.03%     0.00%  candidate  candidate             [.] alloc (inlined)
            |
            ---alloc (inlined)
               __libc_malloc (inlined)

     0.03%     0.00%  candidate  [unknown]             [.] 0x800000000000000e
            |
            ---0x800000000000000e
               root_name_from_xml (inlined)

     0.03%     0.00%  candidate  candidate             [.] root_name_from_xml (inlined)
            |
            ---root_name_from_xml (inlined)

     0.03%     0.03%  candidate  candidate             [.] memchr::arch::x86_64::memchr::memchr2_raw::find_avx2
     0.03%     0.00%  candidate  [unknown]             [.] 0x00000000000000e0
            |
            ---0xe0
               finish_grow<alloc::alloc::Global> (inlined)
               grow (inlined)
               grow_impl (inlined)
               grow_impl_runtime (inlined)
               realloc (inlined)
               __libc_realloc (inlined)

     0.03%     0.00%  candidate  candidate             [.] finish_grow<alloc::alloc::Global> (inlined)
            |
            ---finish_grow<alloc::alloc::Global> (inlined)
               grow (inlined)
               grow_impl (inlined)
               grow_impl_runtime (inlined)
               realloc (inlined)
               __libc_realloc (inlined)

     0.03%     0.00%  candidate  candidate             [.] grow (inlined)
            |
            ---grow (inlined)
               grow_impl (inlined)
               grow_impl_runtime (inlined)
               realloc (inlined)
               __libc_realloc (inlined)

     0.03%     0.00%  candidate  candidate             [.] grow_impl (inlined)
            |
            ---grow_impl (inlined)
               grow_impl_runtime (inlined)
               realloc (inlined)
               __libc_realloc (inlined)

     0.03%     0.00%  candidate  candidate             [.] grow_impl_runtime (inlined)
            |
            ---grow_impl_runtime (inlined)
               realloc (inlined)
               __libc_realloc (inlined)

     0.03%     0.00%  candidate  candidate             [.] realloc (inlined)
            |
            ---realloc (inlined)
               __libc_realloc (inlined)

     0.03%     0.00%  candidate  candidate             [.] fallible_with_capacity<alloc::alloc::Global> (inlined)
            |
            ---fallible_with_capacity<alloc::alloc::Global> (inlined)
               new_uninitialized<alloc::alloc::Global> (inlined)
               do_alloc<alloc::alloc::Global> (inlined)
               allocate (inlined)
               alloc_impl (inlined)
               alloc_impl_runtime (inlined)
               alloc (inlined)
               __libc_malloc (inlined)
               tcache_get (inlined)
               tcache_get_n (inlined)

     0.03%     0.00%  candidate  candidate             [.] new_uninitialized<alloc::alloc::Global> (inlined)
            |
            ---new_uninitialized<alloc::alloc::Global> (inlined)
               do_alloc<alloc::alloc::Global> (inlined)
               allocate (inlined)
               alloc_impl (inlined)
               alloc_impl_runtime (inlined)
               alloc (inlined)
               __libc_malloc (inlined)
               tcache_get (inlined)
               tcache_get_n (inlined)

     0.03%     0.00%  candidate  candidate             [.] do_alloc<alloc::alloc::Global> (inlined)
            |
            ---do_alloc<alloc::alloc::Global> (inlined)
               allocate (inlined)
               alloc_impl (inlined)
               alloc_impl_runtime (inlined)
               alloc (inlined)
               __libc_malloc (inlined)
               tcache_get (inlined)
               tcache_get_n (inlined)

     0.03%     0.00%  candidate  candidate             [.] allocate (inlined)
            |
            ---allocate (inlined)
               alloc_impl (inlined)
               alloc_impl_runtime (inlined)
               alloc (inlined)
               __libc_malloc (inlined)
               tcache_get (inlined)
               tcache_get_n (inlined)

     0.03%     0.00%  candidate  candidate             [.] alloc_impl (inlined)
            |
            ---alloc_impl (inlined)
               alloc_impl_runtime (inlined)
               alloc (inlined)
               __libc_malloc (inlined)
               tcache_get (inlined)
               tcache_get_n (inlined)

     0.03%     0.00%  candidate  candidate             [.] alloc_impl_runtime (inlined)
            |
            ---alloc_impl_runtime (inlined)
               alloc (inlined)
               __libc_malloc (inlined)
               tcache_get (inlined)
               tcache_get_n (inlined)

     0.03%     0.00%  candidate  candidate             [.] alloc (inlined)
            |
            ---alloc (inlined)
               __libc_malloc (inlined)
               tcache_get (inlined)
               tcache_get_n (inlined)

     0.03%     0.03%  candidate  candidate             [.] litchi_opc::rel::Relationship::target_partname
     0.03%     0.00%  candidate  candidate             [.] process_ooxml (inlined)
            |
            ---process_ooxml (inlined)
               drop_in_place<litchi_ooxml_common::mce::model::Capabilities> (inlined)
               drop_in_place<std::collections::hash::set::HashSet<alloc::string::String, std::hash::random::RandomState, alloc::alloc::Global>> (inlined)
               drop_in_place<hashbrown::set::HashSet<alloc::string::String, std::hash::random::RandomState, alloc::alloc::Global>> (inlined)
               drop_in_place<hashbrown::map::HashMap<alloc::string::String, (), std::hash::random::RandomState, alloc::alloc::Global>> (inlined)
               drop_in_place<hashbrown::raw::RawTable<(alloc::string::String, ()), alloc::alloc::Global>> (inlined)
               drop<(alloc::string::String, ()), alloc::alloc::Global> (inlined)
               drop_inner_table<(alloc::string::String, ()), alloc::alloc::Global> (inlined)
               drop_elements<(alloc::string::String, ())> (inlined)
               next<(alloc::string::String, ())> (inlined)
               next_impl<(alloc::string::String, ()), false> (inlined)
               next (inlined)
               lowest_set_bit (inlined)

     0.03%     0.00%  candidate  candidate             [.] drop_in_place<litchi_ooxml_common::mce::model::Capabilities> (inlined)
            |
            ---drop_in_place<litchi_ooxml_common::mce::model::Capabilities> (inlined)
               drop_in_place<std::collections::hash::set::HashSet<alloc::string::String, std::hash::random::RandomState, alloc::alloc::Global>> (inlined)
               drop_in_place<hashbrown::set::HashSet<alloc::string::String, std::hash::random::RandomState, alloc::alloc::Global>> (inlined)
               drop_in_place<hashbrown::map::HashMap<alloc::string::String, (), std::hash::random::RandomState, alloc::alloc::Global>> (inlined)
               drop_in_place<hashbrown::raw::RawTable<(alloc::string::String, ()), alloc::alloc::Global>> (inlined)
               drop<(alloc::string::String, ()), alloc::alloc::Global> (inlined)
               drop_inner_table<(alloc::string::String, ()), alloc::alloc::Global> (inlined)
               drop_elements<(alloc::string::String, ())> (inlined)
               next<(alloc::string::String, ())> (inlined)
               next_impl<(alloc::string::String, ()), false> (inlined)
               next (inlined)
               lowest_set_bit (inlined)

     0.03%     0.00%  candidate  candidate             [.] drop_in_place<std::collections::hash::set::HashSet<alloc::string::String, std::hash::random::RandomState, alloc::alloc::Global>> (inlined)
            |
            ---drop_in_place<std::collections::hash::set::HashSet<alloc::string::String, std::hash::random::RandomState, alloc::alloc::Global>> (inlined)
               drop_in_place<hashbrown::set::HashSet<alloc::string::String, std::hash::random::RandomState, alloc::alloc::Global>> (inlined)
               drop_in_place<hashbrown::map::HashMap<alloc::string::String, (), std::hash::random::RandomState, alloc::alloc::Global>> (inlined)
               drop_in_place<hashbrown::raw::RawTable<(alloc::string::String, ()), alloc::alloc::Global>> (inlined)
               drop<(alloc::string::String, ()), alloc::alloc::Global> (inlined)
               drop_inner_table<(alloc::string::String, ()), alloc::alloc::Global> (inlined)
               drop_elements<(alloc::string::String, ())> (inlined)
               next<(alloc::string::String, ())> (inlined)
               next_impl<(alloc::string::String, ()), false> (inlined)
               next (inlined)
               lowest_set_bit (inlined)

     0.03%     0.00%  candidate  candidate             [.] drop_in_place<hashbrown::set::HashSet<alloc::string::String, std::hash::random::RandomState, alloc::alloc::Global>> (inlined)
            |
            ---drop_in_place<hashbrown::set::HashSet<alloc::string::String, std::hash::random::RandomState, alloc::alloc::Global>> (inlined)
               drop_in_place<hashbrown::map::HashMap<alloc::string::String, (), std::hash::random::RandomState, alloc::alloc::Global>> (inlined)
               drop_in_place<hashbrown::raw::RawTable<(alloc::string::String, ()), alloc::alloc::Global>> (inlined)
               drop<(alloc::string::String, ()), alloc::alloc::Global> (inlined)
               drop_inner_table<(alloc::string::String, ()), alloc::alloc::Global> (inlined)
               drop_elements<(alloc::string::String, ())> (inlined)
               next<(alloc::string::String, ())> (inlined)
               next_impl<(alloc::string::String, ()), false> (inlined)
               next (inlined)
               lowest_set_bit (inlined)

     0.03%     0.00%  candidate  candidate             [.] drop_in_place<hashbrown::map::HashMap<alloc::string::String, (), std::hash::random::RandomState, alloc::alloc::Global>> (inlined)
            |
            ---drop_in_place<hashbrown::map::HashMap<alloc::string::String, (), std::hash::random::RandomState, alloc::alloc::Global>> (inlined)
               drop_in_place<hashbrown::raw::RawTable<(alloc::string::String, ()), alloc::alloc::Global>> (inlined)
               drop<(alloc::string::String, ()), alloc::alloc::Global> (inlined)
               drop_inner_table<(alloc::string::String, ()), alloc::alloc::Global> (inlined)
               drop_elements<(alloc::string::String, ())> (inlined)
               next<(alloc::string::String, ())> (inlined)
               next_impl<(alloc::string::String, ()), false> (inlined)
               next (inlined)
               lowest_set_bit (inlined)

     0.03%     0.00%  candidate  candidate             [.] drop_in_place<hashbrown::raw::RawTable<(alloc::string::String, ()), alloc::alloc::Global>> (inlined)
            |
            ---drop_in_place<hashbrown::raw::RawTable<(alloc::string::String, ()), alloc::alloc::Global>> (inlined)
               drop<(alloc::string::String, ()), alloc::alloc::Global> (inlined)
               drop_inner_table<(alloc::string::String, ()), alloc::alloc::Global> (inlined)
               drop_elements<(alloc::string::String, ())> (inlined)
               next<(alloc::string::String, ())> (inlined)
               next_impl<(alloc::string::String, ()), false> (inlined)
               next (inlined)
               lowest_set_bit (inlined)

     0.03%     0.00%  candidate  candidate             [.] drop<(alloc::string::String, ()), alloc::alloc::Global> (inlined)
            |
            ---drop<(alloc::string::String, ()), alloc::alloc::Global> (inlined)
               drop_inner_table<(alloc::string::String, ()), alloc::alloc::Global> (inlined)
               drop_elements<(alloc::string::String, ())> (inlined)
               next<(alloc::string::String, ())> (inlined)
               next_impl<(alloc::string::String, ()), false> (inlined)
               next (inlined)
               lowest_set_bit (inlined)

     0.03%     0.00%  candidate  candidate             [.] drop_inner_table<(alloc::string::String, ()), alloc::alloc::Global> (inlined)
            |
            ---drop_inner_table<(alloc::string::String, ()), alloc::alloc::Global> (inlined)
               drop_elements<(alloc::string::String, ())> (inlined)
               next<(alloc::string::String, ())> (inlined)
               next_impl<(alloc::string::String, ()), false> (inlined)
               next (inlined)
               lowest_set_bit (inlined)

     0.03%     0.00%  candidate  candidate             [.] drop_elements<(alloc::string::String, ())> (inlined)
            |
            ---drop_elements<(alloc::string::String, ())> (inlined)
               next<(alloc::string::String, ())> (inlined)
               next_impl<(alloc::string::String, ()), false> (inlined)
               next (inlined)
               lowest_set_bit (inlined)

     0.03%     0.00%  candidate  candidate             [.] next<(alloc::string::String, ())> (inlined)
            |
            ---next<(alloc::string::String, ())> (inlined)
               next_impl<(alloc::string::String, ()), false> (inlined)
               next (inlined)
               lowest_set_bit (inlined)

     0.03%     0.00%  candidate  candidate             [.] next_impl<(alloc::string::String, ()), false> (inlined)
            |
            ---next_impl<(alloc::string::String, ()), false> (inlined)
               next (inlined)
               lowest_set_bit (inlined)

     0.03%     0.00%  candidate  candidate             [.] next (inlined)
            |
            ---next (inlined)
               lowest_set_bit (inlined)

     0.03%     0.00%  candidate  candidate             [.] lowest_set_bit (inlined)
            |
            ---lowest_set_bit (inlined)

     0.01%     0.00%  taskset    taskset               [.] 0x000064a975091314
            |
            ---0x64a975091314
               __libc_start_main_impl (inlined)
               __libc_start_call_main
               |          
               |--0.01%--0x64a9750907c7
               |          setlocale
               |          _nl_find_locale
               |          _nl_load_locale
               |          _nl_intern_locale_data
               |          
               |--0.00%--0x64a975091093
               |          __execvpe
               |          __execvpe_common (inlined)
               |          __execve (inlined)
               |          0xffffffff9e80012b
               |          0xffffffff9ff15b65
               |          0xffffffff9eb49863
               |          0xffffffff9f0f467e
               |          0xffffffff9f0f42e4
               |          0xffffffff9f0f3839
               |          0xffffffff9f0f358c
               |          0xffffffff9efea755
               |          0xffffffff9efea2c8
               |          0xffffffff9f00085e
               |          0xffffffff9f000500
               |          0xffffffff9effb63f
               |          
                --0.00%--0x64a97509104d
                          0x64a97509246c
                          __sched_setaffinity_new (inlined)
                          0xffffffff9e80012b
                          |          
                          |--0.00%--0xffffffff9ff15c8f
                          |          0xffffffff9ed60565
                          |          
                           --0.00%--0xffffffff9ff15b65
                                     0xffffffff9eb49611
                                     0xffffffff9ececdbd
                                     0xffffffff9ececbbe
                                     0xffffffff9ecec863
                                     0xffffffff9ecac894
                                     0xffffffff9ecac7bd
                                     0xffffffff9ecaa842
                                     0xffffffff9eb4c0f6
                                     0xffffffff9ff25c8c
                                     0xffffffff9ff256c3
                                     0xffffffff9eca1078
                                     0xffffffff9ef6592a
                                     0xffffffff9ef65875
                                     0xffffffff9ef5a0a0

     0.01%     0.00%  taskset    libc.so.6             [.] __libc_start_main_impl (inlined)
            |
            ---__libc_start_main_impl (inlined)
               __libc_start_call_main
               |          
               |--0.01%--0x64a9750907c7
               |          setlocale
               |          _nl_find_locale
               |          _nl_load_locale
               |          _nl_intern_locale_data
               |          
               |--0.00%--0x64a975091093
               |          __execvpe
               |          __execvpe_common (inlined)
               |          __execve (inlined)
               |          0xffffffff9e80012b
               |          0xffffffff9ff15b65
               |          0xffffffff9eb49863
               |          0xffffffff9f0f467e
               |          0xffffffff9f0f42e4
               |          0xffffffff9f0f3839
               |          0xffffffff9f0f358c
               |          0xffffffff9efea755
               |          0xffffffff9efea2c8
               |          0xffffffff9f00085e
               |          0xffffffff9f000500
               |          0xffffffff9effb63f
               |          
                --0.00%--0x64a97509104d
                          0x64a97509246c
                          __sched_setaffinity_new (inlined)
                          0xffffffff9e80012b
                          |          
                          |--0.00%--0xffffffff9ff15c8f
                          |          0xffffffff9ed60565
                          |          
                           --0.00%--0xffffffff9ff15b65
                                     0xffffffff9eb49611
                                     0xffffffff9ececdbd
                                     0xffffffff9ececbbe
                                     0xffffffff9ecec863
                                     0xffffffff9ecac894
                                     0xffffffff9ecac7bd
                                     0xffffffff9ecaa842
                                     0xffffffff9eb4c0f6
                                     0xffffffff9ff25c8c
                                     0xffffffff9ff256c3
                                     0xffffffff9eca1078
                                     0xffffffff9ef6592a
                                     0xffffffff9ef65875
                                     0xffffffff9ef5a0a0

     0.01%     0.00%  taskset    libc.so.6             [.] __libc_start_call_main
            |
            ---__libc_start_call_main
               |          
               |--0.01%--0x64a9750907c7
               |          setlocale
               |          _nl_find_locale
               |          _nl_load_locale
               |          _nl_intern_locale_data
               |          
               |--0.00%--0x64a975091093
               |          __execvpe
               |          __execvpe_common (inlined)
               |          __execve (inlined)
               |          0xffffffff9e80012b
               |          0xffffffff9ff15b65
               |          0xffffffff9eb49863
               |          0xffffffff9f0f467e
               |          0xffffffff9f0f42e4
               |          0xffffffff9f0f3839
               |          0xffffffff9f0f358c
               |          0xffffffff9efea755
               |          0xffffffff9efea2c8
               |          0xffffffff9f00085e
               |          0xffffffff9f000500
               |          0xffffffff9effb63f
               |          
                --0.00%--0x64a97509104d
                          0x64a97509246c
                          __sched_setaffinity_new (inlined)
                          0xffffffff9e80012b
                          |          
                          |--0.00%--0xffffffff9ff15c8f
                          |          0xffffffff9ed60565
                          |          
                           --0.00%--0xffffffff9ff15b65
                                     0xffffffff9eb49611
                                     0xffffffff9ececdbd
                                     0xffffffff9ececbbe
                                     0xffffffff9ecec863
                                     0xffffffff9ecac894
                                     0xffffffff9ecac7bd
                                     0xffffffff9ecaa842
                                     0xffffffff9eb4c0f6
                                     0xffffffff9ff25c8c
                                     0xffffffff9ff256c3
                                     0xffffffff9eca1078
                                     0xffffffff9ef6592a
                                     0xffffffff9ef65875
                                     0xffffffff9ef5a0a0

     0.01%     0.01%  taskset    libc.so.6             [.] _nl_intern_locale_data
            |
            ---0x64a975091314
               __libc_start_main_impl (inlined)
               __libc_start_call_main
               0x64a9750907c7
               setlocale
               _nl_find_locale
               _nl_load_locale
               _nl_intern_locale_data

     0.01%     0.00%  taskset    taskset               [.] 0x000064a9750907c7
            |
            ---0x64a9750907c7
               setlocale
               _nl_find_locale
               _nl_load_locale
               _nl_intern_locale_data

     0.01%     0.00%  taskset    libc.so.6             [.] setlocale
            |
            ---setlocale
               _nl_find_locale
               _nl_load_locale
               _nl_intern_locale_data

     0.01%     0.00%  taskset    libc.so.6             [.] _nl_find_locale
            |
            ---_nl_find_locale
               _nl_load_locale
               _nl_intern_locale_data

     0.01%     0.00%  taskset    libc.so.6             [.] _nl_load_locale
            |
            ---_nl_load_locale
               _nl_intern_locale_data

     0.01%     0.01%  candidate  [unknown]             [k] 0xffffffff9f5ac030
            |
            ---0xffffffff9e80012b
               0xffffffff9ff15b65
               0xffffffff9eb49863
               0xffffffff9f0f467e
               0xffffffff9f0f436b
               0xffffffff9f0f28aa
               0xffffffff9f0f27b0
               0xffffffff9f0f2446
               0xffffffff9f19d0ec
               0xffffffff9f5ac030

     0.01%     0.00%  candidate  [unknown]             [k] 0xffffffff9eb49863
            |
            ---0xffffffff9eb49863
               0xffffffff9f0f467e
               0xffffffff9f0f436b
               0xffffffff9f0f28aa
               0xffffffff9f0f27b0
               0xffffffff9f0f2446
               0xffffffff9f19d0ec
               0xffffffff9f5ac030

     0.01%     0.00%  candidate  [unknown]             [k] 0xffffffff9f0f467e
            |
            ---0xffffffff9f0f467e
               0xffffffff9f0f436b
               0xffffffff9f0f28aa
               0xffffffff9f0f27b0
               0xffffffff9f0f2446
               0xffffffff9f19d0ec
               0xffffffff9f5ac030

     0.01%     0.00%  candidate  [unknown]             [k] 0xffffffff9f0f436b
            |
            ---0xffffffff9f0f436b
               0xffffffff9f0f28aa
               0xffffffff9f0f27b0
               0xffffffff9f0f2446
               0xffffffff9f19d0ec
               0xffffffff9f5ac030

     0.01%     0.00%  candidate  [unknown]             [k] 0xffffffff9f0f28aa
            |
            ---0xffffffff9f0f28aa
               0xffffffff9f0f27b0
               0xffffffff9f0f2446
               0xffffffff9f19d0ec
               0xffffffff9f5ac030

     0.01%     0.00%  candidate  [unknown]             [k] 0xffffffff9f0f27b0
            |
            ---0xffffffff9f0f27b0
               0xffffffff9f0f2446
               0xffffffff9f19d0ec
               0xffffffff9f5ac030

     0.01%     0.00%  candidate  [unknown]             [k] 0xffffffff9f0f2446
            |
            ---0xffffffff9f0f2446
               0xffffffff9f19d0ec
               0xffffffff9f5ac030

     0.01%     0.00%  candidate  [unknown]             [k] 0xffffffff9f19d0ec
            |
            ---0xffffffff9f19d0ec
               0xffffffff9f5ac030

     0.00%     0.00%  taskset    [unknown]             [k] 0xffffffff9e80012b
            |
            ---0xffffffff9e80012b
               |          
               |--0.00%--0xffffffff9ff15b65
               |          |          
               |          |--0.00%--0xffffffff9eb49863
               |          |          0xffffffff9f0f467e
               |          |          |          
               |          |          |--0.00%--0xffffffff9f0f436b
               |          |          |          0xffffffff9f0f28aa
               |          |          |          0xffffffff9f0f27b0
               |          |          |          0xffffffff9f0f2446
               |          |          |          0xffffffff9f19cc2a
               |          |          |          0xffffffff9f19c1e6
               |          |          |          0xffffffff9e800bb7
               |          |          |          0xffffffff9ff1e2e3
               |          |          |          0xffffffff9ec1a2bb
               |          |          |          0xffffffff9f00085e
               |          |          |          0xffffffff9f0004d3
               |          |          |          0xffffffff9efffebd
               |          |          |          0xffffffff9effa8e7
               |          |          |          0xffffffff9eff86ce
               |          |          |          0xffffffff9f01a4da
               |          |          |          0xffffffff9ff201ed
               |          |          |          
               |          |           --0.00%--0xffffffff9f0f42e4
               |          |                     0xffffffff9f0f3839
               |          |                     0xffffffff9f0f358c
               |          |                     0xffffffff9efea755
               |          |                     0xffffffff9efea2c8
               |          |                     0xffffffff9f00085e
               |          |                     0xffffffff9f000500
               |          |                     0xffffffff9effb63f
               |          |          
               |           --0.00%--0xffffffff9eb49611
               |                     0xffffffff9ececdbd
               |                     0xffffffff9ececbbe
               |                     0xffffffff9ecec863
               |                     0xffffffff9ecac894
               |                     0xffffffff9ecac7bd
               |                     0xffffffff9ecaa842
               |                     0xffffffff9eb4c0f6
               |                     0xffffffff9ff25c8c
               |                     0xffffffff9ff256c3
               |                     0xffffffff9eca1078
               |                     0xffffffff9ef6592a
               |                     0xffffffff9ef65875
               |                     0xffffffff9ef5a0a0
               |          
                --0.00%--0xffffffff9ff15c8f
                          0xffffffff9ed60565

     0.00%     0.00%  taskset    [unknown]             [k] 0xffffffff9ff15b65
            |
            ---0xffffffff9ff15b65
               |          
               |--0.00%--0xffffffff9eb49863
               |          0xffffffff9f0f467e
               |          |          
               |          |--0.00%--0xffffffff9f0f436b
               |          |          0xffffffff9f0f28aa
               |          |          0xffffffff9f0f27b0
               |          |          0xffffffff9f0f2446
               |          |          0xffffffff9f19cc2a
               |          |          0xffffffff9f19c1e6
               |          |          0xffffffff9e800bb7
               |          |          0xffffffff9ff1e2e3
               |          |          0xffffffff9ec1a2bb
               |          |          0xffffffff9f00085e
               |          |          0xffffffff9f0004d3
               |          |          0xffffffff9efffebd
               |          |          0xffffffff9effa8e7
               |          |          0xffffffff9eff86ce
               |          |          0xffffffff9f01a4da
               |          |          0xffffffff9ff201ed
               |          |          
               |           --0.00%--0xffffffff9f0f42e4
               |                     0xffffffff9f0f3839
               |                     0xffffffff9f0f358c
               |                     0xffffffff9efea755
               |                     0xffffffff9efea2c8
               |                     0xffffffff9f00085e
               |                     0xffffffff9f000500
               |                     0xffffffff9effb63f
               |          
                --0.00%--0xffffffff9eb49611
                          0xffffffff9ececdbd
                          0xffffffff9ececbbe
                          0xffffffff9ecec863
                          0xffffffff9ecac894
                          0xffffffff9ecac7bd
                          0xffffffff9ecaa842
                          0xffffffff9eb4c0f6
                          0xffffffff9ff25c8c
                          0xffffffff9ff256c3
                          0xffffffff9eca1078
                          0xffffffff9ef6592a
                          0xffffffff9ef65875
                          0xffffffff9ef5a0a0

     0.00%     0.00%  taskset    [unknown]             [k] 0xffffffff9eb49863
            |
            ---0xffffffff9eb49863
               0xffffffff9f0f467e
               |          
               |--0.00%--0xffffffff9f0f436b
               |          0xffffffff9f0f28aa
               |          0xffffffff9f0f27b0
               |          0xffffffff9f0f2446
               |          0xffffffff9f19cc2a
               |          0xffffffff9f19c1e6
               |          0xffffffff9e800bb7
               |          0xffffffff9ff1e2e3
               |          0xffffffff9ec1a2bb
               |          0xffffffff9f00085e
               |          0xffffffff9f0004d3
               |          0xffffffff9efffebd
               |          0xffffffff9effa8e7
               |          0xffffffff9eff86ce
               |          0xffffffff9f01a4da
               |          0xffffffff9ff201ed
               |          
                --0.00%--0xffffffff9f0f42e4
                          0xffffffff9f0f3839
                          0xffffffff9f0f358c
                          0xffffffff9efea755
                          0xffffffff9efea2c8
                          0xffffffff9f00085e
                          0xffffffff9f000500
                          0xffffffff9effb63f

     0.00%     0.00%  taskset    [unknown]             [k] 0xffffffff9f0f467e
            |
            ---0xffffffff9f0f467e
               |          
               |--0.00%--0xffffffff9f0f436b
               |          0xffffffff9f0f28aa
               |          0xffffffff9f0f27b0
               |          0xffffffff9f0f2446
               |          0xffffffff9f19cc2a
               |          0xffffffff9f19c1e6
               |          0xffffffff9e800bb7
               |          0xffffffff9ff1e2e3
               |          0xffffffff9ec1a2bb
               |          0xffffffff9f00085e
               |          0xffffffff9f0004d3
               |          0xffffffff9efffebd
               |          0xffffffff9effa8e7
               |          0xffffffff9eff86ce
               |          0xffffffff9f01a4da
               |          0xffffffff9ff201ed
               |          
                --0.00%--0xffffffff9f0f42e4
                          0xffffffff9f0f3839
                          0xffffffff9f0f358c
                          0xffffffff9efea755
                          0xffffffff9efea2c8
                          0xffffffff9f00085e
                          0xffffffff9f000500
                          0xffffffff9effb63f

     0.00%     0.00%  taskset    [unknown]             [k] 0xffffffff9f00085e
            |
            ---0xffffffff9f00085e
               |          
               |--0.00%--0xffffffff9f0004d3
               |          0xffffffff9efffebd
               |          0xffffffff9effa8e7
               |          0xffffffff9eff86ce
               |          0xffffffff9f01a4da
               |          0xffffffff9ff201ed
               |          
                --0.00%--0xffffffff9f000500
                          0xffffffff9effb63f

     0.00%     0.00%  taskset    [unknown]             [k] 0xffffffff9ff201ed
            |
            ---0xffffffff9e80012b
               0xffffffff9ff15b65
               0xffffffff9eb49863
               0xffffffff9f0f467e
               0xffffffff9f0f436b
               0xffffffff9f0f28aa
               0xffffffff9f0f27b0
               0xffffffff9f0f2446
               0xffffffff9f19cc2a
               0xffffffff9f19c1e6
               0xffffffff9e800bb7
               0xffffffff9ff1e2e3
               0xffffffff9ec1a2bb
               0xffffffff9f00085e
               0xffffffff9f0004d3
               0xffffffff9efffebd
               0xffffffff9effa8e7
               0xffffffff9eff86ce
               0xffffffff9f01a4da
               0xffffffff9ff201ed

     0.00%     0.00%  taskset    [unknown]             [k] 0xffffffff9f0f436b
            |
            ---0xffffffff9f0f436b
               0xffffffff9f0f28aa
               0xffffffff9f0f27b0
               0xffffffff9f0f2446
               0xffffffff9f19cc2a
               0xffffffff9f19c1e6
               0xffffffff9e800bb7
               0xffffffff9ff1e2e3
               0xffffffff9ec1a2bb
               0xffffffff9f00085e
               0xffffffff9f0004d3
               0xffffffff9efffebd
               0xffffffff9effa8e7
               0xffffffff9eff86ce
               0xffffffff9f01a4da
               0xffffffff9ff201ed

     0.00%     0.00%  taskset    [unknown]             [k] 0xffffffff9f0f28aa
            |
            ---0xffffffff9f0f28aa
               0xffffffff9f0f27b0
               0xffffffff9f0f2446
               0xffffffff9f19cc2a
               0xffffffff9f19c1e6
               0xffffffff9e800bb7
               0xffffffff9ff1e2e3
               0xffffffff9ec1a2bb
               0xffffffff9f00085e
               0xffffffff9f0004d3
               0xffffffff9efffebd
               0xffffffff9effa8e7
               0xffffffff9eff86ce
               0xffffffff9f01a4da
               0xffffffff9ff201ed

     0.00%     0.00%  taskset    [unknown]             [k] 0xffffffff9f0f27b0
            |
            ---0xffffffff9f0f27b0
               0xffffffff9f0f2446
               0xffffffff9f19cc2a
               0xffffffff9f19c1e6
               0xffffffff9e800bb7
               0xffffffff9ff1e2e3
               0xffffffff9ec1a2bb
               0xffffffff9f00085e
               0xffffffff9f0004d3
               0xffffffff9efffebd
               0xffffffff9effa8e7
               0xffffffff9eff86ce
               0xffffffff9f01a4da
               0xffffffff9ff201ed

     0.00%     0.00%  taskset    [unknown]             [k] 0xffffffff9f0f2446
            |
            ---0xffffffff9f0f2446
               0xffffffff9f19cc2a
               0xffffffff9f19c1e6
               0xffffffff9e800bb7
               0xffffffff9ff1e2e3
               0xffffffff9ec1a2bb
               0xffffffff9f00085e
               0xffffffff9f0004d3
               0xffffffff9efffebd
               0xffffffff9effa8e7
               0xffffffff9eff86ce
               0xffffffff9f01a4da
               0xffffffff9ff201ed

     0.00%     0.00%  taskset    [unknown]             [k] 0xffffffff9f19cc2a
            |
            ---0xffffffff9f19cc2a
               0xffffffff9f19c1e6
               0xffffffff9e800bb7
               0xffffffff9ff1e2e3
               0xffffffff9ec1a2bb
               0xffffffff9f00085e
               0xffffffff9f0004d3
               0xffffffff9efffebd
               0xffffffff9effa8e7
               0xffffffff9eff86ce
               0xffffffff9f01a4da
               0xffffffff9ff201ed

     0.00%     0.00%  taskset    [unknown]             [k] 0xffffffff9f19c1e6
            |
            ---0xffffffff9f19c1e6
               0xffffffff9e800bb7
               0xffffffff9ff1e2e3
               0xffffffff9ec1a2bb
               0xffffffff9f00085e
               0xffffffff9f0004d3
               0xffffffff9efffebd
               0xffffffff9effa8e7
               0xffffffff9eff86ce
               0xffffffff9f01a4da
               0xffffffff9ff201ed

     0.00%     0.00%  taskset    [unknown]             [k] 0xffffffff9e800bb7
            |
            ---0xffffffff9e800bb7
               0xffffffff9ff1e2e3
               0xffffffff9ec1a2bb
               0xffffffff9f00085e
               0xffffffff9f0004d3
               0xffffffff9efffebd
               0xffffffff9effa8e7
               0xffffffff9eff86ce
               0xffffffff9f01a4da
               0xffffffff9ff201ed

     0.00%     0.00%  taskset    [unknown]             [k] 0xffffffff9ff1e2e3
            |
            ---0xffffffff9ff1e2e3
               0xffffffff9ec1a2bb
               0xffffffff9f00085e
               0xffffffff9f0004d3
               0xffffffff9efffebd
               0xffffffff9effa8e7
               0xffffffff9eff86ce
               0xffffffff9f01a4da
               0xffffffff9ff201ed

     0.00%     0.00%  taskset    [unknown]             [k] 0xffffffff9ec1a2bb
            |
            ---0xffffffff9ec1a2bb
               0xffffffff9f00085e
               0xffffffff9f0004d3
               0xffffffff9efffebd
               0xffffffff9effa8e7
               0xffffffff9eff86ce
               0xffffffff9f01a4da
               0xffffffff9ff201ed

     0.00%     0.00%  taskset    [unknown]             [k] 0xffffffff9f0004d3
            |
            ---0xffffffff9f0004d3
               0xffffffff9efffebd
               0xffffffff9effa8e7
               0xffffffff9eff86ce
               0xffffffff9f01a4da
               0xffffffff9ff201ed

     0.00%     0.00%  taskset    [unknown]             [k] 0xffffffff9efffebd
            |
            ---0xffffffff9efffebd
               0xffffffff9effa8e7
               0xffffffff9eff86ce
               0xffffffff9f01a4da
               0xffffffff9ff201ed

     0.00%     0.00%  taskset    [unknown]             [k] 0xffffffff9effa8e7
            |
            ---0xffffffff9effa8e7
               0xffffffff9eff86ce
               0xffffffff9f01a4da
               0xffffffff9ff201ed

     0.00%     0.00%  taskset    [unknown]             [k] 0xffffffff9eff86ce
            |
            ---0xffffffff9eff86ce
               0xffffffff9f01a4da
               0xffffffff9ff201ed

     0.00%     0.00%  taskset    [unknown]             [k] 0xffffffff9f01a4da
            |
            ---0xffffffff9f01a4da
               0xffffffff9ff201ed

     0.00%     0.00%  taskset    [unknown]             [k] 0xffffffff9effb63f
            |
            ---0x64a975091314
               __libc_start_main_impl (inlined)
               __libc_start_call_main
               0x64a975091093
               __execvpe
               __execvpe_common (inlined)
               __execve (inlined)
               0xffffffff9e80012b
               0xffffffff9ff15b65
               0xffffffff9eb49863
               0xffffffff9f0f467e
               0xffffffff9f0f42e4
               0xffffffff9f0f3839
               0xffffffff9f0f358c
               0xffffffff9efea755
               0xffffffff9efea2c8
               0xffffffff9f00085e
               0xffffffff9f000500
               0xffffffff9effb63f

     0.00%     0.00%  taskset    taskset               [.] 0x000064a975091093
            |
            ---0x64a975091093
               __execvpe
               __execvpe_common (inlined)
               __execve (inlined)
               0xffffffff9e80012b
               0xffffffff9ff15b65
               0xffffffff9eb49863
               0xffffffff9f0f467e
               0xffffffff9f0f42e4
               0xffffffff9f0f3839
               0xffffffff9f0f358c
               0xffffffff9efea755
               0xffffffff9efea2c8
               0xffffffff9f00085e
               0xffffffff9f000500
               0xffffffff9effb63f

     0.00%     0.00%  taskset    libc.so.6             [.] __execvpe
            |
            ---__execvpe
               __execvpe_common (inlined)
               __execve (inlined)
               0xffffffff9e80012b
               0xffffffff9ff15b65
               0xffffffff9eb49863
               0xffffffff9f0f467e
               0xffffffff9f0f42e4
               0xffffffff9f0f3839
               0xffffffff9f0f358c
               0xffffffff9efea755
               0xffffffff9efea2c8
               0xffffffff9f00085e
               0xffffffff9f000500
               0xffffffff9effb63f

     0.00%     0.00%  taskset    libc.so.6             [.] __execvpe_common (inlined)
            |
            ---__execvpe_common (inlined)
               __execve (inlined)
               0xffffffff9e80012b
               0xffffffff9ff15b65
               0xffffffff9eb49863
               0xffffffff9f0f467e
               0xffffffff9f0f42e4
               0xffffffff9f0f3839
               0xffffffff9f0f358c
               0xffffffff9efea755
               0xffffffff9efea2c8
               0xffffffff9f00085e
               0xffffffff9f000500
               0xffffffff9effb63f

     0.00%     0.00%  taskset    libc.so.6             [.] __execve (inlined)
            |
            ---__execve (inlined)
               0xffffffff9e80012b
               0xffffffff9ff15b65
               0xffffffff9eb49863
               0xffffffff9f0f467e
               0xffffffff9f0f42e4
               0xffffffff9f0f3839
               0xffffffff9f0f358c
               0xffffffff9efea755
               0xffffffff9efea2c8
               0xffffffff9f00085e
               0xffffffff9f000500
               0xffffffff9effb63f

     0.00%     0.00%  taskset    [unknown]             [.] 0xffffffff9f0f42e4
            |
            ---0xffffffff9f0f42e4
               0xffffffff9f0f3839
               0xffffffff9f0f358c
               0xffffffff9efea755
               0xffffffff9efea2c8
               0xffffffff9f00085e
               0xffffffff9f000500
               0xffffffff9effb63f

     0.00%     0.00%  taskset    [unknown]             [.] 0xffffffff9f0f3839
            |
            ---0xffffffff9f0f3839
               0xffffffff9f0f358c
               0xffffffff9efea755
               0xffffffff9efea2c8
               0xffffffff9f00085e
               0xffffffff9f000500
               0xffffffff9effb63f

     0.00%     0.00%  taskset    [unknown]             [.] 0xffffffff9f0f358c
            |
            ---0xffffffff9f0f358c
               0xffffffff9efea755
               0xffffffff9efea2c8
               0xffffffff9f00085e
               0xffffffff9f000500
               0xffffffff9effb63f

     0.00%     0.00%  taskset    [unknown]             [.] 0xffffffff9efea755
            |
            ---0xffffffff9efea755
               0xffffffff9efea2c8
               0xffffffff9f00085e
               0xffffffff9f000500
               0xffffffff9effb63f

     0.00%     0.00%  taskset    [unknown]             [.] 0xffffffff9efea2c8
            |
            ---0xffffffff9efea2c8
               0xffffffff9f00085e
               0xffffffff9f000500
               0xffffffff9effb63f

     0.00%     0.00%  taskset    [unknown]             [.] 0xffffffff9f000500
            |
            ---0xffffffff9f000500
               0xffffffff9effb63f

     0.00%     0.00%  perf-exec  [unknown]             [k] 0xffffffff9e80012b
            |
            ---0xffffffff9e80012b
               0xffffffff9ff15b65
               0xffffffff9eb49863
               0xffffffff9f0f467e
               0xffffffff9f0f436b
               0xffffffff9f0f28aa
               0xffffffff9f0f27b0
               0xffffffff9f0f2446
               0xffffffff9f19c8f5
               0xffffffff9f0f4b8d
               |          
               |--0.00%--0xffffffff9ef6d9de
               |          0xffffffff9ef568bc
               |          
                --0.00%--0xffffffff9ef6d8e5
                          0xffffffff9ef65372

     0.00%     0.00%  perf-exec  [unknown]             [k] 0xffffffff9ff15b65
            |
            ---0xffffffff9ff15b65
               0xffffffff9eb49863
               0xffffffff9f0f467e
               0xffffffff9f0f436b
               0xffffffff9f0f28aa
               0xffffffff9f0f27b0
               0xffffffff9f0f2446
               0xffffffff9f19c8f5
               0xffffffff9f0f4b8d
               |          
               |--0.00%--0xffffffff9ef6d9de
               |          0xffffffff9ef568bc
               |          
                --0.00%--0xffffffff9ef6d8e5
                          0xffffffff9ef65372

     0.00%     0.00%  perf-exec  [unknown]             [k] 0xffffffff9eb49863
            |
            ---0xffffffff9eb49863
               0xffffffff9f0f467e
               0xffffffff9f0f436b
               0xffffffff9f0f28aa
               0xffffffff9f0f27b0
               0xffffffff9f0f2446
               0xffffffff9f19c8f5
               0xffffffff9f0f4b8d
               |          
               |--0.00%--0xffffffff9ef6d9de
               |          0xffffffff9ef568bc
               |          
                --0.00%--0xffffffff9ef6d8e5
                          0xffffffff9ef65372

     0.00%     0.00%  perf-exec  [unknown]             [k] 0xffffffff9f0f467e
            |
            ---0xffffffff9f0f467e
               0xffffffff9f0f436b
               0xffffffff9f0f28aa
               0xffffffff9f0f27b0
               0xffffffff9f0f2446
               0xffffffff9f19c8f5
               0xffffffff9f0f4b8d
               |          
               |--0.00%--0xffffffff9ef6d9de
               |          0xffffffff9ef568bc
               |          
                --0.00%--0xffffffff9ef6d8e5
                          0xffffffff9ef65372

     0.00%     0.00%  perf-exec  [unknown]             [k] 0xffffffff9f0f436b
            |
            ---0xffffffff9f0f436b
               0xffffffff9f0f28aa
               0xffffffff9f0f27b0
               0xffffffff9f0f2446
               0xffffffff9f19c8f5
               0xffffffff9f0f4b8d
               |          
               |--0.00%--0xffffffff9ef6d9de
               |          0xffffffff9ef568bc
               |          
                --0.00%--0xffffffff9ef6d8e5
                          0xffffffff9ef65372

     0.00%     0.00%  perf-exec  [unknown]             [k] 0xffffffff9f0f28aa
            |
            ---0xffffffff9f0f28aa
               0xffffffff9f0f27b0
               0xffffffff9f0f2446
               0xffffffff9f19c8f5
               0xffffffff9f0f4b8d
               |          
               |--0.00%--0xffffffff9ef6d9de
               |          0xffffffff9ef568bc
               |          
                --0.00%--0xffffffff9ef6d8e5
                          0xffffffff9ef65372

     0.00%     0.00%  perf-exec  [unknown]             [k] 0xffffffff9f0f27b0
            |
            ---0xffffffff9f0f27b0
               0xffffffff9f0f2446
               0xffffffff9f19c8f5
               0xffffffff9f0f4b8d
               |          
               |--0.00%--0xffffffff9ef6d9de
               |          0xffffffff9ef568bc
               |          
                --0.00%--0xffffffff9ef6d8e5
                          0xffffffff9ef65372

     0.00%     0.00%  perf-exec  [unknown]             [k] 0xffffffff9f0f2446
            |
            ---0xffffffff9f0f2446
               0xffffffff9f19c8f5
               0xffffffff9f0f4b8d
               |          
               |--0.00%--0xffffffff9ef6d9de
               |          0xffffffff9ef568bc
               |          
                --0.00%--0xffffffff9ef6d8e5
                          0xffffffff9ef65372

     0.00%     0.00%  perf-exec  [unknown]             [k] 0xffffffff9f19c8f5
            |
            ---0xffffffff9f19c8f5
               0xffffffff9f0f4b8d
               |          
               |--0.00%--0xffffffff9ef6d9de
               |          0xffffffff9ef568bc
               |          
                --0.00%--0xffffffff9ef6d8e5
                          0xffffffff9ef65372

     0.00%     0.00%  perf-exec  [unknown]             [k] 0xffffffff9f0f4b8d
            |
            ---0xffffffff9f0f4b8d
               |          
               |--0.00%--0xffffffff9ef6d9de
               |          0xffffffff9ef568bc
               |          
                --0.00%--0xffffffff9ef6d8e5
                          0xffffffff9ef65372

     0.00%     0.00%  taskset    taskset               [.] 0x000064a97509104d
            |
            ---0x64a97509104d
               0x64a97509246c
               __sched_setaffinity_new (inlined)
               0xffffffff9e80012b
               |          
               |--0.00%--0xffffffff9ff15c8f
               |          0xffffffff9ed60565
               |          
                --0.00%--0xffffffff9ff15b65
                          0xffffffff9eb49611
                          0xffffffff9ececdbd
                          0xffffffff9ececbbe
                          0xffffffff9ecec863
                          0xffffffff9ecac894
                          0xffffffff9ecac7bd
                          0xffffffff9ecaa842
                          0xffffffff9eb4c0f6
                          0xffffffff9ff25c8c
                          0xffffffff9ff256c3
                          0xffffffff9eca1078
                          0xffffffff9ef6592a
                          0xffffffff9ef65875
                          0xffffffff9ef5a0a0

     0.00%     0.00%  taskset    taskset               [.] 0x000064a97509246c
            |
            ---0x64a97509246c
               __sched_setaffinity_new (inlined)
               0xffffffff9e80012b
               |          
               |--0.00%--0xffffffff9ff15c8f
               |          0xffffffff9ed60565
               |          
                --0.00%--0xffffffff9ff15b65
                          0xffffffff9eb49611
                          0xffffffff9ececdbd
                          0xffffffff9ececbbe
                          0xffffffff9ecec863
                          0xffffffff9ecac894
                          0xffffffff9ecac7bd
                          0xffffffff9ecaa842
                          0xffffffff9eb4c0f6
                          0xffffffff9ff25c8c
                          0xffffffff9ff256c3
                          0xffffffff9eca1078
                          0xffffffff9ef6592a
                          0xffffffff9ef65875
                          0xffffffff9ef5a0a0

     0.00%     0.00%  taskset    libc.so.6             [.] __sched_setaffinity_new (inlined)
            |
            ---__sched_setaffinity_new (inlined)
               0xffffffff9e80012b
               |          
               |--0.00%--0xffffffff9ff15c8f
               |          0xffffffff9ed60565
               |          
                --0.00%--0xffffffff9ff15b65
                          0xffffffff9eb49611
                          0xffffffff9ececdbd
                          0xffffffff9ececbbe
                          0xffffffff9ecec863
                          0xffffffff9ecac894
                          0xffffffff9ecac7bd
                          0xffffffff9ecaa842
                          0xffffffff9eb4c0f6
                          0xffffffff9ff25c8c
                          0xffffffff9ff256c3
                          0xffffffff9eca1078
                          0xffffffff9ef6592a
                          0xffffffff9ef65875
                          0xffffffff9ef5a0a0

     0.00%     0.00%  perf-exec  [unknown]             [k] 0xffffffff9ef568bc
            |
            ---0xffffffff9e80012b
               0xffffffff9ff15b65
               0xffffffff9eb49863
               0xffffffff9f0f467e
               0xffffffff9f0f436b
               0xffffffff9f0f28aa
               0xffffffff9f0f27b0
               0xffffffff9f0f2446
               0xffffffff9f19c8f5
               0xffffffff9f0f4b8d
               0xffffffff9ef6d9de
               0xffffffff9ef568bc

     0.00%     0.00%  perf-exec  [unknown]             [k] 0xffffffff9ef6d9de
            |
            ---0xffffffff9ef6d9de
               0xffffffff9ef568bc

     0.00%     0.00%  taskset    [unknown]             [k] 0xffffffff9ed60565
            |
            ---0x64a975091314
               __libc_start_main_impl (inlined)
               __libc_start_call_main
               0x64a97509104d
               0x64a97509246c
               __sched_setaffinity_new (inlined)
               0xffffffff9e80012b
               0xffffffff9ff15c8f
               0xffffffff9ed60565

     0.00%     0.00%  taskset    [unknown]             [.] 0xffffffff9ff15c8f
            |
            ---0xffffffff9ff15c8f
               0xffffffff9ed60565

     0.00%     0.00%  perf-exec  [unknown]             [k] 0xffffffff9ef65372
            |
            ---0xffffffff9e80012b
               0xffffffff9ff15b65
               0xffffffff9eb49863
               0xffffffff9f0f467e
               0xffffffff9f0f436b
               0xffffffff9f0f28aa
               0xffffffff9f0f27b0
               0xffffffff9f0f2446
               0xffffffff9f19c8f5
               0xffffffff9f0f4b8d
               0xffffffff9ef6d8e5
               0xffffffff9ef65372

     0.00%     0.00%  perf-exec  [unknown]             [k] 0xffffffff9ef6d8e5
            |
            ---0xffffffff9ef6d8e5
               0xffffffff9ef65372

     0.00%     0.00%  taskset    [unknown]             [k] 0xffffffff9ef5a0a0
            |
            ---0x64a975091314
               __libc_start_main_impl (inlined)
               __libc_start_call_main
               0x64a97509104d
               0x64a97509246c
               __sched_setaffinity_new (inlined)
               0xffffffff9e80012b
               0xffffffff9ff15b65
               0xffffffff9eb49611
               0xffffffff9ececdbd
               0xffffffff9ececbbe
               0xffffffff9ecec863
               0xffffffff9ecac894
               0xffffffff9ecac7bd
               0xffffffff9ecaa842
               0xffffffff9eb4c0f6
               0xffffffff9ff25c8c
               0xffffffff9ff256c3
               0xffffffff9eca1078
               0xffffffff9ef6592a
               0xffffffff9ef65875
               0xffffffff9ef5a0a0

     0.00%     0.00%  taskset    [unknown]             [.] 0xffffffff9eb49611
            |
            ---0xffffffff9eb49611
               0xffffffff9ececdbd
               0xffffffff9ececbbe
               0xffffffff9ecec863
               0xffffffff9ecac894
               0xffffffff9ecac7bd
               0xffffffff9ecaa842
               0xffffffff9eb4c0f6
               0xffffffff9ff25c8c
               0xffffffff9ff256c3
               0xffffffff9eca1078
               0xffffffff9ef6592a
               0xffffffff9ef65875
               0xffffffff9ef5a0a0

     0.00%     0.00%  taskset    [unknown]             [.] 0xffffffff9ececdbd
            |
            ---0xffffffff9ececdbd
               0xffffffff9ececbbe
               0xffffffff9ecec863
               0xffffffff9ecac894
               0xffffffff9ecac7bd
               0xffffffff9ecaa842
               0xffffffff9eb4c0f6
               0xffffffff9ff25c8c
               0xffffffff9ff256c3
               0xffffffff9eca1078
               0xffffffff9ef6592a
               0xffffffff9ef65875
               0xffffffff9ef5a0a0

     0.00%     0.00%  taskset    [unknown]             [.] 0xffffffff9ececbbe
            |
            ---0xffffffff9ececbbe
               0xffffffff9ecec863
               0xffffffff9ecac894
               0xffffffff9ecac7bd
               0xffffffff9ecaa842
               0xffffffff9eb4c0f6
               0xffffffff9ff25c8c
               0xffffffff9ff256c3
               0xffffffff9eca1078
               0xffffffff9ef6592a
               0xffffffff9ef65875
               0xffffffff9ef5a0a0

     0.00%     0.00%  taskset    [unknown]             [.] 0xffffffff9ecec863
            |
            ---0xffffffff9ecec863
               0xffffffff9ecac894
               0xffffffff9ecac7bd
               0xffffffff9ecaa842
               0xffffffff9eb4c0f6
               0xffffffff9ff25c8c
               0xffffffff9ff256c3
               0xffffffff9eca1078
               0xffffffff9ef6592a
               0xffffffff9ef65875
               0xffffffff9ef5a0a0

     0.00%     0.00%  taskset    [unknown]             [.] 0xffffffff9ecac894
            |
            ---0xffffffff9ecac894
               0xffffffff9ecac7bd
               0xffffffff9ecaa842
               0xffffffff9eb4c0f6
               0xffffffff9ff25c8c
               0xffffffff9ff256c3
               0xffffffff9eca1078
               0xffffffff9ef6592a
               0xffffffff9ef65875
               0xffffffff9ef5a0a0

     0.00%     0.00%  taskset    [unknown]             [.] 0xffffffff9ecac7bd
            |
            ---0xffffffff9ecac7bd
               0xffffffff9ecaa842
               0xffffffff9eb4c0f6
               0xffffffff9ff25c8c
               0xffffffff9ff256c3
               0xffffffff9eca1078
               0xffffffff9ef6592a
               0xffffffff9ef65875
               0xffffffff9ef5a0a0

     0.00%     0.00%  taskset    [unknown]             [.] 0xffffffff9ecaa842
            |
            ---0xffffffff9ecaa842
               0xffffffff9eb4c0f6
               0xffffffff9ff25c8c
               0xffffffff9ff256c3
               0xffffffff9eca1078
               0xffffffff9ef6592a
               0xffffffff9ef65875
               0xffffffff9ef5a0a0

     0.00%     0.00%  taskset    [unknown]             [.] 0xffffffff9eb4c0f6
            |
            ---0xffffffff9eb4c0f6
               0xffffffff9ff25c8c
               0xffffffff9ff256c3
               0xffffffff9eca1078
               0xffffffff9ef6592a
               0xffffffff9ef65875
               0xffffffff9ef5a0a0

     0.00%     0.00%  taskset    [unknown]             [.] 0xffffffff9ff25c8c
            |
            ---0xffffffff9ff25c8c
               0xffffffff9ff256c3
               0xffffffff9eca1078
               0xffffffff9ef6592a
               0xffffffff9ef65875
               0xffffffff9ef5a0a0

     0.00%     0.00%  taskset    [unknown]             [.] 0xffffffff9ff256c3
            |
            ---0xffffffff9ff256c3
               0xffffffff9eca1078
               0xffffffff9ef6592a
               0xffffffff9ef65875
               0xffffffff9ef5a0a0

     0.00%     0.00%  taskset    [unknown]             [.] 0xffffffff9eca1078
            |
            ---0xffffffff9eca1078
               0xffffffff9ef6592a
               0xffffffff9ef65875
               0xffffffff9ef5a0a0

     0.00%     0.00%  taskset    [unknown]             [.] 0xffffffff9ef6592a
            |
            ---0xffffffff9ef6592a
               0xffffffff9ef65875
               0xffffffff9ef5a0a0

     0.00%     0.00%  taskset    [unknown]             [.] 0xffffffff9ef65875
            |
            ---0xffffffff9ef65875
               0xffffffff9ef5a0a0



#
# (Cannot load tips.txt file, please install perf!)
#
