   Compiling typenum v1.20.1
   Compiling zeroize v1.9.0
   Compiling cfg-if v1.0.4
   Compiling serde_core v1.0.229
   Compiling hybrid-array v0.4.14
   Compiling block-buffer v0.12.1
   Compiling crypto-common v0.2.2
   Compiling libc v0.2.189
   Compiling cmov v0.5.4
   Compiling zerofrom v0.1.4
   Compiling ctutils v0.4.2
   Compiling stable_deref_trait v1.2.1
   Compiling cpufeatures v0.3.1
   Compiling const-oid v0.10.2
   Compiling yoke v0.7.4
   Compiling digest v0.11.3
   Compiling smallvec v1.16.0
   Compiling num-traits v0.2.19
   Compiling zerovec v0.10.4
   Compiling crossbeam-utils v0.8.22
   Compiling rand_core v0.10.1
   Compiling crossbeam-epoch v0.9.20
   Compiling zerocopy v0.8.56
   Compiling generic-array v0.14.9
   Compiling crossbeam-deque v0.8.7
   Compiling thiserror v2.0.18
   Compiling chacha20 v0.10.2
   Compiling getrandom v0.4.3
   Compiling serde v1.0.229
   Compiling zmij v1.0.19
   Compiling tinystr v0.7.6
   Compiling litemap v0.7.3
   Compiling iana-time-zone v0.1.65
   Compiling once_cell v1.21.4
   Compiling writeable v0.5.5
   Compiling itoa v1.0.18
   Compiling icu_locid v1.5.0
   Compiling serde_json v1.0.149
   Compiling chrono v0.4.45
   Compiling rand v0.10.2
   Compiling rayon-core v1.13.0
   Compiling sha2 v0.11.0
   Compiling fast-float2 v0.2.4
   Compiling base64 v0.22.1
   Compiling either v1.18.0
   Compiling rayon v1.12.0
   Compiling icu_provider v1.5.0
   Compiling litchi-core v0.0.1 (/home/zhuhe/code/litchi-worktrees/0776-mce-expanded-duplicates/crates/litchi-core)
   Compiling icu_locid_transform_data v1.5.1
   Compiling block-padding v0.4.2
   Compiling inout v0.2.2
   Compiling icu_locid_transform v1.5.0
   Compiling icu_properties_data v1.5.1
   Compiling icu_collections v1.5.0
   Compiling cipher v0.5.2
   Compiling icu_normalizer_data v1.5.1
   Compiling crypto-common v0.1.6
   Compiling icu_properties v1.5.1
   Compiling block-buffer v0.10.4
   Compiling bitflags v2.13.1
   Compiling encoding_rs v0.8.35
   Compiling utf16_iter v1.0.5
   Compiling utf8_iter v1.0.4
   Compiling write16 v1.0.0
   Compiling fixedbitset v0.5.7
   Compiling icu_normalizer v1.5.0
   Compiling litchi-cfb v0.0.1 (/home/zhuhe/code/litchi-worktrees/0776-mce-expanded-duplicates/crates/litchi-cfb)
   Compiling litchi-codepage v0.0.1 (/home/zhuhe/code/litchi-worktrees/0776-mce-expanded-duplicates/crates/litchi-codepage)
   Compiling digest v0.10.7
   Compiling linux-raw-sys v0.12.1
   Compiling zlib-rs v0.6.7
   Compiling tinyvec_macros v0.1.1
   Compiling cpufeatures v0.2.17
   Compiling sha2 v0.10.9
   Compiling tinyvec v1.12.0
   Compiling rustix v1.1.4
   Compiling flate2 v1.1.10
   Compiling crc32fast v1.5.1
   Compiling getrandom v0.3.4
   Compiling idna_adapter v1.2.0
   Compiling percent-encoding v2.3.2
   Compiling debug_unsafe v0.1.4
   Compiling cpubits v0.1.1
   Compiling fastrand v2.5.0
   Compiling aes v0.9.3
   Compiling tempfile v3.27.0
   Compiling atoi_simd v0.18.1
   Compiling form_urlencoded v1.2.2
   Compiling idna v1.1.0
   Compiling xml-minifier v0.1.0 (/home/zhuhe/code/litchi-worktrees/0776-mce-expanded-duplicates/crates/xml-minifier)
   Compiling soapberry-zip v0.0.1 (/home/zhuhe/code/litchi-worktrees/0776-mce-expanded-duplicates/crates/soapberry-zip)
   Compiling unicode-normalization v0.1.25
   Compiling litchi-ole-common v0.0.1 (/home/zhuhe/code/litchi-worktrees/0776-mce-expanded-duplicates/crates/litchi-ole-common)
   Compiling rc4 v0.2.0
   Compiling cbc v0.2.1
   Compiling sha1 v0.11.0
   Compiling hmac v0.13.0
   Compiling md-5 v0.11.0
   Compiling subtle v2.6.1
   Compiling litchi-opc v0.0.1 (/home/zhuhe/code/litchi-worktrees/0776-mce-expanded-duplicates/crates/litchi-opc)
   Compiling litchi-crypto v0.0.1 (/home/zhuhe/code/litchi-worktrees/0776-mce-expanded-duplicates/crates/litchi-crypto)
   Compiling caseless v0.2.2
   Compiling url v2.5.8
   Compiling litchi-vba v0.0.1 (/home/zhuhe/code/litchi-worktrees/0776-mce-expanded-duplicates/crates/litchi-vba)
   Compiling ryu v1.0.22
   Compiling litchi-ooxml-common v0.0.1 (/home/zhuhe/code/litchi-worktrees/0776-mce-expanded-duplicates/crates/litchi-ooxml-common)
   Compiling litchi-sheet v0.0.1 (/home/zhuhe/code/litchi-worktrees/0776-mce-expanded-duplicates/crates/litchi-sheet)
   Compiling litchi-xldm v0.0.1 (/home/zhuhe/code/litchi-worktrees/0776-mce-expanded-duplicates/crates/litchi-xldm)
   Compiling litchi-drawingml v0.0.1 (/home/zhuhe/code/litchi-worktrees/0776-mce-expanded-duplicates/crates/litchi-drawingml)
   Compiling litchi-spreadsheet-drawing v0.0.1 (/home/zhuhe/code/litchi-worktrees/0776-mce-expanded-duplicates/crates/litchi-spreadsheet-drawing)
   Compiling litchi-xlsx v0.0.1 (/home/zhuhe/code/litchi-worktrees/0776-mce-expanded-duplicates/crates/litchi-xlsx)
    Finished `test` profile [unoptimized] target(s) in 1m 04s
     Running unittests src/lib.rs (/home/zhuhe/code/litchi-target-0776-quality/debug/deps/litchi_ooxml_common-93d77af42f802bf7)

running 383 tests
test binding_tracker::tests::cache_eviction_and_invalidation_follow_the_innermost_declaration ... ok
test binding_tracker::tests::crowded_scopes_resolve_as_quick_xml_does ... ok
test binding_tracker::tests::declaration_limit_accepts_exactly_256_and_rejects_257 ... ok
test binding_tracker::tests::cached_resolution_matches_quick_xml_on_random_documents ... ok
test binding_tracker::tests::lookups_stay_bounded_whatever_kind_of_declaration_fills_the_scope ... ok
test binding_tracker::tests::indexed_resolution_matches_quick_xml_on_dense_documents ... ok
test binding_tracker::tests::the_prefix_index_is_built_by_a_lookup_past_its_bound_and_kept_in_step ... ok
test binding_tracker::tests::the_xmlns_prefilter_finds_every_declaration ... ok
test custom::tests::absent_package_properties_are_empty_but_orphans_are_errors ... ok
test custom::tests::all_supported_values_round_trip_deterministically_in_pid_order ... ok
test custom::tests::byte_depth_node_name_and_text_limits_are_enforced ... ok
test custom::tests::case_insensitive_duplicate_names_are_rejected_on_insert_and_read ... ok
test custom::tests::concise_crud_moves_values_and_orders_names ... ok
test custom::tests::dtd_unknown_entities_and_malformed_xml_are_rejected ... ok
test custom::tests::exhausted_pid_space_allows_replacement_but_not_allocation ... ok
test custom::tests::filetime_is_rfc3339_not_a_numeric_windows_counter ... ok
test custom::tests::forbidden_and_malformed_format_ids_are_rejected ... ok
test custom::tests::illegal_xml_characters_are_rejected_before_writing ... ok
test custom::tests::malformed_and_duplicate_pids_are_rejected ... ok
test custom::tests::malformed_package_graphs_are_never_treated_as_absent ... ok
test custom::tests::names_use_canonical_unicode_caseless_identity ... ok
test custom::tests::non_finite_floats_are_rejected_on_insert_and_read ... ok
test custom::tests::package_write_read_and_clear_remove_the_complete_graph ... ok
test custom::tests::powerpoint_locations_require_escaped_names_and_host_boundaries ... ok
test custom::tests::property_count_is_bounded ... ok
test custom::tests::reserved_sensitivity_properties_follow_the_explicit_specification ... ok
test custom::tests::root_namespace_and_property_cardinality_are_strict ... ok
test custom::tests::word_marking_properties_require_their_documented_text_grammar ... ok
test custom_data::codec::tests::accepts_document_bom_and_declaration_but_rejects_fragment_prologs ... ok
test custom_data::codec::tests::allows_empty_id_and_xstring_round_trip ... ok
test custom_data::codec::tests::arbitrary_prefix_and_entity_namespace_are_admitted ... ok
test custom_data::codec::tests::attribute_count_limits_refuse_the_same_tags ... ok
test custom_data::codec::tests::extension_uri_entity_lexeme_is_retained ... ok
test custom_data::codec::tests::inherited_extension_prefixes_are_admitted_for_source_projection ... ok
test custom_data::codec::tests::preserves_source_extension_markup ... ok
test custom_data::codec::tests::rejects_cdata_outside_the_document_root ... ok
test custom_data::codec::tests::rejects_embedded_prolog_and_direct_non_whitespace ... ok
test custom_data::codec::tests::rejects_raw_cdata_delimiter_in_opaque_text ... ok
test custom_data::codec::tests::rejects_strict_sml_extension_in_x14_extension_list ... ok
test custom_data::codec::tests::repeated_attribute_names_are_refused_where_quick_xml_reports_them ... ok
test binding_tracker::tests::short_lived_declarations_cost_no_index_upkeep ... ok
test custom_xml::tests::attribute_whitespace_round_trips_without_normalization_loss ... ok
test custom_xml::tests::enforces_guid_depth_size_and_content_type_caps ... ok
test custom_xml::tests::exact_noop_does_not_unsign_or_rewrite ... ok
test custom_xml::tests::failed_add_is_transactional ... ok
test custom_xml::tests::loads_poi_and_libreoffice_reference_fixtures ... ok
test custom_xml::tests::mce_selects_fallback_schema_reference ... ok
test custom_xml::tests::package_writer_round_trips_without_interpreting_payload ... ok
test custom_xml::tests::properties_edits_retain_future_markup ... ok
test custom_xml::tests::rejects_invalid_declarations_attributes_and_xml_characters ... ok
test custom_xml::tests::rejects_malformed_properties_payloads_and_package_graphs ... ok
test custom_xml::tests::strict_writer_is_deterministic_and_round_trips ... ok
test custom_xml::tests::transaction_crud_is_source_checked_and_failure_atomic ... ok
test custom_xml::tests::transaction_preserves_opaque_payload_and_relationship_topology ... ok
test embedded::tests::accepts_chart_packages_but_not_chart_objects ... ok
test embedded::tests::accepts_strict_relationships_and_returns_external_targets_inertly ... ok
test embedded::tests::accepts_word_template_and_macro_main_sources ... ok
test embedded::tests::applies_kind_specific_xlsb_source_policy ... ok
test embedded::tests::custom_limits_are_checked_and_payload_budget_is_aggregate ... ok
test embedded::tests::duplicate_internal_targets_are_validated_and_charged_once ... ok
test embedded::tests::ignores_orphans_preserves_duplicate_occurrences_and_sorts_deterministically ... ok
test embedded::tests::inventories_all_seven_real_world_fixtures_without_opening_payloads ... ok
test embedded::tests::preserves_malformed_and_recursive_payload_bytes_opaquely ... ok
test embedded::tests::preserves_server_specific_object_content_types_without_sniffing ... ok
test embedded::tests::rejects_forbidden_payload_relationships_and_default_relationship_limit ... ok
test embedded::tests::rejects_missing_targets_invalid_sources_and_package_root_relationships ... ok
test embedded::tests::rejects_query_and_fragment_components_on_internal_targets ... ok
test embedded::tests::source_duplicate_canonical_targets_are_ordered_and_charged_once ... ok
test embedded::tests::source_limits_stale_sources_and_cancellation_fail_closed ... ok
test embedded::tests::source_scan_matches_eager_metadata_on_real_fixtures ... ok
test embedded::tests::source_scan_reads_no_payload_until_selected_data_or_stream ... ok
test external_link::tests::accepts_long_path_families ... ok
test external_link::tests::accepts_microsoft_resolution_origin_families ... ok
test external_link::tests::accepts_the_standard_transitional_and_strict_types ... ok
test external_link::tests::rejects_unrelated_relationship_types ... ok
test external_link::tests::the_list_has_no_duplicates ... ok
test mce::alternative::tests::accepts_nested_markup_and_arbitrary_prefixes ... ok
test mce::alternative::tests::enforces_byte_depth_node_and_branch_budgets ... ok
test mce::alternative::tests::rejects_invalid_branch_grammar_and_unsafe_markup ... ok
test mce::alternative::tests::retains_one_exact_source_and_exposes_typed_branches ... ok
test mce::alternative::tests::selects_first_supported_choice_then_fallback_without_discarding_inactive_data ... ok
test mce::bounds_tests::a_declaration_flood_at_the_limit_costs_a_lookup_per_declaration ... ok
test mce::bounds_tests::a_duplicate_flood_is_refused_at_the_limit_before_its_duplicates ... ok
test mce::bounds_tests::a_long_namespace_uri_is_read_once_per_declaration_not_per_name ... ok
test mce::bounds_tests::an_empty_elements_declarations_leave_the_scope_when_the_raw_flow_recovers ... ok
test mce::bounds_tests::directive_targets_at_scale_match_exact_names_and_wildcards ... ok
test mce::bounds_tests::hoisting_many_shadowed_declarations_onto_many_children_is_output_bound ... ok
test custom_data::codec::tests::tags_of_many_repeated_names_are_refused_as_before ... ok
test mce::bounds_tests::no_configuration_admits_more_than_the_ceiling ... ok
test mce::bounds_tests::the_codec_admits_a_tag_at_the_limit_and_refuses_one_more ... ok
test mce::bounds_tests::the_stream_applies_the_tighter_of_its_two_attribute_limits ... ok
test mce::codec::marker_exhaustion_test::all_marker_salts_preserve_the_exact_refusal ... ok
test mce::codec::search_equivalence_tests::larger_binary_and_mce_patterns_match_scalar_windows ... ok
test mce::codec::search_equivalence_tests::small_binary_words_match_scalar_windows_exhaustively ... ok
test mce::expanded_duplicates_tests::active_offsets_rejects_the_same_expanded_duplicate_input ... ok
test mce::expanded_duplicates_tests::expanded_duplicate_validation_covers_inline_and_sorted_attribute_paths ... ok
test mce::expanded_duplicates_tests::expanded_duplicate_validation_keeps_distinct_names_legal_at_each_size ... ok
test mce::expanded_duplicates_tests::expanded_duplicates_are_checked_in_opaque_descendants ... ok
test mce::expanded_duplicates_tests::expanded_duplicates_are_checked_in_skipped_and_unselected_branches ... ok
test mce::expanded_duplicates_tests::expanded_duplicates_cover_aliases_and_late_namespace_declarations ... ok
test mce::expanded_duplicates_tests::no_mce_inputs_remain_borrowed_and_byte_exact ... ok
test mce::patterns::tests::exact_and_namespace_targets_match_as_a_scan_of_both_would ... ok
test mce::scope::tests::duplicate_prefixes_are_found_in_any_position ... ok
test mce::scope::tests::equal_uris_share_one_identity_while_any_binding_holds_it ... ok
test mce::scope::tests::lookups_past_the_walked_window_use_the_index ... ok
test mce::scope::tests::nested_bindings_shadow_and_truncation_restores_them ... ok
test mce::scope::tests::packed_prefixes_are_equal_exactly_when_the_prefixes_are ... ok
test mce::scope::tests::truncating_an_element_without_declarations_removes_nothing ... ok
test mce::shared_names_tests::a_namespace_uri_reads_compares_and_hashes_as_its_text ... ok
test mce::shared_names_tests::a_stream_limited_below_the_fixed_namespaces_still_refuses_their_names ... ok
test mce::shared_names_tests::aliased_prefixes_name_one_attribute ... ok
test mce::shared_names_tests::directives_through_aliased_prefixes_decide_as_their_namespaces_do ... ok
test mce::bounds_tests::lookups_do_not_walk_shadowed_declarations ... ok
test mce::shared_names_tests::the_fixed_namespaces_are_shared_without_a_copy ... ok
test mce::shared_names_tests::long_uri_element_names_and_directive_tokens_cost_the_stream_per_declaration ... ok
test mce::tests::codec_tests::active_offset_allocation_error_retains_allocator_source ... ok
test mce::tests::codec_tests::active_offset_markers_skip_source_collisions ... ok
test mce::tests::codec_tests::active_offsets_fast_path_preserves_order_and_duplicates ... ok
test mce::tests::codec_tests::active_offsets_reject_invalid_offsets_and_resource_limits ... ok
test mce::tests::codec_tests::active_offsets_select_choice_and_fallback_in_caller_order ... ok
test mce::tests::codec_tests::alternate_content_allows_ignorable_foreign_children_without_reordering_branches ... ok
test mce::tests::codec_tests::alternate_content_enforces_element_specific_attribute_constraints ... ok
test mce::tests::codec_tests::choice_fallback ... ok
test mce::tests::codec_tests::deep_scopes_do_not_clone_effective_namespace_or_directive_sets ... ok
test mce::tests::codec_tests::directive_token_limit_accepts_exact_and_rejects_over ... ok
test mce::tests::codec_tests::dtd_external_identifiers_and_custom_entities_are_never_expanded ... ok
test mce::tests::codec_tests::fast_borrowed ... ok
test mce::tests::codec_tests::ignore_and_unwrap ... ok
test mce::tests::codec_tests::input_and_borrowed_output_limits_are_preflighted ... ok
test mce::tests::codec_tests::marker_at_the_last_position_routes_truncated_xml_to_the_parser ... ok
test mce::tests::codec_tests::marker_in_comment_and_text_routes_through_owned_parser_output ... ok
test mce::tests::codec_tests::marker_in_malformed_utf8_attribute_is_not_treated_as_a_fast_path_noop ... ok
test mce::tests::codec_tests::marker_search_advances_past_repeated_candidates_and_trailing_prefixes ... ok
test mce::tests::codec_tests::marker_search_keeps_short_near_matches_and_arbitrary_bytes_borrowed ... ok
test mce::tests::codec_tests::marker_search_matches_each_single_byte_substitution ... ok
test mce::tests::codec_tests::marker_search_matches_every_start_with_arbitrary_byte_surroundings ... ok
test mce::tests::codec_tests::marker_search_preflights_input_then_output_limits ... ok
test mce::tests::codec_tests::process_content_accepts_effective_ignorable_and_namespace_wildcards ... ok
test mce::tests::codec_tests::redundant_ignorable_keeps_inherited_process_content ... ok
test mce::tests::codec_tests::security_and_limits ... ok
test mce::tests::codec_tests::transformed_output_limit_is_exact_across_buffer_growth ... ok
test mce::tests::fixture_tests::libreoffice_pptx_emits_only_fallback_shape ... ok
test mce::tests::fixture_tests::poi_styles_select_unsupported_vendor_fallbacks ... ok
test mce::tests::namespace_emission_contract_tests::a_child_redeclaration_shadows_the_hoisted_binding ... ok
test mce::tests::namespace_emission_contract_tests::alternate_content_hoists_wrapper_and_branch_declarations ... ok
test mce::tests::namespace_emission_contract_tests::amortized_output_growth_keeps_the_bound_exact ... ok
test mce::tests::namespace_emission_contract_tests::an_inner_span_is_no_longer_self_contained_but_becomes_so_at_the_boundary ... ok
test mce::tests::namespace_emission_contract_tests::an_unchanged_start_tag_is_copied_from_the_source ... ok
test mce::tests::namespace_emission_contract_tests::an_unwrapped_element_hoists_its_default_namespace_onto_its_content ... ok
test mce::tests::namespace_emission_contract_tests::borrowed_attribute_values_still_round_trip_through_normalization ... ok
test mce::tests::namespace_emission_contract_tests::each_namespace_is_declared_once_and_every_name_still_resolves ... ok
test mce::tests::namespace_emission_contract_tests::element_qname_refusal_precedes_its_directive_refusal ... ok
test mce::tests::namespace_emission_contract_tests::hoisted_declarations_reach_every_emitted_child_of_a_dropped_wrapper ... ok
test mce::tests::namespace_emission_contract_tests::nested_dropped_wrappers_hoist_the_innermost_binding ... ok
test mce::tests::namespace_emission_contract_tests::process_content_still_refuses_a_wrapper_that_binds_a_prefix ... ok
test mce::tests::namespace_emission_contract_tests::skipped_branches_do_not_leak_declarations_into_the_output ... ok
test mce::tests::namespace_emission_contract_tests::the_borrowed_name_resolver_keeps_every_refusal_identity ... ok
test mce::tests::namespace_emission_contract_tests::the_output_bound_is_no_longer_consumed_by_redundant_redeclaration ... ok
test mce::tests::namespace_emission_contract_tests::the_xml_prefix_is_never_redeclared_in_the_output ... ok
test mce::tests::preservation_tests::empty_namespace_scopes_accept_the_exact_inherited_binding_bound ... ok
test mce::tests::preservation_tests::extension_profiles_match_expanded_default_and_prefixed_names ... ok
test mce::tests::preservation_tests::inherited_namespaces_survive_an_empty_scope_and_an_empty_default_reset ... ok
test mce::tests::preservation_tests::inherited_opaque_profile_keeps_unrecognized_descendants_and_mce_markup ... ok
test mce::tests::preservation_tests::inherited_scope_survives_selected_alt_and_unwrapped_branch_rebindings ... ok
test mce::tests::preservation_tests::nested_context_errors_keep_first_refusal_precedence ... ok
test mce::tests::preservation_tests::opaque_and_skipped_scopes_keep_the_nearest_emitted_namespace ... ok
test mce::tests::preservation_tests::preservation_tokens_respect_the_shared_directive_bound ... ok
test mce::tests::preservation_tests::preserves_elements_but_still_processes_their_content_and_attributes ... ok
test mce::tests::preservation_tests::preserves_exact_and_wildcard_attributes_by_expanded_name ... ok
test mce::tests::preservation_tests::rebinding_a_prefix_shadows_inherited_ignorable_and_preservation_rules ... ok
test mce::tests::preservation_tests::redundant_ignorable_redeclaration_retains_inherited_preservation ... ok
test mce::tests::preservation_tests::rejects_invalid_preservation_tokens_and_duplicates ... ok
test mce::tests::preservation_tests::same_element_namespace_bindings_resolve_before_qname_and_directive_refusals ... ok
test mce::tests::preservation_tests::understood_attributes_are_not_discarded_and_spoofed_directives_do_not_apply ... ok
test mce::tests::self_contained_fragment_tests::a_default_namespace_undeclared_by_an_ancestor_is_not_reinstated ... ok
test mce::tests::self_contained_fragment_tests::a_document_with_no_declaration_borrows_its_span ... ok
test mce::tests::self_contained_fragment_tests::a_range_outside_the_document_is_refused_by_name ... ok
test mce::tests::self_contained_fragment_tests::a_sibling_declaration_does_not_leak_into_the_span ... ok
test mce::tests::self_contained_fragment_tests::a_span_that_redeclares_a_prefix_keeps_its_own_binding ... ok
test mce::tests::self_contained_fragment_tests::an_empty_element_span_takes_its_declarations_before_the_slash ... ok
test mce::tests::self_contained_fragment_tests::an_escaped_namespace_value_round_trips ... ok
test mce::tests::self_contained_fragment_tests::an_intermediate_declaration_is_carried_too ... ok
test mce::tests::self_contained_fragment_tests::the_namespace_binding_bound_is_enforced ... ok
test mce::tests::self_contained_fragment_tests::the_root_declarations_reach_a_deep_span ... ok
test mce::tests::streaming_0360_tests::streaming_0360_callbacks_disable_independently_and_are_retained ... ok
test mce::tests::streaming_0360_tests::streaming_0360_event_and_count_limits_are_exact_and_typed ... ok
test mce::tests::streaming_0360_tests::streaming_0360_expands_rebound_and_unqualified_attributes ... ok
test mce::tests::streaming_0360_tests::streaming_0360_later_failures_keep_callback_errors_as_secondary ... ok
test mce::tests::streaming_0360_tests::streaming_0360_prefix_reader_handles_split_bom_and_replays_prefix ... ok
test mce::tests::streaming_0360_tests::streaming_0360_processes_preserves_and_keeps_opaque_content ... ok
test mce::tests::streaming_0360_tests::streaming_0360_projects_namespaced_events_and_counts_them ... ok
test mce::tests::streaming_0360_tests::streaming_0360_raw_sees_inactive_branches_active_sees_selection ... ok
test mce::tests::streaming_0360_tests::streaming_0360_rejects_bad_document_boundaries ... ok
test mce::tests::streaming_0360_tests::streaming_0360_rejects_custom_references_in_hidden_branches_and_prolog ... ok
test mce::tests::streaming_0360_tests::streaming_0360_rejects_direct_alternate_content_data ... ok
test mce::tests::streaming_0361_raw_attribute_tests::streaming_0361_alias_attributes_are_raw_before_expanded_duplicate_error ... ok
test mce::tests::streaming_0361_raw_attribute_tests::streaming_0361_duplicate_ordinary_attributes_are_raw_before_primary_error ... ok
test mce::tests::streaming_0361_raw_attribute_tests::streaming_0361_namespace_syntax_and_limits_fail_before_raw_delivery ... ok
test mce::tests::streaming_0361_raw_attribute_tests::streaming_0361_raw_callback_error_is_secondary_to_duplicate_error ... ok
test mce::tests::streaming_0361_raw_recovery_tests::streaming_0361_deep_expanded_names_have_exact_context_bound ... ok
test mce::tests::streaming_0361_raw_recovery_tests::streaming_0361_input_failure_after_recovery_retains_raw_error ... ok
test mce::tests::streaming_0361_raw_recovery_tests::streaming_0361_one_byte_recovery_resolves_nested_namespaces_and_pops_scopes ... ok
test mce::tests::streaming_0361_raw_recovery_tests::streaming_0361_opaque_extension_emits_lexical_mce_content ... ok
test mce::tests::streaming_0361_raw_recovery_tests::streaming_0361_opaque_extension_survives_recovery_state ... ok
test mce::tests::streaming_0361_raw_recovery_tests::streaming_0361_raw_recovers_after_semantic_failure_and_wins_secondary ... ok
test mce::tests::streaming_0361_raw_recovery_tests::streaming_0361_semantic_failure_without_later_errors_is_not_a_report ... ok
test mce::tests::streaming_0410_name_ownership_tests::streaming_0410_expanded_name_bound_remains_exact ... ok
test mce::tests::streaming_0410_name_ownership_tests::streaming_0410_owned_names_survive_raw_and_active_callbacks ... ok
test mce::tests::streaming_0658_active_stop_tests::a_continuing_observer_is_indistinguishable_from_the_plain_entry_point ... ok
test mce::tests::streaming_0658_active_stop_tests::a_primary_failure_on_a_later_event_is_unreachable_once_the_stream_has_stopped ... ok
test mce::tests::streaming_0658_active_stop_tests::a_stop_ends_the_stream_at_that_event_and_reports_success ... ok
test mce::tests::streaming_0658_active_stop_tests::a_stop_never_suppresses_a_failure_already_observed_on_that_event ... ok
test mce::tests::streaming_0658_active_stop_tests::a_stopped_stream_does_not_run_the_end_of_document_checks ... ok
test mce::tests::streaming_0658_active_stop_tests::an_observer_error_before_a_stop_still_surfaces ... ok
test package_encryption::tests::encrypted_provenance_requires_its_retained_mode ... ok
test package_encryption::tests::mark_encrypted_updates_plain_provenance ... ok
test package_encryption::tests::plain_provenance_allows_ordinary_output ... ok
test properties::keyword::tests::rejects_oversized_language_before_whitespace_collapse ... ok
test properties::keyword::tests::validates_language_without_rewriting_its_lexical_form ... ok
test properties::read::tests::keywords_preserve_mixed_content_and_language_annotations ... ok
test properties::read::tests::matches_poi_success_timezone_and_m4_conformance_fixtures ... ok
test properties::read::tests::parses_all_schema_fields_without_normalizing_lexical_values ... ok
test properties::read::tests::poi_no_core_is_empty_and_multiple_relationships_fail_during_package_load ... ok
test properties::read::tests::rejects_external_dangling_and_wrong_content_type_relationships ... ok
test properties::read::tests::rejects_invalid_keyword_children_and_language_placement ... ok
test properties::read::tests::rejects_property_text_beyond_the_declared_budget ... ok
test properties::read::tests::rejects_wrong_root_duplicates_invalid_values_dtd_and_entities ... ok
test properties::read::tests::revision_is_a_lossless_string_including_empty_values ... ok
test properties::read::tests::selects_only_relationship_target_and_allows_absence ... ok
test properties::read::tests::shared_writer_round_trips_through_strict_parser ... ok
test properties::read::tests::source_reader_matches_eager_for_present_absent_and_strict_properties ... ok
test properties::read::tests::source_reader_matches_eager_graph_failures ... ok
test properties::read::tests::w3cdtf_supports_partial_and_unzoned_forms_but_xsi_type_is_literal ... ok
test properties::tests::builder_and_struct_update_stay_concise ... ok
test properties::tests::slot_tracks_only_real_edit_intent ... ok
test properties::tests::xml_escapes_text_and_rejects_forbidden_characters ... ok
test properties::time::tests::accepts_every_w3cdtf_member_and_retains_lexical_form ... ok
test properties::time::tests::chrono_conversion_is_ergonomic_without_inventing_unzoned_utc ... ok
test properties::time::tests::datetime_requires_a_full_valid_date_and_time ... ok
test properties::time::tests::non_ascii_lexical_values_fail_without_panicking ... ok
test properties::time::tests::rejects_oversized_times_before_whitespace_collapse ... ok
test properties::write::tests::allocates_around_an_unrelated_canonical_part ... ok
test mce::shared_names_tests::the_reviewers_long_uri_inputs_cost_the_stream_per_declaration_not_per_name ... ok
test properties::write::tests::distinguishes_present_empty_from_absence ... ok
test properties::write::tests::equal_put_through_slot_preserves_exact_bytes_and_signature ... ok
test properties::write::tests::preserves_strict_dialect_and_byte_identical_write_is_a_noop ... ok
test properties::write::tests::bounded_output_rejects_oversized_append_before_mutation ... ok
test properties::write::tests::revision_writer_validates_even_empty_and_opaque_lexical_values ... ok
test properties::write::tests::shared_inbound_allows_read_and_update_but_blocks_clear_before_mutation ... ok
test properties::write::tests::unknown_payload_blocks_write_but_graph_safe_clear_sanitizes_it ... ok
test properties::write::tests::update_preserves_outbound_extensions_and_clear_leaves_extension_parts ... ok
test properties::write::tests::writes_reads_and_clears_nonstandard_target ... ok
test relationships::tests::accepts_transitional_and_strict_relationship_attributes ... ok
test relationships::tests::rejects_duplicate_relationship_attributes ... ok
test relationships::tests::relationship_ids_use_the_xml_ncname_domain ... ok
test ribbon::tests::aggregate_image_relationships_are_bounded ... ok
test ribbon::tests::failed_mutations_leave_graph_bytes_and_signatures_untouched ... ok
test ribbon::tests::fixed_slots_borrow_package_bytes_and_prefer_modern ... ok
test ribbon::tests::identical_put_is_a_signature_and_allocation_preserving_noop ... ok
test ribbon::tests::image_cycles_are_collected_unless_reachable_from_a_kept_part ... ok
test ribbon::tests::modern_vocabulary_updates_in_place ... ok
test ribbon::tests::name_collisions_do_not_copy_the_moved_payload ... ok
test ribbon::tests::relationship_location_cardinality_and_root_family_are_strict ... ok
test ribbon::tests::remove_collects_unreferenced_ribbon_and_image_parts ... ok
test ribbon::tests::remove_preserves_shared_ribbon_and_image_parts ... ok
test ribbon::tests::ribbon_outbound_relationships_are_internal_images_only ... ok
test ribbon::tests::shared_ribbon_is_forked_before_update ... ok
test ribbon::tests::xml_bytes_depth_nodes_entities_and_namespaces_are_bounded ... ok
test ribbon::tests::xml_declarations_characters_namespaces_and_inert_instructions_are_strict ... ok
test spreadsheet_xml_maps::tests::a_declaration_inside_a_repeated_attribute_value_no_longer_hides_a_binding ... ok
test spreadsheet_xml_maps::tests::borrowed_projection_serializes_and_patches_without_payload_clones ... ok
test spreadsheet_xml_maps::tests::caller_limits_cover_every_bounded_resource ... ok
test spreadsheet_xml_maps::tests::detects_conformance_and_canonicalizes_boolean_words ... ok
test spreadsheet_xml_maps::tests::enforces_office_map_and_binding_boundaries ... ok
test spreadsheet_xml_maps::tests::exposes_the_codec_limits ... ok
test spreadsheet_xml_maps::tests::opaque_payload_roots_keep_their_bytes_and_gain_only_undeclared_bindings ... ok
test spreadsheet_xml_maps::tests::opaque_payload_roots_of_many_repeated_names_keep_their_bytes ... ok
test spreadsheet_xml_maps::tests::parses_validates_and_serializes_both_conformance_families ... ok
test spreadsheet_xml_maps::tests::rejects_numeric_map_and_file_binding_booleans ... ok
test spreadsheet_xml_maps::tests::schema_language_is_ignored_but_preserved_by_source_patch ... ok
test properties::write::tests::rejects_keyword_item_and_encoded_xml_budgets_before_package_mutation ... ok
test spreadsheet_xml_maps::tests::source_patch_enforces_the_exact_output_boundary ... ok
test spreadsheet_xml_maps::tests::serializes_a_large_catalog_with_amortized_growth ... ok
test spreadsheet_xml_maps::tests::source_patch_preserves_comments_extensions_and_canonicalizes_edits ... ok
test spreadsheet_xml_maps::tests::source_patch_preserves_unmodeled_markup ... ok
test vba::tests::late_content_type_failure_rolls_back_vba_removal ... ok
test vba::tests::maps_every_supported_main_part_kind_both_directions ... ok
test vba::tests::project_part_reads_through_the_bounded_vba_owner ... ok
test vba::tests::rejects_dangling_inbound_references_to_canonical_word_targets_atomically ... ok
test web::codec::tests::namespace_codec_keeps_extension_fragments_self_contained ... ok
test web::codec::tests::relationship_codec_rejects_mixed_conformance_attributes ... ok
test web::codec::tests::semantic_codec_uses_canonical_floating_point_lexical_form ... ok
test web::package::durable::durable_intent_tests::intent_aggregates_distinct_snapshot_resources ... ok
test web::package::durable::durable_intent_tests::intent_charges_xml_derived_and_direct_strings_cumulatively ... ok
test web::package::durable::durable_intent_tests::intent_deduplicates_case_folded_shared_snapshot_resources ... ok
test web::package::durable::durable_intent_tests::intent_enforces_aggregate_xml_before_parsing_a_later_field ... ok
test web::package::durable::durable_intent_tests::intent_rejects_add_in_extension_in_pane_slot_before_retention ... ok
test web::package::durable::durable_tests::a_closure_expecting_a_part_reports_its_decode_failure_not_absence ... ok
test web::package::durable::durable_tests::a_closure_expecting_absence_refuses_a_present_part_that_fails_to_decode ... ok
test web::package::durable::durable_tests::closure_accepts_members_within_per_kind_quotas ... ok
test web::package::durable::durable_tests::closure_enforces_aggregate_decoded_string_quota ... ok
test web::package::durable::durable_tests::closure_enforces_aggregate_xml_payload_quota ... ok
test web::package::durable::durable_tests::closure_enforces_per_kind_and_relationship_quotas ... ok
test web::package::durable::durable_tests::closure_rejects_ascii_case_equivalent_part_records ... ok
test web::package::durable::durable_tests::closure_rejects_non_boolean_member_presence ... ok
test web::package::durable::durable_tests::closure_rejects_package_root_as_a_part_record ... ok
test web::package::durable::durable_tests::source_reconstruction_sees_a_present_part_whose_payload_fails_to_decode ... ok
test web::package::durable::scope::tests::incomplete_and_duplicate_scopes_are_refused ... ok
test web::package::durable::scope::tests::streamed_canonical_relationships_match_closure_fallback ... ok
test web::package::durable::scope::tests::streamed_scope_matches_retained_wcs2_reference_for_both_directions ... ok
test web::package::durable::scope::tests::streaming_hash_has_exact_byte_boundary ... ok
test web::package::transaction::transaction_tests::inverse_restores_content_types_relationships_and_xml_after_reopen ... ok
test web::package::transaction::transaction_tests::source_bound_noop_checks_source_and_inverse_before_returning_false ... ok
test web::tests::absent_feature_skips_the_bounded_full_graph_index ... ok
test web::tests::absent_snapshot_metadata_no_ops_do_not_create_a_snapshot ... ok
test web::tests::accepts_every_ct_blip_effect_kind_and_rejects_invalid_markup ... ok
test web::tests::accepts_mce_alternate_content_and_strict_relationship_attributes ... ok
test web::tests::aggregate_xml_and_retained_string_budgets_bound_put_and_load ... ok
test web::tests::authored_extension_lists_validate_namespace_placement_and_security ... ok
test web::tests::byte_identical_put_is_a_signature_preserving_no_op ... ok
test web::tests::case_equivalent_existing_parts_are_rejected_before_put_mutates ... ok
test web::tests::changed_shared_task_pane_part_is_rejected_without_mutation ... ok
test web::tests::checked_update_crud_covers_collections_metadata_and_all_ext_sites ... ok
test web::tests::conflicting_case_equivalent_snapshot_resources_are_rejected_atomically ... ok
test web::tests::custom_function_metadata_package_patch_is_exact_noop_inverse_and_stale_atomic ... ok
test web::tests::custom_function_metadata_rejects_wrong_namespaces_duplicates_and_missing_values ... ok
test web::tests::custom_function_metadata_respects_item_bounds ... ok
test web::tests::enforces_input_and_list_caps ... ok
test web::tests::explicit_limits_bound_both_put_and_load ... ok
test web::tests::file_references_require_an_atomic_nonempty_location ... ok
test web::tests::inherited_namespace_expansion_is_charged_before_fragment_retention ... ok
test web::tests::internal_linked_image_is_typed_and_round_trips ... ok
test web::tests::internal_web_relationship_targets_reject_queries_and_fragments ... ok
test web::tests::loads_local_omex_and_registry_fixtures_inertly ... ok
test web::tests::office_safe_parser_rejects_a_storeless_file_reference ... ok
test web::tests::package_and_authored_relationship_metadata_share_the_string_budget ... ok
test web::tests::package_crud_round_trips_embedded_and_linked_snapshots ... ok
test web::tests::package_crud_round_trips_every_inert_extension_list ... ok
test web::tests::package_graph_limits_bound_index_allocation_relationships_and_deletion ... ok
test web::tests::package_store_rejects_resource_mismatches_without_mutation ... ok
test web::tests::panes_edit_is_checked_canonical_and_transactional ... ok
test web::tests::panes_push_canonicalizes_equivalent_resources_within_one_pane ... ok
test web::tests::panes_push_rejects_conflicting_resources_within_one_pane_atomically ... ok
test web::tests::panes_push_rekeys_colliding_hidden_relationship_ids ... ok
test web::tests::parses_and_mutates_owexml_custom_function_metadata_inertly ... ok
test web::tests::part_name_allocation_probes_are_operation_wide ... ok
test web::tests::patch_rechecks_shared_graph_protection_before_mutation ... ok
test web::tests::patch_rejects_changed_root_and_part_before_mutation ... ok
test web::tests::patch_rejects_new_inbound_relationship_to_absent_destination ... ok
test web::tests::preserves_all_extension_list_sites_with_inherited_namespaces_and_mixed_content ... ok
test web::tests::put_patch_is_exact_reversible_and_arc_shared ... ok
test web::tests::rejects_dtd_bad_order_bad_store_and_nonfinite_width ... ok
test web::tests::rejects_external_wrong_content_type_and_dangling_package_graphs ... ok
test web::tests::rejects_invalid_snapshot_compression_and_effect_order ... ok
test web::tests::remove_patch_restores_exact_shared_parts ... ok
test web::tests::semantic_facade_authors_selects_and_removes_without_raw_ids ... ok
test web::tests::semantic_snapshot_authoring_rejects_bad_mime_and_uri_reference ... ok
test web::tests::shared_task_pane_ingress_protects_descendant_add_in ... ok
test web::tests::shared_task_pane_ingress_protects_descendant_image ... ok
test web::tests::snapshot_compression_and_effect_trees_round_trip ... ok
test web::tests::strict_writer_is_deterministic_and_round_trips ... ok
test xml::attributes::tests::a_duplicate_with_whitespace_in_its_value_is_skipped_whole ... ok
test xml::attributes::tests::a_tag_of_repeated_names_costs_n_log_n_comparisons ... ok
test xml::attributes::tests::an_attribute_glued_to_a_duplicate_is_not_lost ... ok
test xml::attributes::tests::count_up_to_stops_at_the_bound_and_ignores_duplicates ... ok
test xml::attributes::tests::duplicates_report_the_positions_the_checked_iterator_reports ... ok
test xml::attributes::tests::seen_names_switch_to_an_ordered_index_without_losing_names ... ok
test xml::attributes::tests::syntax_errors_pass_through ... ok
test xml::attributes::tests::well_formed_tags_yield_what_the_checked_iterator_yields ... ok
test xml::tests::duplicate_unqualified_attributes_are_rejected ... ok
test xml::tests::ncname_accepts_unicode_and_rejects_colons_or_invalid_starts ... ok
test xml::tests::omml_namespace_scan_silently_stops_at_malformed_attributes ... ok
test xml::tests::omml_tracker_matches_nsreader_on_event_and_namespace_adversaries ... ok
test xml::tests::omml_tracker_preserves_explicit_structural_bounds ... ok
test xml::tests::omml_tracker_preserves_malformed_token_and_unterminated_errors ... ok
test xml::tests::rejects_omml_structural_depth_over_bound ... ok
test xml::tests::rejects_unterminated_omml_without_emitting_partial_content ... ok
test xml::tests::scans_exact_transitional_and_strict_omml_ranges ... ok
test xml::tests::xsd_token_atom_collapses_only_schema_whitespace_without_allocating ... ok
test xml_name::tests::parses_and_writes_prefixed_and_unprefixed_qnames_without_duplicate_storage ... ok
test xml_name::tests::rejects_empty_parts_multiple_colons_and_invalid_starts ... ok
test xml_name::tests::validates_unicode_ncname_and_name_grammar ... ok
test spreadsheet_xml_maps::tests::source_patch_honors_relaxed_limits_above_default ... ok

test result: ok. 383 passed; 0 failed; 0 ignored; 0 measured; 0 filtered out; finished in 5.01s

     Running tests/core_properties.rs (/home/zhuhe/code/litchi-target-0776-quality/debug/deps/core_properties-896c1d6cd14eae74)

running 2 tests
test absent_core_properties_are_idempotent ... ok
test strict_core_properties_preserve_the_selected_graph ... ok

test result: ok. 2 passed; 0 failed; 0 ignored; 0 measured; 0 filtered out; finished in 0.00s

     Running tests/custom_data.rs (/home/zhuhe/code/litchi-target-0776-quality/debug/deps/custom_data-b25eaa356279a951)

running 24 tests
test duplicate_required_attributes_and_direct_extension_owners_are_rejected ... ok
test empty_id_and_st_xstring_escape_round_trip_including_supplementary_scalar ... ok
test extension_grammar_accepts_transitional_sml_ext_optional_uri_and_one_wildcard ... ok
test extension_grammar_rejects_strict_sml_direct_ext ... ok
test extension_output_preflight_covers_shrink_and_empty_root_expansion ... ok
test extension_and_source_rewrite_limits_use_exact_output_boundaries ... ok
test full_documents_allow_bom_and_declaration_but_embedded_fragments_do_not ... ok
test identical_raw_extensions_keep_their_own_inherited_namespace_context ... ok
test extension_removal_removes_the_whole_opening_range_and_keeps_siblings ... ok
test lowered_limits_accept_exact_boundaries_and_reject_one_under ... ok
test inherited_bindings_cover_opaque_descendants_and_replacement_fragments ... ok
test malformed_extension_fragments_are_rejected_before_source_splice ... ok
test namespace_aliases_and_entity_escaped_uri_resolve_by_expanded_name ... ok
test non_xml_nbsp_is_not_accepted_as_container_whitespace ... ok
test malformed_whole_documents_and_direct_container_grammar_fail_closed ... ok
test parser_event_limit_is_exact_and_one_under_for_minimal_properties ... ok
test raw_less_than_in_attribute_values_is_rejected_but_escaped_less_than_is_valid ... ok
test reserved_namespace_bindings_and_empty_prefixed_bindings_are_rejected ... ok
test public_surface_accepts_schema_minimum_and_retains_opaque_extension_bytes ... ok
test scalar_semantic_noop_preserves_lexical_source_bytes ... ok
test source_uid_shrink_has_an_independent_output_ceiling ... ok
test source_validation_rejects_unbound_prefix_without_real_context ... ok
test source_rewrites_change_only_the_requested_root_id_or_extension_span ... ok
test uid_utf16_units_are_exact_for_one_supplementary_scalar ... ok

test result: ok. 24 passed; 0 failed; 0 ignored; 0 measured; 0 filtered out; finished in 0.01s

     Running tests/markup_compatibility.rs (/home/zhuhe/code/litchi-target-0776-quality/debug/deps/markup_compatibility-73e99b47081c1b6c)

running 1 test
test alternate_content_selects_the_fallback_branch ... ok

test result: ok. 1 passed; 0 failed; 0 ignored; 0 measured; 0 filtered out; finished in 0.00s

     Running tests/mce_namespace_search.rs (/home/zhuhe/code/litchi-target-0776-quality/debug/deps/mce_namespace_search-4c798950645fb0d0)

running 9 tests
test absent_namespace_bytes_are_borrowed_without_xml_or_utf8_validation ... ok
test every_namespace_byte_mutation_and_near_match_remain_borrowed ... ok
test exact_namespace_at_raw_boundaries_retains_parser_errors ... ok
test exact_namespace_occurrences_cross_search_boundary_offsets ... ok
test exact_namespace_occurrences_in_xml_contexts_enter_the_parser ... ok
test input_limit_precedes_output_limit_and_both_paths_report_exact_resources ... ok
test repeated_namespace_occurrences_remain_owned_and_unmodified ... ok
test real_alternate_content_processing_still_selects_the_fallback ... ok
test string_and_part_arc_wrappers_preserve_ownership_contract ... ok

test result: ok. 9 passed; 0 failed; 0 ignored; 0 measured; 0 filtered out; finished in 0.00s

     Running tests/ribbon.rs (/home/zhuhe/code/litchi-target-0776-quality/debug/deps/ribbon-3527b7f56c170141)

running 4 tests
test rejects_a_root_that_does_not_match_its_relationship_family ... ok
test keeps_fixed_family_slots_with_modern_precedence ... ok
test updates_the_modern_family_in_place ... ok
test stores_borrows_and_roundtrips_local_ribbon_xml ... ok

test result: ok. 4 passed; 0 failed; 0 ignored; 0 measured; 0 filtered out; finished in 0.00s

     Running tests/web_extension_packages.rs (/home/zhuhe/code/litchi-target-0776-quality/debug/deps/web_extension_packages-0eb6abe39afcefc9)

running 3 tests
test package_graph_discovers_local_task_panes_without_activation ... ok
test package_authoring_and_removal_round_trip_inert_task_panes ... ok
test public_web_facade_updates_and_round_trips_crud ... ok

test result: ok. 3 passed; 0 failed; 0 ignored; 0 measured; 0 filtered out; finished in 0.02s

     Running unittests src/lib.rs (/home/zhuhe/code/litchi-target-0776-quality/debug/deps/litchi_xlsx-cc8b17131c50c32f)

running 1367 tests
test active_x::codec::relationships::tests::rejects_reused_relationship_ids ... ok
test active_x::codec::relationships::tests::emits_nested_relationships_in_stable_order ... ok
test active_x::codec::xml::tests::duplicate_attribute_names_are_refused_as_before ... ok
test active_x::package::tests::descriptor_persistence_variants_and_nested_objects ... ok
test active_x::package::tests::direct_xml_mutation_refuses_mce_selected_collection ... ok
test active_x::package::tests::generated_graph_store_reload_and_remove_preserves_unrelated_xml ... ok
test active_x::package::tests::generated_remove_retains_shared_preview_and_rejects_limits ... ok
test active_x::package::tests::generated_replace_rolls_back_on_conflicting_part_name ... ok
test active_x::package::tests::libreoffice_radio_buttons_resolve_five_inert_payloads ... ok
test active_x::package::tests::libreoffice_stream_init_is_opaque_and_anchored ... ok
test active_x::package::tests::malformed_and_resource_matrix ... ok
test active_x::package::tests::package_validation_and_exact_opaque_roundtrip ... ok
test active_x::package::tests::poi_property_bag_header_and_footer ... ok
test active_x::package::tests::strict_nested_mce_controls_roundtrip ... ok
test active_x::validation::tests::rejects_duplicate_control_identity ... ok
test active_x::validation::tests::rejects_invalid_relationship_name_before_package_mutation ... ok
test active_x::validation::tests::validates_complete_inert_graph_without_interpreting_payload ... ok
test active_x::vba::tests::conflicting_canonical_part_name_is_rejected_atomically ... ok
test active_x::vba::tests::discovers_macro_project_metadata_without_parsing_payloads ... ok
test active_x::vba::tests::rejects_invalid_project_before_mutating_workbook ... ok
test active_x::vba::tests::rejects_project_parts_with_outbound_relationships ... ok
test active_x::vba::tests::stores_preserves_replaces_and_removes_authored_project ... ok
test active_x::vba::tests::template_kind_survives_attach_and_remove ... ok
test active_x::vba::tests::workbooks_without_vba_projects_return_no_metadata ... ok
test auto_filter::tests::authored_filter_payloads_round_trip_through_shared_serializer ... ok
test auto_filter::tests::authored_sort_state_round_trips_and_strict_splice_preserves_neighbors ... ok
test auto_filter::tests::parses_all_variants_strict_and_mce ... ok
test auto_filter::tests::parses_bundled_fixtures ... ok
test auto_filter::tests::rejects_malformed_and_security_cases ... ok
test auto_filter::tests::source_publication_refuses_mce_selected_auto_filter ... ok
test auto_filter::tests::worksheet_replacement_preserves_dialect_and_unrelated_bytes ... ok
test auto_filter::tests::worksheet_replacement_refuses_mce_and_bounded_hostile_input ... ok
test calculation_properties::features::tests::preserves_order_duplicates_and_occurrences ... ok
test calculation_properties::features::tests::validates_names_and_nonempty_collection ... ok
test calculation_properties::limits::tests::defaults_match_existing_parser_bounds ... ok
test calculation_properties::limits::tests::rejects_zero_for_every_limit ... ok
test calculation_properties::model::tests::equality_is_effective_but_specification_is_exact ... ok
test calculation_properties::model::tests::exact_delta_comparison_is_bit_deterministic ... ok
test calculation_properties::model::tests::iteration_delta_accepts_the_xsd_double_value_space ... ok
test calculation_properties::package::tests::contextual_entry_points_share_the_source_bound_lifecycle ... ok
test calculation_properties::patch::tests::inverse_restores_the_exact_source ... ok
test calculation_properties::patch::tests::stale_owner_graph_is_rejected_atomically ... ok
test calculation_properties::snapshot::tests::enforces_raw_limit_before_retaining_source_arc ... ok
test calculation_properties::snapshot::tests::resolves_noncanonical_main_part_for_all_workbook_types_and_conformance_modes ... ok
test calculation_properties::snapshot::tests::source_binding_ignores_unrelated_workbook_relationships ... ok
test calculation_properties::tests::applies_schema_whitespace_unsigned_and_double_lexicals ... ok
test calculation_properties::tests::invalidation_preserves_qualified_future_calc_pr_attributes_exactly ... ok
test calculation_properties::tests::parses_all_attributes_and_effective_defaults ... ok
test calculation_properties::tests::parses_ordered_strict_features_and_applies_feature_limits ... ok
test calculation_properties::tests::reads_libreoffice_calculation_fixtures ... ok
test calculation_properties::tests::reads_poi_calculation_fixtures ... ok
test calculation_properties::tests::rejects_entity_references_inside_calc_pr ... ok
test calculation_properties::tests::rejects_invalid_values_structure_and_attributes ... ok
test calculation_properties::tests::rejects_mixed_dialect_owners_and_out_of_order_calc_pr ... ok
test calculation_properties::tests::rejects_oversized_workbook_xml ... ok
test calculation_properties::tests::rewrite_is_borrowed_on_noop_and_preserves_unowned_bytes ... ok
test calculation_properties::tests::rewrite_refuses_mce_projected_calc_pr ... ok
test calculation_properties::tests::serializes_large_feature_collections_with_valid_structure ... ok
test calculation_properties::tests::supports_strict_namespace_and_mce_fallback ... ok
test calculation_properties::tests::understands_xcalcf_choice_and_collapses_extension_uri_token ... ok
test calculation_properties::tests::unsigned_int_lexicals_are_digits_only_bounded_and_canonically_written ... ok
test calculation_properties::transaction::tests::changed_signed_package_is_rejected_without_mutation ... ok
test calculation_properties::transaction::tests::no_op_preserves_exact_source_even_when_signed ... ok
test calculation_properties::transaction::tests::set_and_remove_publish_exact_authored_state ... ok
test cell::tests::borrowed_number_validation_matches_owned_constructor_errors ... ok
test cell::tests::dates_are_checked_and_keep_their_lexical_form ... ok
test cell::tests::edit_content_keeps_text_inert_and_formulas_explicit ... ok
test cell::tests::numbers_preserve_lexemes_and_convert_explicitly ... ok
test cell::tests::omitted_range_collisions_are_detected ... ok
test cell::tests::producer_unknown_error_values_are_read_only ... ok
test cell::tests::range_cells_handle_sparse_rows_and_grid_edges ... ok
test cell::tests::range_cells_skip_columns_outside_each_selected_row ... ok
test cell::tests::short_integer_fast_path_matches_the_float_validation ... ok
test cell_values::admission_tests::a_copied_subtree_is_still_bounded_and_still_namespace_well_formed ... ok
test cell_values::admission_tests::a_foreign_extension_payload_is_copied_through ... ok
test cell_values::admission_tests::a_group_formula_refuses_an_edit_inside_its_range ... ok
test active_x::codec::xml::tests::many_distinct_attribute_names_are_read_in_order ... ok
test cell_values::admission_tests::a_merged_range_admits_its_anchor_and_refuses_a_covered_cell ... ok
test cell_values::admission_tests::a_pivot_cache_is_refused_by_name ... ok
test cell_values::admission_tests::a_protected_sheet_and_a_covering_data_validation_refuse_the_edit ... ok
test cell_values::admission_tests::a_relationship_reference_inside_sheet_data_is_refused ... ok
test cell_values::admission_tests::a_shared_string_cell_cannot_be_mutated_or_removed ... ok
test cell_values::admission_tests::a_shared_string_part_is_admitted_and_preserved ... ok
test cell_values::admission_tests::a_shared_string_table_is_lazy_when_no_cell_references_it ... ok
test cell_values::admission_tests::a_table_and_a_query_table_are_refused_by_name ... ok
test cell_values::admission_tests::an_exact_no_op_reproduces_the_producer_worksheet_byte_for_byte ... ok
test cell_values::admission_tests::an_unknown_element_inside_a_cell_record_is_refused ... ok
test cell_values::admission_tests::cell_metadata_is_admitted_by_the_vocabulary_and_refused_by_the_scalar_gate ... ok
test cell_values::admission_tests::compatibility_markers_on_the_worksheet_root_are_copied_through ... ok
test cell_values::admission_tests::external_relationships_stay_refused_at_every_level ... ok
test cell_values::admission_tests::inline_rich_text_is_admitted_and_reads_back_complete ... ok
test cell_values::admission_tests::misplaced_merge_markup_is_now_refused_by_the_raw_parser ... ok
test cell_values::admission_tests::multiple_shared_string_relationships_are_refused_before_parsing ... ok
test cell_values::admission_tests::out_of_sheet_data_children_are_copied_through ... ok
test cell_values::admission_tests::publishing_a_producer_shaped_package_changes_only_the_expected_members ... ok
test cell_values::admission_tests::shared_string_cells_require_a_valid_table_and_index ... ok
test cell_values::admission_tests::the_calculation_chain_is_dropped_with_its_relationship ... ok
test cell_values::admission_tests::two_package_owners_are_still_refused ... ok
test cell_values::admission_tests::unfamiliar_package_and_workbook_relationships_are_admitted ... ok
test cell_values::admission_tests::unfamiliar_workbook_children_are_copied_through ... ok
test cell_values::admission_tests::worksheet_relationships_are_admitted_and_their_references_preserved ... ok
test cell_values::facts_oracle_tests::change_0622_admitted_shapes_take_the_fact_route_and_match_the_scan ... ok
test cell_values::facts_oracle_tests::change_0622_declined_shapes_keep_the_scan_and_its_answers ... ok
test cell_values::admission_tests::a_large_shared_string_table_stays_within_the_retained_part_bound ... ok
test cell_values::facts_oracle_tests::change_0622_dense_grid_matches_the_scan_on_every_cell ... ok
test cell_values::facts_oracle_tests::change_0622_retained_records_stay_compact ... ok
test cell_values::publication_audit_tests::an_attribute_budget_exceeded_only_by_the_replaced_span_is_refused_only_by_the_original_audit ... ok
test cell_values::publication_audit_tests::an_attribute_with_no_separator_is_admitted_by_planning_and_refused_by_the_audit ... ok
test cell_values::publication_audit_tests::an_insertion_can_push_an_admitted_original_over_the_attribute_budget ... ok
test cell_values::publication_audit_tests::an_invalid_space_value_in_the_replaced_value_element_is_refused_only_by_the_original_audit ... ok
test cell_values::publication_audit_tests::whitespace_cdata_outside_the_root_is_admitted_by_planning_and_refused_by_the_audit ... ok
test cell_values::publication_audit_tests::whitespace_cdata_outside_the_workbook_root_is_admitted_by_planning_and_refused_by_the_audit ... ok
test cell_values::snapshot::row_reuse_tests::changed_output_bytes_are_observed_by_specialized_readback ... ok
test cell_values::snapshot::row_reuse_tests::clear_remove_and_existing_row_insert_match_the_complete_parser ... ok
test cell_values::snapshot::row_reuse_tests::malformed_or_mce_candidate_bytes_are_rejected_before_merge ... ok
test cell_values::snapshot::row_reuse_tests::merge_omitted_cells_handles_same_row_gaps_and_a_lower_next_row_column ... ok
test cell_values::snapshot::row_reuse_tests::new_row_and_shared_formula_inputs_use_complete_parse_semantics ... ok
test cell_values::snapshot::row_reuse_tests::no_op_source_edit_shares_the_original_semantic_store ... ok
test cell_values::snapshot::row_reuse_tests::omission_proof_from_another_source_cannot_reuse_its_store ... ok
test cell_values::snapshot::row_reuse_tests::provenance_writer_matches_ordinary_rewrite_bytes ... ok
test cell_values::snapshot::row_reuse_tests::replacement_after_implicit_cells_preserves_every_omitted_address ... ok
test cell_values::snapshot::row_reuse_tests::replacement_only_readback_matches_full_parse_for_all_scalar_facets ... ok
test cell_values::snapshot::row_reuse_tests::valid_formula_value_provenance_forces_omission_and_matches_complete_parse ... ok
test cell_values::snapshot::tests::aggregate_cap_accepts_exact_total_and_rejects_one_over ... ok
test cell_values::validation::borrow_tests::aliases_and_default_namespace_scopes_are_resolved_identically ... ok
test cell_values::validation::borrow_tests::copied_subtree_close_mismatches_match_without_fixing_the_error_owner ... ok
test cell_values::validation::borrow_tests::copied_subtrees_keep_modeled_looking_names_opaque_across_namespace_rebinding ... ok
test cell_values::validation::borrow_tests::document_type_declarations_are_refused_with_exact_errors ... ok
test cell_values::validation::borrow_tests::empty_namespace_rebinding_restores_scope_for_siblings_and_closing_tags ... ok
test cell_values::validation::borrow_tests::every_modeled_name_and_event_form_matches_the_owned_reference ... ok
test cell_values::validation::borrow_tests::every_truncation_of_namespace_rich_valid_fixture_is_differentially_checked ... ok
test cell_values::validation::borrow_tests::malformed_and_composed_span_errors_keep_first_error_precedence ... ok
test cell_values::validation::borrow_tests::malformed_and_duplicate_attributes_match_parser_errors ... ok
test cell_values::validation::borrow_tests::malformed_and_truncated_inputs_keep_parser_errors_identical ... ok
test cell_values::validation::borrow_tests::mismatched_and_unbalanced_closing_tags_have_exact_errors ... ok
test cell_values::validation::borrow_tests::modeled_names_in_the_wrong_composed_context_keep_exact_refusals ... ok
test cell_values::validation::borrow_tests::namespace_failures_have_the_frozen_exact_errors ... ok
test cell_values::validation::borrow_tests::text_cdata_and_general_references_are_checked_in_context ... ok
test cell_values::validation::borrow_tests::transitional_and_strict_worksheet_and_workbook_inputs_are_accepted ... ok
test cell_values::validation::borrow_tests::workbook_invalid_inputs_are_checked_against_the_same_owned_loop ... ok
test cell_values::validation::shared_traversal_tests::copied_modeled_names_and_namespace_rebinding_match_authoritative_fallback ... ok
test cell_values::validation::shared_traversal_tests::declaration_only_markers_reach_the_shared_traversal ... ok
test cell_values::validation::shared_traversal_tests::eligible_small_source_uses_successful_value_edit_control ... ok
test cell_values::validation::shared_traversal_tests::event_bound_admits_main_numeric_grids ... ok
test cell_values::validation::shared_traversal_tests::exact_text_cap_and_chunk_boundaries ... ok
test cell_values::validation::shared_traversal_tests::ignorable_directive_proof_is_narrow_and_transparent ... ok
test cell_values::validation::shared_traversal_tests::lexical_event_bound_false_positive_still_uses_authoritative_fallback ... ok
test cell_values::validation::shared_traversal_tests::lexical_event_bound_matches_direct_ns_reader_edge_oracle ... ok
test cell_values::validation::shared_traversal_tests::marker_admission_matches_the_authoritative_path_on_every_real_worksheet ... ok
test cell_values::validation::shared_traversal_tests::provisional_event_cap_falls_back_without_refusing_valid_or_late_failures ... ok
test cell_values::validation::shared_traversal_tests::rewrite_declaration_budget_is_per_start_tag ... ok
test cell_values::validation::shared_traversal_tests::rewrite_only_refusals_survive_marker_admission ... ok
test cell_values::validation::shared_traversal_tests::shared_fallback_preserves_reader_and_validator_first_error_order ... ok
test cell_values::validation::shared_traversal_tests::source_size_cap_falls_back_without_refusing_valid_or_late_failures ... ok
test cell_watches::tests::parses_watches_in_document_order ... ok
test cell_watches::tests::rejects_structure_attributes_and_references ... ok
test cell_watches::tests::rejects_unsafe_document_boundaries_and_depth ... ok
test cell_watches::tests::supports_strict_namespace ... ok
test cell_watches::tests::write_round_trips_through_the_reader ... ok
test chain::tests::adversarial_xml_returns_errors_without_unwinding ... ok
test chain::tests::loads_real_poi_and_synthetic_packages_and_validates_relationships ... ok
test chain::tests::malformed_duplicate_keys_are_retained_but_never_selected_silently ... ok
test chain::tests::package_calculation_chain_mutators_reject_invalid_existing_graphs ... ok
test chain::tests::parses_writes_typed_sheets_steps_strict_and_extensions ... ok
test chain::tests::positional_repairs_refresh_ambiguous_import_state ... ok
test chain::tests::preprocesses_mce_and_rejects_malformed_records ... ok
test chain::tests::refuses_to_canonicalize_mce_projected_chain_sources ... ok
test chain::tests::rejects_chain_sheet_ids_absent_from_workbook_catalog_exactly ... ok
test chain::tests::rejects_oversized_nested_calculation_content_before_decoding ... ok
test chain::tests::rejects_raw_oversized_attributes_before_entity_decoding ... ok
test chain::tests::removal_retains_a_calculation_chain_part_referenced_elsewhere ... ok
test chain::tests::retained_extension_list_resolves_standalone ... ok
test chain::tests::semantic_and_positional_crud_is_checked_and_failure_atomic ... ok
test chain::tests::semantic_mutations_reject_ambiguous_imports_without_changing_order ... ok
test chain::tests::signed_publication_allows_exact_noops_and_rejects_changes ... ok
test chain::tests::stores_rewrites_and_removes_inert_calculation_chain_parts ... ok
test chain::tests::workbook_mce_expansion_is_rejected_during_bounded_processing ... ok
test chain::tests::workbook_sheet_catalog_enforces_its_exact_projected_boundary ... ok
test chart_sheet::codec::tests::duplicate_attribute_names_are_refused_as_before ... ok
test chart_sheet::codec::tests::many_distinct_attribute_names_are_read_in_order ... ok
test chart_sheet::package::codec::tests::duplicate_attribute_names_are_refused_as_before ... ok
test chart_sheet::package::codec::tests::many_distinct_attribute_names_are_read_in_order ... ok
test chart_sheet::package::tests::chart_ex_strict_mce_selects_extended_choice_and_preserves_classic_fallback_behavior ... ok
test chart_sheet::package::tests::chart_ex_user_shapes_png_svg_transitional_and_strict_round_trip ... ok
test chart_sheet::package::tests::chart_ex_user_shapes_rejects_graph_mime_namespace_collision_and_caps ... ok
test chart_sheet::package::tests::chart_outbound_tests::chart_ex_complete_outbound_family_round_trips_strict_and_transitional ... ok
test chart_sheet::package::tests::chart_outbound_tests::chart_ex_outbound_rejects_active_external_mismatch_collision_roots_and_caps ... ok
test chart_sheet::package::tests::classic_chart_embedded_workbook_relationship_round_trips ... ok
test chart_sheet::package::tests::classic_chart_relationship_metadata_must_match_xml ... ok
test chart_sheet::package::tests::drawing_chart_reference_cap_is_checked_before_retention_grows ... ok
test chart_sheet::package::tests::ext_list_package_round_trip_preserves_inert_internal_and_external_relationships ... ok
test chart_sheet::package::tests::ext_list_strict_mce_duplicate_uri_and_deterministic_round_trip ... ok
test chart_sheet::package::tests::loads_both_poi_chartsheet_graphs ... ok
test chart_sheet::package::tests::mce_fallback_selects_chartsheet_views ... ok
test chart_sheet::package::tests::mce_fallback_selects_custom_chartsheet_views ... ok
test chart_sheet::package::tests::picture_mce_schema_and_inert_round_trip ... ok
test chart_sheet::package::tests::printer_settings_package_round_trip_preserves_opaque_bytes ... ok
test chart_sheet::package::tests::printer_settings_page_setup_strict_mce_and_schema_order ... ok
test chart_sheet::package::tests::real_libreoffice_chart_ex_fixture_round_trips_as_inert_resources ... ok
test chart_sheet::package::tests::rejects_chart_ex_drawing_shape_roots_cardinality_relationships_and_caps ... ok
test chart_sheet::package::tests::rejects_chart_ex_wrong_type_orphan_escape_outbound_and_companion_graphs ... ok
test chart_sheet::package::tests::rejects_existing_background_part_collision_before_mutation ... ok
test chart_sheet::package::tests::rejects_ext_list_schema_order_uri_payload_and_caps ... ok
test chart_sheet::package::tests::rejects_extension_relationship_missing_orphan_mismatch_duplicate_escape_caps_and_wrong_namespace ... ok
test chart_sheet::package::tests::rejects_external_wrong_type_escaped_and_unreferenced_picture_relationships ... ok
test chart_sheet::package::tests::rejects_external_wrong_type_escaped_orphan_and_outbound_vml_graphs ... ok
test chart_sheet::package::tests::rejects_malformed_caps_and_graphs ... ok
test chart_sheet::package::tests::rejects_picture_cardinality_order_metadata_and_caps ... ok
test chart_sheet::package::tests::rejects_printer_settings_external_wrong_type_escape_orphan_content_type_and_outbound_graphs ... ok
test chart_sheet::package::tests::rejects_printer_settings_pairing_paths_collisions_and_caps_before_mutation ... ok
test chart_sheet::package::tests::rejects_vml_pairing_content_type_collision_and_caps ... ok
test chart_sheet::package::tests::rejects_vml_schema_duplicates_order_and_missing_ids ... ok
test chart_sheet::package::tests::rejects_web_publish_count_and_string_caps ... ok
test chart_sheet::package::tests::rejects_web_publish_malformed_duplicates_cardinality_and_order ... ok
test chart_sheet::package::tests::store_is_atomic_when_new_candidate_parts_conflict_case_insensitively ... ok
test chart_sheet::package::tests::store_rejects_non_bijective_drawing_chart_resources ... ok
test chart_sheet::package::tests::strict_package_writer_round_trips_complete_leaf_graph ... ok
test chart_sheet::package::tests::strict_typed_xml_round_trip ... ok
test chart_sheet::package::tests::transitional_custom_view_reference_round_trip ... ok
test chart_sheet::package::tests::transitional_picture_package_round_trip_preserves_opaque_bytes ... ok
test chart_sheet::package::tests::validates_typed_package_graph_without_store_side_effects ... ok
test chart_sheet::package::tests::vml_mce_schema_order_and_inert_round_trip ... ok
test chart_sheet::package::tests::web_publish_mce_fallback_and_inert_references ... ok
test chart_sheet::package::tests::web_publish_package_load_store_preserves_metadata_only ... ok
test chart_sheet::package::tests::web_publish_schema_enum_and_deterministic_round_trip ... ok
test chart_sheet::tests::semantic_view_children_round_trip_through_the_flat_facade ... ok
test color::tests::opaque_rgb_uses_ff_alpha_and_canonical_display ... ok
test color::tests::parse_error_is_specific_and_std_error_compatible ... ok
test color::tests::parses_exact_argb_wire_order_case_insensitively ... ok
test color::tests::rejects_non_argb_lengths_and_non_hex_bytes ... ok
test column::tests::bounded_assignment_tree_matches_a_naive_grid_oracle ... ok
test column::tests::later_ranges_replace_the_complete_effective_column_record ... ok
test column::tests::widths_and_outlines_are_checked_before_they_enter_layout_state ... ok
test conditional_formatting::tests::fixed_domains_are_compact_exact_and_strict ... ok
test conditional_formatting::tests::office_2010_icon_sets_are_distinct_from_core_sets ... ok
test conditional_formatting::tests::parses_core_payloads_and_differential_reference ... ok
test conditional_formatting::tests::parses_poi_and_libreoffice_conditional_formatting_fixtures ... ok
test conditional_formatting::tests::rejects_malformed_and_dangerous_content ... ok
test conditional_formatting::tests::retained_differential_markup_resolves_standalone ... ok
test connections::codec::source_offsets_tests::active_offsets_decode_entity_escaped_mce_namespace_declarations ... ok
test connections::codec::source_offsets_tests::active_offsets_require_an_mce_namespace_declaration ... ok
test connections::codec::source_offsets_tests::processing_instruction_offset_mapping_is_streaming_and_exact ... ok
test connections::codec::tests::namespace_context_rejects_invalid_reserved_bindings ... ok
test connections::codec::tests::opaque_namespace_rewrite_does_not_touch_text_or_attribute_values ... ok
test connections::codec::tests::parse_dom_shares_inherited_namespace_contexts_and_uri_storage ... ok
test connections::codec::tests::processing_instruction_filter_borrows_clean_input_and_splices_exact_spans ... ok
test connections::codec::tests::source_edits_reject_oversized_final_output_before_copying ... ok
test connections::codec::tests::source_patch_combines_scalar_and_child_changes_for_prefixed_and_unprefixed_self_closing_nodes ... ok
test connections::codec::tests::source_patch_expands_self_closing_nested_collections_with_scalar_edits ... ok
test connections::codec::tests::source_patch_inserts_children_in_schema_order_and_expands_self_closing_nodes ... ok
test connections::codec::tests::source_patch_keeps_mce_branch_while_editing_nested_table_sequence ... ok
test connections::codec::tests::source_patch_preserves_comments_and_processing_instructions_in_replaced_children ... ok
test connections::codec::tests::source_patch_preserves_mce_fallback_and_keeps_equal_offset_inserts_ordered ... ok
test connections::codec::tests::source_patch_publishes_connection_reorders ... ok
test connections::codec::tests::source_patch_removes_selected_nested_subtrees_with_their_owned_markup ... ok
test connections::codec::tests::source_patch_reorders_nested_items_without_losing_opaque_markup ... ok
test connections::codec::tests::source_patch_replaces_extlst_as_an_explicit_whole_owner ... ok
test connections::codec::tests::source_patch_resolves_prefixed_core_and_ignores_foreign_local_names ... ok
test connections::codec::tests::source_patch_updates_nested_collections_without_losing_source_slots ... ok
test connections::codec::tests::source_patch_updates_same_index_items_across_direct_and_mce_parents ... ok
test connections::codec::tests::source_patch_updates_typed_children_inside_active_mce_fallback ... ok
test connections::codec::tests::source_patch_updates_web_scalar_without_rebuilding_mce_tables_or_pi_slots ... ok
test connections::codec::tests::source_tree_shares_inherited_namespace_contexts_and_uri_storage ... ok
test connections::embedded_data::tests::custom_data_binding_growth_is_bounded_before_replacement_copies ... ok
test connections::embedded_data::tests::custom_data_reference_parser_checks_namespaces_framing_and_entities ... ok
test connections::namespace::tests::deeply_linked_contexts_drop_without_recursive_parent_unwinding ... ok
test connections::namespace::tests::default_empty_and_xml_namespaces_have_distinct_resolution ... ok
test connections::namespace::tests::depth_binding_and_metadata_bounds_are_cumulative ... ok
test connections::namespace::tests::empty_children_share_frames_and_uri_storage ... ok
test connections::namespace::tests::large_distinct_declaration_list_is_bounded_without_uri_intern_scans ... ok
test connections::namespace::tests::many_children_share_large_inherited_uri_storage ... ok
test connections::namespace::tests::shadowing_keeps_outer_scope_and_inherited_uri_sharing ... ok
test connections::tests::accepts_processing_instructions_while_still_validating_connections ... ok
test connections::tests::bounded_serializer_rejects_oversized_output_before_appending ... ok
test connections::tests::conformance_uses_the_root_namespace_only ... ok
test connections::tests::extension_owner_transaction_projection_handles_compact_pi_mce_and_foreign_contexts ... ok
test connections::tests::extension_projection_uses_a_bounded_id_index_for_many_connections ... ok
test connections::tests::failed_add_preserves_the_existing_connection_set ... ok
test connections::tests::failed_reorder_preserves_the_existing_connection_order ... ok
test connections::tests::graph_closure_rejects_foreign_connections_and_invalid_query_table_edges ... ok
test connections::tests::large_transaction_reorder_publishes_the_requested_order ... ok
test connections::tests::large_transaction_scalar_commit_reopens_with_stable_ids ... ok
test connections::tests::libreoffice_olap_and_extensions ... ok
test connections::tests::libreoffice_prefixed_core_namespace ... ok
test connections::tests::libreoffice_text_import_fields ... ok
test connections::tests::poi_database_mce_and_strict_roundtrip ... ok
test connections::tests::poi_web_paths_are_inert ... ok
test connections::tests::query_table_validation_accepts_processing_instructions ... ok
test connections::tests::recognized_owner_targets_reject_query_and_fragment_components ... ok
test connections::tests::rejects_external_wrong_content_and_outbound_package_edges ... ok
test connections::tests::rejects_malformed_and_unsafe ... ok
test connections::tests::standards_parameters_tables_strict_and_mce ... ok
test connections::tests::transaction_creates_and_removes_the_connections_owner ... ok
test connections::tests::transaction_noop_and_stale_failure_are_source_checked ... ok
test connections::tests::typed_transaction_preserves_opaque_connection_xml_and_inverse ... ok
test custom_data::package::tests::case_aliased_foreign_inbound_edge_refuses_removal_atomically ... ok
test custom_data::package::tests::case_aliased_graph_targets_load_and_remove ... ok
test custom_data::package::tests::changed_patch_refuses_low_level_signature_removal_until_unsign ... ok
test custom_data::package::tests::changed_transaction_refuses_low_level_signature_removal_until_unsign ... ok
test custom_data::package::tests::connection_only_byte_and_graph_changes_conflict_with_custom_data_patch ... ok
test custom_data::package::tests::custom_data_insert_and_remove_are_graph_atomic ... ok
test custom_data::package::tests::custom_data_load_runs_the_complete_connections_graph_validator ... ok
test custom_data::package::tests::custom_data_relationships_require_strict_feature_owned_part_edges ... ok
test custom_data::package::tests::default_output_ceiling_matches_package_ceiling ... ok
test custom_data::package::tests::detach_reopen_inverse_restores_exact_relationships_and_connection_source ... ok
test custom_data::package::tests::extension_list_edits_preserve_surrounding_source_and_inverse_bytes ... ok
test custom_data::package::tests::insertion_splices_the_existing_workbook_relationship_source ... ok
test custom_data::package::tests::malformed_type_five_connections_are_rejected_before_custom_data_edits ... ok
test custom_data::package::tests::metadata_edits_and_snapshots_share_payload_storage ... ok
test custom_data::package::tests::payload_replacement_and_insertion_move_buffers_into_publication ... ok
test custom_data::package::tests::public_package_rename_and_remove_reopen_with_resolved_references ... ok
test custom_data::package::tests::reference_rename_cancellation_and_failed_mutation_are_exact ... ok
test custom_data::package::tests::referenced_remove_requires_disposition_and_detach_is_reversible ... ok
test custom_data::package::tests::rejects_dangling_wrong_type_and_unmodeled_connection_identity_edits ... ok
test custom_data::package::tests::removal_reopen_inverse_restores_exact_content_types_member ... ok
test custom_data::package::tests::removal_reopen_inverse_restores_exact_relationship_members ... ok
test custom_data::package::tests::removing_empty_payload_has_an_exact_inverse ... ok
test custom_data::package::tests::rename_splices_properties_and_all_connection_ids_and_preserves_exact_inverse ... ok
test custom_data::package::tests::retarget_removal_follows_the_selected_storage_through_rename ... ok
test custom_data::package::tests::source_bound_custom_data_crud_preserves_payload_and_inverse_bytes ... ok
test data_consolidation::tests::canonical_writer_round_trips_range_name_relationships_and_flags ... ok
test data_consolidation::tests::parses_every_function_and_effective_defaults ... ok
test data_consolidation::tests::rejects_malformed_counts_choices_spoofing_duplicates_unknowns_and_bounds ... ok
test data_consolidation::tests::supports_strict_mce_preservation_and_exact_schema_position ... ok
test data_type_icons::tests::adding_without_an_existing_extension_owner_is_explicitly_refused ... ok
test data_type_icons::tests::reads_both_elements_with_inherited_namespace_bindings ... ok
test data_type_icons::tests::rejects_duplicates_misplaced_payloads_and_bad_booleans ... ok
test data_type_icons::tests::rejects_entity_content_and_accepts_schema_collapsed_boolean_whitespace ... ok
test data_type_icons::tests::retains_ignorable_data_type_icon_extensions_in_both_owner_contexts ... ok
test data_type_icons::tests::rewrites_one_owner_and_preserves_unknown_extension_bytes ... ok
test data_type_icons::tests::rewrites_the_selected_view_when_multiple_owners_exist ... ok
test data_type_icons::tests::source_transaction_edits_custom_sheet_view_without_rebuilding_other_views ... ok
test data_type_icons::tests::source_transaction_has_exact_noop_and_inverse_restore ... ok
test data_validation::codec::tests::parses_poi_and_libreoffice_fixtures ... ok
test data_validation::codec::tests::parses_strict_mce_and_quoted_list ... ok
test data_validation::codec::tests::rejects_malformed_and_dangerous_input ... ok
test drawing::codec::tests::caller_part_cap_rejects_mce_output_growth_before_typed_parse ... ok
test drawing::codec::tests::depth_is_admitted_before_empty_element_semantics ... ok
test drawing::codec::tests::exact_part_cap_accepts_unmodified_drawing_without_mce ... ok
test drawing::source_tests::cloned_source_records_keep_the_member_borrowed ... ok
test drawing::source_tests::contextual_projection_uses_raw_fragment_limit_boundary ... ok
test drawing::source_tests::contextual_svg_values_share_scope_without_retaining_completed_fragments ... ok
test drawing::source_tests::duplicate_and_mce_owner_branches_are_refused_without_guessing ... ok
test drawing::source_tests::scans_direct_pictures_in_all_anchor_forms_and_preserves_ranges ... ok
test drawing::source_tests::source_limits_and_provenance_reject_unbounded_or_unrelated_inputs ... ok
test drawing::source_tests::strict_host_keeps_transitional_svg_attribute_dialect ... ok
test drawing::source_tests::strict_mixed_namespace_profile_keeps_shared_svg_relationships_typed ... ok
test drawing::tests::parses_chartsheet_absolute_anchor_chart ... ok
test drawing::tests::parses_default_namespace_transitional_drawing ... ok
test drawing::tests::parses_prefixed_strict_picture_and_chart_anchors_in_source_order ... ok
test drawing::tests::rejects_malformed_drawing_anchors_and_bounded_marker_text ... ok
test drawing::tests::retains_unknown_shape_as_inert_structure ... ok
test drawing::tests::reuses_shared_drawingml_text_body_types ... ok
test drawing::worksheet_source::tests::attribute_limits_and_duplicates_are_refused_as_before ... ok
test drawing::worksheet_source::tests::expanded_names_are_validated_past_the_bounded_reservation ... ok
test error::tests::allocation_preserves_resource_and_source ... ok
test error::tests::form_control_execution_cancellation_remains_typed ... ok
test error::tests::form_control_execution_limit_retains_resource_scope_and_full_width ... ok
test error::tests::form_control_refusal_retains_leaf_limit_details ... ok
test error::tests::resource_refusal_retains_typed_budget_details ... ok
test external_links::tests::alternate_url_add_remove_and_child_crud_preserve_unknown_source ... ok
test external_links::tests::alternate_url_child_insertions_keep_schema_order_and_expand_empty_sources ... ok
test external_links::tests::alternate_url_edits_preserve_opaque_children_and_inverse_exactly ... ok
test external_links::tests::alternate_url_patch_matches_expanded_relationship_namespace_not_foreign_id ... ok
test external_links::tests::alternate_url_relationship_id_is_bounded_before_entity_decoding ... ok
test external_links::tests::alternate_url_relationship_targets_and_metadata_are_bounded_before_retention ... ok
test external_links::tests::alternate_url_removal_refuses_to_discard_opaque_descendants ... ok
test external_links::tests::alternate_url_same_relationship_id_replaces_the_physical_target ... ok
test external_links::tests::alternate_url_source_matching_uses_expanded_element_namespaces ... ok
test external_links::tests::alternate_urls_reject_duplicate_children_and_oversized_service_ids ... ok
test external_links::tests::alternate_urls_use_the_normative_namespace_and_relationship_closure ... ok
test external_links::tests::canonical_writer_validates_target_relationship_metadata ... ok
test external_links::tests::oversized_opaque_external_link_source_is_rejected_before_retention ... ok
test external_links::tests::package_crud_keeps_relationship_graph_bounded_and_inert ... ok
test external_links::tests::parses_sparse_workbook_cache_and_keeps_target_inert ... ok
test external_links::tests::rejects_external_cached_matrix_mismatch ... ok
test external_links::tests::transaction_edits_known_metadata_without_rebuilding_opaque_xml ... ok
test external_links::tests::transaction_noop_and_inverse_are_exact_and_source_checked ... ok
test external_links::tests::typed_dde_round_trips_without_target_relationships ... ok
test form_control::codec::tests::aggregate_opaque_cap_is_enforced_during_owned_and_borrowed_scans ... ok
test form_control::codec::tests::borrowed_opaque_item_cannot_be_detached_without_its_source_range ... ok
test form_control::codec::tests::detached_opaque_write_keeps_an_absent_outer_default_namespace_empty ... ok
test form_control::codec::tests::detached_output_is_rejected_before_large_formula_serialization ... ok
test form_control::codec::tests::detached_prefix_avoids_item_list_local_prefix_collisions ... ok
test form_control::codec::tests::distinct_namespace_context_charges_one_arc_header_at_boundary ... ok
test form_control::codec::tests::empty_item_list_is_expanded_without_broken_self_closing_markup ... ok
test form_control::codec::tests::empty_item_list_splice_preserves_opening_attributes_and_scope ... ok
test form_control::codec::tests::generated_xsd_string_attributes_preserve_xml_whitespace_references ... ok
test form_control::codec::tests::inherited_namespace_scope_is_shared_across_many_borrowed_items ... ok
test form_control::codec::tests::item_list_order_and_source_splice_are_bounded ... ok
test form_control::codec::tests::item_list_unknown_attributes_are_bounded_and_source_preserved ... ok
test form_control::codec::tests::item_replacement_reuses_unchanged_lexical_item_ranges ... ok
test form_control::codec::tests::item_splice_output_cap_is_checked_before_candidate_buffer ... ok
test form_control::codec::tests::managed_source_payload_keeps_reservation_and_exact_bytes_after_owner_drop ... ok
test form_control::codec::tests::namespace_and_bounds_fail_closed ... ok
test form_control::codec::tests::namespace_arc_publication_counts_source_vec_peak ... ok
test form_control::codec::tests::namespace_context_capacity_is_exact_at_parse_and_write_boundaries ... ok
test form_control::codec::tests::native_fragment_is_exact_noop_and_exposes_defaults ... ok
test form_control::codec::tests::opaque_namespaces_and_extensions_survive_detached_scalar_edit ... ok
test form_control::codec::tests::retained_vector_growth_accounts_actual_capacity_and_reallocation_peak ... ok
test form_control::codec::tests::scalar_splice_preserves_lexical_context_and_invalid_formula ... ok
test form_control::codec::tests::source_formula_and_detached_opaque_caps_fail_closed ... ok
test form_control::codec::tests::source_formula_shape_diagnostic_is_preserved_but_untrusted_formula_is_not_authored ... ok
test form_control::codec::tests::source_parse_context_charges_one_clone_shared_semantic_lease ... ok
test form_control::codec::tests::source_parse_context_checks_cancellation_at_event_boundaries ... ok
test form_control::codec::tests::source_parse_context_refuses_metadata_before_model_construction ... ok
test form_control::codec::tests::source_payload_parse_shares_owned_allocation_and_survives_clone ... ok
test form_control::codec::tests::standalone_parse_still_detaches_input_source ... ok
test form_control::codec::tests::xml10_character_boundaries_are_checked_exactly ... ok
test form_control::mirror::tests::boolean_empty_element_uses_proven_lexical_set ... ok
test form_control::mirror::tests::checked_pair_splice_preserves_vml_lexical_context ... ok
test form_control::mirror::tests::disagreement_is_refused ... ok
test form_control::mirror::tests::exact_output_limit_accepts_numeric_shrink_and_one_under_refuses ... ok
test form_control::mirror::tests::exact_output_limit_accounts_for_effective_x14_attribute_insertion ... ok
test form_control::mirror::tests::exact_output_limit_accounts_for_escaped_formula_and_one_under_refuses ... ok
test form_control::mirror::tests::formula_source_value_is_escaped_and_bounded ... ok
test form_control::mirror::tests::nonzero_client_data_range_splices_the_complete_vml_member ... ok
test form_control::mirror::tests::object_type_transition_is_refused ... ok
test form_control::mirror::tests::opaque_target_content_is_refused ... ok
test form_control::mirror::tests::source_noop_copies_exact_bytes ... ok
test form_control::mirror::tests::unknown_boolean_is_refused_without_touching_x14 ... ok
test form_control::model::tests::opaque_xml_clone_keeps_generated_source_budget_alive ... ok
test form_control::model::tests::properties_clone_shares_backing_until_mutation ... ok
test form_control::model::tests::shared_vec_replacement_reuses_unique_backing ... ok
test form_control::owner::tests::eager_inventory_budget_is_held_through_scan_and_released_after_drop ... ok
test form_control::owner::tests::eager_inventory_failure_releases_reservations ... ok
test form_control::owner::tests::eager_inventory_projection_is_part_of_no_context_scan_cap ... ok
test form_control::owner::tests::nested_alternate_content_in_an_ignored_choice_stays_ignored ... ok
test formula::tests::explicit_formula_construction_is_checked ... ok
test formula::tests::explicit_formula_construction_rejects_xml_forbidden_characters ... ok
test header_footer::tests::loads_libreoffice_color_sections_fixture ... ok
test header_footer::tests::loads_poi_ampersand_fixture ... ok
test header_footer::tests::parses_all_variants_defaults_and_sections ... ok
test header_footer::tests::preserves_ampersands_and_unrecognized_formatting ... ok
test header_footer::tests::rejects_duplicates_order_and_nested_markup ... ok
test hyperlinks::codec::tests::hyperlink_relationship_ids_are_exclusively_owned ... ok
test hyperlinks::codec::tests::malformed_or_opaque_hyperlink_graphs_fail_closed ... ok
test hyperlinks::codec::tests::malformed_roots_names_and_event_floods_are_rejected ... ok
test hyperlinks::codec::tests::orphan_hyperlink_relationship_is_rejected ... ok
test hyperlinks::codec::tests::transitional_and_strict_links_are_typed_and_inert ... ok
test ignored_errors::tests::parses_all_flags_ranges_and_defaults ... ok
test ignored_errors::tests::reads_poi_ignored_error_fixtures ... ok
test ignored_errors::tests::rejects_bad_references_structure_attributes_and_limits ... ok
test ignored_errors::tests::rejects_multiple_roots_direct_text_and_excessive_depth ... ok
test ignored_errors::tests::retained_extension_markup_resolves_standalone ... ok
test ignored_errors::tests::supports_strict_mce_and_extension_retention ... ok
test layout::tests::numeric_domains_are_const_checked_and_normalize_negative_zero ... ok
test layout::tests::outline_accessors_preserve_explicit_zero_attribute_presence ... ok
test merge::tests::interval_tree_finds_many_tall_ranges_without_expanding_rows ... ok
test merge::tests::interval_tree_matches_a_sparse_grid_oracle ... ok
test merge::tests::rejects_two_dimensional_overlap_without_expanding_ranges ... ok
test merge::tests::validates_and_finds_sparse_vertical_and_horizontal_merges ... ok
test named_sheet_view::codec::tests::authors_detailed_value_date_and_sort_metadata ... ok
test named_sheet_view::codec::tests::constructs_core_views_and_extends_libreoffice_metadata ... ok
test named_sheet_view::codec::tests::detailed_authoring_rejects_invalid_relationships_and_filter_values ... ok
test named_sheet_view::codec::tests::discovers_libreoffice_fixture_and_parses_filters ... ok
test named_sheet_view::codec::tests::package_crud_rejects_invalid_existing_graph_before_replacement ... ok
test named_sheet_view::codec::tests::package_crud_round_trips_real_fixture_and_removes_unreferenced_part ... ok
test named_sheet_view::codec::tests::parses_mce_rich_sort_and_extensions ... ok
test named_sheet_view::codec::tests::poi_fixture_has_no_named_sheet_views_relationship ... ok
test named_sheet_view::codec::tests::rejects_schema_guid_range_and_security_errors ... ok
test named_sheet_view::codec::tests::rejects_unsafe_fragments_and_mismatched_color_sort_formats ... ok
test named_sheet_view::codec::tests::retained_markup_resolves_standalone ... ok
test named_sheet_view::codec::tests::serializes_libreoffice_fixture_without_losing_filter_or_sort_metadata ... ok
test ole_objects::codec::tests::duplicate_attribute_names_are_refused_as_before ... ok
test ole_objects::codec::tests::many_distinct_attribute_names_are_read_in_order ... ok
test ole_objects::codec::tests::raw_attributes_keep_document_order_and_spans ... ok
test ole_objects::codec::tests::raw_attributes_of_a_large_tag_are_matched_in_order ... ok
test ole_objects::tests::accepts_inert_external_package_target ... ok
test ole_objects::tests::loads_real_poi_mce_objects_without_opening_payloads ... ok
test ole_objects::tests::mce_choice_and_fallback_sources_remain_editable_without_activation ... ok
test ole_objects::tests::no_op_is_byte_exact_and_invalid_edits_are_staged_atomically ... ok
test ole_objects::tests::patches_replay_exact_sources_invert_and_reject_stale_targets_atomically ... ok
test ole_objects::tests::rejects_malformed_markup_caps_and_graphs ... ok
test ole_objects::tests::source_bound_anchor_edits_preserve_unknown_markup_and_payload_bytes ... ok
test ole_objects::tests::source_bound_metadata_edits_insert_and_remove_known_attributes_without_loss ... ok
test ole_objects::tests::strict_package_writer_round_trips_and_inserts_in_schema_order ... ok
test ole_objects::tests::strict_round_trip_covers_complete_typed_properties ... ok
test outline::tests::outline_is_const_checked_for_rows_and_columns ... ok
test outline_properties::tests::parses_all_attributes_and_effective_defaults ... ok
test outline_properties::tests::reads_poi_and_libreoffice_outline_fixtures ... ok
test outline_properties::tests::rejects_invalid_values_duplicates_spoofing_and_children ... ok
test outline_properties::tests::rejects_malformed_document_boundaries_and_excessive_depth ... ok
test outline_properties::tests::supports_strict_mce_and_exact_scoping ... ok
test package::printer_settings::tests::loads_poi_and_libreoffice_reference_packages ... ok
test package::printer_settings::tests::package_writer_inserts_missing_page_setup_deterministically ... ok
test package::printer_settings::tests::package_writer_reuses_or_avoids_existing_relationship_prefixes ... ok
test package::printer_settings::tests::rejects_case_equivalent_part_without_mutating_for_retry ... ok
test package::printer_settings::tests::rejects_malformed_references_caps_and_graphs ... ok
test package::printer_settings::tests::strict_package_writer_preserves_page_setup_and_schema_order ... ok
test package::printer_settings::tests::strict_reference_round_trip_and_mce_fallback ... ok
test page_breaks::tests::changed_collections_refuse_lossy_wire_metadata ... ok
test page_breaks::tests::changed_prefixed_worksheet_uses_the_root_namespace_prefix ... ok
test page_breaks::tests::changed_pretty_xml_is_compact_without_losing_text_whitespace ... ok
test page_breaks::tests::package_transaction_reads_back_and_reverses_page_breaks ... ok
test page_breaks::tests::parses_defaults_and_manual_counts ... ok
test page_breaks::tests::rejects_count_bounds_grid_and_unsafe_xml ... ok
test page_breaks::tests::rewrite_preserves_unrelated_bytes_and_schema_order ... ok
test page_breaks::tests::strict_and_transitional_page_break_dialects_must_match_the_root ... ok
test page_breaks::tests::supports_strict_and_reads_but_refuses_mce_projected_breaks ... ok
test page_breaks::tests::undeclared_element_and_attribute_prefixes_are_rejected ... ok
test page_breaks::tests::writer_is_byte_minimal_and_round_trips ... ok
test page_margins::tests::accepts_strict_namespace_and_absence ... ok
test page_margins::tests::authors_inserts_and_removes_byte_minimal_margins ... ok
test page_margins::tests::loads_libreoffice_metric_margin_fixture ... ok
test page_margins::tests::loads_poi_custom_margin_fixture ... ok
test page_margins::tests::parses_required_values_and_converts_units ... ok
test page_margins::tests::rejects_malformed_document_boundaries_and_excessive_depth ... ok
test page_margins::tests::rejects_missing_nonfinite_out_of_range_and_content ... ok
test page_setup::tests::checked_numeric_types_cover_excel_boundaries ... ok
test page_setup::tests::closed_tokens_have_one_from_str_and_display_mapping ... ok
test page_setup::tests::exact_measures_reject_non_schema_numbers_and_oversized_lexicals ... ok
test page_setup::tests::loads_poi_resolution_and_relationship_fixture ... ok
test page_setup::tests::page_setup_attributes_use_expanded_names_strictly ... ok
test page_setup::tests::parser_rejects_every_out_of_domain_numeric_family ... ok
test page_setup::tests::parses_every_attribute_without_erasing_lexical_values ... ok
test page_setup::tests::preserves_absence_and_resolves_the_printer_default_only_on_request ... ok
test page_setup::tests::rejects_a_libreoffice_fixture_with_nonconforming_zero_dpi ... ok
test page_setup::tests::rejects_bad_enums_measures_and_content ... ok
test page_setup::tests::relationship_ids_validate_before_borrowed_or_owned_storage ... ok
test page_setup::tests::relationship_projection_is_independent_from_nonconforming_settings ... ok
test page_setup::tests::signed_first_page_round_trips_through_the_unsigned_wire_domain ... ok
test phonetic_properties::tests::parses_all_values_and_effective_defaults ... ok
test phonetic_properties::tests::reads_poi_and_libreoffice_fixtures ... ok
test phonetic_properties::tests::rejects_invalid_missing_duplicate_spoofed_and_non_leaf_values ... ok
test phonetic_properties::tests::rejects_malformed_document_boundaries_and_excessive_depth ... ok
test phonetic_properties::tests::supports_strict_mce_and_exact_scoping ... ok
test pivot::chart::tests::field_types_and_default_options_are_contextual ... ok
test pivot::chart::tests::ordinary_chart_has_no_binding ... ok
test pivot::chart::tests::parses_strict_chart_namespace_and_ignores_unknown_extensions ... ok
test pivot::chart::tests::parses_transitional_source_and_options ... ok
test pivot::chart::tests::resolves_authored_source_names_without_leaking_package_details ... ok
test pivot::reader::tests::parses_prefixed_pivot_cache_definition_and_shared_items ... ok
test pivot::reader::tests::parses_prefixed_pivot_cache_records ... ok
test pivot::reader::tests::parses_prefixed_pivot_table_definition ... ok
test pivot::reader::tests::poi_fixture_with_chartsheet_reads_pivot_tables ... ok
test pivot::reader::tests::rejects_external_and_wrong_content_type_pivot_parts ... ok
test pivot::reader::tests::rejects_invalid_pivot_cache_relationship_graphs ... ok
test pivot::reader::tests::rejects_malformed_pivot_cache_definitions ... ok
test pivot::reader::tests::rejects_malformed_pivot_cache_records ... ok
test pivot::reader::tests::rejects_malformed_pivot_table_definitions ... ok
test pivot::reader::tests::resolves_strict_custom_pivot_table_parts ... ok
test pivot::reader::tests::tolerates_chartsheet_entries_in_sheet_walk ... ok
test pivot::server_formats::cached_unique_names::tests::mce_payload_requires_choice_or_fallback_ancestry ... ok
test pivot::server_formats::cached_unique_names::tests::reads_model_cached_unique_names_without_an_item_bound ... ok
test pivot::server_formats::cached_unique_names::tests::scalar_edit_preserves_unchanged_lexical_neighbor_and_inverse ... ok
test pivot::server_formats::relationships::tests::absent_part_relationships_keep_only_an_absence_token ... ok
test pivot::server_formats::relationships::tests::archive_part_name_budget_excludes_packuri_root_slash ... ok
test pivot::server_formats::relationships::tests::canonical_part_order_is_ascii_case_insensitive_and_stable ... ok
test pivot::server_formats::relationships::tests::graph_node_budget_accepts_exact_cap_and_rejects_one_over_before_mutation ... ok
test pivot::server_formats::relationships::tests::relationship_event_metrics_ignore_whitespace_text_like_ingress ... ok
test pivot::server_formats::table_data::tests::applied_workbook_patch_retains_the_incoming_snapshot_pair ... ok
test pivot::server_formats::table_data::tests::authored_cell_traversal_is_parent_local ... ok
test pivot::server_formats::table_data::tests::borrowed_replacement_admits_old_arc_only_as_transient_peak ... ok
test pivot::server_formats::table_data::tests::extra_edits_are_failure_atomic_for_low_level_and_workbook_transactions ... ok
test pivot::server_formats::table_data::tests::owned_replacement_admits_old_arc_only_as_transient_peak ... ok
test pivot::server_formats::table_data::tests::reads_and_rewrites_authored_cells ... ok
test pivot::server_formats::tests::ordered_list_edits_update_count_and_round_trip_exactly ... ok
test pivot::server_formats::tests::ordered_list_refuses_removing_required_final_child ... ok
test pivot::server_formats::tests::ordered_list_reorder_preserves_leaf_source_and_count_lexical_bytes ... ok
test pivot::server_formats::tests::ordinary_workbook_structural_edit_uses_same_public_path ... ok
test pivot::server_formats::tests::reads_and_edits_server_formats ... ok
test pivot::server_formats::tests::scanner_admits_tree_before_resolving_a_second_root ... ok
test pivot::server_formats::tests::source_noop_is_empty ... ok
test pivot::server_formats::tests::workbook_contextual_edit_returns_immutable_commit_and_patch ... ok
test pivot::server_formats::tests::worksheet_metadata_deduplicates_canonical_target_edges ... ok
test pivot::writer::tests::every_public_pivot_writer_emits_compact_xml ... ok
test pivot::writer::tests::rejects_invalid_pivot_cache_output ... ok
test pivot::writer::tests::writes_complete_pivot_cache_definition_round_trip ... ok
test pivot::writer::tests::writes_pivot_cache_record_indexes_round_trip ... ok
test print_options::tests::accepts_strict_namespace_and_absence ... ok
test print_options::tests::loads_libreoffice_gridline_fixture ... ok
test print_options::tests::loads_poi_centering_fixture ... ok
test print_options::tests::parses_flags_defaults_and_derived_gridline_behavior ... ok
test print_options::tests::rejects_invalid_duplicate_unknown_and_nested_content ... ok
test print_options::tests::rejects_malformed_closing_state_without_panicking ... ok
test print_options::tests::rejects_malformed_document_boundaries_and_excessive_depth ... ok
test query_table::codec::tests::parses_and_writes_complete_strict_query_table ... ok
test query_table::codec::tests::processes_mce_fallback_and_preserves_extension_payload ... ok
test query_table::codec::tests::rejects_malformed_and_resource_abuse ... ok
test raw::catalog::tests::keeps_same_defined_name_in_distinct_scopes ... ok
test raw::catalog::tests::keeps_the_first_of_duplicate_defined_names_in_the_same_scope ... ok
test raw::catalog::tests::parses_namespaced_sheet_scoped_defined_names ... ok
test raw::catalog::tests::parses_namespaced_workbook_metadata_and_decodes_attributes ... ok
test raw::catalog::tests::parses_strict_workbook_pivot_cache_references ... ok
test raw::catalog::tests::rejects_malformed_defined_names ... ok
test raw::catalog::tests::rejects_malformed_workbook_pivot_cache_references ... ok
test raw::catalog::tests::rejects_spoofed_duplicate_and_malformed_workbook_metadata ... ok
test raw::catalog::tests::round_trips_defined_name_scope_and_standard_attributes ... ok
test raw::catalog::tests::supports_strict_namespaces_and_standalone_sheet_fragments ... ok
test raw::catalog::tests::tolerates_unrecognised_sheet_state_values ... ok
test raw::catalog_edit::tests::active_tab_limit_is_a_typed_block ... ok
test raw::catalog_edit::tests::append_expands_an_empty_sheet_container_from_root_namespaces ... ok
test raw::catalog_edit::tests::append_expands_an_empty_sheet_container_with_a_local_relationship_prefix ... ok
test raw::catalog_edit::tests::append_preserves_existing_bytes_and_uses_the_document_prefixes ... ok
test raw::catalog_edit::tests::blocks_active_view_insertion_beside_alternate_content ... ok
test raw::catalog_edit::tests::blocks_an_effective_sheet_without_a_direct_slot ... ok
test raw::catalog_edit::tests::blocks_structure_protection_but_preserves_unrelated_alternate_content ... ok
test raw::catalog_edit::tests::composes_name_and_visibility_on_one_lossless_sheet_slot ... ok
test raw::catalog_edit::tests::expands_an_empty_book_views_container ... ok
test raw::catalog_edit::tests::inserts_prefixed_book_views_before_sheets ... ok
test raw::catalog_edit::tests::removal_blocks_unmodeled_catalog_payloads ... ok
test raw::catalog_edit::tests::removal_drops_an_empty_defined_name_container ... ok
test raw::catalog_edit::tests::removal_drops_slots_and_scopes_and_remaps_views_losslessly ... ok
test raw::catalog_edit::tests::reorder_blocks_unmodeled_catalogs_and_invalid_secondary_views ... ok
test raw::catalog_edit::tests::reorders_losslessly_and_remaps_every_positional_dependency ... ok
test raw::catalog_edit::tests::rewrites_only_selected_states_and_first_view ... ok
test raw::compact::tests::changed_borrowed_events_match_owned_events_for_all_text_bearing_forms ... ok
test raw::compact::tests::changed_borrowed_events_match_owned_events_for_malformed_inputs ... ok
test raw::compact::tests::changed_borrowed_events_match_owned_events_for_mixed_markup ... ok
test raw::compact::tests::changed_worksheet_can_compact_an_oversized_whitespace_input ... ok
test raw::compact::tests::changed_worksheet_does_not_prove_single_quoted_attributes ... ok
test raw::compact::tests::changed_worksheet_falls_back_for_extension_bindings ... ok
test raw::compact::tests::changed_worksheet_fuses_the_successful_ordinary_pipeline ... ok
test raw::compact::tests::changed_worksheet_keeps_compact_grid_and_web_error_order ... ok
test raw::compact::tests::changed_worksheet_observes_only_emitted_whitespace ... ok
test raw::compact::tests::changed_xml_is_compact_without_losing_semantic_whitespace_or_entities ... ok
test raw::compact::tests::lane_compaction_admits_only_the_worksheet_body ... ok
test raw::compact::tests::lane_compaction_carries_the_byte_order_mark_of_marked_worksheets ... ok
test raw::compact::tests::lane_compaction_keeps_preserved_formatting_and_proof_inputs ... ok
test raw::compact::tests::lane_compaction_matches_invalid_utf8_value_text ... ok
test raw::compact::tests::lane_compaction_matches_the_reader_on_generated_worksheets ... ok
test raw::formula::tests::checked_reference_shift_produces_ref_error ... ok
test raw::formula::tests::detects_direct_and_implicit_three_d_sheet_dependencies ... ok
test raw::formula::tests::rename_scan_does_not_allocate_without_a_local_match ... ok
test raw::formula::tests::renames_local_prefixes_simultaneously_and_preserves_external_references ... ok
test raw::formula::tests::renames_quoted_apostrophes_and_unicode_caseless_names ... ok
test raw::formula::tests::translates_reference_forms_without_touching_strings_or_structured_refs ... ok
test raw::properties_edit::tests::appends_sheet_titles_and_updates_standard_heading_count ... ok
test raw::properties_edit::tests::arranges_sheet_prefix_without_touching_named_range_titles ... ok
test raw::properties_edit::tests::preserves_stale_sheet_titles_during_removal ... ok
test raw::properties_edit::tests::removes_sheet_titles_and_updates_standard_heading_count ... ok
test raw::properties_edit::tests::stale_title_prefix_is_preserved_instead_of_guessed ... ok
test raw::recalc::tests::inserts_or_updates_calc_properties_without_changing_other_markup ... ok
test raw::recalc::tests::refuses_to_rewrite_effective_calc_properties_projected_through_mce ... ok
test raw::recalc::tests::rejects_hostile_nesting_at_the_shared_default_limit ... ok
test raw::reference_edit::tests::blocks_unmodeled_formula_like_and_compatibility_references ... ok
test raw::reference_edit::tests::classifies_namespaces_wrappers_and_vml_conservatively ... ok
test raw::reference_edit::tests::leaves_external_and_inert_values_exact ... ok
test raw::reference_edit::tests::rewrites_formula_hyperlink_pivot_and_title_dependencies ... ok
test raw::reference_scan::tests::classifies_modeled_formula_and_direct_dependencies ... ok
test raw::reference_scan::tests::classifies_unknown_and_compatibility_carriers ... ok
test raw::reference_scan::tests::ignores_relationship_backed_and_external_workbook_dependencies ... ok
test raw::shared_strings::tests::accepts_strict_namespaces_and_ignores_foreign_lookalikes ... ok
test raw::shared_strings::tests::authors_plain_and_rich_items_without_cross_format_deduplication ... ok
test raw::shared_strings::tests::oversized_unique_count_hint_does_not_preallocate ... ok
test raw::shared_strings::tests::preserves_indexes_and_decodes_plain_and_rich_text ... ok
test raw::shared_strings::tests::rejects_bad_counts_structure_and_run_properties ... ok
test raw::shared_strings::tests::treats_contradictory_and_malformed_count_hints_as_advisory ... ok
test raw::sheet_view_edit::tests::blocks_missing_views_when_compatibility_payload_may_own_them ... ok
test raw::sheet_view_edit::tests::expands_empty_views_and_supports_chartsheets ... ok
test raw::sheet_view_edit::tests::inserts_views_in_worksheet_schema_order ... ok
test raw::sheet_view_edit::tests::toggles_only_the_matching_prefixed_view ... ok
test raw::strings::tests::decode_spreadsheet_text_keeps_surrogate_error_byte_offsets ... ok
test raw::strings::tests::decode_spreadsheet_text_matches_scalar_reference ... ok
test raw::strings::tests::preserves_indexes_and_resolves_plain_rich_and_escaped_text ... ok
test raw::strings::tests::rejects_mixed_text_and_unpaired_surrogates ... ok
test raw::strings::tests::streaming_0364_accepts_advisory_count_mismatches_and_rejects_bad_hints ... ok
test raw::strings::tests::streaming_0364_decodes_split_reference_escapes ... ok
test raw::strings::tests::streaming_0364_drains_malformed_tail_and_rejects_roots ... ok
test raw::strings::tests::streaming_0364_enforces_exact_stream_and_text_limits ... ok
test raw::strings::tests::streaming_0364_marks_unsupported_constructs_without_approximation ... ok
test raw::strings::tests::streaming_0364_selects_mce_choice_or_fallback ... ok
test raw::strings::tests::streaming_0364_selects_plain_requested_indexes ... ok
test raw::strings::tests::streaming_0365_accepts_empty_request_without_retaining_items ... ok
test raw::strings::tests::streaming_0365_accepts_exact_input_event_and_request_bounds ... ok
test raw::strings::tests::streaming_0365_drains_malformed_tail_after_selected_items ... ok
test raw::strings::tests::streaming_0365_omits_missing_and_out_of_range_indexes ... ok
test raw::strings::tests::streaming_0365_rejects_unsorted_and_duplicate_requests ... ok
test raw::strings::tests::streaming_0365_reports_rich_items_for_requested_and_unrequested_indexes ... ok
test raw::strings::tests::streaming_0365_returns_first_middle_last_in_request_order ... ok
test raw::strings::tests::text_encoding_round_trips_controls_and_literal_escape_syntax ... ok
test raw::styles::tests::counts_only_direct_cell_formats_after_mce_processing ... ok
test raw::styles::tests::rejects_missing_duplicate_empty_and_mismatched_tables ... ok
test raw::styles::tests::streaming_0364_counts_direct_cell_xfs ... ok
test raw::styles::tests::streaming_0364_enforces_declared_count ... ok
test raw::styles::tests::streaming_0364_honors_exact_event_limit ... ok
test raw::styles::tests::streaming_0364_ignores_nested_and_unrelated_xfs ... ok
test raw::styles::tests::streaming_0364_rejects_malformed_tail_and_endings ... ok
test raw::styles::tests::streaming_0364_requires_nonempty_cell_xfs ... ok
test raw::styles::tests::streaming_0364_selects_mce_choice_or_fallback ... ok
test raw::web::check::tests::apostrophe_attributes_force_fallback_before_normalization ... ok
test raw::web::check::tests::decodes_text_and_cdata_and_allows_safe_pi_declaration_and_references ... ok
test raw::web::check::tests::enforces_root_depth_and_output_size_at_finish ... ok
test raw::web::check::tests::falls_back_for_every_web_name_and_structural_form ... ok
test raw::web::check::tests::preserves_full_reader_behavior_for_unknown_or_unfinished_structure ... ok
test raw::web::check::tests::proves_ordinary_strict_alias_and_rebound_namespaces ... ok
test raw::web::tests::parses_fixture_and_roundtrips_canonical_xml ... ok
test raw::web::tests::rejects_wrong_grammar_duplicates_and_empty_writes ... ok
test raw::web::tests::replaces_inserts_and_removes_without_touching_unrelated_xml ... ok
test raw::web::tests::retains_strict_spreadsheetml_namespace ... ok
test raw::worksheet::edit::codec::lane_scan_tests::byte_order_marked_worksheets_take_the_lane_with_document_offsets ... ok
test raw::worksheet::edit::codec::lane_scan_tests::event_limits_inside_and_after_the_body_keep_the_reader_refusal ... ok
test raw::worksheet::edit::codec::lane_scan_tests::generated_benign_bodies_take_the_lane_with_identical_layouts ... ok
test raw::worksheet::edit::codec::lane_scan_tests::generated_hostile_bodies_keep_identical_layouts_and_refusals ... ok
test raw::worksheet::edit::codec::lane_scan_tests::invalid_utf8_in_a_value_keeps_the_reader_refusal ... ok
test raw::worksheet::edit::codec::lane_scan_tests::namespace_and_envelope_variants_keep_identical_layouts ... ok
test raw::worksheet::edit::codec::lane_scan_tests::ordering_and_coordinate_refusals_are_unchanged ... ok
test raw::worksheet::edit::codec::snapshot::facts::tests::change_0635_cell_column_agrees_with_the_shared_a1_parser ... ok
test raw::worksheet::edit::codec::snapshot::facts::tests::change_0635_row_number_agrees_with_the_shared_row_parser ... ok
test raw::worksheet::edit::codec::tests::compact_cell_tag_keeps_attribute_error_order_and_messages ... ok
test raw::worksheet::edit::codec::tests::compact_cell_tag_matches_owned_serialization_for_plain_cells ... ok
test raw::worksheet::edit::codec::tests::compact_cell_tag_uses_the_niche_without_growing_the_owned_tag ... ok
test raw::worksheet::edit::codec::tests::compact_cell_writer_matches_empty_style_and_clear_start_shapes ... ok
test raw::worksheet::edit::codec::tests::sibling_names_retain_the_source_prefix ... ok
test raw::worksheet::edit::codec::tests::snapshot_scan_accepts_event_count_at_limit ... ok
test raw::worksheet::edit::codec::tests::snapshot_scan_accepts_nesting_at_worksheet_depth_limit ... ok
test raw::worksheet::edit::codec::tests::snapshot_scan_builds_sorted_edit_slots ... ok
test raw::worksheet::edit::codec::tests::snapshot_scan_handles_large_flat_event_stream_within_depth_limit ... ok
test raw::worksheet::edit::codec::tests::snapshot_scan_keeps_legacy_cell_reference_and_tag_semantics_together ... ok
test raw::worksheet::edit::codec::tests::snapshot_scan_marks_only_plain_cells_as_tagless ... ok
test raw::worksheet::edit::codec::tests::snapshot_scan_preserves_cell_error_precedence_through_trailing_attributes ... ok
test raw::worksheet::edit::codec::tests::snapshot_scan_preserves_malformed_error_order_after_prior_primary_spans ... ok
test raw::worksheet::edit::codec::tests::snapshot_scan_rejects_a_truncated_cell_start_after_reference_attributes ... ok
test raw::worksheet::edit::codec::tests::snapshot_scan_rejects_flat_event_stream_over_event_limit ... ok
test raw::worksheet::edit::codec::tests::snapshot_scan_rejects_mismatched_end_name ... ok
test raw::worksheet::edit::codec::tests::snapshot_scan_rejects_nesting_beyond_worksheet_depth_limit ... ok
test raw::worksheet::edit::codec::tests::snapshot_scan_reports_cell_address_errors_before_compact_tag_errors ... ok
test raw::worksheet::edit::codec::tests::snapshot_scan_restores_namespace_scope_after_a_rebinding ... ok
test raw::worksheet::edit::codec::tests::wire_tags_escape_and_replace_attributes_deterministically ... ok
test raw::worksheet::edit::tests::blocks_dependencies_instead_of_guessing ... ok
test raw::worksheet::edit::tests::column_layout_facets_split_compactly_and_preserve_unedited_attributes ... ok
test raw::worksheet::edit::tests::column_style_retargeting_splits_ranges_and_resets_sparsely ... ok
test raw::worksheet::edit::tests::column_visibility_inserts_sparse_cols_and_blocks_unsafe_splits ... ok
test raw::worksheet::edit::tests::column_visibility_splits_effective_owners_and_preserves_other_properties ... ok
test raw::worksheet::edit::tests::defaults_edits_refuse_missing_dependencies_before_rewrite ... ok
test raw::worksheet::edit::tests::dimension_expansion_never_narrows_producer_bounds ... ok
test raw::worksheet::edit::tests::failed_validation_does_not_publish_a_partial_edit ... ok
test raw::worksheet::edit::tests::merge_surgery_is_lossless_ordered_and_dependency_checked ... ok
test raw::worksheet::edit::tests::minimally_rewrites_set_clear_remove_and_new_rows ... ok
test raw::worksheet::edit::tests::new_descent_injects_collision_free_ignorable_namespaces ... ok
test raw::worksheet::edit::tests::no_op_and_redundant_merge_plans_preserve_source_bytes ... ok
test raw::worksheet::edit::tests::ordinary_and_provenance_writers_match_for_nonsemantic_multi_primary_bytes ... ok
test raw::worksheet::edit::tests::protected_sheet_blocks_row_visibility_before_rewrite ... ok
test cell_values::facts_oracle_tests::change_0622_oracle_over_test_data_worksheets ... ok
test raw::worksheet::edit::tests::row_layout_facets_preserve_unedited_state_and_materialize_sparsely ... ok
test raw::worksheet::edit::tests::row_style_retargeting_derives_custom_format_and_resets_sparsely ... ok
test raw::worksheet::edit::tests::row_visibility_surgery_is_sparse_lossless_and_composes_with_cells ... ok
test raw::worksheet::edit::tests::shared_formula_refusals_name_the_first_group_in_document_order ... ok
test raw::worksheet::edit::tests::style_effects_preserve_payload_and_compose_with_value_effects ... ok
test raw::worksheet::edit::tests::style_only_implicit_column_is_blocked_before_zero_width_materialization ... ok
test raw::worksheet::edit::tests::style_only_multi_primary_and_empty_owner_rewrite_is_lossless ... ok
test raw::worksheet::edit::tests::untouched_xml_fragments_remain_byte_exact ... ok
test raw::worksheet::edit::tests::worksheet_defaults_and_row_descent_rewrite_losslessly_by_facet ... ok
test raw::worksheet::lane::tests::an_empty_body_is_admitted ... ok
test raw::worksheet::lane::tests::byte_order_marked_parts_locate_at_document_offsets ... ok
test raw::worksheet::lane::tests::declines_everything_outside_the_subset ... ok
test raw::worksheet::lane::tests::declines_tags_with_too_many_attributes ... ok
test raw::worksheet::lane::tests::declines_truncated_documents ... ok
test raw::worksheet::lane::tests::entries_require_the_named_tag_at_the_reader_positions ... ok
test raw::worksheet::lane::tests::iterates_raw_attributes ... ok
test raw::worksheet::lane::tests::keeps_value_text_verbatim_and_omits_empty_text ... ok
test raw::worksheet::lane::tests::records_apostrophes_in_attribute_values ... ok
test raw::worksheet::lane::tests::reports_the_reader_event_stream_for_admitted_bodies ... ok
test raw::worksheet::lane::tests::reports_whitespace_runs_and_empty_values ... ok
test raw::worksheet::edit::tests::provenance_writer_matches_the_ordinary_writer_on_random_cells_only_plans ... ok
test raw::worksheet::lane_parse_tests::compact_lane_cells_match_every_value_form ... ok
test raw::worksheet::lane_parse_tests::duplicate_rows_cells_and_ordering_refusals_are_unchanged ... ok
test raw::worksheet::lane_parse_tests::byte_order_marked_worksheets_take_the_lane_with_identical_stores ... ok
test raw::worksheet::lane_parse_tests::generated_benign_bodies_take_the_lane_with_identical_stores ... ok
test raw::worksheet::lane_parse_tests::inferred_coordinates_match_the_reader ... ok
test raw::worksheet::lane_parse_tests::large_and_oversized_values_keep_identical_outcomes ... ok
test raw::worksheet::lane_parse_tests::namespace_and_envelope_variants_keep_identical_outcomes ... ok
test raw::worksheet::lane_parse_tests::row_descent_extensions_reach_admitted_rows ... ok
test raw::worksheet::lane_parse_tests::shared_string_refusals_keep_their_precedence ... ok
test raw::worksheet::tests::change_0658_ineligibility_gate_tests::a_refusal_on_the_marking_event_outranks_the_verdict ... ok
test raw::worksheet::tests::change_0658_ineligibility_gate_tests::an_eligible_worksheet_still_reads_the_whole_part ... ok
test raw::worksheet::tests::change_0658_ineligibility_gate_tests::every_ineligibility_reason_stops_the_stream_at_its_mark ... ok
test raw::worksheet::tests::eager_cell_attributes_ignore_prefixed_fields_beside_unqualified_fields ... ok
test raw::worksheet::tests::eager_cell_attributes_keep_fixed_fields_and_entity_decoding ... ok
test raw::worksheet::tests::eager_cell_attributes_preserve_decode_and_validation_precedence ... ok
test raw::worksheet::tests::eager_cell_attributes_preserve_raw_duplicate_checks ... ok
test raw::worksheet::tests::expands_shared_formulas_and_preserves_cached_values ... ok
test raw::worksheet::tests::focused_defaults_enforce_root_shape_and_xml_depth ... ok
test raw::worksheet::tests::focused_defaults_follow_the_active_mce_branch ... ok
test raw::worksheet::tests::focused_defaults_ignore_malformed_row_extensions ... ok
test raw::worksheet::tests::focused_defaults_path_does_not_materialize_unrelated_cells ... ok
test raw::worksheet::tests::keeps_declared_stored_content_and_style_extents_distinct ... ok
test raw::worksheet::tests::malformed_alternate_content_keeps_x14ac_error_precedence ... ok
test raw::worksheet::tests::namespace_equivalent_worksheet_events_have_identical_results ... ok
test raw::worksheet::tests::namespace_rebinding_to_another_uri_is_not_treated_as_core_content ... ok
test raw::worksheet::tests::numeric_sheets_do_not_load_an_unneeded_shared_string_table ... ok
test raw::worksheet::tests::parses_checked_grid_defaults_and_effective_x14ac_descent ... ok
test raw::worksheet::tests::parses_exact_sparse_values_formulas_and_explicit_empty_cells ... ok
test raw::worksheet::tests::parses_sparse_merges_and_rejects_ambiguous_merge_markup ... ok
test raw::worksheet::tests::plain_worksheets_skip_only_the_unneeded_extension_capture ... ok
test raw::worksheet::tests::rejected_plain_worksheets_keep_extension_error_precedence ... ok
test raw::worksheet::tests::rejects_extension_xml_beyond_the_depth_limit ... ok
test raw::worksheet::tests::rejects_grid_escape_duplicates_and_broken_shared_groups ... ok
test raw::worksheet::tests::rejects_malformed_column_property_records ... ok
test raw::worksheet::tests::rejects_malformed_dimensions_and_row_properties ... ok
test raw::worksheet::tests::rejects_malformed_grid_defaults_and_descent ... ok
test raw::worksheet::tests::rejects_missing_shared_strings_bad_indexes_and_formula_markers ... ok
test raw::worksheet::tests::resolves_complete_last_matching_column_records ... ok
test raw::worksheet::tests::streaming_0361_tests::streaming_0361_accepts_exact_depth_event_and_input_limits_but_rejects_one_under ... ok
test raw::worksheet::tests::streaming_0361_tests::streaming_0361_captures_start_and_empty_structural_events ... ok
test raw::worksheet::tests::streaming_0361_tests::streaming_0361_diagnostics_keep_primary_input_or_mce_and_callback_secondaries ... ok
test raw::worksheet::tests::streaming_0361_tests::streaming_0361_focused_defaults_skip_malformed_rows_but_keep_raw_guards ... ok
test raw::worksheet::tests::streaming_0361_tests::streaming_0361_legacy_adapter_maps_clean_eof_raw_then_active_errors ... ok
test raw::worksheet::tests::streaming_0361_tests::streaming_0361_preserves_legacy_row_inference_and_order_semantics ... ok
test raw::worksheet::tests::streaming_0361_tests::streaming_0361_raw_errors_survive_inactive_branches_and_later_malformed_tail ... ok
test raw::worksheet::tests::streaming_0361_tests::streaming_0361_rejects_zero_and_grid_overflow_only_when_rows_are_captured ... ok
test raw::worksheet::tests::streaming_0361_tests::streaming_0361_selects_supported_choice_or_fallback_and_ignores_inactive_bad_values ... ok
test raw::worksheet::tests::streaming_0361_tests::streaming_0361_split_bom_and_chunk_sizes_match_cursor ... ok
test raw::worksheet::tests::streaming_0361_tests::streaming_0361_uses_expanded_namespace_after_prefix_rebinding ... ok
test raw::worksheet::tests::streaming_0361_tests::streaming_0361_valid_fixture_matches_legacy_capture_and_defaults ... ok
test raw::worksheet::tests::streaming_0362_selected_tests::streaming_0362_selected_chooses_supported_choice_or_fallback ... ok
test raw::worksheet::tests::streaming_0362_selected_tests::streaming_0362_selected_does_not_return_early_before_malformed_tail ... ok
test raw::worksheet::tests::streaming_0362_selected_tests::streaming_0362_selected_marks_unsupported_structures_not_eligible ... ok
test raw::worksheet::tests::streaming_0362_selected_tests::streaming_0362_selected_outcomes_cover_first_last_missing_and_empty ... ok
test raw::worksheet::tests::streaming_0362_selected_tests::streaming_0362_selected_payloads_cover_scalar_variants ... ok
test raw::worksheet::tests::streaming_0362_selected_tests::streaming_0362_selected_rejects_ordering_and_adjacent_duplicates ... ok
test raw::worksheet::tests::streaming_0362_selected_tests::streaming_0362_selected_respects_exact_limits_and_split_input ... ok
test raw::worksheet::tests::streaming_0362_selected_tests::streaming_0362_selected_validates_x14ac_without_retaining_rows ... ok
test raw::worksheet::tests::streaming_0364_dependency_metadata_tests::change_0658_late_malformed_xml_after_the_mark_moves_to_the_materialized_parser ... ok
test raw::worksheet::tests::streaming_0364_dependency_metadata_tests::streaming_0364_dependency_metadata_keeps_valid_direct_styles_eligible ... ok
test raw::worksheet::tests::streaming_0364_dependency_metadata_tests::streaming_0364_dependency_metadata_marks_invalid_lexicals_not_eligible ... ok
test raw::worksheet::tests::streaming_0364_dependency_metadata_tests::streaming_0364_dependency_metadata_tracks_global_maxima_and_target_states ... ok
test raw::worksheet::tests::streaming_0365_range_tests::bytes_scan_preserves_authoritative_mce_and_malformed_error_results ... ok
test raw::worksheet::lane_parse_tests::generated_hostile_bodies_keep_identical_values_and_refusals ... ok
test raw::worksheet::tests::streaming_0365_range_tests::sparse_bytes_custom_event_limits_use_exact_baseline_semantics ... ok
test raw::worksheet::tests::streaming_0365_range_tests::sparse_bytes_plain_path_matches_baseline_lexical_and_prolog_edges ... ok
test raw::worksheet::tests::streaming_0365_range_tests::sparse_bytes_scan_uses_plain_numeric_path_and_falls_back_for_extended_cells ... ok
test raw::worksheet::tests::streaming_0365_range_tests::sparse_target_scan_retains_only_changed_records ... ok
test raw::worksheet::tests::streaming_0365_range_tests::streaming_0365_range_accepts_max_cell_style_and_falls_back_above_it ... ok
test raw::worksheet::tests::streaming_0365_range_tests::streaming_0365_range_defers_multiple_shared_strings_and_keeps_global_maxima ... ok
test raw::worksheet::tests::streaming_0365_range_tests::streaming_0365_range_handles_first_last_grid_edges_and_empty_selection ... ok
test raw::worksheet::tests::streaming_0365_range_tests::streaming_0365_range_is_sparse_row_major_with_explicit_empty_records ... ok
test raw::worksheet::tests::streaming_0365_range_tests::streaming_0365_range_marks_formula_and_inherited_styles_not_eligible ... ok
test raw::worksheet::tests::streaming_0365_range_tests::streaming_0365_range_preserves_inline_and_escape_heavy_empty_boundaries ... ok
test raw::worksheet::tests::streaming_0365_range_tests::streaming_0365_range_validates_global_duplicates_order_and_late_xml_errors ... ok
test raw::worksheet::tests::streaming_0365_range_tests::streaming_0365_single_cell_scan_wrapper_matches_one_cell_ranges ... ok
test raw::worksheet::tests::streaming_0366_general_reference_tests::streaming_0366_accepts_predefined_and_numeric_references_in_scalar_payloads ... ok
test raw::worksheet::tests::streaming_0366_general_reference_tests::streaming_0366_bounds_valid_general_reference_tokens ... ok
test raw::worksheet::tests::streaming_0366_general_reference_tests::streaming_0366_keeps_invalid_references_as_typed_errors_without_early_publication ... ok
test raw::worksheet::tests::streaming_0366_general_reference_tests::streaming_0366_rejects_numeric_inline_references_as_not_eligible ... ok
test raw::worksheet::tests::streaming_0367_merge_tests::change_0597_marked_worksheet_keeps_a_correctly_placed_mergecells ... ok
test raw::worksheet::tests::streaming_0367_merge_tests::change_0658_marked_worksheet_hands_merge_placement_to_the_materialized_parser ... ok
test raw::worksheet::tests::streaming_0367_merge_tests::streaming_0367_accepts_unsorted_adjacent_merges ... ok
test raw::worksheet::tests::streaming_0367_merge_tests::streaming_0367_late_malformed_tail_is_not_published_as_eligible ... ok
test raw::worksheet::tests::streaming_0367_merge_tests::streaming_0367_merge_cap_is_bounded_without_area_expansion ... ok
test raw::worksheet::tests::streaming_0367_merge_tests::streaming_0367_merge_count_is_optional_exact_and_nonempty_but_not_mismatched ... ok
test raw::worksheet::tests::streaming_0367_merge_tests::streaming_0367_merge_nested_and_payload_markup_falls_back ... ok
test raw::worksheet::tests::streaming_0367_merge_tests::streaming_0367_range_selection_remains_sparse_and_physical ... ok
test raw::worksheet::tests::streaming_0367_merge_tests::streaming_0367_rejects_invalid_merge_references_and_placement ... ok
test raw::worksheet::tests::streaming_0367_merge_tests::streaming_0367_single_cell_wrapper_classifies_anchor_covered_missing_and_follower ... ok
test raw::worksheet::tests::streaming_0367_merge_tests::streaming_0367_unknown_merge_attributes_and_children_fall_back ... ok
test raw::worksheet::tests::streaming_0400_numeric_scratch_tests::streaming_0400_dimension_content_and_unknown_attributes_fall_back ... ok
test raw::worksheet::tests::streaming_0400_numeric_scratch_tests::streaming_0400_dimension_keeps_scalar_and_range_queries_eligible ... ok
test raw::worksheet::tests::streaming_0400_numeric_scratch_tests::streaming_0400_dimension_rejects_malformed_duplicate_and_late_metadata ... ok
test raw::worksheet::tests::streaming_0400_numeric_scratch_tests::streaming_0400_dimension_supports_strict_prefixed_and_ignorable_metadata ... ok
test raw::worksheet::tests::streaming_0400_numeric_scratch_tests::streaming_0400_numeric_scratch_decodes_entity_and_cdata_numeric_fragments ... ok
test raw::worksheet::tests::streaming_0400_numeric_scratch_tests::streaming_0400_numeric_scratch_does_not_publish_before_malformed_tail ... ok
test raw::worksheet::tests::streaming_0400_numeric_scratch_tests::streaming_0400_numeric_scratch_handles_scalar_type_transitions ... ok
test raw::worksheet::tests::streaming_0400_numeric_scratch_tests::streaming_0400_numeric_scratch_preserves_long_to_short_and_exponent_lexemes ... ok
test raw::worksheet::tests::streaming_0400_numeric_scratch_tests::streaming_0400_numeric_scratch_rejects_oversized_selected_and_unselected_values ... ok
test raw::worksheet::tests::streaming_0400_numeric_scratch_tests::streaming_0401_numeric_elision_does_not_skip_unselected_inline_validation ... ok
test raw::worksheet::tests::streaming_0400_numeric_scratch_tests::streaming_0401_numeric_elision_keeps_formula_cache_ownership_and_parity ... ok
test raw::worksheet::tests::streaming_0400_numeric_scratch_tests::streaming_0401_numeric_elision_keeps_selected_and_unselected_errors_exact ... ok
test raw::worksheet::tests::streaming_0400_numeric_scratch_tests::streaming_0401_numeric_elision_preserves_selected_lexemes_and_unselected_validation ... ok
test raw::worksheet::tests::validates_typed_date_cells_without_normalizing_the_lexeme ... ok
test revisions::tests::graph_and_reference_errors ... ok
test revisions::tests::invalid_edit_is_staged_and_failure_atomic ... ok
test revisions::tests::loads_libreoffice_and_poi_reference_packages ... ok
test revisions::tests::malformed_and_caps ... ok
test revisions::tests::mce_fallback ... ok
test revisions::tests::package_writer_round_trip ... ok
test revisions::tests::stale_patch_and_shared_relationship_are_rejected_atomically ... ok
test revisions::tests::strict_writers_are_deterministic_and_round_trip ... ok
test revisions::tests::transaction_edits_one_typed_user ... ok
test revisions::tests::transaction_noop_preserves_package_bytes ... ok
test rich_values::codec::xml::tests::duplicate_attribute_names_are_refused_as_before ... ok
test rich_values::codec::xml::tests::many_distinct_attribute_names_are_read_in_order ... ok
test rich_values::tests::feature_property_bags_keep_checkbox_chain_and_unknown_xml ... ok
test rich_values::tests::package_snapshot_preserves_typed_parts_and_relationship_topology ... ok
test rich_values::tests::rich_data_structures_and_arrays_are_typed_and_bounded ... ok
test row::tests::heights_are_const_checked_before_entering_row_state ... ok
test row_visibility::rewrite::tests::duplicate_row_attributes_fail_closed ... ok
test row_visibility::rewrite::tests::formula_cells_fail_closed_even_when_the_formula_is_prefixed ... ok
test row_visibility::snapshot::tests::visibility_rewrite_proof_is_bound_to_its_exact_source ... ok
test row_visibility::snapshot::tests::visibility_rewrite_reuses_cells_and_matches_full_candidate_parse ... ok
test scenarios::tests::parses_scenarios_attributes_input_cells_and_defaults ... ok
test scenarios::tests::preserves_unknown_attributes_and_elements ... ok
test scenarios::tests::reads_libreoffice_scenario_fixture ... ok
test scenarios::tests::rejects_malformed_document_boundaries_and_excessive_depth ... ok
test scenarios::tests::rejects_structure_attributes_and_limits ... ok
test scenarios::tests::supports_strict_namespace_and_skips_extension_markup ... ok
test scenarios::tests::write_round_trips_through_the_reader ... ok
test scenarios::tests::writer_rejects_output_over_limit_before_final_append ... ok
test shapes::package::tests::loads_shapes_through_the_package_graph ... ok
test shapes::package::tests::poi_fixture_text_boxes_parse ... ok
test sheet::properties::tests::parses_complete_metadata_and_effective_defaults ... ok
test sheet::properties::tests::reads_libreoffice_and_poi_fixtures ... ok
test sheet::properties::tests::rejects_invalid_values_duplicates_spoofing_and_leaf_content ... ok
test sheet::properties::tests::rejects_malformed_document_boundaries_and_excessive_depth ... ok
test sheet::properties::tests::supports_strict_mce_and_exact_scoping ... ok
test sheet::sparklines::tests::parses_namespace_aware_sparkline_groups ... ok
test sheet::sparklines::tests::rejects_malformed_sparkline_extensions ... ok
test sheet::sparklines::tests::writer_preserves_group_membership_and_round_trips ... ok
test sheet::sparklines::tests::writer_rejects_invalid_groups ... ok
test sheet::tests::equality_and_hashing_are_canonical_and_locale_independent ... ok
test sheet::tests::owned_conversion_reuses_the_supplied_spelling ... ok
test sheet::tests::validates_office_name_domain ... ok
test sheet_calculation_properties::tests::parses_full_calc_on_load_and_default ... ok
test sheet_calculation_properties::tests::reads_fixture_sheet_calc_pr ... ok
test sheet_calculation_properties::tests::rejects_bad_structure_and_attributes ... ok
test sheet_calculation_properties::tests::rejects_excessive_worksheet_nesting ... ok
test sheet_calculation_properties::tests::rejects_leaf_content_and_malformed_document_state ... ok
test sheet_calculation_properties::tests::supports_strict_namespace ... ok
test sheet_calculation_properties::tests::write_round_trips_through_the_reader ... ok
test sheet_protection::tests::deterministic_writer_round_trips_core_x14_and_strict_metadata ... ok
test sheet_protection::tests::parses_core_strong_ranges_and_column_shorthand ... ok
test sheet_protection::tests::parses_legacy_verifier_and_schema_defaults ... ok
test sheet_protection::tests::parses_x14_extension_range ... ok
test sheet_protection::tests::rejects_incomplete_or_conflicting_verifiers ... ok
test sheet_protection::tests::rejects_spoofed_unknown_out_of_order_and_noncanonical_metadata ... ok
test sheet_view::tests::accepts_automatic_remembered_zoom_defaults ... ok
test sheet_view::tests::accepts_spec_absolute_a1_references ... ok
test sheet_view::tests::reads_poi_and_libreoffice_view_fixtures ... ok
test sheet_view::tests::reads_strict_mce_pivot_selection_and_defaults ... ok
test sheet_view::tests::rejects_invalid_view_grammar_values_and_security ... ok
test sheet_view::tests::retained_view_markup_resolves_standalone ... ok
test slicer_cache::tests::microsoft_example_is_typed_and_round_trips ... ok
test slicer_cache::tests::rejects_hostile_grammar_and_bounds ... ok
test slicer_cache::tests::rejects_invalid_xml_values_and_event_bombs ... ok
test slicer_cache::tests::writer_rejects_invalid_and_oversized_retained_values ... ok
test slicer_cache::views::tests::microsoft_example_and_typed_values_round_trip ... ok
test slicer_cache::views::tests::package_store_and_load_round_trip ... ok
test slicer_cache::views::tests::rejects_hostile_xml_schema_violations_and_limits ... ok
test slicer_cache::views::tests::rejects_invalid_package_graphs ... ok
test smart_tags::tests::canonical_writer_round_trips_both_conformance_families ... ok
test smart_tags::tests::package_transaction_is_semantic_atomic_and_ergonomic ... ok
test smart_tags::tests::parses_typed_values_and_office_defaults ... ok
test smart_tags::tests::rejects_ambiguous_or_unsafe_metadata ... ok
test smart_tags::tests::replacement_preserves_unrelated_source_bytes_and_schema_order ... ok
test sort::tests::sort_condition_rejects_mismatched_auxiliary_fields ... ok
test sort::tests::sort_domains_are_compact_exact_and_strict ... ok
test streaming::tests::a_refused_row_leaves_at_most_one_chunk_pre_claimed ... ok
test streaming::tests::a_sibling_sees_the_writers_pre_claimed_objects_until_it_finishes ... ok
test streaming::tests::a_sole_writer_is_refused_exactly_at_every_objects_and_work_limit ... ok
test streaming::tests::batched_text_escaping_matches_scalar_error_order_and_bytes ... ok
test streaming::tests::cancellation_before_finish_reports_partial_output ... ok
test streaming::tests::cancellation_during_central_directory_preserves_typed_progress ... ok
test streaming::tests::cancellation_during_final_flush_preserves_typed_progress ... ok
test streaming::tests::cancellation_during_member_finalization_preserves_typed_progress ... ok
test streaming::tests::cancellation_during_row_poison_is_typed ... ok
test streaming::tests::cell_limit_is_exact_and_one_over ... ok
test streaming::tests::cell_text_and_row_scratch_limits_are_exact_and_one_over ... ok
test streaming::tests::central_directory_failure_reports_partial_output ... ok
test streaming::tests::coordinate_boundaries_are_checked ... ok
test streaming::tests::empty_workbook_has_compact_canonical_six_part_topology ... ok
test streaming::tests::final_flush_failure_reports_partial_output ... ok
test streaming::tests::large_row_scaling_keeps_fixed_memory_without_retaining_output ... ok
test streaming::tests::leases_are_returned_when_the_writer_is_poisoned ... ok
test streaming::tests::maximum_character_text_and_unicode_byte_boundaries_are_checked ... ok
test streaming::tests::non_seek_sink_and_determinism ... ok
test streaming::tests::nonfinite_and_unknown_errors_are_rejected ... ok
test streaming::tests::object_charge_covers_writer_parts_rows_and_cells ... ok
test streaming::tests::output_limit_is_enforced_before_finalization ... ok
test streaming::tests::rejected_text_row_can_be_retried_with_exact_scalar_values ... ok
test streaming::tests::row_limit_is_exact_and_one_over ... ok
test streaming::tests::rows_and_cells_are_strict_and_empty_rows_are_dropped ... ok
test streaming::tests::rows_reuse_one_bounded_scratch_buffer ... ok
test streaming::tests::scalar_rows_reopen_without_dimension_or_shared_strings ... ok
test streaming::tests::short_and_interrupted_sinks_are_retried ... ok
test streaming::tests::sink_failure_poison_is_observable ... ok
test streaming::tests::static_member_failure_reports_exact_partial_output ... ok
test streaming::tests::text_escaping_rejects_xml_controls ... ok
test streaming::tests::work_charge_counts_rejected_row_attempts ... ok
test streaming::tests::work_charge_is_exact_for_setup_row_and_cell ... ok
test streaming::tests::worksheet_xml_limit_is_exact_and_one_over ... ok
test streaming::tests::write_zero_sink_fails_without_hanging ... ok
test style::format::tests::test_cell_border_default ... ok
test style::format::tests::test_cell_border_line_style_as_str ... ok
test style::format::tests::test_cell_border_side ... ok
test style::format::tests::test_cell_fill_pattern_type_as_str ... ok
test style::format::tests::test_cell_fill_pattern_type_debug ... ok
test style::format::tests::test_cell_font_clone ... ok
test style::format::tests::test_cell_font_default ... ok
test style::format::tests::test_cell_font_set_color_hex ... ok
test style::format::tests::test_cell_format_default ... ok
test style::format::tests::test_chart_type_debug ... ok
test style::format::tests::test_data_validation_operator_as_str ... ok
test style::format::tests::test_data_validation_types ... ok
test style::stylesheet::alignment::tests::fixed_tokens_round_trip_without_string_fallbacks ... ok
test style::stylesheet::alignment::tests::rotation_is_valid_by_construction ... ok
test style::stylesheet::alignment::tests::struct_update_syntax_keeps_alignment_concise ... ok
test style::stylesheet::border::tests::authored_diagonal_is_always_complete ... ok
test style::stylesheet::border::tests::border_reports_only_visible_sides ... ok
test style::stylesheet::border::tests::line_tokens_round_trip_without_allocating ... ok
test style::stylesheet::border::tests::rgb_and_tint_are_checked ... ok
test style::stylesheet::cell_style::tests::test_cell_style_clone ... ok
test style::stylesheet::cell_style::tests::test_cell_style_default ... ok
test style::stylesheet::cell_style::tests::test_cell_style_has_formatting ... ok
test style::stylesheet::cell_style::tests::test_cell_style_new ... ok
test style::stylesheet::fill::tests::test_fill_clone ... ok
test style::stylesheet::fill::tests::test_fill_default ... ok
test style::stylesheet::fill::tests::test_fill_gradient ... ok
test style::stylesheet::fill::tests::test_fill_none_is_not_solid ... ok
test style::stylesheet::fill::tests::test_fill_pattern ... ok
test style::stylesheet::fill::tests::test_fill_solid ... ok
test style::stylesheet::font::tests::fixed_font_domains_are_exhaustive_compact_and_strict ... ok
test style::stylesheet::font::tests::test_font_clone ... ok
test style::stylesheet::font::tests::test_font_default ... ok
test style::stylesheet::font::tests::test_font_full ... ok
test style::stylesheet::font::tests::test_font_has_formatting ... ok
test style::stylesheet::font::tests::test_font_new ... ok
test style::stylesheet::number_format::tests::test_builtin_format_code ... ok
test style::stylesheet::number_format::tests::test_is_date_format ... ok
test style::stylesheet::number_format::tests::test_is_date_format_edge_cases ... ok
test style::stylesheet::number_format::tests::test_number_format_clone ... ok
test style::stylesheet::number_format::tests::test_number_format_is_builtin ... ok
test style::stylesheet::number_format::tests::test_number_format_is_date_format ... ok
test style::stylesheet::number_format::tests::test_number_format_new ... ok
test style::stylesheet::number_format::tests::test_number_format_validation ... ok
test style::stylesheet::parser::tests::parses_complete_namespaced_style_sheet ... ok
test style::stylesheet::parser::tests::preserves_explicit_none_and_baseline_font_tokens ... ok
test style::stylesheet::parser::tests::rejects_malformed_styles ... ok
test style::stylesheet::parser::tests::supports_strict_aliases_and_empty_sections ... ok
test style::stylesheet::writer::tests::publishes_and_parses_canonical_stylesheet_records ... ok
test style::stylesheet::writer::tests::rejects_conformance_mismatches_instead_of_dropping_edges ... ok
test style::theme::tests::parses_theme_colors_and_fonts ... ok
test style::theme::tests::rejects_malformed_themes ... ok
test survey::source::properties::tests::authored_property_size_accounts_for_extremes_and_xstring_expansion ... ok
test survey::source::questions::tests::authored_question_precharges_exact_size_and_rejects_one_over_limit ... ok
test survey::tests::accepts_the_survey_namespace_when_it_is_prefixed ... ok
test survey::tests::catalog_staging_shares_untouched_surveys_and_preserves_failed_edit_identity ... ok
test survey::tests::custom_question_limit_is_admitted_before_parsing_another_question ... ok
test survey::tests::edits_retain_nested_namespaces_comments_and_unknown_attributes ... ok
test survey::tests::edits_retain_unknown_extension_xml_and_namespaces ... ok
test survey::tests::enforces_survey_constraints ... ok
test survey::tests::equality_tracks_opaque_namespace_context_and_comment_anchors ... ok
test survey::tests::extension_capture_preserves_source_tokens_and_precharges_aggregate_bytes ... ok
test survey::tests::extension_lists_use_the_survey_namespace_at_every_owner ... ok
test survey::tests::failed_edit_does_not_mutate_the_transaction_draft ... ok
test survey::tests::foreign_opaque_question_transplant_refusal_is_atomic ... ok
test survey::tests::foreign_package_relationship_keeps_survey_removal_graph_atomic ... ok
test survey::tests::full_writer_preserves_comment_slots_across_semantic_edits_and_detached_insert ... ok
test survey::tests::graph_insert_inverse_restores_noncanonical_owner_members_after_reopen ... ok
test survey::tests::graph_inverse_restores_noncanonical_content_types_and_relationship_members_after_reopen ... ok
test survey::tests::inverse_patch_restores_survey_part_and_relationship_bytes_exactly ... ok
test survey::tests::known_xstrings_decode_once_and_foreign_attributes_remain_opaque ... ok
test survey::tests::malformed_xml_and_xstring_surrogates_are_rejected_at_the_correct_layer ... ok
test survey::tests::nested_modeled_prefixes_preserve_foreign_default_context_everywhere ... ok
test survey::tests::no_op_transaction_preserves_exact_source_bytes ... ok
test survey::tests::opaque_property_transplant_refusal_is_atomic ... ok
test survey::tests::package_transaction_supports_edit_insert_remove_and_inverse ... ok
test survey::tests::parses_complete_ct_survey_family ... ok
test survey::tests::prefixed_survey_retains_foreign_default_namespace_for_opaque_extensions ... ok
test survey::tests::property_insertions_preserve_foreign_default_context_and_inverse ... ok
test survey::tests::property_removal_replacement_and_insertion_keep_adjacent_source_xml ... ok
test survey::tests::qualified_attributes_cannot_supply_unqualified_protocol_fields ... ok
test survey::tests::question_collection_edits_move_allocations_and_cancel_exactly ... ok
test survey::tests::question_container_namespace_bindings_survive_edit_save_and_inverse ... ok
test survey::tests::question_insert_remove_preserve_parent_comment_slots_in_full_and_source_writers ... ok
test survey::tests::question_sequence_edits_preserve_source_context_and_exact_inverse ... ok
test survey::tests::questions_property_presence_keeps_parent_comment_slots_single_and_ordered ... ok
test survey::tests::relationship_part_name_aliases_are_equivalent_but_lexical_targets_remain_checked ... ok
test survey::tests::removing_a_survey_restores_its_source_proof_for_inverse_save ... ok
test survey::tests::row_source_accepts_the_normative_unquoted_quote_production ... ok
test survey::tests::scalar_edits_preserve_noncompact_source_context_and_inverse_publication ... ok
test survey::tests::semantic_table_and_column_selectors_resolve_during_insert ... ok
test survey::tests::signature_policy_guards_changed_survey_publications_atomically ... ok
test survey::tests::stale_patch_and_explicit_limits_are_rejected_atomically ... ok
test survey::tests::survey_children_follow_the_schema_sequence ... ok
test survey::tests::unknown_attribute_prefixes_and_expanded_duplicates_are_validated ... ok
test survey::tests::workbook_view_and_save_preserve_the_original_survey_part ... ok
test survey::tests::xstring_authoring_preserves_controls_literal_escapes_and_attribute_whitespace ... ok
test survey::tests::xstring_changes_save_reopen_and_restore_the_original_source ... ok
test survey::tests::xstring_output_budget_charges_encoded_growth_before_allocation ... ok
test table::tests::escapes_writable_table_values ... ok
test table::tests::parses_prefixed_strict_table_definition ... ok
test table::tests::rejects_invalid_writable_table_models ... ok
test table::tests::rejects_malformed_table_definitions ... ok
test table::tests::test_parse_cell_ref ... ok
test table::tests::test_parse_range ... ok
test table::tests::test_table_column_names ... ok
test table::tests::test_table_column_new ... ok
test table::tests::test_table_initialize_columns ... ok
test table::tests::test_table_new ... ok
test table::tests::test_table_style_info_default ... ok
test table::tests::test_table_style_info_new ... ok
test table::tests::test_table_style_info_parse ... ok
test table::tests::test_table_style_info_parse_partial ... ok
test table::tests::test_table_type_as_str ... ok
test table::tests::test_table_type_parse ... ok
test table::tests::test_totals_row_function_as_str ... ok
test table::tests::test_totals_row_function_parse ... ok
test table::tests::writes_auto_filter_sort_and_formulas_losslessly ... ok
test table::tests::writes_table_attributes_columns_and_style ... ok
test raw::worksheet::tests::streaming_0365_range_tests::dense_wide_generated_worksheet_uses_plain_path_and_matches_authoritative_scan ... ok
test task_panes::tests::malformed_task_pane_graph_is_rejected_without_mutation ... ok
test task_panes::tests::strict_task_panes_round_trip_through_facade ... ok
test task_panes::tests::crud_is_atomic_and_preserves_relationships_and_opaque_extensions ... ok
test threaded_comments::tests::accepts_empty_present_parts ... ok
test threaded_comments::tests::parses_prefixed_people_and_threaded_comments ... ok
test threaded_comments::tests::rejects_invalid_people_and_comments ... ok
test threaded_comments::tests::rejects_malformed_threaded_parts ... ok
test threaded_comments::tests::writes_schema_valid_people_and_comments ... ok
test timelines::codec::tests::duplicate_attribute_names_are_refused_as_before ... ok
test task_panes::tests::unknown_root_parts_survive_task_pane_edits ... ok
test timelines::tests::tests::package_store_load_and_cross_validation_round_trip ... ok
test timelines::tests::tests::rejects_hostile_grammar_identity_and_bounds ... ok
test timelines::tests::tests::rejects_package_graph_and_unknown_cache_errors ... ok
test timelines::tests::tests::rejects_state_calendar_timezone_range_order_and_filter_presence ... ok
test timelines::tests::tests::typed_protocol_shaped_parts_round_trip ... ok
test timelines::tests::tests::typed_state_pivot_filter_and_all_filter_types_round_trip ... ok
test timelines::tests::xsd_datetime_full_lexical_tests::accepts_and_compares_full_applicable_xsd_datetime_space ... ok
test timelines::tests::xsd_datetime_full_lexical_tests::rejects_non_xsd_datetime_lexemes_and_indeterminate_mixed_zones ... ok
test timelines::tests::xsd_datetime_full_lexical_tests::timeline_range_preserves_extended_lexemes_round_trip ... ok
test volatile_dependencies::tests::applies_mce_fallback ... ok
test volatile_dependencies::tests::package_volatile_dependencies_mutators_reject_invalid_existing_graphs ... ok
test volatile_dependencies::tests::parses_and_writes_transitional_and_strict ... ok
test volatile_dependencies::tests::preserves_non_empty_extension_list_and_inherited_namespaces ... ok
test volatile_dependencies::tests::rejects_malformed_and_unsafe_input ... ok
test volatile_dependencies::tests::removal_retains_volatile_dependencies_part_referenced_elsewhere ... ok
test volatile_dependencies::tests::resolves_package_relationship_and_rejects_outbound_relationships ... ok
test volatile_dependencies::tests::serializer_rejects_oversized_output_before_appending_extension ... ok
test volatile_dependencies::tests::stores_rewrites_and_removes_inert_volatile_dependencies_parts ... ok
test web::tests::failed_edits_leave_the_collection_unchanged ... ok
test web::tests::supports_semantic_and_checked_positional_crud ... ok
test web::tests::validates_ranges_and_package_references ... ok
test workbook::comments::codec::tests::parses_strict_comments_and_rich_text ... ok
test workbook::comments::codec::tests::rejects_malformed_comments ... ok
test workbook::comments::codec::tests::writer_round_trips_semantics ... ok
test workbook::comments::package::tests::stores_loads_and_removes_worksheet_graph ... ok
test workbook::comments::tests::checked_edits_are_atomic_and_preserve_vml_shape_ids ... ok
test workbook::comments::tests::patch_conflict_does_not_publish_partial_relationship_changes ... ok
test workbook::comments::tests::patch_replays_exact_source_and_inverse_atomically ... ok
test workbook::comments::tests::semantic_no_op_keeps_exact_bytes_and_relationships ... ok
test workbook::comments::tests::snapshot_retains_exact_source_and_inert_shape_identity ... ok
test workbook::data_model::codec::tests::context_attribute_size_is_checked_before_output_allocation ... ok
test workbook::data_model::codec::tests::dot_segment_buffer_rejects_over_limit_before_reserving ... ok
test workbook::data_model::codec::tests::duplicate_attribute_names_are_refused_as_before ... ok
test timelines::codec::tests::many_distinct_attribute_names_are_read_in_order ... ok
test workbook::data_model::codec::tests::model_time_groupings_handles_inherited_default_namespace_and_owner_prefix ... ok
test workbook::data_model::codec::tests::model_time_groupings_projection_splices_only_its_known_child ... ok
test workbook::data_model::codec::tests::model_time_groupings_round_trip_and_escape_values ... ok
test workbook::data_model::codec::tests::model_time_groupings_unknown_content_type_is_read_only ... ok
test workbook::data_model::codec::tests::many_distinct_attribute_names_are_read_in_order ... ok
test workbook::data_model::codec::tests::opaque_attributes_are_checked_without_counting_them_first ... ok
test workbook::data_model::codec::tests::oversized_opaque_source_is_rejected_before_child_materialization ... ok
test workbook::data_model::codec::tests::oversized_in_scope_namespace_is_rejected_before_unescaping ... ok
test workbook::data_model::codec::tests::xml_base_resolution_follows_rfc3986_edge_cases ... ok
test workbook::data_model::package::tests::adding_a_load_version_to_an_empty_descriptor_preserves_its_spelling ... ok
test workbook::data_model::package::tests::connection_name_matching_decodes_spreadsheet_escapes_once ... ok
test workbook::data_model::package::tests::connection_resolution_retains_case_folding_and_rejects_folded_ambiguity ... ok
test workbook::data_model::package::tests::connections_only_changes_make_model_patches_stale ... ok
test workbook::data_model::package::tests::descriptor_graph_creation_removal_and_inverse_preserve_noncompact_workbooks ... ok
test workbook::data_model::package::tests::direct_model_store_rejects_unowned_incoming_edges_before_publication ... ok
test workbook::data_model::package::tests::duplicate_named_connections_are_ambiguous_and_publication_is_atomic ... ok
test workbook::data_model::package::tests::fresh_model_time_grouping_store_refuses_without_inner_identity_proof ... ok
test workbook::data_model::package::tests::inserts_into_existing_empty_extension_list ... ok
test workbook::data_model::package::tests::load_rejects_duplicate_model_time_grouping_owner ... ok
test workbook::data_model::package::tests::load_rejects_unknown_model_time_grouping_table ... ok
test workbook::data_model::package::tests::load_version_accepts_xml_schema_integer_whitespace_but_not_other_spacing ... ok
test workbook::data_model::package::tests::load_version_edit_splices_only_the_attribute_value ... ok
test workbook::data_model::package::tests::opaque_descriptor_retains_inherited_bindings_and_mixed_content ... ok
test workbook::data_model::package::tests::opaque_namespace_capture_bounds_resolver_shadowing_work ... ok
test workbook::data_model::package::tests::package_round_trip_preserves_inert_payload_and_inline_metadata ... ok
test workbook::data_model::package::tests::payload_only_edit_requires_signature_provenance_disposition ... ok
test workbook::data_model::package::tests::payload_only_replacement_reproves_retained_time_groupings ... ok
test workbook::data_model::package::tests::rejects_connections_with_target_queries_or_fragments ... ok
test workbook::data_model::package::tests::rejects_hostile_xml_schema_and_bounds ... ok
test workbook::data_model::package::tests::rejects_invalid_model_connection_identity ... ok
test workbook::data_model::package::tests::rejects_missing_connection_and_unknown_table_references ... ok
test workbook::data_model::package::tests::rejects_orphan_duplicate_wrong_path_and_relationship_edges ... ok
test workbook::data_model::package::tests::signed_source_bound_time_grouping_write_refuses_before_commit ... ok
test workbook::data_model::package::tests::signed_transaction_noop_remains_allowed ... ok
test workbook::data_model::package::tests::snapshots_edits_publication_and_inverse_share_the_package_payload ... ok
test workbook::data_model::package::tests::source_bound_time_grouping_bad_references_never_reach_specialized_writer ... ok
test workbook::data_model::package::tests::source_bound_time_grouping_changed_writes_refuse_unproven_inner_identity ... ok
test workbook::data_model::package::tests::source_bound_time_grouping_noop_survives_save_reopen_and_inverse ... ok
test workbook::data_model::package::tests::source_bound_time_grouping_remove_is_reversible_without_inner_rewrite ... ok
test workbook::data_model::package::tests::source_bound_time_grouping_unknown_sibling_topology_is_not_rewritten ... ok
test workbook::data_model::package::tests::source_bound_transaction_edits_descriptor_and_inverse_restores_exact_graph ... ok
test workbook::data_model::package::tests::source_bound_transaction_removes_and_restores_the_singleton ... ok
test workbook::data_model::package::tests::source_opaque_content_survives_version_edit_and_inverse_save ... ok
test workbook::data_model::package::tests::structural_descriptor_changes_cannot_reuse_the_opaque_payload ... ok
test workbook::data_model::package::tests::transaction_import_preserves_opaque_descriptor_markup ... ok
test workbook::data_model::package::tests::typed_descriptor_round_trip ... ok
test workbook::data_model::removal::tests::cube_dependency_scan_handles_strings_names_and_xml_entities ... ok
test workbook::data_model::removal::tests::named_consumers_decode_xstrings_and_reject_duplicate_owners ... ok
test workbook::data_model::removal::tests::x14_validation_wrappers_leave_xm_formula_ownership_to_the_child ... ok
test workbook::edit::svg_lifecycle::relationship_ids::tests::checked_suffix_growth_refuses_u64_overflow ... ok
test workbook::edit::svg_lifecycle::relationship_ids::tests::dense_source_ids_advance_once_without_rechecking_the_prefix ... ok
test workbook::edit::svg_lifecycle::relationship_ids::tests::detached_and_transaction_issued_ids_are_never_reused ... ok
test workbook::edit::svg_lifecycle::relationship_ids::tests::holes_and_case_variants_do_not_change_exact_id_semantics ... ok
test workbook::edit::svg_lifecycle::tests::chained_graph_additions_measure_final_source_less_relationships ... ok
test workbook::edit::svg_lifecycle::tests::failed_attach_admission_leaves_real_preflight_retryable ... ok
test workbook::edit::svg_lifecycle::tests::no_op_detach_retains_real_preflight_cache ... ok
test workbook::edit::tests::cells::calculation_chain_removal_is_atomic_and_reversible ... ok
test workbook::edit::tests::cells::cell_crud_is_atomic_reversible_and_source_preserving ... ok
test workbook::edit::tests::cells::cell_transfer_clones_classic_chart_graph_through_merge_and_durable_inverse ... ok
test workbook::edit::tests::cells::cell_transfer_clones_selected_picture_graph_and_is_reversible ... ok
test workbook::edit::tests::cells::clear_and_remove_have_distinct_missing_and_empty_semantics ... ok
test workbook::edit::tests::cells::clearing_a_cell_created_in_the_same_transaction_keeps_an_empty_record ... ok
test workbook::edit::tests::cells::commit_adopts_only_the_changed_worksheet_store ... ok
test workbook::edit::tests::cells::commit_does_not_retain_an_oversized_validated_store ... ok
test workbook::edit::tests::cells::large_plain_worksheet_sparse_edit_reopens_and_preserves_store_policy ... ok
test workbook::edit::tests::cells::merged_range_crud_is_sparse_safe_reversible_and_composable ... ok
test workbook::edit::tests::cells::merged_range_reads_share_one_snapshot_without_public_locks ... ok
test workbook::edit::tests::cells::payload_and_style_effects_on_one_cell_join_without_locks ... ok
test workbook::edit::tests::cells::plain_cell_rewrite_preserves_neighbor_bytes_and_reopens_typed_formulas ... ok
test workbook::edit::tests::cells::resetting_style_is_distinct_from_removal_and_missing_is_a_no_op ... ok
test workbook::edit::tests::cells::rich_shared_string_transfer_keeps_exact_dependency_through_join_replay_and_inverse ... ok
test workbook::edit::tests::cells::shared_style_crud_is_lineage_checked_reversible_and_exact ... ok
test workbook::edit::tests::cells::signed_packages_refuse_edits_before_mutation ... ok
test workbook::edit::tests::lane::a_changed_cell_reemitted_into_an_omitted_run_keeps_the_complete_readback ... ok
test workbook::data_model::codec::tests::write_preflights_exact_escaped_descriptor_size_at_the_limit ... ok
test workbook::edit::tests::lane::a_foreign_sheet_data_before_the_body_keeps_the_complete_readback ... ok
test workbook::edit::tests::lane::markup_compatibility_and_noncompact_sources_keep_the_complete_readback ... ok
test workbook::edit::tests::lane::byte_order_marked_worksheets_edit_exactly_like_unmarked_ones ... ok
test workbook::edit::tests::lane::refused_edits_keep_their_refusal_on_the_reduced_route ... ok
test workbook::edit::tests::lane::small_sheets_keep_the_complete_readback_and_its_handoff ... ok
test workbook::edit::tests::lane::value_updates_above_the_handoff_bound_take_the_reduced_readback ... ok
test workbook::edit::tests::lane::worksheets_above_the_web_reader_limit_never_take_the_reduced_readback ... ok
test workbook::edit::tests::layout::column_layout_is_selector_first_typed_reversible_and_facet_composable ... ok
test workbook::edit::tests::layout::column_layout_patch_guards_and_rebinds_hidden_shared_style_identity ... ok
test workbook::edit::tests::layout::column_visibility_is_checked_reversible_and_composable ... ok
test workbook::edit::tests::layout::grid_default_styles_are_lineage_checked_reversible_and_facet_composable ... ok
test workbook::edit::tests::layout::new_sheet_defaults_require_height_and_commit_with_short_selectors ... ok
test workbook::edit::tests::layout::row_layout_is_typed_reversible_and_facet_composable ... ok
test workbook::edit::tests::layout::row_layout_patch_guards_and_rebinds_hidden_shared_style_identity ... ok
test workbook::edit::tests::layout::row_visibility_is_checked_reversible_and_patch_visible ... ok
test workbook::edit::tests::layout::worksheet_defaults_are_typed_reversible_and_facet_composable ... ok
test workbook::edit::tests::layout::worksheet_page_break_cache_hit_still_validates_sheet_kind ... ok
test workbook::edit::tests::layout::worksheet_page_break_cache_is_shared_across_unchanged_publication ... ok
test workbook::edit::tests::layout::worksheet_page_break_cache_is_snapshot_local_across_clones_and_noop_edits ... ok
test workbook::edit::tests::layout::worksheet_page_break_projection_cache_has_finite_weighted_retention ... ok
test workbook::edit::tests::layout::worksheet_page_break_projection_errors_are_not_cached ... ok
test workbook::edit::tests::layout::worksheet_page_break_projection_is_invalidated_by_publication ... ok
test workbook::edit::tests::layout::worksheet_page_break_projection_reuses_successful_snapshot_parse ... ok
test workbook::edit::tests::tabs::active_relocation_synchronizes_worksheet_and_chart_view_selection ... ok
test workbook::edit::tests::tabs::active_tab_is_selector_first_reversible_and_composable ... ok
test workbook::edit::tests::tabs::active_tab_requires_final_visibility_and_conflicts_globally ... ok
test workbook::edit::tests::tabs::defined_name_catalog_write_is_compact_joinable_replayable_and_reversible ... ok
test workbook::edit::tests::tabs::numeric_tab_moves_are_checked_and_all_positions_round_trip ... ok
test workbook::edit::tests::tabs::showing_an_unknown_producer_state_repairs_it_explicitly ... ok
test workbook::edit::tests::tabs::tab_rename_is_typed_dependency_aware_move_first_and_reversible ... ok
test workbook::edit::tests::tabs::tab_rename_validates_names_collisions_swaps_and_join_facets ... ok
test workbook::edit::tests::tabs::tab_reorder_blocks_protection_and_revision_tracking ... ok
test workbook::edit::tests::tabs::tab_reorder_composes_with_other_facets_and_conflicts_globally ... ok
test workbook::edit::tests::tabs::tab_reorder_is_selector_first_dependency_aware_and_reversible ... ok
test workbook::edit::tests::tabs::tab_visibility_applies_to_non_worksheet_sheet_kinds ... ok
test workbook::edit::tests::tabs::tab_visibility_blocks_protected_workbook_structure ... ok
test workbook::edit::tests::tabs::tab_visibility_composes_with_cells_and_conflicts_by_facet ... ok
test workbook::edit::tests::tabs::tab_visibility_is_selector_first_reversible_and_active_safe ... ok
test workbook::edit::tests::transactions::independently_prepared_disjoint_edits_join_after_threaded_work ... ok
test workbook::edit::tests::transactions::join_conflicts_are_structured_and_return_the_rejected_edit ... ok
test workbook::edit::tests::transactions::metadata_only_edit_preserves_strict_namespace_and_unknown_xml ... ok
test workbook::edit::tests::transactions::metadata_only_edit_rejects_malformed_worksheet_like_the_source_parser ... ok
test workbook::edit::tests::transactions::metadata_only_edit_with_the_existing_value_is_a_byte_no_op ... ok
test workbook::edit::tests::transactions::page_margins_merge_replay_inverse_and_record_history ... ok
test workbook::edit::tests::transactions::row_visibility_joins_with_cells_and_conflicts_by_row ... ok
test workbook::edit::tests::web::task_panes_and_sheet_removal_join_conflicts_are_symmetric ... ok
test workbook::edit::tests::web::web_bindings_and_task_panes_commit_join_and_reverse_atomically ... ok
test workbook::edit::tests::web::web_patch_cross_graph_validation_is_atomic_on_alternate_snapshots ... ok
test workbook::edit::tests::worksheets::worksheet_add_allocates_strict_graph_identity_without_exposing_it ... ok
test workbook::edit::tests::worksheets::worksheet_add_blocks_protected_and_compatibility_owned_catalogs ... ok
test workbook::edit::tests::worksheets::worksheet_add_closes_rename_formula_and_extended_property_dependencies ... ok
test workbook::edit::tests::worksheets::worksheet_add_is_atomic_populatable_active_and_reversible ... ok
test workbook::edit::tests::worksheets::worksheet_add_synchronizes_optional_properties_during_a_simultaneous_reorder ... ok
test workbook::edit::tests::worksheets::worksheet_add_validates_names_visibility_and_parallel_joins ... ok
test workbook::edit::tests::worksheets::worksheet_insert_is_selector_first_order_aware_and_reversible ... ok
test workbook::edit::tests::worksheets::worksheet_insert_join_preserves_explicit_edit_order ... ok
test workbook::edit::tests::worksheets::worksheet_remove_accepts_case_equivalent_opc_targets ... ok
test workbook::edit::tests::worksheets::worksheet_remove_blocks_custom_workbook_view_identity ... ok
test workbook::edit::tests::worksheets::worksheet_remove_blocks_live_formulas_last_sheet_and_mixed_edits ... ok
test workbook::edit::tests::worksheets::worksheet_remove_blocks_macro_projects_and_extra_incoming_relationships ... ok
test workbook::edit::tests::worksheets::worksheet_remove_is_selector_first_active_relocating_and_reversible ... ok
test workbook::edit::tests::worksheets::worksheet_remove_joins_disjoint_plans_and_blocks_unknown_dependencies ... ok
test workbook::source::tests::cached_worksheet_queries_do_not_reload_an_evicted_payload ... ok
test workbook::source::tests::deferred_catalog_and_first_sheet_do_not_reach_second_worksheet_body_marker ... ok
test workbook::source::tests::final_catalog_check_rejects_revision_flip_after_empty_metadata_build ... ok
test workbook::source::tests::final_cell_and_collection_checks_reject_revision_flips_after_owned_clones ... ok
test workbook::source::tests::managed_facade_cancellation_is_typed_before_open_and_on_cached_reads ... ok
test workbook::source::tests::managed_facade_one_under_budget_rejects_before_selected_part_io ... ok
test workbook::source::tests::managed_facade_selectively_materializes_with_exact_budget_and_releases_on_drop ... ok
test workbook::source::tests::managed_package_facade_checks_package_cancellation_on_cached_reads ... ok
test workbook::source::tests::source_changes_are_returned_as_typed_opc_errors ... ok
test workbook::source::tests::streaming_0363_tests::cancellation_0363_does_not_publish_store ... ok
test workbook::source::tests::streaming_0363_tests::crc_failure_0363_does_not_publish_store ... ok
test workbook::source::tests::streaming_0363_tests::dimension_metadata_0400_keeps_scalar_and_range_queries_streaming ... ok
test workbook::source::tests::streaming_0363_tests::eligible_scalar_cell_queries_0363_preserve_sparse_states_without_store ... ok
test workbook::source::tests::streaming_0363_tests::eligible_scalar_cell_queries_0363_rescan_without_cache ... ok
test workbook::source::tests::streaming_0363_tests::malformed_tail_0363_does_not_publish_store ... ok
test workbook::source::tests::streaming_0363_tests::merge_not_eligible_0363_falls_back_and_initializes_store ... ok
test workbook::source::tests::streaming_0363_tests::source_change_0363_does_not_publish_store ... ok
test workbook::source::tests::streaming_0363_tests::unsupported_dimension_metadata_0400_preserves_eager_fallback ... ok
test workbook::source::tests::streaming_0364_tests::dependency_crc_errors_0364_do_not_publish_semantics ... ok
test workbook::source::tests::streaming_0364_tests::dependency_source_change_and_cancellation_0364_stay_primary ... ok
test workbook::source::tests::streaming_0364_tests::final_fence_0364_outranks_parser_error ... ok
test workbook::source::tests::streaming_0364_tests::invalid_and_missing_dependency_refs_0364_fall_back_without_store ... ok
test workbook::source::tests::streaming_0364_tests::late_dependency_errors_0364_are_primary_without_publication ... ok
test workbook::source::tests::streaming_0364_tests::plain_shared_string_and_style_stream_0364_avoids_materialization ... ok
test workbook::source::tests::streaming_0364_tests::repeated_eligible_dependency_query_0364_rescans_source ... ok
test workbook::source::tests::streaming_0364_tests::requested_plain_and_rich_sst_0364_have_eager_parity ... ok
test workbook::source::tests::streaming_0364_tests::semantic_dependency_caches_0364_survive_payload_eviction ... ok
test workbook::source::tests::streaming_0364_tests::unselected_dependency_maxima_0364_are_validated ... ok
test workbook::source::tests::streaming_0365_tests::callback_cancellation_0365_uses_package_owned_context ... ok
test workbook::source::tests::streaming_0365_tests::callback_error_0365_preserves_exact_prefix ... ok
test workbook::source::tests::streaming_0365_tests::cold_cells_0365_are_sparse_row_major_and_area_bounded ... ok
test workbook::source::tests::streaming_0365_tests::cold_visit_cells_0365_matches_sparse_sequence_and_count ... ok
test workbook::source::tests::streaming_0365_tests::dependency_crc_0365_has_zero_callbacks_without_publication ... ok
test workbook::source::tests::streaming_0365_tests::final_source_change_0365_outranks_callback_error ... ok
test workbook::source::tests::streaming_0365_tests::malformed_tail_and_worksheet_0365_have_zero_callbacks ... ok
test workbook::source::tests::streaming_0365_tests::merge_and_shared_formula_0365_fall_back_to_store ... ok
test workbook::source::tests::streaming_0365_tests::multiple_dependencies_0365_stay_cold_without_store_or_part_cache ... ok
test workbook::source::tests::streaming_0365_tests::repeated_cells_0365_rescan_without_cache ... ok
test workbook::source::tests::streaming_0365_tests::source_change_and_cancellation_0365_have_zero_callbacks ... ok
test workbook::source::tests::streaming_0365_tests::warm_store_cells_0365_match_cold_selection ... ok
test workbook::source::tests::streaming_0366_tests::cold_cell_0366_decodes_references_with_exact_eager_parity ... ok
test workbook::source::tests::streaming_0366_tests::cold_cells_0366_are_sparse_row_major_and_stay_cold ... ok
test workbook::source::tests::streaming_0366_tests::cold_visit_cells_0366_stages_decoded_callbacks_without_admission ... ok
test workbook::source::tests::streaming_0366_tests::malformed_reference_tail_and_crc_0366_have_no_callbacks_or_publication ... ok
test workbook::source::tests::streaming_0366_tests::valid_overlong_and_numeric_inline_refs_0366_require_eager_fallback ... ok
test workbook::source::tests::streaming_0367_tests::cold_cells_and_visit_0367_are_sparse_physical_and_merge_coverage_is_not_synthetic ... ok
test workbook::source::tests::streaming_0367_tests::cold_merge_cell_views_0367_match_forced_eager_without_admission ... ok
test workbook::source::tests::streaming_0367_tests::crc_source_change_and_cancellation_0367_have_zero_callbacks ... ok
test workbook::source::tests::streaming_0367_tests::malformed_merge_metadata_0367_has_zero_callbacks_and_publication ... ok
test workbook::source::tests::streaming_0367_tests::merge_and_unsupported_semantics_0367_match_eager_with_store_admission ... ok
test workbook::source::tests::streaming_0367_tests::numeric_value_scratch_0400_preserves_late_fallback_parity ... ok
test workbook::source::tests::streaming_0642_tests::cells_0672_reserve_exactly_the_stored_selection ... ok
test workbook::source::tests::streaming_0642_tests::visit_cells_0642_matches_cells_on_both_routes ... ok
test workbook::source::tests::streaming_0642_tests::visit_cells_0642_refuses_a_later_row_before_any_visit ... ok
test workbook::source::tests::streaming_0642_tests::visit_cells_0642_stops_on_the_stored_route_at_the_failing_cell ... ok
test workbook::tests::cell_facade_is_sparse_exact_and_non_mutating ... ok
test workbook::tests::clones_share_the_snapshot_and_handles_pin_it ... ok
test workbook::tests::concurrent_first_cell_read_publishes_one_safe_snapshot ... ok
test workbook::tests::concurrent_snapshot_reads_need_no_public_locking ... ok
test workbook::tests::duplicate_names_and_dangling_relationships_are_typed_errors ... ok
test workbook::tests::flavor_is_content_derived ... ok
test workbook::tests::new_workbook_is_deterministic_and_selector_first ... ok
test workbook::tests::owned_workbook_noop_output_preserves_exact_archive ... ok
test workbook::tests::package_and_workbook_ingress_honor_exact_read_limits ... ok
test workbook::tests::poi_and_libreoffice_shared_formula_oracles_match ... ok
test workbook::tests::styles_graph_table_and_cell_references_are_checked ... ok
test workbook::tests::validated_worksheet_store_adoption_requires_exact_bytes_and_lineage ... ok
test workbook::tests::web_facades_are_lazy_borrowed_and_snapshot_scoped ... ok
test workbook::tests::worksheet_operations_reject_other_sheet_kinds_without_parsing_them ... ok
test workbook::worksheet::tests::empty_snapshot_exposes_typed_worksheet_facades ... ok
test workbook_metadata::codec::tests::duplicate_attribute_names_are_refused_as_before ... ok
test workbook_metadata::codec::tests::many_distinct_attribute_names_are_read_in_order ... ok
test workbook_metadata::protection::tests::parses_legacy_workbook_and_revision_verifiers ... ok
test workbook_metadata::protection::tests::parses_strict_strong_workbook_protection ... ok
test workbook_metadata::protection::tests::rejects_invalid_or_mixed_verifier_metadata ... ok
test workbook_metadata::protection::tests::workbook_accessor_reads_a_real_excel_strong_verifier ... ok
test workbook_metadata::protection::tests::writer_escapes_future_algorithm_names_without_weakening_validation ... ok
test workbook_metadata::protection::tests::writes_and_reparses_all_typed_protection_attributes ... ok
test workbook_metadata::tests::mce_choice_selects_understood_metadata_branch ... ok
test workbook_metadata::tests::rejects_malformed_and_out_of_bounds_values ... ok
test workbook_metadata::tests::strict_round_trip_preserves_indices_and_extensions ... ok
test xml_maps::tests::borrowed_codec_view_does_not_clone_large_opaque_payloads ... ok
test xml_maps::tests::handles_strict_and_mce_fallback ... ok
test xml_maps::tests::keeps_poi_xxe_schema_inert ... ok
test xml_maps::tests::package_xml_maps_mutators_reject_invalid_existing_graphs_before_replacement ... ok
test xml_maps::tests::preserves_unrelated_references_when_removing_xml_maps ... ok
test xml_maps::tests::reads_libreoffice_unqualified_children_and_binding ... ok
test xml_maps::tests::reads_poi_real_fixture_and_round_trips_strict ... ok
test xml_maps::tests::rejects_malformed_unsafe_and_invalid_models ... ok
test xml_maps::tests::serializer_rejects_oversized_output_before_final_append ... ok
test xml_maps::tests::stores_rewrites_and_removes_inert_xml_maps_parts ... ok
test xml_maps::tests::transaction_crud_preserves_source_payload_and_round_trips_both_conformances ... ok
test xml_maps::tests::transaction_noop_inverse_and_stale_patch_are_atomic ... ok
test xml_maps::tests::writes_real_poi_xml_maps_package_without_resolving_schema_payloads ... ok
test workbook::edit::tests::lane::random_edits_on_dense_sheets_publish_identical_bytes ... ok

test result: ok. 1367 passed; 0 failed; 0 ignored; 0 measured; 0 filtered out; finished in 45.27s

     Running tests/byte_order_marked_parts.rs (/home/zhuhe/code/litchi-target-0776-quality/debug/deps/byte_order_marked_parts-c1340ca58b0498f8)

running 5 tests
test a_fully_marked_workbook_reads_and_saves_like_the_unmarked_workbook ... ok
test a_workbook_with_producer_marked_manifests_edits_like_its_unmarked_twin ... ok
test cell_edits_of_marked_indented_worksheets_match_unmarked_edits ... ok
test sheet_catalog_view_and_hyperlink_edits_of_marked_parts_match_unmarked_edits ... ok
test source_backed_cell_edits_of_marked_parts_match_unmarked_edits ... ok

test result: ok. 5 passed; 0 failed; 0 ignored; 0 measured; 0 filtered out; finished in 0.07s

     Running tests/cached_unique_names.rs (/home/zhuhe/code/litchi-target-0776-quality/debug/deps/cached_unique_names-21dc4165d7078141)

running 38 tests
test cached_unique_name_leaves_are_attribute_only_and_empty_name_is_valid ... ok
test cache_id_version_accepts_unsigned_byte_maximum_but_rejects_overflow ... ok
test cached_unique_names_parent_sequence_requires_xml_whitespace_between_children ... ok
test cached_unique_names_exact_grammar_rejects_unowned_mce_and_unknown_content ... ok
test caller_limits_reject_large_source_or_candidate_before_publication ... ok
test duplicate_field_names_are_not_a_semantic_name_selector ... ok
test duplicate_names_are_legal_but_indices_must_be_unsigned_and_unique ... ok
test entities_and_spreadsheet_escape_suppression_are_decoded_as_xstring ... ok
test entity_escaped_namespace_uris_normalize_for_direct_and_mce_owners ... ok
test decoded_utf16_name_limit_counts_supplementary_scalars_and_is_atomic ... ok
test explicit_zero_connection_id_does_not_establish_the_model_owner ... ok
test existing_name_edits_allow_empty_xstring_but_reject_structure_and_unknown_index ... ok
test extension_uri_internal_whitespace_and_wrong_values_do_not_infer_by_qname ... ok
test fixture_uses_exact_owner_and_unresolved_shared_items_anchor ... ok
test malformed_opaque_qnames_text_and_reserved_namespace_bindings_are_rejected ... ok
test extension_uri_token_padding_is_semantic_but_raw_source_bound ... ok
test mce_inactive_fallback_with_identical_payload_is_not_a_duplicate ... ok
test mce_nested_selected_choice_is_readable_but_edit_refused ... ok
test mce_branch_attributes_require_qualified_or_effectively_ignorable_namespaces ... ok
test mce_selected_branch_is_readable_but_ambiguous_scalar_publication_is_refused ... ok
test mce_requires_accepts_only_xml_whitespace_and_legal_prefix_aliases ... ok
test model_connection_requires_type_five_de250_true_and_empty_id ... ok
test no_op_and_same_value_edits_retain_exact_cache_source_bytes ... ok
test opaque_cdata_comments_and_entity_encoded_xml_prefix_are_preserved ... ok
test ordinary_workbook_edit_returns_new_snapshot_preserves_original_and_reopens ... ok
test ordinary_workbook_facade_reads_semantic_cache_and_field_selectors ... ok
test model_connection_routes_require_f057_or_explicit_id_and_allow_both_when_consistent ... ok
test ordinary_workbook_no_op_preserves_bytes_and_reports_empty_patch ... ok
test ordinary_workbook_patch_is_fresh_source_bound_stale_atomic_and_exactly_reversible ... ok
test patch_inverse_restores_exact_bytes_and_stale_or_signed_targets_are_atomic ... ok
test pivot_cache_id_version_requires_exact_attributes_and_payload_grammar ... ok
test reads_by_semantic_cache_id_and_field_ordinal_or_name_and_reports_unresolved_bound ... ok
test same_qname_under_unknown_or_inactive_mce_is_opaque_and_not_fragment_capped ... ok
test scalar_edit_is_existing_name_only_and_preserves_source_geometry ... ok
test oversized_duplicate_cache_extensions_are_refused_before_duplicate_diagnostics ... ok
test scalar_edit_round_trips_decoded_control_as_spreadsheet_escape ... ok
test strict_and_transitional_roots_and_prefixed_aliases_have_same_semantics ... ok
test unsigned_indices_accept_plus_one_and_negative_zero_lexicals_source_bound ... ok

test result: ok. 38 passed; 0 failed; 0 ignored; 0 measured; 0 filtered out; finished in 0.25s

     Running tests/calculation_metadata.rs (/home/zhuhe/code/litchi-target-0776-quality/debug/deps/calculation_metadata-05596abcb742b0c8)

running 8 tests
test absent_metadata_round_trips_typed_properties_and_inert_feature_occurrences ... ok
test feature_name_and_output_limits_fail_without_partial_publication ... ok
test formula_edit_exposes_recalculation_invalidation_through_workbook_owner ... ok
test mce_projected_metadata_is_readable_but_changed_edits_are_refused ... ok
test metadata_removal_restores_workbook_markup_and_preserves_unrelated_part_bytes ... ok
test patch_inverse_restores_exact_source_and_stale_application_is_atomic ... ok
test signed_no_op_is_exact_but_changed_metadata_is_refused ... ok
test encrypted_source_refuses_metadata_mutation_until_explicit_plain_reopen ... ok

test result: ok. 8 passed; 0 failed; 0 ignored; 0 measured; 0 filtered out; finished in 0.11s

     Running tests/calculation_metadata_formula_security.rs (/home/zhuhe/code/litchi-target-0776-quality/debug/deps/calculation_metadata_formula_security-a76b7f4d4880608e)

running 9 tests
test calculation_metadata_patch_no_op_is_exact_but_change_is_refused_on_signed_package ... ok
test calculation_metadata_patches_are_refused_exactly_on_encrypted_provenance_package ... ok
test changed_public_patch_is_refused_on_workbook_from_signed_package ... ok
test changed_public_patch_is_refused_on_encrypted_provenance_facade ... ok
test empty_and_effective_no_op_patches_preserve_exact_workbook_bytes ... ok
test formula_invalidation_preserves_ordered_duplicate_calc_features_exactly ... ok
test recalculation_failure_on_mce_projected_calc_pr_is_atomic ... ok
test effective_cell_content_transitions_invalidate_flags_and_remove_calc_chain ... ok
test style_only_edit_preserves_calc_flags_and_chain ... ok

test result: ok. 9 passed; 0 failed; 0 ignored; 0 measured; 0 filtered out; finished in 0.15s

     Running tests/calculation_metadata_limits.rs (/home/zhuhe/code/litchi-target-0776-quality/debug/deps/calculation_metadata_limits-21782f4dcd22907d)

running 8 tests
test every_limit_builder_rejects_zero_with_a_typed_error ... ok
test depth_event_and_attribute_limits_accept_exact_n_and_reject_n_plus_one ... ok
test failed_patch_is_atomic_and_retains_the_exact_source ... ok
test feature_limits_accept_exact_n_and_reject_n_plus_one ... ok
test opaque_byte_limit_accepts_exact_n_and_rejects_n_plus_one ... ok
test raw_and_mce_byte_limits_accept_exact_n_and_reject_n_plus_one ... ok
test staged_features_are_checked_by_writer_count_and_name_limits ... ok
test output_limit_accepts_exact_n_and_failed_transaction_is_atomic_at_n_plus_one ... ok

test result: ok. 8 passed; 0 failed; 0 ignored; 0 measured; 0 filtered out; finished in 0.00s

     Running tests/calculation_metadata_schema.rs (/home/zhuhe/code/litchi-target-0776-quality/debug/deps/calculation_metadata_schema-74b5a0bafe16b484)

running 9 tests
test all_thirteen_calc_pr_setters_insert_and_round_trip_exact_authored_values ... ok
test complete_xsd_double_special_value_space_round_trips_through_public_setter ... ok
test malformed_calc_features_schema_boundaries_are_rejected ... ok
test existing_calc_pr_rewrite_removes_each_authored_attribute_and_then_the_tag ... ok
test mce_selected_calc_features_are_readable_but_changed_edit_is_refused ... ok
test strict_prefixed_noncanonical_workbook_writes_and_reopens_calc_pr ... ok
test strict_prefixed_workbook_inserts_calc_features_with_strict_core_qnames ... ok
test xsd_atomic_whitespace_and_leading_zero_unsigned_are_canonicalized_and_plus_rejected ... ok
test xsd_string_feature_names_preserve_empty_whitespace_and_supplementary_scalars ... ok

test result: ok. 9 passed; 0 failed; 0 ignored; 0 measured; 0 filtered out; finished in 0.01s

     Running tests/custom_data_limits.rs (/home/zhuhe/code/litchi-target-0776-quality/debug/deps/custom_data_limits-96a4972975148df4)

running 28 tests
test caller_limits_propagate_to_storage_payload_and_relationship_graph_admission ... ok
test connection_in_root_cdata_counts_against_xml_string_bytes ... ok
test connection_namespace_budget_includes_prefix_bytes ... ok
test connection_namespace_declarations_consume_attribute_budget ... ok
test connection_owner_relationship_presence_is_source_bound_and_inverse_exact ... ok
test content_types_xml_event_and_depth_caps_cover_the_source_member ... ok
test default_public_custom_data_api_remains_usable ... ok
test entity_escaped_connection_namespace_preserves_binding_or_refuses ... ok
test connection_and_temporary_caps_cover_rename_growth_without_mutating_source ... ok
test final_output_cap_accepts_candidate_shrink_and_rejects_one_under ... ok
test host_uid_limit_counts_utf16_units_exactly ... ok
test host_xml_limits_accept_exact_boundaries_and_reject_one_under ... ok
test final_output_cap_uses_candidate_aggregate_for_mixed_shrink_and_growth ... ok
test namespace_byte_limit_reports_input_bytes_dimension ... ok
test moved_payload_can_exceed_temporary_cap_without_copy ... ok
test query_table_empty_elements_honor_the_xml_depth_cap ... ok
test query_table_mce_event_and_depth_caps_cover_raw_and_processed_xml ... ok
test relationship_xml_event_and_depth_caps_cover_the_source_member ... ok
test removal_refuses_unexpected_inbound_relationships_atomically ... ok
test retained_content_types_manifest_can_shrink_below_temporary_cap_and_inverse_restores_source ... ok
test retained_limits_survive_public_patch_inverse_after_reopen ... ok
test relationship_xml_cap_includes_inserted_edges_and_removal_inverse_restores_source ... ok
test retained_properties_xml_can_shrink_below_temporary_cap_and_inverse_restores_source ... ok
test signed_custom_data_noop_is_exact_but_changed_commit_is_refused ... ok
test source_bound_noop_and_inverse_preserve_lexical_zip_members ... ok
test stale_custom_data_patch_is_refused_without_mutating_the_target ... ok
test zero_xml_event_budget_is_refused_without_widening ... ok
test retained_xml_can_shrink_below_temporary_cap_and_inverse_restores_source ... ok

test result: ok. 28 passed; 0 failed; 0 ignored; 0 measured; 0 filtered out; finished in 0.22s

     Running tests/data_model_native.rs (/home/zhuhe/code/litchi-target-0776-quality/debug/deps/data_model_native-55fc7fad682d6c04)

running 23 tests
test connections_owner_inverse_rejects_new_incoming_edges_to_absent_uri ... ok
test borrowed_native_model_preserves_relationship_xml_through_edit_and_inverse ... ok
test connections_owner_removal_patch_rechecks_new_foreign_references ... ok
test connections_owner_inverse_rejects_uri_reuse_even_with_unchanged_manifest ... ok
test final_connections_owner_resolves_case_variant_owning_target ... ok
test native_descriptor_patch_rejects_relationship_lexical_source_changes ... ok
test final_connections_owner_removal_refuses_unowned_content_and_edges_atomically ... ok
test native_model_rejects_case_equivalent_foreign_targets ... ok
test native_model_read_descriptor_edit_reopen_and_exact_inverse ... ok
test native_model_removal_preserves_connections_processing_instructions_and_tokens ... ok
test native_model_removal_refuses_query_pivot_and_cube_dependencies_atomically ... ok
test native_model_workbook_edge_resolves_case_equivalent_target ... ok
test native_model_removal_retains_connections_and_restores_exact_source ... ok
test native_profile_rejects_corrupt_boundaries_frames_and_log_bindings ... ok
test native_relationship_token_removal_and_inverse_preserve_exact_xml ... ok
test native_removal_honors_auto_delete_and_addin_retention_with_exact_inverse ... ok
test native_removal_deletes_final_connections_owner_and_restores_exact_inverse ... ok
test native_removal_patch_rechecks_changed_dependent_parts_before_publication ... ok
test native_workbook_relationship_compatibility_has_exact_owner_and_target ... ok
test public_data_model_writer_enforces_xml10_character_boundaries ... ok
test public_structural_descriptor_and_payload_replacement_is_refused_without_inner_identity_proof ... ok
test unknown_model_profile_is_retained_on_package_write ... ok
test native_removal_refuses_named_extension_and_attribute_formula_consumers ... ok

test result: ok. 23 passed; 0 failed; 0 ignored; 0 measured; 0 filtered out; finished in 1.72s

     Running tests/data_model_opaque_context.rs (/home/zhuhe/code/litchi-target-0776-quality/debug/deps/data_model_opaque_context-44be302379aed1b0)

running 6 tests
test public_model_context_capture_survives_descriptor_edit_and_exact_inverse ... ok
test public_model_import_closes_inherited_xml_context_without_rebasing_nested_overrides ... ok
test public_parser_rejects_oversized_opaque_source_before_child_dom ... ok
test public_parser_rejects_undeclared_or_malformed_opaque_attribute_entities ... ok
test public_parser_validates_opaque_attribute_entities_without_rewriting_them ... ok
test public_parser_rejects_oversized_in_scope_namespace_before_unescape ... ok

test result: ok. 6 passed; 0 failed; 0 ignored; 0 measured; 0 filtered out; finished in 0.25s

     Running tests/drawing_anchor_geometry.rs (/home/zhuhe/code/litchi-target-0776-quality/debug/deps/drawing_anchor_geometry-341eeccc974a72aa)

running 8 tests
test only_direct_picture_blips_are_picture_owners ... ok
test projects_all_anchor_forms_with_actual_geometry_and_edit_as ... ok
test rejects_invalid_edit_as_and_schema_bounds ... ok
test applies_drawing_size_and_marker_text_limits_before_projection ... ok
test rejects_missing_duplicate_and_out_of_order_geometry ... ok
test resolves_strict_default_and_transitional_custom_namespaces ... ok
test unknown_payload_blip_does_not_replace_direct_picture_relationship ... ok
test rejects_mce_output_that_exceeds_the_drawing_budget_after_expansion ... ok

test result: ok. 8 passed; 0 failed; 0 ignored; 0 measured; 0 filtered out; finished in 1.36s

     Running tests/drawing_content_part.rs (/home/zhuhe/code/litchi-target-0776-quality/debug/deps/drawing_content_part-f7fa3753ebbd8cda)

running 12 tests
test nested_xdr14_group_content_part_is_not_inferred_as_core_owner ... ok
test alias_default_namespace_and_mixed_picture_content_part_order_stay_paired ... ok
test source_content_part_limit_accepts_exact_and_rejects_one_under ... ok
test source_content_part_refuses_mce_owners_and_keeps_foreign_opaque_markup_out ... ok
test source_core_content_parts_pair_all_anchor_geometry_and_ranges ... ok
test source_content_part_requires_childless_core_element_and_canonical_qname ... ok
test strict_core_content_part_rejects_unknown_attributes_and_pairs_valid_typed_owners ... ok
test worksheet_content_part_limit_accepts_exact_and_rejects_one_under ... ok
test worksheet_content_part_facade_pairs_source_typed_geometry_and_borrowed_payload ... ok
test worksheet_content_part_relation_and_target_graph_failures_are_typed ... ok
test worksheet_content_part_shared_target_and_outbound_graph_are_retained_and_bounded ... ok
test worksheet_content_part_payload_xml_contract_is_bounded_and_preserving ... ok

test result: ok. 12 passed; 0 failed; 0 ignored; 0 measured; 0 filtered out; finished in 0.08s

     Running tests/drawing_svg_lifecycle.rs (/home/zhuhe/code/litchi-target-0776-quality/debug/deps/drawing_svg_lifecycle-c3a734165c810461)

running 51 tests
test attach_save_reopen_detach_preserves_geometry_source_and_opaque_member ... ok
test attach_each_selector_keeps_two_cell_one_cell_and_absolute_geometry ... ok
test attach_then_detach_exact_noop_fits_original_resource_budgets ... ok
test case_variant_svg_target_cleanup_and_inverse_use_canonical_media_part ... ok
test cross_worksheet_detach_attach_accepts_exact_final_metadata_caps ... ok
test cross_worksheet_detach_attach_accepts_exact_final_relationship_graph_node_cap ... ok
test default_svg_content_type_survives_same_picture_detach_then_attach_without_override ... ok
test cross_worksheet_detach_attach_fits_final_part_budget_after_media_reclamation ... ok
test direct_extlst_general_ref_whitespace_siblings_survive_svg_detach_byte_for_byte ... ok
test duplicate_direct_worksheet_drawing_children_are_refused ... ok
test final_svg_removal_rejects_candidate_with_new_outbound_media_edge ... ok
test forward_patch_rejects_changed_or_missing_retained_shared_svg_media ... ok
test empty_blip_and_ext_list_attach_accept_exact_part_and_aggregate_caps ... ok
test hidden_mce_drawing_plus_direct_reference_is_refused ... ok
test generated_svg_relationship_id_decimal_width_fits_exact_xml_budgets ... ok
test in_memory_svg_patch_refuses_changed_worksheet_relationship_readset ... ok
test in_memory_svg_patch_refuses_changed_worksheet_xml_readset ... ok
test incoming_other_part_edge_keeps_svg_media_after_last_picture_detach ... ok
test invalid_external_svg_and_png_fallbacks_fail_before_staging ... ok
test independent_worksheets_share_manifest_and_allocate_distinct_svg_parts ... ok
test invalid_input_selector_and_custom_scan_limits_fail_before_publication ... ok
test mixed_cell_and_svg_changes_publish_as_one_ordinary_transaction ... ok
test media_directory_case_equivalence_supports_attach_detach_and_inverse ... ok
test mixed_svg_replacement_respects_relationship_and_content_type_limits ... ok
test mixed_svg_replacement_respects_retained_part_and_aggregate_byte_limits ... ok
test namespace_only_and_opaque_extension_wrappers_survive_attach ... ok
test multiple_pictures_attach_and_detach_in_one_atomic_transaction ... ok
test neighboring_media_prefix_is_refused_for_svg_and_raster_targets ... ok
test newly_added_root_incoming_svg_edge_refuses_or_retains_candidate_media ... ok
test newly_added_unrelated_part_incoming_svg_edge_refuses_or_retains_candidate_media ... ok
test no_op_detach_exact_inverse_and_stale_patch_are_checked ... ok
test same_picture_attach_then_detach_projects_back_to_an_exact_noop ... ok
test same_picture_detach_then_attach_projects_to_the_new_payload ... ok
test same_drawing_multiple_attachments_use_actual_cross_decimal_id_widths ... ok
test same_transaction_graph_add_cannot_bypass_candidate_svg_incoming_edge ... ok
test scanner_matches_typed_inventory_for_all_anchor_forms_and_direct_svg_owner ... ok
test scanner_preserves_direct_owner_ranges_inherited_prefixes_and_opaque_payload ... ok
test same_transaction_relationship_change_cannot_bypass_candidate_svg_incoming_edge ... ok
test self_closing_relationship_root_expansion_accepts_exact_final_event_cap ... ok
test shared_svg_detach_removes_media_only_after_last_direct_owner ... ok
test shared_svg_target_across_worksheets_is_removed_after_last_same_transaction_owner ... ok
test single_attach_accepts_exact_generated_drawing_cap_and_rejects_one_byte_under ... ok
test sole_owner_replacement_accepts_exact_final_package_and_relationship_budgets ... ok
test source_relationship_ranges_and_content_type_are_stable_across_inverse ... ok
test source_less_relationship_member_accepts_exact_final_event_cap ... ok
test strict_host_uses_strict_core_and_transitional_svg_attribute_namespace ... ok
test unknown_duplicate_mce_external_and_foreign_owners_are_safe_refusals ... ok
test worksheet_direct_drawing_accepts_entity_escaped_namespace_aliases ... ok
test uppercase_root_media_directory_is_equivalent_for_svg_and_raster_targets ... ok
test worksheet_extension_drawing_and_mce_lookalikes_remain_opaque ... ok
test worksheet_direct_drawing_relationship_selection_and_hidden_owners_refuse_safely ... ok

test result: ok. 51 passed; 0 failed; 0 ignored; 0 measured; 0 filtered out; finished in 0.55s

     Running tests/drawing_svg_read.rs (/home/zhuhe/code/litchi-target-0776-quality/debug/deps/drawing_svg_read-c23341baf17d4594)

running 15 tests
test caller_part_xml_cap_refuses_mce_heavy_worksheet_before_read_projection ... ok
test case_variant_svg_media_target_resolves_the_canonical_package_part ... ok
test entity_escaped_drawing_namespace_uris_pair_source_and_typed_reads ... ok
test mce_foreign_wrappers_are_opaque_but_direct_choice_drawings_refuse ... ok
test duplicate_direct_and_hidden_mce_drawing_owners_are_refused ... ok
test native_fixture_pairs_typed_source_and_borrows_svg_payload ... ok
test source_drawing_retains_opaque_comment_cdata_and_pi_bytes ... ok
test strict_core_with_transitional_svg_attribute_is_read_as_strict ... ok
test strict_mce_is_canonical_and_foreign_purl_wrappers_stay_opaque ... ok
test synthetic_all_anchor_forms_pair_source_and_typed_geometry ... ok
test worksheet_namespace_aliases_and_opaque_lookalikes_keep_direct_ownership ... ok
test worksheet_source_caller_caps_are_enforced_before_reference_publication ... ok
test worksheet_source_empty_and_exact_limit_boundaries_are_deterministic ... ok
test worksheet_source_preserves_legal_opaque_events_and_rejects_xml_seam_errors ... ok
test media_relationship_graph_faults_are_refused_without_payload_guessing ... ok

test result: ok. 15 passed; 0 failed; 0 ignored; 0 measured; 0 filtered out; finished in 0.05s

     Running tests/edit_guards.rs (/home/zhuhe/code/litchi-target-0776-quality/debug/deps/edit_guards-7bfdfd374950100e)

running 1 test
test opened_workbooks_edit_through_an_explicit_snapshot_transaction ... ok

test result: ok. 1 passed; 0 failed; 0 ignored; 0 measured; 0 filtered out; finished in 0.00s

     Running tests/encryption.rs (/home/zhuhe/code/litchi-target-0776-quality/debug/deps/encryption-798d7e94379ba151)

running 10 tests
test decrypted_wrong_family_package_is_rejected ... ok
test byte_generation_does_not_change_source_provenance ... ok
test encrypted_provenance_blocks_implicit_plaintext_and_mutation ... ok
test outer_crypto_limit_is_independent_and_typed ... ok
test encrypted_source_raw_declassification_is_explicit ... ok
test password_aware_ingress_accepts_plain_zip_without_provenance ... ok
test package_and_workbook_round_trip_managed_encryption ... ok
test restrictive_inner_opc_limits_reject_valid_encrypted_xlsx ... ok
test reencrypted_output_retains_mode_and_atomic_failure_retains_state ... ok
test signed_inner_opc_survives_encryption_and_reencryption_unchanged ... ok

test result: ok. 10 passed; 0 failed; 0 ignored; 0 measured; 0 filtered out; finished in 0.98s

     Running tests/feature_matrix_boundaries.rs (/home/zhuhe/code/litchi-target-0776-quality/debug/deps/feature_matrix_boundaries-7a1de14383b171ec)

running 3 tests
test defined_names_are_inert_catalog_records_and_custom_props_use_the_package_facade ... ok
test worksheet_projections_parse_compact_source_without_rewriting_it ... ok
test untouched_conditional_hyperlink_and_page_break_xml_stays_byte_exact_through_save ... ok

test result: ok. 3 passed; 0 failed; 0 ignored; 0 measured; 0 filtered out; finished in 0.00s

     Running tests/form_control_owner_read.rs (/home/zhuhe/code/litchi-target-0776-quality/debug/deps/form_control_owner_read-1cf54d47c6811937)

running 39 tests
test aliases_and_xml_entities_preserve_semantic_owner_reads ... ok
test caller_leaf_depth_event_and_opaque_caps_are_forwarded ... ok
test caller_name_limit_is_typed_before_control_projection ... ok
test caller_owner_limits_are_applied_through_eager_and_source_facades ... ok
test caller_part_limit_refuses_before_form_control_source_projection ... ok
test control_name_over_32_characters_is_refused_by_the_native_profile ... ok
test active_x_selection_and_shared_persistence_edges_refuse_as_distinct_owners ... ok
test duplicate_canonical_form_shape_identity_is_refused ... ok
test duplicate_name_selector_is_ambiguous_but_positions_remain_checked ... ok
test entity_escaped_namespace_uris_preserve_semantics_and_source_bytes ... ok
test duplicate_vml_identity_attributes_are_refused ... ok
test identity_geometry_and_object_profile_mismatches_are_refused ... ok
test invalid_boolean_and_vml_token_lexicals_are_refused_or_diagnosed ... ok
test losml_anchor_coordinate_grammar_is_diagnosed_without_discarding_owner ... ok
test managed_owner_clones_and_read_set_keep_budget_charges_alive ... ok
test managed_owner_tiny_execution_depth_is_a_typed_resource_refusal ... ok
test malformed_vml_root_and_incomplete_eof_are_refused ... ok
test mirror_node_caps_refuse_without_retaining_control_shape_charges ... ok
test mirror_diagnostic_projection_budget_counts_every_detail ... ok
test native_corpus_inventory_shape_closure_and_source_bytes ... ok
test native_mirror_defaults_and_explicit_boolean_forms_keep_presence_distinct ... ok
test optional_control_pr_anchor_is_read_with_a_diagnostic ... ok
test native_mirror_pairs_are_clean_and_changed_vml_values_are_diagnosed ... ok
test shared_target_and_external_edges_are_refused_before_projection ... ok
test properties_relationship_member_presence_is_read_and_malformed_member_refused ... ok
test sidecar_relationships_retain_exact_target_data_and_fingerprint ... ok
test source_read_set_retains_exact_owner_relationship_and_mce_provenance ... ok
test source_owner_final_fence_rejects_revision_flip_after_scan ... ok
test source_reads_are_read_only_and_repeated_semantic_selection_is_stable ... ok
test strict_and_activex_relationship_dialects_are_refused ... ok
test unanchored_drawing_shape_with_unrelated_valid_anchor_is_refused ... ok
test unknown_control_edges_and_activex_payload_targets_are_never_ctrlprop_fallbacks ... ok
test unreferenced_properties_are_deterministic_and_bounded_by_mirror_cap ... ok
test unreferenced_properties_are_reported_without_becoming_selectable_controls ... ok
test unrelated_activex_owner_does_not_block_form_control_dispatch ... ok
test unsupported_mce_choice_uses_fallback_and_missing_fallback_refuses ... ok
test worksheet_and_drawing_control_ancestry_requires_direct_admitted_parents ... ok
test worksheet_control_identity_name_limit_reports_object_resource ... ok
test unreferenced_diagnostic_detail_is_charged_by_projection_limit ... ok

test result: ok. 39 passed; 0 failed; 0 ignored; 0 measured; 0 filtered out; finished in 1.07s

     Running tests/form_control_properties.rs (/home/zhuhe/code/litchi-target-0776-quality/debug/deps/form_control_properties-baa632f41bc5f8e1)

running 18 tests
test all_thirty_one_scalars_retain_typed_presence_and_lexical_values ... ok
test detached_rewrite_materializes_shadowed_default_namespaces_for_opaque_descendants ... ok
test booleans_ranges_and_unknown_enum_tokens_are_bounded ... ok
test detached_writer_materializes_x14_namespace_for_opaque_extensions ... ok
test empty_properties_keep_presence_states_and_effective_defaults ... ok
test formula_multisel_and_generated_output_limits_have_exact_boundaries ... ok
test enum_families_accept_every_admitted_variant ... ok
test item_replacements_insert_and_remove_preserve_both_extension_lists ... ok
test item_val_is_required_unqualified_string_and_invalid_grammar_is_rejected ... ok
test missing_or_foreign_extension_uri_stays_opaque_and_unknown_item_markup_is_not_discarded ... ok
test limits_fail_at_one_byte_or_event_under_each_local_ceiling ... ok
test opaque_empty_descendants_count_toward_exact_depth_cap ... ok
test retained_source_and_opaque_bytes_are_precharged_once_at_boundary ... ok
test scalar_attribute_insertion_reserves_the_full_candidate ... ok
test typed_formula_setters_do_not_introduce_ref_errors ... ok
test x14_expanded_names_and_item_string_values_are_exactly_preserved ... ok
test xml10_character_boundaries_cover_items_scalar_strings_and_formulas ... ok
test native_corpus_parts_read_and_write_as_exact_no_ops ... ok

test result: ok. 18 passed; 0 failed; 0 ignored; 0 measured; 0 filtered out; finished in 0.00s

     Running tests/form_control_scalar_lifecycle.rs (/home/zhuhe/code/litchi-target-0776-quality/debug/deps/form_control_scalar_lifecycle-45b58a5c6727a70c)

running 32 tests
test empty_patch_still_checks_the_complete_source_read_set ... ok
test inverse_patch_reopens_to_the_original_scalar_state ... ok
test managed_scalar_result_handles_retain_and_refund_memory_and_objects ... ok
test ordinary_form_control_and_cell_edits_join_on_the_same_sheet ... ok
test ordinary_form_control_durable_patch_replays_forward_and_inverse ... ok
test local_design_fixture_provenance_and_baseline_owner_views_are_stable ... ok
test ordinary_form_control_join_rejects_name_and_position_aliases_without_losing_either_edit ... ok
test ordinary_form_control_patch_replays_forward_and_inverse_with_lineage_guards ... ok
test ordinary_form_control_scalar_noops_have_empty_patches ... ok
test ordinary_form_control_three_way_plan_conflicts_across_selector_aliases_and_resolves ... ok
test ordinary_worksheet_edit_publishes_the_same_paired_scalar_closure ... ok
test scalar_resource_limits_fail_before_any_pair_is_published ... ok
test paired_patch_rejects_each_stale_member_without_mutating_the_package ... ok
test source_commit_rechecks_cancellation_after_snapshot ... ok
test signed_exact_noop_is_byte_preserving_but_authored_clear_is_refused ... ok
test source_noop_is_exact_and_inverse_restores_lexical_pair ... ok
test source_commit_rechecks_exact_custom_vml_limit_after_snapshot ... ok
test source_patch_rejects_changed_incoming_readset_and_signed_mutation ... ok
test source_publication_reopens_through_the_same_source_owner ... ok
test source_only_formula_allows_exact_noop_and_unrelated_scalar_but_refuses_replacement ... ok
test source_scalar_changes_properties_and_vml_as_one_write_set ... ok
test source_scalar_composes_two_fields_on_one_control_without_losing_the_first_overlay ... ok
test source_scalar_does_not_select_foreign_shape_with_duplicate_id ... ok
test source_scalar_limits_and_sink_refusals_do_not_publish_partial_pairs ... ok
test source_scalar_ignores_foreign_namespace_client_data_before_real_owner ... ok
test source_scalar_multi_control_batches_refuse_mixed_targets_atomically ... ok
test source_scalar_refuses_disagreement_without_publishing_one_sided_changes ... ok
test source_scalar_rejects_duplicate_name_selector ... ok
test source_scalar_preserves_unrelated_mce_sidecars_and_opaque_formula_bytes ... ok
test source_scalar_stale_version_and_cancellation_leave_output_empty ... ok
test source_scalar_resolves_xml_escaped_vml_shape_id ... ok
test source_snapshot_retains_profile_read_set_and_commit_guard ... ok

test result: ok. 32 passed; 0 failed; 0 ignored; 0 measured; 0 filtered out; finished in 0.47s

     Running tests/pivot_server_formats.rs (/home/zhuhe/code/litchi-target-0776-quality/debug/deps/pivot_server_formats-53107c4dc6e053d4)

running 52 tests
test c510_uri_internal_whitespace_is_not_a_token_match ... ok
test caller_encoded_attribute_limit_admits_exact_output_and_rejects_one_under ... ok
test c510_uri_token_padding_and_numeric_lexicals_survive_structural_rewrite ... ok
test caller_limits_reject_before_server_format_collection_allocation ... ok
test changed_scalar_preserves_unchanged_entity_lexical_attributes ... ok
test changed_writes_escape_decoded_controls_and_literal_xstring_markers ... ok
test core_namespace_child_and_nested_server_format_content_are_rejected ... ok
test count_child_and_pivot_value_index_bounds_are_checked_before_typed_use ... ok
test duplicate_known_payloads_and_mce_branches_are_retained_as_source_diagnostics ... ok
test diagnostic_index_requires_exact_pivot_row_c_x_owner_chain ... ok
test duplicate_known_uri_unknown_uri_and_wrong_qname_are_rejected_or_inert ... ok
test equal_typed_reorder_retains_each_lexical_leaf_source ... ok
test exact_no_op_and_inverse_do_not_regenerate_the_owner ... ok
test explicit_keep_set_clear_distinguishes_absent_attributes ... ok
test exact_source_aggregate_cap_admits_equal_size_edit_but_rejects_growth ... ok
test fixture_closes_exact_workbook_reference_cache_and_nonworksheet_geometry ... ok
test greater_than_65535_server_format_text_is_allowed_within_caller_limits ... ok
test insert_remove_is_an_exact_noop_but_remove_insert_is_a_source_change ... ok
test no_invalid_cache_field_items_fixture_is_synthesized ... ok
test mce_selected_owner_is_readable_but_scalar_publication_is_refused ... ok
test numeric_xml_controls_are_rejected_in_typed_and_opaque_attributes ... ok
test opaque_namespaced_wrapped_and_mce_index_references_refuse_structural_edits ... ok
test optional_x14_pivot_cache_id_may_be_absent_when_its_owner_is_present ... ok
test ordinary_patch_rejects_stale_workbook_root_namespace_and_mce_context ... ok
test nonworksheet_eligibility_and_cache_closure_are_enforced ... ok
test ordinary_workbook_facade_supports_structural_list_edits_and_exact_inverse ... ok
test oversized_duplicate_pivot_table_references_owner_or_payload_is_refused_before_diagnostics ... ok
test pivot_server_formats_parent_rejects_literal_cdata_references_as_content ... ok
test proven_index_references_are_remapped_and_invalid_removals_are_refused ... ok
test removed_signature_graph_still_requires_explicit_edit_policy ... ok
test retained_relationship_archive_member_bound_uses_public_source_capture ... ok
test retained_relationship_limits_account_for_mutated_root_and_unknown_edges ... ok
test retained_relationship_xml_part_limit_has_exact_and_one_under_mutation_bounds ... ok
test retained_xml_event_depth_and_attribute_limits_are_honored_by_owner_scan ... ok
test scalar_set_replace_clear_preserves_children_count_and_opaque_siblings ... ok
test server_format_children_use_the_extension_namespace_and_allow_legal_spacing ... ok
test ordinary_workbook_patch_apply_refuses_encrypted_provenance ... ok
test strict_and_transitional_roots_keep_the_same_extension_qnames_and_relationship_closure ... ok
test strict_root_and_alternate_prefixes_keep_typed_values ... ok
test stale_signed_and_limited_publications_refuse_before_mutation ... ok
test structural_list_cardinality_and_invalid_operations_are_failure_atomic ... ok
test structural_list_aggregate_cap_is_checked_before_publication ... ok
test third_oversized_pivot_table_reference_payload_is_capped_in_diagnostic_mode ... ok
test structural_list_crud_preserves_order_count_comments_and_prefix_in_both_dialects ... ok
test typed_reads_are_selector_first_and_close_the_logical_cache_identity ... ok
test u32_whitespace_and_strict_transitional_relationship_ids_are_accepted ... ok
test unknown_ext_uri_with_the_same_qname_is_not_a_server_format_owner ... ok
test unpaired_surrogate_is_rejected_but_escaped_control_and_literal_are_retained ... ok
test unchanged_reference_indices_retain_whitespace_and_entity_lexical_spelling ... ok
test workbook_facade_resolves_server_formats_by_semantic_selector ... ok
test workbook_facade_patch_is_stale_checked_and_composes_with_ordinary_edit ... ok
test workbook_facade_scalar_edit_commit_save_reopen_and_inverse ... ok

test result: ok. 52 passed; 0 failed; 0 ignored; 0 measured; 0 filtered out; finished in 0.36s

     Running tests/pivot_table_data.rs (/home/zhuhe/code/litchi-target-0776-quality/debug/deps/pivot_table_data-4c7b08cd147ba066)

running 49 tests
test authored_counts_coordinates_and_omissions_are_checked_without_dense_assumptions ... ok
test borrowed_low_level_scalar_setters_preflight_utf16_and_preserve_source ... ok
test borrowed_workbook_limit_constructor_accepts_valid_source_and_enforces_event_budget ... ok
test borrowed_workbook_limits_noop_preserves_source_and_snapshot_clone_is_observable ... ok
test borrowed_workbook_scalar_setters_preflight_limits_are_atomic_and_preserve_source ... ok
test c444_value_cdata_is_readable_source_preserving_and_scalar_editable ... ok
test cache_ids_accept_xml_unsigned_lexical_forms_and_preserve_the_source ... ok
test caller_limits_reject_source_and_candidate_before_publication ... ok
test cache_725_identity_gaps_are_readable_diagnostic_and_read_only ... ok
test direct_ancestry_is_required_and_mce_owner_is_readable_but_not_editable ... ok
test duplicate_known_workbook_owner_is_readable_diagnostic_and_read_only ... ok
test duplicate_c444_owner_and_payload_remain_diagnostic_read_only ... ok
test entire_registered_closure_extensions_under_mce_are_readable_diagnostic_and_read_only ... ok
test exact_wire_part_cap_does_not_become_semantic_retained_cap ... ok
test existing_x_allows_safe_insertion_of_absent_extra_attributes ... ok
test external_cache_source_routes_are_generic_and_do_not_require_model_extensions ... ok
test external_cache_without_f057_or_connection_id_ignores_unrelated_connections ... ok
test fixture_has_complete_source_graph_before_public_facade_tests ... ok
test invalid_extra_edit_is_atomic_on_low_level_and_workbook_transactions ... ok
test local_v_namespace_declarations_survive_scalar_edit_with_semantic_qname ... ok
test empty_owned_scalar_replacement_is_charged_at_the_boundary ... ok
test low_level_package_ingress_refuses_an_encrypted_pivot_table_entry ... ok
test lowered_limits_charge_authored_rows_cells_and_dimensions_independently ... ok
test low_level_lowered_retained_budget_rejects_borrowed_setter_atomically ... ok
test malformed_f057_and_c983_closure_shapes_refuse_or_become_diagnostic_read_only ... ok
test missing_c444_is_none_and_c510_index_routes_are_diagnostic_read_only ... ok
test lowered_retained_budget_rejects_borrowed_setter_before_staging_mutation ... ok
test nonwhitespace_text_or_cdata_in_empty_c983_reference_is_refused ... ok
test numeric_and_datetime_cells_are_readable_but_scalar_editing_is_explicitly_unsupported ... ok
test ordinary_worksheet_table_name_collision_refuses_name_selector_but_position_remains_clear ... ok
test nonwhitespace_text_or_cdata_in_recognized_c444_particles_is_refused ... ok
test oversized_ignored_duplicate_c444_owner_or_payload_is_refused ... ok
test public_facade_reads_all_cell_kinds_and_extra_flags ... ok
test public_facade_reads_rows_and_authored_coordinates ... ok
test public_scalar_edits_cover_text_boolean_error_blank_and_existing_extra_attributes ... ok
test recognized_uri_tokens_trim_xml_schema_whitespace_without_rewriting_lexical_source ... ok
test owned_scalar_capacity_is_charged_before_staging ... ok
test retained_byte_limit_has_exact_and_one_under_boundaries_and_failure_is_atomic ... ok
test repeated_scalar_replacements_use_net_retained_delta ... ok
test signed_scalar_publication_refuses_before_mutating_source ... ok
test st_unsigned_int_hex_requires_exactly_eight_digits ... ok
test st_xstring_utf16_decoding_and_reencoding_preserve_literal_escape_intent ... ok
test strict_transitional_and_prefix_aliases_use_the_same_public_routes ... ok
test unknown_c444_siblings_survive_read_and_scalar_publication ... ok
test utf16_text_limit_counts_code_units_and_rejects_over_limit_source ... ok
test workbook_patch_apply_binds_to_reopened_source_and_inverse ... ok
test workbook_patch_is_fresh_source_bound_stale_atomic_and_exactly_reversible ... ok
test worksheet_pivot_name_duplicates_are_rejected_before_nonworksheet_selection ... ok
test selected_part_relationship_closure_needs_semantic_retained_budget ... ok

test result: ok. 49 passed; 0 failed; 0 ignored; 0 measured; 0 filtered out; finished in 1.58s

     Running tests/plain_opc_compat.rs (/home/zhuhe/code/litchi-target-0776-quality/debug/deps/plain_opc_compat-ad290ca6b639ecb0)

running 0 tests

test result: ok. 0 passed; 0 failed; 0 ignored; 0 measured; 0 filtered out; finished in 0.00s

     Running tests/reader_tolerance.rs (/home/zhuhe/code/litchi-target-0776-quality/debug/deps/reader_tolerance-5cd1fa533d72b75b)

running 3 tests
test standalone_reader_accepts_producer_external_link_variants ... ok
test standalone_reader_opens_duplicate_names_and_malformed_string_hints ... ok
test standalone_reader_retains_sheet_names_from_tolerated_input ... ok

test result: ok. 3 passed; 0 failed; 0 ignored; 0 measured; 0 filtered out; finished in 0.01s

     Running tests/relationship_order_verdict_determinism.rs (/home/zhuhe/code/litchi-target-0776-quality/debug/deps/relationship_order_verdict_determinism-27eb66e0ba16e099)

running 3 tests
test a_genuinely_different_workbook_is_still_refused ... ok
test single_auxiliary_relationship_keeps_accepting_its_noop_patch ... ok
test exact_noop_patch_is_accepted_against_every_reload_of_the_same_workbook ... ok

test result: ok. 3 passed; 0 failed; 0 ignored; 0 measured; 0 filtered out; finished in 0.17s

     Running tests/rich_value_refresh_intervals.rs (/home/zhuhe/code/litchi-target-0776-quality/debug/deps/rich_value_refresh_intervals-919301aeb4b48162)

running 6 tests
test owner_scanner_rejects_duplicate_or_stray_refresh_contexts_atomically ... ok
test snapshot_and_noop_are_rich_types_scoped_and_source_shared ... ok
test spec_codec_enforces_identity_and_preserves_interval_semantics ... ok
test add_remove_and_inverse_preserve_unknown_extension_bytes_and_relationships ... ok
test stale_incoming_relationship_and_missing_extension_refuse_atomically ... ok
test writer_rejects_oversized_aggregate_before_output_materialization ... ok

test result: ok. 6 passed; 0 failed; 0 ignored; 0 measured; 0 filtered out; finished in 0.19s

     Running tests/save_durability.rs (/home/zhuhe/code/litchi-target-0776-quality/debug/deps/save_durability-711f7e827a547281)

running 1 test
test every_level_publishes_the_default_save_bytes ... ok

test result: ok. 1 passed; 0 failed; 0 ignored; 0 measured; 0 filtered out; finished in 0.01s

     Running tests/source_backed_auto_filter.rs (/home/zhuhe/code/litchi-target-0776-quality/debug/deps/source_backed_auto_filter-f32e7d192e28914c)

running 6 tests
test changed_edit_reopens_inverts_and_preserves_unselected_parts ... ok
test add_replace_clear_noop_protection_and_mce_are_checked ... ok
test managed_cancellation_is_checked_before_stream_output ... ok
test differential_format_references_bind_the_styles_part ... ok
test managed_snapshot_changed_publication_and_budget_release_are_exact ... ok
test signed_noop_is_exact_and_conflicts_and_partial_output_fail_closed ... ok

test result: ok. 6 passed; 0 failed; 0 ignored; 0 measured; 0 filtered out; finished in 0.07s

     Running tests/source_backed_calculation_metadata.rs (/home/zhuhe/code/litchi-target-0776-quality/debug/deps/source_backed_calculation_metadata-47f8ba579d55ad0c)

running 6 tests
test foreign_workbook_and_changed_source_refuse_before_output ... ok
test changed_edit_reopens_and_changes_only_workbook_xml ... ok
test managed_one_under_budget_fails_before_payload_retention_and_cancellation_stops_output ... ok
test managed_workbook_payload_is_budgeted_streamed_and_released ... ok
test noop_is_byte_exact_and_signed_change_is_refused ... ok
test mce_limits_and_partial_sink_are_checked ... ok

test result: ok. 6 passed; 0 failed; 0 ignored; 0 measured; 0 filtered out; finished in 0.03s

     Running tests/source_backed_cell_values.rs (/home/zhuhe/code/litchi-target-0776-quality/debug/deps/source_backed_cell_values-53c921aa43cf260e)

running 75 tests
test changed_positional_source_and_stale_in_memory_patch_are_refused ... ok
test bounded_multi_sheet_transaction_publishes_one_overlay_and_inverts ... ok
test commit_is_bound_to_the_exact_positional_source_identity ... ok
test compact_source_proof::compact_public_guard_handles_empty_sheet_data_inverse_and_recommit ... ok
test compact_source_proof::compact_public_guard_keeps_row_order_in_planning_and_cell_order_in_commit ... ok
test compact_source_proof::compact_public_guard_preserves_empty_rows_and_cells ... ok
test compact_source_proof::compact_public_guard_preserves_late_unused_attribute_decode_errors ... ok
test compact_source_proof::compact_public_guard_preserves_typed_prefixed_scalar_forms ... ok
test exact_batch_limit_accepts_n_and_rejects_n_plus_one_atomically ... ok
test exact_noop_duplicate_and_late_failure_are_atomic ... ok
test exact_noop_publication_does_not_reparse_an_oversized_selected_worksheet ... ok
test changed_publication_reuses_selected_semantics_without_extra_source_reads ... ok
test first_middle_last_batch_reopens_preserves_unselected_parts_and_inverts ... ok
test formula_noop_is_byte_exact_and_retains_calculation_chain ... ok
test formula_patch_refuses_another_calc_chain_inbound_edge_atomically ... ok
test formula_patch_inverse_restores_calculation_topology_and_formula_cache ... ok
test formula_publication_rejects_a_stale_source_before_output ... ok
test insert_accepts_exact_cell_character_limit_and_rejects_one_over ... ok
test insert_duplicate_and_late_existing_target_batches_are_atomic ... ok
test grouped_formula_edits_are_refused_without_staging ... ok
test insert_existing_empty_and_style_only_owners_refuse_with_empty_transaction ... ok
test insert_holes_inside_merge_array_data_table_and_shared_ranges_refuse_atomically ... ok
test insert_invalidates_calculation_properties_and_chain ... ok
test insert_patch_is_deterministic_and_inverse_restores_exact_source_and_absence ... ok
test insert_preserves_untouched_members_relationships_and_content_types ... ok
test malformed_or_incomplete_shared_formula_groups_are_refused ... ok
test managed_cancellation_during_batch_iterators_keeps_staging_atomic ... ok
test managed_cancellation_is_checked_after_snapshot_and_before_stream_output ... ok
test managed_empty_multi_edit_iterator_reports_cancellation_before_invalid_batch ... ok
test managed_multi_sheet_batch_retains_each_selected_payload_and_streams_once ... ok
test managed_editor_retains_complete_payload_closure_and_releases_budget ... ok
test managed_multi_sheet_exact_noop_publishes_without_detaching_sources ... ok
test managed_one_under_budget_refuses_before_selected_worksheet_io ... ok
test managed_scalar_exact_noop_publishes_without_detaching_source ... ok
test managed_patch_cancellation_during_finalization_does_not_publish_candidate ... ok
test managed_stream_publication_works_and_inverse_materialization_is_explicit ... ok
test merge_markup_is_refused_at_source_open ... ok
test multi_sheet_commit_rejects_foreign_source_lineage ... ok
test multi_sheet_duplicate_and_late_failure_are_atomic ... ok
test multi_sheet_exact_noop_publishes_source_byte_for_byte ... ok
test multi_sheet_patch_composes_with_unselected_payload_edits_and_inverse ... ok
test mce_relationships_and_signed_changes_are_refused ... ok
test multi_sheet_patch_rejects_unselected_graph_tampering ... ok
test multi_sheet_publication_rejects_source_revision_before_output ... ok
test multi_sheet_selector_bounds_and_semantic_duplicates_are_atomic ... ok
test multi_source_insert_uses_selector_first_operations_across_sheets ... ok
test noop_patch_rejects_added_worksheet_relationship ... ok
test ordinary_cell_edits_refuse_shared_group_without_staging ... ok
test planning_error_order::first_error_across_selected_worksheets_follows_workbook_order ... ok
test planning_error_order::later_selected_worksheet_failure_does_not_publish_the_first_snapshot ... ok
test planning_error_order::full_validation_precedes_mce_preprocessing_and_raw_parsing_errors ... ok
test planning_error_order::public_multi_sheet_edit_sheets_accepts_supported_namespace_forms_and_pi ... ok
test planning_error_order::validator_error_wins_when_raw_error_is_earlier_or_later ... ok
test planning_error_order::public_multi_sheet_error_matrix_preserves_typed_owner_and_source ... ok
test public_exact_output::a_source_backed_replacement_still_fails_closed_on_malformed_xml ... ok
test public_exact_output::public_multi_edit_matches_baseline_whole_worksheet_output ... ok
test public_exact_output::public_multi_edit_publishes_a_producer_formatted_worksheet_verbatim ... ok
test remove_deletes_exact_cell_owners_but_retains_rows_dimension_and_style_table ... ok
test remove_missing_and_duplicate_selectors_fail_atomically ... ok
test removing_a_cell_with_an_implicit_follower_refuses_shifted_readback ... ok
test scalar_formula_replacement_drops_cache_invalidates_calculation_and_preserves_members ... ok
test scalar_staging_and_batch_staging_are_equivalent_and_clear_retains_record ... ok
test shared_formula_expansion_over_256_members_is_refused ... ok
test shared_formula_follower_is_rejected_without_staging ... ok
test shared_formula_master_edit_preserves_wire_group_and_drops_group_caches ... ok
test shared_formula_master_noop_is_byte_exact_and_retains_caches_and_chain ... ok
test shared_formula_patch_inverse_restores_original_bytes_semantics_and_topology ... ok
test post_eof_raw_differential::post_eof_raw_boolean_error_is_differentially_stable_for_both_shapes ... ok
test shared_style_owner_is_preserved_and_bound_into_patch_closure ... ok
test signed_insert_changed_refuses_but_empty_noop_is_exact ... ok
test signed_multi_sheet_noop_is_exact_and_changed_publication_refuses ... ok
test source_backed_date_edit_retains_date_semantics ... ok
test source_insert_holes_order_rows_expand_dimension_and_read_back ... ok
test source_version_flip_after_selected_read_rejects_single_and_multi_snapshots ... ok
test unrelated_scalar_edit_preserves_an_oversized_shared_formula_group ... ok

test result: ok. 75 passed; 0 failed; 0 ignored; 0 measured; 0 filtered out; finished in 3.52s

     Running tests/source_backed_conditional_formatting.rs (/home/zhuhe/code/litchi-target-0776-quality/debug/deps/source_backed_conditional_formatting-37d721217b1471cc)

running 5 tests
test managed_snapshot_changed_publication_retains_styles_and_releases_budget ... ok
test publication_reopens_and_preserves_every_unselected_part_and_relationship ... ok
test closure_conflicts_signatures_protection_and_partial_sinks_fail_closed ... ok
test x14_mce_opaque_dxf_priority_malformed_and_limits_are_refused ... ok
test whole_collection_add_replace_clear_noop_and_order_are_exact ... ok

test result: ok. 5 passed; 0 failed; 0 ignored; 0 measured; 0 filtered out; finished in 0.14s

     Running tests/source_backed_data_validation.rs (/home/zhuhe/code/litchi-target-0776-quality/debug/deps/source_backed_data_validation-bec8bc387a5ca586)

running 8 tests
test changed_edit_reopens_inverts_and_preserves_unselected_parts ... ok
test add_replace_clear_noop_and_atomic_update_are_exact ... ok
test managed_one_under_budget_refuses_before_selected_payload_retention ... ok
test chartsheet_selection_is_refused_and_editor_is_send ... ok
test managed_snapshot_changed_publication_and_budget_release_are_exact ... ok
test no_op_signed_source_is_exact_but_changed_signed_source_is_refused ... ok
test mce_selected_collections_and_partial_sinks_are_refused ... ok
test patch_conflicts_on_owner_or_outbound_relationship_change_and_source_version_change ... ok

test result: ok. 8 passed; 0 failed; 0 ignored; 0 measured; 0 filtered out; finished in 0.06s

     Running tests/source_backed_defined_names.rs (/home/zhuhe/code/litchi-target-0776-quality/debug/deps/source_backed_defined_names-70e917bcc2390040)

running 6 tests
test managed_one_under_budget_fails_before_payload_retention_and_cancellation_stops_output ... ok
test changed_edit_reopens_and_changes_only_workbook_xml ... ok
test managed_workbook_payload_is_budgeted_streamed_and_released ... ok
test replacement_clear_and_noop_are_exact ... ok
test protection_mce_limits_invalid_scopes_and_partial_sink_are_checked ... ok
test signed_change_foreign_commit_and_changed_source_refuse_before_output ... ok

test result: ok. 6 passed; 0 failed; 0 ignored; 0 measured; 0 filtered out; finished in 0.04s

     Running tests/source_backed_file.rs (/home/zhuhe/code/litchi-target-0776-quality/debug/deps/source_backed_file-a3e627206aa69e17)

running 5 tests
test path_catalog_and_selected_reads_are_lazy_over_unrequested_payloads ... ok
test path_managed_editor_releases_payload_budget_after_drop ... ok
test path_editor_noop_is_byte_exact_and_one_edit_keeps_untouched_members ... ok
test path_replacement_and_limits_are_typed_errors ... ok
test path_policy_variants_accept_explicit_cache_and_execution_options ... ok

test result: ok. 5 passed; 0 failed; 0 ignored; 0 measured; 0 filtered out; finished in 0.01s

     Running tests/source_backed_hyperlinks.rs (/home/zhuhe/code/litchi-target-0776-quality/debug/deps/source_backed_hyperlinks-e6e49a5bb89c8c69)

running 6 tests
test changed_publication_raw_preserves_relationships_and_unselected_members ... ok
test exact_noop_including_signed_source_bytes_and_changed_signed_source_refusal ... ok
test internal_edits_and_external_metadata_match_eager_semantics_and_stay_local ... ok
test managed_limits_cancellation_and_partial_sink_are_typed ... ok
test patch_forward_inverse_restore_exact_worksheet_and_relationships_and_reject_stale_foreign ... ok
test relationship_changes_and_opaque_owners_refuse_before_output ... ok

test result: ok. 6 passed; 0 failed; 0 ignored; 0 measured; 0 filtered out; finished in 0.02s

     Running tests/source_backed_merge.rs (/home/zhuhe/code/litchi-target-0776-quality/debug/deps/source_backed_merge-358cd0c46c975f38)

running 19 tests
test source_merge_accepts_empty_followers_and_preserves_a_rich_anchor ... ok
test source_backed_cell_reads_a_column_formatted_worksheet_with_merges ... ok
test source_merge_changed_publication_refuses_signed_source_before_output ... ok
test source_merge_honors_managed_cancellation_before_selected_read ... ok
test source_merge_commit_unmerge_and_overlay_preserve_unselected_members ... ok
test source_merge_limit_refusal_is_typed ... ok
test source_merge_managed_inverse_requires_bounded_materialization ... ok
test source_merge_noop_publication_preserves_exact_bytes_including_signed_sources ... ok
test source_merge_patch_applies_forward_and_inverse_exactly ... ok
test source_merge_publication_reports_bounded_sink_and_source_failures ... ok
test source_merge_patch_rejects_shared_strings_payload_and_relationship_drift ... ok
test source_merge_refuses_array_data_table_and_shared_formula_groups ... ok
test source_merge_rejects_stale_and_foreign_lineage_before_output ... ok
test source_merge_refuses_followers_overlap_protection_and_unknown_payload ... ok
test source_merge_selector_miss_is_an_option ... ok
test source_merge_structural_refusal_precedes_follower_content ... ok
test source_merge_staging_is_canonical_and_set_based ... ok
test source_merge_unmerge_is_a_semantic_noop_for_missing_ranges ... ok
test source_merge_unmerge_removes_existing_range_and_publishes_one_overlay ... ok

test result: ok. 19 passed; 0 failed; 0 ignored; 0 measured; 0 filtered out; finished in 0.04s

     Running tests/source_backed_page_breaks.rs (/home/zhuhe/code/litchi-target-0776-quality/debug/deps/source_backed_page_breaks-6b02d28dbaee88a1)

running 5 tests
test changed_edit_reopens_and_changes_only_the_selected_worksheet ... ok
test foreign_changed_and_retargeted_sources_are_rejected ... ok
test managed_payload_retention_publication_and_owning_escape_are_explicit ... ok
test noop_is_byte_exact_and_signed_change_is_refused ... ok
test mce_limits_and_partial_sink_are_checked ... ok

test result: ok. 5 passed; 0 failed; 0 ignored; 0 measured; 0 filtered out; finished in 0.04s

     Running tests/source_backed_page_margins.rs (/home/zhuhe/code/litchi-target-0776-quality/debug/deps/source_backed_page_margins-2c567f324c67d0ee)

running 7 tests
test changed_edit_reopens_inverts_and_changes_only_the_selected_worksheet ... ok
test add_replace_remove_noop_and_signed_refusal_are_exact ... ok
test chartsheet_selection_is_refused ... ok
test foreign_changed_and_retargeted_sources_are_rejected ... ok
test managed_payload_retention_publication_and_owning_escape_are_explicit ... ok
test signed_zero_noop_is_exact_and_changed_output_is_canonical ... ok
test mce_limits_and_partial_sink_are_checked ... ok

test result: ok. 7 passed; 0 failed; 0 ignored; 0 measured; 0 filtered out; finished in 0.06s

     Running tests/source_backed_page_setup.rs (/home/zhuhe/code/litchi-target-0776-quality/debug/deps/source_backed_page_setup-3779b51f1e3b7221)

running 7 tests
test changed_edit_matches_eager_reopens_inverts_and_preserves_every_relationship ... ok
test add_replace_remove_noop_and_signed_refusal_are_exact ... ok
test foreign_version_retarget_and_outbound_relationship_changes_are_rejected ... ok
test managed_payload_retention_publication_and_owning_escape_are_explicit ... ok
test mce_limits_and_partial_sink_are_checked ... ok
test printer_references_and_relationships_are_refused_without_materializing_resources ... ok
test source_edit_is_send_and_chartsheets_are_refused ... ok

test result: ok. 7 passed; 0 failed; 0 ignored; 0 measured; 0 filtered out; finished in 0.08s

     Running tests/source_backed_print_options.rs (/home/zhuhe/code/litchi-target-0776-quality/debug/deps/source_backed_print_options-ccf68385ef17d154)

running 9 tests
test changed_edit_reopens_inverts_and_changes_only_the_selected_worksheet ... ok
test add_replace_remove_noop_and_signed_refusal_are_exact ... ok
test chartsheet_selection_is_refused ... ok
test managed_cancellation_is_checked_before_stream_publication ... ok
test foreign_changed_and_retargeted_sources_are_rejected ... ok
test managed_one_under_budget_refuses_before_selected_worksheet_load ... ok
test managed_payload_retention_publication_and_owning_escape_are_explicit ... ok
test the_old_writers_redundant_declaration_was_refused_by_this_parser ... ok
test mce_limits_and_partial_sink_are_checked ... ok

test result: ok. 9 passed; 0 failed; 0 ignored; 0 measured; 0 filtered out; finished in 0.08s

     Running tests/source_backed_row_visibility.rs (/home/zhuhe/code/litchi-target-0776-quality/debug/deps/source_backed_row_visibility-bfa45f2b130a8e78)

running 17 tests
test canonical_requests_are_exact_noops ... ok
test batch_changes_only_hidden_owners_and_exact_inverse_restores_source ... ok
test duplicate_missing_and_oversized_batches_are_atomic ... ok
test managed_cancellation_is_checked_before_snapshot_and_stream_output ... ok
test managed_changed_publication_preserves_unknown_members_and_releases_budget ... ok
test managed_changed_publication_refuses_without_planning_headroom ... ok
test managed_editor_adopts_an_indexed_package_and_releases_budget ... ok
test managed_editor_retains_payload_closure_and_releases_budget ... ok
test managed_exact_noop_publication_is_byte_exact_and_releases_budget ... ok
test managed_one_under_budget_refuses_before_selected_worksheet_io ... ok
test managed_signature_noop_and_changed_protection_contracts_remain_fail_closed ... ok
test managed_source_revision_is_refused_before_output ... ok
test public_snapshot_distinguishes_missing_and_visible_row_owners ... ok
test stale_package_and_source_revision_are_refused_without_output ... ok
test unsafe_xml_macros_and_signatures_fail_closed ... ok
test xml_boolean_forms_and_self_closing_layout_state_are_owned_narrowly ... ok
test changed_publication_reuses_matched_provenance_without_selected_reload ... ok

test result: ok. 17 passed; 0 failed; 0 ignored; 0 measured; 0 filtered out; finished in 1.07s

     Running tests/source_backed_selected_payloads.rs (/home/zhuhe/code/litchi-target-0776-quality/debug/deps/source_backed_selected_payloads-bcb0c43116f23098)

running 5 tests
test raw_selected_payload_tags_cover_values_formula_strings_and_dependencies ... ok
test late_refusal_after_every_payload_arm_produces_zero_callbacks ... ok
test repeated_shared_strings_validate_unselected_dependency_maximum ... ok
test selected_callback_can_reenter_the_workbook_after_scan_publication ... ok
test selected_tagged_payloads_match_cold_warm_and_visit_routes ... ok

test result: ok. 5 passed; 0 failed; 0 ignored; 0 measured; 0 filtered out; finished in 0.00s

     Running tests/source_backed_sheet_protection.rs (/home/zhuhe/code/litchi-target-0776-quality/debug/deps/source_backed_sheet_protection-53b3b00c6ab8c53d)

running 6 tests
test changed_edit_reopens_inverts_and_changes_only_the_selected_worksheet ... ok
test add_replace_remove_noop_and_signed_refusal_are_exact ... ok
test chartsheet_selection_is_refused ... ok
test managed_snapshot_changed_publication_and_budget_release_are_exact ... ok
test foreign_changed_and_retargeted_sources_are_rejected ... ok
test mce_limits_and_partial_sink_are_checked ... ok

test result: ok. 6 passed; 0 failed; 0 ignored; 0 measured; 0 filtered out; finished in 0.07s

     Running tests/source_backed_tab_state.rs (/home/zhuhe/code/litchi-target-0776-quality/debug/deps/source_backed_tab_state-1a653b5ee717f6ea)

running 11 tests
test malformed_duplicate_external_and_retargeted_sheet_relationships_are_refused ... ok
test managed_one_under_budget_fails_before_payload_retention_and_cancellation_stops_output ... ok
test activation_and_implicit_relocation_use_three_parts_and_are_reversible ... ok
test managed_workbook_payload_is_budgeted_streamed_and_released ... ok
test noop_signed_source_is_exact_and_changed_signatures_are_refused ... ok
test relationship_source_version_limits_foreign_closure_and_partial_sink_are_checked ... ok
test selectors_visibility_invariants_and_hidden_activation_fail_closed ... ok
test staged_activation_can_return_to_source_and_noop_activation_does_not_pin_relocation ... ok
test strict_dialog_sheet_kind_matches_eager_and_source_catalogs ... ok
test visibility_operations_use_one_part_and_preserve_every_unrelated_member ... ok
test protection_mce_dtd_pi_owner_and_sheet_kind_refusals_are_typed_or_closed ... ok

test result: ok. 11 passed; 0 failed; 0 ignored; 0 measured; 0 filtered out; finished in 0.16s

     Running tests/xldm_native_storage.rs (/home/zhuhe/code/litchi-target-0776-quality/debug/deps/xldm_native_storage-03a534b326095721)

running 3 tests
test native_tabular_xpress_members_decode_with_explicit_framing_and_limits ... ok
test public_xldm_path_classifier_preserves_xlsx_error_type ... ok
test native_outer_storage_is_borrowed_exact_and_checks_member_crcs ... ok

test result: ok. 3 passed; 0 failed; 0 ignored; 0 measured; 0 filtered out; finished in 0.16s

     Running tests/xlsx_array_formula_autofit.rs (/home/zhuhe/code/litchi-target-0776-quality/debug/deps/xlsx_array_formula_autofit-1092b90d80f9a324)

running 2 tests
test workbook_snapshots_expose_the_first_sheet_by_semantic_name ... ok
test workbook_serialization_is_stable_without_pending_edits ... ok

test result: ok. 2 passed; 0 failed; 0 ignored; 0 measured; 0 filtered out; finished in 0.00s

     Running tests/xlsx_cell_watches_owner.rs (/home/zhuhe/code/litchi-target-0776-quality/debug/deps/xlsx_cell_watches_owner-9245f64f9b3648e9)

running 1 test
test standalone_cell_watches_round_trip_through_the_owner ... ok

test result: ok. 1 passed; 0 failed; 0 ignored; 0 measured; 0 filtered out; finished in 0.00s

     Running tests/xlsx_chain_owner.rs (/home/zhuhe/code/litchi-target-0776-quality/debug/deps/xlsx_chain_owner-daa42c05afa88a0b)

running 2 tests
test calculation_chain_package_operations_preserve_the_canonical_owner ... ok
test calculation_chain_survives_package_publication_and_reopen ... ok

test result: ok. 2 passed; 0 failed; 0 ignored; 0 measured; 0 filtered out; finished in 0.00s

     Running tests/xlsx_connections_owner.rs (/home/zhuhe/code/litchi-target-0776-quality/debug/deps/xlsx_connections_owner-6e3df6c8700289a8)

running 2 tests
test standalone_adapter_retains_query_table_reference_validation ... ok
test standalone_connections_api_uses_the_canonical_owner ... ok

test result: ok. 2 passed; 0 failed; 0 ignored; 0 measured; 0 filtered out; finished in 0.00s

     Running tests/xlsx_connections_query_table_crud.rs (/home/zhuhe/code/litchi-target-0776-quality/debug/deps/xlsx_connections_query_table_crud-6209a49e3aeba32b)

running 3 tests
test missing_connection_and_bad_reorder_are_atomic ... ok
test removal_preserves_a_query_table_target_shared_by_another_part ... ok
test generated_connections_and_query_tables_round_trip_inertly ... ok

test result: ok. 3 passed; 0 failed; 0 ignored; 0 measured; 0 filtered out; finished in 0.00s

     Running tests/xlsx_cross_workbook_scalar.rs (/home/zhuhe/code/litchi-target-0776-quality/debug/deps/xlsx_cross_workbook_scalar-0cc5149db4c13e37)

running 5 tests
test cross_workbook_scalar_copies_join_when_targets_are_disjoint_and_conflict_when_overlapping ... ok
test cross_workbook_scalar_copy_is_immutable_reversible_and_reopenable ... ok
test cross_workbook_scalar_copy_refuses_formula_owned_ranges_beyond_selected_cells ... ok
test same_workbook_copy_from_delegates_to_existing_transfer_semantics ... ok
test cross_workbook_scalar_copy_refuses_dependencies_and_occupied_targets_atomically ... ok

test result: ok. 5 passed; 0 failed; 0 ignored; 0 measured; 0 filtered out; finished in 0.03s

     Running tests/xlsx_custom_properties.rs (/home/zhuhe/code/litchi-target-0776-quality/debug/deps/xlsx_custom_properties-524c67d9d378e74d)

running 7 tests
test custom_properties_absence_is_explicit ... ok
test custom_properties_are_nameable_through_the_xlsx_context ... ok
test custom_properties_reject_reserved_non_excel_host_metadata ... ok
test custom_property_noops_preserve_and_changes_invalidate_signatures ... ok
test malformed_external_and_duplicate_custom_property_graphs_map_to_common_errors ... ok
test removing_custom_properties_removes_the_complete_package_graph ... ok
test custom_properties_round_trip_through_the_xlsx_facade ... ok

test result: ok. 7 passed; 0 failed; 0 ignored; 0 measured; 0 filtered out; finished in 0.00s

     Running tests/xlsx_data_validation_mutation.rs (/home/zhuhe/code/litchi-target-0776-quality/debug/deps/xlsx_data_validation_mutation-662ffb77399cd75a)

running 2 tests
test invalid_sqref_is_rejected_before_serialization ... ok
test data_validation_codec_round_trips_a_typed_collection ... ok

test result: ok. 2 passed; 0 failed; 0 ignored; 0 measured; 0 filtered out; finished in 0.00s

     Running tests/xlsx_double_save_staleness.rs (/home/zhuhe/code/litchi-target-0776-quality/debug/deps/xlsx_double_save_staleness-1a570b142337ef75)

running 1 test
test repeated_snapshot_publication_is_byte_stable ... ok

test result: ok. 1 passed; 0 failed; 0 ignored; 0 measured; 0 filtered out; finished in 0.00s

     Running tests/xlsx_external_link_crud.rs (/home/zhuhe/code/litchi-target-0776-quality/debug/deps/xlsx_external_link_crud-3f63f1f5a68bae80)

running 2 tests
test external_link_parts_are_built_without_fetching_targets ... ok
test strict_external_link_parts_keep_the_strict_namespace ... ok

test result: ok. 2 passed; 0 failed; 0 ignored; 0 measured; 0 filtered out; finished in 0.00s

     Running tests/xlsx_fit_to_page.rs (/home/zhuhe/code/litchi-target-0776-quality/debug/deps/xlsx_fit_to_page-713b99f215ba4669)

running 1 test
test page_setup_parser_reads_typed_fit_bounds ... ok

test result: ok. 1 passed; 0 failed; 0 ignored; 0 measured; 0 filtered out; finished in 0.00s

     Running tests/xlsx_history.rs (/home/zhuhe/code/litchi-target-0776-quality/debug/deps/xlsx_history-e8bd41c5f11ff9c2)

running 1 test
test budgeted_history_tracks_immutable_workbook_snapshots ... ok

test result: ok. 1 passed; 0 failed; 0 ignored; 0 measured; 0 filtered out; finished in 0.00s

     Running tests/xlsx_hyperlink_crud.rs (/home/zhuhe/code/litchi-target-0776-quality/debug/deps/xlsx_hyperlink_crud-8123e01b4e6f071e)

running 8 tests
test hyperlink_edit_refuses_unknown_owner_markup ... ok
test hyperlink_joins_keep_disjoint_ranges_and_reject_same_semantic_range ... ok
test hyperlink_add_then_remove_is_an_exact_noop ... ok
test hyperlink_patch_inverse_restores_source_snapshot ... ok
test hyperlink_values_reject_non_stable_xml_whitespace ... ok
test hyperlinks_add_replace_remove_and_reopen ... ok
test hyperlink_patch_rejects_stale_relationship_without_mutating_target ... ok
test strict_worksheet_external_hyperlink_commit_reopens_with_strict_relationship ... ok

test result: ok. 8 passed; 0 failed; 0 ignored; 0 measured; 0 filtered out; finished in 0.01s

     Running tests/xlsx_hyperlink_reads.rs (/home/zhuhe/code/litchi-target-0776-quality/debug/deps/xlsx_hyperlink_reads-641183d3bdc620be)

running 1 test
test worksheet_facade_exposes_internal_and_inert_external_hyperlinks ... ok

test result: ok. 1 passed; 0 failed; 0 ignored; 0 measured; 0 filtered out; finished in 0.00s

     Running tests/xlsx_ignored_errors_owner.rs (/home/zhuhe/code/litchi-target-0776-quality/debug/deps/xlsx_ignored_errors_owner-d63b901e7cf531f6)

running 1 test
test standalone_ignored_errors_round_trip_through_the_owner ... ok

test result: ok. 1 passed; 0 failed; 0 ignored; 0 measured; 0 filtered out; finished in 0.00s

     Running tests/xlsx_insert_worksheet.rs (/home/zhuhe/code/litchi-target-0776-quality/debug/deps/xlsx_insert_worksheet-ec39eba203bfcd15)

running 1 test
test edit_transaction_appends_a_validated_worksheet ... ok

test result: ok. 1 passed; 0 failed; 0 ignored; 0 measured; 0 filtered out; finished in 0.00s

     Running tests/xlsx_outline_properties_owner.rs (/home/zhuhe/code/litchi-target-0776-quality/debug/deps/xlsx_outline_properties_owner-5ef90078036c14f6)

running 1 test
test standalone_outline_properties_parse_through_the_owner ... ok

test result: ok. 1 passed; 0 failed; 0 ignored; 0 measured; 0 filtered out; finished in 0.00s

     Running tests/xlsx_page_breaks_owner.rs (/home/zhuhe/code/litchi-target-0776-quality/debug/deps/xlsx_page_breaks_owner-ab96489539493b30)

running 4 tests
test no_op_shares_source_and_stale_patch_is_rejected ... ok
test package_transaction_round_trips_and_inverts_exactly ... ok
test worksheet_facade_uses_the_canonical_owner ... ok
test reads_real_poi_manual_breaks ... ok

test result: ok. 4 passed; 0 failed; 0 ignored; 0 measured; 0 filtered out; finished in 0.07s

     Running tests/xlsx_page_margins_owner.rs (/home/zhuhe/code/litchi-target-0776-quality/debug/deps/xlsx_page_margins_owner-8fc060d4d7f962f0)

running 1 test
test standalone_page_margins_parse_through_the_owner ... ok

test result: ok. 1 passed; 0 failed; 0 ignored; 0 measured; 0 filtered out; finished in 0.00s

     Running tests/xlsx_phonetic_properties_owner.rs (/home/zhuhe/code/litchi-target-0776-quality/debug/deps/xlsx_phonetic_properties_owner-f86077f489a70701)

running 1 test
test standalone_phonetic_properties_parse_through_the_owner ... ok

test result: ok. 1 passed; 0 failed; 0 ignored; 0 measured; 0 filtered out; finished in 0.00s

     Running tests/xlsx_print_options_owner.rs (/home/zhuhe/code/litchi-target-0776-quality/debug/deps/xlsx_print_options_owner-b53ab2e9edd69bb0)

running 1 test
test standalone_print_options_parse_through_the_owner ... ok

test result: ok. 1 passed; 0 failed; 0 ignored; 0 measured; 0 filtered out; finished in 0.00s

     Running tests/xlsx_remove_chart_sheet.rs (/home/zhuhe/code/litchi-target-0776-quality/debug/deps/xlsx_remove_chart_sheet-817394ba3fb38a41)

running 1 test
test workbook_sheet_handles_report_their_semantic_kind ... ok

test result: ok. 1 passed; 0 failed; 0 ignored; 0 measured; 0 filtered out; finished in 0.00s

     Running tests/xlsx_remove_worksheet.rs (/home/zhuhe/code/litchi-target-0776-quality/debug/deps/xlsx_remove_worksheet-3dcbb6bd39659134)

running 1 test
test edit_transaction_removes_a_worksheet_from_the_new_snapshot ... ok

test result: ok. 1 passed; 0 failed; 0 ignored; 0 measured; 0 filtered out; finished in 0.00s

     Running tests/xlsx_scenarios_owner.rs (/home/zhuhe/code/litchi-target-0776-quality/debug/deps/xlsx_scenarios_owner-664b7dc1556fe1b0)

running 1 test
test standalone_scenarios_round_trip_through_the_owner ... ok

test result: ok. 1 passed; 0 failed; 0 ignored; 0 measured; 0 filtered out; finished in 0.00s

     Running tests/xlsx_sheet_protection_mutation.rs (/home/zhuhe/code/litchi-target-0776-quality/debug/deps/xlsx_sheet_protection_mutation-73161c8328669226)

running 1 test
test worksheet_protection_codec_replaces_only_typed_protection_metadata ... ok

test result: ok. 1 passed; 0 failed; 0 ignored; 0 measured; 0 filtered out; finished in 0.00s

     Running tests/xlsx_slicer_timeline_crud.rs (/home/zhuhe/code/litchi-target-0776-quality/debug/deps/xlsx_slicer_timeline_crud-a4798b73ed47dda4)

running 4 tests
test feature_transactions_rollback_and_refuse_host_behavior ... ok
test removing_last_slicer_keeps_a_target_shared_by_an_unrelated_owner ... ok
test slicer_cache_and_view_crud_preserves_state_extensions_and_shared_targets ... ok
test timeline_cache_and_view_crud_preserves_selection_and_reference_integrity ... ok

test result: ok. 4 passed; 0 failed; 0 ignored; 0 measured; 0 filtered out; finished in 0.02s

     Running tests/xlsx_theme.rs (/home/zhuhe/code/litchi-target-0776-quality/debug/deps/xlsx_theme-fe461b02d567cf18)

running 2 tests
test standalone_package_opens_a_theme_bearing_workbook ... ok
test standalone_workbook_opens_xlsx_theme_variants ... ok

test result: ok. 2 passed; 0 failed; 0 ignored; 0 measured; 0 filtered out; finished in 0.00s

     Running tests/xlsx_threaded_comment_crud.rs (/home/zhuhe/code/litchi-target-0776-quality/debug/deps/xlsx_threaded_comment_crud-7e24f99f99f87bd6)

running 1 test
test threaded_comment_models_round_trip_through_the_bounded_codecs ... ok

test result: ok. 1 passed; 0 failed; 0 ignored; 0 measured; 0 filtered out; finished in 0.00s

     Running tests/xlsx_volatile_dependencies_owner.rs (/home/zhuhe/code/litchi-target-0776-quality/debug/deps/xlsx_volatile_dependencies_owner-d0a40490b873132a)

running 2 tests
test volatile_dependencies_removal_is_idempotent ... ok
test volatile_dependencies_survive_direct_package_publication ... ok

test result: ok. 2 passed; 0 failed; 0 ignored; 0 measured; 0 filtered out; finished in 0.00s

     Running tests/xlsx_workbook_durable.rs (/home/zhuhe/code/litchi-target-0776-quality/debug/deps/xlsx_workbook_durable-bd0c84c58285b8e9)

running 9 tests
test cell_transfer_is_bounded_and_malformed_package_bytes_stay_test_only ... ok
test cell_copy_and_move_close_formula_text_and_style_dependencies ... ok
test cell_transfer_participates_in_non_applying_three_way_plans ... ok
test commits_record_exact_weighted_history_and_refuse_small_budgets ... ok
test durable_json_is_deterministic_stale_checked_reversible_and_reopenable ... ok
test page_break_copy_and_move_are_atomic_dependency_checked_transfers ... ok
test real_poi_and_libreoffice_formulas_copy_and_fully_reopen ... ok
test three_way_planning_keeps_disjoint_work_and_requires_conflict_resolution ... ok
test real_poi_fixture_round_trips_and_inverse_preserves_the_exact_package ... ok

test result: ok. 9 passed; 0 failed; 0 ignored; 0 measured; 0 filtered out; finished in 0.18s

     Running tests/xlsx_xml_maps_owner.rs (/home/zhuhe/code/litchi-target-0776-quality/debug/deps/xlsx_xml_maps_owner-54629a2565590a5f)

running 2 tests
test xml_maps_removal_is_idempotent ... ok
test xml_maps_survive_direct_package_publication ... ok

test result: ok. 2 passed; 0 failed; 0 ignored; 0 measured; 0 filtered out; finished in 0.00s

     Running tests/xml_maps_api_compat.rs (/home/zhuhe/code/litchi-target-0776-quality/debug/deps/xml_maps_api_compat-c090e6a03b4b920b)

running 2 tests
test legacy_types_struct_literals_and_inherent_methods_remain_usable ... ok
test xlsx_adapters_retain_the_boxed_error_result_surface ... ok

test result: ok. 2 passed; 0 failed; 0 ignored; 0 measured; 0 filtered out; finished in 0.00s

   Doc-tests litchi_ooxml_common

running 0 tests

test result: ok. 0 passed; 0 failed; 0 ignored; 0 measured; 0 filtered out; finished in 0.00s

   Doc-tests litchi_xlsx

running 2 tests
test crates/litchi-xlsx/src/style.rs - style::stylesheet (line 26) - compile ... ok
test crates/litchi-xlsx/src/style/stylesheet/mod.rs - style::stylesheet::Styles::parse (line 92) - compile ... ok

test result: ok. 2 passed; 0 failed; 0 ignored; 0 measured; 0 filtered out; finished in 0.00s


running 1 test
test crates/litchi-xlsx/src/drawing/source.rs - drawing::source::PictureSource (line 464) - compile fail ... ok

test result: ok. 1 passed; 0 failed; 0 ignored; 0 measured; 0 filtered out; finished in 0.03s

all doctests ran in 0.33s; merged doctests compilation took 0.30s
