# callgrind format
version: 1
creator: callgrind-3.26.0
pid: 824316
cmd:  /home/zhuhe/code/litchi-target-0795/after-profile --mode capture --shape tiny --samples 1 --warmup 0 --output /home/zhuhe/code/litchi/docs/performance/results/change-0795/profiles/0-tiny-after.json
part: 1


desc: I1 cache: 
desc: D1 cache: 
desc: LL cache: 

desc: Timerange: Basic block 0 - 21245319
desc: Trigger: --dump-after=namespace_uri_probe::capture_region_0793

positions: line
events: Ir Bc Bcm Bi Bim
summary: 7745872 344394 23584 33682 2094


ob=(2) /usr/lib/x86_64-linux-gnu/libc.so.6
fl=(168) ./csu/../sysdeps/nptl/libc_start_call_main.h
fn=(588) (below main)
cob=(6) /home/zhuhe/code/litchi-target-0795/after-profile
cfi=(164) ???
cfn=(596) main
calls=0 0 
59 7745872 344394 23584 33682 2094

fl=(211) ./string/../sysdeps/x86_64/multiarch/memmove-vec-unaligned-erms.S
fn=(728) __memcpy_avx_unaligned_erms
255 1750
+1 1750
+6 1750
+1 1750 1750 376
+2 545
+1 545
+1 545 545 135
+3 341
+1 341
+1 341
+3 682
+30 1205
+1 1205 1205 228
+2 839
+1 839 839 218
+2 561
+4 561 561 156
+1 209
+1 209 209 18
+1 182
+1 182 182 52
+1 104
+1 104
+2 104
+2 104
-2 78
+2 105
+6 352
+1 352
+1 352
+1 352
+1 352
+7 366
+1 366
+1 366
+1 366
+2 366
+17 278
+1 278
+1 278
+1 278
+1 278
+7 116
+1 116
+1 116
+1 116
+1 116
+1 116
+1 232
+5 204
+1 204 204
+5 204
+1 204 204 46
+2 171
+1 171
+1 171 171 32
+2 55
+1 55
+1 55
+1 55
+1 55
+1 55
+1 55
+1 55
+1 55
+1 55
+1 55
+1 55
+1 55
+1 55
+1 110
+4 33
+1 33
+4 33
+2 33 33
+4 33
+1 33 33
+11 33
+3 33
+2 33
+2 33
+4 33
+1 33 33 1
+9 32
+1 32
+2 32
+2 32
+1 32
+1 32
+3 32
+2 32
+2 32
+2 64
+6 32
+1 32
+1 32
+1 32
+1 32
+1 32
+1 32
+1 32
+1 32
+1 32
+1 32
+1 32 32 5
-11 71
+1 71
+1 71
+1 71
+1 71
+1 71
+1 71
+1 71
+1 71
+1 71
+1 71
+1 71 71 7
+2 32
+1 32
+1 32
+1 32
+2 32
+4 64
+13 1
+1 1
+2 1
+1 1
+1 1
+2 1
+2 1
+2 2
+6 1
+1 1
+1 1
+1 1
+1 1
+1 1
+1 1
+1 1
+1 1
+1 1
+1 1
+1 1 1
-11 58
+1 58
+1 58
+1 58
+1 58
+1 58
+1 58
+1 58
+1 58
+1 58
+1 58
+1 58 58 4
+2 1
+1 1
+1 1
+1 1
+2 1
+1 2

fl=(227) ./string/../sysdeps/x86_64/multiarch/memset-vec-unaligned-erms.S
fn=(800) __memset_avx2_unaligned_erms
198 64
+1 128
+5 64
+1 64 64 6
+1 24
+1 24
+1 24 24 2
+2 24
+1 24
+1 48
341 40
+9 40
+1 40 40 14
+5 14
+1 14 14 6
+1 6
+1 6 6 4
+1 5
+1 5 5 1
+1 4 4 1
+1 4
+2 4
+17 26
+1 26
+1 26
+9 8
+1 8
+5 8
+8 1
+1 1
+5 1
+7 1
+1 1
+1 1
+5 1

fl=(165) ./csu/../csu/libc-start.c
fn=(566) __libc_start_main@@GLIBC_2.34
cfi=(168)
cfn=(588)
calls=0 30 
360 7745872 344394 23584 33682 2094

fl=(155) ./malloc/./malloc/malloc.c
fn=(732) _int_free_merge_chunk
4407 1520
+7 950 190 1
-6 190
+9 570 190 2
+5 570 190
+4 380 190
-1 380
+1 380 190
1895 570 190
4433 380 190 14
+2 13
+2 13
+1 52 13
+2 13
-4 13
+4 13
cfn=(794) unlink_chunk.isra.0
calls=1044 1592 
* 250 53 2
+18 380 190
+6 380 190 16
+4 174
+4 380 190 69
+9 10
-1 10
+2 20 10
+2 30
+7 360
+1 720
+1 180
+2 360 180
+3 1080
+4 180
-1 180
+2 180
+1 180
+2 540
+1 180
-61 180
-1 360
+1 1080
-1 180
cfn=(734) _int_free_maybe_trim
calls=2539 +83 
* 4320 360
+57 10
-1 10
+2 10
+1 10
+2 30
+1 10
-61 10
-1 20
+1 60
-1 10
cfn=(734)
calls=485 +83 
* 240 20
+20 16
+1 16
-1 16
cfn=(794)
calls=627 1592 
* 322 70 10
+1 16
-49 950 190 1

fn=(650) malloc
3283 777
1269 1554 777 30
+19 777
3287 777
1288 2125 777 151
3287 1142 571 22
+2 1686
+2 1124 562 1
+2 4608 768 121
3030 586 293
+4 1172
+4 293
+1 293
3294 293
-7 412 206 8
+19 484
cfn=(652) __libc_malloc2
calls=3165 -59 
* 78653 13339 588
-17 412

fn=(652)
3247 2904
+4 968 484 6
+28 2420
-26 1452
cfn=(654) _int_malloc
calls=3166 3790 
* 67521 11403 550
+1 2420 968 16
fi=(154) ./malloc/./malloc/arena.c
151 968 484 16
fe=(155)

fn=(734)
4528 2090
+3 380 190
+19 2090 190

fn=(720) realloc
3380 268
+7 268 134 2
-7 1206
+11 268 134
4837 134
+1 134
-1 134
+1 134
-1 268 134
+2 402 134
3425 111
-22 111
+22 555 222 1
+4 222 111
1288 666
3436 222 111
fi=(154)
151 333 111
fe=(155)
3469 222 111 5
4840 134
3411 268 134 15
+2 48
+1 48 24 1
+36 23
+51 1206
-30 444
cfn=(724) _int_realloc
calls=780 4559 
* 35743 5775 693 107 2
* 111
+1 555 222
fi=(154)
151 333 111 1
fe=(155)
3472 222 111 1

fn=(724)
4559 444
+11 1332 333 107
+8 222 111
+2 111
+1 333
+1 444 222
+4 222 111 53
+14 4
+53 8
-53 8
+57 4
-57 4
+57 8
-2 8 4 2
+2 6
+1 3
+16 3
+1 12
-1 1
+1 432
-79 220 110 30
+12 220 110 9
+12 749
cfn=(654)
calls=535 3790 
* 13387 2433 290
* 107
+1 214 107 3
+3 107
+6 321 107 2
+36 1
-4 1
+3 1
+5 1
-4 1
-1 1
+5 1
-4 1
+4 1
-1 1
+1 3
cfn=(730) _int_free_chunk
calls=182 4351 
* 117 16 1
* 1
-60 3
-1 6 3
+5 18
cfn=(794)
calls=217 1592 
* 57 12
+44 15
-48 6
+28 107
fi=(222) ./malloc/../string/bits/string_fortified.h
29 107
fe=(155)
4637 107
fi=(222)
29 214
fe=(155)
4638 214
fi=(222)
29 107
cob=(3) ???
cfi=(152) ???
cfn=(726) 0x0000000004ac9680
calls=534 -29 
* 2286 374 84 107 2
fe=(155)
4642 642
cfn=(730)
calls=534 4351 
* 12575 1722 112
+2 214

fn=(654)
3790 5319
+32 1182 591
1288 3444 591
3831 978 489
+16 978 489 10
+54 45 9 4
+18 480
-1 480
+12 960
-11 960
-1 1440
+12 960 480 63
-6 420
+5 420
-7 420
+2 840
+9 840
+3 840 420
-3 2
+3 2 1
+1 1263 421 2
-3 421
+5 421
+1 1684 842 2
+2 1684 421
-10 421
+12 842 421
+1 842 421
+2 842 421
+11 1668 834 28
+29 23
+1 23
+4 46 23
+31 46 23 13
+8 124 21 8
+1 10
+1 10
-1 10
+4 20 10 8
-4 11
+1 11
-1 11
+4 22 11 2
+5 8 2 1
-2 2
+3 4 2
+6 3 1
+3 3
+2 2
+33 2
+9 1
-9 4
+1 1
+1 1
+1 1
+1 1
+6 2 1
-10 106
+9 53
-9 212
+1 53
+1 53
+1 53
+1 53
+6 106 53 7
3053 12
-27 12
+27 12
-27 12
+4 24 12 2
+4 48
+4 12
+1 12
4113 12
3831 408 102
1288 102
3850 102
+2 102
-2 102
+2 204 102 5
-2 480
+2 480
-2 480
+2 960 480 74
+2 111
+1 222 111
+2 111
+1 111
+1 111
+2 444 111
+6 333
+1 222 111
2919 222
3872 333 111 2
+4 1069 190 70
+1 268 134 42
+2 158 79
+2 79
+1 79
+1 158 79
+2 79
2999 79
+16 79
3886 79
3003 158
+4 316
+1 79
+7 79
+32 301
1888 111
3893 111
1888 222 111 3
4340 5319
3901 495 3
-52 2880
4105 162 54 6
3930 198 66 4
4111 260 65
+13 113
-2 226 113 11
+2 18
+3 9
-3 9
+3 18 9 3
+1 4 2 2
4277 48
+3 192
+2 72
+1 24
1888 24
4286 24
1888 48 24
4280 376
+2 141
+1 47
1888 47
4286 47
1888 136 47 1
4286 42
1888 84 42
3994 12
+1 12
-1 12
+1 24 12 2
2919 24
3998 36 12
+4 24 12
+1 36 12
3003 12
3981 12
3015 12
4006 12
3003 12
+4 48
+1 12
+7 12
4007 12
+24 134 21 3
+52 19
-51 19
+51 57
3959 826 413 15
+2 398
-1 796 398 35
+27 43
+1 43
+4 86 43 16
+31 155 31
+2 62
+1 93
+1 31
-1 31
+1 31
-2 4
+1 6
+1 2
-1 2
+1 3
+4 4
+26 3 1 1
+1 2 1
+6 1 1 1
+7 1
-1 3
+2 2 1
+2 1
+1 3
+2 1
+1 2 1 1
4195 113
+1 113
+1 113
-1 113
+1 113
+1 226
+1 339
+5 521 161 45
+16 688
+2 1376 688
-4 1698 849 149
+8 161
+3 322 161 60
+2 96
+1 48
+1 48
-2 48
-27 48
+4 114 38 2
+3 152 38 9
-3 39 13 2
+3 52 13 4
-3 12 4
+3 16 4
-3 38
+5 152
+1 76
+24 226
+3 226 113
+2 113
+3 226
-3 452
+3 113
cfn=(794)
calls=836 1592 
* 2474 561 26
+3 678 113 37
+15 71
+1 142 71 1
+3 71
-9 71
+9 142
+1 71
+1 71
+3 142 71 13
+1 62
+1 166 71 13
-23 42
-1 42
+1 84 42
3965 355
+3 355
-4 710
+3 355
-1 355
+1 710
+1 710
+1 710 355 25
+2 578
+4 289
+6 289
-6 2023
+2 867
+5 289
-4 289
+4 578
cfn=(662) alloc_perturb
calls=843 1887 
* 1445 289 7
-7 66
+6 66
-6 462
+2 198
+5 66
-4 66
+4 132
cfn=(662)
calls=766 1887 
* 330 66
+1 355

fn=(662)
1887 355
+1 1065 355 7
+2 355

fn=(730)
4351 760
+8 190
-3 190
+3 190
-3 380 190 23
+6 380 190 25
+6 190
cfn=(732)
calls=3036 +39 
* 19657 2796 115
+5 380
+27 570

fn=(762) free
3319 321
+3 642 321 14
+15 642 321 18
-4 963
+8 963 321 5
+6 957 319 15
+6 319
-3 638
+3 319
-3 319
+1 638 319
+2 957 319 83
3007 239
+8 239
-12 239
+4 717
+1 239
+7 239
3354 239
+10 240 80
-34 82
+40 164 82
fi=(154)
151 246 82 2
fe=(155)
3374 246
cfn=(730)
calls=2321 4351 
* 10195 1438 50

fn=(794)
1592 145
+2 435
-2 145
+2 290 145
+3 145
+3 290 145 1
-2 145
+2 290 145
+3 145
+1 145
+1 395 180 37
+2 54 27
+1 81 27
+3 54 27
+14 27
+1 27
+3 290

fl=(290) ./string/../sysdeps/x86_64/multiarch/memcmp-avx2-movbe.S
fn=(1082) __memcmp_avx2_movbe
73 3605
+7 3605
+1 3605 3605 862
+3 1152
+1 1152
+1 1152
+4 1152
+1 1152 1152 54
+2 882
+1 882 882 42
+3 68
+1 68
+1 68
+3 68
+1 68 68 6
+3 55
+1 55 55 4
+49 555
+10 555
+1 555
+1 555
+3 1110
+4 13
+8 13
+1 13
+1 13
+2 26
330 55
+1 55
+1 55
+1 55
+1 55 55
+3 869
+1 869
+1 869
+1 869
+1 869 869 7
+1 1678
+40 30
+1 30
+8 30
+1 30
+1 30
+2 60
+6 2453
+1 2453 2453 54
+5 731
+1 731
+1 731
+1 731
+1 731 731 51
+3 689
+1 689
+1 689
+1 689
+3 689
+1 689 689 102
+1 413
+1 826
+6 42
+1 42 42 11
+2 31
+1 31 31 11
+2 18
+1 18 18 4
+2 15
+1 15
+1 15
+1 15
+1 15
+1 15
+1 15
+1 15
+1 15
+2 15 15 4
+2 14
+4 1722 1722
+1 1722
+1 1722
+1 1722
+2 1722
+4 2
+1 2
+2 2
+10 13
+1 13
+1 13
+1 13 13 1
+1 12
+1 12
+1 12
+2 12 12
+2 12
+26 11
+1 11
+1 11
+1 11
+1 11 11 3
+4 2
+1 2
+1 2
+1 2
+1 2
+1 2
+2 2 2
+2 2
+24 3
+1 3
+1 3
+1 3
+1 3
+1 3
+1 3
+1 3
+1 3
+1 3
+2 3
+2 3

ob=(1) /usr/lib/x86_64-linux-gnu/ld-linux-x86-64.so.2
fl=(1) ???
fn=(0) 0x0000000000023cc0
cob=(6)
cfi=(164)
cfn=(564) (below main)
calls=0 0 
0 7745872 344394 23584 33682 2094

ob=(6)
fl=(372) /home/zhuhe/.cargo/registry/src/index.crates.io-1949cf8c6b5b557f/quick-xml-0.41.0/src/events/attributes.rs
fn=(2412) quick_xml::events::attributes::IterState::next
1222 19068
+1 8172
1055 8172 0 0 2724 21
0 2724
1055 2724
fi=(270) /rustc/59807616e1fa2540724bfbac14d7976d7e4a3860/library/core/src/slice/index.rs
568 5448 2724 7
fi=(180) /rustc/59807616e1fa2540724bfbac14d7976d7e4a3860/library/core/src/ptr/non_null.rs
1720 5448
fi=(271) /rustc/59807616e1fa2540724bfbac14d7976d7e4a3860/library/core/src/slice/iter/macros.rs
180 2724 2724 891
fe=(372)
1224 1531
fi=(270)
89 6124
-89 1531
fe=(372)
1229 3062
fi=(367) /home/zhuhe/.cargo/registry/src/index.crates.io-1949cf8c6b5b557f/quick-xml-0.41.0/src/utils.rs
322 1531 1531 10
fe=(372)
1229 3062
fi=(367)
322 1531 1531
0 3062 1531
fi=(180)
1720 4593
fi=(271)
180 1531 1531 31
fe=(372)
1237 1193
+1 1193
0 1193
1360 24516
fi=(271)
180 12248
0 1531
fi=(180)
1720 1531
fi=(271)
180 1531 1531
fi=(180)
1720 5458
fi=(271)
180 5458 5458 17
fe=(372)
1242 27956 6989 1277
0 8187 3328 89
1287 18372
cfn=(2422) quick_xml::events::attributes::IterState::check_for_duplicates
calls=5537 1135 
* 30620 1531 2
* 3062 1531
fi=(180)
1720 3062
fi=(271)
180 1531 1531
0 3062
fe=(372)
1298 3062
fi=(367)
322 1531 1531
0 3062 1531
fe=(372)
0 4593 1531
fi=(271)
180 3062
fi=(180)
1720 1531
fi=(271)
180 1531 1531
fi=(180)
1720 11022
fi=(271)
180 11022 11022
fi=(259) /rustc/59807616e1fa2540724bfbac14d7976d7e4a3860/library/core/src/iter/traits/iterator.rs
2469 12553
fe=(372)
1342 12553
fi=(180)
659 12553
fi=(259)
2469 12553 12553 1517
fe=(372)
0 4593
1342 3062 1531 2
1212 3062
0 7655

fn=(2422)
1135 10717
+5 3062 1531 2
+13 4593
+1 12248

fn=(4128) quick_xml::events::attributes::Attribute::decoded_and_normalized_value_with
256 180
+7 15
0 45
263 15 15
fi=(435) /home/zhuhe/.cargo/registry/src/index.crates.io-1949cf8c6b5b557f/quick-xml-0.41.0/src/encoding.rs
125 15 0 0 15 7
cfi=(352) /rustc/59807616e1fa2540724bfbac14d7976d7e4a3860/library/core/src/str/converts.rs
cfn=(2200) core::str::converts::from_utf8
calls=353 -36 
* 1014 216 37
fi=(244) /rustc/59807616e1fa2540724bfbac14d7976d7e4a3860/library/core/src/result.rs
0 30
2173 30 15 3
fi=(436) /home/zhuhe/.cargo/registry/src/index.crates.io-1949cf8c6b5b557f/quick-xml-0.41.0/src/lib.rs
0 30
fe=(372)
269 75
cfi=(436)
cfn=(4136) quick_xml::XmlVersion::normalize_attribute_value
calls=353 107 
* 930 171 20
fi=(244)
2173 15
0 15
2173 15
0 30
2173 30 15
fe=(372)
269 30 15
+2 90
+3 120

fn=(5224) <quick_xml::events::attributes::Attributes as core::iter::traits::iterator::Iterator>::next
697 252
+1 168 0 0 42
cfn=(2412)
calls=60 1222 
* 5154 903 49 42
* 210 84 11
0 15
699 30
0 30
700 162
fi=(174) /rustc/59807616e1fa2540724bfbac14d7976d7e4a3860/library/core/src/num/uint_macros.rs
923 189
fe=(372)
-50 81 0 0 27 1
fi=(174)
+50 189 81 2
fi=(270)
89 108
fe=(372)
700 135
+3 210

fl=(445) /home/zhuhe/code/litchi/crates/litchi-pptx/src/package/model.rs
fn=(6550) litchi_pptx::package::model::Package::memo_for
1917 3
fi=(337) /rustc/59807616e1fa2540724bfbac14d7976d7e4a3860/library/alloc/src/sync.rs
2422 2
fe=(445)
1923 1
cfi=(464) /home/zhuhe/code/litchi/crates/litchi-pptx/src/opened/model.rs
cfn=(6552) litchi_pptx::opened::model::PartDigests::project
calls=1 475 
* 24306 1695 88 195 5
fi=(244)
713 2 1 1
+1 7
fi=(265) /rustc/59807616e1fa2540724bfbac14d7976d7e4a3860/library/core/src/option.rs
1164 2 1 1
+1 6
fi=(337)
422 3
fi=(243) /rustc/59807616e1fa2540724bfbac14d7976d7e4a3860/library/std/src/sys/alloc/unix.rs
14 2 0 0 1 1
cob=(2)
cfi=(155)
cfn=(650)
calls=1 3283 
* 30 6 1
fi=(245) /rustc/59807616e1fa2540724bfbac14d7976d7e4a3860/library/alloc/src/boxed.rs
248 2 1 1
+41 8
fe=(445)
1926 3

fn=(5818) litchi_pptx::package::model::Package::opened_presentation_with_limits
243 9
fi=(265)
745 2 1
fi=(173) /rustc/59807616e1fa2540724bfbac14d7976d7e4a3860/library/core/src/sync/atomic.rs
3891 1
fi=(450) /rustc/59807616e1fa2540724bfbac14d7976d7e4a3860/library/std/src/sync/once_lock.rs
156 2 1
fe=(445)
264 1
fi=(464)
666 2
fe=(445)
0 6
cfi=(464)
cfn=(5822) litchi_pptx::opened::model::capture_internal
calls=1 730 
0 7721261 342665 23485 33481 2083
fi=(244)
2173 1
0 10
2173 2 1 1
+1 1
fe=(445)
0 1
fi=(244)
2174 2 0 0 1 1
cob=(2)
cfi=(211)
cfn=(728)
calls=1 255 
* 30 5 3
fe=(445)
0 11
fi=(173)
3891 1
fi=(450)
156 2 1
fe=(445)
1907 3
cfn=(6550)
calls=1 +10 
* 24377 1704 92 196 6
* 2 1
fi=(450)
279 1
fi=(173)
3891 1
fi=(450)
156 2 1
281 1
0 1
281 1
fi=(233) /rustc/59807616e1fa2540724bfbac14d7976d7e4a3860/library/core/src/ptr/mod.rs
805 1 1
fi=(337)
0 1
fe=(445)
268 3 0 0 1 1
cob=(2)
cfi=(211)
cfn=(728)
calls=1 -13 
* 30 5 1
+1 7
0 2
fi=(450)
410 2
cfi=(173)
cfn=(6576) std::sync::once_lock::OnceLock<T>::initialize
calls=1 3891 
* 81 8 2 2 2
* 1
fe=(445)

fl=(289) /rustc/59807616e1fa2540724bfbac14d7976d7e4a3860/library/core/src/str/iter.rs
fn=(1104) core::str::iter::SplitInternal<P>::next
657 72
+1 36 18
0 18
662 54
+1 36
cfi=(285) /rustc/59807616e1fa2540724bfbac14d7976d7e4a3860/library/core/src/str/pattern.rs
cfn=(1074) <core::str::pattern::CharSearcher as core::str::pattern::Searcher>::next_match
calls=345 432 
* 1980 288 18 18
* 36 18
+2 36
+1 18
fi=(301) /rustc/59807616e1fa2540724bfbac14d7976d7e4a3860/library/core/src/str/traits.rs
211 18
fi=(262) /rustc/59807616e1fa2540724bfbac14d7976d7e4a3860/library/core/src/ptr/const_ptr.rs
863 18
fe=(289)
667 18
+5 108
-15 20
+1 10 5
0 5
662 15
+1 10
cfi=(285)
cfn=(1074)
calls=30 432 
* 550 80 6 5
* 10 5 1
+2 10
+1 5
fi=(301)
211 5
fi=(262)
863 5
fe=(289)
667 5
+5 30

fl=(442) /home/zhuhe/code/litchi/crates/litchi-ooxml-common/src/mce/codec.rs
fn=(5076) litchi_ooxml_common::mce::codec::process_ooxml
1671 80
fi=(443) /home/zhuhe/code/litchi/crates/litchi-ooxml-common/src/mce/model.rs
297 10
fi=(302) /rustc/59807616e1fa2540724bfbac14d7976d7e4a3860/library/std/src/sys/thread_local/native/mod.rs
105 10
fi=(411) /rustc/59807616e1fa2540724bfbac14d7976d7e4a3860/library/std/src/sys/thread_local/native/lazy.rs
-46 20 10 3
fi=(303) /rustc/59807616e1fa2540724bfbac14d7976d7e4a3860/library/core/src/cell.rs
555 20
fi=(174)
2457 10
fi=(175) /rustc/59807616e1fa2540724bfbac14d7976d7e4a3860/library/core/src/mem/mod.rs
902 10
fi=(443)
296 120
442 100
fe=(442)
1672 30 0 0 10 8
cfn=(5080) litchi_ooxml_common::mce::codec::process_markup_compatibility
calls=17 743 
* 29047 3102 399 530 3
0 10
fi=(244)
835 20 10 2
fe=(442)
1672 40
fi=(244)
836 20
0 10
fe=(442)
1672 10
cfi=(233)
cfn=(5092) core::ptr::drop_in_place<litchi_ooxml_common::mce::model::Capabilities>
calls=17 805 
* 220 20 2
+1 70

fn=(5080)
743 80
+5 20 10 7
0 40
751 30
cfn=(5082) litchi_ooxml_common::mce::codec::contains_mce_namespace
calls=20 -25 
* 28627 3072 381 530 3
* 20 10 7
+1 20 10 4
fi=(443)
455 70
fe=(442)
755 50
+95 90

fn=(5082)
726 20 10 4
0 130
fi=(262)
863 20
fi=(173)
3890 10
fi=(355) /home/zhuhe/.cargo/registry/src/index.crates.io-1949cf8c6b5b557f/memchr-2.8.3/src/arch/x86_64/memchr.rs
153 30 0 0 10 2
cfn=(2262) memchr::arch::x86_64::memchr::memchr_raw::find_avx2
calls=20 -75 
* 778 74 14
fi=(262)
863 520
fi=(173)
3890 260
fi=(355)
153 780 0 0 260
cfn=(2262)
calls=354 -75 
* 17935 1622 294
fi=(265)
2766 540 270 8
fe=(442)
0 260
fi=(264) /rustc/59807616e1fa2540724bfbac14d7976d7e4a3860/library/core/src/slice/cmp.rs
154 1040 0 0 260 1
cob=(2)
cfi=(290)
cfn=(1082)
calls=354 -81 
* 3864 576 46
* 260
fe=(442)
731 260 260 8
0 260
734 260
fi=(270)
573 260
89 520
fe=(442)
726 520 260 7
0 90
737 10

fl=(308) /rustc/59807616e1fa2540724bfbac14d7976d7e4a3860/library/core/src/hash/mod.rs
fn=(1296) core::hash::BuildHasher::hash_one
694 204
fi=(309) /rustc/59807616e1fa2540724bfbac14d7976d7e4a3860/library/core/src/hash/sip.rs
203 136
+1 136
+1 136
+1 68
fi=(281) /rustc/59807616e1fa2540724bfbac14d7976d7e4a3860/library/std/src/hash/random.rs
84 680
fi=(309)
306 272
cfn=(1298) <core::hash::sip::Hasher<S> as core::hash::Hasher>::write
calls=2138 -50 
* 6803 536 71
fe=(308)
+57 340
cfi=(309)
cfn=(1298)
calls=2138 256 
* 2380 340 14
fi=(309)
-49 204
-2 136
+4 136
fi=(174)
2457 136
fi=(297) /rustc/59807616e1fa2540724bfbac14d7976d7e4a3860/library/core/src/intrinsics/mod.rs
2029 68
fi=(174)
2457 68
fi=(309)
78 68
fi=(297)
2029 68
fi=(309)
79 68
fi=(297)
2029 68
fi=(174)
2457 136
fi=(297)
2029 68
fi=(309)
79 68
fi=(297)
2029 136
fi=(309)
78 68
318 68
+2 68
fi=(174)
2457 136
fi=(297)
2029 68
fi=(309)
78 68
fi=(297)
2029 136
fi=(309)
79 68
fi=(174)
2457 68
fi=(297)
2029 68
fi=(174)
2457 68
fi=(309)
79 68
fi=(297)
2029 68
fi=(309)
78 68
fi=(297)
2029 68
fi=(174)
2457 136
fi=(297)
2029 68
fi=(309)
78 68
fi=(297)
2029 136
fi=(309)
79 68
fi=(174)
2457 68
fi=(297)
2029 68
fi=(174)
2457 68
fi=(309)
79 68
fi=(297)
2029 68
fi=(309)
78 68
fi=(297)
2029 68
fi=(174)
2457 136
fi=(297)
2029 68
fi=(309)
78 68
fi=(297)
2029 68
fi=(309)
79 68
fi=(174)
2457 68
fi=(297)
2029 272
fi=(309)
323 204
fe=(308)
702 204
-8 72
fi=(309)
203 48
+1 48
+1 48
+1 24
fi=(281)
84 240
fi=(309)
306 96
cfn=(1298)
calls=30 -50 
* 1464 149 25
fe=(308)
+57 120
cfi=(309)
cfn=(1298)
calls=30 256 
* 840 120 3
fi=(309)
-49 72
-2 48
+4 48
fi=(174)
2457 48
fi=(297)
2029 24
fi=(174)
2457 24
fi=(309)
78 24
fi=(297)
2029 24
fi=(309)
79 24
fi=(297)
2029 24
fi=(174)
2457 48
fi=(297)
2029 24
fi=(309)
79 24
fi=(297)
2029 48
fi=(309)
78 24
318 24
+2 24
fi=(174)
2457 48
fi=(297)
2029 24
fi=(309)
78 24
fi=(297)
2029 48
fi=(309)
79 24
fi=(174)
2457 24
fi=(297)
2029 24
fi=(174)
2457 24
fi=(309)
79 24
fi=(297)
2029 24
fi=(309)
78 24
fi=(297)
2029 24
fi=(174)
2457 48
fi=(297)
2029 24
fi=(309)
78 24
fi=(297)
2029 48
fi=(309)
79 24
fi=(174)
2457 24
fi=(297)
2029 24
fi=(174)
2457 24
fi=(309)
79 24
fi=(297)
2029 24
fi=(309)
78 24
fi=(297)
2029 24
fi=(174)
2457 48
fi=(297)
2029 24
fi=(309)
78 24
fi=(297)
2029 24
fi=(309)
79 24
fi=(174)
2457 24
fi=(297)
2029 96
fi=(309)
323 72
fe=(308)
702 72
-8 375
fi=(309)
203 150
+1 150
+1 150
+1 75
fi=(281)
84 675
fi=(174)
3928 225
fi=(309)
233 225
cfn=(1298)
calls=75 +23 
* 4200 450 27
fi=(174)
3928 150
fi=(309)
233 225
cfn=(1298)
calls=75 +23 
* 4200 450 6
+81 225
-2 150
+4 150
fi=(174)
2457 150
fi=(297)
2029 75
fi=(174)
2457 75
fi=(309)
78 75
fi=(297)
2029 75
fi=(309)
79 75
fi=(297)
2029 75
fi=(174)
2457 150
fi=(297)
2029 75
fi=(309)
79 75
fi=(297)
2029 150
fi=(309)
78 75
318 75
+2 75
fi=(174)
2457 150
fi=(297)
2029 75
fi=(309)
78 75
fi=(297)
2029 150
fi=(309)
79 75
fi=(174)
2457 75
fi=(297)
2029 75
fi=(174)
2457 75
fi=(309)
79 75
fi=(297)
2029 75
fi=(309)
78 75
fi=(297)
2029 75
fi=(174)
2457 150
fi=(297)
2029 75
fi=(309)
78 75
fi=(297)
2029 150
fi=(309)
79 75
fi=(174)
2457 75
fi=(297)
2029 75
fi=(174)
2457 75
fi=(309)
79 75
fi=(297)
2029 75
fi=(309)
78 75
fi=(297)
2029 75
fi=(174)
2457 150
fi=(297)
2029 75
fi=(309)
78 75
fi=(297)
2029 75
fi=(309)
79 75
fi=(174)
2457 75
fi=(297)
2029 300
fi=(309)
323 225
fe=(308)
702 300
-8 54
fi=(309)
203 36
+1 36
+1 36
+1 18
fi=(281)
84 180
fi=(309)
306 72
cfn=(1298)
calls=24 -50 
* 606 93 21
fe=(308)
+57 90
cfi=(309)
cfn=(1298)
calls=24 256 
* 630 90 2
fi=(309)
-49 54
-2 36
+4 36
fi=(174)
2457 36
fi=(297)
2029 18
fi=(174)
2457 18
fi=(309)
78 18
fi=(297)
2029 18
fi=(309)
79 18
fi=(297)
2029 18
fi=(174)
2457 36
fi=(297)
2029 18
fi=(309)
79 18
fi=(297)
2029 36
fi=(309)
78 18
318 18
+2 18
fi=(174)
2457 36
fi=(297)
2029 18
fi=(309)
78 18
fi=(297)
2029 36
fi=(309)
79 18
fi=(174)
2457 18
fi=(297)
2029 18
fi=(174)
2457 18
fi=(309)
79 18
fi=(297)
2029 18
fi=(309)
78 18
fi=(297)
2029 18
fi=(174)
2457 36
fi=(297)
2029 18
fi=(309)
78 18
fi=(297)
2029 36
fi=(309)
79 18
fi=(174)
2457 18
fi=(297)
2029 18
fi=(174)
2457 18
fi=(309)
79 18
fi=(297)
2029 18
fi=(309)
78 18
fi=(297)
2029 18
fi=(174)
2457 36
fi=(297)
2029 18
fi=(309)
78 18
fi=(297)
2029 18
fi=(309)
79 18
fi=(174)
2457 18
fi=(297)
2029 72
fi=(309)
323 54
fe=(308)
702 54

fl=(252) /rustc/59807616e1fa2540724bfbac14d7976d7e4a3860/library/alloc/src/raw_vec/mod.rs
fn=(5998) <alloc::raw_vec::RawVec<alloc::vec::Vec<u8>>>::grow_one
186 48
491 8
+30 8
fi=(236) /rustc/59807616e1fa2540724bfbac14d7976d7e4a3860/library/core/src/cmp.rs
1037 24
fe=(252)
527 48
cfn=(1774) <alloc::raw_vec::RawVecInner>::finish_grow
calls=8 +15 
* 1329 200 28 10 2
fi=(244)
2173 16 8 2
+1 8
fe=(252)
774 8
+1 8
189 40

fn=(4902) <litchi_opc::part::XmlPart as litchi_opc::part::Part>::content_type
612 90
fi=(253) /rustc/59807616e1fa2540724bfbac14d7976d7e4a3860/library/alloc/src/vec/mod.rs
1815 90
fi=(299) /home/zhuhe/code/litchi/crates/litchi-opc/src/part.rs
616 90
fe=(252)

fn=(1514) alloc::raw_vec::RawVecInner<A>::try_allocate_in
445 84
fi=(174)
3051 72
fi=(297)
457 24 12 10
fe=(252)
+2 24 12 4
0 24
fi=(298) /rustc/59807616e1fa2540724bfbac14d7976d7e4a3860/library/alloc/src/alloc.rs
95 12
fi=(243)
-82 12 12 10
+1 36 0 0 12 1
cob=(2)
cfi=(155)
cfn=(650)
calls=23 3283 
* 459 85 7
* 24
fe=(252)
468 24 12
+8 24
0 24
481 72

fn=(4420) alloc::raw_vec::RawVecInner<A>::try_reserve
682 6
+83 6
-77 6 6 2
+11 4
0 10
521 2
fi=(236)
1037 8
fe=(252)
527 12
cfn=(1182) alloc::raw_vec::RawVecInner<A>::finish_grow
calls=3 +15 
* 360 56 11 2
fi=(244)
2173 4 2 2
+1 2
fe=(252)
774 2
+1 4
0 8
699 2

fn=(1774)
542 320
fi=(341) /rustc/59807616e1fa2540724bfbac14d7976d7e4a3860/library/core/src/alloc/layout.rs
75 40
+38 40 40
0 40
fe=(252)
632 80 40 19
fi=(243)
54 57 0 0 19
cob=(2)
cfi=(155)
cfn=(720)
calls=365 3380 
* 1737 269 21 3
fe=(252)
562 38 19 1
fi=(298)
186 42 21
fi=(243)
14 42 0 0 21 2
cob=(2)
cfi=(155)
cfn=(650)
calls=823 3283 
* 1262 224 16
fe=(252)
562 42 21 4
+1 120
0 80
566 240
-24 88
fi=(174)
3051 64
fi=(297)
457 24 8 4
0 8
fe=(252)
632 16 8 7
fi=(298)
135 2
fi=(243)
-82 2 2
fi=(298)
186 12 6
-91 6
fi=(243)
-82 6 6 4
+41 6 0 0 2 1
cob=(2)
cfi=(155)
cfn=(720)
calls=2 3380 
* 765 126 10 2
* 2
-40 12 0 0 6 1
cob=(2)
cfi=(155)
cfn=(650)
calls=6 3283 
* 180 36 1
-14 8
fe=(252)
562 16 8 2
+1 32
0 16
566 64

fn=(1178) alloc::raw_vec::RawVecInner<A>::reserve::do_reserve_and_handle
659 369
fi=(174)
769 123
fi=(297)
457 123 123 2
0 123
fe=(252)
521 246
fi=(236)
1037 615
fe=(252)
527 861
cfn=(1182)
calls=490 +15 
* 38987 6174 545 203 2
fi=(244)
2173 246 123
+1 123
fe=(252)
774 123
+1 123
669 492

fn=(1182)
542 9
fi=(174)
3051 8
fi=(297)
457 3 1
0 1
fe=(252)
632 2 1
fi=(298)
135 1
fi=(243)
-82 1 1 1
+1 3 0 0 1 1
cob=(2)
cfi=(155)
cfn=(720)
calls=36 3380 
* 413 67 7 1
fe=(252)
562 2 1
+1 4
0 2
566 8
-24 252
fi=(174)
3051 224
fi=(297)
457 84 28 12
0 28
fe=(252)
632 56 28 7
fi=(298)
135 1
fi=(243)
-82 1 1 1
fi=(298)
186 54 27 17
-91 27
fi=(243)
-82 27 27 2
+41 3 0 0 1
cob=(2)
cfi=(155)
cfn=(720)
calls=73 3380 
* 539 97 14 1
fe=(252)
562 2 1
+1 112
fi=(243)
14 54 0 0 27
cob=(2)
cfi=(155)
cfn=(650)
calls=49 3283 
* 1641 320 50
fe=(252)
562 54 27 3
0 56
566 224
-24 1575
fi=(174)
3051 1400
fi=(297)
457 525 175 21
0 175
fe=(252)
632 350 175 6
fi=(298)
135 111
fi=(243)
-82 111 111 1
fi=(298)
186 128 64
-91 64
fi=(243)
-82 64 64 4
+41 333 0 0 111
cob=(2)
cfi=(155)
cfn=(720)
calls=377 3380 
* 41339 7020 667 100 2
fe=(252)
562 222 111 1
+1 700
fi=(243)
14 128 0 0 64
cob=(2)
cfi=(155)
cfn=(650)
calls=338 3283 
* 3633 649 80
fe=(252)
562 128 64 9
0 350
566 1400
-24 162
fi=(174)
3051 144
fi=(297)
457 54 18 9
0 18
fe=(252)
632 36 18 1
fi=(298)
186 36 18
-91 18
fi=(243)
-82 18 18
fe=(252)
563 72
fi=(243)
14 36 0 0 18
cob=(2)
cfi=(155)
cfn=(650)
calls=369 3283 
* 540 108 6
fe=(252)
562 36 18 8
0 36
566 144

fn=(1536) alloc::raw_vec::RawVec<T,A>::grow_one
186 4
491 1
+30 1
fi=(236)
1037 3
fe=(252)
527 6
cfn=(1182)
calls=1 +15 
* 457 71 8 2 1
fi=(244)
2173 2 1
+1 1
fe=(252)
774 1
+1 1
189 4
-3 4
491 1
+30 1
fi=(236)
1037 3
fe=(252)
527 6
cfn=(1182)
calls=1 +15 
* 583 101 16 2
fi=(244)
2173 2 1
+1 1
fe=(252)
774 1
+1 1
189 4
-3 124
491 31
+30 31
fi=(236)
1037 93
fe=(252)
527 186
cfn=(1182)
calls=89 +15 
* 10580 1784 218 46
fi=(244)
2173 62 31
+1 31
fe=(252)
774 31
+1 31
189 124
-3 84
491 21
+30 21
fi=(236)
1037 63
fe=(252)
527 126
cfn=(1182)
calls=136 +15 
* 3169 475 26 26
fi=(244)
2173 42 21
+1 21
fe=(252)
774 21
+1 21
189 84
-3 72
491 18
+30 18
fi=(236)
1037 54
fe=(252)
527 108
cfn=(1182)
calls=103 +15 
* 1350 198 24 18
fi=(244)
2173 36 18
+1 18
fe=(252)
774 18
+1 18
189 72

fn=(1770) <alloc::raw_vec::RawVecInner<_>>::reserve::do_reserve_and_handle::<alloc::alloc::Global>
659 185
fi=(174)
769 37
fi=(297)
457 37 37
0 37
fe=(252)
521 74
fi=(236)
1037 185
fe=(252)
527 185
cfn=(1774)
calls=688 +15 
* 3860 581 56 40 1
fi=(244)
2173 74 37
+1 37
fe=(252)
774 37
+1 37
669 185

fl=(253)
fn=(5320) alloc::vec::Vec<T,A>::push_mut
1023 30
+2 6
+3 12 6 5
fi=(252)
612 6
fi=(239) /rustc/59807616e1fa2540724bfbac14d7976d7e4a3860/library/core/src/ptr/mut_ptr.rs
961 12
fi=(233)
1917 24
fe=(253)
1034 12
+4 24
-15 40
+2 8
+3 16 8 4
+1 8 0 0 4 1
cfi=(252)
cfn=(5998)
calls=4 186 
* 420 48 11 4
fi=(252)
612 8
fi=(239)
961 8
fi=(233)
1917 32
fe=(253)
1034 16
+4 32
-15 5
+2 1
+3 2 1 1
fi=(252)
612 1
fi=(239)
961 2
fi=(233)
1917 10
fe=(253)
1034 2
+4 4

fl=(285)
fn=(1040) <&str as core::str::pattern::Pattern>::is_contained_in
987 180
+5 36 18 1
0 18
1800 18
+1 18
+3 36 18
+17 36 18
fi=(286) /rustc/59807616e1fa2540724bfbac14d7976d7e4a3860/library/core/src/../../portable-simd/crates/core_simd/src/vector.rs
153 90
fe=(285)
1826 54
fi=(286)
153 90
fi=(270)
-64 18
fe=(285)
1833 108
+45 72 18
0 36
1891 108 36
+2 36
0 18
fi=(233)
547 36
fi=(481) /rustc/59807616e1fa2540724bfbac14d7976d7e4a3860/library/core/src/../../portable-simd/crates/core_simd/src/simd/cmp/eq.rs
31 36
fi=(482) /rustc/59807616e1fa2540724bfbac14d7976d7e4a3860/library/core/src/../../portable-simd/crates/core_simd/src/masks.rs
481 18
314 18
fe=(285)
1893 36 18
fi=(233)
547 2
fi=(481)
31 2
fi=(482)
481 1
314 1
fe=(285)
1893 2 1
0 19
1891 57 19 2
0 1
1891 2 1
+12 18
fi=(262)
863 36
fi=(233)
547 36
fi=(481)
31 36
fi=(482)
481 18
314 18
fe=(285)
1905 36 18 2
1013 162
-26 40
+5 10 5 2
0 5
1821 10 5
fi=(286)
153 55
fe=(285)
1833 20
+45 20 5
fi=(264)
0 10
fe=(285)
1891 25 10 2
0 10
fi=(233)
547 10
fi=(481)
31 10
fi=(482)
481 5
314 5
fe=(285)
1893 10 5
fi=(233)
547 4
fi=(481)
31 4
fi=(482)
481 2
314 2
fe=(285)
1893 4 2
0 7
1891 21 7 4
0 2
1891 4 2
fi=(233)
547 10
fi=(481)
31 10
fi=(482)
481 5
314 5
fe=(285)
1905 10 5 1
1013 45

fn=(1074)
432 3108
fi=(174)
923 1036 259 2
0 518
fe=(285)
438 1036 259 1
0 1295
fi=(274) /rustc/59807616e1fa2540724bfbac14d7976d7e4a3860/library/core/src/slice/memchr.rs
27 1813
fi=(174)
927 518
fi=(270)
89 259
fi=(274)
-62 518 259 69
+12 96 48 1
-39 96
40 960 480 1
+4 480
-5 1008 480 48
fi=(233)
2292 422
fi=(274)
71 422 211 32
-71 294
91 98
-91 196
89 98
-70 392
+71 98
-71 294
+72 392 98 15
-91 4
91 4
-91 8
89 4
-70 16
+71 4
-71 12
+72 16 4
+4 26
-14 78 26
-81 226
40 804 402 8
+4 347
-5 694 347 113
-39 58
81 116 58 4
-81 108
39 270 54
-39 102
39 510 102
-39 156
40 1018 509 43
-1 1187 385 45
fe=(285)
457 537
+1 1253 179
0 179
fi=(270)
89 358
fi=(264)
+65 895 0 0 179 3
cob=(2)
cfi=(290)
cfn=(1082)
calls=3741 -81 
* 1790 537 16
* 1074
fe=(285)
461 179 179
+1 716
+6 80
0 160
472 640
0 179
472 1432
-40 456
fi=(174)
923 152 38
0 76
fe=(285)
438 152 38
0 190
fi=(274)
27 266
fi=(174)
927 76
fi=(270)
89 38
fi=(274)
-62 76 38 8
+12 8 4 2
-39 8
40 80 40
+4 40
-5 84 40 12
fi=(233)
2292 68
fi=(274)
71 68 34 2
-71 30
91 10
-91 20
89 10
-70 40
+71 10
-71 30
+72 40 10
-91 4
91 4
-91 8
89 4
-70 16
+71 4
-71 12
+72 16 4
-91 48
40 188 94 11
+4 84
-5 168 84 17
-39 14
81 28 14 4
-81 20
39 50 10
-39 14
39 70 14 2
-39 24
40 256 128 13
-1 336 110 7
fe=(285)
457 84
+1 196 28 4
0 28
fi=(270)
89 56
fi=(264)
+65 140 0 0 28 1
cob=(2)
cfi=(290)
cfn=(1082)
calls=164 -81 
* 280 84 2
* 168
fe=(285)
461 28 28
+1 112
+6 10
0 20
472 80
0 28
472 224

fn=(1220) <core::str::pattern::CharSearcher as core::str::pattern::ReverseSearcher>::next_match_back
499 40
+1 15
fi=(174)
923 30 5 3
0 75 5
927 10
fe=(285)
507 20 0 0 5
cfi=(274)
cfn=(1224) core::slice::memchr::memrchr
calls=1782 111 
* 842 200 14
* 10 5
+3 5
+8 20 5 2
+2 25
fi=(174)
923 10 5
0 5
fi=(270)
89 20
fi=(264)
+65 5 0 0 5 2
cob=(2)
cfi=(290)
cfn=(1082)
calls=1780 -81 
* 50 15
* 15
fe=(285)
521 5 5
+2 10
+1 25
0 15
546 40

fl=(352)
fn=(2200)
89 10775
fi=(287) /rustc/59807616e1fa2540724bfbac14d7976d7e4a3860/library/core/src/str/validations.rs
+44 6465
+12 4310 2155 20
0 15029
217 68
-72 11296 5648 1035
+19 6861
+1 13722 6861 22
fi=(174)
2494 13654
fi=(287)
222 13654 6827 1398
+23 11224
-7 18
-14 2466 1233 39
+9 18
+1 54 18 2
+7 2430 1215 5
0 1213
241 9088 4544
+1 4544
-1 10301 4544 1449
+38 102
-94 102 68 3
-30 34
+2 68 34
+3 34
+32 136 68
+2 102 34 8
+2 18 6 2
0 68 34 2
155 34
+2 68 34 2
+42 68 34 2
fe=(352)
94 8620
-94 2155
98 8620

fl=(172) /rustc/59807616e1fa2540724bfbac14d7976d7e4a3860/library/std/src/rt.rs
fn=(860) std::rt::lang_start::{{closure}}
cfi=(249) /rustc/59807616e1fa2540724bfbac14d7976d7e4a3860/library/std/src/sys/backtrace.rs
cfn=(862) std::sys::backtrace::__rust_begin_short_backtrace
calls=0 162 
206 7745872 344394 23584 33682 2094

fn=(598) std::rt::lang_start_internal
fi=(323) /rustc/59807616e1fa2540724bfbac14d7976d7e4a3860/library/core/src/ops/function.rs
cfn=(860)
calls=0 206 
287 7745872 344394 23584 33682 2094
fe=(172)

fl=(466) /home/zhuhe/code/litchi/crates/litchi-pptx/src/notes/codec.rs
fn=(5986) litchi_pptx::notes::codec::root_conformance
312 15
+2 6
cfn=(5988) litchi_pptx::notes::codec::scan_xml
calls=1 +23 
* 45902 6952 590 599 57
* 2 1 1
0 2
fi=(233)
805 1
cfn=(5944) core::ptr::drop_in_place<litchi_pptx::notes::codec::XmlScan>
calls=1 * 
* 512 96 11 12 5
* 1
fe=(466)
315 2
+4 8

fn=(5988)
337 36
+6 8 4 3
0 24
346 4 0 0 4 1
cfi=(442)
cfn=(5076)
calls=4 1671 
* 22489 2374 297 420 7
fi=(244)
2173 4
0 16
2173 8 4
fe=(466)
347 32
cfn=(5882) litchi_pptx::notes::codec::scan_processed_xml
calls=4 +9 
* 1395154 197599 12544 19962 973
* 4
fi=(233)
805 12 4 3
fe=(466)
354 32

fn=(5892) litchi_pptx::notes::codec::inspect_element
447 9490
fi=(263) /rustc/59807616e1fa2540724bfbac14d7976d7e4a3860/library/alloc/src/borrow.rs
0 730
fi=(378) /home/zhuhe/.cargo/registry/src/index.crates.io-1949cf8c6b5b557f/quick-xml-0.41.0/src/events/mod.rs
218 730
fi=(270)
438 1460 730
0 1460
fe=(466)
459 2190
fi=(262)
863 730
fi=(173)
3890 1460
fi=(355)
153 2920 0 0 730 1
cfn=(2262)
calls=730 -75 
* 29901 4358 16
fi=(265)
2766 1460 730 9
fi=(362) /home/zhuhe/.cargo/registry/src/index.crates.io-1949cf8c6b5b557f/memchr-2.8.3/src/arch/generic/memchr.rs
0 730
fi=(262)
619 2190
0 730
fi=(374) /home/zhuhe/.cargo/registry/src/index.crates.io-1949cf8c6b5b557f/quick-xml-0.41.0/src/name.rs
864 2920 0 0 730 1
cfn=(4070) quick_xml::name::NamespaceResolver::resolve_prefix
calls=730 +87 
* 76439 15557 1198 1404 4
* 730
fe=(466)
459 1460
cfi=(467) /home/zhuhe/code/litchi/crates/litchi-pptx/src/notes/mod.rs
cfn=(5904) litchi_pptx::notes::resolved
calls=730 80 
* 42997 5870 24 1460 109
fi=(244)
2173 2190 730
+1 2920
fi=(173)
3890 1460
fi=(355)
153 2920 0 0 730 3
cfn=(2262)
calls=730 -75 
* 29901 4358 298
* 2190
fi=(265)
2766 1460 730 2
fi=(262)
619 1460
fi=(270)
-46 1460
89 1460
-89 730
fe=(466)
460 1460 0 0 730 2
cfi=(352)
cfn=(2200)
calls=730 89 
* 56324 12279 1456
fi=(244)
966 1460 730 40
+1 2190
fe=(466)
461 1460 730 13
fi=(264)
20 14 7 3
-20 2
154 4
fe=(466)
463 1 1 1
fi=(468) /home/zhuhe/code/litchi/crates/litchi-pptx/src/notes/model.rs
10 36
fe=(466)
-10 6
fi=(264)
20 12 6
-20 14
154 7 0 0 7 1
cob=(2)
cfi=(290)
cfn=(1082)
calls=7 -81 
* 119 28 8
* 7
fe=(466)
462 21 14
0 14
fi=(264)
154 14 0 0 7 1
cob=(2)
cfi=(290)
cfn=(1082)
calls=7 -81 
* 137 31 3
* 7
fe=(466)
468 7 7 2
0 730
474 1460 730 265
0 318
475 318
fi=(293) /home/zhuhe/code/litchi/crates/litchi-pptx/src/lib.rs
0 318
fi=(244)
0 1648
fi=(434) /home/zhuhe/code/litchi/crates/litchi-opc/src/xml_attributes.rs
116 824
246 412
fe=(466)
477 16480
0 40
477 60
cfi=(434)
cfn=(4102) <litchi_opc::xml_attributes::CheckedAttributes as core::iter::traits::iterator::Iterator>::next
calls=20 179 
* 10614 2350 102 86 1
* 3345
cfi=(434)
cfn=(4102)
calls=1115 179 
* 299007 40462 2526 3860 263
* 3405 1135 10
0 1446
477 2892
fi=(244)
966 1446 723 2
fe=(466)
0 723
fi=(292) /rustc/59807616e1fa2540724bfbac14d7976d7e4a3860/library/core/src/slice/mod.rs
851 1446 723 26
fi=(368) /rustc/59807616e1fa2540724bfbac14d7976d7e4a3860/library/core/src/array/equality.rs
157 120
fe=(466)
480 40 20
fi=(292)
2624 703 703 106
0 247
fi=(264)
154 1235
fe=(466)
480 247 247 6
fi=(233)
805 60 20 2
fi=(243)
0 703
fe=(466)
483 2109
+1 1406 703
0 703
fi=(262)
863 703
fi=(173)
3890 1406
fi=(355)
153 2109 0 0 703
cfn=(2262)
calls=703 -75 
* 39622 8399 992
fi=(265)
2766 1406 703 4
fi=(262)
619 20
fi=(270)
89 20
573 50
0 2772
fi=(374)
864 3465 0 0 693 7
cfn=(4070)
calls=693 +87 
* 18711 1386 11
* 50 0 0 10
cfn=(4070)
calls=10 +87 
* 1070 220 20 20
fe=(466)
488 2109
cfi=(467)
cfn=(5904)
calls=703 80 
* 17342 803 12 20 10
fi=(244)
2173 2109 703
+1 2109
fe=(466)
489 2812 0 0 703 1
cfi=(352)
cfn=(2200)
calls=703 89 
* 49828 10311 1186
fi=(244)
966 1406 703 8
+1 2109
fe=(466)
490 2812 0 0 703 1
cfi=(352)
cfn=(2200)
calls=703 89 
* 49949 10484 1298
fi=(244)
966 1406 703 6
+1 1406
fe=(466)
491 1406 0 0 703 3
cfi=(454) /home/zhuhe/.cargo/registry/src/index.crates.io-1949cf8c6b5b557f/quick-xml-0.41.0/src/escape.rs
cfn=(5586) quick_xml::escape::unescape
calls=703 222 
* 84625 12237 804 703 1
fi=(244)
966 2812 703
+1 4921
fe=(466)
493 703
fi=(174)
769 2109
fi=(297)
457 703 703 2
fe=(466)
+35 1406
+3 1406 703 9
0 703
fi=(264)
20 1406 703 21
-20 20
154 10 0 0 10 1
cob=(2)
cfi=(290)
cfn=(1082)
calls=10 -81 
* 290 70 18
* 10
fe=(466)
498 10 10 2
0 1402
fi=(233)
805 2103 701 9
fe=(466)
0 2
fi=(233)
805 2115 705 6
fi=(243)
0 1406
fe=(466)
477 703
0 30
fi=(297)
457 10 10
fi=(252)
+2 10 10
fi=(298)
95 30
cfi=(164)
cfn=(1758) __rustc::__rust_alloc
calls=10 -95 
* 660 112 11 10
fi=(252)
468 40 10
0 10
fi=(233)
547 30 0 0 10
cob=(2)
cfi=(211)
cfn=(728)
calls=10 255 
* 146 38 5
fi=(256) /rustc/59807616e1fa2540724bfbac14d7976d7e4a3860/library/alloc/src/slice.rs
-95 10
0 10
fi=(253)
1025 10
+3 20 10 7
+1 8 0 0 4 1
cfi=(252)
cfn=(5998)
calls=4 186 
* 1125 160 19 6 2
* 4
fi=(252)
612 4
fi=(239)
961 12
fi=(233)
1917 16
fi=(253)
1034 8
fi=(264)
20 8 4 2
fi=(252)
612 6
fi=(239)
961 18
fi=(233)
1917 24
fi=(253)
1034 12
fi=(264)
20 12 6 2
-20 10
154 20
fe=(466)
500 10 10
fi=(264)
20 28 14 6
-20 4
154 12
fe=(466)
501 2 2
fi=(252)
-68 12
cfn=(1514)
calls=2 +12 
* 136 20 7 2 1
0 2
433 4 2
+1 2
+25 2
fi=(256)
-7 2 2
0 6
fi=(233)
547 4 0 0 2 1
cob=(2)
cfi=(211)
cfn=(728)
calls=2 255 
* 26 6 3
* 2
fi=(260) /rustc/59807616e1fa2540724bfbac14d7976d7e4a3860/library/alloc/src/string.rs
1014 8
fi=(253)
-22 4
cfn=(5320)
calls=2 +31 
* 254 26 8 4 1
* 2
0 12
fi=(264)
154 30
fe=(466)
503 6 6 2
fi=(252)
-70 36
cfn=(1514)
calls=6 +12 
* 384 54 14 6
0 6
433 12 6
+1 6
+25 6
fi=(256)
-7 6 6
0 18
fi=(233)
547 12 0 0 6 1
cob=(2)
cfi=(211)
cfn=(728)
calls=6 255 
* 90 24 6
* 6
fi=(260)
1014 24
fi=(253)
-22 12
cfn=(5320)
calls=6 +31 
* 334 30 7 4
* 6
fi=(252)
632 824 412 4
fi=(233)
805 2472 412 3
cfn=(5210) core::ptr::drop_in_place<litchi_opc::xml_attributes::Phase>
calls=412 * 
* 5768 412 3
fe=(466)
509 412
+1 412
fi=(468)
17 6
fe=(466)
-17 1
fi=(264)
20 2 1 1
fe=(466)
510 5840

fn=(5882)
356 56
+7 14 7 4
+3 14 7 2
fi=(293)
0 7
fi=(361) /home/zhuhe/.cargo/registry/src/index.crates.io-1949cf8c6b5b557f/quick-xml-0.41.0/src/reader/mod.rs
780 98
fi=(433) /home/zhuhe/.cargo/registry/src/index.crates.io-1949cf8c6b5b557f/quick-xml-0.41.0/src/reader/ns_reader.rs
59 7 0 0 7 7
cfi=(374)
cfn=(4000) <quick_xml::name::NamespaceResolver as core::default::Default>::default
calls=7 571 
* 8454 1140 97 48 2
-2 147
fi=(361)
224 7
fe=(466)
376 7
+1 7
-88 14
fi=(361)
780 7
fe=(466)
289 91
fi=(433)
74 14 7 1
-74 1460
74 3294 1098 222
fi=(374)
763 730
fi=(174)
2345 1460
fi=(374)
806 730
fi=(252)
612 730
fi=(253)
1815 730
fi=(239)
961 2920
0 730
fi=(180)
1720 730
fi=(271)
25 730 730 2
fi=(180)
1720 20
fi=(271)
25 20 20
407 1500
fi=(374)
808 750
fi=(180)
583 750
fi=(271)
407 750 750 12
fi=(270)
219 3650 730 5
fi=(374)
816 8
fi=(253)
1773 16 8 5
0 16
fi=(433)
76 8
-7 24
cfi=(361)
cfn=(5100) quick_xml::reader::Reader<R>::read_event_impl
calls=8 978 
* 882 77 9 20 1
+7 722
-7 2166
cfi=(361)
cfn=(5100)
calls=722 978 
* 297709 34586 1730 4864 40
* 1125
cfi=(361)
cfn=(5100)
calls=375 978 
* 190405 22775 1320 2734 77
+1 4420
cfn=(5112) quick_xml::reader::ns_reader::NsReader<R>::process_event
calls=1105 +10 
* 289980 43939 2579 4465 249
fi=(244)
966 3315 1105
0 1105
967 6630
2174 6630
fe=(466)
381 9945 1105 5
0 1105
381 3315 0 0 1105 630
+1 1368
+2 342
+1 684 342
0 342
388 684 342
0 342
396 342
-5 5472
cfn=(5892)
calls=342 +56 
* 325331 49968 3579 4884 220
* 684
+12 1552
+1 388
+1 776 388
+3 776 388
0 388
416 388
-5 6208
cfn=(5892)
calls=388 +36 
* 658008 97499 7057 9182 197
* 388
fi=(244)
2173 1460 730 1
fi=(233)
805 1538 756 7
0 26
805 156 26 4 26 1
fe=(466)
424 684 342
+3 342
fi=(233)
805 684 342 2
fi=(252)
0 7
fe=(466)
435 7
cfi=(233)
cfn=(2482) core::ptr::drop_in_place<quick_xml::events::Event>
calls=7 805 
* 28 7 4
* 14
+2 14 7
+3 91
+1 7
cfi=(233)
cfn=(4240) core::ptr::drop_in_place<quick_xml::reader::ns_reader::NsReader<&[u8]>>
calls=7 805 
* 3586 605 41 28 14
* 63

fn=(6084) litchi_pptx::notes::codec::validate_resource_xml
296 12
+7 6
cfn=(5988)
calls=2 +34 
* 1326190 186118 11778 19188 880
fi=(244)
2173 2
0 20
2173 4 2 1
fe=(466)
303 20
+1 4 2 2
+5 2
0 2
310 2
cfi=(233)
cfn=(5944)
calls=2 805 
* 60 12 9
* 6

fl=(436)
fn=(4136)
107 150
0 15
117 30 15 1
fi=(351) /rustc/59807616e1fa2540724bfbac14d7976d7e4a3860/library/core/src/slice/iter.rs
-13 15
fe=(436)
0 15
fi=(271)
180 15 15
0 45
390 69
fi=(180)
1720 69
fi=(271)
180 69 69 13
384 138
fi=(454)
552 69 69 3
0 6 3 3
fi=(301)
0 90
fe=(436)
0 15
123 120

fl=(360) /home/zhuhe/.cargo/registry/src/index.crates.io-1949cf8c6b5b557f/memchr-2.8.3/src/arch/x86_64/avx2/memchr.rs
fn=(2338) memchr::arch::x86_64::avx2::memchr::Three::find_raw
1037 2676
+5 5352 2676
0 2676
fi=(262)
619 2676
fe=(360)
1046 5352 2676 12
+1 26 13 8
0 12
fi=(362)
1161 8
0 4
1162 4
fe=(360)
1051 8 4
fi=(362)
1162 30
fe=(360)
1051 180 90 20
fi=(262)
384 30
fi=(362)
1161 60 30 8
fe=(360)
-83 5326
cfn=(2340) memchr::arch::x86_64::avx2::memchr::Three::find_raw_avx2
calls=14509 1191 
* 52452 2813 56
+1 5326
fi=(233)
547 9
fi=(362)
968 9
+1 9
+1 9
fi=(311) /rustc/59807616e1fa2540724bfbac14d7976d7e4a3860/library/core/src/../../stdarch/crates/core_arch/src/x86/sse2.rs
-56 36
-25 9
+25 9
-25 9
1563 9
fi=(370) /home/zhuhe/.cargo/registry/src/index.crates.io-1949cf8c6b5b557f/memchr-2.8.3/src/vector.rs
147 9
fi=(362)
972 9 9 6
fi=(174)
178 5
fi=(262)
863 15
fe=(360)
1079 10
0 4
1079 8
fi=(262)
863 12
fi=(362)
-31 8 4 2
+11 8 4
fi=(233)
547 4
fi=(311)
914 8
-25 4
+25 4
-25 4
1563 4
fi=(370)
147 4
fi=(362)
972 4 4
fi=(174)
178 4
fi=(262)
863 8
fe=(360)
1079 8

fn=(2266) memchr::arch::x86_64::avx2::memchr::One::find_raw_avx2
396 572
fi=(362)
+26 286
fi=(363) /rustc/59807616e1fa2540724bfbac14d7976d7e4a3860/library/core/src/../../stdarch/crates/core_arch/src/x86/avx2.rs
2163 572
fi=(370)
147 286
fi=(362)
423 286 286 85
0 171
155 342
fe=(360)
402 342
fi=(362)
0 384
fi=(262)
863 576
fi=(362)
171 1536 192 6
0 372
186 372
0 186
fi=(363)
699 744
2315 558
2163 186
fi=(370)
147 186
fi=(362)
+39 186 186 69
fi=(363)
699 308
2315 231
2163 77
fi=(370)
147 77
fi=(362)
+39 77 77 22
0 82
172 328 82 7
0 15
212 10 5
0 6
212 12 6 1
0 5
fi=(363)
2163 10
fi=(370)
147 5
fi=(362)
423 5 5
fi=(363)
2163 12
fi=(370)
147 6
fi=(362)
423 6 6 1
fi=(262)
863 10
fi=(362)
212 20 10 2
+11 20 10 4
fi=(363)
2163 18
fi=(370)
147 36
fi=(362)
423 27
fe=(360)
-21 18
0 1
402 2
fi=(363)
2163 181
fi=(370)
147 181
fi=(362)
+41 181 181 49
fi=(174)
-10 48
fi=(483) /home/zhuhe/.cargo/registry/src/index.crates.io-1949cf8c6b5b557f/memchr-2.8.3/src/lib.rs
0 144
fe=(360)
402 96
fi=(174)
178 1
fi=(262)
863 3
fe=(360)
402 2
fi=(363)
2163 133
fi=(370)
147 133
fi=(362)
+46 133 133 38
fi=(363)
2163 56
fi=(370)
147 56
fi=(362)
+51 56 56 21
fi=(174)
-20 36
fi=(483)
0 108
fe=(360)
402 72
fi=(363)
2163 40
fi=(174)
178 20
fi=(483)
0 60
fe=(360)
402 40

fn=(2244) memchr::arch::x86_64::avx2::memchr::Two::find_raw
654 1842
+5 3684 1842 17
0 1825
fi=(262)
619 1825
fe=(360)
+44 3650 1825 27
+1 1410 705 47
0 1352
fi=(362)
1161 1352
0 676
1162 676
fe=(360)
668 1352 676 8
fi=(362)
1162 2208
fe=(360)
668 10176 5088
fi=(262)
384 2880
fi=(362)
1161 5760 2880 707
0 672
fe=(360)
694 1344
-1 2240
cfn=(2246) memchr::arch::x86_64::avx2::memchr::Two::find_raw_avx2
calls=6313 804 
* 18399 1171 29
+1 2240
fi=(233)
547 29
fi=(362)
676 29
+1 29
fi=(311)
914 87
-25 29
1563 29
fi=(370)
147 29
fi=(362)
679 29 29 2
fi=(174)
178 9
fi=(262)
863 27
fe=(360)
694 18
0 4
694 8
fi=(262)
863 60
fi=(362)
550 40 20 5
0 3
fi=(233)
547 3
fi=(311)
914 9
-25 3
1563 3
fi=(370)
147 3
fi=(362)
679 3 3 2
fi=(262)
863 3
fi=(362)
550 6 3
+11 40 20
fi=(233)
-14 20
fi=(311)
914 40
-25 20
1563 20
fi=(370)
147 20
fi=(362)
679 20 20 4
fe=(360)
0 37
694 74

fn=(2264) memchr::arch::x86_64::avx2::memchr::One::find_raw
179 5282
+5 5282 2641 20
0 2641
fi=(262)
619 5282
fe=(360)
188 5282 2641 34
+1 4710 2355 69
0 2293
fi=(362)
1161 4586
0 2293
fe=(360)
193 2293
fi=(362)
1162 2293 2293 1
fe=(360)
193 4053
fi=(362)
1162 4053 4053 700
fi=(262)
384 4776
fi=(362)
1161 9552 4776 624
0 723
fe=(360)
219 1446
-1 858
cfn=(2266)
calls=481 396 
* 11347 1235 305
+1 572
fi=(233)
547 62
fi=(362)
422 62
fi=(311)
1563 124
fi=(370)
147 62
fi=(362)
423 62 62
fi=(174)
178 62
fi=(262)
863 62
0 62
fe=(360)
219 124
fi=(262)
0 1570
fe=(360)
219 3140

fn=(2340)
1191 5326
fi=(233)
547 2663
fi=(362)
968 2663
+1 2663
+1 2663
fi=(363)
699 5326
2315 2663
699 2663
2315 2663
2163 2663
fi=(370)
147 2663
fi=(362)
972 2663 2663 39
fi=(174)
178 2613
fi=(362)
0 5226
fe=(360)
1197 5226
fi=(362)
0 100
fi=(262)
863 100
fi=(362)
-70 400 50
0 50
fi=(375) /rustc/59807616e1fa2540724bfbac14d7976d7e4a3860/library/core/src/../../stdarch/crates/core_arch/src/x86/avx.rs
1688 100
fi=(363)
699 300
2315 250
2163 50
fi=(370)
147 50
fi=(362)
810 50 50
fi=(370)
162 150
-15 50
fi=(362)
815 50 50 17
fi=(174)
178 19
fi=(362)
0 38
fe=(360)
1197 38
fi=(370)
162 124
fi=(174)
+16 31
fi=(483)
0 93
fe=(360)
1197 62

fn=(2246)
804 2240
fi=(233)
547 1120
fi=(362)
676 1120
+1 1120
fi=(363)
+22 2240
2315 1120
2163 1120
fi=(370)
147 1120
fi=(362)
679 1120 1120 16
fi=(174)
178 1104
fi=(362)
0 2208
fe=(360)
810 2208
fi=(362)
0 32
fi=(262)
863 32
fi=(362)
521 128 16 2
0 13
fi=(375)
1688 26
fi=(363)
699 52
2315 39
2163 13
fi=(370)
147 13
fi=(362)
534 13 13 2
0 3
550 6 3 2
+11 6 3 1
fi=(233)
-14 3
fi=(363)
699 6
2315 3
2163 3
fi=(370)
147 3
fi=(362)
679 3 3 2
fe=(360)
0 3
810 6
fi=(370)
162 26
-15 13
fi=(362)
536 13 13 4
fi=(174)
178 4
fi=(362)
0 8
fe=(360)
810 8
fi=(370)
162 27
fi=(174)
+16 9
fi=(483)
0 27
fe=(360)
810 18

fl=(475) /home/zhuhe/code/litchi/crates/litchi-pptx/src/notes/transaction.rs
fn=(6180) litchi_pptx::notes::transaction::PartState::from_part
28 27
+2 9 0 0 3 1
cfi=(299)
cfn=(4954) <litchi_opc::part::XmlPart as litchi_opc::part::Part>::rels
calls=3 660 
* 6
fi=(304) /rust/deps/hashbrown-0.16.1/src/raw/mod.rs
2210 3
3851 6 3 2
fi=(313) /rustc/59807616e1fa2540724bfbac14d7976d7e4a3860/library/std/src/collections/hash/map.rs
639 8
fi=(262)
863 2
fi=(315) /rust/deps/hashbrown-0.16.1/src/control/bitmask.rs
50 4 2 2
fi=(314) /rustc/59807616e1fa2540724bfbac14d7976d7e4a3860/library/core/src/num/nonzero.rs
641 2
fi=(239)
1072 4
fi=(252)
612 2
fi=(253)
1815 2
fi=(252)
612 2
fi=(253)
1815 2
fi=(252)
612 2
fi=(300) /home/zhuhe/code/litchi/crates/litchi-opc/src/rel.rs
187 4
fe=(475)
33 6
cfi=(468)
cfn=(6160) litchi_pptx::notes::model::Link::new
calls=2 +44 
* 823 136 9 12
* 2
fi=(318) /rustc/59807616e1fa2540724bfbac14d7976d7e4a3860/library/alloc/src/vec/spec_from_iter_nested.rs
-9 8 2 1
-24 6
fe=(475)
43 1 0 0 1
cfi=(299)
cfn=(4982) <litchi_opc::part::XmlPart as litchi_opc::part::Part>::partname
calls=1 607 
* 2
fi=(318)
-43 4
fe=(475)
43 2 0 0 2 1
cfi=(299)
cfn=(4982)
calls=2 607 
* 4
fi=(260)
2352 3
fi=(252)
459 9 3 1
fi=(260)
2352 3
fi=(243)
14 6 0 0 3 1
cob=(2)
cfi=(155)
cfn=(650)
calls=3 3283 
* 230 41 1
fi=(252)
468 6 3 2
fi=(256)
0 3
fi=(233)
547 12 0 0 3 1
cob=(2)
cfi=(211)
cfn=(728)
calls=3 255 
* 34 6 2
* 6
0 6
fe=(475)
44 3 0 0 3 1
cfi=(252)
cfn=(4902)
calls=3 612 
* 9
-44 6
fi=(297)
457 3 3 1
fi=(252)
0 3
459 6 3 3
0 3
fi=(243)
14 6 0 0 3 1
cob=(2)
cfi=(155)
cfn=(650)
calls=3 3283 
* 432 80 5
fi=(252)
468 6 3 1
fi=(256)
0 3
fi=(233)
547 12 0 0 3 1
cob=(2)
cfi=(211)
cfn=(728)
calls=3 255 
* 56 12
* 3
fi=(236)
1037 6
fi=(174)
3051 8
fi=(297)
457 4 2 2
fi=(252)
0 6
fe=(475)
45 3 0 0 3 1
cfi=(299)
cfn=(6208) <litchi_opc::part::XmlPart as litchi_opc::part::Part>::blob_arc
calls=3 627 
* 36 6 3 3 1
-45 6
46 9
-4 24
+6 24
-48 4
fi=(252)
459 4 2
0 4
fi=(243)
14 4 0 0 2
cob=(2)
cfi=(155)
cfn=(650)
calls=2 3283 
* 358 72 6
* 2
fi=(252)
468 6 2 1
0 2
fi=(233)
1917 20
fi=(318)
36 8
fi=(304)
3851 2 2 1
0 4
fi=(253)
0 21
fi=(239)
961 21
fi=(233)
1917 70
fi=(253)
3980 7
2168 14
fi=(304)
3851 14 7 4
fi=(315)
50 14 7 3
fi=(314)
641 7
fi=(239)
1072 14
fi=(252)
612 7
fi=(253)
1815 7
fi=(252)
612 7
fi=(253)
1815 7
fi=(252)
612 7
fi=(300)
187 7
fe=(475)
33 28
cfi=(468)
cfn=(6160)
calls=7 +44 
* 2913 507 78 42
* 7
fi=(253)
3969 21 7
+2 14 7 4
fi=(252)
0 4
fi=(318)
42 1
fi=(319) /rustc/59807616e1fa2540724bfbac14d7976d7e4a3860/library/core/src/slice/sort/unstable/mod.rs
-8 2 1
+16 1
fi=(297)
434 1 1
fi=(319)
51 3
cfi=(320) /rustc/59807616e1fa2540724bfbac14d7976d7e4a3860/library/core/src/slice/sort/shared/smallsort.rs
cfn=(2560) core::slice::sort::shared::smallsort::insertion_sort_shift_left
calls=1 580 
* 1314 148 24 24 2
* 1
fe=(475)

fn=(6226) litchi_pptx::notes::transaction::Snapshot::from_parts
68 11
fi=(252)
612 3
fi=(253)
1851 1
fi=(319)
34 2
fi=(297)
434 1 1 1
0 1
fi=(302)
105 1
fi=(411)
-46 2 1
fi=(303)
555 2
fi=(174)
2457 1
fi=(175)
902 2
fi=(304)
1699 5
cfn=(1316) hashbrown::raw::RawTableInner::fallible_with_capacity
calls=1 -46 
* 115 16 5 2 2
fi=(310) /rust/deps/hashbrown-0.16.1/src/map.rs
500 4
fi=(470) /rustc/59807616e1fa2540724bfbac14d7976d7e4a3860/library/std/src/collections/hash/set.rs
266 2
fi=(239)
961 4
fi=(180)
1720 1
fi=(271)
180 1 1
0 5
fi=(253)
1815 1
fi=(476) /home/zhuhe/code/litchi/crates/litchi-pptx/src/notes/validation.rs
44 2 1
fi=(253)
1815 2
fi=(476)
44 4 2
-44 6
47 12
cfi=(283) /home/zhuhe/code/litchi/crates/litchi-opc/src/packuri.rs
cfn=(1028) litchi_opc::packuri::PackURI::new
calls=3 -4 
* 7804 1780 81 28
fi=(244)
-47 6
966 6 3 2
fi=(252)
632 6 3
fi=(243)
48 3 0 0 3
cob=(2)
cfi=(155)
cfn=(762)
calls=3 3319 
* 99 18
-48 3
fi=(476)
48 6 3
fi=(253)
1815 3
fi=(476)
26 6 3
+25 6
fi=(411)
+8 6 3 2
fi=(303)
555 6
fi=(174)
2457 3
fi=(175)
902 3
fi=(304)
1699 15
cfn=(1316)
calls=3 -46 
* 346 48 11 4
fi=(310)
500 12
fi=(470)
266 6
fi=(180)
1720 3
fi=(271)
180 3 3 2
0 8
fi=(252)
612 2
fi=(253)
1815 8
fi=(476)
66 4 2
fi=(252)
612 7
fi=(253)
1815 28
fi=(476)
66 14 7
+3 18 9
fi=(265)
2126 9
fi=(266) /rustc/59807616e1fa2540724bfbac14d7976d7e4a3860/library/core/src/num/mod.rs
783 90 18 3
fi=(180)
1720 9
fi=(271)
180 9 9 4
0 9
fi=(252)
612 18
fi=(253)
1815 9
fi=(476)
17 36
cfn=(6260) litchi_pptx::notes::validation::validate_field
calls=9 +67 
* 9688 3433 23
fi=(244)
2173 27 9
0 9
fi=(252)
612 9
fi=(253)
1815 9
fi=(476)
18 45
cfn=(6260)
calls=9 +66 
* 2492 863 13
fi=(244)
2173 27 9
0 9
fi=(476)
19 9 9
fi=(310)
258 9
fi=(309)
-55 18
fi=(281)
84 9
fi=(309)
204 18
fi=(281)
84 63
fi=(309)
306 36
cfn=(1298)
calls=9 -50 
* 320 47 10
fi=(308)
+57 45
cfi=(309)
cfn=(1298)
calls=9 256 
* 315 45
fi=(309)
-51 9
+2 36
+2 18
fi=(174)
2457 27
fi=(304)
956 9
fi=(297)
457 9 9
fi=(310)
0 513
fi=(304)
1179 18
fi=(324) /rust/deps/hashbrown-0.16.1/src/control/tag.rs
48 72
fi=(304)
-48 9
fi=(233)
547 9
fi=(311)
1563 27
fi=(315)
50 18 9 2
fi=(325) /rustc/59807616e1fa2540724bfbac14d7976d7e4a3860/library/core/src/macros/mod.rs
433 9
fi=(297)
+1 9 9 2
fi=(311)
1563 9
fi=(315)
50 18 9
fi=(314)
641 9
fi=(304)
1793 18
fi=(311)
1563 27
fi=(297)
434 18 9
fi=(304)
0 18
fi=(180)
1720 94
fi=(271)
180 47 47 4
fi=(259)
2469 47
fi=(266)
888 94
fi=(476)
77 247 87 13
fi=(304)
2687 9
fi=(297)
457 18 9
fi=(324)
30 9
fi=(174)
2494 9
fi=(304)
2631 9
+3 9
+1 9
2499 54
fi=(239)
1072 45
fi=(233)
1917 27
fi=(180)
1720 27
fi=(271)
180 11 9 3
fi=(476)
37 3
fi=(304)
2312 6 3 3
fi=(174)
3051 6
fi=(298)
200 4 2
fi=(476)
37 2
fi=(239)
1072 4
fi=(243)
48 2 0 0 2 1
cob=(2)
cfi=(155)
cfn=(762)
calls=2 3319 
* 66 12
-48 3
fi=(180)
444 6
fi=(174)
769 3
fi=(476)
55 6 3 1
-55 6
fi=(252)
459 6 3 1
fi=(243)
14 6 0 0 3 1
cob=(2)
cfi=(155)
cfn=(650)
calls=3 3283 
* 90 18 2
fi=(252)
468 6 3
fi=(256)
0 3
fi=(233)
547 12 0 0 3 1
cob=(2)
cfi=(211)
cfn=(728)
calls=3 255 
* 34 6 2
* 3
fi=(260)
1014 9
fi=(449) /rust/deps/hashbrown-0.16.1/src/set.rs
+79 9
cfi=(310)
cfn=(1498) hashbrown::map::HashMap<K,V,S,A>::insert
calls=3 1841 
* 939 56 6
fi=(476)
58 6 3
-58 6
fi=(180)
1720 3
fi=(271)
180 4 3 3
fi=(304)
2697 1
2312 2 1
-59 3 1 1
2479 1
fi=(311)
1320 1
fi=(262)
863 1
fi=(304)
3595 4
0 12
3851 3 3 2
fi=(315)
50 6 3 1
fi=(314)
641 3
fi=(239)
1072 6
fi=(252)
632 6 3
fi=(304)
0 3
fi=(239)
1400 3
fi=(243)
48 3 0 0 3 1
cob=(2)
cfi=(155)
cfn=(762)
calls=3 3319 
* 99 18
* 3
fi=(174)
3051 1
769 1
fi=(304)
224 1
+1 1
fi=(298)
-25 3 1 1
0 2
fi=(304)
3173 1
fi=(239)
1072 1
fi=(243)
48 1 0 0 1 1
cob=(2)
cfi=(155)
cfn=(762)
calls=1 3319 
* 33 6
fi=(244)
2173 2 1
0 1
fi=(253)
1815 1
fi=(264)
20 2 1
fi=(252)
612 3
fi=(264)
154 1 0 0 1 1
cob=(2)
cfi=(290)
cfn=(1082)
calls=1 -81 
* 19 4 2
* 1
fe=(475)
-78 1 1 1
+13 8
-89 1
fi=(180)
1720 1
fi=(271)
180 1 1 1
0 2
180 1
0 6
fi=(180)
1720 3
fi=(271)
180 3 3 1
fi=(253)
1815 3
fi=(180)
-95 6
fi=(271)
180 3 3 1
fe=(475)
474 3
fi=(271)
180 12 3 1
0 3
fe=(475)
495 3
fi=(180)
659 3
fe=(475)
495 3
fi=(174)
2533 6
fi=(271)
180 6 3
fe=(475)
495 9
fi=(180)
659 9
fe=(475)
495 9
fi=(174)
2533 18
fi=(271)
180 24 12 6
0 6
fe=(475)
495 6
fi=(174)
2533 3
fe=(475)
495 6
fi=(174)
2533 3
fe=(475)
495 6
fi=(174)
2533 3
fe=(475)
495 6
fi=(174)
2533 3
fe=(475)
495 6
fi=(174)
2533 3
fe=(475)
495 6
fi=(174)
2533 3
fe=(475)
495 6
fi=(174)
2533 3
fe=(475)
495 3
fi=(180)
659 3
fe=(475)
495 3
fi=(174)
2533 3
fi=(180)
1720 3
fi=(271)
180 3 3 3
fe=(475)
495 10
fi=(174)
2533 5
fe=(475)
495 10
fi=(174)
2533 5
fe=(475)
495 10
fi=(174)
2533 5
fe=(475)
495 10
fi=(174)
2533 5
fe=(475)
495 10
fi=(174)
2533 5
fe=(475)
495 10
fi=(174)
2533 5
fe=(475)
495 10
fi=(174)
2533 5
fe=(475)
495 5
fi=(180)
659 5
fe=(475)
495 5
fi=(174)
2533 5
fi=(180)
1720 5
fi=(271)
180 5 5 4
fi=(253)
1815 3
fi=(180)
-95 3
fi=(271)
180 3 3 1
fe=(475)
475 3
fi=(271)
180 12 3 1
0 3
fe=(475)
495 3
fi=(180)
659 3
fe=(475)
495 3
fi=(174)
2533 6
fi=(271)
180 6 3 1
fe=(475)
495 10
fi=(180)
659 10
fe=(475)
495 10
fi=(174)
2533 20
fi=(271)
180 26 13 9
0 6
fe=(475)
495 6
fi=(174)
2533 3
fe=(475)
495 6
fi=(174)
2533 3
fe=(475)
495 6
fi=(174)
2533 3
fe=(475)
495 6
fi=(174)
2533 3
fe=(475)
495 6
fi=(174)
2533 3
fe=(475)
495 6
fi=(174)
2533 3
fe=(475)
495 6
fi=(174)
2533 3
fe=(475)
495 3
fi=(180)
659 3
fe=(475)
495 3
fi=(174)
2533 3
fi=(180)
1720 3
fi=(271)
180 3 3 1
fe=(475)
495 44
fi=(174)
2533 22
fe=(475)
495 44
fi=(174)
2533 22
fe=(475)
495 44
fi=(174)
2533 22
fe=(475)
495 44
fi=(174)
2533 22
fe=(475)
495 44
fi=(174)
2533 22
fe=(475)
495 44
fi=(174)
2533 22
fe=(475)
495 44
fi=(174)
2533 22
fe=(475)
495 22
fi=(180)
659 22
fe=(475)
495 22
fi=(174)
2533 22
fi=(180)
1720 22
fi=(271)
180 22 22 15
fi=(180)
444 3
fi=(253)
1815 3
fi=(180)
-95 3
fi=(271)
180 3 3 2
fe=(475)
476 3
fi=(271)
180 12 3
0 3
fe=(475)
495 3
fi=(180)
659 3
fe=(475)
495 3
fi=(174)
2533 6
fi=(271)
180 6 3 2
fe=(475)
495 7
fi=(180)
659 7
fe=(475)
495 7
fi=(174)
2533 14
fi=(271)
180 20 10 4
0 6
fe=(475)
495 6
fi=(174)
2533 3
fe=(475)
495 6
fi=(174)
2533 3
fe=(475)
495 6
fi=(174)
2533 3
fe=(475)
495 6
fi=(174)
2533 3
fe=(475)
495 6
fi=(174)
2533 3
fe=(475)
495 6
fi=(174)
2533 3
fe=(475)
495 6
fi=(174)
2533 3
fe=(475)
495 3
fi=(180)
659 3
fe=(475)
495 3
fi=(174)
2533 3
fi=(180)
1720 3
fi=(271)
180 3 3 1
fe=(475)
495 3984
fi=(174)
2533 1992
fe=(475)
495 3984
fi=(174)
2533 1992
fe=(475)
495 3984
fi=(174)
2533 1992
fe=(475)
495 3984
fi=(174)
2533 1992
fe=(475)
495 3984
fi=(174)
2533 1992
fe=(475)
495 3984
fi=(174)
2533 1992
fe=(475)
495 3984
fi=(174)
2533 1992
fe=(475)
495 1992
fi=(180)
659 1992
fe=(475)
495 1992
fi=(174)
2533 1992
fi=(180)
1720 1992
fi=(271)
180 1992 1992 12
fi=(253)
1815 3
fi=(180)
-95 3
fi=(271)
180 3 3 1
0 10
fe=(475)
483 9
0 9
495 9
fi=(174)
2533 9
fi=(180)
1720 9
fi=(271)
180 9 9 5
fi=(253)
1815 9
fi=(180)
-95 9
fi=(271)
180 9 9
fe=(475)
478 9
fi=(271)
180 36 9 2
0 9
fe=(475)
495 9
fi=(180)
659 9
fe=(475)
495 9
fi=(174)
2533 18
fi=(271)
180 18 9 6
fe=(475)
495 31
fi=(180)
659 31
fe=(475)
495 31
fi=(174)
2533 62
fi=(271)
180 87 40 14
0 4
fe=(475)
495 4
fi=(174)
2533 2
fe=(475)
495 4
fi=(174)
2533 2
fe=(475)
495 4
fi=(174)
2533 2
fe=(475)
495 4
fi=(174)
2533 2
fe=(475)
495 4
fi=(174)
2533 2
fe=(475)
495 4
fi=(174)
2533 2
fe=(475)
495 4
fi=(174)
2533 2
fe=(475)
495 2
fi=(180)
659 2
fe=(475)
495 2
fi=(174)
2533 2
fi=(180)
1720 2
fi=(271)
180 2 2
fi=(253)
1815 9
fi=(180)
-95 9
fi=(271)
180 9 9
fe=(475)
479 9
fi=(271)
180 36 9
0 9
fe=(475)
495 9
fi=(180)
659 9
fe=(475)
495 9
fi=(174)
2533 18
fi=(271)
180 18 9 6
fe=(475)
495 26
fi=(180)
659 26
fe=(475)
495 26
fi=(174)
2533 52
fi=(271)
180 70 35 21
0 18
fe=(475)
495 18
fi=(174)
2533 9
fe=(475)
495 18
fi=(174)
2533 9
fe=(475)
495 18
fi=(174)
2533 9
fe=(475)
495 18
fi=(174)
2533 9
fe=(475)
495 18
fi=(174)
2533 9
fe=(475)
495 18
fi=(174)
2533 9
fe=(475)
495 18
fi=(174)
2533 9
fe=(475)
495 9
fi=(180)
659 9
fe=(475)
495 9
fi=(174)
2533 9
fi=(180)
1720 9
fi=(271)
180 9 9 6
fe=(475)
495 144
fi=(174)
2533 72
fe=(475)
495 144
fi=(174)
2533 72
fe=(475)
495 144
fi=(174)
2533 72
fe=(475)
495 144
fi=(174)
2533 72
fe=(475)
495 144
fi=(174)
2533 72
fe=(475)
495 144
fi=(174)
2533 72
fe=(475)
495 144
fi=(174)
2533 72
fe=(475)
495 72
fi=(180)
659 72
fe=(475)
495 72
fi=(174)
2533 72
fi=(180)
1720 72
fi=(271)
180 72 72 30
fi=(253)
1815 9
fi=(180)
-95 9
fi=(271)
180 9 9
fe=(475)
480 9
fi=(271)
180 36 9
0 9
fe=(475)
495 9
fi=(180)
659 9
fe=(475)
495 9
fi=(174)
2533 18
fi=(271)
180 18 9 6
fe=(475)
495 24
fi=(180)
659 24
fe=(475)
495 24
fi=(174)
2533 48
fi=(271)
180 75 33 11
0 9
fe=(475)
495 18
fi=(174)
2533 9
fe=(475)
495 18
fi=(174)
2533 9
fe=(475)
495 18
fi=(174)
2533 9
fe=(475)
495 18
fi=(174)
2533 9
fe=(475)
495 18
fi=(174)
2533 9
fe=(475)
495 18
fi=(174)
2533 9
fe=(475)
495 18
fi=(174)
2533 9
fe=(475)
495 9
fi=(180)
659 9
fe=(475)
495 9
fi=(174)
2533 9
fi=(180)
1720 9
fi=(271)
180 9 9 6
fe=(475)
495 16
fi=(174)
2533 8
fe=(475)
495 16
fi=(174)
2533 8
fe=(475)
495 16
fi=(174)
2533 8
fe=(475)
495 16
fi=(174)
2533 8
fe=(475)
495 16
fi=(174)
2533 8
fe=(475)
495 16
fi=(174)
2533 8
fe=(475)
495 16
fi=(174)
2533 8
fe=(475)
495 8
fi=(180)
659 8
fe=(475)
495 8
fi=(174)
2533 8
fi=(180)
1720 8
fi=(271)
180 17 8 3
0 1
fe=(475)
84 10
-2 14 0 0 1 1
cob=(2)
cfi=(211)
cfn=(728)
calls=1 255 
* 53 8 1
* 5 0 0 1
cob=(2)
cfi=(211)
cfn=(728)
calls=1 255 
* 77 10 3
* 2
fi=(319)
-32 1
fi=(297)
434 1 1
0 1
fi=(319)
51 2
cfi=(320)
cfn=(2560)
calls=1 580 
* 147 13 4 2
* 1
fe=(475)

fl=(173)
fn=(6576)
3891 1
fi=(451) /rustc/59807616e1fa2540724bfbac14d7976d7e4a3860/library/std/src/sync/once.rs
214 2 1
fi=(450)
0 2
fi=(451)
218 2
fi=(450)
542 2
fi=(451)
218 2
+1 6 0 0 1 1
cfi=(333) /rustc/59807616e1fa2540724bfbac14d7976d7e4a3860/library/std/src/sys/sync/once/futex.rs
cfn=(5342) <std::sys::sync::once::futex::Once>::call
calls=1 -78 
* 62 7 2 1 1
* 1
fi=(450)
557 1
fe=(173)

fl=(320)
fn=(6376) core::slice::sort::shared::smallsort::bidirectional_merge
760 24
+54 6
fi=(262)
+49 36
0 18
fi=(299)
704 9 0 0 3 1
cfn=(4982)
calls=3 -97 
* 6
fi=(262)
0 85
fi=(299)
704 51 0 0 17
cfn=(4982)
calls=17 -97 
* 34
fi=(252)
-92 20
fi=(253)
1815 20
fi=(299)
704 60 0 0 20 1
cfn=(4982)
calls=20 -97 
* 40
fi=(252)
-92 20
fi=(253)
1815 20
fi=(264)
317 60
+8 60 0 0 20 1
cob=(2)
cfi=(290)
cfn=(1082)
calls=20 73 
* 362 62 16
* 20
+1 40
fi=(236)
+71 60
fe=(320)
705 40
fi=(233)
547 60
fe=(320)
707 20
fi=(262)
863 100
fi=(299)
704 80 0 0 20 1
cfn=(4982)
calls=20 -97 
* 40
fi=(252)
-92 20
fi=(253)
1815 40
fi=(299)
704 60 0 0 20 1
cfn=(4982)
calls=20 -97 
* 40
fi=(252)
-92 20
fi=(253)
1815 20
fi=(264)
317 60
+8 40 0 0 20 1
cob=(2)
cfi=(290)
cfn=(1082)
calls=20 73 
* 369 63 9
* 60
+1 40
fi=(236)
+71 80
fe=(320)
738 40
fi=(233)
547 60
fi=(262)
-79 40
fe=(320)
741 20
fi=(262)
468 40
fi=(236)
1916 60
fi=(254) /rustc/59807616e1fa2540724bfbac14d7976d7e4a3860/library/core/src/iter/range.rs
772 20 20 12
fi=(262)
468 6
fi=(174)
3745 3
fe=(320)
826 3 3 1
0 6
837 12 6 3
+4 24

fn=(2160) core::slice::sort::shared::smallsort::sort4_stable
612 36
fi=(299)
+92 12 0 0 4 1
cfn=(4982)
calls=4 -97 
* 8
fi=(252)
-92 4
fi=(253)
1815 4
fi=(299)
704 12 0 0 4 1
cfn=(4982)
calls=4 -97 
* 8
fi=(252)
-92 4
fi=(253)
1815 4
fi=(264)
317 12
+8 8 0 0 4 1
cob=(2)
cfi=(290)
cfn=(1082)
calls=4 73 
* 73 13 7
* 4
+1 8
fi=(236)
+71 12
fi=(299)
704 12 0 0 4
cfn=(4982)
calls=4 -97 
* 8
fi=(252)
-92 4
fi=(253)
1815 4
fi=(299)
704 12 0 0 4 1
cfn=(4982)
calls=4 -97 
* 8
fi=(252)
-92 4
fi=(253)
1815 4
fi=(264)
317 12
+8 8 0 0 4 1
cob=(2)
cfi=(290)
cfn=(1082)
calls=4 73 
* 64 10 5
* 4
+1 8
fe=(320)
628 4
fi=(262)
863 60
fi=(299)
704 12 0 0 4 1
cfn=(4982)
calls=4 -97 
* 8
fi=(252)
-92 8
fi=(253)
1815 4
fi=(299)
704 12 0 0 4 1
cfn=(4982)
calls=4 -97 
* 8
fi=(252)
-92 4
fi=(253)
1815 4
fi=(264)
317 16
+8 8 0 0 4 1
cob=(2)
cfi=(290)
cfn=(1082)
calls=4 73 
* 72 12 3
* 4
+1 8
fi=(299)
704 12 0 0 4 1
cfn=(4982)
calls=4 -97 
* 8
fi=(252)
-92 4
fi=(253)
1815 4
fi=(299)
704 12 0 0 4 1
cfn=(4982)
calls=4 -97 
* 8
fi=(252)
-92 4
fi=(253)
1815 4
fi=(264)
317 12
+8 12 0 0 4 1
cob=(2)
cfi=(290)
cfn=(1082)
calls=4 73 
* 64 10 2
* 4
+1 8
fi=(236)
+71 8
fi=(295) /rustc/59807616e1fa2540724bfbac14d7976d7e4a3860/library/core/src/hint.rs
876 8
fi=(236)
397 8
fi=(295)
876 12
fi=(236)
397 8
fi=(295)
876 12
fi=(299)
704 12 0 0 4 1
cfn=(4982)
calls=4 -97 
* 8
fi=(252)
-92 4
fi=(253)
1815 4
fi=(299)
704 12 0 0 4 1
cfn=(4982)
calls=4 -97 
* 8
fi=(252)
-92 4
fi=(253)
1815 4
fi=(264)
317 12
+8 8 0 0 4 1
cob=(2)
cfi=(290)
cfn=(1082)
calls=4 73 
* 64 10 3
* 4
+1 8
fi=(236)
+71 4
fi=(295)
876 12
fi=(233)
547 40
fe=(320)
658 32

fn=(2560)
580 16
fi=(239)
961 18
0 6
fi=(233)
547 33
fi=(239)
961 3
fe=(320)
599 12 3 1
fi=(239)
0 4
fi=(233)
547 44
fi=(239)
961 4
fe=(320)
599 16 4
fi=(239)
961 2
fe=(320)
599 8 2 1
0 9
547 36
fi=(264)
317 27
+8 18 0 0 9 1
cob=(2)
cfi=(290)
cfn=(1082)
calls=9 73 
* 197 38 9
* 9
+1 18
fi=(236)
+71 9
fe=(320)
547 9 9 2
fi=(233)
1717 77
0 14
547 70
fe=(320)
+19 14 7 2
fi=(233)
0 13
547 130
fe=(320)
+19 26 13 2
+6 34
fi=(264)
317 51
+8 34 0 0 17 1
cob=(2)
cfi=(290)
cfn=(1082)
calls=17 73 
* 374 68 2
* 17
+1 34
fe=(320)
572 17
fi=(236)
397 17
fe=(320)
572 25 17 9
+36 16
-28 2
fi=(239)
961 6
fi=(233)
547 4
fi=(239)
961 1
fe=(320)
599 4 1 1
fi=(239)
961 1
fe=(320)
599 4 1
0 2
547 4
fi=(480) /rustc/59807616e1fa2540724bfbac14d7976d7e4a3860/library/core/src/tuple.rs
196 8
fi=(236)
1931 2
fi=(480)
196 4
fe=(320)
547 4 2 1
fi=(233)
1717 3
0 2
547 4
fe=(320)
+19 2 1
fi=(480)
196 4
fi=(236)
1931 1
fi=(480)
196 2
fe=(320)
572 5 1
+36 3
-9 6 3
0 24
fi=(239)
961 18
0 8
fi=(233)
547 4
fi=(239)
961 4
fe=(320)
599 12 4 3
fi=(239)
0 12
fi=(233)
547 12
fi=(239)
961 12
fe=(320)
599 36 12 1
fi=(239)
961 4
fe=(320)
599 12 4
-52 40
fi=(252)
+65 20
fi=(253)
1815 20
fi=(252)
612 20
fi=(253)
1815 20
fi=(264)
317 60
+8 20 0 0 20 1
cob=(2)
cfi=(290)
cfn=(1082)
calls=20 73 
* 440 80 3
* 20
+1 40
fi=(236)
+71 20
fe=(320)
547 20 20 6
0 32
fi=(233)
547 16
fe=(320)
+19 32 16 3
fi=(233)
-19 31
fe=(320)
+19 62 31 3
+6 43
fi=(252)
+40 43
fi=(253)
1815 43
fi=(252)
612 43
fi=(253)
1815 43
fi=(264)
317 129
+8 43 0 0 43 1
cob=(2)
cfi=(290)
cfn=(1082)
calls=43 73 
* 950 175 4
* 43
+1 86
fe=(320)
572 43
fi=(236)
397 43
fe=(320)
572 67 43 16
0 21
608 3

fl=(476)
fn=(6260)
84 72
+1 36 18 4
fi=(239)
961 18
0 18
fi=(180)
1720 18
fi=(271)
180 18 18
fi=(180)
1720 852
fi=(271)
180 852 852 20
fi=(287)
37 852
+1 1704 852 4
-38 852
fe=(476)
91 1704 852 6
-91 852
91 1704 852
-91 852
91 1704 852 2
+9 18
+1 54

fl=(164)
fn=(596)
cfi=(172)
cfn=(598)
calls=0 152 
0 7745872 344394 23584 33682 2094

fn=(564)
cob=(2)
cfi=(165)
cfn=(566)
calls=0 242 
0 7745872 344394 23584 33682 2094

fn=(1758)
0 387 43 3 43
cob=(2)
cfi=(155)
cfn=(650)
calls=450 3283 
0 2209 401 45

fl=(283)
fn=(1090) litchi_opc::packuri::PackURI::validate_percent_encoding
379 138
+3 46 23
0 1703
382 1074 537 23
+1 2685 1074 57
fi=(266)
888 940
fe=(283)
434 2853 942 46 23
fi=(291) /rustc/59807616e1fa2540724bfbac14d7976d7e4a3860/library/alloc/src/fmt.rs
0 23
fe=(283)
417 46
+1 115

fn=(4446) litchi_opc::packuri::PackURI::from_rel_ref
120 180
+1 36 18
fi=(274)
-94 36 18
fi=(233)
2292 36
fi=(274)
71 36 18
-71 108
85 18
+4 36
-70 72
+71 18
-71 54
+72 72 18
+4 18
-14 54 18
-41 70 35 2
-1 141 53 11
fi=(239)
961 54
0 323
fi=(285)
249 1292 646 3
fi=(180)
1720 341
fi=(271)
180 341 341 20
fi=(287)
37 323
+1 646 323 3
fe=(283)
151 162
0 36
fi=(284) /rustc/59807616e1fa2540724bfbac14d7976d7e4a3860/library/core/src/str/mod.rs
1656 252
fi=(289)
663 18
cfi=(285)
cfn=(1074)
calls=103 432 
* 2677 430 48 18 3
* 36 18
+2 18
+1 18
fi=(301)
211 36
fi=(262)
863 36
fi=(274)
27 36 18
+12 36 18
-39 36
40 214 107
+4 107
-5 232 107 27
fi=(264)
154 18
fe=(283)
-10 18 18
+3 72
fi=(292)
2655 36 18 1
fi=(264)
154 18
fe=(283)
335 18 18 2
0 1
336 6
fi=(291)
659 2
0 17
fe=(283)
338 102
fi=(291)
659 17
0 34
659 17 0 0 17
cfn=(1116) alloc::fmt::format::format_inner
calls=93 -9 
* 11977 1412 120 225 10
0 2
659 1 0 0 1
cfn=(1116)
calls=10 -9 
* 541 57 12 11
fi=(252)
-47 18
fi=(253)
1815 18
0 36
464 54
fe=(283)
346 234
fi=(252)
612 18
fi=(233)
1917 36
fi=(253)
1034 36
0 18
fi=(289)
658 146 73 1
+4 73
+1 219
cfi=(285)
cfn=(1074)
calls=506 432 
* 8738 1434 112 55
* 146 73
+2 110
+1 55
fi=(301)
211 55
fi=(262)
863 55
fi=(289)
667 55
fi=(264)
20 128 55 22
fi=(289)
643 36 18
+1 18
+4 18
0 54
646 54 18
fi=(262)
863 18
fi=(264)
20 256 128 3
154 1
fe=(283)
355 1 1
fi=(253)
2997 1
fe=(283)
357 2 1
fi=(253)
2795 2
2997 18
fe=(283)
350 36 18
fi=(253)
1028 36 18
+1 36 0 0 18
cfi=(252)
cfn=(1536)
calls=103 186 
* 1782 216 24 18
* 18
-4 54
+3 108 54 1
fi=(252)
612 54
fi=(239)
961 108
fi=(233)
1917 108
fi=(253)
1034 54
fe=(283)
0 110
372 72 36 1
+5 18
fi=(243)
48 18 0 0 18 12
cob=(2)
cfi=(155)
cfn=(762)
calls=103 3319 
* 594 108 16
fe=(283)
149 72
+1 36
cfn=(1028)
calls=103 43 
* 42689 9540 432 142
fi=(252)
632 36 18
fi=(233)
805 18
fi=(243)
48 18 0 0 18
cob=(2)
cfi=(155)
cfn=(762)
calls=103 3319 
* 834 146 10
* 18
fi=(252)
612 18
fi=(239)
961 72
fi=(262)
729 54
0 18
fi=(180)
1720 18
fi=(271)
180 18 18 4
fi=(180)
1720 71
fi=(271)
180 71 71 18
fi=(259)
2469 71
fi=(174)
769 71
fi=(180)
659 71
fi=(259)
2469 71 71
fi=(265)
0 18
fi=(297)
457 18 18
fi=(252)
+2 18 18
0 18
fi=(298)
95 54
cfi=(164)
cfn=(1758)
calls=103 -95 
* 1411 242 20 18
* 18
fi=(252)
468 36 18 4
fi=(253)
965 54
fi=(296) /rustc/59807616e1fa2540724bfbac14d7976d7e4a3860/library/alloc/src/str.rs
160 36
fi=(252)
765 18
-94 18 18
0 18
fi=(253)
2881 36 18 3
+5 18
fi=(296)
164 36
fi=(180)
1720 18
fi=(271)
180 18 18
fi=(296)
0 18
fi=(239)
961 36
0 18
fi=(292)
2193 106 53 4
fi=(296)
0 106
fi=(292)
2109 53
fi=(233)
547 53
fi=(292)
2193 106 53 6
fi=(239)
961 159
fi=(233)
547 53 0 0 53
cob=(2)
cfi=(211)
cfn=(728)
calls=293 255 
* 807 227 42
fi=(296)
0 106
fi=(180)
1720 53
fi=(271)
180 53 53 2
fi=(296)
+2 18
+3 36
fi=(252)
632 36 18
fe=(283)

fn=(1028)
43 126
fi=(326) /rustc/59807616e1fa2540724bfbac14d7976d7e4a3860/library/core/src/convert/mod.rs
789 72
fi=(292)
2624 36 18
fe=(283)
45 18
fi=(264)
154 18
fe=(283)
45 18 18
fi=(264)
-25 72 36 10
154 18
fe=(283)
54 18 18
-54 36
105 126
fi=(284)
1368 54
cfi=(285)
cfn=(1040)
calls=345 987 
* 1563 165 5
fe=(283)
59 36 18 1
fi=(252)
612 18
fi=(253)
1815 18
fi=(274)
27 36 18
fi=(233)
2292 36
fi=(274)
71 36 18
-71 108
85 18
+4 36
-70 72
+71 18
-71 54
+72 72 18
-6 1
+4 2
-70 4
+71 1
-71 3
+72 4 1
+4 19
-14 56 19 1
-41 204 102
-1 342 120 19
fi=(239)
961 36
0 18
fi=(180)
1720 18
fi=(271)
180 18 18
fi=(180)
1720 406
fi=(271)
180 406 406 18
fi=(287)
37 406
+1 812 406
-38 406
fi=(285)
249 1624 812 2
fi=(284)
1067 54
fi=(259)
2875 18
cfn=(1058) core::iter::traits::iterator::Iterator::try_fold
calls=345 2461 
* 5810 1642 18
fe=(283)
74 36 18
fi=(258) /rustc/59807616e1fa2540724bfbac14d7976d7e4a3860/library/core/src/iter/adapters/skip.rs
-46 216
fi=(259)
2875 18
cfi=(258)
cfn=(1068) <core::iter::adapters::skip::Skip<I> as core::iter::traits::iterator::Iterator>::try_fold
calls=345 104 
* 10089 1721 116 53
fe=(283)
82 36 18
fi=(252)
612 18
fi=(253)
1815 36
fe=(283)
91 18 0 0 18
cfn=(1090)
calls=345 379 
* 7267 1943 101 18
-91 18
fi=(244)
2173 36 18
fi=(252)
612 18
fi=(253)
1815 18
fe=(283)
92 252
fi=(258)
-51 18
fi=(297)
457 18 18
fi=(289)
658 106 53 18
0 18
658 18
+4 35
+1 105
cfi=(285)
cfn=(1074)
calls=738 432 
* 4329 879 64 17
* 70 35
+2 34
+1 17
fi=(301)
211 17
fi=(262)
863 17
fi=(289)
667 17
fe=(283)
92 142 71 3
fi=(292)
2655 106 53
fi=(264)
154 53
fe=(283)
-61 53 53
-93 53
fi=(180)
1720 53
fi=(271)
180 53 53 1
fe=(283)
-82 53
fi=(271)
332 106 53 13
fi=(258)
41 106
fi=(297)
457 53 53 18
fi=(289)
643 36 18 6
+1 18
+4 18
0 54
646 54 18
fi=(262)
863 36
fi=(175)
+39 18
fi=(259)
330 36
cfn=(1058)
calls=345 2461 
* 2664 270 0 18
+2 36 18
fi=(289)
512 36
cfn=(1104)
calls=345 657 
* 2448 324 18 18
0 36
fe=(283)
104 72
-61 35
fi=(252)
459 10 5 2
0 10
fi=(243)
14 10 0 0 5 1
cob=(2)
cfi=(155)
cfn=(650)
calls=30 3283 
* 570 99 6
fi=(252)
468 10 5 1
fi=(256)
0 5
fi=(233)
547 20 0 0 5
cob=(2)
cfi=(211)
cfn=(728)
calls=30 255 
* 57 10 3
fi=(260)
1014 15
fi=(264)
154 5
fe=(283)
45 5 5
fi=(264)
-25 20 10 6
154 5
fe=(283)
54 5 5 2
fi=(284)
1368 20
cfi=(285)
cfn=(1040)
calls=30 987 
* 380 46 9
fe=(283)
59 10 5 4
-59 5
fi=(274)
27 10 5
fi=(233)
2292 10
fi=(274)
71 10 5 2
-71 30
85 5
+4 10
-70 20
+71 5
-71 15
+72 20 5
-6 2
+4 4
-70 8
+71 2
-71 6
+72 8 2
+4 7
-14 19 7 2
-81 5
39 10 5 2
+1 38 19 6
-1 57 19 8
-39 10
fi=(180)
1720 5
fi=(271)
180 5 5 4
fi=(180)
1720 131
fi=(271)
180 131 131 5
fi=(287)
37 131
+1 262 131 2
-38 131
fi=(285)
249 524 262 7
fi=(284)
1067 15
fi=(259)
2875 5
cfn=(1058)
calls=30 2461 
* 1869 529 9
fe=(283)
74 10 5
fi=(258)
-46 60
fi=(259)
2875 5
cfi=(258)
cfn=(1068)
calls=30 104 
* 2867 511 54 14 1
fe=(283)
82 10 5
fi=(252)
612 5
fi=(253)
1815 10
fe=(283)
91 5 0 0 5 1
cfn=(1090)
calls=30 379 
* 2356 633 25 5
-91 5
fi=(244)
2173 10 5
fi=(252)
612 5
fi=(253)
1815 5
fe=(283)
92 70
fi=(258)
-51 5
fi=(297)
457 5 5 1
fi=(289)
658 28 14 5
0 5
658 5
+4 9
+1 27
cfi=(285)
cfn=(1074)
calls=52 432 
* 1280 280 32 4
* 18 9 1
+2 8
+1 4
fi=(301)
211 4
fi=(262)
863 4
fi=(289)
667 4
fe=(283)
92 38 19 1
fi=(292)
2655 28 14
fi=(264)
154 14
fe=(283)
-61 14 14 7
-93 14
fi=(180)
1720 14
fi=(271)
180 14 14
fe=(283)
-82 14
fi=(271)
332 28 14
fi=(258)
41 28
fi=(297)
457 14 14 2
fi=(289)
643 10 5
+1 5
+4 5
0 15
646 15 5
fi=(262)
863 10
fi=(175)
+39 5
fi=(259)
330 10
cfn=(1058)
calls=30 2461 
* 740 75 3 5
+2 10 5
fi=(289)
512 10
cfn=(1104)
calls=30 657 
* 680 90 7 5
0 35
fe=(283)
105 35

fn=(1216) litchi_opc::packuri::PackURI::base_uri
158 20
fi=(252)
612 5
fi=(253)
1815 10
fi=(264)
20 10 5 3
fi=(285)
572 45
fi=(284)
1531 5
cfi=(285)
cfn=(1220)
calls=176 499 
* 1292 245 19 10 2
fi=(265)
1164 15
fe=(283)
163 20 10
fi=(284)
386 10 5
fi=(266)
1183 5
fi=(301)
439 5 5
0 15
fe=(283)
168 30

fl=(366) /home/zhuhe/.cargo/registry/src/index.crates.io-1949cf8c6b5b557f/quick-xml-0.41.0/src/reader/state.rs
fn=(2352) quick_xml::reader::state::ReaderState::emit_start
312 5348
fi=(270)
568 1528 764
0 3056
89 764
fi=(292)
2725 2292 764
fi=(264)
154 764
fi=(292)
2727 764 764 406
fe=(366)
0 360
340 720
fi=(174)
923 360 360
0 360
fi=(367)
334 720 360
0 720
338 2695
-4 5390 2695 265
+1 5622
-13 2811 2811 116
0 232 116
fi=(253)
2997 116
1025 116
+3 232 116 18
fi=(252)
612 360
fi=(233)
1917 360
fi=(253)
1034 720
fi=(270)
438 720 360
fi=(252)
617 360
fi=(253)
1446 360
fi=(174)
2494 360
fi=(252)
765 360
-94 360 360 34
fi=(253)
2881 951 317
0 360
fi=(239)
961 360
fi=(233)
547 1080 0 0 360
cob=(2)
cfi=(211)
cfn=(728)
calls=2039 255 
* 5178 1358 230
fi=(253)
2886 1080
0 2160
fe=(366)
350 3240
fi=(253)
0 2424
fe=(366)
350 3636
0 808
fi=(367)
334 404 404
0 808
338 2995
-4 5990 2995 84
+1 6634
-13 3317 3317 322
0 966 322
fe=(366)
330 644 322
fi=(253)
0 244
2997 244
1025 244
+3 488 244 5
+1 42 0 0 21 21
cfi=(252)
cfn=(1536)
calls=136 186 
* 3673 496 26 26
* 21
0 164
fe=(366)
330 164 82
fi=(252)
673 172
cfn=(1178)
calls=208 -14 
* 11127 1572 129 62
fi=(253)
2997 86
2881 43
fe=(366)

fn=(2276) quick_xml::reader::state::ReaderState::emit_question_mark
260 16
+15 32 16
fi=(174)
927 16
fi=(270)
89 16
fi=(292)
2624 32 16 2
fi=(264)
154 80
fe=(366)
280 80 32 2
fi=(367)
+42 16 16
0 48 16
fe=(366)
291 128
+15 16

fn=(2464) quick_xml::reader::state::ReaderState::emit_end
193 3150
+13 350
fi=(174)
923 700 350
fi=(270)
438 700 350
0 1750
fe=(366)
209 1050 350
fi=(367)
322 700
0 350
fi=(271)
407 700
fi=(367)
-85 350 350
fi=(253)
0 350
2795 700
fe=(366)
0 350
fi=(252)
612 350
fi=(233)
1717 350
fe=(366)
224 700 350 2
fi=(270)
568 1050 350
0 350
89 350
fi=(264)
-69 1050 350
154 1750 0 0 350 1
cob=(2)
cfi=(290)
cfn=(1082)
calls=2023 -81 
* 6799 1468 73
* 1050
fe=(366)
+72 350 350
fi=(253)
1773 1050 350 2
+5 350
+1 350
0 700
fi=(174)
923 350 350
0 700
fi=(253)
2791 1050 350
fe=(366)
253 2450
+1 3500

fl=(467)
fn=(6102) litchi_pptx::notes::checked_add
42 5
fi=(174)
769 1
fi=(297)
457 1 1
fi=(265)
1368 2
fe=(467)
45 3

fn=(5904)
80 8598
+1 12944 2173 5
+1 1480
+20 2220 740
0 740
102 2220 0 0 740 118
-14 2079
fi=(264)
+66 2611 0 0 197
cob=(2)
cfi=(290)
cfn=(1082)
calls=197 -81 
* 3349 788 15
* 1626 0 0 542
cob=(2)
cfi=(290)
cfn=(1082)
calls=542 -81 
* 9334 2198 8
* 739
fe=(467)
0 740 739 2
86 3 0 0 1 1
cfi=(352)
cfn=(2200)
calls=1 +3 
* 142 34 5
fi=(244)
966 2 1 1
+1 3
fe=(467)
84 1478
-84 739
94 4434
-94 694
94 4164

fl=(304)
fn=(1316)
1653 27
110 6 3
+33 21
fi=(174)
3051 6
fi=(297)
457 3 3
fi=(174)
769 3
fi=(297)
457 3 3 1
fi=(174)
769 3
fe=(304)
224 3
+1 3
fi=(174)
769 18
fi=(297)
457 6 3 2
fi=(298)
186 6 3 2
0 6
95 3
fi=(243)
-82 3 3 2
+1 6 0 0 3
cob=(2)
cfi=(155)
cfn=(650)
calls=4 3283 
* 90 18 3
* 6
fi=(335) /rust/deps/hashbrown-0.16.1/src/raw/alloc.rs
+5 6 3
fi=(239)
961 3
fe=(304)
1642 3
185 21
fi=(233)
709 12 0 0 3 1
cob=(2)
cfi=(227)
cfn=(800)
calls=4 198 
* 33 6 2
fe=(304)
1678 15
+3 24
-28 9
110 2 1 1
+33 7
fi=(174)
3051 2
fi=(297)
457 1 1
fi=(174)
769 1
fi=(297)
457 1 1
fi=(174)
769 1
fe=(304)
224 1
+1 1
fi=(174)
769 6
fi=(297)
457 2 1
fi=(298)
186 2 1
0 2
95 1
fi=(243)
-82 1 1
+1 2 0 0 1
cob=(2)
cfi=(155)
cfn=(650)
calls=128 3283 
* 30 6
* 2
fi=(335)
+5 2 1 1
fi=(239)
961 1
fe=(304)
1642 1
185 7
fi=(233)
709 4 0 0 1
cob=(2)
cfi=(227)
cfn=(800)
calls=128 198 
* 11 2
fe=(304)
1678 5
+3 8
-28 49
+9 14 7 1
0 6
110 12 6 2
+33 24
fi=(293)
0 4
fe=(304)
1663 3
0 1
1681 1
fi=(174)
3051 4
fi=(297)
457 2 2
fi=(174)
3051 4
fe=(304)
158 14
fi=(174)
3778 2
+5 2
+1 6
+23 2
3051 4
fi=(297)
457 2 2
fi=(174)
3051 8
fi=(297)
457 4 4
fi=(174)
769 6
fi=(297)
457 6 6
fi=(174)
769 6
fe=(304)
224 6
+1 6
fi=(174)
769 36
fi=(297)
457 12 6 5
fi=(298)
186 18 6 2
0 6
95 6
fi=(243)
-82 6 6 2
+1 12 0 0 6 1
cob=(2)
cfi=(155)
cfn=(650)
calls=6 3283 
* 1043 234 25
* 12
fi=(335)
+5 12 6 4
fi=(239)
961 6
fe=(304)
1642 6
185 42
fi=(233)
709 24 0 0 6 1
cob=(2)
cfi=(227)
cfn=(800)
calls=6 198 
* 69 12 2
* 6
fe=(304)
1678 30
+3 56
-28 45
110 10 5 2
+33 35
fi=(174)
3051 10
fi=(297)
457 5 5
fi=(174)
769 5
fi=(297)
457 5 5
fi=(174)
769 5
fe=(304)
224 5
+1 5
fi=(174)
769 30
fi=(297)
457 10 5
fi=(298)
186 10 5
0 10
95 5
fi=(243)
-82 5 5
+1 10 0 0 5 1
cob=(2)
cfi=(155)
cfn=(650)
calls=72 3283 
* 150 30 3
* 10
fi=(335)
+5 10 5 5
fi=(239)
961 5
fe=(304)
1642 5
185 35
fi=(233)
709 20 0 0 5
cob=(2)
cfi=(227)
cfn=(800)
calls=72 198 
* 55 10 1
fe=(304)
1678 25
+3 40

fn=(5328) core::ptr::drop_in_place<std::collections::hash::set::HashSet<u32>>
2312 6 3
fi=(174)
769 3
fe=(304)
224 3
+1 3
fi=(298)
-25 6 3
fi=(239)
1072 3
fi=(243)
48 3 0 0 3 1
cob=(2)
cfi=(155)
cfn=(762)
calls=4 3319 
* 99 18 3
fe=(304)

fn=(1312) hashbrown::raw::RawTable<T,A>::reserve_rehash
999 21
2794 3
fi=(174)
769 3
fi=(297)
457 3 3
0 6
fe=(304)
2798 6
185 24
2799 12 3 2
+27 3
fi=(236)
1037 6
fe=(304)
2738 15
cfn=(1316)
calls=4 1653 
* 339 45 12 6 1
fi=(244)
2173 3
0 6
2173 6 3
0 6
fe=(304)
2665 6
3986 9 3 2
fi=(312) /rustc/59807616e1fa2540724bfbac14d7976d7e4a3860/library/core/src/iter/adapters/step_by.rs
0 6
fe=(304)
2981 6
fi=(233)
1435 9
fe=(304)
2747 6 3 1
1026 24
-27 7
2794 1
fi=(174)
769 1
fi=(297)
457 1 1
0 2
fe=(304)
2798 2
185 8
2799 4 1
+27 1
fi=(236)
1037 2
fe=(304)
2738 5
cfn=(1316)
calls=1 1653 
* 113 15 2 2
fi=(244)
2173 1
0 2
2173 2 1
0 2
fe=(304)
2665 2
3986 3 1
fi=(312)
0 2
fe=(304)
2981 2
fi=(233)
1435 3
fe=(304)
2747 2 1 1
1026 8
-27 14
2794 2
fi=(174)
769 2
fi=(297)
457 2 2
0 4
fe=(304)
2798 4
185 16
2799 8 2 1
+27 2
fi=(236)
1037 4
fe=(304)
2738 10
cfn=(1316)
calls=2 1653 
* 1024 217 26 4
fi=(244)
2173 2
0 4
2173 4 2
0 4
fe=(304)
2665 4
3986 6 2 2
fi=(312)
0 4
fe=(304)
2981 4
fi=(233)
1435 6
fe=(304)
2747 4 2 2
1026 16
-27 7
2794 1
fi=(174)
769 1
fi=(297)
457 1 1 1
0 2
fe=(304)
2798 2
185 8
2799 4 1
+27 1
fi=(236)
1037 2
fe=(304)
2738 5
cfn=(1316)
calls=1 1653 
* 115 16 1 2
fi=(244)
2173 1
0 2
2173 2 1
0 2
fe=(304)
2665 2
3986 3 1
fi=(312)
0 2
fe=(304)
2981 2
fi=(233)
1435 3
fe=(304)
2747 2 1 1
1026 8
-27 35
2794 5
fi=(174)
769 5
fi=(297)
457 5 5
0 10
fe=(304)
2798 10
185 40
2799 20 5 1
+27 5
fi=(236)
1037 10
fe=(304)
2738 25
cfn=(1316)
calls=56 1653 
* 565 75 11 10 1
fi=(244)
2173 5
0 10
2173 10 5
0 10
fe=(304)
2665 10
3986 15 5
fi=(312)
0 10
fe=(304)
2981 10
fi=(233)
1435 15
fe=(304)
2747 10 5
1026 40

fn=(2116) <hashbrown::map::Iter<K,V> as core::iter::traits::iterator::Iterator>::next
3851 9 3 2
fi=(315)
113 2
-63 2 1 1
fi=(314)
499 1
641 1
fi=(315)
38 1
+76 1
fi=(239)
1072 2
fe=(304)
3861 2
fi=(239)
1072 2
fi=(310)
3224 2
+4 1
0 2
3228 2
fe=(304)

fl=(434)
fn=(4102)
179 10233
+1 2274 1137 6
0 2274
fi=(372)
698 4548 0 0 1137
cfn=(2412)
calls=1882 1222 
* 153162 28937 1651 1137
* 4857 1860 22
fe=(434)
184 828
cfi=(233)
cfn=(5210)
calls=907 805 
* 7406 979 27 16 1
* 414
0 828
181 414
fi=(372)
700 4338
fi=(174)
923 5061
fi=(372)
-50 2169 0 0 723 226
fi=(174)
+50 5061 2169 5
fi=(270)
89 2892
fe=(434)
+94 3615
+4 3615 0 0 723 1
cfn=(4110) litchi_opc::xml_attributes::OwnCheck::check
calls=975 -55 
* 80916 7019 915 214 36
fi=(244)
594 723
fe=(434)
188 723 723 8
+3 4338
+1 9096

fn=(4110)
132 6750
+5 2250 750 2
+1 4500
fi=(263)
350 750
0 750
fi=(174)
2494 1500
fi=(263)
350 2250 750
fe=(434)
143 4500
cfn=(4112) litchi_opc::xml_attributes::SeenNames::check
calls=1346 253 
* 40128 4967 928 214 36
* 1500 750 6
0 750
fi=(174)
2494 2250
2301 4500
fe=(434)
146 750
+1 3750
+3 6750

fn=(4112)
253 8250
+1 3136 784 174
+16 68
fi=(252)
612 34
fi=(253)
1815 34
fi=(239)
961 68
fi=(180)
1720 34
fi=(271)
180 34 34
0 170
fi=(180)
1720 406
fi=(271)
180 203 203 35
fi=(264)
20 406 203 11
fi=(236)
2123 18
fi=(264)
154 72 0 0 18 1
cob=(2)
cfi=(290)
cfn=(1082)
calls=18 -81 
* 396 72 2
* 36
fi=(271)
349 18 18
fe=(434)
-93 1432
fi=(174)
923 716 716
fi=(239)
+38 1432
fi=(271)
180 1432 716 328
0 867
fi=(180)
1720 846
fi=(271)
180 423 423 137
fi=(264)
20 846 423 90
fi=(236)
2123 161
fi=(264)
154 644 0 0 161 1
cob=(2)
cfi=(290)
cfn=(1082)
calls=227 -81 
* 3146 611 97
* 322
fi=(271)
349 161 161 2
fe=(434)
-75 102 34
0 34
fi=(253)
1028 68 34 1
0 34
fi=(233)
1917 68
fi=(253)
1034 102
fe=(434)
259 578 289 19
fi=(243)
14 32 0 0 16 16
cob=(2)
cfi=(155)
cfn=(650)
calls=16 3283 
* 666 126 6
fi=(252)
468 32 16
fe=(434)
0 16
fi=(233)
547 64 0 0 16 16
cob=(2)
cfi=(211)
cfn=(728)
calls=16 255 
* 192 32 18
* 16
1917 48
fe=(434)
267 80
0 700
260 1400
+1 2100
0 750
295 6750
fi=(253)
1029 1 0 0 1 1
cfi=(252)
cfn=(1536)
calls=1 186 
* 481 72 8 2 1
* 1
fi=(252)
612 2
fe=(434)

fl=(259)
fn=(1058)
2461 36
0 18
fi=(180)
1720 18
fi=(271)
180 18 18
fi=(180)
1720 406
fi=(271)
180 406 406 18
fi=(180)
659 406
fi=(271)
185 406
fi=(287)
37 406
+1 812 406
-38 812
fi=(288) /rustc/59807616e1fa2540724bfbac14d7976d7e4a3860/library/core/src/char/methods.rs
957 812 406
0 406
fe=(259)
2469 812 406
0 18
2472 18
-11 180
fi=(289)
665 18
+2 18
fe=(259)
2469 36 18
fi=(289)
658 36 18
+5 54
cfi=(285)
cfn=(1074)
calls=345 432 
* 2142 216 0 18
* 36 18
0 18
fe=(259)
2472 126
-11 50
fi=(289)
665 5
+2 5
fe=(259)
2469 10 5
fi=(289)
658 10 5
+5 15
cfi=(285)
cfn=(1074)
calls=30 432 
* 595 60 3 5
* 10 5
0 5
fe=(259)
2472 35
-11 9
fi=(304)
3851 2 1 1
0 6 1
fi=(472) /rustc/59807616e1fa2540724bfbac14d7976d7e4a3860/library/alloc/src/collections/btree/search.rs
0 24
fi=(304)
3851 72 24 1
fi=(315)
50 48 24 8
-50 1
fi=(311)
1320 1
fi=(239)
1072 1
fi=(262)
863 1
fi=(315)
113 2
-63 1 1
fi=(304)
-50 1
3669 1
fi=(314)
499 1
641 1
fi=(315)
38 2
+76 1
fi=(239)
1072 2
fi=(304)
3861 3
fe=(259)
2469 2
fi=(299)
710 2 0 0 1
cfi=(252)
cfn=(4902)
calls=1 -98 
* 3
fi=(314)
499 23
641 23
fi=(315)
38 46
+76 23
fi=(239)
1072 46
fi=(304)
3861 69
fe=(259)
2469 46
fi=(299)
710 46 0 0 23 1
cfi=(252)
cfn=(4902)
calls=23 -98 
* 69
fi=(264)
20 48 24 5
fi=(473) /rustc/59807616e1fa2540724bfbac14d7976d7e4a3860/library/alloc/src/collections/btree/node.rs
-20 1
fe=(259)
2472 8
-11 10
0 5
fi=(180)
1720 5
fi=(271)
180 5 5
fi=(180)
1720 131
fi=(271)
180 131 131 5
fi=(180)
659 131
fi=(271)
185 131
fi=(287)
37 131
+1 262 131
-38 262
fi=(288)
957 262 131 2
0 131
fe=(259)
2469 262 131 2
0 5
2472 5

fl=(294) /rustc/59807616e1fa2540724bfbac14d7976d7e4a3860/library/core/src/fmt/mod.rs
fn=(1142) <&T as core::fmt::Display>::fmt
2865 108
+95 72 0 0 36 3
cfn=(1144) <core::fmt::Formatter>::pad
calls=339 1909 
* 7132 771 68 110 1

fn=(1144)
1909 324
+2 108 36
0 468 0 0 36
cfi=(260)
cfn=(1136) <alloc::string::String as core::fmt::Write>::write_str
calls=416 3344 
0 6232 735 68 74 1

fn=(1130) core::fmt::write
1630 198
878 36 18
fi=(233)
1717 18
fe=(294)
-65 36 18
0 90
fi=(233)
1717 106
fe=(294)
-65 106 53 1
fi=(180)
659 106
fe=(294)
1655 106 53 2
+9 68 0 0 17
cfi=(260)
cfn=(1136)
calls=378 3344 
* 1181 199 35 19
fi=(244)
2173 34 17
fe=(294)
0 17
fi=(244)
2173 17
fe=(294)
1665 144 72
0 36
fi=(180)
659 72
fe=(294)
-82 180
fi=(484) /rustc/59807616e1fa2540724bfbac14d7976d7e4a3860/library/core/src/fmt/rt.rs
144 36
+8 72 0 0 36
cfi=(294)
cfn=(1142)
calls=339 2865 
* 7312 771 68 146 4
fi=(244)
2173 72 36 2
fe=(294)
0 144
1739 144

fl=(456) /home/zhuhe/.cargo/registry/src/index.crates.io-1949cf8c6b5b557f/sha2-0.11.0/src/sha256.rs
fn=(5680) sha2::sha256::compress256
86 2032
fi=(173)
3890 254
fe=(456)
55 1270 508 13
fi=(180)
1720 254
fi=(271)
180 254 254 14
0 3048
fi=(180)
659 1778
fi=(244)
1718 762
fi=(174)
560 1270
fi=(297)
2051 1016
fi=(457) /home/zhuhe/.cargo/registry/src/index.crates.io-1949cf8c6b5b557f/sha2-0.11.0/src/sha256/soft/unroll.rs
65 254
fi=(297)
2051 508
fi=(457)
65 254
+1 1778
fi=(174)
2457 762
fi=(297)
2051 1016
fi=(174)
2457 254
fi=(297)
2051 508
fi=(174)
2457 762
fi=(297)
2051 508
fi=(457)
72 508
+1 254
fi=(180)
659 9345
fi=(244)
1718 4005
fi=(174)
560 6675
fi=(297)
2051 5340
fi=(457)
65 1335
fi=(297)
2051 2670
fi=(457)
65 1335
+1 9345
fi=(174)
2457 4005
fi=(297)
2051 5340
fi=(174)
2457 1335
fi=(297)
2051 2670
fi=(174)
2457 4005
fi=(297)
2051 2670
fi=(457)
72 2670
+1 9345
fi=(174)
2457 2670
fi=(297)
2051 2670
fi=(174)
2457 1335
fi=(297)
2051 1335
fi=(457)
73 1524
fi=(174)
2457 508
fi=(297)
2051 508
fi=(174)
2457 254
fi=(297)
2051 508
fi=(174)
2457 254
fi=(297)
2051 508
fi=(457)
65 508
+1 508
fi=(174)
2457 508
fi=(457)
66 1016
fi=(174)
2457 1016
fi=(297)
2051 1016
fi=(457)
72 254
fi=(297)
2051 508
fi=(457)
72 254
+1 1778
fi=(174)
2457 1016
fi=(297)
2051 1016
fi=(457)
65 254
fi=(297)
2051 508
fi=(457)
65 254
fi=(244)
1718 254
fi=(174)
560 508
fi=(297)
2051 1335
fi=(174)
2457 1335
fi=(297)
2051 2670
fi=(457)
65 2670
+1 2670
fi=(174)
2457 2670
fi=(457)
66 5340
fi=(174)
2457 5340
fi=(297)
2051 5340
fi=(457)
72 1335
fi=(297)
2051 2670
fi=(457)
72 1335
+1 9345
fi=(174)
2457 5340
fi=(297)
2051 5340
fi=(457)
65 1335
fi=(297)
2051 2670
fi=(457)
65 1335
fi=(244)
1718 1335
fi=(174)
560 2670
fi=(457)
66 4005
fi=(174)
2457 1335
fi=(457)
66 5340
fi=(174)
2457 1335
fi=(297)
2051 4005
fi=(457)
66 762
fi=(174)
2457 254
fi=(457)
66 1016
fi=(174)
2457 254
fi=(297)
2051 1016
fi=(174)
2457 1016
fi=(297)
2051 508
fi=(457)
72 508
+1 2286
fi=(174)
2457 508
fi=(297)
2051 508
fi=(174)
2457 254
fi=(297)
2051 508
fi=(174)
2457 254
fi=(297)
2051 508
fi=(457)
65 508
fi=(244)
1718 254
fi=(174)
560 508
fi=(457)
66 762
fi=(174)
2457 254
fi=(457)
66 762
fi=(174)
2457 254
fi=(297)
2051 508
fi=(174)
2457 762
fi=(297)
2051 1843
fi=(174)
2457 5340
fi=(297)
2051 2670
fi=(457)
72 2670
+1 12015
fi=(174)
2457 2670
fi=(297)
2051 2670
fi=(174)
2457 1335
fi=(297)
2051 2670
fi=(174)
2457 1335
fi=(297)
2051 2670
fi=(457)
65 2670
fi=(244)
1718 1335
fi=(174)
560 2670
fi=(457)
66 4005
fi=(174)
2457 1335
fi=(457)
66 4005
fi=(174)
2457 1335
fi=(297)
2051 2670
fi=(174)
2457 4005
fi=(297)
2051 2670
fi=(457)
72 1335
fi=(297)
2051 2670
fi=(457)
72 1335
+1 8010
fi=(174)
2457 2670
fi=(457)
72 254
fi=(297)
2051 508
fi=(457)
72 254
+1 1524
fi=(174)
2457 762
fi=(297)
2051 508
fi=(174)
2457 254
fi=(297)
2051 508
fi=(457)
65 254
fi=(297)
2051 508
fi=(457)
65 254
fi=(244)
1718 254
fi=(174)
560 508
fi=(457)
66 762
fi=(174)
2457 254
fi=(457)
66 762
fi=(174)
2457 762
fi=(297)
2051 1016
fi=(457)
72 254
fi=(297)
2051 508
fi=(457)
72 254
+1 1524
fi=(174)
2457 762
fi=(297)
2051 1016
fi=(457)
65 254
fi=(297)
2051 508
fi=(457)
65 254
fi=(174)
2457 1335
fi=(297)
2051 2670
fi=(174)
2457 1335
fi=(297)
2051 2670
fi=(457)
65 1335
fi=(297)
2051 2670
fi=(457)
65 1335
fi=(244)
1718 1335
fi=(174)
560 2670
fi=(457)
66 4005
fi=(174)
2457 1335
fi=(457)
66 4005
fi=(174)
2457 4005
fi=(297)
2051 5340
fi=(457)
72 1335
fi=(297)
2051 2670
fi=(457)
72 1335
+1 8010
fi=(174)
2457 4005
fi=(297)
2051 5340
fi=(457)
65 1335
fi=(297)
2051 2670
fi=(457)
65 1335
fi=(244)
1718 1335
fi=(174)
560 2670
fi=(457)
66 4005
fi=(174)
2457 1335
fi=(457)
66 4005
fi=(174)
2457 1335
fi=(297)
2051 1335
fi=(244)
1718 254
fi=(174)
560 508
fi=(457)
66 762
fi=(174)
2457 254
fi=(457)
66 762
fi=(174)
2457 254
fi=(297)
2051 508
fi=(174)
2457 508
fi=(297)
2051 508
fi=(457)
72 254
fi=(297)
2051 508
fi=(457)
72 254
+1 1524
fi=(174)
2457 508
fi=(297)
2051 508
fi=(174)
2457 254
fi=(297)
2051 508
fi=(457)
65 254
fi=(297)
2051 508
fi=(457)
65 254
fi=(244)
1718 254
fi=(174)
560 508
fi=(457)
66 762
fi=(174)
2457 254
fi=(457)
66 762
fi=(174)
2457 762
fi=(297)
2051 1016
fi=(457)
72 254
fi=(297)
2051 508
fi=(457)
72 254
+1 254
fi=(297)
2051 1335
fi=(174)
2457 2670
fi=(297)
2051 2670
fi=(457)
72 1335
fi=(297)
2051 2670
fi=(457)
72 1335
+1 8010
fi=(174)
2457 2670
fi=(297)
2051 2670
fi=(174)
2457 1335
fi=(297)
2051 2670
fi=(457)
65 1335
fi=(297)
2051 2670
fi=(457)
65 1335
fi=(244)
1718 1335
fi=(174)
560 2670
fi=(457)
66 4005
fi=(174)
2457 1335
fi=(457)
66 4005
fi=(174)
2457 4005
fi=(297)
2051 5340
fi=(457)
72 1335
fi=(297)
2051 2670
fi=(457)
72 1335
+1 8010
fi=(174)
2457 4005
fi=(297)
2051 5340
fi=(457)
73 1270
fi=(174)
2457 762
fi=(297)
2051 1016
fi=(457)
65 254
fi=(297)
2051 508
fi=(457)
65 254
fi=(244)
1718 254
fi=(174)
560 508
fi=(457)
66 762
fi=(174)
2457 254
fi=(457)
66 762
fi=(174)
2457 254
fi=(297)
2051 508
fi=(174)
2457 508
fi=(297)
2051 508
fi=(457)
72 254
fi=(297)
2051 508
fi=(457)
72 254
+1 1524
fi=(174)
2457 508
fi=(297)
2051 508
fi=(174)
2457 254
fi=(297)
2051 508
fi=(457)
65 254
fi=(297)
2051 508
fi=(457)
65 254
fi=(244)
1718 254
fi=(174)
560 508
fi=(457)
66 762
-1 1335
fi=(297)
2051 2670
fi=(457)
65 1335
fi=(244)
1718 1335
fi=(174)
560 2670
fi=(457)
66 4005
fi=(174)
2457 1335
fi=(457)
66 4005
fi=(174)
2457 1335
fi=(297)
2051 2670
fi=(174)
2457 2670
fi=(297)
2051 2670
fi=(457)
72 1335
fi=(297)
2051 2670
fi=(457)
72 1335
+1 8010
fi=(174)
2457 2670
fi=(297)
2051 2670
fi=(174)
2457 1335
fi=(297)
2051 2670
fi=(457)
65 1335
fi=(297)
2051 2670
fi=(457)
65 1335
fi=(244)
1718 1335
fi=(174)
560 2670
fi=(457)
66 4005
fi=(174)
2457 1335
fi=(457)
66 4005
fi=(174)
2457 4005
fi=(297)
2051 5340
fi=(457)
72 1335
fi=(174)
2457 254
fi=(457)
66 762
fi=(174)
2457 762
fi=(297)
2051 1016
fi=(457)
72 254
fi=(297)
2051 508
fi=(457)
72 254
+1 1524
fi=(174)
2457 762
fi=(297)
2051 1016
fi=(457)
65 254
fi=(297)
2051 508
fi=(457)
65 254
fi=(244)
1718 254
fi=(174)
560 254
fi=(457)
66 1270
fi=(174)
2457 254
fi=(457)
66 762
fi=(174)
2457 254
fi=(297)
2051 508
fi=(174)
2457 508
fi=(297)
2051 508
fi=(457)
72 254
fi=(297)
2051 508
fi=(457)
72 254
+1 1524
fi=(297)
2051 2670
fi=(457)
72 1335
+1 8010
fi=(174)
2457 4005
fi=(297)
2051 5340
fi=(457)
65 1335
fi=(297)
2051 2670
fi=(457)
65 1335
fi=(244)
1718 1335
fi=(174)
560 1335
fi=(457)
66 6675
fi=(174)
2457 1335
fi=(457)
66 4005
fi=(174)
2457 1335
fi=(297)
2051 2670
fi=(174)
2457 2670
fi=(297)
2051 2670
fi=(457)
72 1335
fi=(297)
2051 2670
fi=(457)
72 1335
+1 8010
fi=(174)
2457 2670
fi=(297)
2051 2670
fi=(174)
2457 1335
fi=(297)
2051 2670
fi=(457)
65 1335
fi=(297)
2051 2670
fi=(457)
65 1335
fi=(244)
1718 1335
fi=(174)
2457 508
fi=(297)
2051 508
fi=(174)
2457 254
fi=(297)
2051 508
fi=(457)
65 254
fi=(297)
2051 508
fi=(457)
65 254
fi=(244)
1718 254
fi=(174)
560 508
fi=(457)
66 762
fi=(174)
2457 254
fi=(457)
66 762
fi=(174)
2457 762
fi=(297)
2051 1016
fi=(457)
72 254
fi=(297)
2051 508
fi=(457)
72 254
+1 1524
fi=(174)
2457 762
fi=(297)
2051 1016
fi=(457)
65 254
fi=(297)
2051 508
fi=(457)
65 254
fi=(244)
1718 254
fi=(174)
560 508
fi=(457)
66 762
fi=(174)
2457 254
fi=(457)
66 762
fi=(174)
2457 254
560 2670
fi=(457)
66 4005
fi=(174)
2457 1335
fi=(457)
66 4005
fi=(174)
2457 4005
fi=(297)
2051 5340
fi=(457)
72 1335
fi=(297)
2051 2670
fi=(457)
72 1335
+1 8010
fi=(174)
2457 4005
fi=(297)
2051 5340
fi=(457)
65 1335
fi=(297)
2051 2670
fi=(457)
65 1335
fi=(244)
1718 1335
fi=(174)
560 2670
fi=(457)
66 4005
fi=(174)
2457 1335
fi=(457)
66 4005
fi=(174)
2457 1335
fi=(297)
2051 2670
fi=(174)
2457 2670
fi=(297)
2051 2670
fi=(457)
72 1335
fi=(297)
2051 2670
fi=(457)
72 1335
+1 2670
fi=(297)
2051 508
fi=(174)
2457 508
fi=(297)
2051 508
fi=(457)
72 254
fi=(297)
2051 508
fi=(457)
72 254
+1 1524
fi=(174)
2457 508
fi=(297)
2051 508
fi=(174)
2457 254
fi=(297)
2051 508
fi=(457)
65 254
fi=(297)
2051 508
fi=(457)
65 254
fi=(244)
1718 254
fi=(174)
560 508
fi=(457)
66 762
fi=(174)
2457 254
fi=(457)
66 762
fi=(174)
2457 762
fi=(297)
2051 1016
fi=(457)
72 254
fi=(297)
2051 508
fi=(457)
72 254
+1 1524
fi=(174)
2457 762
fi=(297)
2051 762
fi=(457)
73 5340
fi=(174)
2457 2670
fi=(297)
2051 2670
fi=(174)
2457 1335
fi=(297)
2051 2670
fi=(457)
65 1335
fi=(297)
2051 2670
fi=(457)
65 1335
fi=(244)
1718 1335
fi=(174)
560 2670
fi=(457)
66 4005
fi=(174)
2457 1335
fi=(457)
66 4005
fi=(174)
2457 4005
fi=(297)
2051 5340
fi=(457)
72 1335
fi=(297)
2051 2670
fi=(457)
72 1335
+1 8010
fi=(174)
2457 4005
fi=(297)
2051 5340
fi=(457)
65 1335
fi=(297)
2051 2670
fi=(457)
65 1335
fi=(244)
1718 1335
fi=(174)
560 2670
fi=(457)
66 4005
fi=(174)
2457 1335
fi=(297)
2051 254
fi=(457)
65 254
fi=(297)
2051 508
fi=(457)
65 254
fi=(244)
1718 254
fi=(174)
560 508
fi=(457)
66 762
fi=(174)
2457 254
fi=(457)
66 762
fi=(174)
2457 254
fi=(297)
2051 508
fi=(174)
2457 508
fi=(297)
2051 508
fi=(457)
72 254
fi=(297)
2051 508
fi=(457)
72 254
+1 1524
fi=(174)
2457 508
fi=(297)
2051 508
fi=(174)
2457 254
fi=(297)
2051 508
fi=(457)
65 254
fi=(297)
2051 508
fi=(457)
65 508
fi=(244)
1718 254
fi=(174)
560 254
fi=(457)
66 762
fi=(174)
2457 254
fi=(457)
66 762
fi=(174)
2457 762
fi=(297)
2051 1016
fi=(457)
66 4005
fi=(174)
2457 1335
fi=(297)
2051 2670
fi=(174)
2457 2670
fi=(297)
2051 2670
fi=(457)
72 1335
fi=(297)
2051 2670
fi=(457)
72 1335
+1 8010
fi=(174)
2457 2670
fi=(297)
2051 2670
fi=(174)
2457 1335
fi=(297)
2051 2670
fi=(457)
65 1335
fi=(297)
2051 2670
fi=(457)
65 2670
fi=(244)
1718 1335
fi=(174)
560 1335
fi=(457)
66 4005
fi=(174)
2457 1335
fi=(457)
66 4005
fi=(174)
2457 4005
fi=(297)
2051 5340
fi=(457)
72 1335
fi=(297)
2051 2670
fi=(457)
72 1335
+1 8010
fi=(174)
2457 2670
fi=(457)
72 254
fi=(297)
2051 508
fi=(457)
72 254
+1 1524
fi=(174)
2457 1016
fi=(297)
2051 1016
fi=(457)
65 254
fi=(297)
2051 508
fi=(457)
65 254
fi=(244)
1718 254
fi=(174)
560 254
fi=(457)
66 762
fi=(174)
2457 254
fi=(457)
66 762
fi=(174)
2457 254
fi=(297)
2051 508
fi=(174)
2457 508
fi=(297)
2051 508
fi=(457)
72 254
fi=(297)
2051 508
fi=(457)
72 254
+1 1524
fi=(174)
2457 762
fi=(297)
2051 508
fi=(174)
2457 254
fi=(297)
2051 508
fi=(457)
55 1016
fi=(174)
2457 2670
fi=(297)
2051 5340
fi=(457)
65 1335
fi=(297)
2051 2670
fi=(457)
65 1335
fi=(244)
1718 1335
fi=(174)
560 1335
fi=(457)
66 4005
fi=(174)
2457 1335
fi=(457)
66 4005
fi=(174)
2457 1335
fi=(297)
2051 2670
fi=(174)
2457 2670
fi=(297)
2051 2670
fi=(457)
72 1335
fi=(297)
2051 2670
fi=(457)
72 1335
+1 8010
fi=(174)
2457 4005
fi=(297)
2051 2670
fi=(174)
2457 1335
fi=(297)
2051 2670
fi=(457)
55 6675
fi=(297)
2051 5340
fi=(457)
57 5340
fi=(174)
2457 4005
fi=(457)
55 254
fi=(297)
2051 1016
fi=(457)
57 1016
fi=(174)
2457 1016
fi=(297)
2051 1016
fi=(457)
65 254
fi=(297)
2051 508
fi=(457)
65 254
+1 1270
fi=(174)
2457 508
fi=(297)
2051 508
fi=(174)
2457 254
fi=(297)
2051 508
fi=(174)
2457 508
fi=(297)
2051 508
fi=(457)
72 508
+1 1778
fi=(174)
2457 762
fi=(297)
2051 508
fi=(174)
2457 254
fi=(297)
2051 508
fi=(174)
2457 254
fi=(457)
55 1270
fi=(174)
2457 1335
fi=(297)
2051 5340
fi=(457)
65 1335
fi=(297)
2051 2670
fi=(457)
65 1335
+1 6675
fi=(174)
2457 2670
fi=(297)
2051 2670
fi=(174)
2457 1335
fi=(297)
2051 2670
fi=(174)
2457 2670
fi=(297)
2051 2670
fi=(457)
72 2670
+1 9345
fi=(174)
2457 4005
fi=(297)
2051 2670
fi=(174)
2457 1335
fi=(297)
2051 2670
fi=(174)
2457 1335
fi=(457)
55 6675
fi=(297)
2051 5340
fi=(457)
57 6675
fi=(174)
2457 4005
fi=(297)
2051 1016
fi=(457)
57 1270
fi=(174)
2457 762
fi=(297)
2051 508
fi=(174)
2457 508
fi=(297)
2051 508
fi=(457)
65 254
fi=(297)
2051 508
fi=(457)
65 254
+1 1016
fi=(174)
2457 1016
fi=(297)
2051 1016
fi=(457)
72 254
fi=(297)
2051 1016
fi=(457)
72 508
+1 1016
fi=(297)
2051 1270
fi=(457)
73 508
fi=(297)
2051 508
fi=(457)
73 254
fi=(297)
2051 762
fi=(457)
73 508
fi=(297)
2051 2670
fi=(174)
2457 2670
fi=(297)
2051 2670
fi=(457)
65 1335
fi=(297)
2051 2670
fi=(457)
65 1335
+1 5340
fi=(174)
2457 5340
fi=(297)
2051 5340
fi=(457)
72 1335
fi=(297)
2051 5340
fi=(457)
72 2670
+1 5340
fi=(297)
2051 6675
fi=(457)
73 2670
fi=(297)
2051 2670
fi=(457)
73 1335
fi=(297)
2051 4005
fi=(457)
73 2670
fi=(297)
2051 2670
fi=(174)
2457 1335
fi=(297)
2051 4005
fi=(174)
2457 4005
fi=(297)
2051 2670
fi=(174)
2457 1335
fi=(297)
2051 508
fi=(174)
2457 254
fi=(297)
2051 762
fi=(174)
2457 762
fi=(297)
2051 508
fi=(174)
2457 508
fi=(297)
2051 254
fi=(457)
55 508
fi=(297)
2051 762
fi=(457)
55 508
fi=(297)
2051 508
fi=(457)
55 508
fi=(297)
2051 254
fi=(457)
57 762
fi=(297)
2051 508
fi=(457)
55 508
fi=(297)
2051 508
fi=(457)
55 762
fi=(297)
2051 508
fi=(457)
55 508
fi=(297)
2051 508
fi=(457)
55 508
fi=(297)
2051 508
fi=(457)
55 254
fi=(297)
2051 508
fi=(457)
55 508
fi=(297)
2051 508
fi=(457)
55 254
fi=(297)
2051 508
fi=(457)
55 508
fi=(174)
2457 1335
fi=(297)
2051 1335
fi=(457)
55 2670
fi=(297)
2051 4005
fi=(457)
55 2670
fi=(297)
2051 2670
fi=(457)
55 2670
fi=(297)
2051 1335
fi=(457)
57 4005
fi=(297)
2051 2670
fi=(457)
55 2670
fi=(297)
2051 2670
fi=(457)
55 4005
fi=(297)
2051 2670
fi=(457)
55 2670
fi=(297)
2051 2670
fi=(457)
55 2670
fi=(297)
2051 2670
fi=(457)
55 1335
fi=(297)
2051 2670
fi=(457)
55 2670
fi=(297)
2051 2670
fi=(457)
55 1335
fi=(297)
2051 2670
fi=(457)
55 2670
fi=(297)
2051 5340
fi=(457)
55 10680
fi=(297)
2051 1016
fi=(457)
55 2286
fi=(174)
2457 1016
fi=(457)
55 1778
fi=(174)
2457 1016
fi=(457)
55 1016
fi=(297)
2051 508
fi=(457)
55 508
fi=(174)
2457 1016
fi=(457)
55 762
fi=(174)
2457 1016
fi=(457)
55 1016
fi=(174)
2457 762
fi=(457)
55 762
fi=(174)
2457 508
fi=(457)
55 1589
fi=(174)
2457 5340
fi=(457)
55 9345
fi=(174)
2457 5340
fi=(457)
55 5340
fi=(297)
2051 2670
fi=(457)
55 2670
fi=(174)
2457 5340
fi=(457)
55 4005
fi=(174)
2457 5340
fi=(457)
55 5340
fi=(174)
2457 4005
fi=(457)
55 4005
fi=(174)
2457 2670
fi=(457)
55 4005
fi=(174)
2457 2670
fi=(457)
55 4005
fi=(174)
2457 2670
fi=(457)
55 4513
fi=(174)
2457 508
fi=(457)
55 762
fi=(174)
2457 508
fi=(457)
55 1270
fi=(297)
2051 1016
fi=(457)
55 1016
fi=(174)
2457 1270
fi=(457)
57 1016
fi=(297)
2051 762
fi=(174)
2457 254
fi=(297)
2051 508
fi=(174)
2457 254
fi=(297)
2051 508
fi=(457)
65 762
+1 1270
fi=(174)
2457 1270
fi=(297)
2051 1016
fi=(457)
72 254
fi=(297)
2051 508
fi=(457)
55 2670
fi=(297)
2051 5340
fi=(457)
55 5340
fi=(174)
2457 6675
fi=(457)
57 5340
fi=(297)
2051 4005
fi=(174)
2457 1335
fi=(297)
2051 2670
fi=(174)
2457 1335
fi=(297)
2051 2670
fi=(457)
65 4005
+1 6675
fi=(174)
2457 6675
fi=(297)
2051 5340
fi=(457)
72 1335
fi=(297)
2051 2670
fi=(457)
72 2670
+1 9345
fi=(174)
2457 4005
fi=(457)
72 508
+1 1778
fi=(174)
2457 762
fi=(297)
2051 508
fi=(174)
2457 254
fi=(297)
2051 508
fi=(457)
55 254
fi=(297)
2051 508
fi=(457)
55 254
fi=(297)
2051 508
fi=(457)
55 254
fi=(297)
2051 508
fi=(457)
57 254
-2 1270
fi=(174)
2457 762
fi=(457)
57 1016
fi=(174)
2457 762
fi=(297)
2051 1016
fi=(457)
65 254
fi=(297)
2051 508
fi=(457)
65 254
+1 1524
fi=(174)
2457 762
fi=(297)
2051 2924
fi=(174)
2457 1335
fi=(297)
2051 2670
fi=(457)
55 1335
fi=(297)
2051 2670
fi=(457)
55 1335
fi=(297)
2051 2670
fi=(457)
55 1335
fi=(297)
2051 2670
fi=(457)
57 1335
-2 6675
fi=(174)
2457 4005
fi=(457)
57 5340
fi=(174)
2457 4005
fi=(297)
2051 5340
fi=(457)
65 1335
fi=(297)
2051 2670
fi=(457)
65 1335
+1 8010
fi=(174)
2457 4005
fi=(297)
2051 2670
fi=(174)
2457 2670
fi=(297)
2051 2670
fi=(457)
72 1335
fi=(297)
2051 2670
fi=(457)
72 1335
+1 4005
fi=(297)
2051 254
fi=(174)
2457 508
fi=(297)
2051 508
fi=(457)
72 254
fi=(297)
2051 508
fi=(457)
72 254
+1 1778
fi=(174)
2457 1270
fi=(297)
2051 762
fi=(457)
55 1016
fi=(297)
2051 1016
fi=(457)
57 254
fi=(297)
2051 1016
fi=(457)
55 1016
fi=(174)
2457 762
fi=(457)
57 762
fi=(174)
2457 762
fi=(297)
2051 1016
fi=(457)
65 254
fi=(297)
2051 508
fi=(457)
65 254
+1 508
+7 5340
fi=(174)
2457 6675
fi=(297)
2051 4005
fi=(457)
55 5340
fi=(297)
2051 5340
fi=(457)
57 1335
fi=(297)
2051 5340
fi=(457)
55 5340
fi=(174)
2457 4005
fi=(457)
57 4005
fi=(174)
2457 4005
fi=(297)
2051 5340
fi=(457)
65 1335
fi=(297)
2051 2670
fi=(457)
65 1335
+1 5340
fi=(174)
2457 1335
fi=(297)
2051 2670
fi=(174)
2457 1335
fi=(297)
2051 2670
fi=(174)
2457 2670
fi=(297)
2051 2670
fi=(457)
66 508
fi=(174)
2457 254
fi=(297)
2051 508
fi=(174)
2457 254
fi=(297)
2051 508
fi=(174)
2457 508
fi=(297)
2051 508
fi=(457)
72 508
+1 1524
fi=(174)
2457 762
fi=(297)
2051 254
fi=(174)
2457 508
fi=(297)
2051 254
fi=(457)
55 762
fi=(297)
2051 508
fi=(457)
55 254
fi=(297)
2051 508
fi=(457)
57 254
fi=(297)
2051 1016
fi=(457)
55 1016
fi=(174)
2457 762
fi=(457)
57 1016
fi=(174)
2457 508
fi=(297)
2051 508
fi=(174)
2457 254
fi=(297)
2051 508
fi=(457)
65 254
fi=(297)
2051 254
fi=(457)
72 2670
+1 8010
fi=(174)
2457 4005
fi=(297)
2051 1335
fi=(174)
2457 2670
fi=(297)
2051 1335
fi=(457)
55 4005
fi=(297)
2051 2670
fi=(457)
55 1335
fi=(297)
2051 2670
fi=(457)
57 1335
fi=(297)
2051 5340
fi=(457)
55 5340
fi=(174)
2457 4005
fi=(457)
57 5340
fi=(174)
2457 2670
fi=(297)
2051 2670
fi=(174)
2457 1335
fi=(297)
2051 2670
fi=(457)
65 1335
fi=(297)
2051 2670
fi=(457)
65 1335
+1 5340
fi=(174)
2457 5340
fi=(297)
2051 2924
fi=(457)
65 254
+1 1016
fi=(174)
2457 1016
fi=(297)
2051 1016
fi=(457)
72 254
fi=(297)
2051 508
fi=(457)
72 254
+1 1524
fi=(174)
2457 1016
fi=(297)
2051 1016
fi=(457)
55 762
fi=(297)
2051 508
fi=(457)
55 254
fi=(297)
2051 508
fi=(457)
57 254
fi=(297)
2051 1016
fi=(457)
55 1016
fi=(174)
2457 762
fi=(457)
57 1016
fi=(174)
2457 254
fi=(297)
2051 508
fi=(174)
2457 254
fi=(297)
2051 2670
fi=(457)
72 1335
fi=(297)
2051 2670
fi=(457)
72 1335
+1 8010
fi=(174)
2457 5340
fi=(297)
2051 5340
fi=(457)
55 4005
fi=(297)
2051 2670
fi=(457)
55 1335
fi=(297)
2051 2670
fi=(457)
57 1335
fi=(297)
2051 5340
fi=(457)
55 5340
fi=(174)
2457 4005
fi=(457)
57 5340
fi=(174)
2457 1335
fi=(297)
2051 2670
fi=(174)
2457 1335
fi=(297)
2051 2670
fi=(457)
65 1335
fi=(297)
2051 2670
fi=(457)
65 1335
+1 5340
fi=(174)
2457 2670
fi=(297)
2051 508
fi=(457)
65 254
fi=(297)
2051 508
fi=(457)
65 254
+1 1016
fi=(174)
2457 1016
fi=(297)
2051 1016
fi=(457)
72 254
fi=(297)
2051 508
fi=(457)
72 254
+1 1524
fi=(297)
2051 508
fi=(174)
2457 254
fi=(297)
2051 508
fi=(174)
2457 254
fi=(297)
2051 508
fi=(174)
2457 254
fi=(297)
2051 508
fi=(457)
57 254
-2 1016
fi=(174)
2457 762
fi=(457)
57 254
fi=(297)
2051 508
fi=(457)
57 254
fi=(297)
2051 762
fi=(174)
2457 254
fi=(297)
2051 508
fi=(457)
65 508
+1 254
fi=(174)
2457 2670
fi=(297)
2051 5340
fi=(457)
72 1335
fi=(297)
2051 2670
fi=(457)
72 1335
+1 8010
fi=(297)
2051 2670
fi=(174)
2457 1335
fi=(297)
2051 2670
fi=(174)
2457 1335
fi=(297)
2051 2670
fi=(174)
2457 1335
fi=(297)
2051 2670
fi=(457)
57 1335
-2 5340
fi=(174)
2457 4005
fi=(457)
57 1335
fi=(297)
2051 2670
fi=(457)
57 1335
fi=(297)
2051 4005
fi=(174)
2457 1335
fi=(297)
2051 2670
fi=(457)
65 2670
+1 5340
fi=(174)
2457 5340
fi=(297)
2051 5340
fi=(457)
72 1335
-6 762
fi=(174)
2457 1016
fi=(297)
2051 1016
fi=(457)
72 254
fi=(297)
2051 508
fi=(457)
72 254
+1 1524
fi=(174)
2457 762
fi=(297)
2051 1016
fi=(457)
57 254
fi=(297)
2051 1016
fi=(457)
55 1016
fi=(174)
2457 762
fi=(457)
57 1016
fi=(174)
2457 254
fi=(297)
2051 1016
fi=(457)
65 254
fi=(297)
2051 508
fi=(457)
65 254
+1 1016
fi=(174)
2457 508
fi=(297)
2051 2924
fi=(457)
72 1335
+1 8010
fi=(174)
2457 4005
fi=(297)
2051 5340
fi=(457)
57 1335
fi=(297)
2051 5340
fi=(457)
55 5340
fi=(174)
2457 4005
fi=(457)
57 5340
fi=(174)
2457 1335
fi=(297)
2051 5340
fi=(457)
65 1335
fi=(297)
2051 2670
fi=(457)
65 1335
+1 5340
fi=(174)
2457 2670
fi=(297)
2051 2670
fi=(174)
2457 2670
fi=(297)
2051 2670
fi=(457)
72 1335
fi=(297)
2051 2670
fi=(457)
72 1335
+1 4005
fi=(297)
2051 254
fi=(174)
2457 508
fi=(297)
2051 508
fi=(457)
72 254
fi=(297)
2051 508
fi=(457)
72 254
+1 1524
fi=(174)
2457 508
fi=(297)
2051 508
fi=(174)
2457 508
fi=(297)
2051 508
fi=(457)
57 254
fi=(297)
2051 1016
fi=(457)
55 1016
fi=(174)
2457 762
fi=(457)
57 762
fi=(174)
2457 254
fi=(297)
2051 1016
fi=(457)
65 254
fi=(297)
2051 508
fi=(457)
65 254
+1 1016
fi=(174)
2457 254
fi=(297)
2051 508
fi=(174)
2457 254
fi=(297)
2051 508
fi=(174)
2457 508
fi=(297)
2051 254
fi=(457)
73 4005
fi=(174)
2457 2670
fi=(297)
2051 2670
fi=(174)
2457 2670
fi=(297)
2051 2670
fi=(457)
57 1335
fi=(297)
2051 5340
fi=(457)
55 5340
fi=(174)
2457 4005
fi=(457)
57 4005
fi=(174)
2457 1335
fi=(297)
2051 5340
fi=(457)
65 1335
fi=(297)
2051 2670
fi=(457)
65 1335
+1 5340
fi=(174)
2457 1335
fi=(297)
2051 2670
fi=(174)
2457 1335
fi=(297)
2051 2670
fi=(174)
2457 2670
fi=(297)
2051 4005
fi=(457)
72 2670
+1 8010
fi=(174)
2457 1335
fi=(297)
2051 1843
fi=(457)
72 508
+1 1524
fi=(174)
2457 254
fi=(297)
2051 508
fi=(174)
2457 254
fi=(297)
2051 508
fi=(174)
2457 254
fi=(297)
2051 508
fi=(457)
57 254
fi=(297)
2051 508
fi=(457)
55 1016
fi=(174)
2457 762
fi=(457)
57 508
fi=(297)
2051 762
fi=(174)
2457 254
fi=(297)
2051 508
fi=(457)
65 254
fi=(297)
2051 508
fi=(457)
65 254
+1 1016
fi=(174)
2457 1016
fi=(297)
2051 1016
fi=(457)
72 254
fi=(297)
2051 508
fi=(457)
72 508
+1 508
fi=(297)
2051 1335
fi=(174)
2457 1335
fi=(297)
2051 2670
fi=(174)
2457 1335
fi=(297)
2051 2670
fi=(457)
57 1335
fi=(297)
2051 2670
fi=(457)
55 5340
fi=(174)
2457 4005
fi=(457)
57 2670
fi=(297)
2051 4005
fi=(174)
2457 1335
fi=(297)
2051 2670
fi=(457)
65 1335
fi=(297)
2051 2670
fi=(457)
65 1335
+1 5340
fi=(174)
2457 5340
fi=(297)
2051 5340
fi=(457)
72 1335
fi=(297)
2051 2670
fi=(457)
72 2670
+1 8010
fi=(297)
2051 2670
fi=(174)
2457 1335
fi=(297)
2051 2670
fi=(174)
2457 1335
fi=(297)
2051 2670
fi=(457)
73 1016
fi=(297)
2051 508
fi=(174)
2457 254
fi=(297)
2051 508
fi=(174)
2457 254
fi=(297)
2051 508
fi=(174)
2457 254
fi=(297)
2051 508
fi=(457)
57 254
-2 1016
fi=(174)
2457 762
fi=(457)
57 508
fi=(297)
2051 508
fi=(457)
57 254
fi=(297)
2051 762
fi=(174)
2457 254
fi=(297)
2051 508
fi=(457)
65 508
+1 1016
fi=(174)
2457 1016
fi=(297)
2051 1016
fi=(457)
72 254
fi=(297)
2051 508
fi=(457)
72 254
+1 1524
fi=(174)
2457 1843
fi=(297)
2051 2670
fi=(457)
57 1335
-2 5340
fi=(174)
2457 4005
fi=(457)
57 2670
fi=(297)
2051 2670
fi=(457)
57 1335
fi=(297)
2051 4005
fi=(174)
2457 1335
fi=(297)
2051 2670
fi=(457)
65 2670
+1 5340
fi=(174)
2457 5340
fi=(297)
2051 5340
fi=(457)
72 1335
fi=(297)
2051 2670
fi=(457)
72 1335
+1 8010
fi=(174)
2457 4005
fi=(297)
2051 5340
fi=(457)
57 1335
fi=(297)
2051 5340
fi=(457)
55 2670
fi=(174)
2457 254
fi=(297)
2051 1016
fi=(457)
57 254
fi=(297)
2051 1016
fi=(457)
55 1016
fi=(174)
2457 762
fi=(457)
57 1016
fi=(174)
2457 254
fi=(297)
2051 1016
fi=(457)
65 254
fi=(297)
2051 508
fi=(457)
65 254
+1 1016
fi=(174)
2457 508
fi=(297)
2051 508
fi=(174)
2457 508
fi=(297)
2051 508
fi=(457)
72 254
fi=(297)
2051 508
fi=(457)
72 254
+1 1524
fi=(174)
2457 508
fi=(297)
2051 508
fi=(174)
2457 254
fi=(297)
2051 508
fi=(457)
57 254
-2 2670
fi=(174)
2457 4005
fi=(457)
57 5340
fi=(174)
2457 1335
fi=(297)
2051 5340
fi=(457)
65 1335
fi=(297)
2051 2670
fi=(457)
65 1335
+1 5340
fi=(174)
2457 2670
fi=(297)
2051 2670
fi=(174)
2457 2670
fi=(297)
2051 2670
fi=(457)
72 1335
fi=(297)
2051 2670
fi=(457)
72 1335
+1 8010
fi=(174)
2457 2670
fi=(297)
2051 2670
fi=(174)
2457 1335
fi=(297)
2051 2670
fi=(457)
57 1335
fi=(297)
2051 5340
fi=(457)
55 5340
fi=(174)
2457 4005
fi=(457)
57 1335
fi=(297)
2051 1016
fi=(457)
55 1016
fi=(174)
2457 762
fi=(457)
57 1016
fi=(174)
2457 508
fi=(297)
2051 1016
fi=(457)
65 254
fi=(297)
2051 508
fi=(457)
65 254
+1 1016
fi=(174)
2457 254
fi=(297)
2051 508
fi=(174)
2457 254
fi=(297)
2051 508
fi=(174)
2457 508
fi=(297)
2051 508
fi=(457)
72 508
+1 1524
fi=(174)
2457 254
fi=(297)
2051 508
fi=(174)
2457 254
fi=(297)
2051 508
fi=(174)
2457 254
fi=(297)
2051 508
fi=(457)
57 254
fi=(297)
2051 508
fi=(457)
55 254
+2 4005
fi=(174)
2457 2670
fi=(297)
2051 5340
fi=(457)
65 1335
fi=(297)
2051 2670
fi=(457)
65 1335
+1 5340
fi=(174)
2457 1335
fi=(297)
2051 2670
fi=(174)
2457 1335
fi=(297)
2051 2670
fi=(174)
2457 2670
fi=(297)
2051 2670
fi=(457)
72 2670
+1 8010
fi=(174)
2457 1335
fi=(297)
2051 2670
fi=(174)
2457 1335
fi=(297)
2051 2670
fi=(174)
2457 1335
fi=(297)
2051 2670
fi=(457)
57 1335
fi=(297)
2051 2670
fi=(457)
55 5340
fi=(174)
2457 4005
fi=(457)
57 4005
fi=(297)
2051 4005
fi=(457)
55 762
fi=(174)
2457 762
fi=(457)
57 762
fi=(297)
2051 762
fi=(174)
2457 254
fi=(297)
2051 508
fi=(457)
65 254
fi=(297)
2051 508
fi=(457)
65 254
+1 1016
fi=(174)
2457 1016
fi=(297)
2051 1016
fi=(457)
72 254
fi=(297)
2051 508
fi=(457)
72 254
+1 1524
fi=(297)
2051 508
fi=(174)
2457 254
fi=(297)
2051 508
fi=(174)
2457 254
fi=(297)
2051 508
fi=(174)
2457 254
fi=(297)
2051 508
fi=(457)
57 254
-2 1016
fi=(174)
2457 2097
fi=(297)
2051 2670
fi=(457)
65 1335
fi=(297)
2051 2670
fi=(457)
65 1335
+1 5340
fi=(174)
2457 5340
fi=(297)
2051 5340
fi=(457)
72 1335
fi=(297)
2051 2670
fi=(457)
72 1335
+1 8010
fi=(297)
2051 2670
fi=(174)
2457 1335
fi=(297)
2051 2670
fi=(174)
2457 1335
fi=(297)
2051 2670
fi=(174)
2457 1335
fi=(297)
2051 2670
fi=(457)
57 1335
-2 5340
fi=(174)
2457 4005
fi=(457)
57 1335
fi=(297)
2051 2670
fi=(457)
57 1335
fi=(297)
2051 4005
fi=(174)
2457 1335
fi=(297)
2051 2670
fi=(457)
65 2670
-8 254
fi=(297)
2051 508
fi=(457)
57 254
fi=(297)
2051 762
fi=(174)
2457 254
fi=(297)
2051 508
fi=(457)
65 508
+1 1270
fi=(174)
2457 1016
fi=(297)
2051 1016
fi=(457)
72 254
fi=(297)
2051 508
fi=(457)
72 254
+1 1524
fi=(174)
2457 762
fi=(297)
2051 1016
fi=(457)
57 254
fi=(297)
2051 1016
fi=(457)
55 1016
fi=(174)
2457 762
fi=(457)
57 1016
fi=(174)
2457 254
fi=(297)
2051 254
fi=(457)
66 6675
fi=(174)
2457 5340
fi=(297)
2051 5340
fi=(457)
72 1335
fi=(297)
2051 2670
fi=(457)
72 1335
+1 8010
fi=(174)
2457 4005
fi=(297)
2051 5340
fi=(457)
57 1335
fi=(297)
2051 5340
fi=(457)
55 5340
fi=(174)
2457 4005
fi=(457)
57 5340
fi=(174)
2457 1335
fi=(297)
2051 5340
fi=(457)
65 1335
fi=(297)
2051 2670
fi=(457)
65 1335
+1 5340
fi=(174)
2457 1335
fi=(297)
2051 762
fi=(457)
65 254
fi=(297)
2051 508
fi=(457)
65 254
+1 1016
fi=(174)
2457 508
fi=(297)
2051 508
fi=(174)
2457 508
fi=(297)
2051 508
fi=(457)
72 254
fi=(297)
2051 508
fi=(457)
72 254
+1 1524
fi=(174)
2457 508
fi=(297)
2051 508
fi=(174)
2457 254
fi=(297)
2051 508
fi=(457)
57 254
fi=(297)
2051 1016
fi=(457)
55 1016
fi=(174)
2457 762
fi=(457)
57 1016
fi=(174)
2457 254
fi=(297)
2051 1016
fi=(457)
65 254
fi=(297)
2051 508
fi=(174)
2457 1335
fi=(297)
2051 2670
fi=(174)
2457 2670
fi=(297)
2051 2670
fi=(457)
72 1335
fi=(297)
2051 2670
fi=(457)
72 1335
+1 8010
fi=(174)
2457 2670
fi=(297)
2051 2670
fi=(174)
2457 1335
fi=(297)
2051 2670
fi=(457)
57 1335
fi=(297)
2051 5340
fi=(457)
55 5340
fi=(174)
2457 4005
fi=(457)
57 5340
fi=(174)
2457 1335
fi=(297)
2051 5340
fi=(457)
65 1335
fi=(297)
2051 2670
fi=(457)
65 1335
+1 5340
fi=(174)
2457 1335
fi=(297)
2051 2670
fi=(174)
2457 1335
fi=(297)
2051 2670
fi=(174)
2457 1335
fi=(457)
65 254
+1 1016
fi=(174)
2457 254
fi=(297)
2051 508
fi=(174)
2457 254
fi=(297)
2051 508
fi=(174)
2457 508
fi=(297)
2051 508
fi=(457)
72 508
+1 1524
fi=(174)
2457 254
fi=(297)
2051 508
fi=(174)
2457 254
fi=(297)
2051 508
fi=(174)
2457 254
fi=(297)
2051 508
fi=(457)
57 254
fi=(297)
2051 508
fi=(457)
55 1016
fi=(174)
2457 762
fi=(457)
57 762
fi=(297)
2051 762
fi=(174)
2457 254
fi=(297)
2051 508
fi=(457)
65 254
fi=(297)
2051 508
fi=(457)
65 254
+1 1016
fi=(174)
2457 1589
fi=(297)
2051 2670
fi=(457)
72 2670
+1 8010
fi=(174)
2457 1335
fi=(297)
2051 2670
fi=(174)
2457 1335
fi=(297)
2051 2670
fi=(174)
2457 1335
fi=(297)
2051 2670
fi=(457)
57 1335
fi=(297)
2051 2670
fi=(457)
55 5340
fi=(174)
2457 4005
fi=(457)
57 4005
fi=(297)
2051 4005
fi=(174)
2457 1335
fi=(297)
2051 2670
fi=(457)
65 1335
fi=(297)
2051 2670
fi=(457)
65 1335
+1 5340
fi=(174)
2457 5340
fi=(297)
2051 5340
fi=(457)
72 1335
fi=(297)
2051 2670
fi=(457)
72 1335
+1 1335
fi=(174)
2457 762
fi=(297)
2051 1016
fi=(457)
72 254
fi=(297)
2051 508
fi=(457)
72 254
+1 1524
fi=(297)
2051 508
fi=(174)
2457 254
fi=(297)
2051 508
fi=(174)
2457 254
fi=(297)
2051 508
fi=(174)
2457 254
fi=(297)
2051 508
fi=(457)
57 254
-2 1016
fi=(174)
2457 762
fi=(457)
57 508
fi=(297)
2051 508
fi=(457)
57 254
fi=(297)
2051 762
fi=(174)
2457 254
fi=(297)
2051 508
fi=(457)
65 508
+1 1016
fi=(174)
2457 1016
fi=(297)
2051 762
fi=(457)
73 6675
fi=(297)
2051 2670
fi=(174)
2457 1335
fi=(297)
2051 2670
fi=(174)
2457 1335
fi=(297)
2051 2670
fi=(174)
2457 1335
fi=(297)
2051 2670
fi=(457)
57 1335
-2 5340
fi=(174)
2457 4005
fi=(457)
57 2670
fi=(297)
2051 2670
fi=(457)
57 1335
fi=(297)
2051 4005
fi=(174)
2457 1335
fi=(297)
2051 2670
fi=(457)
65 2670
+1 5340
fi=(174)
2457 5340
fi=(297)
2051 5340
fi=(457)
72 1335
fi=(297)
2051 2670
fi=(457)
72 1335
+1 8010
fi=(174)
2457 1335
fi=(297)
2051 254
fi=(457)
72 254
fi=(297)
2051 508
fi=(457)
72 254
+1 1524
fi=(174)
2457 762
fi=(297)
2051 1016
fi=(457)
57 254
fi=(297)
2051 1016
fi=(457)
55 1016
fi=(174)
2457 762
fi=(457)
57 1016
fi=(174)
2457 254
fi=(297)
2051 1016
fi=(457)
65 254
fi=(297)
2051 508
fi=(457)
65 254
+1 1016
fi=(174)
2457 508
fi=(297)
2051 508
fi=(174)
2457 508
fi=(297)
2051 508
fi=(457)
72 254
fi=(297)
2051 508
fi=(457)
72 254
+1 254
fi=(174)
2457 2670
fi=(297)
2051 5340
fi=(457)
57 1335
fi=(297)
2051 5340
fi=(457)
55 5340
fi=(174)
2457 4005
fi=(457)
57 5340
fi=(174)
2457 1335
fi=(297)
2051 5340
fi=(457)
65 1335
fi=(297)
2051 2670
fi=(457)
65 1335
+1 5340
fi=(174)
2457 2670
fi=(297)
2051 2670
fi=(174)
2457 2670
fi=(297)
2051 2670
fi=(457)
72 1335
fi=(297)
2051 2670
fi=(457)
72 1335
+1 8010
fi=(174)
2457 2670
fi=(297)
2051 2670
fi=(174)
2457 1335
fi=(297)
2051 2670
fi=(457)
73 1270
fi=(174)
2457 508
fi=(297)
2051 508
fi=(174)
2457 254
fi=(297)
2051 508
fi=(457)
57 254
fi=(297)
2051 1016
fi=(457)
55 1016
fi=(174)
2457 762
fi=(457)
57 1016
fi=(174)
2457 254
fi=(297)
2051 1016
fi=(457)
65 254
fi=(297)
2051 508
fi=(457)
65 254
+1 1016
fi=(174)
2457 254
fi=(297)
2051 508
fi=(174)
2457 254
fi=(297)
2051 508
fi=(174)
2457 508
fi=(297)
2051 508
fi=(457)
72 508
+1 1524
fi=(174)
2457 254
fi=(457)
57 1335
fi=(297)
2051 5340
fi=(457)
55 5340
fi=(174)
2457 4005
fi=(457)
57 5340
fi=(174)
2457 1335
fi=(297)
2051 5340
fi=(457)
65 1335
fi=(297)
2051 2670
fi=(457)
65 1335
+1 5340
fi=(174)
2457 1335
fi=(297)
2051 2670
fi=(174)
2457 1335
fi=(297)
2051 2670
fi=(174)
2457 2670
fi=(297)
2051 2670
fi=(457)
72 2670
+1 8010
fi=(174)
2457 1335
fi=(297)
2051 2670
fi=(174)
2457 1335
fi=(297)
2051 2670
fi=(174)
2457 1335
fi=(297)
2051 2670
fi=(457)
57 1335
fi=(297)
2051 2670
fi=(457)
55 1335
fi=(297)
2051 508
fi=(174)
2457 254
fi=(297)
2051 508
fi=(174)
2457 254
fi=(297)
2051 508
fi=(457)
57 254
fi=(297)
2051 508
fi=(457)
55 1016
fi=(174)
2457 762
fi=(457)
57 762
fi=(297)
2051 762
fi=(174)
2457 254
fi=(297)
2051 508
fi=(457)
65 254
fi=(297)
2051 508
fi=(457)
65 254
+1 1016
fi=(174)
2457 1016
fi=(297)
2051 1016
fi=(457)
72 254
fi=(297)
2051 508
fi=(457)
72 254
+1 1524
fi=(297)
2051 508
fi=(174)
2457 254
fi=(297)
2051 508
fi=(174)
2457 254
fi=(297)
2051 254
fi=(457)
55 4005
fi=(174)
2457 4005
fi=(457)
57 4005
fi=(297)
2051 4005
fi=(174)
2457 1335
fi=(297)
2051 2670
fi=(457)
65 1335
fi=(297)
2051 2670
fi=(457)
65 1335
+1 5340
fi=(174)
2457 5340
fi=(297)
2051 5340
fi=(457)
72 1335
fi=(297)
2051 2670
fi=(457)
72 1335
+1 8010
fi=(297)
2051 2670
fi=(174)
2457 1335
fi=(297)
2051 2670
fi=(174)
2457 1335
fi=(297)
2051 2670
fi=(174)
2457 1335
fi=(297)
2051 2670
fi=(457)
57 1335
-2 6675
fi=(174)
2457 2670
fi=(297)
2051 254
fi=(174)
2457 254
fi=(297)
2051 508
fi=(457)
57 254
-2 1270
fi=(174)
2457 762
fi=(457)
57 508
fi=(297)
2051 508
fi=(457)
57 254
fi=(297)
2051 762
fi=(174)
2457 254
fi=(297)
2051 508
fi=(457)
65 508
+1 1016
fi=(174)
2457 1016
fi=(297)
2051 1016
fi=(457)
72 254
fi=(297)
2051 508
fi=(457)
72 254
+1 1524
fi=(174)
2457 762
fi=(297)
2051 1270
fi=(457)
57 508
fi=(297)
2051 508
fi=(174)
2457 1335
fi=(457)
57 2670
fi=(297)
2051 2670
fi=(457)
57 1335
fi=(297)
2051 4005
fi=(174)
2457 1335
fi=(297)
2051 2670
fi=(457)
65 2670
+1 5340
fi=(174)
2457 5340
fi=(297)
2051 5340
fi=(457)
72 1335
fi=(297)
2051 2670
fi=(457)
72 1335
+1 8010
fi=(174)
2457 4005
fi=(297)
2051 6675
fi=(457)
57 2670
fi=(297)
2051 5340
fi=(457)
55 5340
fi=(174)
2457 4005
fi=(457)
57 4005
fi=(297)
2051 508
fi=(457)
55 1016
fi=(174)
2457 762
fi=(457)
57 1016
fi=(174)
2457 254
fi=(297)
2051 1016
fi=(457)
65 254
fi=(297)
2051 508
fi=(457)
65 254
+1 1016
fi=(174)
2457 508
fi=(297)
2051 508
fi=(174)
2457 508
fi=(297)
2051 508
fi=(457)
72 254
fi=(297)
2051 508
fi=(457)
72 254
+1 1524
fi=(174)
2457 508
fi=(297)
2051 508
fi=(174)
2457 254
fi=(297)
2051 508
fi=(457)
57 254
fi=(297)
2051 1016
fi=(457)
55 1016
+2 1335
fi=(174)
2457 1335
fi=(297)
2051 5340
fi=(457)
65 1335
fi=(297)
2051 2670
fi=(457)
65 1335
+1 5340
fi=(174)
2457 2670
fi=(297)
2051 2670
fi=(174)
2457 2670
fi=(297)
2051 2670
fi=(457)
72 1335
fi=(297)
2051 2670
fi=(457)
72 1335
+1 8010
fi=(174)
2457 2670
fi=(297)
2051 2670
fi=(174)
2457 1335
fi=(297)
2051 2670
fi=(457)
57 1335
fi=(297)
2051 5340
fi=(457)
55 5340
fi=(174)
2457 4005
fi=(457)
57 5340
fi=(174)
2457 1335
fi=(297)
2051 5340
fi=(174)
2457 762
fi=(457)
57 1016
fi=(174)
2457 254
fi=(297)
2051 1016
fi=(457)
65 254
fi=(297)
2051 508
fi=(457)
65 254
+1 1016
fi=(174)
2457 254
fi=(297)
2051 508
fi=(174)
2457 254
fi=(297)
2051 508
fi=(174)
2457 508
fi=(297)
2051 508
fi=(457)
72 508
+1 1524
fi=(174)
2457 254
fi=(297)
2051 508
fi=(174)
2457 254
fi=(297)
2051 508
fi=(174)
2457 508
fi=(297)
2051 508
fi=(457)
57 254
fi=(297)
2051 508
fi=(457)
55 1016
fi=(174)
2457 762
fi=(457)
57 508
+8 1335
fi=(297)
2051 2670
fi=(457)
65 1335
+1 5340
fi=(174)
2457 1335
fi=(297)
2051 2670
fi=(174)
2457 1335
fi=(297)
2051 2670
fi=(174)
2457 2670
fi=(297)
2051 2670
fi=(457)
72 2670
+1 8010
fi=(174)
2457 1335
fi=(297)
2051 2670
fi=(174)
2457 1335
fi=(297)
2051 2670
fi=(174)
2457 2670
fi=(297)
2051 2670
fi=(457)
57 1335
fi=(297)
2051 2670
fi=(457)
55 5340
fi=(174)
2457 4005
fi=(457)
57 4005
fi=(297)
2051 4005
fi=(174)
2457 1335
fi=(297)
2051 2670
fi=(457)
65 1335
fi=(297)
2051 2670
fi=(457)
65 1335
+1 1335
-9 254
fi=(297)
2051 762
fi=(174)
2457 254
fi=(297)
2051 508
fi=(457)
65 254
fi=(297)
2051 508
fi=(457)
65 254
+1 1016
fi=(174)
2457 1016
fi=(297)
2051 1016
fi=(457)
72 254
fi=(297)
2051 508
fi=(457)
72 254
+1 1524
fi=(297)
2051 508
fi=(174)
2457 508
fi=(297)
2051 508
fi=(174)
2457 254
fi=(297)
2051 508
fi=(174)
2457 254
fi=(297)
2051 508
fi=(457)
57 254
-2 1270
fi=(174)
2457 1016
fi=(457)
57 508
fi=(297)
2051 508
fi=(457)
57 254
+9 4005
fi=(174)
2457 5340
fi=(297)
2051 5340
fi=(457)
72 1335
fi=(297)
2051 2670
fi=(457)
72 1335
+1 8010
fi=(297)
2051 2670
fi=(174)
2457 2670
fi=(297)
2051 2670
fi=(174)
2457 1335
fi=(297)
2051 2670
fi=(174)
2457 1335
fi=(297)
2051 2670
fi=(457)
57 1335
-2 6675
fi=(174)
2457 5340
fi=(457)
57 2670
fi=(297)
2051 2670
fi=(457)
57 1335
fi=(297)
2051 4005
fi=(174)
2457 1335
fi=(297)
2051 2670
fi=(457)
65 2670
+1 5340
fi=(297)
2051 762
fi=(174)
2457 254
fi=(297)
2051 508
fi=(457)
65 508
+1 1016
fi=(174)
2457 1016
fi=(297)
2051 1016
fi=(457)
72 254
fi=(297)
2051 508
fi=(457)
72 254
+1 1524
fi=(174)
2457 762
fi=(297)
2051 1016
fi=(457)
57 254
fi=(297)
2051 1016
fi=(457)
55 1016
fi=(174)
2457 762
fi=(457)
57 1016
fi=(174)
2457 254
fi=(297)
2051 1016
fi=(457)
65 254
fi=(297)
2051 254
fi=(174)
2457 5340
fi=(297)
2051 5340
fi=(457)
72 1335
fi=(297)
2051 2670
fi=(457)
72 1335
+1 8010
fi=(174)
2457 4005
fi=(297)
2051 5340
fi=(457)
57 1335
fi=(297)
2051 5340
fi=(457)
55 5340
fi=(174)
2457 4005
fi=(457)
57 5340
fi=(174)
2457 1335
fi=(297)
2051 5340
fi=(457)
65 1335
fi=(297)
2051 2670
fi=(457)
65 1335
+1 5340
fi=(174)
2457 2670
fi=(297)
2051 2670
fi=(174)
2457 2670
fi=(297)
2051 254
fi=(457)
65 254
+1 1016
fi=(174)
2457 508
fi=(297)
2051 508
fi=(174)
2457 508
fi=(297)
2051 508
fi=(457)
72 254
fi=(297)
2051 508
fi=(457)
72 254
+1 1524
fi=(174)
2457 762
fi=(297)
2051 508
fi=(174)
2457 254
fi=(297)
2051 508
fi=(457)
57 254
fi=(297)
2051 1016
fi=(457)
55 1016
fi=(174)
2457 762
fi=(457)
57 762
fi=(174)
2457 254
fi=(297)
2051 1016
fi=(457)
65 254
fi=(297)
2051 508
fi=(457)
65 254
+1 1016
fi=(297)
2051 2670
fi=(457)
72 1335
fi=(297)
2051 2670
fi=(457)
72 1335
+1 8010
fi=(174)
2457 4005
fi=(297)
2051 2670
fi=(174)
2457 1335
fi=(297)
2051 2670
fi=(457)
57 1335
fi=(297)
2051 5340
fi=(457)
55 5340
fi=(174)
2457 4005
fi=(457)
57 4005
fi=(174)
2457 1335
fi=(297)
2051 5340
fi=(457)
65 1335
fi=(297)
2051 2670
fi=(457)
65 1335
+1 5340
fi=(174)
2457 2670
fi=(297)
2051 2670
fi=(174)
2457 1335
fi=(297)
2051 2670
fi=(174)
2457 2670
fi=(297)
2051 2670
fi=(457)
72 1335
fi=(174)
2457 508
fi=(297)
2051 508
fi=(174)
2457 254
fi=(297)
2051 508
fi=(174)
2457 508
fi=(297)
2051 508
fi=(457)
72 508
+1 2032
fi=(174)
2457 508
fi=(297)
2051 508
fi=(174)
2457 254
fi=(297)
2051 508
fi=(174)
2457 508
fi=(297)
2051 508
fi=(457)
57 254
fi=(297)
2051 508
fi=(457)
55 1016
fi=(174)
2457 762
fi=(457)
57 762
fi=(297)
2051 762
fi=(174)
2457 254
fi=(297)
2051 508
fi=(457)
65 254
fi=(297)
2051 508
fi=(457)
65 254
+1 1016
fi=(174)
2457 254
fi=(457)
72 1335
+1 10680
fi=(174)
2457 2670
fi=(297)
2051 2670
fi=(174)
2457 1335
fi=(297)
2051 2670
fi=(174)
2457 2670
fi=(297)
2051 2670
fi=(457)
57 1335
fi=(297)
2051 2670
fi=(457)
55 5340
fi=(174)
2457 4005
fi=(457)
57 4005
fi=(297)
2051 4005
fi=(174)
2457 1335
fi=(297)
2051 2670
fi=(457)
65 1335
fi=(297)
2051 2670
fi=(457)
65 1335
+1 5340
fi=(174)
2457 5340
fi=(297)
2051 5340
fi=(457)
72 1335
fi=(297)
2051 2670
fi=(457)
72 1335
+1 1335
fi=(174)
2457 762
fi=(297)
2051 1016
fi=(457)
72 254
fi=(297)
2051 508
fi=(457)
72 254
+1 1524
fi=(297)
2051 508
fi=(174)
2457 254
fi=(297)
2051 762
fi=(174)
2457 254
fi=(297)
2051 508
fi=(174)
2457 254
fi=(297)
2051 508
fi=(457)
57 254
-2 1016
fi=(174)
2457 762
fi=(457)
57 762
fi=(297)
2051 508
fi=(457)
57 254
fi=(297)
2051 762
fi=(174)
2457 254
fi=(297)
2051 508
fi=(457)
65 508
+1 1270
fi=(174)
2457 1016
fi=(457)
73 6675
fi=(297)
2051 2670
fi=(174)
2457 1335
fi=(297)
2051 4005
fi=(174)
2457 1335
fi=(297)
2051 2670
fi=(174)
2457 1335
fi=(297)
2051 2670
fi=(457)
57 1335
-2 5340
fi=(174)
2457 4005
fi=(457)
57 4005
fi=(297)
2051 2670
fi=(457)
57 1335
fi=(297)
2051 4005
fi=(174)
2457 1335
fi=(297)
2051 2670
fi=(457)
65 2670
+1 6675
fi=(174)
2457 5340
fi=(297)
2051 5340
fi=(457)
72 1335
fi=(297)
2051 2670
fi=(457)
72 1335
+1 5340
fi=(297)
2051 1016
fi=(457)
72 254
fi=(297)
2051 508
fi=(457)
72 254
+1 1524
fi=(174)
2457 762
fi=(297)
2051 1016
fi=(457)
57 254
fi=(297)
2051 1016
fi=(457)
55 1016
fi=(174)
2457 762
fi=(457)
57 1016
fi=(174)
2457 254
fi=(297)
2051 1016
fi=(457)
65 254
fi=(297)
2051 508
fi=(457)
65 254
+1 1016
fi=(174)
2457 508
fi=(297)
2051 508
fi=(174)
2457 508
fi=(297)
2051 508
fi=(457)
72 254
fi=(297)
2051 254
fi=(457)
73 2670
fi=(174)
2457 4005
fi=(297)
2051 5340
fi=(457)
57 1335
fi=(297)
2051 5340
fi=(457)
55 5340
fi=(174)
2457 4005
fi=(457)
57 5340
fi=(174)
2457 1335
fi=(297)
2051 5340
fi=(457)
65 1335
fi=(297)
2051 2670
fi=(457)
65 1335
+1 5340
fi=(174)
2457 2670
fi=(297)
2051 2670
fi=(174)
2457 2670
fi=(297)
2051 2670
fi=(457)
72 1335
fi=(297)
2051 2670
fi=(457)
72 1335
+1 8010
fi=(174)
2457 2670
fi=(297)
2051 2924
fi=(457)
72 254
+1 1524
fi=(174)
2457 508
fi=(297)
2051 508
fi=(174)
2457 254
fi=(297)
2051 508
fi=(457)
57 254
fi=(297)
2051 1016
fi=(457)
55 254
fi=(174)
2457 254
fi=(297)
2051 508
fi=(457)
57 254
-2 508
fi=(174)
2457 762
fi=(457)
57 762
fi=(174)
2457 254
fi=(297)
2051 1016
fi=(457)
65 254
fi=(297)
2051 508
fi=(457)
65 254
+1 1270
fi=(174)
2457 508
fi=(297)
2051 508
fi=(174)
2457 508
fi=(297)
2051 508
fi=(457)
72 254
fi=(297)
2051 508
fi=(457)
72 254
+1 254
fi=(174)
2457 1335
fi=(297)
2051 2670
fi=(457)
57 1335
fi=(297)
2051 5340
fi=(457)
55 1335
fi=(174)
2457 1335
fi=(297)
2051 2670
fi=(457)
57 1335
-2 2670
fi=(174)
2457 4005
fi=(457)
57 4005
fi=(174)
2457 1335
fi=(297)
2051 5340
fi=(457)
65 1335
fi=(297)
2051 2670
fi=(457)
65 1335
+1 6675
fi=(174)
2457 2670
fi=(297)
2051 2670
fi=(174)
2457 2670
fi=(297)
2051 2670
fi=(457)
72 1335
fi=(297)
2051 2670
fi=(457)
72 1335
+1 8010
fi=(174)
2457 4005
fi=(297)
2051 2670
fi=(457)
57 2670
+16 1270
fi=(174)
2457 762
fi=(297)
2051 508
fi=(457)
57 762
fi=(297)
2051 762
fi=(174)
2457 254
fi=(297)
2051 508
fi=(457)
65 254
fi=(297)
2051 508
fi=(457)
65 254
+1 1270
fi=(174)
2457 1016
fi=(297)
2051 1016
fi=(457)
72 254
fi=(297)
2051 508
fi=(457)
72 254
+1 1524
fi=(174)
2457 762
fi=(297)
2051 1016
fi=(457)
57 254
fi=(174)
2457 254
fi=(457)
57 762
fi=(174)
2457 254
fi=(297)
2051 254
fi=(457)
57 1335
fi=(297)
2051 4005
fi=(174)
2457 1335
fi=(297)
2051 2670
fi=(457)
65 1335
fi=(297)
2051 2670
fi=(457)
65 1335
+1 6675
fi=(174)
2457 5340
fi=(297)
2051 5340
fi=(457)
72 1335
fi=(297)
2051 2670
fi=(457)
72 1335
+1 8010
fi=(174)
2457 4005
fi=(297)
2051 5340
fi=(457)
57 1335
fi=(174)
2457 1335
fi=(457)
57 4005
fi=(174)
2457 1335
fi=(297)
2051 5340
fi=(457)
65 1335
fi=(297)
2051 2670
fi=(457)
65 1335
+1 5340
fi=(174)
2457 1335
fi=(297)
2051 762
fi=(457)
65 254
fi=(297)
2051 508
fi=(457)
65 254
+1 1016
fi=(174)
2457 508
fi=(297)
2051 508
fi=(174)
2457 508
fi=(297)
2051 508
fi=(457)
72 254
fi=(297)
2051 508
fi=(457)
72 254
+1 1524
fi=(174)
2457 508
fi=(297)
2051 508
fi=(174)
2457 254
fi=(297)
2051 508
fi=(457)
57 254
fi=(174)
2457 254
fi=(457)
57 762
fi=(297)
2051 762
fi=(174)
2457 254
fi=(297)
2051 508
fi=(457)
65 254
fi=(297)
2051 508
fi=(457)
65 254
+1 1016
fi=(174)
2457 1016
fi=(297)
2051 254
fi=(174)
2457 1335
fi=(297)
2051 2670
fi=(174)
2457 2670
fi=(297)
2051 2670
fi=(457)
72 1335
fi=(297)
2051 2670
fi=(457)
72 1335
+1 8010
fi=(174)
2457 2670
fi=(297)
2051 2670
fi=(174)
2457 1335
fi=(297)
2051 2670
fi=(457)
57 1335
fi=(174)
2457 1335
fi=(457)
57 4005
fi=(297)
2051 4005
fi=(174)
2457 1335
fi=(297)
2051 2670
fi=(457)
65 1335
fi=(297)
2051 2670
fi=(457)
65 1335
+1 5340
fi=(174)
2457 5340
fi=(297)
2051 5340
fi=(457)
72 1335
fi=(297)
2051 2670
fi=(457)
72 1335
+1 6675
fi=(297)
2051 762
fi=(457)
72 254
fi=(297)
2051 508
fi=(457)
72 254
+1 1524
fi=(174)
2457 762
fi=(297)
2051 1016
fi=(457)
57 254
fi=(174)
2457 254
fi=(457)
57 1016
fi=(174)
2457 254
fi=(297)
2051 1016
fi=(457)
65 254
fi=(297)
2051 508
fi=(457)
65 254
+1 1016
fi=(174)
2457 508
fi=(297)
2051 508
fi=(174)
2457 508
fi=(297)
2051 508
fi=(457)
72 254
fi=(297)
2051 508
fi=(457)
72 254
+1 1524
fi=(174)
2457 508
fi=(297)
2051 254
fi=(457)
73 1335
fi=(174)
2457 4005
fi=(297)
2051 5340
fi=(457)
57 1335
fi=(174)
2457 1335
fi=(457)
57 5340
fi=(174)
2457 1335
fi=(297)
2051 5340
fi=(457)
65 1335
fi=(297)
2051 2670
fi=(457)
65 1335
+1 5340
fi=(174)
2457 2670
fi=(297)
2051 2670
fi=(174)
2457 2670
fi=(297)
2051 2670
fi=(457)
72 1335
fi=(297)
2051 2670
fi=(457)
72 1335
+1 8010
fi=(174)
2457 2670
fi=(297)
2051 2670
fi=(174)
2457 1335
fi=(297)
2051 2670
fi=(457)
57 2670
fi=(174)
2457 1335
fi=(457)
57 4005
fi=(297)
2051 2924
fi=(174)
2457 254
fi=(297)
2051 508
fi=(457)
57 508
fi=(174)
2457 254
fi=(457)
57 762
fi=(297)
2051 762
fi=(174)
2457 254
fi=(297)
2051 508
fi=(457)
65 254
fi=(297)
2051 508
fi=(457)
65 254
+1 1016
fi=(174)
2457 1016
fi=(297)
2051 1016
fi=(457)
72 254
fi=(297)
2051 508
fi=(457)
72 254
+1 1524
fi=(174)
2457 762
fi=(297)
2051 1016
fi=(457)
57 254
fi=(174)
2457 254
fi=(457)
57 1016
fi=(174)
2457 254
fi=(297)
2051 2351
fi=(174)
2457 1335
fi=(297)
2051 2670
fi=(457)
65 1335
fi=(297)
2051 2670
fi=(457)
65 1335
+1 5340
fi=(174)
2457 5340
fi=(297)
2051 5340
fi=(457)
72 1335
fi=(297)
2051 2670
fi=(457)
72 1335
+1 8010
fi=(174)
2457 4005
fi=(297)
2051 5340
fi=(457)
57 1335
fi=(174)
2457 1335
fi=(457)
57 5340
fi=(174)
2457 1335
fi=(297)
2051 5340
fi=(457)
65 1335
fi=(297)
2051 2670
fi=(457)
65 1335
+1 5340
fi=(174)
2457 2670
fi=(297)
2051 2670
fi=(457)
65 254
fi=(297)
2051 508
fi=(457)
65 254
+1 1016
fi=(174)
2457 508
fi=(297)
2051 508
fi=(174)
2457 508
fi=(297)
2051 508
fi=(457)
72 254
fi=(297)
2051 508
fi=(457)
72 254
+1 1524
fi=(174)
2457 508
fi=(297)
2051 508
fi=(174)
2457 254
fi=(297)
2051 508
fi=(457)
57 254
fi=(174)
2457 254
fi=(457)
57 762
fi=(297)
2051 762
fi=(174)
2457 254
fi=(297)
2051 508
fi=(457)
65 254
fi=(297)
2051 508
fi=(457)
65 254
+1 1016
fi=(174)
2457 1016
fi=(297)
2051 1016
fi=(174)
2457 2670
fi=(297)
2051 2670
fi=(457)
72 1335
fi=(297)
2051 2670
fi=(457)
72 1335
+1 8010
fi=(174)
2457 2670
fi=(297)
2051 2670
fi=(174)
2457 1335
fi=(297)
2051 2670
fi=(457)
57 1335
fi=(174)
2457 1335
fi=(457)
57 4005
fi=(297)
2051 4005
fi=(174)
2457 1335
fi=(297)
2051 2670
fi=(457)
65 1335
fi=(297)
2051 2670
fi=(457)
65 1335
+1 5340
fi=(174)
2457 5340
fi=(297)
2051 5340
fi=(457)
72 1335
fi=(297)
2051 2670
fi=(457)
72 1335
+1 8010
fi=(174)
2457 2670
fi=(457)
72 254
fi=(297)
2051 508
fi=(457)
72 254
+1 1524
fi=(174)
2457 762
fi=(297)
2051 1016
fi=(457)
57 508
fi=(174)
2457 508
fi=(457)
57 1016
fi=(174)
2457 254
fi=(297)
2051 1016
fi=(457)
65 254
fi=(297)
2051 508
fi=(457)
65 254
+1 1016
fi=(174)
2457 508
fi=(297)
2051 508
fi=(174)
2457 508
fi=(297)
2051 508
fi=(457)
72 254
fi=(297)
2051 508
fi=(457)
72 254
+1 1524
fi=(174)
2457 508
fi=(297)
2051 508
fi=(174)
2457 1335
fi=(297)
2051 5340
fi=(457)
57 2670
fi=(174)
2457 2670
fi=(457)
57 5340
fi=(174)
2457 1335
fi=(297)
2051 5340
fi=(457)
65 1335
fi=(297)
2051 2670
fi=(457)
65 1335
+1 5340
fi=(174)
2457 2670
fi=(297)
2051 2670
fi=(174)
2457 2670
fi=(297)
2051 2670
fi=(457)
72 1335
fi=(297)
2051 2670
fi=(457)
72 1335
+1 8010
fi=(174)
2457 2670
fi=(297)
2051 2670
fi=(174)
2457 1335
fi=(297)
2051 2670
fi=(457)
57 2670
fi=(174)
2457 2670
fi=(457)
57 4005
fi=(297)
2051 2670
fi=(174)
2457 254
fi=(297)
2051 508
fi=(457)
57 508
fi=(174)
2457 508
fi=(457)
57 762
fi=(297)
2051 762
fi=(174)
2457 254
fi=(297)
2051 508
fi=(457)
65 254
fi=(297)
2051 508
fi=(457)
65 254
+1 1016
fi=(174)
2457 1016
fi=(297)
2051 1016
fi=(457)
72 254
fi=(297)
2051 508
fi=(457)
72 254
+1 1524
fi=(174)
2457 1016
fi=(297)
2051 1016
fi=(457)
57 762
fi=(297)
2051 762
fi=(174)
2457 254
fi=(297)
2051 508
fi=(457)
65 254
fi=(297)
2051 1335
fi=(174)
2457 1335
fi=(297)
2051 2670
fi=(457)
65 1335
fi=(297)
2051 2670
fi=(457)
65 1335
+1 5340
fi=(174)
2457 5340
fi=(297)
2051 5340
fi=(457)
72 1335
fi=(297)
2051 2670
fi=(457)
72 1335
+1 8010
fi=(174)
2457 5340
fi=(297)
2051 5340
fi=(457)
57 4005
fi=(297)
2051 4005
fi=(174)
2457 1335
fi=(297)
2051 2670
fi=(457)
65 1335
fi=(297)
2051 2670
fi=(457)
65 1335
+1 5340
fi=(174)
2457 5340
fi=(297)
2051 1843
fi=(457)
65 254
+1 1016
fi=(174)
2457 1016
fi=(297)
2051 1016
fi=(457)
72 254
fi=(297)
2051 508
fi=(457)
72 254
+1 1524
fi=(174)
2457 1016
fi=(297)
2051 1016
fi=(457)
57 762
fi=(297)
2051 762
fi=(174)
2457 254
fi=(297)
2051 508
fi=(457)
65 254
fi=(297)
2051 508
fi=(457)
65 254
+1 1016
fi=(174)
2457 1016
fi=(297)
2051 1016
fi=(457)
72 254
fi=(297)
2051 4259
fi=(457)
72 1335
fi=(297)
2051 2670
fi=(457)
72 1335
+1 8010
fi=(174)
2457 5340
fi=(297)
2051 5340
fi=(457)
57 4005
fi=(297)
2051 4005
fi=(174)
2457 1335
fi=(297)
2051 2670
fi=(457)
65 1335
fi=(297)
2051 2670
fi=(457)
65 1335
+1 5340
fi=(174)
2457 5340
fi=(297)
2051 5340
fi=(457)
72 1335
fi=(297)
2051 2670
fi=(457)
72 1335
+1 8010
fi=(174)
2457 5340
fi=(297)
2051 254
fi=(457)
72 254
+1 1524
fi=(174)
2457 1016
fi=(297)
2051 1016
fi=(457)
57 762
fi=(297)
2051 762
fi=(174)
2457 254
fi=(297)
2051 508
fi=(457)
65 254
fi=(297)
2051 508
fi=(457)
65 254
+1 1016
fi=(174)
2457 1016
fi=(297)
2051 1016
fi=(457)
72 254
fi=(297)
2051 508
fi=(457)
72 254
+1 1524
fi=(174)
2457 1016
fi=(297)
2051 1016
fi=(457)
57 254
fi=(297)
2051 5340
fi=(457)
57 4005
fi=(297)
2051 4005
fi=(174)
2457 1335
fi=(297)
2051 2670
fi=(457)
65 1335
fi=(297)
2051 2670
fi=(457)
65 1335
+1 5340
fi=(174)
2457 5340
fi=(297)
2051 5340
fi=(457)
72 1335
fi=(297)
2051 2670
fi=(457)
72 1335
+1 8010
fi=(174)
2457 5340
fi=(297)
2051 5340
fi=(457)
57 4005
fi=(297)
2051 5340
fi=(457)
65 1335
fi=(297)
2051 2670
fi=(457)
65 2670
fi=(174)
2457 1335
fi=(457)
57 508
fi=(297)
2051 1016
fi=(457)
65 254
fi=(297)
2051 508
fi=(457)
65 508
fi=(174)
2457 508
fi=(457)
66 1016
fi=(174)
2457 762
fi=(297)
2051 1016
fi=(457)
72 254
fi=(297)
2051 508
fi=(457)
72 254
+1 1524
fi=(174)
2457 1016
fi=(297)
2051 1016
fi=(457)
57 762
fi=(297)
2051 1016
fi=(457)
65 254
fi=(297)
2051 508
fi=(457)
65 508
fi=(174)
2457 508
fi=(457)
66 1016
fi=(174)
2457 1335
fi=(457)
66 5340
fi=(174)
2457 4005
fi=(297)
2051 5340
fi=(457)
72 1335
fi=(297)
2051 2670
fi=(457)
72 1335
+1 8010
fi=(174)
2457 5340
fi=(297)
2051 5340
fi=(457)
57 4005
fi=(297)
2051 5340
fi=(457)
65 1335
fi=(297)
2051 2670
fi=(457)
65 2670
fi=(174)
2457 2670
fi=(457)
66 5340
fi=(174)
2457 4005
fi=(297)
2051 5340
fi=(457)
72 1335
fi=(297)
2051 2670
fi=(457)
72 1335
+1 1335
fi=(174)
2457 762
fi=(297)
2051 1016
fi=(457)
72 254
fi=(297)
2051 508
fi=(457)
72 254
+1 1524
fi=(174)
2457 3556
fi=(180)
1720 762
fi=(271)
180 254 254 29
fi=(457)
73 6675
fi=(174)
2457 18690
fi=(180)
1720 4005
fi=(271)
180 1335 1335 35
0 2032
fi=(457)
86 254
fe=(456)
+2 2032

fl=(249)
fn=(862)
fi=(323)
cfi=(250) /home/zhuhe/code/litchi/docs/performance/results/change-0795/probe-src/src/main.rs
cfn=(864) namespace_uri_probe::main
calls=0 242 
250 7745872 344394 23584 33682 2094
fe=(249)

fl=(309)
fn=(1298)
256 136
+2 136
+4 408 136 10
0 68
263 68
fi=(236)
1076 204
fe=(309)
126 136 68
0 272
132 272 68 9
+5 136 68 2
+2 340
265 272
+1 136 68
+1 68
0 68
300 136
-22 68
+1 204
+3 136 68 5
0 340
fi=(233)
547 68
fe=(309)
288 68
fi=(174)
2457 68
fi=(297)
2029 68
fi=(174)
2457 68
fe=(309)
78 68
fi=(297)
2029 68
fe=(309)
79 68
fi=(297)
2029 68
fi=(174)
2457 136
fi=(297)
2029 68
fe=(309)
79 68
fi=(297)
2029 136
fe=(309)
78 68
290 68
+2 68
-10 136 68 4
fi=(233)
547 128
fe=(309)
288 128
fi=(174)
2457 128
fi=(297)
2029 128
fi=(174)
2457 128
fe=(309)
78 128
fi=(297)
2029 128
fe=(309)
79 128
fi=(297)
2029 128
fi=(174)
2457 256
fi=(297)
2029 128
fe=(309)
79 128
fi=(297)
2029 256
fe=(309)
78 128
290 128
+2 128
-10 256 128 24
0 272
126 136 68 10
fi=(233)
547 60
fe=(309)
132 135 30 11
0 76
132 152 38 3
fi=(262)
863 51
fi=(233)
547 51
fe=(309)
134 153
+1 51
+2 136 68 7
+2 114
298 19
0 19
300 38
-2 49
0 49
300 98
-44 261
+2 261
+4 783 261 27
0 51
263 51
fi=(236)
1076 153
fe=(309)
126 102 51
0 522
132 204 51
+5 102 51
+2 255
265 204
+1 102 51
+1 51
0 51
300 102
-22 210
+1 630
+3 420 210 20
0 850
fi=(233)
547 170
fe=(309)
288 170
fi=(174)
2457 170
fi=(297)
2029 170
fi=(174)
2457 170
fe=(309)
78 170
fi=(297)
2029 170
fe=(309)
79 170
fi=(297)
2029 170
fi=(174)
2457 340
fi=(297)
2029 170
fe=(309)
79 170
fi=(297)
2029 340
fe=(309)
78 170
290 170
+2 170
-10 340 170 15
fi=(233)
547 14
fe=(309)
288 14
fi=(174)
2457 14
fi=(297)
2029 14
fi=(174)
2457 14
fe=(309)
78 14
fi=(297)
2029 14
fe=(309)
79 14
fi=(297)
2029 14
fi=(174)
2457 28
fi=(297)
2029 14
fe=(309)
79 14
fi=(297)
2029 28
fe=(309)
78 14
290 14
+2 14
-10 28 14 2
0 680
126 420 210 11
fi=(233)
547 108
fe=(309)
132 258 54 7
0 312
132 624 156 8
fi=(262)
863 13
fi=(233)
547 13
fe=(309)
134 39
+1 13
+2 420 210 12
+2 42
298 7
0 7
300 14
-2 203
0 203
300 406

fl=(355)
fn=(2262)
78 10564
fi=(485) /rustc/59807616e1fa2540724bfbac14d7976d7e4a3860/library/core/src/../../stdarch/crates/core_arch/src/simd.rs
-22 5282
fi=(360)
+14 13205
fe=(355)
+15 5282
cfi=(360)
cfn=(2264)
calls=4420 +94 
* 85009 20056 1753
+1 7923

fn=(2242) memchr::arch::x86_64::memchr::memchr2_raw::find_avx2
78 7368
fi=(485)
-22 7368
fi=(360)
557 16578
fe=(355)
85 7368
cfi=(360)
cfn=(2244)
calls=7223 654 
* 66346 14282 848
+1 5526

fn=(2336) memchr::arch::x86_64::memchr::memchr3_raw::find_avx2
78 10704
fi=(485)
-22 16056
fi=(360)
940 34788
fe=(355)
85 10704
cfi=(360)
cfn=(2338)
calls=14689 1037 
* 82450 8323 112
+1 8028

fl=(448) /home/zhuhe/code/litchi/crates/litchi-ooxml-common/src/relationships/codec.rs
fn=(5252) litchi_ooxml_common::relationships::codec::attribute_value
27 66
fi=(263)
-27 12
fi=(378)
288 6
fi=(434)
116 54
246 54
fi=(270)
438 12 6
0 12
fi=(434)
124 96
-10 84
fe=(448)
-80 12 0 0 6
cob=(2)
cfi=(211)
cfn=(728)
calls=9 255 
* 180 30 3
* 12
fi=(434)
180 12 6
0 42
fi=(233)
805 36 12
fi=(434)
180 24 12
+3 54
cfi=(372)
cfn=(5224)
calls=27 697 
* 2994 456 25 48
0 18
183 108 18
+4 60 0 0 12 1
cfn=(4110)
calls=18 -55 
* 1212 90 9
fi=(244)
594 24
fi=(434)
188 12 12
+3 60
fe=(448)
35 72
fi=(374)
194 12
fi=(262)
863 12
fi=(173)
3890 24
fi=(355)
153 48 0 0 12 6
cfn=(2262)
calls=18 -75 
* 510 78 7
fi=(265)
2766 24 12
fi=(262)
619 12
fi=(270)
-46 12
89 12
fi=(264)
-69 18 6
-20 12
20 12 6
154 48 0 0 12 1
cob=(2)
cfi=(290)
cfn=(1082)
calls=18 -81 
* 228 48 3
* 12
fe=(448)
36 12 12 3
fi=(173)
3890 24
fi=(355)
153 48 0 0 12 1
cfn=(2262)
calls=18 -75 
* 510 78 14
fi=(265)
2766 24 12 7
fi=(262)
619 18
fi=(434)
0 12
fi=(374)
864 36 0 0 6 1
cfn=(4070)
calls=9 +87 
* 162 12 2
* 36 0 0 6
cfn=(4070)
calls=9 +87 
* 642 132 8 12
fe=(448)
39 36
+1 24 12
fi=(264)
-20 30 12
154 18 0 0 6 1
cob=(2)
cfi=(290)
cfn=(1082)
calls=9 -81 
* 174 42 6
* 6
fe=(448)
43 12 6 2
+1 36 6
+16 12 6
fi=(265)
636 6
fe=(448)
48 6 6
fi=(372)
211 24
cfn=(4128)
calls=9 +45 
* 1050 168 32 6
fi=(244)
966 18 6
+1 18
fi=(263)
332 12 6
0 6
fi=(297)
457 6 6
fi=(252)
+2 6 6
fi=(298)
95 18
cfi=(164)
cfn=(1758)
calls=9 -95 
* 210 36 8 6
fi=(252)
468 12 6
fi=(233)
+79 30 0 0 6 6
cob=(2)
cfi=(211)
cfn=(728)
calls=9 255 
* 90 24 6
* 30
fi=(434)
184 12
cfi=(233)
cfn=(5210)
calls=9 805 
* 96 12
* 6
fi=(252)
632 12 6
fi=(233)
805 42 6
cfn=(5210)
calls=9 * 
* 84 6 1
0 6
fe=(448)
61 30
+1 54

fl=(291)
fn=(1116)
650 180
fi=(294)
878 36 18 2
fi=(233)
1717 18
fi=(294)
767 36 18
0 72
772 34
fi=(180)
659 17
fi=(233)
1717 17
fi=(294)
767 34 17
fi=(233)
1717 36
fi=(294)
767 72 36 8
fi=(180)
659 53
fi=(294)
770 106 53 11
+4 108 36 3
+8 108
+4 288
+2 144
+1 108
fi=(180)
659 144
fi=(294)
0 36
795 36 18
0 18
795 18
fi=(252)
459 36 18
0 36
fi=(260)
485 54
fi=(294)
236 90 0 0 18 6
cfn=(1130)
calls=332 1630 
* 10331 1237 108 218 4
fi=(244)
1183 36 18
fe=(291)
656 72
+1 144

fl=(441) /home/zhuhe/code/litchi/crates/litchi-pptx/src/parts/presentation.rs
fn=(5206) litchi_pptx::parts::presentation::reject_slide_id_list_attributes
402 14
fi=(263)
0 4
fi=(378)
288 2
fi=(434)
116 18
246 18
fi=(270)
438 4 2
0 6
fi=(434)
124 32
-10 28
fe=(441)
403 6 0 0 2 1
cob=(2)
cfi=(211)
cfn=(728)
calls=3 255 
* 60 10 3
* 10
0 2
403 6
cfi=(434)
cfn=(4102)
calls=3 179 
* 164 12 6 4
* 6 2 2
fi=(252)
632 4 2
fi=(233)
805 10 2 1
cfn=(5210)
calls=3 * 
* 28 2
* 2
fe=(441)
412 4
+1 16

fn=(5162) litchi_pptx::parts::presentation::PresentationPart::slide_references
119 16
+1 4
fi=(339) /home/zhuhe/code/litchi/crates/litchi-pptx/src/parts/mod.rs
414 6 0 0 2 1
cfi=(336) /home/zhuhe/code/litchi/crates/litchi-opc/src/payload.rs
cfn=(5068) <litchi_opc::part::XmlPart as litchi_opc::part::Part>::blob
calls=3 -75 
* 20 0 0 2
* 4 2 1
0 2
fi=(442)
1681 4 0 0 2 1
cfi=(336)
cfn=(5068)
calls=3 339 
* 20 0 0 2
* 6 0 0 2 1
cfn=(5076)
calls=3 -10 
* 1896 190 24 32 1
fi=(244)
2173 2
0 2
2173 2
0 4
2173 4 2
fi=(361)
780 28
fi=(433)
59 2 0 0 2 1
cfi=(374)
cfn=(4000)
calls=3 571 
* 2143 287 30 12
-2 42
fi=(253)
464 6
fi=(302)
105 2
fi=(411)
-46 14 2
fi=(303)
555 4
0 2
fi=(174)
2457 2
fi=(470)
1247 12
fi=(174)
2457 2
fi=(470)
1247 8
fi=(174)
2457 2
fi=(175)
902 2
fi=(470)
1247 24
0 2
fi=(433)
74 108 36 3
fi=(374)
763 24
fi=(174)
2345 48
fi=(374)
806 24
fi=(252)
612 24
fi=(253)
1815 24
fi=(239)
961 96
0 24
fi=(180)
1720 24
fi=(271)
25 24 24
fi=(180)
1720 6
fi=(271)
25 6 6 2
407 60
fi=(374)
808 30
fi=(180)
583 30
fi=(271)
407 30 30 5
fi=(270)
219 120 24
fi=(374)
816 2
fi=(253)
1773 4 2 2
0 4
fi=(433)
76 2
-7 6
cfi=(361)
cfn=(5100)
calls=3 978 
* 160 12 3 4
+7 22
-7 66
cfi=(361)
cfn=(5100)
calls=33 978 
* 11286 1376 94 162 33
* 36
cfi=(361)
cfn=(5100)
calls=18 978 
* 8195 1021 81 107 6
+1 144
cfn=(5112)
calls=54 +10 
* 17201 3067 234 206 17
fi=(244)
2173 72
0 72
2173 72
0 144
2173 72 36 3
fi=(433)
583 216
+1 144 0 0 36 1
cfi=(374)
cfn=(4026) quick_xml::name::NamespaceResolver::resolve_event
calls=54 933 
* 5610 728 56 96 6
fi=(244)
2174 360
fe=(441)
131 108
+1 108 36
0 36
132 108 0 0 36 26
fi=(271)
0 16
fe=(441)
197 64
fi=(263)
350 32
fi=(378)
218 16
fi=(270)
438 32 16 1
fi=(262)
863 16
fi=(173)
3890 32
fi=(355)
153 64 0 0 16 16
cfn=(2262)
calls=24 -75 
* 650 92 2
0 32
fi=(265)
2766 32 16
fi=(262)
619 32
fi=(270)
-46 32
89 32
fi=(264)
-69 32 16 2
fi=(444) /home/zhuhe/code/litchi/crates/litchi-pptx/src/namespace.rs
-20 16
fi=(173)
3890 32
fi=(355)
153 64 0 0 16
cfn=(2262)
calls=24 -75 
* 650 92 3
0 32
fi=(265)
2766 32 16
fi=(262)
619 32
fi=(270)
-46 32
89 32
fi=(264)
-69 32 16 2
fi=(444)
-20 16
fi=(173)
3890 32
fi=(355)
153 64 0 0 16 1
cfn=(2262)
calls=24 -75 
* 650 92
fi=(265)
2766 32 16 2
fi=(262)
619 32
fi=(270)
-46 32
89 16
fi=(264)
-69 48 16 8
-20 16
fe=(441)
213 16 8 1
+41 24
fi=(262)
863 8
fi=(173)
3890 16
fi=(355)
153 32 0 0 8 1
cfn=(2262)
calls=12 -75 
* 316 40 6
0 16
fi=(265)
2766 16 8 2
fi=(262)
619 16
fi=(270)
-46 16
89 16
fi=(264)
-69 16 8 6
154 4
fi=(444)
22 2 2
fi=(173)
3890 12
fi=(355)
153 24 0 0 6
cfn=(2262)
calls=9 -75 
* 234 28
fi=(265)
2766 12 6
fi=(262)
619 12
fi=(270)
-46 12
89 12
fi=(264)
-69 12 6
-20 6
20 6
-20 8
fe=(441)
133 32
fi=(263)
350 16
fi=(378)
218 8
fi=(270)
438 16 8
fi=(262)
863 8
fi=(173)
3890 16
fi=(355)
153 32 0 0 8
cfn=(2262)
calls=12 -75 
* 316 40 6
0 16
fi=(265)
2766 16 8
fi=(262)
619 16
fi=(270)
-46 16
89 16
fi=(264)
-69 16 8 6
-20 2
154 10
fi=(444)
22 2 2
-22 6
fi=(173)
3890 12
fi=(355)
153 24 0 0 6
cfn=(2262)
calls=9 -75 
* 234 28 1
fi=(173)
3890 4
fi=(355)
153 8 0 0 2 1
cfn=(2262)
calls=3 -75 
* 82 12 1
0 16
fi=(265)
2766 16 8 2
fi=(262)
619 16
fi=(270)
-46 16
89 16
fi=(264)
-69 16 8 8
154 4
fi=(444)
22 2 2 2
-22 6
fi=(173)
3890 12
fi=(355)
153 24 0 0 6 1
cfn=(2262)
calls=9 -75 
* 234 28 4
fi=(173)
3890 4
fi=(355)
153 8 0 0 2
cfn=(2262)
calls=3 -75 
* 82 12 1
fi=(265)
2766 16 8
fi=(262)
619 16
fi=(270)
-46 16
89 8
fi=(264)
-69 24 8 2
-20 16
fe=(441)
149 18 8 4
fi=(233)
805 6 2
0 2
805 10 2 2 2 1
fi=(264)
0 8
154 48
fi=(444)
22 8 8 2
-22 2
fe=(441)
213 4 2
+10 32 16 2
-64 12 6 2
+1 4 2 2
+8 4 2
+3 6
cfn=(5206)
calls=3 402 
* 444 32 12 6 1
fi=(244)
2173 4 2
0 22
fi=(174)
923 16 8
fi=(233)
805 32 8 6
fi=(174)
927 16
fi=(233)
805 24 8 2
0 8
fi=(444)
25 20 4
fi=(264)
-5 8 4 2
154 8
fi=(444)
25 20 4
fi=(264)
-5 8 4 3
154 8
fi=(444)
25 20 4
fi=(264)
-5 8 4
154 8
fi=(444)
25 60 12
fi=(264)
-5 24 12 2
154 26 0 0 2
cob=(2)
cfi=(290)
cfn=(1082)
calls=3 -81 
* 34 8
* 2
fe=(441)
255 2 2
fi=(265)
2427 4 2
0 2
2427 4 2
0 8
fi=(264)
154 2 0 0 2 2
cob=(2)
cfi=(290)
cfn=(1082)
calls=3 -81 
* 34 8
* 2
fi=(444)
0 4
fi=(368)
157 2
fi=(264)
-3 2 0 0 2 1
cob=(2)
cfi=(290)
cfn=(1082)
calls=3 -81 
* 34 8
* 2
fi=(444)
0 4
fi=(264)
154 6 0 0 6 6
cob=(2)
cfi=(290)
cfn=(1082)
calls=9 -81 
* 102 24 6
* 6
fi=(444)
0 6
fe=(441)
213 12 6 6
0 64
233 32 16 4
fi=(265)
2427 18 6 2
fe=(441)
239 78
cfn=(5216) litchi_pptx::parts::presentation::append_slide_reference
calls=9 415 
* 57453 9038 700 560 71
* 6
fi=(244)
2173 12 6 1
0 18
fi=(265)
2427 20 10
fi=(233)
805 32 16 5
fi=(243)
0 32
fi=(174)
769 2
fi=(297)
457 2 2
fe=(441)
153 4 2
+6 6 2
0 10
173 4 2
0 16
173 8 4 2
fi=(265)
2427 12 6
fi=(174)
769 6
fi=(297)
457 6 6 4
fi=(233)
805 16 8 3
fi=(243)
0 24
fi=(233)
805 78 26 3
fe=(441)
305 18
fi=(233)
805 6 2
fi=(243)
0 2
fe=(441)
299 16 2
+5 14
+1 2
cfi=(233)
cfn=(4372) core::ptr::drop_in_place<std::collections::hash::set::HashSet<alloc::string::String>>
calls=3 805 
* 438 72 5 8 2
* 4
cfi=(233)
cfn=(4372)
calls=3 805 
* 798 129 7 8
* 6
cfi=(304)
cfn=(5328)
calls=3 2312 
* 84 16 2 2 1
* 4
cfi=(233)
cfn=(4240)
calls=3 805 
* 938 159 17 8 2
* 2
fi=(233)
805 8 2 2
fe=(441)

fn=(5064) litchi_pptx::parts::presentation::PresentationPart::from_part
62 10
+1 3 0 0 1
cfi=(252)
cfn=(4902)
calls=4 612 
* 3
fi=(264)
-43 3 1
-20 1
20 3 0 0 1
154 4 0 0 1
cob=(2)
cfi=(290)
cfn=(1082)
calls=4 -81 
* 29 7 1
* 1
fe=(441)
-91 1 1
-63 1
fi=(339)
414 3 0 0 1 1
cfi=(336)
cfn=(5068)
calls=4 -75 
* 10 0 0 1
* 2 1
0 1
fi=(442)
1681 2 0 0 1
cfi=(336)
cfn=(5068)
calls=4 339 
* 10 0 0 1
* 3 0 0 1
cfn=(5076)
calls=4 -10 
* 948 95 19 16
fi=(244)
2173 1
0 1
2173 1
0 2
2173 2 1
0 4
fi=(361)
780 14
fi=(433)
59 1 0 0 1
cfi=(374)
cfn=(4000)
calls=4 571 
* 1299 178 20 7
-2 26
+17 6 2
-5 6
cfi=(361)
cfn=(5100)
calls=8 978 
* 1499 172 19 21 3
+1 8
cfn=(5112)
calls=8 +10 
* 3640 757 42 28 2
fi=(244)
2173 4
0 4
2173 2
0 8
2173 4 2
fi=(433)
583 12
+1 8 0 0 2
cfi=(374)
cfn=(4026)
calls=8 933 
* 205 25 5 3
0 2
fi=(244)
2174 22
fe=(441)
81 6
+1 6 2
-82 2
82 6 0 0 2 2
fi=(233)
805 5 2 1
fe=(441)
101 9
fi=(233)
805 3 1
fi=(252)
632 2 1
fi=(233)
805 1
fi=(243)
48 1 0 0 1
cob=(2)
cfi=(155)
cfn=(762)
calls=4 3319 
* 33 6
fi=(252)
632 2 1 1
fi=(233)
805 1
fi=(243)
48 1 0 0 1
cob=(2)
cfi=(155)
cfn=(762)
calls=4 3319 
* 33 6 1
fi=(252)
632 2 1
fi=(233)
805 1
fi=(243)
48 1 0 0 1
cob=(2)
cfi=(155)
cfn=(762)
calls=4 3319 
* 33 6
fi=(252)
632 2 1
fi=(233)
805 1
fi=(243)
48 1 0 0 1
cob=(2)
cfi=(155)
cfn=(762)
calls=4 3319 
* 175 29 3
-48 1
fi=(233)
805 3 1
fi=(298)
0 1
fi=(263)
350 1
fi=(378)
218 1
fi=(270)
438 2 1
fi=(263)
-88 1
fi=(262)
863 1
fi=(173)
3890 2
fi=(355)
153 3 0 0 1
cfn=(2262)
calls=4 -75 
* 41 6 2
* 1
fi=(265)
2766 3 1
fi=(262)
619 2
fi=(270)
-46 2
89 2
-89 1
fi=(264)
20 2 1
-20 1
154 4
fi=(444)
22 1 1 1
fi=(264)
-22 1
fi=(444)
25 8 2 1
fi=(264)
-5 4 2
154 3
0 1
154 1 0 0 1
cob=(2)
cfi=(290)
cfn=(1082)
calls=4 -81 
* 17 4
* 2
fe=(441)
-70 1 1
-84 2
83 1
+7 4
fi=(233)
805 3 1
fe=(441)
100 7 2 1

fn=(5216)
415 48
fi=(253)
2997 6
fe=(441)
424 12 6
0 54
431 30 0 0 6 1
cfi=(447) /home/zhuhe/code/litchi/crates/litchi-ooxml-common/src/xml.rs
cfn=(5218) litchi_ooxml_common::xml::unqualified_attribute_value
calls=9 120 
* 8274 1080 101 108 18
fi=(244)
2173 6
0 18
2173 12 6
0 6
fi=(265)
1367 18 6
fi=(293)
0 6
fi=(433)
122 6
fi=(444)
-79 36 0 0 6
cfi=(448)
cfn=(5252)
calls=9 -16 
* 10080 1416 136 150 17
fi=(244)
2173 6
0 18
2173 12 6
0 6
fi=(265)
1367 12 6
fe=(441)
433 66
fi=(266)
1716 24 12 2
0 6
1723 54
1522 6 6
1754 12 6
+2 6
fi=(288)
408 6
+15 6
fi=(266)
1736 6 6 2
+18 12 6
+2 6
fi=(288)
408 6
+15 6
fi=(266)
1736 6 6 6
+19 6
+2 6
-3 12 6 1
+2 6
fi=(288)
408 6
+15 6
fi=(266)
1736 6 6
+19 6
+2 6
-3 12 6 1
+42 6
fi=(244)
966 12 6
0 6
fi=(321) /rustc/59807616e1fa2540724bfbac14d7976d7e4a3860/library/core/src/ops/range.rs
873 12 6
0 6
fi=(304)
980 12 6 2
fe=(441)
0 12
fi=(449)
1093 12
cfi=(310)
cfn=(1498)
calls=9 1841 
* 1026 66 11
* 6
fe=(441)
447 12 6
fi=(304)
980 12 6 2
0 12
fe=(441)
456 6 0 0 6 1
cfi=(260)
cfn=(1198) <alloc::string::String as core::clone::Clone>::clone
calls=9 2351 
* 432 66 13 12 6
0 6
fi=(449)
1093 12
cfi=(310)
cfn=(1498)
calls=9 1841 
* 1470 96 5
fe=(441)
456 12 6 2
fi=(293)
0 6
fe=(441)
461 6 0 0 6
cfi=(299)
cfn=(4954)
calls=9 660 
* 12
fi=(313)
1002 30
cfi=(310)
cfn=(5298) hashbrown::map::HashMap<K,V,S,A>::get
calls=9 1309 
* 1492 114 9 6 1
fe=(441)
461 12 6
+1 12 6 4
fi=(252)
350 18
cfn=(4420)
calls=9 682 
* 436 64 15 2
fi=(244)
966 18 6
fe=(441)
486 30
-2 12
fi=(253)
992 12
cfn=(5320)
calls=9 +31 
* 126 6 5
fe=(441)
488 6
fi=(252)
632 18 6
fi=(243)
48 48 0 0 6
cob=(2)
cfi=(155)
cfn=(762)
calls=9 3319 
* 340 59 3
fi=(293)
-48 6
fe=(441)
464 12 0 0 6 1
cfi=(300)
cfn=(5042) litchi_opc::rel::Relationship::target_partname
calls=9 205 
* 28493 5501 328 210 14
fi=(244)
2173 6
0 12
2173 6
0 12
2173 12 6
0 6
fe=(441)
465 12
cfi=(296)
cfn=(5308) <str>::to_ascii_lowercase
calls=9 591 
* 1014 126 12 12 7
0 6
fi=(304)
980 12 6 2
0 12
fi=(449)
1093 6
cfi=(310)
cfn=(1498)
calls=9 1841 
* 1794 108 13
fe=(441)
472 12 6 2
fi=(252)
632 12 6
fi=(243)
48 12 0 0 6
cob=(2)
cfi=(155)
cfn=(762)
calls=9 3319 
* 198 36
* 6
-48 2
fi=(310)
1155 2
fi=(304)
983 6 0 0 2 1
cfn=(1312)
calls=3 +16 
* 352 40 14 4 1
0 2
fi=(244)
966 8 2
fi=(310)
1155 2
fi=(304)
983 8 0 0 2 2
cfn=(1312)
calls=3 +16 
* 352 40 6 4
0 2
fi=(244)
966 4 2 1
fi=(252)
0 2
fi=(310)
1155 2
fi=(304)
983 6 0 0 2 1
cfn=(1312)
calls=3 +16 
* 352 40 2 4
0 2
fi=(244)
966 4 2
fe=(441)

fl=(469) /rustc/59807616e1fa2540724bfbac14d7976d7e4a3860/library/std/src/thread/local.rs
fn=(5954) std::thread::local::LocalKey<T>::with
473 3
fi=(302)
105 3
fi=(411)
-46 6 3
fi=(303)
555 6
fi=(174)
2457 6
fi=(175)
902 3
fe=(469)
481 6

fl=(260)
fn=(1198)
2351 154
+1 22
fi=(252)
459 44 22 8
fe=(260)
2352 22
fi=(243)
14 44 0 0 22 1
cob=(2)
cfi=(155)
cfn=(650)
calls=139 3283 
* 1293 230 39
fi=(252)
468 44 22 1
fi=(256)
0 22
fi=(233)
547 88 0 0 22 10
cob=(2)
cfi=(211)
cfn=(728)
calls=139 255 
* 281 63 14
* 22
fe=(260)
2352 66
+1 154

fn=(1136)
3344 424
fi=(252)
617 53
fi=(253)
1446 53
fi=(174)
2494 53
fi=(252)
765 53
-94 53 53 1
fi=(253)
2881 32 16
0 53
fi=(239)
961 53
fi=(233)
547 106 0 0 53
cob=(2)
cfi=(211)
cfn=(728)
calls=1004 255 
* 737 210 46
fi=(253)
2886 106
fe=(260)
3347 371
fi=(252)
673 185
cfn=(1770)
calls=680 -14 
* 4970 655 56 40 1
* 37
fi=(253)
2997 37
2881 37
fe=(260)

fn=(6304) <alloc::string::String>::try_reserve
1304 6
fi=(252)
617 3
fi=(253)
1513 3
fi=(174)
2494 6
fi=(252)
765 3
-77 3 3 3
fi=(174)
+81 3
fi=(297)
457 3 3 1
fe=(260)
0 21
fi=(252)
521 3
fi=(236)
1037 18
fi=(252)
527 12
cfn=(1774)
calls=3 +15 
* 320 53 5 3 1
fi=(244)
2173 6 3 3
+1 3
fi=(252)
774 3
+1 6
0 15
fe=(260)
1306 3

fl=(233)
fn=(6134) core::ptr::drop_in_place<alloc::vec::Vec<(alloc::string::String,litchi_opc::packuri::PackURI)>>
805 10 1
fi=(252)
632 3
fe=(233)
805 9 3 1
fi=(252)
632 6 3 1
fe=(233)
805 3
fi=(243)
48 3 0 0 3 1
cob=(2)
cfi=(155)
cfn=(762)
calls=3 3319 
* 99 18 2
fi=(252)
632 6 3
fe=(233)
805 3
fi=(243)
48 3 0 0 3 1
cob=(2)
cfi=(155)
cfn=(762)
calls=3 3319 
* 99 18
* 3
fi=(252)
632 2 1 1
fi=(243)
48 7 0 0 1 1
cob=(2)
cfi=(155)
cfn=(762)
calls=1 3319 
* 33 6 1
fe=(233)

fn=(4372)
805 35
fi=(304)
2697 5
2312 10 5 4
0 5
2253 15 5
0 5
2479 5
fi=(311)
1320 5
fi=(262)
863 5
fi=(304)
3595 20
0 60
3851 15 15 5
fi=(315)
50 30 15 1
fi=(314)
641 15
fi=(239)
1072 30
fi=(252)
632 30 15
fi=(304)
0 15
fi=(239)
1400 15
fi=(243)
48 15 0 0 15 1
cob=(2)
cfi=(155)
cfn=(762)
calls=21 3319 
* 1215 204 2
* 15
fi=(174)
3051 5
769 5
fi=(304)
224 5
+1 5
fi=(298)
-25 15 5
fi=(304)
3173 5
fi=(239)
1072 5
fi=(243)
48 40 0 0 5 1
cob=(2)
cfi=(155)
cfn=(762)
calls=7 3319 
* 165 30 2
fe=(233)

fn=(5092)
805 110 10 1
fi=(304)
2697 10
2312 20 10 1
fe=(233)
805 80

fn=(2482)
805 28 7 4

fn=(6482) core::ptr::drop_in_place<alloc::vec::Vec<litchi_pptx::parts::PendingMce>>
805 12 1 1
fi=(252)
632 2 1 1
fe=(233)
805 8

fn=(6510) core::ptr::drop_in_place<litchi_pptx::notes::transaction::Snapshot>
805 6
fi=(252)
632 2 1
fe=(233)
805 1
fi=(243)
48 1 0 0 1 1
cob=(2)
cfi=(155)
cfn=(762)
calls=1 3319 
* 33 6
fi=(252)
632 2 1
fe=(233)
805 1
fi=(243)
48 1 0 0 1 1
cob=(2)
cfi=(155)
cfn=(762)
calls=1 3319 
* 33 6
fi=(252)
632 2 1
fe=(233)
805 1
fi=(243)
48 1 0 0 1 1
cob=(2)
cfi=(155)
cfn=(762)
calls=1 3319 
* 33 6
fi=(180)
444 1
fi=(173)
3942 1 1
fi=(337)
2811 1 1 1
fe=(233)
805 4 1
fi=(252)
632 3
fe=(233)
805 24 8 2
fi=(252)
632 16 8
fe=(233)
805 8
fi=(243)
48 8 0 0 8 1
cob=(2)
cfi=(155)
cfn=(762)
calls=8 3319 
* 504 86 4
fi=(252)
632 16 8
fe=(233)
805 8
fi=(243)
48 8 0 0 8 1
cob=(2)
cfi=(155)
cfn=(762)
calls=8 3319 
* 264 48 1
fi=(252)
632 16 8
fe=(233)
805 8
fi=(243)
48 8 0 0 8 1
cob=(2)
cfi=(155)
cfn=(762)
calls=8 3319 
* 504 86 2
* 8
fi=(252)
632 2 1
fi=(243)
48 2 0 0 1 1
cob=(2)
cfi=(155)
cfn=(762)
calls=1 3319 
* 33 6
fe=(233)
805 2
cfn=(6518) core::ptr::drop_in_place<alloc::vec::Vec<litchi_pptx::notes::transaction::PartState>>
calls=1 * 
* 3721 637 49 36 5
* 2
cfn=(6524) core::ptr::drop_in_place<litchi_pptx::notes::model::Master>
calls=1 * 
* 1296 219 21 12 10
* 4 1 1
fi=(252)
632 2 1 1
fe=(233)
805 6

fn=(6530) core::ptr::drop_in_place<std::collections::hash::set::HashSet<litchi_opc::packuri::PackURI>>
805 7
fi=(304)
2697 1
2312 2 1
0 1
2253 3 1
0 1
2479 1
fi=(311)
1320 1
fi=(262)
863 1
fi=(304)
3595 4
0 12
3851 3 3 1
fi=(315)
50 6 3 1
fi=(314)
641 3
fi=(239)
1072 6
fi=(252)
632 6 3
fi=(304)
0 3
fi=(239)
1400 3
fi=(243)
48 3 0 0 3 1
cob=(2)
cfi=(155)
cfn=(762)
calls=3 3319 
* 459 75 2
* 3
fi=(174)
3051 1
769 1
fi=(304)
224 1
+1 1
fi=(298)
-25 3 1
fi=(304)
3173 1
fi=(239)
1072 1
fi=(243)
48 8 0 0 1
cob=(2)
cfi=(155)
cfn=(762)
calls=1 3319 
* 33 6 1
fe=(233)

fn=(4240)
805 18
fi=(252)
632 18 9 4
fe=(233)
805 9
fi=(243)
48 9 0 0 9 9
cob=(2)
cfi=(155)
cfn=(762)
calls=10 3319 
* 1137 187 12
fi=(252)
632 18 9
fe=(233)
805 9
fi=(243)
48 9 0 0 9
cob=(2)
cfi=(155)
cfn=(762)
calls=10 3319 
* 1257 206 4
fi=(252)
632 18 9 7
fe=(233)
805 9
fi=(243)
48 9 0 0 9 7
cob=(2)
cfi=(155)
cfn=(762)
calls=10 3319 
* 537 92 7
fi=(252)
632 18 9 7
fe=(233)
805 9
fi=(243)
48 18 0 0 9
cob=(2)
cfi=(155)
cfn=(762)
calls=10 3319 
* 1422 243 17
fe=(233)

fn=(5354) core::ptr::drop_in_place<core::option::Option<std::sync::once_lock::OnceLock<alloc::vec::Vec<litchi_pptx::parts::presentation::SlideReference>>::initialize<std::sync::once_lock::OnceLock<alloc::vec::Vec<litchi_pptx::parts::presentation::SlideReference>>::get_or_init<litchi_pptx::presentation::model::Presentation::catalog::{{closure}}>::{{closure}},!>::{{closure}}>>
805 15 1 1

fn=(6518)
805 14 1
0 1
fi=(252)
632 5
fe=(233)
805 30 3 1
fi=(252)
632 6 3
fe=(233)
805 3
fi=(243)
48 3 0 0 3 1
cob=(2)
cfi=(155)
cfn=(762)
calls=3 3319 
* 339 56 2
fi=(252)
632 6 3 2
fe=(233)
805 3
fi=(243)
48 3 0 0 3
cob=(2)
cfi=(155)
cfn=(762)
calls=3 3319 
* 99 18 2
-48 3
fi=(180)
444 3
fi=(173)
3942 3 3 2
fi=(337)
2811 3 3
fe=(233)
805 15 3 3
0 2
fi=(252)
632 4
fe=(233)
805 27 9 2
fi=(252)
632 18 9 3
fe=(233)
805 9
fi=(243)
48 9 0 0 9 1
cob=(2)
cfi=(155)
cfn=(762)
calls=9 3319 
* 1101 183 9
fi=(252)
632 18 9 4
fe=(233)
805 9
fi=(243)
48 9 0 0 9 1
cob=(2)
cfi=(155)
cfn=(762)
calls=9 3319 
* 833 140 7
fi=(252)
632 18 9
fe=(233)
805 9
fi=(243)
48 9 0 0 9
cob=(2)
cfi=(155)
cfn=(762)
calls=9 3319 
* 975 163 10
* 9
fi=(252)
632 6 3 1
0 2
fi=(243)
48 2 0 0 2 1
cob=(2)
cfi=(155)
cfn=(762)
calls=2 3319 
* 66 12
* 2
-48 1
fi=(252)
632 2 1 1
0 1
fi=(243)
48 8 0 0 1 1
cob=(2)
cfi=(155)
cfn=(762)
calls=1 3319 
* 33 6
fe=(233)

fn=(6524)
805 6
fi=(252)
632 2 1
fe=(233)
805 1
fi=(243)
48 1 0 0 1 1
cob=(2)
cfi=(155)
cfn=(762)
calls=1 3319 
* 33 6 1
fi=(252)
632 2 1
fe=(233)
805 1
fi=(243)
48 1 0 0 1 1
cob=(2)
cfi=(155)
cfn=(762)
calls=1 3319 
* 33 6
fi=(252)
632 2 1
fe=(233)
805 1
fi=(243)
48 1 0 0 1 1
cob=(2)
cfi=(155)
cfn=(762)
calls=1 3319 
* 153 25 2
fi=(252)
632 2 1
fe=(233)
805 1
fi=(243)
48 1 0 0 1 1
cob=(2)
cfi=(155)
cfn=(762)
calls=1 3319 
* 129 21 4
fe=(233)
805 4 1
fi=(252)
632 3
fe=(233)
805 3 1 1
fi=(252)
632 2 1
fe=(233)
805 1
fi=(243)
48 1 0 0 1 1
cob=(2)
cfi=(155)
cfn=(762)
calls=1 3319 
* 153 25 1
fi=(252)
632 2 1
fe=(233)
805 1
fi=(243)
48 1 0 0 1
cob=(2)
cfi=(155)
cfn=(762)
calls=1 3319 
* 153 25
fi=(252)
632 2 1
fe=(233)
805 1
fi=(243)
48 1 0 0 1 1
cob=(2)
cfi=(155)
cfn=(762)
calls=1 3319 
* 153 25
* 1
fi=(252)
632 2 1
fi=(243)
48 2 0 0 1 1
cob=(2)
cfi=(155)
cfn=(762)
calls=1 3319 
* 33 6
fi=(252)
632 2 1
fe=(233)
805 1
fi=(243)
48 1 0 0 1
cob=(2)
cfi=(155)
cfn=(762)
calls=1 3319 
* 33 6 1
fi=(252)
632 2 1 1
fe=(233)
805 1
fi=(243)
48 1 0 0 1 1
cob=(2)
cfi=(155)
cfn=(762)
calls=1 3319 
* 153 25
fi=(252)
632 2 1
fe=(233)
805 1
fi=(243)
48 1 0 0 1 1
cob=(2)
cfi=(155)
cfn=(762)
calls=1 3319 
* 33 6 1
fi=(252)
632 2 1 1
fe=(233)
805 1
fi=(243)
48 1 0 0 1 1
cob=(2)
cfi=(155)
cfn=(762)
calls=1 3319 
* 160 27 6
fe=(233)
805 4 1 1
fi=(252)
632 2 1 1
fe=(233)
805 6

fn=(5638) core::ptr::drop_in_place<litchi_pptx::presentation::model::Presentation>
805 6
fi=(333)
87 6 2 1
fe=(233)
805 4 1
fi=(252)
632 3
fe=(233)
805 9 3 1
fi=(252)
632 6 3 3
fe=(233)
805 3
fi=(243)
48 3 0 0 3 1
cob=(2)
cfi=(155)
cfn=(762)
calls=3 3319 
* 459 75 1
* 3
fi=(252)
632 2 1
fi=(243)
48 2 0 0 1 1
cob=(2)
cfi=(155)
cfn=(762)
calls=1 3319 
* 33 6 1
fe=(233)
805 1
fi=(333)
87 3 1 1
fe=(233)
805 6

fn=(5944)
805 70 7 5
fi=(252)
632 6
fe=(233)
805 30 10 3
fi=(252)
632 20 10 1
fe=(233)
805 10
fi=(243)
48 10 0 0 10 1
cob=(2)
cfi=(155)
cfn=(762)
calls=10 3319 
* 330 60 2
* 10
fi=(252)
632 14 7 4
fi=(243)
48 4 0 0 2 1
cob=(2)
cfi=(155)
cfn=(762)
calls=2 3319 
* 66 12 2
fe=(233)
805 28 7 4
fi=(252)
632 6
fe=(233)
805 6 2 1
fi=(252)
632 4 2
fe=(233)
805 2
fi=(243)
48 2 0 0 2 2
cob=(2)
cfi=(155)
cfn=(762)
calls=2 3319 
* 66 12
* 2
fi=(252)
632 14 7 4
fi=(243)
48 4 0 0 2 1
cob=(2)
cfi=(155)
cfn=(762)
calls=2 3319 
* 66 12
fe=(233)
805 28 7 4
fi=(252)
632 6
fe=(233)
805 18 6 5
fi=(252)
632 12 6
fe=(233)
805 6
fi=(243)
48 6 0 0 6
cob=(2)
cfi=(155)
cfn=(762)
calls=6 3319 
* 198 36
* 6
fi=(252)
632 14 7 6
fi=(243)
48 14 0 0 2 1
cob=(2)
cfi=(155)
cfn=(762)
calls=2 3319 
* 66 12
fe=(233)
805 30

fn=(5972) core::ptr::drop_in_place<core::iter::adapters::enumerate::Enumerate<core::iter::adapters::zip::Zip<core::slice::iter::Iter<litchi_pptx::parts::presentation::SlideReference>,alloc::vec::into_iter::IntoIter<litchi_pptx::presentation::package::CaptureSlide>>>>
805 6
fi=(267) /rustc/59807616e1fa2540724bfbac14d7976d7e4a3860/library/alloc/src/vec/into_iter.rs
514 2
fe=(233)
805 3
fi=(262)
-76 1
fe=(233)
+76 2 1 1
fi=(252)
632 2 1
fi=(267)
506 1
fi=(243)
48 6 0 0 1 1
cob=(2)
cfi=(155)
cfn=(762)
calls=1 3319 
* 33 6 1
fe=(233)

fn=(6542) core::ptr::drop_in_place<alloc::vec::Vec<litchi_pptx::parts::presentation::SlideReference>>
805 10 1
fi=(252)
632 3
fe=(233)
805 9 3 1
fi=(252)
632 6 3 3
fe=(233)
805 3
fi=(243)
48 3 0 0 3 1
cob=(2)
cfi=(155)
cfn=(762)
calls=3 3319 
* 487 80 1
* 3
fi=(252)
632 2 1
fi=(243)
48 7 0 0 1 1
cob=(2)
cfi=(155)
cfn=(762)
calls=1 3319 
* 33 6
fe=(233)

fn=(5210)
805 7934 1303 26
fi=(252)
632 32 16
fe=(233)
805 5016 0 0 16 1
cob=(2)
cfi=(155)
cfn=(762)
calls=16 3319 
* 670 119 6

fn=(6130) core::ptr::drop_in_place<alloc::collections::btree::set::BTreeSet<alloc::string::String>>
805 8
1717 1
fi=(474) /rustc/59807616e1fa2540724bfbac14d7976d7e4a3860/library/alloc/src/collections/btree/map.rs
1884 4
+49 5 1 1
-49 1
fi=(265)
2766 1 1
fe=(233)
805 8

fl=(274)
fn=(1224)
111 42
fi=(233)
2292 14
+1 21
fi=(292)
4511 14 7 1
2053 14
4465 7
fe=(274)
128 14
fi=(270)
568 7 7
0 7
fi=(271)
405 21
fi=(180)
1720 14
fi=(271)
25 7 7
fi=(180)
1720 56
fi=(271)
25 28 28 5
407 30
fe=(274)
132 60
fi=(271)
407 32 30 5
0 10
fi=(266)
1433 15
0 10
fe=(274)
142 10 5
+4 10
+4 5
19 20
151 5
19 15
152 20 5
0 5
fi=(174)
923 5 5
0 5
fi=(180)
1720 5
fi=(271)
25 5 5
fi=(180)
1720 58
fi=(271)
25 58 58
406 63
fe=(274)
160 126
fi=(271)
407 63 63 5
0 14
fe=(274)
161 49

fl=(446) /home/zhuhe/code/litchi/crates/litchi-pptx/src/presentation/model.rs
fn=(5160) litchi_pptx::presentation::model::Presentation::catalog
54 9
fi=(173)
3891 1
fi=(450)
156 2 1
fe=(446)
-98 3 0 0 1 1
cfi=(441)
cfn=(5162)
calls=2 +61 
* 58691 8734 623 699 84
fi=(244)
2173 3 1
+1 4
fe=(446)
58 2
fi=(173)
3891 1
fi=(450)
156 2 1 1
fi=(252)
612 1
fe=(446)
0 2
60 9
fi=(450)
410 3
cfn=(5338) std::sync::once_lock::OnceLock<T>::initialize
calls=2 533 
* 115 8 5 2 2
* 1
fe=(446)

fl=(374)
fn=(4000)
571 96
fi=(253)
464 112
1029 16 0 0 16
cfi=(252)
cfn=(1536)
calls=64 186 
* 2968 414 64 16
fi=(252)
612 16
fi=(233)
1917 64
fi=(253)
1034 32
fi=(252)
673 48
cfn=(1178)
calls=64 -14 
* 1813 226 33 16
fi=(253)
2997 16
fi=(252)
617 16
-5 16
fi=(233)
-65 32
fi=(253)
2886 32
fi=(174)
2494 16
fi=(252)
765 32 16 1
fi=(233)
547 80
fi=(253)
2886 32
1028 32 16 2
fi=(233)
1917 64
fi=(253)
1034 16
fi=(252)
617 16
fi=(174)
2494 32
fi=(252)
765 32 16
fi=(233)
547 32
fi=(253)
2886 32
fi=(174)
2494 16
fi=(252)
765 32 16
fi=(233)
547 64
fi=(253)
2886 32
fe=(374)
588 48
+1 64
-2 32
+6 112
0 16
fi=(252)
673 48
cfn=(1178)
calls=64 -14 
* 6388 931 77 30 1
-61 16
fi=(253)
2997 32
0 16
fi=(252)
673 48
cfn=(1178)
calls=64 -14 
* 6643 982 59 31 1
fi=(253)
2997 16
fi=(252)
617 16
-5 32
fe=(374)

fn=(4070)
951 10409
fi=(252)
612 1487
fi=(253)
1815 1487
fi=(239)
961 2974
fe=(374)
-7 2974 1487 15
0 2364
fi=(180)
1720 788
fi=(271)
25 788 788 4
-25 3152
fi=(180)
1720 690
fi=(271)
25 690 690
fe=(374)
472 4434 1478 1
+5 1478
fi=(292)
2154 7390 2956 11
0 1478
fi=(265)
2427 1478 1478 2
0 2956
fi=(264)
154 4434 0 0 1478 8
cob=(2)
cfi=(290)
cfn=(1082)
calls=2265 -81 
* 14789 4435 757
* 1478
fi=(408) /rustc/59807616e1fa2540724bfbac14d7976d7e4a3860/library/core/src/iter/traits/double_ended.rs
374 1478 1478 473
fe=(374)
964 2364 788 2
494 788
fi=(292)
2154 3152 1576 1
0 788
fi=(262)
863 1576
fe=(374)
496 788
954 1398 699 4
496 3940
-7 788
0 1398
489 699
969 13383

fn=(4048) quick_xml::name::NamespaceResolver::add
652 470
+5 47
+1 94 47
0 47
669 186 93 1
-11 2 1 1
fi=(252)
0 47
fi=(264)
20 188 94 1
fe=(374)
-20 47
fi=(252)
617 47
fi=(253)
2997 47
fi=(174)
2494 94
fi=(252)
765 94
-94 47 47
fi=(253)
2881 94 47 1
0 47
fi=(239)
961 47
fi=(233)
547 188 0 0 47
cob=(2)
cfi=(211)
cfn=(728)
calls=77 255 
* 754 282 21
* 47
fi=(253)
2886 94
fi=(174)
2494 47
fi=(252)
765 47
-94 47 47 20
fi=(253)
2881 45 15
0 47
fi=(239)
961 47
fi=(233)
547 141 0 0 47
cob=(2)
cfi=(211)
cfn=(728)
calls=77 255 
* 714 139 38
fi=(253)
2886 94
1025 47
+3 94 47
fi=(252)
612 47
fi=(239)
961 141
fi=(233)
1917 188
fi=(253)
1034 141
fe=(374)
701 47
+1 470
fi=(253)
1029 30 0 0 15 6
cfi=(252)
cfn=(1536)
calls=25 186 
* 8356 1401 154 30
* 15
fi=(252)
673 160
cfn=(1178)
calls=52 -14 
* 16583 2709 249 64
* 32
fi=(253)
2997 64
2881 32
fe=(374)

fn=(4026)
933 477
+3 283 115 21
+1 64
fi=(270)
438 32 16
fi=(262)
863 16
fi=(173)
3890 32
fi=(355)
153 48 0 0 16 2
cfn=(2262)
calls=275 -75 
* 650 92 6
fi=(265)
2766 32 16
fi=(362)
0 16
fi=(262)
619 48
fe=(374)
939 24
fi=(262)
-76 8
fi=(173)
3890 16
fi=(355)
153 24 0 0 8
cfn=(2262)
calls=173 -75 
* 316 40 9
fi=(265)
2766 16 8
fi=(362)
0 8
fi=(262)
619 24
fe=(374)
938 72
fi=(270)
438 36 18
fi=(262)
863 18
fi=(173)
3890 36
fi=(355)
153 54 0 0 18
cfn=(2262)
calls=189 -75 
* 726 100 7
fi=(265)
2766 36 18
fi=(362)
0 18
fi=(262)
619 54
0 11
fe=(374)
940 77
+2 11
0 8
939 24 0 0 8
cfn=(4070)
calls=135 +12 
* 616 104 4 8
* 72
0 18
938 54 0 0 18
cfn=(4070)
calls=151 +13 
* 1386 234 23 18 4
* 108
0 16
937 48 0 0 16 3
cfn=(4070)
calls=147 +14 
* 1232 208 4 16
* 80
0 64
942 144
0 72
942 333

fn=(4038) quick_xml::name::NamespaceResolver::push
708 6112
+1 1528
fi=(263)
0 1528
fi=(378)
288 764
fi=(372)
521 10696
0 764
698 3820 0 0 764 9
cfn=(2412)
calls=1194 1222 
* 94132 17326 1076 764 21
* 3905 0 0 781
cfn=(2412)
calls=1312 1222 
* 90294 17535 1067 781
* 7725 1545 1
+2 3905
fi=(174)
923 3905
fi=(372)
700 781
fi=(174)
923 781
fi=(372)
-50 2343 0 0 781
fi=(174)
+50 5467 2343 81
fi=(270)
89 781
fi=(292)
2624 1856 781 183
fe=(374)
0 588
fi=(264)
154 1470
fe=(374)
+27 294 294 17
fi=(270)
+38 94 47
fe=(374)
-37 94 47
fi=(270)
573 47
89 141
-89 47
fe=(374)
716 141 47 3
+6 141 0 0 47 9
cfn=(4048)
calls=115 -70 
* 30404 4969 486 203 6
fi=(244)
2173 94 47 1
fe=(374)
0 47
715 47
fi=(252)
-83 1528 764
fi=(233)
805 2292 764
fi=(243)
0 764
fe=(374)
728 764
+1 6112

fl=(464)
fn=(6404) litchi_pptx::opened::model::feed_relationships
1138 200
fi=(403) /rustc/59807616e1fa2540724bfbac14d7976d7e4a3860/library/core/src/convert/num.rs
297 75 25 7
fe=(464)
0 100
fi=(459) /home/zhuhe/.cargo/registry/src/index.crates.io-1949cf8c6b5b557f/block-buffer-0.12.1/src/lib.rs
237 75
-64 25 25
fi=(233)
547 25
fi=(478) /home/zhuhe/.cargo/registry/src/index.crates.io-1949cf8c6b5b557f/block-buffer-0.12.1/src/sealed.rs
56 25
fi=(233)
1917 25
fi=(180)
1720 25
fi=(271)
180 32 25 4
0 72
fi=(233)
547 38
fi=(478)
56 38
fi=(459)
-56 38
fi=(180)
1720 76
fi=(271)
180 38 38 15
fe=(464)
1146 38
fi=(252)
612 38
fi=(253)
1815 38
fe=(464)
1146 76
cfn=(6392) litchi_pptx::opened::model::feed
calls=38 +8 
* 22531 305 66 54
fi=(252)
612 38
fi=(253)
1815 38
fe=(464)
1147 76
cfn=(6392)
calls=38 +7 
* 178649 600 93 140 3
fi=(252)
612 38
fi=(253)
1815 38
fe=(464)
1148 76
cfn=(6392)
calls=38 +6 
* 66568 337 53 78
fi=(300)
14 76
fi=(459)
237 76
-64 38 38 16
fi=(271)
0 25
fe=(464)
1151 25
+1 200

fn=(6356) litchi_pptx::opened::model::package_fingerprint_with_memo
911 10
fi=(253)
464 3
fi=(304)
1365 1
fi=(252)
765 1
-42 1 1 1
fi=(477) /home/zhuhe/.cargo/registry/src/index.crates.io-1949cf8c6b5b557f/digest-0.11.3/src/buffer_macros/fixed.rs
241 6
fe=(464)
925 4
cfn=(6392)
calls=1 1154 
* 50 4 1 1 1
fi=(253)
464 4
fi=(304)
1365 1
fi=(252)
765 1
-42 1 1 1
0 2
fe=(464)
935 2
cfn=(6404)
calls=1 1138 
* 20899 94 33 18 3
fi=(244)
2173 2 1
0 1
fi=(253)
1815 1
fi=(403)
297 3 1 1
fe=(464)
991 1 0 0 1 1
cob=(2)
cfi=(155)
cfn=(762)
calls=1 3319 
* 33 6
* 8
0 1
938 4
cfn=(6392)
calls=1 1154 
* 3458 17 6 3
fi=(174)
3928 3
fe=(464)
939 2
cfn=(6392)
calls=1 1154 
* 54 6 2 1
0 2
940 5
0 1
fi=(180)
1720 1
fi=(271)
180 1 1 1
fe=(464)
0 1
fi=(403)
297 3 1 1
fe=(464)
946 4
cfn=(6392)
calls=1 1154 
* 54 6 0 1
0 1
fi=(459)
237 2
-64 1 1
fi=(233)
547 1
fi=(478)
56 1
fi=(233)
1917 1
fi=(459)
294 1
fi=(253)
2997 3
fe=(464)
948 1
cfn=(6428) litchi_pptx::opened::model::PartDigests::with_capacity
calls=1 361 
* 576 106 16 3 1
fi=(244)
2173 5 1 1
+1 3
fe=(464)
948 3
+3 4
fi=(180)
1720 1
fi=(267)
223 1 1
0 8
fi=(233)
547 240
fi=(478)
56 12
fi=(233)
1917 12
0 24
fi=(180)
1720 12
fi=(267)
223 12 12 2
fi=(233)
0 24
fi=(180)
1720 12
fi=(267)
223 12 12
fi=(233)
1717 72
fi=(299)
704 24 0 0 24 1
cfn=(4982)
calls=24 -97 
* 48
fe=(464)
952 96 0 0 24 1
cfi=(280) /home/zhuhe/code/litchi/crates/litchi-opc/src/package.rs
cfn=(1688) litchi_opc::package::OpcPackage::get_part
calls=24 1508 
* 8568 554 33 48 1
fi=(244)
2173 24
0 48
2173 48 24 2
fe=(464)
953 24
512 48 0 0 24 1
cfi=(299)
cfn=(6208)
calls=24 627 
* 288 48 3 24
* 48
+1 48 0 0 24 1
cfi=(336)
cfn=(5068)
calls=24 339 
* 240 0 0 24
0 24
514 48 24 2
0 24
fi=(252)
612 24
fi=(233)
2420 24
fe=(464)
514 24 24
fi=(477)
241 168
fe=(464)
1005 96
cfn=(6392)
calls=24 1154 
* 1200 96 5 24
+1 48 0 0 24 1
cfi=(299)
cfn=(4982)
calls=24 607 
* 48
fi=(252)
612 24
fi=(253)
1815 24
fe=(464)
1006 48
cfn=(6392)
calls=24 1154 
* 55616 246 15 56
+1 48 0 0 24 1
cfi=(252)
cfn=(4902)
calls=24 612 
* 72
* 72
cfn=(6392)
calls=24 1154 
* 99965 376 61 90 3
fi=(459)
237 24
fi=(239)
961 48
fi=(459)
237 24
-64 24 24 4
fi=(233)
547 32
fi=(478)
56 8
fi=(233)
1917 8
fi=(459)
294 8
0 32
fi=(233)
547 64 0 0 16 1
cob=(2)
cfi=(211)
cfn=(728)
calls=16 255 
* 208 44 10
fi=(460) /home/zhuhe/.cargo/registry/src/index.crates.io-1949cf8c6b5b557f/sha2-0.11.0/src/block_api.rs
39 16
+2 80 0 0 16 1
cfi=(456)
cfn=(5680)
calls=16 +45 
* 53888 64 5
fi=(292)
2053 16
fi=(262)
863 32
fi=(458) /home/zhuhe/.cargo/registry/src/index.crates.io-1949cf8c6b5b557f/hybrid-array-0.4.15/src/lib.rs
338 48
fi=(262)
863 16
fi=(233)
1917 16
547 48 0 0 16
cob=(2)
cfi=(211)
cfn=(728)
calls=16 255 
* 208 73 9
fi=(253)
-83 72
fe=(464)
1011 96 0 0 24 1
cfi=(299)
cfn=(4954)
calls=24 660 
* 48
fi=(304)
1365 48
fi=(252)
765 24
-42 24 24 7
fe=(464)
1016 48 0 0 24 1
cfi=(299)
cfn=(4954)
calls=24 660 
* 48
fi=(304)
2210 24
3851 48 24 7
fi=(313)
639 68
fi=(262)
863 68
fi=(253)
0 280
fi=(233)
1917 35
fi=(253)
3980 35
2168 70
fi=(304)
3851 70 35 6
0 35
fi=(315)
50 70 35 2
fi=(253)
3971 70 35 6
fi=(252)
612 17
fi=(319)
34 17
fi=(297)
434 17 17 2
0 56
fe=(464)
1018 28
cfn=(6404)
calls=7 1138 
* 245 21 3
* 68
cfn=(6404)
calls=17 1138 
* 248445 1278 218 254
fi=(244)
2173 72 24 3
fe=(464)
1019 360
fi=(455) /home/zhuhe/.cargo/registry/src/index.crates.io-1949cf8c6b5b557f/digest-0.11.3/src/digest.rs
88 72
cfi=(479) /home/zhuhe/.cargo/registry/src/index.crates.io-1949cf8c6b5b557f/digest-0.11.3/src/lib.rs
cfn=(6436) digest::FixedOutput::finalize_fixed
calls=24 +14 
* 97345 203 22 52 1
fi=(458)
763 168
fi=(252)
632 48 24 5
fi=(243)
48 51 0 0 17 1
cob=(2)
cfi=(155)
cfn=(762)
calls=17 3319 
* 561 102 1
* 17
fi=(244)
2174 68
fe=(464)
986 119
fi=(459)
237 17
fi=(239)
961 34
fi=(459)
237 17
-64 17 17 8
fi=(244)
2174 28
fe=(464)
986 49
fi=(459)
237 7
fi=(239)
961 14
fi=(459)
237 7
-64 7 7 3
0 24
fi=(233)
547 48 0 0 12
cob=(2)
cfi=(211)
cfn=(728)
calls=12 255 
* 144 24 11
fi=(460)
39 12
+2 60 0 0 12 1
cfi=(456)
cfn=(5680)
calls=12 +45 
* 40416 48 7
fi=(292)
2053 12
fi=(262)
863 24
fi=(458)
338 36
fi=(262)
863 12
fi=(233)
1917 12
547 36 0 0 12 1
cob=(2)
cfi=(211)
cfn=(728)
calls=12 255 
* 156 60 9
* 12
0 24
fe=(464)
954 72
fi=(265)
1545 24 24
fi=(477)
241 168
fe=(464)
996 120
cfn=(6392)
calls=24 1154 
* 1200 96 0 24
+1 96
cfn=(6392)
calls=24 1154 
* 4599939 1727 94 96
+1 336
fi=(455)
88 72
cfi=(479)
cfn=(6436)
calls=24 +14 
* 90557 186 30 50 2
* 24
fi=(252)
798 119
cfn=(1182)
calls=17 542 
* 1215 172 31 17
fi=(244)
2173 34 17 1
+1 17
fi=(252)
774 17
+1 34
fe=(464)
975 168
cfn=(6444) litchi_pptx::opened::model::PartDigests::insert
calls=24 416 
* 7355 462 33
fi=(244)
2173 48 24 3
fi=(319)
50 2
fi=(297)
434 2 2
fi=(319)
51 8
cfi=(320)
cfn=(2560)
calls=2 599 
* 2566 368 35 60
* 4
fi=(293)
-51 1
fi=(252)
798 6
cfn=(1182)
calls=1 542 
* 75 11 1 1
fi=(244)
2173 2 1 1
fi=(252)
0 1
798 6
cfn=(1182)
calls=1 542 
* 240 38 5 1
fi=(244)
2173 2 1
fi=(252)
632 2 1
0 1
fi=(243)
48 1 0 0 1 1
cob=(2)
cfi=(155)
cfn=(762)
calls=1 3319 
* 33 6
fe=(464)
990 16
fi=(455)
88 1
cfi=(479)
cfn=(6436)
calls=1 +14 
* 3490 7 1 2
fi=(458)
763 4
fe=(464)
990 13
fi=(252)
632 2 1
fe=(464)
991 2
0 1
fi=(244)
2174 1
fi=(252)
774 1
+1 2
fi=(304)
2479 1
fi=(311)
1320 1
fi=(262)
863 1
fi=(338) /rustc/59807616e1fa2540724bfbac14d7976d7e4a3860/library/core/src/iter/adapters/map.rs
69 5
fi=(253)
-69 72
fi=(239)
961 72
fi=(233)
1917 24
fi=(253)
3980 24
2168 48
fi=(304)
3851 48 24 2
0 24
fi=(315)
50 48 24 7
-50 1
fi=(311)
1320 1
fi=(239)
1072 1
fi=(262)
863 1
fi=(315)
113 2
-63 1 1
fi=(314)
641 24
fi=(239)
1072 48
fi=(323)
310 48
fi=(253)
3971 48 24 7
fi=(252)
0 1
fi=(319)
34 2
fi=(297)
434 1 1
fe=(464)
923 1
fi=(319)
50 1
fi=(297)
434 1 1 1
fi=(319)
0 2
fi=(244)
2174 1
fi=(252)
774 1
+1 2
fi=(304)
2479 1
fi=(311)
1320 1
fi=(313)
639 2
fi=(262)
863 4
0 24
fi=(233)
1917 3
fi=(253)
3980 3
2168 6
fi=(304)
3851 6 3 1
0 3
fi=(315)
50 6 3 2
fi=(253)
3971 6 3 3
fi=(252)
612 1
fi=(319)
34 1
fi=(297)
434 1 1 1
0 3
fi=(252)
0 1
fi=(319)
50 1
fi=(297)
434 1 1 1
fi=(319)
51 3
cfi=(320)
cfn=(2560)
calls=1 599 
* 154 20 4 3 2
* 2
+4 2 0 0 1 1
cfn=(2006) core::slice::sort::unstable::ipnsort
calls=1 +59 
* 5483 395 101 273 35
* 3
fe=(464)

fn=(6444)
416 480
fi=(304)
980 144 48 2
0 48
fe=(464)
423 240
fi=(310)
258 240
cfi=(308)
cfn=(1296)
calls=48 694 
* 10272 576 25
* 48
fi=(297)
457 96 48
fi=(304)
1179 96
fi=(324)
48 480
fi=(304)
-48 48
fi=(233)
547 48
fi=(311)
1563 144
fi=(315)
50 96 48 4
fi=(314)
641 4
fi=(304)
1863 8
fi=(239)
1072 8
fi=(236)
1878 4
fi=(297)
434 4 4 3
fi=(314)
+65 4
fi=(315)
50 12 4 2
-50 3
fi=(325)
433 3
fi=(297)
+1 3 3
fi=(325)
-1 45
fi=(297)
+1 45 45
fi=(311)
1563 48
fi=(315)
50 96 48 3
fi=(314)
641 48
fi=(304)
1793 96
fi=(311)
1563 96
fi=(297)
434 96 48 5
fi=(304)
2687 48
fi=(297)
457 96 48
fi=(324)
30 48
fi=(174)
2494 48
fi=(304)
2631 48
+3 48
+1 48
2499 288
fi=(239)
1072 96
fi=(233)
1917 384
fe=(464)
424 48
+1 384

fn=(5822)
730 14
fi=(441)
53 1 0 0 1 1
cfi=(280)
cfn=(5028) litchi_opc::package::OpcPackage::main_document_part
calls=1 1477 
* 4733 893 87 35 2
-53 1
fi=(244)
2173 1
0 1
2173 1
0 1
2173 2 1
0 1
fi=(441)
54 2 0 0 1 1
cfn=(5064)
calls=1 +8 
* 8277 1321 117 94 8
fi=(244)
2173 1
0 2
2173 2 1
fe=(464)
738 2
+1 2 0 0 1 1
cfi=(299)
cfn=(4982)
calls=1 607 
* 2
0 2
fi=(260)
2352 1
fi=(252)
459 2 1
0 4
fi=(260)
2352 1
fi=(243)
14 2 0 0 1 1
cob=(2)
cfi=(155)
cfn=(650)
calls=1 3283 
* 30 6 2
fi=(252)
468 2 1
fi=(256)
0 1
fi=(233)
547 4 0 0 1 1
cob=(2)
cfi=(211)
cfn=(728)
calls=1 255 
* 11 2
* 5
fi=(283)
16 7
fe=(464)
740 1 0 0 1 1
cfi=(441)
cfn=(5162)
calls=1 119 
* 57433 8567 793 696 117
fi=(244)
2173 4 1
0 1
2174 2
fe=(464)
740 2
+1 3 1 1
fi=(298)
0 1
fi=(446)
37 5
fe=(464)
748 2
fi=(339)
226 8
fi=(452) /home/zhuhe/code/litchi/crates/litchi-pptx/src/presentation/package.rs
71 1 0 0 1 1
cfi=(446)
cfn=(5160)
calls=1 -17 
* 58849 8745 629 702 87
fi=(244)
2173 3 1 1
+1 2
fi=(253)
464 3
fi=(252)
765 1
-42 1 1
fi=(452)
131 4
+1 9
fi=(244)
2173 3 1 1
fe=(464)
877 8
fi=(244)
2174 12
fe=(464)
749 14
+1 2 1
fi=(253)
464 5
fi=(252)
765 1
-42 1 1 1
fi=(281)
71 1
cfi=(469)
cfn=(5954)
calls=1 473 
* 11 1
fi=(470)
1247 6
fi=(281)
71 1
cfi=(469)
cfn=(5954)
calls=1 473 
* 11 1
-71 1
fi=(470)
1247 6
fi=(281)
71 1
cfi=(469)
cfn=(5954)
calls=1 473 
* 11 1
fe=(464)
-71 1
fi=(470)
1247 6
fe=(464)
765 10
fi=(252)
612 1
fi=(239)
961 4
fe=(464)
767 3
fi=(239)
961 3
fe=(464)
766 5
fi=(340) /rustc/59807616e1fa2540724bfbac14d7976d7e4a3860/library/core/src/iter/adapters/zip.rs
155 3
fe=(464)
767 6
fi=(252)
-2 1
fi=(271)
180 11 1
0 1
fi=(180)
659 2
1720 1
fi=(267)
223 1 1 1
fi=(271)
0 2
fi=(180)
659 4
1720 2
fi=(267)
223 2 2
fi=(180)
659 6
fi=(233)
1717 6
fi=(265)
2766 6 3 1
+1 27
fi=(253)
1034 6
fe=(464)
771 9 0 0 3 1
cfi=(299)
cfn=(4954)
calls=3 660 
* 6
0 3
fi=(310)
1309 6 3 1
0 3
fe=(464)
772 6
fi=(310)
258 15
cfi=(308)
cfn=(1296)
calls=3 694 
* 483 30 1
fi=(324)
48 9
fi=(304)
2492 18
0 3
fi=(233)
547 3
fi=(311)
1563 9
fi=(315)
50 6 3
-50 18
fi=(314)
641 3
fi=(304)
2073 6
fi=(239)
1072 9
fi=(264)
20 6 3
fi=(304)
1236 9
fi=(264)
154 3 0 0 3 1
cob=(2)
cfi=(290)
cfn=(1082)
calls=3 -81 
* 65 15 1
* 3
fi=(297)
434 3 3 2
fe=(464)
774 6 3
fi=(252)
612 3
fi=(253)
1815 12
fi=(264)
20 6 3 1
154 12 0 0 3 1
cob=(2)
cfi=(290)
cfn=(1082)
calls=3 -81 
* 87 21
* 3
fi=(339)
470 3 3 2
fe=(464)
0 3
781 9 0 0 3 1
cfi=(300)
cfn=(5042)
calls=3 205 
* 14607 2809 162 105 3
fi=(244)
2173 15 3 3
+1 21
fe=(464)
782 3 0 0 3 1
cfi=(299)
cfn=(4982)
calls=3 607 
* 6
fi=(283)
16 9 0 0 3 1
cfi=(260)
cfn=(1198)
calls=3 2351 
* 216 30 6 6 2
* 12
fi=(264)
+4 6 3 2
fi=(252)
612 6
fi=(264)
154 6 0 0 3 2
cob=(2)
cfi=(290)
cfn=(1082)
calls=3 -81 
* 57 12
* 3
fe=(464)
783 3 3
0 3
788 3
fi=(449)
1093 6
cfi=(310)
cfn=(1498)
calls=3 1841 
* 709 55 15 3 1
fe=(464)
788 6 3
0 3
789 6
fi=(297)
457 3 3 2
fi=(252)
+2 3 3
0 6
fi=(298)
95 9
cfi=(164)
cfn=(1758)
calls=3 -95 
* 105 18 3 3
fi=(252)
468 6 3
0 3
fi=(233)
547 12 0 0 3 1
cob=(2)
cfi=(211)
cfn=(728)
calls=3 255 
* 45 12 2
* 3
fi=(260)
1014 12
fi=(449)
+79 9
cfi=(310)
cfn=(1498)
calls=3 1841 
* 917 68 10 3 2
* 3
fe=(464)
789 6 3 2
fi=(283)
16 9 0 0 3 1
cfi=(260)
cfn=(1198)
calls=3 2351 
* 216 30 6 6
* 12
fi=(449)
1093 9
cfi=(310)
cfn=(1498)
calls=3 1841 
* 1079 74 12 3 1
fe=(464)
790 6 3
+6 9 3 1
+17 6
fi=(297)
457 3 3
0 3
fi=(252)
459 3 3 2
0 3
fi=(298)
95 9
cfi=(164)
cfn=(1758)
calls=3 -95 
* 105 18 5 3
fi=(252)
468 6 3
fi=(233)
+79 15 0 0 3 1
cob=(2)
cfi=(211)
cfn=(728)
calls=3 255 
* 45 12 1
fi=(256)
-95 3
fe=(464)
815 15
-4 36
fi=(253)
1028 12 3 2
fi=(252)
0 3
fi=(239)
961 6
fi=(233)
1917 36
fi=(253)
1034 3
fi=(252)
632 6 3
0 3
fi=(243)
48 3 0 0 3 1
cob=(2)
cfi=(155)
cfn=(762)
calls=3 3319 
* 99 18
* 3
-48 18
fi=(180)
1720 6
fi=(271)
180 3 3 2
0 5
180 1
fi=(243)
0 2
fi=(271)
185 1
fi=(267)
+42 1
fi=(377) /rustc/59807616e1fa2540724bfbac14d7976d7e4a3860/library/core/src/iter/adapters/enumerate.rs
82 2
fe=(464)
817 1
cfi=(233)
cfn=(5972)
calls=1 -12 
* 56 8 2 1 1
fi=(265)
-72 4 1 1
fe=(464)
0 3
fi=(252)
798 6
cfn=(1182)
calls=1 542 
* 75 11 4 1
fi=(244)
2173 2 1 1
fe=(464)
0 5
819 6
cfi=(471) /home/zhuhe/code/litchi/crates/litchi-pptx/src/notes/package.rs
cfn=(5978) litchi_pptx::notes::package::load_snapshot_with_slide_root_proofs
calls=1 317 
* 1566598 220111 14401 21107 1132
fi=(244)
2173 1
0 3
2173 1
0 8
2173 3 1 1
+1 1
fe=(464)
0 1
fi=(244)
2174 2 0 0 1 1
cob=(2)
cfi=(211)
cfn=(728)
calls=1 255 
* 65 9 3
fe=(464)
0 13
827 2
cfn=(6294) litchi_pptx::opened::model::SlideNameIndex::build
calls=1 230 
* 2046 187 49 12 4
fi=(244)
2173 3 1
+1 3
fe=(464)
827 6
+4 2
cfi=(280)
cfn=(1608) <litchi_opc::package::OpcPackage as core::clone::Clone>::clone
calls=1 381 
* 96701 15626 946 966 45
fi=(337)
422 7 0 0 1 1
cob=(2)
cfi=(211)
cfn=(728)
calls=1 255 
* 101 12 3
fi=(245)
286 2
cfn=(1472) alloc::boxed::box_new_uninit
calls=1 -39 
* 393 90 5 1 1
0 2
289 3 0 0 1
cob=(2)
cfi=(211)
cfn=(728)
calls=1 -34 
* 101 12 3
fi=(337)
+21 2
fe=(464)
832 3 1 1
fi=(252)
0 1
798 6
cfn=(1182)
calls=1 542 
* 75 11 1 1
fi=(244)
2173 2 1
fi=(337)
2422 5
fe=(464)
850 2
cfn=(6356)
calls=1 +61 
* 5352328 7492 900 1422 65
fi=(244)
0 1
2173 2 1
+1 7
fe=(464)
0 7
fi=(244)
2174 2
fi=(252)
774 1
+1 2
fe=(464)
+57 8
+21 1
cfi=(339)
cfn=(6478) litchi_pptx::parts::MceCapture::finish
calls=1 296 
* 48 3 2
0 2
fi=(265)
745 2
fe=(464)
853 2
fi=(265)
745 5
fe=(464)
859 1
cfi=(471)
cfn=(6486) litchi_pptx::notes::package::SlideRootMemo::from_records
calls=1 143 
* 1079 92 22 1
fi=(244)
2173 3 1
+1 4
fi=(337)
422 1
fe=(464)
859 2
fi=(337)
422 2
fi=(245)
286 2
cfn=(1472)
calls=1 -39 
* 289 53 4 1
0 1
289 6
fi=(337)
+21 2
fi=(233)
805 3 1
0 1
fi=(243)
48 1 0 0 1 1
cob=(2)
cfi=(155)
cfn=(762)
calls=1 3319 
* 33 6
fe=(464)
865 1
+2 4
+1 6
fi=(245)
286 2
cfn=(1472)
calls=1 -39 
* 37 7 1 1
0 1
289 3
fi=(337)
+21 1
fe=(464)
873 6
fi=(337)
422 2
fi=(245)
286 2
cfn=(1472)
calls=1 -39 
* 37 7 1 1
+3 8
fe=(464)
864 35
fi=(233)
-59 3 1
0 1
805 1
cfn=(6510)
calls=1 * 
* 6597 1141 82 76 22
* 2 1 1
0 1
fe=(464)
877 1
cfi=(233)
cfn=(6530)
calls=1 -72 
* 579 93 5 4 1
* 2
cfi=(233)
cfn=(4372)
calls=1 -72 
* 579 93 2 4
* 3
cfi=(304)
cfn=(5328)
calls=1 2312 
* 42 8 1 1
* 2
cfi=(233)
cfn=(5638)
calls=1 -72 
* 549 92 8 4 2
0 1
877 1
cfi=(233)
cfn=(6542)
calls=1 -72 
* 566 94 5 4 2
* 1
fi=(233)
0 5
fi=(244)
2174 1
fi=(252)
774 1
+1 2
+23 7
cfn=(1182)
calls=1 542 
* 75 11 5 1
fi=(244)
2173 4 1 1
+1 1
fi=(465) /rustc/59807616e1fa2540724bfbac14d7976d7e4a3860/library/core/src/bool.rs
37 5
fi=(452)
+45 3
fi=(239)
961 13
fi=(452)
88 2
+1 1 0 0 1 1
cfi=(299)
cfn=(4954)
calls=1 660 
* 2
-1 4
+1 2 0 0 2
cfi=(299)
cfn=(4954)
calls=2 660 
* 4
-89 6
90 6
fi=(310)
1309 6 3
fi=(452)
0 15
fi=(310)
258 15
cfi=(308)
cfn=(1296)
calls=3 694 
* 483 30 7
fi=(324)
48 9
fi=(304)
2492 18
0 3
fi=(233)
547 3
fi=(311)
1563 9
fi=(315)
50 6 3
-50 12
fi=(314)
641 3
fi=(304)
2073 6
fi=(239)
1072 6
fi=(264)
20 9 3
fi=(304)
1236 6
fi=(264)
154 9 0 0 3 1
cob=(2)
cfi=(290)
cfn=(1082)
calls=3 -81 
* 65 15 2
* 3
fi=(297)
434 3 3 3
fi=(304)
0 9
fi=(339)
527 6 3
fi=(252)
+85 3
fi=(253)
1815 12
fi=(264)
20 6 3
154 12 0 0 3 1
cob=(2)
cfi=(290)
cfn=(1082)
calls=3 -81 
* 87 21
* 3
fi=(339)
470 3 3 3
0 6
538 9 0 0 3 1
cfi=(300)
cfn=(5042)
calls=3 205 
* 14013 2712 172 105 7
fi=(244)
2173 3
0 3
2173 6
0 6
2173 6 3
0 3
fi=(339)
538 12
fi=(452)
92 12 0 0 3 1
cfi=(280)
cfn=(1688)
calls=3 1508 
* 1008 66 2 6 1
fi=(244)
2173 3
0 6
2173 9 3 2
0 3
fi=(452)
93 3 0 0 3 3
cfi=(252)
cfn=(4902)
calls=3 612 
* 9
fi=(339)
-93 6
fi=(264)
20 6 3
154 12 0 0 3 1
cob=(2)
cfi=(290)
cfn=(1082)
calls=3 -81 
* 87 21
* 3
fi=(339)
541 3 3
fi=(252)
+91 6 3 2
fi=(452)
0 3
fi=(243)
48 3 0 0 3 1
cob=(2)
cfi=(155)
cfn=(762)
calls=3 3319 
* 99 18 3
fi=(265)
636 3
fi=(452)
95 3 3 1
fi=(453) /home/zhuhe/code/litchi/crates/litchi-pptx/src/parts/slide.rs
1126 18 0 0 3 1
cfi=(339)
cfn=(5380) litchi_pptx::parts::validate_content_type
calls=3 459 
* 195 27 3 6
fi=(244)
2173 6 3
0 3
fi=(453)
1127 6
fi=(339)
355 3 0 0 3 1
cfi=(336)
cfn=(5068)
calls=3 -16 
* 30 0 0 3
* 6 3 2
0 3
361 3 0 0 3 3
cfi=(336)
cfn=(5068)
calls=3 -22 
* 30 0 0 3
0 9
256 3 3
+16 12 0 0 3 1
cfi=(442)
cfn=(5076)
calls=3 1671 
* 4524 483 66 72 3
fi=(244)
2173 3
0 3
2173 6
0 9
2173 6 3 1
fi=(339)
273 9 3
0 9
273 3
fi=(453)
1127 18
+1 24
cfn=(5854) litchi_pptx::parts::slide::SlidePart::finish_from_processed
calls=3 +3 
* 521305 71070 4866 7938 536
fi=(244)
2173 9 3
+1 63
fi=(452)
97 33
+8 6 3
fi=(265)
767 12 3
fi=(253)
1025 3
+3 6 3 2
fi=(252)
612 3
fi=(239)
961 3
fi=(233)
1917 21
fi=(253)
1034 6
fi=(265)
636 9
fi=(452)
109 6
+4 6 3 2
fi=(253)
1025 9
+3 6 3 2
fi=(252)
612 3
fi=(239)
961 9
fi=(233)
1917 27
fi=(253)
1034 15
fi=(180)
1720 3
fi=(271)
180 4 3 3
fi=(339)
0 1
fi=(452)
131 1
+1 1
+1 7
fe=(464)

fn=(6428)
361 10
fi=(302)
105 2
fi=(411)
-46 4 2 1
fi=(303)
555 4
fi=(174)
2457 2
fi=(175)
902 2
fi=(313)
363 12
fi=(304)
980 4 2 2
fe=(464)
369 18
+1 10
0 4
fi=(304)
983 4 0 0 2 2
cfn=(1312)
calls=2 +16 
* 1150 227 31 4
0 2
fi=(244)
966 4 2 2
fe=(464)

fn=(6552)
475 8
+1 2 1
0 2
fi=(304)
1365 2
fe=(464)
479 2
cfn=(6428)
calls=1 361 
* 656 127 20 3 1
fi=(244)
2173 3 1
0 2
2174 3
fe=(464)
479 3
fi=(304)
3851 2 1
0 2
2479 1
fi=(311)
1320 1
fi=(338)
69 2
fi=(262)
863 12
0 120
fi=(304)
3851 24 24 1
fi=(315)
50 72 24 3
-50 1
fi=(311)
1320 1
fi=(239)
1072 1
fi=(262)
863 1
fi=(315)
113 2
-63 1 1
fi=(314)
641 24
fi=(239)
1072 48
fi=(280)
1936 48
fi=(299)
704 24 0 0 24 1
cfn=(4982)
calls=24 -97 
* 48
fe=(464)
481 96 0 0 24 1
cfi=(280)
cfn=(1688)
calls=24 1508 
* 8568 554 42 48
fi=(244)
2173 24
0 48
2173 48 24
fe=(464)
482 24
+30 48 0 0 24 1
cfi=(299)
cfn=(6208)
calls=24 627 
* 288 48 0 24
* 48
+1 48 0 0 24 1
cfi=(336)
cfn=(5068)
calls=24 339 
* 240 0 0 24
0 24
514 48 24 2
0 24
fi=(233)
2420 24
fe=(464)
514 24 24 1
-32 72
fi=(310)
258 72
cfi=(308)
cfn=(1296)
calls=24 694 
* 5136 288 3
fi=(324)
48 168
fi=(304)
-48 48
fi=(233)
547 24
fi=(311)
1563 72
fi=(315)
50 48 24
fi=(314)
641 24
fi=(304)
2073 48
fi=(239)
1072 72
fi=(236)
1878 24
fi=(297)
434 72 48 2
fe=(464)
-60 120
486 168
cfn=(6444)
calls=24 -70 
* 7332 458 11
fi=(244)
2173 48 24 3
fe=(464)
489 8
+1 8

fn=(6294)
230 9
fi=(302)
105 1
fi=(411)
-46 2 1 1
fi=(303)
555 2
fi=(174)
2457 1
fi=(175)
902 1
fi=(313)
363 6
fi=(304)
980 2 1 1
fe=(464)
258 9
+1 8
0 3
fi=(304)
983 4 0 0 1 1
cfn=(1312)
calls=1 +16 
* 178 21 3 2
0 1
fi=(244)
966 2 1
fi=(243)
0 1
fi=(239)
961 8
fi=(304)
0 2
fi=(233)
547 2
fi=(311)
1563 6
fi=(315)
50 4 2 2
fi=(311)
1563 6
fi=(297)
434 4 2 2
fi=(377)
0 9
fi=(180)
1720 3
fi=(271)
180 3 3 1
fi=(252)
612 3
fi=(253)
1815 3
fi=(310)
1457 6 3 1
258 10
cfi=(308)
cfn=(1296)
calls=2 694 
* 390 22 9
fi=(324)
48 6
fi=(304)
2492 14
0 3
fi=(260)
438 9
fe=(464)
244 9 0 0 3 1
cfi=(260)
cfn=(6304)
calls=3 1304 
* 440 62 12 3 1
fi=(244)
966 6 3 2
fi=(252)
617 3
fi=(253)
1446 3
fi=(174)
2494 6
fi=(252)
765 3
-94 3 3 1
fi=(253)
2881 9 3
fi=(252)
612 3
fi=(239)
961 3
fi=(233)
547 9 0 0 3 1
cob=(2)
cfi=(211)
cfn=(728)
calls=3 255 
* 39 9 2
* 3
fi=(253)
2886 6
fi=(310)
258 18
cfi=(308)
cfn=(1296)
calls=3 694 
* 585 33 10
* 3
fi=(304)
956 3
fi=(297)
457 3 3
fi=(304)
1179 6
fi=(324)
48 24
fi=(304)
-48 3
fi=(233)
547 3
fi=(311)
1563 9
fi=(315)
50 6 3
fi=(325)
433 6
fi=(297)
+1 3 3
fi=(311)
1563 3
fi=(315)
50 6 3
fi=(314)
641 3
fi=(304)
1793 6
fi=(311)
1563 9
fi=(297)
434 6 3 2
fi=(304)
2687 3
fi=(297)
457 6 3
fi=(324)
30 3
fi=(174)
2494 3
fi=(304)
2631 3
+3 3
+1 3
2499 18
fi=(239)
1072 9
fi=(233)
1917 21
fi=(310)
-65 3
fe=(464)

fn=(6392)
1154 2618
fi=(459)
237 476
-64 238 238 23
fi=(233)
547 218
fi=(478)
56 218
fi=(233)
1917 218
fi=(459)
294 218
0 40
fi=(477)
203 20
fi=(239)
961 40
fi=(233)
547 40 0 0 20 1
cob=(2)
cfi=(211)
cfn=(728)
calls=20 255 
* 328 104 30
fi=(460)
39 20
+2 80 0 0 20 1
cfi=(456)
cfn=(5680)
calls=20 +45 
* 67360 80 3
fi=(292)
2053 40
fi=(458)
338 20
fi=(262)
863 40
fi=(233)
1917 20
547 60 0 0 20 1
cob=(2)
cfi=(211)
cfn=(728)
calls=20 255 
* 311 90 20
fi=(459)
237 20
fi=(478)
46 40
fi=(459)
164 20
fi=(478)
62 40
fi=(459)
173 20 20 11
fi=(478)
46 436
fi=(459)
164 218
fi=(478)
62 436
fi=(459)
173 218 218 33
0 119
fi=(239)
961 119
fi=(233)
547 357 0 0 119 1
cob=(2)
cfi=(211)
cfn=(728)
calls=119 255 
* 1477 316 54
fi=(478)
56 119
fi=(233)
1917 119
fe=(464)
1157 952
fi=(477)
0 119
fi=(459)
184 238 119 5
fi=(239)
961 119
fi=(233)
547 357 0 0 119
cob=(2)
cfi=(211)
cfn=(728)
calls=119 255 
* 1396 259 37
fi=(460)
39 119
+2 476 0 0 119 1
cfi=(456)
cfn=(5680)
calls=119 +45 
* 400792 476 10
fi=(262)
863 119
fi=(233)
1917 119
fi=(459)
184 119
fi=(458)
337 357
+1 119
+1 119
fi=(262)
863 119
fi=(459)
204 238 119 34
fi=(460)
39 32
+2 96 0 0 32 1
cfi=(456)
cfn=(5680)
calls=32 +45 
* 4543981 1463 54
fi=(233)
1917 119
547 1309 0 0 119 1
cob=(2)
cfi=(211)
cfn=(728)
calls=119 255 
* 1489 314 82
fe=(464)

fl=(319)
fn=(2006)
114 7
fi=(346) /rustc/59807616e1fa2540724bfbac14d7976d7e4a3860/library/core/src/slice/sort/shared/mod.rs
-89 2 1
-25 2
fi=(299)
704 3 0 0 1 1
cfn=(4982)
calls=1 -97 
* 2
fi=(252)
-92 1
fi=(253)
1815 1
fi=(299)
704 3 0 0 1 1
cfn=(4982)
calls=1 -97 
* 2
fi=(252)
-92 1
fi=(253)
1815 1
fi=(264)
317 3
+8 2 0 0 1 1
cob=(2)
cfi=(290)
cfn=(1082)
calls=1 73 
* 14 2
* 1
+1 3
fi=(236)
+71 3
fi=(346)
35 1 1
-35 1
40 2 1
-40 1
fi=(299)
704 3 0 0 1 1
cfn=(4982)
calls=1 -97 
* 2
fi=(252)
-92 1
fi=(253)
1815 1
fi=(299)
704 3 0 0 1 1
cfn=(4982)
calls=1 -97 
* 2
fi=(252)
-92 1
fi=(253)
1815 1
fi=(264)
317 3
+8 2 0 0 1
cob=(2)
cfi=(290)
cfn=(1082)
calls=1 73 
* 14 2 1
* 1
+1 2
fi=(236)
+71 2 1 1
fe=(319)
124 2 1 1
+12 2
fi=(314)
611 2
fe=(319)
136 3
+1 10
cfi=(347) /rustc/59807616e1fa2540724bfbac14d7976d7e4a3860/library/core/src/slice/sort/unstable/quicksort.rs
cfn=(2014) core::slice::sort::unstable::quicksort::quicksort
calls=1 21 
* 5370 386 98 267 30

fl=(300)
fn=(5042)
205 91
+1 26 13 5
0 13
fi=(252)
612 13
fi=(253)
1815 13
fi=(285)
572 117
fi=(284)
1971 13
cfi=(285)
cfn=(1074)
calls=22 432 
* 1185 123 24
fi=(265)
2766 26 13
fi=(285)
572 117
fi=(284)
1971 13
cfi=(285)
cfn=(1074)
calls=22 432 
* 1185 123 24
fi=(265)
2766 26 13 2
0 13
fe=(300)
212 26 13
fi=(252)
612 13
fi=(253)
1815 26
fe=(300)
224 39 0 0 13 6
cfi=(283)
cfn=(4446)
calls=22 120 
* 58156 11565 687 436 19
0 104
fi=(244)
1493 13
fe=(300)
225 104

fn=(1612) <litchi_opc::rel::Relationships as core::clone::Clone>::clone
232 192
fi=(260)
2352 24
fi=(252)
459 72 24
fi=(260)
2352 24
fi=(243)
14 48 0 0 24 1
cob=(2)
cfi=(155)
cfn=(650)
calls=24 3283 
* 4076 688 8
fi=(252)
468 48 24 1
fi=(256)
0 24
fi=(233)
547 96 0 0 24 1
cob=(2)
cfi=(211)
cfn=(728)
calls=24 255 
* 294 63 33
* 24
0 72
fi=(265)
2262 48 24 4
0 24
fi=(260)
2352 24
fi=(252)
459 48 24 1
fi=(260)
2352 24
fi=(243)
14 48 0 0 24
cob=(2)
cfi=(155)
cfn=(650)
calls=24 3283 
* 3414 581
fi=(252)
468 48 24 1
0 24
fi=(233)
547 120 0 0 24 1
cob=(2)
cfi=(211)
cfn=(728)
calls=24 255 
* 277 48 2
* 24
0 24
fi=(310)
193 24
fi=(304)
2697 24
3311 48 24 7
0 34
2676 34
fi=(174)
3051 34
fi=(297)
457 17 17 2
fi=(174)
769 17
fi=(304)
224 17
+1 17
fi=(174)
769 119
fi=(297)
457 34 17 2
fi=(304)
0 7
660 35
fi=(265)
2262 28 7
0 17
fi=(298)
186 51 17
0 17
95 17
fi=(243)
-82 17 17 2
+1 34 0 0 17 1
cob=(2)
cfi=(155)
cfn=(650)
calls=17 3283 
* 3584 685 39
* 51
fi=(335)
+5 34 17 1
fi=(239)
961 17
fi=(304)
185 102
3325 85
2665 51
fi=(233)
547 34 0 0 17 1
cob=(2)
cfi=(211)
cfn=(728)
calls=17 255 
* 189 34 13
fi=(304)
2210 34
3851 34 17
0 17
fi=(311)
1320 17
fi=(304)
3595 34
fi=(262)
863 68
fe=(300)
14 70
fi=(262)
619 140
fi=(239)
1072 140
fi=(233)
1917 945
fi=(304)
0 105
3472 35
3851 70 35 13
fi=(315)
50 105 35 3
-50 35
fi=(314)
641 35
fi=(239)
1072 70
fi=(260)
2352 140
fi=(252)
459 70 35 4
fi=(260)
2352 70
fi=(243)
14 70 0 0 35 1
cob=(2)
cfi=(155)
cfn=(650)
calls=35 3283 
* 5918 998 30
fi=(252)
468 70 35
0 35
fi=(233)
547 140 0 0 35 1
cob=(2)
cfi=(211)
cfn=(728)
calls=35 255 
* 521 138 42
* 35
fi=(304)
0 35
fi=(260)
2352 35
fi=(252)
459 105 35
fi=(260)
2352 35
fi=(243)
14 70 0 0 35
cob=(2)
cfi=(155)
cfn=(650)
calls=35 3283 
* 5726 979 40
fi=(252)
468 70 35
0 35
fi=(233)
547 140 0 0 35 1
cob=(2)
cfi=(211)
cfn=(728)
calls=35 255 
* 521 138 26
* 35
0 35
fi=(260)
2352 140
fi=(252)
459 70 35
fi=(260)
2352 35
fi=(243)
14 70 0 0 35 1
cob=(2)
cfi=(155)
cfn=(650)
calls=35 3283 
* 6760 1239 42
fi=(252)
468 70 35
0 35
fi=(233)
547 140 0 0 35
cob=(2)
cfi=(211)
cfn=(728)
calls=35 255 
* 770 175 49
* 35
fi=(260)
2352 35
fi=(252)
459 105 35 2
fi=(260)
2352 35
fi=(243)
14 105 0 0 35 1
cob=(2)
cfi=(155)
cfn=(650)
calls=35 3283 
* 5374 916 14
fi=(252)
468 70 35 3
0 35
fi=(233)
547 140 0 0 35 1
cob=(2)
cfi=(211)
cfn=(728)
calls=35 255 
* 416 73 34
* 105
fi=(260)
2352 35
fi=(252)
459 105 35 5
fi=(260)
2352 35
fi=(243)
14 70 0 0 35 1
cob=(2)
cfi=(155)
cfn=(650)
calls=35 3283 
* 5873 991 11
fi=(252)
468 70 35
fi=(233)
+79 175 0 0 35 1
cob=(2)
cfi=(211)
cfn=(728)
calls=35 255 
* 423 89 42
* 210
fi=(265)
2262 140 35 2
fi=(260)
+90 35
fi=(252)
459 70 35
0 35
fi=(260)
2352 105
fi=(243)
14 35 0 0 35
cob=(2)
cfi=(155)
cfn=(650)
calls=35 3283 
* 5385 920 11
fi=(252)
468 70 35 6
0 35
fi=(233)
547 140 0 0 35
cob=(2)
cfi=(211)
cfn=(728)
calls=35 255 
* 409 70 30
* 280
0 17
fi=(304)
3478 34
+1 34
3338 187
fi=(265)
2262 51 17 4
fe=(300)
232 536
fi=(260)
2352 1
fi=(252)
459 3 1
fi=(260)
2352 1
fi=(243)
14 2 0 0 1
cob=(2)
cfi=(155)
cfn=(650)
calls=23 3283 
* 159 27 4
fi=(252)
468 2 1 1
fi=(256)
0 1
fi=(233)
547 4 0 0 1
cob=(2)
cfi=(211)
cfn=(728)
calls=23 255 
* 16 6 2
* 1
0 3
fi=(265)
2262 2 1
0 1
2262 1
fi=(233)
0 1
fi=(310)
193 1
fi=(304)
2697 1
3311 2 1
0 2
2676 2
fi=(174)
3051 2
fi=(297)
457 1 1
fi=(174)
769 1
fi=(304)
224 1
+1 1
fi=(174)
769 7
fi=(297)
457 2 1 1
fi=(265)
0 1
fi=(298)
186 3 1 1
0 1
95 1
fi=(243)
-82 1 1
+1 2 0 0 1 1
cob=(2)
cfi=(155)
cfn=(650)
calls=16 3283 
* 30 6
* 3
fi=(335)
+5 2 1
fi=(239)
961 1
fi=(304)
185 6
3325 5
2665 3
fi=(233)
547 2 0 0 1
cob=(2)
cfi=(211)
cfn=(728)
calls=16 255 
* 11 2
fi=(304)
2210 2
3851 2 1
0 1
fi=(311)
1320 1
fi=(304)
3595 2
fi=(262)
863 4
fe=(300)
14 6
fi=(262)
619 12
fi=(239)
1072 12
fi=(233)
1917 81
fi=(304)
0 9
3472 3
3851 6 3 3
fi=(315)
50 9 3 1
-50 3
fi=(314)
641 3
fi=(239)
1072 6
fi=(260)
2352 12
fi=(252)
459 6 3
fi=(260)
2352 6
fi=(243)
14 6 0 0 3 1
cob=(2)
cfi=(155)
cfn=(650)
calls=35 3283 
* 543 95 8
fi=(252)
468 6 3
0 3
fi=(233)
547 12 0 0 3 1
cob=(2)
cfi=(211)
cfn=(728)
calls=35 255 
* 45 12 1
* 3
fi=(304)
0 3
fi=(260)
2352 3
fi=(252)
459 9 3
fi=(260)
2352 3
fi=(243)
14 6 0 0 3
cob=(2)
cfi=(155)
cfn=(650)
calls=35 3283 
* 537 93 8
fi=(252)
468 6 3
0 3
fi=(233)
547 12 0 0 3
cob=(2)
cfi=(211)
cfn=(728)
calls=35 255 
* 45 12
* 3
0 3
fi=(260)
2352 12
fi=(252)
459 6 3
fi=(260)
2352 3
fi=(243)
14 6 0 0 3 1
cob=(2)
cfi=(155)
cfn=(650)
calls=35 3283 
* 764 185 24
fi=(252)
468 6 3 1
0 3
fi=(233)
547 12 0 0 3 1
cob=(2)
cfi=(211)
cfn=(728)
calls=35 255 
* 66 15 4
* 3
fi=(260)
2352 3
fi=(252)
459 9 3
fi=(260)
2352 3
fi=(243)
14 9 0 0 3 1
cob=(2)
cfi=(155)
cfn=(650)
calls=35 3283 
* 506 85 5
fi=(252)
468 6 3
0 3
fi=(233)
547 12 0 0 3 1
cob=(2)
cfi=(211)
cfn=(728)
calls=35 255 
* 33 6 1
* 9
fi=(260)
2352 3
fi=(252)
459 9 3
fi=(260)
2352 3
fi=(243)
14 6 0 0 3 1
cob=(2)
cfi=(155)
cfn=(650)
calls=35 3283 
* 473 79 6
fi=(252)
468 6 3
fi=(233)
+79 15 0 0 3 1
cob=(2)
cfi=(211)
cfn=(728)
calls=35 255 
* 48 18 5
* 18
fi=(265)
2262 9 3 2
fi=(233)
0 1
fi=(304)
3478 2
+1 2
3338 11
fi=(265)
2262 3 1
fe=(300)
232 22

fl=(468)
fn=(6160)
77 150
fi=(252)
459 20 10 1
0 10
fi=(243)
14 20 0 0 10 1
cob=(2)
cfi=(155)
cfn=(650)
calls=10 3283 
* 511 92 15
fi=(252)
468 20 10
0 10
fi=(233)
547 40 0 0 10 1
cob=(2)
cfi=(211)
cfn=(728)
calls=10 255 
* 146 38 5
fi=(252)
-88 20 10 1
fi=(243)
14 20 0 0 10 1
cob=(2)
cfi=(155)
cfn=(650)
calls=10 3283 
* 1798 331 49
fi=(252)
468 20 10
fi=(256)
0 10
fi=(233)
547 40 0 0 10 1
cob=(2)
cfi=(211)
cfn=(728)
calls=10 255 
* 220 50 11
0 10
fi=(252)
459 20 10 2
fi=(243)
14 20 0 0 10 1
cob=(2)
cfi=(155)
cfn=(650)
calls=10 3283 
* 440 83 2
fi=(252)
468 20 10 2
fi=(256)
0 10
fi=(233)
547 40 0 0 10 1
cob=(2)
cfi=(211)
cfn=(728)
calls=10 255 
* 116 23 9
* 10
0 10
fe=(468)
83 110
+6 80

fl=(250)
fn=(5816) namespace_uri_probe::capture_region_0793
393 3
fi=(445)
234 2 0 0 1 1
cfn=(5818)
calls=1 +9 
* 7745862 344394 23584 33681 2093
fi=(295)
491 2
fe=(250)
-94 3

fn=(864)
cfn=(5796) namespace_uri_probe::run_one
calls=0 332 
282 7745872 344394 23584 33682 2094

fn=(5796)
cfn=(5816)
calls=1 393 
357 7745872 344394 23584 33682 2094

fl=(318)
fn=(6040) <alloc::vec::Vec<T> as alloc::vec::spec_from_iter_nested::SpecFromIterNested<T,I>>::from_iter
18 27
fi=(304)
3851 6 3
0 15
fi=(315)
50 6 3 2
fi=(314)
499 3
641 3
fi=(315)
38 6
fi=(239)
1072 6
fi=(304)
3861 3
fi=(252)
612 3
fi=(253)
1815 3
fi=(264)
20 12 6 4
fi=(304)
3851 6 3 2
0 3
fi=(253)
464 12
fe=(318)
43 24
-25 10
fi=(304)
3851 2 1
0 15
fi=(315)
50 2 1 1
fi=(314)
499 1
641 1
fi=(315)
38 2
fi=(239)
1072 2
fi=(304)
3861 1
fi=(264)
20 2 1
fi=(259)
-20 1
fi=(252)
612 2
fi=(264)
154 2 0 0 1
cob=(2)
cfi=(290)
cfn=(1082)
calls=1 -81 
* 29 7 1
* 1
fi=(259)
2945 1 1 1
0 1
fi=(315)
114 1
fi=(304)
3861 1
fi=(243)
14 2 0 0 1 1
cob=(2)
cfi=(155)
cfn=(650)
calls=1 3283 
* 30 6 1
fi=(252)
468 2 1
0 1
fi=(233)
1917 1
fe=(318)
36 4
fi=(304)
3851 2 1 1
fe=(318)
42 8
+1 8
-25 9
fi=(304)
3851 2 1 1
0 5
fi=(315)
50 8 4 4
fi=(314)
499 4
641 4
fi=(315)
38 8
fi=(239)
1072 8
fi=(304)
3861 4
fi=(252)
612 4
fi=(253)
1815 4
fi=(264)
20 16 8 1
154 6 0 0 2 1
cob=(2)
cfi=(290)
cfn=(1082)
calls=2 -81 
* 63 14 1
* 2
fi=(259)
2945 2 2 1
fi=(304)
3851 6 3 3
fi=(315)
114 1
fi=(304)
3861 1
fi=(243)
14 2 0 0 1 1
cob=(2)
cfi=(155)
cfn=(650)
calls=1 3283 
* 30 6 1
fi=(252)
468 2 1 1
fe=(318)
0 2
fi=(233)
1917 1
fe=(318)
36 3
fi=(304)
3851 3 1 1
0 3
fi=(315)
50 8 4 3
fi=(314)
499 4
641 4
fi=(315)
38 8
fi=(239)
1072 8
fi=(304)
3861 4
fi=(252)
612 4
fi=(253)
1815 4
fi=(264)
20 16 8 4
154 3 0 0 1 1
cob=(2)
cfi=(290)
cfn=(1082)
calls=1 -81 
* 34 7 1
* 2
fi=(259)
2945 1 1
fi=(304)
3851 9 4 2
fe=(318)
42 7
+1 8

fl=(245)
fn=(1472)
247 8
fi=(243)
14 4 0 0 4 1
cob=(2)
cfi=(155)
cfn=(650)
calls=25 3283 
* 728 153 11
fe=(245)
248 8 4
+4 8

fl=(347)
fn=(2014)
21 9
+9 2 1
-30 1
fi=(320)
226 2 1
+9 2
+6 4 1
fi=(239)
961 5
fi=(320)
671 3
cfn=(2160)
calls=1 -59 
* 247 10 5 15 14
fi=(239)
961 3
fi=(320)
672 1
cfn=(2160)
calls=1 -60 
* 263 14 5 15
* 1
+6 3
cfn=(6376)
calls=1 +82 
* 505 25 10 24 6
* 1
fi=(239)
961 6
fi=(320)
671 2
cfn=(2160)
calls=1 -59 
* 288 21 6 15
fi=(239)
961 5
fi=(320)
672 1
cfn=(2160)
calls=1 -60 
* 247 10 4 15
+6 4
cfn=(6376)
calls=1 +82 
* 563 41 11 24
* 1
fi=(236)
1916 1
fi=(254)
772 1 1 1
0 1
fi=(320)
547 4
fi=(233)
* 3
fi=(174)
844 1
fi=(254)
-72 2
fi=(236)
1916 1
fi=(254)
772 1 1 1
fi=(174)
+72 3
fi=(254)
-72 6
fi=(236)
1916 3
fi=(254)
772 3 3
fi=(239)
961 12
fi=(233)
547 8
fi=(299)
704 20 0 0 4 1
cfn=(4982)
calls=4 -97 
* 8
fi=(252)
-92 4
fi=(253)
1815 4
fi=(299)
704 12 0 0 4 1
cfn=(4982)
calls=4 -97 
* 8
fi=(252)
-92 4
fi=(253)
1815 4
fi=(264)
317 12
+8 8 0 0 4 1
cob=(2)
cfi=(290)
cfn=(1082)
calls=4 73 
* 81 15 3
* 4
+1 8
fi=(236)
+71 4
fi=(320)
547 4 4 3
0 5
fi=(233)
547 2
fi=(320)
+19 3 1
fi=(233)
-19 6
fi=(320)
+19 9 3
0 4
fi=(299)
704 8 0 0 4 1
cfn=(4982)
calls=4 -97 
* 8
fi=(252)
-92 4
fi=(253)
1815 4
fi=(299)
704 12 0 0 4 1
cfn=(4982)
calls=4 -97 
* 8
fi=(252)
-92 4
fi=(253)
1815 4
fi=(264)
317 12
+8 8 0 0 4 1
cob=(2)
cfi=(290)
cfn=(1082)
calls=4 73 
* 65 11 6
* 4
+1 8
fi=(320)
572 4
fi=(236)
397 8
fi=(320)
572 8 4 3
0 3
fi=(236)
1916 1
fi=(254)
772 1 1
fi=(320)
0 7
547 8
0 1
fi=(233)
547 3
fi=(174)
844 1
fi=(254)
-72 2
fi=(236)
1916 1
fi=(254)
772 1 1
fi=(233)
547 6
fi=(174)
844 2
fi=(254)
-72 4
fi=(236)
1916 2
fi=(254)
772 2 2 1
fi=(174)
+72 1
fi=(254)
-72 2
fi=(236)
1916 1
fi=(254)
772 1 1
fi=(239)
961 12
fi=(233)
547 12
fi=(299)
704 24 0 0 4 1
cfn=(4982)
calls=4 -97 
* 8
fi=(252)
-92 4
fi=(253)
1815 4
fi=(299)
704 12 0 0 4
cfn=(4982)
calls=4 -97 
* 8
fi=(252)
-92 4
fi=(253)
1815 4
fi=(264)
317 12
+8 8 0 0 4 1
cob=(2)
cfi=(290)
cfn=(1082)
calls=4 73 
* 88 16 2
* 4
+1 8
fi=(236)
+71 4
fi=(320)
547 4 4 1
0 15
fi=(233)
547 6
fi=(320)
+19 9 3 1
0 15
fi=(233)
547 30
fi=(320)
+19 45 15 1
0 17
fi=(299)
704 34 0 0 17 1
cfn=(4982)
calls=17 -97 
* 34
fi=(252)
-92 17
fi=(253)
1815 34
fi=(299)
704 51 0 0 17 1
cfn=(4982)
calls=17 -97 
* 34
fi=(252)
-92 17
fi=(253)
1815 17
fi=(264)
317 51
+8 34 0 0 17
cob=(2)
cfi=(290)
cfn=(1082)
calls=17 73 
* 377 71 7
* 17
+1 34
fi=(320)
572 34
fi=(236)
397 34
fi=(320)
572 23 17 7
0 2
286 3
cfn=(6376)
calls=1 760 
* 1506 88 20 72
fe=(347)
80 8

fl=(454)
fn=(5586)
222 7733
+52 4218
0 703
fi=(173)
3890 1406
fi=(355)
153 3515 0 0 703 1
cfn=(2242)
calls=715 -75 
* 52287 10831 789
fi=(265)
2766 1406 703 10
fi=(253)
0 703
fe=(454)
307 1406 703 5
0 703
313 2812
0 1406
224 6327

fl=(310)
fn=(5298)
1309 14 7 1
0 63
258 49
cfi=(308)
cfn=(1296)
calls=10 694 
* 1161 71 4
fi=(324)
48 21
fi=(304)
2492 56
0 7
fi=(233)
547 7
fi=(311)
1563 21
fi=(315)
50 14 7 3
-50 35
fi=(314)
641 7
fi=(304)
2073 14
fi=(239)
1072 14
fi=(264)
20 14 7
fi=(304)
1236 14
fi=(264)
154 21 0 0 7 1
cob=(2)
cfi=(290)
cfn=(1082)
calls=10 -81 
* 149 34 5
* 7
fi=(297)
434 7 7 3
fi=(304)
1251 70
fe=(310)
+67 7

fn=(1498)
1841 162
258 126
cfi=(308)
cfn=(1296)
calls=24 694 
* 3426 200 15
* 18
fi=(304)
956 18
fi=(297)
457 18 18 5
0 18
fi=(304)
1179 36
fi=(324)
48 198
fi=(304)
-48 18
fi=(233)
547 18
fi=(311)
1563 54
fi=(315)
50 36 18 5
fi=(325)
433 36
fi=(297)
+1 18 18 1
fi=(311)
1563 18
fi=(315)
50 36 18 2
fi=(314)
641 18
fi=(304)
1793 36
fi=(311)
1563 36
fi=(297)
434 36 18 1
fi=(304)
2687 18
fi=(297)
457 54 18 1
fi=(324)
30 18
fi=(174)
2494 18
fi=(304)
2631 18
+3 18
+1 18
2499 108
fi=(239)
1072 36
fi=(233)
1917 90
fe=(310)
-65 162
0 1
fi=(304)
962 4 0 0 1 1
cfn=(1312)
calls=1 +37 
* 176 20 4 2 1
* 1
fe=(310)
1841 27
258 21
cfi=(308)
cfn=(1296)
calls=3 694 
* 645 36 3
* 3
fi=(304)
956 3
fi=(297)
457 3 3 1
0 3
fi=(304)
1179 6
fi=(324)
48 33
fi=(304)
-48 3
fi=(233)
547 3
fi=(311)
1563 9
fi=(315)
50 6 3 2
fi=(325)
433 6
fi=(297)
+1 3 3
fi=(311)
1563 3
fi=(315)
50 6 3
fi=(314)
641 3
fi=(304)
1793 6
fi=(311)
1563 6
fi=(297)
434 6 3 3
fi=(304)
2687 3
fi=(297)
457 9 3
fi=(324)
30 3
fi=(174)
2494 3
fi=(304)
2631 3
+3 3
+1 3
2499 18
fi=(239)
1072 6
fi=(233)
1917 15
fe=(310)
-65 27
0 1
fi=(304)
962 4 0 0 1 1
cfn=(1312)
calls=1 +37 
* 176 20 3 2
* 1
fe=(310)
1841 54
258 9
fi=(309)
-55 18
fi=(281)
84 9
fi=(309)
204 18
fi=(281)
84 45
fi=(174)
3928 27
fi=(309)
233 18
cfn=(1298)
calls=12 +23 
* 252 45 8
+81 27
-2 18
+4 18
fi=(174)
2457 18
fi=(297)
2029 9
fi=(174)
2457 9
fi=(309)
78 9
fi=(297)
2029 9
fi=(309)
79 9
fi=(297)
2029 9
fi=(174)
2457 18
fi=(297)
2029 9
fi=(309)
79 9
fi=(297)
2029 18
fi=(309)
78 9
318 9
+2 9
fi=(174)
2457 18
fi=(297)
2029 9
fi=(309)
78 9
fi=(297)
2029 18
fi=(309)
79 9
fi=(174)
2457 9
fi=(297)
2029 9
fi=(174)
2457 9
fi=(309)
79 9
fi=(297)
2029 9
fi=(309)
78 9
fi=(297)
2029 9
fi=(174)
2457 18
fi=(297)
2029 9
fi=(309)
78 9
fi=(297)
2029 18
fi=(309)
79 9
fi=(174)
2457 9
fi=(297)
2029 9
fi=(174)
2457 9
fi=(309)
79 9
fi=(297)
2029 9
fi=(309)
78 9
fi=(297)
2029 9
fi=(174)
2457 18
fi=(297)
2029 9
fi=(309)
78 9
fi=(297)
2029 9
fi=(309)
79 9
fi=(174)
2457 9
fi=(297)
2029 36
fi=(309)
323 27
fi=(304)
956 9
fi=(297)
457 9 9 6
fi=(304)
1179 18
fi=(324)
48 81
fi=(304)
-48 9
fi=(233)
547 9
fi=(311)
1563 27
fi=(315)
50 18 9 3
fi=(314)
641 1
fi=(304)
1863 2
fi=(239)
1072 4
fi=(236)
1878 1
fi=(297)
434 1 1 1
fi=(314)
+65 1
fi=(315)
50 3 1
-50 1
fi=(325)
433 1
fi=(297)
+1 1 1
fi=(325)
-1 8
fi=(297)
+1 8 8
fi=(311)
1563 9
fi=(315)
50 18 9 1
fi=(314)
641 9
fi=(304)
1793 18
fi=(311)
1563 18
fi=(297)
434 18 9 4
fi=(304)
2687 9
fi=(297)
457 18 9
fi=(324)
30 9
fi=(174)
2494 9
fi=(304)
2631 9
+3 9
+1 9
2499 54
fi=(239)
1072 18
fi=(233)
1917 18
fe=(310)
-65 45
fi=(304)
962 5 0 0 1 1
cfn=(1312)
calls=1 +37 
* 176 20 3 2
* 1
fe=(310)

fl=(361)
fn=(5100)
978 10422
263 6948 0 0 1158 70
fi=(354) /home/zhuhe/.cargo/registry/src/index.crates.io-1949cf8c6b5b557f/quick-xml-0.41.0/src/reader/slice_reader.rs
-13 32
fi=(292)
2624 32 16 1
fi=(354)
250 16
fi=(264)
-96 80
fi=(354)
+96 16 16 1
0 16
fe=(361)
263 64 0 0 16 1
fi=(354)
+6 2278
fe=(361)
+56 2278 1139 29
fi=(262)
863 1139
fi=(173)
3890 2278
fi=(355)
153 4556 0 0 1139 32
cfn=(2242)
calls=1544 -75 
* 58267 3451 59
fi=(265)
2766 2278 1139
fi=(354)
269 2260 1130 18
+1 2222
fe=(361)
+59 1111
0 1111
263 4444 0 0 1111
411 1130
+2 1130
+1 1130
fi=(270)
219 2260 1130 9
0 2260
fi=(265)
2126 2260
fe=(361)
414 4950 3040 408
0 32
fi=(262)
468 16
fi=(173)
3890 32
fi=(355)
153 64 0 0 16
cfn=(2262)
calls=26 -75 
* 1214 111 21
fi=(265)
2766 32 16
fi=(364) /home/zhuhe/.cargo/registry/src/index.crates.io-1949cf8c6b5b557f/quick-xml-0.41.0/src/parser/pi.rs
64 32
+3 96 48
-67 16
fi=(354)
345 48
fi=(292)
2154 32 16 2
fi=(354)
0 16
fi=(262)
863 16
fi=(292)
2053 16
fi=(354)
347 48
fe=(361)
453 64 0 0 16
cfi=(366)
cfn=(2276)
calls=26 260 
* 480 96 4
* 16
fi=(354)
288 18
+1 9
fe=(361)
+67 9
fi=(366)
66 18 9
fi=(354)
274 38
0 19
fi=(292)
2053 19
fi=(354)
0 38
274 19
0 19 19
fe=(361)
343 19
fi=(366)
66 38 19
fi=(262)
468 350
fi=(173)
3890 700
fi=(355)
153 1750 0 0 350 10
cfn=(2336)
calls=477 -75 
* 21315 1195 55
* 700
fi=(265)
2766 700 350
0 1400
fi=(262)
619 700
fi=(369) /home/zhuhe/.cargo/registry/src/index.crates.io-1949cf8c6b5b557f/quick-xml-0.41.0/src/parser/element.rs
59 2450 1050 9
-59 350
59 1400 700 256
fi=(262)
468 764
fi=(173)
3890 1528
fi=(355)
153 3820 0 0 764 9
cfn=(2336)
calls=1028 -75 
* 45840 2292 1
* 1528
fi=(265)
2766 1528 764
0 5399
fi=(173)
3890 1562
fi=(355)
153 3905 0 0 781
cfn=(2336)
calls=942 -75 
* 46860 2343
fi=(265)
0 1562
fi=(173)
3890 1562
fi=(355)
153 3905 0 0 781 16
cfn=(2336)
calls=942 -75 
* 48715 2493 56
* 1562
fi=(265)
2766 3124 1562
fi=(262)
619 4652
fi=(369)
59 17063 6978 703
-59 764
59 3056 1528 2
-59 781
59 2343 781
-59 1562
fi=(174)
0 19
fi=(378)
541 76
fe=(361)
0 38
349 19
+10 18 9
+1 9
0 18
374 18 9 1
0 1528
374 2260 1130 6
+4 9
983 9264
fi=(354)
344 700
+1 1050
fi=(262)
863 700
fi=(292)
2053 350
fi=(354)
347 700
fe=(361)
+94 1400 0 0 350 9
cfi=(366)
cfn=(2464)
calls=477 193 
* 35849 5318 77 350 1
0 732
fi=(354)
344 1528
+1 2292
fi=(262)
863 1528
fi=(292)
2053 764
fi=(354)
347 1528
fe=(361)
465 3056 0 0 764 9
cfi=(366)
cfn=(2352)
calls=1028 312 
* 98677 20899 1635 469 21
* 764
-91 1098 366 4

fl=(415) /rustc/59807616e1fa2540724bfbac14d7976d7e4a3860/library/core/src/iter/adapters/filter.rs
fn=(4366) <core::iter::adapters::filter::Filter<I,P> as core::iter::traits::iterator::Iterator>::count
135 7
+6 1
+1 6
fi=(264)
+12 56 0 0 14 1
cob=(2)
cfi=(290)
cfn=(1082)
calls=14 -81 
* 302 59 12
* 42
fi=(304)
0 28
fi=(486) /rustc/59807616e1fa2540724bfbac14d7976d7e4a3860/library/core/src/iter/traits/accum.rs
53 14
fi=(304)
3712 28
fi=(315)
50 28 14 6
fi=(304)
-50 20
fi=(486)
53 10
fi=(304)
3712 20
fi=(315)
50 22 11 8
-50 2
fi=(304)
3715 2 2
0 1
fi=(311)
1320 1
fi=(239)
1072 1
fi=(262)
863 1
fi=(315)
113 2
-63 1 1
fi=(314)
641 24
fi=(239)
1072 48
fi=(304)
3711 48
fi=(299)
710 24 0 0 24 1
cfi=(252)
cfn=(4902)
calls=24 -98 
* 72
fi=(264)
20 48 24 11
-20 10
20 10
fe=(415)
148 9

fl=(471)
fn=(5980) litchi_pptx::notes::package::load_index_with_slide_root_proofs
426 12
+5 1 0 0 1 1
cfi=(280)
cfn=(1688)
calls=1 1508 
* 337 22 4 2
fi=(244)
2173 1
0 1
2173 1
0 1
2173 2 1
fe=(471)
432 2 0 0 1 1
cfi=(252)
cfn=(4902)
calls=1 612 
* 3
fi=(264)
20 3 1 1
-20 1
20 3 0 0 1 1
fe=(471)
697 8
fi=(264)
154 4 0 0 1 1
cob=(2)
cfi=(290)
cfn=(1082)
calls=1 -81 
* 29 7
* 1
fe=(471)
432 1 1
0 1
435 3 0 0 1 1
cfi=(336)
cfn=(5068)
calls=1 -96 
* 10 0 0 1
* 6
cfi=(466)
cfn=(5986)
calls=1 312 
* 46451 7049 602 611 62
fi=(244)
2173 1
0 1
2173 2 1
fe=(471)
435 1
+2 2 0 0 1 1
cfi=(336)
cfn=(5068)
calls=1 -98 
* 10 0 0 1
-1 9
cfi=(466)
cfn=(5988)
calls=1 -99 
* 45731 6915 479 599 44
fi=(244)
2173 1
0 10
2173 2 1
fe=(471)
436 10
+6 2 1 1
0 1
fi=(253)
2997 1
fe=(471)
447 2 1
fi=(265)
662 7
fi=(252)
433 4
cfn=(1514)
calls=1 +12 
* 68 10 2 1
0 1
433 2 1
+1 1
fi=(253)
965 4
fi=(180)
1720 1
fi=(271)
180 1 1
0 20
fi=(252)
612 2
fi=(253)
1815 3
fe=(471)
454 1
cfn=(6014) litchi_pptx::notes::package::validate_id
calls=1 1618 
* 54 12 3
fi=(252)
612 4
fi=(253)
1815 6
fe=(471)
454 2
cfn=(6014)
calls=2 1618 
* 108 24 9
fi=(244)
2173 6 3
fe=(471)
455 3
+1 9 0 0 3 1
cfi=(299)
cfn=(4954)
calls=3 660 
* 6
0 3
fi=(310)
1309 6 3 2
0 18
258 15
cfi=(308)
cfn=(1296)
calls=3 694 
* 483 30 2
* 3
fi=(324)
48 6
fi=(304)
2492 18
0 3
fi=(233)
547 3
fi=(311)
1563 9
fi=(315)
50 6 3
-50 15
fi=(314)
641 3
fi=(304)
2073 6
fi=(239)
1072 9
fi=(264)
20 6 3
fi=(304)
1236 12
fi=(264)
154 3 0 0 3 1
cob=(2)
cfi=(290)
cfn=(1082)
calls=3 -81 
* 65 15 1
* 3
fi=(297)
434 3 3
fi=(304)
0 3
fi=(264)
20 6 3
fi=(252)
612 9
fi=(264)
154 3 0 0 3 1
cob=(2)
cfi=(290)
cfn=(1082)
calls=3 -81 
* 87 21 5
* 3
fe=(471)
459 9 6
1528 6 0 0 3 1
cfi=(299)
cfn=(4982)
calls=3 607 
* 6
* 6 0 0 3 1
cfi=(283)
cfn=(1216)
calls=3 158 
* 894 162 13 6 1
fi=(252)
612 3
fi=(253)
1815 3
fe=(471)
1528 9 0 0 3 1
cfi=(283)
cfn=(4446)
calls=3 120 
* 13429 2669 139 102 4
fi=(244)
0 9
966 6 3
0 3
fe=(471)
464 12
+1 12 0 0 3 1
cfi=(280)
cfn=(1688)
calls=3 1508 
* 1008 66 2 6
fi=(244)
2173 3
0 6
2173 6 3 1
fe=(471)
466 6 0 0 3 3
cfi=(252)
cfn=(4902)
calls=3 612 
* 9
fi=(264)
20 6 3
154 12 0 0 3 1
cob=(2)
cfi=(290)
cfn=(1082)
calls=3 -81 
* 87 21
* 3
fe=(471)
466 3 3
0 3
469 6 3 2
+1 6 0 0 3 1
cfi=(336)
cfn=(5068)
calls=3 339 
* 30 0 0 3
0 6
fi=(265)
1545 15
fe=(471)
472 9
cfn=(6030) litchi_pptx::notes::package::resolve_slide_root
calls=3 703 
* 42 12 2
* 3
fi=(244)
2173 3
0 3
2173 6 3
fi=(468)
2 3
fe=(471)
476 3 3
+3 9 0 0 3 1
cfi=(260)
cfn=(1198)
calls=3 2351 
* 216 33 2 6 1
* 6 0 0 3 1
cfi=(299)
cfn=(4982)
calls=3 607 
* 6
fi=(283)
16 9 0 0 3 1
cfi=(260)
cfn=(1198)
calls=3 2351 
* 617 95 18 6
* 15
fe=(471)
479 15
fi=(253)
1028 6 3 1
fi=(252)
0 3
fi=(239)
961 6
fi=(233)
1917 24
fi=(253)
1034 3
fi=(252)
632 6 3
0 3
fi=(243)
48 3 0 0 3 1
cob=(2)
cfi=(155)
cfn=(762)
calls=3 3319 
* 99 18
-48 12
fi=(180)
1720 6
fi=(271)
180 4 3 3
fe=(471)
0 1
482 2 0 0 1 1
cfi=(299)
cfn=(4954)
calls=1 660 
* 2
fi=(304)
2479 1
2676 1
fi=(262)
863 2
fi=(311)
1320 1
1563 2
fi=(304)
2210 1
fi=(415)
28 1
fi=(262)
863 1
fi=(415)
28 6
fi=(487) /rustc/59807616e1fa2540724bfbac14d7976d7e4a3860/library/alloc/src/vec/spec_from_iter.rs
+5 1
cfi=(318)
cfn=(6040)
calls=1 -15 
* 327 64 24 4 3
fi=(292)
156 2 1
fe=(471)
0 1
fi=(252)
612 2
fi=(253)
1815 2
fe=(471)
506 3
cfn=(6014)
calls=1 1618 
* 179 43 5
fi=(244)
2173 2 1
fe=(471)
507 2 1
+6 2 0 0 1 1
cfi=(299)
cfn=(4954)
calls=1 660 
* 2
fi=(313)
1002 5
cfi=(310)
cfn=(5298)
calls=1 1309 
* 280 19 7 1
fi=(265)
1367 2 1
fi=(253)
1815 1
fi=(468)
38 7
fi=(264)
-18 2 1
fi=(252)
612 1
fi=(264)
154 4 0 0 1 1
cob=(2)
cfi=(290)
cfn=(1082)
calls=1 -81 
* 29 7 1
* 1
fe=(471)
516 1 1
0 1
517 2 1 1
fi=(252)
632 2 1
fe=(471)
+65 1
0 1 0 0 1 1
cob=(2)
cfi=(155)
cfn=(762)
calls=1 3319 
0 153 25 1
0 1
697 1
cfi=(233)
cfn=(6134)
calls=1 805 
* 289 53 6 7 3
0 1
697 1
cfi=(233)
cfn=(5944)
calls=1 805 
* 512 96 7 12 1
fi=(293)
0 1
fe=(471)
523 4
cfn=(6058) litchi_pptx::notes::package::relationship_target
calls=1 1521 
* 6105 1319 71 40 4
fi=(244)
2173 3 1
+1 3
fe=(471)
523 2
+1 7
cfn=(6064) litchi_pptx::notes::package::validate_leaf_path
calls=1 1580 
* 253 60 19 2 2
fi=(244)
2173 2 1
0 3
fe=(471)
525 1 0 0 1 1
cfi=(280)
cfn=(1688)
calls=1 1508 
* 374 24 6 2
fi=(244)
2173 1
0 3
2173 2 1
fe=(471)
526 3 0 0 1 1
cfi=(299)
cfn=(4982)
calls=1 +81 
* 2
0 1
fi=(283)
16 2 0 0 1 1
cfi=(260)
cfn=(1198)
calls=1 2351 
* 73 10 2 2
* 6
fe=(471)
527 10
cfn=(6080) litchi_pptx::notes::package::require_content_type
calls=1 1594 
* 59 9 1 2 2
fi=(244)
2173 2 1
fe=(471)
529 4 0 0 1 1
cfi=(336)
cfn=(5068)
calls=1 339 
* 10 0 0 1
-1 9
cfi=(466)
cfn=(6084)
calls=1 296 
* 679763 95373 6566 10063 567
fi=(244)
2173 2 1
fe=(471)
535 2
+1 1 0 0 1 1
cfi=(299)
cfn=(4954)
calls=1 660 
* 2
fi=(304)
2479 1
2676 1
fi=(262)
863 2
fi=(311)
1320 1
1563 2
fi=(304)
2210 1
fi=(415)
28 1
fi=(262)
863 1
fi=(415)
28 8
fi=(487)
+5 1
cfi=(318)
cfn=(6040)
calls=1 -15 
* 135 19 5 2 1
fe=(471)
540 2 1 1
fi=(252)
+72 2
fe=(471)
-67 1
fi=(252)
+67 2
fi=(253)
1815 4
fe=(471)
546 1
cfn=(6014)
calls=1 1618 
* 54 12 4
fi=(244)
2173 2 1 1
fi=(468)
52 5
fi=(264)
-32 2 1
fi=(468)
+32 4
fi=(252)
612 2
fi=(264)
154 1 0 0 1 1
cob=(2)
cfi=(290)
cfn=(1082)
calls=1 -81 
* 29 7 1
* 1
fe=(471)
547 3 2
fi=(252)
+85 2 1
fi=(233)
805 1
fi=(243)
48 1 0 0 1 1
cob=(2)
cfi=(155)
cfn=(762)
calls=1 3319 
* 153 25 1
* 1
fe=(471)
697 1 0 0 1 1
cob=(2)
cfi=(155)
cfn=(762)
calls=1 3319 
* 33 6
* 1
fi=(252)
0 1
fe=(471)
552 1 0 0 1 1
cfi=(299)
cfn=(4954)
calls=1 660 
* 2
fi=(304)
2479 1
2676 1
fi=(262)
863 2
fi=(311)
1320 1
1563 2
fi=(304)
2210 1
fe=(471)
552 1
fi=(262)
863 1
fe=(471)
552 5
fi=(313)
2078 1
cfi=(304)
cfn=(2116)
calls=1 3851 
* 20 2 1
fi=(265)
1164 2 1
0 3
fi=(313)
2078 2
cfi=(304)
cfn=(2116)
calls=1 3851 
* 5 1 1
* 1
fi=(265)
1164 2 1 1
0 1
fi=(264)
20 2 1 1
fi=(252)
612 3
fi=(264)
154 1 0 0 1 1
cob=(2)
cfi=(290)
cfn=(1082)
calls=1 -81 
* 19 4 2
* 1
fe=(471)
553 1 1
fi=(252)
0 2
fe=(471)
557 3
cfn=(6058)
calls=1 1521 
* 6073 1137 88 44 4
fi=(244)
2173 3 1 1
+1 3
fe=(471)
557 2
+1 7
cfn=(6064)
calls=1 1580 
* 210 45 8 2
fi=(244)
2173 2 1 1
0 3
fe=(471)
559 1 0 0 1 1
cfi=(280)
cfn=(1688)
calls=1 1508 
* 343 24 6 2
fi=(244)
2173 1
0 3
2173 2 1 1
fe=(471)
560 3 0 0 1 1
cfi=(299)
cfn=(4982)
calls=1 +47 
* 2
0 1
fi=(283)
16 2 0 0 1 1
cfi=(260)
cfn=(1198)
calls=1 2351 
* 206 31 8 2 1
* 6
fe=(471)
561 10
cfn=(6080)
calls=1 1594 
* 47 6 3 2 2
fi=(244)
2173 2 1
fe=(471)
563 3 0 0 1 1
cfi=(336)
cfn=(5068)
calls=1 339 
* 10 0 0 1
-1 9
cfi=(466)
cfn=(6084)
calls=1 296 
* 646567 90761 5224 9125 313
fi=(244)
2173 2 1
0 1
fe=(471)
569 1 0 0 1 1
cfi=(299)
cfn=(4954)
calls=1 +91 
* 2
fi=(304)
2479 1
2676 1
fi=(262)
863 2
fi=(311)
1320 1
1563 2
fi=(304)
2210 1
fe=(471)
569 1
fi=(262)
863 1
fe=(471)
569 5
fi=(313)
2078 1
cfi=(304)
cfn=(2116)
calls=1 3851 
* 5 1 1
fi=(265)
1164 2 1 1
0 1
fe=(471)
573 1 0 0 1 1
cfi=(336)
cfn=(5068)
calls=1 339 
* 10 0 0 1
0 2
574 1 0 0 1 1
cfi=(336)
cfn=(5068)
calls=1 339 
* 10 0 0 1
0 1
572 2
cfi=(467)
cfn=(6102)
calls=1 42 
* 12 1
fi=(244)
2173 3 1
+1 2
fi=(253)
464 3
fi=(488) /rustc/59807616e1fa2540724bfbac14d7976d7e4a3860/library/alloc/src/collections/btree/set.rs
345 2
fi=(180)
1720 1
fi=(271)
180 1 1
0 18
180 2
0 3
fi=(180)
1720 9
fi=(271)
180 3 3 1
0 3
fe=(471)
580 12 0 0 3 1
cfi=(280)
cfn=(1688)
calls=3 1508 
* 1008 66 7 6
fi=(244)
2173 3
0 9
2173 6 3
0 3
fe=(471)
582 3 0 0 3 1
cfi=(299)
cfn=(4954)
calls=3 +78 
* 6
fi=(304)
2479 3
2676 3
fi=(262)
863 6
fi=(311)
1320 3
1563 6
fi=(304)
2210 3
fi=(415)
28 3
fi=(262)
863 3
fi=(415)
28 12
fi=(487)
+5 9
cfi=(318)
cfn=(6040)
calls=3 -15 
* 138 15 8
fe=(471)
586 6 3
fi=(252)
+26 6
fi=(292)
156 3 3 2
fi=(252)
632 6 3 2
fi=(271)
0 1
fi=(304)
2479 1
2676 1
fi=(262)
863 2
fi=(311)
1320 1
1563 2
fi=(262)
863 1
fi=(304)
2210 1
fi=(415)
28 6
fe=(471)
674 1
cfi=(415)
cfn=(4366)
calls=1 135 
* 888 111 37 38 2
-3 2 1 1
fi=(311)
1320 1
1563 2
fi=(415)
28 5
fi=(338)
+93 4
cfi=(259)
cfn=(1058)
calls=1 2461 
* 635 75 15 24 1
fe=(471)
676 2 1 1
0 2
686 1 0 0 1 1
cfi=(260)
cfn=(1198)
calls=1 2351 
* 208 32 4 2 1
0 1
688 1 0 0 1 1
cfi=(252)
cfn=(4902)
calls=1 -76 
* 3
* 3
fi=(252)
433 4
cfn=(1514)
calls=1 +12 
* 68 10 2 1
0 1
433 2 1
+1 2
fi=(256)
+18 2 1
0 1
fi=(233)
547 3 0 0 1 1
cob=(2)
cfi=(211)
cfn=(728)
calls=1 255 
* 22 5 3
0 1
fi=(252)
433 4
cfn=(1514)
calls=1 +12 
* 191 29 3 1
* 1
0 2
433 2 1
+1 2
fi=(256)
+18 2 1
0 3
fi=(233)
547 1 0 0 1 1
cob=(2)
cfi=(211)
cfn=(728)
calls=1 255 
* 15 4 1
0 1
fe=(471)
692 1 0 0 1 1
cfi=(252)
cfn=(4902)
calls=1 -80 
* 3
* 3
fi=(252)
433 4
cfn=(1514)
calls=1 +12 
* 68 10 3 1
0 2
433 2 1
+1 1
fi=(256)
+18 2 1
fi=(233)
+95 4 0 0 1 1
cob=(2)
cfi=(211)
cfn=(728)
calls=1 255 
* 12 2 1
fe=(471)
685 4
+10 5
-12 28
+14 1
cfi=(233)
cfn=(6130)
calls=1 805 
* 28 2 1
fi=(252)
-65 2 1
fi=(233)
805 1
fi=(243)
48 1 0 0 1 1
cob=(2)
cfi=(155)
cfn=(762)
calls=1 3319 
* 33 6
fi=(252)
632 2 1
0 2
fe=(471)

fn=(6030)
703 3
fi=(265)
1583 6 3
fe=(471)
700 9 3
fi=(265)
1589 3 3
fe=(471)
708 3
fi=(265)
1367 6 3 2
+1 6
fe=(471)
713 6

fn=(6154) litchi_pptx::notes::package::relationship_links
1532 16
fi=(304)
3851 4 2
0 2
fi=(313)
639 3
fi=(262)
863 1
fi=(315)
50 2 1 1
fi=(314)
641 1
fi=(239)
1072 2
fi=(252)
612 1
fi=(253)
1815 1
fi=(252)
612 1
fi=(253)
1815 1
fi=(252)
612 1
fi=(300)
187 2
fe=(471)
1536 3
cfi=(468)
cfn=(6160)
calls=1 77 
* 205 34 10 6 6
* 1
fi=(318)
24 4 1
fi=(253)
464 3
fe=(471)
1545 6
+1 8
-1 6
+1 8
0 1
fi=(236)
1037 3
fi=(174)
3051 4
fi=(297)
457 2 1
fi=(252)
0 1
459 2 1
0 1
fi=(243)
14 2 0 0 1 1
cob=(2)
cfi=(155)
cfn=(650)
calls=1 3283 
* 30 6
* 1
fi=(252)
468 2 1 1
fi=(233)
1917 10
fi=(318)
36 4
fi=(304)
3851 1 1 1
fi=(318)
42 6
fi=(319)
-8 2
fi=(297)
434 1 1 1
fe=(471)

fn=(5978)
317 9
+9 5
-3 1
cfn=(5980)
calls=1 426 
* 1456875 206851 13464 20817 1071
fi=(244)
2173 1
0 10
2173 2 1
+1 12
fe=(471)
323 12
+5 4
cfn=(6144) litchi_pptx::notes::package::snapshot_from_index
calls=1 +3 
* 109661 13259 937 290 61
+1 6

fn=(6080)
1594 20
+1 4 0 0 2 2
cfi=(252)
cfn=(4902)
calls=2 612 
* 6
fi=(264)
20 4 2
154 8 0 0 2 2
cob=(2)
cfi=(290)
cfn=(1082)
calls=2 -81 
* 46 11 3
* 2
fe=(471)
1595 2 2 1
+5 10
-4 4

fn=(6144)
331 8
+5 3 1 1
0 4
336 3 0 0 1 1
cob=(2)
cfi=(211)
cfn=(728)
calls=1 -81 
* 30 5 1
717 4 0 0 1 1
cfi=(280)
cfn=(1688)
calls=1 1508 
* 374 24 9 2
fi=(244)
2173 1
0 1
2173 2
0 1
2173 5 1 1
fe=(471)
717 2 0 0 1 1
cfi=(336)
cfn=(5068)
calls=1 339 
* 10 0 0 1
0 3
fi=(252)
765 1
-42 1 1 1
fe=(471)
-2 4 0 0 1 1
cfi=(280)
cfn=(1688)
calls=1 1508 
* 337 22 3 2
fi=(244)
2173 1
0 2
2173 2 1
fe=(471)
721 2 0 0 1 1
cfi=(336)
cfn=(5068)
calls=1 339 
* 10 0 0 1
0 3
fi=(252)
765 1
-42 1 1 1
fi=(253)
464 3
2997 1
fi=(252)
765 1
-77 1 1
fe=(471)
+40 5
fi=(252)
-96 2 1 1
fe=(471)
747 4
fi=(253)
1815 2
fi=(297)
457 1 1 1
fe=(471)
764 2 0 0 1
cob=(2)
cfi=(155)
cfn=(762)
calls=1 3319 
* 153 25 1
fi=(244)
2173 7 1
fe=(471)
364 8
0 2
fi=(244)
2174 37
fe=(471)
339 13
+1 3 0 0 1 1
cfi=(280)
cfn=(1688)
calls=1 1508 
* 337 22 0 2
* 1
fi=(244)
2173 1
0 2
2173 2 1 1
0 1
fe=(471)
341 3
cfi=(475)
cfn=(6180)
calls=1 28 
* 5271 805 129 82 11
fi=(243)
14 2 0 0 1 1
cob=(2)
cfi=(155)
cfn=(650)
calls=1 3283 
* 293 56 3
* 1
fi=(245)
248 2 1 1
fi=(260)
2352 3
fi=(252)
459 2 1
fi=(260)
2352 1
fi=(243)
14 2 0 0 1 1
cob=(2)
cfi=(155)
cfn=(650)
calls=1 3283 
* 170 29 4
fi=(252)
468 2 1
fi=(233)
+79 5 0 0 1 1
cob=(2)
cfi=(211)
cfn=(728)
calls=1 255 
* 11 2
* 1
fi=(260)
2352 1
fi=(252)
459 4 1
fi=(260)
2352 1
fi=(243)
14 2 0 0 1 1
cob=(2)
cfi=(155)
cfn=(650)
calls=1 3283 
* 284 55 3
fi=(252)
468 2 1
0 1
fi=(233)
547 4 0 0 1
cob=(2)
cfi=(211)
cfn=(728)
calls=1 255 
* 22 5
0 1
fi=(180)
444 1
fi=(173)
3923 1 1
fi=(337)
2405 1 1 1
0 1
310 1
fi=(475)
24 1
fi=(252)
459 4 1
fi=(475)
24 1
fi=(252)
-24 4
fi=(243)
14 1 0 0 1 1
cob=(2)
cfi=(155)
cfn=(650)
calls=1 3283 
* 30 6 1
fi=(252)
468 2 1 1
fi=(253)
965 7
0 16
fi=(300)
14 8
fi=(256)
-14 16
fi=(331) /rustc/59807616e1fa2540724bfbac14d7976d7e4a3860/library/core/src/mem/maybe_uninit.rs
564 88
fi=(489) /rustc/59807616e1fa2540724bfbac14d7976d7e4a3860/library/core/src/iter/adapters/take.rs
37 40 8 1
fi=(180)
1720 8
fi=(271)
180 8 8
fi=(260)
2352 32
fi=(252)
459 16 8 3
fi=(260)
2352 8
fi=(243)
14 16 0 0 8 1
cob=(2)
cfi=(155)
cfn=(650)
calls=8 3283 
* 1276 214 32
fi=(252)
468 16 8 2
0 8
fi=(233)
547 32 0 0 8 1
cob=(2)
cfi=(211)
cfn=(728)
calls=8 255 
* 116 30 6
* 8
fi=(260)
2352 8
fi=(252)
459 24 8 4
fi=(260)
2352 16
fi=(243)
14 8 0 0 8
cob=(2)
cfi=(155)
cfn=(650)
calls=8 3283 
* 1969 394 52
fi=(252)
468 16 8 2
fi=(256)
0 8
fi=(233)
547 32 0 0 8
cob=(2)
cfi=(211)
cfn=(728)
calls=8 255 
* 176 40
* 8
fi=(260)
2352 8
fi=(252)
459 16 8
0 16
fi=(260)
2352 8
fi=(243)
14 16 0 0 8 1
cob=(2)
cfi=(155)
cfn=(650)
calls=8 3283 
* 1068 182 11
fi=(252)
468 16 8
fi=(256)
0 8
fi=(233)
547 32 0 0 8 1
cob=(2)
cfi=(211)
cfn=(728)
calls=8 255 
* 94 19 6
* 24
0 4
fi=(252)
459 1 1
0 1
fi=(243)
14 2 0 0 1 1
cob=(2)
cfi=(155)
cfn=(650)
calls=1 3283 
* 30 6
fi=(252)
468 2 1
0 1
fi=(233)
547 4 0 0 1 1
cob=(2)
cfi=(211)
cfn=(728)
calls=1 255 
* 12 2
* 1
fi=(244)
0 1
fe=(471)
749 7
+2 2 0 0 1 1
cfi=(280)
cfn=(1688)
calls=1 1508 
* 374 24 4 2
fi=(244)
2173 1
0 2
2173 2 1 1
fe=(471)
751 2 0 0 1 1
cfi=(299)
cfn=(4954)
calls=1 -91 
* 2
* 4
cfn=(6154)
calls=1 1532 
* 328 48 14 7 7
+2 4
fi=(253)
1815 2
fi=(297)
457 1 1
fi=(252)
0 2
798 7
cfn=(1182)
calls=1 542 
* 299 60 15 1
fi=(244)
2173 2 1 1
fi=(252)
0 2
459 1 1
0 1
fi=(243)
14 3 0 0 1
cob=(2)
cfi=(155)
cfn=(650)
calls=1 3283 
* 30 6
fi=(252)
468 2 1
0 1
fi=(233)
547 4 0 0 1
cob=(2)
cfi=(211)
cfn=(728)
calls=1 255 
* 11 2 2
* 1
fi=(253)
2168 2
fi=(256)
440 6
fe=(471)
-98 11
fi=(253)
1187 4
fe=(471)
344 4
cfi=(283)
cfn=(1028)
calls=1 43 
* 3080 737 80 10 3
* 2
fi=(244)
0 1
966 2 1 1
+1 2
2174 2
fe=(471)
344 4
-1 2 0 0 1 1
cfi=(280)
cfn=(1688)
calls=1 1508 
* 374 24 3 2
fi=(244)
2173 1
0 2
2173 2 1
0 1
fe=(471)
343 1
cfi=(475)
cfn=(6180)
calls=1 28 
* 1295 216 22 16
0 1
fi=(253)
1029 1 0 0 1 1
cfi=(252)
cfn=(1536)
calls=1 186 
* 607 102 16 2
fi=(252)
612 1
fi=(233)
1917 10
fi=(253)
1034 1
fi=(252)
632 2 1 1
fi=(233)
805 1
fi=(243)
48 1 0 0 1 1
cob=(2)
cfi=(155)
cfn=(762)
calls=1 3319 
* 33 6
-48 3
fe=(471)
347 1
cfi=(283)
cfn=(1028)
calls=1 43 
* 2467 534 57 10
fi=(244)
966 2 1 1
+1 2
2174 2
fe=(471)
347 4
-1 2 0 0 1 1
cfi=(280)
cfn=(1688)
calls=1 1508 
* 337 22 3 2
fi=(244)
2173 1
0 2
2173 2 1
0 1
fe=(471)
346 1
cfi=(475)
cfn=(6180)
calls=1 28 
* 324 47 5 9
0 2
fi=(253)
992 1
cfn=(5320)
calls=1 +31 
* 27 1 1
fi=(252)
632 2 1 1
fi=(233)
805 1
fi=(243)
48 1 0 0 1
cob=(2)
cfi=(155)
cfn=(762)
calls=1 3319 
* 33 6
fi=(253)
1815 1
fi=(180)
-95 1
fi=(271)
180 1 1 1
fi=(244)
2174 2
fi=(233)
547 3 0 0 1 1
cob=(2)
cfi=(211)
cfn=(728)
calls=1 255 
* 747 66 5
* 1
0 2
fi=(252)
798 7
cfn=(1182)
calls=1 542 
* 367 74 13 1
fi=(244)
2173 2 1
fe=(471)
755 7
+3 2 0 0 1 1
cfi=(280)
cfn=(1688)
calls=1 1508 
* 337 22 1 2
fi=(244)
2173 1
0 2
2173 2 1
fe=(471)
758 1 0 0 1 1
cfi=(299)
cfn=(4954)
calls=1 -98 
* 2
-1 4
cfn=(6154)
calls=1 1532 
* 27 1
-5 4
-6 4
+16 4
fi=(252)
632 2 1
fi=(233)
805 1
fi=(243)
48 1 0 0 1 1
cob=(2)
cfi=(155)
cfn=(762)
calls=1 3319 
* 33 6
fi=(252)
632 1
fe=(471)
0 8
fi=(252)
632 1 1
fi=(233)
805 4
fi=(244)
2174 2
fi=(233)
547 3 0 0 1 1
cob=(2)
cfi=(211)
cfn=(728)
calls=1 255 
* 749 66 2
* 1
0 2
fe=(471)
358 1 0 0 1 1
cfi=(299)
cfn=(4982)
calls=1 607 
* 2
0 1
fi=(283)
16 2 0 0 1 1
cfi=(260)
cfn=(1198)
calls=1 2351 
* 72 10 3 2
* 4
fe=(471)
359 15
-2 1
cfi=(475)
cfn=(6226)
calls=1 68 
* 84487 9125 398 54 9
* 1
fi=(244)
835 2 1 1
0 1
836 3 0 0 1 1
cob=(2)
cfi=(211)
cfn=(728)
calls=1 255 
* 65 9 2
* 1
fe=(471)

fn=(6486)
143 8
fi=(253)
464 3
fi=(252)
765 1
-42 1 1 1
fe=(471)
168 6
fi=(319)
34 1
fi=(297)
434 1 1 1
fe=(471)
211 6
-43 1
+1 8
0 4
fi=(252)
798 6
cfn=(1182)
calls=1 542 
* 75 11 4 1
fi=(244)
2173 2 1
+1 1
fi=(252)
774 1
+1 3 1
0 18
fi=(233)
547 3
fi=(311)
1563 9
fi=(315)
50 6 3
fi=(314)
641 3
fi=(304)
2073 6
fi=(239)
1072 9
fi=(236)
1878 3
fi=(297)
434 9 6 2
fi=(464)
0 3
fi=(180)
444 3
fi=(173)
3923 3 3
fi=(337)
2405 3 3
fi=(265)
1583 3
fi=(233)
2420 3
fi=(265)
1584 9 6
fe=(471)
162 12
fi=(253)
1025 3
+3 6 3
fi=(252)
612 3
fi=(239)
961 6
fi=(233)
1917 12
fi=(253)
1034 9
fe=(471)
152 9 3 2
fi=(271)
0 3
fi=(180)
1720 3
fi=(271)
180 4 3 3
fe=(471)
-25 12
fi=(310)
258 9
cfi=(308)
cfn=(1296)
calls=3 694 
* 642 36 5
fi=(324)
48 24
fe=(471)
201 1
fi=(319)
50 1
fi=(297)
434 1 1
fi=(319)
51 3
cfi=(320)
cfn=(2560)
calls=1 580 
* 72 6 2
fi=(253)
2602 17 2 1
+7 2
fi=(236)
1878 2
fi=(253)
2611 2 2 1
fe=(471)

fn=(6014)
1618 10
fi=(180)
1720 5
fi=(271)
180 5 5 2
fi=(265)
2126 5
fi=(266)
783 50 10 3
fi=(180)
1720 5
fi=(271)
180 5 5 2
fe=(471)
1628 5
+2 10
0 15
fi=(180)
1720 50
fi=(271)
180 25 25 6
fi=(259)
2469 25
fi=(266)
888 50
fe=(471)
1624 130 46 8

fn=(6064)
1580 26
fi=(292)
2624 4 2
0 6
fi=(264)
154 6 0 0 2 1
cob=(2)
cfi=(290)
cfn=(1082)
calls=2 -81 
* 38 8 3
* 2
fi=(285)
1018 2 2 2
fe=(471)
1593 16
-9 6 2
0 2
fi=(274)
27 4 2 1
-27 1
40 20 10
-1 31 10 5
fi=(233)
2292 2
fi=(274)
71 3 1 1
-31 14 6 1
-1 18 6 4
-39 1
81 2 1 1
-81 1
39 2 1 1
+1 1
-40 1
40 20 10 2
-1 30 10 4
-39 4
fi=(285)
507 6 0 0 2 1
cfi=(274)
cfn=(1224)
calls=2 111 
* 122 20 2
* 4 2
fi=(174)
923 4 2
fi=(264)
154 2
fi=(285)
521 2 2
0 2
fi=(301)
211 4
fi=(265)
662 2 2
fi=(266)
+8 2
817 8
670 2
+25 2
fi=(322) /rustc/59807616e1fa2540724bfbac14d7976d7e4a3860/library/core/src/slice/ascii.rs
91 2 2
fi=(266)
670 2
817 8
670 2
+25 2
fi=(322)
91 2 2
fi=(266)
670 2
817 8
670 2
+25 2
fi=(322)
91 2 2
fe=(471)
1592 4

fn=(6058)
1521 8
+4 4 2 2
0 2
1528 4 0 0 2 2
cfi=(299)
cfn=(4982)
calls=2 607 
* 4
* 4 0 0 2 1
cfi=(283)
cfn=(1216)
calls=2 158 
* 593 108 9 4 1
fi=(252)
612 2
fi=(253)
1815 4
fe=(471)
1528 6 0 0 2 2
cfi=(283)
cfn=(4446)
calls=2 120 
* 11523 2344 148 74 2
fi=(244)
966 4 2
+1 10
0 2
fe=(471)
1530 8

fl=(336)
fn=(5068)
339 71
0 142
339 213 0 0 71
fi=(265)
1230 71
fi=(252)
612 71
fi=(253)
1815 71
fi=(299)
625 71
fe=(336)

fl=(447)
fn=(5218)
120 81
fi=(263)
0 18
fi=(378)
288 9
fi=(434)
116 81
246 81
fi=(270)
438 18 9 2
0 27
fi=(434)
124 144
-10 126
fe=(447)
+12 18 0 0 9 9
cob=(2)
cfi=(211)
cfn=(728)
calls=12 255 
* 270 45 10
* 18
fi=(434)
+54 18 9 2
0 84
fi=(233)
805 18 6
fi=(434)
180 45 15
+3 72
cfi=(372)
cfn=(5224)
calls=33 697 
* 3939 612 37 63 1
0 24
183 138 24 2
+4 75 0 0 15 1
cfn=(4110)
calls=21 -55 
* 1500 108 12
fi=(244)
594 30
fi=(434)
188 15 15
0 15
191 75
fe=(447)
-64 90
fi=(374)
+67 15
fi=(262)
863 15
fi=(173)
3890 45
fi=(355)
153 60 0 0 15 1
cfn=(2262)
calls=21 -75 
* 672 111 14
fi=(265)
2766 30 15 6
fi=(173)
3890 27
fi=(355)
153 36 0 0 9 1
cfn=(2262)
calls=12 -75 
* 426 75 16
fi=(265)
2766 18 9 2
fi=(270)
0 9
fi=(264)
20 18 9
154 36 0 0 9 1
cob=(2)
cfi=(290)
cfn=(1082)
calls=12 -81 
* 171 36 4
* 9
fe=(447)
-26 9 9 9
fi=(434)
0 18
fi=(265)
636 9
fe=(447)
129 9 9
fi=(372)
+82 36
cfn=(4128)
calls=12 +45 
* 1674 279 28 9 7
0 9
fi=(244)
966 27 9
+1 27
fi=(263)
332 27 9
0 9
fi=(297)
457 9 9
fi=(252)
+2 9 9 7
0 9
fi=(243)
14 18 0 0 9 1
cob=(2)
cfi=(155)
cfn=(650)
calls=12 3283 
* 246 48 6
fi=(252)
468 18 9
fi=(256)
0 9
fi=(233)
547 36 0 0 9
cob=(2)
cfi=(211)
cfn=(728)
calls=12 255 
* 147 45 6
* 27
805 27 9 2
fi=(434)
184 18
cfi=(233)
cfn=(5210)
calls=12 805 
* 144 18
* 9
fi=(252)
632 18 9
fi=(233)
805 54 9
cfn=(5210)
calls=12 * 
* 126 9 1
0 9
fe=(447)
143 45
+1 81

fl=(453)
fn=(5854)
1131 42
fi=(339)
337 18
0 3
337 9 3
0 3
339 3
0 9
fe=(453)
1137 3
cfn=(5392) litchi_pptx::parts::slide::root_name_from_xml
calls=3 35 
* 22762 3852 305 228 45
fi=(244)
2173 9 3 1
+1 6
fi=(264)
20 6 3
154 15
fe=(453)
1137 3 3 2
fi=(252)
632 6 3
fi=(243)
48 3 0 0 3 1
cob=(2)
cfi=(155)
cfn=(762)
calls=3 3319 
* 99 18 2
fi=(339)
337 33 3
0 3
339 3
fi=(253)
0 15
fi=(361)
780 42
fi=(433)
59 3 0 0 3 1
cfi=(374)
cfn=(4000)
calls=3 571 
* 3722 504 41 21
-2 93
+17 30 9 5
-5 27
cfi=(361)
cfn=(5100)
calls=9 978 
* 6228 681 61 90 9
+1 36
cfn=(5112)
calls=9 +10 
* 13304 2784 166 102 3
fi=(244)
2173 9
0 54
2173 18 9
fi=(433)
583 54
+1 36 0 0 9 1
cfi=(374)
cfn=(4026)
calls=9 933 
* 1128 141 7 18
fi=(244)
967 99
fi=(444)
56 39 15 4
fi=(233)
805 9 3 3
fi=(263)
350 6
fi=(378)
218 6
fi=(270)
438 12 6 2
fi=(263)
-88 6
fi=(262)
863 6
fi=(173)
3890 12
fi=(355)
153 18 0 0 6 1
cfn=(2262)
calls=6 -75 
* 246 36 4
fi=(265)
2766 12 6
fi=(262)
619 12
fi=(270)
-46 12
89 6
fi=(264)
-69 21 6 3
154 3
fi=(444)
22 3 3 2
fi=(233)
805 27 9 4
fi=(243)
0 3
fi=(444)
25 30 6
fi=(264)
-5 12 6
154 15 0 0 3 1
cob=(2)
cfi=(290)
cfn=(1082)
calls=3 -81 
* 51 12 3
* 3
fi=(444)
-96 3 3
-58 9
fi=(252)
632 6 3
fi=(233)
805 3
fi=(243)
48 3 0 0 3 1
cob=(2)
cfi=(155)
cfn=(762)
calls=3 3319 
* 99 18
fi=(252)
632 6 3
fi=(233)
805 3
fi=(243)
48 3 0 0 3 1
cob=(2)
cfi=(155)
cfn=(762)
calls=3 3319 
* 99 18
fi=(252)
632 6 3
fi=(233)
805 3
fi=(243)
48 3 0 0 3 1
cob=(2)
cfi=(155)
cfn=(762)
calls=3 3319 
* 99 18
fi=(252)
632 6 3
fi=(233)
805 3
fi=(243)
48 3 0 0 3 1
cob=(2)
cfi=(155)
cfn=(762)
calls=3 3319 
* 507 89 11
-48 3
fe=(453)
1141 6 3 2
fi=(244)
594 3
fi=(465)
66 3 3
-66 3
fe=(453)
1141 9
fi=(265)
1545 6 3 2
fe=(453)
0 3
1169 18
fi=(233)
805 27 3 2
fe=(453)
1170 6
fi=(244)
835 6 3
fi=(265)
1065 9 3 2
+1 6
0 6
fe=(453)
1171 63
+1 24
fi=(339)
337 27 3
fi=(444)
0 3
fi=(233)
805 9 3 2
fi=(339)
338 9
0 9
fi=(466)
334 30
cfn=(5882)
calls=3 +22 
* 468170 62227 4144 7401 465
* 3
0 3
fi=(325)
433 3
fi=(233)
805 3 3 3
0 3
805 6
cfn=(5944)
calls=3 * 
* 90 18 14
* 3
0 3
fi=(444)
57 12
+4 15 0 0 3 1
cfi=(447)
cfn=(5218)
calls=3 +59 
* 3255 507 65 39 4
fi=(244)
2173 3
0 9
2173 6 3
0 3
fi=(265)
1097 6
0 27
fi=(444)
0 12
fi=(233)
805 6 3 2
fi=(444)
67 6 3 2
fe=(453)

fn=(5392)
35 24
fi=(361)
780 42
fi=(433)
59 3 0 0 3
cfi=(374)
cfn=(4000)
calls=6 571 
* 3746 508 48 21
-59 3
57 90
+17 15 6
-5 18
cfi=(361)
cfn=(5100)
calls=12 978 
* 4329 462 40 63 9
+1 24
cfn=(5112)
calls=12 +10 
* 11515 2428 159 84 12
fi=(244)
2173 6
0 36
2173 12 6 2
fi=(433)
583 36
+1 24 0 0 6 1
cfi=(374)
cfn=(4026)
calls=12 933 
* 615 75 6 9 3
0 6
fi=(244)
2174 66
fe=(453)
38 18
+1 18 6 2
-39 6
39 18 0 0 6 6
fi=(233)
805 21 6 3
fi=(293)
0 9
fe=(453)
40 18
fi=(270)
438 9 3
fi=(262)
863 6
fi=(173)
3890 6
fi=(355)
153 12 0 0 3 1
cfn=(2262)
calls=6 -75 
* 123 18 3
0 6
fi=(265)
2766 6 3
fi=(262)
619 6
fi=(270)
-46 6
89 6
fi=(173)
3890 6
fi=(355)
153 12 0 0 3
cfn=(2262)
calls=6 -75 
* 123 18 2
* 3
fi=(265)
2766 6 3
fi=(262)
619 6
fi=(270)
-46 6
89 6
fi=(264)
-69 6 3
154 12 0 0 3 1
cob=(2)
cfi=(290)
cfn=(1082)
calls=6 -81 
* 57 12
* 3
fi=(444)
22 3 3
fe=(453)
-22 6
fi=(233)
805 9 3
fe=(453)
55 9 3
fi=(233)
805 12 3
fi=(252)
632 6 3
fi=(233)
805 3
fi=(243)
48 3 0 0 3 1
cob=(2)
cfi=(155)
cfn=(762)
calls=6 3319 
* 99 18
fi=(252)
632 6 3
fi=(233)
805 3
fi=(243)
48 3 0 0 3 3
cob=(2)
cfi=(155)
cfn=(762)
calls=6 3319 
* 99 18 5
fi=(252)
632 6 3
fi=(233)
805 3
fi=(243)
48 3 0 0 3 1
cob=(2)
cfi=(155)
cfn=(762)
calls=6 3319 
* 99 18 3
fi=(252)
632 6 3
fi=(233)
805 3
fi=(243)
48 3 0 0 3 1
cob=(2)
cfi=(155)
cfn=(762)
calls=6 3319 
* 520 88 6
fe=(453)
+8 24
-56 6
fi=(444)
25 24 6
fi=(264)
-5 12 6
154 9
0 3
154 3 0 0 3 1
cob=(2)
cfi=(290)
cfn=(1082)
calls=6 -81 
* 51 12
* 3
fe=(453)
41 3 3 3
fi=(173)
3890 6
fi=(355)
153 12 0 0 3 3
cfn=(2262)
calls=6 -75 
* 123 18 10
fi=(265)
2766 6 3
fi=(262)
619 6
fi=(270)
-46 9
89 6
-89 3
fi=(297)
457 3 3
fi=(252)
+2 3 3
0 3
fi=(298)
95 9
cfi=(164)
cfn=(1758)
calls=6 -95 
* 105 18 1 3
fi=(252)
468 6 3
fi=(256)
0 3
fi=(233)
547 12 0 0 3 1
cob=(2)
cfi=(211)
cfn=(728)
calls=6 255 
* 54 18 3
* 3
0 3
fi=(260)
561 9 0 0 3 1
cfi=(352)
cfn=(2200)
calls=6 89 
* 162 33 7
* 6 3 2
fi=(244)
0 3
967 15
fe=(453)

fl=(339)
fn=(6478)
296 7
+5 1
+1 4
+3 2 1
fi=(244)
0 1
fe=(339)
326 1
cfi=(233)
cfn=(6482)
calls=1 805 
* 22 2 2
* 10

fn=(5380)
459 33
+1 9 0 0 3
cfi=(252)
cfn=(4902)
calls=6 612 
* 9
fi=(264)
20 6 3
154 12 0 0 3
cob=(2)
cfi=(290)
cfn=(1082)
calls=6 -81 
* 87 21 3
* 3
fe=(339)
460 3 3
+1 6
+6 27

fl=(299)
fn=(1660) <T as litchi_opc::part::PartClone>::clone_part
36 96
+1 24 0 0 24 1
cfn=(6328) <litchi_opc::part::XmlPart as core::clone::Clone>::clone
calls=24 418 
* 69351 11177 607 670 18
fi=(243)
-23 48 0 0 24 1
cob=(2)
cfi=(155)
cfn=(650)
calls=24 3283 
* 4502 799 23
fi=(245)
248 48 24 2
0 24
289 96 0 0 24
cob=(2)
cfi=(211)
cfn=(728)
calls=24 -34 
* 1272 192 49
fe=(299)
38 120

fn=(6208)
627 51
fi=(336)
339 51
0 102
339 153 0 0 51 1
fi=(265)
1277 51
0 102 102 6
fe=(299)
629 102

fn=(6328)
418 216
fi=(260)
2352 48
fi=(252)
459 48 24 3
fi=(260)
2352 24
fi=(243)
14 48 0 0 24 1
cob=(2)
cfi=(155)
cfn=(650)
calls=24 3283 
* 3819 648 11
fi=(252)
468 48 24
fi=(256)
0 24
fi=(233)
547 96 0 0 24 1
cob=(2)
cfi=(211)
cfn=(728)
calls=24 255 
* 277 48 5
fi=(260)
2352 24
fi=(252)
459 48 24
fi=(260)
2352 24
fi=(243)
14 48 0 0 24 1
cob=(2)
cfi=(155)
cfn=(650)
calls=24 3283 
* 3311 582 21
fi=(252)
468 48 24 2
0 24
fi=(233)
547 96 0 0 24 1
cob=(2)
cfi=(211)
cfn=(728)
calls=24 255 
* 498 111 29
fi=(336)
250 24
0 96 24 2
250 72 0 0 24 1
0 48 24 3
250 48
fe=(299)
423 96
cfi=(300)
cfn=(1612)
calls=24 232 
* 58926 9620 529 550 13
fi=(302)
105 24
fi=(411)
-46 48 24 2
fi=(303)
555 48
fi=(174)
2457 24
fi=(175)
902 24
fe=(299)
419 888
+9 216

fn=(4954)
660 76
+1 76

fn=(4982)
607 272
+1 272

fn=(5052) <litchi_opc::part::XmlPart as litchi_opc::part::Part>::ensure_payload
631 408
fi=(336)
296 136 68 3
fi=(244)
836 68
fe=(299)
633 340

fl=(433)
fn=(5112)
80 8106
+1 9264 3474 265
-81 360
82 1800
+1 1440 0 0 360 225
cfi=(374)
cfn=(4038)
calls=493 708 
* 128430 21633 1357 1658 38
fi=(244)
2173 720 360
fe=(433)
84 2160
+15 264
+2 8106
-8 1400
+3 350
+1 700
+4 4042 1464
fi=(233)
0 404
fe=(433)
86 2424
+1 1616 0 0 404 13
cfi=(374)
cfn=(4038)
calls=535 708 
* 157766 24876 1558 2463 7
fi=(244)
2173 808 404
fe=(433)
90 404
+1 2020
-91 808
101 808 404
0 720
101 720 360

fl=(258)
fn=(1068)
104 108
+6 18
+1 18
+1 36 18
fi=(259)
326 36 18
fi=(289)
658 36 18
+4 36
+1 18
cfi=(285)
cfn=(1074)
calls=345 432 
* 2142 216 8 18
* 36 18
+2 18
+2 18
-9 36 18
0 18
fe=(258)
119 108
0 54
fi=(289)
658 106 53
+4 53
+1 159
cfi=(285)
cfn=(1074)
calls=1083 432 
* 6309 1167 100 35
* 106 53 6
+2 70
+1 35
fi=(301)
211 35
fi=(262)
863 35
fi=(289)
667 35
fi=(264)
20 70 35
fi=(289)
643 36 18
+1 18
+4 18
0 54
646 54 18
fi=(262)
863 18
fi=(264)
20 142 71 2
fe=(258)
+84 30
+6 5
+1 5
+1 10 5 2
fi=(259)
326 10 5
fi=(289)
658 10 5
+4 10
+1 5
cfi=(285)
cfn=(1074)
calls=30 432 
* 595 60 3 5 1
* 10 5
+2 5
+2 5
-9 10 5
0 5
fe=(258)
119 30
0 15
fi=(289)
658 28 14 2
+4 14
+1 42
cfi=(285)
cfn=(1074)
calls=82 432 
* 1830 360 40 9
* 28 14 2
+2 18
+1 9
fi=(301)
211 9
fi=(262)
863 9
fi=(289)
667 9
fi=(264)
20 18 9 2
fi=(289)
643 10 5 2
+1 5
+4 5
0 15
646 15 5
fi=(262)
863 5
fi=(264)
20 38 19 1
fe=(258)

fl=(333)
fn=(5342)
141 22
fi=(173)
3891 8 2 2
0 6
fe=(333)
154 2
fi=(173)
4043 2
fe=(333)
155 2 2 1
-11 4
+1 4
+1 6 2 1
+28 4
-2 10
+6 2 0 0 2 2
cfi=(451)
cfn=(5346) std::sync::once::Once::call_once_force::{{closure}}
calls=1 +41 
* 14 2
cfi=(451)
cfn=(5346)
calls=2 +41 
* 16 1
fi=(303)
555 2
fi=(173)
3908 2 2
fe=(333)
62 4 2 1
205 16

fl=(451)
fn=(5346)
219 2
fi=(175)
901 2
+1 1
fi=(265)
1014 2 1
fi=(175)
901 1
+1 1
fi=(265)
1014 2 1
fi=(331)
564 1
fe=(451)
219 4
fi=(175)
901 3
+1 1
fi=(265)
1014 3 1
+1 2
fi=(331)
564 3
fe=(451)
219 2

fl=(280)
fn=(1688)
1508 680
fi=(304)
1365 68
fi=(310)
-56 136 68 4
0 68
258 476
cfi=(308)
cfn=(1296)
calls=75 694 
* 15847 876 85
* 68
fi=(324)
48 136
fi=(304)
2492 544
0 68
fi=(233)
547 68
fi=(311)
1563 204
fi=(315)
50 136 68
-50 408
fi=(314)
641 68
fi=(304)
2073 136
fi=(239)
1072 136
fi=(264)
20 136 68
fi=(304)
1236 272
fi=(264)
154 340 0 0 68 1
cob=(2)
cfi=(290)
cfn=(1082)
calls=75 -81 
* 1238 274 22
* 272
fi=(297)
434 68 68 10
fe=(280)
1510 204
fi=(265)
0 136
fe=(280)
1520 136 0 0 68 1
cfi=(299)
cfn=(5052)
calls=74 631 
* 952 68 3
fi=(244)
2173 136 68 2
fe=(280)
1521 272
+1 612

fn=(5028)
1477 9
fi=(304)
2210 1
3851 2 1 1
0 1
2479 1
fi=(311)
1320 1
fi=(313)
544 2
fi=(262)
863 2
fi=(315)
50 6 3 1
fi=(314)
499 3
641 3
fi=(315)
38 6
fi=(239)
1072 6
fi=(304)
3861 3
fi=(252)
612 3
fi=(253)
1815 3
fi=(264)
20 12 6 1
154 3 0 0 1
cob=(2)
cfi=(290)
cfn=(1082)
calls=4 -81 
* 29 7
* 1
fi=(259)
2945 1 1
fi=(304)
3851 4 2 2
fe=(280)
1499 9
0 1
fi=(304)
3851 2 1 1
fe=(280)
0 1
1492 3 1
fi=(344) /home/zhuhe/code/litchi/crates/litchi-opc/src/lib.rs
0 2
fe=(280)
1497 2 0 0 1
cfi=(300)
cfn=(5042)
calls=4 205 
* 4219 841 80 29 1
fi=(244)
2173 1
0 3
2173 1
0 2
2173 2 1
fe=(280)
1497 5
+1 3 0 0 1
cfn=(1688)
calls=4 +10 
* 337 22 1 2
fi=(252)
632 2 1
fi=(233)
805 1
fi=(243)
48 1 0 0 1 1
cob=(2)
cfi=(155)
cfn=(762)
calls=4 3319 
* 33 6
* 1
fe=(280)

fn=(1608)
381 9
fi=(334) /home/zhuhe/code/litchi/crates/litchi-opc/src/limits.rs
115 4 0 0 1 1
cob=(2)
cfi=(211)
cfn=(728)
calls=2 255 
* 30 5 2
* 1
fe=(280)
386 2
cfi=(300)
cfn=(1612)
calls=2 232 
* 3843 691 78 34 9
fi=(310)
193 1
fi=(304)
2697 1
3311 3 1 1
2676 2
fi=(174)
3051 2
fi=(297)
457 1 1
fi=(174)
769 1
fi=(304)
224 1
+1 1
fi=(174)
769 6
fi=(297)
457 2 1
fi=(298)
186 3 1 1
0 1
95 1
fi=(243)
-82 1 1
+1 2 0 0 1 1
cob=(2)
cfi=(155)
cfn=(650)
calls=2 3283 
* 391 99 15
* 4
fi=(335)
+5 2 1
fi=(239)
961 1
fi=(304)
185 6
3325 4
2665 1
fi=(233)
547 4 0 0 1 1
cob=(2)
cfi=(211)
cfn=(728)
calls=2 255 
* 12 2 1
fi=(304)
2210 2
3851 2 1 1
0 1
fi=(311)
1320 1
fi=(304)
3595 2
fi=(262)
863 4
fi=(315)
50 48 24 2
-50 1
fi=(311)
1320 1
fi=(239)
1072 1
fi=(262)
863 1
fi=(315)
113 2
-63 1 1
-50 24
fi=(314)
641 24
fi=(239)
1072 48
fi=(260)
2352 24
fi=(252)
459 72 24
fi=(260)
2352 48
fi=(243)
14 48 0 0 24 1
cob=(2)
cfi=(155)
cfn=(650)
calls=45 3283 
* 3414 581 4
fi=(252)
468 48 24 1
0 24
fi=(233)
547 96 0 0 24 1
cob=(2)
cfi=(211)
cfn=(728)
calls=45 255 
* 277 48 10
* 24
0 24
fi=(299)
43 72 0 0 24 1
cfn=(1660)
calls=24 -7 
* 75581 12192 681 742 20
* 24
fi=(304)
-43 96
fi=(262)
619 96
fi=(239)
1072 120
fi=(233)
1917 144
fi=(304)
3472 48
3851 72 24 1
0 1
3478 2
+1 2
3338 6
fi=(310)
192 7
fi=(313)
1398 1
fi=(310)
193 1
fi=(304)
2697 1
3311 2 1
2676 2
fi=(174)
3051 2
fi=(297)
457 1 1
fi=(304)
0 1
225 1
fi=(174)
769 6
fi=(297)
457 2 1 1
fi=(298)
186 3 1
0 1
95 1
fi=(243)
-82 1 1
+1 2 0 0 1 1
cob=(2)
cfi=(155)
cfn=(650)
calls=1 3283 
* 360 84 10
* 2
fi=(335)
+5 2 1
fi=(239)
961 2
fi=(304)
185 6
3325 4
2665 3
fi=(233)
547 2 0 0 1 1
cob=(2)
cfi=(211)
cfn=(728)
calls=1 255 
* 12 2 1
* 1
fi=(304)
2210 2
3851 2 1
0 1
fi=(311)
1320 1
fi=(304)
3595 2
fi=(262)
863 4
0 144 24
619 96
fi=(239)
1072 96
fi=(233)
1917 336
fi=(304)
3472 24
3851 48 24 3
fi=(315)
50 48 24 6
-50 1
fi=(311)
1320 1
fi=(239)
1072 1
fi=(262)
863 1
fi=(315)
113 2
-63 1 1 1
fi=(314)
499 24
641 24
fi=(239)
1072 72
fi=(260)
2352 24
fi=(252)
459 48 24 1
0 48
fi=(260)
2352 24
fi=(243)
14 48 0 0 24
cob=(2)
cfi=(155)
cfn=(650)
calls=24 3283 
* 4424 763 47
fi=(252)
468 48 24 3
0 24
fi=(233)
547 96 0 0 24
cob=(2)
cfi=(211)
cfn=(728)
calls=24 255 
* 277 48 5
* 96
0 24
fi=(336)
250 24
0 96 24 2
250 72 0 0 24 1
0 1
fi=(304)
3478 2
+1 2
3338 7
fi=(310)
192 6
fi=(313)
1398 1
fi=(265)
2262 4 1 1
+2 1
fi=(334)
115 4 0 0 1 1
cob=(2)
cfi=(211)
cfn=(728)
calls=2 255 
* 30 5 1
fi=(265)
2262 3 1 1
fi=(337)
0 2
fi=(310)
193 1
fi=(304)
2697 1
3311 2 1
2676 1
fi=(174)
3051 2
fi=(297)
457 1 1
fi=(174)
3051 2
fi=(304)
225 1
fi=(174)
769 6
fi=(297)
457 2 1 1
fi=(298)
186 3 1
-91 1
fi=(243)
-82 1 1
+1 2 0 0 1 1
cob=(2)
cfi=(155)
cfn=(650)
calls=1 3283 
* 288 68 8
* 1
fi=(335)
+5 2 1
fi=(239)
961 2
fi=(304)
185 6
3325 5
2665 3
fi=(233)
547 2 0 0 1 1
cob=(2)
cfi=(211)
cfn=(728)
calls=1 255 
* 12 2 1
* 1
fi=(304)
2210 2
3851 2 1
0 1
fi=(311)
1320 1
fi=(304)
3595 2
fi=(262)
863 3
fi=(315)
50 36 18 8
-50 1
fi=(311)
1320 1
fi=(239)
1072 1
fi=(262)
863 1
fi=(315)
113 2
-63 1 1
fi=(314)
641 18
fi=(239)
1072 54
fi=(260)
2352 18
fi=(252)
459 54 18
0 18
fi=(260)
2352 36
fi=(243)
14 36 0 0 18 1
cob=(2)
cfi=(155)
cfn=(650)
calls=18 3283 
* 3458 604 25
fi=(252)
468 36 18 2
0 18
fi=(233)
547 72 0 0 18 1
cob=(2)
cfi=(211)
cfn=(728)
calls=18 255 
* 216 40 5
* 36
fi=(490) /rustc/59807616e1fa2540724bfbac14d7976d7e4a3860/library/core/src/clone.rs
236 18
fi=(173)
3923 18 18 1
fi=(337)
2405 18 18 5
fi=(304)
0 72
fi=(262)
619 18
fi=(239)
1072 36
fi=(262)
619 36
fi=(233)
1917 90
fi=(304)
3472 36
3851 36 18 5
0 1
3478 2
+1 2
3338 6
fi=(310)
192 7
fi=(313)
1398 1
fi=(265)
2262 3 1
fi=(173)
3923 1 1
fi=(337)
2405 1 1
fi=(265)
0 1
2262 3 1
fi=(173)
3923 1 1
fi=(337)
2405 1 1
fi=(265)
0 1
fe=(280)
424 1
+22 1
+6 1
fi=(265)
2262 3 1 1
fi=(337)
0 5
fe=(280)
458 1
fi=(252)
+1 4 1 1
fi=(253)
965 2
2168 2
fi=(256)
440 6
fe=(280)
34 1
381 5 0 0 1 1
cob=(2)
cfi=(211)
cfn=(728)
calls=2 255 
* 30 5
* 34 0 0 1 1
cob=(2)
cfi=(211)
cfn=(728)
calls=2 255 
* 30 5 2
* 29

fl=(296)
fn=(5308)
591 42
fi=(252)
459 12 6
0 6
fi=(243)
14 12 0 0 6 1
cob=(2)
cfi=(155)
cfn=(650)
calls=9 3283 
* 180 36 12
fi=(252)
468 12 6
fi=(256)
0 6
fi=(233)
547 24 0 0 6 6
cob=(2)
cfi=(211)
cfn=(728)
calls=9 255 
* 66 12
fi=(322)
198 24 12
0 6
198 6
0 42
fi=(266)
670 6
817 36
670 6
+77 6
fi=(322)
201 6
-3 12 6
fi=(266)
670 6
817 36
670 6
+77 6
fi=(322)
201 6
-3 18 6
fi=(266)
670 36
817 144
670 36
+77 36
fi=(322)
201 36
-3 84 42
fe=(296)
594 18
+1 36

fl=(450)
fn=(5338)
533 6
+9 3
fi=(173)
3891 1
fi=(451)
214 2 1 1
fi=(243)
0 1
fi=(451)
218 4
fe=(450)
542 2
fi=(451)
218 2
+1 6 0 0 1 1
cfi=(333)
cfn=(5342)
calls=2 -78 
* 64 6 3 1 1
0 1
220 1
cfi=(233)
cfn=(5354)
calls=2 805 
* 15 1 1
fe=(450)
557 7

fl=(479)
fn=(6436)
102 343
+2 735
fi=(233)
1717 49
fi=(459)
376 98
fi=(233)
1917 49
fi=(239)
961 98
fi=(233)
709 147 0 0 49 1
cob=(2)
cfi=(227)
cfn=(800)
calls=49 198 
* 611 127 29
fi=(459)
393 98 49 12
fi=(460)
67 72 0 0 6 1
cfi=(456)
cfn=(5680)
calls=6 +19 
* 20208 24 1
fi=(427) /rustc/59807616e1fa2540724bfbac14d7976d7e4a3860/library/core/src/slice/specialize.rs
-33 30
fi=(460)
-34 18
fi=(459)
406 6
fi=(233)
547 6
fi=(460)
67 84 0 0 6
cfi=(456)
cfn=(5680)
calls=6 +19 
* 20208 24 3
-67 129
fi=(459)
406 43
fi=(233)
547 43
fi=(460)
67 602 0 0 43 1
cfi=(456)
cfn=(5680)
calls=43 +19 
* 144824 172 8
fe=(479)
+37 49
fi=(233)
1917 49
fi=(239)
961 343
fi=(174)
560 98
fi=(233)
2178 49
fi=(174)
560 833
fi=(233)
2178 392
709 196
2178 441
fe=(479)
105 98
+1 343

ob=(3)
fl=(152)
fn=(726)
0 214 0 0 107 2
cob=(2)
cfi=(211)
cfn=(728)
calls=584 255 
0 2072 374 84

totals: 7745872 344394 23584 33682 2094
