# callgrind format
version: 1
creator: callgrind-3.26.0
pid: 824700
cmd:  /home/zhuhe/code/litchi-target-0795/before-profile --mode capture --shape large --samples 1 --warmup 0 --output /home/zhuhe/code/litchi/docs/performance/results/change-0795/profiles/1-large-before.json
part: 1


desc: I1 cache: 
desc: D1 cache: 
desc: LL cache: 

desc: Timerange: Basic block 0 - 386816496
desc: Trigger: --dump-after=namespace_uri_probe::capture_region_0793

positions: line
events: Ir Bc Bcm Bi Bim
summary: 549351049 45296412 2955275 5586916 230149


ob=(2) /usr/lib/x86_64-linux-gnu/libc.so.6
fl=(165) ./csu/../csu/libc-start.c
fn=(566) __libc_start_main@@GLIBC_2.34
cfi=(168) ./csu/../sysdeps/nptl/libc_start_call_main.h
cfn=(588) (below main)
calls=0 30 
360 549351049 45296412 2955275 5586916 230149

fl=(155) ./malloc/./malloc/malloc.c
fn=(732) _int_free_merge_chunk
4407 39728
+7 24830 4966 6
-6 4966
+9 14898 4966
+5 14898 4966 12
+4 9932 4966 1
-1 9932
+1 9932 4966
1895 14898 4966 401
4433 9932 4966 923
+2 863
+2 863
+1 3452 863 4
+2 863
-4 863
+4 863
cfn=(794) unlink_chunk.isra.0
calls=37147 1592 
* 17360 3772 57
+18 9932 4966 1
+6 9932 4966 865
+4 3927
+4 9932 4966 755
+9 322
-1 322
+2 644 322 10
+2 966
+7 9288
+1 18576
+1 4644
+2 9288 4644
+3 27864
+4 4644
-1 4644
+2 4644
+1 4644
+2 13932
+1 4644
-61 4644
-1 9288
+1 27864
-1 4644
cfn=(734) _int_free_maybe_trim
calls=53682 +83 
* 111456 9288
+57 322
-1 322
+2 322
+1 322
+2 966
+1 322
-61 322
-1 644
+1 1932
-1 322
cfn=(734)
calls=60051 +83 
* 7728 644 18
+20 1039
+1 1039
-1 1039
cfn=(794)
calls=18983 1592 
* 19837 4188 29
+1 1039

fn=(650) malloc
3283 69503
1269 139006 69503 202
+19 69503
3287 69503
1288 205102 69503 760
3287 132192 66096 43
+2 198195
+2 132130 66065 3
+2 416832 69472 774
3030 128368 64184
+4 256736
+4 64184
+1 64184
3294 64184
-7 6814 3407 4
+19 5319
cfn=(652) __libc_malloc2
calls=61333 -59 
* 818271 135478 3570
-17 6814

fn=(652)
3247 31914
+4 10638 5319 3
+28 26595
-26 15957
cfn=(654) _int_malloc
calls=61334 3790 
* 695934 114202 3506
+1 26595 10638 10
fi=(154) ./malloc/./malloc/arena.c
151 10638 5319 51
fe=(155)

fn=(734)
4528 54626
+3 9932 4966 18
+19 54626 4966

fn=(720) realloc
3380 5206
+7 5206 2603 2
-7 23427
+11 5206 2603
4837 2603
+1 2603
-1 2603
+1 2603
-1 5206 2603
+2 7809 2603 2
3425 1986
-22 1986
+22 9930 3972
+4 3972 1986
1288 11916
3436 3972 1986
fi=(154)
151 5958 1986 3
fe=(155)
3469 3972 1986 1
4840 2603
3411 5206 2603 506
+2 1404
+1 1404 702 30
+36 617
+51 23427
-30 7944
cfn=(724) _int_realloc
calls=57730 4559 
* 612309 94938 9185 1878 1246
* 1986
+1 9930 3972 3
fi=(154)
151 5958 1986
fe=(155)
3472 3972 1986

fn=(724)
4559 7944
+11 23832 5958 1946
+8 3972 1986
+2 1986
+1 5958
+1 7944 3972
+4 3972 1986 569
+14 108
+53 216
-53 216
+57 108
-57 108
+57 216
-2 216 108 3
+2 176
+1 88
+16 88
+1 352
-1 20
+1 7592
-79 3802 1901 538
+12 3802 1901 447
+12 13146
cfn=(654)
calls=18617 3790 
* 218985 36312 2981
* 1878
+1 3756 1878 3
+3 1878
+6 5634 1878 10
+36 20
-4 20
+3 20
+5 20
-4 20
-1 20
+5 20
-4 20
+4 20
-1 20
+1 60
cfn=(730) _int_free_chunk
calls=36931 4351 
* 2240 300 21
* 20
-60 328
-1 656 328 10
+5 138
cfn=(794)
calls=38075 1592 
* 437 92
+44 115
-48 46
+28 1878
fi=(222) ./malloc/../string/bits/string_fortified.h
29 1878
fe=(155)
4637 1878
fi=(222)
29 3756
fe=(155)
4638 3756
fi=(222)
29 1878
cob=(3) ???
cfi=(152) ???
cfn=(726) 0x0000000004ac8680
calls=18607 -29 
* 42304 6802 1136 1878 1246
fe=(155)
4642 11268
cfn=(730)
calls=18607 4351 
* 217724 29536 1521
+2 3756

fn=(654)
3790 64773
+32 14394 7197 369
1288 41152 7197 2
3831 10334 5167 119
+16 10334 5167 50
+54 225 45 19
+18 5735
-1 5735
+12 11470
-11 11470
-1 17205
+12 11470 5735 375
-6 4518
+5 4518
-7 4518
+2 9036
+9 9036
+3 9036 4518 2
-3 122
+3 122 61
+1 13737 4579 4
-3 4579
+5 4579
+1 18316 9158 12
+2 18316 4579 1
-10 4579
+12 9158 4579 18
+1 9158 4579
+2 9158 4579
+11 18204 9102 248
+29 139
+1 139
+4 278 139 1
+31 276 138 31
+8 564 103 43
+1 38
+1 38
-1 38
+4 76 38 17
-4 65
+1 65
-1 65
+4 130 65 14
+5 96 24 3
-2 24
+3 48 24 11
+6 15 5 3
+3 15
+2 10
+33 10
+9 5
-9 20
+1 5
+1 5
+1 5
+1 5
+6 10 5 1
-10 940
+9 470
-9 1880
+1 470
+1 470
+1 470
+1 470
+6 940 470 8
+1 1
+1 2 1 1
3053 136
-27 136
+27 136
-27 136
+4 272 136
+4 544
+4 136
+1 136
4113 136
3831 8120 2030
1288 2030
3850 2030
+2 2030
-2 2030
+2 4060 2030 60
-2 5122
+2 5122
-2 5122
+2 10244 5122 887
+2 1462
+1 2924 1462
+2 1462
+1 1462
+1 1462
+2 5848 1462
+6 4386
+1 2924 1462
2919 2924
3872 4386 1462 6
+4 12730 2128 560
+1 2328 1164 288
+2 1332 666
+2 666
+1 666
+1 1332 666
+2 666
2999 666
+16 666
3886 666
3003 1332
+4 2664
+1 666
+7 666
+32 3590
1888 1462
3893 1462
1888 2924 1462 2
4340 64773
3901 5257 27 8
-52 30732
4105 1425 475 1
3930 1833 611 46
4111 2200 550 1
+13 1631
-2 3262 1631 32
+2 90
+3 45
-3 45
+3 90 45 12
+1 16 8 4
+3 8
+1 20 4 2
+6 8 4 2
+5 4
+1 8
-1 16
+1 4
cfn=(794)
calls=307 1592 
* 124 32 7
+3 24 4 1
+13 1
+1 2 1
+3 1
-8 1
+8 2
+1 1
+1 1
+1 2 1 1
4277 132
+3 528
+2 198
+1 66
1888 66
4286 66
1888 132 66 1
4280 6616
+2 2481
+1 827
1888 827
4286 827
1888 2392 827 2
4286 738
1888 1476 738
3994 136
+1 136
-1 136
+1 272 136
2919 272
3998 408 136
+4 272 136 1
+1 408 136 1
3003 136
3981 136
3015 136
4006 136
3003 136
+4 544
+1 136
+7 136
4007 136
+24 456 89 27
+52 79
-51 79
+51 237
3959 8970 4485 47
+2 4440
-1 8880 4440 337
+27 472
+1 472
+4 944 472 73
+31 1685 337
+2 674
+1 1011
+1 337
-1 337
+1 337
-2 70
+1 105
+1 35
-1 35
+1 76
+4 164
+26 57 19 2
+3 21
+1 63 21
-3 80 40 15
+6 19 19 7
+7 14
-1 42
+2 28 14 2
+2 14
+1 42
+2 14
+1 28 14 5
-1 5
+1 10 5 4
-47 21 4 1
+36 10
-36 30
4195 1627
+1 1627
+1 1627
-1 1627
+1 1627
+1 3254
+1 4881
+5 6208 2035 158
+16 4335
+2 8670 4335
-4 12740 6370 1154
+8 2035
+3 4070 2035 322
+2 816
+1 408
+1 408
-2 408
-27 408
+4 309 103 2
+3 412 103 42
-3 102 34 1
+3 136 34 18
-3 42 14
+3 56 14
-3 103
+5 412
+1 206
+24 3254
+3 3254 1627
+2 1627
+3 3254
-3 6508
+3 1627
cfn=(794)
calls=20311 1592 
* 31789 6800 297
+3 9762 1627 388
+15 892
+1 1784 892 2
+3 892
-9 892
+9 1784
+1 892
+1 892
+3 1784 892 193
+1 851
+1 1850 892 18
-23 738
-1 738
+1 1476 738
3965 3968
+3 3968
-4 7936
+3 3968
-1 3968
+1 7936
+1 7936
+1 7936 3968 94
+2 5164
+4 2582
+6 2582
-6 18074
+2 7746
+5 2582
-4 2582
+4 5164
cfn=(662) alloc_perturb
calls=20482 1887 
* 12910 2582
-7 1386
+6 1386
-6 9702
+2 4158
+5 1386
-4 1386
+4 2772
cfn=(662)
calls=7374 1887 
* 6930 1386 1
+1 3968

fn=(762) free
3319 66622
+3 133244 66622 3
+15 133244 66622 15
-4 199866
+8 199866 66622 28
+6 199785 66595 6
+6 66595
-3 133190
+3 66595
-3 66595
+1 133190 66595
+2 199785 66595 668
3007 63554
+8 63554
-12 63554
+4 190662
+1 63554
+7 63554
3354 63554
+10 9123 3041
-34 3068
+40 6136 3068 7
fi=(154)
151 9204 3068 11
fe=(155)
3374 9204
cfn=(730)
calls=58015 4351 
* 381733 53477 1586

fn=(794)
1592 3556
+2 10668
-2 3556
+2 7112 3556 4
+3 3556
+3 7112 3556 3
-2 3556
+2 7112 3556 214
+3 3556
+1 3556
+1 8243 3933 159
+2 188 94 4
+1 282 94
+3 188 94 5
+14 93
+1 93
+3 7110
-16 2 1 1
+4 3
+2 1
+1 2
+9 2

fn=(662)
1887 3968
+1 11904 3968 1
+2 3968

fn=(730)
4351 19864
+8 4966
-3 4966
+3 4966
-3 9932 4966 5
+6 9932 4966 41
+6 4966
cfn=(732)
calls=113558 +39 
* 517275 73381 3082
+5 9932
+27 14898

fl=(211) ./string/../sysdeps/x86_64/multiarch/memmove-vec-unaligned-erms.S
fn=(728) __memcpy_avx_unaligned_erms
255 105428
+1 105428
+6 105428
+1 105428 105428 2078
+2 3989
+1 3989
+1 3989 3989 879
+3 2015
+1 2015
+1 2015
+3 4030
+30 101439
+1 101439 101439 1821
+2 98038
+1 98038 98038 21359
+2 66483
+4 66483 66483 40546
+1 32617
+1 32617 32617 89
+1 32521
+1 32521 32521 863
+1 30887
+1 30887
+2 30887
+2 30887
-2 1634
+2 1730
+6 33866
+1 33866
+1 33866
+1 33866
+1 33866
+7 3401
+1 3401
+1 3401
+1 3401
+2 3401
+17 31555
+1 31555
+1 31555
+1 31555
+1 31555
+7 1196
+1 1196
+1 1196
+1 1196
+1 1196
+1 1196
+1 2392
+5 1974
+1 1974 1974
+5 1974
+1 1974 1974 157
+2 1821
+1 1821
+1 1821 1821 490
+2 625
+1 625
+1 625
+1 625
+1 625
+1 625
+1 625
+1 625
+1 625
+1 625
+1 625
+1 625
+1 625
+1 625
+1 1250
+4 153
+1 153
+4 153
+2 153 153
+4 153
+1 153 153
+11 153
+3 153
+2 153
+2 153
+4 153
+1 153 153 8
+9 145
+1 145
+2 145
+2 145
+1 145
+1 145
+3 145
+2 145
+2 145
+2 290
+6 145
+1 145
+1 145
+1 145
+1 145
+1 145
+1 145
+1 145
+1 145
+1 145
+1 145
+1 145 145 7
-11 230
+1 230
+1 230
+1 230
+1 230
+1 230
+1 230
+1 230
+1 230
+1 230
+1 230
+1 230 230 34
+2 145
+1 145
+1 145
+1 145
+2 145
+4 290
+13 8
+1 8
+2 8
+1 8
+1 8
+2 8
+2 8
+2 16
+6 8
+1 8
+1 8
+1 8
+1 8
+1 8
+1 8
+1 8
+1 8
+1 8
+1 8
+1 8 8 2
-11 4
+1 4
+1 4
+1 4
+1 4
+1 4
+1 4
+1 4
+1 4
+1 4
+1 4
+1 4 4 2
+2 8
+1 8
+1 8
+1 8
+2 8
+1 16

fl=(227) ./string/../sysdeps/x86_64/multiarch/memset-vec-unaligned-erms.S
fn=(800) __memset_avx2_unaligned_erms
198 303
+1 606
+5 303
+1 303 303 123
+1 65
+1 65
+1 65 65 14
+2 43
+1 43
+1 86
+9 9
+1 9
+2 18
+5 22
+1 22 22
+6 22
+1 22
+12 22
+3 22
+1 22 22 12
+12 13
+1 13
+13 13
+1 13
+2 13 13 4
+3 2
+3 2
+3 2
+1 2
+1 2
+1 2
+1 2
+1 2
+1 4 2
+3 2
+1 2
+1 2
+1 2
+3 4
-6 11
+1 11
+1 11
+1 11
+3 22
+35 238
+9 238
+1 238 238 12
+5 109
+1 109 109 5
+1 102
+1 102 102 1
+1 101
+1 101 101 1
+1 100 100 10
+1 10
+2 100
+17 129
+1 129
+1 129
+9 7
+1 7
+5 7
+8 1
+1 1
+5 1
+7 1
+1 1
+1 1
+5 1

fl=(290) ./string/../sysdeps/x86_64/multiarch/memcmp-avx2-movbe.S
fn=(1082) __memcmp_avx2_movbe
73 718750
+7 718750
+1 718750 718750 183530
+3 194421
+1 194421
+1 194421
+4 194421
+1 194421 194421 244
+2 183770
+1 183770 183770 326
+3 1232
+1 1232
+1 1232
+3 1232
+1 1232 1232 7
+3 1219
+1 1219 1219 3
+49 22985
+10 22985
+1 22985
+1 22985
+3 45970
+4 13
+8 13
+1 13
+1 13
+2 26
330 1219
+1 1219
+1 1219
+1 1219
+1 1219 1219
+3 183757
+1 183757
+1 183757
+1 183757
+1 183757 183757 5
+1 366872
+40 321
+1 321
+8 321
+1 321
+1 321
+2 642
+6 524329
+1 524329 524329 10419
+5 105533
+1 105533
+1 105533
+1 105533
+1 105533 105533 11636
+3 93962
+1 93962
+1 93962
+1 93962
+3 93962
+1 93962 93962 666
+1 81713
+1 163426
+6 11571
+1 11571 11571 36
+2 11430
+1 11430 11430 4291
+2 7546
+1 7546 7546 3409
+2 4082
+1 4082
+1 4082
+1 4082
+1 4082
+1 4082
+1 4082
+1 4082
+1 4082
+2 4082 4082 64
+2 3975
+4 418796 418796
+1 418796
+1 418796
+1 418796
+2 418796
+4 109
+1 109
+2 109
+10 3884
+1 3884
+1 3884
+1 3884 3884 2
+1 3882
+1 3882
+1 3882
+2 3882 3882 102
+2 3882
+26 141
+1 141
+1 141
+1 141
+1 141 141 13
+4 132
+1 132
+1 132
+1 132
+1 132
+1 132
+2 132 132 10
+2 56
+24 3464
+1 3464
+1 3464
+1 3464
+1 3464
+1 3464
+1 3464
+1 3464
+1 3464
+1 3464
+2 3464
+2 3464

fl=(168)
fn=(588)
cob=(6) /home/zhuhe/code/litchi-target-0795/before-profile
cfi=(164) ???
cfn=(596) main
calls=0 0 
59 549351049 45296412 2955275 5586916 230149

ob=(1) /usr/lib/x86_64-linux-gnu/ld-linux-x86-64.so.2
fl=(1) ???
fn=(0) 0x0000000000023cc0
cob=(6)
cfi=(164)
cfn=(564) (below main)
calls=0 0 
0 549351049 45296412 2955275 5586916 230149

ob=(6)
fl=(258) /rustc/59807616e1fa2540724bfbac14d7976d7e4a3860/library/core/src/iter/adapters/skip.rs
fn=(1068) <core::iter::adapters::skip::Skip<I> as core::iter::traits::iterator::Iterator>::try_fold
104 3018
+6 503
+1 503
+1 1006 503
fi=(259) /rustc/59807616e1fa2540724bfbac14d7976d7e4a3860/library/core/src/iter/traits/iterator.rs
326 1006 503
fi=(289) /rustc/59807616e1fa2540724bfbac14d7976d7e4a3860/library/core/src/str/iter.rs
658 1006 503
+4 1006
+1 503
cfi=(285) /rustc/59807616e1fa2540724bfbac14d7976d7e4a3860/library/core/src/str/pattern.rs
cfn=(1074) <core::str::pattern::CharSearcher as core::str::pattern::Searcher>::next_match
calls=2479 432 
* 59857 6036 119 503
* 1006 503
+2 503
+2 503
-9 1006 503 1
0 503
fe=(258)
119 3018
0 1509
fi=(289)
658 3016 1508
+4 1508
+1 4524
cfi=(285)
cfn=(1074)
calls=8067 432 
* 178924 33132 1849 1005
* 3016 1508
+2 2010
+1 1005
fi=(301) /rustc/59807616e1fa2540724bfbac14d7976d7e4a3860/library/core/src/str/traits.rs
211 1005
fi=(262) /rustc/59807616e1fa2540724bfbac14d7976d7e4a3860/library/core/src/ptr/const_ptr.rs
863 1005
fi=(289)
667 1005
fi=(264) /rustc/59807616e1fa2540724bfbac14d7976d7e4a3860/library/core/src/slice/cmp.rs
20 2010 1005 202
fi=(289)
643 1006 503
+1 503
+4 503
0 1509
646 1509 503
fi=(262)
863 503
fi=(264)
20 4022 2011 2
fe=(258)
+84 30
+6 5
+1 5
+1 10 5
fi=(259)
326 10 5 1
fi=(289)
658 10 5 1
+4 10
+1 5
cfi=(285)
cfn=(1074)
calls=127 432 
* 595 60 1 5 1
* 10 5
+2 5
+2 5
-9 10 5
0 5
fe=(258)
119 30
0 15
fi=(289)
658 28 14
+4 14
+1 42
cfi=(285)
cfn=(1074)
calls=373 432 
* 1830 360 34 9
* 28 14 1
+2 18
+1 9
fi=(301)
211 9
fi=(262)
863 9
fi=(289)
667 9
fi=(264)
20 18 9 1
fi=(289)
643 10 5 2
+1 5
+4 5
0 15
646 15 5
fi=(262)
863 5
fi=(264)
20 38 19
fe=(258)

fl=(333) /rustc/59807616e1fa2540724bfbac14d7976d7e4a3860/library/std/src/sys/sync/once/futex.rs
fn=(5374) <std::sys::sync::once::futex::Once>::call
141 22
fi=(173) /rustc/59807616e1fa2540724bfbac14d7976d7e4a3860/library/core/src/sync/atomic.rs
3891 8 2 1
0 6
fe=(333)
154 2
fi=(173)
4043 2
fe=(333)
155 2 2 1
-11 4
+1 4
+1 6 2 2
+28 4
-2 10
+6 2 0 0 2 1
cfi=(451) /rustc/59807616e1fa2540724bfbac14d7976d7e4a3860/library/std/src/sync/once.rs
cfn=(5378) std::sync::once::Once::call_once_force::{{closure}}
calls=1 +41 
* 14 2 1
cfi=(451)
cfn=(5378)
calls=2 +41 
* 16 1 1
fi=(303) /rustc/59807616e1fa2540724bfbac14d7976d7e4a3860/library/core/src/cell.rs
555 2
fi=(173)
3908 2 2
fe=(333)
62 4 2 2
205 16

fl=(319) /rustc/59807616e1fa2540724bfbac14d7976d7e4a3860/library/core/src/slice/sort/unstable/mod.rs
fn=(1856) core::slice::sort::unstable::ipnsort
114 7
fi=(343) /rustc/59807616e1fa2540724bfbac14d7976d7e4a3860/library/core/src/slice/sort/shared/mod.rs
-89 2 1
-25 2
34 4
fi=(264)
317 3
+8 2 0 0 1 1
cob=(2)
cfi=(290)
cfn=(1082)
calls=1 73 
* 22 4 2
* 1
+1 3
fi=(236) /rustc/59807616e1fa2540724bfbac14d7976d7e4a3860/library/core/src/cmp.rs
+71 3
fi=(343)
35 1 1
-35 1
40 2 1 1
-40 1
40 4
fi=(264)
317 3
+8 2 0 0 1 1
cob=(2)
cfi=(290)
cfn=(1082)
calls=1 73 
* 22 4 2
* 1
+1 2
fi=(236)
+71 1
fi=(343)
40 1 1 1
-40 1
fe=(319)
124 2 1 1
+12 2
fi=(314) /rustc/59807616e1fa2540724bfbac14d7976d7e4a3860/library/core/src/num/nonzero.rs
611 2
fe=(319)
136 2
+1 11
cfi=(344) /rustc/59807616e1fa2540724bfbac14d7976d7e4a3860/library/core/src/slice/sort/unstable/quicksort.rs
cfn=(1858) core::slice::sort::unstable::quicksort::quicksort
calls=1 21 
* 44595 4204 327 742 19
-23 7
fi=(343)
-89 2 1
-25 2
34 2
fi=(252) /rustc/59807616e1fa2540724bfbac14d7976d7e4a3860/library/alloc/src/raw_vec/mod.rs
612 1
fi=(253) /rustc/59807616e1fa2540724bfbac14d7976d7e4a3860/library/alloc/src/vec/mod.rs
1815 1
fi=(252)
612 1
fi=(253)
1815 1
fi=(264)
317 3
+8 2 0 0 1 1
cob=(2)
cfi=(290)
cfn=(1082)
calls=1 73 
* 22 4 1
* 1
+1 4
fi=(236)
+71 1
fi=(343)
35 1 1
-35 1
40 1 1
-40 1
fi=(252)
612 1
fi=(253)
1815 1
fi=(343)
40 1
fi=(252)
612 1
fi=(253)
1815 1
fi=(264)
317 3
+8 2 0 0 1 1
cob=(2)
cfi=(290)
cfn=(1082)
calls=1 73 
* 22 4
* 1
+1 2
fi=(236)
+71 2 1 1
fe=(319)
124 2 1 1
+12 2
fi=(314)
611 2
fe=(319)
136 2
+1 11
cfi=(344)
cfn=(1858)
calls=1 21 
* 31484 3243 179 704 48
-23 7
fi=(343)
-89 2 1
-25 2
fi=(299) /home/zhuhe/code/litchi/crates/litchi-opc/src/part.rs
704 3 0 0 1 1
cfn=(5012) <litchi_opc::part::XmlPart as litchi_opc::part::Part>::partname
calls=1 -97 
* 2
fi=(252)
-92 1
fi=(253)
1815 1
fi=(299)
704 3 0 0 1 1
cfn=(5012)
calls=1 -97 
* 2
fi=(252)
-92 1
fi=(253)
1815 1
fi=(264)
317 3
+8 2 0 0 1 1
cob=(2)
cfi=(290)
cfn=(1082)
calls=1 73 
* 22 4 1
* 1
+1 3
fi=(236)
+71 3
fi=(343)
35 1 1
-35 1
40 2 1
-40 1
fi=(299)
704 3 0 0 1 1
cfn=(5012)
calls=1 -97 
* 2
* 3 0 0 1
cfn=(5012)
calls=1 -97 
* 2
fi=(252)
-92 2
fi=(253)
1815 2
fi=(299)
704 6 0 0 2 1
cfn=(5012)
calls=2 -97 
* 4
fi=(252)
-92 2
fi=(253)
1815 2
fi=(264)
317 6
+8 4 0 0 2 1
cob=(2)
cfi=(290)
cfn=(1082)
calls=2 73 
* 44 8
* 2
+1 4
fi=(236)
+71 4 2 1
fi=(343)
42 1
-2 3 1 1
fe=(319)
+84 2 1
+12 2
fi=(314)
611 2
fe=(319)
136 3
+1 10
cfi=(344)
cfn=(1858)
calls=1 21 
* 51570 4289 361 2520 59
-23 1
fi=(343)
-89 2 1
+9 2
fi=(481) /rustc/59807616e1fa2540724bfbac14d7976d7e4a3860/library/core/src/tuple.rs
196 4
fi=(236)
1931 1
fi=(481)
196 3
fi=(343)
35 2 1
-35 1
36 2 1 1
-36 1
36 4
fi=(481)
196 4
fi=(236)
1931 1
fi=(481)
196 2
fi=(343)
36 2 1
fe=(319)
+88 2 1
+12 2
fi=(314)
611 2
fe=(319)
136 2
+1 3
cfi=(344)
cfn=(1858)
calls=1 21 
* 14715 798 184

fl=(442) /home/zhuhe/code/litchi/crates/litchi-ooxml-common/src/mce/codec.rs
fn=(5104) litchi_ooxml_common::mce::codec::process_ooxml
1671 856
fi=(443) /home/zhuhe/code/litchi/crates/litchi-ooxml-common/src/mce/model.rs
297 107
fi=(302) /rustc/59807616e1fa2540724bfbac14d7976d7e4a3860/library/std/src/sys/thread_local/native/mod.rs
105 107
fi=(411) /rustc/59807616e1fa2540724bfbac14d7976d7e4a3860/library/std/src/sys/thread_local/native/lazy.rs
-46 214 107 1
fi=(303)
555 214
fi=(174) /rustc/59807616e1fa2540724bfbac14d7976d7e4a3860/library/core/src/num/uint_macros.rs
2457 107
fi=(175) /rustc/59807616e1fa2540724bfbac14d7976d7e4a3860/library/core/src/mem/mod.rs
902 107
fi=(443)
296 1284
442 1070
fe=(442)
1672 321 0 0 107
cfn=(5108) litchi_ooxml_common::mce::codec::process_markup_compatibility
calls=211 743 
* 1587130 181973 3771 21961 210
0 107
fi=(244) /rustc/59807616e1fa2540724bfbac14d7976d7e4a3860/library/core/src/result.rs
835 214 107 1
fe=(442)
1672 428
fi=(244)
836 214
0 107
fe=(442)
1672 107
cfi=(233) /rustc/59807616e1fa2540724bfbac14d7976d7e4a3860/library/core/src/ptr/mod.rs
cfn=(5122) core::ptr::drop_in_place<litchi_ooxml_common::mce::model::Capabilities>
calls=211 805 
* 2354 214 4
+1 749

fn=(5108)
743 856
+5 214 107 7
0 428
751 321
cfn=(5110) litchi_ooxml_common::mce::codec::contains_mce_namespace
calls=311 -25 
* 1582636 181652 3749 21961 210
* 214 107 10
+1 214 107 5
fi=(443)
455 749
fe=(442)
755 535
+95 963

fn=(5110)
726 214 107 4
0 1391
fi=(262)
863 214
fi=(173)
3890 107
fi=(356) /home/zhuhe/.cargo/registry/src/index.crates.io-1949cf8c6b5b557f/memchr-2.8.3/src/arch/x86_64/memchr.rs
153 321 0 0 107 107
cfn=(2284) memchr::arch::x86_64::memchr::memchr_raw::find_avx2
calls=311 -75 
* 8150 753 116
fi=(262)
863 21854
fi=(173)
3890 10927
fi=(356)
153 32781 0 0 10927
cfn=(2284)
calls=32355 -75 
* 1175031 125412 3380
fi=(265) /rustc/59807616e1fa2540724bfbac14d7976d7e4a3860/library/core/src/option.rs
2766 22068 11034 6
fe=(442)
0 10927
fi=(264)
154 43708 0 0 10927 103
cob=(2)
cfi=(290)
cfn=(1082)
calls=32355 -81 
* 155530 22492 238
* 10927
fe=(442)
731 10927 10927 2
0 10927
734 10927
fi=(270) /rustc/59807616e1fa2540724bfbac14d7976d7e4a3860/library/core/src/slice/index.rs
573 10927
89 21854
fe=(442)
726 21854 10927 3
0 963
737 107

fl=(300) /home/zhuhe/code/litchi/crates/litchi-opc/src/rel.rs
fn=(5070) litchi_opc::rel::Relationship::target_partname
205 2807
+1 802 401 154
0 401
fi=(252)
612 401
fi=(253)
1815 401
fi=(285)
572 3609
fi=(284) /rustc/59807616e1fa2540724bfbac14d7976d7e4a3860/library/core/src/str/mod.rs
1971 401
cfi=(285)
cfn=(1074)
calls=604 432 
* 37945 4351 603
fi=(265)
2766 802 401 1
fi=(285)
572 3609
fi=(284)
1971 401
cfi=(285)
cfn=(1074)
calls=604 432 
* 37945 4351 332
fi=(265)
2766 802 401 3
0 401
fe=(300)
212 802 401
fi=(252)
612 401
fi=(253)
1815 802
fe=(300)
224 1203 0 0 401
cfi=(283) /home/zhuhe/code/litchi/crates/litchi-opc/src/packuri.rs
cfn=(4458) litchi_opc::packuri::PackURI::from_rel_ref
calls=604 120 
* 1907222 381013 17300 13628 207
0 3208
fi=(244)
1493 401
fe=(300)
225 3208

fn=(1616) <litchi_opc::rel::Relationships as core::clone::Clone>::clone
232 968
fi=(260) /rustc/59807616e1fa2540724bfbac14d7976d7e4a3860/library/alloc/src/string.rs
2352 121
fi=(252)
459 363 121 1
fi=(260)
2352 121
fi=(243) /rustc/59807616e1fa2540724bfbac14d7976d7e4a3860/library/std/src/sys/alloc/unix.rs
14 242 0 0 121 1
cob=(2)
cfi=(155)
cfn=(650)
calls=121 3283 
* 20876 3529 17
fi=(252)
468 242 121 3
fi=(256) /rustc/59807616e1fa2540724bfbac14d7976d7e4a3860/library/alloc/src/slice.rs
0 121
fi=(233)
547 484 0 0 121 1
cob=(2)
cfi=(211)
cfn=(728)
calls=121 255 
* 1555 354 224
* 121
0 363
fi=(265)
2262 242 121 6
0 121
fi=(260)
2352 121
fi=(252)
459 242 121 2
fi=(260)
2352 121
fi=(243)
14 242 0 0 121 1
cob=(2)
cfi=(155)
cfn=(650)
calls=121 3283 
* 21041 3583 15
fi=(252)
468 242 121 4
0 121
fi=(233)
547 605 0 0 121 1
cob=(2)
cfi=(211)
cfn=(728)
calls=121 255 
* 1344 242 14
* 121
0 121
fi=(310) /rust/deps/hashbrown-0.16.1/src/map.rs
193 121
fi=(304) /rust/deps/hashbrown-0.16.1/src/raw/mod.rs
2697 121
3311 242 121 10
0 228
2676 228
fi=(174)
3051 228
fi=(297) /rustc/59807616e1fa2540724bfbac14d7976d7e4a3860/library/core/src/intrinsics/mod.rs
457 114 114 2
fi=(174)
769 114
fi=(304)
224 114
+1 114
fi=(174)
769 798
fi=(297)
457 228 114 4
fi=(304)
0 7
660 35
fi=(265)
2262 28 7
0 114
fi=(298) /rustc/59807616e1fa2540724bfbac14d7976d7e4a3860/library/alloc/src/alloc.rs
186 342 114
0 114
95 114
fi=(243)
-82 114 114 2
+1 228 0 0 114 1
cob=(2)
cfi=(155)
cfn=(650)
calls=114 3283 
* 20832 3647 60
* 342
fi=(335) /rust/deps/hashbrown-0.16.1/src/raw/alloc.rs
+5 228 114 1
fi=(239) /rustc/59807616e1fa2540724bfbac14d7976d7e4a3860/library/core/src/ptr/mut_ptr.rs
961 114
fi=(304)
185 684
3325 570
2665 342
fi=(233)
547 228 0 0 114 1
cob=(2)
cfi=(211)
cfn=(728)
calls=114 255 
* 1274 231 22
fi=(304)
2210 228
3851 228 114 2
0 114
fi=(311) /rustc/59807616e1fa2540724bfbac14d7976d7e4a3860/library/core/src/../../stdarch/crates/core_arch/src/x86/sse2.rs
1320 114
fi=(304)
3595 228
fi=(262)
863 456
fe=(300)
14 458
fi=(262)
619 916
fi=(239)
1072 916
fi=(233)
1917 6183
fi=(304)
0 687
3472 229
3851 458 229 10
fi=(315) /rust/deps/hashbrown-0.16.1/src/control/bitmask.rs
50 687 229 9
-50 7
fi=(311)
1320 7
fi=(239)
1072 7
fi=(262)
863 7
fi=(315)
113 14
-63 7 7
-50 229
fi=(314)
641 229
fi=(239)
1072 458
fi=(260)
2352 916
fi=(252)
459 458 229
fi=(260)
2352 458
fi=(243)
14 458 0 0 229 1
cob=(2)
cfi=(155)
cfn=(650)
calls=229 3283 
* 37100 6245 43
fi=(252)
468 458 229 5
0 229
fi=(233)
547 916 0 0 229 1
cob=(2)
cfi=(211)
cfn=(728)
calls=229 255 
* 3431 914 227
* 229
fi=(304)
0 229
fi=(260)
2352 229
fi=(252)
459 687 229
fi=(260)
2352 229
fi=(243)
14 458 0 0 229
cob=(2)
cfi=(155)
cfn=(650)
calls=229 3283 
* 37167 6278 257
fi=(252)
468 458 229 2
0 229
fi=(233)
547 916 0 0 229 1
cob=(2)
cfi=(211)
cfn=(728)
calls=229 255 
* 3431 914 130
* 229
0 229
fi=(260)
2352 916
fi=(252)
459 458 229
fi=(260)
2352 229
fi=(243)
14 458 0 0 229 1
cob=(2)
cfi=(155)
cfn=(650)
calls=229 3283 
* 39723 6749 23
fi=(252)
468 458 229
0 229
fi=(233)
547 916 0 0 229
cob=(2)
cfi=(211)
cfn=(728)
calls=229 255 
* 5038 1145 254
* 229
fi=(260)
2352 229
fi=(252)
459 687 229
fi=(260)
2352 229
fi=(243)
14 687 0 0 229 1
cob=(2)
cfi=(155)
cfn=(650)
calls=229 3283 
* 37950 6428 26
fi=(252)
468 458 229 2
0 229
fi=(233)
547 916 0 0 229 1
cob=(2)
cfi=(211)
cfn=(728)
calls=229 255 
* 2647 461 326
* 687
fi=(260)
2352 229
fi=(252)
459 687 229 3
fi=(260)
2352 229
fi=(243)
14 458 0 0 229 1
cob=(2)
cfi=(155)
cfn=(650)
calls=229 3283 
* 38305 6457 21
fi=(252)
468 458 229 3
fi=(233)
+79 1145 0 0 229 1
cob=(2)
cfi=(211)
cfn=(728)
calls=229 255 
* 3139 768 237
* 1374
fi=(265)
2262 916 229
fi=(260)
+90 229
fi=(252)
459 458 229 3
0 229
fi=(260)
2352 687
fi=(243)
14 229 0 0 229
cob=(2)
cfi=(155)
cfn=(650)
calls=229 3283 
* 39724 6739 27
fi=(252)
468 458 229 4
0 229
fi=(233)
547 916 0 0 229 1
cob=(2)
cfi=(211)
cfn=(728)
calls=229 255 
* 2543 458 229
* 1832
0 114
fi=(304)
3478 228
+1 228
3338 1254
fi=(265)
2262 342 114 2
fe=(300)
232 2670
fi=(260)
2352 1
fi=(252)
459 3 1
fi=(260)
2352 1
fi=(243)
14 2 0 0 1 1
cob=(2)
cfi=(155)
cfn=(650)
calls=23 3283 
* 161 27
fi=(252)
468 2 1
fi=(256)
0 1
fi=(233)
547 4 0 0 1
cob=(2)
cfi=(211)
cfn=(728)
calls=23 255 
* 16 6 4
* 1
0 3
fi=(265)
2262 2 1
0 1
2262 1
fi=(233)
0 1
fi=(310)
193 1
fi=(304)
2697 1
3311 2 1
0 2
2676 2
fi=(174)
3051 2
fi=(297)
457 1 1 1
fi=(174)
769 1
fi=(304)
224 1
+1 1
fi=(174)
769 7
fi=(297)
457 2 1 1
fi=(265)
0 1
fi=(298)
186 3 1 1
0 1
95 1
fi=(243)
-82 1 1
+1 2 0 0 1 1
cob=(2)
cfi=(155)
cfn=(650)
calls=16 3283 
* 30 6 1
* 3
fi=(335)
+5 2 1
fi=(239)
961 1
fi=(304)
185 6
3325 5
2665 3
fi=(233)
547 2 0 0 1
cob=(2)
cfi=(211)
cfn=(728)
calls=16 255 
* 11 2
fi=(304)
2210 2
3851 2 1 1
0 1
fi=(311)
1320 1
fi=(304)
3595 2
fi=(262)
863 4
fe=(300)
14 6
fi=(262)
619 12
fi=(239)
1072 12
fi=(233)
1917 81
fi=(304)
0 9
3472 3
3851 6 3 1
fi=(315)
50 9 3
-50 3
fi=(314)
641 3
fi=(239)
1072 6
fi=(260)
2352 12
fi=(252)
459 6 3
fi=(260)
2352 6
fi=(243)
14 6 0 0 3 1
cob=(2)
cfi=(155)
cfn=(650)
calls=35 3283 
* 483 81
fi=(252)
468 6 3 2
0 3
fi=(233)
547 12 0 0 3 1
cob=(2)
cfi=(211)
cfn=(728)
calls=35 255 
* 45 12 1
* 3
fi=(304)
0 3
fi=(260)
2352 3
fi=(252)
459 9 3
fi=(260)
2352 3
fi=(243)
14 6 0 0 3
cob=(2)
cfi=(155)
cfn=(650)
calls=35 3283 
* 483 81 4
fi=(252)
468 6 3
0 3
fi=(233)
547 12 0 0 3 1
cob=(2)
cfi=(211)
cfn=(728)
calls=35 255 
* 45 12
* 3
0 3
fi=(260)
2352 12
fi=(252)
459 6 3 2
fi=(260)
2352 3
fi=(243)
14 6 0 0 3 1
cob=(2)
cfi=(155)
cfn=(650)
calls=35 3283 
* 374 64 1
fi=(252)
468 6 3
0 3
fi=(233)
547 12 0 0 3 1
cob=(2)
cfi=(211)
cfn=(728)
calls=35 255 
* 66 15 3
* 3
fi=(260)
2352 3
fi=(252)
459 9 3
fi=(260)
2352 3
fi=(243)
14 9 0 0 3 1
cob=(2)
cfi=(155)
cfn=(650)
calls=35 3283 
* 516 87
fi=(252)
468 6 3
0 3
fi=(233)
547 12 0 0 3 1
cob=(2)
cfi=(211)
cfn=(728)
calls=35 255 
* 33 6 3
* 9
fi=(260)
2352 3
fi=(252)
459 9 3
fi=(260)
2352 3
fi=(243)
14 6 0 0 3 1
cob=(2)
cfi=(155)
cfn=(650)
calls=35 3283 
* 483 81 3
fi=(252)
468 6 3 1
fi=(233)
+79 15 0 0 3 1
cob=(2)
cfi=(211)
cfn=(728)
calls=35 255 
* 48 18 4
* 18
fi=(265)
2262 9 3 2
fi=(233)
0 1
fi=(304)
3478 2
+1 2
3338 11
fi=(265)
2262 3 1
fe=(300)
232 22

fl=(476) /home/zhuhe/code/litchi/crates/litchi-pptx/src/notes/transaction.rs
fn=(6208) litchi_pptx::notes::transaction::PartState::from_part
28 27
+2 9 0 0 3 1
cfi=(299)
cfn=(4988) <litchi_opc::part::XmlPart as litchi_opc::part::Part>::rels
calls=3 660 
* 6
fi=(304)
2210 3
3851 6 3 2
fi=(313) /rustc/59807616e1fa2540724bfbac14d7976d7e4a3860/library/std/src/collections/hash/map.rs
639 8
fi=(262)
863 2
fi=(315)
50 4 2 2
fi=(314)
641 2
fi=(239)
1072 4
fi=(252)
612 2
fi=(253)
1815 2
fi=(252)
612 2
fi=(253)
1815 2
fi=(252)
612 2
fi=(300)
187 4
fe=(476)
33 6
cfi=(469) /home/zhuhe/code/litchi/crates/litchi-pptx/src/notes/model.rs
cfn=(6188) litchi_pptx::notes::model::Link::new
calls=2 +44 
* 823 136 8 12
* 2
fi=(318) /rustc/59807616e1fa2540724bfbac14d7976d7e4a3860/library/alloc/src/vec/spec_from_iter_nested.rs
-9 8 2 2
-24 6
fe=(476)
43 1 0 0 1
cfi=(299)
cfn=(5012)
calls=1 607 
* 2
fi=(318)
-43 4
fe=(476)
43 2 0 0 2 1
cfi=(299)
cfn=(5012)
calls=2 607 
* 4
fi=(260)
2352 3
fi=(252)
459 9 3 1
fi=(260)
2352 3
fi=(243)
14 6 0 0 3 1
cob=(2)
cfi=(155)
cfn=(650)
calls=3 3283 
* 374 64 5
fi=(252)
468 6 3 1
fi=(256)
0 3
fi=(233)
547 12 0 0 3 1
cob=(2)
cfi=(211)
cfn=(728)
calls=3 255 
* 34 6 3
* 6
0 6
fe=(476)
44 3 0 0 3 1
cfi=(252)
cfn=(4936) <litchi_opc::part::XmlPart as litchi_opc::part::Part>::content_type
calls=3 612 
* 9
-44 6
fi=(297)
457 3 3 2
fi=(252)
0 3
459 6 3 2
0 3
fi=(243)
14 6 0 0 3 1
cob=(2)
cfi=(155)
cfn=(650)
calls=3 3283 
* 372 64 4
fi=(252)
468 6 3 1
fi=(256)
0 3
fi=(233)
547 12 0 0 3 1
cob=(2)
cfi=(211)
cfn=(728)
calls=3 255 
* 56 12 2
* 3
fi=(236)
1037 6
fi=(174)
3051 8
fi=(297)
457 4 2 2
fi=(252)
0 6
fe=(476)
45 3 0 0 3 1
cfi=(299)
cfn=(6236) <litchi_opc::part::XmlPart as litchi_opc::part::Part>::blob_arc
calls=3 627 
* 36 6 1 3 1
-45 6
46 9
-4 24
+6 24
-48 4
fi=(252)
459 4 2 1
0 4
fi=(243)
14 4 0 0 2 1
cob=(2)
cfi=(155)
cfn=(650)
calls=2 3283 
* 349 73 12
* 2
fi=(252)
468 6 2 2
0 2
fi=(233)
1917 20
fi=(318)
36 8
fi=(304)
3851 2 2 1
0 4
fi=(253)
0 312
fi=(239)
961 312
fi=(233)
1917 1040
fi=(253)
3980 104
2168 208
fi=(304)
3851 208 104 1
fi=(315)
50 208 104 11
-50 7
fi=(311)
1320 7
fi=(239)
1072 7
fi=(262)
863 7
fi=(315)
113 14
-63 7 7 1
fi=(314)
641 104
fi=(239)
1072 208
fi=(252)
612 104
fi=(253)
1815 104
fi=(252)
612 104
fi=(253)
1815 104
fi=(252)
612 104
fi=(300)
187 104
fe=(476)
33 416
cfi=(469)
cfn=(6188)
calls=104 +44 
* 65703 11230 597 624
* 104
fi=(253)
3969 312 104 4
+2 208 104 5
fi=(252)
0 4
fi=(318)
42 1
fi=(319)
-8 2 1
+16 1
fi=(297)
434 1 1 1
fi=(319)
55 3 0 0 1 1
cfn=(1856)
calls=1 +59 
* 44705 4217 334 744 21
* 1
fe=(476)

fn=(6254) litchi_pptx::notes::transaction::Snapshot::from_parts
68 11
fi=(252)
612 3
fi=(253)
1851 1
fi=(319)
34 2
fi=(297)
434 1 1
0 1
fi=(302)
105 1
fi=(411)
-46 2 1
fi=(303)
555 2
fi=(174)
2457 1
fi=(175)
902 2
fi=(304)
1699 5
cfn=(1316) hashbrown::raw::RawTableInner::fallible_with_capacity
calls=1 -46 
* 115 16 4 2 2
fi=(310)
500 4
fi=(471) /rustc/59807616e1fa2540724bfbac14d7976d7e4a3860/library/std/src/collections/hash/set.rs
266 2
fi=(239)
961 4
fi=(180) /rustc/59807616e1fa2540724bfbac14d7976d7e4a3860/library/core/src/ptr/non_null.rs
1720 1
fi=(271) /rustc/59807616e1fa2540724bfbac14d7976d7e4a3860/library/core/src/slice/iter/macros.rs
180 1 1 1
0 5
fi=(253)
1815 1
fi=(477) /home/zhuhe/code/litchi/crates/litchi-pptx/src/notes/validation.rs
44 2 1
fi=(253)
1815 2
fi=(477)
44 4 2
-44 6
47 12
cfi=(283)
cfn=(1028) litchi_opc::packuri::PackURI::new
calls=3 -4 
* 7808 1780 73 28
fi=(244)
-47 6
966 6 3
fi=(252)
632 6 3
fi=(243)
48 3 0 0 3 1
cob=(2)
cfi=(155)
cfn=(762)
calls=3 3319 
* 99 18 2
-48 3
fi=(477)
48 6 3
fi=(253)
1815 3
fi=(477)
26 6 3 2
+25 6
fi=(411)
+8 6 3
fi=(303)
555 6
fi=(174)
2457 3
fi=(175)
902 3
fi=(304)
1699 15
cfn=(1316)
calls=3 -46 
* 652 108 25 4
fi=(310)
500 12
fi=(471)
266 6
fi=(180)
1720 3
fi=(271)
180 3 3 1
0 8
fi=(252)
612 2
fi=(253)
1815 8
fi=(477)
66 4 2 1
fi=(252)
612 104
fi=(253)
1815 416
fi=(477)
66 208 104 2
+3 212 106
fi=(265)
2126 106
fi=(266) /rustc/59807616e1fa2540724bfbac14d7976d7e4a3860/library/core/src/num/mod.rs
783 1060 212 4
fi=(180)
1720 106
fi=(271)
180 106 106 1
0 106
fi=(252)
612 212
fi=(253)
1815 106
fi=(477)
17 424
cfn=(6288) litchi_pptx::notes::validation::validate_field
calls=106 +67 
* 110180 39032 122
fi=(244)
2173 318 106
0 106
fi=(252)
612 106
fi=(253)
1815 106
fi=(477)
18 530
cfn=(6288)
calls=106 +66 
* 28224 9762 110
fi=(244)
2173 318 106
0 106
fi=(477)
19 106 106 2
fi=(310)
258 106
fi=(309) /rustc/59807616e1fa2540724bfbac14d7976d7e4a3860/library/core/src/hash/sip.rs
-55 212
fi=(281) /rustc/59807616e1fa2540724bfbac14d7976d7e4a3860/library/std/src/hash/random.rs
84 106
fi=(309)
204 212
fi=(281)
84 742
fi=(309)
306 424
cfn=(1298) <core::hash::sip::Hasher<S> as core::hash::Hasher>::write
calls=106 -50 
* 3596 532 29
fi=(308) /rustc/59807616e1fa2540724bfbac14d7976d7e4a3860/library/core/src/hash/mod.rs
+57 530
cfi=(309)
cfn=(1298)
calls=106 256 
* 3710 530 4
fi=(309)
-51 106
+2 424
+2 212
fi=(174)
2457 318
fi=(304)
956 106
fi=(297)
457 106 106
fi=(310)
0 6042
fi=(304)
1179 212
fi=(324) /rust/deps/hashbrown-0.16.1/src/control/tag.rs
48 848
fi=(304)
-48 106
fi=(233)
547 106
fi=(311)
1563 318
fi=(315)
50 212 106 7
fi=(304)
-50 2
fi=(233)
547 2
fi=(311)
1563 6
fi=(315)
50 4 2 1
-50 25
fi=(314)
641 5
fi=(304)
1863 10
fi=(239)
1072 15
fi=(264)
20 10 5 3
fi=(304)
1179 6
fi=(264)
154 6 0 0 3 1
cob=(2)
cfi=(290)
cfn=(1082)
calls=3 -81 
* 66 12 1
* 3
fi=(297)
434 3 3 1
fi=(314)
+65 5
fi=(315)
50 40 5
-50 5
fi=(325) /rustc/59807616e1fa2540724bfbac14d7976d7e4a3860/library/core/src/macros/mod.rs
433 5
fi=(297)
+1 5 5
fi=(325)
-1 103
fi=(297)
+1 103 103 1
fi=(311)
1563 108
fi=(315)
50 216 108 2
fi=(314)
641 106
fi=(304)
1793 212
fi=(311)
1563 318
fi=(297)
434 212 106 2
0 2
fi=(304)
91 4
-1 2
1844 2
0 212
fi=(180)
1720 872
fi=(271)
180 436 436 22
fi=(259)
2469 436
fi=(266)
888 872
fi=(477)
77 1606 670 10
fi=(304)
2687 106
fi=(297)
457 212 106 3
fi=(324)
30 106
fi=(174)
2494 106
fi=(304)
2631 106
+3 106
+1 106
2499 636
fi=(239)
1072 530
fi=(233)
1917 318
fi=(180)
1720 318
fi=(271)
180 108 106 6
fi=(477)
37 3
fi=(304)
2312 6 3 3
fi=(174)
3051 6
fi=(298)
200 4 2
fi=(477)
37 2
fi=(239)
1072 4
fi=(243)
48 2 0 0 2 1
cob=(2)
cfi=(155)
cfn=(762)
calls=2 3319 
* 182 31 6
-48 3
fi=(180)
444 6
fi=(174)
769 3
fi=(477)
55 6 3 3
-55 6
fi=(252)
459 6 3 1
fi=(243)
14 6 0 0 3 1
cob=(2)
cfi=(155)
cfn=(650)
calls=3 3283 
* 90 18 4
fi=(252)
468 6 3
fi=(256)
0 3
fi=(233)
547 12 0 0 3 1
cob=(2)
cfi=(211)
cfn=(728)
calls=3 255 
* 34 6 2
* 3
fi=(260)
1014 9
fi=(449) /rust/deps/hashbrown-0.16.1/src/set.rs
+79 9
cfi=(310)
cfn=(1498) hashbrown::map::HashMap<K,V,S,A>::insert
calls=3 1841 
* 939 56 12
fi=(477)
58 6 3
-58 6
fi=(180)
1720 3
fi=(271)
180 4 3 3
fi=(304)
2697 1
2312 2 1
-59 3 1 1
2479 1
fi=(311)
1320 1
fi=(262)
863 1
fi=(304)
3595 4
0 12
3851 3 3 1
fi=(315)
50 6 3 3
fi=(314)
641 3
fi=(239)
1072 6
fi=(252)
632 6 3
fi=(304)
0 3
fi=(239)
1400 3
fi=(243)
48 3 0 0 3
cob=(2)
cfi=(155)
cfn=(762)
calls=3 3319 
* 99 18
* 3
fi=(174)
3051 1
769 1
fi=(304)
224 1
+1 1
fi=(298)
-25 3 1 1
0 2
fi=(304)
3173 1
fi=(239)
1072 1
fi=(243)
48 1 0 0 1
cob=(2)
cfi=(155)
cfn=(762)
calls=1 3319 
* 33 6
fi=(244)
2173 2 1
0 1
fi=(253)
1815 1
fi=(264)
20 2 1
fi=(252)
612 3
fi=(264)
154 1 0 0 1 1
cob=(2)
cfi=(290)
cfn=(1082)
calls=1 -81 
* 19 4 2
* 1
fe=(476)
-78 1 1 1
+13 8
-89 1
fi=(180)
1720 1
fi=(271)
180 1 1
0 2
180 1
0 6
fi=(180)
1720 3
fi=(271)
180 3 3 2
fi=(253)
1815 3
fi=(180)
-95 6
fi=(271)
180 3 3 1
fe=(476)
474 3
fi=(271)
180 12 3
0 3
fe=(476)
495 3
fi=(180)
659 3
fe=(476)
495 3
fi=(174)
2533 6
fi=(271)
180 6 3
fe=(476)
495 9
fi=(180)
659 9
fe=(476)
495 9
fi=(174)
2533 18
fi=(271)
180 24 12 8
0 6
fe=(476)
495 6
fi=(174)
2533 3
fe=(476)
495 6
fi=(174)
2533 3
fe=(476)
495 6
fi=(174)
2533 3
fe=(476)
495 6
fi=(174)
2533 3
fe=(476)
495 6
fi=(174)
2533 3
fe=(476)
495 6
fi=(174)
2533 3
fe=(476)
495 6
fi=(174)
2533 3
fe=(476)
495 3
fi=(180)
659 3
fe=(476)
495 3
fi=(174)
2533 3
fi=(180)
1720 3
fi=(271)
180 3 3 3
fe=(476)
495 10
fi=(174)
2533 5
fe=(476)
495 10
fi=(174)
2533 5
fe=(476)
495 10
fi=(174)
2533 5
fe=(476)
495 10
fi=(174)
2533 5
fe=(476)
495 10
fi=(174)
2533 5
fe=(476)
495 10
fi=(174)
2533 5
fe=(476)
495 10
fi=(174)
2533 5
fe=(476)
495 5
fi=(180)
659 5
fe=(476)
495 5
fi=(174)
2533 5
fi=(180)
1720 5
fi=(271)
180 5 5 3
fi=(253)
1815 3
fi=(180)
-95 3
fi=(271)
180 3 3
fe=(476)
475 3
fi=(271)
180 12 3
0 3
fe=(476)
495 3
fi=(180)
659 3
fe=(476)
495 3
fi=(174)
2533 6
fi=(271)
180 6 3 3
fe=(476)
495 10
fi=(180)
659 10
fe=(476)
495 10
fi=(174)
2533 20
fi=(271)
180 26 13 8
0 6
fe=(476)
495 6
fi=(174)
2533 3
fe=(476)
495 6
fi=(174)
2533 3
fe=(476)
495 6
fi=(174)
2533 3
fe=(476)
495 6
fi=(174)
2533 3
fe=(476)
495 6
fi=(174)
2533 3
fe=(476)
495 6
fi=(174)
2533 3
fe=(476)
495 6
fi=(174)
2533 3
fe=(476)
495 3
fi=(180)
659 3
fe=(476)
495 3
fi=(174)
2533 3
fi=(180)
1720 3
fi=(271)
180 3 3 3
fe=(476)
495 44
fi=(174)
2533 22
fe=(476)
495 44
fi=(174)
2533 22
fe=(476)
495 44
fi=(174)
2533 22
fe=(476)
495 44
fi=(174)
2533 22
fe=(476)
495 44
fi=(174)
2533 22
fe=(476)
495 44
fi=(174)
2533 22
fe=(476)
495 44
fi=(174)
2533 22
fe=(476)
495 22
fi=(180)
659 22
fe=(476)
495 22
fi=(174)
2533 22
fi=(180)
1720 22
fi=(271)
180 22 22 18
fi=(180)
444 3
fi=(253)
1815 3
fi=(180)
-95 3
fi=(271)
180 3 3
fe=(476)
476 3
fi=(271)
180 12 3
0 3
fe=(476)
495 3
fi=(180)
659 3
fe=(476)
495 3
fi=(174)
2533 6
fi=(271)
180 6 3 2
fe=(476)
495 8
fi=(180)
659 8
fe=(476)
495 8
fi=(174)
2533 16
fi=(271)
180 22 11 7
0 6
fe=(476)
495 6
fi=(174)
2533 3
fe=(476)
495 6
fi=(174)
2533 3
fe=(476)
495 6
fi=(174)
2533 3
fe=(476)
495 6
fi=(174)
2533 3
fe=(476)
495 6
fi=(174)
2533 3
fe=(476)
495 6
fi=(174)
2533 3
fe=(476)
495 6
fi=(174)
2533 3
fe=(476)
495 3
fi=(180)
659 3
fe=(476)
495 3
fi=(174)
2533 3
fi=(180)
1720 3
fi=(271)
180 3 3 2
fe=(476)
495 4760
fi=(174)
2533 2380
fe=(476)
495 4760
fi=(174)
2533 2380
fe=(476)
495 4760
fi=(174)
2533 2380
fe=(476)
495 4760
fi=(174)
2533 2380
fe=(476)
495 4760
fi=(174)
2533 2380
fe=(476)
495 4760
fi=(174)
2533 2380
fe=(476)
495 4760
fi=(174)
2533 2380
fe=(476)
495 2380
fi=(180)
659 2380
fe=(476)
495 2380
fi=(174)
2533 2380
fi=(180)
1720 2380
fi=(271)
180 2380 2380 16
fi=(253)
1815 3
fi=(180)
-95 3
fi=(271)
180 3 3 1
0 10
fe=(476)
483 106
0 106
495 106
fi=(174)
2533 106
fi=(180)
1720 106
fi=(271)
180 106 106 4
fi=(253)
1815 106
fi=(180)
-95 106
fi=(271)
180 106 106
fe=(476)
478 106
fi=(271)
180 424 106 2
0 106
fe=(476)
495 106
fi=(180)
659 106
fe=(476)
495 106
fi=(174)
2533 212
fi=(271)
180 212 106 7
fe=(476)
495 420
fi=(180)
659 420
fe=(476)
495 420
fi=(174)
2533 840
fi=(271)
180 1156 526 29
0 4
fe=(476)
495 4
fi=(174)
2533 2
fe=(476)
495 4
fi=(174)
2533 2
fe=(476)
495 4
fi=(174)
2533 2
fe=(476)
495 4
fi=(174)
2533 2
fe=(476)
495 4
fi=(174)
2533 2
fe=(476)
495 4
fi=(174)
2533 2
fe=(476)
495 4
fi=(174)
2533 2
fe=(476)
495 2
fi=(180)
659 2
fe=(476)
495 2
fi=(174)
2533 2
fi=(180)
1720 2
fi=(271)
180 2 2
fi=(253)
1815 106
fi=(180)
-95 106
fi=(271)
180 106 106
fe=(476)
479 106
fi=(271)
180 424 106
0 106
fe=(476)
495 106
fi=(180)
659 106
fe=(476)
495 106
fi=(174)
2533 212
fi=(271)
180 212 106 5
fe=(476)
495 26
fi=(180)
659 26
fe=(476)
495 26
fi=(174)
2533 52
fi=(271)
180 264 132 22
0 212
fe=(476)
495 212
fi=(174)
2533 106
fe=(476)
495 212
fi=(174)
2533 106
fe=(476)
495 212
fi=(174)
2533 106
fe=(476)
495 212
fi=(174)
2533 106
fe=(476)
495 212
fi=(174)
2533 106
fe=(476)
495 212
fi=(174)
2533 106
fe=(476)
495 212
fi=(174)
2533 106
fe=(476)
495 106
fi=(180)
659 106
fe=(476)
495 106
fi=(174)
2533 106
fi=(180)
1720 106
fi=(271)
180 106 106 6
fe=(476)
495 1696
fi=(174)
2533 848
fe=(476)
495 1696
fi=(174)
2533 848
fe=(476)
495 1696
fi=(174)
2533 848
fe=(476)
495 1696
fi=(174)
2533 848
fe=(476)
495 1696
fi=(174)
2533 848
fe=(476)
495 1696
fi=(174)
2533 848
fe=(476)
495 1696
fi=(174)
2533 848
fe=(476)
495 848
fi=(180)
659 848
fe=(476)
495 848
fi=(174)
2533 848
fi=(180)
1720 848
fi=(271)
180 848 848 124
fi=(253)
1815 106
fi=(180)
-95 106
fi=(271)
180 106 106 2
fe=(476)
480 106
fi=(271)
180 424 106
0 106
fe=(476)
495 106
fi=(180)
659 106
fe=(476)
495 106
fi=(174)
2533 212
fi=(271)
180 212 106 13
fe=(476)
495 116
fi=(180)
659 116
fe=(476)
495 116
fi=(174)
2533 232
fi=(271)
180 550 222 13
0 106
fe=(476)
495 212
fi=(174)
2533 106
fe=(476)
495 212
fi=(174)
2533 106
fe=(476)
495 212
fi=(174)
2533 106
fe=(476)
495 212
fi=(174)
2533 106
fe=(476)
495 212
fi=(174)
2533 106
fe=(476)
495 212
fi=(174)
2533 106
fe=(476)
495 212
fi=(174)
2533 106
fe=(476)
495 106
fi=(180)
659 106
fe=(476)
495 106
fi=(174)
2533 106
fi=(180)
1720 106
fi=(271)
180 106 106 9
fe=(476)
495 210
fi=(174)
2533 105
fe=(476)
495 210
fi=(174)
2533 105
fe=(476)
495 210
fi=(174)
2533 105
fe=(476)
495 210
fi=(174)
2533 105
fe=(476)
495 210
fi=(174)
2533 105
fe=(476)
495 210
fi=(174)
2533 105
fe=(476)
495 210
fi=(174)
2533 105
fe=(476)
495 105
fi=(180)
659 105
fe=(476)
495 105
fi=(174)
2533 105
fi=(180)
1720 105
fi=(271)
180 211 105 7
0 1
fe=(476)
84 10
-2 14 0 0 1 1
cob=(2)
cfi=(211)
cfn=(728)
calls=1 255 
* 53 8 2
* 5 0 0 1 1
cob=(2)
cfi=(211)
cfn=(728)
calls=1 255 
* 77 10 3
* 2
fi=(319)
-32 1
fi=(297)
434 1 1
0 1
fi=(319)
51 2
cfi=(320) /rustc/59807616e1fa2540724bfbac14d7976d7e4a3860/library/core/src/slice/sort/shared/smallsort.rs
cfn=(2590) core::slice::sort::shared::smallsort::insertion_sort_shift_left
calls=1 580 
* 147 13 1 2 1
* 1
fe=(476)

fl=(173)
fn=(6624) std::sync::once_lock::OnceLock<T>::initialize
3891 1
fi=(451)
214 2 1
fi=(450) /rustc/59807616e1fa2540724bfbac14d7976d7e4a3860/library/std/src/sync/once_lock.rs
0 2
fi=(451)
218 2
fi=(450)
542 2
fi=(451)
218 2
+1 6 0 0 1 1
cfi=(333)
cfn=(5374)
calls=1 -78 
* 62 7 4 1 1
* 1
fi=(450)
557 1
fe=(173)

fl=(318)
fn=(6078) <alloc::vec::Vec<T> as alloc::vec::spec_from_iter_nested::SpecFromIterNested<T,I>>::from_iter
18 900
fi=(304)
3851 200 100 1
0 500
fi=(315)
50 200 100 1
fi=(314)
499 100
641 100
fi=(315)
38 200
fi=(239)
1072 200
fi=(304)
3861 100
fi=(252)
612 100
fi=(253)
1815 100
fi=(264)
20 400 200 4
fi=(304)
3851 200 100 2
0 100
fi=(253)
464 400
fe=(318)
43 800
-25 10
fi=(304)
3851 2 1
0 15
fi=(315)
50 2 1 1
fi=(314)
499 1
641 1
fi=(315)
38 2
fi=(239)
1072 2
fi=(304)
3861 1
fi=(264)
20 2 1
fi=(259)
-20 1
fi=(252)
612 2
fi=(264)
154 2 0 0 1 1
cob=(2)
cfi=(290)
cfn=(1082)
calls=1 -81 
* 29 7 1
* 1
fi=(259)
2945 1 1 1
0 1
fi=(315)
114 1
fi=(304)
3861 1
fi=(243)
14 2 0 0 1 1
cob=(2)
cfi=(155)
cfn=(650)
calls=1 3283 
* 30 6 2
fi=(252)
468 2 1 1
0 1
fi=(233)
1917 1
fe=(318)
36 4
fi=(304)
3851 2 1 1
fe=(318)
42 8
+1 8
-25 9
fi=(304)
3851 2 1
0 5
fi=(315)
50 76 38 6
-50 2
fi=(311)
1320 2
fi=(239)
1072 2
fi=(262)
863 2
fi=(315)
113 4
-63 2 2
fi=(304)
-50 2
3669 2
fi=(314)
499 2
641 2
fi=(315)
38 4
fi=(239)
1072 4
fi=(304)
3861 2
fi=(252)
612 2
fi=(253)
1815 2
fi=(264)
20 4 2 2
fi=(314)
499 36
641 36
fi=(315)
38 72
fi=(239)
1072 72
fi=(304)
3861 36
fi=(252)
612 36
fi=(253)
1815 36
fi=(264)
20 148 74 6
154 3 0 0 1 1
cob=(2)
cfi=(290)
cfn=(1082)
calls=1 -81 
* 29 7
* 1
fi=(259)
2945 1 1 1
fi=(304)
3851 74 37 5
fi=(315)
114 1
fi=(304)
3861 1
fi=(243)
14 2 0 0 1 1
cob=(2)
cfi=(155)
cfn=(650)
calls=1 3283 
* 30 6 1
fi=(252)
468 2 1 1
fe=(318)
0 2
fi=(233)
1917 1
fe=(318)
36 3
fi=(304)
3851 3 1
0 3
fi=(315)
50 134 67 15
-50 5
fi=(311)
1320 5
fi=(239)
1072 5
fi=(262)
863 5
fi=(315)
113 10
-63 5 5 2
fi=(314)
499 67
641 67
fi=(315)
38 134
fi=(239)
1072 134
fi=(304)
3861 67
fi=(252)
612 67
fi=(253)
1815 67
fi=(264)
20 268 134 14
154 6 0 0 2 1
cob=(2)
cfi=(290)
cfn=(1082)
calls=2 -81 
* 68 14 2
* 4
fi=(259)
2945 2 2 2
fi=(304)
3851 135 67 9
fe=(318)
42 7
+1 8

fl=(310)
fn=(1498)
1841 4527
258 3521
cfi=(308)
cfn=(1296) core::hash::BuildHasher::hash_one
calls=703 694 
* 101971 6160 83
* 503
fi=(304)
956 503
fi=(297)
457 503 503 11
0 503
fi=(304)
1179 1006
fi=(324)
48 5533
fi=(304)
-48 503
fi=(233)
547 503
fi=(311)
1563 1509
fi=(315)
50 1006 503 49
fi=(304)
-50 17
fi=(233)
547 17
fi=(311)
1563 51
fi=(315)
50 34 17 5
-50 190
fi=(314)
641 38
fi=(304)
1863 76
fi=(239)
1072 76
fi=(264)
20 76 38 12
fi=(314)
641 3
fi=(304)
1863 6
fi=(239)
1072 6
fi=(264)
20 6 3 1
fi=(304)
1179 120
fi=(264)
154 30 0 0 30 22
cob=(2)
cfi=(290)
cfn=(1082)
calls=39 -81 
* 681 129 43
* 60
fi=(297)
434 30 30
fi=(314)
+65 41
fi=(315)
50 369 41 4
-50 38
fi=(325)
433 76
fi=(297)
+1 38 38 3
fi=(325)
-1 964
fi=(297)
+1 482 482 1
fi=(311)
1563 520
fi=(315)
50 1040 520 21
fi=(314)
641 503
fi=(304)
1793 1006
fi=(311)
1563 1006
fi=(297)
434 1006 503 17
0 34
fi=(304)
91 34
-1 17
1844 17
2687 503
fi=(297)
457 1509 503
fi=(324)
30 503
fi=(174)
2494 503
fi=(304)
2631 503
+3 503
+1 503
2499 3018
fi=(239)
1072 1006
fi=(233)
1917 2515
fe=(310)
-65 4527
0 6
fi=(304)
962 24 0 0 6 1
cfn=(1312) hashbrown::raw::RawTable<T,A>::reserve_rehash
calls=6 +37 
* 24933 1807 87 17 1
* 6
fe=(310)
1841 900
258 700
cfi=(308)
cfn=(1296)
calls=100 694 
* 25652 1561 11
* 100
fi=(304)
956 100
fi=(297)
457 100 100 8
0 100
fi=(304)
1179 200
fi=(324)
48 1100
fi=(304)
-48 100
fi=(233)
547 100
fi=(311)
1563 300
fi=(315)
50 200 100 13
fi=(304)
-50 2
fi=(233)
547 2
fi=(311)
1563 6
fi=(315)
50 4 2 2
-50 25
fi=(314)
641 5
fi=(304)
1863 10
fi=(239)
1072 10
fi=(264)
20 10 5 1
fi=(314)
641 1
fi=(304)
1863 2
fi=(239)
1072 2
fi=(264)
20 2 1
fi=(304)
1179 20
fi=(264)
154 5 0 0 5 1
cob=(2)
cfi=(290)
cfn=(1082)
calls=5 -81 
* 118 22 7
* 10
fi=(297)
434 5 5
fi=(314)
+65 6
fi=(315)
50 54 6 1
-50 5
fi=(325)
433 10
fi=(297)
+1 5 5
fi=(325)
-1 194
fi=(297)
+1 97 97 7
fi=(311)
1563 102
fi=(315)
50 204 102 3
fi=(314)
641 100
fi=(304)
1793 200
fi=(311)
1563 200
fi=(297)
434 200 100 13
0 4
fi=(304)
91 4
-1 2
1844 2
2687 100
fi=(297)
457 300 100
fi=(324)
30 100
fi=(174)
2494 100
fi=(304)
2631 100
+3 100
+1 100
2499 600
fi=(239)
1072 200
fi=(233)
1917 500
fe=(310)
-65 900
0 6
fi=(304)
962 24 0 0 6 1
cfn=(1312)
calls=6 +37 
* 33515 2301 97 17 1
* 6
fe=(310)
1841 1800
258 300
fi=(309)
-55 600
fi=(281)
84 300
fi=(309)
204 600
fi=(281)
84 1500
fi=(174)
3928 900
fi=(309)
233 600
cfn=(1298)
calls=400 +23 
* 8400 1500 34
+81 900
-2 600
+4 600
fi=(174)
2457 600
fi=(297)
2029 300
fi=(174)
2457 300
fi=(309)
78 300
fi=(297)
2029 300
fi=(309)
79 300
fi=(297)
2029 300
fi=(174)
2457 600
fi=(297)
2029 300
fi=(309)
79 300
fi=(297)
2029 600
fi=(309)
78 300
318 300
+2 300
fi=(174)
2457 600
fi=(297)
2029 300
fi=(309)
78 300
fi=(297)
2029 600
fi=(309)
79 300
fi=(174)
2457 300
fi=(297)
2029 300
fi=(174)
2457 300
fi=(309)
79 300
fi=(297)
2029 300
fi=(309)
78 300
fi=(297)
2029 300
fi=(174)
2457 600
fi=(297)
2029 300
fi=(309)
78 300
fi=(297)
2029 600
fi=(309)
79 300
fi=(174)
2457 300
fi=(297)
2029 300
fi=(174)
2457 300
fi=(309)
79 300
fi=(297)
2029 300
fi=(309)
78 300
fi=(297)
2029 300
fi=(174)
2457 600
fi=(297)
2029 300
fi=(309)
78 300
fi=(297)
2029 300
fi=(309)
79 300
fi=(174)
2457 300
fi=(297)
2029 1200
fi=(309)
323 900
fi=(304)
956 300
fi=(297)
457 300 300 6
fi=(304)
1179 600
fi=(324)
48 2700
fi=(304)
-48 300
fi=(233)
547 300
fi=(311)
1563 900
fi=(315)
50 600 300 22
fi=(304)
-50 6
fi=(233)
547 6
fi=(311)
1563 18
fi=(315)
50 12 6 1
fi=(314)
641 19
fi=(304)
1863 38
fi=(239)
1072 76
fi=(236)
1878 19
fi=(297)
434 19 19
fi=(314)
+65 19
fi=(315)
50 57 19 2
-50 17
fi=(325)
433 17
fi=(297)
+1 17 17 1
fi=(325)
-1 289
fi=(297)
+1 289 289 1
fi=(311)
1563 306
fi=(315)
50 612 306 11
fi=(314)
641 300
fi=(304)
1793 600
fi=(311)
1563 600
fi=(297)
434 600 300 12
0 6
fi=(304)
91 12
-1 6
1844 6
2687 300
fi=(297)
457 600 300 5
fi=(324)
30 300
fi=(174)
2494 300
fi=(304)
2631 300
+3 300
+1 300
2499 1800
fi=(239)
1072 600
fi=(233)
1917 600
fe=(310)
-65 1500
fi=(304)
962 30 0 0 6 1
cfn=(1312)
calls=6 +37 
* 18718 1157 34 17 1
* 6
fi=(311)
1320 1
1563 1
fi=(315)
50 1
fi=(304)
1216 2
fe=(310)

fn=(5326) hashbrown::map::HashMap<K,V,S,A>::get
1309 402 201
0 1809
258 1407
cfi=(308)
cfn=(1296)
calls=301 694 
* 33515 2011 26
fi=(324)
48 603
fi=(304)
2492 1608
0 201
fi=(233)
547 201
fi=(311)
1563 603
fi=(315)
50 402 201 68
fi=(304)
-50 1
fi=(233)
547 1
fi=(311)
1563 3
fi=(315)
50 2 1
-50 1010
fi=(314)
641 202
fi=(304)
2073 404
fi=(239)
1072 404
fi=(264)
20 404 202 4
fi=(314)
641 4
fi=(304)
2073 8
fi=(239)
1072 8
fi=(264)
20 8 4 2
fi=(304)
1236 410
fi=(264)
154 615 0 0 205 1
cob=(2)
cfi=(290)
cfn=(1082)
calls=305 -81 
* 4155 913 77
* 205
fi=(297)
434 205 205 3
fi=(314)
+65 5
fi=(315)
50 45 5 2
-50 1
fi=(311)
1563 2
fi=(297)
434 2 1
fi=(304)
91 2
-1 1
2053 1
1251 2010
fe=(310)
+67 201

fl=(346) /rustc/59807616e1fa2540724bfbac14d7976d7e4a3860/library/core/src/slice/sort/shared/pivot.rs
fn=(1876) core::slice::sort::shared::pivot::median3_rec
55 9
+10 2 1
+1 1
fi=(262)
863 7
fe=(346)
67 1
cfn=(1877) core::slice::sort::shared::pivot::median3_rec'2
calls=1 -12 
* 98 10 3 2 2
* 1
fi=(262)
863 2
fe=(346)
68 3
cfn=(1877)
calls=1 -13 
* 133 14 3 3 1
* 1
fi=(262)
863 2
fe=(346)
69 5
cfn=(1877)
calls=1 -14 
* 133 14 3 3
* 2
-69 2
82 5
fi=(264)
317 4
+8 4 0 0 1
cob=(2)
cfi=(290)
cfn=(1082)
calls=1 73 
* 22 4 1
* 2
+1 2
fe=(346)
83 2
fi=(264)
317 3
+8 5 0 0 1
cob=(2)
cfi=(290)
cfn=(1082)
calls=1 73 
* 22 4
* 1
+1 3
fe=(346)
84 2 1
fi=(264)
317 4
+8 3 0 0 1
cob=(2)
cfi=(290)
cfn=(1082)
calls=1 73 
* 19 4 1
* 1
+1 2
fe=(346)
89 3
-16 8
-18 9
+10 2 1 1
+1 2
fi=(262)
863 6
fe=(346)
67 1
cfn=(1877)
calls=1 -12 
* 100 10 2 2 1
* 1
fi=(262)
863 2
fe=(346)
68 3
cfn=(1877)
calls=1 -13 
* 135 14 2 3 1
* 1
fi=(262)
863 2
fe=(346)
69 5
cfn=(1877)
calls=1 -14 
* 135 14 1 3
* 2
-69 3
82 2
fi=(252)
612 1
fi=(253)
1815 1
fi=(252)
612 1
fi=(253)
1815 1
fi=(264)
317 4
+8 4 0 0 1
cob=(2)
cfi=(290)
cfn=(1082)
calls=1 73 
* 22 4
* 2
+1 2
fe=(346)
83 1
fi=(252)
612 1
fi=(253)
1815 1
fi=(264)
317 3
+8 4 0 0 1
cob=(2)
cfi=(290)
cfn=(1082)
calls=1 73 
* 22 4
* 1
+1 3
fe=(346)
84 2 1
fi=(264)
317 5
+8 2 0 0 1
cob=(2)
cfi=(290)
cfn=(1082)
calls=1 73 
* 19 4 1
* 1
+1 2
fe=(346)
89 3
-16 8
-18 20
+10 4 2 1
+1 2
fi=(262)
863 10
fe=(346)
67 6
cfn=(1877)
calls=2 -12 
* 322 28 5 18 9
* 2
fi=(262)
863 4
fe=(346)
68 6
cfn=(1877)
calls=2 -13 
* 322 28 1 18
* 2
fi=(262)
863 4
fe=(346)
69 10
cfn=(1877)
calls=2 -14 
* 298 22 4 18
* 4
fi=(299)
704 6 0 0 2
cfn=(5012)
calls=2 -97 
* 4
fi=(252)
-92 2
fi=(253)
1815 2
fi=(299)
704 6 0 0 2
cfn=(5012)
calls=2 -97 
* 4
fi=(252)
-92 2
fi=(253)
1815 2
fi=(264)
317 6
+8 4 0 0 2
cob=(2)
cfi=(290)
cfn=(1082)
calls=2 73 
* 44 8
* 2
+1 4
fi=(299)
704 6 0 0 2
cfn=(5012)
calls=2 -97 
* 4
fi=(252)
-92 2
fi=(253)
1815 4
fi=(299)
704 6 0 0 2
cfn=(5012)
calls=2 -97 
* 4
fi=(252)
-92 2
fi=(253)
1815 2
fi=(264)
317 6
+8 4 0 0 2
cob=(2)
cfi=(290)
cfn=(1082)
calls=2 73 
* 44 8
* 2
+1 4
fe=(346)
84 4 2 1
fi=(299)
704 3 0 0 1
cfn=(5012)
calls=1 -97 
* 2
fi=(252)
-92 1
fi=(253)
1815 2
fi=(299)
704 3 0 0 1
cfn=(5012)
calls=1 -97 
* 2
fi=(252)
-92 1
fi=(253)
1815 1
fi=(264)
317 3
+8 2 0 0 1
cob=(2)
cfi=(290)
cfn=(1082)
calls=1 73 
* 22 4
* 1
+1 2
fe=(346)
89 3
-16 18
-18 9
+10 2 1
+1 1
fi=(262)
863 6
fe=(346)
67 1
cfn=(1877)
calls=1 -12 
* 52 2 1
* 1
fi=(262)
863 2
fe=(346)
68 3
cfn=(1877)
calls=1 -13 
* 52 2 1
* 1
fi=(262)
863 2
fe=(346)
69 5
cfn=(1877)
calls=1 -14 
* 52 2
* 2
+13 4
fi=(481)
196 4
fi=(236)
1931 1
fi=(481)
196 2
fe=(346)
83 2
fi=(481)
196 4
fi=(236)
1931 1
fi=(481)
196 2
fe=(346)
84 2 1
-11 9

fn=(1877)
55 27
+10 6 3 1
-65 6
82 15
fi=(264)
317 12
+8 12 0 0 3 1
cob=(2)
cfi=(290)
cfn=(1082)
calls=3 73 
* 66 12 2
* 6
+1 6
fe=(346)
83 6
fi=(264)
317 9
+8 15 0 0 3 1
cob=(2)
cfi=(290)
cfn=(1082)
calls=3 73 
* 66 12 2
* 3
+1 9
fe=(346)
84 6 3 1
fi=(264)
317 8
+8 6 0 0 2 1
cob=(2)
cfi=(290)
cfn=(1082)
calls=2 73 
* 44 8 3
* 2
+1 4
fe=(346)
89 6
-16 24
-18 27
+10 6 3 3
-65 9
82 6
fi=(252)
612 3
fi=(253)
1815 3
fi=(252)
612 3
fi=(253)
1815 3
fi=(264)
317 12
+8 12 0 0 3
cob=(2)
cfi=(290)
cfn=(1082)
calls=3 73 
* 66 12
* 6
+1 6
fe=(346)
83 3
fi=(252)
612 3
fi=(253)
1815 3
fi=(264)
317 9
+8 12 0 0 3 1
cob=(2)
cfi=(290)
cfn=(1082)
calls=3 73 
* 66 12
* 3
+1 9
fe=(346)
84 6 3 1
fi=(264)
317 10
+8 4 0 0 2 1
cob=(2)
cfi=(290)
cfn=(1082)
calls=2 73 
* 44 8 1
* 2
+1 4
fe=(346)
89 6
-16 24
-18 60
+10 12 6 2
-65 6
fi=(299)
704 18 0 0 6 1
cfn=(5012)
calls=6 -97 
* 12
fi=(252)
-92 6
fi=(253)
1815 6
fi=(299)
704 18 0 0 6 1
cfn=(5012)
calls=6 -97 
* 12
fi=(252)
-92 6
fi=(253)
1815 6
fi=(264)
317 18
+8 12 0 0 6 1
cob=(2)
cfi=(290)
cfn=(1082)
calls=6 73 
* 124 22 4
* 6
+1 12
fi=(299)
704 18 0 0 6 1
cfn=(5012)
calls=6 -97 
* 12
fi=(252)
-92 6
fi=(253)
1815 12
fi=(299)
704 18 0 0 6 1
cfn=(5012)
calls=6 -97 
* 12
fi=(252)
-92 6
fi=(253)
1815 6
fi=(264)
317 18
+8 12 0 0 6 1
cob=(2)
cfi=(290)
cfn=(1082)
calls=6 73 
* 124 22 1
* 6
+1 12
fe=(346)
84 12 6 2
fi=(299)
704 18 0 0 6 1
cfn=(5012)
calls=6 -97 
* 12
fi=(252)
-92 6
fi=(253)
1815 12
fi=(299)
704 18 0 0 6 1
cfn=(5012)
calls=6 -97 
* 12
fi=(252)
-92 6
fi=(253)
1815 6
fi=(264)
317 18
+8 12 0 0 6 1
cob=(2)
cfi=(290)
cfn=(1082)
calls=6 73 
* 124 22 1
* 6
+1 12
fe=(346)
89 18
-16 54
-18 27
+10 6 3 2
+17 12
fi=(481)
196 12
fi=(236)
1931 3
fi=(481)
196 6
fe=(346)
83 6
fi=(481)
196 12
fi=(236)
1931 3
fi=(481)
196 6
fe=(346)
84 6 3
fi=(481)
196 12
fi=(236)
1931 3
fi=(481)
196 6
fe=(346)
89 9
-16 27

fl=(465) /home/zhuhe/code/litchi/crates/litchi-pptx/src/opened/model.rs
fn=(6430) litchi_pptx::opened::model::feed
1154 14355
fi=(460) /home/zhuhe/.cargo/registry/src/index.crates.io-1949cf8c6b5b557f/block-buffer-0.12.1/src/lib.rs
237 2610
-64 1305 1305 83
fi=(233)
547 1150
fi=(479) /home/zhuhe/.cargo/registry/src/index.crates.io-1949cf8c6b5b557f/block-buffer-0.12.1/src/sealed.rs
56 1150
fi=(233)
1917 1150
fi=(460)
294 1150
0 310
fi=(478) /home/zhuhe/.cargo/registry/src/index.crates.io-1949cf8c6b5b557f/digest-0.11.3/src/buffer_macros/fixed.rs
203 155
fi=(239)
961 310
fi=(233)
547 310 0 0 155 1
cob=(2)
cfi=(211)
cfn=(728)
calls=155 255 
* 2479 856 70
fi=(461) /home/zhuhe/.cargo/registry/src/index.crates.io-1949cf8c6b5b557f/sha2-0.11.0/src/block_api.rs
39 155
+2 620 0 0 155 1
cfi=(457) /home/zhuhe/.cargo/registry/src/index.crates.io-1949cf8c6b5b557f/sha2-0.11.0/src/sha256.rs
cfn=(5720) sha2::sha256::compress256
calls=155 +45 
* 522040 620 5
fi=(292) /rustc/59807616e1fa2540724bfbac14d7976d7e4a3860/library/core/src/slice/mod.rs
2053 310
fi=(459) /home/zhuhe/.cargo/registry/src/index.crates.io-1949cf8c6b5b557f/hybrid-array-0.4.15/src/lib.rs
338 155
fi=(262)
863 310
fi=(233)
1917 155
547 465 0 0 155 1
cob=(2)
cfi=(211)
cfn=(728)
calls=155 255 
* 2351 664 56
fi=(460)
237 155
fi=(479)
46 310
fi=(460)
164 155
fi=(479)
62 310
fi=(460)
173 155 155 27
fi=(479)
46 2300
fi=(460)
164 1150
fi=(479)
62 2300
fi=(460)
173 1150 1150 63
0 666
fi=(239)
961 666
fi=(233)
547 1998 0 0 666 1
cob=(2)
cfi=(211)
cfn=(728)
calls=666 255 
* 8333 1781 199
fi=(479)
56 666
fi=(233)
1917 666
fe=(465)
1157 5328
fi=(478)
0 639
fi=(460)
184 1278 639 6
fi=(239)
961 638
fi=(233)
547 1914 0 0 638 2
cob=(2)
cfi=(211)
cfn=(728)
calls=638 255 
* 7536 1397 165
fi=(461)
39 638
+2 2552 0 0 638 1
cfi=(457)
cfn=(5720)
calls=638 +45 
* 2148784 2552 16
fi=(262)
863 638
fi=(233)
1917 638
fi=(460)
184 638
0 1
fi=(459)
337 3
+1 1
+1 1
fi=(262)
863 1
fi=(460)
204 2 1 1
fi=(459)
337 1914
+1 638
+1 638
fi=(262)
863 638
fi=(460)
204 1276 638 142
fi=(461)
39 142
+2 426 0 0 142 1
cfi=(457)
cfn=(5720)
calls=142 +45 
* 203503587 61665 254
fi=(233)
1917 639
547 7029 0 0 639 1
cob=(2)
cfi=(211)
cfn=(728)
calls=639 255 
* 8216 1956 390
fe=(465)

fn=(6442) litchi_pptx::opened::model::feed_relationships
1138 976
fi=(403) /rustc/59807616e1fa2540724bfbac14d7976d7e4a3860/library/core/src/convert/num.rs
297 366 122 6
fe=(465)
0 488
fi=(460)
237 366
-64 122 122 1
fi=(233)
547 122
fi=(479)
56 122
fi=(233)
1917 122
fi=(180)
1720 122
fi=(271)
180 129 122 5
0 460
fi=(233)
547 229
fi=(479)
56 229
fi=(460)
-56 229
fi=(180)
1720 458
fi=(271)
180 229 229 20
fe=(465)
1146 232
fi=(252)
612 232
fi=(253)
1815 232
fe=(465)
1146 464
cfn=(6430)
calls=232 +8 
* 108076 1753 231 306
fi=(252)
612 232
fi=(253)
1815 232
fe=(465)
1147 464
cfn=(6430)
calls=232 +7 
* 1257602 4563 352 1057 5
fi=(252)
612 232
fi=(253)
1815 232
fe=(465)
1148 464
cfn=(6430)
calls=232 +6 
* 212706 1589 202 365
fi=(300)
14 464
fi=(460)
237 464
-64 232 232 29
-9 6
fi=(239)
961 3
fi=(233)
547 6 0 0 3 2
cob=(2)
cfi=(211)
cfn=(728)
calls=3 255 
* 48 18 3
fi=(461)
39 3
+2 12 0 0 3 1
cfi=(457)
cfn=(5720)
calls=3 +45 
* 10104 12 1
fi=(233)
1917 6
fi=(460)
0 3
fi=(180)
1720 6
fi=(271)
180 3 3 1
0 122
fe=(465)
1151 122
+1 976

fn=(6600) litchi_pptx::opened::model::PartDigests::project
475 8
+1 2 1
0 2
fi=(304)
1365 2
fe=(465)
479 2
cfn=(6466) litchi_pptx::opened::model::PartDigests::with_capacity
calls=1 361 
* 1432 296 39 3 1
fi=(244)
2173 3 1
0 2
2174 3
fe=(465)
479 3
fi=(304)
3851 2 1
0 2
2479 1
fi=(311)
1320 1
fi=(338) /rustc/59807616e1fa2540724bfbac14d7976d7e4a3860/library/core/src/iter/adapters/map.rs
69 2
fi=(262)
863 12
0 605
fi=(304)
3851 121 121 3
fi=(315)
50 363 121 18
-50 15
fi=(311)
1320 15
fi=(239)
1072 15
fi=(262)
863 15
fi=(315)
113 30
-63 15 15
fi=(314)
641 121
fi=(239)
1072 242
fi=(280) /home/zhuhe/code/litchi/crates/litchi-opc/src/package.rs
1936 242
fi=(299)
704 121 0 0 121 1
cfn=(5012)
calls=121 -97 
* 242
fe=(465)
481 484 0 0 121 1
cfi=(280)
cfn=(1692) litchi_opc::package::OpcPackage::get_part
calls=121 1508 
* 45372 3069 81 242 1
fi=(244)
2173 121
0 242
2173 242 121 3
fe=(465)
482 121
+30 242 0 0 121 1
cfi=(299)
cfn=(6236)
calls=121 627 
* 1452 242 0 121
* 242
+1 242 0 0 121 1
cfi=(336) /home/zhuhe/code/litchi/crates/litchi-opc/src/payload.rs
cfn=(5096) <litchi_opc::part::XmlPart as litchi_opc::part::Part>::blob
calls=121 339 
* 1210 0 0 121 1
0 121
514 242 121
0 121
fi=(233)
2420 121
fe=(465)
514 121 121
-32 363
fi=(310)
258 363
cfi=(308)
cfn=(1296)
calls=121 694 
* 25894 1452 4
fi=(324)
48 847
fi=(304)
-48 242
fi=(233)
547 121
fi=(311)
1563 363
fi=(315)
50 242 121
fi=(314)
641 121
fi=(304)
2073 242
fi=(239)
1072 363
fi=(236)
1878 121
fi=(297)
434 363 242
fe=(465)
-60 605
486 847
cfn=(6482) litchi_pptx::opened::model::PartDigests::insert
calls=121 -70 
* 36941 2305 14
fi=(244)
2173 242 121 4
fe=(465)
489 8
+1 8

fn=(6322) litchi_pptx::opened::model::SlideNameIndex::build
230 9
fi=(302)
105 1
fi=(411)
-46 2 1
fi=(303)
555 2
fi=(174)
2457 1
fi=(175)
902 1
fi=(313)
363 6
fi=(304)
980 2 1
fe=(465)
258 9
+1 8
0 3
fi=(304)
983 4 0 0 1 1
cfn=(1312)
calls=1 +16 
* 434 68 19 2
0 1
fi=(244)
966 2 1 1
fi=(243)
0 1
fi=(239)
961 8
fi=(304)
0 99
fi=(233)
547 99
fi=(311)
1563 297
fi=(315)
50 198 99 4
-50 12
fi=(314)
641 2
fi=(304)
2073 4
fi=(239)
1072 4
fi=(264)
20 4 2 2
fi=(304)
1236 8
fi=(264)
154 4 0 0 2
cob=(2)
cfi=(290)
cfn=(1082)
calls=2 -81 
* 43 10 3
* 2
fi=(297)
434 2 2
fi=(314)
+65 2
fi=(315)
50 18 2 1
fi=(311)
1563 297
fi=(297)
434 198 99 3
fi=(378) /rustc/59807616e1fa2540724bfbac14d7976d7e4a3860/library/core/src/iter/adapters/enumerate.rs
0 300
fi=(180)
1720 100
fi=(271)
180 100 100 2
fi=(252)
612 100
fi=(253)
1815 100
fi=(310)
1457 200 100 3
258 495
cfi=(308)
cfn=(1296)
calls=99 694 
* 19305 1089 8
fi=(324)
48 297
fi=(304)
2492 693
0 100
fi=(260)
438 300
fe=(465)
244 300 0 0 100 1
cfi=(260)
cfn=(6332) <alloc::string::String>::try_reserve
calls=100 1304 
* 24516 3716 69 100
fi=(244)
966 200 100 5
fi=(252)
617 100
fi=(253)
1446 100
fi=(174)
2494 200
fi=(252)
765 100
-94 100 100
fi=(253)
2881 300 100 1
fi=(252)
612 100
fi=(239)
961 100
fi=(233)
547 300 0 0 100 1
cob=(2)
cfi=(211)
cfn=(728)
calls=100 255 
* 1300 300 88
* 100
fi=(253)
2886 200
fi=(310)
258 600
cfi=(308)
cfn=(1296)
calls=100 694 
* 19500 1100 9
* 100
fi=(304)
956 100
fi=(297)
457 100 100 2
fi=(304)
1179 200
fi=(324)
48 800
fi=(304)
-48 100
fi=(233)
547 100
fi=(311)
1563 300
fi=(315)
50 200 100 4
-50 14
fi=(314)
641 2
fi=(304)
1863 4
fi=(239)
1072 4
fi=(264)
20 6 2
fi=(304)
1179 6
fi=(264)
154 6 0 0 2 1
cob=(2)
cfi=(290)
cfn=(1082)
calls=2 -81 
* 44 8
* 4
fi=(297)
434 2 2
fi=(314)
+65 2
fi=(315)
50 22 2 2
fi=(325)
433 200
fi=(297)
+1 100 100
fi=(311)
1563 100
fi=(315)
50 200 100 62
fi=(314)
641 100
fi=(304)
1793 200
fi=(311)
1563 300
fi=(297)
434 200 100
fi=(304)
2687 100
fi=(297)
457 200 100
fi=(324)
30 100
fi=(174)
2494 100
fi=(304)
2631 100
+3 100
+1 100
2499 600
fi=(239)
1072 300
fi=(233)
1917 700
fi=(310)
-65 100
fe=(465)

fn=(6388) litchi_pptx::opened::model::package_fingerprint_with_memo
911 10
fi=(253)
464 3
fi=(304)
1365 1
fi=(252)
765 1
-42 1 1 1
fi=(478)
241 6
fe=(465)
925 4
cfn=(6430)
calls=1 1154 
* 50 4 1 1 1
fi=(253)
464 4
fi=(304)
1365 1
fi=(252)
765 1
-42 1 1 1
0 2
fe=(465)
935 2
cfn=(6442)
calls=1 1138 
* 20899 94 39 18 4
fi=(244)
2173 2 1
0 1
fi=(253)
1815 1
fi=(403)
297 3 1 1
fe=(465)
991 1 0 0 1 1
cob=(2)
cfi=(155)
cfn=(762)
calls=1 3319 
* 33 6
* 8
0 1
938 4
cfn=(6430)
calls=1 1154 
* 3458 17 9 3
fi=(174)
3928 3
fe=(465)
939 2
cfn=(6430)
calls=1 1154 
* 54 6 3 1
0 2
940 5
0 1
fi=(180)
1720 1
fi=(271)
180 1 1
fe=(465)
0 1
fi=(403)
297 3 1
fe=(465)
946 4
cfn=(6430)
calls=1 1154 
* 54 6 2 1
0 1
fi=(460)
237 2
-64 1 1
fi=(233)
547 1
fi=(479)
56 1
fi=(233)
1917 1
fi=(460)
294 1
fi=(253)
2997 3
fe=(465)
948 1
cfn=(6466)
calls=1 361 
* 522 82 18 3 1
fi=(244)
2173 5 1
+1 3
fe=(465)
948 3
+3 4
fi=(180)
1720 1
fi=(267) /rustc/59807616e1fa2540724bfbac14d7976d7e4a3860/library/alloc/src/vec/into_iter.rs
223 1 1 1
0 8
fi=(233)
547 1200
fi=(479)
56 60
fi=(233)
1917 60
0 120
fi=(180)
1720 60
fi=(267)
223 60 60 2
fi=(233)
0 122
fi=(180)
1720 61
fi=(267)
223 61 61 3
fi=(233)
1717 363
fi=(299)
704 121 0 0 121 1
cfn=(5012)
calls=121 -97 
* 242
fe=(465)
952 484 0 0 121 1
cfi=(280)
cfn=(1692)
calls=121 1508 
* 45336 3057 58 242
fi=(244)
2173 121
0 242
2173 242 121 2
fe=(465)
953 121
512 242 0 0 121 1
cfi=(299)
cfn=(6236)
calls=121 627 
* 1452 242 10 121
* 242
+1 242 0 0 121 1
cfi=(336)
cfn=(5096)
calls=121 339 
* 1210 0 0 121 1
0 121
514 242 121 2
0 121
fi=(252)
612 121
fi=(233)
2420 121
fe=(465)
514 121 121
fi=(478)
241 847
fe=(465)
1005 484
cfn=(6430)
calls=121 1154 
* 6050 484 4 121
+1 242 0 0 121 2
cfi=(299)
cfn=(5012)
calls=121 607 
* 242
fi=(252)
612 121
fi=(253)
1815 121
fe=(465)
1006 242
cfn=(6430)
calls=121 1154 
* 390638 1792 24 347
+1 242 0 0 121 2
cfi=(252)
cfn=(4936)
calls=121 612 
* 363
* 363
cfn=(6430)
calls=121 1154 
* 434807 1636 261 381 3
fi=(460)
237 121
fi=(239)
961 242
fi=(460)
237 121
-64 121 121 4
fi=(233)
547 420
fi=(479)
56 105
fi=(233)
1917 105
fi=(460)
294 105
0 32
fi=(233)
547 64 0 0 16 1
cob=(2)
cfi=(211)
cfn=(728)
calls=16 255 
* 208 44 13
fi=(461)
39 16
+2 80 0 0 16 1
cfi=(457)
cfn=(5720)
calls=16 +45 
* 53888 64 7
fi=(292)
2053 16
fi=(262)
863 32
fi=(459)
338 48
fi=(262)
863 16
fi=(233)
1917 16
547 48 0 0 16
cob=(2)
cfi=(211)
cfn=(728)
calls=16 255 
* 208 73 13
fi=(253)
-83 363
fe=(465)
1011 484 0 0 121 2
cfi=(299)
cfn=(4988)
calls=121 660 
* 242
fi=(304)
1365 242
fi=(252)
765 121
-42 121 121 10
fe=(465)
1016 242 0 0 121 3
cfi=(299)
cfn=(4988)
calls=121 660 
* 242
fi=(304)
2210 121
3851 242 121 5
fi=(313)
639 456
fi=(262)
863 456
fi=(253)
0 1832
fi=(233)
1917 229
fi=(253)
3980 229
2168 458
fi=(304)
3851 458 229 7
0 229
fi=(315)
50 458 229 20
-50 7
fi=(311)
1320 7
fi=(239)
1072 7
fi=(262)
863 7
fi=(315)
113 14
-63 7 7 2
fi=(253)
3971 458 229 10
fi=(252)
612 114
fi=(319)
34 114
fi=(297)
434 114 114 2
0 345
fe=(465)
1018 28
cfn=(6442)
calls=7 1138 
* 245 21 4
* 456
cfn=(6442)
calls=114 1138 
* 1577605 8650 808 1716 4
fi=(244)
2173 363 121 8
fe=(465)
1019 1815
fi=(456) /home/zhuhe/.cargo/registry/src/index.crates.io-1949cf8c6b5b557f/digest-0.11.3/src/digest.rs
88 363
cfi=(480) /home/zhuhe/.cargo/registry/src/index.crates.io-1949cf8c6b5b557f/digest-0.11.3/src/lib.rs
cfn=(6474) digest::FixedOutput::finalize_fixed
calls=121 +14 
* 761321 1649 142 342 1
fi=(459)
763 847
fi=(252)
632 242 121 2
fi=(243)
48 342 0 0 114
cob=(2)
cfi=(155)
cfn=(762)
calls=114 3319 
* 3762 684 1
* 114
fi=(244)
2174 456
fe=(465)
986 798
fi=(460)
237 114
fi=(239)
961 228
fi=(460)
237 114
-64 114 114 114
fi=(244)
2174 28
fe=(465)
986 49
fi=(460)
237 7
fi=(239)
961 14
fi=(460)
237 7
-64 7 7 3
0 122
fi=(233)
547 244 0 0 61 1
cob=(2)
cfi=(211)
cfn=(728)
calls=61 255 
* 732 122 60
fi=(461)
39 61
+2 305 0 0 61 1
cfi=(457)
cfn=(5720)
calls=61 +45 
* 205448 244 8
fi=(292)
2053 61
fi=(262)
863 122
fi=(459)
338 183
fi=(262)
863 61
fi=(233)
1917 61
547 183 0 0 61 1
cob=(2)
cfi=(211)
cfn=(728)
calls=61 255 
* 793 305 60
* 61
0 121
fe=(465)
954 363
fi=(265)
1545 121 121 2
fi=(478)
241 847
fe=(465)
996 605
cfn=(6430)
calls=121 1154 
* 6050 484 0 121
+1 484
cfn=(6430)
calls=121 1154 
* 203850803 63045 388 484
+1 1694
fi=(456)
88 363
cfi=(480)
cfn=(6474)
calls=121 +14 
* 429088 865 32 244 2
* 121
fi=(252)
798 798
cfn=(1182) alloc::raw_vec::RawVecInner<A>::finish_grow
calls=114 542 
* 8457 1231 36 114
fi=(244)
2173 228 114 3
+1 114
fi=(252)
774 114
+1 228
fe=(465)
975 847
cfn=(6482)
calls=121 416 
* 36953 2307 37
fi=(244)
2173 242 121 4
fi=(319)
50 2
fi=(297)
434 2 2 1
fi=(319)
51 4
cfi=(320)
cfn=(2590)
calls=1 599 
* 1867 277 33 44
* 2
+4 5 0 0 1 1
cfn=(1856)
calls=1 +59 
* 31594 3256 182 706 50
* 2
fi=(293) /home/zhuhe/code/litchi/crates/litchi-pptx/src/lib.rs
-55 1
fi=(252)
798 6
cfn=(1182)
calls=1 542 
* 420 92 9 1 1
fi=(244)
2173 2 1 1
fi=(252)
0 1
798 6
cfn=(1182)
calls=1 542 
* 447 105 11 1
fi=(244)
2173 2 1 1
fi=(252)
632 2 1
0 1
fi=(243)
48 1 0 0 1
cob=(2)
cfi=(155)
cfn=(762)
calls=1 3319 
* 158 28 7
fe=(465)
990 16
fi=(456)
88 1
cfi=(480)
cfn=(6474)
calls=1 +14 
* 3491 7 3 2
fi=(459)
763 4
fe=(465)
990 13
fi=(252)
632 2 1
fe=(465)
991 2
0 1
fi=(244)
2174 1
fi=(252)
774 1
+1 2
fi=(304)
2479 1
fi=(311)
1320 1
fi=(262)
863 1
fi=(338)
69 5
fi=(253)
-69 363
fi=(239)
961 363
fi=(233)
1917 121
fi=(253)
3980 121
2168 242
fi=(304)
3851 242 121 3
0 121
fi=(315)
50 242 121 21
-50 15
fi=(311)
1320 15
fi=(239)
1072 15
fi=(262)
863 15
fi=(315)
113 30
-63 15 15
fi=(314)
641 121
fi=(239)
1072 242
fi=(323) /rustc/59807616e1fa2540724bfbac14d7976d7e4a3860/library/core/src/ops/function.rs
310 242
fi=(253)
3971 242 121 4
fi=(252)
0 1
fi=(319)
34 2
fi=(297)
434 1 1 1
fe=(465)
923 1
fi=(319)
50 1
fi=(297)
434 1 1 1
fi=(319)
0 2
fi=(244)
2174 1
fi=(252)
774 1
+1 2
fi=(304)
2479 1
fi=(311)
1320 1
fi=(313)
639 2
fi=(262)
863 4
0 24
fi=(233)
1917 3
fi=(253)
3980 3
2168 6
fi=(304)
3851 6 3 1
0 3
fi=(315)
50 6 3 3
fi=(253)
3971 6 3 3
fi=(252)
612 1
fi=(319)
34 1
fi=(297)
434 1 1 1
0 3
fi=(252)
0 1
fi=(319)
50 1
fi=(297)
434 1 1
fi=(319)
51 3
cfi=(320)
cfn=(2590)
calls=1 599 
* 154 20 5 3 2
* 2
+4 2 0 0 1 1
cfn=(1856)
calls=1 +59 
* 51749 4308 364 2529 65
* 3
fe=(465)

fn=(6466)
361 10
fi=(302)
105 2
fi=(411)
-46 4 2 1
fi=(303)
555 4
fi=(174)
2457 2
fi=(175)
902 2
fi=(313)
363 12
fi=(304)
980 4 2 1
fe=(465)
369 18
+1 10
0 4
fi=(304)
983 4 0 0 2 2
cfn=(1312)
calls=2 +16 
* 1872 372 55 4
0 2
fi=(244)
966 4 2
fe=(465)

fn=(6482)
416 2420
fi=(304)
980 726 242 8
0 242
fe=(465)
423 1210
fi=(310)
258 1210
cfi=(308)
cfn=(1296)
calls=242 694 
* 51788 2904 24
* 242
fi=(297)
457 484 242
fi=(304)
1179 484
fi=(324)
48 2420
fi=(304)
-48 242
fi=(233)
547 242
fi=(311)
1563 726
fi=(315)
50 484 242 10
fi=(314)
641 7
fi=(304)
1863 14
fi=(239)
1072 14
fi=(236)
1878 7
fi=(297)
434 7 7 2
fi=(314)
+65 7
fi=(315)
50 21 7 2
-50 7
fi=(325)
433 7
fi=(297)
+1 7 7
fi=(325)
-1 235
fi=(297)
+1 235 235 1
fi=(311)
1563 242
fi=(315)
50 484 242
fi=(314)
641 242
fi=(304)
1793 484
fi=(311)
1563 484
fi=(297)
434 484 242 4
fi=(304)
2687 242
fi=(297)
457 484 242
fi=(324)
30 242
fi=(174)
2494 242
fi=(304)
2631 242
+3 242
+1 242
2499 1452
fi=(239)
1072 484
fi=(233)
1917 1936
fe=(465)
424 242
+1 1936

fn=(5856) litchi_pptx::opened::model::capture_internal
730 14
fi=(441) /home/zhuhe/code/litchi/crates/litchi-pptx/src/parts/presentation.rs
53 1 0 0 1 1
cfi=(280)
cfn=(5058) litchi_opc::package::OpcPackage::main_document_part
calls=1 1477 
* 4733 893 76 35 3
-53 1
fi=(244)
2173 1
0 1
2173 1
0 1
2173 2 1
0 1
fi=(441)
54 2 0 0 1 1
cfn=(5092) litchi_pptx::parts::presentation::PresentationPart::from_part
calls=1 +8 
* 8576 1368 120 93 18
fi=(244)
2173 1
0 2
2173 2 1
fe=(465)
738 2
+1 2 0 0 1 1
cfi=(299)
cfn=(5012)
calls=1 607 
* 2
0 2
fi=(260)
2352 1
fi=(252)
459 2 1 1
0 4
fi=(260)
2352 1
fi=(243)
14 2 0 0 1
cob=(2)
cfi=(155)
cfn=(650)
calls=1 3283 
* 30 6
fi=(252)
468 2 1 1
fi=(256)
0 1
fi=(233)
547 4 0 0 1 1
cob=(2)
cfi=(211)
cfn=(728)
calls=1 255 
* 11 2
* 5
fi=(283)
16 7
fe=(465)
740 1 0 0 1 1
cfi=(441)
cfn=(5192) litchi_pptx::parts::presentation::PresentationPart::slide_references
calls=1 119 
* 1312525 201921 11228 12323 534
fi=(244)
2173 4 1
0 1
2174 2
fe=(465)
740 2
+1 3 1 1
fi=(298)
0 1
fi=(446) /home/zhuhe/code/litchi/crates/litchi-pptx/src/presentation/model.rs
37 5
fe=(465)
748 2
fi=(339) /home/zhuhe/code/litchi/crates/litchi-pptx/src/parts/mod.rs
226 8
fi=(452) /home/zhuhe/code/litchi/crates/litchi-pptx/src/presentation/package.rs
71 1 0 0 1 1
cfi=(446)
cfn=(5190) litchi_pptx::presentation::model::Presentation::catalog
calls=1 -17 
* 1296670 199225 10413 12325 493
fi=(244)
2173 3 1
+1 2
fi=(253)
464 3
fi=(252)
765 1
-42 1 1
fi=(452)
131 4
+1 9
fi=(244)
2173 3 1 1
fe=(465)
877 8
fi=(244)
2174 12
fe=(465)
749 14
+1 2 1
fi=(253)
464 5
fi=(252)
765 1
-42 1 1 1
fi=(281)
71 1
cfi=(470) /rustc/59807616e1fa2540724bfbac14d7976d7e4a3860/library/std/src/thread/local.rs
cfn=(5992) std::thread::local::LocalKey<T>::with
calls=1 473 
* 11 1
fi=(471)
1247 6
fi=(281)
71 1
cfi=(470)
cfn=(5992)
calls=1 473 
* 11 1
-71 1
fi=(471)
1247 6
fi=(281)
71 1
cfi=(470)
cfn=(5992)
calls=1 473 
* 11 1
fe=(465)
-71 1
fi=(471)
1247 6
fe=(465)
765 10
fi=(252)
612 1
fi=(239)
961 4
fe=(465)
767 3
fi=(239)
961 3
fe=(465)
766 5
fi=(340) /rustc/59807616e1fa2540724bfbac14d7976d7e4a3860/library/core/src/iter/adapters/zip.rs
155 3
fe=(465)
767 6
fi=(252)
-2 1
fi=(271)
180 11 1
0 1
fi=(180)
659 2
1720 1
fi=(267)
223 1 1 1
fi=(271)
0 99
fi=(180)
659 198
1720 99
fi=(267)
223 99 99
fi=(180)
659 200
fi=(233)
1717 200
fi=(265)
2766 200 100 2
+1 900
fi=(253)
1034 200
fe=(465)
771 300 0 0 100 1
cfi=(299)
cfn=(4988)
calls=100 660 
* 200
0 100
fi=(310)
1309 200 100 4
0 100
fe=(465)
772 200
fi=(310)
258 500
cfi=(308)
cfn=(1296)
calls=100 694 
* 16660 1000 100
fi=(324)
48 300
fi=(304)
2492 600
0 100
fi=(233)
547 100
fi=(311)
1563 300
fi=(315)
50 200 100 4
-50 600
fi=(314)
641 100
fi=(304)
2073 200
fi=(239)
1072 300
fi=(264)
20 200 100 1
fi=(315)
-20 2
fi=(314)
641 2
fi=(304)
2073 4
fi=(239)
1072 6
fi=(264)
20 4 2
fi=(304)
1236 306
fi=(264)
154 102 0 0 102 1
cob=(2)
cfi=(290)
cfn=(1082)
calls=102 -81 
* 2096 465 30
* 102
fi=(297)
434 102 102 4
0 2
fi=(314)
499 2
fi=(315)
50 16 2 2
fe=(465)
774 200 100
fi=(252)
612 100
fi=(253)
1815 400
fi=(264)
20 200 100 1
154 400 0 0 100
cob=(2)
cfi=(290)
cfn=(1082)
calls=100 -81 
* 2900 700 1
* 100
fi=(339)
470 100 100
fe=(465)
0 100
781 300 0 0 100 1
cfi=(300)
cfn=(5070)
calls=100 205 
* 493329 96333 3522 3500 2
fi=(244)
2173 500 100
+1 700
fe=(465)
782 100 0 0 100 1
cfi=(299)
cfn=(5012)
calls=100 607 
* 200
fi=(283)
16 300 0 0 100 1
cfi=(260)
cfn=(1198) <alloc::string::String as core::clone::Clone>::clone
calls=100 2351 
* 8027 1134 207 200
* 400
fi=(264)
+4 200 100 4
fi=(252)
612 200
fi=(264)
154 200 0 0 100 1
cob=(2)
cfi=(290)
cfn=(1082)
calls=100 -81 
* 1942 414 17
* 100
fe=(465)
783 100 100
0 100
788 100
fi=(449)
1093 200
cfi=(310)
cfn=(1498)
calls=100 1841 
* 36009 2282 70 23 2
fe=(465)
788 200 100 8
0 100
789 200
fi=(297)
457 100 100
fi=(252)
+2 100 100 5
0 200
fi=(298)
95 300
cfi=(164)
cfn=(1762) __rustc::__rust_alloc
calls=100 -95 
* 18498 3234 91 100
fi=(252)
468 200 100 2
0 100
fi=(233)
547 400 0 0 100 1
cob=(2)
cfi=(211)
cfn=(728)
calls=100 255 
* 1500 400
* 100
fi=(260)
1014 400
fi=(449)
+79 300
cfi=(310)
cfn=(1498)
calls=100 1841 
* 50481 3470 142 30 3
* 100
fe=(465)
789 200 100
fi=(283)
16 300 0 0 100 1
cfi=(260)
cfn=(1198)
calls=100 2351 
* 23137 3723 209 200
* 400
fi=(449)
1093 300
cfi=(310)
cfn=(1498)
calls=100 1841 
* 67931 4507 163 28 3
fe=(465)
790 200 100 1
+6 300 100
+17 200
fi=(297)
457 100 100
0 100
fi=(252)
459 100 100
0 100
fi=(298)
95 300
cfi=(164)
cfn=(1762)
calls=100 -95 
* 18280 3208 68 100
fi=(252)
468 200 100
fi=(233)
+79 500 0 0 100
cob=(2)
cfi=(211)
cfn=(728)
calls=100 255 
* 1500 400 5
fi=(256)
-95 100
fe=(465)
815 500
-4 1200
fi=(253)
1028 400 100 1
fi=(252)
0 100
fi=(239)
961 200
fi=(233)
1917 1200
fi=(253)
1034 100
fi=(252)
632 200 100
0 100
fi=(243)
48 100 0 0 100 1
cob=(2)
cfi=(155)
cfn=(762)
calls=100 3319 
* 4450 780 18
* 100
-48 600
fi=(180)
1720 200
fi=(271)
180 100 100 3
0 5
180 1
fi=(243)
0 2
fi=(271)
185 1
fi=(267)
+42 1
fi=(378)
82 2
fe=(465)
817 1
cfi=(233)
cfn=(6008) core::ptr::drop_in_place<core::iter::adapters::enumerate::Enumerate<core::iter::adapters::zip::Zip<core::slice::iter::Iter<litchi_pptx::parts::presentation::SlideReference>,alloc::vec::into_iter::IntoIter<litchi_pptx::presentation::package::CaptureSlide>>>>
calls=1 -12 
* 169 26 8 1
fi=(265)
-72 4 1
fe=(465)
0 3
fi=(252)
798 6
cfn=(1182)
calls=1 542 
* 530 106 20 1 1
fi=(244)
2173 2 1 1
fe=(465)
0 5
819 6
cfi=(472) /home/zhuhe/code/litchi/crates/litchi-pptx/src/notes/package.rs
cfn=(6014) litchi_pptx::notes::package::load_snapshot_with_slide_root_proofs
calls=1 317 
* 3521488 552459 29376 41377 1385
fi=(244)
2173 1
0 3
2173 1
0 8
2173 3 1 1
+1 1
fe=(465)
0 1
fi=(244)
2174 2 0 0 1 1
cob=(2)
cfi=(211)
cfn=(728)
calls=1 255 
* 65 9 2
fe=(465)
0 13
827 2
cfn=(6322)
calls=1 230 
* 78009 7604 288 307 4
fi=(244)
2173 3 1
+1 3
fe=(465)
827 6
+4 2
cfi=(280)
cfn=(1612) <litchi_opc::package::OpcPackage as core::clone::Clone>::clone
calls=1 381 
* 550231 87318 3051 5428 51
fi=(337) /rustc/59807616e1fa2540724bfbac14d7976d7e4a3860/library/alloc/src/sync.rs
422 7 0 0 1 1
cob=(2)
cfi=(211)
cfn=(728)
calls=1 255 
* 101 12 5
fi=(245) /rustc/59807616e1fa2540724bfbac14d7976d7e4a3860/library/alloc/src/boxed.rs
286 2
cfn=(1472) alloc::boxed::box_new_uninit
calls=1 -39 
* 411 92 12 1 1
0 2
289 3 0 0 1 1
cob=(2)
cfi=(211)
cfn=(728)
calls=1 -34 
* 101 12 3
fi=(337)
+21 2
fe=(465)
832 3 1 1
fi=(252)
0 1
798 6
cfn=(1182)
calls=1 542 
* 277 51 12 1
fi=(244)
2173 2 1 1
fi=(337)
2422 5
fe=(465)
850 2
cfn=(6388)
calls=1 +61 
* 207967043 98087 2902 8984 156
fi=(244)
0 1
2173 2 1 1
+1 7
fe=(465)
0 7
fi=(244)
2174 2
fi=(252)
774 1
+1 2
fe=(465)
+57 8
+21 1
cfi=(339)
cfn=(6520) litchi_pptx::parts::MceCapture::finish
calls=1 296 
* 48 3 2
0 2
fi=(265)
745 2
fe=(465)
853 2
fi=(265)
745 5
fe=(465)
859 1
cfi=(472)
cfn=(6528) litchi_pptx::notes::package::SlideRootMemo::from_records
calls=1 143 
* 44086 3307 225 2 1
fi=(244)
2173 3 1
+1 4
fi=(337)
422 1
fe=(465)
859 2
fi=(337)
422 2
fi=(245)
286 2
cfn=(1472)
calls=1 -39 
* 384 91 7 1 1
0 1
289 6
fi=(337)
+21 2
fi=(233)
805 3 1
0 1
fi=(243)
48 1 0 0 1 1
cob=(2)
cfi=(155)
cfn=(762)
calls=1 3319 
* 124 20 5
fe=(465)
865 1
+2 4
+1 6
fi=(245)
286 2
cfn=(1472)
calls=1 -39 
* 411 94 6 1
0 1
289 3
fi=(337)
+21 1
fe=(465)
873 6
fi=(337)
422 2
fi=(245)
286 2
cfn=(1472)
calls=1 -39 
* 177 30 1 1
+3 8
fe=(465)
864 35
fi=(233)
-59 3 1
0 1
805 1
cfn=(6558) core::ptr::drop_in_place<litchi_pptx::notes::transaction::Snapshot>
calls=1 * 
* 108484 18668 256 658 25
* 2 1 1
0 1
fe=(465)
877 1
cfi=(233)
cfn=(6578) core::ptr::drop_in_place<std::collections::hash::set::HashSet<litchi_opc::packuri::PackURI>>
calls=1 -72 
* 16635 2736 19 101 2
* 2
cfi=(233)
cfn=(4384) core::ptr::drop_in_place<std::collections::hash::set::HashSet<alloc::string::String>>
calls=1 -72 
* 18230 3024 46 101 1
* 3
cfi=(304)
cfn=(5360) core::ptr::drop_in_place<std::collections::hash::set::HashSet<u32>>
calls=1 2312 
* 42 8 2 1
* 2
cfi=(233)
cfn=(5674) core::ptr::drop_in_place<litchi_pptx::presentation::model::Presentation>
calls=1 -72 
* 16532 2765 49 101
0 1
877 1
cfi=(233)
cfn=(6590) core::ptr::drop_in_place<alloc::vec::Vec<litchi_pptx::parts::presentation::SlideReference>>
calls=1 -72 
* 16668 2788 44 101 1
* 1
fi=(233)
0 5
fi=(244)
2174 1
fi=(252)
774 1
+1 2
+23 7
cfn=(1182)
calls=1 542 
* 337 61 17 1
fi=(244)
2173 4 1 1
+1 1
fi=(466) /rustc/59807616e1fa2540724bfbac14d7976d7e4a3860/library/core/src/bool.rs
37 5
fi=(452)
+45 3
fi=(239)
961 13
fi=(452)
88 2
+1 1 0 0 1 1
cfi=(299)
cfn=(4988)
calls=1 660 
* 2
-1 198
+1 99 0 0 99
cfi=(299)
cfn=(4988)
calls=99 660 
* 198
-89 200
90 200
fi=(310)
1309 200 100
fi=(452)
0 500
fi=(310)
258 500
cfi=(308)
cfn=(1296)
calls=100 694 
* 16660 1000 11
fi=(324)
48 300
fi=(304)
2492 600
0 100
fi=(233)
547 100
fi=(311)
1563 300
fi=(315)
50 200 100 10
-50 400
fi=(314)
641 100
fi=(304)
2073 200
fi=(239)
1072 200
fi=(264)
20 300 100 2
fi=(315)
-20 2
fi=(314)
641 2
fi=(304)
2073 4
fi=(239)
1072 4
fi=(264)
20 6 2
fi=(304)
1236 204
fi=(264)
154 306 0 0 102 1
cob=(2)
cfi=(290)
cfn=(1082)
calls=102 -81 
* 2040 444 100
* 102
fi=(297)
434 102 102 3
0 2
fi=(314)
499 2
fi=(315)
50 14 2 2
fi=(304)
-50 300
fi=(339)
527 200 100 2
fi=(252)
+85 100
fi=(253)
1815 400
fi=(264)
20 200 100
154 400 0 0 100 1
cob=(2)
cfi=(290)
cfn=(1082)
calls=100 -81 
* 2900 700 12
* 100
fi=(339)
470 100 100
0 200
538 300 0 0 100 1
cfi=(300)
cfn=(5070)
calls=100 205 
* 493163 96137 6214 3500 199
fi=(244)
2173 100
0 100
2173 200
0 200
2173 200 100
0 100
fi=(339)
538 400
fi=(452)
92 400 0 0 100 1
cfi=(280)
cfn=(1692)
calls=100 1508 
* 37854 2595 135 200
fi=(244)
2173 100
0 200
2173 300 100 2
0 100
fi=(452)
93 100 0 0 100 1
cfi=(252)
cfn=(4936)
calls=100 612 
* 300
fi=(339)
-93 200
fi=(264)
20 200 100 99
154 400 0 0 100
cob=(2)
cfi=(290)
cfn=(1082)
calls=100 -81 
* 2900 700 6
* 100
fi=(339)
541 100 100
fi=(252)
+91 200 100 1
fi=(452)
0 100
fi=(243)
48 100 0 0 100 1
cob=(2)
cfi=(155)
cfn=(762)
calls=100 3319 
* 9970 1644 98
fi=(265)
636 100
fi=(452)
95 100 100 2
fi=(453) /home/zhuhe/code/litchi/crates/litchi-pptx/src/parts/slide.rs
1126 600 0 0 100 1
cfi=(339)
cfn=(5412) litchi_pptx::parts::validate_content_type
calls=100 459 
* 6500 900 143 200 101
fi=(244)
2173 200 100 1
0 100
fi=(453)
1127 200
fi=(339)
355 100 0 0 100 100
cfi=(336)
cfn=(5096)
calls=100 -16 
* 1000 0 0 100
* 200 100
0 100
361 100 0 0 100 100
cfi=(336)
cfn=(5096)
calls=100 -22 
* 1000 0 0 100
0 300
256 100 100 2
+16 400 0 0 100 1
cfi=(442)
cfn=(5104)
calls=100 1671 
* 1568624 179492 3443 21600 199
fi=(244)
2173 100
0 100
2173 200
0 300
2173 200 100
fi=(339)
273 300 100
0 300
273 100
fi=(453)
1127 600
+1 800
cfn=(5888) litchi_pptx::parts::slide::SlidePart::finish_from_processed
calls=100 +3 
* 331324409 43694401 2881911 5471798 226722
fi=(244)
2173 300 100 1
+1 2100
fi=(452)
97 1100
+8 200 100
fi=(265)
767 400 100
fi=(253)
1025 100
+3 200 100
fi=(252)
612 100
fi=(239)
961 100
fi=(233)
1917 700
fi=(253)
1034 200
fi=(265)
636 300
fi=(452)
109 200
+4 200 100 2
fi=(253)
1025 300
+3 200 100 1
fi=(252)
612 100
fi=(239)
961 300
fi=(233)
1917 900
fi=(253)
1034 500
fi=(180)
1720 100
fi=(271)
180 101 100 3
fi=(339)
0 1
fi=(452)
131 1
+1 1
+1 7
fe=(465)

fl=(252)
fn=(1538) alloc::raw_vec::RawVec<T,A>::grow_one
186 4
491 1
+30 1
fi=(236)
1037 3
fe=(252)
527 6
cfn=(1182)
calls=1 +15 
* 612 110 19 2 1
fi=(244)
2173 2 1
+1 1
fe=(252)
774 1
+1 1
189 4
-3 2452
491 613
+30 613
fi=(236)
1037 1839
fe=(252)
527 3678
cfn=(1182)
calls=1253 +15 
* 161590 24652 1742 918 308
fi=(244)
2173 1226 613
+1 613
fe=(252)
774 613
+1 613
189 2452
-3 245368
491 61342
+30 61342
fi=(236)
1037 184026
fe=(252)
527 368052
cfn=(1182)
calls=245252 +15 
* 4608320 676112 216 61358 211
fi=(244)
2173 122684 61342
+1 61342
fe=(252)
774 61342
+1 61342
189 245368
-3 1636
491 409
+30 409
fi=(236)
1037 1227
fe=(252)
527 2454
cfn=(1182)
calls=1300 +15 
* 62277 9309 718 511 102
fi=(244)
2173 818 409
+1 409
fe=(252)
774 409
+1 409
189 1636
-3 2012
491 503
+30 503
fi=(236)
1037 1509
fe=(252)
527 3018
cfn=(1182)
calls=1170 +15 
* 37725 5533 106 503
fi=(244)
2173 1006 503
+1 503
fe=(252)
774 503
+1 503
189 2012

fn=(4432) alloc::raw_vec::RawVecInner<A>::try_reserve
682 200
+83 200
-77 200 200 12
+11 188
0 60
521 12
fi=(236)
1037 48
fe=(252)
527 72
cfn=(1182)
calls=18 +15 
* 5556 857 145 22 4
fi=(244)
2173 24 12
+1 12
fe=(252)
774 12
+1 24
0 48
699 12

fn=(6034) <alloc::raw_vec::RawVec<alloc::vec::Vec<u8>>>::grow_one
186 156
491 26
+30 26
fi=(236)
1037 78
fe=(252)
527 156
cfn=(1778) <alloc::raw_vec::RawVecInner>::finish_grow
calls=26 +15 
* 13212 2253 263 45 4
fi=(244)
2173 52 26
+1 26
fe=(252)
774 26
+1 26
189 130

fn=(1514) alloc::raw_vec::RawVecInner<A>::try_allocate_in
445 1442
fi=(174)
3051 1236
fi=(297)
457 412 206 10
fe=(252)
+2 412 206 6
0 412
fi=(298)
95 206
fi=(243)
-82 206 206 6
+1 618 0 0 206 1
cob=(2)
cfi=(155)
cfn=(650)
calls=217 3283 
* 36217 6689 232
* 412
fe=(252)
468 412 206 7
+8 412
0 412
481 1236

fn=(1178) alloc::raw_vec::RawVecInner<A>::reserve::do_reserve_and_handle
659 6771
fi=(174)
769 2257
fi=(297)
457 2257 2257
0 2257
fe=(252)
521 4514
fi=(236)
1037 11285
fe=(252)
527 15799
cfn=(1182)
calls=5534 +15 
* 712967 111106 7365 3679 818
fi=(244)
2173 4514 2257
+1 2257
fe=(252)
774 2257
+1 2257
669 9028

fn=(1182)
542 1215
fi=(174)
3051 1080
fi=(297)
457 405 135 14
0 135
fe=(252)
632 270 135 12
fi=(298)
135 11
fi=(243)
-82 11 11 9
fi=(298)
186 248 124 15
-91 124
fi=(243)
-82 124 124 3
+41 33 0 0 11
cob=(2)
cfi=(155)
cfn=(720)
calls=51135 3380 
* 5534 901 142 11 3
fe=(252)
562 22 11 4
+1 540
fi=(243)
14 248 0 0 124 4
cob=(2)
cfi=(155)
cfn=(650)
calls=10328 3283 
* 6793 1434 124
fe=(252)
562 248 124 2
0 270
566 1080
-24 581589
fi=(174)
3051 516968
fi=(297)
457 193863 64621 72
0 64621
fe=(252)
632 129242 64621 52
fi=(298)
135 2068
fi=(243)
-82 2068 2068 207
fi=(298)
186 125106 62553
-91 62553
fi=(243)
-82 62553 62553 105
+41 6204 0 0 2068 1
cob=(2)
cfi=(155)
cfn=(720)
calls=4717 3380 
* 737069 120825 8913 1845 1239
fe=(252)
562 4136 2068
+1 258484
fi=(243)
14 125106 0 0 62553 199
cob=(2)
cfi=(155)
cfn=(650)
calls=248622 3283 
* 1902208 379317 679
fe=(252)
562 125106 62553 13
0 129242
566 516968
-24 4527
fi=(174)
3051 4024
fi=(297)
457 1509 503 3
0 503
fe=(252)
632 1006 503
fi=(298)
186 1006 503
-91 503
fi=(243)
-82 503 503
fe=(252)
563 2012
fi=(243)
14 1006 0 0 503
cob=(2)
cfi=(155)
cfn=(650)
calls=2600 3283 
* 15090 3018 103
fe=(252)
562 1006 503
0 1006
566 4024

fn=(1778)
542 8856
fi=(341) /rustc/59807616e1fa2540724bfbac14d7976d7e4a3860/library/core/src/alloc/layout.rs
75 1107
+38 1107 1107
0 1107
fe=(252)
632 2214 1107 504
fi=(243)
54 1512 0 0 504
cob=(2)
cfi=(155)
cfn=(720)
calls=3287 3380 
* 28537 4682 436 3 2
fe=(252)
562 1008 504 6
fi=(298)
186 1206 603
fi=(243)
14 1206 0 0 603
cob=(2)
cfi=(155)
cfn=(650)
calls=4994 3283 
* 63181 11067 373
fe=(252)
562 1206 603 4
+1 3321
0 2214
566 6642
-24 286
fi=(174)
3051 208
fi=(297)
457 78 26 6
0 26
fe=(252)
632 52 26 8
fi=(298)
135 20
fi=(243)
-82 20 20 2
fi=(298)
186 12 6
-91 6
fi=(243)
-82 6 6 3
+41 60 0 0 20 1
cob=(2)
cfi=(155)
cfn=(720)
calls=20 3380 
* 11784 2107 241 19 2
* 20
-40 12 0 0 6 1
cob=(2)
cfi=(155)
cfn=(650)
calls=6 3283 
* 180 36 1
-14 26
fe=(252)
562 52 26 2
+1 104
0 52
566 208

fn=(4936)
612 672
fi=(253)
1815 672
fi=(299)
616 672
fe=(252)

fn=(1774) <alloc::raw_vec::RawVecInner<_>>::reserve::do_reserve_and_handle::<alloc::alloc::Global>
659 5035
fi=(174)
769 1007
fi=(297)
457 1007 1007 3
0 1007
fe=(252)
521 2014
fi=(236)
1037 5035
fe=(252)
527 5035
cfn=(1778)
calls=4568 +15 
* 103908 16257 1266 1010 2
fi=(244)
2173 2014 1007
+1 1007
fe=(252)
774 1007
+1 1007
669 5035

fl=(253)
fn=(5348) alloc::vec::Vec<T,A>::push_mut
1023 1000
+2 200
+3 400 200 6
fi=(252)
612 200
fi=(239)
961 400
fi=(233)
1917 800
fe=(253)
1034 400
+4 800
-15 1010
+2 202
+3 404 202 13
+1 28 0 0 14 1
cfi=(252)
cfn=(6034)
calls=14 186 
* 7048 1182 127 23
fi=(252)
612 202
fi=(239)
961 202
fi=(233)
1917 808
fe=(253)
1034 404
+4 808
-15 5
+2 1
+3 2 1 1
fi=(252)
612 1
fi=(239)
961 2
fi=(233)
1917 10
fe=(253)
1034 2
+4 4

fl=(447) /home/zhuhe/code/litchi/crates/litchi-ooxml-common/src/xml.rs
fn=(5250) litchi_ooxml_common::xml::unqualified_attribute_value
120 3300
fi=(263) /rustc/59807616e1fa2540724bfbac14d7976d7e4a3860/library/alloc/src/borrow.rs
0 300
fi=(379) /home/zhuhe/.cargo/registry/src/index.crates.io-1949cf8c6b5b557f/quick-xml-0.41.0/src/events/mod.rs
288 300
fe=(447)
126 5400
fi=(434) /home/zhuhe/code/litchi/crates/litchi-opc/src/xml_attributes.rs
228 1000
0 1000
228 1000 500 51
0 600
228 2200 1100 5
+3 2400
cfi=(374) /home/zhuhe/.cargo/registry/src/index.crates.io-1949cf8c6b5b557f/quick-xml-0.41.0/src/events/attributes.rs
cfn=(2436) <quick_xml::events::attributes::Attributes as core::iter::traits::iterator::Iterator>::next
calls=1100 697 
* 183676 27092 1894 2700 210
+1 1600 800
+3 900
cfi=(233)
cfn=(5242) core::ptr::drop_in_place<litchi_opc::xml_attributes::Phase>
calls=400 805 
* 5100 300
* 300
-3 300
+1 500
+4 3000
fe=(447)
126 1500 500
fi=(434)
237 1800
fe=(447)
126 1400 300 300
fi=(244)
966 1000 500 2
0 1000
fe=(447)
127 4500
fi=(375) /home/zhuhe/.cargo/registry/src/index.crates.io-1949cf8c6b5b557f/quick-xml-0.41.0/src/name.rs
+67 500
fi=(262)
863 500
fi=(173)
3890 1500
fi=(356)
153 2000 0 0 500 1
cfn=(2284)
calls=700 -75 
* 22400 3700 309
fi=(265)
2766 1000 500 4
0 800
fi=(173)
3890 900
fi=(356)
153 1200 0 0 300 1
cfn=(2284)
calls=400 -75 
* 14200 2500 211
fi=(265)
2766 600 300 1
fi=(270)
0 600
fi=(264)
20 900 300
154 1200 0 0 300 101
cob=(2)
cfi=(290)
cfn=(1082)
calls=400 -81 
* 5902 1273 32
* 600 300 23
0 500
fi=(233)
805 1500 500 4
fi=(265)
636 300
fe=(447)
129 300 300
fi=(374)
+82 1200
cfn=(4144) quick_xml::events::attributes::Attribute::decoded_and_normalized_value_with
calls=400 +45 
* 55962 9668 571 300 100
0 300
fi=(244)
966 900 300 1
+1 900
fi=(263)
332 900 300
0 300
fi=(297)
457 300 300
0 600
fi=(252)
459 300 300
0 300
fi=(243)
14 600 0 0 300 1
cob=(2)
cfi=(155)
cfn=(650)
calls=400 3283 
* 15033 2677 115
fi=(252)
468 600 300
fi=(256)
0 300
fi=(233)
547 1200 0 0 300
cob=(2)
cfi=(211)
cfn=(728)
calls=400 255 
* 4900 1500 104
* 600
fi=(256)
-95 300
fi=(252)
632 600 300 2
fi=(233)
805 300
fi=(243)
48 300 0 0 300 300
cob=(2)
cfi=(155)
cfn=(762)
calls=400 3319 
* 9900 1800 1
fi=(233)
805 2400 300 104
cfn=(5242)
calls=400 * 
* 5100 300 4
0 600
fe=(447)
143 1500
fi=(243)
0 300
fe=(447)
144 2400

fl=(448) /home/zhuhe/code/litchi/crates/litchi-ooxml-common/src/relationships/codec.rs
fn=(5282) litchi_ooxml_common::relationships::codec::attribute_value
27 2400
fi=(263)
-27 200
fi=(379)
288 200
fe=(448)
34 3000
-34 600
fi=(434)
228 400 200
fe=(448)
0 800
fi=(434)
228 2000 1000
+3 1800
cfi=(374)
cfn=(2436)
calls=900 697 
* 138776 20392 1383 2000
+1 1200 600 2
+3 600
cfi=(233)
cfn=(5242)
calls=300 805 
* 3400 200
* 200
-3 200
+1 400
+4 2400
fe=(448)
34 1200 400
fi=(434)
237 1200
fe=(448)
34 1000 200 200
fi=(244)
966 800 400
0 800
fe=(448)
35 2800
fi=(375)
194 400
fi=(262)
863 400
fi=(173)
3890 800
fi=(356)
153 1600 0 0 400 1
cfn=(2284)
calls=600 -75 
* 17000 2600 201
fi=(265)
2766 800 400 1
fi=(262)
619 400
fi=(270)
-46 400
89 400
fi=(264)
-69 400 200
-20 400
20 400 200
154 1600 0 0 400 1
cob=(2)
cfi=(290)
cfn=(1082)
calls=600 -81 
* 7636 1608 8
* 400
fe=(448)
36 400 400 4
fi=(233)
805 1200 400 4
fi=(173)
3890 800
fi=(356)
153 1600 0 0 400 1
cfn=(2284)
calls=600 -75 
* 17000 2600 402
fi=(265)
2766 800 400
fi=(262)
619 600
0 400
fi=(375)
864 1200 0 0 200 200
cfn=(4102) quick_xml::name::NamespaceResolver::resolve_prefix
calls=300 +87 
* 5400 400 4
* 1200 0 0 200
cfn=(4102)
calls=300 +87 
* 21400 4400 302 400
fe=(448)
39 1200
+1 1200 400
fi=(264)
-20 800 400 4
154 600 0 0 200 1
cob=(2)
cfi=(290)
cfn=(1082)
calls=300 -81 
* 5800 1400 200
* 200
fe=(448)
43 400 200
+1 1200 200 160
+16 400 200
fi=(265)
636 200
fe=(448)
48 200 200
fi=(374)
211 800
cfn=(4144)
calls=300 +45 
* 39322 6404 960 200
fi=(244)
966 600 200 2
+1 600
fi=(263)
332 400 200
0 200
fi=(297)
457 200 200
fi=(252)
+2 200 200
fi=(298)
95 600
cfi=(164)
cfn=(1762)
calls=300 -95 
* 16472 2727 132 200
fi=(252)
468 400 200
fi=(233)
+79 1000 0 0 200 1
cob=(2)
cfi=(211)
cfn=(728)
calls=300 255 
* 3000 800 130
* 1000
fi=(252)
+85 600 200
fi=(233)
805 200
fi=(243)
48 200 0 0 200 22
cob=(2)
cfi=(155)
cfn=(762)
calls=300 3319 
* 6600 1200 1
fi=(233)
805 1400 200
cfn=(5242)
calls=300 * 
* 3400 200 4
0 200
fe=(448)
61 1200
+1 1800

fl=(468) /home/zhuhe/code/litchi/crates/litchi-pptx/src/notes/mod.rs
fn=(6130) litchi_pptx::notes::checked_add
42 5
fi=(174)
769 1
fi=(297)
457 1 1
fi=(265)
1368 2
fe=(468)
45 3

fn=(5938) litchi_pptx::notes::resolved
80 1637712
+1 2547380 454834 5
+1 363764
+20 545646 181882
0 181882
102 545646 0 0 181882 40652
-14 273210
fi=(264)
+66 688003 0 0 71180 1
cob=(2)
cfi=(290)
cfn=(1082)
calls=71180 -81 
* 1210060 284720 71232
* 332103 0 0 110701
cob=(2)
cfi=(290)
cfn=(1082)
calls=110701 -81 
* 1884365 443416 110356
* 181881
fe=(468)
0 181882 181881 3
86 3 0 0 1 1
cfi=(353) /rustc/59807616e1fa2540724bfbac14d7976d7e4a3860/library/core/src/str/converts.rs
cfn=(2222) core::str::converts::from_utf8
calls=1 +3 
* 142 34 5
fi=(244)
966 2 1
+1 3
fe=(468)
84 363762
-84 181881
94 1091286
-94 91071
94 546426

fl=(353)
fn=(2222)
89 1824135
fi=(287) /rustc/59807616e1fa2540724bfbac14d7976d7e4a3860/library/core/src/str/validations.rs
+44 1094481
+12 729654 364827 110
0 2553054
217 68
-72 1717022 858511 241487
+19 1026501
+1 2053002 1026501 237
fi=(174)
2494 2052934
fi=(287)
222 2052934 1026467 198652
+23 1716954
-7 16
-14 336012 168006 68
+9 16
+1 48 16 3
+7 335980 167990 3
0 167990
241 974986 487493 9
+1 487493
-1 1142976 487493 198968
+38 102
-94 102 68 5
-30 34
+2 68 34
+3 34
+32 136 68
+2 102 34 8
+2 18 6
0 68 34 2
155 34
+2 68 34
+42 68 34 4
fe=(353)
94 1459308
-94 364827
98 1459308

fl=(445) /home/zhuhe/code/litchi/crates/litchi-pptx/src/package/model.rs
fn=(6598) litchi_pptx::package::model::Package::memo_for
1917 3
fi=(337)
2422 2
fe=(445)
1923 1
cfi=(465)
cfn=(6600)
calls=1 475 
* 122633 8471 166 971 7
fi=(244)
713 2 1
+1 7
fi=(265)
1164 2 1
+1 6
fi=(337)
422 3
fi=(243)
14 2 0 0 1 1
cob=(2)
cfi=(155)
cfn=(650)
calls=1 3283 
* 147 25 4
fi=(245)
248 2 1
+41 8
fe=(445)
1926 3

fn=(5852) litchi_pptx::package::model::Package::opened_presentation_with_limits
243 9
fi=(265)
745 2 1
fi=(173)
3891 1
fi=(450)
156 2 1 1
fe=(445)
264 1
fi=(465)
666 2
fe=(445)
0 6
cfi=(465)
cfn=(5856)
calls=1 730 
0 549227994 45287888 2955099 5585939 230136
fi=(244)
2173 1
0 10
2173 2 1
+1 1
fe=(445)
0 1
fi=(244)
2174 2 0 0 1 1
cob=(2)
cfi=(211)
cfn=(728)
calls=1 255 
* 30 5
fe=(445)
0 11
fi=(173)
3891 1
fi=(450)
156 2 1
fe=(445)
1907 3
cfn=(6598)
calls=1 +10 
* 122821 8499 170 972 8
* 2 1
fi=(450)
279 1
fi=(173)
3891 1
fi=(450)
156 2 1
281 1
0 1
281 1
fi=(233)
805 1 1
fi=(337)
0 1
fe=(445)
268 3 0 0 1 1
cob=(2)
cfi=(211)
cfn=(728)
calls=1 -13 
* 30 5 1
+1 7
0 2
fi=(450)
410 2
cfi=(173)
cfn=(6624)
calls=1 3891 
* 81 8 4 2 2
* 1
fe=(445)

fl=(453)
fn=(5422) litchi_pptx::parts::slide::root_name_from_xml
35 800
fi=(362) /home/zhuhe/.cargo/registry/src/index.crates.io-1949cf8c6b5b557f/quick-xml-0.41.0/src/reader/mod.rs
780 1400
fi=(433) /home/zhuhe/.cargo/registry/src/index.crates.io-1949cf8c6b5b557f/quick-xml-0.41.0/src/reader/ns_reader.rs
59 100 0 0 100 1
cfi=(375)
cfn=(4032) <quick_xml::name::NamespaceResolver as core::default::Default>::default
calls=200 571 
* 128147 17439 1669 700 100
-59 100
57 3000
+17 500 200
-5 600
cfi=(362)
cfn=(5130) quick_xml::reader::Reader<R>::read_event_impl
calls=400 978 
* 148160 15996 1657 2100 300
+1 800
cfn=(5142) quick_xml::reader::ns_reader::NsReader<R>::process_event
calls=400 +10 
* 377230 78472 4026 2800 700
fi=(244)
2173 200
0 1200
2173 400 200
fi=(433)
583 1200
+1 800 0 0 200
cfi=(375)
cfn=(4058) quick_xml::name::NamespaceResolver::resolve_event
calls=400 933 
* 20500 2500 155 300 100
0 200
fi=(244)
2174 2200
fe=(453)
38 600
+1 600 200 2
-39 200
39 600 0 0 200 200
fi=(233)
805 700 200 101
fi=(293)
0 300
fe=(453)
40 600
fi=(270)
438 300 100 2
fi=(262)
863 200
fi=(173)
3890 200
fi=(356)
153 400 0 0 100 1
cfn=(2284)
calls=200 -75 
* 4100 600 100
0 200
fi=(265)
2766 200 100
fi=(262)
619 200
fi=(270)
-46 200
89 200
fi=(173)
3890 200
fi=(356)
153 400 0 0 100
cfn=(2284)
calls=200 -75 
* 4100 600
* 100
fi=(265)
2766 200 100
fi=(262)
619 200
fi=(270)
-46 200
89 200
fi=(264)
-69 200 100
154 400 0 0 100
cob=(2)
cfi=(290)
cfn=(1082)
calls=200 -81 
* 1900 400
* 100
fi=(444) /home/zhuhe/code/litchi/crates/litchi-pptx/src/namespace.rs
22 100 100 2
fe=(453)
-22 200
fi=(233)
805 300 100 1
fe=(453)
55 300 100 100
fi=(233)
805 400 100
fi=(252)
632 200 100
fi=(233)
805 100
fi=(243)
48 100 0 0 100
cob=(2)
cfi=(155)
cfn=(762)
calls=200 3319 
* 3300 600 2
fi=(252)
632 200 100
fi=(233)
805 100
fi=(243)
48 100 0 0 100 100
cob=(2)
cfi=(155)
cfn=(762)
calls=200 3319 
* 3300 600 97
fi=(252)
632 200 100
fi=(233)
805 100
fi=(243)
48 100 0 0 100
cob=(2)
cfi=(155)
cfn=(762)
calls=200 3319 
* 15577 2550 90
fi=(252)
632 200 100 6
fi=(233)
805 100
fi=(243)
48 100 0 0 100 1
cob=(2)
cfi=(155)
cfn=(762)
calls=200 3319 
* 14800 2400 3
fe=(453)
+8 800
-56 200
fi=(444)
25 800 200 2
fi=(264)
-5 400 200
154 300
0 100
154 100 0 0 100 1
cob=(2)
cfi=(290)
cfn=(1082)
calls=200 -81 
* 1700 400
* 100
fe=(453)
41 100 100
fi=(173)
3890 200
fi=(356)
153 400 0 0 100 1
cfn=(2284)
calls=200 -75 
* 4100 600 46
fi=(265)
2766 200 100
fi=(262)
619 200
fi=(270)
-46 300
89 200
-89 100
fi=(297)
457 100 100
fi=(252)
+2 100 100
0 100
fi=(298)
95 300
cfi=(164)
cfn=(1762)
calls=200 -95 
* 9884 1610 115 100
fi=(252)
468 200 100 6
fi=(256)
0 100
fi=(233)
547 400 0 0 100 100
cob=(2)
cfi=(211)
cfn=(728)
calls=200 255 
* 1800 600 201
* 100
0 100
fi=(260)
561 300 0 0 100
cfi=(353)
cfn=(2222)
calls=200 89 
* 5400 1100 101
* 200 100
fi=(244)
0 100
967 500
fe=(453)

fn=(5888)
1131 1400
fi=(339)
337 600
0 100
337 300 100
0 100
339 100
0 300
fe=(453)
1137 100
cfn=(5422)
calls=100 35 
* 775398 129467 8484 7600 1605
fi=(244)
2173 300 100
+1 200
fi=(264)
20 200 100
154 500
fe=(453)
1137 100 100
fi=(252)
632 200 100
fi=(243)
48 100 0 0 100 1
cob=(2)
cfi=(155)
cfn=(762)
calls=100 3319 
* 8475 1410 45
fi=(339)
337 1100 100
0 100
339 100
fi=(253)
0 500
fi=(362)
780 1400
fi=(433)
59 100 0 0 100
cfi=(375)
cfn=(4032)
calls=100 571 
* 114328 15185 685 698 100
-2 3100
+17 1000 300 5
-5 900
cfi=(362)
cfn=(5130)
calls=300 978 
* 211374 23282 1725 3000 300
+1 1200
cfn=(5142)
calls=300 +10 
* 414994 84531 2925 3400 700
fi=(244)
2173 300
0 1800
2173 600 300
fi=(433)
583 1800
+1 1200 0 0 300 1
cfi=(375)
cfn=(4058)
calls=300 933 
* 37600 4700 99 600
fi=(244)
967 3300
fi=(444)
56 1300 500 4
fi=(233)
805 300 100 2
fi=(263)
350 200
fi=(379)
218 200
fi=(270)
438 400 200
fi=(263)
-88 200
fi=(262)
863 200
fi=(173)
3890 400
fi=(356)
153 600 0 0 200 1
cfn=(2284)
calls=200 -75 
* 8200 1200
fi=(265)
2766 400 200
fi=(262)
619 400
fi=(270)
-46 400
89 200
fi=(264)
-69 700 200 100
154 100
fi=(444)
22 100 100 2
fi=(233)
805 900 300 202
fi=(243)
0 100
fi=(444)
25 1000 200
fi=(264)
-5 400 200 99
154 500 0 0 100 1
cob=(2)
cfi=(290)
cfn=(1082)
calls=100 -81 
* 1700 400 100
* 100
fi=(444)
-96 100 100
-58 300
fi=(252)
632 200 100
fi=(233)
805 100
fi=(243)
48 100 0 0 100
cob=(2)
cfi=(155)
cfn=(762)
calls=100 3319 
* 3300 600
fi=(252)
632 200 100
fi=(233)
805 100
fi=(243)
48 100 0 0 100 1
cob=(2)
cfi=(155)
cfn=(762)
calls=100 3319 
* 3300 600 97
fi=(252)
632 200 100
fi=(233)
805 100
fi=(243)
48 100 0 0 100 1
cob=(2)
cfi=(155)
cfn=(762)
calls=100 3319 
* 15577 2550 52
fi=(252)
632 200 100 2
fi=(233)
805 100
fi=(243)
48 100 0 0 100
cob=(2)
cfi=(155)
cfn=(762)
calls=100 3319 
* 14800 2400 5
-48 100
fe=(453)
1141 200 100
fi=(244)
594 100
fi=(466)
66 100 100
-66 100
fe=(453)
1141 300
fi=(265)
1545 200 100
fe=(453)
0 100
1169 600
fi=(233)
805 900 100 2
fe=(453)
1170 200
fi=(244)
835 200 100
fi=(265)
1065 300 100 2
+1 200
0 200
fe=(453)
1171 2100
+1 800
fi=(339)
337 900 100
fi=(444)
0 100
fi=(233)
805 300 100 2
fi=(339)
338 300
0 300
fi=(467) /home/zhuhe/code/litchi/crates/litchi-pptx/src/notes/codec.rs
334 1000
cfn=(5916) litchi_pptx::notes::codec::scan_processed_xml
calls=100 +22 
* 329546346 43403330 2865732 5453800 223611
* 100
0 100
fi=(325)
433 100
fi=(233)
805 100 100
0 100
805 200
cfn=(5980) core::ptr::drop_in_place<litchi_pptx::notes::codec::XmlScan>
calls=100 * 
* 3000 600 9
* 100
0 100
fi=(444)
57 400
+4 500 0 0 100 100
cfi=(447)
cfn=(5250)
calls=100 +59 
* 117817 19246 1531 1400 300
fi=(244)
2173 100
0 300
2173 200 100
0 100
fi=(265)
1097 200
0 900
fi=(444)
0 400
fi=(233)
805 200 100
fi=(444)
67 200 100
fe=(453)

fl=(472)
fn=(6182) litchi_pptx::notes::package::relationship_links
1532 16
fi=(304)
3851 4 2 1
0 2
fi=(313)
639 3
fi=(262)
863 1
fi=(315)
50 2 1 1
fi=(314)
641 1
fi=(239)
1072 2
fi=(252)
612 1
fi=(253)
1815 1
fi=(252)
612 1
fi=(253)
1815 1
fi=(252)
612 1
fi=(300)
187 2
fe=(472)
1536 3
cfi=(469)
cfn=(6188)
calls=1 77 
* 205 34 5 6 5
* 1
fi=(318)
24 4 1
fi=(253)
464 3
fe=(472)
1545 6
+1 8
-1 6
+1 8
0 1
fi=(236)
1037 3
fi=(174)
3051 4
fi=(297)
457 2 1 1
fi=(252)
0 1
459 2 1
0 1
fi=(243)
14 2 0 0 1 1
cob=(2)
cfi=(155)
cfn=(650)
calls=1 3283 
* 30 6 1
* 1
fi=(252)
468 2 1 1
fi=(233)
1917 10
fi=(318)
36 4
fi=(304)
3851 1 1
fi=(318)
42 6
fi=(319)
-8 2
fi=(297)
434 1 1 1
fe=(472)

fn=(6066) litchi_pptx::notes::package::resolve_slide_root
703 100
fi=(265)
1583 200 100
fe=(472)
700 300 100
fi=(265)
1589 100 100
fe=(472)
708 100
fi=(265)
1367 200 100
+1 200
fe=(472)
713 200

fn=(6118) litchi_pptx::notes::package::require_content_type
1594 20
+1 4 0 0 2 1
cfi=(252)
cfn=(4936)
calls=2 612 
* 6
fi=(264)
20 4 2
154 8 0 0 2 1
cob=(2)
cfi=(290)
cfn=(1082)
calls=2 -81 
* 46 11 2
* 2
fe=(472)
1595 2 2 1
+5 10
-4 4

fn=(6172) litchi_pptx::notes::package::snapshot_from_index
331 8
+5 3 1 1
0 4
336 3 0 0 1 1
cob=(2)
cfi=(211)
cfn=(728)
calls=1 -81 
* 30 5 1
717 4 0 0 1 1
cfi=(280)
cfn=(1692)
calls=1 1508 
* 374 24 6 2
fi=(244)
2173 1
0 1
2173 2
0 1
2173 5 1 1
fe=(472)
717 2 0 0 1 1
cfi=(336)
cfn=(5096)
calls=1 339 
* 10 0 0 1
0 3
fi=(252)
765 1
-42 1 1 1
fe=(472)
-2 4 0 0 1 1
cfi=(280)
cfn=(1692)
calls=1 1508 
* 337 22 2 2
fi=(244)
2173 1
0 2
2173 2 1
fe=(472)
721 2 0 0 1 1
cfi=(336)
cfn=(5096)
calls=1 339 
* 10 0 0 1
0 3
fi=(252)
765 1
-42 1 1 1
fi=(253)
464 3
2997 1
fi=(252)
765 1
-77 1 1
fe=(472)
+40 5
fi=(252)
-96 2 1 1
fe=(472)
747 4
fi=(253)
1815 2
fi=(297)
457 1 1 1
fe=(472)
764 2 0 0 1 1
cob=(2)
cfi=(155)
cfn=(762)
calls=1 3319 
* 33 6 1
fi=(244)
2173 7 1 1
fe=(472)
364 8
0 2
fi=(244)
2174 37
fe=(472)
339 13
+1 3 0 0 1 1
cfi=(280)
cfn=(1692)
calls=1 1508 
* 337 22 2 2
* 1
fi=(244)
2173 1
0 2
2173 2 1
0 1
fe=(472)
341 3
cfi=(476)
cfn=(6208)
calls=1 28 
* 115899 16052 985 1385 32
fi=(243)
14 2 0 0 1 1
cob=(2)
cfi=(155)
cfn=(650)
calls=1 3283 
* 172 29 2
* 1
fi=(245)
248 2 1 1
fi=(260)
2352 3
fi=(252)
459 2 1
fi=(260)
2352 1
fi=(243)
14 2 0 0 1 1
cob=(2)
cfi=(155)
cfn=(650)
calls=1 3283 
* 172 29 2
fi=(252)
468 2 1
fi=(233)
+79 5 0 0 1 1
cob=(2)
cfi=(211)
cfn=(728)
calls=1 255 
* 11 2
* 1
fi=(260)
2352 1
fi=(252)
459 4 1 1
fi=(260)
2352 1
fi=(243)
14 2 0 0 1 1
cob=(2)
cfi=(155)
cfn=(650)
calls=1 3283 
* 172 29 2
fi=(252)
468 2 1 1
0 1
fi=(233)
547 4 0 0 1 1
cob=(2)
cfi=(211)
cfn=(728)
calls=1 255 
* 22 5 1
0 1
fi=(180)
444 1
fi=(173)
3923 1 1 1
fi=(337)
2405 1 1 1
0 1
310 1
fi=(476)
24 1
fi=(252)
459 4 1
fi=(476)
24 1
fi=(252)
-24 4
fi=(243)
14 1 0 0 1 1
cob=(2)
cfi=(155)
cfn=(650)
calls=1 3283 
* 296 60 11
fi=(252)
468 2 1 1
fi=(253)
965 7
0 210
fi=(300)
14 105
fi=(256)
-14 210
fi=(331) /rustc/59807616e1fa2540724bfbac14d7976d7e4a3860/library/core/src/mem/maybe_uninit.rs
564 1155
fi=(482) /rustc/59807616e1fa2540724bfbac14d7976d7e4a3860/library/core/src/iter/adapters/take.rs
37 525 105 6
fi=(180)
1720 105
fi=(271)
180 105 105 1
fi=(260)
2352 420
fi=(252)
459 210 105 4
fi=(260)
2352 105
fi=(243)
14 210 0 0 105 1
cob=(2)
cfi=(155)
cfn=(650)
calls=105 3283 
* 17213 2913 36
fi=(252)
468 210 105 1
0 105
fi=(233)
547 420 0 0 105 1
cob=(2)
cfi=(211)
cfn=(728)
calls=105 255 
* 1571 418 28
* 105
fi=(260)
2352 105
fi=(252)
459 315 105 4
fi=(260)
2352 210
fi=(243)
14 105 0 0 105 1
cob=(2)
cfi=(155)
cfn=(650)
calls=105 3283 
* 18376 3127 32
fi=(252)
468 210 105 4
fi=(256)
0 105
fi=(233)
547 420 0 0 105 1
cob=(2)
cfi=(211)
cfn=(728)
calls=105 255 
* 2310 525 107
* 105
fi=(260)
2352 105
fi=(252)
459 210 105
0 210
fi=(260)
2352 105
fi=(243)
14 210 0 0 105 1
cob=(2)
cfi=(155)
cfn=(650)
calls=105 3283 
* 17809 3023 16
fi=(252)
468 210 105 1
fi=(256)
0 105
fi=(233)
547 420 0 0 105 1
cob=(2)
cfi=(211)
cfn=(728)
calls=105 255 
* 1161 213 82
* 315
0 4
fi=(252)
459 1 1
0 1
fi=(243)
14 2 0 0 1 1
cob=(2)
cfi=(155)
cfn=(650)
calls=1 3283 
* 30 6
fi=(252)
468 2 1
0 1
fi=(233)
547 4 0 0 1 1
cob=(2)
cfi=(211)
cfn=(728)
calls=1 255 
* 12 2
* 1
fi=(244)
0 1
fe=(472)
749 7
+2 2 0 0 1 1
cfi=(280)
cfn=(1692)
calls=1 1508 
* 374 24 5 2
fi=(244)
2173 1
0 2
2173 2 1
fe=(472)
751 2 0 0 1 1
cfi=(299)
cfn=(4988)
calls=1 -91 
* 2
* 4
cfn=(6182)
calls=1 1532 
* 328 48 10 7 6
+2 4
fi=(253)
1815 2
fi=(297)
457 1 1 1
fi=(252)
0 2
798 7
cfn=(1182)
calls=1 542 
* 928 211 29 1
fi=(244)
2173 2 1 1
fi=(252)
0 2
459 1 1
0 1
fi=(243)
14 3 0 0 1 1
cob=(2)
cfi=(155)
cfn=(650)
calls=1 3283 
* 30 6
fi=(252)
468 2 1
0 1
fi=(233)
547 4 0 0 1
cob=(2)
cfi=(211)
cfn=(728)
calls=1 255 
* 11 2 2
* 1
fi=(253)
2168 2
fi=(256)
440 6
fe=(472)
-98 11
fi=(253)
1187 4
fe=(472)
344 4
cfi=(283)
cfn=(1028)
calls=1 43 
* 3080 737 68 10 4
* 2
fi=(244)
0 1
966 2 1
+1 2
2174 2
fe=(472)
344 4
-1 2 0 0 1 1
cfi=(280)
cfn=(1692)
calls=1 1508 
* 374 24 3 2
fi=(244)
2173 1
0 2
2173 2 1 1
0 1
fe=(472)
343 1
cfi=(476)
cfn=(6208)
calls=1 28 
* 1044 164 17 16
0 1
fi=(253)
1029 1 0 0 1 1
cfi=(252)
cfn=(1538)
calls=1 186 
* 636 111 19 2 1
fi=(252)
612 1
fi=(233)
1917 10
fi=(253)
1034 1
fi=(252)
632 2 1
fi=(233)
805 1
fi=(243)
48 1 0 0 1 1
cob=(2)
cfi=(155)
cfn=(762)
calls=1 3319 
* 33 6 2
-48 3
fe=(472)
347 1
cfi=(283)
cfn=(1028)
calls=1 43 
* 2469 534 46 10
fi=(244)
966 2 1 1
+1 2
2174 2
fe=(472)
347 4
-1 2 0 0 1 1
cfi=(280)
cfn=(1692)
calls=1 1508 
* 337 22 5 2
fi=(244)
2173 1
0 2
2173 2 1
0 1
fe=(472)
346 1
cfi=(476)
cfn=(6208)
calls=1 28 
* 326 47 6 9
0 2
fi=(253)
992 1
cfn=(5348)
calls=1 +31 
* 27 1 1
fi=(252)
632 2 1
fi=(233)
805 1
fi=(243)
48 1 0 0 1 1
cob=(2)
cfi=(155)
cfn=(762)
calls=1 3319 
* 33 6
fi=(253)
1815 1
fi=(180)
-95 1
fi=(271)
180 1 1 1
fi=(244)
2174 2
fi=(233)
547 3 0 0 1 1
cob=(2)
cfi=(211)
cfn=(728)
calls=1 255 
* 749 66 2
* 1
0 2
fi=(252)
798 7
cfn=(1182)
calls=1 542 
* 368 74 13 1
fi=(244)
2173 2 1 1
fe=(472)
755 7
+3 2 0 0 1 1
cfi=(280)
cfn=(1692)
calls=1 1508 
* 337 22 3 2
fi=(244)
2173 1
0 2
2173 2 1
fe=(472)
758 1 0 0 1 1
cfi=(299)
cfn=(4988)
calls=1 -98 
* 2
-1 4
cfn=(6182)
calls=1 1532 
* 27 1 1
-5 4
-6 4
+16 4
fi=(252)
632 2 1
fi=(233)
805 1
fi=(243)
48 1 0 0 1 1
cob=(2)
cfi=(155)
cfn=(762)
calls=1 3319 
* 33 6
fi=(252)
632 1
fe=(472)
0 8
fi=(252)
632 1 1 1
fi=(233)
805 4
fi=(244)
2174 2
fi=(233)
547 3 0 0 1 1
cob=(2)
cfi=(211)
cfn=(728)
calls=1 255 
* 749 66 2
* 1
0 2
fe=(472)
358 1 0 0 1 1
cfi=(299)
cfn=(5012)
calls=1 607 
* 2
0 1
fi=(283)
16 2 0 0 1 1
cfi=(260)
cfn=(1198)
calls=1 2351 
* 72 10 4 2
* 4
fe=(472)
359 15
-2 1
cfi=(476)
cfn=(6254)
calls=1 68 
* 289710 60328 811 57 11
* 1
fi=(244)
835 2 1 1
0 1
836 3 0 0 1 1
cob=(2)
cfi=(211)
cfn=(728)
calls=1 255 
* 65 9 2
* 1
fe=(472)

fn=(6016) litchi_pptx::notes::package::load_index_with_slide_root_proofs
426 12
+5 1 0 0 1 1
cfi=(280)
cfn=(1692)
calls=1 1508 
* 337 22 3 2
fi=(244)
2173 1
0 1
2173 1
0 1
2173 2 1
fe=(472)
432 2 0 0 1 1
cfi=(252)
cfn=(4936)
calls=1 612 
* 3
fi=(264)
20 3 1
-20 1
20 3 0 0 1 1
fe=(472)
697 8
fi=(264)
154 4 0 0 1 1
cob=(2)
cfi=(290)
cfn=(1082)
calls=1 -81 
* 29 7
* 1
fe=(472)
432 1 1
0 1
435 3 0 0 1 1
cfi=(336)
cfn=(5096)
calls=1 -96 
* 10 0 0 1
* 6
cfi=(467)
cfn=(6022) litchi_pptx::notes::codec::root_conformance
calls=1 312 
* 485609 71768 4375 6461 252
fi=(244)
2173 1
0 1
2173 2 1 1
fe=(472)
435 1
+2 2 0 0 1 1
cfi=(336)
cfn=(5096)
calls=1 -98 
* 10 0 0 1 1
-1 9
cfi=(467)
cfn=(6024) litchi_pptx::notes::codec::scan_xml
calls=1 -99 
* 447959 65338 4394 6255 238
fi=(244)
2173 1
0 10
2173 2 1 1
fe=(472)
436 10
+6 2 1 1
0 1
fi=(253)
2997 1
fe=(472)
447 2 1 1
fi=(265)
662 7
fi=(252)
433 4
cfn=(1514)
calls=1 +12 
* 349 72 8 1
0 1
433 2 1
+1 1
fi=(253)
965 4
fi=(180)
1720 1
fi=(271)
180 1 1
0 20
fi=(252)
612 2
fi=(253)
1815 3
fe=(472)
454 1
cfn=(6050) litchi_pptx::notes::package::validate_id
calls=1 1618 
* 54 12 9
fi=(252)
612 198
fi=(253)
1815 297
fe=(472)
454 99
cfn=(6050)
calls=99 1618 
* 6032 1384 25
fi=(244)
2173 200 100 2
fe=(472)
455 100
+1 300 0 0 100 1
cfi=(299)
cfn=(4988)
calls=100 660 
* 200
0 100
fi=(310)
1309 200 100
0 600
258 500
cfi=(308)
cfn=(1296)
calls=100 694 
* 16660 1000 10
* 100
fi=(324)
48 200
fi=(304)
2492 600
0 100
fi=(233)
547 100
fi=(311)
1563 300
fi=(315)
50 200 100 2
-50 500
fi=(314)
641 100
fi=(304)
2073 200
fi=(239)
1072 300
fi=(264)
20 200 100
fi=(315)
-20 2
fi=(314)
641 2
fi=(304)
2073 4
fi=(239)
1072 6
fi=(264)
20 4 2
fi=(304)
1236 408
fi=(264)
154 102 0 0 102
cob=(2)
cfi=(290)
cfn=(1082)
calls=102 -81 
* 2008 432 14
* 102
fi=(297)
434 102 102 5
0 2
fi=(314)
499 2
fi=(315)
50 12 2 2
fi=(304)
-50 100
fi=(264)
20 200 100 2
fi=(252)
612 300
fi=(264)
154 100 0 0 100 1
cob=(2)
cfi=(290)
cfn=(1082)
calls=100 -81 
* 2900 700 6
* 100
fe=(472)
459 300 200 1
1528 200 0 0 100 1
cfi=(299)
cfn=(5012)
calls=100 607 
* 200
* 200 0 0 100 1
cfi=(283)
cfn=(1216) litchi_opc::packuri::PackURI::base_uri
calls=100 158 
* 29800 5400 309 200 101
fi=(252)
612 100
fi=(253)
1815 100
fe=(472)
1528 300 0 0 100 1
cfi=(283)
cfn=(4458)
calls=100 120 
* 465778 93289 3167 3400 101
fi=(244)
0 300
966 200 100
0 100
fe=(472)
464 400
+1 400 0 0 100 1
cfi=(280)
cfn=(1692)
calls=100 1508 
* 37812 2581 23 200
fi=(244)
2173 100
0 200
2173 200 100
fe=(472)
466 200 0 0 100 1
cfi=(252)
cfn=(4936)
calls=100 612 
* 300
fi=(264)
20 200 100
154 400 0 0 100
cob=(2)
cfi=(290)
cfn=(1082)
calls=100 -81 
* 2900 700 1
* 100
fe=(472)
466 100 100 1
0 100
469 200 100
+1 200 0 0 100 1
cfi=(336)
cfn=(5096)
calls=100 339 
* 1000 0 0 100 1
0 200
fi=(265)
1545 500
fe=(472)
472 300
cfn=(6066)
calls=100 703 
* 1400 400
* 100
fi=(244)
2173 100
0 100
2173 200 100
fi=(469)
2 100
fe=(472)
476 100 100
+3 300 0 0 100 1
cfi=(260)
cfn=(1198)
calls=100 2351 
* 7335 1122 114 200 1
* 200 0 0 100 1
cfi=(299)
cfn=(5012)
calls=100 607 
* 200
fi=(283)
16 300 0 0 100 1
cfi=(260)
cfn=(1198)
calls=100 2351 
* 22352 3603 103 200
* 500
fe=(472)
479 500
fi=(253)
1028 200 100 2
fi=(252)
0 100
fi=(239)
961 200
fi=(233)
1917 800
fi=(253)
1034 100
fi=(252)
632 200 100
0 100
fi=(243)
48 100 0 0 100 1
cob=(2)
cfi=(155)
cfn=(762)
calls=100 3319 
* 4335 762 19
-48 400
fi=(180)
1720 200
fi=(271)
180 101 100 90
fe=(472)
0 1
482 2 0 0 1 1
cfi=(299)
cfn=(4988)
calls=1 660 
* 2
fi=(304)
2479 1
2676 1
fi=(262)
863 2
fi=(311)
1320 1
1563 2
fi=(304)
2210 1
fi=(415) /rustc/59807616e1fa2540724bfbac14d7976d7e4a3860/library/core/src/iter/adapters/filter.rs
28 1
fi=(262)
863 1
fi=(415)
28 6
fi=(483) /rustc/59807616e1fa2540724bfbac14d7976d7e4a3860/library/alloc/src/vec/spec_from_iter.rs
+5 1
cfi=(318)
cfn=(6078)
calls=1 -15 
* 2030 459 66 4 3
fi=(292)
156 2 1
fe=(472)
0 1
fi=(252)
612 2
fi=(253)
1815 2
fe=(472)
506 3
cfn=(6050)
calls=1 1618 
* 179 43 7
fi=(244)
2173 2 1
fe=(472)
507 2 1
+6 2 0 0 1 1
cfi=(299)
cfn=(4988)
calls=1 660 
* 2
fi=(313)
1002 5
cfi=(310)
cfn=(5326)
calls=1 1309 
* 318 23 9 1 1
fi=(265)
1367 2 1
fi=(253)
1815 1
fi=(469)
38 7
fi=(264)
-18 2 1
fi=(252)
612 1
fi=(264)
154 4 0 0 1 1
cob=(2)
cfi=(290)
cfn=(1082)
calls=1 -81 
* 29 7 1
* 1
fe=(472)
516 1 1 1
0 1
517 2 1 1
fi=(252)
632 2 1
fe=(472)
+65 1
0 1 0 0 1 1
cob=(2)
cfi=(155)
cfn=(762)
calls=1 3319 
0 33 6
0 1
697 1
cfi=(233)
cfn=(6162) core::ptr::drop_in_place<alloc::vec::Vec<(alloc::string::String,litchi_opc::packuri::PackURI)>>
calls=1 805 
* 33380 5619 225 201 3
0 1
697 1
cfi=(233)
cfn=(5980)
calls=1 805 
* 36802 6205 68 206 2
fi=(293)
0 1
fe=(472)
523 4
cfn=(6096) litchi_pptx::notes::package::relationship_target
calls=1 1521 
* 6079 1315 70 40 6
fi=(244)
2173 3 1
+1 3
fe=(472)
523 2
+1 7
cfn=(6102) litchi_pptx::notes::package::validate_leaf_path
calls=1 1580 
* 253 60 15 2 2
fi=(244)
2173 2 1
0 3
fe=(472)
525 1 0 0 1 1
cfi=(280)
cfn=(1692)
calls=1 1508 
* 374 24 6 2
fi=(244)
2173 1
0 3
2173 2 1
fe=(472)
526 3 0 0 1 1
cfi=(299)
cfn=(5012)
calls=1 +81 
* 2
0 1
fi=(283)
16 2 0 0 1 1
cfi=(260)
cfn=(1198)
calls=1 2351 
* 73 10 1 2
* 6
fe=(472)
527 10
cfn=(6118)
calls=1 1594 
* 59 9 0 2 2
fi=(244)
2173 2 1
fe=(472)
529 4 0 0 1 1
cfi=(336)
cfn=(5096)
calls=1 339 
* 10 0 0 1
-1 9
cfi=(467)
cfn=(6122) litchi_pptx::notes::codec::validate_resource_xml
calls=1 296 
* 687688 99102 7547 10179 345
fi=(244)
2173 2 1
fe=(472)
535 2
+1 1 0 0 1 1
cfi=(299)
cfn=(4988)
calls=1 660 
* 2
fi=(304)
2479 1
2676 1
fi=(262)
863 2
fi=(311)
1320 1
1563 2
fi=(304)
2210 1
fi=(415)
28 1
fi=(262)
863 1
fi=(415)
28 8
fi=(483)
+5 1
cfi=(318)
cfn=(6078)
calls=1 -15 
* 135 19 7 2 2
fe=(472)
540 2 1
fi=(252)
+72 2
fe=(472)
-67 1
fi=(252)
+67 2
fi=(253)
1815 4
fe=(472)
546 1
cfn=(6050)
calls=1 1618 
* 54 12 3
fi=(244)
2173 2 1 1
fi=(469)
52 5
fi=(264)
-32 2 1 1
fi=(469)
+32 4
fi=(252)
612 2
fi=(264)
154 1 0 0 1 1
cob=(2)
cfi=(290)
cfn=(1082)
calls=1 -81 
* 29 7 2
* 1
fe=(472)
547 3 2 1
fi=(252)
+85 2 1
fi=(233)
805 1
fi=(243)
48 1 0 0 1 1
cob=(2)
cfi=(155)
cfn=(762)
calls=1 3319 
* 33 6
* 1
fe=(472)
697 1 0 0 1 1
cob=(2)
cfi=(155)
cfn=(762)
calls=1 3319 
* 33 6 2
* 1
fi=(252)
0 1
fe=(472)
552 1 0 0 1 1
cfi=(299)
cfn=(4988)
calls=1 660 
* 2
fi=(304)
2479 1
2676 1
fi=(262)
863 2
fi=(311)
1320 1
1563 2
fi=(304)
2210 1
fe=(472)
552 1
fi=(262)
863 1
fe=(472)
552 5
fi=(313)
2078 1
cfi=(304)
cfn=(2138) <hashbrown::map::Iter<K,V> as core::iter::traits::iterator::Iterator>::next
calls=1 3851 
* 20 2 1
fi=(265)
1164 2 1
0 3
fi=(313)
2078 2
cfi=(304)
cfn=(2138)
calls=1 3851 
* 5 1 1
* 1
fi=(265)
1164 2 1
0 1
fi=(264)
20 2 1
fi=(252)
612 3
fi=(264)
154 1 0 0 1 1
cob=(2)
cfi=(290)
cfn=(1082)
calls=1 -81 
* 19 4 2
* 1
fe=(472)
553 1 1
fi=(252)
0 2
fe=(472)
557 3
cfn=(6096)
calls=1 1521 
* 6037 1131 92 44 6
fi=(244)
2173 3 1
+1 3
fe=(472)
557 2
+1 7
cfn=(6102)
calls=1 1580 
* 210 45 16 2
fi=(244)
2173 2 1
0 3
fe=(472)
559 1 0 0 1 1
cfi=(280)
cfn=(1692)
calls=1 1508 
* 337 22 5 2
fi=(244)
2173 1
0 3
2173 2 1
fe=(472)
560 3 0 0 1 1
cfi=(299)
cfn=(5012)
calls=1 +47 
* 2
0 1
fi=(283)
16 2 0 0 1 1
cfi=(260)
cfn=(1198)
calls=1 2351 
* 212 33 3 2
* 6
fe=(472)
561 10
cfn=(6118)
calls=1 1594 
* 47 6 3 2
fi=(244)
2173 2 1
fe=(472)
563 3 0 0 1 1
cfi=(336)
cfn=(5096)
calls=1 339 
* 10 0 0 1
-1 9
cfi=(467)
cfn=(6122)
calls=1 296 
* 652764 93527 5943 9384 178
fi=(244)
2173 2 1
0 1
fe=(472)
569 1 0 0 1 1
cfi=(299)
cfn=(4988)
calls=1 +91 
* 2
fi=(304)
2479 1
2676 1
fi=(262)
863 2
fi=(311)
1320 1
1563 2
fi=(304)
2210 1
fe=(472)
569 1
fi=(262)
863 1
fe=(472)
569 5
fi=(313)
2078 1
cfi=(304)
cfn=(2138)
calls=1 3851 
* 5 1 1
fi=(265)
1164 2 1 1
0 1
fe=(472)
573 1 0 0 1 1
cfi=(336)
cfn=(5096)
calls=1 339 
* 10 0 0 1
0 2
574 1 0 0 1 1
cfi=(336)
cfn=(5096)
calls=1 339 
* 10 0 0 1
0 1
572 2
cfi=(468)
cfn=(6130)
calls=1 42 
* 12 1
fi=(244)
2173 3 1
+1 2
fi=(253)
464 3
fi=(484) /rustc/59807616e1fa2540724bfbac14d7976d7e4a3860/library/alloc/src/collections/btree/set.rs
345 2
fi=(180)
1720 1
fi=(271)
180 1 1
0 18
180 2
0 100
fi=(180)
1720 300
fi=(271)
180 100 100 1
0 100
fe=(472)
580 400 0 0 100 1
cfi=(280)
cfn=(1692)
calls=100 1508 
* 37788 2573 21 200
fi=(244)
2173 100
0 300
2173 200 100
0 100
fe=(472)
582 100 0 0 100 1
cfi=(299)
cfn=(4988)
calls=100 +78 
* 200
fi=(304)
2479 100
2676 100
fi=(262)
863 200
fi=(311)
1320 100
1563 200
fi=(304)
2210 100
fi=(415)
28 100
fi=(262)
863 100
fi=(415)
28 400
fi=(483)
+5 300
cfi=(318)
cfn=(6078)
calls=100 -15 
* 4600 500 8
fe=(472)
586 200 100 2
fi=(252)
+26 200
fi=(292)
156 100 100 2
fi=(252)
632 200 100 2
fi=(271)
0 1
fi=(304)
2479 1
2676 1
fi=(262)
863 2
fi=(311)
1320 1
1563 2
fi=(262)
863 1
fi=(304)
2210 1
fi=(415)
28 6
fe=(472)
674 1
cfi=(415)
cfn=(4378) <core::iter::adapters::filter::Filter<I,P> as core::iter::traits::iterator::Iterator>::count
calls=1 135 
* 2954 333 77 135 2
-3 2 1 1
fi=(311)
1320 1
1563 2
fi=(415)
28 5
fi=(338)
+93 4
cfi=(259)
cfn=(1058) core::iter::traits::iterator::Iterator::try_fold
calls=1 2461 
* 3186 380 32 121 1
fe=(472)
676 2 1 1
0 2
686 1 0 0 1 1
cfi=(260)
cfn=(1198)
calls=1 2351 
* 214 34 7 2
0 1
688 1 0 0 1 1
cfi=(252)
cfn=(4936)
calls=1 -76 
* 3
* 3
fi=(252)
433 4
cfn=(1514)
calls=1 +12 
* 68 10 3 1
0 1
433 2 1
+1 2
fi=(256)
+18 2 1
0 1
fi=(233)
547 3 0 0 1 1
cob=(2)
cfi=(211)
cfn=(728)
calls=1 255 
* 22 5 3
0 1
fi=(252)
433 4
cfn=(1514)
calls=1 +12 
* 197 31 6 1
* 1
0 2
433 2 1
+1 2
fi=(256)
+18 2 1
0 3
fi=(233)
547 1 0 0 1
cob=(2)
cfi=(211)
cfn=(728)
calls=1 255 
* 15 4
0 1
fe=(472)
692 1 0 0 1 1
cfi=(252)
cfn=(4936)
calls=1 -80 
* 3
* 3
fi=(252)
433 4
cfn=(1514)
calls=1 +12 
* 68 10 3 1
0 2
433 2 1
+1 1
fi=(256)
+18 2 1
fi=(233)
+95 4 0 0 1 1
cob=(2)
cfi=(211)
cfn=(728)
calls=1 255 
* 12 2 1
fe=(472)
685 4
+10 5
-12 28
+14 1
cfi=(233)
cfn=(6158) core::ptr::drop_in_place<alloc::collections::btree::set::BTreeSet<alloc::string::String>>
calls=1 805 
* 28 2 1
fi=(252)
-65 2 1 1
fi=(233)
805 1
fi=(243)
48 1 0 0 1
cob=(2)
cfi=(155)
cfn=(762)
calls=1 3319 
* 33 6
fi=(252)
632 2 1 1
0 2
fe=(472)

fn=(6014)
317 9
+9 5
-3 1
cfn=(6016)
calls=1 426 
* 3034763 462543 26966 39199 1294
fi=(244)
2173 1
0 10
2173 2 1 1
+1 12
fe=(472)
323 12
+5 4
cfn=(6172)
calls=1 +3 
* 486663 89915 2409 2178 91
+1 6

fn=(6050)
1618 204
fi=(180)
1720 102
fi=(271)
180 102 102 1
fi=(265)
2126 102
fi=(266)
783 1020 204 7
fi=(180)
1720 102
fi=(271)
180 102 102 3
fe=(472)
1628 102
+2 204
0 306
fi=(180)
1720 828
fi=(271)
180 414 414 15
fi=(259)
2469 414
fi=(266)
888 828
fe=(472)
1624 1489 629 18

fn=(6102)
1580 26
fi=(292)
2624 4 2
0 6
fi=(264)
154 6 0 0 2 1
cob=(2)
cfi=(290)
cfn=(1082)
calls=2 -81 
* 38 8 4
* 2
fi=(285)
1018 2 2 2
fe=(472)
1593 16
-9 6 2 2
0 2
fi=(274) /rustc/59807616e1fa2540724bfbac14d7976d7e4a3860/library/core/src/slice/memchr.rs
27 4 2 1
-27 1
40 20 10 3
-1 31 10 4
fi=(233)
2292 2
fi=(274)
71 3 1
-31 14 6
-1 18 6 3
-39 1
81 2 1
-81 1
39 2 1
+1 1
-40 1
40 20 10 2
-1 30 10 1
-39 4
fi=(285)
507 6 0 0 2 1
cfi=(274)
cfn=(1224) core::slice::memchr::memrchr
calls=2 111 
* 122 20 3
* 4 2
fi=(174)
923 4 2 2
fi=(264)
154 2
fi=(285)
521 2 2
0 2
fi=(301)
211 4
fi=(265)
662 2 2
fi=(266)
+8 2
817 8
670 2
+25 2
fi=(322) /rustc/59807616e1fa2540724bfbac14d7976d7e4a3860/library/core/src/slice/ascii.rs
91 2 2 2
fi=(266)
670 2
817 8
670 2
+25 2
fi=(322)
91 2 2 2
fi=(266)
670 2
817 8
670 2
+25 2
fi=(322)
91 2 2
fe=(472)
1592 4

fn=(6528)
143 8
fi=(253)
464 3
fi=(252)
765 1
-42 1 1 1
fe=(472)
168 6
fi=(319)
34 1
fi=(297)
434 1 1 1
fe=(472)
211 6
-43 1
+1 8
0 4
fi=(252)
798 6
cfn=(1182)
calls=1 542 
* 459 101 14 1
fi=(244)
2173 2 1 1
+1 1
fi=(252)
774 1
+1 3 1
0 212
fi=(233)
547 100
fi=(311)
1563 300
fi=(315)
50 200 100 2
fi=(314)
641 100
fi=(304)
2073 200
fi=(239)
1072 300
fi=(236)
1878 100
fi=(297)
434 300 200 1
fi=(465)
0 100
fi=(180)
444 100
fi=(173)
3923 100 100 2
fi=(337)
2405 100 100
fi=(265)
1583 100
fi=(233)
2420 100
fi=(265)
1584 300 200
fe=(472)
162 400
fi=(253)
1025 100
+3 200 100
fi=(252)
612 100
fi=(239)
961 200
fi=(233)
1917 400
fi=(253)
1034 300
fe=(472)
152 300 100 3
fi=(271)
0 100
fi=(180)
1720 100
fi=(271)
180 101 100 3
fe=(472)
-25 400
fi=(310)
258 300
cfi=(308)
cfn=(1296)
calls=100 694 
* 21400 1200 7
fi=(324)
48 800
fe=(472)
201 1
fi=(319)
50 1
fi=(297)
434 1 1 1
fi=(253)
2602 599 99 1
+7 99
fi=(236)
1878 99
fi=(253)
2611 99 99 3
fi=(319)
55 3 0 0 1 1
cfn=(1856)
calls=1 +59 
* 14758 803 185
* 1
fe=(472)

fn=(6096)
1521 8
+4 4 2 2
0 2
1528 4 0 0 2 2
cfi=(299)
cfn=(5012)
calls=2 607 
* 4
* 4 0 0 2 1
cfi=(283)
cfn=(1216)
calls=2 158 
* 593 108 9 4 2
fi=(252)
612 2
fi=(253)
1815 4
fe=(472)
1528 6 0 0 2 1
cfi=(283)
cfn=(4458)
calls=2 120 
* 11461 2334 149 74 6
fi=(244)
966 4 2 2
+1 10
0 2
fe=(472)
1530 8

fl=(299)
fn=(5012)
607 2358
+1 2358

fn=(6236)
627 245
fi=(336)
339 245
0 490
339 735 0 0 245 1
fi=(265)
1277 245
0 490 490 11
fe=(299)
629 490

fn=(1664) <T as litchi_opc::part::PartClone>::clone_part
36 484
+1 121 0 0 121 1
cfn=(6360) <litchi_opc::part::XmlPart as core::clone::Clone>::clone
calls=121 418 
* 429579 68564 2428 4065 20
fi=(243)
-23 242 0 0 121 1
cob=(2)
cfi=(155)
cfn=(650)
calls=121 3283 
* 21276 3643 16
fi=(245)
248 242 121
0 121
289 484 0 0 121
cob=(2)
cfi=(211)
cfn=(728)
calls=121 -34 
* 6401 968 254
fe=(299)
38 605

fn=(4988)
660 852
+1 852

fn=(6360)
418 1089
fi=(260)
2352 242
fi=(252)
459 242 121
fi=(260)
2352 121
fi=(243)
14 242 0 0 121 1
cob=(2)
cfi=(155)
cfn=(650)
calls=121 3283 
* 20917 3536 11
fi=(252)
468 242 121 1
fi=(256)
0 121
fi=(233)
547 484 0 0 121 1
cob=(2)
cfi=(211)
cfn=(728)
calls=121 255 
* 1344 242 23
fi=(260)
2352 121
fi=(252)
459 242 121 3
fi=(260)
2352 121
fi=(243)
14 242 0 0 121 1
cob=(2)
cfi=(155)
cfn=(650)
calls=121 3283 
* 18674 3228 34
fi=(252)
468 242 121
0 121
fi=(233)
547 484 0 0 121 1
cob=(2)
cfi=(211)
cfn=(728)
calls=121 255 
* 2632 596 117
fi=(336)
250 121
0 484 121 4
250 363 0 0 121 1
0 242 121 1
250 242
fe=(299)
423 484
cfi=(300)
cfn=(1616)
calls=121 232 
* 373307 60115 2232 3460 15
fi=(302)
105 121
fi=(411)
-46 242 121 2
fi=(303)
555 242
fi=(174)
2457 121
fi=(175)
902 121
fe=(299)
419 4477
+9 1089

fn=(5080) <litchi_opc::part::XmlPart as litchi_opc::part::Part>::ensure_payload
631 3318
fi=(336)
296 1106 553 1
fi=(244)
836 553
fe=(299)
633 2765

fl=(361) /home/zhuhe/.cargo/registry/src/index.crates.io-1949cf8c6b5b557f/memchr-2.8.3/src/arch/x86_64/avx2/memchr.rs
fn=(2266) memchr::arch::x86_64::avx2::memchr::Two::find_raw
654 364611
+5 729222 364611 117
0 364400
fi=(262)
619 364400
fe=(361)
+44 728800 364400 318
+1 182746 91373 11301
0 182494
fi=(363) /home/zhuhe/.cargo/registry/src/index.crates.io-1949cf8c6b5b557f/memchr-2.8.3/src/arch/generic/memchr.rs
1161 182494
0 91247
1162 91247
fe=(361)
668 182494 91247 105
fi=(363)
1162 216225
fe=(361)
668 1047192 523596 10523
fi=(262)
384 307371
fi=(363)
1161 614742 307371 113229
0 91146
fe=(361)
694 182292
-1 546054
cfn=(2268) memchr::arch::x86_64::avx2::memchr::Two::find_raw_avx2
calls=832119 804 
* 4683135 303042 15350
+1 546054
fi=(233)
547 126
fi=(363)
676 126
+1 126
fi=(311)
914 378
-25 126
1563 126
fi=(371) /home/zhuhe/.cargo/registry/src/index.crates.io-1949cf8c6b5b557f/memchr-2.8.3/src/vector.rs
147 126
fi=(363)
679 126 126 5
fi=(174)
178 106
fi=(262)
863 318
fe=(361)
694 212
0 101
694 202
fi=(262)
863 60
fi=(363)
550 40 20 3
0 3
fi=(233)
547 3
fi=(311)
914 9
-25 3
1563 3
fi=(371)
147 3
fi=(363)
679 3 3 2
fi=(262)
863 3
fi=(363)
550 6 3 3
+11 40 20
fi=(233)
-14 20
fi=(311)
914 40
-25 20
1563 20
fi=(371)
147 20
fi=(363)
679 20 20 2
fe=(361)
0 231
694 462

fn=(2286) memchr::arch::x86_64::avx2::memchr::One::find_raw
179 938534
+5 938534 469267 54
0 469267
fi=(262)
619 938534
fe=(361)
188 938534 469267 946
+1 915852 457926 258
0 457670
fi=(363)
1161 915340
0 457670
fe=(361)
193 457670
fi=(363)
1162 457670 457670 14
fe=(361)
193 530122
fi=(363)
1162 530122 530122 102225
fi=(262)
384 622192
fi=(363)
1161 1244384 622192 80628
0 92070
fe=(361)
219 184140
-1 34023
cfn=(2288) memchr::arch::x86_64::avx2::memchr::One::find_raw_avx2
calls=33646 396 
* 865993 105487 3537
+1 22682
fi=(233)
547 256
fi=(363)
422 256
fi=(311)
1563 512
fi=(371)
147 256
fi=(363)
423 256 256
fi=(174)
178 256
fi=(262)
863 256
0 256
fe=(361)
219 512
fi=(262)
0 365600
fe=(361)
219 731200

fn=(2362) memchr::arch::x86_64::avx2::memchr::Three::find_raw
1037 458344
+5 916688 458344
0 458344
fi=(262)
619 458344
fe=(361)
1046 916688 458344 110
+1 414 207 105
0 303
fi=(363)
1161 202
0 101
1162 101
fe=(361)
1051 202 101 2
fi=(363)
1162 709
fe=(361)
1051 4254 2127 508
fi=(262)
384 709
fi=(363)
1161 1418 709 101
fe=(361)
-83 916274
cfn=(2364) memchr::arch::x86_64::avx2::memchr::Three::find_raw_avx2
calls=1381513 1191 
* 8739050 460906 869
+1 916274
fi=(233)
547 106
fi=(363)
968 106
+1 106
+1 106
fi=(311)
-56 424
-25 106
+25 106
-25 106
1563 106
fi=(371)
147 106
fi=(363)
972 106 106 5
fi=(174)
178 102
fi=(262)
863 306
fe=(361)
1079 204
0 101
1079 202
fi=(262)
863 12
fi=(363)
-31 8 4 4
+11 8 4
fi=(233)
547 4
fi=(311)
914 8
-25 4
+25 4
-25 4
1563 4
fi=(371)
147 4
fi=(363)
972 4 4
fi=(174)
178 4
fi=(262)
863 8
fe=(361)
1079 8

fn=(2268)
804 546054
fi=(233)
547 273027
fi=(363)
676 273027
+1 273027
fi=(364) /rustc/59807616e1fa2540724bfbac14d7976d7e4a3860/library/core/src/../../stdarch/crates/core_arch/src/x86/avx2.rs
+22 546054
2315 273027
2163 273027
fi=(371)
147 273027
fi=(363)
679 273027 273027 10005
fi=(174)
178 263023
fi=(363)
0 526046
fe=(361)
810 526046
fi=(363)
0 20008
fi=(262)
863 20008
fi=(363)
521 80032 10004
0 10001
fi=(376) /rustc/59807616e1fa2540724bfbac14d7976d7e4a3860/library/core/src/../../stdarch/crates/core_arch/src/x86/avx.rs
1688 20002
fi=(364)
699 40004
2315 30003
2163 10001
fi=(371)
147 10001
fi=(363)
534 10001 10001 3
0 3
550 6 3
+11 6 3
fi=(233)
-14 3
fi=(364)
699 6
2315 3
2163 3
fi=(371)
147 3
fi=(363)
679 3 3 2
fe=(361)
0 3
810 6
fi=(371)
162 20002
-15 10001
fi=(363)
536 10001 10001 5340
fi=(174)
178 3849
fi=(363)
0 7698
fe=(361)
810 7698
fi=(371)
162 18456
fi=(174)
+16 6152
fi=(485) /home/zhuhe/.cargo/registry/src/index.crates.io-1949cf8c6b5b557f/memchr-2.8.3/src/lib.rs
0 18456
fe=(361)
810 12304

fn=(2288)
396 22682
fi=(363)
+26 11341
fi=(364)
2163 22682
fi=(371)
147 11341
fi=(363)
423 11341 11341 182
0 899
155 1798
fe=(361)
402 1798
fi=(363)
0 21718
fi=(262)
863 32577
fi=(363)
171 86872 10859 103
0 21512
186 21512
0 10756
fi=(364)
699 43024
2315 32268
2163 10756
fi=(371)
147 10756
fi=(363)
+39 10756 10756 344
fi=(364)
699 81080
2315 60810
2163 20270
fi=(371)
147 20270
fi=(363)
+39 20270 20270 125
0 20275
172 81100 20275 6
0 15
212 10 5
0 103
212 206 103 1
0 107
fi=(364)
2163 214
fi=(371)
147 107
fi=(363)
423 107 107
fi=(364)
2163 302
fi=(371)
147 151
fi=(363)
423 151 151 2
fi=(262)
863 257
fi=(363)
212 514 257 51
+11 214 107 1
fi=(364)
2163 212
fi=(371)
147 424
fi=(363)
423 318
fe=(361)
-21 212
0 1
402 2
fi=(364)
2163 10751
fi=(371)
147 10751
fi=(363)
+41 10751 10751 316
fi=(174)
-10 290
fi=(485)
0 870
fe=(361)
402 580
fi=(174)
178 1
fi=(262)
863 3
fe=(361)
402 2
fi=(364)
2163 10461
fi=(371)
147 10461
fi=(363)
+46 10461 10461 38
fi=(364)
2163 10044
fi=(371)
147 10044
fi=(363)
+51 10044 10044 2368
fi=(174)
-20 1982
fi=(485)
0 5946
fe=(361)
402 3964
fi=(364)
2163 16124
fi=(174)
178 8062
fi=(485)
0 24186
fe=(361)
402 16124

fn=(2364)
1191 916274
fi=(233)
547 458137
fi=(363)
968 458137
+1 458137
+1 458137
fi=(364)
699 916274
2315 458137
699 458137
2315 458137
2163 458137
fi=(371)
147 458137
fi=(363)
972 458137 458137 524
fi=(174)
178 457214
fi=(363)
0 914428
fe=(361)
1197 914428
fi=(363)
0 1846
fi=(262)
863 1846
fi=(363)
-70 7384 923
0 923
fi=(376)
1688 1846
fi=(364)
699 5538
2315 4615
2163 923
fi=(371)
147 923
fi=(363)
810 923 923
fi=(371)
162 2769
-15 923
fi=(363)
815 923 923 345
fi=(174)
178 310
fi=(363)
0 620
fe=(361)
1197 620
fi=(371)
162 2452
fi=(174)
+16 613
fi=(485)
0 1839
fe=(361)
1197 1226

fl=(280)
fn=(1692)
1508 5530
fi=(304)
1365 553
fi=(310)
-56 1106 553 3
0 553
258 3871
cfi=(308)
cfn=(1296)
calls=657 694 
* 140882 8501 259
* 553
fi=(324)
48 1106
fi=(304)
2492 4424
0 553
fi=(233)
547 553
fi=(311)
1563 1659
fi=(315)
50 1106 553
-50 3318
fi=(314)
641 553
fi=(304)
2073 1106
fi=(239)
1072 1106
fi=(264)
20 1106 553 3
fi=(304)
1236 2212
fi=(264)
154 2765 0 0 553
cob=(2)
cfi=(290)
cfn=(1082)
calls=657 -81 
* 10729 2306 94
* 2212
fi=(297)
434 553 553 2
fe=(280)
1510 1659
fi=(265)
0 1106
fe=(280)
1520 1106 0 0 553 1
cfi=(299)
cfn=(5080)
calls=656 631 
* 7742 553 1
fi=(244)
2173 1106 553
fe=(280)
1521 2212
+1 4977

fn=(5058)
1477 9
fi=(304)
2210 1
3851 2 1 1
0 1
2479 1
fi=(311)
1320 1
fi=(313)
544 2
fi=(262)
863 2
fi=(315)
50 6 3 2
fi=(314)
499 3
641 3
fi=(315)
38 6
fi=(239)
1072 6
fi=(304)
3861 3
fi=(252)
612 3
fi=(253)
1815 3
fi=(264)
20 12 6 1
154 3 0 0 1 1
cob=(2)
cfi=(290)
cfn=(1082)
calls=4 -81 
* 29 7 1
* 1
fi=(259)
2945 1 1
fi=(304)
3851 4 2
fe=(280)
1499 9
0 1
fi=(304)
3851 2 1 1
fe=(280)
0 1
1492 3 1
fi=(348) /home/zhuhe/code/litchi/crates/litchi-opc/src/lib.rs
0 2
fe=(280)
1497 2 0 0 1
cfi=(300)
cfn=(5070)
calls=4 205 
* 4219 841 66 29 1
fi=(244)
2173 1
0 3
2173 1
0 2
2173 2 1
fe=(280)
1497 5
+1 3 0 0 1
cfn=(1692)
calls=4 +10 
* 337 22 4 2
fi=(252)
632 2 1
fi=(233)
805 1
fi=(243)
48 1 0 0 1 1
cob=(2)
cfi=(155)
cfn=(762)
calls=4 3319 
* 33 6
* 1
fe=(280)

fn=(1612)
381 9
fi=(334) /home/zhuhe/code/litchi/crates/litchi-opc/src/limits.rs
115 4 0 0 1 1
cob=(2)
cfi=(211)
cfn=(728)
calls=2 255 
* 30 5 3
* 1
fe=(280)
386 2
cfi=(300)
cfn=(1616)
calls=2 232 
* 3361 548 36 34 11
fi=(310)
193 1
fi=(304)
2697 1
3311 3 1 1
2676 2
fi=(174)
3051 2
fi=(297)
457 1 1
fi=(174)
769 1
fi=(304)
224 1
+1 1
fi=(174)
769 6
fi=(297)
457 2 1
fi=(298)
186 3 1
0 1
95 1
fi=(243)
-82 1 1
+1 2 0 0 1 1
cob=(2)
cfi=(155)
cfn=(650)
calls=2 3283 
* 267 49 7
* 4
fi=(335)
+5 2 1
fi=(239)
961 1
fi=(304)
185 6
3325 4
2665 1
fi=(233)
547 4 0 0 1 1
cob=(2)
cfi=(211)
cfn=(728)
calls=2 255 
* 53 8 2
fi=(304)
2210 2
3851 2 1
0 1
fi=(311)
1320 1
fi=(304)
3595 2
fi=(262)
863 4
fi=(315)
50 242 121 20
-50 15
fi=(311)
1320 15
fi=(239)
1072 15
fi=(262)
863 15
fi=(315)
113 30
-63 15 15
-50 121
fi=(314)
641 121
fi=(239)
1072 242
fi=(260)
2352 121
fi=(252)
459 363 121
fi=(260)
2352 242
fi=(243)
14 242 0 0 121 1
cob=(2)
cfi=(155)
cfn=(650)
calls=142 3283 
* 21231 3628 22
fi=(252)
468 242 121 2
0 121
fi=(233)
547 484 0 0 121 1
cob=(2)
cfi=(211)
cfn=(728)
calls=142 255 
* 1344 242 123
* 121
0 121
fi=(299)
43 363 0 0 121 1
cfn=(1664)
calls=121 -7 
* 459555 73296 2698 4428 22
* 121
fi=(304)
-43 484
fi=(262)
619 484
fi=(239)
1072 605
fi=(233)
1917 726
fi=(304)
3472 242
3851 363 121 1
0 1
3478 2
+1 2
3338 6
fi=(310)
192 7
fi=(313)
1398 1
fi=(310)
193 1
fi=(304)
2697 1
3311 2 1
2676 2
fi=(174)
3051 2
fi=(297)
457 1 1
fi=(304)
0 1
225 1
fi=(174)
769 6
fi=(297)
457 2 1 1
fi=(298)
186 3 1
0 1
95 1
fi=(243)
-82 1 1 1
+1 2 0 0 1 1
cob=(2)
cfi=(155)
cfn=(650)
calls=1 3283 
* 299 56 8
* 2
fi=(335)
+5 2 1 1
fi=(239)
961 2
fi=(304)
185 6
3325 4
2665 3
fi=(233)
547 2 0 0 1 1
cob=(2)
cfi=(211)
cfn=(728)
calls=1 255 
* 53 8 1
* 1
fi=(304)
2210 2
3851 2 1
0 1
fi=(311)
1320 1
fi=(304)
3595 2
fi=(262)
863 4
0 726 121
619 484
fi=(239)
1072 484
fi=(233)
1917 1694
fi=(304)
3472 121
3851 242 121 1
fi=(315)
50 242 121 21
-50 15
fi=(311)
1320 15
fi=(239)
1072 15
fi=(262)
863 15
fi=(315)
113 30
-63 15 15 1
fi=(314)
499 121
641 121
fi=(239)
1072 363
fi=(260)
2352 121
fi=(252)
459 242 121
0 242
fi=(260)
2352 121
fi=(243)
14 242 0 0 121 1
cob=(2)
cfi=(155)
cfn=(650)
calls=121 3283 
* 21036 3568 10
fi=(252)
468 242 121 1
0 121
fi=(233)
547 484 0 0 121 1
cob=(2)
cfi=(211)
cfn=(728)
calls=121 255 
* 1344 242 17
* 484
0 121
fi=(336)
250 121
0 484 121
250 363 0 0 121 1
0 1
fi=(304)
3478 2
+1 2
3338 7
fi=(310)
192 6
fi=(313)
1398 1
fi=(265)
2262 4 1 1
+2 1
fi=(334)
115 4 0 0 1 1
cob=(2)
cfi=(211)
cfn=(728)
calls=2 255 
* 30 5 2
fi=(265)
2262 3 1
fi=(337)
0 2
fi=(310)
193 1
fi=(304)
2697 1
3311 2 1
2676 1
fi=(174)
3051 2
fi=(297)
457 1 1
fi=(174)
3051 2
fi=(304)
225 1
fi=(174)
769 6
fi=(297)
457 2 1 1
fi=(298)
186 3 1
-91 1
fi=(243)
-82 1 1 1
+1 2 0 0 1 1
cob=(2)
cfi=(155)
cfn=(650)
calls=1 3283 
* 311 65 10
* 1
fi=(335)
+5 2 1
fi=(239)
961 2
fi=(304)
185 6
3325 5
2665 3
fi=(233)
547 2 0 0 1 1
cob=(2)
cfi=(211)
cfn=(728)
calls=1 255 
* 53 8
* 1
fi=(304)
2210 2
3851 2 1
0 1
fi=(311)
1320 1
fi=(304)
3595 2
fi=(262)
863 3
fi=(315)
50 230 115 17
-50 15
fi=(311)
1320 15
fi=(239)
1072 15
fi=(262)
863 15
fi=(315)
113 30
-63 15 15
fi=(314)
641 115
fi=(239)
1072 345
fi=(260)
2352 115
fi=(252)
459 345 115
0 115
fi=(260)
2352 230
fi=(243)
14 230 0 0 115 1
cob=(2)
cfi=(155)
cfn=(650)
calls=115 3283 
* 19897 3370 10
fi=(252)
468 230 115
0 115
fi=(233)
547 460 0 0 115 1
cob=(2)
cfi=(211)
cfn=(728)
calls=115 255 
* 1283 234 18
* 230
fi=(486) /rustc/59807616e1fa2540724bfbac14d7976d7e4a3860/library/core/src/clone.rs
236 115
fi=(173)
3923 115 115
fi=(337)
2405 115 115 2
fi=(304)
0 460
fi=(262)
619 115
fi=(239)
1072 230
fi=(262)
619 230
fi=(233)
1917 575
fi=(304)
3472 230
3851 230 115 4
0 1
3478 2
+1 2
3338 6
fi=(310)
192 7
fi=(313)
1398 1
fi=(265)
2262 3 1
fi=(173)
3923 1 1
fi=(337)
2405 1 1
fi=(265)
0 1
2262 3 1
fi=(173)
3923 1 1
fi=(337)
2405 1 1 1
fi=(265)
0 1
fe=(280)
424 1
+22 1
+6 1
fi=(265)
2262 3 1 1
fi=(337)
0 5
fe=(280)
458 1
fi=(252)
+1 4 1 1
fi=(253)
965 2
2168 2
fi=(256)
440 6
fe=(280)
34 1
381 5 0 0 1 1
cob=(2)
cfi=(211)
cfn=(728)
calls=2 255 
* 30 5 2
* 34 0 0 1 1
cob=(2)
cfi=(211)
cfn=(728)
calls=2 255 
* 30 5 2
* 29

fl=(296) /rustc/59807616e1fa2540724bfbac14d7976d7e4a3860/library/alloc/src/str.rs
fn=(5336) <str>::to_ascii_lowercase
591 1400
fi=(252)
459 400 200
0 200
fi=(243)
14 400 0 0 200
cob=(2)
cfi=(155)
cfn=(650)
calls=300 3283 
* 16496 2869 319
fi=(252)
468 400 200 4
fi=(256)
0 200
fi=(233)
547 800 0 0 200
cob=(2)
cfi=(211)
cfn=(728)
calls=300 255 
* 2200 400 75
fi=(322)
198 800 400 2
0 200
198 200
0 1400
fi=(266)
670 200
817 1200
670 200
+77 200
fi=(322)
201 200
-3 400 200
fi=(266)
670 202
817 1212
670 202
+77 202
fi=(322)
201 202
-3 604 202 2
fi=(266)
670 1368
817 5472
670 1368
+77 1368
fi=(322)
201 1368
-3 3136 1568 20
fe=(296)
594 600
+1 1200

fl=(451)
fn=(5378)
219 2
fi=(175)
901 2
+1 1
fi=(265)
1014 2 1 1
fi=(175)
901 1
+1 1
fi=(265)
1014 2 1
fi=(331)
564 1
fe=(451)
219 4
fi=(175)
901 3
+1 1
fi=(265)
1014 3 1 1
+1 2
fi=(331)
564 3
fe=(451)
219 2

fl=(450)
fn=(5370) std::sync::once_lock::OnceLock<T>::initialize
533 6
+9 3
fi=(173)
3891 1
fi=(451)
214 2 1
fi=(243)
0 1
fi=(451)
218 4
fe=(450)
542 2
fi=(451)
218 2
+1 6 0 0 1
cfi=(333)
cfn=(5374)
calls=2 -78 
* 64 6 4 1
0 1
220 1
cfi=(233)
cfn=(5386) core::ptr::drop_in_place<core::option::Option<std::sync::once_lock::OnceLock<alloc::vec::Vec<litchi_pptx::parts::presentation::SlideReference>>::initialize<std::sync::once_lock::OnceLock<alloc::vec::Vec<litchi_pptx::parts::presentation::SlideReference>>::get_or_init<litchi_pptx::presentation::model::Presentation::catalog::{{closure}}>::{{closure}},!>::{{closure}}>>
calls=2 805 
* 15 1 1
fe=(450)
557 7

fl=(259)
fn=(1058)
2461 1006
0 503
fi=(180)
1720 503
fi=(271)
180 503 503
fi=(180)
1720 11536
fi=(271)
180 11536 11536 503
fi=(180)
659 11536
fi=(271)
185 11536
fi=(287)
37 11536
+1 23072 11536
-38 23072
fi=(288) /rustc/59807616e1fa2540724bfbac14d7976d7e4a3860/library/core/src/char/methods.rs
957 23072 11536
0 11536
fe=(259)
2469 23072 11536
0 503
2472 503
-11 5030
fi=(289)
665 503
+2 503
fe=(259)
2469 1006 503 1
fi=(289)
658 1006 503 1
+5 1509
cfi=(285)
cfn=(1074)
calls=2479 432 
* 59857 6036 110 503
* 1006 503
0 503
fe=(259)
2472 3521
-11 50
fi=(289)
665 5
+2 5
fe=(259)
2469 10 5
fi=(289)
658 10 5
+5 15
cfi=(285)
cfn=(1074)
calls=127 432 
* 595 60 1 5
* 10 5
0 5
fe=(259)
2472 35
-11 9
fi=(304)
3851 2 1 1
0 6 1 1
fi=(473) /rustc/59807616e1fa2540724bfbac14d7976d7e4a3860/library/alloc/src/collections/btree/search.rs
0 121
fi=(304)
3851 363 121 3
fi=(315)
50 242 121 24
-50 15
fi=(311)
1320 15
fi=(239)
1072 15
fi=(262)
863 15
fi=(315)
113 30
-63 15 15
fi=(304)
-50 15
3669 15
fi=(314)
499 15
641 15
fi=(315)
38 30
+76 15
fi=(239)
1072 30
fi=(304)
3861 45
fe=(259)
2469 30
fi=(299)
710 30 0 0 15
cfi=(252)
cfn=(4936)
calls=15 -98 
* 45
fi=(314)
499 106
641 106
fi=(315)
38 212
+76 106
fi=(239)
1072 212
fi=(304)
3861 318
fe=(259)
2469 212
fi=(299)
710 212 0 0 106 1
cfi=(252)
cfn=(4936)
calls=106 -98 
* 318
fi=(264)
20 242 121 3
fi=(474) /rustc/59807616e1fa2540724bfbac14d7976d7e4a3860/library/alloc/src/collections/btree/node.rs
-20 1
fe=(259)
2472 8
-11 10
0 5
fi=(180)
1720 5
fi=(271)
180 5 5
fi=(180)
1720 131
fi=(271)
180 131 131 5
fi=(180)
659 131
fi=(271)
185 131
fi=(287)
37 131
+1 262 131
-38 262
fi=(288)
957 262 131
0 131
fe=(259)
2469 262 131 2
0 5
2472 5

fl=(289)
fn=(1104) core::str::iter::SplitInternal<P>::next
657 2012
+1 1006 503
0 503
662 1509
+1 1006
cfi=(285)
cfn=(1074)
calls=2479 432 
* 55330 8048 105 503
* 1006 503
+2 1006
+1 503
fi=(301)
211 503
fi=(262)
863 503
fe=(289)
667 503
+5 3018
-15 20
+1 10 5
0 5
662 15
+1 10
cfi=(285)
cfn=(1074)
calls=127 432 
* 550 80 6 5
* 10 5
+2 10
+1 5
fi=(301)
211 5
fi=(262)
863 5
fe=(289)
667 5
+5 30

fl=(415)
fn=(4378)
135 7
+6 1
+1 6
fi=(264)
+12 56 0 0 14 1
cob=(2)
cfi=(290)
cfn=(1082)
calls=14 -81 
* 302 59 18
* 42
fi=(304)
0 28
fi=(487) /rustc/59807616e1fa2540724bfbac14d7976d7e4a3860/library/core/src/iter/traits/accum.rs
53 14
fi=(304)
3712 28
fi=(315)
50 28 14 5
fi=(304)
-50 214
fi=(487)
53 107
fi=(304)
3712 214
fi=(315)
50 216 108 29
-50 16
fi=(304)
3715 16 16 4
0 15
fi=(311)
1320 15
fi=(239)
1072 15
fi=(262)
863 15
fi=(315)
113 30
-63 15 15 2
fi=(314)
641 121
fi=(239)
1072 242
fi=(304)
3711 242
fi=(299)
710 121 0 0 121 1
cfi=(252)
cfn=(4936)
calls=121 -98 
* 363
fi=(264)
20 242 121 19
-20 107
20 107
fe=(415)
148 9

fl=(477)
fn=(6288)
84 848
+1 424 212 6
fi=(239)
961 212
0 212
fi=(180)
1720 212
fi=(271)
180 212 212 3
fi=(180)
1720 9674
fi=(271)
180 9674 9674 213
fi=(287)
37 9674
+1 19348 9674
-38 9674
fe=(477)
91 19348 9674 8
-91 9674
91 19348 9674
-91 9674
91 19348 9674 2
+9 212
+1 636

fl=(457)
fn=(5720)
86 10880
fi=(173)
3890 1360
fe=(457)
55 6800 2720 33
fi=(180)
1720 1360
fi=(271)
180 1360 1360 10
0 16320
fi=(180)
659 9520
fi=(244)
1718 4080
fi=(174)
560 6800
fi=(297)
2051 5440
fi=(458) /home/zhuhe/.cargo/registry/src/index.crates.io-1949cf8c6b5b557f/sha2-0.11.0/src/sha256/soft/unroll.rs
65 1360
fi=(297)
2051 2720
fi=(458)
65 1360
+1 9520
fi=(174)
2457 4080
fi=(297)
2051 5440
fi=(174)
2457 1360
fi=(297)
2051 2720
fi=(174)
2457 4080
fi=(297)
2051 2720
fi=(458)
72 2720
+1 1360
fi=(180)
659 427679
fi=(244)
1718 183291
fi=(174)
560 305485
fi=(297)
2051 244388
fi=(458)
65 61097
fi=(297)
2051 122194
fi=(458)
65 61097
+1 427679
fi=(174)
2457 183291
fi=(297)
2051 244388
fi=(174)
2457 61097
fi=(297)
2051 122194
fi=(174)
2457 183291
fi=(297)
2051 122194
fi=(458)
72 122194
+1 427679
fi=(174)
2457 122194
fi=(297)
2051 122194
fi=(174)
2457 61097
fi=(297)
2051 61097
fi=(458)
73 8160
fi=(174)
2457 2720
fi=(297)
2051 2720
fi=(174)
2457 1360
fi=(297)
2051 2720
fi=(174)
2457 1360
fi=(297)
2051 2720
fi=(458)
65 2720
+1 2720
fi=(174)
2457 2720
fi=(458)
66 5440
fi=(174)
2457 5440
fi=(297)
2051 5440
fi=(458)
72 1360
fi=(297)
2051 2720
fi=(458)
72 1360
+1 9520
fi=(174)
2457 5440
fi=(297)
2051 5440
fi=(458)
65 1360
fi=(297)
2051 2720
fi=(458)
65 1360
fi=(244)
1718 1360
fi=(174)
560 2720
fi=(297)
2051 61097
fi=(174)
2457 61097
fi=(297)
2051 122194
fi=(458)
65 122194
+1 122194
fi=(174)
2457 122194
fi=(458)
66 244388
fi=(174)
2457 244388
fi=(297)
2051 244388
fi=(458)
72 61097
fi=(297)
2051 122194
fi=(458)
72 61097
+1 427679
fi=(174)
2457 244388
fi=(297)
2051 244388
fi=(458)
65 61097
fi=(297)
2051 122194
fi=(458)
65 61097
fi=(244)
1718 61097
fi=(174)
560 122194
fi=(458)
66 183291
fi=(174)
2457 61097
fi=(458)
66 244388
fi=(174)
2457 61097
fi=(297)
2051 183291
fi=(458)
66 4080
fi=(174)
2457 1360
fi=(458)
66 5440
fi=(174)
2457 1360
fi=(297)
2051 5440
fi=(174)
2457 5440
fi=(297)
2051 2720
fi=(458)
72 2720
+1 12240
fi=(174)
2457 2720
fi=(297)
2051 2720
fi=(174)
2457 1360
fi=(297)
2051 2720
fi=(174)
2457 1360
fi=(297)
2051 2720
fi=(458)
65 2720
fi=(244)
1718 1360
fi=(174)
560 2720
fi=(458)
66 4080
fi=(174)
2457 1360
fi=(458)
66 4080
fi=(174)
2457 1360
fi=(297)
2051 2720
fi=(174)
2457 4080
fi=(297)
2051 63817
fi=(174)
2457 244388
fi=(297)
2051 122194
fi=(458)
72 122194
+1 549873
fi=(174)
2457 122194
fi=(297)
2051 122194
fi=(174)
2457 61097
fi=(297)
2051 122194
fi=(174)
2457 61097
fi=(297)
2051 122194
fi=(458)
65 122194
fi=(244)
1718 61097
fi=(174)
560 122194
fi=(458)
66 183291
fi=(174)
2457 61097
fi=(458)
66 183291
fi=(174)
2457 61097
fi=(297)
2051 122194
fi=(174)
2457 183291
fi=(297)
2051 122194
fi=(458)
72 61097
fi=(297)
2051 122194
fi=(458)
72 61097
+1 366582
fi=(174)
2457 122194
fi=(458)
72 1360
fi=(297)
2051 2720
fi=(458)
72 1360
+1 8160
fi=(174)
2457 4080
fi=(297)
2051 2720
fi=(174)
2457 1360
fi=(297)
2051 2720
fi=(458)
65 1360
fi=(297)
2051 2720
fi=(458)
65 1360
fi=(244)
1718 1360
fi=(174)
560 2720
fi=(458)
66 4080
fi=(174)
2457 1360
fi=(458)
66 4080
fi=(174)
2457 4080
fi=(297)
2051 5440
fi=(458)
72 1360
fi=(297)
2051 2720
fi=(458)
72 1360
+1 8160
fi=(174)
2457 4080
fi=(297)
2051 5440
fi=(458)
65 1360
fi=(297)
2051 2720
fi=(458)
65 1360
fi=(174)
2457 61097
fi=(297)
2051 122194
fi=(174)
2457 61097
fi=(297)
2051 122194
fi=(458)
65 61097
fi=(297)
2051 122194
fi=(458)
65 61097
fi=(244)
1718 61097
fi=(174)
560 122194
fi=(458)
66 183291
fi=(174)
2457 61097
fi=(458)
66 183291
fi=(174)
2457 183291
fi=(297)
2051 244388
fi=(458)
72 61097
fi=(297)
2051 122194
fi=(458)
72 61097
+1 366582
fi=(174)
2457 183291
fi=(297)
2051 244388
fi=(458)
65 61097
fi=(297)
2051 122194
fi=(458)
65 61097
fi=(244)
1718 61097
fi=(174)
560 122194
fi=(458)
66 183291
fi=(174)
2457 61097
fi=(458)
66 183291
fi=(174)
2457 61097
fi=(297)
2051 61097
fi=(244)
1718 1360
fi=(174)
560 2720
fi=(458)
66 4080
fi=(174)
2457 1360
fi=(458)
66 4080
fi=(174)
2457 1360
fi=(297)
2051 2720
fi=(174)
2457 2720
fi=(297)
2051 2720
fi=(458)
72 1360
fi=(297)
2051 2720
fi=(458)
72 1360
+1 8160
fi=(174)
2457 2720
fi=(297)
2051 2720
fi=(174)
2457 1360
fi=(297)
2051 2720
fi=(458)
65 1360
fi=(297)
2051 2720
fi=(458)
65 1360
fi=(244)
1718 1360
fi=(174)
560 2720
fi=(458)
66 4080
fi=(174)
2457 1360
fi=(458)
66 4080
fi=(174)
2457 4080
fi=(297)
2051 5440
fi=(458)
72 1360
fi=(297)
2051 2720
fi=(458)
72 1360
+1 1360
fi=(297)
2051 61097
fi=(174)
2457 122194
fi=(297)
2051 122194
fi=(458)
72 61097
fi=(297)
2051 122194
fi=(458)
72 61097
+1 366582
fi=(174)
2457 122194
fi=(297)
2051 122194
fi=(174)
2457 61097
fi=(297)
2051 122194
fi=(458)
65 61097
fi=(297)
2051 122194
fi=(458)
65 61097
fi=(244)
1718 61097
fi=(174)
560 122194
fi=(458)
66 183291
fi=(174)
2457 61097
fi=(458)
66 183291
fi=(174)
2457 183291
fi=(297)
2051 244388
fi=(458)
72 61097
fi=(297)
2051 122194
fi=(458)
72 61097
+1 366582
fi=(174)
2457 183291
fi=(297)
2051 244388
fi=(458)
73 6800
fi=(174)
2457 4080
fi=(297)
2051 5440
fi=(458)
65 1360
fi=(297)
2051 2720
fi=(458)
65 1360
fi=(244)
1718 1360
fi=(174)
560 2720
fi=(458)
66 4080
fi=(174)
2457 1360
fi=(458)
66 4080
fi=(174)
2457 1360
fi=(297)
2051 2720
fi=(174)
2457 2720
fi=(297)
2051 2720
fi=(458)
72 1360
fi=(297)
2051 2720
fi=(458)
72 1360
+1 8160
fi=(174)
2457 2720
fi=(297)
2051 2720
fi=(174)
2457 1360
fi=(297)
2051 2720
fi=(458)
65 1360
fi=(297)
2051 2720
fi=(458)
65 1360
fi=(244)
1718 1360
fi=(174)
560 2720
fi=(458)
66 4080
-1 61097
fi=(297)
2051 122194
fi=(458)
65 61097
fi=(244)
1718 61097
fi=(174)
560 122194
fi=(458)
66 183291
fi=(174)
2457 61097
fi=(458)
66 183291
fi=(174)
2457 61097
fi=(297)
2051 122194
fi=(174)
2457 122194
fi=(297)
2051 122194
fi=(458)
72 61097
fi=(297)
2051 122194
fi=(458)
72 61097
+1 366582
fi=(174)
2457 122194
fi=(297)
2051 122194
fi=(174)
2457 61097
fi=(297)
2051 122194
fi=(458)
65 61097
fi=(297)
2051 122194
fi=(458)
65 61097
fi=(244)
1718 61097
fi=(174)
560 122194
fi=(458)
66 183291
fi=(174)
2457 61097
fi=(458)
66 183291
fi=(174)
2457 183291
fi=(297)
2051 244388
fi=(458)
72 61097
fi=(174)
2457 1360
fi=(458)
66 4080
fi=(174)
2457 4080
fi=(297)
2051 5440
fi=(458)
72 1360
fi=(297)
2051 2720
fi=(458)
72 1360
+1 8160
fi=(174)
2457 4080
fi=(297)
2051 5440
fi=(458)
65 1360
fi=(297)
2051 2720
fi=(458)
65 1360
fi=(244)
1718 1360
fi=(174)
560 1360
fi=(458)
66 6800
fi=(174)
2457 1360
fi=(458)
66 4080
fi=(174)
2457 1360
fi=(297)
2051 2720
fi=(174)
2457 2720
fi=(297)
2051 2720
fi=(458)
72 1360
fi=(297)
2051 2720
fi=(458)
72 1360
+1 8160
fi=(297)
2051 122194
fi=(458)
72 61097
+1 366582
fi=(174)
2457 183291
fi=(297)
2051 244388
fi=(458)
65 61097
fi=(297)
2051 122194
fi=(458)
65 61097
fi=(244)
1718 61097
fi=(174)
560 61097
fi=(458)
66 305485
fi=(174)
2457 61097
fi=(458)
66 183291
fi=(174)
2457 61097
fi=(297)
2051 122194
fi=(174)
2457 122194
fi=(297)
2051 122194
fi=(458)
72 61097
fi=(297)
2051 122194
fi=(458)
72 61097
+1 366582
fi=(174)
2457 122194
fi=(297)
2051 122194
fi=(174)
2457 61097
fi=(297)
2051 122194
fi=(458)
65 61097
fi=(297)
2051 122194
fi=(458)
65 61097
fi=(244)
1718 61097
fi=(174)
2457 2720
fi=(297)
2051 2720
fi=(174)
2457 1360
fi=(297)
2051 2720
fi=(458)
65 1360
fi=(297)
2051 2720
fi=(458)
65 1360
fi=(244)
1718 1360
fi=(174)
560 2720
fi=(458)
66 4080
fi=(174)
2457 1360
fi=(458)
66 4080
fi=(174)
2457 4080
fi=(297)
2051 5440
fi=(458)
72 1360
fi=(297)
2051 2720
fi=(458)
72 1360
+1 8160
fi=(174)
2457 4080
fi=(297)
2051 5440
fi=(458)
65 1360
fi=(297)
2051 2720
fi=(458)
65 1360
fi=(244)
1718 1360
fi=(174)
560 2720
fi=(458)
66 4080
fi=(174)
2457 1360
fi=(458)
66 4080
fi=(174)
2457 1360
560 122194
fi=(458)
66 183291
fi=(174)
2457 61097
fi=(458)
66 183291
fi=(174)
2457 183291
fi=(297)
2051 244388
fi=(458)
72 61097
fi=(297)
2051 122194
fi=(458)
72 61097
+1 366582
fi=(174)
2457 183291
fi=(297)
2051 244388
fi=(458)
65 61097
fi=(297)
2051 122194
fi=(458)
65 61097
fi=(244)
1718 61097
fi=(174)
560 122194
fi=(458)
66 183291
fi=(174)
2457 61097
fi=(458)
66 183291
fi=(174)
2457 61097
fi=(297)
2051 122194
fi=(174)
2457 122194
fi=(297)
2051 122194
fi=(458)
72 61097
fi=(297)
2051 122194
fi=(458)
72 61097
+1 122194
fi=(297)
2051 2720
fi=(174)
2457 2720
fi=(297)
2051 2720
fi=(458)
72 1360
fi=(297)
2051 2720
fi=(458)
72 1360
+1 8160
fi=(174)
2457 2720
fi=(297)
2051 2720
fi=(174)
2457 1360
fi=(297)
2051 2720
fi=(458)
65 1360
fi=(297)
2051 2720
fi=(458)
65 1360
fi=(244)
1718 1360
fi=(174)
560 2720
fi=(458)
66 4080
fi=(174)
2457 1360
fi=(458)
66 4080
fi=(174)
2457 4080
fi=(297)
2051 5440
fi=(458)
72 1360
fi=(297)
2051 2720
fi=(458)
72 1360
+1 8160
fi=(174)
2457 4080
fi=(297)
2051 4080
fi=(458)
73 244388
fi=(174)
2457 122194
fi=(297)
2051 122194
fi=(174)
2457 61097
fi=(297)
2051 122194
fi=(458)
65 61097
fi=(297)
2051 122194
fi=(458)
65 61097
fi=(244)
1718 61097
fi=(174)
560 122194
fi=(458)
66 183291
fi=(174)
2457 61097
fi=(458)
66 183291
fi=(174)
2457 183291
fi=(297)
2051 244388
fi=(458)
72 61097
fi=(297)
2051 122194
fi=(458)
72 61097
+1 366582
fi=(174)
2457 183291
fi=(297)
2051 244388
fi=(458)
65 61097
fi=(297)
2051 122194
fi=(458)
65 61097
fi=(244)
1718 61097
fi=(174)
560 122194
fi=(458)
66 183291
fi=(174)
2457 61097
fi=(297)
2051 1360
fi=(458)
65 1360
fi=(297)
2051 2720
fi=(458)
65 1360
fi=(244)
1718 1360
fi=(174)
560 2720
fi=(458)
66 4080
fi=(174)
2457 1360
fi=(458)
66 4080
fi=(174)
2457 1360
fi=(297)
2051 2720
fi=(174)
2457 2720
fi=(297)
2051 2720
fi=(458)
72 1360
fi=(297)
2051 2720
fi=(458)
72 1360
+1 8160
fi=(174)
2457 2720
fi=(297)
2051 2720
fi=(174)
2457 1360
fi=(297)
2051 2720
fi=(458)
65 1360
fi=(297)
2051 2720
fi=(458)
65 2720
fi=(244)
1718 1360
fi=(174)
560 1360
fi=(458)
66 4080
fi=(174)
2457 1360
fi=(458)
66 4080
fi=(174)
2457 4080
fi=(297)
2051 5440
fi=(458)
66 183291
fi=(174)
2457 61097
fi=(297)
2051 122194
fi=(174)
2457 122194
fi=(297)
2051 122194
fi=(458)
72 61097
fi=(297)
2051 122194
fi=(458)
72 61097
+1 366582
fi=(174)
2457 122194
fi=(297)
2051 122194
fi=(174)
2457 61097
fi=(297)
2051 122194
fi=(458)
65 61097
fi=(297)
2051 122194
fi=(458)
65 122194
fi=(244)
1718 61097
fi=(174)
560 61097
fi=(458)
66 183291
fi=(174)
2457 61097
fi=(458)
66 183291
fi=(174)
2457 183291
fi=(297)
2051 244388
fi=(458)
72 61097
fi=(297)
2051 122194
fi=(458)
72 61097
+1 366582
fi=(174)
2457 122194
fi=(458)
72 1360
fi=(297)
2051 2720
fi=(458)
72 1360
+1 8160
fi=(174)
2457 5440
fi=(297)
2051 5440
fi=(458)
65 1360
fi=(297)
2051 2720
fi=(458)
65 1360
fi=(244)
1718 1360
fi=(174)
560 1360
fi=(458)
66 4080
fi=(174)
2457 1360
fi=(458)
66 4080
fi=(174)
2457 1360
fi=(297)
2051 2720
fi=(174)
2457 2720
fi=(297)
2051 2720
fi=(458)
72 1360
fi=(297)
2051 2720
fi=(458)
72 1360
+1 8160
fi=(174)
2457 4080
fi=(297)
2051 2720
fi=(174)
2457 1360
fi=(297)
2051 2720
fi=(458)
55 5440
fi=(174)
2457 122194
fi=(297)
2051 244388
fi=(458)
65 61097
fi=(297)
2051 122194
fi=(458)
65 61097
fi=(244)
1718 61097
fi=(174)
560 61097
fi=(458)
66 183291
fi=(174)
2457 61097
fi=(458)
66 183291
fi=(174)
2457 61097
fi=(297)
2051 122194
fi=(174)
2457 122194
fi=(297)
2051 122194
fi=(458)
72 61097
fi=(297)
2051 122194
fi=(458)
72 61097
+1 366582
fi=(174)
2457 183291
fi=(297)
2051 122194
fi=(174)
2457 61097
fi=(297)
2051 122194
fi=(458)
55 305485
fi=(297)
2051 244388
fi=(458)
57 244388
fi=(174)
2457 183291
fi=(458)
55 1360
fi=(297)
2051 5440
fi=(458)
57 5440
fi=(174)
2457 5440
fi=(297)
2051 5440
fi=(458)
65 1360
fi=(297)
2051 2720
fi=(458)
65 1360
+1 6800
fi=(174)
2457 2720
fi=(297)
2051 2720
fi=(174)
2457 1360
fi=(297)
2051 2720
fi=(174)
2457 2720
fi=(297)
2051 2720
fi=(458)
72 2720
+1 9520
fi=(174)
2457 4080
fi=(297)
2051 2720
fi=(174)
2457 1360
fi=(297)
2051 2720
fi=(174)
2457 1360
fi=(458)
55 6800
fi=(174)
2457 61097
fi=(297)
2051 244388
fi=(458)
65 61097
fi=(297)
2051 122194
fi=(458)
65 61097
+1 305485
fi=(174)
2457 122194
fi=(297)
2051 122194
fi=(174)
2457 61097
fi=(297)
2051 122194
fi=(174)
2457 122194
fi=(297)
2051 122194
fi=(458)
72 122194
+1 427679
fi=(174)
2457 183291
fi=(297)
2051 122194
fi=(174)
2457 61097
fi=(297)
2051 122194
fi=(174)
2457 61097
fi=(458)
55 305485
fi=(297)
2051 244388
fi=(458)
57 305485
fi=(174)
2457 183291
fi=(297)
2051 5440
fi=(458)
57 6800
fi=(174)
2457 4080
fi=(297)
2051 2720
fi=(174)
2457 2720
fi=(297)
2051 2720
fi=(458)
65 1360
fi=(297)
2051 2720
fi=(458)
65 1360
+1 5440
fi=(174)
2457 5440
fi=(297)
2051 5440
fi=(458)
72 1360
fi=(297)
2051 5440
fi=(458)
72 2720
+1 5440
fi=(297)
2051 6800
fi=(458)
73 2720
fi=(297)
2051 2720
fi=(458)
73 1360
fi=(297)
2051 4080
fi=(458)
73 2720
fi=(297)
2051 122194
fi=(174)
2457 122194
fi=(297)
2051 122194
fi=(458)
65 61097
fi=(297)
2051 122194
fi=(458)
65 61097
+1 244388
fi=(174)
2457 244388
fi=(297)
2051 244388
fi=(458)
72 61097
fi=(297)
2051 244388
fi=(458)
72 122194
+1 244388
fi=(297)
2051 305485
fi=(458)
73 122194
fi=(297)
2051 122194
fi=(458)
73 61097
fi=(297)
2051 183291
fi=(458)
73 122194
fi=(297)
2051 122194
fi=(174)
2457 61097
fi=(297)
2051 183291
fi=(174)
2457 183291
fi=(297)
2051 122194
fi=(174)
2457 61097
fi=(297)
2051 2720
fi=(174)
2457 1360
fi=(297)
2051 4080
fi=(174)
2457 4080
fi=(297)
2051 2720
fi=(174)
2457 2720
fi=(297)
2051 1360
fi=(458)
55 2720
fi=(297)
2051 4080
fi=(458)
55 2720
fi=(297)
2051 2720
fi=(458)
55 2720
fi=(297)
2051 1360
fi=(458)
57 4080
fi=(297)
2051 2720
fi=(458)
55 2720
fi=(297)
2051 2720
fi=(458)
55 4080
fi=(297)
2051 2720
fi=(458)
55 2720
fi=(297)
2051 2720
fi=(458)
55 2720
fi=(297)
2051 2720
fi=(458)
55 1360
fi=(297)
2051 2720
fi=(458)
55 2720
fi=(297)
2051 2720
fi=(458)
55 1360
fi=(297)
2051 2720
fi=(458)
55 2720
fi=(174)
2457 61097
fi=(297)
2051 61097
fi=(458)
55 122194
fi=(297)
2051 183291
fi=(458)
55 122194
fi=(297)
2051 122194
fi=(458)
55 122194
fi=(297)
2051 61097
fi=(458)
57 183291
fi=(297)
2051 122194
fi=(458)
55 122194
fi=(297)
2051 122194
fi=(458)
55 183291
fi=(297)
2051 122194
fi=(458)
55 122194
fi=(297)
2051 122194
fi=(458)
55 122194
fi=(297)
2051 122194
fi=(458)
55 61097
fi=(297)
2051 122194
fi=(458)
55 122194
fi=(297)
2051 122194
fi=(458)
55 61097
fi=(297)
2051 122194
fi=(458)
55 122194
fi=(297)
2051 244388
fi=(458)
55 488776
fi=(297)
2051 5440
fi=(458)
55 12240
fi=(174)
2457 5440
fi=(458)
55 9520
fi=(174)
2457 5440
fi=(458)
55 5440
fi=(297)
2051 2720
fi=(458)
55 2720
fi=(174)
2457 5440
fi=(458)
55 4080
fi=(174)
2457 5440
fi=(458)
55 5440
fi=(174)
2457 4080
fi=(458)
55 4080
fi=(174)
2457 2720
fi=(458)
55 62457
fi=(174)
2457 244388
fi=(458)
55 427679
fi=(174)
2457 244388
fi=(458)
55 244388
fi=(297)
2051 122194
fi=(458)
55 122194
fi=(174)
2457 244388
fi=(458)
55 183291
fi=(174)
2457 244388
fi=(458)
55 244388
fi=(174)
2457 183291
fi=(458)
55 183291
fi=(174)
2457 122194
fi=(458)
55 183291
fi=(174)
2457 122194
fi=(458)
55 183291
fi=(174)
2457 122194
fi=(458)
55 186011
fi=(174)
2457 2720
fi=(458)
55 4080
fi=(174)
2457 2720
fi=(458)
55 6800
fi=(297)
2051 5440
fi=(458)
55 5440
fi=(174)
2457 6800
fi=(458)
57 5440
fi=(297)
2051 4080
fi=(174)
2457 1360
fi=(297)
2051 2720
fi=(174)
2457 1360
fi=(297)
2051 2720
fi=(458)
65 4080
+1 6800
fi=(174)
2457 6800
fi=(297)
2051 5440
fi=(458)
72 1360
fi=(297)
2051 2720
fi=(458)
55 122194
fi=(297)
2051 244388
fi=(458)
55 244388
fi=(174)
2457 305485
fi=(458)
57 244388
fi=(297)
2051 183291
fi=(174)
2457 61097
fi=(297)
2051 122194
fi=(174)
2457 61097
fi=(297)
2051 122194
fi=(458)
65 183291
+1 305485
fi=(174)
2457 305485
fi=(297)
2051 244388
fi=(458)
72 61097
fi=(297)
2051 122194
fi=(458)
72 122194
+1 427679
fi=(174)
2457 183291
fi=(458)
72 2720
+1 9520
fi=(174)
2457 4080
fi=(297)
2051 2720
fi=(174)
2457 1360
fi=(297)
2051 2720
fi=(458)
55 1360
fi=(297)
2051 2720
fi=(458)
55 1360
fi=(297)
2051 2720
fi=(458)
55 1360
fi=(297)
2051 2720
fi=(458)
57 1360
-2 6800
fi=(174)
2457 4080
fi=(458)
57 5440
fi=(174)
2457 4080
fi=(297)
2051 5440
fi=(458)
65 1360
fi=(297)
2051 2720
fi=(458)
65 1360
+1 8160
fi=(174)
2457 4080
fi=(297)
2051 123554
fi=(174)
2457 61097
fi=(297)
2051 122194
fi=(458)
55 61097
fi=(297)
2051 122194
fi=(458)
55 61097
fi=(297)
2051 122194
fi=(458)
55 61097
fi=(297)
2051 122194
fi=(458)
57 61097
-2 305485
fi=(174)
2457 183291
fi=(458)
57 244388
fi=(174)
2457 183291
fi=(297)
2051 244388
fi=(458)
65 61097
fi=(297)
2051 122194
fi=(458)
65 61097
+1 366582
fi=(174)
2457 183291
fi=(297)
2051 122194
fi=(174)
2457 122194
fi=(297)
2051 122194
fi=(458)
72 61097
fi=(297)
2051 122194
fi=(458)
72 61097
+1 183291
fi=(297)
2051 1360
fi=(174)
2457 2720
fi=(297)
2051 2720
fi=(458)
72 1360
fi=(297)
2051 2720
fi=(458)
72 1360
+1 9520
fi=(174)
2457 6800
fi=(297)
2051 4080
fi=(458)
55 5440
fi=(297)
2051 5440
fi=(458)
57 1360
fi=(297)
2051 5440
fi=(458)
55 5440
fi=(174)
2457 4080
fi=(458)
57 4080
fi=(174)
2457 4080
fi=(297)
2051 5440
fi=(458)
65 1360
fi=(297)
2051 2720
fi=(458)
65 1360
+1 2720
+7 244388
fi=(174)
2457 305485
fi=(297)
2051 183291
fi=(458)
55 244388
fi=(297)
2051 244388
fi=(458)
57 61097
fi=(297)
2051 244388
fi=(458)
55 244388
fi=(174)
2457 183291
fi=(458)
57 183291
fi=(174)
2457 183291
fi=(297)
2051 244388
fi=(458)
65 61097
fi=(297)
2051 122194
fi=(458)
65 61097
+1 244388
fi=(174)
2457 61097
fi=(297)
2051 122194
fi=(174)
2457 61097
fi=(297)
2051 122194
fi=(174)
2457 122194
fi=(297)
2051 122194
fi=(458)
66 2720
fi=(174)
2457 1360
fi=(297)
2051 2720
fi=(174)
2457 1360
fi=(297)
2051 2720
fi=(174)
2457 2720
fi=(297)
2051 2720
fi=(458)
72 2720
+1 8160
fi=(174)
2457 4080
fi=(297)
2051 1360
fi=(174)
2457 2720
fi=(297)
2051 1360
fi=(458)
55 4080
fi=(297)
2051 2720
fi=(458)
55 1360
fi=(297)
2051 2720
fi=(458)
57 1360
fi=(297)
2051 5440
fi=(458)
55 5440
fi=(174)
2457 4080
fi=(458)
57 5440
fi=(174)
2457 2720
fi=(297)
2051 2720
fi=(174)
2457 1360
fi=(297)
2051 2720
fi=(458)
65 1360
fi=(297)
2051 1360
fi=(458)
72 122194
+1 366582
fi=(174)
2457 183291
fi=(297)
2051 61097
fi=(174)
2457 122194
fi=(297)
2051 61097
fi=(458)
55 183291
fi=(297)
2051 122194
fi=(458)
55 61097
fi=(297)
2051 122194
fi=(458)
57 61097
fi=(297)
2051 244388
fi=(458)
55 244388
fi=(174)
2457 183291
fi=(458)
57 244388
fi=(174)
2457 122194
fi=(297)
2051 122194
fi=(174)
2457 61097
fi=(297)
2051 122194
fi=(458)
65 61097
fi=(297)
2051 122194
fi=(458)
65 61097
+1 244388
fi=(174)
2457 244388
fi=(297)
2051 123554
fi=(458)
65 1360
+1 5440
fi=(174)
2457 5440
fi=(297)
2051 5440
fi=(458)
72 1360
fi=(297)
2051 2720
fi=(458)
72 1360
+1 8160
fi=(174)
2457 5440
fi=(297)
2051 5440
fi=(458)
55 4080
fi=(297)
2051 2720
fi=(458)
55 1360
fi=(297)
2051 2720
fi=(458)
57 1360
fi=(297)
2051 5440
fi=(458)
55 5440
fi=(174)
2457 4080
fi=(458)
57 5440
fi=(174)
2457 1360
fi=(297)
2051 2720
fi=(174)
2457 1360
fi=(297)
2051 122194
fi=(458)
72 61097
fi=(297)
2051 122194
fi=(458)
72 61097
+1 366582
fi=(174)
2457 244388
fi=(297)
2051 244388
fi=(458)
55 183291
fi=(297)
2051 122194
fi=(458)
55 61097
fi=(297)
2051 122194
fi=(458)
57 61097
fi=(297)
2051 244388
fi=(458)
55 244388
fi=(174)
2457 183291
fi=(458)
57 244388
fi=(174)
2457 61097
fi=(297)
2051 122194
fi=(174)
2457 61097
fi=(297)
2051 122194
fi=(458)
65 61097
fi=(297)
2051 122194
fi=(458)
65 61097
+1 244388
fi=(174)
2457 122194
fi=(297)
2051 2720
fi=(458)
65 1360
fi=(297)
2051 2720
fi=(458)
65 1360
+1 5440
fi=(174)
2457 5440
fi=(297)
2051 5440
fi=(458)
72 1360
fi=(297)
2051 2720
fi=(458)
72 1360
+1 8160
fi=(297)
2051 2720
fi=(174)
2457 1360
fi=(297)
2051 2720
fi=(174)
2457 1360
fi=(297)
2051 2720
fi=(174)
2457 1360
fi=(297)
2051 2720
fi=(458)
57 1360
-2 5440
fi=(174)
2457 4080
fi=(458)
57 1360
fi=(297)
2051 2720
fi=(458)
57 1360
fi=(297)
2051 4080
fi=(174)
2457 1360
fi=(297)
2051 2720
fi=(458)
65 2720
+1 1360
fi=(174)
2457 122194
fi=(297)
2051 244388
fi=(458)
72 61097
fi=(297)
2051 122194
fi=(458)
72 61097
+1 366582
fi=(297)
2051 122194
fi=(174)
2457 61097
fi=(297)
2051 122194
fi=(174)
2457 61097
fi=(297)
2051 122194
fi=(174)
2457 61097
fi=(297)
2051 122194
fi=(458)
57 61097
-2 244388
fi=(174)
2457 183291
fi=(458)
57 61097
fi=(297)
2051 122194
fi=(458)
57 61097
fi=(297)
2051 183291
fi=(174)
2457 61097
fi=(297)
2051 122194
fi=(458)
65 122194
+1 244388
fi=(174)
2457 244388
fi=(297)
2051 244388
fi=(458)
72 61097
-6 4080
fi=(174)
2457 5440
fi=(297)
2051 5440
fi=(458)
72 1360
fi=(297)
2051 2720
fi=(458)
72 1360
+1 8160
fi=(174)
2457 4080
fi=(297)
2051 5440
fi=(458)
57 1360
fi=(297)
2051 5440
fi=(458)
55 5440
fi=(174)
2457 4080
fi=(458)
57 5440
fi=(174)
2457 1360
fi=(297)
2051 5440
fi=(458)
65 1360
fi=(297)
2051 2720
fi=(458)
65 1360
+1 5440
fi=(174)
2457 2720
fi=(297)
2051 123554
fi=(458)
72 61097
+1 366582
fi=(174)
2457 183291
fi=(297)
2051 244388
fi=(458)
57 61097
fi=(297)
2051 244388
fi=(458)
55 244388
fi=(174)
2457 183291
fi=(458)
57 244388
fi=(174)
2457 61097
fi=(297)
2051 244388
fi=(458)
65 61097
fi=(297)
2051 122194
fi=(458)
65 61097
+1 244388
fi=(174)
2457 122194
fi=(297)
2051 122194
fi=(174)
2457 122194
fi=(297)
2051 122194
fi=(458)
72 61097
fi=(297)
2051 122194
fi=(458)
72 61097
+1 183291
fi=(297)
2051 1360
fi=(174)
2457 2720
fi=(297)
2051 2720
fi=(458)
72 1360
fi=(297)
2051 2720
fi=(458)
72 1360
+1 8160
fi=(174)
2457 2720
fi=(297)
2051 2720
fi=(174)
2457 2720
fi=(297)
2051 2720
fi=(458)
57 1360
fi=(297)
2051 5440
fi=(458)
55 5440
fi=(174)
2457 4080
fi=(458)
57 4080
fi=(174)
2457 1360
fi=(297)
2051 5440
fi=(458)
65 1360
fi=(297)
2051 2720
fi=(458)
65 1360
+1 5440
fi=(174)
2457 1360
fi=(297)
2051 2720
fi=(174)
2457 1360
fi=(297)
2051 2720
fi=(174)
2457 2720
fi=(297)
2051 1360
fi=(458)
73 183291
fi=(174)
2457 122194
fi=(297)
2051 122194
fi=(174)
2457 122194
fi=(297)
2051 122194
fi=(458)
57 61097
fi=(297)
2051 244388
fi=(458)
55 244388
fi=(174)
2457 183291
fi=(458)
57 183291
fi=(174)
2457 61097
fi=(297)
2051 244388
fi=(458)
65 61097
fi=(297)
2051 122194
fi=(458)
65 61097
+1 244388
fi=(174)
2457 61097
fi=(297)
2051 122194
fi=(174)
2457 61097
fi=(297)
2051 122194
fi=(174)
2457 122194
fi=(297)
2051 183291
fi=(458)
72 122194
+1 366582
fi=(174)
2457 61097
fi=(297)
2051 63817
fi=(458)
72 2720
+1 8160
fi=(174)
2457 1360
fi=(297)
2051 2720
fi=(174)
2457 1360
fi=(297)
2051 2720
fi=(174)
2457 1360
fi=(297)
2051 2720
fi=(458)
57 1360
fi=(297)
2051 2720
fi=(458)
55 5440
fi=(174)
2457 4080
fi=(458)
57 2720
fi=(297)
2051 4080
fi=(174)
2457 1360
fi=(297)
2051 2720
fi=(458)
65 1360
fi=(297)
2051 2720
fi=(458)
65 1360
+1 5440
fi=(174)
2457 5440
fi=(297)
2051 5440
fi=(458)
72 1360
fi=(297)
2051 2720
fi=(458)
72 2720
+1 2720
fi=(297)
2051 61097
fi=(174)
2457 61097
fi=(297)
2051 122194
fi=(174)
2457 61097
fi=(297)
2051 122194
fi=(458)
57 61097
fi=(297)
2051 122194
fi=(458)
55 244388
fi=(174)
2457 183291
fi=(458)
57 122194
fi=(297)
2051 183291
fi=(174)
2457 61097
fi=(297)
2051 122194
fi=(458)
65 61097
fi=(297)
2051 122194
fi=(458)
65 61097
+1 244388
fi=(174)
2457 244388
fi=(297)
2051 244388
fi=(458)
72 61097
fi=(297)
2051 122194
fi=(458)
72 122194
+1 366582
fi=(297)
2051 122194
fi=(174)
2457 61097
fi=(297)
2051 122194
fi=(174)
2457 61097
fi=(297)
2051 122194
fi=(458)
73 5440
fi=(297)
2051 2720
fi=(174)
2457 1360
fi=(297)
2051 2720
fi=(174)
2457 1360
fi=(297)
2051 2720
fi=(174)
2457 1360
fi=(297)
2051 2720
fi=(458)
57 1360
-2 5440
fi=(174)
2457 4080
fi=(458)
57 2720
fi=(297)
2051 2720
fi=(458)
57 1360
fi=(297)
2051 4080
fi=(174)
2457 1360
fi=(297)
2051 2720
fi=(458)
65 2720
+1 5440
fi=(174)
2457 5440
fi=(297)
2051 5440
fi=(458)
72 1360
fi=(297)
2051 2720
fi=(458)
72 1360
+1 8160
fi=(174)
2457 63817
fi=(297)
2051 122194
fi=(458)
57 61097
-2 244388
fi=(174)
2457 183291
fi=(458)
57 122194
fi=(297)
2051 122194
fi=(458)
57 61097
fi=(297)
2051 183291
fi=(174)
2457 61097
fi=(297)
2051 122194
fi=(458)
65 122194
+1 244388
fi=(174)
2457 244388
fi=(297)
2051 244388
fi=(458)
72 61097
fi=(297)
2051 122194
fi=(458)
72 61097
+1 366582
fi=(174)
2457 183291
fi=(297)
2051 244388
fi=(458)
57 61097
fi=(297)
2051 244388
fi=(458)
55 122194
fi=(174)
2457 1360
fi=(297)
2051 5440
fi=(458)
57 1360
fi=(297)
2051 5440
fi=(458)
55 5440
fi=(174)
2457 4080
fi=(458)
57 5440
fi=(174)
2457 1360
fi=(297)
2051 5440
fi=(458)
65 1360
fi=(297)
2051 2720
fi=(458)
65 1360
+1 5440
fi=(174)
2457 2720
fi=(297)
2051 2720
fi=(174)
2457 2720
fi=(297)
2051 2720
fi=(458)
72 1360
fi=(297)
2051 2720
fi=(458)
72 1360
+1 8160
fi=(174)
2457 2720
fi=(297)
2051 2720
fi=(174)
2457 1360
fi=(297)
2051 2720
fi=(458)
57 1360
-2 122194
fi=(174)
2457 183291
fi=(458)
57 244388
fi=(174)
2457 61097
fi=(297)
2051 244388
fi=(458)
65 61097
fi=(297)
2051 122194
fi=(458)
65 61097
+1 244388
fi=(174)
2457 122194
fi=(297)
2051 122194
fi=(174)
2457 122194
fi=(297)
2051 122194
fi=(458)
72 61097
fi=(297)
2051 122194
fi=(458)
72 61097
+1 366582
fi=(174)
2457 122194
fi=(297)
2051 122194
fi=(174)
2457 61097
fi=(297)
2051 122194
fi=(458)
57 61097
fi=(297)
2051 244388
fi=(458)
55 244388
fi=(174)
2457 183291
fi=(458)
57 61097
fi=(297)
2051 5440
fi=(458)
55 5440
fi=(174)
2457 4080
fi=(458)
57 5440
fi=(174)
2457 2720
fi=(297)
2051 5440
fi=(458)
65 1360
fi=(297)
2051 2720
fi=(458)
65 1360
+1 5440
fi=(174)
2457 1360
fi=(297)
2051 2720
fi=(174)
2457 1360
fi=(297)
2051 2720
fi=(174)
2457 2720
fi=(297)
2051 2720
fi=(458)
72 2720
+1 8160
fi=(174)
2457 1360
fi=(297)
2051 2720
fi=(174)
2457 1360
fi=(297)
2051 2720
fi=(174)
2457 1360
fi=(297)
2051 2720
fi=(458)
57 1360
fi=(297)
2051 2720
fi=(458)
55 1360
+2 183291
fi=(174)
2457 122194
fi=(297)
2051 244388
fi=(458)
65 61097
fi=(297)
2051 122194
fi=(458)
65 61097
+1 244388
fi=(174)
2457 61097
fi=(297)
2051 122194
fi=(174)
2457 61097
fi=(297)
2051 122194
fi=(174)
2457 122194
fi=(297)
2051 122194
fi=(458)
72 122194
+1 366582
fi=(174)
2457 61097
fi=(297)
2051 122194
fi=(174)
2457 61097
fi=(297)
2051 122194
fi=(174)
2457 61097
fi=(297)
2051 122194
fi=(458)
57 61097
fi=(297)
2051 122194
fi=(458)
55 244388
fi=(174)
2457 183291
fi=(458)
57 183291
fi=(297)
2051 183291
fi=(458)
55 4080
fi=(174)
2457 4080
fi=(458)
57 4080
fi=(297)
2051 4080
fi=(174)
2457 1360
fi=(297)
2051 2720
fi=(458)
65 1360
fi=(297)
2051 2720
fi=(458)
65 1360
+1 5440
fi=(174)
2457 5440
fi=(297)
2051 5440
fi=(458)
72 1360
fi=(297)
2051 2720
fi=(458)
72 1360
+1 8160
fi=(297)
2051 2720
fi=(174)
2457 1360
fi=(297)
2051 2720
fi=(174)
2457 1360
fi=(297)
2051 2720
fi=(174)
2457 1360
fi=(297)
2051 2720
fi=(458)
57 1360
-2 5440
fi=(174)
2457 65177
fi=(297)
2051 122194
fi=(458)
65 61097
fi=(297)
2051 122194
fi=(458)
65 61097
+1 244388
fi=(174)
2457 244388
fi=(297)
2051 244388
fi=(458)
72 61097
fi=(297)
2051 122194
fi=(458)
72 61097
+1 366582
fi=(297)
2051 122194
fi=(174)
2457 61097
fi=(297)
2051 122194
fi=(174)
2457 61097
fi=(297)
2051 122194
fi=(174)
2457 61097
fi=(297)
2051 122194
fi=(458)
57 61097
-2 244388
fi=(174)
2457 183291
fi=(458)
57 61097
fi=(297)
2051 122194
fi=(458)
57 61097
fi=(297)
2051 183291
fi=(174)
2457 61097
fi=(297)
2051 122194
fi=(458)
65 122194
-8 1360
fi=(297)
2051 2720
fi=(458)
57 1360
fi=(297)
2051 4080
fi=(174)
2457 1360
fi=(297)
2051 2720
fi=(458)
65 2720
+1 6800
fi=(174)
2457 5440
fi=(297)
2051 5440
fi=(458)
72 1360
fi=(297)
2051 2720
fi=(458)
72 1360
+1 8160
fi=(174)
2457 4080
fi=(297)
2051 5440
fi=(458)
57 1360
fi=(297)
2051 5440
fi=(458)
55 5440
fi=(174)
2457 4080
fi=(458)
57 5440
fi=(174)
2457 1360
fi=(297)
2051 1360
fi=(458)
66 305485
fi=(174)
2457 244388
fi=(297)
2051 244388
fi=(458)
72 61097
fi=(297)
2051 122194
fi=(458)
72 61097
+1 366582
fi=(174)
2457 183291
fi=(297)
2051 244388
fi=(458)
57 61097
fi=(297)
2051 244388
fi=(458)
55 244388
fi=(174)
2457 183291
fi=(458)
57 244388
fi=(174)
2457 61097
fi=(297)
2051 244388
fi=(458)
65 61097
fi=(297)
2051 122194
fi=(458)
65 61097
+1 244388
fi=(174)
2457 61097
fi=(297)
2051 4080
fi=(458)
65 1360
fi=(297)
2051 2720
fi=(458)
65 1360
+1 5440
fi=(174)
2457 2720
fi=(297)
2051 2720
fi=(174)
2457 2720
fi=(297)
2051 2720
fi=(458)
72 1360
fi=(297)
2051 2720
fi=(458)
72 1360
+1 8160
fi=(174)
2457 2720
fi=(297)
2051 2720
fi=(174)
2457 1360
fi=(297)
2051 2720
fi=(458)
57 1360
fi=(297)
2051 5440
fi=(458)
55 5440
fi=(174)
2457 4080
fi=(458)
57 5440
fi=(174)
2457 1360
fi=(297)
2051 5440
fi=(458)
65 1360
fi=(297)
2051 2720
fi=(174)
2457 61097
fi=(297)
2051 122194
fi=(174)
2457 122194
fi=(297)
2051 122194
fi=(458)
72 61097
fi=(297)
2051 122194
fi=(458)
72 61097
+1 366582
fi=(174)
2457 122194
fi=(297)
2051 122194
fi=(174)
2457 61097
fi=(297)
2051 122194
fi=(458)
57 61097
fi=(297)
2051 244388
fi=(458)
55 244388
fi=(174)
2457 183291
fi=(458)
57 244388
fi=(174)
2457 61097
fi=(297)
2051 244388
fi=(458)
65 61097
fi=(297)
2051 122194
fi=(458)
65 61097
+1 244388
fi=(174)
2457 61097
fi=(297)
2051 122194
fi=(174)
2457 61097
fi=(297)
2051 122194
fi=(174)
2457 61097
fi=(458)
65 1360
+1 5440
fi=(174)
2457 1360
fi=(297)
2051 2720
fi=(174)
2457 1360
fi=(297)
2051 2720
fi=(174)
2457 2720
fi=(297)
2051 2720
fi=(458)
72 2720
+1 8160
fi=(174)
2457 1360
fi=(297)
2051 2720
fi=(174)
2457 1360
fi=(297)
2051 2720
fi=(174)
2457 1360
fi=(297)
2051 2720
fi=(458)
57 1360
fi=(297)
2051 2720
fi=(458)
55 5440
fi=(174)
2457 4080
fi=(458)
57 4080
fi=(297)
2051 4080
fi=(174)
2457 1360
fi=(297)
2051 2720
fi=(458)
65 1360
fi=(297)
2051 2720
fi=(458)
65 1360
+1 5440
fi=(174)
2457 62457
fi=(297)
2051 122194
fi=(458)
72 122194
+1 366582
fi=(174)
2457 61097
fi=(297)
2051 122194
fi=(174)
2457 61097
fi=(297)
2051 122194
fi=(174)
2457 61097
fi=(297)
2051 122194
fi=(458)
57 61097
fi=(297)
2051 122194
fi=(458)
55 244388
fi=(174)
2457 183291
fi=(458)
57 183291
fi=(297)
2051 183291
fi=(174)
2457 61097
fi=(297)
2051 122194
fi=(458)
65 61097
fi=(297)
2051 122194
fi=(458)
65 61097
+1 244388
fi=(174)
2457 244388
fi=(297)
2051 244388
fi=(458)
72 61097
fi=(297)
2051 122194
fi=(458)
72 61097
+1 61097
fi=(174)
2457 4080
fi=(297)
2051 5440
fi=(458)
72 1360
fi=(297)
2051 2720
fi=(458)
72 1360
+1 8160
fi=(297)
2051 2720
fi=(174)
2457 1360
fi=(297)
2051 2720
fi=(174)
2457 1360
fi=(297)
2051 2720
fi=(174)
2457 1360
fi=(297)
2051 2720
fi=(458)
57 1360
-2 5440
fi=(174)
2457 4080
fi=(458)
57 2720
fi=(297)
2051 2720
fi=(458)
57 1360
fi=(297)
2051 4080
fi=(174)
2457 1360
fi=(297)
2051 2720
fi=(458)
65 2720
+1 5440
fi=(174)
2457 5440
fi=(297)
2051 4080
fi=(458)
73 305485
fi=(297)
2051 122194
fi=(174)
2457 61097
fi=(297)
2051 122194
fi=(174)
2457 61097
fi=(297)
2051 122194
fi=(174)
2457 61097
fi=(297)
2051 122194
fi=(458)
57 61097
-2 244388
fi=(174)
2457 183291
fi=(458)
57 122194
fi=(297)
2051 122194
fi=(458)
57 61097
fi=(297)
2051 183291
fi=(174)
2457 61097
fi=(297)
2051 122194
fi=(458)
65 122194
+1 244388
fi=(174)
2457 244388
fi=(297)
2051 244388
fi=(458)
72 61097
fi=(297)
2051 122194
fi=(458)
72 61097
+1 366582
fi=(174)
2457 61097
fi=(297)
2051 1360
fi=(458)
72 1360
fi=(297)
2051 2720
fi=(458)
72 1360
+1 8160
fi=(174)
2457 4080
fi=(297)
2051 5440
fi=(458)
57 1360
fi=(297)
2051 5440
fi=(458)
55 5440
fi=(174)
2457 4080
fi=(458)
57 5440
fi=(174)
2457 1360
fi=(297)
2051 5440
fi=(458)
65 1360
fi=(297)
2051 2720
fi=(458)
65 1360
+1 5440
fi=(174)
2457 2720
fi=(297)
2051 2720
fi=(174)
2457 2720
fi=(297)
2051 2720
fi=(458)
72 1360
fi=(297)
2051 2720
fi=(458)
72 1360
+1 1360
fi=(174)
2457 122194
fi=(297)
2051 244388
fi=(458)
57 61097
fi=(297)
2051 244388
fi=(458)
55 244388
fi=(174)
2457 183291
fi=(458)
57 244388
fi=(174)
2457 61097
fi=(297)
2051 244388
fi=(458)
65 61097
fi=(297)
2051 122194
fi=(458)
65 61097
+1 244388
fi=(174)
2457 122194
fi=(297)
2051 122194
fi=(174)
2457 122194
fi=(297)
2051 122194
fi=(458)
72 61097
fi=(297)
2051 122194
fi=(458)
72 61097
+1 366582
fi=(174)
2457 122194
fi=(297)
2051 122194
fi=(174)
2457 61097
fi=(297)
2051 122194
fi=(458)
73 6800
fi=(174)
2457 2720
fi=(297)
2051 2720
fi=(174)
2457 1360
fi=(297)
2051 2720
fi=(458)
57 1360
fi=(297)
2051 5440
fi=(458)
55 5440
fi=(174)
2457 4080
fi=(458)
57 5440
fi=(174)
2457 1360
fi=(297)
2051 5440
fi=(458)
65 1360
fi=(297)
2051 2720
fi=(458)
65 1360
+1 5440
fi=(174)
2457 1360
fi=(297)
2051 2720
fi=(174)
2457 1360
fi=(297)
2051 2720
fi=(174)
2457 2720
fi=(297)
2051 2720
fi=(458)
72 2720
+1 8160
fi=(174)
2457 1360
fi=(458)
57 61097
fi=(297)
2051 244388
fi=(458)
55 244388
fi=(174)
2457 183291
fi=(458)
57 244388
fi=(174)
2457 61097
fi=(297)
2051 244388
fi=(458)
65 61097
fi=(297)
2051 122194
fi=(458)
65 61097
+1 244388
fi=(174)
2457 61097
fi=(297)
2051 122194
fi=(174)
2457 61097
fi=(297)
2051 122194
fi=(174)
2457 122194
fi=(297)
2051 122194
fi=(458)
72 122194
+1 366582
fi=(174)
2457 61097
fi=(297)
2051 122194
fi=(174)
2457 61097
fi=(297)
2051 122194
fi=(174)
2457 61097
fi=(297)
2051 122194
fi=(458)
57 61097
fi=(297)
2051 122194
fi=(458)
55 61097
fi=(297)
2051 2720
fi=(174)
2457 1360
fi=(297)
2051 2720
fi=(174)
2457 1360
fi=(297)
2051 2720
fi=(458)
57 1360
fi=(297)
2051 2720
fi=(458)
55 5440
fi=(174)
2457 4080
fi=(458)
57 4080
fi=(297)
2051 4080
fi=(174)
2457 1360
fi=(297)
2051 2720
fi=(458)
65 1360
fi=(297)
2051 2720
fi=(458)
65 1360
+1 5440
fi=(174)
2457 5440
fi=(297)
2051 5440
fi=(458)
72 1360
fi=(297)
2051 2720
fi=(458)
72 1360
+1 8160
fi=(297)
2051 2720
fi=(174)
2457 1360
fi=(297)
2051 2720
fi=(174)
2457 1360
fi=(297)
2051 1360
fi=(458)
55 183291
fi=(174)
2457 183291
fi=(458)
57 183291
fi=(297)
2051 183291
fi=(174)
2457 61097
fi=(297)
2051 122194
fi=(458)
65 61097
fi=(297)
2051 122194
fi=(458)
65 61097
+1 244388
fi=(174)
2457 244388
fi=(297)
2051 244388
fi=(458)
72 61097
fi=(297)
2051 122194
fi=(458)
72 61097
+1 366582
fi=(297)
2051 122194
fi=(174)
2457 61097
fi=(297)
2051 122194
fi=(174)
2457 61097
fi=(297)
2051 122194
fi=(174)
2457 61097
fi=(297)
2051 122194
fi=(458)
57 61097
-2 305485
fi=(174)
2457 122194
fi=(297)
2051 1360
fi=(174)
2457 1360
fi=(297)
2051 2720
fi=(458)
57 1360
-2 6800
fi=(174)
2457 4080
fi=(458)
57 2720
fi=(297)
2051 2720
fi=(458)
57 1360
fi=(297)
2051 4080
fi=(174)
2457 1360
fi=(297)
2051 2720
fi=(458)
65 2720
+1 5440
fi=(174)
2457 5440
fi=(297)
2051 5440
fi=(458)
72 1360
fi=(297)
2051 2720
fi=(458)
72 1360
+1 8160
fi=(174)
2457 4080
fi=(297)
2051 6800
fi=(458)
57 2720
fi=(297)
2051 2720
fi=(174)
2457 61097
fi=(458)
57 122194
fi=(297)
2051 122194
fi=(458)
57 61097
fi=(297)
2051 183291
fi=(174)
2457 61097
fi=(297)
2051 122194
fi=(458)
65 122194
+1 244388
fi=(174)
2457 244388
fi=(297)
2051 244388
fi=(458)
72 61097
fi=(297)
2051 122194
fi=(458)
72 61097
+1 366582
fi=(174)
2457 183291
fi=(297)
2051 305485
fi=(458)
57 122194
fi=(297)
2051 244388
fi=(458)
55 244388
fi=(174)
2457 183291
fi=(458)
57 183291
fi=(297)
2051 2720
fi=(458)
55 5440
fi=(174)
2457 4080
fi=(458)
57 5440
fi=(174)
2457 1360
fi=(297)
2051 5440
fi=(458)
65 1360
fi=(297)
2051 2720
fi=(458)
65 1360
+1 5440
fi=(174)
2457 2720
fi=(297)
2051 2720
fi=(174)
2457 2720
fi=(297)
2051 2720
fi=(458)
72 1360
fi=(297)
2051 2720
fi=(458)
72 1360
+1 8160
fi=(174)
2457 2720
fi=(297)
2051 2720
fi=(174)
2457 1360
fi=(297)
2051 2720
fi=(458)
57 1360
fi=(297)
2051 5440
fi=(458)
55 5440
+2 61097
fi=(174)
2457 61097
fi=(297)
2051 244388
fi=(458)
65 61097
fi=(297)
2051 122194
fi=(458)
65 61097
+1 244388
fi=(174)
2457 122194
fi=(297)
2051 122194
fi=(174)
2457 122194
fi=(297)
2051 122194
fi=(458)
72 61097
fi=(297)
2051 122194
fi=(458)
72 61097
+1 366582
fi=(174)
2457 122194
fi=(297)
2051 122194
fi=(174)
2457 61097
fi=(297)
2051 122194
fi=(458)
57 61097
fi=(297)
2051 244388
fi=(458)
55 244388
fi=(174)
2457 183291
fi=(458)
57 244388
fi=(174)
2457 61097
fi=(297)
2051 244388
fi=(174)
2457 4080
fi=(458)
57 5440
fi=(174)
2457 1360
fi=(297)
2051 5440
fi=(458)
65 1360
fi=(297)
2051 2720
fi=(458)
65 1360
+1 5440
fi=(174)
2457 1360
fi=(297)
2051 2720
fi=(174)
2457 1360
fi=(297)
2051 2720
fi=(174)
2457 2720
fi=(297)
2051 2720
fi=(458)
72 2720
+1 8160
fi=(174)
2457 1360
fi=(297)
2051 2720
fi=(174)
2457 1360
fi=(297)
2051 2720
fi=(174)
2457 2720
fi=(297)
2051 2720
fi=(458)
57 1360
fi=(297)
2051 2720
fi=(458)
55 5440
fi=(174)
2457 4080
fi=(458)
57 2720
+8 61097
fi=(297)
2051 122194
fi=(458)
65 61097
+1 244388
fi=(174)
2457 61097
fi=(297)
2051 122194
fi=(174)
2457 61097
fi=(297)
2051 122194
fi=(174)
2457 122194
fi=(297)
2051 122194
fi=(458)
72 122194
+1 366582
fi=(174)
2457 61097
fi=(297)
2051 122194
fi=(174)
2457 61097
fi=(297)
2051 122194
fi=(174)
2457 122194
fi=(297)
2051 122194
fi=(458)
57 61097
fi=(297)
2051 122194
fi=(458)
55 244388
fi=(174)
2457 183291
fi=(458)
57 183291
fi=(297)
2051 183291
fi=(174)
2457 61097
fi=(297)
2051 122194
fi=(458)
65 61097
fi=(297)
2051 122194
fi=(458)
65 61097
+1 61097
-9 1360
fi=(297)
2051 4080
fi=(174)
2457 1360
fi=(297)
2051 2720
fi=(458)
65 1360
fi=(297)
2051 2720
fi=(458)
65 1360
+1 5440
fi=(174)
2457 5440
fi=(297)
2051 5440
fi=(458)
72 1360
fi=(297)
2051 2720
fi=(458)
72 1360
+1 8160
fi=(297)
2051 2720
fi=(174)
2457 2720
fi=(297)
2051 2720
fi=(174)
2457 1360
fi=(297)
2051 2720
fi=(174)
2457 1360
fi=(297)
2051 2720
fi=(458)
57 1360
-2 6800
fi=(174)
2457 5440
fi=(458)
57 2720
fi=(297)
2051 2720
fi=(458)
57 1360
+9 183291
fi=(174)
2457 244388
fi=(297)
2051 244388
fi=(458)
72 61097
fi=(297)
2051 122194
fi=(458)
72 61097
+1 366582
fi=(297)
2051 122194
fi=(174)
2457 122194
fi=(297)
2051 122194
fi=(174)
2457 61097
fi=(297)
2051 122194
fi=(174)
2457 61097
fi=(297)
2051 122194
fi=(458)
57 61097
-2 305485
fi=(174)
2457 244388
fi=(458)
57 122194
fi=(297)
2051 122194
fi=(458)
57 61097
fi=(297)
2051 183291
fi=(174)
2457 61097
fi=(297)
2051 122194
fi=(458)
65 122194
+1 244388
fi=(297)
2051 4080
fi=(174)
2457 1360
fi=(297)
2051 2720
fi=(458)
65 2720
+1 5440
fi=(174)
2457 5440
fi=(297)
2051 5440
fi=(458)
72 1360
fi=(297)
2051 2720
fi=(458)
72 1360
+1 8160
fi=(174)
2457 4080
fi=(297)
2051 5440
fi=(458)
57 1360
fi=(297)
2051 5440
fi=(458)
55 5440
fi=(174)
2457 4080
fi=(458)
57 5440
fi=(174)
2457 1360
fi=(297)
2051 5440
fi=(458)
65 1360
fi=(297)
2051 1360
fi=(174)
2457 244388
fi=(297)
2051 244388
fi=(458)
72 61097
fi=(297)
2051 122194
fi=(458)
72 61097
+1 366582
fi=(174)
2457 183291
fi=(297)
2051 244388
fi=(458)
57 61097
fi=(297)
2051 244388
fi=(458)
55 244388
fi=(174)
2457 183291
fi=(458)
57 244388
fi=(174)
2457 61097
fi=(297)
2051 244388
fi=(458)
65 61097
fi=(297)
2051 122194
fi=(458)
65 61097
+1 244388
fi=(174)
2457 122194
fi=(297)
2051 122194
fi=(174)
2457 122194
fi=(297)
2051 1360
fi=(458)
65 1360
+1 5440
fi=(174)
2457 2720
fi=(297)
2051 2720
fi=(174)
2457 2720
fi=(297)
2051 2720
fi=(458)
72 1360
fi=(297)
2051 2720
fi=(458)
72 1360
+1 8160
fi=(174)
2457 4080
fi=(297)
2051 2720
fi=(174)
2457 1360
fi=(297)
2051 2720
fi=(458)
57 1360
fi=(297)
2051 5440
fi=(458)
55 5440
fi=(174)
2457 4080
fi=(458)
57 4080
fi=(174)
2457 1360
fi=(297)
2051 5440
fi=(458)
65 1360
fi=(297)
2051 2720
fi=(458)
65 1360
+1 5440
fi=(297)
2051 122194
fi=(458)
72 61097
fi=(297)
2051 122194
fi=(458)
72 61097
+1 366582
fi=(174)
2457 183291
fi=(297)
2051 122194
fi=(174)
2457 61097
fi=(297)
2051 122194
fi=(458)
57 61097
fi=(297)
2051 244388
fi=(458)
55 244388
fi=(174)
2457 183291
fi=(458)
57 183291
fi=(174)
2457 61097
fi=(297)
2051 244388
fi=(458)
65 61097
fi=(297)
2051 122194
fi=(458)
65 61097
+1 244388
fi=(174)
2457 122194
fi=(297)
2051 122194
fi=(174)
2457 61097
fi=(297)
2051 122194
fi=(174)
2457 122194
fi=(297)
2051 122194
fi=(458)
72 61097
fi=(174)
2457 2720
fi=(297)
2051 2720
fi=(174)
2457 1360
fi=(297)
2051 2720
fi=(174)
2457 2720
fi=(297)
2051 2720
fi=(458)
72 2720
+1 10880
fi=(174)
2457 2720
fi=(297)
2051 2720
fi=(174)
2457 1360
fi=(297)
2051 2720
fi=(174)
2457 2720
fi=(297)
2051 2720
fi=(458)
57 1360
fi=(297)
2051 2720
fi=(458)
55 5440
fi=(174)
2457 4080
fi=(458)
57 4080
fi=(297)
2051 4080
fi=(174)
2457 1360
fi=(297)
2051 2720
fi=(458)
65 1360
fi=(297)
2051 2720
fi=(458)
65 1360
+1 5440
fi=(174)
2457 1360
fi=(458)
72 61097
+1 488776
fi=(174)
2457 122194
fi=(297)
2051 122194
fi=(174)
2457 61097
fi=(297)
2051 122194
fi=(174)
2457 122194
fi=(297)
2051 122194
fi=(458)
57 61097
fi=(297)
2051 122194
fi=(458)
55 244388
fi=(174)
2457 183291
fi=(458)
57 183291
fi=(297)
2051 183291
fi=(174)
2457 61097
fi=(297)
2051 122194
fi=(458)
65 61097
fi=(297)
2051 122194
fi=(458)
65 61097
+1 244388
fi=(174)
2457 244388
fi=(297)
2051 244388
fi=(458)
72 61097
fi=(297)
2051 122194
fi=(458)
72 61097
+1 61097
fi=(174)
2457 4080
fi=(297)
2051 5440
fi=(458)
72 1360
fi=(297)
2051 2720
fi=(458)
72 1360
+1 8160
fi=(297)
2051 2720
fi=(174)
2457 1360
fi=(297)
2051 4080
fi=(174)
2457 1360
fi=(297)
2051 2720
fi=(174)
2457 1360
fi=(297)
2051 2720
fi=(458)
57 1360
-2 5440
fi=(174)
2457 4080
fi=(458)
57 4080
fi=(297)
2051 2720
fi=(458)
57 1360
fi=(297)
2051 4080
fi=(174)
2457 1360
fi=(297)
2051 2720
fi=(458)
65 2720
+1 6800
fi=(174)
2457 5440
fi=(458)
73 305485
fi=(297)
2051 122194
fi=(174)
2457 61097
fi=(297)
2051 183291
fi=(174)
2457 61097
fi=(297)
2051 122194
fi=(174)
2457 61097
fi=(297)
2051 122194
fi=(458)
57 61097
-2 244388
fi=(174)
2457 183291
fi=(458)
57 183291
fi=(297)
2051 122194
fi=(458)
57 61097
fi=(297)
2051 183291
fi=(174)
2457 61097
fi=(297)
2051 122194
fi=(458)
65 122194
+1 305485
fi=(174)
2457 244388
fi=(297)
2051 244388
fi=(458)
72 61097
fi=(297)
2051 122194
fi=(458)
72 61097
+1 244388
fi=(297)
2051 5440
fi=(458)
72 1360
fi=(297)
2051 2720
fi=(458)
72 1360
+1 8160
fi=(174)
2457 4080
fi=(297)
2051 5440
fi=(458)
57 1360
fi=(297)
2051 5440
fi=(458)
55 5440
fi=(174)
2457 4080
fi=(458)
57 5440
fi=(174)
2457 1360
fi=(297)
2051 5440
fi=(458)
65 1360
fi=(297)
2051 2720
fi=(458)
65 1360
+1 5440
fi=(174)
2457 2720
fi=(297)
2051 2720
fi=(174)
2457 2720
fi=(297)
2051 2720
fi=(458)
72 1360
fi=(297)
2051 1360
fi=(458)
73 122194
fi=(174)
2457 183291
fi=(297)
2051 244388
fi=(458)
57 61097
fi=(297)
2051 244388
fi=(458)
55 244388
fi=(174)
2457 183291
fi=(458)
57 244388
fi=(174)
2457 61097
fi=(297)
2051 244388
fi=(458)
65 61097
fi=(297)
2051 122194
fi=(458)
65 61097
+1 244388
fi=(174)
2457 122194
fi=(297)
2051 122194
fi=(174)
2457 122194
fi=(297)
2051 122194
fi=(458)
72 61097
fi=(297)
2051 122194
fi=(458)
72 61097
+1 366582
fi=(174)
2457 122194
fi=(297)
2051 123554
fi=(458)
72 1360
+1 8160
fi=(174)
2457 2720
fi=(297)
2051 2720
fi=(174)
2457 1360
fi=(297)
2051 2720
fi=(458)
57 1360
fi=(297)
2051 5440
fi=(458)
55 1360
fi=(174)
2457 1360
fi=(297)
2051 2720
fi=(458)
57 1360
-2 2720
fi=(174)
2457 4080
fi=(458)
57 4080
fi=(174)
2457 1360
fi=(297)
2051 5440
fi=(458)
65 1360
fi=(297)
2051 2720
fi=(458)
65 1360
+1 6800
fi=(174)
2457 2720
fi=(297)
2051 2720
fi=(174)
2457 2720
fi=(297)
2051 2720
fi=(458)
72 1360
fi=(297)
2051 2720
fi=(458)
72 1360
+1 1360
fi=(174)
2457 61097
fi=(297)
2051 122194
fi=(458)
57 61097
fi=(297)
2051 244388
fi=(458)
55 61097
fi=(174)
2457 61097
fi=(297)
2051 122194
fi=(458)
57 61097
-2 122194
fi=(174)
2457 183291
fi=(458)
57 183291
fi=(174)
2457 61097
fi=(297)
2051 244388
fi=(458)
65 61097
fi=(297)
2051 122194
fi=(458)
65 61097
+1 305485
fi=(174)
2457 122194
fi=(297)
2051 122194
fi=(174)
2457 122194
fi=(297)
2051 122194
fi=(458)
72 61097
fi=(297)
2051 122194
fi=(458)
72 61097
+1 366582
fi=(174)
2457 183291
fi=(297)
2051 122194
fi=(458)
57 122194
+16 6800
fi=(174)
2457 4080
fi=(297)
2051 2720
fi=(458)
57 4080
fi=(297)
2051 4080
fi=(174)
2457 1360
fi=(297)
2051 2720
fi=(458)
65 1360
fi=(297)
2051 2720
fi=(458)
65 1360
+1 6800
fi=(174)
2457 5440
fi=(297)
2051 5440
fi=(458)
72 1360
fi=(297)
2051 2720
fi=(458)
72 1360
+1 8160
fi=(174)
2457 4080
fi=(297)
2051 5440
fi=(458)
57 1360
fi=(174)
2457 1360
fi=(458)
57 4080
fi=(174)
2457 1360
fi=(297)
2051 1360
fi=(458)
57 61097
fi=(297)
2051 183291
fi=(174)
2457 61097
fi=(297)
2051 122194
fi=(458)
65 61097
fi=(297)
2051 122194
fi=(458)
65 61097
+1 305485
fi=(174)
2457 244388
fi=(297)
2051 244388
fi=(458)
72 61097
fi=(297)
2051 122194
fi=(458)
72 61097
+1 366582
fi=(174)
2457 183291
fi=(297)
2051 244388
fi=(458)
57 61097
fi=(174)
2457 61097
fi=(458)
57 183291
fi=(174)
2457 61097
fi=(297)
2051 244388
fi=(458)
65 61097
fi=(297)
2051 122194
fi=(458)
65 61097
+1 244388
fi=(174)
2457 61097
fi=(297)
2051 4080
fi=(458)
65 1360
fi=(297)
2051 2720
fi=(458)
65 1360
+1 5440
fi=(174)
2457 2720
fi=(297)
2051 2720
fi=(174)
2457 2720
fi=(297)
2051 2720
fi=(458)
72 1360
fi=(297)
2051 2720
fi=(458)
72 1360
+1 8160
fi=(174)
2457 2720
fi=(297)
2051 2720
fi=(174)
2457 1360
fi=(297)
2051 2720
fi=(458)
57 1360
fi=(174)
2457 1360
fi=(458)
57 4080
fi=(297)
2051 4080
fi=(174)
2457 1360
fi=(297)
2051 2720
fi=(458)
65 1360
fi=(297)
2051 2720
fi=(458)
65 1360
+1 5440
fi=(174)
2457 5440
fi=(297)
2051 1360
fi=(174)
2457 61097
fi=(297)
2051 122194
fi=(174)
2457 122194
fi=(297)
2051 122194
fi=(458)
72 61097
fi=(297)
2051 122194
fi=(458)
72 61097
+1 366582
fi=(174)
2457 122194
fi=(297)
2051 122194
fi=(174)
2457 61097
fi=(297)
2051 122194
fi=(458)
57 61097
fi=(174)
2457 61097
fi=(458)
57 183291
fi=(297)
2051 183291
fi=(174)
2457 61097
fi=(297)
2051 122194
fi=(458)
65 61097
fi=(297)
2051 122194
fi=(458)
65 61097
+1 244388
fi=(174)
2457 244388
fi=(297)
2051 244388
fi=(458)
72 61097
fi=(297)
2051 122194
fi=(458)
72 61097
+1 305485
fi=(297)
2051 4080
fi=(458)
72 1360
fi=(297)
2051 2720
fi=(458)
72 1360
+1 8160
fi=(174)
2457 4080
fi=(297)
2051 5440
fi=(458)
57 1360
fi=(174)
2457 1360
fi=(458)
57 5440
fi=(174)
2457 1360
fi=(297)
2051 5440
fi=(458)
65 1360
fi=(297)
2051 2720
fi=(458)
65 1360
+1 5440
fi=(174)
2457 2720
fi=(297)
2051 2720
fi=(174)
2457 2720
fi=(297)
2051 2720
fi=(458)
72 1360
fi=(297)
2051 2720
fi=(458)
72 1360
+1 8160
fi=(174)
2457 2720
fi=(297)
2051 1360
fi=(458)
73 61097
fi=(174)
2457 183291
fi=(297)
2051 244388
fi=(458)
57 61097
fi=(174)
2457 61097
fi=(458)
57 244388
fi=(174)
2457 61097
fi=(297)
2051 244388
fi=(458)
65 61097
fi=(297)
2051 122194
fi=(458)
65 61097
+1 244388
fi=(174)
2457 122194
fi=(297)
2051 122194
fi=(174)
2457 122194
fi=(297)
2051 122194
fi=(458)
72 61097
fi=(297)
2051 122194
fi=(458)
72 61097
+1 366582
fi=(174)
2457 122194
fi=(297)
2051 122194
fi=(174)
2457 61097
fi=(297)
2051 122194
fi=(458)
57 122194
fi=(174)
2457 61097
fi=(458)
57 183291
fi=(297)
2051 123554
fi=(174)
2457 1360
fi=(297)
2051 2720
fi=(458)
57 2720
fi=(174)
2457 1360
fi=(458)
57 4080
fi=(297)
2051 4080
fi=(174)
2457 1360
fi=(297)
2051 2720
fi=(458)
65 1360
fi=(297)
2051 2720
fi=(458)
65 1360
+1 5440
fi=(174)
2457 5440
fi=(297)
2051 5440
fi=(458)
72 1360
fi=(297)
2051 2720
fi=(458)
72 1360
+1 8160
fi=(174)
2457 4080
fi=(297)
2051 5440
fi=(458)
57 1360
fi=(174)
2457 1360
fi=(458)
57 5440
fi=(174)
2457 1360
fi=(297)
2051 66537
fi=(174)
2457 61097
fi=(297)
2051 122194
fi=(458)
65 61097
fi=(297)
2051 122194
fi=(458)
65 61097
+1 244388
fi=(174)
2457 244388
fi=(297)
2051 244388
fi=(458)
72 61097
fi=(297)
2051 122194
fi=(458)
72 61097
+1 366582
fi=(174)
2457 183291
fi=(297)
2051 244388
fi=(458)
57 61097
fi=(174)
2457 61097
fi=(458)
57 244388
fi=(174)
2457 61097
fi=(297)
2051 244388
fi=(458)
65 61097
fi=(297)
2051 122194
fi=(458)
65 61097
+1 244388
fi=(174)
2457 122194
fi=(297)
2051 122194
fi=(458)
65 1360
fi=(297)
2051 2720
fi=(458)
65 1360
+1 5440
fi=(174)
2457 2720
fi=(297)
2051 2720
fi=(174)
2457 2720
fi=(297)
2051 2720
fi=(458)
72 1360
fi=(297)
2051 2720
fi=(458)
72 1360
+1 8160
fi=(174)
2457 2720
fi=(297)
2051 2720
fi=(174)
2457 1360
fi=(297)
2051 2720
fi=(458)
57 1360
fi=(174)
2457 1360
fi=(458)
57 4080
fi=(297)
2051 4080
fi=(174)
2457 1360
fi=(297)
2051 2720
fi=(458)
65 1360
fi=(297)
2051 2720
fi=(458)
65 1360
+1 5440
fi=(174)
2457 5440
fi=(297)
2051 5440
fi=(174)
2457 122194
fi=(297)
2051 122194
fi=(458)
72 61097
fi=(297)
2051 122194
fi=(458)
72 61097
+1 366582
fi=(174)
2457 122194
fi=(297)
2051 122194
fi=(174)
2457 61097
fi=(297)
2051 122194
fi=(458)
57 61097
fi=(174)
2457 61097
fi=(458)
57 183291
fi=(297)
2051 183291
fi=(174)
2457 61097
fi=(297)
2051 122194
fi=(458)
65 61097
fi=(297)
2051 122194
fi=(458)
65 61097
+1 244388
fi=(174)
2457 244388
fi=(297)
2051 244388
fi=(458)
72 61097
fi=(297)
2051 122194
fi=(458)
72 61097
+1 366582
fi=(174)
2457 122194
fi=(458)
72 1360
fi=(297)
2051 2720
fi=(458)
72 1360
+1 8160
fi=(174)
2457 4080
fi=(297)
2051 5440
fi=(458)
57 2720
fi=(174)
2457 2720
fi=(458)
57 5440
fi=(174)
2457 1360
fi=(297)
2051 5440
fi=(458)
65 1360
fi=(297)
2051 2720
fi=(458)
65 1360
+1 5440
fi=(174)
2457 2720
fi=(297)
2051 2720
fi=(174)
2457 2720
fi=(297)
2051 2720
fi=(458)
72 1360
fi=(297)
2051 2720
fi=(458)
72 1360
+1 8160
fi=(174)
2457 2720
fi=(297)
2051 2720
fi=(174)
2457 61097
fi=(297)
2051 244388
fi=(458)
57 122194
fi=(174)
2457 122194
fi=(458)
57 244388
fi=(174)
2457 61097
fi=(297)
2051 244388
fi=(458)
65 61097
fi=(297)
2051 122194
fi=(458)
65 61097
+1 244388
fi=(174)
2457 122194
fi=(297)
2051 122194
fi=(174)
2457 122194
fi=(297)
2051 122194
fi=(458)
72 61097
fi=(297)
2051 122194
fi=(458)
72 61097
+1 366582
fi=(174)
2457 122194
fi=(297)
2051 122194
fi=(174)
2457 61097
fi=(297)
2051 122194
fi=(458)
57 122194
fi=(174)
2457 122194
fi=(458)
57 183291
fi=(297)
2051 122194
fi=(174)
2457 1360
fi=(297)
2051 2720
fi=(458)
57 2720
fi=(174)
2457 2720
fi=(458)
57 4080
fi=(297)
2051 4080
fi=(174)
2457 1360
fi=(297)
2051 2720
fi=(458)
65 1360
fi=(297)
2051 2720
fi=(458)
65 1360
+1 5440
fi=(174)
2457 5440
fi=(297)
2051 5440
fi=(458)
72 1360
fi=(297)
2051 2720
fi=(458)
72 1360
+1 8160
fi=(174)
2457 5440
fi=(297)
2051 5440
fi=(458)
57 4080
fi=(297)
2051 4080
fi=(174)
2457 1360
fi=(297)
2051 2720
fi=(458)
65 1360
fi=(297)
2051 61097
fi=(174)
2457 61097
fi=(297)
2051 122194
fi=(458)
65 61097
fi=(297)
2051 122194
fi=(458)
65 61097
+1 244388
fi=(174)
2457 244388
fi=(297)
2051 244388
fi=(458)
72 61097
fi=(297)
2051 122194
fi=(458)
72 61097
+1 366582
fi=(174)
2457 244388
fi=(297)
2051 244388
fi=(458)
57 183291
fi=(297)
2051 183291
fi=(174)
2457 61097
fi=(297)
2051 122194
fi=(458)
65 61097
fi=(297)
2051 122194
fi=(458)
65 61097
+1 244388
fi=(174)
2457 244388
fi=(297)
2051 63817
fi=(458)
65 1360
+1 5440
fi=(174)
2457 5440
fi=(297)
2051 5440
fi=(458)
72 1360
fi=(297)
2051 2720
fi=(458)
72 1360
+1 8160
fi=(174)
2457 5440
fi=(297)
2051 5440
fi=(458)
57 4080
fi=(297)
2051 4080
fi=(174)
2457 1360
fi=(297)
2051 2720
fi=(458)
65 1360
fi=(297)
2051 2720
fi=(458)
65 1360
+1 5440
fi=(174)
2457 5440
fi=(297)
2051 5440
fi=(458)
72 1360
fi=(297)
2051 184651
fi=(458)
72 61097
fi=(297)
2051 122194
fi=(458)
72 61097
+1 366582
fi=(174)
2457 244388
fi=(297)
2051 244388
fi=(458)
57 183291
fi=(297)
2051 183291
fi=(174)
2457 61097
fi=(297)
2051 122194
fi=(458)
65 61097
fi=(297)
2051 122194
fi=(458)
65 61097
+1 244388
fi=(174)
2457 244388
fi=(297)
2051 244388
fi=(458)
72 61097
fi=(297)
2051 122194
fi=(458)
72 61097
+1 366582
fi=(174)
2457 244388
fi=(297)
2051 1360
fi=(458)
72 1360
+1 8160
fi=(174)
2457 5440
fi=(297)
2051 5440
fi=(458)
57 4080
fi=(297)
2051 4080
fi=(174)
2457 1360
fi=(297)
2051 2720
fi=(458)
65 1360
fi=(297)
2051 2720
fi=(458)
65 1360
+1 5440
fi=(174)
2457 5440
fi=(297)
2051 5440
fi=(458)
72 1360
fi=(297)
2051 2720
fi=(458)
72 1360
+1 8160
fi=(174)
2457 5440
fi=(297)
2051 5440
fi=(458)
57 1360
fi=(297)
2051 244388
fi=(458)
57 183291
fi=(297)
2051 183291
fi=(174)
2457 61097
fi=(297)
2051 122194
fi=(458)
65 61097
fi=(297)
2051 122194
fi=(458)
65 61097
+1 244388
fi=(174)
2457 244388
fi=(297)
2051 244388
fi=(458)
72 61097
fi=(297)
2051 122194
fi=(458)
72 61097
+1 366582
fi=(174)
2457 244388
fi=(297)
2051 244388
fi=(458)
57 183291
fi=(297)
2051 244388
fi=(458)
65 61097
fi=(297)
2051 122194
fi=(458)
65 122194
fi=(174)
2457 61097
fi=(458)
57 2720
fi=(297)
2051 5440
fi=(458)
65 1360
fi=(297)
2051 2720
fi=(458)
65 2720
fi=(174)
2457 2720
fi=(458)
66 5440
fi=(174)
2457 4080
fi=(297)
2051 5440
fi=(458)
72 1360
fi=(297)
2051 2720
fi=(458)
72 1360
+1 8160
fi=(174)
2457 5440
fi=(297)
2051 5440
fi=(458)
57 4080
fi=(297)
2051 5440
fi=(458)
65 1360
fi=(297)
2051 2720
fi=(458)
65 2720
fi=(174)
2457 2720
fi=(458)
66 5440
fi=(174)
2457 61097
fi=(458)
66 244388
fi=(174)
2457 183291
fi=(297)
2051 244388
fi=(458)
72 61097
fi=(297)
2051 122194
fi=(458)
72 61097
+1 366582
fi=(174)
2457 244388
fi=(297)
2051 244388
fi=(458)
57 183291
fi=(297)
2051 244388
fi=(458)
65 61097
fi=(297)
2051 122194
fi=(458)
65 122194
fi=(174)
2457 122194
fi=(458)
66 244388
fi=(174)
2457 183291
fi=(297)
2051 244388
fi=(458)
72 61097
fi=(297)
2051 122194
fi=(458)
72 61097
+1 61097
fi=(174)
2457 4080
fi=(297)
2051 5440
fi=(458)
72 1360
fi=(297)
2051 2720
fi=(458)
72 1360
+1 8160
fi=(174)
2457 19040
fi=(180)
1720 4080
fi=(271)
180 1360 1360 138
fi=(458)
73 305485
fi=(174)
2457 855358
fi=(180)
1720 183291
fi=(271)
180 61097 61097 134
0 10880
fi=(458)
86 1360
fe=(457)
+2 10880

fl=(308)
fn=(1296)
694 648
fi=(309)
203 648
+1 648
+1 648
+1 324
fi=(281)
84 2916
fi=(174)
3928 972
fi=(309)
233 648
cfn=(1298)
calls=432 +23 
* 9072 1620 17
+81 972
-2 648
+4 648
fi=(174)
2457 648
fi=(297)
2029 324
fi=(174)
2457 324
fi=(309)
78 324
fi=(297)
2029 324
fi=(309)
79 324
fi=(297)
2029 324
fi=(174)
2457 648
fi=(297)
2029 324
fi=(309)
79 324
fi=(297)
2029 648
fi=(309)
78 324
318 324
+2 324
fi=(174)
2457 648
fi=(297)
2029 324
fi=(309)
78 324
fi=(297)
2029 648
fi=(309)
79 324
fi=(174)
2457 324
fi=(297)
2029 324
fi=(174)
2457 324
fi=(309)
79 324
fi=(297)
2029 324
fi=(309)
78 324
fi=(297)
2029 324
fi=(174)
2457 648
fi=(297)
2029 324
fi=(309)
78 324
fi=(297)
2029 648
fi=(309)
79 324
fi=(174)
2457 324
fi=(297)
2029 324
fi=(174)
2457 324
fi=(309)
79 324
fi=(297)
2029 324
fi=(309)
78 324
fi=(297)
2029 324
fi=(174)
2457 648
fi=(297)
2029 324
fi=(309)
78 324
fi=(297)
2029 324
fi=(309)
79 324
fi=(174)
2457 324
fi=(297)
2029 1296
fi=(309)
323 972
fe=(308)
702 648
-8 1983
fi=(309)
203 1322
+1 1322
+1 1322
+1 661
fi=(281)
84 6610
fi=(309)
306 2644
cfn=(1298)
calls=14014 -50 
* 58625 4692 271
fe=(308)
+57 3305
cfi=(309)
cfn=(1298)
calls=14014 256 
* 43965 5389 30
fi=(309)
-49 1983
-2 1322
+4 1322
fi=(174)
2457 1322
fi=(297)
2029 661
fi=(174)
2457 661
fi=(309)
78 661
fi=(297)
2029 661
fi=(309)
79 661
fi=(297)
2029 661
fi=(174)
2457 1322
fi=(297)
2029 661
fi=(309)
79 661
fi=(297)
2029 1322
fi=(309)
78 661
318 661
+2 661
fi=(174)
2457 1322
fi=(297)
2029 661
fi=(309)
78 661
fi=(297)
2029 1322
fi=(309)
79 661
fi=(174)
2457 661
fi=(297)
2029 661
fi=(174)
2457 661
fi=(309)
79 661
fi=(297)
2029 661
fi=(309)
78 661
fi=(297)
2029 661
fi=(174)
2457 1322
fi=(297)
2029 661
fi=(309)
78 661
fi=(297)
2029 1322
fi=(309)
79 661
fi=(174)
2457 661
fi=(297)
2029 661
fi=(174)
2457 661
fi=(309)
79 661
fi=(297)
2029 661
fi=(309)
78 661
fi=(297)
2029 661
fi=(174)
2457 1322
fi=(297)
2029 661
fi=(309)
78 661
fi=(297)
2029 661
fi=(309)
79 661
fi=(174)
2457 661
fi=(297)
2029 2644
fi=(309)
323 1983
fe=(308)
702 1983
-8 2109
fi=(309)
203 1406
+1 1406
+1 1406
+1 703
fi=(281)
84 7030
fi=(309)
306 2812
cfn=(1298)
calls=903 -50 
* 42830 4226 98
fe=(308)
+57 3515
cfi=(309)
cfn=(1298)
calls=903 256 
* 35399 4595 5
fi=(309)
-49 2109
-2 1406
+4 1406
fi=(174)
2457 1406
fi=(297)
2029 703
fi=(174)
2457 703
fi=(309)
78 703
fi=(297)
2029 703
fi=(309)
79 703
fi=(297)
2029 703
fi=(174)
2457 1406
fi=(297)
2029 703
fi=(309)
79 703
fi=(297)
2029 1406
fi=(309)
78 703
318 703
+2 703
fi=(174)
2457 1406
fi=(297)
2029 703
fi=(309)
78 703
fi=(297)
2029 1406
fi=(309)
79 703
fi=(174)
2457 703
fi=(297)
2029 703
fi=(174)
2457 703
fi=(309)
79 703
fi=(297)
2029 703
fi=(309)
78 703
fi=(297)
2029 703
fi=(174)
2457 1406
fi=(297)
2029 703
fi=(309)
78 703
fi=(297)
2029 1406
fi=(309)
79 703
fi=(174)
2457 703
fi=(297)
2029 703
fi=(174)
2457 703
fi=(309)
79 703
fi=(297)
2029 703
fi=(309)
78 703
fi=(297)
2029 703
fi=(174)
2457 1406
fi=(297)
2029 703
fi=(309)
78 703
fi=(297)
2029 703
fi=(309)
79 703
fi=(174)
2457 703
fi=(297)
2029 2812
fi=(309)
323 2109
fe=(308)
702 2109
-8 2315
fi=(309)
203 926
+1 926
+1 926
+1 463
fi=(281)
84 4167
fi=(174)
3928 1389
fi=(309)
233 1389
cfn=(1298)
calls=463 +23 
* 25928 2778 25
fi=(174)
3928 926
fi=(309)
233 1389
cfn=(1298)
calls=463 +23 
* 25928 2778 10
+81 1389
-2 926
+4 926
fi=(174)
2457 926
fi=(297)
2029 463
fi=(174)
2457 463
fi=(309)
78 463
fi=(297)
2029 463
fi=(309)
79 463
fi=(297)
2029 463
fi=(174)
2457 926
fi=(297)
2029 463
fi=(309)
79 463
fi=(297)
2029 926
fi=(309)
78 463
318 463
+2 463
fi=(174)
2457 926
fi=(297)
2029 463
fi=(309)
78 463
fi=(297)
2029 926
fi=(309)
79 463
fi=(174)
2457 463
fi=(297)
2029 463
fi=(174)
2457 463
fi=(309)
79 463
fi=(297)
2029 463
fi=(309)
78 463
fi=(297)
2029 463
fi=(174)
2457 926
fi=(297)
2029 463
fi=(309)
78 463
fi=(297)
2029 926
fi=(309)
79 463
fi=(174)
2457 463
fi=(297)
2029 463
fi=(174)
2457 463
fi=(309)
79 463
fi=(297)
2029 463
fi=(309)
78 463
fi=(297)
2029 463
fi=(174)
2457 926
fi=(297)
2029 463
fi=(309)
78 463
fi=(297)
2029 463
fi=(309)
79 463
fi=(174)
2457 463
fi=(297)
2029 1852
fi=(309)
323 1389
fe=(308)
702 1852
-8 1800
fi=(309)
203 1200
+1 1200
+1 1200
+1 600
fi=(281)
84 6000
fi=(309)
306 2400
cfn=(1298)
calls=800 -50 
* 23000 3100 153
fe=(308)
+57 3000
cfi=(309)
cfn=(1298)
calls=800 256 
* 21000 3000 2
fi=(309)
-49 1800
-2 1200
+4 1200
fi=(174)
2457 1200
fi=(297)
2029 600
fi=(174)
2457 600
fi=(309)
78 600
fi=(297)
2029 600
fi=(309)
79 600
fi=(297)
2029 600
fi=(174)
2457 1200
fi=(297)
2029 600
fi=(309)
79 600
fi=(297)
2029 1200
fi=(309)
78 600
318 600
+2 600
fi=(174)
2457 1200
fi=(297)
2029 600
fi=(309)
78 600
fi=(297)
2029 1200
fi=(309)
79 600
fi=(174)
2457 600
fi=(297)
2029 600
fi=(174)
2457 600
fi=(309)
79 600
fi=(297)
2029 600
fi=(309)
78 600
fi=(297)
2029 600
fi=(174)
2457 1200
fi=(297)
2029 600
fi=(309)
78 600
fi=(297)
2029 1200
fi=(309)
79 600
fi=(174)
2457 600
fi=(297)
2029 600
fi=(174)
2457 600
fi=(309)
79 600
fi=(297)
2029 600
fi=(309)
78 600
fi=(297)
2029 600
fi=(174)
2457 1200
fi=(297)
2029 600
fi=(309)
78 600
fi=(297)
2029 600
fi=(309)
79 600
fi=(174)
2457 600
fi=(297)
2029 2400
fi=(309)
323 1800
fe=(308)
702 1800
-8 1620
fi=(309)
203 1080
+1 1080
+1 1080
+1 540
fi=(281)
84 5400
fi=(309)
306 2160
cfn=(1298)
calls=4261 -50 
* 29094 3132 200
fe=(308)
+57 2700
cfi=(309)
cfn=(1298)
calls=4261 256 
* 24580 3268
fi=(309)
-49 1620
-2 1080
+4 1080
fi=(174)
2457 1080
fi=(297)
2029 540
fi=(174)
2457 540
fi=(309)
78 540
fi=(297)
2029 540
fi=(309)
79 540
fi=(297)
2029 540
fi=(174)
2457 1080
fi=(297)
2029 540
fi=(309)
79 540
fi=(297)
2029 1080
fi=(309)
78 540
318 540
+2 540
fi=(174)
2457 1080
fi=(297)
2029 540
fi=(309)
78 540
fi=(297)
2029 1080
fi=(309)
79 540
fi=(174)
2457 540
fi=(297)
2029 540
fi=(174)
2457 540
fi=(309)
79 540
fi=(297)
2029 540
fi=(309)
78 540
fi=(297)
2029 540
fi=(174)
2457 1080
fi=(297)
2029 540
fi=(309)
78 540
fi=(297)
2029 1080
fi=(309)
79 540
fi=(174)
2457 540
fi=(297)
2029 540
fi=(174)
2457 540
fi=(309)
79 540
fi=(297)
2029 540
fi=(309)
78 540
fi=(297)
2029 540
fi=(174)
2457 1080
fi=(297)
2029 540
fi=(309)
78 540
fi=(297)
2029 540
fi=(309)
79 540
fi=(174)
2457 540
fi=(297)
2029 2160
fi=(309)
323 1620
fe=(308)
702 1620

fl=(441)
fn=(5248) litchi_pptx::parts::presentation::append_slide_reference
415 1600
fi=(253)
2997 200
fe=(441)
424 400 200
0 1800
431 1000 0 0 200
cfi=(447)
cfn=(5250)
calls=300 120 
* 272556 39564 2207 3600 414
fi=(244)
2173 200
0 600
2173 400 200
0 200
fi=(265)
1367 600 200
fi=(293)
0 200
fi=(433)
122 200
fi=(444)
-79 1200 0 0 200 1
cfi=(448)
cfn=(5282)
calls=300 -16 
* 344006 52731 4104 5000 227
fi=(244)
2173 200
0 600
2173 400 200
0 200
fi=(265)
1367 400 200
fe=(441)
433 2200
fi=(266)
1716 800 400
0 200
1723 1800
1522 200 200
1754 400 200
+2 200
fi=(288)
408 200
+15 200
fi=(266)
1736 200 200
+18 400 200
+2 200
fi=(288)
408 200
+15 200
fi=(266)
1736 200 200
+19 200
+2 200
-3 400 200 200
+2 200
fi=(288)
408 200
+15 200
fi=(266)
1736 200 200
+19 200
+2 200
-3 400 200
+42 200
fi=(244)
966 400 200
0 200
fi=(321) /rustc/59807616e1fa2540724bfbac14d7976d7e4a3860/library/core/src/ops/range.rs
873 400 200
0 200
fi=(304)
980 400 200 12
fe=(441)
0 400
fi=(449)
1093 400
cfi=(310)
cfn=(1498)
calls=300 1841 
* 34416 2231 59
* 200
fe=(441)
447 400 200 7
fi=(304)
980 400 200 13
0 400
fe=(441)
456 200 0 0 200 1
cfi=(260)
cfn=(1198)
calls=300 2351 
* 40946 6807 467 400 1
0 200
fi=(449)
1093 400
cfi=(310)
cfn=(1498)
calls=300 1841 
* 51120 3333 104 14 13
fe=(441)
456 400 200 90
fi=(293)
0 200
fe=(441)
461 200 0 0 200 1
cfi=(299)
cfn=(4988)
calls=300 660 
* 400
fi=(313)
1002 1000
cfi=(310)
cfn=(5326)
calls=300 1309 
* 50752 3721 173 204
fe=(441)
461 400 200
+1 400 200
fi=(252)
350 600
cfn=(4432)
calls=300 682 
* 6668 1069 157 22 4
fi=(244)
966 600 200 3
fe=(441)
486 1000
-2 400
fi=(253)
992 400
cfn=(5348)
calls=300 +31 
* 4200 200 6
fe=(441)
488 200
fi=(252)
632 600 200
fi=(243)
48 1600 0 0 200
cob=(2)
cfi=(155)
cfn=(762)
calls=300 3319 
* 6715 1218 68
fi=(293)
-48 200
fe=(441)
464 400 0 0 200 1
cfi=(300)
cfn=(5070)
calls=300 205 
* 1017263 198008 8591 7000 5
fi=(244)
2173 200
0 400
2173 200
0 400
2173 400 200 77
0 200
fe=(441)
465 400
cfi=(296)
cfn=(5336)
calls=300 591 
* 46000 6039 422 400
0 200
fi=(304)
980 400 200 12
0 400
fi=(449)
1093 200
cfi=(310)
cfn=(1498)
calls=300 1841 
* 68821 4418 79 9 8
fe=(441)
472 400 200 162
fi=(252)
632 400 200
fi=(243)
48 400 0 0 200
cob=(2)
cfi=(155)
cfn=(762)
calls=300 3319 
* 14765 2478 226
* 200
-48 12
fi=(310)
1155 12
fi=(304)
983 36 0 0 12 12
cfn=(1312)
calls=18 +16 
* 37206 2278 80 34 15
0 12
fi=(244)
966 48 12 1
fi=(310)
1155 12
fi=(304)
983 48 0 0 12 1
cfn=(1312)
calls=18 +16 
* 49674 3565 178 34 3
0 12
fi=(244)
966 24 12 8
fi=(252)
0 12
fi=(310)
1155 12
fi=(304)
983 36 0 0 12 12
cfn=(1312)
calls=18 +16 
* 66767 4546 204 34
0 12
fi=(244)
966 24 12 10
fe=(441)

fn=(5192)
119 16
+1 4
fi=(339)
414 6 0 0 2 1
cfi=(336)
cfn=(5096)
calls=3 -75 
* 20 0 0 2 1
* 4 2 2
0 2
fi=(442)
1681 4 0 0 2 1
cfi=(336)
cfn=(5096)
calls=3 339 
* 20 0 0 2
* 6 0 0 2 1
cfn=(5104)
calls=3 -10 
* 2632 290 25 32 2
fi=(244)
2173 2
0 2
2173 2
0 4
2173 4 2
fi=(362)
780 28
fi=(433)
59 2 0 0 2 1
cfi=(375)
cfn=(4032)
calls=3 571 
* 2717 410 48 14 3
-2 42
fi=(253)
464 6
fi=(302)
105 2
fi=(411)
-46 14 2 1
fi=(303)
555 4
0 2
fi=(174)
2457 2
fi=(471)
1247 12
fi=(174)
2457 2
fi=(471)
1247 8
fi=(174)
2457 2
fi=(175)
902 2
fi=(471)
1247 24
0 2
fi=(433)
74 690 230 6
fi=(375)
763 218
fi=(174)
2345 436
fi=(375)
806 218
fi=(252)
612 218
fi=(253)
1815 218
fi=(239)
961 872
0 218
fi=(180)
1720 218
fi=(271)
25 218 218 2
fi=(180)
1720 6
fi=(271)
25 6 6
407 448
fi=(375)
808 224
fi=(180)
583 224
fi=(271)
407 224 224 7
fi=(270)
219 1090 218 3
fi=(375)
816 2
fi=(253)
1773 4 2
0 4
fi=(433)
76 2
-7 6
cfi=(362)
cfn=(5130)
calls=3 978 
* 160 12 3 4
+7 216
-7 648
cfi=(362)
cfn=(5130)
calls=324 978 
* 137319 15172 675 1907 210
* 36
cfi=(362)
cfn=(5130)
calls=18 978 
* 8341 1040 66 107 6
+1 920
cfn=(5142)
calls=345 +10 
* 123740 19578 1783 1950 24
fi=(244)
2173 460
0 460
2173 460
0 920
2173 460 230
fi=(433)
583 1380
+1 920 0 0 230 1
cfi=(375)
cfn=(4058)
calls=345 933 
* 39366 5384 169 678 16
fi=(244)
2174 2300
fe=(441)
131 690
+1 690 230
0 230
132 690 0 0 230 26
fi=(271)
0 210
fe=(441)
197 840
fi=(263)
350 420
fi=(379)
218 210
fi=(270)
438 420 210
fi=(262)
863 210
fi=(173)
3890 420
fi=(356)
153 840 0 0 210
cfn=(2284)
calls=315 -75 
* 8604 1256 5
0 420
fi=(265)
2766 420 210 2
fi=(262)
619 420
fi=(270)
-46 420
89 420
fi=(264)
-69 420 210 2
fi=(444)
-20 210
fi=(173)
3890 420
fi=(356)
153 840 0 0 210 1
cfn=(2284)
calls=315 -75 
* 8604 1256 9
0 420
fi=(265)
2766 420 210
fi=(262)
619 420
fi=(270)
-46 420
89 420
fi=(264)
-69 420 210 2
fi=(444)
-20 210
fi=(173)
3890 420
fi=(356)
153 840 0 0 210 1
cfn=(2284)
calls=315 -75 
* 8604 1256 2
fi=(265)
2766 420 210 2
fi=(262)
619 420
fi=(270)
-46 420
89 210
fi=(264)
-69 630 210 204
-20 16
fe=(441)
213 16 8 2
+41 24
fi=(262)
863 8
fi=(173)
3890 16
fi=(356)
153 32 0 0 8 1
cfn=(2284)
calls=12 -75 
* 316 40 6
0 16
fi=(265)
2766 16 8 4
fi=(262)
619 16
fi=(270)
-46 16
89 16
fi=(264)
-69 16 8 6
154 4
fi=(444)
22 2 2 2
fi=(173)
3890 12
fi=(356)
153 24 0 0 6
cfn=(2284)
calls=9 -75 
* 234 28
fi=(265)
2766 12 6 2
fi=(262)
619 12
fi=(270)
-46 12
89 12
fi=(264)
-69 12 6 2
-20 6
20 6
-20 8
fe=(441)
133 32
fi=(263)
350 16
fi=(379)
218 8
fi=(270)
438 16 8
fi=(262)
863 8
fi=(173)
3890 16
fi=(356)
153 32 0 0 8 2
cfn=(2284)
calls=12 -75 
* 316 40 7
0 16
fi=(265)
2766 16 8
fi=(262)
619 16
fi=(270)
-46 16
89 16
fi=(264)
-69 16 8 3
-20 2
154 10
fi=(444)
22 2 2 1
-22 6
fi=(173)
3890 12
fi=(356)
153 24 0 0 6
cfn=(2284)
calls=9 -75 
* 234 28 1
fi=(173)
3890 4
fi=(356)
153 8 0 0 2
cfn=(2284)
calls=3 -75 
* 82 12 2
0 16
fi=(265)
2766 16 8 2
fi=(262)
619 16
fi=(270)
-46 16
89 16
fi=(264)
-69 16 8 4
154 4
fi=(444)
22 2 2 2
-22 6
fi=(173)
3890 12
fi=(356)
153 24 0 0 6 1
cfn=(2284)
calls=9 -75 
* 234 28 5
fi=(173)
3890 4
fi=(356)
153 8 0 0 2
cfn=(2284)
calls=3 -75 
* 82 12 1
fi=(265)
2766 16 8
fi=(262)
619 16
fi=(270)
-46 16
89 8
fi=(264)
-69 24 8
-20 16
fe=(441)
149 18 8 2
fi=(233)
805 6 2
0 2
805 10 2 0 2
fi=(264)
0 202
154 1212
fi=(444)
22 202 202 2
-22 2
fe=(441)
213 4 2
+10 420 210 5
-64 12 6
+1 4 2
+8 4 2
+3 6
cfn=(5236) litchi_pptx::parts::presentation::reject_slide_id_list_attributes
calls=3 402 
* 320 20 10 4 1
fi=(244)
2173 4 2
0 22
fi=(174)
923 16 8 2
fi=(233)
805 32 8 1
fi=(174)
927 16
fi=(233)
805 24 8 3
0 8
fi=(444)
25 20 4 2
fi=(264)
-5 8 4 2
154 8
fi=(444)
25 20 4
fi=(264)
-5 8 4
154 8
fi=(444)
25 20 4 1
fi=(264)
-5 8 4 1
154 8
fi=(444)
25 2000 400
fi=(264)
-5 800 400
154 802 0 0 2 1
cob=(2)
cfi=(290)
cfn=(1082)
calls=3 -81 
* 34 8
* 2
fe=(441)
255 2 2
fi=(265)
2427 4 2 1
0 2
2427 4 2
0 8
fi=(264)
154 2 0 0 2 2
cob=(2)
cfi=(290)
cfn=(1082)
calls=3 -81 
* 34 8
* 2
fi=(444)
0 4
fi=(369) /rustc/59807616e1fa2540724bfbac14d7976d7e4a3860/library/core/src/array/equality.rs
157 2
fi=(264)
-3 2 0 0 2
cob=(2)
cfi=(290)
cfn=(1082)
calls=3 -81 
* 34 8
* 2
fi=(444)
0 4
fi=(264)
154 200 0 0 200
cob=(2)
cfi=(290)
cfn=(1082)
calls=300 -81 
* 3400 800 200
* 200
fi=(444)
0 200
fe=(441)
213 400 200
0 840
233 420 210 5
fi=(265)
2427 600 200
fe=(441)
239 2600
cfn=(5248)
calls=300 415 
* 2151187 338042 17720 18187 719
* 200
fi=(244)
2173 400 200
0 600
fi=(265)
2427 20 10
fi=(233)
805 420 210 202
fi=(243)
0 420
fi=(174)
769 2
fi=(297)
457 2 2
fe=(441)
153 4 2
+6 6 2
0 10
173 4 2 1
0 16
173 8 4
fi=(265)
2427 12 6
fi=(174)
769 6
fi=(297)
457 6 6 1
fi=(233)
805 16 8 4
fi=(243)
0 218
fi=(233)
805 660 220 203
fe=(441)
305 18
fi=(233)
805 6 2
fi=(243)
0 2
fe=(441)
299 16 2 2
+5 14
+1 2
cfi=(233)
cfn=(4384)
calls=3 805 
* 30082 4970 60 202 1
* 4
cfi=(233)
cfn=(4384)
calls=3 805 
* 34904 5771 108 202
* 6
cfi=(304)
cfn=(5360)
calls=3 2312 
* 84 16 5 2
* 4
cfi=(233)
cfn=(4250) core::ptr::drop_in_place<quick_xml::reader::ns_reader::NsReader<&[u8]>>
calls=3 805 
* 807 138 19 8 3
* 2
fi=(233)
805 8 2 2
fe=(441)

fn=(5236)
402 18
fi=(263)
0 2
fi=(379)
288 2
fe=(441)
403 28
0 2
403 6
cfi=(434)
cfn=(5238) <litchi_opc::xml_attributes::CheckedAttributes as core::iter::traits::iterator::Iterator>::next
calls=3 227 
* 184 12 6 4 1
* 6 2 2
fi=(252)
632 4 2 1
fi=(233)
805 12 2 1
cfn=(5242)
calls=3 * 
* 34 2
* 2
fe=(441)
412 4
+1 16

fn=(5092)
62 10
+1 3 0 0 1
cfi=(252)
cfn=(4936)
calls=4 612 
* 3
fi=(264)
-43 3 1
-20 1
20 3 0 0 1
154 4 0 0 1
cob=(2)
cfi=(290)
cfn=(1082)
calls=4 -81 
* 29 7 1
* 1
fe=(441)
-91 1 1
-63 1
fi=(339)
414 3 0 0 1
cfi=(336)
cfn=(5096)
calls=4 -75 
* 10 0 0 1 1
* 2 1 1
0 1
fi=(442)
1681 2 0 0 1 1
cfi=(336)
cfn=(5096)
calls=4 339 
* 10 0 0 1
* 3 0 0 1
cfn=(5104)
calls=4 -10 
* 1316 145 19 16 1
fi=(244)
2173 1
0 1
2173 1
0 2
2173 2 1 1
0 4
fi=(362)
780 14
fi=(433)
59 1 0 0 1
cfi=(375)
cfn=(4032)
calls=4 571 
* 1188 166 15 6 1
-2 26
+17 6 2
-5 6
cfi=(362)
cfn=(5130)
calls=8 978 
* 1499 172 18 21 3
+1 8
cfn=(5142)
calls=8 +10 
* 3709 771 46 28 7
fi=(244)
2173 4
0 4
2173 2
0 8
2173 4 2
fi=(433)
583 12
+1 8 0 0 2
cfi=(375)
cfn=(4058)
calls=8 933 
* 205 25 3 3
0 2
fi=(244)
2174 22
fe=(441)
81 6
+1 6 2 1
-82 2
82 6 0 0 2 2
fi=(233)
805 5 2
fe=(441)
101 9
fi=(233)
805 3 1
fi=(252)
632 2 1
fi=(233)
805 1
fi=(243)
48 1 0 0 1
cob=(2)
cfi=(155)
cfn=(762)
calls=4 3319 
* 33 6 1
fi=(252)
632 2 1
fi=(233)
805 1
fi=(243)
48 1 0 0 1
cob=(2)
cfi=(155)
cfn=(762)
calls=4 3319 
* 33 6
fi=(252)
632 2 1
fi=(233)
805 1
fi=(243)
48 1 0 0 1 1
cob=(2)
cfi=(155)
cfn=(762)
calls=4 3319 
* 33 6
fi=(252)
632 2 1
fi=(233)
805 1
fi=(243)
48 1 0 0 1 1
cob=(2)
cfi=(155)
cfn=(762)
calls=4 3319 
* 148 24 2
-48 1
fi=(233)
805 3 1 1
fi=(298)
0 1
fi=(263)
350 1
fi=(379)
218 1
fi=(270)
438 2 1 1
fi=(263)
-88 1
fi=(262)
863 1
fi=(173)
3890 2
fi=(356)
153 3 0 0 1
cfn=(2284)
calls=4 -75 
* 41 6 3
* 1
fi=(265)
2766 3 1 1
fi=(262)
619 2
fi=(270)
-46 2
89 2
-89 1
fi=(264)
20 2 1
-20 1
154 4
fi=(444)
22 1 1 1
fi=(264)
-22 1
fi=(444)
25 8 2 1
fi=(264)
-5 4 2
154 3
0 1
154 1 0 0 1
cob=(2)
cfi=(290)
cfn=(1082)
calls=4 -81 
* 17 4 1
* 2
fe=(441)
-70 1 1 1
-84 2
83 1
+7 4
fi=(233)
805 3 1 1
fe=(441)
100 7 2 1

fl=(470)
fn=(5992)
473 3
fi=(302)
105 3
fi=(411)
-46 6 3
fi=(303)
555 6
fi=(174)
2457 6
fi=(175)
902 3
fe=(470)
481 6

fl=(249) /rustc/59807616e1fa2540724bfbac14d7976d7e4a3860/library/std/src/sys/backtrace.rs
fn=(862) std::sys::backtrace::__rust_begin_short_backtrace
fi=(323)
cfi=(250) /home/zhuhe/code/litchi/docs/performance/results/change-0795/probe-src/src/main.rs
cfn=(864) namespace_uri_probe::main
calls=0 242 
250 549351049 45296412 2955275 5586916 230149
fe=(249)

fl=(285)
fn=(1040) <&str as core::str::pattern::Pattern>::is_contained_in
987 5030
+5 1006 503
0 503
1800 503
+1 503
+3 1006 503
+17 1006 503
fi=(286) /rustc/59807616e1fa2540724bfbac14d7976d7e4a3860/library/core/src/../../portable-simd/crates/core_simd/src/vector.rs
153 2515
fe=(285)
1826 1509
fi=(286)
153 2515
fi=(270)
-64 503
fe=(285)
1833 3018
+45 2012 503 1
0 1006
1891 3018 1006 1
+2 1006
0 503
fi=(233)
547 1006
fi=(488) /rustc/59807616e1fa2540724bfbac14d7976d7e4a3860/library/core/src/../../portable-simd/crates/core_simd/src/simd/cmp/eq.rs
31 1006
fi=(489) /rustc/59807616e1fa2540724bfbac14d7976d7e4a3860/library/core/src/../../portable-simd/crates/core_simd/src/masks.rs
481 503
314 503
fe=(285)
1893 1006 503
fi=(233)
547 2
fi=(488)
31 2
fi=(489)
481 1
314 1
fe=(285)
1893 2 1 1
0 504
1891 1512 504 1
0 1
1891 2 1 1
+12 503
fi=(262)
863 1006
fi=(233)
547 1006
fi=(488)
31 1006
fi=(489)
481 503
314 503
fe=(285)
1905 1006 503 1
1013 4527
-26 40
+5 10 5 2
0 5
1821 10 5 2
fi=(286)
153 55
fe=(285)
1833 20
+45 20 5 4
fi=(264)
0 10
fe=(285)
1891 25 10 1
0 10
fi=(233)
547 10
fi=(488)
31 10
fi=(489)
481 5
314 5
fe=(285)
1893 10 5
fi=(233)
547 4
fi=(488)
31 4
fi=(489)
481 2
314 2
fe=(285)
1893 4 2
0 7
1891 21 7 4
0 2
1891 4 2
fi=(233)
547 10
fi=(488)
31 10
fi=(489)
481 5
314 5
fe=(285)
1905 10 5 2
1013 45

fn=(1074)
432 88080
fi=(174)
923 29360 7340
0 14680
fe=(285)
438 29360 7340 512
0 36700
fi=(274)
27 51380
fi=(174)
927 14680
fi=(270)
89 7340
fi=(274)
-62 14680 7340 1870
+12 3006 1503
-39 3006
40 32820 16410
+4 16410
-5 34323 16410 1705
fi=(233)
2292 11674
fi=(274)
71 11674 5837 247
-71 8442
91 2814
-91 5628
89 2814
-70 11256
+71 2814
-71 8442
+72 11256 2814 403
-91 19
91 19
-91 38
89 19
-70 76
+71 19
-71 57
+72 76 19
+4 802
-14 2406 802 1
-81 6046
40 21174 10587 7
+4 9077
-5 18154 9077 1518
-39 1513
81 3026 1513 23
-81 2988
39 7470 1494
-39 2833
39 14165 2833
-39 4327
40 25382 12691 1014
-1 28324 9172 1211
fe=(285)
457 15087
+1 35203 5029
0 5029
fi=(270)
89 10058
fi=(264)
+65 25145 0 0 5029 2
cob=(2)
cfi=(290)
cfn=(1082)
calls=27603 -81 
* 50290 15087
* 30174
fe=(285)
461 5029 5029
+1 20116
+6 2311
0 4622
472 18488
0 5029
472 40232
-40 456
fi=(174)
923 152 38 1
0 76
fe=(285)
438 152 38 4
0 190
fi=(274)
27 266
fi=(174)
927 76
fi=(270)
89 38
fi=(274)
-62 76 38 6
+12 8 4
-39 8
40 80 40
+4 40
-5 84 40 8
fi=(233)
2292 68
fi=(274)
71 68 34
-71 30
91 10
-91 20
89 10
-70 40
+71 10
-71 30
+72 40 10
-91 4
91 4
-91 8
89 4
-70 16
+71 4
-71 12
+72 16 4
-91 48
40 188 94 10
+4 84
-5 168 84 16
-39 14
81 28 14 4
-81 20
39 50 10
-39 14
39 70 14
-39 24
40 256 128 11
-1 336 110 6
fe=(285)
457 84
+1 196 28
0 28
fi=(270)
89 56
fi=(264)
+65 140 0 0 28 1
cob=(2)
cfi=(290)
cfn=(1082)
calls=746 -81 
* 280 84
* 168
fe=(285)
461 28 28
+1 112
+6 10
0 20
472 80
0 28
472 224

fn=(1220) <core::str::pattern::CharSearcher as core::str::pattern::ReverseSearcher>::next_match_back
499 816
+1 306
fi=(174)
923 612 102
0 1530 102
927 204
fe=(285)
507 408 0 0 102 1
cfi=(274)
cfn=(1224)
calls=9542 111 
* 17235 4080 212
* 204 102
+3 102
+8 408 102 2
+2 510
fi=(174)
923 204 102
0 102
fi=(270)
89 408
fi=(264)
+65 102 0 0 102 102
cob=(2)
cfi=(290)
cfn=(1082)
calls=9540 -81 
* 1020 306
* 306
fe=(285)
521 102 102
+2 204
+1 510
0 306
546 816

fl=(344)
fn=(1858)
21 9
+9 2 1 1
fi=(320)
319 2 1
+10 3
+1 1
+3 10
0 1
339 4 2
0 2
401 4
fi=(252)
612 2
fi=(253)
1815 2
fi=(252)
612 4
fi=(253)
1815 2
fi=(264)
317 8
+8 2 0 0 2
cob=(2)
cfi=(290)
cfn=(1082)
calls=2 73 
* 44 8
* 2
+1 4
fi=(236)
+71 2
fi=(233)
1717 6
638 4
-91 2
fi=(320)
401 4
fi=(252)
612 2
fi=(253)
1815 2
fi=(252)
612 2
fi=(253)
1815 2
fi=(264)
317 6
+8 2 0 0 2
cob=(2)
cfi=(290)
cfn=(1082)
calls=2 73 
* 44 8
* 2
+1 4
fi=(236)
+71 2
fi=(233)
1717 6
638 6
-91 2
fi=(320)
401 4
fi=(252)
612 2
fi=(253)
1815 2
fi=(252)
612 2
fi=(253)
1815 2
fi=(264)
317 6
+8 2 0 0 2
cob=(2)
cfi=(290)
cfn=(1082)
calls=2 73 
* 44 8
* 2
+1 4
fi=(236)
+71 2
fi=(233)
1717 6
638 6
-91 2
fi=(320)
401 4
fi=(252)
612 2
fi=(253)
1815 2
fi=(252)
612 2
fi=(253)
1815 2
fi=(264)
317 8
+8 2 0 0 2
cob=(2)
cfi=(290)
cfn=(1082)
calls=2 73 
* 44 8
* 2
+1 4
fi=(236)
+71 2
fi=(233)
1717 6
638 6
-91 2
fi=(320)
401 4
fi=(252)
612 2
fi=(253)
1815 2
fi=(252)
612 2
fi=(253)
1815 2
fi=(264)
317 6
+8 2 0 0 2
cob=(2)
cfi=(290)
cfn=(1082)
calls=2 73 
* 44 8
* 2
+1 4
fi=(236)
+71 2
fi=(233)
1717 4
638 6
-91 2
fi=(320)
401 4
fi=(252)
612 2
fi=(253)
1815 2
fi=(252)
612 2
fi=(253)
1815 2
fi=(264)
317 6
+8 2 0 0 2
cob=(2)
cfi=(290)
cfn=(1082)
calls=2 73 
* 44 8
* 2
+1 4
fi=(236)
+71 2
fi=(233)
1717 4
638 4
-91 2
fi=(252)
+65 2
fi=(253)
1815 4
fi=(252)
612 2
fi=(253)
1815 2
fi=(264)
317 6
+8 2 0 0 2
cob=(2)
cfi=(290)
cfn=(1082)
calls=2 73 
* 44 8
* 2
+1 4
fi=(236)
+71 2
fi=(233)
1717 6
638 4
-91 4
fi=(252)
+65 2
fi=(253)
1815 4
fi=(252)
612 2
fi=(253)
1815 2
fi=(264)
317 6
+8 2 0 0 2
cob=(2)
cfi=(290)
cfn=(1082)
calls=2 73 
* 41 8 1
* 2
+1 4
fi=(236)
+71 4
fi=(233)
1717 6
638 6
-91 2
fi=(320)
401 2
fi=(252)
612 2
fi=(253)
1815 2
fi=(252)
612 2
fi=(253)
1815 2
fi=(264)
317 6
+8 2 0 0 2
cob=(2)
cfi=(290)
cfn=(1082)
calls=2 73 
* 44 8
* 2
+1 4
fi=(236)
+71 2
fi=(233)
1717 6
638 4
-91 4
fi=(252)
+65 2
fi=(253)
1815 4
fi=(252)
612 2
fi=(253)
1815 2
fi=(264)
317 6
+8 2 0 0 2
cob=(2)
cfi=(290)
cfn=(1082)
calls=2 73 
* 44 8
* 2
+1 4
fi=(236)
+71 2
fi=(233)
1717 8
638 6
-91 4
fi=(252)
+65 2
fi=(253)
1815 2
fi=(252)
612 2
fi=(253)
1815 2
fi=(264)
317 6
+8 2 0 0 2
cob=(2)
cfi=(290)
cfn=(1082)
calls=2 73 
* 44 8
* 2
+1 4
fi=(236)
+71 2
fi=(233)
1717 4
638 4
-91 2
fi=(320)
401 2
fi=(252)
612 2
fi=(253)
1815 2
fi=(252)
612 2
fi=(253)
1815 2
fi=(264)
317 6
+8 2 0 0 2
cob=(2)
cfi=(290)
cfn=(1082)
calls=2 73 
* 44 8
* 2
+1 4
fi=(236)
+71 2
fi=(233)
1717 6
638 4
-91 2
fi=(320)
401 6
fi=(252)
612 2
fi=(253)
1815 2
fi=(252)
612 2
fi=(253)
1815 2
fi=(264)
317 6
+8 2 0 0 2
cob=(2)
cfi=(290)
cfn=(1082)
calls=2 73 
* 41 8 1
* 2
+1 4
fi=(236)
+71 2
fi=(233)
1717 6
638 4
-91 4
fi=(252)
+65 2
fi=(253)
1815 4
fi=(252)
612 2
fi=(253)
1815 2
fi=(264)
317 6
+8 2 0 0 2
cob=(2)
cfi=(290)
cfn=(1082)
calls=2 73 
* 44 8
* 2
+1 4
fi=(236)
+71 2
fi=(233)
1717 4
638 4
-91 2
fi=(252)
+65 2
fi=(253)
1815 4
fi=(252)
612 2
fi=(253)
1815 2
fi=(264)
317 6
+8 2 0 0 2
cob=(2)
cfi=(290)
cfn=(1082)
calls=2 73 
* 44 8
* 2
+1 4
fi=(236)
+71 2
fi=(233)
1717 6
638 4
-91 2
fi=(252)
+65 2
fi=(253)
1815 4
fi=(252)
612 2
fi=(253)
1815 2
fi=(264)
317 6
+8 2 0 0 2
cob=(2)
cfi=(290)
cfn=(1082)
calls=2 73 
* 44 8
* 2
+1 4
fi=(236)
+71 2
fi=(233)
1717 6
638 6
-91 4
fi=(252)
+65 2
fi=(253)
1815 4
fi=(252)
612 2
fi=(253)
1815 2
fi=(264)
317 6
+8 2 0 0 2
cob=(2)
cfi=(290)
cfn=(1082)
calls=2 73 
* 41 8 1
* 2
+1 4
fi=(236)
+71 2
fi=(233)
1717 4
638 4
-91 2
fi=(252)
+65 2
fi=(253)
1815 4
fi=(252)
612 2
fi=(253)
1815 2
fi=(264)
317 6
+8 2 0 0 2
cob=(2)
cfi=(290)
cfn=(1082)
calls=2 73 
* 44 8
* 2
+1 4
fi=(236)
+71 2
fi=(233)
1717 6
638 4
-91 2
fi=(320)
401 4
fi=(252)
612 2
fi=(253)
1815 2
fi=(252)
612 2
fi=(253)
1815 2
fi=(264)
317 6
+8 2 0 0 2
cob=(2)
cfi=(290)
cfn=(1082)
calls=2 73 
* 44 8
* 2
+1 4
fi=(236)
+71 4
fi=(233)
1717 6
638 6
-91 2
fi=(252)
+65 2
fi=(253)
1815 4
fi=(252)
612 2
fi=(253)
1815 2
fi=(264)
317 6
+8 2 0 0 2
cob=(2)
cfi=(290)
cfn=(1082)
calls=2 73 
* 44 8
* 2
+1 4
fi=(236)
+71 2
fi=(233)
1717 6
638 4
-91 2
fi=(252)
+65 2
fi=(253)
1815 4
fi=(252)
612 2
fi=(253)
1815 2
fi=(264)
317 6
+8 2 0 0 2
cob=(2)
cfi=(290)
cfn=(1082)
calls=2 73 
* 44 8
* 2
+1 4
fi=(236)
+71 2
fi=(233)
1717 4
638 6
-91 2
fi=(320)
401 2
fi=(252)
612 2
fi=(253)
1815 2
fi=(252)
612 2
fi=(253)
1815 2
fi=(264)
317 6
+8 2 0 0 2
cob=(2)
cfi=(290)
cfn=(1082)
calls=2 73 
* 44 8
* 2
+1 4
fi=(236)
+71 2
fi=(233)
1717 6
638 6
-91 2
fi=(320)
401 2
fi=(252)
612 2
fi=(253)
1815 2
fi=(252)
612 2
fi=(253)
1815 2
fi=(264)
317 6
+8 2 0 0 2
cob=(2)
cfi=(290)
cfn=(1082)
calls=2 73 
* 44 8
* 2
+1 4
fi=(236)
+71 2
fi=(233)
1717 6
638 6
-91 2
fi=(320)
401 4
fi=(252)
612 2
fi=(253)
1815 2
fi=(252)
612 2
fi=(253)
1815 2
fi=(264)
317 6
+8 2 0 0 2
cob=(2)
cfi=(290)
cfn=(1082)
calls=2 73 
* 44 8
* 2
+1 4
fi=(236)
+71 2
fi=(233)
1717 4
638 4
-91 4
fi=(252)
+65 2
fi=(253)
1815 4
fi=(252)
612 2
fi=(253)
1815 2
fi=(264)
317 6
+8 2 0 0 2
cob=(2)
cfi=(290)
cfn=(1082)
calls=2 73 
* 41 8 1
* 2
+1 4
fi=(236)
+71 4
fi=(233)
1717 6
638 6
-91 4
fi=(252)
+65 2
fi=(253)
1815 4
fi=(252)
612 2
fi=(253)
1815 2
fi=(264)
317 6
+8 2 0 0 2
cob=(2)
cfi=(290)
cfn=(1082)
calls=2 73 
* 44 8
* 2
+1 4
fi=(236)
+71 4
fi=(233)
1717 4
638 6
-91 2
fi=(320)
401 2
fi=(252)
612 2
fi=(253)
1815 4
fi=(252)
612 2
fi=(253)
1815 2
fi=(264)
317 6
+8 2 0 0 2
cob=(2)
cfi=(290)
cfn=(1082)
calls=2 73 
* 41 8 1
* 2
+1 4
fi=(236)
+71 2
fi=(233)
1717 6
638 4
-91 4
fi=(252)
+65 2
fi=(253)
1815 4
fi=(252)
612 2
fi=(253)
1815 2
fi=(264)
317 6
+8 2 0 0 2
cob=(2)
cfi=(290)
cfn=(1082)
calls=2 73 
* 44 8
* 2
+1 4
fi=(236)
+71 4
fi=(233)
1717 6
638 6
-91 4
fi=(252)
+65 2
fi=(253)
1815 4
fi=(252)
612 2
fi=(253)
1815 2
fi=(264)
317 6
+8 2 0 0 2
cob=(2)
cfi=(290)
cfn=(1082)
calls=2 73 
* 44 8
* 2
+1 4
fi=(236)
+71 2
fi=(233)
1717 6
638 6
-91 4
fi=(252)
+65 2
fi=(253)
1815 2
fi=(252)
612 2
fi=(253)
1815 2
fi=(264)
317 6
+8 2 0 0 2
cob=(2)
cfi=(290)
cfn=(1082)
calls=2 73 
* 44 8
* 2
+1 4
fi=(236)
+71 2
fi=(233)
1717 6
638 4
-91 4
fi=(252)
+65 2
fi=(253)
1815 2
fi=(252)
612 2
fi=(253)
1815 2
fi=(264)
317 6
+8 2 0 0 2
cob=(2)
cfi=(290)
cfn=(1082)
calls=2 73 
* 44 8
* 2
+1 4
fi=(236)
+71 2
fi=(233)
1717 4
638 6
-91 2
fi=(320)
401 2
fi=(252)
612 2
fi=(253)
1815 4
fi=(252)
612 2
fi=(253)
1815 2
fi=(264)
317 6
+8 2 0 0 2
cob=(2)
cfi=(290)
cfn=(1082)
calls=2 73 
* 44 8
* 2
+1 4
fi=(236)
+71 2
fi=(233)
1717 8
638 6
-91 2
fi=(320)
401 2
fi=(252)
612 2
fi=(253)
1815 4
fi=(252)
612 2
fi=(253)
1815 2
fi=(264)
317 6
+8 2 0 0 2
cob=(2)
cfi=(290)
cfn=(1082)
calls=2 73 
* 44 8
* 2
+1 4
fi=(236)
+71 2
fi=(233)
1717 4
638 4
-91 2
fi=(252)
+65 2
fi=(253)
1815 4
fi=(252)
612 2
fi=(253)
1815 2
fi=(264)
317 6
+8 2 0 0 2
cob=(2)
cfi=(290)
cfn=(1082)
calls=2 73 
* 44 8
* 2
+1 4
fi=(236)
+71 2
fi=(233)
1717 6
638 6
-91 4
fi=(252)
+65 2
fi=(253)
1815 4
fi=(252)
612 2
fi=(253)
1815 2
fi=(264)
317 6
+8 2 0 0 2
cob=(2)
cfi=(290)
cfn=(1082)
calls=2 73 
* 41 8 1
* 2
+1 4
fi=(236)
+71 2
fi=(233)
1717 4
638 4
-91 2
fi=(252)
+65 2
fi=(253)
1815 4
fi=(252)
612 2
fi=(253)
1815 2
fi=(264)
317 6
+8 2 0 0 2
cob=(2)
cfi=(290)
cfn=(1082)
calls=2 73 
* 44 8
* 2
+1 4
fi=(236)
+71 2
fi=(233)
1717 6
638 4
-91 2
fi=(252)
+65 2
fi=(253)
1815 4
fi=(252)
612 2
fi=(253)
1815 2
fi=(264)
317 6
+8 2 0 0 2
cob=(2)
cfi=(290)
cfn=(1082)
calls=2 73 
* 44 8
* 2
+1 4
fi=(236)
+71 2
fi=(233)
1717 6
638 4
-91 2
fi=(320)
401 2
fi=(252)
612 2
fi=(253)
1815 4
fi=(252)
612 2
fi=(253)
1815 2
fi=(264)
317 6
+8 2 0 0 2
cob=(2)
cfi=(290)
cfn=(1082)
calls=2 73 
* 44 8
* 2
+1 4
fi=(236)
+71 2
fi=(233)
1717 6
638 4
-91 4
fi=(252)
+65 2
fi=(253)
1815 4
fi=(252)
612 2
fi=(253)
1815 2
fi=(264)
317 6
+8 2 0 0 2
cob=(2)
cfi=(290)
cfn=(1082)
calls=2 73 
* 44 8
* 2
+1 4
fi=(236)
+71 2
fi=(233)
1717 6
638 6
-91 2
fi=(252)
+65 2
fi=(253)
1815 4
fi=(252)
612 2
fi=(253)
1815 2
fi=(264)
317 6
+8 2 0 0 2
cob=(2)
cfi=(290)
cfn=(1082)
calls=2 73 
* 44 8
* 2
+1 4
fi=(236)
+71 2
fi=(233)
1717 6
638 4
-91 2
fi=(252)
+65 2
fi=(253)
1815 4
fi=(252)
612 2
fi=(253)
1815 2
fi=(264)
317 6
+8 2 0 0 2
cob=(2)
cfi=(290)
cfn=(1082)
calls=2 73 
* 44 8
* 2
+1 4
fi=(236)
+71 2
fi=(233)
1717 6
638 4
-91 4
fi=(252)
+65 2
fi=(253)
1815 4
fi=(252)
612 2
fi=(253)
1815 2
fi=(264)
317 6
+8 2 0 0 2
cob=(2)
cfi=(290)
cfn=(1082)
calls=2 73 
* 44 8
* 2
+1 4
fi=(236)
+71 2
fi=(233)
1717 4
638 4
-91 2
fi=(320)
401 2
fi=(252)
612 2
fi=(253)
1815 2
fi=(252)
612 2
fi=(253)
1815 2
fi=(264)
317 6
+8 2 0 0 2
cob=(2)
cfi=(290)
cfn=(1082)
calls=2 73 
* 44 8
* 2
+1 4
fi=(236)
+71 4
fi=(233)
1717 4
638 4
-91 2
fi=(252)
+65 2
fi=(253)
1815 4
fi=(252)
612 2
fi=(253)
1815 2
fi=(264)
317 6
+8 2 0 0 2
cob=(2)
cfi=(290)
cfn=(1082)
calls=2 73 
* 44 8
* 2
+1 4
fi=(236)
+71 2
fi=(233)
1717 4
638 4
-91 2
fi=(252)
+65 2
fi=(253)
1815 4
fi=(252)
612 2
fi=(253)
1815 2
fi=(264)
317 6
+8 2 0 0 2
cob=(2)
cfi=(290)
cfn=(1082)
calls=2 73 
* 44 8
* 4
+1 4
fi=(236)
+71 2
fi=(233)
1717 4
638 4
-91 4
fi=(320)
339 2
fi=(233)
0 2
fi=(320)
586 2 2
+13 2 2 1
0 2
330 2
+21 2 2
0 4
355 9 2 1
0 1
fi=(239)
961 5
0 1
fi=(233)
547 3
fi=(239)
961 1
fi=(320)
599 3 1
-52 2
fi=(252)
+65 2
fi=(253)
1815 1
fi=(252)
612 1
fi=(253)
1815 1
fi=(264)
317 3
+8 2 0 0 1
cob=(2)
cfi=(290)
cfn=(1082)
calls=1 73 
* 22 4
* 1
+1 2
fi=(236)
+71 1
fi=(320)
547 1 1
0 5
fi=(233)
547 1
fi=(320)
+19 2 1
fi=(233)
-19 3
fi=(320)
+19 6 3
+6 4
fi=(252)
+40 4
fi=(253)
1815 4
fi=(264)
317 12
+8 8 0 0 4
cob=(2)
cfi=(290)
cfn=(1082)
calls=4 73 
* 88 16
* 4
+1 8
fi=(320)
572 4
fi=(236)
397 4
fi=(320)
572 6 4 1
0 3
fe=(344)
30 4 2
+7 4 2
fi=(346)
-9 6
fi=(262)
863 12
fi=(346)
34 6 2 1
+48 2
fi=(252)
612 3
fi=(253)
1815 1
fi=(252)
612 1
fi=(253)
1815 1
fi=(264)
317 6
+8 1 0 0 1
cob=(2)
cfi=(290)
cfn=(1082)
calls=1 73 
* 22 4
* 2
+1 3
fi=(346)
83 1
fi=(252)
612 2
fi=(253)
1815 1
fi=(264)
317 5
+8 2 0 0 1
cob=(2)
cfi=(290)
cfn=(1082)
calls=1 73 
* 22 4
* 1
+1 3
fi=(346)
84 5 1
-84 2
fi=(264)
317 5
+8 2 0 0 1
cob=(2)
cfi=(290)
cfn=(1082)
calls=1 73 
* 22 4
* 1
+1 2
fi=(346)
89 5
-52 4
cfn=(1876)
calls=1 +18 
* 527 52 7 11 2
* 2
fe=(344)
-37 1
fi=(262)
729 1
fe=(344)
50 5 1 1
-50 1
fi=(262)
729 1
fe=(344)
50 5 1 1
+1 2
fi=(252)
612 1
fi=(253)
1815 1
fi=(252)
612 1
fi=(253)
1815 2
fi=(264)
317 3
+8 1 0 0 1
cob=(2)
cfi=(290)
cfn=(1082)
calls=1 73 
* 22 4
* 1
+1 2
fi=(233)
547 1
fi=(236)
397 2
fe=(344)
51 1 1
fi=(233)
547 1
+91 3
0 1
638 1
-91 1
fi=(239)
961 2
fi=(233)
1717 2
fi=(239)
961 1
fe=(344)
0 3
312 4 1
fi=(233)
638 1
-91 1
fi=(239)
961 2
fi=(233)
1717 2
fi=(239)
961 1
fe=(344)
0 3
312 4 1
0 6
281 2
fi=(252)
612 2
fi=(253)
1815 2
fi=(264)
317 10
+8 2 0 0 2 1
cob=(2)
cfi=(290)
cfn=(1082)
calls=2 73 
* 44 8
fe=(344)
-44 76
fi=(252)
612 76
fi=(253)
1815 76
fi=(264)
317 380
+8 76 0 0 76
cob=(2)
cfi=(290)
cfn=(1082)
calls=76 73 
* 1725 331 16
* 78
+1 234
fi=(233)
638 234
-91 78
fe=(344)
288 156
-7 78
fi=(252)
612 78
fi=(253)
1815 78
fi=(264)
317 312
+8 78 0 0 78 1
cob=(2)
cfi=(290)
cfn=(1082)
calls=78 73 
* 1727 324 12
* 234
+1 156
fi=(233)
638 156
-91 234
fe=(344)
288 156
+24 234 78 10
-31 6
0 6
325 2
-44 2 2 1
0 1
281 1
fi=(252)
612 1
fi=(253)
1815 1
fi=(264)
317 3
+8 1 0 0 1
cob=(2)
cfi=(290)
cfn=(1082)
calls=1 73 
* 22 4
fi=(252)
612 2
fi=(253)
1815 2
fi=(264)
317 6
+8 2 0 0 2
cob=(2)
cfi=(290)
cfn=(1082)
calls=2 73 
* 41 8 1
* 3
+1 9
fi=(233)
638 6
fe=(344)
325 3
fi=(233)
547 5 3 1
fe=(344)
288 3
fi=(239)
961 3
fe=(344)
325 1
-44 2 1 1
0 2
fi=(233)
547 2
fe=(344)
288 6
126 4 2
0 2
fi=(239)
961 2
fi=(233)
547 2
+91 4
-91 2
fi=(239)
961 4
fi=(292)
2109 6
fe=(344)
74 10
cfn=(1859) core::slice::sort::unstable::quicksort::quicksort'2
calls=2 -53 
* 18249 1875 111 408 44
* 2
-45 2
fi=(320)
814 1
fi=(262)
+49 5
0 4
fi=(174)
844 3
fi=(320)
704 2
fi=(252)
-92 1
fi=(253)
1815 1
fi=(252)
612 1
fi=(253)
1815 1
fi=(264)
317 4
+8 1 0 0 1
cob=(2)
cfi=(290)
cfn=(1082)
calls=1 73 
* 22 4
fi=(262)
0 36
fi=(174)
844 36
fi=(320)
704 24
fi=(252)
-92 12
fi=(253)
1815 12
fi=(252)
612 12
fi=(253)
1815 12
fi=(264)
317 48
+8 12 0 0 12
cob=(2)
cfi=(290)
cfn=(1082)
calls=12 73 
* 261 48 1
* 26
+1 26
fi=(236)
+71 39
fi=(233)
547 65
fi=(320)
707 13
fi=(262)
863 39
fi=(320)
737 39
fi=(252)
612 13
fi=(253)
1815 13
fi=(252)
612 13
fi=(253)
1815 13
fi=(264)
317 39
+8 13 0 0 13
cob=(2)
cfi=(290)
cfn=(1082)
calls=13 73 
* 286 52
* 26
+1 26
fi=(236)
+71 26
fi=(233)
547 26
fi=(236)
397 13
fi=(233)
547 13
fi=(262)
-79 26
fi=(320)
741 13
fi=(262)
468 39
fi=(236)
1916 26
fi=(254) /rustc/59807616e1fa2540724bfbac14d7976d7e4a3860/library/core/src/iter/range.rs
772 13 13 1
0 2
fi=(262)
468 3
fi=(174)
3745 2
fi=(320)
826 1 1 1
0 1
837 2 1
fi=(233)
547 3 0 0 1
cob=(2)
cfi=(211)
cfn=(728)
calls=1 255 
* 30 5 2
fe=(344)
80 8
fi=(320)
827 5
+1 2
fi=(233)
547 2
fi=(262)
863 4
fi=(320)
-26 2 1 1
fe=(344)
21 10
+9 2 1 1
fi=(320)
+99 10
cfn=(2180) core::slice::sort::shared::smallsort::small_sort_general
calls=1 +76 
* 7669 812 60 136
0 2
fe=(344)
30 6 2 2
+7 4 2
-37 2
fi=(346)
28 4
fi=(262)
863 12
fi=(346)
34 6 2 1
+48 5
fi=(264)
317 6
+8 3 0 0 1
cob=(2)
cfi=(290)
cfn=(1082)
calls=1 73 
* 22 4 2
* 1
+1 2
fi=(346)
83 4
fi=(264)
317 3
+8 5 0 0 1
cob=(2)
cfi=(290)
cfn=(1082)
calls=1 73 
* 22 4
* 1
+1 2
fi=(346)
84 3 1
-84 1
fi=(264)
317 5
+8 2 0 0 1
cob=(2)
cfi=(290)
cfn=(1082)
calls=1 73 
* 22 4
* 1
+1 2
fi=(346)
89 4
-52 3
cfn=(1876)
calls=1 +18 
* 519 52 11 11 3
* 1
fe=(344)
-37 1
fi=(262)
729 2
fe=(344)
50 2 1 1
-50 1
fi=(262)
729 2
fe=(344)
50 2 1 1
+1 4
fi=(264)
317 3
+8 1 0 0 1
cob=(2)
cfi=(290)
cfn=(1082)
calls=1 73 
* 22 4
* 1
+1 2
fi=(236)
+71 1
fe=(344)
51 1 1 1
fi=(233)
547 20
+91 20
-91 20
fi=(239)
961 2
fi=(233)
1717 22
fi=(239)
961 8
fe=(344)
0 10
312 10
0 2
281 4
fi=(264)
+36 2
fe=(344)
0 155
281 310
fi=(264)
+36 930
+8 155 0 0 155
cob=(2)
cfi=(290)
cfn=(1082)
calls=155 73 
* 3514 677 35
-8 10
+8 2 0 0 2 1
cob=(2)
cfi=(290)
cfn=(1082)
calls=2 73 
* 44 8
* 157
+1 314
fi=(239)
961 314
fi=(233)
638 1570
-91 1570
fe=(344)
288 314
0 314
312 628 157 10
0 4
325 2
+1 6
-45 4
fi=(264)
+36 10
+8 2 0 0 2 1
cob=(2)
cfi=(290)
cfn=(1082)
calls=2 73 
* 41 8 2
* 2
+1 6
fi=(239)
961 4
fi=(233)
638 20
-91 20
fe=(344)
288 4
fi=(239)
961 2
fe=(344)
325 4
+5 2 2 1
0 2
126 4 2 1
fi=(239)
961 8
fi=(233)
547 20
+91 20
-91 20
fi=(239)
961 4
fi=(292)
2109 6
fe=(344)
74 8
cfn=(1859)
calls=2 -53 
* 25534 2459 198 432 14
* 2
-45 2
-8 9
+9 2 1 1
fi=(320)
+99 10
cfn=(2180)
calls=1 +76 
* 987 65 21
0 4
fe=(344)
37 6 3 2
fi=(346)
-9 6
fi=(262)
863 15
fi=(346)
34 6 3 1
+48 8
fi=(481)
196 8
fi=(236)
1931 2
fi=(481)
196 4
fi=(346)
83 4
fi=(481)
196 8
fi=(236)
1931 2
fi=(481)
196 6
fi=(346)
84 4 2 1
fi=(481)
196 4
fi=(236)
1931 1
fi=(481)
196 2
fi=(346)
89 4
-52 2
cfn=(1876)
calls=1 +18 
* 222 8 2
fe=(344)
-37 6
fi=(262)
729 3
fe=(344)
50 6 3 3
+1 4
fi=(481)
196 8
fi=(236)
1931 2
fi=(481)
196 4
fe=(344)
51 4 2 1
fi=(233)
547 12
+91 12
-91 12
fi=(239)
961 3
fi=(233)
1717 12
fi=(239)
961 9
fe=(344)
0 9
312 9
0 3
fi=(481)
196 12
fi=(236)
1931 3
fi=(481)
196 6
fe=(344)
+92 6
fi=(239)
961 3
fi=(233)
638 12
-91 12
fe=(344)
0 6
312 18 3 2
fi=(481)
196 680
fi=(236)
1931 170
fi=(481)
196 340
fe=(344)
+92 340
fi=(239)
961 170
fi=(233)
638 680
-91 680
fe=(344)
0 340
312 1020 170 14
0 3
325 3
+1 6
fi=(481)
196 12
fi=(236)
1931 3
fi=(481)
196 6
fe=(344)
0 3
288 6
fi=(239)
961 3
fi=(233)
638 12
-91 12
fi=(239)
961 3
fe=(344)
325 6
+5 3 3
126 6 3 1
fi=(239)
961 9
fi=(233)
547 12
+91 12
-91 12
fi=(239)
961 6
fi=(292)
2109 9
fe=(344)
74 15
cfn=(1859)
calls=3 -53 
* 8595 529 133
* 9
-44 7 3 2
-9 9
+9 2 1 1
-30 1
fi=(320)
226 2 1
+9 2
+6 4 1 1
fi=(254)
0 2
fe=(344)
37 4 2 1
-37 2
fi=(346)
28 4
fi=(262)
863 14
fi=(346)
34 4 2 1
fi=(299)
704 3 0 0 1
cfn=(5012)
calls=1 -97 
* 2
fi=(252)
-92 2
fi=(253)
1815 1
fi=(299)
704 3 0 0 1
cfn=(5012)
calls=1 -97 
* 2
fi=(252)
-92 1
fi=(253)
1815 1
fi=(264)
317 5
+8 1 0 0 1
cob=(2)
cfi=(290)
cfn=(1082)
calls=1 73 
* 30 6 1
* 1
+1 2
fi=(299)
704 3 0 0 1
cfn=(5012)
calls=1 -97 
* 2
fi=(252)
-92 2
fi=(253)
1815 1
fi=(299)
704 3 0 0 1
cfn=(5012)
calls=1 -97 
* 2
fi=(252)
-92 1
fi=(253)
1815 2
fi=(264)
317 4
+8 1 0 0 1
cob=(2)
cfi=(290)
cfn=(1082)
calls=1 73 
* 22 4
* 1
+1 3
fi=(346)
84 4 1
fi=(299)
704 3 0 0 1
cfn=(5012)
calls=1 -97 
* 2
fi=(252)
-92 1
fi=(253)
1815 1
fi=(299)
704 3 0 0 1
cfn=(5012)
calls=1 -97 
* 2
fi=(252)
-92 1
fi=(253)
1815 1
fi=(264)
317 3
+8 2 0 0 1
cob=(2)
cfi=(290)
cfn=(1082)
calls=1 73 
* 22 4
* 1
+1 2
fi=(346)
89 5
-52 4
cfn=(1876)
calls=1 +18 
* 668 56 3 36 9
* 1
fe=(344)
-37 1
fi=(262)
729 2
fe=(344)
50 5 1
-50 1
fi=(262)
729 2
fe=(344)
50 5 1 1
fi=(299)
704 3 0 0 1
cfn=(5012)
calls=1 -97 
* 2
fi=(252)
-92 1
fi=(253)
1815 2
fi=(299)
704 4 0 0 1
cfn=(5012)
calls=1 -97 
* 2
fi=(252)
-92 1
fi=(253)
1815 1
fi=(264)
317 4
+8 2 0 0 1
cob=(2)
cfi=(290)
cfn=(1082)
calls=1 73 
* 30 6 2
* 1
+1 2
fi=(236)
+71 1
fe=(344)
51 1 1 1
fi=(233)
547 4
+91 4
-91 4
fi=(239)
961 2
fi=(233)
1717 2
fi=(490) /rustc/59807616e1fa2540724bfbac14d7976d7e4a3860/library/core/src/mem/manually_drop.rs
185 4
fi=(239)
961 6
fe=(344)
0 4
312 6 2
0 6
fi=(299)
704 8 0 0 2 1
cfn=(5012)
calls=2 -97 
* 4
* 332 0 0 83
cfn=(5012)
calls=83 -97 
* 166
fi=(465)
923 85
fi=(252)
612 85
fi=(253)
1815 170
fi=(299)
704 255 0 0 85 1
cfn=(5012)
calls=85 -97 
* 170
fi=(252)
-92 85
fi=(253)
1815 85
fi=(264)
317 255
+8 170 0 0 85 1
cob=(2)
cfi=(290)
cfn=(1082)
calls=85 73 
* 1959 363 25
* 85
+1 170
fi=(239)
961 255
fi=(233)
638 170
-91 170
fi=(299)
704 255 0 0 85 1
cfn=(5012)
calls=85 -97 
* 170
fi=(252)
-92 85
fi=(253)
1815 170
fi=(299)
704 340 0 0 85 1
cfn=(5012)
calls=85 -97 
* 170
fe=(344)
0 340
fi=(252)
612 85
fi=(253)
1815 85
fi=(264)
317 255
+8 170 0 0 85 1
cob=(2)
cfi=(290)
cfn=(1082)
calls=85 73 
* 1935 357 18
* 85
+1 170
fi=(239)
961 255
fi=(233)
638 170
-91 340
fe=(344)
288 170
+24 255 85 9
0 14
325 2
+1 6
fi=(299)
704 6 0 0 2 1
cfn=(5012)
calls=2 -97 
* 4
fe=(344)
0 1
325 1
+1 3
fi=(299)
704 3 0 0 1
cfn=(5012)
calls=1 -97 
* 2
fi=(252)
-92 3
fi=(253)
1815 6
fi=(299)
704 9 0 0 3 1
cfn=(5012)
calls=3 -97 
* 6
fi=(252)
-92 3
fi=(253)
1815 3
fi=(264)
317 9
+8 6 0 0 3 1
cob=(2)
cfi=(290)
cfn=(1082)
calls=3 73 
* 74 14 1
* 3
+1 6
fi=(239)
961 9
fi=(233)
638 9
-91 6
fe=(344)
288 9
+37 6
fi=(239)
961 3
fe=(344)
330 3 3 1
0 2
126 4 2
fi=(239)
961 8
fi=(233)
547 4
+91 4
-91 4
fi=(239)
961 4
fi=(292)
2109 6
fe=(344)
74 10
cfn=(1859)
calls=2 -53 
* 36981 3099 270 1803 41
* 4
-44 5 2 1
fi=(239)
961 6
fi=(320)
252 2 1
0 1
254 1
cfn=(2182) core::slice::sort::shared::smallsort::sort4_stable
calls=1 612 
* 295 22 1 15
+1 3
cfn=(2182)
calls=1 612 
* 288 21 3 15
* 2
fi=(233)
0 2
fi=(236)
1916 1
fi=(254)
772 1 1
0 1
fi=(320)
547 4
0 1
fi=(233)
547 3
fi=(174)
844 1
fi=(254)
-72 2
fi=(236)
1916 1
fi=(254)
772 1 1 1
fi=(174)
+72 2
fi=(254)
-72 4
fi=(236)
1916 2
fi=(254)
772 2 2
fi=(239)
961 9
fi=(233)
547 6
fi=(299)
704 15 0 0 3
cfn=(5012)
calls=3 -97 
* 6
fi=(252)
-92 3
fi=(253)
1815 3
fi=(299)
704 9 0 0 3
cfn=(5012)
calls=3 -97 
* 6
fi=(252)
-92 3
fi=(253)
1815 3
fi=(264)
317 9
+8 6 0 0 3
cob=(2)
cfi=(290)
cfn=(1082)
calls=3 73 
* 66 12 1
* 3
+1 6
fi=(236)
+71 3
fi=(320)
547 3 3 1
0 5
fi=(233)
547 2
fi=(320)
+19 3 1
fi=(233)
-19 10
fi=(320)
+19 15 5 1
0 5
fi=(299)
704 10 0 0 5
cfn=(5012)
calls=5 -97 
* 10
fi=(252)
-92 5
fi=(253)
1815 5
fi=(299)
704 15 0 0 5
cfn=(5012)
calls=5 -97 
* 10
fi=(252)
-92 5
fi=(253)
1815 5
fi=(264)
317 15
+8 10 0 0 5
cob=(2)
cfi=(290)
cfn=(1082)
calls=5 73 
* 110 20
* 5
+1 10
fi=(320)
572 5
fi=(236)
397 10
fi=(320)
572 5 5 1
0 3
fi=(236)
1916 1
fi=(254)
772 1 1
fi=(320)
0 7
547 8
0 1
fi=(233)
547 3
fi=(174)
844 1
fi=(254)
-72 2
fi=(236)
1916 1
fi=(254)
772 1 1
fi=(233)
547 9
fi=(174)
844 3
fi=(254)
-72 6
fi=(236)
1916 3
fi=(254)
772 3 3 1
fi=(239)
961 12
fi=(233)
547 12
fi=(299)
704 24 0 0 4
cfn=(5012)
calls=4 -97 
* 8
fi=(252)
-92 4
fi=(253)
1815 4
fi=(299)
704 12 0 0 4
cfn=(5012)
calls=4 -97 
* 8
fi=(252)
-92 4
fi=(253)
1815 4
fi=(264)
317 12
+8 8 0 0 4
cob=(2)
cfi=(290)
cfn=(1082)
calls=4 73 
* 88 16 1
* 4
+1 8
fi=(236)
+71 4
fi=(320)
547 4 4
0 20
fi=(233)
547 8
fi=(320)
+19 12 4
0 11
fi=(233)
547 22
fi=(320)
+19 33 11 1
0 14
fi=(299)
704 28 0 0 14
cfn=(5012)
calls=14 -97 
* 28
fi=(252)
-92 14
fi=(253)
1815 28
fi=(299)
704 42 0 0 14
cfn=(5012)
calls=14 -97 
* 28
fi=(252)
-92 14
fi=(253)
1815 14
fi=(264)
317 42
+8 28 0 0 14
cob=(2)
cfi=(290)
cfn=(1082)
calls=14 73 
* 316 58 1
* 14
+1 28
fi=(320)
572 28
fi=(236)
397 28
fi=(320)
572 23 14 3
0 2
286 3
cfn=(6418) core::slice::sort::shared::smallsort::bidirectional_merge
calls=1 760 
* 974 69 8 42
fe=(344)
80 8

fn=(1859)
21 36
+9 8 4 2
fi=(320)
319 8 4
+10 12
+1 4
+3 40
0 4
339 12 6 3
0 5
401 10
fi=(252)
612 5
fi=(253)
1815 5
fi=(252)
612 10
fi=(253)
1815 5
fi=(264)
317 20
+8 5 0 0 5 1
cob=(2)
cfi=(290)
cfn=(1082)
calls=5 73 
* 110 20 1
* 5
+1 10
fi=(236)
+71 5
fi=(233)
1717 15
638 10
-91 5
fi=(320)
401 10
fi=(252)
612 5
fi=(253)
1815 5
fi=(252)
612 5
fi=(253)
1815 5
fi=(264)
317 15
+8 5 0 0 5
cob=(2)
cfi=(290)
cfn=(1082)
calls=5 73 
* 117 23 1
* 5
+1 10
fi=(236)
+71 5
fi=(233)
1717 15
638 15
-91 5
fi=(320)
401 10
fi=(252)
612 5
fi=(253)
1815 5
fi=(252)
612 5
fi=(253)
1815 5
fi=(264)
317 15
+8 5 0 0 5
cob=(2)
cfi=(290)
cfn=(1082)
calls=5 73 
* 110 20
* 5
+1 10
fi=(236)
+71 5
fi=(233)
1717 15
638 15
-91 5
fi=(320)
401 10
fi=(252)
612 5
fi=(253)
1815 5
fi=(252)
612 5
fi=(253)
1815 5
fi=(264)
317 20
+8 5 0 0 5
cob=(2)
cfi=(290)
cfn=(1082)
calls=5 73 
* 110 20
* 5
+1 10
fi=(236)
+71 5
fi=(233)
1717 15
638 15
-91 5
fi=(320)
401 10
fi=(252)
612 5
fi=(253)
1815 5
fi=(252)
612 5
fi=(253)
1815 5
fi=(264)
317 15
+8 5 0 0 5
cob=(2)
cfi=(290)
cfn=(1082)
calls=5 73 
* 110 20
* 5
+1 10
fi=(236)
+71 5
fi=(233)
1717 10
638 15
-91 5
fi=(320)
401 10
fi=(252)
612 5
fi=(253)
1815 5
fi=(252)
612 5
fi=(253)
1815 5
fi=(264)
317 15
+8 5 0 0 5 1
cob=(2)
cfi=(290)
cfn=(1082)
calls=5 73 
* 107 20 1
* 5
+1 10
fi=(236)
+71 5
fi=(233)
1717 10
638 10
-91 5
fi=(252)
+65 5
fi=(253)
1815 10
fi=(252)
612 5
fi=(253)
1815 5
fi=(264)
317 15
+8 5 0 0 5 1
cob=(2)
cfi=(290)
cfn=(1082)
calls=5 73 
* 114 23 2
* 5
+1 10
fi=(236)
+71 5
fi=(233)
1717 15
638 10
-91 10
fi=(252)
+65 5
fi=(253)
1815 10
fi=(252)
612 5
fi=(253)
1815 5
fi=(264)
317 15
+8 5 0 0 5 1
cob=(2)
cfi=(290)
cfn=(1082)
calls=5 73 
* 110 20
* 5
+1 10
fi=(236)
+71 10
fi=(233)
1717 15
638 15
-91 5
fi=(320)
401 5
fi=(252)
612 5
fi=(253)
1815 5
fi=(252)
612 5
fi=(253)
1815 5
fi=(264)
317 15
+8 5 0 0 5 1
cob=(2)
cfi=(290)
cfn=(1082)
calls=5 73 
* 110 20
* 5
+1 10
fi=(236)
+71 5
fi=(233)
1717 15
638 10
-91 10
fi=(252)
+65 5
fi=(253)
1815 10
fi=(252)
612 5
fi=(253)
1815 5
fi=(264)
317 15
+8 5 0 0 5 1
cob=(2)
cfi=(290)
cfn=(1082)
calls=5 73 
* 107 20 1
* 5
+1 10
fi=(236)
+71 5
fi=(233)
1717 20
638 15
-91 10
fi=(252)
+65 5
fi=(253)
1815 5
fi=(252)
612 5
fi=(253)
1815 5
fi=(264)
317 15
+8 5 0 0 5 1
cob=(2)
cfi=(290)
cfn=(1082)
calls=5 73 
* 110 20
* 5
+1 10
fi=(236)
+71 5
fi=(233)
1717 10
638 10
-91 5
fi=(320)
401 5
fi=(252)
612 5
fi=(253)
1815 5
fi=(252)
612 5
fi=(253)
1815 5
fi=(264)
317 15
+8 5 0 0 5 1
cob=(2)
cfi=(290)
cfn=(1082)
calls=5 73 
* 110 20
* 5
+1 10
fi=(236)
+71 5
fi=(233)
1717 15
638 10
-91 5
fi=(320)
401 15
fi=(252)
612 5
fi=(253)
1815 5
fi=(252)
612 5
fi=(253)
1815 5
fi=(264)
317 15
+8 5 0 0 5 1
cob=(2)
cfi=(290)
cfn=(1082)
calls=5 73 
* 110 20
* 5
+1 10
fi=(236)
+71 5
fi=(233)
1717 15
638 10
-91 10
fi=(252)
+65 5
fi=(253)
1815 10
fi=(252)
612 5
fi=(253)
1815 5
fi=(264)
317 15
+8 5 0 0 5 1
cob=(2)
cfi=(290)
cfn=(1082)
calls=5 73 
* 110 20
* 5
+1 10
fi=(236)
+71 5
fi=(233)
1717 10
638 10
-91 5
fi=(252)
+65 5
fi=(253)
1815 10
fi=(252)
612 5
fi=(253)
1815 5
fi=(264)
317 15
+8 5 0 0 5 1
cob=(2)
cfi=(290)
cfn=(1082)
calls=5 73 
* 107 20 1
* 5
+1 10
fi=(236)
+71 5
fi=(233)
1717 15
638 10
-91 5
fi=(252)
+65 5
fi=(253)
1815 10
fi=(252)
612 5
fi=(253)
1815 5
fi=(264)
317 15
+8 5 0 0 5 1
cob=(2)
cfi=(290)
cfn=(1082)
calls=5 73 
* 107 20 1
* 5
+1 10
fi=(236)
+71 5
fi=(233)
1717 15
638 15
-91 10
fi=(252)
+65 5
fi=(253)
1815 10
fi=(252)
612 5
fi=(253)
1815 5
fi=(264)
317 15
+8 5 0 0 5
cob=(2)
cfi=(290)
cfn=(1082)
calls=5 73 
* 107 20 1
* 5
+1 10
fi=(236)
+71 5
fi=(233)
1717 10
638 10
-91 5
fi=(252)
+65 5
fi=(253)
1815 10
fi=(252)
612 5
fi=(253)
1815 5
fi=(264)
317 15
+8 5 0 0 5 1
cob=(2)
cfi=(290)
cfn=(1082)
calls=5 73 
* 110 20
* 5
+1 10
fi=(236)
+71 5
fi=(233)
1717 15
638 10
-91 5
fi=(320)
401 10
fi=(252)
612 5
fi=(253)
1815 5
fi=(252)
612 5
fi=(253)
1815 5
fi=(264)
317 15
+8 5 0 0 5 1
cob=(2)
cfi=(290)
cfn=(1082)
calls=5 73 
* 110 20
* 5
+1 10
fi=(236)
+71 10
fi=(233)
1717 15
638 15
-91 5
fi=(252)
+65 5
fi=(253)
1815 10
fi=(252)
612 5
fi=(253)
1815 5
fi=(264)
317 15
+8 5 0 0 5 1
cob=(2)
cfi=(290)
cfn=(1082)
calls=5 73 
* 107 20 1
* 5
+1 10
fi=(236)
+71 5
fi=(233)
1717 15
638 10
-91 5
fi=(252)
+65 5
fi=(253)
1815 10
fi=(252)
612 5
fi=(253)
1815 5
fi=(264)
317 15
+8 5 0 0 5 1
cob=(2)
cfi=(290)
cfn=(1082)
calls=5 73 
* 110 20
* 5
+1 10
fi=(236)
+71 5
fi=(233)
1717 10
638 15
-91 5
fi=(320)
401 5
fi=(252)
612 5
fi=(253)
1815 5
fi=(252)
612 5
fi=(253)
1815 5
fi=(264)
317 15
+8 5 0 0 5 1
cob=(2)
cfi=(290)
cfn=(1082)
calls=5 73 
* 110 20
* 5
+1 10
fi=(236)
+71 5
fi=(233)
1717 15
638 15
-91 5
fi=(320)
401 5
fi=(252)
612 5
fi=(253)
1815 5
fi=(252)
612 5
fi=(253)
1815 5
fi=(264)
317 15
+8 5 0 0 5
cob=(2)
cfi=(290)
cfn=(1082)
calls=5 73 
* 110 20
* 5
+1 10
fi=(236)
+71 5
fi=(233)
1717 15
638 15
-91 5
fi=(320)
401 10
fi=(252)
612 5
fi=(253)
1815 5
fi=(252)
612 5
fi=(253)
1815 5
fi=(264)
317 15
+8 5 0 0 5 1
cob=(2)
cfi=(290)
cfn=(1082)
calls=5 73 
* 107 20 1
* 5
+1 10
fi=(236)
+71 5
fi=(233)
1717 10
638 10
-91 10
fi=(252)
+65 5
fi=(253)
1815 10
fi=(252)
612 5
fi=(253)
1815 5
fi=(264)
317 15
+8 5 0 0 5 1
cob=(2)
cfi=(290)
cfn=(1082)
calls=5 73 
* 110 20
* 5
+1 10
fi=(236)
+71 10
fi=(233)
1717 15
638 15
-91 10
fi=(252)
+65 5
fi=(253)
1815 10
fi=(252)
612 5
fi=(253)
1815 5
fi=(264)
317 15
+8 5 0 0 5 1
cob=(2)
cfi=(290)
cfn=(1082)
calls=5 73 
* 110 20
* 5
+1 10
fi=(236)
+71 10
fi=(233)
1717 10
638 15
-91 5
fi=(320)
401 5
fi=(252)
612 5
fi=(253)
1815 10
fi=(252)
612 5
fi=(253)
1815 5
fi=(264)
317 15
+8 5 0 0 5 1
cob=(2)
cfi=(290)
cfn=(1082)
calls=5 73 
* 117 23 1
* 5
+1 10
fi=(236)
+71 5
fi=(233)
1717 15
638 10
-91 10
fi=(252)
+65 5
fi=(253)
1815 10
fi=(252)
612 5
fi=(253)
1815 5
fi=(264)
317 15
+8 5 0 0 5 1
cob=(2)
cfi=(290)
cfn=(1082)
calls=5 73 
* 110 20
* 5
+1 10
fi=(236)
+71 10
fi=(233)
1717 15
638 15
-91 10
fi=(252)
+65 5
fi=(253)
1815 10
fi=(252)
612 5
fi=(253)
1815 5
fi=(264)
317 15
+8 5 0 0 5 1
cob=(2)
cfi=(290)
cfn=(1082)
calls=5 73 
* 110 20
* 5
+1 10
fi=(236)
+71 5
fi=(233)
1717 15
638 15
-91 10
fi=(252)
+65 5
fi=(253)
1815 5
fi=(252)
612 5
fi=(253)
1815 5
fi=(264)
317 15
+8 5 0 0 5 1
cob=(2)
cfi=(290)
cfn=(1082)
calls=5 73 
* 107 20 1
* 5
+1 10
fi=(236)
+71 5
fi=(233)
1717 15
638 10
-91 10
fi=(252)
+65 5
fi=(253)
1815 5
fi=(252)
612 5
fi=(253)
1815 5
fi=(264)
317 15
+8 5 0 0 5 1
cob=(2)
cfi=(290)
cfn=(1082)
calls=5 73 
* 110 20
* 5
+1 10
fi=(236)
+71 5
fi=(233)
1717 10
638 15
-91 5
fi=(320)
401 5
fi=(252)
612 5
fi=(253)
1815 10
fi=(252)
612 5
fi=(253)
1815 5
fi=(264)
317 15
+8 5 0 0 5 1
cob=(2)
cfi=(290)
cfn=(1082)
calls=5 73 
* 110 20
* 5
+1 10
fi=(236)
+71 5
fi=(233)
1717 20
638 15
-91 5
fi=(320)
401 5
fi=(252)
612 5
fi=(253)
1815 10
fi=(252)
612 5
fi=(253)
1815 5
fi=(264)
317 15
+8 5 0 0 5 1
cob=(2)
cfi=(290)
cfn=(1082)
calls=5 73 
* 110 20
* 5
+1 10
fi=(236)
+71 5
fi=(233)
1717 10
638 10
-91 5
fi=(252)
+65 5
fi=(253)
1815 10
fi=(252)
612 5
fi=(253)
1815 5
fi=(264)
317 15
+8 5 0 0 5 1
cob=(2)
cfi=(290)
cfn=(1082)
calls=5 73 
* 107 20 1
* 5
+1 10
fi=(236)
+71 5
fi=(233)
1717 15
638 15
-91 10
fi=(252)
+65 5
fi=(253)
1815 10
fi=(252)
612 5
fi=(253)
1815 5
fi=(264)
317 15
+8 5 0 0 5 1
cob=(2)
cfi=(290)
cfn=(1082)
calls=5 73 
* 110 20
* 5
+1 10
fi=(236)
+71 5
fi=(233)
1717 10
638 10
-91 5
fi=(252)
+65 5
fi=(253)
1815 10
fi=(252)
612 5
fi=(253)
1815 5
fi=(264)
317 15
+8 5 0 0 5 1
cob=(2)
cfi=(290)
cfn=(1082)
calls=5 73 
* 110 20
* 5
+1 10
fi=(236)
+71 5
fi=(233)
1717 15
638 10
-91 5
fi=(252)
+65 5
fi=(253)
1815 10
fi=(252)
612 5
fi=(253)
1815 5
fi=(264)
317 15
+8 5 0 0 5 1
cob=(2)
cfi=(290)
cfn=(1082)
calls=5 73 
* 107 20 1
* 5
+1 10
fi=(236)
+71 5
fi=(233)
1717 15
638 10
-91 5
fi=(320)
401 5
fi=(252)
612 5
fi=(253)
1815 10
fi=(252)
612 5
fi=(253)
1815 5
fi=(264)
317 15
+8 5 0 0 5 1
cob=(2)
cfi=(290)
cfn=(1082)
calls=5 73 
* 107 20 1
* 5
+1 10
fi=(236)
+71 5
fi=(233)
1717 15
638 10
-91 10
fi=(252)
+65 5
fi=(253)
1815 10
fi=(252)
612 5
fi=(253)
1815 5
fi=(264)
317 15
+8 5 0 0 5 1
cob=(2)
cfi=(290)
cfn=(1082)
calls=5 73 
* 110 20
* 5
+1 10
fi=(236)
+71 5
fi=(233)
1717 15
638 15
-91 5
fi=(252)
+65 5
fi=(253)
1815 10
fi=(252)
612 5
fi=(253)
1815 5
fi=(264)
317 15
+8 5 0 0 5 1
cob=(2)
cfi=(290)
cfn=(1082)
calls=5 73 
* 110 20
* 5
+1 10
fi=(236)
+71 5
fi=(233)
1717 15
638 10
-91 5
fi=(252)
+65 5
fi=(253)
1815 10
fi=(252)
612 5
fi=(253)
1815 5
fi=(264)
317 15
+8 5 0 0 5 1
cob=(2)
cfi=(290)
cfn=(1082)
calls=5 73 
* 110 20
* 5
+1 10
fi=(236)
+71 5
fi=(233)
1717 15
638 10
-91 10
fi=(252)
+65 5
fi=(253)
1815 10
fi=(252)
612 5
fi=(253)
1815 5
fi=(264)
317 15
+8 5 0 0 5 1
cob=(2)
cfi=(290)
cfn=(1082)
calls=5 73 
* 107 20 1
* 5
+1 10
fi=(236)
+71 5
fi=(233)
1717 10
638 10
-91 5
fi=(320)
401 5
fi=(252)
612 5
fi=(253)
1815 5
fi=(252)
612 5
fi=(253)
1815 5
fi=(264)
317 15
+8 5 0 0 5 1
cob=(2)
cfi=(290)
cfn=(1082)
calls=5 73 
* 110 20
* 5
+1 10
fi=(236)
+71 10
fi=(233)
1717 10
638 10
-91 5
fi=(252)
+65 5
fi=(253)
1815 10
fi=(252)
612 5
fi=(253)
1815 5
fi=(264)
317 15
+8 5 0 0 5 1
cob=(2)
cfi=(290)
cfn=(1082)
calls=5 73 
* 107 20 1
* 5
+1 10
fi=(236)
+71 5
fi=(233)
1717 10
638 10
-91 5
fi=(252)
+65 5
fi=(253)
1815 10
fi=(252)
612 5
fi=(253)
1815 5
fi=(264)
317 15
+8 5 0 0 5 1
cob=(2)
cfi=(290)
cfn=(1082)
calls=5 73 
* 104 20 2
* 10
+1 10
fi=(236)
+71 5
fi=(233)
1717 10
638 10
-91 10
fi=(320)
339 5
0 1
342 2 1 1
fi=(233)
0 6
fi=(320)
586 6 6 3
+13 6 6 4
0 6
330 6
+21 6 6 3
0 8
355 18 4 2
0 4
fi=(239)
961 20
0 5
fi=(233)
547 15
fi=(239)
961 5
fi=(320)
599 15 5 2
fi=(239)
961 3
fi=(320)
599 9 3
-52 16
fi=(252)
+65 16
fi=(253)
1815 8
fi=(252)
612 8
fi=(253)
1815 8
fi=(264)
317 24
+8 16 0 0 8 1
cob=(2)
cfi=(290)
cfn=(1082)
calls=8 73 
* 167 32 5
* 8
+1 16
fi=(236)
+71 8
fi=(320)
547 8 8 3
0 25
fi=(233)
547 5
fi=(320)
+19 10 5 1
fi=(233)
-19 19
fi=(320)
+19 38 19 1
+6 24
fi=(252)
+40 24
fi=(253)
1815 24
fi=(264)
317 72
+8 48 0 0 24
cob=(2)
cfi=(290)
cfn=(1082)
calls=24 73 
* 532 99 4
* 24
+1 48
fi=(320)
572 24
fi=(236)
397 24
fi=(320)
572 34 24 8
0 3
fe=(344)
30 4 2
+7 4 2
fi=(346)
-9 6
fi=(262)
863 12
fi=(346)
34 6 2
+48 4
fi=(252)
612 6
fi=(253)
1815 2
fi=(252)
612 2
fi=(253)
1815 2
fi=(264)
317 12
+8 2 0 0 2
cob=(2)
cfi=(290)
cfn=(1082)
calls=2 73 
* 44 8 1
* 4
+1 6
fi=(346)
83 2
fi=(252)
612 4
fi=(253)
1815 2
fi=(264)
317 10
+8 4 0 0 2
cob=(2)
cfi=(290)
cfn=(1082)
calls=2 73 
* 44 8
* 2
+1 6
fi=(346)
84 10 2
-84 4
fi=(264)
317 10
+8 4 0 0 2 1
cob=(2)
cfi=(290)
cfn=(1082)
calls=2 73 
* 44 8
* 2
+1 4
fi=(346)
89 10
fe=(344)
-89 2
fi=(262)
729 2
fe=(344)
50 10 2 1
+1 2
fi=(252)
612 1
fi=(253)
1815 1
fi=(252)
612 1
fi=(253)
1815 2
fi=(264)
317 3
+8 1 0 0 1
cob=(2)
cfi=(290)
cfn=(1082)
calls=1 73 
* 22 4
* 1
+1 2
fi=(233)
547 1
fi=(236)
397 2
fe=(344)
51 1 1
fi=(233)
547 1
+91 3
0 1
638 1
-91 1
fi=(239)
961 2
fi=(233)
1717 2
fi=(239)
961 1
fe=(344)
0 3
312 4 1
fi=(233)
638 1
-91 1
fi=(239)
961 2
fi=(233)
1717 2
fi=(239)
961 1
fe=(344)
0 3
312 4 1
0 6
281 2
fi=(252)
612 2
fi=(253)
1815 2
fi=(264)
317 10
+8 2 0 0 2
cob=(2)
cfi=(290)
cfn=(1082)
calls=2 73 
* 41 8 1
fe=(344)
-44 41
fi=(252)
612 41
fi=(253)
1815 41
fi=(264)
317 205
+8 41 0 0 41
cob=(2)
cfi=(290)
cfn=(1082)
calls=41 73 
* 938 182 8
* 43
+1 129
fi=(233)
638 129
-91 43
fe=(344)
288 86
-7 43
fi=(252)
612 43
fi=(253)
1815 43
fi=(264)
317 172
+8 43 0 0 43
cob=(2)
cfi=(290)
cfn=(1082)
calls=43 73 
* 981 187 10
* 129
+1 86
fi=(233)
638 86
-91 129
fe=(344)
288 86
+24 129 43 3
-31 6
0 6
325 2
-44 2 2 2
fi=(252)
612 2
fi=(253)
1815 2
fi=(264)
317 6
+8 2 0 0 2
cob=(2)
cfi=(290)
cfn=(1082)
calls=2 73 
* 44 8 2
* 2
+1 6
fi=(233)
638 4
fe=(344)
325 2
fi=(233)
547 2 2
fe=(344)
0 2
fi=(233)
547 2
fe=(344)
288 6
126 4 2
0 2
fi=(239)
961 2
fi=(233)
547 2
+91 4
-91 2
fi=(239)
961 4
fi=(292)
2109 6
fe=(344)
74 10
cfn=(1859)
calls=2 -53 
* 5548 540 36 122 43
* 2
-45 2
fi=(320)
814 2
fi=(262)
+49 10
0 8
fi=(174)
844 6
fi=(320)
704 4
fi=(252)
-92 2
fi=(253)
1815 2
fi=(252)
612 2
fi=(253)
1815 2
fi=(264)
317 8
+8 2 0 0 2 1
cob=(2)
cfi=(290)
cfn=(1082)
calls=2 73 
* 44 8
fi=(262)
0 75
fi=(174)
844 75
fi=(320)
704 50
fi=(252)
-92 25
fi=(253)
1815 25
fi=(252)
612 25
fi=(253)
1815 25
fi=(264)
317 100
+8 25 0 0 25
cob=(2)
cfi=(290)
cfn=(1082)
calls=25 73 
* 544 100 2
* 54
+1 54
fi=(236)
+71 81
fi=(233)
547 135
fi=(320)
707 27
fi=(262)
863 81
fi=(320)
737 81
fi=(252)
612 27
fi=(253)
1815 27
fi=(252)
612 27
fi=(253)
1815 27
fi=(264)
317 81
+8 27 0 0 27 1
cob=(2)
cfi=(290)
cfn=(1082)
calls=27 73 
* 579 108 5
* 54
+1 54
fi=(236)
+71 54
fi=(233)
547 54
fi=(236)
397 27
fi=(233)
547 27
fi=(262)
-79 54
fi=(320)
741 27
fi=(262)
468 81
fi=(236)
1916 54
fi=(254)
772 27 27 8
0 4
fi=(262)
468 6
fi=(174)
3745 4
fi=(320)
826 2 2 1
0 4
837 4 2
0 2
837 4 2 2
fi=(233)
547 6 0 0 2 1
cob=(2)
cfi=(211)
cfn=(728)
calls=2 255 
* 60 10 3
fe=(344)
80 32
-59 40
+9 8 4 2
fi=(320)
+99 40
cfn=(2180)
calls=4 +76 
* 19187 1965 173 337 11
0 2
fe=(344)
30 6 2 1
+7 4 2
-37 2
fi=(346)
28 4
fi=(262)
863 12
fi=(346)
34 6 2
+48 10
fi=(264)
317 12
+8 6 0 0 2 1
cob=(2)
cfi=(290)
cfn=(1082)
calls=2 73 
* 51 11 6
* 2
+1 4
fi=(346)
83 8
fi=(264)
317 6
+8 10 0 0 2
cob=(2)
cfi=(290)
cfn=(1082)
calls=2 73 
* 44 8
* 2
+1 4
fi=(346)
84 6 2 2
-84 2
fi=(264)
317 10
+8 4 0 0 2 1
cob=(2)
cfi=(290)
cfn=(1082)
calls=2 73 
* 44 8 1
* 2
+1 4
fi=(346)
89 8
fe=(344)
-89 2
fi=(262)
729 4
fe=(344)
50 4 2 1
+1 4
fi=(264)
317 3
+8 1 0 0 1 1
cob=(2)
cfi=(290)
cfn=(1082)
calls=1 73 
* 22 4
* 1
+1 2
fi=(236)
+71 1
fe=(344)
51 1 1 1
fi=(233)
547 20
+91 20
-91 20
fi=(239)
961 2
fi=(233)
1717 22
fi=(239)
961 8
fe=(344)
0 10
312 10
0 2
281 4
fi=(264)
+36 2
fe=(344)
0 84
281 168
fi=(264)
+36 504
+8 84 0 0 84
cob=(2)
cfi=(290)
cfn=(1082)
calls=84 73 
* 1856 342 4
-8 10
+8 2 0 0 2
cob=(2)
cfi=(290)
cfn=(1082)
calls=2 73 
* 41 8 3
* 86
+1 172
fi=(239)
961 172
fi=(233)
638 860
-91 860
fe=(344)
288 172
0 172
312 344 86 2
0 4
325 2
+1 6
-45 4
fi=(264)
+36 10
+8 2 0 0 2
cob=(2)
cfi=(290)
cfn=(1082)
calls=2 73 
* 44 8 2
* 2
+1 6
fi=(239)
961 4
fi=(233)
638 20
-91 20
fe=(344)
288 4
fi=(239)
961 2
fe=(344)
325 4
+5 2 2
0 2
126 4 2
fi=(239)
961 8
fi=(233)
547 20
+91 20
-91 20
fi=(239)
961 4
fi=(292)
2109 6
fe=(344)
74 8
cfn=(1859)
calls=2 -53 
* 8605 886 82 151 11
* 2
-45 2
-8 45
+9 10 5 1
fi=(320)
+99 50
cfn=(2180)
calls=5 +76 
* 5977 423 118
0 4
fe=(344)
37 4 2
fi=(346)
-9 4
fi=(262)
863 10
fi=(346)
34 4 2
+48 8
fi=(481)
196 8
fi=(236)
1931 2
fi=(481)
196 4
fi=(346)
83 4
fi=(481)
196 8
fi=(236)
1931 2
fi=(481)
196 6
fi=(346)
84 4 2 1
fi=(481)
196 4
fi=(236)
1931 1
fi=(481)
196 2
fi=(346)
89 4
fe=(344)
-89 4
fi=(262)
729 2
fe=(344)
50 4 2
+1 2
fi=(481)
196 4
fi=(236)
1931 1
fi=(481)
196 2
fe=(344)
51 2 1
fi=(233)
547 8
+91 8
-91 8
fi=(239)
961 2
fi=(233)
1717 8
fi=(239)
961 6
fe=(344)
0 6
312 6
0 2
fi=(481)
196 8
fi=(236)
1931 2
fi=(481)
196 4
fe=(344)
+92 4
fi=(239)
961 2
fi=(233)
638 8
-91 8
fe=(344)
0 4
312 12 2 1
fi=(481)
196 336
fi=(236)
1931 84
fi=(481)
196 168
fe=(344)
+92 168
fi=(239)
961 84
fi=(233)
638 336
-91 336
fe=(344)
0 168
312 504 84 11
0 2
325 2
+1 4
fi=(481)
196 8
fi=(236)
1931 2
fi=(481)
196 4
fe=(344)
0 2
288 4
fi=(239)
961 2
fi=(233)
638 8
-91 8
fi=(239)
961 2
fe=(344)
325 4
+5 2 2
126 4 2 1
fi=(239)
961 6
fi=(233)
547 8
+91 8
-91 8
fi=(239)
961 4
fi=(292)
2109 6
fe=(344)
74 10
cfn=(1859)
calls=2 -53 
* 1378 75 27
* 6
-44 5 2
-9 45
+9 10 5 1
-30 5
fi=(320)
226 10 5 2
+9 10
+6 20 5 3
fi=(239)
961 15
fi=(320)
671 9
cfn=(2182)
calls=3 -59 
* 895 70 9 45 14
fi=(239)
961 9
fi=(320)
672 3
cfn=(2182)
calls=3 -60 
* 869 62 2 45
* 3
+6 9
cfn=(6418)
calls=3 +82 
* 1691 119 11 72 6
* 3
fi=(239)
961 18
fi=(320)
671 6
cfn=(2182)
calls=3 -59 
* 854 59 16 45
fi=(239)
961 15
fi=(320)
672 3
cfn=(2182)
calls=3 -60 
* 861 60 1 45
+6 12
cfn=(6418)
calls=3 +82 
* 1652 110 10 72
* 3
fi=(236)
1916 3
fi=(254)
772 3 3 3
0 4
fe=(344)
37 6 3 2
-37 3
fi=(346)
28 6
fi=(262)
863 21
fi=(346)
34 6 3 1
fi=(299)
704 6 0 0 2 1
cfn=(5012)
calls=2 -97 
* 4
fi=(252)
-92 4
fi=(253)
1815 2
fi=(299)
704 6 0 0 2 1
cfn=(5012)
calls=2 -97 
* 4
fi=(252)
-92 2
fi=(253)
1815 2
fi=(264)
317 10
+8 2 0 0 2
cob=(2)
cfi=(290)
cfn=(1082)
calls=2 73 
* 44 8
* 2
+1 4
fi=(299)
704 6 0 0 2 1
cfn=(5012)
calls=2 -97 
* 4
fi=(252)
-92 4
fi=(253)
1815 2
fi=(299)
704 6 0 0 2 1
cfn=(5012)
calls=2 -97 
* 4
fi=(252)
-92 2
fi=(253)
1815 4
fi=(264)
317 8
+8 2 0 0 2 1
cob=(2)
cfi=(290)
cfn=(1082)
calls=2 73 
* 44 8
* 2
+1 6
fi=(346)
84 8 2 1
fi=(299)
704 3 0 0 1 1
cfn=(5012)
calls=1 -97 
* 2
fi=(252)
-92 1
fi=(253)
1815 1
fi=(299)
704 3 0 0 1 1
cfn=(5012)
calls=1 -97 
* 2
fi=(252)
-92 1
fi=(253)
1815 1
fi=(264)
317 3
+8 2 0 0 1
cob=(2)
cfi=(290)
cfn=(1082)
calls=1 73 
* 22 4
* 1
+1 2
fi=(346)
89 5
-52 4
cfn=(1876)
calls=1 +18 
* 596 46 9 33
* 1
fe=(344)
-37 1
fi=(262)
729 2
fe=(344)
50 5 1
-50 2
fi=(262)
729 4
fe=(344)
50 10 2 2
fi=(299)
704 6 0 0 2 1
cfn=(5012)
calls=2 -97 
* 4
fi=(252)
-92 2
fi=(253)
1815 4
fi=(299)
704 8 0 0 2 1
cfn=(5012)
calls=2 -97 
* 4
fi=(252)
-92 2
fi=(253)
1815 2
fi=(264)
317 8
+8 4 0 0 2
cob=(2)
cfi=(290)
cfn=(1082)
calls=2 73 
* 44 8 2
* 2
+1 4
fi=(236)
+71 2
fe=(344)
51 2 2 1
fi=(233)
547 6
+91 6
-91 6
fi=(239)
961 3
fi=(233)
1717 3
fi=(490)
185 6
fi=(239)
961 9
fe=(344)
0 6
312 9 3
0 9
fi=(299)
704 12 0 0 3
cfn=(5012)
calls=3 -97 
* 6
* 256 0 0 64
cfn=(5012)
calls=64 -97 
* 128
fi=(465)
923 67
fi=(252)
612 67
fi=(253)
1815 134
fi=(299)
704 201 0 0 67
cfn=(5012)
calls=67 -97 
* 134
fi=(252)
-92 67
fi=(253)
1815 67
fi=(264)
317 201
+8 134 0 0 67
cob=(2)
cfi=(290)
cfn=(1082)
calls=67 73 
* 1490 272 5
* 67
+1 134
fi=(239)
961 201
fi=(233)
638 134
-91 134
fi=(299)
704 201 0 0 67
cfn=(5012)
calls=67 -97 
* 134
fi=(252)
-92 67
fi=(253)
1815 134
fi=(299)
704 268 0 0 67
cfn=(5012)
calls=67 -97 
* 134
fe=(344)
0 268
fi=(252)
612 67
fi=(253)
1815 67
fi=(264)
317 201
+8 134 0 0 67
cob=(2)
cfi=(290)
cfn=(1082)
calls=67 73 
* 1498 274 4
* 67
+1 134
fi=(239)
961 201
fi=(233)
638 134
-91 268
fe=(344)
288 134
+24 201 67 4
0 21
325 3
+1 9
fi=(299)
704 9 0 0 3
cfn=(5012)
calls=3 -97 
* 6
fi=(252)
-92 3
fi=(253)
1815 6
fi=(299)
704 9 0 0 3
cfn=(5012)
calls=3 -97 
* 6
fi=(252)
-92 3
fi=(253)
1815 3
fi=(264)
317 9
+8 6 0 0 3
cob=(2)
cfi=(290)
cfn=(1082)
calls=3 73 
* 74 14
* 3
+1 6
fi=(239)
961 9
fi=(233)
638 9
-91 6
fe=(344)
288 9
+37 6
fi=(239)
961 3
fe=(344)
330 3 3
0 3
126 6 3
fi=(239)
961 12
fi=(233)
547 6
+91 6
-91 6
fi=(239)
961 6
fi=(292)
2109 9
fe=(344)
74 15
cfn=(1859)
calls=3 -53 
* 11960 972 141 585 32
* 6
-44 8 3
fi=(239)
961 12
fi=(320)
252 4 2
0 2
254 2
cfn=(2182)
calls=2 612 
* 598 46 5 30
+1 6
cfn=(2182)
calls=2 612 
* 582 42 1 30
* 4
fi=(233)
0 4
fi=(236)
1916 2
fi=(254)
772 2 2 1
0 5
fi=(320)
547 20
0 1
fi=(233)
547 3
fi=(174)
844 1
fi=(254)
-72 2
fi=(236)
1916 1
fi=(254)
772 1 1
fi=(233)
547 42
fi=(174)
844 14
fi=(254)
-72 28
fi=(236)
1916 14
fi=(254)
772 14 14 6
fi=(174)
+72 2
fi=(254)
-72 4
fi=(236)
1916 2
fi=(254)
772 2 2
fi=(239)
961 51
fi=(233)
547 34
fi=(299)
704 85 0 0 17 1
cfn=(5012)
calls=17 -97 
* 34
fi=(252)
-92 17
fi=(253)
1815 17
fi=(299)
704 51 0 0 17 1
cfn=(5012)
calls=17 -97 
* 34
fi=(252)
-92 17
fi=(253)
1815 17
fi=(264)
317 51
+8 34 0 0 17 1
cob=(2)
cfi=(290)
cfn=(1082)
calls=17 73 
* 382 70 6
* 17
+1 34
fi=(236)
+71 17
fi=(320)
547 17 17 7
0 75
fi=(233)
547 30
fi=(320)
+19 45 15
fi=(233)
-19 120
fi=(320)
+19 180 60 5
0 74
fi=(299)
704 148 0 0 74 1
cfn=(5012)
calls=74 -97 
* 148
fi=(252)
-92 74
fi=(253)
1815 74
fi=(299)
704 222 0 0 74 1
cfn=(5012)
calls=74 -97 
* 148
fi=(252)
-92 74
fi=(253)
1815 74
fi=(264)
317 222
+8 148 0 0 74 1
cob=(2)
cfi=(290)
cfn=(1082)
calls=74 73 
* 1668 306 17
* 74
+1 148
fi=(320)
572 74
fi=(236)
397 148
fi=(320)
572 130 74 24
0 15
fi=(236)
1916 5
fi=(254)
772 5 5
fi=(320)
0 35
547 40
0 2
fi=(233)
547 6
fi=(174)
844 2
fi=(254)
-72 4
fi=(236)
1916 2
fi=(254)
772 2 2 1
fi=(233)
547 54
fi=(174)
844 18
fi=(254)
-72 36
fi=(236)
1916 18
fi=(254)
772 18 18 4
fi=(239)
961 60
fi=(233)
547 60
fi=(299)
704 120 0 0 20 1
cfn=(5012)
calls=20 -97 
* 40
fi=(252)
-92 20
fi=(253)
1815 20
fi=(299)
704 60 0 0 20 1
cfn=(5012)
calls=20 -97 
* 40
fi=(252)
-92 20
fi=(253)
1815 20
fi=(264)
317 60
+8 40 0 0 20 1
cob=(2)
cfi=(290)
cfn=(1082)
calls=20 73 
* 448 82 6
* 20
+1 40
fi=(236)
+71 20
fi=(320)
547 20 20
0 100
fi=(233)
547 40
fi=(320)
+19 60 20 4
0 91
fi=(233)
547 182
fi=(320)
+19 273 91 2
0 109
fi=(299)
704 218 0 0 109 1
cfn=(5012)
calls=109 -97 
* 218
fi=(252)
-92 109
fi=(253)
1815 218
fi=(299)
704 327 0 0 109 1
cfn=(5012)
calls=109 -97 
* 218
fi=(252)
-92 109
fi=(253)
1815 109
fi=(264)
317 327
+8 218 0 0 109 1
cob=(2)
cfi=(290)
cfn=(1082)
calls=109 73 
* 2295 411 22
* 109
+1 218
fi=(320)
572 218
fi=(236)
397 218
fi=(320)
572 163 109 26
0 10
286 15
cfn=(6418)
calls=5 760 
* 6657 466 44 294
fe=(344)
80 40

fl=(433)
fn=(5142)
80 1983408
+1 2287310 860311 31586
-81 91028
82 455140
+1 364112 0 0 91028
cfi=(375)
cfn=(4070) quick_xml::name::NamespaceResolver::push
calls=181635 708 
* 11038566 1087270 50184 220807 2234
fi=(244)
2173 182056 91028
fe=(433)
84 546168
+15 62520
+2 1983408
-8 362908
+3 90727
+1 181454
+4 1000226 363651
fi=(233)
0 91169
fe=(433)
86 547014
+1 364676 0 0 91169 1
cfi=(375)
cfn=(4070)
calls=181774 708 
* 24013988 3224453 308610 426615 14
fi=(244)
2173 182338 91169
fe=(433)
90 91169
+1 455845
-91 182338
101 182338 91169
0 182056
101 182056 91028

fl=(367) /home/zhuhe/.cargo/registry/src/index.crates.io-1949cf8c6b5b557f/quick-xml-0.41.0/src/reader/state.rs
fn=(2376) quick_xml::reader::state::ReaderState::emit_start
312 1275379
fi=(270)
568 364394 182197 1
0 728788
89 182197
fi=(292)
2725 546591 182197 1
fi=(264)
154 182197
fi=(292)
2727 182197 182197 110662
fe=(367)
0 91028
340 182056
fi=(174)
923 91028 91028
0 91028
fi=(368) /home/zhuhe/.cargo/registry/src/index.crates.io-1949cf8c6b5b557f/quick-xml-0.41.0/src/utils.rs
334 182056 91028
0 182056
338 517612
-4 1035224 517612 100432
+1 1056402
-13 528201 528201 10589
0 21178 10589
fi=(253)
2997 10589
1025 10589
+3 21178 10589 503
fi=(252)
612 91028
fi=(233)
1917 91028
fi=(253)
1034 182056
fi=(270)
438 182056 91028 2
fi=(252)
617 91028
fi=(253)
1446 91028
fi=(174)
2494 91028
fi=(252)
765 91028
-94 91028 91028 519
fi=(253)
2881 270918 90306
0 91028
fi=(239)
961 91028
fi=(233)
547 273084 0 0 91028
cob=(2)
cfi=(211)
cfn=(728)
calls=273849 255 
* 1394580 393703 60687
fi=(253)
2886 273084
0 546168
fe=(367)
350 819252
fi=(253)
0 547014
fe=(367)
350 820521
0 182338
fi=(368)
334 91169 91169
0 182338
338 630011
-4 1260022 630011 40422
+1 1361516
-13 680758 680758 50748
0 152241 50747
fe=(367)
330 101494 50747
fi=(253)
0 80439
2997 80439
1025 80439
+3 160878 80439 102
+1 818 0 0 409 409
cfi=(252)
cfn=(1538)
calls=1300 186 
* 72093 9718 718 511 102
* 409
0 80844
fe=(367)
330 80844 40422
fi=(252)
673 2888
cfn=(1178)
calls=2051 -14 
* 163086 22447 2368 930 104
fi=(253)
2997 1444
2881 722
fe=(367)

fn=(2494) quick_xml::reader::state::ReaderState::emit_end
193 816543
+13 90727
fi=(174)
923 181454 90727
fi=(270)
438 181454 90727
0 453635
fe=(367)
209 272181 90727
fi=(368)
322 181454
0 90727
fi=(271)
407 181454
fi=(368)
-85 90727 90727
fi=(253)
0 90727
2795 181454
fe=(367)
0 90727
fi=(252)
612 90727
fi=(233)
1717 90727
fe=(367)
224 181454 90727
fi=(270)
568 272181 90727
0 90727
89 90727
fi=(264)
-69 272181 90727
154 453635 0 0 90727 1
cob=(2)
cfi=(290)
cfn=(1082)
calls=273445 -81 
* 1799305 392618 18578
* 272181
fe=(367)
+72 90727 90727 5
fi=(253)
1773 272181 90727 3
+5 90727
+1 90727
0 181454
fi=(174)
923 90727 90727
0 181454
fi=(253)
2791 272181 90727
fe=(367)
253 635089
+1 907270

fn=(2300) quick_xml::reader::state::ReaderState::emit_question_mark
260 307
+15 614 307
fi=(174)
927 307
fi=(270)
89 307
fi=(292)
2624 614 307 202
fi=(264)
154 1535
fe=(367)
280 1535 614
fi=(368)
+42 307 307
0 921 307 1
fe=(367)
291 2456
+15 307

fl=(260)
fn=(1198)
2351 4228
+1 604
fi=(252)
459 1208 604 183
fe=(260)
2352 604
fi=(243)
14 1208 0 0 604 1
cob=(2)
cfi=(155)
cfn=(650)
calls=1400 3283 
* 75797 13459 762
fi=(252)
468 1208 604
fi=(256)
0 604
fi=(233)
547 2416 0 0 604 1
cob=(2)
cfi=(211)
cfn=(728)
calls=1400 255 
* 7847 1809 170
* 604
fe=(260)
2352 1812
+1 4228

fn=(6332)
1304 200
fi=(252)
617 100
fi=(253)
1513 100
fi=(174)
2494 200
fi=(252)
765 100
-77 100 100
fi=(174)
+81 100
fi=(297)
457 100 100 4
fe=(260)
0 700
fi=(252)
521 100
fi=(236)
1037 600
fi=(252)
527 400
cfn=(1778)
calls=100 +15 
* 20516 3416 57 100
fi=(244)
2173 200 100 8
+1 100
fi=(252)
774 100
+1 200
0 500
fe=(260)
1306 100

fn=(1136) <alloc::string::String as core::fmt::Write>::write_str
3344 12064
fi=(252)
617 1508
fi=(253)
1446 1508
fi=(174)
2494 1508
fi=(252)
765 1508
-94 1508 1508
fi=(253)
2881 1002 501
0 1508
fi=(239)
961 1508
fi=(233)
547 3016 0 0 1508 100
cob=(2)
cfi=(211)
cfn=(728)
calls=86728 255 
* 21107 6030 716
fi=(253)
2886 3016
fe=(260)
3347 10556
fi=(252)
673 5035
cfn=(1774)
calls=4567 -14 
* 134118 18271 1269 1010 2
* 1007
fi=(253)
2997 1007
2881 1007
fe=(260)

fl=(356)
fn=(2360) memchr::arch::x86_64::memchr::memchr3_raw::find_avx2
78 1833376
fi=(491) /rustc/59807616e1fa2540724bfbac14d7976d7e4a3860/library/core/src/../../stdarch/crates/core_arch/src/simd.rs
-22 2750064
fi=(361)
940 5958472
fe=(356)
85 1833376
cfi=(361)
cfn=(2362)
calls=1382857 1037 
* 13790902 1380856 1704
+1 1375032

fn=(2284)
78 1877068
fi=(491)
-22 938534
fi=(361)
+14 2346335
fe=(356)
+15 938534
cfi=(361)
cfn=(2286)
calls=1319641 +94 
* 13110619 3112187 187662
+1 1407801

fn=(2264) memchr::arch::x86_64::memchr::memchr2_raw::find_avx2
78 1458444
fi=(491)
-22 1458444
fi=(361)
557 3281499
fe=(356)
85 1458444
cfi=(361)
cfn=(2266)
calls=925055 654 
* 11701574 2045832 150958
+1 1093833

fl=(469)
fn=(6188)
77 1605
fi=(252)
459 214 107
0 107
fi=(243)
14 214 0 0 107 1
cob=(2)
cfi=(155)
cfn=(650)
calls=107 3283 
* 17901 3192 130
fi=(252)
468 214 107 1
0 107
fi=(233)
547 428 0 0 107
cob=(2)
cfi=(211)
cfn=(728)
calls=107 255 
* 1601 426 87
fi=(252)
-88 214 107
fi=(243)
14 214 0 0 107 1
cob=(2)
cfi=(155)
cfn=(650)
calls=107 3283 
* 18688 3354 120
fi=(252)
468 214 107 4
fi=(256)
0 107
fi=(233)
547 428 0 0 107 1
cob=(2)
cfi=(211)
cfn=(728)
calls=107 255 
* 2354 535 105
0 107
fi=(252)
459 214 107 1
fi=(243)
14 214 0 0 107 1
cob=(2)
cfi=(155)
cfn=(650)
calls=107 3283 
* 17407 3034 80
fi=(252)
468 214 107 1
fi=(256)
0 107
fi=(233)
547 428 0 0 107 1
cob=(2)
cfi=(211)
cfn=(728)
calls=107 255 
* 1183 217 81
* 107
0 107
fe=(469)
83 1177
+6 856

fl=(233)
fn=(2512) core::ptr::drop_in_place<quick_xml::events::Event>
805 416 104 1

fn=(5386)
805 15 1 1

fn=(6524) core::ptr::drop_in_place<alloc::vec::Vec<litchi_pptx::parts::PendingMce>>
805 12 1 1
fi=(252)
632 2 1 1
fe=(233)
805 8

fn=(4384)
805 35
fi=(304)
2697 5
2312 10 5 2
0 5
2253 15 5 2
0 5
2479 5
fi=(311)
1320 5
fi=(262)
863 5
fi=(304)
3595 20
0 2000
3851 500 500 5
fi=(315)
50 1000 500 38
-50 35
fi=(311)
1320 35
fi=(239)
1072 35
fi=(262)
863 35
fi=(315)
113 70
-63 35 35
fi=(314)
641 500
fi=(239)
1072 1000
fi=(252)
632 1000 500 3
fi=(304)
0 500
fi=(239)
1400 500
fi=(243)
48 500 0 0 500
cob=(2)
cfi=(155)
cfn=(762)
calls=700 3319 
* 74038 12090 145
* 500
fi=(174)
3051 5
769 5
fi=(304)
224 5
+1 5
fi=(298)
-25 15 5 1
fi=(304)
3173 5
fi=(239)
1072 5
fi=(243)
48 40 0 0 5 2
cob=(2)
cfi=(155)
cfn=(762)
calls=7 3319 
* 738 125 18
fe=(233)

fn=(5122)
805 1177 107 2
fi=(304)
2697 107
2312 214 107 2
fe=(233)
805 856

fn=(5242)
805 2085118 122654 9

fn=(4250)
805 212
fi=(252)
632 212 106
fe=(233)
805 106
fi=(243)
48 106 0 0 106 106
cob=(2)
cfi=(155)
cfn=(762)
calls=107 3319 
* 17017 2806 205
fi=(252)
632 212 106 2
fe=(233)
805 106
fi=(243)
48 106 0 0 106 1
cob=(2)
cfi=(155)
cfn=(762)
calls=107 3319 
* 15480 2512 17
fi=(252)
632 212 106 104
fe=(233)
805 106
fi=(243)
48 106 0 0 106 104
cob=(2)
cfi=(155)
cfn=(762)
calls=107 3319 
* 16279 2666 61
fi=(252)
632 212 106 9
fe=(233)
805 106
fi=(243)
48 212 0 0 106
cob=(2)
cfi=(155)
cfn=(762)
calls=107 3319 
* 15640 2540 15
fe=(233)

fn=(5980)
805 1040 104 3
fi=(252)
632 6
fe=(233)
805 612 204 2
fi=(252)
632 408 204 4
fe=(233)
805 204
fi=(243)
48 204 0 0 204 2
cob=(2)
cfi=(155)
cfn=(762)
calls=204 3319 
* 28666 4671 26
* 204
fi=(252)
632 208 104 4
fi=(243)
48 4 0 0 2 1
cob=(2)
cfi=(155)
cfn=(762)
calls=2 3319 
* 316 56 13
fe=(233)
805 416 104 4
fi=(252)
632 6
fe=(233)
805 6 2
fi=(252)
632 4 2 2
fe=(233)
805 2
fi=(243)
48 2 0 0 2
cob=(2)
cfi=(155)
cfn=(762)
calls=2 3319 
* 346 57 2
* 2
fi=(252)
632 208 104 1
fi=(243)
48 4 0 0 2 1
cob=(2)
cfi=(155)
cfn=(762)
calls=2 3319 
* 66 12 1
fe=(233)
805 416 104 3
fi=(252)
632 6
fe=(233)
805 600 200 3
fi=(252)
632 400 200 2
fe=(233)
805 200
fi=(243)
48 200 0 0 200 2
cob=(2)
cfi=(155)
cfn=(762)
calls=200 3319 
* 38146 6346 63
* 200
fi=(252)
632 208 104 3
fi=(243)
48 14 0 0 2
cob=(2)
cfi=(155)
cfn=(762)
calls=2 3319 
* 307 53 12
fe=(233)
805 612

fn=(5674)
805 6
fi=(333)
87 6 2 1
fe=(233)
805 4 1 1
fi=(252)
632 3
fe=(233)
805 300 100 1
fi=(252)
632 200 100 4
fe=(233)
805 100
fi=(243)
48 100 0 0 100
cob=(2)
cfi=(155)
cfn=(762)
calls=100 3319 
* 15550 2535 38
* 100
fi=(252)
632 2 1
fi=(243)
48 2 0 0 1
cob=(2)
cfi=(155)
cfn=(762)
calls=1 3319 
* 149 25 3
fe=(233)
805 1
fi=(333)
87 3 1 1
fe=(233)
805 6

fn=(6158)
805 8
1717 1
fi=(475) /rustc/59807616e1fa2540724bfbac14d7976d7e4a3860/library/alloc/src/collections/btree/map.rs
1884 4
+49 5 1 1
-49 1
fi=(265)
2766 1 1
fe=(233)
805 8

fn=(6590)
805 10 1
fi=(252)
632 3
fe=(233)
805 300 100 1
fi=(252)
632 200 100 2
fe=(233)
805 100
fi=(243)
48 100 0 0 100 1
cob=(2)
cfi=(155)
cfn=(762)
calls=100 3319 
* 15700 2562 40
* 100
fi=(252)
632 2 1
fi=(243)
48 7 0 0 1
cob=(2)
cfi=(155)
cfn=(762)
calls=1 3319 
* 146 24 1
fe=(233)

fn=(6162)
805 10 1
fi=(252)
632 3
fe=(233)
805 300 100 1
fi=(252)
632 200 100
fe=(233)
805 100
fi=(243)
48 100 0 0 100 1
cob=(2)
cfi=(155)
cfn=(762)
calls=100 3319 
* 18106 3026 172
fi=(252)
632 200 100 5
fe=(233)
805 100
fi=(243)
48 100 0 0 100 1
cob=(2)
cfi=(155)
cfn=(762)
calls=100 3319 
* 13894 2263 41
* 100
fi=(252)
632 2 1
fi=(243)
48 7 0 0 1 1
cob=(2)
cfi=(155)
cfn=(762)
calls=1 3319 
* 158 28 6
fe=(233)

fn=(6008)
805 6
fi=(267)
514 2
fe=(233)
805 3
fi=(262)
-76 1
fe=(233)
+76 2 1 1
fi=(252)
632 2 1
fi=(267)
506 1
fi=(243)
48 6 0 0 1
cob=(2)
cfi=(155)
cfn=(762)
calls=1 3319 
* 146 24 7
fe=(233)

fn=(6558)
805 6
fi=(252)
632 2 1
fe=(233)
805 1
fi=(243)
48 1 0 0 1 1
cob=(2)
cfi=(155)
cfn=(762)
calls=1 3319 
* 33 6
fi=(252)
632 2 1 1
fe=(233)
805 1
fi=(243)
48 1 0 0 1 1
cob=(2)
cfi=(155)
cfn=(762)
calls=1 3319 
* 33 6
fi=(252)
632 2 1
fe=(233)
805 1
fi=(243)
48 1 0 0 1 1
cob=(2)
cfi=(155)
cfn=(762)
calls=1 3319 
* 33 6
fi=(180)
444 1
fi=(173)
3942 1 1
fi=(337)
2811 1 1
fe=(233)
805 4 1
fi=(252)
632 3
fe=(233)
805 315 105 3
fi=(252)
632 210 105 2
fe=(233)
805 105
fi=(243)
48 105 0 0 105 1
cob=(2)
cfi=(155)
cfn=(762)
calls=105 3319 
* 15530 2552 47
fi=(252)
632 210 105
fe=(233)
805 105
fi=(243)
48 105 0 0 105 1
cob=(2)
cfi=(155)
cfn=(762)
calls=105 3319 
* 15284 2526 43
fi=(252)
632 210 105
fe=(233)
805 105
fi=(243)
48 105 0 0 105 1
cob=(2)
cfi=(155)
cfn=(762)
calls=105 3319 
* 16893 2802 66
* 105
fi=(252)
632 2 1
fi=(243)
48 2 0 0 1 1
cob=(2)
cfi=(155)
cfn=(762)
calls=1 3319 
* 124 20 3
fe=(233)
805 2
cfn=(6566) core::ptr::drop_in_place<alloc::vec::Vec<litchi_pptx::notes::transaction::PartState>>
calls=1 * 
* 57023 10020 65 327 6
* 2
cfn=(6572) core::ptr::drop_in_place<litchi_pptx::notes::model::Master>
calls=1 * 
* 1803 301 24 12 12
* 4 1 1
fi=(252)
632 2 1 1
fe=(233)
805 6

fn=(6578)
805 7
fi=(304)
2697 1
2312 2 1
0 1
2253 3 1
0 1
2479 1
fi=(311)
1320 1
fi=(262)
863 1
fi=(304)
3595 4
0 400
3851 100 100 1
fi=(315)
50 200 100 10
-50 7
fi=(311)
1320 7
fi=(239)
1072 7
fi=(262)
863 7
fi=(315)
113 14
-63 7 7
fi=(314)
641 100
fi=(239)
1072 200
fi=(252)
632 200 100
fi=(304)
0 100
fi=(239)
1400 100
fi=(243)
48 100 0 0 100 1
cob=(2)
cfi=(155)
cfn=(762)
calls=100 3319 
* 14823 2406 6
* 100
fi=(174)
3051 1
769 1
fi=(304)
224 1
+1 1
fi=(298)
-25 3 1 1
fi=(304)
3173 1
fi=(239)
1072 1
fi=(243)
48 8 0 0 1 1
cob=(2)
cfi=(155)
cfn=(762)
calls=1 3319 
* 124 20 1
fe=(233)

fn=(6566)
805 14 1
0 1
fi=(252)
632 5
fe=(233)
805 30 3 2
fi=(252)
632 6 3 1
fe=(233)
805 3
fi=(243)
48 3 0 0 3 1
cob=(2)
cfi=(155)
cfn=(762)
calls=3 3319 
* 329 54 5
fi=(252)
632 6 3
fe=(233)
805 3
fi=(243)
48 3 0 0 3 1
cob=(2)
cfi=(155)
cfn=(762)
calls=3 3319 
* 357 59 3
-48 3
fi=(180)
444 3
fi=(173)
3942 3 3
fi=(337)
2811 3 3 3
fe=(233)
805 15 3 2
0 2
fi=(252)
632 4
fe=(233)
805 318 106 3
fi=(252)
632 212 106 3
fe=(233)
805 106
fi=(243)
48 106 0 0 106 1
cob=(2)
cfi=(155)
cfn=(762)
calls=106 3319 
* 18055 3132 7
fi=(252)
632 212 106
fe=(233)
805 106
fi=(243)
48 106 0 0 106 1
cob=(2)
cfi=(155)
cfn=(762)
calls=106 3319 
* 18151 3149 10
fi=(252)
632 212 106 4
fe=(233)
805 106
fi=(243)
48 106 0 0 106 1
cob=(2)
cfi=(155)
cfn=(762)
calls=106 3319 
* 18089 3142 15
* 106
fi=(252)
632 6 3
0 2
fi=(243)
48 2 0 0 2 1
cob=(2)
cfi=(155)
cfn=(762)
calls=2 3319 
* 182 31 7
* 2
-48 1
fi=(252)
632 2 1
0 1
fi=(243)
48 8 0 0 1
cob=(2)
cfi=(155)
cfn=(762)
calls=1 3319 
* 33 6
fe=(233)

fn=(6572)
805 6
fi=(252)
632 2 1
fe=(233)
805 1
fi=(243)
48 1 0 0 1 1
cob=(2)
cfi=(155)
cfn=(762)
calls=1 3319 
* 148 24 1
fi=(252)
632 2 1
fe=(233)
805 1
fi=(243)
48 1 0 0 1 1
cob=(2)
cfi=(155)
cfn=(762)
calls=1 3319 
* 198 33 3
fi=(252)
632 2 1
fe=(233)
805 1
fi=(243)
48 1 0 0 1 1
cob=(2)
cfi=(155)
cfn=(762)
calls=1 3319 
* 148 24
fi=(252)
632 2 1
fe=(233)
805 1
fi=(243)
48 1 0 0 1 1
cob=(2)
cfi=(155)
cfn=(762)
calls=1 3319 
* 124 20 3
fe=(233)
805 4 1
fi=(252)
632 3
fe=(233)
805 3 1 1
fi=(252)
632 2 1
fe=(233)
805 1
fi=(243)
48 1 0 0 1 1
cob=(2)
cfi=(155)
cfn=(762)
calls=1 3319 
* 198 33 3
fi=(252)
632 2 1
fe=(233)
805 1
fi=(243)
48 1 0 0 1 1
cob=(2)
cfi=(155)
cfn=(762)
calls=1 3319 
* 148 24
fi=(252)
632 2 1
fe=(233)
805 1
fi=(243)
48 1 0 0 1 1
cob=(2)
cfi=(155)
cfn=(762)
calls=1 3319 
* 176 29 1
* 1
fi=(252)
632 2 1
fi=(243)
48 2 0 0 1 1
cob=(2)
cfi=(155)
cfn=(762)
calls=1 3319 
* 33 6 1
fi=(252)
632 2 1
fe=(233)
805 1
fi=(243)
48 1 0 0 1 1
cob=(2)
cfi=(155)
cfn=(762)
calls=1 3319 
* 198 33 2
fi=(252)
632 2 1
fe=(233)
805 1
fi=(243)
48 1 0 0 1 1
cob=(2)
cfi=(155)
cfn=(762)
calls=1 3319 
* 198 33 1
fi=(252)
632 2 1
fe=(233)
805 1
fi=(243)
48 1 0 0 1 1
cob=(2)
cfi=(155)
cfn=(762)
calls=1 3319 
* 33 6 1
fi=(252)
632 2 1 1
fe=(233)
805 1
fi=(243)
48 1 0 0 1 1
cob=(2)
cfi=(155)
cfn=(762)
calls=1 3319 
* 124 20 4
fe=(233)
805 4 1 1
fi=(252)
632 2 1 1
fe=(233)
805 6

fl=(320)
fn=(2182)
612 72
+14 32
fi=(264)
317 24
+8 16 0 0 8 1
cob=(2)
cfi=(290)
cfn=(1082)
calls=8 73 
* 183 35 2
* 8
+1 16
fe=(320)
627 32
fi=(264)
317 24
+8 8 0 0 8 1
cob=(2)
cfi=(290)
cfn=(1082)
calls=8 73 
* 176 32
* 8
+1 16
fe=(320)
628 16
fi=(262)
863 32
fe=(320)
629 16
fi=(262)
863 48
fi=(236)
397 8
fi=(262)
863 24
fe=(320)
641 32
fi=(264)
317 24
+8 8 0 0 8 1
cob=(2)
cfi=(290)
cfn=(1082)
calls=8 73 
* 180 35 2
* 8
+1 16
fe=(320)
642 32
fi=(264)
317 24
+8 8 0 0 8 1
cob=(2)
cfi=(290)
cfn=(1082)
calls=8 73 
* 167 32 3
* 8
+1 16
fi=(236)
+71 16
fi=(295) /rustc/59807616e1fa2540724bfbac14d7976d7e4a3860/library/core/src/hint.rs
876 16
fi=(236)
397 16
fi=(295)
876 32
fi=(236)
397 8
fi=(295)
876 24
fe=(320)
649 32
fi=(264)
317 24
+8 8 0 0 8 1
cob=(2)
cfi=(290)
cfn=(1082)
calls=8 73 
* 181 35 5
* 8
+1 16
fi=(236)
+71 8
fi=(295)
876 32
fi=(233)
547 320
fe=(320)
658 64
-46 162
fi=(299)
+92 54 0 0 18 1
cfn=(5012)
calls=18 -97 
* 36
fi=(252)
-92 18
fi=(253)
1815 18
fi=(299)
704 54 0 0 18 1
cfn=(5012)
calls=18 -97 
* 36
fi=(252)
-92 18
fi=(253)
1815 18
fi=(264)
317 54
+8 36 0 0 18 1
cob=(2)
cfi=(290)
cfn=(1082)
calls=18 73 
* 404 74 10
* 18
+1 36
fi=(236)
+71 54
fi=(299)
704 54 0 0 18
cfn=(5012)
calls=18 -97 
* 36
fi=(252)
-92 18
fi=(253)
1815 18
fi=(299)
704 54 0 0 18 1
cfn=(5012)
calls=18 -97 
* 36
fi=(252)
-92 18
fi=(253)
1815 18
fi=(264)
317 54
+8 36 0 0 18 1
cob=(2)
cfi=(290)
cfn=(1082)
calls=18 73 
* 405 75 5
* 18
+1 36
fe=(320)
628 18
fi=(262)
863 270
fi=(299)
704 54 0 0 18 1
cfn=(5012)
calls=18 -97 
* 36
fi=(252)
-92 36
fi=(253)
1815 18
fi=(299)
704 54 0 0 18 1
cfn=(5012)
calls=18 -97 
* 36
fi=(252)
-92 18
fi=(253)
1815 18
fi=(264)
317 72
+8 36 0 0 18 1
cob=(2)
cfi=(290)
cfn=(1082)
calls=18 73 
* 404 74 4
* 18
+1 36
fi=(299)
704 54 0 0 18 1
cfn=(5012)
calls=18 -97 
* 36
fi=(252)
-92 18
fi=(253)
1815 18
fi=(299)
704 54 0 0 18 1
cfn=(5012)
calls=18 -97 
* 36
fi=(252)
-92 18
fi=(253)
1815 18
fi=(264)
317 54
+8 54 0 0 18 1
cob=(2)
cfi=(290)
cfn=(1082)
calls=18 73 
* 429 81 9
* 18
+1 36
fi=(236)
+71 36
fi=(295)
876 36
fi=(236)
397 36
fi=(295)
876 54
fi=(236)
397 36
fi=(295)
876 54
fi=(299)
704 54 0 0 18 1
cfn=(5012)
calls=18 -97 
* 36
fi=(252)
-92 18
fi=(253)
1815 18
fi=(299)
704 54 0 0 18 1
cfn=(5012)
calls=18 -97 
* 36
fi=(252)
-92 18
fi=(253)
1815 18
fi=(264)
317 54
+8 36 0 0 18 1
cob=(2)
cfi=(290)
cfn=(1082)
calls=18 73 
* 414 78 10
* 18
+1 36
fi=(236)
+71 18
fi=(295)
876 54
fi=(233)
547 180
fe=(320)
658 144

fn=(2180)
205 48
+21 12 6
+9 12
+17 12 6 1
0 6
626 12
fi=(481)
196 24
fi=(236)
1931 6
fi=(481)
196 12
fe=(320)
627 12
fi=(481)
196 24
fi=(236)
1931 6
fi=(481)
196 12
fi=(262)
863 18
fe=(320)
629 6
fi=(262)
863 48
fe=(320)
641 12
fi=(481)
196 24
fi=(236)
1931 6
fi=(481)
196 12
fe=(320)
642 12
fi=(481)
196 24
fi=(236)
1931 6
fi=(262)
863 6
fi=(481)
196 12
fi=(295)
876 18
fi=(262)
-13 6
fi=(295)
+13 24
fi=(262)
-13 6
fi=(295)
+13 18
fe=(320)
649 12
fi=(481)
196 24
fi=(236)
1931 6
fi=(481)
196 12
fi=(295)
876 24
fi=(233)
547 78
fi=(239)
961 18
fe=(320)
626 12
fi=(481)
196 24
fi=(236)
1931 6
fi=(481)
196 12
fe=(320)
627 12
fi=(481)
196 24
fi=(236)
1931 6
fi=(481)
196 12
fi=(262)
863 18
fe=(320)
629 6
fi=(262)
863 48
fe=(320)
641 12
fi=(481)
196 24
fi=(236)
1931 6
fi=(481)
196 12
fe=(320)
642 12
fi=(481)
196 24
fi=(236)
1931 6
fi=(262)
863 6
fi=(481)
196 12
fi=(295)
876 18
fi=(262)
-13 6
fi=(295)
+13 24
fi=(262)
-13 6
fi=(295)
+13 12
fi=(233)
547 6
fi=(295)
876 6
fe=(320)
649 12
fi=(481)
196 24
fi=(236)
1931 6
fi=(233)
547 6
fi=(481)
196 12
fi=(295)
876 18
fi=(233)
547 6
fi=(295)
876 6
fi=(233)
547 114
fi=(236)
1916 6
fi=(254)
772 7 6 2
fe=(320)
547 25
0 2
fi=(233)
547 8
fi=(174)
844 2
fi=(254)
-72 2
fi=(236)
1916 2
fi=(254)
772 2 2
fi=(233)
547 76
fi=(174)
844 19
fi=(254)
-72 19
fi=(236)
1916 19
fi=(254)
772 19 19 7
fi=(174)
+72 1
fi=(254)
-72 1
fi=(236)
1916 1
fi=(254)
772 1 1 1
fi=(239)
961 66
fi=(233)
547 132
fi=(481)
196 88
fi=(236)
1931 22
fi=(481)
196 44
fe=(320)
547 44 22 7
0 42
fi=(233)
1717 63
0 42
547 84
fe=(320)
+19 42 21 3
fi=(233)
0 67
547 268
fe=(320)
+19 134 67 2
fi=(481)
196 344
fi=(236)
1931 86
fi=(481)
196 172
fe=(320)
572 315 86 25
fi=(239)
961 24
fi=(236)
1916 6
fi=(254)
772 6 6 3
fe=(320)
0 5
547 15
fi=(233)
* 24
fi=(174)
844 6
fi=(254)
-72 6
fi=(236)
1916 6
fi=(254)
772 6 6 2
fi=(174)
+72 19
fi=(254)
-72 19
fi=(236)
1916 19
fi=(254)
772 19 19 3
fi=(239)
961 50
fi=(233)
547 150
fi=(481)
196 100
fi=(236)
1931 25
fi=(481)
196 50
fe=(320)
547 50 25 10
0 6
fi=(233)
1717 18
0 12
547 24
fe=(320)
+19 12 6
fi=(233)
0 14
547 56
fe=(320)
+19 28 14 3
fi=(481)
196 80
fi=(236)
1931 20
fi=(481)
196 40
fe=(320)
572 72 20 12
0 6
814 18
fi=(239)
961 12
fi=(262)
-98 24
0 368
fi=(233)
547 184
fe=(320)
740 46
fi=(262)
468 184
fi=(239)
1072 46
fi=(236)
1916 46
fi=(254)
772 46 46 12
fe=(320)
-68 92
fi=(481)
196 184
fi=(236)
1931 46
fi=(481)
196 138
fe=(320)
705 92 46 18
0 27
fi=(233)
547 108
fe=(320)
737 54
fi=(481)
196 108
fi=(236)
1931 27
fi=(481)
196 81
fe=(320)
738 54 27 10
fi=(233)
547 76
fe=(320)
737 38
fi=(481)
196 76
fi=(236)
1931 19
fi=(481)
196 57
fe=(320)
738 38 19 11
0 56
fi=(262)
468 12
fi=(174)
3745 6
fe=(320)
826 6 6 3
0 6
837 18 9 3
218 48
827 15
+1 6
fi=(233)
547 12
fi=(262)
863 18
fe=(320)
-26 6 3 1
205 35
+21 10 5
+9 10
fi=(239)
961 30
fe=(320)
252 20 5 1
0 8
254 4
cfn=(2182)
calls=4 612 
* 1041 83 5 20 5
+1 12
cfn=(2182)
calls=4 612 
* 1046 86 7 20
* 8
-3 4
fi=(233)
547 21
0 5
fi=(236)
1916 1
fi=(254)
772 1 1
fi=(233)
0 20
fi=(236)
1916 4
fi=(254)
772 4 4 3
0 5
fe=(320)
547 25
0 8
fi=(233)
547 48
fi=(174)
844 4
fi=(254)
-72 4
fi=(236)
1916 4
fi=(254)
772 4 4 1
fe=(320)
0 21
fi=(233)
547 252
fi=(174)
844 21
fi=(254)
-72 21
fi=(236)
1916 21
fi=(254)
772 21 21 5
fi=(174)
+72 7
fi=(254)
-72 7
fi=(236)
1916 7
fi=(254)
772 7 7 5
fi=(239)
961 128
fi=(233)
547 448
fi=(264)
317 96
+8 64 0 0 32 1
cob=(2)
cfi=(290)
cfn=(1082)
calls=32 73 
* 707 133 9
* 32
+1 64
fi=(236)
+71 32
fe=(320)
547 32 32 11
0 100
fi=(233)
1717 125
0 50
547 250
fe=(320)
+19 50 25 3
fi=(233)
0 102
547 1020
fe=(320)
+19 204 102 5
+6 246
fi=(264)
317 369
+8 246 0 0 123 1
cob=(2)
cfi=(290)
cfn=(1082)
calls=123 73 
* 2732 507 10
* 123
+1 246
fe=(320)
572 123
fi=(236)
397 123
fe=(320)
572 186 123 26
0 5
fi=(236)
1916 5
fi=(254)
772 5 5
fe=(320)
547 25
0 24
fi=(233)
547 88
fi=(174)
844 8
fi=(254)
-72 8
fi=(236)
1916 8
fi=(254)
772 8 8 2
fe=(320)
0 48
fi=(233)
547 264
fi=(174)
844 24
fi=(254)
-72 24
fi=(236)
1916 24
fi=(254)
772 24 24 3
fi=(174)
+72 3
fi=(254)
-72 3
fi=(236)
1916 3
fi=(254)
772 3 3 1
fi=(239)
961 140
fi=(233)
547 490
fi=(264)
317 105
+8 70 0 0 35 1
cob=(2)
cfi=(290)
cfn=(1082)
calls=35 73 
* 774 143 6
* 35
+1 70
fi=(236)
+71 35
fe=(320)
547 35 35 3
0 128
fi=(233)
1717 128
0 64
547 320
fe=(320)
+19 64 32
fi=(233)
0 121
547 1210
fe=(320)
+19 242 121 9
+6 290
fi=(264)
317 435
+8 290 0 0 145 1
cob=(2)
cfi=(290)
cfn=(1082)
calls=145 73 
* 3333 649 38
* 145
+1 290
fe=(320)
572 145
fi=(236)
397 145
fe=(320)
572 193 145 30
0 5
814 15
fi=(239)
961 10
fi=(262)
-98 20
0 30
fe=(320)
704 20
fi=(264)
317 20
+8 5 0 0 5 1
cob=(2)
cfi=(290)
cfn=(1082)
calls=5 73 
* 107 20 8
fi=(262)
0 220
fe=(320)
704 176
fi=(264)
317 176
+8 44 0 0 44
cob=(2)
cfi=(290)
cfn=(1082)
calls=44 73 
* 975 185 10
* 98
+1 98
fe=(320)
707 98
fi=(262)
863 196
fi=(236)
397 98
fe=(320)
705 49
fi=(233)
547 490
fi=(262)
863 49
fi=(239)
+98 98
fe=(320)
737 245
fi=(264)
317 147
+8 49 0 0 49 1
cob=(2)
cfi=(290)
cfn=(1082)
calls=49 73 
* 1078 205 14
* 98
+1 98
fi=(236)
+71 147
fe=(320)
738 147
fi=(233)
547 490
fe=(320)
740 49
fi=(262)
468 147
fe=(320)
741 49
fi=(262)
468 147
fi=(239)
1072 49
fi=(236)
1916 49
fi=(254)
772 49 49 13
fi=(262)
468 15
fi=(174)
3745 5
fe=(320)
826 5 5 2
fi=(262)
+37 6
fe=(320)
-36 3
+1 6
fi=(233)
547 30
fi=(262)
863 6
0 9
fe=(320)
837 6 3
fi=(262)
0 6
fe=(320)
837 14 7 3
218 40

fn=(2590)
580 8
fi=(239)
961 9
0 2
fi=(233)
547 11
fi=(239)
961 1
fe=(320)
599 4 1
fi=(239)
961 1
fe=(320)
599 4 1 1
0 2
547 8
fi=(264)
317 6
+8 4 0 0 2 1
cob=(2)
cfi=(290)
cfn=(1082)
calls=2 73 
* 44 8
* 2
+1 4
fi=(236)
+71 2
fe=(320)
547 2 2
fi=(233)
1717 11
0 2
547 10
fe=(320)
+19 2 1
+42 8
-9 4 2
0 16
fi=(239)
961 12
0 8
fi=(233)
547 4
fi=(239)
961 4
fe=(320)
599 12 4 1
fi=(239)
0 6
fi=(233)
547 6
fi=(239)
961 6
fe=(320)
599 18 6 2
fi=(239)
961 3
fe=(320)
599 9 3
-52 26
fi=(252)
+65 13
fi=(253)
1815 13
fi=(252)
612 13
fi=(253)
1815 13
fi=(264)
317 39
+8 13 0 0 13 1
cob=(2)
cfi=(290)
cfn=(1082)
calls=13 73 
* 286 52 1
* 13
+1 26
fi=(236)
+71 13
fe=(320)
547 13 13 3
0 20
fi=(233)
547 10
fe=(320)
+19 20 10 1
fi=(233)
-19 28
fe=(320)
+19 56 28 6
+6 34
fi=(252)
+40 34
fi=(253)
1815 34
fi=(252)
612 34
fi=(253)
1815 34
fi=(264)
317 102
+8 34 0 0 34 1
cob=(2)
cfi=(290)
cfn=(1082)
calls=34 73 
* 760 145 9
* 34
+1 68
fe=(320)
572 34
fi=(236)
397 34
fe=(320)
572 46 34 15
0 14
608 2

fn=(6418)
760 96
+54 24
fi=(262)
+49 144
0 72
fi=(299)
704 36 0 0 12 1
cfn=(5012)
calls=12 -97 
* 24
fi=(262)
0 340
fi=(299)
704 204 0 0 68
cfn=(5012)
calls=68 -97 
* 136
fi=(252)
-92 80
fi=(253)
1815 80
fi=(299)
704 240 0 0 80 1
cfn=(5012)
calls=80 -97 
* 160
fi=(252)
-92 80
fi=(253)
1815 80
fi=(264)
317 240
+8 240 0 0 80 1
cob=(2)
cfi=(290)
cfn=(1082)
calls=80 73 
* 1712 308 20
* 80
+1 160
fi=(236)
+71 240
fe=(320)
705 160
fi=(233)
547 240
fe=(320)
707 80
fi=(262)
863 400
fi=(299)
704 320 0 0 80 1
cfn=(5012)
calls=80 -97 
* 160
fi=(252)
-92 80
fi=(253)
1815 160
fi=(299)
704 240 0 0 80 1
cfn=(5012)
calls=80 -97 
* 160
fi=(252)
-92 80
fi=(253)
1815 80
fi=(264)
317 240
+8 160 0 0 80 1
cob=(2)
cfi=(290)
cfn=(1082)
calls=80 73 
* 1834 340 22
* 240
+1 160
fi=(236)
+71 320
fe=(320)
738 160
fi=(233)
547 240
fi=(262)
-79 160
fe=(320)
741 80
fi=(262)
468 160
fi=(236)
1916 240
fi=(254)
772 80 80 17
fi=(262)
468 24
fi=(174)
3745 12
fe=(320)
826 12 12 5
0 16
837 40 20 6
+4 96
0 4
827 20
+1 8
fi=(233)
547 8
fi=(262)
863 24
fe=(320)
-26 8 4 3

fl=(164)
fn=(564)
cob=(2)
cfi=(165)
cfn=(566)
calls=0 242 
0 549351049 45296412 2955275 5586916 230149

fn=(596)
cfi=(172) /rustc/59807616e1fa2540724bfbac14d7976d7e4a3860/library/std/src/rt.rs
cfn=(598) std::rt::lang_start_internal
calls=0 152 
0 549351049 45296412 2955275 5586916 230149

fn=(1762)
0 10863 1207 1 1207 1
cob=(2)
cfi=(155)
cfn=(650)
calls=3942 3283 
0 178489 31120 1322

fl=(480)
fn=(6474)
102 1701
+2 3645
fi=(233)
1717 243
fi=(460)
376 486
fi=(233)
1917 243
fi=(239)
961 486
fi=(233)
709 729 0 0 243 1
cob=(2)
cfi=(227)
cfn=(800)
calls=243 198 
* 3233 898 141
fi=(460)
393 486 243 12
fi=(461)
67 1224 0 0 102 1
cfi=(457)
cfn=(5720)
calls=102 +19 
* 343536 408 7
fi=(427) /rustc/59807616e1fa2540724bfbac14d7976d7e4a3860/library/core/src/slice/specialize.rs
-33 510
fi=(461)
-34 306
fi=(460)
406 102
fi=(233)
547 102
fi=(461)
67 1428 0 0 102
cfi=(457)
cfn=(5720)
calls=102 +19 
* 343536 408 4
-67 423
fi=(460)
406 141
fi=(233)
547 141
fi=(461)
67 1974 0 0 141 1
cfi=(457)
cfn=(5720)
calls=141 +19 
* 474888 564 13
fe=(480)
+37 243
fi=(233)
1917 243
fi=(239)
961 1701
fi=(174)
560 486
fi=(233)
2178 243
fi=(174)
560 4131
fi=(233)
2178 1944
709 972
2178 2187
fe=(480)
105 486
+1 1701

fl=(283)
fn=(1028)
43 3521
fi=(326) /rustc/59807616e1fa2540724bfbac14d7976d7e4a3860/library/core/src/convert/mod.rs
789 2012
fi=(292)
2624 1006 503
fe=(283)
45 503
fi=(264)
154 503
fe=(283)
45 503 503 125
fi=(264)
-25 2012 1006 303
154 503
fe=(283)
54 503 503
-54 1006
105 3521
fi=(284)
1368 1509
cfi=(285)
cfn=(1040)
calls=2479 987 
* 43273 4530 6
fe=(283)
59 1006 503 1
fi=(252)
612 503
fi=(253)
1815 503
fi=(274)
27 1006 503
fi=(233)
2292 1006
fi=(274)
71 1006 503
-71 3018
85 503
+4 1006
-70 2012
+71 503
-71 1509
+72 2012 503
-6 1
+4 2
-70 4
+71 1
-71 3
+72 4 1
+4 504
-14 1511 504 1
-41 6944 3472
-1 11422 3975 503
fi=(239)
961 1006
0 503
fi=(180)
1720 503
fi=(271)
180 503 503
fi=(180)
1720 11536
fi=(271)
180 11536 11536 608
fi=(287)
37 11536
+1 23072 11536
-38 11536
fi=(285)
249 46144 23072
fi=(284)
1067 1509
fi=(259)
2875 503
cfn=(1058)
calls=2479 2461 
* 165025 46647 503
fe=(283)
74 1006 503
fi=(258)
-46 6036
fi=(259)
2875 503
cfi=(258)
cfn=(1068)
calls=2479 104 
* 285039 48721 2173 1508
fe=(283)
82 1006 503
fi=(252)
612 503
fi=(253)
1815 1006
fe=(283)
91 503 0 0 503
cfn=(1090) litchi_opc::packuri::PackURI::validate_percent_encoding
calls=2479 379 
* 203852 54708 3543 503 102
-91 503
fi=(244)
2173 1006 503
fi=(252)
612 503
fi=(253)
1815 503
fe=(283)
92 7042
fi=(258)
-51 503
fi=(297)
457 503 503
fi=(289)
658 3016 1508 504
0 503
658 503
+4 1005
+1 3015
cfi=(285)
cfn=(1074)
calls=5588 432 
* 123594 25084 1717 502
* 2010 1005
+2 1004
+1 502
fi=(301)
211 502
fi=(262)
863 502
fi=(289)
667 502
fe=(283)
92 4022 2011
fi=(292)
2655 3016 1508
fi=(264)
154 1508
fe=(283)
-61 1508 1508
-93 1508
fi=(180)
1720 1508
fi=(271)
180 1508 1508
fe=(283)
-82 1508
fi=(271)
332 3016 1508
fi=(258)
41 3016
fi=(297)
457 1508 1508 287
fi=(289)
643 1006 503 103
+1 503
+4 503
0 1509
646 1509 503
fi=(262)
863 1006
fi=(175)
+39 503
fi=(259)
330 1006
cfn=(1058)
calls=2479 2461 
* 74444 7545 112 503
+2 1006 503
fi=(289)
512 1006
cfn=(1104)
calls=2479 657 
* 68408 9054 105 503
0 1006
fe=(283)
104 2012
-61 35
fi=(252)
459 10 5
0 10
fi=(243)
14 10 0 0 5 1
cob=(2)
cfi=(155)
cfn=(650)
calls=127 3283 
* 576 99 5
fi=(252)
468 10 5 1
fi=(256)
0 5
fi=(233)
547 20 0 0 5 1
cob=(2)
cfi=(211)
cfn=(728)
calls=127 255 
* 57 10 3
fi=(260)
1014 15
fi=(264)
154 5
fe=(283)
45 5 5
fi=(264)
-25 20 10 6
154 5
fe=(283)
54 5 5 1
fi=(284)
1368 20
cfi=(285)
cfn=(1040)
calls=127 987 
* 380 46 15
fe=(283)
59 10 5 3
-59 5
fi=(274)
27 10 5
fi=(233)
2292 10
fi=(274)
71 10 5
-71 30
85 5
+4 10
-70 20
+71 5
-71 15
+72 20 5 2
-6 2
+4 4
-70 8
+71 2
-71 6
+72 8 2
+4 7
-14 19 7 6
-81 5
39 10 5
+1 38 19 2
-1 57 19 7
-39 10
fi=(180)
1720 5
fi=(271)
180 5 5
fi=(180)
1720 131
fi=(271)
180 131 131 5
fi=(287)
37 131
+1 262 131 4
-38 131
fi=(285)
249 524 262 8
fi=(284)
1067 15
fi=(259)
2875 5
cfn=(1058)
calls=127 2461 
* 1869 529 7
fe=(283)
74 10 5
fi=(258)
-46 60
fi=(259)
2875 5
cfi=(258)
cfn=(1068)
calls=127 104 
* 2867 511 41 14 1
fe=(283)
82 10 5 2
fi=(252)
612 5
fi=(253)
1815 10
fe=(283)
91 5 0 0 5 1
cfn=(1090)
calls=127 379 
* 2356 633 25 5
-91 5
fi=(244)
2173 10 5
fi=(252)
612 5
fi=(253)
1815 5
fe=(283)
92 70
fi=(258)
-51 5
fi=(297)
457 5 5
fi=(289)
658 28 14 5
0 5
658 5
+4 9
+1 27
cfi=(285)
cfn=(1074)
calls=246 432 
* 1280 280 24 4
* 18 9
+2 8
+1 4
fi=(301)
211 4
fi=(262)
863 4
fi=(289)
667 4
fe=(283)
92 38 19
fi=(292)
2655 28 14
fi=(264)
154 14
fe=(283)
-61 14 14 4
-93 14
fi=(180)
1720 14
fi=(271)
180 14 14
fe=(283)
-82 14
fi=(271)
332 28 14
fi=(258)
41 28
fi=(297)
457 14 14 2
fi=(289)
643 10 5
+1 5
+4 5
0 15
646 15 5 2
fi=(262)
863 10
fi=(175)
+39 5
fi=(259)
330 10
cfn=(1058)
calls=127 2461 
* 740 75 1 5
+2 10 5
fi=(289)
512 10
cfn=(1104)
calls=127 657 
* 680 90 6 5
0 35
fe=(283)
105 35

fn=(4458)
120 5030
+1 1006 503
fi=(274)
-94 1006 503 102
fi=(233)
2292 1006
fi=(274)
71 1006 503
-71 3018
85 503
+4 1006
-70 2012
+71 503
-71 1509
+72 2012 503 1
+4 503
-14 1509 503 2
-41 1960 980 28
-1 3946 1483 34
fi=(239)
961 1509
0 9028
fi=(285)
249 36112 18056
fi=(180)
1720 9531
fi=(271)
180 9531 9531 511
fi=(287)
37 9028
+1 18056 9028 2
fe=(283)
151 4527
0 1006
fi=(284)
1656 7042
fi=(289)
663 503
cfi=(285)
cfn=(1074)
calls=1170 432 
* 74942 12070 1407 503 2
* 1006 503
+2 503
+1 503
fi=(301)
211 1006
fi=(262)
863 1006
fi=(274)
27 1006 503
+12 1006 503
-39 1006
40 6034 3017
+4 3017
-5 6537 3017 505
fi=(264)
154 503
fe=(283)
-10 503 503 1
+3 2012
fi=(292)
2655 1006 503
fi=(264)
154 503
fe=(283)
335 503 503 106
0 1
336 6
fi=(291) /rustc/59807616e1fa2540724bfbac14d7976d7e4a3860/library/alloc/src/fmt.rs
659 2
0 502
fe=(283)
338 3012
fi=(291)
659 502
0 1004
659 502 0 0 502
cfn=(1116) alloc::fmt::format::format_inner
calls=1160 -9 
* 346280 41338 1992 6530 209
0 2
659 1 0 0 1
cfn=(1116)
calls=10 -9 
* 541 57 9 11
fi=(252)
-47 503
fi=(253)
1815 503
0 1006
464 1509
fe=(283)
346 6539
fi=(252)
612 503
fi=(233)
1917 1006
fi=(253)
1034 1006
0 503
fi=(289)
658 4026 2013 2
+4 2013
+1 6039
cfi=(285)
cfn=(1074)
calls=5162 432 
* 239068 39219 2269 1510
* 4026 2013
+2 3020
+1 1510
fi=(301)
211 1510
fi=(262)
863 1510
fi=(289)
667 1510
fi=(264)
20 3523 1510 503
fi=(289)
643 1006 503
+1 503
+4 503
0 1509
646 1509 503
fi=(262)
863 503
fi=(264)
20 7046 3523 304
154 1
fe=(283)
355 1 1
fi=(253)
2997 1
fe=(283)
357 2 1
fi=(253)
2795 2
2997 503
fe=(283)
350 1006 503
fi=(253)
1028 1006 503
+1 1006 0 0 503
cfi=(252)
cfn=(1538)
calls=1170 186 
* 49797 6036 106 503
* 503
-4 1509
+3 3018 1509 1
fi=(252)
612 1509
fi=(239)
961 3018
fi=(233)
1917 3018
fi=(253)
1034 1509
fe=(283)
0 3020
372 2012 1006
+5 503
fi=(243)
48 503 0 0 503
cob=(2)
cfi=(155)
cfn=(762)
calls=1170 3319 
* 16599 3018
fe=(283)
149 2012
+1 1006
cfn=(1028)
calls=1170 43 
* 1207004 271000 10594 4022 102
fi=(252)
632 1006 503 1
fi=(233)
805 503
fi=(243)
48 503 0 0 503
cob=(2)
cfi=(155)
cfn=(762)
calls=1170 3319 
* 27804 4773 306
* 503
fi=(252)
612 503
fi=(239)
961 2012
fi=(262)
729 1509
0 503
fi=(180)
1720 503
fi=(271)
180 503 503
fi=(180)
1720 2011
fi=(271)
180 2011 2011 503
fi=(259)
2469 2011
fi=(174)
769 2011
fi=(180)
659 2011
fi=(259)
2469 2011 2011
fi=(265)
0 503
fi=(297)
457 503 503
fi=(252)
+2 503 503
0 503
fi=(298)
95 1509
cfi=(164)
cfn=(1762)
calls=1170 -95 
* 90351 15287 744 503 1
* 503
fi=(252)
468 1006 503 9
fi=(253)
965 1509
fi=(296)
160 1006
fi=(252)
765 503
-94 503 503
0 503
fi=(253)
2881 1006 503 6
+5 503
fi=(296)
164 1006
fi=(180)
1720 503
fi=(271)
180 503 503
fi=(296)
0 503
fi=(239)
961 1006
0 503
fi=(292)
2193 3016 1508
fi=(296)
0 3016
fi=(292)
2109 1508
fi=(233)
547 1508
fi=(292)
2193 3016 1508 103
fi=(239)
961 4524
fi=(233)
547 1508 0 0 1508
cob=(2)
cfi=(211)
cfn=(728)
calls=3494 255 
* 23117 6532 351
fi=(296)
0 3016
fi=(180)
1720 1508
fi=(271)
180 1508 1508 114
fi=(296)
+2 503
+3 1006
fi=(252)
632 1006 503
fe=(283)

fn=(1216)
158 408
fi=(252)
612 102
fi=(253)
1815 204
fi=(264)
20 204 102 3
fi=(285)
572 918
fi=(284)
1531 102
cfi=(285)
cfn=(1220)
calls=1049 499 
* 26415 4998 214 204 103
fi=(265)
1164 306
fe=(283)
163 408 204
fi=(284)
386 204 102
fi=(266)
1183 102
fi=(301)
439 102 102 101
0 306
fe=(283)
168 612

fn=(1090)
379 3048
+3 1016 508
0 37033
382 23334 11667 508
+1 58335 23334 1124
fi=(266)
888 20290
fe=(283)
434 59088 19832 1936 508 102
fi=(291)
0 508
fe=(283)
417 1016
+1 2540

fl=(336)
fn=(5096)
339 556
0 1112
339 1668 0 0 556 6
fi=(265)
1230 556
fi=(252)
612 556
fi=(253)
1815 556
fi=(299)
625 556
fe=(336)

fl=(304)
fn=(1316)
1653 162
110 36 18 9
+33 63
fi=(174)
3051 18
fi=(297)
457 9 9 2
fi=(174)
3051 18
fe=(304)
158 63
fi=(174)
3778 9
+5 9
+1 27
+23 9
3051 18
fi=(297)
457 9 9
fi=(174)
3051 18
fi=(297)
457 9 9
fi=(174)
769 18
fi=(297)
457 18 18
fi=(174)
769 18
fe=(304)
224 18
+1 18
fi=(174)
769 108
fi=(297)
457 36 18 1
fi=(298)
186 36 18
0 36
95 18
fi=(243)
-82 18 18 1
+1 36 0 0 18 2
cob=(2)
cfi=(155)
cfn=(650)
calls=24 3283 
* 540 108 15
* 36
fi=(335)
+5 36 18 3
fi=(239)
961 18
fe=(304)
1642 18
185 126
fi=(233)
709 72 0 0 18 13
cob=(2)
cfi=(227)
cfn=(800)
calls=24 198 
* 273 51 20
fe=(304)
1678 90
+3 144
-28 54
110 12 6
+33 21
fi=(174)
3051 6
fi=(297)
457 3 3 2
fi=(174)
3051 6
fe=(304)
158 21
fi=(174)
3778 3
+5 3
+1 9
+23 3
3051 6
fi=(297)
457 3 3
fi=(174)
3051 6
fi=(297)
457 3 3 3
fi=(174)
769 6
fi=(297)
457 6 6 2
fi=(174)
769 6
fe=(304)
224 6
+1 6
fi=(174)
769 36
fi=(297)
457 12 6
fi=(298)
186 12 6
0 12
95 6
fi=(243)
-82 6 6
+1 12 0 0 6
cob=(2)
cfi=(155)
cfn=(650)
calls=469 3283 
* 674 135 11
* 12
fi=(335)
+5 12 6
fi=(239)
961 6
fe=(304)
1642 6
185 42
fi=(233)
709 24 0 0 6
cob=(2)
cfi=(227)
cfn=(800)
calls=469 198 
* 91 17 1
fe=(304)
1678 30
+3 48
-28 49
+9 14 7 3
0 6
110 12 6 4
+33 12
fi=(293)
0 2
fe=(304)
1663 3
0 1
1681 1
fi=(174)
3051 8
fi=(297)
457 4 4 3
fi=(174)
3051 8
fe=(304)
158 28
fi=(174)
3778 4
+5 4
+1 12
+23 4
3051 8
fi=(297)
457 4 4
fi=(174)
3051 4
fi=(297)
457 2 2
fi=(174)
769 6
fi=(297)
457 6 6 2
fi=(174)
769 6
fe=(304)
224 6
+1 6
fi=(174)
769 36
fi=(297)
457 12 6 2
fi=(298)
186 18 6 1
0 6
95 6
fi=(243)
-82 6 6
+1 12 0 0 6 1
cob=(2)
cfi=(155)
cfn=(650)
calls=6 3283 
* 2228 470 69
* 12
fi=(335)
+5 12 6 6
fi=(239)
961 6
fe=(304)
1642 6
185 42
fi=(233)
709 24 0 0 6 1
cob=(2)
cfi=(227)
cfn=(800)
calls=6 198 
* 146 26 4
* 6
fe=(304)
1678 30
+3 56
-28 270
110 60 30 18
+33 105
fi=(174)
3051 30
fi=(297)
457 15 15 2
fi=(174)
3051 30
fe=(304)
158 105
fi=(174)
3778 15
+5 15
+1 45
+23 15
3051 30
fi=(297)
457 15 15
fi=(174)
3051 30
fi=(297)
457 15 15
fi=(174)
769 30
fi=(297)
457 30 30
fi=(174)
769 30
fe=(304)
224 30
+1 30
fi=(174)
769 180
fi=(297)
457 60 30 1
fi=(298)
186 60 30
0 60
95 30
fi=(243)
-82 30 30
+1 60 0 0 30 1
cob=(2)
cfi=(155)
cfn=(650)
calls=314 3283 
* 3109 612 111
* 60
fi=(335)
+5 60 30 3
fi=(239)
961 30
fe=(304)
1642 30
185 210
fi=(233)
709 120 0 0 30 2
cob=(2)
cfi=(227)
cfn=(800)
calls=314 198 
* 455 85 16
fe=(304)
1678 150
+3 240

fn=(5360)
2312 6 3 1
fi=(174)
769 3
fe=(304)
224 3
+1 3
fi=(298)
-25 6 3 1
fi=(239)
1072 3
fi=(243)
48 3 0 0 3
cob=(2)
cfi=(155)
cfn=(762)
calls=4 3319 
* 99 18 5
fe=(304)

fn=(1312)
999 126
2794 18
fi=(174)
769 18
fi=(297)
457 18 18
0 36
fe=(304)
2798 36
185 144
2799 72 18
+27 18
fi=(236)
1037 36
fe=(304)
2738 90
cfn=(1316)
calls=24 1653 
* 2208 294 51 36 15
fi=(244)
2173 18
0 36
2173 36 18
0 36
fe=(304)
2665 36
3986 54 18 8
fi=(311)
1320 15
fi=(315)
31 165
-31 15
50 648 324 16
-50 12
fi=(311)
1320 12
fi=(239)
961 12
fi=(315)
31 24
fe=(304)
3972 12
fi=(315)
50 24 12
fi=(314)
641 324
fe=(304)
3942 324
fi=(239)
1072 972
fi=(310)
258 1296
cfi=(308)
cfn=(1296)
calls=432 694 
* 38556 1620 17
fe=(304)
0 972
fi=(233)
547 324
fi=(311)
1563 324
fi=(315)
50 648 324 4
-50 324
fi=(314)
641 324
fe=(304)
1793 648
fi=(297)
457 648 324
fe=(304)
0 972
fi=(324)
48 324
fi=(174)
2494 324
fe=(304)
2631 324
+3 324
+1 324
2439 972
fi=(233)
547 972
fe=(304)
3986 663 324 15
fi=(312) /rustc/59807616e1fa2540724bfbac14d7976d7e4a3860/library/core/src/iter/adapters/step_by.rs
0 36
fe=(304)
2981 36
fi=(233)
1435 54
fe=(304)
2747 36 18 1
fi=(174)
769 15
fe=(304)
224 15
+1 15
fi=(298)
-25 30 15
fi=(239)
1072 30
fi=(243)
48 15 0 0 15 1
cob=(2)
cfi=(155)
cfn=(762)
calls=20 3319 
* 610 108 2
* 15
fe=(304)
-48 15
1026 144
-27 42
2794 6
fi=(174)
769 6
fi=(297)
457 6 6 1
0 12
fe=(304)
2798 12
185 48
2799 24 6
+27 6
fi=(236)
1037 12
fe=(304)
2738 30
cfn=(1316)
calls=6 1653 
* 1230 197 19 12
fi=(244)
2173 6
0 12
2173 12 6 2
0 12
fe=(304)
2665 12
3986 18 6 1
fi=(311)
1320 5
fi=(315)
31 55
-31 5
50 216 108 13
-50 4
fi=(311)
1320 4
fi=(239)
961 4
fi=(315)
31 8
fe=(304)
3972 4
fi=(315)
50 8 4
fi=(314)
641 108
fe=(304)
3942 108
fi=(239)
1072 324
fi=(310)
258 540
cfi=(308)
cfn=(1296)
calls=108 694 
* 26486 1580 42
fe=(304)
0 324
fi=(233)
547 108
fi=(311)
1563 108
fi=(315)
50 216 108 1
-50 108
fi=(314)
641 108
fe=(304)
1793 216
fi=(297)
457 324 108
fe=(304)
0 324
fi=(324)
48 108
fi=(174)
2494 108
fe=(304)
2631 108
+3 108
+1 108
2439 540
fi=(233)
547 540
fe=(304)
3986 221 108 10
fi=(312)
0 12
fe=(304)
2981 12
fi=(233)
1435 18
fe=(304)
2747 12 6 1
fi=(174)
3051 5
769 5
fe=(304)
224 5
+1 5
fi=(298)
-25 10 5
fi=(239)
1072 10
fi=(243)
48 5 0 0 5 1
cob=(2)
cfi=(155)
cfn=(762)
calls=5 3319 
* 296 53 7
* 5
fe=(304)
-48 5
1026 48
-27 14
2794 2
fi=(174)
769 2
fi=(297)
457 2 2
0 4
fe=(304)
2798 4
185 16
2799 8 2 2
+27 2
fi=(236)
1037 4
fe=(304)
2738 10
cfn=(1316)
calls=2 1653 
* 1746 362 49 4
fi=(244)
2173 2
0 4
2173 4 2
0 4
fe=(304)
2665 4
3986 6 2 2
fi=(312)
0 4
fe=(304)
2981 4
fi=(233)
1435 6
fe=(304)
2747 4 2 2
1026 16
-27 7
2794 1
fi=(174)
769 1
fi=(297)
457 1 1 1
0 2
fe=(304)
2798 2
185 8
2799 4 1
+27 1
fi=(236)
1037 2
fe=(304)
2738 5
cfn=(1316)
calls=1 1653 
* 371 63 16 2
fi=(244)
2173 1
0 2
2173 2 1
0 2
fe=(304)
2665 2
3986 3 1 1
fi=(312)
0 2
fe=(304)
2981 2
fi=(233)
1435 3
fe=(304)
2747 2 1 1
1026 8
-27 210
2794 30
fi=(174)
769 30
fi=(297)
457 30 30 2
0 60
fe=(304)
2798 60
185 240
2799 120 30
+27 30
fi=(236)
1037 60
fe=(304)
2738 150
cfn=(1316)
calls=294 1653 
* 5889 922 151 60 3
fi=(244)
2173 30
0 60
2173 60 30 1
0 60
fe=(304)
2665 60
3986 90 30 9
fi=(311)
1320 25
fi=(315)
31 275
-31 25
50 1080 540 35
-50 20
fi=(311)
1320 20
fi=(239)
961 20
fi=(315)
31 40
fe=(304)
3972 20
fi=(315)
50 40 20
fi=(314)
641 540
fe=(304)
3942 540
fi=(239)
1072 1620
fi=(310)
258 2700
cfi=(308)
cfn=(1296)
calls=1436 694 
* 106594 6400 200
fe=(304)
0 1620
fi=(233)
547 540
fi=(311)
1563 540
fi=(315)
50 1080 540 12
-50 540
fi=(314)
641 540
fe=(304)
1793 1080
fi=(297)
457 1620 540
fe=(304)
0 1620
fi=(324)
48 540
fi=(174)
2494 540
fe=(304)
2631 540
+3 540
+1 540
2439 2700
fi=(233)
547 2700
fe=(304)
3986 1105 540 25
fi=(312)
0 60
fe=(304)
2981 60
fi=(233)
1435 90
fe=(304)
2747 60 30 4
fi=(174)
3051 25
769 25
fe=(304)
224 25
+1 25
fi=(298)
-25 50 25
fi=(239)
1072 50
fi=(243)
48 25 0 0 25 1
cob=(2)
cfi=(155)
cfn=(762)
calls=56 3319 
* 1376 241 30
* 25
fe=(304)
-48 25
1026 240

fn=(2138)
3851 9 3 2
fi=(315)
113 2
-63 2 1 1
fi=(314)
499 1
641 1
fi=(315)
38 1
+76 1
fi=(239)
1072 2
fe=(304)
3861 2
fi=(239)
1072 2
fi=(310)
3224 2
+4 1
0 2
3228 2
fe=(304)

fl=(250)
fn=(5850) namespace_uri_probe::capture_region_0793
393 3
fi=(445)
234 2 0 0 1 1
cfn=(5852)
calls=1 +9 
* 549351039 45296412 2955275 5586915 230148
fi=(295)
491 2
fe=(250)
-94 3

fn=(5834) namespace_uri_probe::run_one
cfn=(5850)
calls=1 393 
357 549351049 45296412 2955275 5586916 230149

fn=(864)
cfn=(5834)
calls=0 332 
282 549351049 45296412 2955275 5586916 230149

fl=(339)
fn=(5412)
459 1100
+1 300 0 0 100 100
cfi=(252)
cfn=(4936)
calls=200 612 
* 300
fi=(264)
20 200 100
154 400 0 0 100 1
cob=(2)
cfi=(290)
cfn=(1082)
calls=200 -81 
* 2900 700 143
* 100
fe=(339)
460 100 100
+1 200
+6 900

fn=(6520)
296 7
+5 1
+1 4
+3 2 1
fi=(244)
0 1
fe=(339)
326 1
cfi=(233)
cfn=(6524)
calls=1 805 
* 22 2 2
* 10

fl=(245)
fn=(1472)
247 8
fi=(243)
14 4 0 0 4 2
cob=(2)
cfi=(155)
cfn=(650)
calls=25 3283 
* 1355 303 25
fe=(245)
248 8 4 1
+4 8

fl=(294) /rustc/59807616e1fa2540724bfbac14d7976d7e4a3860/library/core/src/fmt/mod.rs
fn=(1142) <&T as core::fmt::Display>::fmt
2865 3018
+95 2012 0 0 1006 2
cfn=(1144) <core::fmt::Formatter>::pad
calls=3055 1909 
* 206146 23241 1371 3020 101

fn=(1144)
1909 9054
+2 3018 1006
0 13078 0 0 1006
cfi=(260)
cfn=(1136)
calls=3520 3344 
0 180996 22235 1371 2014 101

fn=(1130) core::fmt::write
1630 5533
878 1006 503
fi=(233)
1717 503
fe=(294)
-65 1006 503 1
0 2515
fi=(233)
1717 3016
fe=(294)
-65 3016 1508 1
fi=(180)
659 3016
fe=(294)
1655 3016 1508 2
+9 2008 0 0 502 105
cfi=(260)
cfn=(1136)
calls=42561 3344 
* 22495 4075 614 504 1
fi=(244)
2173 1004 502
fe=(294)
0 502
fi=(244)
2173 502
fe=(294)
1665 4024 2012
0 1006
fi=(180)
659 2012
fe=(294)
-82 5030
fi=(492) /rustc/59807616e1fa2540724bfbac14d7976d7e4a3860/library/core/src/fmt/rt.rs
144 1006
+8 2012 0 0 1006
cfi=(294)
cfn=(1142)
calls=3055 2865 
* 211176 23241 1371 4026 103
fi=(244)
2173 2012 1006
fe=(294)
0 4024
1739 4024

fl=(467)
fn=(6022)
312 15
+2 6
cfn=(6024)
calls=1 +23 
* 451191 65953 4309 6255 248
* 2 1 1
0 2
fi=(233)
805 1
cfn=(5980)
calls=1 * 
* 34381 5814 65 206 4
* 1
fe=(467)
315 2
+4 8

fn=(6024)
337 36
+6 8 4 3
0 24
346 4 0 0 4 1
cfi=(442)
cfn=(5104)
calls=4 1671 
* 23225 2474 290 420 8
fi=(244)
2173 4
0 16
2173 8 4
fe=(467)
347 32
cfn=(5916)
calls=4 +9 
* 2216057 321418 21891 31649 1000
* 4
fi=(233)
805 12 4
fe=(467)
354 32

fn=(5926) litchi_pptx::notes::codec::inspect_element
447 2180136
fi=(263)
0 181678
fi=(379)
218 181678
fi=(270)
438 363356 181678
0 545034
fe=(467)
459 545034
fi=(262)
863 181678
fi=(173)
3890 363356
fi=(356)
153 726712 0 0 181678 1
cfn=(2284)
calls=181678 -75 
* 7448478 1089852 427
fi=(265)
2766 363356 181678
fi=(363)
0 181678
fi=(262)
619 545034
0 181678
fi=(375)
864 726712 0 0 181678 104
cfn=(4102)
calls=181678 +87 
* 20607344 4347253 171118 402282 4
* 181678
fe=(467)
459 363356
cfi=(468)
cfn=(5938)
calls=181678 80 
* 10647946 1453454 181575 363356 40450
fi=(244)
2173 545034 181678
+1 726712
fi=(173)
3890 363356
fi=(356)
153 726712 0 0 181678 104
cfn=(2284)
calls=181678 -75 
* 7448478 1089852 30452
* 545034
fi=(265)
2766 363356 181678 3
fi=(262)
619 363356
fi=(270)
-46 363356
89 363356
-89 181678
fe=(467)
460 363356 0 0 181678 1
cfi=(353)
cfn=(2222)
calls=181678 89 
* 12708960 2603065 351987
fi=(244)
966 363356 181678 527
+1 545034
fe=(467)
461 363356 181678 111
fi=(264)
20 208 104 5
-20 2
154 4
fe=(467)
463 1 1 1
fi=(469)
10 618
fe=(467)
-10 103
fi=(264)
20 206 103
-20 208
154 104 0 0 104
cob=(2)
cfi=(290)
cfn=(1082)
calls=104 -81 
* 1768 416 13
* 104
fe=(467)
462 312 208
0 208
fi=(264)
154 208 0 0 104 1
cob=(2)
cfi=(290)
cfn=(1082)
calls=104 -81 
* 2039 430 16
* 104
fe=(467)
468 104 104
0 181678
fi=(292)
137 181678
fe=(467)
474 181678 181678 73973
0 120853
475 120853
fi=(293)
0 364153
fe=(467)
477 2007225
0 311
477 933
cfi=(434)
cfn=(5238)
calls=311 227 
* 158168 38591 1647 1139
* 456297
cfi=(434)
cfn=(5238)
calls=152099 227 
* 37018654 4977543 330012 537412 17
* 457230 152410 3
0 91585
477 366340
fi=(244)
966 183170 91585 206
fe=(467)
0 91585
fi=(292)
851 183170 91585 10011
fi=(369)
157 60048
fe=(467)
480 20016 10008 2
fi=(292)
2624 81577 81577 536
0 538
fi=(264)
154 2690
fe=(467)
480 538 538 4
fi=(233)
805 933 311 208
fi=(243)
0 91274
fe=(467)
483 273822
+1 182548 91274 4
0 91274
fi=(262)
863 91274
fi=(173)
3890 182548
fi=(356)
153 273822 0 0 91274 1
cfn=(2284)
calls=91274 -75 
* 4375684 782810 151598
fi=(265)
2766 182548 91274 2
fi=(262)
619 408
fi=(270)
89 408
573 1020
0 364280
fi=(375)
864 455350 0 0 91070 1
cfn=(4102)
calls=91070 +87 
* 2458890 182140 11
* 1020 0 0 204
cfn=(4102)
calls=204 +87 
* 21828 4488 405 408
fe=(467)
488 273822
cfi=(468)
cfn=(5938)
calls=91274 80 
* 2200164 93314 26 408 204
fi=(244)
2173 273822 91274
+1 273822
fe=(467)
489 365096 0 0 91274 2
cfi=(353)
cfn=(2222)
calls=91274 89 
* 5156216 909993 142362
fi=(244)
966 182548 91274 202
+1 273822
fe=(467)
490 365096 0 0 91274 100
cfi=(353)
cfn=(2222)
calls=91274 89 
* 5642707 1065444 144466
fi=(244)
966 182548 91274 297
+1 182548
fe=(467)
491 182548 0 0 91274 1
cfi=(454) /home/zhuhe/.cargo/registry/src/index.crates.io-1949cf8c6b5b557f/quick-xml-0.41.0/src/escape.rs
cfn=(5618) quick_xml::escape::unescape
calls=91274 222 
* 10399163 1378371 135002 91274
fi=(244)
966 365096 91274
+1 638918
fe=(467)
493 91274
fi=(174)
769 273822
fi=(297)
457 91274 91274
fe=(467)
+35 182548
+3 182548 91274 2
0 91274
fi=(264)
20 182548 91274 409
-20 408
154 204 0 0 204 1
cob=(2)
cfi=(290)
cfn=(1082)
calls=204 -81 
* 5916 1428 212
* 204
fe=(467)
498 204 204 2
0 91274
fi=(233)
805 547644 182548 90958
fi=(243)
0 274434
fi=(297)
457 204 204 2
fi=(252)
+2 204 204
fi=(298)
95 612
cfi=(164)
cfn=(1762)
calls=204 -95 
* 35867 6261 173 204
fi=(252)
468 408 204 2
0 204
fi=(233)
547 816 0 0 204 1
cob=(2)
cfi=(211)
cfn=(728)
calls=204 255 
* 3056 814 4
fi=(256)
-95 204
0 204
fi=(253)
1025 204
+3 408 204 16
+1 12 0 0 12 2
cfi=(252)
cfn=(6034)
calls=12 186 
* 6866 1097 136 22 4
* 12
fi=(252)
612 12
fi=(239)
961 24
fi=(233)
1917 48
fi=(253)
1034 24
fi=(264)
20 24 12 3
fi=(252)
612 192
fi=(239)
961 384
fi=(233)
1917 768
fi=(253)
1034 384
fi=(264)
20 384 192 1
-20 204
154 408 204 3
20 416 208 7
-20 4
154 14 2
fi=(252)
433 12
cfn=(1514)
calls=2 +12 
* 348 59 10 2 1
0 2
433 4 2
+1 2
+25 2
fi=(256)
-7 2 2
0 6
fi=(233)
547 4 0 0 2 1
cob=(2)
cfi=(211)
cfn=(728)
calls=2 255 
* 26 6 3
* 2
fi=(260)
1014 8
fi=(253)
-22 4
cfn=(5348)
calls=2 +31 
* 254 26 6 4 1
* 2
0 400
fi=(264)
154 1000
fe=(467)
503 200 200 1
fi=(252)
-70 1200
cfn=(1514)
calls=200 +12 
* 43015 7331 231 200
0 200
433 400 200 6
+1 200
+25 200
fi=(256)
-7 200 200 2
0 600
fi=(233)
547 400 0 0 200 1
cob=(2)
cfi=(211)
cfn=(728)
calls=200 255 
* 3000 800 9
* 200
fi=(260)
1014 800
fi=(253)
-22 400
cfn=(5348)
calls=200 +31 
* 10862 1358 134 33
* 200
fi=(252)
632 121650 60825 2
fi=(233)
805 60825
fi=(243)
48 60825 0 0 60825 100
cob=(2)
cfi=(155)
cfn=(762)
calls=60825 3319 
* 2007362 364972 4
fi=(233)
805 425775 60825 3
cfn=(5242)
calls=60825 * 
* 1034025 60825 1
fe=(467)
509 121650
fi=(469)
17 6
fe=(467)
-17 1
fi=(264)
20 2 1 1
fe=(467)
510 1453424

fn=(6122)
296 12
+7 6
cfn=(6024)
calls=2 +34 
* 1340312 192613 13481 19563 523
fi=(244)
2173 2
0 20
2173 4 2 1
fe=(467)
303 20
+1 4 2 2
+5 2
0 2
310 2
cfi=(233)
cfn=(5980)
calls=2 805 
* 60 12 6
* 6

fn=(5916)
356 832
+7 208 104 1
+3 208 104 4
fi=(293)
0 104
fi=(362)
780 1456
fi=(433)
59 104 0 0 104 1
cfi=(375)
cfn=(4032)
calls=104 571 
* 120187 16051 676 724 6
-2 2184
fi=(362)
224 104
fe=(467)
376 104
+1 104
-88 208
fi=(362)
780 104
fe=(467)
289 1352
fi=(433)
74 208 104
-74 363356
74 847524 282508 65850
fi=(375)
763 181678
fi=(174)
2345 363356
fi=(375)
806 181678
fi=(252)
612 181678
fi=(253)
1815 181678
fi=(239)
961 726712
0 181678
fi=(180)
1720 181678
fi=(271)
25 181678 181678 7
fi=(180)
1720 311
fi=(271)
25 311 311 2
407 363978
fi=(375)
808 181989
fi=(180)
583 181989
fi=(271)
407 181989 181989 113
fi=(270)
219 908390 181678 8
fi=(375)
816 105
fi=(253)
1773 210 105 4
0 210
fi=(433)
76 105
-7 315
cfi=(362)
cfn=(5130)
calls=105 978 
* 8642 659 105 214 1
+7 181573
-7 544719
cfi=(362)
cfn=(5130)
calls=181573 978 
* 66060800 7844578 351020 1130211 10434
* 302802
cfi=(362)
cfn=(5130)
calls=100934 978 
* 38401974 4523358 268105 598135 10728
+1 1130448
cfn=(5142)
calls=282612 +10 
* 46184345 5716727 381600 821441 818
fi=(244)
966 847836 282612 3
0 282612
967 1695672
2174 1695672
fe=(467)
381 2543508 282612 1
0 282612
381 847836 0 0 282612 161311
+1 362876
+2 90719
+1 181438 90719 2
0 90719
388 181438 90719 2
0 90719
396 90719
-5 1451504
cfn=(5926)
calls=90719 +56 
* 47672207 7208139 503865 880547 30564
* 181438
+12 363836
+1 90959
+1 181918 90959 2
+3 181918 90959 2
0 90959
416 90959
-5 1455344
cfn=(5926)
calls=90959 +36 
* 110940188 16082041 1315690 1760934 10539
* 90959
fi=(244)
2173 363356 181678
fi=(233)
805 393689 191789 164
0 10111
805 60666 10111 0 10111 1
fe=(467)
424 181438 90719
+3 90719
fi=(233)
805 181438 90719 2
fi=(252)
0 104
fe=(467)
435 104
cfi=(233)
cfn=(2512)
calls=104 805 
* 416 104 1
* 208
+2 208 104
+3 1352
+1 104
cfi=(233)
cfn=(4250)
calls=104 805 
* 65623 10810 394 416 208
* 936

fl=(434)
fn=(5238)
227 1676532
+1 609648 304824 8
0 152412
231 152412
fi=(374)
698 609648 0 0 152412 2
cfn=(2438) quick_xml::events::attributes::IterState::next
calls=695613 1222 
* 27482776 4131743 331442 294558 15
* 640406 243997 7
0 60827
fe=(434)
235 182481
cfi=(233)
cfn=(5242)
calls=422828 805 
* 1034059 60827
* 60827
-3 60827
fi=(374)
700 549510
fi=(174)
923 641095
fi=(374)
-50 274755 0 0 91585 1
fi=(174)
+50 641095 274755 208
fi=(270)
89 274755
fe=(434)
233 91585
+4 457925
+3 732680
-3 304135
+3 486616

fl=(436) /home/zhuhe/.cargo/registry/src/index.crates.io-1949cf8c6b5b557f/quick-xml-0.41.0/src/lib.rs
fn=(4152) quick_xml::XmlVersion::normalize_attribute_value
107 5000
0 500
117 1000 500
fi=(352) /rustc/59807616e1fa2540724bfbac14d7976d7e4a3860/library/core/src/slice/iter.rs
-13 500
fe=(436)
0 500
fi=(271)
180 500 500 3
0 1500
390 2496
fi=(180)
1720 2496
fi=(271)
180 2496 2496 680
384 4992
fi=(454)
552 2496 2496 101
0 200 100 100
fi=(301)
0 3000
fe=(436)
0 500
123 4000

fl=(446)
fn=(5190)
54 9
fi=(173)
3891 1
fi=(450)
156 2 1 1
fe=(446)
-98 3 0 0 1 1
cfi=(441)
cfn=(5192)
calls=2 +61 
* 1296512 199214 10406 12322 492
fi=(244)
2173 3 1
+1 4
fe=(446)
58 2
fi=(173)
3891 1
fi=(450)
156 2 1 1
fi=(252)
612 1
fe=(446)
0 2
60 9
fi=(450)
410 3
cfn=(5370)
calls=2 533 
* 115 8 5 2
* 1
fe=(446)

fl=(375)
fn=(4070)
708 1457576
+1 364394
fi=(263)
0 364394
fi=(379)
288 182197
fi=(374)
521 2550758
0 182197
698 910985 0 0 182197 1
cfn=(2438)
calls=364351 1222 
* 14020736 2052036 215755 182197 421
* 463550 0 0 92710
cfn=(2438)
calls=185946 1222 
* 7450780 1147432 127053 92710
* 1374535 274907 113
+2 463550
fi=(174)
923 463550
fi=(374)
700 92710
fi=(174)
923 92710
fi=(374)
-50 278130 0 0 92710
fi=(174)
+50 648970 278130 4
fi=(270)
89 92710
fi=(292)
2624 196575 92710 10652
fe=(375)
0 22310
fi=(264)
154 55775
fe=(375)
+27 11155 11155 398
fi=(270)
+38 1840 920
fe=(375)
-37 1840 920 4
fi=(270)
573 920
89 2760
-89 920
fe=(375)
716 2760 920 6
+6 2760 0 0 920 914
cfn=(4080) quick_xml::name::NamespaceResolver::add
calls=1764 -70 
* 561872 87279 4808 3978 912
fi=(244)
2173 1840 920 1
fe=(375)
0 920
715 920
fi=(252)
-83 364394 182197
fi=(233)
805 546591 182197
fi=(243)
0 182197
fe=(375)
728 182197
+1 1457576

fn=(4032)
571 1842
fi=(253)
464 2149
1029 307 0 0 307 100
cfi=(252)
cfn=(1538)
calls=743 186 
* 45346 6158 714 307 3
fi=(252)
612 307
fi=(233)
1917 1228
fi=(253)
1034 614
fi=(252)
673 921
cfn=(1178)
calls=743 -14 
* 30919 3720 28 307
fi=(253)
2997 307
fi=(252)
617 307
-5 307
fi=(233)
-65 614
fi=(253)
2886 614
fi=(174)
2494 307
fi=(252)
765 614 307
fi=(233)
547 1535
fi=(253)
2886 614
1028 614 307
fi=(233)
1917 1228
fi=(253)
1034 307
fi=(252)
617 307
fi=(174)
2494 614
fi=(252)
765 614 307
fi=(233)
547 614
fi=(253)
2886 614
fi=(174)
2494 307
fi=(252)
765 614 307
fi=(233)
547 1228
fi=(253)
2886 614
fe=(375)
588 921
+1 1228
-2 614
+6 2149
0 307
fi=(252)
673 921
cfn=(1178)
calls=743 -14 
* 126570 18446 1155 611 106
-61 307
fi=(253)
2997 614
0 307
fi=(252)
673 921
cfn=(1178)
calls=743 -14 
* 133953 19699 1196 610 1
fi=(253)
2997 307
fi=(252)
617 307
-5 614
fe=(375)

fn=(4102)
951 1917153
fi=(252)
612 273879
fi=(253)
1815 273879
fi=(239)
961 547758
fe=(375)
-7 547758 273879 17
0 547827
fi=(180)
1720 182609
fi=(271)
25 182609 182609
-25 730436
fi=(180)
1720 221008
fi=(271)
25 221008 221008 2
fe=(375)
472 1210851 403617
+5 403617
fi=(292)
2154 2018085 807234 4
0 403617
fi=(265)
2427 403617 403617
0 807234
fi=(264)
154 1210851 0 0 403617 117
cob=(2)
cfi=(290)
cfn=(1082)
calls=995733 -81 
* 4036188 1210854 1251
* 403617
fi=(408) /rustc/59807616e1fa2540724bfbac14d7976d7e4a3860/library/core/src/iter/traits/double_ended.rs
374 403617 403617 170945
fe=(375)
964 547827 182609
494 182609
fi=(292)
2154 730436 365218 1
0 182609
fi=(262)
863 365218
fe=(375)
496 182609
954 182540 91270 4
496 913045
-7 182609
0 182540
489 91270
969 2464911

fn=(4080)
652 9200
+5 920
+1 1840 920
0 920
669 3678 1839 1
-11 2 1 1
fi=(252)
0 920
fi=(264)
20 3680 1840 1
fe=(375)
-20 920
fi=(252)
617 920
fi=(253)
2997 920
fi=(174)
2494 1840
fi=(252)
765 1840
-94 920 920
fi=(253)
2881 1840 920
0 920
fi=(239)
961 920
fi=(233)
547 3680 0 0 920
cob=(2)
cfi=(211)
cfn=(728)
calls=1532 255 
* 14722 5520 217
* 920
fi=(253)
2886 1840
fi=(174)
2494 920
fi=(252)
765 920
-94 920 920 307
fi=(253)
2881 918 306 1
0 920
fi=(239)
961 920
fi=(233)
547 2760 0 0 920
cob=(2)
cfi=(211)
cfn=(728)
calls=1532 255 
* 14100 2758 633
fi=(253)
2886 1840
1025 920
+3 1840 920 1
fi=(252)
612 920
fi=(239)
961 2760
fi=(233)
1917 3680
fi=(253)
1034 2760
fe=(375)
701 920
+1 9200
fi=(253)
1029 612 0 0 306
cfi=(252)
cfn=(1538)
calls=510 186 
* 130956 19107 1028 611 305
* 306
fi=(252)
673 3070
cfn=(1178)
calls=1022 -14 
* 323892 51308 2618 1221 607
* 614
fi=(253)
2997 1228
2881 614
fe=(375)

fn=(4058)
933 6588
+3 3872 1570 23
+1 840
fi=(270)
438 420 210
fi=(262)
863 210
fi=(173)
3890 420
fi=(356)
153 630 0 0 210 1
cfn=(2284)
calls=91525 -75 
* 8604 1256 10
fi=(265)
2766 420 210
fi=(363)
0 210
fi=(262)
619 630
fe=(375)
939 24
fi=(262)
-76 8
fi=(173)
3890 16
fi=(356)
153 24 0 0 8
cfn=(2284)
calls=90744 -75 
* 316 40 2
fi=(265)
2766 16 8
fi=(363)
0 8
fi=(262)
619 24
fe=(375)
938 1236
fi=(270)
438 618 309
fi=(262)
863 309
fi=(173)
3890 618
fi=(356)
153 927 0 0 309
cfn=(2284)
calls=91148 -75 
* 12657 1846 7
fi=(265)
2766 618 309
fi=(363)
0 309
fi=(262)
619 927
0 205
fe=(375)
940 1435
+2 205
0 8
939 24 0 0 8 1
cfn=(4102)
calls=90512 +12 
* 616 104 7 8
* 72
0 309
938 927 0 0 309
cfn=(4102)
calls=90916 +13 
* 23793 4017 259 309 101
* 1854
0 210
937 630 0 0 210 1
cfn=(4102)
calls=90815 +14 
* 16170 2730 118 210 12
* 1050
0 840
942 1890
0 1236
942 4698

fl=(309)
fn=(1298)
256 324
+2 324
+4 972 324 12
0 648
278 324
+1 972
+3 648 324 3
126 648 324
fi=(233)
547 648
fe=(309)
132 1620 324 2
+5 648 324
298 324
0 324
300 648
-44 1322
+2 1322
+4 3966 1322 103
0 656
263 656
fi=(236)
1076 1968
fe=(309)
126 1312 656 5
0 2644
132 2624 656 5
+5 1312 656 15
+2 3280
265 2624
+1 1312 656 2
+1 135
0 135
300 270
0 521
270 521
76 1042
fi=(174)
2457 1563
fi=(297)
2029 521
fe=(309)
78 521
fi=(297)
2029 1042
fe=(309)
79 521
fi=(174)
2457 521
fi=(297)
2029 521
fi=(174)
2457 521
fe=(309)
79 521
fi=(297)
2029 521
fe=(309)
79 521
-1 521
fi=(297)
2029 521
fe=(309)
78 521
+14 521
272 1042
+6 521
+1 1563
+3 1042 521
-4 666
+1 1998
+3 1332 666 3
0 3305
fi=(233)
547 661
fe=(309)
288 661
fi=(174)
2457 661
fi=(297)
2029 661
fi=(174)
2457 661
fe=(309)
78 661
fi=(297)
2029 661
fe=(309)
79 661
fi=(297)
2029 661
fi=(174)
2457 1322
fi=(297)
2029 661
fe=(309)
79 661
fi=(297)
2029 1322
fe=(309)
78 661
290 661
+2 661
-10 1322 661 7
fi=(233)
547 726
fe=(309)
288 726
fi=(174)
2457 726
fi=(297)
2029 726
fi=(174)
2457 726
fe=(309)
78 726
fi=(297)
2029 726
fe=(309)
79 726
fi=(297)
2029 726
fi=(174)
2457 1452
fi=(297)
2029 726
fe=(309)
79 726
fi=(297)
2029 1452
fe=(309)
78 726
290 726
+2 726
-10 1452 726 46
0 2644
126 2374 1187 14
fi=(233)
547 1236
fe=(309)
132 2487 618 23
0 1138
132 2276 569 2
fi=(262)
863 639
fi=(233)
547 639
fe=(309)
134 1917
+1 639
+2 2374 1187 76
+2 3270
298 545
0 545
300 1090
-2 642
0 642
300 1284
-44 4044
+2 4044
+4 12132 4044 36
0 1406
263 1406
fi=(236)
1076 4218
fe=(309)
126 2812 1406 2
0 8088
132 5624 1406 4
+5 2812 1406
+2 7030
265 5624
+1 2812 1406 2
+1 1136
0 1136
300 2272
0 270
270 270
76 540
fi=(174)
2457 810
fi=(297)
2029 270
fe=(309)
78 270
fi=(297)
2029 540
fe=(309)
79 270
fi=(174)
2457 270
fi=(297)
2029 270
fi=(174)
2457 270
fe=(309)
79 270
fi=(297)
2029 270
fe=(309)
79 270
-1 270
fi=(297)
2029 270
fe=(309)
78 270
+14 270
272 540
+6 270
+1 810
+3 540 270
-4 2638
+1 7914
+3 5276 2638 47
0 7155
fi=(233)
547 1431
fe=(309)
288 1431
fi=(174)
2457 1431
fi=(297)
2029 1431
fi=(174)
2457 1431
fe=(309)
78 1431
fi=(297)
2029 1431
fe=(309)
79 1431
fi=(297)
2029 1431
fi=(174)
2457 2862
fi=(297)
2029 1431
fe=(309)
79 1431
fi=(297)
2029 2862
fe=(309)
78 1431
290 1431
+2 1431
-10 2862 1431 11
fi=(233)
547 308
fe=(309)
288 308
fi=(174)
2457 308
fi=(297)
2029 308
fi=(174)
2457 308
fe=(309)
78 308
fi=(297)
2029 308
fe=(309)
79 308
fi=(297)
2029 308
fi=(174)
2457 616
fi=(297)
2029 308
fe=(309)
79 308
fi=(297)
2029 616
fe=(309)
78 308
290 308
+2 308
-10 616 308 12
0 5724
126 5816 2908 21
fi=(233)
547 3012
fe=(309)
132 7194 1506 38
0 2804
132 5608 1402 11
fi=(262)
863 337
fi=(233)
547 337
fe=(309)
134 1011
+1 337
+2 5816 2908 176
+2 7704
298 1284
0 1284
300 2568
-2 1624
0 1624
300 3248
-44 1080
+2 1080
+4 3240 1080 11
0 540
263 540
fi=(236)
1076 1620
fe=(309)
126 1080 540
0 2160
132 2160 540
+5 1080 540
+2 2700
265 2160
+1 1080 540
+1 398
0 398
300 796
0 142
270 142
76 284
fi=(174)
2457 426
fi=(297)
2029 142
fe=(309)
78 142
fi=(297)
2029 284
fe=(309)
79 142
fi=(174)
2457 142
fi=(297)
2029 142
fi=(174)
2457 142
fe=(309)
79 142
fi=(297)
2029 142
fe=(309)
79 142
-1 142
fi=(297)
2029 142
fe=(309)
78 142
+14 142
272 284
+6 142
+1 426
+3 284 142
-4 540
+1 1620
+3 1080 540 53
0 1080
fi=(233)
547 216
fe=(309)
288 216
fi=(174)
2457 216
fi=(297)
2029 216
fi=(174)
2457 216
fe=(309)
78 216
fi=(297)
2029 216
fe=(309)
79 216
fi=(297)
2029 216
fi=(174)
2457 432
fi=(297)
2029 216
fe=(309)
79 216
fi=(297)
2029 432
fe=(309)
78 216
290 216
+2 216
-10 432 216 2
fi=(233)
547 216
fe=(309)
288 216
fi=(174)
2457 216
fi=(297)
2029 216
fi=(174)
2457 216
fe=(309)
78 216
fi=(297)
2029 216
fe=(309)
79 216
fi=(297)
2029 216
fi=(174)
2457 432
fi=(297)
2029 216
fe=(309)
79 216
fi=(297)
2029 432
fe=(309)
78 216
290 216
+2 216
-10 432 216 5
0 864
126 1364 682 3
fi=(233)
547 1080
fe=(309)
132 2484 540 1
0 284
132 568 142
fi=(262)
863 216
fi=(233)
547 216
fe=(309)
134 648
+1 216
+2 1364 682 125
+2 2310
298 385
0 385
300 770
-2 297
0 297
300 594

fl=(374)
fn=(2436)
697 8400
+1 5600 0 0 1400 12
cfn=(2438)
calls=2000 1222 
* 263152 41984 3271 2400 197
* 7000 2800 4
0 500
699 1000
0 1000
700 5400
fi=(174)
923 6300
fe=(374)
-50 2700 0 0 900 1
fi=(174)
+50 6300 2700 2
fi=(270)
89 3600
fe=(374)
700 4500
+3 7000

fn=(4144)
256 6000
+7 500
0 1500
263 500 500 2
fi=(435) /home/zhuhe/.cargo/registry/src/index.crates.io-1949cf8c6b5b557f/quick-xml-0.41.0/src/encoding.rs
125 500 0 0 500 100
cfi=(353)
cfn=(2222)
calls=2584 -36 
* 37108 7980 635
fi=(244)
0 1000
2173 1000 500 10
fi=(436)
0 1000
fe=(374)
269 2500
cfi=(436)
cfn=(4152)
calls=2584 107 
* 32176 6092 884
fi=(244)
2173 500
0 500
2173 500
0 1000
2173 1000 500
fe=(374)
269 1000 500
+2 3000
+3 4000

fn=(2438)
1222 3001033
+1 1286157
1055 1286157 0 0 428719 421
0 428719
1055 428719
fi=(270)
568 857438 428719 101
fi=(180)
1720 857438
fi=(271)
180 428719 428719 117309
fe=(374)
1224 185195
fi=(270)
89 740780
-89 185195
fe=(374)
1229 370390
fi=(368)
322 185195 185195
fe=(374)
1229 370390
fi=(368)
322 185195 185195
0 370390 185195
fi=(180)
1720 555585
fi=(271)
180 185195 185195 8
fe=(374)
1237 243524
+1 243524
0 243524
1360 3858471
fi=(271)
180 1481560
0 185195
fi=(180)
1720 185195
fi=(271)
180 185195 185195
fi=(180)
1720 337878
fi=(271)
180 337878 337878 1
fe=(374)
1242 2092292 523073 123961
0 935043 374924 1253
1287 2222340
cfn=(2448) quick_xml::events::attributes::IterState::check_for_duplicates
calls=556335 1135 
* 14103254 1481395 236574 143146 212
* 370390 185195 207
fi=(180)
1720 370390
fi=(271)
180 185195 185195 3
0 370390
fe=(374)
1298 370390
fi=(368)
322 185195 185195 314
0 370390 185195 6
fe=(374)
0 555585 185195
fi=(271)
180 370390
fi=(180)
1720 185195
fi=(271)
180 185195 185195 1
fi=(180)
1720 695476
fi=(271)
180 695476 695476
fi=(259)
2469 880671
fe=(374)
1342 880671
fi=(180)
659 880671
fi=(259)
2469 880671 880671 197776
fe=(374)
0 555585
1342 370390 185195 7
1212 370390
0 925975

fn=(2448)
1135 1296365
+5 370390 185195 122767
0 184970
fi=(253)
2997 92485
fe=(374)
1141 184970 92485
0 369940
fi=(252)
612 184970
fi=(239)
961 369940
fi=(180)
1720 92485
fi=(271)
180 92485 92485 31354
0 405080 62320 3
fi=(180)
1720 63120
fi=(271)
180 31560 31560 336
fe=(374)
1147 63120
fi=(174)
923 157800 63120 36
fi=(264)
20 63120 31560 10269
fi=(270)
+69 40892
fi=(264)
+65 40892 0 0 20446
cob=(2)
cfi=(290)
cfn=(1082)
calls=81756 -81 
* 331090 72285 11254
* 20446
fi=(271)
349 20446 20446 2
fe=(374)
0 184970
fi=(253)
1028 184970 92485 60337
0 277455
fi=(233)
1917 277455
fi=(253)
1034 277455
fe=(374)
1153 277455
+1 739880
-1 278130
+1 741680
fi=(253)
1029 122684 0 0 61342 1
cfi=(252)
cfn=(1538)
calls=245252 186 
* 6080528 737454 216 61358 211
fi=(252)
612 184026
fe=(374)

fl=(362)
fn=(5130)
978 2550096
263 1700064 0 0 283344 20628
fi=(355) /home/zhuhe/.cargo/registry/src/index.crates.io-1949cf8c6b5b557f/quick-xml-0.41.0/src/reader/slice_reader.rs
-13 614
fi=(292)
2624 614 307
fi=(355)
250 307
fi=(264)
-96 1535
fi=(355)
+96 307 307 1
0 307
fe=(362)
263 1228 0 0 307
fi=(355)
+6 546674
fe=(362)
+56 546674 273337 126
fi=(262)
863 273337
fi=(173)
3890 546674
fi=(356)
153 1093348 0 0 273337
cfn=(2264)
calls=545358 -75 
* 14251679 850009 15968
fi=(265)
2766 546674 273337 3
fi=(355)
269 546462 273231 3855
+1 526448
fe=(362)
+59 263224
0 263224
263 1052896 0 0 263224 300
411 273231
+2 273231
+1 273231
fi=(270)
219 546462 273231 106
0 546462
fi=(265)
2126 546462
fe=(362)
414 1184701 728966 91183
0 614
fi=(262)
468 307
fi=(173)
3890 614
fi=(356)
153 1228 0 0 307
cfn=(2284)
calls=511 -75 
* 23042 2004 360
fi=(265)
2766 614 307 2
fi=(365) /home/zhuhe/.cargo/registry/src/index.crates.io-1949cf8c6b5b557f/quick-xml-0.41.0/src/parser/pi.rs
64 614
+3 1842 921
-67 307
fi=(355)
345 921
fi=(292)
2154 614 307
fi=(355)
0 307
fi=(262)
863 307
fi=(292)
2053 307
fi=(355)
347 921
fe=(362)
453 1228 0 0 307
cfi=(367)
cfn=(2300)
calls=511 260 
* 9210 1842 203
* 307
fi=(355)
288 212
+1 106
fe=(362)
+67 106
fi=(367)
66 212 106
fi=(355)
274 20014
0 10007
fi=(292)
2053 10007
fi=(355)
0 20014
274 10007
0 10007 10007
fe=(362)
343 10007
fi=(367)
66 20014 10007
fi=(262)
468 90727
fi=(173)
3890 181454
fi=(356)
153 453635 0 0 90727 331
cfn=(2360)
calls=181231 -75 
* 5449755 275236 833
* 181454
fi=(265)
2766 181454 90727 6
0 362908
fi=(262)
619 181454
fi=(370) /home/zhuhe/.cargo/registry/src/index.crates.io-1949cf8c6b5b557f/quick-xml-0.41.0/src/parser/element.rs
59 635089 272181 2
-59 90727
59 362908 181454 345
fi=(262)
468 182197
fi=(173)
3890 364394
fi=(356)
153 910985 0 0 182197
cfn=(2360)
calls=363409 -75 
* 10931820 546591 2
* 364394
fi=(265)
2766 364394 182197
0 1006918
fi=(173)
3890 185420
fi=(356)
153 463550 0 0 92710
cfn=(2360)
calls=183830 -75 
* 5562600 278130
fi=(265)
0 185420
fi=(173)
3890 185420
fi=(356)
153 463550 0 0 92710
cfn=(2360)
calls=183830 -75 
* 5597047 280899 869
* 185420
fi=(265)
2766 370840 185420
fi=(262)
619 735234
fi=(370)
59 2666029 1102851 112951
-59 182197
59 728788 364394 2
-59 92710
59 278130 92710
-59 185420
fi=(174)
0 10007
fi=(379)
541 40028
fe=(362)
0 20014
349 10007
+10 212 106 2
+1 106
0 212
374 212 106
0 364394
374 546462 273231 9
+4 106
983 2266752
fi=(355)
344 181454
+1 272181
fi=(262)
863 181454
fi=(292)
2053 90727
fi=(355)
347 181454
fe=(362)
+94 362908 0 0 90727 106
cfi=(367)
cfn=(2494)
calls=181231 193 
* 9329646 1390615 18586 90727 1
0 182068
fi=(355)
344 364394
+1 546591
fi=(262)
863 364394
fi=(292)
2053 182197
fi=(355)
347 364394
fe=(362)
465 728788 0 0 182197 1
cfi=(367)
cfn=(2376)
calls=363409 312 
* 19057183 4118161 377754 92878 615
* 182197
-91 273102 91034 206

fl=(291)
fn=(1116)
650 5030
fi=(294)
878 1006 503 2
fi=(233)
1717 503
fi=(294)
767 1006 503
0 2012
772 1004
fi=(180)
659 502
fi=(233)
1717 502
fi=(294)
767 1004 502
fi=(233)
1717 1006
fi=(294)
767 2012 1006 3
fi=(180)
659 1508
fi=(294)
770 3016 1508 4
+4 3018 1006 1
+8 3018
+4 8048
+2 4024
+1 3018
fi=(180)
659 4024
fi=(294)
0 1006
795 1006 503
0 503
795 503
fi=(252)
459 1006 503 2
0 1006
fi=(260)
485 1509
fi=(294)
236 2515 0 0 503
cfn=(1130)
calls=1981 1630 
* 285464 34858 1989 6038 209
fi=(244)
1183 1006 503
fe=(291)
656 2012
+1 4024

fl=(454)
fn=(5618)
222 1004014
+52 547644
0 91274
fi=(173)
3890 182548
fi=(356)
153 456370 0 0 91274
cfn=(2264)
calls=101274 -75 
* 6200559 1195823 134990
fi=(265)
2766 182548 91274 11
fi=(253)
0 91274
fe=(454)
307 182548 91274 1
0 91274
313 365096
0 182548
224 821466

fl=(274)
fn=(1224)
111 624
fi=(233)
2292 208
+1 312
fi=(292)
4511 208 104 1
2053 208
4465 104
fe=(274)
128 208
fi=(270)
568 104 104
0 104
fi=(271)
405 312
fi=(180)
1720 208
fi=(271)
25 104 104
fi=(180)
1720 1026
fi=(271)
25 513 513 102
407 515
fe=(274)
132 1030
fi=(271)
407 517 515 6
0 204
fi=(266)
1433 306
0 204
fe=(274)
142 204 102
+4 204
+4 102
19 408
151 102
19 306
152 408 102
0 102
fi=(174)
923 102 102
0 102
fi=(180)
1720 102
fi=(271)
25 102 102 2
fi=(180)
1720 1125
fi=(271)
25 1125 1125 2
406 1227
fe=(274)
160 2454
fi=(271)
407 1227 1227 102
0 208
fe=(274)
161 728

fl=(172)
fn=(598)
fi=(323)
cfn=(860) std::rt::lang_start::{{closure}}
calls=0 206 
287 549351049 45296412 2955275 5586916 230149
fe=(172)

fn=(860)
cfi=(249)
cfn=(862)
calls=0 162 
206 549351049 45296412 2955275 5586916 230149

ob=(3)
fl=(152)
fn=(726)
0 3756 0 0 1878 1246
cob=(2)
cfi=(211)
cfn=(728)
calls=18659 255 
0 38548 6802 1136

totals: 549351049 45296412 2955275 5586916 230149
