   Compiling zeroize v1.9.0
   Compiling cfg-if v1.0.4
   Compiling typenum v1.20.1
   Compiling libc v0.2.189
   Compiling hybrid-array v0.4.14
   Compiling const-oid v0.9.6
   Compiling subtle v2.6.1
   Compiling generic-array v0.14.9
   Compiling crypto-common v0.2.2
   Compiling block-buffer v0.12.1
   Compiling libm v0.2.16
   Compiling serde_core v1.0.229
   Compiling num-traits v0.2.19
   Compiling getrandom v0.2.17
   Compiling smallvec v1.16.0
   Compiling cmov v0.5.4
   Compiling ctutils v0.4.2
   Compiling rand_core v0.6.4
   Compiling zerocopy v0.8.56
   Compiling crypto-common v0.1.6
   Compiling block-buffer v0.10.4
   Compiling base64ct v1.6.0
   Compiling cpufeatures v0.3.1
   Compiling const-oid v0.10.2
   Compiling digest v0.11.3
   Compiling pem-rfc7468 v0.7.0
   Compiling digest v0.10.7
   Compiling flagset v0.4.7
   Compiling der v0.7.10
   Compiling zerofrom v0.1.4
   Compiling once_cell v1.21.4
   Compiling rand_core v0.10.1
   Compiling stable_deref_trait v1.2.1
   Compiling yoke v0.7.4
   Compiling spki v0.7.3
   Compiling crossbeam-utils v0.8.22
   Compiling either v1.18.0
   Compiling crossbeam-epoch v0.9.20
   Compiling zerovec v0.10.4
   Compiling thiserror v2.0.18
   Compiling serde v1.0.229
   Compiling zmij v1.0.19
   Compiling getrandom v0.4.3
   Compiling chacha20 v0.10.2
   Compiling iana-time-zone v0.1.65
   Compiling itoa v1.0.18
   Compiling rand v0.10.2
   Compiling serde_json v1.0.149
   Compiling chrono v0.4.45
   Compiling crossbeam-deque v0.8.7
   Compiling pkcs8 v0.10.2
   Compiling sha2 v0.11.0
   Compiling fast-float2 v0.2.4
   Compiling base64 v0.22.1
   Compiling rayon-core v1.13.0
   Compiling litchi-core v0.0.1 (/home/zhuhe/code/litchi-worktrees/0780-static-mce-capabilities/crates/litchi-core)
   Compiling tinystr v0.7.6
   Compiling spin v0.9.9
   Compiling writeable v0.5.5
   Compiling litemap v0.7.3
   Compiling icu_locid v1.5.0
   Compiling lazy_static v1.5.0
   Compiling rayon v1.12.0
   Compiling ff v0.13.1
   Compiling base16ct v0.2.0
   Compiling cpufeatures v0.2.17
   Compiling sec1 v0.7.3
   Compiling icu_provider v1.5.0
   Compiling group v0.13.0
   Compiling icu_locid_transform_data v1.5.1
   Compiling ppv-lite86 v0.2.21
   Compiling bitflags v2.13.1
   Compiling crypto-bigint v0.5.5
   Compiling block-padding v0.4.2
   Compiling encoding_rs v0.8.35
   Compiling fixedbitset v0.5.7
   Compiling litchi-cfb v0.0.1 (/home/zhuhe/code/litchi-worktrees/0780-static-mce-capabilities/crates/litchi-cfb)
   Compiling elliptic-curve v0.13.8
   Compiling inout v0.2.2
   Compiling rand_chacha v0.3.1
   Compiling icu_locid_transform v1.5.0
   Compiling icu_properties_data v1.5.1
   Compiling sha2 v0.10.9
   Compiling icu_collections v1.5.0
   Compiling signature v2.2.0
   Compiling hmac v0.12.1
   Compiling num-integer v0.1.47
   Compiling zlib-rs v0.6.7
   Compiling tinyvec_macros v0.1.1
   Compiling tinyvec v1.12.0
   Compiling num-iter v0.1.46
   Compiling rfc6979 v0.4.0
   Compiling icu_properties v1.5.1
   Compiling rand v0.8.8
   Compiling cipher v0.5.2
   Compiling icu_normalizer_data v1.5.1
   Compiling crc32fast v1.5.1
   Compiling utf16_iter v1.0.5
   Compiling write16 v1.0.0
   Compiling utf8_iter v1.0.4
   Compiling icu_normalizer v1.5.0
   Compiling num-bigint-dig v0.8.6
   Compiling flate2 v1.1.10
   Compiling ecdsa v0.16.9
   Compiling primeorder v0.13.6
   Compiling litchi-codepage v0.0.1 (/home/zhuhe/code/litchi-worktrees/0780-static-mce-capabilities/crates/litchi-codepage)
   Compiling sha1 v0.10.7
   Compiling pkcs1 v0.7.5
   Compiling linux-raw-sys v0.12.1
   Compiling rsa v0.9.10
   Compiling rustix v1.1.4
   Compiling p256 v0.13.2
   Compiling getrandom v0.3.4
   Compiling idna_adapter v1.2.0
   Compiling x509-cert v0.2.5
   Compiling debug_unsafe v0.1.4
   Compiling fastrand v2.5.0
   Compiling cpubits v0.1.1
   Compiling percent-encoding v2.3.2
   Compiling form_urlencoded v1.2.2
   Compiling aes v0.9.3
   Compiling litchi-sign v0.0.1 (/home/zhuhe/code/litchi-worktrees/0780-static-mce-capabilities/crates/litchi-sign)
   Compiling tempfile v3.27.0
   Compiling atoi_simd v0.18.1
   Compiling xml-minifier v0.1.0 (/home/zhuhe/code/litchi-worktrees/0780-static-mce-capabilities/crates/xml-minifier)
   Compiling idna v1.1.0
   Compiling litchi-ole-common v0.0.1 (/home/zhuhe/code/litchi-worktrees/0780-static-mce-capabilities/crates/litchi-ole-common)
   Compiling soapberry-zip v0.0.1 (/home/zhuhe/code/litchi-worktrees/0780-static-mce-capabilities/crates/soapberry-zip)
   Compiling rc4 v0.2.0
   Compiling cbc v0.2.1
   Compiling unicode-normalization v0.1.25
   Compiling hmac v0.13.0
   Compiling md-5 v0.11.0
   Compiling sha1 v0.11.0
   Compiling litchi-crypto v0.0.1 (/home/zhuhe/code/litchi-worktrees/0780-static-mce-capabilities/crates/litchi-crypto)
   Compiling caseless v0.2.2
   Compiling litchi-opc v0.0.1 (/home/zhuhe/code/litchi-worktrees/0780-static-mce-capabilities/crates/litchi-opc)
   Compiling url v2.5.8
   Compiling litchi-vba v0.0.1 (/home/zhuhe/code/litchi-worktrees/0780-static-mce-capabilities/crates/litchi-vba)
   Compiling ryu v1.0.22
   Compiling pathfinder_simd v0.5.6
   Compiling libloading v0.8.8
   Compiling byteorder v1.5.0
   Compiling log v0.4.29
   Compiling alloc-no-stdlib v2.0.4
   Compiling option-ext v0.2.0
   Compiling dirs-sys v0.5.0
   Compiling alloc-stdlib v0.2.4
   Compiling pathfinder_geometry v0.5.1
   Compiling dlib v0.5.3
   Compiling aliasable v0.1.3
   Compiling static_assertions v1.1.0
   Compiling same-file v1.0.6
   Compiling walkdir v2.5.0
   Compiling litchi-ooxml-common v0.0.1 (/home/zhuhe/code/litchi-worktrees/0780-static-mce-capabilities/crates/litchi-ooxml-common)
   Compiling ouroboros v0.18.5
   Compiling enumflags2 v0.7.12
   Compiling yeslogic-fontconfig-sys v6.0.1
   Compiling unicode-general-category v1.1.0
   Compiling unicode-canonical-combining-class v1.0.0
   Compiling brotli-decompressor v5.0.3
   Compiling litchi-drawingml v0.0.1 (/home/zhuhe/code/litchi-worktrees/0780-static-mce-capabilities/crates/litchi-drawingml)
   Compiling unicode-joining-type v1.0.0
   Compiling dirs v6.0.0
   Compiling freetype-sys v0.20.1
   Compiling itertools v0.14.0
   Compiling bitreader v0.3.11
   Compiling float-ord v0.3.2
   Compiling glyph-names v0.2.0
   Compiling bytemuck v1.25.2
   Compiling rustc-hash v2.1.3
   Compiling ucd-trie v0.1.7
   Compiling allsorts v0.17.0
   Compiling roaring v0.11.1
   Compiling font-kit v0.14.3
   Compiling litchi-fonts v0.0.1 (/home/zhuhe/code/litchi-worktrees/0780-static-mce-capabilities/crates/litchi-fonts)
   Compiling litchi-spreadsheet-drawing v0.0.1 (/home/zhuhe/code/litchi-worktrees/0780-static-mce-capabilities/crates/litchi-spreadsheet-drawing)
   Compiling litchi-xldm v0.0.1 (/home/zhuhe/code/litchi-worktrees/0780-static-mce-capabilities/crates/litchi-xldm)
   Compiling litchi-sheet v0.0.1 (/home/zhuhe/code/litchi-worktrees/0780-static-mce-capabilities/crates/litchi-sheet)
   Compiling litchi-pptx v0.0.1 (/home/zhuhe/code/litchi-worktrees/0780-static-mce-capabilities/crates/litchi-pptx)
   Compiling litchi-xlsx v0.0.1 (/home/zhuhe/code/litchi-worktrees/0780-static-mce-capabilities/crates/litchi-xlsx)
   Compiling litchi-docx v0.0.1 (/home/zhuhe/code/litchi-worktrees/0780-static-mce-capabilities/crates/litchi-docx)
    Finished `test` profile [unoptimized] target(s) in 2m 17s
     Running unittests src/lib.rs (/home/zhuhe/code/litchi-target-0780/quality/debug/deps/litchi_docx-2b10268a3f09f1ab)

running 1217 tests
test alt::tests::emitted_anchors_round_trip_both_conformance_families ... ok
test alt::tests::identifiers_and_external_targets_are_validated_once ... ok
test alt::tests::enforces_conformance_specific_match_source_values ... ok
test alt::tests::media_classification_is_parameter_tolerant_and_preserves_unknowns ... ok
test alt::tests::part_lends_original_bytes_and_classifies_without_interpreting ... ok
test alt::tests::recognizes_iso_word_and_strict_relationship_dialects ... ok
test alt::tests::mce_selects_one_branch_without_rewriting_source_offsets ... ok
test alt::tests::rejects_missing_duplicate_or_unsafe_relationships_and_invalid_children ... ok
test alt::tests::rejects_xml_byte_and_depth_resource_exhaustion ... ok
test alt::tests::scans_strict_and_transitional_anchors_in_source_order ... ok
test alt::tests::typed_payloads_cover_word_supported_media_types_and_move_bytes ... ok
test bibliography::package::tests::ignores_non_bibliography_custom_xml ... ok
test bibliography::package::tests::preserves_custom_xml_provenance_around_owner_payload ... ok
test bibliography::package::tests::recognizes_legacy_single_source_payloads ... ok
test bibliography::package::tests::recognizes_strict_bibliography_source_lists ... ok
test bibliography::tests::ignores_foreign_children_but_preserves_bibliography_scalar_order ... ok
test bibliography::tests::parses_source_store_metadata_and_nested_scalar_values ... ok
test bibliography::tests::recognizes_strict_and_legacy_source_payloads ... ok
test bibliography::tests::rejects_dtd_and_mismatched_end_elements ... ok
test bibliography::writer::tests::add_remove_replace_preserve_store_content ... ok
test alt::tests::rejects_anchor_count_resource_exhaustion ... ok
test bibliography::writer::tests::preserves_style_attributes_on_mutation ... ok
test bibliography::writer::tests::mutates_real_fixture_store_preserving_style_metadata ... ok
test bibliography::writer::tests::remove_replace_and_duplicate_tag_flows ... ok
test bibliography::writer::tests::serializes_typed_source_with_all_fields ... ok
test bibliography::writer::tests::validates_builder_bounds ... ok
test bibliography::writer::tests::round_trips_authored_sources_through_saved_package ... ok
test bookmark::tests::test_bookmark_creation ... ok
test bookmark::tests::repeated_bookmark_attributes_keep_their_first_value ... ok
test chart::tests::chart_patches_reject_stale_sources_and_invalid_graphs_atomically ... ok
test chart::tests::patch_round_trip_keeps_style_color_and_workbook_relationship_edges ... ok
test chart::tests::poi_and_libreoffice_internal_charts_round_trip_deterministically ... ok
test chart::tests::rejects_external_ole_malformed_orphan_unsupported_and_caps_before_mutation ... ok
test chart::tests::strict_mce_graph_round_trips_without_opening_workbook ... ok
test chart::tests::transaction_noop_keeps_exact_source_bytes_and_relationship_topology ... ok
test chart::tests::transaction_publishes_opaque_workbook_edits_and_inverse_patch ... ok
test color::tests::every_theme_color_round_trips ... ok
test color::tests::strict_parser_rejects_invalid_and_other_color_domains ... ok
test comment::tests::extracts_aliased_comment_slices_and_decodes_metadata ... ok
test comment::tests::rejects_unterminated_comment_slices ... ok
test comment::tests::test_comment_creation ... ok
test comment::tests::word_2023_revision_utc_is_retained_in_comment_mce_projection ... ok
test content_control::authoring::id_range_tests::rejects_content_control_id_above_the_int32_range ... ok
test content_control::authoring::id_range_tests::writes_the_maximum_int32_content_control_id ... ok
test content_control::authoring::tests::children_follow_ct_sdt_pr_schema_order ... ok
test content_control::authoring::tests::entity_picker_and_list_item_limits_are_refused ... ok
test content_control::authoring::tests::formatting_invariant_and_output_limit_are_enforced ... ok
test content_control::authoring::tests::invalid_xml_scalar_and_full_date_are_refused ... ok
test content_control::authoring::tests::umalqura_calendar_is_authored_with_its_required_hijri_fallback ... ok
test content_control::authoring::tests::word_2012_binding_preserves_its_normative_vocabulary ... ok
test content_control::authoring::tests::word_2012_namespace_and_token_are_authored_once ... ok
test content_control::package::tests::bulk_refresh_quota_failure_is_atomic_and_retryable ... ok
test content_control::package::tests::canonical_unsigned_signature_token_matches_empty_signature_inventory ... ok
test content_control::package::tests::changed_patch_inverse_accepts_unsigned_state_and_refuses_new_signature ... ok
test content_control::package::tests::changed_signed_patch_requires_explicit_unsign_but_noop_preserves_signature ... ok
test content_control::package::tests::clean_exact_noop_still_bypasses_opc_publication ... ok
test content_control::package::tests::custom_xml_graph_is_bounded_before_discovery ... ok
test content_control::package::tests::direct_setter_failures_leave_only_previously_queued_child_edits ... ok
test content_control::package::tests::duplicate_store_guid_is_rejected_before_checksum_reporting ... ok
test content_control::package::tests::package_binding_and_report_limits_are_independent ... ok
test content_control::package::tests::package_entry_points_refuse_pending_facade_state_before_claiming_patch ... ok
test content_control::package::tests::package_refresh_edits_only_selected_alternate_content_binding ... ok
test content_control::package::tests::signature_inventory_follows_relationships_and_content_types_not_part_names ... ok
test content_control::tests::accepts_strict_and_aliased_word_namespaces ... ok
test content_control::tests::applies_configurable_event_depth_control_and_metadata_limits ... ok
test content_control::tests::checksum_equality_hash_and_lexical_access_ignore_source_provenance ... ok
test content_control::tests::checksum_is_strict_canonical_base64_over_little_endian_word_value ... ok
test content_control::tests::deep_many_prefix_ignorable_scopes_use_constant_semantic_state ... ok
test content_control::tests::extracts_checkbox_date_and_repeating_section_metadata ... ok
test content_control::tests::extracts_namespaced_properties_and_decodes_values ... ok
test content_control::tests::formatting_allowed_accepts_all_on_off_tokens_only_on_content_locks ... ok
test content_control::tests::ignores_foreign_lookalikes_and_idless_controls ... ok
test content_control::tests::inventories_missing_and_duplicate_ids_as_distinct_occurrences ... ok
test content_control::tests::kind_tokens_are_complete_compact_and_round_trip ... ok
test content_control::tests::known_extension_owners_require_expanded_inherited_ignorable_namespaces ... ok
test content_control::tests::list_item_limits_accept_exact_and_reject_next_allocation ... ok
test content_control::tests::mce_output_budget_is_independent_and_accepts_the_exact_boundary ... ok
test content_control::tests::parses_checksum_by_expanded_name_and_retains_malformed_lexical_state ... ok
test content_control::tests::recognizes_all_standard_type_markers ... ok
test content_control::tests::rejects_invalid_or_duplicate_properties ... ok
test content_control::tests::rejects_truncated_properties ... ok
test content_control::tests::selects_only_the_active_mce_branch ... ok
test content_control::tests::test_content_control_creation ... ok
test content_control::tests::umalqura_calendar_uses_the_active_mce_choice ... ok
test content_control::tests::unknown_date_calendar_tokens_remain_typed_and_lossless ... ok
test content_control::transaction::tests::cached_prefix_selection_is_reused_across_many_edits ... ok
test content_control::transaction::tests::checksum_insert_reparses_and_noop_preserves_exact_source ... ok
test content_control::transaction::tests::detached_input_and_depth_stack_limits_are_admitted_before_ownership ... ok
test content_control::transaction::tests::edits_only_selected_property_nested_in_alternate_content ... ok
test content_control::transaction::tests::edits_only_the_mce_selected_binding ... ok
test content_control::transaction::tests::exact_source_process_content_discovers_inherited_binding ... ok
test content_control::transaction::tests::exact_source_process_content_discovers_self_declared_wildcard_lock ... ok
test content_control::transaction::tests::formats_only_selected_fallback_lock_nested_in_alternate_content ... ok
test content_control::transaction::tests::formatting_insert_reuses_local_ignorable_without_duplicate_attribute ... ok
test content_control::transaction::tests::malformed_checksum_can_be_explicitly_repaired ... ok
test content_control::transaction::tests::mce_output_limit_is_independent_from_authored_output_limit ... ok
test content_control::transaction::tests::output_limit_failure_leaves_transaction_retryable ... ok
test content_control::transaction::tests::refuses_formatting_on_non_content_lock_without_consuming_transaction ... ok
test content_control::transaction::tests::stale_patch_failure_is_retryable_and_inverse_is_fresh ... ok
test content_control::transaction::tests::standalone_properties_preserve_legal_epilog_whitespace ... ok
test custom_xml::tests::test_custom_xml_part_creation ... ok
test document::package::tests::minimal_package_exposes_all_document_facade_layers ... ok
test document::transaction::attribute_tests::a_malformed_field_character_type_before_a_well_formed_one_is_refused ... ok
test document::transaction::attribute_tests::repeated_field_character_types_keep_their_first_value ... ok
test document::transaction::durable::composition_effects_tests::revision_action_conflicts_with_same_paragraph_source_owner ... ok
test document::transaction::durable::composition_effects_tests::revision_actions_in_separate_paragraphs_remain_disjoint_and_inverse_symmetric ... ok
test document::transaction::publication_proof_tests::a_candidate_the_writer_would_refuse_carries_no_proof ... ok
test document::transaction::publication_proof_tests::a_derived_snapshot_never_inherits_a_proof ... ok
test document::transaction::publication_proof_tests::a_source_with_identity_keeps_the_historical_gate_and_builds_no_proof ... ok
test document::transaction::publication_proof_tests::publishing_with_the_proof_emits_what_publishing_without_it_emits ... ok
test document::transaction::publication_proof_tests::the_route_and_proof_follow_the_historical_gate_on_every_fixture ... ok
test document::transaction::publication_proof_tests::the_route_and_proof_follow_the_historical_gate_on_mutated_sources ... ok
test document::transaction::scan_differential_tests::an_exact_no_op_commit_still_shares_its_source_allocation ... ok
test chart::codec::attribute_tests::expanded_attribute_names_are_refused_once_repeated ... ok
test document::transaction::scan_differential_tests::managed_tracker_scan_charges_and_refuses_exactly_as_the_oracle ... ok
test document::transaction::scan_differential_tests::tracker_scan_matches_the_nsreader_oracle_on_edge_cases ... ok
test document::transaction::scan_differential_tests::tracker_scan_matches_the_nsreader_oracle_on_every_docx_fixture ... ok
test document::transaction::scan_differential_tests::tracker_scan_matches_the_nsreader_oracle_on_mutated_edge_cases ... ok
test document::transaction::scan_differential_tests::tracker_scan_matches_the_nsreader_oracle_on_mutated_fixtures ... ok
test document::transaction::tests::a_shape_changing_replacement_declines_the_incremental_layout ... ok
test document::transaction::tests::a_source_the_publication_audit_refuses_takes_the_whole_document_route ... ok
test document::transaction::tests::a_splice_that_is_not_a_whole_paragraph_declines_the_incremental_layout ... ok
test document::transaction::tests::an_exact_no_op_is_untouched_by_either_policy ... ok
test document::transaction::tests::body_child_shape_measures_one_balanced_element_and_refuses_anything_else ... ok
test document::transaction::tests::both_policies_agree_across_the_docx_fixture_corpus ... ok
test document::transaction::tests::byte_order_marked_snapshot_keeps_layout_ranges_and_edit_output ... ok
test document::transaction::tests::composite_nested_hyperlinks_preserve_relationship_ownership ... ok
test document::transaction::tests::composition_owner_effects_refuse_ancestor_overlaps_and_cap_atomically ... ok
test document::transaction::tests::cross_paragraph_hyperlink_batches_are_atomic_durable_and_non_crossing ... ok
test document::transaction::tests::declining_the_incremental_layout_still_rescans_the_spliced_document ... ok
test document::transaction::tests::direct_revision_actions_are_atomic_and_empty_actions_are_exact_noops ... ok
test document::transaction::tests::direct_revision_actions_preserve_runs_are_durable_and_exactly_reversible ... ok
test document::transaction::tests::disjoint_composition_and_bounded_history_are_deterministic ... ok
test document::transaction::tests::durable_patch_is_deterministic_stale_checked_and_reversible ... ok
test document::transaction::tests::exact_noop_shares_snapshot_bytes_and_records_no_operation ... ok
test document::transaction::tests::incremental_paragraph_layout_equals_a_rescan_across_the_docx_fixture_corpus ... ok
test document::transaction::tests::incremental_paragraph_layout_equals_a_rescan_on_the_generated_corpora ... ok
test document::transaction::tests::incremental_paragraph_layout_tracks_tables_controls_and_the_final_section ... ok
test document::transaction::tests::insertion_uses_projected_checked_positions_and_strict_namespace ... ok
test document::transaction::tests::length_changing_text_edit_preserves_formatting_and_is_reversible ... ok
test document::transaction::tests::managed_revision_replay_is_refused_before_any_state_change ... ok
test document::transaction::tests::multi_run_hyperlink_and_cell_edits_preserve_formatting_and_unknown_xml ... ok
test document::transaction::tests::nested_controls_and_tables_are_durable_exact_and_path_checked ... ok
test document::transaction::tests::paragraph_text_batch_is_canonical_atomic_and_reversible ... ok
test document::transaction::tests::refuses_complex_content_and_stale_patch_sources ... ok
test document::transaction::tests::revision_actions_preserve_opaque_payload_quoted_attributes_and_inherited_scope ... ok
test document::transaction::tests::revision_actions_refuse_invalid_descendant_attributes_and_declarations ... ok
test document::transaction::tests::revision_actions_resolve_inherited_word_aliases ... ok
test document::transaction::tests::revision_actions_resolve_metadata_and_scope_qnames ... ok
test document::transaction::tests::revision_commit_rejects_invalid_utf8_outside_the_selected_revision ... ok
test document::transaction::tests::revision_namespace_expansion_and_deep_untrusted_replay_are_refused_atomically ... ok
test document::transaction::tests::revision_replay_refuses_tampered_after_atomically ... ok
test document::transaction::tests::rich_owner_edits_preserve_the_source_spelling_and_stay_durable_and_reversible ... ok
test document::transaction::tests::source_backed_overlay_classification_refuses_transfer_operations ... ok
test document::transaction::tests::source_backed_snapshot_reuses_the_exact_raw_xml_allocation ... ok
test document::transaction::tests::structural_run_text_is_native_and_complex_cells_remain_atomic_refusals ... ok
test document::transaction::tests::the_default_policy_leaves_an_untouched_paragraph_byte_for_byte ... ok
test document::transaction::tests::the_gate_accepts_every_noncompact_spelling_and_still_refuses_structure ... ok
test document::transaction::tests::the_opt_in_policy_compacts_every_paragraph_including_untouched_ones ... ok
test document::transaction::tests::the_preserving_policy_survives_a_clone_and_an_inherited_ancestor_space ... ok
test document::transaction::tests::three_way_planning_keeps_disjoint_rich_owners_and_resolves_overlap ... ok
test drawing::source_tests::direct_picture_shape_and_raster_choice_are_checked ... ok
test drawing::source_tests::encoded_namespace_uris_resolve_across_owner_profiles_and_export_canonically ... ok
test drawing::source_tests::invalid_xml_namespace_and_declaration_forms_fail_closed ... ok
test drawing::source_tests::namespace_context_budget_is_precharged_across_scope_nodes ... ok
test drawing::source_tests::one_anchor_cannot_publish_multiple_direct_pictures_and_limits_are_clamped ... ok
test drawing::source_tests::ordinary_owner_rejects_foreign_root_and_ignores_legacy_picture_payload ... ok
test drawing::source_tests::recognized_container_text_and_missing_raster_fail_closed ... ok
test drawing::source_tests::relationship_dialect_comes_from_host_profile_not_first_opaque_reference ... ok
test drawing::source_tests::scans_inline_and_anchor_with_borrowed_source_and_ranges ... ok
test drawing::source_tests::strict_core_uses_strict_picture_uri_and_transitional_svg_relationship ... ok
test drawing::source_tests::unknown_duplicate_and_mce_owners_are_inert_or_refused ... ok
test drawing::tests::defaults_and_document_order_are_preserved ... ok
test drawing::tests::empty_paragraph_has_no_drawings ... ok
test drawing::tests::legacy_anchor_parser_is_namespace_and_range_strict ... ok
test drawing::tests::missing_geometry_is_not_reported_as_a_rectangle ... ok
test drawing::tests::object_dimensions_and_context_are_ergonomic ... ok
test drawing::tests::paragraph_legacy_anchor_api_is_typed_and_inert ... ok
test drawing::tests::parses_checked_inline_and_floating_anchor_ids ... ok
test drawing::tests::parses_legacy_object_and_picture_anchor_ids_in_document_order ... ok
test drawing::tests::parses_nested_textbox_text_in_source_order ... ok
test drawing::tests::parses_shape_inventory ... ok
test drawing::tests::rejects_invalid_anchor_ids ... ok
test drawing::tests::rejects_invalid_utf8_in_preset_tokens ... ok
test drawing::tests::rejects_unknown_or_non_schema_shape_presets ... ok
test drawing::tests::repeated_inventory_attributes_keep_their_first_value ... ok
test field::tests::semantic::automation::parses_active_content_fields_without_loading_or_activating_them ... ok
test field::tests::semantic::automation::parses_go_to_button_fields_without_resolving_or_navigating_to_targets ... ok
test field::tests::semantic::automation::parses_inert_barcode_fields_without_decoding_or_rendering ... ok
test field::tests::semantic::automation::parses_inert_database_fields_without_connecting_or_executing ... ok
test field::tests::semantic::automation::parses_inert_embed_fields_without_loading_or_activating_objects ... ok
test field::tests::semantic::automation::parses_inert_legacy_form_fields_without_reading_or_filling_forms ... ok
test field::tests::semantic::automation::parses_inert_print_fields_without_interpreting_or_sending_printer_commands ... ok
test field::tests::semantic::automation::parses_inert_private_fields_without_conversion_or_layout ... ok
test field::tests::semantic::automation::parses_macro_button_fields_without_resolving_or_executing_targets ... ok
test field::tests::semantic::automation::rejects_invalid_go_to_button_field_semantics ... ok
test field::tests::semantic::automation::rejects_invalid_macro_button_field_semantics ... ok
test field::tests::semantic::basics::extracts_decoded_field_instruction_and_result ... ok
test field::tests::semantic::basics::extracts_simple_fields_in_source_order_with_flags_and_nested_results ... ok
test field::tests::semantic::basics::rejects_simple_fields_without_instructions ... ok
test field::tests::semantic::basics::test_field_creation ... ok
test field::tests::semantic::basics::test_field_type_extraction ... ok
test field::tests::semantic::control::parses_inert_compare_fields_without_evaluation ... ok
test field::tests::semantic::control::parses_inert_formula_fields_without_evaluation ... ok
test field::tests::semantic::control::parses_inert_if_fields_without_evaluation ... ok
test field::tests::semantic::control::parses_inert_sequence_fields_without_bookmark_lookup_or_numbering ... ok
test field::tests::semantic::control::parses_inert_set_fields_without_evaluation_or_state_changes ... ok
test field::tests::semantic::control::rejects_compare_fields_without_comparisons ... ok
test field::tests::semantic::control::rejects_if_fields_without_expressions ... ok
test field::tests::semantic::control::rejects_invalid_formula_fields_without_evaluating_them ... ok
test field::tests::semantic::control::rejects_invalid_sequence_fields_without_numbering ... ok
test field::tests::semantic::control::rejects_invalid_set_fields_without_evaluating_them ... ok
test field::tests::semantic::documents::parses_document_context_fields_without_reading_paths_files_or_layout ... ok
test field::tests::semantic::documents::parses_document_information_fields_without_reading_or_calculating_values ... ok
test field::tests::semantic::documents::parses_document_property_fields_without_resolving_values ... ok
test field::tests::semantic::documents::parses_document_variable_fields_without_resolving_values ... ok
test field::tests::semantic::documents::parses_inert_explicit_info_fields_without_reading_or_modifying_properties ... ok
test field::tests::semantic::documents::rejects_invalid_document_context_field_semantics ... ok
test field::tests::semantic::documents::rejects_invalid_document_information_field_semantics ... ok
test field::tests::semantic::documents::rejects_invalid_document_property_field_semantics ... ok
test field::tests::semantic::documents::rejects_invalid_document_variable_field_semantics ... ok
test field::tests::semantic::documents::rejects_invalid_explicit_info_fields_without_reading_or_modifying_properties ... ok
test field::tests::semantic::interactive::parses_auto_text_fields_without_lookup_or_insertion ... ok
test field::tests::semantic::interactive::parses_auto_text_list_fields_without_selection_or_insertion ... ok
test field::tests::semantic::interactive::parses_inert_prompt_fields_without_displaying_prompts ... ok
test field::tests::semantic::interactive::parses_user_identity_fields_without_reading_host_identity ... ok
test field::tests::semantic::interactive::rejects_invalid_auto_text_fields_without_lookup_or_insertion ... ok
test field::tests::semantic::interactive::rejects_invalid_auto_text_list_fields_without_selection_or_insertion ... ok
test field::tests::semantic::interactive::rejects_invalid_user_identity_field_semantics ... ok
test field::tests::semantic::interactive::rejects_malformed_prompt_field_metadata ... ok
test field::tests::semantic::layout::parses_inert_advance_fields_without_changing_layout ... ok
test field::tests::semantic::layout::parses_inert_automatic_number_fields_without_calculating_numbers_or_layout ... ok
test field::tests::semantic::layout::parses_inert_bidi_outline_fields_without_resolving_numbering_or_layout ... ok
test field::tests::semantic::layout::parses_inert_equation_fields_without_calculation_or_rendering ... ok
test field::tests::semantic::layout::parses_inert_list_number_fields_without_reading_lists_or_calculating_numbers ... ok
test field::tests::semantic::layout::parses_inert_quote_fields_without_inserting_or_transforming_text ... ok
test field::tests::semantic::layout::parses_inert_shape_fields_without_linking_or_rendering_drawings ... ok
test field::tests::semantic::layout::parses_inert_style_reference_fields_without_style_or_layout_resolution ... ok
test field::tests::semantic::layout::parses_inert_symbol_fields_without_mapping_codes_or_inserting_glyphs ... ok
test field::tests::semantic::layout::rejects_invalid_advance_field_semantics ... ok
test field::tests::semantic::layout::rejects_invalid_automatic_number_fields_without_calculating_numbers_or_layout ... ok
test field::tests::semantic::layout::rejects_invalid_list_number_fields_without_reading_lists_or_calculating_numbers ... ok
test field::tests::semantic::layout::rejects_invalid_quote_fields_without_inserting_or_transforming_text ... ok
test field::tests::semantic::layout::rejects_invalid_style_reference_fields_without_style_or_layout_resolution ... ok
test field::tests::semantic::layout::rejects_invalid_symbol_fields_without_mapping_codes_or_inserting_glyphs ... ok
test field::tests::semantic::layout::rejects_oversized_equation_fields_without_parsing_them ... ok
test field::tests::semantic::mail_merge::extracts_mail_merge_field_names_without_switches ... ok
test field::tests::semantic::mail_merge::parses_inert_conditional_mail_merge_controls_without_merging ... ok
test field::tests::semantic::mail_merge::parses_inert_mail_merge_counter_fields_without_merging ... ok
test field::tests::semantic::mail_merge::parses_inert_mail_merge_data_fields_without_opening_sources_or_merging ... ok
test field::tests::semantic::mail_merge::parses_inert_mail_merge_next_fields_without_advancing_records ... ok
test field::tests::semantic::mail_merge::parses_inert_mail_merge_recipient_fields_without_merging ... ok
test field::tests::semantic::mail_merge::parses_inert_merge_fields_without_opening_data_sources ... ok
test field::tests::semantic::mail_merge::rejects_conditional_mail_merge_controls_without_comparisons ... ok
test field::tests::semantic::mail_merge::rejects_invalid_mail_merge_counter_field_semantics ... ok
test field::tests::semantic::mail_merge::rejects_invalid_mail_merge_data_field_semantics ... ok
test field::tests::semantic::mail_merge::rejects_invalid_mail_merge_next_field_semantics ... ok
test field::tests::semantic::mail_merge::rejects_invalid_merge_field_semantics ... ok
test field::tests::semantic::mail_merge::rejects_malformed_mail_merge_recipient_field_metadata ... ok
test field::tests::semantic::publishing::parses_citation_and_bibliography_fields ... ok
test field::tests::semantic::publishing::parses_index_and_index_entry_fields ... ok
test field::tests::semantic::publishing::parses_table_of_authorities_and_entry_fields ... ok
test field::tests::semantic::publishing::parses_table_of_contents_entry_fields_without_generating_contents ... ok
test field::tests::semantic::publishing::parses_toc_fields_and_standard_switches ... ok
test field::tests::semantic::publishing::rejects_invalid_citation_and_bibliography_field_semantics ... ok
test field::tests::semantic::publishing::rejects_invalid_index_field_semantics ... ok
test field::tests::semantic::publishing::rejects_invalid_table_of_authorities_semantics ... ok
test field::tests::semantic::publishing::rejects_invalid_table_of_contents_entry_field_semantics ... ok
test field::tests::semantic::publishing::rejects_malformed_toc_switches_and_level_ranges ... ok
test field::tests::semantic::references::parses_inert_bookmark_reference_fields_without_resolution_or_navigation ... ok
test field::tests::semantic::references::parses_inert_dde_fields_without_starting_conversations ... ok
test field::tests::semantic::references::parses_inert_external_include_fields_without_resolving_sources ... ok
test field::tests::semantic::references::parses_inert_hyperlink_fields_without_opening_or_following_them ... ok
test field::tests::semantic::references::parses_inert_link_field_metadata_without_activating_sources ... ok
test field::tests::semantic::references::parses_inert_referenced_document_fields_without_opening_sources ... ok
test field::tests::semantic::references::rejects_invalid_bookmark_reference_fields_without_resolution_or_navigation ... ok
test field::tests::semantic::references::rejects_invalid_hyperlink_fields_without_resolving_targets ... ok
test font::open_type::tests::absent_and_explicit_on_off_forms_remain_distinct ... ok
test font::open_type::tests::parses_typed_open_type_family_and_authored_defaults ... ok
test font::open_type::tests::run_facade_reads_and_edits_open_type_features ... ok
test font::open_type::tests::snapshot_noop_and_edit_preserve_unknown_xml ... ok
test font::open_type::tests::transactions_validate_domains_and_handle_empty_roots ... ok
test font::tests::constructors_prevent_invalid_authoring_state ... ok
test font::tests::graph_delete_keeps_resources_referenced_outside_the_table ... ok
test font::tests::malformed_order_and_bounds_are_rejected ... ok
test font::tests::mce_and_real_strict_fixture ... ok
test font::tests::move_first_crud_preserves_shared_resources_and_extensions ... ok
test font::tests::obfuscation_and_compact_license_are_checked ... ok
test font::tests::poi_resources_share_package_allocations ... ok
test font::tests::strict_round_trip_and_safe_selectors ... ok
test font::tests::unicode_caseless_identity_is_consistent_and_ambiguous_sources_fail ... ok
test footnote::tests::extracts_aliased_note_slices_and_ignores_foreign_lookalikes ... ok
test footnote::tests::rejects_unterminated_note_slices ... ok
test footnote::tests::test_extract_endnotes_from_part ... ok
test footnote::tests::test_extract_footnotes_from_part_empty ... ok
test footnote::tests::test_extract_footnotes_from_part_multiple ... ok
test footnote::tests::test_extract_footnotes_from_part_single ... ok
test footnote::tests::test_extract_footnotes_skips_separator ... ok
test footnote::tests::test_note_clone ... ok
test footnote::tests::test_note_continuation_separator ... ok
test footnote::tests::test_note_copy ... ok
test footnote::tests::test_note_creation ... ok
test footnote::tests::test_note_debug ... ok
test footnote::tests::test_note_decodes_text_and_special_characters ... ok
test footnote::tests::test_note_empty_content ... ok
test footnote::tests::test_note_equality ... ok
test footnote::tests::test_note_large_id ... ok
test footnote::tests::test_note_multiple_paragraphs ... ok
test footnote::tests::test_note_paragraphs_extraction ... ok
test footnote::tests::test_note_separator_type ... ok
test footnote::tests::test_note_type_debug ... ok
test footnote::tests::test_note_type_from_xml ... ok
test footnote::tests::test_note_type_is_normal ... ok
test footnote::tests::test_note_with_cdata ... ok
test footnote::tests::test_note_with_endnote ... ok
test footnote::tests::test_note_with_nested_elements ... ok
test footnote::tests::test_note_with_unicode ... ok
test footnote::tests::test_note_xml_bytes ... ok
test footnote::tests::word_2023_revision_utc_is_retained_in_footnote_mce_projection ... ok
test format::tests::underline_style_xml_tokens_round_trip ... ok
test glossary::tests::aggregate_auxiliary_payload_limit_rejects_before_mutation ... ok
test document::transaction::scan_differential_tests::tracker_scan_matches_the_nsreader_oracle_at_the_element_limit ... ok
test glossary::tests::aggregate_catalog_budget_is_checked_atomically ... ok
test glossary::tests::auxiliary_relationships_must_match_the_package_conformance_family ... ok
test glossary::tests::canonical_write_matches_its_checked_plan ... ok
test glossary::tests::carriage_returns_remain_distinct_from_line_feeds ... ok
test glossary::tests::compact_option_flags_collapse_duplicates_and_reject_unknown_or_empty_values ... ok
test glossary::tests::complete_graph_follows_valid_parts_outside_the_conventional_directory ... ok
test glossary::tests::dense_common_prefix_mce_scope_merges_linearly ... ok
test glossary::tests::duplicate_producer_names_are_readable_but_semantically_ambiguous ... ok
test glossary::tests::empty_producer_names_and_categories_survive_unrelated_crud ... ok
test glossary::tests::exact_noop_preserves_custom_root_bytes_and_signature ... ok
test glossary::tests::graph_wide_relationship_limit_is_failure_atomic ... ok
test glossary::tests::inactive_mce_relationship_ids_remain_bound_to_their_physical_graph ... ok
test glossary::tests::inherited_namespace_scope_is_emitted_once_per_opaque_root ... ok
test glossary::tests::invalid_earlier_duplicates_are_ignored_before_last_value_validation ... ok
test glossary::tests::libreoffice_empty_glossary_is_valid ... ok
test glossary::tests::libreoffice_multiple_autotext_and_tables_stay_inert ... ok
test glossary::tests::mixed_dialects_and_foreign_typed_qnames_are_rejected ... ok
test glossary::tests::opaque_namespace_mapping_does_not_rewrite_literal_values ... ok
test glossary::tests::ownership_closure_resolves_case_varied_relationship_targets ... ok
test glossary::tests::poi_placeholders_and_strict_roundtrip ... ok
test glossary::tests::producer_optional_metadata_is_readable_and_retained ... ok
test glossary::tests::raw_remove_returns_a_graph_that_raw_put_can_restore ... ok
test glossary::tests::raw_transfer_preserves_the_main_owner_relationship_metadata ... ok
test glossary::tests::raw_transfer_rebases_owner_target_and_allocates_a_free_id ... ok
test glossary::tests::relationship_roles_reject_invalid_modes_names_and_content_type_spoofing ... ok
test glossary::tests::relationship_targets_use_exact_content_type_profiles ... ok
test glossary::tests::repeated_changed_raw_graph_is_a_signature_preserving_noop ... ok
test glossary::tests::reserved_parts_and_invalid_raw_metadata_are_rejected_atomically ... ok
test glossary::tests::selectors_support_atomic_rename_replacement_and_numeric_ambiguity_repair ... ok
test glossary::tests::semantic_catalogs_cannot_rebind_colliding_relationship_ids ... ok
test glossary::tests::semantic_create_allocates_around_unrelated_canonical_parts ... ok
test glossary::tests::semantic_payload_limits_fail_before_xml_parsing ... ok
test glossary::tests::shared_inbound_owned_parts_block_changed_store_and_remove ... ok
test glossary::tests::signature_namespace_auxiliary_is_rejected_atomically ... ok
test glossary::tests::standards_relationship_matrix_round_trips_owned_parts_and_keeps_references ... ok
test glossary::tests::strict_mce_and_malformed_input_are_bounded ... ok
test glossary::tests::strict_rejects_transitional_relationships_lexicals_and_vml ... ok
test glossary::tests::transaction_catalog_crud_preserves_opaque_entry_xml ... ok
test glossary::tests::transaction_creates_catalog_and_auxiliary_graph_atomically ... ok
test glossary::tests::transaction_noop_preserves_signature_and_patch_rejects_stale_source ... ok
test glossary::tests::transaction_rejects_orphaned_auxiliary_removal_without_mutating_package ... ok
test glossary::tests::unowned_parts_in_the_conventional_glossary_directory_are_preserved ... ok
test glossary::tests::unrelated_crud_retains_ignorable_producer_content ... ok
test glossary::tests::word_2023_revision_utc_is_retained_in_glossary_mce_projection ... ok
test glossary::tests::xml_forbidden_metadata_is_rejected_without_catalog_mutation ... ok
test glossary::tests::xsd_all_is_order_independent_and_last_duplicate_wins ... ok
test header_footer::tests::clone_shares_the_same_semantic_story ... ok
test header_footer::tests::empty_story_has_no_blocks ... ok
test header_footer::tests::extracts_header_and_footer_text ... ok
test header_footer::tests::extracts_multiple_paragraphs_and_runs ... ok
test header_footer::tests::extracts_tables_in_source_order ... ok
test header_footer::tests::kind_is_carried_by_the_story_without_a_tuple_wrapper ... ok
test header_footer::tests::kind_xml_and_display_round_trip ... ok
test header_footer::tests::malformed_story_is_rejected_at_the_codec_boundary ... ok
test header_footer::tests::mixed_content_and_unicode_are_preserved ... ok
test header_footer::tests::namespace_aliases_cdata_and_foreign_elements_are_handled ... ok
test header_footer::tests::nested_elements_tabs_and_breaks_are_supported ... ok
test header_footer::tests::raw_xml_is_lossless_and_ordered ... ok
test header_footer::tests::story_limits_are_bounded ... ok
test header_footer::tests::vml_watermarks_remain_available ... ok
test header_footer::tests::word_2023_revision_utc_is_retained_through_story_mce_selection ... ok
test hyperlink::tests::test_extract_from_document ... ok
test hyperlink::tests::test_extract_from_paragraph_empty_hyperlink ... ok
test hyperlink::tests::test_extract_from_paragraph_internal ... ok
test hyperlink::tests::test_extract_from_paragraph_multiple ... ok
test hyperlink::tests::test_extract_from_paragraph_no_hyperlinks ... ok
test hyperlink::tests::test_extract_from_paragraph_simple ... ok
test hyperlink::tests::test_extract_malformed_xml_returns_typed_error ... ok
test hyperlink::tests::test_extract_with_missing_relationship ... ok
test hyperlink::tests::test_hyperlink_clone ... ok
test hyperlink::tests::test_hyperlink_creation ... ok
test hyperlink::tests::test_hyperlink_debug ... ok
test hyperlink::tests::test_hyperlink_empty_text ... ok
test hyperlink::tests::test_hyperlink_file_url ... ok
test hyperlink::tests::test_hyperlink_ftp_url ... ok
test hyperlink::tests::test_hyperlink_long_url ... ok
test hyperlink::tests::test_hyperlink_mailto_url ... ok
test hyperlink::tests::test_hyperlink_no_optional_fields ... ok
test hyperlink::tests::test_hyperlink_with_all_fields ... ok
test hyperlink::tests::test_hyperlink_with_unicode ... ok
test hyperlink::tests::test_internal_hyperlink ... ok
test image::tests::repeated_inline_image_attributes_keep_their_first_value ... ok
test image::tests::test_inline_image_dimensions ... ok
test image::tests::test_parse_inline_images_empty ... ok
test image::tests::test_parse_inline_images_multiple ... ok
test image::tests::test_parse_inline_images_single ... ok
test ink::authoring::tests::anchor_geometry_rejects_out_of_range_values ... ok
test ink::authoring::tests::base_profiles_render_and_read_back_in_both_dialects ... ok
test ink::authoring::tests::canvas_and_group_render_one_schema_valid_content_slot ... ok
test ink::authoring::tests::drawing_inline_and_anchor_render_complete_mce_hosts ... ok
test ink::authoring::tests::fallback_image_bounds_and_signatures_are_checked ... ok
test ink::authoring::tests::fallback_uses_placement_extent_and_anchor_position_modes ... ok
test ink::authoring::tests::strict_extension_is_refused_but_fallback_can_be_rendered ... ok
test ink::codec::tests::active_base_content_part_has_empty_ct_rel_content ... ok
test ink::codec::tests::active_mce_choice_is_inventoried_and_fallback_is_not_projected ... ok
test ink::codec::tests::base_anchor_does_not_use_local_name_or_unbound_relationship_guesses ... ok
test ink::codec::tests::base_anchor_requires_the_story_dialect_but_allows_aliases_and_default_word_namespace ... ok
test ink::codec::tests::base_content_part_must_be_directly_hosted_by_run ... ok
test ink::codec::tests::drawing_ink_accepts_the_anchor_wordprocessing_drawing_host ... ok
test ink::codec::tests::drawing_ink_anchor_requires_exact_uri_and_legal_canvas_or_group_ancestry ... ok
test ink::codec::tests::drawing_ink_requires_the_wordprocessing_drawing_host_path ... ok
test ink::codec::tests::drawing_relationship_namespace_is_transitional_extension_namespace ... ok
test ink::codec::tests::generic_canvas_mce_allows_multiple_content_parts_in_one_choice ... ok
test ink::codec::tests::generic_drawing_mce_checks_requires_fallback_and_choice_count ... ok
test ink::codec::tests::limits_are_applied_without_rejecting_zero_anchor_budget_up_front ... ok
test ink::codec::tests::malformed_envelopes_and_unknown_prefixes_are_rejected ... ok
test ink::codec::tests::mce_choice_budget_is_independent_of_pending_ink_candidates ... ok
test ink::codec::tests::unknown_mce_choice_is_dropped_before_anchor_semantics ... ok
test ink::graph::add::tests::batch_add_and_inverse_restore_the_exact_authored_tokens ... ok
test ink::graph::add::tests::batch_add_skips_case_insensitive_part_and_relationship_collisions ... ok
test ink::graph::add::tests::forward_rejects_a_stale_owner_without_adding_parts ... ok
test ink::graph::add::tests::inverse_after_save_and_reopen_restores_the_source_tokens ... ok
test ink::graph::add::tests::inverse_refuses_a_foreign_edge_and_keeps_the_added_target ... ok
test ink::graph::add::tests::occupied_resource_directory_refuses_without_exhausting_suffixes ... ok
test ink::host::tests::base_mce_anchor_is_inventory_only_until_alternative_semantics_are_modeled ... ok
test ink::host::tests::canonical_group_metadata_is_removable ... ok
test ink::host::tests::direct_base_anchor_has_exact_source_and_removal_ranges ... ok
test ink::host::tests::drawing_inline_and_anchor_remove_the_whole_alternate_content_host ... ok
test ink::host::tests::extra_choice_content_is_not_removable ... ok
test ink::host::tests::group_metadata_order_or_extra_object_refuses_removal ... ok
test ink::host::tests::missing_empty_or_duplicate_group_transform_refuses_only_its_host ... ok
test ink::host::tests::multiple_active_drawing_objects_in_one_choice_are_not_removable ... ok
test ink::host::tests::multiple_canvas_slots_are_classified_but_refuse_removal ... ok
test ink::host::tests::multiple_vml_fallback_shapes_are_not_removable ... ok
test ink::host::tests::nested_or_foreign_fallback_objects_are_not_discarded ... ok
test ink::host::tests::nonempty_base_content_part_is_rejected_before_capture ... ok
test ink::host::tests::reference_values_include_inactive_branches_and_unknown_attribute_tokens ... ok
test ink::host::tests::same_run_siblings_are_outside_the_drawing_removal_span ... ok
test ink::host::tests::structural_wrapper_text_before_or_after_an_anchor_is_not_discarded ... ok
test ink::host::tests::unsupported_group_does_not_poison_a_later_drawing_sibling ... ok
test ink::host::tests::unsupported_group_metadata_refuses_only_that_host ... ok
test ink::package::tests::ignored_ancestry_skips_invalid_typed_values_but_keeps_bounded_scan ... ok
test ink::package::tests::profile_accepts_forward_references ... ok
test ink::package::tests::profile_accepts_t_default_or_decimal_declarations_with_integer_values ... ok
test ink::package::tests::profile_applies_normative_units_and_schema_whitespace_to_brush_values ... ok
test ink::package::tests::profile_does_not_reject_boolean_t_declarations_without_t_values ... ok
test ink::package::tests::profile_ignores_misplaced_context_and_normative_extension_subtrees ... ok
test ink::package::tests::profile_ignores_trace_formats_outside_ink_source_owner ... ok
test ink::package::tests::profile_ignores_unknown_brush_properties_but_exposes_effective_defaults ... ok
test ink::package::tests::profile_projection_excludes_ignored_typed_elements_and_nested_roots ... ok
test ink::package::tests::profile_rejects_duplicate_or_late_intermittent_channel_sections ... ok
test ink::package::tests::profile_rejects_missing_dangling_external_and_duplicate_ids ... ok
test ink::package::tests::profile_requires_emma_first_interpretation_mode_and_context ... ok
test ink::package::tests::profile_validates_trace_format_channels_and_inkml_lexicals ... ok
test ink::package::tests::recognized_invalid_typed_values_are_still_rejected ... ok
test ink::package::tests::repeated_anchors_share_projection_and_original_payload_allocation ... ok
test ink::placement::tests::external_mce_fallback_is_retained_but_ineligible ... ok
test ink::placement::tests::fallback_start_requires_one_complete_host_fallback ... ok
test ink::placement::tests::paragraph_scanner_rejects_invalid_xml_and_bounds ... ok
test ink::placement::tests::paragraphs_are_namespace_aware_and_keep_semantic_order ... ok
test ink::placement::tests::repeated_choice_requirements_keep_their_first_value ... ok
test ink::placement::tests::retarget_fallbacks_batches_ordered_hosts ... ok
test ink::placement::tests::retarget_fallbacks_preserves_vml_lexical_content_and_noop_bytes ... ok
test ink::placement::tests::retarget_fallbacks_rejects_missing_or_duplicate_image_relationships ... ok
test ink::placement::tests::retarget_preserves_aliases_quotes_and_unrelated_attributes ... ok
test ink::placement::tests::retarget_rejects_foreign_namespaces_unordered_targets_and_bounds ... ok
test ink::placement::tests::source_offsets_account_for_prolog_whitespace_and_tag_shapes ... ok
test ink::trace::tests::t_boolean_value_is_rejected_even_if_the_declared_kind_is_boolean ... ok
test ink::transaction::drawing_ids::tests::duplicate_ids_do_not_consume_extra_budget_and_limit_refusal_is_stable ... ok
test ink::transaction::drawing_ids::tests::observes_inactive_and_aliased_drawing_ids_and_authored_vml_ids ... ok
test ink::transaction::durable::tests::closure_probes_refuse_a_present_part_that_fails_to_decode ... ok
test ink::transaction::durable::tests::delta_source_guard_refuses_a_present_part_that_fails_to_decode ... ok
test ink::transaction::durable::tests::durable_anchor_booleans_are_strictly_binary ... ok
test ink::transaction::durable::tests::durable_decoders_reject_impossible_counts_before_reserving_records ... ok
test ink::transaction::durable::tests::forward_replay_rejects_a_forged_unrelated_target_hash ... ok
test ink::transaction::durable::tests::inverse_restore_rebuilds_source_content_types_from_exact_proof ... ok
test ink::transaction::durable::tests::inverse_restore_replays_intent_before_publishing_forged_story ... ok
test ink::xml::tests::declaration_checks_version_order_duplicates_encoding_and_standalone ... ok
test ink::xml::tests::element_checks_decoded_values_expanded_duplicates_and_unknown_prefixes ... ok
test ink::xml::tests::element_rejects_invalid_attribute_values_and_attribute_quota ... ok
test ink::xml::tests::references_require_predefined_names_or_unsigned_numeric_digits ... ok
test ink::xml::tests::text_rejects_invalid_utf8_and_xml_controls ... ok
test list::tests::applies_start_override_without_mutating_definition ... ok
test list::tests::detailed_advance_retains_kind_format_and_current_value ... ok
test list::tests::expands_multilevel_tokens_and_restarts_deeper_levels ... ok
test list::tests::rejects_counter_overflow_and_oversized_templates ... ok
test list::tests::renders_script_independent_extended_number_formats ... ok
test list::tests::returns_typed_markers_for_unsupported_and_picture_formats ... ok
test mail_merge::tests::applies_defaults_and_mce_fallback_and_preservation ... ok
test mail_merge::tests::exact_noop_retains_source_and_invalid_recipient_edits_are_atomic ... ok
test mail_merge::tests::parses_and_deterministically_writes_complete_strict_metadata ... ok
test mail_merge::tests::recipient_transaction_is_typed_bounded_and_reversible ... ok
test mail_merge::tests::rejects_malformed_scoped_ordered_bounded_metadata ... ok
test mail_merge::tests::rejects_mismatched_end_tags_and_oversized_attributes ... ok
test mail_merge::tests::round_trips_strict_recipient_data_with_canonical_base64 ... ok
test mail_merge::tests::source_checked_settings_edits_preserve_opaque_owner_markup ... ok
test math::tests::equation_fragments_are_validated_and_bind_inherited_omml_prefixes ... ok
test math::tests::only_safe_inherited_prefixes_are_replayed ... ok
test math::tests::text_and_display_equations_preserve_their_typed_boundaries ... ok
test modern_comments::package::reaction_extension_list_tests::official_extension_shape_round_trips_at_all_three_levels_and_mutates ... ok
test modern_comments::package::reaction_extension_list_tests::rejects_namespace_sequence_cardinality_duplicate_and_resource_violations ... ok
test modern_comments::package::tests::all_writers_are_deterministic_and_round_trip_strict ... ok
test modern_comments::package::tests::enforces_size_depth_count_and_reaction_constraints ... ok
test modern_comments::package::tests::loads_poi_and_libreoffice_reference_packages ... ok
test modern_comments::package::tests::mce_selects_fallback_comment ... ok
test modern_comments::package::tests::package_writer_round_trips_all_parts ... ok
test modern_comments::package::tests::rejects_malformed_xml_graph_and_cross_part_ids ... ok
test modern_comments::tests::canonical_types_are_available_from_the_owner_facade ... ok
test namespace::capture_tests::namespace_capture_budget_charges_new_storage_before_capture_and_reuses_at_limit ... ok
test namespace::capture_tests::namespace_free_empty_root_is_selected_without_enabling_late_foreign_fallback ... ok
test namespace::capture_tests::unchanged_namespace_scopes_share_storage_and_shadowed_scopes_remain_distinct ... ok
test namespace::tests::a_retained_span_resolves_only_after_the_inherited_declarations_return ... ok
test numbering::package::tests::package_boundary_retains_raw_extension_bytes_for_snapshot_edits ... ok
test numbering::package::tests::package_boundary_returns_the_owner_collection ... ok
test numbering::tests::ignorable_prefix_lists_refuse_a_repeated_prefix_at_any_length ... ok
test numbering::tests::multi_level_type_is_a_closed_compact_domain ... ok
test numbering::tests::numbering_snapshot_can_add_and_remove_a_prefixed_extension_without_reformatting ... ok
test numbering::tests::numbering_snapshot_edits_only_the_extension_seam_and_round_trips ... ok
test numbering::tests::numbering_snapshot_rejects_invalid_extension_scope_and_stale_edits_atomically ... ok
test numbering::tests::parses_complete_level_and_override ... ok
test numbering::tests::parses_drawingml_picture_bullet_definition ... ok
test numbering::tests::parses_libreoffice_picture_bullet_fixture ... ok
test numbering::tests::parses_picture_bullet_without_image ... ok
test numbering::tests::parses_poi_and_libreoffice_numbering_fixtures ... ok
test numbering::tests::parses_vml_picture_bullet_definition ... ok
test numbering::tests::parses_word_2012_restart_policy_on_abstract_definitions ... ok
test numbering::tests::rejects_duplicate_levels_and_bad_level_indices ... ok
test numbering::tests::rejects_duplicate_picture_bullet_ids ... ok
test numbering::tests::rejects_malformed_numbering_order_without_panicking ... ok
test numbering::tests::rejects_truncated_numbering_states_without_panicking ... ok
test numbering::tests::strict_and_transitional_number_format_domains_are_exhaustive ... ok
test package::model::font_settings_tests::font_settings_tell_absent_settings_from_undecodable_ones ... ok
test package::package::merge::tests::mail_merge_targets_are_read_from_metadata_without_decoding ... ok
test package::package::story_edit::tests::body_header_and_footer_hyperlinks_publish_atomically ... ok
test package::package::story_edit::tests::late_story_failure_leaves_every_part_unchanged ... ok
test package::story::source::tests::captures_sorted_source_stories_and_retains_part_data ... ok
test package::story::source::tests::central_directory_story_limits_are_checked_before_materialization ... ok
test package::story::tests::enforces_semantic_story_limits ... ok
test package::story::tests::inventories_main_and_dual_owner_stories_without_copying_sources ... ok
test package::story::tests::rejects_mixed_dialect_and_external_story_edges ... ok
test package::story::tests::rejects_orphan_and_ambiguous_story_ownership ... ok
test package::tests::document::all_supported_headings_resolve_in_the_saved_style_catalog ... ok
test package::tests::document::authored_revision_utc_survives_save_and_reopen_with_mce_declaration ... ok
test glossary::tests::aggregate_projection_and_dense_content_are_bounded ... ok
test package::tests::document::opened_package_resolves_inherited_revision_utc_namespace_context ... ok
test package::tests::document::document_revision_queries_cover_final_sections_grids_and_numbering_after_reopen ... ok
test package::tests::document::saves_and_discovers_typed_inert_bibliography_source_stores ... ok
test package::tests::document::opened_package_round_trips_inert_owexml_custom_function_metadata ... ok
test package::tests::document::saves_and_reopens_inline_and_display_office_math ... ok
test package::tests::document::writes_and_discovers_inert_active_and_building_block_fields ... ok
test package::tests::document::writes_and_discovers_inert_bookmark_reference_fields ... ok
test package::tests::document::writes_and_discovers_inert_conditional_mail_merge_controls_without_merging ... ok
test package::tests::document::writes_and_discovers_inert_document_context_fields_without_resolution ... ok
test package::tests::document::writes_and_discovers_inert_document_information_fields_without_resolution ... ok
test package::tests::document::writes_and_discovers_inert_document_property_fields_without_resolution ... ok
test package::tests::document::writes_and_discovers_inert_document_state_fields ... ok
test package::tests::document::writes_and_discovers_inert_document_variable_fields_without_resolution ... ok
test package::tests::document::writes_and_discovers_inert_equation_fields_without_calculation_or_rendering ... ok
test package::tests::document::writes_and_discovers_inert_hyperlink_fields_without_opening_them ... ok
test package::tests::document::writes_and_discovers_inert_if_fields_without_evaluation ... ok
test package::tests::document::writes_and_discovers_inert_macro_button_fields_without_execution ... ok
test package::tests::document::writes_and_discovers_inert_mail_merge_next_fields_without_advancing_records ... ok
test package::tests::document::writes_and_discovers_inert_prompt_fields_without_displaying_prompts ... ok
test package::tests::document::writes_and_discovers_typed_citation_and_bibliography_fields ... ok
test package::tests::document::writes_and_discovers_typed_index_fields ... ok
test package::tests::document::writes_and_discovers_typed_inert_dde_fields ... ok
test package::tests::document::writes_and_discovers_typed_inert_external_include_fields ... ok
test package::tests::document::writes_and_discovers_typed_inert_link_fields ... ok
test package::tests::document::writes_and_discovers_typed_inert_mail_merge_counters_without_merging ... ok
test package::tests::document::writes_and_discovers_typed_inert_merge_fields_without_merging ... ok
test package::tests::document::writes_and_discovers_typed_inert_referenced_document_fields ... ok
test package::tests::document::writes_and_discovers_typed_table_of_contents_entry_fields ... ok
test package::tests::document::writes_and_discovers_typed_table_of_authorities_fields ... ok
test package::tests::document::writes_and_discovers_typed_table_of_contents_fields ... ok
test package::tests::document::writes_and_rediscovers_distinct_watermarks ... ok
test package::tests::graph::appending_a_paragraph_preserves_existing_note_edges_and_payloads ... ok
test package::tests::graph::authored_notes_replace_existing_strict_note_edges ... ok
test package::tests::graph::document_patch_publishes_atomically_and_reopens ... ok
test package::tests::graph::durable_document_patch_preserves_hyperlink_graph_and_reopens_exactly ... ok
test package::tests::graph::durable_hyperlink_edit_round_trips_real_open_xml_sdk_fixture ... ok
test package::tests::graph::failed_raw_opc_transaction_preserves_graph_and_writer_state ... ok
test package::tests::graph::exact_source_patch_reuse_keeps_noop_arcs_stale_conflicts_and_scan_errors ... ok
test package::tests::graph::numbering_patch_publishes_through_the_package_graph ... ok
test package::tests::graph::failed_stream_keeps_document_and_properties_retryable ... ok
test package::tests::graph::owned_document_noop_output_preserves_exact_archive ... ok
test package::tests::graph::panicking_stream_restores_package_and_retryable_state ... ok
test package::tests::graph::plain_stream_accepts_a_forward_only_sink ... ok
test package::tests::graph::package_root_three_way_transfer_history_and_durable_reopen_are_coupled ... ok
test package::tests::graph::raw_opc_transaction_publishes_candidate_and_disables_writer ... ok
test package::tests::graph::raw_opc_transaction_rejects_pending_managed_state ... ok
test package::tests::graph::raw_opc_rejects_automatic_font_embedding_policy ... ok
test package::tests::graph::saves_and_reopens_package ... ok
test package::tests::graph::the_document_snapshot_shares_the_main_part_payload_instead_of_copying_it ... ok
test package::tests::graph::unchanged_stream_preserves_exact_bytes_and_part_payload_sharing ... ok
test package::tests::graph::the_compaction_policy_reaches_publication_through_the_package_route ... ok
test package::tests::revision_actions::authored_revision_actions_round_trip_through_borrowed_package_and_durable_inverse ... ok
test package::tests::settings::attached_template_failures_are_atomic ... ok
test package::tests::settings::attached_template_mutation_preserves_unrelated_xml_and_relationships ... ok
test package::tests::settings::adds_replaces_removes_and_reopens_attached_template ... ok
test package::tests::settings::body_edits_preserve_settings_part_byte_for_byte ... ok
test package::tests::settings::body_edits_preserve_web_settings_part_byte_for_byte ... ok
test package::tests::settings::creates_a_web_settings_relationship_when_missing ... ok
test package::tests::settings::document_variable_mutation_failures_are_atomic ... ok
test package::tests::settings::document_variable_mutation_preserves_xml_relationships_and_protection ... ok
test package::tests::settings::edits_web_settings_without_rewriting_document_content ... ok
test package::tests::settings::new_package_uses_leaf_owned_web_settings_bytes ... ok
test package::tests::settings::protection_rewrite_preserves_attached_template_relationship ... ok
test package::tests::settings::document_variable_package_lifecycle_is_deterministic_and_reopens ... ok
test package::tests::settings::reads_strict_prefixed_attached_template_and_rewrites_word_compatible_type ... ok
test package::tests::settings::reads_strict_settings_relationship_and_mce_fallback_variables ... ok
test package::tests::settings::rejects_ambiguous_or_external_web_settings_relationships ... ok
test package::tests::settings::reads_and_updates_strict_web_settings_relationships ... ok
test package::tests::settings::web_settings_updates_preserve_frame_relationship_ids ... ok
test paragraph::codec::text::tests::lazy_resolution_matches_oracle_on_name_shapes_and_shadowing ... ok
test paragraph::codec::text::tests::tracker_path_matches_oracle_on_core_extraction ... ok
test paragraph::codec::text::tests::tracker_path_matches_oracle_on_docx_corpus ... ok
test paragraph::codec::text::tests::tracker_path_matches_oracle_on_malformed_and_limited_xml ... ok
test paragraph::codec::text::tests::tracker_path_matches_oracle_on_namespace_errors ... ok
test paragraph::codec::text::tests::tracker_path_matches_oracle_on_subtle_namespace_fallbacks ... ok
test paragraph::collapsed::tests::direct_and_generated_paragraph_facades_emit_ignorable_extension ... ok
test paragraph::collapsed::tests::invalid_inputs_and_patch_preconditions_leave_sources_unchanged ... ok
test paragraph::collapsed::tests::reads_closed_on_off_domain_and_preserves_opaque_ppr_content ... ok
test paragraph::collapsed::tests::transaction_commit_and_inverse_are_atomic_and_loss_preserving ... ok
test paragraph::extensions::tests::generated_paragraph_and_row_attributes_are_checked_and_ignorable ... ok
test paragraph::extensions::tests::invalid_replacement_is_atomic_and_unknown_body_xml_survives ... ok
test paragraph::extensions::tests::parses_paragraph_ids_and_spell_state_without_touching_content ... ok
test paragraph::extensions::tests::parses_row_ids_and_ignores_nested_paragraph_attributes ... ok
test paragraph::extensions::tests::rejects_invalid_lexical_values_and_dependency_states ... ok
test paragraph::tests::edits_spacing_in_inherited_namespace_fragments_without_copying_runs ... ok
test paragraph::tests::edits_typed_spacing_preserving_runs_and_paragraph_properties ... ok
test paragraph::tests::extracts_decoded_word_text_and_special_characters ... ok
test paragraph::tests::inlines_accept_strict_and_inherited_word_prefixes ... ok
test paragraph::tests::inlines_preserve_every_direct_paragraph_child_in_order ... ok
test paragraph::tests::omml_formulas_accept_strict_and_inherited_prefixes ... ok
test paragraph::tests::omml_formulas_preserve_inline_and_display_xml_exactly ... ok
test paragraph::tests::omml_formulas_reject_malformed_xml ... ok
test paragraph::tests::optimized_run_extraction_matches_text_and_reads_qualified_properties ... ok
test paragraph::tests::parses_typed_paragraph_spacing_attributes ... ok
test paragraph::tests::parses_typed_run_breaks_and_rendered_hints ... ok
test paragraph::tests::reads_complete_underline_metadata_namespace_aware ... ok
test paragraph::tests::reads_direct_paragraph_division_ids_namespace_aware ... ok
test paragraph::tests::reads_every_wordprocessingml_underline_pattern ... ok
test paragraph::tests::reads_nested_smart_tags_and_their_typed_metadata ... ok
test paragraph::tests::rejects_invalid_or_duplicate_underline_properties ... ok
test paragraph::tests::rejects_invalid_paragraph_spacing_tokens_and_measurements ... ok
test paragraph::tests::rejects_invalid_run_break_enums ... ok
test paragraph::tests::rejects_unknown_entities_in_word_text ... ok
test paragraph::tests::relationship_projection_groups_hyperlink_runs_without_exposing_rids ... ok
test paragraph::codec::text::tests::lazy_resolution_matches_oracle_on_mutated_documents_and_fragments ... ok
test paragraph::tests::run_contents_preserve_source_order_and_unknown_xml ... ok
test paragraph::tests::repeated_run_property_attributes_keep_their_first_value ... ok
test paragraph::tests::runs_accept_fragments_with_an_inherited_namespace_binding ... ok
test paragraph::tests::runs_accept_the_strict_wordprocessingml_namespace ... ok
test paragraph::tests::runs_reject_unterminated_run_xml ... ok
test paragraph::tests::runs_resolve_namespace_aliases_and_ignore_lookalikes ... ok
test paragraph::tests::smart_tags_require_schema_mandated_attributes ... ok
test paragraph::tests::test_run_bold ... ok
test paragraph::tests::test_run_italic ... ok
test paragraph::tests::test_run_text_extraction ... ok
test parts::document_part::tests::accepts_strict_wordprocessingml_and_self_closing_blocks ... ok
test parts::document_part::tests::concurrent_first_paragraph_queries_agree_on_one_index ... ok
test parts::document_part::tests::deferred_index_answers_every_paragraph_query_like_the_streaming_scan ... ok
test parts::document_part::tests::extracts_aliased_word_elements_in_document_order_without_copying_text ... ok
test parts::document_part::tests::package_cache_coalesces_builds_and_trims_only_clean_entries ... ok
test parts::document_part::tests::package_cache_retries_failed_builds_and_bypasses_oversized_indexes ... ok
test parts::document_part::tests::package_cache_reuses_allocation_identity_and_rejects_equal_new_allocations ... ok
test parts::document_part::tests::paragraph_index_matches_independent_text_oracle ... ok
test parts::document_part::tests::rejects_unterminated_selected_elements ... ok
test parts::document_part::tests::text_and_block_reads_never_build_the_paragraph_index ... ok
test revision::authoring::tests::deleted_text_rewrites_only_the_local_name_and_reopens_exact_xml ... ok
test revision::authoring::tests::dependency_bearing_content_and_custom_xml_closures_are_refused ... ok
test revision::authoring::tests::empty_scoped_wrapper_can_be_removed_without_a_child ... ok
test revision::authoring::tests::field_and_control_contained_revisions_are_refused ... ok
test revision::authoring::tests::inline_dispositions_preserve_source_and_inverse_exactly ... ok
test revision::authoring::tests::markup_compatibility_payloads_are_refused_with_tracked_revisions ... ok
test revision::authoring::tests::move_dispositions_require_complete_ranges_and_are_reversible ... ok
test revision::authoring::tests::move_marker_attributes_are_schema_checked_and_invalid_names_are_refused ... ok
test revision::authoring::tests::move_range_start_ids_are_unique_after_closed_ranges ... ok
test revision::authoring::tests::move_ranges_pair_by_name_and_preserve_unmarked_content ... ok
test revision::authoring::tests::no_op_and_limits_are_bounded_and_retryable ... ok
test revision::authoring::tests::package_owner_binds_story_topology_and_publishes_inverse ... ok
test revision::authoring::tests::retained_payload_hoists_wrapper_namespace_and_scope_attributes ... ok
test revision::authoring::tests::run_and_run_properties_cardinality_and_order_follow_schema ... ok
test revision::authoring::tests::run_and_run_properties_character_data_is_rejected_but_whitespace_survives ... ok
test revision::authoring::tests::run_track_change_child_grammar_and_parent_ownership_are_checked ... ok
test revision::authoring::tests::unqualified_and_nested_word_run_content_are_refused ... ok
test revision::authoring::tests::unsupported_or_incomplete_owners_fail_before_transaction_state_changes ... ok
test revision::authoring::tests::wrapper_only_moves_are_refused_without_complete_ranges ... ok
test revision::conflict::codec::tests::accepts_direct_paragraph_inline_conflict ... ok
test revision::conflict::codec::tests::accepts_exact_configured_source_limit ... ok
test revision::conflict::codec::tests::accepts_normative_range_parents_and_refuses_renamed_markers ... ok
test revision::conflict::codec::tests::accepts_only_paragraph_mark_rpr_change_original_context ... ok
test revision::conflict::codec::tests::accepts_only_schema_run_and_leaf_conflict_parents ... ok
test revision::conflict::codec::tests::direct_sdt_range_parent_requires_ruby_sdt_ancestry ... ok
test revision::conflict::codec::tests::expanded_range_markers_are_childless_and_ct_markup_end_is_exact ... ok
test revision::conflict::codec::tests::ignores_inactive_mce_orphan_and_selects_w14_choice ... ok
test revision::conflict::codec::tests::lexical_attribute_limits_apply_to_non_conflict_ancestors ... ok
test revision::conflict::codec::tests::many_distinct_active_process_content_targets_are_refused ... ok
test revision::conflict::codec::tests::mce_direct_process_content_wrapper_is_transparent_to_scope ... ok
test revision::conflict::codec::tests::mce_direct_selected_choice_is_transparent_to_scope ... ok
test revision::conflict::codec::tests::mce_ignores_inactive_text_and_keeps_selected_text ... ok
test revision::conflict::codec::tests::mce_markers_fit_at_exact_source_limit_for_multiple_conflicts ... ok
test revision::conflict::codec::tests::mce_namespace_limit_counts_effective_prefixes_not_shadow_occurrences ... ok
test revision::conflict::codec::tests::mce_namespace_limit_rejects_many_distinct_effective_prefixes ... ok
test revision::conflict::codec::tests::mce_prepass_observes_event_limits ... ok
test revision::conflict::codec::tests::mce_process_content_does_not_become_a_semantic_parent ... ok
test revision::conflict::codec::tests::mce_requires_effective_w14_ignorable_namespace_and_honors_aliases ... ok
test revision::conflict::codec::tests::metadata_limit_counts_only_retained_author_and_date ... ok
test revision::conflict::codec::tests::nested_inline_conflicts_charge_every_retained_text_reference ... ok
test revision::conflict::codec::tests::nested_repeated_process_content_is_scoped_without_growth_per_frame ... ok
test revision::conflict::codec::tests::pairs_ct_track_change_start_with_ct_markup_end ... ok
test revision::conflict::codec::tests::rejects_conflict_under_run ... ok
test revision::conflict::codec::tests::rejects_non_schema_conflict_and_range_parents ... ok
test revision::conflict::codec::tests::text_segment_limit_is_exact ... ok
test revision::conflict::transaction::tests::projected_edits_retain_request_order_after_o1_removal ... ok
test revision::conflict::validation::tests::semantic_zero_quotas_are_valid ... ok
test revision::conflict::validation::tests::structural_zero_budgets_are_rejected ... ok
test revision::limits_tests::bound_revision_context_does_not_enable_legacy_attribute_prefix_fallback ... ok
test revision::limits_tests::empty_elements_and_metadata_markers_cannot_bypass_depth_or_content_checks ... ok
test revision::limits_tests::every_table_read_facade_applies_the_record_limit ... ok
test revision::limits_tests::metadata_namespace_and_decoded_byte_limits_are_contextual ... ok
test revision::limits_tests::nested_revision_metadata_and_text_are_retained_in_source_order_and_charged ... ok
test revision::limits_tests::nested_revision_text_includes_namespace_bound_run_control_characters ... ok
test revision::limits_tests::paragraph_mark_and_numbering_revisions_have_metadata_without_inline_text ... ok
test revision::limits_tests::public_revision_limits_accept_exact_budgets_and_report_each_resource ... ok
test revision::limits_tests::revision_metadata_requires_xsd_track_change_fields_and_values ... ok
test revision::limits_tests::revision_parser_requires_one_root_and_rejects_top_level_content_or_late_declaration ... ok
test revision::property_tests::foreign_property_names_do_not_satisfy_revision_snapshot_or_owner ... ok
test revision::property_tests::numbering_original_and_grid_identifiers_are_charged_to_metadata_limits ... ok
test revision::property_tests::original_properties_reject_character_data_and_nested_revision_markers ... ok
test revision::property_tests::property_and_numbering_owners_reject_duplicate_or_out_of_order_history ... ok
test revision::property_tests::property_history_requires_normative_owner_and_snapshot_cardinality ... ok
test revision::property_tests::property_revisions_project_normative_metadata_in_both_dialects ... ok
test revision::property_tests::transitional_numbering_history_retains_original_for_paragraphs_and_fields ... ok
test revision::tests::nested_same_name_revision_closes_at_its_own_depth ... ok
test revision::tests::paragraph_revisions_ignore_inherited_foreign_date_utc_namespace ... ok
test revision::tests::paragraph_revisions_reject_inherited_foreign_word_prefix ... ok
test revision::tests::paragraph_revisions_resolve_inherited_word_2023_namespace ... ok
test revision::tests::revision_fragment_rejects_dtd_declarations ... ok
test revision::tests::revision_text_decodes_references_and_xml_line_endings ... ok
test revision::tests::revision_text_preserves_authored_edge_whitespace_and_cdata ... ok
test revision::tests::revision_text_rejects_invalid_references_and_xml_characters ... ok
test revision::tests::revision_text_rejects_invalid_utf8_in_text_and_cdata ... ok
test revision::tests::table_revisions_resolve_inherited_word_2023_namespace ... ok
test revision::tests::test_parse_date_utc_rejects_non_utc_lexical_value ... ok
test revision::tests::test_parse_date_utc_requires_namespace_binding ... ok
test revision::tests::test_parse_date_utc_with_bound_namespace_and_lexical_value ... ok
test revision::tests::test_parse_delete_revision ... ok
test revision::tests::test_parse_insert_revision ... ok
test revision::tests::test_parse_multiple_revisions ... ok
test revision::tests::test_parse_property_revision_date_utc_and_ignore_wrong_namespace ... ok
test revision::tests::test_parse_revisions_empty ... ok
test revision::tests::test_revision_creation ... ok
test revision::tests::test_revision_type_display ... ok
test revision::tests::truncated_revision_fragments_are_rejected ... ok
test run_effects::tests::cached_properties_expose_the_same_effect_snapshot_as_run ... ok
test run_effects::tests::malformed_and_duplicate_effects_are_rejected ... ok
test run_effects::tests::run_path_and_writer_keep_effect_namespace_and_unknown_package_xml ... ok
test run_effects::tests::schema_domains_and_namespaces_are_strictly_checked ... ok
test run_effects::tests::typed_effects_round_trip_all_supported_children ... ok
test run_effects::tests::writer_effects_view_supports_validated_in_place_edits ... ok
test run_symbols::tests::invalid_symbol_domains_are_rejected_before_editing ... ok
test run_symbols::tests::mutable_writer_authors_and_reopens_sym_ex ... ok
test run_symbols::tests::raw_run_edits_keep_no_symbol_absent_from_explicit_empty_distinct ... ok
test run_symbols::tests::reads_repeated_symbols_and_preserves_absent_attributes ... ok
test run_symbols::tests::snapshots_are_failure_atomic_and_patchable_without_losing_unknown_run_xml ... ok
test section::codec::tests::child_relationship_or_foreign_attributes_cannot_hijack_generated_prefix ... ok
test section::codec::tests::default_only_page_size_deletion_preserves_margin_bytes ... ok
test section::codec::tests::detached_lexical_prefix_fallback_remains_byte_exact ... ok
test section::codec::tests::duplicate_same_header_or_footer_type_is_rejected ... ok
test section::codec::tests::explicit_foreign_relationship_binding_cannot_satisfy_reference_id ... ok
test section::codec::tests::explicit_root_bindings_decode_child_word_and_relationship_attributes_exactly ... ok
test section::codec::tests::generated_qnames_use_named_alias_with_default_element_namespace ... ok
test section::codec::tests::generated_qnames_use_named_root_word_prefix ... ok
test section::codec::tests::interleaved_header_footer_references_decode_before_page_size ... ok
test section::codec::tests::late_schema_barriers_preserve_pg_borders_no_endnote_and_change_order ... ok
test section::codec::tests::named_prefix_page_size_addition_precedes_existing_margins ... ok
test section::codec::tests::only_opaque_children_receive_all_modeled_fields_at_root_close ... ok
test section::codec::tests::opaque_barriers_stay_before_late_modeled_insertions ... ok
test section::codec::tests::reference_after_page_size_is_rejected ... ok
test paragraph::tests::run_property_lookups_without_a_value_read_every_repeated_name ... ok
test section::codec::tests::reversed_no_endnote_and_section_change_are_rejected ... ok
test section::footnote_columns::tests::inherited_ignorable_tokens_are_not_duplicated_or_rebound_locally ... ok
test section::footnote_columns::tests::insertion_does_not_capture_opaque_descendant_prefixes ... ok
test section::footnote_columns::tests::insertion_refuses_unknown_or_post_change_word_children ... ok
test section::footnote_columns::tests::inserts_before_section_change_without_rewriting_opaque_trivia ... ok
test section::footnote_columns::tests::malformed_extension_and_missing_ignorable_are_rejected ... ok
test section::footnote_columns::tests::mutation_merges_existing_ignorable_tokens_and_custom_prefixes ... ok
test section::footnote_columns::tests::package_discovery_reads_all_sections ... ok
test section::footnote_columns::tests::package_discovery_rejects_unignorable_inherited_extension ... ok
test section::footnote_columns::tests::package_discovery_retains_inherited_namespace_context ... ok
test section::footnote_columns::tests::patches_require_exact_source_bytes ... ok
test section::footnote_columns::tests::reads_zero_and_preserves_absence ... ok
test section::footnote_columns::tests::rejects_duplicate_expanded_mc_ignorable_aliases ... ok
test section::footnote_columns::tests::rejects_overdeep_section_fragments ... ok
test section::footnote_columns::tests::rejects_values_outside_schema_int_bounds ... ok
test section::footnote_columns::tests::section_facade_publishes_one_atomic_edit ... ok
test section::footnote_columns::tests::selects_matching_aliases_when_preferred_namespace_prefixes_collide ... ok
test section::footnote_columns::tests::transaction_is_lossless_and_inverse_is_atomic ... ok
test section::footnote_columns::tests::unresolved_word_prefix_still_places_the_extension_before_section_change ... ok
test section::footnote_columns::tests::value_edits_preserve_extension_attributes_and_lexical_source ... ok
test section::tests::emu_conversions_and_checked_domain ... ok
test section::tests::enum_lexemes_and_defaults_are_contextual ... ok
test section::tests::inventory_accepts_strict_and_refuses_bad_topology_and_section_grammar ... ok
test section::tests::inventory_bounds_inherited_namespace_materialization ... ok
test section::tests::inventory_enforces_caller_limits_and_snapshot_selection ... ok
test section::tests::inventory_ignores_table_cell_section_properties_for_main_story_boundaries ... ok
test section::tests::inventory_materializes_inherited_namespaces_after_quoted_gt_and_refuses_malformed_opening ... ok
test section::tests::inventory_preflights_reference_limits_before_semantic_retention ... ok
test section::tests::inventory_refuses_unsupported_mce_branch_and_body_final_trailing_content ... ok
test section::tests::inventory_rejects_invalid_qnames_and_reserved_namespace_bindings ... ok
test section::tests::inventory_rejects_spoofed_attributes_and_malformed_document_structure ... ok
test section::tests::inventory_rejects_unbound_prefixes_and_non_xml_relationship_ids ... ok
test section::tests::inventory_reports_zero_one_and_multiple_logical_sections ... ok
test section::tests::inventory_selects_mce_and_keeps_header_footer_references_inert ... ok
test section::tests::inventory_uses_original_namespace_aliases_and_ignores_nested_story_paragraphs ... ok
test section::tests::malformed_and_unbounded_fragments_are_rejected ... ok
test section::tests::mutations_keep_foreign_children_and_round_trip ... ok
test section::tests::reads_geometry_columns_references_and_preserves_unknown_content ... ok
test section::tests::section_inheritance_and_collection_crud_are_ordered ... ok
test section::tests::standalone_sections_validate_qnames_without_rejecting_inherited_prefixes ... ok
test section::tests::strict_universal_measurements_decode_to_twips_and_preserve_source ... ok
test settings::document::tests::editing_settings_builders_write_fragments ... ok
test settings::document::tests::editing_settings_enums_round_trip ... ok
test settings::document::tests::editing_settings_serialize_and_reparse ... ok
test settings::document::tests::font_embedding_expands_self_closing_strict_root ... ok
test settings::document::tests::font_embedding_inserts_each_missing_flag_in_schema_order ... ok
test settings::document::tests::font_embedding_matching_flags_are_an_exact_namespace_aware_noop ... ok
test settings::document::tests::font_embedding_rejects_duplicate_or_invalid_word_flags ... ok
test settings::document::tests::font_embedding_rewrites_false_word_flags_without_touching_foreign_twins ... ok
test settings::document::tests::inserts_document_variables_into_empty_strict_root_in_schema_order ... ok
test settings::document::tests::parses_bundled_settings_resource ... ok
test settings::document::tests::parses_compat_options_and_settings ... ok
test settings::document::tests::parses_document_level_note_properties ... ok
test settings::document::tests::parses_empty_and_strict_compat_groups ... ok
test settings::document::tests::parses_smart_tag_settings_with_strict_namespaces ... ok
test settings::document::tests::parses_transitional_and_strict_attached_templates ... ok
test settings::document::tests::parses_view_proofing_and_theme_defaults ... ok
test settings::document::tests::patches_document_variables_without_touching_unrelated_settings ... ok
test settings::document::tests::patches_only_the_attached_template_element ... ok
test settings::document::tests::rejects_invalid_attached_template_graphs ... ok
test settings::document::tests::rejects_invalid_compat_groups ... ok
test settings::document::tests::rejects_invalid_editing_settings ... ok
test settings::document::tests::rejects_invalid_note_property_groups ... ok
test settings::document::tests::strict_and_transitional_compatibility_flag_domains_are_exhaustive ... ok
test settings::document::tests::strict_and_transitional_note_position_domains_are_closed ... ok
test settings::document::tests::test_protection_type ... ok
test settings::document::tests::test_settings_creation ... ok
test settings::document::tests::validates_smart_tag_settings ... ok
test settings::extensions::tests::package_processing_understands_ignorable_word_settings_extensions ... ok
test settings::tests::parses_requested_settings_values_in_both_dialects ... ok
test settings::tests::rejects_oversized_input_before_xml_allocation ... ok
test settings::tests::rejects_strict_transitional_compatibility_flags_and_duplicates ... ok
test settings::tests::smart_tag_type_validates_client_lengths_without_rejecting_empty_present_values ... ok
test settings::tests::writes_modeled_values_in_schema_order ... ok
test smartart::tests::loads_synthetic_inventory_in_both_dialects ... ok
test smartart::tests::reads_libreoffice_strict_fixture ... ok
test smartart::tests::rejects_missing_or_mistyped_relationships ... ok
test source_backed::paragraph_index_tests::cancellation_after_warm_managed_index_evicts_the_clean_entry ... ok
test source_backed::paragraph_index_tests::concurrent_first_managed_views_coalesce_to_one_index_build ... ok
test source_backed::paragraph_index_tests::delayed_managed_tail_append_publishes_after_clean_index_warm ... ok
test source_backed::paragraph_index_tests::managed_document_views_reuse_one_index_after_the_first_build ... ok
test source_backed::paragraph_index_tests::managed_index_reservations_last_until_the_final_view_drops ... ok
test source_backed::tail_append::attribute_tests::directive_facts_count_tokens_and_their_bound_namespaces ... ok
test source_backed::tail_append::attribute_tests::directive_prefix_lookups_scan_the_bindings_in_scope_once ... ok
test section::codec::tests::repeated_section_attribute_names_are_refused_at_the_same_attribute ... ok
test source_backed::tail_append::attribute_tests::prefix_lookup_matches_the_bindings_scan_in_every_scope ... ok
test source_backed::tail_append::mce_workspace::tests::checked_arithmetic_rejects_unrepresentable_profiles ... ok
test source_backed::tail_append::mce_workspace::tests::expanded_directive_payload_increases_the_envelope ... ok
test source_backed::tail_append::mce_workspace::tests::small_profile_has_a_checked_owner_envelope ... ok
test source_backed::tail_append_stream::authenticated_reader_tests::authenticated_reader_rejects_bytes_beyond_proof_before_hashing ... ok
test source_backed::tail_append_stream::authenticated_reader_tests::authenticated_reader_rejects_overreported_count_and_poison_repeats ... ok
test source_backed::tail_append_stream::patch::tests::candidate_parser_events_are_independent_of_authored_framing ... ok
test source_backed::tail_append_stream::patch::tests::canonical_wire_round_trips ... ok
test source_backed::tail_append_stream::patch::tests::duplicate_and_unknown_fields_are_rejected ... ok
test source_backed::tail_append_stream::patch::tests::exact_inverse_wire_round_trips ... ok
test source_backed::tail_append_stream::patch::tests::inverse_allows_larger_current_candidate ... ok
test source_backed::tail_append_stream::patch::tests::process_local_patch_cannot_be_serialized ... ok
test statistics::tests::test_count_characters ... ok
test statistics::tests::test_count_characters_no_spaces ... ok
test statistics::tests::test_count_words ... ok
test statistics::tests::test_document_statistics ... ok
test statistics::tests::test_estimate_line_count ... ok
test statistics::tests::test_estimate_page_count ... ok
test story_hyperlinks::tests::publication_reuses_the_planned_story_snapshot ... ok
test story_hyperlinks::tests::relationship_indexes_preserve_story_ranges_and_target_order ... ok
test streaming::tests::cancellation_during_flush_retry_is_checked_before_retrying ... ok
test streaming::tests::cancellation_during_package_finalization_preserves_typed_progress ... ok
test streaming::tests::cancellation_is_observed_before_next_output ... ok
test streaming::tests::controlled_sink_preserves_document_progress_through_deflate_failure ... ok
test streaming::tests::counter_overflow_is_reported_as_a_finite_limit_failure ... ok
test streaming::tests::deterministic_package_is_bounded_to_three_members ... ok
test streaming::tests::escaped_chunk_boundaries_are_counted_once_at_exact_xml_limits ... ok
test streaming::tests::escaped_chunks_match_the_character_loop ... ok
test streaming::tests::finite_limits_are_exact_and_one_over ... ok
test streaming::tests::fixed_memory_reservation_releases_through_hierarchy ... ok
test streaming::tests::fixed_objects_and_work_are_preflighted_before_first_output ... ok
test streaming::tests::hidden_opc_ceilings_are_rejected_instead_of_being_opaque_runtime_limits ... ok
test streaming::tests::hierarchical_input_and_output_budgets_have_exact_boundaries ... ok
test streaming::tests::non_seek_short_and_interrupted_sinks_finish_without_buffering ... ok
test streaming::tests::output_limit_is_exact_and_one_over ... ok
test streaming::tests::plain_ascii_word_matches_a_byte_by_byte_test ... ok
test streaming::tests::plain_text_validation_and_escaping_are_preflighted ... ok
test streaming::tests::state_errors_are_retryable_but_semantic_failures_poison ... ok
test streaming::tests::text_scan_matches_the_character_loop_at_every_work_limit ... ok
test streaming::tests::text_size_scan_charges_work_at_a_bounded_checkpoint ... ok
test streaming::tests::zero_and_failing_sinks_report_typed_progress_and_poisoning ... ok
test source_backed::tail_append::attribute_tests::opaque_attributes_refuse_repeats_as_before_and_accept_many_distinct_names ... ok
test styles::effects::tests::relationship_graph_walk_reads_metadata_without_decoding_payloads ... ok
test styles::effects::tests::direct_patch_retains_nested_effects_candidate_clone ... ok
test styles::effects::tests::staged_patch_rejects_unbound_standalone_snapshot ... ok
test styles::tests::outline_levels_are_typed_and_malformed_values_are_rejected ... ok
test styles::tests::rejects_based_on_cycles_and_malformed_num_pr ... ok
test styles::effects::tests::staged_facade_reuses_snapshot_and_skips_nested_effects_clone ... ok
test styles::tests::resolves_inherited_numbering_and_retains_cancellation ... ok
test styles::tests::style_type_xml_and_display_round_trip ... ok
test styles::tests::test_style_type_default ... ok
test table::tests::cell_properties_ignore_foreign_lookalikes ... ok
test table::tests::cell_properties_reject_invalid_values ... ok
test table::tests::row_division_ids_are_direct_and_namespace_aware ... ok
test table::tests::table_hierarchy_accepts_strict_self_closing_rows ... ok
test table::tests::table_hierarchy_rejects_unterminated_selected_elements ... ok
test table::tests::table_hierarchy_shares_aliased_word_fragments_and_ignores_lookalikes ... ok
test table::tests::test_cell_text ... ok
test textbox::tests::ignores_drawings_without_text_stories ... ok
test textbox::tests::parses_floating_text_box_body_properties ... ok
test textbox::tests::parses_multi_paragraph_story_with_run_formatting ... ok
test textbox::tests::parses_strict_namespace_text_box ... ok
test textbox::tests::parses_vml_text_box_fallback ... ok
test textbox::tests::parses_vml_textpath_word_art ... ok
test textbox::tests::parses_word_art_warp_and_styling_flags ... ok
test textbox::tests::preset_attributes_apply_xml_schema_token_whitespace ... ok
test textbox::tests::reads_libreoffice_text_box_fixture ... ok
test textbox::tests::rejects_invalid_body_and_run_domains ... ok
test textbox::tests::rejects_malformed_and_oversized_input ... ok
test textbox::tests::rejects_tokens_outside_closed_geometry_domains ... ok
test textbox::tests::text_no_shape_warp_is_not_word_art ... ok
test theme::tests::parses_aliased_theme_names_and_fonts ... ok
test theme::tests::parses_strict_theme_and_rejects_malformed_xml ... ok
test theme::tests::test_theme_creation ... ok
test variables::codec::allocation_boundary_tests::empty_root_expansion_accepts_exact_limit_and_rejects_one_byte_over ... ok
test variables::codec::tests::rejects_missing_duplicate_nested_and_oversized_input ... ok
test variables::codec::tests::serializes_and_parses_escaped_values ... ok
test variables::codec::tests::source_backed_rewrite_refuses_selected_namespace_and_entity_syntax ... ok
test variables::model::tests::enforces_word_name_value_and_count_boundaries ... ok
test variables::model::tests::insertion_order_replace_remove_and_clear_are_deterministic ... ok
test styles::tests::repeated_style_attributes_keep_their_first_value ... ok
test variables::tests::complete_collection_replacement_validates_before_publication ... ok
test variables::tests::exact_noop_shares_the_retained_settings_allocation ... ok
test variables::tests::source_checked_edits_are_canonical_and_inverse_is_byte_exact ... ok
test variables::tests::strict_empty_settings_are_inserted_in_canonical_form_and_removed_atomically ... ok
test variables::tests::transaction_failures_are_atomic_and_limits_are_enforced ... ok
test vba_project::tests::discovers_macro_project_metadata_without_parsing_payloads ... ok
test vba_project::tests::documents_without_vba_projects_return_no_metadata ... ok
test vba_project::tests::docx_package_accepts_macro_enabled_document_and_template_main_parts ... ok
test vba_project::tests::rejects_a_vba_project_without_required_supplemental_data ... ok
test vba_project::tests::rejects_invalid_project_and_supplemental_values_atomically ... ok
test vba_project::tests::serializes_typed_supplemental_data_in_schema_order ... ok
test vba_project::tests::stores_preserves_and_removes_word_project_graph ... ok
test vba_project::tests::template_kind_survives_attach_and_remove ... ok
test web::tests::adversarial_xml_never_unwinds ... ok
test web::tests::builds_and_edits_recursive_framesets_for_round_trip ... ok
test web::tests::builds_and_edits_recursive_html_divisions_for_round_trip ... ok
test web::tests::edits_and_clears_every_scalar_web_setting ... ok
test web::tests::graph_failures_are_atomic_and_shared_parts_are_rejected ... ok
test web::tests::mce_preprocessing_respects_web_settings_xml_bound ... ok
test web::tests::numeric_div_selectors_reject_missing_positions_without_mutation ... ok
test web::tests::package_graph_crud_round_trips_and_is_idempotent ... ok
test web::tests::package_web_patch_is_graph_checked_and_failure_atomic ... ok
test variables::tests::aggregate_encoded_output_is_rejected_before_publication ... ok
test web::tests::parses_all_scalar_web_settings_with_strict_namespaces ... ok
test web::tests::parses_recursive_framesets_and_all_frame_properties ... ok
test web::tests::parses_recursive_html_divisions_and_border_properties ... ok
test web::tests::rejects_invalid_or_duplicate_scalar_web_settings ... ok
test web::tests::rejects_mismatched_leaf_end_tags ... ok
test web::tests::semantic_and_positional_div_crud_is_checked_and_atomic ... ok
test web::tests::semantic_noop_preserves_noncanonical_bytes_and_signatures ... ok
test web::tests::serialization_rejects_empty_division_containers ... ok
test web::tests::serialization_rejects_excessive_recursive_nesting ... ok
test web::tests::serializes_every_modeled_web_setting_for_round_trip ... ok
test web::tests::source_checked_web_edits_preserve_opaque_markup_and_round_trip_inverse ... ok
test web::tests::strict_graph_and_mce_round_trip ... ok
test web::tests::validates_frame_values_and_source_relationships ... ok
test web::tests::validates_html_division_structure_and_values ... ok
test web::tests::validates_mutable_frameset_colors_without_losing_prior_value ... ok
test web::tests::validates_mutable_html_division_values_atomically ... ok
test writer::bookmark::tests::test_bookmark_creation ... ok
test writer::bookmark::tests::test_bookmark_xml ... ok
test writer::comment::tests::creation_is_deterministic_without_ambient_time ... ok
test writer::comment::tests::explicit_date_and_xml_are_validated_and_compact ... ok
test writer::comment::tests::invalid_date_cannot_mutate_and_semantic_text_space_is_preserved ... ok
test writer::comment::tests::oversized_date_is_rejected_before_owned_storage ... ok
test writer::content_control::tests::checked_data_binding_checksum_is_canonical_and_reopens ... ok
test writer::content_control::tests::extension_ignorable_tokens_are_unique_and_stable ... ok
test writer::content_control::tests::formatting_allowed_is_checked_and_reopens ... ok
test writer::content_control::tests::generated_checkbox_round_trips_through_reader ... ok
test writer::content_control::tests::legacy_placeholder_text_refuses_and_explicit_reference_authors ... ok
test writer::content_control::tests::test_checkbox_control ... ok
test writer::content_control::tests::test_date_picker_control ... ok
test writer::content_control::tests::test_dropdown_control ... ok
test writer::content_control::tests::test_lock_properties ... ok
test writer::content_control::tests::test_plain_text_control ... ok
test writer::content_control::tests::test_rich_text_control ... ok
test writer::content_control::tests::test_xml_generation ... ok
test writer::content_control::tests::word_2012_binding_with_checksum_reopens_semantically ... ok
test writer::content_control::tests::word_2012_binding_without_checksum_reopens_with_its_flavor ... ok
test writer::content_control::tests::writer_rejects_invalid_scalars_dates_and_list_quota ... ok
test writer::doc::model::tests::comments_part_is_deterministic_and_compact ... ok
test writer::doc::package::fusion_tests_0722::active_offset_limit_remains_typed_and_bounded ... ok
test writer::doc::package::fusion_tests_0722::alt_depth_boundary_remains_256_even_though_range_limit_is_lower ... ok
test writer::doc::package::fusion_tests_0722::anchor_limit_error_precedes_any_range_result ... ok
test writer::doc::package::fusion_tests_0722::empty_event_depth_contract_does_not_share_the_range_counter ... ok
test writer::doc::package::fusion_tests_0722::exact_range_depth_boundary_remains_accepted ... ok
test writer::doc::package::fusion_tests_0722::first_active_error_wins_over_a_deferred_range_error ... ok
test writer::doc::package::fusion_tests_0722::fragment_and_foreign_namespace_rules_remain_distinct_from_alt_namespace_rules ... ok
test writer::doc::package::fusion_tests_0722::later_alt_error_wins_over_an_earlier_deferred_range_error ... ok
test writer::doc::package::fusion_tests_0722::malformed_first_mce_is_still_seen_by_the_second_active_selection ... ok
test writer::doc::package::fusion_tests_0722::malformed_tail_uses_the_existing_reader_error ... ok
test web::tests::parser_budget_covers_nested_readers ... ok
test writer::doc::package::fusion_tests_0722::nested_anchor_metadata_is_retained_while_outer_ranges_suppress_nested_targets ... ok
test writer::doc::package::fusion_tests_0722::mce_choices_keep_two_independent_visible_views ... ok
test writer::doc::package::fusion_tests_0722::ordinary_aliases_preserve_chunks_ranges_and_marker_like_text ... ok
test writer::doc::package::fusion_tests_0722::range_error_is_returned_after_alt_success ... ok
test writer::doc::package::fusion_tests_0722::raw_xml_limit_is_checked_before_the_fused_walk ... ok
test writer::doc::package::fusion_tests_0722::strict_and_transitional_relationship_dialects_keep_typed_metadata ... ok
test writer::doc::package::fusion_tests_0722::typed_alt_child_grammar_and_relationship_errors_are_unchanged ... ok
test writer::doc::tests::a_byte_order_mark_shifts_no_preserved_body_range ... ok
test writer::doc::tests::a_byte_order_mark_survives_one_appended_paragraph ... ok
test writer::doc::tests::appending_preserves_existing_body_xml_exactly ... ok
test writer::doc::tests::body_final_section_properties_must_remain_the_last_body_child ... ok
test writer::doc::tests::existing_document_parser_rejects_missing_or_truncated_body ... ok
test writer::doc::tests::headings_use_style_ids_instead_of_display_names ... ok
test writer::doc::tests::protection_patching_preserves_unrelated_settings_exactly ... ok
test writer::doc::tests::protection_patching_removes_only_protection_and_handles_empty_roots ... ok
test writer::doc::tests::removing_alt_chunk_keeps_pending_toc_insertion_in_bounds ... ok
test writer::doc::tests::test_add_paragraph ... ok
test writer::doc::tests::test_add_table ... ok
test writer::doc::tests::test_create_empty_document ... ok
test writer::doc::tests::test_run_formatting ... ok
test writer::doc::tests::test_xml_generation ... ok
test writer::field::tests::test_field_creation ... ok
test writer::field::tests::test_field_factories ... ok
test writer::field::tests::test_field_with_result ... ok
test writer::field::tests::test_field_xml ... ok
test writer::field::tests::typed_bibliography_serializes_documented_switches_without_evaluation ... ok
test writer::field::tests::typed_citation_serializes_documented_switches_without_evaluation ... ok
test writer::hyperlink::tests::test_hyperlink_add_run ... ok
test writer::hyperlink::tests::test_hyperlink_element_debug ... ok
test writer::hyperlink::tests::test_hyperlink_new ... ok
test writer::hyperlink::tests::test_hyperlink_new_anchor ... ok
test writer::hyperlink::tests::test_hyperlink_set_tooltip ... ok
test writer::hyperlink::tests::test_hyperlink_to_xml_with_anchor ... ok
test writer::hyperlink::tests::test_hyperlink_to_xml_with_url ... ok
test writer::hyperlink::tests::test_hyperlink_to_xml_without_r_id_or_anchor ... ok
test writer::image::tests::test_inline_image_data_accessor ... ok
test writer::image::tests::test_inline_image_default_dimensions ... ok
test writer::image::tests::test_inline_image_format_accessor ... ok
test writer::image::tests::test_inline_image_from_bytes_gif ... ok
test writer::image::tests::test_inline_image_from_bytes_jpeg ... ok
test writer::image::tests::test_inline_image_from_bytes_png ... ok
test writer::image::tests::test_inline_image_from_bytes_unknown_format ... ok
test writer::image::tests::test_inline_image_set_description ... ok
test writer::image::tests::test_inline_image_to_xml ... ok
test writer::image::tests::test_inline_image_to_xml_with_description ... ok
test writer::image::tests::test_inline_image_with_dimensions ... ok
test writer::image::tests::test_pt_to_emu ... ok
test writer::image::tests::test_px_to_emu ... ok
test writer::note::tests::test_note_add_paragraph ... ok
test writer::note::tests::test_note_add_paragraph_with_text ... ok
test writer::note::tests::test_note_debug ... ok
test writer::note::tests::test_note_multiple_paragraphs ... ok
test writer::note::tests::test_note_new ... ok
test writer::ole_object::tests::allocates_distinct_identities_for_multiple_objects ... ok
test writer::ole_object::tests::authors_checked_legacy_object_anchor_id ... ok
test writer::ole_object::tests::coexists_with_text_boxes_and_images ... ok
test writer::ole_object::tests::rejects_oversized_payloads_and_bad_shape_ids ... ok
test writer::ole_object::tests::rejects_serialization_without_shape_id ... ok
test writer::ole_object::tests::round_trips_embedded_object_through_saved_package ... ok
test writer::ole_object::tests::serializes_object_element_with_relationships ... ok
test writer::ole_object::tests::serializes_preview_and_placeholders ... ok
test writer::ole_object::tests::validates_prog_ids ... ok
test writer::paragraph::tests::rejects_invalid_paragraph_division_id ... ok
test writer::paragraph::tests::writes_and_reopens_inline_and_display_office_math ... ok
test writer::paragraph::tests::writes_paragraph_division_id_for_reader_round_trip ... ok
test writer::relmap::tests::test_add_and_get_hyperlink ... ok
test writer::relmap::tests::test_add_and_get_image ... ok
test writer::relmap::tests::test_relationship_mapper_debug ... ok
test writer::relmap::tests::test_relationship_mapper_default ... ok
test writer::relmap::tests::test_relationship_mapper_new ... ok
test writer::relmap::tests::test_set_and_get_endnotes_id ... ok
test writer::relmap::tests::test_set_and_get_footer_id ... ok
test writer::relmap::tests::test_set_and_get_footnotes_id ... ok
test writer::relmap::tests::test_set_and_get_header_id ... ok
test writer::revision::tests::conflict_metadata_uses_full_signed_domain_and_additions_are_atomic ... ok
test writer::revision::tests::deleted_fields_use_deleted_elements ... ok
test writer::revision::tests::legal_anchors_controls_and_strict_context ... ok
test writer::revision::tests::property_changes_are_last ... ok
test writer::revision::tests::rejects_active_or_opaque_conflict_runs_before_emission ... ok
test writer::revision::tests::rejects_nested_atomically ... ok
test writer::revision::tests::validates_metadata_and_rolls_back ... ok
test writer::revision::tests::wrappers_escape_delete_and_round_trip ... ok
test writer::revision::tests::writes_custom_xml_conflict_range_as_atomic_pair ... ok
test writer::revision::tests::writes_date_utc_with_bound_word_2023_namespace ... ok
test writer::revision::tests::writes_inline_conflicts_with_mode_and_mc_context ... ok
test writer::section::codec::xml::tests::alternate_word_prefix_and_foreign_w_r_bindings_remain_namespace_safe ... ok
test writer::section::codec::xml::tests::default_namespace_reset_is_read_from_its_first_occurrence ... ok
test writer::section::codec::xml::tests::default_namespace_root_writes_unprefixed_word_elements ... ok
test writer::section::codec::xml::tests::explicit_false_on_off_values_are_preserved_until_enabled ... ok
test writer::section::codec::xml::tests::foreign_same_local_children_and_raw_positions_survive_write ... ok
test writer::section::codec::xml::tests::foreign_same_local_id_is_preserved_with_valid_relationship_id ... ok
test writer::section::codec::xml::tests::fresh_and_detached_namespace_serialization_are_safe ... ok
test writer::section::codec::xml::tests::generated_relationship_prefix_avoids_word_prefix_collision ... ok
test writer::section::codec::xml::tests::interleaved_reference_slots_replace_in_place ... ok
test writer::section::codec::xml::tests::invalid_st_on_off_values_are_rejected ... ok
test writer::section::codec::xml::tests::managed_authored_reference_deletion_does_not_resurrect ... ok
test writer::section::codec::xml::tests::mixed_word_bindings_use_the_root_namespace_for_generated_attributes ... ok
test writer::section::codec::xml::tests::namespace_forms_and_detached_prefixes_parse ... ok
test writer::section::codec::xml::tests::page_border_edges_follow_schema_order ... ok
test writer::section::codec::xml::tests::prefixed_child_default_reset_is_not_replayed_on_regeneration ... ok
test writer::section::codec::xml::tests::relationship_decoder_rejects_unqualified_word_and_foreign_ids ... ok
test writer::section::codec::xml::tests::relationship_ids_require_ncname_and_foreign_r_is_not_a_relationship ... ok
test writer::section::codec::xml::tests::repeated_child_attribute_names_are_refused_as_before ... ok
test writer::section::codec::xml::tests::root_and_known_child_unmodeled_attributes_survive_edits ... ok
test writer::section::codec::xml::tests::root_scanner_rejects_trailing_junk_and_preserves_explicit_unbinding ... ok
test writer::section::codec::xml::tests::section_properties_accept_interleaved_header_footer_references ... ok
test writer::section::codec::xml::tests::section_properties_reject_duplicate_same_reference_type ... ok
test writer::section::codec::xml::tests::section_properties_reject_reference_after_page_size ... ok
test writer::section::codec::xml::tests::self_closing_and_mismatched_section_roots_are_handled ... ok
test writer::section::codec::xml::tests::strict_namespaces_are_retained_for_generated_relationships ... ok
test writer::section::tests::page_border_style_enum_round_trips ... ok
test writer::section::tests::page_layout_defaults_and_empty_edges ... ok
test writer::section::tests::page_layout_properties_round_trip ... ok
test writer::section::tests::rejects_duplicate_and_invalid_section_properties ... ok
test writer::section::tests::rejects_malformed_page_layout_properties ... ok
test writer::section::tests::rejects_unknown_chapter_and_note_domain_values ... ok
test writer::section::tests::strict_universal_measurements_decode_to_writer_twips ... ok
test writer::section::tests::typed_chapter_and_note_domains_round_trip ... ok
test writer::section::tests::typed_section_round_trips_and_preserves_unknown_children ... ok
test writer::section::validation::tests::direct_relationship_ids_must_be_ncname_values ... ok
test writer::section::validation::tests::header_footer_xml_requires_one_closed_matching_root ... ok
test writer::smart_tag::tests::generated_nested_smart_tags_round_trip_through_reader ... ok
test writer::smart_tag::tests::nested_smart_tag_hyperlinks_are_collected_for_relationships ... ok
test writer::smartart::tests::coexists_with_text_boxes_images_and_ole_objects ... ok
test writer::smartart::tests::multiple_smartarts_get_distinct_parts_and_rels ... ok
test writer::smartart::tests::rejects_invalid_extents ... ok
test writer::smartart::tests::round_trips_smartart_through_saved_package ... ok
test writer::smartart::tests::serializes_anchor_with_relationship_ids ... ok
test writer::smartart::tests::serializes_placeholders_and_requires_anchor_key ... ok
test writer::smartart::tests::validates_diagram_bounds ... ok
test writer::style::tests::test_create_basic_style ... ok
test writer::style::tests::test_generate_styles_xml ... ok
test writer::style::tests::test_heading_styles ... ok
test writer::style::tests::test_normal_style ... ok
test writer::style::tests::test_paragraph_properties ... ok
test writer::style::tests::test_style_formatting ... ok
test writer::style::tests::test_xml_escaping ... ok
test writer::table::revision_tests::row_revision_batches_validate_count_ids_and_conflicts_atomically ... ok
test writer::table::revision_tests::writes_and_parses_all_table_row_and_cell_revision_types ... ok
test writer::table::revision_tests::writes_table_row_deletions_and_parses_strict_namespace ... ok
test writer::table::tests::rejects_invalid_row_division_id ... ok
test writer::table::tests::writes_ordered_row_property_conflicts_after_property_change ... ok
test writer::table::tests::writes_row_division_id_for_reader_round_trip ... ok
test writer::textbox::tests::append_limits_leave_the_story_unchanged ... ok
test writer::textbox::tests::defaults_match_read_model_defaults ... ok
test writer::textbox::tests::escapes_markup_in_text_and_name ... ok
test writer::textbox::tests::rejects_invalid_extents ... ok
test writer::textbox::tests::round_trips_multiple_text_boxes_and_coexists_with_images ... ok
test writer::textbox::tests::round_trips_text_box_through_saved_package ... ok
test writer::textbox::tests::serializes_inline_text_box_with_body_properties ... ok
test writer::textbox::tests::serializes_preset_shape_and_formatted_runs ... ok
test writer::theme::tests::test_color_scheme ... ok
test writer::theme::tests::test_create_theme ... ok
test writer::theme::tests::test_office_theme ... ok
test writer::theme::tests::test_set_fonts ... ok
test writer::theme::tests::test_xml_generation ... ok
test writer::toc::tests::test_create_toc ... ok
test writer::toc::tests::test_toc_complex_field_xml ... ok
test writer::toc::tests::test_toc_field_instruction ... ok
test writer::toc::tests::test_toc_heading_levels ... ok
test writer::toc::tests::test_toc_xml ... ok
test writer::vml_shape::tests::authors_checked_legacy_picture_anchor_id ... ok
test writer::vml_shape::tests::coexists_with_drawingml_text_boxes_and_images ... ok
test writer::vml_shape::tests::multiple_shapes_get_distinct_ids_and_reject_collisions ... ok
test writer::vml_shape::tests::round_trips_vml_shape_through_saved_package ... ok
test writer::vml_shape::tests::serializes_each_shape_kind ... ok
test writer::vml_shape::tests::serializes_floating_position ... ok
test writer::vml_shape::tests::serializes_rect_with_colors_and_text ... ok
test writer::vml_shape::tests::textless_shapes_are_not_text_box_inventory_entries ... ok
test writer::vml_shape::tests::validates_colors_extents_and_identity ... ok
test writer::watermark::tests::parses_generated_watermark_from_header_xml ... ok
test writer::watermark::tests::recognizes_aliased_vml_and_ignores_ordinary_or_spoofed_shapes ... ok
test writer::watermark::tests::rejects_invalid_fractional_font_sizes ... ok
test writer::watermark::tests::rejects_unterminated_watermark_header_xml ... ok
test writer::watermark::tests::removal_still_works_for_both_variants ... ok
test writer::watermark::tests::round_trips_arbitrary_text_watermark_through_saved_package ... ok
test writer::watermark::tests::round_trips_image_watermark_through_saved_package ... ok
test writer::watermark::tests::serializes_arbitrary_text_watermark_variants ... ok
test writer::watermark::tests::serializes_image_watermark_and_discovers_anchor ... ok
test writer::watermark::tests::sniffs_png_and_jpeg_dimensions ... ok
test writer::watermark::tests::test_create_watermark ... ok
test writer::watermark::tests::test_watermark_customization ... ok
test writer::watermark::tests::test_watermark_xml ... ok
test writer::watermark::tests::text_and_image_watermarks_coexist ... ok
test writer::watermark::tests::validates_image_watermark_inputs ... ok
test writer::doc::package::fusion_tests_0722::one_million_structural_nodes_keep_the_range_limit_and_error_order ... ok

test result: ok. 1217 passed; 0 failed; 0 ignored; 0 measured; 0 filtered out; finished in 12.65s

     Running tests/alt_api.rs (/home/zhuhe/code/litchi-target-0780/quality/debug/deps/alt_api-2ddd6ee037187954)

running 1 test
test downstream_api_is_short_typed_and_move_owned ... ok

test result: ok. 1 passed; 0 failed; 0 ignored; 0 measured; 0 filtered out; finished in 0.00s

     Running tests/alt_chunk_authoring.rs (/home/zhuhe/code/litchi-target-0780/quality/debug/deps/alt_chunk_authoring-1f74ecdb3ab0b321)

running 11 tests
test external_target_is_returned_without_access_and_strict_anchor_is_emitted ... ok
test generated_internal_formats_have_canonical_content_types_and_reorder ... ok
test inherited_transitional_and_strict_aliases_support_package_crud ... ok
test libreoffice_payloads_are_ordered_borrowed_and_opaque ... ok
test malformed_relationship_and_invalid_index_leave_the_package_unchanged ... ok
test markup_compatibility_selectors_and_package_indexes_share_the_active_branch ... ok
test missing_internal_payload_is_rejected_without_fetching_or_importing ... ok
test removal_preserves_a_target_still_referenced_by_another_relationship ... ok
test replace_moves_in_new_payload_and_reclaims_the_old_graph ... ok
test semantic_insert_preserves_unrelated_mce_and_unknown_xml ... ok
test authoring_refuses_to_exceed_the_parser_anchor_limit ... ok

test result: ok. 11 passed; 0 failed; 0 ignored; 0 measured; 0 filtered out; finished in 0.04s

     Running tests/block_mutation.rs (/home/zhuhe/code/litchi-target-0780/quality/debug/deps/block_mutation-2a08d5480e6f2bca)

running 5 tests
test mutates_blocks_around_preserved_paragraphs_and_final_section ... ok
test rejects_out_of_range_insertion_and_removal ... ok
test removing_a_section_ending_paragraph_merges_sections ... ok
test inserts_and_removes_paragraphs_and_tables_then_reparses ... ok
test structural_edits_keep_the_pending_toc_anchored_after_existing_content ... ok

test result: ok. 5 passed; 0 failed; 0 ignored; 0 measured; 0 filtered out; finished in 0.01s

     Running tests/byte_order_marked_parts.rs (/home/zhuhe/code/litchi-target-0780/quality/debug/deps/byte_order_marked_parts-185870a47154e2a8)

running 6 tests
test a_fully_marked_document_reads_and_saves_like_the_unmarked_document ... ok
test a_mutable_edit_of_a_marked_main_part_matches_the_unmarked_edit ... ok
test a_semantic_edit_of_a_marked_main_part_matches_the_unmarked_edit ... ok
test protection_edits_of_a_marked_settings_part_match_unmarked_edits ... ok
test the_marked_alt_chunk_fixture_reads_and_edits_like_its_unmarked_twin ... ok
test settings_patches_of_the_marked_fixture_match_its_unmarked_twin ... ok

test result: ok. 6 passed; 0 failed; 0 ignored; 0 measured; 0 filtered out; finished in 0.21s

     Running tests/conflict_revisions.rs (/home/zhuhe/code/litchi-target-0780/quality/debug/deps/conflict_revisions-e20d921452d6c907)

running 17 tests
test conflict_publication_preserves_document_mut_composition ... ok
test conflict_removal_is_payload_exact_leaf_only_and_metadata_coalesced ... ok
test explicit_limits_are_exact_and_independent ... ok
test hand_authored_package_exposes_typed_main_and_story_inventories ... ok
test header_story_patch_publishes_only_to_its_story_and_refuses_stale_topology ... ok
test main_conflicts_ignore_a_malformed_unrelated_header_and_aggregate_quota ... ok
test later_story_patch_retains_the_original_package_limits ... ok
test malformed_range_topologies_are_refused_but_inactive_orphans_are_ignored ... ok
test package_aggregate_conflict_budget_is_applied_before_next_story_parse ... ok
test package_aggregate_text_segment_budget_precedes_later_story_parse ... ok
test package_exact_aggregate_quotas_allow_a_later_empty_story ... ok
test package_publication_preserves_unrelated_parts_relationships_and_noop_arcs ... ok
test package_story_fanout_stops_at_the_configured_cap ... ok
test max_output_limit_is_exact_one_below_retryable_and_reversible ... ok
test package_target_limit_lineage_keeps_unrelated_story_ceiling ... ok
test strict_word_namespace_and_public_writer_round_trip ... ok
test source_transaction_is_noop_lossless_reversible_stale_checked_and_retryable ... ok

test result: ok. 17 passed; 0 failed; 0 ignored; 0 measured; 0 filtered out; finished in 0.03s

     Running tests/core_properties.rs (/home/zhuhe/code/litchi-target-0780/quality/debug/deps/core_properties-190980f70c1d3500)

running 1 test
test package_facade_owns_core_property_crud ... ok

test result: ok. 1 passed; 0 failed; 0 ignored; 0 measured; 0 filtered out; finished in 0.01s

     Running tests/custom_properties.rs (/home/zhuhe/code/litchi-target-0780/quality/debug/deps/custom_properties-a1d824fda8deba21)

running 8 tests
test custom_props_round_trip_and_clear_remove_the_package_graph ... ok
test clean_real_fixture_preserves_custom_properties_for_stream_and_path_save ... ok
test dirty_custom_properties_survive_a_failed_stream_and_retry ... ok
test malformed_custom_props_are_not_treated_as_absent ... ok
test raw_opc_custom_property_replacement_remains_byte_exact_after_save ... ok
test raw_opc_empty_custom_properties_part_is_preserved_until_explicit_clear ... ok
test word_reserved_custom_properties_are_host_scoped_and_transactional ... ok
test refused_document_edit_preserves_custom_properties_for_stream_and_path_save ... ok

test result: ok. 8 passed; 0 failed; 0 ignored; 0 measured; 0 filtered out; finished in 0.05s

     Running tests/custom_xml_data_store.rs (/home/zhuhe/code/litchi-target-0780/quality/debug/deps/custom_xml_data_store-850abac5fd866693)

running 14 tests
test add_resolves_declared_checksum_and_duplicate_add_rolls_back ... ok
test binding_integrity_scans_word_containers_without_executing_xpath ... ok
test changed_replace_requires_explicit_unsign ... ok
test changed_payload_refreshes_main_header_and_reachable_comment_checksums ... ok
test dual_core_and_word_2012_bindings_refresh_each_exact_checksum ... ok
test duplicate_item_guid_and_orphan_story_are_refused_without_publication ... ok
test identical_payload_is_an_exact_signed_noop_even_with_malformed_checksum ... ok
test malformed_binding_and_replacement_fail_without_mutation ... ok
test malformed_external_data_relationship_is_rejected_before_crud ... ok
test malformed_matching_checksum_rolls_back_payload_stories_and_signature ... ok
test removal_is_managed_while_missing_store_is_an_exact_signed_noop ... ok
test removal_preserves_a_data_part_with_an_unrelated_shared_reference ... ok
test generated_add_find_update_replace_reorder_remove_round_trip ... ok
test same_order_is_signed_noop_and_changed_order_is_managed ... ok

test result: ok. 14 passed; 0 failed; 0 ignored; 0 measured; 0 filtered out; finished in 0.03s

     Running tests/drawing_svg_lifecycle.rs (/home/zhuhe/code/litchi-target-0780/quality/debug/deps/drawing_svg_lifecycle-39b27783d4f9043a)

running 24 tests
test attach_preserves_unknown_extension_and_rejects_stale_snapshot ... ok
test batch_failed_aggregate_admission_leaves_projection_unchanged ... ok
test batch_reverse_order_projection_preserves_opaque_siblings_and_matches_commit ... ok
test batch_source_stale_between_operations_refuses_commit ... ok
test batch_attach_and_shared_detach_are_one_atomic_edit ... ok
test case_variant_package_incoming_edge_keeps_detached_svg_leaf ... ok
test borrowed_attach_adds_graph_closure_and_reopens_with_raster_preserved ... ok
test lifecycle_commit_diagnostics_retain_noop_scope ... ok
test lifecycle_commit_refuses_lexical_relationship_and_content_type_source_change ... ok
test lifecycle_commit_refuses_source_revision_changed_after_staging ... ok
test lifecycle_low_managed_memory_refuses_before_raster_retention ... ok
test lifecycle_low_managed_work_refuses_before_raster_read ... ok
test lifecycle_low_total_part_limit_refuses_before_raster_retention ... ok
test lifecycle_read_and_attach_honor_input_and_story_output_limits ... ok
test lifecycle_single_picture_selection_does_not_read_unrelated_media ... ok
test linked_raster_picture_is_refused_by_svg_lifecycle_edits ... ok
test managed_attach_publish_reopen_physical_inverse_preserves_exact_source ... ok
test native_inline_and_floating_views_expose_graph_and_placement ... ok
test detach_native_svg_publishes_and_reopens_without_touching_raster_or_anchor ... ok
test source_picture_inventory_keeps_unrequested_rasters_cold ... ok
test source_picture_inventory_reads_svg_only_on_explicit_data_request ... ok
test shared_svg_and_package_root_incoming_edge_survive_until_final_detach ... ok
test unchanged_batch_refuses_commit_after_source_revision_changes ... ok
test strict_core_keeps_strict_raster_edge_and_transitional_svg_child ... ok

test result: ok. 24 passed; 0 failed; 0 ignored; 0 measured; 0 filtered out; finished in 0.10s

     Running tests/drawing_svg_source.rs (/home/zhuhe/code/litchi-target-0780/quality/debug/deps/drawing_svg_source-a711834c52767b08)

running 6 tests
test alias_unknown_duplicate_and_mce_owners_keep_direct_policy ... ok
test native_relationship_ids_match_the_global_source_references ... ok
test libreoffice_floating_fixture_preserves_anchor_geometry_and_source_provenance ... ok
test openxml_sdk_inline_fixture_has_borrowed_source_owner_and_graph ... ok
test strict_host_keeps_canonical_mc_semantics_and_ignores_strict_mc_alias ... ok
test source_scan_and_namespace_output_honor_explicit_bounds ... ok

test result: ok. 6 passed; 0 failed; 0 ignored; 0 measured; 0 filtered out; finished in 0.01s

     Running tests/encryption.rs (/home/zhuhe/code/litchi-target-0780/quality/debug/deps/encryption-813205239c463220)

running 5 tests
test bounded_reader_rejects_input_before_package_parsing ... ok
test package_round_trips_the_supported_encryption_profiles ... ok
test encrypted_sources_require_an_explicit_plaintext_save ... ok
test reencrypted_output_preserves_mode_but_not_the_old_password ... ok
test wrong_password_does_not_mutate_the_source ... ok

test result: ok. 5 passed; 0 failed; 0 ignored; 0 measured; 0 filtered out; finished in 0.64s

     Running tests/font_api.rs (/home/zhuhe/code/litchi-target-0780/quality/debug/deps/font_api-27b60aca007ce49a)

running 1 test
test downstream_surface_is_short_safe_and_move_first ... ok

test result: ok. 1 passed; 0 failed; 0 ignored; 0 measured; 0 filtered out; finished in 0.00s

     Running tests/fonts.rs (/home/zhuhe/code/litchi-target-0780/quality/debug/deps/fonts-42b1b088e23e4fcd)

running 1 test
test package_delegates_fonts_to_the_canonical_docx_owner ... ok

test result: ok. 1 passed; 0 failed; 0 ignored; 0 measured; 0 filtered out; finished in 0.07s

     Running tests/glossary_api.rs (/home/zhuhe/code/litchi-target-0780/quality/debug/deps/glossary_api-a5429d9ff5da88e3)

running 1 test
test downstream_glossary_api_is_semantic_checked_and_move_first ... ok

test result: ok. 1 passed; 0 failed; 0 ignored; 0 measured; 0 filtered out; finished in 0.00s

     Running tests/glossary_authoring.rs (/home/zhuhe/code/litchi-target-0780/quality/debug/deps/glossary_authoring-faed0e3201c8186e)

running 7 tests
test complete_raw_graph_round_trips_and_can_be_moved_out ... ok
test graph_failure_preserves_existing_graph_and_signature ... ok
test graph_noop_preserves_signature_and_real_change_unsigns ... ok
test invalid_graph_update_is_failure_atomic ... ok
test semantic_crud_is_name_first_and_numeric_fallback_is_checked ... ok
test unrelated_document_mutation_preserves_producer_glossary ... ok
test package_and_document_accessor_round_trip ... ok

test result: ok. 7 passed; 0 failed; 0 ignored; 0 measured; 0 filtered out; finished in 0.02s

     Running tests/ink_inventory.rs (/home/zhuhe/code/litchi-target-0780/quality/debug/deps/ink_inventory-7b167601c73ffa73)

running 54 tests
test authoring::authored_patch_guards_graph_and_payload_and_requires_explicit_unsign ... ok
test all_story_owners_share_one_payload_and_keep_signed_source_exact ... ok
test authoring::authoring_limits_refuse_without_changing_prior_intents_or_package ... ok
test authoring::drawing_canvas_group_creation_has_fallback_and_reversible_resource_closure ... ok
test authoring::drawing_replacement_updates_fallback_preserves_geometry_and_undoes_after_reopen ... ok
test authoring::insertion_expands_empty_paragraph_and_preserves_call_order ... ok
test authoring::creates_base_ink_in_all_story_roles_and_restores_exact_members_after_reopen ... ok
test authoring::invalid_destinations_strict_drawings_and_conflicting_intents_refuse_atomically ... ok
test authoring::mixed_insert_replace_remove_uses_base_selectors_and_one_reversible_commit ... ok
test base_text_xml_ink_is_supported_and_generic_content_is_not_projected ... ok
test distinct_payload_budget_and_external_targets_are_checked ... ok
test drawing_ink_uses_its_explicit_content_type_and_preserves_vml_fallback ... ok
test authoring::selected_replacement_clones_shared_payload_and_preserves_unselected_annotations ... ok
test durable::durable_changed_and_noop_patches_reject_payload_graph_and_lexical_stale_sources ... ok
test durable::durable_changed_publish_requires_explicit_unsigned_transition ... ok
test durable::durable_base_profiles_and_dialects_roundtrip_deterministically ... ok
test durable::durable_coherent_alternate_intent_replays_to_its_matching_target ... ok
test durable::durable_exclusive_ink_resource_restores_explicit_empty_relationship_member ... ok
test durable::durable_fallback_only_replacement_changes_image_bytes_and_restores_exactly ... ok
test durable::durable_mixed_remove_replace_insert_reopens_and_inverts_exactly ... ok
test durable::durable_noop_is_deterministic_exact_and_source_bound ... ok
test durable::durable_replacement_keeps_same_trace_count_and_restores_legacy_inkml_exactly ... ok
test durable::durable_replacement_restores_noncanonical_relationship_and_content_type_source_exactly ... ok
test durable::durable_replay_limits_refuse_operations_staging_package_and_payloads_atomically ... ok
test durable::durable_restore_rejects_existing_part_content_type_tampering ... ok
test durable::durable_restore_tampering_rejects_recomputed_closure_and_intent_variants ... ok
test durable::durable_semantic_intent_tampering_is_rejected_after_recomputing_blob_and_target ... ok
test durable::durable_tampering_and_limits_leave_the_package_unchanged ... ok
test inactive_unknown_choice_is_not_an_annotation_or_semantic_error ... ok
test malformed_ink_and_relationships_fail_without_changing_source ... ok
test payload_annotation_relationship_and_dirty_state_limits_are_enforced ... ok
test removal::base_removal_across_all_stories_retains_shared_target_until_last_owner_and_undoes_exactly ... ok
test removal::drawing_removal_deletes_complete_alternative_and_exclusive_fallback_then_restores_members ... ok
test durable::durable_drawing_canvas_and_group_inline_and_anchor_restore_exactly ... ok
test removal::drawing_removal_retains_fallback_with_foreign_incoming_and_guards_its_bytes ... ok
test removal::edit_limits_and_dirty_state_refuse_before_publication ... ok
test removal::generic_text_xml_ink_removes_and_restores_its_exact_xml_member ... ok
test removal::external_fallback_edge_is_removed_and_undone_without_fetching ... ok
test removal::removal_and_reopened_inverse_preserve_relationship_and_content_type_lexical_extensions ... ok
test removal::same_id_and_inactive_or_unknown_attribute_uses_prevent_relationship_cleanup ... ok
test removal::selectors_skip_generic_content_and_batch_removal_handles_distinct_ids_sharing_a_target ... ok
test removal::signed_noop_is_exact_changed_edit_requires_explicit_unsigned_source ... ok
test removal::stale_graph_and_payload_reject_changed_and_noop_patches_without_touching_target ... ok
test removal::unknown_fallback_resource_dependencies_refuse_atomically ... ok
test source_backed_failed_payload_parse_does_not_retain_managed_bytes ... ok
test source_backed_inventory_checks_freshness_on_cached_and_cold_reads ... ok
test removal::unmodeled_drawing_siblings_refuse_without_publication ... ok
test source_backed_payload_limit_refuses_before_decompression_and_releases_story_pins ... ok
test source_backed_inventory_matches_owned_and_pins_managed_payload_once ... ok
test source_guards::adding_an_empty_relationship_member_is_a_stale_source_for_changed_and_noop_patches ... ok
test source_backed_story_graph_and_aggregate_limits_fail_before_payload_reads ... ok
test source_guards::relationship_lexical_tokens_count_against_public_ink_topology_limit ... ok
test source_guards::changed_and_noop_patches_reject_lexical_only_package_members_atomically ... ok
test source_session_keeps_distinct_story_payloads_correct_across_cold_and_cached_reads ... ok

test result: ok. 54 passed; 0 failed; 0 ignored; 0 measured; 0 filtered out; finished in 1.19s

     Running tests/mail_merge_authoring.rs (/home/zhuhe/code/litchi-target-0780/quality/debug/deps/mail_merge_authoring-da204f4a7a65fa0a)

running 5 tests
test clear_preserves_an_internal_source_still_shared_elsewhere ... ok
test malformed_uri_and_recipient_limits_fail_before_package_mutation ... ok
test strict_relationships_and_settings_order_are_emitted ... ok
test generated_graph_round_trips_without_fetching_or_interpreting_sources ... ok
test unrelated_settings_xml_is_preserved_and_invalid_updates_are_atomic ... ok

test result: ok. 5 passed; 0 failed; 0 ignored; 0 measured; 0 filtered out; finished in 0.03s

     Running tests/malformed_document.rs (/home/zhuhe/code/litchi-target-0780/quality/debug/deps/malformed_document-6e3bb586db33362b)

running 3 tests
test excessive_nesting_depth_is_rejected ... ok
test truncated_document_xml_never_panics ... ok
test excessive_element_count_is_rejected ... ok

test result: ok. 3 passed; 0 failed; 0 ignored; 0 measured; 0 filtered out; finished in 3.26s

     Running tests/markup_compatibility.rs (/home/zhuhe/code/litchi-target-0780/quality/debug/deps/markup_compatibility-dbadd6ee68ea6a24)

running 1 test
test header_uses_fallback_without_mutating_raw_xml ... ok

test result: ok. 1 passed; 0 failed; 0 ignored; 0 measured; 0 filtered out; finished in 0.00s

     Running tests/note_comment_removal.rs (/home/zhuhe/code/litchi-target-0780/quality/debug/deps/note_comment_removal-f0c940034821d912)

running 2 tests
test removing_comments_updates_the_comments_part ... ok
test removing_notes_strips_references_and_keeps_ids_unique ... ok

test result: ok. 2 passed; 0 failed; 0 ignored; 0 measured; 0 filtered out; finished in 0.01s

     Running tests/paragraph_extensions.rs (/home/zhuhe/code/litchi-target-0780/quality/debug/deps/paragraph_extensions-24e62a68e7a8f10e)

running 2 tests
test package_round_trip_preserves_extension_state_and_hyperlink_relationships ... ok
test extensions_read_word_2010_ids_from_a_real_marker_bearing_document ... ok

test result: ok. 2 passed; 0 failed; 0 ignored; 0 measured; 0 filtered out; finished in 0.08s

     Running tests/paragraph_index_reuse.rs (/home/zhuhe/code/litchi-target-0780/quality/debug/deps/paragraph_index_reuse-cc6b6688bbaf4b70)

running 10 tests
test cancellation_after_a_warm_index_is_checked_before_cache_reuse ... ok
test bom_and_mce_visibility_are_preserved_across_repeated_index_queries ... ok
test eager_mutable_save_replaces_cached_ranges_and_survives_reopen ... ok
test eager_failed_save_keeps_warmed_generation_retryable ... ok
test eager_raw_edit_replaces_cached_ranges_and_keeps_old_snapshot_stable ... ok
test managed_clean_index_pressure_does_not_block_core_metadata_read ... ok
test eager_root_relationship_retarget_replaces_cached_ranges_and_survives_save ... ok
test managed_clean_index_pressure_does_not_refuse_a_following_text_sink ... ok
test repeated_eager_and_source_views_keep_count_and_text_stable ... ok
test source_change_after_a_warm_index_refuses_new_view_but_old_view_stays_pinned ... ok

test result: ok. 10 passed; 0 failed; 0 ignored; 0 measured; 0 filtered out; finished in 0.01s

     Running tests/property_revision_corpus.rs (/home/zhuhe/code/litchi-target-0780/quality/debug/deps/property_revision_corpus-e8a16e293e11b345)

running 1 test
test producer_and_native_revision_corpus_queries_survive_save_and_reopen ... ignored, requires the ignored local 3rdparty DOCX corpus; run this test explicitly with --ignored

test result: ok. 0 passed; 0 failed; 1 ignored; 0 measured; 0 filtered out; finished in 0.00s

     Running tests/read_limits.rs (/home/zhuhe/code/litchi-target-0780/quality/debug/deps/read_limits-46b0b84470deb45f)

running 2 tests
test direct_docx_constructors_apply_exact_and_over_input_limits ... ok
test decrypted_docx_uses_the_supplied_opc_limits ... ok

test result: ok. 2 passed; 0 failed; 0 ignored; 0 measured; 0 filtered out; finished in 0.17s

     Running tests/save_durability.rs (/home/zhuhe/code/litchi-target-0780/quality/debug/deps/save_durability-2b39dad71dbe3956)

running 1 test
test every_level_publishes_the_default_save_bytes ... ok

test result: ok. 1 passed; 0 failed; 0 ignored; 0 measured; 0 filtered out; finished in 0.04s

     Running tests/sdt_extensions.rs (/home/zhuhe/code/litchi-target-0780/quality/debug/deps/sdt_extensions-e0068e8da42bd03b)

running 19 tests
test changed_bound_replace_requires_explicit_unsign_and_revalidates_every_checksum ... ok
test checksum_equality_is_semantic_while_source_lexical_provenance_is_retained ... ok
test core_and_word_2012_bindings_remain_distinct_exact_occurrences ... ok
test crc_vectors_are_over_exact_bytes_and_use_the_office_little_endian_form ... ok
test changed_payload_refreshes_all_seven_strict_story_kinds ... ok
test custom_xml_updates_refresh_all_declared_bindings_and_preserve_signed_noops ... ok
test every_story_limit_has_an_exact_and_one_over_fixture ... ok
test detached_edits_are_reversible_stale_safe_and_output_bounded ... ok
test expanded_names_ignorable_scope_and_mce_select_only_active_metadata ... ok
test malformed_base64_is_distinct_from_a_valid_checksum_mismatch ... ok
test occurrences_preserve_missing_and_duplicate_ids_and_all_st_on_off_forms ... ok
test managed_custom_xml_refresh_updates_both_bindings_in_one_sdt ... ok
test package_authored_output_limit_is_exact ... ok
test package_patch_rejects_stale_story_bytes_without_partial_publication ... ok
test pending_managed_document_state_refuses_custom_xml_removal ... ok
test signed_remove_preserves_noops_and_requires_explicit_unsign_for_real_publication ... ok
test strict_dotx_and_dotm_inventory_every_reachable_story_role ... ok
test transitional_docm_main_is_a_reachable_inert_checksum_owner ... ok
test package_limits_accept_exact_boundaries_and_reject_one_over ... ok

test result: ok. 19 passed; 0 failed; 0 ignored; 0 measured; 0 filtered out; finished in 0.05s

     Running tests/sdt_extensions_encryption.rs (/home/zhuhe/code/litchi-target-0780/quality/debug/deps/sdt_extensions_encryption-9aadd13cad696108)

running 1 test
test encrypted_set_and_replace_reencrypt_with_current_checksums ... ok

test result: ok. 1 passed; 0 failed; 0 ignored; 0 measured; 0 filtered out; finished in 0.97s

     Running tests/sdt_mce_inactive.rs (/home/zhuhe/code/litchi-target-0780/quality/debug/deps/sdt_mce_inactive-0a85908ded463151)

running 6 tests
test inactive_branch_still_counts_toward_raw_mce_security_limits ... ok
test inactive_choice_does_not_enforce_extension_ignorable_ownership ... ok
test inactive_fallback_does_not_enforce_extension_attribute_ignorable_ownership ... ok
test parsed_content_control_ids_reject_values_above_int32 ... ok
test selected_branch_still_requires_effective_ignorable_ownership ... ok
test process_content_wrapped_properties_keep_their_exact_active_source_span ... ok

test result: ok. 6 passed; 0 failed; 0 ignored; 0 measured; 0 filtered out; finished in 0.00s

     Running tests/sdt_visual_extensions.rs (/home/zhuhe/code/litchi-target-0780/quality/debug/deps/sdt_visual_extensions-d811378325e46b18)

running 3 tests
test authors_compact_visual_and_inert_web_extension_metadata ... ok
test reads_typed_visual_and_inert_web_extension_metadata ... ok
test rejects_invalid_visual_extension_values ... ok

test result: ok. 3 passed; 0 failed; 0 ignored; 0 measured; 0 filtered out; finished in 0.00s

     Running tests/secondary_story_revision_utc.rs (/home/zhuhe/code/litchi-target-0780/quality/debug/deps/secondary_story_revision_utc-7c30a50d8403584d)

running 1 test
test header_and_footer_revision_utc_survive_package_save_and_reopen ... ok

test result: ok. 1 passed; 0 failed; 0 ignored; 0 measured; 0 filtered out; finished in 0.01s

     Running tests/section_mutation.rs (/home/zhuhe/code/litchi-target-0780/quality/debug/deps/section_mutation-256ff65d40905838)

running 3 tests
test accepts_strict_sections_and_rejects_malformed_body_final_placement ... ok
test mutates_moves_and_removes_paragraph_section_breaks_without_losing_mce ... ok
test package_roundtrip_keeps_distinct_section_header_footer_parts ... ok

test result: ok. 3 passed; 0 failed; 0 ignored; 0 measured; 0 filtered out; finished in 0.01s

     Running tests/sequential_text.rs (/home/zhuhe/code/litchi-target-0780/quality/debug/deps/sequential_text-bbfcb57d60132651)

running 15 tests
test declared_size_is_rejected_before_payload_and_media_stays_cold ... ok
test eager_and_source_paragraph_sinks_have_parity ... ok
test malformed_later_paragraph_preserves_prior_progress ... ok
test every_accepted_event_kind_projects_identically_through_both_sink_facades ... ok
test nested_empty_paragraph_is_rejected_without_output ... ok
test output_and_object_limits_report_exact_progress ... ok
test oversized_namespace_event_is_rejected_before_resolution ... ok
test separators_and_empty_paragraph_policy_are_explicit ... ok
test sink_progress_handles_short_interrupted_zero_overreport_and_prefix_failure ... ok
test source_cancellation_before_and_after_output_is_document_progress ... ok
test source_change_overrides_simultaneous_sink_failure ... ok
test source_stale_before_during_and_after_output_takes_precedence ... ok
test strict_namespaces_mce_fallback_and_foreign_text_are_checked ... ok
test truncated_documents_refuse_at_end_of_input_with_unchanged_message_and_progress ... ok
test parser_depth_decoded_and_illegal_character_limits_are_bounded ... ok

test result: ok. 15 passed; 0 failed; 0 ignored; 0 measured; 0 filtered out; finished in 0.37s

     Running tests/settings_extensions.rs (/home/zhuhe/code/litchi-target-0780/quality/debug/deps/settings_extensions-1a63caa3f2b7f0c4)

running 7 tests
test authoring_uses_checked_bounded_values_and_prefix_free_types ... ok
test preserves_an_optional_source_document_id_without_a_guid ... ok
test parses_all_typed_extensions_in_order_and_round_trips_opaque_markup ... ok
test rejects_malformed_values_duplicate_known_extensions_and_nested_typed_markup ... ok
test settings_extension_transactions_distinguish_absence_default_on_and_explicit_off ... ok
test settings_extension_snapshots_are_source_preserving_and_reversible ... ok
test settings_extension_transactions_reject_stale_sources_and_invalid_changes_atomically ... ok

test result: ok. 7 passed; 0 failed; 0 ignored; 0 measured; 0 filtered out; finished in 0.00s

     Running tests/signature_publication.rs (/home/zhuhe/code/litchi-target-0780/quality/debug/deps/signature_publication-03c7a86c8fd7d9ed)

running 5 tests
test opaque_signature_members_allow_noop_but_refuse_raw_and_semantic_changes ... ok
test raw_noop_preserves_signatures_and_raw_edits_require_explicit_policy ... ok
test revision_publication_requires_explicit_unsign_and_keeps_noops_exact ... ok
test signed_undo_and_redo_restore_history_cursor_on_refusal ... ok
test producer_signed_package_keeps_verifiable_signature_after_noop_and_refusal ... ok

test result: ok. 5 passed; 0 failed; 0 ignored; 0 measured; 0 filtered out; finished in 0.01s

     Running tests/signature_token_relationship_order.rs (/home/zhuhe/code/litchi-target-0780/quality/debug/deps/signature_token_relationship_order-aca1d12d640f6edf)

running 3 tests
test a_genuinely_different_signature_graph_is_still_refused ... ok
test single_signature_packages_keep_accepting_their_noop ... ok
test exact_noop_is_accepted_against_every_build_of_the_same_signed_package ... ok

test result: ok. 3 passed; 0 failed; 0 ignored; 0 measured; 0 filtered out; finished in 0.24s

     Running tests/source_backed.rs (/home/zhuhe/code/litchi-target-0780/quality/debug/deps/source_backed-4ebba618fda3aee2)

running 16 tests
test alt_chunk_overlay_refuses_non_body_anchor_layouts ... ok
test alt_chunk_overlay_refuses_shared_targets_and_signed_changes_but_keeps_signed_noops_exact ... ok
test alt_chunk_payload_overlay_is_one_edit_and_preserves_raw_unselected_members ... ok
test alt_chunk_real_libreoffice_fixture_preserves_untouched_zip_members ... ok
test alt_chunk_overlay_rejects_oversized_payload_before_reading_source ... ok
test exact_noop_reproduces_every_source_byte ... ok
test document_commit_edits_only_the_main_part_and_reopens ... ok
test markup_compatibility_branch_selection_is_refused_before_output ... ok
test opening_stays_cold_and_document_query_loads_only_main_document ... ok
test read_limits_are_returned_as_the_original_opc_error ... ok
test rolled_back_document_operations_use_the_exact_signed_source_path ... ok
test sequential_sink_failure_is_typed_as_incomplete_output ... ok
test signed_changes_are_refused_but_signed_noops_are_exact ... ok
test source_changes_remain_visible_before_the_first_payload_read ... ok
test strict_main_document_relationship_uses_the_same_overlay_contract ... ok
test stale_commit_and_changed_source_fail_before_output ... ok

test result: ok. 16 passed; 0 failed; 0 ignored; 0 measured; 0 filtered out; finished in 1.54s

     Running tests/source_backed_file.rs (/home/zhuhe/code/litchi-target-0780/quality/debug/deps/source_backed_file-da278b8151f2fbcf)

running 6 tests
test filesystem_path_errors_are_typed ... ok
test from_path_variants_forward_limits_and_managed_cache_policy ... ok
test exact_noop_and_changed_document_overlay_preserve_raw_unselected_members ... ok
test in_place_file_change_is_reported_as_source_changed ... ok
test open_and_catalog_leave_payloads_cold_until_selected_queries ... ok
test replacing_the_path_keeps_the_open_source_pinned ... ok

test result: ok. 6 passed; 0 failed; 0 ignored; 0 measured; 0 filtered out; finished in 0.02s

     Running tests/source_backed_glossary_story_text.rs (/home/zhuhe/code/litchi-target-0780/quality/debug/deps/source_backed_glossary_story_text-c441e21c71e336c9)

running 18 tests
test glossary_batch_does_not_charge_unselected_entry_paragraphs ... ok
test glossary_batch_is_general_n_canonical_and_preserves_siblings ... ok
test glossary_batch_noop_inverse_and_limits_are_atomic ... ok
test glossary_batch_rejects_repeated_targets_and_aggregate_limits ... ok
test glossary_batch_rejects_empty_alias_missing_and_ambiguous_selectors ... ok
test glossary_batch_rejects_stale_foreign_managed_cancelled_signed_and_sink_paths ... ok
test glossary_managed_entry_edit_and_cancellation_are_refused ... ok
test glossary_entry_edit_splices_only_selected_body_and_round_trips ... ok
test glossary_publication_sink_failure_does_not_panic_and_complex_edit_is_refused ... ok
test glossary_noop_and_inverse_preserve_the_complete_artifact ... ok
test glossary_quote_namespace_wrapper_has_exact_and_one_under_boundaries ... ok
test glossary_references_and_limits_are_failure_atomic ... ok
test glossary_selection_rejects_missing_ambiguous_and_malformed_identity ... ok
test glossary_selectors_read_unique_entries_in_both_dialects ... ok
test glossary_signed_change_refuses_but_signed_noop_is_exact ... ok
test glossary_source_mutation_and_foreign_patch_are_rejected ... ok
test glossary_topology_and_dialect_boundaries_refuse_before_editing ... ok
test glossary_selector_name_limits_accept_exact_and_refuse_one_over ... ok

test result: ok. 18 passed; 0 failed; 0 ignored; 0 measured; 0 filtered out; finished in 0.69s

     Running tests/source_backed_managed.rs (/home/zhuhe/code/litchi-target-0780/quality/debug/deps/source_backed_managed-9d0c38b8fc349974)

running 6 tests
test managed_document_read_retains_budgeted_part_data_and_supports_selective_queries ... ok
test managed_cancellation_is_checked_at_open_and_before_lazy_read ... ok
test managed_exact_memory_budget_succeeds_and_one_under_fails_before_publication ... ok
test managed_document_variables_check_cancellation_before_relationship_metadata ... ok
test managed_main_document_edits_retain_source_and_candidate_reservations ... ok
test managed_revisions_query_is_admitted_and_charged_like_extract_text ... ok

test result: ok. 6 passed; 0 failed; 0 ignored; 0 measured; 0 filtered out; finished in 0.01s

     Running tests/source_backed_managed_document_edit.rs (/home/zhuhe/code/litchi-target-0780/quality/debug/deps/source_backed_managed_document_edit-abe64615cfaf55b9)

running 42 tests
test changed_publication_preserves_standard_ignorable_settings_for_managed_and_unmanaged_sources ... ok
test managed_cancellation_after_capture_refuses_empty_commit_and_releases_memory ... ok
test changed_publication_rejects_unresolved_ignorable_and_active_mce_controls ... ok
test managed_cancellation_during_current_part_read_refuses_before_output ... ok
test managed_cancellation_refuses_edit_and_publication_without_output ... ok
test managed_candidate_budget_failure_happens_before_publication_output ... ok
test managed_changed_publication_preserves_readback_and_releases_snapshot_budget ... ok
test managed_changed_publication_rejects_mixed_settings_dialect_before_output ... ok
test managed_changed_publication_enforces_settings_protection_flags ... ok
test managed_collapsed_and_symbols_reads_refuse_when_memory_is_held ... ok
test managed_changed_publication_rejects_settings_mce_and_dtd_before_output ... ok
test managed_document_bom_offsets_are_preserved_through_snapshot_and_edit ... ok
test managed_document_snapshot_and_edit_retain_source_and_candidate_reservations ... ok
test managed_disjoint_updates_publish_in_arbitrary_order_and_inverse_exact ... ok
test managed_edit_try_clone_refuses_memory_boundary_without_mutating_projection ... ok
test managed_failed_second_edit_budget_leaves_first_projection_intact ... ok
test managed_failed_second_edit_cancellation_leaves_first_projection_intact ... ok
test managed_file_source_pins_the_open_source_across_path_replacement ... ok
test managed_foreign_equal_main_xml_refuses_commit_before_output ... ok
test managed_four_disjoint_updates_release_scan_depth_and_restore_exact_artifact ... ok
test managed_hyperlink_nested_run_retains_source_after_package_drop_and_refuses_mutation ... ok
test managed_noop_inverse_and_changed_publication_preserve_untouched_media ... ok
test managed_paragraph_and_nested_run_mutations_refuse_without_state_change ... ok
test managed_paragraph_views_refuse_parser_growth_at_memory_boundary ... ok
test managed_protected_settings_noop_preserves_relationship_and_payload_exactly ... ok
test managed_publication_reports_a_partial_sink_failure ... ok
test managed_reopened_inverse_cancellation_and_output_budget_are_before_output ... ok
test managed_reopened_inverse_rejects_source_mutation_before_output ... ok
test managed_empty_text_slots_refuse_low_scan_memory_before_projection_change ... ok
test managed_reopened_inverse_reports_partial_sink_failure ... ok
test managed_repeated_position_keeps_final_value_and_collapses_equal_setter ... ok
test managed_retained_runs_resolve_inherited_symex_and_ignore_foreign_bindings ... ok
test managed_reopened_inverse_restores_exact_artifact_and_rejects_foreign_member ... ok
test managed_revert_to_original_publishes_exact_noop_bytes ... ok
test managed_reverting_one_operation_preserves_the_other_and_inverse_artifact ... ok
test managed_revision_dispositions_are_refused_like_revision_text_replacement ... ok
test managed_source_change_during_current_part_read_refuses_before_output ... ok
test managed_signed_noop_and_equal_setter_preserve_exact_source ... ok
test managed_source_change_refuses_publication_before_sink_output ... ok
test managed_source_document_rejects_mce_and_dtd_before_edit ... ok
test protected_track_revisions_with_ignorable_extension_remains_refused ... ok
test unmanaged_foreign_package_with_equal_main_xml_refuses_stale_commit_before_output ... ok

test result: ok. 42 passed; 0 failed; 0 ignored; 0 measured; 0 filtered out; finished in 0.07s

     Running tests/source_backed_managed_paragraph_batch.rs (/home/zhuhe/code/litchi-target-0780/quality/debug/deps/source_backed_managed_paragraph_batch-0bc44507668d9139)

running 8 tests
test managed_batch_composes_with_scalar_edits_in_either_order ... ok
test managed_batch_cancellation_work_and_memory_failures_are_typed_and_release_owners ... ok
test managed_batch_late_leaf_failures_leave_the_staged_projection_unchanged ... ok
test managed_batch_forward_and_inverse_are_source_checked ... ok
test managed_batch_matches_repeated_scalar_xml_and_preserves_unknown_members ... ok
test managed_batch_rejects_empty_duplicate_and_unsorted_selectors_atomically ... ok
test managed_batch_noop_and_revert_restore_the_exact_source_owner ... ok
test managed_signed_batch_noop_is_exact_and_change_is_refused ... ok

test result: ok. 8 passed; 0 failed; 0 ignored; 0 measured; 0 filtered out; finished in 0.01s

     Running tests/source_backed_paragraph_copy.rs (/home/zhuhe/code/litchi-target-0780/quality/debug/deps/source_backed_paragraph_copy-0df86c8f36f63a98)

running 12 tests
test changed_source_version_is_rejected_before_publication_output ... ok
test durable_forward_inverse_are_canonical_and_reject_whole_artifact_staleness ... ok
test copies_exact_fragment_at_first_middle_and_last_source_order_slots ... ok
test empty_body_and_empty_or_sole_paragraph_slots_are_unambiguous ... ok
test empty_edit_is_an_exact_noop_and_stale_inverse_writes_nothing ... ok
test enforced_protection_is_refused ... ok
test partial_sinks_complete_and_write_zero_fails_without_false_progress ... ok
test positions_operation_count_and_resource_limits_are_failure_atomic ... ok
test publication_raw_copies_unselected_members_and_inverse_restores_exact_artifact ... ok
test strict_and_ordinary_producer_namespace_declarations_are_supported ... ok
test relationships_dependencies_signatures_macros_and_paths_are_refused ... ok
test structured_paragraphs_sections_and_hostile_namespaces_are_refused ... ok

test result: ok. 12 passed; 0 failed; 0 ignored; 0 measured; 0 filtered out; finished in 0.05s

     Running tests/source_backed_paragraph_removal.rs (/home/zhuhe/code/litchi-target-0780/quality/debug/deps/source_backed_paragraph_removal-9b0b091a13f120d3)

running 6 tests
test changed_live_source_version_is_rejected_before_publication_output ... ok
test durable_removal_is_canonical_semantically_closed_and_whole_artifact_bound ... ok
test invalid_positions_operation_and_resource_limits_leave_projection_unchanged ... ok
test empty_edit_is_exact_noop_and_security_or_complexity_refuses_before_editing ... ok
test publication_raw_copies_others_and_both_inverse_paths_restore_exact_artifact ... ok
test removes_first_middle_last_and_the_only_paragraph_exactly ... ok

test result: ok. 6 passed; 0 failed; 0 ignored; 0 measured; 0 filtered out; finished in 0.02s

     Running tests/source_backed_redact.rs (/home/zhuhe/code/litchi-target-0780/quality/debug/deps/source_backed_redact-84ba5d22ada8bcae)

running 5 tests
test full_artifact_fingerprint_defeats_colliding_custom_source_versions ... ok
test inventories_and_irreversibly_redacts_duplicate_target_ids_first_middle_last ... ok
test selection_bounds_unknown_targets_and_foreign_sources_refuse_before_output ... ok
test refuses_non_main_shared_owners_fields_and_partial_sink_is_typed ... ok
test zero_is_an_exact_noop_and_one_removes_the_only_link ... ok

test result: ok. 5 passed; 0 failed; 0 ignored; 0 measured; 0 filtered out; finished in 0.02s

     Running tests/source_backed_sanitize.rs (/home/zhuhe/code/litchi-target-0780/quality/debug/deps/source_backed_sanitize-b44cebae03d19a9d)

running 6 tests
test exact_noop_shares_snapshot_and_reproduces_signed_source_bytes ... ok
test changed_signed_publication_and_partial_sink_are_typed_failures ... ok
test patch_inverse_is_exact_and_foreign_xml_or_relationships_conflict ... ok
test plan_is_non_mutating_and_detaches_first_middle_last_while_retaining_text ... ok
test protected_malformed_active_and_over_limit_sources_fail_closed ... ok
test wrapper_scoped_namespaces_xml_attributes_and_unknown_attributes_refuse_detachment ... ok

test result: ok. 6 passed; 0 failed; 0 ignored; 0 measured; 0 filtered out; finished in 0.01s

     Running tests/source_backed_secondary_story_text.rs (/home/zhuhe/code/litchi-target-0780/quality/debug/deps/source_backed_secondary_story_text-58baf90d2573f0df)

running 25 tests
test allowed_references_stream_under_caller_bounds_and_unknown_named_refs_refuse ... ok
test header_and_footer_root_dialect_mismatches_are_refused ... ok
test header_and_footer_stories_cannot_own_word_story_relationships ... ok
test large_text_event_is_bounded_by_xml_and_decoded_output_limits ... ok
test deep_large_namespace_input_hits_a_finite_namespace_limit ... ok
test managed_secondary_edits_refuse_and_cancellation_stops_selection ... ok
test markup_heavier_than_output_bound_can_decode_to_visible_text ... ok
test package_wide_mixed_dialect_rejects_main_header_and_footer_capture ... ok
test secondary_edit_refuses_when_synthetic_wrapper_exceeds_output_limit ... ok
test secondary_entry_preserves_whitespace_comments_and_opaque_markup ... ok
test secondary_ids_cover_missing_reserved_and_duplicate_values ... ok
test secondary_limits_bound_xml_paragraphs_and_output ... ok
test secondary_noop_is_exact_and_inverse_restores_the_source ... ok
test long_namespace_prefix_and_value_hit_namespace_byte_and_count_limits ... ok
test secondary_output_accumulation_and_borrowed_replacement_are_bounded ... ok
test secondary_patches_reject_stale_and_foreign_snapshots ... ok
test secondary_publication_rejects_a_partial_sink_without_panicking ... ok
test secondary_publication_rejects_a_source_revision_change ... ok
test secondary_relationship_dialect_mismatch_is_refused ... ok
test secondary_relationship_topology_and_content_type_are_checked ... ok
test secondary_story_cannot_own_a_word_story_relationship ... ok
test signed_secondary_change_is_refused_but_signed_noop_is_exact ... ok
test transitional_main_rejects_strict_header_relationship_metadata ... ok
test xml_expanding_replacement_is_refused_without_changing_projection ... ok
test secondary_stories_select_edit_and_preserve_siblings_root_and_anchors ... ok

test result: ok. 25 passed; 0 failed; 0 ignored; 0 measured; 0 filtered out; finished in 0.10s

     Running tests/source_backed_sections.rs (/home/zhuhe/code/litchi-target-0780/quality/debug/deps/source_backed_sections-15536bf620b492c6)

running 19 tests
test managed_document_refuses_only_actual_mce_and_retains_part_data ... ok
test section_inventory_many_sections_consumes_one_primary_event_budget ... ok
test section_inventory_many_sections_stays_within_primary_event_budget ... ok
test section_layout_alias_foreign_children_and_column_comments_are_preserved ... ok
test section_layout_clear_is_lossless_and_single_property_patch_preserves_siblings ... ok
test section_layout_complex_noop_remains_byte_exact ... ok
test section_layout_default_word_namespace_rebinds_inserted_qnames ... ok
test section_layout_detached_patch_cannot_publish_to_source_package ... ok
test section_layout_local_prefix_shadowing_preserves_foreign_markup_and_reopens ... ok
test section_layout_missing_children_precede_standard_barriers_losslessly ... ok
test section_layout_missing_field_with_unknown_word_child_is_typed_unsafe_edit ... ok
test section_layout_namespace_shadowing_restores_section_root_alias ... ok
test section_layout_signed_noop_changed_and_partial_sink_are_typed ... ok
test source_backed_existing_section_layout_is_exact_and_cell_safe ... ok
test source_backed_section_layout_noop_mce_strict_and_limits_are_typed ... ok
test source_snapshot_applies_limits_and_rejects_a_changed_read_at ... ok
test source_snapshot_reads_only_mandatory_main_and_retains_exact_version ... ok
test source_snapshot_refuses_mce_dtd_and_entity_syntax ... ok
test managed_document_bounds_namespace_scan_depth_and_events ... ok

test result: ok. 19 passed; 0 failed; 0 ignored; 0 measured; 0 filtered out; finished in 1.09s

     Running tests/source_backed_semantic.rs (/home/zhuhe/code/litchi-target-0780/quality/debug/deps/source_backed_semantic-bf88a419c834a5fc)

running 10 tests
test managed_source_paragraph_queries_keep_their_eager_index ... ok
test malformed_source_document_errors_at_first_semantic_read ... ok
test managed_source_preflight_rejects_special_events_and_extra_roots ... ok
test source_document_is_send_sync_and_managed_arc_views_refuse_consistently ... ok
test source_package_materializes_through_the_owned_docx_facade_on_explicit_request ... ok
test source_paragraph_queries_are_order_and_thread_independent ... ok
test source_metadata_matches_dialects_absence_and_graph_failures ... ok
test source_section_scan_rejects_non_xml_outer_whitespace_and_late_declarations ... ok
test source_semantic_queries_match_eager_mce_order_and_unknown_retention ... ok
test source_queries_read_only_selected_payloads_and_preserve_stale_precedence ... ok

test result: ok. 10 passed; 0 failed; 0 ignored; 0 measured; 0 filtered out; finished in 0.02s

     Running tests/source_backed_story_hyperlinks.rs (/home/zhuhe/code/litchi-target-0780/quality/debug/deps/source_backed_story_hyperlinks-0cadee30f79085d5)

running 23 tests
test child_relationship_total_is_preflighted_before_the_offending_payload_read ... ok
test child_relationship_owner_limit_is_preflighted_before_payload_reads ... ok
test closure_capture_enforces_package_part_and_prolog_bounds_at_the_boundary ... ok
test delete_instruction_text_is_an_active_field_diagnostic ... ok
test closure_capture_enforces_exact_and_one_under_topology_limit ... ok
test duplicate_target_selectors_are_deduplicated_and_missing_targets_are_typed ... ok
test empty_relationship_inventory_fails_closed_and_publishes_an_exact_noop ... ok
test empty_selector_copies_signed_source_exactly_despite_security_diagnostics ... ok
test exact_noop_copies_source_and_strict_fields_refuse_before_output ... ok
test foreign_identical_source_lineage_cannot_publish_a_noop_commit ... ok
test inventories_all_relationship_owned_story_kinds_and_redacts_them ... ok
test late_custom_inbound_story_owner_is_diagnosed_and_refused ... ok
test managed_story_snapshot_retains_budgeted_part_data ... ok
test mismatched_external_hyperlink_dialects_are_rejected_in_both_directions ... ok
test mixed_strict_child_qname_is_rejected_and_root_signature_is_diagnosed ... ok
test redaction_limits_cover_selected_relationships_and_changed_stories ... ok
test nested_story_owner_is_inventory_diagnostic_and_strict_refusal ... ok
test root_level_activex_non_part_is_diagnosed_and_refused ... ok
test relationship_limits_are_checked_before_main_payload_reads ... ok
test root_level_embeddings_non_part_is_diagnosed_and_refused ... ok
test signed_exact_noop_is_byte_exact_and_changed_plan_has_empty_output ... ok
test stale_and_foreign_commits_fail_before_output ... ok
test untyped_non_part_security_surfaces_are_diagnosed_and_refused ... ok

test result: ok. 23 passed; 0 failed; 0 ignored; 0 measured; 0 filtered out; finished in 0.09s

     Running tests/source_backed_story_text.rs (/home/zhuhe/code/litchi-target-0780/quality/debug/deps/source_backed_story_text-6e3d1e05b8c9b893)

running 11 tests
test managed_story_reads_are_bounded_and_edits_are_typed_refusals ... ok
test hostile_publication_writer_is_rejected_without_panicking ... ok
test nested_mce_and_processing_instructions_are_refused ... ok
test namespace_aliases_are_resolved_and_wrong_bindings_are_refused ... ok
test patches_reject_foreign_and_stale_snapshots_and_cancel_before_output ... ok
test selected_story_edit_publishes_one_part_and_restores_exact_source ... ok
test selected_story_noop_copies_the_complete_source_byte_for_byte ... ok
test selected_story_snapshot_reads_main_header_and_footer ... ok
test strict_xml_rejects_duplicate_attributes_and_mismatched_end_names ... ok
test trailing_source_bytes_are_preserved_by_an_exact_noop ... ok
test story_scan_enforces_paragraph_depth_and_output_limits ... ok

test result: ok. 11 passed; 0 failed; 0 ignored; 0 measured; 0 filtered out; finished in 0.01s

     Running tests/source_backed_tail_append.rs (/home/zhuhe/code/litchi-target-0780/quality/debug/deps/source_backed_tail_append-2ff49876f06454e4)

running 40 tests
test append_and_source_limits_are_checked_before_output ... ok
test append_without_a_section_properties_element_targets_the_body_close ... ok
test authored_text_uses_xml_space_and_rejects_streaming_writer_control_rules ... ok
test bounded_prepare_and_publication_keep_main_xml_out_of_the_payload_cache ... ok
test cancellation_is_checked_before_preparation_and_before_publication_output ... ok
test appends_before_exact_opaque_section_and_preserves_untouched_store_and_deflate_members ... ok
test default_word_namespace_and_shadowed_local_prefix_are_bound_at_insertion ... ok
test empty_text_is_a_real_empty_paragraph_and_is_not_the_exact_noop_branch ... ok
test encrypted_metadata_refusal_precedes_main_payload_reads_and_output ... ok
test explicit_noop_is_exact_and_reversible_without_a_generated_paragraph ... ok
test empty_settings_root_is_admitted_in_both_word_dialects ... ok
test grammar_refusals_happen_before_publication ... ok
test insertion_survives_distinct_body_prefix_and_word_prefix_shadowing_in_section ... ok
test inherited_settings_namespace_copies_hit_the_workspace_ceiling ... ok
test malformed_mail_merge_schema_refuses_before_output ... ok
test managed_cancellation_during_short_publication_is_typed_after_a_prefix ... ok
test managed_memory_limit_refuses_before_archive_output ... ok
test managed_work_limit_exhaustion_refuses_before_archive_output ... ok
test managed_prepare_charges_semantic_memory_and_releases_plan_workspace ... ok
test nested_long_mce_directives_account_for_decoded_expanded_names ... ok
test one_large_token_is_rejected_by_the_token_ceiling_before_output ... ok
test opaque_section_allows_an_explicit_empty_default_namespace_and_preserves_it ... ok
test opaque_section_namespace_attribute_and_event_policy_refuses_before_output ... ok
test opaque_section_preserves_unicode_qnames ... ok
test options_cancellation_during_short_publication_is_typed_after_a_prefix ... ok
test protected_external_unsupported_and_signed_topologies_refuse_before_output ... ok
test repeated_protection_and_tracking_elements_refuse_before_output ... ok
test settings_mce_must_understand_unknown_namespace_refuses_before_publication ... ok
test settings_protection_flags_honor_explicit_on_and_off_values ... ok
test settings_relationship_closure_is_checked_without_staging_relationships ... ok
test settings_scalar_duplicates_and_malformed_on_off_values_refuse_before_output ... ok
test settings_xml_declaration_inside_root_refuses_before_publication ... ok
test sink_failure_reports_partial_output_after_preflight ... ok
test source_backed_append_accepts_one_byte_reads_and_retries_interrupted_once ... ok
test source_change_after_preparation_is_rejected_without_output ... ok
test strict_tail_append_preserves_opaque_section_with_vendor_word_like_descendants ... ok
test supported_settings_mce_fallback_is_admitted_at_exact_source_limit ... ok
test topology_refusals_keep_their_public_reason_and_emit_no_prefix ... ok
test xml_declaration_and_encoding_grammar_refuse_before_publication ... ok
test many_xml_space_paragraphs_use_the_aggregate_attribute_budget ... ok

test result: ok. 40 passed; 0 failed; 0 ignored; 0 measured; 0 filtered out; finished in 0.26s

     Running tests/source_backed_tail_append_stream.rs (/home/zhuhe/code/litchi-target-0780/quality/debug/deps/source_backed_tail_append_stream-8779df4440804c25)

running 33 tests
test changed_text_event_boundaries_are_rejected_even_when_encoded_xml_matches ... ok
test default_and_shadowed_namespaces_cannot_capture_generated_prefix ... ok
test default_stream_limits_accept_a_tiny_valid_append ... ok
test deterministic_replay_change_and_truncated_event_eof_are_typed_refusals ... ok
test durable_forward_and_inverse_authorizations_are_compact_canonical_wire ... ok
test durable_resolver_cancellation_refuses_before_replay_reader_or_output ... ok
test durable_forward_patch_resolves_after_reopen_and_refuses_wrong_source_or_provider ... ok
test durable_resolver_error_yields_source_mismatch_when_resolver_mutates_current ... ok
test explicit_store_capacity_must_fit_selected_replay_limit_before_producer ... ok
test finite_limits_cancellation_and_partial_sink_errors_remain_at_public_boundary ... ok
test malformed_order_empty_stream_invalid_xml_and_provider_errors_refuse_before_output ... ok
test managed_external_output_is_charged_once_for_one_publication ... ok
test managed_memory_store_zero_object_budget_refuses_before_append ... ok
test managed_replay_readers_each_hold_object_lease_until_final_handle_drop ... ok
test managed_store_lease_survives_plan_and_handle_then_releases ... ok
test managed_store_memory_budget_refuses_before_one_shot_producer ... ok
test one_shot_producer_requires_and_uses_explicit_replay_store ... ok
test one_shot_store_must_return_the_encoder_proof_before_candidate_or_output ... ok
test path_publication_can_replace_the_open_source_path_and_inverse_from_the_new_inode ... ok
test path_publication_cancellation_leaves_destination_and_managed_memory_untouched ... ok
test path_publication_hardlink_destination_preserves_the_original_source_inode ... ok
test each_replay_pass_opens_one_cursor_independent_of_encoded_window_count ... ok
test path_publication_preserves_existing_unix_permissions ... ok
test path_publication_refuses_symlink_and_nonregular_destinations_before_output ... ok
test path_publication_rejects_stale_or_mutated_sources_without_replacing_destination ... ok
test path_publication_releases_managed_workspace_after_success ... ok
test path_publication_late_managed_output_failure_leaves_destination_and_no_temporary_file ... ok
test path_publication_replay_failure_after_prepare_preserves_destination ... ok
test path_publication_replaces_new_and_existing_destinations_with_exact_reopenable_bytes ... ok
test path_publication_retains_durable_forward_and_inverse_authorizations ... ok
test source_change_after_preparation_refuses_without_archive_output ... ok
test replayable_stream_escapes_borrowed_chunks_and_preserves_section_and_inverse ... ok
test source_size_and_authored_count_are_independent ... ok

test result: ok. 33 passed; 0 failed; 0 ignored; 0 measured; 0 filtered out; finished in 0.82s

     Running tests/source_backed_variables.rs (/home/zhuhe/code/litchi-target-0780/quality/debug/deps/source_backed_variables-827505f8a369555b)

running 9 tests
test additional_inbound_settings_owner_is_noop_safe_but_changed_refused ... ok
test creates_first_owner_before_math_properties_without_rsids ... ok
test absent_multiple_external_wrong_type_and_mce_settings_fail_closed ... ok
test overreporting_sink_returns_invalid_data_without_false_progress_or_panic ... ok
test creates_first_owner_in_existing_transitional_and_strict_settings ... ok
test set_remove_clear_noop_and_inverse_reopen_complete_packages ... ok
test selected_unknown_and_protected_changes_are_refused_but_noops_are_exact ... ok
test strict_settings_and_source_checked_patch_application_are_supported ... ok
test signed_change_source_version_limit_and_partial_sink_fail_before_or_during_output ... ok

test result: ok. 9 passed; 0 failed; 0 ignored; 0 measured; 0 filtered out; finished in 0.07s

     Running tests/source_read_policy.rs (/home/zhuhe/code/litchi-target-0780/quality/debug/deps/source_read_policy-e654c816c7675ba7)

running 1 test
test managed_read_ahead_supports_semantic_read_then_releases_before_docx_publication ... ok

test result: ok. 1 passed; 0 failed; 0 ignored; 0 measured; 0 filtered out; finished in 0.00s

     Running tests/statistics.rs (/home/zhuhe/code/litchi-target-0780/quality/debug/deps/statistics-b9f3a46af55117e3)

running 1 test
test reopened_document_statistics_use_the_concrete_metrics_owner ... ok

test result: ok. 1 passed; 0 failed; 0 ignored; 0 measured; 0 filtered out; finished in 0.01s

     Running tests/streaming.rs (/home/zhuhe/code/litchi-target-0780/quality/debug/deps/streaming-6a216a3a0e371f85)

running 8 tests
test a_sibling_sees_the_writers_pre_claim_until_the_writer_finishes ... ok
test cancellation_and_hierarchical_scratch_release_are_observable ... ok
test exported_writer_accepts_non_seek_short_and_interrupted_sinks ... ok
test exported_writer_is_deterministic_three_member_and_reopens_with_run_parity ... ok
test exported_writer_rejects_invalid_text_and_reports_progress_and_state ... ok
test leases_are_returned_when_the_writer_is_poisoned_or_dropped ... ok
test package_bytes_do_not_depend_on_how_run_text_is_split ... ok
test a_sole_writer_is_refused_exactly_at_every_objects_work_and_input_limit ... ok

test result: ok. 8 passed; 0 failed; 0 ignored; 0 measured; 0 filtered out; finished in 0.58s

     Running tests/styles_with_effects.rs (/home/zhuhe/code/litchi-target-0780/quality/debug/deps/styles_with_effects-b97649a4336d05ab)

running 24 tests
test absent_owner_inverse_rejects_candidate_with_different_relationship_id ... ok
test effects_addition_honors_relationship_part_and_graph_caps_with_source_less_owner ... ok
test effects_namespace_prefix_and_unknown_xml_are_source_preserving ... ok
test effects_owner_rejects_duplicate_relationship_and_third_orphan_part ... ok
test effects_owner_rejects_external_and_wrong_content_type_targets ... ok
test effects_owner_rejects_leaf_outbound_and_shared_inbound_edges ... ok
test effects_resource_limits_and_malformed_grammar_fail_closed ... ok
test effects_resource_rejects_malformed_opaque_xml ... ok
test effects_addition_honors_public_package_caps_atomically ... ok
test existing_owner_replacement_honors_exact_and_one_under_total_part_bytes_caps ... ok
test native_effects_fixture_hashes_and_relationships_match_design_evidence ... ok
test native_effects_read_honors_caller_event_and_depth_limits ... ok
test explicit_resource_crud_does_not_create_missing_glossary_or_seed_a_fifth_part ... ok
test native_main_and_glossary_effects_are_independent_resources ... ok
test package_absent_owner_edit_keeps_source_owner_precondition ... ok
test public_patch_rejects_cross_owner_and_cross_package_snapshots_atomically ... ok
test native_fixture_matrix_loads_the_declared_main_and_glossary_owners ... ok
test public_replace_inverse_restores_exact_package_bytes ... ok
test removing_effects_removes_empty_target_relationship_member_and_inverse_restores_it ... ok
test secondary_effects_projection_failures_refuse_public_main_read_and_edit ... ok
test signed_effects_noop_preserves_source_and_changed_publication_requires_unsign ... ok
test source_bound_clear_and_inverse_restore_custom_target_and_relationship ... ok
test source_snapshots_retain_shared_payloads_and_exact_noop_commits ... ok
test source_resource_replace_inverse_stale_and_save_reopen_are_owner_bound ... ok

test result: ok. 24 passed; 0 failed; 0 ignored; 0 measured; 0 filtered out; finished in 1.45s

     Running tests/validation.rs (/home/zhuhe/code/litchi-target-0780/quality/debug/deps/validation-92d2e3b2071cd67b)

running 14 tests
test declared_main_size_is_rejected_before_payload_read ... ok
test main_part_io_is_reported_as_ingress_failure_after_catalog_open ... ok
test macro_main_is_counted_once_and_dangling_activex_is_visible ... ok
test malformed_and_unsupported_main_semantics_are_content_free_findings ... ok
test main_relationship_closure_reports_missing_and_incompatible_targets_at_main_uri ... ok
test mce_preprocessing_obeys_the_xml_event_ceiling ... ok
test package_source_backed_open_remains_available_for_follow_up_queries ... ok
test predefined_and_numeric_references_remain_valid ... ok
test security_presence_is_inert_and_external_targets_are_not_fetched ... ok
test semantic_limits_block_without_materializing_an_unbounded_payload ... ok
test source_io_is_not_reclassified_as_a_structural_zip_finding ... ok
test valid_main_document_is_complete_without_retaining_content ... ok
test xml_depth_is_bounded_before_namespace_reader_and_public_limit_is_safe ... ok
test visible_xml_rejects_special_events_invalid_references_and_extra_roots ... ok

test result: ok. 14 passed; 0 failed; 0 ignored; 0 measured; 0 filtered out; finished in 0.01s

     Running tests/vba_encryption.rs (/home/zhuhe/code/litchi-target-0780/quality/debug/deps/vba_encryption-c3807d529e76ff56)

running 3 tests
test encrypted_vba_changes_are_refused_atomically ... ok
test encrypted_vba_noops_preserve_graph_and_provenance ... ok
test explicit_plaintext_copy_allows_vba_changes ... ok

test result: ok. 3 passed; 0 failed; 0 ignored; 0 measured; 0 filtered out; finished in 0.76s

     Running tests/web_custom_function_strings.rs (/home/zhuhe/code/litchi-target-0780/quality/debug/deps/web_custom_function_strings-0f174d3c694675da)

running 7 tests
test boolean_and_integer_lexical_space_uses_xml_whitespace_only ... ok
test authored_xml_strings_retain_whitespace_and_delimiters_after_reopening ... ok
test function_ids_normalize_literal_line_endings_but_retain_character_references ... ok
test list_and_id_elements_refuse_undeclared_schema_attributes ... ok
test empty_list_and_empty_id_remain_distinct_during_an_unrelated_typed_edit ... ok
test newly_added_payloads_stay_in_the_existing_custom_function_extension_owner ... ok
test runtime_attributes_normalize_literal_whitespace_but_retain_character_references ... ok

test result: ok. 7 passed; 0 failed; 0 ignored; 0 measured; 0 filtered out; finished in 0.00s

     Running tests/web_extensions.rs (/home/zhuhe/code/litchi-target-0780/quality/debug/deps/web_extensions-d393ed2e2b2b1ac9)

running 35 tests
test changed_and_exact_noop_public_patches_have_expected_effects ... ok
test changed_custom_metadata_preserves_noncanonical_owner_bytes_and_inverse_after_reopen ... ok
test custom_function_rewrite_targets_later_payload_extension_after_vendor_extension ... ok
test conformance_noop_ignores_missing_unused_prefix_and_vendor_other_dialect_text ... ok
test custom_function_semantic_noop_preserves_noncanonical_addin_taskpane_xml_and_signature ... ok
test dirty_document_facade_refuses_task_pane_planning_without_publication ... ok
test durable::durable_caller_limits_and_dirty_facade_leave_packages_unchanged ... ok
test durable::durable_altered_unrelated_restore_reaches_forward_replay_mismatch ... ok
test durable::durable_changed_signed_patch_requires_unsign_and_replan ... ok
test durable::durable_creation_roundtrips_and_inverse_restores_exact_members_after_reopen ... ok
test durable::durable_custom_only_two_pane_edit_roundtrips_and_inverse_is_exact ... ok
test durable::durable_creation_and_removal_roundtrip_in_both_conformances ... ok
test durable::durable_exact_noop_exports_with_zero_blob_allowance ... ok
test durable::durable_exported_ordinary_inverse_applies_after_forward_publication ... ok
test durable::durable_inverse_rejects_unrelated_binary_closure_record ... ok
test durable::durable_noop_is_deterministic_and_preserves_signed_source ... ok
test durable::durable_removal_roundtrips_and_inverse_restores_exact_members_after_reopen ... ok
test durable::durable_stale_and_wire_tampering_are_atomic ... ok
test empty_custom_function_list_grows_without_dropping_internal_markup_or_siblings ... ok
test durable::durable_transitional_custom_edit_ignores_unrelated_strict_namespace_text ... ok
test inactive_mce_branch_is_retained_or_rejected_precisely_during_custom_edit ... ok
test internal_custom_payload_markup_survives_changed_attributes_or_refuses_atomically ... ok
test known_custom_function_payload_comments_and_processing_instructions_are_retained_or_refused_precisely ... ok
test legacy_taskpane_child_name_is_refused_without_claiming_broad_schema_compatibility ... ok
test noncustom_edit_with_taskpane_opaque_marker_preserves_it_or_refuses_atomically ... ok
test noncustom_two_pane_edit_preserves_opaque_unselected_addin_or_refuses_atomically ... ok
test omitted_contains_boolean_is_distinct_from_explicit_false_and_inverse_restores_source ... ok
test public_limits_and_malformed_namespace_or_attribute_fixtures_refuse_atomically ... ok
test public_remove_and_inverse_restore_task_panes_after_save_and_reopen ... ok
test public_task_pane_plan_is_nonmutating_and_inverse_restores_saved_members_exactly ... ok
test semantic_noop_patch_rejects_semantically_stale_source_atomically ... ok
test publicly_constructed_custom_function_payloads_round_trip_in_both_conformances ... ok
test stale_content_types_and_relationship_lexical_members_refuse_atomically ... ok
test signed_noop_is_preserved_but_changed_publication_requires_explicit_unsign ... ok
test two_pane_custom_metadata_edit_is_local_to_selected_extension ... ok

test result: ok. 35 passed; 0 failed; 0 ignored; 0 measured; 0 filtered out; finished in 0.52s

     Running tests/web_owner.rs (/home/zhuhe/code/litchi-target-0780/quality/debug/deps/web_owner-bf1caf41cc76f3fd)

running 2 tests
test writes_both_namespace_families_deterministically ... ok
test opens_real_poi_div_metadata_and_round_trips_a_package ... ok

test result: ok. 2 passed; 0 failed; 0 ignored; 0 measured; 0 filtered out; finished in 0.01s

     Running unittests src/lib.rs (/home/zhuhe/code/litchi-target-0780/quality/debug/deps/litchi_ooxml_common-d487f646730851da)

running 388 tests
test binding_tracker::tests::cache_eviction_and_invalidation_follow_the_innermost_declaration ... ok
test binding_tracker::tests::crowded_scopes_resolve_as_quick_xml_does ... ok
test binding_tracker::tests::declaration_limit_accepts_exactly_256_and_rejects_257 ... ok
test binding_tracker::tests::cached_resolution_matches_quick_xml_on_random_documents ... ok
test binding_tracker::tests::lookups_stay_bounded_whatever_kind_of_declaration_fills_the_scope ... ok
test binding_tracker::tests::indexed_resolution_matches_quick_xml_on_dense_documents ... ok
test binding_tracker::tests::the_prefix_index_is_built_by_a_lookup_past_its_bound_and_kept_in_step ... ok
test binding_tracker::tests::the_xmlns_prefilter_finds_every_declaration ... ok
test custom::tests::absent_package_properties_are_empty_but_orphans_are_errors ... ok
test custom::tests::all_supported_values_round_trip_deterministically_in_pid_order ... ok
test custom::tests::byte_depth_node_name_and_text_limits_are_enforced ... ok
test custom::tests::case_insensitive_duplicate_names_are_rejected_on_insert_and_read ... ok
test custom::tests::concise_crud_moves_values_and_orders_names ... ok
test custom::tests::dtd_unknown_entities_and_malformed_xml_are_rejected ... ok
test custom::tests::exhausted_pid_space_allows_replacement_but_not_allocation ... ok
test custom::tests::filetime_is_rfc3339_not_a_numeric_windows_counter ... ok
test custom::tests::forbidden_and_malformed_format_ids_are_rejected ... ok
test custom::tests::illegal_xml_characters_are_rejected_before_writing ... ok
test custom::tests::malformed_and_duplicate_pids_are_rejected ... ok
test custom::tests::malformed_package_graphs_are_never_treated_as_absent ... ok
test custom::tests::names_use_canonical_unicode_caseless_identity ... ok
test custom::tests::non_finite_floats_are_rejected_on_insert_and_read ... ok
test custom::tests::package_write_read_and_clear_remove_the_complete_graph ... ok
test custom::tests::powerpoint_locations_require_escaped_names_and_host_boundaries ... ok
test custom::tests::property_count_is_bounded ... ok
test custom::tests::reserved_sensitivity_properties_follow_the_explicit_specification ... ok
test custom::tests::root_namespace_and_property_cardinality_are_strict ... ok
test custom::tests::word_marking_properties_require_their_documented_text_grammar ... ok
test custom_data::codec::tests::accepts_document_bom_and_declaration_but_rejects_fragment_prologs ... ok
test custom_data::codec::tests::allows_empty_id_and_xstring_round_trip ... ok
test custom_data::codec::tests::arbitrary_prefix_and_entity_namespace_are_admitted ... ok
test custom_data::codec::tests::attribute_count_limits_refuse_the_same_tags ... ok
test custom_data::codec::tests::extension_uri_entity_lexeme_is_retained ... ok
test custom_data::codec::tests::inherited_extension_prefixes_are_admitted_for_source_projection ... ok
test custom_data::codec::tests::preserves_source_extension_markup ... ok
test custom_data::codec::tests::rejects_cdata_outside_the_document_root ... ok
test custom_data::codec::tests::rejects_embedded_prolog_and_direct_non_whitespace ... ok
test custom_data::codec::tests::rejects_raw_cdata_delimiter_in_opaque_text ... ok
test custom_data::codec::tests::rejects_strict_sml_extension_in_x14_extension_list ... ok
test custom_data::codec::tests::repeated_attribute_names_are_refused_where_quick_xml_reports_them ... ok
test binding_tracker::tests::short_lived_declarations_cost_no_index_upkeep ... ok
test custom_xml::tests::attribute_whitespace_round_trips_without_normalization_loss ... ok
test custom_xml::tests::enforces_guid_depth_size_and_content_type_caps ... ok
test custom_xml::tests::exact_noop_does_not_unsign_or_rewrite ... ok
test custom_xml::tests::failed_add_is_transactional ... ok
test custom_xml::tests::loads_poi_and_libreoffice_reference_fixtures ... ok
test custom_xml::tests::mce_selects_fallback_schema_reference ... ok
test custom_xml::tests::package_writer_round_trips_without_interpreting_payload ... ok
test custom_xml::tests::properties_edits_retain_future_markup ... ok
test custom_xml::tests::rejects_invalid_declarations_attributes_and_xml_characters ... ok
test custom_xml::tests::rejects_malformed_properties_payloads_and_package_graphs ... ok
test custom_xml::tests::strict_writer_is_deterministic_and_round_trips ... ok
test custom_xml::tests::transaction_crud_is_source_checked_and_failure_atomic ... ok
test custom_xml::tests::transaction_preserves_opaque_payload_and_relationship_topology ... ok
test embedded::tests::accepts_chart_packages_but_not_chart_objects ... ok
test embedded::tests::accepts_strict_relationships_and_returns_external_targets_inertly ... ok
test embedded::tests::accepts_word_template_and_macro_main_sources ... ok
test embedded::tests::applies_kind_specific_xlsb_source_policy ... ok
test embedded::tests::custom_limits_are_checked_and_payload_budget_is_aggregate ... ok
test embedded::tests::duplicate_internal_targets_are_validated_and_charged_once ... ok
test embedded::tests::ignores_orphans_preserves_duplicate_occurrences_and_sorts_deterministically ... ok
test embedded::tests::inventories_all_seven_real_world_fixtures_without_opening_payloads ... ok
test embedded::tests::preserves_malformed_and_recursive_payload_bytes_opaquely ... ok
test embedded::tests::preserves_server_specific_object_content_types_without_sniffing ... ok
test embedded::tests::rejects_forbidden_payload_relationships_and_default_relationship_limit ... ok
test embedded::tests::rejects_missing_targets_invalid_sources_and_package_root_relationships ... ok
test embedded::tests::rejects_query_and_fragment_components_on_internal_targets ... ok
test embedded::tests::source_duplicate_canonical_targets_are_ordered_and_charged_once ... ok
test embedded::tests::source_limits_stale_sources_and_cancellation_fail_closed ... ok
test embedded::tests::source_scan_matches_eager_metadata_on_real_fixtures ... ok
test embedded::tests::source_scan_reads_no_payload_until_selected_data_or_stream ... ok
test external_link::tests::accepts_long_path_families ... ok
test external_link::tests::accepts_microsoft_resolution_origin_families ... ok
test external_link::tests::accepts_the_standard_transitional_and_strict_types ... ok
test external_link::tests::rejects_unrelated_relationship_types ... ok
test external_link::tests::the_list_has_no_duplicates ... ok
test mce::alternative::tests::accepts_nested_markup_and_arbitrary_prefixes ... ok
test mce::alternative::tests::enforces_byte_depth_node_and_branch_budgets ... ok
test mce::alternative::tests::rejects_invalid_branch_grammar_and_unsafe_markup ... ok
test mce::alternative::tests::retains_one_exact_source_and_exposes_typed_branches ... ok
test mce::alternative::tests::selects_first_supported_choice_then_fallback_without_discarding_inactive_data ... ok
test mce::bounds_tests::a_declaration_flood_at_the_limit_costs_a_lookup_per_declaration ... ok
test mce::bounds_tests::a_duplicate_flood_is_refused_at_the_limit_before_its_duplicates ... ok
test mce::bounds_tests::a_long_namespace_uri_is_read_once_per_declaration_not_per_name ... ok
test mce::bounds_tests::an_empty_elements_declarations_leave_the_scope_when_the_raw_flow_recovers ... ok
test mce::bounds_tests::directive_targets_at_scale_match_exact_names_and_wildcards ... ok
test mce::bounds_tests::hoisting_many_shadowed_declarations_onto_many_children_is_output_bound ... ok
test custom_data::codec::tests::tags_of_many_repeated_names_are_refused_as_before ... ok
test mce::bounds_tests::no_configuration_admits_more_than_the_ceiling ... ok
test mce::bounds_tests::the_codec_admits_a_tag_at_the_limit_and_refuses_one_more ... ok
test mce::bounds_tests::the_stream_applies_the_tighter_of_its_two_attribute_limits ... ok
test mce::codec::marker_exhaustion_test::all_marker_salts_preserve_the_exact_refusal ... ok
test mce::codec::search_equivalence_tests::larger_binary_and_mce_patterns_match_scalar_windows ... ok
test mce::codec::search_equivalence_tests::small_binary_words_match_scalar_windows_exhaustively ... ok
test mce::expanded_duplicates_tests::active_offsets_rejects_the_same_expanded_duplicate_input ... ok
test mce::expanded_duplicates_tests::expanded_duplicate_validation_covers_inline_and_sorted_attribute_paths ... ok
test mce::expanded_duplicates_tests::expanded_duplicate_validation_keeps_distinct_names_legal_at_each_size ... ok
test mce::expanded_duplicates_tests::expanded_duplicates_are_checked_in_opaque_descendants ... ok
test mce::expanded_duplicates_tests::expanded_duplicates_are_checked_in_skipped_and_unselected_branches ... ok
test mce::expanded_duplicates_tests::expanded_duplicates_cover_aliases_and_late_namespace_declarations ... ok
test mce::expanded_duplicates_tests::no_mce_inputs_remain_borrowed_and_byte_exact ... ok
test mce::model::capabilities_tests::baseline_and_explicit_profiles_have_identical_legacy_and_stream_behavior ... ok
test mce::model::capabilities_tests::baseline_matches_the_old_explicit_seventeen_namespace_set ... ok
test mce::model::capabilities_tests::custom_registration_clone_isolation_and_extension_preservation_are_unchanged ... ok
test mce::model::capabilities_tests::malformed_unbound_and_limited_inputs_match_the_old_profile ... ok
test mce::model::capabilities_tests::static_namespace_tag_preserves_the_current_capability_owner_size ... ok
test mce::patterns::tests::exact_and_namespace_targets_match_as_a_scan_of_both_would ... ok
test mce::scope::tests::duplicate_prefixes_are_found_in_any_position ... ok
test mce::scope::tests::equal_uris_share_one_identity_while_any_binding_holds_it ... ok
test mce::scope::tests::lookups_past_the_walked_window_use_the_index ... ok
test mce::scope::tests::nested_bindings_shadow_and_truncation_restores_them ... ok
test mce::scope::tests::packed_prefixes_are_equal_exactly_when_the_prefixes_are ... ok
test mce::scope::tests::truncating_an_element_without_declarations_removes_nothing ... ok
test mce::shared_names_tests::a_namespace_uri_reads_compares_and_hashes_as_its_text ... ok
test mce::shared_names_tests::a_stream_limited_below_the_fixed_namespaces_still_refuses_their_names ... ok
test mce::shared_names_tests::aliased_prefixes_name_one_attribute ... ok
test mce::shared_names_tests::directives_through_aliased_prefixes_decide_as_their_namespaces_do ... ok
test mce::bounds_tests::lookups_do_not_walk_shadowed_declarations ... ok
test mce::shared_names_tests::the_fixed_namespaces_are_shared_without_a_copy ... ok
test mce::shared_names_tests::long_uri_element_names_and_directive_tokens_cost_the_stream_per_declaration ... ok
test mce::tests::codec_tests::active_offset_allocation_error_retains_allocator_source ... ok
test mce::tests::codec_tests::active_offset_markers_skip_source_collisions ... ok
test mce::tests::codec_tests::active_offsets_fast_path_preserves_order_and_duplicates ... ok
test mce::tests::codec_tests::active_offsets_reject_invalid_offsets_and_resource_limits ... ok
test mce::tests::codec_tests::active_offsets_select_choice_and_fallback_in_caller_order ... ok
test mce::tests::codec_tests::alternate_content_allows_ignorable_foreign_children_without_reordering_branches ... ok
test mce::tests::codec_tests::alternate_content_enforces_element_specific_attribute_constraints ... ok
test mce::tests::codec_tests::choice_fallback ... ok
test mce::tests::codec_tests::deep_scopes_do_not_clone_effective_namespace_or_directive_sets ... ok
test mce::tests::codec_tests::directive_token_limit_accepts_exact_and_rejects_over ... ok
test mce::tests::codec_tests::dtd_external_identifiers_and_custom_entities_are_never_expanded ... ok
test mce::tests::codec_tests::fast_borrowed ... ok
test mce::tests::codec_tests::ignore_and_unwrap ... ok
test mce::tests::codec_tests::input_and_borrowed_output_limits_are_preflighted ... ok
test mce::tests::codec_tests::marker_at_the_last_position_routes_truncated_xml_to_the_parser ... ok
test mce::tests::codec_tests::marker_in_comment_and_text_routes_through_owned_parser_output ... ok
test mce::tests::codec_tests::marker_in_malformed_utf8_attribute_is_not_treated_as_a_fast_path_noop ... ok
test mce::tests::codec_tests::marker_search_advances_past_repeated_candidates_and_trailing_prefixes ... ok
test mce::tests::codec_tests::marker_search_keeps_short_near_matches_and_arbitrary_bytes_borrowed ... ok
test mce::tests::codec_tests::marker_search_matches_each_single_byte_substitution ... ok
test mce::tests::codec_tests::marker_search_matches_every_start_with_arbitrary_byte_surroundings ... ok
test mce::tests::codec_tests::marker_search_preflights_input_then_output_limits ... ok
test mce::tests::codec_tests::process_content_accepts_effective_ignorable_and_namespace_wildcards ... ok
test mce::tests::codec_tests::redundant_ignorable_keeps_inherited_process_content ... ok
test mce::tests::codec_tests::security_and_limits ... ok
test mce::tests::codec_tests::transformed_output_limit_is_exact_across_buffer_growth ... ok
test mce::tests::fixture_tests::libreoffice_pptx_emits_only_fallback_shape ... ok
test mce::tests::fixture_tests::poi_styles_select_unsupported_vendor_fallbacks ... ok
test mce::tests::namespace_emission_contract_tests::a_child_redeclaration_shadows_the_hoisted_binding ... ok
test mce::tests::namespace_emission_contract_tests::alternate_content_hoists_wrapper_and_branch_declarations ... ok
test mce::tests::namespace_emission_contract_tests::amortized_output_growth_keeps_the_bound_exact ... ok
test mce::tests::namespace_emission_contract_tests::an_inner_span_is_no_longer_self_contained_but_becomes_so_at_the_boundary ... ok
test mce::tests::namespace_emission_contract_tests::an_unchanged_start_tag_is_copied_from_the_source ... ok
test mce::tests::namespace_emission_contract_tests::an_unwrapped_element_hoists_its_default_namespace_onto_its_content ... ok
test mce::tests::namespace_emission_contract_tests::borrowed_attribute_values_still_round_trip_through_normalization ... ok
test mce::tests::namespace_emission_contract_tests::each_namespace_is_declared_once_and_every_name_still_resolves ... ok
test mce::tests::namespace_emission_contract_tests::element_qname_refusal_precedes_its_directive_refusal ... ok
test mce::tests::namespace_emission_contract_tests::hoisted_declarations_reach_every_emitted_child_of_a_dropped_wrapper ... ok
test mce::tests::namespace_emission_contract_tests::nested_dropped_wrappers_hoist_the_innermost_binding ... ok
test mce::tests::namespace_emission_contract_tests::process_content_still_refuses_a_wrapper_that_binds_a_prefix ... ok
test mce::tests::namespace_emission_contract_tests::skipped_branches_do_not_leak_declarations_into_the_output ... ok
test mce::tests::namespace_emission_contract_tests::the_borrowed_name_resolver_keeps_every_refusal_identity ... ok
test mce::tests::namespace_emission_contract_tests::the_output_bound_is_no_longer_consumed_by_redundant_redeclaration ... ok
test mce::tests::namespace_emission_contract_tests::the_xml_prefix_is_never_redeclared_in_the_output ... ok
test mce::tests::preservation_tests::empty_namespace_scopes_accept_the_exact_inherited_binding_bound ... ok
test mce::tests::preservation_tests::extension_profiles_match_expanded_default_and_prefixed_names ... ok
test mce::tests::preservation_tests::inherited_namespaces_survive_an_empty_scope_and_an_empty_default_reset ... ok
test mce::tests::preservation_tests::inherited_opaque_profile_keeps_unrecognized_descendants_and_mce_markup ... ok
test mce::tests::preservation_tests::inherited_scope_survives_selected_alt_and_unwrapped_branch_rebindings ... ok
test mce::tests::preservation_tests::nested_context_errors_keep_first_refusal_precedence ... ok
test mce::tests::preservation_tests::opaque_and_skipped_scopes_keep_the_nearest_emitted_namespace ... ok
test mce::tests::preservation_tests::preservation_tokens_respect_the_shared_directive_bound ... ok
test mce::tests::preservation_tests::preserves_elements_but_still_processes_their_content_and_attributes ... ok
test mce::tests::preservation_tests::preserves_exact_and_wildcard_attributes_by_expanded_name ... ok
test mce::tests::preservation_tests::rebinding_a_prefix_shadows_inherited_ignorable_and_preservation_rules ... ok
test mce::tests::preservation_tests::redundant_ignorable_redeclaration_retains_inherited_preservation ... ok
test mce::tests::preservation_tests::rejects_invalid_preservation_tokens_and_duplicates ... ok
test mce::tests::preservation_tests::same_element_namespace_bindings_resolve_before_qname_and_directive_refusals ... ok
test mce::tests::preservation_tests::understood_attributes_are_not_discarded_and_spoofed_directives_do_not_apply ... ok
test mce::tests::self_contained_fragment_tests::a_default_namespace_undeclared_by_an_ancestor_is_not_reinstated ... ok
test mce::tests::self_contained_fragment_tests::a_document_with_no_declaration_borrows_its_span ... ok
test mce::tests::self_contained_fragment_tests::a_range_outside_the_document_is_refused_by_name ... ok
test mce::tests::self_contained_fragment_tests::a_sibling_declaration_does_not_leak_into_the_span ... ok
test mce::tests::self_contained_fragment_tests::a_span_that_redeclares_a_prefix_keeps_its_own_binding ... ok
test mce::tests::self_contained_fragment_tests::an_empty_element_span_takes_its_declarations_before_the_slash ... ok
test mce::tests::self_contained_fragment_tests::an_escaped_namespace_value_round_trips ... ok
test mce::tests::self_contained_fragment_tests::an_intermediate_declaration_is_carried_too ... ok
test mce::tests::self_contained_fragment_tests::the_namespace_binding_bound_is_enforced ... ok
test mce::tests::self_contained_fragment_tests::the_root_declarations_reach_a_deep_span ... ok
test mce::tests::streaming_0360_tests::streaming_0360_callbacks_disable_independently_and_are_retained ... ok
test mce::tests::streaming_0360_tests::streaming_0360_event_and_count_limits_are_exact_and_typed ... ok
test mce::tests::streaming_0360_tests::streaming_0360_expands_rebound_and_unqualified_attributes ... ok
test mce::tests::streaming_0360_tests::streaming_0360_later_failures_keep_callback_errors_as_secondary ... ok
test mce::tests::streaming_0360_tests::streaming_0360_prefix_reader_handles_split_bom_and_replays_prefix ... ok
test mce::tests::streaming_0360_tests::streaming_0360_processes_preserves_and_keeps_opaque_content ... ok
test mce::tests::streaming_0360_tests::streaming_0360_projects_namespaced_events_and_counts_them ... ok
test mce::tests::streaming_0360_tests::streaming_0360_raw_sees_inactive_branches_active_sees_selection ... ok
test mce::tests::streaming_0360_tests::streaming_0360_rejects_bad_document_boundaries ... ok
test mce::tests::streaming_0360_tests::streaming_0360_rejects_custom_references_in_hidden_branches_and_prolog ... ok
test mce::tests::streaming_0360_tests::streaming_0360_rejects_direct_alternate_content_data ... ok
test mce::tests::streaming_0361_raw_attribute_tests::streaming_0361_alias_attributes_are_raw_before_expanded_duplicate_error ... ok
test mce::tests::streaming_0361_raw_attribute_tests::streaming_0361_duplicate_ordinary_attributes_are_raw_before_primary_error ... ok
test mce::tests::streaming_0361_raw_attribute_tests::streaming_0361_namespace_syntax_and_limits_fail_before_raw_delivery ... ok
test mce::tests::streaming_0361_raw_attribute_tests::streaming_0361_raw_callback_error_is_secondary_to_duplicate_error ... ok
test mce::tests::streaming_0361_raw_recovery_tests::streaming_0361_deep_expanded_names_have_exact_context_bound ... ok
test mce::tests::streaming_0361_raw_recovery_tests::streaming_0361_input_failure_after_recovery_retains_raw_error ... ok
test mce::tests::streaming_0361_raw_recovery_tests::streaming_0361_one_byte_recovery_resolves_nested_namespaces_and_pops_scopes ... ok
test mce::tests::streaming_0361_raw_recovery_tests::streaming_0361_opaque_extension_emits_lexical_mce_content ... ok
test mce::tests::streaming_0361_raw_recovery_tests::streaming_0361_opaque_extension_survives_recovery_state ... ok
test mce::tests::streaming_0361_raw_recovery_tests::streaming_0361_raw_recovers_after_semantic_failure_and_wins_secondary ... ok
test mce::tests::streaming_0361_raw_recovery_tests::streaming_0361_semantic_failure_without_later_errors_is_not_a_report ... ok
test mce::tests::streaming_0410_name_ownership_tests::streaming_0410_expanded_name_bound_remains_exact ... ok
test mce::tests::streaming_0410_name_ownership_tests::streaming_0410_owned_names_survive_raw_and_active_callbacks ... ok
test mce::tests::streaming_0658_active_stop_tests::a_continuing_observer_is_indistinguishable_from_the_plain_entry_point ... ok
test mce::tests::streaming_0658_active_stop_tests::a_primary_failure_on_a_later_event_is_unreachable_once_the_stream_has_stopped ... ok
test mce::tests::streaming_0658_active_stop_tests::a_stop_ends_the_stream_at_that_event_and_reports_success ... ok
test mce::tests::streaming_0658_active_stop_tests::a_stop_never_suppresses_a_failure_already_observed_on_that_event ... ok
test mce::tests::streaming_0658_active_stop_tests::a_stopped_stream_does_not_run_the_end_of_document_checks ... ok
test mce::tests::streaming_0658_active_stop_tests::an_observer_error_before_a_stop_still_surfaces ... ok
test package_encryption::tests::encrypted_provenance_requires_its_retained_mode ... ok
test package_encryption::tests::mark_encrypted_updates_plain_provenance ... ok
test package_encryption::tests::plain_provenance_allows_ordinary_output ... ok
test properties::keyword::tests::rejects_oversized_language_before_whitespace_collapse ... ok
test properties::keyword::tests::validates_language_without_rewriting_its_lexical_form ... ok
test properties::read::tests::keywords_preserve_mixed_content_and_language_annotations ... ok
test properties::read::tests::matches_poi_success_timezone_and_m4_conformance_fixtures ... ok
test properties::read::tests::parses_all_schema_fields_without_normalizing_lexical_values ... ok
test properties::read::tests::poi_no_core_is_empty_and_multiple_relationships_fail_during_package_load ... ok
test properties::read::tests::rejects_external_dangling_and_wrong_content_type_relationships ... ok
test properties::read::tests::rejects_invalid_keyword_children_and_language_placement ... ok
test properties::read::tests::rejects_property_text_beyond_the_declared_budget ... ok
test properties::read::tests::rejects_wrong_root_duplicates_invalid_values_dtd_and_entities ... ok
test properties::read::tests::revision_is_a_lossless_string_including_empty_values ... ok
test properties::read::tests::selects_only_relationship_target_and_allows_absence ... ok
test properties::read::tests::shared_writer_round_trips_through_strict_parser ... ok
test properties::read::tests::source_reader_matches_eager_for_present_absent_and_strict_properties ... ok
test properties::read::tests::source_reader_matches_eager_graph_failures ... ok
test properties::read::tests::w3cdtf_supports_partial_and_unzoned_forms_but_xsi_type_is_literal ... ok
test properties::tests::builder_and_struct_update_stay_concise ... ok
test properties::tests::slot_tracks_only_real_edit_intent ... ok
test properties::tests::xml_escapes_text_and_rejects_forbidden_characters ... ok
test properties::time::tests::accepts_every_w3cdtf_member_and_retains_lexical_form ... ok
test properties::time::tests::chrono_conversion_is_ergonomic_without_inventing_unzoned_utc ... ok
test properties::time::tests::datetime_requires_a_full_valid_date_and_time ... ok
test properties::time::tests::non_ascii_lexical_values_fail_without_panicking ... ok
test properties::time::tests::rejects_oversized_times_before_whitespace_collapse ... ok
test properties::write::tests::allocates_around_an_unrelated_canonical_part ... ok
test mce::shared_names_tests::the_reviewers_long_uri_inputs_cost_the_stream_per_declaration_not_per_name ... ok
test properties::write::tests::distinguishes_present_empty_from_absence ... ok
test properties::write::tests::equal_put_through_slot_preserves_exact_bytes_and_signature ... ok
test properties::write::tests::preserves_strict_dialect_and_byte_identical_write_is_a_noop ... ok
test properties::write::tests::bounded_output_rejects_oversized_append_before_mutation ... ok
test properties::write::tests::revision_writer_validates_even_empty_and_opaque_lexical_values ... ok
test properties::write::tests::shared_inbound_allows_read_and_update_but_blocks_clear_before_mutation ... ok
test properties::write::tests::unknown_payload_blocks_write_but_graph_safe_clear_sanitizes_it ... ok
test properties::write::tests::update_preserves_outbound_extensions_and_clear_leaves_extension_parts ... ok
test properties::write::tests::writes_reads_and_clears_nonstandard_target ... ok
test relationships::tests::accepts_transitional_and_strict_relationship_attributes ... ok
test relationships::tests::rejects_duplicate_relationship_attributes ... ok
test relationships::tests::relationship_ids_use_the_xml_ncname_domain ... ok
test ribbon::tests::aggregate_image_relationships_are_bounded ... ok
test ribbon::tests::failed_mutations_leave_graph_bytes_and_signatures_untouched ... ok
test ribbon::tests::fixed_slots_borrow_package_bytes_and_prefer_modern ... ok
test ribbon::tests::identical_put_is_a_signature_and_allocation_preserving_noop ... ok
test ribbon::tests::image_cycles_are_collected_unless_reachable_from_a_kept_part ... ok
test ribbon::tests::modern_vocabulary_updates_in_place ... ok
test ribbon::tests::name_collisions_do_not_copy_the_moved_payload ... ok
test ribbon::tests::relationship_location_cardinality_and_root_family_are_strict ... ok
test ribbon::tests::remove_collects_unreferenced_ribbon_and_image_parts ... ok
test ribbon::tests::remove_preserves_shared_ribbon_and_image_parts ... ok
test ribbon::tests::ribbon_outbound_relationships_are_internal_images_only ... ok
test ribbon::tests::shared_ribbon_is_forked_before_update ... ok
test ribbon::tests::xml_bytes_depth_nodes_entities_and_namespaces_are_bounded ... ok
test ribbon::tests::xml_declarations_characters_namespaces_and_inert_instructions_are_strict ... ok
test spreadsheet_xml_maps::tests::a_declaration_inside_a_repeated_attribute_value_no_longer_hides_a_binding ... ok
test spreadsheet_xml_maps::tests::borrowed_projection_serializes_and_patches_without_payload_clones ... ok
test spreadsheet_xml_maps::tests::caller_limits_cover_every_bounded_resource ... ok
test spreadsheet_xml_maps::tests::detects_conformance_and_canonicalizes_boolean_words ... ok
test spreadsheet_xml_maps::tests::enforces_office_map_and_binding_boundaries ... ok
test spreadsheet_xml_maps::tests::exposes_the_codec_limits ... ok
test spreadsheet_xml_maps::tests::opaque_payload_roots_keep_their_bytes_and_gain_only_undeclared_bindings ... ok
test spreadsheet_xml_maps::tests::opaque_payload_roots_of_many_repeated_names_keep_their_bytes ... ok
test spreadsheet_xml_maps::tests::parses_validates_and_serializes_both_conformance_families ... ok
test spreadsheet_xml_maps::tests::rejects_numeric_map_and_file_binding_booleans ... ok
test spreadsheet_xml_maps::tests::schema_language_is_ignored_but_preserved_by_source_patch ... ok
test properties::write::tests::rejects_keyword_item_and_encoded_xml_budgets_before_package_mutation ... ok
test spreadsheet_xml_maps::tests::source_patch_enforces_the_exact_output_boundary ... ok
test spreadsheet_xml_maps::tests::serializes_a_large_catalog_with_amortized_growth ... ok
test spreadsheet_xml_maps::tests::source_patch_preserves_comments_extensions_and_canonicalizes_edits ... ok
test spreadsheet_xml_maps::tests::source_patch_preserves_unmodeled_markup ... ok
test vba::tests::late_content_type_failure_rolls_back_vba_removal ... ok
test vba::tests::maps_every_supported_main_part_kind_both_directions ... ok
test vba::tests::project_part_reads_through_the_bounded_vba_owner ... ok
test vba::tests::rejects_dangling_inbound_references_to_canonical_word_targets_atomically ... ok
test web::codec::tests::namespace_codec_keeps_extension_fragments_self_contained ... ok
test web::codec::tests::relationship_codec_rejects_mixed_conformance_attributes ... ok
test web::codec::tests::semantic_codec_uses_canonical_floating_point_lexical_form ... ok
test web::package::durable::durable_intent_tests::intent_aggregates_distinct_snapshot_resources ... ok
test web::package::durable::durable_intent_tests::intent_charges_xml_derived_and_direct_strings_cumulatively ... ok
test web::package::durable::durable_intent_tests::intent_deduplicates_case_folded_shared_snapshot_resources ... ok
test web::package::durable::durable_intent_tests::intent_enforces_aggregate_xml_before_parsing_a_later_field ... ok
test web::package::durable::durable_intent_tests::intent_rejects_add_in_extension_in_pane_slot_before_retention ... ok
test web::package::durable::durable_tests::a_closure_expecting_a_part_reports_its_decode_failure_not_absence ... ok
test web::package::durable::durable_tests::a_closure_expecting_absence_refuses_a_present_part_that_fails_to_decode ... ok
test web::package::durable::durable_tests::closure_accepts_members_within_per_kind_quotas ... ok
test web::package::durable::durable_tests::closure_enforces_aggregate_decoded_string_quota ... ok
test web::package::durable::durable_tests::closure_enforces_aggregate_xml_payload_quota ... ok
test web::package::durable::durable_tests::closure_enforces_per_kind_and_relationship_quotas ... ok
test web::package::durable::durable_tests::closure_rejects_ascii_case_equivalent_part_records ... ok
test web::package::durable::durable_tests::closure_rejects_non_boolean_member_presence ... ok
test web::package::durable::durable_tests::closure_rejects_package_root_as_a_part_record ... ok
test web::package::durable::durable_tests::source_reconstruction_sees_a_present_part_whose_payload_fails_to_decode ... ok
test web::package::durable::scope::tests::incomplete_and_duplicate_scopes_are_refused ... ok
test web::package::durable::scope::tests::streamed_canonical_relationships_match_closure_fallback ... ok
test web::package::durable::scope::tests::streamed_scope_matches_retained_wcs2_reference_for_both_directions ... ok
test web::package::durable::scope::tests::streaming_hash_has_exact_byte_boundary ... ok
test web::package::transaction::transaction_tests::inverse_restores_content_types_relationships_and_xml_after_reopen ... ok
test web::package::transaction::transaction_tests::source_bound_noop_checks_source_and_inverse_before_returning_false ... ok
test web::tests::absent_feature_skips_the_bounded_full_graph_index ... ok
test web::tests::absent_snapshot_metadata_no_ops_do_not_create_a_snapshot ... ok
test web::tests::accepts_every_ct_blip_effect_kind_and_rejects_invalid_markup ... ok
test web::tests::accepts_mce_alternate_content_and_strict_relationship_attributes ... ok
test web::tests::aggregate_xml_and_retained_string_budgets_bound_put_and_load ... ok
test web::tests::authored_extension_lists_validate_namespace_placement_and_security ... ok
test web::tests::byte_identical_put_is_a_signature_preserving_no_op ... ok
test web::tests::case_equivalent_existing_parts_are_rejected_before_put_mutates ... ok
test web::tests::changed_shared_task_pane_part_is_rejected_without_mutation ... ok
test web::tests::checked_update_crud_covers_collections_metadata_and_all_ext_sites ... ok
test web::tests::conflicting_case_equivalent_snapshot_resources_are_rejected_atomically ... ok
test web::tests::custom_function_metadata_package_patch_is_exact_noop_inverse_and_stale_atomic ... ok
test web::tests::custom_function_metadata_rejects_wrong_namespaces_duplicates_and_missing_values ... ok
test web::tests::custom_function_metadata_respects_item_bounds ... ok
test web::tests::enforces_input_and_list_caps ... ok
test web::tests::explicit_limits_bound_both_put_and_load ... ok
test web::tests::file_references_require_an_atomic_nonempty_location ... ok
test web::tests::inherited_namespace_expansion_is_charged_before_fragment_retention ... ok
test web::tests::internal_linked_image_is_typed_and_round_trips ... ok
test web::tests::internal_web_relationship_targets_reject_queries_and_fragments ... ok
test web::tests::loads_local_omex_and_registry_fixtures_inertly ... ok
test web::tests::office_safe_parser_rejects_a_storeless_file_reference ... ok
test web::tests::package_and_authored_relationship_metadata_share_the_string_budget ... ok
test web::tests::package_crud_round_trips_embedded_and_linked_snapshots ... ok
test web::tests::package_crud_round_trips_every_inert_extension_list ... ok
test web::tests::package_graph_limits_bound_index_allocation_relationships_and_deletion ... ok
test web::tests::package_store_rejects_resource_mismatches_without_mutation ... ok
test web::tests::panes_edit_is_checked_canonical_and_transactional ... ok
test web::tests::panes_push_canonicalizes_equivalent_resources_within_one_pane ... ok
test web::tests::panes_push_rejects_conflicting_resources_within_one_pane_atomically ... ok
test web::tests::panes_push_rekeys_colliding_hidden_relationship_ids ... ok
test web::tests::parses_and_mutates_owexml_custom_function_metadata_inertly ... ok
test web::tests::part_name_allocation_probes_are_operation_wide ... ok
test web::tests::patch_rechecks_shared_graph_protection_before_mutation ... ok
test web::tests::patch_rejects_changed_root_and_part_before_mutation ... ok
test web::tests::patch_rejects_new_inbound_relationship_to_absent_destination ... ok
test web::tests::preserves_all_extension_list_sites_with_inherited_namespaces_and_mixed_content ... ok
test web::tests::put_patch_is_exact_reversible_and_arc_shared ... ok
test web::tests::rejects_dtd_bad_order_bad_store_and_nonfinite_width ... ok
test web::tests::rejects_external_wrong_content_type_and_dangling_package_graphs ... ok
test web::tests::rejects_invalid_snapshot_compression_and_effect_order ... ok
test web::tests::remove_patch_restores_exact_shared_parts ... ok
test web::tests::semantic_facade_authors_selects_and_removes_without_raw_ids ... ok
test web::tests::semantic_snapshot_authoring_rejects_bad_mime_and_uri_reference ... ok
test web::tests::shared_task_pane_ingress_protects_descendant_add_in ... ok
test web::tests::shared_task_pane_ingress_protects_descendant_image ... ok
test web::tests::snapshot_compression_and_effect_trees_round_trip ... ok
test web::tests::strict_writer_is_deterministic_and_round_trips ... ok
test xml::attributes::tests::a_duplicate_with_whitespace_in_its_value_is_skipped_whole ... ok
test xml::attributes::tests::a_tag_of_repeated_names_costs_n_log_n_comparisons ... ok
test xml::attributes::tests::an_attribute_glued_to_a_duplicate_is_not_lost ... ok
test xml::attributes::tests::count_up_to_stops_at_the_bound_and_ignores_duplicates ... ok
test xml::attributes::tests::duplicates_report_the_positions_the_checked_iterator_reports ... ok
test xml::attributes::tests::seen_names_switch_to_an_ordered_index_without_losing_names ... ok
test xml::attributes::tests::syntax_errors_pass_through ... ok
test xml::attributes::tests::well_formed_tags_yield_what_the_checked_iterator_yields ... ok
test xml::tests::duplicate_unqualified_attributes_are_rejected ... ok
test xml::tests::ncname_accepts_unicode_and_rejects_colons_or_invalid_starts ... ok
test xml::tests::omml_namespace_scan_silently_stops_at_malformed_attributes ... ok
test xml::tests::omml_tracker_matches_nsreader_on_event_and_namespace_adversaries ... ok
test xml::tests::omml_tracker_preserves_explicit_structural_bounds ... ok
test xml::tests::omml_tracker_preserves_malformed_token_and_unterminated_errors ... ok
test xml::tests::rejects_omml_structural_depth_over_bound ... ok
test xml::tests::rejects_unterminated_omml_without_emitting_partial_content ... ok
test xml::tests::scans_exact_transitional_and_strict_omml_ranges ... ok
test xml::tests::xsd_token_atom_collapses_only_schema_whitespace_without_allocating ... ok
test xml_name::tests::parses_and_writes_prefixed_and_unprefixed_qnames_without_duplicate_storage ... ok
test xml_name::tests::rejects_empty_parts_multiple_colons_and_invalid_starts ... ok
test xml_name::tests::validates_unicode_ncname_and_name_grammar ... ok
test spreadsheet_xml_maps::tests::source_patch_honors_relaxed_limits_above_default ... ok

test result: ok. 388 passed; 0 failed; 0 ignored; 0 measured; 0 filtered out; finished in 5.00s

     Running tests/core_properties.rs (/home/zhuhe/code/litchi-target-0780/quality/debug/deps/core_properties-057a024e02197258)

running 2 tests
test absent_core_properties_are_idempotent ... ok
test strict_core_properties_preserve_the_selected_graph ... ok

test result: ok. 2 passed; 0 failed; 0 ignored; 0 measured; 0 filtered out; finished in 0.00s

     Running tests/custom_data.rs (/home/zhuhe/code/litchi-target-0780/quality/debug/deps/custom_data-b0873aac01311933)

running 24 tests
test duplicate_required_attributes_and_direct_extension_owners_are_rejected ... ok
test empty_id_and_st_xstring_escape_round_trip_including_supplementary_scalar ... ok
test extension_grammar_accepts_transitional_sml_ext_optional_uri_and_one_wildcard ... ok
test extension_grammar_rejects_strict_sml_direct_ext ... ok
test extension_output_preflight_covers_shrink_and_empty_root_expansion ... ok
test extension_and_source_rewrite_limits_use_exact_output_boundaries ... ok
test full_documents_allow_bom_and_declaration_but_embedded_fragments_do_not ... ok
test identical_raw_extensions_keep_their_own_inherited_namespace_context ... ok
test extension_removal_removes_the_whole_opening_range_and_keeps_siblings ... ok
test lowered_limits_accept_exact_boundaries_and_reject_one_under ... ok
test inherited_bindings_cover_opaque_descendants_and_replacement_fragments ... ok
test malformed_extension_fragments_are_rejected_before_source_splice ... ok
test malformed_whole_documents_and_direct_container_grammar_fail_closed ... ok
test namespace_aliases_and_entity_escaped_uri_resolve_by_expanded_name ... ok
test non_xml_nbsp_is_not_accepted_as_container_whitespace ... ok
test parser_event_limit_is_exact_and_one_under_for_minimal_properties ... ok
test raw_less_than_in_attribute_values_is_rejected_but_escaped_less_than_is_valid ... ok
test reserved_namespace_bindings_and_empty_prefixed_bindings_are_rejected ... ok
test public_surface_accepts_schema_minimum_and_retains_opaque_extension_bytes ... ok
test scalar_semantic_noop_preserves_lexical_source_bytes ... ok
test source_uid_shrink_has_an_independent_output_ceiling ... ok
test source_validation_rejects_unbound_prefix_without_real_context ... ok
test source_rewrites_change_only_the_requested_root_id_or_extension_span ... ok
test uid_utf16_units_are_exact_for_one_supplementary_scalar ... ok

test result: ok. 24 passed; 0 failed; 0 ignored; 0 measured; 0 filtered out; finished in 0.01s

     Running tests/markup_compatibility.rs (/home/zhuhe/code/litchi-target-0780/quality/debug/deps/markup_compatibility-72f78e5d0d5cfac4)

running 1 test
test alternate_content_selects_the_fallback_branch ... ok

test result: ok. 1 passed; 0 failed; 0 ignored; 0 measured; 0 filtered out; finished in 0.00s

     Running tests/mce_namespace_search.rs (/home/zhuhe/code/litchi-target-0780/quality/debug/deps/mce_namespace_search-ff14c5ed12151ff3)

running 9 tests
test absent_namespace_bytes_are_borrowed_without_xml_or_utf8_validation ... ok
test every_namespace_byte_mutation_and_near_match_remain_borrowed ... ok
test exact_namespace_at_raw_boundaries_retains_parser_errors ... ok
test exact_namespace_occurrences_cross_search_boundary_offsets ... ok
test input_limit_precedes_output_limit_and_both_paths_report_exact_resources ... ok
test exact_namespace_occurrences_in_xml_contexts_enter_the_parser ... ok
test real_alternate_content_processing_still_selects_the_fallback ... ok
test repeated_namespace_occurrences_remain_owned_and_unmodified ... ok
test string_and_part_arc_wrappers_preserve_ownership_contract ... ok

test result: ok. 9 passed; 0 failed; 0 ignored; 0 measured; 0 filtered out; finished in 0.00s

     Running tests/ribbon.rs (/home/zhuhe/code/litchi-target-0780/quality/debug/deps/ribbon-0cc907127518e0eb)

running 4 tests
test rejects_a_root_that_does_not_match_its_relationship_family ... ok
test keeps_fixed_family_slots_with_modern_precedence ... ok
test updates_the_modern_family_in_place ... ok
test stores_borrows_and_roundtrips_local_ribbon_xml ... ok

test result: ok. 4 passed; 0 failed; 0 ignored; 0 measured; 0 filtered out; finished in 0.00s

     Running tests/web_extension_packages.rs (/home/zhuhe/code/litchi-target-0780/quality/debug/deps/web_extension_packages-95ddf95f1d26ef9b)

running 3 tests
test package_graph_discovers_local_task_panes_without_activation ... ok
test package_authoring_and_removal_round_trip_inert_task_panes ... ok
test public_web_facade_updates_and_round_trips_crud ... ok

test result: ok. 3 passed; 0 failed; 0 ignored; 0 measured; 0 filtered out; finished in 0.02s

     Running unittests src/lib.rs (/home/zhuhe/code/litchi-target-0780/quality/debug/deps/litchi_pptx-67bd4ae3b08b68a4)

running 815 tests
test actions::tests::classifies_reserved_powerpoint_action_values ... ok
test actions::tests::rejects_duplicate_relationship_attributes ... ok
test actions::tests::rejects_non_slide_roots ... ok
test actions::tests::scans_strict_click_and_hover_namespaces ... ok
test animations::codec::xml::parser::tests::processed_parser_accepts_transitional_namespace_without_timing ... ok
test animations::codec::xml::parser::tests::recursive_parser_preserves_strict_timing_snapshot ... ok
test animations::codec::xml::parser::tests::processed_parser_rejects_doctype ... ok
test animations::package::tests::package_layer_validates_chart_build_relationships_in_the_owner ... ok
test animations::tests::integration_tests::accepts_all_graphic_build_modes_tokens_and_schema_defaults ... ok
test animations::tests::integration_tests::accepts_every_diagram_build_enum_and_schema_defaults ... ok
test animations::tests::integration_tests::accepts_every_ole_chart_build_token_and_schema_defaults ... ok
test animations::tests::integration_tests::parses_and_canonicalizes_contextual_cancel_bubble_filter ... ok
test animations::tests::integration_tests::parses_bldp_schema_defaults_and_powerpoint_auto_advance_semantics ... ok
test animations::tests::integration_tests::parses_common_time_node_playback_controls ... ok
test animations::tests::integration_tests::parses_common_time_node_progression_controls ... ok
test animations::tests::integration_tests::parses_directional_preset_subtypes ... ok
test animations::tests::integration_tests::parses_exact_normalized_time_filter_pairs ... ok
test animations::tests::integration_tests::parses_preserves_and_canonicalizes_complete_paragraph_template_lists ... ok
test animations::tests::integration_tests::parses_preserves_and_writes_complete_diagram_build_grammar ... ok
test animations::tests::integration_tests::parses_preserves_and_writes_complete_graphic_chart_build ... ok
test animations::tests::integration_tests::parses_preserves_and_writes_complete_ole_chart_build_grammar ... ok
test animations::tests::integration_tests::parses_preserves_and_writes_paragraph_build_group_references ... ok
test animations::tests::integration_tests::parses_repeat_duration_sync_and_after_effect ... ok
test animations::tests::integration_tests::parses_typed_timing_metadata_from_slide ... ok
test animations::tests::integration_tests::preserves_indefinite_duration ... ok
test animations::tests::integration_tests::preserves_unsupported_timing_subtrees_until_typed_data_changes ... ok
test animations::tests::integration_tests::rejects_event_filter_outside_proven_triggered_sequence_context ... ok
test animations::tests::integration_tests::rejects_excessive_timing_depth ... ok
test animations::package::tests::host_scan_attribute_limit_counts_every_attribute ... ok
test animations::tests::integration_tests::rejects_hostile_invalid_and_non_chart_ole_builds ... ok
test animations::tests::integration_tests::rejects_hostile_graphic_build_grammar_namespaces_and_host_mismatches ... ok
test animations::tests::integration_tests::rejects_invalid_bldp_optional_attributes_and_cross_field_combinations ... ok
test animations::tests::integration_tests::rejects_invalid_diagram_builds_and_non_ole_or_spoofed_targets ... ok
test animations::tests::integration_tests::rejects_invalid_playback_control_values ... ok
test animations::tests::integration_tests::rejects_invalid_progression_control_values ... ok
test animations::tests::integration_tests::rejects_invalid_repeat_duration_sync_and_after_effect ... ok
test animations::tests::integration_tests::rejects_invalid_paragraph_template_cardinality_levels_order_and_namespaces ... ok
test animations::tests::integration_tests::rejects_malformed_missing_duplicate_spoofed_and_off_slide_targets ... ok
test animations::tests::integration_tests::rejects_malformed_dangling_duplicate_or_off_slide_build_groups ... ok
test animations::tests::integration_tests::round_trips_complete_typed_bldp_optional_attribute_grammar ... ok
test animations::tests::integration_tests::test_animation_effect_preset ... ok
test animations::tests::integration_tests::rejects_malformed_out_of_range_or_unordered_time_filters ... ok
test animations::tests::integration_tests::test_animation_sequence ... ok
test animations::tests::integration_tests::validates_programmatic_build_group_membership_and_targets ... ok
test animations::tests::integration_tests::validates_programmatic_diagram_build_groups_targets_and_duplicates ... ok
test animations::tests::integration_tests::validates_programmatic_graphic_builds_and_combined_build_boundary ... ok
test animations::tests::integration_tests::validates_programmatic_ole_chart_builds_and_combined_boundary ... ok
test animations::tests::integration_tests::validates_programmatic_paragraph_build_cross_field_constraints ... ok
test animations::tests::integration_tests::validates_programmatic_paragraph_template_fragments_and_constraints ... ok
test animations::tests::recursive_timing_tests::parses_and_writes_media_bookmark_condition_targets ... ok
test animations::tests::recursive_timing_tests::parses_and_writes_preset_bounce_end ... ok
test animations::tests::recursive_timing_tests::preserves_nested_presets_and_ordered_conditions ... ok
test animations::tests::integration_tests::writes_typed_interactive_context_and_validates_trigger_shape ... ok
test animations::tests::recursive_timing_tests::rejects_excessive_recursive_depth ... ok
test animations::tests::recursive_timing_tests::rejects_malformed_common_time_node_id ... ok
test backgrounds::tests::crowded_background_attributes_are_read_first_wins ... ok
test backgrounds::tests::duplicate_background_attributes_keep_their_first_occurrence ... ok
test backgrounds::tests::gradient_xml_round_trips_fixed_positions_and_angle ... ok
test backgrounds::tests::gradient_xml_round_trips_inclusive_position_and_angle_bounds ... ok
test backgrounds::tests::malformed_background_xml_is_rejected ... ok
test backgrounds::tests::pattern_xml_tokens_and_colors_round_trip ... ok
test backgrounds::tests::picture_xml_keeps_relationship_and_borrows_image_data ... ok
test backgrounds::tests::test_gradient_background ... ok
test backgrounds::tests::test_solid_background ... ok
test backgrounds::tests::test_solid_background_xml ... ok
test change_tracking::tests::detached_edit_round_trips_compact_identifiers_and_inverse ... ok
test change_tracking::tests::duplicate_shape_modification_ids_are_refused_before_commit ... ok
test change_tracking::tests::empty_element_expansion_does_not_emit_indentation_or_extra_spaces ... ok
test change_tracking::tests::facade_publishes_and_reverses_exact_source_checked_commit ... ok
test change_tracking::tests::malformed_producer_duplicates_remain_readable_and_repairable_by_position ... ok
test change_tracking::tests::real_powerpoint_fixture_exposes_bounded_change_tracking_state ... ok
test change_tracking::tests::strict_aliases_round_trip_without_transitional_namespace_leakage ... ok
test change_tracking::tests::unknown_extensions_survive_identifier_add_and_remove_byte_exact ... ok
test chart::codec::tests::bubble_chart_writes_all_three_numeric_dimensions ... ok
test chart::codec::tests::chart_formulas_reference_real_workbook_ranges ... ok
test chart::codec::tests::chart_info_distinguishes_column_and_decodes_title ... ok
test chart::codec::tests::chart_info_uses_first_plot_in_combination_chart ... ok
test chart::codec::tests::declared_chart_types_are_not_downgraded_to_columns ... ok
test chart::codec::tests::doughnut_xml_is_balanced_and_relationship_ids_are_escaped ... ok
test chart::codec::tests::empty_title_does_not_capture_later_text ... ok
test chart::codec::tests::invalid_specialized_chart_data_is_rejected ... ok
test chart::codec::tests::malformed_chart_info_is_rejected ... ok
test chart::codec::tests::strict_cached_titles_and_foreign_lookalikes_are_supported ... ok
test chart::codec::tests::surface_chart_writes_its_series_axis ... ok
test chart::codec::tests::test_chart_data ... ok
test chart::codec::tests::test_chart_series ... ok
test chart::codec::tests::test_encode ... ok
test chart::extension::codec::tests::applies_chart_print_defaults ... ok
test chart::extension::codec::tests::applies_title_legend_defaults_and_accepts_mp_feature_offsets ... ok
test chart::extension::codec::tests::parses_producer_core_and_preserves_round_trip ... ok
test chart::extension::codec::tests::parses_strict_rich_series_text_as_bounded_inert_drawingml ... ok
test chart::extension::codec::tests::rejects_auto_update_external_missing_wrong_type_and_ambiguous_targets ... ok
test chart::extension::codec::tests::rejects_hostile_geography_cache_grammar_and_bounds ... ok
test chart::extension::codec::tests::rejects_hostile_schema_and_resource_cases ... ok
test chart::extension::codec::tests::rejects_invalid_axis_title_units_gridlines_ticks_and_formatting ... ok
test chart::extension::codec::tests::rejects_invalid_chart_title_legend_and_offset_grammar ... ok
test chart::extension::codec::tests::rejects_invalid_dimension_choices_points_and_series_references ... ok
test chart::extension::codec::tests::rejects_invalid_layout_axes_scaling_and_plot_surface_grammar ... ok
test animations::tests::recursive_timing_tests::rejects_excessive_node_count ... ok
test chart::extension::codec::tests::rejects_invalid_series_formatting_colors_points_and_labels ... ok
test chart::extension::codec::tests::validates_inert_package_relationships_without_opening_targets ... ok
test comments::collaboration::codec::tests::a_start_tag_with_many_attributes_is_scanned_in_one_pass ... ok
test comments::collaboration::codec::tests::attribute_spans_answer_what_a_scan_from_the_tag_start_answers ... ok
test comments::collaboration::tests::active_foreign_payload_children_are_rejected_but_inactive_mce_children_are_ignored ... ok
test chart::extension::codec::tests::rejects_invalid_plot_and_chart_space_formatting_and_print_settings ... ok
test comments::collaboration::tests::exact_noops_keep_source_and_insert_remove_round_trip ... ok
test comments::collaboration::tests::mce_choice_is_typed_while_fallback_bytes_remain_opaque ... ok
test comments::collaboration::tests::escaped_replacement_size_is_rejected_before_serialization ... ok
test comments::collaboration::tests::package_graph_loads_and_publishes_both_extension_owners_atomically ... ok
test comments::collaboration::tests::package_graph_rejects_query_and_fragment_on_recognized_relationships ... ok
test comments::collaboration::tests::presence_reads_required_fields_and_preserves_source_on_edit_and_inverse ... ok
test comments::collaboration::tests::oversized_source_preserving_edit_is_rejected_before_output_allocation ... ok
test comments::collaboration::tests::presence_values_reject_xml_10_forbidden_noncharacters_before_output ... ok
test comments::collaboration::tests::required_fields_duplicate_payloads_and_wrong_namespaces_fail_closed ... ok
test comments::collaboration::tests::supported_mce_choice_with_another_extension_leaves_fallback_presence_opaque ... ok
test comments::collaboration::tests::threading_new_parent_uses_a_bound_generated_namespace ... ok
test comments::collaboration::tests::threading_reads_parent_and_updates_optional_fields_without_normalizing_source ... ok
test comments::collaboration::tests::threading_self_closing_joint_update_coalesces_attribute_and_child_edits ... ok
test comments::collaboration::tests::threading_self_closing_joint_update_reuses_payload_namespace_alias ... ok
test comments::package::tests::mce_fallback_is_selected ... ok
test comments::package::tests::package_writer_round_trips_strict_graph ... ok
test comments::package::tests::rejects_graph_and_reference_errors ... ok
test comments::package::tests::loads_poi_and_libreoffice_reference_packages ... ok
test comments::package::tests::strict_writers_are_deterministic_and_round_trip ... ok
test font::automatic::tests::merges_a_deterministic_powerpoint_face_without_discovery ... ok
test font::tests::descriptor_root_order_and_unicode_relationship_ids_are_checked ... ok
test font::tests::font_list_crud_edits_only_the_active_direct_mce_branch ... ok
test font::tests::fresh_font_containers_are_structurally_checked ... ok
test font::tests::fs_type_is_compact_and_validated ... ok
test font::tests::generated_crud_allocates_collisions_and_preserves_unknown_xml_atomically ... ok
test font::tests::loads_libreoffice_and_poi_reference_packages ... ok
test font::tests::malformed_unicode_duplicates_remain_numerically_repairable ... ok
test font::tests::noncanonical_targets_and_every_main_profile_round_trip ... ok
test font::tests::package_writer_round_trips_strict_graph_and_schema_position ... ok
test font::tests::pitch_charset_zero_face_and_mixed_dialects_are_checked ... ok
test font::tests::present_empty_and_loaded_false_flag_round_trip_exactly ... ok
test font::tests::rejected_collection_edits_leave_indexes_and_order_unchanged ... ok
test font::tests::rejects_external_orphan_and_outbound_graphs ... ok
test font::tests::rejects_malformed_xml_duplicates_and_caps ... ok
test font::tests::shared_font_parts_survive_face_removal_and_reject_other_owners ... ok
test font::tests::strict_xml_round_trip_and_mce_fallback ... ok
test font::tests::typed_metadata_can_be_cleared_without_rebuilding_the_font ... ok
test format::image::tests::detects_supported_magic_numbers_without_reading_payloads ... ok
test format::image::tests::exposes_stable_relationship_metadata ... ok
test hyperlinks::tests::constructors_and_codec_keep_target_contexts_distinct ... ok
test hyperlinks::tests::parser_rejects_unbounded_target_and_tooltip_inputs ... ok
test laser::codec::tests::rejects_malformed_laser_trace_points ... ok
test laser::codec::tests::scans_laser_traces_through_markup_compatibility ... ok
test laser::codec::tests::writer_preserves_the_selected_presentation_dialect ... ok
test laser::package::tests::package_writer_owns_empty_and_existing_extension_lists ... ok
test laser::package::tests::package_writer_preserves_strict_dialect_and_rejects_replacement ... ok
test comments::package::tests::rejects_malformed_xml_and_enforces_caps ... ok
test master_layout::tests::authored_crlf_names_and_text_round_trip_through_numeric_references ... ok
test master_layout::tests::authored_layout_attaches_to_default_master ... ok
test master_layout::tests::authored_master_and_layouts_roundtrip_through_read_side ... ok
test master_layout::tests::authored_parts_serialize_deterministically ... ok
test master_layout::tests::deferred_graph_failure_rolls_back_master_and_layout_authoring ... ok
test master_layout::tests::deferred_theme_fallback_is_forced_before_master_authoring ... ok
test master_layout::tests::invalid_references_are_rejected ... ok
test master_layout::tests::master_ids_are_unique_across_multiple_adds ... ok
test master_layout::tests::p232_legacy_facade_accepts_token_uri_whitespace_without_rewriting_it ... ok
test master_layout::tests::p232_legacy_facade_flushes_new_slides_before_preflight_and_retires_writer ... ok
test master_layout::tests::p232_legacy_facade_preflights_validation_and_preserves_noop_blob_sharing ... ok
test master_layout::tests::p232_noop_is_byte_stable_and_signature_policy_is_explicit ... ok
test master_layout::tests::p232_patch_rejects_stale_source_and_growth_before_staging ... ok
test master_layout::tests::p232_scalar_patch_preserves_an_inherited_alias_and_lexical_owner_bytes ... ok
test master_layout::tests::p232_scalar_patch_preserves_unknown_shape_bytes_and_inverse ... ok
test master_layout::tests::p232_scalar_patch_updates_explicit_end_tag_without_touching_opaque_siblings ... ok
test master_layout::tests::p232_slot_add_remove_preserves_shape_bytes_and_inverse ... ok
test master_layout::tests::p232_slot_add_targets_selected_shape_when_another_shape_has_ext_lst ... ok
test master_layout::tests::p232_slot_rejects_mce_rewritten_owner_before_mutation ... ok
test master_layout::tests::p232_slot_remove_inverse_restores_lexical_owner_with_opaque_variant_sibling ... ok
test master_layout::tests::p232_source_store_preserves_unknown_shape_bytes_on_slide_and_master ... ok
test master_layout::tests::p232_source_store_replaces_all_drawingml_text_runs ... ok
test master_layout::tests::remove_empty_layout_keeps_graph_consistent ... ok
test master_layout::tests::remove_layout_rejects_slide_references ... ok
test media_parts::tests::bookmark_uniqueness_compares_represented_time ... ok
test media_parts::tests::escaped_media_output_is_preflighted_against_a_typed_budget ... ok
test media_parts::tests::loads_poi_audio_and_video_resources_without_decoding ... ok
test media_parts::tests::many_distinct_attributes_parse_and_expanded_duplicates_stay_refused ... ok
test media_parts::tests::mce_fallback_selects_supported_media_picture ... ok
test media_parts::tests::media_output_budget_is_aggregate_across_pictures ... ok
test media_parts::tests::media_transform_construction_and_parsing_enforce_boundaries ... ok
test media_parts::tests::media_transform_round_trips_coordinate_offsets_and_integer_extents ... ok
test media_parts::tests::non_image_resource_requires_typed_media_kind ... ok
test media_parts::tests::opaque_media_extension_constructor_is_bounded_and_typed ... ok
test media_parts::tests::opaque_media_extensions_round_trip_canonically ... ok
test media_parts::tests::rejects_duplicate_and_misordered_media_children ... ok
test media_parts::tests::rejects_malformed_markup_caps_and_package_graphs ... ok
test media_parts::tests::repeated_media_targets_share_one_immutable_payload_allocation ... ok
test media_parts::tests::strict_xml_round_trip_covers_typed_extension_properties ... ok
test media_parts::tests::transitional_package_writer_round_trips_complete_graph ... ok
test media_parts::tests::trim_and_fade_preserve_absence_and_explicit_zero ... ok
test model3d::tests::codec_rejects_an_incomplete_model_sequence ... ok
test model3d::tests::data_rejects_an_unbounded_payload ... ok
test modern_comments::tests::author_tests::author_and_comment_package_graph_round_trip_and_resolve ... ok
test modern_comments::tests::author_tests::loads_open_xml_sdk_shaped_author_specimen ... ok
test modern_comments::tests::author_tests::rejects_author_package_graphs_and_failed_store_is_atomic ... ok
test modern_comments::tests::author_tests::rejects_hostile_author_grammar_and_unresolved_modeled_references ... ok
test modern_comments::tests::comment_tests::loads_microsoft_open_xml_sdk_documentation_specimen ... ok
test modern_comments::tests::comment_tests::package_round_trip_keeps_monikers_replies_and_extensions_inert ... ok
test modern_comments::tests::comment_tests::progress_is_bounded_typed_and_written_in_office_units ... ok
test modern_comments::tests::comment_tests::rejects_hostile_or_schema_invalid_comment_xml ... ok
test modern_comments::tests::comment_tests::rejects_invalid_package_graphs_and_failed_store_is_atomic ... ok
test modern_comments::tests::comment_tests::typed_payload_inherits_the_extension_entry_namespace_scope ... ok
test modern_comments::tests::comment_tests::typed_reaction_extensions_retain_their_namespace_through_comment_reparse ... ok
test modern_comments::tests::semantic_facade_uses_contextual_names ... ok
test notes::codec::tests::processed_root_classification_keeps_generic_failure_masking_and_limits ... ok
test notes::codec::tests::processed_root_classification_matches_raw_transitional_and_strict_retry ... ok
test notes::codec::tests::the_borrowed_scanner_matches_the_buffered_oracle_on_handcrafted_and_mutated_xml ... ok
test master_layout::tests::authored_layout_accepts_exact_part_limit_and_rejects_one_byte_over ... ok
test notes::package::slide_root_proof_tests::root_proof_requires_exact_source_identity_and_falls_back_safely ... ok
test notes::tests::consuming_put_moves_changed_xml_and_preserves_signed_no_ops ... ok
test notes::tests::every_presentation_main_profile_accepts_the_same_notes_graph ... ok
test notes::tests::malformed_graph_rejects_clear_before_mutation ... ok
test notes::tests::notes_master_template_is_canonical_and_deterministic ... ok
test notes::tests::plain_text_writer_escapes_and_rejects_invalid_xml ... ok
test notes::tests::poi_and_libreoffice_notes_graphs_load_and_store_deterministically ... ok
test notes::tests::rejects_external_wrong_root_outbound_orphan_and_caps_before_mutation ... ok
test notes::tests::removal_uses_the_actual_stored_part_name_after_case_folded_lookup ... ok
test notes::tests::source_bound_removal_rejects_a_stale_bypass_atomically ... ok
test notes::tests::source_checked_text_edit_preserves_opaque_xml_and_relationships ... ok
test notes::tests::source_checked_transaction_inverse_restores_master_and_theme ... ok
test notes::tests::source_checked_transaction_no_op_is_byte_stable ... ok
test notes::tests::source_checked_transaction_rejects_stale_source_atomically ... ok
test notes::tests::strict_and_transitional_notes_removal_is_idempotent ... ok
test notes::tests::strict_mce_graph_round_trips_and_projects_text ... ok
test notes::tests::strict_text_writer_validates_and_round_trips_replacement ... ok
test notes::tests::unexpected_inbound_edge_rejects_removal_before_mutation ... ok
test opened::cross_copy_plan::bounded_writer_tests::bounded_writer_allows_empty_write_after_reaching_the_limit ... ok
test opened::cross_copy_plan::bounded_writer_tests::bounded_writer_allows_empty_write_at_zero_limit ... ok
test opened::cross_copy_plan::bounded_writer_tests::bounded_writer_digests_exactly_the_accepted_bytes ... ok
test opened::cross_copy_plan::bounded_writer_tests::bounded_writer_into_bytes_allows_an_empty_archive ... ok
test opened::cross_copy_plan::bounded_writer_tests::bounded_writer_into_bytes_copies_when_spare_capacity_exists ... ok
test opened::cross_copy_plan::bounded_writer_tests::bounded_writer_into_bytes_reuses_an_exact_buffer ... ok
test opened::cross_copy_plan::bounded_writer_tests::bounded_writer_keeps_successful_storage_within_the_limit ... ok
test opened::cross_copy_plan::bounded_writer_tests::bounded_writer_rejects_an_oversized_first_write_without_allocation ... ok
test opened::cross_copy_plan::bounded_writer_tests::bounded_writer_rejects_before_reserving_and_keeps_prefix ... ok
test opened::cross_copy_plan::digest_reuse_tests::every_patch_revision_output_and_refusal_matches_the_base ... ok
test opened::cross_copy_plan::digest_reuse_tests::print_the_golden_transcript ... ignored, prints the golden transcript; run explicitly
test opened::cross_copy_plan::mce_retention_intersection_preserves_the_tighter_policy_in_both_orders ... ok
test opened::cross_copy_plan::media_transfer_tests::a_byte_identical_modified_destination_accepts_the_same_copy ... ok
test opened::cross_copy_plan::media_transfer_tests::a_member_padded_with_empty_stored_blocks_is_recompressed ... ok
test opened::cross_copy_plan::media_transfer_tests::a_member_with_bytes_after_its_final_block_keeps_the_recompressing_route ... ok
test notes::codec::tests::the_borrowed_scanner_matches_the_buffered_oracle_on_the_pptx_corpus ... ok
test opened::cross_copy_plan::media_transfer_tests::a_modified_source_lends_the_members_it_publishes ... ok
test opened::cross_copy_plan::media_transfer_tests::a_published_candidate_lends_its_media_to_a_further_copy ... ok
test opened::cross_copy_plan::media_transfer_tests::a_package_whose_limits_refuse_its_re_read_records_the_recompressing_route ... ok
test opened::cross_copy_plan::media_transfer_tests::a_stored_compressible_image_is_transferred_stored ... ok
test opened::cross_copy_plan::media_transfer_tests::a_tampered_encoding_byte_is_refused ... ok
test opened::cross_copy_plan::media_transfer_tests::a_source_member_whose_local_header_disagrees_keeps_the_recompressing_route ... ok
test opened::cross_copy_plan::media_transfer_tests::a_transferring_copy_is_refused_by_a_destination_with_a_caller_defined_part ... ok
test opened::cross_copy_plan::media_transfer_tests::an_svg_picture_is_still_refused_before_any_encoding_is_chosen ... ok
test opened::cross_copy_plan::media_transfer_tests::a_transferring_copy_into_a_modified_destination_keeps_its_save_options ... ok
test opened::cross_copy_plan::media_transfer_tests::copied_images_carry_their_source_compressed_span_in_fresh_framing ... ok
test opened::cross_copy_plan::media_transfer_tests::captures_that_do_not_fit_record_the_recompressing_route ... ok
test opened::cross_copy_plan::media_transfer_tests::legacy_lpcp0003_patches_are_refused_by_name ... ok
test opened::cross_copy_plan::media_transfer_tests::only_relationship_free_non_xml_images_are_transferable_media ... ok
test opened::cross_copy_plan::media_transfer_tests::copies_into_a_destination_with_a_caller_defined_part_keep_its_behavior ... ok
test opened::cross_copy_plan::media_transfer_tests::plain_copies_record_the_recompressed_encoding ... ok
test opened::cross_copy_plan::media_transfer_tests::retained_released_and_durable_outputs_are_byte_identical ... ok
test opened::cross_copy_plan::media_transfer_tests::redo_after_undo_publishes_the_first_copy_again ... ok
test opened::cross_copy_plan::media_transfer_tests::the_inverse_of_a_transferring_copy_applies_to_a_modified_destination ... ok
test opened::cross_copy_plan::memo_path_tests::a_capture_fills_the_facade_memo_and_the_next_capture_reuses_it ... ok
test opened::cross_copy_plan::memo_path_tests::a_capture_memo_is_projected_onto_the_facade_allocations ... ok
test opened::cross_copy_plan::media_transfer_tests::stale_and_foreign_sources_are_refused_and_a_reprovenanced_one_is_not ... ok
test opened::cross_copy_plan::memo_path_tests::an_application_hashes_only_payloads_no_memo_names ... ok
test opened::cross_copy_plan::memo_path_tests::an_application_without_facade_memos_hashes_the_live_packages_once ... ok
test opened::cross_copy_plan::memo_path_tests::an_exact_source_seals_its_bound_digest_and_keeps_the_bound ... ok
test opened::cross_copy_plan::memo_path_tests::planning_hashes_only_payloads_no_snapshot_holds ... ok
test opened::cross_copy_plan::memo_path_tests::durable_patch_routes_consult_the_memos ... ok
test opened::cross_copy_plan::retention_tests::a_candidate_above_the_budget_falls_back_to_the_rebuild ... ok
test opened::cross_copy_plan::retention_tests::a_dirty_planning_destination_and_a_clean_applying_one_agree ... ok
test opened::cross_copy_plan::retention_tests::a_plan_retains_the_archive_its_application_publishes ... ok
test opened::cross_copy_plan::retention_tests::a_substituted_retained_archive_trips_the_debug_assertion - should panic ... ok
test opened::cross_copy_plan::retention_tests::debug_does_not_print_the_retained_archive ... ok
test opened::cross_copy_plan::retention_tests::releasing_and_dropping_return_the_retained_bytes ... ok
test opened::cross_copy_plan::retention_tests::retention_changes_no_apply_verdict ... ok
test opened::cross_copy_plan::retention_tests::the_retention_path_never_spills ... ok
test opened::cross_copy_plan::retention_tests::the_durable_patch_is_untouched_by_retention ... ok
test opened::cross_copy_plan::revision_cache_tests::candidate_physical_revision_without_a_known_value_recomputes ... ok
test opened::cross_copy_plan::retention_tests::the_tighter_retained_candidate_budget_binds ... ok
test opened::cross_copy_plan::revision_cache_tests::rebound_snapshot_starts_an_empty_physical_revision_cache ... ok
test opened::cross_copy_plan::revision_cache_tests::planned_and_published_revisions_equal_fresh_serializations ... ok
test opened::cross_copy_plan::revision_cache_tests::snapshot_physical_revision_caches_the_freshly_computed_value ... ok
test opened::cross_copy_plan::revision_cache_tests::snapshot_physical_revision_is_keyed_by_the_archive_bound ... ok
test opened::mce_retention_tests::a_cache_hit_adds_no_blob_or_blob_arc_observations_over_the_uncached_route ... ok
test opened::mce_retention_tests::a_clone_shares_outputs_release_is_local_and_drop_does_not_evict_the_original ... ok
test opened::mce_retention_tests::a_failed_optional_table_reservation_releases_both_candidate_owners ... ok
test opened::mce_retention_tests::a_notes_edit_runs_notes_validation_while_unchanged_slide_outputs_hit ... ok
test opened::mce_retention_tests::a_root_relationship_edit_runs_capture_validation_while_slide_outputs_hit ... ok
test opened::mce_retention_tests::changed_content_type_on_an_unchanged_raw_slide_remains_a_typed_refusal ... ok
test opened::mce_retention_tests::changed_notes_root_remains_a_typed_refusal_while_slides_are_cache_hits ... ok
test opened::mce_retention_tests::changed_root_relationship_metadata_remains_a_typed_refusal_on_slide_cache_hits ... ok
test opened::mce_retention_tests::checked_retention_charge_rejects_entry_and_output_overflow ... ok
test opened::cross_copy_plan::revision_cache_tests::warm_snapshot_caches_do_not_hide_a_stale_source_or_destination ... ok
test opened::mce_retention_tests::disabled_retention_keeps_the_same_snapshot_semantics_without_owned_outputs ... ok
test opened::mce_retention_tests::foreign_blob_arc_and_clone_allocations_cannot_pin_or_answer_for_foreign_payloads ... ok
test opened::mce_retention_tests::fresh_captures_are_equal_but_snapshot_local_retention_is_not_a_global_cache ... ok
test opened::mce_retention_tests::marker_free_slides_never_create_a_retained_mce_projection ... ok
test opened::mce_retention_tests::no_op_commit_returns_the_same_retained_snapshot_and_publication_preserves_it ... ok
test opened::mce_retention_tests::malformed_root_name_and_notes_inputs_keep_typed_refusal_precedence ... ok
test opened::mce_retention_tests::rebound_drops_unproven_foreign_owners ... ok
test opened::mce_retention_tests::one_edit_misses_the_changed_slide_but_shares_the_untouched_slide_through_publication ... ok
test opened::mce_retention_tests::rebound_keeps_a_package_owned_allocation_but_new_equal_slide_bytes_miss ... ok
test opened::mce_retention_tests::retained_bytes_are_aggregate_capacity_and_metadata_and_partial_admission_is_a_fallback ... ok
test opened::mce_retention_tests::the_retention_policy_defaults_to_one_mib_and_zero_disables_only_mce_retention ... ok
test opened::mce_retention_tests::the_exact_observed_budget_fits_and_one_byte_below_falls_back_without_refusal ... ok
test opened::mce_retention_tests::tiny_ceilings_and_maximum_usize_are_fallbacks_or_successes_never_refusals ... ok
test opened::mce_retention_tests::transaction_and_commit_release_hooks_are_value_preserving ... ok
test opened::patch::mce_retention_intersection_preserves_the_tighter_policy_in_both_orders ... ok
test opened::slide_root_memo_tests::a_capture_proves_one_classification_per_slide_it_scanned ... ok
test opened::mce_retention_tests::two_edits_keep_the_previous_unchanged_output_and_miss_each_newly_changed_slide ... ok
test opened::slide_root_memo_tests::a_foreign_arc_that_does_not_alias_its_payload_is_never_memoized_or_pinned ... ok
test opened::slide_root_memo_tests::a_memo_hit_adds_no_payload_observation_over_a_plain_recapture ... ok
test opened::slide_root_memo_tests::a_memo_is_built_or_projected_and_never_mutated ... ok
test opened::slide_root_memo_tests::a_new_allocation_with_equal_bytes_is_a_miss_not_a_hit ... ok
test opened::slide_root_memo_tests::a_no_op_commit_and_an_all_slide_commit_keep_their_exact_meaning ... ok
test opened::slide_root_memo_tests::a_one_slide_commit_rescans_only_the_rewritten_slide_and_equals_a_cold_capture ... ok
test opened::slide_root_memo_tests::a_planted_wrong_classification_is_caught_by_the_re_derivation - should panic ... ok
test opened::slide_root_memo_tests::a_published_snapshot_keeps_classifications_only_for_its_own_allocations ... ok
test opened::slide_root_memo_tests::a_rebind_projects_the_memo_and_never_inherits_a_moved_allocation ... ok
test opened::slide_root_memo_tests::a_refused_projection_is_an_empty_memo_like_the_digest_projection ... ok
test opened::slide_root_memo_tests::a_refused_memo_reservation_is_a_typed_allocation_error_and_leaves_no_partial_snapshot ... ok
test opened::slide_root_memo_tests::an_entry_holds_its_allocation_strongly_so_its_key_cannot_be_recycled ... ok
test opened::slide_root_memo_tests::a_shared_allocation_hits_under_another_part_name_and_equals_plain_and_cold ... ok
test opened::slide_root_memo_tests::every_entry_names_an_allocation_its_snapshots_package_holds ... ok
test opened::slide_root_memo_tests::from_records_admits_only_owned_aliasing_successful_classifications ... ok
test opened::slide_root_memo_tests::every_hit_is_re_derived_in_debug_builds ... ok
test opened::slide_root_memo_tests::published_bytes_patches_and_revisions_never_depend_on_memo_contents ... ok
test opened::slide_root_memo_tests::the_facade_retains_no_slide_root_memo ... ok
test opened::slide_root_memo_tests::the_memo_costs_one_32_byte_entry_per_captured_slide ... ok
test opened::slide_root_memo_tests::the_memo_never_turns_a_refusal_into_a_success ... ok
test opened::slide_root_memo_tests::the_notes_owning_deck_reuses_proofs_and_keeps_its_notes_graph ... ok
test opened::tests::a_mismatched_blob_arc_part_is_never_memoized ... ok
test opened::tests::a_superseded_cross_slide_copy_patch_is_refused_by_name ... ok
test opened::tests::a_superseded_slide_removal_patch_is_refused_by_name ... ok
test opened::tests::atomic_shape_text_batch_composes_in_one_opened_transaction ... ok
test opened::tests::capture_projection_keeps_first_name_error_bounded_and_ordered ... ok
test opened::tests::capture_projection_keeps_notes_validation_after_slide_identity_and_names ... ok
test opened::tests::capture_projection_matches_legacy_across_conformance_names_and_mce ... ok
test opened::tests::capture_projection_preserves_relationship_and_part_identity_error_order ... ok
test opened::tests::capture_projection_preserves_root_and_catalog_error_precedence ... ok
test opened::tests::commit_publication_captures_a_package_that_drifted_outside_the_write_set ... ok
test opened::tests::commit_rehashes_a_package_whose_unsign_strips_signature_bytes ... ok
test opened::tests::commit_revision_binds_the_staged_package_without_a_signature_graph ... ok
test opened::tests::composes_order_shape_and_notes_in_one_durable_inverse_commit ... ok
test opened::tests::cross_slide_copy_authorizes_known_noncanonical_source_archives ... ok
test opened::tests::cross_slide_copy_is_source_exact_reversible_and_reopens ... ok
test opened::tests::cross_slide_copy_preserves_noncanonical_destination_members_and_live_inverse ... ok
test opened::tests::cross_slide_copy_preserves_private_closure_and_inert_external_targets ... ok
test opened::tests::cross_slide_copy_refuses_mixed_strict_and_transitional_packages_both_directions ... ok
test opened::tests::cross_slide_copy_refuses_policy_surfaces_before_destination_mutation ... ok
test opened::tests::cross_slide_copy_refuses_slide_name_and_unknown_physical_collisions ... ok
test opened::tests::cross_slide_copy_rejects_layout_mismatch_and_stale_or_forged_publication ... ok
test opened::tests::disjoint_new_shape_and_modern_comment_changes_merge_automatically ... ok
test opened::tests::disjoint_patches_join_and_same_part_edits_conflict ... ok
test opened::tests::durable_decoder_and_history_enforce_finite_bounds ... ok
test opened::tests::general_shapes_picture_parts_and_modern_extensions_are_atomic_and_reversible ... ok
test opened::tests::grouped_connector_transfer_remaps_identity_closure_and_is_durable ... ok
test opened::tests::memoized_recapture_equals_a_cold_recapture ... ok
test opened::tests::notes_capture_matrix_accepts_strict_mce_and_rejects_mixed_slide_conformance ... ok
test opened::tests::notes_capture_matrix_does_not_cross_contaminate_immutable_package_sources ... ok
test opened::tests::notes_capture_matrix_falls_back_when_notes_inventory_has_a_foreign_sld_id ... ok
test opened::tests::notes_capture_matrix_keeps_the_16m_notes_root_limit_distinct_from_the_64m_part_limit ... ok
test opened::tests::notes_capture_matrix_preserves_name_root_and_notes_error_order ... ok
test opened::tests::notes_snapshot_proofs_fall_back_for_reordered_equal_length_sources ... ok
test opened::tests::one_opened_transaction_spans_complex_ordinary_domains_and_full_reopen ... ok
test opened::tests::opened_slide_name_index_preserves_ambiguity ... ok
test opened::tests::opened_slide_name_index_preserves_identity_after_reorder ... ok
test opened::tests::opened_transaction_does_not_upgrade_borrowed_physical_provenance ... ok
test opened::tests::packages_equal_tracks_every_fingerprint_input ... ok
test opened::tests::part_digest_memo_resident_bytes ... ok
test opened::tests::picture_shape_transfer_copies_relationship_closure_and_remaps_identity ... ok
test opened::tests::published_commit_snapshot_equals_a_fresh_capture ... ok
test opened::tests::real_complex_chart_deck_survives_transaction_and_full_reopen ... ok
test opened::tests::real_powerpoint_fixture_round_trips_an_exact_no_op ... ok
test opened::tests::revision_v2_preserves_every_pairwise_verdict_of_v1 ... ok
test opened::slide_root_memo_tests::memo_assisted_recaptures_equal_plain_ones_over_the_pptx_corpus ... ok
test opened::tests::slide_copy_application_refuses_result_limit_and_nonempty_slide_id ... ok
test opened::tests::slide_copy_application_refuses_stale_complete_graph ... ok
test opened::tests::slide_copy_plan_accepts_the_strict_shared_layout_boundary ... ok
test opened::tests::slide_copy_plan_applies_atomically_rewrites_ownership_and_reopens ... ok
test opened::tests::slide_copy_plan_is_bounded_deterministic_and_non_publishing ... ok
test opened::tests::slide_copy_plan_refuses_cycles_and_unknown_internal_relationships ... ok
test opened::tests::slide_copy_plan_refuses_global_tables_and_enforces_closure_limits ... ok
test opened::tests::slide_copy_plan_refuses_shared_owners_mce_protection_and_signatures ... ok
test opened::tests::slide_copy_plan_reuses_only_a_registered_layout ... ok
test opened::tests::slide_copy_plan_validates_owned_xml_and_external_topology ... ok
test opened::tests::slide_removal_and_dependency_transfer_are_durable_and_reversible ... ok
test opened::tests::slide_removal_plan_handles_first_middle_and_last_durably ... ok
test opened::tests::slide_removal_plan_refuses_dependencies_shared_owners_and_hostile_layouts ... ok
test opened::tests::slide_removal_plan_refuses_policy_surfaces_bounds_and_stale_graphs ... ok
test opened::tests::stale_and_unsupported_raw_xml_fail_before_publication ... ok
test opened::tests::stale_write_set_still_refuses_a_committed_publication ... ok
test opened::tests::the_facade_memo_never_outlives_the_graph_it_describes ... ok
test opened::tests::the_memo_retains_every_allocation_it_keys ... ok
test opened::tests::the_superseded_refusal_does_not_displace_the_durable_byte_limit ... ok
test opened::tests::three_way_plan_is_immutable_and_history_supports_redo ... ok
test opened::text_run_tests::a_byte_order_marked_slide_is_edited_correctly_and_keeps_its_mark ... ok
test opened::text_run_tests::a_nested_empty_text_run_is_refused_by_set_shape_text_not_a_panic ... ok
test opened::tests::revision_v2_preserves_every_pairwise_verdict_over_the_pptx_corpus ... ok
test opened::text_run_tests::the_scene_reader_and_semantic_text_refuse_nested_text_runs_alike ... ok
test opened::text_run_tests::well_formed_empty_text_runs_still_edit ... ok
test opened::transaction::compaction_tests::a_compaction_that_changes_bytes_is_read_back_and_compared ... ok
test opened::transaction::compaction_tests::a_payload_replaced_after_its_scene_read_is_read_again_at_commit ... ok
test opened::transaction::compaction_tests::a_record_for_another_allocation_does_not_vouch_for_the_staged_bytes ... ok
test opened::transaction::compaction_tests::a_staged_payload_read_back_by_its_verb_is_not_read_again_at_commit ... ok
test opened::transaction::compaction_tests::a_staged_slide_the_scene_reader_refuses_is_still_refused ... ok
test opened::transaction::compaction_tests::untouched_slides_keep_their_allocation_and_a_reproduced_compaction_keeps_its_bytes ... ok
test package::tests::custom_property_no_ops_preserve_signatures_and_changes_invalidate_them ... ok
test package::tests::empty_task_pane_patch_preserves_signatures ... ok
test package::tests::failed_typed_edit_restores_pending_presentation_state ... ok
test package::tests::new_writer_round_trips_the_bounded_slide_graph ... ok
test package::tests::opened_package_refuses_unsafe_mutable_hydration ... ok
test package::tests::owned_presentation_noop_output_preserves_exact_archive ... ok
test package::tests::task_panes_facade_publishes_compact_source_checked_reversible_patches ... ok
test parts::slide::tests::combined_text_and_name_matches_separate_reads_through_mce_and_unusual_text ... ok
test parts::slide::tests::combined_text_and_name_preserves_missing_and_empty_name_semantics ... ok
test parts::slide::tests::combined_text_and_name_rejects_the_same_malformed_xml_as_separate_reads ... ok
test parts::slide::tests::late_reserved_prefix_rebinding_is_rejected_by_text_and_text_and_name ... ok
test parts::slide::tests::semantic_text_enforces_the_cumulative_decoded_text_ceiling ... ok
test parts::slide::tests::single_pass_keeps_raw_refusals_ahead_of_earlier_semantic_refusals ... ok
test parts::slide::tests::single_pass_semantic_text_matches_the_three_pass_oracle_on_handcrafted_xml ... ok
test parts::slide::tests::single_pass_semantic_text_matches_the_three_pass_oracle_on_the_pptx_corpus ... ok
test parts::tests::source_bound_processing_uses_the_second_blob_observation ... ok
test presentation::embedded::content_parts::tests::add_remove_and_inverse_manage_relationships_and_payload_parts ... ok
test presentation::embedded::content_parts::tests::discovery_is_a_source_preserving_noop ... ok
test presentation::embedded::content_parts::tests::enforces_content_part_count_limit ... ok
test presentation::embedded::content_parts::tests::exact_noop_snapshot_commit_preserves_the_complete_source_graph ... ok
test presentation::embedded::content_parts::tests::invalid_edits_do_not_mutate_the_staged_snapshot ... ok
test presentation::embedded::content_parts::tests::loads_opaque_payload_and_relationship_metadata_losslessly ... ok
test presentation::embedded::content_parts::tests::p14_bw_mode_accepts_inherited_custom_prefix_and_rejects_bad_values ... ok
test presentation::embedded::content_parts::tests::p14_bw_mode_commits_and_reopens_every_schema_token ... ok
test presentation::embedded::content_parts::tests::p14_bw_mode_edits_only_the_active_mce_branch ... ok
test presentation::embedded::content_parts::tests::p14_bw_mode_edits_preserve_opaque_anchor_bytes_and_inverse ... ok
test presentation::embedded::content_parts::tests::p14_bw_mode_ignores_unqualified_foreign_and_media_lookalikes ... ok
test presentation::embedded::content_parts::tests::p14_bw_mode_insert_remove_handles_inherited_and_local_namespaces ... ok
test presentation::embedded::content_parts::tests::p14_bw_mode_selects_a_canonical_mce_choice ... ok
test presentation::embedded::content_parts::tests::reads_optional_p14_bw_mode_and_round_trips_all_schema_tokens ... ok
test presentation::embedded::content_parts::tests::rejects_anchor_without_relationship_id ... ok
test presentation::embedded::content_parts::tests::rejects_missing_anchor_relationship ... ok
test presentation::embedded::content_parts::tests::relationship_and_payload_edits_preserve_unknown_anchor_markup ... ok
test presentation::embedded::content_parts::tests::relationship_id_edit_rewrites_only_the_anchor_attribute ... ok
test presentation::embedded::content_parts::tests::removal_collects_orphan_payload_and_inverse_restores_it ... ok
test presentation::embedded::content_parts::tests::retains_external_target_mode_without_following_it ... ok
test presentation::embedded::content_parts::tests::signed_content_part_noop_is_preserved_and_mutation_requires_explicit_unsign ... ok
test presentation::embedded::content_parts::tests::stale_source_rejection_is_atomic ... ok
test presentation::embedded::controls::codec::tests::control_attribute_limit_counts_every_attribute ... ok
test presentation::embedded::controls::codec::tests::crowded_and_duplicate_control_attributes_are_refused_as_before ... ok
test presentation::embedded::controls::package::tests::scans_contextual_control_metadata ... ok
test presentation::embedded::controls::slide::tests::binary_payload_replacement_keeps_the_descriptor_relationship ... ok
test presentation::embedded::controls::slide::tests::binary_relationship_detach_collects_orphan_and_inverse_restores_it ... ok
test presentation::embedded::controls::slide::tests::exact_noop_preserves_source_and_package_bytes ... ok
test presentation::embedded::controls::slide::tests::malformed_edit_fails_before_source_publication ... ok
test presentation::embedded::controls::slide::tests::optional_descriptor_attributes_can_be_authored_without_rewriting_opaque_children ... ok
test presentation::embedded::controls::slide::tests::stale_source_rejection_is_atomic ... ok
test presentation::embedded::controls::slide::tests::typed_edits_preserve_opaque_branches_and_binary_payload ... ok
test presentation::embedded::excel::package::tests::generates_a_valid_opaque_workbook ... ok
test presentation::embedded::excel::package::tests::keeps_categories_in_column_a_and_series_in_following_columns ... ok
test presentation::embedded::excel::package::tests::rejects_invalid_bubble_shapes ... ok
test presentation::embedded::excel::package::tests::scatter_charts_use_numeric_categories_when_x_values_are_absent ... ok
test presentation::embedded::ink_actions::codec::tests::defers_malformed_relationship_id_for_unsupported_action_branches ... ok
test presentation::embedded::ink_actions::codec::tests::rejects_duplicate_expanded_attributes_and_uses_one_mce_namespace ... ok
test presentation::embedded::ink_actions::codec::tests::rejects_late_duplicate_declarations_comments_and_undefined_references ... ok
test presentation::embedded::ink_actions::codec::tests::requires_tokens_are_prefixes_and_branch_text_is_rejected ... ok
test presentation::embedded::ink_actions::graph::tests::indexes_root_and_case_insensitive_part_edges_once ... ok
test presentation::embedded::ink_actions::graph::tests::known_ecma_edge_refuses_only_selected_target ... ok
test presentation::embedded::ink_actions::graph::tests::known_external_relationship_is_kept_as_diagnostic ... ok
test presentation::embedded::ink_actions::graph::tests::malformed_internal_query_is_not_omitted ... ok
test presentation::embedded::ink_actions::graph::tests::per_target_cap_is_checked_when_that_target_is_selected ... ok
test presentation::embedded::ink_actions::graph::tests::rejects_case_equivalent_physical_part_names_before_indexing ... ok
test presentation::embedded::ink_actions::graph::tests::strict_ecma_relationship_inventory_refuses_selected_target ... ok
test presentation::embedded::ink_actions::graph::tests::unknown_internal_ecma_content_type_or_root_is_refused ... ok
test presentation::embedded::ink_actions::graph::tests::unknown_internal_microsoft_extension_remains_diagnostic ... ok
test presentation::embedded::ink_actions::tests::reads_exact_mce_and_shared_profile ... ok
test presentation::embedded::ink_actions::tests::rejects_wrong_target_type_and_stale_context ... ok
test presentation::embedded::ink_actions::tests::shared_edit_replaces_only_target_and_inverse_restores_bytes ... ok
test presentation::embedded::ole::codec::tests::crowded_and_duplicate_ole_attributes_are_refused_as_before ... ok
test presentation::embedded::ole::codec::tests::ole_attribute_limit_counts_every_attribute ... ok
test presentation::embedded::ole::slide::codec::tests::crowded_ole_slide_attributes_are_refused_as_before ... ok
test presentation::embedded::ole::slide::codec::tests::ole_slide_attribute_limit_counts_every_attribute ... ok
test presentation::embedded::ole::slide::tests::add_remove_and_inverse_manage_payload_ownership ... ok
test presentation::embedded::ole::slide::tests::exact_noop_is_byte_identical ... ok
test presentation::embedded::ole::slide::tests::linked_target_edits_stay_external_and_inert ... ok
test presentation::embedded::ole::slide::tests::stale_and_invalid_edits_are_failure_atomic ... ok
test presentation::embedded::ole::slide::tests::typed_edits_preserve_opaque_xml_and_binary_parts ... ok
test presentation::embedded::vba::package::tests::discovers_and_borrows_an_inert_project ... ok
test presentation::media::tests::detects_formats_without_copying_the_payload ... ok
test presentation::media::tests::emits_a_self_contained_media_picture ... ok
test presentation::media::tests::rejects_unbounded_frames ... ok
test presentation::order::tests::only_canonical_mce_attributes_are_classified_as_markup_compatibility ... ok
test presentation::source::picture_fragment_tests::a_borrowed_span_does_not_re_declare_an_unconventional_ancestor_prefix ... ok
test presentation::source::picture_fragment_tests::self_contained_picture_descriptors_parse_for_any_producer_prefix ... ok
test presentation::source::svg_lifecycle::owner::tests::only_canonical_mce_namespace_classifies_as_mce ... ok
test presentation::source::tests::catalog_and_selected_text_leave_unselected_slides_unread ... ok
test presentation::source::tests::changed_multi_slide_batch_publication_reuses_semantic_snapshots ... ok
test presentation::source::tests::changed_single_publication_reuses_semantic_snapshot ... ok
test presentation::source::tests::direct_picture_children_are_finite_ordered_and_complete ... ok
test presentation::source::tests::editor_reuses_one_catalog_across_capture_and_publication ... ok
test presentation::source::tests::editor_reuses_validated_relationship_closures_across_snapshots ... ok
test presentation::source::tests::external_picture_is_listed_but_never_fetched ... ok
test presentation::source::tests::filesystem_editor_preserves_exact_noop_and_one_slide_overlay ... ok
test presentation::source::tests::filesystem_editor_reports_path_limits_and_version_conflicts ... ok
test presentation::source::tests::filesystem_listing_keeps_slide_payloads_cold ... ok
test presentation::source::tests::filesystem_managed_cache_releases_after_presentation_drop ... ok
test presentation::source::tests::filesystem_path_constructors_keep_the_source_positional ... ok
test presentation::source::tests::filesystem_path_replacement_does_not_retarget_and_pinned_change_is_detected ... ok
test presentation::source::tests::filesystem_selected_image_loads_only_the_slide_and_media_closure ... ok
test presentation::source::tests::foreign_identical_source_recaptures_semantically_before_rejecting ... ok
test presentation::source::tests::foreign_markup_compatibility_attribute_is_preserved_on_blip_inventory ... ok
test presentation::source::tests::identical_foreign_source_closure_is_rejected_by_lineage ... ok
test presentation::source::tests::malformed_markup_compatibility_attribute_is_not_suppressed ... ok
test presentation::source::tests::malformed_picture_grammar_and_graphs_are_refused ... ok
test presentation::source::tests::managed_editor_exact_noop_keeps_source_bytes_and_budgeted_handles ... ok
test presentation::source::tests::managed_picture_package_retains_budgeted_payload_handles ... ok
test presentation::source::tests::managed_presentation_diagnostics_report_cache_mode_and_release_on_drop ... ok
test presentation::source::tests::managed_selected_slide_materialization_is_exact_and_one_under_fails_before_io ... ok
test presentation::source::tests::managed_selected_slide_payload_is_evictable_after_view_drop ... ok
test presentation::source::tests::managed_snapshot_edit_and_patch_checks_are_cooperatively_cancelled ... ok
test presentation::source::tests::managed_source_cancellation_refuses_cached_semantic_reads ... ok
test presentation::source::tests::markup_compatibility_and_media_outbound_edges_are_refused ... ok
test presentation::source::tests::native_guid_svg_extension_rejects_duplicate_svg_blips ... ok
test presentation::source::tests::native_guid_svg_extension_rejects_malformed_svg_blip ... ok
test presentation::source::tests::native_guid_svg_picture_inventory_resolves_typed_extension_and_defers_payload ... ok
test presentation::source::tests::opaque_extension_keeps_typed_looking_descendants_opaque ... ok
test presentation::source::tests::opening_retains_caller_part_limits_without_reading_slide_payloads ... ok
test presentation::source::tests::paired_empty_blip_and_fill_rect_are_semantically_empty_but_content_is_refused ... ok
test presentation::source::tests::picture_inventory_is_metadata_only_and_read_is_exact_and_cached ... ok
test presentation::source::tests::picture_reads_preserve_source_version_and_limits ... ok
test presentation::source::tests::picture_selection_reports_checked_out_of_range ... ok
test presentation::source::tests::picture_source_open_honors_managed_cancellation_before_media_payload ... ok
test presentation::source::tests::selected_picture_query_matches_all_without_descriptor_reservation ... ok
test presentation::source::tests::selected_picture_query_reports_final_length_and_malformed_before_oob ... ok
test presentation::source::tests::selected_picture_query_validates_later_grammar_and_targets ... ok
test presentation::source::tests::selected_slide_root_is_validated_before_picture_scanning ... ok
test presentation::source::tests::source_changes_are_returned_as_typed_opc_errors ... ok
test presentation::source::tests::source_presentation_exposes_root_size_and_single_slide_text_name_projection ... ok
test presentation::source::tests::source_properties_only_materialize_the_selected_core_payload ... ok
test presentation::source::tests::strict_picture_graph_is_supported_without_payload_reads ... ok
test presentation::source::tests::synthetic_svg_namespace_uri_is_opaque_without_native_guid ... ok
test presentation::source::tests::try_cache_diagnostics_for_editor_is_exact_and_releases_selected_budget ... ok
test presentation::source::tests::try_cache_diagnostics_for_presentation_is_exact_and_payload_free ... ok
test presentation::source_cross_copy::payload_guard_tests::candidate_readback_rejects_same_length_image_and_chart_payloads ... ok
test presentation::source_cross_copy::payload_guard_tests::same_length_tampered_plan_payloads_reject_before_output ... ok
test presentation::source_cross_copy::tests::foreign_markup_compatibility_wrapper_is_unknown_not_mce ... ok
test presentation::source_cross_copy::tests::precompressed_fallback_is_limited_to_memory_admission_refusal ... ok
test presentation::source_cross_copy::tests::prepared_payload_reuse_requires_exact_metadata_and_bytes ... ok
test presentation::source_cross_copy::tests::shared_payload_pins_managed_bytes_across_cache_bypass_and_lazy_fallback ... ok
test presentation::tests::rejects_empty_inline_hyperlink_actions ... ok
test presentation::tests::scans_inline_hyperlinks_with_tooltips ... ok
test presentation_properties::codec::tests::accepts_bound_namespace_context_without_conventional_prefixes ... ok
test presentation_properties::codec::tests::browse_mode_extension_round_trips ... ok
test presentation_properties::codec::tests::duplicate_readonly_recommended_extensions_are_rejected ... ok
test presentation_properties::codec::tests::parses_local_presentation_properties_fixture ... ok
test presentation_properties::codec::tests::readonly_recommended_writer_uses_the_p1710_namespace ... ok
test presentation_properties::codec::tests::rejects_hostile_typed_extension_grammar_and_bounds ... ok
test presentation_properties::codec::tests::rejects_malformed_and_unsafe ... ok
test presentation_properties::codec::tests::rejects_mismatched_closing_elements ... ok
test presentation_properties::codec::tests::strict_mce_and_typed_roundtrip ... ok
test presentation_properties::codec::tests::typed_extensions_preserve_unknown_entries_without_resolving_relationships ... ok
test presentation_properties::codec::tests::typed_snapshot_validation_rejects_invalid_edits ... ok
test presentation_properties::math::tests::empty_math_properties_use_schema_defaults ... ok
test presentation_properties::math::tests::math_payload_rejects_ambiguous_or_unsafe_grammar ... ok
test presentation_properties::math::tests::package_facade_edits_math_transactionally ... ok
test presentation_properties::math::tests::parent_facade_preserves_opaque_extensions_around_typed_math ... ok
test presentation_properties::math::tests::strict_math_payload_accepts_strict_omml_closing_names ... ok
test presentation_properties::math::tests::typed_payload_round_trips_in_transitional_and_strict_omml ... ok
test presentation_properties::metadata::changes::codec::tests::loads_powerpoint_and_libreoffice_changes_packages ... ok
test presentation_properties::metadata::changes::codec::tests::package_round_trip_keeps_nested_commands_and_extensions_inert ... ok
test presentation_properties::metadata::changes::codec::tests::rejects_hostile_changes_grammar ... ok
test presentation_properties::metadata::changes::codec::tests::rejects_invalid_package_graphs_and_failed_store_is_atomic ... ok
test presentation_properties::metadata::changes::tests::create_read_update_delete_is_atomic_and_rejects_unexpected_inbound_edges ... ok
test presentation_properties::metadata::changes::tests::failed_typed_edits_do_not_mutate_the_staged_snapshot ... ok
test presentation_properties::metadata::changes::tests::no_op_commit_and_patch_preserve_exact_source ... ok
test presentation_properties::metadata::changes::tests::stale_patch_rejection_is_atomic_and_inverse_restores_original_bytes ... ok
test presentation_properties::metadata::changes::tests::typed_edits_preserve_opaque_commands_and_relationship_looking_xml ... ok
test presentation_properties::metadata::color_map::codec::tests::parses_master_map_and_layout_override_by_namespace ... ok
test presentation_properties::metadata::color_map::codec::tests::rejects_incomplete_or_duplicate_color_maps ... ok
test presentation_properties::metadata::color_map::codec::tests::supports_strict_color_map_namespaces ... ok
test presentation_properties::metadata::color_map::transaction::tests::failed_edits_leave_the_staged_value_unchanged ... ok
test presentation_properties::metadata::color_map::transaction::tests::no_op_commit_and_patch_preserve_exact_source ... ok
test presentation_properties::metadata::color_map::transaction::tests::self_closing_master_maps_are_editable ... ok
test presentation_properties::metadata::color_map::transaction::tests::stale_replay_is_atomic_and_inverse_restores_exact_bytes ... ok
test presentation_properties::metadata::color_map::transaction::tests::typed_edits_preserve_unknown_xml_and_apply_to_override_sources ... ok
test presentation_properties::metadata::custom_show::codec::tests::crowded_custom_show_attributes_are_read_first_wins ... ok
test presentation_properties::metadata::custom_show::codec::tests::parsed_custom_show_attributes_keep_their_first_occurrence ... ok
test presentation_properties::metadata::custom_show::codec::tests::test_custom_show_creation ... ok
test presentation_properties::metadata::custom_show::codec::tests::test_custom_show_list ... ok
test presentation_properties::metadata::custom_show::codec::tests::test_custom_shows_xml ... ok
test presentation_properties::metadata::custom_show::tests::invalid_slide_references_leave_staged_list_unchanged ... ok
test presentation_properties::metadata::custom_show::tests::no_op_commit_is_byte_exact ... ok
test presentation_properties::metadata::custom_show::tests::snapshot_crud_preserves_opaque_xml_and_relationships ... ok
test presentation_properties::metadata::custom_show::tests::stale_patch_rejection_is_atomic_and_inverse_restores_bytes ... ok
test presentation_properties::metadata::designer_tags::tests::accepts_inherited_default_and_alias_bindings_but_rejects_local_rebinding ... ok
test presentation_properties::metadata::designer_tags::tests::duplicate_mutations_and_deleted_host_are_atomic_and_signatures_follow_changes ... ok
test presentation_properties::metadata::designer_tags::tests::inserts_replaces_and_removes_without_touching_opaque_bytes ... ok
test presentation_properties::metadata::designer_tags::tests::inventories_absent_empty_duplicates_and_order ... ok
test presentation_properties::metadata::designer_tags::tests::patch_allows_reorder_and_inverse_but_refuses_stale_or_rebound_host ... ok
test presentation_properties::metadata::designer_tags::tests::rejects_spoofing_forbidden_markup_bad_graph_and_limits ... ok
test presentation_properties::metadata::designer_tags::tests::store_validates_default_limits_before_mutating ... ok
test presentation_properties::metadata::events::codec::tests::rejects_invalid_show_event_storage ... ok
test presentation_properties::metadata::events::codec::tests::rejects_malformed_show_events ... ok
test presentation_properties::metadata::events::codec::tests::retains_office_none_trigger_and_rejects_non_domain_bookmark_trigger ... ok
test presentation_properties::metadata::events::codec::tests::scans_show_events_through_markup_compatibility ... ok
test presentation_properties::metadata::events::codec::tests::stores_show_events_and_discovers_them_round_trip ... ok
test presentation_properties::metadata::events::codec::tests::stores_show_events_into_existing_extension_list ... ok
test presentation_properties::metadata::events::tests::create_read_noop_and_typed_update_are_source_checked ... ok
test presentation_properties::metadata::events::tests::failed_edits_leave_the_staged_sequence_unchanged ... ok
test presentation_properties::metadata::events::tests::list_crud_inverse_stale_rejection_and_remove_are_atomic ... ok
test presentation_properties::metadata::events::tests::unknown_event_attributes_and_opaque_extensions_survive_attribute_edits ... ok
test presentation_properties::metadata::guides::codec::tests::rejects_hostile_extended_guide_grammar ... ok
test presentation_properties::metadata::guides::codec::tests::rejects_programmatic_limits_and_color_mismatch ... ok
test presentation_properties::metadata::guides::codec::tests::round_trips_slide_notes_and_unknown_extensions_inertly ... ok
test presentation_properties::metadata::guides::tests::absent_extension_lists_are_created_and_xml_inverse_is_exact ... ok
test presentation_properties::metadata::guides::tests::invalid_ids_and_bounds_leave_the_staged_value_unchanged ... ok
test presentation_properties::metadata::guides::tests::no_op_commit_keeps_exact_source_and_raw_payloads ... ok
test presentation_properties::metadata::guides::tests::stale_publication_is_atomic_and_inverse_restores_the_source ... ok
test presentation_properties::metadata::guides::tests::typed_edits_preserve_opaque_extensions_and_update_only_guides ... ok
test presentation_properties::metadata::handout::codec::tests::crowded_handout_attributes_are_read_first_wins ... ok
test presentation_properties::metadata::handout::codec::tests::parsed_handout_attributes_keep_their_first_occurrence ... ok
test presentation_properties::metadata::handout::codec::tests::test_handout_layout ... ok
test presentation_properties::metadata::handout::codec::tests::test_handout_master_builder ... ok
test presentation_properties::metadata::protection::codec::tests::parses_and_republishes_a_legacy_verifier ... ok
test presentation_properties::metadata::protection::codec::tests::password_generation_is_explicitly_dependency_bound ... ok
test presentation_properties::metadata::protection::codec::tests::password_hash_matches_office_password_then_salt_order ... ok
test presentation_properties::metadata::revision::codec::tests::loads_real_powerpoint_and_libreoffice_revision_parts ... ok
test presentation_properties::metadata::revision::codec::tests::package_store_load_round_trip_keeps_extensions_inert ... ok
test presentation_properties::metadata::revision::codec::tests::rejects_hostile_revision_grammar ... ok
test presentation_properties::metadata::revision::codec::tests::rejects_invalid_package_graphs_and_preserves_failed_store ... ok
test presentation_properties::metadata::sections::codec::tests::creates_and_round_trips_typed_sections ... ok
test presentation_properties::metadata::sections::codec::tests::preserves_section_extensions_inertly_without_following_relationships ... ok
test presentation_properties::metadata::sections::codec::tests::rejects_hostile_section_grammar_and_resource_cases ... ok
test presentation_properties::metadata::slide_patch::codec::tests::rejects_a_patch_that_would_exceed_the_slide_xml_budget ... ok
test presentation_properties::metadata::slide_patch::codec::tests::rejects_an_unbound_presentation_prefix ... ok
test presentation_properties::metadata::structure::codec::tests::malformed_xml_is_rejected_and_mce_branches_patch_without_overlap ... ok
test presentation_properties::metadata::structure::codec::tests::non_empty_slide_ids_are_recorded_once_and_indirect_lookalikes_are_ignored ... ok
test presentation_properties::metadata::structure::tests::custom_show_and_section_edits_round_trip_as_one_validated_graph ... ok
test presentation_properties::metadata::structure::tests::no_op_and_inverse_patches_preserve_exact_source_and_opaque_xml ... ok
test presentation_properties::metadata::structure::tests::non_empty_slide_id_is_shared_by_ordering_custom_shows_and_sections ... ok
test presentation_properties::metadata::structure::tests::non_empty_slide_id_uses_the_same_duplicate_and_relationship_validation ... ok
test presentation_properties::metadata::structure::tests::presentation_slide_id_enforces_the_full_schema_range ... ok
test presentation_properties::metadata::structure::tests::stale_source_and_relationship_topology_are_rejected_without_mutation ... ok
test presentation_properties::metadata::structure::tests::structure_names_are_resolved_and_accept_transitional_and_strict_aliases ... ok
test presentation_properties::metadata::structure::tests::structure_parser_rejects_namespace_lookalikes_and_arbitrary_id_prefixes ... ok
test presentation_properties::metadata::tracks::codec::tests::external_leaf_orphan_and_atomic_graph_rules ... ok
test presentation_properties::metadata::tracks::codec::tests::parses_w3c_specimen_and_round_trips ... ok
test presentation_properties::metadata::tracks::codec::tests::rejects_hostile_or_invalid_webvtt ... ok
test presentation_properties::metadata::tracks::codec::tests::typed_blocks_and_internal_package_round_trip ... ok
test presentation_properties::metadata::tracks::tests::invalid_caption_edits_are_staged_atomically ... ok
test presentation_properties::metadata::tracks::tests::malformed_track_metadata_is_rejected_without_a_partial_snapshot ... ok
test presentation_properties::metadata::tracks::tests::no_op_commit_preserves_exact_slide_source ... ok
test presentation_properties::metadata::tracks::tests::typed_edits_replace_only_modeled_attributes_and_preserve_unknown_xml ... ok
test presentation_properties::readonly_recommended::tests::default_namespace_and_strict_root_contexts_are_retained ... ok
test presentation_properties::readonly_recommended::tests::exact_noop_keeps_character_references_in_opaque_extensions ... ok
test presentation_properties::readonly_recommended::tests::exact_noop_keeps_source_bytes ... ok
test presentation_properties::readonly_recommended::tests::insertion_and_removal_keep_owner_structure ... ok
test presentation_properties::readonly_recommended::tests::insertion_expands_an_empty_root_without_losing_its_namespace_context ... ok
test presentation_properties::readonly_recommended::tests::mce_choice_selects_p1710_and_inverse_restores_fallback ... ok
test presentation_properties::readonly_recommended::tests::namespace_and_required_attribute_validation_is_fail_closed ... ok
test presentation_properties::readonly_recommended::tests::reads_xsd_boolean_lexical_forms ... ok
test presentation_properties::readonly_recommended::tests::scalar_edit_and_inverse_preserve_unrelated_source ... ok
test presentation_properties::readonly_recommended::tests::xml_attribute_whitespace_preserves_scalar_edit_and_inverse ... ok
test shape::classification::tests::detached_edits_are_atomic_and_keep_opaque_extensions ... ok
test shape::classification::tests::reads_and_replaces_typed_classification_without_normalizing_the_shape ... ok
test shape::classification::tests::unknown_extensions_survive_first_class_authoring ... ok
test shape::designer::model::tests::drawing_properties_keep_absence_and_explicit_empty_distinct ... ok
test shape::designer::model::tests::limits_apply_per_string_count_and_aggregate_bytes ... ok
test shape::designer::model::tests::tag_rejects_xml_10_forbidden_characters ... ok
test shape::designer::model::tests::tags_preserve_empty_values_duplicates_and_order ... ok
test shape::designer::p202::tests::detached_owner_proof_accepts_aliases_and_default_but_not_rebinding ... ok
test shape::designer::p202::tests::exact_and_over_limits_are_enforced ... ok
test shape::designer::p202::tests::inner_extension_retains_opaque_character_content_but_rejects_active_markup ... ok
test shape::designer::p202::tests::properties_preserve_absence_empty_tags_duplicates_and_inner_extensions ... ok
test shape::designer::p202::tests::rejects_wrong_namespace_order_missing_attributes_and_forbidden_markup ... ok
test shape::designer::p202::tests::tags_escape_attributes_and_round_trip_control_whitespace ... ok
test shape::designer::properties::tests::duplicate_outer_extensions_are_readable_but_not_mutable ... ok
test shape::designer::properties::tests::edits_removes_and_preserves_siblings ... ok
test shape::designer::properties::tests::no_op_rejects_stale_owner_and_remove_projects_absence ... ok
test shape::designer::properties::tests::no_op_stale_and_explicit_false_are_distinct ... ok
test shape::designer::properties::tests::removal_preserves_annotated_containers_and_comments ... ok
test shape::designer::properties::tests::strict_insertion_uses_selected_host_qname_and_namespace ... ok
test shape::designer::properties::tests::wrong_namespace_is_opaque_and_duplicate_guids_are_inventoried ... ok
test shape::designer::tests::creates_and_removes_extension_lists_without_touching_the_shape_tail ... ok
test shape::designer::tests::detached_edits_are_atomic_and_preserve_the_snapshot_contract ... ok
test shape::designer::tests::package_operations_are_selector_first_and_atomic ... ok
test shape::designer::tests::public_package_and_slide_facades_use_the_same_shape_selector ... ok
test shape::designer::tests::reads_schema_boolean_forms_and_replaces_only_the_typed_range ... ok
test shape::designer::tests::strict_profile_uses_the_strict_presentation_namespace ... ok
test shape::designer::tests::unknown_extension_entries_and_known_extension_children_are_lossless ... ok
test shape::designer::tests::validation_rejects_invalid_values_and_duplicate_known_extensions ... ok
test shape::diagram::tests::contextual_model_and_frame_are_available ... ok
test shape::diagram::tests::relationship_id_is_escaped_without_panicking_on_empty_input ... ok
test shape::tests::accepts_external_p232_indentation_and_preserves_foreign_qname_opaque_content ... ok
test shape::tests::accepts_schema_token_uri_whitespace_and_requires_one_opaque_child ... ok
test shape::tests::accepts_strict_namespaces_and_classifies_frames ... ok
test shape::tests::duplicate_active_names_and_checked_positions_are_errors ... ok
test shape::tests::groups_are_hierarchical_while_scene_order_is_preorder ... ok
test shape::tests::indexes_p232_placeholder_type_extensions_in_source_namespace_context ... ok
test shape::tests::indexes_standard_presentationml_content_parts_as_content_shapes ... ok
test shape::tests::indexes_transitional_shapes_without_copying_fragments ... ok
test shape::tests::mce_selects_one_branch_and_excludes_inactive_fallback_shapes ... ok
test shape::tests::mce_selects_p232_placeholder_extension_branch ... ok
test shape::tests::nested_ole_fallback_picture_is_not_a_scene_shape ... ok
test shape::tests::rejects_malformed_p232_placeholder_type_extensions ... ok
test shape::tests::rejects_p232_empty_token_attributes_text_owner_uri_and_duplicate_lists ... ok
test shape::tests::retains_opaque_extension_siblings_after_typed_p232_extension ... ok
test shape::text::tests::drawingml_paragraph_text_accepts_inherited_conventional_prefix ... ok
test shape::text::tests::drawingml_range_scan_rejects_structural_depth_over_bound ... ok
test shape::text::tests::drawingml_scan_ranges_tracker_matches_nsreader_on_namespace_adversaries ... ok
test shape::text::tests::drawingml_text_preserves_runs_whitespace_and_paragraphs ... ok
test shape::text::tests::drawingml_text_rejects_foreign_lookalikes_and_truncation ... ok
test shape::text::tests::drawingml_tracker_matches_nsreader_on_event_and_namespace_adversaries ... ok
test shape::text::tests::drawingml_tracker_preserves_depth_limit_and_malformed_errors ... ok
test shape::text::tests::omml_formulas_accept_strict_and_inherited_conventional_prefixes ... ok
test shape::text::tests::omml_formulas_preserve_exact_namespaced_elements ... ok
test shape::text::tests::omml_formulas_reject_malformed_xml ... ok
test shape::theme::package::tests::add_and_load_theme_uses_direct_opc_graph ... ok
test shape::theme::part::tests::parses_aliased_theme_fonts_and_colors ... ok
test shape::theme::part::tests::parses_strict_theme_and_rejects_invalid_colors_or_xml ... ok
test shape::zoom::tests::constructors_and_typed_mutations_validate_domains ... ok
test shape::zoom::tests::malformed_zoom_content_is_rejected ... ok
test shape::zoom::tests::owner_crud_patches_only_zoom_entries ... ok
test shape::zoom::tests::package_context_resolves_targets_and_rejects_dangling_image_relationships ... ok
test shape::zoom::tests::reads_typed_zoom_shapes_and_preserves_fallback_and_unknown_choices ... ok
test slide::tests::key_conversions_keep_name_and_order_selectors_distinct ... ok
test slide::tests::key_is_copyable_for_checked_graph_queries ... ok
test table::shape::tests::inherited_prefixes_and_foreign_names_are_checked ... ok
test table::shape::tests::table_views_borrow_rows_and_cells ... ok
test table::style::tests::ids_are_typed_case_insensitive_and_canonical ... ok
test table::style::tests::orphan_catalog_is_rejected_even_when_another_catalog_is_attached ... ok
test table::style::tests::package_crud_round_trips_all_main_profiles_and_both_conformances ... ok
test table::style::tests::parser_rejects_requiredness_duplicates_mixed_dialects_and_forbidden_markup ... ok
test table::style::tests::root_relationship_must_match_the_presentation_dialect ... ok
test table::style::tests::semantic_comparison_publishes_changed_opaque_comments ... ok
test table::style::tests::semantic_crud_is_checked_and_failure_atomic ... ok
test table::style::tests::semantic_noop_keeps_preserved_and_opaque_whitespace_distinct ... ok
test table::style::tests::shared_inbound_topology_is_rejected_before_mutation ... ok
test table::style::tests::source_bytes_duplicate_names_background_and_extensions_are_preserved ... ok
test tag::package::tests::part_name_conflicts_handles_exact_parent_and_descendant_paths ... ok
test tag::shape::tests::inactive_mce_anchor_forces_replacement_fork_and_removal_retention ... ok
test tag::shape::tests::maps_all_five_families_and_nested_groups_to_raw_source ... ok
test tag::shape::tests::mce_mapping_edits_only_the_active_raw_branch ... ok
test tag::shape::tests::preserves_customer_data_and_inserts_before_extensions ... ok
test tag::shape::tests::shape_crud_is_atomic_noop_safe_and_move_based ... ok
test tag::shape::tests::shared_shape_anchor_forks_then_collects_each_orphan ... ok
test tag::shape::tests::strict_shape_crud_uses_strict_namespaces_and_relationship_type ... ok
test tag::shape::tests::the_unmarked_raw_span_route_keeps_spans_and_refusals ... ok
test tag::tests::anchored_crud_is_strict_profiled_and_signature_safe ... ok
test tag::tests::creation_supports_all_presentationml_tag_owners_and_empty_lists ... ok
test tag::tests::customer_data_and_schema_order_are_preserved ... ok
test tag::tests::direct_owner_mce_creation_covers_all_owners_branches_profiles_and_container_states ... ok
test tag::tests::direct_owner_mutates_active_mce_fallback_and_preserves_inactive_source ... ok
test tag::tests::discovery_uses_stable_relationship_id_order ... ok
test tag::tests::escaped_size_budget_is_cached_and_failed_edits_are_atomic ... ok
test tag::tests::inactive_same_id_forces_active_fork_and_retains_raw_consumer_graph ... ok
test tag::tests::malformed_duplicate_names_have_typed_ambiguity_and_numeric_repair ... ok
test tag::tests::malformed_markup_and_resource_limits_are_rejected ... ok
test tag::tests::malformed_owner_order_is_rejected_before_mutation ... ok
test tag::tests::mce_fallback_is_selected ... ok
test tag::tests::mce_p14_choice_matches_powerpoint_capabilities ... ok
test tag::tests::mixed_owner_relationship_profiles_are_rejected_atomically ... ok
test tag::tests::mixed_profile_preflight_is_atomic ... ok
test tag::tests::namespace_builders_reject_invalid_prospective_bindings ... ok
test tag::tests::package_shared_target_forks_and_collects_only_orphans ... ok
test tag::tests::parsing_rejects_canonical_escape_expansion_past_the_wire_budget ... ok
test tag::tests::part_allocation_avoids_ascii_case_and_derived_name_collisions ... ok
test tag::tests::presentation_customer_data_after_later_children_is_rejected_atomically_under_mce ... ok
test tag::tests::raw_attributes_require_valid_bound_prefixes ... ok
test tag::tests::reorder_rejects_partial_and_duplicate_orders_without_mutating ... ok
test tag::tests::same_owner_reused_anchor_forks_relationship_and_part ... ok
test tag::tests::strict_round_trip_preserves_inert_values_and_extensions ... ok
test tag::tests::unicode_caseless_crud_is_checked_and_move_first ... ok
test time::tests::duration_conversions_are_exact_and_checked ... ok
test time::tests::equivalent_units_normalize_for_equality_order_and_hashing ... ok
test time::tests::extended_unitless_values_keep_only_canonical_spellings ... ok
test time::tests::grammar_and_fractional_precision_are_exact ... ok
test time::tests::owned_parse_and_display_round_trip_canonical_value ... ok
test transition::tests::all_powerpoint_2010_transition_effects_are_typed_and_round_trip ... ok
test transition::tests::concise_builder_keeps_timing_typed ... ok
test transition::tests::custom_duration_uses_compatibility_markup_and_round_trips ... ok
test transition::tests::exact_equality_includes_retained_wire_state ... ok
test transition::tests::input_depth_node_and_retention_limits_are_enforced ... ok
test transition::tests::inspects_but_does_not_emit_raw_children_with_ancestor_only_prefixes ... ok
test transition::tests::morph_uses_powerpoint_2015_choice_and_round_trips ... ok
test transition::tests::p14_duration_accepts_exact_units_and_fractional_milliseconds ... ok
test transition::tests::p14_effect_defaults_and_boolean_lexical_forms_are_checked ... ok
test transition::tests::p14_effects_reject_values_outside_their_schema_domains ... ok
test transition::tests::p14_source_attributes_are_preserved_until_a_typed_edit ... ok
test transition::tests::preset_absent_optional_attributes_round_trip_without_normalization ... ok
test transition::tests::preset_default_presence_is_semantic_noop_but_wire_distinct ... ok
test transition::tests::preset_escapes_xml_name_and_round_trips ... ok
test transition::tests::preset_uses_powerpoint_2012_choice_and_preserves_inversion ... ok
test transition::tests::presets_have_checked_durations ... ok
test transition::tests::reads_local_standard_fixtures ... ok
test transition::tests::rejects_doctype_without_expanding_entities ... ok
test transition::tests::rejects_duplicate_effects ... ok
test transition::tests::rejects_invalid_directions_spokes_and_timing ... ok
test transition::tests::rejects_invalid_morph_option_and_bounded_preset_name ... ok
test transition::tests::rejects_unit_suffix_on_integer_timed_advance ... ok
test transition::tests::retains_unknown_effect_and_extension_children_inertly ... ok
test transition::tests::ripple_uses_a_standard_fade_fallback_and_round_trips ... ok
test transition::tests::standard_effect_payloads_are_type_specific ... ok
test transition::tests::token_and_boolean_whitespace_is_schema_collapsed ... ok
test transition::tests::typed_effects_reject_nested_children_and_character_data ... ok
test transition::tests::typed_extension_read_preserves_unknown_attributes_until_semantic_change ... ok
test validation::tests::accounting_overflow_is_transient_and_not_structural ... ok
test view_properties::codec::tests::libreoffice_ratio_and_sparse_views ... ok
test view_properties::codec::tests::poi_outline_and_splitters ... ok
test view_properties::codec::tests::poi_prprops_guides_grid_and_strict_roundtrip ... ok
test view_properties::codec::tests::strict_mce_and_malformed ... ok
test writer::tests::designer_writer_clear_paths_and_limit_changes_are_semantic_noops ... ok
test writer::tests::shape_designer_properties_round_trip_for_text_and_preset_shapes ... ok
test writer::tests::slide_designer_tags_follow_reorder_duplicate_delete_and_preserve_empty ... ok
test opened::text_run_tests::no_text_verb_panics_on_mutated_text_run_markup ... ok

test result: ok. 814 passed; 0 failed; 1 ignored; 0 measured; 0 filtered out; finished in 47.19s

     Running tests/byte_order_marked_parts.rs (/home/zhuhe/code/litchi-target-0780/quality/debug/deps/byte_order_marked_parts-b2a16447251eff02)

running 8 tests
test a_naturally_marked_master_reads_and_saves_like_its_unmarked_twin ... ok
test a_fully_marked_deck_reads_like_the_unmarked_deck ... ok
test batched_text_edits_of_a_marked_slide_match_unmarked_edits ... ok
test layout_placeholder_and_font_edits_of_marked_parts_match_unmarked_edits ... ok
test opened_transaction_edits_of_marked_slides_match_unmarked_edits ... ok
test scene_spans_are_byte_offsets_into_the_marked_slide ... ok
test theme_scheme_replacement_of_a_marked_theme_matches_the_unmarked_one ... ok
test real_shape_tag_deck_marked_everywhere_reads_and_edits_like_the_original ... ok

test result: ok. 8 passed; 0 failed; 0 ignored; 0 measured; 0 filtered out; finished in 2.61s

     Running tests/edit_guards.rs (/home/zhuhe/code/litchi-target-0780/quality/debug/deps/edit_guards-5853914310aca0c9)

running 1 test
test opened_presentation_rejects_legacy_mutable_hydration ... ok

test result: ok. 1 passed; 0 failed; 0 ignored; 0 measured; 0 filtered out; finished in 0.02s

     Running tests/font_api.rs (/home/zhuhe/code/litchi-target-0780/quality/debug/deps/font_api-adf02833c6971a16)

running 1 test
test semantic_crud_is_concise_checked_and_zero_copy_shared ... ok

test result: ok. 1 passed; 0 failed; 0 ignored; 0 measured; 0 filtered out; finished in 0.00s

     Running tests/package_encryption.rs (/home/zhuhe/code/litchi-target-0780/quality/debug/deps/package_encryption-f96e927eb12cfdcc)

running 10 tests
test downgrade_and_mutation_are_explicit ... ok
test atomic_encrypted_save_preserves_permissions_and_refuses_symlinks ... ok
test password_aware_ingress_accepts_plain_zip_without_provenance ... ok
test encrypted_wrong_family_is_rejected_after_decryption ... ok
test raw_opc_noop_preserves_signature_but_changed_edit_unsigns ... ok
test password_aware_ingress_reports_password_and_independent_limits ... ok
test retained_mode_is_required_and_raw_edit_is_explicit_declassification ... ok
test selected_mode_and_atomic_save_update_mode_only_after_success ... ok
test standard_and_agile_ingress_retain_mode_and_reencrypt ... ok
test unchanged_inner_signature_survives_encrypt_open_and_reencrypt ... ok

test result: ok. 10 passed; 0 failed; 0 ignored; 0 measured; 0 filtered out; finished in 2.15s

     Running tests/pptx_action_settings.rs (/home/zhuhe/code/litchi-target-0780/quality/debug/deps/pptx_action_settings-105379814f438cff)

running 2 tests
test slide_action_owner_rejects_missing_action_relationships ... ok
test slide_action_owner_reports_local_action_settings ... ok

test result: ok. 2 passed; 0 failed; 0 ignored; 0 measured; 0 filtered out; finished in 0.02s

     Running tests/pptx_activex_controls.rs (/home/zhuhe/code/litchi-target-0780/quality/debug/deps/pptx_activex_controls-fc63f4221691ba03)

running 3 tests
test package_inventory_reports_activex_controls ... ok
test presentation_controls_match_package_inventory ... ok
test slides_without_controls_yield_empty_inventory ... ok

test result: ok. 3 passed; 0 failed; 0 ignored; 0 measured; 0 filtered out; finished in 0.01s

     Running tests/pptx_activex_relationship_order_determinism.rs (/home/zhuhe/code/litchi-target-0780/quality/debug/deps/pptx_activex_relationship_order_determinism-5c05bbd418e3c175)

running 4 tests
test a_genuinely_different_package_is_still_refused ... ok
test a_matching_patch_is_accepted_against_every_build_of_the_same_package ... ok
test single_relationship_graphs_keep_their_revision_and_accept_their_patch ... ok
test snapshot_revision_is_a_function_of_the_package_not_of_the_hash_seed ... ok

test result: ok. 4 passed; 0 failed; 0 ignored; 0 measured; 0 filtered out; finished in 0.06s

     Running tests/pptx_caption_tracks.rs (/home/zhuhe/code/litchi-target-0780/quality/debug/deps/pptx_caption_tracks-363197cce84688b4)

running 2 tests
test presentation_caption_tracks_reject_invalid_sources ... ok
test presentation_caption_tracks_load_internal_webvtt ... ok

test result: ok. 2 passed; 0 failed; 0 ignored; 0 measured; 0 filtered out; finished in 0.00s

     Running tests/pptx_chart_inventory.rs (/home/zhuhe/code/litchi-target-0780/quality/debug/deps/pptx_chart_inventory-3db832328a7528f7)

running 3 tests
test package_inventory_accepts_strict_chart_relationships ... ok
test package_inventory_rejects_missing_chart_targets ... ok
test package_inventory_reports_generated_native_chart_with_identity ... ok

test result: ok. 3 passed; 0 failed; 0 ignored; 0 measured; 0 filtered out; finished in 0.05s

     Running tests/pptx_color_maps.rs (/home/zhuhe/code/litchi-target-0780/quality/debug/deps/pptx_color_maps-90395dc02494e87f)

running 2 tests
test master_mapping_is_used_when_a_slide_requests_it ... ok
test slide_override_wins_and_absent_slide_mapping_uses_layout ... ok

test result: ok. 2 passed; 0 failed; 0 ignored; 0 measured; 0 filtered out; finished in 0.00s

     Running tests/pptx_comment_crud.rs (/home/zhuhe/code/litchi-target-0780/quality/debug/deps/pptx_comment_crud-0fc9bb6a0e12f5f7)

running 2 tests
test legacy_author_and_slide_comment_crud_preserves_shared_target ... ok
test modern_author_comment_and_reply_crud_is_graph_checked ... ok

test result: ok. 2 passed; 0 failed; 0 ignored; 0 measured; 0 filtered out; finished in 0.01s

     Running tests/pptx_comments.rs (/home/zhuhe/code/litchi-target-0780/quality/debug/deps/pptx_comments-ee6abf82bd087224)

running 2 tests
test presentation_comments_are_typed_and_legacy_adapters_preserve_data ... ok
test legacy_comment_adapter_rejects_external_comment_relationships ... ok

test result: ok. 2 passed; 0 failed; 0 ignored; 0 measured; 0 filtered out; finished in 0.03s

     Running tests/pptx_custom_properties.rs (/home/zhuhe/code/litchi-target-0780/quality/debug/deps/pptx_custom_properties-29af97c149c8f018)

running 3 tests
test custom_properties_reject_malformed_parts_and_invalid_relationship_graphs ... ok
test custom_properties_reject_word_only_reserved_metadata ... ok
test custom_properties_are_absent_round_trip_and_remove_idempotently ... ok

test result: ok. 3 passed; 0 failed; 0 ignored; 0 measured; 0 filtered out; finished in 0.02s

     Running tests/pptx_custom_shows.rs (/home/zhuhe/code/litchi-target-0780/quality/debug/deps/pptx_custom_shows-eacea4a855a32691)

running 2 tests
test presentation_structure_owner_validates_slide_relationships ... ok
test presentation_structure_owner_resolves_custom_show_membership ... ok

test result: ok. 2 passed; 0 failed; 0 ignored; 0 measured; 0 filtered out; finished in 0.02s

     Running tests/pptx_customer_data.rs (/home/zhuhe/code/litchi-target-0780/quality/debug/deps/pptx_customer_data-014eb7b04bd43919)

running 1 test
test presentation_customer_data_relationships_are_exposed_by_the_part_owner ... ok

test result: ok. 1 passed; 0 failed; 0 ignored; 0 measured; 0 filtered out; finished in 0.00s

     Running tests/pptx_default_text_style.rs (/home/zhuhe/code/litchi-target-0780/quality/debug/deps/pptx_default_text_style-faffb6ea5113e279)

running 1 test
test presentation_default_text_style_is_exposed_by_the_part_owner ... ok

test result: ok. 1 passed; 0 failed; 0 ignored; 0 measured; 0 filtered out; finished in 0.00s

     Running tests/pptx_designer_facades.rs (/home/zhuhe/code/litchi-target-0780/quality/debug/deps/pptx_designer_facades-588ebb71d25df664)

running 3 tests
test package_designer_facades_round_trip_and_retire_only_on_change ... ok
test reopened_facades_support_names_limits_removal_and_stable_slide_ids ... ok
test slide_designer_tags_follow_stable_id_reorder_and_refuse_broken_binding ... ok

test result: ok. 3 passed; 0 failed; 0 ignored; 0 measured; 0 filtered out; finished in 0.04s

     Running tests/pptx_effective_backgrounds.rs (/home/zhuhe/code/litchi-target-0780/quality/debug/deps/pptx_effective_backgrounds-1d721c09aef35543)

running 3 tests
test effective_slide_background_prefers_the_layout_over_the_master ... ok
test effective_slide_background_falls_back_to_the_master ... ok
test effective_slide_background_prefers_the_slide_over_layout_and_master ... ok

test result: ok. 3 passed; 0 failed; 0 ignored; 0 measured; 0 filtered out; finished in 0.04s

     Running tests/pptx_effective_transitions.rs (/home/zhuhe/code/litchi-target-0780/quality/debug/deps/pptx_effective_transitions-b8b1e8eacba04426)

running 3 tests
test effective_slide_transition_prefers_the_layout_over_the_master ... ok
test effective_slide_transition_falls_back_to_the_master ... ok
test effective_slide_transition_prefers_the_slide_over_layout_and_master ... ok

test result: ok. 3 passed; 0 failed; 0 ignored; 0 measured; 0 filtered out; finished in 0.04s

     Running tests/pptx_embedded_fonts.rs (/home/zhuhe/code/litchi-target-0780/quality/debug/deps/pptx_embedded_fonts-9db3575d9ad666cd)

running 2 tests
test presentation_embedded_fonts_resolve_inert_resources ... ok
test presentation_embedded_fonts_validate_font_relationships ... ok

test result: ok. 2 passed; 0 failed; 0 ignored; 0 measured; 0 filtered out; finished in 0.03s

     Running tests/pptx_extended_guides.rs (/home/zhuhe/code/litchi-target-0780/quality/debug/deps/pptx_extended_guides-d9aa7122ab9d3fc5)

running 2 tests
test presentation_extended_guides_are_available_at_the_metadata_owner ... ok
test presentation_extended_guides_preserve_validation_errors ... ok

test result: ok. 2 passed; 0 failed; 0 ignored; 0 measured; 0 filtered out; finished in 0.00s

     Running tests/pptx_handout_master.rs (/home/zhuhe/code/litchi-target-0780/quality/debug/deps/pptx_handout_master-60e853ce411462cc)

running 4 tests
test handout_master_root_is_validated ... ok
test presentation_handout_master_is_resolved_by_the_owner_layers ... ok
test handout_master_relationship_is_validated ... ok
test strict_handout_master_relationship_is_supported ... ok

test result: ok. 4 passed; 0 failed; 0 ignored; 0 measured; 0 filtered out; finished in 0.05s

     Running tests/pptx_header_footer_visibility.rs (/home/zhuhe/code/litchi-target-0780/quality/debug/deps/pptx_header_footer_visibility-89cc5cf6bd0cfb00)

running 1 test
test layout_and_master_header_footer_visibility_is_exposed_by_the_part_owner ... ok

test result: ok. 1 passed; 0 failed; 0 ignored; 0 measured; 0 filtered out; finished in 0.02s

     Running tests/pptx_hyperlinks.rs (/home/zhuhe/code/litchi-target-0780/quality/debug/deps/pptx_hyperlinks-89644e26831f95c6)

running 2 tests
test presentation_hyperlinks_reject_malformed_inline_xml ... ok
test presentation_hyperlinks_include_strict_relationships_and_inline_actions ... ok

test result: ok. 2 passed; 0 failed; 0 ignored; 0 measured; 0 filtered out; finished in 0.00s

     Running tests/pptx_inherited_transitions.rs (/home/zhuhe/code/litchi-target-0780/quality/debug/deps/pptx_inherited_transitions-1173291f78dcdb89)

running 4 tests
test layout_master_accessor_rejects_external_master_relationships ... ok
test layout_and_master_read_local_powerpoint_2010_transition_choices ... ok
test master_layout_inventory_rejects_external_layout_relationships ... ok
test slide_layout_accessor_rejects_external_layout_relationships ... ok

test result: ok. 4 passed; 0 failed; 0 ignored; 0 measured; 0 filtered out; finished in 0.06s

     Running tests/pptx_ink_actions.rs (/home/zhuhe/code/litchi-target-0780/quality/debug/deps/pptx_ink_actions-fcc59cf5f167139c)

running 34 tests
test caller_limits_above_each_owner_hard_ceiling_are_rejected ... ok
test aliases_default_namespaces_and_escaped_uris_are_resolved_semantically ... ok
test case_equivalent_shared_target_refs_update_one_physical_target_and_all_owners ... ok
test changed_profile_over_caller_target_cap_refuses_before_publication ... ok
test changed_patch_and_inverse_restore_exact_target_bytes ... ok
test exact_root_relationship_readset_rejects_a_boundary_free_hash_collision ... ok
test exact_scalar_noop_reuses_source_and_has_an_empty_forward_and_inverse_patch ... ok
test known_ecma_outbound_relationship_refuses_typed_action_publication_atomically ... ok
test malformed_anchor_and_relationship_closures_fail_without_repair ... ok
test malformed_inbound_relationship_is_a_typed_closure_error_and_is_not_dropped ... ok
test exact_root_and_owner_relationship_source_members_are_stale_patch_inputs ... ok
test oversized_profile_bytes_hit_the_target_cap_before_profile_parse_or_staging ... ok
test owner_relationship_metadata_and_read_policy_are_stale_patch_inputs ... ok
test package_limits_accept_exact_and_one_under_caps_and_reject_one_over_atomically ... ok
test package_root_incoming_edge_is_retained_through_scalar_edit_and_publish ... ok
test patch_read_sets_reject_owner_relationship_target_and_content_type_staleness_atomically ... ok
test public_package_facade_reads_edits_publishes_and_reopens_ink_actions ... ok
test reads_action_profile_only_after_owner_and_opc_closure ... ok
test public_presentation_inventory_charges_shared_targets_once_and_distinct_targets_aggregate ... ok
test retained_lower_opc_limits_are_checked_during_action_inventory ... ok
test scalar_profile_edit_changes_only_the_target_and_replays_mce_exactly ... ok
test selector_context_includes_changed_relationship_graph_diagnostics ... ok
test retained_opc_read_limits_cover_unrelated_candidate_parts_atomically ... ok
test selector_context_is_checked_against_the_new_snapshot ... ok
test shared_target_updates_all_owners_and_retains_the_complete_inbound_graph ... ok
test strict_owner_rejects_a_foreign_markup_compatibility_namespace ... ok
test strict_owner_rejects_a_transitional_custom_xml_relationship_type ... ok
test strict_owner_rejects_a_transitional_presentation_namespace ... ok
test strict_owner_rejects_a_transitional_relationship_namespace ... ok
test synthetic_owner_fixture_has_the_normative_closure ... ok
test unknown_outbound_relationship_is_a_diagnostic_preserved_by_scalar_edits ... ok
test unrelated_owner_relationships_do_not_consume_selected_target_edge_cap ... ok
test signed_package_root_edge_allows_exact_noop_and_requires_unsign_reload_for_changes ... ok
test unsupported_and_ambiguous_mce_shapes_remain_opaque_or_fail_closed ... ok

test result: ok. 34 passed; 0 failed; 0 ignored; 0 measured; 0 filtered out; finished in 0.06s

     Running tests/pptx_ink_annotations.rs (/home/zhuhe/code/litchi-target-0780/quality/debug/deps/pptx_ink_annotations-85b3451e07dc63a2)

running 3 tests
test package_inventory_rejects_missing_ink_targets ... ok
test package_inventory_rejects_malformed_inkml ... ok
test package_inventory_reports_local_ink_content_parts ... ok

test result: ok. 3 passed; 0 failed; 0 ignored; 0 measured; 0 filtered out; finished in 0.06s

     Running tests/pptx_insert_duplicate_slide.rs (/home/zhuhe/code/litchi-target-0780/quality/debug/deps/pptx_insert_duplicate_slide-80de9f62dd320db9)

running 2 tests
test insert_duplicate_at_end_matches_duplicate_slide ... ok
test duplicated_slide_takes_requested_position_after_round_trip ... ok

test result: ok. 2 passed; 0 failed; 0 ignored; 0 measured; 0 filtered out; finished in 0.02s

     Running tests/pptx_insert_slide.rs (/home/zhuhe/code/litchi-target-0780/quality/debug/deps/pptx_insert_slide-c811fb9be5cb8d34)

running 2 tests
test insert_slide_into_empty_presentation_is_append ... ok
test inserted_slides_keep_position_and_ids_after_round_trip ... ok

test result: ok. 2 passed; 0 failed; 0 ignored; 0 measured; 0 filtered out; finished in 0.02s

     Running tests/pptx_kinsoku_settings.rs (/home/zhuhe/code/litchi-target-0780/quality/debug/deps/pptx_kinsoku_settings-56a254141b992c8b)

running 1 test
test presentation_kinsoku_settings_are_exposed_by_the_part_owner ... ok

test result: ok. 1 passed; 0 failed; 0 ignored; 0 measured; 0 filtered out; finished in 0.00s

     Running tests/pptx_laser_traces.rs (/home/zhuhe/code/litchi-target-0780/quality/debug/deps/pptx_laser_traces-b67539ffec7cba6d)

running 2 tests
test package_inventory_rejects_malformed_laser_trace_points ... ok
test package_inventory_reports_local_laser_traces ... ok

test result: ok. 2 passed; 0 failed; 0 ignored; 0 measured; 0 filtered out; finished in 0.02s

     Running tests/pptx_layout_metadata.rs (/home/zhuhe/code/litchi-target-0780/quality/debug/deps/pptx_layout_metadata-4b57c3acc45ddc9a)

running 2 tests
test omitted_layout_metadata_keeps_wire_defaults_explicit ... ok
test layout_owner_exposes_name_and_kind_metadata ... ok

test result: ok. 2 passed; 0 failed; 0 ignored; 0 measured; 0 filtered out; finished in 0.02s

     Running tests/pptx_layout_references.rs (/home/zhuhe/code/litchi-target-0780/quality/debug/deps/pptx_layout_references-4abe51083182a2a7)

running 1 test
test master_layout_relationships_keep_stable_ids ... ok

test result: ok. 1 passed; 0 failed; 0 ignored; 0 measured; 0 filtered out; finished in 0.02s

     Running tests/pptx_malformed_presentation.rs (/home/zhuhe/code/litchi-target-0780/quality/debug/deps/pptx_malformed_presentation-52cb3b702558a90c)

running 6 tests
test malformed_presentation_children_are_reported_by_their_owner ... ok
test malformed_presentation_roots_return_typed_errors ... ok
test malformed_slide_accessors_do_not_panic ... ok
test slide_reference_owner_rejects_case_equivalent_target_parts ... ok
test optional_slide_id_list_accepts_missing_and_empty_lists_in_both_namespaces ... ok
test slide_reference_owner_rejects_duplicate_ids_and_out_of_range_ids ... ok

test result: ok. 6 passed; 0 failed; 0 ignored; 0 measured; 0 filtered out; finished in 0.22s

     Running tests/pptx_master_animations.rs (/home/zhuhe/code/litchi-target-0780/quality/debug/deps/pptx_master_animations-002a4efe9be34064)

running 1 test
test layout_and_master_timing_metadata_is_exposed_by_animation_owner ... ok

test result: ok. 1 passed; 0 failed; 0 ignored; 0 measured; 0 filtered out; finished in 0.00s

     Running tests/pptx_master_retention.rs (/home/zhuhe/code/litchi-target-0780/quality/debug/deps/pptx_master_retention-c35a7f492cdd9cb3)

running 2 tests
test retained_master_state_is_exposed ... ok
test omitted_master_preserve_flag_defaults_to_false ... ok

test result: ok. 2 passed; 0 failed; 0 ignored; 0 measured; 0 filtered out; finished in 0.02s

     Running tests/pptx_master_shapes.rs (/home/zhuhe/code/litchi-target-0780/quality/debug/deps/pptx_master_shapes-e17268df7fd09849)

running 1 test
test master_and_layout_shape_inventories_are_available ... ok

test result: ok. 1 passed; 0 failed; 0 ignored; 0 measured; 0 filtered out; finished in 0.00s

     Running tests/pptx_master_text_styles.rs (/home/zhuhe/code/litchi-target-0780/quality/debug/deps/pptx_master_text_styles-7442e66efd5184d4)

running 1 test
test master_text_style_inventories_are_exposed_by_the_owner_part ... ok

test result: ok. 1 passed; 0 failed; 0 ignored; 0 measured; 0 filtered out; finished in 0.03s

     Running tests/pptx_master_themes.rs (/home/zhuhe/code/litchi-target-0780/quality/debug/deps/pptx_master_themes-d242bef5457e3cd4)

running 2 tests
test master_theme_inventory_resolves_through_the_standalone_owner ... ok
test master_theme_accessor_rejects_external_theme_relationships ... ok

test result: ok. 2 passed; 0 failed; 0 ignored; 0 measured; 0 filtered out; finished in 0.03s

     Running tests/pptx_master_visibility.rs (/home/zhuhe/code/litchi-target-0780/quality/debug/deps/pptx_master_visibility-43b8811572e9fbbe)

running 2 tests
test slide_and_layout_master_visibility_is_exposed_by_owner_parts ... ok
test omitted_master_visibility_flags_default_to_true ... ok

test result: ok. 2 passed; 0 failed; 0 ignored; 0 measured; 0 filtered out; finished in 0.02s

     Running tests/pptx_model3d.rs (/home/zhuhe/code/litchi-target-0780/quality/debug/deps/pptx_model3d-d33fc6e581e28e8a)

running 4 tests
test package_model3d_failed_edit_restores_the_snapshot ... ok
test package_model3d_rejects_missing_relationship_and_missing_target ... ok
test package_model3d_rejects_wrong_payload_content_type ... ok
test package_model3d_round_trip_preserves_payloads_relationships_and_unknowns ... ok

test result: ok. 4 passed; 0 failed; 0 ignored; 0 measured; 0 filtered out; finished in 0.08s

     Running tests/pptx_modern_comments.rs (/home/zhuhe/code/litchi-target-0780/quality/debug/deps/pptx_modern_comments-527096a4e94e6734)

running 2 tests
test presentation_loads_the_modern_comment_graph ... ok
test presentation_modern_comments_reject_external_author_relationships ... ok

test result: ok. 2 passed; 0 failed; 0 ignored; 0 measured; 0 filtered out; finished in 0.03s

     Running tests/pptx_modification_verifier.rs (/home/zhuhe/code/litchi-target-0780/quality/debug/deps/pptx_modification_verifier-745172acdacc861e)

running 2 tests
test read_only_recommendation_uses_the_p1710_view_mode_owner ... ok
test presentation_modification_verifier_is_exposed_by_protection_owner ... ok

test result: ok. 2 passed; 0 failed; 0 ignored; 0 measured; 0 filtered out; finished in 0.00s

     Running tests/pptx_notes_crud.rs (/home/zhuhe/code/litchi-target-0780/quality/debug/deps/pptx_notes_crud-1d4694fc59d1523a)

running 4 tests
test dirty_writer_is_rejected_before_direct_notes_owner_access ... ok
test reopened_deck_clears_all_notes_idempotently ... ok
test selector_failures_do_not_mutate_the_notes_graph ... ok
test reopened_deck_removes_notes_by_semantic_slide_and_preserves_slide_content ... ok

test result: ok. 4 passed; 0 failed; 0 ignored; 0 measured; 0 filtered out; finished in 0.10s

     Running tests/pptx_notes_facade.rs (/home/zhuhe/code/litchi-target-0780/quality/debug/deps/pptx_notes_facade-82389ae307ded6d2)

running 7 tests
test authored_notes_xml_and_referenced_master_are_compact ... ok
test facade_publishes_source_checked_lossless_edits_and_rejects_stale_patches ... ok
test notes_removal_collects_only_exclusive_descendants_and_preserves_slide_comments ... ok
test package_notes_crud_uses_semantic_slide_selectors ... ok
test shared_notes_descendant_refuses_deletion_without_partial_mutation ... ok
test unknown_notes_relationship_refuses_deletion_atomically ... ok
test notes_descendant_limit_rejects_n_plus_one_before_mutation ... ok

test result: ok. 7 passed; 0 failed; 0 ignored; 0 measured; 0 filtered out; finished in 8.13s

     Running tests/pptx_notes_graph.rs (/home/zhuhe/code/litchi-target-0780/quality/debug/deps/pptx_notes_graph-399bfb7057bc18dc)

running 2 tests
test presentation_exposes_the_default_notes_graph ... ok
test default_notes_graph_survives_save_and_reopen ... ok

test result: ok. 2 passed; 0 failed; 0 ignored; 0 measured; 0 filtered out; finished in 0.02s

     Running tests/pptx_ole_objects.rs (/home/zhuhe/code/litchi-target-0780/quality/debug/deps/pptx_ole_objects-0a671cc27381d85c)

running 4 tests
test package_inventory_rejects_missing_ole_relationships ... ok
test package_inventory_ignores_non_ole_graphic_data ... ok
test package_inventory_reports_local_ole_objects ... ok
test package_inventory_rejects_wrong_ole_payload_content_type ... ok

test result: ok. 4 passed; 0 failed; 0 ignored; 0 measured; 0 filtered out; finished in 0.07s

     Running tests/pptx_photo_album.rs (/home/zhuhe/code/litchi-target-0780/quality/debug/deps/pptx_photo_album-49a2e1d6cc782ae1)

running 1 test
test presentation_photo_album_metadata_is_preserved_as_an_opaque_extension ... ok

test result: ok. 1 passed; 0 failed; 0 ignored; 0 measured; 0 filtered out; finished in 0.02s

     Running tests/pptx_picture_backgrounds.rs (/home/zhuhe/code/litchi-target-0780/quality/debug/deps/pptx_picture_backgrounds-0a9d974a4b611ad9)

running 2 tests
test picture_background_rejects_external_image_relationships ... ok
test picture_background_serializes_with_its_image_relationship_slot ... ok

test result: ok. 2 passed; 0 failed; 0 ignored; 0 measured; 0 filtered out; finished in 0.02s

     Running tests/pptx_placeholders.rs (/home/zhuhe/code/litchi-target-0780/quality/debug/deps/pptx_placeholders-be0fbc4a325c6fe5)

running 2 tests
test slide_shape_placeholders_return_declared_types ... ok
test slide_shape_placeholders_preserve_type_decoding_errors ... ok

test result: ok. 2 passed; 0 failed; 0 ignored; 0 measured; 0 filtered out; finished in 0.02s

     Running tests/pptx_presentation_metadata.rs (/home/zhuhe/code/litchi-target-0780/quality/debug/deps/pptx_presentation_metadata-605162980dae23ef)

running 1 test
test presentation_root_metadata_is_retained_by_the_main_owner ... ok

test result: ok. 1 passed; 0 failed; 0 ignored; 0 measured; 0 filtered out; finished in 0.02s

     Running tests/pptx_presentation_settings.rs (/home/zhuhe/code/litchi-target-0780/quality/debug/deps/pptx_presentation_settings-df298c6b0f882883)

running 3 tests
test package_readers_reject_external_settings_relationships ... ok
test package_loads_local_view_and_presentation_settings ... ok
test package_readers_report_absent_settings ... ok

test result: ok. 3 passed; 0 failed; 0 ignored; 0 measured; 0 filtered out; finished in 0.04s

     Running tests/pptx_presentation_sizes.rs (/home/zhuhe/code/litchi-target-0780/quality/debug/deps/pptx_presentation_sizes-f351c4b8cdea6613)

running 2 tests
test absent_presentation_surface_sizes_return_typed_absence_or_error ... ok
test presentation_surface_sizes_are_exposed_by_main_and_wire_owners ... ok

test result: ok. 2 passed; 0 failed; 0 ignored; 0 measured; 0 filtered out; finished in 0.02s

     Running tests/pptx_readonly_recommended.rs (/home/zhuhe/code/litchi-target-0780/quality/debug/deps/pptx_readonly_recommended-e810ff24399740c1)

running 4 tests
test exact_signed_noop_is_allowed_but_changed_edit_requires_explicit_policy ... ok
test duplicate_presentation_properties_parts_are_rejected ... ok
test package_creation_round_trip_and_owner_retention ... ok
test package_snapshot_patch_is_source_checked_and_reversible ... ok

test result: ok. 4 passed; 0 failed; 0 ignored; 0 measured; 0 filtered out; finished in 0.04s

     Running tests/pptx_revision_and_changes_information.rs (/home/zhuhe/code/litchi-target-0780/quality/debug/deps/pptx_revision_and_changes_information-6d89c61b7033769f)

running 1 test
test package_and_presentation_manage_local_revision_and_changes_information ... ok

test result: ok. 1 passed; 0 failed; 0 ignored; 0 measured; 0 filtered out; finished in 0.02s

     Running tests/pptx_ribbon_customization.rs (/home/zhuhe/code/litchi-target-0780/quality/debug/deps/pptx_ribbon_customization-ac3a61b4d3f50d64)

running 3 tests
test common_ribbon_loader_rejects_external_relationships ... ok
test common_owner_removes_ribbon_families_independently ... ok
test ribbon_storage_exposes_fixed_slots_and_effective_precedence ... ok

test result: ok. 3 passed; 0 failed; 0 ignored; 0 measured; 0 filtered out; finished in 0.00s

     Running tests/pptx_root_relationships.rs (/home/zhuhe/code/litchi-target-0780/quality/debug/deps/pptx_root_relationships-0760a761b42432f8)

running 4 tests
test root_slide_and_master_relationships_reject_external_targets ... ok
test root_slide_and_master_relationships_reject_wrong_content_types ... ok
test strict_root_slide_and_master_relationships_are_supported ... ok
test root_slide_and_master_relationships_reject_wrong_types ... ok

test result: ok. 4 passed; 0 failed; 0 ignored; 0 measured; 0 filtered out; finished in 0.08s

     Running tests/pptx_sections.rs (/home/zhuhe/code/litchi-target-0780/quality/debug/deps/pptx_sections-6e5a15d81df9c4c1)

running 1 test
test presentation_sections_include_slide_membership ... ok

test result: ok. 1 passed; 0 failed; 0 ignored; 0 measured; 0 filtered out; finished in 0.00s

     Running tests/pptx_shape_fragment_namespaces.rs (/home/zhuhe/code/litchi-target-0780/quality/debug/deps/pptx_shape_fragment_namespaces-19814fe82c95ffca)

running 4 tests
test borrowed_spans_stay_exact_slices_of_the_processed_owner ... ok
test conventional_prefixes_read_the_same_from_either_accessor ... ok
test self_contained_spans_add_only_the_inherited_declarations ... ok
test unconventional_prefixes_need_the_self_contained_accessor ... ok

test result: ok. 4 passed; 0 failed; 0 ignored; 0 measured; 0 filtered out; finished in 0.00s

     Running tests/pptx_shape_identity.rs (/home/zhuhe/code/litchi-target-0780/quality/debug/deps/pptx_shape_identity-b428c6c0fd6e0cd6)

running 2 tests
test duplicate_semantic_shape_names_are_typed_errors ... ok
test slide_shapes_use_names_first_with_checked_numeric_fallback ... ok

test result: ok. 2 passed; 0 failed; 0 ignored; 0 measured; 0 filtered out; finished in 0.00s

     Running tests/pptx_shape_scene_tags.rs (/home/zhuhe/code/litchi-target-0780/quality/debug/deps/pptx_shape_scene_tags-728daef8206f2413)

running 2 tests
test facade_replaces_and_removes_a_real_shape_tag_list ... ok
test real_libreoffice_scene_keeps_nested_shapes_and_semantic_tag_anchors ... ok

test result: ok. 2 passed; 0 failed; 0 ignored; 0 measured; 0 filtered out; finished in 0.55s

     Running tests/pptx_show_events.rs (/home/zhuhe/code/litchi-target-0780/quality/debug/deps/pptx_show_events-cb577958993b864d)

running 3 tests
test event_owner_rejects_malformed_existing_show_event_times ... ok
test event_owner_ignores_events_under_other_extensions ... ok
test event_owner_stores_the_local_show_event_inventory ... ok

test result: ok. 3 passed; 0 failed; 0 ignored; 0 measured; 0 filtered out; finished in 0.04s

     Running tests/pptx_slide_catalog_memo.rs (/home/zhuhe/code/litchi-target-0780/quality/debug/deps/pptx_slide_catalog_memo-3198d5eb74bc4eb4)

running 4 tests
test a_malformed_catalog_refuses_on_every_call ... ok
test repeated_catalog_queries_return_the_first_answer ... ok
test the_memo_does_not_lend_catalog_validation_to_slide ... ok
test write_text_to_validates_the_whole_catalog_before_the_first_byte ... ok

test result: ok. 4 passed; 0 failed; 0 ignored; 0 measured; 0 filtered out; finished in 0.04s

     Running tests/pptx_slide_media.rs (/home/zhuhe/code/litchi-target-0780/quality/debug/deps/pptx_slide_media-7184e8761bc004e1)

running 2 tests
test slide_rejects_external_media_resources ... ok
test slide_loads_inert_audio_resources ... ok

test result: ok. 2 passed; 0 failed; 0 ignored; 0 measured; 0 filtered out; finished in 0.00s

     Running tests/pptx_slide_visibility.rs (/home/zhuhe/code/litchi-target-0780/quality/debug/deps/pptx_slide_visibility-3131e6c58f09113f)

running 2 tests
test hidden_slide_state_is_exposed ... ok
test omitted_slide_show_flag_is_not_hidden ... ok

test result: ok. 2 passed; 0 failed; 0 ignored; 0 measured; 0 filtered out; finished in 0.02s

     Running tests/pptx_smart_tags.rs (/home/zhuhe/code/litchi-target-0780/quality/debug/deps/pptx_smart_tags-99d23e864c71eb7e)

running 1 test
test presentation_smart_tags_relationship_is_retained_by_the_root_owner ... ok

test result: ok. 1 passed; 0 failed; 0 ignored; 0 measured; 0 filtered out; finished in 0.00s

     Running tests/pptx_table_styles.rs (/home/zhuhe/code/litchi-target-0780/quality/debug/deps/pptx_table_styles-41c43311e25c5d83)

running 8 tests
test package_loads_table_styles_part ... ok
test noncanonical_style_target_survives_transactional_raw_save ... ok
test package_updates_and_removes_catalog_without_legacy_writer_state ... ok
test presentation_styles_match_package_level ... ok
test slide_tables_report_style_switches_and_references ... ok
test style_edit_composes_with_a_new_deck_slide_edit ... ok
test style_removal_composes_with_a_new_deck_slide_edit ... ok
test strict_raw_edit_disables_the_transitional_legacy_writer ... ok

test result: ok. 8 passed; 0 failed; 0 ignored; 0 measured; 0 filtered out; finished in 0.07s

     Running tests/pptx_tag_lists.rs (/home/zhuhe/code/litchi-target-0780/quality/debug/deps/pptx_tag_lists-61f744ec9af1533e)

running 10 tests
test direct_anchor_rejects_an_external_tag_relationship ... ok
test direct_anchor_rejects_the_wrong_tag_content_type ... ok
test package_reads_direct_slide_tag_lists ... ok
test numeric_slide_lookup_does_not_process_unrelated_slides ... ok
test package_tag_edits_reject_a_dirty_legacy_writer ... ok
test package_tag_put_and_remove_are_singleton_and_persistent ... ok
test package_tag_crud_edits_only_the_active_raw_mce_branch ... ok
test slide_selectors_report_missing_ambiguous_and_out_of_bounds ... ok
test real_shape_tags_are_not_flattened_into_slide_tags ... ok
test unanchored_relationships_stay_in_the_low_level_inventory ... ok

test result: ok. 10 passed; 0 failed; 0 ignored; 0 measured; 0 filtered out; finished in 0.11s

     Running tests/pptx_task_panes.rs (/home/zhuhe/code/litchi-target-0780/quality/debug/deps/pptx_task_panes-f518836bbb6187e9)

running 3 tests
test common_web_owner_loads_inert_task_panes ... ok
test common_web_owner_rejects_external_web_extension_relationships ... ok
test common_web_owner_moves_and_removes_a_validated_task_pane_graph ... ok

test result: ok. 3 passed; 0 failed; 0 ignored; 0 measured; 0 filtered out; finished in 0.00s

     Running tests/pptx_transition_extensions.rs (/home/zhuhe/code/litchi-target-0780/quality/debug/deps/pptx_transition_extensions-0fa09ef543315c05)

running 4 tests
test transition_reader_rejects_invalid_powerpoint_2010_ripple_direction ... ok
test transition_reader_uses_the_local_powerpoint_2010_choice ... ok
test transition_writer_round_trips_custom_duration_through_compatibility_markup ... ok
test transition_writer_round_trips_powerpoint_2010_ripple_with_fade_fallback ... ok

test result: ok. 4 passed; 0 failed; 0 ignored; 0 measured; 0 filtered out; finished in 0.00s

     Running tests/pptx_vba_project.rs (/home/zhuhe/code/litchi-target-0780/quality/debug/deps/pptx_vba_project-8029e7ce6d8bbd46)

running 2 tests
test presentation_discovers_inert_vba_project_metadata ... ok
test presentation_rejects_external_vba_project_relationships ... ok

test result: ok. 2 passed; 0 failed; 0 ignored; 0 measured; 0 filtered out; finished in 0.00s

     Running tests/read_limits.rs (/home/zhuhe/code/litchi-target-0780/quality/debug/deps/read_limits-16483da041bb68dd)

running 1 test
test direct_pptx_constructors_apply_exact_and_over_input_limits ... ok

test result: ok. 1 passed; 0 failed; 0 ignored; 0 measured; 0 filtered out; finished in 0.03s

     Running tests/save_durability.rs (/home/zhuhe/code/litchi-target-0780/quality/debug/deps/save_durability-c9229cb0fa794f44)

running 1 test
test every_level_publishes_the_default_save_bytes ... ok

test result: ok. 1 passed; 0 failed; 0 ignored; 0 measured; 0 filtered out; finished in 0.11s

     Running tests/sequential_text.rs (/home/zhuhe/code/litchi-target-0780/quality/debug/deps/sequential_text-5f80b0c9a962f3e4)

running 16 tests
test custom_paragraph_separator_has_eager_and_source_parity ... ok
test eager_and_source_sinks_have_independent_legacy_text_parity ... ok
test malformed_later_slide_preserves_only_prior_slide_progress ... ok
test empty_objects_and_custom_slide_separator_follow_options ... ok
test mce_fallback_is_processed_and_foreign_text_is_not_accepted ... ok
test output_and_object_limits_report_exact_progress ... ok
test sink_progress_handles_short_zero_overreporting_interrupted_and_failure_writers ... ok
test source_cancellation_after_sink_acceptance_overrides_sink_result ... ok
test source_cancellation_before_output_is_document_progress ... ok
test source_change_overrides_simultaneous_sink_failure ... ok
test source_malformed_later_slide_preserves_only_prior_slide_progress ... ok
test source_declared_slide_size_limit_precedes_payload_load ... ok
test source_output_and_object_limits_report_exact_progress ... ok
test source_stale_after_accepted_output_overrides_sink_result ... ok
test xml_depth_limit_is_document_error ... ok
test source_stale_before_and_during_parse_is_document_progress ... ok

test result: ok. 16 passed; 0 failed; 0 ignored; 0 measured; 0 filtered out; finished in 0.26s

     Running tests/source_backed_cross_copy.rs (/home/zhuhe/code/litchi-target-0780/quality/debug/deps/source_backed_cross_copy-d3e60c01da1a55a5)

running 58 tests
test source_backed_cross_copy_accepts_missing_name_and_refuses_duplicate_ids ... ok
test source_backed_cross_copy_accepts_picture_on_destination_anchor_and_preserves_anchor_closure ... ok
test source_backed_cross_copy_aggregates_image_reservation_before_payload_reads ... ok
test source_backed_cross_copy_allocates_case_equivalent_media_collision ... ok
test source_backed_cross_copy_chart_cancellation_is_fallible ... ok
test source_backed_cross_copy_allocates_chart_uri_and_slide_relationship_collisions ... ok
test source_backed_cross_copy_chart_limits_fail_before_materialization ... ok
test source_backed_cross_copy_chart_source_version_changes_are_refused ... ok
test source_backed_cross_copy_chart_publication_is_deterministic_and_source_immutable ... ok
test source_backed_cross_copy_copies_charts_alongside_images ... ok
test source_backed_cross_copy_copies_multiple_embedded_images_in_source_order ... ok
test source_backed_cross_copy_copies_one_embedded_picture_closure ... ok
test source_backed_cross_copy_copies_shared_image_once_with_coherent_relationships ... ok
test source_backed_cross_copy_deduplicates_shared_chart_physical_members ... ok
test source_backed_cross_copy_keeps_inserted_namespace_bindings_self_contained ... ok
test source_backed_cross_copy_keeps_source_immutable_and_is_deterministic ... ok
test source_backed_cross_copy_lazily_copies_shared_payload_on_writer_memory_refusal ... ok
test source_backed_cross_copy_observes_post_entry_planning_cancellation ... ok
test source_backed_cross_copy_managed_memory_reservation_is_exact_and_bounded ... ok
test source_backed_cross_copy_preserves_media_read_errors ... ok
test source_backed_cross_copy_preserves_multiple_chart_source_order ... ok
test source_backed_cross_copy_preserves_noncompact_source_xml_with_checked_splices ... ok
test source_backed_cross_copy_preserves_typed_cancellation_during_output ... ok
test source_backed_cross_copy_preserves_untouched_destination_zip_records ... ok
test source_backed_cross_copy_refuses_duplicate_scene_trees_and_misplaced_picture_blips ... ok
test source_backed_cross_copy_refuses_lexical_embed_without_relationship_namespace ... ok
test source_backed_cross_copy_preserves_absent_and_empty_slide_names ... ok
test source_backed_cross_copy_refuses_mismatched_presentation_end_name ... ok
test source_backed_cross_copy_refuses_limits_and_cancellation_before_output ... ok
test source_backed_cross_copy_refuses_mismatched_relationship_end_name ... ok
test source_backed_cross_copy_refuses_mismatched_slide_end_name_before_planning ... ok
test source_backed_cross_copy_refuses_picture_inventory_when_r_is_rebound ... ok
test source_backed_cross_copy_refuses_name_and_layout_mismatch ... ok
test source_backed_cross_copy_refuses_protection_opaque_and_trailing_data ... ok
test source_backed_cross_copy_refuses_unbound_foreign_slide_attribute ... ok
test source_backed_cross_copy_refuses_stale_foreign_and_same_source_plans ... ok
test source_backed_cross_copy_refuses_unsupported_picture_media_closures ... ok
test source_backed_cross_copy_refuses_unsupported_relationships_and_markup ... ok
test source_backed_cross_copy_refuses_wrong_type_on_non_anchor_destination_slide_binding ... ok
test source_backed_cross_copy_refuses_wrong_type_on_non_selected_source_slide_binding ... ok
test source_backed_cross_copy_rejects_actual_source_size_mismatch ... ok
test source_backed_cross_copy_rejects_chart_outbound_resource_relationships ... ok
test source_backed_cross_copy_rejects_chart_relationship_and_leaf_variants ... ok
test source_backed_cross_copy_relationship_id_rewrite_is_source_order_deterministic ... ok
test source_backed_cross_copy_reopens_through_source_and_eager_facades ... ok
test source_backed_cross_copy_reports_source_change_during_output_with_exact_progress ... ok
test source_backed_cross_copy_reserves_before_reading_picture_media ... ok
test source_backed_cross_copy_reports_partial_short_and_zero_sink_progress ... ok
test source_backed_cross_copy_retargets_layout_to_destination_graph ... ok
test source_backed_cross_copy_retains_verified_image_and_chart_captures ... ok
test source_backed_cross_copy_rewrites_image_layout_relationship_id_collision ... ok
test source_backed_cross_copy_rewrites_only_namespace_resolved_picture_embed ... ok
test source_backed_cross_copy_shared_image_has_exact_physical_media_closure ... ok
test source_backed_cross_copy_skips_and_preserves_an_orphan_slide_relationship_member ... ok
test source_backed_cross_copy_supports_middle_and_append_positions ... ok
test source_backed_cross_copy_supports_one_relationship_free_chart_leaf ... ok
test source_backed_cross_copy_unnamed_admission_still_requires_common_slide_data ... ok
test source_backed_cross_copy_unnamed_slides_keep_nonempty_name_conflicts ... ok

test result: ok. 58 passed; 0 failed; 0 ignored; 0 measured; 0 filtered out; finished in 3.29s

     Running tests/source_backed_cross_copy_adversarial.rs (/home/zhuhe/code/litchi-target-0780/quality/debug/deps/source_backed_cross_copy_adversarial-00c164c42af745ae)

running 7 tests
test borrowed_real_producer_fixture_refuses_cross_copy_authorization ... ok
test cross_copy_exact_archive_limit_accepts_and_one_short_rejects_before_publication ... ok
test cross_copy_plan_and_durable_patch_are_byte_equivalent_and_inverse_exact ... ok
test cross_copy_rejects_stale_semantic_and_physical_inputs_without_mutation ... ok
test cross_copy_rejects_tampered_durable_patch_and_limits_before_mutation ... ok
test cross_copy_preserves_custom_parts_and_save_options_through_forward_and_inverse ... ok
test cross_copy_replans_after_dirty_destination_for_sequential_copies ... ok

test result: ok. 7 passed; 0 failed; 0 ignored; 0 measured; 0 filtered out; finished in 0.99s

     Running tests/source_backed_edit.rs (/home/zhuhe/code/litchi-target-0780/quality/debug/deps/source_backed_edit-d2d55fa8d97aa779)

running 30 tests
test batch_expansion_honors_the_source_part_limit_before_allocation ... ok
test atomic_batch_is_order_independent_and_changes_two_shapes_in_one_part ... ok
test batch_preflight_is_atomic_and_duplicate_identity_is_typed ... ok
test changed_edit_reopens_and_changes_only_the_selected_logical_part ... ok
test direct_transition_rejects_malformed_dtd_limits_stale_source_and_partial_sink ... ok
test direct_transition_semantic_noop_shares_signed_source_exactly ... ok
test direct_transition_rejects_unsafe_sources_and_supports_typed_extensions ... ok
test direct_transition_set_replaces_clears_and_reopens_with_one_part_overlay ... ok
test direct_transition_supports_strict_and_noncanonical_prefixes ... ok
test empty_and_all_equal_batch_preserve_signed_source_exactly ... ok
test multi_slide_batch_is_atomic_sorted_and_raw_copies_unselected_members ... ok
test mce_limits_strict_and_partial_sink_are_checked ... ok
test multi_slide_batch_noop_signed_source_is_exact_and_changed_signed_is_refused ... ok
test multi_slide_batch_reports_partial_sink_failure ... ok
test noop_is_byte_exact_and_signed_change_is_refused ... ok
test source_backed_exact_unknown_transition_noop_shares_source ... ok
test source_backed_extension_transition_edit_reopens_and_preserves_opaque_package_members ... ok
test source_backed_extension_transition_timing_edit_retains_typed_effect ... ok
test multi_slide_batch_rejects_empty_duplicate_over_bound_and_stale_sets ... ok
test source_backed_transition_alias_and_default_namespaces_are_rewritten_qname_safely ... ok
test source_backed_transition_edit_preserves_svg_resource_inventory_and_inactive_mce_bytes ... ok
test source_backed_transition_semantic_noop_preserves_optional_attribute_lexical_presence ... ok
test source_slide_order_move_changes_only_root_and_keeps_payloads_lazy ... ok
test source_slide_order_noop_is_byte_exact_signed_and_bad_positions_are_refused ... ok
test source_slide_order_refuses_stale_foreign_signed_cancelled_and_partial_output ... ok
test source_slide_order_rejects_limits_malformed_mce_and_invalid_owners ... ok
test stale_foreign_closure_and_changed_source_refuse_before_output ... ok
test transition_choice_edit_resolves_ancestor_namespaces_and_keeps_inactive_bindings ... ok
test transition_extension_prefix_collision_refuses_without_changing_source ... ok
test source_backed_p14_transition_effects_edit_reopen_and_inverse ... ok

test result: ok. 30 passed; 0 failed; 0 ignored; 0 measured; 0 filtered out; finished in 0.18s

     Running tests/source_backed_svg_lifecycle.rs (/home/zhuhe/code/litchi-target-0780/quality/debug/deps/source_backed_svg_lifecycle-9da4a4a8c941cb14)

running 22 tests
test attach_expands_selfclosing_ext_lst_without_rebinding_or_dropping_source_metadata ... ok
test attach_save_reopen_detach_save_reopen_restores_source_and_opaque_members ... ok
test attach_rejects_existing_svg_owner_shared_id_and_unsafe_targets_before_publication ... ok
test attachment_limits_are_checked_before_lifecycle_publication ... ok
test bom_prefixed_slide_attach_publish_and_reopen_preserves_the_bom ... ok
test detach_entity_encoded_shared_svg_relationship_keeps_media_and_other_owner ... ok
test custom_inherited_namespaces_default_drawingml_and_strict_dialect_round_trip ... ok
test detach_shared_svg_relationship_keeps_the_other_picture_owner ... ok
test foreign_nested_picture_does_not_change_direct_picture_selection ... ok
test inherited_namespace_context_respects_source_part_limit_and_is_reusable ... ok
test fresh_detach_keeps_namespace_only_ext_lst_wrapper ... ok
test malformed_shared_svg_detach_cannot_commit ... ok
test native_corpus_records_strict_refusals_and_full_hashes ... ok
test opaque_ext_pi_and_mce_payload_survive_attach_and_detach ... ok
test native_hidden_graphic_shared_svg_accepts_default_undeclaration_and_detaches_one_owner ... ok
test raster_fixture_has_no_svg_owner_and_preserves_physical_catalog ... ok
test paired_svg_detach_preserves_unknown_extension_and_shared_svg_part ... ok
test selfclosing_blip_limit_rejects_the_real_expanded_slide_size ... ok
test stale_and_signed_lifecycle_publication_refuse_before_writer_bytes ... ok
test standard_namespace_picture_lookalikes_inside_unknown_ext_stay_opaque ... ok
test svg_uri_profile_collapses_xml_whitespace_but_not_nbsp ... ok
test strict_host_attach_uses_transitional_svg_attribute_namespace_and_strict_core_relationships ... ok

test result: ok. 22 passed; 0 failed; 0 ignored; 0 measured; 0 filtered out; finished in 0.14s

     Running tests/source_backed_svg_transaction.rs (/home/zhuhe/code/litchi-target-0780/quality/debug/deps/source_backed_svg_transaction-890efa38af25ef5a)

running 8 tests
test svg_transaction_checks_replacement_limits_before_publication ... ok
test svg_transaction_noop_inverse_stale_and_signed_are_atomic ... ok
test svg_transaction_refuses_linked_svg_before_edit_creation ... ok
test svg_transaction_refuses_retained_orphan_relationship_members_before_output ... ok
test svg_transaction_refuses_shared_media_before_output ... ok
test svg_transaction_requires_the_specified_png_raster_fallback ... ok
test svg_transaction_retargets_media_and_preserves_opaque_slide_bytes ... ok
test svg_transaction_validates_every_picture_owner_before_edit_creation ... ok

test result: ok. 8 passed; 0 failed; 0 ignored; 0 measured; 0 filtered out; finished in 0.02s

     Running tests/streaming_authoring.rs (/home/zhuhe/code/litchi-target-0780/quality/debug/deps/streaming_authoring-b88df636602b2649)

running 13 tests
test empty_widescreen_slide_reopens_with_fixed_topology ... ok
test invalid_global_configuration_does_not_touch_sink ... ok
test hostile_text_and_geometry_are_refused_before_box_bytes ... ok
test order_and_limit_refusals_are_checked ... ok
test runtime_output_limit_is_exact_and_one_under_is_incomplete ... ok
test sink_failure_reports_incomplete_output_progress ... ok
test post_start_sink_failure_reports_progress_and_poisoning ... ok
test static_content_types_and_relationships_close_the_one_slide_graph ... ok
test slide_xml_limit_reserves_the_final_suffix_before_box_bytes ... ok
test title_multiple_boxes_have_deterministic_order_and_ids ... ok
test streaming_deck_is_deterministic_and_reopens ... ok
test title_only_slide_is_semantic_text_without_caller_boxes ... ok
test unicode_text_budget_is_utf8_exact_and_whitespace_is_preserved ... ok

test result: ok. 13 passed; 0 failed; 0 ignored; 0 measured; 0 filtered out; finished in 0.14s

     Running tests/streaming_metadata_spool.rs (/home/zhuhe/code/litchi-target-0780/quality/debug/deps/streaming_metadata_spool-834aa04194940956)

running 12 tests
test appending_spool_failure_is_typed_after_output_progress ... ok
test convenience_metadata_spool_matches_the_default_writer ... ok
test explicit_spool_preserves_validation_for_hostile_content_and_slide_order ... ok
test explicit_spool_refuses_invalid_configuration_before_output ... ok
test initialization_spool_failure_is_typed_and_leaves_output_empty ... ok
test interrupted_output_is_retryable_in_the_explicit_scratch_path ... ok
test output_failure_reports_accepted_bytes_and_preserves_the_typed_progress_wrapper ... ok
test output_limit_reports_the_exact_accepted_prefix_in_the_spooled_route ... ok
test replay_spool_failure_reports_exactly_the_output_bytes_accepted ... ok
test scratch_quota_failure_is_typed_and_does_not_become_a_generic_pptx_error ... ok
test short_and_interrupted_scratch_transfers_preserve_the_deck ... ok
test explicit_metadata_spool_matches_ordinary_bytes_for_default_and_widescreen_decks ... ok

test result: ok. 12 passed; 0 failed; 0 ignored; 0 measured; 0 filtered out; finished in 0.73s

     Running tests/validation.rs (/home/zhuhe/code/litchi-target-0780/quality/debug/deps/validation-5b38cb4ea4ca56c3)

running 12 tests
test graph_checks_orphan_manifests_and_agile_vba_signature_presence ... ok
test graph_limit_stops_graph_only_and_keeps_later_catalog_facts ... ok
test malformed_slide_is_a_bounded_issue_and_xml_limit_stops_dependents ... ok
test malformed_references_comments_and_depth_block_mce_truthfully ... ok
test mce_conclusion_is_order_independent_when_a_slide_cannot_be_inspected ... ok
test mce_is_reported_without_selecting_a_branch ... ok
test namespace_attribute_values_and_reader_depth_are_bounded ... ok
test signature_and_macro_presence_are_inert_facts ... ok
test source_backed_limits_are_finite_and_report_owned_xml_ceiling ... ok
test slide_id_schema_bounds_and_direct_list_cardinality_are_enforced ... ok
test valid_source_report_reuses_catalog_and_reports_external_presence_only ... ok
test strict_namespaces_and_direct_numeric_slide_owners_are_required ... ok

test result: ok. 12 passed; 0 failed; 0 ignored; 0 measured; 0 filtered out; finished in 0.01s

     Running unittests src/lib.rs (/home/zhuhe/code/litchi-target-0780/quality/debug/deps/litchi_xlsx-97742f4370f8f918)

running 1367 tests
test active_x::codec::relationships::tests::emits_nested_relationships_in_stable_order ... ok
test active_x::codec::relationships::tests::rejects_reused_relationship_ids ... ok
test active_x::codec::xml::tests::duplicate_attribute_names_are_refused_as_before ... ok
test active_x::package::tests::descriptor_persistence_variants_and_nested_objects ... ok
test active_x::package::tests::direct_xml_mutation_refuses_mce_selected_collection ... ok
test active_x::package::tests::generated_graph_store_reload_and_remove_preserves_unrelated_xml ... ok
test active_x::package::tests::generated_remove_retains_shared_preview_and_rejects_limits ... ok
test active_x::package::tests::generated_replace_rolls_back_on_conflicting_part_name ... ok
test active_x::package::tests::libreoffice_radio_buttons_resolve_five_inert_payloads ... ok
test active_x::package::tests::libreoffice_stream_init_is_opaque_and_anchored ... ok
test active_x::package::tests::malformed_and_resource_matrix ... ok
test active_x::package::tests::package_validation_and_exact_opaque_roundtrip ... ok
test active_x::package::tests::poi_property_bag_header_and_footer ... ok
test active_x::package::tests::strict_nested_mce_controls_roundtrip ... ok
test active_x::validation::tests::rejects_duplicate_control_identity ... ok
test active_x::validation::tests::rejects_invalid_relationship_name_before_package_mutation ... ok
test active_x::validation::tests::validates_complete_inert_graph_without_interpreting_payload ... ok
test active_x::vba::tests::conflicting_canonical_part_name_is_rejected_atomically ... ok
test active_x::vba::tests::discovers_macro_project_metadata_without_parsing_payloads ... ok
test active_x::vba::tests::rejects_invalid_project_before_mutating_workbook ... ok
test active_x::vba::tests::rejects_project_parts_with_outbound_relationships ... ok
test active_x::vba::tests::stores_preserves_replaces_and_removes_authored_project ... ok
test active_x::vba::tests::template_kind_survives_attach_and_remove ... ok
test active_x::vba::tests::workbooks_without_vba_projects_return_no_metadata ... ok
test auto_filter::tests::authored_filter_payloads_round_trip_through_shared_serializer ... ok
test auto_filter::tests::authored_sort_state_round_trips_and_strict_splice_preserves_neighbors ... ok
test auto_filter::tests::parses_all_variants_strict_and_mce ... ok
test auto_filter::tests::parses_bundled_fixtures ... ok
test auto_filter::tests::rejects_malformed_and_security_cases ... ok
test auto_filter::tests::source_publication_refuses_mce_selected_auto_filter ... ok
test auto_filter::tests::worksheet_replacement_preserves_dialect_and_unrelated_bytes ... ok
test auto_filter::tests::worksheet_replacement_refuses_mce_and_bounded_hostile_input ... ok
test calculation_properties::features::tests::preserves_order_duplicates_and_occurrences ... ok
test calculation_properties::features::tests::validates_names_and_nonempty_collection ... ok
test calculation_properties::limits::tests::defaults_match_existing_parser_bounds ... ok
test calculation_properties::limits::tests::rejects_zero_for_every_limit ... ok
test calculation_properties::model::tests::equality_is_effective_but_specification_is_exact ... ok
test calculation_properties::model::tests::exact_delta_comparison_is_bit_deterministic ... ok
test calculation_properties::model::tests::iteration_delta_accepts_the_xsd_double_value_space ... ok
test calculation_properties::package::tests::contextual_entry_points_share_the_source_bound_lifecycle ... ok
test calculation_properties::patch::tests::inverse_restores_the_exact_source ... ok
test calculation_properties::patch::tests::stale_owner_graph_is_rejected_atomically ... ok
test calculation_properties::snapshot::tests::enforces_raw_limit_before_retaining_source_arc ... ok
test calculation_properties::snapshot::tests::resolves_noncanonical_main_part_for_all_workbook_types_and_conformance_modes ... ok
test calculation_properties::snapshot::tests::source_binding_ignores_unrelated_workbook_relationships ... ok
test calculation_properties::tests::applies_schema_whitespace_unsigned_and_double_lexicals ... ok
test calculation_properties::tests::invalidation_preserves_qualified_future_calc_pr_attributes_exactly ... ok
test calculation_properties::tests::parses_all_attributes_and_effective_defaults ... ok
test calculation_properties::tests::parses_ordered_strict_features_and_applies_feature_limits ... ok
test calculation_properties::tests::reads_libreoffice_calculation_fixtures ... ok
test calculation_properties::tests::reads_poi_calculation_fixtures ... ok
test calculation_properties::tests::rejects_entity_references_inside_calc_pr ... ok
test calculation_properties::tests::rejects_invalid_values_structure_and_attributes ... ok
test calculation_properties::tests::rejects_mixed_dialect_owners_and_out_of_order_calc_pr ... ok
test calculation_properties::tests::rejects_oversized_workbook_xml ... ok
test calculation_properties::tests::rewrite_is_borrowed_on_noop_and_preserves_unowned_bytes ... ok
test calculation_properties::tests::rewrite_refuses_mce_projected_calc_pr ... ok
test calculation_properties::tests::serializes_large_feature_collections_with_valid_structure ... ok
test calculation_properties::tests::supports_strict_namespace_and_mce_fallback ... ok
test calculation_properties::tests::understands_xcalcf_choice_and_collapses_extension_uri_token ... ok
test calculation_properties::tests::unsigned_int_lexicals_are_digits_only_bounded_and_canonically_written ... ok
test calculation_properties::transaction::tests::changed_signed_package_is_rejected_without_mutation ... ok
test calculation_properties::transaction::tests::no_op_preserves_exact_source_even_when_signed ... ok
test calculation_properties::transaction::tests::set_and_remove_publish_exact_authored_state ... ok
test cell::tests::borrowed_number_validation_matches_owned_constructor_errors ... ok
test cell::tests::dates_are_checked_and_keep_their_lexical_form ... ok
test cell::tests::edit_content_keeps_text_inert_and_formulas_explicit ... ok
test cell::tests::numbers_preserve_lexemes_and_convert_explicitly ... ok
test cell::tests::omitted_range_collisions_are_detected ... ok
test cell::tests::producer_unknown_error_values_are_read_only ... ok
test cell::tests::range_cells_handle_sparse_rows_and_grid_edges ... ok
test cell::tests::range_cells_skip_columns_outside_each_selected_row ... ok
test cell::tests::short_integer_fast_path_matches_the_float_validation ... ok
test cell_values::admission_tests::a_copied_subtree_is_still_bounded_and_still_namespace_well_formed ... ok
test cell_values::admission_tests::a_foreign_extension_payload_is_copied_through ... ok
test cell_values::admission_tests::a_group_formula_refuses_an_edit_inside_its_range ... ok
test active_x::codec::xml::tests::many_distinct_attribute_names_are_read_in_order ... ok
test cell_values::admission_tests::a_merged_range_admits_its_anchor_and_refuses_a_covered_cell ... ok
test cell_values::admission_tests::a_pivot_cache_is_refused_by_name ... ok
test cell_values::admission_tests::a_protected_sheet_and_a_covering_data_validation_refuse_the_edit ... ok
test cell_values::admission_tests::a_relationship_reference_inside_sheet_data_is_refused ... ok
test cell_values::admission_tests::a_shared_string_cell_cannot_be_mutated_or_removed ... ok
test cell_values::admission_tests::a_shared_string_part_is_admitted_and_preserved ... ok
test cell_values::admission_tests::a_shared_string_table_is_lazy_when_no_cell_references_it ... ok
test cell_values::admission_tests::a_table_and_a_query_table_are_refused_by_name ... ok
test cell_values::admission_tests::an_exact_no_op_reproduces_the_producer_worksheet_byte_for_byte ... ok
test cell_values::admission_tests::an_unknown_element_inside_a_cell_record_is_refused ... ok
test cell_values::admission_tests::cell_metadata_is_admitted_by_the_vocabulary_and_refused_by_the_scalar_gate ... ok
test cell_values::admission_tests::compatibility_markers_on_the_worksheet_root_are_copied_through ... ok
test cell_values::admission_tests::external_relationships_stay_refused_at_every_level ... ok
test cell_values::admission_tests::inline_rich_text_is_admitted_and_reads_back_complete ... ok
test cell_values::admission_tests::misplaced_merge_markup_is_now_refused_by_the_raw_parser ... ok
test cell_values::admission_tests::multiple_shared_string_relationships_are_refused_before_parsing ... ok
test cell_values::admission_tests::out_of_sheet_data_children_are_copied_through ... ok
test cell_values::admission_tests::publishing_a_producer_shaped_package_changes_only_the_expected_members ... ok
test cell_values::admission_tests::shared_string_cells_require_a_valid_table_and_index ... ok
test cell_values::admission_tests::the_calculation_chain_is_dropped_with_its_relationship ... ok
test cell_values::admission_tests::two_package_owners_are_still_refused ... ok
test cell_values::admission_tests::unfamiliar_package_and_workbook_relationships_are_admitted ... ok
test cell_values::admission_tests::unfamiliar_workbook_children_are_copied_through ... ok
test cell_values::admission_tests::worksheet_relationships_are_admitted_and_their_references_preserved ... ok
test cell_values::facts_oracle_tests::change_0622_admitted_shapes_take_the_fact_route_and_match_the_scan ... ok
test cell_values::facts_oracle_tests::change_0622_declined_shapes_keep_the_scan_and_its_answers ... ok
test cell_values::admission_tests::a_large_shared_string_table_stays_within_the_retained_part_bound ... ok
test cell_values::facts_oracle_tests::change_0622_dense_grid_matches_the_scan_on_every_cell ... ok
test cell_values::facts_oracle_tests::change_0622_retained_records_stay_compact ... ok
test cell_values::publication_audit_tests::an_attribute_budget_exceeded_only_by_the_replaced_span_is_refused_only_by_the_original_audit ... ok
test cell_values::publication_audit_tests::an_attribute_with_no_separator_is_admitted_by_planning_and_refused_by_the_audit ... ok
test cell_values::publication_audit_tests::an_insertion_can_push_an_admitted_original_over_the_attribute_budget ... ok
test cell_values::publication_audit_tests::an_invalid_space_value_in_the_replaced_value_element_is_refused_only_by_the_original_audit ... ok
test cell_values::publication_audit_tests::whitespace_cdata_outside_the_root_is_admitted_by_planning_and_refused_by_the_audit ... ok
test cell_values::publication_audit_tests::whitespace_cdata_outside_the_workbook_root_is_admitted_by_planning_and_refused_by_the_audit ... ok
test cell_values::snapshot::row_reuse_tests::changed_output_bytes_are_observed_by_specialized_readback ... ok
test cell_values::snapshot::row_reuse_tests::clear_remove_and_existing_row_insert_match_the_complete_parser ... ok
test cell_values::snapshot::row_reuse_tests::malformed_or_mce_candidate_bytes_are_rejected_before_merge ... ok
test cell_values::snapshot::row_reuse_tests::merge_omitted_cells_handles_same_row_gaps_and_a_lower_next_row_column ... ok
test cell_values::snapshot::row_reuse_tests::new_row_and_shared_formula_inputs_use_complete_parse_semantics ... ok
test cell_values::snapshot::row_reuse_tests::no_op_source_edit_shares_the_original_semantic_store ... ok
test cell_values::snapshot::row_reuse_tests::omission_proof_from_another_source_cannot_reuse_its_store ... ok
test cell_values::snapshot::row_reuse_tests::provenance_writer_matches_ordinary_rewrite_bytes ... ok
test cell_values::snapshot::row_reuse_tests::replacement_after_implicit_cells_preserves_every_omitted_address ... ok
test cell_values::snapshot::row_reuse_tests::replacement_only_readback_matches_full_parse_for_all_scalar_facets ... ok
test cell_values::snapshot::row_reuse_tests::valid_formula_value_provenance_forces_omission_and_matches_complete_parse ... ok
test cell_values::snapshot::tests::aggregate_cap_accepts_exact_total_and_rejects_one_over ... ok
test cell_values::validation::borrow_tests::aliases_and_default_namespace_scopes_are_resolved_identically ... ok
test cell_values::validation::borrow_tests::copied_subtree_close_mismatches_match_without_fixing_the_error_owner ... ok
test cell_values::validation::borrow_tests::copied_subtrees_keep_modeled_looking_names_opaque_across_namespace_rebinding ... ok
test cell_values::validation::borrow_tests::document_type_declarations_are_refused_with_exact_errors ... ok
test cell_values::validation::borrow_tests::empty_namespace_rebinding_restores_scope_for_siblings_and_closing_tags ... ok
test cell_values::validation::borrow_tests::every_modeled_name_and_event_form_matches_the_owned_reference ... ok
test cell_values::validation::borrow_tests::every_truncation_of_namespace_rich_valid_fixture_is_differentially_checked ... ok
test cell_values::validation::borrow_tests::malformed_and_composed_span_errors_keep_first_error_precedence ... ok
test cell_values::validation::borrow_tests::malformed_and_duplicate_attributes_match_parser_errors ... ok
test cell_values::validation::borrow_tests::malformed_and_truncated_inputs_keep_parser_errors_identical ... ok
test cell_values::validation::borrow_tests::mismatched_and_unbalanced_closing_tags_have_exact_errors ... ok
test cell_values::validation::borrow_tests::modeled_names_in_the_wrong_composed_context_keep_exact_refusals ... ok
test cell_values::validation::borrow_tests::namespace_failures_have_the_frozen_exact_errors ... ok
test cell_values::validation::borrow_tests::text_cdata_and_general_references_are_checked_in_context ... ok
test cell_values::validation::borrow_tests::transitional_and_strict_worksheet_and_workbook_inputs_are_accepted ... ok
test cell_values::validation::borrow_tests::workbook_invalid_inputs_are_checked_against_the_same_owned_loop ... ok
test cell_values::validation::shared_traversal_tests::copied_modeled_names_and_namespace_rebinding_match_authoritative_fallback ... ok
test cell_values::validation::shared_traversal_tests::declaration_only_markers_reach_the_shared_traversal ... ok
test cell_values::validation::shared_traversal_tests::eligible_small_source_uses_successful_value_edit_control ... ok
test cell_values::validation::shared_traversal_tests::event_bound_admits_main_numeric_grids ... ok
test cell_values::validation::shared_traversal_tests::exact_text_cap_and_chunk_boundaries ... ok
test cell_values::validation::shared_traversal_tests::ignorable_directive_proof_is_narrow_and_transparent ... ok
test cell_values::validation::shared_traversal_tests::lexical_event_bound_false_positive_still_uses_authoritative_fallback ... ok
test cell_values::validation::shared_traversal_tests::lexical_event_bound_matches_direct_ns_reader_edge_oracle ... ok
test cell_values::validation::shared_traversal_tests::marker_admission_matches_the_authoritative_path_on_every_real_worksheet ... ok
test cell_values::validation::shared_traversal_tests::provisional_event_cap_falls_back_without_refusing_valid_or_late_failures ... ok
test cell_values::validation::shared_traversal_tests::rewrite_declaration_budget_is_per_start_tag ... ok
test cell_values::validation::shared_traversal_tests::rewrite_only_refusals_survive_marker_admission ... ok
test cell_values::validation::shared_traversal_tests::shared_fallback_preserves_reader_and_validator_first_error_order ... ok
test cell_values::validation::shared_traversal_tests::source_size_cap_falls_back_without_refusing_valid_or_late_failures ... ok
test cell_watches::tests::parses_watches_in_document_order ... ok
test cell_watches::tests::rejects_structure_attributes_and_references ... ok
test cell_watches::tests::rejects_unsafe_document_boundaries_and_depth ... ok
test cell_watches::tests::supports_strict_namespace ... ok
test cell_watches::tests::write_round_trips_through_the_reader ... ok
test chain::tests::adversarial_xml_returns_errors_without_unwinding ... ok
test chain::tests::loads_real_poi_and_synthetic_packages_and_validates_relationships ... ok
test chain::tests::malformed_duplicate_keys_are_retained_but_never_selected_silently ... ok
test chain::tests::package_calculation_chain_mutators_reject_invalid_existing_graphs ... ok
test chain::tests::parses_writes_typed_sheets_steps_strict_and_extensions ... ok
test chain::tests::positional_repairs_refresh_ambiguous_import_state ... ok
test chain::tests::preprocesses_mce_and_rejects_malformed_records ... ok
test chain::tests::refuses_to_canonicalize_mce_projected_chain_sources ... ok
test chain::tests::rejects_chain_sheet_ids_absent_from_workbook_catalog_exactly ... ok
test chain::tests::rejects_oversized_nested_calculation_content_before_decoding ... ok
test chain::tests::rejects_raw_oversized_attributes_before_entity_decoding ... ok
test chain::tests::removal_retains_a_calculation_chain_part_referenced_elsewhere ... ok
test chain::tests::retained_extension_list_resolves_standalone ... ok
test chain::tests::semantic_and_positional_crud_is_checked_and_failure_atomic ... ok
test chain::tests::semantic_mutations_reject_ambiguous_imports_without_changing_order ... ok
test chain::tests::signed_publication_allows_exact_noops_and_rejects_changes ... ok
test chain::tests::stores_rewrites_and_removes_inert_calculation_chain_parts ... ok
test chain::tests::workbook_mce_expansion_is_rejected_during_bounded_processing ... ok
test chain::tests::workbook_sheet_catalog_enforces_its_exact_projected_boundary ... ok
test chart_sheet::codec::tests::duplicate_attribute_names_are_refused_as_before ... ok
test chart_sheet::codec::tests::many_distinct_attribute_names_are_read_in_order ... ok
test chart_sheet::package::codec::tests::duplicate_attribute_names_are_refused_as_before ... ok
test chart_sheet::package::codec::tests::many_distinct_attribute_names_are_read_in_order ... ok
test chart_sheet::package::tests::chart_ex_strict_mce_selects_extended_choice_and_preserves_classic_fallback_behavior ... ok
test chart_sheet::package::tests::chart_ex_user_shapes_png_svg_transitional_and_strict_round_trip ... ok
test chart_sheet::package::tests::chart_ex_user_shapes_rejects_graph_mime_namespace_collision_and_caps ... ok
test chart_sheet::package::tests::chart_outbound_tests::chart_ex_complete_outbound_family_round_trips_strict_and_transitional ... ok
test chart_sheet::package::tests::chart_outbound_tests::chart_ex_outbound_rejects_active_external_mismatch_collision_roots_and_caps ... ok
test chart_sheet::package::tests::classic_chart_embedded_workbook_relationship_round_trips ... ok
test chart_sheet::package::tests::classic_chart_relationship_metadata_must_match_xml ... ok
test chart_sheet::package::tests::drawing_chart_reference_cap_is_checked_before_retention_grows ... ok
test chart_sheet::package::tests::ext_list_package_round_trip_preserves_inert_internal_and_external_relationships ... ok
test chart_sheet::package::tests::ext_list_strict_mce_duplicate_uri_and_deterministic_round_trip ... ok
test chart_sheet::package::tests::loads_both_poi_chartsheet_graphs ... ok
test chart_sheet::package::tests::mce_fallback_selects_chartsheet_views ... ok
test chart_sheet::package::tests::mce_fallback_selects_custom_chartsheet_views ... ok
test chart_sheet::package::tests::picture_mce_schema_and_inert_round_trip ... ok
test chart_sheet::package::tests::printer_settings_package_round_trip_preserves_opaque_bytes ... ok
test chart_sheet::package::tests::printer_settings_page_setup_strict_mce_and_schema_order ... ok
test chart_sheet::package::tests::real_libreoffice_chart_ex_fixture_round_trips_as_inert_resources ... ok
test chart_sheet::package::tests::rejects_chart_ex_drawing_shape_roots_cardinality_relationships_and_caps ... ok
test chart_sheet::package::tests::rejects_chart_ex_wrong_type_orphan_escape_outbound_and_companion_graphs ... ok
test chart_sheet::package::tests::rejects_existing_background_part_collision_before_mutation ... ok
test chart_sheet::package::tests::rejects_ext_list_schema_order_uri_payload_and_caps ... ok
test chart_sheet::package::tests::rejects_extension_relationship_missing_orphan_mismatch_duplicate_escape_caps_and_wrong_namespace ... ok
test chart_sheet::package::tests::rejects_external_wrong_type_escaped_and_unreferenced_picture_relationships ... ok
test chart_sheet::package::tests::rejects_external_wrong_type_escaped_orphan_and_outbound_vml_graphs ... ok
test chart_sheet::package::tests::rejects_malformed_caps_and_graphs ... ok
test chart_sheet::package::tests::rejects_picture_cardinality_order_metadata_and_caps ... ok
test chart_sheet::package::tests::rejects_printer_settings_external_wrong_type_escape_orphan_content_type_and_outbound_graphs ... ok
test chart_sheet::package::tests::rejects_printer_settings_pairing_paths_collisions_and_caps_before_mutation ... ok
test chart_sheet::package::tests::rejects_vml_pairing_content_type_collision_and_caps ... ok
test chart_sheet::package::tests::rejects_vml_schema_duplicates_order_and_missing_ids ... ok
test chart_sheet::package::tests::rejects_web_publish_count_and_string_caps ... ok
test chart_sheet::package::tests::rejects_web_publish_malformed_duplicates_cardinality_and_order ... ok
test chart_sheet::package::tests::store_is_atomic_when_new_candidate_parts_conflict_case_insensitively ... ok
test chart_sheet::package::tests::store_rejects_non_bijective_drawing_chart_resources ... ok
test chart_sheet::package::tests::strict_package_writer_round_trips_complete_leaf_graph ... ok
test chart_sheet::package::tests::strict_typed_xml_round_trip ... ok
test chart_sheet::package::tests::transitional_custom_view_reference_round_trip ... ok
test chart_sheet::package::tests::transitional_picture_package_round_trip_preserves_opaque_bytes ... ok
test chart_sheet::package::tests::validates_typed_package_graph_without_store_side_effects ... ok
test chart_sheet::package::tests::vml_mce_schema_order_and_inert_round_trip ... ok
test chart_sheet::package::tests::web_publish_mce_fallback_and_inert_references ... ok
test chart_sheet::package::tests::web_publish_package_load_store_preserves_metadata_only ... ok
test chart_sheet::package::tests::web_publish_schema_enum_and_deterministic_round_trip ... ok
test chart_sheet::tests::semantic_view_children_round_trip_through_the_flat_facade ... ok
test color::tests::opaque_rgb_uses_ff_alpha_and_canonical_display ... ok
test color::tests::parse_error_is_specific_and_std_error_compatible ... ok
test color::tests::parses_exact_argb_wire_order_case_insensitively ... ok
test color::tests::rejects_non_argb_lengths_and_non_hex_bytes ... ok
test column::tests::bounded_assignment_tree_matches_a_naive_grid_oracle ... ok
test column::tests::later_ranges_replace_the_complete_effective_column_record ... ok
test column::tests::widths_and_outlines_are_checked_before_they_enter_layout_state ... ok
test conditional_formatting::tests::fixed_domains_are_compact_exact_and_strict ... ok
test conditional_formatting::tests::office_2010_icon_sets_are_distinct_from_core_sets ... ok
test conditional_formatting::tests::parses_core_payloads_and_differential_reference ... ok
test conditional_formatting::tests::parses_poi_and_libreoffice_conditional_formatting_fixtures ... ok
test conditional_formatting::tests::rejects_malformed_and_dangerous_content ... ok
test conditional_formatting::tests::retained_differential_markup_resolves_standalone ... ok
test connections::codec::source_offsets_tests::active_offsets_decode_entity_escaped_mce_namespace_declarations ... ok
test connections::codec::source_offsets_tests::active_offsets_require_an_mce_namespace_declaration ... ok
test connections::codec::source_offsets_tests::processing_instruction_offset_mapping_is_streaming_and_exact ... ok
test connections::codec::tests::namespace_context_rejects_invalid_reserved_bindings ... ok
test connections::codec::tests::opaque_namespace_rewrite_does_not_touch_text_or_attribute_values ... ok
test connections::codec::tests::parse_dom_shares_inherited_namespace_contexts_and_uri_storage ... ok
test connections::codec::tests::processing_instruction_filter_borrows_clean_input_and_splices_exact_spans ... ok
test connections::codec::tests::source_edits_reject_oversized_final_output_before_copying ... ok
test connections::codec::tests::source_patch_combines_scalar_and_child_changes_for_prefixed_and_unprefixed_self_closing_nodes ... ok
test connections::codec::tests::source_patch_expands_self_closing_nested_collections_with_scalar_edits ... ok
test connections::codec::tests::source_patch_inserts_children_in_schema_order_and_expands_self_closing_nodes ... ok
test connections::codec::tests::source_patch_keeps_mce_branch_while_editing_nested_table_sequence ... ok
test connections::codec::tests::source_patch_preserves_comments_and_processing_instructions_in_replaced_children ... ok
test connections::codec::tests::source_patch_preserves_mce_fallback_and_keeps_equal_offset_inserts_ordered ... ok
test connections::codec::tests::source_patch_publishes_connection_reorders ... ok
test connections::codec::tests::source_patch_removes_selected_nested_subtrees_with_their_owned_markup ... ok
test connections::codec::tests::source_patch_reorders_nested_items_without_losing_opaque_markup ... ok
test connections::codec::tests::source_patch_replaces_extlst_as_an_explicit_whole_owner ... ok
test connections::codec::tests::source_patch_resolves_prefixed_core_and_ignores_foreign_local_names ... ok
test connections::codec::tests::source_patch_updates_nested_collections_without_losing_source_slots ... ok
test connections::codec::tests::source_patch_updates_same_index_items_across_direct_and_mce_parents ... ok
test connections::codec::tests::source_patch_updates_typed_children_inside_active_mce_fallback ... ok
test connections::codec::tests::source_patch_updates_web_scalar_without_rebuilding_mce_tables_or_pi_slots ... ok
test connections::codec::tests::source_tree_shares_inherited_namespace_contexts_and_uri_storage ... ok
test connections::embedded_data::tests::custom_data_binding_growth_is_bounded_before_replacement_copies ... ok
test connections::embedded_data::tests::custom_data_reference_parser_checks_namespaces_framing_and_entities ... ok
test connections::namespace::tests::deeply_linked_contexts_drop_without_recursive_parent_unwinding ... ok
test connections::namespace::tests::default_empty_and_xml_namespaces_have_distinct_resolution ... ok
test connections::namespace::tests::depth_binding_and_metadata_bounds_are_cumulative ... ok
test connections::namespace::tests::empty_children_share_frames_and_uri_storage ... ok
test connections::namespace::tests::large_distinct_declaration_list_is_bounded_without_uri_intern_scans ... ok
test connections::namespace::tests::many_children_share_large_inherited_uri_storage ... ok
test connections::namespace::tests::shadowing_keeps_outer_scope_and_inherited_uri_sharing ... ok
test connections::tests::accepts_processing_instructions_while_still_validating_connections ... ok
test connections::tests::bounded_serializer_rejects_oversized_output_before_appending ... ok
test connections::tests::conformance_uses_the_root_namespace_only ... ok
test connections::tests::extension_owner_transaction_projection_handles_compact_pi_mce_and_foreign_contexts ... ok
test connections::tests::extension_projection_uses_a_bounded_id_index_for_many_connections ... ok
test connections::tests::failed_add_preserves_the_existing_connection_set ... ok
test connections::tests::failed_reorder_preserves_the_existing_connection_order ... ok
test connections::tests::graph_closure_rejects_foreign_connections_and_invalid_query_table_edges ... ok
test connections::tests::large_transaction_reorder_publishes_the_requested_order ... ok
test connections::tests::large_transaction_scalar_commit_reopens_with_stable_ids ... ok
test connections::tests::libreoffice_olap_and_extensions ... ok
test connections::tests::libreoffice_prefixed_core_namespace ... ok
test connections::tests::libreoffice_text_import_fields ... ok
test connections::tests::poi_database_mce_and_strict_roundtrip ... ok
test connections::tests::poi_web_paths_are_inert ... ok
test connections::tests::query_table_validation_accepts_processing_instructions ... ok
test connections::tests::recognized_owner_targets_reject_query_and_fragment_components ... ok
test connections::tests::rejects_external_wrong_content_and_outbound_package_edges ... ok
test connections::tests::rejects_malformed_and_unsafe ... ok
test connections::tests::standards_parameters_tables_strict_and_mce ... ok
test connections::tests::transaction_creates_and_removes_the_connections_owner ... ok
test connections::tests::transaction_noop_and_stale_failure_are_source_checked ... ok
test connections::tests::typed_transaction_preserves_opaque_connection_xml_and_inverse ... ok
test custom_data::package::tests::case_aliased_foreign_inbound_edge_refuses_removal_atomically ... ok
test custom_data::package::tests::case_aliased_graph_targets_load_and_remove ... ok
test custom_data::package::tests::changed_patch_refuses_low_level_signature_removal_until_unsign ... ok
test custom_data::package::tests::changed_transaction_refuses_low_level_signature_removal_until_unsign ... ok
test custom_data::package::tests::connection_only_byte_and_graph_changes_conflict_with_custom_data_patch ... ok
test custom_data::package::tests::custom_data_insert_and_remove_are_graph_atomic ... ok
test custom_data::package::tests::custom_data_load_runs_the_complete_connections_graph_validator ... ok
test custom_data::package::tests::custom_data_relationships_require_strict_feature_owned_part_edges ... ok
test custom_data::package::tests::default_output_ceiling_matches_package_ceiling ... ok
test custom_data::package::tests::detach_reopen_inverse_restores_exact_relationships_and_connection_source ... ok
test custom_data::package::tests::extension_list_edits_preserve_surrounding_source_and_inverse_bytes ... ok
test custom_data::package::tests::insertion_splices_the_existing_workbook_relationship_source ... ok
test custom_data::package::tests::malformed_type_five_connections_are_rejected_before_custom_data_edits ... ok
test custom_data::package::tests::metadata_edits_and_snapshots_share_payload_storage ... ok
test custom_data::package::tests::payload_replacement_and_insertion_move_buffers_into_publication ... ok
test custom_data::package::tests::public_package_rename_and_remove_reopen_with_resolved_references ... ok
test custom_data::package::tests::reference_rename_cancellation_and_failed_mutation_are_exact ... ok
test custom_data::package::tests::referenced_remove_requires_disposition_and_detach_is_reversible ... ok
test custom_data::package::tests::rejects_dangling_wrong_type_and_unmodeled_connection_identity_edits ... ok
test custom_data::package::tests::removal_reopen_inverse_restores_exact_content_types_member ... ok
test custom_data::package::tests::removal_reopen_inverse_restores_exact_relationship_members ... ok
test custom_data::package::tests::removing_empty_payload_has_an_exact_inverse ... ok
test custom_data::package::tests::rename_splices_properties_and_all_connection_ids_and_preserves_exact_inverse ... ok
test custom_data::package::tests::retarget_removal_follows_the_selected_storage_through_rename ... ok
test custom_data::package::tests::source_bound_custom_data_crud_preserves_payload_and_inverse_bytes ... ok
test data_consolidation::tests::canonical_writer_round_trips_range_name_relationships_and_flags ... ok
test data_consolidation::tests::parses_every_function_and_effective_defaults ... ok
test data_consolidation::tests::rejects_malformed_counts_choices_spoofing_duplicates_unknowns_and_bounds ... ok
test data_consolidation::tests::supports_strict_mce_preservation_and_exact_schema_position ... ok
test data_type_icons::tests::adding_without_an_existing_extension_owner_is_explicitly_refused ... ok
test data_type_icons::tests::reads_both_elements_with_inherited_namespace_bindings ... ok
test data_type_icons::tests::rejects_duplicates_misplaced_payloads_and_bad_booleans ... ok
test data_type_icons::tests::rejects_entity_content_and_accepts_schema_collapsed_boolean_whitespace ... ok
test data_type_icons::tests::retains_ignorable_data_type_icon_extensions_in_both_owner_contexts ... ok
test data_type_icons::tests::rewrites_one_owner_and_preserves_unknown_extension_bytes ... ok
test data_type_icons::tests::rewrites_the_selected_view_when_multiple_owners_exist ... ok
test data_type_icons::tests::source_transaction_edits_custom_sheet_view_without_rebuilding_other_views ... ok
test data_type_icons::tests::source_transaction_has_exact_noop_and_inverse_restore ... ok
test data_validation::codec::tests::parses_poi_and_libreoffice_fixtures ... ok
test data_validation::codec::tests::parses_strict_mce_and_quoted_list ... ok
test data_validation::codec::tests::rejects_malformed_and_dangerous_input ... ok
test drawing::codec::tests::caller_part_cap_rejects_mce_output_growth_before_typed_parse ... ok
test drawing::codec::tests::depth_is_admitted_before_empty_element_semantics ... ok
test drawing::codec::tests::exact_part_cap_accepts_unmodified_drawing_without_mce ... ok
test drawing::source_tests::cloned_source_records_keep_the_member_borrowed ... ok
test drawing::source_tests::contextual_projection_uses_raw_fragment_limit_boundary ... ok
test drawing::source_tests::contextual_svg_values_share_scope_without_retaining_completed_fragments ... ok
test drawing::source_tests::duplicate_and_mce_owner_branches_are_refused_without_guessing ... ok
test drawing::source_tests::scans_direct_pictures_in_all_anchor_forms_and_preserves_ranges ... ok
test drawing::source_tests::source_limits_and_provenance_reject_unbounded_or_unrelated_inputs ... ok
test drawing::source_tests::strict_host_keeps_transitional_svg_attribute_dialect ... ok
test drawing::source_tests::strict_mixed_namespace_profile_keeps_shared_svg_relationships_typed ... ok
test drawing::tests::parses_chartsheet_absolute_anchor_chart ... ok
test drawing::tests::parses_default_namespace_transitional_drawing ... ok
test drawing::tests::parses_prefixed_strict_picture_and_chart_anchors_in_source_order ... ok
test drawing::tests::rejects_malformed_drawing_anchors_and_bounded_marker_text ... ok
test drawing::tests::retains_unknown_shape_as_inert_structure ... ok
test drawing::tests::reuses_shared_drawingml_text_body_types ... ok
test drawing::worksheet_source::tests::attribute_limits_and_duplicates_are_refused_as_before ... ok
test drawing::worksheet_source::tests::expanded_names_are_validated_past_the_bounded_reservation ... ok
test error::tests::allocation_preserves_resource_and_source ... ok
test error::tests::form_control_execution_cancellation_remains_typed ... ok
test error::tests::form_control_execution_limit_retains_resource_scope_and_full_width ... ok
test error::tests::form_control_refusal_retains_leaf_limit_details ... ok
test error::tests::resource_refusal_retains_typed_budget_details ... ok
test external_links::tests::alternate_url_add_remove_and_child_crud_preserve_unknown_source ... ok
test external_links::tests::alternate_url_child_insertions_keep_schema_order_and_expand_empty_sources ... ok
test external_links::tests::alternate_url_edits_preserve_opaque_children_and_inverse_exactly ... ok
test external_links::tests::alternate_url_patch_matches_expanded_relationship_namespace_not_foreign_id ... ok
test external_links::tests::alternate_url_relationship_id_is_bounded_before_entity_decoding ... ok
test external_links::tests::alternate_url_relationship_targets_and_metadata_are_bounded_before_retention ... ok
test external_links::tests::alternate_url_removal_refuses_to_discard_opaque_descendants ... ok
test external_links::tests::alternate_url_same_relationship_id_replaces_the_physical_target ... ok
test external_links::tests::alternate_url_source_matching_uses_expanded_element_namespaces ... ok
test external_links::tests::alternate_urls_reject_duplicate_children_and_oversized_service_ids ... ok
test external_links::tests::alternate_urls_use_the_normative_namespace_and_relationship_closure ... ok
test external_links::tests::canonical_writer_validates_target_relationship_metadata ... ok
test external_links::tests::oversized_opaque_external_link_source_is_rejected_before_retention ... ok
test external_links::tests::package_crud_keeps_relationship_graph_bounded_and_inert ... ok
test external_links::tests::parses_sparse_workbook_cache_and_keeps_target_inert ... ok
test external_links::tests::rejects_external_cached_matrix_mismatch ... ok
test external_links::tests::transaction_edits_known_metadata_without_rebuilding_opaque_xml ... ok
test external_links::tests::transaction_noop_and_inverse_are_exact_and_source_checked ... ok
test external_links::tests::typed_dde_round_trips_without_target_relationships ... ok
test form_control::codec::tests::aggregate_opaque_cap_is_enforced_during_owned_and_borrowed_scans ... ok
test form_control::codec::tests::borrowed_opaque_item_cannot_be_detached_without_its_source_range ... ok
test form_control::codec::tests::detached_opaque_write_keeps_an_absent_outer_default_namespace_empty ... ok
test form_control::codec::tests::detached_output_is_rejected_before_large_formula_serialization ... ok
test form_control::codec::tests::detached_prefix_avoids_item_list_local_prefix_collisions ... ok
test form_control::codec::tests::distinct_namespace_context_charges_one_arc_header_at_boundary ... ok
test form_control::codec::tests::empty_item_list_is_expanded_without_broken_self_closing_markup ... ok
test form_control::codec::tests::empty_item_list_splice_preserves_opening_attributes_and_scope ... ok
test form_control::codec::tests::generated_xsd_string_attributes_preserve_xml_whitespace_references ... ok
test form_control::codec::tests::inherited_namespace_scope_is_shared_across_many_borrowed_items ... ok
test form_control::codec::tests::item_list_order_and_source_splice_are_bounded ... ok
test form_control::codec::tests::item_list_unknown_attributes_are_bounded_and_source_preserved ... ok
test form_control::codec::tests::item_replacement_reuses_unchanged_lexical_item_ranges ... ok
test form_control::codec::tests::item_splice_output_cap_is_checked_before_candidate_buffer ... ok
test form_control::codec::tests::managed_source_payload_keeps_reservation_and_exact_bytes_after_owner_drop ... ok
test form_control::codec::tests::namespace_and_bounds_fail_closed ... ok
test form_control::codec::tests::namespace_arc_publication_counts_source_vec_peak ... ok
test form_control::codec::tests::namespace_context_capacity_is_exact_at_parse_and_write_boundaries ... ok
test form_control::codec::tests::native_fragment_is_exact_noop_and_exposes_defaults ... ok
test form_control::codec::tests::opaque_namespaces_and_extensions_survive_detached_scalar_edit ... ok
test form_control::codec::tests::retained_vector_growth_accounts_actual_capacity_and_reallocation_peak ... ok
test form_control::codec::tests::scalar_splice_preserves_lexical_context_and_invalid_formula ... ok
test form_control::codec::tests::source_formula_and_detached_opaque_caps_fail_closed ... ok
test form_control::codec::tests::source_formula_shape_diagnostic_is_preserved_but_untrusted_formula_is_not_authored ... ok
test form_control::codec::tests::source_parse_context_charges_one_clone_shared_semantic_lease ... ok
test form_control::codec::tests::source_parse_context_checks_cancellation_at_event_boundaries ... ok
test form_control::codec::tests::source_parse_context_refuses_metadata_before_model_construction ... ok
test form_control::codec::tests::source_payload_parse_shares_owned_allocation_and_survives_clone ... ok
test form_control::codec::tests::standalone_parse_still_detaches_input_source ... ok
test form_control::codec::tests::xml10_character_boundaries_are_checked_exactly ... ok
test form_control::mirror::tests::boolean_empty_element_uses_proven_lexical_set ... ok
test form_control::mirror::tests::checked_pair_splice_preserves_vml_lexical_context ... ok
test form_control::mirror::tests::disagreement_is_refused ... ok
test form_control::mirror::tests::exact_output_limit_accepts_numeric_shrink_and_one_under_refuses ... ok
test form_control::mirror::tests::exact_output_limit_accounts_for_effective_x14_attribute_insertion ... ok
test form_control::mirror::tests::exact_output_limit_accounts_for_escaped_formula_and_one_under_refuses ... ok
test form_control::mirror::tests::formula_source_value_is_escaped_and_bounded ... ok
test form_control::mirror::tests::nonzero_client_data_range_splices_the_complete_vml_member ... ok
test form_control::mirror::tests::object_type_transition_is_refused ... ok
test form_control::mirror::tests::opaque_target_content_is_refused ... ok
test form_control::mirror::tests::source_noop_copies_exact_bytes ... ok
test form_control::mirror::tests::unknown_boolean_is_refused_without_touching_x14 ... ok
test form_control::model::tests::opaque_xml_clone_keeps_generated_source_budget_alive ... ok
test form_control::model::tests::properties_clone_shares_backing_until_mutation ... ok
test form_control::model::tests::shared_vec_replacement_reuses_unique_backing ... ok
test form_control::owner::tests::eager_inventory_budget_is_held_through_scan_and_released_after_drop ... ok
test form_control::owner::tests::eager_inventory_failure_releases_reservations ... ok
test form_control::owner::tests::eager_inventory_projection_is_part_of_no_context_scan_cap ... ok
test form_control::owner::tests::nested_alternate_content_in_an_ignored_choice_stays_ignored ... ok
test formula::tests::explicit_formula_construction_is_checked ... ok
test formula::tests::explicit_formula_construction_rejects_xml_forbidden_characters ... ok
test header_footer::tests::loads_libreoffice_color_sections_fixture ... ok
test header_footer::tests::loads_poi_ampersand_fixture ... ok
test header_footer::tests::parses_all_variants_defaults_and_sections ... ok
test header_footer::tests::preserves_ampersands_and_unrecognized_formatting ... ok
test header_footer::tests::rejects_duplicates_order_and_nested_markup ... ok
test hyperlinks::codec::tests::hyperlink_relationship_ids_are_exclusively_owned ... ok
test hyperlinks::codec::tests::malformed_or_opaque_hyperlink_graphs_fail_closed ... ok
test hyperlinks::codec::tests::malformed_roots_names_and_event_floods_are_rejected ... ok
test hyperlinks::codec::tests::orphan_hyperlink_relationship_is_rejected ... ok
test hyperlinks::codec::tests::transitional_and_strict_links_are_typed_and_inert ... ok
test ignored_errors::tests::parses_all_flags_ranges_and_defaults ... ok
test ignored_errors::tests::reads_poi_ignored_error_fixtures ... ok
test ignored_errors::tests::rejects_bad_references_structure_attributes_and_limits ... ok
test ignored_errors::tests::rejects_multiple_roots_direct_text_and_excessive_depth ... ok
test ignored_errors::tests::retained_extension_markup_resolves_standalone ... ok
test ignored_errors::tests::supports_strict_mce_and_extension_retention ... ok
test layout::tests::numeric_domains_are_const_checked_and_normalize_negative_zero ... ok
test layout::tests::outline_accessors_preserve_explicit_zero_attribute_presence ... ok
test merge::tests::interval_tree_finds_many_tall_ranges_without_expanding_rows ... ok
test merge::tests::interval_tree_matches_a_sparse_grid_oracle ... ok
test merge::tests::rejects_two_dimensional_overlap_without_expanding_ranges ... ok
test merge::tests::validates_and_finds_sparse_vertical_and_horizontal_merges ... ok
test named_sheet_view::codec::tests::authors_detailed_value_date_and_sort_metadata ... ok
test named_sheet_view::codec::tests::constructs_core_views_and_extends_libreoffice_metadata ... ok
test named_sheet_view::codec::tests::detailed_authoring_rejects_invalid_relationships_and_filter_values ... ok
test named_sheet_view::codec::tests::discovers_libreoffice_fixture_and_parses_filters ... ok
test named_sheet_view::codec::tests::package_crud_rejects_invalid_existing_graph_before_replacement ... ok
test named_sheet_view::codec::tests::package_crud_round_trips_real_fixture_and_removes_unreferenced_part ... ok
test named_sheet_view::codec::tests::parses_mce_rich_sort_and_extensions ... ok
test named_sheet_view::codec::tests::poi_fixture_has_no_named_sheet_views_relationship ... ok
test named_sheet_view::codec::tests::rejects_schema_guid_range_and_security_errors ... ok
test named_sheet_view::codec::tests::rejects_unsafe_fragments_and_mismatched_color_sort_formats ... ok
test named_sheet_view::codec::tests::retained_markup_resolves_standalone ... ok
test named_sheet_view::codec::tests::serializes_libreoffice_fixture_without_losing_filter_or_sort_metadata ... ok
test ole_objects::codec::tests::duplicate_attribute_names_are_refused_as_before ... ok
test ole_objects::codec::tests::many_distinct_attribute_names_are_read_in_order ... ok
test ole_objects::codec::tests::raw_attributes_keep_document_order_and_spans ... ok
test ole_objects::codec::tests::raw_attributes_of_a_large_tag_are_matched_in_order ... ok
test ole_objects::tests::accepts_inert_external_package_target ... ok
test ole_objects::tests::loads_real_poi_mce_objects_without_opening_payloads ... ok
test ole_objects::tests::mce_choice_and_fallback_sources_remain_editable_without_activation ... ok
test ole_objects::tests::no_op_is_byte_exact_and_invalid_edits_are_staged_atomically ... ok
test ole_objects::tests::patches_replay_exact_sources_invert_and_reject_stale_targets_atomically ... ok
test ole_objects::tests::rejects_malformed_markup_caps_and_graphs ... ok
test ole_objects::tests::source_bound_anchor_edits_preserve_unknown_markup_and_payload_bytes ... ok
test ole_objects::tests::source_bound_metadata_edits_insert_and_remove_known_attributes_without_loss ... ok
test ole_objects::tests::strict_package_writer_round_trips_and_inserts_in_schema_order ... ok
test ole_objects::tests::strict_round_trip_covers_complete_typed_properties ... ok
test outline::tests::outline_is_const_checked_for_rows_and_columns ... ok
test outline_properties::tests::parses_all_attributes_and_effective_defaults ... ok
test outline_properties::tests::reads_poi_and_libreoffice_outline_fixtures ... ok
test outline_properties::tests::rejects_invalid_values_duplicates_spoofing_and_children ... ok
test outline_properties::tests::rejects_malformed_document_boundaries_and_excessive_depth ... ok
test outline_properties::tests::supports_strict_mce_and_exact_scoping ... ok
test package::printer_settings::tests::loads_poi_and_libreoffice_reference_packages ... ok
test package::printer_settings::tests::package_writer_inserts_missing_page_setup_deterministically ... ok
test package::printer_settings::tests::package_writer_reuses_or_avoids_existing_relationship_prefixes ... ok
test package::printer_settings::tests::rejects_case_equivalent_part_without_mutating_for_retry ... ok
test package::printer_settings::tests::rejects_malformed_references_caps_and_graphs ... ok
test package::printer_settings::tests::strict_package_writer_preserves_page_setup_and_schema_order ... ok
test package::printer_settings::tests::strict_reference_round_trip_and_mce_fallback ... ok
test page_breaks::tests::changed_collections_refuse_lossy_wire_metadata ... ok
test page_breaks::tests::changed_prefixed_worksheet_uses_the_root_namespace_prefix ... ok
test page_breaks::tests::changed_pretty_xml_is_compact_without_losing_text_whitespace ... ok
test page_breaks::tests::package_transaction_reads_back_and_reverses_page_breaks ... ok
test page_breaks::tests::parses_defaults_and_manual_counts ... ok
test page_breaks::tests::rejects_count_bounds_grid_and_unsafe_xml ... ok
test page_breaks::tests::rewrite_preserves_unrelated_bytes_and_schema_order ... ok
test page_breaks::tests::strict_and_transitional_page_break_dialects_must_match_the_root ... ok
test page_breaks::tests::supports_strict_and_reads_but_refuses_mce_projected_breaks ... ok
test page_breaks::tests::undeclared_element_and_attribute_prefixes_are_rejected ... ok
test page_breaks::tests::writer_is_byte_minimal_and_round_trips ... ok
test page_margins::tests::accepts_strict_namespace_and_absence ... ok
test page_margins::tests::authors_inserts_and_removes_byte_minimal_margins ... ok
test page_margins::tests::loads_libreoffice_metric_margin_fixture ... ok
test page_margins::tests::loads_poi_custom_margin_fixture ... ok
test page_margins::tests::parses_required_values_and_converts_units ... ok
test page_margins::tests::rejects_malformed_document_boundaries_and_excessive_depth ... ok
test page_margins::tests::rejects_missing_nonfinite_out_of_range_and_content ... ok
test page_setup::tests::checked_numeric_types_cover_excel_boundaries ... ok
test page_setup::tests::closed_tokens_have_one_from_str_and_display_mapping ... ok
test page_setup::tests::exact_measures_reject_non_schema_numbers_and_oversized_lexicals ... ok
test page_setup::tests::loads_poi_resolution_and_relationship_fixture ... ok
test page_setup::tests::page_setup_attributes_use_expanded_names_strictly ... ok
test page_setup::tests::parser_rejects_every_out_of_domain_numeric_family ... ok
test page_setup::tests::parses_every_attribute_without_erasing_lexical_values ... ok
test page_setup::tests::preserves_absence_and_resolves_the_printer_default_only_on_request ... ok
test page_setup::tests::rejects_a_libreoffice_fixture_with_nonconforming_zero_dpi ... ok
test page_setup::tests::rejects_bad_enums_measures_and_content ... ok
test page_setup::tests::relationship_ids_validate_before_borrowed_or_owned_storage ... ok
test page_setup::tests::relationship_projection_is_independent_from_nonconforming_settings ... ok
test page_setup::tests::signed_first_page_round_trips_through_the_unsigned_wire_domain ... ok
test phonetic_properties::tests::parses_all_values_and_effective_defaults ... ok
test phonetic_properties::tests::reads_poi_and_libreoffice_fixtures ... ok
test phonetic_properties::tests::rejects_invalid_missing_duplicate_spoofed_and_non_leaf_values ... ok
test phonetic_properties::tests::rejects_malformed_document_boundaries_and_excessive_depth ... ok
test phonetic_properties::tests::supports_strict_mce_and_exact_scoping ... ok
test pivot::chart::tests::field_types_and_default_options_are_contextual ... ok
test pivot::chart::tests::ordinary_chart_has_no_binding ... ok
test pivot::chart::tests::parses_strict_chart_namespace_and_ignores_unknown_extensions ... ok
test pivot::chart::tests::parses_transitional_source_and_options ... ok
test pivot::chart::tests::resolves_authored_source_names_without_leaking_package_details ... ok
test pivot::reader::tests::parses_prefixed_pivot_cache_definition_and_shared_items ... ok
test pivot::reader::tests::parses_prefixed_pivot_cache_records ... ok
test pivot::reader::tests::parses_prefixed_pivot_table_definition ... ok
test pivot::reader::tests::poi_fixture_with_chartsheet_reads_pivot_tables ... ok
test pivot::reader::tests::rejects_external_and_wrong_content_type_pivot_parts ... ok
test pivot::reader::tests::rejects_invalid_pivot_cache_relationship_graphs ... ok
test pivot::reader::tests::rejects_malformed_pivot_cache_definitions ... ok
test pivot::reader::tests::rejects_malformed_pivot_cache_records ... ok
test pivot::reader::tests::rejects_malformed_pivot_table_definitions ... ok
test pivot::reader::tests::resolves_strict_custom_pivot_table_parts ... ok
test pivot::reader::tests::tolerates_chartsheet_entries_in_sheet_walk ... ok
test pivot::server_formats::cached_unique_names::tests::mce_payload_requires_choice_or_fallback_ancestry ... ok
test pivot::server_formats::cached_unique_names::tests::reads_model_cached_unique_names_without_an_item_bound ... ok
test pivot::server_formats::cached_unique_names::tests::scalar_edit_preserves_unchanged_lexical_neighbor_and_inverse ... ok
test pivot::server_formats::relationships::tests::absent_part_relationships_keep_only_an_absence_token ... ok
test pivot::server_formats::relationships::tests::archive_part_name_budget_excludes_packuri_root_slash ... ok
test pivot::server_formats::relationships::tests::canonical_part_order_is_ascii_case_insensitive_and_stable ... ok
test pivot::server_formats::relationships::tests::graph_node_budget_accepts_exact_cap_and_rejects_one_over_before_mutation ... ok
test pivot::server_formats::relationships::tests::relationship_event_metrics_ignore_whitespace_text_like_ingress ... ok
test pivot::server_formats::table_data::tests::applied_workbook_patch_retains_the_incoming_snapshot_pair ... ok
test pivot::server_formats::table_data::tests::authored_cell_traversal_is_parent_local ... ok
test pivot::server_formats::table_data::tests::borrowed_replacement_admits_old_arc_only_as_transient_peak ... ok
test pivot::server_formats::table_data::tests::extra_edits_are_failure_atomic_for_low_level_and_workbook_transactions ... ok
test pivot::server_formats::table_data::tests::owned_replacement_admits_old_arc_only_as_transient_peak ... ok
test pivot::server_formats::table_data::tests::reads_and_rewrites_authored_cells ... ok
test pivot::server_formats::tests::ordered_list_edits_update_count_and_round_trip_exactly ... ok
test pivot::server_formats::tests::ordered_list_refuses_removing_required_final_child ... ok
test pivot::server_formats::tests::ordered_list_reorder_preserves_leaf_source_and_count_lexical_bytes ... ok
test pivot::server_formats::tests::ordinary_workbook_structural_edit_uses_same_public_path ... ok
test pivot::server_formats::tests::reads_and_edits_server_formats ... ok
test pivot::server_formats::tests::scanner_admits_tree_before_resolving_a_second_root ... ok
test pivot::server_formats::tests::source_noop_is_empty ... ok
test pivot::server_formats::tests::workbook_contextual_edit_returns_immutable_commit_and_patch ... ok
test pivot::server_formats::tests::worksheet_metadata_deduplicates_canonical_target_edges ... ok
test pivot::writer::tests::every_public_pivot_writer_emits_compact_xml ... ok
test pivot::writer::tests::rejects_invalid_pivot_cache_output ... ok
test pivot::writer::tests::writes_complete_pivot_cache_definition_round_trip ... ok
test pivot::writer::tests::writes_pivot_cache_record_indexes_round_trip ... ok
test print_options::tests::accepts_strict_namespace_and_absence ... ok
test print_options::tests::loads_libreoffice_gridline_fixture ... ok
test print_options::tests::loads_poi_centering_fixture ... ok
test print_options::tests::parses_flags_defaults_and_derived_gridline_behavior ... ok
test print_options::tests::rejects_invalid_duplicate_unknown_and_nested_content ... ok
test print_options::tests::rejects_malformed_closing_state_without_panicking ... ok
test print_options::tests::rejects_malformed_document_boundaries_and_excessive_depth ... ok
test query_table::codec::tests::parses_and_writes_complete_strict_query_table ... ok
test query_table::codec::tests::processes_mce_fallback_and_preserves_extension_payload ... ok
test query_table::codec::tests::rejects_malformed_and_resource_abuse ... ok
test raw::catalog::tests::keeps_same_defined_name_in_distinct_scopes ... ok
test raw::catalog::tests::keeps_the_first_of_duplicate_defined_names_in_the_same_scope ... ok
test raw::catalog::tests::parses_namespaced_sheet_scoped_defined_names ... ok
test raw::catalog::tests::parses_namespaced_workbook_metadata_and_decodes_attributes ... ok
test raw::catalog::tests::parses_strict_workbook_pivot_cache_references ... ok
test raw::catalog::tests::rejects_malformed_defined_names ... ok
test raw::catalog::tests::rejects_malformed_workbook_pivot_cache_references ... ok
test raw::catalog::tests::rejects_spoofed_duplicate_and_malformed_workbook_metadata ... ok
test raw::catalog::tests::round_trips_defined_name_scope_and_standard_attributes ... ok
test raw::catalog::tests::supports_strict_namespaces_and_standalone_sheet_fragments ... ok
test raw::catalog::tests::tolerates_unrecognised_sheet_state_values ... ok
test raw::catalog_edit::tests::active_tab_limit_is_a_typed_block ... ok
test raw::catalog_edit::tests::append_expands_an_empty_sheet_container_from_root_namespaces ... ok
test raw::catalog_edit::tests::append_expands_an_empty_sheet_container_with_a_local_relationship_prefix ... ok
test raw::catalog_edit::tests::append_preserves_existing_bytes_and_uses_the_document_prefixes ... ok
test raw::catalog_edit::tests::blocks_active_view_insertion_beside_alternate_content ... ok
test raw::catalog_edit::tests::blocks_an_effective_sheet_without_a_direct_slot ... ok
test raw::catalog_edit::tests::blocks_structure_protection_but_preserves_unrelated_alternate_content ... ok
test raw::catalog_edit::tests::composes_name_and_visibility_on_one_lossless_sheet_slot ... ok
test raw::catalog_edit::tests::expands_an_empty_book_views_container ... ok
test raw::catalog_edit::tests::inserts_prefixed_book_views_before_sheets ... ok
test raw::catalog_edit::tests::removal_blocks_unmodeled_catalog_payloads ... ok
test raw::catalog_edit::tests::removal_drops_an_empty_defined_name_container ... ok
test raw::catalog_edit::tests::removal_drops_slots_and_scopes_and_remaps_views_losslessly ... ok
test raw::catalog_edit::tests::reorder_blocks_unmodeled_catalogs_and_invalid_secondary_views ... ok
test raw::catalog_edit::tests::reorders_losslessly_and_remaps_every_positional_dependency ... ok
test raw::catalog_edit::tests::rewrites_only_selected_states_and_first_view ... ok
test raw::compact::tests::changed_borrowed_events_match_owned_events_for_all_text_bearing_forms ... ok
test raw::compact::tests::changed_borrowed_events_match_owned_events_for_malformed_inputs ... ok
test raw::compact::tests::changed_borrowed_events_match_owned_events_for_mixed_markup ... ok
test raw::compact::tests::changed_worksheet_can_compact_an_oversized_whitespace_input ... ok
test raw::compact::tests::changed_worksheet_does_not_prove_single_quoted_attributes ... ok
test raw::compact::tests::changed_worksheet_falls_back_for_extension_bindings ... ok
test raw::compact::tests::changed_worksheet_fuses_the_successful_ordinary_pipeline ... ok
test raw::compact::tests::changed_worksheet_keeps_compact_grid_and_web_error_order ... ok
test raw::compact::tests::changed_worksheet_observes_only_emitted_whitespace ... ok
test raw::compact::tests::changed_xml_is_compact_without_losing_semantic_whitespace_or_entities ... ok
test raw::compact::tests::lane_compaction_admits_only_the_worksheet_body ... ok
test raw::compact::tests::lane_compaction_carries_the_byte_order_mark_of_marked_worksheets ... ok
test raw::compact::tests::lane_compaction_keeps_preserved_formatting_and_proof_inputs ... ok
test raw::compact::tests::lane_compaction_matches_invalid_utf8_value_text ... ok
test raw::compact::tests::lane_compaction_matches_the_reader_on_generated_worksheets ... ok
test raw::formula::tests::checked_reference_shift_produces_ref_error ... ok
test raw::formula::tests::detects_direct_and_implicit_three_d_sheet_dependencies ... ok
test raw::formula::tests::rename_scan_does_not_allocate_without_a_local_match ... ok
test raw::formula::tests::renames_local_prefixes_simultaneously_and_preserves_external_references ... ok
test raw::formula::tests::renames_quoted_apostrophes_and_unicode_caseless_names ... ok
test raw::formula::tests::translates_reference_forms_without_touching_strings_or_structured_refs ... ok
test raw::properties_edit::tests::appends_sheet_titles_and_updates_standard_heading_count ... ok
test raw::properties_edit::tests::arranges_sheet_prefix_without_touching_named_range_titles ... ok
test raw::properties_edit::tests::preserves_stale_sheet_titles_during_removal ... ok
test raw::properties_edit::tests::removes_sheet_titles_and_updates_standard_heading_count ... ok
test raw::properties_edit::tests::stale_title_prefix_is_preserved_instead_of_guessed ... ok
test raw::recalc::tests::inserts_or_updates_calc_properties_without_changing_other_markup ... ok
test raw::recalc::tests::refuses_to_rewrite_effective_calc_properties_projected_through_mce ... ok
test raw::recalc::tests::rejects_hostile_nesting_at_the_shared_default_limit ... ok
test raw::reference_edit::tests::blocks_unmodeled_formula_like_and_compatibility_references ... ok
test raw::reference_edit::tests::classifies_namespaces_wrappers_and_vml_conservatively ... ok
test raw::reference_edit::tests::leaves_external_and_inert_values_exact ... ok
test raw::reference_edit::tests::rewrites_formula_hyperlink_pivot_and_title_dependencies ... ok
test raw::reference_scan::tests::classifies_modeled_formula_and_direct_dependencies ... ok
test raw::reference_scan::tests::classifies_unknown_and_compatibility_carriers ... ok
test raw::reference_scan::tests::ignores_relationship_backed_and_external_workbook_dependencies ... ok
test raw::shared_strings::tests::accepts_strict_namespaces_and_ignores_foreign_lookalikes ... ok
test raw::shared_strings::tests::authors_plain_and_rich_items_without_cross_format_deduplication ... ok
test raw::shared_strings::tests::oversized_unique_count_hint_does_not_preallocate ... ok
test raw::shared_strings::tests::preserves_indexes_and_decodes_plain_and_rich_text ... ok
test raw::shared_strings::tests::rejects_bad_counts_structure_and_run_properties ... ok
test raw::shared_strings::tests::treats_contradictory_and_malformed_count_hints_as_advisory ... ok
test raw::sheet_view_edit::tests::blocks_missing_views_when_compatibility_payload_may_own_them ... ok
test raw::sheet_view_edit::tests::expands_empty_views_and_supports_chartsheets ... ok
test raw::sheet_view_edit::tests::inserts_views_in_worksheet_schema_order ... ok
test raw::sheet_view_edit::tests::toggles_only_the_matching_prefixed_view ... ok
test raw::strings::tests::decode_spreadsheet_text_keeps_surrogate_error_byte_offsets ... ok
test raw::strings::tests::decode_spreadsheet_text_matches_scalar_reference ... ok
test raw::strings::tests::preserves_indexes_and_resolves_plain_rich_and_escaped_text ... ok
test raw::strings::tests::rejects_mixed_text_and_unpaired_surrogates ... ok
test raw::strings::tests::streaming_0364_accepts_advisory_count_mismatches_and_rejects_bad_hints ... ok
test raw::strings::tests::streaming_0364_decodes_split_reference_escapes ... ok
test raw::strings::tests::streaming_0364_drains_malformed_tail_and_rejects_roots ... ok
test raw::strings::tests::streaming_0364_enforces_exact_stream_and_text_limits ... ok
test raw::strings::tests::streaming_0364_marks_unsupported_constructs_without_approximation ... ok
test raw::strings::tests::streaming_0364_selects_mce_choice_or_fallback ... ok
test raw::strings::tests::streaming_0364_selects_plain_requested_indexes ... ok
test raw::strings::tests::streaming_0365_accepts_empty_request_without_retaining_items ... ok
test raw::strings::tests::streaming_0365_accepts_exact_input_event_and_request_bounds ... ok
test raw::strings::tests::streaming_0365_drains_malformed_tail_after_selected_items ... ok
test raw::strings::tests::streaming_0365_omits_missing_and_out_of_range_indexes ... ok
test raw::strings::tests::streaming_0365_rejects_unsorted_and_duplicate_requests ... ok
test raw::strings::tests::streaming_0365_reports_rich_items_for_requested_and_unrequested_indexes ... ok
test raw::strings::tests::streaming_0365_returns_first_middle_last_in_request_order ... ok
test raw::strings::tests::text_encoding_round_trips_controls_and_literal_escape_syntax ... ok
test raw::styles::tests::counts_only_direct_cell_formats_after_mce_processing ... ok
test raw::styles::tests::rejects_missing_duplicate_empty_and_mismatched_tables ... ok
test raw::styles::tests::streaming_0364_counts_direct_cell_xfs ... ok
test raw::styles::tests::streaming_0364_enforces_declared_count ... ok
test raw::styles::tests::streaming_0364_honors_exact_event_limit ... ok
test raw::styles::tests::streaming_0364_ignores_nested_and_unrelated_xfs ... ok
test raw::styles::tests::streaming_0364_rejects_malformed_tail_and_endings ... ok
test raw::styles::tests::streaming_0364_requires_nonempty_cell_xfs ... ok
test raw::styles::tests::streaming_0364_selects_mce_choice_or_fallback ... ok
test raw::web::check::tests::apostrophe_attributes_force_fallback_before_normalization ... ok
test raw::web::check::tests::decodes_text_and_cdata_and_allows_safe_pi_declaration_and_references ... ok
test raw::web::check::tests::enforces_root_depth_and_output_size_at_finish ... ok
test raw::web::check::tests::falls_back_for_every_web_name_and_structural_form ... ok
test raw::web::check::tests::preserves_full_reader_behavior_for_unknown_or_unfinished_structure ... ok
test raw::web::check::tests::proves_ordinary_strict_alias_and_rebound_namespaces ... ok
test raw::web::tests::parses_fixture_and_roundtrips_canonical_xml ... ok
test raw::web::tests::rejects_wrong_grammar_duplicates_and_empty_writes ... ok
test raw::web::tests::replaces_inserts_and_removes_without_touching_unrelated_xml ... ok
test raw::web::tests::retains_strict_spreadsheetml_namespace ... ok
test raw::worksheet::edit::codec::lane_scan_tests::byte_order_marked_worksheets_take_the_lane_with_document_offsets ... ok
test raw::worksheet::edit::codec::lane_scan_tests::event_limits_inside_and_after_the_body_keep_the_reader_refusal ... ok
test raw::worksheet::edit::codec::lane_scan_tests::generated_benign_bodies_take_the_lane_with_identical_layouts ... ok
test raw::worksheet::edit::codec::lane_scan_tests::generated_hostile_bodies_keep_identical_layouts_and_refusals ... ok
test raw::worksheet::edit::codec::lane_scan_tests::invalid_utf8_in_a_value_keeps_the_reader_refusal ... ok
test raw::worksheet::edit::codec::lane_scan_tests::namespace_and_envelope_variants_keep_identical_layouts ... ok
test raw::worksheet::edit::codec::lane_scan_tests::ordering_and_coordinate_refusals_are_unchanged ... ok
test raw::worksheet::edit::codec::snapshot::facts::tests::change_0635_cell_column_agrees_with_the_shared_a1_parser ... ok
test raw::worksheet::edit::codec::snapshot::facts::tests::change_0635_row_number_agrees_with_the_shared_row_parser ... ok
test raw::worksheet::edit::codec::tests::compact_cell_tag_keeps_attribute_error_order_and_messages ... ok
test raw::worksheet::edit::codec::tests::compact_cell_tag_matches_owned_serialization_for_plain_cells ... ok
test raw::worksheet::edit::codec::tests::compact_cell_tag_uses_the_niche_without_growing_the_owned_tag ... ok
test raw::worksheet::edit::codec::tests::compact_cell_writer_matches_empty_style_and_clear_start_shapes ... ok
test raw::worksheet::edit::codec::tests::sibling_names_retain_the_source_prefix ... ok
test raw::worksheet::edit::codec::tests::snapshot_scan_accepts_event_count_at_limit ... ok
test raw::worksheet::edit::codec::tests::snapshot_scan_accepts_nesting_at_worksheet_depth_limit ... ok
test raw::worksheet::edit::codec::tests::snapshot_scan_builds_sorted_edit_slots ... ok
test raw::worksheet::edit::codec::tests::snapshot_scan_handles_large_flat_event_stream_within_depth_limit ... ok
test raw::worksheet::edit::codec::tests::snapshot_scan_keeps_legacy_cell_reference_and_tag_semantics_together ... ok
test raw::worksheet::edit::codec::tests::snapshot_scan_marks_only_plain_cells_as_tagless ... ok
test raw::worksheet::edit::codec::tests::snapshot_scan_preserves_cell_error_precedence_through_trailing_attributes ... ok
test raw::worksheet::edit::codec::tests::snapshot_scan_preserves_malformed_error_order_after_prior_primary_spans ... ok
test raw::worksheet::edit::codec::tests::snapshot_scan_rejects_a_truncated_cell_start_after_reference_attributes ... ok
test raw::worksheet::edit::codec::tests::snapshot_scan_rejects_flat_event_stream_over_event_limit ... ok
test raw::worksheet::edit::codec::tests::snapshot_scan_rejects_mismatched_end_name ... ok
test raw::worksheet::edit::codec::tests::snapshot_scan_rejects_nesting_beyond_worksheet_depth_limit ... ok
test raw::worksheet::edit::codec::tests::snapshot_scan_reports_cell_address_errors_before_compact_tag_errors ... ok
test raw::worksheet::edit::codec::tests::snapshot_scan_restores_namespace_scope_after_a_rebinding ... ok
test raw::worksheet::edit::codec::tests::wire_tags_escape_and_replace_attributes_deterministically ... ok
test raw::worksheet::edit::tests::blocks_dependencies_instead_of_guessing ... ok
test raw::worksheet::edit::tests::column_layout_facets_split_compactly_and_preserve_unedited_attributes ... ok
test raw::worksheet::edit::tests::column_style_retargeting_splits_ranges_and_resets_sparsely ... ok
test raw::worksheet::edit::tests::column_visibility_inserts_sparse_cols_and_blocks_unsafe_splits ... ok
test raw::worksheet::edit::tests::column_visibility_splits_effective_owners_and_preserves_other_properties ... ok
test raw::worksheet::edit::tests::defaults_edits_refuse_missing_dependencies_before_rewrite ... ok
test raw::worksheet::edit::tests::dimension_expansion_never_narrows_producer_bounds ... ok
test raw::worksheet::edit::tests::failed_validation_does_not_publish_a_partial_edit ... ok
test raw::worksheet::edit::tests::merge_surgery_is_lossless_ordered_and_dependency_checked ... ok
test raw::worksheet::edit::tests::minimally_rewrites_set_clear_remove_and_new_rows ... ok
test raw::worksheet::edit::tests::new_descent_injects_collision_free_ignorable_namespaces ... ok
test raw::worksheet::edit::tests::no_op_and_redundant_merge_plans_preserve_source_bytes ... ok
test raw::worksheet::edit::tests::ordinary_and_provenance_writers_match_for_nonsemantic_multi_primary_bytes ... ok
test raw::worksheet::edit::tests::protected_sheet_blocks_row_visibility_before_rewrite ... ok
test cell_values::facts_oracle_tests::change_0622_oracle_over_test_data_worksheets ... ok
test raw::worksheet::edit::tests::row_layout_facets_preserve_unedited_state_and_materialize_sparsely ... ok
test raw::worksheet::edit::tests::row_style_retargeting_derives_custom_format_and_resets_sparsely ... ok
test raw::worksheet::edit::tests::row_visibility_surgery_is_sparse_lossless_and_composes_with_cells ... ok
test raw::worksheet::edit::tests::shared_formula_refusals_name_the_first_group_in_document_order ... ok
test raw::worksheet::edit::tests::style_effects_preserve_payload_and_compose_with_value_effects ... ok
test raw::worksheet::edit::tests::style_only_implicit_column_is_blocked_before_zero_width_materialization ... ok
test raw::worksheet::edit::tests::style_only_multi_primary_and_empty_owner_rewrite_is_lossless ... ok
test raw::worksheet::edit::tests::untouched_xml_fragments_remain_byte_exact ... ok
test raw::worksheet::edit::tests::worksheet_defaults_and_row_descent_rewrite_losslessly_by_facet ... ok
test raw::worksheet::lane::tests::an_empty_body_is_admitted ... ok
test raw::worksheet::lane::tests::byte_order_marked_parts_locate_at_document_offsets ... ok
test raw::worksheet::lane::tests::declines_everything_outside_the_subset ... ok
test raw::worksheet::lane::tests::declines_tags_with_too_many_attributes ... ok
test raw::worksheet::lane::tests::declines_truncated_documents ... ok
test raw::worksheet::lane::tests::entries_require_the_named_tag_at_the_reader_positions ... ok
test raw::worksheet::lane::tests::iterates_raw_attributes ... ok
test raw::worksheet::lane::tests::keeps_value_text_verbatim_and_omits_empty_text ... ok
test raw::worksheet::lane::tests::records_apostrophes_in_attribute_values ... ok
test raw::worksheet::lane::tests::reports_the_reader_event_stream_for_admitted_bodies ... ok
test raw::worksheet::lane::tests::reports_whitespace_runs_and_empty_values ... ok
test raw::worksheet::lane_parse_tests::byte_order_marked_worksheets_take_the_lane_with_identical_stores ... ok
test raw::worksheet::lane_parse_tests::compact_lane_cells_match_every_value_form ... ok
test raw::worksheet::lane_parse_tests::duplicate_rows_cells_and_ordering_refusals_are_unchanged ... ok
test raw::worksheet::lane_parse_tests::generated_benign_bodies_take_the_lane_with_identical_stores ... ok
test raw::worksheet::edit::tests::provenance_writer_matches_the_ordinary_writer_on_random_cells_only_plans ... ok
test raw::worksheet::lane_parse_tests::inferred_coordinates_match_the_reader ... ok
test raw::worksheet::lane_parse_tests::large_and_oversized_values_keep_identical_outcomes ... ok
test raw::worksheet::lane_parse_tests::namespace_and_envelope_variants_keep_identical_outcomes ... ok
test raw::worksheet::lane_parse_tests::row_descent_extensions_reach_admitted_rows ... ok
test raw::worksheet::lane_parse_tests::shared_string_refusals_keep_their_precedence ... ok
test raw::worksheet::tests::change_0658_ineligibility_gate_tests::a_refusal_on_the_marking_event_outranks_the_verdict ... ok
test raw::worksheet::tests::change_0658_ineligibility_gate_tests::an_eligible_worksheet_still_reads_the_whole_part ... ok
test raw::worksheet::tests::change_0658_ineligibility_gate_tests::every_ineligibility_reason_stops_the_stream_at_its_mark ... ok
test raw::worksheet::tests::eager_cell_attributes_ignore_prefixed_fields_beside_unqualified_fields ... ok
test raw::worksheet::tests::eager_cell_attributes_keep_fixed_fields_and_entity_decoding ... ok
test raw::worksheet::tests::eager_cell_attributes_preserve_decode_and_validation_precedence ... ok
test raw::worksheet::tests::eager_cell_attributes_preserve_raw_duplicate_checks ... ok
test raw::worksheet::tests::expands_shared_formulas_and_preserves_cached_values ... ok
test raw::worksheet::tests::focused_defaults_enforce_root_shape_and_xml_depth ... ok
test raw::worksheet::tests::focused_defaults_follow_the_active_mce_branch ... ok
test raw::worksheet::tests::focused_defaults_ignore_malformed_row_extensions ... ok
test raw::worksheet::tests::focused_defaults_path_does_not_materialize_unrelated_cells ... ok
test raw::worksheet::tests::keeps_declared_stored_content_and_style_extents_distinct ... ok
test raw::worksheet::tests::malformed_alternate_content_keeps_x14ac_error_precedence ... ok
test raw::worksheet::tests::namespace_equivalent_worksheet_events_have_identical_results ... ok
test raw::worksheet::tests::namespace_rebinding_to_another_uri_is_not_treated_as_core_content ... ok
test raw::worksheet::tests::numeric_sheets_do_not_load_an_unneeded_shared_string_table ... ok
test raw::worksheet::tests::parses_checked_grid_defaults_and_effective_x14ac_descent ... ok
test raw::worksheet::tests::parses_exact_sparse_values_formulas_and_explicit_empty_cells ... ok
test raw::worksheet::tests::parses_sparse_merges_and_rejects_ambiguous_merge_markup ... ok
test raw::worksheet::tests::plain_worksheets_skip_only_the_unneeded_extension_capture ... ok
test raw::worksheet::tests::rejected_plain_worksheets_keep_extension_error_precedence ... ok
test raw::worksheet::tests::rejects_extension_xml_beyond_the_depth_limit ... ok
test raw::worksheet::tests::rejects_grid_escape_duplicates_and_broken_shared_groups ... ok
test raw::worksheet::tests::rejects_malformed_column_property_records ... ok
test raw::worksheet::tests::rejects_malformed_dimensions_and_row_properties ... ok
test raw::worksheet::tests::rejects_malformed_grid_defaults_and_descent ... ok
test raw::worksheet::tests::rejects_missing_shared_strings_bad_indexes_and_formula_markers ... ok
test raw::worksheet::tests::resolves_complete_last_matching_column_records ... ok
test raw::worksheet::tests::streaming_0361_tests::streaming_0361_accepts_exact_depth_event_and_input_limits_but_rejects_one_under ... ok
test raw::worksheet::tests::streaming_0361_tests::streaming_0361_captures_start_and_empty_structural_events ... ok
test raw::worksheet::tests::streaming_0361_tests::streaming_0361_diagnostics_keep_primary_input_or_mce_and_callback_secondaries ... ok
test raw::worksheet::tests::streaming_0361_tests::streaming_0361_focused_defaults_skip_malformed_rows_but_keep_raw_guards ... ok
test raw::worksheet::tests::streaming_0361_tests::streaming_0361_legacy_adapter_maps_clean_eof_raw_then_active_errors ... ok
test raw::worksheet::tests::streaming_0361_tests::streaming_0361_preserves_legacy_row_inference_and_order_semantics ... ok
test raw::worksheet::tests::streaming_0361_tests::streaming_0361_raw_errors_survive_inactive_branches_and_later_malformed_tail ... ok
test raw::worksheet::tests::streaming_0361_tests::streaming_0361_rejects_zero_and_grid_overflow_only_when_rows_are_captured ... ok
test raw::worksheet::tests::streaming_0361_tests::streaming_0361_selects_supported_choice_or_fallback_and_ignores_inactive_bad_values ... ok
test raw::worksheet::tests::streaming_0361_tests::streaming_0361_split_bom_and_chunk_sizes_match_cursor ... ok
test raw::worksheet::tests::streaming_0361_tests::streaming_0361_uses_expanded_namespace_after_prefix_rebinding ... ok
test raw::worksheet::tests::streaming_0361_tests::streaming_0361_valid_fixture_matches_legacy_capture_and_defaults ... ok
test raw::worksheet::tests::streaming_0362_selected_tests::streaming_0362_selected_chooses_supported_choice_or_fallback ... ok
test raw::worksheet::tests::streaming_0362_selected_tests::streaming_0362_selected_does_not_return_early_before_malformed_tail ... ok
test raw::worksheet::tests::streaming_0362_selected_tests::streaming_0362_selected_marks_unsupported_structures_not_eligible ... ok
test raw::worksheet::tests::streaming_0362_selected_tests::streaming_0362_selected_outcomes_cover_first_last_missing_and_empty ... ok
test raw::worksheet::tests::streaming_0362_selected_tests::streaming_0362_selected_payloads_cover_scalar_variants ... ok
test raw::worksheet::tests::streaming_0362_selected_tests::streaming_0362_selected_rejects_ordering_and_adjacent_duplicates ... ok
test raw::worksheet::tests::streaming_0362_selected_tests::streaming_0362_selected_respects_exact_limits_and_split_input ... ok
test raw::worksheet::tests::streaming_0362_selected_tests::streaming_0362_selected_validates_x14ac_without_retaining_rows ... ok
test raw::worksheet::tests::streaming_0364_dependency_metadata_tests::change_0658_late_malformed_xml_after_the_mark_moves_to_the_materialized_parser ... ok
test raw::worksheet::tests::streaming_0364_dependency_metadata_tests::streaming_0364_dependency_metadata_keeps_valid_direct_styles_eligible ... ok
test raw::worksheet::tests::streaming_0364_dependency_metadata_tests::streaming_0364_dependency_metadata_marks_invalid_lexicals_not_eligible ... ok
test raw::worksheet::tests::streaming_0364_dependency_metadata_tests::streaming_0364_dependency_metadata_tracks_global_maxima_and_target_states ... ok
test raw::worksheet::tests::streaming_0365_range_tests::bytes_scan_preserves_authoritative_mce_and_malformed_error_results ... ok
test raw::worksheet::lane_parse_tests::generated_hostile_bodies_keep_identical_values_and_refusals ... ok
test raw::worksheet::tests::streaming_0365_range_tests::sparse_bytes_custom_event_limits_use_exact_baseline_semantics ... ok
test raw::worksheet::tests::streaming_0365_range_tests::sparse_bytes_plain_path_matches_baseline_lexical_and_prolog_edges ... ok
test raw::worksheet::tests::streaming_0365_range_tests::sparse_bytes_scan_uses_plain_numeric_path_and_falls_back_for_extended_cells ... ok
test raw::worksheet::tests::streaming_0365_range_tests::sparse_target_scan_retains_only_changed_records ... ok
test raw::worksheet::tests::streaming_0365_range_tests::streaming_0365_range_accepts_max_cell_style_and_falls_back_above_it ... ok
test raw::worksheet::tests::streaming_0365_range_tests::streaming_0365_range_defers_multiple_shared_strings_and_keeps_global_maxima ... ok
test raw::worksheet::tests::streaming_0365_range_tests::streaming_0365_range_handles_first_last_grid_edges_and_empty_selection ... ok
test raw::worksheet::tests::streaming_0365_range_tests::streaming_0365_range_is_sparse_row_major_with_explicit_empty_records ... ok
test raw::worksheet::tests::streaming_0365_range_tests::streaming_0365_range_marks_formula_and_inherited_styles_not_eligible ... ok
test raw::worksheet::tests::streaming_0365_range_tests::streaming_0365_range_preserves_inline_and_escape_heavy_empty_boundaries ... ok
test raw::worksheet::tests::streaming_0365_range_tests::streaming_0365_range_validates_global_duplicates_order_and_late_xml_errors ... ok
test raw::worksheet::tests::streaming_0365_range_tests::streaming_0365_single_cell_scan_wrapper_matches_one_cell_ranges ... ok
test raw::worksheet::tests::streaming_0366_general_reference_tests::streaming_0366_accepts_predefined_and_numeric_references_in_scalar_payloads ... ok
test raw::worksheet::tests::streaming_0366_general_reference_tests::streaming_0366_bounds_valid_general_reference_tokens ... ok
test raw::worksheet::tests::streaming_0366_general_reference_tests::streaming_0366_keeps_invalid_references_as_typed_errors_without_early_publication ... ok
test raw::worksheet::tests::streaming_0366_general_reference_tests::streaming_0366_rejects_numeric_inline_references_as_not_eligible ... ok
test raw::worksheet::tests::streaming_0367_merge_tests::change_0597_marked_worksheet_keeps_a_correctly_placed_mergecells ... ok
test raw::worksheet::tests::streaming_0367_merge_tests::change_0658_marked_worksheet_hands_merge_placement_to_the_materialized_parser ... ok
test raw::worksheet::tests::streaming_0367_merge_tests::streaming_0367_accepts_unsorted_adjacent_merges ... ok
test raw::worksheet::tests::streaming_0367_merge_tests::streaming_0367_late_malformed_tail_is_not_published_as_eligible ... ok
test raw::worksheet::tests::streaming_0367_merge_tests::streaming_0367_merge_cap_is_bounded_without_area_expansion ... ok
test raw::worksheet::tests::streaming_0367_merge_tests::streaming_0367_merge_count_is_optional_exact_and_nonempty_but_not_mismatched ... ok
test raw::worksheet::tests::streaming_0367_merge_tests::streaming_0367_merge_nested_and_payload_markup_falls_back ... ok
test raw::worksheet::tests::streaming_0367_merge_tests::streaming_0367_range_selection_remains_sparse_and_physical ... ok
test raw::worksheet::tests::streaming_0367_merge_tests::streaming_0367_rejects_invalid_merge_references_and_placement ... ok
test raw::worksheet::tests::streaming_0367_merge_tests::streaming_0367_single_cell_wrapper_classifies_anchor_covered_missing_and_follower ... ok
test raw::worksheet::tests::streaming_0367_merge_tests::streaming_0367_unknown_merge_attributes_and_children_fall_back ... ok
test raw::worksheet::tests::streaming_0400_numeric_scratch_tests::streaming_0400_dimension_content_and_unknown_attributes_fall_back ... ok
test raw::worksheet::tests::streaming_0400_numeric_scratch_tests::streaming_0400_dimension_keeps_scalar_and_range_queries_eligible ... ok
test raw::worksheet::tests::streaming_0400_numeric_scratch_tests::streaming_0400_dimension_rejects_malformed_duplicate_and_late_metadata ... ok
test raw::worksheet::tests::streaming_0400_numeric_scratch_tests::streaming_0400_dimension_supports_strict_prefixed_and_ignorable_metadata ... ok
test raw::worksheet::tests::streaming_0400_numeric_scratch_tests::streaming_0400_numeric_scratch_decodes_entity_and_cdata_numeric_fragments ... ok
test raw::worksheet::tests::streaming_0400_numeric_scratch_tests::streaming_0400_numeric_scratch_does_not_publish_before_malformed_tail ... ok
test raw::worksheet::tests::streaming_0400_numeric_scratch_tests::streaming_0400_numeric_scratch_handles_scalar_type_transitions ... ok
test raw::worksheet::tests::streaming_0400_numeric_scratch_tests::streaming_0400_numeric_scratch_preserves_long_to_short_and_exponent_lexemes ... ok
test raw::worksheet::tests::streaming_0400_numeric_scratch_tests::streaming_0400_numeric_scratch_rejects_oversized_selected_and_unselected_values ... ok
test raw::worksheet::tests::streaming_0400_numeric_scratch_tests::streaming_0401_numeric_elision_does_not_skip_unselected_inline_validation ... ok
test raw::worksheet::tests::streaming_0400_numeric_scratch_tests::streaming_0401_numeric_elision_keeps_formula_cache_ownership_and_parity ... ok
test raw::worksheet::tests::streaming_0400_numeric_scratch_tests::streaming_0401_numeric_elision_keeps_selected_and_unselected_errors_exact ... ok
test raw::worksheet::tests::streaming_0400_numeric_scratch_tests::streaming_0401_numeric_elision_preserves_selected_lexemes_and_unselected_validation ... ok
test raw::worksheet::tests::validates_typed_date_cells_without_normalizing_the_lexeme ... ok
test revisions::tests::graph_and_reference_errors ... ok
test revisions::tests::invalid_edit_is_staged_and_failure_atomic ... ok
test revisions::tests::loads_libreoffice_and_poi_reference_packages ... ok
test revisions::tests::malformed_and_caps ... ok
test revisions::tests::mce_fallback ... ok
test revisions::tests::package_writer_round_trip ... ok
test revisions::tests::stale_patch_and_shared_relationship_are_rejected_atomically ... ok
test revisions::tests::strict_writers_are_deterministic_and_round_trip ... ok
test revisions::tests::transaction_edits_one_typed_user ... ok
test revisions::tests::transaction_noop_preserves_package_bytes ... ok
test rich_values::codec::xml::tests::duplicate_attribute_names_are_refused_as_before ... ok
test rich_values::codec::xml::tests::many_distinct_attribute_names_are_read_in_order ... ok
test rich_values::tests::feature_property_bags_keep_checkbox_chain_and_unknown_xml ... ok
test rich_values::tests::package_snapshot_preserves_typed_parts_and_relationship_topology ... ok
test rich_values::tests::rich_data_structures_and_arrays_are_typed_and_bounded ... ok
test row::tests::heights_are_const_checked_before_entering_row_state ... ok
test row_visibility::rewrite::tests::duplicate_row_attributes_fail_closed ... ok
test row_visibility::rewrite::tests::formula_cells_fail_closed_even_when_the_formula_is_prefixed ... ok
test row_visibility::snapshot::tests::visibility_rewrite_proof_is_bound_to_its_exact_source ... ok
test row_visibility::snapshot::tests::visibility_rewrite_reuses_cells_and_matches_full_candidate_parse ... ok
test scenarios::tests::parses_scenarios_attributes_input_cells_and_defaults ... ok
test scenarios::tests::preserves_unknown_attributes_and_elements ... ok
test scenarios::tests::reads_libreoffice_scenario_fixture ... ok
test scenarios::tests::rejects_malformed_document_boundaries_and_excessive_depth ... ok
test scenarios::tests::rejects_structure_attributes_and_limits ... ok
test scenarios::tests::supports_strict_namespace_and_skips_extension_markup ... ok
test scenarios::tests::write_round_trips_through_the_reader ... ok
test scenarios::tests::writer_rejects_output_over_limit_before_final_append ... ok
test shapes::package::tests::loads_shapes_through_the_package_graph ... ok
test shapes::package::tests::poi_fixture_text_boxes_parse ... ok
test sheet::properties::tests::parses_complete_metadata_and_effective_defaults ... ok
test sheet::properties::tests::reads_libreoffice_and_poi_fixtures ... ok
test sheet::properties::tests::rejects_invalid_values_duplicates_spoofing_and_leaf_content ... ok
test sheet::properties::tests::rejects_malformed_document_boundaries_and_excessive_depth ... ok
test sheet::properties::tests::supports_strict_mce_and_exact_scoping ... ok
test sheet::sparklines::tests::parses_namespace_aware_sparkline_groups ... ok
test sheet::sparklines::tests::rejects_malformed_sparkline_extensions ... ok
test sheet::sparklines::tests::writer_preserves_group_membership_and_round_trips ... ok
test sheet::sparklines::tests::writer_rejects_invalid_groups ... ok
test sheet::tests::equality_and_hashing_are_canonical_and_locale_independent ... ok
test sheet::tests::owned_conversion_reuses_the_supplied_spelling ... ok
test sheet::tests::validates_office_name_domain ... ok
test sheet_calculation_properties::tests::parses_full_calc_on_load_and_default ... ok
test sheet_calculation_properties::tests::reads_fixture_sheet_calc_pr ... ok
test sheet_calculation_properties::tests::rejects_bad_structure_and_attributes ... ok
test sheet_calculation_properties::tests::rejects_excessive_worksheet_nesting ... ok
test sheet_calculation_properties::tests::rejects_leaf_content_and_malformed_document_state ... ok
test sheet_calculation_properties::tests::supports_strict_namespace ... ok
test sheet_calculation_properties::tests::write_round_trips_through_the_reader ... ok
test sheet_protection::tests::deterministic_writer_round_trips_core_x14_and_strict_metadata ... ok
test sheet_protection::tests::parses_core_strong_ranges_and_column_shorthand ... ok
test sheet_protection::tests::parses_legacy_verifier_and_schema_defaults ... ok
test sheet_protection::tests::parses_x14_extension_range ... ok
test sheet_protection::tests::rejects_incomplete_or_conflicting_verifiers ... ok
test sheet_protection::tests::rejects_spoofed_unknown_out_of_order_and_noncanonical_metadata ... ok
test sheet_view::tests::accepts_automatic_remembered_zoom_defaults ... ok
test sheet_view::tests::accepts_spec_absolute_a1_references ... ok
test sheet_view::tests::reads_poi_and_libreoffice_view_fixtures ... ok
test sheet_view::tests::reads_strict_mce_pivot_selection_and_defaults ... ok
test sheet_view::tests::rejects_invalid_view_grammar_values_and_security ... ok
test sheet_view::tests::retained_view_markup_resolves_standalone ... ok
test slicer_cache::tests::microsoft_example_is_typed_and_round_trips ... ok
test slicer_cache::tests::rejects_hostile_grammar_and_bounds ... ok
test slicer_cache::tests::rejects_invalid_xml_values_and_event_bombs ... ok
test slicer_cache::tests::writer_rejects_invalid_and_oversized_retained_values ... ok
test slicer_cache::views::tests::microsoft_example_and_typed_values_round_trip ... ok
test slicer_cache::views::tests::package_store_and_load_round_trip ... ok
test slicer_cache::views::tests::rejects_hostile_xml_schema_violations_and_limits ... ok
test slicer_cache::views::tests::rejects_invalid_package_graphs ... ok
test smart_tags::tests::canonical_writer_round_trips_both_conformance_families ... ok
test smart_tags::tests::package_transaction_is_semantic_atomic_and_ergonomic ... ok
test smart_tags::tests::parses_typed_values_and_office_defaults ... ok
test smart_tags::tests::rejects_ambiguous_or_unsafe_metadata ... ok
test smart_tags::tests::replacement_preserves_unrelated_source_bytes_and_schema_order ... ok
test sort::tests::sort_condition_rejects_mismatched_auxiliary_fields ... ok
test sort::tests::sort_domains_are_compact_exact_and_strict ... ok
test streaming::tests::a_refused_row_leaves_at_most_one_chunk_pre_claimed ... ok
test streaming::tests::a_sibling_sees_the_writers_pre_claimed_objects_until_it_finishes ... ok
test streaming::tests::a_sole_writer_is_refused_exactly_at_every_objects_and_work_limit ... ok
test streaming::tests::batched_text_escaping_matches_scalar_error_order_and_bytes ... ok
test streaming::tests::cancellation_before_finish_reports_partial_output ... ok
test streaming::tests::cancellation_during_central_directory_preserves_typed_progress ... ok
test streaming::tests::cancellation_during_final_flush_preserves_typed_progress ... ok
test streaming::tests::cancellation_during_member_finalization_preserves_typed_progress ... ok
test streaming::tests::cancellation_during_row_poison_is_typed ... ok
test streaming::tests::cell_limit_is_exact_and_one_over ... ok
test streaming::tests::cell_text_and_row_scratch_limits_are_exact_and_one_over ... ok
test streaming::tests::central_directory_failure_reports_partial_output ... ok
test streaming::tests::coordinate_boundaries_are_checked ... ok
test streaming::tests::empty_workbook_has_compact_canonical_six_part_topology ... ok
test streaming::tests::final_flush_failure_reports_partial_output ... ok
test streaming::tests::large_row_scaling_keeps_fixed_memory_without_retaining_output ... ok
test streaming::tests::leases_are_returned_when_the_writer_is_poisoned ... ok
test streaming::tests::maximum_character_text_and_unicode_byte_boundaries_are_checked ... ok
test streaming::tests::non_seek_sink_and_determinism ... ok
test streaming::tests::nonfinite_and_unknown_errors_are_rejected ... ok
test streaming::tests::object_charge_covers_writer_parts_rows_and_cells ... ok
test streaming::tests::output_limit_is_enforced_before_finalization ... ok
test streaming::tests::rejected_text_row_can_be_retried_with_exact_scalar_values ... ok
test streaming::tests::row_limit_is_exact_and_one_over ... ok
test streaming::tests::rows_and_cells_are_strict_and_empty_rows_are_dropped ... ok
test streaming::tests::rows_reuse_one_bounded_scratch_buffer ... ok
test streaming::tests::scalar_rows_reopen_without_dimension_or_shared_strings ... ok
test streaming::tests::short_and_interrupted_sinks_are_retried ... ok
test streaming::tests::sink_failure_poison_is_observable ... ok
test streaming::tests::static_member_failure_reports_exact_partial_output ... ok
test streaming::tests::text_escaping_rejects_xml_controls ... ok
test streaming::tests::work_charge_counts_rejected_row_attempts ... ok
test streaming::tests::work_charge_is_exact_for_setup_row_and_cell ... ok
test streaming::tests::worksheet_xml_limit_is_exact_and_one_over ... ok
test streaming::tests::write_zero_sink_fails_without_hanging ... ok
test style::format::tests::test_cell_border_default ... ok
test style::format::tests::test_cell_border_line_style_as_str ... ok
test style::format::tests::test_cell_border_side ... ok
test style::format::tests::test_cell_fill_pattern_type_as_str ... ok
test style::format::tests::test_cell_fill_pattern_type_debug ... ok
test style::format::tests::test_cell_font_clone ... ok
test style::format::tests::test_cell_font_default ... ok
test style::format::tests::test_cell_font_set_color_hex ... ok
test style::format::tests::test_cell_format_default ... ok
test style::format::tests::test_chart_type_debug ... ok
test style::format::tests::test_data_validation_operator_as_str ... ok
test style::format::tests::test_data_validation_types ... ok
test style::stylesheet::alignment::tests::fixed_tokens_round_trip_without_string_fallbacks ... ok
test style::stylesheet::alignment::tests::rotation_is_valid_by_construction ... ok
test style::stylesheet::alignment::tests::struct_update_syntax_keeps_alignment_concise ... ok
test style::stylesheet::border::tests::authored_diagonal_is_always_complete ... ok
test style::stylesheet::border::tests::border_reports_only_visible_sides ... ok
test style::stylesheet::border::tests::line_tokens_round_trip_without_allocating ... ok
test style::stylesheet::border::tests::rgb_and_tint_are_checked ... ok
test style::stylesheet::cell_style::tests::test_cell_style_clone ... ok
test style::stylesheet::cell_style::tests::test_cell_style_default ... ok
test style::stylesheet::cell_style::tests::test_cell_style_has_formatting ... ok
test style::stylesheet::cell_style::tests::test_cell_style_new ... ok
test style::stylesheet::fill::tests::test_fill_clone ... ok
test style::stylesheet::fill::tests::test_fill_default ... ok
test style::stylesheet::fill::tests::test_fill_gradient ... ok
test style::stylesheet::fill::tests::test_fill_none_is_not_solid ... ok
test style::stylesheet::fill::tests::test_fill_pattern ... ok
test style::stylesheet::fill::tests::test_fill_solid ... ok
test style::stylesheet::font::tests::fixed_font_domains_are_exhaustive_compact_and_strict ... ok
test style::stylesheet::font::tests::test_font_clone ... ok
test style::stylesheet::font::tests::test_font_default ... ok
test style::stylesheet::font::tests::test_font_full ... ok
test style::stylesheet::font::tests::test_font_has_formatting ... ok
test style::stylesheet::font::tests::test_font_new ... ok
test style::stylesheet::number_format::tests::test_builtin_format_code ... ok
test style::stylesheet::number_format::tests::test_is_date_format ... ok
test style::stylesheet::number_format::tests::test_is_date_format_edge_cases ... ok
test style::stylesheet::number_format::tests::test_number_format_clone ... ok
test style::stylesheet::number_format::tests::test_number_format_is_builtin ... ok
test style::stylesheet::number_format::tests::test_number_format_is_date_format ... ok
test style::stylesheet::number_format::tests::test_number_format_new ... ok
test style::stylesheet::number_format::tests::test_number_format_validation ... ok
test style::stylesheet::parser::tests::parses_complete_namespaced_style_sheet ... ok
test style::stylesheet::parser::tests::preserves_explicit_none_and_baseline_font_tokens ... ok
test style::stylesheet::parser::tests::rejects_malformed_styles ... ok
test style::stylesheet::parser::tests::supports_strict_aliases_and_empty_sections ... ok
test style::stylesheet::writer::tests::publishes_and_parses_canonical_stylesheet_records ... ok
test style::stylesheet::writer::tests::rejects_conformance_mismatches_instead_of_dropping_edges ... ok
test style::theme::tests::parses_theme_colors_and_fonts ... ok
test style::theme::tests::rejects_malformed_themes ... ok
test survey::source::properties::tests::authored_property_size_accounts_for_extremes_and_xstring_expansion ... ok
test survey::source::questions::tests::authored_question_precharges_exact_size_and_rejects_one_over_limit ... ok
test survey::tests::accepts_the_survey_namespace_when_it_is_prefixed ... ok
test survey::tests::catalog_staging_shares_untouched_surveys_and_preserves_failed_edit_identity ... ok
test survey::tests::custom_question_limit_is_admitted_before_parsing_another_question ... ok
test survey::tests::edits_retain_nested_namespaces_comments_and_unknown_attributes ... ok
test survey::tests::edits_retain_unknown_extension_xml_and_namespaces ... ok
test survey::tests::enforces_survey_constraints ... ok
test survey::tests::equality_tracks_opaque_namespace_context_and_comment_anchors ... ok
test survey::tests::extension_capture_preserves_source_tokens_and_precharges_aggregate_bytes ... ok
test survey::tests::extension_lists_use_the_survey_namespace_at_every_owner ... ok
test survey::tests::failed_edit_does_not_mutate_the_transaction_draft ... ok
test survey::tests::foreign_opaque_question_transplant_refusal_is_atomic ... ok
test survey::tests::foreign_package_relationship_keeps_survey_removal_graph_atomic ... ok
test survey::tests::full_writer_preserves_comment_slots_across_semantic_edits_and_detached_insert ... ok
test survey::tests::graph_insert_inverse_restores_noncanonical_owner_members_after_reopen ... ok
test survey::tests::graph_inverse_restores_noncanonical_content_types_and_relationship_members_after_reopen ... ok
test survey::tests::inverse_patch_restores_survey_part_and_relationship_bytes_exactly ... ok
test survey::tests::known_xstrings_decode_once_and_foreign_attributes_remain_opaque ... ok
test survey::tests::malformed_xml_and_xstring_surrogates_are_rejected_at_the_correct_layer ... ok
test survey::tests::nested_modeled_prefixes_preserve_foreign_default_context_everywhere ... ok
test survey::tests::no_op_transaction_preserves_exact_source_bytes ... ok
test survey::tests::opaque_property_transplant_refusal_is_atomic ... ok
test survey::tests::package_transaction_supports_edit_insert_remove_and_inverse ... ok
test survey::tests::parses_complete_ct_survey_family ... ok
test survey::tests::prefixed_survey_retains_foreign_default_namespace_for_opaque_extensions ... ok
test survey::tests::property_insertions_preserve_foreign_default_context_and_inverse ... ok
test survey::tests::property_removal_replacement_and_insertion_keep_adjacent_source_xml ... ok
test survey::tests::qualified_attributes_cannot_supply_unqualified_protocol_fields ... ok
test survey::tests::question_collection_edits_move_allocations_and_cancel_exactly ... ok
test survey::tests::question_container_namespace_bindings_survive_edit_save_and_inverse ... ok
test survey::tests::question_insert_remove_preserve_parent_comment_slots_in_full_and_source_writers ... ok
test survey::tests::question_sequence_edits_preserve_source_context_and_exact_inverse ... ok
test survey::tests::questions_property_presence_keeps_parent_comment_slots_single_and_ordered ... ok
test survey::tests::relationship_part_name_aliases_are_equivalent_but_lexical_targets_remain_checked ... ok
test raw::worksheet::tests::streaming_0365_range_tests::dense_wide_generated_worksheet_uses_plain_path_and_matches_authoritative_scan ... ok
test survey::tests::row_source_accepts_the_normative_unquoted_quote_production ... ok
test survey::tests::removing_a_survey_restores_its_source_proof_for_inverse_save ... ok
test survey::tests::semantic_table_and_column_selectors_resolve_during_insert ... ok
test survey::tests::scalar_edits_preserve_noncompact_source_context_and_inverse_publication ... ok
test survey::tests::stale_patch_and_explicit_limits_are_rejected_atomically ... ok
test survey::tests::survey_children_follow_the_schema_sequence ... ok
test survey::tests::unknown_attribute_prefixes_and_expanded_duplicates_are_validated ... ok
test survey::tests::workbook_view_and_save_preserve_the_original_survey_part ... ok
test survey::tests::xstring_authoring_preserves_controls_literal_escapes_and_attribute_whitespace ... ok
test survey::tests::signature_policy_guards_changed_survey_publications_atomically ... ok
test survey::tests::xstring_output_budget_charges_encoded_growth_before_allocation ... ok
test table::tests::escapes_writable_table_values ... ok
test table::tests::parses_prefixed_strict_table_definition ... ok
test table::tests::rejects_invalid_writable_table_models ... ok
test table::tests::rejects_malformed_table_definitions ... ok
test table::tests::test_parse_cell_ref ... ok
test table::tests::test_parse_range ... ok
test table::tests::test_table_column_names ... ok
test table::tests::test_table_column_new ... ok
test table::tests::test_table_initialize_columns ... ok
test table::tests::test_table_new ... ok
test table::tests::test_table_style_info_default ... ok
test table::tests::test_table_style_info_new ... ok
test table::tests::test_table_style_info_parse ... ok
test table::tests::test_table_style_info_parse_partial ... ok
test table::tests::test_table_type_as_str ... ok
test table::tests::test_table_type_parse ... ok
test table::tests::test_totals_row_function_as_str ... ok
test table::tests::test_totals_row_function_parse ... ok
test table::tests::writes_auto_filter_sort_and_formulas_losslessly ... ok
test table::tests::writes_table_attributes_columns_and_style ... ok
test survey::tests::xstring_changes_save_reopen_and_restore_the_original_source ... ok
test task_panes::tests::malformed_task_pane_graph_is_rejected_without_mutation ... ok
test task_panes::tests::strict_task_panes_round_trip_through_facade ... ok
test task_panes::tests::crud_is_atomic_and_preserves_relationships_and_opaque_extensions ... ok
test threaded_comments::tests::accepts_empty_present_parts ... ok
test threaded_comments::tests::parses_prefixed_people_and_threaded_comments ... ok
test threaded_comments::tests::rejects_invalid_people_and_comments ... ok
test threaded_comments::tests::rejects_malformed_threaded_parts ... ok
test threaded_comments::tests::writes_schema_valid_people_and_comments ... ok
test timelines::codec::tests::duplicate_attribute_names_are_refused_as_before ... ok
test task_panes::tests::unknown_root_parts_survive_task_pane_edits ... ok
test timelines::tests::tests::package_store_load_and_cross_validation_round_trip ... ok
test timelines::tests::tests::rejects_hostile_grammar_identity_and_bounds ... ok
test timelines::tests::tests::rejects_package_graph_and_unknown_cache_errors ... ok
test timelines::tests::tests::rejects_state_calendar_timezone_range_order_and_filter_presence ... ok
test timelines::tests::tests::typed_protocol_shaped_parts_round_trip ... ok
test timelines::tests::tests::typed_state_pivot_filter_and_all_filter_types_round_trip ... ok
test timelines::tests::xsd_datetime_full_lexical_tests::accepts_and_compares_full_applicable_xsd_datetime_space ... ok
test timelines::tests::xsd_datetime_full_lexical_tests::rejects_non_xsd_datetime_lexemes_and_indeterminate_mixed_zones ... ok
test timelines::tests::xsd_datetime_full_lexical_tests::timeline_range_preserves_extended_lexemes_round_trip ... ok
test volatile_dependencies::tests::applies_mce_fallback ... ok
test volatile_dependencies::tests::package_volatile_dependencies_mutators_reject_invalid_existing_graphs ... ok
test volatile_dependencies::tests::parses_and_writes_transitional_and_strict ... ok
test volatile_dependencies::tests::preserves_non_empty_extension_list_and_inherited_namespaces ... ok
test volatile_dependencies::tests::rejects_malformed_and_unsafe_input ... ok
test volatile_dependencies::tests::removal_retains_volatile_dependencies_part_referenced_elsewhere ... ok
test volatile_dependencies::tests::resolves_package_relationship_and_rejects_outbound_relationships ... ok
test volatile_dependencies::tests::serializer_rejects_oversized_output_before_appending_extension ... ok
test volatile_dependencies::tests::stores_rewrites_and_removes_inert_volatile_dependencies_parts ... ok
test web::tests::failed_edits_leave_the_collection_unchanged ... ok
test web::tests::supports_semantic_and_checked_positional_crud ... ok
test web::tests::validates_ranges_and_package_references ... ok
test workbook::comments::codec::tests::parses_strict_comments_and_rich_text ... ok
test workbook::comments::codec::tests::rejects_malformed_comments ... ok
test workbook::comments::codec::tests::writer_round_trips_semantics ... ok
test workbook::comments::package::tests::stores_loads_and_removes_worksheet_graph ... ok
test workbook::comments::tests::checked_edits_are_atomic_and_preserve_vml_shape_ids ... ok
test workbook::comments::tests::patch_conflict_does_not_publish_partial_relationship_changes ... ok
test workbook::comments::tests::patch_replays_exact_source_and_inverse_atomically ... ok
test workbook::comments::tests::semantic_no_op_keeps_exact_bytes_and_relationships ... ok
test workbook::comments::tests::snapshot_retains_exact_source_and_inert_shape_identity ... ok
test workbook::data_model::codec::tests::context_attribute_size_is_checked_before_output_allocation ... ok
test workbook::data_model::codec::tests::dot_segment_buffer_rejects_over_limit_before_reserving ... ok
test workbook::data_model::codec::tests::duplicate_attribute_names_are_refused_as_before ... ok
test timelines::codec::tests::many_distinct_attribute_names_are_read_in_order ... ok
test workbook::data_model::codec::tests::model_time_groupings_handles_inherited_default_namespace_and_owner_prefix ... ok
test workbook::data_model::codec::tests::model_time_groupings_projection_splices_only_its_known_child ... ok
test workbook::data_model::codec::tests::model_time_groupings_round_trip_and_escape_values ... ok
test workbook::data_model::codec::tests::model_time_groupings_unknown_content_type_is_read_only ... ok
test workbook::data_model::codec::tests::many_distinct_attribute_names_are_read_in_order ... ok
test workbook::data_model::codec::tests::opaque_attributes_are_checked_without_counting_them_first ... ok
test workbook::data_model::codec::tests::oversized_in_scope_namespace_is_rejected_before_unescaping ... ok
test workbook::data_model::codec::tests::oversized_opaque_source_is_rejected_before_child_materialization ... ok
test workbook::data_model::codec::tests::xml_base_resolution_follows_rfc3986_edge_cases ... ok
test workbook::data_model::package::tests::adding_a_load_version_to_an_empty_descriptor_preserves_its_spelling ... ok
test workbook::data_model::package::tests::connection_name_matching_decodes_spreadsheet_escapes_once ... ok
test workbook::data_model::package::tests::connection_resolution_retains_case_folding_and_rejects_folded_ambiguity ... ok
test workbook::data_model::package::tests::connections_only_changes_make_model_patches_stale ... ok
test workbook::data_model::package::tests::descriptor_graph_creation_removal_and_inverse_preserve_noncompact_workbooks ... ok
test workbook::data_model::package::tests::direct_model_store_rejects_unowned_incoming_edges_before_publication ... ok
test workbook::data_model::package::tests::duplicate_named_connections_are_ambiguous_and_publication_is_atomic ... ok
test workbook::data_model::package::tests::fresh_model_time_grouping_store_refuses_without_inner_identity_proof ... ok
test workbook::data_model::package::tests::inserts_into_existing_empty_extension_list ... ok
test workbook::data_model::package::tests::load_rejects_duplicate_model_time_grouping_owner ... ok
test workbook::data_model::package::tests::load_rejects_unknown_model_time_grouping_table ... ok
test workbook::data_model::package::tests::load_version_accepts_xml_schema_integer_whitespace_but_not_other_spacing ... ok
test workbook::data_model::package::tests::load_version_edit_splices_only_the_attribute_value ... ok
test workbook::data_model::package::tests::opaque_descriptor_retains_inherited_bindings_and_mixed_content ... ok
test workbook::data_model::package::tests::opaque_namespace_capture_bounds_resolver_shadowing_work ... ok
test workbook::data_model::package::tests::package_round_trip_preserves_inert_payload_and_inline_metadata ... ok
test workbook::data_model::package::tests::payload_only_edit_requires_signature_provenance_disposition ... ok
test workbook::data_model::package::tests::payload_only_replacement_reproves_retained_time_groupings ... ok
test workbook::data_model::package::tests::rejects_connections_with_target_queries_or_fragments ... ok
test workbook::data_model::package::tests::rejects_hostile_xml_schema_and_bounds ... ok
test workbook::data_model::package::tests::rejects_invalid_model_connection_identity ... ok
test workbook::data_model::package::tests::rejects_missing_connection_and_unknown_table_references ... ok
test workbook::data_model::package::tests::rejects_orphan_duplicate_wrong_path_and_relationship_edges ... ok
test workbook::data_model::package::tests::signed_source_bound_time_grouping_write_refuses_before_commit ... ok
test workbook::data_model::package::tests::signed_transaction_noop_remains_allowed ... ok
test workbook::data_model::package::tests::snapshots_edits_publication_and_inverse_share_the_package_payload ... ok
test workbook::data_model::package::tests::source_bound_time_grouping_bad_references_never_reach_specialized_writer ... ok
test workbook::data_model::package::tests::source_bound_time_grouping_changed_writes_refuse_unproven_inner_identity ... ok
test workbook::data_model::package::tests::source_bound_time_grouping_noop_survives_save_reopen_and_inverse ... ok
test workbook::data_model::package::tests::source_bound_time_grouping_remove_is_reversible_without_inner_rewrite ... ok
test workbook::data_model::package::tests::source_bound_time_grouping_unknown_sibling_topology_is_not_rewritten ... ok
test workbook::data_model::package::tests::source_bound_transaction_edits_descriptor_and_inverse_restores_exact_graph ... ok
test workbook::data_model::package::tests::source_bound_transaction_removes_and_restores_the_singleton ... ok
test workbook::data_model::package::tests::source_opaque_content_survives_version_edit_and_inverse_save ... ok
test workbook::data_model::package::tests::structural_descriptor_changes_cannot_reuse_the_opaque_payload ... ok
test workbook::data_model::package::tests::transaction_import_preserves_opaque_descriptor_markup ... ok
test workbook::data_model::package::tests::typed_descriptor_round_trip ... ok
test workbook::data_model::removal::tests::cube_dependency_scan_handles_strings_names_and_xml_entities ... ok
test workbook::data_model::removal::tests::named_consumers_decode_xstrings_and_reject_duplicate_owners ... ok
test workbook::data_model::removal::tests::x14_validation_wrappers_leave_xm_formula_ownership_to_the_child ... ok
test workbook::edit::svg_lifecycle::relationship_ids::tests::checked_suffix_growth_refuses_u64_overflow ... ok
test workbook::edit::svg_lifecycle::relationship_ids::tests::dense_source_ids_advance_once_without_rechecking_the_prefix ... ok
test workbook::edit::svg_lifecycle::relationship_ids::tests::detached_and_transaction_issued_ids_are_never_reused ... ok
test workbook::edit::svg_lifecycle::relationship_ids::tests::holes_and_case_variants_do_not_change_exact_id_semantics ... ok
test workbook::edit::svg_lifecycle::tests::chained_graph_additions_measure_final_source_less_relationships ... ok
test workbook::edit::svg_lifecycle::tests::failed_attach_admission_leaves_real_preflight_retryable ... ok
test workbook::edit::svg_lifecycle::tests::no_op_detach_retains_real_preflight_cache ... ok
test workbook::edit::tests::cells::calculation_chain_removal_is_atomic_and_reversible ... ok
test workbook::edit::tests::cells::cell_crud_is_atomic_reversible_and_source_preserving ... ok
test workbook::edit::tests::cells::cell_transfer_clones_classic_chart_graph_through_merge_and_durable_inverse ... ok
test workbook::edit::tests::cells::cell_transfer_clones_selected_picture_graph_and_is_reversible ... ok
test workbook::edit::tests::cells::clear_and_remove_have_distinct_missing_and_empty_semantics ... ok
test workbook::edit::tests::cells::clearing_a_cell_created_in_the_same_transaction_keeps_an_empty_record ... ok
test workbook::edit::tests::cells::commit_adopts_only_the_changed_worksheet_store ... ok
test workbook::edit::tests::cells::commit_does_not_retain_an_oversized_validated_store ... ok
test workbook::edit::tests::cells::large_plain_worksheet_sparse_edit_reopens_and_preserves_store_policy ... ok
test workbook::edit::tests::cells::merged_range_crud_is_sparse_safe_reversible_and_composable ... ok
test workbook::edit::tests::cells::merged_range_reads_share_one_snapshot_without_public_locks ... ok
test workbook::edit::tests::cells::payload_and_style_effects_on_one_cell_join_without_locks ... ok
test workbook::edit::tests::cells::plain_cell_rewrite_preserves_neighbor_bytes_and_reopens_typed_formulas ... ok
test workbook::edit::tests::cells::resetting_style_is_distinct_from_removal_and_missing_is_a_no_op ... ok
test workbook::edit::tests::cells::rich_shared_string_transfer_keeps_exact_dependency_through_join_replay_and_inverse ... ok
test workbook::edit::tests::cells::shared_style_crud_is_lineage_checked_reversible_and_exact ... ok
test workbook::edit::tests::cells::signed_packages_refuse_edits_before_mutation ... ok
test workbook::edit::tests::lane::a_changed_cell_reemitted_into_an_omitted_run_keeps_the_complete_readback ... ok
test workbook::data_model::codec::tests::write_preflights_exact_escaped_descriptor_size_at_the_limit ... ok
test workbook::edit::tests::lane::a_foreign_sheet_data_before_the_body_keeps_the_complete_readback ... ok
test workbook::edit::tests::lane::markup_compatibility_and_noncompact_sources_keep_the_complete_readback ... ok
test workbook::edit::tests::lane::byte_order_marked_worksheets_edit_exactly_like_unmarked_ones ... ok
test workbook::edit::tests::lane::refused_edits_keep_their_refusal_on_the_reduced_route ... ok
test workbook::edit::tests::lane::small_sheets_keep_the_complete_readback_and_its_handoff ... ok
test workbook::edit::tests::lane::value_updates_above_the_handoff_bound_take_the_reduced_readback ... ok
test workbook::edit::tests::lane::worksheets_above_the_web_reader_limit_never_take_the_reduced_readback ... ok
test workbook::edit::tests::layout::column_layout_is_selector_first_typed_reversible_and_facet_composable ... ok
test workbook::edit::tests::layout::column_layout_patch_guards_and_rebinds_hidden_shared_style_identity ... ok
test workbook::edit::tests::layout::column_visibility_is_checked_reversible_and_composable ... ok
test workbook::edit::tests::layout::grid_default_styles_are_lineage_checked_reversible_and_facet_composable ... ok
test workbook::edit::tests::layout::new_sheet_defaults_require_height_and_commit_with_short_selectors ... ok
test workbook::edit::tests::layout::row_layout_is_typed_reversible_and_facet_composable ... ok
test workbook::edit::tests::layout::row_layout_patch_guards_and_rebinds_hidden_shared_style_identity ... ok
test workbook::edit::tests::layout::row_visibility_is_checked_reversible_and_patch_visible ... ok
test workbook::edit::tests::layout::worksheet_defaults_are_typed_reversible_and_facet_composable ... ok
test workbook::edit::tests::layout::worksheet_page_break_cache_hit_still_validates_sheet_kind ... ok
test workbook::edit::tests::layout::worksheet_page_break_cache_is_shared_across_unchanged_publication ... ok
test workbook::edit::tests::layout::worksheet_page_break_cache_is_snapshot_local_across_clones_and_noop_edits ... ok
test workbook::edit::tests::layout::worksheet_page_break_projection_cache_has_finite_weighted_retention ... ok
test workbook::edit::tests::layout::worksheet_page_break_projection_errors_are_not_cached ... ok
test workbook::edit::tests::layout::worksheet_page_break_projection_is_invalidated_by_publication ... ok
test workbook::edit::tests::layout::worksheet_page_break_projection_reuses_successful_snapshot_parse ... ok
test workbook::edit::tests::tabs::active_relocation_synchronizes_worksheet_and_chart_view_selection ... ok
test workbook::edit::tests::tabs::active_tab_is_selector_first_reversible_and_composable ... ok
test workbook::edit::tests::tabs::active_tab_requires_final_visibility_and_conflicts_globally ... ok
test workbook::edit::tests::tabs::defined_name_catalog_write_is_compact_joinable_replayable_and_reversible ... ok
test workbook::edit::tests::tabs::numeric_tab_moves_are_checked_and_all_positions_round_trip ... ok
test workbook::edit::tests::tabs::showing_an_unknown_producer_state_repairs_it_explicitly ... ok
test workbook::edit::tests::tabs::tab_rename_is_typed_dependency_aware_move_first_and_reversible ... ok
test workbook::edit::tests::tabs::tab_rename_validates_names_collisions_swaps_and_join_facets ... ok
test workbook::edit::tests::tabs::tab_reorder_blocks_protection_and_revision_tracking ... ok
test workbook::edit::tests::tabs::tab_reorder_composes_with_other_facets_and_conflicts_globally ... ok
test workbook::edit::tests::tabs::tab_reorder_is_selector_first_dependency_aware_and_reversible ... ok
test workbook::edit::tests::tabs::tab_visibility_applies_to_non_worksheet_sheet_kinds ... ok
test workbook::edit::tests::tabs::tab_visibility_blocks_protected_workbook_structure ... ok
test workbook::edit::tests::tabs::tab_visibility_composes_with_cells_and_conflicts_by_facet ... ok
test workbook::edit::tests::tabs::tab_visibility_is_selector_first_reversible_and_active_safe ... ok
test workbook::edit::tests::transactions::independently_prepared_disjoint_edits_join_after_threaded_work ... ok
test workbook::edit::tests::transactions::join_conflicts_are_structured_and_return_the_rejected_edit ... ok
test workbook::edit::tests::transactions::metadata_only_edit_preserves_strict_namespace_and_unknown_xml ... ok
test workbook::edit::tests::transactions::metadata_only_edit_rejects_malformed_worksheet_like_the_source_parser ... ok
test workbook::edit::tests::transactions::metadata_only_edit_with_the_existing_value_is_a_byte_no_op ... ok
test workbook::edit::tests::transactions::page_margins_merge_replay_inverse_and_record_history ... ok
test workbook::edit::tests::transactions::row_visibility_joins_with_cells_and_conflicts_by_row ... ok
test workbook::edit::tests::web::task_panes_and_sheet_removal_join_conflicts_are_symmetric ... ok
test workbook::edit::tests::web::web_bindings_and_task_panes_commit_join_and_reverse_atomically ... ok
test workbook::edit::tests::web::web_patch_cross_graph_validation_is_atomic_on_alternate_snapshots ... ok
test workbook::edit::tests::worksheets::worksheet_add_allocates_strict_graph_identity_without_exposing_it ... ok
test workbook::edit::tests::worksheets::worksheet_add_blocks_protected_and_compatibility_owned_catalogs ... ok
test workbook::edit::tests::worksheets::worksheet_add_closes_rename_formula_and_extended_property_dependencies ... ok
test workbook::edit::tests::worksheets::worksheet_add_is_atomic_populatable_active_and_reversible ... ok
test workbook::edit::tests::worksheets::worksheet_add_synchronizes_optional_properties_during_a_simultaneous_reorder ... ok
test workbook::edit::tests::worksheets::worksheet_add_validates_names_visibility_and_parallel_joins ... ok
test workbook::edit::tests::worksheets::worksheet_insert_is_selector_first_order_aware_and_reversible ... ok
test workbook::edit::tests::worksheets::worksheet_insert_join_preserves_explicit_edit_order ... ok
test workbook::edit::tests::worksheets::worksheet_remove_accepts_case_equivalent_opc_targets ... ok
test workbook::edit::tests::worksheets::worksheet_remove_blocks_custom_workbook_view_identity ... ok
test workbook::edit::tests::worksheets::worksheet_remove_blocks_live_formulas_last_sheet_and_mixed_edits ... ok
test workbook::edit::tests::worksheets::worksheet_remove_blocks_macro_projects_and_extra_incoming_relationships ... ok
test workbook::edit::tests::worksheets::worksheet_remove_is_selector_first_active_relocating_and_reversible ... ok
test workbook::edit::tests::worksheets::worksheet_remove_joins_disjoint_plans_and_blocks_unknown_dependencies ... ok
test workbook::source::tests::cached_worksheet_queries_do_not_reload_an_evicted_payload ... ok
test workbook::source::tests::deferred_catalog_and_first_sheet_do_not_reach_second_worksheet_body_marker ... ok
test workbook::source::tests::final_catalog_check_rejects_revision_flip_after_empty_metadata_build ... ok
test workbook::source::tests::final_cell_and_collection_checks_reject_revision_flips_after_owned_clones ... ok
test workbook::source::tests::managed_facade_cancellation_is_typed_before_open_and_on_cached_reads ... ok
test workbook::source::tests::managed_facade_one_under_budget_rejects_before_selected_part_io ... ok
test workbook::source::tests::managed_facade_selectively_materializes_with_exact_budget_and_releases_on_drop ... ok
test workbook::source::tests::managed_package_facade_checks_package_cancellation_on_cached_reads ... ok
test workbook::source::tests::source_changes_are_returned_as_typed_opc_errors ... ok
test workbook::source::tests::streaming_0363_tests::cancellation_0363_does_not_publish_store ... ok
test workbook::source::tests::streaming_0363_tests::crc_failure_0363_does_not_publish_store ... ok
test workbook::source::tests::streaming_0363_tests::dimension_metadata_0400_keeps_scalar_and_range_queries_streaming ... ok
test workbook::source::tests::streaming_0363_tests::eligible_scalar_cell_queries_0363_preserve_sparse_states_without_store ... ok
test workbook::source::tests::streaming_0363_tests::eligible_scalar_cell_queries_0363_rescan_without_cache ... ok
test workbook::source::tests::streaming_0363_tests::malformed_tail_0363_does_not_publish_store ... ok
test workbook::source::tests::streaming_0363_tests::merge_not_eligible_0363_falls_back_and_initializes_store ... ok
test workbook::source::tests::streaming_0363_tests::source_change_0363_does_not_publish_store ... ok
test workbook::source::tests::streaming_0363_tests::unsupported_dimension_metadata_0400_preserves_eager_fallback ... ok
test workbook::source::tests::streaming_0364_tests::dependency_crc_errors_0364_do_not_publish_semantics ... ok
test workbook::source::tests::streaming_0364_tests::dependency_source_change_and_cancellation_0364_stay_primary ... ok
test workbook::source::tests::streaming_0364_tests::final_fence_0364_outranks_parser_error ... ok
test workbook::source::tests::streaming_0364_tests::invalid_and_missing_dependency_refs_0364_fall_back_without_store ... ok
test workbook::source::tests::streaming_0364_tests::late_dependency_errors_0364_are_primary_without_publication ... ok
test workbook::source::tests::streaming_0364_tests::plain_shared_string_and_style_stream_0364_avoids_materialization ... ok
test workbook::source::tests::streaming_0364_tests::repeated_eligible_dependency_query_0364_rescans_source ... ok
test workbook::source::tests::streaming_0364_tests::requested_plain_and_rich_sst_0364_have_eager_parity ... ok
test workbook::source::tests::streaming_0364_tests::semantic_dependency_caches_0364_survive_payload_eviction ... ok
test workbook::source::tests::streaming_0364_tests::unselected_dependency_maxima_0364_are_validated ... ok
test workbook::source::tests::streaming_0365_tests::callback_cancellation_0365_uses_package_owned_context ... ok
test workbook::source::tests::streaming_0365_tests::callback_error_0365_preserves_exact_prefix ... ok
test workbook::source::tests::streaming_0365_tests::cold_cells_0365_are_sparse_row_major_and_area_bounded ... ok
test workbook::source::tests::streaming_0365_tests::cold_visit_cells_0365_matches_sparse_sequence_and_count ... ok
test workbook::source::tests::streaming_0365_tests::dependency_crc_0365_has_zero_callbacks_without_publication ... ok
test workbook::source::tests::streaming_0365_tests::final_source_change_0365_outranks_callback_error ... ok
test workbook::source::tests::streaming_0365_tests::malformed_tail_and_worksheet_0365_have_zero_callbacks ... ok
test workbook::source::tests::streaming_0365_tests::merge_and_shared_formula_0365_fall_back_to_store ... ok
test workbook::source::tests::streaming_0365_tests::multiple_dependencies_0365_stay_cold_without_store_or_part_cache ... ok
test workbook::source::tests::streaming_0365_tests::repeated_cells_0365_rescan_without_cache ... ok
test workbook::source::tests::streaming_0365_tests::source_change_and_cancellation_0365_have_zero_callbacks ... ok
test workbook::source::tests::streaming_0365_tests::warm_store_cells_0365_match_cold_selection ... ok
test workbook::source::tests::streaming_0366_tests::cold_cell_0366_decodes_references_with_exact_eager_parity ... ok
test workbook::source::tests::streaming_0366_tests::cold_cells_0366_are_sparse_row_major_and_stay_cold ... ok
test workbook::source::tests::streaming_0366_tests::cold_visit_cells_0366_stages_decoded_callbacks_without_admission ... ok
test workbook::source::tests::streaming_0366_tests::malformed_reference_tail_and_crc_0366_have_no_callbacks_or_publication ... ok
test workbook::source::tests::streaming_0366_tests::valid_overlong_and_numeric_inline_refs_0366_require_eager_fallback ... ok
test workbook::source::tests::streaming_0367_tests::cold_cells_and_visit_0367_are_sparse_physical_and_merge_coverage_is_not_synthetic ... ok
test workbook::source::tests::streaming_0367_tests::cold_merge_cell_views_0367_match_forced_eager_without_admission ... ok
test workbook::source::tests::streaming_0367_tests::crc_source_change_and_cancellation_0367_have_zero_callbacks ... ok
test workbook::source::tests::streaming_0367_tests::malformed_merge_metadata_0367_has_zero_callbacks_and_publication ... ok
test workbook::source::tests::streaming_0367_tests::merge_and_unsupported_semantics_0367_match_eager_with_store_admission ... ok
test workbook::source::tests::streaming_0367_tests::numeric_value_scratch_0400_preserves_late_fallback_parity ... ok
test workbook::source::tests::streaming_0642_tests::cells_0672_reserve_exactly_the_stored_selection ... ok
test workbook::source::tests::streaming_0642_tests::visit_cells_0642_matches_cells_on_both_routes ... ok
test workbook::source::tests::streaming_0642_tests::visit_cells_0642_refuses_a_later_row_before_any_visit ... ok
test workbook::source::tests::streaming_0642_tests::visit_cells_0642_stops_on_the_stored_route_at_the_failing_cell ... ok
test workbook::tests::cell_facade_is_sparse_exact_and_non_mutating ... ok
test workbook::tests::clones_share_the_snapshot_and_handles_pin_it ... ok
test workbook::tests::concurrent_first_cell_read_publishes_one_safe_snapshot ... ok
test workbook::tests::concurrent_snapshot_reads_need_no_public_locking ... ok
test workbook::tests::duplicate_names_and_dangling_relationships_are_typed_errors ... ok
test workbook::tests::flavor_is_content_derived ... ok
test workbook::tests::new_workbook_is_deterministic_and_selector_first ... ok
test workbook::tests::owned_workbook_noop_output_preserves_exact_archive ... ok
test workbook::tests::package_and_workbook_ingress_honor_exact_read_limits ... ok
test workbook::tests::poi_and_libreoffice_shared_formula_oracles_match ... ok
test workbook::tests::styles_graph_table_and_cell_references_are_checked ... ok
test workbook::tests::validated_worksheet_store_adoption_requires_exact_bytes_and_lineage ... ok
test workbook::tests::web_facades_are_lazy_borrowed_and_snapshot_scoped ... ok
test workbook::tests::worksheet_operations_reject_other_sheet_kinds_without_parsing_them ... ok
test workbook::worksheet::tests::empty_snapshot_exposes_typed_worksheet_facades ... ok
test workbook_metadata::codec::tests::duplicate_attribute_names_are_refused_as_before ... ok
test workbook_metadata::codec::tests::many_distinct_attribute_names_are_read_in_order ... ok
test workbook_metadata::protection::tests::parses_legacy_workbook_and_revision_verifiers ... ok
test workbook_metadata::protection::tests::parses_strict_strong_workbook_protection ... ok
test workbook_metadata::protection::tests::rejects_invalid_or_mixed_verifier_metadata ... ok
test workbook_metadata::protection::tests::workbook_accessor_reads_a_real_excel_strong_verifier ... ok
test workbook_metadata::protection::tests::writer_escapes_future_algorithm_names_without_weakening_validation ... ok
test workbook_metadata::protection::tests::writes_and_reparses_all_typed_protection_attributes ... ok
test workbook_metadata::tests::mce_choice_selects_understood_metadata_branch ... ok
test workbook_metadata::tests::rejects_malformed_and_out_of_bounds_values ... ok
test workbook_metadata::tests::strict_round_trip_preserves_indices_and_extensions ... ok
test xml_maps::tests::borrowed_codec_view_does_not_clone_large_opaque_payloads ... ok
test xml_maps::tests::handles_strict_and_mce_fallback ... ok
test xml_maps::tests::keeps_poi_xxe_schema_inert ... ok
test xml_maps::tests::package_xml_maps_mutators_reject_invalid_existing_graphs_before_replacement ... ok
test xml_maps::tests::preserves_unrelated_references_when_removing_xml_maps ... ok
test xml_maps::tests::reads_libreoffice_unqualified_children_and_binding ... ok
test xml_maps::tests::reads_poi_real_fixture_and_round_trips_strict ... ok
test xml_maps::tests::rejects_malformed_unsafe_and_invalid_models ... ok
test xml_maps::tests::serializer_rejects_oversized_output_before_final_append ... ok
test xml_maps::tests::stores_rewrites_and_removes_inert_xml_maps_parts ... ok
test xml_maps::tests::transaction_crud_preserves_source_payload_and_round_trips_both_conformances ... ok
test xml_maps::tests::transaction_noop_inverse_and_stale_patch_are_atomic ... ok
test xml_maps::tests::writes_real_poi_xml_maps_package_without_resolving_schema_payloads ... ok
test workbook::edit::tests::lane::random_edits_on_dense_sheets_publish_identical_bytes ... ok

test result: ok. 1367 passed; 0 failed; 0 ignored; 0 measured; 0 filtered out; finished in 46.36s

     Running tests/byte_order_marked_parts.rs (/home/zhuhe/code/litchi-target-0780/quality/debug/deps/byte_order_marked_parts-5ccd4012157fe970)

running 5 tests
test a_fully_marked_workbook_reads_and_saves_like_the_unmarked_workbook ... ok
test a_workbook_with_producer_marked_manifests_edits_like_its_unmarked_twin ... ok
test cell_edits_of_marked_indented_worksheets_match_unmarked_edits ... ok
test sheet_catalog_view_and_hyperlink_edits_of_marked_parts_match_unmarked_edits ... ok
test source_backed_cell_edits_of_marked_parts_match_unmarked_edits ... ok

test result: ok. 5 passed; 0 failed; 0 ignored; 0 measured; 0 filtered out; finished in 0.07s

     Running tests/cached_unique_names.rs (/home/zhuhe/code/litchi-target-0780/quality/debug/deps/cached_unique_names-cb03e5856dd89c04)

running 38 tests
test cached_unique_name_leaves_are_attribute_only_and_empty_name_is_valid ... ok
test cache_id_version_accepts_unsigned_byte_maximum_but_rejects_overflow ... ok
test cached_unique_names_parent_sequence_requires_xml_whitespace_between_children ... ok
test cached_unique_names_exact_grammar_rejects_unowned_mce_and_unknown_content ... ok
test caller_limits_reject_large_source_or_candidate_before_publication ... ok
test duplicate_field_names_are_not_a_semantic_name_selector ... ok
test duplicate_names_are_legal_but_indices_must_be_unsigned_and_unique ... ok
test entities_and_spreadsheet_escape_suppression_are_decoded_as_xstring ... ok
test entity_escaped_namespace_uris_normalize_for_direct_and_mce_owners ... ok
test decoded_utf16_name_limit_counts_supplementary_scalars_and_is_atomic ... ok
test explicit_zero_connection_id_does_not_establish_the_model_owner ... ok
test existing_name_edits_allow_empty_xstring_but_reject_structure_and_unknown_index ... ok
test extension_uri_internal_whitespace_and_wrong_values_do_not_infer_by_qname ... ok
test fixture_uses_exact_owner_and_unresolved_shared_items_anchor ... ok
test extension_uri_token_padding_is_semantic_but_raw_source_bound ... ok
test malformed_opaque_qnames_text_and_reserved_namespace_bindings_are_rejected ... ok
test mce_inactive_fallback_with_identical_payload_is_not_a_duplicate ... ok
test mce_nested_selected_choice_is_readable_but_edit_refused ... ok
test mce_branch_attributes_require_qualified_or_effectively_ignorable_namespaces ... ok
test mce_selected_branch_is_readable_but_ambiguous_scalar_publication_is_refused ... ok
test mce_requires_accepts_only_xml_whitespace_and_legal_prefix_aliases ... ok
test model_connection_requires_type_five_de250_true_and_empty_id ... ok
test no_op_and_same_value_edits_retain_exact_cache_source_bytes ... ok
test opaque_cdata_comments_and_entity_encoded_xml_prefix_are_preserved ... ok
test ordinary_workbook_edit_returns_new_snapshot_preserves_original_and_reopens ... ok
test model_connection_routes_require_f057_or_explicit_id_and_allow_both_when_consistent ... ok
test ordinary_workbook_facade_reads_semantic_cache_and_field_selectors ... ok
test ordinary_workbook_no_op_preserves_bytes_and_reports_empty_patch ... ok
test ordinary_workbook_patch_is_fresh_source_bound_stale_atomic_and_exactly_reversible ... ok
test patch_inverse_restores_exact_bytes_and_stale_or_signed_targets_are_atomic ... ok
test pivot_cache_id_version_requires_exact_attributes_and_payload_grammar ... ok
test reads_by_semantic_cache_id_and_field_ordinal_or_name_and_reports_unresolved_bound ... ok
test same_qname_under_unknown_or_inactive_mce_is_opaque_and_not_fragment_capped ... ok
test scalar_edit_is_existing_name_only_and_preserves_source_geometry ... ok
test oversized_duplicate_cache_extensions_are_refused_before_duplicate_diagnostics ... ok
test scalar_edit_round_trips_decoded_control_as_spreadsheet_escape ... ok
test strict_and_transitional_roots_and_prefixed_aliases_have_same_semantics ... ok
test unsigned_indices_accept_plus_one_and_negative_zero_lexicals_source_bound ... ok

test result: ok. 38 passed; 0 failed; 0 ignored; 0 measured; 0 filtered out; finished in 0.26s

     Running tests/calculation_metadata.rs (/home/zhuhe/code/litchi-target-0780/quality/debug/deps/calculation_metadata-7be41f6c5dcc197f)

running 8 tests
test absent_metadata_round_trips_typed_properties_and_inert_feature_occurrences ... ok
test feature_name_and_output_limits_fail_without_partial_publication ... ok
test formula_edit_exposes_recalculation_invalidation_through_workbook_owner ... ok
test mce_projected_metadata_is_readable_but_changed_edits_are_refused ... ok
test metadata_removal_restores_workbook_markup_and_preserves_unrelated_part_bytes ... ok
test patch_inverse_restores_exact_source_and_stale_application_is_atomic ... ok
test signed_no_op_is_exact_but_changed_metadata_is_refused ... ok
test encrypted_source_refuses_metadata_mutation_until_explicit_plain_reopen ... ok

test result: ok. 8 passed; 0 failed; 0 ignored; 0 measured; 0 filtered out; finished in 0.11s

     Running tests/calculation_metadata_formula_security.rs (/home/zhuhe/code/litchi-target-0780/quality/debug/deps/calculation_metadata_formula_security-89221aac57b10389)

running 9 tests
test calculation_metadata_patch_no_op_is_exact_but_change_is_refused_on_signed_package ... ok
test calculation_metadata_patches_are_refused_exactly_on_encrypted_provenance_package ... ok
test changed_public_patch_is_refused_on_workbook_from_signed_package ... ok
test changed_public_patch_is_refused_on_encrypted_provenance_facade ... ok
test empty_and_effective_no_op_patches_preserve_exact_workbook_bytes ... ok
test formula_invalidation_preserves_ordered_duplicate_calc_features_exactly ... ok
test recalculation_failure_on_mce_projected_calc_pr_is_atomic ... ok
test effective_cell_content_transitions_invalidate_flags_and_remove_calc_chain ... ok
test style_only_edit_preserves_calc_flags_and_chain ... ok

test result: ok. 9 passed; 0 failed; 0 ignored; 0 measured; 0 filtered out; finished in 0.15s

     Running tests/calculation_metadata_limits.rs (/home/zhuhe/code/litchi-target-0780/quality/debug/deps/calculation_metadata_limits-97a935c44806dea8)

running 8 tests
test every_limit_builder_rejects_zero_with_a_typed_error ... ok
test depth_event_and_attribute_limits_accept_exact_n_and_reject_n_plus_one ... ok
test feature_limits_accept_exact_n_and_reject_n_plus_one ... ok
test failed_patch_is_atomic_and_retains_the_exact_source ... ok
test opaque_byte_limit_accepts_exact_n_and_rejects_n_plus_one ... ok
test raw_and_mce_byte_limits_accept_exact_n_and_reject_n_plus_one ... ok
test staged_features_are_checked_by_writer_count_and_name_limits ... ok
test output_limit_accepts_exact_n_and_failed_transaction_is_atomic_at_n_plus_one ... ok

test result: ok. 8 passed; 0 failed; 0 ignored; 0 measured; 0 filtered out; finished in 0.00s

     Running tests/calculation_metadata_schema.rs (/home/zhuhe/code/litchi-target-0780/quality/debug/deps/calculation_metadata_schema-785a93bb2fd71bc9)

running 9 tests
test all_thirteen_calc_pr_setters_insert_and_round_trip_exact_authored_values ... ok
test complete_xsd_double_special_value_space_round_trips_through_public_setter ... ok
test malformed_calc_features_schema_boundaries_are_rejected ... ok
test existing_calc_pr_rewrite_removes_each_authored_attribute_and_then_the_tag ... ok
test mce_selected_calc_features_are_readable_but_changed_edit_is_refused ... ok
test strict_prefixed_noncanonical_workbook_writes_and_reopens_calc_pr ... ok
test strict_prefixed_workbook_inserts_calc_features_with_strict_core_qnames ... ok
test xsd_atomic_whitespace_and_leading_zero_unsigned_are_canonicalized_and_plus_rejected ... ok
test xsd_string_feature_names_preserve_empty_whitespace_and_supplementary_scalars ... ok

test result: ok. 9 passed; 0 failed; 0 ignored; 0 measured; 0 filtered out; finished in 0.01s

     Running tests/custom_data_limits.rs (/home/zhuhe/code/litchi-target-0780/quality/debug/deps/custom_data_limits-4d05eb131e7437cd)

running 28 tests
test caller_limits_propagate_to_storage_payload_and_relationship_graph_admission ... ok
test connection_in_root_cdata_counts_against_xml_string_bytes ... ok
test connection_namespace_budget_includes_prefix_bytes ... ok
test connection_namespace_declarations_consume_attribute_budget ... ok
test connection_owner_relationship_presence_is_source_bound_and_inverse_exact ... ok
test content_types_xml_event_and_depth_caps_cover_the_source_member ... ok
test default_public_custom_data_api_remains_usable ... ok
test entity_escaped_connection_namespace_preserves_binding_or_refuses ... ok
test connection_and_temporary_caps_cover_rename_growth_without_mutating_source ... ok
test final_output_cap_accepts_candidate_shrink_and_rejects_one_under ... ok
test host_uid_limit_counts_utf16_units_exactly ... ok
test host_xml_limits_accept_exact_boundaries_and_reject_one_under ... ok
test final_output_cap_uses_candidate_aggregate_for_mixed_shrink_and_growth ... ok
test namespace_byte_limit_reports_input_bytes_dimension ... ok
test moved_payload_can_exceed_temporary_cap_without_copy ... ok
test query_table_empty_elements_honor_the_xml_depth_cap ... ok
test query_table_mce_event_and_depth_caps_cover_raw_and_processed_xml ... ok
test relationship_xml_event_and_depth_caps_cover_the_source_member ... ok
test removal_refuses_unexpected_inbound_relationships_atomically ... ok
test retained_content_types_manifest_can_shrink_below_temporary_cap_and_inverse_restores_source ... ok
test retained_limits_survive_public_patch_inverse_after_reopen ... ok
test relationship_xml_cap_includes_inserted_edges_and_removal_inverse_restores_source ... ok
test retained_properties_xml_can_shrink_below_temporary_cap_and_inverse_restores_source ... ok
test signed_custom_data_noop_is_exact_but_changed_commit_is_refused ... ok
test source_bound_noop_and_inverse_preserve_lexical_zip_members ... ok
test stale_custom_data_patch_is_refused_without_mutating_the_target ... ok
test zero_xml_event_budget_is_refused_without_widening ... ok
test retained_xml_can_shrink_below_temporary_cap_and_inverse_restores_source ... ok

test result: ok. 28 passed; 0 failed; 0 ignored; 0 measured; 0 filtered out; finished in 0.22s

     Running tests/data_model_native.rs (/home/zhuhe/code/litchi-target-0780/quality/debug/deps/data_model_native-327f8488dd7e1991)

running 23 tests
test connections_owner_inverse_rejects_new_incoming_edges_to_absent_uri ... ok
test borrowed_native_model_preserves_relationship_xml_through_edit_and_inverse ... ok
test connections_owner_removal_patch_rechecks_new_foreign_references ... ok
test connections_owner_inverse_rejects_uri_reuse_even_with_unchanged_manifest ... ok
test final_connections_owner_resolves_case_variant_owning_target ... ok
test native_descriptor_patch_rejects_relationship_lexical_source_changes ... ok
test final_connections_owner_removal_refuses_unowned_content_and_edges_atomically ... ok
test native_model_rejects_case_equivalent_foreign_targets ... ok
test native_model_read_descriptor_edit_reopen_and_exact_inverse ... ok
test native_model_removal_preserves_connections_processing_instructions_and_tokens ... ok
test native_model_removal_refuses_query_pivot_and_cube_dependencies_atomically ... ok
test native_model_workbook_edge_resolves_case_equivalent_target ... ok
test native_model_removal_retains_connections_and_restores_exact_source ... ok
test native_profile_rejects_corrupt_boundaries_frames_and_log_bindings ... ok
test native_relationship_token_removal_and_inverse_preserve_exact_xml ... ok
test native_removal_honors_auto_delete_and_addin_retention_with_exact_inverse ... ok
test native_removal_deletes_final_connections_owner_and_restores_exact_inverse ... ok
test native_removal_patch_rechecks_changed_dependent_parts_before_publication ... ok
test native_workbook_relationship_compatibility_has_exact_owner_and_target ... ok
test public_data_model_writer_enforces_xml10_character_boundaries ... ok
test public_structural_descriptor_and_payload_replacement_is_refused_without_inner_identity_proof ... ok
test unknown_model_profile_is_retained_on_package_write ... ok
test native_removal_refuses_named_extension_and_attribute_formula_consumers ... ok

test result: ok. 23 passed; 0 failed; 0 ignored; 0 measured; 0 filtered out; finished in 1.72s

     Running tests/data_model_opaque_context.rs (/home/zhuhe/code/litchi-target-0780/quality/debug/deps/data_model_opaque_context-7a6b218466acf6a1)

running 6 tests
test public_model_context_capture_survives_descriptor_edit_and_exact_inverse ... ok
test public_model_import_closes_inherited_xml_context_without_rebasing_nested_overrides ... ok
test public_parser_rejects_oversized_opaque_source_before_child_dom ... ok
test public_parser_rejects_undeclared_or_malformed_opaque_attribute_entities ... ok
test public_parser_validates_opaque_attribute_entities_without_rewriting_them ... ok
test public_parser_rejects_oversized_in_scope_namespace_before_unescape ... ok

test result: ok. 6 passed; 0 failed; 0 ignored; 0 measured; 0 filtered out; finished in 0.25s

     Running tests/drawing_anchor_geometry.rs (/home/zhuhe/code/litchi-target-0780/quality/debug/deps/drawing_anchor_geometry-ca3af2dfd5159707)

running 8 tests
test only_direct_picture_blips_are_picture_owners ... ok
test projects_all_anchor_forms_with_actual_geometry_and_edit_as ... ok
test rejects_invalid_edit_as_and_schema_bounds ... ok
test applies_drawing_size_and_marker_text_limits_before_projection ... ok
test rejects_missing_duplicate_and_out_of_order_geometry ... ok
test resolves_strict_default_and_transitional_custom_namespaces ... ok
test unknown_payload_blip_does_not_replace_direct_picture_relationship ... ok
test rejects_mce_output_that_exceeds_the_drawing_budget_after_expansion ... ok

test result: ok. 8 passed; 0 failed; 0 ignored; 0 measured; 0 filtered out; finished in 1.34s

     Running tests/drawing_content_part.rs (/home/zhuhe/code/litchi-target-0780/quality/debug/deps/drawing_content_part-fd11a78cb8a93429)

running 12 tests
test nested_xdr14_group_content_part_is_not_inferred_as_core_owner ... ok
test alias_default_namespace_and_mixed_picture_content_part_order_stay_paired ... ok
test source_content_part_limit_accepts_exact_and_rejects_one_under ... ok
test source_content_part_refuses_mce_owners_and_keeps_foreign_opaque_markup_out ... ok
test source_content_part_requires_childless_core_element_and_canonical_qname ... ok
test source_core_content_parts_pair_all_anchor_geometry_and_ranges ... ok
test strict_core_content_part_rejects_unknown_attributes_and_pairs_valid_typed_owners ... ok
test worksheet_content_part_limit_accepts_exact_and_rejects_one_under ... ok
test worksheet_content_part_facade_pairs_source_typed_geometry_and_borrowed_payload ... ok
test worksheet_content_part_relation_and_target_graph_failures_are_typed ... ok
test worksheet_content_part_shared_target_and_outbound_graph_are_retained_and_bounded ... ok
test worksheet_content_part_payload_xml_contract_is_bounded_and_preserving ... ok

test result: ok. 12 passed; 0 failed; 0 ignored; 0 measured; 0 filtered out; finished in 0.08s

     Running tests/drawing_svg_lifecycle.rs (/home/zhuhe/code/litchi-target-0780/quality/debug/deps/drawing_svg_lifecycle-d8e5db786203a36f)

running 51 tests
test attach_save_reopen_detach_preserves_geometry_source_and_opaque_member ... ok
test attach_each_selector_keeps_two_cell_one_cell_and_absolute_geometry ... ok
test attach_then_detach_exact_noop_fits_original_resource_budgets ... ok
test case_variant_svg_target_cleanup_and_inverse_use_canonical_media_part ... ok
test cross_worksheet_detach_attach_accepts_exact_final_metadata_caps ... ok
test cross_worksheet_detach_attach_accepts_exact_final_relationship_graph_node_cap ... ok
test default_svg_content_type_survives_same_picture_detach_then_attach_without_override ... ok
test cross_worksheet_detach_attach_fits_final_part_budget_after_media_reclamation ... ok
test direct_extlst_general_ref_whitespace_siblings_survive_svg_detach_byte_for_byte ... ok
test duplicate_direct_worksheet_drawing_children_are_refused ... ok
test final_svg_removal_rejects_candidate_with_new_outbound_media_edge ... ok
test forward_patch_rejects_changed_or_missing_retained_shared_svg_media ... ok
test empty_blip_and_ext_list_attach_accept_exact_part_and_aggregate_caps ... ok
test hidden_mce_drawing_plus_direct_reference_is_refused ... ok
test generated_svg_relationship_id_decimal_width_fits_exact_xml_budgets ... ok
test in_memory_svg_patch_refuses_changed_worksheet_relationship_readset ... ok
test in_memory_svg_patch_refuses_changed_worksheet_xml_readset ... ok
test incoming_other_part_edge_keeps_svg_media_after_last_picture_detach ... ok
test invalid_external_svg_and_png_fallbacks_fail_before_staging ... ok
test independent_worksheets_share_manifest_and_allocate_distinct_svg_parts ... ok
test invalid_input_selector_and_custom_scan_limits_fail_before_publication ... ok
test mixed_cell_and_svg_changes_publish_as_one_ordinary_transaction ... ok
test media_directory_case_equivalence_supports_attach_detach_and_inverse ... ok
test mixed_svg_replacement_respects_relationship_and_content_type_limits ... ok
test mixed_svg_replacement_respects_retained_part_and_aggregate_byte_limits ... ok
test namespace_only_and_opaque_extension_wrappers_survive_attach ... ok
test multiple_pictures_attach_and_detach_in_one_atomic_transaction ... ok
test neighboring_media_prefix_is_refused_for_svg_and_raster_targets ... ok
test newly_added_root_incoming_svg_edge_refuses_or_retains_candidate_media ... ok
test newly_added_unrelated_part_incoming_svg_edge_refuses_or_retains_candidate_media ... ok
test no_op_detach_exact_inverse_and_stale_patch_are_checked ... ok
test same_picture_attach_then_detach_projects_back_to_an_exact_noop ... ok
test same_picture_detach_then_attach_projects_to_the_new_payload ... ok
test same_drawing_multiple_attachments_use_actual_cross_decimal_id_widths ... ok
test same_transaction_graph_add_cannot_bypass_candidate_svg_incoming_edge ... ok
test scanner_matches_typed_inventory_for_all_anchor_forms_and_direct_svg_owner ... ok
test scanner_preserves_direct_owner_ranges_inherited_prefixes_and_opaque_payload ... ok
test same_transaction_relationship_change_cannot_bypass_candidate_svg_incoming_edge ... ok
test self_closing_relationship_root_expansion_accepts_exact_final_event_cap ... ok
test shared_svg_detach_removes_media_only_after_last_direct_owner ... ok
test shared_svg_target_across_worksheets_is_removed_after_last_same_transaction_owner ... ok
test single_attach_accepts_exact_generated_drawing_cap_and_rejects_one_byte_under ... ok
test sole_owner_replacement_accepts_exact_final_package_and_relationship_budgets ... ok
test source_relationship_ranges_and_content_type_are_stable_across_inverse ... ok
test source_less_relationship_member_accepts_exact_final_event_cap ... ok
test strict_host_uses_strict_core_and_transitional_svg_attribute_namespace ... ok
test unknown_duplicate_mce_external_and_foreign_owners_are_safe_refusals ... ok
test worksheet_direct_drawing_accepts_entity_escaped_namespace_aliases ... ok
test uppercase_root_media_directory_is_equivalent_for_svg_and_raster_targets ... ok
test worksheet_extension_drawing_and_mce_lookalikes_remain_opaque ... ok
test worksheet_direct_drawing_relationship_selection_and_hidden_owners_refuse_safely ... ok

test result: ok. 51 passed; 0 failed; 0 ignored; 0 measured; 0 filtered out; finished in 0.54s

     Running tests/drawing_svg_read.rs (/home/zhuhe/code/litchi-target-0780/quality/debug/deps/drawing_svg_read-cdb29e8922e9454d)

running 15 tests
test caller_part_xml_cap_refuses_mce_heavy_worksheet_before_read_projection ... ok
test case_variant_svg_media_target_resolves_the_canonical_package_part ... ok
test entity_escaped_drawing_namespace_uris_pair_source_and_typed_reads ... ok
test mce_foreign_wrappers_are_opaque_but_direct_choice_drawings_refuse ... ok
test duplicate_direct_and_hidden_mce_drawing_owners_are_refused ... ok
test native_fixture_pairs_typed_source_and_borrows_svg_payload ... ok
test source_drawing_retains_opaque_comment_cdata_and_pi_bytes ... ok
test strict_core_with_transitional_svg_attribute_is_read_as_strict ... ok
test strict_mce_is_canonical_and_foreign_purl_wrappers_stay_opaque ... ok
test synthetic_all_anchor_forms_pair_source_and_typed_geometry ... ok
test worksheet_namespace_aliases_and_opaque_lookalikes_keep_direct_ownership ... ok
test worksheet_source_caller_caps_are_enforced_before_reference_publication ... ok
test worksheet_source_empty_and_exact_limit_boundaries_are_deterministic ... ok
test worksheet_source_preserves_legal_opaque_events_and_rejects_xml_seam_errors ... ok
test media_relationship_graph_faults_are_refused_without_payload_guessing ... ok

test result: ok. 15 passed; 0 failed; 0 ignored; 0 measured; 0 filtered out; finished in 0.05s

     Running tests/edit_guards.rs (/home/zhuhe/code/litchi-target-0780/quality/debug/deps/edit_guards-a941b53bf448024b)

running 1 test
test opened_workbooks_edit_through_an_explicit_snapshot_transaction ... ok

test result: ok. 1 passed; 0 failed; 0 ignored; 0 measured; 0 filtered out; finished in 0.00s

     Running tests/encryption.rs (/home/zhuhe/code/litchi-target-0780/quality/debug/deps/encryption-3a6ef4d0880e5fde)

running 10 tests
test decrypted_wrong_family_package_is_rejected ... ok
test byte_generation_does_not_change_source_provenance ... ok
test encrypted_provenance_blocks_implicit_plaintext_and_mutation ... ok
test outer_crypto_limit_is_independent_and_typed ... ok
test encrypted_source_raw_declassification_is_explicit ... ok
test password_aware_ingress_accepts_plain_zip_without_provenance ... ok
test package_and_workbook_round_trip_managed_encryption ... ok
test restrictive_inner_opc_limits_reject_valid_encrypted_xlsx ... ok
test reencrypted_output_retains_mode_and_atomic_failure_retains_state ... ok
test signed_inner_opc_survives_encryption_and_reencryption_unchanged ... ok

test result: ok. 10 passed; 0 failed; 0 ignored; 0 measured; 0 filtered out; finished in 0.96s

     Running tests/feature_matrix_boundaries.rs (/home/zhuhe/code/litchi-target-0780/quality/debug/deps/feature_matrix_boundaries-49860c6edcd29a92)

running 3 tests
test defined_names_are_inert_catalog_records_and_custom_props_use_the_package_facade ... ok
test worksheet_projections_parse_compact_source_without_rewriting_it ... ok
test untouched_conditional_hyperlink_and_page_break_xml_stays_byte_exact_through_save ... ok

test result: ok. 3 passed; 0 failed; 0 ignored; 0 measured; 0 filtered out; finished in 0.00s

     Running tests/form_control_owner_read.rs (/home/zhuhe/code/litchi-target-0780/quality/debug/deps/form_control_owner_read-28c3a3673588d0db)

running 39 tests
test aliases_and_xml_entities_preserve_semantic_owner_reads ... ok
test caller_leaf_depth_event_and_opaque_caps_are_forwarded ... ok
test caller_name_limit_is_typed_before_control_projection ... ok
test caller_owner_limits_are_applied_through_eager_and_source_facades ... ok
test caller_part_limit_refuses_before_form_control_source_projection ... ok
test control_name_over_32_characters_is_refused_by_the_native_profile ... ok
test active_x_selection_and_shared_persistence_edges_refuse_as_distinct_owners ... ok
test duplicate_canonical_form_shape_identity_is_refused ... ok
test duplicate_name_selector_is_ambiguous_but_positions_remain_checked ... ok
test entity_escaped_namespace_uris_preserve_semantics_and_source_bytes ... ok
test duplicate_vml_identity_attributes_are_refused ... ok
test identity_geometry_and_object_profile_mismatches_are_refused ... ok
test invalid_boolean_and_vml_token_lexicals_are_refused_or_diagnosed ... ok
test losml_anchor_coordinate_grammar_is_diagnosed_without_discarding_owner ... ok
test managed_owner_clones_and_read_set_keep_budget_charges_alive ... ok
test managed_owner_tiny_execution_depth_is_a_typed_resource_refusal ... ok
test malformed_vml_root_and_incomplete_eof_are_refused ... ok
test mirror_node_caps_refuse_without_retaining_control_shape_charges ... ok
test mirror_diagnostic_projection_budget_counts_every_detail ... ok
test native_corpus_inventory_shape_closure_and_source_bytes ... ok
test native_mirror_defaults_and_explicit_boolean_forms_keep_presence_distinct ... ok
test optional_control_pr_anchor_is_read_with_a_diagnostic ... ok
test native_mirror_pairs_are_clean_and_changed_vml_values_are_diagnosed ... ok
test shared_target_and_external_edges_are_refused_before_projection ... ok
test properties_relationship_member_presence_is_read_and_malformed_member_refused ... ok
test sidecar_relationships_retain_exact_target_data_and_fingerprint ... ok
test source_read_set_retains_exact_owner_relationship_and_mce_provenance ... ok
test source_owner_final_fence_rejects_revision_flip_after_scan ... ok
test source_reads_are_read_only_and_repeated_semantic_selection_is_stable ... ok
test strict_and_activex_relationship_dialects_are_refused ... ok
test unanchored_drawing_shape_with_unrelated_valid_anchor_is_refused ... ok
test unknown_control_edges_and_activex_payload_targets_are_never_ctrlprop_fallbacks ... ok
test unreferenced_properties_are_deterministic_and_bounded_by_mirror_cap ... ok
test unreferenced_properties_are_reported_without_becoming_selectable_controls ... ok
test unrelated_activex_owner_does_not_block_form_control_dispatch ... ok
test unsupported_mce_choice_uses_fallback_and_missing_fallback_refuses ... ok
test worksheet_and_drawing_control_ancestry_requires_direct_admitted_parents ... ok
test worksheet_control_identity_name_limit_reports_object_resource ... ok
test unreferenced_diagnostic_detail_is_charged_by_projection_limit ... ok

test result: ok. 39 passed; 0 failed; 0 ignored; 0 measured; 0 filtered out; finished in 1.07s

     Running tests/form_control_properties.rs (/home/zhuhe/code/litchi-target-0780/quality/debug/deps/form_control_properties-f0673f98a88c8418)

running 18 tests
test all_thirty_one_scalars_retain_typed_presence_and_lexical_values ... ok
test detached_rewrite_materializes_shadowed_default_namespaces_for_opaque_descendants ... ok
test booleans_ranges_and_unknown_enum_tokens_are_bounded ... ok
test detached_writer_materializes_x14_namespace_for_opaque_extensions ... ok
test empty_properties_keep_presence_states_and_effective_defaults ... ok
test formula_multisel_and_generated_output_limits_have_exact_boundaries ... ok
test enum_families_accept_every_admitted_variant ... ok
test item_replacements_insert_and_remove_preserve_both_extension_lists ... ok
test item_val_is_required_unqualified_string_and_invalid_grammar_is_rejected ... ok
test limits_fail_at_one_byte_or_event_under_each_local_ceiling ... ok
test missing_or_foreign_extension_uri_stays_opaque_and_unknown_item_markup_is_not_discarded ... ok
test opaque_empty_descendants_count_toward_exact_depth_cap ... ok
test retained_source_and_opaque_bytes_are_precharged_once_at_boundary ... ok
test scalar_attribute_insertion_reserves_the_full_candidate ... ok
test typed_formula_setters_do_not_introduce_ref_errors ... ok
test x14_expanded_names_and_item_string_values_are_exactly_preserved ... ok
test xml10_character_boundaries_cover_items_scalar_strings_and_formulas ... ok
test native_corpus_parts_read_and_write_as_exact_no_ops ... ok

test result: ok. 18 passed; 0 failed; 0 ignored; 0 measured; 0 filtered out; finished in 0.00s

     Running tests/form_control_scalar_lifecycle.rs (/home/zhuhe/code/litchi-target-0780/quality/debug/deps/form_control_scalar_lifecycle-df6c4a25b234a0e4)

running 32 tests
test empty_patch_still_checks_the_complete_source_read_set ... ok
test inverse_patch_reopens_to_the_original_scalar_state ... ok
test managed_scalar_result_handles_retain_and_refund_memory_and_objects ... ok
test ordinary_form_control_and_cell_edits_join_on_the_same_sheet ... ok
test ordinary_form_control_durable_patch_replays_forward_and_inverse ... ok
test local_design_fixture_provenance_and_baseline_owner_views_are_stable ... ok
test ordinary_form_control_join_rejects_name_and_position_aliases_without_losing_either_edit ... ok
test ordinary_form_control_patch_replays_forward_and_inverse_with_lineage_guards ... ok
test ordinary_form_control_scalar_noops_have_empty_patches ... ok
test ordinary_form_control_three_way_plan_conflicts_across_selector_aliases_and_resolves ... ok
test ordinary_worksheet_edit_publishes_the_same_paired_scalar_closure ... ok
test scalar_resource_limits_fail_before_any_pair_is_published ... ok
test paired_patch_rejects_each_stale_member_without_mutating_the_package ... ok
test source_commit_rechecks_cancellation_after_snapshot ... ok
test signed_exact_noop_is_byte_preserving_but_authored_clear_is_refused ... ok
test source_noop_is_exact_and_inverse_restores_lexical_pair ... ok
test source_commit_rechecks_exact_custom_vml_limit_after_snapshot ... ok
test source_patch_rejects_changed_incoming_readset_and_signed_mutation ... ok
test source_publication_reopens_through_the_same_source_owner ... ok
test source_only_formula_allows_exact_noop_and_unrelated_scalar_but_refuses_replacement ... ok
test source_scalar_changes_properties_and_vml_as_one_write_set ... ok
test source_scalar_composes_two_fields_on_one_control_without_losing_the_first_overlay ... ok
test source_scalar_does_not_select_foreign_shape_with_duplicate_id ... ok
test source_scalar_limits_and_sink_refusals_do_not_publish_partial_pairs ... ok
test source_scalar_ignores_foreign_namespace_client_data_before_real_owner ... ok
test source_scalar_multi_control_batches_refuse_mixed_targets_atomically ... ok
test source_scalar_refuses_disagreement_without_publishing_one_sided_changes ... ok
test source_scalar_rejects_duplicate_name_selector ... ok
test source_scalar_preserves_unrelated_mce_sidecars_and_opaque_formula_bytes ... ok
test source_scalar_stale_version_and_cancellation_leave_output_empty ... ok
test source_scalar_resolves_xml_escaped_vml_shape_id ... ok
test source_snapshot_retains_profile_read_set_and_commit_guard ... ok

test result: ok. 32 passed; 0 failed; 0 ignored; 0 measured; 0 filtered out; finished in 0.47s

     Running tests/pivot_server_formats.rs (/home/zhuhe/code/litchi-target-0780/quality/debug/deps/pivot_server_formats-a696eb4056e3f7aa)

running 52 tests
test c510_uri_internal_whitespace_is_not_a_token_match ... ok
test caller_encoded_attribute_limit_admits_exact_output_and_rejects_one_under ... ok
test c510_uri_token_padding_and_numeric_lexicals_survive_structural_rewrite ... ok
test caller_limits_reject_before_server_format_collection_allocation ... ok
test changed_scalar_preserves_unchanged_entity_lexical_attributes ... ok
test changed_writes_escape_decoded_controls_and_literal_xstring_markers ... ok
test core_namespace_child_and_nested_server_format_content_are_rejected ... ok
test count_child_and_pivot_value_index_bounds_are_checked_before_typed_use ... ok
test duplicate_known_payloads_and_mce_branches_are_retained_as_source_diagnostics ... ok
test diagnostic_index_requires_exact_pivot_row_c_x_owner_chain ... ok
test duplicate_known_uri_unknown_uri_and_wrong_qname_are_rejected_or_inert ... ok
test equal_typed_reorder_retains_each_lexical_leaf_source ... ok
test exact_no_op_and_inverse_do_not_regenerate_the_owner ... ok
test explicit_keep_set_clear_distinguishes_absent_attributes ... ok
test exact_source_aggregate_cap_admits_equal_size_edit_but_rejects_growth ... ok
test fixture_closes_exact_workbook_reference_cache_and_nonworksheet_geometry ... ok
test greater_than_65535_server_format_text_is_allowed_within_caller_limits ... ok
test insert_remove_is_an_exact_noop_but_remove_insert_is_a_source_change ... ok
test no_invalid_cache_field_items_fixture_is_synthesized ... ok
test mce_selected_owner_is_readable_but_scalar_publication_is_refused ... ok
test numeric_xml_controls_are_rejected_in_typed_and_opaque_attributes ... ok
test opaque_namespaced_wrapped_and_mce_index_references_refuse_structural_edits ... ok
test optional_x14_pivot_cache_id_may_be_absent_when_its_owner_is_present ... ok
test ordinary_patch_rejects_stale_workbook_root_namespace_and_mce_context ... ok
test nonworksheet_eligibility_and_cache_closure_are_enforced ... ok
test ordinary_workbook_facade_supports_structural_list_edits_and_exact_inverse ... ok
test oversized_duplicate_pivot_table_references_owner_or_payload_is_refused_before_diagnostics ... ok
test pivot_server_formats_parent_rejects_literal_cdata_references_as_content ... ok
test proven_index_references_are_remapped_and_invalid_removals_are_refused ... ok
test removed_signature_graph_still_requires_explicit_edit_policy ... ok
test retained_relationship_archive_member_bound_uses_public_source_capture ... ok
test retained_relationship_limits_account_for_mutated_root_and_unknown_edges ... ok
test retained_relationship_xml_part_limit_has_exact_and_one_under_mutation_bounds ... ok
test retained_xml_event_depth_and_attribute_limits_are_honored_by_owner_scan ... ok
test scalar_set_replace_clear_preserves_children_count_and_opaque_siblings ... ok
test server_format_children_use_the_extension_namespace_and_allow_legal_spacing ... ok
test ordinary_workbook_patch_apply_refuses_encrypted_provenance ... ok
test strict_and_transitional_roots_keep_the_same_extension_qnames_and_relationship_closure ... ok
test strict_root_and_alternate_prefixes_keep_typed_values ... ok
test stale_signed_and_limited_publications_refuse_before_mutation ... ok
test structural_list_cardinality_and_invalid_operations_are_failure_atomic ... ok
test structural_list_aggregate_cap_is_checked_before_publication ... ok
test third_oversized_pivot_table_reference_payload_is_capped_in_diagnostic_mode ... ok
test structural_list_crud_preserves_order_count_comments_and_prefix_in_both_dialects ... ok
test typed_reads_are_selector_first_and_close_the_logical_cache_identity ... ok
test u32_whitespace_and_strict_transitional_relationship_ids_are_accepted ... ok
test unknown_ext_uri_with_the_same_qname_is_not_a_server_format_owner ... ok
test unpaired_surrogate_is_rejected_but_escaped_control_and_literal_are_retained ... ok
test unchanged_reference_indices_retain_whitespace_and_entity_lexical_spelling ... ok
test workbook_facade_resolves_server_formats_by_semantic_selector ... ok
test workbook_facade_patch_is_stale_checked_and_composes_with_ordinary_edit ... ok
test workbook_facade_scalar_edit_commit_save_reopen_and_inverse ... ok

test result: ok. 52 passed; 0 failed; 0 ignored; 0 measured; 0 filtered out; finished in 0.36s

     Running tests/pivot_table_data.rs (/home/zhuhe/code/litchi-target-0780/quality/debug/deps/pivot_table_data-19e50075de3a25ad)

running 49 tests
test authored_counts_coordinates_and_omissions_are_checked_without_dense_assumptions ... ok
test borrowed_low_level_scalar_setters_preflight_utf16_and_preserve_source ... ok
test borrowed_workbook_limit_constructor_accepts_valid_source_and_enforces_event_budget ... ok
test borrowed_workbook_limits_noop_preserves_source_and_snapshot_clone_is_observable ... ok
test borrowed_workbook_scalar_setters_preflight_limits_are_atomic_and_preserve_source ... ok
test c444_value_cdata_is_readable_source_preserving_and_scalar_editable ... ok
test cache_ids_accept_xml_unsigned_lexical_forms_and_preserve_the_source ... ok
test caller_limits_reject_source_and_candidate_before_publication ... ok
test cache_725_identity_gaps_are_readable_diagnostic_and_read_only ... ok
test direct_ancestry_is_required_and_mce_owner_is_readable_but_not_editable ... ok
test duplicate_known_workbook_owner_is_readable_diagnostic_and_read_only ... ok
test duplicate_c444_owner_and_payload_remain_diagnostic_read_only ... ok
test entire_registered_closure_extensions_under_mce_are_readable_diagnostic_and_read_only ... ok
test exact_wire_part_cap_does_not_become_semantic_retained_cap ... ok
test existing_x_allows_safe_insertion_of_absent_extra_attributes ... ok
test external_cache_source_routes_are_generic_and_do_not_require_model_extensions ... ok
test external_cache_without_f057_or_connection_id_ignores_unrelated_connections ... ok
test fixture_has_complete_source_graph_before_public_facade_tests ... ok
test invalid_extra_edit_is_atomic_on_low_level_and_workbook_transactions ... ok
test local_v_namespace_declarations_survive_scalar_edit_with_semantic_qname ... ok
test empty_owned_scalar_replacement_is_charged_at_the_boundary ... ok
test low_level_package_ingress_refuses_an_encrypted_pivot_table_entry ... ok
test lowered_limits_charge_authored_rows_cells_and_dimensions_independently ... ok
test low_level_lowered_retained_budget_rejects_borrowed_setter_atomically ... ok
test malformed_f057_and_c983_closure_shapes_refuse_or_become_diagnostic_read_only ... ok
test missing_c444_is_none_and_c510_index_routes_are_diagnostic_read_only ... ok
test lowered_retained_budget_rejects_borrowed_setter_before_staging_mutation ... ok
test nonwhitespace_text_or_cdata_in_empty_c983_reference_is_refused ... ok
test numeric_and_datetime_cells_are_readable_but_scalar_editing_is_explicitly_unsupported ... ok
test ordinary_worksheet_table_name_collision_refuses_name_selector_but_position_remains_clear ... ok
test nonwhitespace_text_or_cdata_in_recognized_c444_particles_is_refused ... ok
test oversized_ignored_duplicate_c444_owner_or_payload_is_refused ... ok
test public_facade_reads_all_cell_kinds_and_extra_flags ... ok
test public_facade_reads_rows_and_authored_coordinates ... ok
test public_scalar_edits_cover_text_boolean_error_blank_and_existing_extra_attributes ... ok
test recognized_uri_tokens_trim_xml_schema_whitespace_without_rewriting_lexical_source ... ok
test owned_scalar_capacity_is_charged_before_staging ... ok
test retained_byte_limit_has_exact_and_one_under_boundaries_and_failure_is_atomic ... ok
test repeated_scalar_replacements_use_net_retained_delta ... ok
test signed_scalar_publication_refuses_before_mutating_source ... ok
test st_unsigned_int_hex_requires_exactly_eight_digits ... ok
test st_xstring_utf16_decoding_and_reencoding_preserve_literal_escape_intent ... ok
test strict_transitional_and_prefix_aliases_use_the_same_public_routes ... ok
test unknown_c444_siblings_survive_read_and_scalar_publication ... ok
test utf16_text_limit_counts_code_units_and_rejects_over_limit_source ... ok
test workbook_patch_apply_binds_to_reopened_source_and_inverse ... ok
test workbook_patch_is_fresh_source_bound_stale_atomic_and_exactly_reversible ... ok
test worksheet_pivot_name_duplicates_are_rejected_before_nonworksheet_selection ... ok
test selected_part_relationship_closure_needs_semantic_retained_budget ... ok

test result: ok. 49 passed; 0 failed; 0 ignored; 0 measured; 0 filtered out; finished in 1.58s

     Running tests/plain_opc_compat.rs (/home/zhuhe/code/litchi-target-0780/quality/debug/deps/plain_opc_compat-ad399896273c6474)

running 0 tests

test result: ok. 0 passed; 0 failed; 0 ignored; 0 measured; 0 filtered out; finished in 0.00s

     Running tests/reader_tolerance.rs (/home/zhuhe/code/litchi-target-0780/quality/debug/deps/reader_tolerance-970349b1468a69b6)

running 3 tests
test standalone_reader_accepts_producer_external_link_variants ... ok
test standalone_reader_opens_duplicate_names_and_malformed_string_hints ... ok
test standalone_reader_retains_sheet_names_from_tolerated_input ... ok

test result: ok. 3 passed; 0 failed; 0 ignored; 0 measured; 0 filtered out; finished in 0.01s

     Running tests/relationship_order_verdict_determinism.rs (/home/zhuhe/code/litchi-target-0780/quality/debug/deps/relationship_order_verdict_determinism-8f3003c31f8c8d04)

running 3 tests
test a_genuinely_different_workbook_is_still_refused ... ok
test single_auxiliary_relationship_keeps_accepting_its_noop_patch ... ok
test exact_noop_patch_is_accepted_against_every_reload_of_the_same_workbook ... ok

test result: ok. 3 passed; 0 failed; 0 ignored; 0 measured; 0 filtered out; finished in 0.16s

     Running tests/rich_value_refresh_intervals.rs (/home/zhuhe/code/litchi-target-0780/quality/debug/deps/rich_value_refresh_intervals-0969bfa7a3dc5d31)

running 6 tests
test owner_scanner_rejects_duplicate_or_stray_refresh_contexts_atomically ... ok
test snapshot_and_noop_are_rich_types_scoped_and_source_shared ... ok
test spec_codec_enforces_identity_and_preserves_interval_semantics ... ok
test add_remove_and_inverse_preserve_unknown_extension_bytes_and_relationships ... ok
test stale_incoming_relationship_and_missing_extension_refuse_atomically ... ok
test writer_rejects_oversized_aggregate_before_output_materialization ... ok

test result: ok. 6 passed; 0 failed; 0 ignored; 0 measured; 0 filtered out; finished in 0.21s

     Running tests/save_durability.rs (/home/zhuhe/code/litchi-target-0780/quality/debug/deps/save_durability-f5c8416476ca0da0)

running 1 test
test every_level_publishes_the_default_save_bytes ... ok

test result: ok. 1 passed; 0 failed; 0 ignored; 0 measured; 0 filtered out; finished in 0.01s

     Running tests/source_backed_auto_filter.rs (/home/zhuhe/code/litchi-target-0780/quality/debug/deps/source_backed_auto_filter-645734e249e35372)

running 6 tests
test changed_edit_reopens_inverts_and_preserves_unselected_parts ... ok
test add_replace_clear_noop_protection_and_mce_are_checked ... ok
test managed_cancellation_is_checked_before_stream_output ... ok
test differential_format_references_bind_the_styles_part ... ok
test managed_snapshot_changed_publication_and_budget_release_are_exact ... ok
test signed_noop_is_exact_and_conflicts_and_partial_output_fail_closed ... ok

test result: ok. 6 passed; 0 failed; 0 ignored; 0 measured; 0 filtered out; finished in 0.06s

     Running tests/source_backed_calculation_metadata.rs (/home/zhuhe/code/litchi-target-0780/quality/debug/deps/source_backed_calculation_metadata-d9fad5eae9cbcd68)

running 6 tests
test changed_edit_reopens_and_changes_only_workbook_xml ... ok
test foreign_workbook_and_changed_source_refuse_before_output ... ok
test managed_one_under_budget_fails_before_payload_retention_and_cancellation_stops_output ... ok
test managed_workbook_payload_is_budgeted_streamed_and_released ... ok
test noop_is_byte_exact_and_signed_change_is_refused ... ok
test mce_limits_and_partial_sink_are_checked ... ok

test result: ok. 6 passed; 0 failed; 0 ignored; 0 measured; 0 filtered out; finished in 0.03s

     Running tests/source_backed_cell_values.rs (/home/zhuhe/code/litchi-target-0780/quality/debug/deps/source_backed_cell_values-7be5e8a749a071e7)

running 75 tests
test changed_positional_source_and_stale_in_memory_patch_are_refused ... ok
test bounded_multi_sheet_transaction_publishes_one_overlay_and_inverts ... ok
test commit_is_bound_to_the_exact_positional_source_identity ... ok
test compact_source_proof::compact_public_guard_handles_empty_sheet_data_inverse_and_recommit ... ok
test compact_source_proof::compact_public_guard_keeps_row_order_in_planning_and_cell_order_in_commit ... ok
test compact_source_proof::compact_public_guard_preserves_empty_rows_and_cells ... ok
test compact_source_proof::compact_public_guard_preserves_late_unused_attribute_decode_errors ... ok
test compact_source_proof::compact_public_guard_preserves_typed_prefixed_scalar_forms ... ok
test exact_batch_limit_accepts_n_and_rejects_n_plus_one_atomically ... ok
test exact_noop_duplicate_and_late_failure_are_atomic ... ok
test exact_noop_publication_does_not_reparse_an_oversized_selected_worksheet ... ok
test changed_publication_reuses_selected_semantics_without_extra_source_reads ... ok
test first_middle_last_batch_reopens_preserves_unselected_parts_and_inverts ... ok
test formula_noop_is_byte_exact_and_retains_calculation_chain ... ok
test formula_patch_refuses_another_calc_chain_inbound_edge_atomically ... ok
test formula_patch_inverse_restores_calculation_topology_and_formula_cache ... ok
test formula_publication_rejects_a_stale_source_before_output ... ok
test insert_accepts_exact_cell_character_limit_and_rejects_one_over ... ok
test insert_duplicate_and_late_existing_target_batches_are_atomic ... ok
test grouped_formula_edits_are_refused_without_staging ... ok
test insert_existing_empty_and_style_only_owners_refuse_with_empty_transaction ... ok
test insert_holes_inside_merge_array_data_table_and_shared_ranges_refuse_atomically ... ok
test insert_invalidates_calculation_properties_and_chain ... ok
test insert_patch_is_deterministic_and_inverse_restores_exact_source_and_absence ... ok
test insert_preserves_untouched_members_relationships_and_content_types ... ok
test malformed_or_incomplete_shared_formula_groups_are_refused ... ok
test managed_cancellation_during_batch_iterators_keeps_staging_atomic ... ok
test managed_cancellation_is_checked_after_snapshot_and_before_stream_output ... ok
test managed_empty_multi_edit_iterator_reports_cancellation_before_invalid_batch ... ok
test managed_editor_retains_complete_payload_closure_and_releases_budget ... ok
test managed_multi_sheet_batch_retains_each_selected_payload_and_streams_once ... ok
test managed_multi_sheet_exact_noop_publishes_without_detaching_sources ... ok
test managed_one_under_budget_refuses_before_selected_worksheet_io ... ok
test managed_scalar_exact_noop_publishes_without_detaching_source ... ok
test managed_patch_cancellation_during_finalization_does_not_publish_candidate ... ok
test managed_stream_publication_works_and_inverse_materialization_is_explicit ... ok
test merge_markup_is_refused_at_source_open ... ok
test multi_sheet_commit_rejects_foreign_source_lineage ... ok
test multi_sheet_duplicate_and_late_failure_are_atomic ... ok
test multi_sheet_exact_noop_publishes_source_byte_for_byte ... ok
test multi_sheet_patch_composes_with_unselected_payload_edits_and_inverse ... ok
test mce_relationships_and_signed_changes_are_refused ... ok
test multi_sheet_patch_rejects_unselected_graph_tampering ... ok
test multi_sheet_publication_rejects_source_revision_before_output ... ok
test multi_sheet_selector_bounds_and_semantic_duplicates_are_atomic ... ok
test multi_source_insert_uses_selector_first_operations_across_sheets ... ok
test noop_patch_rejects_added_worksheet_relationship ... ok
test ordinary_cell_edits_refuse_shared_group_without_staging ... ok
test planning_error_order::first_error_across_selected_worksheets_follows_workbook_order ... ok
test planning_error_order::later_selected_worksheet_failure_does_not_publish_the_first_snapshot ... ok
test planning_error_order::full_validation_precedes_mce_preprocessing_and_raw_parsing_errors ... ok
test planning_error_order::public_multi_sheet_edit_sheets_accepts_supported_namespace_forms_and_pi ... ok
test planning_error_order::validator_error_wins_when_raw_error_is_earlier_or_later ... ok
test planning_error_order::public_multi_sheet_error_matrix_preserves_typed_owner_and_source ... ok
test public_exact_output::a_source_backed_replacement_still_fails_closed_on_malformed_xml ... ok
test public_exact_output::public_multi_edit_matches_baseline_whole_worksheet_output ... ok
test public_exact_output::public_multi_edit_publishes_a_producer_formatted_worksheet_verbatim ... ok
test remove_deletes_exact_cell_owners_but_retains_rows_dimension_and_style_table ... ok
test remove_missing_and_duplicate_selectors_fail_atomically ... ok
test removing_a_cell_with_an_implicit_follower_refuses_shifted_readback ... ok
test scalar_formula_replacement_drops_cache_invalidates_calculation_and_preserves_members ... ok
test scalar_staging_and_batch_staging_are_equivalent_and_clear_retains_record ... ok
test shared_formula_expansion_over_256_members_is_refused ... ok
test shared_formula_follower_is_rejected_without_staging ... ok
test shared_formula_master_edit_preserves_wire_group_and_drops_group_caches ... ok
test shared_formula_master_noop_is_byte_exact_and_retains_caches_and_chain ... ok
test shared_formula_patch_inverse_restores_original_bytes_semantics_and_topology ... ok
test post_eof_raw_differential::post_eof_raw_boolean_error_is_differentially_stable_for_both_shapes ... ok
test shared_style_owner_is_preserved_and_bound_into_patch_closure ... ok
test signed_insert_changed_refuses_but_empty_noop_is_exact ... ok
test signed_multi_sheet_noop_is_exact_and_changed_publication_refuses ... ok
test source_backed_date_edit_retains_date_semantics ... ok
test source_insert_holes_order_rows_expand_dimension_and_read_back ... ok
test source_version_flip_after_selected_read_rejects_single_and_multi_snapshots ... ok
test unrelated_scalar_edit_preserves_an_oversized_shared_formula_group ... ok

test result: ok. 75 passed; 0 failed; 0 ignored; 0 measured; 0 filtered out; finished in 3.54s

     Running tests/source_backed_conditional_formatting.rs (/home/zhuhe/code/litchi-target-0780/quality/debug/deps/source_backed_conditional_formatting-3338e8141b5335c9)

running 5 tests
test managed_snapshot_changed_publication_retains_styles_and_releases_budget ... ok
test publication_reopens_and_preserves_every_unselected_part_and_relationship ... ok
test closure_conflicts_signatures_protection_and_partial_sinks_fail_closed ... ok
test x14_mce_opaque_dxf_priority_malformed_and_limits_are_refused ... ok
test whole_collection_add_replace_clear_noop_and_order_are_exact ... ok

test result: ok. 5 passed; 0 failed; 0 ignored; 0 measured; 0 filtered out; finished in 0.13s

     Running tests/source_backed_data_validation.rs (/home/zhuhe/code/litchi-target-0780/quality/debug/deps/source_backed_data_validation-dd5e577b07943f73)

running 8 tests
test add_replace_clear_noop_and_atomic_update_are_exact ... ok
test changed_edit_reopens_inverts_and_preserves_unselected_parts ... ok
test managed_one_under_budget_refuses_before_selected_payload_retention ... ok
test chartsheet_selection_is_refused_and_editor_is_send ... ok
test managed_snapshot_changed_publication_and_budget_release_are_exact ... ok
test mce_selected_collections_and_partial_sinks_are_refused ... ok
test no_op_signed_source_is_exact_but_changed_signed_source_is_refused ... ok
test patch_conflicts_on_owner_or_outbound_relationship_change_and_source_version_change ... ok

test result: ok. 8 passed; 0 failed; 0 ignored; 0 measured; 0 filtered out; finished in 0.06s

     Running tests/source_backed_defined_names.rs (/home/zhuhe/code/litchi-target-0780/quality/debug/deps/source_backed_defined_names-b8949ac4e6bd6ef5)

running 6 tests
test managed_one_under_budget_fails_before_payload_retention_and_cancellation_stops_output ... ok
test changed_edit_reopens_and_changes_only_workbook_xml ... ok
test managed_workbook_payload_is_budgeted_streamed_and_released ... ok
test replacement_clear_and_noop_are_exact ... ok
test protection_mce_limits_invalid_scopes_and_partial_sink_are_checked ... ok
test signed_change_foreign_commit_and_changed_source_refuse_before_output ... ok

test result: ok. 6 passed; 0 failed; 0 ignored; 0 measured; 0 filtered out; finished in 0.04s

     Running tests/source_backed_file.rs (/home/zhuhe/code/litchi-target-0780/quality/debug/deps/source_backed_file-c8265d1ce230dfca)

running 5 tests
test path_catalog_and_selected_reads_are_lazy_over_unrequested_payloads ... ok
test path_managed_editor_releases_payload_budget_after_drop ... ok
test path_editor_noop_is_byte_exact_and_one_edit_keeps_untouched_members ... ok
test path_replacement_and_limits_are_typed_errors ... ok
test path_policy_variants_accept_explicit_cache_and_execution_options ... ok

test result: ok. 5 passed; 0 failed; 0 ignored; 0 measured; 0 filtered out; finished in 0.01s

     Running tests/source_backed_hyperlinks.rs (/home/zhuhe/code/litchi-target-0780/quality/debug/deps/source_backed_hyperlinks-e06e3377524f4d98)

running 6 tests
test changed_publication_raw_preserves_relationships_and_unselected_members ... ok
test exact_noop_including_signed_source_bytes_and_changed_signed_source_refusal ... ok
test internal_edits_and_external_metadata_match_eager_semantics_and_stay_local ... ok
test managed_limits_cancellation_and_partial_sink_are_typed ... ok
test patch_forward_inverse_restore_exact_worksheet_and_relationships_and_reject_stale_foreign ... ok
test relationship_changes_and_opaque_owners_refuse_before_output ... ok

test result: ok. 6 passed; 0 failed; 0 ignored; 0 measured; 0 filtered out; finished in 0.02s

     Running tests/source_backed_merge.rs (/home/zhuhe/code/litchi-target-0780/quality/debug/deps/source_backed_merge-d67dd8c34b94d3a0)

running 19 tests
test source_merge_accepts_empty_followers_and_preserves_a_rich_anchor ... ok
test source_backed_cell_reads_a_column_formatted_worksheet_with_merges ... ok
test source_merge_changed_publication_refuses_signed_source_before_output ... ok
test source_merge_honors_managed_cancellation_before_selected_read ... ok
test source_merge_limit_refusal_is_typed ... ok
test source_merge_commit_unmerge_and_overlay_preserve_unselected_members ... ok
test source_merge_managed_inverse_requires_bounded_materialization ... ok
test source_merge_noop_publication_preserves_exact_bytes_including_signed_sources ... ok
test source_merge_patch_applies_forward_and_inverse_exactly ... ok
test source_merge_publication_reports_bounded_sink_and_source_failures ... ok
test source_merge_patch_rejects_shared_strings_payload_and_relationship_drift ... ok
test source_merge_refuses_array_data_table_and_shared_formula_groups ... ok
test source_merge_refuses_followers_overlap_protection_and_unknown_payload ... ok
test source_merge_rejects_stale_and_foreign_lineage_before_output ... ok
test source_merge_selector_miss_is_an_option ... ok
test source_merge_structural_refusal_precedes_follower_content ... ok
test source_merge_staging_is_canonical_and_set_based ... ok
test source_merge_unmerge_is_a_semantic_noop_for_missing_ranges ... ok
test source_merge_unmerge_removes_existing_range_and_publishes_one_overlay ... ok

test result: ok. 19 passed; 0 failed; 0 ignored; 0 measured; 0 filtered out; finished in 0.04s

     Running tests/source_backed_page_breaks.rs (/home/zhuhe/code/litchi-target-0780/quality/debug/deps/source_backed_page_breaks-9f8172f1884006fb)

running 5 tests
test changed_edit_reopens_and_changes_only_the_selected_worksheet ... ok
test foreign_changed_and_retargeted_sources_are_rejected ... ok
test managed_payload_retention_publication_and_owning_escape_are_explicit ... ok
test noop_is_byte_exact_and_signed_change_is_refused ... ok
test mce_limits_and_partial_sink_are_checked ... ok

test result: ok. 5 passed; 0 failed; 0 ignored; 0 measured; 0 filtered out; finished in 0.04s

     Running tests/source_backed_page_margins.rs (/home/zhuhe/code/litchi-target-0780/quality/debug/deps/source_backed_page_margins-9dcbb3f3a037ff71)

running 7 tests
test changed_edit_reopens_inverts_and_changes_only_the_selected_worksheet ... ok
test add_replace_remove_noop_and_signed_refusal_are_exact ... ok
test chartsheet_selection_is_refused ... ok
test foreign_changed_and_retargeted_sources_are_rejected ... ok
test managed_payload_retention_publication_and_owning_escape_are_explicit ... ok
test signed_zero_noop_is_exact_and_changed_output_is_canonical ... ok
test mce_limits_and_partial_sink_are_checked ... ok

test result: ok. 7 passed; 0 failed; 0 ignored; 0 measured; 0 filtered out; finished in 0.06s

     Running tests/source_backed_page_setup.rs (/home/zhuhe/code/litchi-target-0780/quality/debug/deps/source_backed_page_setup-5b80ab67155cd844)

running 7 tests
test changed_edit_matches_eager_reopens_inverts_and_preserves_every_relationship ... ok
test add_replace_remove_noop_and_signed_refusal_are_exact ... ok
test foreign_version_retarget_and_outbound_relationship_changes_are_rejected ... ok
test managed_payload_retention_publication_and_owning_escape_are_explicit ... ok
test mce_limits_and_partial_sink_are_checked ... ok
test printer_references_and_relationships_are_refused_without_materializing_resources ... ok
test source_edit_is_send_and_chartsheets_are_refused ... ok

test result: ok. 7 passed; 0 failed; 0 ignored; 0 measured; 0 filtered out; finished in 0.08s

     Running tests/source_backed_print_options.rs (/home/zhuhe/code/litchi-target-0780/quality/debug/deps/source_backed_print_options-77315b6d10728c67)

running 9 tests
test changed_edit_reopens_inverts_and_changes_only_the_selected_worksheet ... ok
test add_replace_remove_noop_and_signed_refusal_are_exact ... ok
test chartsheet_selection_is_refused ... ok
test managed_cancellation_is_checked_before_stream_publication ... ok
test foreign_changed_and_retargeted_sources_are_rejected ... ok
test managed_one_under_budget_refuses_before_selected_worksheet_load ... ok
test managed_payload_retention_publication_and_owning_escape_are_explicit ... ok
test the_old_writers_redundant_declaration_was_refused_by_this_parser ... ok
test mce_limits_and_partial_sink_are_checked ... ok

test result: ok. 9 passed; 0 failed; 0 ignored; 0 measured; 0 filtered out; finished in 0.08s

     Running tests/source_backed_row_visibility.rs (/home/zhuhe/code/litchi-target-0780/quality/debug/deps/source_backed_row_visibility-b9c2f144fed80488)

running 17 tests
test canonical_requests_are_exact_noops ... ok
test batch_changes_only_hidden_owners_and_exact_inverse_restores_source ... ok
test duplicate_missing_and_oversized_batches_are_atomic ... ok
test managed_cancellation_is_checked_before_snapshot_and_stream_output ... ok
test managed_changed_publication_preserves_unknown_members_and_releases_budget ... ok
test managed_changed_publication_refuses_without_planning_headroom ... ok
test managed_editor_adopts_an_indexed_package_and_releases_budget ... ok
test managed_editor_retains_payload_closure_and_releases_budget ... ok
test managed_exact_noop_publication_is_byte_exact_and_releases_budget ... ok
test managed_one_under_budget_refuses_before_selected_worksheet_io ... ok
test managed_signature_noop_and_changed_protection_contracts_remain_fail_closed ... ok
test managed_source_revision_is_refused_before_output ... ok
test public_snapshot_distinguishes_missing_and_visible_row_owners ... ok
test stale_package_and_source_revision_are_refused_without_output ... ok
test unsafe_xml_macros_and_signatures_fail_closed ... ok
test xml_boolean_forms_and_self_closing_layout_state_are_owned_narrowly ... ok
test changed_publication_reuses_matched_provenance_without_selected_reload ... ok

test result: ok. 17 passed; 0 failed; 0 ignored; 0 measured; 0 filtered out; finished in 1.07s

     Running tests/source_backed_selected_payloads.rs (/home/zhuhe/code/litchi-target-0780/quality/debug/deps/source_backed_selected_payloads-1cac4029b0c4a23e)

running 5 tests
test raw_selected_payload_tags_cover_values_formula_strings_and_dependencies ... ok
test late_refusal_after_every_payload_arm_produces_zero_callbacks ... ok
test repeated_shared_strings_validate_unselected_dependency_maximum ... ok
test selected_callback_can_reenter_the_workbook_after_scan_publication ... ok
test selected_tagged_payloads_match_cold_warm_and_visit_routes ... ok

test result: ok. 5 passed; 0 failed; 0 ignored; 0 measured; 0 filtered out; finished in 0.00s

     Running tests/source_backed_sheet_protection.rs (/home/zhuhe/code/litchi-target-0780/quality/debug/deps/source_backed_sheet_protection-10657f576bf12752)

running 6 tests
test changed_edit_reopens_inverts_and_changes_only_the_selected_worksheet ... ok
test add_replace_remove_noop_and_signed_refusal_are_exact ... ok
test chartsheet_selection_is_refused ... ok
test managed_snapshot_changed_publication_and_budget_release_are_exact ... ok
test foreign_changed_and_retargeted_sources_are_rejected ... ok
test mce_limits_and_partial_sink_are_checked ... ok

test result: ok. 6 passed; 0 failed; 0 ignored; 0 measured; 0 filtered out; finished in 0.07s

     Running tests/source_backed_tab_state.rs (/home/zhuhe/code/litchi-target-0780/quality/debug/deps/source_backed_tab_state-9deceff22e517f19)

running 11 tests
test malformed_duplicate_external_and_retargeted_sheet_relationships_are_refused ... ok
test managed_one_under_budget_fails_before_payload_retention_and_cancellation_stops_output ... ok
test activation_and_implicit_relocation_use_three_parts_and_are_reversible ... ok
test managed_workbook_payload_is_budgeted_streamed_and_released ... ok
test noop_signed_source_is_exact_and_changed_signatures_are_refused ... ok
test relationship_source_version_limits_foreign_closure_and_partial_sink_are_checked ... ok
test selectors_visibility_invariants_and_hidden_activation_fail_closed ... ok
test staged_activation_can_return_to_source_and_noop_activation_does_not_pin_relocation ... ok
test strict_dialog_sheet_kind_matches_eager_and_source_catalogs ... ok
test visibility_operations_use_one_part_and_preserve_every_unrelated_member ... ok
test protection_mce_dtd_pi_owner_and_sheet_kind_refusals_are_typed_or_closed ... ok

test result: ok. 11 passed; 0 failed; 0 ignored; 0 measured; 0 filtered out; finished in 0.16s

     Running tests/xldm_native_storage.rs (/home/zhuhe/code/litchi-target-0780/quality/debug/deps/xldm_native_storage-12a7badfc5055a87)

running 3 tests
test native_tabular_xpress_members_decode_with_explicit_framing_and_limits ... ok
test public_xldm_path_classifier_preserves_xlsx_error_type ... ok
test native_outer_storage_is_borrowed_exact_and_checks_member_crcs ... ok

test result: ok. 3 passed; 0 failed; 0 ignored; 0 measured; 0 filtered out; finished in 0.16s

     Running tests/xlsx_array_formula_autofit.rs (/home/zhuhe/code/litchi-target-0780/quality/debug/deps/xlsx_array_formula_autofit-3ed2a139188ba53c)

running 2 tests
test workbook_snapshots_expose_the_first_sheet_by_semantic_name ... ok
test workbook_serialization_is_stable_without_pending_edits ... ok

test result: ok. 2 passed; 0 failed; 0 ignored; 0 measured; 0 filtered out; finished in 0.00s

     Running tests/xlsx_cell_watches_owner.rs (/home/zhuhe/code/litchi-target-0780/quality/debug/deps/xlsx_cell_watches_owner-96484ce55970abe0)

running 1 test
test standalone_cell_watches_round_trip_through_the_owner ... ok

test result: ok. 1 passed; 0 failed; 0 ignored; 0 measured; 0 filtered out; finished in 0.00s

     Running tests/xlsx_chain_owner.rs (/home/zhuhe/code/litchi-target-0780/quality/debug/deps/xlsx_chain_owner-68a61687851a7abc)

running 2 tests
test calculation_chain_package_operations_preserve_the_canonical_owner ... ok
test calculation_chain_survives_package_publication_and_reopen ... ok

test result: ok. 2 passed; 0 failed; 0 ignored; 0 measured; 0 filtered out; finished in 0.00s

     Running tests/xlsx_connections_owner.rs (/home/zhuhe/code/litchi-target-0780/quality/debug/deps/xlsx_connections_owner-5ddcb9bad7a377f1)

running 2 tests
test standalone_adapter_retains_query_table_reference_validation ... ok
test standalone_connections_api_uses_the_canonical_owner ... ok

test result: ok. 2 passed; 0 failed; 0 ignored; 0 measured; 0 filtered out; finished in 0.00s

     Running tests/xlsx_connections_query_table_crud.rs (/home/zhuhe/code/litchi-target-0780/quality/debug/deps/xlsx_connections_query_table_crud-a35f41ddd294808b)

running 3 tests
test missing_connection_and_bad_reorder_are_atomic ... ok
test removal_preserves_a_query_table_target_shared_by_another_part ... ok
test generated_connections_and_query_tables_round_trip_inertly ... ok

test result: ok. 3 passed; 0 failed; 0 ignored; 0 measured; 0 filtered out; finished in 0.00s

     Running tests/xlsx_cross_workbook_scalar.rs (/home/zhuhe/code/litchi-target-0780/quality/debug/deps/xlsx_cross_workbook_scalar-8e9a9cb1a36ab12d)

running 5 tests
test cross_workbook_scalar_copies_join_when_targets_are_disjoint_and_conflict_when_overlapping ... ok
test cross_workbook_scalar_copy_is_immutable_reversible_and_reopenable ... ok
test cross_workbook_scalar_copy_refuses_formula_owned_ranges_beyond_selected_cells ... ok
test same_workbook_copy_from_delegates_to_existing_transfer_semantics ... ok
test cross_workbook_scalar_copy_refuses_dependencies_and_occupied_targets_atomically ... ok

test result: ok. 5 passed; 0 failed; 0 ignored; 0 measured; 0 filtered out; finished in 0.03s

     Running tests/xlsx_custom_properties.rs (/home/zhuhe/code/litchi-target-0780/quality/debug/deps/xlsx_custom_properties-c4677bff9b96070c)

running 7 tests
test custom_properties_absence_is_explicit ... ok
test custom_properties_are_nameable_through_the_xlsx_context ... ok
test custom_properties_reject_reserved_non_excel_host_metadata ... ok
test custom_property_noops_preserve_and_changes_invalidate_signatures ... ok
test malformed_external_and_duplicate_custom_property_graphs_map_to_common_errors ... ok
test removing_custom_properties_removes_the_complete_package_graph ... ok
test custom_properties_round_trip_through_the_xlsx_facade ... ok

test result: ok. 7 passed; 0 failed; 0 ignored; 0 measured; 0 filtered out; finished in 0.00s

     Running tests/xlsx_data_validation_mutation.rs (/home/zhuhe/code/litchi-target-0780/quality/debug/deps/xlsx_data_validation_mutation-8131ac0848ad344d)

running 2 tests
test invalid_sqref_is_rejected_before_serialization ... ok
test data_validation_codec_round_trips_a_typed_collection ... ok

test result: ok. 2 passed; 0 failed; 0 ignored; 0 measured; 0 filtered out; finished in 0.00s

     Running tests/xlsx_double_save_staleness.rs (/home/zhuhe/code/litchi-target-0780/quality/debug/deps/xlsx_double_save_staleness-8b34c8d41f47fd42)

running 1 test
test repeated_snapshot_publication_is_byte_stable ... ok

test result: ok. 1 passed; 0 failed; 0 ignored; 0 measured; 0 filtered out; finished in 0.00s

     Running tests/xlsx_external_link_crud.rs (/home/zhuhe/code/litchi-target-0780/quality/debug/deps/xlsx_external_link_crud-6bb4cab34670b32a)

running 2 tests
test external_link_parts_are_built_without_fetching_targets ... ok
test strict_external_link_parts_keep_the_strict_namespace ... ok

test result: ok. 2 passed; 0 failed; 0 ignored; 0 measured; 0 filtered out; finished in 0.00s

     Running tests/xlsx_fit_to_page.rs (/home/zhuhe/code/litchi-target-0780/quality/debug/deps/xlsx_fit_to_page-2e850136ed26d3f6)

running 1 test
test page_setup_parser_reads_typed_fit_bounds ... ok

test result: ok. 1 passed; 0 failed; 0 ignored; 0 measured; 0 filtered out; finished in 0.00s

     Running tests/xlsx_history.rs (/home/zhuhe/code/litchi-target-0780/quality/debug/deps/xlsx_history-c6207023a34e356c)

running 1 test
test budgeted_history_tracks_immutable_workbook_snapshots ... ok

test result: ok. 1 passed; 0 failed; 0 ignored; 0 measured; 0 filtered out; finished in 0.00s

     Running tests/xlsx_hyperlink_crud.rs (/home/zhuhe/code/litchi-target-0780/quality/debug/deps/xlsx_hyperlink_crud-f7cbde6e1abc3b6c)

running 8 tests
test hyperlink_edit_refuses_unknown_owner_markup ... ok
test hyperlink_joins_keep_disjoint_ranges_and_reject_same_semantic_range ... ok
test hyperlink_add_then_remove_is_an_exact_noop ... ok
test hyperlink_patch_inverse_restores_source_snapshot ... ok
test hyperlink_values_reject_non_stable_xml_whitespace ... ok
test hyperlinks_add_replace_remove_and_reopen ... ok
test hyperlink_patch_rejects_stale_relationship_without_mutating_target ... ok
test strict_worksheet_external_hyperlink_commit_reopens_with_strict_relationship ... ok

test result: ok. 8 passed; 0 failed; 0 ignored; 0 measured; 0 filtered out; finished in 0.01s

     Running tests/xlsx_hyperlink_reads.rs (/home/zhuhe/code/litchi-target-0780/quality/debug/deps/xlsx_hyperlink_reads-18f5130ccee3dc41)

running 1 test
test worksheet_facade_exposes_internal_and_inert_external_hyperlinks ... ok

test result: ok. 1 passed; 0 failed; 0 ignored; 0 measured; 0 filtered out; finished in 0.00s

     Running tests/xlsx_ignored_errors_owner.rs (/home/zhuhe/code/litchi-target-0780/quality/debug/deps/xlsx_ignored_errors_owner-e40d2d0e04b0a60a)

running 1 test
test standalone_ignored_errors_round_trip_through_the_owner ... ok

test result: ok. 1 passed; 0 failed; 0 ignored; 0 measured; 0 filtered out; finished in 0.00s

     Running tests/xlsx_insert_worksheet.rs (/home/zhuhe/code/litchi-target-0780/quality/debug/deps/xlsx_insert_worksheet-48696102a4507b01)

running 1 test
test edit_transaction_appends_a_validated_worksheet ... ok

test result: ok. 1 passed; 0 failed; 0 ignored; 0 measured; 0 filtered out; finished in 0.00s

     Running tests/xlsx_outline_properties_owner.rs (/home/zhuhe/code/litchi-target-0780/quality/debug/deps/xlsx_outline_properties_owner-9286adfcca480b9a)

running 1 test
test standalone_outline_properties_parse_through_the_owner ... ok

test result: ok. 1 passed; 0 failed; 0 ignored; 0 measured; 0 filtered out; finished in 0.00s

     Running tests/xlsx_page_breaks_owner.rs (/home/zhuhe/code/litchi-target-0780/quality/debug/deps/xlsx_page_breaks_owner-4135df08b822f9da)

running 4 tests
test no_op_shares_source_and_stale_patch_is_rejected ... ok
test package_transaction_round_trips_and_inverts_exactly ... ok
test worksheet_facade_uses_the_canonical_owner ... ok
test reads_real_poi_manual_breaks ... ok

test result: ok. 4 passed; 0 failed; 0 ignored; 0 measured; 0 filtered out; finished in 0.08s

     Running tests/xlsx_page_margins_owner.rs (/home/zhuhe/code/litchi-target-0780/quality/debug/deps/xlsx_page_margins_owner-e8db7805fbaa05f2)

running 1 test
test standalone_page_margins_parse_through_the_owner ... ok

test result: ok. 1 passed; 0 failed; 0 ignored; 0 measured; 0 filtered out; finished in 0.00s

     Running tests/xlsx_phonetic_properties_owner.rs (/home/zhuhe/code/litchi-target-0780/quality/debug/deps/xlsx_phonetic_properties_owner-60c607af394f687d)

running 1 test
test standalone_phonetic_properties_parse_through_the_owner ... ok

test result: ok. 1 passed; 0 failed; 0 ignored; 0 measured; 0 filtered out; finished in 0.00s

     Running tests/xlsx_print_options_owner.rs (/home/zhuhe/code/litchi-target-0780/quality/debug/deps/xlsx_print_options_owner-8d6e3b19685f359a)

running 1 test
test standalone_print_options_parse_through_the_owner ... ok

test result: ok. 1 passed; 0 failed; 0 ignored; 0 measured; 0 filtered out; finished in 0.00s

     Running tests/xlsx_remove_chart_sheet.rs (/home/zhuhe/code/litchi-target-0780/quality/debug/deps/xlsx_remove_chart_sheet-e8ec832811036981)

running 1 test
test workbook_sheet_handles_report_their_semantic_kind ... ok

test result: ok. 1 passed; 0 failed; 0 ignored; 0 measured; 0 filtered out; finished in 0.00s

     Running tests/xlsx_remove_worksheet.rs (/home/zhuhe/code/litchi-target-0780/quality/debug/deps/xlsx_remove_worksheet-37221ea43d95338d)

running 1 test
test edit_transaction_removes_a_worksheet_from_the_new_snapshot ... ok

test result: ok. 1 passed; 0 failed; 0 ignored; 0 measured; 0 filtered out; finished in 0.00s

     Running tests/xlsx_scenarios_owner.rs (/home/zhuhe/code/litchi-target-0780/quality/debug/deps/xlsx_scenarios_owner-eead4317994771b3)

running 1 test
test standalone_scenarios_round_trip_through_the_owner ... ok

test result: ok. 1 passed; 0 failed; 0 ignored; 0 measured; 0 filtered out; finished in 0.00s

     Running tests/xlsx_sheet_protection_mutation.rs (/home/zhuhe/code/litchi-target-0780/quality/debug/deps/xlsx_sheet_protection_mutation-f562bc3a9ddfb691)

running 1 test
test worksheet_protection_codec_replaces_only_typed_protection_metadata ... ok

test result: ok. 1 passed; 0 failed; 0 ignored; 0 measured; 0 filtered out; finished in 0.00s

     Running tests/xlsx_slicer_timeline_crud.rs (/home/zhuhe/code/litchi-target-0780/quality/debug/deps/xlsx_slicer_timeline_crud-9f2b2e705ad1d26e)

running 4 tests
test feature_transactions_rollback_and_refuse_host_behavior ... ok
test removing_last_slicer_keeps_a_target_shared_by_an_unrelated_owner ... ok
test slicer_cache_and_view_crud_preserves_state_extensions_and_shared_targets ... ok
test timeline_cache_and_view_crud_preserves_selection_and_reference_integrity ... ok

test result: ok. 4 passed; 0 failed; 0 ignored; 0 measured; 0 filtered out; finished in 0.02s

     Running tests/xlsx_theme.rs (/home/zhuhe/code/litchi-target-0780/quality/debug/deps/xlsx_theme-b654207d4a1e5556)

running 2 tests
test standalone_package_opens_a_theme_bearing_workbook ... ok
test standalone_workbook_opens_xlsx_theme_variants ... ok

test result: ok. 2 passed; 0 failed; 0 ignored; 0 measured; 0 filtered out; finished in 0.00s

     Running tests/xlsx_threaded_comment_crud.rs (/home/zhuhe/code/litchi-target-0780/quality/debug/deps/xlsx_threaded_comment_crud-7a86d42efc4709fb)

running 1 test
test threaded_comment_models_round_trip_through_the_bounded_codecs ... ok

test result: ok. 1 passed; 0 failed; 0 ignored; 0 measured; 0 filtered out; finished in 0.00s

     Running tests/xlsx_volatile_dependencies_owner.rs (/home/zhuhe/code/litchi-target-0780/quality/debug/deps/xlsx_volatile_dependencies_owner-9806361ce94daf4e)

running 2 tests
test volatile_dependencies_removal_is_idempotent ... ok
test volatile_dependencies_survive_direct_package_publication ... ok

test result: ok. 2 passed; 0 failed; 0 ignored; 0 measured; 0 filtered out; finished in 0.00s

     Running tests/xlsx_workbook_durable.rs (/home/zhuhe/code/litchi-target-0780/quality/debug/deps/xlsx_workbook_durable-6ec848404f878388)

running 9 tests
test cell_transfer_is_bounded_and_malformed_package_bytes_stay_test_only ... ok
test cell_copy_and_move_close_formula_text_and_style_dependencies ... ok
test cell_transfer_participates_in_non_applying_three_way_plans ... ok
test commits_record_exact_weighted_history_and_refuse_small_budgets ... ok
test durable_json_is_deterministic_stale_checked_reversible_and_reopenable ... ok
test page_break_copy_and_move_are_atomic_dependency_checked_transfers ... ok
test real_poi_and_libreoffice_formulas_copy_and_fully_reopen ... ok
test three_way_planning_keeps_disjoint_work_and_requires_conflict_resolution ... ok
test real_poi_fixture_round_trips_and_inverse_preserves_the_exact_package ... ok

test result: ok. 9 passed; 0 failed; 0 ignored; 0 measured; 0 filtered out; finished in 0.18s

     Running tests/xlsx_xml_maps_owner.rs (/home/zhuhe/code/litchi-target-0780/quality/debug/deps/xlsx_xml_maps_owner-47e0487b3137b4a2)

running 2 tests
test xml_maps_removal_is_idempotent ... ok
test xml_maps_survive_direct_package_publication ... ok

test result: ok. 2 passed; 0 failed; 0 ignored; 0 measured; 0 filtered out; finished in 0.00s

     Running tests/xml_maps_api_compat.rs (/home/zhuhe/code/litchi-target-0780/quality/debug/deps/xml_maps_api_compat-0efaea8bffb7a3fc)

running 2 tests
test xlsx_adapters_retain_the_boxed_error_result_surface ... ok
test legacy_types_struct_literals_and_inherent_methods_remain_usable ... ok

test result: ok. 2 passed; 0 failed; 0 ignored; 0 measured; 0 filtered out; finished in 0.00s

   Doc-tests litchi_docx

running 108 tests
test crates/litchi-docx/src/bibliography/writer.rs - bibliography::writer::BibliographySourceBuilder (line 178) - compile ... ok
test crates/litchi-docx/src/bookmark.rs - bookmark::Bookmark (line 17) - compile ... ok
test crates/litchi-docx/src/comment.rs - comment::Comment (line 54) - compile ... ok
test crates/litchi-docx/src/comment.rs - comment::Comment::text (line 180) - compile ... ok
test crates/litchi-docx/src/content_control.rs - content_control::ContentControl (line 361) - compile ... ok
test crates/litchi-docx/src/custom_xml.rs - custom_xml::Part (line 43) - compile ... ok
test crates/litchi-docx/src/document/model.rs - document::model::Document (line 18) - compile ... ok
test crates/litchi-docx/src/document/package/codec.rs - document::package::codec::Document<'a>::chart_graph (line 1573) - compile ... ok
test crates/litchi-docx/src/document/package/codec.rs - document::package::codec::Document<'a>::content_controls (line 1608) - compile ... ok
test crates/litchi-docx/src/document/package/codec.rs - document::package::codec::Document<'a>::field_count (line 134) - compile ... ok
test crates/litchi-docx/src/document/package/codec.rs - document::package::codec::Document<'a>::sections (line 29) - compile ... ok
test crates/litchi-docx/src/document/package/codec.rs - document::package::codec::Document<'a>::styles (line 78) - compile ... ok
test crates/litchi-docx/src/document/package/model.rs - document::package::model::Document<'a>::elements (line 355) ... ignored
test crates/litchi-docx/src/document/package/model.rs - document::package::model::Document<'a>::has_tables (line 506) - compile ... ok
test crates/litchi-docx/src/document/package/model.rs - document::package::model::Document<'a>::paragraph (line 412) - compile ... ok
test crates/litchi-docx/src/document/package/model.rs - document::package::model::Document<'a>::paragraph_count (line 192) - compile ... ok
test crates/litchi-docx/src/document/package/model.rs - document::package::model::Document<'a>::paragraphs (line 246) - compile ... ok
test crates/litchi-docx/src/document/package/model.rs - document::package::model::Document<'a>::search (line 543) - compile ... ok
test crates/litchi-docx/src/document/package/model.rs - document::package::model::Document<'a>::search_ignore_case (line 586) - compile ... ok
test crates/litchi-docx/src/document/package/model.rs - document::package::model::Document<'a>::statistics (line 626) - compile ... ok
test crates/litchi-docx/src/document/package/model.rs - document::package::model::Document<'a>::table (line 439) - compile ... ok
test crates/litchi-docx/src/document/package/model.rs - document::package::model::Document<'a>::table_count (line 213) - compile ... ok
test crates/litchi-docx/src/document/package/model.rs - document::package::model::Document<'a>::tables (line 298) - compile ... ok
test crates/litchi-docx/src/document/package/model.rs - document::package::model::Document<'a>::text (line 35) - compile ... ok
test crates/litchi-docx/src/document/package/model.rs - document::package::model::Document<'a>::text_range (line 468) - compile ... ok
test crates/litchi-docx/src/document/package/package.rs - document::package::package::Document<'_>::bookmark_count (line 489) - compile ... ok
test crates/litchi-docx/src/alt/mod.rs - alt (line 7) ... ok
test crates/litchi-docx/src/document/package/package.rs - document::package::package::Document<'_>::bookmarks (line 465) - compile ... ok
test crates/litchi-docx/src/document/package/package.rs - document::package::package::Document<'_>::comment_count (line 441) - compile ... ok
test crates/litchi-docx/src/document/package/package.rs - document::package::package::Document<'_>::comments (line 404) - compile ... ok
test crates/litchi-docx/src/document/package/package.rs - document::package::package::Document<'_>::custom_xml (line 765) - compile ... ok
test crates/litchi-docx/src/document/package/package.rs - document::package::package::Document<'_>::document_variables (line 675) - compile ... ok
test crates/litchi-docx/src/document/package/package.rs - document::package::package::Document<'_>::endnote_count (line 380) - compile ... ok
test crates/litchi-docx/src/document/package/package.rs - document::package::package::Document<'_>::endnotes (line 322) - compile ... ok
test crates/litchi-docx/src/document/package/package.rs - document::package::package::Document<'_>::footer (line 197) - compile ... ok
test crates/litchi-docx/src/document/package/package.rs - document::package::package::Document<'_>::footers (line 144) - compile ... ok
test crates/litchi-docx/src/document/package/package.rs - document::package::package::Document<'_>::footnote_count (line 359) - compile ... ok
test crates/litchi-docx/src/document/package/package.rs - document::package::package::Document<'_>::footnotes (line 282) - compile ... ok
test crates/litchi-docx/src/document/package/package.rs - document::package::package::Document<'_>::header (line 170) - compile ... ok
test crates/litchi-docx/src/document/package/package.rs - document::package::package::Document<'_>::headers (line 73) - compile ... ok
test crates/litchi-docx/src/document/package/package.rs - document::package::package::Document<'_>::hyperlink_count (line 258) - compile ... ok
test crates/litchi-docx/src/document/package/package.rs - document::package::package::Document<'_>::hyperlinks (line 225) - compile ... ok
test crates/litchi-docx/src/document/package/package.rs - document::package::package::Document<'_>::numbering (line 513) - compile ... ok
test crates/litchi-docx/src/document/package/package.rs - document::package::package::Document<'_>::settings (line 581) - compile ... ok
test crates/litchi-docx/src/document/package/package.rs - document::package::package::Document<'_>::theme (line 726) - compile ... ok
test crates/litchi-docx/src/document/package/validation.rs - document::package::validation::Document<'_>::is_protected (line 87) - compile ... ok
test crates/litchi-docx/src/document/transaction.rs - document::transaction::CompactionPolicy (line 2095) - compile ... ok
test crates/litchi-docx/src/field/model/base.rs - field::model::base::Field (line 8) - compile ... ok
test crates/litchi-docx/src/footnote.rs - footnote::Note (line 78) - compile ... ok
test crates/litchi-docx/src/footnote.rs - footnote::Note::paragraphs (line 244) - compile ... ok
test crates/litchi-docx/src/footnote.rs - footnote::Note::text (line 215) - compile ... ok
test crates/litchi-docx/src/hyperlink.rs - hyperlink::Hyperlink (line 26) - compile ... ok
test crates/litchi-docx/src/image.rs - image::ImageFormat (line 20) ... ignored
test crates/litchi-docx/src/field/model/base.rs - field::model::base::Field::field_type (line 100) ... ok
test crates/litchi-docx/src/ink/mod.rs - ink (line 16) ... ok
test crates/litchi-docx/src/package/codec.rs - package::codec::Package::from_opc_package (line 359) - compile ... ok
test crates/litchi-docx/src/package/codec.rs - package::codec::Package::from_reader (line 407) - compile ... ok
test crates/litchi-docx/src/package/codec.rs - package::codec::Package::new (line 46) - compile ... ok
test crates/litchi-docx/src/package/codec.rs - package::codec::Package::open (line 267) - compile ... ok
test crates/litchi-docx/src/package/codec.rs - package::codec::Package::save (line 510) - compile ... ok
test crates/litchi-docx/src/package/codec.rs - package::codec::Package::to_stream (line 592) - compile ... ok
test crates/litchi-docx/src/package/model.rs - package::model::Package (line 105) - compile ... ok
test crates/litchi-docx/src/package/model.rs - package::model::Package (line 118) - compile ... ok
test crates/litchi-docx/src/package/model.rs - package::model::Package::custom_props (line 834) - compile ... ok
test crates/litchi-docx/src/package/model.rs - package::model::Package::custom_props_mut (line 854) - compile ... ok
test crates/litchi-docx/src/package/model.rs - package::model::Package::document (line 562) - compile ... ok
test crates/litchi-docx/src/package/model.rs - package::model::Package::props (line 788) - compile ... ok
test crates/litchi-docx/src/package/model.rs - package::model::Package::props_mut (line 804) - compile ... ok
test crates/litchi-docx/src/package/package/document.rs - package::package::document::Package::document_mut (line 405) - compile ... ok
test crates/litchi-docx/src/paragraph/codec/content.rs - paragraph::codec::content::Paragraph::drawing_objects (line 108) ... ignored
test crates/litchi-docx/src/paragraph/codec/content.rs - paragraph::codec::content::Paragraph::images (line 80) ... ignored
test crates/litchi-docx/src/paragraph/codec/content.rs - paragraph::codec::content::Paragraph::paragraph_level_formulas (line 196) ... ignored
test crates/litchi-docx/src/paragraph/codec/content.rs - paragraph::codec::content::Paragraph::revisions (line 154) ... ignored
test crates/litchi-docx/src/paragraph/codec/run.rs - paragraph::codec::run::Run::get_properties (line 391) ... ignored
test crates/litchi-docx/src/paragraph/codec/run.rs - paragraph::codec::run::Run::get_text_and_properties (line 286) ... ignored
test crates/litchi-docx/src/paragraph/model.rs - paragraph::model::Paragraph (line 430) ... ignored
test crates/litchi-docx/src/paragraph/model.rs - paragraph::model::Run (line 893) ... ignored
test crates/litchi-docx/src/paragraph/package.rs - paragraph::package::Paragraph::hyperlinks (line 55) ... ignored
test crates/litchi-docx/src/revision.rs - revision (line 31) - compile ... ok
test crates/litchi-docx/src/revision.rs - revision::Error (line 31) - compile ... ok
test crates/litchi-docx/src/revision.rs - revision::Result (line 31) - compile ... ok
test crates/litchi-docx/src/settings/document/model.rs - settings::document::model::DocumentSettings (line 39) - compile ... ok
test crates/litchi-docx/src/styles.rs - styles::Styles (line 149) ... ignored
test crates/litchi-docx/src/table.rs - table::Table (line 171) ... ignored
test crates/litchi-docx/src/theme.rs - theme::Theme (line 21) - compile ... ok
test crates/litchi-docx/src/writer/content_control.rs - writer::content_control::MutableContentControl::dropdown (line 132) ... ignored
test crates/litchi-docx/src/writer/content_control.rs - writer::content_control::MutableContentControl::rich_text (line 79) ... ignored
test crates/litchi-docx/src/writer/doc/model.rs - writer::doc::model::MutableDocument::add_comment (line 950) ... ignored
test crates/litchi-docx/src/writer/doc/model.rs - writer::doc::model::MutableDocument::add_toc (line 1184) ... ignored
test crates/litchi-docx/src/writer/doc/model.rs - writer::doc::model::MutableDocument::set_protection (line 1020) ... ignored
test crates/litchi-docx/src/writer/doc/model.rs - writer::doc::model::MutableDocument::set_theme (line 1095) ... ignored
test crates/litchi-docx/src/writer/doc/model.rs - writer::doc::model::MutableDocument::set_watermark (line 1126) ... ignored
test crates/litchi-docx/src/writer/ole_object.rs - writer::ole_object::MutableOleObject (line 50) - compile ... ok
test crates/litchi-docx/src/writer/paragraph.rs - writer::paragraph::MutableParagraph::add_bookmark_start (line 711) ... ignored
test crates/litchi-docx/src/writer/paragraph.rs - writer::paragraph::MutableParagraph::add_field (line 739) ... ignored
test crates/litchi-docx/src/writer/smartart.rs - writer::smartart::MutableSmartArt (line 73) - compile ... ok
test crates/litchi-docx/src/writer/style.rs - writer::style::MutableStyle (line 26) ... ignored
test crates/litchi-docx/src/writer/style.rs - writer::style::MutableStyle::new (line 99) ... ignored
test crates/litchi-docx/src/writer/textbox.rs - writer::textbox::MutableTextBox (line 49) - compile ... ok
test crates/litchi-docx/src/writer/theme.rs - writer::theme::MutableTheme (line 20) ... ignored
test crates/litchi-docx/src/writer/theme.rs - writer::theme::MutableTheme::new (line 71) ... ignored
test crates/litchi-docx/src/writer/toc.rs - writer::toc::TableOfContents (line 34) ... ignored
test crates/litchi-docx/src/writer/toc.rs - writer::toc::TableOfContents::heading_levels (line 94) ... ignored
test crates/litchi-docx/src/writer/toc.rs - writer::toc::TableOfContents::new (line 69) ... ignored
test crates/litchi-docx/src/writer/vml_shape.rs - writer::vml_shape::MutableVmlShape (line 91) - compile ... ok
test crates/litchi-docx/src/writer/watermark.rs - writer::watermark::Watermark (line 58) ... ignored
test crates/litchi-docx/src/writer/watermark.rs - writer::watermark::Watermark::text (line 88) ... ignored
test crates/litchi-docx/src/lib.rs - web_extensions (line 73) ... ok

test result: ok. 77 passed; 0 failed; 31 ignored; 0 measured; 0 filtered out; finished in 0.02s


running 1 test
test crates/litchi-docx/src/drawing/source.rs - drawing::source::SourceDrawing (line 811) - compile fail ... ok

test result: ok. 1 passed; 0 failed; 0 ignored; 0 measured; 0 filtered out; finished in 0.03s

all doctests ran in 0.77s; merged doctests compilation took 0.71s
   Doc-tests litchi_ooxml_common

running 0 tests

test result: ok. 0 passed; 0 failed; 0 ignored; 0 measured; 0 filtered out; finished in 0.00s

   Doc-tests litchi_pptx

running 7 tests
test crates/litchi-pptx/src/backgrounds/model.rs - backgrounds::model::SlideBackground::solid (line 206) ... ok
test crates/litchi-pptx/src/chart/codec.rs - chart::codec::Part<'_>::chart_info (line 45) ... ignored
test crates/litchi-pptx/src/backgrounds/model.rs - backgrounds::model::SlideBackground::linear_gradient (line 225) ... ok
test crates/litchi-pptx/src/shape/theme/part.rs - shape::theme::part::Part<'a>::read (line 80) ... ignored
test crates/litchi-pptx/src/shape/mod.rs - shape (line 7) ... ok
test crates/litchi-pptx/src/tag/mod.rs - tag (line 7) ... ok
test crates/litchi-pptx/src/transition/mod.rs - transition (line 6) ... ok

test result: ok. 5 passed; 0 failed; 2 ignored; 0 measured; 0 filtered out; finished in 0.00s


running 1 test
test crates/litchi-pptx/src/transition/mod.rs - transition (line 17) - compile fail ... ok

test result: ok. 1 passed; 0 failed; 0 ignored; 0 measured; 0 filtered out; finished in 0.04s

all doctests ran in 0.39s; merged doctests compilation took 0.34s
   Doc-tests litchi_xlsx

running 2 tests
test crates/litchi-xlsx/src/style.rs - style::stylesheet (line 26) - compile ... ok
test crates/litchi-xlsx/src/style/stylesheet/mod.rs - style::stylesheet::Styles::parse (line 92) - compile ... ok

test result: ok. 2 passed; 0 failed; 0 ignored; 0 measured; 0 filtered out; finished in 0.00s


running 1 test
test crates/litchi-xlsx/src/drawing/source.rs - drawing::source::PictureSource (line 465) - compile fail ... ok

test result: ok. 1 passed; 0 failed; 0 ignored; 0 measured; 0 filtered out; finished in 0.03s

all doctests ran in 0.35s; merged doctests compilation took 0.32s
