experiment	leg	profile	binary_role	case	parts	p50_ns	p95_ns	p99_ns	mean_ns	sample_count	source_read_calls	source_read_bytes	source_version_calls	source_payload_read_calls	source_payload_read_bytes	source_max_in_flight_reads	lookup_count	output_sha256	report_sha256
mapless-binary-search	A1	normal	control	opc_casefold_eager_open	256	424187	431682	432682	425147.76666666666	30	-	-	-	-	-	-	0	68bfa39a97c9d837c91a8667892bd3c0230d295c5327a84f7520b8ab02cd08b9	dfbf53e290e7ed97d70337a000b04325c7dfe7e61bdeef51c31289f150e41bec
mapless-binary-search	A1	normal	control	opc_casefold_source_open	256	300891	309841	328931	302954.6666666667	30	9	19449	4	0	0	1	0	68bfa39a97c9d837c91a8667892bd3c0230d295c5327a84f7520b8ab02cd08b9	dfbf53e290e7ed97d70337a000b04325c7dfe7e61bdeef51c31289f150e41bec
mapless-binary-search	A1	normal	control	opc_casefold_eager_lookup	256	17885	18291	18350	17910.433333333334	30	-	-	-	-	-	-	144	6a02c72a84e45623f8150e12608dfb3189b6bb903ffd0bce8e31ee897d14ae1f	dfbf53e290e7ed97d70337a000b04325c7dfe7e61bdeef51c31289f150e41bec
mapless-binary-search	A1	normal	control	opc_casefold_source_lookup	256	21335	22491	22510	21509.533333333333	30	0	0	144	0	0	0	144	6a02c72a84e45623f8150e12608dfb3189b6bb903ffd0bce8e31ee897d14ae1f	dfbf53e290e7ed97d70337a000b04325c7dfe7e61bdeef51c31289f150e41bec
mapless-binary-search	A1	normal	control	opc_casefold_source_exact_lookup	256	2290	2310	2320	2290.333333333333	30	0	0	144	0	0	0	144	d8a61329d8e8909a043f56d9e6bf821fc208c82f8791c5810ed632a30b3ce637	dfbf53e290e7ed97d70337a000b04325c7dfe7e61bdeef51c31289f150e41bec
mapless-binary-search	A1	normal	control	opc_casefold_source_case_alias_lookup	256	41890	44440	48340	42170.50000000001	30	0	0	144	0	0	0	144	a0f21335f2147ff2ce7cfaaa7db68a7c62e95ec23d8ba9df8b74864e20b45833	dfbf53e290e7ed97d70337a000b04325c7dfe7e61bdeef51c31289f150e41bec
mapless-binary-search	A1	normal	control	opc_casefold_source_genuine_miss_lookup	256	18270	18340	18390	18266.4	30	0	0	144	0	0	0	144	fea761da167dbe4473f53f4886ea4a2da108776c8ba4b73d3f9332cc61824582	dfbf53e290e7ed97d70337a000b04325c7dfe7e61bdeef51c31289f150e41bec
mapless-binary-search	A1	normal	control	opc_casefold_eager_open	2047	3419454	3441965	3458745	3421373.066666666	30	-	-	-	-	-	-	0	f96278805e54bdf67f62efc0d9b09782988ca60007c602153f2b0498c217016f	dfbf53e290e7ed97d70337a000b04325c7dfe7e61bdeef51c31289f150e41bec
mapless-binary-search	A1	normal	control	opc_casefold_source_open	2047	2421170	2446160	2448891	2422535.4333333336	30	11	150192	4	0	0	1	0	f96278805e54bdf67f62efc0d9b09782988ca60007c602153f2b0498c217016f	dfbf53e290e7ed97d70337a000b04325c7dfe7e61bdeef51c31289f150e41bec
mapless-binary-search	A1	normal	control	opc_casefold_eager_lookup	2047	243091	250141	251232	244552.03333333338	30	-	-	-	-	-	-	144	3cd131d27cdec2640f017ff7998ef2fc7eb6462832039f401686f3ab021355ea	dfbf53e290e7ed97d70337a000b04325c7dfe7e61bdeef51c31289f150e41bec
mapless-binary-search	A1	normal	control	opc_casefold_source_lookup	2047	150520	160441	170850	152767.7	30	0	0	144	0	0	0	144	3cd131d27cdec2640f017ff7998ef2fc7eb6462832039f401686f3ab021355ea	dfbf53e290e7ed97d70337a000b04325c7dfe7e61bdeef51c31289f150e41bec
mapless-binary-search	A1	normal	control	opc_casefold_source_exact_lookup	2047	2340	2360	2370	2336.6666666666665	30	0	0	144	0	0	0	144	5ff83b42956e53036f19926d023a5e98f59889ec64e51dd618b6100753c9367e	dfbf53e290e7ed97d70337a000b04325c7dfe7e61bdeef51c31289f150e41bec
mapless-binary-search	A1	normal	control	opc_casefold_source_case_alias_lookup	2047	302101	308301	324711	304459.6666666667	30	0	0	144	0	0	0	144	3336a08cd318f74e98515959a34dce128aefc6b9fa3546151fbf627572c025d9	dfbf53e290e7ed97d70337a000b04325c7dfe7e61bdeef51c31289f150e41bec
mapless-binary-search	A1	normal	control	opc_casefold_source_genuine_miss_lookup	2047	144360	146880	148891	138236.89999999997	30	0	0	144	0	0	0	144	fea761da167dbe4473f53f4886ea4a2da108776c8ba4b73d3f9332cc61824582	dfbf53e290e7ed97d70337a000b04325c7dfe7e61bdeef51c31289f150e41bec
mapless-binary-search	A1	normal	control	opc_casefold_eager_open	2048	3450474	3475835	3477765	3450037.766666666	30	-	-	-	-	-	-	0	3449d32aa6d80e9cc12fbb1da1e6f5855177af1524250efda687b1ee99391298	dfbf53e290e7ed97d70337a000b04325c7dfe7e61bdeef51c31289f150e41bec
mapless-binary-search	A1	normal	control	opc_casefold_source_open	2048	2491325	2510170	2511680	2489936.733333334	30	11	150265	4	0	0	1	0	3449d32aa6d80e9cc12fbb1da1e6f5855177af1524250efda687b1ee99391298	dfbf53e290e7ed97d70337a000b04325c7dfe7e61bdeef51c31289f150e41bec
mapless-binary-search	A1	normal	control	opc_casefold_eager_lookup	2048	149436	155181	155941	150321.6	30	-	-	-	-	-	-	144	3d124a528436b1e924dcbbd7d23040d5c258e0acf8e278113c17e447f017936a	dfbf53e290e7ed97d70337a000b04325c7dfe7e61bdeef51c31289f150e41bec
mapless-binary-search	A1	normal	control	opc_casefold_source_lookup	2048	37125	37311	37330	37145.9	30	0	0	144	0	0	0	144	3d124a528436b1e924dcbbd7d23040d5c258e0acf8e278113c17e447f017936a	dfbf53e290e7ed97d70337a000b04325c7dfe7e61bdeef51c31289f150e41bec
mapless-binary-search	A1	normal	control	opc_casefold_source_exact_lookup	2048	2300	2330	2330	2297.0	30	0	0	144	0	0	0	144	fa9dd41f44885e503e7a9fdbc03e97aa3b515723fe578b0e9bcaf114238990c9	dfbf53e290e7ed97d70337a000b04325c7dfe7e61bdeef51c31289f150e41bec
mapless-binary-search	A1	normal	control	opc_casefold_source_case_alias_lookup	2048	67885	72590	75491	68388.63333333332	30	0	0	144	0	0	0	144	ab0ffe95ce1e4c74f73dd7b9ea910991299588ee79917e99efe6c0a8e26262b4	dfbf53e290e7ed97d70337a000b04325c7dfe7e61bdeef51c31289f150e41bec
mapless-binary-search	A1	normal	control	opc_casefold_source_genuine_miss_lookup	2048	38325	38431	43850	38505.73333333334	30	0	0	144	0	0	0	144	fea761da167dbe4473f53f4886ea4a2da108776c8ba4b73d3f9332cc61824582	dfbf53e290e7ed97d70337a000b04325c7dfe7e61bdeef51c31289f150e41bec
mapless-binary-search	A1	normal	control	opc_casefold_eager_open	16384	32347088	33489704	33887685	32261991.533333335	30	-	-	-	-	-	-	0	86fd877006855b5dd7ee889c0f6ec00c20645ec243d628ae77080d7a416e8cdd	dfbf53e290e7ed97d70337a000b04325c7dfe7e61bdeef51c31289f150e41bec
mapless-binary-search	A1	normal	control	opc_casefold_source_open	16384	24682156	25392269	25444090	24604647.233333327	30	27	1196793	4	0	0	1	0	86fd877006855b5dd7ee889c0f6ec00c20645ec243d628ae77080d7a416e8cdd	dfbf53e290e7ed97d70337a000b04325c7dfe7e61bdeef51c31289f150e41bec
mapless-binary-search	A1	normal	control	opc_casefold_eager_lookup	16384	2861157	2872512	2876352	2859875.6333333342	30	-	-	-	-	-	-	144	d9b4239f722a2b243ab4f2e0d1208b8a145aa22b02e615adc2819c5cedb843fb	dfbf53e290e7ed97d70337a000b04325c7dfe7e61bdeef51c31289f150e41bec
mapless-binary-search	A1	normal	control	opc_casefold_source_lookup	16384	47920	48181	48320	47912.86666666667	30	0	0	144	0	0	0	144	d9b4239f722a2b243ab4f2e0d1208b8a145aa22b02e615adc2819c5cedb843fb	dfbf53e290e7ed97d70337a000b04325c7dfe7e61bdeef51c31289f150e41bec
mapless-binary-search	A1	normal	control	opc_casefold_source_exact_lookup	16384	2300	2350	2360	2303.3333333333335	30	0	0	144	0	0	0	144	58ee4d69d4dd8ed44c627b65ffe31ac45a9c0a0f9c0c7d05478298cdb0a00b31	dfbf53e290e7ed97d70337a000b04325c7dfe7e61bdeef51c31289f150e41bec
mapless-binary-search	A1	normal	control	opc_casefold_source_case_alias_lookup	16384	85860	87111	92701	86133.03333333333	30	0	0	144	0	0	0	144	f197c1243908b5970c2045ae96d6312d27c2109a08ca4a3752ed36b2ae1a8fce	dfbf53e290e7ed97d70337a000b04325c7dfe7e61bdeef51c31289f150e41bec
mapless-binary-search	A1	normal	control	opc_casefold_source_genuine_miss_lookup	16384	48195	48320	48340	48204.83333333333	30	0	0	144	0	0	0	144	fea761da167dbe4473f53f4886ea4a2da108776c8ba4b73d3f9332cc61824582	dfbf53e290e7ed97d70337a000b04325c7dfe7e61bdeef51c31289f150e41bec
mapless-binary-search	A2	normal	control	opc_casefold_eager_open	256	422646	436742	438161	425206.5333333333	30	-	-	-	-	-	-	0	68bfa39a97c9d837c91a8667892bd3c0230d295c5327a84f7520b8ab02cd08b9	f0dcd009020709cd5d92110abd1bc5659881e52b8cac5aad11870edd775cfa07
mapless-binary-search	A2	normal	control	opc_casefold_source_open	256	297481	303801	306740	298388.7666666666	30	9	19449	4	0	0	1	0	68bfa39a97c9d837c91a8667892bd3c0230d295c5327a84f7520b8ab02cd08b9	f0dcd009020709cd5d92110abd1bc5659881e52b8cac5aad11870edd775cfa07
mapless-binary-search	A2	normal	control	opc_casefold_eager_lookup	256	18420	20930	24020	18693.033333333333	30	-	-	-	-	-	-	144	6a02c72a84e45623f8150e12608dfb3189b6bb903ffd0bce8e31ee897d14ae1f	f0dcd009020709cd5d92110abd1bc5659881e52b8cac5aad11870edd775cfa07
mapless-binary-search	A2	normal	control	opc_casefold_source_lookup	256	21615	22790	24090	21742.46666666666	30	0	0	144	0	0	0	144	6a02c72a84e45623f8150e12608dfb3189b6bb903ffd0bce8e31ee897d14ae1f	f0dcd009020709cd5d92110abd1bc5659881e52b8cac5aad11870edd775cfa07
mapless-binary-search	A2	normal	control	opc_casefold_source_exact_lookup	256	2340	2370	2370	2341.666666666667	30	0	0	144	0	0	0	144	d8a61329d8e8909a043f56d9e6bf821fc208c82f8791c5810ed632a30b3ce637	f0dcd009020709cd5d92110abd1bc5659881e52b8cac5aad11870edd775cfa07
mapless-binary-search	A2	normal	control	opc_casefold_source_case_alias_lookup	256	42700	43430	47490	42871.13333333333	30	0	0	144	0	0	0	144	a0f21335f2147ff2ce7cfaaa7db68a7c62e95ec23d8ba9df8b74864e20b45833	f0dcd009020709cd5d92110abd1bc5659881e52b8cac5aad11870edd775cfa07
mapless-binary-search	A2	normal	control	opc_casefold_source_genuine_miss_lookup	256	18515	18650	21090	18584.033333333333	30	0	0	144	0	0	0	144	fea761da167dbe4473f53f4886ea4a2da108776c8ba4b73d3f9332cc61824582	f0dcd009020709cd5d92110abd1bc5659881e52b8cac5aad11870edd775cfa07
mapless-binary-search	A2	normal	control	opc_casefold_eager_open	2047	3410504	3477670	3514270	3417242.6666666665	30	-	-	-	-	-	-	0	f96278805e54bdf67f62efc0d9b09782988ca60007c602153f2b0498c217016f	f0dcd009020709cd5d92110abd1bc5659881e52b8cac5aad11870edd775cfa07
mapless-binary-search	A2	normal	control	opc_casefold_source_open	2047	2417641	2448367	2459896	2419691.9333333327	30	11	150192	4	0	0	1	0	f96278805e54bdf67f62efc0d9b09782988ca60007c602153f2b0498c217016f	f0dcd009020709cd5d92110abd1bc5659881e52b8cac5aad11870edd775cfa07
mapless-binary-search	A2	normal	control	opc_casefold_eager_lookup	2047	144680	150340	152221	145450.73333333328	30	-	-	-	-	-	-	144	3cd131d27cdec2640f017ff7998ef2fc7eb6462832039f401686f3ab021355ea	f0dcd009020709cd5d92110abd1bc5659881e52b8cac5aad11870edd775cfa07
mapless-binary-search	A2	normal	control	opc_casefold_source_lookup	2047	151130	156800	158370	152006.43333333332	30	0	0	144	0	0	0	144	3cd131d27cdec2640f017ff7998ef2fc7eb6462832039f401686f3ab021355ea	f0dcd009020709cd5d92110abd1bc5659881e52b8cac5aad11870edd775cfa07
mapless-binary-search	A2	normal	control	opc_casefold_source_exact_lookup	2047	2300	2320	2340	2297.3333333333335	30	0	0	144	0	0	0	144	5ff83b42956e53036f19926d023a5e98f59889ec64e51dd618b6100753c9367e	f0dcd009020709cd5d92110abd1bc5659881e52b8cac5aad11870edd775cfa07
mapless-binary-search	A2	normal	control	opc_casefold_source_case_alias_lookup	2047	304751	314631	328891	307516.8666666667	30	0	0	144	0	0	0	144	3336a08cd318f74e98515959a34dce128aefc6b9fa3546151fbf627572c025d9	f0dcd009020709cd5d92110abd1bc5659881e52b8cac5aad11870edd775cfa07
mapless-binary-search	A2	normal	control	opc_casefold_source_genuine_miss_lookup	2047	144336	144671	146981	137294.09999999995	30	0	0	144	0	0	0	144	fea761da167dbe4473f53f4886ea4a2da108776c8ba4b73d3f9332cc61824582	f0dcd009020709cd5d92110abd1bc5659881e52b8cac5aad11870edd775cfa07
mapless-binary-search	A2	normal	control	opc_casefold_eager_open	2048	3446070	3481519	3483009	3446589.7	30	-	-	-	-	-	-	0	3449d32aa6d80e9cc12fbb1da1e6f5855177af1524250efda687b1ee99391298	f0dcd009020709cd5d92110abd1bc5659881e52b8cac5aad11870edd775cfa07
mapless-binary-search	A2	normal	control	opc_casefold_source_open	2048	2498632	2525187	2530687	2499774.866666667	30	11	150265	4	0	0	1	0	3449d32aa6d80e9cc12fbb1da1e6f5855177af1524250efda687b1ee99391298	f0dcd009020709cd5d92110abd1bc5659881e52b8cac5aad11870edd775cfa07
mapless-binary-search	A2	normal	control	opc_casefold_eager_lookup	2048	105621	111340	111370	106129.96666666667	30	-	-	-	-	-	-	144	3d124a528436b1e924dcbbd7d23040d5c258e0acf8e278113c17e447f017936a	f0dcd009020709cd5d92110abd1bc5659881e52b8cac5aad11870edd775cfa07
mapless-binary-search	A2	normal	control	opc_casefold_source_lookup	2048	37060	37180	37240	37031.433333333334	30	0	0	144	0	0	0	144	3d124a528436b1e924dcbbd7d23040d5c258e0acf8e278113c17e447f017936a	f0dcd009020709cd5d92110abd1bc5659881e52b8cac5aad11870edd775cfa07
mapless-binary-search	A2	normal	control	opc_casefold_source_exact_lookup	2048	2320	2360	2380	2327.0000000000005	30	0	0	144	0	0	0	144	fa9dd41f44885e503e7a9fdbc03e97aa3b515723fe578b0e9bcaf114238990c9	f0dcd009020709cd5d92110abd1bc5659881e52b8cac5aad11870edd775cfa07
mapless-binary-search	A2	normal	control	opc_casefold_source_case_alias_lookup	2048	68180	72721	72900	68563.2	30	0	0	144	0	0	0	144	ab0ffe95ce1e4c74f73dd7b9ea910991299588ee79917e99efe6c0a8e26262b4	f0dcd009020709cd5d92110abd1bc5659881e52b8cac5aad11870edd775cfa07
mapless-binary-search	A2	normal	control	opc_casefold_source_genuine_miss_lookup	2048	37930	38010	48810	38292.13333333332	30	0	0	144	0	0	0	144	fea761da167dbe4473f53f4886ea4a2da108776c8ba4b73d3f9332cc61824582	f0dcd009020709cd5d92110abd1bc5659881e52b8cac5aad11870edd775cfa07
mapless-binary-search	A2	normal	control	opc_casefold_eager_open	16384	31867967	32689579	33175061	31885957.900000002	30	-	-	-	-	-	-	0	86fd877006855b5dd7ee889c0f6ec00c20645ec243d628ae77080d7a416e8cdd	f0dcd009020709cd5d92110abd1bc5659881e52b8cac5aad11870edd775cfa07
mapless-binary-search	A2	normal	control	opc_casefold_source_open	16384	23826020	24360056	24452917	23799928.400000002	30	27	1196793	4	0	0	1	0	86fd877006855b5dd7ee889c0f6ec00c20645ec243d628ae77080d7a416e8cdd	f0dcd009020709cd5d92110abd1bc5659881e52b8cac5aad11870edd775cfa07
mapless-binary-search	A2	normal	control	opc_casefold_eager_lookup	16384	2257835	2279861	2287260	2259767.5999999996	30	-	-	-	-	-	-	144	d9b4239f722a2b243ab4f2e0d1208b8a145aa22b02e615adc2819c5cedb843fb	f0dcd009020709cd5d92110abd1bc5659881e52b8cac5aad11870edd775cfa07
mapless-binary-search	A2	normal	control	opc_casefold_source_lookup	16384	47370	53070	55091	48091.866666666676	30	0	0	144	0	0	0	144	d9b4239f722a2b243ab4f2e0d1208b8a145aa22b02e615adc2819c5cedb843fb	f0dcd009020709cd5d92110abd1bc5659881e52b8cac5aad11870edd775cfa07
mapless-binary-search	A2	normal	control	opc_casefold_source_exact_lookup	16384	2300	2330	2381	2305.3666666666663	30	0	0	144	0	0	0	144	58ee4d69d4dd8ed44c627b65ffe31ac45a9c0a0f9c0c7d05478298cdb0a00b31	f0dcd009020709cd5d92110abd1bc5659881e52b8cac5aad11870edd775cfa07
mapless-binary-search	A2	normal	control	opc_casefold_source_case_alias_lookup	16384	86830	90131	92190	87278.76666666665	30	0	0	144	0	0	0	144	f197c1243908b5970c2045ae96d6312d27c2109a08ca4a3752ed36b2ae1a8fce	f0dcd009020709cd5d92110abd1bc5659881e52b8cac5aad11870edd775cfa07
mapless-binary-search	A2	normal	control	opc_casefold_source_genuine_miss_lookup	16384	46260	51381	51480	46681.200000000004	30	0	0	144	0	0	0	144	fea761da167dbe4473f53f4886ea4a2da108776c8ba4b73d3f9332cc61824582	f0dcd009020709cd5d92110abd1bc5659881e52b8cac5aad11870edd775cfa07
mapless-binary-search	B1	normal	candidate	opc_casefold_eager_open	256	438177	447082	454771	438300.6000000001	30	-	-	-	-	-	-	0	68bfa39a97c9d837c91a8667892bd3c0230d295c5327a84f7520b8ab02cd08b9	e709cd300d4a19cdb29620e525582ba3e3581727a6709ae734770711020de0cd
mapless-binary-search	B1	normal	candidate	opc_casefold_source_open	256	307561	317102	320072	308450.56666666653	30	9	19449	4	0	0	1	0	68bfa39a97c9d837c91a8667892bd3c0230d295c5327a84f7520b8ab02cd08b9	e709cd300d4a19cdb29620e525582ba3e3581727a6709ae734770711020de0cd
mapless-binary-search	B1	normal	candidate	opc_casefold_eager_lookup	256	21575	22300	28190	21959.8	30	-	-	-	-	-	-	144	6a02c72a84e45623f8150e12608dfb3189b6bb903ffd0bce8e31ee897d14ae1f	e709cd300d4a19cdb29620e525582ba3e3581727a6709ae734770711020de0cd
mapless-binary-search	B1	normal	candidate	opc_casefold_source_lookup	256	21300	21400	21420	21299.8	30	0	0	144	0	0	0	144	6a02c72a84e45623f8150e12608dfb3189b6bb903ffd0bce8e31ee897d14ae1f	e709cd300d4a19cdb29620e525582ba3e3581727a6709ae734770711020de0cd
mapless-binary-search	B1	normal	candidate	opc_casefold_source_exact_lookup	256	2350	2390	2410	2356.0000000000005	30	0	0	144	0	0	0	144	d8a61329d8e8909a043f56d9e6bf821fc208c82f8791c5810ed632a30b3ce637	e709cd300d4a19cdb29620e525582ba3e3581727a6709ae734770711020de0cd
mapless-binary-search	B1	normal	candidate	opc_casefold_source_case_alias_lookup	256	40910	45251	47790	42444.600000000006	30	0	0	144	0	0	0	144	a0f21335f2147ff2ce7cfaaa7db68a7c62e95ec23d8ba9df8b74864e20b45833	e709cd300d4a19cdb29620e525582ba3e3581727a6709ae734770711020de0cd
mapless-binary-search	B1	normal	candidate	opc_casefold_source_genuine_miss_lookup	256	18375	18410	18410	18374.833333333336	30	0	0	144	0	0	0	144	fea761da167dbe4473f53f4886ea4a2da108776c8ba4b73d3f9332cc61824582	e709cd300d4a19cdb29620e525582ba3e3581727a6709ae734770711020de0cd
mapless-binary-search	B1	normal	candidate	opc_casefold_eager_open	2047	3492890	3550766	3562626	3498207.1999999993	30	-	-	-	-	-	-	0	f96278805e54bdf67f62efc0d9b09782988ca60007c602153f2b0498c217016f	e709cd300d4a19cdb29620e525582ba3e3581727a6709ae734770711020de0cd
mapless-binary-search	B1	normal	candidate	opc_casefold_source_open	2047	2483775	2531581	2537481	2488188.7666666675	30	11	150192	4	0	0	1	0	f96278805e54bdf67f62efc0d9b09782988ca60007c602153f2b0498c217016f	e709cd300d4a19cdb29620e525582ba3e3581727a6709ae734770711020de0cd
mapless-binary-search	B1	normal	candidate	opc_casefold_eager_lookup	2047	256326	262451	268571	258030.80000000002	30	-	-	-	-	-	-	144	3cd131d27cdec2640f017ff7998ef2fc7eb6462832039f401686f3ab021355ea	e709cd300d4a19cdb29620e525582ba3e3581727a6709ae734770711020de0cd
mapless-binary-search	B1	normal	candidate	opc_casefold_source_lookup	2047	150735	157431	161741	151940.66666666666	30	0	0	144	0	0	0	144	3cd131d27cdec2640f017ff7998ef2fc7eb6462832039f401686f3ab021355ea	e709cd300d4a19cdb29620e525582ba3e3581727a6709ae734770711020de0cd
mapless-binary-search	B1	normal	candidate	opc_casefold_source_exact_lookup	2047	2345	2380	8140	2537.6999999999994	30	0	0	144	0	0	0	144	5ff83b42956e53036f19926d023a5e98f59889ec64e51dd618b6100753c9367e	e709cd300d4a19cdb29620e525582ba3e3581727a6709ae734770711020de0cd
mapless-binary-search	B1	normal	candidate	opc_casefold_source_case_alias_lookup	2047	303666	312062	312581	305676.9333333333	30	0	0	144	0	0	0	144	3336a08cd318f74e98515959a34dce128aefc6b9fa3546151fbf627572c025d9	e709cd300d4a19cdb29620e525582ba3e3581727a6709ae734770711020de0cd
mapless-binary-search	B1	normal	candidate	opc_casefold_source_genuine_miss_lookup	2047	136150	144841	144861	125614.26666666666	30	0	0	144	0	0	0	144	fea761da167dbe4473f53f4886ea4a2da108776c8ba4b73d3f9332cc61824582	e709cd300d4a19cdb29620e525582ba3e3581727a6709ae734770711020de0cd
mapless-binary-search	B1	normal	candidate	opc_casefold_eager_open	2048	3502970	3567706	3570415	3509778.9666666673	30	-	-	-	-	-	-	0	3449d32aa6d80e9cc12fbb1da1e6f5855177af1524250efda687b1ee99391298	e709cd300d4a19cdb29620e525582ba3e3581727a6709ae734770711020de0cd
mapless-binary-search	B1	normal	candidate	opc_casefold_source_open	2048	2482111	2537631	2543611	2487174.533333333	30	11	150265	4	0	0	1	0	3449d32aa6d80e9cc12fbb1da1e6f5855177af1524250efda687b1ee99391298	e709cd300d4a19cdb29620e525582ba3e3581727a6709ae734770711020de0cd
mapless-binary-search	B1	normal	candidate	opc_casefold_eager_lookup	2048	161891	167541	167801	162871.03333333338	30	-	-	-	-	-	-	144	3d124a528436b1e924dcbbd7d23040d5c258e0acf8e278113c17e447f017936a	e709cd300d4a19cdb29620e525582ba3e3581727a6709ae734770711020de0cd
mapless-binary-search	B1	normal	candidate	opc_casefold_source_lookup	2048	57915	64850	65161	58569.26666666666	30	0	0	144	0	0	0	144	3d124a528436b1e924dcbbd7d23040d5c258e0acf8e278113c17e447f017936a	e709cd300d4a19cdb29620e525582ba3e3581727a6709ae734770711020de0cd
mapless-binary-search	B1	normal	candidate	opc_casefold_source_exact_lookup	2048	66120	71520	72160	66799.59999999998	30	0	0	144	0	0	0	144	fa9dd41f44885e503e7a9fdbc03e97aa3b515723fe578b0e9bcaf114238990c9	e709cd300d4a19cdb29620e525582ba3e3581727a6709ae734770711020de0cd
mapless-binary-search	B1	normal	candidate	opc_casefold_source_case_alias_lookup	2048	66155	71740	72390	66849.3	30	0	0	144	0	0	0	144	ab0ffe95ce1e4c74f73dd7b9ea910991299588ee79917e99efe6c0a8e26262b4	e709cd300d4a19cdb29620e525582ba3e3581727a6709ae734770711020de0cd
mapless-binary-search	B1	normal	candidate	opc_casefold_source_genuine_miss_lookup	2048	37075	41880	42770	37497.1	30	0	0	144	0	0	0	144	fea761da167dbe4473f53f4886ea4a2da108776c8ba4b73d3f9332cc61824582	e709cd300d4a19cdb29620e525582ba3e3581727a6709ae734770711020de0cd
mapless-binary-search	B1	normal	candidate	opc_casefold_eager_open	16384	32501838	33284277	33312387	32465128.8	30	-	-	-	-	-	-	0	86fd877006855b5dd7ee889c0f6ec00c20645ec243d628ae77080d7a416e8cdd	e709cd300d4a19cdb29620e525582ba3e3581727a6709ae734770711020de0cd
mapless-binary-search	B1	normal	candidate	opc_casefold_source_open	16384	23521113	23985836	24122846	23472491.066666666	30	27	1196793	4	0	0	1	0	86fd877006855b5dd7ee889c0f6ec00c20645ec243d628ae77080d7a416e8cdd	e709cd300d4a19cdb29620e525582ba3e3581727a6709ae734770711020de0cd
mapless-binary-search	B1	normal	candidate	opc_casefold_eager_lookup	16384	2957313	2966333	3043624	2957685.6999999997	30	-	-	-	-	-	-	144	d9b4239f722a2b243ab4f2e0d1208b8a145aa22b02e615adc2819c5cedb843fb	e709cd300d4a19cdb29620e525582ba3e3581727a6709ae734770711020de0cd
mapless-binary-search	B1	normal	candidate	opc_casefold_source_lookup	16384	73035	78970	79211	73437.33333333334	30	0	0	144	0	0	0	144	d9b4239f722a2b243ab4f2e0d1208b8a145aa22b02e615adc2819c5cedb843fb	e709cd300d4a19cdb29620e525582ba3e3581727a6709ae734770711020de0cd
mapless-binary-search	B1	normal	candidate	opc_casefold_source_exact_lookup	16384	84675	91030	91091	85143.73333333331	30	0	0	144	0	0	0	144	58ee4d69d4dd8ed44c627b65ffe31ac45a9c0a0f9c0c7d05478298cdb0a00b31	e709cd300d4a19cdb29620e525582ba3e3581727a6709ae734770711020de0cd
mapless-binary-search	B1	normal	candidate	opc_casefold_source_case_alias_lookup	16384	84371	89910	90400	84901.36666666667	30	0	0	144	0	0	0	144	f197c1243908b5970c2045ae96d6312d27c2109a08ca4a3752ed36b2ae1a8fce	e709cd300d4a19cdb29620e525582ba3e3581727a6709ae734770711020de0cd
mapless-binary-search	B1	normal	candidate	opc_casefold_source_genuine_miss_lookup	16384	45270	50120	50320	45674.53333333334	30	0	0	144	0	0	0	144	fea761da167dbe4473f53f4886ea4a2da108776c8ba4b73d3f9332cc61824582	e709cd300d4a19cdb29620e525582ba3e3581727a6709ae734770711020de0cd
mapless-binary-search	B2	normal	candidate	opc_casefold_eager_open	256	428117	437262	460732	428124.86666666676	30	-	-	-	-	-	-	0	68bfa39a97c9d837c91a8667892bd3c0230d295c5327a84f7520b8ab02cd08b9	cfeecbf85da9de0e1f2b679b946fb01eafc341c0dc6380a9b40c15f3f62ce4c8
mapless-binary-search	B2	normal	candidate	opc_casefold_source_open	256	301556	309342	310942	302687.0666666666	30	9	19449	4	0	0	1	0	68bfa39a97c9d837c91a8667892bd3c0230d295c5327a84f7520b8ab02cd08b9	cfeecbf85da9de0e1f2b679b946fb01eafc341c0dc6380a9b40c15f3f62ce4c8
mapless-binary-search	B2	normal	candidate	opc_casefold_eager_lookup	256	31165	33830	36180	31428.500000000004	30	-	-	-	-	-	-	144	6a02c72a84e45623f8150e12608dfb3189b6bb903ffd0bce8e31ee897d14ae1f	cfeecbf85da9de0e1f2b679b946fb01eafc341c0dc6380a9b40c15f3f62ce4c8
mapless-binary-search	B2	normal	candidate	opc_casefold_source_lookup	256	21120	21211	22460	21149.100000000002	30	0	0	144	0	0	0	144	6a02c72a84e45623f8150e12608dfb3189b6bb903ffd0bce8e31ee897d14ae1f	cfeecbf85da9de0e1f2b679b946fb01eafc341c0dc6380a9b40c15f3f62ce4c8
mapless-binary-search	B2	normal	candidate	opc_casefold_source_exact_lookup	256	2350	2370	2371	2349.3666666666663	30	0	0	144	0	0	0	144	d8a61329d8e8909a043f56d9e6bf821fc208c82f8791c5810ed632a30b3ce637	cfeecbf85da9de0e1f2b679b946fb01eafc341c0dc6380a9b40c15f3f62ce4c8
mapless-binary-search	B2	normal	candidate	opc_casefold_source_case_alias_lookup	256	41400	41670	47500	41634.49999999999	30	0	0	144	0	0	0	144	a0f21335f2147ff2ce7cfaaa7db68a7c62e95ec23d8ba9df8b74864e20b45833	cfeecbf85da9de0e1f2b679b946fb01eafc341c0dc6380a9b40c15f3f62ce4c8
mapless-binary-search	B2	normal	candidate	opc_casefold_source_genuine_miss_lookup	256	17660	17790	20341	17753.833333333332	30	0	0	144	0	0	0	144	fea761da167dbe4473f53f4886ea4a2da108776c8ba4b73d3f9332cc61824582	cfeecbf85da9de0e1f2b679b946fb01eafc341c0dc6380a9b40c15f3f62ce4c8
mapless-binary-search	B2	normal	candidate	opc_casefold_eager_open	2047	3436660	3531836	3543756	3445970.833333333	30	-	-	-	-	-	-	0	f96278805e54bdf67f62efc0d9b09782988ca60007c602153f2b0498c217016f	cfeecbf85da9de0e1f2b679b946fb01eafc341c0dc6380a9b40c15f3f62ce4c8
mapless-binary-search	B2	normal	candidate	opc_casefold_source_open	2047	2467481	2508661	2518422	2471922.599999999	30	11	150192	4	0	0	1	0	f96278805e54bdf67f62efc0d9b09782988ca60007c602153f2b0498c217016f	cfeecbf85da9de0e1f2b679b946fb01eafc341c0dc6380a9b40c15f3f62ce4c8
mapless-binary-search	B2	normal	candidate	opc_casefold_eager_lookup	2047	215510	223471	224161	217021.29999999996	30	-	-	-	-	-	-	144	3cd131d27cdec2640f017ff7998ef2fc7eb6462832039f401686f3ab021355ea	cfeecbf85da9de0e1f2b679b946fb01eafc341c0dc6380a9b40c15f3f62ce4c8
mapless-binary-search	B2	normal	candidate	opc_casefold_source_lookup	2047	151056	161501	173231	152642.00000000003	30	0	0	144	0	0	0	144	3cd131d27cdec2640f017ff7998ef2fc7eb6462832039f401686f3ab021355ea	cfeecbf85da9de0e1f2b679b946fb01eafc341c0dc6380a9b40c15f3f62ce4c8
mapless-binary-search	B2	normal	candidate	opc_casefold_source_exact_lookup	2047	2345	2400	2420	2347.7	30	0	0	144	0	0	0	144	5ff83b42956e53036f19926d023a5e98f59889ec64e51dd618b6100753c9367e	cfeecbf85da9de0e1f2b679b946fb01eafc341c0dc6380a9b40c15f3f62ce4c8
mapless-binary-search	B2	normal	candidate	opc_casefold_source_case_alias_lookup	2047	304441	314561	315891	306599.6666666667	30	0	0	144	0	0	0	144	3336a08cd318f74e98515959a34dce128aefc6b9fa3546151fbf627572c025d9	cfeecbf85da9de0e1f2b679b946fb01eafc341c0dc6380a9b40c15f3f62ce4c8
mapless-binary-search	B2	normal	candidate	opc_casefold_source_genuine_miss_lookup	2047	115335	145201	149901	119549.9	30	0	0	144	0	0	0	144	fea761da167dbe4473f53f4886ea4a2da108776c8ba4b73d3f9332cc61824582	cfeecbf85da9de0e1f2b679b946fb01eafc341c0dc6380a9b40c15f3f62ce4c8
mapless-binary-search	B2	normal	candidate	opc_casefold_eager_open	2048	3468725	3532625	3533015	3471637.266666666	30	-	-	-	-	-	-	0	3449d32aa6d80e9cc12fbb1da1e6f5855177af1524250efda687b1ee99391298	cfeecbf85da9de0e1f2b679b946fb01eafc341c0dc6380a9b40c15f3f62ce4c8
mapless-binary-search	B2	normal	candidate	opc_casefold_source_open	2048	2460140	2502921	2514391	2462344.1000000006	30	11	150265	4	0	0	1	0	3449d32aa6d80e9cc12fbb1da1e6f5855177af1524250efda687b1ee99391298	cfeecbf85da9de0e1f2b679b946fb01eafc341c0dc6380a9b40c15f3f62ce4c8
mapless-binary-search	B2	normal	candidate	opc_casefold_eager_lookup	2048	135061	140611	140941	135863.60000000003	30	-	-	-	-	-	-	144	3d124a528436b1e924dcbbd7d23040d5c258e0acf8e278113c17e447f017936a	cfeecbf85da9de0e1f2b679b946fb01eafc341c0dc6380a9b40c15f3f62ce4c8
mapless-binary-search	B2	normal	candidate	opc_casefold_source_lookup	2048	58216	63490	64050	58606.93333333333	30	0	0	144	0	0	0	144	3d124a528436b1e924dcbbd7d23040d5c258e0acf8e278113c17e447f017936a	cfeecbf85da9de0e1f2b679b946fb01eafc341c0dc6380a9b40c15f3f62ce4c8
mapless-binary-search	B2	normal	candidate	opc_casefold_source_exact_lookup	2048	66135	71950	73771	66672.7	30	0	0	144	0	0	0	144	fa9dd41f44885e503e7a9fdbc03e97aa3b515723fe578b0e9bcaf114238990c9	cfeecbf85da9de0e1f2b679b946fb01eafc341c0dc6380a9b40c15f3f62ce4c8
mapless-binary-search	B2	normal	candidate	opc_casefold_source_case_alias_lookup	2048	66230	70991	71771	66629.96666666666	30	0	0	144	0	0	0	144	ab0ffe95ce1e4c74f73dd7b9ea910991299588ee79917e99efe6c0a8e26262b4	cfeecbf85da9de0e1f2b679b946fb01eafc341c0dc6380a9b40c15f3f62ce4c8
mapless-binary-search	B2	normal	candidate	opc_casefold_source_genuine_miss_lookup	2048	37230	42980	43221	37715.10000000001	30	0	0	144	0	0	0	144	fea761da167dbe4473f53f4886ea4a2da108776c8ba4b73d3f9332cc61824582	cfeecbf85da9de0e1f2b679b946fb01eafc341c0dc6380a9b40c15f3f62ce4c8
mapless-binary-search	B2	normal	candidate	opc_casefold_eager_open	16384	31427213	32070241	32189172	31492560.466666676	30	-	-	-	-	-	-	0	86fd877006855b5dd7ee889c0f6ec00c20645ec243d628ae77080d7a416e8cdd	cfeecbf85da9de0e1f2b679b946fb01eafc341c0dc6380a9b40c15f3f62ce4c8
mapless-binary-search	B2	normal	candidate	opc_casefold_source_open	16384	22682805	23562864	23772775	22733816.866666667	30	27	1196793	4	0	0	1	0	86fd877006855b5dd7ee889c0f6ec00c20645ec243d628ae77080d7a416e8cdd	cfeecbf85da9de0e1f2b679b946fb01eafc341c0dc6380a9b40c15f3f62ce4c8
mapless-binary-search	B2	normal	candidate	opc_casefold_eager_lookup	16384	2101554	2109809	2131590	2100342.9333333336	30	-	-	-	-	-	-	144	d9b4239f722a2b243ab4f2e0d1208b8a145aa22b02e615adc2819c5cedb843fb	cfeecbf85da9de0e1f2b679b946fb01eafc341c0dc6380a9b40c15f3f62ce4c8
mapless-binary-search	B2	normal	candidate	opc_casefold_source_lookup	16384	74255	79411	81261	74745.66666666666	30	0	0	144	0	0	0	144	d9b4239f722a2b243ab4f2e0d1208b8a145aa22b02e615adc2819c5cedb843fb	cfeecbf85da9de0e1f2b679b946fb01eafc341c0dc6380a9b40c15f3f62ce4c8
mapless-binary-search	B2	normal	candidate	opc_casefold_source_exact_lookup	16384	83275	88831	89030	83698.40000000001	30	0	0	144	0	0	0	144	58ee4d69d4dd8ed44c627b65ffe31ac45a9c0a0f9c0c7d05478298cdb0a00b31	cfeecbf85da9de0e1f2b679b946fb01eafc341c0dc6380a9b40c15f3f62ce4c8
mapless-binary-search	B2	normal	candidate	opc_casefold_source_case_alias_lookup	16384	84490	89921	91720	84970.03333333333	30	0	0	144	0	0	0	144	f197c1243908b5970c2045ae96d6312d27c2109a08ca4a3752ed36b2ae1a8fce	cfeecbf85da9de0e1f2b679b946fb01eafc341c0dc6380a9b40c15f3f62ce4c8
mapless-binary-search	B2	normal	candidate	opc_casefold_source_genuine_miss_lookup	16384	45205	45481	52470	45454.2	30	0	0	144	0	0	0	144	fea761da167dbe4473f53f4886ea4a2da108776c8ba4b73d3f9332cc61824582	cfeecbf85da9de0e1f2b679b946fb01eafc341c0dc6380a9b40c15f3f62ce4c8
mapless-binary-search	A1	allocator	control	opc_casefold_eager_open	256	585932	592303	605663	585468.3666666668	30	-	-	-	-	-	-	0	68bfa39a97c9d837c91a8667892bd3c0230d295c5327a84f7520b8ab02cd08b9	29e19de1d4d1328fb559716822b766984a09d13123dfda8630d222c47b403497
mapless-binary-search	A1	allocator	control	opc_casefold_source_open	256	417002	419272	419662	415534.7999999999	30	9	19449	4	0	0	1	0	68bfa39a97c9d837c91a8667892bd3c0230d295c5327a84f7520b8ab02cd08b9	29e19de1d4d1328fb559716822b766984a09d13123dfda8630d222c47b403497
mapless-binary-search	A1	allocator	control	opc_casefold_eager_lookup	256	28310	31090	33570	28580.800000000003	30	-	-	-	-	-	-	144	6a02c72a84e45623f8150e12608dfb3189b6bb903ffd0bce8e31ee897d14ae1f	29e19de1d4d1328fb559716822b766984a09d13123dfda8630d222c47b403497
mapless-binary-search	A1	allocator	control	opc_casefold_source_lookup	256	21865	22000	22000	21866.666666666664	30	0	0	144	0	0	0	144	6a02c72a84e45623f8150e12608dfb3189b6bb903ffd0bce8e31ee897d14ae1f	29e19de1d4d1328fb559716822b766984a09d13123dfda8630d222c47b403497
mapless-binary-search	A1	allocator	control	opc_casefold_source_exact_lookup	256	2270	2300	2310	2278.666666666667	30	0	0	144	0	0	0	144	d8a61329d8e8909a043f56d9e6bf821fc208c82f8791c5810ed632a30b3ce637	29e19de1d4d1328fb559716822b766984a09d13123dfda8630d222c47b403497
mapless-binary-search	A1	allocator	control	opc_casefold_source_case_alias_lookup	256	41700	45610	46420	43104.83333333333	30	0	0	144	0	0	0	144	a0f21335f2147ff2ce7cfaaa7db68a7c62e95ec23d8ba9df8b74864e20b45833	29e19de1d4d1328fb559716822b766984a09d13123dfda8630d222c47b403497
mapless-binary-search	A1	allocator	control	opc_casefold_source_genuine_miss_lookup	256	19960	24560	26111	20313.8	30	0	0	144	0	0	0	144	fea761da167dbe4473f53f4886ea4a2da108776c8ba4b73d3f9332cc61824582	29e19de1d4d1328fb559716822b766984a09d13123dfda8630d222c47b403497
mapless-binary-search	A1	allocator	control	opc_casefold_eager_open	2047	4692850	4709661	4727020	4693305.733333333	30	-	-	-	-	-	-	0	f96278805e54bdf67f62efc0d9b09782988ca60007c602153f2b0498c217016f	29e19de1d4d1328fb559716822b766984a09d13123dfda8630d222c47b403497
mapless-binary-search	A1	allocator	control	opc_casefold_source_open	2047	3335339	3343455	3343924	3335456.4666666673	30	11	150192	4	0	0	1	0	f96278805e54bdf67f62efc0d9b09782988ca60007c602153f2b0498c217016f	29e19de1d4d1328fb559716822b766984a09d13123dfda8630d222c47b403497
mapless-binary-search	A1	allocator	control	opc_casefold_eager_lookup	2047	213386	219401	220961	214546.93333333332	30	-	-	-	-	-	-	144	3cd131d27cdec2640f017ff7998ef2fc7eb6462832039f401686f3ab021355ea	29e19de1d4d1328fb559716822b766984a09d13123dfda8630d222c47b403497
mapless-binary-search	A1	allocator	control	opc_casefold_source_lookup	2047	151831	161691	164280	153472.36666666673	30	0	0	144	0	0	0	144	3cd131d27cdec2640f017ff7998ef2fc7eb6462832039f401686f3ab021355ea	29e19de1d4d1328fb559716822b766984a09d13123dfda8630d222c47b403497
mapless-binary-search	A1	allocator	control	opc_casefold_source_exact_lookup	2047	2290	2310	2310	2291.3333333333335	30	0	0	144	0	0	0	144	5ff83b42956e53036f19926d023a5e98f59889ec64e51dd618b6100753c9367e	29e19de1d4d1328fb559716822b766984a09d13123dfda8630d222c47b403497
mapless-binary-search	A1	allocator	control	opc_casefold_source_case_alias_lookup	2047	304097	326952	365332	308502.8333333334	30	0	0	144	0	0	0	144	3336a08cd318f74e98515959a34dce128aefc6b9fa3546151fbf627572c025d9	29e19de1d4d1328fb559716822b766984a09d13123dfda8630d222c47b403497
mapless-binary-search	A1	allocator	control	opc_casefold_source_genuine_miss_lookup	2047	146270	148451	154991	125151.3	30	0	0	144	0	0	0	144	fea761da167dbe4473f53f4886ea4a2da108776c8ba4b73d3f9332cc61824582	29e19de1d4d1328fb559716822b766984a09d13123dfda8630d222c47b403497
mapless-binary-search	A1	allocator	control	opc_casefold_eager_open	2048	4700551	4709381	4713530	4699891.766666668	30	-	-	-	-	-	-	0	3449d32aa6d80e9cc12fbb1da1e6f5855177af1524250efda687b1ee99391298	29e19de1d4d1328fb559716822b766984a09d13123dfda8630d222c47b403497
mapless-binary-search	A1	allocator	control	opc_casefold_source_open	2048	3393480	3401795	3416935	3393967.0	30	11	150265	4	0	0	1	0	3449d32aa6d80e9cc12fbb1da1e6f5855177af1524250efda687b1ee99391298	29e19de1d4d1328fb559716822b766984a09d13123dfda8630d222c47b403497
mapless-binary-search	A1	allocator	control	opc_casefold_eager_lookup	2048	206836	211661	212131	207752.9	30	-	-	-	-	-	-	144	3d124a528436b1e924dcbbd7d23040d5c258e0acf8e278113c17e447f017936a	29e19de1d4d1328fb559716822b766984a09d13123dfda8630d222c47b403497
mapless-binary-search	A1	allocator	control	opc_casefold_source_lookup	2048	38285	43810	44270	38662.76666666666	30	0	0	144	0	0	0	144	3d124a528436b1e924dcbbd7d23040d5c258e0acf8e278113c17e447f017936a	29e19de1d4d1328fb559716822b766984a09d13123dfda8630d222c47b403497
mapless-binary-search	A1	allocator	control	opc_casefold_source_exact_lookup	2048	2280	2310	2320	2284.6666666666656	30	0	0	144	0	0	0	144	fa9dd41f44885e503e7a9fdbc03e97aa3b515723fe578b0e9bcaf114238990c9	29e19de1d4d1328fb559716822b766984a09d13123dfda8630d222c47b403497
mapless-binary-search	A1	allocator	control	opc_casefold_source_case_alias_lookup	2048	70690	75470	75471	70993.26666666668	30	0	0	144	0	0	0	144	ab0ffe95ce1e4c74f73dd7b9ea910991299588ee79917e99efe6c0a8e26262b4	29e19de1d4d1328fb559716822b766984a09d13123dfda8630d222c47b403497
mapless-binary-search	A1	allocator	control	opc_casefold_source_genuine_miss_lookup	2048	41400	46071	47610	41835.46666666665	30	0	0	144	0	0	0	144	fea761da167dbe4473f53f4886ea4a2da108776c8ba4b73d3f9332cc61824582	29e19de1d4d1328fb559716822b766984a09d13123dfda8630d222c47b403497
mapless-binary-search	A1	allocator	control	opc_casefold_eager_open	16384	41791886	43158498	43622499	41896970.53333334	30	-	-	-	-	-	-	0	86fd877006855b5dd7ee889c0f6ec00c20645ec243d628ae77080d7a416e8cdd	29e19de1d4d1328fb559716822b766984a09d13123dfda8630d222c47b403497
mapless-binary-search	A1	allocator	control	opc_casefold_source_open	16384	30636428	31503247	31508487	30715302.199999996	30	27	1196793	4	0	0	1	0	86fd877006855b5dd7ee889c0f6ec00c20645ec243d628ae77080d7a416e8cdd	29e19de1d4d1328fb559716822b766984a09d13123dfda8630d222c47b403497
mapless-binary-search	A1	allocator	control	opc_casefold_eager_lookup	16384	2841137	2862913	2907853	2843015.6999999997	30	-	-	-	-	-	-	144	d9b4239f722a2b243ab4f2e0d1208b8a145aa22b02e615adc2819c5cedb843fb	29e19de1d4d1328fb559716822b766984a09d13123dfda8630d222c47b403497
mapless-binary-search	A1	allocator	control	opc_casefold_source_lookup	16384	48565	48760	48860	48513.93333333333	30	0	0	144	0	0	0	144	d9b4239f722a2b243ab4f2e0d1208b8a145aa22b02e615adc2819c5cedb843fb	29e19de1d4d1328fb559716822b766984a09d13123dfda8630d222c47b403497
mapless-binary-search	A1	allocator	control	opc_casefold_source_exact_lookup	16384	2290	2320	2320	2294.6666666666665	30	0	0	144	0	0	0	144	58ee4d69d4dd8ed44c627b65ffe31ac45a9c0a0f9c0c7d05478298cdb0a00b31	29e19de1d4d1328fb559716822b766984a09d13123dfda8630d222c47b403497
mapless-binary-search	A1	allocator	control	opc_casefold_source_case_alias_lookup	16384	90111	93880	96060	90544.06666666667	30	0	0	144	0	0	0	144	f197c1243908b5970c2045ae96d6312d27c2109a08ca4a3752ed36b2ae1a8fce	29e19de1d4d1328fb559716822b766984a09d13123dfda8630d222c47b403497
mapless-binary-search	A1	allocator	control	opc_casefold_source_genuine_miss_lookup	16384	49090	49320	49341	49111.200000000004	30	0	0	144	0	0	0	144	fea761da167dbe4473f53f4886ea4a2da108776c8ba4b73d3f9332cc61824582	29e19de1d4d1328fb559716822b766984a09d13123dfda8630d222c47b403497
mapless-binary-search	A2	allocator	control	opc_casefold_eager_open	256	585202	592633	605203	584776.4666666668	30	-	-	-	-	-	-	0	68bfa39a97c9d837c91a8667892bd3c0230d295c5327a84f7520b8ab02cd08b9	ec1b221ff7a89f63b259cf317ef2668f8f433fa338de6307078b9a312b465a65
mapless-binary-search	A2	allocator	control	opc_casefold_source_open	256	413137	414752	415622	413136.13333333324	30	9	19449	4	0	0	1	0	68bfa39a97c9d837c91a8667892bd3c0230d295c5327a84f7520b8ab02cd08b9	ec1b221ff7a89f63b259cf317ef2668f8f433fa338de6307078b9a312b465a65
mapless-binary-search	A2	allocator	control	opc_casefold_eager_lookup	256	23780	23790	23800	23774.46666666667	30	-	-	-	-	-	-	144	6a02c72a84e45623f8150e12608dfb3189b6bb903ffd0bce8e31ee897d14ae1f	ec1b221ff7a89f63b259cf317ef2668f8f433fa338de6307078b9a312b465a65
mapless-binary-search	A2	allocator	control	opc_casefold_source_lookup	256	21710	22110	26900	21902.0	30	0	0	144	0	0	0	144	6a02c72a84e45623f8150e12608dfb3189b6bb903ffd0bce8e31ee897d14ae1f	ec1b221ff7a89f63b259cf317ef2668f8f433fa338de6307078b9a312b465a65
mapless-binary-search	A2	allocator	control	opc_casefold_source_exact_lookup	256	2330	2350	2370	2328.7000000000003	30	0	0	144	0	0	0	144	d8a61329d8e8909a043f56d9e6bf821fc208c82f8791c5810ed632a30b3ce637	ec1b221ff7a89f63b259cf317ef2668f8f433fa338de6307078b9a312b465a65
mapless-binary-search	A2	allocator	control	opc_casefold_source_case_alias_lookup	256	41870	45240	45781	42205.83333333333	30	0	0	144	0	0	0	144	a0f21335f2147ff2ce7cfaaa7db68a7c62e95ec23d8ba9df8b74864e20b45833	ec1b221ff7a89f63b259cf317ef2668f8f433fa338de6307078b9a312b465a65
mapless-binary-search	A2	allocator	control	opc_casefold_source_genuine_miss_lookup	256	20125	20300	26540	20346.73333333333	30	0	0	144	0	0	0	144	fea761da167dbe4473f53f4886ea4a2da108776c8ba4b73d3f9332cc61824582	ec1b221ff7a89f63b259cf317ef2668f8f433fa338de6307078b9a312b465a65
mapless-binary-search	A2	allocator	control	opc_casefold_eager_open	2047	4717265	4730331	4785210	4719579.766666666	30	-	-	-	-	-	-	0	f96278805e54bdf67f62efc0d9b09782988ca60007c602153f2b0498c217016f	ec1b221ff7a89f63b259cf317ef2668f8f433fa338de6307078b9a312b465a65
mapless-binary-search	A2	allocator	control	opc_casefold_source_open	2047	3366624	3371205	3371354	3366262.866666666	30	11	150192	4	0	0	1	0	f96278805e54bdf67f62efc0d9b09782988ca60007c602153f2b0498c217016f	ec1b221ff7a89f63b259cf317ef2668f8f433fa338de6307078b9a312b465a65
mapless-binary-search	A2	allocator	control	opc_casefold_eager_lookup	2047	190456	196531	197241	191520.49999999997	30	-	-	-	-	-	-	144	3cd131d27cdec2640f017ff7998ef2fc7eb6462832039f401686f3ab021355ea	ec1b221ff7a89f63b259cf317ef2668f8f433fa338de6307078b9a312b465a65
mapless-binary-search	A2	allocator	control	opc_casefold_source_lookup	2047	151900	161911	163291	154807.7	30	0	0	144	0	0	0	144	3cd131d27cdec2640f017ff7998ef2fc7eb6462832039f401686f3ab021355ea	ec1b221ff7a89f63b259cf317ef2668f8f433fa338de6307078b9a312b465a65
mapless-binary-search	A2	allocator	control	opc_casefold_source_exact_lookup	2047	2360	2390	2400	2361.0333333333333	30	0	0	144	0	0	0	144	5ff83b42956e53036f19926d023a5e98f59889ec64e51dd618b6100753c9367e	ec1b221ff7a89f63b259cf317ef2668f8f433fa338de6307078b9a312b465a65
mapless-binary-search	A2	allocator	control	opc_casefold_source_case_alias_lookup	2047	302411	310202	331141	305027.6666666667	30	0	0	144	0	0	0	144	3336a08cd318f74e98515959a34dce128aefc6b9fa3546151fbf627572c025d9	ec1b221ff7a89f63b259cf317ef2668f8f433fa338de6307078b9a312b465a65
mapless-binary-search	A2	allocator	control	opc_casefold_source_genuine_miss_lookup	2047	147990	150211	153391	136613.96666666662	30	0	0	144	0	0	0	144	fea761da167dbe4473f53f4886ea4a2da108776c8ba4b73d3f9332cc61824582	ec1b221ff7a89f63b259cf317ef2668f8f433fa338de6307078b9a312b465a65
mapless-binary-search	A2	allocator	control	opc_casefold_eager_open	2048	4703075	4713711	4715950	4703925.666666668	30	-	-	-	-	-	-	0	3449d32aa6d80e9cc12fbb1da1e6f5855177af1524250efda687b1ee99391298	ec1b221ff7a89f63b259cf317ef2668f8f433fa338de6307078b9a312b465a65
mapless-binary-search	A2	allocator	control	opc_casefold_source_open	2048	3392460	3402494	3453375	3392977.366666666	30	11	150265	4	0	0	1	0	3449d32aa6d80e9cc12fbb1da1e6f5855177af1524250efda687b1ee99391298	ec1b221ff7a89f63b259cf317ef2668f8f433fa338de6307078b9a312b465a65
mapless-binary-search	A2	allocator	control	opc_casefold_eager_lookup	2048	175275	181370	182620	176469.09999999998	30	-	-	-	-	-	-	144	3d124a528436b1e924dcbbd7d23040d5c258e0acf8e278113c17e447f017936a	ec1b221ff7a89f63b259cf317ef2668f8f433fa338de6307078b9a312b465a65
mapless-binary-search	A2	allocator	control	opc_casefold_source_lookup	2048	37965	38080	43540	38110.13333333334	30	0	0	144	0	0	0	144	3d124a528436b1e924dcbbd7d23040d5c258e0acf8e278113c17e447f017936a	ec1b221ff7a89f63b259cf317ef2668f8f433fa338de6307078b9a312b465a65
mapless-binary-search	A2	allocator	control	opc_casefold_source_exact_lookup	2048	2335	2380	2390	2337.033333333333	30	0	0	144	0	0	0	144	fa9dd41f44885e503e7a9fdbc03e97aa3b515723fe578b0e9bcaf114238990c9	ec1b221ff7a89f63b259cf317ef2668f8f433fa338de6307078b9a312b465a65
mapless-binary-search	A2	allocator	control	opc_casefold_source_case_alias_lookup	2048	69220	74110	75770	69762.36666666667	30	0	0	144	0	0	0	144	ab0ffe95ce1e4c74f73dd7b9ea910991299588ee79917e99efe6c0a8e26262b4	ec1b221ff7a89f63b259cf317ef2668f8f433fa338de6307078b9a312b465a65
mapless-binary-search	A2	allocator	control	opc_casefold_source_genuine_miss_lookup	2048	41350	45980	46870	41648.833333333336	30	0	0	144	0	0	0	144	fea761da167dbe4473f53f4886ea4a2da108776c8ba4b73d3f9332cc61824582	ec1b221ff7a89f63b259cf317ef2668f8f433fa338de6307078b9a312b465a65
mapless-binary-search	A2	allocator	control	opc_casefold_eager_open	16384	42225442	43667228	44074100	42380850.566666655	30	-	-	-	-	-	-	0	86fd877006855b5dd7ee889c0f6ec00c20645ec243d628ae77080d7a416e8cdd	ec1b221ff7a89f63b259cf317ef2668f8f433fa338de6307078b9a312b465a65
mapless-binary-search	A2	allocator	control	opc_casefold_source_open	16384	31196980	32029709	32057359	31174865.06666667	30	27	1196793	4	0	0	1	0	86fd877006855b5dd7ee889c0f6ec00c20645ec243d628ae77080d7a416e8cdd	ec1b221ff7a89f63b259cf317ef2668f8f433fa338de6307078b9a312b465a65
mapless-binary-search	A2	allocator	control	opc_casefold_eager_lookup	16384	2219669	2232569	2237220	2220204.2666666666	30	-	-	-	-	-	-	144	d9b4239f722a2b243ab4f2e0d1208b8a145aa22b02e615adc2819c5cedb843fb	ec1b221ff7a89f63b259cf317ef2668f8f433fa338de6307078b9a312b465a65
mapless-binary-search	A2	allocator	control	opc_casefold_source_lookup	16384	48631	48870	48931	48627.56666666668	30	0	0	144	0	0	0	144	d9b4239f722a2b243ab4f2e0d1208b8a145aa22b02e615adc2819c5cedb843fb	ec1b221ff7a89f63b259cf317ef2668f8f433fa338de6307078b9a312b465a65
mapless-binary-search	A2	allocator	control	opc_casefold_source_exact_lookup	16384	2320	2340	2370	2324.033333333333	30	0	0	144	0	0	0	144	58ee4d69d4dd8ed44c627b65ffe31ac45a9c0a0f9c0c7d05478298cdb0a00b31	ec1b221ff7a89f63b259cf317ef2668f8f433fa338de6307078b9a312b465a65
mapless-binary-search	A2	allocator	control	opc_casefold_source_case_alias_lookup	16384	86435	91740	92440	86945.66666666666	30	0	0	144	0	0	0	144	f197c1243908b5970c2045ae96d6312d27c2109a08ca4a3752ed36b2ae1a8fce	ec1b221ff7a89f63b259cf317ef2668f8f433fa338de6307078b9a312b465a65
mapless-binary-search	A2	allocator	control	opc_casefold_source_genuine_miss_lookup	16384	50195	52790	56050	50534.933333333334	30	0	0	144	0	0	0	144	fea761da167dbe4473f53f4886ea4a2da108776c8ba4b73d3f9332cc61824582	ec1b221ff7a89f63b259cf317ef2668f8f433fa338de6307078b9a312b465a65
mapless-binary-search	B1	allocator	candidate	opc_casefold_eager_open	256	586893	595803	597683	586646.0	30	-	-	-	-	-	-	0	68bfa39a97c9d837c91a8667892bd3c0230d295c5327a84f7520b8ab02cd08b9	1514020a31a66af5aab037f5dd56e915fd9281fc915606ca62f3ef1fdda4bbdd
mapless-binary-search	B1	allocator	candidate	opc_casefold_source_open	256	412937	418822	430502	413290.83333333326	30	9	19449	4	0	0	1	0	68bfa39a97c9d837c91a8667892bd3c0230d295c5327a84f7520b8ab02cd08b9	1514020a31a66af5aab037f5dd56e915fd9281fc915606ca62f3ef1fdda4bbdd
mapless-binary-search	B1	allocator	candidate	opc_casefold_eager_lookup	256	18590	18990	26511	18905.766666666666	30	-	-	-	-	-	-	144	6a02c72a84e45623f8150e12608dfb3189b6bb903ffd0bce8e31ee897d14ae1f	1514020a31a66af5aab037f5dd56e915fd9281fc915606ca62f3ef1fdda4bbdd
mapless-binary-search	B1	allocator	candidate	opc_casefold_source_lookup	256	21770	21930	28180	21979.433333333334	30	0	0	144	0	0	0	144	6a02c72a84e45623f8150e12608dfb3189b6bb903ffd0bce8e31ee897d14ae1f	1514020a31a66af5aab037f5dd56e915fd9281fc915606ca62f3ef1fdda4bbdd
mapless-binary-search	B1	allocator	candidate	opc_casefold_source_exact_lookup	256	2480	2560	2600	2481.0000000000005	30	0	0	144	0	0	0	144	d8a61329d8e8909a043f56d9e6bf821fc208c82f8791c5810ed632a30b3ce637	1514020a31a66af5aab037f5dd56e915fd9281fc915606ca62f3ef1fdda4bbdd
mapless-binary-search	B1	allocator	candidate	opc_casefold_source_case_alias_lookup	256	41520	41771	47570	41714.53333333333	30	0	0	144	0	0	0	144	a0f21335f2147ff2ce7cfaaa7db68a7c62e95ec23d8ba9df8b74864e20b45833	1514020a31a66af5aab037f5dd56e915fd9281fc915606ca62f3ef1fdda4bbdd
mapless-binary-search	B1	allocator	candidate	opc_casefold_source_genuine_miss_lookup	256	19955	20210	25541	20157.1	30	0	0	144	0	0	0	144	fea761da167dbe4473f53f4886ea4a2da108776c8ba4b73d3f9332cc61824582	1514020a31a66af5aab037f5dd56e915fd9281fc915606ca62f3ef1fdda4bbdd
mapless-binary-search	B1	allocator	candidate	opc_casefold_eager_open	2047	4718331	4763511	4794712	4715277.6	30	-	-	-	-	-	-	0	f96278805e54bdf67f62efc0d9b09782988ca60007c602153f2b0498c217016f	1514020a31a66af5aab037f5dd56e915fd9281fc915606ca62f3ef1fdda4bbdd
mapless-binary-search	B1	allocator	candidate	opc_casefold_source_open	2047	3373400	3384025	3399175	3367588.8333333326	30	11	150192	4	0	0	1	0	f96278805e54bdf67f62efc0d9b09782988ca60007c602153f2b0498c217016f	1514020a31a66af5aab037f5dd56e915fd9281fc915606ca62f3ef1fdda4bbdd
mapless-binary-search	B1	allocator	candidate	opc_casefold_eager_lookup	2047	140135	148590	149371	141027.26666666666	30	-	-	-	-	-	-	144	3cd131d27cdec2640f017ff7998ef2fc7eb6462832039f401686f3ab021355ea	1514020a31a66af5aab037f5dd56e915fd9281fc915606ca62f3ef1fdda4bbdd
mapless-binary-search	B1	allocator	candidate	opc_casefold_source_lookup	2047	151445	157491	157660	151801.29999999996	30	0	0	144	0	0	0	144	3cd131d27cdec2640f017ff7998ef2fc7eb6462832039f401686f3ab021355ea	1514020a31a66af5aab037f5dd56e915fd9281fc915606ca62f3ef1fdda4bbdd
mapless-binary-search	B1	allocator	candidate	opc_casefold_source_exact_lookup	2047	2440	2720	9780	2704.333333333334	30	0	0	144	0	0	0	144	5ff83b42956e53036f19926d023a5e98f59889ec64e51dd618b6100753c9367e	1514020a31a66af5aab037f5dd56e915fd9281fc915606ca62f3ef1fdda4bbdd
mapless-binary-search	B1	allocator	candidate	opc_casefold_source_case_alias_lookup	2047	302306	310302	310331	303941.3666666667	30	0	0	144	0	0	0	144	3336a08cd318f74e98515959a34dce128aefc6b9fa3546151fbf627572c025d9	1514020a31a66af5aab037f5dd56e915fd9281fc915606ca62f3ef1fdda4bbdd
mapless-binary-search	B1	allocator	candidate	opc_casefold_source_genuine_miss_lookup	2047	147130	152291	152510	141805.33333333328	30	0	0	144	0	0	0	144	fea761da167dbe4473f53f4886ea4a2da108776c8ba4b73d3f9332cc61824582	1514020a31a66af5aab037f5dd56e915fd9281fc915606ca62f3ef1fdda4bbdd
mapless-binary-search	B1	allocator	candidate	opc_casefold_eager_open	2048	4716961	4743611	4746451	4713905.0	30	-	-	-	-	-	-	0	3449d32aa6d80e9cc12fbb1da1e6f5855177af1524250efda687b1ee99391298	1514020a31a66af5aab037f5dd56e915fd9281fc915606ca62f3ef1fdda4bbdd
mapless-binary-search	B1	allocator	candidate	opc_casefold_source_open	2048	3318659	3344945	3359454	3316134.233333334	30	11	150265	4	0	0	1	0	3449d32aa6d80e9cc12fbb1da1e6f5855177af1524250efda687b1ee99391298	1514020a31a66af5aab037f5dd56e915fd9281fc915606ca62f3ef1fdda4bbdd
mapless-binary-search	B1	allocator	candidate	opc_casefold_eager_lookup	2048	237891	243671	245281	238682.40000000005	30	-	-	-	-	-	-	144	3d124a528436b1e924dcbbd7d23040d5c258e0acf8e278113c17e447f017936a	1514020a31a66af5aab037f5dd56e915fd9281fc915606ca62f3ef1fdda4bbdd
mapless-binary-search	B1	allocator	candidate	opc_casefold_source_lookup	2048	58420	61611	63240	58671.200000000004	30	0	0	144	0	0	0	144	3d124a528436b1e924dcbbd7d23040d5c258e0acf8e278113c17e447f017936a	1514020a31a66af5aab037f5dd56e915fd9281fc915606ca62f3ef1fdda4bbdd
mapless-binary-search	B1	allocator	candidate	opc_casefold_source_exact_lookup	2048	68060	68250	74550	68284.96666666667	30	0	0	144	0	0	0	144	fa9dd41f44885e503e7a9fdbc03e97aa3b515723fe578b0e9bcaf114238990c9	1514020a31a66af5aab037f5dd56e915fd9281fc915606ca62f3ef1fdda4bbdd
mapless-binary-search	B1	allocator	candidate	opc_casefold_source_case_alias_lookup	2048	67670	73250	73290	68206.23333333332	30	0	0	144	0	0	0	144	ab0ffe95ce1e4c74f73dd7b9ea910991299588ee79917e99efe6c0a8e26262b4	1514020a31a66af5aab037f5dd56e915fd9281fc915606ca62f3ef1fdda4bbdd
mapless-binary-search	B1	allocator	candidate	opc_casefold_source_genuine_miss_lookup	2048	38305	38391	44270	38507.50000000001	30	0	0	144	0	0	0	144	fea761da167dbe4473f53f4886ea4a2da108776c8ba4b73d3f9332cc61824582	1514020a31a66af5aab037f5dd56e915fd9281fc915606ca62f3ef1fdda4bbdd
mapless-binary-search	B1	allocator	candidate	opc_casefold_eager_open	16384	41963570	42675848	42693558	41971055.06666668	30	-	-	-	-	-	-	0	86fd877006855b5dd7ee889c0f6ec00c20645ec243d628ae77080d7a416e8cdd	1514020a31a66af5aab037f5dd56e915fd9281fc915606ca62f3ef1fdda4bbdd
mapless-binary-search	B1	allocator	candidate	opc_casefold_source_open	16384	29489600	30077622	30258693	29486072.766666666	30	27	1196793	4	0	0	1	0	86fd877006855b5dd7ee889c0f6ec00c20645ec243d628ae77080d7a416e8cdd	1514020a31a66af5aab037f5dd56e915fd9281fc915606ca62f3ef1fdda4bbdd
mapless-binary-search	B1	allocator	candidate	opc_casefold_eager_lookup	16384	1597992	1606897	1622937	1598663.0666666664	30	-	-	-	-	-	-	144	d9b4239f722a2b243ab4f2e0d1208b8a145aa22b02e615adc2819c5cedb843fb	1514020a31a66af5aab037f5dd56e915fd9281fc915606ca62f3ef1fdda4bbdd
mapless-binary-search	B1	allocator	candidate	opc_casefold_source_lookup	16384	74775	80391	80571	75117.63333333332	30	0	0	144	0	0	0	144	d9b4239f722a2b243ab4f2e0d1208b8a145aa22b02e615adc2819c5cedb843fb	1514020a31a66af5aab037f5dd56e915fd9281fc915606ca62f3ef1fdda4bbdd
mapless-binary-search	B1	allocator	candidate	opc_casefold_source_exact_lookup	16384	85870	91220	93801	86423.03333333334	30	0	0	144	0	0	0	144	58ee4d69d4dd8ed44c627b65ffe31ac45a9c0a0f9c0c7d05478298cdb0a00b31	1514020a31a66af5aab037f5dd56e915fd9281fc915606ca62f3ef1fdda4bbdd
mapless-binary-search	B1	allocator	candidate	opc_casefold_source_case_alias_lookup	16384	85915	90870	91200	86338.03333333333	30	0	0	144	0	0	0	144	f197c1243908b5970c2045ae96d6312d27c2109a08ca4a3752ed36b2ae1a8fce	1514020a31a66af5aab037f5dd56e915fd9281fc915606ca62f3ef1fdda4bbdd
mapless-binary-search	B1	allocator	candidate	opc_casefold_source_genuine_miss_lookup	16384	46955	49450	52170	47174.13333333333	30	0	0	144	0	0	0	144	fea761da167dbe4473f53f4886ea4a2da108776c8ba4b73d3f9332cc61824582	1514020a31a66af5aab037f5dd56e915fd9281fc915606ca62f3ef1fdda4bbdd
mapless-binary-search	B2	allocator	candidate	opc_casefold_eager_open	256	586137	591522	593143	584555.4999999999	30	-	-	-	-	-	-	0	68bfa39a97c9d837c91a8667892bd3c0230d295c5327a84f7520b8ab02cd08b9	d689b386e88dfc51decae78f544f23e280c50ea924a470cc1e8dd9b988156cc2
mapless-binary-search	B2	allocator	candidate	opc_casefold_source_open	256	411432	421312	423282	413283.8333333334	30	9	19449	4	0	0	1	0	68bfa39a97c9d837c91a8667892bd3c0230d295c5327a84f7520b8ab02cd08b9	d689b386e88dfc51decae78f544f23e280c50ea924a470cc1e8dd9b988156cc2
mapless-binary-search	B2	allocator	candidate	opc_casefold_eager_lookup	256	33455	35531	38280	33784.13333333333	30	-	-	-	-	-	-	144	6a02c72a84e45623f8150e12608dfb3189b6bb903ffd0bce8e31ee897d14ae1f	d689b386e88dfc51decae78f544f23e280c50ea924a470cc1e8dd9b988156cc2
mapless-binary-search	B2	allocator	candidate	opc_casefold_source_lookup	256	21630	21900	27670	21852.76666666667	30	0	0	144	0	0	0	144	6a02c72a84e45623f8150e12608dfb3189b6bb903ffd0bce8e31ee897d14ae1f	d689b386e88dfc51decae78f544f23e280c50ea924a470cc1e8dd9b988156cc2
mapless-binary-search	B2	allocator	candidate	opc_casefold_source_exact_lookup	256	2420	2510	8790	2635.666666666668	30	0	0	144	0	0	0	144	d8a61329d8e8909a043f56d9e6bf821fc208c82f8791c5810ed632a30b3ce637	d689b386e88dfc51decae78f544f23e280c50ea924a470cc1e8dd9b988156cc2
mapless-binary-search	B2	allocator	candidate	opc_casefold_source_case_alias_lookup	256	41390	41490	46781	41561.56666666667	30	0	0	144	0	0	0	144	a0f21335f2147ff2ce7cfaaa7db68a7c62e95ec23d8ba9df8b74864e20b45833	d689b386e88dfc51decae78f544f23e280c50ea924a470cc1e8dd9b988156cc2
mapless-binary-search	B2	allocator	candidate	opc_casefold_source_genuine_miss_lookup	256	19400	22110	24660	19674.733333333337	30	0	0	144	0	0	0	144	fea761da167dbe4473f53f4886ea4a2da108776c8ba4b73d3f9332cc61824582	d689b386e88dfc51decae78f544f23e280c50ea924a470cc1e8dd9b988156cc2
mapless-binary-search	B2	allocator	candidate	opc_casefold_eager_open	2047	4708525	4747851	4763081	4707321.300000001	30	-	-	-	-	-	-	0	f96278805e54bdf67f62efc0d9b09782988ca60007c602153f2b0498c217016f	d689b386e88dfc51decae78f544f23e280c50ea924a470cc1e8dd9b988156cc2
mapless-binary-search	B2	allocator	candidate	opc_casefold_source_open	2047	3330955	3356385	3360925	3330831.333333333	30	11	150192	4	0	0	1	0	f96278805e54bdf67f62efc0d9b09782988ca60007c602153f2b0498c217016f	d689b386e88dfc51decae78f544f23e280c50ea924a470cc1e8dd9b988156cc2
mapless-binary-search	B2	allocator	candidate	opc_casefold_eager_lookup	2047	160196	168291	168430	161739.36666666667	30	-	-	-	-	-	-	144	3cd131d27cdec2640f017ff7998ef2fc7eb6462832039f401686f3ab021355ea	d689b386e88dfc51decae78f544f23e280c50ea924a470cc1e8dd9b988156cc2
mapless-binary-search	B2	allocator	candidate	opc_casefold_source_lookup	2047	151156	156881	157901	152267.66666666666	30	0	0	144	0	0	0	144	3cd131d27cdec2640f017ff7998ef2fc7eb6462832039f401686f3ab021355ea	d689b386e88dfc51decae78f544f23e280c50ea924a470cc1e8dd9b988156cc2
mapless-binary-search	B2	allocator	candidate	opc_casefold_source_exact_lookup	2047	2525	2590	2750	2533.666666666666	30	0	0	144	0	0	0	144	5ff83b42956e53036f19926d023a5e98f59889ec64e51dd618b6100753c9367e	d689b386e88dfc51decae78f544f23e280c50ea924a470cc1e8dd9b988156cc2
mapless-binary-search	B2	allocator	candidate	opc_casefold_source_case_alias_lookup	2047	301991	315541	332051	304803.3666666667	30	0	0	144	0	0	0	144	3336a08cd318f74e98515959a34dce128aefc6b9fa3546151fbf627572c025d9	d689b386e88dfc51decae78f544f23e280c50ea924a470cc1e8dd9b988156cc2
mapless-binary-search	B2	allocator	candidate	opc_casefold_source_genuine_miss_lookup	2047	147510	147921	154051	139357.6666666667	30	0	0	144	0	0	0	144	fea761da167dbe4473f53f4886ea4a2da108776c8ba4b73d3f9332cc61824582	d689b386e88dfc51decae78f544f23e280c50ea924a470cc1e8dd9b988156cc2
mapless-binary-search	B2	allocator	candidate	opc_casefold_eager_open	2048	4695610	4715700	4720490	4697342.000000001	30	-	-	-	-	-	-	0	3449d32aa6d80e9cc12fbb1da1e6f5855177af1524250efda687b1ee99391298	d689b386e88dfc51decae78f544f23e280c50ea924a470cc1e8dd9b988156cc2
mapless-binary-search	B2	allocator	candidate	opc_casefold_source_open	2048	3287780	3314264	3326405	3287356.2333333334	30	11	150265	4	0	0	1	0	3449d32aa6d80e9cc12fbb1da1e6f5855177af1524250efda687b1ee99391298	d689b386e88dfc51decae78f544f23e280c50ea924a470cc1e8dd9b988156cc2
mapless-binary-search	B2	allocator	candidate	opc_casefold_eager_lookup	2048	206411	213141	213281	207791.93333333335	30	-	-	-	-	-	-	144	3d124a528436b1e924dcbbd7d23040d5c258e0acf8e278113c17e447f017936a	d689b386e88dfc51decae78f544f23e280c50ea924a470cc1e8dd9b988156cc2
mapless-binary-search	B2	allocator	candidate	opc_casefold_source_lookup	2048	57150	59550	61941	57401.86666666666	30	0	0	144	0	0	0	144	3d124a528436b1e924dcbbd7d23040d5c258e0acf8e278113c17e447f017936a	d689b386e88dfc51decae78f544f23e280c50ea924a470cc1e8dd9b988156cc2
mapless-binary-search	B2	allocator	candidate	opc_casefold_source_exact_lookup	2048	67255	73860	78430	67903.93333333332	30	0	0	144	0	0	0	144	fa9dd41f44885e503e7a9fdbc03e97aa3b515723fe578b0e9bcaf114238990c9	d689b386e88dfc51decae78f544f23e280c50ea924a470cc1e8dd9b988156cc2
mapless-binary-search	B2	allocator	candidate	opc_casefold_source_case_alias_lookup	2048	67620	72500	73330	68051.26666666666	30	0	0	144	0	0	0	144	ab0ffe95ce1e4c74f73dd7b9ea910991299588ee79917e99efe6c0a8e26262b4	d689b386e88dfc51decae78f544f23e280c50ea924a470cc1e8dd9b988156cc2
mapless-binary-search	B2	allocator	candidate	opc_casefold_source_genuine_miss_lookup	2048	38520	40970	45640	38829.166666666664	30	0	0	144	0	0	0	144	fea761da167dbe4473f53f4886ea4a2da108776c8ba4b73d3f9332cc61824582	d689b386e88dfc51decae78f544f23e280c50ea924a470cc1e8dd9b988156cc2
mapless-binary-search	B2	allocator	candidate	opc_casefold_eager_open	16384	41812692	42559465	42722428	41929033.53333333	30	-	-	-	-	-	-	0	86fd877006855b5dd7ee889c0f6ec00c20645ec243d628ae77080d7a416e8cdd	d689b386e88dfc51decae78f544f23e280c50ea924a470cc1e8dd9b988156cc2
mapless-binary-search	B2	allocator	candidate	opc_casefold_source_open	16384	29086061	29846240	29993240	29116412.966666665	30	27	1196793	4	0	0	1	0	86fd877006855b5dd7ee889c0f6ec00c20645ec243d628ae77080d7a416e8cdd	d689b386e88dfc51decae78f544f23e280c50ea924a470cc1e8dd9b988156cc2
mapless-binary-search	B2	allocator	candidate	opc_casefold_eager_lookup	16384	1084950	1089795	1105695	1085238.3666666667	30	-	-	-	-	-	-	144	d9b4239f722a2b243ab4f2e0d1208b8a145aa22b02e615adc2819c5cedb843fb	d689b386e88dfc51decae78f544f23e280c50ea924a470cc1e8dd9b988156cc2
mapless-binary-search	B2	allocator	candidate	opc_casefold_source_lookup	16384	76645	82930	83111	77376.66666666666	30	0	0	144	0	0	0	144	d9b4239f722a2b243ab4f2e0d1208b8a145aa22b02e615adc2819c5cedb843fb	d689b386e88dfc51decae78f544f23e280c50ea924a470cc1e8dd9b988156cc2
mapless-binary-search	B2	allocator	candidate	opc_casefold_source_exact_lookup	16384	84730	89700	89820	85211.69999999998	30	0	0	144	0	0	0	144	58ee4d69d4dd8ed44c627b65ffe31ac45a9c0a0f9c0c7d05478298cdb0a00b31	d689b386e88dfc51decae78f544f23e280c50ea924a470cc1e8dd9b988156cc2
mapless-binary-search	B2	allocator	candidate	opc_casefold_source_case_alias_lookup	16384	85886	91290	92011	86305.43333333333	30	0	0	144	0	0	0	144	f197c1243908b5970c2045ae96d6312d27c2109a08ca4a3752ed36b2ae1a8fce	d689b386e88dfc51decae78f544f23e280c50ea924a470cc1e8dd9b988156cc2
mapless-binary-search	B2	allocator	candidate	opc_casefold_source_genuine_miss_lookup	16384	46035	48020	51660	46239.53333333333	30	0	0	144	0	0	0	144	fea761da167dbe4473f53f4886ea4a2da108776c8ba4b73d3f9332cc61824582	d689b386e88dfc51decae78f544f23e280c50ea924a470cc1e8dd9b988156cc2
linear-probe-full	A1	normal	control	opc_casefold_eager_open	256	425446	433642	434812	425709.49999999994	30	-	-	-	-	-	-	0	68bfa39a97c9d837c91a8667892bd3c0230d295c5327a84f7520b8ab02cd08b9	8273d230f0c4e3e159c0baacf24554f12702204743728eaad7a685eedd2c7bd9
linear-probe-full	A1	normal	control	opc_casefold_source_open	256	303826	311742	313672	304938.46666666673	30	9	19449	4	0	0	1	0	68bfa39a97c9d837c91a8667892bd3c0230d295c5327a84f7520b8ab02cd08b9	8273d230f0c4e3e159c0baacf24554f12702204743728eaad7a685eedd2c7bd9
linear-probe-full	A1	normal	control	opc_casefold_eager_lookup	256	14810	14871	14930	14816.066666666668	30	-	-	-	-	-	-	144	6a02c72a84e45623f8150e12608dfb3189b6bb903ffd0bce8e31ee897d14ae1f	8273d230f0c4e3e159c0baacf24554f12702204743728eaad7a685eedd2c7bd9
linear-probe-full	A1	normal	control	opc_casefold_source_lookup	256	21620	22470	27530	22073.166666666668	30	0	0	144	0	0	0	144	6a02c72a84e45623f8150e12608dfb3189b6bb903ffd0bce8e31ee897d14ae1f	8273d230f0c4e3e159c0baacf24554f12702204743728eaad7a685eedd2c7bd9
linear-probe-full	A1	normal	control	opc_casefold_source_exact_lookup	256	2350	2370	2410	2349.6666666666674	30	0	0	144	0	0	0	144	d8a61329d8e8909a043f56d9e6bf821fc208c82f8791c5810ed632a30b3ce637	8273d230f0c4e3e159c0baacf24554f12702204743728eaad7a685eedd2c7bd9
linear-probe-full	A1	normal	control	opc_casefold_source_case_alias_lookup	256	41930	44371	47520	42202.866666666676	30	0	0	144	0	0	0	144	a0f21335f2147ff2ce7cfaaa7db68a7c62e95ec23d8ba9df8b74864e20b45833	8273d230f0c4e3e159c0baacf24554f12702204743728eaad7a685eedd2c7bd9
linear-probe-full	A1	normal	control	opc_casefold_source_genuine_miss_lookup	256	18565	18630	18630	18567.833333333332	30	0	0	144	0	0	0	144	fea761da167dbe4473f53f4886ea4a2da108776c8ba4b73d3f9332cc61824582	8273d230f0c4e3e159c0baacf24554f12702204743728eaad7a685eedd2c7bd9
linear-probe-full	A1	normal	control	opc_casefold_eager_open	2047	3456815	3484555	3486185	3458258.133333334	30	-	-	-	-	-	-	0	f96278805e54bdf67f62efc0d9b09782988ca60007c602153f2b0498c217016f	8273d230f0c4e3e159c0baacf24554f12702204743728eaad7a685eedd2c7bd9
linear-probe-full	A1	normal	control	opc_casefold_source_open	2047	2449241	2477760	2479301	2450517.6	30	11	150192	4	0	0	1	0	f96278805e54bdf67f62efc0d9b09782988ca60007c602153f2b0498c217016f	8273d230f0c4e3e159c0baacf24554f12702204743728eaad7a685eedd2c7bd9
linear-probe-full	A1	normal	control	opc_casefold_eager_lookup	2047	185550	191541	192681	186609.8	30	-	-	-	-	-	-	144	3cd131d27cdec2640f017ff7998ef2fc7eb6462832039f401686f3ab021355ea	8273d230f0c4e3e159c0baacf24554f12702204743728eaad7a685eedd2c7bd9
linear-probe-full	A1	normal	control	opc_casefold_source_lookup	2047	150876	156030	157360	150093.0	30	0	0	144	0	0	0	144	3cd131d27cdec2640f017ff7998ef2fc7eb6462832039f401686f3ab021355ea	8273d230f0c4e3e159c0baacf24554f12702204743728eaad7a685eedd2c7bd9
linear-probe-full	A1	normal	control	opc_casefold_source_exact_lookup	2047	2360	2390	2400	2363.333333333333	30	0	0	144	0	0	0	144	5ff83b42956e53036f19926d023a5e98f59889ec64e51dd618b6100753c9367e	8273d230f0c4e3e159c0baacf24554f12702204743728eaad7a685eedd2c7bd9
linear-probe-full	A1	normal	control	opc_casefold_source_case_alias_lookup	2047	305121	312132	314241	306669.30000000005	30	0	0	144	0	0	0	144	3336a08cd318f74e98515959a34dce128aefc6b9fa3546151fbf627572c025d9	8273d230f0c4e3e159c0baacf24554f12702204743728eaad7a685eedd2c7bd9
linear-probe-full	A1	normal	control	opc_casefold_source_genuine_miss_lookup	2047	145371	150391	151041	127017.56666666667	30	0	0	144	0	0	0	144	fea761da167dbe4473f53f4886ea4a2da108776c8ba4b73d3f9332cc61824582	8273d230f0c4e3e159c0baacf24554f12702204743728eaad7a685eedd2c7bd9
linear-probe-full	A1	normal	control	opc_casefold_eager_open	2048	3486090	3518655	3539215	3488239.966666667	30	-	-	-	-	-	-	0	3449d32aa6d80e9cc12fbb1da1e6f5855177af1524250efda687b1ee99391298	8273d230f0c4e3e159c0baacf24554f12702204743728eaad7a685eedd2c7bd9
linear-probe-full	A1	normal	control	opc_casefold_source_open	2048	2510211	2534961	2537541	2511447.833333333	30	11	150265	4	0	0	1	0	3449d32aa6d80e9cc12fbb1da1e6f5855177af1524250efda687b1ee99391298	8273d230f0c4e3e159c0baacf24554f12702204743728eaad7a685eedd2c7bd9
linear-probe-full	A1	normal	control	opc_casefold_eager_lookup	2048	151590	157041	159021	152490.30000000002	30	-	-	-	-	-	-	144	3d124a528436b1e924dcbbd7d23040d5c258e0acf8e278113c17e447f017936a	8273d230f0c4e3e159c0baacf24554f12702204743728eaad7a685eedd2c7bd9
linear-probe-full	A1	normal	control	opc_casefold_source_lookup	2048	36675	36840	36871	36674.83333333333	30	0	0	144	0	0	0	144	3d124a528436b1e924dcbbd7d23040d5c258e0acf8e278113c17e447f017936a	8273d230f0c4e3e159c0baacf24554f12702204743728eaad7a685eedd2c7bd9
linear-probe-full	A1	normal	control	opc_casefold_source_exact_lookup	2048	2350	2370	2380	2350.0	30	0	0	144	0	0	0	144	fa9dd41f44885e503e7a9fdbc03e97aa3b515723fe578b0e9bcaf114238990c9	8273d230f0c4e3e159c0baacf24554f12702204743728eaad7a685eedd2c7bd9
linear-probe-full	A1	normal	control	opc_casefold_source_case_alias_lookup	2048	68415	71181	73101	68650.73333333332	30	0	0	144	0	0	0	144	ab0ffe95ce1e4c74f73dd7b9ea910991299588ee79917e99efe6c0a8e26262b4	8273d230f0c4e3e159c0baacf24554f12702204743728eaad7a685eedd2c7bd9
linear-probe-full	A1	normal	control	opc_casefold_source_genuine_miss_lookup	2048	38260	38330	46690	38540.066666666666	30	0	0	144	0	0	0	144	fea761da167dbe4473f53f4886ea4a2da108776c8ba4b73d3f9332cc61824582	8273d230f0c4e3e159c0baacf24554f12702204743728eaad7a685eedd2c7bd9
linear-probe-full	A1	normal	control	opc_casefold_eager_open	16384	31895022	33141612	33434783	31943201.866666667	30	-	-	-	-	-	-	0	86fd877006855b5dd7ee889c0f6ec00c20645ec243d628ae77080d7a416e8cdd	8273d230f0c4e3e159c0baacf24554f12702204743728eaad7a685eedd2c7bd9
linear-probe-full	A1	normal	control	opc_casefold_source_open	16384	23973947	24539725	24550056	23947060.200000003	30	27	1196793	4	0	0	1	0	86fd877006855b5dd7ee889c0f6ec00c20645ec243d628ae77080d7a416e8cdd	8273d230f0c4e3e159c0baacf24554f12702204743728eaad7a685eedd2c7bd9
linear-probe-full	A1	normal	control	opc_casefold_eager_lookup	16384	2534461	2553891	2563371	2535885.1999999997	30	-	-	-	-	-	-	144	d9b4239f722a2b243ab4f2e0d1208b8a145aa22b02e615adc2819c5cedb843fb	8273d230f0c4e3e159c0baacf24554f12702204743728eaad7a685eedd2c7bd9
linear-probe-full	A1	normal	control	opc_casefold_source_lookup	16384	47470	49851	53040	47729.833333333336	30	0	0	144	0	0	0	144	d9b4239f722a2b243ab4f2e0d1208b8a145aa22b02e615adc2819c5cedb843fb	8273d230f0c4e3e159c0baacf24554f12702204743728eaad7a685eedd2c7bd9
linear-probe-full	A1	normal	control	opc_casefold_source_exact_lookup	16384	2360	2390	2400	2358.0333333333333	30	0	0	144	0	0	0	144	58ee4d69d4dd8ed44c627b65ffe31ac45a9c0a0f9c0c7d05478298cdb0a00b31	8273d230f0c4e3e159c0baacf24554f12702204743728eaad7a685eedd2c7bd9
linear-probe-full	A1	normal	control	opc_casefold_source_case_alias_lookup	16384	87175	92630	93661	88146.7	30	0	0	144	0	0	0	144	f197c1243908b5970c2045ae96d6312d27c2109a08ca4a3752ed36b2ae1a8fce	8273d230f0c4e3e159c0baacf24554f12702204743728eaad7a685eedd2c7bd9
linear-probe-full	A1	normal	control	opc_casefold_source_genuine_miss_lookup	16384	47590	47740	52720	47622.833333333336	30	0	0	144	0	0	0	144	fea761da167dbe4473f53f4886ea4a2da108776c8ba4b73d3f9332cc61824582	8273d230f0c4e3e159c0baacf24554f12702204743728eaad7a685eedd2c7bd9
linear-probe-full	A2	normal	control	opc_casefold_eager_open	256	433727	443032	446032	434036.2666666667	30	-	-	-	-	-	-	0	68bfa39a97c9d837c91a8667892bd3c0230d295c5327a84f7520b8ab02cd08b9	45b0eb4ae63d084fb5f873be48e561f7cf7e8994c3bc5424f7a38dc91aca5638
linear-probe-full	A2	normal	control	opc_casefold_source_open	256	306431	313742	313971	307865.0333333333	30	9	19449	4	0	0	1	0	68bfa39a97c9d837c91a8667892bd3c0230d295c5327a84f7520b8ab02cd08b9	45b0eb4ae63d084fb5f873be48e561f7cf7e8994c3bc5424f7a38dc91aca5638
linear-probe-full	A2	normal	control	opc_casefold_eager_lookup	256	28080	28200	28910	28110.800000000003	30	-	-	-	-	-	-	144	6a02c72a84e45623f8150e12608dfb3189b6bb903ffd0bce8e31ee897d14ae1f	45b0eb4ae63d084fb5f873be48e561f7cf7e8994c3bc5424f7a38dc91aca5638
linear-probe-full	A2	normal	control	opc_casefold_source_lookup	256	21365	22751	28340	21696.800000000003	30	0	0	144	0	0	0	144	6a02c72a84e45623f8150e12608dfb3189b6bb903ffd0bce8e31ee897d14ae1f	45b0eb4ae63d084fb5f873be48e561f7cf7e8994c3bc5424f7a38dc91aca5638
linear-probe-full	A2	normal	control	opc_casefold_source_exact_lookup	256	2285	2310	2320	2286.666666666667	30	0	0	144	0	0	0	144	d8a61329d8e8909a043f56d9e6bf821fc208c82f8791c5810ed632a30b3ce637	45b0eb4ae63d084fb5f873be48e561f7cf7e8994c3bc5424f7a38dc91aca5638
linear-probe-full	A2	normal	control	opc_casefold_source_case_alias_lookup	256	41740	47151	49281	42713.533333333326	30	0	0	144	0	0	0	144	a0f21335f2147ff2ce7cfaaa7db68a7c62e95ec23d8ba9df8b74864e20b45833	45b0eb4ae63d084fb5f873be48e561f7cf7e8994c3bc5424f7a38dc91aca5638
linear-probe-full	A2	normal	control	opc_casefold_source_genuine_miss_lookup	256	18095	18140	18150	18075.03333333333	30	0	0	144	0	0	0	144	fea761da167dbe4473f53f4886ea4a2da108776c8ba4b73d3f9332cc61824582	45b0eb4ae63d084fb5f873be48e561f7cf7e8994c3bc5424f7a38dc91aca5638
linear-probe-full	A2	normal	control	opc_casefold_eager_open	2047	3482446	3532805	3537616	3488671.3999999994	30	-	-	-	-	-	-	0	f96278805e54bdf67f62efc0d9b09782988ca60007c602153f2b0498c217016f	45b0eb4ae63d084fb5f873be48e561f7cf7e8994c3bc5424f7a38dc91aca5638
linear-probe-full	A2	normal	control	opc_casefold_source_open	2047	2463981	2498621	2502361	2457557.833333333	30	11	150192	4	0	0	1	0	f96278805e54bdf67f62efc0d9b09782988ca60007c602153f2b0498c217016f	45b0eb4ae63d084fb5f873be48e561f7cf7e8994c3bc5424f7a38dc91aca5638
linear-probe-full	A2	normal	control	opc_casefold_eager_lookup	2047	226741	234072	237551	228380.36666666664	30	-	-	-	-	-	-	144	3cd131d27cdec2640f017ff7998ef2fc7eb6462832039f401686f3ab021355ea	45b0eb4ae63d084fb5f873be48e561f7cf7e8994c3bc5424f7a38dc91aca5638
linear-probe-full	A2	normal	control	opc_casefold_source_lookup	2047	150891	168061	170460	152259.00000000003	30	0	0	144	0	0	0	144	3cd131d27cdec2640f017ff7998ef2fc7eb6462832039f401686f3ab021355ea	45b0eb4ae63d084fb5f873be48e561f7cf7e8994c3bc5424f7a38dc91aca5638
linear-probe-full	A2	normal	control	opc_casefold_source_exact_lookup	2047	2300	2320	2340	2298.9999999999995	30	0	0	144	0	0	0	144	5ff83b42956e53036f19926d023a5e98f59889ec64e51dd618b6100753c9367e	45b0eb4ae63d084fb5f873be48e561f7cf7e8994c3bc5424f7a38dc91aca5638
linear-probe-full	A2	normal	control	opc_casefold_source_case_alias_lookup	2047	302906	310822	327081	305175.9999999998	30	0	0	144	0	0	0	144	3336a08cd318f74e98515959a34dce128aefc6b9fa3546151fbf627572c025d9	45b0eb4ae63d084fb5f873be48e561f7cf7e8994c3bc5424f7a38dc91aca5638
linear-probe-full	A2	normal	control	opc_casefold_source_genuine_miss_lookup	2047	126250	129090	132761	121860.86666666668	30	0	0	144	0	0	0	144	fea761da167dbe4473f53f4886ea4a2da108776c8ba4b73d3f9332cc61824582	45b0eb4ae63d084fb5f873be48e561f7cf7e8994c3bc5424f7a38dc91aca5638
linear-probe-full	A2	normal	control	opc_casefold_eager_open	2048	3456185	3501736	3503606	3458561.333333333	30	-	-	-	-	-	-	0	3449d32aa6d80e9cc12fbb1da1e6f5855177af1524250efda687b1ee99391298	45b0eb4ae63d084fb5f873be48e561f7cf7e8994c3bc5424f7a38dc91aca5638
linear-probe-full	A2	normal	control	opc_casefold_source_open	2048	2501416	2515321	2529961	2500398.2666666666	30	11	150265	4	0	0	1	0	3449d32aa6d80e9cc12fbb1da1e6f5855177af1524250efda687b1ee99391298	45b0eb4ae63d084fb5f873be48e561f7cf7e8994c3bc5424f7a38dc91aca5638
linear-probe-full	A2	normal	control	opc_casefold_eager_lookup	2048	254581	260731	261841	255917.1666666667	30	-	-	-	-	-	-	144	3d124a528436b1e924dcbbd7d23040d5c258e0acf8e278113c17e447f017936a	45b0eb4ae63d084fb5f873be48e561f7cf7e8994c3bc5424f7a38dc91aca5638
linear-probe-full	A2	normal	control	opc_casefold_source_lookup	2048	37220	42070	43451	37663.833333333336	30	0	0	144	0	0	0	144	3d124a528436b1e924dcbbd7d23040d5c258e0acf8e278113c17e447f017936a	45b0eb4ae63d084fb5f873be48e561f7cf7e8994c3bc5424f7a38dc91aca5638
linear-probe-full	A2	normal	control	opc_casefold_source_exact_lookup	2048	2295	2320	2330	2296.0000000000005	30	0	0	144	0	0	0	144	fa9dd41f44885e503e7a9fdbc03e97aa3b515723fe578b0e9bcaf114238990c9	45b0eb4ae63d084fb5f873be48e561f7cf7e8994c3bc5424f7a38dc91aca5638
linear-probe-full	A2	normal	control	opc_casefold_source_case_alias_lookup	2048	69560	75390	75610	70296.63333333332	30	0	0	144	0	0	0	144	ab0ffe95ce1e4c74f73dd7b9ea910991299588ee79917e99efe6c0a8e26262b4	45b0eb4ae63d084fb5f873be48e561f7cf7e8994c3bc5424f7a38dc91aca5638
linear-probe-full	A2	normal	control	opc_casefold_source_genuine_miss_lookup	2048	38305	40770	43810	38571.833333333336	30	0	0	144	0	0	0	144	fea761da167dbe4473f53f4886ea4a2da108776c8ba4b73d3f9332cc61824582	45b0eb4ae63d084fb5f873be48e561f7cf7e8994c3bc5424f7a38dc91aca5638
linear-probe-full	A2	normal	control	opc_casefold_eager_open	16384	31950859	32566267	32693918	31976019.866666663	30	-	-	-	-	-	-	0	86fd877006855b5dd7ee889c0f6ec00c20645ec243d628ae77080d7a416e8cdd	45b0eb4ae63d084fb5f873be48e561f7cf7e8994c3bc5424f7a38dc91aca5638
linear-probe-full	A2	normal	control	opc_casefold_source_open	16384	23952993	24449510	24649521	23890867.000000004	30	27	1196793	4	0	0	1	0	86fd877006855b5dd7ee889c0f6ec00c20645ec243d628ae77080d7a416e8cdd	45b0eb4ae63d084fb5f873be48e561f7cf7e8994c3bc5424f7a38dc91aca5638
linear-probe-full	A2	normal	control	opc_casefold_eager_lookup	16384	2285605	2299030	2355621	2287486.6666666674	30	-	-	-	-	-	-	144	d9b4239f722a2b243ab4f2e0d1208b8a145aa22b02e615adc2819c5cedb843fb	45b0eb4ae63d084fb5f873be48e561f7cf7e8994c3bc5424f7a38dc91aca5638
linear-probe-full	A2	normal	control	opc_casefold_source_lookup	16384	48240	54251	54710	48685.23333333333	30	0	0	144	0	0	0	144	d9b4239f722a2b243ab4f2e0d1208b8a145aa22b02e615adc2819c5cedb843fb	45b0eb4ae63d084fb5f873be48e561f7cf7e8994c3bc5424f7a38dc91aca5638
linear-probe-full	A2	normal	control	opc_casefold_source_exact_lookup	16384	2300	2340	2390	2303.000000000001	30	0	0	144	0	0	0	144	58ee4d69d4dd8ed44c627b65ffe31ac45a9c0a0f9c0c7d05478298cdb0a00b31	45b0eb4ae63d084fb5f873be48e561f7cf7e8994c3bc5424f7a38dc91aca5638
linear-probe-full	A2	normal	control	opc_casefold_source_case_alias_lookup	16384	85750	91760	92021	86342.03333333333	30	0	0	144	0	0	0	144	f197c1243908b5970c2045ae96d6312d27c2109a08ca4a3752ed36b2ae1a8fce	45b0eb4ae63d084fb5f873be48e561f7cf7e8994c3bc5424f7a38dc91aca5638
linear-probe-full	A2	normal	control	opc_casefold_source_genuine_miss_lookup	16384	46845	46980	51510	47000.899999999994	30	0	0	144	0	0	0	144	fea761da167dbe4473f53f4886ea4a2da108776c8ba4b73d3f9332cc61824582	45b0eb4ae63d084fb5f873be48e561f7cf7e8994c3bc5424f7a38dc91aca5638
linear-probe-full	B1	normal	candidate	opc_casefold_eager_open	256	423091	435762	439772	425197.1666666665	30	-	-	-	-	-	-	0	68bfa39a97c9d837c91a8667892bd3c0230d295c5327a84f7520b8ab02cd08b9	f539a1ee64892b8e228679ce28e82a2b23f385fcf6378399c6dacc150bab459e
linear-probe-full	B1	normal	candidate	opc_casefold_source_open	256	308057	319662	319922	310197.46666666673	30	9	19449	4	0	0	1	0	68bfa39a97c9d837c91a8667892bd3c0230d295c5327a84f7520b8ab02cd08b9	f539a1ee64892b8e228679ce28e82a2b23f385fcf6378399c6dacc150bab459e
linear-probe-full	B1	normal	candidate	opc_casefold_eager_lookup	256	33310	33390	38580	33480.83333333334	30	-	-	-	-	-	-	144	6a02c72a84e45623f8150e12608dfb3189b6bb903ffd0bce8e31ee897d14ae1f	f539a1ee64892b8e228679ce28e82a2b23f385fcf6378399c6dacc150bab459e
linear-probe-full	B1	normal	candidate	opc_casefold_source_lookup	256	21125	23590	27180	21512.43333333334	30	0	0	144	0	0	0	144	6a02c72a84e45623f8150e12608dfb3189b6bb903ffd0bce8e31ee897d14ae1f	f539a1ee64892b8e228679ce28e82a2b23f385fcf6378399c6dacc150bab459e
linear-probe-full	B1	normal	candidate	opc_casefold_source_exact_lookup	256	2330	2360	2360	2335.0000000000005	30	0	0	144	0	0	0	144	d8a61329d8e8909a043f56d9e6bf821fc208c82f8791c5810ed632a30b3ce637	f539a1ee64892b8e228679ce28e82a2b23f385fcf6378399c6dacc150bab459e
linear-probe-full	B1	normal	candidate	opc_casefold_source_case_alias_lookup	256	42485	42740	49270	42718.799999999996	30	0	0	144	0	0	0	144	a0f21335f2147ff2ce7cfaaa7db68a7c62e95ec23d8ba9df8b74864e20b45833	f539a1ee64892b8e228679ce28e82a2b23f385fcf6378399c6dacc150bab459e
linear-probe-full	B1	normal	candidate	opc_casefold_source_genuine_miss_lookup	256	18115	18290	18300	18048.03333333333	30	0	0	144	0	0	0	144	fea761da167dbe4473f53f4886ea4a2da108776c8ba4b73d3f9332cc61824582	f539a1ee64892b8e228679ce28e82a2b23f385fcf6378399c6dacc150bab459e
linear-probe-full	B1	normal	candidate	opc_casefold_eager_open	2047	3410264	3443064	3448725	3412651.1999999993	30	-	-	-	-	-	-	0	f96278805e54bdf67f62efc0d9b09782988ca60007c602153f2b0498c217016f	f539a1ee64892b8e228679ce28e82a2b23f385fcf6378399c6dacc150bab459e
linear-probe-full	B1	normal	candidate	opc_casefold_source_open	2047	2481455	2503651	2528501	2481476.266666666	30	11	150192	4	0	0	1	0	f96278805e54bdf67f62efc0d9b09782988ca60007c602153f2b0498c217016f	f539a1ee64892b8e228679ce28e82a2b23f385fcf6378399c6dacc150bab459e
linear-probe-full	B1	normal	candidate	opc_casefold_eager_lookup	2047	299416	306971	316511	301651.96666666673	30	-	-	-	-	-	-	144	3cd131d27cdec2640f017ff7998ef2fc7eb6462832039f401686f3ab021355ea	f539a1ee64892b8e228679ce28e82a2b23f385fcf6378399c6dacc150bab459e
linear-probe-full	B1	normal	candidate	opc_casefold_source_lookup	2047	151690	160000	160671	152349.33333333334	30	0	0	144	0	0	0	144	3cd131d27cdec2640f017ff7998ef2fc7eb6462832039f401686f3ab021355ea	f539a1ee64892b8e228679ce28e82a2b23f385fcf6378399c6dacc150bab459e
linear-probe-full	B1	normal	candidate	opc_casefold_source_exact_lookup	2047	2340	2360	2380	2342.0333333333338	30	0	0	144	0	0	0	144	5ff83b42956e53036f19926d023a5e98f59889ec64e51dd618b6100753c9367e	f539a1ee64892b8e228679ce28e82a2b23f385fcf6378399c6dacc150bab459e
linear-probe-full	B1	normal	candidate	opc_casefold_source_case_alias_lookup	2047	306346	315312	341801	308830.93333333335	30	0	0	144	0	0	0	144	3336a08cd318f74e98515959a34dce128aefc6b9fa3546151fbf627572c025d9	f539a1ee64892b8e228679ce28e82a2b23f385fcf6378399c6dacc150bab459e
linear-probe-full	B1	normal	candidate	opc_casefold_source_genuine_miss_lookup	2047	144440	147451	150571	136395.46666666665	30	0	0	144	0	0	0	144	fea761da167dbe4473f53f4886ea4a2da108776c8ba4b73d3f9332cc61824582	f539a1ee64892b8e228679ce28e82a2b23f385fcf6378399c6dacc150bab459e
linear-probe-full	B1	normal	candidate	opc_casefold_eager_open	2048	3430719	3447914	3450554	3431681.7333333334	30	-	-	-	-	-	-	0	3449d32aa6d80e9cc12fbb1da1e6f5855177af1524250efda687b1ee99391298	f539a1ee64892b8e228679ce28e82a2b23f385fcf6378399c6dacc150bab459e
linear-probe-full	B1	normal	candidate	opc_casefold_source_open	2048	2520971	2536810	2538001	2518627.133333333	30	11	150265	4	0	0	1	0	3449d32aa6d80e9cc12fbb1da1e6f5855177af1524250efda687b1ee99391298	f539a1ee64892b8e228679ce28e82a2b23f385fcf6378399c6dacc150bab459e
linear-probe-full	B1	normal	candidate	opc_casefold_eager_lookup	2048	200716	208331	209641	202106.2	30	-	-	-	-	-	-	144	3d124a528436b1e924dcbbd7d23040d5c258e0acf8e278113c17e447f017936a	f539a1ee64892b8e228679ce28e82a2b23f385fcf6378399c6dacc150bab459e
linear-probe-full	B1	normal	candidate	opc_casefold_source_lookup	2048	36790	37030	44491	37045.23333333333	30	0	0	144	0	0	0	144	3d124a528436b1e924dcbbd7d23040d5c258e0acf8e278113c17e447f017936a	f539a1ee64892b8e228679ce28e82a2b23f385fcf6378399c6dacc150bab459e
linear-probe-full	B1	normal	candidate	opc_casefold_source_exact_lookup	2048	2520	2560	2570	2525.7000000000003	30	0	0	144	0	0	0	144	fa9dd41f44885e503e7a9fdbc03e97aa3b515723fe578b0e9bcaf114238990c9	f539a1ee64892b8e228679ce28e82a2b23f385fcf6378399c6dacc150bab459e
linear-probe-full	B1	normal	candidate	opc_casefold_source_case_alias_lookup	2048	64705	70281	77190	65323.23333333334	30	0	0	144	0	0	0	144	ab0ffe95ce1e4c74f73dd7b9ea910991299588ee79917e99efe6c0a8e26262b4	f539a1ee64892b8e228679ce28e82a2b23f385fcf6378399c6dacc150bab459e
linear-probe-full	B1	normal	candidate	opc_casefold_source_genuine_miss_lookup	2048	37921	44020	46011	38466.23333333334	30	0	0	144	0	0	0	144	fea761da167dbe4473f53f4886ea4a2da108776c8ba4b73d3f9332cc61824582	f539a1ee64892b8e228679ce28e82a2b23f385fcf6378399c6dacc150bab459e
linear-probe-full	B1	normal	candidate	opc_casefold_eager_open	16384	31874502	33016642	33384104	32072650.499999996	30	-	-	-	-	-	-	0	86fd877006855b5dd7ee889c0f6ec00c20645ec243d628ae77080d7a416e8cdd	f539a1ee64892b8e228679ce28e82a2b23f385fcf6378399c6dacc150bab459e
linear-probe-full	B1	normal	candidate	opc_casefold_source_open	16384	23525423	24057163	24125094	23443084.999999996	30	27	1196793	4	0	0	1	0	86fd877006855b5dd7ee889c0f6ec00c20645ec243d628ae77080d7a416e8cdd	f539a1ee64892b8e228679ce28e82a2b23f385fcf6378399c6dacc150bab459e
linear-probe-full	B1	normal	candidate	opc_casefold_eager_lookup	16384	2672937	2682972	2698373	2673979.9666666663	30	-	-	-	-	-	-	144	d9b4239f722a2b243ab4f2e0d1208b8a145aa22b02e615adc2819c5cedb843fb	f539a1ee64892b8e228679ce28e82a2b23f385fcf6378399c6dacc150bab459e
linear-probe-full	B1	normal	candidate	opc_casefold_source_lookup	16384	44740	44991	51301	44973.2	30	0	0	144	0	0	0	144	d9b4239f722a2b243ab4f2e0d1208b8a145aa22b02e615adc2819c5cedb843fb	f539a1ee64892b8e228679ce28e82a2b23f385fcf6378399c6dacc150bab459e
linear-probe-full	B1	normal	candidate	opc_casefold_source_exact_lookup	16384	2520	2550	2560	2523.3333333333326	30	0	0	144	0	0	0	144	58ee4d69d4dd8ed44c627b65ffe31ac45a9c0a0f9c0c7d05478298cdb0a00b31	f539a1ee64892b8e228679ce28e82a2b23f385fcf6378399c6dacc150bab459e
linear-probe-full	B1	normal	candidate	opc_casefold_source_case_alias_lookup	16384	82920	88980	89710	83430.03333333333	30	0	0	144	0	0	0	144	f197c1243908b5970c2045ae96d6312d27c2109a08ca4a3752ed36b2ae1a8fce	f539a1ee64892b8e228679ce28e82a2b23f385fcf6378399c6dacc150bab459e
linear-probe-full	B1	normal	candidate	opc_casefold_source_genuine_miss_lookup	16384	47300	52670	52820	47756.56666666666	30	0	0	144	0	0	0	144	fea761da167dbe4473f53f4886ea4a2da108776c8ba4b73d3f9332cc61824582	f539a1ee64892b8e228679ce28e82a2b23f385fcf6378399c6dacc150bab459e
linear-probe-full	B2	normal	candidate	opc_casefold_eager_open	256	421962	433782	442342	423640.9	30	-	-	-	-	-	-	0	68bfa39a97c9d837c91a8667892bd3c0230d295c5327a84f7520b8ab02cd08b9	c657834ad09fbfa7811743fdb43ce8400b0866d32aa7d96b2ca8e4edf946e3d1
linear-probe-full	B2	normal	candidate	opc_casefold_source_open	256	297451	305632	308371	298906.8999999999	30	9	19449	4	0	0	1	0	68bfa39a97c9d837c91a8667892bd3c0230d295c5327a84f7520b8ab02cd08b9	c657834ad09fbfa7811743fdb43ce8400b0866d32aa7d96b2ca8e4edf946e3d1
linear-probe-full	B2	normal	candidate	opc_casefold_eager_lookup	256	25400	26310	32370	25729.133333333328	30	-	-	-	-	-	-	144	6a02c72a84e45623f8150e12608dfb3189b6bb903ffd0bce8e31ee897d14ae1f	c657834ad09fbfa7811743fdb43ce8400b0866d32aa7d96b2ca8e4edf946e3d1
linear-probe-full	B2	normal	candidate	opc_casefold_source_lookup	256	21470	22530	28140	21856.76666666667	30	0	0	144	0	0	0	144	6a02c72a84e45623f8150e12608dfb3189b6bb903ffd0bce8e31ee897d14ae1f	c657834ad09fbfa7811743fdb43ce8400b0866d32aa7d96b2ca8e4edf946e3d1
linear-probe-full	B2	normal	candidate	opc_casefold_source_exact_lookup	256	2390	2420	2420	2393.6666666666665	30	0	0	144	0	0	0	144	d8a61329d8e8909a043f56d9e6bf821fc208c82f8791c5810ed632a30b3ce637	c657834ad09fbfa7811743fdb43ce8400b0866d32aa7d96b2ca8e4edf946e3d1
linear-probe-full	B2	normal	candidate	opc_casefold_source_case_alias_lookup	256	42470	49140	49900	43184.53333333335	30	0	0	144	0	0	0	144	a0f21335f2147ff2ce7cfaaa7db68a7c62e95ec23d8ba9df8b74864e20b45833	c657834ad09fbfa7811743fdb43ce8400b0866d32aa7d96b2ca8e4edf946e3d1
linear-probe-full	B2	normal	candidate	opc_casefold_source_genuine_miss_lookup	256	19455	22930	24630	19570.433333333334	30	0	0	144	0	0	0	144	fea761da167dbe4473f53f4886ea4a2da108776c8ba4b73d3f9332cc61824582	c657834ad09fbfa7811743fdb43ce8400b0866d32aa7d96b2ca8e4edf946e3d1
linear-probe-full	B2	normal	candidate	opc_casefold_eager_open	2047	3386900	3415846	3422866	3390347.6	30	-	-	-	-	-	-	0	f96278805e54bdf67f62efc0d9b09782988ca60007c602153f2b0498c217016f	c657834ad09fbfa7811743fdb43ce8400b0866d32aa7d96b2ca8e4edf946e3d1
linear-probe-full	B2	normal	candidate	opc_casefold_source_open	2047	2410646	2429831	2432501	2412399.6333333333	30	11	150192	4	0	0	1	0	f96278805e54bdf67f62efc0d9b09782988ca60007c602153f2b0498c217016f	c657834ad09fbfa7811743fdb43ce8400b0866d32aa7d96b2ca8e4edf946e3d1
linear-probe-full	B2	normal	candidate	opc_casefold_eager_lookup	2047	230006	237641	237801	231376.4	30	-	-	-	-	-	-	144	3cd131d27cdec2640f017ff7998ef2fc7eb6462832039f401686f3ab021355ea	c657834ad09fbfa7811743fdb43ce8400b0866d32aa7d96b2ca8e4edf946e3d1
linear-probe-full	B2	normal	candidate	opc_casefold_source_lookup	2047	148901	158451	161021	146678.00000000003	30	0	0	144	0	0	0	144	3cd131d27cdec2640f017ff7998ef2fc7eb6462832039f401686f3ab021355ea	c657834ad09fbfa7811743fdb43ce8400b0866d32aa7d96b2ca8e4edf946e3d1
linear-probe-full	B2	normal	candidate	opc_casefold_source_exact_lookup	2047	2380	2410	2440	2385.0000000000005	30	0	0	144	0	0	0	144	5ff83b42956e53036f19926d023a5e98f59889ec64e51dd618b6100753c9367e	c657834ad09fbfa7811743fdb43ce8400b0866d32aa7d96b2ca8e4edf946e3d1
linear-probe-full	B2	normal	candidate	opc_casefold_source_case_alias_lookup	2047	307986	315541	330611	310201.3666666667	30	0	0	144	0	0	0	144	3336a08cd318f74e98515959a34dce128aefc6b9fa3546151fbf627572c025d9	c657834ad09fbfa7811743fdb43ce8400b0866d32aa7d96b2ca8e4edf946e3d1
linear-probe-full	B2	normal	candidate	opc_casefold_source_genuine_miss_lookup	2047	144310	149260	149531	130160.23333333334	30	0	0	144	0	0	0	144	fea761da167dbe4473f53f4886ea4a2da108776c8ba4b73d3f9332cc61824582	c657834ad09fbfa7811743fdb43ce8400b0866d32aa7d96b2ca8e4edf946e3d1
linear-probe-full	B2	normal	candidate	opc_casefold_eager_open	2048	3411315	3425055	3427356	3409722.5999999996	30	-	-	-	-	-	-	0	3449d32aa6d80e9cc12fbb1da1e6f5855177af1524250efda687b1ee99391298	c657834ad09fbfa7811743fdb43ce8400b0866d32aa7d96b2ca8e4edf946e3d1
linear-probe-full	B2	normal	candidate	opc_casefold_source_open	2048	2434630	2459441	2460691	2436730.1	30	11	150265	4	0	0	1	0	3449d32aa6d80e9cc12fbb1da1e6f5855177af1524250efda687b1ee99391298	c657834ad09fbfa7811743fdb43ce8400b0866d32aa7d96b2ca8e4edf946e3d1
linear-probe-full	B2	normal	candidate	opc_casefold_eager_lookup	2048	142705	149891	149921	143537.2666666667	30	-	-	-	-	-	-	144	3d124a528436b1e924dcbbd7d23040d5c258e0acf8e278113c17e447f017936a	c657834ad09fbfa7811743fdb43ce8400b0866d32aa7d96b2ca8e4edf946e3d1
linear-probe-full	B2	normal	candidate	opc_casefold_source_lookup	2048	36780	37000	37040	36786.866666666676	30	0	0	144	0	0	0	144	3d124a528436b1e924dcbbd7d23040d5c258e0acf8e278113c17e447f017936a	c657834ad09fbfa7811743fdb43ce8400b0866d32aa7d96b2ca8e4edf946e3d1
linear-probe-full	B2	normal	candidate	opc_casefold_source_exact_lookup	2048	3050	3080	3080	3051.6666666666665	30	0	0	144	0	0	0	144	fa9dd41f44885e503e7a9fdbc03e97aa3b515723fe578b0e9bcaf114238990c9	c657834ad09fbfa7811743fdb43ce8400b0866d32aa7d96b2ca8e4edf946e3d1
linear-probe-full	B2	normal	candidate	opc_casefold_source_case_alias_lookup	2048	65100	71050	71660	65501.899999999994	30	0	0	144	0	0	0	144	ab0ffe95ce1e4c74f73dd7b9ea910991299588ee79917e99efe6c0a8e26262b4	c657834ad09fbfa7811743fdb43ce8400b0866d32aa7d96b2ca8e4edf946e3d1
linear-probe-full	B2	normal	candidate	opc_casefold_source_genuine_miss_lookup	2048	39110	43750	45571	39314.200000000004	30	0	0	144	0	0	0	144	fea761da167dbe4473f53f4886ea4a2da108776c8ba4b73d3f9332cc61824582	c657834ad09fbfa7811743fdb43ce8400b0866d32aa7d96b2ca8e4edf946e3d1
linear-probe-full	B2	normal	candidate	opc_casefold_eager_open	16384	31859082	32524965	32651166	31856877.8	30	-	-	-	-	-	-	0	86fd877006855b5dd7ee889c0f6ec00c20645ec243d628ae77080d7a416e8cdd	c657834ad09fbfa7811743fdb43ce8400b0866d32aa7d96b2ca8e4edf946e3d1
linear-probe-full	B2	normal	candidate	opc_casefold_source_open	16384	22938597	23314065	24530230	22959526.133333333	30	27	1196793	4	0	0	1	0	86fd877006855b5dd7ee889c0f6ec00c20645ec243d628ae77080d7a416e8cdd	c657834ad09fbfa7811743fdb43ce8400b0866d32aa7d96b2ca8e4edf946e3d1
linear-probe-full	B2	normal	candidate	opc_casefold_eager_lookup	16384	2539476	2548731	2549041	2539591.7	30	-	-	-	-	-	-	144	d9b4239f722a2b243ab4f2e0d1208b8a145aa22b02e615adc2819c5cedb843fb	c657834ad09fbfa7811743fdb43ce8400b0866d32aa7d96b2ca8e4edf946e3d1
linear-probe-full	B2	normal	candidate	opc_casefold_source_lookup	16384	47290	51890	52301	47664.200000000004	30	0	0	144	0	0	0	144	d9b4239f722a2b243ab4f2e0d1208b8a145aa22b02e615adc2819c5cedb843fb	c657834ad09fbfa7811743fdb43ce8400b0866d32aa7d96b2ca8e4edf946e3d1
linear-probe-full	B2	normal	candidate	opc_casefold_source_exact_lookup	16384	2710	2750	2760	2711.333333333333	30	0	0	144	0	0	0	144	58ee4d69d4dd8ed44c627b65ffe31ac45a9c0a0f9c0c7d05478298cdb0a00b31	c657834ad09fbfa7811743fdb43ce8400b0866d32aa7d96b2ca8e4edf946e3d1
linear-probe-full	B2	normal	candidate	opc_casefold_source_case_alias_lookup	16384	84710	91181	93200	85138.4	30	0	0	144	0	0	0	144	f197c1243908b5970c2045ae96d6312d27c2109a08ca4a3752ed36b2ae1a8fce	c657834ad09fbfa7811743fdb43ce8400b0866d32aa7d96b2ca8e4edf946e3d1
linear-probe-full	B2	normal	candidate	opc_casefold_source_genuine_miss_lookup	16384	46815	52280	53050	47190.13333333333	30	0	0	144	0	0	0	144	fea761da167dbe4473f53f4886ea4a2da108776c8ba4b73d3f9332cc61824582	c657834ad09fbfa7811743fdb43ce8400b0866d32aa7d96b2ca8e4edf946e3d1
linear-probe-full	A1	allocator	control	opc_casefold_eager_open	256	587563	593154	595763	586808.7000000002	30	-	-	-	-	-	-	0	68bfa39a97c9d837c91a8667892bd3c0230d295c5327a84f7520b8ab02cd08b9	b137dfeb235e24d7d6ea81d26bd0c2de735e0e3e043e1aee70315405f456c119
linear-probe-full	A1	allocator	control	opc_casefold_source_open	256	411632	413332	413722	411586.73333333334	30	9	19449	4	0	0	1	0	68bfa39a97c9d837c91a8667892bd3c0230d295c5327a84f7520b8ab02cd08b9	b137dfeb235e24d7d6ea81d26bd0c2de735e0e3e043e1aee70315405f456c119
linear-probe-full	A1	allocator	control	opc_casefold_eager_lookup	256	21260	21470	23910	21359.799999999996	30	-	-	-	-	-	-	144	6a02c72a84e45623f8150e12608dfb3189b6bb903ffd0bce8e31ee897d14ae1f	b137dfeb235e24d7d6ea81d26bd0c2de735e0e3e043e1aee70315405f456c119
linear-probe-full	A1	allocator	control	opc_casefold_source_lookup	256	21770	23670	28010	22041.133333333335	30	0	0	144	0	0	0	144	6a02c72a84e45623f8150e12608dfb3189b6bb903ffd0bce8e31ee897d14ae1f	b137dfeb235e24d7d6ea81d26bd0c2de735e0e3e043e1aee70315405f456c119
linear-probe-full	A1	allocator	control	opc_casefold_source_exact_lookup	256	2280	2320	2320	2282.7000000000003	30	0	0	144	0	0	0	144	d8a61329d8e8909a043f56d9e6bf821fc208c82f8791c5810ed632a30b3ce637	b137dfeb235e24d7d6ea81d26bd0c2de735e0e3e043e1aee70315405f456c119
linear-probe-full	A1	allocator	control	opc_casefold_source_case_alias_lookup	256	42450	50270	68181	43997.566666666666	30	0	0	144	0	0	0	144	a0f21335f2147ff2ce7cfaaa7db68a7c62e95ec23d8ba9df8b74864e20b45833	b137dfeb235e24d7d6ea81d26bd0c2de735e0e3e043e1aee70315405f456c119
linear-probe-full	A1	allocator	control	opc_casefold_source_genuine_miss_lookup	256	20005	20300	28370	20307.56666666666	30	0	0	144	0	0	0	144	fea761da167dbe4473f53f4886ea4a2da108776c8ba4b73d3f9332cc61824582	b137dfeb235e24d7d6ea81d26bd0c2de735e0e3e043e1aee70315405f456c119
linear-probe-full	A1	allocator	control	opc_casefold_eager_open	2047	4723963	4775998	4804248	4726546.366666668	30	-	-	-	-	-	-	0	f96278805e54bdf67f62efc0d9b09782988ca60007c602153f2b0498c217016f	b137dfeb235e24d7d6ea81d26bd0c2de735e0e3e043e1aee70315405f456c119
linear-probe-full	A1	allocator	control	opc_casefold_source_open	2047	3337500	3355800	3359344	3337663.733333334	30	11	150192	4	0	0	1	0	f96278805e54bdf67f62efc0d9b09782988ca60007c602153f2b0498c217016f	b137dfeb235e24d7d6ea81d26bd0c2de735e0e3e043e1aee70315405f456c119
linear-probe-full	A1	allocator	control	opc_casefold_eager_lookup	2047	191455	198021	199390	192646.86666666667	30	-	-	-	-	-	-	144	3cd131d27cdec2640f017ff7998ef2fc7eb6462832039f401686f3ab021355ea	b137dfeb235e24d7d6ea81d26bd0c2de735e0e3e043e1aee70315405f456c119
linear-probe-full	A1	allocator	control	opc_casefold_source_lookup	2047	151641	158551	158871	152739.3333333333	30	0	0	144	0	0	0	144	3cd131d27cdec2640f017ff7998ef2fc7eb6462832039f401686f3ab021355ea	b137dfeb235e24d7d6ea81d26bd0c2de735e0e3e043e1aee70315405f456c119
linear-probe-full	A1	allocator	control	opc_casefold_source_exact_lookup	2047	2310	2330	2361	2312.7	30	0	0	144	0	0	0	144	5ff83b42956e53036f19926d023a5e98f59889ec64e51dd618b6100753c9367e	b137dfeb235e24d7d6ea81d26bd0c2de735e0e3e043e1aee70315405f456c119
linear-probe-full	A1	allocator	control	opc_casefold_source_case_alias_lookup	2047	304092	314241	321751	306709.0	30	0	0	144	0	0	0	144	3336a08cd318f74e98515959a34dce128aefc6b9fa3546151fbf627572c025d9	b137dfeb235e24d7d6ea81d26bd0c2de735e0e3e043e1aee70315405f456c119
linear-probe-full	A1	allocator	control	opc_casefold_source_genuine_miss_lookup	2047	131290	148881	159361	121999.53333333333	30	0	0	144	0	0	0	144	fea761da167dbe4473f53f4886ea4a2da108776c8ba4b73d3f9332cc61824582	b137dfeb235e24d7d6ea81d26bd0c2de735e0e3e043e1aee70315405f456c119
linear-probe-full	A1	allocator	control	opc_casefold_eager_open	2048	4725250	4749761	4750221	4725416.600000001	30	-	-	-	-	-	-	0	3449d32aa6d80e9cc12fbb1da1e6f5855177af1524250efda687b1ee99391298	b137dfeb235e24d7d6ea81d26bd0c2de735e0e3e043e1aee70315405f456c119
linear-probe-full	A1	allocator	control	opc_casefold_source_open	2048	3391210	3397625	3399055	3390399.8000000003	30	11	150265	4	0	0	1	0	3449d32aa6d80e9cc12fbb1da1e6f5855177af1524250efda687b1ee99391298	b137dfeb235e24d7d6ea81d26bd0c2de735e0e3e043e1aee70315405f456c119
linear-probe-full	A1	allocator	control	opc_casefold_eager_lookup	2048	213941	219781	221671	214991.26666666666	30	-	-	-	-	-	-	144	3d124a528436b1e924dcbbd7d23040d5c258e0acf8e278113c17e447f017936a	b137dfeb235e24d7d6ea81d26bd0c2de735e0e3e043e1aee70315405f456c119
linear-probe-full	A1	allocator	control	opc_casefold_source_lookup	2048	38295	42970	45140	38756.13333333333	30	0	0	144	0	0	0	144	3d124a528436b1e924dcbbd7d23040d5c258e0acf8e278113c17e447f017936a	b137dfeb235e24d7d6ea81d26bd0c2de735e0e3e043e1aee70315405f456c119
linear-probe-full	A1	allocator	control	opc_casefold_source_exact_lookup	2048	2270	2300	2300	2274.333333333333	30	0	0	144	0	0	0	144	fa9dd41f44885e503e7a9fdbc03e97aa3b515723fe578b0e9bcaf114238990c9	b137dfeb235e24d7d6ea81d26bd0c2de735e0e3e043e1aee70315405f456c119
linear-probe-full	A1	allocator	control	opc_casefold_source_case_alias_lookup	2048	69410	72040	76290	69706.26666666666	30	0	0	144	0	0	0	144	ab0ffe95ce1e4c74f73dd7b9ea910991299588ee79917e99efe6c0a8e26262b4	b137dfeb235e24d7d6ea81d26bd0c2de735e0e3e043e1aee70315405f456c119
linear-probe-full	A1	allocator	control	opc_casefold_source_genuine_miss_lookup	2048	41030	46330	46370	41394.200000000004	30	0	0	144	0	0	0	144	fea761da167dbe4473f53f4886ea4a2da108776c8ba4b73d3f9332cc61824582	b137dfeb235e24d7d6ea81d26bd0c2de735e0e3e043e1aee70315405f456c119
linear-probe-full	A1	allocator	control	opc_casefold_eager_open	16384	42191588	43018717	43370999	42281942.63333334	30	-	-	-	-	-	-	0	86fd877006855b5dd7ee889c0f6ec00c20645ec243d628ae77080d7a416e8cdd	b137dfeb235e24d7d6ea81d26bd0c2de735e0e3e043e1aee70315405f456c119
linear-probe-full	A1	allocator	control	opc_casefold_source_open	16384	31094385	32032249	32184900	31034751.266666662	30	27	1196793	4	0	0	1	0	86fd877006855b5dd7ee889c0f6ec00c20645ec243d628ae77080d7a416e8cdd	b137dfeb235e24d7d6ea81d26bd0c2de735e0e3e043e1aee70315405f456c119
linear-probe-full	A1	allocator	control	opc_casefold_eager_lookup	16384	2051049	2056779	2060039	2051141.2666666668	30	-	-	-	-	-	-	144	d9b4239f722a2b243ab4f2e0d1208b8a145aa22b02e615adc2819c5cedb843fb	b137dfeb235e24d7d6ea81d26bd0c2de735e0e3e043e1aee70315405f456c119
linear-probe-full	A1	allocator	control	opc_casefold_source_lookup	16384	48595	53410	54131	49022.899999999994	30	0	0	144	0	0	0	144	d9b4239f722a2b243ab4f2e0d1208b8a145aa22b02e615adc2819c5cedb843fb	b137dfeb235e24d7d6ea81d26bd0c2de735e0e3e043e1aee70315405f456c119
linear-probe-full	A1	allocator	control	opc_casefold_source_exact_lookup	16384	2300	2340	2350	2302.3666666666672	30	0	0	144	0	0	0	144	58ee4d69d4dd8ed44c627b65ffe31ac45a9c0a0f9c0c7d05478298cdb0a00b31	b137dfeb235e24d7d6ea81d26bd0c2de735e0e3e043e1aee70315405f456c119
linear-probe-full	A1	allocator	control	opc_casefold_source_case_alias_lookup	16384	87971	94491	100120	89171.03333333333	30	0	0	144	0	0	0	144	f197c1243908b5970c2045ae96d6312d27c2109a08ca4a3752ed36b2ae1a8fce	b137dfeb235e24d7d6ea81d26bd0c2de735e0e3e043e1aee70315405f456c119
linear-probe-full	A1	allocator	control	opc_casefold_source_genuine_miss_lookup	16384	49005	53860	54880	49521.56666666666	30	0	0	144	0	0	0	144	fea761da167dbe4473f53f4886ea4a2da108776c8ba4b73d3f9332cc61824582	b137dfeb235e24d7d6ea81d26bd0c2de735e0e3e043e1aee70315405f456c119
linear-probe-full	A2	allocator	control	opc_casefold_eager_open	256	592043	597183	609813	591294.4333333333	30	-	-	-	-	-	-	0	68bfa39a97c9d837c91a8667892bd3c0230d295c5327a84f7520b8ab02cd08b9	86eb17ec275e4dae8d468d3928eb1d9efdede5f3269d332c1c1e6ec44c1eb8cf
linear-probe-full	A2	allocator	control	opc_casefold_source_open	256	413196	416322	417462	413583.2	30	9	19449	4	0	0	1	0	68bfa39a97c9d837c91a8667892bd3c0230d295c5327a84f7520b8ab02cd08b9	86eb17ec275e4dae8d468d3928eb1d9efdede5f3269d332c1c1e6ec44c1eb8cf
linear-probe-full	A2	allocator	control	opc_casefold_eager_lookup	256	22740	22910	28800	22918.4	30	-	-	-	-	-	-	144	6a02c72a84e45623f8150e12608dfb3189b6bb903ffd0bce8e31ee897d14ae1f	86eb17ec275e4dae8d468d3928eb1d9efdede5f3269d332c1c1e6ec44c1eb8cf
linear-probe-full	A2	allocator	control	opc_casefold_source_lookup	256	21785	23610	23680	21910.1	30	0	0	144	0	0	0	144	6a02c72a84e45623f8150e12608dfb3189b6bb903ffd0bce8e31ee897d14ae1f	86eb17ec275e4dae8d468d3928eb1d9efdede5f3269d332c1c1e6ec44c1eb8cf
linear-probe-full	A2	allocator	control	opc_casefold_source_exact_lookup	256	2310	2340	2350	2314.0333333333333	30	0	0	144	0	0	0	144	d8a61329d8e8909a043f56d9e6bf821fc208c82f8791c5810ed632a30b3ce637	86eb17ec275e4dae8d468d3928eb1d9efdede5f3269d332c1c1e6ec44c1eb8cf
linear-probe-full	A2	allocator	control	opc_casefold_source_case_alias_lookup	256	41485	47260	47940	42242.9	30	0	0	144	0	0	0	144	a0f21335f2147ff2ce7cfaaa7db68a7c62e95ec23d8ba9df8b74864e20b45833	86eb17ec275e4dae8d468d3928eb1d9efdede5f3269d332c1c1e6ec44c1eb8cf
linear-probe-full	A2	allocator	control	opc_casefold_source_genuine_miss_lookup	256	19850	19990	20000	19855.4	30	0	0	144	0	0	0	144	fea761da167dbe4473f53f4886ea4a2da108776c8ba4b73d3f9332cc61824582	86eb17ec275e4dae8d468d3928eb1d9efdede5f3269d332c1c1e6ec44c1eb8cf
linear-probe-full	A2	allocator	control	opc_casefold_eager_open	2047	4707786	4747461	4749891	4710280.366666665	30	-	-	-	-	-	-	0	f96278805e54bdf67f62efc0d9b09782988ca60007c602153f2b0498c217016f	86eb17ec275e4dae8d468d3928eb1d9efdede5f3269d332c1c1e6ec44c1eb8cf
linear-probe-full	A2	allocator	control	opc_casefold_source_open	2047	3339300	3347665	3353665	3339953.9666666663	30	11	150192	4	0	0	1	0	f96278805e54bdf67f62efc0d9b09782988ca60007c602153f2b0498c217016f	86eb17ec275e4dae8d468d3928eb1d9efdede5f3269d332c1c1e6ec44c1eb8cf
linear-probe-full	A2	allocator	control	opc_casefold_eager_lookup	2047	213551	219401	222101	214879.96666666667	30	-	-	-	-	-	-	144	3cd131d27cdec2640f017ff7998ef2fc7eb6462832039f401686f3ab021355ea	86eb17ec275e4dae8d468d3928eb1d9efdede5f3269d332c1c1e6ec44c1eb8cf
linear-probe-full	A2	allocator	control	opc_casefold_source_lookup	2047	151781	162360	162801	154222.43333333338	30	0	0	144	0	0	0	144	3cd131d27cdec2640f017ff7998ef2fc7eb6462832039f401686f3ab021355ea	86eb17ec275e4dae8d468d3928eb1d9efdede5f3269d332c1c1e6ec44c1eb8cf
linear-probe-full	A2	allocator	control	opc_casefold_source_exact_lookup	2047	2320	2350	2360	2327.6666666666665	30	0	0	144	0	0	0	144	5ff83b42956e53036f19926d023a5e98f59889ec64e51dd618b6100753c9367e	86eb17ec275e4dae8d468d3928eb1d9efdede5f3269d332c1c1e6ec44c1eb8cf
linear-probe-full	A2	allocator	control	opc_casefold_source_case_alias_lookup	2047	302761	311171	333021	305298.4	30	0	0	144	0	0	0	144	3336a08cd318f74e98515959a34dce128aefc6b9fa3546151fbf627572c025d9	86eb17ec275e4dae8d468d3928eb1d9efdede5f3269d332c1c1e6ec44c1eb8cf
linear-probe-full	A2	allocator	control	opc_casefold_source_genuine_miss_lookup	2047	148421	154681	155871	135692.23333333334	30	0	0	144	0	0	0	144	fea761da167dbe4473f53f4886ea4a2da108776c8ba4b73d3f9332cc61824582	86eb17ec275e4dae8d468d3928eb1d9efdede5f3269d332c1c1e6ec44c1eb8cf
linear-probe-full	A2	allocator	control	opc_casefold_eager_open	2048	4708041	4741081	4773502	4711486.000000001	30	-	-	-	-	-	-	0	3449d32aa6d80e9cc12fbb1da1e6f5855177af1524250efda687b1ee99391298	86eb17ec275e4dae8d468d3928eb1d9efdede5f3269d332c1c1e6ec44c1eb8cf
linear-probe-full	A2	allocator	control	opc_casefold_source_open	2048	3391620	3408125	3409916	3391581.9	30	11	150265	4	0	0	1	0	3449d32aa6d80e9cc12fbb1da1e6f5855177af1524250efda687b1ee99391298	86eb17ec275e4dae8d468d3928eb1d9efdede5f3269d332c1c1e6ec44c1eb8cf
linear-probe-full	A2	allocator	control	opc_casefold_eager_lookup	2048	198726	204070	205871	199653.86666666667	30	-	-	-	-	-	-	144	3d124a528436b1e924dcbbd7d23040d5c258e0acf8e278113c17e447f017936a	86eb17ec275e4dae8d468d3928eb1d9efdede5f3269d332c1c1e6ec44c1eb8cf
linear-probe-full	A2	allocator	control	opc_casefold_source_lookup	2048	37825	38061	43810	38012.10000000001	30	0	0	144	0	0	0	144	3d124a528436b1e924dcbbd7d23040d5c258e0acf8e278113c17e447f017936a	86eb17ec275e4dae8d468d3928eb1d9efdede5f3269d332c1c1e6ec44c1eb8cf
linear-probe-full	A2	allocator	control	opc_casefold_source_exact_lookup	2048	2320	2340	2350	2318.6666666666665	30	0	0	144	0	0	0	144	fa9dd41f44885e503e7a9fdbc03e97aa3b515723fe578b0e9bcaf114238990c9	86eb17ec275e4dae8d468d3928eb1d9efdede5f3269d332c1c1e6ec44c1eb8cf
linear-probe-full	A2	allocator	control	opc_casefold_source_case_alias_lookup	2048	67780	72921	73221	68312.26666666666	30	0	0	144	0	0	0	144	ab0ffe95ce1e4c74f73dd7b9ea910991299588ee79917e99efe6c0a8e26262b4	86eb17ec275e4dae8d468d3928eb1d9efdede5f3269d332c1c1e6ec44c1eb8cf
linear-probe-full	A2	allocator	control	opc_casefold_source_genuine_miss_lookup	2048	41015	46880	46910	41498.80000000001	30	0	0	144	0	0	0	144	fea761da167dbe4473f53f4886ea4a2da108776c8ba4b73d3f9332cc61824582	86eb17ec275e4dae8d468d3928eb1d9efdede5f3269d332c1c1e6ec44c1eb8cf
linear-probe-full	A2	allocator	control	opc_casefold_eager_open	16384	42294144	43731425	43955086	42413851.56666667	30	-	-	-	-	-	-	0	86fd877006855b5dd7ee889c0f6ec00c20645ec243d628ae77080d7a416e8cdd	86eb17ec275e4dae8d468d3928eb1d9efdede5f3269d332c1c1e6ec44c1eb8cf
linear-probe-full	A2	allocator	control	opc_casefold_source_open	16384	30740984	32079270	32196221	30840066.16666667	30	27	1196793	4	0	0	1	0	86fd877006855b5dd7ee889c0f6ec00c20645ec243d628ae77080d7a416e8cdd	86eb17ec275e4dae8d468d3928eb1d9efdede5f3269d332c1c1e6ec44c1eb8cf
linear-probe-full	A2	allocator	control	opc_casefold_eager_lookup	16384	2211630	2218881	2219520	2211978.3999999994	30	-	-	-	-	-	-	144	d9b4239f722a2b243ab4f2e0d1208b8a145aa22b02e615adc2819c5cedb843fb	86eb17ec275e4dae8d468d3928eb1d9efdede5f3269d332c1c1e6ec44c1eb8cf
linear-probe-full	A2	allocator	control	opc_casefold_source_lookup	16384	48055	48220	50831	48138.56666666666	30	0	0	144	0	0	0	144	d9b4239f722a2b243ab4f2e0d1208b8a145aa22b02e615adc2819c5cedb843fb	86eb17ec275e4dae8d468d3928eb1d9efdede5f3269d332c1c1e6ec44c1eb8cf
linear-probe-full	A2	allocator	control	opc_casefold_source_exact_lookup	16384	2345	2371	2380	2345.033333333333	30	0	0	144	0	0	0	144	58ee4d69d4dd8ed44c627b65ffe31ac45a9c0a0f9c0c7d05478298cdb0a00b31	86eb17ec275e4dae8d468d3928eb1d9efdede5f3269d332c1c1e6ec44c1eb8cf
linear-probe-full	A2	allocator	control	opc_casefold_source_case_alias_lookup	16384	88461	93400	94771	88952.13333333333	30	0	0	144	0	0	0	144	f197c1243908b5970c2045ae96d6312d27c2109a08ca4a3752ed36b2ae1a8fce	86eb17ec275e4dae8d468d3928eb1d9efdede5f3269d332c1c1e6ec44c1eb8cf
linear-probe-full	A2	allocator	control	opc_casefold_source_genuine_miss_lookup	16384	49410	56391	57040	49964.83333333333	30	0	0	144	0	0	0	144	fea761da167dbe4473f53f4886ea4a2da108776c8ba4b73d3f9332cc61824582	86eb17ec275e4dae8d468d3928eb1d9efdede5f3269d332c1c1e6ec44c1eb8cf
linear-probe-full	B1	allocator	candidate	opc_casefold_eager_open	256	584979	591044	596954	585028.7999999999	30	-	-	-	-	-	-	0	68bfa39a97c9d837c91a8667892bd3c0230d295c5327a84f7520b8ab02cd08b9	037bd1a005582f5275feac3b08d5d313283b4adeae08822e4fd73c3b002a4364
linear-probe-full	B1	allocator	candidate	opc_casefold_source_open	256	420587	423353	424883	420924.60000000003	30	9	19449	4	0	0	1	0	68bfa39a97c9d837c91a8667892bd3c0230d295c5327a84f7520b8ab02cd08b9	037bd1a005582f5275feac3b08d5d313283b4adeae08822e4fd73c3b002a4364
linear-probe-full	B1	allocator	candidate	opc_casefold_eager_lookup	256	29510	32060	36330	29828.533333333336	30	-	-	-	-	-	-	144	6a02c72a84e45623f8150e12608dfb3189b6bb903ffd0bce8e31ee897d14ae1f	037bd1a005582f5275feac3b08d5d313283b4adeae08822e4fd73c3b002a4364
linear-probe-full	B1	allocator	candidate	opc_casefold_source_lookup	256	23160	23240	29081	23327.8	30	0	0	144	0	0	0	144	6a02c72a84e45623f8150e12608dfb3189b6bb903ffd0bce8e31ee897d14ae1f	037bd1a005582f5275feac3b08d5d313283b4adeae08822e4fd73c3b002a4364
linear-probe-full	B1	allocator	candidate	opc_casefold_source_exact_lookup	256	2360	2440	2440	2369.3666666666672	30	0	0	144	0	0	0	144	d8a61329d8e8909a043f56d9e6bf821fc208c82f8791c5810ed632a30b3ce637	037bd1a005582f5275feac3b08d5d313283b4adeae08822e4fd73c3b002a4364
linear-probe-full	B1	allocator	candidate	opc_casefold_source_case_alias_lookup	256	45230	49191	49921	45656.333333333336	30	0	0	144	0	0	0	144	a0f21335f2147ff2ce7cfaaa7db68a7c62e95ec23d8ba9df8b74864e20b45833	037bd1a005582f5275feac3b08d5d313283b4adeae08822e4fd73c3b002a4364
linear-probe-full	B1	allocator	candidate	opc_casefold_source_genuine_miss_lookup	256	19990	21530	28150	20728.46666666667	30	0	0	144	0	0	0	144	fea761da167dbe4473f53f4886ea4a2da108776c8ba4b73d3f9332cc61824582	037bd1a005582f5275feac3b08d5d313283b4adeae08822e4fd73c3b002a4364
linear-probe-full	B1	allocator	candidate	opc_casefold_eager_open	2047	4719903	4769154	4810124	4722043.600000001	30	-	-	-	-	-	-	0	f96278805e54bdf67f62efc0d9b09782988ca60007c602153f2b0498c217016f	037bd1a005582f5275feac3b08d5d313283b4adeae08822e4fd73c3b002a4364
linear-probe-full	B1	allocator	candidate	opc_casefold_source_open	2047	3336748	3345103	3346284	3336774.633333333	30	11	150192	4	0	0	1	0	f96278805e54bdf67f62efc0d9b09782988ca60007c602153f2b0498c217016f	037bd1a005582f5275feac3b08d5d313283b4adeae08822e4fd73c3b002a4364
linear-probe-full	B1	allocator	candidate	opc_casefold_eager_lookup	2047	210171	215821	215912	211182.8333333333	30	-	-	-	-	-	-	144	3cd131d27cdec2640f017ff7998ef2fc7eb6462832039f401686f3ab021355ea	037bd1a005582f5275feac3b08d5d313283b4adeae08822e4fd73c3b002a4364
linear-probe-full	B1	allocator	candidate	opc_casefold_source_lookup	2047	161916	171991	172291	164906.5	30	0	0	144	0	0	0	144	3cd131d27cdec2640f017ff7998ef2fc7eb6462832039f401686f3ab021355ea	037bd1a005582f5275feac3b08d5d313283b4adeae08822e4fd73c3b002a4364
linear-probe-full	B1	allocator	candidate	opc_casefold_source_exact_lookup	2047	2350	2390	11960	2671.7333333333327	30	0	0	144	0	0	0	144	5ff83b42956e53036f19926d023a5e98f59889ec64e51dd618b6100753c9367e	037bd1a005582f5275feac3b08d5d313283b4adeae08822e4fd73c3b002a4364
linear-probe-full	B1	allocator	candidate	opc_casefold_source_case_alias_lookup	2047	332372	344162	364463	335960.39999999997	30	0	0	144	0	0	0	144	3336a08cd318f74e98515959a34dce128aefc6b9fa3546151fbf627572c025d9	037bd1a005582f5275feac3b08d5d313283b4adeae08822e4fd73c3b002a4364
linear-probe-full	B1	allocator	candidate	opc_casefold_source_genuine_miss_lookup	2047	129911	137041	138451	130738.56666666668	30	0	0	144	0	0	0	144	fea761da167dbe4473f53f4886ea4a2da108776c8ba4b73d3f9332cc61824582	037bd1a005582f5275feac3b08d5d313283b4adeae08822e4fd73c3b002a4364
linear-probe-full	B1	allocator	candidate	opc_casefold_eager_open	2048	4693138	4711673	4716483	4694552.433333334	30	-	-	-	-	-	-	0	3449d32aa6d80e9cc12fbb1da1e6f5855177af1524250efda687b1ee99391298	037bd1a005582f5275feac3b08d5d313283b4adeae08822e4fd73c3b002a4364
linear-probe-full	B1	allocator	candidate	opc_casefold_source_open	2048	3318284	3338153	3343604	3320107.066666667	30	11	150265	4	0	0	1	0	3449d32aa6d80e9cc12fbb1da1e6f5855177af1524250efda687b1ee99391298	037bd1a005582f5275feac3b08d5d313283b4adeae08822e4fd73c3b002a4364
linear-probe-full	B1	allocator	candidate	opc_casefold_eager_lookup	2048	167476	173902	175851	168501.20000000004	30	-	-	-	-	-	-	144	3d124a528436b1e924dcbbd7d23040d5c258e0acf8e278113c17e447f017936a	037bd1a005582f5275feac3b08d5d313283b4adeae08822e4fd73c3b002a4364
linear-probe-full	B1	allocator	candidate	opc_casefold_source_lookup	2048	36765	36920	36970	36789.5	30	0	0	144	0	0	0	144	3d124a528436b1e924dcbbd7d23040d5c258e0acf8e278113c17e447f017936a	037bd1a005582f5275feac3b08d5d313283b4adeae08822e4fd73c3b002a4364
linear-probe-full	B1	allocator	candidate	opc_casefold_source_exact_lookup	2048	2770	2840	12930	3105.366666666667	30	0	0	144	0	0	0	144	fa9dd41f44885e503e7a9fdbc03e97aa3b515723fe578b0e9bcaf114238990c9	037bd1a005582f5275feac3b08d5d313283b4adeae08822e4fd73c3b002a4364
linear-probe-full	B1	allocator	candidate	opc_casefold_source_case_alias_lookup	2048	66085	70701	71601	66433.33333333333	30	0	0	144	0	0	0	144	ab0ffe95ce1e4c74f73dd7b9ea910991299588ee79917e99efe6c0a8e26262b4	037bd1a005582f5275feac3b08d5d313283b4adeae08822e4fd73c3b002a4364
linear-probe-full	B1	allocator	candidate	opc_casefold_source_genuine_miss_lookup	2048	41220	41501	46220	41384.53333333333	30	0	0	144	0	0	0	144	fea761da167dbe4473f53f4886ea4a2da108776c8ba4b73d3f9332cc61824582	037bd1a005582f5275feac3b08d5d313283b4adeae08822e4fd73c3b002a4364
linear-probe-full	B1	allocator	candidate	opc_casefold_eager_open	16384	41720326	42952772	43141453	41888683.9	30	-	-	-	-	-	-	0	86fd877006855b5dd7ee889c0f6ec00c20645ec243d628ae77080d7a416e8cdd	037bd1a005582f5275feac3b08d5d313283b4adeae08822e4fd73c3b002a4364
linear-probe-full	B1	allocator	candidate	opc_casefold_source_open	16384	29584293	30043524	30059395	29569607.799999997	30	27	1196793	4	0	0	1	0	86fd877006855b5dd7ee889c0f6ec00c20645ec243d628ae77080d7a416e8cdd	037bd1a005582f5275feac3b08d5d313283b4adeae08822e4fd73c3b002a4364
linear-probe-full	B1	allocator	candidate	opc_casefold_eager_lookup	16384	2656847	2668822	2678502	2656280.233333333	30	-	-	-	-	-	-	144	d9b4239f722a2b243ab4f2e0d1208b8a145aa22b02e615adc2819c5cedb843fb	037bd1a005582f5275feac3b08d5d313283b4adeae08822e4fd73c3b002a4364
linear-probe-full	B1	allocator	candidate	opc_casefold_source_lookup	16384	46890	47310	56671	47217.866666666676	30	0	0	144	0	0	0	144	d9b4239f722a2b243ab4f2e0d1208b8a145aa22b02e615adc2819c5cedb843fb	037bd1a005582f5275feac3b08d5d313283b4adeae08822e4fd73c3b002a4364
linear-probe-full	B1	allocator	candidate	opc_casefold_source_exact_lookup	16384	2610	2640	2650	2618.0	30	0	0	144	0	0	0	144	58ee4d69d4dd8ed44c627b65ffe31ac45a9c0a0f9c0c7d05478298cdb0a00b31	037bd1a005582f5275feac3b08d5d313283b4adeae08822e4fd73c3b002a4364
linear-probe-full	B1	allocator	candidate	opc_casefold_source_case_alias_lookup	16384	85975	91150	91841	86316.4	30	0	0	144	0	0	0	144	f197c1243908b5970c2045ae96d6312d27c2109a08ca4a3752ed36b2ae1a8fce	037bd1a005582f5275feac3b08d5d313283b4adeae08822e4fd73c3b002a4364
linear-probe-full	B1	allocator	candidate	opc_casefold_source_genuine_miss_lookup	16384	49840	54981	56190	50303.299999999996	30	0	0	144	0	0	0	144	fea761da167dbe4473f53f4886ea4a2da108776c8ba4b73d3f9332cc61824582	037bd1a005582f5275feac3b08d5d313283b4adeae08822e4fd73c3b002a4364
linear-probe-full	B2	allocator	candidate	opc_casefold_eager_open	256	585472	602833	647343	587417.6666666665	30	-	-	-	-	-	-	0	68bfa39a97c9d837c91a8667892bd3c0230d295c5327a84f7520b8ab02cd08b9	4c00d88671af167689f6c83afe164cc4036602fb7d741e870ed61f6e130a7b68
linear-probe-full	B2	allocator	candidate	opc_casefold_source_open	256	419697	424602	425322	420308.8666666667	30	9	19449	4	0	0	1	0	68bfa39a97c9d837c91a8667892bd3c0230d295c5327a84f7520b8ab02cd08b9	4c00d88671af167689f6c83afe164cc4036602fb7d741e870ed61f6e130a7b68
linear-probe-full	B2	allocator	candidate	opc_casefold_eager_lookup	256	30325	30390	36901	30535.766666666674	30	-	-	-	-	-	-	144	6a02c72a84e45623f8150e12608dfb3189b6bb903ffd0bce8e31ee897d14ae1f	4c00d88671af167689f6c83afe164cc4036602fb7d741e870ed61f6e130a7b68
linear-probe-full	B2	allocator	candidate	opc_casefold_source_lookup	256	23240	23400	28200	23402.133333333335	30	0	0	144	0	0	0	144	6a02c72a84e45623f8150e12608dfb3189b6bb903ffd0bce8e31ee897d14ae1f	4c00d88671af167689f6c83afe164cc4036602fb7d741e870ed61f6e130a7b68
linear-probe-full	B2	allocator	candidate	opc_casefold_source_exact_lookup	256	2390	2420	2430	2391.7	30	0	0	144	0	0	0	144	d8a61329d8e8909a043f56d9e6bf821fc208c82f8791c5810ed632a30b3ce637	4c00d88671af167689f6c83afe164cc4036602fb7d741e870ed61f6e130a7b68
linear-probe-full	B2	allocator	candidate	opc_casefold_source_case_alias_lookup	256	45240	51010	51430	46013.23333333332	30	0	0	144	0	0	0	144	a0f21335f2147ff2ce7cfaaa7db68a7c62e95ec23d8ba9df8b74864e20b45833	4c00d88671af167689f6c83afe164cc4036602fb7d741e870ed61f6e130a7b68
linear-probe-full	B2	allocator	candidate	opc_casefold_source_genuine_miss_lookup	256	20300	20470	25270	20455.466666666667	30	0	0	144	0	0	0	144	fea761da167dbe4473f53f4886ea4a2da108776c8ba4b73d3f9332cc61824582	4c00d88671af167689f6c83afe164cc4036602fb7d741e870ed61f6e130a7b68
linear-probe-full	B2	allocator	candidate	opc_casefold_eager_open	2047	4687843	4718768	4758258	4688744.066666666	30	-	-	-	-	-	-	0	f96278805e54bdf67f62efc0d9b09782988ca60007c602153f2b0498c217016f	4c00d88671af167689f6c83afe164cc4036602fb7d741e870ed61f6e130a7b68
linear-probe-full	B2	allocator	candidate	opc_casefold_source_open	2047	3340837	3357953	3359582	3341555.733333333	30	11	150192	4	0	0	1	0	f96278805e54bdf67f62efc0d9b09782988ca60007c602153f2b0498c217016f	4c00d88671af167689f6c83afe164cc4036602fb7d741e870ed61f6e130a7b68
linear-probe-full	B2	allocator	candidate	opc_casefold_eager_lookup	2047	165430	171081	172660	166285.3	30	-	-	-	-	-	-	144	3cd131d27cdec2640f017ff7998ef2fc7eb6462832039f401686f3ab021355ea	4c00d88671af167689f6c83afe164cc4036602fb7d741e870ed61f6e130a7b68
linear-probe-full	B2	allocator	candidate	opc_casefold_source_lookup	2047	161885	170000	170661	163544.2666666667	30	0	0	144	0	0	0	144	3cd131d27cdec2640f017ff7998ef2fc7eb6462832039f401686f3ab021355ea	4c00d88671af167689f6c83afe164cc4036602fb7d741e870ed61f6e130a7b68
linear-probe-full	B2	allocator	candidate	opc_casefold_source_exact_lookup	2047	2380	2410	8980	2597.3333333333326	30	0	0	144	0	0	0	144	5ff83b42956e53036f19926d023a5e98f59889ec64e51dd618b6100753c9367e	4c00d88671af167689f6c83afe164cc4036602fb7d741e870ed61f6e130a7b68
linear-probe-full	B2	allocator	candidate	opc_casefold_source_case_alias_lookup	2047	332781	338882	364802	335470.2666666666	30	0	0	144	0	0	0	144	3336a08cd318f74e98515959a34dce128aefc6b9fa3546151fbf627572c025d9	4c00d88671af167689f6c83afe164cc4036602fb7d741e870ed61f6e130a7b68
linear-probe-full	B2	allocator	candidate	opc_casefold_source_genuine_miss_lookup	2047	131441	136601	137621	131896.66666666666	30	0	0	144	0	0	0	144	fea761da167dbe4473f53f4886ea4a2da108776c8ba4b73d3f9332cc61824582	4c00d88671af167689f6c83afe164cc4036602fb7d741e870ed61f6e130a7b68
linear-probe-full	B2	allocator	candidate	opc_casefold_eager_open	2048	4694923	4712698	4715638	4694319.766666667	30	-	-	-	-	-	-	0	3449d32aa6d80e9cc12fbb1da1e6f5855177af1524250efda687b1ee99391298	4c00d88671af167689f6c83afe164cc4036602fb7d741e870ed61f6e130a7b68
linear-probe-full	B2	allocator	candidate	opc_casefold_source_open	2048	3330747	3403333	3406473	3336955.7333333334	30	11	150265	4	0	0	1	0	3449d32aa6d80e9cc12fbb1da1e6f5855177af1524250efda687b1ee99391298	4c00d88671af167689f6c83afe164cc4036602fb7d741e870ed61f6e130a7b68
linear-probe-full	B2	allocator	candidate	opc_casefold_eager_lookup	2048	134375	140790	142730	135257.83333333337	30	-	-	-	-	-	-	144	3d124a528436b1e924dcbbd7d23040d5c258e0acf8e278113c17e447f017936a	4c00d88671af167689f6c83afe164cc4036602fb7d741e870ed61f6e130a7b68
linear-probe-full	B2	allocator	candidate	opc_casefold_source_lookup	2048	36910	42961	47230	37448.80000000001	30	0	0	144	0	0	0	144	3d124a528436b1e924dcbbd7d23040d5c258e0acf8e278113c17e447f017936a	4c00d88671af167689f6c83afe164cc4036602fb7d741e870ed61f6e130a7b68
linear-probe-full	B2	allocator	candidate	opc_casefold_source_exact_lookup	2048	2700	2730	2730	2701.3333333333335	30	0	0	144	0	0	0	144	fa9dd41f44885e503e7a9fdbc03e97aa3b515723fe578b0e9bcaf114238990c9	4c00d88671af167689f6c83afe164cc4036602fb7d741e870ed61f6e130a7b68
linear-probe-full	B2	allocator	candidate	opc_casefold_source_case_alias_lookup	2048	64280	70300	70920	64819.33333333332	30	0	0	144	0	0	0	144	ab0ffe95ce1e4c74f73dd7b9ea910991299588ee79917e99efe6c0a8e26262b4	4c00d88671af167689f6c83afe164cc4036602fb7d741e870ed61f6e130a7b68
linear-probe-full	B2	allocator	candidate	opc_casefold_source_genuine_miss_lookup	2048	41035	46711	46741	41469.86666666666	30	0	0	144	0	0	0	144	fea761da167dbe4473f53f4886ea4a2da108776c8ba4b73d3f9332cc61824582	4c00d88671af167689f6c83afe164cc4036602fb7d741e870ed61f6e130a7b68
linear-probe-full	B2	allocator	candidate	opc_casefold_eager_open	16384	42684582	43126794	43312365	42612850.2	30	-	-	-	-	-	-	0	86fd877006855b5dd7ee889c0f6ec00c20645ec243d628ae77080d7a416e8cdd	4c00d88671af167689f6c83afe164cc4036602fb7d741e870ed61f6e130a7b68
linear-probe-full	B2	allocator	candidate	opc_casefold_source_open	16384	29715877	29937283	30010514	29666619.900000002	30	27	1196793	4	0	0	1	0	86fd877006855b5dd7ee889c0f6ec00c20645ec243d628ae77080d7a416e8cdd	4c00d88671af167689f6c83afe164cc4036602fb7d741e870ed61f6e130a7b68
linear-probe-full	B2	allocator	candidate	opc_casefold_eager_lookup	16384	1710526	1719966	1720716	1711255.833333333	30	-	-	-	-	-	-	144	d9b4239f722a2b243ab4f2e0d1208b8a145aa22b02e615adc2819c5cedb843fb	4c00d88671af167689f6c83afe164cc4036602fb7d741e870ed61f6e130a7b68
linear-probe-full	B2	allocator	candidate	opc_casefold_source_lookup	16384	46890	52220	53080	47391.466666666674	30	0	0	144	0	0	0	144	d9b4239f722a2b243ab4f2e0d1208b8a145aa22b02e615adc2819c5cedb843fb	4c00d88671af167689f6c83afe164cc4036602fb7d741e870ed61f6e130a7b68
linear-probe-full	B2	allocator	candidate	opc_casefold_source_exact_lookup	16384	2405	2470	2500	2411.333333333334	30	0	0	144	0	0	0	144	58ee4d69d4dd8ed44c627b65ffe31ac45a9c0a0f9c0c7d05478298cdb0a00b31	4c00d88671af167689f6c83afe164cc4036602fb7d741e870ed61f6e130a7b68
linear-probe-full	B2	allocator	candidate	opc_casefold_source_case_alias_lookup	16384	82090	84850	88060	82404.66666666666	30	0	0	144	0	0	0	144	f197c1243908b5970c2045ae96d6312d27c2109a08ca4a3752ed36b2ae1a8fce	4c00d88671af167689f6c83afe164cc4036602fb7d741e870ed61f6e130a7b68
linear-probe-full	B2	allocator	candidate	opc_casefold_source_genuine_miss_lookup	16384	53630	58580	59810	54047.5	30	0	0	144	0	0	0	144	fea761da167dbe4473f53f4886ea4a2da108776c8ba4b73d3f9332cc61824582	4c00d88671af167689f6c83afe164cc4036602fb7d741e870ed61f6e130a7b68
linear-probe-probe	control	normal	control	opc_casefold_source_open	256	301642	314002	314002	303944.0	5	9	19449	4	0	0	1	0	68bfa39a97c9d837c91a8667892bd3c0230d295c5327a84f7520b8ab02cd08b9	135c2f32672bfaa2fcc9cc3091a7471cd48ec21263b5f0653ba44dfacbee0e53
linear-probe-probe	control	normal	control	opc_casefold_source_lookup	256	21170	21240	21240	21146.0	5	0	0	144	0	0	0	144	6a02c72a84e45623f8150e12608dfb3189b6bb903ffd0bce8e31ee897d14ae1f	135c2f32672bfaa2fcc9cc3091a7471cd48ec21263b5f0653ba44dfacbee0e53
linear-probe-probe	control	normal	control	opc_casefold_source_exact_lookup	256	2320	2360	2360	2324.0	5	0	0	144	0	0	0	144	d8a61329d8e8909a043f56d9e6bf821fc208c82f8791c5810ed632a30b3ce637	135c2f32672bfaa2fcc9cc3091a7471cd48ec21263b5f0653ba44dfacbee0e53
linear-probe-probe	control	normal	control	opc_casefold_source_case_alias_lookup	256	42460	48661	48661	43668.2	5	0	0	144	0	0	0	144	a0f21335f2147ff2ce7cfaaa7db68a7c62e95ec23d8ba9df8b74864e20b45833	135c2f32672bfaa2fcc9cc3091a7471cd48ec21263b5f0653ba44dfacbee0e53
linear-probe-probe	control	normal	control	opc_casefold_source_genuine_miss_lookup	256	19050	19100	19100	18592.0	5	0	0	144	0	0	0	144	fea761da167dbe4473f53f4886ea4a2da108776c8ba4b73d3f9332cc61824582	135c2f32672bfaa2fcc9cc3091a7471cd48ec21263b5f0653ba44dfacbee0e53
linear-probe-probe	control	normal	control	opc_casefold_source_open	2047	2405210	2416921	2416921	2402516.6	5	11	150192	4	0	0	1	0	f96278805e54bdf67f62efc0d9b09782988ca60007c602153f2b0498c217016f	135c2f32672bfaa2fcc9cc3091a7471cd48ec21263b5f0653ba44dfacbee0e53
linear-probe-probe	control	normal	control	opc_casefold_source_lookup	2047	151031	156631	156631	153092.8	5	0	0	144	0	0	0	144	3cd131d27cdec2640f017ff7998ef2fc7eb6462832039f401686f3ab021355ea	135c2f32672bfaa2fcc9cc3091a7471cd48ec21263b5f0653ba44dfacbee0e53
linear-probe-probe	control	normal	control	opc_casefold_source_exact_lookup	2047	2320	2330	2330	2320.0	5	0	0	144	0	0	0	144	5ff83b42956e53036f19926d023a5e98f59889ec64e51dd618b6100753c9367e	135c2f32672bfaa2fcc9cc3091a7471cd48ec21263b5f0653ba44dfacbee0e53
linear-probe-probe	control	normal	control	opc_casefold_source_case_alias_lookup	2047	308542	309071	309071	306777.4	5	0	0	144	0	0	0	144	3336a08cd318f74e98515959a34dce128aefc6b9fa3546151fbf627572c025d9	135c2f32672bfaa2fcc9cc3091a7471cd48ec21263b5f0653ba44dfacbee0e53
linear-probe-probe	control	normal	control	opc_casefold_source_genuine_miss_lookup	2047	138901	143571	143571	122729.0	5	0	0	144	0	0	0	144	fea761da167dbe4473f53f4886ea4a2da108776c8ba4b73d3f9332cc61824582	135c2f32672bfaa2fcc9cc3091a7471cd48ec21263b5f0653ba44dfacbee0e53
linear-probe-probe	control	normal	control	opc_casefold_source_open	2048	2459281	2471961	2471961	2459808.8	5	11	150265	4	0	0	1	0	3449d32aa6d80e9cc12fbb1da1e6f5855177af1524250efda687b1ee99391298	135c2f32672bfaa2fcc9cc3091a7471cd48ec21263b5f0653ba44dfacbee0e53
linear-probe-probe	control	normal	control	opc_casefold_source_lookup	2048	36580	36611	36611	36546.2	5	0	0	144	0	0	0	144	3d124a528436b1e924dcbbd7d23040d5c258e0acf8e278113c17e447f017936a	135c2f32672bfaa2fcc9cc3091a7471cd48ec21263b5f0653ba44dfacbee0e53
linear-probe-probe	control	normal	control	opc_casefold_source_exact_lookup	2048	2310	2340	2340	2318.0	5	0	0	144	0	0	0	144	fa9dd41f44885e503e7a9fdbc03e97aa3b515723fe578b0e9bcaf114238990c9	135c2f32672bfaa2fcc9cc3091a7471cd48ec21263b5f0653ba44dfacbee0e53
linear-probe-probe	control	normal	control	opc_casefold_source_case_alias_lookup	2048	67570	67800	67800	67630.2	5	0	0	144	0	0	0	144	ab0ffe95ce1e4c74f73dd7b9ea910991299588ee79917e99efe6c0a8e26262b4	135c2f32672bfaa2fcc9cc3091a7471cd48ec21263b5f0653ba44dfacbee0e53
linear-probe-probe	control	normal	control	opc_casefold_source_genuine_miss_lookup	2048	37880	37900	37900	37860.0	5	0	0	144	0	0	0	144	fea761da167dbe4473f53f4886ea4a2da108776c8ba4b73d3f9332cc61824582	135c2f32672bfaa2fcc9cc3091a7471cd48ec21263b5f0653ba44dfacbee0e53
linear-probe-probe	control	normal	control	opc_casefold_source_open	16384	23928313	25344159	25344159	24168082.4	5	27	1196793	4	0	0	1	0	86fd877006855b5dd7ee889c0f6ec00c20645ec243d628ae77080d7a416e8cdd	135c2f32672bfaa2fcc9cc3091a7471cd48ec21263b5f0653ba44dfacbee0e53
linear-probe-probe	control	normal	control	opc_casefold_source_lookup	16384	47180	47390	47390	47172.2	5	0	0	144	0	0	0	144	d9b4239f722a2b243ab4f2e0d1208b8a145aa22b02e615adc2819c5cedb843fb	135c2f32672bfaa2fcc9cc3091a7471cd48ec21263b5f0653ba44dfacbee0e53
linear-probe-probe	control	normal	control	opc_casefold_source_exact_lookup	16384	2300	2360	2360	2316.0	5	0	0	144	0	0	0	144	58ee4d69d4dd8ed44c627b65ffe31ac45a9c0a0f9c0c7d05478298cdb0a00b31	135c2f32672bfaa2fcc9cc3091a7471cd48ec21263b5f0653ba44dfacbee0e53
linear-probe-probe	control	normal	control	opc_casefold_source_case_alias_lookup	16384	85290	85641	85641	85214.4	5	0	0	144	0	0	0	144	f197c1243908b5970c2045ae96d6312d27c2109a08ca4a3752ed36b2ae1a8fce	135c2f32672bfaa2fcc9cc3091a7471cd48ec21263b5f0653ba44dfacbee0e53
linear-probe-probe	control	normal	control	opc_casefold_source_genuine_miss_lookup	16384	46321	46350	46350	46294.2	5	0	0	144	0	0	0	144	fea761da167dbe4473f53f4886ea4a2da108776c8ba4b73d3f9332cc61824582	135c2f32672bfaa2fcc9cc3091a7471cd48ec21263b5f0653ba44dfacbee0e53
linear-probe-probe	candidate	normal	candidate	opc_casefold_source_open	256	304302	308742	308742	304460.0	5	9	19449	4	0	0	1	0	68bfa39a97c9d837c91a8667892bd3c0230d295c5327a84f7520b8ab02cd08b9	905e9d08dc3d119fe58e0f45ecf904b5cbc0c05393779dc63def25bd412d4975
linear-probe-probe	candidate	normal	candidate	opc_casefold_source_lookup	256	21640	28410	28410	22910.0	5	0	0	144	0	0	0	144	6a02c72a84e45623f8150e12608dfb3189b6bb903ffd0bce8e31ee897d14ae1f	905e9d08dc3d119fe58e0f45ecf904b5cbc0c05393779dc63def25bd412d4975
linear-probe-probe	candidate	normal	candidate	opc_casefold_source_exact_lookup	256	2360	2380	2380	2354.0	5	0	0	144	0	0	0	144	d8a61329d8e8909a043f56d9e6bf821fc208c82f8791c5810ed632a30b3ce637	905e9d08dc3d119fe58e0f45ecf904b5cbc0c05393779dc63def25bd412d4975
linear-probe-probe	candidate	normal	candidate	opc_casefold_source_case_alias_lookup	256	42250	42380	42380	42236.2	5	0	0	144	0	0	0	144	a0f21335f2147ff2ce7cfaaa7db68a7c62e95ec23d8ba9df8b74864e20b45833	905e9d08dc3d119fe58e0f45ecf904b5cbc0c05393779dc63def25bd412d4975
linear-probe-probe	candidate	normal	candidate	opc_casefold_source_genuine_miss_lookup	256	18680	24720	24720	19850.0	5	0	0	144	0	0	0	144	fea761da167dbe4473f53f4886ea4a2da108776c8ba4b73d3f9332cc61824582	905e9d08dc3d119fe58e0f45ecf904b5cbc0c05393779dc63def25bd412d4975
linear-probe-probe	candidate	normal	candidate	opc_casefold_source_open	2047	2437410	2447450	2447450	2437406.2	5	11	150192	4	0	0	1	0	f96278805e54bdf67f62efc0d9b09782988ca60007c602153f2b0498c217016f	905e9d08dc3d119fe58e0f45ecf904b5cbc0c05393779dc63def25bd412d4975
linear-probe-probe	candidate	normal	candidate	opc_casefold_source_lookup	2047	150501	150851	150851	150550.6	5	0	0	144	0	0	0	144	3cd131d27cdec2640f017ff7998ef2fc7eb6462832039f401686f3ab021355ea	905e9d08dc3d119fe58e0f45ecf904b5cbc0c05393779dc63def25bd412d4975
linear-probe-probe	candidate	normal	candidate	opc_casefold_source_exact_lookup	2047	2410	2420	2420	2400.0	5	0	0	144	0	0	0	144	5ff83b42956e53036f19926d023a5e98f59889ec64e51dd618b6100753c9367e	905e9d08dc3d119fe58e0f45ecf904b5cbc0c05393779dc63def25bd412d4975
linear-probe-probe	candidate	normal	candidate	opc_casefold_source_case_alias_lookup	2047	302341	310961	310961	305267.2	5	0	0	144	0	0	0	144	3336a08cd318f74e98515959a34dce128aefc6b9fa3546151fbf627572c025d9	905e9d08dc3d119fe58e0f45ecf904b5cbc0c05393779dc63def25bd412d4975
linear-probe-probe	candidate	normal	candidate	opc_casefold_source_genuine_miss_lookup	2047	139360	149971	149971	130656.4	5	0	0	144	0	0	0	144	fea761da167dbe4473f53f4886ea4a2da108776c8ba4b73d3f9332cc61824582	905e9d08dc3d119fe58e0f45ecf904b5cbc0c05393779dc63def25bd412d4975
linear-probe-probe	candidate	normal	candidate	opc_casefold_source_open	2048	2443520	2456241	2456241	2440560.4	5	11	150265	4	0	0	1	0	3449d32aa6d80e9cc12fbb1da1e6f5855177af1524250efda687b1ee99391298	905e9d08dc3d119fe58e0f45ecf904b5cbc0c05393779dc63def25bd412d4975
linear-probe-probe	candidate	normal	candidate	opc_casefold_source_lookup	2048	36060	36100	36100	36052.0	5	0	0	144	0	0	0	144	3d124a528436b1e924dcbbd7d23040d5c258e0acf8e278113c17e447f017936a	905e9d08dc3d119fe58e0f45ecf904b5cbc0c05393779dc63def25bd412d4975
linear-probe-probe	candidate	normal	candidate	opc_casefold_source_exact_lookup	2048	2490	2510	2510	2488.0	5	0	0	144	0	0	0	144	fa9dd41f44885e503e7a9fdbc03e97aa3b515723fe578b0e9bcaf114238990c9	905e9d08dc3d119fe58e0f45ecf904b5cbc0c05393779dc63def25bd412d4975
linear-probe-probe	candidate	normal	candidate	opc_casefold_source_case_alias_lookup	2048	64160	64220	64220	64130.2	5	0	0	144	0	0	0	144	ab0ffe95ce1e4c74f73dd7b9ea910991299588ee79917e99efe6c0a8e26262b4	905e9d08dc3d119fe58e0f45ecf904b5cbc0c05393779dc63def25bd412d4975
linear-probe-probe	candidate	normal	candidate	opc_casefold_source_genuine_miss_lookup	2048	37840	38420	38420	37942.0	5	0	0	144	0	0	0	144	fea761da167dbe4473f53f4886ea4a2da108776c8ba4b73d3f9332cc61824582	905e9d08dc3d119fe58e0f45ecf904b5cbc0c05393779dc63def25bd412d4975
linear-probe-probe	candidate	normal	candidate	opc_casefold_source_open	16384	22536218	23183000	23183000	22551269.6	5	27	1196793	4	0	0	1	0	86fd877006855b5dd7ee889c0f6ec00c20645ec243d628ae77080d7a416e8cdd	905e9d08dc3d119fe58e0f45ecf904b5cbc0c05393779dc63def25bd412d4975
linear-probe-probe	candidate	normal	candidate	opc_casefold_source_lookup	16384	46270	46340	46340	46266.0	5	0	0	144	0	0	0	144	d9b4239f722a2b243ab4f2e0d1208b8a145aa22b02e615adc2819c5cedb843fb	905e9d08dc3d119fe58e0f45ecf904b5cbc0c05393779dc63def25bd412d4975
linear-probe-probe	candidate	normal	candidate	opc_casefold_source_exact_lookup	16384	2310	2360	2360	2318.0	5	0	0	144	0	0	0	144	58ee4d69d4dd8ed44c627b65ffe31ac45a9c0a0f9c0c7d05478298cdb0a00b31	905e9d08dc3d119fe58e0f45ecf904b5cbc0c05393779dc63def25bd412d4975
linear-probe-probe	candidate	normal	candidate	opc_casefold_source_case_alias_lookup	16384	85980	86580	86580	86176.4	5	0	0	144	0	0	0	144	f197c1243908b5970c2045ae96d6312d27c2109a08ca4a3752ed36b2ae1a8fce	905e9d08dc3d119fe58e0f45ecf904b5cbc0c05393779dc63def25bd412d4975
linear-probe-probe	candidate	normal	candidate	opc_casefold_source_genuine_miss_lookup	16384	48190	54320	54320	49962.2	5	0	0	144	0	0	0	144	fea761da167dbe4473f53f4886ea4a2da108776c8ba4b73d3f9332cc61824582	905e9d08dc3d119fe58e0f45ecf904b5cbc0c05393779dc63def25bd412d4975
linear-probe-probe	control	allocator	control	opc_casefold_source_open	256	414392	415831	415831	414419.6	5	9	19449	4	0	0	1	0	68bfa39a97c9d837c91a8667892bd3c0230d295c5327a84f7520b8ab02cd08b9	42a2a463129a35774649389c6568dd9f5b751509feb89010e4cf071549051328
linear-probe-probe	control	allocator	control	opc_casefold_source_lookup	256	22490	22580	22580	22384.0	5	0	0	144	0	0	0	144	6a02c72a84e45623f8150e12608dfb3189b6bb903ffd0bce8e31ee897d14ae1f	42a2a463129a35774649389c6568dd9f5b751509feb89010e4cf071549051328
linear-probe-probe	control	allocator	control	opc_casefold_source_exact_lookup	256	2290	2340	2340	2298.0	5	0	0	144	0	0	0	144	d8a61329d8e8909a043f56d9e6bf821fc208c82f8791c5810ed632a30b3ce637	42a2a463129a35774649389c6568dd9f5b751509feb89010e4cf071549051328
linear-probe-probe	control	allocator	control	opc_casefold_source_case_alias_lookup	256	41170	41260	41260	41192.2	5	0	0	144	0	0	0	144	a0f21335f2147ff2ce7cfaaa7db68a7c62e95ec23d8ba9df8b74864e20b45833	42a2a463129a35774649389c6568dd9f5b751509feb89010e4cf071549051328
linear-probe-probe	control	allocator	control	opc_casefold_source_genuine_miss_lookup	256	20200	20290	20290	20216.0	5	0	0	144	0	0	0	144	fea761da167dbe4473f53f4886ea4a2da108776c8ba4b73d3f9332cc61824582	42a2a463129a35774649389c6568dd9f5b751509feb89010e4cf071549051328
linear-probe-probe	control	allocator	control	opc_casefold_source_open	2047	3345025	3352415	3352415	3345254.4	5	11	150192	4	0	0	1	0	f96278805e54bdf67f62efc0d9b09782988ca60007c602153f2b0498c217016f	42a2a463129a35774649389c6568dd9f5b751509feb89010e4cf071549051328
linear-probe-probe	control	allocator	control	opc_casefold_source_lookup	2047	151921	152290	152290	151732.8	5	0	0	144	0	0	0	144	3cd131d27cdec2640f017ff7998ef2fc7eb6462832039f401686f3ab021355ea	42a2a463129a35774649389c6568dd9f5b751509feb89010e4cf071549051328
linear-probe-probe	control	allocator	control	opc_casefold_source_exact_lookup	2047	2300	2320	2320	2304.0	5	0	0	144	0	0	0	144	5ff83b42956e53036f19926d023a5e98f59889ec64e51dd618b6100753c9367e	42a2a463129a35774649389c6568dd9f5b751509feb89010e4cf071549051328
linear-probe-probe	control	allocator	control	opc_casefold_source_case_alias_lookup	2047	302271	310281	310281	304715.2	5	0	0	144	0	0	0	144	3336a08cd318f74e98515959a34dce128aefc6b9fa3546151fbf627572c025d9	42a2a463129a35774649389c6568dd9f5b751509feb89010e4cf071549051328
linear-probe-probe	control	allocator	control	opc_casefold_source_genuine_miss_lookup	2047	148861	149080	149080	148768.6	5	0	0	144	0	0	0	144	fea761da167dbe4473f53f4886ea4a2da108776c8ba4b73d3f9332cc61824582	42a2a463129a35774649389c6568dd9f5b751509feb89010e4cf071549051328
linear-probe-probe	control	allocator	control	opc_casefold_source_open	2048	3393095	3396884	3396884	3391828.6	5	11	150265	4	0	0	1	0	3449d32aa6d80e9cc12fbb1da1e6f5855177af1524250efda687b1ee99391298	42a2a463129a35774649389c6568dd9f5b751509feb89010e4cf071549051328
linear-probe-probe	control	allocator	control	opc_casefold_source_lookup	2048	37750	37810	37810	37744.2	5	0	0	144	0	0	0	144	3d124a528436b1e924dcbbd7d23040d5c258e0acf8e278113c17e447f017936a	42a2a463129a35774649389c6568dd9f5b751509feb89010e4cf071549051328
linear-probe-probe	control	allocator	control	opc_casefold_source_exact_lookup	2048	2280	2300	2300	2282.0	5	0	0	144	0	0	0	144	fa9dd41f44885e503e7a9fdbc03e97aa3b515723fe578b0e9bcaf114238990c9	42a2a463129a35774649389c6568dd9f5b751509feb89010e4cf071549051328
linear-probe-probe	control	allocator	control	opc_casefold_source_case_alias_lookup	2048	68290	70940	70940	68822.4	5	0	0	144	0	0	0	144	ab0ffe95ce1e4c74f73dd7b9ea910991299588ee79917e99efe6c0a8e26262b4	42a2a463129a35774649389c6568dd9f5b751509feb89010e4cf071549051328
linear-probe-probe	control	allocator	control	opc_casefold_source_genuine_miss_lookup	2048	40700	40760	40760	40682.0	5	0	0	144	0	0	0	144	fea761da167dbe4473f53f4886ea4a2da108776c8ba4b73d3f9332cc61824582	42a2a463129a35774649389c6568dd9f5b751509feb89010e4cf071549051328
linear-probe-probe	control	allocator	control	opc_casefold_source_open	16384	30535462	30623462	30623462	30352749.0	5	27	1196793	4	0	0	1	0	86fd877006855b5dd7ee889c0f6ec00c20645ec243d628ae77080d7a416e8cdd	42a2a463129a35774649389c6568dd9f5b751509feb89010e4cf071549051328
linear-probe-probe	control	allocator	control	opc_casefold_source_lookup	16384	48350	48431	48431	48320.2	5	0	0	144	0	0	0	144	d9b4239f722a2b243ab4f2e0d1208b8a145aa22b02e615adc2819c5cedb843fb	42a2a463129a35774649389c6568dd9f5b751509feb89010e4cf071549051328
linear-probe-probe	control	allocator	control	opc_casefold_source_exact_lookup	16384	2280	2310	2310	2286.0	5	0	0	144	0	0	0	144	58ee4d69d4dd8ed44c627b65ffe31ac45a9c0a0f9c0c7d05478298cdb0a00b31	42a2a463129a35774649389c6568dd9f5b751509feb89010e4cf071549051328
linear-probe-probe	control	allocator	control	opc_casefold_source_case_alias_lookup	16384	87551	92370	92370	88346.4	5	0	0	144	0	0	0	144	f197c1243908b5970c2045ae96d6312d27c2109a08ca4a3752ed36b2ae1a8fce	42a2a463129a35774649389c6568dd9f5b751509feb89010e4cf071549051328
linear-probe-probe	control	allocator	control	opc_casefold_source_genuine_miss_lookup	16384	49361	49470	49470	49366.4	5	0	0	144	0	0	0	144	fea761da167dbe4473f53f4886ea4a2da108776c8ba4b73d3f9332cc61824582	42a2a463129a35774649389c6568dd9f5b751509feb89010e4cf071549051328
linear-probe-probe	candidate	allocator	candidate	opc_casefold_source_open	256	412492	414572	414572	413012.0	5	9	19449	4	0	0	1	0	68bfa39a97c9d837c91a8667892bd3c0230d295c5327a84f7520b8ab02cd08b9	53d274d48f267c590a9cab4a002d5fcb6ea00c15f04b77bba8f84a5d8a98c4d5
linear-probe-probe	candidate	allocator	candidate	opc_casefold_source_lookup	256	22880	22910	22910	22868.0	5	0	0	144	0	0	0	144	6a02c72a84e45623f8150e12608dfb3189b6bb903ffd0bce8e31ee897d14ae1f	53d274d48f267c590a9cab4a002d5fcb6ea00c15f04b77bba8f84a5d8a98c4d5
linear-probe-probe	candidate	allocator	candidate	opc_casefold_source_exact_lookup	256	2370	2400	2400	2374.0	5	0	0	144	0	0	0	144	d8a61329d8e8909a043f56d9e6bf821fc208c82f8791c5810ed632a30b3ce637	53d274d48f267c590a9cab4a002d5fcb6ea00c15f04b77bba8f84a5d8a98c4d5
linear-probe-probe	candidate	allocator	candidate	opc_casefold_source_case_alias_lookup	256	44990	45040	45040	44988.2	5	0	0	144	0	0	0	144	a0f21335f2147ff2ce7cfaaa7db68a7c62e95ec23d8ba9df8b74864e20b45833	53d274d48f267c590a9cab4a002d5fcb6ea00c15f04b77bba8f84a5d8a98c4d5
linear-probe-probe	candidate	allocator	candidate	opc_casefold_source_genuine_miss_lookup	256	19590	19660	19660	19578.0	5	0	0	144	0	0	0	144	fea761da167dbe4473f53f4886ea4a2da108776c8ba4b73d3f9332cc61824582	53d274d48f267c590a9cab4a002d5fcb6ea00c15f04b77bba8f84a5d8a98c4d5
linear-probe-probe	candidate	allocator	candidate	opc_casefold_source_open	2047	3317915	3332185	3332185	3319624.6	5	11	150192	4	0	0	1	0	f96278805e54bdf67f62efc0d9b09782988ca60007c602153f2b0498c217016f	53d274d48f267c590a9cab4a002d5fcb6ea00c15f04b77bba8f84a5d8a98c4d5
linear-probe-probe	candidate	allocator	candidate	opc_casefold_source_lookup	2047	160811	166521	166521	161508.8	5	0	0	144	0	0	0	144	3cd131d27cdec2640f017ff7998ef2fc7eb6462832039f401686f3ab021355ea	53d274d48f267c590a9cab4a002d5fcb6ea00c15f04b77bba8f84a5d8a98c4d5
linear-probe-probe	candidate	allocator	candidate	opc_casefold_source_exact_lookup	2047	2360	2380	2380	2358.0	5	0	0	144	0	0	0	144	5ff83b42956e53036f19926d023a5e98f59889ec64e51dd618b6100753c9367e	53d274d48f267c590a9cab4a002d5fcb6ea00c15f04b77bba8f84a5d8a98c4d5
linear-probe-probe	candidate	allocator	candidate	opc_casefold_source_case_alias_lookup	2047	334452	337652	337652	334511.8	5	0	0	144	0	0	0	144	3336a08cd318f74e98515959a34dce128aefc6b9fa3546151fbf627572c025d9	53d274d48f267c590a9cab4a002d5fcb6ea00c15f04b77bba8f84a5d8a98c4d5
linear-probe-probe	candidate	allocator	candidate	opc_casefold_source_genuine_miss_lookup	2047	128761	135141	135141	129996.6	5	0	0	144	0	0	0	144	fea761da167dbe4473f53f4886ea4a2da108776c8ba4b73d3f9332cc61824582	53d274d48f267c590a9cab4a002d5fcb6ea00c15f04b77bba8f84a5d8a98c4d5
linear-probe-probe	candidate	allocator	candidate	opc_casefold_source_open	2048	3300804	3327404	3327404	3307970.2	5	11	150265	4	0	0	1	0	3449d32aa6d80e9cc12fbb1da1e6f5855177af1524250efda687b1ee99391298	53d274d48f267c590a9cab4a002d5fcb6ea00c15f04b77bba8f84a5d8a98c4d5
linear-probe-probe	candidate	allocator	candidate	opc_casefold_source_lookup	2048	37000	42850	42850	38134.0	5	0	0	144	0	0	0	144	3d124a528436b1e924dcbbd7d23040d5c258e0acf8e278113c17e447f017936a	53d274d48f267c590a9cab4a002d5fcb6ea00c15f04b77bba8f84a5d8a98c4d5
linear-probe-probe	candidate	allocator	candidate	opc_casefold_source_exact_lookup	2048	2340	2370	2370	2344.2	5	0	0	144	0	0	0	144	fa9dd41f44885e503e7a9fdbc03e97aa3b515723fe578b0e9bcaf114238990c9	53d274d48f267c590a9cab4a002d5fcb6ea00c15f04b77bba8f84a5d8a98c4d5
linear-probe-probe	candidate	allocator	candidate	opc_casefold_source_case_alias_lookup	2048	65771	71570	71570	66910.4	5	0	0	144	0	0	0	144	ab0ffe95ce1e4c74f73dd7b9ea910991299588ee79917e99efe6c0a8e26262b4	53d274d48f267c590a9cab4a002d5fcb6ea00c15f04b77bba8f84a5d8a98c4d5
linear-probe-probe	candidate	allocator	candidate	opc_casefold_source_genuine_miss_lookup	2048	41240	41350	41350	41180.2	5	0	0	144	0	0	0	144	fea761da167dbe4473f53f4886ea4a2da108776c8ba4b73d3f9332cc61824582	53d274d48f267c590a9cab4a002d5fcb6ea00c15f04b77bba8f84a5d8a98c4d5
linear-probe-probe	candidate	allocator	candidate	opc_casefold_source_open	16384	29681108	29739898	29739898	29442567.0	5	27	1196793	4	0	0	1	0	86fd877006855b5dd7ee889c0f6ec00c20645ec243d628ae77080d7a416e8cdd	53d274d48f267c590a9cab4a002d5fcb6ea00c15f04b77bba8f84a5d8a98c4d5
linear-probe-probe	candidate	allocator	candidate	opc_casefold_source_lookup	16384	46970	47210	47210	47002.0	5	0	0	144	0	0	0	144	d9b4239f722a2b243ab4f2e0d1208b8a145aa22b02e615adc2819c5cedb843fb	53d274d48f267c590a9cab4a002d5fcb6ea00c15f04b77bba8f84a5d8a98c4d5
linear-probe-probe	candidate	allocator	candidate	opc_casefold_source_exact_lookup	16384	2330	2370	2370	2332.0	5	0	0	144	0	0	0	144	58ee4d69d4dd8ed44c627b65ffe31ac45a9c0a0f9c0c7d05478298cdb0a00b31	53d274d48f267c590a9cab4a002d5fcb6ea00c15f04b77bba8f84a5d8a98c4d5
linear-probe-probe	candidate	allocator	candidate	opc_casefold_source_case_alias_lookup	16384	83680	91540	91540	85010.2	5	0	0	144	0	0	0	144	f197c1243908b5970c2045ae96d6312d27c2109a08ca4a3752ed36b2ae1a8fce	53d274d48f267c590a9cab4a002d5fcb6ea00c15f04b77bba8f84a5d8a98c4d5
linear-probe-probe	candidate	allocator	candidate	opc_casefold_source_genuine_miss_lookup	16384	49830	49900	49900	49784.0	5	0	0	144	0	0	0	144	fea761da167dbe4473f53f4886ea4a2da108776c8ba4b73d3f9332cc61824582	53d274d48f267c590a9cab4a002d5fcb6ea00c15f04b77bba8f84a5d8a98c4d5
scalar-vec-probe	control	normal	control	opc_casefold_source_open	256	306321	309311	309311	304573.0	5	9	19449	4	0	0	1	0	68bfa39a97c9d837c91a8667892bd3c0230d295c5327a84f7520b8ab02cd08b9	e8fcda9816d1203fec2cc267181e6e5d565b9712a3681b1b75306c4381f7d21c
scalar-vec-probe	control	normal	control	opc_casefold_source_lookup	256	21200	21231	21231	21194.2	5	0	0	144	0	0	0	144	6a02c72a84e45623f8150e12608dfb3189b6bb903ffd0bce8e31ee897d14ae1f	e8fcda9816d1203fec2cc267181e6e5d565b9712a3681b1b75306c4381f7d21c
scalar-vec-probe	control	normal	control	opc_casefold_source_exact_lookup	256	2330	2370	2370	2338.0	5	0	0	144	0	0	0	144	d8a61329d8e8909a043f56d9e6bf821fc208c82f8791c5810ed632a30b3ce637	e8fcda9816d1203fec2cc267181e6e5d565b9712a3681b1b75306c4381f7d21c
scalar-vec-probe	control	normal	control	opc_casefold_source_case_alias_lookup	256	41951	42040	42040	41950.2	5	0	0	144	0	0	0	144	a0f21335f2147ff2ce7cfaaa7db68a7c62e95ec23d8ba9df8b74864e20b45833	e8fcda9816d1203fec2cc267181e6e5d565b9712a3681b1b75306c4381f7d21c
scalar-vec-probe	control	normal	control	opc_casefold_source_genuine_miss_lookup	256	17910	17990	17990	17904.2	5	0	0	144	0	0	0	144	fea761da167dbe4473f53f4886ea4a2da108776c8ba4b73d3f9332cc61824582	e8fcda9816d1203fec2cc267181e6e5d565b9712a3681b1b75306c4381f7d21c
scalar-vec-probe	control	normal	control	opc_casefold_source_open	2047	2473511	2502191	2502191	2478386.8	5	11	150192	4	0	0	1	0	f96278805e54bdf67f62efc0d9b09782988ca60007c602153f2b0498c217016f	e8fcda9816d1203fec2cc267181e6e5d565b9712a3681b1b75306c4381f7d21c
scalar-vec-probe	control	normal	control	opc_casefold_source_lookup	2047	150831	156920	156920	152342.6	5	0	0	144	0	0	0	144	3cd131d27cdec2640f017ff7998ef2fc7eb6462832039f401686f3ab021355ea	e8fcda9816d1203fec2cc267181e6e5d565b9712a3681b1b75306c4381f7d21c
scalar-vec-probe	control	normal	control	opc_casefold_source_exact_lookup	2047	2300	2320	2320	2300.0	5	0	0	144	0	0	0	144	5ff83b42956e53036f19926d023a5e98f59889ec64e51dd618b6100753c9367e	e8fcda9816d1203fec2cc267181e6e5d565b9712a3681b1b75306c4381f7d21c
scalar-vec-probe	control	normal	control	opc_casefold_source_case_alias_lookup	2047	302831	310011	310011	304065.4	5	0	0	144	0	0	0	144	3336a08cd318f74e98515959a34dce128aefc6b9fa3546151fbf627572c025d9	e8fcda9816d1203fec2cc267181e6e5d565b9712a3681b1b75306c4381f7d21c
scalar-vec-probe	control	normal	control	opc_casefold_source_genuine_miss_lookup	2047	140461	143831	143831	125918.8	5	0	0	144	0	0	0	144	fea761da167dbe4473f53f4886ea4a2da108776c8ba4b73d3f9332cc61824582	e8fcda9816d1203fec2cc267181e6e5d565b9712a3681b1b75306c4381f7d21c
scalar-vec-probe	control	normal	control	opc_casefold_source_open	2048	2502881	2530460	2530460	2502356.6	5	11	150265	4	0	0	1	0	3449d32aa6d80e9cc12fbb1da1e6f5855177af1524250efda687b1ee99391298	e8fcda9816d1203fec2cc267181e6e5d565b9712a3681b1b75306c4381f7d21c
scalar-vec-probe	control	normal	control	opc_casefold_source_lookup	2048	37151	37170	37170	37104.4	5	0	0	144	0	0	0	144	3d124a528436b1e924dcbbd7d23040d5c258e0acf8e278113c17e447f017936a	e8fcda9816d1203fec2cc267181e6e5d565b9712a3681b1b75306c4381f7d21c
scalar-vec-probe	control	normal	control	opc_casefold_source_exact_lookup	2048	2290	2300	2300	2294.0	5	0	0	144	0	0	0	144	fa9dd41f44885e503e7a9fdbc03e97aa3b515723fe578b0e9bcaf114238990c9	e8fcda9816d1203fec2cc267181e6e5d565b9712a3681b1b75306c4381f7d21c
scalar-vec-probe	control	normal	control	opc_casefold_source_case_alias_lookup	2048	68721	68861	68861	68732.4	5	0	0	144	0	0	0	144	ab0ffe95ce1e4c74f73dd7b9ea910991299588ee79917e99efe6c0a8e26262b4	e8fcda9816d1203fec2cc267181e6e5d565b9712a3681b1b75306c4381f7d21c
scalar-vec-probe	control	normal	control	opc_casefold_source_genuine_miss_lookup	2048	37830	45390	45390	40012.4	5	0	0	144	0	0	0	144	fea761da167dbe4473f53f4886ea4a2da108776c8ba4b73d3f9332cc61824582	e8fcda9816d1203fec2cc267181e6e5d565b9712a3681b1b75306c4381f7d21c
scalar-vec-probe	control	normal	control	opc_casefold_source_open	16384	24370705	24628497	24628497	24376975.2	5	27	1196793	4	0	0	1	0	86fd877006855b5dd7ee889c0f6ec00c20645ec243d628ae77080d7a416e8cdd	e8fcda9816d1203fec2cc267181e6e5d565b9712a3681b1b75306c4381f7d21c
scalar-vec-probe	control	normal	control	opc_casefold_source_lookup	16384	47240	54430	54430	48698.2	5	0	0	144	0	0	0	144	d9b4239f722a2b243ab4f2e0d1208b8a145aa22b02e615adc2819c5cedb843fb	e8fcda9816d1203fec2cc267181e6e5d565b9712a3681b1b75306c4381f7d21c
scalar-vec-probe	control	normal	control	opc_casefold_source_exact_lookup	16384	2290	2330	2330	2300.0	5	0	0	144	0	0	0	144	58ee4d69d4dd8ed44c627b65ffe31ac45a9c0a0f9c0c7d05478298cdb0a00b31	e8fcda9816d1203fec2cc267181e6e5d565b9712a3681b1b75306c4381f7d21c
scalar-vec-probe	control	normal	control	opc_casefold_source_case_alias_lookup	16384	86150	87341	87341	86316.6	5	0	0	144	0	0	0	144	f197c1243908b5970c2045ae96d6312d27c2109a08ca4a3752ed36b2ae1a8fce	e8fcda9816d1203fec2cc267181e6e5d565b9712a3681b1b75306c4381f7d21c
scalar-vec-probe	control	normal	control	opc_casefold_source_genuine_miss_lookup	16384	46561	53340	53340	47890.2	5	0	0	144	0	0	0	144	fea761da167dbe4473f53f4886ea4a2da108776c8ba4b73d3f9332cc61824582	e8fcda9816d1203fec2cc267181e6e5d565b9712a3681b1b75306c4381f7d21c
scalar-vec-probe	candidate	normal	candidate	opc_casefold_source_open	256	311432	318292	318292	312218.0	5	9	19449	4	0	0	1	0	68bfa39a97c9d837c91a8667892bd3c0230d295c5327a84f7520b8ab02cd08b9	5291271e177b3ca2e8bc805007a3f20529606a749554274a593519fa730daa51
scalar-vec-probe	candidate	normal	candidate	opc_casefold_source_lookup	256	21770	22910	22910	22198.0	5	0	0	144	0	0	0	144	6a02c72a84e45623f8150e12608dfb3189b6bb903ffd0bce8e31ee897d14ae1f	5291271e177b3ca2e8bc805007a3f20529606a749554274a593519fa730daa51
scalar-vec-probe	candidate	normal	candidate	opc_casefold_source_exact_lookup	256	2730	2780	2780	2722.0	5	0	0	144	0	0	0	144	d8a61329d8e8909a043f56d9e6bf821fc208c82f8791c5810ed632a30b3ce637	5291271e177b3ca2e8bc805007a3f20529606a749554274a593519fa730daa51
scalar-vec-probe	candidate	normal	candidate	opc_casefold_source_case_alias_lookup	256	41800	45050	45050	42938.0	5	0	0	144	0	0	0	144	a0f21335f2147ff2ce7cfaaa7db68a7c62e95ec23d8ba9df8b74864e20b45833	5291271e177b3ca2e8bc805007a3f20529606a749554274a593519fa730daa51
scalar-vec-probe	candidate	normal	candidate	opc_casefold_source_genuine_miss_lookup	256	19570	19580	19580	19564.2	5	0	0	144	0	0	0	144	fea761da167dbe4473f53f4886ea4a2da108776c8ba4b73d3f9332cc61824582	5291271e177b3ca2e8bc805007a3f20529606a749554274a593519fa730daa51
scalar-vec-probe	candidate	normal	candidate	opc_casefold_source_open	2047	2477181	2504351	2504351	2472822.8	5	11	150192	4	0	0	1	0	f96278805e54bdf67f62efc0d9b09782988ca60007c602153f2b0498c217016f	5291271e177b3ca2e8bc805007a3f20529606a749554274a593519fa730daa51
scalar-vec-probe	candidate	normal	candidate	opc_casefold_source_lookup	2047	150631	157600	157600	151770.8	5	0	0	144	0	0	0	144	3cd131d27cdec2640f017ff7998ef2fc7eb6462832039f401686f3ab021355ea	5291271e177b3ca2e8bc805007a3f20529606a749554274a593519fa730daa51
scalar-vec-probe	candidate	normal	candidate	opc_casefold_source_exact_lookup	2047	2740	2880	2880	2744.0	5	0	0	144	0	0	0	144	5ff83b42956e53036f19926d023a5e98f59889ec64e51dd618b6100753c9367e	5291271e177b3ca2e8bc805007a3f20529606a749554274a593519fa730daa51
scalar-vec-probe	candidate	normal	candidate	opc_casefold_source_case_alias_lookup	2047	310852	333951	333951	316049.2	5	0	0	144	0	0	0	144	3336a08cd318f74e98515959a34dce128aefc6b9fa3546151fbf627572c025d9	5291271e177b3ca2e8bc805007a3f20529606a749554274a593519fa730daa51
scalar-vec-probe	candidate	normal	candidate	opc_casefold_source_genuine_miss_lookup	2047	144581	144801	144801	140030.8	5	0	0	144	0	0	0	144	fea761da167dbe4473f53f4886ea4a2da108776c8ba4b73d3f9332cc61824582	5291271e177b3ca2e8bc805007a3f20529606a749554274a593519fa730daa51
scalar-vec-probe	candidate	normal	candidate	opc_casefold_source_open	2048	2464511	2530351	2530351	2480948.8	5	11	150265	4	0	0	1	0	3449d32aa6d80e9cc12fbb1da1e6f5855177af1524250efda687b1ee99391298	5291271e177b3ca2e8bc805007a3f20529606a749554274a593519fa730daa51
scalar-vec-probe	candidate	normal	candidate	opc_casefold_source_lookup	2048	36460	43361	43361	37782.2	5	0	0	144	0	0	0	144	3d124a528436b1e924dcbbd7d23040d5c258e0acf8e278113c17e447f017936a	5291271e177b3ca2e8bc805007a3f20529606a749554274a593519fa730daa51
scalar-vec-probe	candidate	normal	candidate	opc_casefold_source_exact_lookup	2048	2630	2720	2720	2624.0	5	0	0	144	0	0	0	144	fa9dd41f44885e503e7a9fdbc03e97aa3b515723fe578b0e9bcaf114238990c9	5291271e177b3ca2e8bc805007a3f20529606a749554274a593519fa730daa51
scalar-vec-probe	candidate	normal	candidate	opc_casefold_source_case_alias_lookup	2048	64870	71510	71510	66186.4	5	0	0	144	0	0	0	144	ab0ffe95ce1e4c74f73dd7b9ea910991299588ee79917e99efe6c0a8e26262b4	5291271e177b3ca2e8bc805007a3f20529606a749554274a593519fa730daa51
scalar-vec-probe	candidate	normal	candidate	opc_casefold_source_genuine_miss_lookup	2048	38640	38680	38680	38626.2	5	0	0	144	0	0	0	144	fea761da167dbe4473f53f4886ea4a2da108776c8ba4b73d3f9332cc61824582	5291271e177b3ca2e8bc805007a3f20529606a749554274a593519fa730daa51
scalar-vec-probe	candidate	normal	candidate	opc_casefold_source_open	16384	22510827	23435841	23435841	22587057.6	5	27	1196793	4	0	0	1	0	86fd877006855b5dd7ee889c0f6ec00c20645ec243d628ae77080d7a416e8cdd	5291271e177b3ca2e8bc805007a3f20529606a749554274a593519fa730daa51
scalar-vec-probe	candidate	normal	candidate	opc_casefold_source_lookup	16384	45170	45190	45190	45128.2	5	0	0	144	0	0	0	144	d9b4239f722a2b243ab4f2e0d1208b8a145aa22b02e615adc2819c5cedb843fb	5291271e177b3ca2e8bc805007a3f20529606a749554274a593519fa730daa51
scalar-vec-probe	candidate	normal	candidate	opc_casefold_source_exact_lookup	16384	2770	2900	2900	2798.0	5	0	0	144	0	0	0	144	58ee4d69d4dd8ed44c627b65ffe31ac45a9c0a0f9c0c7d05478298cdb0a00b31	5291271e177b3ca2e8bc805007a3f20529606a749554274a593519fa730daa51
scalar-vec-probe	candidate	normal	candidate	opc_casefold_source_case_alias_lookup	16384	84430	90671	90671	85578.4	5	0	0	144	0	0	0	144	f197c1243908b5970c2045ae96d6312d27c2109a08ca4a3752ed36b2ae1a8fce	5291271e177b3ca2e8bc805007a3f20529606a749554274a593519fa730daa51
scalar-vec-probe	candidate	normal	candidate	opc_casefold_source_genuine_miss_lookup	16384	48460	48500	48500	48440.2	5	0	0	144	0	0	0	144	fea761da167dbe4473f53f4886ea4a2da108776c8ba4b73d3f9332cc61824582	5291271e177b3ca2e8bc805007a3f20529606a749554274a593519fa730daa51
scalar-vec-probe	control	allocator	control	opc_casefold_source_open	256	421672	444812	444812	426258.0	5	9	19449	4	0	0	1	0	68bfa39a97c9d837c91a8667892bd3c0230d295c5327a84f7520b8ab02cd08b9	ed7e92deb91ed8d900876d1dcff4ff0823c5a9707a46da13c89d9145327a479f
scalar-vec-probe	control	allocator	control	opc_casefold_source_lookup	256	21520	21770	21770	21560.0	5	0	0	144	0	0	0	144	6a02c72a84e45623f8150e12608dfb3189b6bb903ffd0bce8e31ee897d14ae1f	ed7e92deb91ed8d900876d1dcff4ff0823c5a9707a46da13c89d9145327a479f
scalar-vec-probe	control	allocator	control	opc_casefold_source_exact_lookup	256	2290	2310	2310	2292.0	5	0	0	144	0	0	0	144	d8a61329d8e8909a043f56d9e6bf821fc208c82f8791c5810ed632a30b3ce637	ed7e92deb91ed8d900876d1dcff4ff0823c5a9707a46da13c89d9145327a479f
scalar-vec-probe	control	allocator	control	opc_casefold_source_case_alias_lookup	256	41180	41240	41240	41160.0	5	0	0	144	0	0	0	144	a0f21335f2147ff2ce7cfaaa7db68a7c62e95ec23d8ba9df8b74864e20b45833	ed7e92deb91ed8d900876d1dcff4ff0823c5a9707a46da13c89d9145327a479f
scalar-vec-probe	control	allocator	control	opc_casefold_source_genuine_miss_lookup	256	19720	19760	19760	19700.0	5	0	0	144	0	0	0	144	fea761da167dbe4473f53f4886ea4a2da108776c8ba4b73d3f9332cc61824582	ed7e92deb91ed8d900876d1dcff4ff0823c5a9707a46da13c89d9145327a479f
scalar-vec-probe	control	allocator	control	opc_casefold_source_open	2047	3322795	3328764	3328764	3324326.2	5	11	150192	4	0	0	1	0	f96278805e54bdf67f62efc0d9b09782988ca60007c602153f2b0498c217016f	ed7e92deb91ed8d900876d1dcff4ff0823c5a9707a46da13c89d9145327a479f
scalar-vec-probe	control	allocator	control	opc_casefold_source_lookup	2047	150881	151700	151700	151004.6	5	0	0	144	0	0	0	144	3cd131d27cdec2640f017ff7998ef2fc7eb6462832039f401686f3ab021355ea	ed7e92deb91ed8d900876d1dcff4ff0823c5a9707a46da13c89d9145327a479f
scalar-vec-probe	control	allocator	control	opc_casefold_source_exact_lookup	2047	2320	9220	9220	3714.0	5	0	0	144	0	0	0	144	5ff83b42956e53036f19926d023a5e98f59889ec64e51dd618b6100753c9367e	ed7e92deb91ed8d900876d1dcff4ff0823c5a9707a46da13c89d9145327a479f
scalar-vec-probe	control	allocator	control	opc_casefold_source_case_alias_lookup	2047	300522	307012	307012	301459.6	5	0	0	144	0	0	0	144	3336a08cd318f74e98515959a34dce128aefc6b9fa3546151fbf627572c025d9	ed7e92deb91ed8d900876d1dcff4ff0823c5a9707a46da13c89d9145327a479f
scalar-vec-probe	control	allocator	control	opc_casefold_source_genuine_miss_lookup	2047	148121	154600	154600	137976.4	5	0	0	144	0	0	0	144	fea761da167dbe4473f53f4886ea4a2da108776c8ba4b73d3f9332cc61824582	ed7e92deb91ed8d900876d1dcff4ff0823c5a9707a46da13c89d9145327a479f
scalar-vec-probe	control	allocator	control	opc_casefold_source_open	2048	3374625	3382225	3382225	3374490.6	5	11	150265	4	0	0	1	0	3449d32aa6d80e9cc12fbb1da1e6f5855177af1524250efda687b1ee99391298	ed7e92deb91ed8d900876d1dcff4ff0823c5a9707a46da13c89d9145327a479f
scalar-vec-probe	control	allocator	control	opc_casefold_source_lookup	2048	37490	37700	37700	37530.0	5	0	0	144	0	0	0	144	3d124a528436b1e924dcbbd7d23040d5c258e0acf8e278113c17e447f017936a	ed7e92deb91ed8d900876d1dcff4ff0823c5a9707a46da13c89d9145327a479f
scalar-vec-probe	control	allocator	control	opc_casefold_source_exact_lookup	2048	2330	2340	2340	2328.0	5	0	0	144	0	0	0	144	fa9dd41f44885e503e7a9fdbc03e97aa3b515723fe578b0e9bcaf114238990c9	ed7e92deb91ed8d900876d1dcff4ff0823c5a9707a46da13c89d9145327a479f
scalar-vec-probe	control	allocator	control	opc_casefold_source_case_alias_lookup	2048	67751	67860	67860	67782.4	5	0	0	144	0	0	0	144	ab0ffe95ce1e4c74f73dd7b9ea910991299588ee79917e99efe6c0a8e26262b4	ed7e92deb91ed8d900876d1dcff4ff0823c5a9707a46da13c89d9145327a479f
scalar-vec-probe	control	allocator	control	opc_casefold_source_genuine_miss_lookup	2048	41900	47490	47490	43464.2	5	0	0	144	0	0	0	144	fea761da167dbe4473f53f4886ea4a2da108776c8ba4b73d3f9332cc61824582	ed7e92deb91ed8d900876d1dcff4ff0823c5a9707a46da13c89d9145327a479f
scalar-vec-probe	control	allocator	control	opc_casefold_source_open	16384	30905463	31811167	31811167	30930627.2	5	27	1196793	4	0	0	1	0	86fd877006855b5dd7ee889c0f6ec00c20645ec243d628ae77080d7a416e8cdd	ed7e92deb91ed8d900876d1dcff4ff0823c5a9707a46da13c89d9145327a479f
scalar-vec-probe	control	allocator	control	opc_casefold_source_lookup	16384	48171	48290	48290	48136.2	5	0	0	144	0	0	0	144	d9b4239f722a2b243ab4f2e0d1208b8a145aa22b02e615adc2819c5cedb843fb	ed7e92deb91ed8d900876d1dcff4ff0823c5a9707a46da13c89d9145327a479f
scalar-vec-probe	control	allocator	control	opc_casefold_source_exact_lookup	16384	2310	2380	2380	2328.0	5	0	0	144	0	0	0	144	58ee4d69d4dd8ed44c627b65ffe31ac45a9c0a0f9c0c7d05478298cdb0a00b31	ed7e92deb91ed8d900876d1dcff4ff0823c5a9707a46da13c89d9145327a479f
scalar-vec-probe	control	allocator	control	opc_casefold_source_case_alias_lookup	16384	86531	92920	92920	87830.4	5	0	0	144	0	0	0	144	f197c1243908b5970c2045ae96d6312d27c2109a08ca4a3752ed36b2ae1a8fce	ed7e92deb91ed8d900876d1dcff4ff0823c5a9707a46da13c89d9145327a479f
scalar-vec-probe	control	allocator	control	opc_casefold_source_genuine_miss_lookup	16384	50020	50151	50151	49982.4	5	0	0	144	0	0	0	144	fea761da167dbe4473f53f4886ea4a2da108776c8ba4b73d3f9332cc61824582	ed7e92deb91ed8d900876d1dcff4ff0823c5a9707a46da13c89d9145327a479f
scalar-vec-probe	candidate	allocator	candidate	opc_casefold_source_open	256	412852	414412	414412	412686.0	5	9	19449	4	0	0	1	0	68bfa39a97c9d837c91a8667892bd3c0230d295c5327a84f7520b8ab02cd08b9	442d78e1a5124895c0adc0a68607ad4e41bad72a320945adc9a0431d38f93424
scalar-vec-probe	candidate	allocator	candidate	opc_casefold_source_lookup	256	22010	24510	24510	22510.0	5	0	0	144	0	0	0	144	6a02c72a84e45623f8150e12608dfb3189b6bb903ffd0bce8e31ee897d14ae1f	442d78e1a5124895c0adc0a68607ad4e41bad72a320945adc9a0431d38f93424
scalar-vec-probe	candidate	allocator	candidate	opc_casefold_source_exact_lookup	256	2530	2610	2610	2544.0	5	0	0	144	0	0	0	144	d8a61329d8e8909a043f56d9e6bf821fc208c82f8791c5810ed632a30b3ce637	442d78e1a5124895c0adc0a68607ad4e41bad72a320945adc9a0431d38f93424
scalar-vec-probe	candidate	allocator	candidate	opc_casefold_source_case_alias_lookup	256	41900	42150	42150	41934.2	5	0	0	144	0	0	0	144	a0f21335f2147ff2ce7cfaaa7db68a7c62e95ec23d8ba9df8b74864e20b45833	442d78e1a5124895c0adc0a68607ad4e41bad72a320945adc9a0431d38f93424
scalar-vec-probe	candidate	allocator	candidate	opc_casefold_source_genuine_miss_lookup	256	20220	29550	29550	22070.0	5	0	0	144	0	0	0	144	fea761da167dbe4473f53f4886ea4a2da108776c8ba4b73d3f9332cc61824582	442d78e1a5124895c0adc0a68607ad4e41bad72a320945adc9a0431d38f93424
scalar-vec-probe	candidate	allocator	candidate	opc_casefold_source_open	2047	3343634	3365325	3365325	3345140.2	5	11	150192	4	0	0	1	0	f96278805e54bdf67f62efc0d9b09782988ca60007c602153f2b0498c217016f	442d78e1a5124895c0adc0a68607ad4e41bad72a320945adc9a0431d38f93424
scalar-vec-probe	candidate	allocator	candidate	opc_casefold_source_lookup	2047	160931	171821	171821	159396.8	5	0	0	144	0	0	0	144	3cd131d27cdec2640f017ff7998ef2fc7eb6462832039f401686f3ab021355ea	442d78e1a5124895c0adc0a68607ad4e41bad72a320945adc9a0431d38f93424
scalar-vec-probe	candidate	allocator	candidate	opc_casefold_source_exact_lookup	2047	2530	2550	2550	2522.0	5	0	0	144	0	0	0	144	5ff83b42956e53036f19926d023a5e98f59889ec64e51dd618b6100753c9367e	442d78e1a5124895c0adc0a68607ad4e41bad72a320945adc9a0431d38f93424
scalar-vec-probe	candidate	allocator	candidate	opc_casefold_source_case_alias_lookup	2047	303162	309231	309231	304005.4	5	0	0	144	0	0	0	144	3336a08cd318f74e98515959a34dce128aefc6b9fa3546151fbf627572c025d9	442d78e1a5124895c0adc0a68607ad4e41bad72a320945adc9a0431d38f93424
scalar-vec-probe	candidate	allocator	candidate	opc_casefold_source_genuine_miss_lookup	2047	147681	149980	149980	147970.8	5	0	0	144	0	0	0	144	fea761da167dbe4473f53f4886ea4a2da108776c8ba4b73d3f9332cc61824582	442d78e1a5124895c0adc0a68607ad4e41bad72a320945adc9a0431d38f93424
scalar-vec-probe	candidate	allocator	candidate	opc_casefold_source_open	2048	3307124	3319975	3319975	3311616.4	5	11	150265	4	0	0	1	0	3449d32aa6d80e9cc12fbb1da1e6f5855177af1524250efda687b1ee99391298	442d78e1a5124895c0adc0a68607ad4e41bad72a320945adc9a0431d38f93424
scalar-vec-probe	candidate	allocator	candidate	opc_casefold_source_lookup	2048	37580	37760	37760	37610.0	5	0	0	144	0	0	0	144	3d124a528436b1e924dcbbd7d23040d5c258e0acf8e278113c17e447f017936a	442d78e1a5124895c0adc0a68607ad4e41bad72a320945adc9a0431d38f93424
scalar-vec-probe	candidate	allocator	candidate	opc_casefold_source_exact_lookup	2048	2730	2750	2750	2730.0	5	0	0	144	0	0	0	144	fa9dd41f44885e503e7a9fdbc03e97aa3b515723fe578b0e9bcaf114238990c9	442d78e1a5124895c0adc0a68607ad4e41bad72a320945adc9a0431d38f93424
scalar-vec-probe	candidate	allocator	candidate	opc_casefold_source_case_alias_lookup	2048	66730	66741	66741	66644.2	5	0	0	144	0	0	0	144	ab0ffe95ce1e4c74f73dd7b9ea910991299588ee79917e99efe6c0a8e26262b4	442d78e1a5124895c0adc0a68607ad4e41bad72a320945adc9a0431d38f93424
scalar-vec-probe	candidate	allocator	candidate	opc_casefold_source_genuine_miss_lookup	2048	40950	41041	41041	40964.2	5	0	0	144	0	0	0	144	fea761da167dbe4473f53f4886ea4a2da108776c8ba4b73d3f9332cc61824582	442d78e1a5124895c0adc0a68607ad4e41bad72a320945adc9a0431d38f93424
scalar-vec-probe	candidate	allocator	candidate	opc_casefold_source_open	16384	29826229	30085140	30085140	29756922.4	5	27	1196793	4	0	0	1	0	86fd877006855b5dd7ee889c0f6ec00c20645ec243d628ae77080d7a416e8cdd	442d78e1a5124895c0adc0a68607ad4e41bad72a320945adc9a0431d38f93424
scalar-vec-probe	candidate	allocator	candidate	opc_casefold_source_lookup	16384	46271	46370	46370	46246.2	5	0	0	144	0	0	0	144	d9b4239f722a2b243ab4f2e0d1208b8a145aa22b02e615adc2819c5cedb843fb	442d78e1a5124895c0adc0a68607ad4e41bad72a320945adc9a0431d38f93424
scalar-vec-probe	candidate	allocator	candidate	opc_casefold_source_exact_lookup	16384	2511	2530	2530	2512.2	5	0	0	144	0	0	0	144	58ee4d69d4dd8ed44c627b65ffe31ac45a9c0a0f9c0c7d05478298cdb0a00b31	442d78e1a5124895c0adc0a68607ad4e41bad72a320945adc9a0431d38f93424
scalar-vec-probe	candidate	allocator	candidate	opc_casefold_source_case_alias_lookup	16384	86430	92300	92300	87382.4	5	0	0	144	0	0	0	144	f197c1243908b5970c2045ae96d6312d27c2109a08ca4a3752ed36b2ae1a8fce	442d78e1a5124895c0adc0a68607ad4e41bad72a320945adc9a0431d38f93424
scalar-vec-probe	candidate	allocator	candidate	opc_casefold_source_genuine_miss_lookup	16384	49871	49990	49990	49830.2	5	0	0	144	0	0	0	144	fea761da167dbe4473f53f4886ea4a2da108776c8ba4b73d3f9332cc61824582	442d78e1a5124895c0adc0a68607ad4e41bad72a320945adc9a0431d38f93424
std-prehashed-map-probe	control	normal	control	opc_casefold_source_open	256	300471	312822	312822	302583.4	5	9	19449	4	0	0	1	0	68bfa39a97c9d837c91a8667892bd3c0230d295c5327a84f7520b8ab02cd08b9	ad416cf1cee7f8c5ec42138ca2c420ed85efdc1afc4787086f753c88a3843d50
std-prehashed-map-probe	control	normal	control	opc_casefold_source_lookup	256	21460	21610	21610	21466.2	5	0	0	144	0	0	0	144	6a02c72a84e45623f8150e12608dfb3189b6bb903ffd0bce8e31ee897d14ae1f	ad416cf1cee7f8c5ec42138ca2c420ed85efdc1afc4787086f753c88a3843d50
std-prehashed-map-probe	control	normal	control	opc_casefold_source_exact_lookup	256	2340	2350	2350	2336.0	5	0	0	144	0	0	0	144	d8a61329d8e8909a043f56d9e6bf821fc208c82f8791c5810ed632a30b3ce637	ad416cf1cee7f8c5ec42138ca2c420ed85efdc1afc4787086f753c88a3843d50
std-prehashed-map-probe	control	normal	control	opc_casefold_source_case_alias_lookup	256	42520	42561	42561	42512.2	5	0	0	144	0	0	0	144	a0f21335f2147ff2ce7cfaaa7db68a7c62e95ec23d8ba9df8b74864e20b45833	ad416cf1cee7f8c5ec42138ca2c420ed85efdc1afc4787086f753c88a3843d50
std-prehashed-map-probe	control	normal	control	opc_casefold_source_genuine_miss_lookup	256	17990	18070	18070	18010.2	5	0	0	144	0	0	0	144	fea761da167dbe4473f53f4886ea4a2da108776c8ba4b73d3f9332cc61824582	ad416cf1cee7f8c5ec42138ca2c420ed85efdc1afc4787086f753c88a3843d50
std-prehashed-map-probe	control	normal	control	opc_casefold_source_open	2047	2413632	2432431	2432431	2418241.2	5	11	150192	4	0	0	1	0	f96278805e54bdf67f62efc0d9b09782988ca60007c602153f2b0498c217016f	ad416cf1cee7f8c5ec42138ca2c420ed85efdc1afc4787086f753c88a3843d50
std-prehashed-map-probe	control	normal	control	opc_casefold_source_lookup	2047	150521	156281	156281	151764.8	5	0	0	144	0	0	0	144	3cd131d27cdec2640f017ff7998ef2fc7eb6462832039f401686f3ab021355ea	ad416cf1cee7f8c5ec42138ca2c420ed85efdc1afc4787086f753c88a3843d50
std-prehashed-map-probe	control	normal	control	opc_casefold_source_exact_lookup	2047	2300	2310	2310	2298.2	5	0	0	144	0	0	0	144	5ff83b42956e53036f19926d023a5e98f59889ec64e51dd618b6100753c9367e	ad416cf1cee7f8c5ec42138ca2c420ed85efdc1afc4787086f753c88a3843d50
std-prehashed-map-probe	control	normal	control	opc_casefold_source_case_alias_lookup	2047	301311	308631	308631	303883.2	5	0	0	144	0	0	0	144	3336a08cd318f74e98515959a34dce128aefc6b9fa3546151fbf627572c025d9	ad416cf1cee7f8c5ec42138ca2c420ed85efdc1afc4787086f753c88a3843d50
std-prehashed-map-probe	control	normal	control	opc_casefold_source_genuine_miss_lookup	2047	143971	144310	144310	131784.6	5	0	0	144	0	0	0	144	fea761da167dbe4473f53f4886ea4a2da108776c8ba4b73d3f9332cc61824582	ad416cf1cee7f8c5ec42138ca2c420ed85efdc1afc4787086f753c88a3843d50
std-prehashed-map-probe	control	normal	control	opc_casefold_source_open	2048	2477772	2494332	2494332	2477457.6	5	11	150265	4	0	0	1	0	3449d32aa6d80e9cc12fbb1da1e6f5855177af1524250efda687b1ee99391298	ad416cf1cee7f8c5ec42138ca2c420ed85efdc1afc4787086f753c88a3843d50
std-prehashed-map-probe	control	normal	control	opc_casefold_source_lookup	2048	37140	42790	42790	38258.2	5	0	0	144	0	0	0	144	3d124a528436b1e924dcbbd7d23040d5c258e0acf8e278113c17e447f017936a	ad416cf1cee7f8c5ec42138ca2c420ed85efdc1afc4787086f753c88a3843d50
std-prehashed-map-probe	control	normal	control	opc_casefold_source_exact_lookup	2048	2310	2320	2320	2310.0	5	0	0	144	0	0	0	144	fa9dd41f44885e503e7a9fdbc03e97aa3b515723fe578b0e9bcaf114238990c9	ad416cf1cee7f8c5ec42138ca2c420ed85efdc1afc4787086f753c88a3843d50
std-prehashed-map-probe	control	normal	control	opc_casefold_source_case_alias_lookup	2048	67930	75250	75250	69376.2	5	0	0	144	0	0	0	144	ab0ffe95ce1e4c74f73dd7b9ea910991299588ee79917e99efe6c0a8e26262b4	ad416cf1cee7f8c5ec42138ca2c420ed85efdc1afc4787086f753c88a3843d50
std-prehashed-map-probe	control	normal	control	opc_casefold_source_genuine_miss_lookup	2048	39360	39550	39550	39380.2	5	0	0	144	0	0	0	144	fea761da167dbe4473f53f4886ea4a2da108776c8ba4b73d3f9332cc61824582	ad416cf1cee7f8c5ec42138ca2c420ed85efdc1afc4787086f753c88a3843d50
std-prehashed-map-probe	control	normal	control	opc_casefold_source_open	16384	24131924	24903909	24903909	24111174.6	5	27	1196793	4	0	0	1	0	86fd877006855b5dd7ee889c0f6ec00c20645ec243d628ae77080d7a416e8cdd	ad416cf1cee7f8c5ec42138ca2c420ed85efdc1afc4787086f753c88a3843d50
std-prehashed-map-probe	control	normal	control	opc_casefold_source_lookup	16384	47710	47740	47740	47666.4	5	0	0	144	0	0	0	144	d9b4239f722a2b243ab4f2e0d1208b8a145aa22b02e615adc2819c5cedb843fb	ad416cf1cee7f8c5ec42138ca2c420ed85efdc1afc4787086f753c88a3843d50
std-prehashed-map-probe	control	normal	control	opc_casefold_source_exact_lookup	16384	2330	2360	2360	2338.0	5	0	0	144	0	0	0	144	58ee4d69d4dd8ed44c627b65ffe31ac45a9c0a0f9c0c7d05478298cdb0a00b31	ad416cf1cee7f8c5ec42138ca2c420ed85efdc1afc4787086f753c88a3843d50
std-prehashed-map-probe	control	normal	control	opc_casefold_source_case_alias_lookup	16384	85181	90470	90470	86506.4	5	0	0	144	0	0	0	144	f197c1243908b5970c2045ae96d6312d27c2109a08ca4a3752ed36b2ae1a8fce	ad416cf1cee7f8c5ec42138ca2c420ed85efdc1afc4787086f753c88a3843d50
std-prehashed-map-probe	control	normal	control	opc_casefold_source_genuine_miss_lookup	16384	47681	47710	47710	47678.6	5	0	0	144	0	0	0	144	fea761da167dbe4473f53f4886ea4a2da108776c8ba4b73d3f9332cc61824582	ad416cf1cee7f8c5ec42138ca2c420ed85efdc1afc4787086f753c88a3843d50
std-prehashed-map-probe	candidate	normal	candidate	opc_casefold_source_open	256	310332	508292	508292	351401.6	5	9	19449	4	0	0	1	0	68bfa39a97c9d837c91a8667892bd3c0230d295c5327a84f7520b8ab02cd08b9	c00ce7f31823a44eb3df781232c3d722948a45a8beb7826dfa22a61db1b0a4f0
std-prehashed-map-probe	candidate	normal	candidate	opc_casefold_source_lookup	256	23011	30130	30130	24430.2	5	0	0	144	0	0	0	144	6a02c72a84e45623f8150e12608dfb3189b6bb903ffd0bce8e31ee897d14ae1f	c00ce7f31823a44eb3df781232c3d722948a45a8beb7826dfa22a61db1b0a4f0
std-prehashed-map-probe	candidate	normal	candidate	opc_casefold_source_exact_lookup	256	2470	2530	2530	2484.0	5	0	0	144	0	0	0	144	d8a61329d8e8909a043f56d9e6bf821fc208c82f8791c5810ed632a30b3ce637	c00ce7f31823a44eb3df781232c3d722948a45a8beb7826dfa22a61db1b0a4f0
std-prehashed-map-probe	candidate	normal	candidate	opc_casefold_source_case_alias_lookup	256	42890	43230	43230	42826.2	5	0	0	144	0	0	0	144	a0f21335f2147ff2ce7cfaaa7db68a7c62e95ec23d8ba9df8b74864e20b45833	c00ce7f31823a44eb3df781232c3d722948a45a8beb7826dfa22a61db1b0a4f0
std-prehashed-map-probe	candidate	normal	candidate	opc_casefold_source_genuine_miss_lookup	256	18730	18740	18740	18702.0	5	0	0	144	0	0	0	144	fea761da167dbe4473f53f4886ea4a2da108776c8ba4b73d3f9332cc61824582	c00ce7f31823a44eb3df781232c3d722948a45a8beb7826dfa22a61db1b0a4f0
std-prehashed-map-probe	candidate	normal	candidate	opc_casefold_source_open	2047	2512232	2517712	2517712	2511779.8	5	11	150192	4	0	0	1	0	f96278805e54bdf67f62efc0d9b09782988ca60007c602153f2b0498c217016f	c00ce7f31823a44eb3df781232c3d722948a45a8beb7826dfa22a61db1b0a4f0
std-prehashed-map-probe	candidate	normal	candidate	opc_casefold_source_lookup	2047	151171	151400	151400	151028.8	5	0	0	144	0	0	0	144	3cd131d27cdec2640f017ff7998ef2fc7eb6462832039f401686f3ab021355ea	c00ce7f31823a44eb3df781232c3d722948a45a8beb7826dfa22a61db1b0a4f0
std-prehashed-map-probe	candidate	normal	candidate	opc_casefold_source_exact_lookup	2047	2510	2530	2530	2506.0	5	0	0	144	0	0	0	144	5ff83b42956e53036f19926d023a5e98f59889ec64e51dd618b6100753c9367e	c00ce7f31823a44eb3df781232c3d722948a45a8beb7826dfa22a61db1b0a4f0
std-prehashed-map-probe	candidate	normal	candidate	opc_casefold_source_case_alias_lookup	2047	303201	332422	332422	310611.8	5	0	0	144	0	0	0	144	3336a08cd318f74e98515959a34dce128aefc6b9fa3546151fbf627572c025d9	c00ce7f31823a44eb3df781232c3d722948a45a8beb7826dfa22a61db1b0a4f0
std-prehashed-map-probe	candidate	normal	candidate	opc_casefold_source_genuine_miss_lookup	2047	144271	150831	150831	145556.8	5	0	0	144	0	0	0	144	fea761da167dbe4473f53f4886ea4a2da108776c8ba4b73d3f9332cc61824582	c00ce7f31823a44eb3df781232c3d722948a45a8beb7826dfa22a61db1b0a4f0
std-prehashed-map-probe	candidate	normal	candidate	opc_casefold_source_open	2048	2508552	2519852	2519852	2510584.0	5	11	150265	4	0	0	1	0	3449d32aa6d80e9cc12fbb1da1e6f5855177af1524250efda687b1ee99391298	c00ce7f31823a44eb3df781232c3d722948a45a8beb7826dfa22a61db1b0a4f0
std-prehashed-map-probe	candidate	normal	candidate	opc_casefold_source_lookup	2048	36241	36310	36310	36242.2	5	0	0	144	0	0	0	144	3d124a528436b1e924dcbbd7d23040d5c258e0acf8e278113c17e447f017936a	c00ce7f31823a44eb3df781232c3d722948a45a8beb7826dfa22a61db1b0a4f0
std-prehashed-map-probe	candidate	normal	candidate	opc_casefold_source_exact_lookup	2048	2620	2620	2620	2610.0	5	0	0	144	0	0	0	144	fa9dd41f44885e503e7a9fdbc03e97aa3b515723fe578b0e9bcaf114238990c9	c00ce7f31823a44eb3df781232c3d722948a45a8beb7826dfa22a61db1b0a4f0
std-prehashed-map-probe	candidate	normal	candidate	opc_casefold_source_case_alias_lookup	2048	65890	65911	65911	65884.4	5	0	0	144	0	0	0	144	ab0ffe95ce1e4c74f73dd7b9ea910991299588ee79917e99efe6c0a8e26262b4	c00ce7f31823a44eb3df781232c3d722948a45a8beb7826dfa22a61db1b0a4f0
std-prehashed-map-probe	candidate	normal	candidate	opc_casefold_source_genuine_miss_lookup	2048	37970	37991	37991	37952.2	5	0	0	144	0	0	0	144	fea761da167dbe4473f53f4886ea4a2da108776c8ba4b73d3f9332cc61824582	c00ce7f31823a44eb3df781232c3d722948a45a8beb7826dfa22a61db1b0a4f0
std-prehashed-map-probe	candidate	normal	candidate	opc_casefold_source_open	16384	24038257	24510379	24510379	24051064.6	5	27	1196793	4	0	0	1	0	86fd877006855b5dd7ee889c0f6ec00c20645ec243d628ae77080d7a416e8cdd	c00ce7f31823a44eb3df781232c3d722948a45a8beb7826dfa22a61db1b0a4f0
std-prehashed-map-probe	candidate	normal	candidate	opc_casefold_source_lookup	16384	45360	45640	45640	45320.2	5	0	0	144	0	0	0	144	d9b4239f722a2b243ab4f2e0d1208b8a145aa22b02e615adc2819c5cedb843fb	c00ce7f31823a44eb3df781232c3d722948a45a8beb7826dfa22a61db1b0a4f0
std-prehashed-map-probe	candidate	normal	candidate	opc_casefold_source_exact_lookup	16384	2700	3280	3280	2806.0	5	0	0	144	0	0	0	144	58ee4d69d4dd8ed44c627b65ffe31ac45a9c0a0f9c0c7d05478298cdb0a00b31	c00ce7f31823a44eb3df781232c3d722948a45a8beb7826dfa22a61db1b0a4f0
std-prehashed-map-probe	candidate	normal	candidate	opc_casefold_source_case_alias_lookup	16384	83280	85291	85291	83866.2	5	0	0	144	0	0	0	144	f197c1243908b5970c2045ae96d6312d27c2109a08ca4a3752ed36b2ae1a8fce	c00ce7f31823a44eb3df781232c3d722948a45a8beb7826dfa22a61db1b0a4f0
std-prehashed-map-probe	candidate	normal	candidate	opc_casefold_source_genuine_miss_lookup	16384	46860	52921	52921	48086.2	5	0	0	144	0	0	0	144	fea761da167dbe4473f53f4886ea4a2da108776c8ba4b73d3f9332cc61824582	c00ce7f31823a44eb3df781232c3d722948a45a8beb7826dfa22a61db1b0a4f0
std-prehashed-map-probe	control	allocator	control	opc_casefold_source_open	256	413392	416252	416252	413623.8	5	9	19449	4	0	0	1	0	68bfa39a97c9d837c91a8667892bd3c0230d295c5327a84f7520b8ab02cd08b9	87f7c215c86bd4dcdfc22c51f198f46c1068a12eb5554ac7fce1f959d53b5c00
std-prehashed-map-probe	control	allocator	control	opc_casefold_source_lookup	256	22880	25260	25260	22852.0	5	0	0	144	0	0	0	144	6a02c72a84e45623f8150e12608dfb3189b6bb903ffd0bce8e31ee897d14ae1f	87f7c215c86bd4dcdfc22c51f198f46c1068a12eb5554ac7fce1f959d53b5c00
std-prehashed-map-probe	control	allocator	control	opc_casefold_source_exact_lookup	256	2340	2370	2370	2334.0	5	0	0	144	0	0	0	144	d8a61329d8e8909a043f56d9e6bf821fc208c82f8791c5810ed632a30b3ce637	87f7c215c86bd4dcdfc22c51f198f46c1068a12eb5554ac7fce1f959d53b5c00
std-prehashed-map-probe	control	allocator	control	opc_casefold_source_case_alias_lookup	256	41250	41431	41431	41272.4	5	0	0	144	0	0	0	144	a0f21335f2147ff2ce7cfaaa7db68a7c62e95ec23d8ba9df8b74864e20b45833	87f7c215c86bd4dcdfc22c51f198f46c1068a12eb5554ac7fce1f959d53b5c00
std-prehashed-map-probe	control	allocator	control	opc_casefold_source_genuine_miss_lookup	256	19920	20050	20050	19906.0	5	0	0	144	0	0	0	144	fea761da167dbe4473f53f4886ea4a2da108776c8ba4b73d3f9332cc61824582	87f7c215c86bd4dcdfc22c51f198f46c1068a12eb5554ac7fce1f959d53b5c00
std-prehashed-map-probe	control	allocator	control	opc_casefold_source_open	2047	3340235	3349215	3349215	3340418.8	5	11	150192	4	0	0	1	0	f96278805e54bdf67f62efc0d9b09782988ca60007c602153f2b0498c217016f	87f7c215c86bd4dcdfc22c51f198f46c1068a12eb5554ac7fce1f959d53b5c00
std-prehashed-map-probe	control	allocator	control	opc_casefold_source_lookup	2047	151121	152370	152370	151400.6	5	0	0	144	0	0	0	144	3cd131d27cdec2640f017ff7998ef2fc7eb6462832039f401686f3ab021355ea	87f7c215c86bd4dcdfc22c51f198f46c1068a12eb5554ac7fce1f959d53b5c00
std-prehashed-map-probe	control	allocator	control	opc_casefold_source_exact_lookup	2047	2300	2300	2300	2294.0	5	0	0	144	0	0	0	144	5ff83b42956e53036f19926d023a5e98f59889ec64e51dd618b6100753c9367e	87f7c215c86bd4dcdfc22c51f198f46c1068a12eb5554ac7fce1f959d53b5c00
std-prehashed-map-probe	control	allocator	control	opc_casefold_source_case_alias_lookup	2047	301791	331741	331741	308943.2	5	0	0	144	0	0	0	144	3336a08cd318f74e98515959a34dce128aefc6b9fa3546151fbf627572c025d9	87f7c215c86bd4dcdfc22c51f198f46c1068a12eb5554ac7fce1f959d53b5c00
std-prehashed-map-probe	control	allocator	control	opc_casefold_source_genuine_miss_lookup	2047	148191	154060	154060	137076.6	5	0	0	144	0	0	0	144	fea761da167dbe4473f53f4886ea4a2da108776c8ba4b73d3f9332cc61824582	87f7c215c86bd4dcdfc22c51f198f46c1068a12eb5554ac7fce1f959d53b5c00
std-prehashed-map-probe	control	allocator	control	opc_casefold_source_open	2048	3409285	3411766	3411766	3409443.2	5	11	150265	4	0	0	1	0	3449d32aa6d80e9cc12fbb1da1e6f5855177af1524250efda687b1ee99391298	87f7c215c86bd4dcdfc22c51f198f46c1068a12eb5554ac7fce1f959d53b5c00
std-prehashed-map-probe	control	allocator	control	opc_casefold_source_lookup	2048	37230	37270	37270	37218.0	5	0	0	144	0	0	0	144	3d124a528436b1e924dcbbd7d23040d5c258e0acf8e278113c17e447f017936a	87f7c215c86bd4dcdfc22c51f198f46c1068a12eb5554ac7fce1f959d53b5c00
std-prehashed-map-probe	control	allocator	control	opc_casefold_source_exact_lookup	2048	2340	2360	2360	2342.0	5	0	0	144	0	0	0	144	fa9dd41f44885e503e7a9fdbc03e97aa3b515723fe578b0e9bcaf114238990c9	87f7c215c86bd4dcdfc22c51f198f46c1068a12eb5554ac7fce1f959d53b5c00
std-prehashed-map-probe	control	allocator	control	opc_casefold_source_case_alias_lookup	2048	68700	68761	68761	68338.4	5	0	0	144	0	0	0	144	ab0ffe95ce1e4c74f73dd7b9ea910991299588ee79917e99efe6c0a8e26262b4	87f7c215c86bd4dcdfc22c51f198f46c1068a12eb5554ac7fce1f959d53b5c00
std-prehashed-map-probe	control	allocator	control	opc_casefold_source_genuine_miss_lookup	2048	40740	46761	46761	41926.2	5	0	0	144	0	0	0	144	fea761da167dbe4473f53f4886ea4a2da108776c8ba4b73d3f9332cc61824582	87f7c215c86bd4dcdfc22c51f198f46c1068a12eb5554ac7fce1f959d53b5c00
std-prehashed-map-probe	control	allocator	control	opc_casefold_source_open	16384	30656537	31234960	31234960	30602491.0	5	27	1196793	4	0	0	1	0	86fd877006855b5dd7ee889c0f6ec00c20645ec243d628ae77080d7a416e8cdd	87f7c215c86bd4dcdfc22c51f198f46c1068a12eb5554ac7fce1f959d53b5c00
std-prehashed-map-probe	control	allocator	control	opc_casefold_source_lookup	16384	48501	54590	54590	49690.2	5	0	0	144	0	0	0	144	d9b4239f722a2b243ab4f2e0d1208b8a145aa22b02e615adc2819c5cedb843fb	87f7c215c86bd4dcdfc22c51f198f46c1068a12eb5554ac7fce1f959d53b5c00
std-prehashed-map-probe	control	allocator	control	opc_casefold_source_exact_lookup	16384	2300	2320	2320	2298.0	5	0	0	144	0	0	0	144	58ee4d69d4dd8ed44c627b65ffe31ac45a9c0a0f9c0c7d05478298cdb0a00b31	87f7c215c86bd4dcdfc22c51f198f46c1068a12eb5554ac7fce1f959d53b5c00
std-prehashed-map-probe	control	allocator	control	opc_casefold_source_case_alias_lookup	16384	86530	86750	86750	86334.4	5	0	0	144	0	0	0	144	f197c1243908b5970c2045ae96d6312d27c2109a08ca4a3752ed36b2ae1a8fce	87f7c215c86bd4dcdfc22c51f198f46c1068a12eb5554ac7fce1f959d53b5c00
std-prehashed-map-probe	control	allocator	control	opc_casefold_source_genuine_miss_lookup	16384	50100	50190	50190	50100.2	5	0	0	144	0	0	0	144	fea761da167dbe4473f53f4886ea4a2da108776c8ba4b73d3f9332cc61824582	87f7c215c86bd4dcdfc22c51f198f46c1068a12eb5554ac7fce1f959d53b5c00
std-prehashed-map-probe	candidate	allocator	candidate	opc_casefold_source_open	256	429402	435812	435812	429894.0	5	9	19449	4	0	0	1	0	68bfa39a97c9d837c91a8667892bd3c0230d295c5327a84f7520b8ab02cd08b9	813adfd83d1fd6d48fffc8b7d8f535dc971983149b89088fac554685fff465ec
std-prehashed-map-probe	candidate	allocator	candidate	opc_casefold_source_lookup	256	21700	28360	28360	23054.0	5	0	0	144	0	0	0	144	6a02c72a84e45623f8150e12608dfb3189b6bb903ffd0bce8e31ee897d14ae1f	813adfd83d1fd6d48fffc8b7d8f535dc971983149b89088fac554685fff465ec
std-prehashed-map-probe	candidate	allocator	candidate	opc_casefold_source_exact_lookup	256	2520	2570	2570	2530.0	5	0	0	144	0	0	0	144	d8a61329d8e8909a043f56d9e6bf821fc208c82f8791c5810ed632a30b3ce637	813adfd83d1fd6d48fffc8b7d8f535dc971983149b89088fac554685fff465ec
std-prehashed-map-probe	candidate	allocator	candidate	opc_casefold_source_case_alias_lookup	256	45820	45870	45870	44446.2	5	0	0	144	0	0	0	144	a0f21335f2147ff2ce7cfaaa7db68a7c62e95ec23d8ba9df8b74864e20b45833	813adfd83d1fd6d48fffc8b7d8f535dc971983149b89088fac554685fff465ec
std-prehashed-map-probe	candidate	allocator	candidate	opc_casefold_source_genuine_miss_lookup	256	18991	19010	19010	18992.2	5	0	0	144	0	0	0	144	fea761da167dbe4473f53f4886ea4a2da108776c8ba4b73d3f9332cc61824582	813adfd83d1fd6d48fffc8b7d8f535dc971983149b89088fac554685fff465ec
std-prehashed-map-probe	candidate	allocator	candidate	opc_casefold_source_open	2047	3418405	3424056	3424056	3417203.4	5	11	150192	4	0	0	1	0	f96278805e54bdf67f62efc0d9b09782988ca60007c602153f2b0498c217016f	813adfd83d1fd6d48fffc8b7d8f535dc971983149b89088fac554685fff465ec
std-prehashed-map-probe	candidate	allocator	candidate	opc_casefold_source_lookup	2047	161231	164311	164311	157998.8	5	0	0	144	0	0	0	144	3cd131d27cdec2640f017ff7998ef2fc7eb6462832039f401686f3ab021355ea	813adfd83d1fd6d48fffc8b7d8f535dc971983149b89088fac554685fff465ec
std-prehashed-map-probe	candidate	allocator	candidate	opc_casefold_source_exact_lookup	2047	2470	2500	2500	2474.0	5	0	0	144	0	0	0	144	5ff83b42956e53036f19926d023a5e98f59889ec64e51dd618b6100753c9367e	813adfd83d1fd6d48fffc8b7d8f535dc971983149b89088fac554685fff465ec
std-prehashed-map-probe	candidate	allocator	candidate	opc_casefold_source_case_alias_lookup	2047	301881	339601	339601	309353.4	5	0	0	144	0	0	0	144	3336a08cd318f74e98515959a34dce128aefc6b9fa3546151fbf627572c025d9	813adfd83d1fd6d48fffc8b7d8f535dc971983149b89088fac554685fff465ec
std-prehashed-map-probe	candidate	allocator	candidate	opc_casefold_source_genuine_miss_lookup	2047	146191	151210	151210	145918.6	5	0	0	144	0	0	0	144	fea761da167dbe4473f53f4886ea4a2da108776c8ba4b73d3f9332cc61824582	813adfd83d1fd6d48fffc8b7d8f535dc971983149b89088fac554685fff465ec
std-prehashed-map-probe	candidate	allocator	candidate	opc_casefold_source_open	2048	3380385	3401246	3401246	3383187.4	5	11	150265	4	0	0	1	0	3449d32aa6d80e9cc12fbb1da1e6f5855177af1524250efda687b1ee99391298	813adfd83d1fd6d48fffc8b7d8f535dc971983149b89088fac554685fff465ec
std-prehashed-map-probe	candidate	allocator	candidate	opc_casefold_source_lookup	2048	37450	43290	43290	38610.0	5	0	0	144	0	0	0	144	3d124a528436b1e924dcbbd7d23040d5c258e0acf8e278113c17e447f017936a	813adfd83d1fd6d48fffc8b7d8f535dc971983149b89088fac554685fff465ec
std-prehashed-map-probe	candidate	allocator	candidate	opc_casefold_source_exact_lookup	2048	2630	2670	2670	2628.0	5	0	0	144	0	0	0	144	fa9dd41f44885e503e7a9fdbc03e97aa3b515723fe578b0e9bcaf114238990c9	813adfd83d1fd6d48fffc8b7d8f535dc971983149b89088fac554685fff465ec
std-prehashed-map-probe	candidate	allocator	candidate	opc_casefold_source_case_alias_lookup	2048	66300	66351	66351	66294.4	5	0	0	144	0	0	0	144	ab0ffe95ce1e4c74f73dd7b9ea910991299588ee79917e99efe6c0a8e26262b4	813adfd83d1fd6d48fffc8b7d8f535dc971983149b89088fac554685fff465ec
std-prehashed-map-probe	candidate	allocator	candidate	opc_casefold_source_genuine_miss_lookup	2048	41430	41500	41500	41440.2	5	0	0	144	0	0	0	144	fea761da167dbe4473f53f4886ea4a2da108776c8ba4b73d3f9332cc61824582	813adfd83d1fd6d48fffc8b7d8f535dc971983149b89088fac554685fff465ec
std-prehashed-map-probe	candidate	allocator	candidate	opc_casefold_source_open	16384	30150795	30591457	30591457	30062702.4	5	27	1196793	4	0	0	1	0	86fd877006855b5dd7ee889c0f6ec00c20645ec243d628ae77080d7a416e8cdd	813adfd83d1fd6d48fffc8b7d8f535dc971983149b89088fac554685fff465ec
std-prehashed-map-probe	candidate	allocator	candidate	opc_casefold_source_lookup	16384	46771	46900	46900	46758.4	5	0	0	144	0	0	0	144	d9b4239f722a2b243ab4f2e0d1208b8a145aa22b02e615adc2819c5cedb843fb	813adfd83d1fd6d48fffc8b7d8f535dc971983149b89088fac554685fff465ec
std-prehashed-map-probe	candidate	allocator	candidate	opc_casefold_source_exact_lookup	16384	2630	2650	2650	2628.0	5	0	0	144	0	0	0	144	58ee4d69d4dd8ed44c627b65ffe31ac45a9c0a0f9c0c7d05478298cdb0a00b31	813adfd83d1fd6d48fffc8b7d8f535dc971983149b89088fac554685fff465ec
std-prehashed-map-probe	candidate	allocator	candidate	opc_casefold_source_case_alias_lookup	16384	84361	89410	89410	85212.4	5	0	0	144	0	0	0	144	f197c1243908b5970c2045ae96d6312d27c2109a08ca4a3752ed36b2ae1a8fce	813adfd83d1fd6d48fffc8b7d8f535dc971983149b89088fac554685fff465ec
std-prehashed-map-probe	candidate	allocator	candidate	opc_casefold_source_genuine_miss_lookup	16384	50310	50440	50440	50336.0	5	0	0	144	0	0	0	144	fea761da167dbe4473f53f4886ea4a2da108776c8ba4b73d3f9332cc61824582	813adfd83d1fd6d48fffc8b7d8f535dc971983149b89088fac554685fff465ec
hashbrown-hashtable-probe	control	normal	control	opc_casefold_source_open	256	299941	311441	311441	301989.0	5	9	19449	4	0	0	1	0	68bfa39a97c9d837c91a8667892bd3c0230d295c5327a84f7520b8ab02cd08b9	ac9b09863683495e69e95733467998a8dceaeffa0dce0557db353a1eb02fbb1e
hashbrown-hashtable-probe	control	normal	control	opc_casefold_source_lookup	256	22320	23680	23680	22366.0	5	0	0	144	0	0	0	144	6a02c72a84e45623f8150e12608dfb3189b6bb903ffd0bce8e31ee897d14ae1f	ac9b09863683495e69e95733467998a8dceaeffa0dce0557db353a1eb02fbb1e
hashbrown-hashtable-probe	control	normal	control	opc_casefold_source_exact_lookup	256	2330	2360	2360	2330.0	5	0	0	144	0	0	0	144	d8a61329d8e8909a043f56d9e6bf821fc208c82f8791c5810ed632a30b3ce637	ac9b09863683495e69e95733467998a8dceaeffa0dce0557db353a1eb02fbb1e
hashbrown-hashtable-probe	control	normal	control	opc_casefold_source_case_alias_lookup	256	41461	41670	41670	41504.4	5	0	0	144	0	0	0	144	a0f21335f2147ff2ce7cfaaa7db68a7c62e95ec23d8ba9df8b74864e20b45833	ac9b09863683495e69e95733467998a8dceaeffa0dce0557db353a1eb02fbb1e
hashbrown-hashtable-probe	control	normal	control	opc_casefold_source_genuine_miss_lookup	256	18320	18340	18340	18300.0	5	0	0	144	0	0	0	144	fea761da167dbe4473f53f4886ea4a2da108776c8ba4b73d3f9332cc61824582	ac9b09863683495e69e95733467998a8dceaeffa0dce0557db353a1eb02fbb1e
hashbrown-hashtable-probe	control	normal	control	opc_casefold_source_open	2047	2435650	2450920	2450920	2437684.4	5	11	150192	4	0	0	1	0	f96278805e54bdf67f62efc0d9b09782988ca60007c602153f2b0498c217016f	ac9b09863683495e69e95733467998a8dceaeffa0dce0557db353a1eb02fbb1e
hashbrown-hashtable-probe	control	normal	control	opc_casefold_source_lookup	2047	149531	149871	149871	149466.6	5	0	0	144	0	0	0	144	3cd131d27cdec2640f017ff7998ef2fc7eb6462832039f401686f3ab021355ea	ac9b09863683495e69e95733467998a8dceaeffa0dce0557db353a1eb02fbb1e
hashbrown-hashtable-probe	control	normal	control	opc_casefold_source_exact_lookup	2047	2340	2340	2340	2334.0	5	0	0	144	0	0	0	144	5ff83b42956e53036f19926d023a5e98f59889ec64e51dd618b6100753c9367e	ac9b09863683495e69e95733467998a8dceaeffa0dce0557db353a1eb02fbb1e
hashbrown-hashtable-probe	control	normal	control	opc_casefold_source_case_alias_lookup	2047	300352	306331	306331	302509.4	5	0	0	144	0	0	0	144	3336a08cd318f74e98515959a34dce128aefc6b9fa3546151fbf627572c025d9	ac9b09863683495e69e95733467998a8dceaeffa0dce0557db353a1eb02fbb1e
hashbrown-hashtable-probe	control	normal	control	opc_casefold_source_genuine_miss_lookup	2047	141801	147640	147640	142930.6	5	0	0	144	0	0	0	144	fea761da167dbe4473f53f4886ea4a2da108776c8ba4b73d3f9332cc61824582	ac9b09863683495e69e95733467998a8dceaeffa0dce0557db353a1eb02fbb1e
hashbrown-hashtable-probe	control	normal	control	opc_casefold_source_open	2048	2468280	2485520	2485520	2471970.0	5	11	150265	4	0	0	1	0	3449d32aa6d80e9cc12fbb1da1e6f5855177af1524250efda687b1ee99391298	ac9b09863683495e69e95733467998a8dceaeffa0dce0557db353a1eb02fbb1e
hashbrown-hashtable-probe	control	normal	control	opc_casefold_source_lookup	2048	37380	44800	44800	38858.0	5	0	0	144	0	0	0	144	3d124a528436b1e924dcbbd7d23040d5c258e0acf8e278113c17e447f017936a	ac9b09863683495e69e95733467998a8dceaeffa0dce0557db353a1eb02fbb1e
hashbrown-hashtable-probe	control	normal	control	opc_casefold_source_exact_lookup	2048	2320	2350	2350	2326.0	5	0	0	144	0	0	0	144	fa9dd41f44885e503e7a9fdbc03e97aa3b515723fe578b0e9bcaf114238990c9	ac9b09863683495e69e95733467998a8dceaeffa0dce0557db353a1eb02fbb1e
hashbrown-hashtable-probe	control	normal	control	opc_casefold_source_case_alias_lookup	2048	69211	75950	75950	70554.4	5	0	0	144	0	0	0	144	ab0ffe95ce1e4c74f73dd7b9ea910991299588ee79917e99efe6c0a8e26262b4	ac9b09863683495e69e95733467998a8dceaeffa0dce0557db353a1eb02fbb1e
hashbrown-hashtable-probe	control	normal	control	opc_casefold_source_genuine_miss_lookup	2048	37820	43670	43670	38974.0	5	0	0	144	0	0	0	144	fea761da167dbe4473f53f4886ea4a2da108776c8ba4b73d3f9332cc61824582	ac9b09863683495e69e95733467998a8dceaeffa0dce0557db353a1eb02fbb1e
hashbrown-hashtable-probe	control	normal	control	opc_casefold_source_open	16384	23941843	24634606	24634606	23673203.6	5	27	1196793	4	0	0	1	0	86fd877006855b5dd7ee889c0f6ec00c20645ec243d628ae77080d7a416e8cdd	ac9b09863683495e69e95733467998a8dceaeffa0dce0557db353a1eb02fbb1e
hashbrown-hashtable-probe	control	normal	control	opc_casefold_source_lookup	16384	47990	48130	48130	47934.4	5	0	0	144	0	0	0	144	d9b4239f722a2b243ab4f2e0d1208b8a145aa22b02e615adc2819c5cedb843fb	ac9b09863683495e69e95733467998a8dceaeffa0dce0557db353a1eb02fbb1e
hashbrown-hashtable-probe	control	normal	control	opc_casefold_source_exact_lookup	16384	2320	2350	2350	2326.0	5	0	0	144	0	0	0	144	58ee4d69d4dd8ed44c627b65ffe31ac45a9c0a0f9c0c7d05478298cdb0a00b31	ac9b09863683495e69e95733467998a8dceaeffa0dce0557db353a1eb02fbb1e
hashbrown-hashtable-probe	control	normal	control	opc_casefold_source_case_alias_lookup	16384	87151	89421	89421	87604.4	5	0	0	144	0	0	0	144	f197c1243908b5970c2045ae96d6312d27c2109a08ca4a3752ed36b2ae1a8fce	ac9b09863683495e69e95733467998a8dceaeffa0dce0557db353a1eb02fbb1e
hashbrown-hashtable-probe	control	normal	control	opc_casefold_source_genuine_miss_lookup	16384	48000	48040	48040	47986.2	5	0	0	144	0	0	0	144	fea761da167dbe4473f53f4886ea4a2da108776c8ba4b73d3f9332cc61824582	ac9b09863683495e69e95733467998a8dceaeffa0dce0557db353a1eb02fbb1e
hashbrown-hashtable-probe	candidate	normal	candidate	opc_casefold_source_open	256	318851	324841	324841	319139.4	5	9	19449	4	0	0	1	0	68bfa39a97c9d837c91a8667892bd3c0230d295c5327a84f7520b8ab02cd08b9	bfba2df26cbd3565a4a5f9dceb8c4c03af86bf368a6d15de38b791d0d3e6086c
hashbrown-hashtable-probe	candidate	normal	candidate	opc_casefold_source_lookup	256	21930	22030	22030	21942.0	5	0	0	144	0	0	0	144	6a02c72a84e45623f8150e12608dfb3189b6bb903ffd0bce8e31ee897d14ae1f	bfba2df26cbd3565a4a5f9dceb8c4c03af86bf368a6d15de38b791d0d3e6086c
hashbrown-hashtable-probe	candidate	normal	candidate	opc_casefold_source_exact_lookup	256	2490	2570	2570	2508.0	5	0	0	144	0	0	0	144	d8a61329d8e8909a043f56d9e6bf821fc208c82f8791c5810ed632a30b3ce637	bfba2df26cbd3565a4a5f9dceb8c4c03af86bf368a6d15de38b791d0d3e6086c
hashbrown-hashtable-probe	candidate	normal	candidate	opc_casefold_source_case_alias_lookup	256	43240	43270	43270	43240.2	5	0	0	144	0	0	0	144	a0f21335f2147ff2ce7cfaaa7db68a7c62e95ec23d8ba9df8b74864e20b45833	bfba2df26cbd3565a4a5f9dceb8c4c03af86bf368a6d15de38b791d0d3e6086c
hashbrown-hashtable-probe	candidate	normal	candidate	opc_casefold_source_genuine_miss_lookup	256	18150	18210	18210	18158.0	5	0	0	144	0	0	0	144	fea761da167dbe4473f53f4886ea4a2da108776c8ba4b73d3f9332cc61824582	bfba2df26cbd3565a4a5f9dceb8c4c03af86bf368a6d15de38b791d0d3e6086c
hashbrown-hashtable-probe	candidate	normal	candidate	opc_casefold_source_open	2047	2558821	2563411	2563411	2557399.0	5	11	150192	4	0	0	1	0	f96278805e54bdf67f62efc0d9b09782988ca60007c602153f2b0498c217016f	bfba2df26cbd3565a4a5f9dceb8c4c03af86bf368a6d15de38b791d0d3e6086c
hashbrown-hashtable-probe	candidate	normal	candidate	opc_casefold_source_lookup	2047	155341	160300	160300	156092.6	5	0	0	144	0	0	0	144	3cd131d27cdec2640f017ff7998ef2fc7eb6462832039f401686f3ab021355ea	bfba2df26cbd3565a4a5f9dceb8c4c03af86bf368a6d15de38b791d0d3e6086c
hashbrown-hashtable-probe	candidate	normal	candidate	opc_casefold_source_exact_lookup	2047	2440	2561	2561	2472.2	5	0	0	144	0	0	0	144	5ff83b42956e53036f19926d023a5e98f59889ec64e51dd618b6100753c9367e	bfba2df26cbd3565a4a5f9dceb8c4c03af86bf368a6d15de38b791d0d3e6086c
hashbrown-hashtable-probe	candidate	normal	candidate	opc_casefold_source_case_alias_lookup	2047	318321	326112	326112	321171.4	5	0	0	144	0	0	0	144	3336a08cd318f74e98515959a34dce128aefc6b9fa3546151fbf627572c025d9	bfba2df26cbd3565a4a5f9dceb8c4c03af86bf368a6d15de38b791d0d3e6086c
hashbrown-hashtable-probe	candidate	normal	candidate	opc_casefold_source_genuine_miss_lookup	2047	145521	152110	152110	136542.6	5	0	0	144	0	0	0	144	fea761da167dbe4473f53f4886ea4a2da108776c8ba4b73d3f9332cc61824582	bfba2df26cbd3565a4a5f9dceb8c4c03af86bf368a6d15de38b791d0d3e6086c
hashbrown-hashtable-probe	candidate	normal	candidate	opc_casefold_source_open	2048	2578841	2592742	2592742	2582127.2	5	11	150265	4	0	0	1	0	3449d32aa6d80e9cc12fbb1da1e6f5855177af1524250efda687b1ee99391298	bfba2df26cbd3565a4a5f9dceb8c4c03af86bf368a6d15de38b791d0d3e6086c
hashbrown-hashtable-probe	candidate	normal	candidate	opc_casefold_source_lookup	2048	36790	37160	37160	36862.0	5	0	0	144	0	0	0	144	3d124a528436b1e924dcbbd7d23040d5c258e0acf8e278113c17e447f017936a	bfba2df26cbd3565a4a5f9dceb8c4c03af86bf368a6d15de38b791d0d3e6086c
hashbrown-hashtable-probe	candidate	normal	candidate	opc_casefold_source_exact_lookup	2048	2660	2680	2680	2648.0	5	0	0	144	0	0	0	144	fa9dd41f44885e503e7a9fdbc03e97aa3b515723fe578b0e9bcaf114238990c9	bfba2df26cbd3565a4a5f9dceb8c4c03af86bf368a6d15de38b791d0d3e6086c
hashbrown-hashtable-probe	candidate	normal	candidate	opc_casefold_source_case_alias_lookup	2048	68360	68491	68491	68364.4	5	0	0	144	0	0	0	144	ab0ffe95ce1e4c74f73dd7b9ea910991299588ee79917e99efe6c0a8e26262b4	bfba2df26cbd3565a4a5f9dceb8c4c03af86bf368a6d15de38b791d0d3e6086c
hashbrown-hashtable-probe	candidate	normal	candidate	opc_casefold_source_genuine_miss_lookup	2048	38780	38880	38880	38758.4	5	0	0	144	0	0	0	144	fea761da167dbe4473f53f4886ea4a2da108776c8ba4b73d3f9332cc61824582	bfba2df26cbd3565a4a5f9dceb8c4c03af86bf368a6d15de38b791d0d3e6086c
hashbrown-hashtable-probe	candidate	normal	candidate	opc_casefold_source_open	16384	23489730	23818282	23818282	23289149.0	5	27	1196793	4	0	0	1	0	86fd877006855b5dd7ee889c0f6ec00c20645ec243d628ae77080d7a416e8cdd	bfba2df26cbd3565a4a5f9dceb8c4c03af86bf368a6d15de38b791d0d3e6086c
hashbrown-hashtable-probe	candidate	normal	candidate	opc_casefold_source_lookup	16384	47850	53360	53360	48976.2	5	0	0	144	0	0	0	144	d9b4239f722a2b243ab4f2e0d1208b8a145aa22b02e615adc2819c5cedb843fb	bfba2df26cbd3565a4a5f9dceb8c4c03af86bf368a6d15de38b791d0d3e6086c
hashbrown-hashtable-probe	candidate	normal	candidate	opc_casefold_source_exact_lookup	16384	2630	2760	2760	2648.0	5	0	0	144	0	0	0	144	58ee4d69d4dd8ed44c627b65ffe31ac45a9c0a0f9c0c7d05478298cdb0a00b31	bfba2df26cbd3565a4a5f9dceb8c4c03af86bf368a6d15de38b791d0d3e6086c
hashbrown-hashtable-probe	candidate	normal	candidate	opc_casefold_source_case_alias_lookup	16384	85750	85880	85880	85760.4	5	0	0	144	0	0	0	144	f197c1243908b5970c2045ae96d6312d27c2109a08ca4a3752ed36b2ae1a8fce	bfba2df26cbd3565a4a5f9dceb8c4c03af86bf368a6d15de38b791d0d3e6086c
hashbrown-hashtable-probe	candidate	normal	candidate	opc_casefold_source_genuine_miss_lookup	16384	47430	54170	54170	48760.2	5	0	0	144	0	0	0	144	fea761da167dbe4473f53f4886ea4a2da108776c8ba4b73d3f9332cc61824582	bfba2df26cbd3565a4a5f9dceb8c4c03af86bf368a6d15de38b791d0d3e6086c
hashbrown-hashtable-probe	control	allocator	control	opc_casefold_source_open	256	424031	433952	433952	426343.8	5	9	19449	4	0	0	1	0	68bfa39a97c9d837c91a8667892bd3c0230d295c5327a84f7520b8ab02cd08b9	9118792a85aadd9e6f0037d8b28d0270bc8919cb7b2f20bc213e451ffde15dd2
hashbrown-hashtable-probe	control	allocator	control	opc_casefold_source_lookup	256	21670	21800	21800	21650.0	5	0	0	144	0	0	0	144	6a02c72a84e45623f8150e12608dfb3189b6bb903ffd0bce8e31ee897d14ae1f	9118792a85aadd9e6f0037d8b28d0270bc8919cb7b2f20bc213e451ffde15dd2
hashbrown-hashtable-probe	control	allocator	control	opc_casefold_source_exact_lookup	256	2300	2330	2330	2306.0	5	0	0	144	0	0	0	144	d8a61329d8e8909a043f56d9e6bf821fc208c82f8791c5810ed632a30b3ce637	9118792a85aadd9e6f0037d8b28d0270bc8919cb7b2f20bc213e451ffde15dd2
hashbrown-hashtable-probe	control	allocator	control	opc_casefold_source_case_alias_lookup	256	41170	41360	41360	41216.2	5	0	0	144	0	0	0	144	a0f21335f2147ff2ce7cfaaa7db68a7c62e95ec23d8ba9df8b74864e20b45833	9118792a85aadd9e6f0037d8b28d0270bc8919cb7b2f20bc213e451ffde15dd2
hashbrown-hashtable-probe	control	allocator	control	opc_casefold_source_genuine_miss_lookup	256	21310	21410	21410	21310.0	5	0	0	144	0	0	0	144	fea761da167dbe4473f53f4886ea4a2da108776c8ba4b73d3f9332cc61824582	9118792a85aadd9e6f0037d8b28d0270bc8919cb7b2f20bc213e451ffde15dd2
hashbrown-hashtable-probe	control	allocator	control	opc_casefold_source_open	2047	3339715	3361054	3361054	3344928.2	5	11	150192	4	0	0	1	0	f96278805e54bdf67f62efc0d9b09782988ca60007c602153f2b0498c217016f	9118792a85aadd9e6f0037d8b28d0270bc8919cb7b2f20bc213e451ffde15dd2
hashbrown-hashtable-probe	control	allocator	control	opc_casefold_source_lookup	2047	151161	157150	157150	153430.6	5	0	0	144	0	0	0	144	3cd131d27cdec2640f017ff7998ef2fc7eb6462832039f401686f3ab021355ea	9118792a85aadd9e6f0037d8b28d0270bc8919cb7b2f20bc213e451ffde15dd2
hashbrown-hashtable-probe	control	allocator	control	opc_casefold_source_exact_lookup	2047	2290	2290	2290	2288.0	5	0	0	144	0	0	0	144	5ff83b42956e53036f19926d023a5e98f59889ec64e51dd618b6100753c9367e	9118792a85aadd9e6f0037d8b28d0270bc8919cb7b2f20bc213e451ffde15dd2
hashbrown-hashtable-probe	control	allocator	control	opc_casefold_source_case_alias_lookup	2047	303981	333542	333542	311461.2	5	0	0	144	0	0	0	144	3336a08cd318f74e98515959a34dce128aefc6b9fa3546151fbf627572c025d9	9118792a85aadd9e6f0037d8b28d0270bc8919cb7b2f20bc213e451ffde15dd2
hashbrown-hashtable-probe	control	allocator	control	opc_casefold_source_genuine_miss_lookup	2047	91070	148601	148601	109876.6	5	0	0	144	0	0	0	144	fea761da167dbe4473f53f4886ea4a2da108776c8ba4b73d3f9332cc61824582	9118792a85aadd9e6f0037d8b28d0270bc8919cb7b2f20bc213e451ffde15dd2
hashbrown-hashtable-probe	control	allocator	control	opc_casefold_source_open	2048	3392844	3399785	3399785	3393690.2	5	11	150265	4	0	0	1	0	3449d32aa6d80e9cc12fbb1da1e6f5855177af1524250efda687b1ee99391298	9118792a85aadd9e6f0037d8b28d0270bc8919cb7b2f20bc213e451ffde15dd2
hashbrown-hashtable-probe	control	allocator	control	opc_casefold_source_lookup	2048	37230	37330	37330	37236.0	5	0	0	144	0	0	0	144	3d124a528436b1e924dcbbd7d23040d5c258e0acf8e278113c17e447f017936a	9118792a85aadd9e6f0037d8b28d0270bc8919cb7b2f20bc213e451ffde15dd2
hashbrown-hashtable-probe	control	allocator	control	opc_casefold_source_exact_lookup	2048	2290	2300	2300	2288.2	5	0	0	144	0	0	0	144	fa9dd41f44885e503e7a9fdbc03e97aa3b515723fe578b0e9bcaf114238990c9	9118792a85aadd9e6f0037d8b28d0270bc8919cb7b2f20bc213e451ffde15dd2
hashbrown-hashtable-probe	control	allocator	control	opc_casefold_source_case_alias_lookup	2048	68700	68960	68960	68722.2	5	0	0	144	0	0	0	144	ab0ffe95ce1e4c74f73dd7b9ea910991299588ee79917e99efe6c0a8e26262b4	9118792a85aadd9e6f0037d8b28d0270bc8919cb7b2f20bc213e451ffde15dd2
hashbrown-hashtable-probe	control	allocator	control	opc_casefold_source_genuine_miss_lookup	2048	40820	47630	47630	42546.2	5	0	0	144	0	0	0	144	fea761da167dbe4473f53f4886ea4a2da108776c8ba4b73d3f9332cc61824582	9118792a85aadd9e6f0037d8b28d0270bc8919cb7b2f20bc213e451ffde15dd2
hashbrown-hashtable-probe	control	allocator	control	opc_casefold_source_open	16384	31343833	32470068	32470068	31570278.2	5	27	1196793	4	0	0	1	0	86fd877006855b5dd7ee889c0f6ec00c20645ec243d628ae77080d7a416e8cdd	9118792a85aadd9e6f0037d8b28d0270bc8919cb7b2f20bc213e451ffde15dd2
hashbrown-hashtable-probe	control	allocator	control	opc_casefold_source_lookup	16384	48060	48210	48210	48064.2	5	0	0	144	0	0	0	144	d9b4239f722a2b243ab4f2e0d1208b8a145aa22b02e615adc2819c5cedb843fb	9118792a85aadd9e6f0037d8b28d0270bc8919cb7b2f20bc213e451ffde15dd2
hashbrown-hashtable-probe	control	allocator	control	opc_casefold_source_exact_lookup	16384	2320	2330	2330	2312.0	5	0	0	144	0	0	0	144	58ee4d69d4dd8ed44c627b65ffe31ac45a9c0a0f9c0c7d05478298cdb0a00b31	9118792a85aadd9e6f0037d8b28d0270bc8919cb7b2f20bc213e451ffde15dd2
hashbrown-hashtable-probe	control	allocator	control	opc_casefold_source_case_alias_lookup	16384	86810	92160	92160	87852.6	5	0	0	144	0	0	0	144	f197c1243908b5970c2045ae96d6312d27c2109a08ca4a3752ed36b2ae1a8fce	9118792a85aadd9e6f0037d8b28d0270bc8919cb7b2f20bc213e451ffde15dd2
hashbrown-hashtable-probe	control	allocator	control	opc_casefold_source_genuine_miss_lookup	16384	49220	49260	49260	49194.4	5	0	0	144	0	0	0	144	fea761da167dbe4473f53f4886ea4a2da108776c8ba4b73d3f9332cc61824582	9118792a85aadd9e6f0037d8b28d0270bc8919cb7b2f20bc213e451ffde15dd2
hashbrown-hashtable-probe	candidate	allocator	candidate	opc_casefold_source_open	256	415182	419171	419171	415817.8	5	9	19449	4	0	0	1	0	68bfa39a97c9d837c91a8667892bd3c0230d295c5327a84f7520b8ab02cd08b9	b8fd9a237d0d5a22d6692ae8cb5593028d346779cb6e5400d0bbe33afd060a90
hashbrown-hashtable-probe	candidate	allocator	candidate	opc_casefold_source_lookup	256	21600	24810	24810	22228.2	5	0	0	144	0	0	0	144	6a02c72a84e45623f8150e12608dfb3189b6bb903ffd0bce8e31ee897d14ae1f	b8fd9a237d0d5a22d6692ae8cb5593028d346779cb6e5400d0bbe33afd060a90
hashbrown-hashtable-probe	candidate	allocator	candidate	opc_casefold_source_exact_lookup	256	2340	2360	2360	2340.0	5	0	0	144	0	0	0	144	d8a61329d8e8909a043f56d9e6bf821fc208c82f8791c5810ed632a30b3ce637	b8fd9a237d0d5a22d6692ae8cb5593028d346779cb6e5400d0bbe33afd060a90
hashbrown-hashtable-probe	candidate	allocator	candidate	opc_casefold_source_case_alias_lookup	256	42800	42960	42960	42672.0	5	0	0	144	0	0	0	144	a0f21335f2147ff2ce7cfaaa7db68a7c62e95ec23d8ba9df8b74864e20b45833	b8fd9a237d0d5a22d6692ae8cb5593028d346779cb6e5400d0bbe33afd060a90
hashbrown-hashtable-probe	candidate	allocator	candidate	opc_casefold_source_genuine_miss_lookup	256	20140	29761	29761	22042.2	5	0	0	144	0	0	0	144	fea761da167dbe4473f53f4886ea4a2da108776c8ba4b73d3f9332cc61824582	b8fd9a237d0d5a22d6692ae8cb5593028d346779cb6e5400d0bbe33afd060a90
hashbrown-hashtable-probe	candidate	allocator	candidate	opc_casefold_source_open	2047	3346784	3354064	3354064	3346710.2	5	11	150192	4	0	0	1	0	f96278805e54bdf67f62efc0d9b09782988ca60007c602153f2b0498c217016f	b8fd9a237d0d5a22d6692ae8cb5593028d346779cb6e5400d0bbe33afd060a90
hashbrown-hashtable-probe	candidate	allocator	candidate	opc_casefold_source_lookup	2047	150741	157010	157010	151872.8	5	0	0	144	0	0	0	144	3cd131d27cdec2640f017ff7998ef2fc7eb6462832039f401686f3ab021355ea	b8fd9a237d0d5a22d6692ae8cb5593028d346779cb6e5400d0bbe33afd060a90
hashbrown-hashtable-probe	candidate	allocator	candidate	opc_casefold_source_exact_lookup	2047	2310	2330	2330	2310.0	5	0	0	144	0	0	0	144	5ff83b42956e53036f19926d023a5e98f59889ec64e51dd618b6100753c9367e	b8fd9a237d0d5a22d6692ae8cb5593028d346779cb6e5400d0bbe33afd060a90
hashbrown-hashtable-probe	candidate	allocator	candidate	opc_casefold_source_case_alias_lookup	2047	302481	310682	310682	303755.2	5	0	0	144	0	0	0	144	3336a08cd318f74e98515959a34dce128aefc6b9fa3546151fbf627572c025d9	b8fd9a237d0d5a22d6692ae8cb5593028d346779cb6e5400d0bbe33afd060a90
hashbrown-hashtable-probe	candidate	allocator	candidate	opc_casefold_source_genuine_miss_lookup	2047	146281	152180	152180	147442.6	5	0	0	144	0	0	0	144	fea761da167dbe4473f53f4886ea4a2da108776c8ba4b73d3f9332cc61824582	b8fd9a237d0d5a22d6692ae8cb5593028d346779cb6e5400d0bbe33afd060a90
hashbrown-hashtable-probe	candidate	allocator	candidate	opc_casefold_source_open	2048	3321554	3330224	3330224	3321842.0	5	11	150265	4	0	0	1	0	3449d32aa6d80e9cc12fbb1da1e6f5855177af1524250efda687b1ee99391298	b8fd9a237d0d5a22d6692ae8cb5593028d346779cb6e5400d0bbe33afd060a90
hashbrown-hashtable-probe	candidate	allocator	candidate	opc_casefold_source_lookup	2048	37810	37900	37900	37838.0	5	0	0	144	0	0	0	144	3d124a528436b1e924dcbbd7d23040d5c258e0acf8e278113c17e447f017936a	b8fd9a237d0d5a22d6692ae8cb5593028d346779cb6e5400d0bbe33afd060a90
hashbrown-hashtable-probe	candidate	allocator	candidate	opc_casefold_source_exact_lookup	2048	2460	2470	2470	2450.0	5	0	0	144	0	0	0	144	fa9dd41f44885e503e7a9fdbc03e97aa3b515723fe578b0e9bcaf114238990c9	b8fd9a237d0d5a22d6692ae8cb5593028d346779cb6e5400d0bbe33afd060a90
hashbrown-hashtable-probe	candidate	allocator	candidate	opc_casefold_source_case_alias_lookup	2048	69650	71790	71790	70002.4	5	0	0	144	0	0	0	144	ab0ffe95ce1e4c74f73dd7b9ea910991299588ee79917e99efe6c0a8e26262b4	b8fd9a237d0d5a22d6692ae8cb5593028d346779cb6e5400d0bbe33afd060a90
hashbrown-hashtable-probe	candidate	allocator	candidate	opc_casefold_source_genuine_miss_lookup	2048	41341	41450	41450	41344.2	5	0	0	144	0	0	0	144	fea761da167dbe4473f53f4886ea4a2da108776c8ba4b73d3f9332cc61824582	b8fd9a237d0d5a22d6692ae8cb5593028d346779cb6e5400d0bbe33afd060a90
hashbrown-hashtable-probe	candidate	allocator	candidate	opc_casefold_source_open	16384	29307235	30174798	30174798	29404929.0	5	27	1196793	4	0	0	1	0	86fd877006855b5dd7ee889c0f6ec00c20645ec243d628ae77080d7a416e8cdd	b8fd9a237d0d5a22d6692ae8cb5593028d346779cb6e5400d0bbe33afd060a90
hashbrown-hashtable-probe	candidate	allocator	candidate	opc_casefold_source_lookup	16384	48080	48341	48341	48126.2	5	0	0	144	0	0	0	144	d9b4239f722a2b243ab4f2e0d1208b8a145aa22b02e615adc2819c5cedb843fb	b8fd9a237d0d5a22d6692ae8cb5593028d346779cb6e5400d0bbe33afd060a90
hashbrown-hashtable-probe	candidate	allocator	candidate	opc_casefold_source_exact_lookup	16384	2490	2500	2500	2480.0	5	0	0	144	0	0	0	144	58ee4d69d4dd8ed44c627b65ffe31ac45a9c0a0f9c0c7d05478298cdb0a00b31	b8fd9a237d0d5a22d6692ae8cb5593028d346779cb6e5400d0bbe33afd060a90
hashbrown-hashtable-probe	candidate	allocator	candidate	opc_casefold_source_case_alias_lookup	16384	88010	95191	95191	89286.4	5	0	0	144	0	0	0	144	f197c1243908b5970c2045ae96d6312d27c2109a08ca4a3752ed36b2ae1a8fce	b8fd9a237d0d5a22d6692ae8cb5593028d346779cb6e5400d0bbe33afd060a90
hashbrown-hashtable-probe	candidate	allocator	candidate	opc_casefold_source_genuine_miss_lookup	16384	49310	49350	49350	49300.2	5	0	0	144	0	0	0	144	fea761da167dbe4473f53f4886ea4a2da108776c8ba4b73d3f9332cc61824582	b8fd9a237d0d5a22d6692ae8cb5593028d346779cb6e5400d0bbe33afd060a90
hashbrown-hashtable-exact-1000	A1	normal	control	opc_casefold_source_exact_lookup	256	2290	2320	2340	2307.1840000000016	1000	0	0	144	0	0	0	144	d8a61329d8e8909a043f56d9e6bf821fc208c82f8791c5810ed632a30b3ce637	6babb00bcee6a9f8b40327be6b9089575ac1e211b0b8a27062224aea7c2cf6fd
hashbrown-hashtable-exact-1000	A1	normal	control	opc_casefold_source_exact_lookup	2047	2380	2410	2420	2406.153	1000	0	0	144	0	0	0	144	5ff83b42956e53036f19926d023a5e98f59889ec64e51dd618b6100753c9367e	6babb00bcee6a9f8b40327be6b9089575ac1e211b0b8a27062224aea7c2cf6fd
hashbrown-hashtable-exact-1000	A1	normal	control	opc_casefold_source_exact_lookup	2048	2280	2310	2320	2286.9500000000007	1000	0	0	144	0	0	0	144	fa9dd41f44885e503e7a9fdbc03e97aa3b515723fe578b0e9bcaf114238990c9	6babb00bcee6a9f8b40327be6b9089575ac1e211b0b8a27062224aea7c2cf6fd
hashbrown-hashtable-exact-1000	A1	normal	control	opc_casefold_source_exact_lookup	16384	2290	2310	2330	2308.2149999999983	1000	0	0	144	0	0	0	144	58ee4d69d4dd8ed44c627b65ffe31ac45a9c0a0f9c0c7d05478298cdb0a00b31	6babb00bcee6a9f8b40327be6b9089575ac1e211b0b8a27062224aea7c2cf6fd
hashbrown-hashtable-exact-1000	A2	normal	control	opc_casefold_source_exact_lookup	256	2300	2330	2350	2324.119000000004	1000	0	0	144	0	0	0	144	d8a61329d8e8909a043f56d9e6bf821fc208c82f8791c5810ed632a30b3ce637	f6b4744e9400954f432a0465563b18f6ba301ab5fbf0f28eb22ba00310046b53
hashbrown-hashtable-exact-1000	A2	normal	control	opc_casefold_source_exact_lookup	2047	2310	2340	2360	2338.455999999999	1000	0	0	144	0	0	0	144	5ff83b42956e53036f19926d023a5e98f59889ec64e51dd618b6100753c9367e	f6b4744e9400954f432a0465563b18f6ba301ab5fbf0f28eb22ba00310046b53
hashbrown-hashtable-exact-1000	A2	normal	control	opc_casefold_source_exact_lookup	2048	2310	2330	2350	2322.8910000000014	1000	0	0	144	0	0	0	144	fa9dd41f44885e503e7a9fdbc03e97aa3b515723fe578b0e9bcaf114238990c9	f6b4744e9400954f432a0465563b18f6ba301ab5fbf0f28eb22ba00310046b53
hashbrown-hashtable-exact-1000	A2	normal	control	opc_casefold_source_exact_lookup	16384	2310	2340	2360	2326.111999999994	1000	0	0	144	0	0	0	144	58ee4d69d4dd8ed44c627b65ffe31ac45a9c0a0f9c0c7d05478298cdb0a00b31	f6b4744e9400954f432a0465563b18f6ba301ab5fbf0f28eb22ba00310046b53
hashbrown-hashtable-exact-1000	B1	normal	candidate	opc_casefold_source_exact_lookup	256	2450	2520	2560	2482.8320000000017	1000	0	0	144	0	0	0	144	d8a61329d8e8909a043f56d9e6bf821fc208c82f8791c5810ed632a30b3ce637	5386adb436fc2deabb94fa96e0b6527b65c03774f6d7f540fda51097d54f600d
hashbrown-hashtable-exact-1000	B1	normal	candidate	opc_casefold_source_exact_lookup	2047	2450	2520	2550	2474.496999999998	1000	0	0	144	0	0	0	144	5ff83b42956e53036f19926d023a5e98f59889ec64e51dd618b6100753c9367e	5386adb436fc2deabb94fa96e0b6527b65c03774f6d7f540fda51097d54f600d
hashbrown-hashtable-exact-1000	B1	normal	candidate	opc_casefold_source_exact_lookup	2048	2630	2710	2750	2655.139999999997	1000	0	0	144	0	0	0	144	fa9dd41f44885e503e7a9fdbc03e97aa3b515723fe578b0e9bcaf114238990c9	5386adb436fc2deabb94fa96e0b6527b65c03774f6d7f540fda51097d54f600d
hashbrown-hashtable-exact-1000	B1	normal	candidate	opc_casefold_source_exact_lookup	16384	2630	2690	2740	2655.8939999999993	1000	0	0	144	0	0	0	144	58ee4d69d4dd8ed44c627b65ffe31ac45a9c0a0f9c0c7d05478298cdb0a00b31	5386adb436fc2deabb94fa96e0b6527b65c03774f6d7f540fda51097d54f600d
hashbrown-hashtable-exact-1000	B2	normal	candidate	opc_casefold_source_exact_lookup	256	2470	2540	2570	2481.4790000000044	1000	0	0	144	0	0	0	144	d8a61329d8e8909a043f56d9e6bf821fc208c82f8791c5810ed632a30b3ce637	51b35701bdf07ad15a641fa7193f1ad10b4229194dffa921169a96668bbd09a2
hashbrown-hashtable-exact-1000	B2	normal	candidate	opc_casefold_source_exact_lookup	2047	2480	2550	2600	2499.6449999999995	1000	0	0	144	0	0	0	144	5ff83b42956e53036f19926d023a5e98f59889ec64e51dd618b6100753c9367e	51b35701bdf07ad15a641fa7193f1ad10b4229194dffa921169a96668bbd09a2
hashbrown-hashtable-exact-1000	B2	normal	candidate	opc_casefold_source_exact_lookup	2048	2650	2720	2760	2666.140000000003	1000	0	0	144	0	0	0	144	fa9dd41f44885e503e7a9fdbc03e97aa3b515723fe578b0e9bcaf114238990c9	51b35701bdf07ad15a641fa7193f1ad10b4229194dffa921169a96668bbd09a2
hashbrown-hashtable-exact-1000	B2	normal	candidate	opc_casefold_source_exact_lookup	16384	2670	2730	2780	2695.5699999999983	1000	0	0	144	0	0	0	144	58ee4d69d4dd8ed44c627b65ffe31ac45a9c0a0f9c0c7d05478298cdb0a00b31	51b35701bdf07ad15a641fa7193f1ad10b4229194dffa921169a96668bbd09a2
shared-packuri-probe	control	normal	control	opc_casefold_source_open	256	298361	304101	304101	300037.0	5	9	19449	4	0	0	1	0	68bfa39a97c9d837c91a8667892bd3c0230d295c5327a84f7520b8ab02cd08b9	7ad21cb1a4155b65710403b0f2e73e1592fba73b8f6aa79f848045dee7c8e9b6
shared-packuri-probe	control	normal	control	opc_casefold_source_lookup	256	21190	21281	21281	21184.2	5	0	0	144	0	0	0	144	6a02c72a84e45623f8150e12608dfb3189b6bb903ffd0bce8e31ee897d14ae1f	7ad21cb1a4155b65710403b0f2e73e1592fba73b8f6aa79f848045dee7c8e9b6
shared-packuri-probe	control	normal	control	opc_casefold_source_exact_lookup	256	2320	2330	2330	2316.0	5	0	0	144	0	0	0	144	d8a61329d8e8909a043f56d9e6bf821fc208c82f8791c5810ed632a30b3ce637	7ad21cb1a4155b65710403b0f2e73e1592fba73b8f6aa79f848045dee7c8e9b6
shared-packuri-probe	control	normal	control	opc_casefold_source_case_alias_lookup	256	41810	41910	41910	41770.2	5	0	0	144	0	0	0	144	a0f21335f2147ff2ce7cfaaa7db68a7c62e95ec23d8ba9df8b74864e20b45833	7ad21cb1a4155b65710403b0f2e73e1592fba73b8f6aa79f848045dee7c8e9b6
shared-packuri-probe	control	normal	control	opc_casefold_source_genuine_miss_lookup	256	17940	17980	17980	17918.0	5	0	0	144	0	0	0	144	fea761da167dbe4473f53f4886ea4a2da108776c8ba4b73d3f9332cc61824582	7ad21cb1a4155b65710403b0f2e73e1592fba73b8f6aa79f848045dee7c8e9b6
shared-packuri-probe	control	normal	control	opc_casefold_source_open	2047	2395810	2408640	2408640	2396328.4	5	11	150192	4	0	0	1	0	f96278805e54bdf67f62efc0d9b09782988ca60007c602153f2b0498c217016f	7ad21cb1a4155b65710403b0f2e73e1592fba73b8f6aa79f848045dee7c8e9b6
shared-packuri-probe	control	normal	control	opc_casefold_source_lookup	2047	149211	160311	160311	151396.8	5	0	0	144	0	0	0	144	3cd131d27cdec2640f017ff7998ef2fc7eb6462832039f401686f3ab021355ea	7ad21cb1a4155b65710403b0f2e73e1592fba73b8f6aa79f848045dee7c8e9b6
shared-packuri-probe	control	normal	control	opc_casefold_source_exact_lookup	2047	2300	2310	2310	2298.0	5	0	0	144	0	0	0	144	5ff83b42956e53036f19926d023a5e98f59889ec64e51dd618b6100753c9367e	7ad21cb1a4155b65710403b0f2e73e1592fba73b8f6aa79f848045dee7c8e9b6
shared-packuri-probe	control	normal	control	opc_casefold_source_case_alias_lookup	2047	301471	310051	310051	304309.2	5	0	0	144	0	0	0	144	3336a08cd318f74e98515959a34dce128aefc6b9fa3546151fbf627572c025d9	7ad21cb1a4155b65710403b0f2e73e1592fba73b8f6aa79f848045dee7c8e9b6
shared-packuri-probe	control	normal	control	opc_casefold_source_genuine_miss_lookup	2047	144491	152451	152451	134556.8	5	0	0	144	0	0	0	144	fea761da167dbe4473f53f4886ea4a2da108776c8ba4b73d3f9332cc61824582	7ad21cb1a4155b65710403b0f2e73e1592fba73b8f6aa79f848045dee7c8e9b6
shared-packuri-probe	control	normal	control	opc_casefold_source_open	2048	2451771	2455981	2455981	2449878.8	5	11	150265	4	0	0	1	0	3449d32aa6d80e9cc12fbb1da1e6f5855177af1524250efda687b1ee99391298	7ad21cb1a4155b65710403b0f2e73e1592fba73b8f6aa79f848045dee7c8e9b6
shared-packuri-probe	control	normal	control	opc_casefold_source_lookup	2048	37020	37140	37140	37042.0	5	0	0	144	0	0	0	144	3d124a528436b1e924dcbbd7d23040d5c258e0acf8e278113c17e447f017936a	7ad21cb1a4155b65710403b0f2e73e1592fba73b8f6aa79f848045dee7c8e9b6
shared-packuri-probe	control	normal	control	opc_casefold_source_exact_lookup	2048	2290	2310	2310	2292.0	5	0	0	144	0	0	0	144	fa9dd41f44885e503e7a9fdbc03e97aa3b515723fe578b0e9bcaf114238990c9	7ad21cb1a4155b65710403b0f2e73e1592fba73b8f6aa79f848045dee7c8e9b6
shared-packuri-probe	control	normal	control	opc_casefold_source_case_alias_lookup	2048	67900	67930	67930	67852.2	5	0	0	144	0	0	0	144	ab0ffe95ce1e4c74f73dd7b9ea910991299588ee79917e99efe6c0a8e26262b4	7ad21cb1a4155b65710403b0f2e73e1592fba73b8f6aa79f848045dee7c8e9b6
shared-packuri-probe	control	normal	control	opc_casefold_source_genuine_miss_lookup	2048	38760	38771	38771	38754.2	5	0	0	144	0	0	0	144	fea761da167dbe4473f53f4886ea4a2da108776c8ba4b73d3f9332cc61824582	7ad21cb1a4155b65710403b0f2e73e1592fba73b8f6aa79f848045dee7c8e9b6
shared-packuri-probe	control	normal	control	opc_casefold_source_open	16384	23173132	23336812	23336812	22933302.6	5	27	1196793	4	0	0	1	0	86fd877006855b5dd7ee889c0f6ec00c20645ec243d628ae77080d7a416e8cdd	7ad21cb1a4155b65710403b0f2e73e1592fba73b8f6aa79f848045dee7c8e9b6
shared-packuri-probe	control	normal	control	opc_casefold_source_lookup	16384	47170	47290	47290	47202.0	5	0	0	144	0	0	0	144	d9b4239f722a2b243ab4f2e0d1208b8a145aa22b02e615adc2819c5cedb843fb	7ad21cb1a4155b65710403b0f2e73e1592fba73b8f6aa79f848045dee7c8e9b6
shared-packuri-probe	control	normal	control	opc_casefold_source_exact_lookup	16384	2310	2350	2350	2316.0	5	0	0	144	0	0	0	144	58ee4d69d4dd8ed44c627b65ffe31ac45a9c0a0f9c0c7d05478298cdb0a00b31	7ad21cb1a4155b65710403b0f2e73e1592fba73b8f6aa79f848045dee7c8e9b6
shared-packuri-probe	control	normal	control	opc_casefold_source_case_alias_lookup	16384	89791	90640	90640	89580.4	5	0	0	144	0	0	0	144	f197c1243908b5970c2045ae96d6312d27c2109a08ca4a3752ed36b2ae1a8fce	7ad21cb1a4155b65710403b0f2e73e1592fba73b8f6aa79f848045dee7c8e9b6
shared-packuri-probe	control	normal	control	opc_casefold_source_genuine_miss_lookup	16384	47080	55300	55300	48712.2	5	0	0	144	0	0	0	144	fea761da167dbe4473f53f4886ea4a2da108776c8ba4b73d3f9332cc61824582	7ad21cb1a4155b65710403b0f2e73e1592fba73b8f6aa79f848045dee7c8e9b6
shared-packuri-probe	candidate	normal	candidate	opc_casefold_source_open	256	313302	322891	322891	315063.2	5	9	19449	4	0	0	1	0	68bfa39a97c9d837c91a8667892bd3c0230d295c5327a84f7520b8ab02cd08b9	17be27240de8d14fff094131459946c11c59ec9841e486e826f1364ecfdf6225
shared-packuri-probe	candidate	normal	candidate	opc_casefold_source_lookup	256	22540	22560	22560	22540.0	5	0	0	144	0	0	0	144	6a02c72a84e45623f8150e12608dfb3189b6bb903ffd0bce8e31ee897d14ae1f	17be27240de8d14fff094131459946c11c59ec9841e486e826f1364ecfdf6225
shared-packuri-probe	candidate	normal	candidate	opc_casefold_source_exact_lookup	256	2460	2510	2510	2476.0	5	0	0	144	0	0	0	144	d8a61329d8e8909a043f56d9e6bf821fc208c82f8791c5810ed632a30b3ce637	17be27240de8d14fff094131459946c11c59ec9841e486e826f1364ecfdf6225
shared-packuri-probe	candidate	normal	candidate	opc_casefold_source_case_alias_lookup	256	44970	45000	45000	44974.2	5	0	0	144	0	0	0	144	a0f21335f2147ff2ce7cfaaa7db68a7c62e95ec23d8ba9df8b74864e20b45833	17be27240de8d14fff094131459946c11c59ec9841e486e826f1364ecfdf6225
shared-packuri-probe	candidate	normal	candidate	opc_casefold_source_genuine_miss_lookup	256	18600	18730	18730	18624.0	5	0	0	144	0	0	0	144	fea761da167dbe4473f53f4886ea4a2da108776c8ba4b73d3f9332cc61824582	17be27240de8d14fff094131459946c11c59ec9841e486e826f1364ecfdf6225
shared-packuri-probe	candidate	normal	candidate	opc_casefold_source_open	2047	2509211	2527471	2527471	2510937.0	5	11	150192	4	0	0	1	0	f96278805e54bdf67f62efc0d9b09782988ca60007c602153f2b0498c217016f	17be27240de8d14fff094131459946c11c59ec9841e486e826f1364ecfdf6225
shared-packuri-probe	candidate	normal	candidate	opc_casefold_source_lookup	2047	160010	222071	222071	168842.6	5	0	0	144	0	0	0	144	3cd131d27cdec2640f017ff7998ef2fc7eb6462832039f401686f3ab021355ea	17be27240de8d14fff094131459946c11c59ec9841e486e826f1364ecfdf6225
shared-packuri-probe	candidate	normal	candidate	opc_casefold_source_exact_lookup	2047	2440	2470	2470	2446.2	5	0	0	144	0	0	0	144	5ff83b42956e53036f19926d023a5e98f59889ec64e51dd618b6100753c9367e	17be27240de8d14fff094131459946c11c59ec9841e486e826f1364ecfdf6225
shared-packuri-probe	candidate	normal	candidate	opc_casefold_source_case_alias_lookup	2047	336491	339321	339321	336111.0	5	0	0	144	0	0	0	144	3336a08cd318f74e98515959a34dce128aefc6b9fa3546151fbf627572c025d9	17be27240de8d14fff094131459946c11c59ec9841e486e826f1364ecfdf6225
shared-packuri-probe	candidate	normal	candidate	opc_casefold_source_genuine_miss_lookup	2047	143741	149831	149831	144940.6	5	0	0	144	0	0	0	144	fea761da167dbe4473f53f4886ea4a2da108776c8ba4b73d3f9332cc61824582	17be27240de8d14fff094131459946c11c59ec9841e486e826f1364ecfdf6225
shared-packuri-probe	candidate	normal	candidate	opc_casefold_source_open	2048	2561312	2602801	2602801	2570769.4	5	11	150265	4	0	0	1	0	3449d32aa6d80e9cc12fbb1da1e6f5855177af1524250efda687b1ee99391298	17be27240de8d14fff094131459946c11c59ec9841e486e826f1364ecfdf6225
shared-packuri-probe	candidate	normal	candidate	opc_casefold_source_lookup	2048	37110	37150	37150	37108.2	5	0	0	144	0	0	0	144	3d124a528436b1e924dcbbd7d23040d5c258e0acf8e278113c17e447f017936a	17be27240de8d14fff094131459946c11c59ec9841e486e826f1364ecfdf6225
shared-packuri-probe	candidate	normal	candidate	opc_casefold_source_exact_lookup	2048	2440	2510	2510	2450.0	5	0	0	144	0	0	0	144	fa9dd41f44885e503e7a9fdbc03e97aa3b515723fe578b0e9bcaf114238990c9	17be27240de8d14fff094131459946c11c59ec9841e486e826f1364ecfdf6225
shared-packuri-probe	candidate	normal	candidate	opc_casefold_source_case_alias_lookup	2048	67531	67751	67751	67586.4	5	0	0	144	0	0	0	144	ab0ffe95ce1e4c74f73dd7b9ea910991299588ee79917e99efe6c0a8e26262b4	17be27240de8d14fff094131459946c11c59ec9841e486e826f1364ecfdf6225
shared-packuri-probe	candidate	normal	candidate	opc_casefold_source_genuine_miss_lookup	2048	38470	38580	38580	38504.4	5	0	0	144	0	0	0	144	fea761da167dbe4473f53f4886ea4a2da108776c8ba4b73d3f9332cc61824582	17be27240de8d14fff094131459946c11c59ec9841e486e826f1364ecfdf6225
shared-packuri-probe	candidate	normal	candidate	opc_casefold_source_open	16384	25215920	25297351	25297351	24912811.2	5	27	1196793	4	0	0	1	0	86fd877006855b5dd7ee889c0f6ec00c20645ec243d628ae77080d7a416e8cdd	17be27240de8d14fff094131459946c11c59ec9841e486e826f1364ecfdf6225
shared-packuri-probe	candidate	normal	candidate	opc_casefold_source_lookup	16384	47070	47220	47220	47084.2	5	0	0	144	0	0	0	144	d9b4239f722a2b243ab4f2e0d1208b8a145aa22b02e615adc2819c5cedb843fb	17be27240de8d14fff094131459946c11c59ec9841e486e826f1364ecfdf6225
shared-packuri-probe	candidate	normal	candidate	opc_casefold_source_exact_lookup	16384	2480	2530	2530	2492.0	5	0	0	144	0	0	0	144	58ee4d69d4dd8ed44c627b65ffe31ac45a9c0a0f9c0c7d05478298cdb0a00b31	17be27240de8d14fff094131459946c11c59ec9841e486e826f1364ecfdf6225
shared-packuri-probe	candidate	normal	candidate	opc_casefold_source_case_alias_lookup	16384	87560	94480	94480	88918.2	5	0	0	144	0	0	0	144	f197c1243908b5970c2045ae96d6312d27c2109a08ca4a3752ed36b2ae1a8fce	17be27240de8d14fff094131459946c11c59ec9841e486e826f1364ecfdf6225
shared-packuri-probe	candidate	normal	candidate	opc_casefold_source_genuine_miss_lookup	16384	47171	47240	47240	47076.2	5	0	0	144	0	0	0	144	fea761da167dbe4473f53f4886ea4a2da108776c8ba4b73d3f9332cc61824582	17be27240de8d14fff094131459946c11c59ec9841e486e826f1364ecfdf6225
shared-packuri-probe	control	allocator	control	opc_casefold_source_open	256	414211	418822	418822	414521.8	5	9	19449	4	0	0	1	0	68bfa39a97c9d837c91a8667892bd3c0230d295c5327a84f7520b8ab02cd08b9	e53830838d32de3348647b8e68fdd196741c5b393a946482a4e33695aec0a2aa
shared-packuri-probe	control	allocator	control	opc_casefold_source_lookup	256	21900	22090	22090	21866.0	5	0	0	144	0	0	0	144	6a02c72a84e45623f8150e12608dfb3189b6bb903ffd0bce8e31ee897d14ae1f	e53830838d32de3348647b8e68fdd196741c5b393a946482a4e33695aec0a2aa
shared-packuri-probe	control	allocator	control	opc_casefold_source_exact_lookup	256	2320	2340	2340	2320.0	5	0	0	144	0	0	0	144	d8a61329d8e8909a043f56d9e6bf821fc208c82f8791c5810ed632a30b3ce637	e53830838d32de3348647b8e68fdd196741c5b393a946482a4e33695aec0a2aa
shared-packuri-probe	control	allocator	control	opc_casefold_source_case_alias_lookup	256	42080	52211	52211	44092.2	5	0	0	144	0	0	0	144	a0f21335f2147ff2ce7cfaaa7db68a7c62e95ec23d8ba9df8b74864e20b45833	e53830838d32de3348647b8e68fdd196741c5b393a946482a4e33695aec0a2aa
shared-packuri-probe	control	allocator	control	opc_casefold_source_genuine_miss_lookup	256	19760	19920	19920	19784.2	5	0	0	144	0	0	0	144	fea761da167dbe4473f53f4886ea4a2da108776c8ba4b73d3f9332cc61824582	e53830838d32de3348647b8e68fdd196741c5b393a946482a4e33695aec0a2aa
shared-packuri-probe	control	allocator	control	opc_casefold_source_open	2047	3340485	3347515	3347515	3341525.0	5	11	150192	4	0	0	1	0	f96278805e54bdf67f62efc0d9b09782988ca60007c602153f2b0498c217016f	e53830838d32de3348647b8e68fdd196741c5b393a946482a4e33695aec0a2aa
shared-packuri-probe	control	allocator	control	opc_casefold_source_lookup	2047	151791	157971	157971	153086.6	5	0	0	144	0	0	0	144	3cd131d27cdec2640f017ff7998ef2fc7eb6462832039f401686f3ab021355ea	e53830838d32de3348647b8e68fdd196741c5b393a946482a4e33695aec0a2aa
shared-packuri-probe	control	allocator	control	opc_casefold_source_exact_lookup	2047	2270	2410	2410	2296.0	5	0	0	144	0	0	0	144	5ff83b42956e53036f19926d023a5e98f59889ec64e51dd618b6100753c9367e	e53830838d32de3348647b8e68fdd196741c5b393a946482a4e33695aec0a2aa
shared-packuri-probe	control	allocator	control	opc_casefold_source_case_alias_lookup	2047	303612	309821	309821	304933.2	5	0	0	144	0	0	0	144	3336a08cd318f74e98515959a34dce128aefc6b9fa3546151fbf627572c025d9	e53830838d32de3348647b8e68fdd196741c5b393a946482a4e33695aec0a2aa
shared-packuri-probe	control	allocator	control	opc_casefold_source_genuine_miss_lookup	2047	147931	152081	152081	137204.6	5	0	0	144	0	0	0	144	fea761da167dbe4473f53f4886ea4a2da108776c8ba4b73d3f9332cc61824582	e53830838d32de3348647b8e68fdd196741c5b393a946482a4e33695aec0a2aa
shared-packuri-probe	control	allocator	control	opc_casefold_source_open	2048	3413805	3425085	3425085	3414619.0	5	11	150265	4	0	0	1	0	3449d32aa6d80e9cc12fbb1da1e6f5855177af1524250efda687b1ee99391298	e53830838d32de3348647b8e68fdd196741c5b393a946482a4e33695aec0a2aa
shared-packuri-probe	control	allocator	control	opc_casefold_source_lookup	2048	37930	38000	38000	37940.0	5	0	0	144	0	0	0	144	3d124a528436b1e924dcbbd7d23040d5c258e0acf8e278113c17e447f017936a	e53830838d32de3348647b8e68fdd196741c5b393a946482a4e33695aec0a2aa
shared-packuri-probe	control	allocator	control	opc_casefold_source_exact_lookup	2048	2320	2340	2340	2316.0	5	0	0	144	0	0	0	144	fa9dd41f44885e503e7a9fdbc03e97aa3b515723fe578b0e9bcaf114238990c9	e53830838d32de3348647b8e68fdd196741c5b393a946482a4e33695aec0a2aa
shared-packuri-probe	control	allocator	control	opc_casefold_source_case_alias_lookup	2048	69380	69570	69570	69404.2	5	0	0	144	0	0	0	144	ab0ffe95ce1e4c74f73dd7b9ea910991299588ee79917e99efe6c0a8e26262b4	e53830838d32de3348647b8e68fdd196741c5b393a946482a4e33695aec0a2aa
shared-packuri-probe	control	allocator	control	opc_casefold_source_genuine_miss_lookup	2048	40730	40840	40840	40730.2	5	0	0	144	0	0	0	144	fea761da167dbe4473f53f4886ea4a2da108776c8ba4b73d3f9332cc61824582	e53830838d32de3348647b8e68fdd196741c5b393a946482a4e33695aec0a2aa
shared-packuri-probe	control	allocator	control	opc_casefold_source_open	16384	31272868	32077431	32077431	30952412.2	5	27	1196793	4	0	0	1	0	86fd877006855b5dd7ee889c0f6ec00c20645ec243d628ae77080d7a416e8cdd	e53830838d32de3348647b8e68fdd196741c5b393a946482a4e33695aec0a2aa
shared-packuri-probe	control	allocator	control	opc_casefold_source_lookup	16384	48430	48520	48520	48406.2	5	0	0	144	0	0	0	144	d9b4239f722a2b243ab4f2e0d1208b8a145aa22b02e615adc2819c5cedb843fb	e53830838d32de3348647b8e68fdd196741c5b393a946482a4e33695aec0a2aa
shared-packuri-probe	control	allocator	control	opc_casefold_source_exact_lookup	16384	2320	2330	2330	2318.0	5	0	0	144	0	0	0	144	58ee4d69d4dd8ed44c627b65ffe31ac45a9c0a0f9c0c7d05478298cdb0a00b31	e53830838d32de3348647b8e68fdd196741c5b393a946482a4e33695aec0a2aa
shared-packuri-probe	control	allocator	control	opc_casefold_source_case_alias_lookup	16384	87670	88221	88221	87740.4	5	0	0	144	0	0	0	144	f197c1243908b5970c2045ae96d6312d27c2109a08ca4a3752ed36b2ae1a8fce	e53830838d32de3348647b8e68fdd196741c5b393a946482a4e33695aec0a2aa
shared-packuri-probe	control	allocator	control	opc_casefold_source_genuine_miss_lookup	16384	49320	51220	51220	49688.2	5	0	0	144	0	0	0	144	fea761da167dbe4473f53f4886ea4a2da108776c8ba4b73d3f9332cc61824582	e53830838d32de3348647b8e68fdd196741c5b393a946482a4e33695aec0a2aa
shared-packuri-probe	candidate	allocator	candidate	opc_casefold_source_open	256	424932	425812	425812	424919.8	5	9	19449	4	0	0	1	0	68bfa39a97c9d837c91a8667892bd3c0230d295c5327a84f7520b8ab02cd08b9	38ed85b4ca25169aa5550f353a0ac8dc0ff9a3cc99db28b04d722d864108af5f
shared-packuri-probe	candidate	allocator	candidate	opc_casefold_source_lookup	256	22900	22980	22980	22908.0	5	0	0	144	0	0	0	144	6a02c72a84e45623f8150e12608dfb3189b6bb903ffd0bce8e31ee897d14ae1f	38ed85b4ca25169aa5550f353a0ac8dc0ff9a3cc99db28b04d722d864108af5f
shared-packuri-probe	candidate	allocator	candidate	opc_casefold_source_exact_lookup	256	2480	2530	2530	2478.0	5	0	0	144	0	0	0	144	d8a61329d8e8909a043f56d9e6bf821fc208c82f8791c5810ed632a30b3ce637	38ed85b4ca25169aa5550f353a0ac8dc0ff9a3cc99db28b04d722d864108af5f
shared-packuri-probe	candidate	allocator	candidate	opc_casefold_source_case_alias_lookup	256	45220	45240	45240	45202.0	5	0	0	144	0	0	0	144	a0f21335f2147ff2ce7cfaaa7db68a7c62e95ec23d8ba9df8b74864e20b45833	38ed85b4ca25169aa5550f353a0ac8dc0ff9a3cc99db28b04d722d864108af5f
shared-packuri-probe	candidate	allocator	candidate	opc_casefold_source_genuine_miss_lookup	256	19730	19760	19760	19670.2	5	0	0	144	0	0	0	144	fea761da167dbe4473f53f4886ea4a2da108776c8ba4b73d3f9332cc61824582	38ed85b4ca25169aa5550f353a0ac8dc0ff9a3cc99db28b04d722d864108af5f
shared-packuri-probe	candidate	allocator	candidate	opc_casefold_source_open	2047	3356725	3362305	3362305	3356877.0	5	11	150192	4	0	0	1	0	f96278805e54bdf67f62efc0d9b09782988ca60007c602153f2b0498c217016f	38ed85b4ca25169aa5550f353a0ac8dc0ff9a3cc99db28b04d722d864108af5f
shared-packuri-probe	candidate	allocator	candidate	opc_casefold_source_lookup	2047	160491	160910	160910	157164.8	5	0	0	144	0	0	0	144	3cd131d27cdec2640f017ff7998ef2fc7eb6462832039f401686f3ab021355ea	38ed85b4ca25169aa5550f353a0ac8dc0ff9a3cc99db28b04d722d864108af5f
shared-packuri-probe	candidate	allocator	candidate	opc_casefold_source_exact_lookup	2047	2430	2530	2530	2450.0	5	0	0	144	0	0	0	144	5ff83b42956e53036f19926d023a5e98f59889ec64e51dd618b6100753c9367e	38ed85b4ca25169aa5550f353a0ac8dc0ff9a3cc99db28b04d722d864108af5f
shared-packuri-probe	candidate	allocator	candidate	opc_casefold_source_case_alias_lookup	2047	332891	339891	339891	335219.0	5	0	0	144	0	0	0	144	3336a08cd318f74e98515959a34dce128aefc6b9fa3546151fbf627572c025d9	38ed85b4ca25169aa5550f353a0ac8dc0ff9a3cc99db28b04d722d864108af5f
shared-packuri-probe	candidate	allocator	candidate	opc_casefold_source_genuine_miss_lookup	2047	146411	152730	152730	147738.8	5	0	0	144	0	0	0	144	fea761da167dbe4473f53f4886ea4a2da108776c8ba4b73d3f9332cc61824582	38ed85b4ca25169aa5550f353a0ac8dc0ff9a3cc99db28b04d722d864108af5f
shared-packuri-probe	candidate	allocator	candidate	opc_casefold_source_open	2048	3388115	3395685	3395685	3390320.8	5	11	150265	4	0	0	1	0	3449d32aa6d80e9cc12fbb1da1e6f5855177af1524250efda687b1ee99391298	38ed85b4ca25169aa5550f353a0ac8dc0ff9a3cc99db28b04d722d864108af5f
shared-packuri-probe	candidate	allocator	candidate	opc_casefold_source_lookup	2048	37450	37570	37570	37454.4	5	0	0	144	0	0	0	144	3d124a528436b1e924dcbbd7d23040d5c258e0acf8e278113c17e447f017936a	38ed85b4ca25169aa5550f353a0ac8dc0ff9a3cc99db28b04d722d864108af5f
shared-packuri-probe	candidate	allocator	candidate	opc_casefold_source_exact_lookup	2048	2510	2550	2550	2510.2	5	0	0	144	0	0	0	144	fa9dd41f44885e503e7a9fdbc03e97aa3b515723fe578b0e9bcaf114238990c9	38ed85b4ca25169aa5550f353a0ac8dc0ff9a3cc99db28b04d722d864108af5f
shared-packuri-probe	candidate	allocator	candidate	opc_casefold_source_case_alias_lookup	2048	68060	75390	75390	69424.4	5	0	0	144	0	0	0	144	ab0ffe95ce1e4c74f73dd7b9ea910991299588ee79917e99efe6c0a8e26262b4	38ed85b4ca25169aa5550f353a0ac8dc0ff9a3cc99db28b04d722d864108af5f
shared-packuri-probe	candidate	allocator	candidate	opc_casefold_source_genuine_miss_lookup	2048	41060	46701	46701	42176.2	5	0	0	144	0	0	0	144	fea761da167dbe4473f53f4886ea4a2da108776c8ba4b73d3f9332cc61824582	38ed85b4ca25169aa5550f353a0ac8dc0ff9a3cc99db28b04d722d864108af5f
shared-packuri-probe	candidate	allocator	candidate	opc_casefold_source_open	16384	32022491	32259422	32259422	31741457.6	5	27	1196793	4	0	0	1	0	86fd877006855b5dd7ee889c0f6ec00c20645ec243d628ae77080d7a416e8cdd	38ed85b4ca25169aa5550f353a0ac8dc0ff9a3cc99db28b04d722d864108af5f
shared-packuri-probe	candidate	allocator	candidate	opc_casefold_source_lookup	16384	48250	54571	54571	49516.2	5	0	0	144	0	0	0	144	d9b4239f722a2b243ab4f2e0d1208b8a145aa22b02e615adc2819c5cedb843fb	38ed85b4ca25169aa5550f353a0ac8dc0ff9a3cc99db28b04d722d864108af5f
shared-packuri-probe	candidate	allocator	candidate	opc_casefold_source_exact_lookup	16384	2460	2510	2510	2476.0	5	0	0	144	0	0	0	144	58ee4d69d4dd8ed44c627b65ffe31ac45a9c0a0f9c0c7d05478298cdb0a00b31	38ed85b4ca25169aa5550f353a0ac8dc0ff9a3cc99db28b04d722d864108af5f
shared-packuri-probe	candidate	allocator	candidate	opc_casefold_source_case_alias_lookup	16384	86961	87040	87040	86926.4	5	0	0	144	0	0	0	144	f197c1243908b5970c2045ae96d6312d27c2109a08ca4a3752ed36b2ae1a8fce	38ed85b4ca25169aa5550f353a0ac8dc0ff9a3cc99db28b04d722d864108af5f
shared-packuri-probe	candidate	allocator	candidate	opc_casefold_source_genuine_miss_lookup	16384	49810	49940	49940	49830.2	5	0	0	144	0	0	0	144	fea761da167dbe4473f53f4886ea4a2da108776c8ba4b73d3f9332cc61824582	38ed85b4ca25169aa5550f353a0ac8dc0ff9a3cc99db28b04d722d864108af5f
shared-packuri-arc-final	A1	normal	control	opc_casefold_eager_open	256	428906	435372	437822	428355.5	30	-	-	-	-	-	-	0	68bfa39a97c9d837c91a8667892bd3c0230d295c5327a84f7520b8ab02cd08b9	174f01e7e3c435cfeb398a22ff8d889d6c0ecfebc76b4006663449bf7d0be0b0
shared-packuri-arc-final	A1	normal	control	opc_casefold_source_open	256	301921	315091	316322	304095.0666666667	30	9	19449	4	0	0	1	0	68bfa39a97c9d837c91a8667892bd3c0230d295c5327a84f7520b8ab02cd08b9	174f01e7e3c435cfeb398a22ff8d889d6c0ecfebc76b4006663449bf7d0be0b0
shared-packuri-arc-final	A1	normal	control	opc_casefold_eager_lookup	256	31645	31710	38760	31882.13333333333	30	-	-	-	-	-	-	144	6a02c72a84e45623f8150e12608dfb3189b6bb903ffd0bce8e31ee897d14ae1f	174f01e7e3c435cfeb398a22ff8d889d6c0ecfebc76b4006663449bf7d0be0b0
shared-packuri-arc-final	A1	normal	control	opc_casefold_source_lookup	256	21205	23690	23720	21708.733333333337	30	0	0	144	0	0	0	144	6a02c72a84e45623f8150e12608dfb3189b6bb903ffd0bce8e31ee897d14ae1f	174f01e7e3c435cfeb398a22ff8d889d6c0ecfebc76b4006663449bf7d0be0b0
shared-packuri-arc-final	A1	normal	control	opc_casefold_source_exact_lookup	256	2280	2300	2320	2281.9999999999995	30	0	0	144	0	0	0	144	d8a61329d8e8909a043f56d9e6bf821fc208c82f8791c5810ed632a30b3ce637	174f01e7e3c435cfeb398a22ff8d889d6c0ecfebc76b4006663449bf7d0be0b0
shared-packuri-arc-final	A1	normal	control	opc_casefold_source_case_alias_lookup	256	41935	47660	68870	43137.83333333334	30	0	0	144	0	0	0	144	a0f21335f2147ff2ce7cfaaa7db68a7c62e95ec23d8ba9df8b74864e20b45833	174f01e7e3c435cfeb398a22ff8d889d6c0ecfebc76b4006663449bf7d0be0b0
shared-packuri-arc-final	A1	normal	control	opc_casefold_source_genuine_miss_lookup	256	17980	18140	24420	18193.066666666673	30	0	0	144	0	0	0	144	fea761da167dbe4473f53f4886ea4a2da108776c8ba4b73d3f9332cc61824582	174f01e7e3c435cfeb398a22ff8d889d6c0ecfebc76b4006663449bf7d0be0b0
shared-packuri-arc-final	A1	normal	control	opc_casefold_eager_open	2047	3444190	3480395	3481815	3445241.366666666	30	-	-	-	-	-	-	0	f96278805e54bdf67f62efc0d9b09782988ca60007c602153f2b0498c217016f	174f01e7e3c435cfeb398a22ff8d889d6c0ecfebc76b4006663449bf7d0be0b0
shared-packuri-arc-final	A1	normal	control	opc_casefold_source_open	2047	2433680	2467091	2482121	2437025.433333333	30	11	150192	4	0	0	1	0	f96278805e54bdf67f62efc0d9b09782988ca60007c602153f2b0498c217016f	174f01e7e3c435cfeb398a22ff8d889d6c0ecfebc76b4006663449bf7d0be0b0
shared-packuri-arc-final	A1	normal	control	opc_casefold_eager_lookup	2047	151076	156630	156821	152032.3333333333	30	-	-	-	-	-	-	144	3cd131d27cdec2640f017ff7998ef2fc7eb6462832039f401686f3ab021355ea	174f01e7e3c435cfeb398a22ff8d889d6c0ecfebc76b4006663449bf7d0be0b0
shared-packuri-arc-final	A1	normal	control	opc_casefold_source_lookup	2047	151081	157541	157700	151717.33333333334	30	0	0	144	0	0	0	144	3cd131d27cdec2640f017ff7998ef2fc7eb6462832039f401686f3ab021355ea	174f01e7e3c435cfeb398a22ff8d889d6c0ecfebc76b4006663449bf7d0be0b0
shared-packuri-arc-final	A1	normal	control	opc_casefold_source_exact_lookup	2047	2280	2310	2320	2282.0	30	0	0	144	0	0	0	144	5ff83b42956e53036f19926d023a5e98f59889ec64e51dd618b6100753c9367e	174f01e7e3c435cfeb398a22ff8d889d6c0ecfebc76b4006663449bf7d0be0b0
shared-packuri-arc-final	A1	normal	control	opc_casefold_source_case_alias_lookup	2047	301896	310272	310801	303893.3	30	0	0	144	0	0	0	144	3336a08cd318f74e98515959a34dce128aefc6b9fa3546151fbf627572c025d9	174f01e7e3c435cfeb398a22ff8d889d6c0ecfebc76b4006663449bf7d0be0b0
shared-packuri-arc-final	A1	normal	control	opc_casefold_source_genuine_miss_lookup	2047	144196	146961	150120	136289.2666666667	30	0	0	144	0	0	0	144	fea761da167dbe4473f53f4886ea4a2da108776c8ba4b73d3f9332cc61824582	174f01e7e3c435cfeb398a22ff8d889d6c0ecfebc76b4006663449bf7d0be0b0
shared-packuri-arc-final	A1	normal	control	opc_casefold_eager_open	2048	3451415	3475325	3507205	3449963.133333333	30	-	-	-	-	-	-	0	3449d32aa6d80e9cc12fbb1da1e6f5855177af1524250efda687b1ee99391298	174f01e7e3c435cfeb398a22ff8d889d6c0ecfebc76b4006663449bf7d0be0b0
shared-packuri-arc-final	A1	normal	control	opc_casefold_source_open	2048	2479731	2499641	2499901	2481042.2999999993	30	11	150265	4	0	0	1	0	3449d32aa6d80e9cc12fbb1da1e6f5855177af1524250efda687b1ee99391298	174f01e7e3c435cfeb398a22ff8d889d6c0ecfebc76b4006663449bf7d0be0b0
shared-packuri-arc-final	A1	normal	control	opc_casefold_eager_lookup	2048	158935	164921	165611	159796.39999999997	30	-	-	-	-	-	-	144	3d124a528436b1e924dcbbd7d23040d5c258e0acf8e278113c17e447f017936a	174f01e7e3c435cfeb398a22ff8d889d6c0ecfebc76b4006663449bf7d0be0b0
shared-packuri-arc-final	A1	normal	control	opc_casefold_source_lookup	2048	37245	37440	37500	37259.50000000001	30	0	0	144	0	0	0	144	3d124a528436b1e924dcbbd7d23040d5c258e0acf8e278113c17e447f017936a	174f01e7e3c435cfeb398a22ff8d889d6c0ecfebc76b4006663449bf7d0be0b0
shared-packuri-arc-final	A1	normal	control	opc_casefold_source_exact_lookup	2048	2300	2320	2330	2300.6666666666665	30	0	0	144	0	0	0	144	fa9dd41f44885e503e7a9fdbc03e97aa3b515723fe578b0e9bcaf114238990c9	174f01e7e3c435cfeb398a22ff8d889d6c0ecfebc76b4006663449bf7d0be0b0
shared-packuri-arc-final	A1	normal	control	opc_casefold_source_case_alias_lookup	2048	69380	74201	76520	70169.59999999999	30	0	0	144	0	0	0	144	ab0ffe95ce1e4c74f73dd7b9ea910991299588ee79917e99efe6c0a8e26262b4	174f01e7e3c435cfeb398a22ff8d889d6c0ecfebc76b4006663449bf7d0be0b0
shared-packuri-arc-final	A1	normal	control	opc_casefold_source_genuine_miss_lookup	2048	38751	38920	44190	38943.23333333333	30	0	0	144	0	0	0	144	fea761da167dbe4473f53f4886ea4a2da108776c8ba4b73d3f9332cc61824582	174f01e7e3c435cfeb398a22ff8d889d6c0ecfebc76b4006663449bf7d0be0b0
shared-packuri-arc-final	A1	normal	control	opc_casefold_eager_open	16384	31713434	32825594	34754932	31868506.7	30	-	-	-	-	-	-	0	86fd877006855b5dd7ee889c0f6ec00c20645ec243d628ae77080d7a416e8cdd	174f01e7e3c435cfeb398a22ff8d889d6c0ecfebc76b4006663449bf7d0be0b0
shared-packuri-arc-final	A1	normal	control	opc_casefold_source_open	16384	23881705	24688128	25016970	23947657.16666667	30	27	1196793	4	0	0	1	0	86fd877006855b5dd7ee889c0f6ec00c20645ec243d628ae77080d7a416e8cdd	174f01e7e3c435cfeb398a22ff8d889d6c0ecfebc76b4006663449bf7d0be0b0
shared-packuri-arc-final	A1	normal	control	opc_casefold_eager_lookup	16384	3258874	3269274	3304884	3260255.0000000005	30	-	-	-	-	-	-	144	d9b4239f722a2b243ab4f2e0d1208b8a145aa22b02e615adc2819c5cedb843fb	174f01e7e3c435cfeb398a22ff8d889d6c0ecfebc76b4006663449bf7d0be0b0
shared-packuri-arc-final	A1	normal	control	opc_casefold_source_lookup	16384	47705	54010	54920	48217.566666666666	30	0	0	144	0	0	0	144	d9b4239f722a2b243ab4f2e0d1208b8a145aa22b02e615adc2819c5cedb843fb	174f01e7e3c435cfeb398a22ff8d889d6c0ecfebc76b4006663449bf7d0be0b0
shared-packuri-arc-final	A1	normal	control	opc_casefold_source_exact_lookup	16384	2290	2330	2370	2294.6666666666665	30	0	0	144	0	0	0	144	58ee4d69d4dd8ed44c627b65ffe31ac45a9c0a0f9c0c7d05478298cdb0a00b31	174f01e7e3c435cfeb398a22ff8d889d6c0ecfebc76b4006663449bf7d0be0b0
shared-packuri-arc-final	A1	normal	control	opc_casefold_source_case_alias_lookup	16384	87440	94570	95410	88311.70000000001	30	0	0	144	0	0	0	144	f197c1243908b5970c2045ae96d6312d27c2109a08ca4a3752ed36b2ae1a8fce	174f01e7e3c435cfeb398a22ff8d889d6c0ecfebc76b4006663449bf7d0be0b0
shared-packuri-arc-final	A1	normal	control	opc_casefold_source_genuine_miss_lookup	16384	47525	47620	52470	47608.23333333332	30	0	0	144	0	0	0	144	fea761da167dbe4473f53f4886ea4a2da108776c8ba4b73d3f9332cc61824582	174f01e7e3c435cfeb398a22ff8d889d6c0ecfebc76b4006663449bf7d0be0b0
shared-packuri-arc-final	A2	normal	control	opc_casefold_eager_open	256	427601	437311	448372	429315.9666666667	30	-	-	-	-	-	-	0	68bfa39a97c9d837c91a8667892bd3c0230d295c5327a84f7520b8ab02cd08b9	3881f0a25e41f20295f599e0c60e8a7b422c4f8ea81b886d15e67af125bdcd16
shared-packuri-arc-final	A2	normal	control	opc_casefold_source_open	256	301306	310092	312981	302839.5	30	9	19449	4	0	0	1	0	68bfa39a97c9d837c91a8667892bd3c0230d295c5327a84f7520b8ab02cd08b9	3881f0a25e41f20295f599e0c60e8a7b422c4f8ea81b886d15e67af125bdcd16
shared-packuri-arc-final	A2	normal	control	opc_casefold_eager_lookup	256	16245	16630	16690	16383.033333333335	30	-	-	-	-	-	-	144	6a02c72a84e45623f8150e12608dfb3189b6bb903ffd0bce8e31ee897d14ae1f	3881f0a25e41f20295f599e0c60e8a7b422c4f8ea81b886d15e67af125bdcd16
shared-packuri-arc-final	A2	normal	control	opc_casefold_source_lookup	256	21410	22120	28921	21681.433333333334	30	0	0	144	0	0	0	144	6a02c72a84e45623f8150e12608dfb3189b6bb903ffd0bce8e31ee897d14ae1f	3881f0a25e41f20295f599e0c60e8a7b422c4f8ea81b886d15e67af125bdcd16
shared-packuri-arc-final	A2	normal	control	opc_casefold_source_exact_lookup	256	2300	2350	2350	2306.3333333333335	30	0	0	144	0	0	0	144	d8a61329d8e8909a043f56d9e6bf821fc208c82f8791c5810ed632a30b3ce637	3881f0a25e41f20295f599e0c60e8a7b422c4f8ea81b886d15e67af125bdcd16
shared-packuri-arc-final	A2	normal	control	opc_casefold_source_case_alias_lookup	256	42315	47190	49390	42707.2	30	0	0	144	0	0	0	144	a0f21335f2147ff2ce7cfaaa7db68a7c62e95ec23d8ba9df8b74864e20b45833	3881f0a25e41f20295f599e0c60e8a7b422c4f8ea81b886d15e67af125bdcd16
shared-packuri-arc-final	A2	normal	control	opc_casefold_source_genuine_miss_lookup	256	18265	18330	18340	18254.733333333334	30	0	0	144	0	0	0	144	fea761da167dbe4473f53f4886ea4a2da108776c8ba4b73d3f9332cc61824582	3881f0a25e41f20295f599e0c60e8a7b422c4f8ea81b886d15e67af125bdcd16
shared-packuri-arc-final	A2	normal	control	opc_casefold_eager_open	2047	3440219	3482104	3553544	3443314.2000000007	30	-	-	-	-	-	-	0	f96278805e54bdf67f62efc0d9b09782988ca60007c602153f2b0498c217016f	3881f0a25e41f20295f599e0c60e8a7b422c4f8ea81b886d15e67af125bdcd16
shared-packuri-arc-final	A2	normal	control	opc_casefold_source_open	2047	2436410	2466460	2476731	2440064.5000000005	30	11	150192	4	0	0	1	0	f96278805e54bdf67f62efc0d9b09782988ca60007c602153f2b0498c217016f	3881f0a25e41f20295f599e0c60e8a7b422c4f8ea81b886d15e67af125bdcd16
shared-packuri-arc-final	A2	normal	control	opc_casefold_eager_lookup	2047	283141	289102	289971	284780.16666666674	30	-	-	-	-	-	-	144	3cd131d27cdec2640f017ff7998ef2fc7eb6462832039f401686f3ab021355ea	3881f0a25e41f20295f599e0c60e8a7b422c4f8ea81b886d15e67af125bdcd16
shared-packuri-arc-final	A2	normal	control	opc_casefold_source_lookup	2047	150910	157440	171251	151328.6	30	0	0	144	0	0	0	144	3cd131d27cdec2640f017ff7998ef2fc7eb6462832039f401686f3ab021355ea	3881f0a25e41f20295f599e0c60e8a7b422c4f8ea81b886d15e67af125bdcd16
shared-packuri-arc-final	A2	normal	control	opc_casefold_source_exact_lookup	2047	2280	2311	2330	2282.7000000000003	30	0	0	144	0	0	0	144	5ff83b42956e53036f19926d023a5e98f59889ec64e51dd618b6100753c9367e	3881f0a25e41f20295f599e0c60e8a7b422c4f8ea81b886d15e67af125bdcd16
shared-packuri-arc-final	A2	normal	control	opc_casefold_source_case_alias_lookup	2047	302606	309021	310161	304110.26666666666	30	0	0	144	0	0	0	144	3336a08cd318f74e98515959a34dce128aefc6b9fa3546151fbf627572c025d9	3881f0a25e41f20295f599e0c60e8a7b422c4f8ea81b886d15e67af125bdcd16
shared-packuri-arc-final	A2	normal	control	opc_casefold_source_genuine_miss_lookup	2047	137660	148480	149021	126095.16666666667	30	0	0	144	0	0	0	144	fea761da167dbe4473f53f4886ea4a2da108776c8ba4b73d3f9332cc61824582	3881f0a25e41f20295f599e0c60e8a7b422c4f8ea81b886d15e67af125bdcd16
shared-packuri-arc-final	A2	normal	control	opc_casefold_eager_open	2048	3472745	3506404	3512165	3471780.1	30	-	-	-	-	-	-	0	3449d32aa6d80e9cc12fbb1da1e6f5855177af1524250efda687b1ee99391298	3881f0a25e41f20295f599e0c60e8a7b422c4f8ea81b886d15e67af125bdcd16
shared-packuri-arc-final	A2	normal	control	opc_casefold_source_open	2048	2504610	2522601	2523150	2504345.1000000006	30	11	150265	4	0	0	1	0	3449d32aa6d80e9cc12fbb1da1e6f5855177af1524250efda687b1ee99391298	3881f0a25e41f20295f599e0c60e8a7b422c4f8ea81b886d15e67af125bdcd16
shared-packuri-arc-final	A2	normal	control	opc_casefold_eager_lookup	2048	234556	239841	241521	235875.6666666666	30	-	-	-	-	-	-	144	3d124a528436b1e924dcbbd7d23040d5c258e0acf8e278113c17e447f017936a	3881f0a25e41f20295f599e0c60e8a7b422c4f8ea81b886d15e67af125bdcd16
shared-packuri-arc-final	A2	normal	control	opc_casefold_source_lookup	2048	37346	37531	37650	37337.866666666676	30	0	0	144	0	0	0	144	3d124a528436b1e924dcbbd7d23040d5c258e0acf8e278113c17e447f017936a	3881f0a25e41f20295f599e0c60e8a7b422c4f8ea81b886d15e67af125bdcd16
shared-packuri-arc-final	A2	normal	control	opc_casefold_source_exact_lookup	2048	2300	2320	2330	2299.7	30	0	0	144	0	0	0	144	fa9dd41f44885e503e7a9fdbc03e97aa3b515723fe578b0e9bcaf114238990c9	3881f0a25e41f20295f599e0c60e8a7b422c4f8ea81b886d15e67af125bdcd16
shared-packuri-arc-final	A2	normal	control	opc_casefold_source_case_alias_lookup	2048	70890	71151	73151	70946.3	30	0	0	144	0	0	0	144	ab0ffe95ce1e4c74f73dd7b9ea910991299588ee79917e99efe6c0a8e26262b4	3881f0a25e41f20295f599e0c60e8a7b422c4f8ea81b886d15e67af125bdcd16
shared-packuri-arc-final	A2	normal	control	opc_casefold_source_genuine_miss_lookup	2048	38930	39050	44750	39129.333333333336	30	0	0	144	0	0	0	144	fea761da167dbe4473f53f4886ea4a2da108776c8ba4b73d3f9332cc61824582	3881f0a25e41f20295f599e0c60e8a7b422c4f8ea81b886d15e67af125bdcd16
shared-packuri-arc-final	A2	normal	control	opc_casefold_eager_open	16384	33022352	33756870	33827850	33012404.9	30	-	-	-	-	-	-	0	86fd877006855b5dd7ee889c0f6ec00c20645ec243d628ae77080d7a416e8cdd	3881f0a25e41f20295f599e0c60e8a7b422c4f8ea81b886d15e67af125bdcd16
shared-packuri-arc-final	A2	normal	control	opc_casefold_source_open	16384	23973649	24709973	25087884	24037817.766666662	30	27	1196793	4	0	0	1	0	86fd877006855b5dd7ee889c0f6ec00c20645ec243d628ae77080d7a416e8cdd	3881f0a25e41f20295f599e0c60e8a7b422c4f8ea81b886d15e67af125bdcd16
shared-packuri-arc-final	A2	normal	control	opc_casefold_eager_lookup	16384	1277925	1287746	1289785	1279103.6333333333	30	-	-	-	-	-	-	144	d9b4239f722a2b243ab4f2e0d1208b8a145aa22b02e615adc2819c5cedb843fb	3881f0a25e41f20295f599e0c60e8a7b422c4f8ea81b886d15e67af125bdcd16
shared-packuri-arc-final	A2	normal	control	opc_casefold_source_lookup	16384	47820	51060	54430	48139.200000000004	30	0	0	144	0	0	0	144	d9b4239f722a2b243ab4f2e0d1208b8a145aa22b02e615adc2819c5cedb843fb	3881f0a25e41f20295f599e0c60e8a7b422c4f8ea81b886d15e67af125bdcd16
shared-packuri-arc-final	A2	normal	control	opc_casefold_source_exact_lookup	16384	2300	2330	2380	2302.6666666666665	30	0	0	144	0	0	0	144	58ee4d69d4dd8ed44c627b65ffe31ac45a9c0a0f9c0c7d05478298cdb0a00b31	3881f0a25e41f20295f599e0c60e8a7b422c4f8ea81b886d15e67af125bdcd16
shared-packuri-arc-final	A2	normal	control	opc_casefold_source_case_alias_lookup	16384	87850	94201	97041	88112.13333333333	30	0	0	144	0	0	0	144	f197c1243908b5970c2045ae96d6312d27c2109a08ca4a3752ed36b2ae1a8fce	3881f0a25e41f20295f599e0c60e8a7b422c4f8ea81b886d15e67af125bdcd16
shared-packuri-arc-final	A2	normal	control	opc_casefold_source_genuine_miss_lookup	16384	46120	47590	51610	46428.23333333333	30	0	0	144	0	0	0	144	fea761da167dbe4473f53f4886ea4a2da108776c8ba4b73d3f9332cc61824582	3881f0a25e41f20295f599e0c60e8a7b422c4f8ea81b886d15e67af125bdcd16
shared-packuri-arc-final	B1	normal	candidate	opc_casefold_eager_open	256	436576	446112	452862	438445.2666666667	30	-	-	-	-	-	-	0	68bfa39a97c9d837c91a8667892bd3c0230d295c5327a84f7520b8ab02cd08b9	ccdabd5c0e5df6738ff3f7738ed211a7ec766f1481cc3443e0e9fc539a9a2a08
shared-packuri-arc-final	B1	normal	candidate	opc_casefold_source_open	256	313887	321871	322581	314820.03333333344	30	9	19449	4	0	0	1	0	68bfa39a97c9d837c91a8667892bd3c0230d295c5327a84f7520b8ab02cd08b9	ccdabd5c0e5df6738ff3f7738ed211a7ec766f1481cc3443e0e9fc539a9a2a08
shared-packuri-arc-final	B1	normal	candidate	opc_casefold_eager_lookup	256	16370	16940	22660	16697.733333333337	30	-	-	-	-	-	-	144	6a02c72a84e45623f8150e12608dfb3189b6bb903ffd0bce8e31ee897d14ae1f	ccdabd5c0e5df6738ff3f7738ed211a7ec766f1481cc3443e0e9fc539a9a2a08
shared-packuri-arc-final	B1	normal	candidate	opc_casefold_source_lookup	256	22370	27530	30580	22829.066666666666	30	0	0	144	0	0	0	144	6a02c72a84e45623f8150e12608dfb3189b6bb903ffd0bce8e31ee897d14ae1f	ccdabd5c0e5df6738ff3f7738ed211a7ec766f1481cc3443e0e9fc539a9a2a08
shared-packuri-arc-final	B1	normal	candidate	opc_casefold_source_exact_lookup	256	2500	2560	2560	2504.699999999999	30	0	0	144	0	0	0	144	d8a61329d8e8909a043f56d9e6bf821fc208c82f8791c5810ed632a30b3ce637	ccdabd5c0e5df6738ff3f7738ed211a7ec766f1481cc3443e0e9fc539a9a2a08
shared-packuri-arc-final	B1	normal	candidate	opc_casefold_source_case_alias_lookup	256	45250	50150	51240	45611.5	30	0	0	144	0	0	0	144	a0f21335f2147ff2ce7cfaaa7db68a7c62e95ec23d8ba9df8b74864e20b45833	ccdabd5c0e5df6738ff3f7738ed211a7ec766f1481cc3443e0e9fc539a9a2a08
shared-packuri-arc-final	B1	normal	candidate	opc_casefold_source_genuine_miss_lookup	256	17910	18080	23450	18105.333333333336	30	0	0	144	0	0	0	144	fea761da167dbe4473f53f4886ea4a2da108776c8ba4b73d3f9332cc61824582	ccdabd5c0e5df6738ff3f7738ed211a7ec766f1481cc3443e0e9fc539a9a2a08
shared-packuri-arc-final	B1	normal	candidate	opc_casefold_eager_open	2047	3531710	3560636	3563406	3533532.9	30	-	-	-	-	-	-	0	f96278805e54bdf67f62efc0d9b09782988ca60007c602153f2b0498c217016f	ccdabd5c0e5df6738ff3f7738ed211a7ec766f1481cc3443e0e9fc539a9a2a08
shared-packuri-arc-final	B1	normal	candidate	opc_casefold_source_open	2047	2478815	2501291	2505711	2479332.933333333	30	11	150192	4	0	0	1	0	f96278805e54bdf67f62efc0d9b09782988ca60007c602153f2b0498c217016f	ccdabd5c0e5df6738ff3f7738ed211a7ec766f1481cc3443e0e9fc539a9a2a08
shared-packuri-arc-final	B1	normal	candidate	opc_casefold_eager_lookup	2047	116395	122201	123220	117209.5	30	-	-	-	-	-	-	144	3cd131d27cdec2640f017ff7998ef2fc7eb6462832039f401686f3ab021355ea	ccdabd5c0e5df6738ff3f7738ed211a7ec766f1481cc3443e0e9fc539a9a2a08
shared-packuri-arc-final	B1	normal	candidate	opc_casefold_source_lookup	2047	160710	166190	166951	161159.69999999998	30	0	0	144	0	0	0	144	3cd131d27cdec2640f017ff7998ef2fc7eb6462832039f401686f3ab021355ea	ccdabd5c0e5df6738ff3f7738ed211a7ec766f1481cc3443e0e9fc539a9a2a08
shared-packuri-arc-final	B1	normal	candidate	opc_casefold_source_exact_lookup	2047	2460	2490	2520	2459.3333333333335	30	0	0	144	0	0	0	144	5ff83b42956e53036f19926d023a5e98f59889ec64e51dd618b6100753c9367e	ccdabd5c0e5df6738ff3f7738ed211a7ec766f1481cc3443e0e9fc539a9a2a08
shared-packuri-arc-final	B1	normal	candidate	opc_casefold_source_case_alias_lookup	2047	335337	340531	343582	335904.5	30	0	0	144	0	0	0	144	3336a08cd318f74e98515959a34dce128aefc6b9fa3546151fbf627572c025d9	ccdabd5c0e5df6738ff3f7738ed211a7ec766f1481cc3443e0e9fc539a9a2a08
shared-packuri-arc-final	B1	normal	candidate	opc_casefold_source_genuine_miss_lookup	2047	143895	149171	149531	132264.59999999998	30	0	0	144	0	0	0	144	fea761da167dbe4473f53f4886ea4a2da108776c8ba4b73d3f9332cc61824582	ccdabd5c0e5df6738ff3f7738ed211a7ec766f1481cc3443e0e9fc539a9a2a08
shared-packuri-arc-final	B1	normal	candidate	opc_casefold_eager_open	2048	3564990	3605115	3615906	3570108.3333333335	30	-	-	-	-	-	-	0	3449d32aa6d80e9cc12fbb1da1e6f5855177af1524250efda687b1ee99391298	ccdabd5c0e5df6738ff3f7738ed211a7ec766f1481cc3443e0e9fc539a9a2a08
shared-packuri-arc-final	B1	normal	candidate	opc_casefold_source_open	2048	2562021	2594171	2601921	2566172.066666667	30	11	150265	4	0	0	1	0	3449d32aa6d80e9cc12fbb1da1e6f5855177af1524250efda687b1ee99391298	ccdabd5c0e5df6738ff3f7738ed211a7ec766f1481cc3443e0e9fc539a9a2a08
shared-packuri-arc-final	B1	normal	candidate	opc_casefold_eager_lookup	2048	151251	156551	156741	152097.0333333333	30	-	-	-	-	-	-	144	3d124a528436b1e924dcbbd7d23040d5c258e0acf8e278113c17e447f017936a	ccdabd5c0e5df6738ff3f7738ed211a7ec766f1481cc3443e0e9fc539a9a2a08
shared-packuri-arc-final	B1	normal	candidate	opc_casefold_source_lookup	2048	36685	36890	37031	36682.00000000001	30	0	0	144	0	0	0	144	3d124a528436b1e924dcbbd7d23040d5c258e0acf8e278113c17e447f017936a	ccdabd5c0e5df6738ff3f7738ed211a7ec766f1481cc3443e0e9fc539a9a2a08
shared-packuri-arc-final	B1	normal	candidate	opc_casefold_source_exact_lookup	2048	2440	2470	2480	2445.6666666666665	30	0	0	144	0	0	0	144	fa9dd41f44885e503e7a9fdbc03e97aa3b515723fe578b0e9bcaf114238990c9	ccdabd5c0e5df6738ff3f7738ed211a7ec766f1481cc3443e0e9fc539a9a2a08
shared-packuri-arc-final	B1	normal	candidate	opc_casefold_source_case_alias_lookup	2048	68270	71140	74051	68563.90000000001	30	0	0	144	0	0	0	144	ab0ffe95ce1e4c74f73dd7b9ea910991299588ee79917e99efe6c0a8e26262b4	ccdabd5c0e5df6738ff3f7738ed211a7ec766f1481cc3443e0e9fc539a9a2a08
shared-packuri-arc-final	B1	normal	candidate	opc_casefold_source_genuine_miss_lookup	2048	37630	37700	37710	37628.13333333334	30	0	0	144	0	0	0	144	fea761da167dbe4473f53f4886ea4a2da108776c8ba4b73d3f9332cc61824582	ccdabd5c0e5df6738ff3f7738ed211a7ec766f1481cc3443e0e9fc539a9a2a08
shared-packuri-arc-final	B1	normal	candidate	opc_casefold_eager_open	16384	32718074	33149536	33589987	32789014.866666675	30	-	-	-	-	-	-	0	86fd877006855b5dd7ee889c0f6ec00c20645ec243d628ae77080d7a416e8cdd	ccdabd5c0e5df6738ff3f7738ed211a7ec766f1481cc3443e0e9fc539a9a2a08
shared-packuri-arc-final	B1	normal	candidate	opc_casefold_source_open	16384	25030295	25849804	25862584	25041190.100000005	30	27	1196793	4	0	0	1	0	86fd877006855b5dd7ee889c0f6ec00c20645ec243d628ae77080d7a416e8cdd	ccdabd5c0e5df6738ff3f7738ed211a7ec766f1481cc3443e0e9fc539a9a2a08
shared-packuri-arc-final	B1	normal	candidate	opc_casefold_eager_lookup	16384	3054823	3061273	3079564	3055210.0666666664	30	-	-	-	-	-	-	144	d9b4239f722a2b243ab4f2e0d1208b8a145aa22b02e615adc2819c5cedb843fb	ccdabd5c0e5df6738ff3f7738ed211a7ec766f1481cc3443e0e9fc539a9a2a08
shared-packuri-arc-final	B1	normal	candidate	opc_casefold_source_lookup	16384	47756	53630	54581	48429.533333333326	30	0	0	144	0	0	0	144	d9b4239f722a2b243ab4f2e0d1208b8a145aa22b02e615adc2819c5cedb843fb	ccdabd5c0e5df6738ff3f7738ed211a7ec766f1481cc3443e0e9fc539a9a2a08
shared-packuri-arc-final	B1	normal	candidate	opc_casefold_source_exact_lookup	16384	2465	2500	2530	2464.666666666667	30	0	0	144	0	0	0	144	58ee4d69d4dd8ed44c627b65ffe31ac45a9c0a0f9c0c7d05478298cdb0a00b31	ccdabd5c0e5df6738ff3f7738ed211a7ec766f1481cc3443e0e9fc539a9a2a08
shared-packuri-arc-final	B1	normal	candidate	opc_casefold_source_case_alias_lookup	16384	86545	91351	94660	87190.09999999999	30	0	0	144	0	0	0	144	f197c1243908b5970c2045ae96d6312d27c2109a08ca4a3752ed36b2ae1a8fce	ccdabd5c0e5df6738ff3f7738ed211a7ec766f1481cc3443e0e9fc539a9a2a08
shared-packuri-arc-final	B1	normal	candidate	opc_casefold_source_genuine_miss_lookup	16384	46425	46520	51080	46451.56666666666	30	0	0	144	0	0	0	144	fea761da167dbe4473f53f4886ea4a2da108776c8ba4b73d3f9332cc61824582	ccdabd5c0e5df6738ff3f7738ed211a7ec766f1481cc3443e0e9fc539a9a2a08
shared-packuri-arc-final	B2	normal	candidate	opc_casefold_eager_open	256	435931	445382	451212	437345.23333333334	30	-	-	-	-	-	-	0	68bfa39a97c9d837c91a8667892bd3c0230d295c5327a84f7520b8ab02cd08b9	18ac86d1c26ead1787821384c57f8ca6f31c5368874f635f5bd210813104bcc3
shared-packuri-arc-final	B2	normal	candidate	opc_casefold_source_open	256	321301	328951	329882	322411.39999999997	30	9	19449	4	0	0	1	0	68bfa39a97c9d837c91a8667892bd3c0230d295c5327a84f7520b8ab02cd08b9	18ac86d1c26ead1787821384c57f8ca6f31c5368874f635f5bd210813104bcc3
shared-packuri-arc-final	B2	normal	candidate	opc_casefold_eager_lookup	256	31905	32020	38790	32077.46666666667	30	-	-	-	-	-	-	144	6a02c72a84e45623f8150e12608dfb3189b6bb903ffd0bce8e31ee897d14ae1f	18ac86d1c26ead1787821384c57f8ca6f31c5368874f635f5bd210813104bcc3
shared-packuri-arc-final	B2	normal	candidate	opc_casefold_source_lookup	256	22450	25070	28551	22735.766666666677	30	0	0	144	0	0	0	144	6a02c72a84e45623f8150e12608dfb3189b6bb903ffd0bce8e31ee897d14ae1f	18ac86d1c26ead1787821384c57f8ca6f31c5368874f635f5bd210813104bcc3
shared-packuri-arc-final	B2	normal	candidate	opc_casefold_source_exact_lookup	256	2450	2500	2510	2456.333333333333	30	0	0	144	0	0	0	144	d8a61329d8e8909a043f56d9e6bf821fc208c82f8791c5810ed632a30b3ce637	18ac86d1c26ead1787821384c57f8ca6f31c5368874f635f5bd210813104bcc3
shared-packuri-arc-final	B2	normal	candidate	opc_casefold_source_case_alias_lookup	256	45540	50260	51330	45994.56666666666	30	0	0	144	0	0	0	144	a0f21335f2147ff2ce7cfaaa7db68a7c62e95ec23d8ba9df8b74864e20b45833	18ac86d1c26ead1787821384c57f8ca6f31c5368874f635f5bd210813104bcc3
shared-packuri-arc-final	B2	normal	candidate	opc_casefold_source_genuine_miss_lookup	256	17900	17950	17991	17895.166666666668	30	0	0	144	0	0	0	144	fea761da167dbe4473f53f4886ea4a2da108776c8ba4b73d3f9332cc61824582	18ac86d1c26ead1787821384c57f8ca6f31c5368874f635f5bd210813104bcc3
shared-packuri-arc-final	B2	normal	candidate	opc_casefold_eager_open	2047	3546690	3562565	3572606	3546832.966666667	30	-	-	-	-	-	-	0	f96278805e54bdf67f62efc0d9b09782988ca60007c602153f2b0498c217016f	18ac86d1c26ead1787821384c57f8ca6f31c5368874f635f5bd210813104bcc3
shared-packuri-arc-final	B2	normal	candidate	opc_casefold_source_open	2047	2524381	2546501	2558121	2526652.3333333335	30	11	150192	4	0	0	1	0	f96278805e54bdf67f62efc0d9b09782988ca60007c602153f2b0498c217016f	18ac86d1c26ead1787821384c57f8ca6f31c5368874f635f5bd210813104bcc3
shared-packuri-arc-final	B2	normal	candidate	opc_casefold_eager_lookup	2047	192641	200691	203861	194176.50000000003	30	-	-	-	-	-	-	144	3cd131d27cdec2640f017ff7998ef2fc7eb6462832039f401686f3ab021355ea	18ac86d1c26ead1787821384c57f8ca6f31c5368874f635f5bd210813104bcc3
shared-packuri-arc-final	B2	normal	candidate	opc_casefold_source_lookup	2047	160690	166131	167831	160097.06666666668	30	0	0	144	0	0	0	144	3cd131d27cdec2640f017ff7998ef2fc7eb6462832039f401686f3ab021355ea	18ac86d1c26ead1787821384c57f8ca6f31c5368874f635f5bd210813104bcc3
shared-packuri-arc-final	B2	normal	candidate	opc_casefold_source_exact_lookup	2047	2440	2490	2500	2449.333333333333	30	0	0	144	0	0	0	144	5ff83b42956e53036f19926d023a5e98f59889ec64e51dd618b6100753c9367e	18ac86d1c26ead1787821384c57f8ca6f31c5368874f635f5bd210813104bcc3
shared-packuri-arc-final	B2	normal	candidate	opc_casefold_source_case_alias_lookup	2047	332756	339412	348001	334754.3999999999	30	0	0	144	0	0	0	144	3336a08cd318f74e98515959a34dce128aefc6b9fa3546151fbf627572c025d9	18ac86d1c26ead1787821384c57f8ca6f31c5368874f635f5bd210813104bcc3
shared-packuri-arc-final	B2	normal	candidate	opc_casefold_source_genuine_miss_lookup	2047	143836	144141	149701	128336.5	30	0	0	144	0	0	0	144	fea761da167dbe4473f53f4886ea4a2da108776c8ba4b73d3f9332cc61824582	18ac86d1c26ead1787821384c57f8ca6f31c5368874f635f5bd210813104bcc3
shared-packuri-arc-final	B2	normal	candidate	opc_casefold_eager_open	2048	3562275	3581345	3584096	3563409.833333334	30	-	-	-	-	-	-	0	3449d32aa6d80e9cc12fbb1da1e6f5855177af1524250efda687b1ee99391298	18ac86d1c26ead1787821384c57f8ca6f31c5368874f635f5bd210813104bcc3
shared-packuri-arc-final	B2	normal	candidate	opc_casefold_source_open	2048	2584516	2604511	2604702	2584460.3000000003	30	11	150265	4	0	0	1	0	3449d32aa6d80e9cc12fbb1da1e6f5855177af1524250efda687b1ee99391298	18ac86d1c26ead1787821384c57f8ca6f31c5368874f635f5bd210813104bcc3
shared-packuri-arc-final	B2	normal	candidate	opc_casefold_eager_lookup	2048	164760	171590	172541	165809.3666666667	30	-	-	-	-	-	-	144	3d124a528436b1e924dcbbd7d23040d5c258e0acf8e278113c17e447f017936a	18ac86d1c26ead1787821384c57f8ca6f31c5368874f635f5bd210813104bcc3
shared-packuri-arc-final	B2	normal	candidate	opc_casefold_source_lookup	2048	37240	37380	39560	37323.4	30	0	0	144	0	0	0	144	3d124a528436b1e924dcbbd7d23040d5c258e0acf8e278113c17e447f017936a	18ac86d1c26ead1787821384c57f8ca6f31c5368874f635f5bd210813104bcc3
shared-packuri-arc-final	B2	normal	candidate	opc_casefold_source_exact_lookup	2048	2440	2490	2500	2441.6666666666665	30	0	0	144	0	0	0	144	fa9dd41f44885e503e7a9fdbc03e97aa3b515723fe578b0e9bcaf114238990c9	18ac86d1c26ead1787821384c57f8ca6f31c5368874f635f5bd210813104bcc3
shared-packuri-arc-final	B2	normal	candidate	opc_casefold_source_case_alias_lookup	2048	67591	74500	75021	68141.23333333337	30	0	0	144	0	0	0	144	ab0ffe95ce1e4c74f73dd7b9ea910991299588ee79917e99efe6c0a8e26262b4	18ac86d1c26ead1787821384c57f8ca6f31c5368874f635f5bd210813104bcc3
shared-packuri-arc-final	B2	normal	candidate	opc_casefold_source_genuine_miss_lookup	2048	38860	46120	46390	39363.43333333332	30	0	0	144	0	0	0	144	fea761da167dbe4473f53f4886ea4a2da108776c8ba4b73d3f9332cc61824582	18ac86d1c26ead1787821384c57f8ca6f31c5368874f635f5bd210813104bcc3
shared-packuri-arc-final	B2	normal	candidate	opc_casefold_eager_open	16384	32718873	32995334	33574707	32704533.566666663	30	-	-	-	-	-	-	0	86fd877006855b5dd7ee889c0f6ec00c20645ec243d628ae77080d7a416e8cdd	18ac86d1c26ead1787821384c57f8ca6f31c5368874f635f5bd210813104bcc3
shared-packuri-arc-final	B2	normal	candidate	opc_casefold_source_open	16384	24706923	25776902	25981464	24819377.0	30	27	1196793	4	0	0	1	0	86fd877006855b5dd7ee889c0f6ec00c20645ec243d628ae77080d7a416e8cdd	18ac86d1c26ead1787821384c57f8ca6f31c5368874f635f5bd210813104bcc3
shared-packuri-arc-final	B2	normal	candidate	opc_casefold_eager_lookup	16384	3256409	3264714	3273315	3256421.233333333	30	-	-	-	-	-	-	144	d9b4239f722a2b243ab4f2e0d1208b8a145aa22b02e615adc2819c5cedb843fb	18ac86d1c26ead1787821384c57f8ca6f31c5368874f635f5bd210813104bcc3
shared-packuri-arc-final	B2	normal	candidate	opc_casefold_source_lookup	16384	47245	47520	47571	47258.2	30	0	0	144	0	0	0	144	d9b4239f722a2b243ab4f2e0d1208b8a145aa22b02e615adc2819c5cedb843fb	18ac86d1c26ead1787821384c57f8ca6f31c5368874f635f5bd210813104bcc3
shared-packuri-arc-final	B2	normal	candidate	opc_casefold_source_exact_lookup	16384	2450	2500	2540	2459.6999999999994	30	0	0	144	0	0	0	144	58ee4d69d4dd8ed44c627b65ffe31ac45a9c0a0f9c0c7d05478298cdb0a00b31	18ac86d1c26ead1787821384c57f8ca6f31c5368874f635f5bd210813104bcc3
shared-packuri-arc-final	B2	normal	candidate	opc_casefold_source_case_alias_lookup	16384	87380	92981	94361	88004.33333333333	30	0	0	144	0	0	0	144	f197c1243908b5970c2045ae96d6312d27c2109a08ca4a3752ed36b2ae1a8fce	18ac86d1c26ead1787821384c57f8ca6f31c5368874f635f5bd210813104bcc3
shared-packuri-arc-final	B2	normal	candidate	opc_casefold_source_genuine_miss_lookup	16384	51280	51680	56740	51468.533333333326	30	0	0	144	0	0	0	144	fea761da167dbe4473f53f4886ea4a2da108776c8ba4b73d3f9332cc61824582	18ac86d1c26ead1787821384c57f8ca6f31c5368874f635f5bd210813104bcc3
shared-packuri-arc-final	A1	allocator	control	opc_casefold_eager_open	256	588913	593673	604443	588154.7333333332	30	-	-	-	-	-	-	0	68bfa39a97c9d837c91a8667892bd3c0230d295c5327a84f7520b8ab02cd08b9	3625bcae8f562c49a3bb12d3f98033b619d6af6b888feb2ab90434359ed1dc46
shared-packuri-arc-final	A1	allocator	control	opc_casefold_source_open	256	411611	413611	414992	411796.86666666664	30	9	19449	4	0	0	1	0	68bfa39a97c9d837c91a8667892bd3c0230d295c5327a84f7520b8ab02cd08b9	3625bcae8f562c49a3bb12d3f98033b619d6af6b888feb2ab90434359ed1dc46
shared-packuri-arc-final	A1	allocator	control	opc_casefold_eager_lookup	256	26530	26560	26560	26519.13333333333	30	-	-	-	-	-	-	144	6a02c72a84e45623f8150e12608dfb3189b6bb903ffd0bce8e31ee897d14ae1f	3625bcae8f562c49a3bb12d3f98033b619d6af6b888feb2ab90434359ed1dc46
shared-packuri-arc-final	A1	allocator	control	opc_casefold_source_lookup	256	21890	23790	23871	22123.73333333334	30	0	0	144	0	0	0	144	6a02c72a84e45623f8150e12608dfb3189b6bb903ffd0bce8e31ee897d14ae1f	3625bcae8f562c49a3bb12d3f98033b619d6af6b888feb2ab90434359ed1dc46
shared-packuri-arc-final	A1	allocator	control	opc_casefold_source_exact_lookup	256	2340	2370	2390	2341.666666666666	30	0	0	144	0	0	0	144	d8a61329d8e8909a043f56d9e6bf821fc208c82f8791c5810ed632a30b3ce637	3625bcae8f562c49a3bb12d3f98033b619d6af6b888feb2ab90434359ed1dc46
shared-packuri-arc-final	A1	allocator	control	opc_casefold_source_case_alias_lookup	256	41200	41710	46940	41457.5	30	0	0	144	0	0	0	144	a0f21335f2147ff2ce7cfaaa7db68a7c62e95ec23d8ba9df8b74864e20b45833	3625bcae8f562c49a3bb12d3f98033b619d6af6b888feb2ab90434359ed1dc46
shared-packuri-arc-final	A1	allocator	control	opc_casefold_source_genuine_miss_lookup	256	19980	20100	25500	20176.100000000002	30	0	0	144	0	0	0	144	fea761da167dbe4473f53f4886ea4a2da108776c8ba4b73d3f9332cc61824582	3625bcae8f562c49a3bb12d3f98033b619d6af6b888feb2ab90434359ed1dc46
shared-packuri-arc-final	A1	allocator	control	opc_casefold_eager_open	2047	4735436	4756001	4791591	4730851.066666667	30	-	-	-	-	-	-	0	f96278805e54bdf67f62efc0d9b09782988ca60007c602153f2b0498c217016f	3625bcae8f562c49a3bb12d3f98033b619d6af6b888feb2ab90434359ed1dc46
shared-packuri-arc-final	A1	allocator	control	opc_casefold_source_open	2047	3370709	3407205	3410375	3374410.3666666658	30	11	150192	4	0	0	1	0	f96278805e54bdf67f62efc0d9b09782988ca60007c602153f2b0498c217016f	3625bcae8f562c49a3bb12d3f98033b619d6af6b888feb2ab90434359ed1dc46
shared-packuri-arc-final	A1	allocator	control	opc_casefold_eager_lookup	2047	200080	205911	205931	201180.90000000002	30	-	-	-	-	-	-	144	3cd131d27cdec2640f017ff7998ef2fc7eb6462832039f401686f3ab021355ea	3625bcae8f562c49a3bb12d3f98033b619d6af6b888feb2ab90434359ed1dc46
shared-packuri-arc-final	A1	allocator	control	opc_casefold_source_lookup	2047	152346	161851	162011	153706.59999999998	30	0	0	144	0	0	0	144	3cd131d27cdec2640f017ff7998ef2fc7eb6462832039f401686f3ab021355ea	3625bcae8f562c49a3bb12d3f98033b619d6af6b888feb2ab90434359ed1dc46
shared-packuri-arc-final	A1	allocator	control	opc_casefold_source_exact_lookup	2047	2330	2350	2370	2330.333333333334	30	0	0	144	0	0	0	144	5ff83b42956e53036f19926d023a5e98f59889ec64e51dd618b6100753c9367e	3625bcae8f562c49a3bb12d3f98033b619d6af6b888feb2ab90434359ed1dc46
shared-packuri-arc-final	A1	allocator	control	opc_casefold_source_case_alias_lookup	2047	304166	311062	311261	305062.3333333334	30	0	0	144	0	0	0	144	3336a08cd318f74e98515959a34dce128aefc6b9fa3546151fbf627572c025d9	3625bcae8f562c49a3bb12d3f98033b619d6af6b888feb2ab90434359ed1dc46
shared-packuri-arc-final	A1	allocator	control	opc_casefold_source_genuine_miss_lookup	2047	148200	153500	153891	136051.96666666665	30	0	0	144	0	0	0	144	fea761da167dbe4473f53f4886ea4a2da108776c8ba4b73d3f9332cc61824582	3625bcae8f562c49a3bb12d3f98033b619d6af6b888feb2ab90434359ed1dc46
shared-packuri-arc-final	A1	allocator	control	opc_casefold_eager_open	2048	4740371	4786041	4794531	4743112.566666667	30	-	-	-	-	-	-	0	3449d32aa6d80e9cc12fbb1da1e6f5855177af1524250efda687b1ee99391298	3625bcae8f562c49a3bb12d3f98033b619d6af6b888feb2ab90434359ed1dc46
shared-packuri-arc-final	A1	allocator	control	opc_casefold_source_open	2048	3412610	3430255	3471355	3415215.966666667	30	11	150265	4	0	0	1	0	3449d32aa6d80e9cc12fbb1da1e6f5855177af1524250efda687b1ee99391298	3625bcae8f562c49a3bb12d3f98033b619d6af6b888feb2ab90434359ed1dc46
shared-packuri-arc-final	A1	allocator	control	opc_casefold_eager_lookup	2048	178841	183911	184781	179867.46666666667	30	-	-	-	-	-	-	144	3d124a528436b1e924dcbbd7d23040d5c258e0acf8e278113c17e447f017936a	3625bcae8f562c49a3bb12d3f98033b619d6af6b888feb2ab90434359ed1dc46
shared-packuri-arc-final	A1	allocator	control	opc_casefold_source_lookup	2048	37790	38340	44010	38131.83333333333	30	0	0	144	0	0	0	144	3d124a528436b1e924dcbbd7d23040d5c258e0acf8e278113c17e447f017936a	3625bcae8f562c49a3bb12d3f98033b619d6af6b888feb2ab90434359ed1dc46
shared-packuri-arc-final	A1	allocator	control	opc_casefold_source_exact_lookup	2048	2420	2440	2440	2415.666666666667	30	0	0	144	0	0	0	144	fa9dd41f44885e503e7a9fdbc03e97aa3b515723fe578b0e9bcaf114238990c9	3625bcae8f562c49a3bb12d3f98033b619d6af6b888feb2ab90434359ed1dc46
shared-packuri-arc-final	A1	allocator	control	opc_casefold_source_case_alias_lookup	2048	68710	75850	75951	69355.63333333332	30	0	0	144	0	0	0	144	ab0ffe95ce1e4c74f73dd7b9ea910991299588ee79917e99efe6c0a8e26262b4	3625bcae8f562c49a3bb12d3f98033b619d6af6b888feb2ab90434359ed1dc46
shared-packuri-arc-final	A1	allocator	control	opc_casefold_source_genuine_miss_lookup	2048	40905	41130	41230	40917.53333333333	30	0	0	144	0	0	0	144	fea761da167dbe4473f53f4886ea4a2da108776c8ba4b73d3f9332cc61824582	3625bcae8f562c49a3bb12d3f98033b619d6af6b888feb2ab90434359ed1dc46
shared-packuri-arc-final	A1	allocator	control	opc_casefold_eager_open	16384	42364080	43592630	43612911	42455177.099999994	30	-	-	-	-	-	-	0	86fd877006855b5dd7ee889c0f6ec00c20645ec243d628ae77080d7a416e8cdd	3625bcae8f562c49a3bb12d3f98033b619d6af6b888feb2ab90434359ed1dc46
shared-packuri-arc-final	A1	allocator	control	opc_casefold_source_open	16384	31300892	33192925	33693597	31315136.566666666	30	27	1196793	4	0	0	1	0	86fd877006855b5dd7ee889c0f6ec00c20645ec243d628ae77080d7a416e8cdd	3625bcae8f562c49a3bb12d3f98033b619d6af6b888feb2ab90434359ed1dc46
shared-packuri-arc-final	A1	allocator	control	opc_casefold_eager_lookup	16384	3461765	3475765	3487205	3461300.4666666663	30	-	-	-	-	-	-	144	d9b4239f722a2b243ab4f2e0d1208b8a145aa22b02e615adc2819c5cedb843fb	3625bcae8f562c49a3bb12d3f98033b619d6af6b888feb2ab90434359ed1dc46
shared-packuri-arc-final	A1	allocator	control	opc_casefold_source_lookup	16384	47995	48160	48190	47971.5	30	0	0	144	0	0	0	144	d9b4239f722a2b243ab4f2e0d1208b8a145aa22b02e615adc2819c5cedb843fb	3625bcae8f562c49a3bb12d3f98033b619d6af6b888feb2ab90434359ed1dc46
shared-packuri-arc-final	A1	allocator	control	opc_casefold_source_exact_lookup	16384	2420	2460	2480	2425.7000000000003	30	0	0	144	0	0	0	144	58ee4d69d4dd8ed44c627b65ffe31ac45a9c0a0f9c0c7d05478298cdb0a00b31	3625bcae8f562c49a3bb12d3f98033b619d6af6b888feb2ab90434359ed1dc46
shared-packuri-arc-final	A1	allocator	control	opc_casefold_source_case_alias_lookup	16384	85980	92091	92110	86759.96666666667	30	0	0	144	0	0	0	144	f197c1243908b5970c2045ae96d6312d27c2109a08ca4a3752ed36b2ae1a8fce	3625bcae8f562c49a3bb12d3f98033b619d6af6b888feb2ab90434359ed1dc46
shared-packuri-arc-final	A1	allocator	control	opc_casefold_source_genuine_miss_lookup	16384	50450	50651	56460	50664.9	30	0	0	144	0	0	0	144	fea761da167dbe4473f53f4886ea4a2da108776c8ba4b73d3f9332cc61824582	3625bcae8f562c49a3bb12d3f98033b619d6af6b888feb2ab90434359ed1dc46
shared-packuri-arc-final	A2	allocator	control	opc_casefold_eager_open	256	585787	591842	595213	584856.4333333331	30	-	-	-	-	-	-	0	68bfa39a97c9d837c91a8667892bd3c0230d295c5327a84f7520b8ab02cd08b9	edf860ea3418386555ff629543060d2655780062d5fb73dff698d164097c3388
shared-packuri-arc-final	A2	allocator	control	opc_casefold_source_open	256	415207	418312	418712	415523.10000000003	30	9	19449	4	0	0	1	0	68bfa39a97c9d837c91a8667892bd3c0230d295c5327a84f7520b8ab02cd08b9	edf860ea3418386555ff629543060d2655780062d5fb73dff698d164097c3388
shared-packuri-arc-final	A2	allocator	control	opc_casefold_eager_lookup	256	21460	21500	21520	21461.399999999998	30	-	-	-	-	-	-	144	6a02c72a84e45623f8150e12608dfb3189b6bb903ffd0bce8e31ee897d14ae1f	edf860ea3418386555ff629543060d2655780062d5fb73dff698d164097c3388
shared-packuri-arc-final	A2	allocator	control	opc_casefold_source_lookup	256	21875	23190	28350	22132.666666666668	30	0	0	144	0	0	0	144	6a02c72a84e45623f8150e12608dfb3189b6bb903ffd0bce8e31ee897d14ae1f	edf860ea3418386555ff629543060d2655780062d5fb73dff698d164097c3388
shared-packuri-arc-final	A2	allocator	control	opc_casefold_source_exact_lookup	256	2320	2340	2360	2321.3333333333335	30	0	0	144	0	0	0	144	d8a61329d8e8909a043f56d9e6bf821fc208c82f8791c5810ed632a30b3ce637	edf860ea3418386555ff629543060d2655780062d5fb73dff698d164097c3388
shared-packuri-arc-final	A2	allocator	control	opc_casefold_source_case_alias_lookup	256	41735	45400	47320	43196.2	30	0	0	144	0	0	0	144	a0f21335f2147ff2ce7cfaaa7db68a7c62e95ec23d8ba9df8b74864e20b45833	edf860ea3418386555ff629543060d2655780062d5fb73dff698d164097c3388
shared-packuri-arc-final	A2	allocator	control	opc_casefold_source_genuine_miss_lookup	256	19835	19970	19970	19835.699999999997	30	0	0	144	0	0	0	144	fea761da167dbe4473f53f4886ea4a2da108776c8ba4b73d3f9332cc61824582	edf860ea3418386555ff629543060d2655780062d5fb73dff698d164097c3388
shared-packuri-arc-final	A2	allocator	control	opc_casefold_eager_open	2047	4703569	4732900	4751680	4706271.3	30	-	-	-	-	-	-	0	f96278805e54bdf67f62efc0d9b09782988ca60007c602153f2b0498c217016f	edf860ea3418386555ff629543060d2655780062d5fb73dff698d164097c3388
shared-packuri-arc-final	A2	allocator	control	opc_casefold_source_open	2047	3361615	3375635	3383795	3361009.7999999993	30	11	150192	4	0	0	1	0	f96278805e54bdf67f62efc0d9b09782988ca60007c602153f2b0498c217016f	edf860ea3418386555ff629543060d2655780062d5fb73dff698d164097c3388
shared-packuri-arc-final	A2	allocator	control	opc_casefold_eager_lookup	2047	146295	151391	151601	146939.96666666665	30	-	-	-	-	-	-	144	3cd131d27cdec2640f017ff7998ef2fc7eb6462832039f401686f3ab021355ea	edf860ea3418386555ff629543060d2655780062d5fb73dff698d164097c3388
shared-packuri-arc-final	A2	allocator	control	opc_casefold_source_lookup	2047	150910	163130	163171	151941.30000000005	30	0	0	144	0	0	0	144	3cd131d27cdec2640f017ff7998ef2fc7eb6462832039f401686f3ab021355ea	edf860ea3418386555ff629543060d2655780062d5fb73dff698d164097c3388
shared-packuri-arc-final	A2	allocator	control	opc_casefold_source_exact_lookup	2047	2300	2320	2330	2299.0333333333338	30	0	0	144	0	0	0	144	5ff83b42956e53036f19926d023a5e98f59889ec64e51dd618b6100753c9367e	edf860ea3418386555ff629543060d2655780062d5fb73dff698d164097c3388
shared-packuri-arc-final	A2	allocator	control	opc_casefold_source_case_alias_lookup	2047	302256	313572	331552	305498.93333333335	30	0	0	144	0	0	0	144	3336a08cd318f74e98515959a34dce128aefc6b9fa3546151fbf627572c025d9	edf860ea3418386555ff629543060d2655780062d5fb73dff698d164097c3388
shared-packuri-arc-final	A2	allocator	control	opc_casefold_source_genuine_miss_lookup	2047	147511	147901	153681	130397.00000000001	30	0	0	144	0	0	0	144	fea761da167dbe4473f53f4886ea4a2da108776c8ba4b73d3f9332cc61824582	edf860ea3418386555ff629543060d2655780062d5fb73dff698d164097c3388
shared-packuri-arc-final	A2	allocator	control	opc_casefold_eager_open	2048	4696810	4746311	4770780	4701162.866666664	30	-	-	-	-	-	-	0	3449d32aa6d80e9cc12fbb1da1e6f5855177af1524250efda687b1ee99391298	edf860ea3418386555ff629543060d2655780062d5fb73dff698d164097c3388
shared-packuri-arc-final	A2	allocator	control	opc_casefold_source_open	2048	3391914	3403895	3409934	3391999.3000000003	30	11	150265	4	0	0	1	0	3449d32aa6d80e9cc12fbb1da1e6f5855177af1524250efda687b1ee99391298	edf860ea3418386555ff629543060d2655780062d5fb73dff698d164097c3388
shared-packuri-arc-final	A2	allocator	control	opc_casefold_eager_lookup	2048	195541	200781	201131	196617.1666666667	30	-	-	-	-	-	-	144	3d124a528436b1e924dcbbd7d23040d5c258e0acf8e278113c17e447f017936a	edf860ea3418386555ff629543060d2655780062d5fb73dff698d164097c3388
shared-packuri-arc-final	A2	allocator	control	opc_casefold_source_lookup	2048	37740	40250	42590	37978.00000000001	30	0	0	144	0	0	0	144	3d124a528436b1e924dcbbd7d23040d5c258e0acf8e278113c17e447f017936a	edf860ea3418386555ff629543060d2655780062d5fb73dff698d164097c3388
shared-packuri-arc-final	A2	allocator	control	opc_casefold_source_exact_lookup	2048	2300	2340	2340	2298.666666666667	30	0	0	144	0	0	0	144	fa9dd41f44885e503e7a9fdbc03e97aa3b515723fe578b0e9bcaf114238990c9	edf860ea3418386555ff629543060d2655780062d5fb73dff698d164097c3388
shared-packuri-arc-final	A2	allocator	control	opc_casefold_source_case_alias_lookup	2048	67645	72880	73400	68136.93333333333	30	0	0	144	0	0	0	144	ab0ffe95ce1e4c74f73dd7b9ea910991299588ee79917e99efe6c0a8e26262b4	edf860ea3418386555ff629543060d2655780062d5fb73dff698d164097c3388
shared-packuri-arc-final	A2	allocator	control	opc_casefold_source_genuine_miss_lookup	2048	40745	41000	46330	40943.23333333334	30	0	0	144	0	0	0	144	fea761da167dbe4473f53f4886ea4a2da108776c8ba4b73d3f9332cc61824582	edf860ea3418386555ff629543060d2655780062d5fb73dff698d164097c3388
shared-packuri-arc-final	A2	allocator	control	opc_casefold_eager_open	16384	41524206	42143288	42165168	41531709.699999996	30	-	-	-	-	-	-	0	86fd877006855b5dd7ee889c0f6ec00c20645ec243d628ae77080d7a416e8cdd	edf860ea3418386555ff629543060d2655780062d5fb73dff698d164097c3388
shared-packuri-arc-final	A2	allocator	control	opc_casefold_source_open	16384	31206646	32022829	32280867	31223977.333333332	30	27	1196793	4	0	0	1	0	86fd877006855b5dd7ee889c0f6ec00c20645ec243d628ae77080d7a416e8cdd	edf860ea3418386555ff629543060d2655780062d5fb73dff698d164097c3388
shared-packuri-arc-final	A2	allocator	control	opc_casefold_eager_lookup	16384	1805892	1813447	1822167	1806216.6	30	-	-	-	-	-	-	144	d9b4239f722a2b243ab4f2e0d1208b8a145aa22b02e615adc2819c5cedb843fb	edf860ea3418386555ff629543060d2655780062d5fb73dff698d164097c3388
shared-packuri-arc-final	A2	allocator	control	opc_casefold_source_lookup	16384	47875	48040	48110	47873.49999999999	30	0	0	144	0	0	0	144	d9b4239f722a2b243ab4f2e0d1208b8a145aa22b02e615adc2819c5cedb843fb	edf860ea3418386555ff629543060d2655780062d5fb73dff698d164097c3388
shared-packuri-arc-final	A2	allocator	control	opc_casefold_source_exact_lookup	16384	2290	2320	2320	2296.0333333333338	30	0	0	144	0	0	0	144	58ee4d69d4dd8ed44c627b65ffe31ac45a9c0a0f9c0c7d05478298cdb0a00b31	edf860ea3418386555ff629543060d2655780062d5fb73dff698d164097c3388
shared-packuri-arc-final	A2	allocator	control	opc_casefold_source_case_alias_lookup	16384	87315	92060	93911	87825.33333333336	30	0	0	144	0	0	0	144	f197c1243908b5970c2045ae96d6312d27c2109a08ca4a3752ed36b2ae1a8fce	edf860ea3418386555ff629543060d2655780062d5fb73dff698d164097c3388
shared-packuri-arc-final	A2	allocator	control	opc_casefold_source_genuine_miss_lookup	16384	49590	49870	55241	49779.19999999999	30	0	0	144	0	0	0	144	fea761da167dbe4473f53f4886ea4a2da108776c8ba4b73d3f9332cc61824582	edf860ea3418386555ff629543060d2655780062d5fb73dff698d164097c3388
shared-packuri-arc-final	B1	allocator	candidate	opc_casefold_eager_open	256	589023	597903	607043	588400.2333333333	30	-	-	-	-	-	-	0	68bfa39a97c9d837c91a8667892bd3c0230d295c5327a84f7520b8ab02cd08b9	63b9814c0a0b56550ade7107775b1c1435ec822906316d4f378d54bc959618c3
shared-packuri-arc-final	B1	allocator	candidate	opc_casefold_source_open	256	415477	422432	424852	416296.8	30	9	19449	4	0	0	1	0	68bfa39a97c9d837c91a8667892bd3c0230d295c5327a84f7520b8ab02cd08b9	63b9814c0a0b56550ade7107775b1c1435ec822906316d4f378d54bc959618c3
shared-packuri-arc-final	B1	allocator	candidate	opc_casefold_eager_lookup	256	34040	34230	41090	34285.799999999996	30	-	-	-	-	-	-	144	6a02c72a84e45623f8150e12608dfb3189b6bb903ffd0bce8e31ee897d14ae1f	63b9814c0a0b56550ade7107775b1c1435ec822906316d4f378d54bc959618c3
shared-packuri-arc-final	B1	allocator	candidate	opc_casefold_source_lookup	256	23295	23510	24590	23339.766666666674	30	0	0	144	0	0	0	144	6a02c72a84e45623f8150e12608dfb3189b6bb903ffd0bce8e31ee897d14ae1f	63b9814c0a0b56550ade7107775b1c1435ec822906316d4f378d54bc959618c3
shared-packuri-arc-final	B1	allocator	candidate	opc_casefold_source_exact_lookup	256	2460	2510	2510	2465.333333333334	30	0	0	144	0	0	0	144	d8a61329d8e8909a043f56d9e6bf821fc208c82f8791c5810ed632a30b3ce637	63b9814c0a0b56550ade7107775b1c1435ec822906316d4f378d54bc959618c3
shared-packuri-arc-final	B1	allocator	candidate	opc_casefold_source_case_alias_lookup	256	45225	53160	53161	46191.566666666666	30	0	0	144	0	0	0	144	a0f21335f2147ff2ce7cfaaa7db68a7c62e95ec23d8ba9df8b74864e20b45833	63b9814c0a0b56550ade7107775b1c1435ec822906316d4f378d54bc959618c3
shared-packuri-arc-final	B1	allocator	candidate	opc_casefold_source_genuine_miss_lookup	256	20015	20140	27131	20256.76666666667	30	0	0	144	0	0	0	144	fea761da167dbe4473f53f4886ea4a2da108776c8ba4b73d3f9332cc61824582	63b9814c0a0b56550ade7107775b1c1435ec822906316d4f378d54bc959618c3
shared-packuri-arc-final	B1	allocator	candidate	opc_casefold_eager_open	2047	4738560	4754381	4755910	4735565.5666666655	30	-	-	-	-	-	-	0	f96278805e54bdf67f62efc0d9b09782988ca60007c602153f2b0498c217016f	63b9814c0a0b56550ade7107775b1c1435ec822906316d4f378d54bc959618c3
shared-packuri-arc-final	B1	allocator	candidate	opc_casefold_source_open	2047	3333339	3342294	3345995	3331505.5666666673	30	11	150192	4	0	0	1	0	f96278805e54bdf67f62efc0d9b09782988ca60007c602153f2b0498c217016f	63b9814c0a0b56550ade7107775b1c1435ec822906316d4f378d54bc959618c3
shared-packuri-arc-final	B1	allocator	candidate	opc_casefold_eager_lookup	2047	182445	188881	190151	183497.8	30	-	-	-	-	-	-	144	3cd131d27cdec2640f017ff7998ef2fc7eb6462832039f401686f3ab021355ea	63b9814c0a0b56550ade7107775b1c1435ec822906316d4f378d54bc959618c3
shared-packuri-arc-final	B1	allocator	candidate	opc_casefold_source_lookup	2047	161285	167690	167741	162467.80000000005	30	0	0	144	0	0	0	144	3cd131d27cdec2640f017ff7998ef2fc7eb6462832039f401686f3ab021355ea	63b9814c0a0b56550ade7107775b1c1435ec822906316d4f378d54bc959618c3
shared-packuri-arc-final	B1	allocator	candidate	opc_casefold_source_exact_lookup	2047	2460	2500	2500	2460.366666666667	30	0	0	144	0	0	0	144	5ff83b42956e53036f19926d023a5e98f59889ec64e51dd618b6100753c9367e	63b9814c0a0b56550ade7107775b1c1435ec822906316d4f378d54bc959618c3
shared-packuri-arc-final	B1	allocator	candidate	opc_casefold_source_case_alias_lookup	2047	333366	365292	397272	339920.06666666665	30	0	0	144	0	0	0	144	3336a08cd318f74e98515959a34dce128aefc6b9fa3546151fbf627572c025d9	63b9814c0a0b56550ade7107775b1c1435ec822906316d4f378d54bc959618c3
shared-packuri-arc-final	B1	allocator	candidate	opc_casefold_source_genuine_miss_lookup	2047	145370	150581	152410	132205.53333333333	30	0	0	144	0	0	0	144	fea761da167dbe4473f53f4886ea4a2da108776c8ba4b73d3f9332cc61824582	63b9814c0a0b56550ade7107775b1c1435ec822906316d4f378d54bc959618c3
shared-packuri-arc-final	B1	allocator	candidate	opc_casefold_eager_open	2048	4740691	4761751	4769141	4742117.999999998	30	-	-	-	-	-	-	0	3449d32aa6d80e9cc12fbb1da1e6f5855177af1524250efda687b1ee99391298	63b9814c0a0b56550ade7107775b1c1435ec822906316d4f378d54bc959618c3
shared-packuri-arc-final	B1	allocator	candidate	opc_casefold_source_open	2048	3377634	3391755	3418965	3379376.466666667	30	11	150265	4	0	0	1	0	3449d32aa6d80e9cc12fbb1da1e6f5855177af1524250efda687b1ee99391298	63b9814c0a0b56550ade7107775b1c1435ec822906316d4f378d54bc959618c3
shared-packuri-arc-final	B1	allocator	candidate	opc_casefold_eager_lookup	2048	198656	204881	206651	199892.23333333334	30	-	-	-	-	-	-	144	3d124a528436b1e924dcbbd7d23040d5c258e0acf8e278113c17e447f017936a	63b9814c0a0b56550ade7107775b1c1435ec822906316d4f378d54bc959618c3
shared-packuri-arc-final	B1	allocator	candidate	opc_casefold_source_lookup	2048	38070	38340	44450	38263.5	30	0	0	144	0	0	0	144	3d124a528436b1e924dcbbd7d23040d5c258e0acf8e278113c17e447f017936a	63b9814c0a0b56550ade7107775b1c1435ec822906316d4f378d54bc959618c3
shared-packuri-arc-final	B1	allocator	candidate	opc_casefold_source_exact_lookup	2048	2450	2510	2520	2454.9999999999995	30	0	0	144	0	0	0	144	fa9dd41f44885e503e7a9fdbc03e97aa3b515723fe578b0e9bcaf114238990c9	63b9814c0a0b56550ade7107775b1c1435ec822906316d4f378d54bc959618c3
shared-packuri-arc-final	B1	allocator	candidate	opc_casefold_source_case_alias_lookup	2048	67990	68400	74240	68203.3	30	0	0	144	0	0	0	144	ab0ffe95ce1e4c74f73dd7b9ea910991299588ee79917e99efe6c0a8e26262b4	63b9814c0a0b56550ade7107775b1c1435ec822906316d4f378d54bc959618c3
shared-packuri-arc-final	B1	allocator	candidate	opc_casefold_source_genuine_miss_lookup	2048	40735	46430	46481	41234.56666666666	30	0	0	144	0	0	0	144	fea761da167dbe4473f53f4886ea4a2da108776c8ba4b73d3f9332cc61824582	63b9814c0a0b56550ade7107775b1c1435ec822906316d4f378d54bc959618c3
shared-packuri-arc-final	B1	allocator	candidate	opc_casefold_eager_open	16384	42225539	42525966	42563656	42235629.333333336	30	-	-	-	-	-	-	0	86fd877006855b5dd7ee889c0f6ec00c20645ec243d628ae77080d7a416e8cdd	63b9814c0a0b56550ade7107775b1c1435ec822906316d4f378d54bc959618c3
shared-packuri-arc-final	B1	allocator	candidate	opc_casefold_source_open	16384	30632769	31640369	31900069	30692453.46666667	30	27	1196793	4	0	0	1	0	86fd877006855b5dd7ee889c0f6ec00c20645ec243d628ae77080d7a416e8cdd	63b9814c0a0b56550ade7107775b1c1435ec822906316d4f378d54bc959618c3
shared-packuri-arc-final	B1	allocator	candidate	opc_casefold_eager_lookup	16384	1883743	1888778	1889008	1884043.2333333334	30	-	-	-	-	-	-	144	d9b4239f722a2b243ab4f2e0d1208b8a145aa22b02e615adc2819c5cedb843fb	63b9814c0a0b56550ade7107775b1c1435ec822906316d4f378d54bc959618c3
shared-packuri-arc-final	B1	allocator	candidate	opc_casefold_source_lookup	16384	48250	53350	53841	48759.26666666667	30	0	0	144	0	0	0	144	d9b4239f722a2b243ab4f2e0d1208b8a145aa22b02e615adc2819c5cedb843fb	63b9814c0a0b56550ade7107775b1c1435ec822906316d4f378d54bc959618c3
shared-packuri-arc-final	B1	allocator	candidate	opc_casefold_source_exact_lookup	16384	2460	2500	2510	2462.333333333333	30	0	0	144	0	0	0	144	58ee4d69d4dd8ed44c627b65ffe31ac45a9c0a0f9c0c7d05478298cdb0a00b31	63b9814c0a0b56550ade7107775b1c1435ec822906316d4f378d54bc959618c3
shared-packuri-arc-final	B1	allocator	candidate	opc_casefold_source_case_alias_lookup	16384	86990	93831	93960	87813.00000000001	30	0	0	144	0	0	0	144	f197c1243908b5970c2045ae96d6312d27c2109a08ca4a3752ed36b2ae1a8fce	63b9814c0a0b56550ade7107775b1c1435ec822906316d4f378d54bc959618c3
shared-packuri-arc-final	B1	allocator	candidate	opc_casefold_source_genuine_miss_lookup	16384	49650	54390	55621	49997.86666666666	30	0	0	144	0	0	0	144	fea761da167dbe4473f53f4886ea4a2da108776c8ba4b73d3f9332cc61824582	63b9814c0a0b56550ade7107775b1c1435ec822906316d4f378d54bc959618c3
shared-packuri-arc-final	B2	allocator	candidate	opc_casefold_eager_open	256	589543	596492	600333	589047.2999999999	30	-	-	-	-	-	-	0	68bfa39a97c9d837c91a8667892bd3c0230d295c5327a84f7520b8ab02cd08b9	19c2273d7e9ae82f86bf627c132a6dfc7f2f45365627a784658014c576a0a891
shared-packuri-arc-final	B2	allocator	candidate	opc_casefold_source_open	256	423832	429652	436392	424617.8333333333	30	9	19449	4	0	0	1	0	68bfa39a97c9d837c91a8667892bd3c0230d295c5327a84f7520b8ab02cd08b9	19c2273d7e9ae82f86bf627c132a6dfc7f2f45365627a784658014c576a0a891
shared-packuri-arc-final	B2	allocator	candidate	opc_casefold_eager_lookup	256	27080	27110	32730	27265.133333333328	30	-	-	-	-	-	-	144	6a02c72a84e45623f8150e12608dfb3189b6bb903ffd0bce8e31ee897d14ae1f	19c2273d7e9ae82f86bf627c132a6dfc7f2f45365627a784658014c576a0a891
shared-packuri-arc-final	B2	allocator	candidate	opc_casefold_source_lookup	256	23425	24870	30210	23961.06666666667	30	0	0	144	0	0	0	144	6a02c72a84e45623f8150e12608dfb3189b6bb903ffd0bce8e31ee897d14ae1f	19c2273d7e9ae82f86bf627c132a6dfc7f2f45365627a784658014c576a0a891
shared-packuri-arc-final	B2	allocator	candidate	opc_casefold_source_exact_lookup	256	2470	2540	2540	2479.333333333333	30	0	0	144	0	0	0	144	d8a61329d8e8909a043f56d9e6bf821fc208c82f8791c5810ed632a30b3ce637	19c2273d7e9ae82f86bf627c132a6dfc7f2f45365627a784658014c576a0a891
shared-packuri-arc-final	B2	allocator	candidate	opc_casefold_source_case_alias_lookup	256	45250	49260	51440	45986.9	30	0	0	144	0	0	0	144	a0f21335f2147ff2ce7cfaaa7db68a7c62e95ec23d8ba9df8b74864e20b45833	19c2273d7e9ae82f86bf627c132a6dfc7f2f45365627a784658014c576a0a891
shared-packuri-arc-final	B2	allocator	candidate	opc_casefold_source_genuine_miss_lookup	256	19930	22170	25620	20188.733333333337	30	0	0	144	0	0	0	144	fea761da167dbe4473f53f4886ea4a2da108776c8ba4b73d3f9332cc61824582	19c2273d7e9ae82f86bf627c132a6dfc7f2f45365627a784658014c576a0a891
shared-packuri-arc-final	B2	allocator	candidate	opc_casefold_eager_open	2047	4744675	4763740	4766390	4743054.5	30	-	-	-	-	-	-	0	f96278805e54bdf67f62efc0d9b09782988ca60007c602153f2b0498c217016f	19c2273d7e9ae82f86bf627c132a6dfc7f2f45365627a784658014c576a0a891
shared-packuri-arc-final	B2	allocator	candidate	opc_casefold_source_open	2047	3350800	3359204	3371585	3351321.1999999997	30	11	150192	4	0	0	1	0	f96278805e54bdf67f62efc0d9b09782988ca60007c602153f2b0498c217016f	19c2273d7e9ae82f86bf627c132a6dfc7f2f45365627a784658014c576a0a891
shared-packuri-arc-final	B2	allocator	candidate	opc_casefold_eager_lookup	2047	235791	249111	253302	238808.06666666662	30	-	-	-	-	-	-	144	3cd131d27cdec2640f017ff7998ef2fc7eb6462832039f401686f3ab021355ea	19c2273d7e9ae82f86bf627c132a6dfc7f2f45365627a784658014c576a0a891
shared-packuri-arc-final	B2	allocator	candidate	opc_casefold_source_lookup	2047	161421	169061	172151	162272.03333333335	30	0	0	144	0	0	0	144	3cd131d27cdec2640f017ff7998ef2fc7eb6462832039f401686f3ab021355ea	19c2273d7e9ae82f86bf627c132a6dfc7f2f45365627a784658014c576a0a891
shared-packuri-arc-final	B2	allocator	candidate	opc_casefold_source_exact_lookup	2047	2480	2540	2570	2486.666666666667	30	0	0	144	0	0	0	144	5ff83b42956e53036f19926d023a5e98f59889ec64e51dd618b6100753c9367e	19c2273d7e9ae82f86bf627c132a6dfc7f2f45365627a784658014c576a0a891
shared-packuri-arc-final	B2	allocator	candidate	opc_casefold_source_case_alias_lookup	2047	332206	341472	341591	334749.39999999997	30	0	0	144	0	0	0	144	3336a08cd318f74e98515959a34dce128aefc6b9fa3546151fbf627572c025d9	19c2273d7e9ae82f86bf627c132a6dfc7f2f45365627a784658014c576a0a891
shared-packuri-arc-final	B2	allocator	candidate	opc_casefold_source_genuine_miss_lookup	2047	145841	146101	150320	130944.26666666668	30	0	0	144	0	0	0	144	fea761da167dbe4473f53f4886ea4a2da108776c8ba4b73d3f9332cc61824582	19c2273d7e9ae82f86bf627c132a6dfc7f2f45365627a784658014c576a0a891
shared-packuri-arc-final	B2	allocator	candidate	opc_casefold_eager_open	2048	4745811	4769761	4785291	4748461.866666667	30	-	-	-	-	-	-	0	3449d32aa6d80e9cc12fbb1da1e6f5855177af1524250efda687b1ee99391298	19c2273d7e9ae82f86bf627c132a6dfc7f2f45365627a784658014c576a0a891
shared-packuri-arc-final	B2	allocator	candidate	opc_casefold_source_open	2048	3392305	3401615	3404265	3392063.466666667	30	11	150265	4	0	0	1	0	3449d32aa6d80e9cc12fbb1da1e6f5855177af1524250efda687b1ee99391298	19c2273d7e9ae82f86bf627c132a6dfc7f2f45365627a784658014c576a0a891
shared-packuri-arc-final	B2	allocator	candidate	opc_casefold_eager_lookup	2048	160945	165350	168180	160799.36666666667	30	-	-	-	-	-	-	144	3d124a528436b1e924dcbbd7d23040d5c258e0acf8e278113c17e447f017936a	19c2273d7e9ae82f86bf627c132a6dfc7f2f45365627a784658014c576a0a891
shared-packuri-arc-final	B2	allocator	candidate	opc_casefold_source_lookup	2048	37500	42781	43590	37867.20000000002	30	0	0	144	0	0	0	144	3d124a528436b1e924dcbbd7d23040d5c258e0acf8e278113c17e447f017936a	19c2273d7e9ae82f86bf627c132a6dfc7f2f45365627a784658014c576a0a891
shared-packuri-arc-final	B2	allocator	candidate	opc_casefold_source_exact_lookup	2048	2470	2510	2520	2470.666666666667	30	0	0	144	0	0	0	144	fa9dd41f44885e503e7a9fdbc03e97aa3b515723fe578b0e9bcaf114238990c9	19c2273d7e9ae82f86bf627c132a6dfc7f2f45365627a784658014c576a0a891
shared-packuri-arc-final	B2	allocator	candidate	opc_casefold_source_case_alias_lookup	2048	68300	68630	73720	68469.9	30	0	0	144	0	0	0	144	ab0ffe95ce1e4c74f73dd7b9ea910991299588ee79917e99efe6c0a8e26262b4	19c2273d7e9ae82f86bf627c132a6dfc7f2f45365627a784658014c576a0a891
shared-packuri-arc-final	B2	allocator	candidate	opc_casefold_source_genuine_miss_lookup	2048	41420	41550	45900	41544.5	30	0	0	144	0	0	0	144	fea761da167dbe4473f53f4886ea4a2da108776c8ba4b73d3f9332cc61824582	19c2273d7e9ae82f86bf627c132a6dfc7f2f45365627a784658014c576a0a891
shared-packuri-arc-final	B2	allocator	candidate	opc_casefold_eager_open	16384	42521665	43010852	43478894	42546081.96666666	30	-	-	-	-	-	-	0	86fd877006855b5dd7ee889c0f6ec00c20645ec243d628ae77080d7a416e8cdd	19c2273d7e9ae82f86bf627c132a6dfc7f2f45365627a784658014c576a0a891
shared-packuri-arc-final	B2	allocator	candidate	opc_casefold_source_open	16384	31098776	31724874	31751945	31108066.400000006	30	27	1196793	4	0	0	1	0	86fd877006855b5dd7ee889c0f6ec00c20645ec243d628ae77080d7a416e8cdd	19c2273d7e9ae82f86bf627c132a6dfc7f2f45365627a784658014c576a0a891
shared-packuri-arc-final	B2	allocator	candidate	opc_casefold_eager_lookup	16384	2810532	2819652	2821042	2809760.2333333325	30	-	-	-	-	-	-	144	d9b4239f722a2b243ab4f2e0d1208b8a145aa22b02e615adc2819c5cedb843fb	19c2273d7e9ae82f86bf627c132a6dfc7f2f45365627a784658014c576a0a891
shared-packuri-arc-final	B2	allocator	candidate	opc_casefold_source_lookup	16384	48270	48410	53360	48417.16666666668	30	0	0	144	0	0	0	144	d9b4239f722a2b243ab4f2e0d1208b8a145aa22b02e615adc2819c5cedb843fb	19c2273d7e9ae82f86bf627c132a6dfc7f2f45365627a784658014c576a0a891
shared-packuri-arc-final	B2	allocator	candidate	opc_casefold_source_exact_lookup	16384	2480	2530	2550	2485.3333333333326	30	0	0	144	0	0	0	144	58ee4d69d4dd8ed44c627b65ffe31ac45a9c0a0f9c0c7d05478298cdb0a00b31	19c2273d7e9ae82f86bf627c132a6dfc7f2f45365627a784658014c576a0a891
shared-packuri-arc-final	B2	allocator	candidate	opc_casefold_source_case_alias_lookup	16384	86630	91861	94381	87295.76666666666	30	0	0	144	0	0	0	144	f197c1243908b5970c2045ae96d6312d27c2109a08ca4a3752ed36b2ae1a8fce	19c2273d7e9ae82f86bf627c132a6dfc7f2f45365627a784658014c576a0a891
shared-packuri-arc-final	B2	allocator	candidate	opc_casefold_source_genuine_miss_lookup	16384	48995	49120	49121	48989.90000000001	30	0	0	144	0	0	0	144	fea761da167dbe4473f53f4886ea4a2da108776c8ba4b73d3f9332cc61824582	19c2273d7e9ae82f86bf627c132a6dfc7f2f45365627a784658014c576a0a891
