reading file "/home/zhuhe/code/litchi/docs/performance/results/change-0830/heaptrack-1/trace.zst" - please wait, this might take some time...
Debuggee command was: /home/zhuhe/code/litchi-target-0830/fp/release/xlsx-edit-profile-0830 --mode wrapped --input /home/zhuhe/code/litchi/test-data/libreoffice-core/sc/qa/unit/data/xlsx/dateAutofilter.xlsx --reference /home/zhuhe/code/litchi/docs/performance/results/change-0821/artifacts/real-001-xlsx/default.xlsx --output /home/zhuhe/code/litchi/docs/performance/results/change-0830/heaptrack-1/report.json --samples 5 --warmup 0
finished reading file, now analyzing data:

MOST CALLS TO ALLOCATION FUNCTIONS
9255 calls to allocation functions with 0B peak consumption from
_RNvXNtNtNtCsjrHSEGnQ3l9_3std3sys5alloc4unixNtNtB8_5alloc6SystemNtNtNtCsgEmfK2I1SDS_4core5alloc6global11GlobalAlloc5alloc
  at /rustc/59807616e1fa2540724bfbac14d7976d7e4a3860/library/std/src/sys/alloc/unix.rs:14
  in /home/zhuhe/code/litchi-target-0830/fp/release/xlsx-edit-profile-0830
_RNvCsfLfy6EI15iL_7___rustc11___rdl_alloc
  at /rustc/59807616e1fa2540724bfbac14d7976d7e4a3860/library/std/src/alloc.rs:455
_RNvNtCslNYArtu3iFV_5alloc5alloc5alloc
  at /rustc/59807616e1fa2540724bfbac14d7976d7e4a3860/library/alloc/src/alloc.rs:95
_RNvMNtCslNYArtu3iFV_5alloc5allocNtB2_6Global18alloc_impl_runtime
  at /rustc/59807616e1fa2540724bfbac14d7976d7e4a3860/library/alloc/src/alloc.rs:190
_RNvMNtCslNYArtu3iFV_5alloc5allocNtB2_6Global10alloc_impl
  at /rustc/59807616e1fa2540724bfbac14d7976d7e4a3860/library/alloc/src/alloc.rs:312
_RNvXs_NtCslNYArtu3iFV_5alloc5allocNtB4_6GlobalNtNtCsgEmfK2I1SDS_4core5alloc9Allocator8allocate
  at /rustc/59807616e1fa2540724bfbac14d7976d7e4a3860/library/alloc/src/alloc.rs:429
alloc::raw_vec::RawVecInner$LT$A$GT$::finish_grow::hda085a6641b12d9c
  at /rustc/59807616e1fa2540724bfbac14d7976d7e4a3860/library/alloc/src/raw_vec/mod.rs:558
150 calls with 0B peak consumption from:
    litchi_xlsx::workbook::model::Worksheet::store::_$u7b$$u7b$closure$u7d$$u7d$::h2f132ecb440c8713
      at src/workbook/model.rs:1690
      in /home/zhuhe/code/litchi-target-0830/fp/release/xlsx-edit-profile-0830
    litchi_xlsx::raw::worksheet::codec::_$LT$impl$u20$litchi_xlsx..raw..worksheet..model..Parser$GT$::finish_parse::h511782c0ea7ff7e1
      at /home/zhuhe/code/litchi/crates/litchi-xlsx/src/raw/worksheet/codec.rs:612
    litchi_xlsx::raw::worksheet::codec::_$LT$impl$u20$litchi_xlsx..raw..worksheet..model..Parser$GT$::parse::h731d1c18e58e424b
      at /home/zhuhe/code/litchi/crates/litchi-xlsx/src/raw/worksheet/codec.rs:364
    litchi_xlsx::raw::worksheet::parse::_$u7b$$u7b$closure$u7d$$u7d$::hdee3a97428b2686f
      at /home/zhuhe/code/litchi/crates/litchi-xlsx/src/raw/worksheet/mod.rs:450
    litchi_xlsx::raw::worksheet::parse::hcbf0f8331010f29a
      at /home/zhuhe/code/litchi/crates/litchi-xlsx/src/raw/worksheet/mod.rs:446
    litchi_xlsx::workbook::model::Worksheet::store::hedf579646947337d
      at /home/zhuhe/code/litchi/crates/litchi-xlsx/src/workbook/model.rs:1690
    litchi_xlsx::workbook::edit::semantic::transaction::Edit::commit::he7829c28ddb90d02
      at src/workbook/edit/semantic/transaction.rs:1881
      in /home/zhuhe/code/litchi-target-0830/fp/release/xlsx-edit-profile-0830
    xlsx_edit_profile_0830::edit_helper_0830::h60d088236ffa3bef
      at src/main.rs:300
      in /home/zhuhe/code/litchi-target-0830/fp/release/xlsx-edit-profile-0830
    xlsx_edit_profile_0830::edit_region_0830::hd9047958b6bb4145
      at /home/zhuhe/code/litchi/docs/performance/results/change-0830/probe-src/src/main.rs:313
    xlsx_edit_profile_0830::execute_one::hd13185211950c238
      at src/main.rs:331
      in /home/zhuhe/code/litchi-target-0830/fp/release/xlsx-edit-profile-0830
    xlsx_edit_profile_0830::run::h4a0a709ddf300f9f
      at src/main.rs:227
      in /home/zhuhe/code/litchi-target-0830/fp/release/xlsx-edit-profile-0830
    xlsx_edit_profile_0830::main::h87ef95137f6e4ff2
      at /home/zhuhe/code/litchi/docs/performance/results/change-0830/probe-src/src/main.rs:178
    core::ops::function::FnOnce::call_once::hb4e58432592306ca
      at /rustc/59807616e1fa2540724bfbac14d7976d7e4a3860/library/core/src/ops/function.rs:250
      in /home/zhuhe/code/litchi-target-0830/fp/release/xlsx-edit-profile-0830
    std::sys::backtrace::__rust_begin_short_backtrace::h12b7350305ee1e0e
      at /rustc/59807616e1fa2540724bfbac14d7976d7e4a3860/library/std/src/sys/backtrace.rs:166
    std::rt::lang_start::_$u7b$$u7b$closure$u7d$$u7d$::h8a940b522bba9542
      at /rustc/59807616e1fa2540724bfbac14d7976d7e4a3860/library/std/src/rt.rs:206
      in /home/zhuhe/code/litchi-target-0830/fp/release/xlsx-edit-profile-0830
    _RNvXs0_NtNtNtCsgEmfK2I1SDS_4core3ops8function5implsRDINtB7_2FnuEp6OutputlNtNtBb_6marker4SyncNtNtNtBb_5panic11unwind_safe13RefUnwindSafeEL_INtB7_6FnOnceuE9call_onceCsjrHSEGnQ3l9_3std
      at library/core/src/ops/function.rs:287
      in /home/zhuhe/code/litchi-target-0830/fp/release/xlsx-edit-profile-0830
    _RINvNvNtCsjrHSEGnQ3l9_3std9panicking12catch_unwind7do_callRDINtNtNtCsgEmfK2I1SDS_4core3ops8function2FnuEp6OutputlNtNtB13_6marker4SyncNtNtNtB13_5panic11unwind_safe13RefUnwindSafeEL_lEB6_
      at /rustc/59807616e1fa2540724bfbac14d7976d7e4a3860/library/std/src/panicking.rs:581
    _RINvNtCsjrHSEGnQ3l9_3std9panicking12catch_unwindlRDINtNtNtCsgEmfK2I1SDS_4core3ops8function2FnuEp6OutputlNtNtBU_6marker4SyncNtNtNtBU_5panic11unwind_safe13RefUnwindSafeEL_EB4_
      at /rustc/59807616e1fa2540724bfbac14d7976d7e4a3860/library/std/src/panicking.rs:544
    _RINvNtCsjrHSEGnQ3l9_3std5panic12catch_unwindRDINtNtNtCsgEmfK2I1SDS_4core3ops8function2FnuEp6OutputlNtNtBP_6marker4SyncNtNtNtBP_5panic11unwind_safe13RefUnwindSafeEL_lEB4_
      at /rustc/59807616e1fa2540724bfbac14d7976d7e4a3860/library/std/src/panic.rs:359
    _RNCNvNtCsjrHSEGnQ3l9_3std2rt19lang_start_internal0B5_
      at /rustc/59807616e1fa2540724bfbac14d7976d7e4a3860/library/std/src/rt.rs:175
    _RINvNvNtCsjrHSEGnQ3l9_3std9panicking12catch_unwind7do_callNCNvNtB6_2rt19lang_start_internal0iEB6_
      at /rustc/59807616e1fa2540724bfbac14d7976d7e4a3860/library/std/src/panicking.rs:581
    _RINvNtCsjrHSEGnQ3l9_3std9panicking12catch_unwindiNCNvNtB4_2rt19lang_start_internal0EB4_
      at /rustc/59807616e1fa2540724bfbac14d7976d7e4a3860/library/std/src/panicking.rs:544
    _RINvNtCsjrHSEGnQ3l9_3std5panic12catch_unwindNCNvNtB4_2rt19lang_start_internal0iEB4_
      at /rustc/59807616e1fa2540724bfbac14d7976d7e4a3860/library/std/src/panic.rs:359
    _RNvNtCsjrHSEGnQ3l9_3std2rt19lang_start_internal
      at /rustc/59807616e1fa2540724bfbac14d7976d7e4a3860/library/std/src/rt.rs:171
    main
      in /home/zhuhe/code/litchi-target-0830/fp/release/xlsx-edit-profile-0830
150 calls with 0B peak consumption from:
    litchi_xlsx::workbook::model::Worksheet::store::_$u7b$$u7b$closure$u7d$$u7d$::h2f132ecb440c8713
      at src/workbook/model.rs:1690
      in /home/zhuhe/code/litchi-target-0830/fp/release/xlsx-edit-profile-0830
    litchi_xlsx::raw::worksheet::codec::_$LT$impl$u20$litchi_xlsx..raw..worksheet..model..Parser$GT$::finish_parse::h511782c0ea7ff7e1
      at /home/zhuhe/code/litchi/crates/litchi-xlsx/src/raw/worksheet/codec.rs:612
    litchi_xlsx::raw::worksheet::codec::_$LT$impl$u20$litchi_xlsx..raw..worksheet..model..Parser$GT$::parse::h731d1c18e58e424b
      at /home/zhuhe/code/litchi/crates/litchi-xlsx/src/raw/worksheet/codec.rs:364
    litchi_xlsx::raw::worksheet::parse::_$u7b$$u7b$closure$u7d$$u7d$::hdee3a97428b2686f
      at /home/zhuhe/code/litchi/crates/litchi-xlsx/src/raw/worksheet/mod.rs:450
    litchi_xlsx::raw::worksheet::parse::hcbf0f8331010f29a
      at /home/zhuhe/code/litchi/crates/litchi-xlsx/src/raw/worksheet/mod.rs:446
    litchi_xlsx::workbook::model::Worksheet::store::hedf579646947337d
      at /home/zhuhe/code/litchi/crates/litchi-xlsx/src/workbook/model.rs:1690
    litchi_xlsx::workbook::edit::semantic::transaction::Edit::commit::he7829c28ddb90d02
      at src/workbook/edit/semantic/transaction.rs:1881
      in /home/zhuhe/code/litchi-target-0830/fp/release/xlsx-edit-profile-0830
    xlsx_edit_profile_0830::edit_helper_0830::h60d088236ffa3bef
      at src/main.rs:300
      in /home/zhuhe/code/litchi-target-0830/fp/release/xlsx-edit-profile-0830
    xlsx_edit_profile_0830::edit_region_0830::hd9047958b6bb4145
      at /home/zhuhe/code/litchi/docs/performance/results/change-0830/probe-src/src/main.rs:313
    xlsx_edit_profile_0830::execute_one::hd13185211950c238
      at src/main.rs:331
      in /home/zhuhe/code/litchi-target-0830/fp/release/xlsx-edit-profile-0830
    xlsx_edit_profile_0830::run::h4a0a709ddf300f9f
      at src/main.rs:227
      in /home/zhuhe/code/litchi-target-0830/fp/release/xlsx-edit-profile-0830
    xlsx_edit_profile_0830::main::h87ef95137f6e4ff2
      at /home/zhuhe/code/litchi/docs/performance/results/change-0830/probe-src/src/main.rs:178
    core::ops::function::FnOnce::call_once::hb4e58432592306ca
      at /rustc/59807616e1fa2540724bfbac14d7976d7e4a3860/library/core/src/ops/function.rs:250
      in /home/zhuhe/code/litchi-target-0830/fp/release/xlsx-edit-profile-0830
    std::sys::backtrace::__rust_begin_short_backtrace::h12b7350305ee1e0e
      at /rustc/59807616e1fa2540724bfbac14d7976d7e4a3860/library/std/src/sys/backtrace.rs:166
    std::rt::lang_start::_$u7b$$u7b$closure$u7d$$u7d$::h8a940b522bba9542
      at /rustc/59807616e1fa2540724bfbac14d7976d7e4a3860/library/std/src/rt.rs:206
      in /home/zhuhe/code/litchi-target-0830/fp/release/xlsx-edit-profile-0830
    _RNvXs0_NtNtNtCsgEmfK2I1SDS_4core3ops8function5implsRDINtB7_2FnuEp6OutputlNtNtBb_6marker4SyncNtNtNtBb_5panic11unwind_safe13RefUnwindSafeEL_INtB7_6FnOnceuE9call_onceCsjrHSEGnQ3l9_3std
      at library/core/src/ops/function.rs:287
      in /home/zhuhe/code/litchi-target-0830/fp/release/xlsx-edit-profile-0830
    _RINvNvNtCsjrHSEGnQ3l9_3std9panicking12catch_unwind7do_callRDINtNtNtCsgEmfK2I1SDS_4core3ops8function2FnuEp6OutputlNtNtB13_6marker4SyncNtNtNtB13_5panic11unwind_safe13RefUnwindSafeEL_lEB6_
      at /rustc/59807616e1fa2540724bfbac14d7976d7e4a3860/library/std/src/panicking.rs:581
    _RINvNtCsjrHSEGnQ3l9_3std9panicking12catch_unwindlRDINtNtNtCsgEmfK2I1SDS_4core3ops8function2FnuEp6OutputlNtNtBU_6marker4SyncNtNtNtBU_5panic11unwind_safe13RefUnwindSafeEL_EB4_
      at /rustc/59807616e1fa2540724bfbac14d7976d7e4a3860/library/std/src/panicking.rs:544
    _RINvNtCsjrHSEGnQ3l9_3std5panic12catch_unwindRDINtNtNtCsgEmfK2I1SDS_4core3ops8function2FnuEp6OutputlNtNtBP_6marker4SyncNtNtNtBP_5panic11unwind_safe13RefUnwindSafeEL_lEB4_
      at /rustc/59807616e1fa2540724bfbac14d7976d7e4a3860/library/std/src/panic.rs:359
    _RNCNvNtCsjrHSEGnQ3l9_3std2rt19lang_start_internal0B5_
      at /rustc/59807616e1fa2540724bfbac14d7976d7e4a3860/library/std/src/rt.rs:175
    _RINvNvNtCsjrHSEGnQ3l9_3std9panicking12catch_unwind7do_callNCNvNtB6_2rt19lang_start_internal0iEB6_
      at /rustc/59807616e1fa2540724bfbac14d7976d7e4a3860/library/std/src/panicking.rs:581
    _RINvNtCsjrHSEGnQ3l9_3std9panicking12catch_unwindiNCNvNtB4_2rt19lang_start_internal0EB4_
      at /rustc/59807616e1fa2540724bfbac14d7976d7e4a3860/library/std/src/panicking.rs:544
    _RINvNtCsjrHSEGnQ3l9_3std5panic12catch_unwindNCNvNtB4_2rt19lang_start_internal0iEB4_
      at /rustc/59807616e1fa2540724bfbac14d7976d7e4a3860/library/std/src/panic.rs:359
    _RNvNtCsjrHSEGnQ3l9_3std2rt19lang_start_internal
      at /rustc/59807616e1fa2540724bfbac14d7976d7e4a3860/library/std/src/rt.rs:171
    main
      in /home/zhuhe/code/litchi-target-0830/fp/release/xlsx-edit-profile-0830
145 calls with 0B peak consumption from:
    alloc::raw_vec::RawVecInner$LT$A$GT$::with_capacity_in::h85f8ec0fb5ec8745
      at /rustc/59807616e1fa2540724bfbac14d7976d7e4a3860/library/alloc/src/raw_vec/mod.rs:433
      in /home/zhuhe/code/litchi-target-0830/fp/release/xlsx-edit-profile-0830
    alloc::raw_vec::RawVec$LT$T$C$A$GT$::with_capacity_in::h183591e6a6e76f4f
      at /rustc/59807616e1fa2540724bfbac14d7976d7e4a3860/library/alloc/src/raw_vec/mod.rs:177
    alloc::vec::Vec$LT$T$C$A$GT$::with_capacity_in::hba4d0565ffd0fd68
      at /rustc/59807616e1fa2540724bfbac14d7976d7e4a3860/library/alloc/src/vec/mod.rs:965
    _$LT$T$u20$as$u20$alloc..slice..$LT$impl$u20$$u5b$T$u5d$$GT$..to_vec_in..ConvertVec$GT$::to_vec::hd92b6bdc941823b0
      at /rustc/59807616e1fa2540724bfbac14d7976d7e4a3860/library/alloc/src/slice.rs:448
    alloc::slice::_$LT$impl$u20$$u5b$T$u5d$$GT$::to_vec_in::ha04c33fcf14d617d
      at /rustc/59807616e1fa2540724bfbac14d7976d7e4a3860/library/alloc/src/slice.rs:400
    alloc::slice::_$LT$impl$u20$$u5b$T$u5d$$GT$::to_vec::h68c616984a52c0f7
      at /rustc/59807616e1fa2540724bfbac14d7976d7e4a3860/library/alloc/src/slice.rs:376
    alloc::slice::_$LT$impl$u20$alloc..borrow..ToOwned$u20$for$u20$$u5b$T$u5d$$GT$::to_owned::heed0246f77115273
      at /rustc/59807616e1fa2540724bfbac14d7976d7e4a3860/library/alloc/src/slice.rs:842
    _RNvXs2_NtCslNYArtu3iFV_5alloc3streNtNtB7_6borrow7ToOwned8to_owned
      at /rustc/59807616e1fa2540724bfbac14d7976d7e4a3860/library/alloc/src/str.rs:211
    litchi_ooxml_common::mce::codec::start::h296a97783e1862db
      at /home/zhuhe/code/litchi/crates/litchi-ooxml-common/src/mce/codec.rs:0
    litchi_ooxml_common::mce::codec::process_markup_compatibility::hf56a000df331f5c6
      at src/mce/codec.rs:771
      in /home/zhuhe/code/litchi-target-0830/fp/release/xlsx-edit-profile-0830
    litchi_ooxml_common::mce::codec::process_ooxml::hc423459ed40db600
      at src/mce/codec.rs:1672
      in /home/zhuhe/code/litchi-target-0830/fp/release/xlsx-edit-profile-0830
    litchi_xlsx::raw::worksheet::parse::_$u7b$$u7b$closure$u7d$$u7d$::h3945b6e9bf3ccbda
      at src/raw/worksheet/mod.rs:447
      in /home/zhuhe/code/litchi-target-0830/fp/release/xlsx-edit-profile-0830
    litchi_xlsx::raw::worksheet::parse::h876fe1a70043d40c
      at /home/zhuhe/code/litchi/crates/litchi-xlsx/src/raw/worksheet/mod.rs:446
    litchi_xlsx::workbook::edit::semantic::transaction::Edit::commit::he7829c28ddb90d02
      at src/workbook/edit/semantic/transaction.rs:2310
      in /home/zhuhe/code/litchi-target-0830/fp/release/xlsx-edit-profile-0830
    xlsx_edit_profile_0830::edit_helper_0830::h60d088236ffa3bef
      at src/main.rs:300
      in /home/zhuhe/code/litchi-target-0830/fp/release/xlsx-edit-profile-0830
    xlsx_edit_profile_0830::edit_region_0830::hd9047958b6bb4145
      at /home/zhuhe/code/litchi/docs/performance/results/change-0830/probe-src/src/main.rs:313
    xlsx_edit_profile_0830::execute_one::hd13185211950c238
      at src/main.rs:331
      in /home/zhuhe/code/litchi-target-0830/fp/release/xlsx-edit-profile-0830
    xlsx_edit_profile_0830::run::h4a0a709ddf300f9f
      at src/main.rs:227
      in /home/zhuhe/code/litchi-target-0830/fp/release/xlsx-edit-profile-0830
    xlsx_edit_profile_0830::main::h87ef95137f6e4ff2
      at /home/zhuhe/code/litchi/docs/performance/results/change-0830/probe-src/src/main.rs:178
    core::ops::function::FnOnce::call_once::hb4e58432592306ca
      at /rustc/59807616e1fa2540724bfbac14d7976d7e4a3860/library/core/src/ops/function.rs:250
      in /home/zhuhe/code/litchi-target-0830/fp/release/xlsx-edit-profile-0830
    std::sys::backtrace::__rust_begin_short_backtrace::h12b7350305ee1e0e
      at /rustc/59807616e1fa2540724bfbac14d7976d7e4a3860/library/std/src/sys/backtrace.rs:166
    std::rt::lang_start::_$u7b$$u7b$closure$u7d$$u7d$::h8a940b522bba9542
      at /rustc/59807616e1fa2540724bfbac14d7976d7e4a3860/library/std/src/rt.rs:206
      in /home/zhuhe/code/litchi-target-0830/fp/release/xlsx-edit-profile-0830
    _RNvXs0_NtNtNtCsgEmfK2I1SDS_4core3ops8function5implsRDINtB7_2FnuEp6OutputlNtNtBb_6marker4SyncNtNtNtBb_5panic11unwind_safe13RefUnwindSafeEL_INtB7_6FnOnceuE9call_onceCsjrHSEGnQ3l9_3std
      at library/core/src/ops/function.rs:287
      in /home/zhuhe/code/litchi-target-0830/fp/release/xlsx-edit-profile-0830
    _RINvNvNtCsjrHSEGnQ3l9_3std9panicking12catch_unwind7do_callRDINtNtNtCsgEmfK2I1SDS_4core3ops8function2FnuEp6OutputlNtNtB13_6marker4SyncNtNtNtB13_5panic11unwind_safe13RefUnwindSafeEL_lEB6_
      at /rustc/59807616e1fa2540724bfbac14d7976d7e4a3860/library/std/src/panicking.rs:581
    _RINvNtCsjrHSEGnQ3l9_3std9panicking12catch_unwindlRDINtNtNtCsgEmfK2I1SDS_4core3ops8function2FnuEp6OutputlNtNtBU_6marker4SyncNtNtNtBU_5panic11unwind_safe13RefUnwindSafeEL_EB4_
      at /rustc/59807616e1fa2540724bfbac14d7976d7e4a3860/library/std/src/panicking.rs:544
    _RINvNtCsjrHSEGnQ3l9_3std5panic12catch_unwindRDINtNtNtCsgEmfK2I1SDS_4core3ops8function2FnuEp6OutputlNtNtBP_6marker4SyncNtNtNtBP_5panic11unwind_safe13RefUnwindSafeEL_lEB4_
      at /rustc/59807616e1fa2540724bfbac14d7976d7e4a3860/library/std/src/panic.rs:359
    _RNCNvNtCsjrHSEGnQ3l9_3std2rt19lang_start_internal0B5_
      at /rustc/59807616e1fa2540724bfbac14d7976d7e4a3860/library/std/src/rt.rs:175
    _RINvNvNtCsjrHSEGnQ3l9_3std9panicking12catch_unwind7do_callNCNvNtB6_2rt19lang_start_internal0iEB6_
      at /rustc/59807616e1fa2540724bfbac14d7976d7e4a3860/library/std/src/panicking.rs:581
    _RINvNtCsjrHSEGnQ3l9_3std9panicking12catch_unwindiNCNvNtB4_2rt19lang_start_internal0EB4_
      at /rustc/59807616e1fa2540724bfbac14d7976d7e4a3860/library/std/src/panicking.rs:544
    _RINvNtCsjrHSEGnQ3l9_3std5panic12catch_unwindNCNvNtB4_2rt19lang_start_internal0iEB4_
      at /rustc/59807616e1fa2540724bfbac14d7976d7e4a3860/library/std/src/panic.rs:359
    _RNvNtCsjrHSEGnQ3l9_3std2rt19lang_start_internal
      at /rustc/59807616e1fa2540724bfbac14d7976d7e4a3860/library/std/src/rt.rs:171
    main
      in /home/zhuhe/code/litchi-target-0830/fp/release/xlsx-edit-profile-0830
145 calls with 0B peak consumption from:
    litchi_xlsx::calculation_properties::codec::parse_semantic::h253cb8f12c884686
      at src/calculation_properties/codec.rs:142
      in /home/zhuhe/code/litchi-target-0830/fp/release/xlsx-edit-profile-0830
    litchi_xlsx::calculation_properties::codec::inspect_with_policy::h51fef39000135969
      at /home/zhuhe/code/litchi/crates/litchi-xlsx/src/calculation_properties/codec.rs:105
    litchi_xlsx::calculation_properties::codec::inspect::ha05565c41b042676
      at src/calculation_properties/codec.rs:68
      in /home/zhuhe/code/litchi-target-0830/fp/release/xlsx-edit-profile-0830
    litchi_xlsx::raw::recalc::invalidate::h523d0c9379036d06
      at /home/zhuhe/code/litchi/crates/litchi-xlsx/src/raw/recalc.rs:10
    litchi_xlsx::workbook::edit::semantic::transaction::Edit::commit::he7829c28ddb90d02
      at src/workbook/edit/semantic/transaction.rs:2980
      in /home/zhuhe/code/litchi-target-0830/fp/release/xlsx-edit-profile-0830
    xlsx_edit_profile_0830::edit_helper_0830::h60d088236ffa3bef
      at src/main.rs:300
      in /home/zhuhe/code/litchi-target-0830/fp/release/xlsx-edit-profile-0830
    xlsx_edit_profile_0830::edit_region_0830::hd9047958b6bb4145
      at /home/zhuhe/code/litchi/docs/performance/results/change-0830/probe-src/src/main.rs:313
    xlsx_edit_profile_0830::execute_one::hd13185211950c238
      at src/main.rs:331
      in /home/zhuhe/code/litchi-target-0830/fp/release/xlsx-edit-profile-0830
    xlsx_edit_profile_0830::run::h4a0a709ddf300f9f
      at src/main.rs:227
      in /home/zhuhe/code/litchi-target-0830/fp/release/xlsx-edit-profile-0830
    xlsx_edit_profile_0830::main::h87ef95137f6e4ff2
      at /home/zhuhe/code/litchi/docs/performance/results/change-0830/probe-src/src/main.rs:178
    core::ops::function::FnOnce::call_once::hb4e58432592306ca
      at /rustc/59807616e1fa2540724bfbac14d7976d7e4a3860/library/core/src/ops/function.rs:250
      in /home/zhuhe/code/litchi-target-0830/fp/release/xlsx-edit-profile-0830
    std::sys::backtrace::__rust_begin_short_backtrace::h12b7350305ee1e0e
      at /rustc/59807616e1fa2540724bfbac14d7976d7e4a3860/library/std/src/sys/backtrace.rs:166
    std::rt::lang_start::_$u7b$$u7b$closure$u7d$$u7d$::h8a940b522bba9542
      at /rustc/59807616e1fa2540724bfbac14d7976d7e4a3860/library/std/src/rt.rs:206
      in /home/zhuhe/code/litchi-target-0830/fp/release/xlsx-edit-profile-0830
    _RNvXs0_NtNtNtCsgEmfK2I1SDS_4core3ops8function5implsRDINtB7_2FnuEp6OutputlNtNtBb_6marker4SyncNtNtNtBb_5panic11unwind_safe13RefUnwindSafeEL_INtB7_6FnOnceuE9call_onceCsjrHSEGnQ3l9_3std
      at library/core/src/ops/function.rs:287
      in /home/zhuhe/code/litchi-target-0830/fp/release/xlsx-edit-profile-0830
    _RINvNvNtCsjrHSEGnQ3l9_3std9panicking12catch_unwind7do_callRDINtNtNtCsgEmfK2I1SDS_4core3ops8function2FnuEp6OutputlNtNtB13_6marker4SyncNtNtNtB13_5panic11unwind_safe13RefUnwindSafeEL_lEB6_
      at /rustc/59807616e1fa2540724bfbac14d7976d7e4a3860/library/std/src/panicking.rs:581
    _RINvNtCsjrHSEGnQ3l9_3std9panicking12catch_unwindlRDINtNtNtCsgEmfK2I1SDS_4core3ops8function2FnuEp6OutputlNtNtBU_6marker4SyncNtNtNtBU_5panic11unwind_safe13RefUnwindSafeEL_EB4_
      at /rustc/59807616e1fa2540724bfbac14d7976d7e4a3860/library/std/src/panicking.rs:544
    _RINvNtCsjrHSEGnQ3l9_3std5panic12catch_unwindRDINtNtNtCsgEmfK2I1SDS_4core3ops8function2FnuEp6OutputlNtNtBP_6marker4SyncNtNtNtBP_5panic11unwind_safe13RefUnwindSafeEL_lEB4_
      at /rustc/59807616e1fa2540724bfbac14d7976d7e4a3860/library/std/src/panic.rs:359
    _RNCNvNtCsjrHSEGnQ3l9_3std2rt19lang_start_internal0B5_
      at /rustc/59807616e1fa2540724bfbac14d7976d7e4a3860/library/std/src/rt.rs:175
    _RINvNvNtCsjrHSEGnQ3l9_3std9panicking12catch_unwind7do_callNCNvNtB6_2rt19lang_start_internal0iEB6_
      at /rustc/59807616e1fa2540724bfbac14d7976d7e4a3860/library/std/src/panicking.rs:581
    _RINvNtCsjrHSEGnQ3l9_3std9panicking12catch_unwindiNCNvNtB4_2rt19lang_start_internal0EB4_
      at /rustc/59807616e1fa2540724bfbac14d7976d7e4a3860/library/std/src/panicking.rs:544
    _RINvNtCsjrHSEGnQ3l9_3std5panic12catch_unwindNCNvNtB4_2rt19lang_start_internal0iEB4_
      at /rustc/59807616e1fa2540724bfbac14d7976d7e4a3860/library/std/src/panic.rs:359
    _RNvNtCsjrHSEGnQ3l9_3std2rt19lang_start_internal
      at /rustc/59807616e1fa2540724bfbac14d7976d7e4a3860/library/std/src/rt.rs:171
    main
      in /home/zhuhe/code/litchi-target-0830/fp/release/xlsx-edit-profile-0830
145 calls with 0B peak consumption from:
    litchi_xlsx::calculation_properties::codec::parse_semantic::h253cb8f12c884686
      at src/calculation_properties/codec.rs:142
      in /home/zhuhe/code/litchi-target-0830/fp/release/xlsx-edit-profile-0830
    litchi_xlsx::calculation_properties::codec::inspect_with_policy::h51fef39000135969
      at /home/zhuhe/code/litchi/crates/litchi-xlsx/src/calculation_properties/codec.rs:105
    litchi_xlsx::calculation_properties::codec::inspect::ha05565c41b042676
      at src/calculation_properties/codec.rs:68
      in /home/zhuhe/code/litchi-target-0830/fp/release/xlsx-edit-profile-0830
    litchi_xlsx::calculation_properties::snapshot::Snapshot::load_with_limits::h7d9abfdeb246eb38
      at /home/zhuhe/code/litchi/crates/litchi-xlsx/src/calculation_properties/snapshot.rs:42
    litchi_xlsx::calculation_properties::snapshot::Snapshot::load::h51d1c752a1f0f4f9
      at src/calculation_properties/snapshot.rs:27
      in /home/zhuhe/code/litchi-target-0830/fp/release/xlsx-edit-profile-0830
    litchi_xlsx::workbook::model::Workbook::calculation_metadata::hb098624dc1272608
      at /home/zhuhe/code/litchi/crates/litchi-xlsx/src/workbook/model.rs:1023
    litchi_xlsx::workbook::edit::semantic::transaction::Edit::commit::he7829c28ddb90d02
      at src/workbook/edit/semantic/transaction.rs:3273
      in /home/zhuhe/code/litchi-target-0830/fp/release/xlsx-edit-profile-0830
    xlsx_edit_profile_0830::edit_helper_0830::h60d088236ffa3bef
      at src/main.rs:300
      in /home/zhuhe/code/litchi-target-0830/fp/release/xlsx-edit-profile-0830
    xlsx_edit_profile_0830::edit_region_0830::hd9047958b6bb4145
      at /home/zhuhe/code/litchi/docs/performance/results/change-0830/probe-src/src/main.rs:313
    xlsx_edit_profile_0830::execute_one::hd13185211950c238
      at src/main.rs:331
      in /home/zhuhe/code/litchi-target-0830/fp/release/xlsx-edit-profile-0830
    xlsx_edit_profile_0830::run::h4a0a709ddf300f9f
      at src/main.rs:227
      in /home/zhuhe/code/litchi-target-0830/fp/release/xlsx-edit-profile-0830
    xlsx_edit_profile_0830::main::h87ef95137f6e4ff2
      at /home/zhuhe/code/litchi/docs/performance/results/change-0830/probe-src/src/main.rs:178
    core::ops::function::FnOnce::call_once::hb4e58432592306ca
      at /rustc/59807616e1fa2540724bfbac14d7976d7e4a3860/library/core/src/ops/function.rs:250
      in /home/zhuhe/code/litchi-target-0830/fp/release/xlsx-edit-profile-0830
    std::sys::backtrace::__rust_begin_short_backtrace::h12b7350305ee1e0e
      at /rustc/59807616e1fa2540724bfbac14d7976d7e4a3860/library/std/src/sys/backtrace.rs:166
    std::rt::lang_start::_$u7b$$u7b$closure$u7d$$u7d$::h8a940b522bba9542
      at /rustc/59807616e1fa2540724bfbac14d7976d7e4a3860/library/std/src/rt.rs:206
      in /home/zhuhe/code/litchi-target-0830/fp/release/xlsx-edit-profile-0830
    _RNvXs0_NtNtNtCsgEmfK2I1SDS_4core3ops8function5implsRDINtB7_2FnuEp6OutputlNtNtBb_6marker4SyncNtNtNtBb_5panic11unwind_safe13RefUnwindSafeEL_INtB7_6FnOnceuE9call_onceCsjrHSEGnQ3l9_3std
      at library/core/src/ops/function.rs:287
      in /home/zhuhe/code/litchi-target-0830/fp/release/xlsx-edit-profile-0830
    _RINvNvNtCsjrHSEGnQ3l9_3std9panicking12catch_unwind7do_callRDINtNtNtCsgEmfK2I1SDS_4core3ops8function2FnuEp6OutputlNtNtB13_6marker4SyncNtNtNtB13_5panic11unwind_safe13RefUnwindSafeEL_lEB6_
      at /rustc/59807616e1fa2540724bfbac14d7976d7e4a3860/library/std/src/panicking.rs:581
    _RINvNtCsjrHSEGnQ3l9_3std9panicking12catch_unwindlRDINtNtNtCsgEmfK2I1SDS_4core3ops8function2FnuEp6OutputlNtNtBU_6marker4SyncNtNtNtBU_5panic11unwind_safe13RefUnwindSafeEL_EB4_
      at /rustc/59807616e1fa2540724bfbac14d7976d7e4a3860/library/std/src/panicking.rs:544
    _RINvNtCsjrHSEGnQ3l9_3std5panic12catch_unwindRDINtNtNtCsgEmfK2I1SDS_4core3ops8function2FnuEp6OutputlNtNtBP_6marker4SyncNtNtNtBP_5panic11unwind_safe13RefUnwindSafeEL_lEB4_
      at /rustc/59807616e1fa2540724bfbac14d7976d7e4a3860/library/std/src/panic.rs:359
    _RNCNvNtCsjrHSEGnQ3l9_3std2rt19lang_start_internal0B5_
      at /rustc/59807616e1fa2540724bfbac14d7976d7e4a3860/library/std/src/rt.rs:175
    _RINvNvNtCsjrHSEGnQ3l9_3std9panicking12catch_unwind7do_callNCNvNtB6_2rt19lang_start_internal0iEB6_
      at /rustc/59807616e1fa2540724bfbac14d7976d7e4a3860/library/std/src/panicking.rs:581
    _RINvNtCsjrHSEGnQ3l9_3std9panicking12catch_unwindiNCNvNtB4_2rt19lang_start_internal0EB4_
      at /rustc/59807616e1fa2540724bfbac14d7976d7e4a3860/library/std/src/panicking.rs:544
    _RINvNtCsjrHSEGnQ3l9_3std5panic12catch_unwindNCNvNtB4_2rt19lang_start_internal0iEB4_
      at /rustc/59807616e1fa2540724bfbac14d7976d7e4a3860/library/std/src/panic.rs:359
    _RNvNtCsjrHSEGnQ3l9_3std2rt19lang_start_internal
      at /rustc/59807616e1fa2540724bfbac14d7976d7e4a3860/library/std/src/rt.rs:171
    main
      in /home/zhuhe/code/litchi-target-0830/fp/release/xlsx-edit-profile-0830
  and 8520 from 622 other places

1370 calls to allocation functions with 0B peak consumption from
_RNvXNtNtNtCsjrHSEGnQ3l9_3std3sys5alloc4unixNtNtB8_5alloc6SystemNtNtNtCsgEmfK2I1SDS_4core5alloc6global11GlobalAlloc7realloc
  at /rustc/59807616e1fa2540724bfbac14d7976d7e4a3860/library/std/src/sys/alloc/unix.rs:54
  in /home/zhuhe/code/litchi-target-0830/fp/release/xlsx-edit-profile-0830
_RNvCsfLfy6EI15iL_7___rustc13___rdl_realloc
  at /rustc/59807616e1fa2540724bfbac14d7976d7e4a3860/library/std/src/alloc.rs:477
_RNvNtCslNYArtu3iFV_5alloc5alloc7realloc
  at /rustc/59807616e1fa2540724bfbac14d7976d7e4a3860/library/alloc/src/alloc.rs:135
_RNvMNtCslNYArtu3iFV_5alloc5allocNtB2_6Global19shrink_impl_runtime
  at /rustc/59807616e1fa2540724bfbac14d7976d7e4a3860/library/alloc/src/alloc.rs:288
_RNvMNtCslNYArtu3iFV_5alloc5allocNtB2_6Global11shrink_impl
  at /rustc/59807616e1fa2540724bfbac14d7976d7e4a3860/library/alloc/src/alloc.rs:359
_RNvXs_NtCslNYArtu3iFV_5alloc5allocNtB4_6GlobalNtNtCsgEmfK2I1SDS_4core5alloc9Allocator6shrink
  at /rustc/59807616e1fa2540724bfbac14d7976d7e4a3860/library/alloc/src/alloc.rs:478
alloc::raw_vec::RawVecInner$LT$A$GT$::shrink_unchecked::hf428249fde59c60a
  at /rustc/59807616e1fa2540724bfbac14d7976d7e4a3860/library/alloc/src/raw_vec/mod.rs:852
alloc::raw_vec::RawVecInner$LT$A$GT$::shrink::hd9157286e28407b0
  at /rustc/59807616e1fa2540724bfbac14d7976d7e4a3860/library/alloc/src/raw_vec/mod.rs:814
alloc::raw_vec::RawVecInner$LT$A$GT$::shrink_to_fit::h9d7794b993f00c59
  at /rustc/59807616e1fa2540724bfbac14d7976d7e4a3860/library/alloc/src/raw_vec/mod.rs:744
alloc::raw_vec::RawVec$LT$T$C$A$GT$::shrink_to_fit::h38fca0cd04d9c4cf
  at /rustc/59807616e1fa2540724bfbac14d7976d7e4a3860/library/alloc/src/raw_vec/mod.rs:400
alloc::vec::Vec$LT$T$C$A$GT$::shrink_to_fit::h96329fc9cc8d9fe4
  at /rustc/59807616e1fa2540724bfbac14d7976d7e4a3860/library/alloc/src/vec/mod.rs:1584
alloc::vec::Vec$LT$T$C$A$GT$::into_boxed_slice::hafc9258a22994e9d
  at /rustc/59807616e1fa2540724bfbac14d7976d7e4a3860/library/alloc/src/vec/mod.rs:1710
_RNvMNtCslNYArtu3iFV_5alloc6stringNtB2_6String14into_boxed_str
  at /rustc/59807616e1fa2540724bfbac14d7976d7e4a3860/library/alloc/src/string.rs:2175
litchi_xlsx::sheet::key::hca39aa4a1b6fcffb
  at /home/zhuhe/code/litchi/crates/litchi-xlsx/src/sheet.rs:179
35 calls with 0B peak consumption from:
    alloc::raw_vec::RawVecInner$LT$A$GT$::grow_amortized::h123d988e32697a23
      at /rustc/59807616e1fa2540724bfbac14d7976d7e4a3860/library/alloc/src/raw_vec/mod.rs:527
      in /home/zhuhe/code/litchi-target-0830/fp/release/xlsx-edit-profile-0830
    alloc::raw_vec::RawVecInner$LT$A$GT$::reserve::do_reserve_and_handle::h4e65c9b0372bb6c2
      at /rustc/59807616e1fa2540724bfbac14d7976d7e4a3860/library/alloc/src/raw_vec/mod.rs:666
    alloc::raw_vec::RawVecInner$LT$A$GT$::reserve::h90a404b7c6347ad9
      at /rustc/59807616e1fa2540724bfbac14d7976d7e4a3860/library/alloc/src/raw_vec/mod.rs:673
      in /home/zhuhe/code/litchi-target-0830/fp/release/xlsx-edit-profile-0830
    alloc::raw_vec::RawVec$LT$T$C$A$GT$::reserve::h74a751edb1e0525d
      at /rustc/59807616e1fa2540724bfbac14d7976d7e4a3860/library/alloc/src/raw_vec/mod.rs:340
    alloc::vec::Vec$LT$T$C$A$GT$::reserve::h29555f7d2baf5722
      at /rustc/59807616e1fa2540724bfbac14d7976d7e4a3860/library/alloc/src/vec/mod.rs:1446
    alloc::vec::Vec$LT$T$C$A$GT$::append_elements::h087e97b1f38d9dcd
      at /rustc/59807616e1fa2540724bfbac14d7976d7e4a3860/library/alloc/src/vec/mod.rs:2879
    _$LT$alloc..vec..Vec$LT$T$C$A$GT$$u20$as$u20$alloc..vec..spec_extend..SpecExtend$LT$$RF$T$C$core..slice..iter..Iter$LT$T$GT$$GT$$GT$::spec_extend::h49210e1bae66ac13
      at /rustc/59807616e1fa2540724bfbac14d7976d7e4a3860/library/alloc/src/vec/spec_extend.rs:56
    alloc::vec::Vec$LT$T$C$A$GT$::extend_from_slice::hcdc550bb00b61bb1
      at /rustc/59807616e1fa2540724bfbac14d7976d7e4a3860/library/alloc/src/vec/mod.rs:3500
    quick_xml::events::BytesStart::push_attr::heb2ca9438f75849a
      at /home/zhuhe/.cargo/registry/src/index.crates.io-1949cf8c6b5b557f/quick-xml-0.41.0/src/events/mod.rs:320
    quick_xml::events::BytesStart::push_attribute::h86157367e4b280c2
      at /home/zhuhe/.cargo/registry/src/index.crates.io-1949cf8c6b5b557f/quick-xml-0.41.0/src/events/mod.rs:277
      in /home/zhuhe/code/litchi-target-0830/fp/release/xlsx-edit-profile-0830
    litchi_xlsx::raw::compact::write_start::h3c8c54645eff045b
      at /home/zhuhe/code/litchi/crates/litchi-xlsx/src/raw/compact.rs:353
    litchi_xlsx::raw::compact::compact_events::h4ade3fd39d7ca902
      at src/raw/compact.rs:249
      in /home/zhuhe/code/litchi-target-0830/fp/release/xlsx-edit-profile-0830
    litchi_xlsx::raw::compact::changed_observed::h2e8a8830e3ad573c
      at src/raw/compact.rs:152
      in /home/zhuhe/code/litchi-target-0830/fp/release/xlsx-edit-profile-0830
    litchi_xlsx::raw::compact::changed::h998f88c857050dab
      at /home/zhuhe/code/litchi/crates/litchi-xlsx/src/raw/compact.rs:22
    litchi_xlsx::workbook::edit::semantic::transaction::Edit::commit::he7829c28ddb90d02
      at src/workbook/edit/semantic/transaction.rs:2986
      in /home/zhuhe/code/litchi-target-0830/fp/release/xlsx-edit-profile-0830
    xlsx_edit_profile_0830::edit_helper_0830::h60d088236ffa3bef
      at src/main.rs:300
      in /home/zhuhe/code/litchi-target-0830/fp/release/xlsx-edit-profile-0830
    xlsx_edit_profile_0830::edit_region_0830::hd9047958b6bb4145
      at /home/zhuhe/code/litchi/docs/performance/results/change-0830/probe-src/src/main.rs:313
    xlsx_edit_profile_0830::execute_one::hd13185211950c238
      at src/main.rs:331
      in /home/zhuhe/code/litchi-target-0830/fp/release/xlsx-edit-profile-0830
    xlsx_edit_profile_0830::run::h4a0a709ddf300f9f
      at src/main.rs:227
      in /home/zhuhe/code/litchi-target-0830/fp/release/xlsx-edit-profile-0830
    xlsx_edit_profile_0830::main::h87ef95137f6e4ff2
      at /home/zhuhe/code/litchi/docs/performance/results/change-0830/probe-src/src/main.rs:178
    core::ops::function::FnOnce::call_once::hb4e58432592306ca
      at /rustc/59807616e1fa2540724bfbac14d7976d7e4a3860/library/core/src/ops/function.rs:250
      in /home/zhuhe/code/litchi-target-0830/fp/release/xlsx-edit-profile-0830
    std::sys::backtrace::__rust_begin_short_backtrace::h12b7350305ee1e0e
      at /rustc/59807616e1fa2540724bfbac14d7976d7e4a3860/library/std/src/sys/backtrace.rs:166
    std::rt::lang_start::_$u7b$$u7b$closure$u7d$$u7d$::h8a940b522bba9542
      at /rustc/59807616e1fa2540724bfbac14d7976d7e4a3860/library/std/src/rt.rs:206
      in /home/zhuhe/code/litchi-target-0830/fp/release/xlsx-edit-profile-0830
    _RNvXs0_NtNtNtCsgEmfK2I1SDS_4core3ops8function5implsRDINtB7_2FnuEp6OutputlNtNtBb_6marker4SyncNtNtNtBb_5panic11unwind_safe13RefUnwindSafeEL_INtB7_6FnOnceuE9call_onceCsjrHSEGnQ3l9_3std
      at library/core/src/ops/function.rs:287
      in /home/zhuhe/code/litchi-target-0830/fp/release/xlsx-edit-profile-0830
    _RINvNvNtCsjrHSEGnQ3l9_3std9panicking12catch_unwind7do_callRDINtNtNtCsgEmfK2I1SDS_4core3ops8function2FnuEp6OutputlNtNtB13_6marker4SyncNtNtNtB13_5panic11unwind_safe13RefUnwindSafeEL_lEB6_
      at /rustc/59807616e1fa2540724bfbac14d7976d7e4a3860/library/std/src/panicking.rs:581
    _RINvNtCsjrHSEGnQ3l9_3std9panicking12catch_unwindlRDINtNtNtCsgEmfK2I1SDS_4core3ops8function2FnuEp6OutputlNtNtBU_6marker4SyncNtNtNtBU_5panic11unwind_safe13RefUnwindSafeEL_EB4_
      at /rustc/59807616e1fa2540724bfbac14d7976d7e4a3860/library/std/src/panicking.rs:544
    _RINvNtCsjrHSEGnQ3l9_3std5panic12catch_unwindRDINtNtNtCsgEmfK2I1SDS_4core3ops8function2FnuEp6OutputlNtNtBP_6marker4SyncNtNtNtBP_5panic11unwind_safe13RefUnwindSafeEL_lEB4_
      at /rustc/59807616e1fa2540724bfbac14d7976d7e4a3860/library/std/src/panic.rs:359
    _RNCNvNtCsjrHSEGnQ3l9_3std2rt19lang_start_internal0B5_
      at /rustc/59807616e1fa2540724bfbac14d7976d7e4a3860/library/std/src/rt.rs:175
    _RINvNvNtCsjrHSEGnQ3l9_3std9panicking12catch_unwind7do_callNCNvNtB6_2rt19lang_start_internal0iEB6_
      at /rustc/59807616e1fa2540724bfbac14d7976d7e4a3860/library/std/src/panicking.rs:581
    _RINvNtCsjrHSEGnQ3l9_3std9panicking12catch_unwindiNCNvNtB4_2rt19lang_start_internal0EB4_
      at /rustc/59807616e1fa2540724bfbac14d7976d7e4a3860/library/std/src/panicking.rs:544
    _RINvNtCsjrHSEGnQ3l9_3std5panic12catch_unwindNCNvNtB4_2rt19lang_start_internal0iEB4_
      at /rustc/59807616e1fa2540724bfbac14d7976d7e4a3860/library/std/src/panic.rs:359
    _RNvNtCsjrHSEGnQ3l9_3std2rt19lang_start_internal
      at /rustc/59807616e1fa2540724bfbac14d7976d7e4a3860/library/std/src/rt.rs:171
    main
      in /home/zhuhe/code/litchi-target-0830/fp/release/xlsx-edit-profile-0830
35 calls with 0B peak consumption from:
    alloc::raw_vec::RawVecInner$LT$A$GT$::grow_amortized::h123d988e32697a23
      at /rustc/59807616e1fa2540724bfbac14d7976d7e4a3860/library/alloc/src/raw_vec/mod.rs:527
      in /home/zhuhe/code/litchi-target-0830/fp/release/xlsx-edit-profile-0830
    alloc::raw_vec::RawVecInner$LT$A$GT$::reserve::do_reserve_and_handle::h4e65c9b0372bb6c2
      at /rustc/59807616e1fa2540724bfbac14d7976d7e4a3860/library/alloc/src/raw_vec/mod.rs:666
    alloc::raw_vec::RawVecInner$LT$A$GT$::reserve::h90a404b7c6347ad9
      at /rustc/59807616e1fa2540724bfbac14d7976d7e4a3860/library/alloc/src/raw_vec/mod.rs:673
      in /home/zhuhe/code/litchi-target-0830/fp/release/xlsx-edit-profile-0830
    alloc::raw_vec::RawVec$LT$T$C$A$GT$::reserve::h74a751edb1e0525d
      at /rustc/59807616e1fa2540724bfbac14d7976d7e4a3860/library/alloc/src/raw_vec/mod.rs:340
    alloc::vec::Vec$LT$T$C$A$GT$::reserve::h29555f7d2baf5722
      at /rustc/59807616e1fa2540724bfbac14d7976d7e4a3860/library/alloc/src/vec/mod.rs:1446
    alloc::vec::Vec$LT$T$C$A$GT$::append_elements::h087e97b1f38d9dcd
      at /rustc/59807616e1fa2540724bfbac14d7976d7e4a3860/library/alloc/src/vec/mod.rs:2879
    _$LT$alloc..vec..Vec$LT$T$C$A$GT$$u20$as$u20$alloc..vec..spec_extend..SpecExtend$LT$$RF$T$C$core..slice..iter..Iter$LT$T$GT$$GT$$GT$::spec_extend::h49210e1bae66ac13
      at /rustc/59807616e1fa2540724bfbac14d7976d7e4a3860/library/alloc/src/vec/spec_extend.rs:56
    alloc::vec::Vec$LT$T$C$A$GT$::extend_from_slice::hcdc550bb00b61bb1
      at /rustc/59807616e1fa2540724bfbac14d7976d7e4a3860/library/alloc/src/vec/mod.rs:3500
    quick_xml::events::BytesStart::push_attr::heb2ca9438f75849a
      at /home/zhuhe/.cargo/registry/src/index.crates.io-1949cf8c6b5b557f/quick-xml-0.41.0/src/events/mod.rs:323
    quick_xml::events::BytesStart::push_attribute::h86157367e4b280c2
      at /home/zhuhe/.cargo/registry/src/index.crates.io-1949cf8c6b5b557f/quick-xml-0.41.0/src/events/mod.rs:277
      in /home/zhuhe/code/litchi-target-0830/fp/release/xlsx-edit-profile-0830
    litchi_xlsx::raw::compact::write_start::h3c8c54645eff045b
      at /home/zhuhe/code/litchi/crates/litchi-xlsx/src/raw/compact.rs:353
    litchi_xlsx::raw::compact::compact_events::h4ade3fd39d7ca902
      at src/raw/compact.rs:221
      in /home/zhuhe/code/litchi-target-0830/fp/release/xlsx-edit-profile-0830
    litchi_xlsx::raw::compact::changed_observed::h2e8a8830e3ad573c
      at src/raw/compact.rs:152
      in /home/zhuhe/code/litchi-target-0830/fp/release/xlsx-edit-profile-0830
    litchi_xlsx::raw::compact::changed::h998f88c857050dab
      at /home/zhuhe/code/litchi/crates/litchi-xlsx/src/raw/compact.rs:22
    litchi_xlsx::workbook::edit::semantic::transaction::Edit::commit::he7829c28ddb90d02
      at src/workbook/edit/semantic/transaction.rs:2986
      in /home/zhuhe/code/litchi-target-0830/fp/release/xlsx-edit-profile-0830
    xlsx_edit_profile_0830::edit_helper_0830::h60d088236ffa3bef
      at src/main.rs:300
      in /home/zhuhe/code/litchi-target-0830/fp/release/xlsx-edit-profile-0830
    xlsx_edit_profile_0830::edit_region_0830::hd9047958b6bb4145
      at /home/zhuhe/code/litchi/docs/performance/results/change-0830/probe-src/src/main.rs:313
    xlsx_edit_profile_0830::execute_one::hd13185211950c238
      at src/main.rs:331
      in /home/zhuhe/code/litchi-target-0830/fp/release/xlsx-edit-profile-0830
    xlsx_edit_profile_0830::run::h4a0a709ddf300f9f
      at src/main.rs:227
      in /home/zhuhe/code/litchi-target-0830/fp/release/xlsx-edit-profile-0830
    xlsx_edit_profile_0830::main::h87ef95137f6e4ff2
      at /home/zhuhe/code/litchi/docs/performance/results/change-0830/probe-src/src/main.rs:178
    core::ops::function::FnOnce::call_once::hb4e58432592306ca
      at /rustc/59807616e1fa2540724bfbac14d7976d7e4a3860/library/core/src/ops/function.rs:250
      in /home/zhuhe/code/litchi-target-0830/fp/release/xlsx-edit-profile-0830
    std::sys::backtrace::__rust_begin_short_backtrace::h12b7350305ee1e0e
      at /rustc/59807616e1fa2540724bfbac14d7976d7e4a3860/library/std/src/sys/backtrace.rs:166
    std::rt::lang_start::_$u7b$$u7b$closure$u7d$$u7d$::h8a940b522bba9542
      at /rustc/59807616e1fa2540724bfbac14d7976d7e4a3860/library/std/src/rt.rs:206
      in /home/zhuhe/code/litchi-target-0830/fp/release/xlsx-edit-profile-0830
    _RNvXs0_NtNtNtCsgEmfK2I1SDS_4core3ops8function5implsRDINtB7_2FnuEp6OutputlNtNtBb_6marker4SyncNtNtNtBb_5panic11unwind_safe13RefUnwindSafeEL_INtB7_6FnOnceuE9call_onceCsjrHSEGnQ3l9_3std
      at library/core/src/ops/function.rs:287
      in /home/zhuhe/code/litchi-target-0830/fp/release/xlsx-edit-profile-0830
    _RINvNvNtCsjrHSEGnQ3l9_3std9panicking12catch_unwind7do_callRDINtNtNtCsgEmfK2I1SDS_4core3ops8function2FnuEp6OutputlNtNtB13_6marker4SyncNtNtNtB13_5panic11unwind_safe13RefUnwindSafeEL_lEB6_
      at /rustc/59807616e1fa2540724bfbac14d7976d7e4a3860/library/std/src/panicking.rs:581
    _RINvNtCsjrHSEGnQ3l9_3std9panicking12catch_unwindlRDINtNtNtCsgEmfK2I1SDS_4core3ops8function2FnuEp6OutputlNtNtBU_6marker4SyncNtNtNtBU_5panic11unwind_safe13RefUnwindSafeEL_EB4_
      at /rustc/59807616e1fa2540724bfbac14d7976d7e4a3860/library/std/src/panicking.rs:544
    _RINvNtCsjrHSEGnQ3l9_3std5panic12catch_unwindRDINtNtNtCsgEmfK2I1SDS_4core3ops8function2FnuEp6OutputlNtNtBP_6marker4SyncNtNtNtBP_5panic11unwind_safe13RefUnwindSafeEL_lEB4_
      at /rustc/59807616e1fa2540724bfbac14d7976d7e4a3860/library/std/src/panic.rs:359
    _RNCNvNtCsjrHSEGnQ3l9_3std2rt19lang_start_internal0B5_
      at /rustc/59807616e1fa2540724bfbac14d7976d7e4a3860/library/std/src/rt.rs:175
    _RINvNvNtCsjrHSEGnQ3l9_3std9panicking12catch_unwind7do_callNCNvNtB6_2rt19lang_start_internal0iEB6_
      at /rustc/59807616e1fa2540724bfbac14d7976d7e4a3860/library/std/src/panicking.rs:581
    _RINvNtCsjrHSEGnQ3l9_3std9panicking12catch_unwindiNCNvNtB4_2rt19lang_start_internal0EB4_
      at /rustc/59807616e1fa2540724bfbac14d7976d7e4a3860/library/std/src/panicking.rs:544
    _RINvNtCsjrHSEGnQ3l9_3std5panic12catch_unwindNCNvNtB4_2rt19lang_start_internal0iEB4_
      at /rustc/59807616e1fa2540724bfbac14d7976d7e4a3860/library/std/src/panic.rs:359
    _RNvNtCsjrHSEGnQ3l9_3std2rt19lang_start_internal
      at /rustc/59807616e1fa2540724bfbac14d7976d7e4a3860/library/std/src/rt.rs:171
    main
      in /home/zhuhe/code/litchi-target-0830/fp/release/xlsx-edit-profile-0830
25 calls with 0B peak consumption from:
    alloc::raw_vec::RawVecInner$LT$A$GT$::grow_amortized::h123d988e32697a23
      at /rustc/59807616e1fa2540724bfbac14d7976d7e4a3860/library/alloc/src/raw_vec/mod.rs:527
      in /home/zhuhe/code/litchi-target-0830/fp/release/xlsx-edit-profile-0830
    alloc::raw_vec::RawVecInner$LT$A$GT$::reserve::do_reserve_and_handle::h4e65c9b0372bb6c2
      at /rustc/59807616e1fa2540724bfbac14d7976d7e4a3860/library/alloc/src/raw_vec/mod.rs:666
    alloc::raw_vec::RawVecInner$LT$A$GT$::reserve::h90a404b7c6347ad9
      at /rustc/59807616e1fa2540724bfbac14d7976d7e4a3860/library/alloc/src/raw_vec/mod.rs:673
      in /home/zhuhe/code/litchi-target-0830/fp/release/xlsx-edit-profile-0830
    alloc::raw_vec::RawVec$LT$T$C$A$GT$::reserve::h74a751edb1e0525d
      at /rustc/59807616e1fa2540724bfbac14d7976d7e4a3860/library/alloc/src/raw_vec/mod.rs:340
    alloc::vec::Vec$LT$T$C$A$GT$::reserve::h29555f7d2baf5722
      at /rustc/59807616e1fa2540724bfbac14d7976d7e4a3860/library/alloc/src/vec/mod.rs:1446
    alloc::vec::Vec$LT$T$C$A$GT$::append_elements::h087e97b1f38d9dcd
      at /rustc/59807616e1fa2540724bfbac14d7976d7e4a3860/library/alloc/src/vec/mod.rs:2879
    _$LT$alloc..vec..Vec$LT$T$C$A$GT$$u20$as$u20$alloc..vec..spec_extend..SpecExtend$LT$$RF$T$C$core..slice..iter..Iter$LT$T$GT$$GT$$GT$::spec_extend::h49210e1bae66ac13
      at /rustc/59807616e1fa2540724bfbac14d7976d7e4a3860/library/alloc/src/vec/spec_extend.rs:56
    alloc::vec::Vec$LT$T$C$A$GT$::extend_from_slice::hcdc550bb00b61bb1
      at /rustc/59807616e1fa2540724bfbac14d7976d7e4a3860/library/alloc/src/vec/mod.rs:3500
    quick_xml::events::BytesStart::push_attr::heb2ca9438f75849a
      at /home/zhuhe/.cargo/registry/src/index.crates.io-1949cf8c6b5b557f/quick-xml-0.41.0/src/events/mod.rs:323
    quick_xml::events::BytesStart::push_attribute::h86157367e4b280c2
      at /home/zhuhe/.cargo/registry/src/index.crates.io-1949cf8c6b5b557f/quick-xml-0.41.0/src/events/mod.rs:277
      in /home/zhuhe/code/litchi-target-0830/fp/release/xlsx-edit-profile-0830
    litchi_xlsx::raw::compact::write_start::h3c8c54645eff045b
      at /home/zhuhe/code/litchi/crates/litchi-xlsx/src/raw/compact.rs:353
    litchi_xlsx::raw::compact::compact_events::h4ade3fd39d7ca902
      at src/raw/compact.rs:249
      in /home/zhuhe/code/litchi-target-0830/fp/release/xlsx-edit-profile-0830
    litchi_xlsx::raw::compact::changed_observed::h2e8a8830e3ad573c
      at src/raw/compact.rs:152
      in /home/zhuhe/code/litchi-target-0830/fp/release/xlsx-edit-profile-0830
    litchi_xlsx::raw::compact::changed::h998f88c857050dab
      at /home/zhuhe/code/litchi/crates/litchi-xlsx/src/raw/compact.rs:22
    litchi_xlsx::workbook::edit::semantic::transaction::Edit::commit::he7829c28ddb90d02
      at src/workbook/edit/semantic/transaction.rs:2986
      in /home/zhuhe/code/litchi-target-0830/fp/release/xlsx-edit-profile-0830
    xlsx_edit_profile_0830::edit_helper_0830::h60d088236ffa3bef
      at src/main.rs:300
      in /home/zhuhe/code/litchi-target-0830/fp/release/xlsx-edit-profile-0830
    xlsx_edit_profile_0830::edit_region_0830::hd9047958b6bb4145
      at /home/zhuhe/code/litchi/docs/performance/results/change-0830/probe-src/src/main.rs:313
    xlsx_edit_profile_0830::execute_one::hd13185211950c238
      at src/main.rs:331
      in /home/zhuhe/code/litchi-target-0830/fp/release/xlsx-edit-profile-0830
    xlsx_edit_profile_0830::run::h4a0a709ddf300f9f
      at src/main.rs:227
      in /home/zhuhe/code/litchi-target-0830/fp/release/xlsx-edit-profile-0830
    xlsx_edit_profile_0830::main::h87ef95137f6e4ff2
      at /home/zhuhe/code/litchi/docs/performance/results/change-0830/probe-src/src/main.rs:178
    core::ops::function::FnOnce::call_once::hb4e58432592306ca
      at /rustc/59807616e1fa2540724bfbac14d7976d7e4a3860/library/core/src/ops/function.rs:250
      in /home/zhuhe/code/litchi-target-0830/fp/release/xlsx-edit-profile-0830
    std::sys::backtrace::__rust_begin_short_backtrace::h12b7350305ee1e0e
      at /rustc/59807616e1fa2540724bfbac14d7976d7e4a3860/library/std/src/sys/backtrace.rs:166
    std::rt::lang_start::_$u7b$$u7b$closure$u7d$$u7d$::h8a940b522bba9542
      at /rustc/59807616e1fa2540724bfbac14d7976d7e4a3860/library/std/src/rt.rs:206
      in /home/zhuhe/code/litchi-target-0830/fp/release/xlsx-edit-profile-0830
    _RNvXs0_NtNtNtCsgEmfK2I1SDS_4core3ops8function5implsRDINtB7_2FnuEp6OutputlNtNtBb_6marker4SyncNtNtNtBb_5panic11unwind_safe13RefUnwindSafeEL_INtB7_6FnOnceuE9call_onceCsjrHSEGnQ3l9_3std
      at library/core/src/ops/function.rs:287
      in /home/zhuhe/code/litchi-target-0830/fp/release/xlsx-edit-profile-0830
    _RINvNvNtCsjrHSEGnQ3l9_3std9panicking12catch_unwind7do_callRDINtNtNtCsgEmfK2I1SDS_4core3ops8function2FnuEp6OutputlNtNtB13_6marker4SyncNtNtNtB13_5panic11unwind_safe13RefUnwindSafeEL_lEB6_
      at /rustc/59807616e1fa2540724bfbac14d7976d7e4a3860/library/std/src/panicking.rs:581
    _RINvNtCsjrHSEGnQ3l9_3std9panicking12catch_unwindlRDINtNtNtCsgEmfK2I1SDS_4core3ops8function2FnuEp6OutputlNtNtBU_6marker4SyncNtNtNtBU_5panic11unwind_safe13RefUnwindSafeEL_EB4_
      at /rustc/59807616e1fa2540724bfbac14d7976d7e4a3860/library/std/src/panicking.rs:544
    _RINvNtCsjrHSEGnQ3l9_3std5panic12catch_unwindRDINtNtNtCsgEmfK2I1SDS_4core3ops8function2FnuEp6OutputlNtNtBP_6marker4SyncNtNtNtBP_5panic11unwind_safe13RefUnwindSafeEL_lEB4_
      at /rustc/59807616e1fa2540724bfbac14d7976d7e4a3860/library/std/src/panic.rs:359
    _RNCNvNtCsjrHSEGnQ3l9_3std2rt19lang_start_internal0B5_
      at /rustc/59807616e1fa2540724bfbac14d7976d7e4a3860/library/std/src/rt.rs:175
    _RINvNvNtCsjrHSEGnQ3l9_3std9panicking12catch_unwind7do_callNCNvNtB6_2rt19lang_start_internal0iEB6_
      at /rustc/59807616e1fa2540724bfbac14d7976d7e4a3860/library/std/src/panicking.rs:581
    _RINvNtCsjrHSEGnQ3l9_3std9panicking12catch_unwindiNCNvNtB4_2rt19lang_start_internal0EB4_
      at /rustc/59807616e1fa2540724bfbac14d7976d7e4a3860/library/std/src/panicking.rs:544
    _RINvNtCsjrHSEGnQ3l9_3std5panic12catch_unwindNCNvNtB4_2rt19lang_start_internal0iEB4_
      at /rustc/59807616e1fa2540724bfbac14d7976d7e4a3860/library/std/src/panic.rs:359
    _RNvNtCsjrHSEGnQ3l9_3std2rt19lang_start_internal
      at /rustc/59807616e1fa2540724bfbac14d7976d7e4a3860/library/std/src/rt.rs:171
    main
      in /home/zhuhe/code/litchi-target-0830/fp/release/xlsx-edit-profile-0830
20 calls with 0B peak consumption from:
    litchi_xlsx::raw::worksheet::edit::codec::snapshot::scan::Scanner::finish::h25be22bf10b6e8aa
      at src/raw/worksheet/edit/codec/snapshot/scan.rs:1276
      in /home/zhuhe/code/litchi-target-0830/fp/release/xlsx-edit-profile-0830
    litchi_xlsx::raw::worksheet::lane::row_body::h072ed52c978b3a9f
      at src/raw/worksheet/lane.rs:354
      in /home/zhuhe/code/litchi-target-0830/fp/release/xlsx-edit-profile-0830
    litchi_xlsx::raw::worksheet::lane::walk::hc896ba587ce6518e
      at /home/zhuhe/code/litchi/crates/litchi-xlsx/src/raw/worksheet/lane.rs:336
    litchi_xlsx::raw::worksheet::edit::codec::snapshot::scan::Scanner::lane_body::h2545c1f30addfa7a
      at /home/zhuhe/code/litchi/crates/litchi-xlsx/src/raw/worksheet/edit/codec/snapshot/scan.rs:489
    litchi_xlsx::raw::worksheet::edit::codec::snapshot::scan::scan_with_limit::h91a93f61017eacd3
      at /home/zhuhe/code/litchi/crates/litchi-xlsx/src/raw/worksheet/edit/codec/snapshot/scan.rs:257
    litchi_xlsx::raw::worksheet::edit::codec::snapshot::scan::scan::h12f722ccf60472c2
      at src/raw/worksheet/edit/codec/snapshot/scan.rs:226
      in /home/zhuhe/code/litchi-target-0830/fp/release/xlsx-edit-profile-0830
    litchi_xlsx::raw::worksheet::edit::package::rewrite_value_only_with_provenance::h9e597584abba4872
      at /home/zhuhe/code/litchi/crates/litchi-xlsx/src/raw/worksheet/edit/package.rs:200
    litchi_xlsx::workbook::edit::semantic::transaction::Edit::commit::he7829c28ddb90d02
      at src/workbook/edit/semantic/transaction.rs:2180
      in /home/zhuhe/code/litchi-target-0830/fp/release/xlsx-edit-profile-0830
    xlsx_edit_profile_0830::edit_helper_0830::h60d088236ffa3bef
      at src/main.rs:300
      in /home/zhuhe/code/litchi-target-0830/fp/release/xlsx-edit-profile-0830
    xlsx_edit_profile_0830::edit_region_0830::hd9047958b6bb4145
      at /home/zhuhe/code/litchi/docs/performance/results/change-0830/probe-src/src/main.rs:313
    xlsx_edit_profile_0830::execute_one::hd13185211950c238
      at src/main.rs:331
      in /home/zhuhe/code/litchi-target-0830/fp/release/xlsx-edit-profile-0830
    xlsx_edit_profile_0830::run::h4a0a709ddf300f9f
      at src/main.rs:227
      in /home/zhuhe/code/litchi-target-0830/fp/release/xlsx-edit-profile-0830
    xlsx_edit_profile_0830::main::h87ef95137f6e4ff2
      at /home/zhuhe/code/litchi/docs/performance/results/change-0830/probe-src/src/main.rs:178
    core::ops::function::FnOnce::call_once::hb4e58432592306ca
      at /rustc/59807616e1fa2540724bfbac14d7976d7e4a3860/library/core/src/ops/function.rs:250
      in /home/zhuhe/code/litchi-target-0830/fp/release/xlsx-edit-profile-0830
    std::sys::backtrace::__rust_begin_short_backtrace::h12b7350305ee1e0e
      at /rustc/59807616e1fa2540724bfbac14d7976d7e4a3860/library/std/src/sys/backtrace.rs:166
    std::rt::lang_start::_$u7b$$u7b$closure$u7d$$u7d$::h8a940b522bba9542
      at /rustc/59807616e1fa2540724bfbac14d7976d7e4a3860/library/std/src/rt.rs:206
      in /home/zhuhe/code/litchi-target-0830/fp/release/xlsx-edit-profile-0830
    _RNvXs0_NtNtNtCsgEmfK2I1SDS_4core3ops8function5implsRDINtB7_2FnuEp6OutputlNtNtBb_6marker4SyncNtNtNtBb_5panic11unwind_safe13RefUnwindSafeEL_INtB7_6FnOnceuE9call_onceCsjrHSEGnQ3l9_3std
      at library/core/src/ops/function.rs:287
      in /home/zhuhe/code/litchi-target-0830/fp/release/xlsx-edit-profile-0830
    _RINvNvNtCsjrHSEGnQ3l9_3std9panicking12catch_unwind7do_callRDINtNtNtCsgEmfK2I1SDS_4core3ops8function2FnuEp6OutputlNtNtB13_6marker4SyncNtNtNtB13_5panic11unwind_safe13RefUnwindSafeEL_lEB6_
      at /rustc/59807616e1fa2540724bfbac14d7976d7e4a3860/library/std/src/panicking.rs:581
    _RINvNtCsjrHSEGnQ3l9_3std9panicking12catch_unwindlRDINtNtNtCsgEmfK2I1SDS_4core3ops8function2FnuEp6OutputlNtNtBU_6marker4SyncNtNtNtBU_5panic11unwind_safe13RefUnwindSafeEL_EB4_
      at /rustc/59807616e1fa2540724bfbac14d7976d7e4a3860/library/std/src/panicking.rs:544
    _RINvNtCsjrHSEGnQ3l9_3std5panic12catch_unwindRDINtNtNtCsgEmfK2I1SDS_4core3ops8function2FnuEp6OutputlNtNtBP_6marker4SyncNtNtNtBP_5panic11unwind_safe13RefUnwindSafeEL_lEB4_
      at /rustc/59807616e1fa2540724bfbac14d7976d7e4a3860/library/std/src/panic.rs:359
    _RNCNvNtCsjrHSEGnQ3l9_3std2rt19lang_start_internal0B5_
      at /rustc/59807616e1fa2540724bfbac14d7976d7e4a3860/library/std/src/rt.rs:175
    _RINvNvNtCsjrHSEGnQ3l9_3std9panicking12catch_unwind7do_callNCNvNtB6_2rt19lang_start_internal0iEB6_
      at /rustc/59807616e1fa2540724bfbac14d7976d7e4a3860/library/std/src/panicking.rs:581
    _RINvNtCsjrHSEGnQ3l9_3std9panicking12catch_unwindiNCNvNtB4_2rt19lang_start_internal0EB4_
      at /rustc/59807616e1fa2540724bfbac14d7976d7e4a3860/library/std/src/panicking.rs:544
    _RINvNtCsjrHSEGnQ3l9_3std5panic12catch_unwindNCNvNtB4_2rt19lang_start_internal0iEB4_
      at /rustc/59807616e1fa2540724bfbac14d7976d7e4a3860/library/std/src/panic.rs:359
    _RNvNtCsjrHSEGnQ3l9_3std2rt19lang_start_internal
      at /rustc/59807616e1fa2540724bfbac14d7976d7e4a3860/library/std/src/rt.rs:171
    main
      in /home/zhuhe/code/litchi-target-0830/fp/release/xlsx-edit-profile-0830
20 calls with 0B peak consumption from:
    alloc::raw_vec::RawVecInner$LT$A$GT$::grow_amortized::h123d988e32697a23
      at /rustc/59807616e1fa2540724bfbac14d7976d7e4a3860/library/alloc/src/raw_vec/mod.rs:527
      in /home/zhuhe/code/litchi-target-0830/fp/release/xlsx-edit-profile-0830
    alloc::raw_vec::RawVecInner$LT$A$GT$::reserve::do_reserve_and_handle::h4e65c9b0372bb6c2
      at /rustc/59807616e1fa2540724bfbac14d7976d7e4a3860/library/alloc/src/raw_vec/mod.rs:666
    alloc::raw_vec::RawVecInner$LT$A$GT$::reserve::h90a404b7c6347ad9
      at /rustc/59807616e1fa2540724bfbac14d7976d7e4a3860/library/alloc/src/raw_vec/mod.rs:673
      in /home/zhuhe/code/litchi-target-0830/fp/release/xlsx-edit-profile-0830
    alloc::raw_vec::RawVec$LT$T$C$A$GT$::reserve::h74a751edb1e0525d
      at /rustc/59807616e1fa2540724bfbac14d7976d7e4a3860/library/alloc/src/raw_vec/mod.rs:340
    alloc::vec::Vec$LT$T$C$A$GT$::reserve::h29555f7d2baf5722
      at /rustc/59807616e1fa2540724bfbac14d7976d7e4a3860/library/alloc/src/vec/mod.rs:1446
    alloc::vec::Vec$LT$T$C$A$GT$::append_elements::h087e97b1f38d9dcd
      at /rustc/59807616e1fa2540724bfbac14d7976d7e4a3860/library/alloc/src/vec/mod.rs:2879
    _$LT$alloc..vec..Vec$LT$T$C$A$GT$$u20$as$u20$alloc..vec..spec_extend..SpecExtend$LT$$RF$T$C$core..slice..iter..Iter$LT$T$GT$$GT$$GT$::spec_extend::h49210e1bae66ac13
      at /rustc/59807616e1fa2540724bfbac14d7976d7e4a3860/library/alloc/src/vec/spec_extend.rs:56
    alloc::vec::Vec$LT$T$C$A$GT$::extend_from_slice::hcdc550bb00b61bb1
      at /rustc/59807616e1fa2540724bfbac14d7976d7e4a3860/library/alloc/src/vec/mod.rs:3500
    quick_xml::events::BytesStart::push_attr::heb2ca9438f75849a
      at /home/zhuhe/.cargo/registry/src/index.crates.io-1949cf8c6b5b557f/quick-xml-0.41.0/src/events/mod.rs:321
    quick_xml::events::BytesStart::push_attribute::h86157367e4b280c2
      at /home/zhuhe/.cargo/registry/src/index.crates.io-1949cf8c6b5b557f/quick-xml-0.41.0/src/events/mod.rs:277
      in /home/zhuhe/code/litchi-target-0830/fp/release/xlsx-edit-profile-0830
    litchi_xlsx::raw::compact::write_start::h3c8c54645eff045b
      at /home/zhuhe/code/litchi/crates/litchi-xlsx/src/raw/compact.rs:353
    litchi_xlsx::raw::compact::compact_events::h3c4c7f60717c61ad
      at src/raw/compact.rs:221
      in /home/zhuhe/code/litchi-target-0830/fp/release/xlsx-edit-profile-0830
    litchi_xlsx::raw::compact::changed_observed::h9a9ab9488f827123
      at src/raw/compact.rs:174
      in /home/zhuhe/code/litchi-target-0830/fp/release/xlsx-edit-profile-0830
    litchi_xlsx::raw::compact::changed_worksheet::h91e4e2ab65b00587
      at /home/zhuhe/code/litchi/crates/litchi-xlsx/src/raw/compact.rs:121
    litchi_xlsx::workbook::edit::semantic::transaction::Edit::commit::he7829c28ddb90d02
      at src/workbook/edit/semantic/transaction.rs:2273
      in /home/zhuhe/code/litchi-target-0830/fp/release/xlsx-edit-profile-0830
    xlsx_edit_profile_0830::edit_helper_0830::h60d088236ffa3bef
      at src/main.rs:300
      in /home/zhuhe/code/litchi-target-0830/fp/release/xlsx-edit-profile-0830
    xlsx_edit_profile_0830::edit_region_0830::hd9047958b6bb4145
      at /home/zhuhe/code/litchi/docs/performance/results/change-0830/probe-src/src/main.rs:313
    xlsx_edit_profile_0830::execute_one::hd13185211950c238
      at src/main.rs:331
      in /home/zhuhe/code/litchi-target-0830/fp/release/xlsx-edit-profile-0830
    xlsx_edit_profile_0830::run::h4a0a709ddf300f9f
      at src/main.rs:227
      in /home/zhuhe/code/litchi-target-0830/fp/release/xlsx-edit-profile-0830
    xlsx_edit_profile_0830::main::h87ef95137f6e4ff2
      at /home/zhuhe/code/litchi/docs/performance/results/change-0830/probe-src/src/main.rs:178
    core::ops::function::FnOnce::call_once::hb4e58432592306ca
      at /rustc/59807616e1fa2540724bfbac14d7976d7e4a3860/library/core/src/ops/function.rs:250
      in /home/zhuhe/code/litchi-target-0830/fp/release/xlsx-edit-profile-0830
    std::sys::backtrace::__rust_begin_short_backtrace::h12b7350305ee1e0e
      at /rustc/59807616e1fa2540724bfbac14d7976d7e4a3860/library/std/src/sys/backtrace.rs:166
    std::rt::lang_start::_$u7b$$u7b$closure$u7d$$u7d$::h8a940b522bba9542
      at /rustc/59807616e1fa2540724bfbac14d7976d7e4a3860/library/std/src/rt.rs:206
      in /home/zhuhe/code/litchi-target-0830/fp/release/xlsx-edit-profile-0830
    _RNvXs0_NtNtNtCsgEmfK2I1SDS_4core3ops8function5implsRDINtB7_2FnuEp6OutputlNtNtBb_6marker4SyncNtNtNtBb_5panic11unwind_safe13RefUnwindSafeEL_INtB7_6FnOnceuE9call_onceCsjrHSEGnQ3l9_3std
      at library/core/src/ops/function.rs:287
      in /home/zhuhe/code/litchi-target-0830/fp/release/xlsx-edit-profile-0830
    _RINvNvNtCsjrHSEGnQ3l9_3std9panicking12catch_unwind7do_callRDINtNtNtCsgEmfK2I1SDS_4core3ops8function2FnuEp6OutputlNtNtB13_6marker4SyncNtNtNtB13_5panic11unwind_safe13RefUnwindSafeEL_lEB6_
      at /rustc/59807616e1fa2540724bfbac14d7976d7e4a3860/library/std/src/panicking.rs:581
    _RINvNtCsjrHSEGnQ3l9_3std9panicking12catch_unwindlRDINtNtNtCsgEmfK2I1SDS_4core3ops8function2FnuEp6OutputlNtNtBU_6marker4SyncNtNtNtBU_5panic11unwind_safe13RefUnwindSafeEL_EB4_
      at /rustc/59807616e1fa2540724bfbac14d7976d7e4a3860/library/std/src/panicking.rs:544
    _RINvNtCsjrHSEGnQ3l9_3std5panic12catch_unwindRDINtNtNtCsgEmfK2I1SDS_4core3ops8function2FnuEp6OutputlNtNtBP_6marker4SyncNtNtNtBP_5panic11unwind_safe13RefUnwindSafeEL_lEB4_
      at /rustc/59807616e1fa2540724bfbac14d7976d7e4a3860/library/std/src/panic.rs:359
    _RNCNvNtCsjrHSEGnQ3l9_3std2rt19lang_start_internal0B5_
      at /rustc/59807616e1fa2540724bfbac14d7976d7e4a3860/library/std/src/rt.rs:175
    _RINvNvNtCsjrHSEGnQ3l9_3std9panicking12catch_unwind7do_callNCNvNtB6_2rt19lang_start_internal0iEB6_
      at /rustc/59807616e1fa2540724bfbac14d7976d7e4a3860/library/std/src/panicking.rs:581
    _RINvNtCsjrHSEGnQ3l9_3std9panicking12catch_unwindiNCNvNtB4_2rt19lang_start_internal0EB4_
      at /rustc/59807616e1fa2540724bfbac14d7976d7e4a3860/library/std/src/panicking.rs:544
    _RINvNtCsjrHSEGnQ3l9_3std5panic12catch_unwindNCNvNtB4_2rt19lang_start_internal0iEB4_
      at /rustc/59807616e1fa2540724bfbac14d7976d7e4a3860/library/std/src/panic.rs:359
    _RNvNtCsjrHSEGnQ3l9_3std2rt19lang_start_internal
      at /rustc/59807616e1fa2540724bfbac14d7976d7e4a3860/library/std/src/rt.rs:171
    main
      in /home/zhuhe/code/litchi-target-0830/fp/release/xlsx-edit-profile-0830
  and 1235 from 186 other places

830 calls to allocation functions with 0B peak consumption from
quick_xml::events::Event::into_owned::hb3c82dc2799cd668
  at src/events/mod.rs:0
  in /home/zhuhe/code/litchi-target-0830/fp/release/xlsx-edit-profile-0830
85 calls with 0B peak consumption from:
    litchi_xlsx::raw::strings::Parser::parse::h49ce46abb4b188bd
      at src/raw/strings.rs:571
      in /home/zhuhe/code/litchi-target-0830/fp/release/xlsx-edit-profile-0830
    litchi_xlsx::raw::strings::parse::h94a25b8facc0e994
      at /home/zhuhe/code/litchi/crates/litchi-xlsx/src/raw/strings.rs:60
    litchi_xlsx::workbook::model::Inner::shared_strings::h88d92a880989b63b
      at /home/zhuhe/code/litchi/crates/litchi-xlsx/src/workbook/model.rs:1710
    litchi_xlsx::workbook::model::Worksheet::store::_$u7b$$u7b$closure$u7d$$u7d$::h2f132ecb440c8713
      at src/workbook/model.rs:1690
      in /home/zhuhe/code/litchi-target-0830/fp/release/xlsx-edit-profile-0830
    litchi_xlsx::raw::worksheet::codec::_$LT$impl$u20$litchi_xlsx..raw..worksheet..model..Parser$GT$::finish_parse::h511782c0ea7ff7e1
      at /home/zhuhe/code/litchi/crates/litchi-xlsx/src/raw/worksheet/codec.rs:612
    litchi_xlsx::raw::worksheet::codec::_$LT$impl$u20$litchi_xlsx..raw..worksheet..model..Parser$GT$::parse::h731d1c18e58e424b
      at /home/zhuhe/code/litchi/crates/litchi-xlsx/src/raw/worksheet/codec.rs:364
    litchi_xlsx::raw::worksheet::parse::_$u7b$$u7b$closure$u7d$$u7d$::hdee3a97428b2686f
      at /home/zhuhe/code/litchi/crates/litchi-xlsx/src/raw/worksheet/mod.rs:450
    litchi_xlsx::raw::worksheet::parse::hcbf0f8331010f29a
      at /home/zhuhe/code/litchi/crates/litchi-xlsx/src/raw/worksheet/mod.rs:446
    litchi_xlsx::workbook::model::Worksheet::store::hedf579646947337d
      at /home/zhuhe/code/litchi/crates/litchi-xlsx/src/workbook/model.rs:1690
    litchi_xlsx::workbook::edit::semantic::transaction::Edit::commit::he7829c28ddb90d02
      at src/workbook/edit/semantic/transaction.rs:1881
      in /home/zhuhe/code/litchi-target-0830/fp/release/xlsx-edit-profile-0830
    xlsx_edit_profile_0830::edit_helper_0830::h60d088236ffa3bef
      at src/main.rs:300
      in /home/zhuhe/code/litchi-target-0830/fp/release/xlsx-edit-profile-0830
    xlsx_edit_profile_0830::edit_region_0830::hd9047958b6bb4145
      at /home/zhuhe/code/litchi/docs/performance/results/change-0830/probe-src/src/main.rs:313
    xlsx_edit_profile_0830::execute_one::hd13185211950c238
      at src/main.rs:331
      in /home/zhuhe/code/litchi-target-0830/fp/release/xlsx-edit-profile-0830
    xlsx_edit_profile_0830::run::h4a0a709ddf300f9f
      at src/main.rs:227
      in /home/zhuhe/code/litchi-target-0830/fp/release/xlsx-edit-profile-0830
    xlsx_edit_profile_0830::main::h87ef95137f6e4ff2
      at /home/zhuhe/code/litchi/docs/performance/results/change-0830/probe-src/src/main.rs:178
    core::ops::function::FnOnce::call_once::hb4e58432592306ca
      at /rustc/59807616e1fa2540724bfbac14d7976d7e4a3860/library/core/src/ops/function.rs:250
      in /home/zhuhe/code/litchi-target-0830/fp/release/xlsx-edit-profile-0830
    std::sys::backtrace::__rust_begin_short_backtrace::h12b7350305ee1e0e
      at /rustc/59807616e1fa2540724bfbac14d7976d7e4a3860/library/std/src/sys/backtrace.rs:166
    std::rt::lang_start::_$u7b$$u7b$closure$u7d$$u7d$::h8a940b522bba9542
      at /rustc/59807616e1fa2540724bfbac14d7976d7e4a3860/library/std/src/rt.rs:206
      in /home/zhuhe/code/litchi-target-0830/fp/release/xlsx-edit-profile-0830
    _RNvXs0_NtNtNtCsgEmfK2I1SDS_4core3ops8function5implsRDINtB7_2FnuEp6OutputlNtNtBb_6marker4SyncNtNtNtBb_5panic11unwind_safe13RefUnwindSafeEL_INtB7_6FnOnceuE9call_onceCsjrHSEGnQ3l9_3std
      at library/core/src/ops/function.rs:287
      in /home/zhuhe/code/litchi-target-0830/fp/release/xlsx-edit-profile-0830
    _RINvNvNtCsjrHSEGnQ3l9_3std9panicking12catch_unwind7do_callRDINtNtNtCsgEmfK2I1SDS_4core3ops8function2FnuEp6OutputlNtNtB13_6marker4SyncNtNtNtB13_5panic11unwind_safe13RefUnwindSafeEL_lEB6_
      at /rustc/59807616e1fa2540724bfbac14d7976d7e4a3860/library/std/src/panicking.rs:581
    _RINvNtCsjrHSEGnQ3l9_3std9panicking12catch_unwindlRDINtNtNtCsgEmfK2I1SDS_4core3ops8function2FnuEp6OutputlNtNtBU_6marker4SyncNtNtNtBU_5panic11unwind_safe13RefUnwindSafeEL_EB4_
      at /rustc/59807616e1fa2540724bfbac14d7976d7e4a3860/library/std/src/panicking.rs:544
    _RINvNtCsjrHSEGnQ3l9_3std5panic12catch_unwindRDINtNtNtCsgEmfK2I1SDS_4core3ops8function2FnuEp6OutputlNtNtBP_6marker4SyncNtNtNtBP_5panic11unwind_safe13RefUnwindSafeEL_lEB4_
      at /rustc/59807616e1fa2540724bfbac14d7976d7e4a3860/library/std/src/panic.rs:359
    _RNCNvNtCsjrHSEGnQ3l9_3std2rt19lang_start_internal0B5_
      at /rustc/59807616e1fa2540724bfbac14d7976d7e4a3860/library/std/src/rt.rs:175
    _RINvNvNtCsjrHSEGnQ3l9_3std9panicking12catch_unwind7do_callNCNvNtB6_2rt19lang_start_internal0iEB6_
      at /rustc/59807616e1fa2540724bfbac14d7976d7e4a3860/library/std/src/panicking.rs:581
    _RINvNtCsjrHSEGnQ3l9_3std9panicking12catch_unwindiNCNvNtB4_2rt19lang_start_internal0EB4_
      at /rustc/59807616e1fa2540724bfbac14d7976d7e4a3860/library/std/src/panicking.rs:544
    _RINvNtCsjrHSEGnQ3l9_3std5panic12catch_unwindNCNvNtB4_2rt19lang_start_internal0iEB4_
      at /rustc/59807616e1fa2540724bfbac14d7976d7e4a3860/library/std/src/panic.rs:359
    _RNvNtCsjrHSEGnQ3l9_3std2rt19lang_start_internal
      at /rustc/59807616e1fa2540724bfbac14d7976d7e4a3860/library/std/src/rt.rs:171
    main
      in /home/zhuhe/code/litchi-target-0830/fp/release/xlsx-edit-profile-0830
85 calls with 0B peak consumption from:
    litchi_xlsx::calculation_properties::rewriter::inspect_layout::h366a6e63434afc1a
      at src/calculation_properties/rewriter.rs:116
      in /home/zhuhe/code/litchi-target-0830/fp/release/xlsx-edit-profile-0830
    litchi_xlsx::calculation_properties::codec::inspect_with_policy::h51fef39000135969
      at /home/zhuhe/code/litchi/crates/litchi-xlsx/src/calculation_properties/codec.rs:81
    litchi_xlsx::calculation_properties::codec::inspect::ha05565c41b042676
      at src/calculation_properties/codec.rs:68
      in /home/zhuhe/code/litchi-target-0830/fp/release/xlsx-edit-profile-0830
    litchi_xlsx::raw::recalc::invalidate::h523d0c9379036d06
      at /home/zhuhe/code/litchi/crates/litchi-xlsx/src/raw/recalc.rs:10
    litchi_xlsx::workbook::edit::semantic::transaction::Edit::commit::he7829c28ddb90d02
      at src/workbook/edit/semantic/transaction.rs:2980
      in /home/zhuhe/code/litchi-target-0830/fp/release/xlsx-edit-profile-0830
    xlsx_edit_profile_0830::edit_helper_0830::h60d088236ffa3bef
      at src/main.rs:300
      in /home/zhuhe/code/litchi-target-0830/fp/release/xlsx-edit-profile-0830
    xlsx_edit_profile_0830::edit_region_0830::hd9047958b6bb4145
      at /home/zhuhe/code/litchi/docs/performance/results/change-0830/probe-src/src/main.rs:313
    xlsx_edit_profile_0830::execute_one::hd13185211950c238
      at src/main.rs:331
      in /home/zhuhe/code/litchi-target-0830/fp/release/xlsx-edit-profile-0830
    xlsx_edit_profile_0830::run::h4a0a709ddf300f9f
      at src/main.rs:227
      in /home/zhuhe/code/litchi-target-0830/fp/release/xlsx-edit-profile-0830
    xlsx_edit_profile_0830::main::h87ef95137f6e4ff2
      at /home/zhuhe/code/litchi/docs/performance/results/change-0830/probe-src/src/main.rs:178
    core::ops::function::FnOnce::call_once::hb4e58432592306ca
      at /rustc/59807616e1fa2540724bfbac14d7976d7e4a3860/library/core/src/ops/function.rs:250
      in /home/zhuhe/code/litchi-target-0830/fp/release/xlsx-edit-profile-0830
    std::sys::backtrace::__rust_begin_short_backtrace::h12b7350305ee1e0e
      at /rustc/59807616e1fa2540724bfbac14d7976d7e4a3860/library/std/src/sys/backtrace.rs:166
    std::rt::lang_start::_$u7b$$u7b$closure$u7d$$u7d$::h8a940b522bba9542
      at /rustc/59807616e1fa2540724bfbac14d7976d7e4a3860/library/std/src/rt.rs:206
      in /home/zhuhe/code/litchi-target-0830/fp/release/xlsx-edit-profile-0830
    _RNvXs0_NtNtNtCsgEmfK2I1SDS_4core3ops8function5implsRDINtB7_2FnuEp6OutputlNtNtBb_6marker4SyncNtNtNtBb_5panic11unwind_safe13RefUnwindSafeEL_INtB7_6FnOnceuE9call_onceCsjrHSEGnQ3l9_3std
      at library/core/src/ops/function.rs:287
      in /home/zhuhe/code/litchi-target-0830/fp/release/xlsx-edit-profile-0830
    _RINvNvNtCsjrHSEGnQ3l9_3std9panicking12catch_unwind7do_callRDINtNtNtCsgEmfK2I1SDS_4core3ops8function2FnuEp6OutputlNtNtB13_6marker4SyncNtNtNtB13_5panic11unwind_safe13RefUnwindSafeEL_lEB6_
      at /rustc/59807616e1fa2540724bfbac14d7976d7e4a3860/library/std/src/panicking.rs:581
    _RINvNtCsjrHSEGnQ3l9_3std9panicking12catch_unwindlRDINtNtNtCsgEmfK2I1SDS_4core3ops8function2FnuEp6OutputlNtNtBU_6marker4SyncNtNtNtBU_5panic11unwind_safe13RefUnwindSafeEL_EB4_
      at /rustc/59807616e1fa2540724bfbac14d7976d7e4a3860/library/std/src/panicking.rs:544
    _RINvNtCsjrHSEGnQ3l9_3std5panic12catch_unwindRDINtNtNtCsgEmfK2I1SDS_4core3ops8function2FnuEp6OutputlNtNtBP_6marker4SyncNtNtNtBP_5panic11unwind_safe13RefUnwindSafeEL_lEB4_
      at /rustc/59807616e1fa2540724bfbac14d7976d7e4a3860/library/std/src/panic.rs:359
    _RNCNvNtCsjrHSEGnQ3l9_3std2rt19lang_start_internal0B5_
      at /rustc/59807616e1fa2540724bfbac14d7976d7e4a3860/library/std/src/rt.rs:175
    _RINvNvNtCsjrHSEGnQ3l9_3std9panicking12catch_unwind7do_callNCNvNtB6_2rt19lang_start_internal0iEB6_
      at /rustc/59807616e1fa2540724bfbac14d7976d7e4a3860/library/std/src/panicking.rs:581
    _RINvNtCsjrHSEGnQ3l9_3std9panicking12catch_unwindiNCNvNtB4_2rt19lang_start_internal0EB4_
      at /rustc/59807616e1fa2540724bfbac14d7976d7e4a3860/library/std/src/panicking.rs:544
    _RINvNtCsjrHSEGnQ3l9_3std5panic12catch_unwindNCNvNtB4_2rt19lang_start_internal0iEB4_
      at /rustc/59807616e1fa2540724bfbac14d7976d7e4a3860/library/std/src/panic.rs:359
    _RNvNtCsjrHSEGnQ3l9_3std2rt19lang_start_internal
      at /rustc/59807616e1fa2540724bfbac14d7976d7e4a3860/library/std/src/rt.rs:171
    main
      in /home/zhuhe/code/litchi-target-0830/fp/release/xlsx-edit-profile-0830
85 calls with 0B peak consumption from:
    litchi_xlsx::calculation_properties::rewriter::inspect_layout::h366a6e63434afc1a
      at src/calculation_properties/rewriter.rs:116
      in /home/zhuhe/code/litchi-target-0830/fp/release/xlsx-edit-profile-0830
    litchi_xlsx::calculation_properties::codec::inspect_with_policy::h51fef39000135969
      at /home/zhuhe/code/litchi/crates/litchi-xlsx/src/calculation_properties/codec.rs:81
    litchi_xlsx::calculation_properties::codec::inspect::ha05565c41b042676
      at src/calculation_properties/codec.rs:68
      in /home/zhuhe/code/litchi-target-0830/fp/release/xlsx-edit-profile-0830
    litchi_xlsx::calculation_properties::snapshot::Snapshot::load_with_limits::h7d9abfdeb246eb38
      at /home/zhuhe/code/litchi/crates/litchi-xlsx/src/calculation_properties/snapshot.rs:42
    litchi_xlsx::calculation_properties::snapshot::Snapshot::load::h51d1c752a1f0f4f9
      at src/calculation_properties/snapshot.rs:27
      in /home/zhuhe/code/litchi-target-0830/fp/release/xlsx-edit-profile-0830
    litchi_xlsx::workbook::model::Workbook::calculation_metadata::hb098624dc1272608
      at /home/zhuhe/code/litchi/crates/litchi-xlsx/src/workbook/model.rs:1023
    litchi_xlsx::workbook::edit::semantic::transaction::Edit::commit::he7829c28ddb90d02
      at src/workbook/edit/semantic/transaction.rs:3273
      in /home/zhuhe/code/litchi-target-0830/fp/release/xlsx-edit-profile-0830
    xlsx_edit_profile_0830::edit_helper_0830::h60d088236ffa3bef
      at src/main.rs:300
      in /home/zhuhe/code/litchi-target-0830/fp/release/xlsx-edit-profile-0830
    xlsx_edit_profile_0830::edit_region_0830::hd9047958b6bb4145
      at /home/zhuhe/code/litchi/docs/performance/results/change-0830/probe-src/src/main.rs:313
    xlsx_edit_profile_0830::execute_one::hd13185211950c238
      at src/main.rs:331
      in /home/zhuhe/code/litchi-target-0830/fp/release/xlsx-edit-profile-0830
    xlsx_edit_profile_0830::run::h4a0a709ddf300f9f
      at src/main.rs:227
      in /home/zhuhe/code/litchi-target-0830/fp/release/xlsx-edit-profile-0830
    xlsx_edit_profile_0830::main::h87ef95137f6e4ff2
      at /home/zhuhe/code/litchi/docs/performance/results/change-0830/probe-src/src/main.rs:178
    core::ops::function::FnOnce::call_once::hb4e58432592306ca
      at /rustc/59807616e1fa2540724bfbac14d7976d7e4a3860/library/core/src/ops/function.rs:250
      in /home/zhuhe/code/litchi-target-0830/fp/release/xlsx-edit-profile-0830
    std::sys::backtrace::__rust_begin_short_backtrace::h12b7350305ee1e0e
      at /rustc/59807616e1fa2540724bfbac14d7976d7e4a3860/library/std/src/sys/backtrace.rs:166
    std::rt::lang_start::_$u7b$$u7b$closure$u7d$$u7d$::h8a940b522bba9542
      at /rustc/59807616e1fa2540724bfbac14d7976d7e4a3860/library/std/src/rt.rs:206
      in /home/zhuhe/code/litchi-target-0830/fp/release/xlsx-edit-profile-0830
    _RNvXs0_NtNtNtCsgEmfK2I1SDS_4core3ops8function5implsRDINtB7_2FnuEp6OutputlNtNtBb_6marker4SyncNtNtNtBb_5panic11unwind_safe13RefUnwindSafeEL_INtB7_6FnOnceuE9call_onceCsjrHSEGnQ3l9_3std
      at library/core/src/ops/function.rs:287
      in /home/zhuhe/code/litchi-target-0830/fp/release/xlsx-edit-profile-0830
    _RINvNvNtCsjrHSEGnQ3l9_3std9panicking12catch_unwind7do_callRDINtNtNtCsgEmfK2I1SDS_4core3ops8function2FnuEp6OutputlNtNtB13_6marker4SyncNtNtNtB13_5panic11unwind_safe13RefUnwindSafeEL_lEB6_
      at /rustc/59807616e1fa2540724bfbac14d7976d7e4a3860/library/std/src/panicking.rs:581
    _RINvNtCsjrHSEGnQ3l9_3std9panicking12catch_unwindlRDINtNtNtCsgEmfK2I1SDS_4core3ops8function2FnuEp6OutputlNtNtBU_6marker4SyncNtNtNtBU_5panic11unwind_safe13RefUnwindSafeEL_EB4_
      at /rustc/59807616e1fa2540724bfbac14d7976d7e4a3860/library/std/src/panicking.rs:544
    _RINvNtCsjrHSEGnQ3l9_3std5panic12catch_unwindRDINtNtNtCsgEmfK2I1SDS_4core3ops8function2FnuEp6OutputlNtNtBP_6marker4SyncNtNtNtBP_5panic11unwind_safe13RefUnwindSafeEL_lEB4_
      at /rustc/59807616e1fa2540724bfbac14d7976d7e4a3860/library/std/src/panic.rs:359
    _RNCNvNtCsjrHSEGnQ3l9_3std2rt19lang_start_internal0B5_
      at /rustc/59807616e1fa2540724bfbac14d7976d7e4a3860/library/std/src/rt.rs:175
    _RINvNvNtCsjrHSEGnQ3l9_3std9panicking12catch_unwind7do_callNCNvNtB6_2rt19lang_start_internal0iEB6_
      at /rustc/59807616e1fa2540724bfbac14d7976d7e4a3860/library/std/src/panicking.rs:581
    _RINvNtCsjrHSEGnQ3l9_3std9panicking12catch_unwindiNCNvNtB4_2rt19lang_start_internal0EB4_
      at /rustc/59807616e1fa2540724bfbac14d7976d7e4a3860/library/std/src/panicking.rs:544
    _RINvNtCsjrHSEGnQ3l9_3std5panic12catch_unwindNCNvNtB4_2rt19lang_start_internal0iEB4_
      at /rustc/59807616e1fa2540724bfbac14d7976d7e4a3860/library/std/src/panic.rs:359
    _RNvNtCsjrHSEGnQ3l9_3std2rt19lang_start_internal
      at /rustc/59807616e1fa2540724bfbac14d7976d7e4a3860/library/std/src/rt.rs:171
    main
      in /home/zhuhe/code/litchi-target-0830/fp/release/xlsx-edit-profile-0830
70 calls with 0B peak consumption from:
    litchi_xlsx::calculation_properties::codec::parse_semantic::h253cb8f12c884686
      at src/calculation_properties/codec.rs:140
      in /home/zhuhe/code/litchi-target-0830/fp/release/xlsx-edit-profile-0830
    litchi_xlsx::calculation_properties::codec::inspect_with_policy::h51fef39000135969
      at /home/zhuhe/code/litchi/crates/litchi-xlsx/src/calculation_properties/codec.rs:105
    litchi_xlsx::calculation_properties::codec::inspect::ha05565c41b042676
      at src/calculation_properties/codec.rs:68
      in /home/zhuhe/code/litchi-target-0830/fp/release/xlsx-edit-profile-0830
    litchi_xlsx::raw::recalc::invalidate::h523d0c9379036d06
      at /home/zhuhe/code/litchi/crates/litchi-xlsx/src/raw/recalc.rs:10
    litchi_xlsx::workbook::edit::semantic::transaction::Edit::commit::he7829c28ddb90d02
      at src/workbook/edit/semantic/transaction.rs:2980
      in /home/zhuhe/code/litchi-target-0830/fp/release/xlsx-edit-profile-0830
    xlsx_edit_profile_0830::edit_helper_0830::h60d088236ffa3bef
      at src/main.rs:300
      in /home/zhuhe/code/litchi-target-0830/fp/release/xlsx-edit-profile-0830
    xlsx_edit_profile_0830::edit_region_0830::hd9047958b6bb4145
      at /home/zhuhe/code/litchi/docs/performance/results/change-0830/probe-src/src/main.rs:313
    xlsx_edit_profile_0830::execute_one::hd13185211950c238
      at src/main.rs:331
      in /home/zhuhe/code/litchi-target-0830/fp/release/xlsx-edit-profile-0830
    xlsx_edit_profile_0830::run::h4a0a709ddf300f9f
      at src/main.rs:227
      in /home/zhuhe/code/litchi-target-0830/fp/release/xlsx-edit-profile-0830
    xlsx_edit_profile_0830::main::h87ef95137f6e4ff2
      at /home/zhuhe/code/litchi/docs/performance/results/change-0830/probe-src/src/main.rs:178
    core::ops::function::FnOnce::call_once::hb4e58432592306ca
      at /rustc/59807616e1fa2540724bfbac14d7976d7e4a3860/library/core/src/ops/function.rs:250
      in /home/zhuhe/code/litchi-target-0830/fp/release/xlsx-edit-profile-0830
    std::sys::backtrace::__rust_begin_short_backtrace::h12b7350305ee1e0e
      at /rustc/59807616e1fa2540724bfbac14d7976d7e4a3860/library/std/src/sys/backtrace.rs:166
    std::rt::lang_start::_$u7b$$u7b$closure$u7d$$u7d$::h8a940b522bba9542
      at /rustc/59807616e1fa2540724bfbac14d7976d7e4a3860/library/std/src/rt.rs:206
      in /home/zhuhe/code/litchi-target-0830/fp/release/xlsx-edit-profile-0830
    _RNvXs0_NtNtNtCsgEmfK2I1SDS_4core3ops8function5implsRDINtB7_2FnuEp6OutputlNtNtBb_6marker4SyncNtNtNtBb_5panic11unwind_safe13RefUnwindSafeEL_INtB7_6FnOnceuE9call_onceCsjrHSEGnQ3l9_3std
      at library/core/src/ops/function.rs:287
      in /home/zhuhe/code/litchi-target-0830/fp/release/xlsx-edit-profile-0830
    _RINvNvNtCsjrHSEGnQ3l9_3std9panicking12catch_unwind7do_callRDINtNtNtCsgEmfK2I1SDS_4core3ops8function2FnuEp6OutputlNtNtB13_6marker4SyncNtNtNtB13_5panic11unwind_safe13RefUnwindSafeEL_lEB6_
      at /rustc/59807616e1fa2540724bfbac14d7976d7e4a3860/library/std/src/panicking.rs:581
    _RINvNtCsjrHSEGnQ3l9_3std9panicking12catch_unwindlRDINtNtNtCsgEmfK2I1SDS_4core3ops8function2FnuEp6OutputlNtNtBU_6marker4SyncNtNtNtBU_5panic11unwind_safe13RefUnwindSafeEL_EB4_
      at /rustc/59807616e1fa2540724bfbac14d7976d7e4a3860/library/std/src/panicking.rs:544
    _RINvNtCsjrHSEGnQ3l9_3std5panic12catch_unwindRDINtNtNtCsgEmfK2I1SDS_4core3ops8function2FnuEp6OutputlNtNtBP_6marker4SyncNtNtNtBP_5panic11unwind_safe13RefUnwindSafeEL_lEB4_
      at /rustc/59807616e1fa2540724bfbac14d7976d7e4a3860/library/std/src/panic.rs:359
    _RNCNvNtCsjrHSEGnQ3l9_3std2rt19lang_start_internal0B5_
      at /rustc/59807616e1fa2540724bfbac14d7976d7e4a3860/library/std/src/rt.rs:175
    _RINvNvNtCsjrHSEGnQ3l9_3std9panicking12catch_unwind7do_callNCNvNtB6_2rt19lang_start_internal0iEB6_
      at /rustc/59807616e1fa2540724bfbac14d7976d7e4a3860/library/std/src/panicking.rs:581
    _RINvNtCsjrHSEGnQ3l9_3std9panicking12catch_unwindiNCNvNtB4_2rt19lang_start_internal0EB4_
      at /rustc/59807616e1fa2540724bfbac14d7976d7e4a3860/library/std/src/panicking.rs:544
    _RINvNtCsjrHSEGnQ3l9_3std5panic12catch_unwindNCNvNtB4_2rt19lang_start_internal0iEB4_
      at /rustc/59807616e1fa2540724bfbac14d7976d7e4a3860/library/std/src/panic.rs:359
    _RNvNtCsjrHSEGnQ3l9_3std2rt19lang_start_internal
      at /rustc/59807616e1fa2540724bfbac14d7976d7e4a3860/library/std/src/rt.rs:171
    main
      in /home/zhuhe/code/litchi-target-0830/fp/release/xlsx-edit-profile-0830
70 calls with 0B peak consumption from:
    litchi_xlsx::calculation_properties::codec::parse_semantic::h253cb8f12c884686
      at src/calculation_properties/codec.rs:140
      in /home/zhuhe/code/litchi-target-0830/fp/release/xlsx-edit-profile-0830
    litchi_xlsx::calculation_properties::codec::inspect_with_policy::h51fef39000135969
      at /home/zhuhe/code/litchi/crates/litchi-xlsx/src/calculation_properties/codec.rs:105
    litchi_xlsx::calculation_properties::codec::inspect::ha05565c41b042676
      at src/calculation_properties/codec.rs:68
      in /home/zhuhe/code/litchi-target-0830/fp/release/xlsx-edit-profile-0830
    litchi_xlsx::raw::recalc::invalidate::h523d0c9379036d06
      at /home/zhuhe/code/litchi/crates/litchi-xlsx/src/raw/recalc.rs:10
    litchi_xlsx::workbook::edit::semantic::transaction::Edit::commit::he7829c28ddb90d02
      at src/workbook/edit/semantic/transaction.rs:2980
      in /home/zhuhe/code/litchi-target-0830/fp/release/xlsx-edit-profile-0830
    xlsx_edit_profile_0830::edit_helper_0830::h60d088236ffa3bef
      at src/main.rs:300
      in /home/zhuhe/code/litchi-target-0830/fp/release/xlsx-edit-profile-0830
    xlsx_edit_profile_0830::edit_region_0830::hd9047958b6bb4145
      at /home/zhuhe/code/litchi/docs/performance/results/change-0830/probe-src/src/main.rs:313
    xlsx_edit_profile_0830::execute_one::hd13185211950c238
      at src/main.rs:331
      in /home/zhuhe/code/litchi-target-0830/fp/release/xlsx-edit-profile-0830
    xlsx_edit_profile_0830::run::h4a0a709ddf300f9f
      at src/main.rs:227
      in /home/zhuhe/code/litchi-target-0830/fp/release/xlsx-edit-profile-0830
    xlsx_edit_profile_0830::main::h87ef95137f6e4ff2
      at /home/zhuhe/code/litchi/docs/performance/results/change-0830/probe-src/src/main.rs:178
    core::ops::function::FnOnce::call_once::hb4e58432592306ca
      at /rustc/59807616e1fa2540724bfbac14d7976d7e4a3860/library/core/src/ops/function.rs:250
      in /home/zhuhe/code/litchi-target-0830/fp/release/xlsx-edit-profile-0830
    std::sys::backtrace::__rust_begin_short_backtrace::h12b7350305ee1e0e
      at /rustc/59807616e1fa2540724bfbac14d7976d7e4a3860/library/std/src/sys/backtrace.rs:166
    std::rt::lang_start::_$u7b$$u7b$closure$u7d$$u7d$::h8a940b522bba9542
      at /rustc/59807616e1fa2540724bfbac14d7976d7e4a3860/library/std/src/rt.rs:206
      in /home/zhuhe/code/litchi-target-0830/fp/release/xlsx-edit-profile-0830
    _RNvXs0_NtNtNtCsgEmfK2I1SDS_4core3ops8function5implsRDINtB7_2FnuEp6OutputlNtNtBb_6marker4SyncNtNtNtBb_5panic11unwind_safe13RefUnwindSafeEL_INtB7_6FnOnceuE9call_onceCsjrHSEGnQ3l9_3std
      at library/core/src/ops/function.rs:287
      in /home/zhuhe/code/litchi-target-0830/fp/release/xlsx-edit-profile-0830
    _RINvNvNtCsjrHSEGnQ3l9_3std9panicking12catch_unwind7do_callRDINtNtNtCsgEmfK2I1SDS_4core3ops8function2FnuEp6OutputlNtNtB13_6marker4SyncNtNtNtB13_5panic11unwind_safe13RefUnwindSafeEL_lEB6_
      at /rustc/59807616e1fa2540724bfbac14d7976d7e4a3860/library/std/src/panicking.rs:581
    _RINvNtCsjrHSEGnQ3l9_3std9panicking12catch_unwindlRDINtNtNtCsgEmfK2I1SDS_4core3ops8function2FnuEp6OutputlNtNtBU_6marker4SyncNtNtNtBU_5panic11unwind_safe13RefUnwindSafeEL_EB4_
      at /rustc/59807616e1fa2540724bfbac14d7976d7e4a3860/library/std/src/panicking.rs:544
    _RINvNtCsjrHSEGnQ3l9_3std5panic12catch_unwindRDINtNtNtCsgEmfK2I1SDS_4core3ops8function2FnuEp6OutputlNtNtBP_6marker4SyncNtNtNtBP_5panic11unwind_safe13RefUnwindSafeEL_lEB4_
      at /rustc/59807616e1fa2540724bfbac14d7976d7e4a3860/library/std/src/panic.rs:359
    _RNCNvNtCsjrHSEGnQ3l9_3std2rt19lang_start_internal0B5_
      at /rustc/59807616e1fa2540724bfbac14d7976d7e4a3860/library/std/src/rt.rs:175
    _RINvNvNtCsjrHSEGnQ3l9_3std9panicking12catch_unwind7do_callNCNvNtB6_2rt19lang_start_internal0iEB6_
      at /rustc/59807616e1fa2540724bfbac14d7976d7e4a3860/library/std/src/panicking.rs:581
    _RINvNtCsjrHSEGnQ3l9_3std9panicking12catch_unwindiNCNvNtB4_2rt19lang_start_internal0EB4_
      at /rustc/59807616e1fa2540724bfbac14d7976d7e4a3860/library/std/src/panicking.rs:544
    _RINvNtCsjrHSEGnQ3l9_3std5panic12catch_unwindNCNvNtB4_2rt19lang_start_internal0iEB4_
      at /rustc/59807616e1fa2540724bfbac14d7976d7e4a3860/library/std/src/panic.rs:359
    _RNvNtCsjrHSEGnQ3l9_3std2rt19lang_start_internal
      at /rustc/59807616e1fa2540724bfbac14d7976d7e4a3860/library/std/src/rt.rs:171
    main
      in /home/zhuhe/code/litchi-target-0830/fp/release/xlsx-edit-profile-0830
  and 435 from 7 other places

560 calls to allocation functions with 0B peak consumption from
_RNvNtCslNYArtu3iFV_5alloc5alloc5alloc
  at /rustc/59807616e1fa2540724bfbac14d7976d7e4a3860/library/alloc/src/alloc.rs:95
  in /home/zhuhe/code/litchi-target-0830/fp/release/xlsx-edit-profile-0830
_RNvMNtCslNYArtu3iFV_5alloc5allocNtB2_6Global18alloc_impl_runtime
  at /rustc/59807616e1fa2540724bfbac14d7976d7e4a3860/library/alloc/src/alloc.rs:190
_RNvMNtCslNYArtu3iFV_5alloc5allocNtB2_6Global10alloc_impl
  at /rustc/59807616e1fa2540724bfbac14d7976d7e4a3860/library/alloc/src/alloc.rs:312
_RNvXs_NtCslNYArtu3iFV_5alloc5allocNtB4_6GlobalNtNtCsgEmfK2I1SDS_4core5alloc9Allocator8allocate
  at /rustc/59807616e1fa2540724bfbac14d7976d7e4a3860/library/alloc/src/alloc.rs:429
alloc::raw_vec::RawVecInner$LT$A$GT$::try_allocate_in::h649a3afa62e2236b
  at /rustc/59807616e1fa2540724bfbac14d7976d7e4a3860/library/alloc/src/raw_vec/mod.rs:464
alloc::raw_vec::RawVecInner$LT$A$GT$::with_capacity_in::h85f8ec0fb5ec8745
  at /rustc/59807616e1fa2540724bfbac14d7976d7e4a3860/library/alloc/src/raw_vec/mod.rs:433
alloc::raw_vec::RawVec$LT$T$C$A$GT$::with_capacity_in::h183591e6a6e76f4f
  at /rustc/59807616e1fa2540724bfbac14d7976d7e4a3860/library/alloc/src/raw_vec/mod.rs:177
alloc::vec::Vec$LT$T$C$A$GT$::with_capacity_in::hba4d0565ffd0fd68
  at /rustc/59807616e1fa2540724bfbac14d7976d7e4a3860/library/alloc/src/vec/mod.rs:965
_$LT$T$u20$as$u20$alloc..slice..$LT$impl$u20$$u5b$T$u5d$$GT$..to_vec_in..ConvertVec$GT$::to_vec::hd92b6bdc941823b0
  at /rustc/59807616e1fa2540724bfbac14d7976d7e4a3860/library/alloc/src/slice.rs:448
alloc::slice::_$LT$impl$u20$$u5b$T$u5d$$GT$::to_vec_in::ha04c33fcf14d617d
  at /rustc/59807616e1fa2540724bfbac14d7976d7e4a3860/library/alloc/src/slice.rs:400
alloc::slice::_$LT$impl$u20$$u5b$T$u5d$$GT$::to_vec::h68c616984a52c0f7
  at /rustc/59807616e1fa2540724bfbac14d7976d7e4a3860/library/alloc/src/slice.rs:376
alloc::slice::_$LT$impl$u20$alloc..borrow..ToOwned$u20$for$u20$$u5b$T$u5d$$GT$::to_owned::heed0246f77115273
  at /rustc/59807616e1fa2540724bfbac14d7976d7e4a3860/library/alloc/src/slice.rs:842
_RNvXs2_NtCslNYArtu3iFV_5alloc3streNtNtB7_6borrow7ToOwned8to_owned
  at /rustc/59807616e1fa2540724bfbac14d7976d7e4a3860/library/alloc/src/str.rs:211
litchi_ooxml_common::mce::codec::start::h296a97783e1862db
  at /home/zhuhe/code/litchi/crates/litchi-ooxml-common/src/mce/codec.rs:903
80 calls with 0B peak consumption from:
    litchi_xlsx::raw::worksheet::edit::codec::snapshot::scan::Scanner::lane_event::h0bbf50d678f4ec55
      at src/raw/worksheet/edit/codec/snapshot/scan.rs:557
      in /home/zhuhe/code/litchi-target-0830/fp/release/xlsx-edit-profile-0830
    litchi_xlsx::raw::worksheet::edit::codec::snapshot::scan::Scanner::lane_body::_$u7b$$u7b$closure$u7d$$u7d$::h4cd3bde87393c500
      at /home/zhuhe/code/litchi/crates/litchi-xlsx/src/raw/worksheet/edit/codec/snapshot/scan.rs:490
    litchi_xlsx::raw::worksheet::lane::row_body::h072ed52c978b3a9f
      at src/raw/worksheet/lane.rs:368
      in /home/zhuhe/code/litchi-target-0830/fp/release/xlsx-edit-profile-0830
    litchi_xlsx::raw::worksheet::lane::walk::hc896ba587ce6518e
      at /home/zhuhe/code/litchi/crates/litchi-xlsx/src/raw/worksheet/lane.rs:336
    litchi_xlsx::raw::worksheet::edit::codec::snapshot::scan::Scanner::lane_body::h2545c1f30addfa7a
      at /home/zhuhe/code/litchi/crates/litchi-xlsx/src/raw/worksheet/edit/codec/snapshot/scan.rs:489
    litchi_xlsx::raw::worksheet::edit::codec::snapshot::scan::scan_with_limit::h91a93f61017eacd3
      at /home/zhuhe/code/litchi/crates/litchi-xlsx/src/raw/worksheet/edit/codec/snapshot/scan.rs:257
    litchi_xlsx::raw::worksheet::edit::codec::snapshot::scan::scan::h12f722ccf60472c2
      at src/raw/worksheet/edit/codec/snapshot/scan.rs:226
      in /home/zhuhe/code/litchi-target-0830/fp/release/xlsx-edit-profile-0830
    litchi_xlsx::raw::worksheet::edit::package::rewrite_value_only_with_provenance::h9e597584abba4872
      at /home/zhuhe/code/litchi/crates/litchi-xlsx/src/raw/worksheet/edit/package.rs:200
    litchi_xlsx::workbook::edit::semantic::transaction::Edit::commit::he7829c28ddb90d02
      at src/workbook/edit/semantic/transaction.rs:2180
      in /home/zhuhe/code/litchi-target-0830/fp/release/xlsx-edit-profile-0830
    xlsx_edit_profile_0830::edit_helper_0830::h60d088236ffa3bef
      at src/main.rs:300
      in /home/zhuhe/code/litchi-target-0830/fp/release/xlsx-edit-profile-0830
    xlsx_edit_profile_0830::edit_region_0830::hd9047958b6bb4145
      at /home/zhuhe/code/litchi/docs/performance/results/change-0830/probe-src/src/main.rs:313
    xlsx_edit_profile_0830::execute_one::hd13185211950c238
      at src/main.rs:331
      in /home/zhuhe/code/litchi-target-0830/fp/release/xlsx-edit-profile-0830
    xlsx_edit_profile_0830::run::h4a0a709ddf300f9f
      at src/main.rs:227
      in /home/zhuhe/code/litchi-target-0830/fp/release/xlsx-edit-profile-0830
    xlsx_edit_profile_0830::main::h87ef95137f6e4ff2
      at /home/zhuhe/code/litchi/docs/performance/results/change-0830/probe-src/src/main.rs:178
    core::ops::function::FnOnce::call_once::hb4e58432592306ca
      at /rustc/59807616e1fa2540724bfbac14d7976d7e4a3860/library/core/src/ops/function.rs:250
      in /home/zhuhe/code/litchi-target-0830/fp/release/xlsx-edit-profile-0830
    std::sys::backtrace::__rust_begin_short_backtrace::h12b7350305ee1e0e
      at /rustc/59807616e1fa2540724bfbac14d7976d7e4a3860/library/std/src/sys/backtrace.rs:166
    std::rt::lang_start::_$u7b$$u7b$closure$u7d$$u7d$::h8a940b522bba9542
      at /rustc/59807616e1fa2540724bfbac14d7976d7e4a3860/library/std/src/rt.rs:206
      in /home/zhuhe/code/litchi-target-0830/fp/release/xlsx-edit-profile-0830
    _RNvXs0_NtNtNtCsgEmfK2I1SDS_4core3ops8function5implsRDINtB7_2FnuEp6OutputlNtNtBb_6marker4SyncNtNtNtBb_5panic11unwind_safe13RefUnwindSafeEL_INtB7_6FnOnceuE9call_onceCsjrHSEGnQ3l9_3std
      at library/core/src/ops/function.rs:287
      in /home/zhuhe/code/litchi-target-0830/fp/release/xlsx-edit-profile-0830
    _RINvNvNtCsjrHSEGnQ3l9_3std9panicking12catch_unwind7do_callRDINtNtNtCsgEmfK2I1SDS_4core3ops8function2FnuEp6OutputlNtNtB13_6marker4SyncNtNtNtB13_5panic11unwind_safe13RefUnwindSafeEL_lEB6_
      at /rustc/59807616e1fa2540724bfbac14d7976d7e4a3860/library/std/src/panicking.rs:581
    _RINvNtCsjrHSEGnQ3l9_3std9panicking12catch_unwindlRDINtNtNtCsgEmfK2I1SDS_4core3ops8function2FnuEp6OutputlNtNtBU_6marker4SyncNtNtNtBU_5panic11unwind_safe13RefUnwindSafeEL_EB4_
      at /rustc/59807616e1fa2540724bfbac14d7976d7e4a3860/library/std/src/panicking.rs:544
    _RINvNtCsjrHSEGnQ3l9_3std5panic12catch_unwindRDINtNtNtCsgEmfK2I1SDS_4core3ops8function2FnuEp6OutputlNtNtBP_6marker4SyncNtNtNtBP_5panic11unwind_safe13RefUnwindSafeEL_lEB4_
      at /rustc/59807616e1fa2540724bfbac14d7976d7e4a3860/library/std/src/panic.rs:359
    _RNCNvNtCsjrHSEGnQ3l9_3std2rt19lang_start_internal0B5_
      at /rustc/59807616e1fa2540724bfbac14d7976d7e4a3860/library/std/src/rt.rs:175
    _RINvNvNtCsjrHSEGnQ3l9_3std9panicking12catch_unwind7do_callNCNvNtB6_2rt19lang_start_internal0iEB6_
      at /rustc/59807616e1fa2540724bfbac14d7976d7e4a3860/library/std/src/panicking.rs:581
    _RINvNtCsjrHSEGnQ3l9_3std9panicking12catch_unwindiNCNvNtB4_2rt19lang_start_internal0EB4_
      at /rustc/59807616e1fa2540724bfbac14d7976d7e4a3860/library/std/src/panicking.rs:544
    _RINvNtCsjrHSEGnQ3l9_3std5panic12catch_unwindNCNvNtB4_2rt19lang_start_internal0iEB4_
      at /rustc/59807616e1fa2540724bfbac14d7976d7e4a3860/library/std/src/panic.rs:359
    _RNvNtCsjrHSEGnQ3l9_3std2rt19lang_start_internal
      at /rustc/59807616e1fa2540724bfbac14d7976d7e4a3860/library/std/src/rt.rs:171
    main
      in /home/zhuhe/code/litchi-target-0830/fp/release/xlsx-edit-profile-0830
80 calls with 0B peak consumption from:
    litchi_xlsx::raw::worksheet::edit::codec::snapshot::scan::Scanner::lane_event::h0bbf50d678f4ec55
      at src/raw/worksheet/edit/codec/snapshot/scan.rs:557
      in /home/zhuhe/code/litchi-target-0830/fp/release/xlsx-edit-profile-0830
    litchi_xlsx::raw::worksheet::edit::codec::snapshot::scan::Scanner::lane_body::_$u7b$$u7b$closure$u7d$$u7d$::h4cd3bde87393c500
      at /home/zhuhe/code/litchi/crates/litchi-xlsx/src/raw/worksheet/edit/codec/snapshot/scan.rs:490
    litchi_xlsx::raw::worksheet::lane::row_body::h072ed52c978b3a9f
      at src/raw/worksheet/lane.rs:368
      in /home/zhuhe/code/litchi-target-0830/fp/release/xlsx-edit-profile-0830
    litchi_xlsx::raw::worksheet::lane::walk::hc896ba587ce6518e
      at /home/zhuhe/code/litchi/crates/litchi-xlsx/src/raw/worksheet/lane.rs:336
    litchi_xlsx::raw::worksheet::edit::codec::snapshot::scan::Scanner::lane_body::h2545c1f30addfa7a
      at /home/zhuhe/code/litchi/crates/litchi-xlsx/src/raw/worksheet/edit/codec/snapshot/scan.rs:489
    litchi_xlsx::raw::worksheet::edit::codec::snapshot::scan::scan_with_limit::h91a93f61017eacd3
      at /home/zhuhe/code/litchi/crates/litchi-xlsx/src/raw/worksheet/edit/codec/snapshot/scan.rs:257
    litchi_xlsx::raw::worksheet::edit::codec::snapshot::scan::scan::h12f722ccf60472c2
      at src/raw/worksheet/edit/codec/snapshot/scan.rs:226
      in /home/zhuhe/code/litchi-target-0830/fp/release/xlsx-edit-profile-0830
    litchi_xlsx::raw::worksheet::edit::package::rewrite_value_only_with_provenance::h9e597584abba4872
      at /home/zhuhe/code/litchi/crates/litchi-xlsx/src/raw/worksheet/edit/package.rs:200
    litchi_xlsx::workbook::edit::semantic::transaction::Edit::commit::he7829c28ddb90d02
      at src/workbook/edit/semantic/transaction.rs:2180
      in /home/zhuhe/code/litchi-target-0830/fp/release/xlsx-edit-profile-0830
    xlsx_edit_profile_0830::edit_helper_0830::h60d088236ffa3bef
      at src/main.rs:300
      in /home/zhuhe/code/litchi-target-0830/fp/release/xlsx-edit-profile-0830
    xlsx_edit_profile_0830::edit_region_0830::hd9047958b6bb4145
      at /home/zhuhe/code/litchi/docs/performance/results/change-0830/probe-src/src/main.rs:313
    xlsx_edit_profile_0830::execute_one::hd13185211950c238
      at src/main.rs:331
      in /home/zhuhe/code/litchi-target-0830/fp/release/xlsx-edit-profile-0830
    xlsx_edit_profile_0830::run::h4a0a709ddf300f9f
      at src/main.rs:227
      in /home/zhuhe/code/litchi-target-0830/fp/release/xlsx-edit-profile-0830
    xlsx_edit_profile_0830::main::h87ef95137f6e4ff2
      at /home/zhuhe/code/litchi/docs/performance/results/change-0830/probe-src/src/main.rs:178
    core::ops::function::FnOnce::call_once::hb4e58432592306ca
      at /rustc/59807616e1fa2540724bfbac14d7976d7e4a3860/library/core/src/ops/function.rs:250
      in /home/zhuhe/code/litchi-target-0830/fp/release/xlsx-edit-profile-0830
    std::sys::backtrace::__rust_begin_short_backtrace::h12b7350305ee1e0e
      at /rustc/59807616e1fa2540724bfbac14d7976d7e4a3860/library/std/src/sys/backtrace.rs:166
    std::rt::lang_start::_$u7b$$u7b$closure$u7d$$u7d$::h8a940b522bba9542
      at /rustc/59807616e1fa2540724bfbac14d7976d7e4a3860/library/std/src/rt.rs:206
      in /home/zhuhe/code/litchi-target-0830/fp/release/xlsx-edit-profile-0830
    _RNvXs0_NtNtNtCsgEmfK2I1SDS_4core3ops8function5implsRDINtB7_2FnuEp6OutputlNtNtBb_6marker4SyncNtNtNtBb_5panic11unwind_safe13RefUnwindSafeEL_INtB7_6FnOnceuE9call_onceCsjrHSEGnQ3l9_3std
      at library/core/src/ops/function.rs:287
      in /home/zhuhe/code/litchi-target-0830/fp/release/xlsx-edit-profile-0830
    _RINvNvNtCsjrHSEGnQ3l9_3std9panicking12catch_unwind7do_callRDINtNtNtCsgEmfK2I1SDS_4core3ops8function2FnuEp6OutputlNtNtB13_6marker4SyncNtNtNtB13_5panic11unwind_safe13RefUnwindSafeEL_lEB6_
      at /rustc/59807616e1fa2540724bfbac14d7976d7e4a3860/library/std/src/panicking.rs:581
    _RINvNtCsjrHSEGnQ3l9_3std9panicking12catch_unwindlRDINtNtNtCsgEmfK2I1SDS_4core3ops8function2FnuEp6OutputlNtNtBU_6marker4SyncNtNtNtBU_5panic11unwind_safe13RefUnwindSafeEL_EB4_
      at /rustc/59807616e1fa2540724bfbac14d7976d7e4a3860/library/std/src/panicking.rs:544
    _RINvNtCsjrHSEGnQ3l9_3std5panic12catch_unwindRDINtNtNtCsgEmfK2I1SDS_4core3ops8function2FnuEp6OutputlNtNtBP_6marker4SyncNtNtNtBP_5panic11unwind_safe13RefUnwindSafeEL_lEB4_
      at /rustc/59807616e1fa2540724bfbac14d7976d7e4a3860/library/std/src/panic.rs:359
    _RNCNvNtCsjrHSEGnQ3l9_3std2rt19lang_start_internal0B5_
      at /rustc/59807616e1fa2540724bfbac14d7976d7e4a3860/library/std/src/rt.rs:175
    _RINvNvNtCsjrHSEGnQ3l9_3std9panicking12catch_unwind7do_callNCNvNtB6_2rt19lang_start_internal0iEB6_
      at /rustc/59807616e1fa2540724bfbac14d7976d7e4a3860/library/std/src/panicking.rs:581
    _RINvNtCsjrHSEGnQ3l9_3std9panicking12catch_unwindiNCNvNtB4_2rt19lang_start_internal0EB4_
      at /rustc/59807616e1fa2540724bfbac14d7976d7e4a3860/library/std/src/panicking.rs:544
    _RINvNtCsjrHSEGnQ3l9_3std5panic12catch_unwindNCNvNtB4_2rt19lang_start_internal0iEB4_
      at /rustc/59807616e1fa2540724bfbac14d7976d7e4a3860/library/std/src/panic.rs:359
    _RNvNtCsjrHSEGnQ3l9_3std2rt19lang_start_internal
      at /rustc/59807616e1fa2540724bfbac14d7976d7e4a3860/library/std/src/rt.rs:171
    main
      in /home/zhuhe/code/litchi-target-0830/fp/release/xlsx-edit-profile-0830
25 calls with 0B peak consumption from:
    litchi_ooxml_common::mce::codec::process_markup_compatibility::hf56a000df331f5c6
      at src/mce/codec.rs:771
      in /home/zhuhe/code/litchi-target-0830/fp/release/xlsx-edit-profile-0830
    litchi_ooxml_common::mce::codec::process_ooxml::hc423459ed40db600
      at src/mce/codec.rs:1672
      in /home/zhuhe/code/litchi-target-0830/fp/release/xlsx-edit-profile-0830
    litchi_xlsx::raw::catalog::WorkbookInfo::parse::h2f74c3bc7fe32b90
      at src/raw/catalog.rs:93
      in /home/zhuhe/code/litchi-target-0830/fp/release/xlsx-edit-profile-0830
    litchi_xlsx::raw::catalog::parse_catalog::hd265bc73bbaab1fb
      at /home/zhuhe/code/litchi/crates/litchi-xlsx/src/raw/catalog.rs:534
    litchi_xlsx::workbook::model::Workbook::from_package_with_styles::hf76ea58f8b9ea688
      at src/workbook/model.rs:611
      in /home/zhuhe/code/litchi-target-0830/fp/release/xlsx-edit-profile-0830
    litchi_xlsx::workbook::edit::semantic::transaction::Edit::commit::he7829c28ddb90d02
      at src/workbook/edit/semantic/transaction.rs:3271
      in /home/zhuhe/code/litchi-target-0830/fp/release/xlsx-edit-profile-0830
    xlsx_edit_profile_0830::edit_helper_0830::h60d088236ffa3bef
      at src/main.rs:300
      in /home/zhuhe/code/litchi-target-0830/fp/release/xlsx-edit-profile-0830
    xlsx_edit_profile_0830::edit_region_0830::hd9047958b6bb4145
      at /home/zhuhe/code/litchi/docs/performance/results/change-0830/probe-src/src/main.rs:313
    xlsx_edit_profile_0830::execute_one::hd13185211950c238
      at src/main.rs:331
      in /home/zhuhe/code/litchi-target-0830/fp/release/xlsx-edit-profile-0830
    xlsx_edit_profile_0830::run::h4a0a709ddf300f9f
      at src/main.rs:227
      in /home/zhuhe/code/litchi-target-0830/fp/release/xlsx-edit-profile-0830
    xlsx_edit_profile_0830::main::h87ef95137f6e4ff2
      at /home/zhuhe/code/litchi/docs/performance/results/change-0830/probe-src/src/main.rs:178
    core::ops::function::FnOnce::call_once::hb4e58432592306ca
      at /rustc/59807616e1fa2540724bfbac14d7976d7e4a3860/library/core/src/ops/function.rs:250
      in /home/zhuhe/code/litchi-target-0830/fp/release/xlsx-edit-profile-0830
    std::sys::backtrace::__rust_begin_short_backtrace::h12b7350305ee1e0e
      at /rustc/59807616e1fa2540724bfbac14d7976d7e4a3860/library/std/src/sys/backtrace.rs:166
    std::rt::lang_start::_$u7b$$u7b$closure$u7d$$u7d$::h8a940b522bba9542
      at /rustc/59807616e1fa2540724bfbac14d7976d7e4a3860/library/std/src/rt.rs:206
      in /home/zhuhe/code/litchi-target-0830/fp/release/xlsx-edit-profile-0830
    _RNvXs0_NtNtNtCsgEmfK2I1SDS_4core3ops8function5implsRDINtB7_2FnuEp6OutputlNtNtBb_6marker4SyncNtNtNtBb_5panic11unwind_safe13RefUnwindSafeEL_INtB7_6FnOnceuE9call_onceCsjrHSEGnQ3l9_3std
      at library/core/src/ops/function.rs:287
      in /home/zhuhe/code/litchi-target-0830/fp/release/xlsx-edit-profile-0830
    _RINvNvNtCsjrHSEGnQ3l9_3std9panicking12catch_unwind7do_callRDINtNtNtCsgEmfK2I1SDS_4core3ops8function2FnuEp6OutputlNtNtB13_6marker4SyncNtNtNtB13_5panic11unwind_safe13RefUnwindSafeEL_lEB6_
      at /rustc/59807616e1fa2540724bfbac14d7976d7e4a3860/library/std/src/panicking.rs:581
    _RINvNtCsjrHSEGnQ3l9_3std9panicking12catch_unwindlRDINtNtNtCsgEmfK2I1SDS_4core3ops8function2FnuEp6OutputlNtNtBU_6marker4SyncNtNtNtBU_5panic11unwind_safe13RefUnwindSafeEL_EB4_
      at /rustc/59807616e1fa2540724bfbac14d7976d7e4a3860/library/std/src/panicking.rs:544
    _RINvNtCsjrHSEGnQ3l9_3std5panic12catch_unwindRDINtNtNtCsgEmfK2I1SDS_4core3ops8function2FnuEp6OutputlNtNtBP_6marker4SyncNtNtNtBP_5panic11unwind_safe13RefUnwindSafeEL_lEB4_
      at /rustc/59807616e1fa2540724bfbac14d7976d7e4a3860/library/std/src/panic.rs:359
    _RNCNvNtCsjrHSEGnQ3l9_3std2rt19lang_start_internal0B5_
      at /rustc/59807616e1fa2540724bfbac14d7976d7e4a3860/library/std/src/rt.rs:175
    _RINvNvNtCsjrHSEGnQ3l9_3std9panicking12catch_unwind7do_callNCNvNtB6_2rt19lang_start_internal0iEB6_
      at /rustc/59807616e1fa2540724bfbac14d7976d7e4a3860/library/std/src/panicking.rs:581
    _RINvNtCsjrHSEGnQ3l9_3std9panicking12catch_unwindiNCNvNtB4_2rt19lang_start_internal0EB4_
      at /rustc/59807616e1fa2540724bfbac14d7976d7e4a3860/library/std/src/panicking.rs:544
    _RINvNtCsjrHSEGnQ3l9_3std5panic12catch_unwindNCNvNtB4_2rt19lang_start_internal0iEB4_
      at /rustc/59807616e1fa2540724bfbac14d7976d7e4a3860/library/std/src/panic.rs:359
    _RNvNtCsjrHSEGnQ3l9_3std2rt19lang_start_internal
      at /rustc/59807616e1fa2540724bfbac14d7976d7e4a3860/library/std/src/rt.rs:171
    main
      in /home/zhuhe/code/litchi-target-0830/fp/release/xlsx-edit-profile-0830
25 calls with 0B peak consumption from:
    litchi_ooxml_common::mce::codec::process_markup_compatibility::hf56a000df331f5c6
      at src/mce/codec.rs:771
      in /home/zhuhe/code/litchi-target-0830/fp/release/xlsx-edit-profile-0830
    litchi_ooxml_common::mce::codec::process_ooxml::hc423459ed40db600
      at src/mce/codec.rs:1672
      in /home/zhuhe/code/litchi-target-0830/fp/release/xlsx-edit-profile-0830
    litchi_xlsx::raw::catalog::WorkbookInfo::parse::h2f74c3bc7fe32b90
      at src/raw/catalog.rs:93
      in /home/zhuhe/code/litchi-target-0830/fp/release/xlsx-edit-profile-0830
    litchi_xlsx::raw::catalog::parse_catalog::hd265bc73bbaab1fb
      at /home/zhuhe/code/litchi/crates/litchi-xlsx/src/raw/catalog.rs:534
    litchi_xlsx::workbook::model::Workbook::from_package_with_styles::hf76ea58f8b9ea688
      at src/workbook/model.rs:611
      in /home/zhuhe/code/litchi-target-0830/fp/release/xlsx-edit-profile-0830
    litchi_xlsx::workbook::edit::semantic::transaction::Edit::commit::he7829c28ddb90d02
      at src/workbook/edit/semantic/transaction.rs:3271
      in /home/zhuhe/code/litchi-target-0830/fp/release/xlsx-edit-profile-0830
    xlsx_edit_profile_0830::edit_helper_0830::h60d088236ffa3bef
      at src/main.rs:300
      in /home/zhuhe/code/litchi-target-0830/fp/release/xlsx-edit-profile-0830
    xlsx_edit_profile_0830::edit_region_0830::hd9047958b6bb4145
      at /home/zhuhe/code/litchi/docs/performance/results/change-0830/probe-src/src/main.rs:313
    xlsx_edit_profile_0830::execute_one::hd13185211950c238
      at src/main.rs:331
      in /home/zhuhe/code/litchi-target-0830/fp/release/xlsx-edit-profile-0830
    xlsx_edit_profile_0830::run::h4a0a709ddf300f9f
      at src/main.rs:227
      in /home/zhuhe/code/litchi-target-0830/fp/release/xlsx-edit-profile-0830
    xlsx_edit_profile_0830::main::h87ef95137f6e4ff2
      at /home/zhuhe/code/litchi/docs/performance/results/change-0830/probe-src/src/main.rs:178
    core::ops::function::FnOnce::call_once::hb4e58432592306ca
      at /rustc/59807616e1fa2540724bfbac14d7976d7e4a3860/library/core/src/ops/function.rs:250
      in /home/zhuhe/code/litchi-target-0830/fp/release/xlsx-edit-profile-0830
    std::sys::backtrace::__rust_begin_short_backtrace::h12b7350305ee1e0e
      at /rustc/59807616e1fa2540724bfbac14d7976d7e4a3860/library/std/src/sys/backtrace.rs:166
    std::rt::lang_start::_$u7b$$u7b$closure$u7d$$u7d$::h8a940b522bba9542
      at /rustc/59807616e1fa2540724bfbac14d7976d7e4a3860/library/std/src/rt.rs:206
      in /home/zhuhe/code/litchi-target-0830/fp/release/xlsx-edit-profile-0830
    _RNvXs0_NtNtNtCsgEmfK2I1SDS_4core3ops8function5implsRDINtB7_2FnuEp6OutputlNtNtBb_6marker4SyncNtNtNtBb_5panic11unwind_safe13RefUnwindSafeEL_INtB7_6FnOnceuE9call_onceCsjrHSEGnQ3l9_3std
      at library/core/src/ops/function.rs:287
      in /home/zhuhe/code/litchi-target-0830/fp/release/xlsx-edit-profile-0830
    _RINvNvNtCsjrHSEGnQ3l9_3std9panicking12catch_unwind7do_callRDINtNtNtCsgEmfK2I1SDS_4core3ops8function2FnuEp6OutputlNtNtB13_6marker4SyncNtNtNtB13_5panic11unwind_safe13RefUnwindSafeEL_lEB6_
      at /rustc/59807616e1fa2540724bfbac14d7976d7e4a3860/library/std/src/panicking.rs:581
    _RINvNtCsjrHSEGnQ3l9_3std9panicking12catch_unwindlRDINtNtNtCsgEmfK2I1SDS_4core3ops8function2FnuEp6OutputlNtNtBU_6marker4SyncNtNtNtBU_5panic11unwind_safe13RefUnwindSafeEL_EB4_
      at /rustc/59807616e1fa2540724bfbac14d7976d7e4a3860/library/std/src/panicking.rs:544
    _RINvNtCsjrHSEGnQ3l9_3std5panic12catch_unwindRDINtNtNtCsgEmfK2I1SDS_4core3ops8function2FnuEp6OutputlNtNtBP_6marker4SyncNtNtNtBP_5panic11unwind_safe13RefUnwindSafeEL_lEB4_
      at /rustc/59807616e1fa2540724bfbac14d7976d7e4a3860/library/std/src/panic.rs:359
    _RNCNvNtCsjrHSEGnQ3l9_3std2rt19lang_start_internal0B5_
      at /rustc/59807616e1fa2540724bfbac14d7976d7e4a3860/library/std/src/rt.rs:175
    _RINvNvNtCsjrHSEGnQ3l9_3std9panicking12catch_unwind7do_callNCNvNtB6_2rt19lang_start_internal0iEB6_
      at /rustc/59807616e1fa2540724bfbac14d7976d7e4a3860/library/std/src/panicking.rs:581
    _RINvNtCsjrHSEGnQ3l9_3std9panicking12catch_unwindiNCNvNtB4_2rt19lang_start_internal0EB4_
      at /rustc/59807616e1fa2540724bfbac14d7976d7e4a3860/library/std/src/panicking.rs:544
    _RINvNtCsjrHSEGnQ3l9_3std5panic12catch_unwindNCNvNtB4_2rt19lang_start_internal0iEB4_
      at /rustc/59807616e1fa2540724bfbac14d7976d7e4a3860/library/std/src/panic.rs:359
    _RNvNtCsjrHSEGnQ3l9_3std2rt19lang_start_internal
      at /rustc/59807616e1fa2540724bfbac14d7976d7e4a3860/library/std/src/rt.rs:171
    main
      in /home/zhuhe/code/litchi-target-0830/fp/release/xlsx-edit-profile-0830
25 calls with 0B peak consumption from:
    litchi_ooxml_common::mce::codec::process_markup_compatibility::hf56a000df331f5c6
      at src/mce/codec.rs:771
      in /home/zhuhe/code/litchi-target-0830/fp/release/xlsx-edit-profile-0830
    litchi_xlsx::calculation_properties::codec::inspect_with_policy::h51fef39000135969
      at src/calculation_properties/codec.rs:99
      in /home/zhuhe/code/litchi-target-0830/fp/release/xlsx-edit-profile-0830
    litchi_xlsx::calculation_properties::codec::inspect::ha05565c41b042676
      at src/calculation_properties/codec.rs:68
      in /home/zhuhe/code/litchi-target-0830/fp/release/xlsx-edit-profile-0830
    litchi_xlsx::raw::recalc::invalidate::h523d0c9379036d06
      at /home/zhuhe/code/litchi/crates/litchi-xlsx/src/raw/recalc.rs:10
    litchi_xlsx::workbook::edit::semantic::transaction::Edit::commit::he7829c28ddb90d02
      at src/workbook/edit/semantic/transaction.rs:2980
      in /home/zhuhe/code/litchi-target-0830/fp/release/xlsx-edit-profile-0830
    xlsx_edit_profile_0830::edit_helper_0830::h60d088236ffa3bef
      at src/main.rs:300
      in /home/zhuhe/code/litchi-target-0830/fp/release/xlsx-edit-profile-0830
    xlsx_edit_profile_0830::edit_region_0830::hd9047958b6bb4145
      at /home/zhuhe/code/litchi/docs/performance/results/change-0830/probe-src/src/main.rs:313
    xlsx_edit_profile_0830::execute_one::hd13185211950c238
      at src/main.rs:331
      in /home/zhuhe/code/litchi-target-0830/fp/release/xlsx-edit-profile-0830
    xlsx_edit_profile_0830::run::h4a0a709ddf300f9f
      at src/main.rs:227
      in /home/zhuhe/code/litchi-target-0830/fp/release/xlsx-edit-profile-0830
    xlsx_edit_profile_0830::main::h87ef95137f6e4ff2
      at /home/zhuhe/code/litchi/docs/performance/results/change-0830/probe-src/src/main.rs:178
    core::ops::function::FnOnce::call_once::hb4e58432592306ca
      at /rustc/59807616e1fa2540724bfbac14d7976d7e4a3860/library/core/src/ops/function.rs:250
      in /home/zhuhe/code/litchi-target-0830/fp/release/xlsx-edit-profile-0830
    std::sys::backtrace::__rust_begin_short_backtrace::h12b7350305ee1e0e
      at /rustc/59807616e1fa2540724bfbac14d7976d7e4a3860/library/std/src/sys/backtrace.rs:166
    std::rt::lang_start::_$u7b$$u7b$closure$u7d$$u7d$::h8a940b522bba9542
      at /rustc/59807616e1fa2540724bfbac14d7976d7e4a3860/library/std/src/rt.rs:206
      in /home/zhuhe/code/litchi-target-0830/fp/release/xlsx-edit-profile-0830
    _RNvXs0_NtNtNtCsgEmfK2I1SDS_4core3ops8function5implsRDINtB7_2FnuEp6OutputlNtNtBb_6marker4SyncNtNtNtBb_5panic11unwind_safe13RefUnwindSafeEL_INtB7_6FnOnceuE9call_onceCsjrHSEGnQ3l9_3std
      at library/core/src/ops/function.rs:287
      in /home/zhuhe/code/litchi-target-0830/fp/release/xlsx-edit-profile-0830
    _RINvNvNtCsjrHSEGnQ3l9_3std9panicking12catch_unwind7do_callRDINtNtNtCsgEmfK2I1SDS_4core3ops8function2FnuEp6OutputlNtNtB13_6marker4SyncNtNtNtB13_5panic11unwind_safe13RefUnwindSafeEL_lEB6_
      at /rustc/59807616e1fa2540724bfbac14d7976d7e4a3860/library/std/src/panicking.rs:581
    _RINvNtCsjrHSEGnQ3l9_3std9panicking12catch_unwindlRDINtNtNtCsgEmfK2I1SDS_4core3ops8function2FnuEp6OutputlNtNtBU_6marker4SyncNtNtNtBU_5panic11unwind_safe13RefUnwindSafeEL_EB4_
      at /rustc/59807616e1fa2540724bfbac14d7976d7e4a3860/library/std/src/panicking.rs:544
    _RINvNtCsjrHSEGnQ3l9_3std5panic12catch_unwindRDINtNtNtCsgEmfK2I1SDS_4core3ops8function2FnuEp6OutputlNtNtBP_6marker4SyncNtNtNtBP_5panic11unwind_safe13RefUnwindSafeEL_lEB4_
      at /rustc/59807616e1fa2540724bfbac14d7976d7e4a3860/library/std/src/panic.rs:359
    _RNCNvNtCsjrHSEGnQ3l9_3std2rt19lang_start_internal0B5_
      at /rustc/59807616e1fa2540724bfbac14d7976d7e4a3860/library/std/src/rt.rs:175
    _RINvNvNtCsjrHSEGnQ3l9_3std9panicking12catch_unwind7do_callNCNvNtB6_2rt19lang_start_internal0iEB6_
      at /rustc/59807616e1fa2540724bfbac14d7976d7e4a3860/library/std/src/panicking.rs:581
    _RINvNtCsjrHSEGnQ3l9_3std9panicking12catch_unwindiNCNvNtB4_2rt19lang_start_internal0EB4_
      at /rustc/59807616e1fa2540724bfbac14d7976d7e4a3860/library/std/src/panicking.rs:544
    _RINvNtCsjrHSEGnQ3l9_3std5panic12catch_unwindNCNvNtB4_2rt19lang_start_internal0iEB4_
      at /rustc/59807616e1fa2540724bfbac14d7976d7e4a3860/library/std/src/panic.rs:359
    _RNvNtCsjrHSEGnQ3l9_3std2rt19lang_start_internal
      at /rustc/59807616e1fa2540724bfbac14d7976d7e4a3860/library/std/src/rt.rs:171
    main
      in /home/zhuhe/code/litchi-target-0830/fp/release/xlsx-edit-profile-0830
  and 325 from 38 other places

320 calls to allocation functions with 0B peak consumption from
_RNvXNtNtNtCsjrHSEGnQ3l9_3std3sys5alloc4unixNtNtB8_5alloc6SystemNtNtNtCsgEmfK2I1SDS_4core5alloc6global11GlobalAlloc7realloc
  at library/std/src/sys/alloc/unix.rs:54
  in /home/zhuhe/code/litchi-target-0830/fp/release/xlsx-edit-profile-0830
_RNvCsfLfy6EI15iL_7___rustc13___rdl_realloc
  at /rustc/59807616e1fa2540724bfbac14d7976d7e4a3860/library/std/src/alloc.rs:477
_RNvNtCslNYArtu3iFV_5alloc5alloc7realloc
  at /rustc/59807616e1fa2540724bfbac14d7976d7e4a3860/library/alloc/src/alloc.rs:135
_RNvMNtCslNYArtu3iFV_5alloc5allocNtB2_6Global17grow_impl_runtime
  at /rustc/59807616e1fa2540724bfbac14d7976d7e4a3860/library/alloc/src/alloc.rs:239
_RNvMNtCslNYArtu3iFV_5alloc5allocNtB2_6Global9grow_impl
  at /rustc/59807616e1fa2540724bfbac14d7976d7e4a3860/library/alloc/src/alloc.rs:342
_RNvXs_NtCslNYArtu3iFV_5alloc5allocNtB4_6GlobalNtNtCsgEmfK2I1SDS_4core5alloc9Allocator4grow
  at /rustc/59807616e1fa2540724bfbac14d7976d7e4a3860/library/alloc/src/alloc.rs:454
_RNvMs4_NtCslNYArtu3iFV_5alloc7raw_vecNtB5_11RawVecInner11finish_growB7_
  at /rustc/59807616e1fa2540724bfbac14d7976d7e4a3860/library/alloc/src/raw_vec/mod.rs:555
120 calls with 0B peak consumption from:
    _RNvMs4_NtCslNYArtu3iFV_5alloc7raw_vecNtB5_11RawVecInner14grow_amortizedB7_
      at library/alloc/src/raw_vec/mod.rs:527
      in /home/zhuhe/code/litchi-target-0830/fp/release/xlsx-edit-profile-0830
    _RNvMs4_NtCslNYArtu3iFV_5alloc7raw_vecNtB5_11RawVecInner8grow_oneB7_
      at /rustc/59807616e1fa2540724bfbac14d7976d7e4a3860/library/alloc/src/raw_vec/mod.rs:491
    _RNvMs3_NtCslNYArtu3iFV_5alloc7raw_vecINtB5_6RawVechE8grow_oneB7_
      at /rustc/59807616e1fa2540724bfbac14d7976d7e4a3860/library/alloc/src/raw_vec/mod.rs:188
    alloc::vec::Vec$LT$T$C$A$GT$::push_mut::h7028460b85f0b0e4
      at /rustc/59807616e1fa2540724bfbac14d7976d7e4a3860/library/alloc/src/vec/mod.rs:1029
      in /home/zhuhe/code/litchi-target-0830/fp/release/xlsx-edit-profile-0830
    alloc::vec::Vec$LT$T$C$A$GT$::push::ha5b92c8bf4da41e9
      at /rustc/59807616e1fa2540724bfbac14d7976d7e4a3860/library/alloc/src/vec/mod.rs:992
    quick_xml::events::BytesStart::push_attribute::h86157367e4b280c2
      at /home/zhuhe/.cargo/registry/src/index.crates.io-1949cf8c6b5b557f/quick-xml-0.41.0/src/events/mod.rs:276
    litchi_xlsx::raw::compact::write_start::h3c8c54645eff045b
      at /home/zhuhe/code/litchi/crates/litchi-xlsx/src/raw/compact.rs:353
    litchi_xlsx::raw::compact::compact_events::h3c4c7f60717c61ad
      at src/raw/compact.rs:221
      in /home/zhuhe/code/litchi-target-0830/fp/release/xlsx-edit-profile-0830
    litchi_xlsx::raw::compact::changed_observed::h9a9ab9488f827123
      at src/raw/compact.rs:174
      in /home/zhuhe/code/litchi-target-0830/fp/release/xlsx-edit-profile-0830
    litchi_xlsx::raw::compact::changed_worksheet::h91e4e2ab65b00587
      at /home/zhuhe/code/litchi/crates/litchi-xlsx/src/raw/compact.rs:121
    litchi_xlsx::workbook::edit::semantic::transaction::Edit::commit::he7829c28ddb90d02
      at src/workbook/edit/semantic/transaction.rs:2273
      in /home/zhuhe/code/litchi-target-0830/fp/release/xlsx-edit-profile-0830
    xlsx_edit_profile_0830::edit_helper_0830::h60d088236ffa3bef
      at src/main.rs:300
      in /home/zhuhe/code/litchi-target-0830/fp/release/xlsx-edit-profile-0830
    xlsx_edit_profile_0830::edit_region_0830::hd9047958b6bb4145
      at /home/zhuhe/code/litchi/docs/performance/results/change-0830/probe-src/src/main.rs:313
    xlsx_edit_profile_0830::execute_one::hd13185211950c238
      at src/main.rs:331
      in /home/zhuhe/code/litchi-target-0830/fp/release/xlsx-edit-profile-0830
    xlsx_edit_profile_0830::run::h4a0a709ddf300f9f
      at src/main.rs:227
      in /home/zhuhe/code/litchi-target-0830/fp/release/xlsx-edit-profile-0830
    xlsx_edit_profile_0830::main::h87ef95137f6e4ff2
      at /home/zhuhe/code/litchi/docs/performance/results/change-0830/probe-src/src/main.rs:178
    core::ops::function::FnOnce::call_once::hb4e58432592306ca
      at /rustc/59807616e1fa2540724bfbac14d7976d7e4a3860/library/core/src/ops/function.rs:250
      in /home/zhuhe/code/litchi-target-0830/fp/release/xlsx-edit-profile-0830
    std::sys::backtrace::__rust_begin_short_backtrace::h12b7350305ee1e0e
      at /rustc/59807616e1fa2540724bfbac14d7976d7e4a3860/library/std/src/sys/backtrace.rs:166
    std::rt::lang_start::_$u7b$$u7b$closure$u7d$$u7d$::h8a940b522bba9542
      at /rustc/59807616e1fa2540724bfbac14d7976d7e4a3860/library/std/src/rt.rs:206
      in /home/zhuhe/code/litchi-target-0830/fp/release/xlsx-edit-profile-0830
    _RNvXs0_NtNtNtCsgEmfK2I1SDS_4core3ops8function5implsRDINtB7_2FnuEp6OutputlNtNtBb_6marker4SyncNtNtNtBb_5panic11unwind_safe13RefUnwindSafeEL_INtB7_6FnOnceuE9call_onceCsjrHSEGnQ3l9_3std
      at library/core/src/ops/function.rs:287
      in /home/zhuhe/code/litchi-target-0830/fp/release/xlsx-edit-profile-0830
    _RINvNvNtCsjrHSEGnQ3l9_3std9panicking12catch_unwind7do_callRDINtNtNtCsgEmfK2I1SDS_4core3ops8function2FnuEp6OutputlNtNtB13_6marker4SyncNtNtNtB13_5panic11unwind_safe13RefUnwindSafeEL_lEB6_
      at /rustc/59807616e1fa2540724bfbac14d7976d7e4a3860/library/std/src/panicking.rs:581
    _RINvNtCsjrHSEGnQ3l9_3std9panicking12catch_unwindlRDINtNtNtCsgEmfK2I1SDS_4core3ops8function2FnuEp6OutputlNtNtBU_6marker4SyncNtNtNtBU_5panic11unwind_safe13RefUnwindSafeEL_EB4_
      at /rustc/59807616e1fa2540724bfbac14d7976d7e4a3860/library/std/src/panicking.rs:544
    _RINvNtCsjrHSEGnQ3l9_3std5panic12catch_unwindRDINtNtNtCsgEmfK2I1SDS_4core3ops8function2FnuEp6OutputlNtNtBP_6marker4SyncNtNtNtBP_5panic11unwind_safe13RefUnwindSafeEL_lEB4_
      at /rustc/59807616e1fa2540724bfbac14d7976d7e4a3860/library/std/src/panic.rs:359
    _RNCNvNtCsjrHSEGnQ3l9_3std2rt19lang_start_internal0B5_
      at /rustc/59807616e1fa2540724bfbac14d7976d7e4a3860/library/std/src/rt.rs:175
    _RINvNvNtCsjrHSEGnQ3l9_3std9panicking12catch_unwind7do_callNCNvNtB6_2rt19lang_start_internal0iEB6_
      at /rustc/59807616e1fa2540724bfbac14d7976d7e4a3860/library/std/src/panicking.rs:581
    _RINvNtCsjrHSEGnQ3l9_3std9panicking12catch_unwindiNCNvNtB4_2rt19lang_start_internal0EB4_
      at /rustc/59807616e1fa2540724bfbac14d7976d7e4a3860/library/std/src/panicking.rs:544
    _RINvNtCsjrHSEGnQ3l9_3std5panic12catch_unwindNCNvNtB4_2rt19lang_start_internal0iEB4_
      at /rustc/59807616e1fa2540724bfbac14d7976d7e4a3860/library/std/src/panic.rs:359
    _RNvNtCsjrHSEGnQ3l9_3std2rt19lang_start_internal
      at /rustc/59807616e1fa2540724bfbac14d7976d7e4a3860/library/std/src/rt.rs:171
    main
      in /home/zhuhe/code/litchi-target-0830/fp/release/xlsx-edit-profile-0830
40 calls with 0B peak consumption from:
    _RNvMs4_NtCslNYArtu3iFV_5alloc7raw_vecNtB5_11RawVecInner14grow_amortizedB7_
      at library/alloc/src/raw_vec/mod.rs:527
      in /home/zhuhe/code/litchi-target-0830/fp/release/xlsx-edit-profile-0830
    _RNvMs4_NtCslNYArtu3iFV_5alloc7raw_vecNtB5_11RawVecInner8grow_oneB7_
      at /rustc/59807616e1fa2540724bfbac14d7976d7e4a3860/library/alloc/src/raw_vec/mod.rs:491
    _RNvMs3_NtCslNYArtu3iFV_5alloc7raw_vecINtB5_6RawVechE8grow_oneB7_
      at /rustc/59807616e1fa2540724bfbac14d7976d7e4a3860/library/alloc/src/raw_vec/mod.rs:188
    alloc::vec::Vec$LT$T$C$A$GT$::push_mut::h7028460b85f0b0e4
      at /rustc/59807616e1fa2540724bfbac14d7976d7e4a3860/library/alloc/src/vec/mod.rs:1029
      in /home/zhuhe/code/litchi-target-0830/fp/release/xlsx-edit-profile-0830
    alloc::vec::Vec$LT$T$C$A$GT$::push::ha5b92c8bf4da41e9
      at /rustc/59807616e1fa2540724bfbac14d7976d7e4a3860/library/alloc/src/vec/mod.rs:992
    quick_xml::events::BytesStart::push_attribute::h86157367e4b280c2
      at /home/zhuhe/.cargo/registry/src/index.crates.io-1949cf8c6b5b557f/quick-xml-0.41.0/src/events/mod.rs:276
    litchi_xlsx::raw::compact::write_start::h3c8c54645eff045b
      at /home/zhuhe/code/litchi/crates/litchi-xlsx/src/raw/compact.rs:353
    litchi_xlsx::raw::compact::compact_events::h4ade3fd39d7ca902
      at src/raw/compact.rs:249
      in /home/zhuhe/code/litchi-target-0830/fp/release/xlsx-edit-profile-0830
    litchi_xlsx::raw::compact::changed_observed::h2e8a8830e3ad573c
      at src/raw/compact.rs:152
      in /home/zhuhe/code/litchi-target-0830/fp/release/xlsx-edit-profile-0830
    litchi_xlsx::raw::compact::changed::h998f88c857050dab
      at /home/zhuhe/code/litchi/crates/litchi-xlsx/src/raw/compact.rs:22
    litchi_xlsx::workbook::edit::semantic::transaction::Edit::commit::he7829c28ddb90d02
      at src/workbook/edit/semantic/transaction.rs:2986
      in /home/zhuhe/code/litchi-target-0830/fp/release/xlsx-edit-profile-0830
    xlsx_edit_profile_0830::edit_helper_0830::h60d088236ffa3bef
      at src/main.rs:300
      in /home/zhuhe/code/litchi-target-0830/fp/release/xlsx-edit-profile-0830
    xlsx_edit_profile_0830::edit_region_0830::hd9047958b6bb4145
      at /home/zhuhe/code/litchi/docs/performance/results/change-0830/probe-src/src/main.rs:313
    xlsx_edit_profile_0830::execute_one::hd13185211950c238
      at src/main.rs:331
      in /home/zhuhe/code/litchi-target-0830/fp/release/xlsx-edit-profile-0830
    xlsx_edit_profile_0830::run::h4a0a709ddf300f9f
      at src/main.rs:227
      in /home/zhuhe/code/litchi-target-0830/fp/release/xlsx-edit-profile-0830
    xlsx_edit_profile_0830::main::h87ef95137f6e4ff2
      at /home/zhuhe/code/litchi/docs/performance/results/change-0830/probe-src/src/main.rs:178
    core::ops::function::FnOnce::call_once::hb4e58432592306ca
      at /rustc/59807616e1fa2540724bfbac14d7976d7e4a3860/library/core/src/ops/function.rs:250
      in /home/zhuhe/code/litchi-target-0830/fp/release/xlsx-edit-profile-0830
    std::sys::backtrace::__rust_begin_short_backtrace::h12b7350305ee1e0e
      at /rustc/59807616e1fa2540724bfbac14d7976d7e4a3860/library/std/src/sys/backtrace.rs:166
    std::rt::lang_start::_$u7b$$u7b$closure$u7d$$u7d$::h8a940b522bba9542
      at /rustc/59807616e1fa2540724bfbac14d7976d7e4a3860/library/std/src/rt.rs:206
      in /home/zhuhe/code/litchi-target-0830/fp/release/xlsx-edit-profile-0830
    _RNvXs0_NtNtNtCsgEmfK2I1SDS_4core3ops8function5implsRDINtB7_2FnuEp6OutputlNtNtBb_6marker4SyncNtNtNtBb_5panic11unwind_safe13RefUnwindSafeEL_INtB7_6FnOnceuE9call_onceCsjrHSEGnQ3l9_3std
      at library/core/src/ops/function.rs:287
      in /home/zhuhe/code/litchi-target-0830/fp/release/xlsx-edit-profile-0830
    _RINvNvNtCsjrHSEGnQ3l9_3std9panicking12catch_unwind7do_callRDINtNtNtCsgEmfK2I1SDS_4core3ops8function2FnuEp6OutputlNtNtB13_6marker4SyncNtNtNtB13_5panic11unwind_safe13RefUnwindSafeEL_lEB6_
      at /rustc/59807616e1fa2540724bfbac14d7976d7e4a3860/library/std/src/panicking.rs:581
    _RINvNtCsjrHSEGnQ3l9_3std9panicking12catch_unwindlRDINtNtNtCsgEmfK2I1SDS_4core3ops8function2FnuEp6OutputlNtNtBU_6marker4SyncNtNtNtBU_5panic11unwind_safe13RefUnwindSafeEL_EB4_
      at /rustc/59807616e1fa2540724bfbac14d7976d7e4a3860/library/std/src/panicking.rs:544
    _RINvNtCsjrHSEGnQ3l9_3std5panic12catch_unwindRDINtNtNtCsgEmfK2I1SDS_4core3ops8function2FnuEp6OutputlNtNtBP_6marker4SyncNtNtNtBP_5panic11unwind_safe13RefUnwindSafeEL_lEB4_
      at /rustc/59807616e1fa2540724bfbac14d7976d7e4a3860/library/std/src/panic.rs:359
    _RNCNvNtCsjrHSEGnQ3l9_3std2rt19lang_start_internal0B5_
      at /rustc/59807616e1fa2540724bfbac14d7976d7e4a3860/library/std/src/rt.rs:175
    _RINvNvNtCsjrHSEGnQ3l9_3std9panicking12catch_unwind7do_callNCNvNtB6_2rt19lang_start_internal0iEB6_
      at /rustc/59807616e1fa2540724bfbac14d7976d7e4a3860/library/std/src/panicking.rs:581
    _RINvNtCsjrHSEGnQ3l9_3std9panicking12catch_unwindiNCNvNtB4_2rt19lang_start_internal0EB4_
      at /rustc/59807616e1fa2540724bfbac14d7976d7e4a3860/library/std/src/panicking.rs:544
    _RINvNtCsjrHSEGnQ3l9_3std5panic12catch_unwindNCNvNtB4_2rt19lang_start_internal0iEB4_
      at /rustc/59807616e1fa2540724bfbac14d7976d7e4a3860/library/std/src/panic.rs:359
    _RNvNtCsjrHSEGnQ3l9_3std2rt19lang_start_internal
      at /rustc/59807616e1fa2540724bfbac14d7976d7e4a3860/library/std/src/rt.rs:171
    main
      in /home/zhuhe/code/litchi-target-0830/fp/release/xlsx-edit-profile-0830
25 calls with 0B peak consumption from:
    _RNvMs4_NtCslNYArtu3iFV_5alloc7raw_vecNtB5_11RawVecInner14grow_amortizedB7_
      at library/alloc/src/raw_vec/mod.rs:527
      in /home/zhuhe/code/litchi-target-0830/fp/release/xlsx-edit-profile-0830
    _RNvMs4_NtCslNYArtu3iFV_5alloc7raw_vecNtB5_11RawVecInner8grow_oneB7_
      at /rustc/59807616e1fa2540724bfbac14d7976d7e4a3860/library/alloc/src/raw_vec/mod.rs:491
    _RNvMs3_NtCslNYArtu3iFV_5alloc7raw_vecINtB5_6RawVechE8grow_oneB7_
      at /rustc/59807616e1fa2540724bfbac14d7976d7e4a3860/library/alloc/src/raw_vec/mod.rs:188
    alloc::vec::Vec$LT$T$C$A$GT$::push_mut::h7028460b85f0b0e4
      at /rustc/59807616e1fa2540724bfbac14d7976d7e4a3860/library/alloc/src/vec/mod.rs:1029
      in /home/zhuhe/code/litchi-target-0830/fp/release/xlsx-edit-profile-0830
    alloc::vec::Vec$LT$T$C$A$GT$::push::ha5b92c8bf4da41e9
      at /rustc/59807616e1fa2540724bfbac14d7976d7e4a3860/library/alloc/src/vec/mod.rs:992
    quick_xml::events::BytesStart::push_attribute::h86157367e4b280c2
      at /home/zhuhe/.cargo/registry/src/index.crates.io-1949cf8c6b5b557f/quick-xml-0.41.0/src/events/mod.rs:276
    litchi_xlsx::raw::compact::write_start::h3c8c54645eff045b
      at /home/zhuhe/code/litchi/crates/litchi-xlsx/src/raw/compact.rs:353
    litchi_xlsx::raw::compact::compact_events::h3c4c7f60717c61ad
      at src/raw/compact.rs:249
      in /home/zhuhe/code/litchi-target-0830/fp/release/xlsx-edit-profile-0830
    litchi_xlsx::raw::compact::changed_observed::h9a9ab9488f827123
      at src/raw/compact.rs:152
      in /home/zhuhe/code/litchi-target-0830/fp/release/xlsx-edit-profile-0830
    litchi_xlsx::raw::compact::changed_worksheet::h91e4e2ab65b00587
      at /home/zhuhe/code/litchi/crates/litchi-xlsx/src/raw/compact.rs:121
    litchi_xlsx::workbook::edit::semantic::transaction::Edit::commit::he7829c28ddb90d02
      at src/workbook/edit/semantic/transaction.rs:2273
      in /home/zhuhe/code/litchi-target-0830/fp/release/xlsx-edit-profile-0830
    xlsx_edit_profile_0830::edit_helper_0830::h60d088236ffa3bef
      at src/main.rs:300
      in /home/zhuhe/code/litchi-target-0830/fp/release/xlsx-edit-profile-0830
    xlsx_edit_profile_0830::edit_region_0830::hd9047958b6bb4145
      at /home/zhuhe/code/litchi/docs/performance/results/change-0830/probe-src/src/main.rs:313
    xlsx_edit_profile_0830::execute_one::hd13185211950c238
      at src/main.rs:331
      in /home/zhuhe/code/litchi-target-0830/fp/release/xlsx-edit-profile-0830
    xlsx_edit_profile_0830::run::h4a0a709ddf300f9f
      at src/main.rs:227
      in /home/zhuhe/code/litchi-target-0830/fp/release/xlsx-edit-profile-0830
    xlsx_edit_profile_0830::main::h87ef95137f6e4ff2
      at /home/zhuhe/code/litchi/docs/performance/results/change-0830/probe-src/src/main.rs:178
    core::ops::function::FnOnce::call_once::hb4e58432592306ca
      at /rustc/59807616e1fa2540724bfbac14d7976d7e4a3860/library/core/src/ops/function.rs:250
      in /home/zhuhe/code/litchi-target-0830/fp/release/xlsx-edit-profile-0830
    std::sys::backtrace::__rust_begin_short_backtrace::h12b7350305ee1e0e
      at /rustc/59807616e1fa2540724bfbac14d7976d7e4a3860/library/std/src/sys/backtrace.rs:166
    std::rt::lang_start::_$u7b$$u7b$closure$u7d$$u7d$::h8a940b522bba9542
      at /rustc/59807616e1fa2540724bfbac14d7976d7e4a3860/library/std/src/rt.rs:206
      in /home/zhuhe/code/litchi-target-0830/fp/release/xlsx-edit-profile-0830
    _RNvXs0_NtNtNtCsgEmfK2I1SDS_4core3ops8function5implsRDINtB7_2FnuEp6OutputlNtNtBb_6marker4SyncNtNtNtBb_5panic11unwind_safe13RefUnwindSafeEL_INtB7_6FnOnceuE9call_onceCsjrHSEGnQ3l9_3std
      at library/core/src/ops/function.rs:287
      in /home/zhuhe/code/litchi-target-0830/fp/release/xlsx-edit-profile-0830
    _RINvNvNtCsjrHSEGnQ3l9_3std9panicking12catch_unwind7do_callRDINtNtNtCsgEmfK2I1SDS_4core3ops8function2FnuEp6OutputlNtNtB13_6marker4SyncNtNtNtB13_5panic11unwind_safe13RefUnwindSafeEL_lEB6_
      at /rustc/59807616e1fa2540724bfbac14d7976d7e4a3860/library/std/src/panicking.rs:581
    _RINvNtCsjrHSEGnQ3l9_3std9panicking12catch_unwindlRDINtNtNtCsgEmfK2I1SDS_4core3ops8function2FnuEp6OutputlNtNtBU_6marker4SyncNtNtNtBU_5panic11unwind_safe13RefUnwindSafeEL_EB4_
      at /rustc/59807616e1fa2540724bfbac14d7976d7e4a3860/library/std/src/panicking.rs:544
    _RINvNtCsjrHSEGnQ3l9_3std5panic12catch_unwindRDINtNtNtCsgEmfK2I1SDS_4core3ops8function2FnuEp6OutputlNtNtBP_6marker4SyncNtNtNtBP_5panic11unwind_safe13RefUnwindSafeEL_lEB4_
      at /rustc/59807616e1fa2540724bfbac14d7976d7e4a3860/library/std/src/panic.rs:359
    _RNCNvNtCsjrHSEGnQ3l9_3std2rt19lang_start_internal0B5_
      at /rustc/59807616e1fa2540724bfbac14d7976d7e4a3860/library/std/src/rt.rs:175
    _RINvNvNtCsjrHSEGnQ3l9_3std9panicking12catch_unwind7do_callNCNvNtB6_2rt19lang_start_internal0iEB6_
      at /rustc/59807616e1fa2540724bfbac14d7976d7e4a3860/library/std/src/panicking.rs:581
    _RINvNtCsjrHSEGnQ3l9_3std9panicking12catch_unwindiNCNvNtB4_2rt19lang_start_internal0EB4_
      at /rustc/59807616e1fa2540724bfbac14d7976d7e4a3860/library/std/src/panicking.rs:544
    _RINvNtCsjrHSEGnQ3l9_3std5panic12catch_unwindNCNvNtB4_2rt19lang_start_internal0iEB4_
      at /rustc/59807616e1fa2540724bfbac14d7976d7e4a3860/library/std/src/panic.rs:359
    _RNvNtCsjrHSEGnQ3l9_3std2rt19lang_start_internal
      at /rustc/59807616e1fa2540724bfbac14d7976d7e4a3860/library/std/src/rt.rs:171
    main
      in /home/zhuhe/code/litchi-target-0830/fp/release/xlsx-edit-profile-0830
25 calls with 0B peak consumption from:
    _RNvMs4_NtCslNYArtu3iFV_5alloc7raw_vecNtB5_11RawVecInner14grow_amortizedB7_
      at library/alloc/src/raw_vec/mod.rs:527
      in /home/zhuhe/code/litchi-target-0830/fp/release/xlsx-edit-profile-0830
    _RNvMs4_NtCslNYArtu3iFV_5alloc7raw_vecNtB5_11RawVecInner8grow_oneB7_
      at /rustc/59807616e1fa2540724bfbac14d7976d7e4a3860/library/alloc/src/raw_vec/mod.rs:491
    _RNvMs3_NtCslNYArtu3iFV_5alloc7raw_vecINtB5_6RawVechE8grow_oneB7_
      at /rustc/59807616e1fa2540724bfbac14d7976d7e4a3860/library/alloc/src/raw_vec/mod.rs:188
    alloc::vec::Vec$LT$T$C$A$GT$::push_mut::h7028460b85f0b0e4
      at /rustc/59807616e1fa2540724bfbac14d7976d7e4a3860/library/alloc/src/vec/mod.rs:1029
      in /home/zhuhe/code/litchi-target-0830/fp/release/xlsx-edit-profile-0830
    alloc::vec::Vec$LT$T$C$A$GT$::push::ha5b92c8bf4da41e9
      at /rustc/59807616e1fa2540724bfbac14d7976d7e4a3860/library/alloc/src/vec/mod.rs:992
    quick_xml::events::BytesStart::push_attribute::h86157367e4b280c2
      at /home/zhuhe/.cargo/registry/src/index.crates.io-1949cf8c6b5b557f/quick-xml-0.41.0/src/events/mod.rs:276
    litchi_xlsx::raw::compact::write_start::h3c8c54645eff045b
      at /home/zhuhe/code/litchi/crates/litchi-xlsx/src/raw/compact.rs:353
    litchi_xlsx::raw::compact::compact_events::h4ade3fd39d7ca902
      at src/raw/compact.rs:221
      in /home/zhuhe/code/litchi-target-0830/fp/release/xlsx-edit-profile-0830
    litchi_xlsx::raw::compact::changed_observed::h2e8a8830e3ad573c
      at src/raw/compact.rs:152
      in /home/zhuhe/code/litchi-target-0830/fp/release/xlsx-edit-profile-0830
    litchi_xlsx::raw::compact::changed::h998f88c857050dab
      at /home/zhuhe/code/litchi/crates/litchi-xlsx/src/raw/compact.rs:22
    litchi_xlsx::workbook::edit::semantic::transaction::Edit::commit::he7829c28ddb90d02
      at src/workbook/edit/semantic/transaction.rs:2986
      in /home/zhuhe/code/litchi-target-0830/fp/release/xlsx-edit-profile-0830
    xlsx_edit_profile_0830::edit_helper_0830::h60d088236ffa3bef
      at src/main.rs:300
      in /home/zhuhe/code/litchi-target-0830/fp/release/xlsx-edit-profile-0830
    xlsx_edit_profile_0830::edit_region_0830::hd9047958b6bb4145
      at /home/zhuhe/code/litchi/docs/performance/results/change-0830/probe-src/src/main.rs:313
    xlsx_edit_profile_0830::execute_one::hd13185211950c238
      at src/main.rs:331
      in /home/zhuhe/code/litchi-target-0830/fp/release/xlsx-edit-profile-0830
    xlsx_edit_profile_0830::run::h4a0a709ddf300f9f
      at src/main.rs:227
      in /home/zhuhe/code/litchi-target-0830/fp/release/xlsx-edit-profile-0830
    xlsx_edit_profile_0830::main::h87ef95137f6e4ff2
      at /home/zhuhe/code/litchi/docs/performance/results/change-0830/probe-src/src/main.rs:178
    core::ops::function::FnOnce::call_once::hb4e58432592306ca
      at /rustc/59807616e1fa2540724bfbac14d7976d7e4a3860/library/core/src/ops/function.rs:250
      in /home/zhuhe/code/litchi-target-0830/fp/release/xlsx-edit-profile-0830
    std::sys::backtrace::__rust_begin_short_backtrace::h12b7350305ee1e0e
      at /rustc/59807616e1fa2540724bfbac14d7976d7e4a3860/library/std/src/sys/backtrace.rs:166
    std::rt::lang_start::_$u7b$$u7b$closure$u7d$$u7d$::h8a940b522bba9542
      at /rustc/59807616e1fa2540724bfbac14d7976d7e4a3860/library/std/src/rt.rs:206
      in /home/zhuhe/code/litchi-target-0830/fp/release/xlsx-edit-profile-0830
    _RNvXs0_NtNtNtCsgEmfK2I1SDS_4core3ops8function5implsRDINtB7_2FnuEp6OutputlNtNtBb_6marker4SyncNtNtNtBb_5panic11unwind_safe13RefUnwindSafeEL_INtB7_6FnOnceuE9call_onceCsjrHSEGnQ3l9_3std
      at library/core/src/ops/function.rs:287
      in /home/zhuhe/code/litchi-target-0830/fp/release/xlsx-edit-profile-0830
    _RINvNvNtCsjrHSEGnQ3l9_3std9panicking12catch_unwind7do_callRDINtNtNtCsgEmfK2I1SDS_4core3ops8function2FnuEp6OutputlNtNtB13_6marker4SyncNtNtNtB13_5panic11unwind_safe13RefUnwindSafeEL_lEB6_
      at /rustc/59807616e1fa2540724bfbac14d7976d7e4a3860/library/std/src/panicking.rs:581
    _RINvNtCsjrHSEGnQ3l9_3std9panicking12catch_unwindlRDINtNtNtCsgEmfK2I1SDS_4core3ops8function2FnuEp6OutputlNtNtBU_6marker4SyncNtNtNtBU_5panic11unwind_safe13RefUnwindSafeEL_EB4_
      at /rustc/59807616e1fa2540724bfbac14d7976d7e4a3860/library/std/src/panicking.rs:544
    _RINvNtCsjrHSEGnQ3l9_3std5panic12catch_unwindRDINtNtNtCsgEmfK2I1SDS_4core3ops8function2FnuEp6OutputlNtNtBP_6marker4SyncNtNtNtBP_5panic11unwind_safe13RefUnwindSafeEL_lEB4_
      at /rustc/59807616e1fa2540724bfbac14d7976d7e4a3860/library/std/src/panic.rs:359
    _RNCNvNtCsjrHSEGnQ3l9_3std2rt19lang_start_internal0B5_
      at /rustc/59807616e1fa2540724bfbac14d7976d7e4a3860/library/std/src/rt.rs:175
    _RINvNvNtCsjrHSEGnQ3l9_3std9panicking12catch_unwind7do_callNCNvNtB6_2rt19lang_start_internal0iEB6_
      at /rustc/59807616e1fa2540724bfbac14d7976d7e4a3860/library/std/src/panicking.rs:581
    _RINvNtCsjrHSEGnQ3l9_3std9panicking12catch_unwindiNCNvNtB4_2rt19lang_start_internal0EB4_
      at /rustc/59807616e1fa2540724bfbac14d7976d7e4a3860/library/std/src/panicking.rs:544
    _RINvNtCsjrHSEGnQ3l9_3std5panic12catch_unwindNCNvNtB4_2rt19lang_start_internal0iEB4_
      at /rustc/59807616e1fa2540724bfbac14d7976d7e4a3860/library/std/src/panic.rs:359
    _RNvNtCsjrHSEGnQ3l9_3std2rt19lang_start_internal
      at /rustc/59807616e1fa2540724bfbac14d7976d7e4a3860/library/std/src/rt.rs:171
    main
      in /home/zhuhe/code/litchi-target-0830/fp/release/xlsx-edit-profile-0830
20 calls with 0B peak consumption from:
    _RNvMs4_NtCslNYArtu3iFV_5alloc7raw_vecNtB5_11RawVecInner14grow_amortizedB7_
      at library/alloc/src/raw_vec/mod.rs:527
      in /home/zhuhe/code/litchi-target-0830/fp/release/xlsx-edit-profile-0830
    _RNvMs4_NtCslNYArtu3iFV_5alloc7raw_vecNtB5_11RawVecInner8grow_oneB7_
      at /rustc/59807616e1fa2540724bfbac14d7976d7e4a3860/library/alloc/src/raw_vec/mod.rs:491
    _RNvMs3_NtCslNYArtu3iFV_5alloc7raw_vecINtB5_6RawVechE8grow_oneB7_
      at /rustc/59807616e1fa2540724bfbac14d7976d7e4a3860/library/alloc/src/raw_vec/mod.rs:188
    alloc::vec::Vec$LT$T$C$A$GT$::push_mut::h9595734bd14035f8
      at /rustc/59807616e1fa2540724bfbac14d7976d7e4a3860/library/alloc/src/vec/mod.rs:1029
      in /home/zhuhe/code/litchi-target-0830/fp/release/xlsx-edit-profile-0830
    alloc::vec::Vec$LT$T$C$A$GT$::push::h2ff6174ac8ab5c56
      at /rustc/59807616e1fa2540724bfbac14d7976d7e4a3860/library/alloc/src/vec/mod.rs:992
    quick_xml::events::BytesStart::push_attr::heb2ca9438f75849a
      at /home/zhuhe/.cargo/registry/src/index.crates.io-1949cf8c6b5b557f/quick-xml-0.41.0/src/events/mod.rs:324
    quick_xml::events::BytesStart::push_attribute::h86157367e4b280c2
      at /home/zhuhe/.cargo/registry/src/index.crates.io-1949cf8c6b5b557f/quick-xml-0.41.0/src/events/mod.rs:277
      in /home/zhuhe/code/litchi-target-0830/fp/release/xlsx-edit-profile-0830
    litchi_xlsx::raw::compact::write_start::h3c8c54645eff045b
      at /home/zhuhe/code/litchi/crates/litchi-xlsx/src/raw/compact.rs:353
    litchi_xlsx::raw::compact::compact_events::h3c4c7f60717c61ad
      at src/raw/compact.rs:221
      in /home/zhuhe/code/litchi-target-0830/fp/release/xlsx-edit-profile-0830
    litchi_xlsx::raw::compact::changed_observed::h9a9ab9488f827123
      at src/raw/compact.rs:174
      in /home/zhuhe/code/litchi-target-0830/fp/release/xlsx-edit-profile-0830
    litchi_xlsx::raw::compact::changed_worksheet::h91e4e2ab65b00587
      at /home/zhuhe/code/litchi/crates/litchi-xlsx/src/raw/compact.rs:121
    litchi_xlsx::workbook::edit::semantic::transaction::Edit::commit::he7829c28ddb90d02
      at src/workbook/edit/semantic/transaction.rs:2273
      in /home/zhuhe/code/litchi-target-0830/fp/release/xlsx-edit-profile-0830
    xlsx_edit_profile_0830::edit_helper_0830::h60d088236ffa3bef
      at src/main.rs:300
      in /home/zhuhe/code/litchi-target-0830/fp/release/xlsx-edit-profile-0830
    xlsx_edit_profile_0830::edit_region_0830::hd9047958b6bb4145
      at /home/zhuhe/code/litchi/docs/performance/results/change-0830/probe-src/src/main.rs:313
    xlsx_edit_profile_0830::execute_one::hd13185211950c238
      at src/main.rs:331
      in /home/zhuhe/code/litchi-target-0830/fp/release/xlsx-edit-profile-0830
    xlsx_edit_profile_0830::run::h4a0a709ddf300f9f
      at src/main.rs:227
      in /home/zhuhe/code/litchi-target-0830/fp/release/xlsx-edit-profile-0830
    xlsx_edit_profile_0830::main::h87ef95137f6e4ff2
      at /home/zhuhe/code/litchi/docs/performance/results/change-0830/probe-src/src/main.rs:178
    core::ops::function::FnOnce::call_once::hb4e58432592306ca
      at /rustc/59807616e1fa2540724bfbac14d7976d7e4a3860/library/core/src/ops/function.rs:250
      in /home/zhuhe/code/litchi-target-0830/fp/release/xlsx-edit-profile-0830
    std::sys::backtrace::__rust_begin_short_backtrace::h12b7350305ee1e0e
      at /rustc/59807616e1fa2540724bfbac14d7976d7e4a3860/library/std/src/sys/backtrace.rs:166
    std::rt::lang_start::_$u7b$$u7b$closure$u7d$$u7d$::h8a940b522bba9542
      at /rustc/59807616e1fa2540724bfbac14d7976d7e4a3860/library/std/src/rt.rs:206
      in /home/zhuhe/code/litchi-target-0830/fp/release/xlsx-edit-profile-0830
    _RNvXs0_NtNtNtCsgEmfK2I1SDS_4core3ops8function5implsRDINtB7_2FnuEp6OutputlNtNtBb_6marker4SyncNtNtNtBb_5panic11unwind_safe13RefUnwindSafeEL_INtB7_6FnOnceuE9call_onceCsjrHSEGnQ3l9_3std
      at library/core/src/ops/function.rs:287
      in /home/zhuhe/code/litchi-target-0830/fp/release/xlsx-edit-profile-0830
    _RINvNvNtCsjrHSEGnQ3l9_3std9panicking12catch_unwind7do_callRDINtNtNtCsgEmfK2I1SDS_4core3ops8function2FnuEp6OutputlNtNtB13_6marker4SyncNtNtNtB13_5panic11unwind_safe13RefUnwindSafeEL_lEB6_
      at /rustc/59807616e1fa2540724bfbac14d7976d7e4a3860/library/std/src/panicking.rs:581
    _RINvNtCsjrHSEGnQ3l9_3std9panicking12catch_unwindlRDINtNtNtCsgEmfK2I1SDS_4core3ops8function2FnuEp6OutputlNtNtBU_6marker4SyncNtNtNtBU_5panic11unwind_safe13RefUnwindSafeEL_EB4_
      at /rustc/59807616e1fa2540724bfbac14d7976d7e4a3860/library/std/src/panicking.rs:544
    _RINvNtCsjrHSEGnQ3l9_3std5panic12catch_unwindRDINtNtNtCsgEmfK2I1SDS_4core3ops8function2FnuEp6OutputlNtNtBP_6marker4SyncNtNtNtBP_5panic11unwind_safe13RefUnwindSafeEL_lEB4_
      at /rustc/59807616e1fa2540724bfbac14d7976d7e4a3860/library/std/src/panic.rs:359
    _RNCNvNtCsjrHSEGnQ3l9_3std2rt19lang_start_internal0B5_
      at /rustc/59807616e1fa2540724bfbac14d7976d7e4a3860/library/std/src/rt.rs:175
    _RINvNvNtCsjrHSEGnQ3l9_3std9panicking12catch_unwind7do_callNCNvNtB6_2rt19lang_start_internal0iEB6_
      at /rustc/59807616e1fa2540724bfbac14d7976d7e4a3860/library/std/src/panicking.rs:581
    _RINvNtCsjrHSEGnQ3l9_3std9panicking12catch_unwindiNCNvNtB4_2rt19lang_start_internal0EB4_
      at /rustc/59807616e1fa2540724bfbac14d7976d7e4a3860/library/std/src/panicking.rs:544
    _RINvNtCsjrHSEGnQ3l9_3std5panic12catch_unwindNCNvNtB4_2rt19lang_start_internal0iEB4_
      at /rustc/59807616e1fa2540724bfbac14d7976d7e4a3860/library/std/src/panic.rs:359
    _RNvNtCsjrHSEGnQ3l9_3std2rt19lang_start_internal
      at /rustc/59807616e1fa2540724bfbac14d7976d7e4a3860/library/std/src/rt.rs:171
    main
      in /home/zhuhe/code/litchi-target-0830/fp/release/xlsx-edit-profile-0830
  and 90 from 12 other places

180 calls to allocation functions with 0B peak consumption from
_RNvXNtNtNtCsjrHSEGnQ3l9_3std3sys5alloc4unixNtNtB8_5alloc6SystemNtNtNtCsgEmfK2I1SDS_4core5alloc6global11GlobalAlloc5alloc
  at library/std/src/sys/alloc/unix.rs:14
  in /home/zhuhe/code/litchi-target-0830/fp/release/xlsx-edit-profile-0830
_RNvCsfLfy6EI15iL_7___rustc11___rdl_alloc
  at /rustc/59807616e1fa2540724bfbac14d7976d7e4a3860/library/std/src/alloc.rs:455
_RNvNtCslNYArtu3iFV_5alloc5alloc5alloc
  at /rustc/59807616e1fa2540724bfbac14d7976d7e4a3860/library/alloc/src/alloc.rs:95
_RNvMNtCslNYArtu3iFV_5alloc5allocNtB2_6Global18alloc_impl_runtime
  at /rustc/59807616e1fa2540724bfbac14d7976d7e4a3860/library/alloc/src/alloc.rs:190
_RNvMNtCslNYArtu3iFV_5alloc5allocNtB2_6Global10alloc_impl
  at /rustc/59807616e1fa2540724bfbac14d7976d7e4a3860/library/alloc/src/alloc.rs:312
_RNvXs_NtCslNYArtu3iFV_5alloc5allocNtB4_6GlobalNtNtCsgEmfK2I1SDS_4core5alloc9Allocator8allocate
  at /rustc/59807616e1fa2540724bfbac14d7976d7e4a3860/library/alloc/src/alloc.rs:429
_RNvMs4_NtCslNYArtu3iFV_5alloc7raw_vecNtB5_11RawVecInner11finish_growB7_
  at /rustc/59807616e1fa2540724bfbac14d7976d7e4a3860/library/alloc/src/raw_vec/mod.rs:558
35 calls with 0B peak consumption from:
    _RNvMs4_NtCslNYArtu3iFV_5alloc7raw_vecNtB5_11RawVecInner14grow_amortizedB7_
      at /rustc/59807616e1fa2540724bfbac14d7976d7e4a3860/library/alloc/src/raw_vec/mod.rs:527
      in /home/zhuhe/code/litchi-target-0830/fp/release/xlsx-edit-profile-0830
    _RNvMs2_NtCslNYArtu3iFV_5alloc7raw_vecNtB5_11RawVecInner11try_reserveB7_
      at /rustc/59807616e1fa2540724bfbac14d7976d7e4a3860/library/alloc/src/raw_vec/mod.rs:691
    _RNvMs0_NtCslNYArtu3iFV_5alloc7raw_vecINtB5_6RawVechE11try_reserveB7_
      at /rustc/59807616e1fa2540724bfbac14d7976d7e4a3860/library/alloc/src/raw_vec/mod.rs:350
    _RNvMs_NtCslNYArtu3iFV_5alloc3vecINtB4_3VechE11try_reserveB6_
      at /rustc/59807616e1fa2540724bfbac14d7976d7e4a3860/library/alloc/src/vec/mod.rs:1513
    _RNvMNtCslNYArtu3iFV_5alloc6stringNtB2_6String11try_reserve
      at /rustc/59807616e1fa2540724bfbac14d7976d7e4a3860/library/alloc/src/string.rs:1305
    litchi_xlsx::raw::worksheet::codec::_$LT$impl$u20$litchi_xlsx..raw..worksheet..model..Parser$GT$::push_text::hadf820babe730aef
      at /home/zhuhe/code/litchi/crates/litchi-xlsx/src/raw/worksheet/codec.rs:1302
    litchi_xlsx::raw::worksheet::codec::_$LT$impl$u20$litchi_xlsx..raw..worksheet..model..Parser$GT$::transition::h93bbb2bbb8077d04
      at src/raw/worksheet/codec.rs:699
      in /home/zhuhe/code/litchi-target-0830/fp/release/xlsx-edit-profile-0830
    litchi_xlsx::raw::worksheet::codec::_$LT$impl$u20$litchi_xlsx..raw..worksheet..model..Parser$GT$::drive::h2bd1736be0146955
      at /home/zhuhe/code/litchi/crates/litchi-xlsx/src/raw/worksheet/codec.rs:402
    litchi_xlsx::raw::worksheet::codec::_$LT$impl$u20$litchi_xlsx..raw..worksheet..model..Parser$GT$::parse::h38e01f50e3469529
      at src/raw/worksheet/codec.rs:355
      in /home/zhuhe/code/litchi-target-0830/fp/release/xlsx-edit-profile-0830
    litchi_xlsx::raw::worksheet::parse::_$u7b$$u7b$closure$u7d$$u7d$::h3945b6e9bf3ccbda
      at /home/zhuhe/code/litchi/crates/litchi-xlsx/src/raw/worksheet/mod.rs:450
    litchi_xlsx::raw::worksheet::parse::h876fe1a70043d40c
      at /home/zhuhe/code/litchi/crates/litchi-xlsx/src/raw/worksheet/mod.rs:446
    litchi_xlsx::workbook::edit::semantic::transaction::Edit::commit::he7829c28ddb90d02
      at src/workbook/edit/semantic/transaction.rs:2310
      in /home/zhuhe/code/litchi-target-0830/fp/release/xlsx-edit-profile-0830
    xlsx_edit_profile_0830::edit_helper_0830::h60d088236ffa3bef
      at src/main.rs:300
      in /home/zhuhe/code/litchi-target-0830/fp/release/xlsx-edit-profile-0830
    xlsx_edit_profile_0830::edit_region_0830::hd9047958b6bb4145
      at /home/zhuhe/code/litchi/docs/performance/results/change-0830/probe-src/src/main.rs:313
    xlsx_edit_profile_0830::execute_one::hd13185211950c238
      at src/main.rs:331
      in /home/zhuhe/code/litchi-target-0830/fp/release/xlsx-edit-profile-0830
    xlsx_edit_profile_0830::run::h4a0a709ddf300f9f
      at src/main.rs:227
      in /home/zhuhe/code/litchi-target-0830/fp/release/xlsx-edit-profile-0830
    xlsx_edit_profile_0830::main::h87ef95137f6e4ff2
      at /home/zhuhe/code/litchi/docs/performance/results/change-0830/probe-src/src/main.rs:178
    core::ops::function::FnOnce::call_once::hb4e58432592306ca
      at /rustc/59807616e1fa2540724bfbac14d7976d7e4a3860/library/core/src/ops/function.rs:250
      in /home/zhuhe/code/litchi-target-0830/fp/release/xlsx-edit-profile-0830
    std::sys::backtrace::__rust_begin_short_backtrace::h12b7350305ee1e0e
      at /rustc/59807616e1fa2540724bfbac14d7976d7e4a3860/library/std/src/sys/backtrace.rs:166
    std::rt::lang_start::_$u7b$$u7b$closure$u7d$$u7d$::h8a940b522bba9542
      at /rustc/59807616e1fa2540724bfbac14d7976d7e4a3860/library/std/src/rt.rs:206
      in /home/zhuhe/code/litchi-target-0830/fp/release/xlsx-edit-profile-0830
    _RNvXs0_NtNtNtCsgEmfK2I1SDS_4core3ops8function5implsRDINtB7_2FnuEp6OutputlNtNtBb_6marker4SyncNtNtNtBb_5panic11unwind_safe13RefUnwindSafeEL_INtB7_6FnOnceuE9call_onceCsjrHSEGnQ3l9_3std
      at library/core/src/ops/function.rs:287
      in /home/zhuhe/code/litchi-target-0830/fp/release/xlsx-edit-profile-0830
    _RINvNvNtCsjrHSEGnQ3l9_3std9panicking12catch_unwind7do_callRDINtNtNtCsgEmfK2I1SDS_4core3ops8function2FnuEp6OutputlNtNtB13_6marker4SyncNtNtNtB13_5panic11unwind_safe13RefUnwindSafeEL_lEB6_
      at /rustc/59807616e1fa2540724bfbac14d7976d7e4a3860/library/std/src/panicking.rs:581
    _RINvNtCsjrHSEGnQ3l9_3std9panicking12catch_unwindlRDINtNtNtCsgEmfK2I1SDS_4core3ops8function2FnuEp6OutputlNtNtBU_6marker4SyncNtNtNtBU_5panic11unwind_safe13RefUnwindSafeEL_EB4_
      at /rustc/59807616e1fa2540724bfbac14d7976d7e4a3860/library/std/src/panicking.rs:544
    _RINvNtCsjrHSEGnQ3l9_3std5panic12catch_unwindRDINtNtNtCsgEmfK2I1SDS_4core3ops8function2FnuEp6OutputlNtNtBP_6marker4SyncNtNtNtBP_5panic11unwind_safe13RefUnwindSafeEL_lEB4_
      at /rustc/59807616e1fa2540724bfbac14d7976d7e4a3860/library/std/src/panic.rs:359
    _RNCNvNtCsjrHSEGnQ3l9_3std2rt19lang_start_internal0B5_
      at /rustc/59807616e1fa2540724bfbac14d7976d7e4a3860/library/std/src/rt.rs:175
    _RINvNvNtCsjrHSEGnQ3l9_3std9panicking12catch_unwind7do_callNCNvNtB6_2rt19lang_start_internal0iEB6_
      at /rustc/59807616e1fa2540724bfbac14d7976d7e4a3860/library/std/src/panicking.rs:581
    _RINvNtCsjrHSEGnQ3l9_3std9panicking12catch_unwindiNCNvNtB4_2rt19lang_start_internal0EB4_
      at /rustc/59807616e1fa2540724bfbac14d7976d7e4a3860/library/std/src/panicking.rs:544
    _RINvNtCsjrHSEGnQ3l9_3std5panic12catch_unwindNCNvNtB4_2rt19lang_start_internal0iEB4_
      at /rustc/59807616e1fa2540724bfbac14d7976d7e4a3860/library/std/src/panic.rs:359
    _RNvNtCsjrHSEGnQ3l9_3std2rt19lang_start_internal
      at /rustc/59807616e1fa2540724bfbac14d7976d7e4a3860/library/std/src/rt.rs:171
    main
      in /home/zhuhe/code/litchi-target-0830/fp/release/xlsx-edit-profile-0830
25 calls with 0B peak consumption from:
    _RNvMs4_NtCslNYArtu3iFV_5alloc7raw_vecNtB5_11RawVecInner14grow_amortizedB7_
      at /rustc/59807616e1fa2540724bfbac14d7976d7e4a3860/library/alloc/src/raw_vec/mod.rs:527
      in /home/zhuhe/code/litchi-target-0830/fp/release/xlsx-edit-profile-0830
    _RNvMs2_NtCslNYArtu3iFV_5alloc7raw_vecNtB5_11RawVecInner11try_reserveB7_
      at /rustc/59807616e1fa2540724bfbac14d7976d7e4a3860/library/alloc/src/raw_vec/mod.rs:691
    _RNvMs0_NtCslNYArtu3iFV_5alloc7raw_vecINtB5_6RawVechE11try_reserveB7_
      at /rustc/59807616e1fa2540724bfbac14d7976d7e4a3860/library/alloc/src/raw_vec/mod.rs:350
    _RNvMs_NtCslNYArtu3iFV_5alloc3vecINtB4_3VechE11try_reserveB6_
      at /rustc/59807616e1fa2540724bfbac14d7976d7e4a3860/library/alloc/src/vec/mod.rs:1513
    _RNvMNtCslNYArtu3iFV_5alloc6stringNtB2_6String11try_reserve
      at /rustc/59807616e1fa2540724bfbac14d7976d7e4a3860/library/alloc/src/string.rs:1305
    litchi_xlsx::raw::strings::Parser::push_text::h866ee472ab3b6bb5
      at /home/zhuhe/code/litchi/crates/litchi-xlsx/src/raw/strings.rs:732
    litchi_xlsx::raw::strings::Parser::parse::h49ce46abb4b188bd
      at src/raw/strings.rs:605
      in /home/zhuhe/code/litchi-target-0830/fp/release/xlsx-edit-profile-0830
    litchi_xlsx::raw::strings::parse::h94a25b8facc0e994
      at /home/zhuhe/code/litchi/crates/litchi-xlsx/src/raw/strings.rs:60
    litchi_xlsx::workbook::model::Inner::shared_strings::h88d92a880989b63b
      at /home/zhuhe/code/litchi/crates/litchi-xlsx/src/workbook/model.rs:1710
    litchi_xlsx::workbook::model::Worksheet::store::_$u7b$$u7b$closure$u7d$$u7d$::h2f132ecb440c8713
      at src/workbook/model.rs:1690
      in /home/zhuhe/code/litchi-target-0830/fp/release/xlsx-edit-profile-0830
    litchi_xlsx::raw::worksheet::codec::_$LT$impl$u20$litchi_xlsx..raw..worksheet..model..Parser$GT$::finish_parse::h511782c0ea7ff7e1
      at /home/zhuhe/code/litchi/crates/litchi-xlsx/src/raw/worksheet/codec.rs:612
    litchi_xlsx::raw::worksheet::codec::_$LT$impl$u20$litchi_xlsx..raw..worksheet..model..Parser$GT$::parse::h731d1c18e58e424b
      at /home/zhuhe/code/litchi/crates/litchi-xlsx/src/raw/worksheet/codec.rs:364
    litchi_xlsx::raw::worksheet::parse::_$u7b$$u7b$closure$u7d$$u7d$::hdee3a97428b2686f
      at /home/zhuhe/code/litchi/crates/litchi-xlsx/src/raw/worksheet/mod.rs:450
    litchi_xlsx::raw::worksheet::parse::hcbf0f8331010f29a
      at /home/zhuhe/code/litchi/crates/litchi-xlsx/src/raw/worksheet/mod.rs:446
    litchi_xlsx::workbook::model::Worksheet::store::hedf579646947337d
      at /home/zhuhe/code/litchi/crates/litchi-xlsx/src/workbook/model.rs:1690
    litchi_xlsx::workbook::edit::semantic::transaction::Edit::commit::he7829c28ddb90d02
      at src/workbook/edit/semantic/transaction.rs:1881
      in /home/zhuhe/code/litchi-target-0830/fp/release/xlsx-edit-profile-0830
    xlsx_edit_profile_0830::edit_helper_0830::h60d088236ffa3bef
      at src/main.rs:300
      in /home/zhuhe/code/litchi-target-0830/fp/release/xlsx-edit-profile-0830
    xlsx_edit_profile_0830::edit_region_0830::hd9047958b6bb4145
      at /home/zhuhe/code/litchi/docs/performance/results/change-0830/probe-src/src/main.rs:313
    xlsx_edit_profile_0830::execute_one::hd13185211950c238
      at src/main.rs:331
      in /home/zhuhe/code/litchi-target-0830/fp/release/xlsx-edit-profile-0830
    xlsx_edit_profile_0830::run::h4a0a709ddf300f9f
      at src/main.rs:227
      in /home/zhuhe/code/litchi-target-0830/fp/release/xlsx-edit-profile-0830
    xlsx_edit_profile_0830::main::h87ef95137f6e4ff2
      at /home/zhuhe/code/litchi/docs/performance/results/change-0830/probe-src/src/main.rs:178
    core::ops::function::FnOnce::call_once::hb4e58432592306ca
      at /rustc/59807616e1fa2540724bfbac14d7976d7e4a3860/library/core/src/ops/function.rs:250
      in /home/zhuhe/code/litchi-target-0830/fp/release/xlsx-edit-profile-0830
    std::sys::backtrace::__rust_begin_short_backtrace::h12b7350305ee1e0e
      at /rustc/59807616e1fa2540724bfbac14d7976d7e4a3860/library/std/src/sys/backtrace.rs:166
    std::rt::lang_start::_$u7b$$u7b$closure$u7d$$u7d$::h8a940b522bba9542
      at /rustc/59807616e1fa2540724bfbac14d7976d7e4a3860/library/std/src/rt.rs:206
      in /home/zhuhe/code/litchi-target-0830/fp/release/xlsx-edit-profile-0830
    _RNvXs0_NtNtNtCsgEmfK2I1SDS_4core3ops8function5implsRDINtB7_2FnuEp6OutputlNtNtBb_6marker4SyncNtNtNtBb_5panic11unwind_safe13RefUnwindSafeEL_INtB7_6FnOnceuE9call_onceCsjrHSEGnQ3l9_3std
      at library/core/src/ops/function.rs:287
      in /home/zhuhe/code/litchi-target-0830/fp/release/xlsx-edit-profile-0830
    _RINvNvNtCsjrHSEGnQ3l9_3std9panicking12catch_unwind7do_callRDINtNtNtCsgEmfK2I1SDS_4core3ops8function2FnuEp6OutputlNtNtB13_6marker4SyncNtNtNtB13_5panic11unwind_safe13RefUnwindSafeEL_lEB6_
      at /rustc/59807616e1fa2540724bfbac14d7976d7e4a3860/library/std/src/panicking.rs:581
    _RINvNtCsjrHSEGnQ3l9_3std9panicking12catch_unwindlRDINtNtNtCsgEmfK2I1SDS_4core3ops8function2FnuEp6OutputlNtNtBU_6marker4SyncNtNtNtBU_5panic11unwind_safe13RefUnwindSafeEL_EB4_
      at /rustc/59807616e1fa2540724bfbac14d7976d7e4a3860/library/std/src/panicking.rs:544
    _RINvNtCsjrHSEGnQ3l9_3std5panic12catch_unwindRDINtNtNtCsgEmfK2I1SDS_4core3ops8function2FnuEp6OutputlNtNtBP_6marker4SyncNtNtNtBP_5panic11unwind_safe13RefUnwindSafeEL_lEB4_
      at /rustc/59807616e1fa2540724bfbac14d7976d7e4a3860/library/std/src/panic.rs:359
    _RNCNvNtCsjrHSEGnQ3l9_3std2rt19lang_start_internal0B5_
      at /rustc/59807616e1fa2540724bfbac14d7976d7e4a3860/library/std/src/rt.rs:175
    _RINvNvNtCsjrHSEGnQ3l9_3std9panicking12catch_unwind7do_callNCNvNtB6_2rt19lang_start_internal0iEB6_
      at /rustc/59807616e1fa2540724bfbac14d7976d7e4a3860/library/std/src/panicking.rs:581
    _RINvNtCsjrHSEGnQ3l9_3std9panicking12catch_unwindiNCNvNtB4_2rt19lang_start_internal0EB4_
      at /rustc/59807616e1fa2540724bfbac14d7976d7e4a3860/library/std/src/panicking.rs:544
    _RINvNtCsjrHSEGnQ3l9_3std5panic12catch_unwindNCNvNtB4_2rt19lang_start_internal0iEB4_
      at /rustc/59807616e1fa2540724bfbac14d7976d7e4a3860/library/std/src/panic.rs:359
    _RNvNtCsjrHSEGnQ3l9_3std2rt19lang_start_internal
      at /rustc/59807616e1fa2540724bfbac14d7976d7e4a3860/library/std/src/rt.rs:171
    main
      in /home/zhuhe/code/litchi-target-0830/fp/release/xlsx-edit-profile-0830
25 calls with 0B peak consumption from:
    _RNvMs4_NtCslNYArtu3iFV_5alloc7raw_vecNtB5_11RawVecInner14grow_amortizedB7_
      at /rustc/59807616e1fa2540724bfbac14d7976d7e4a3860/library/alloc/src/raw_vec/mod.rs:527
      in /home/zhuhe/code/litchi-target-0830/fp/release/xlsx-edit-profile-0830
    _RNvMs2_NtCslNYArtu3iFV_5alloc7raw_vecNtB5_11RawVecInner11try_reserveB7_
      at /rustc/59807616e1fa2540724bfbac14d7976d7e4a3860/library/alloc/src/raw_vec/mod.rs:691
    _RNvMs0_NtCslNYArtu3iFV_5alloc7raw_vecINtB5_6RawVechE11try_reserveB7_
      at /rustc/59807616e1fa2540724bfbac14d7976d7e4a3860/library/alloc/src/raw_vec/mod.rs:350
    _RNvMs_NtCslNYArtu3iFV_5alloc3vecINtB4_3VechE11try_reserveB6_
      at /rustc/59807616e1fa2540724bfbac14d7976d7e4a3860/library/alloc/src/vec/mod.rs:1513
    _RNvMNtCslNYArtu3iFV_5alloc6stringNtB2_6String11try_reserve
      at /rustc/59807616e1fa2540724bfbac14d7976d7e4a3860/library/alloc/src/string.rs:1305
    litchi_xlsx::raw::strings::decode_spreadsheet_text::h8b10b0183ca74e5b
      at /home/zhuhe/code/litchi/crates/litchi-xlsx/src/raw/strings.rs:794
    litchi_xlsx::raw::strings::Parser::finish::h70228e72ce0ae758
      at src/raw/strings.rs:746
      in /home/zhuhe/code/litchi-target-0830/fp/release/xlsx-edit-profile-0830
    litchi_xlsx::raw::strings::Parser::parse::h49ce46abb4b188bd
      at src/raw/strings.rs:618
      in /home/zhuhe/code/litchi-target-0830/fp/release/xlsx-edit-profile-0830
    litchi_xlsx::raw::strings::parse::h94a25b8facc0e994
      at /home/zhuhe/code/litchi/crates/litchi-xlsx/src/raw/strings.rs:60
    litchi_xlsx::workbook::model::Inner::shared_strings::h88d92a880989b63b
      at /home/zhuhe/code/litchi/crates/litchi-xlsx/src/workbook/model.rs:1710
    litchi_xlsx::workbook::model::Worksheet::store::_$u7b$$u7b$closure$u7d$$u7d$::h2f132ecb440c8713
      at src/workbook/model.rs:1690
      in /home/zhuhe/code/litchi-target-0830/fp/release/xlsx-edit-profile-0830
    litchi_xlsx::raw::worksheet::codec::_$LT$impl$u20$litchi_xlsx..raw..worksheet..model..Parser$GT$::finish_parse::h511782c0ea7ff7e1
      at /home/zhuhe/code/litchi/crates/litchi-xlsx/src/raw/worksheet/codec.rs:612
    litchi_xlsx::raw::worksheet::codec::_$LT$impl$u20$litchi_xlsx..raw..worksheet..model..Parser$GT$::parse::h731d1c18e58e424b
      at /home/zhuhe/code/litchi/crates/litchi-xlsx/src/raw/worksheet/codec.rs:364
    litchi_xlsx::raw::worksheet::parse::_$u7b$$u7b$closure$u7d$$u7d$::hdee3a97428b2686f
      at /home/zhuhe/code/litchi/crates/litchi-xlsx/src/raw/worksheet/mod.rs:450
    litchi_xlsx::raw::worksheet::parse::hcbf0f8331010f29a
      at /home/zhuhe/code/litchi/crates/litchi-xlsx/src/raw/worksheet/mod.rs:446
    litchi_xlsx::workbook::model::Worksheet::store::hedf579646947337d
      at /home/zhuhe/code/litchi/crates/litchi-xlsx/src/workbook/model.rs:1690
    litchi_xlsx::workbook::edit::semantic::transaction::Edit::commit::he7829c28ddb90d02
      at src/workbook/edit/semantic/transaction.rs:1881
      in /home/zhuhe/code/litchi-target-0830/fp/release/xlsx-edit-profile-0830
    xlsx_edit_profile_0830::edit_helper_0830::h60d088236ffa3bef
      at src/main.rs:300
      in /home/zhuhe/code/litchi-target-0830/fp/release/xlsx-edit-profile-0830
    xlsx_edit_profile_0830::edit_region_0830::hd9047958b6bb4145
      at /home/zhuhe/code/litchi/docs/performance/results/change-0830/probe-src/src/main.rs:313
    xlsx_edit_profile_0830::execute_one::hd13185211950c238
      at src/main.rs:331
      in /home/zhuhe/code/litchi-target-0830/fp/release/xlsx-edit-profile-0830
    xlsx_edit_profile_0830::run::h4a0a709ddf300f9f
      at src/main.rs:227
      in /home/zhuhe/code/litchi-target-0830/fp/release/xlsx-edit-profile-0830
    xlsx_edit_profile_0830::main::h87ef95137f6e4ff2
      at /home/zhuhe/code/litchi/docs/performance/results/change-0830/probe-src/src/main.rs:178
    core::ops::function::FnOnce::call_once::hb4e58432592306ca
      at /rustc/59807616e1fa2540724bfbac14d7976d7e4a3860/library/core/src/ops/function.rs:250
      in /home/zhuhe/code/litchi-target-0830/fp/release/xlsx-edit-profile-0830
    std::sys::backtrace::__rust_begin_short_backtrace::h12b7350305ee1e0e
      at /rustc/59807616e1fa2540724bfbac14d7976d7e4a3860/library/std/src/sys/backtrace.rs:166
    std::rt::lang_start::_$u7b$$u7b$closure$u7d$$u7d$::h8a940b522bba9542
      at /rustc/59807616e1fa2540724bfbac14d7976d7e4a3860/library/std/src/rt.rs:206
      in /home/zhuhe/code/litchi-target-0830/fp/release/xlsx-edit-profile-0830
    _RNvXs0_NtNtNtCsgEmfK2I1SDS_4core3ops8function5implsRDINtB7_2FnuEp6OutputlNtNtBb_6marker4SyncNtNtNtBb_5panic11unwind_safe13RefUnwindSafeEL_INtB7_6FnOnceuE9call_onceCsjrHSEGnQ3l9_3std
      at library/core/src/ops/function.rs:287
      in /home/zhuhe/code/litchi-target-0830/fp/release/xlsx-edit-profile-0830
    _RINvNvNtCsjrHSEGnQ3l9_3std9panicking12catch_unwind7do_callRDINtNtNtCsgEmfK2I1SDS_4core3ops8function2FnuEp6OutputlNtNtB13_6marker4SyncNtNtNtB13_5panic11unwind_safe13RefUnwindSafeEL_lEB6_
      at /rustc/59807616e1fa2540724bfbac14d7976d7e4a3860/library/std/src/panicking.rs:581
    _RINvNtCsjrHSEGnQ3l9_3std9panicking12catch_unwindlRDINtNtNtCsgEmfK2I1SDS_4core3ops8function2FnuEp6OutputlNtNtBU_6marker4SyncNtNtNtBU_5panic11unwind_safe13RefUnwindSafeEL_EB4_
      at /rustc/59807616e1fa2540724bfbac14d7976d7e4a3860/library/std/src/panicking.rs:544
    _RINvNtCsjrHSEGnQ3l9_3std5panic12catch_unwindRDINtNtNtCsgEmfK2I1SDS_4core3ops8function2FnuEp6OutputlNtNtBP_6marker4SyncNtNtNtBP_5panic11unwind_safe13RefUnwindSafeEL_lEB4_
      at /rustc/59807616e1fa2540724bfbac14d7976d7e4a3860/library/std/src/panic.rs:359
    _RNCNvNtCsjrHSEGnQ3l9_3std2rt19lang_start_internal0B5_
      at /rustc/59807616e1fa2540724bfbac14d7976d7e4a3860/library/std/src/rt.rs:175
    _RINvNvNtCsjrHSEGnQ3l9_3std9panicking12catch_unwind7do_callNCNvNtB6_2rt19lang_start_internal0iEB6_
      at /rustc/59807616e1fa2540724bfbac14d7976d7e4a3860/library/std/src/panicking.rs:581
    _RINvNtCsjrHSEGnQ3l9_3std9panicking12catch_unwindiNCNvNtB4_2rt19lang_start_internal0EB4_
      at /rustc/59807616e1fa2540724bfbac14d7976d7e4a3860/library/std/src/panicking.rs:544
    _RINvNtCsjrHSEGnQ3l9_3std5panic12catch_unwindNCNvNtB4_2rt19lang_start_internal0iEB4_
      at /rustc/59807616e1fa2540724bfbac14d7976d7e4a3860/library/std/src/panic.rs:359
    _RNvNtCsjrHSEGnQ3l9_3std2rt19lang_start_internal
      at /rustc/59807616e1fa2540724bfbac14d7976d7e4a3860/library/std/src/rt.rs:171
    main
      in /home/zhuhe/code/litchi-target-0830/fp/release/xlsx-edit-profile-0830
5 calls with 0B peak consumption from:
    _RNvMs4_NtCslNYArtu3iFV_5alloc7raw_vecNtB5_11RawVecInner14grow_amortizedB7_
      at library/alloc/src/raw_vec/mod.rs:527
      in /home/zhuhe/code/litchi-target-0830/fp/release/xlsx-edit-profile-0830
    _RNvMs4_NtCslNYArtu3iFV_5alloc7raw_vecNtB5_11RawVecInner8grow_oneB7_
      at /rustc/59807616e1fa2540724bfbac14d7976d7e4a3860/library/alloc/src/raw_vec/mod.rs:491
    _RNvMs3_NtCslNYArtu3iFV_5alloc7raw_vecINtB5_6RawVechE8grow_oneB7_
      at /rustc/59807616e1fa2540724bfbac14d7976d7e4a3860/library/alloc/src/raw_vec/mod.rs:188
    alloc::vec::Vec$LT$T$C$A$GT$::push_mut::hf896f78940e94244
      at /rustc/59807616e1fa2540724bfbac14d7976d7e4a3860/library/alloc/src/vec/mod.rs:1029
      in /home/zhuhe/code/litchi-target-0830/fp/release/xlsx-edit-profile-0830
    alloc::vec::Vec$LT$T$C$A$GT$::push::haca110db03c0238e
      at /rustc/59807616e1fa2540724bfbac14d7976d7e4a3860/library/alloc/src/vec/mod.rs:992
    quick_xml::reader::buffered_reader::_$LT$impl$u20$quick_xml..reader..XmlSource$LT$$RF$mut$u20$alloc..vec..Vec$LT$u8$GT$$GT$$u20$for$u20$R$GT$::read_with::h3e343fc6093f6a6a
      at /home/zhuhe/.cargo/registry/src/index.crates.io-1949cf8c6b5b557f/quick-xml-0.41.0/src/reader/buffered_reader.rs:200
    quick_xml::reader::Reader$LT$R$GT$::read_until_close::h1f7fcabb1ed87135
      at /home/zhuhe/.cargo/registry/src/index.crates.io-1949cf8c6b5b557f/quick-xml-0.41.0/src/reader/mod.rs:450
    quick_xml::reader::Reader$LT$R$GT$::read_event_impl::h87d5a509e6697a10
      at /home/zhuhe/.cargo/registry/src/index.crates.io-1949cf8c6b5b557f/quick-xml-0.41.0/src/reader/mod.rs:369
    quick_xml::reader::buffered_reader::_$LT$impl$u20$quick_xml..reader..Reader$LT$R$GT$$GT$::read_event_into::h4dd79a2475179aee
      at /home/zhuhe/.cargo/registry/src/index.crates.io-1949cf8c6b5b557f/quick-xml-0.41.0/src/reader/buffered_reader.rs:392
      in /home/zhuhe/code/litchi-target-0830/fp/release/xlsx-edit-profile-0830
    litchi_ooxml_common::mce::codec::process_markup_compatibility::hf56a000df331f5c6
      at /home/zhuhe/code/litchi/crates/litchi-ooxml-common/src/mce/codec.rs:770
    litchi_xlsx::calculation_properties::codec::inspect_with_policy::h51fef39000135969
      at src/calculation_properties/codec.rs:99
      in /home/zhuhe/code/litchi-target-0830/fp/release/xlsx-edit-profile-0830
    litchi_xlsx::calculation_properties::codec::inspect::ha05565c41b042676
      at src/calculation_properties/codec.rs:68
      in /home/zhuhe/code/litchi-target-0830/fp/release/xlsx-edit-profile-0830
    litchi_xlsx::calculation_properties::snapshot::Snapshot::load_with_limits::h7d9abfdeb246eb38
      at /home/zhuhe/code/litchi/crates/litchi-xlsx/src/calculation_properties/snapshot.rs:42
    litchi_xlsx::calculation_properties::snapshot::Snapshot::load::h51d1c752a1f0f4f9
      at src/calculation_properties/snapshot.rs:27
      in /home/zhuhe/code/litchi-target-0830/fp/release/xlsx-edit-profile-0830
    litchi_xlsx::workbook::model::Workbook::calculation_metadata::hb098624dc1272608
      at /home/zhuhe/code/litchi/crates/litchi-xlsx/src/workbook/model.rs:1023
    litchi_xlsx::workbook::edit::semantic::transaction::Edit::commit::he7829c28ddb90d02
      at src/workbook/edit/semantic/transaction.rs:3273
      in /home/zhuhe/code/litchi-target-0830/fp/release/xlsx-edit-profile-0830
    xlsx_edit_profile_0830::edit_helper_0830::h60d088236ffa3bef
      at src/main.rs:300
      in /home/zhuhe/code/litchi-target-0830/fp/release/xlsx-edit-profile-0830
    xlsx_edit_profile_0830::edit_region_0830::hd9047958b6bb4145
      at /home/zhuhe/code/litchi/docs/performance/results/change-0830/probe-src/src/main.rs:313
    xlsx_edit_profile_0830::execute_one::hd13185211950c238
      at src/main.rs:331
      in /home/zhuhe/code/litchi-target-0830/fp/release/xlsx-edit-profile-0830
    xlsx_edit_profile_0830::run::h4a0a709ddf300f9f
      at src/main.rs:227
      in /home/zhuhe/code/litchi-target-0830/fp/release/xlsx-edit-profile-0830
    xlsx_edit_profile_0830::main::h87ef95137f6e4ff2
      at /home/zhuhe/code/litchi/docs/performance/results/change-0830/probe-src/src/main.rs:178
    core::ops::function::FnOnce::call_once::hb4e58432592306ca
      at /rustc/59807616e1fa2540724bfbac14d7976d7e4a3860/library/core/src/ops/function.rs:250
      in /home/zhuhe/code/litchi-target-0830/fp/release/xlsx-edit-profile-0830
    std::sys::backtrace::__rust_begin_short_backtrace::h12b7350305ee1e0e
      at /rustc/59807616e1fa2540724bfbac14d7976d7e4a3860/library/std/src/sys/backtrace.rs:166
    std::rt::lang_start::_$u7b$$u7b$closure$u7d$$u7d$::h8a940b522bba9542
      at /rustc/59807616e1fa2540724bfbac14d7976d7e4a3860/library/std/src/rt.rs:206
      in /home/zhuhe/code/litchi-target-0830/fp/release/xlsx-edit-profile-0830
    _RNvXs0_NtNtNtCsgEmfK2I1SDS_4core3ops8function5implsRDINtB7_2FnuEp6OutputlNtNtBb_6marker4SyncNtNtNtBb_5panic11unwind_safe13RefUnwindSafeEL_INtB7_6FnOnceuE9call_onceCsjrHSEGnQ3l9_3std
      at library/core/src/ops/function.rs:287
      in /home/zhuhe/code/litchi-target-0830/fp/release/xlsx-edit-profile-0830
    _RINvNvNtCsjrHSEGnQ3l9_3std9panicking12catch_unwind7do_callRDINtNtNtCsgEmfK2I1SDS_4core3ops8function2FnuEp6OutputlNtNtB13_6marker4SyncNtNtNtB13_5panic11unwind_safe13RefUnwindSafeEL_lEB6_
      at /rustc/59807616e1fa2540724bfbac14d7976d7e4a3860/library/std/src/panicking.rs:581
    _RINvNtCsjrHSEGnQ3l9_3std9panicking12catch_unwindlRDINtNtNtCsgEmfK2I1SDS_4core3ops8function2FnuEp6OutputlNtNtBU_6marker4SyncNtNtNtBU_5panic11unwind_safe13RefUnwindSafeEL_EB4_
      at /rustc/59807616e1fa2540724bfbac14d7976d7e4a3860/library/std/src/panicking.rs:544
    _RINvNtCsjrHSEGnQ3l9_3std5panic12catch_unwindRDINtNtNtCsgEmfK2I1SDS_4core3ops8function2FnuEp6OutputlNtNtBP_6marker4SyncNtNtNtBP_5panic11unwind_safe13RefUnwindSafeEL_lEB4_
      at /rustc/59807616e1fa2540724bfbac14d7976d7e4a3860/library/std/src/panic.rs:359
    _RNCNvNtCsjrHSEGnQ3l9_3std2rt19lang_start_internal0B5_
      at /rustc/59807616e1fa2540724bfbac14d7976d7e4a3860/library/std/src/rt.rs:175
    _RINvNvNtCsjrHSEGnQ3l9_3std9panicking12catch_unwind7do_callNCNvNtB6_2rt19lang_start_internal0iEB6_
      at /rustc/59807616e1fa2540724bfbac14d7976d7e4a3860/library/std/src/panicking.rs:581
    _RINvNtCsjrHSEGnQ3l9_3std9panicking12catch_unwindiNCNvNtB4_2rt19lang_start_internal0EB4_
      at /rustc/59807616e1fa2540724bfbac14d7976d7e4a3860/library/std/src/panicking.rs:544
    _RINvNtCsjrHSEGnQ3l9_3std5panic12catch_unwindNCNvNtB4_2rt19lang_start_internal0iEB4_
      at /rustc/59807616e1fa2540724bfbac14d7976d7e4a3860/library/std/src/panic.rs:359
    _RNvNtCsjrHSEGnQ3l9_3std2rt19lang_start_internal
      at /rustc/59807616e1fa2540724bfbac14d7976d7e4a3860/library/std/src/rt.rs:171
    main
      in /home/zhuhe/code/litchi-target-0830/fp/release/xlsx-edit-profile-0830
5 calls with 0B peak consumption from:
    _RNvMs4_NtCslNYArtu3iFV_5alloc7raw_vecNtB5_11RawVecInner14grow_amortizedB7_
      at library/alloc/src/raw_vec/mod.rs:527
      in /home/zhuhe/code/litchi-target-0830/fp/release/xlsx-edit-profile-0830
    _RNvMs4_NtCslNYArtu3iFV_5alloc7raw_vecNtB5_11RawVecInner8grow_oneB7_
      at /rustc/59807616e1fa2540724bfbac14d7976d7e4a3860/library/alloc/src/raw_vec/mod.rs:491
    _RNvMs3_NtCslNYArtu3iFV_5alloc7raw_vecINtB5_6RawVechE8grow_oneB7_
      at /rustc/59807616e1fa2540724bfbac14d7976d7e4a3860/library/alloc/src/raw_vec/mod.rs:188
    alloc::vec::Vec$LT$T$C$A$GT$::push_mut::hf896f78940e94244
      at /rustc/59807616e1fa2540724bfbac14d7976d7e4a3860/library/alloc/src/vec/mod.rs:1029
      in /home/zhuhe/code/litchi-target-0830/fp/release/xlsx-edit-profile-0830
    alloc::vec::Vec$LT$T$C$A$GT$::push::haca110db03c0238e
      at /rustc/59807616e1fa2540724bfbac14d7976d7e4a3860/library/alloc/src/vec/mod.rs:992
    quick_xml::reader::buffered_reader::_$LT$impl$u20$quick_xml..reader..XmlSource$LT$$RF$mut$u20$alloc..vec..Vec$LT$u8$GT$$GT$$u20$for$u20$R$GT$::read_with::h3e343fc6093f6a6a
      at /home/zhuhe/.cargo/registry/src/index.crates.io-1949cf8c6b5b557f/quick-xml-0.41.0/src/reader/buffered_reader.rs:200
    quick_xml::reader::Reader$LT$R$GT$::read_until_close::h1f7fcabb1ed87135
      at /home/zhuhe/.cargo/registry/src/index.crates.io-1949cf8c6b5b557f/quick-xml-0.41.0/src/reader/mod.rs:450
    quick_xml::reader::Reader$LT$R$GT$::read_event_impl::h87d5a509e6697a10
      at /home/zhuhe/.cargo/registry/src/index.crates.io-1949cf8c6b5b557f/quick-xml-0.41.0/src/reader/mod.rs:369
    quick_xml::reader::buffered_reader::_$LT$impl$u20$quick_xml..reader..Reader$LT$R$GT$$GT$::read_event_into::h4dd79a2475179aee
      at /home/zhuhe/.cargo/registry/src/index.crates.io-1949cf8c6b5b557f/quick-xml-0.41.0/src/reader/buffered_reader.rs:392
      in /home/zhuhe/code/litchi-target-0830/fp/release/xlsx-edit-profile-0830
    litchi_ooxml_common::mce::codec::process_markup_compatibility::hf56a000df331f5c6
      at /home/zhuhe/code/litchi/crates/litchi-ooxml-common/src/mce/codec.rs:770
    litchi_ooxml_common::mce::codec::process_ooxml::hc423459ed40db600
      at src/mce/codec.rs:1672
      in /home/zhuhe/code/litchi-target-0830/fp/release/xlsx-edit-profile-0830
    litchi_xlsx::raw::worksheet::parse::_$u7b$$u7b$closure$u7d$$u7d$::hdee3a97428b2686f
      at src/raw/worksheet/mod.rs:447
      in /home/zhuhe/code/litchi-target-0830/fp/release/xlsx-edit-profile-0830
    litchi_xlsx::raw::worksheet::parse::hcbf0f8331010f29a
      at /home/zhuhe/code/litchi/crates/litchi-xlsx/src/raw/worksheet/mod.rs:446
    litchi_xlsx::workbook::model::Worksheet::store::hedf579646947337d
      at /home/zhuhe/code/litchi/crates/litchi-xlsx/src/workbook/model.rs:1690
    litchi_xlsx::workbook::edit::semantic::transaction::Edit::commit::he7829c28ddb90d02
      at src/workbook/edit/semantic/transaction.rs:1881
      in /home/zhuhe/code/litchi-target-0830/fp/release/xlsx-edit-profile-0830
    xlsx_edit_profile_0830::edit_helper_0830::h60d088236ffa3bef
      at src/main.rs:300
      in /home/zhuhe/code/litchi-target-0830/fp/release/xlsx-edit-profile-0830
    xlsx_edit_profile_0830::edit_region_0830::hd9047958b6bb4145
      at /home/zhuhe/code/litchi/docs/performance/results/change-0830/probe-src/src/main.rs:313
    xlsx_edit_profile_0830::execute_one::hd13185211950c238
      at src/main.rs:331
      in /home/zhuhe/code/litchi-target-0830/fp/release/xlsx-edit-profile-0830
    xlsx_edit_profile_0830::run::h4a0a709ddf300f9f
      at src/main.rs:227
      in /home/zhuhe/code/litchi-target-0830/fp/release/xlsx-edit-profile-0830
    xlsx_edit_profile_0830::main::h87ef95137f6e4ff2
      at /home/zhuhe/code/litchi/docs/performance/results/change-0830/probe-src/src/main.rs:178
    core::ops::function::FnOnce::call_once::hb4e58432592306ca
      at /rustc/59807616e1fa2540724bfbac14d7976d7e4a3860/library/core/src/ops/function.rs:250
      in /home/zhuhe/code/litchi-target-0830/fp/release/xlsx-edit-profile-0830
    std::sys::backtrace::__rust_begin_short_backtrace::h12b7350305ee1e0e
      at /rustc/59807616e1fa2540724bfbac14d7976d7e4a3860/library/std/src/sys/backtrace.rs:166
    std::rt::lang_start::_$u7b$$u7b$closure$u7d$$u7d$::h8a940b522bba9542
      at /rustc/59807616e1fa2540724bfbac14d7976d7e4a3860/library/std/src/rt.rs:206
      in /home/zhuhe/code/litchi-target-0830/fp/release/xlsx-edit-profile-0830
    _RNvXs0_NtNtNtCsgEmfK2I1SDS_4core3ops8function5implsRDINtB7_2FnuEp6OutputlNtNtBb_6marker4SyncNtNtNtBb_5panic11unwind_safe13RefUnwindSafeEL_INtB7_6FnOnceuE9call_onceCsjrHSEGnQ3l9_3std
      at library/core/src/ops/function.rs:287
      in /home/zhuhe/code/litchi-target-0830/fp/release/xlsx-edit-profile-0830
    _RINvNvNtCsjrHSEGnQ3l9_3std9panicking12catch_unwind7do_callRDINtNtNtCsgEmfK2I1SDS_4core3ops8function2FnuEp6OutputlNtNtB13_6marker4SyncNtNtNtB13_5panic11unwind_safe13RefUnwindSafeEL_lEB6_
      at /rustc/59807616e1fa2540724bfbac14d7976d7e4a3860/library/std/src/panicking.rs:581
    _RINvNtCsjrHSEGnQ3l9_3std9panicking12catch_unwindlRDINtNtNtCsgEmfK2I1SDS_4core3ops8function2FnuEp6OutputlNtNtBU_6marker4SyncNtNtNtBU_5panic11unwind_safe13RefUnwindSafeEL_EB4_
      at /rustc/59807616e1fa2540724bfbac14d7976d7e4a3860/library/std/src/panicking.rs:544
    _RINvNtCsjrHSEGnQ3l9_3std5panic12catch_unwindRDINtNtNtCsgEmfK2I1SDS_4core3ops8function2FnuEp6OutputlNtNtBP_6marker4SyncNtNtNtBP_5panic11unwind_safe13RefUnwindSafeEL_lEB4_
      at /rustc/59807616e1fa2540724bfbac14d7976d7e4a3860/library/std/src/panic.rs:359
    _RNCNvNtCsjrHSEGnQ3l9_3std2rt19lang_start_internal0B5_
      at /rustc/59807616e1fa2540724bfbac14d7976d7e4a3860/library/std/src/rt.rs:175
    _RINvNvNtCsjrHSEGnQ3l9_3std9panicking12catch_unwind7do_callNCNvNtB6_2rt19lang_start_internal0iEB6_
      at /rustc/59807616e1fa2540724bfbac14d7976d7e4a3860/library/std/src/panicking.rs:581
    _RINvNtCsjrHSEGnQ3l9_3std9panicking12catch_unwindiNCNvNtB4_2rt19lang_start_internal0EB4_
      at /rustc/59807616e1fa2540724bfbac14d7976d7e4a3860/library/std/src/panicking.rs:544
    _RINvNtCsjrHSEGnQ3l9_3std5panic12catch_unwindNCNvNtB4_2rt19lang_start_internal0iEB4_
      at /rustc/59807616e1fa2540724bfbac14d7976d7e4a3860/library/std/src/panic.rs:359
    _RNvNtCsjrHSEGnQ3l9_3std2rt19lang_start_internal
      at /rustc/59807616e1fa2540724bfbac14d7976d7e4a3860/library/std/src/rt.rs:171
    main
      in /home/zhuhe/code/litchi-target-0830/fp/release/xlsx-edit-profile-0830
  and 85 from 17 other places

35 calls to allocation functions with 0B peak consumption from
_RNvNtCslNYArtu3iFV_5alloc5alloc7realloc
  at /rustc/59807616e1fa2540724bfbac14d7976d7e4a3860/library/alloc/src/alloc.rs:135
  in /home/zhuhe/code/litchi-target-0830/fp/release/xlsx-edit-profile-0830
_RNvMNtCslNYArtu3iFV_5alloc5allocNtB2_6Global19shrink_impl_runtime
  at /rustc/59807616e1fa2540724bfbac14d7976d7e4a3860/library/alloc/src/alloc.rs:288
_RNvMNtCslNYArtu3iFV_5alloc5allocNtB2_6Global11shrink_impl
  at /rustc/59807616e1fa2540724bfbac14d7976d7e4a3860/library/alloc/src/alloc.rs:359
_RNvXs_NtCslNYArtu3iFV_5alloc5allocNtB4_6GlobalNtNtCsgEmfK2I1SDS_4core5alloc9Allocator6shrink
  at /rustc/59807616e1fa2540724bfbac14d7976d7e4a3860/library/alloc/src/alloc.rs:478
alloc::raw_vec::RawVecInner$LT$A$GT$::shrink_unchecked::hf428249fde59c60a
  at /rustc/59807616e1fa2540724bfbac14d7976d7e4a3860/library/alloc/src/raw_vec/mod.rs:852
alloc::raw_vec::RawVecInner$LT$A$GT$::shrink::hd9157286e28407b0
  at /rustc/59807616e1fa2540724bfbac14d7976d7e4a3860/library/alloc/src/raw_vec/mod.rs:814
alloc::raw_vec::RawVecInner$LT$A$GT$::shrink_to_fit::h9d7794b993f00c59
  at /rustc/59807616e1fa2540724bfbac14d7976d7e4a3860/library/alloc/src/raw_vec/mod.rs:744
alloc::raw_vec::RawVec$LT$T$C$A$GT$::shrink_to_fit::h365d17f3458b17b7
  at /rustc/59807616e1fa2540724bfbac14d7976d7e4a3860/library/alloc/src/raw_vec/mod.rs:400
alloc::vec::Vec$LT$T$C$A$GT$::shrink_to_fit::h45669831f29a9eeb
  at /rustc/59807616e1fa2540724bfbac14d7976d7e4a3860/library/alloc/src/vec/mod.rs:1584
alloc::vec::Vec$LT$T$C$A$GT$::into_boxed_slice::h38b2186f14c48e73
  at /rustc/59807616e1fa2540724bfbac14d7976d7e4a3860/library/alloc/src/vec/mod.rs:1710
litchi_xlsx::raw::worksheet::edit::codec::wire::tag::h79ec127e1276c810
  at /home/zhuhe/code/litchi/crates/litchi-xlsx/src/raw/worksheet/edit/codec/wire.rs:95
15 calls with 0B peak consumption from:
    litchi_xlsx::raw::worksheet::edit::codec::snapshot::scan::Scanner::start_row::he0e87f1d6507b276
      at src/raw/worksheet/edit/codec/snapshot/scan.rs:1316
      in /home/zhuhe/code/litchi-target-0830/fp/release/xlsx-edit-profile-0830
    litchi_xlsx::raw::worksheet::edit::codec::snapshot::scan::Scanner::start::hc1ac2fef86f95020
      at src/raw/worksheet/edit/codec/snapshot/scan.rs:834
      in /home/zhuhe/code/litchi-target-0830/fp/release/xlsx-edit-profile-0830
    litchi_xlsx::raw::worksheet::edit::codec::snapshot::scan::Scanner::lane_event::h0bbf50d678f4ec55
      at src/raw/worksheet/edit/codec/snapshot/scan.rs:516
      in /home/zhuhe/code/litchi-target-0830/fp/release/xlsx-edit-profile-0830
    litchi_xlsx::raw::worksheet::edit::codec::snapshot::scan::Scanner::lane_body::_$u7b$$u7b$closure$u7d$$u7d$::h4cd3bde87393c500
      at /home/zhuhe/code/litchi/crates/litchi-xlsx/src/raw/worksheet/edit/codec/snapshot/scan.rs:490
    litchi_xlsx::raw::worksheet::lane::walk::hc896ba587ce6518e
      at src/raw/worksheet/lane.rs:335
      in /home/zhuhe/code/litchi-target-0830/fp/release/xlsx-edit-profile-0830
    litchi_xlsx::raw::worksheet::edit::codec::snapshot::scan::Scanner::lane_body::h2545c1f30addfa7a
      at /home/zhuhe/code/litchi/crates/litchi-xlsx/src/raw/worksheet/edit/codec/snapshot/scan.rs:489
    litchi_xlsx::raw::worksheet::edit::codec::snapshot::scan::scan_with_limit::h91a93f61017eacd3
      at /home/zhuhe/code/litchi/crates/litchi-xlsx/src/raw/worksheet/edit/codec/snapshot/scan.rs:257
    litchi_xlsx::raw::worksheet::edit::codec::snapshot::scan::scan::h12f722ccf60472c2
      at src/raw/worksheet/edit/codec/snapshot/scan.rs:226
      in /home/zhuhe/code/litchi-target-0830/fp/release/xlsx-edit-profile-0830
    litchi_xlsx::raw::worksheet::edit::package::rewrite_value_only_with_provenance::h9e597584abba4872
      at /home/zhuhe/code/litchi/crates/litchi-xlsx/src/raw/worksheet/edit/package.rs:200
    litchi_xlsx::workbook::edit::semantic::transaction::Edit::commit::he7829c28ddb90d02
      at src/workbook/edit/semantic/transaction.rs:2180
      in /home/zhuhe/code/litchi-target-0830/fp/release/xlsx-edit-profile-0830
    xlsx_edit_profile_0830::edit_helper_0830::h60d088236ffa3bef
      at src/main.rs:300
      in /home/zhuhe/code/litchi-target-0830/fp/release/xlsx-edit-profile-0830
    xlsx_edit_profile_0830::edit_region_0830::hd9047958b6bb4145
      at /home/zhuhe/code/litchi/docs/performance/results/change-0830/probe-src/src/main.rs:313
    xlsx_edit_profile_0830::execute_one::hd13185211950c238
      at src/main.rs:331
      in /home/zhuhe/code/litchi-target-0830/fp/release/xlsx-edit-profile-0830
    xlsx_edit_profile_0830::run::h4a0a709ddf300f9f
      at src/main.rs:227
      in /home/zhuhe/code/litchi-target-0830/fp/release/xlsx-edit-profile-0830
    xlsx_edit_profile_0830::main::h87ef95137f6e4ff2
      at /home/zhuhe/code/litchi/docs/performance/results/change-0830/probe-src/src/main.rs:178
    core::ops::function::FnOnce::call_once::hb4e58432592306ca
      at /rustc/59807616e1fa2540724bfbac14d7976d7e4a3860/library/core/src/ops/function.rs:250
      in /home/zhuhe/code/litchi-target-0830/fp/release/xlsx-edit-profile-0830
    std::sys::backtrace::__rust_begin_short_backtrace::h12b7350305ee1e0e
      at /rustc/59807616e1fa2540724bfbac14d7976d7e4a3860/library/std/src/sys/backtrace.rs:166
    std::rt::lang_start::_$u7b$$u7b$closure$u7d$$u7d$::h8a940b522bba9542
      at /rustc/59807616e1fa2540724bfbac14d7976d7e4a3860/library/std/src/rt.rs:206
      in /home/zhuhe/code/litchi-target-0830/fp/release/xlsx-edit-profile-0830
    _RNvXs0_NtNtNtCsgEmfK2I1SDS_4core3ops8function5implsRDINtB7_2FnuEp6OutputlNtNtBb_6marker4SyncNtNtNtBb_5panic11unwind_safe13RefUnwindSafeEL_INtB7_6FnOnceuE9call_onceCsjrHSEGnQ3l9_3std
      at library/core/src/ops/function.rs:287
      in /home/zhuhe/code/litchi-target-0830/fp/release/xlsx-edit-profile-0830
    _RINvNvNtCsjrHSEGnQ3l9_3std9panicking12catch_unwind7do_callRDINtNtNtCsgEmfK2I1SDS_4core3ops8function2FnuEp6OutputlNtNtB13_6marker4SyncNtNtNtB13_5panic11unwind_safe13RefUnwindSafeEL_lEB6_
      at /rustc/59807616e1fa2540724bfbac14d7976d7e4a3860/library/std/src/panicking.rs:581
    _RINvNtCsjrHSEGnQ3l9_3std9panicking12catch_unwindlRDINtNtNtCsgEmfK2I1SDS_4core3ops8function2FnuEp6OutputlNtNtBU_6marker4SyncNtNtNtBU_5panic11unwind_safe13RefUnwindSafeEL_EB4_
      at /rustc/59807616e1fa2540724bfbac14d7976d7e4a3860/library/std/src/panicking.rs:544
    _RINvNtCsjrHSEGnQ3l9_3std5panic12catch_unwindRDINtNtNtCsgEmfK2I1SDS_4core3ops8function2FnuEp6OutputlNtNtBP_6marker4SyncNtNtNtBP_5panic11unwind_safe13RefUnwindSafeEL_lEB4_
      at /rustc/59807616e1fa2540724bfbac14d7976d7e4a3860/library/std/src/panic.rs:359
    _RNCNvNtCsjrHSEGnQ3l9_3std2rt19lang_start_internal0B5_
      at /rustc/59807616e1fa2540724bfbac14d7976d7e4a3860/library/std/src/rt.rs:175
    _RINvNvNtCsjrHSEGnQ3l9_3std9panicking12catch_unwind7do_callNCNvNtB6_2rt19lang_start_internal0iEB6_
      at /rustc/59807616e1fa2540724bfbac14d7976d7e4a3860/library/std/src/panicking.rs:581
    _RINvNtCsjrHSEGnQ3l9_3std9panicking12catch_unwindiNCNvNtB4_2rt19lang_start_internal0EB4_
      at /rustc/59807616e1fa2540724bfbac14d7976d7e4a3860/library/std/src/panicking.rs:544
    _RINvNtCsjrHSEGnQ3l9_3std5panic12catch_unwindNCNvNtB4_2rt19lang_start_internal0iEB4_
      at /rustc/59807616e1fa2540724bfbac14d7976d7e4a3860/library/std/src/panic.rs:359
    _RNvNtCsjrHSEGnQ3l9_3std2rt19lang_start_internal
      at /rustc/59807616e1fa2540724bfbac14d7976d7e4a3860/library/std/src/rt.rs:171
    main
      in /home/zhuhe/code/litchi-target-0830/fp/release/xlsx-edit-profile-0830
5 calls with 0B peak consumption from:
    litchi_xlsx::raw::worksheet::edit::codec::snapshot::scan::Scanner::start::hc1ac2fef86f95020
      at src/raw/worksheet/edit/codec/snapshot/scan.rs:726
      in /home/zhuhe/code/litchi-target-0830/fp/release/xlsx-edit-profile-0830
    litchi_xlsx::raw::worksheet::edit::codec::snapshot::scan::Scanner::drive::h0d1350e24ea90e54
      at src/raw/worksheet/edit/codec/snapshot/scan.rs:353
      in /home/zhuhe/code/litchi-target-0830/fp/release/xlsx-edit-profile-0830
    litchi_xlsx::raw::worksheet::edit::codec::snapshot::scan::scan_with_limit::h91a93f61017eacd3
      at src/raw/worksheet/edit/codec/snapshot/scan.rs:248
      in /home/zhuhe/code/litchi-target-0830/fp/release/xlsx-edit-profile-0830
    litchi_xlsx::raw::worksheet::edit::codec::snapshot::scan::scan::h12f722ccf60472c2
      at src/raw/worksheet/edit/codec/snapshot/scan.rs:226
      in /home/zhuhe/code/litchi-target-0830/fp/release/xlsx-edit-profile-0830
    litchi_xlsx::raw::worksheet::edit::package::rewrite_value_only_with_provenance::h9e597584abba4872
      at /home/zhuhe/code/litchi/crates/litchi-xlsx/src/raw/worksheet/edit/package.rs:200
    litchi_xlsx::workbook::edit::semantic::transaction::Edit::commit::he7829c28ddb90d02
      at src/workbook/edit/semantic/transaction.rs:2180
      in /home/zhuhe/code/litchi-target-0830/fp/release/xlsx-edit-profile-0830
    xlsx_edit_profile_0830::edit_helper_0830::h60d088236ffa3bef
      at src/main.rs:300
      in /home/zhuhe/code/litchi-target-0830/fp/release/xlsx-edit-profile-0830
    xlsx_edit_profile_0830::edit_region_0830::hd9047958b6bb4145
      at /home/zhuhe/code/litchi/docs/performance/results/change-0830/probe-src/src/main.rs:313
    xlsx_edit_profile_0830::execute_one::hd13185211950c238
      at src/main.rs:331
      in /home/zhuhe/code/litchi-target-0830/fp/release/xlsx-edit-profile-0830
    xlsx_edit_profile_0830::run::h4a0a709ddf300f9f
      at src/main.rs:227
      in /home/zhuhe/code/litchi-target-0830/fp/release/xlsx-edit-profile-0830
    xlsx_edit_profile_0830::main::h87ef95137f6e4ff2
      at /home/zhuhe/code/litchi/docs/performance/results/change-0830/probe-src/src/main.rs:178
    core::ops::function::FnOnce::call_once::hb4e58432592306ca
      at /rustc/59807616e1fa2540724bfbac14d7976d7e4a3860/library/core/src/ops/function.rs:250
      in /home/zhuhe/code/litchi-target-0830/fp/release/xlsx-edit-profile-0830
    std::sys::backtrace::__rust_begin_short_backtrace::h12b7350305ee1e0e
      at /rustc/59807616e1fa2540724bfbac14d7976d7e4a3860/library/std/src/sys/backtrace.rs:166
    std::rt::lang_start::_$u7b$$u7b$closure$u7d$$u7d$::h8a940b522bba9542
      at /rustc/59807616e1fa2540724bfbac14d7976d7e4a3860/library/std/src/rt.rs:206
      in /home/zhuhe/code/litchi-target-0830/fp/release/xlsx-edit-profile-0830
    _RNvXs0_NtNtNtCsgEmfK2I1SDS_4core3ops8function5implsRDINtB7_2FnuEp6OutputlNtNtBb_6marker4SyncNtNtNtBb_5panic11unwind_safe13RefUnwindSafeEL_INtB7_6FnOnceuE9call_onceCsjrHSEGnQ3l9_3std
      at library/core/src/ops/function.rs:287
      in /home/zhuhe/code/litchi-target-0830/fp/release/xlsx-edit-profile-0830
    _RINvNvNtCsjrHSEGnQ3l9_3std9panicking12catch_unwind7do_callRDINtNtNtCsgEmfK2I1SDS_4core3ops8function2FnuEp6OutputlNtNtB13_6marker4SyncNtNtNtB13_5panic11unwind_safe13RefUnwindSafeEL_lEB6_
      at /rustc/59807616e1fa2540724bfbac14d7976d7e4a3860/library/std/src/panicking.rs:581
    _RINvNtCsjrHSEGnQ3l9_3std9panicking12catch_unwindlRDINtNtNtCsgEmfK2I1SDS_4core3ops8function2FnuEp6OutputlNtNtBU_6marker4SyncNtNtNtBU_5panic11unwind_safe13RefUnwindSafeEL_EB4_
      at /rustc/59807616e1fa2540724bfbac14d7976d7e4a3860/library/std/src/panicking.rs:544
    _RINvNtCsjrHSEGnQ3l9_3std5panic12catch_unwindRDINtNtNtCsgEmfK2I1SDS_4core3ops8function2FnuEp6OutputlNtNtBP_6marker4SyncNtNtNtBP_5panic11unwind_safe13RefUnwindSafeEL_lEB4_
      at /rustc/59807616e1fa2540724bfbac14d7976d7e4a3860/library/std/src/panic.rs:359
    _RNCNvNtCsjrHSEGnQ3l9_3std2rt19lang_start_internal0B5_
      at /rustc/59807616e1fa2540724bfbac14d7976d7e4a3860/library/std/src/rt.rs:175
    _RINvNvNtCsjrHSEGnQ3l9_3std9panicking12catch_unwind7do_callNCNvNtB6_2rt19lang_start_internal0iEB6_
      at /rustc/59807616e1fa2540724bfbac14d7976d7e4a3860/library/std/src/panicking.rs:581
    _RINvNtCsjrHSEGnQ3l9_3std9panicking12catch_unwindiNCNvNtB4_2rt19lang_start_internal0EB4_
      at /rustc/59807616e1fa2540724bfbac14d7976d7e4a3860/library/std/src/panicking.rs:544
    _RINvNtCsjrHSEGnQ3l9_3std5panic12catch_unwindNCNvNtB4_2rt19lang_start_internal0iEB4_
      at /rustc/59807616e1fa2540724bfbac14d7976d7e4a3860/library/std/src/panic.rs:359
    _RNvNtCsjrHSEGnQ3l9_3std2rt19lang_start_internal
      at /rustc/59807616e1fa2540724bfbac14d7976d7e4a3860/library/std/src/rt.rs:171
    main
      in /home/zhuhe/code/litchi-target-0830/fp/release/xlsx-edit-profile-0830
5 calls with 0B peak consumption from:
    litchi_xlsx::raw::worksheet::edit::codec::snapshot::scan::Scanner::record_dimension::h889640fb33c652d8
      at src/raw/worksheet/edit/codec/snapshot/scan.rs:1579
      in /home/zhuhe/code/litchi-target-0830/fp/release/xlsx-edit-profile-0830
    litchi_xlsx::raw::worksheet::edit::codec::snapshot::scan::Scanner::empty::h1b9e7b670d48ed43
      at src/raw/worksheet/edit/codec/snapshot/scan.rs:960
      in /home/zhuhe/code/litchi-target-0830/fp/release/xlsx-edit-profile-0830
    litchi_xlsx::raw::worksheet::edit::codec::snapshot::scan::Scanner::drive::h0d1350e24ea90e54
      at src/raw/worksheet/edit/codec/snapshot/scan.rs:383
      in /home/zhuhe/code/litchi-target-0830/fp/release/xlsx-edit-profile-0830
    litchi_xlsx::raw::worksheet::edit::codec::snapshot::scan::scan_with_limit::h91a93f61017eacd3
      at src/raw/worksheet/edit/codec/snapshot/scan.rs:248
      in /home/zhuhe/code/litchi-target-0830/fp/release/xlsx-edit-profile-0830
    litchi_xlsx::raw::worksheet::edit::codec::snapshot::scan::scan::h12f722ccf60472c2
      at src/raw/worksheet/edit/codec/snapshot/scan.rs:226
      in /home/zhuhe/code/litchi-target-0830/fp/release/xlsx-edit-profile-0830
    litchi_xlsx::raw::worksheet::edit::package::rewrite_value_only_with_provenance::h9e597584abba4872
      at /home/zhuhe/code/litchi/crates/litchi-xlsx/src/raw/worksheet/edit/package.rs:200
    litchi_xlsx::workbook::edit::semantic::transaction::Edit::commit::he7829c28ddb90d02
      at src/workbook/edit/semantic/transaction.rs:2180
      in /home/zhuhe/code/litchi-target-0830/fp/release/xlsx-edit-profile-0830
    xlsx_edit_profile_0830::edit_helper_0830::h60d088236ffa3bef
      at src/main.rs:300
      in /home/zhuhe/code/litchi-target-0830/fp/release/xlsx-edit-profile-0830
    xlsx_edit_profile_0830::edit_region_0830::hd9047958b6bb4145
      at /home/zhuhe/code/litchi/docs/performance/results/change-0830/probe-src/src/main.rs:313
    xlsx_edit_profile_0830::execute_one::hd13185211950c238
      at src/main.rs:331
      in /home/zhuhe/code/litchi-target-0830/fp/release/xlsx-edit-profile-0830
    xlsx_edit_profile_0830::run::h4a0a709ddf300f9f
      at src/main.rs:227
      in /home/zhuhe/code/litchi-target-0830/fp/release/xlsx-edit-profile-0830
    xlsx_edit_profile_0830::main::h87ef95137f6e4ff2
      at /home/zhuhe/code/litchi/docs/performance/results/change-0830/probe-src/src/main.rs:178
    core::ops::function::FnOnce::call_once::hb4e58432592306ca
      at /rustc/59807616e1fa2540724bfbac14d7976d7e4a3860/library/core/src/ops/function.rs:250
      in /home/zhuhe/code/litchi-target-0830/fp/release/xlsx-edit-profile-0830
    std::sys::backtrace::__rust_begin_short_backtrace::h12b7350305ee1e0e
      at /rustc/59807616e1fa2540724bfbac14d7976d7e4a3860/library/std/src/sys/backtrace.rs:166
    std::rt::lang_start::_$u7b$$u7b$closure$u7d$$u7d$::h8a940b522bba9542
      at /rustc/59807616e1fa2540724bfbac14d7976d7e4a3860/library/std/src/rt.rs:206
      in /home/zhuhe/code/litchi-target-0830/fp/release/xlsx-edit-profile-0830
    _RNvXs0_NtNtNtCsgEmfK2I1SDS_4core3ops8function5implsRDINtB7_2FnuEp6OutputlNtNtBb_6marker4SyncNtNtNtBb_5panic11unwind_safe13RefUnwindSafeEL_INtB7_6FnOnceuE9call_onceCsjrHSEGnQ3l9_3std
      at library/core/src/ops/function.rs:287
      in /home/zhuhe/code/litchi-target-0830/fp/release/xlsx-edit-profile-0830
    _RINvNvNtCsjrHSEGnQ3l9_3std9panicking12catch_unwind7do_callRDINtNtNtCsgEmfK2I1SDS_4core3ops8function2FnuEp6OutputlNtNtB13_6marker4SyncNtNtNtB13_5panic11unwind_safe13RefUnwindSafeEL_lEB6_
      at /rustc/59807616e1fa2540724bfbac14d7976d7e4a3860/library/std/src/panicking.rs:581
    _RINvNtCsjrHSEGnQ3l9_3std9panicking12catch_unwindlRDINtNtNtCsgEmfK2I1SDS_4core3ops8function2FnuEp6OutputlNtNtBU_6marker4SyncNtNtNtBU_5panic11unwind_safe13RefUnwindSafeEL_EB4_
      at /rustc/59807616e1fa2540724bfbac14d7976d7e4a3860/library/std/src/panicking.rs:544
    _RINvNtCsjrHSEGnQ3l9_3std5panic12catch_unwindRDINtNtNtCsgEmfK2I1SDS_4core3ops8function2FnuEp6OutputlNtNtBP_6marker4SyncNtNtNtBP_5panic11unwind_safe13RefUnwindSafeEL_lEB4_
      at /rustc/59807616e1fa2540724bfbac14d7976d7e4a3860/library/std/src/panic.rs:359
    _RNCNvNtCsjrHSEGnQ3l9_3std2rt19lang_start_internal0B5_
      at /rustc/59807616e1fa2540724bfbac14d7976d7e4a3860/library/std/src/rt.rs:175
    _RINvNvNtCsjrHSEGnQ3l9_3std9panicking12catch_unwind7do_callNCNvNtB6_2rt19lang_start_internal0iEB6_
      at /rustc/59807616e1fa2540724bfbac14d7976d7e4a3860/library/std/src/panicking.rs:581
    _RINvNtCsjrHSEGnQ3l9_3std9panicking12catch_unwindiNCNvNtB4_2rt19lang_start_internal0EB4_
      at /rustc/59807616e1fa2540724bfbac14d7976d7e4a3860/library/std/src/panicking.rs:544
    _RINvNtCsjrHSEGnQ3l9_3std5panic12catch_unwindNCNvNtB4_2rt19lang_start_internal0iEB4_
      at /rustc/59807616e1fa2540724bfbac14d7976d7e4a3860/library/std/src/panic.rs:359
    _RNvNtCsjrHSEGnQ3l9_3std2rt19lang_start_internal
      at /rustc/59807616e1fa2540724bfbac14d7976d7e4a3860/library/std/src/rt.rs:171
    main
      in /home/zhuhe/code/litchi-target-0830/fp/release/xlsx-edit-profile-0830
5 calls with 0B peak consumption from:
    litchi_xlsx::raw::worksheet::edit::codec::snapshot::scan::Scanner::empty::h1b9e7b670d48ed43
      at src/raw/worksheet/edit/codec/snapshot/scan.rs:951
      in /home/zhuhe/code/litchi-target-0830/fp/release/xlsx-edit-profile-0830
    litchi_xlsx::raw::worksheet::edit::codec::snapshot::scan::Scanner::drive::h0d1350e24ea90e54
      at src/raw/worksheet/edit/codec/snapshot/scan.rs:383
      in /home/zhuhe/code/litchi-target-0830/fp/release/xlsx-edit-profile-0830
    litchi_xlsx::raw::worksheet::edit::codec::snapshot::scan::scan_with_limit::h91a93f61017eacd3
      at src/raw/worksheet/edit/codec/snapshot/scan.rs:248
      in /home/zhuhe/code/litchi-target-0830/fp/release/xlsx-edit-profile-0830
    litchi_xlsx::raw::worksheet::edit::codec::snapshot::scan::scan::h12f722ccf60472c2
      at src/raw/worksheet/edit/codec/snapshot/scan.rs:226
      in /home/zhuhe/code/litchi-target-0830/fp/release/xlsx-edit-profile-0830
    litchi_xlsx::raw::worksheet::edit::package::rewrite_value_only_with_provenance::h9e597584abba4872
      at /home/zhuhe/code/litchi/crates/litchi-xlsx/src/raw/worksheet/edit/package.rs:200
    litchi_xlsx::workbook::edit::semantic::transaction::Edit::commit::he7829c28ddb90d02
      at src/workbook/edit/semantic/transaction.rs:2180
      in /home/zhuhe/code/litchi-target-0830/fp/release/xlsx-edit-profile-0830
    xlsx_edit_profile_0830::edit_helper_0830::h60d088236ffa3bef
      at src/main.rs:300
      in /home/zhuhe/code/litchi-target-0830/fp/release/xlsx-edit-profile-0830
    xlsx_edit_profile_0830::edit_region_0830::hd9047958b6bb4145
      at /home/zhuhe/code/litchi/docs/performance/results/change-0830/probe-src/src/main.rs:313
    xlsx_edit_profile_0830::execute_one::hd13185211950c238
      at src/main.rs:331
      in /home/zhuhe/code/litchi-target-0830/fp/release/xlsx-edit-profile-0830
    xlsx_edit_profile_0830::run::h4a0a709ddf300f9f
      at src/main.rs:227
      in /home/zhuhe/code/litchi-target-0830/fp/release/xlsx-edit-profile-0830
    xlsx_edit_profile_0830::main::h87ef95137f6e4ff2
      at /home/zhuhe/code/litchi/docs/performance/results/change-0830/probe-src/src/main.rs:178
    core::ops::function::FnOnce::call_once::hb4e58432592306ca
      at /rustc/59807616e1fa2540724bfbac14d7976d7e4a3860/library/core/src/ops/function.rs:250
      in /home/zhuhe/code/litchi-target-0830/fp/release/xlsx-edit-profile-0830
    std::sys::backtrace::__rust_begin_short_backtrace::h12b7350305ee1e0e
      at /rustc/59807616e1fa2540724bfbac14d7976d7e4a3860/library/std/src/sys/backtrace.rs:166
    std::rt::lang_start::_$u7b$$u7b$closure$u7d$$u7d$::h8a940b522bba9542
      at /rustc/59807616e1fa2540724bfbac14d7976d7e4a3860/library/std/src/rt.rs:206
      in /home/zhuhe/code/litchi-target-0830/fp/release/xlsx-edit-profile-0830
    _RNvXs0_NtNtNtCsgEmfK2I1SDS_4core3ops8function5implsRDINtB7_2FnuEp6OutputlNtNtBb_6marker4SyncNtNtNtBb_5panic11unwind_safe13RefUnwindSafeEL_INtB7_6FnOnceuE9call_onceCsjrHSEGnQ3l9_3std
      at library/core/src/ops/function.rs:287
      in /home/zhuhe/code/litchi-target-0830/fp/release/xlsx-edit-profile-0830
    _RINvNvNtCsjrHSEGnQ3l9_3std9panicking12catch_unwind7do_callRDINtNtNtCsgEmfK2I1SDS_4core3ops8function2FnuEp6OutputlNtNtB13_6marker4SyncNtNtNtB13_5panic11unwind_safe13RefUnwindSafeEL_lEB6_
      at /rustc/59807616e1fa2540724bfbac14d7976d7e4a3860/library/std/src/panicking.rs:581
    _RINvNtCsjrHSEGnQ3l9_3std9panicking12catch_unwindlRDINtNtNtCsgEmfK2I1SDS_4core3ops8function2FnuEp6OutputlNtNtBU_6marker4SyncNtNtNtBU_5panic11unwind_safe13RefUnwindSafeEL_EB4_
      at /rustc/59807616e1fa2540724bfbac14d7976d7e4a3860/library/std/src/panicking.rs:544
    _RINvNtCsjrHSEGnQ3l9_3std5panic12catch_unwindRDINtNtNtCsgEmfK2I1SDS_4core3ops8function2FnuEp6OutputlNtNtBP_6marker4SyncNtNtNtBP_5panic11unwind_safe13RefUnwindSafeEL_lEB4_
      at /rustc/59807616e1fa2540724bfbac14d7976d7e4a3860/library/std/src/panic.rs:359
    _RNCNvNtCsjrHSEGnQ3l9_3std2rt19lang_start_internal0B5_
      at /rustc/59807616e1fa2540724bfbac14d7976d7e4a3860/library/std/src/rt.rs:175
    _RINvNvNtCsjrHSEGnQ3l9_3std9panicking12catch_unwind7do_callNCNvNtB6_2rt19lang_start_internal0iEB6_
      at /rustc/59807616e1fa2540724bfbac14d7976d7e4a3860/library/std/src/panicking.rs:581
    _RINvNtCsjrHSEGnQ3l9_3std9panicking12catch_unwindiNCNvNtB4_2rt19lang_start_internal0EB4_
      at /rustc/59807616e1fa2540724bfbac14d7976d7e4a3860/library/std/src/panicking.rs:544
    _RINvNtCsjrHSEGnQ3l9_3std5panic12catch_unwindNCNvNtB4_2rt19lang_start_internal0iEB4_
      at /rustc/59807616e1fa2540724bfbac14d7976d7e4a3860/library/std/src/panic.rs:359
    _RNvNtCsjrHSEGnQ3l9_3std2rt19lang_start_internal
      at /rustc/59807616e1fa2540724bfbac14d7976d7e4a3860/library/std/src/rt.rs:171
    main
      in /home/zhuhe/code/litchi-target-0830/fp/release/xlsx-edit-profile-0830
5 calls with 0B peak consumption from:
    litchi_xlsx::raw::worksheet::edit::codec::snapshot::scan::Scanner::drive::h0d1350e24ea90e54
      at src/raw/worksheet/edit/codec/snapshot/scan.rs:399
      in /home/zhuhe/code/litchi-target-0830/fp/release/xlsx-edit-profile-0830
    litchi_xlsx::raw::worksheet::edit::codec::snapshot::scan::scan_with_limit::h91a93f61017eacd3
      at src/raw/worksheet/edit/codec/snapshot/scan.rs:248
      in /home/zhuhe/code/litchi-target-0830/fp/release/xlsx-edit-profile-0830
    litchi_xlsx::raw::worksheet::edit::codec::snapshot::scan::scan::h12f722ccf60472c2
      at src/raw/worksheet/edit/codec/snapshot/scan.rs:226
      in /home/zhuhe/code/litchi-target-0830/fp/release/xlsx-edit-profile-0830
    litchi_xlsx::raw::worksheet::edit::package::rewrite_value_only_with_provenance::h9e597584abba4872
      at /home/zhuhe/code/litchi/crates/litchi-xlsx/src/raw/worksheet/edit/package.rs:200
    litchi_xlsx::workbook::edit::semantic::transaction::Edit::commit::he7829c28ddb90d02
      at src/workbook/edit/semantic/transaction.rs:2180
      in /home/zhuhe/code/litchi-target-0830/fp/release/xlsx-edit-profile-0830
    xlsx_edit_profile_0830::edit_helper_0830::h60d088236ffa3bef
      at src/main.rs:300
      in /home/zhuhe/code/litchi-target-0830/fp/release/xlsx-edit-profile-0830
    xlsx_edit_profile_0830::edit_region_0830::hd9047958b6bb4145
      at /home/zhuhe/code/litchi/docs/performance/results/change-0830/probe-src/src/main.rs:313
    xlsx_edit_profile_0830::execute_one::hd13185211950c238
      at src/main.rs:331
      in /home/zhuhe/code/litchi-target-0830/fp/release/xlsx-edit-profile-0830
    xlsx_edit_profile_0830::run::h4a0a709ddf300f9f
      at src/main.rs:227
      in /home/zhuhe/code/litchi-target-0830/fp/release/xlsx-edit-profile-0830
    xlsx_edit_profile_0830::main::h87ef95137f6e4ff2
      at /home/zhuhe/code/litchi/docs/performance/results/change-0830/probe-src/src/main.rs:178
    core::ops::function::FnOnce::call_once::hb4e58432592306ca
      at /rustc/59807616e1fa2540724bfbac14d7976d7e4a3860/library/core/src/ops/function.rs:250
      in /home/zhuhe/code/litchi-target-0830/fp/release/xlsx-edit-profile-0830
    std::sys::backtrace::__rust_begin_short_backtrace::h12b7350305ee1e0e
      at /rustc/59807616e1fa2540724bfbac14d7976d7e4a3860/library/std/src/sys/backtrace.rs:166
    std::rt::lang_start::_$u7b$$u7b$closure$u7d$$u7d$::h8a940b522bba9542
      at /rustc/59807616e1fa2540724bfbac14d7976d7e4a3860/library/std/src/rt.rs:206
      in /home/zhuhe/code/litchi-target-0830/fp/release/xlsx-edit-profile-0830
    _RNvXs0_NtNtNtCsgEmfK2I1SDS_4core3ops8function5implsRDINtB7_2FnuEp6OutputlNtNtBb_6marker4SyncNtNtNtBb_5panic11unwind_safe13RefUnwindSafeEL_INtB7_6FnOnceuE9call_onceCsjrHSEGnQ3l9_3std
      at library/core/src/ops/function.rs:287
      in /home/zhuhe/code/litchi-target-0830/fp/release/xlsx-edit-profile-0830
    _RINvNvNtCsjrHSEGnQ3l9_3std9panicking12catch_unwind7do_callRDINtNtNtCsgEmfK2I1SDS_4core3ops8function2FnuEp6OutputlNtNtB13_6marker4SyncNtNtNtB13_5panic11unwind_safe13RefUnwindSafeEL_lEB6_
      at /rustc/59807616e1fa2540724bfbac14d7976d7e4a3860/library/std/src/panicking.rs:581
    _RINvNtCsjrHSEGnQ3l9_3std9panicking12catch_unwindlRDINtNtNtCsgEmfK2I1SDS_4core3ops8function2FnuEp6OutputlNtNtBU_6marker4SyncNtNtNtBU_5panic11unwind_safe13RefUnwindSafeEL_EB4_
      at /rustc/59807616e1fa2540724bfbac14d7976d7e4a3860/library/std/src/panicking.rs:544
    _RINvNtCsjrHSEGnQ3l9_3std5panic12catch_unwindRDINtNtNtCsgEmfK2I1SDS_4core3ops8function2FnuEp6OutputlNtNtBP_6marker4SyncNtNtNtBP_5panic11unwind_safe13RefUnwindSafeEL_lEB4_
      at /rustc/59807616e1fa2540724bfbac14d7976d7e4a3860/library/std/src/panic.rs:359
    _RNCNvNtCsjrHSEGnQ3l9_3std2rt19lang_start_internal0B5_
      at /rustc/59807616e1fa2540724bfbac14d7976d7e4a3860/library/std/src/rt.rs:175
    _RINvNvNtCsjrHSEGnQ3l9_3std9panicking12catch_unwind7do_callNCNvNtB6_2rt19lang_start_internal0iEB6_
      at /rustc/59807616e1fa2540724bfbac14d7976d7e4a3860/library/std/src/panicking.rs:581
    _RINvNtCsjrHSEGnQ3l9_3std9panicking12catch_unwindiNCNvNtB4_2rt19lang_start_internal0EB4_
      at /rustc/59807616e1fa2540724bfbac14d7976d7e4a3860/library/std/src/panicking.rs:544
    _RINvNtCsjrHSEGnQ3l9_3std5panic12catch_unwindNCNvNtB4_2rt19lang_start_internal0iEB4_
      at /rustc/59807616e1fa2540724bfbac14d7976d7e4a3860/library/std/src/panic.rs:359
    _RNvNtCsjrHSEGnQ3l9_3std2rt19lang_start_internal
      at /rustc/59807616e1fa2540724bfbac14d7976d7e4a3860/library/std/src/rt.rs:171
    main
      in /home/zhuhe/code/litchi-target-0830/fp/release/xlsx-edit-profile-0830


PEAK MEMORY CONSUMERS

MOST TEMPORARY ALLOCATIONS
1710 temporary allocations of 9255 allocations in total (18.48%) from
_RNvXNtNtNtCsjrHSEGnQ3l9_3std3sys5alloc4unixNtNtB8_5alloc6SystemNtNtNtCsgEmfK2I1SDS_4core5alloc6global11GlobalAlloc5alloc
  at /rustc/59807616e1fa2540724bfbac14d7976d7e4a3860/library/std/src/sys/alloc/unix.rs:14
  in /home/zhuhe/code/litchi-target-0830/fp/release/xlsx-edit-profile-0830
_RNvCsfLfy6EI15iL_7___rustc11___rdl_alloc
  at /rustc/59807616e1fa2540724bfbac14d7976d7e4a3860/library/std/src/alloc.rs:455
_RNvNtCslNYArtu3iFV_5alloc5alloc5alloc
  at /rustc/59807616e1fa2540724bfbac14d7976d7e4a3860/library/alloc/src/alloc.rs:95
_RNvMNtCslNYArtu3iFV_5alloc5allocNtB2_6Global18alloc_impl_runtime
  at /rustc/59807616e1fa2540724bfbac14d7976d7e4a3860/library/alloc/src/alloc.rs:190
_RNvMNtCslNYArtu3iFV_5alloc5allocNtB2_6Global10alloc_impl
  at /rustc/59807616e1fa2540724bfbac14d7976d7e4a3860/library/alloc/src/alloc.rs:312
_RNvXs_NtCslNYArtu3iFV_5alloc5allocNtB4_6GlobalNtNtCsgEmfK2I1SDS_4core5alloc9Allocator8allocate
  at /rustc/59807616e1fa2540724bfbac14d7976d7e4a3860/library/alloc/src/alloc.rs:429
alloc::raw_vec::RawVecInner$LT$A$GT$::finish_grow::hda085a6641b12d9c
  at /rustc/59807616e1fa2540724bfbac14d7976d7e4a3860/library/alloc/src/raw_vec/mod.rs:558
105 temporary allocations of 105 allocations in total (100.00%) from:
    alloc::raw_vec::RawVecInner$LT$A$GT$::with_capacity_in::h85f8ec0fb5ec8745
      at /rustc/59807616e1fa2540724bfbac14d7976d7e4a3860/library/alloc/src/raw_vec/mod.rs:433
      in /home/zhuhe/code/litchi-target-0830/fp/release/xlsx-edit-profile-0830
    alloc::raw_vec::RawVec$LT$T$C$A$GT$::with_capacity_in::h183591e6a6e76f4f
      at /rustc/59807616e1fa2540724bfbac14d7976d7e4a3860/library/alloc/src/raw_vec/mod.rs:177
    alloc::vec::Vec$LT$T$C$A$GT$::with_capacity_in::hba4d0565ffd0fd68
      at /rustc/59807616e1fa2540724bfbac14d7976d7e4a3860/library/alloc/src/vec/mod.rs:965
    _$LT$T$u20$as$u20$alloc..slice..$LT$impl$u20$$u5b$T$u5d$$GT$..to_vec_in..ConvertVec$GT$::to_vec::hd92b6bdc941823b0
      at /rustc/59807616e1fa2540724bfbac14d7976d7e4a3860/library/alloc/src/slice.rs:448
    alloc::slice::_$LT$impl$u20$$u5b$T$u5d$$GT$::to_vec_in::ha04c33fcf14d617d
      at /rustc/59807616e1fa2540724bfbac14d7976d7e4a3860/library/alloc/src/slice.rs:400
    alloc::slice::_$LT$impl$u20$$u5b$T$u5d$$GT$::to_vec::h68c616984a52c0f7
      at /rustc/59807616e1fa2540724bfbac14d7976d7e4a3860/library/alloc/src/slice.rs:376
    alloc::slice::_$LT$impl$u20$alloc..borrow..ToOwned$u20$for$u20$$u5b$T$u5d$$GT$::to_owned::heed0246f77115273
      at /rustc/59807616e1fa2540724bfbac14d7976d7e4a3860/library/alloc/src/slice.rs:842
    _RNvXs2_NtCslNYArtu3iFV_5alloc3streNtNtB7_6borrow7ToOwned8to_owned
      at /rustc/59807616e1fa2540724bfbac14d7976d7e4a3860/library/alloc/src/str.rs:211
    litchi_ooxml_common::mce::codec::start::h296a97783e1862db
      at /home/zhuhe/code/litchi/crates/litchi-ooxml-common/src/mce/codec.rs:0
    litchi_ooxml_common::mce::codec::process_markup_compatibility::hf56a000df331f5c6
      at src/mce/codec.rs:774
      in /home/zhuhe/code/litchi-target-0830/fp/release/xlsx-edit-profile-0830
    litchi_ooxml_common::mce::codec::process_ooxml::hc423459ed40db600
      at src/mce/codec.rs:1672
      in /home/zhuhe/code/litchi-target-0830/fp/release/xlsx-edit-profile-0830
    litchi_xlsx::raw::styles::parse::hfc62afff7e65874e
      at src/raw/styles.rs:44
      in /home/zhuhe/code/litchi-target-0830/fp/release/xlsx-edit-profile-0830
    litchi_xlsx::workbook::model::Inner::style_catalog::h9df19351d3a42ce6
      at /home/zhuhe/code/litchi/crates/litchi-xlsx/src/workbook/model.rs:1727
    litchi_xlsx::workbook::model::Inner::style_count::he81b80542737a7bd
      at /home/zhuhe/code/litchi/crates/litchi-xlsx/src/workbook/model.rs:1736
    litchi_xlsx::workbook::model::Inner::validate_styles::h01752bd59c17ae1a
      at src/workbook/model.rs:1762
      in /home/zhuhe/code/litchi-target-0830/fp/release/xlsx-edit-profile-0830
    litchi_xlsx::workbook::model::Worksheet::store::hedf579646947337d
      at src/workbook/model.rs:1691
      in /home/zhuhe/code/litchi-target-0830/fp/release/xlsx-edit-profile-0830
    litchi_xlsx::workbook::edit::semantic::transaction::Edit::commit::he7829c28ddb90d02
      at src/workbook/edit/semantic/transaction.rs:1881
      in /home/zhuhe/code/litchi-target-0830/fp/release/xlsx-edit-profile-0830
    xlsx_edit_profile_0830::edit_helper_0830::h60d088236ffa3bef
      at src/main.rs:300
      in /home/zhuhe/code/litchi-target-0830/fp/release/xlsx-edit-profile-0830
    xlsx_edit_profile_0830::edit_region_0830::hd9047958b6bb4145
      at /home/zhuhe/code/litchi/docs/performance/results/change-0830/probe-src/src/main.rs:313
    xlsx_edit_profile_0830::execute_one::hd13185211950c238
      at src/main.rs:331
      in /home/zhuhe/code/litchi-target-0830/fp/release/xlsx-edit-profile-0830
    xlsx_edit_profile_0830::run::h4a0a709ddf300f9f
      at src/main.rs:227
      in /home/zhuhe/code/litchi-target-0830/fp/release/xlsx-edit-profile-0830
    xlsx_edit_profile_0830::main::h87ef95137f6e4ff2
      at /home/zhuhe/code/litchi/docs/performance/results/change-0830/probe-src/src/main.rs:178
    core::ops::function::FnOnce::call_once::hb4e58432592306ca
      at /rustc/59807616e1fa2540724bfbac14d7976d7e4a3860/library/core/src/ops/function.rs:250
      in /home/zhuhe/code/litchi-target-0830/fp/release/xlsx-edit-profile-0830
    std::sys::backtrace::__rust_begin_short_backtrace::h12b7350305ee1e0e
      at /rustc/59807616e1fa2540724bfbac14d7976d7e4a3860/library/std/src/sys/backtrace.rs:166
    std::rt::lang_start::_$u7b$$u7b$closure$u7d$$u7d$::h8a940b522bba9542
      at /rustc/59807616e1fa2540724bfbac14d7976d7e4a3860/library/std/src/rt.rs:206
      in /home/zhuhe/code/litchi-target-0830/fp/release/xlsx-edit-profile-0830
    _RNvXs0_NtNtNtCsgEmfK2I1SDS_4core3ops8function5implsRDINtB7_2FnuEp6OutputlNtNtBb_6marker4SyncNtNtNtBb_5panic11unwind_safe13RefUnwindSafeEL_INtB7_6FnOnceuE9call_onceCsjrHSEGnQ3l9_3std
      at library/core/src/ops/function.rs:287
      in /home/zhuhe/code/litchi-target-0830/fp/release/xlsx-edit-profile-0830
    _RINvNvNtCsjrHSEGnQ3l9_3std9panicking12catch_unwind7do_callRDINtNtNtCsgEmfK2I1SDS_4core3ops8function2FnuEp6OutputlNtNtB13_6marker4SyncNtNtNtB13_5panic11unwind_safe13RefUnwindSafeEL_lEB6_
      at /rustc/59807616e1fa2540724bfbac14d7976d7e4a3860/library/std/src/panicking.rs:581
    _RINvNtCsjrHSEGnQ3l9_3std9panicking12catch_unwindlRDINtNtNtCsgEmfK2I1SDS_4core3ops8function2FnuEp6OutputlNtNtBU_6marker4SyncNtNtNtBU_5panic11unwind_safe13RefUnwindSafeEL_EB4_
      at /rustc/59807616e1fa2540724bfbac14d7976d7e4a3860/library/std/src/panicking.rs:544
    _RINvNtCsjrHSEGnQ3l9_3std5panic12catch_unwindRDINtNtNtCsgEmfK2I1SDS_4core3ops8function2FnuEp6OutputlNtNtBP_6marker4SyncNtNtNtBP_5panic11unwind_safe13RefUnwindSafeEL_lEB4_
      at /rustc/59807616e1fa2540724bfbac14d7976d7e4a3860/library/std/src/panic.rs:359
    _RNCNvNtCsjrHSEGnQ3l9_3std2rt19lang_start_internal0B5_
      at /rustc/59807616e1fa2540724bfbac14d7976d7e4a3860/library/std/src/rt.rs:175
    _RINvNvNtCsjrHSEGnQ3l9_3std9panicking12catch_unwind7do_callNCNvNtB6_2rt19lang_start_internal0iEB6_
      at /rustc/59807616e1fa2540724bfbac14d7976d7e4a3860/library/std/src/panicking.rs:581
    _RINvNtCsjrHSEGnQ3l9_3std9panicking12catch_unwindiNCNvNtB4_2rt19lang_start_internal0EB4_
      at /rustc/59807616e1fa2540724bfbac14d7976d7e4a3860/library/std/src/panicking.rs:544
    _RINvNtCsjrHSEGnQ3l9_3std5panic12catch_unwindNCNvNtB4_2rt19lang_start_internal0iEB4_
      at /rustc/59807616e1fa2540724bfbac14d7976d7e4a3860/library/std/src/panic.rs:359
    _RNvNtCsjrHSEGnQ3l9_3std2rt19lang_start_internal
      at /rustc/59807616e1fa2540724bfbac14d7976d7e4a3860/library/std/src/rt.rs:171
    main
      in /home/zhuhe/code/litchi-target-0830/fp/release/xlsx-edit-profile-0830
75 temporary allocations of 75 allocations in total (100.00%) from:
    litchi_xlsx::raw::compact::compact_events::h3c4c7f60717c61ad
      at src/raw/compact.rs:221
      in /home/zhuhe/code/litchi-target-0830/fp/release/xlsx-edit-profile-0830
    litchi_xlsx::raw::compact::changed_observed::h9a9ab9488f827123
      at src/raw/compact.rs:174
      in /home/zhuhe/code/litchi-target-0830/fp/release/xlsx-edit-profile-0830
    litchi_xlsx::raw::compact::changed_worksheet::h91e4e2ab65b00587
      at /home/zhuhe/code/litchi/crates/litchi-xlsx/src/raw/compact.rs:121
    litchi_xlsx::workbook::edit::semantic::transaction::Edit::commit::he7829c28ddb90d02
      at src/workbook/edit/semantic/transaction.rs:2273
      in /home/zhuhe/code/litchi-target-0830/fp/release/xlsx-edit-profile-0830
    xlsx_edit_profile_0830::edit_helper_0830::h60d088236ffa3bef
      at src/main.rs:300
      in /home/zhuhe/code/litchi-target-0830/fp/release/xlsx-edit-profile-0830
    xlsx_edit_profile_0830::edit_region_0830::hd9047958b6bb4145
      at /home/zhuhe/code/litchi/docs/performance/results/change-0830/probe-src/src/main.rs:313
    xlsx_edit_profile_0830::execute_one::hd13185211950c238
      at src/main.rs:331
      in /home/zhuhe/code/litchi-target-0830/fp/release/xlsx-edit-profile-0830
    xlsx_edit_profile_0830::run::h4a0a709ddf300f9f
      at src/main.rs:227
      in /home/zhuhe/code/litchi-target-0830/fp/release/xlsx-edit-profile-0830
    xlsx_edit_profile_0830::main::h87ef95137f6e4ff2
      at /home/zhuhe/code/litchi/docs/performance/results/change-0830/probe-src/src/main.rs:178
    core::ops::function::FnOnce::call_once::hb4e58432592306ca
      at /rustc/59807616e1fa2540724bfbac14d7976d7e4a3860/library/core/src/ops/function.rs:250
      in /home/zhuhe/code/litchi-target-0830/fp/release/xlsx-edit-profile-0830
    std::sys::backtrace::__rust_begin_short_backtrace::h12b7350305ee1e0e
      at /rustc/59807616e1fa2540724bfbac14d7976d7e4a3860/library/std/src/sys/backtrace.rs:166
    std::rt::lang_start::_$u7b$$u7b$closure$u7d$$u7d$::h8a940b522bba9542
      at /rustc/59807616e1fa2540724bfbac14d7976d7e4a3860/library/std/src/rt.rs:206
      in /home/zhuhe/code/litchi-target-0830/fp/release/xlsx-edit-profile-0830
    _RNvXs0_NtNtNtCsgEmfK2I1SDS_4core3ops8function5implsRDINtB7_2FnuEp6OutputlNtNtBb_6marker4SyncNtNtNtBb_5panic11unwind_safe13RefUnwindSafeEL_INtB7_6FnOnceuE9call_onceCsjrHSEGnQ3l9_3std
      at library/core/src/ops/function.rs:287
      in /home/zhuhe/code/litchi-target-0830/fp/release/xlsx-edit-profile-0830
    _RINvNvNtCsjrHSEGnQ3l9_3std9panicking12catch_unwind7do_callRDINtNtNtCsgEmfK2I1SDS_4core3ops8function2FnuEp6OutputlNtNtB13_6marker4SyncNtNtNtB13_5panic11unwind_safe13RefUnwindSafeEL_lEB6_
      at /rustc/59807616e1fa2540724bfbac14d7976d7e4a3860/library/std/src/panicking.rs:581
    _RINvNtCsjrHSEGnQ3l9_3std9panicking12catch_unwindlRDINtNtNtCsgEmfK2I1SDS_4core3ops8function2FnuEp6OutputlNtNtBU_6marker4SyncNtNtNtBU_5panic11unwind_safe13RefUnwindSafeEL_EB4_
      at /rustc/59807616e1fa2540724bfbac14d7976d7e4a3860/library/std/src/panicking.rs:544
    _RINvNtCsjrHSEGnQ3l9_3std5panic12catch_unwindRDINtNtNtCsgEmfK2I1SDS_4core3ops8function2FnuEp6OutputlNtNtBP_6marker4SyncNtNtNtBP_5panic11unwind_safe13RefUnwindSafeEL_lEB4_
      at /rustc/59807616e1fa2540724bfbac14d7976d7e4a3860/library/std/src/panic.rs:359
    _RNCNvNtCsjrHSEGnQ3l9_3std2rt19lang_start_internal0B5_
      at /rustc/59807616e1fa2540724bfbac14d7976d7e4a3860/library/std/src/rt.rs:175
    _RINvNvNtCsjrHSEGnQ3l9_3std9panicking12catch_unwind7do_callNCNvNtB6_2rt19lang_start_internal0iEB6_
      at /rustc/59807616e1fa2540724bfbac14d7976d7e4a3860/library/std/src/panicking.rs:581
    _RINvNtCsjrHSEGnQ3l9_3std9panicking12catch_unwindiNCNvNtB4_2rt19lang_start_internal0EB4_
      at /rustc/59807616e1fa2540724bfbac14d7976d7e4a3860/library/std/src/panicking.rs:544
    _RINvNtCsjrHSEGnQ3l9_3std5panic12catch_unwindNCNvNtB4_2rt19lang_start_internal0iEB4_
      at /rustc/59807616e1fa2540724bfbac14d7976d7e4a3860/library/std/src/panic.rs:359
    _RNvNtCsjrHSEGnQ3l9_3std2rt19lang_start_internal
      at /rustc/59807616e1fa2540724bfbac14d7976d7e4a3860/library/std/src/rt.rs:171
    main
      in /home/zhuhe/code/litchi-target-0830/fp/release/xlsx-edit-profile-0830
75 temporary allocations of 75 allocations in total (100.00%) from:
    alloc::raw_vec::RawVecInner$LT$A$GT$::grow_amortized::h123d988e32697a23
      at /rustc/59807616e1fa2540724bfbac14d7976d7e4a3860/library/alloc/src/raw_vec/mod.rs:527
      in /home/zhuhe/code/litchi-target-0830/fp/release/xlsx-edit-profile-0830
    alloc::raw_vec::RawVecInner$LT$A$GT$::grow_one::h2130958c2c449e0a
      at /rustc/59807616e1fa2540724bfbac14d7976d7e4a3860/library/alloc/src/raw_vec/mod.rs:491
    alloc::raw_vec::RawVec$LT$T$C$A$GT$::grow_one::hb7d4bbd2bb9cc51f
      at /rustc/59807616e1fa2540724bfbac14d7976d7e4a3860/library/alloc/src/raw_vec/mod.rs:188
    alloc::vec::Vec$LT$T$C$A$GT$::push_mut::h153e1ede14e97382
      at /rustc/59807616e1fa2540724bfbac14d7976d7e4a3860/library/alloc/src/vec/mod.rs:1029
      in /home/zhuhe/code/litchi-target-0830/fp/release/xlsx-edit-profile-0830
    alloc::vec::Vec$LT$T$C$A$GT$::push::h8c36e1132fa3ed5a
      at /rustc/59807616e1fa2540724bfbac14d7976d7e4a3860/library/alloc/src/vec/mod.rs:992
    quick_xml::events::attributes::IterState::check_for_duplicates::hc29a780476240719
      at /home/zhuhe/.cargo/registry/src/index.crates.io-1949cf8c6b5b557f/quick-xml-0.41.0/src/events/attributes.rs:1151
    quick_xml::events::attributes::IterState::next::hb7fbf1130318bdd2
      at src/events/attributes.rs:1287
      in /home/zhuhe/code/litchi-target-0830/fp/release/xlsx-edit-profile-0830
    _$LT$quick_xml..events..attributes..Attributes$u20$as$u20$core..iter..traits..iterator..Iterator$GT$::next::hbc7838bec304c737
      at /home/zhuhe/.cargo/registry/src/index.crates.io-1949cf8c6b5b557f/quick-xml-0.41.0/src/events/attributes.rs:698
      in /home/zhuhe/code/litchi-target-0830/fp/release/xlsx-edit-profile-0830
    _$LT$litchi_opc..xml_attributes..CheckedAttributes$u20$as$u20$core..iter..traits..iterator..Iterator$GT$::next::h44c3fd6fbb6a630c
      at /home/zhuhe/code/litchi/crates/litchi-opc/src/xml_attributes.rs:231
      in /home/zhuhe/code/litchi-target-0830/fp/release/xlsx-edit-profile-0830
    litchi_xlsx::raw::compact::compact_events::h3c4c7f60717c61ad
      at /home/zhuhe/code/litchi/crates/litchi-xlsx/src/raw/compact.rs:212
    litchi_xlsx::raw::compact::changed_observed::h9a9ab9488f827123
      at src/raw/compact.rs:174
      in /home/zhuhe/code/litchi-target-0830/fp/release/xlsx-edit-profile-0830
    litchi_xlsx::raw::compact::changed_worksheet::h91e4e2ab65b00587
      at /home/zhuhe/code/litchi/crates/litchi-xlsx/src/raw/compact.rs:121
    litchi_xlsx::workbook::edit::semantic::transaction::Edit::commit::he7829c28ddb90d02
      at src/workbook/edit/semantic/transaction.rs:2273
      in /home/zhuhe/code/litchi-target-0830/fp/release/xlsx-edit-profile-0830
    xlsx_edit_profile_0830::edit_helper_0830::h60d088236ffa3bef
      at src/main.rs:300
      in /home/zhuhe/code/litchi-target-0830/fp/release/xlsx-edit-profile-0830
    xlsx_edit_profile_0830::edit_region_0830::hd9047958b6bb4145
      at /home/zhuhe/code/litchi/docs/performance/results/change-0830/probe-src/src/main.rs:313
    xlsx_edit_profile_0830::execute_one::hd13185211950c238
      at src/main.rs:331
      in /home/zhuhe/code/litchi-target-0830/fp/release/xlsx-edit-profile-0830
    xlsx_edit_profile_0830::run::h4a0a709ddf300f9f
      at src/main.rs:227
      in /home/zhuhe/code/litchi-target-0830/fp/release/xlsx-edit-profile-0830
    xlsx_edit_profile_0830::main::h87ef95137f6e4ff2
      at /home/zhuhe/code/litchi/docs/performance/results/change-0830/probe-src/src/main.rs:178
    core::ops::function::FnOnce::call_once::hb4e58432592306ca
      at /rustc/59807616e1fa2540724bfbac14d7976d7e4a3860/library/core/src/ops/function.rs:250
      in /home/zhuhe/code/litchi-target-0830/fp/release/xlsx-edit-profile-0830
    std::sys::backtrace::__rust_begin_short_backtrace::h12b7350305ee1e0e
      at /rustc/59807616e1fa2540724bfbac14d7976d7e4a3860/library/std/src/sys/backtrace.rs:166
    std::rt::lang_start::_$u7b$$u7b$closure$u7d$$u7d$::h8a940b522bba9542
      at /rustc/59807616e1fa2540724bfbac14d7976d7e4a3860/library/std/src/rt.rs:206
      in /home/zhuhe/code/litchi-target-0830/fp/release/xlsx-edit-profile-0830
    _RNvXs0_NtNtNtCsgEmfK2I1SDS_4core3ops8function5implsRDINtB7_2FnuEp6OutputlNtNtBb_6marker4SyncNtNtNtBb_5panic11unwind_safe13RefUnwindSafeEL_INtB7_6FnOnceuE9call_onceCsjrHSEGnQ3l9_3std
      at library/core/src/ops/function.rs:287
      in /home/zhuhe/code/litchi-target-0830/fp/release/xlsx-edit-profile-0830
    _RINvNvNtCsjrHSEGnQ3l9_3std9panicking12catch_unwind7do_callRDINtNtNtCsgEmfK2I1SDS_4core3ops8function2FnuEp6OutputlNtNtB13_6marker4SyncNtNtNtB13_5panic11unwind_safe13RefUnwindSafeEL_lEB6_
      at /rustc/59807616e1fa2540724bfbac14d7976d7e4a3860/library/std/src/panicking.rs:581
    _RINvNtCsjrHSEGnQ3l9_3std9panicking12catch_unwindlRDINtNtNtCsgEmfK2I1SDS_4core3ops8function2FnuEp6OutputlNtNtBU_6marker4SyncNtNtNtBU_5panic11unwind_safe13RefUnwindSafeEL_EB4_
      at /rustc/59807616e1fa2540724bfbac14d7976d7e4a3860/library/std/src/panicking.rs:544
    _RINvNtCsjrHSEGnQ3l9_3std5panic12catch_unwindRDINtNtNtCsgEmfK2I1SDS_4core3ops8function2FnuEp6OutputlNtNtBP_6marker4SyncNtNtNtBP_5panic11unwind_safe13RefUnwindSafeEL_lEB4_
      at /rustc/59807616e1fa2540724bfbac14d7976d7e4a3860/library/std/src/panic.rs:359
    _RNCNvNtCsjrHSEGnQ3l9_3std2rt19lang_start_internal0B5_
      at /rustc/59807616e1fa2540724bfbac14d7976d7e4a3860/library/std/src/rt.rs:175
    _RINvNvNtCsjrHSEGnQ3l9_3std9panicking12catch_unwind7do_callNCNvNtB6_2rt19lang_start_internal0iEB6_
      at /rustc/59807616e1fa2540724bfbac14d7976d7e4a3860/library/std/src/panicking.rs:581
    _RINvNtCsjrHSEGnQ3l9_3std9panicking12catch_unwindiNCNvNtB4_2rt19lang_start_internal0EB4_
      at /rustc/59807616e1fa2540724bfbac14d7976d7e4a3860/library/std/src/panicking.rs:544
    _RINvNtCsjrHSEGnQ3l9_3std5panic12catch_unwindNCNvNtB4_2rt19lang_start_internal0iEB4_
      at /rustc/59807616e1fa2540724bfbac14d7976d7e4a3860/library/std/src/panic.rs:359
    _RNvNtCsjrHSEGnQ3l9_3std2rt19lang_start_internal
      at /rustc/59807616e1fa2540724bfbac14d7976d7e4a3860/library/std/src/rt.rs:171
    main
      in /home/zhuhe/code/litchi-target-0830/fp/release/xlsx-edit-profile-0830
40 temporary allocations of 40 allocations in total (100.00%) from:
    alloc::raw_vec::RawVecInner$LT$A$GT$::with_capacity_in::h85f8ec0fb5ec8745
      at /rustc/59807616e1fa2540724bfbac14d7976d7e4a3860/library/alloc/src/raw_vec/mod.rs:433
      in /home/zhuhe/code/litchi-target-0830/fp/release/xlsx-edit-profile-0830
    alloc::raw_vec::RawVec$LT$T$C$A$GT$::with_capacity_in::h183591e6a6e76f4f
      at /rustc/59807616e1fa2540724bfbac14d7976d7e4a3860/library/alloc/src/raw_vec/mod.rs:177
    alloc::vec::Vec$LT$T$C$A$GT$::with_capacity_in::hba4d0565ffd0fd68
      at /rustc/59807616e1fa2540724bfbac14d7976d7e4a3860/library/alloc/src/vec/mod.rs:965
    _$LT$T$u20$as$u20$alloc..slice..$LT$impl$u20$$u5b$T$u5d$$GT$..to_vec_in..ConvertVec$GT$::to_vec::hd92b6bdc941823b0
      at /rustc/59807616e1fa2540724bfbac14d7976d7e4a3860/library/alloc/src/slice.rs:448
    alloc::slice::_$LT$impl$u20$$u5b$T$u5d$$GT$::to_vec_in::ha04c33fcf14d617d
      at /rustc/59807616e1fa2540724bfbac14d7976d7e4a3860/library/alloc/src/slice.rs:400
    alloc::slice::_$LT$impl$u20$$u5b$T$u5d$$GT$::to_vec::h68c616984a52c0f7
      at /rustc/59807616e1fa2540724bfbac14d7976d7e4a3860/library/alloc/src/slice.rs:376
    alloc::slice::_$LT$impl$u20$alloc..borrow..ToOwned$u20$for$u20$$u5b$T$u5d$$GT$::to_owned::heed0246f77115273
      at /rustc/59807616e1fa2540724bfbac14d7976d7e4a3860/library/alloc/src/slice.rs:842
    _RNvXs2_NtCslNYArtu3iFV_5alloc3streNtNtB7_6borrow7ToOwned8to_owned
      at /rustc/59807616e1fa2540724bfbac14d7976d7e4a3860/library/alloc/src/str.rs:211
    litchi_ooxml_common::mce::codec::start::h296a97783e1862db
      at /home/zhuhe/code/litchi/crates/litchi-ooxml-common/src/mce/codec.rs:0
    litchi_ooxml_common::mce::codec::process_markup_compatibility::hf56a000df331f5c6
      at src/mce/codec.rs:774
      in /home/zhuhe/code/litchi-target-0830/fp/release/xlsx-edit-profile-0830
    litchi_ooxml_common::mce::codec::process_ooxml::hc423459ed40db600
      at src/mce/codec.rs:1672
      in /home/zhuhe/code/litchi-target-0830/fp/release/xlsx-edit-profile-0830
    litchi_xlsx::raw::worksheet::parse::_$u7b$$u7b$closure$u7d$$u7d$::h3945b6e9bf3ccbda
      at src/raw/worksheet/mod.rs:447
      in /home/zhuhe/code/litchi-target-0830/fp/release/xlsx-edit-profile-0830
    litchi_xlsx::raw::worksheet::parse::h876fe1a70043d40c
      at /home/zhuhe/code/litchi/crates/litchi-xlsx/src/raw/worksheet/mod.rs:446
    litchi_xlsx::workbook::edit::semantic::transaction::Edit::commit::he7829c28ddb90d02
      at src/workbook/edit/semantic/transaction.rs:2310
      in /home/zhuhe/code/litchi-target-0830/fp/release/xlsx-edit-profile-0830
    xlsx_edit_profile_0830::edit_helper_0830::h60d088236ffa3bef
      at src/main.rs:300
      in /home/zhuhe/code/litchi-target-0830/fp/release/xlsx-edit-profile-0830
    xlsx_edit_profile_0830::edit_region_0830::hd9047958b6bb4145
      at /home/zhuhe/code/litchi/docs/performance/results/change-0830/probe-src/src/main.rs:313
    xlsx_edit_profile_0830::execute_one::hd13185211950c238
      at src/main.rs:331
      in /home/zhuhe/code/litchi-target-0830/fp/release/xlsx-edit-profile-0830
    xlsx_edit_profile_0830::run::h4a0a709ddf300f9f
      at src/main.rs:227
      in /home/zhuhe/code/litchi-target-0830/fp/release/xlsx-edit-profile-0830
    xlsx_edit_profile_0830::main::h87ef95137f6e4ff2
      at /home/zhuhe/code/litchi/docs/performance/results/change-0830/probe-src/src/main.rs:178
    core::ops::function::FnOnce::call_once::hb4e58432592306ca
      at /rustc/59807616e1fa2540724bfbac14d7976d7e4a3860/library/core/src/ops/function.rs:250
      in /home/zhuhe/code/litchi-target-0830/fp/release/xlsx-edit-profile-0830
    std::sys::backtrace::__rust_begin_short_backtrace::h12b7350305ee1e0e
      at /rustc/59807616e1fa2540724bfbac14d7976d7e4a3860/library/std/src/sys/backtrace.rs:166
    std::rt::lang_start::_$u7b$$u7b$closure$u7d$$u7d$::h8a940b522bba9542
      at /rustc/59807616e1fa2540724bfbac14d7976d7e4a3860/library/std/src/rt.rs:206
      in /home/zhuhe/code/litchi-target-0830/fp/release/xlsx-edit-profile-0830
    _RNvXs0_NtNtNtCsgEmfK2I1SDS_4core3ops8function5implsRDINtB7_2FnuEp6OutputlNtNtBb_6marker4SyncNtNtNtBb_5panic11unwind_safe13RefUnwindSafeEL_INtB7_6FnOnceuE9call_onceCsjrHSEGnQ3l9_3std
      at library/core/src/ops/function.rs:287
      in /home/zhuhe/code/litchi-target-0830/fp/release/xlsx-edit-profile-0830
    _RINvNvNtCsjrHSEGnQ3l9_3std9panicking12catch_unwind7do_callRDINtNtNtCsgEmfK2I1SDS_4core3ops8function2FnuEp6OutputlNtNtB13_6marker4SyncNtNtNtB13_5panic11unwind_safe13RefUnwindSafeEL_lEB6_
      at /rustc/59807616e1fa2540724bfbac14d7976d7e4a3860/library/std/src/panicking.rs:581
    _RINvNtCsjrHSEGnQ3l9_3std9panicking12catch_unwindlRDINtNtNtCsgEmfK2I1SDS_4core3ops8function2FnuEp6OutputlNtNtBU_6marker4SyncNtNtNtBU_5panic11unwind_safe13RefUnwindSafeEL_EB4_
      at /rustc/59807616e1fa2540724bfbac14d7976d7e4a3860/library/std/src/panicking.rs:544
    _RINvNtCsjrHSEGnQ3l9_3std5panic12catch_unwindRDINtNtNtCsgEmfK2I1SDS_4core3ops8function2FnuEp6OutputlNtNtBP_6marker4SyncNtNtNtBP_5panic11unwind_safe13RefUnwindSafeEL_lEB4_
      at /rustc/59807616e1fa2540724bfbac14d7976d7e4a3860/library/std/src/panic.rs:359
    _RNCNvNtCsjrHSEGnQ3l9_3std2rt19lang_start_internal0B5_
      at /rustc/59807616e1fa2540724bfbac14d7976d7e4a3860/library/std/src/rt.rs:175
    _RINvNvNtCsjrHSEGnQ3l9_3std9panicking12catch_unwind7do_callNCNvNtB6_2rt19lang_start_internal0iEB6_
      at /rustc/59807616e1fa2540724bfbac14d7976d7e4a3860/library/std/src/panicking.rs:581
    _RINvNtCsjrHSEGnQ3l9_3std9panicking12catch_unwindiNCNvNtB4_2rt19lang_start_internal0EB4_
      at /rustc/59807616e1fa2540724bfbac14d7976d7e4a3860/library/std/src/panicking.rs:544
    _RINvNtCsjrHSEGnQ3l9_3std5panic12catch_unwindNCNvNtB4_2rt19lang_start_internal0iEB4_
      at /rustc/59807616e1fa2540724bfbac14d7976d7e4a3860/library/std/src/panic.rs:359
    _RNvNtCsjrHSEGnQ3l9_3std2rt19lang_start_internal
      at /rustc/59807616e1fa2540724bfbac14d7976d7e4a3860/library/std/src/rt.rs:171
    main
      in /home/zhuhe/code/litchi-target-0830/fp/release/xlsx-edit-profile-0830
40 temporary allocations of 40 allocations in total (100.00%) from:
    alloc::raw_vec::RawVecInner$LT$A$GT$::with_capacity_in::h85f8ec0fb5ec8745
      at /rustc/59807616e1fa2540724bfbac14d7976d7e4a3860/library/alloc/src/raw_vec/mod.rs:433
      in /home/zhuhe/code/litchi-target-0830/fp/release/xlsx-edit-profile-0830
    alloc::raw_vec::RawVec$LT$T$C$A$GT$::with_capacity_in::h183591e6a6e76f4f
      at /rustc/59807616e1fa2540724bfbac14d7976d7e4a3860/library/alloc/src/raw_vec/mod.rs:177
    alloc::vec::Vec$LT$T$C$A$GT$::with_capacity_in::hba4d0565ffd0fd68
      at /rustc/59807616e1fa2540724bfbac14d7976d7e4a3860/library/alloc/src/vec/mod.rs:965
    _$LT$T$u20$as$u20$alloc..slice..$LT$impl$u20$$u5b$T$u5d$$GT$..to_vec_in..ConvertVec$GT$::to_vec::hd92b6bdc941823b0
      at /rustc/59807616e1fa2540724bfbac14d7976d7e4a3860/library/alloc/src/slice.rs:448
    alloc::slice::_$LT$impl$u20$$u5b$T$u5d$$GT$::to_vec_in::ha04c33fcf14d617d
      at /rustc/59807616e1fa2540724bfbac14d7976d7e4a3860/library/alloc/src/slice.rs:400
    alloc::slice::_$LT$impl$u20$$u5b$T$u5d$$GT$::to_vec::h68c616984a52c0f7
      at /rustc/59807616e1fa2540724bfbac14d7976d7e4a3860/library/alloc/src/slice.rs:376
    alloc::slice::_$LT$impl$u20$alloc..borrow..ToOwned$u20$for$u20$$u5b$T$u5d$$GT$::to_owned::heed0246f77115273
      at /rustc/59807616e1fa2540724bfbac14d7976d7e4a3860/library/alloc/src/slice.rs:842
    _RNvXs2_NtCslNYArtu3iFV_5alloc3streNtNtB7_6borrow7ToOwned8to_owned
      at /rustc/59807616e1fa2540724bfbac14d7976d7e4a3860/library/alloc/src/str.rs:211
    litchi_ooxml_common::mce::codec::start::h296a97783e1862db
      at /home/zhuhe/code/litchi/crates/litchi-ooxml-common/src/mce/codec.rs:0
    litchi_ooxml_common::mce::codec::process_markup_compatibility::hf56a000df331f5c6
      at src/mce/codec.rs:774
      in /home/zhuhe/code/litchi-target-0830/fp/release/xlsx-edit-profile-0830
    litchi_ooxml_common::mce::codec::process_ooxml::hc423459ed40db600
      at src/mce/codec.rs:1672
      in /home/zhuhe/code/litchi-target-0830/fp/release/xlsx-edit-profile-0830
    litchi_xlsx::raw::worksheet::parse::_$u7b$$u7b$closure$u7d$$u7d$::hdee3a97428b2686f
      at src/raw/worksheet/mod.rs:447
      in /home/zhuhe/code/litchi-target-0830/fp/release/xlsx-edit-profile-0830
    litchi_xlsx::raw::worksheet::parse::hcbf0f8331010f29a
      at /home/zhuhe/code/litchi/crates/litchi-xlsx/src/raw/worksheet/mod.rs:446
    litchi_xlsx::workbook::model::Worksheet::store::hedf579646947337d
      at /home/zhuhe/code/litchi/crates/litchi-xlsx/src/workbook/model.rs:1690
    litchi_xlsx::workbook::edit::semantic::transaction::Edit::commit::he7829c28ddb90d02
      at src/workbook/edit/semantic/transaction.rs:1881
      in /home/zhuhe/code/litchi-target-0830/fp/release/xlsx-edit-profile-0830
    xlsx_edit_profile_0830::edit_helper_0830::h60d088236ffa3bef
      at src/main.rs:300
      in /home/zhuhe/code/litchi-target-0830/fp/release/xlsx-edit-profile-0830
    xlsx_edit_profile_0830::edit_region_0830::hd9047958b6bb4145
      at /home/zhuhe/code/litchi/docs/performance/results/change-0830/probe-src/src/main.rs:313
    xlsx_edit_profile_0830::execute_one::hd13185211950c238
      at src/main.rs:331
      in /home/zhuhe/code/litchi-target-0830/fp/release/xlsx-edit-profile-0830
    xlsx_edit_profile_0830::run::h4a0a709ddf300f9f
      at src/main.rs:227
      in /home/zhuhe/code/litchi-target-0830/fp/release/xlsx-edit-profile-0830
    xlsx_edit_profile_0830::main::h87ef95137f6e4ff2
      at /home/zhuhe/code/litchi/docs/performance/results/change-0830/probe-src/src/main.rs:178
    core::ops::function::FnOnce::call_once::hb4e58432592306ca
      at /rustc/59807616e1fa2540724bfbac14d7976d7e4a3860/library/core/src/ops/function.rs:250
      in /home/zhuhe/code/litchi-target-0830/fp/release/xlsx-edit-profile-0830
    std::sys::backtrace::__rust_begin_short_backtrace::h12b7350305ee1e0e
      at /rustc/59807616e1fa2540724bfbac14d7976d7e4a3860/library/std/src/sys/backtrace.rs:166
    std::rt::lang_start::_$u7b$$u7b$closure$u7d$$u7d$::h8a940b522bba9542
      at /rustc/59807616e1fa2540724bfbac14d7976d7e4a3860/library/std/src/rt.rs:206
      in /home/zhuhe/code/litchi-target-0830/fp/release/xlsx-edit-profile-0830
    _RNvXs0_NtNtNtCsgEmfK2I1SDS_4core3ops8function5implsRDINtB7_2FnuEp6OutputlNtNtBb_6marker4SyncNtNtNtBb_5panic11unwind_safe13RefUnwindSafeEL_INtB7_6FnOnceuE9call_onceCsjrHSEGnQ3l9_3std
      at library/core/src/ops/function.rs:287
      in /home/zhuhe/code/litchi-target-0830/fp/release/xlsx-edit-profile-0830
    _RINvNvNtCsjrHSEGnQ3l9_3std9panicking12catch_unwind7do_callRDINtNtNtCsgEmfK2I1SDS_4core3ops8function2FnuEp6OutputlNtNtB13_6marker4SyncNtNtNtB13_5panic11unwind_safe13RefUnwindSafeEL_lEB6_
      at /rustc/59807616e1fa2540724bfbac14d7976d7e4a3860/library/std/src/panicking.rs:581
    _RINvNtCsjrHSEGnQ3l9_3std9panicking12catch_unwindlRDINtNtNtCsgEmfK2I1SDS_4core3ops8function2FnuEp6OutputlNtNtBU_6marker4SyncNtNtNtBU_5panic11unwind_safe13RefUnwindSafeEL_EB4_
      at /rustc/59807616e1fa2540724bfbac14d7976d7e4a3860/library/std/src/panicking.rs:544
    _RINvNtCsjrHSEGnQ3l9_3std5panic12catch_unwindRDINtNtNtCsgEmfK2I1SDS_4core3ops8function2FnuEp6OutputlNtNtBP_6marker4SyncNtNtNtBP_5panic11unwind_safe13RefUnwindSafeEL_lEB4_
      at /rustc/59807616e1fa2540724bfbac14d7976d7e4a3860/library/std/src/panic.rs:359
    _RNCNvNtCsjrHSEGnQ3l9_3std2rt19lang_start_internal0B5_
      at /rustc/59807616e1fa2540724bfbac14d7976d7e4a3860/library/std/src/rt.rs:175
    _RINvNvNtCsjrHSEGnQ3l9_3std9panicking12catch_unwind7do_callNCNvNtB6_2rt19lang_start_internal0iEB6_
      at /rustc/59807616e1fa2540724bfbac14d7976d7e4a3860/library/std/src/panicking.rs:581
    _RINvNtCsjrHSEGnQ3l9_3std9panicking12catch_unwindiNCNvNtB4_2rt19lang_start_internal0EB4_
      at /rustc/59807616e1fa2540724bfbac14d7976d7e4a3860/library/std/src/panicking.rs:544
    _RINvNtCsjrHSEGnQ3l9_3std5panic12catch_unwindNCNvNtB4_2rt19lang_start_internal0iEB4_
      at /rustc/59807616e1fa2540724bfbac14d7976d7e4a3860/library/std/src/panic.rs:359
    _RNvNtCsjrHSEGnQ3l9_3std2rt19lang_start_internal
      at /rustc/59807616e1fa2540724bfbac14d7976d7e4a3860/library/std/src/rt.rs:171
    main
      in /home/zhuhe/code/litchi-target-0830/fp/release/xlsx-edit-profile-0830
  and 1.38K from 622 other places

400 temporary allocations of 1370 allocations in total (29.20%) from
_RNvXNtNtNtCsjrHSEGnQ3l9_3std3sys5alloc4unixNtNtB8_5alloc6SystemNtNtNtCsgEmfK2I1SDS_4core5alloc6global11GlobalAlloc7realloc
  at /rustc/59807616e1fa2540724bfbac14d7976d7e4a3860/library/std/src/sys/alloc/unix.rs:54
  in /home/zhuhe/code/litchi-target-0830/fp/release/xlsx-edit-profile-0830
_RNvCsfLfy6EI15iL_7___rustc13___rdl_realloc
  at /rustc/59807616e1fa2540724bfbac14d7976d7e4a3860/library/std/src/alloc.rs:477
_RNvNtCslNYArtu3iFV_5alloc5alloc7realloc
  at /rustc/59807616e1fa2540724bfbac14d7976d7e4a3860/library/alloc/src/alloc.rs:135
_RNvMNtCslNYArtu3iFV_5alloc5allocNtB2_6Global19shrink_impl_runtime
  at /rustc/59807616e1fa2540724bfbac14d7976d7e4a3860/library/alloc/src/alloc.rs:288
_RNvMNtCslNYArtu3iFV_5alloc5allocNtB2_6Global11shrink_impl
  at /rustc/59807616e1fa2540724bfbac14d7976d7e4a3860/library/alloc/src/alloc.rs:359
_RNvXs_NtCslNYArtu3iFV_5alloc5allocNtB4_6GlobalNtNtCsgEmfK2I1SDS_4core5alloc9Allocator6shrink
  at /rustc/59807616e1fa2540724bfbac14d7976d7e4a3860/library/alloc/src/alloc.rs:478
alloc::raw_vec::RawVecInner$LT$A$GT$::shrink_unchecked::hf428249fde59c60a
  at /rustc/59807616e1fa2540724bfbac14d7976d7e4a3860/library/alloc/src/raw_vec/mod.rs:852
alloc::raw_vec::RawVecInner$LT$A$GT$::shrink::hd9157286e28407b0
  at /rustc/59807616e1fa2540724bfbac14d7976d7e4a3860/library/alloc/src/raw_vec/mod.rs:814
alloc::raw_vec::RawVecInner$LT$A$GT$::shrink_to_fit::h9d7794b993f00c59
  at /rustc/59807616e1fa2540724bfbac14d7976d7e4a3860/library/alloc/src/raw_vec/mod.rs:744
alloc::raw_vec::RawVec$LT$T$C$A$GT$::shrink_to_fit::h38fca0cd04d9c4cf
  at /rustc/59807616e1fa2540724bfbac14d7976d7e4a3860/library/alloc/src/raw_vec/mod.rs:400
alloc::vec::Vec$LT$T$C$A$GT$::shrink_to_fit::h96329fc9cc8d9fe4
  at /rustc/59807616e1fa2540724bfbac14d7976d7e4a3860/library/alloc/src/vec/mod.rs:1584
alloc::vec::Vec$LT$T$C$A$GT$::into_boxed_slice::hafc9258a22994e9d
  at /rustc/59807616e1fa2540724bfbac14d7976d7e4a3860/library/alloc/src/vec/mod.rs:1710
_RNvMNtCslNYArtu3iFV_5alloc6stringNtB2_6String14into_boxed_str
  at /rustc/59807616e1fa2540724bfbac14d7976d7e4a3860/library/alloc/src/string.rs:2175
litchi_xlsx::sheet::key::hca39aa4a1b6fcffb
  at /home/zhuhe/code/litchi/crates/litchi-xlsx/src/sheet.rs:179
20 temporary allocations of 35 allocations in total (57.14%) from:
    alloc::raw_vec::RawVecInner$LT$A$GT$::grow_amortized::h123d988e32697a23
      at /rustc/59807616e1fa2540724bfbac14d7976d7e4a3860/library/alloc/src/raw_vec/mod.rs:527
      in /home/zhuhe/code/litchi-target-0830/fp/release/xlsx-edit-profile-0830
    alloc::raw_vec::RawVecInner$LT$A$GT$::reserve::do_reserve_and_handle::h4e65c9b0372bb6c2
      at /rustc/59807616e1fa2540724bfbac14d7976d7e4a3860/library/alloc/src/raw_vec/mod.rs:666
    alloc::raw_vec::RawVecInner$LT$A$GT$::reserve::h90a404b7c6347ad9
      at /rustc/59807616e1fa2540724bfbac14d7976d7e4a3860/library/alloc/src/raw_vec/mod.rs:673
      in /home/zhuhe/code/litchi-target-0830/fp/release/xlsx-edit-profile-0830
    alloc::raw_vec::RawVec$LT$T$C$A$GT$::reserve::h74a751edb1e0525d
      at /rustc/59807616e1fa2540724bfbac14d7976d7e4a3860/library/alloc/src/raw_vec/mod.rs:340
    alloc::vec::Vec$LT$T$C$A$GT$::reserve::h29555f7d2baf5722
      at /rustc/59807616e1fa2540724bfbac14d7976d7e4a3860/library/alloc/src/vec/mod.rs:1446
    alloc::vec::Vec$LT$T$C$A$GT$::append_elements::h087e97b1f38d9dcd
      at /rustc/59807616e1fa2540724bfbac14d7976d7e4a3860/library/alloc/src/vec/mod.rs:2879
    _$LT$alloc..vec..Vec$LT$T$C$A$GT$$u20$as$u20$alloc..vec..spec_extend..SpecExtend$LT$$RF$T$C$core..slice..iter..Iter$LT$T$GT$$GT$$GT$::spec_extend::h49210e1bae66ac13
      at /rustc/59807616e1fa2540724bfbac14d7976d7e4a3860/library/alloc/src/vec/spec_extend.rs:56
    alloc::vec::Vec$LT$T$C$A$GT$::extend_from_slice::hcdc550bb00b61bb1
      at /rustc/59807616e1fa2540724bfbac14d7976d7e4a3860/library/alloc/src/vec/mod.rs:3500
    quick_xml::events::BytesStart::push_attr::heb2ca9438f75849a
      at /home/zhuhe/.cargo/registry/src/index.crates.io-1949cf8c6b5b557f/quick-xml-0.41.0/src/events/mod.rs:323
    quick_xml::events::BytesStart::push_attribute::h86157367e4b280c2
      at /home/zhuhe/.cargo/registry/src/index.crates.io-1949cf8c6b5b557f/quick-xml-0.41.0/src/events/mod.rs:277
      in /home/zhuhe/code/litchi-target-0830/fp/release/xlsx-edit-profile-0830
    litchi_xlsx::raw::compact::write_start::h3c8c54645eff045b
      at /home/zhuhe/code/litchi/crates/litchi-xlsx/src/raw/compact.rs:353
    litchi_xlsx::raw::compact::compact_events::h4ade3fd39d7ca902
      at src/raw/compact.rs:221
      in /home/zhuhe/code/litchi-target-0830/fp/release/xlsx-edit-profile-0830
    litchi_xlsx::raw::compact::changed_observed::h2e8a8830e3ad573c
      at src/raw/compact.rs:152
      in /home/zhuhe/code/litchi-target-0830/fp/release/xlsx-edit-profile-0830
    litchi_xlsx::raw::compact::changed::h998f88c857050dab
      at /home/zhuhe/code/litchi/crates/litchi-xlsx/src/raw/compact.rs:22
    litchi_xlsx::workbook::edit::semantic::transaction::Edit::commit::he7829c28ddb90d02
      at src/workbook/edit/semantic/transaction.rs:2986
      in /home/zhuhe/code/litchi-target-0830/fp/release/xlsx-edit-profile-0830
    xlsx_edit_profile_0830::edit_helper_0830::h60d088236ffa3bef
      at src/main.rs:300
      in /home/zhuhe/code/litchi-target-0830/fp/release/xlsx-edit-profile-0830
    xlsx_edit_profile_0830::edit_region_0830::hd9047958b6bb4145
      at /home/zhuhe/code/litchi/docs/performance/results/change-0830/probe-src/src/main.rs:313
    xlsx_edit_profile_0830::execute_one::hd13185211950c238
      at src/main.rs:331
      in /home/zhuhe/code/litchi-target-0830/fp/release/xlsx-edit-profile-0830
    xlsx_edit_profile_0830::run::h4a0a709ddf300f9f
      at src/main.rs:227
      in /home/zhuhe/code/litchi-target-0830/fp/release/xlsx-edit-profile-0830
    xlsx_edit_profile_0830::main::h87ef95137f6e4ff2
      at /home/zhuhe/code/litchi/docs/performance/results/change-0830/probe-src/src/main.rs:178
    core::ops::function::FnOnce::call_once::hb4e58432592306ca
      at /rustc/59807616e1fa2540724bfbac14d7976d7e4a3860/library/core/src/ops/function.rs:250
      in /home/zhuhe/code/litchi-target-0830/fp/release/xlsx-edit-profile-0830
    std::sys::backtrace::__rust_begin_short_backtrace::h12b7350305ee1e0e
      at /rustc/59807616e1fa2540724bfbac14d7976d7e4a3860/library/std/src/sys/backtrace.rs:166
    std::rt::lang_start::_$u7b$$u7b$closure$u7d$$u7d$::h8a940b522bba9542
      at /rustc/59807616e1fa2540724bfbac14d7976d7e4a3860/library/std/src/rt.rs:206
      in /home/zhuhe/code/litchi-target-0830/fp/release/xlsx-edit-profile-0830
    _RNvXs0_NtNtNtCsgEmfK2I1SDS_4core3ops8function5implsRDINtB7_2FnuEp6OutputlNtNtBb_6marker4SyncNtNtNtBb_5panic11unwind_safe13RefUnwindSafeEL_INtB7_6FnOnceuE9call_onceCsjrHSEGnQ3l9_3std
      at library/core/src/ops/function.rs:287
      in /home/zhuhe/code/litchi-target-0830/fp/release/xlsx-edit-profile-0830
    _RINvNvNtCsjrHSEGnQ3l9_3std9panicking12catch_unwind7do_callRDINtNtNtCsgEmfK2I1SDS_4core3ops8function2FnuEp6OutputlNtNtB13_6marker4SyncNtNtNtB13_5panic11unwind_safe13RefUnwindSafeEL_lEB6_
      at /rustc/59807616e1fa2540724bfbac14d7976d7e4a3860/library/std/src/panicking.rs:581
    _RINvNtCsjrHSEGnQ3l9_3std9panicking12catch_unwindlRDINtNtNtCsgEmfK2I1SDS_4core3ops8function2FnuEp6OutputlNtNtBU_6marker4SyncNtNtNtBU_5panic11unwind_safe13RefUnwindSafeEL_EB4_
      at /rustc/59807616e1fa2540724bfbac14d7976d7e4a3860/library/std/src/panicking.rs:544
    _RINvNtCsjrHSEGnQ3l9_3std5panic12catch_unwindRDINtNtNtCsgEmfK2I1SDS_4core3ops8function2FnuEp6OutputlNtNtBP_6marker4SyncNtNtNtBP_5panic11unwind_safe13RefUnwindSafeEL_lEB4_
      at /rustc/59807616e1fa2540724bfbac14d7976d7e4a3860/library/std/src/panic.rs:359
    _RNCNvNtCsjrHSEGnQ3l9_3std2rt19lang_start_internal0B5_
      at /rustc/59807616e1fa2540724bfbac14d7976d7e4a3860/library/std/src/rt.rs:175
    _RINvNvNtCsjrHSEGnQ3l9_3std9panicking12catch_unwind7do_callNCNvNtB6_2rt19lang_start_internal0iEB6_
      at /rustc/59807616e1fa2540724bfbac14d7976d7e4a3860/library/std/src/panicking.rs:581
    _RINvNtCsjrHSEGnQ3l9_3std9panicking12catch_unwindiNCNvNtB4_2rt19lang_start_internal0EB4_
      at /rustc/59807616e1fa2540724bfbac14d7976d7e4a3860/library/std/src/panicking.rs:544
    _RINvNtCsjrHSEGnQ3l9_3std5panic12catch_unwindNCNvNtB4_2rt19lang_start_internal0iEB4_
      at /rustc/59807616e1fa2540724bfbac14d7976d7e4a3860/library/std/src/panic.rs:359
    _RNvNtCsjrHSEGnQ3l9_3std2rt19lang_start_internal
      at /rustc/59807616e1fa2540724bfbac14d7976d7e4a3860/library/std/src/rt.rs:171
    main
      in /home/zhuhe/code/litchi-target-0830/fp/release/xlsx-edit-profile-0830
20 temporary allocations of 20 allocations in total (100.00%) from:
    alloc::raw_vec::RawVecInner$LT$A$GT$::grow_amortized::h123d988e32697a23
      at /rustc/59807616e1fa2540724bfbac14d7976d7e4a3860/library/alloc/src/raw_vec/mod.rs:527
      in /home/zhuhe/code/litchi-target-0830/fp/release/xlsx-edit-profile-0830
    alloc::raw_vec::RawVecInner$LT$A$GT$::reserve::do_reserve_and_handle::h4e65c9b0372bb6c2
      at /rustc/59807616e1fa2540724bfbac14d7976d7e4a3860/library/alloc/src/raw_vec/mod.rs:666
    alloc::raw_vec::RawVecInner$LT$A$GT$::reserve::h90a404b7c6347ad9
      at /rustc/59807616e1fa2540724bfbac14d7976d7e4a3860/library/alloc/src/raw_vec/mod.rs:673
      in /home/zhuhe/code/litchi-target-0830/fp/release/xlsx-edit-profile-0830
    alloc::raw_vec::RawVec$LT$T$C$A$GT$::reserve::h74a751edb1e0525d
      at /rustc/59807616e1fa2540724bfbac14d7976d7e4a3860/library/alloc/src/raw_vec/mod.rs:340
    alloc::vec::Vec$LT$T$C$A$GT$::reserve::h29555f7d2baf5722
      at /rustc/59807616e1fa2540724bfbac14d7976d7e4a3860/library/alloc/src/vec/mod.rs:1446
    alloc::vec::Vec$LT$T$C$A$GT$::append_elements::h087e97b1f38d9dcd
      at /rustc/59807616e1fa2540724bfbac14d7976d7e4a3860/library/alloc/src/vec/mod.rs:2879
    _$LT$alloc..vec..Vec$LT$T$C$A$GT$$u20$as$u20$alloc..vec..spec_extend..SpecExtend$LT$$RF$T$C$core..slice..iter..Iter$LT$T$GT$$GT$$GT$::spec_extend::h49210e1bae66ac13
      at /rustc/59807616e1fa2540724bfbac14d7976d7e4a3860/library/alloc/src/vec/spec_extend.rs:56
    alloc::vec::Vec$LT$T$C$A$GT$::extend_from_slice::hcdc550bb00b61bb1
      at /rustc/59807616e1fa2540724bfbac14d7976d7e4a3860/library/alloc/src/vec/mod.rs:3500
    quick_xml::events::BytesStart::push_attr::heb2ca9438f75849a
      at /home/zhuhe/.cargo/registry/src/index.crates.io-1949cf8c6b5b557f/quick-xml-0.41.0/src/events/mod.rs:321
    quick_xml::events::BytesStart::push_attribute::h86157367e4b280c2
      at /home/zhuhe/.cargo/registry/src/index.crates.io-1949cf8c6b5b557f/quick-xml-0.41.0/src/events/mod.rs:277
      in /home/zhuhe/code/litchi-target-0830/fp/release/xlsx-edit-profile-0830
    litchi_xlsx::raw::compact::write_start::h3c8c54645eff045b
      at /home/zhuhe/code/litchi/crates/litchi-xlsx/src/raw/compact.rs:353
    litchi_xlsx::raw::compact::compact_events::h3c4c7f60717c61ad
      at src/raw/compact.rs:221
      in /home/zhuhe/code/litchi-target-0830/fp/release/xlsx-edit-profile-0830
    litchi_xlsx::raw::compact::changed_observed::h9a9ab9488f827123
      at src/raw/compact.rs:174
      in /home/zhuhe/code/litchi-target-0830/fp/release/xlsx-edit-profile-0830
    litchi_xlsx::raw::compact::changed_worksheet::h91e4e2ab65b00587
      at /home/zhuhe/code/litchi/crates/litchi-xlsx/src/raw/compact.rs:121
    litchi_xlsx::workbook::edit::semantic::transaction::Edit::commit::he7829c28ddb90d02
      at src/workbook/edit/semantic/transaction.rs:2273
      in /home/zhuhe/code/litchi-target-0830/fp/release/xlsx-edit-profile-0830
    xlsx_edit_profile_0830::edit_helper_0830::h60d088236ffa3bef
      at src/main.rs:300
      in /home/zhuhe/code/litchi-target-0830/fp/release/xlsx-edit-profile-0830
    xlsx_edit_profile_0830::edit_region_0830::hd9047958b6bb4145
      at /home/zhuhe/code/litchi/docs/performance/results/change-0830/probe-src/src/main.rs:313
    xlsx_edit_profile_0830::execute_one::hd13185211950c238
      at src/main.rs:331
      in /home/zhuhe/code/litchi-target-0830/fp/release/xlsx-edit-profile-0830
    xlsx_edit_profile_0830::run::h4a0a709ddf300f9f
      at src/main.rs:227
      in /home/zhuhe/code/litchi-target-0830/fp/release/xlsx-edit-profile-0830
    xlsx_edit_profile_0830::main::h87ef95137f6e4ff2
      at /home/zhuhe/code/litchi/docs/performance/results/change-0830/probe-src/src/main.rs:178
    core::ops::function::FnOnce::call_once::hb4e58432592306ca
      at /rustc/59807616e1fa2540724bfbac14d7976d7e4a3860/library/core/src/ops/function.rs:250
      in /home/zhuhe/code/litchi-target-0830/fp/release/xlsx-edit-profile-0830
    std::sys::backtrace::__rust_begin_short_backtrace::h12b7350305ee1e0e
      at /rustc/59807616e1fa2540724bfbac14d7976d7e4a3860/library/std/src/sys/backtrace.rs:166
    std::rt::lang_start::_$u7b$$u7b$closure$u7d$$u7d$::h8a940b522bba9542
      at /rustc/59807616e1fa2540724bfbac14d7976d7e4a3860/library/std/src/rt.rs:206
      in /home/zhuhe/code/litchi-target-0830/fp/release/xlsx-edit-profile-0830
    _RNvXs0_NtNtNtCsgEmfK2I1SDS_4core3ops8function5implsRDINtB7_2FnuEp6OutputlNtNtBb_6marker4SyncNtNtNtBb_5panic11unwind_safe13RefUnwindSafeEL_INtB7_6FnOnceuE9call_onceCsjrHSEGnQ3l9_3std
      at library/core/src/ops/function.rs:287
      in /home/zhuhe/code/litchi-target-0830/fp/release/xlsx-edit-profile-0830
    _RINvNvNtCsjrHSEGnQ3l9_3std9panicking12catch_unwind7do_callRDINtNtNtCsgEmfK2I1SDS_4core3ops8function2FnuEp6OutputlNtNtB13_6marker4SyncNtNtNtB13_5panic11unwind_safe13RefUnwindSafeEL_lEB6_
      at /rustc/59807616e1fa2540724bfbac14d7976d7e4a3860/library/std/src/panicking.rs:581
    _RINvNtCsjrHSEGnQ3l9_3std9panicking12catch_unwindlRDINtNtNtCsgEmfK2I1SDS_4core3ops8function2FnuEp6OutputlNtNtBU_6marker4SyncNtNtNtBU_5panic11unwind_safe13RefUnwindSafeEL_EB4_
      at /rustc/59807616e1fa2540724bfbac14d7976d7e4a3860/library/std/src/panicking.rs:544
    _RINvNtCsjrHSEGnQ3l9_3std5panic12catch_unwindRDINtNtNtCsgEmfK2I1SDS_4core3ops8function2FnuEp6OutputlNtNtBP_6marker4SyncNtNtNtBP_5panic11unwind_safe13RefUnwindSafeEL_lEB4_
      at /rustc/59807616e1fa2540724bfbac14d7976d7e4a3860/library/std/src/panic.rs:359
    _RNCNvNtCsjrHSEGnQ3l9_3std2rt19lang_start_internal0B5_
      at /rustc/59807616e1fa2540724bfbac14d7976d7e4a3860/library/std/src/rt.rs:175
    _RINvNvNtCsjrHSEGnQ3l9_3std9panicking12catch_unwind7do_callNCNvNtB6_2rt19lang_start_internal0iEB6_
      at /rustc/59807616e1fa2540724bfbac14d7976d7e4a3860/library/std/src/panicking.rs:581
    _RINvNtCsjrHSEGnQ3l9_3std9panicking12catch_unwindiNCNvNtB4_2rt19lang_start_internal0EB4_
      at /rustc/59807616e1fa2540724bfbac14d7976d7e4a3860/library/std/src/panicking.rs:544
    _RINvNtCsjrHSEGnQ3l9_3std5panic12catch_unwindNCNvNtB4_2rt19lang_start_internal0iEB4_
      at /rustc/59807616e1fa2540724bfbac14d7976d7e4a3860/library/std/src/panic.rs:359
    _RNvNtCsjrHSEGnQ3l9_3std2rt19lang_start_internal
      at /rustc/59807616e1fa2540724bfbac14d7976d7e4a3860/library/std/src/rt.rs:171
    main
      in /home/zhuhe/code/litchi-target-0830/fp/release/xlsx-edit-profile-0830
15 temporary allocations of 25 allocations in total (60.00%) from:
    alloc::raw_vec::RawVecInner$LT$A$GT$::grow_amortized::h123d988e32697a23
      at /rustc/59807616e1fa2540724bfbac14d7976d7e4a3860/library/alloc/src/raw_vec/mod.rs:527
      in /home/zhuhe/code/litchi-target-0830/fp/release/xlsx-edit-profile-0830
    alloc::raw_vec::RawVecInner$LT$A$GT$::reserve::do_reserve_and_handle::h4e65c9b0372bb6c2
      at /rustc/59807616e1fa2540724bfbac14d7976d7e4a3860/library/alloc/src/raw_vec/mod.rs:666
    alloc::raw_vec::RawVecInner$LT$A$GT$::reserve::h90a404b7c6347ad9
      at /rustc/59807616e1fa2540724bfbac14d7976d7e4a3860/library/alloc/src/raw_vec/mod.rs:673
      in /home/zhuhe/code/litchi-target-0830/fp/release/xlsx-edit-profile-0830
    alloc::raw_vec::RawVec$LT$T$C$A$GT$::reserve::h74a751edb1e0525d
      at /rustc/59807616e1fa2540724bfbac14d7976d7e4a3860/library/alloc/src/raw_vec/mod.rs:340
    alloc::vec::Vec$LT$T$C$A$GT$::reserve::h29555f7d2baf5722
      at /rustc/59807616e1fa2540724bfbac14d7976d7e4a3860/library/alloc/src/vec/mod.rs:1446
    alloc::vec::Vec$LT$T$C$A$GT$::append_elements::h087e97b1f38d9dcd
      at /rustc/59807616e1fa2540724bfbac14d7976d7e4a3860/library/alloc/src/vec/mod.rs:2879
    _$LT$alloc..vec..Vec$LT$T$C$A$GT$$u20$as$u20$alloc..vec..spec_extend..SpecExtend$LT$$RF$T$C$core..slice..iter..Iter$LT$T$GT$$GT$$GT$::spec_extend::h49210e1bae66ac13
      at /rustc/59807616e1fa2540724bfbac14d7976d7e4a3860/library/alloc/src/vec/spec_extend.rs:56
    alloc::vec::Vec$LT$T$C$A$GT$::extend_from_slice::hcdc550bb00b61bb1
      at /rustc/59807616e1fa2540724bfbac14d7976d7e4a3860/library/alloc/src/vec/mod.rs:3500
    quick_xml::events::BytesStart::push_attr::heb2ca9438f75849a
      at /home/zhuhe/.cargo/registry/src/index.crates.io-1949cf8c6b5b557f/quick-xml-0.41.0/src/events/mod.rs:323
    quick_xml::events::BytesStart::push_attribute::h86157367e4b280c2
      at /home/zhuhe/.cargo/registry/src/index.crates.io-1949cf8c6b5b557f/quick-xml-0.41.0/src/events/mod.rs:277
      in /home/zhuhe/code/litchi-target-0830/fp/release/xlsx-edit-profile-0830
    litchi_xlsx::raw::compact::write_start::h3c8c54645eff045b
      at /home/zhuhe/code/litchi/crates/litchi-xlsx/src/raw/compact.rs:353
    litchi_xlsx::raw::compact::compact_events::h4ade3fd39d7ca902
      at src/raw/compact.rs:249
      in /home/zhuhe/code/litchi-target-0830/fp/release/xlsx-edit-profile-0830
    litchi_xlsx::raw::compact::changed_observed::h2e8a8830e3ad573c
      at src/raw/compact.rs:152
      in /home/zhuhe/code/litchi-target-0830/fp/release/xlsx-edit-profile-0830
    litchi_xlsx::raw::compact::changed::h998f88c857050dab
      at /home/zhuhe/code/litchi/crates/litchi-xlsx/src/raw/compact.rs:22
    litchi_xlsx::workbook::edit::semantic::transaction::Edit::commit::he7829c28ddb90d02
      at src/workbook/edit/semantic/transaction.rs:2986
      in /home/zhuhe/code/litchi-target-0830/fp/release/xlsx-edit-profile-0830
    xlsx_edit_profile_0830::edit_helper_0830::h60d088236ffa3bef
      at src/main.rs:300
      in /home/zhuhe/code/litchi-target-0830/fp/release/xlsx-edit-profile-0830
    xlsx_edit_profile_0830::edit_region_0830::hd9047958b6bb4145
      at /home/zhuhe/code/litchi/docs/performance/results/change-0830/probe-src/src/main.rs:313
    xlsx_edit_profile_0830::execute_one::hd13185211950c238
      at src/main.rs:331
      in /home/zhuhe/code/litchi-target-0830/fp/release/xlsx-edit-profile-0830
    xlsx_edit_profile_0830::run::h4a0a709ddf300f9f
      at src/main.rs:227
      in /home/zhuhe/code/litchi-target-0830/fp/release/xlsx-edit-profile-0830
    xlsx_edit_profile_0830::main::h87ef95137f6e4ff2
      at /home/zhuhe/code/litchi/docs/performance/results/change-0830/probe-src/src/main.rs:178
    core::ops::function::FnOnce::call_once::hb4e58432592306ca
      at /rustc/59807616e1fa2540724bfbac14d7976d7e4a3860/library/core/src/ops/function.rs:250
      in /home/zhuhe/code/litchi-target-0830/fp/release/xlsx-edit-profile-0830
    std::sys::backtrace::__rust_begin_short_backtrace::h12b7350305ee1e0e
      at /rustc/59807616e1fa2540724bfbac14d7976d7e4a3860/library/std/src/sys/backtrace.rs:166
    std::rt::lang_start::_$u7b$$u7b$closure$u7d$$u7d$::h8a940b522bba9542
      at /rustc/59807616e1fa2540724bfbac14d7976d7e4a3860/library/std/src/rt.rs:206
      in /home/zhuhe/code/litchi-target-0830/fp/release/xlsx-edit-profile-0830
    _RNvXs0_NtNtNtCsgEmfK2I1SDS_4core3ops8function5implsRDINtB7_2FnuEp6OutputlNtNtBb_6marker4SyncNtNtNtBb_5panic11unwind_safe13RefUnwindSafeEL_INtB7_6FnOnceuE9call_onceCsjrHSEGnQ3l9_3std
      at library/core/src/ops/function.rs:287
      in /home/zhuhe/code/litchi-target-0830/fp/release/xlsx-edit-profile-0830
    _RINvNvNtCsjrHSEGnQ3l9_3std9panicking12catch_unwind7do_callRDINtNtNtCsgEmfK2I1SDS_4core3ops8function2FnuEp6OutputlNtNtB13_6marker4SyncNtNtNtB13_5panic11unwind_safe13RefUnwindSafeEL_lEB6_
      at /rustc/59807616e1fa2540724bfbac14d7976d7e4a3860/library/std/src/panicking.rs:581
    _RINvNtCsjrHSEGnQ3l9_3std9panicking12catch_unwindlRDINtNtNtCsgEmfK2I1SDS_4core3ops8function2FnuEp6OutputlNtNtBU_6marker4SyncNtNtNtBU_5panic11unwind_safe13RefUnwindSafeEL_EB4_
      at /rustc/59807616e1fa2540724bfbac14d7976d7e4a3860/library/std/src/panicking.rs:544
    _RINvNtCsjrHSEGnQ3l9_3std5panic12catch_unwindRDINtNtNtCsgEmfK2I1SDS_4core3ops8function2FnuEp6OutputlNtNtBP_6marker4SyncNtNtNtBP_5panic11unwind_safe13RefUnwindSafeEL_lEB4_
      at /rustc/59807616e1fa2540724bfbac14d7976d7e4a3860/library/std/src/panic.rs:359
    _RNCNvNtCsjrHSEGnQ3l9_3std2rt19lang_start_internal0B5_
      at /rustc/59807616e1fa2540724bfbac14d7976d7e4a3860/library/std/src/rt.rs:175
    _RINvNvNtCsjrHSEGnQ3l9_3std9panicking12catch_unwind7do_callNCNvNtB6_2rt19lang_start_internal0iEB6_
      at /rustc/59807616e1fa2540724bfbac14d7976d7e4a3860/library/std/src/panicking.rs:581
    _RINvNtCsjrHSEGnQ3l9_3std9panicking12catch_unwindiNCNvNtB4_2rt19lang_start_internal0EB4_
      at /rustc/59807616e1fa2540724bfbac14d7976d7e4a3860/library/std/src/panicking.rs:544
    _RINvNtCsjrHSEGnQ3l9_3std5panic12catch_unwindNCNvNtB4_2rt19lang_start_internal0iEB4_
      at /rustc/59807616e1fa2540724bfbac14d7976d7e4a3860/library/std/src/panic.rs:359
    _RNvNtCsjrHSEGnQ3l9_3std2rt19lang_start_internal
      at /rustc/59807616e1fa2540724bfbac14d7976d7e4a3860/library/std/src/rt.rs:171
    main
      in /home/zhuhe/code/litchi-target-0830/fp/release/xlsx-edit-profile-0830
15 temporary allocations of 35 allocations in total (42.86%) from:
    alloc::raw_vec::RawVecInner$LT$A$GT$::grow_amortized::h123d988e32697a23
      at /rustc/59807616e1fa2540724bfbac14d7976d7e4a3860/library/alloc/src/raw_vec/mod.rs:527
      in /home/zhuhe/code/litchi-target-0830/fp/release/xlsx-edit-profile-0830
    alloc::raw_vec::RawVecInner$LT$A$GT$::reserve::do_reserve_and_handle::h4e65c9b0372bb6c2
      at /rustc/59807616e1fa2540724bfbac14d7976d7e4a3860/library/alloc/src/raw_vec/mod.rs:666
    alloc::raw_vec::RawVecInner$LT$A$GT$::reserve::h90a404b7c6347ad9
      at /rustc/59807616e1fa2540724bfbac14d7976d7e4a3860/library/alloc/src/raw_vec/mod.rs:673
      in /home/zhuhe/code/litchi-target-0830/fp/release/xlsx-edit-profile-0830
    alloc::raw_vec::RawVec$LT$T$C$A$GT$::reserve::h74a751edb1e0525d
      at /rustc/59807616e1fa2540724bfbac14d7976d7e4a3860/library/alloc/src/raw_vec/mod.rs:340
    alloc::vec::Vec$LT$T$C$A$GT$::reserve::h29555f7d2baf5722
      at /rustc/59807616e1fa2540724bfbac14d7976d7e4a3860/library/alloc/src/vec/mod.rs:1446
    alloc::vec::Vec$LT$T$C$A$GT$::append_elements::h087e97b1f38d9dcd
      at /rustc/59807616e1fa2540724bfbac14d7976d7e4a3860/library/alloc/src/vec/mod.rs:2879
    _$LT$alloc..vec..Vec$LT$T$C$A$GT$$u20$as$u20$alloc..vec..spec_extend..SpecExtend$LT$$RF$T$C$core..slice..iter..Iter$LT$T$GT$$GT$$GT$::spec_extend::h49210e1bae66ac13
      at /rustc/59807616e1fa2540724bfbac14d7976d7e4a3860/library/alloc/src/vec/spec_extend.rs:56
    alloc::vec::Vec$LT$T$C$A$GT$::extend_from_slice::hcdc550bb00b61bb1
      at /rustc/59807616e1fa2540724bfbac14d7976d7e4a3860/library/alloc/src/vec/mod.rs:3500
    quick_xml::events::BytesStart::push_attr::heb2ca9438f75849a
      at /home/zhuhe/.cargo/registry/src/index.crates.io-1949cf8c6b5b557f/quick-xml-0.41.0/src/events/mod.rs:320
    quick_xml::events::BytesStart::push_attribute::h86157367e4b280c2
      at /home/zhuhe/.cargo/registry/src/index.crates.io-1949cf8c6b5b557f/quick-xml-0.41.0/src/events/mod.rs:277
      in /home/zhuhe/code/litchi-target-0830/fp/release/xlsx-edit-profile-0830
    litchi_xlsx::raw::compact::write_start::h3c8c54645eff045b
      at /home/zhuhe/code/litchi/crates/litchi-xlsx/src/raw/compact.rs:353
    litchi_xlsx::raw::compact::compact_events::h4ade3fd39d7ca902
      at src/raw/compact.rs:249
      in /home/zhuhe/code/litchi-target-0830/fp/release/xlsx-edit-profile-0830
    litchi_xlsx::raw::compact::changed_observed::h2e8a8830e3ad573c
      at src/raw/compact.rs:152
      in /home/zhuhe/code/litchi-target-0830/fp/release/xlsx-edit-profile-0830
    litchi_xlsx::raw::compact::changed::h998f88c857050dab
      at /home/zhuhe/code/litchi/crates/litchi-xlsx/src/raw/compact.rs:22
    litchi_xlsx::workbook::edit::semantic::transaction::Edit::commit::he7829c28ddb90d02
      at src/workbook/edit/semantic/transaction.rs:2986
      in /home/zhuhe/code/litchi-target-0830/fp/release/xlsx-edit-profile-0830
    xlsx_edit_profile_0830::edit_helper_0830::h60d088236ffa3bef
      at src/main.rs:300
      in /home/zhuhe/code/litchi-target-0830/fp/release/xlsx-edit-profile-0830
    xlsx_edit_profile_0830::edit_region_0830::hd9047958b6bb4145
      at /home/zhuhe/code/litchi/docs/performance/results/change-0830/probe-src/src/main.rs:313
    xlsx_edit_profile_0830::execute_one::hd13185211950c238
      at src/main.rs:331
      in /home/zhuhe/code/litchi-target-0830/fp/release/xlsx-edit-profile-0830
    xlsx_edit_profile_0830::run::h4a0a709ddf300f9f
      at src/main.rs:227
      in /home/zhuhe/code/litchi-target-0830/fp/release/xlsx-edit-profile-0830
    xlsx_edit_profile_0830::main::h87ef95137f6e4ff2
      at /home/zhuhe/code/litchi/docs/performance/results/change-0830/probe-src/src/main.rs:178
    core::ops::function::FnOnce::call_once::hb4e58432592306ca
      at /rustc/59807616e1fa2540724bfbac14d7976d7e4a3860/library/core/src/ops/function.rs:250
      in /home/zhuhe/code/litchi-target-0830/fp/release/xlsx-edit-profile-0830
    std::sys::backtrace::__rust_begin_short_backtrace::h12b7350305ee1e0e
      at /rustc/59807616e1fa2540724bfbac14d7976d7e4a3860/library/std/src/sys/backtrace.rs:166
    std::rt::lang_start::_$u7b$$u7b$closure$u7d$$u7d$::h8a940b522bba9542
      at /rustc/59807616e1fa2540724bfbac14d7976d7e4a3860/library/std/src/rt.rs:206
      in /home/zhuhe/code/litchi-target-0830/fp/release/xlsx-edit-profile-0830
    _RNvXs0_NtNtNtCsgEmfK2I1SDS_4core3ops8function5implsRDINtB7_2FnuEp6OutputlNtNtBb_6marker4SyncNtNtNtBb_5panic11unwind_safe13RefUnwindSafeEL_INtB7_6FnOnceuE9call_onceCsjrHSEGnQ3l9_3std
      at library/core/src/ops/function.rs:287
      in /home/zhuhe/code/litchi-target-0830/fp/release/xlsx-edit-profile-0830
    _RINvNvNtCsjrHSEGnQ3l9_3std9panicking12catch_unwind7do_callRDINtNtNtCsgEmfK2I1SDS_4core3ops8function2FnuEp6OutputlNtNtB13_6marker4SyncNtNtNtB13_5panic11unwind_safe13RefUnwindSafeEL_lEB6_
      at /rustc/59807616e1fa2540724bfbac14d7976d7e4a3860/library/std/src/panicking.rs:581
    _RINvNtCsjrHSEGnQ3l9_3std9panicking12catch_unwindlRDINtNtNtCsgEmfK2I1SDS_4core3ops8function2FnuEp6OutputlNtNtBU_6marker4SyncNtNtNtBU_5panic11unwind_safe13RefUnwindSafeEL_EB4_
      at /rustc/59807616e1fa2540724bfbac14d7976d7e4a3860/library/std/src/panicking.rs:544
    _RINvNtCsjrHSEGnQ3l9_3std5panic12catch_unwindRDINtNtNtCsgEmfK2I1SDS_4core3ops8function2FnuEp6OutputlNtNtBP_6marker4SyncNtNtNtBP_5panic11unwind_safe13RefUnwindSafeEL_lEB4_
      at /rustc/59807616e1fa2540724bfbac14d7976d7e4a3860/library/std/src/panic.rs:359
    _RNCNvNtCsjrHSEGnQ3l9_3std2rt19lang_start_internal0B5_
      at /rustc/59807616e1fa2540724bfbac14d7976d7e4a3860/library/std/src/rt.rs:175
    _RINvNvNtCsjrHSEGnQ3l9_3std9panicking12catch_unwind7do_callNCNvNtB6_2rt19lang_start_internal0iEB6_
      at /rustc/59807616e1fa2540724bfbac14d7976d7e4a3860/library/std/src/panicking.rs:581
    _RINvNtCsjrHSEGnQ3l9_3std9panicking12catch_unwindiNCNvNtB4_2rt19lang_start_internal0EB4_
      at /rustc/59807616e1fa2540724bfbac14d7976d7e4a3860/library/std/src/panicking.rs:544
    _RINvNtCsjrHSEGnQ3l9_3std5panic12catch_unwindNCNvNtB4_2rt19lang_start_internal0iEB4_
      at /rustc/59807616e1fa2540724bfbac14d7976d7e4a3860/library/std/src/panic.rs:359
    _RNvNtCsjrHSEGnQ3l9_3std2rt19lang_start_internal
      at /rustc/59807616e1fa2540724bfbac14d7976d7e4a3860/library/std/src/rt.rs:171
    main
      in /home/zhuhe/code/litchi-target-0830/fp/release/xlsx-edit-profile-0830
10 temporary allocations of 15 allocations in total (66.67%) from:
    alloc::raw_vec::RawVecInner$LT$A$GT$::grow_amortized::h123d988e32697a23
      at /rustc/59807616e1fa2540724bfbac14d7976d7e4a3860/library/alloc/src/raw_vec/mod.rs:527
      in /home/zhuhe/code/litchi-target-0830/fp/release/xlsx-edit-profile-0830
    alloc::raw_vec::RawVecInner$LT$A$GT$::reserve::do_reserve_and_handle::h4e65c9b0372bb6c2
      at /rustc/59807616e1fa2540724bfbac14d7976d7e4a3860/library/alloc/src/raw_vec/mod.rs:666
    alloc::raw_vec::RawVecInner$LT$A$GT$::reserve::h90a404b7c6347ad9
      at /rustc/59807616e1fa2540724bfbac14d7976d7e4a3860/library/alloc/src/raw_vec/mod.rs:673
      in /home/zhuhe/code/litchi-target-0830/fp/release/xlsx-edit-profile-0830
    alloc::raw_vec::RawVec$LT$T$C$A$GT$::reserve::h74a751edb1e0525d
      at /rustc/59807616e1fa2540724bfbac14d7976d7e4a3860/library/alloc/src/raw_vec/mod.rs:340
    alloc::vec::Vec$LT$T$C$A$GT$::reserve::h29555f7d2baf5722
      at /rustc/59807616e1fa2540724bfbac14d7976d7e4a3860/library/alloc/src/vec/mod.rs:1446
    alloc::vec::Vec$LT$T$C$A$GT$::append_elements::h087e97b1f38d9dcd
      at /rustc/59807616e1fa2540724bfbac14d7976d7e4a3860/library/alloc/src/vec/mod.rs:2879
    _$LT$alloc..vec..Vec$LT$T$C$A$GT$$u20$as$u20$alloc..vec..spec_extend..SpecExtend$LT$$RF$T$C$core..slice..iter..Iter$LT$T$GT$$GT$$GT$::spec_extend::h49210e1bae66ac13
      at /rustc/59807616e1fa2540724bfbac14d7976d7e4a3860/library/alloc/src/vec/spec_extend.rs:56
    _$LT$alloc..vec..Vec$LT$T$C$A$GT$$u20$as$u20$core..iter..traits..collect..Extend$LT$$RF$T$GT$$GT$::extend::h9cc5b216e6c0cea8
      at /rustc/59807616e1fa2540724bfbac14d7976d7e4a3860/library/alloc/src/vec/mod.rs:4167
    quick_xml::reader::state::ReaderState::emit_start::hf904e622dc69c85c
      at /home/zhuhe/.cargo/registry/src/index.crates.io-1949cf8c6b5b557f/quick-xml-0.41.0/src/reader/state.rs:347
    quick_xml::reader::Reader$LT$R$GT$::read_until_close::h528c83c5498803e5
      at /home/zhuhe/.cargo/registry/src/index.crates.io-1949cf8c6b5b557f/quick-xml-0.41.0/src/reader/mod.rs:465
      in /home/zhuhe/code/litchi-target-0830/fp/release/xlsx-edit-profile-0830
    quick_xml::reader::Reader$LT$R$GT$::read_event_impl::h45272ef7ae9cb5b1
      at /home/zhuhe/.cargo/registry/src/index.crates.io-1949cf8c6b5b557f/quick-xml-0.41.0/src/reader/mod.rs:369
    quick_xml::reader::ns_reader::NsReader$LT$R$GT$::read_event_impl::h92c31f5b7d33d689
      at /home/zhuhe/.cargo/registry/src/index.crates.io-1949cf8c6b5b557f/quick-xml-0.41.0/src/reader/ns_reader.rs:69
      in /home/zhuhe/code/litchi-target-0830/fp/release/xlsx-edit-profile-0830
    quick_xml::reader::ns_reader::NsReader$LT$$RF$$u5b$u8$u5d$$GT$::read_event::h834619a1d9f0c39b
      at /home/zhuhe/.cargo/registry/src/index.crates.io-1949cf8c6b5b557f/quick-xml-0.41.0/src/reader/ns_reader.rs:519
    litchi_xlsx::raw::worksheet::lane::skip_to::h4e73f44568f8fc92
      at /home/zhuhe/code/litchi/crates/litchi-xlsx/src/raw/worksheet/lane.rs:284
    litchi_xlsx::raw::worksheet::codec::_$LT$impl$u20$litchi_xlsx..raw..worksheet..model..Parser$GT$::parse::h731d1c18e58e424b
      at src/raw/worksheet/codec.rs:345
      in /home/zhuhe/code/litchi-target-0830/fp/release/xlsx-edit-profile-0830
    litchi_xlsx::raw::worksheet::parse::_$u7b$$u7b$closure$u7d$$u7d$::hdee3a97428b2686f
      at /home/zhuhe/code/litchi/crates/litchi-xlsx/src/raw/worksheet/mod.rs:450
    litchi_xlsx::raw::worksheet::parse::hcbf0f8331010f29a
      at /home/zhuhe/code/litchi/crates/litchi-xlsx/src/raw/worksheet/mod.rs:446
    litchi_xlsx::workbook::model::Worksheet::store::hedf579646947337d
      at /home/zhuhe/code/litchi/crates/litchi-xlsx/src/workbook/model.rs:1690
    litchi_xlsx::workbook::edit::semantic::transaction::Edit::commit::he7829c28ddb90d02
      at src/workbook/edit/semantic/transaction.rs:1881
      in /home/zhuhe/code/litchi-target-0830/fp/release/xlsx-edit-profile-0830
    xlsx_edit_profile_0830::edit_helper_0830::h60d088236ffa3bef
      at src/main.rs:300
      in /home/zhuhe/code/litchi-target-0830/fp/release/xlsx-edit-profile-0830
    xlsx_edit_profile_0830::edit_region_0830::hd9047958b6bb4145
      at /home/zhuhe/code/litchi/docs/performance/results/change-0830/probe-src/src/main.rs:313
    xlsx_edit_profile_0830::execute_one::hd13185211950c238
      at src/main.rs:331
      in /home/zhuhe/code/litchi-target-0830/fp/release/xlsx-edit-profile-0830
    xlsx_edit_profile_0830::run::h4a0a709ddf300f9f
      at src/main.rs:227
      in /home/zhuhe/code/litchi-target-0830/fp/release/xlsx-edit-profile-0830
    xlsx_edit_profile_0830::main::h87ef95137f6e4ff2
      at /home/zhuhe/code/litchi/docs/performance/results/change-0830/probe-src/src/main.rs:178
    core::ops::function::FnOnce::call_once::hb4e58432592306ca
      at /rustc/59807616e1fa2540724bfbac14d7976d7e4a3860/library/core/src/ops/function.rs:250
      in /home/zhuhe/code/litchi-target-0830/fp/release/xlsx-edit-profile-0830
    std::sys::backtrace::__rust_begin_short_backtrace::h12b7350305ee1e0e
      at /rustc/59807616e1fa2540724bfbac14d7976d7e4a3860/library/std/src/sys/backtrace.rs:166
    std::rt::lang_start::_$u7b$$u7b$closure$u7d$$u7d$::h8a940b522bba9542
      at /rustc/59807616e1fa2540724bfbac14d7976d7e4a3860/library/std/src/rt.rs:206
      in /home/zhuhe/code/litchi-target-0830/fp/release/xlsx-edit-profile-0830
    _RNvXs0_NtNtNtCsgEmfK2I1SDS_4core3ops8function5implsRDINtB7_2FnuEp6OutputlNtNtBb_6marker4SyncNtNtNtBb_5panic11unwind_safe13RefUnwindSafeEL_INtB7_6FnOnceuE9call_onceCsjrHSEGnQ3l9_3std
      at library/core/src/ops/function.rs:287
      in /home/zhuhe/code/litchi-target-0830/fp/release/xlsx-edit-profile-0830
    _RINvNvNtCsjrHSEGnQ3l9_3std9panicking12catch_unwind7do_callRDINtNtNtCsgEmfK2I1SDS_4core3ops8function2FnuEp6OutputlNtNtB13_6marker4SyncNtNtNtB13_5panic11unwind_safe13RefUnwindSafeEL_lEB6_
      at /rustc/59807616e1fa2540724bfbac14d7976d7e4a3860/library/std/src/panicking.rs:581
    _RINvNtCsjrHSEGnQ3l9_3std9panicking12catch_unwindlRDINtNtNtCsgEmfK2I1SDS_4core3ops8function2FnuEp6OutputlNtNtBU_6marker4SyncNtNtNtBU_5panic11unwind_safe13RefUnwindSafeEL_EB4_
      at /rustc/59807616e1fa2540724bfbac14d7976d7e4a3860/library/std/src/panicking.rs:544
    _RINvNtCsjrHSEGnQ3l9_3std5panic12catch_unwindRDINtNtNtCsgEmfK2I1SDS_4core3ops8function2FnuEp6OutputlNtNtBP_6marker4SyncNtNtNtBP_5panic11unwind_safe13RefUnwindSafeEL_lEB4_
      at /rustc/59807616e1fa2540724bfbac14d7976d7e4a3860/library/std/src/panic.rs:359
    _RNCNvNtCsjrHSEGnQ3l9_3std2rt19lang_start_internal0B5_
      at /rustc/59807616e1fa2540724bfbac14d7976d7e4a3860/library/std/src/rt.rs:175
    _RINvNvNtCsjrHSEGnQ3l9_3std9panicking12catch_unwind7do_callNCNvNtB6_2rt19lang_start_internal0iEB6_
      at /rustc/59807616e1fa2540724bfbac14d7976d7e4a3860/library/std/src/panicking.rs:581
    _RINvNtCsjrHSEGnQ3l9_3std9panicking12catch_unwindiNCNvNtB4_2rt19lang_start_internal0EB4_
      at /rustc/59807616e1fa2540724bfbac14d7976d7e4a3860/library/std/src/panicking.rs:544
    _RINvNtCsjrHSEGnQ3l9_3std5panic12catch_unwindNCNvNtB4_2rt19lang_start_internal0iEB4_
      at /rustc/59807616e1fa2540724bfbac14d7976d7e4a3860/library/std/src/panic.rs:359
    _RNvNtCsjrHSEGnQ3l9_3std2rt19lang_start_internal
      at /rustc/59807616e1fa2540724bfbac14d7976d7e4a3860/library/std/src/rt.rs:171
    main
      in /home/zhuhe/code/litchi-target-0830/fp/release/xlsx-edit-profile-0830
  and 320B from 186 other places

230 temporary allocations of 320 allocations in total (71.88%) from
_RNvXNtNtNtCsjrHSEGnQ3l9_3std3sys5alloc4unixNtNtB8_5alloc6SystemNtNtNtCsgEmfK2I1SDS_4core5alloc6global11GlobalAlloc7realloc
  at library/std/src/sys/alloc/unix.rs:54
  in /home/zhuhe/code/litchi-target-0830/fp/release/xlsx-edit-profile-0830
_RNvCsfLfy6EI15iL_7___rustc13___rdl_realloc
  at /rustc/59807616e1fa2540724bfbac14d7976d7e4a3860/library/std/src/alloc.rs:477
_RNvNtCslNYArtu3iFV_5alloc5alloc7realloc
  at /rustc/59807616e1fa2540724bfbac14d7976d7e4a3860/library/alloc/src/alloc.rs:135
_RNvMNtCslNYArtu3iFV_5alloc5allocNtB2_6Global17grow_impl_runtime
  at /rustc/59807616e1fa2540724bfbac14d7976d7e4a3860/library/alloc/src/alloc.rs:239
_RNvMNtCslNYArtu3iFV_5alloc5allocNtB2_6Global9grow_impl
  at /rustc/59807616e1fa2540724bfbac14d7976d7e4a3860/library/alloc/src/alloc.rs:342
_RNvXs_NtCslNYArtu3iFV_5alloc5allocNtB4_6GlobalNtNtCsgEmfK2I1SDS_4core5alloc9Allocator4grow
  at /rustc/59807616e1fa2540724bfbac14d7976d7e4a3860/library/alloc/src/alloc.rs:454
_RNvMs4_NtCslNYArtu3iFV_5alloc7raw_vecNtB5_11RawVecInner11finish_growB7_
  at /rustc/59807616e1fa2540724bfbac14d7976d7e4a3860/library/alloc/src/raw_vec/mod.rs:555
75 temporary allocations of 120 allocations in total (62.50%) from:
    _RNvMs4_NtCslNYArtu3iFV_5alloc7raw_vecNtB5_11RawVecInner14grow_amortizedB7_
      at library/alloc/src/raw_vec/mod.rs:527
      in /home/zhuhe/code/litchi-target-0830/fp/release/xlsx-edit-profile-0830
    _RNvMs4_NtCslNYArtu3iFV_5alloc7raw_vecNtB5_11RawVecInner8grow_oneB7_
      at /rustc/59807616e1fa2540724bfbac14d7976d7e4a3860/library/alloc/src/raw_vec/mod.rs:491
    _RNvMs3_NtCslNYArtu3iFV_5alloc7raw_vecINtB5_6RawVechE8grow_oneB7_
      at /rustc/59807616e1fa2540724bfbac14d7976d7e4a3860/library/alloc/src/raw_vec/mod.rs:188
    alloc::vec::Vec$LT$T$C$A$GT$::push_mut::h7028460b85f0b0e4
      at /rustc/59807616e1fa2540724bfbac14d7976d7e4a3860/library/alloc/src/vec/mod.rs:1029
      in /home/zhuhe/code/litchi-target-0830/fp/release/xlsx-edit-profile-0830
    alloc::vec::Vec$LT$T$C$A$GT$::push::ha5b92c8bf4da41e9
      at /rustc/59807616e1fa2540724bfbac14d7976d7e4a3860/library/alloc/src/vec/mod.rs:992
    quick_xml::events::BytesStart::push_attribute::h86157367e4b280c2
      at /home/zhuhe/.cargo/registry/src/index.crates.io-1949cf8c6b5b557f/quick-xml-0.41.0/src/events/mod.rs:276
    litchi_xlsx::raw::compact::write_start::h3c8c54645eff045b
      at /home/zhuhe/code/litchi/crates/litchi-xlsx/src/raw/compact.rs:353
    litchi_xlsx::raw::compact::compact_events::h3c4c7f60717c61ad
      at src/raw/compact.rs:221
      in /home/zhuhe/code/litchi-target-0830/fp/release/xlsx-edit-profile-0830
    litchi_xlsx::raw::compact::changed_observed::h9a9ab9488f827123
      at src/raw/compact.rs:174
      in /home/zhuhe/code/litchi-target-0830/fp/release/xlsx-edit-profile-0830
    litchi_xlsx::raw::compact::changed_worksheet::h91e4e2ab65b00587
      at /home/zhuhe/code/litchi/crates/litchi-xlsx/src/raw/compact.rs:121
    litchi_xlsx::workbook::edit::semantic::transaction::Edit::commit::he7829c28ddb90d02
      at src/workbook/edit/semantic/transaction.rs:2273
      in /home/zhuhe/code/litchi-target-0830/fp/release/xlsx-edit-profile-0830
    xlsx_edit_profile_0830::edit_helper_0830::h60d088236ffa3bef
      at src/main.rs:300
      in /home/zhuhe/code/litchi-target-0830/fp/release/xlsx-edit-profile-0830
    xlsx_edit_profile_0830::edit_region_0830::hd9047958b6bb4145
      at /home/zhuhe/code/litchi/docs/performance/results/change-0830/probe-src/src/main.rs:313
    xlsx_edit_profile_0830::execute_one::hd13185211950c238
      at src/main.rs:331
      in /home/zhuhe/code/litchi-target-0830/fp/release/xlsx-edit-profile-0830
    xlsx_edit_profile_0830::run::h4a0a709ddf300f9f
      at src/main.rs:227
      in /home/zhuhe/code/litchi-target-0830/fp/release/xlsx-edit-profile-0830
    xlsx_edit_profile_0830::main::h87ef95137f6e4ff2
      at /home/zhuhe/code/litchi/docs/performance/results/change-0830/probe-src/src/main.rs:178
    core::ops::function::FnOnce::call_once::hb4e58432592306ca
      at /rustc/59807616e1fa2540724bfbac14d7976d7e4a3860/library/core/src/ops/function.rs:250
      in /home/zhuhe/code/litchi-target-0830/fp/release/xlsx-edit-profile-0830
    std::sys::backtrace::__rust_begin_short_backtrace::h12b7350305ee1e0e
      at /rustc/59807616e1fa2540724bfbac14d7976d7e4a3860/library/std/src/sys/backtrace.rs:166
    std::rt::lang_start::_$u7b$$u7b$closure$u7d$$u7d$::h8a940b522bba9542
      at /rustc/59807616e1fa2540724bfbac14d7976d7e4a3860/library/std/src/rt.rs:206
      in /home/zhuhe/code/litchi-target-0830/fp/release/xlsx-edit-profile-0830
    _RNvXs0_NtNtNtCsgEmfK2I1SDS_4core3ops8function5implsRDINtB7_2FnuEp6OutputlNtNtBb_6marker4SyncNtNtNtBb_5panic11unwind_safe13RefUnwindSafeEL_INtB7_6FnOnceuE9call_onceCsjrHSEGnQ3l9_3std
      at library/core/src/ops/function.rs:287
      in /home/zhuhe/code/litchi-target-0830/fp/release/xlsx-edit-profile-0830
    _RINvNvNtCsjrHSEGnQ3l9_3std9panicking12catch_unwind7do_callRDINtNtNtCsgEmfK2I1SDS_4core3ops8function2FnuEp6OutputlNtNtB13_6marker4SyncNtNtNtB13_5panic11unwind_safe13RefUnwindSafeEL_lEB6_
      at /rustc/59807616e1fa2540724bfbac14d7976d7e4a3860/library/std/src/panicking.rs:581
    _RINvNtCsjrHSEGnQ3l9_3std9panicking12catch_unwindlRDINtNtNtCsgEmfK2I1SDS_4core3ops8function2FnuEp6OutputlNtNtBU_6marker4SyncNtNtNtBU_5panic11unwind_safe13RefUnwindSafeEL_EB4_
      at /rustc/59807616e1fa2540724bfbac14d7976d7e4a3860/library/std/src/panicking.rs:544
    _RINvNtCsjrHSEGnQ3l9_3std5panic12catch_unwindRDINtNtNtCsgEmfK2I1SDS_4core3ops8function2FnuEp6OutputlNtNtBP_6marker4SyncNtNtNtBP_5panic11unwind_safe13RefUnwindSafeEL_lEB4_
      at /rustc/59807616e1fa2540724bfbac14d7976d7e4a3860/library/std/src/panic.rs:359
    _RNCNvNtCsjrHSEGnQ3l9_3std2rt19lang_start_internal0B5_
      at /rustc/59807616e1fa2540724bfbac14d7976d7e4a3860/library/std/src/rt.rs:175
    _RINvNvNtCsjrHSEGnQ3l9_3std9panicking12catch_unwind7do_callNCNvNtB6_2rt19lang_start_internal0iEB6_
      at /rustc/59807616e1fa2540724bfbac14d7976d7e4a3860/library/std/src/panicking.rs:581
    _RINvNtCsjrHSEGnQ3l9_3std9panicking12catch_unwindiNCNvNtB4_2rt19lang_start_internal0EB4_
      at /rustc/59807616e1fa2540724bfbac14d7976d7e4a3860/library/std/src/panicking.rs:544
    _RINvNtCsjrHSEGnQ3l9_3std5panic12catch_unwindNCNvNtB4_2rt19lang_start_internal0iEB4_
      at /rustc/59807616e1fa2540724bfbac14d7976d7e4a3860/library/std/src/panic.rs:359
    _RNvNtCsjrHSEGnQ3l9_3std2rt19lang_start_internal
      at /rustc/59807616e1fa2540724bfbac14d7976d7e4a3860/library/std/src/rt.rs:171
    main
      in /home/zhuhe/code/litchi-target-0830/fp/release/xlsx-edit-profile-0830
40 temporary allocations of 40 allocations in total (100.00%) from:
    _RNvMs4_NtCslNYArtu3iFV_5alloc7raw_vecNtB5_11RawVecInner14grow_amortizedB7_
      at library/alloc/src/raw_vec/mod.rs:527
      in /home/zhuhe/code/litchi-target-0830/fp/release/xlsx-edit-profile-0830
    _RNvMs4_NtCslNYArtu3iFV_5alloc7raw_vecNtB5_11RawVecInner8grow_oneB7_
      at /rustc/59807616e1fa2540724bfbac14d7976d7e4a3860/library/alloc/src/raw_vec/mod.rs:491
    _RNvMs3_NtCslNYArtu3iFV_5alloc7raw_vecINtB5_6RawVechE8grow_oneB7_
      at /rustc/59807616e1fa2540724bfbac14d7976d7e4a3860/library/alloc/src/raw_vec/mod.rs:188
    alloc::vec::Vec$LT$T$C$A$GT$::push_mut::h7028460b85f0b0e4
      at /rustc/59807616e1fa2540724bfbac14d7976d7e4a3860/library/alloc/src/vec/mod.rs:1029
      in /home/zhuhe/code/litchi-target-0830/fp/release/xlsx-edit-profile-0830
    alloc::vec::Vec$LT$T$C$A$GT$::push::ha5b92c8bf4da41e9
      at /rustc/59807616e1fa2540724bfbac14d7976d7e4a3860/library/alloc/src/vec/mod.rs:992
    quick_xml::events::BytesStart::push_attribute::h86157367e4b280c2
      at /home/zhuhe/.cargo/registry/src/index.crates.io-1949cf8c6b5b557f/quick-xml-0.41.0/src/events/mod.rs:276
    litchi_xlsx::raw::compact::write_start::h3c8c54645eff045b
      at /home/zhuhe/code/litchi/crates/litchi-xlsx/src/raw/compact.rs:353
    litchi_xlsx::raw::compact::compact_events::h4ade3fd39d7ca902
      at src/raw/compact.rs:249
      in /home/zhuhe/code/litchi-target-0830/fp/release/xlsx-edit-profile-0830
    litchi_xlsx::raw::compact::changed_observed::h2e8a8830e3ad573c
      at src/raw/compact.rs:152
      in /home/zhuhe/code/litchi-target-0830/fp/release/xlsx-edit-profile-0830
    litchi_xlsx::raw::compact::changed::h998f88c857050dab
      at /home/zhuhe/code/litchi/crates/litchi-xlsx/src/raw/compact.rs:22
    litchi_xlsx::workbook::edit::semantic::transaction::Edit::commit::he7829c28ddb90d02
      at src/workbook/edit/semantic/transaction.rs:2986
      in /home/zhuhe/code/litchi-target-0830/fp/release/xlsx-edit-profile-0830
    xlsx_edit_profile_0830::edit_helper_0830::h60d088236ffa3bef
      at src/main.rs:300
      in /home/zhuhe/code/litchi-target-0830/fp/release/xlsx-edit-profile-0830
    xlsx_edit_profile_0830::edit_region_0830::hd9047958b6bb4145
      at /home/zhuhe/code/litchi/docs/performance/results/change-0830/probe-src/src/main.rs:313
    xlsx_edit_profile_0830::execute_one::hd13185211950c238
      at src/main.rs:331
      in /home/zhuhe/code/litchi-target-0830/fp/release/xlsx-edit-profile-0830
    xlsx_edit_profile_0830::run::h4a0a709ddf300f9f
      at src/main.rs:227
      in /home/zhuhe/code/litchi-target-0830/fp/release/xlsx-edit-profile-0830
    xlsx_edit_profile_0830::main::h87ef95137f6e4ff2
      at /home/zhuhe/code/litchi/docs/performance/results/change-0830/probe-src/src/main.rs:178
    core::ops::function::FnOnce::call_once::hb4e58432592306ca
      at /rustc/59807616e1fa2540724bfbac14d7976d7e4a3860/library/core/src/ops/function.rs:250
      in /home/zhuhe/code/litchi-target-0830/fp/release/xlsx-edit-profile-0830
    std::sys::backtrace::__rust_begin_short_backtrace::h12b7350305ee1e0e
      at /rustc/59807616e1fa2540724bfbac14d7976d7e4a3860/library/std/src/sys/backtrace.rs:166
    std::rt::lang_start::_$u7b$$u7b$closure$u7d$$u7d$::h8a940b522bba9542
      at /rustc/59807616e1fa2540724bfbac14d7976d7e4a3860/library/std/src/rt.rs:206
      in /home/zhuhe/code/litchi-target-0830/fp/release/xlsx-edit-profile-0830
    _RNvXs0_NtNtNtCsgEmfK2I1SDS_4core3ops8function5implsRDINtB7_2FnuEp6OutputlNtNtBb_6marker4SyncNtNtNtBb_5panic11unwind_safe13RefUnwindSafeEL_INtB7_6FnOnceuE9call_onceCsjrHSEGnQ3l9_3std
      at library/core/src/ops/function.rs:287
      in /home/zhuhe/code/litchi-target-0830/fp/release/xlsx-edit-profile-0830
    _RINvNvNtCsjrHSEGnQ3l9_3std9panicking12catch_unwind7do_callRDINtNtNtCsgEmfK2I1SDS_4core3ops8function2FnuEp6OutputlNtNtB13_6marker4SyncNtNtNtB13_5panic11unwind_safe13RefUnwindSafeEL_lEB6_
      at /rustc/59807616e1fa2540724bfbac14d7976d7e4a3860/library/std/src/panicking.rs:581
    _RINvNtCsjrHSEGnQ3l9_3std9panicking12catch_unwindlRDINtNtNtCsgEmfK2I1SDS_4core3ops8function2FnuEp6OutputlNtNtBU_6marker4SyncNtNtNtBU_5panic11unwind_safe13RefUnwindSafeEL_EB4_
      at /rustc/59807616e1fa2540724bfbac14d7976d7e4a3860/library/std/src/panicking.rs:544
    _RINvNtCsjrHSEGnQ3l9_3std5panic12catch_unwindRDINtNtNtCsgEmfK2I1SDS_4core3ops8function2FnuEp6OutputlNtNtBP_6marker4SyncNtNtNtBP_5panic11unwind_safe13RefUnwindSafeEL_lEB4_
      at /rustc/59807616e1fa2540724bfbac14d7976d7e4a3860/library/std/src/panic.rs:359
    _RNCNvNtCsjrHSEGnQ3l9_3std2rt19lang_start_internal0B5_
      at /rustc/59807616e1fa2540724bfbac14d7976d7e4a3860/library/std/src/rt.rs:175
    _RINvNvNtCsjrHSEGnQ3l9_3std9panicking12catch_unwind7do_callNCNvNtB6_2rt19lang_start_internal0iEB6_
      at /rustc/59807616e1fa2540724bfbac14d7976d7e4a3860/library/std/src/panicking.rs:581
    _RINvNtCsjrHSEGnQ3l9_3std9panicking12catch_unwindiNCNvNtB4_2rt19lang_start_internal0EB4_
      at /rustc/59807616e1fa2540724bfbac14d7976d7e4a3860/library/std/src/panicking.rs:544
    _RINvNtCsjrHSEGnQ3l9_3std5panic12catch_unwindNCNvNtB4_2rt19lang_start_internal0iEB4_
      at /rustc/59807616e1fa2540724bfbac14d7976d7e4a3860/library/std/src/panic.rs:359
    _RNvNtCsjrHSEGnQ3l9_3std2rt19lang_start_internal
      at /rustc/59807616e1fa2540724bfbac14d7976d7e4a3860/library/std/src/rt.rs:171
    main
      in /home/zhuhe/code/litchi-target-0830/fp/release/xlsx-edit-profile-0830
25 temporary allocations of 25 allocations in total (100.00%) from:
    _RNvMs4_NtCslNYArtu3iFV_5alloc7raw_vecNtB5_11RawVecInner14grow_amortizedB7_
      at library/alloc/src/raw_vec/mod.rs:527
      in /home/zhuhe/code/litchi-target-0830/fp/release/xlsx-edit-profile-0830
    _RNvMs4_NtCslNYArtu3iFV_5alloc7raw_vecNtB5_11RawVecInner8grow_oneB7_
      at /rustc/59807616e1fa2540724bfbac14d7976d7e4a3860/library/alloc/src/raw_vec/mod.rs:491
    _RNvMs3_NtCslNYArtu3iFV_5alloc7raw_vecINtB5_6RawVechE8grow_oneB7_
      at /rustc/59807616e1fa2540724bfbac14d7976d7e4a3860/library/alloc/src/raw_vec/mod.rs:188
    alloc::vec::Vec$LT$T$C$A$GT$::push_mut::h7028460b85f0b0e4
      at /rustc/59807616e1fa2540724bfbac14d7976d7e4a3860/library/alloc/src/vec/mod.rs:1029
      in /home/zhuhe/code/litchi-target-0830/fp/release/xlsx-edit-profile-0830
    alloc::vec::Vec$LT$T$C$A$GT$::push::ha5b92c8bf4da41e9
      at /rustc/59807616e1fa2540724bfbac14d7976d7e4a3860/library/alloc/src/vec/mod.rs:992
    quick_xml::events::BytesStart::push_attribute::h86157367e4b280c2
      at /home/zhuhe/.cargo/registry/src/index.crates.io-1949cf8c6b5b557f/quick-xml-0.41.0/src/events/mod.rs:276
    litchi_xlsx::raw::compact::write_start::h3c8c54645eff045b
      at /home/zhuhe/code/litchi/crates/litchi-xlsx/src/raw/compact.rs:353
    litchi_xlsx::raw::compact::compact_events::h3c4c7f60717c61ad
      at src/raw/compact.rs:249
      in /home/zhuhe/code/litchi-target-0830/fp/release/xlsx-edit-profile-0830
    litchi_xlsx::raw::compact::changed_observed::h9a9ab9488f827123
      at src/raw/compact.rs:152
      in /home/zhuhe/code/litchi-target-0830/fp/release/xlsx-edit-profile-0830
    litchi_xlsx::raw::compact::changed_worksheet::h91e4e2ab65b00587
      at /home/zhuhe/code/litchi/crates/litchi-xlsx/src/raw/compact.rs:121
    litchi_xlsx::workbook::edit::semantic::transaction::Edit::commit::he7829c28ddb90d02
      at src/workbook/edit/semantic/transaction.rs:2273
      in /home/zhuhe/code/litchi-target-0830/fp/release/xlsx-edit-profile-0830
    xlsx_edit_profile_0830::edit_helper_0830::h60d088236ffa3bef
      at src/main.rs:300
      in /home/zhuhe/code/litchi-target-0830/fp/release/xlsx-edit-profile-0830
    xlsx_edit_profile_0830::edit_region_0830::hd9047958b6bb4145
      at /home/zhuhe/code/litchi/docs/performance/results/change-0830/probe-src/src/main.rs:313
    xlsx_edit_profile_0830::execute_one::hd13185211950c238
      at src/main.rs:331
      in /home/zhuhe/code/litchi-target-0830/fp/release/xlsx-edit-profile-0830
    xlsx_edit_profile_0830::run::h4a0a709ddf300f9f
      at src/main.rs:227
      in /home/zhuhe/code/litchi-target-0830/fp/release/xlsx-edit-profile-0830
    xlsx_edit_profile_0830::main::h87ef95137f6e4ff2
      at /home/zhuhe/code/litchi/docs/performance/results/change-0830/probe-src/src/main.rs:178
    core::ops::function::FnOnce::call_once::hb4e58432592306ca
      at /rustc/59807616e1fa2540724bfbac14d7976d7e4a3860/library/core/src/ops/function.rs:250
      in /home/zhuhe/code/litchi-target-0830/fp/release/xlsx-edit-profile-0830
    std::sys::backtrace::__rust_begin_short_backtrace::h12b7350305ee1e0e
      at /rustc/59807616e1fa2540724bfbac14d7976d7e4a3860/library/std/src/sys/backtrace.rs:166
    std::rt::lang_start::_$u7b$$u7b$closure$u7d$$u7d$::h8a940b522bba9542
      at /rustc/59807616e1fa2540724bfbac14d7976d7e4a3860/library/std/src/rt.rs:206
      in /home/zhuhe/code/litchi-target-0830/fp/release/xlsx-edit-profile-0830
    _RNvXs0_NtNtNtCsgEmfK2I1SDS_4core3ops8function5implsRDINtB7_2FnuEp6OutputlNtNtBb_6marker4SyncNtNtNtBb_5panic11unwind_safe13RefUnwindSafeEL_INtB7_6FnOnceuE9call_onceCsjrHSEGnQ3l9_3std
      at library/core/src/ops/function.rs:287
      in /home/zhuhe/code/litchi-target-0830/fp/release/xlsx-edit-profile-0830
    _RINvNvNtCsjrHSEGnQ3l9_3std9panicking12catch_unwind7do_callRDINtNtNtCsgEmfK2I1SDS_4core3ops8function2FnuEp6OutputlNtNtB13_6marker4SyncNtNtNtB13_5panic11unwind_safe13RefUnwindSafeEL_lEB6_
      at /rustc/59807616e1fa2540724bfbac14d7976d7e4a3860/library/std/src/panicking.rs:581
    _RINvNtCsjrHSEGnQ3l9_3std9panicking12catch_unwindlRDINtNtNtCsgEmfK2I1SDS_4core3ops8function2FnuEp6OutputlNtNtBU_6marker4SyncNtNtNtBU_5panic11unwind_safe13RefUnwindSafeEL_EB4_
      at /rustc/59807616e1fa2540724bfbac14d7976d7e4a3860/library/std/src/panicking.rs:544
    _RINvNtCsjrHSEGnQ3l9_3std5panic12catch_unwindRDINtNtNtCsgEmfK2I1SDS_4core3ops8function2FnuEp6OutputlNtNtBP_6marker4SyncNtNtNtBP_5panic11unwind_safe13RefUnwindSafeEL_lEB4_
      at /rustc/59807616e1fa2540724bfbac14d7976d7e4a3860/library/std/src/panic.rs:359
    _RNCNvNtCsjrHSEGnQ3l9_3std2rt19lang_start_internal0B5_
      at /rustc/59807616e1fa2540724bfbac14d7976d7e4a3860/library/std/src/rt.rs:175
    _RINvNvNtCsjrHSEGnQ3l9_3std9panicking12catch_unwind7do_callNCNvNtB6_2rt19lang_start_internal0iEB6_
      at /rustc/59807616e1fa2540724bfbac14d7976d7e4a3860/library/std/src/panicking.rs:581
    _RINvNtCsjrHSEGnQ3l9_3std9panicking12catch_unwindiNCNvNtB4_2rt19lang_start_internal0EB4_
      at /rustc/59807616e1fa2540724bfbac14d7976d7e4a3860/library/std/src/panicking.rs:544
    _RINvNtCsjrHSEGnQ3l9_3std5panic12catch_unwindNCNvNtB4_2rt19lang_start_internal0iEB4_
      at /rustc/59807616e1fa2540724bfbac14d7976d7e4a3860/library/std/src/panic.rs:359
    _RNvNtCsjrHSEGnQ3l9_3std2rt19lang_start_internal
      at /rustc/59807616e1fa2540724bfbac14d7976d7e4a3860/library/std/src/rt.rs:171
    main
      in /home/zhuhe/code/litchi-target-0830/fp/release/xlsx-edit-profile-0830
25 temporary allocations of 25 allocations in total (100.00%) from:
    _RNvMs4_NtCslNYArtu3iFV_5alloc7raw_vecNtB5_11RawVecInner14grow_amortizedB7_
      at library/alloc/src/raw_vec/mod.rs:527
      in /home/zhuhe/code/litchi-target-0830/fp/release/xlsx-edit-profile-0830
    _RNvMs4_NtCslNYArtu3iFV_5alloc7raw_vecNtB5_11RawVecInner8grow_oneB7_
      at /rustc/59807616e1fa2540724bfbac14d7976d7e4a3860/library/alloc/src/raw_vec/mod.rs:491
    _RNvMs3_NtCslNYArtu3iFV_5alloc7raw_vecINtB5_6RawVechE8grow_oneB7_
      at /rustc/59807616e1fa2540724bfbac14d7976d7e4a3860/library/alloc/src/raw_vec/mod.rs:188
    alloc::vec::Vec$LT$T$C$A$GT$::push_mut::h7028460b85f0b0e4
      at /rustc/59807616e1fa2540724bfbac14d7976d7e4a3860/library/alloc/src/vec/mod.rs:1029
      in /home/zhuhe/code/litchi-target-0830/fp/release/xlsx-edit-profile-0830
    alloc::vec::Vec$LT$T$C$A$GT$::push::ha5b92c8bf4da41e9
      at /rustc/59807616e1fa2540724bfbac14d7976d7e4a3860/library/alloc/src/vec/mod.rs:992
    quick_xml::events::BytesStart::push_attribute::h86157367e4b280c2
      at /home/zhuhe/.cargo/registry/src/index.crates.io-1949cf8c6b5b557f/quick-xml-0.41.0/src/events/mod.rs:276
    litchi_xlsx::raw::compact::write_start::h3c8c54645eff045b
      at /home/zhuhe/code/litchi/crates/litchi-xlsx/src/raw/compact.rs:353
    litchi_xlsx::raw::compact::compact_events::h4ade3fd39d7ca902
      at src/raw/compact.rs:221
      in /home/zhuhe/code/litchi-target-0830/fp/release/xlsx-edit-profile-0830
    litchi_xlsx::raw::compact::changed_observed::h2e8a8830e3ad573c
      at src/raw/compact.rs:152
      in /home/zhuhe/code/litchi-target-0830/fp/release/xlsx-edit-profile-0830
    litchi_xlsx::raw::compact::changed::h998f88c857050dab
      at /home/zhuhe/code/litchi/crates/litchi-xlsx/src/raw/compact.rs:22
    litchi_xlsx::workbook::edit::semantic::transaction::Edit::commit::he7829c28ddb90d02
      at src/workbook/edit/semantic/transaction.rs:2986
      in /home/zhuhe/code/litchi-target-0830/fp/release/xlsx-edit-profile-0830
    xlsx_edit_profile_0830::edit_helper_0830::h60d088236ffa3bef
      at src/main.rs:300
      in /home/zhuhe/code/litchi-target-0830/fp/release/xlsx-edit-profile-0830
    xlsx_edit_profile_0830::edit_region_0830::hd9047958b6bb4145
      at /home/zhuhe/code/litchi/docs/performance/results/change-0830/probe-src/src/main.rs:313
    xlsx_edit_profile_0830::execute_one::hd13185211950c238
      at src/main.rs:331
      in /home/zhuhe/code/litchi-target-0830/fp/release/xlsx-edit-profile-0830
    xlsx_edit_profile_0830::run::h4a0a709ddf300f9f
      at src/main.rs:227
      in /home/zhuhe/code/litchi-target-0830/fp/release/xlsx-edit-profile-0830
    xlsx_edit_profile_0830::main::h87ef95137f6e4ff2
      at /home/zhuhe/code/litchi/docs/performance/results/change-0830/probe-src/src/main.rs:178
    core::ops::function::FnOnce::call_once::hb4e58432592306ca
      at /rustc/59807616e1fa2540724bfbac14d7976d7e4a3860/library/core/src/ops/function.rs:250
      in /home/zhuhe/code/litchi-target-0830/fp/release/xlsx-edit-profile-0830
    std::sys::backtrace::__rust_begin_short_backtrace::h12b7350305ee1e0e
      at /rustc/59807616e1fa2540724bfbac14d7976d7e4a3860/library/std/src/sys/backtrace.rs:166
    std::rt::lang_start::_$u7b$$u7b$closure$u7d$$u7d$::h8a940b522bba9542
      at /rustc/59807616e1fa2540724bfbac14d7976d7e4a3860/library/std/src/rt.rs:206
      in /home/zhuhe/code/litchi-target-0830/fp/release/xlsx-edit-profile-0830
    _RNvXs0_NtNtNtCsgEmfK2I1SDS_4core3ops8function5implsRDINtB7_2FnuEp6OutputlNtNtBb_6marker4SyncNtNtNtBb_5panic11unwind_safe13RefUnwindSafeEL_INtB7_6FnOnceuE9call_onceCsjrHSEGnQ3l9_3std
      at library/core/src/ops/function.rs:287
      in /home/zhuhe/code/litchi-target-0830/fp/release/xlsx-edit-profile-0830
    _RINvNvNtCsjrHSEGnQ3l9_3std9panicking12catch_unwind7do_callRDINtNtNtCsgEmfK2I1SDS_4core3ops8function2FnuEp6OutputlNtNtB13_6marker4SyncNtNtNtB13_5panic11unwind_safe13RefUnwindSafeEL_lEB6_
      at /rustc/59807616e1fa2540724bfbac14d7976d7e4a3860/library/std/src/panicking.rs:581
    _RINvNtCsjrHSEGnQ3l9_3std9panicking12catch_unwindlRDINtNtNtCsgEmfK2I1SDS_4core3ops8function2FnuEp6OutputlNtNtBU_6marker4SyncNtNtNtBU_5panic11unwind_safe13RefUnwindSafeEL_EB4_
      at /rustc/59807616e1fa2540724bfbac14d7976d7e4a3860/library/std/src/panicking.rs:544
    _RINvNtCsjrHSEGnQ3l9_3std5panic12catch_unwindRDINtNtNtCsgEmfK2I1SDS_4core3ops8function2FnuEp6OutputlNtNtBP_6marker4SyncNtNtNtBP_5panic11unwind_safe13RefUnwindSafeEL_lEB4_
      at /rustc/59807616e1fa2540724bfbac14d7976d7e4a3860/library/std/src/panic.rs:359
    _RNCNvNtCsjrHSEGnQ3l9_3std2rt19lang_start_internal0B5_
      at /rustc/59807616e1fa2540724bfbac14d7976d7e4a3860/library/std/src/rt.rs:175
    _RINvNvNtCsjrHSEGnQ3l9_3std9panicking12catch_unwind7do_callNCNvNtB6_2rt19lang_start_internal0iEB6_
      at /rustc/59807616e1fa2540724bfbac14d7976d7e4a3860/library/std/src/panicking.rs:581
    _RINvNtCsjrHSEGnQ3l9_3std9panicking12catch_unwindiNCNvNtB4_2rt19lang_start_internal0EB4_
      at /rustc/59807616e1fa2540724bfbac14d7976d7e4a3860/library/std/src/panicking.rs:544
    _RINvNtCsjrHSEGnQ3l9_3std5panic12catch_unwindNCNvNtB4_2rt19lang_start_internal0iEB4_
      at /rustc/59807616e1fa2540724bfbac14d7976d7e4a3860/library/std/src/panic.rs:359
    _RNvNtCsjrHSEGnQ3l9_3std2rt19lang_start_internal
      at /rustc/59807616e1fa2540724bfbac14d7976d7e4a3860/library/std/src/rt.rs:171
    main
      in /home/zhuhe/code/litchi-target-0830/fp/release/xlsx-edit-profile-0830
20 temporary allocations of 20 allocations in total (100.00%) from:
    _RNvMs4_NtCslNYArtu3iFV_5alloc7raw_vecNtB5_11RawVecInner14grow_amortizedB7_
      at library/alloc/src/raw_vec/mod.rs:527
      in /home/zhuhe/code/litchi-target-0830/fp/release/xlsx-edit-profile-0830
    _RNvMs4_NtCslNYArtu3iFV_5alloc7raw_vecNtB5_11RawVecInner8grow_oneB7_
      at /rustc/59807616e1fa2540724bfbac14d7976d7e4a3860/library/alloc/src/raw_vec/mod.rs:491
    _RNvMs3_NtCslNYArtu3iFV_5alloc7raw_vecINtB5_6RawVechE8grow_oneB7_
      at /rustc/59807616e1fa2540724bfbac14d7976d7e4a3860/library/alloc/src/raw_vec/mod.rs:188
    alloc::vec::Vec$LT$T$C$A$GT$::push_mut::h9595734bd14035f8
      at /rustc/59807616e1fa2540724bfbac14d7976d7e4a3860/library/alloc/src/vec/mod.rs:1029
      in /home/zhuhe/code/litchi-target-0830/fp/release/xlsx-edit-profile-0830
    alloc::vec::Vec$LT$T$C$A$GT$::push::h2ff6174ac8ab5c56
      at /rustc/59807616e1fa2540724bfbac14d7976d7e4a3860/library/alloc/src/vec/mod.rs:992
    quick_xml::events::BytesStart::push_attr::heb2ca9438f75849a
      at /home/zhuhe/.cargo/registry/src/index.crates.io-1949cf8c6b5b557f/quick-xml-0.41.0/src/events/mod.rs:324
    quick_xml::events::BytesStart::push_attribute::h86157367e4b280c2
      at /home/zhuhe/.cargo/registry/src/index.crates.io-1949cf8c6b5b557f/quick-xml-0.41.0/src/events/mod.rs:277
      in /home/zhuhe/code/litchi-target-0830/fp/release/xlsx-edit-profile-0830
    litchi_xlsx::raw::compact::write_start::h3c8c54645eff045b
      at /home/zhuhe/code/litchi/crates/litchi-xlsx/src/raw/compact.rs:353
    litchi_xlsx::raw::compact::compact_events::h3c4c7f60717c61ad
      at src/raw/compact.rs:221
      in /home/zhuhe/code/litchi-target-0830/fp/release/xlsx-edit-profile-0830
    litchi_xlsx::raw::compact::changed_observed::h9a9ab9488f827123
      at src/raw/compact.rs:174
      in /home/zhuhe/code/litchi-target-0830/fp/release/xlsx-edit-profile-0830
    litchi_xlsx::raw::compact::changed_worksheet::h91e4e2ab65b00587
      at /home/zhuhe/code/litchi/crates/litchi-xlsx/src/raw/compact.rs:121
    litchi_xlsx::workbook::edit::semantic::transaction::Edit::commit::he7829c28ddb90d02
      at src/workbook/edit/semantic/transaction.rs:2273
      in /home/zhuhe/code/litchi-target-0830/fp/release/xlsx-edit-profile-0830
    xlsx_edit_profile_0830::edit_helper_0830::h60d088236ffa3bef
      at src/main.rs:300
      in /home/zhuhe/code/litchi-target-0830/fp/release/xlsx-edit-profile-0830
    xlsx_edit_profile_0830::edit_region_0830::hd9047958b6bb4145
      at /home/zhuhe/code/litchi/docs/performance/results/change-0830/probe-src/src/main.rs:313
    xlsx_edit_profile_0830::execute_one::hd13185211950c238
      at src/main.rs:331
      in /home/zhuhe/code/litchi-target-0830/fp/release/xlsx-edit-profile-0830
    xlsx_edit_profile_0830::run::h4a0a709ddf300f9f
      at src/main.rs:227
      in /home/zhuhe/code/litchi-target-0830/fp/release/xlsx-edit-profile-0830
    xlsx_edit_profile_0830::main::h87ef95137f6e4ff2
      at /home/zhuhe/code/litchi/docs/performance/results/change-0830/probe-src/src/main.rs:178
    core::ops::function::FnOnce::call_once::hb4e58432592306ca
      at /rustc/59807616e1fa2540724bfbac14d7976d7e4a3860/library/core/src/ops/function.rs:250
      in /home/zhuhe/code/litchi-target-0830/fp/release/xlsx-edit-profile-0830
    std::sys::backtrace::__rust_begin_short_backtrace::h12b7350305ee1e0e
      at /rustc/59807616e1fa2540724bfbac14d7976d7e4a3860/library/std/src/sys/backtrace.rs:166
    std::rt::lang_start::_$u7b$$u7b$closure$u7d$$u7d$::h8a940b522bba9542
      at /rustc/59807616e1fa2540724bfbac14d7976d7e4a3860/library/std/src/rt.rs:206
      in /home/zhuhe/code/litchi-target-0830/fp/release/xlsx-edit-profile-0830
    _RNvXs0_NtNtNtCsgEmfK2I1SDS_4core3ops8function5implsRDINtB7_2FnuEp6OutputlNtNtBb_6marker4SyncNtNtNtBb_5panic11unwind_safe13RefUnwindSafeEL_INtB7_6FnOnceuE9call_onceCsjrHSEGnQ3l9_3std
      at library/core/src/ops/function.rs:287
      in /home/zhuhe/code/litchi-target-0830/fp/release/xlsx-edit-profile-0830
    _RINvNvNtCsjrHSEGnQ3l9_3std9panicking12catch_unwind7do_callRDINtNtNtCsgEmfK2I1SDS_4core3ops8function2FnuEp6OutputlNtNtB13_6marker4SyncNtNtNtB13_5panic11unwind_safe13RefUnwindSafeEL_lEB6_
      at /rustc/59807616e1fa2540724bfbac14d7976d7e4a3860/library/std/src/panicking.rs:581
    _RINvNtCsjrHSEGnQ3l9_3std9panicking12catch_unwindlRDINtNtNtCsgEmfK2I1SDS_4core3ops8function2FnuEp6OutputlNtNtBU_6marker4SyncNtNtNtBU_5panic11unwind_safe13RefUnwindSafeEL_EB4_
      at /rustc/59807616e1fa2540724bfbac14d7976d7e4a3860/library/std/src/panicking.rs:544
    _RINvNtCsjrHSEGnQ3l9_3std5panic12catch_unwindRDINtNtNtCsgEmfK2I1SDS_4core3ops8function2FnuEp6OutputlNtNtBP_6marker4SyncNtNtNtBP_5panic11unwind_safe13RefUnwindSafeEL_lEB4_
      at /rustc/59807616e1fa2540724bfbac14d7976d7e4a3860/library/std/src/panic.rs:359
    _RNCNvNtCsjrHSEGnQ3l9_3std2rt19lang_start_internal0B5_
      at /rustc/59807616e1fa2540724bfbac14d7976d7e4a3860/library/std/src/rt.rs:175
    _RINvNvNtCsjrHSEGnQ3l9_3std9panicking12catch_unwind7do_callNCNvNtB6_2rt19lang_start_internal0iEB6_
      at /rustc/59807616e1fa2540724bfbac14d7976d7e4a3860/library/std/src/panicking.rs:581
    _RINvNtCsjrHSEGnQ3l9_3std9panicking12catch_unwindiNCNvNtB4_2rt19lang_start_internal0EB4_
      at /rustc/59807616e1fa2540724bfbac14d7976d7e4a3860/library/std/src/panicking.rs:544
    _RINvNtCsjrHSEGnQ3l9_3std5panic12catch_unwindNCNvNtB4_2rt19lang_start_internal0iEB4_
      at /rustc/59807616e1fa2540724bfbac14d7976d7e4a3860/library/std/src/panic.rs:359
    _RNvNtCsjrHSEGnQ3l9_3std2rt19lang_start_internal
      at /rustc/59807616e1fa2540724bfbac14d7976d7e4a3860/library/std/src/rt.rs:171
    main
      in /home/zhuhe/code/litchi-target-0830/fp/release/xlsx-edit-profile-0830
  and 45B from 12 other places

60 temporary allocations of 180 allocations in total (33.33%) from
_RNvXNtNtNtCsjrHSEGnQ3l9_3std3sys5alloc4unixNtNtB8_5alloc6SystemNtNtNtCsgEmfK2I1SDS_4core5alloc6global11GlobalAlloc5alloc
  at library/std/src/sys/alloc/unix.rs:14
  in /home/zhuhe/code/litchi-target-0830/fp/release/xlsx-edit-profile-0830
_RNvCsfLfy6EI15iL_7___rustc11___rdl_alloc
  at /rustc/59807616e1fa2540724bfbac14d7976d7e4a3860/library/std/src/alloc.rs:455
_RNvNtCslNYArtu3iFV_5alloc5alloc5alloc
  at /rustc/59807616e1fa2540724bfbac14d7976d7e4a3860/library/alloc/src/alloc.rs:95
_RNvMNtCslNYArtu3iFV_5alloc5allocNtB2_6Global18alloc_impl_runtime
  at /rustc/59807616e1fa2540724bfbac14d7976d7e4a3860/library/alloc/src/alloc.rs:190
_RNvMNtCslNYArtu3iFV_5alloc5allocNtB2_6Global10alloc_impl
  at /rustc/59807616e1fa2540724bfbac14d7976d7e4a3860/library/alloc/src/alloc.rs:312
_RNvXs_NtCslNYArtu3iFV_5alloc5allocNtB4_6GlobalNtNtCsgEmfK2I1SDS_4core5alloc9Allocator8allocate
  at /rustc/59807616e1fa2540724bfbac14d7976d7e4a3860/library/alloc/src/alloc.rs:429
_RNvMs4_NtCslNYArtu3iFV_5alloc7raw_vecNtB5_11RawVecInner11finish_growB7_
  at /rustc/59807616e1fa2540724bfbac14d7976d7e4a3860/library/alloc/src/raw_vec/mod.rs:558
5 temporary allocations of 5 allocations in total (100.00%) from:
    _RNvMs4_NtCslNYArtu3iFV_5alloc7raw_vecNtB5_11RawVecInner14grow_amortizedB7_
      at library/alloc/src/raw_vec/mod.rs:527
      in /home/zhuhe/code/litchi-target-0830/fp/release/xlsx-edit-profile-0830
    _RINvNvMs2_NtCslNYArtu3iFV_5alloc7raw_vecINtB8_11RawVecInnerpE7reserve21do_reserve_and_handleNtNtBa_5alloc6GlobalEBa_
      at /rustc/59807616e1fa2540724bfbac14d7976d7e4a3860/library/alloc/src/raw_vec/mod.rs:666
    _RNvMs2_NtCslNYArtu3iFV_5alloc7raw_vecNtB5_11RawVecInner7reserveB7_
      at library/alloc/src/raw_vec/mod.rs:673
      in /home/zhuhe/code/litchi-target-0830/fp/release/xlsx-edit-profile-0830
    _RNvMs0_NtCslNYArtu3iFV_5alloc7raw_vecINtB5_6RawVechE7reserveB7_
      at /rustc/59807616e1fa2540724bfbac14d7976d7e4a3860/library/alloc/src/raw_vec/mod.rs:340
    _RNvMs_NtCslNYArtu3iFV_5alloc3vecINtB4_3VechE7reserveB6_
      at /rustc/59807616e1fa2540724bfbac14d7976d7e4a3860/library/alloc/src/vec/mod.rs:1446
    _RNvMs_NtCslNYArtu3iFV_5alloc3vecINtB4_3VechE15append_elementsB6_
      at /rustc/59807616e1fa2540724bfbac14d7976d7e4a3860/library/alloc/src/vec/mod.rs:2879
    _RNvXs2_NtNtCslNYArtu3iFV_5alloc3vec11spec_extendINtB7_3VechEINtB5_10SpecExtendRhINtNtNtCsgEmfK2I1SDS_4core5slice4iter4IterhEE11spec_extendB9_
      at /rustc/59807616e1fa2540724bfbac14d7976d7e4a3860/library/alloc/src/vec/spec_extend.rs:56
    _RNvMs1_NtCslNYArtu3iFV_5alloc3vecINtB5_3VechE17extend_from_sliceB7_
      at /rustc/59807616e1fa2540724bfbac14d7976d7e4a3860/library/alloc/src/vec/mod.rs:3500
    _RNvMNtCslNYArtu3iFV_5alloc6stringNtB2_6String8push_str
      at /rustc/59807616e1fa2540724bfbac14d7976d7e4a3860/library/alloc/src/string.rs:1102
    _RNvXsZ_NtCslNYArtu3iFV_5alloc6stringNtB5_6StringNtNtCsgEmfK2I1SDS_4core3fmt5Write9write_str
      at /rustc/59807616e1fa2540724bfbac14d7976d7e4a3860/library/alloc/src/string.rs:3345
    _RNvMNtNtCsgEmfK2I1SDS_4core3fmt2rtNtB2_8Argument3fmt
      at library/core/src/fmt/rt.rs:152
      in /home/zhuhe/code/litchi-target-0830/fp/release/xlsx-edit-profile-0830
    _RNvNtCsgEmfK2I1SDS_4core3fmt5write
      at /rustc/59807616e1fa2540724bfbac14d7976d7e4a3860/library/core/src/fmt/mod.rs:0
    _RNvXs_NvNtNtCsgEmfK2I1SDS_4core3fmt5Write9write_fmtQNtNtCslNYArtu3iFV_5alloc6string6StringNtB4_12SpecWriteFmt14spec_write_fmtBS_
      at library/core/src/fmt/mod.rs:236
      in /home/zhuhe/code/litchi-target-0830/fp/release/xlsx-edit-profile-0830
    _RNvYNtNtCslNYArtu3iFV_5alloc6string6StringNtNtCsgEmfK2I1SDS_4core3fmt5Write9write_fmtB6_
      at /rustc/59807616e1fa2540724bfbac14d7976d7e4a3860/library/core/src/fmt/mod.rs:241
    _RNvNvNtCslNYArtu3iFV_5alloc3fmt6format12format_inner
      at /rustc/59807616e1fa2540724bfbac14d7976d7e4a3860/library/alloc/src/fmt.rs:654
    alloc::fmt::format::_$u7b$$u7b$closure$u7d$$u7d$::h80791ef324fa1818
      at /rustc/59807616e1fa2540724bfbac14d7976d7e4a3860/library/alloc/src/fmt.rs:659
      in /home/zhuhe/code/litchi-target-0830/fp/release/xlsx-edit-profile-0830
    core::option::Option$LT$T$GT$::map_or_else::h1b573a14aa35d31b
      at /rustc/59807616e1fa2540724bfbac14d7976d7e4a3860/library/core/src/option.rs:1278
    _RNvNtCslNYArtu3iFV_5alloc3fmt6format
      at /rustc/59807616e1fa2540724bfbac14d7976d7e4a3860/library/alloc/src/fmt.rs:659
    litchi_opc::packuri::PackURI::join_paths::h827f43d4f27715ee
      at /home/zhuhe/code/litchi/crates/litchi-opc/src/packuri.rs:0
    litchi_opc::packuri::PackURI::from_rel_ref::h5f4a86f7bff8ae7c
      at /home/zhuhe/code/litchi/crates/litchi-opc/src/packuri.rs:147
    litchi_opc::rel::Relationship::target_partname::hcbf368a2a0e40368
      at src/rel.rs:224
      in /home/zhuhe/code/litchi-target-0830/fp/release/xlsx-edit-profile-0830
    litchi_opc::package::OpcPackage::main_document_part::h117992fb44bc1c1e
      at src/package.rs:1497
      in /home/zhuhe/code/litchi-target-0830/fp/release/xlsx-edit-profile-0830
    litchi_xlsx::workbook::model::Workbook::from_package_with_styles::hf76ea58f8b9ea688
      at src/workbook/model.rs:603
      in /home/zhuhe/code/litchi-target-0830/fp/release/xlsx-edit-profile-0830
    litchi_xlsx::workbook::edit::semantic::transaction::Edit::commit::he7829c28ddb90d02
      at src/workbook/edit/semantic/transaction.rs:3271
      in /home/zhuhe/code/litchi-target-0830/fp/release/xlsx-edit-profile-0830
    xlsx_edit_profile_0830::edit_helper_0830::h60d088236ffa3bef
      at src/main.rs:300
      in /home/zhuhe/code/litchi-target-0830/fp/release/xlsx-edit-profile-0830
    xlsx_edit_profile_0830::edit_region_0830::hd9047958b6bb4145
      at /home/zhuhe/code/litchi/docs/performance/results/change-0830/probe-src/src/main.rs:313
    xlsx_edit_profile_0830::execute_one::hd13185211950c238
      at src/main.rs:331
      in /home/zhuhe/code/litchi-target-0830/fp/release/xlsx-edit-profile-0830
    xlsx_edit_profile_0830::run::h4a0a709ddf300f9f
      at src/main.rs:227
      in /home/zhuhe/code/litchi-target-0830/fp/release/xlsx-edit-profile-0830
    xlsx_edit_profile_0830::main::h87ef95137f6e4ff2
      at /home/zhuhe/code/litchi/docs/performance/results/change-0830/probe-src/src/main.rs:178
    core::ops::function::FnOnce::call_once::hb4e58432592306ca
      at /rustc/59807616e1fa2540724bfbac14d7976d7e4a3860/library/core/src/ops/function.rs:250
      in /home/zhuhe/code/litchi-target-0830/fp/release/xlsx-edit-profile-0830
    std::sys::backtrace::__rust_begin_short_backtrace::h12b7350305ee1e0e
      at /rustc/59807616e1fa2540724bfbac14d7976d7e4a3860/library/std/src/sys/backtrace.rs:166
    std::rt::lang_start::_$u7b$$u7b$closure$u7d$$u7d$::h8a940b522bba9542
      at /rustc/59807616e1fa2540724bfbac14d7976d7e4a3860/library/std/src/rt.rs:206
      in /home/zhuhe/code/litchi-target-0830/fp/release/xlsx-edit-profile-0830
    _RNvXs0_NtNtNtCsgEmfK2I1SDS_4core3ops8function5implsRDINtB7_2FnuEp6OutputlNtNtBb_6marker4SyncNtNtNtBb_5panic11unwind_safe13RefUnwindSafeEL_INtB7_6FnOnceuE9call_onceCsjrHSEGnQ3l9_3std
      at library/core/src/ops/function.rs:287
      in /home/zhuhe/code/litchi-target-0830/fp/release/xlsx-edit-profile-0830
    _RINvNvNtCsjrHSEGnQ3l9_3std9panicking12catch_unwind7do_callRDINtNtNtCsgEmfK2I1SDS_4core3ops8function2FnuEp6OutputlNtNtB13_6marker4SyncNtNtNtB13_5panic11unwind_safe13RefUnwindSafeEL_lEB6_
      at /rustc/59807616e1fa2540724bfbac14d7976d7e4a3860/library/std/src/panicking.rs:581
    _RINvNtCsjrHSEGnQ3l9_3std9panicking12catch_unwindlRDINtNtNtCsgEmfK2I1SDS_4core3ops8function2FnuEp6OutputlNtNtBU_6marker4SyncNtNtNtBU_5panic11unwind_safe13RefUnwindSafeEL_EB4_
      at /rustc/59807616e1fa2540724bfbac14d7976d7e4a3860/library/std/src/panicking.rs:544
    _RINvNtCsjrHSEGnQ3l9_3std5panic12catch_unwindRDINtNtNtCsgEmfK2I1SDS_4core3ops8function2FnuEp6OutputlNtNtBP_6marker4SyncNtNtNtBP_5panic11unwind_safe13RefUnwindSafeEL_lEB4_
      at /rustc/59807616e1fa2540724bfbac14d7976d7e4a3860/library/std/src/panic.rs:359
    _RNCNvNtCsjrHSEGnQ3l9_3std2rt19lang_start_internal0B5_
      at /rustc/59807616e1fa2540724bfbac14d7976d7e4a3860/library/std/src/rt.rs:175
    _RINvNvNtCsjrHSEGnQ3l9_3std9panicking12catch_unwind7do_callNCNvNtB6_2rt19lang_start_internal0iEB6_
      at /rustc/59807616e1fa2540724bfbac14d7976d7e4a3860/library/std/src/panicking.rs:581
    _RINvNtCsjrHSEGnQ3l9_3std9panicking12catch_unwindiNCNvNtB4_2rt19lang_start_internal0EB4_
      at /rustc/59807616e1fa2540724bfbac14d7976d7e4a3860/library/std/src/panicking.rs:544
    _RINvNtCsjrHSEGnQ3l9_3std5panic12catch_unwindNCNvNtB4_2rt19lang_start_internal0iEB4_
      at /rustc/59807616e1fa2540724bfbac14d7976d7e4a3860/library/std/src/panic.rs:359
    _RNvNtCsjrHSEGnQ3l9_3std2rt19lang_start_internal
      at /rustc/59807616e1fa2540724bfbac14d7976d7e4a3860/library/std/src/rt.rs:171
    main
      in /home/zhuhe/code/litchi-target-0830/fp/release/xlsx-edit-profile-0830
5 temporary allocations of 5 allocations in total (100.00%) from:
    _RNvMs4_NtCslNYArtu3iFV_5alloc7raw_vecNtB5_11RawVecInner14grow_amortizedB7_
      at library/alloc/src/raw_vec/mod.rs:527
      in /home/zhuhe/code/litchi-target-0830/fp/release/xlsx-edit-profile-0830
    _RNvMs4_NtCslNYArtu3iFV_5alloc7raw_vecNtB5_11RawVecInner8grow_oneB7_
      at /rustc/59807616e1fa2540724bfbac14d7976d7e4a3860/library/alloc/src/raw_vec/mod.rs:491
    _RNvMs3_NtCslNYArtu3iFV_5alloc7raw_vecINtB5_6RawVechE8grow_oneB7_
      at /rustc/59807616e1fa2540724bfbac14d7976d7e4a3860/library/alloc/src/raw_vec/mod.rs:188
    alloc::vec::Vec$LT$T$C$A$GT$::push_mut::hf896f78940e94244
      at /rustc/59807616e1fa2540724bfbac14d7976d7e4a3860/library/alloc/src/vec/mod.rs:1029
      in /home/zhuhe/code/litchi-target-0830/fp/release/xlsx-edit-profile-0830
    alloc::vec::Vec$LT$T$C$A$GT$::push::haca110db03c0238e
      at /rustc/59807616e1fa2540724bfbac14d7976d7e4a3860/library/alloc/src/vec/mod.rs:992
    quick_xml::reader::buffered_reader::_$LT$impl$u20$quick_xml..reader..XmlSource$LT$$RF$mut$u20$alloc..vec..Vec$LT$u8$GT$$GT$$u20$for$u20$R$GT$::read_with::h3e343fc6093f6a6a
      at /home/zhuhe/.cargo/registry/src/index.crates.io-1949cf8c6b5b557f/quick-xml-0.41.0/src/reader/buffered_reader.rs:200
    quick_xml::reader::Reader$LT$R$GT$::read_until_close::h1f7fcabb1ed87135
      at /home/zhuhe/.cargo/registry/src/index.crates.io-1949cf8c6b5b557f/quick-xml-0.41.0/src/reader/mod.rs:450
    quick_xml::reader::Reader$LT$R$GT$::read_event_impl::h87d5a509e6697a10
      at /home/zhuhe/.cargo/registry/src/index.crates.io-1949cf8c6b5b557f/quick-xml-0.41.0/src/reader/mod.rs:369
    quick_xml::reader::buffered_reader::_$LT$impl$u20$quick_xml..reader..Reader$LT$R$GT$$GT$::read_event_into::h4dd79a2475179aee
      at /home/zhuhe/.cargo/registry/src/index.crates.io-1949cf8c6b5b557f/quick-xml-0.41.0/src/reader/buffered_reader.rs:392
      in /home/zhuhe/code/litchi-target-0830/fp/release/xlsx-edit-profile-0830
    litchi_ooxml_common::mce::codec::process_markup_compatibility::hf56a000df331f5c6
      at /home/zhuhe/code/litchi/crates/litchi-ooxml-common/src/mce/codec.rs:770
    litchi_ooxml_common::mce::codec::process_ooxml::hc423459ed40db600
      at src/mce/codec.rs:1672
      in /home/zhuhe/code/litchi-target-0830/fp/release/xlsx-edit-profile-0830
    litchi_xlsx::raw::styles::parse::hfc62afff7e65874e
      at src/raw/styles.rs:44
      in /home/zhuhe/code/litchi-target-0830/fp/release/xlsx-edit-profile-0830
    litchi_xlsx::workbook::model::Inner::style_catalog::h9df19351d3a42ce6
      at /home/zhuhe/code/litchi/crates/litchi-xlsx/src/workbook/model.rs:1727
    litchi_xlsx::workbook::model::Inner::style_count::he81b80542737a7bd
      at /home/zhuhe/code/litchi/crates/litchi-xlsx/src/workbook/model.rs:1736
    litchi_xlsx::workbook::model::Inner::validate_styles::h01752bd59c17ae1a
      at src/workbook/model.rs:1762
      in /home/zhuhe/code/litchi-target-0830/fp/release/xlsx-edit-profile-0830
    litchi_xlsx::workbook::model::Worksheet::store::hedf579646947337d
      at src/workbook/model.rs:1691
      in /home/zhuhe/code/litchi-target-0830/fp/release/xlsx-edit-profile-0830
    litchi_xlsx::workbook::edit::semantic::transaction::Edit::commit::he7829c28ddb90d02
      at src/workbook/edit/semantic/transaction.rs:1881
      in /home/zhuhe/code/litchi-target-0830/fp/release/xlsx-edit-profile-0830
    xlsx_edit_profile_0830::edit_helper_0830::h60d088236ffa3bef
      at src/main.rs:300
      in /home/zhuhe/code/litchi-target-0830/fp/release/xlsx-edit-profile-0830
    xlsx_edit_profile_0830::edit_region_0830::hd9047958b6bb4145
      at /home/zhuhe/code/litchi/docs/performance/results/change-0830/probe-src/src/main.rs:313
    xlsx_edit_profile_0830::execute_one::hd13185211950c238
      at src/main.rs:331
      in /home/zhuhe/code/litchi-target-0830/fp/release/xlsx-edit-profile-0830
    xlsx_edit_profile_0830::run::h4a0a709ddf300f9f
      at src/main.rs:227
      in /home/zhuhe/code/litchi-target-0830/fp/release/xlsx-edit-profile-0830
    xlsx_edit_profile_0830::main::h87ef95137f6e4ff2
      at /home/zhuhe/code/litchi/docs/performance/results/change-0830/probe-src/src/main.rs:178
    core::ops::function::FnOnce::call_once::hb4e58432592306ca
      at /rustc/59807616e1fa2540724bfbac14d7976d7e4a3860/library/core/src/ops/function.rs:250
      in /home/zhuhe/code/litchi-target-0830/fp/release/xlsx-edit-profile-0830
    std::sys::backtrace::__rust_begin_short_backtrace::h12b7350305ee1e0e
      at /rustc/59807616e1fa2540724bfbac14d7976d7e4a3860/library/std/src/sys/backtrace.rs:166
    std::rt::lang_start::_$u7b$$u7b$closure$u7d$$u7d$::h8a940b522bba9542
      at /rustc/59807616e1fa2540724bfbac14d7976d7e4a3860/library/std/src/rt.rs:206
      in /home/zhuhe/code/litchi-target-0830/fp/release/xlsx-edit-profile-0830
    _RNvXs0_NtNtNtCsgEmfK2I1SDS_4core3ops8function5implsRDINtB7_2FnuEp6OutputlNtNtBb_6marker4SyncNtNtNtBb_5panic11unwind_safe13RefUnwindSafeEL_INtB7_6FnOnceuE9call_onceCsjrHSEGnQ3l9_3std
      at library/core/src/ops/function.rs:287
      in /home/zhuhe/code/litchi-target-0830/fp/release/xlsx-edit-profile-0830
    _RINvNvNtCsjrHSEGnQ3l9_3std9panicking12catch_unwind7do_callRDINtNtNtCsgEmfK2I1SDS_4core3ops8function2FnuEp6OutputlNtNtB13_6marker4SyncNtNtNtB13_5panic11unwind_safe13RefUnwindSafeEL_lEB6_
      at /rustc/59807616e1fa2540724bfbac14d7976d7e4a3860/library/std/src/panicking.rs:581
    _RINvNtCsjrHSEGnQ3l9_3std9panicking12catch_unwindlRDINtNtNtCsgEmfK2I1SDS_4core3ops8function2FnuEp6OutputlNtNtBU_6marker4SyncNtNtNtBU_5panic11unwind_safe13RefUnwindSafeEL_EB4_
      at /rustc/59807616e1fa2540724bfbac14d7976d7e4a3860/library/std/src/panicking.rs:544
    _RINvNtCsjrHSEGnQ3l9_3std5panic12catch_unwindRDINtNtNtCsgEmfK2I1SDS_4core3ops8function2FnuEp6OutputlNtNtBP_6marker4SyncNtNtNtBP_5panic11unwind_safe13RefUnwindSafeEL_lEB4_
      at /rustc/59807616e1fa2540724bfbac14d7976d7e4a3860/library/std/src/panic.rs:359
    _RNCNvNtCsjrHSEGnQ3l9_3std2rt19lang_start_internal0B5_
      at /rustc/59807616e1fa2540724bfbac14d7976d7e4a3860/library/std/src/rt.rs:175
    _RINvNvNtCsjrHSEGnQ3l9_3std9panicking12catch_unwind7do_callNCNvNtB6_2rt19lang_start_internal0iEB6_
      at /rustc/59807616e1fa2540724bfbac14d7976d7e4a3860/library/std/src/panicking.rs:581
    _RINvNtCsjrHSEGnQ3l9_3std9panicking12catch_unwindiNCNvNtB4_2rt19lang_start_internal0EB4_
      at /rustc/59807616e1fa2540724bfbac14d7976d7e4a3860/library/std/src/panicking.rs:544
    _RINvNtCsjrHSEGnQ3l9_3std5panic12catch_unwindNCNvNtB4_2rt19lang_start_internal0iEB4_
      at /rustc/59807616e1fa2540724bfbac14d7976d7e4a3860/library/std/src/panic.rs:359
    _RNvNtCsjrHSEGnQ3l9_3std2rt19lang_start_internal
      at /rustc/59807616e1fa2540724bfbac14d7976d7e4a3860/library/std/src/rt.rs:171
    main
      in /home/zhuhe/code/litchi-target-0830/fp/release/xlsx-edit-profile-0830
5 temporary allocations of 5 allocations in total (100.00%) from:
    _RNvMs4_NtCslNYArtu3iFV_5alloc7raw_vecNtB5_11RawVecInner14grow_amortizedB7_
      at library/alloc/src/raw_vec/mod.rs:527
      in /home/zhuhe/code/litchi-target-0830/fp/release/xlsx-edit-profile-0830
    _RNvMs4_NtCslNYArtu3iFV_5alloc7raw_vecNtB5_11RawVecInner8grow_oneB7_
      at /rustc/59807616e1fa2540724bfbac14d7976d7e4a3860/library/alloc/src/raw_vec/mod.rs:491
    _RNvMs3_NtCslNYArtu3iFV_5alloc7raw_vecINtB5_6RawVechE8grow_oneB7_
      at /rustc/59807616e1fa2540724bfbac14d7976d7e4a3860/library/alloc/src/raw_vec/mod.rs:188
    alloc::vec::Vec$LT$T$C$A$GT$::push_mut::hf896f78940e94244
      at /rustc/59807616e1fa2540724bfbac14d7976d7e4a3860/library/alloc/src/vec/mod.rs:1029
      in /home/zhuhe/code/litchi-target-0830/fp/release/xlsx-edit-profile-0830
    alloc::vec::Vec$LT$T$C$A$GT$::push::haca110db03c0238e
      at /rustc/59807616e1fa2540724bfbac14d7976d7e4a3860/library/alloc/src/vec/mod.rs:992
    quick_xml::reader::buffered_reader::_$LT$impl$u20$quick_xml..reader..XmlSource$LT$$RF$mut$u20$alloc..vec..Vec$LT$u8$GT$$GT$$u20$for$u20$R$GT$::read_with::h3e343fc6093f6a6a
      at /home/zhuhe/.cargo/registry/src/index.crates.io-1949cf8c6b5b557f/quick-xml-0.41.0/src/reader/buffered_reader.rs:200
    quick_xml::reader::Reader$LT$R$GT$::read_until_close::h1f7fcabb1ed87135
      at /home/zhuhe/.cargo/registry/src/index.crates.io-1949cf8c6b5b557f/quick-xml-0.41.0/src/reader/mod.rs:450
    quick_xml::reader::Reader$LT$R$GT$::read_event_impl::h87d5a509e6697a10
      at /home/zhuhe/.cargo/registry/src/index.crates.io-1949cf8c6b5b557f/quick-xml-0.41.0/src/reader/mod.rs:369
    quick_xml::reader::buffered_reader::_$LT$impl$u20$quick_xml..reader..Reader$LT$R$GT$$GT$::read_event_into::h4dd79a2475179aee
      at /home/zhuhe/.cargo/registry/src/index.crates.io-1949cf8c6b5b557f/quick-xml-0.41.0/src/reader/buffered_reader.rs:392
      in /home/zhuhe/code/litchi-target-0830/fp/release/xlsx-edit-profile-0830
    litchi_ooxml_common::mce::codec::process_markup_compatibility::hf56a000df331f5c6
      at /home/zhuhe/code/litchi/crates/litchi-ooxml-common/src/mce/codec.rs:770
    litchi_ooxml_common::mce::codec::process_ooxml::hc423459ed40db600
      at src/mce/codec.rs:1672
      in /home/zhuhe/code/litchi-target-0830/fp/release/xlsx-edit-profile-0830
    litchi_xlsx::raw::worksheet::parse::_$u7b$$u7b$closure$u7d$$u7d$::h3945b6e9bf3ccbda
      at src/raw/worksheet/mod.rs:447
      in /home/zhuhe/code/litchi-target-0830/fp/release/xlsx-edit-profile-0830
    litchi_xlsx::raw::worksheet::parse::h876fe1a70043d40c
      at /home/zhuhe/code/litchi/crates/litchi-xlsx/src/raw/worksheet/mod.rs:446
    litchi_xlsx::workbook::edit::semantic::transaction::Edit::commit::he7829c28ddb90d02
      at src/workbook/edit/semantic/transaction.rs:2310
      in /home/zhuhe/code/litchi-target-0830/fp/release/xlsx-edit-profile-0830
    xlsx_edit_profile_0830::edit_helper_0830::h60d088236ffa3bef
      at src/main.rs:300
      in /home/zhuhe/code/litchi-target-0830/fp/release/xlsx-edit-profile-0830
    xlsx_edit_profile_0830::edit_region_0830::hd9047958b6bb4145
      at /home/zhuhe/code/litchi/docs/performance/results/change-0830/probe-src/src/main.rs:313
    xlsx_edit_profile_0830::execute_one::hd13185211950c238
      at src/main.rs:331
      in /home/zhuhe/code/litchi-target-0830/fp/release/xlsx-edit-profile-0830
    xlsx_edit_profile_0830::run::h4a0a709ddf300f9f
      at src/main.rs:227
      in /home/zhuhe/code/litchi-target-0830/fp/release/xlsx-edit-profile-0830
    xlsx_edit_profile_0830::main::h87ef95137f6e4ff2
      at /home/zhuhe/code/litchi/docs/performance/results/change-0830/probe-src/src/main.rs:178
    core::ops::function::FnOnce::call_once::hb4e58432592306ca
      at /rustc/59807616e1fa2540724bfbac14d7976d7e4a3860/library/core/src/ops/function.rs:250
      in /home/zhuhe/code/litchi-target-0830/fp/release/xlsx-edit-profile-0830
    std::sys::backtrace::__rust_begin_short_backtrace::h12b7350305ee1e0e
      at /rustc/59807616e1fa2540724bfbac14d7976d7e4a3860/library/std/src/sys/backtrace.rs:166
    std::rt::lang_start::_$u7b$$u7b$closure$u7d$$u7d$::h8a940b522bba9542
      at /rustc/59807616e1fa2540724bfbac14d7976d7e4a3860/library/std/src/rt.rs:206
      in /home/zhuhe/code/litchi-target-0830/fp/release/xlsx-edit-profile-0830
    _RNvXs0_NtNtNtCsgEmfK2I1SDS_4core3ops8function5implsRDINtB7_2FnuEp6OutputlNtNtBb_6marker4SyncNtNtNtBb_5panic11unwind_safe13RefUnwindSafeEL_INtB7_6FnOnceuE9call_onceCsjrHSEGnQ3l9_3std
      at library/core/src/ops/function.rs:287
      in /home/zhuhe/code/litchi-target-0830/fp/release/xlsx-edit-profile-0830
    _RINvNvNtCsjrHSEGnQ3l9_3std9panicking12catch_unwind7do_callRDINtNtNtCsgEmfK2I1SDS_4core3ops8function2FnuEp6OutputlNtNtB13_6marker4SyncNtNtNtB13_5panic11unwind_safe13RefUnwindSafeEL_lEB6_
      at /rustc/59807616e1fa2540724bfbac14d7976d7e4a3860/library/std/src/panicking.rs:581
    _RINvNtCsjrHSEGnQ3l9_3std9panicking12catch_unwindlRDINtNtNtCsgEmfK2I1SDS_4core3ops8function2FnuEp6OutputlNtNtBU_6marker4SyncNtNtNtBU_5panic11unwind_safe13RefUnwindSafeEL_EB4_
      at /rustc/59807616e1fa2540724bfbac14d7976d7e4a3860/library/std/src/panicking.rs:544
    _RINvNtCsjrHSEGnQ3l9_3std5panic12catch_unwindRDINtNtNtCsgEmfK2I1SDS_4core3ops8function2FnuEp6OutputlNtNtBP_6marker4SyncNtNtNtBP_5panic11unwind_safe13RefUnwindSafeEL_lEB4_
      at /rustc/59807616e1fa2540724bfbac14d7976d7e4a3860/library/std/src/panic.rs:359
    _RNCNvNtCsjrHSEGnQ3l9_3std2rt19lang_start_internal0B5_
      at /rustc/59807616e1fa2540724bfbac14d7976d7e4a3860/library/std/src/rt.rs:175
    _RINvNvNtCsjrHSEGnQ3l9_3std9panicking12catch_unwind7do_callNCNvNtB6_2rt19lang_start_internal0iEB6_
      at /rustc/59807616e1fa2540724bfbac14d7976d7e4a3860/library/std/src/panicking.rs:581
    _RINvNtCsjrHSEGnQ3l9_3std9panicking12catch_unwindiNCNvNtB4_2rt19lang_start_internal0EB4_
      at /rustc/59807616e1fa2540724bfbac14d7976d7e4a3860/library/std/src/panicking.rs:544
    _RINvNtCsjrHSEGnQ3l9_3std5panic12catch_unwindNCNvNtB4_2rt19lang_start_internal0iEB4_
      at /rustc/59807616e1fa2540724bfbac14d7976d7e4a3860/library/std/src/panic.rs:359
    _RNvNtCsjrHSEGnQ3l9_3std2rt19lang_start_internal
      at /rustc/59807616e1fa2540724bfbac14d7976d7e4a3860/library/std/src/rt.rs:171
    main
      in /home/zhuhe/code/litchi-target-0830/fp/release/xlsx-edit-profile-0830
5 temporary allocations of 5 allocations in total (100.00%) from:
    _RNvMs4_NtCslNYArtu3iFV_5alloc7raw_vecNtB5_11RawVecInner14grow_amortizedB7_
      at library/alloc/src/raw_vec/mod.rs:527
      in /home/zhuhe/code/litchi-target-0830/fp/release/xlsx-edit-profile-0830
    _RINvNvMs2_NtCslNYArtu3iFV_5alloc7raw_vecINtB8_11RawVecInnerpE7reserve21do_reserve_and_handleNtNtBa_5alloc6GlobalEBa_
      at /rustc/59807616e1fa2540724bfbac14d7976d7e4a3860/library/alloc/src/raw_vec/mod.rs:666
    _RNvMs2_NtCslNYArtu3iFV_5alloc7raw_vecNtB5_11RawVecInner7reserveB7_
      at library/alloc/src/raw_vec/mod.rs:673
      in /home/zhuhe/code/litchi-target-0830/fp/release/xlsx-edit-profile-0830
    _RNvMs0_NtCslNYArtu3iFV_5alloc7raw_vecINtB5_6RawVechE7reserveB7_
      at /rustc/59807616e1fa2540724bfbac14d7976d7e4a3860/library/alloc/src/raw_vec/mod.rs:340
    _RNvMs_NtCslNYArtu3iFV_5alloc3vecINtB4_3VechE7reserveB6_
      at /rustc/59807616e1fa2540724bfbac14d7976d7e4a3860/library/alloc/src/vec/mod.rs:1446
    _RNvMs_NtCslNYArtu3iFV_5alloc3vecINtB4_3VechE15append_elementsB6_
      at /rustc/59807616e1fa2540724bfbac14d7976d7e4a3860/library/alloc/src/vec/mod.rs:2879
    _RNvXs2_NtNtCslNYArtu3iFV_5alloc3vec11spec_extendINtB7_3VechEINtB5_10SpecExtendRhINtNtNtCsgEmfK2I1SDS_4core5slice4iter4IterhEE11spec_extendB9_
      at /rustc/59807616e1fa2540724bfbac14d7976d7e4a3860/library/alloc/src/vec/spec_extend.rs:56
    _RNvMs1_NtCslNYArtu3iFV_5alloc3vecINtB5_3VechE17extend_from_sliceB7_
      at /rustc/59807616e1fa2540724bfbac14d7976d7e4a3860/library/alloc/src/vec/mod.rs:3500
    _RNvMNtCslNYArtu3iFV_5alloc6stringNtB2_6String8push_str
      at /rustc/59807616e1fa2540724bfbac14d7976d7e4a3860/library/alloc/src/string.rs:1102
    _RNvXsZ_NtCslNYArtu3iFV_5alloc6stringNtB5_6StringNtNtCsgEmfK2I1SDS_4core3fmt5Write9write_str
      at /rustc/59807616e1fa2540724bfbac14d7976d7e4a3860/library/alloc/src/string.rs:3345
    _RNvMNtNtCsgEmfK2I1SDS_4core3fmt2rtNtB2_8Argument3fmt
      at library/core/src/fmt/rt.rs:152
      in /home/zhuhe/code/litchi-target-0830/fp/release/xlsx-edit-profile-0830
    _RNvNtCsgEmfK2I1SDS_4core3fmt5write
      at /rustc/59807616e1fa2540724bfbac14d7976d7e4a3860/library/core/src/fmt/mod.rs:0
    _RNvXs_NvNtNtCsgEmfK2I1SDS_4core3fmt5Write9write_fmtQNtNtCslNYArtu3iFV_5alloc6string6StringNtB4_12SpecWriteFmt14spec_write_fmtBS_
      at library/core/src/fmt/mod.rs:236
      in /home/zhuhe/code/litchi-target-0830/fp/release/xlsx-edit-profile-0830
    _RNvYNtNtCslNYArtu3iFV_5alloc6string6StringNtNtCsgEmfK2I1SDS_4core3fmt5Write9write_fmtB6_
      at /rustc/59807616e1fa2540724bfbac14d7976d7e4a3860/library/core/src/fmt/mod.rs:241
    _RNvNvNtCslNYArtu3iFV_5alloc3fmt6format12format_inner
      at /rustc/59807616e1fa2540724bfbac14d7976d7e4a3860/library/alloc/src/fmt.rs:654
    alloc::fmt::format::_$u7b$$u7b$closure$u7d$$u7d$::h80791ef324fa1818
      at /rustc/59807616e1fa2540724bfbac14d7976d7e4a3860/library/alloc/src/fmt.rs:659
      in /home/zhuhe/code/litchi-target-0830/fp/release/xlsx-edit-profile-0830
    core::option::Option$LT$T$GT$::map_or_else::h1b573a14aa35d31b
      at /rustc/59807616e1fa2540724bfbac14d7976d7e4a3860/library/core/src/option.rs:1278
    _RNvNtCslNYArtu3iFV_5alloc3fmt6format
      at /rustc/59807616e1fa2540724bfbac14d7976d7e4a3860/library/alloc/src/fmt.rs:659
    litchi_opc::packuri::PackURI::join_paths::h827f43d4f27715ee
      at /home/zhuhe/code/litchi/crates/litchi-opc/src/packuri.rs:0
    litchi_opc::packuri::PackURI::from_rel_ref::h5f4a86f7bff8ae7c
      at /home/zhuhe/code/litchi/crates/litchi-opc/src/packuri.rs:147
    litchi_opc::rel::Relationship::target_partname::hcbf368a2a0e40368
      at src/rel.rs:224
      in /home/zhuhe/code/litchi-target-0830/fp/release/xlsx-edit-profile-0830
    litchi_opc::package::OpcPackage::main_document_part::h117992fb44bc1c1e
      at src/package.rs:1497
      in /home/zhuhe/code/litchi-target-0830/fp/release/xlsx-edit-profile-0830
    litchi_xlsx::chain::package::main_workbook_uri::hca3c1fa61eeed160
      at src/chain/package.rs:364
      in /home/zhuhe/code/litchi-target-0830/fp/release/xlsx-edit-profile-0830
    litchi_xlsx::chain::package::validate_package::hedd79d929d420a9c
      at /home/zhuhe/code/litchi/crates/litchi-xlsx/src/chain/package.rs:31
    litchi_xlsx::workbook::edit::codec::calculation_chain_removal::h3346987ed086fcee
      at /home/zhuhe/code/litchi/crates/litchi-xlsx/src/workbook/edit/codec.rs:613
    litchi_xlsx::workbook::edit::semantic::transaction::Edit::commit::he7829c28ddb90d02
      at src/workbook/edit/semantic/transaction.rs:2763
      in /home/zhuhe/code/litchi-target-0830/fp/release/xlsx-edit-profile-0830
    xlsx_edit_profile_0830::edit_helper_0830::h60d088236ffa3bef
      at src/main.rs:300
      in /home/zhuhe/code/litchi-target-0830/fp/release/xlsx-edit-profile-0830
    xlsx_edit_profile_0830::edit_region_0830::hd9047958b6bb4145
      at /home/zhuhe/code/litchi/docs/performance/results/change-0830/probe-src/src/main.rs:313
    xlsx_edit_profile_0830::execute_one::hd13185211950c238
      at src/main.rs:331
      in /home/zhuhe/code/litchi-target-0830/fp/release/xlsx-edit-profile-0830
    xlsx_edit_profile_0830::run::h4a0a709ddf300f9f
      at src/main.rs:227
      in /home/zhuhe/code/litchi-target-0830/fp/release/xlsx-edit-profile-0830
    xlsx_edit_profile_0830::main::h87ef95137f6e4ff2
      at /home/zhuhe/code/litchi/docs/performance/results/change-0830/probe-src/src/main.rs:178
    core::ops::function::FnOnce::call_once::hb4e58432592306ca
      at /rustc/59807616e1fa2540724bfbac14d7976d7e4a3860/library/core/src/ops/function.rs:250
      in /home/zhuhe/code/litchi-target-0830/fp/release/xlsx-edit-profile-0830
    std::sys::backtrace::__rust_begin_short_backtrace::h12b7350305ee1e0e
      at /rustc/59807616e1fa2540724bfbac14d7976d7e4a3860/library/std/src/sys/backtrace.rs:166
    std::rt::lang_start::_$u7b$$u7b$closure$u7d$$u7d$::h8a940b522bba9542
      at /rustc/59807616e1fa2540724bfbac14d7976d7e4a3860/library/std/src/rt.rs:206
      in /home/zhuhe/code/litchi-target-0830/fp/release/xlsx-edit-profile-0830
    _RNvXs0_NtNtNtCsgEmfK2I1SDS_4core3ops8function5implsRDINtB7_2FnuEp6OutputlNtNtBb_6marker4SyncNtNtNtBb_5panic11unwind_safe13RefUnwindSafeEL_INtB7_6FnOnceuE9call_onceCsjrHSEGnQ3l9_3std
      at library/core/src/ops/function.rs:287
      in /home/zhuhe/code/litchi-target-0830/fp/release/xlsx-edit-profile-0830
    _RINvNvNtCsjrHSEGnQ3l9_3std9panicking12catch_unwind7do_callRDINtNtNtCsgEmfK2I1SDS_4core3ops8function2FnuEp6OutputlNtNtB13_6marker4SyncNtNtNtB13_5panic11unwind_safe13RefUnwindSafeEL_lEB6_
      at /rustc/59807616e1fa2540724bfbac14d7976d7e4a3860/library/std/src/panicking.rs:581
    _RINvNtCsjrHSEGnQ3l9_3std9panicking12catch_unwindlRDINtNtNtCsgEmfK2I1SDS_4core3ops8function2FnuEp6OutputlNtNtBU_6marker4SyncNtNtNtBU_5panic11unwind_safe13RefUnwindSafeEL_EB4_
      at /rustc/59807616e1fa2540724bfbac14d7976d7e4a3860/library/std/src/panicking.rs:544
    _RINvNtCsjrHSEGnQ3l9_3std5panic12catch_unwindRDINtNtNtCsgEmfK2I1SDS_4core3ops8function2FnuEp6OutputlNtNtBP_6marker4SyncNtNtNtBP_5panic11unwind_safe13RefUnwindSafeEL_lEB4_
      at /rustc/59807616e1fa2540724bfbac14d7976d7e4a3860/library/std/src/panic.rs:359
    _RNCNvNtCsjrHSEGnQ3l9_3std2rt19lang_start_internal0B5_
      at /rustc/59807616e1fa2540724bfbac14d7976d7e4a3860/library/std/src/rt.rs:175
    _RINvNvNtCsjrHSEGnQ3l9_3std9panicking12catch_unwind7do_callNCNvNtB6_2rt19lang_start_internal0iEB6_
      at /rustc/59807616e1fa2540724bfbac14d7976d7e4a3860/library/std/src/panicking.rs:581
    _RINvNtCsjrHSEGnQ3l9_3std9panicking12catch_unwindiNCNvNtB4_2rt19lang_start_internal0EB4_
      at /rustc/59807616e1fa2540724bfbac14d7976d7e4a3860/library/std/src/panicking.rs:544
    _RINvNtCsjrHSEGnQ3l9_3std5panic12catch_unwindNCNvNtB4_2rt19lang_start_internal0iEB4_
      at /rustc/59807616e1fa2540724bfbac14d7976d7e4a3860/library/std/src/panic.rs:359
    _RNvNtCsjrHSEGnQ3l9_3std2rt19lang_start_internal
      at /rustc/59807616e1fa2540724bfbac14d7976d7e4a3860/library/std/src/rt.rs:171
    main
      in /home/zhuhe/code/litchi-target-0830/fp/release/xlsx-edit-profile-0830
5 temporary allocations of 5 allocations in total (100.00%) from:
    _RNvMs4_NtCslNYArtu3iFV_5alloc7raw_vecNtB5_11RawVecInner14grow_amortizedB7_
      at library/alloc/src/raw_vec/mod.rs:527
      in /home/zhuhe/code/litchi-target-0830/fp/release/xlsx-edit-profile-0830
    _RNvMs4_NtCslNYArtu3iFV_5alloc7raw_vecNtB5_11RawVecInner8grow_oneB7_
      at /rustc/59807616e1fa2540724bfbac14d7976d7e4a3860/library/alloc/src/raw_vec/mod.rs:491
    _RNvMs3_NtCslNYArtu3iFV_5alloc7raw_vecINtB5_6RawVechE8grow_oneB7_
      at /rustc/59807616e1fa2540724bfbac14d7976d7e4a3860/library/alloc/src/raw_vec/mod.rs:188
    alloc::vec::Vec$LT$T$C$A$GT$::push_mut::hf896f78940e94244
      at /rustc/59807616e1fa2540724bfbac14d7976d7e4a3860/library/alloc/src/vec/mod.rs:1029
      in /home/zhuhe/code/litchi-target-0830/fp/release/xlsx-edit-profile-0830
    alloc::vec::Vec$LT$T$C$A$GT$::push::haca110db03c0238e
      at /rustc/59807616e1fa2540724bfbac14d7976d7e4a3860/library/alloc/src/vec/mod.rs:992
    quick_xml::reader::buffered_reader::_$LT$impl$u20$quick_xml..reader..XmlSource$LT$$RF$mut$u20$alloc..vec..Vec$LT$u8$GT$$GT$$u20$for$u20$R$GT$::read_with::h3e343fc6093f6a6a
      at /home/zhuhe/.cargo/registry/src/index.crates.io-1949cf8c6b5b557f/quick-xml-0.41.0/src/reader/buffered_reader.rs:200
    quick_xml::reader::Reader$LT$R$GT$::read_until_close::h1f7fcabb1ed87135
      at /home/zhuhe/.cargo/registry/src/index.crates.io-1949cf8c6b5b557f/quick-xml-0.41.0/src/reader/mod.rs:450
    quick_xml::reader::Reader$LT$R$GT$::read_event_impl::h87d5a509e6697a10
      at /home/zhuhe/.cargo/registry/src/index.crates.io-1949cf8c6b5b557f/quick-xml-0.41.0/src/reader/mod.rs:369
    quick_xml::reader::buffered_reader::_$LT$impl$u20$quick_xml..reader..Reader$LT$R$GT$$GT$::read_event_into::h4dd79a2475179aee
      at /home/zhuhe/.cargo/registry/src/index.crates.io-1949cf8c6b5b557f/quick-xml-0.41.0/src/reader/buffered_reader.rs:392
      in /home/zhuhe/code/litchi-target-0830/fp/release/xlsx-edit-profile-0830
    litchi_ooxml_common::mce::codec::process_markup_compatibility::hf56a000df331f5c6
      at /home/zhuhe/code/litchi/crates/litchi-ooxml-common/src/mce/codec.rs:770
    litchi_xlsx::calculation_properties::codec::inspect_with_policy::h51fef39000135969
      at src/calculation_properties/codec.rs:99
      in /home/zhuhe/code/litchi-target-0830/fp/release/xlsx-edit-profile-0830
    litchi_xlsx::calculation_properties::codec::inspect::ha05565c41b042676
      at src/calculation_properties/codec.rs:68
      in /home/zhuhe/code/litchi-target-0830/fp/release/xlsx-edit-profile-0830
    litchi_xlsx::raw::recalc::invalidate::h523d0c9379036d06
      at /home/zhuhe/code/litchi/crates/litchi-xlsx/src/raw/recalc.rs:10
    litchi_xlsx::workbook::edit::semantic::transaction::Edit::commit::he7829c28ddb90d02
      at src/workbook/edit/semantic/transaction.rs:2980
      in /home/zhuhe/code/litchi-target-0830/fp/release/xlsx-edit-profile-0830
    xlsx_edit_profile_0830::edit_helper_0830::h60d088236ffa3bef
      at src/main.rs:300
      in /home/zhuhe/code/litchi-target-0830/fp/release/xlsx-edit-profile-0830
    xlsx_edit_profile_0830::edit_region_0830::hd9047958b6bb4145
      at /home/zhuhe/code/litchi/docs/performance/results/change-0830/probe-src/src/main.rs:313
    xlsx_edit_profile_0830::execute_one::hd13185211950c238
      at src/main.rs:331
      in /home/zhuhe/code/litchi-target-0830/fp/release/xlsx-edit-profile-0830
    xlsx_edit_profile_0830::run::h4a0a709ddf300f9f
      at src/main.rs:227
      in /home/zhuhe/code/litchi-target-0830/fp/release/xlsx-edit-profile-0830
    xlsx_edit_profile_0830::main::h87ef95137f6e4ff2
      at /home/zhuhe/code/litchi/docs/performance/results/change-0830/probe-src/src/main.rs:178
    core::ops::function::FnOnce::call_once::hb4e58432592306ca
      at /rustc/59807616e1fa2540724bfbac14d7976d7e4a3860/library/core/src/ops/function.rs:250
      in /home/zhuhe/code/litchi-target-0830/fp/release/xlsx-edit-profile-0830
    std::sys::backtrace::__rust_begin_short_backtrace::h12b7350305ee1e0e
      at /rustc/59807616e1fa2540724bfbac14d7976d7e4a3860/library/std/src/sys/backtrace.rs:166
    std::rt::lang_start::_$u7b$$u7b$closure$u7d$$u7d$::h8a940b522bba9542
      at /rustc/59807616e1fa2540724bfbac14d7976d7e4a3860/library/std/src/rt.rs:206
      in /home/zhuhe/code/litchi-target-0830/fp/release/xlsx-edit-profile-0830
    _RNvXs0_NtNtNtCsgEmfK2I1SDS_4core3ops8function5implsRDINtB7_2FnuEp6OutputlNtNtBb_6marker4SyncNtNtNtBb_5panic11unwind_safe13RefUnwindSafeEL_INtB7_6FnOnceuE9call_onceCsjrHSEGnQ3l9_3std
      at library/core/src/ops/function.rs:287
      in /home/zhuhe/code/litchi-target-0830/fp/release/xlsx-edit-profile-0830
    _RINvNvNtCsjrHSEGnQ3l9_3std9panicking12catch_unwind7do_callRDINtNtNtCsgEmfK2I1SDS_4core3ops8function2FnuEp6OutputlNtNtB13_6marker4SyncNtNtNtB13_5panic11unwind_safe13RefUnwindSafeEL_lEB6_
      at /rustc/59807616e1fa2540724bfbac14d7976d7e4a3860/library/std/src/panicking.rs:581
    _RINvNtCsjrHSEGnQ3l9_3std9panicking12catch_unwindlRDINtNtNtCsgEmfK2I1SDS_4core3ops8function2FnuEp6OutputlNtNtBU_6marker4SyncNtNtNtBU_5panic11unwind_safe13RefUnwindSafeEL_EB4_
      at /rustc/59807616e1fa2540724bfbac14d7976d7e4a3860/library/std/src/panicking.rs:544
    _RINvNtCsjrHSEGnQ3l9_3std5panic12catch_unwindRDINtNtNtCsgEmfK2I1SDS_4core3ops8function2FnuEp6OutputlNtNtBP_6marker4SyncNtNtNtBP_5panic11unwind_safe13RefUnwindSafeEL_lEB4_
      at /rustc/59807616e1fa2540724bfbac14d7976d7e4a3860/library/std/src/panic.rs:359
    _RNCNvNtCsjrHSEGnQ3l9_3std2rt19lang_start_internal0B5_
      at /rustc/59807616e1fa2540724bfbac14d7976d7e4a3860/library/std/src/rt.rs:175
    _RINvNvNtCsjrHSEGnQ3l9_3std9panicking12catch_unwind7do_callNCNvNtB6_2rt19lang_start_internal0iEB6_
      at /rustc/59807616e1fa2540724bfbac14d7976d7e4a3860/library/std/src/panicking.rs:581
    _RINvNtCsjrHSEGnQ3l9_3std9panicking12catch_unwindiNCNvNtB4_2rt19lang_start_internal0EB4_
      at /rustc/59807616e1fa2540724bfbac14d7976d7e4a3860/library/std/src/panicking.rs:544
    _RINvNtCsjrHSEGnQ3l9_3std5panic12catch_unwindNCNvNtB4_2rt19lang_start_internal0iEB4_
      at /rustc/59807616e1fa2540724bfbac14d7976d7e4a3860/library/std/src/panic.rs:359
    _RNvNtCsjrHSEGnQ3l9_3std2rt19lang_start_internal
      at /rustc/59807616e1fa2540724bfbac14d7976d7e4a3860/library/std/src/rt.rs:171
    main
      in /home/zhuhe/code/litchi-target-0830/fp/release/xlsx-edit-profile-0830
  and 35B from 17 other places

15 temporary allocations of 560 allocations in total (2.68%) from
_RNvNtCslNYArtu3iFV_5alloc5alloc5alloc
  at /rustc/59807616e1fa2540724bfbac14d7976d7e4a3860/library/alloc/src/alloc.rs:95
  in /home/zhuhe/code/litchi-target-0830/fp/release/xlsx-edit-profile-0830
_RNvMNtCslNYArtu3iFV_5alloc5allocNtB2_6Global18alloc_impl_runtime
  at /rustc/59807616e1fa2540724bfbac14d7976d7e4a3860/library/alloc/src/alloc.rs:190
_RNvMNtCslNYArtu3iFV_5alloc5allocNtB2_6Global10alloc_impl
  at /rustc/59807616e1fa2540724bfbac14d7976d7e4a3860/library/alloc/src/alloc.rs:312
_RNvXs_NtCslNYArtu3iFV_5alloc5allocNtB4_6GlobalNtNtCsgEmfK2I1SDS_4core5alloc9Allocator8allocate
  at /rustc/59807616e1fa2540724bfbac14d7976d7e4a3860/library/alloc/src/alloc.rs:429
alloc::raw_vec::RawVecInner$LT$A$GT$::try_allocate_in::h649a3afa62e2236b
  at /rustc/59807616e1fa2540724bfbac14d7976d7e4a3860/library/alloc/src/raw_vec/mod.rs:464
alloc::raw_vec::RawVecInner$LT$A$GT$::with_capacity_in::h85f8ec0fb5ec8745
  at /rustc/59807616e1fa2540724bfbac14d7976d7e4a3860/library/alloc/src/raw_vec/mod.rs:433
alloc::raw_vec::RawVec$LT$T$C$A$GT$::with_capacity_in::h183591e6a6e76f4f
  at /rustc/59807616e1fa2540724bfbac14d7976d7e4a3860/library/alloc/src/raw_vec/mod.rs:177
alloc::vec::Vec$LT$T$C$A$GT$::with_capacity_in::hba4d0565ffd0fd68
  at /rustc/59807616e1fa2540724bfbac14d7976d7e4a3860/library/alloc/src/vec/mod.rs:965
_$LT$T$u20$as$u20$alloc..slice..$LT$impl$u20$$u5b$T$u5d$$GT$..to_vec_in..ConvertVec$GT$::to_vec::hd92b6bdc941823b0
  at /rustc/59807616e1fa2540724bfbac14d7976d7e4a3860/library/alloc/src/slice.rs:448
alloc::slice::_$LT$impl$u20$$u5b$T$u5d$$GT$::to_vec_in::ha04c33fcf14d617d
  at /rustc/59807616e1fa2540724bfbac14d7976d7e4a3860/library/alloc/src/slice.rs:400
alloc::slice::_$LT$impl$u20$$u5b$T$u5d$$GT$::to_vec::h68c616984a52c0f7
  at /rustc/59807616e1fa2540724bfbac14d7976d7e4a3860/library/alloc/src/slice.rs:376
alloc::slice::_$LT$impl$u20$alloc..borrow..ToOwned$u20$for$u20$$u5b$T$u5d$$GT$::to_owned::heed0246f77115273
  at /rustc/59807616e1fa2540724bfbac14d7976d7e4a3860/library/alloc/src/slice.rs:842
_RNvXs2_NtCslNYArtu3iFV_5alloc3streNtNtB7_6borrow7ToOwned8to_owned
  at /rustc/59807616e1fa2540724bfbac14d7976d7e4a3860/library/alloc/src/str.rs:211
litchi_ooxml_common::mce::codec::start::h296a97783e1862db
  at /home/zhuhe/code/litchi/crates/litchi-ooxml-common/src/mce/codec.rs:903
10 temporary allocations of 10 allocations in total (100.00%) from:
    litchi_xlsx::raw::worksheet::edit::codec::wire::write_attribute::hab0671d872e29fb5
      at src/raw/worksheet/edit/codec/wire.rs:64
      in /home/zhuhe/code/litchi-target-0830/fp/release/xlsx-edit-profile-0830
    litchi_xlsx::raw::worksheet::edit::codec::wire::write_tag::ha6347affb2c0a9d9
      at src/raw/worksheet/edit/codec/wire.rs:39
      in /home/zhuhe/code/litchi-target-0830/fp/release/xlsx-edit-profile-0830
    litchi_xlsx::raw::worksheet::edit::codec::snapshot::write::sheet_data::write_cell::h8da590ab5d32ea09
      at src/raw/worksheet/edit/codec/snapshot/write/sheet_data.rs:736
      in /home/zhuhe/code/litchi-target-0830/fp/release/xlsx-edit-profile-0830
    litchi_xlsx::raw::worksheet::edit::codec::snapshot::write::sheet_data::write_replacement_row::hb457cdd8fe1aa5d0
      at src/raw/worksheet/edit/codec/snapshot/write/sheet_data.rs:396
      in /home/zhuhe/code/litchi-target-0830/fp/release/xlsx-edit-profile-0830
    litchi_xlsx::raw::worksheet::edit::codec::snapshot::write::sheet_data::write_sheet_data_with_provenance::h0b3cc4cdccf7e942
      at /home/zhuhe/code/litchi/crates/litchi-xlsx/src/raw/worksheet/edit/codec/snapshot/write/sheet_data.rs:165
    litchi_xlsx::raw::worksheet::edit::package::rewrite_value_only_with_provenance::h9e597584abba4872
      at src/raw/worksheet/edit/package.rs:266
      in /home/zhuhe/code/litchi-target-0830/fp/release/xlsx-edit-profile-0830
    litchi_xlsx::workbook::edit::semantic::transaction::Edit::commit::he7829c28ddb90d02
      at src/workbook/edit/semantic/transaction.rs:2180
      in /home/zhuhe/code/litchi-target-0830/fp/release/xlsx-edit-profile-0830
    xlsx_edit_profile_0830::edit_helper_0830::h60d088236ffa3bef
      at src/main.rs:300
      in /home/zhuhe/code/litchi-target-0830/fp/release/xlsx-edit-profile-0830
    xlsx_edit_profile_0830::edit_region_0830::hd9047958b6bb4145
      at /home/zhuhe/code/litchi/docs/performance/results/change-0830/probe-src/src/main.rs:313
    xlsx_edit_profile_0830::execute_one::hd13185211950c238
      at src/main.rs:331
      in /home/zhuhe/code/litchi-target-0830/fp/release/xlsx-edit-profile-0830
    xlsx_edit_profile_0830::run::h4a0a709ddf300f9f
      at src/main.rs:227
      in /home/zhuhe/code/litchi-target-0830/fp/release/xlsx-edit-profile-0830
    xlsx_edit_profile_0830::main::h87ef95137f6e4ff2
      at /home/zhuhe/code/litchi/docs/performance/results/change-0830/probe-src/src/main.rs:178
    core::ops::function::FnOnce::call_once::hb4e58432592306ca
      at /rustc/59807616e1fa2540724bfbac14d7976d7e4a3860/library/core/src/ops/function.rs:250
      in /home/zhuhe/code/litchi-target-0830/fp/release/xlsx-edit-profile-0830
    std::sys::backtrace::__rust_begin_short_backtrace::h12b7350305ee1e0e
      at /rustc/59807616e1fa2540724bfbac14d7976d7e4a3860/library/std/src/sys/backtrace.rs:166
    std::rt::lang_start::_$u7b$$u7b$closure$u7d$$u7d$::h8a940b522bba9542
      at /rustc/59807616e1fa2540724bfbac14d7976d7e4a3860/library/std/src/rt.rs:206
      in /home/zhuhe/code/litchi-target-0830/fp/release/xlsx-edit-profile-0830
    _RNvXs0_NtNtNtCsgEmfK2I1SDS_4core3ops8function5implsRDINtB7_2FnuEp6OutputlNtNtBb_6marker4SyncNtNtNtBb_5panic11unwind_safe13RefUnwindSafeEL_INtB7_6FnOnceuE9call_onceCsjrHSEGnQ3l9_3std
      at library/core/src/ops/function.rs:287
      in /home/zhuhe/code/litchi-target-0830/fp/release/xlsx-edit-profile-0830
    _RINvNvNtCsjrHSEGnQ3l9_3std9panicking12catch_unwind7do_callRDINtNtNtCsgEmfK2I1SDS_4core3ops8function2FnuEp6OutputlNtNtB13_6marker4SyncNtNtNtB13_5panic11unwind_safe13RefUnwindSafeEL_lEB6_
      at /rustc/59807616e1fa2540724bfbac14d7976d7e4a3860/library/std/src/panicking.rs:581
    _RINvNtCsjrHSEGnQ3l9_3std9panicking12catch_unwindlRDINtNtNtCsgEmfK2I1SDS_4core3ops8function2FnuEp6OutputlNtNtBU_6marker4SyncNtNtNtBU_5panic11unwind_safe13RefUnwindSafeEL_EB4_
      at /rustc/59807616e1fa2540724bfbac14d7976d7e4a3860/library/std/src/panicking.rs:544
    _RINvNtCsjrHSEGnQ3l9_3std5panic12catch_unwindRDINtNtNtCsgEmfK2I1SDS_4core3ops8function2FnuEp6OutputlNtNtBP_6marker4SyncNtNtNtBP_5panic11unwind_safe13RefUnwindSafeEL_lEB4_
      at /rustc/59807616e1fa2540724bfbac14d7976d7e4a3860/library/std/src/panic.rs:359
    _RNCNvNtCsjrHSEGnQ3l9_3std2rt19lang_start_internal0B5_
      at /rustc/59807616e1fa2540724bfbac14d7976d7e4a3860/library/std/src/rt.rs:175
    _RINvNvNtCsjrHSEGnQ3l9_3std9panicking12catch_unwind7do_callNCNvNtB6_2rt19lang_start_internal0iEB6_
      at /rustc/59807616e1fa2540724bfbac14d7976d7e4a3860/library/std/src/panicking.rs:581
    _RINvNtCsjrHSEGnQ3l9_3std9panicking12catch_unwindiNCNvNtB4_2rt19lang_start_internal0EB4_
      at /rustc/59807616e1fa2540724bfbac14d7976d7e4a3860/library/std/src/panicking.rs:544
    _RINvNtCsjrHSEGnQ3l9_3std5panic12catch_unwindNCNvNtB4_2rt19lang_start_internal0iEB4_
      at /rustc/59807616e1fa2540724bfbac14d7976d7e4a3860/library/std/src/panic.rs:359
    _RNvNtCsjrHSEGnQ3l9_3std2rt19lang_start_internal
      at /rustc/59807616e1fa2540724bfbac14d7976d7e4a3860/library/std/src/rt.rs:171
    main
      in /home/zhuhe/code/litchi-target-0830/fp/release/xlsx-edit-profile-0830
5 temporary allocations of 5 allocations in total (100.00%) from:
    litchi_xlsx::raw::worksheet::edit::codec::snapshot::write::sheet_data::write_content::h1d5490c465cb0fdd
      at src/raw/worksheet/edit/codec/snapshot/write/sheet_data.rs:884
      in /home/zhuhe/code/litchi-target-0830/fp/release/xlsx-edit-profile-0830
    litchi_xlsx::raw::worksheet::edit::codec::snapshot::write::sheet_data::write_payload::h75fc2f86b658e783
      at /home/zhuhe/code/litchi/crates/litchi-xlsx/src/raw/worksheet/edit/codec/snapshot/write/sheet_data.rs:825
    litchi_xlsx::raw::worksheet::edit::codec::snapshot::write::sheet_data::write_cell::h8da590ab5d32ea09
      at src/raw/worksheet/edit/codec/snapshot/write/sheet_data.rs:746
      in /home/zhuhe/code/litchi-target-0830/fp/release/xlsx-edit-profile-0830
    litchi_xlsx::raw::worksheet::edit::codec::snapshot::write::sheet_data::write_replacement_row::hb457cdd8fe1aa5d0
      at src/raw/worksheet/edit/codec/snapshot/write/sheet_data.rs:396
      in /home/zhuhe/code/litchi-target-0830/fp/release/xlsx-edit-profile-0830
    litchi_xlsx::raw::worksheet::edit::codec::snapshot::write::sheet_data::write_sheet_data_with_provenance::h0b3cc4cdccf7e942
      at /home/zhuhe/code/litchi/crates/litchi-xlsx/src/raw/worksheet/edit/codec/snapshot/write/sheet_data.rs:165
    litchi_xlsx::raw::worksheet::edit::package::rewrite_value_only_with_provenance::h9e597584abba4872
      at src/raw/worksheet/edit/package.rs:266
      in /home/zhuhe/code/litchi-target-0830/fp/release/xlsx-edit-profile-0830
    litchi_xlsx::workbook::edit::semantic::transaction::Edit::commit::he7829c28ddb90d02
      at src/workbook/edit/semantic/transaction.rs:2180
      in /home/zhuhe/code/litchi-target-0830/fp/release/xlsx-edit-profile-0830
    xlsx_edit_profile_0830::edit_helper_0830::h60d088236ffa3bef
      at src/main.rs:300
      in /home/zhuhe/code/litchi-target-0830/fp/release/xlsx-edit-profile-0830
    xlsx_edit_profile_0830::edit_region_0830::hd9047958b6bb4145
      at /home/zhuhe/code/litchi/docs/performance/results/change-0830/probe-src/src/main.rs:313
    xlsx_edit_profile_0830::execute_one::hd13185211950c238
      at src/main.rs:331
      in /home/zhuhe/code/litchi-target-0830/fp/release/xlsx-edit-profile-0830
    xlsx_edit_profile_0830::run::h4a0a709ddf300f9f
      at src/main.rs:227
      in /home/zhuhe/code/litchi-target-0830/fp/release/xlsx-edit-profile-0830
    xlsx_edit_profile_0830::main::h87ef95137f6e4ff2
      at /home/zhuhe/code/litchi/docs/performance/results/change-0830/probe-src/src/main.rs:178
    core::ops::function::FnOnce::call_once::hb4e58432592306ca
      at /rustc/59807616e1fa2540724bfbac14d7976d7e4a3860/library/core/src/ops/function.rs:250
      in /home/zhuhe/code/litchi-target-0830/fp/release/xlsx-edit-profile-0830
    std::sys::backtrace::__rust_begin_short_backtrace::h12b7350305ee1e0e
      at /rustc/59807616e1fa2540724bfbac14d7976d7e4a3860/library/std/src/sys/backtrace.rs:166
    std::rt::lang_start::_$u7b$$u7b$closure$u7d$$u7d$::h8a940b522bba9542
      at /rustc/59807616e1fa2540724bfbac14d7976d7e4a3860/library/std/src/rt.rs:206
      in /home/zhuhe/code/litchi-target-0830/fp/release/xlsx-edit-profile-0830
    _RNvXs0_NtNtNtCsgEmfK2I1SDS_4core3ops8function5implsRDINtB7_2FnuEp6OutputlNtNtBb_6marker4SyncNtNtNtBb_5panic11unwind_safe13RefUnwindSafeEL_INtB7_6FnOnceuE9call_onceCsjrHSEGnQ3l9_3std
      at library/core/src/ops/function.rs:287
      in /home/zhuhe/code/litchi-target-0830/fp/release/xlsx-edit-profile-0830
    _RINvNvNtCsjrHSEGnQ3l9_3std9panicking12catch_unwind7do_callRDINtNtNtCsgEmfK2I1SDS_4core3ops8function2FnuEp6OutputlNtNtB13_6marker4SyncNtNtNtB13_5panic11unwind_safe13RefUnwindSafeEL_lEB6_
      at /rustc/59807616e1fa2540724bfbac14d7976d7e4a3860/library/std/src/panicking.rs:581
    _RINvNtCsjrHSEGnQ3l9_3std9panicking12catch_unwindlRDINtNtNtCsgEmfK2I1SDS_4core3ops8function2FnuEp6OutputlNtNtBU_6marker4SyncNtNtNtBU_5panic11unwind_safe13RefUnwindSafeEL_EB4_
      at /rustc/59807616e1fa2540724bfbac14d7976d7e4a3860/library/std/src/panicking.rs:544
    _RINvNtCsjrHSEGnQ3l9_3std5panic12catch_unwindRDINtNtNtCsgEmfK2I1SDS_4core3ops8function2FnuEp6OutputlNtNtBP_6marker4SyncNtNtNtBP_5panic11unwind_safe13RefUnwindSafeEL_lEB4_
      at /rustc/59807616e1fa2540724bfbac14d7976d7e4a3860/library/std/src/panic.rs:359
    _RNCNvNtCsjrHSEGnQ3l9_3std2rt19lang_start_internal0B5_
      at /rustc/59807616e1fa2540724bfbac14d7976d7e4a3860/library/std/src/rt.rs:175
    _RINvNvNtCsjrHSEGnQ3l9_3std9panicking12catch_unwind7do_callNCNvNtB6_2rt19lang_start_internal0iEB6_
      at /rustc/59807616e1fa2540724bfbac14d7976d7e4a3860/library/std/src/panicking.rs:581
    _RINvNtCsjrHSEGnQ3l9_3std9panicking12catch_unwindiNCNvNtB4_2rt19lang_start_internal0EB4_
      at /rustc/59807616e1fa2540724bfbac14d7976d7e4a3860/library/std/src/panicking.rs:544
    _RINvNtCsjrHSEGnQ3l9_3std5panic12catch_unwindNCNvNtB4_2rt19lang_start_internal0iEB4_
      at /rustc/59807616e1fa2540724bfbac14d7976d7e4a3860/library/std/src/panic.rs:359
    _RNvNtCsjrHSEGnQ3l9_3std2rt19lang_start_internal
      at /rustc/59807616e1fa2540724bfbac14d7976d7e4a3860/library/std/src/rt.rs:171
    main
      in /home/zhuhe/code/litchi-target-0830/fp/release/xlsx-edit-profile-0830
  and 0B from 38 other places


total runtime: 0.23s.
calls to allocation functions: 27539 (117187/s)
temporary memory allocations: 5070 (21574/s)
peak heap memory consumption: 1.21M
peak RSS (including heaptrack overhead): 11.85M
total memory leaked: 544B
