fixture	key	class	before	after
libreoffice-core/chart2/qa/extras/data/xlsx/boxWhisker.xlsx	xlsx.sheet.0.view.0.retained_xml	c-markup-canonical-same	len=1148;sha=afbfded947864ce1062a67d89bef963a6b650dd4984794135410ca03c9b7f032	len=630;sha=b432dc6440fb5cb9879595e79600b9f895e3b05107eb090b8f483d06372179d8
libreoffice-core/chart2/qa/extras/data/xlsx/tdf143127.xlsx	xlsx.sheet.0.view.0.retained_xml	c-markup-canonical-same	len=1166;sha=739c96278f6be298ac58782f329510c838677721b3842596834c2cc919b29218	len=648;sha=70cb2de22dd288072a93e1bef80ca37f05c8a53ae629d174bbf5dbcba90be11b
libreoffice-core/oox/qa/unit/data/chart-data-label-char-color.docx	docx.par.0.inline.1.xml	c-markup-canonical-same	len=1094;sha=8f2dabd319cee3ed52becb0b4d1424a4057d55998d2ad0c3b86932df9f902500	len=61;sha=8cc03916b6d9de119ef6faba85fd87db3d3237faf25614205c1aa8ce62116b79
libreoffice-core/oox/qa/unit/data/chart-data-label-char-color.docx	docx.par.0.inline.2.xml	c-markup-canonical-same	len=1073;sha=bb37e41e959752eab9d07a8cd74d1b855d99b5c765060ee94c68a61a2c225898	len=40;sha=3c9ca5657f8cf78835b65a55b64fe233571d32430ebdb63afdb89063ca30da86
libreoffice-core/oox/qa/unit/data/chart-data-label-char-color.docx	docx.par.0.run.0.content.0.xml	c-markup-canonical-same	len=9984;sha=1fa2f31821c1a6f141dab837092c2f63558c41c917d21e35c5c47bb2960de793	len=637;sha=6f31217030d02620910a95cf11d5afc4dae86774d6a305d1c8d102186b62992e
libreoffice-core/oox/qa/unit/data/chart-data-label-char-color.docx	docx.block.1.xml	c-markup-canonical-same	len=5477;sha=f4913e97a6daa40857f46376319c812190eeefbbb25226cef8f15b1373a8957c	len=312;sha=51309cf23e42c1afd5c85fe7a0a37d0cb6e33effa2816fa3288621e533dd8a79
libreoffice-core/oox/qa/unit/data/import-mce.pptx	pptx.sld.0.shp.0.xml	c-markup-canonical-same	len=7509;sha=36ccb8e1eb704b325fef84afbb9d09c68c1390ca2093648fa866fb160c3b1aff	len=812;sha=b80a2d4689a8eb1eef74fa05f783d421a5d0fcb6089c0b2d66845d4e7b22e99b
libreoffice-core/sc/qa/unit/data/functions/dynamic_array/xlsx/DynamicArrayFixture.xlsx	xlsx.sheet.0.view.0.retained_xml	c-markup-canonical-same	len=1148;sha=3ab3e6e31adf689b3317ebcc5361875ebccf21341d8368e64ab9afcbf98cdc3b	len=630;sha=085798635e1bb2f1064dae7614febcada1d4c9dd9589e41eeac8e1731ac96a71
libreoffice-core/sc/qa/unit/data/functions/dynamic_array/xlsx/DynamicArrayFixture.xlsx	xlsx.sheet.1.view.0.retained_xml	c-markup-canonical-same	len=1146;sha=3cde2de98b538afbf323e0ef35bcec21cf6fd3a32bda7cea707efef739ad1f8e	len=628;sha=7a3c110beeeb740e97c70e908690bd3d4727214695559b473442c35f33bd6935
libreoffice-core/sc/qa/unit/data/functions/dynamic_array/xlsx/DynamicArrayFixture.xlsx	xlsx.sheet.2.view.0.retained_xml	c-markup-canonical-same	len=1131;sha=4a50836830063b64f7baaeaed09f28680adfd81b62a3cc2ddd8883d88799cb4f	len=613;sha=893a98d56f74c5c66fbc67440e30031499ae2b90a245c80e2575edd6d64cd4af
libreoffice-core/sc/qa/unit/data/xlsx/LambdaAndRelatedFunctions.xlsx	xlsx.sheet.0.view.0.retained_xml	c-markup-canonical-same	len=1130;sha=5dc4fab1e1ca22388ebd20e2d06fc4a4c70b7500f26a50449b3aef2d84ffe9ab	len=612;sha=8ff023b2e0f7ff9988564198536ec78965cfc8a5f87e74df8db9a51a07bf9b8f
libreoffice-core/sc/qa/unit/data/xlsx/LambdaAndRelatedFunctions.xlsx	xlsx.sheet.1.view.0.retained_xml	c-markup-canonical-same	len=1128;sha=2e030957fd61ec3c03f8b747de27c5f191f98db2cdb56587e1e3f7101007d75c	len=610;sha=e523564e7418e2fb0f6fe50a26bbf808795d697ad819a047e2e557d26e993abd
libreoffice-core/sc/qa/unit/data/xlsx/LambdaAndRelatedFunctions.xlsx	xlsx.sheet.2.view.0.retained_xml	c-markup-canonical-same	len=1132;sha=2b0026063449fe644f7b1b562541a82e48c0e7783344184bf3a5f95285a82df2	len=614;sha=7da77b0ef9c3f94b14d5b79efd1d3f0edb3660f4f64fc1fb4524cdf597bdc14a
libreoffice-core/sc/qa/unit/data/xlsx/LambdaAndRelatedFunctions.xlsx	xlsx.sheet.3.view.0.retained_xml	c-markup-canonical-same	len=1132;sha=f1b159335efe8b4552c73166677f40c3a4bfdbb7106591edf5790d2d8e1dd59c	len=614;sha=a6015a9fef0f38ae311b615a77dbae7ceb610a6be5c8ed4ef88fd17bf5b1c2be
libreoffice-core/sc/qa/unit/data/xlsx/LambdaAndRelatedFunctions.xlsx	xlsx.sheet.4.view.0.retained_xml	c-markup-canonical-same	len=1132;sha=f1b159335efe8b4552c73166677f40c3a4bfdbb7106591edf5790d2d8e1dd59c	len=614;sha=a6015a9fef0f38ae311b615a77dbae7ceb610a6be5c8ed4ef88fd17bf5b1c2be
libreoffice-core/sc/qa/unit/data/xlsx/LambdaAndRelatedFunctions.xlsx	xlsx.sheet.5.view.0.retained_xml	c-markup-canonical-same	len=1132;sha=7a4ce88c5e7526c36bff02d6ccaab758887510622f4cc65e90cfb5729156cc35	len=614;sha=203f31aa46da49d8b850ecd71f5142236e56cda3996b98aa19f583bdcb682d6b
libreoffice-core/sc/qa/unit/data/xlsx/LambdaAndRelatedFunctions.xlsx	xlsx.sheet.6.view.0.retained_xml	c-markup-canonical-same	len=1132;sha=a5e82107bc6a872924686df4e482d10219e0b16ca76ef61e7f0d019d2b777514	len=614;sha=1e4abe37da38c3ec19e82bdf42431ca22427c37ddd6c2435462aa1b0e7e83636
libreoffice-core/sc/qa/unit/data/xlsx/LambdaAndRelatedFunctions.xlsx	xlsx.sheet.7.view.0.retained_xml	c-markup-canonical-same	len=1128;sha=9b3b5d7e2e3dbcdbf5caa1999014a09f27a12bd5b4ba43712339161cc5f5af32	len=610;sha=e3ec00695dad6c16ec18f17f8ccb58233d509a9b508f36e4b47945c3d69e80e9
libreoffice-core/sc/qa/unit/data/xlsx/LambdaAndRelatedFunctions.xlsx	xlsx.sheet.8.view.0.retained_xml	c-markup-canonical-same	len=1144;sha=150077388b4ee9ec5047b9a69d7a26995550671ccd0b3bd66d5d7f145fdd3eac	len=626;sha=a62e0ebb3c80a445d07bd11e3980c4de980f3028a0a4e92a77b88ab2b651e3d1
libreoffice-core/sc/qa/unit/data/xlsx/NamedSheetViews.xlsx	xlsx.sheet.0.view.0.retained_xml	c-markup-canonical-same	len=1454;sha=8d884f97092382b5c00cd4bb14a6964cb72445d1443605f1c494fa31457a3080	len=782;sha=9c99e4eca86f5ee63a03d561ec2b9dbb07bd8c75a239b530fa0d76b76942d0d6
libreoffice-core/sc/qa/unit/data/xlsx/Spill.xlsx	xlsx.sheet.0.view.0.retained_xml	c-markup-canonical-same	len=1187;sha=edbb4f05e09eb35382f22aa10a5aa22aca192298b8588387231536d1337ba6b8	len=669;sha=1da1a51fadcc97f2fddfa751c0335be15f4ccb31a6531e4e05bf2742eb145ae1
libreoffice-core/sc/qa/unit/data/xlsx/activex_checkbox.xlsx	xlsx.sheet.0.view.0.retained_xml	c-markup-canonical-same	len=994;sha=7f6787dcc05dec812445dfa9554edcab46d95e88bcfbdfeeadb728c017988049	len=551;sha=8d203715c8280dbba503120b7beee867e757be2d4b872d25c2149ab890e0ce14
libreoffice-core/sc/qa/unit/data/xlsx/autofilterShowButton.xlsx	xlsx.sheet.0.view.0.retained_xml	c-markup-canonical-same	len=686;sha=7b8d7e1a3dd5effa16c6d80a3f6d763d684d0dab15ee1ad315af00cae7dbf6e8	len=397;sha=f9da5c863e4237f0297b31bd9f2b404a202e7d60d160594c2a4e6868dac71643
libreoffice-core/sc/qa/unit/data/xlsx/dataValidity.xlsx	xlsx.sheet.0.view.0.retained_xml	c-markup-canonical-same	len=686;sha=4a49fa69fd25cb7dc2d8abd3d598f3e7e110413f813493291ed4e6b4fbcf9113	len=397;sha=1bfdbfde414cc25c37fb397ff29710db9fe7e513ba7a19df91270b45d313f1b4
libreoffice-core/sc/qa/unit/data/xlsx/dataValidity.xlsx	xlsx.sheet.1.view.0.retained_xml	c-markup-canonical-same	len=672;sha=f9310693fc8004f296beda23800b88d44d7168607e5d5890fc9a4a7de7ac5f32	len=383;sha=5c5e389221c1fc1653bec2a89806547def98522f0b3edb3860002819845ac12a
libreoffice-core/sc/qa/unit/data/xlsx/dataValidity.xlsx	xlsx.sheet.2.view.0.retained_xml	c-markup-canonical-same	len=670;sha=2a6e5e69eb62cfaf70b62a0717d36b93cb904aff61742c1bfc959743e6780d85	len=381;sha=dafe5253cba5e387072f309f990280e2ee6768fe8fb67c9bde1735c8aa9dcf28
libreoffice-core/sc/qa/unit/data/xlsx/dateAutofilter.xlsx	xlsx.sheet.0.view.0.retained_xml	c-markup-canonical-same	len=686;sha=be88f53efa1896b516a8bf35d7dbf88900b3ff31f78b6f873a0e9e57b3422435	len=397;sha=ba9db162f04fae8b28662b589ad8ceaed6b22e59d583a198b9679c0094cdab3f
libreoffice-core/sc/qa/unit/data/xlsx/enhanced-protection.xlsx	xlsx.sheet.0.view.0.retained_xml	c-markup-canonical-same	len=686;sha=856d42628100d7eb116538628174cc4e677012ec1a6ffd965369a14feef60bdb	len=397;sha=78d608ab42a8a3cc5c44c00e2aa72af3fe5b58676c4382f673d6bd94ef4ebf7e
libreoffice-core/sc/qa/unit/data/xlsx/enhancedProtectionRangeShorthand.xlsx	xlsx.sheet.0.view.0.retained_xml	c-markup-canonical-same	len=1301;sha=12b49c752e722bb4a80a3c0d38b6f642d5f167f8e8c0a45d3c896ac301afb938	len=855;sha=9700e139f5f61781b31360bdf313fdcf736bb6031ef00eb4572b82e6aaaf5c96
libreoffice-core/sc/qa/unit/data/xlsx/external-refs.xlsx	xlsx.sheet.0.view.0.retained_xml	c-markup-canonical-same	len=97;sha=eadc50613bf823c9f0b2d12c5bf7f19b23045a99097598c7f16df75940ba91d9	len=241;sha=c919da748b4d82545b0a783b191476e94f211fbac94e52df5b3354b6e0858f6d
libreoffice-core/sc/qa/unit/data/xlsx/external-refs.xlsx	xlsx.sheet.1.view.0.retained_xml	c-markup-canonical-same	len=31;sha=2ce5bb0b634fdca13b0db3fcb3ee00e2120a9b34ef23481a97ee953f9ae8b218	len=175;sha=5263b35822d5c4904cd865686d28851f085be9398a206dcdb76d6ae38d25e255
libreoffice-core/sc/qa/unit/data/xlsx/external-refs.xlsx	xlsx.sheet.2.view.0.retained_xml	c-markup-canonical-same	len=31;sha=2ce5bb0b634fdca13b0db3fcb3ee00e2120a9b34ef23481a97ee953f9ae8b218	len=175;sha=5263b35822d5c4904cd865686d28851f085be9398a206dcdb76d6ae38d25e255
libreoffice-core/sc/qa/unit/data/xlsx/freezePaneStartCell.xlsx	xlsx.sheet.0.view.0.retained_xml	c-markup-canonical-same	len=3476;sha=b670cf7ba5351b1c3744160ad8de4cbaf94e9d8cbee3c0e976be9d9bec1f11c3	len=1246;sha=7673d6452f50dfa46b24ea6f351764d4700974ee30c9744586e1b0551cc05300
libreoffice-core/sc/qa/unit/data/xlsx/invalid_ext_data_validation.xlsx	xlsx.sheet.0.view.0.retained_xml	c-markup-canonical-same	len=688;sha=9084e7af5c8a8330e13ce0734a54f70d989edc15c7e5c8688a5323a3b916a0ec	len=399;sha=923f95943fc1aefea4cfb95107c6851e4f7f63a29b6ee49cdf0c9c7ede42304f
libreoffice-core/sc/qa/unit/data/xlsx/invalid_ext_data_validation.xlsx	xlsx.sheet.1.view.0.retained_xml	c-markup-canonical-same	len=665;sha=bba8c643cab8604e5be4eeda8d73972779d5fed795004ab41dcac9608913ffdf	len=376;sha=cf96667523437f0657c73f77611d2cd3d80f2e279ef063a156413cab598f5814
libreoffice-core/sc/qa/unit/data/xlsx/page_scale.xlsx	xlsx.sheet.0.view.0.retained_xml	c-markup-canonical-same	len=398;sha=7951467064b220b260821d1c00c8cbc2838dd12f1429d28041e6d9de4c2a27dc	len=542;sha=917dabb15a40d0bea8c2be99b308e399984fc520b493499f4134d613ddf30006
libreoffice-core/sc/qa/unit/data/xlsx/queryTableExport.xlsx	xlsx.sheet.0.view.0.retained_xml	c-markup-canonical-same	len=31;sha=2ce5bb0b634fdca13b0db3fcb3ee00e2120a9b34ef23481a97ee953f9ae8b218	len=175;sha=5263b35822d5c4904cd865686d28851f085be9398a206dcdb76d6ae38d25e255
libreoffice-core/sc/qa/unit/data/xlsx/shared-formula/3d-reference.xlsx	xlsx.sheet.0.view.0.retained_xml	c-markup-canonical-same	len=97;sha=240b5cfc9d4a0c1a32333ae493f5b960faed90dd6a44a4214f4373110b89083f	len=241;sha=8e9044a1d6a935c141ec5be947de07e140b038aa6aae4cc4b0bdaa696027dcf6
libreoffice-core/sc/qa/unit/data/xlsx/shared-formula/3d-reference.xlsx	xlsx.sheet.1.view.0.retained_xml	c-markup-canonical-same	len=31;sha=2ce5bb0b634fdca13b0db3fcb3ee00e2120a9b34ef23481a97ee953f9ae8b218	len=175;sha=5263b35822d5c4904cd865686d28851f085be9398a206dcdb76d6ae38d25e255
libreoffice-core/sc/qa/unit/data/xlsx/shared-formula/basic.xlsx	xlsx.sheet.0.view.0.retained_xml	c-markup-canonical-same	len=97;sha=76f1cbdb5f10447adc0de1aed7e743570ca2587936d4a460a9f09afc6e917df5	len=241;sha=90697cfa1b73b0bb37c112f117beb06b1674fd4c84784c48767205179308a630
libreoffice-core/sc/qa/unit/data/xlsx/shared-formula/basic.xlsx	xlsx.sheet.1.view.0.retained_xml	c-markup-canonical-same	len=31;sha=2ce5bb0b634fdca13b0db3fcb3ee00e2120a9b34ef23481a97ee953f9ae8b218	len=175;sha=5263b35822d5c4904cd865686d28851f085be9398a206dcdb76d6ae38d25e255
libreoffice-core/sc/qa/unit/data/xlsx/shared-formula/basic.xlsx	xlsx.sheet.2.view.0.retained_xml	c-markup-canonical-same	len=31;sha=2ce5bb0b634fdca13b0db3fcb3ee00e2120a9b34ef23481a97ee953f9ae8b218	len=175;sha=5263b35822d5c4904cd865686d28851f085be9398a206dcdb76d6ae38d25e255
libreoffice-core/sc/qa/unit/data/xlsx/shared-formula/refupdate.xlsx	xlsx.sheet.0.view.0.retained_xml	c-markup-canonical-same	len=1144;sha=c672ff221c0a376f028ddd14049ce4e548fe7636bb9e9dc84303169813df87b1	len=626;sha=e9bf33171ad99a3ebf0024965e167c36edc3fe039571e870118f92e840f4dc36
libreoffice-core/sc/qa/unit/data/xlsx/shared-formula/text-results.xlsx	xlsx.sheet.0.view.0.retained_xml	c-markup-canonical-same	len=47;sha=48d8acf55517a8a9de2ff12500de108d54f8025f17f2642beeb71b69a9d56d07	len=191;sha=23db0588013003d9a852b0a0a05b97ef826625e7e2fc5fbd24f02b2bafcbeb1e
libreoffice-core/sc/qa/unit/data/xlsx/shared-formula/text-results.xlsx	xlsx.sheet.1.view.0.retained_xml	c-markup-canonical-same	len=81;sha=21a93e8941a9371ad49f7d548ba33e335447b270e14c669ebd4289d8df0d649e	len=225;sha=aa009a5efc855bf593938f6ed5cf060fece5ca92e59e5d858f27a284cc16ae1a
libreoffice-core/sc/qa/unit/data/xlsx/sheet-tab-color.xlsx	xlsx.sheet.0.view.0.retained_xml	c-markup-canonical-same	len=47;sha=48d8acf55517a8a9de2ff12500de108d54f8025f17f2642beeb71b69a9d56d07	len=191;sha=23db0588013003d9a852b0a0a05b97ef826625e7e2fc5fbd24f02b2bafcbeb1e
libreoffice-core/sc/qa/unit/data/xlsx/sheet-tab-color.xlsx	xlsx.sheet.1.view.0.retained_xml	c-markup-canonical-same	len=31;sha=2ce5bb0b634fdca13b0db3fcb3ee00e2120a9b34ef23481a97ee953f9ae8b218	len=175;sha=5263b35822d5c4904cd865686d28851f085be9398a206dcdb76d6ae38d25e255
libreoffice-core/sc/qa/unit/data/xlsx/sheet-tab-color.xlsx	xlsx.sheet.2.view.0.retained_xml	c-markup-canonical-same	len=31;sha=2ce5bb0b634fdca13b0db3fcb3ee00e2120a9b34ef23481a97ee953f9ae8b218	len=175;sha=5263b35822d5c4904cd865686d28851f085be9398a206dcdb76d6ae38d25e255
libreoffice-core/sc/qa/unit/data/xlsx/sheet-tab-color.xlsx	xlsx.sheet.3.view.0.retained_xml	c-markup-canonical-same	len=83;sha=52afb2a90d2231e6ac38ea9f4da7a53792cca50ecf2628f7b6741db772ac50bf	len=227;sha=6f6775315edb9879dd8ffe5cdfea505f35421cf26330bd4f3d7c7e442e181797
libreoffice-core/sc/qa/unit/data/xlsx/subtotal-above.xlsx	xlsx.sheet.0.view.0.retained_xml	c-markup-canonical-same	len=1166;sha=3fd99d54f7e177d804ed325b0a02bb8d2241451275be50f258794946a14b4551	len=648;sha=4a0ef28d8cafc4ea7e10c6a69494f0c198ecd1e973bde0e9bbc82a0fb9ef4845
libreoffice-core/sc/qa/unit/data/xlsx/tdf100034.xlsx	xlsx.sheet.0.view.0.retained_xml	c-markup-canonical-same	len=433;sha=b03e8483c3d7c896e73673fe1d22ece48febc62cf37d97f215ff491654dfa7c0	len=577;sha=bcb05030887b8d4e54219d66b9d329f4227b125880dbee397dff577e172e0e41
libreoffice-core/sc/qa/unit/data/xlsx/tdf100034.xlsx	xlsx.sheet.1.view.0.retained_xml	c-markup-canonical-same	len=435;sha=16402fe73de320681e13f9aea703d57c1b321b012bd0ba4fbb65c3f120366c8b	len=579;sha=76bfec4ef27a47288fe5c7eeef64e1adf09322697d2181340b7c0666437d4914
libreoffice-core/sc/qa/unit/data/xlsx/tdf105840_allRowsHidden.xlsx	xlsx.sheet.0.view.0.retained_xml	c-markup-canonical-same	len=115;sha=105cb3011dad2a5f73a3664bdd4deed7844cefc523c393b279f18a6a96a450fd	len=259;sha=a8142465d95dc9b8e3768f8cf78de2406a8f4b3b2aafe84fa33913afa2cd262e
libreoffice-core/sc/qa/unit/data/xlsx/tdf111980_radioButtons.xlsx	xlsx.sheet.0.view.0.retained_xml	c-markup-canonical-same	len=99;sha=f0e40ea5cdda6bd237e71f17d70143760206e4047d7edf8b9c1366f2f9e6e6ea	len=243;sha=08fce0d77c6bba515ceabb1ea5a7145096dd7719e881a9237bb61179dd045cf7
libreoffice-core/sc/qa/unit/data/xlsx/tdf120168.xlsx	xlsx.sheet.0.view.0.retained_xml	c-markup-canonical-same	len=1144;sha=09e661727cb647a1b85156e50f9e22648b5713e5e6b1987d4f2cf4fceee4ac43	len=626;sha=02b0eb8e2cab4851598b6dedc4e1c0f3646907173742bda7fe929726aca3f9ca
libreoffice-core/sc/qa/unit/data/xlsx/tdf134455.xlsx	xlsx.sheet.0.view.0.retained_xml	c-markup-canonical-same	len=396;sha=ba0569da64cf059cd16c12487201406f0c33857d702a376653973bed271f3cc8	len=540;sha=a2f4a4a850b2781c3332cc848b82dde0633eb31e02be4da139f790fa365e9f93
libreoffice-core/sc/qa/unit/data/xlsx/tdf134459_HeaderFooterColor.xlsx	xlsx.sheet.0.view.0.retained_xml	c-markup-canonical-same	len=598;sha=958b96368156045695cd19f3ff553987a059a8fe6d2d8b6da1964ff9e9ba23ff	len=598;sha=df8d447207d7429b097c859f1a6c38c3d0f43d2bc6f53d1f8cb5af566bf00b30
libreoffice-core/sc/qa/unit/data/xlsx/tdf136721_letter_sized_paper.xlsx	xlsx.sheet.0.view.0.retained_xml	c-markup-canonical-same	len=1144;sha=ed3a2d27d2fed79604da85080c8ce7969c5a9f20684a973468e684afe3f15de1	len=626;sha=defce87bbf8ff0c18363e3f9ce466a97aa02f4f975f031b7055e1fcc65cde7d6
libreoffice-core/sc/qa/unit/data/xlsx/tdf143068_top10filter.xlsx	xlsx.sheet.0.view.0.retained_xml	c-markup-canonical-same	len=576;sha=10a54e86239569709fd6d1ce9f8b24599bfdf4e8df00e370a59cb877c1d878ef	len=576;sha=0a17957e09acd0edc0b0e7bdcf67d153df29c944ac5145130bd9a5cf6aefd705
libreoffice-core/sc/qa/unit/data/xlsx/tdf66377.xlsx	xlsx.sheet.0.view.0.retained_xml	c-markup-canonical-same	len=1487;sha=84f37d444f56c5751235c50fd6c50a2619e5372d235fcb24a42a02becddab5f1	len=815;sha=767e1b83a435387be4f79d78aeaa0a6aae6a705689efc8bf51c30460fa23ce76
libreoffice-core/sc/qa/unit/data/xlsx/tdf97598_scenarios.xlsx	xlsx.sheet.0.view.0.retained_xml	c-markup-canonical-same	len=97;sha=eadc50613bf823c9f0b2d12c5bf7f19b23045a99097598c7f16df75940ba91d9	len=241;sha=c919da748b4d82545b0a783b191476e94f211fbac94e52df5b3354b6e0858f6d
libreoffice-core/sc/qa/unit/data/xlsx/tdf97598_scenarios.xlsx	xlsx.sheet.1.view.0.retained_xml	c-markup-canonical-same	len=31;sha=2ce5bb0b634fdca13b0db3fcb3ee00e2120a9b34ef23481a97ee953f9ae8b218	len=175;sha=5263b35822d5c4904cd865686d28851f085be9398a206dcdb76d6ae38d25e255
libreoffice-core/sc/qa/unit/data/xlsx/tdf97598_scenarios.xlsx	xlsx.sheet.2.view.0.retained_xml	c-markup-canonical-same	len=31;sha=2ce5bb0b634fdca13b0db3fcb3ee00e2120a9b34ef23481a97ee953f9ae8b218	len=175;sha=5263b35822d5c4904cd865686d28851f085be9398a206dcdb76d6ae38d25e255
libreoffice-core/sc/qa/unit/data/xlsx/textLengthDataValidity.xlsx	xlsx.sheet.0.view.0.retained_xml	c-markup-canonical-same	len=1131;sha=60cef42b8c87a6e2cef92e1a2fef4273c3937dd386dcdaacea906cc0d97da737	len=613;sha=ec8508124a546b397c10b1efd1267664cd4b6a116ba1fd1f9a581a213fd175a7
libreoffice-core/sc/qa/unit/data/xlsx/totalsRowShown.xlsx	xlsx.sheet.0.view.0.retained_xml	c-markup-canonical-same	len=1469;sha=39b361fa5e7b6a20628b1cefb871003ea8baa570d165f0e37a28099a6eac96be	len=797;sha=7490d08c4319a167b16601867ad5594661f693bd6bdbec8a39642d890d90a635
libreoffice-core/sc/qa/unit/data/xlsx/track-changes/simple-cell-changes.xlsx	xlsx.sheet.0.view.0.retained_xml	c-markup-canonical-same	len=702;sha=705560a781491120ce39317432d0b639864ad0fbbb11ba2ceda4f388d767536b	len=413;sha=eda3813bfb74d9b22f2287a42b04277a64009f176100dc2d92be4922bc54c984
libreoffice-core/sc/qa/unit/data/xlsx/track-changes/simple-cell-changes.xlsx	xlsx.sheet.1.view.0.retained_xml	c-markup-canonical-same	len=345;sha=d5d94b474e37c63c7b28399d596ebb9ce1f42d0a6576d494fd91c85065068359	len=345;sha=b8a4535b9e62749563b11c2f9ce85408eb498b18cbcd316f5a1dd62d4726b424
libreoffice-core/sc/qa/unit/data/xlsx/track-changes/simple-cell-changes.xlsx	xlsx.sheet.2.view.0.retained_xml	c-markup-canonical-same	len=345;sha=d5d94b474e37c63c7b28399d596ebb9ce1f42d0a6576d494fd91c85065068359	len=345;sha=b8a4535b9e62749563b11c2f9ce85408eb498b18cbcd316f5a1dd62d4726b424
libreoffice-core/sd/qa/unit/data/pptx/ole.pptx	pptx.sld.0.shp.0.xml	c-markup-canonical-same	len=4382;sha=1dc150a510a4e2c7178d02b5efd1ab870df51eee673f039ea76343886ea50f13	len=895;sha=cdb9cbdb1f8b7bb5f82deb86d2437cf5cd05c322d719c056d4301a44269ce70e
libreoffice-core/sd/qa/unit/data/pptx/ole.pptx	pptx.sld.0.shp.1.xml	c-markup-canonical-same	len=6494;sha=768b18832759919db11f1f7589dee0c8b24b0523f754281567d2d74a498ffcd9	len=797;sha=bc8b6efd5e5ea7579cfef8d2dcefb9fbce99c2e27c67d89cd2031459b3ca0dee
libreoffice-core/sd/qa/unit/data/pptx/slide-section-test.pptx	pptx.sld.0.shp.0.xml	c-markup-canonical-same	len=14401;sha=e58e0b5e0bc7417d2fd8770227f14ff93c2d1d7536ed810f669f4b7c4bce07c5	len=961;sha=617543e3f2c97c94bd54f3e3b00bf0c237823a84d47dcb4a35e985cd237c692b
libreoffice-core/sd/qa/unit/data/pptx/slide-section-test.pptx	pptx.sld.0.shp.1.xml	c-markup-canonical-same	len=12603;sha=16b182887588b6617e63e82411d13f95bcd8dc60500a42214c730b9a47d008e9	len=843;sha=79031ad86545bb52923e534d6d7333931b32ee7317cf5175bd79588e17783325
libreoffice-core/sd/qa/unit/data/pptx/slide-section-test.pptx	pptx.sld.1.shp.0.xml	c-markup-canonical-same	len=37939;sha=01780c9a41e64652d180b9683a234d7aa465a2cb55332cdc426428bbbcc7f948	len=2659;sha=20d54b1181497eabb239bc969471b63259d66866600e901185353b90e40c9ad7
libreoffice-core/sd/qa/unit/data/pptx/slide-section-test.pptx	pptx.sld.1.shp.1.xml	c-markup-canonical-same	len=18936;sha=96510b783fcb9a7987294fbfd9da964744f7bdd616232057c02b98c38cc72001	len=1296;sha=e5433898e18a75b41bd64c1e917cd2a05432805fbc6ea5afbb0b9df634cf1d3f
libreoffice-core/sd/qa/unit/data/pptx/slide-section-test.pptx	pptx.sld.1.shp.2.xml	c-markup-canonical-same	len=14042;sha=143a66cf2ef3a5c4a88b70990fd2921f0d4e4bdffcf34178d2119830f43927b0	len=1022;sha=917c5220127f3913ccb7403323ae67036f8c7e09af89f8408840374245b85d38
libreoffice-core/sd/qa/unit/data/pptx/slide-section-test.pptx	pptx.sld.1.shp.3.xml	c-markup-canonical-same	len=37932;sha=0c1eb1c88556620f099521b2890406ddb76a921cd44f91bed3c06e7dace28f37	len=2652;sha=68c6205c62b55885ad32d62ae8a00b777951c993d611925af6472f8fa544fe84
libreoffice-core/sd/qa/unit/data/pptx/slide-section-test.pptx	pptx.sld.1.shp.4.xml	c-markup-canonical-same	len=18937;sha=2e150e428a2c4609ed77c613876d21c882277b607cb1f9b899280a038102418b	len=1297;sha=0dd413b60ddc2c62926dbaed8e6e6bd962de3439e0e17b5e5c0af34a4ac673b2
libreoffice-core/sd/qa/unit/data/pptx/slide-section-test.pptx	pptx.sld.1.shp.5.xml	c-markup-canonical-same	len=14032;sha=f190d0dd83f2c3bfdfc4dee06ebe80d45577f5152a7e5faa610458829cb60780	len=1012;sha=11687e5f4a224f916c2a4bf0fa12fdabf93c348f1185b0693390ef1074dd2f77
libreoffice-core/sd/qa/unit/data/pptx/slide-section-test.pptx	pptx.sld.1.shp.6.xml	c-markup-canonical-same	len=37942;sha=ddc67ebef756767e1d5372d6d7984245a4407a08cbb953d49b1ce008442a8c5c	len=2662;sha=299742a287f8304035e1a3b7d2d343d1bbfa1244086485888daa54dec4f6685f
libreoffice-core/sd/qa/unit/data/pptx/slide-section-test.pptx	pptx.sld.1.shp.7.xml	c-markup-canonical-same	len=18937;sha=792d518dc9d35dd294af06a16dd39d909ddb16f850dc3924b2e857b7133c7077	len=1297;sha=143dc4b8b7b555db7ba71a5712eb4ecec0e75e368f11ed51adb8f825b2c66e26
libreoffice-core/sd/qa/unit/data/pptx/slide-section-test.pptx	pptx.sld.1.shp.8.xml	c-markup-canonical-same	len=14042;sha=dc162f8de535d90a77eb243907f2d571e4546e55249d1cd3a8e9737ed6a4a9f8	len=1022;sha=8848d3481c42098b78d569f8ed886400230e831e0adc52296319e9cfc5b8bb26
libreoffice-core/sd/qa/unit/data/pptx/slide-section-test.pptx	pptx.sld.1.shp.9.xml	c-markup-canonical-same	len=37932;sha=3aeee3d545582200400a47321b3cad16042e3193b768bf311f28a19ba4d49af7	len=2652;sha=bd3c1fb16b9a256f15d76e6ff8809279a110ce8f79da0ff47553e6f1a38fde04
libreoffice-core/sd/qa/unit/data/pptx/slide-section-test.pptx	pptx.sld.1.shp.10.xml	c-markup-canonical-same	len=18937;sha=d07a431b48708c742a170500aa90283a0fe1646bbf90cbf4e34f669da1f7af4c	len=1297;sha=d9fb9c740f912abac659703ed4e43ef4b474bc128515bea099accdaf26961022
libreoffice-core/sd/qa/unit/data/pptx/slide-section-test.pptx	pptx.sld.1.shp.11.xml	c-markup-canonical-same	len=14032;sha=fa893b1bd69165cccbc980f64e36da93d292bfd68d724c5800e770217a86f52f	len=1012;sha=555866837087adfea72f2417c9b6459d24357d4aba1b33fa495582a635f1c3f8
libreoffice-core/sd/qa/unit/data/pptx/slide-section-test.pptx	pptx.sld.1.shp.12.xml	c-markup-canonical-same	len=37942;sha=b9e962ba4707e15e0b2f952b42f9b3c133306ad61e7fdabfdf43126711692de9	len=2662;sha=39f4575e6722fe9d7a71294f0de9a7714e0603b73ddc61f98169b77c0b669ccf
libreoffice-core/sd/qa/unit/data/pptx/slide-section-test.pptx	pptx.sld.1.shp.13.xml	c-markup-canonical-same	len=18937;sha=c4b087273b40e436eee07cf5a758b08d94f498cc9f634761e100fed79004b9c0	len=1297;sha=5e8ead73128859ef57c1d70f84061f99d46a730d4285c39a071be44410b77dc3
libreoffice-core/sd/qa/unit/data/pptx/slide-section-test.pptx	pptx.sld.1.shp.14.xml	c-markup-canonical-same	len=14042;sha=3b094e28ce2e3f00930a28318cbd2b3e02f484b94b76e40693b9709e681214e6	len=1022;sha=42799d3d23a3dae93d5e85cce6ca8a4dfd7e97fae81108ba7c39464e2db37a76
libreoffice-core/sd/qa/unit/data/pptx/slide-section-test.pptx	pptx.sld.1.shp.15.xml	c-markup-canonical-same	len=12603;sha=a1fc9221eeadcdad258d92c1ae851e2b9d5f9994beae2d951983dc3b6cfd404d	len=843;sha=08a6fe317444348f9074059b726a5dd2aefd3fa579f8b1d10905983ad32152f5
libreoffice-core/sd/qa/unit/data/pptx/slide-section-test.pptx	pptx.sld.1.shp.16.xml	c-markup-canonical-same	len=12604;sha=bac0e13429f163ca0110d09806030748f52a5548d33a6850531b5462ec78af79	len=844;sha=75cb92a8b18c7aa1f45483ead76700db54db2e829d2cfbaf652cf0c1ccd1a12b
libreoffice-core/sd/qa/unit/data/pptx/slide-section-test.pptx	pptx.sld.1.shp.17.xml	c-markup-canonical-same	len=12604;sha=a55104e9d4b959866472fb99eab3f0fb3e28d667cb659556ecac151cf0fd0e45	len=844;sha=197105c90286ffa0528bff23e9c866c7db849038d92bc0b7abba8160d1886036
libreoffice-core/sd/qa/unit/data/pptx/slide-section-test.pptx	pptx.sld.1.shp.18.xml	c-markup-canonical-same	len=12604;sha=1549afa621af3293226626c3700c6afc07d36e179a6f86526fac232cc89564a8	len=844;sha=2e9e45086df1b7eb5f2e735424bbe7bb621e0a427bf45035227cbc2b82b82bdf
libreoffice-core/sd/qa/unit/data/pptx/slide-section-test.pptx	pptx.sld.1.shp.19.xml	c-markup-canonical-same	len=12604;sha=69e298f18c5bf620cb749abda19345ecf3d6e2c4aaaf483e37033553109a7729	len=844;sha=4ba8ad9e95455eb715e9d083a706bd411a34ce134ae72c6aa24a1c83d3018145
libreoffice-core/sd/qa/unit/data/pptx/slide-section-test.pptx	pptx.sld.1.shp.20.xml	c-markup-canonical-same	len=14419;sha=7968a9c55440d83c233c5d5d6421d37355bf9cffa6a3a7bf78ee7f35c7f4a7c9	len=979;sha=8f434156c4f132b8d2251cea6b3074c91351874ae8dc66c7f6a4172598acb811
libreoffice-core/sd/qa/unit/data/pptx/slide-section-test.pptx	pptx.sld.2.shp.0.xml	c-markup-canonical-same	len=18939;sha=1804ba3f489244d3bc0815bd3b97d4eb89b2fc7300e76497069dda2c662870b8	len=1299;sha=c1e2ad767221a2f8f0d7f2f571cabb178eb9148598ab5cd19cf1c5d879d12c50
libreoffice-core/sd/qa/unit/data/pptx/slide-section-test.pptx	pptx.sld.2.shp.1.xml	c-markup-canonical-same	len=14445;sha=64507c0396728223ca0d5e1f1bbdc9f886c6983a127dfe450baff0a4b607ac9b	len=1005;sha=d32eb7a8be9d62c67f09075c9215381cb85ca53f8cb009c91a50b827ecff6544
libreoffice-core/sd/qa/unit/data/pptx/slide-section-test.pptx	pptx.sld.3.shp.0.xml	c-markup-canonical-same	len=33857;sha=57ad6631292c7dee5cf5b3843695591ffd3ebeec8b149770b502c1aa4ef37aa4	len=2357;sha=282c1dec5d24a3695d2c261ecdf53335e39fca4507dc8a84d1b21976d14ff46a
libreoffice-core/sd/qa/unit/data/pptx/slide-section-test.pptx	pptx.sld.3.shp.1.xml	c-markup-canonical-same	len=46526;sha=0b769dd2fad3b77f396ca99dc7e757ec5ce3541df25c2f5c50ce41fc57c0ae1e	len=3266;sha=e9377db3f520656b11225ea20001b4db90d9cd6f5513f827b1659f30d68ea62a
libreoffice-core/sd/qa/unit/data/pptx/slide-section-test.pptx	pptx.sld.3.shp.2.xml	c-markup-canonical-same	len=13568;sha=1ab24df84888778ce4209201326eadd9f0e006ce43448720d9d88d765748c62b	len=968;sha=3a75f60c2051ef63ec10e39a2408110155f00f89c011f6cf11a1ce4fd6e4e111
libreoffice-core/sd/qa/unit/data/pptx/slide-section-test.pptx	pptx.sld.3.shp.3.xml	c-markup-canonical-same	len=13532;sha=9b19579e14c9a7da2689d8eaa9329597b9304bc85d07d5a46ca9f37c1f7d5d7c	len=932;sha=3a1c5d08ed39afe34a72f71fd2d2c62bbade0720c879dce5a23f79a3292eeea0
libreoffice-core/sd/qa/unit/data/pptx/slide-section-test.pptx	pptx.sld.3.shp.4.xml	c-markup-canonical-same	len=14465;sha=f2679c3842909e5ed5f1e17b8599326b40be493e78979d8d8f519479a3b29f21	len=1025;sha=8ea1d234a96ab15c807a9d3cf793da1b23c696319fa8cb8325716447537a9d75
libreoffice-core/sd/qa/unit/data/pptx/slide-section-test.pptx	pptx.sld.3.shp.5.xml	c-markup-canonical-same	len=35670;sha=dcbef36f34029dee72eac6a1122d218b0c2e32ac7fba8b05b0936b9230a3e0f5	len=2490;sha=68eaac89dc19a288bdfc49332f482cc980dda6c1406b3ec6e976d4d2e13bb227
libreoffice-core/sd/qa/unit/data/pptx/slide-section-test.pptx	pptx.sld.3.shp.6.xml	c-markup-canonical-same	len=46516;sha=cce74bf60f1ddf506f931252651df03f813668e6a83d71c7c48af70be410ad0c	len=3256;sha=9cb0caffd11de381528b105a114addd523bca80c8fb08b10716bb8274304be22
libreoffice-core/sd/qa/unit/data/pptx/slide-section-test.pptx	pptx.sld.3.shp.7.xml	c-markup-canonical-same	len=13558;sha=21a09585779eb422f6b495796a0c63dcf237ba25ac5b7559632d1cf78e1ec867	len=958;sha=a8c07733aa9cf9b5c152bdf9126752ba695fa73c4a7a350b6d5edcbccbb7c99a
libreoffice-core/sd/qa/unit/data/pptx/slide-section-test.pptx	pptx.sld.3.shp.8.xml	c-markup-canonical-same	len=13532;sha=7fe560f1e651197d494d74c55fb96c4f4535e72cdfb470a8dc70bc57f7a9d65c	len=932;sha=8f19dada2355a636b4925723e7c9cec237052f1e713b8a903e00f7ae368a2fad
libreoffice-core/sd/qa/unit/data/pptx/slide-section-test.pptx	pptx.sld.3.shp.9.xml	c-markup-canonical-same	len=14465;sha=5d676f101c385264a9094b9af43d9c5011a2c52b2a8e9f03018c7e5803dfb8c1	len=1025;sha=2ec96a003ff28760f0d5827454ca9e4b38f31e0e2cc8c242fbaaa0d061a58268
libreoffice-core/sd/qa/unit/data/pptx/slide-section-test.pptx	pptx.sld.3.shp.10.xml	c-markup-canonical-same	len=35663;sha=3a7441bb58f83248595faadb927c3fbd60c7f8456cce2b74c8d33a3f334cd73e	len=2483;sha=2a997e6575d2a1932a81e86a60fc2b78fec08c8aac33767f9d6f5a96dfdd46e8
libreoffice-core/sd/qa/unit/data/pptx/slide-section-test.pptx	pptx.sld.3.shp.11.xml	c-markup-canonical-same	len=46526;sha=2084f31ef465f48bfa7d1a7c6a6ca41bf42b7ca7c7d73d94e2090e3148dcd833	len=3266;sha=2b7b16f684b850ad9304099db90322a7bf515df535d4f1416cce2df8761e7a1f
libreoffice-core/sd/qa/unit/data/pptx/slide-section-test.pptx	pptx.sld.3.shp.12.xml	c-markup-canonical-same	len=13568;sha=3964d316523589336bcb5baf29bb30c759e15bdd22fd13a561d341a291e7e288	len=968;sha=e80403f9d219f54bbd3d8edbca9380a14a5bdc1d4cb03473de92be6b2cebdaa0
libreoffice-core/sd/qa/unit/data/pptx/slide-section-test.pptx	pptx.sld.3.shp.13.xml	c-markup-canonical-same	len=13532;sha=2332ad401098fe6ce4e8f5ab925bceb459a963cabdf3fc7b77a530aee2c5531c	len=932;sha=49d4ac81f6a8ad316434b722999210a2121b605193a95c4aab41e8aec54f4740
libreoffice-core/sd/qa/unit/data/pptx/slide-section-test.pptx	pptx.sld.3.shp.14.xml	c-markup-canonical-same	len=14465;sha=db62192823248107e7f61ff2e79bf082ace3143d79baa81a2ab4f1ed44bbff0a	len=1025;sha=ce20569009ed116865d11e64db729888acad370c022184cd85e76c5fa2125eca
libreoffice-core/sd/qa/unit/data/pptx/slide-section-test.pptx	pptx.sld.3.shp.15.xml	c-markup-canonical-same	len=35670;sha=625c2da26c9ea6dacfd7ae7f922fec99712c6e6cd5ae847b0c5ba59d7ad71786	len=2490;sha=81cd4b2ff59e936d596bb1203e7c2236a7867a89fc4eaf84c7dfaafcd0881e29
libreoffice-core/sd/qa/unit/data/pptx/slide-section-test.pptx	pptx.sld.3.shp.16.xml	c-markup-canonical-same	len=46512;sha=481e691e74c939886a2ff2f0ad5459082691119e50da4fd8cf9755c8fa7f1954	len=3252;sha=cb867eb5f8fbbfc44ee5f5a77ef14f789f016799a3fbd792e01661b6fe067e6c
libreoffice-core/sd/qa/unit/data/pptx/slide-section-test.pptx	pptx.sld.3.shp.17.xml	c-markup-canonical-same	len=13556;sha=9100069a0d8cba23e0addb9c69186b336313ee22b469f4e9cff8e29cfa565d80	len=956;sha=99a172cdd3513c9a9edde61c134e972aed644d70d82140a95f96d8bfab72d1f1
libreoffice-core/sd/qa/unit/data/pptx/slide-section-test.pptx	pptx.sld.3.shp.18.xml	c-markup-canonical-same	len=13532;sha=edad1d52ebf4e1b88043417619b900ac83dc34a2c5d00bdd5428bcd72db9c8c8	len=932;sha=06af208a442b2af32bc30f7c5a636e8e03c433f53b218841d3d576161b4ab52f
libreoffice-core/sd/qa/unit/data/pptx/slide-section-test.pptx	pptx.sld.3.shp.19.xml	c-markup-canonical-same	len=14463;sha=6a39c119782ba86a2a3bd369cbd27a49bf3a06b2c5789cd89ab7dad8ffe0037d	len=1023;sha=3d1c388f56862b336d364a01fcf9a7647c328f6f4c0beb52ae5e62e33db60b5c
libreoffice-core/sd/qa/unit/data/pptx/slide-section-test.pptx	pptx.sld.3.shp.20.xml	c-markup-canonical-same	len=47390;sha=0c0fea06bcec382b1931852629a3b5736b76caae417fe3531746b2443b88534f	len=3290;sha=f55ebb9fb20d88d0558d75591be0b33624410ce1d015ff33bc532d7da10286db
libreoffice-core/sd/qa/unit/data/pptx/slide-section-test.pptx	pptx.sld.3.shp.21.xml	c-markup-canonical-same	len=14463;sha=3045613de293126150b96293b0ce10b126c09afbf388a034b0b70d9d7ff8a9f2	len=1023;sha=41a9018bb6e2ad50742336f669ba52b5b2b6c6c044cb10b04e47582360080c26
libreoffice-core/sd/qa/unit/data/pptx/slide-section-test.pptx	pptx.sld.3.shp.22.xml	c-markup-canonical-same	len=13983;sha=16f371b45bb20588847f03f0f737323a16acf1606f947173c7e628bc46b02d72	len=963;sha=46f7da04d002088e460f7bf5efdd3bd3cd686de37a2fe84ff557dd30372b0795
libreoffice-core/sd/qa/unit/data/pptx/slide-section-test.pptx	pptx.sld.3.shp.23.xml	c-markup-canonical-same	len=13983;sha=f140e6f7a8c140940ed0b74198059bd2af7cf373b714d7af4767be118f9888cd	len=963;sha=1f5550ac3eb623b7e5e86b6a53d8a510e7da2d77b28cdd27721758b464b53b35
libreoffice-core/sd/qa/unit/data/pptx/slide-section-test.pptx	pptx.sld.3.shp.24.xml	c-markup-canonical-same	len=47392;sha=1ae9f2ac7391ca4ce27a90ac94599b5ad5dbf120ccba9f30ac3a3795bf53c253	len=3292;sha=4614db52cde46d7cdaf0c01b0ef2fc7f64216e3eabf19f0997209ca77264ca85
libreoffice-core/sd/qa/unit/data/pptx/slide-section-test.pptx	pptx.sld.3.shp.25.xml	c-markup-canonical-same	len=14465;sha=0e758aa8b1a68ba608f1786af0c7ad92f1284e3c44c9275217d03ad5ba37308e	len=1025;sha=ae5926308bf6f3e0e0b4e6b58411c4a3a2dcfc47c1c61b753ba4ce6cfb85c10d
libreoffice-core/sd/qa/unit/data/pptx/slide-section-test.pptx	pptx.sld.3.shp.26.xml	c-markup-canonical-same	len=13983;sha=9f3153436f94242b1d668becfd5bec72d582535c00e87cdf0c38eaa7069d994f	len=963;sha=44c632fa0d61655b326258a307fb9a822bc6394046aaf19b649736fee477a660
libreoffice-core/sd/qa/unit/data/pptx/slide-section-test.pptx	pptx.sld.3.shp.27.xml	c-markup-canonical-same	len=13983;sha=6f698ce9541d8dd3f07bb8b43fda35c527edda81d7a344b79c432b0d07b18229	len=963;sha=adbf02e0521f2733e2dd9c8ce44fdc55198fd2446d8bd449ed8b155ea41adfad
libreoffice-core/sd/qa/unit/data/pptx/slide-section-test.pptx	pptx.sld.3.shp.28.xml	c-markup-canonical-same	len=14388;sha=b46062d856e1bab32d3bb15ce60120a9aee8903f1c9aa10c47619bc4c92bb71c	len=948;sha=03f4ace541b9fdd9ea60526ff1315dde098e3fb493092e0e181fdcfb06fe4655
libreoffice-core/sd/qa/unit/data/pptx/slide-section-test.pptx	pptx.sld.3.shp.29.xml	c-markup-canonical-same	len=14388;sha=6a5aee73d50084e693c1f0c748bec879d5d35c87358be2a83db5e0e3d15dd30f	len=948;sha=a4183fda5b0c49bf8b31a29f13418d05337728a1f38fa2fa4a43424b30edce57
libreoffice-core/sd/qa/unit/data/pptx/slide-section-test.pptx	pptx.sld.3.shp.30.xml	c-markup-canonical-same	len=14387;sha=6505571bc5bba54d74dbc8cf7e4a634f648984ea9c88d407813625ec43f764a9	len=947;sha=6666111cfc9e0ca5f2de1578a228cb4c4f2460f1cde2b3dd0ca103aa900d5517
libreoffice-core/sd/qa/unit/data/pptx/slide-section-test.pptx	pptx.sld.3.shp.31.xml	c-markup-canonical-same	len=14387;sha=942985f1f970dfbc9dabfd364f0b7a4dda47e7c49b0abed739bc06735f23782b	len=947;sha=ada50481ac665dd6a3055fd563a5eaac3edc6d826477ef4ad0dd3ceaf3d6ad21
libreoffice-core/sd/qa/unit/data/pptx/slide-section-test.pptx	pptx.sld.3.shp.32.xml	c-markup-canonical-same	len=12604;sha=f842b4242b3ead3cd5f6d106ce4b1f7e1e3a29e8326318fa3ccee8809adcff5d	len=844;sha=38ec695dbef5a4c5d21ca698a5d8bd5b3d4b2c268493929730a70f82302d7b02
libreoffice-core/sd/qa/unit/data/pptx/slide-section-test.pptx	pptx.sld.3.shp.33.xml	c-markup-canonical-same	len=12605;sha=09672d02e4080577dd0bf7bacc16319e8c8364f0563439590d3a1ceb9bdb3fe7	len=845;sha=66314c2f2e81e57c392f8e9ecf199d7defb2040d640d07e3b0e674aa00b6db36
libreoffice-core/sd/qa/unit/data/pptx/slide-section-test.pptx	pptx.sld.4.shp.0.xml	c-markup-canonical-same	len=14402;sha=a38543602bf3a8730118a8c516370054d705645a4b465cf8eed12da815970473	len=962;sha=30c7435a906eced85fd852a3832600cccd2e23828792ce234ed16d2742318776
libreoffice-core/sd/qa/unit/data/pptx/slide-section-test.pptx	pptx.sld.4.shp.1.xml	c-markup-canonical-same	len=38383;sha=e164046f207b552763b28b04e988930fffbfb68d5d1c60c099c8549e881892b0	len=2683;sha=d0d7122b5d72c8983d710d9c33853604b215972a4d1235ffae131820a3f43b57
libreoffice-core/sd/qa/unit/data/pptx/slide-section-test.pptx	pptx.sld.4.shp.2.xml	c-markup-canonical-same	len=49140;sha=863fee6fbc5f8faf46462956cb32aebd3406729fc16632deb4be1675069b708c	len=3360;sha=5ef5bee32679e9e37d23013da11e75c4a4a2851f0e0b2fcf580005f90d480532
libreoffice-core/sd/qa/unit/data/pptx/slide-section-test.pptx	pptx.sld.4.shp.3.xml	c-markup-canonical-same	len=49175;sha=d03b365747e6ac436bc63df68a6272814be22aac8814cdef1635b6125364e141	len=3395;sha=d67522a32773504e33dbdb34f341d3b70bc5568c972d09db00f695a6c8d5efe0
libreoffice-core/sd/qa/unit/data/pptx/slide-section-test.pptx	pptx.sld.4.shp.4.xml	c-markup-canonical-same	len=27602;sha=ed975a21c0dbde9d7ddf94064f70569f0e273a27b32191adf86b1d4512d6528e	len=1982;sha=b54092650448a668273270f79776301974dbde3e62edd2cb8b8534c5fd412477
libreoffice-core/sd/qa/unit/data/pptx/slide-section-test.pptx	pptx.sld.4.shp.5.xml	c-markup-canonical-same	len=14387;sha=8d3a68cda96bf8618f19a243c38cf050750ea7c2acc9d6966d7e5b999ad3aa7b	len=947;sha=868509959d482f3fe26fe089e5857830889f8a6a23bd0efdc70848779caf7374
libreoffice-core/sd/qa/unit/data/pptx/slide-section-test.pptx	pptx.sld.4.shp.6.xml	c-markup-canonical-same	len=14388;sha=a1b4da184655284606055acd688a209054c0584f2add52eaf1075b49b3287784	len=948;sha=1fdae210ba6c3d43ced63ee56e152d92f9bf513ca6cf3e624560d5a16fdb8642
libreoffice-core/sd/qa/unit/data/pptx/slide-section-test.pptx	pptx.sld.4.shp.7.xml	c-markup-canonical-same	len=14388;sha=6c563a479bed9211fbb857793a3f557e243b0e3edba7cc904a54d9155fe74c4b	len=948;sha=a7ffd264e68138c6bd38df75180a0bf2ac45cda275c832edbf5e326dd16850d6
libreoffice-core/sd/qa/unit/data/pptx/slide-section-test.pptx	pptx.sld.4.shp.8.xml	c-markup-canonical-same	len=14388;sha=616c31a64cfb3f9934be0300653a9dcdb38f9bc327c914054bb57f0f693bb6a4	len=948;sha=8826e7149a87eae12a2cad81c8abf32d0fbef78a12f052977d817ac8ddcce853
libreoffice-core/sd/qa/unit/data/pptx/slide-section-test.pptx	pptx.sld.4.shp.9.xml	c-markup-canonical-same	len=12625;sha=3c0646595501a8903b2eb4c0bba8c824a2a983417ac1b89ad4907016ddf1bef5	len=865;sha=3ccd16acc83a9ae21a302926019ccc4768258831f1cbe050c0345aa9150c1782
libreoffice-core/sd/qa/unit/data/pptx/slide-section-test.pptx	pptx.sld.4.shp.10.xml	c-markup-canonical-same	len=12626;sha=d45f022f3e384b52e29af2573fb57e8f12eb76a78229bb73b1bc3c9587f1ee1b	len=866;sha=61f590148d997fbf4749d003ab3a3ea605115e49d303d092a138bb0b9bde5bab
libreoffice-core/sd/qa/unit/data/pptx/slide-section-test.pptx	pptx.sld.4.shp.11.xml	c-markup-canonical-same	len=12626;sha=be4cf61f6b7a4f94307364f5b36c7619c93fc7e03534e47a12e80bddb8a6fc13	len=866;sha=ef9632f329e715d99b82490a0f401987003137e4045ba94fadf0acdb89ea9c78
libreoffice-core/sd/qa/unit/data/pptx/slide-section-test.pptx	pptx.sld.4.shp.12.xml	c-markup-canonical-same	len=12626;sha=1093e0d6142632c4dabaa3f5dd594906c49e9e3ae0aeb7be11b407e61765a85c	len=866;sha=5d6179b3e06543a7e7a69764fa63b393733a84af0445f713cee0c433a7b0d37f
libreoffice-core/sd/qa/unit/data/pptx/slide-section-test.pptx	pptx.sld.5.shp.0.xml	c-markup-canonical-same	len=18938;sha=d4c07abe519111d633a07fecd05fdf568fc3f04695a0a840f00f38b68e06dd6d	len=1298;sha=541289cc855c8b6f3d502928dcefcecda0ffc884f59a6c0b6b9cd8e0ee54c36e
libreoffice-core/sd/qa/unit/data/pptx/slide-section-test.pptx	pptx.sld.5.shp.1.xml	c-markup-canonical-same	len=14445;sha=adc3554a72127e6a22afe9e8b025d484a0bbd4e7fbbf383510f5d69ea4ace381	len=1005;sha=471f8b037d650546c06b6e0199cd20efd8742b636a3c63f8b855ca3853f29827
libreoffice-core/sd/qa/unit/data/pptx/slide-section-test.pptx	pptx.sld.6.shp.0.xml	c-markup-canonical-same	len=109627;sha=b16c74b7fecb770f6e5402e88fad4652a9e00664e1c9c413cc8ac7c2d68acbe4	len=7567;sha=4ed95f230be0dd75c1832ff756539eb26f08bc3ae7fe96aa53ab96233b4662bc
libreoffice-core/sd/qa/unit/data/pptx/slide-section-test.pptx	pptx.sld.6.shp.1.xml	c-markup-canonical-same	len=35622;sha=86578a0ea885477f157c2101e642ea9a5e8b41a999c29f6db8eec3727cde4d94	len=2442;sha=fe75d3a1d427ca84b41cac382d87cd0bde48283a41b03a3500a013dffa7abba3
libreoffice-core/sd/qa/unit/data/pptx/slide-section-test.pptx	pptx.sld.6.shp.2.xml	c-markup-canonical-same	len=23014;sha=7b1ad67df912dce2a295f0175faef015b293ef87902a02383722fea82a8ffd23	len=1594;sha=cabcac75c9d1b84ff9bfc2069923c77acbc6519d824db0d00b780a0b896eb360
libreoffice-core/sd/qa/unit/data/pptx/slide-section-test.pptx	pptx.sld.6.shp.3.xml	c-markup-canonical-same	len=23014;sha=b434fbfeed09079211fda3620710c2a176057a759ce492fd86ae016a6764f4ee	len=1594;sha=b50883314cded0f3531a8f5e51e512dd0c8f31956a75de275a3d8cb689458d81
libreoffice-core/sd/qa/unit/data/pptx/slide-section-test.pptx	pptx.sld.6.shp.4.xml	c-markup-canonical-same	len=23014;sha=1413ecb6c003ed90570c0261a20fe92084de58e6cd3404d1c51a60b1588f1222	len=1594;sha=2e6188f143127a5a2d7028df0726c4febb56e2309447c886e274f247cd88bb2f
libreoffice-core/sd/qa/unit/data/pptx/slide-section-test.pptx	pptx.sld.6.shp.5.xml	c-markup-canonical-same	len=60518;sha=910d6300d6016e3740c6745d2dcc939ffac30675d56d7b16826181f3c48aafc7	len=4238;sha=e71777d400c4117f3f37e8016b5699d443a71b60a3f609d5217c439246c1a12c
libreoffice-core/sd/qa/unit/data/pptx/slide-section-test.pptx	pptx.sld.6.shp.6.xml	c-markup-canonical-same	len=13532;sha=498ba6d7bc2487a68034038ae811996d06ff880279b628a2b34f1b6a1c578535	len=932;sha=8ad2cea39428e93fce455277fc406bea09bb7ed1268657e2856366c61621f8e4
libreoffice-core/sd/qa/unit/data/pptx/slide-section-test.pptx	pptx.sld.6.shp.7.xml	c-markup-canonical-same	len=13557;sha=3d0cf0f7605080fc1b7a47d2b0d40ce4f20bc5d7ed2781fe1ef81ec579c8950f	len=957;sha=683ce0eb7df3a3b3c5e47e1e47f3872aaf05557c2590d1a7c46cbc14e0e5e580
libreoffice-core/sd/qa/unit/data/pptx/slide-section-test.pptx	pptx.sld.6.shp.8.xml	c-markup-canonical-same	len=14463;sha=53e70caf6f238de687bdd1ec96c5203744c460073cfa104174855f3d53d43151	len=1023;sha=492c841e328cd83cef61d8b4756f0b75088b9723ba0c29a1450ac7f679577ed5
libreoffice-core/sd/qa/unit/data/pptx/slide-section-test.pptx	pptx.sld.6.shp.9.xml	c-markup-canonical-same	len=14001;sha=2e7aa64caee65ae77c4594d1060e70f2fb7f87d448da333c5fbbd892545a41de	len=981;sha=0e4bcd3a8b85dd2de96919e4d50ee26ab7c2fdc73d9aa6b496333d43c04ed025
libreoffice-core/sd/qa/unit/data/pptx/slide-section-test.pptx	pptx.sld.6.shp.10.xml	c-markup-canonical-same	len=60524;sha=afd4e714260c769d0edcc1adf5bbe7c53a235e8c2f9d537cc2f38d8fa0637d46	len=4244;sha=c72d5dfb3671c4c85969a788eeaf2e3fc6db0c30d86ceacf3cdaa2d637fa6cd4
libreoffice-core/sd/qa/unit/data/pptx/slide-section-test.pptx	pptx.sld.6.shp.11.xml	c-markup-canonical-same	len=13531;sha=cb544410163ed6931430d33f0713d6ee6bb5f093c8d6d12e57a370dd82bd1153	len=931;sha=1205f31946f49b76b92ff6624e9a34a2435f9d39a6d0b99156bb1161a7c4364d
libreoffice-core/sd/qa/unit/data/pptx/slide-section-test.pptx	pptx.sld.6.shp.12.xml	c-markup-canonical-same	len=13567;sha=2f0afa8ac7a5cb36126de2ad822e9366536555e842beef548a0eab5a26b12bc3	len=967;sha=da3f90655a0b8545b43aa20b6dd53824a0e7ea77a4a94707b46bd06377bb0fde
libreoffice-core/sd/qa/unit/data/pptx/slide-section-test.pptx	pptx.sld.6.shp.13.xml	c-markup-canonical-same	len=14463;sha=78eede745f03458f7373cacd27015438ab9c48e7b8f40faec3e10f3f12cede4a	len=1023;sha=47a3f6c17ff4cc1eab711b2d444e0d01ea0b5c5b37ac2e98e220efbc24660c5d
libreoffice-core/sd/qa/unit/data/pptx/slide-section-test.pptx	pptx.sld.6.shp.14.xml	c-markup-canonical-same	len=14000;sha=b98248b92d5c3bfe6ac26e1410d8b1ef25cec62038743540d0e0a636d9f79c66	len=980;sha=6b7f44db873142e3b624388da667fc46049c3b9ef95cfb5438aa2b62c0da9bfa
libreoffice-core/sd/qa/unit/data/pptx/slide-section-test.pptx	pptx.sld.6.shp.15.xml	c-markup-canonical-same	len=60518;sha=ff58aba8e78023ea98961db6743a53ce2cb2442f041fa676b1f8dabd65224da2	len=4238;sha=4aacab0cac488d8f1caf558691d9e42ae39e4fb4a69a7e2a012ab959d290572b
libreoffice-core/sd/qa/unit/data/pptx/slide-section-test.pptx	pptx.sld.6.shp.16.xml	c-markup-canonical-same	len=13532;sha=9023cf1ef7967a23839ea2dbe3dfda04e9d9070de536e5aa4a65a1d4c0363343	len=932;sha=75c3bc916669dcac5014404917ec19f974165b72cbfb6d2c5074f07ee76708ac
libreoffice-core/sd/qa/unit/data/pptx/slide-section-test.pptx	pptx.sld.6.shp.17.xml	c-markup-canonical-same	len=13557;sha=0d74090e38c1cef2652aef17d9ee649ec93cbb76b9f0052efe4fbf0c39d38c13	len=957;sha=4c41a023df81a20c14cfa4c068807422a00062db37e2292aa3546c67ca9ac049
libreoffice-core/sd/qa/unit/data/pptx/slide-section-test.pptx	pptx.sld.6.shp.18.xml	c-markup-canonical-same	len=14463;sha=b22802f61f6df00ee5fbd2aef0dbacf4ca5c84edb54556dbd003c466e6c740cf	len=1023;sha=43378e00d1183683cb256b12568bc710625308cf8a1b8b4dcf510b57d9f74baa
libreoffice-core/sd/qa/unit/data/pptx/slide-section-test.pptx	pptx.sld.6.shp.19.xml	c-markup-canonical-same	len=14001;sha=82c5e0dd6824e77c19a71048605ddea724779896d9bbf4b43ff8ea6a1b70aca2	len=981;sha=a06e38dda28dce2137c0e51a91bf3ed38587051115dfb0ddbce6302679338ebd
libreoffice-core/sd/qa/unit/data/pptx/slide-section-test.pptx	pptx.sld.6.shp.20.xml	c-markup-canonical-same	len=60524;sha=26b85c2a0f56b2e7d77f8065a4342fab94d7b8b71896d1698b500e731c35657d	len=4244;sha=ac1f4d04d3abfd3eecf625d508555c54ca26f5815eb299002326a6235e944e04
libreoffice-core/sd/qa/unit/data/pptx/slide-section-test.pptx	pptx.sld.6.shp.21.xml	c-markup-canonical-same	len=13531;sha=ecb20d85ae4be0156cb2bec16084ff43404ca665a09dbbb86107d6d9fde9fa67	len=931;sha=86c4bbb24d34048df2861202ac8c880f661a3746fd0d11014bfaa8bb29064546
libreoffice-core/sd/qa/unit/data/pptx/slide-section-test.pptx	pptx.sld.6.shp.22.xml	c-markup-canonical-same	len=13567;sha=420848b4e728406e65e5680e52d15e329e824025819af1e9482c795045e78979	len=967;sha=b1fb9f917bf95db899ab6f68ff6d6cdd30313445afce537eca3ca4ed9acef86a
libreoffice-core/sd/qa/unit/data/pptx/slide-section-test.pptx	pptx.sld.6.shp.23.xml	c-markup-canonical-same	len=14463;sha=9036d254814b238a6eb6eb70858a81129b4428fdd81a4cdcf8d5f8c1be8430ff	len=1023;sha=a498caa98cd3db7d8236249984b3862467f6066dc1b167a288b7b27d26041527
libreoffice-core/sd/qa/unit/data/pptx/slide-section-test.pptx	pptx.sld.6.shp.24.xml	c-markup-canonical-same	len=14000;sha=ab130a5075c2d110d4ba9c8897f0b6a8f57e60c24ddb8550d7e19ef2d73fd067	len=980;sha=1df4b70cab3ae2d86974d2c2c66c61b33d1f43eb3dbc968ed6f9b0e824cae65c
libreoffice-core/sd/qa/unit/data/pptx/slide-section-test.pptx	pptx.sld.6.shp.25.xml	c-markup-canonical-same	len=12625;sha=77f64a34a6b081049ca944de44b53b82f31420ea544ea7d469536d51c9fb8bef	len=865;sha=2d58bfa498f9d5d07ba0aad26aea1601f85325d119e831ea1b1c9b2b7f0c4115
libreoffice-core/sd/qa/unit/data/pptx/slide-section-test.pptx	pptx.sld.6.shp.26.xml	c-markup-canonical-same	len=14388;sha=2c018004c16eb9277ffc8341a719936cbc38bffd43cac1808993372df96b4a9b	len=948;sha=5e1923047d90daf80ed0a7169077a4eccdeb4217e78e1fb7eeb285b0e94ca17c
libreoffice-core/sd/qa/unit/data/pptx/slide-section-test.pptx	pptx.sld.6.shp.27.xml	c-markup-canonical-same	len=12625;sha=ba23fb879a2af33c02513becf5a01d6face3b90e410d339e6a69482aae8a0820	len=865;sha=fe2f7b4f353de665ce4e9f421f9da79538a208ff403f4daad137d5dc7f2723dc
libreoffice-core/sd/qa/unit/data/pptx/slide-section-test.pptx	pptx.sld.6.shp.28.xml	c-markup-canonical-same	len=14388;sha=0e01b6d63886f9fe185349949e3ac638691f625d31c1f5aab806d99dfd5b0b02	len=948;sha=6c61bea3537fc4fc800c99b6868d2256d971818c1fda18761a9f9cd3c0867d4d
libreoffice-core/sd/qa/unit/data/pptx/slide-section-test.pptx	pptx.sld.6.shp.29.xml	c-markup-canonical-same	len=12625;sha=77159242b211424f4823b84e0c3c4bf91265ebb82bcbfa049873f9571484e4ad	len=865;sha=c72f05617303eccbd28a48a18b8dd2b282af8c5a6a0188a54775c112667af9a8
libreoffice-core/sd/qa/unit/data/pptx/slide-section-test.pptx	pptx.sld.6.shp.30.xml	c-markup-canonical-same	len=14387;sha=a0a5d9e2434875d9fdc47c165ff5a0e2e8a7824f993c9bbbcbb89dce64ca0c32	len=947;sha=a9b9601ca4d6443c2bf70029bc0f246fe8cce28087aea2494ff7eee8227838d1
libreoffice-core/sd/qa/unit/data/pptx/slide-section-test.pptx	pptx.sld.6.shp.31.xml	c-markup-canonical-same	len=12626;sha=2e54014278ecfc42b6f048a60ebb473254549f18fa0a0d9c52f7360f2dde42ff	len=866;sha=51a6975ea6f7a5c19fd6eaac5aa469fe35ace9a8320f9a0ac4e14debb5a24f86
libreoffice-core/sd/qa/unit/data/pptx/slide-section-test.pptx	pptx.sld.6.shp.32.xml	c-markup-canonical-same	len=14388;sha=483dedfd15c6f6f50dd04d8e490a8befc7b8e667e9bd1e2bfae7607874e285e9	len=948;sha=70ed133b9616f440828f15109c6ec2825477722de73ce4bd4c4fcefc4f33eb08
libreoffice-core/sd/qa/unit/data/pptx/slide-section-test.pptx	pptx.sld.7.shp.0.xml	c-markup-canonical-same	len=14402;sha=0c671a6df49e3c827b53f6013259c7bd72399d085179edcc16bed6e1d2b6a299	len=962;sha=31ffb8788dd5016be232a5704906018b23de23edb5d5316daee62daf2b57d08f
libreoffice-core/sd/qa/unit/data/pptx/slide-section-test.pptx	pptx.sld.7.shp.1.xml	c-markup-canonical-same	len=14387;sha=928c3bae4fb17f69b5c9e9e143f9a4f2a5c30df1e7442a753b2e9da2cd79a745	len=947;sha=8e19c6726893be8de666a179d1913a4d75601aa79ce23682f34f99f7e1e9e656
libreoffice-core/sd/qa/unit/data/pptx/slide-section-test.pptx	pptx.sld.8.shp.0.xml	c-markup-canonical-same	len=14403;sha=422d9481dd12a60ca88964edbadd2cc592e0c8c1ab81017e59a913b506a0fa85	len=963;sha=8b931d4eddb34def57a17c06c7b46c8eadda42fcff7ba0250b012ceb47a53b94
libreoffice-core/sd/qa/unit/data/pptx/slide-section-test.pptx	pptx.sld.8.shp.1.xml	c-markup-canonical-same	len=14388;sha=8208ebe036f081e24c8666a6880cfb9c561131be26218d330db2730c04414a76	len=948;sha=5ede68abc9a8551d3aa3d246ad1ea5e60b3afbf2c23a06a956473d276b2d2884
libreoffice-core/sd/qa/unit/data/pptx/slide-section-test.pptx	pptx.sld.9.shp.0.xml	c-markup-canonical-same	len=18938;sha=49710cdab4b5f949f5e2000274efb9194d1911f00085d70a21ea9de0cef42c7f	len=1298;sha=c4b663de19839ccd7e1d6cb08d8c0cc56558c2c278a37e11fa80f7dc96217d5c
libreoffice-core/sd/qa/unit/data/pptx/slide-section-test.pptx	pptx.sld.9.shp.1.xml	c-markup-canonical-same	len=14445;sha=dfeca106ed3dc907c56888856235752fbe5033eaf1f18cbcc1ba33870e46149c	len=1005;sha=f0d2448ea964a47d950c22ca90e9d5bbd49eaec2eb2049f7f78cc6d03fc08cfa
libreoffice-core/sd/qa/unit/data/pptx/slide-section-test.pptx	pptx.sld.10.shp.0.xml	c-markup-canonical-same	len=345112;sha=dbf384f56feeffb4b4e5f425bb5436b94116fc0e85bbd2c043596df776f4e2fd	len=24232;sha=13d3b61307208a23fd4a825c1030a28158bdfe6cda54e3a3be4c5cab2f98e06a
libreoffice-core/sd/qa/unit/data/pptx/slide-section-test.pptx	pptx.sld.10.shp.1.xml	c-markup-canonical-same	len=26669;sha=209b560ce6271aa73d5db08e377bcb57ddd62f39ac72854adb2febcf312bc9d2	len=1889;sha=e1219c791de246f40ff641b7858c40a919ee2b946e9360a0f0878288879805af
libreoffice-core/sd/qa/unit/data/pptx/slide-section-test.pptx	pptx.sld.10.shp.2.xml	c-markup-canonical-same	len=26669;sha=1b06e328b5eccd192daa8ca2db7b0e40dfcf3952bf3c331000a0599c705e69f4	len=1889;sha=12a0d6b8b223fd0cb034a2592da75dafe39e26b4850d1382bb0398914888dc1e
libreoffice-core/sd/qa/unit/data/pptx/slide-section-test.pptx	pptx.sld.10.shp.3.xml	c-markup-canonical-same	len=26670;sha=a5e89e614df495b2407e0adc0f6a273f7fcac8c43700c9a504dfbc9efe9f86cf	len=1890;sha=8394360d82c1e87ea1fb9e001d5c5a073edfe84925e72d26b97db43c9a81cac9
libreoffice-core/sd/qa/unit/data/pptx/slide-section-test.pptx	pptx.sld.10.shp.4.xml	c-markup-canonical-same	len=26679;sha=192574a918756a82ef8a1f57d7e5f17184a5e5a5a7b4aa49dcc35cca76ac759d	len=1899;sha=7358d3221d0267583d90f3208fb4435c56bc2821daf38674c08a72c2e147a0bf
libreoffice-core/sd/qa/unit/data/pptx/slide-section-test.pptx	pptx.sld.10.shp.5.xml	c-markup-canonical-same	len=26677;sha=13eb35361f35c87d75af069f801f39af0290fced802642ae5d959254dcc5a287	len=1897;sha=44a52a036668b77d8f577a6481e3fa9dd05952ff1f97d4f6fc32ac40d7aabebd
libreoffice-core/sd/qa/unit/data/pptx/slide-section-test.pptx	pptx.sld.10.shp.6.xml	c-markup-canonical-same	len=26675;sha=ec46f8825970231ac6de250d933d763385bc5ae709e3659bbdfc2eaf160ee6ea	len=1895;sha=fe270c459714edc62c7668b4ea226bc807125934b6be9f69073145e6333360e3
libreoffice-core/sd/qa/unit/data/pptx/slide-section-test.pptx	pptx.sld.10.shp.7.xml	c-markup-canonical-same	len=26676;sha=433859ddd5e141d978a3221469486d3b62c0dbd37e093fea81b0069f6d31d807	len=1896;sha=1864d4ddaac518ace7a489d1b64702a3841d988accb3cfe711fa010d42859de8
libreoffice-core/sd/qa/unit/data/pptx/slide-section-test.pptx	pptx.sld.10.shp.8.xml	c-markup-canonical-same	len=26665;sha=7804555e04e2f7757051b8b60db91f38ae8f43f73fba572928050474eca3f219	len=1885;sha=82a9cef433877c9e99cfedce2122eb77ee238168e15792a846511d1d72c627c2
libreoffice-core/sd/qa/unit/data/pptx/slide-section-test.pptx	pptx.sld.10.shp.9.xml	c-markup-canonical-same	len=13534;sha=07b8a2100f2856af104a01f7c008db1cfad983f05d674db805774691346049a6	len=934;sha=5ee75c074b872868a09681bdc2152556fe07829c91452cf2da7889b5661e0204
libreoffice-core/sd/qa/unit/data/pptx/slide-section-test.pptx	pptx.sld.10.shp.10.xml	c-markup-canonical-same	len=113233;sha=41dfd3f4d63facd775b8912801056bdbef5135c823720c95fd5de024cde0adc4	len=7813;sha=7c3c2a3a88f9112b9f250e30c6b4194f76a697e0c247b6336440185ac336b58e
libreoffice-core/sd/qa/unit/data/pptx/slide-section-test.pptx	pptx.sld.10.shp.11.xml	c-markup-canonical-same	len=13534;sha=4be16be53926f0c04507fa0f75fa46f0e653d0ab8caea8d7456ab8eec6aebdc3	len=934;sha=0e607bde564277da7461764990e293f13f53c0ee09867f8325fc7a6e29d91bed
libreoffice-core/sd/qa/unit/data/pptx/slide-section-test.pptx	pptx.sld.10.shp.12.xml	c-markup-canonical-same	len=13534;sha=ec31089c37c3deb72e6dac87d110fc4ddfe34df66d56bd41f6e2acdf149e3469	len=934;sha=ef5991fa3ea53b285410a550807e5053fba4f6684bc8f14ff01e4937bc078582
libreoffice-core/sd/qa/unit/data/pptx/slide-section-test.pptx	pptx.sld.10.shp.13.xml	c-markup-canonical-same	len=13534;sha=b79c431518374129d67808cacf68522872944450e30fd75a534b32420ed535d3	len=934;sha=17f962bd4fbb9a181d5d46d32747fcd4f551c71004534526375b022964fd7a18
libreoffice-core/sd/qa/unit/data/pptx/slide-section-test.pptx	pptx.sld.10.shp.14.xml	c-markup-canonical-same	len=13534;sha=bc2661749221659ea7c0e4e1d3219053d6413584e0fdb96093ad7450adadf434	len=934;sha=25556ae76c6ed565190b31612362e04764634c052d0beda73c4f2107a8403e84
libreoffice-core/sd/qa/unit/data/pptx/slide-section-test.pptx	pptx.sld.10.shp.15.xml	c-markup-canonical-same	len=13534;sha=0cd66c33e5acf191026790bc04bf90790e07505099c95a54b2e26ba451c31ad1	len=934;sha=d2a92fd535dd686ea9602c6045d7df799bb12c62c50182447cc2f2cf8f3efae5
libreoffice-core/sd/qa/unit/data/pptx/slide-section-test.pptx	pptx.sld.10.shp.16.xml	c-markup-canonical-same	len=13534;sha=fa069fc26df97e73b56383daad3ee98cf0f43a4b4b04a3960febcbbbbe46fa63	len=934;sha=494499769f0e2881aef454f9324cd6bfdc90b4b800481e1bbc1d5e1780997734
libreoffice-core/sd/qa/unit/data/pptx/slide-section-test.pptx	pptx.sld.10.shp.17.xml	c-markup-canonical-same	len=13534;sha=b445bbe7cef0a404f64e25d8351f302653f48493c6a8074926f2ce0830860d78	len=934;sha=b01d5fd1b95442c17ad9bd0aac045659d13ea1c1fa4ac50ef233e9a94fc00c60
libreoffice-core/sd/qa/unit/data/pptx/slide-section-test.pptx	pptx.sld.10.shp.18.xml	c-markup-canonical-same	len=13534;sha=72c2710483ef533117603e5083bb798262168152caab18db1f60dc0820201a5a	len=934;sha=7da34209e6116aa41e353c7b98d0433b4a3c4498a393200dd7c4fbb24fb745b6
libreoffice-core/sd/qa/unit/data/pptx/slide-section-test.pptx	pptx.sld.10.shp.19.xml	c-markup-canonical-same	len=21767;sha=52c7977bcda9df6ed18416bd4754c3ae82ef267b82e6ed1d68497cfdb6c6e8f2	len=1607;sha=6209c57a5d095551844e2a4ddbb0aebeed52abeaf1a1e873b3385d97ef2cf124
libreoffice-core/sd/qa/unit/data/pptx/slide-section-test.pptx	pptx.sld.10.shp.20.xml	c-markup-canonical-same	len=14052;sha=8cd7213525d6d416c5df06edd99f65aabc8fc1415ded3a78310baa610d528d64	len=1032;sha=0b84943990b79b858015aef9efadf59e39f95803de6031180d847e9ac67020ab
libreoffice-core/sd/qa/unit/data/pptx/slide-section-test.pptx	pptx.sld.10.shp.21.xml	c-markup-canonical-same	len=14042;sha=f59312cfdd4d173237d0a3348dd6b087bec214106251eedfff3da80bd2315597	len=1022;sha=2422e270ff4f394df45c6ed8b4f4d23239b29e063ce8ae6e746e8976f8f3925b
libreoffice-core/sd/qa/unit/data/pptx/slide-section-test.pptx	pptx.sld.10.shp.22.xml	c-markup-canonical-same	len=21768;sha=ee53b6db2d396fc67000f225e15305047f848ca580040b6490c7ae38bc1b3532	len=1608;sha=418e5d12463a5bbca0c8e85fbf3334c81042c580d2bb36609a6634f4041f5ea8
libreoffice-core/sd/qa/unit/data/pptx/slide-section-test.pptx	pptx.sld.10.shp.23.xml	c-markup-canonical-same	len=21767;sha=790428435a3f3e99e833679c9929bcacf8bde376fb3ffb4441bca1f5c0d71b44	len=1607;sha=f8705d31b161371375183500922beedf91b2b5c28c0aca3caf7091a8beb08d97
libreoffice-core/sd/qa/unit/data/pptx/slide-section-test.pptx	pptx.sld.10.shp.24.xml	c-markup-canonical-same	len=14031;sha=74df21c298bb0cc0c5882251c52253d769d1c968c28939411351e33d200ca78b	len=1011;sha=4a8658beadd36be8bec5cdbad04e31ae91c55a518c468958d3febb88307f18eb
libreoffice-core/sd/qa/unit/data/pptx/slide-section-test.pptx	pptx.sld.10.shp.25.xml	c-markup-canonical-same	len=14042;sha=63e8652b0d48e3ccb52657dbde1affa7c13f8637e1a8658729d2c571b881f9a4	len=1022;sha=8e998815e9ce2901d47319baef5bafacb278348a2d205a2ab4f134ef1ad4d2bd
libreoffice-core/sd/qa/unit/data/pptx/slide-section-test.pptx	pptx.sld.10.shp.26.xml	c-markup-canonical-same	len=21766;sha=a300e2ebbfe2ccd7a4a628b6a4fac1142ec4bc134c12989146bd445a075f6dc2	len=1606;sha=b93493ebfc4ae026535f84ecb06dbee3150125442bd5dc782eb438322dcf6af0
libreoffice-core/sd/qa/unit/data/pptx/slide-section-test.pptx	pptx.sld.10.shp.27.xml	c-markup-canonical-same	len=87776;sha=3769c4fe1897847b04fdd8475be914fa60a452c7c0856684c99db563061c7407	len=6296;sha=83ed5ca52be6085e9dc2d3d0a4e4649043e32de3806ec21095dd979cde482a54
libreoffice-core/sd/qa/unit/data/pptx/slide-section-test.pptx	pptx.sld.10.shp.28.xml	c-markup-canonical-same	len=14924;sha=985965d8f0d49b7bf999f02b00a4ead1c34f4f5d989804fa356032ac1e3a38fc	len=1064;sha=992ecb9fd691688ee911dd553b25d85865793277e4fdb50e36f9865a3e9dbf72
libreoffice-core/sd/qa/unit/data/pptx/slide-section-test.pptx	pptx.sld.10.shp.29.xml	c-markup-canonical-same	len=14470;sha=38673f4435459ce585a5a6205c829b86180d8e7587f6dc5822c2aaeff588f0de	len=1030;sha=3640cee5fdcca2d7850f1c0fb354638db44705469f01b160dea903b4612aa07f
libreoffice-core/sd/qa/unit/data/pptx/slide-section-test.pptx	pptx.sld.10.shp.30.xml	c-markup-canonical-same	len=53421;sha=6dd407800930a28846a2d847502f469f57f4556b1e594df882e222bb0861dd0e	len=3861;sha=99dd991bbe703f837278a7c41f4520ba912b45aae77975945f77a2e74d04cbf7
libreoffice-core/sd/qa/unit/data/pptx/slide-section-test.pptx	pptx.sld.10.shp.31.xml	c-markup-canonical-same	len=23083;sha=16c03ceb1fd5f015bfa8a1b62402caa66891f54d4fb15d337d6721dbb692e277	len=1663;sha=cb44dc08972c6812ca2a95250c9589d4e601cc425abc89e1ac61c00d802dc009
libreoffice-core/sd/qa/unit/data/pptx/slide-section-test.pptx	pptx.sld.10.shp.32.xml	c-markup-canonical-same	len=25377;sha=a99a90fc9c6683680b7e16d661e8bdf9b60e02d2fdea96f6a0359e692a8fa89d	len=1857;sha=db783badfdd650408432ab159236db3823d3d7ae08de5d92e74a2c3344ad703e
libreoffice-core/sd/qa/unit/data/pptx/slide-section-test.pptx	pptx.sld.10.shp.33.xml	c-markup-canonical-same	len=390545;sha=bc92ff86a904b8867f3e58d086faee99ba17eb9396a104813cfeab90a5b9b209	len=26405;sha=04f6dc947bd93052ea0074817da3c2082681d6bf2562b12b9ee481209b0b1e9a
libreoffice-core/sd/qa/unit/data/pptx/slide-section-test.pptx	pptx.sld.10.shp.34.xml	c-markup-canonical-same	len=14925;sha=39dc4a46e1a84bd7bd494333dbb441c0b511a95789788c72d6e82086abd7c282	len=1065;sha=34f12e78ac04ef8c3a70c784193509e03cf79f27e87777fac11a41cf0a448b2e
libreoffice-core/sd/qa/unit/data/pptx/slide-section-test.pptx	pptx.sld.10.shp.35.xml	c-markup-canonical-same	len=14471;sha=4b0ac9fa14925eb4c74bda034975f1fc3034d9832dd5e2da082f913baa1361c3	len=1031;sha=2be1d9a9e681e5456c50b026b1e16e3c0b6620a71c5e2d7a1a0530bea157c238
libreoffice-core/sd/qa/unit/data/pptx/slide-section-test.pptx	pptx.sld.10.shp.36.xml	c-markup-canonical-same	len=356186;sha=fed72305554c64fb01374e298d6466cb4eab104f13eb9437c68bd3fe3d4e55ad	len=23966;sha=e4b81ca0eb85c7e30262415e28f04374fbac4a8bfd9cdfc52bfd06f85fdd0fe7
libreoffice-core/sd/qa/unit/data/pptx/slide-section-test.pptx	pptx.sld.10.shp.37.xml	c-markup-canonical-same	len=40954;sha=98bb206ca9067f02bfac34777acb3c06ec9d6cb7cde19e1a0bb84a4287634b38	len=2734;sha=979d2f325397479be6078fdf94e718714fbe0aad9a4b4c01a9d54991f088be25
libreoffice-core/sd/qa/unit/data/pptx/slide-section-test.pptx	pptx.sld.10.shp.38.xml	c-markup-canonical-same	len=40954;sha=de1ff0a0d46f3cfc174319ee5b181495d413505bc676e427964e49ecc299187a	len=2734;sha=5782d5689b97062e5b47aab0f325628eb79940fc60770e781a46b85679ca62bf
libreoffice-core/sd/qa/unit/data/pptx/slide-section-test.pptx	pptx.sld.10.shp.39.xml	c-markup-canonical-same	len=40954;sha=bb934038a43d3a0c1545019cc36afccf2803759869491c3e70c6c057faf69288	len=2734;sha=1fb51315ee99c12fa946e60c1e6281398ddb05b9ac15e3f66bf235f3f4dc7177
libreoffice-core/sd/qa/unit/data/pptx/slide-section-test.pptx	pptx.sld.10.shp.40.xml	c-markup-canonical-same	len=39665;sha=3e2347942d54a1753b79a49cae2e6f6e54c7875fc8645ed9c632dba3b72ce3a7	len=2705;sha=129d56ee3607b87d586940a8b162652f47fbac36f69a5d9fe36bdc4d4cf3fe96
libreoffice-core/sd/qa/unit/data/pptx/slide-section-test.pptx	pptx.sld.10.shp.41.xml	c-markup-canonical-same	len=41003;sha=d56ff1254e719f7018952ca56cac4e0c9fbd73b45101a171aaccddb1e801ab3b	len=2783;sha=293728fbffe602de2cfa50c1027175f481913df43317781ed6c7e340f65e85ec
libreoffice-core/sd/qa/unit/data/pptx/slide-section-test.pptx	pptx.sld.10.shp.42.xml	c-markup-canonical-same	len=24833;sha=7412d435145fed38f697cdde32f8b62b11c7ede2e3c2182af1b9dd99704c8d00	len=1733;sha=775ea06d1b2c2b5d84adda4cc8d79aac585014447b6367a5e512af16eb06a276
libreoffice-core/sd/qa/unit/data/pptx/slide-section-test.pptx	pptx.sld.10.shp.43.xml	c-markup-canonical-same	len=40954;sha=d4a86a26903275d465a2a851ed9322d7a461ddfb5b42a5054a48151357d4f861	len=2734;sha=4ecd2dac42d915a5225b174359de3d804a090a910398e8693d782d3c561e29b7
libreoffice-core/sd/qa/unit/data/pptx/slide-section-test.pptx	pptx.sld.10.shp.44.xml	c-markup-canonical-same	len=40954;sha=82b5e5a83ae86f9cbaec8fda405e1642d58f891b3901f560800baa97eae4baf4	len=2734;sha=456e814e4be2e5c82bd2ce26e56d7dcb140debf68c391d815baf3623c17b6256
libreoffice-core/sd/qa/unit/data/pptx/slide-section-test.pptx	pptx.sld.10.shp.45.xml	c-markup-canonical-same	len=40954;sha=4faa351ed84f7367da3ad9643ee048f4ace31bcd863910bccd26945e8474b091	len=2734;sha=1aff171da708cc7504da32d3c1a833fca2647ac51e40b871d3a33b91961fcc74
libreoffice-core/sd/qa/unit/data/pptx/slide-section-test.pptx	pptx.sld.10.shp.46.xml	c-markup-canonical-same	len=168256;sha=1f9beabbb9bb54cbdc847cd4705254cf67a4affb4dea2796b50115f10f953df9	len=11596;sha=28861a20640c98dc7a3578e8e2b081f788dd000891e35a9b6f3c54d57b2c7995
libreoffice-core/sd/qa/unit/data/pptx/slide-section-test.pptx	pptx.sld.10.shp.47.xml	c-markup-canonical-same	len=14925;sha=1f8a4934c6d9a9f7df0f6e358ce83350370f8e8b5a08c85ad8102652e8f5185d	len=1065;sha=74fcbe74a40d65ba8ca1b413b0669ceda33cf460760edf865f3c97ad1c1bc0ab
libreoffice-core/sd/qa/unit/data/pptx/slide-section-test.pptx	pptx.sld.10.shp.48.xml	c-markup-canonical-same	len=14471;sha=456c7c2fe9e95254150c7820aeeddbb4b93a3934625ee643ed425fe5565d2fb4	len=1031;sha=e95f0e4b30b67381b93467d9c02334c2ce496f251ec0c3269b370d458edf5d7b
libreoffice-core/sd/qa/unit/data/pptx/slide-section-test.pptx	pptx.sld.10.shp.49.xml	c-markup-canonical-same	len=133897;sha=1bfa75adf7b5e9d4e0567fa921cdae9534b0384d9271f56d44e5b37d242e30cd	len=9157;sha=182c49d0a73bef6f1a84da7d93851822e945774cf3c7b40babb011a0da8bc2f2
libreoffice-core/sd/qa/unit/data/pptx/slide-section-test.pptx	pptx.sld.10.shp.50.xml	c-markup-canonical-same	len=32915;sha=981bbd14c48ab1aba797bf2ec3c21cdc88b5446337410786aa4611bb2e4e380e	len=2255;sha=f283422f4d45adae7e46262b566f5d85feb8fec9b4062eaa3a3e97749f9ce45f
libreoffice-core/sd/qa/unit/data/pptx/slide-section-test.pptx	pptx.sld.10.shp.51.xml	c-markup-canonical-same	len=32004;sha=c6140912d0886984015b58aa5648f3fc5de4c2ae3e761fcb356d2df224a27f44	len=2184;sha=bb19de7b9283327faa21c5dfa36b33a12f8e8fe5d4337082f8f1245973fa9724
libreoffice-core/sd/qa/unit/data/pptx/slide-section-test.pptx	pptx.sld.10.shp.52.xml	c-markup-canonical-same	len=32014;sha=d358bf2ed391cb2a29d6f3427d3abe125c72a3363c13c3f4edc38c611c6bc47c	len=2194;sha=b4f9c7dd10f3091839541edfbe5f0e3e5f8e80ef623e67caef7a9ed94789d431
libreoffice-core/sd/qa/unit/data/pptx/slide-section-test.pptx	pptx.sld.10.shp.53.xml	c-markup-canonical-same	len=32003;sha=0fc3dc4cebfbe9b94e975872142b145d83dbfcddc4dce449e227b8a70bd73fc4	len=2183;sha=878e078139b5c06b55c9afd06a355eb00cb09104d2aac2a05b0bd4f5ef61af85
libreoffice-core/sd/qa/unit/data/pptx/slide-section-test.pptx	pptx.sld.10.shp.54.xml	c-markup-canonical-same	len=117723;sha=64231bc39c577b0b6be872ac09059561a9a83ec7b52c4a0f7504348f365a89c6	len=8103;sha=03c06704d6ee37a9e40e58c042db5b906c48505996b6a19a923448754ad1ba75
libreoffice-core/sd/qa/unit/data/pptx/slide-section-test.pptx	pptx.sld.10.shp.55.xml	c-markup-canonical-same	len=14925;sha=eace285df3eb5125566937c3fdaa37cceda3570131ce52ce1921d4a06168d623	len=1065;sha=46041b03717e9e3340cd5a3725008a51ce3b9017273b684d546714e5e1dce495
libreoffice-core/sd/qa/unit/data/pptx/slide-section-test.pptx	pptx.sld.10.shp.56.xml	c-markup-canonical-same	len=14471;sha=c7497608d1447fccf91bb51d8ad4a220fa3bf4966772ba4479bb3e943b5c76f4	len=1031;sha=f8f8ed7f38825356022e6d15e12905ab3bf8f3e585a41331ae21f90e85361aa0
libreoffice-core/sd/qa/unit/data/pptx/slide-section-test.pptx	pptx.sld.10.shp.57.xml	c-markup-canonical-same	len=83364;sha=91f750fef83f7cb770bc2f6ad3a6bd519817eee885fea76cb392a193ec448324	len=5664;sha=99761b2199cc49372b94096ec2ebe1a814fee49e6aeb725f6bd5e71b9f435625
libreoffice-core/sd/qa/unit/data/pptx/slide-section-test.pptx	pptx.sld.10.shp.58.xml	c-markup-canonical-same	len=46386;sha=c21493a326bb9d3f50438cb42ff517a0d704b25ff7e4090c23c58199bbf297bd	len=3126;sha=b80dcade622226fe6557f85e9153604f334b9467c9af37971a9a22940556a7f4
libreoffice-core/sd/qa/unit/data/pptx/slide-section-test.pptx	pptx.sld.10.shp.59.xml	c-markup-canonical-same	len=32017;sha=8fcc8a242c2422e97d9adfc3c72ee365c98c1f159b8c6d32a2ee194d839e2d36	len=2197;sha=89ced0341771f7e8e5fa51571b434cdffdb036b3309a9f25f2436bb3c0d0e306
libreoffice-core/sd/qa/unit/data/pptx/slide-section-test.pptx	pptx.sld.10.shp.60.xml	c-markup-canonical-same	len=165608;sha=d149a400eb380922b2f9d316d52d75511d6a18b094b2c4ce7d954fd58c035e34	len=11468;sha=84626c5f95124588c3e472c56b7a2ae251c92a6d26f8d4a39361cf797c785357
libreoffice-core/sd/qa/unit/data/pptx/slide-section-test.pptx	pptx.sld.10.shp.61.xml	c-markup-canonical-same	len=14925;sha=4c4e820b9e692047fd08400c8b275ff75dfd93d70b4e60254e3749c3d8a866f1	len=1065;sha=b1c3e581dbba398d6b958171fdc7719c9bbc08ecb964727a9d8a391f8b8ce05b
libreoffice-core/sd/qa/unit/data/pptx/slide-section-test.pptx	pptx.sld.10.shp.62.xml	c-markup-canonical-same	len=14471;sha=2f3c0f56402f4ce06e84c292ac40f1de6b5607c63b6abcdb2a89fc233f31d205	len=1031;sha=bfdb2bf81e167629194a3509bf86e61e0f01984cbf809b7f3eb47fda3ca5bdde
libreoffice-core/sd/qa/unit/data/pptx/slide-section-test.pptx	pptx.sld.10.shp.63.xml	c-markup-canonical-same	len=131249;sha=b9db4a88ba108a714c60ce3b4e8d74ad30f29ef037e08ed307baba5a4648af10	len=9029;sha=838f4a851de830cff660c988bcc12346db598afff64ff0a8c70fcbfdc0893037
libreoffice-core/sd/qa/unit/data/pptx/slide-section-test.pptx	pptx.sld.10.shp.64.xml	c-markup-canonical-same	len=33813;sha=38945139fc374f31514858f033fce67388bac9cbe92a1fae2e23028eab9f6f7c	len=2313;sha=2b236a53323ad9ccafb0ad230a3d9f6592911902749d2d1c1cec0c34212b846e
libreoffice-core/sd/qa/unit/data/pptx/slide-section-test.pptx	pptx.sld.10.shp.65.xml	c-markup-canonical-same	len=40999;sha=e195bb3af0a121d9e8db4e2390fb4da086e3236605b0169e009363bd3f9fb716	len=2779;sha=0773e6249aaa61d336a07fd7b0d7951cf680084835735e5bb261256a460bba23
libreoffice-core/sd/qa/unit/data/pptx/slide-section-test.pptx	pptx.sld.10.shp.66.xml	c-markup-canonical-same	len=24836;sha=070f38f300867bf919237e03eed20d1803e2ae681b7e7d8d460b0a934a38a9bb	len=1736;sha=5ce295d4a4fcb52a7960c512bf747d23916c50e2df0b6d12fccd82037a77ae11
libreoffice-core/sd/qa/unit/data/pptx/slide-section-test.pptx	pptx.sld.10.shp.67.xml	c-markup-canonical-same	len=26640;sha=9e4c1df77c3571b6d9c3f119aad4a02131781795d9fb3d3df0f1df504c203d60	len=1860;sha=450d9eb0c512677ce28095d5c0760482f24c2d93937346959cb7d5e61d57344d
libreoffice-core/sd/qa/unit/data/pptx/slide-section-test.pptx	pptx.sld.10.shp.68.xml	c-markup-canonical-same	len=165741;sha=2a385d0657fb89f43a56d5ba1b4dacf2d145f4da0b7a27e14444b82e7067b743	len=11601;sha=aa05e753576ae006003d82e3bbe363192ea1d1e16a80f9abd6f70baf28b1b76e
libreoffice-core/sd/qa/unit/data/pptx/slide-section-test.pptx	pptx.sld.10.shp.69.xml	c-markup-canonical-same	len=14925;sha=85b085b61f2e2e3dde4aefee827ccbc289cb6c4a2aabaa0669f0bed32a75e5ce	len=1065;sha=644a655d181feb60697e18001568cb55f63800c87ca2e7b3f36df7e0483df25c
libreoffice-core/sd/qa/unit/data/pptx/slide-section-test.pptx	pptx.sld.10.shp.70.xml	c-markup-canonical-same	len=14471;sha=807def583d7912edab9a78c61bc915eb83db53a602396c6c4c5de236939c655e	len=1031;sha=cae4db1dbcf112e3b341fc8459051f42423e72c6dcdd004fc3d30d3cc15ed1e8
libreoffice-core/sd/qa/unit/data/pptx/slide-section-test.pptx	pptx.sld.10.shp.71.xml	c-markup-canonical-same	len=131382;sha=a063a7d81bcc4dafbebf29b99f5e204742875c4923fc0656346da3cfbfa5c8f7	len=9162;sha=a56a71edab2d54f21f772f5812c066e4bdc67b76cc3671a50bbfa4af15d9f9cb
libreoffice-core/sd/qa/unit/data/pptx/slide-section-test.pptx	pptx.sld.10.shp.72.xml	c-markup-canonical-same	len=40977;sha=972d58b141b34aa313c2ce16719ad658f6077efabe18615cc0c470368f6ba068	len=2757;sha=d63363b5de6f1b30b18b31aed372dabbb3458669d2d7fd609f5ba7b7523dd6dc
libreoffice-core/sd/qa/unit/data/pptx/slide-section-test.pptx	pptx.sld.10.shp.73.xml	c-markup-canonical-same	len=28475;sha=6b5904383b39f508e4932b03455fb970bf43c234c53c356b5de44db51e001635	len=2015;sha=2852e04ed3a4d0bc393c71beaff85433d82a4a3d770c4897fe2bd986c30dec1e
libreoffice-core/sd/qa/unit/data/pptx/slide-section-test.pptx	pptx.sld.10.shp.74.xml	c-markup-canonical-same	len=28484;sha=3758f94aefaa44fb8ad58e28f802f83c40f36a4f7d336a5bc805165e61869136	len=2024;sha=0d4f3fd10d7b4aae2f3d3480eba614ae7e00c97141350cbc27a1536c9ff0a20d
libreoffice-core/sd/qa/unit/data/pptx/slide-section-test.pptx	pptx.sld.10.shp.75.xml	c-markup-canonical-same	len=28485;sha=9f1d9d75b810f3d67256abbf6ba1ab450500b31394f062347c89bbb20f7f293f	len=2025;sha=c56c42333b623a09c76bf1644679a3662f2939169ab8ce10079175d33c6765f9
libreoffice-core/sd/qa/unit/data/pptx/slide-section-test.pptx	pptx.sld.10.shp.76.xml	c-markup-canonical-same	len=103001;sha=3183a35462d9184936dd60bc7170a6c4241da342f16674ed74fcff3f3648d6bc	len=7241;sha=82dc85196a9164fed785d9985a9cd7362455f57e1b7e7a7c91878e7327d0301b
libreoffice-core/sd/qa/unit/data/pptx/slide-section-test.pptx	pptx.sld.10.shp.77.xml	c-markup-canonical-same	len=14925;sha=f0c28a78722beedc5e3ffa50bde309a82450c348f3febc9d01081590cca026f4	len=1065;sha=87567a6b49c5dd9b3b8db4575b2622ede0ce222d34e843cb0a902b07790e76ed
libreoffice-core/sd/qa/unit/data/pptx/slide-section-test.pptx	pptx.sld.10.shp.78.xml	c-markup-canonical-same	len=14471;sha=378a8901057683bf9581c6f2d40f50b124c807cd947489c8185fd42c0234cf16	len=1031;sha=82910805153b0240cfcdda016f61445022f985d95221689491ad60c748cef249
libreoffice-core/sd/qa/unit/data/pptx/slide-section-test.pptx	pptx.sld.10.shp.79.xml	c-markup-canonical-same	len=68642;sha=112a762cd5f437d5d6599425abd84951b057ab2fba32e4f0e66fd8ac5aa10c94	len=4802;sha=d782c6ae499c7e477e6c25e113373fa394445cf13f55b1bd8b4b4b326452ac40
libreoffice-core/sd/qa/unit/data/pptx/slide-section-test.pptx	pptx.sld.10.shp.80.xml	c-markup-canonical-same	len=23083;sha=ba662b5c76a07c26be47cfb7e762d5a1a8154921cc0ab26bc77eb4cdd7c7a6a7	len=1663;sha=2f9fe109407fb42d70608bb35905d72855e870d946ec426583778ea5e15bccc7
libreoffice-core/sd/qa/unit/data/pptx/slide-section-test.pptx	pptx.sld.10.shp.81.xml	c-markup-canonical-same	len=13533;sha=4379e5a73ff2aa5071da542bf8ec483cf6b9eb1db38defc8117b7e99a19d5249	len=933;sha=70b1ab828987438d000e06c752a40ca05d336fa6f211147962cdccb1c9f285c8
libreoffice-core/sd/qa/unit/data/pptx/slide-section-test.pptx	pptx.sld.10.shp.82.xml	c-markup-canonical-same	len=13533;sha=da720b33e033c919a6e5c317d0bae9bc5192a48bdcef6acb3f112f99e4f3e123	len=933;sha=8701f0264cced3e6a2f52a21a7d72092ac9dc805e6656b09328fe751ab2f99f8
libreoffice-core/sd/qa/unit/data/pptx/slide-section-test.pptx	pptx.sld.10.shp.83.xml	c-markup-canonical-same	len=13532;sha=c7fe550aaba68524cf6572ee001b47e81e3a9dcb31e048f2155e73ab833ae562	len=932;sha=ac2c4f0f8149e8cfa9382ed59270f413f8648c5edd2a0713307fec687c0325b5
libreoffice-core/sd/qa/unit/data/pptx/slide-section-test.pptx	pptx.sld.10.shp.84.xml	c-markup-canonical-same	len=115616;sha=d581b8e78aaf26924f81602a7cf67d0735d90687d883d2c7f0de78fe616e716d	len=8096;sha=0c321b6c693c8ba75a9271501db808ab2fc9ec1f08cd23f366b08414de96d968
libreoffice-core/sd/qa/unit/data/pptx/slide-section-test.pptx	pptx.sld.10.shp.85.xml	c-markup-canonical-same	len=14924;sha=6eb2142e2918ca2c193a88da3cc53c376fc174e39c29d5a80b6fa1f5a1478423	len=1064;sha=d1b168998bf7e9a5d79772901718f6bb3ee26ca179136f747d8525a515f91bf2
libreoffice-core/sd/qa/unit/data/pptx/slide-section-test.pptx	pptx.sld.10.shp.86.xml	c-markup-canonical-same	len=14470;sha=6824d9047db4273c87fb7e132074ccea14300fde4da077792bf42c007f8dedb8	len=1030;sha=20d5ea499fbd8b6a30a62577a0f89e371c77e4fe21fad1ba054aa50c2e652acf
libreoffice-core/sd/qa/unit/data/pptx/slide-section-test.pptx	pptx.sld.10.shp.87.xml	c-markup-canonical-same	len=81261;sha=8a7cf86d8d24c814420e7d9a947afcc58a754602397213e6d45961a8dc111477	len=5661;sha=ccdb2550553fa058e3fcc7fc8c46ba5cbb64619728e97a4bf839e057967eee29
libreoffice-core/sd/qa/unit/data/pptx/slide-section-test.pptx	pptx.sld.10.shp.88.xml	c-markup-canonical-same	len=13543;sha=96546842a6817c4209a0daebc2de0d9799beb9d4549b37b826eb21bb984a770b	len=943;sha=3e7820a8aa0c893eb1b736db13a1a0be50cb18fd3bbd456caaba0f7202ddde16
libreoffice-core/sd/qa/unit/data/pptx/slide-section-test.pptx	pptx.sld.10.shp.89.xml	c-markup-canonical-same	len=41456;sha=d3e8a1f373b5e9b86cea5b7822f124b9df36517939b65938b2691c72b68ba9ba	len=2816;sha=c62506c364acaf19e0c82c0cfdb106428674c75fee622ece0bbfeb812611f1c3
libreoffice-core/sd/qa/unit/data/pptx/slide-section-test.pptx	pptx.sld.10.shp.90.xml	c-markup-canonical-same	len=21301;sha=665ca4caee4d3e91e9561d61408d8c74d0085f59cc57fcdfaf4ab133135e6161	len=1561;sha=cae820b3d6195c3973ac6c1498554e05b3de45f86b402d7db941e6324d1914ac
libreoffice-core/sd/qa/unit/data/pptx/slide-section-test.pptx	pptx.sld.10.shp.91.xml	c-markup-canonical-same	len=12616;sha=991484847dad81590f6711ff900297d1961f460adb66ee2b7cab44e54e60343c	len=856;sha=8f93f3b6c30c5e98a2a1aea341665a940f5682f10fbb6eae258f405dfa646e0c
libreoffice-core/sd/qa/unit/data/pptx/slide-section-test.pptx	pptx.sld.10.shp.92.xml	c-markup-canonical-same	len=14400;sha=dbbb5ba5d64cdedef50bb93ecfdc8d699c01fcb2d074734eb0cfbad8a80a511a	len=960;sha=93dbcd3fa3a814da5d9587fd921b830db5df5db747a4ca7d9417254dd4d8bee8
libreoffice-core/sd/qa/unit/data/pptx/slide-section-test.pptx	pptx.sld.10.shp.93.xml	c-markup-canonical-same	len=12616;sha=a6d3f2a9b39b3e837e34c70b0f2bad6f4e626a3d9e18739de156bace051e7011	len=856;sha=0734d7aeed1c7c8b3e8fd88fe0d37e13929e42337312f7b1014d58c90a920cde
libreoffice-core/sd/qa/unit/data/pptx/slide-section-test.pptx	pptx.sld.10.shp.94.xml	c-markup-canonical-same	len=14399;sha=66d8dc71533b9d58ddb7f4f5e48023c2c3bc355ba24d91e90a6ede7dcdacbf89	len=959;sha=84dc39cf9a03602ea1ab9bda90d950cd9629bfed9cc7c03c4079df49760060f7
libreoffice-core/sd/qa/unit/data/pptx/slide-section-test.pptx	pptx.sld.10.shp.95.xml	c-markup-canonical-same	len=12617;sha=dda7a0015f6d1173af39cad9c4a8d6bdb24930d6c3edc80a3f9eb541204a4b07	len=857;sha=a8a96c59259dbd5269989925a92b694962ed3ff67743c7008fb0628b7faf820b
libreoffice-core/sd/qa/unit/data/pptx/slide-section-test.pptx	pptx.sld.10.shp.96.xml	c-markup-canonical-same	len=14400;sha=39fcf864986c3b6a14599557801dfd41a2da9373e272461f8dafeeb28f5483cd	len=960;sha=67d7a104bcf5ca7bfc37413ccc1814ed6b3f684c2541ea9c7c6226da70ecd025
libreoffice-core/sd/qa/unit/data/pptx/slide-section-test.pptx	pptx.sld.10.shp.97.xml	c-markup-canonical-same	len=12617;sha=3ecb58949bfe496a0f2554c18f31a3ab64064da028e307349c56ae714445f191	len=857;sha=4ef7c1aebe7b7376f600f38583aa5091e78edbc9330eddb5ee4f1789d43b4e6d
libreoffice-core/sd/qa/unit/data/pptx/slide-section-test.pptx	pptx.sld.10.shp.98.xml	c-markup-canonical-same	len=14400;sha=ccd5456191ea9dac6f56f04e171bf13adc4679a570035040970277d061221aa3	len=960;sha=eca22c34741e223f50c81169673d7d39c96c3325b33c8ffd008274fa59a16520
libreoffice-core/sd/qa/unit/data/pptx/slide-section-test.pptx	pptx.sld.10.shp.99.xml	c-markup-canonical-same	len=12603;sha=d7347d8f71097f3d95302457c3a3b7d8106e40e3d80c37d024972d6eaf95ae57	len=843;sha=c1cb5208dcb2c6270b1e638e006b54f8a945f00c517ffef4623549335559e36d
libreoffice-core/sd/qa/unit/data/pptx/slide-section-test.pptx	pptx.sld.10.shp.100.xml	c-markup-canonical-same	len=14388;sha=a12f3573724ffe961b2a61a9ee0de641719a47449a2936b726114a8ceb780a75	len=948;sha=02df308408f144c8837ef2a6fb2636483c89c23d0d75a3f5d929f2a012e66361
libreoffice-core/sd/qa/unit/data/pptx/slide-section-test.pptx	pptx.sld.10.shp.101.xml	c-markup-canonical-same	len=12605;sha=3aa05186783064abea2821040357d4abca9201f7f3be87fb851eac6e21f510a6	len=845;sha=5a5eb639144db0ec453571187cdde80833e8845a8bc3832430cf789f61d51541
libreoffice-core/sd/qa/unit/data/pptx/slide-section-test.pptx	pptx.sld.10.shp.102.xml	c-markup-canonical-same	len=14388;sha=9914b3b87267148946ee865b22e710d353d09edd16f9474d768ebf90f23a3d33	len=948;sha=b728e607c8ec8da0b84785b9674f22e5f8566d255110e8985b4c69526a13c4f7
libreoffice-core/sd/qa/unit/data/pptx/slide-section-test.pptx	pptx.sld.10.shp.103.xml	c-markup-canonical-same	len=12605;sha=4e68693709b103fba125dce02b450dbda3ec77fd6a622b5dfef0af597bf900d2	len=845;sha=90df8a02c240b00f36b8de2b487f05dbce97a89797fe072cb4f2e558b3e0c6ad
libreoffice-core/sd/qa/unit/data/pptx/slide-section-test.pptx	pptx.sld.10.shp.104.xml	c-markup-canonical-same	len=14388;sha=529bcc5329570fbfad17310f88408509e8e4f4fc1f85d00ba6ecde9411dfe92d	len=948;sha=bf8e4077e8f1fcd56a695c0fc3cd5a195ab370589a5960f192adc0c7c0dfe341
libreoffice-core/sd/qa/unit/data/pptx/slide-section-test.pptx	pptx.sld.10.shp.105.xml	c-markup-canonical-same	len=12605;sha=f6a881047c59875c7c30d6c9931ca0737812e07d76895d9df6eb6cfd78ed757e	len=845;sha=cba3dfa011d1bb853acb2dbc4e7665ce2deb73aa629450ed96b6b7fe9c2e78cf
libreoffice-core/sd/qa/unit/data/pptx/slide-section-test.pptx	pptx.sld.10.shp.106.xml	c-markup-canonical-same	len=14388;sha=9f0906976171f7d976d4c75113aa15c64665d9665f9985e184d52e3c0ceb77dd	len=948;sha=69e6970813ed53e046981d20d29b98a23c8f1a27977401fe9f0845924584c03c
libreoffice-core/sd/qa/unit/data/pptx/slide-section-test.pptx	pptx.sld.10.shp.107.xml	c-markup-canonical-same	len=12627;sha=d2eee5802672e5c3a83869f4138d687112e111b6a529ec255d1390565f027da6	len=867;sha=5bfe4fe9f6ec800eb0cf16f6caf66c6c5e62fa538821f6c4e944eb895d9a2f70
libreoffice-core/sd/qa/unit/data/pptx/slide-section-test.pptx	pptx.sld.11.shp.0.xml	c-markup-canonical-same	len=95025;sha=0259e449be2894e3c4e88c04df031e4bef584f9aa6bedfbeaf949fa6a59ccf4f	len=6405;sha=ede22e2a8a8949927ea0be64fd0ea7c958aa4ff39dc777f3cead941ba41f4a68
libreoffice-core/sd/qa/unit/data/pptx/slide-section-test.pptx	pptx.sld.11.shp.1.xml	c-markup-canonical-same	len=39186;sha=f89f87ce3406be815a9a2520ca2c35e94c1060dad192b270392fb9b1084b9651	len=2646;sha=0f2186f335e5d9128154bde6899c03c87febc46586ba932468c55138e8f5d2da
libreoffice-core/sd/qa/unit/data/pptx/slide-section-test.pptx	pptx.sld.11.shp.2.xml	c-markup-canonical-same	len=37349;sha=a48eb46ee7701e97111627403a0b0c1d01a58e2f63f44cfc2b5adb9e93cdf79e	len=2489;sha=def79daa711921443e2c2653d05e688dcc4ee5ceff67e304d7c21557bfb157bf
libreoffice-core/sd/qa/unit/data/pptx/slide-section-test.pptx	pptx.sld.11.shp.3.xml	c-markup-canonical-same	len=13531;sha=4ed61155ac7e71e60621c4b1a2c84a1b7304d977880d98dd1c1af1339d6b9641	len=931;sha=cdb0b4b03525ea96d01ca5db164a3e2ca43958078fd68f1998a3c96794f36f53
libreoffice-core/sd/qa/unit/data/pptx/slide-section-test.pptx	pptx.sld.11.shp.4.xml	c-markup-canonical-same	len=95030;sha=59b895e714f84e1454eb2cb5cb257a59a1241b27e68fbe3feab7c60a2b2ce8a4	len=6410;sha=bed8966a37406576ff7d219bde11148ed1afe7e22d81ddf8403542d1144dd56c
libreoffice-core/sd/qa/unit/data/pptx/slide-section-test.pptx	pptx.sld.11.shp.5.xml	c-markup-canonical-same	len=39187;sha=5e78de4bb585a12f10f6a0e858d133b561dc1defce8fd5b295d547a669d773e5	len=2647;sha=c9ee0017972112165ca5378cd1a638cdcbf39c5905f5585757bd239065848688
libreoffice-core/sd/qa/unit/data/pptx/slide-section-test.pptx	pptx.sld.11.shp.6.xml	c-markup-canonical-same	len=37350;sha=d9a0b14d35a93689c60651a6f21949292465a3abf8373a7c3d1aaa8d262ee0b5	len=2490;sha=edaf42894e0c874ba4519729113cdec0b730f4512ac310b26d0b7e50a4049c64
libreoffice-core/sd/qa/unit/data/pptx/slide-section-test.pptx	pptx.sld.11.shp.7.xml	c-markup-canonical-same	len=13532;sha=14940bcdc5304b1ffd721d1be25bcb4e42796e300686703e3c3d423f43366ad1	len=932;sha=a81fe9f5aae58247414172cedc46379e8c4c059f66807bbe4e131f9a3df8a9f4
libreoffice-core/sd/qa/unit/data/pptx/slide-section-test.pptx	pptx.sld.11.shp.8.xml	c-markup-canonical-same	len=95030;sha=b2f74ae0360e4b5b30c3926b560ce3576485546326babe076fea5552a8b5fdd4	len=6410;sha=9a0ff98e344129dbd67c36584d5328def55dd41a26c237e4ddf2063b65db8866
libreoffice-core/sd/qa/unit/data/pptx/slide-section-test.pptx	pptx.sld.11.shp.9.xml	c-markup-canonical-same	len=39187;sha=9c318b795188ddfa436255af71a0b60933db00806e65adcd47ccc505d81555a1	len=2647;sha=5f4083ef56a29d1e88db81debca2a83fe761f136d8f353e1ae73d7d8043012e2
libreoffice-core/sd/qa/unit/data/pptx/slide-section-test.pptx	pptx.sld.11.shp.10.xml	c-markup-canonical-same	len=37350;sha=f2dcd8f0b2244d5ba5f813f8b838dc0f73d05684e46cd08a9bd261cd5268d27f	len=2490;sha=27eb7d140d449b4f4808c25c310fcb787e4b9c401c61dcc00ee062832d00218e
libreoffice-core/sd/qa/unit/data/pptx/slide-section-test.pptx	pptx.sld.11.shp.11.xml	c-markup-canonical-same	len=13532;sha=e02c0d5f19ad1b55ef70ce0c1487380de3a331cefed8b1f50e6eaa27f0e211e2	len=932;sha=b1503a7b85720b1207a4d6e303593bb404998359a8be291fc3e91333538d78a7
libreoffice-core/sd/qa/unit/data/pptx/slide-section-test.pptx	pptx.sld.11.shp.12.xml	c-markup-canonical-same	len=95030;sha=ac3bd4377c45dd50f791aa5638395e88d0426d193186240e48df858ee42a5aeb	len=6410;sha=3bde6e85a06114d67564ecba56e5bf9bd8d0115a3ecb8795517e0edceb33cca5
libreoffice-core/sd/qa/unit/data/pptx/slide-section-test.pptx	pptx.sld.11.shp.13.xml	c-markup-canonical-same	len=39187;sha=a7db9c5ea91f14e9a224bd23384c79b51ce928a8d907f6262acd25da5dee7284	len=2647;sha=e6d8ccba56d7fa24731f3897c9b2440c8623b25cb471a590ef2dcb013668b589
libreoffice-core/sd/qa/unit/data/pptx/slide-section-test.pptx	pptx.sld.11.shp.14.xml	c-markup-canonical-same	len=37350;sha=315e0a38ee8d6d965699817d406d613bfce5dcb9faaf10920fce8fc952ec37af	len=2490;sha=d35d1b088aeb02a33889fbc98dcdb0c87bac3776b45db2aa086cd25fc27d738a
libreoffice-core/sd/qa/unit/data/pptx/slide-section-test.pptx	pptx.sld.11.shp.15.xml	c-markup-canonical-same	len=13532;sha=d1f59f49c010022c68d2b1cb0d27ab920e827fb373648b255b83c074658f2a93	len=932;sha=5ea0731d34414d3320c326501365320ae956c3f73418d70a59de1eec06ab0c5e
libreoffice-core/sd/qa/unit/data/pptx/slide-section-test.pptx	pptx.sld.11.shp.16.xml	c-markup-canonical-same	len=12603;sha=33dc737782fa4c2bb837fe4773aec5b288195ab153c5a357082550dac5c8e0f7	len=843;sha=f963200be1315dfcdd812bde323f9807caf431a667cb351b14b61bc008dc7ce7
libreoffice-core/sd/qa/unit/data/pptx/slide-section-test.pptx	pptx.sld.11.shp.17.xml	c-markup-canonical-same	len=14387;sha=f5fecdf9e0400cc2adb45b6a8db88bdb8b0f90ccc20ff3ba72474967d343525a	len=947;sha=55f47a2aafd311030c415beb7f10f40dadd0b4783d1eb854c17d4a7337d6cc50
libreoffice-core/sd/qa/unit/data/pptx/slide-section-test.pptx	pptx.sld.11.shp.18.xml	c-markup-canonical-same	len=12604;sha=3436bef11f405981d19d431c55a2325292f9bf8e64e93e851f52e3d2c77a5bf0	len=844;sha=f453e7cd72ae6cd835b35b1b6d589983fd52e4d634f237485c2c7126c7e9ed3a
libreoffice-core/sd/qa/unit/data/pptx/slide-section-test.pptx	pptx.sld.11.shp.19.xml	c-markup-canonical-same	len=14387;sha=f2cbfeff50046908ba454374106be68c9ae0b6231f00e29d74b2d3ed388b4413	len=947;sha=f811e0f60423fd6d2fec727b547f72a88cc452e9abe8a1212a212f35c0ac1b6c
libreoffice-core/sd/qa/unit/data/pptx/slide-section-test.pptx	pptx.sld.11.shp.20.xml	c-markup-canonical-same	len=12604;sha=599bca57683250b8d4d5e11dcfac5c17d26212c3970822b00532811c20984465	len=844;sha=94f1ca9ea484995701dfa6404ccac701f45020307a3094ca1463d75d16f8100e
libreoffice-core/sd/qa/unit/data/pptx/slide-section-test.pptx	pptx.sld.11.shp.21.xml	c-markup-canonical-same	len=14387;sha=e4cf383f146303cc4a4b50f138c65c3933c937f888282a1d355934a99424f691	len=947;sha=9fa5adf035ed09900234ba6ec85f04b7999f0f59c8efa361daa56682684861f4
libreoffice-core/sd/qa/unit/data/pptx/slide-section-test.pptx	pptx.sld.11.shp.22.xml	c-markup-canonical-same	len=12604;sha=6b95caf41982aed3c5c00e1338f73d7dfd32ebb27f56c8d5c2461fa88a1c3d77	len=844;sha=0ac27376ab373ef620a05ef3bdf41b00a1e60f09f2a1f5086050be540dd9b870
libreoffice-core/sd/qa/unit/data/pptx/slide-section-test.pptx	pptx.sld.11.shp.23.xml	c-markup-canonical-same	len=14387;sha=27c56dca5754a9d26bea545c34197f06fa819e03b65267dbb23b48d009afe970	len=947;sha=55733064a5a431ad6f70865b2bb61f5e89751d26f40f5c388ae829aebb1c8e18
libreoffice-core/sd/qa/unit/data/pptx/slide-section-test.pptx	pptx.sld.12.shp.0.xml	c-markup-canonical-same	len=86173;sha=1192305425ea84d849c1862739312b4c9687fd7a327e5b1e3fc7abc3c0ad085c	len=5953;sha=dc64565aef7f41f9c95d41df87b675515af65855167e7ceaf58d62412faafaae
libreoffice-core/sd/qa/unit/data/pptx/slide-section-test.pptx	pptx.sld.12.shp.1.xml	c-markup-canonical-same	len=13541;sha=0e9428f19d972c08efc9d8dfc54446e42753408667167173953e04f24230ec0f	len=941;sha=baa0e2ee0952f16ef2d9500d73e41f72943f5b131f19c3759eeca578496acc6f
libreoffice-core/sd/qa/unit/data/pptx/slide-section-test.pptx	pptx.sld.12.shp.2.xml	c-markup-canonical-same	len=13532;sha=4fbb02d56220ca8ae9ea10ec2a0f731dfa229f34360594f3a1d95870e8164752	len=932;sha=7ec9c6514b9d4dd39c3e6aa4f75ffd312a87c9223d85c738de2fdeb05abe2f99
libreoffice-core/sd/qa/unit/data/pptx/slide-section-test.pptx	pptx.sld.12.shp.3.xml	c-markup-canonical-same	len=13532;sha=925e3c81e65fcc5e7e2277c342dee78f28bc0b0d0f36aa906fa5535436d2c965	len=932;sha=98ad4d8c3c42601f000538f22080029ae5b4071ca25a6b2dbb55e91391c79e5a
libreoffice-core/sd/qa/unit/data/pptx/slide-section-test.pptx	pptx.sld.12.shp.4.xml	c-markup-canonical-same	len=13532;sha=c51ea2db2cacd4f8a3bfbd4fd1f4b84c1ca3338410486465c4d6e01a4eaf96e0	len=932;sha=a057921229738ec56b4e8ac6749db45b0e9968d1bad196c081318601ffe60428
libreoffice-core/sd/qa/unit/data/pptx/slide-section-test.pptx	pptx.sld.12.shp.5.xml	c-markup-canonical-same	len=13532;sha=52fe90e8106c5d94904faea9428857a80874a600c1a1d404a15eb433876d88d4	len=932;sha=c2dacdbb9f5f263811dd0387d1f16e7dc20720f5e06987979e1f34ed067b60ac
libreoffice-core/sd/qa/unit/data/pptx/slide-section-test.pptx	pptx.sld.12.shp.6.xml	c-markup-canonical-same	len=13541;sha=8907374cf1772b29f6e74b500bf8479ef28eed6135bb62b1edd632d567ec2f70	len=941;sha=4d7640dae5eb1e4b3dfd498adf19e487c98c7afe5ea7eafa3dc218aa42983861
libreoffice-core/sd/qa/unit/data/pptx/slide-section-test.pptx	pptx.sld.12.shp.7.xml	c-markup-canonical-same	len=14404;sha=61fdf8224a0f30e1efc00cdc9decfd731aa7bfb6aa7a15e36e06c17fc0217389	len=964;sha=8d617672337f987565fd8767901423bf939a5da4e301d9dd4d06defee89febc1
libreoffice-core/sd/qa/unit/data/pptx/tdf103477.pptx	pptx.sld.0.shp.0.xml	c-markup-canonical-same	len=4877;sha=a93be43a92b191630cd63316b328940d4806b6b9803777ddae39e1180e08587d	len=968;sha=ecb1546bce1a41f5230abe4dc3ad180ca47748b253a552342e61631c601a4f8a
libreoffice-core/sd/qa/unit/data/pptx/tdf103477.pptx	pptx.sld.0.shp.1.xml	c-markup-canonical-same	len=3781;sha=4b580908f4148ecadd2cbe38367077ec589cfc31ddec91bae78f39860ffc8bb7	len=405;sha=fe07711f1ea9eee7d9bb837a62cbd390086ac1d6760d7a372f5285f64c13b91b
libreoffice-core/sd/qa/unit/data/pptx/tdf103477.pptx	pptx.sld.0.shp.2.xml	c-markup-canonical-same	len=4553;sha=e27f1d0cdce101fc7506770088de28fdf9090bb6d1484e7e17b4702dd014cd46	len=544;sha=47f9a6257628d75dd88e9c16b956553ebe38d2be3efa6e892ee04db802abdc98
libreoffice-core/sd/qa/unit/data/pptx/tdf103477.pptx	pptx.sld.0.shp.3.xml	c-markup-canonical-same	len=34257;sha=5a2dbda9753adb10196cb75172b6ccdbc04530da8ee8a2395db2c9b8923ed1c0	len=5772;sha=98a46c055e4a6c4f42ca2994675487b4c90882770a51d0cbe831884e318294d2
libreoffice-core/sd/qa/unit/data/pptx/tdf103477.pptx	pptx.sld.0.shp.4.xml	c-markup-canonical-same	len=4838;sha=c821d6e384c665452d74ba22e2f15a25dc55c928234217a20f94277e89844caf	len=618;sha=ed2a0c8e5dcad949dd308f37af4eaccfec82d2d007f8bd8c0e1b37fafad171bb
libreoffice-core/sd/qa/unit/data/pptx/tdf103477.pptx	pptx.sld.0.shp.5.xml	c-markup-canonical-same	len=7009;sha=cc586d6554e0df12947d04c6a14cc616f65a71e7b22b7d65604015cd852240d3	len=890;sha=f50d0171149e830a3198bd30c53bfc1867485297a090923ced303cfed9487989
libreoffice-core/sd/qa/unit/data/pptx/tdf103477.pptx	pptx.sld.0.shp.6.xml	c-markup-canonical-same	len=32182;sha=1f3ce667e3d0bd1de55ab88a17cd07681c9f4261fb6a3b02781166b9a083a4b1	len=4870;sha=cd195ba0a82f635bd3d41ae98f17a46d2815fe54ac72d9697ceb0cd1fcc97293
libreoffice-core/sd/qa/unit/data/pptx/tdf103477.pptx	pptx.sld.0.shp.7.xml	c-markup-canonical-same	len=30210;sha=2e3263145b9f8072ccdc7c2ff64a3c46f24aabc3144d4b5b1626d113d95ab482	len=4586;sha=dcd378eb97a044545cd9847b9d2ee1baaa47e8f7642fa9f02f06f6e2ac8e12ff
libreoffice-core/sd/qa/unit/data/pptx/tdf103477.pptx	pptx.sld.0.shp.8.xml	c-markup-canonical-same	len=6519;sha=f7e03345933770419da8e6cf0253feedb9f4add9f99ca2c64e8bc237899cd034	len=822;sha=f1c3b31d24d45c325546c39cbec15bd22570e4029e5441fae077590ebefefa13
libreoffice-core/sd/qa/unit/data/pptx/tdf103477.pptx	pptx.sld.0.shp.9.xml	c-markup-canonical-same	len=6982;sha=94a900c2c295d8e6fe0e3bd180bdcc7e3399d768262adeac490c491303a84db4	len=863;sha=285b54c88cb1f09e8137e16229b99e04d274f6767ea4808f0c8ecdac47546744
libreoffice-core/sd/qa/unit/data/pptx/tdf103477.pptx	pptx.sld.0.shp.10.xml	c-markup-canonical-same	len=32181;sha=6ced9697eef3b65e0607119beb11131636756fa30e1a0fc25d41cf1591a8aadd	len=4869;sha=a956f24dc0de0a6a4cd4d874dd8519b4aae3bdbf6032d7163cbcda9611df3a14
libreoffice-core/sd/qa/unit/data/pptx/tdf103477.pptx	pptx.sld.0.shp.11.xml	c-markup-canonical-same	len=7041;sha=79a6fb8fe2968133fcf7a42c588f1adcea50dda28897598f8bafdf8a868f2746	len=922;sha=36ef3352d5d24db82d5dd23237022066eedc5eee1df6421574ef6611f2674b2c
libreoffice-core/sd/qa/unit/data/pptx/tdf103477.pptx	pptx.sld.0.shp.12.xml	c-markup-canonical-same	len=46384;sha=f12029d97e1cb43ce7123ef90a2765599e08e6ad7b6268a4562f749acc82d85b	len=6623;sha=cf1120bc0589390bad02f6ac6b1f5371e136ced659758169a254796d8118fdd6
libreoffice-core/sd/qa/unit/data/pptx/tdf103477.pptx	pptx.sld.0.shp.13.xml	c-markup-canonical-same	len=30210;sha=22e63f78abeb53382f2e7be666a8ff27a20f043af7c234d928ac623c00aa55b7	len=4586;sha=2d9d8b56d83989f346013297b74d1f0a821b3b37f5c25224615acba853545ce5
libreoffice-core/sd/qa/unit/data/pptx/tdf103477.pptx	pptx.sld.0.shp.14.xml	c-markup-canonical-same	len=6521;sha=4d60a0e039c6a6a47a2062008bdd6e69ad1cf1cb1dea5946c48bfed04d37675c	len=824;sha=536f7917d2c301a456bf6607d3f9fbc13898f2beb87a01b159497a9e02bc71d6
libreoffice-core/sd/qa/unit/data/pptx/tdf103477.pptx	pptx.sld.0.shp.15.xml	c-markup-canonical-same	len=6984;sha=88c0fd2894dff5a351f73e10bed29b8ba212bee23610870af4280ced82cef53f	len=865;sha=42f90642ad427a7b66b70acbf41d2519149f28990b52aa4c171b9fb1df08b645
libreoffice-core/sd/qa/unit/data/pptx/tdf103477.pptx	pptx.sld.0.shp.16.xml	c-markup-canonical-same	len=30216;sha=de63a17bf562c7639deb9dfe7a9c586731f5d1c5c67c9332512e3f8be59cb455	len=4592;sha=bf0a63259aa9147faf93eaa68e9ec885194e8530be65da27ee1bd8ad8b741b62
libreoffice-core/sd/qa/unit/data/pptx/tdf103477.pptx	pptx.sld.0.shp.17.xml	c-markup-canonical-same	len=7041;sha=752257f6ca935eff912999065ffea5755791f7bc3f0ad8a355f26b67f4389683	len=922;sha=77470c38fe8a2dfdef85f02b5a1825013f6e4763f80e369a00fbb1d7c03a09a8
libreoffice-core/sd/qa/unit/data/pptx/tdf103477.pptx	pptx.sld.0.shp.18.xml	c-markup-canonical-same	len=32181;sha=7c18c898ff78e58b9b44c72a91e9f04950b014b13da3bb06be43a909b53111f5	len=4869;sha=44b41e327611e90a730b4007390c34a7bd5a89b20c155a39ee40f83aee1b1550
libreoffice-core/sd/qa/unit/data/pptx/tdf103477.pptx	pptx.sld.0.shp.19.xml	c-markup-canonical-same	len=6521;sha=3008b2f5f2e329ad2110a662f8caf39ec34ad6da486ee1145da1eaea8af6fbc8	len=824;sha=eeb09b66854d6b361dd454abb42f11261dd715f800ffbdefe2b836633d39d156
libreoffice-core/sd/qa/unit/data/pptx/tdf103477.pptx	pptx.sld.0.shp.20.xml	c-markup-canonical-same	len=6984;sha=4e38df8b5288b92bd3a8155fe1d065bbe0281519b496dcd4c407016fa7eaa5a8	len=865;sha=d640058e4f271f59743e194f310da6b0822584a697f2cf2d72d340050ce0bfe5
libreoffice-core/sd/qa/unit/data/pptx/tdf89064.pptx	pptx.sld.0.shp.0.xml	c-markup-canonical-same	len=8473;sha=7f40d98dd75c3e70db609adcbbbfec3e6a54f84bb48b7861ff573e33f38a53c9	len=493;sha=53d2bd2cbbe31f30ef26cfeb3ae235bf36fc52fc9c4f510e5187c869d69c1c67
libreoffice-core/sw/qa/core/objectpositioning/data/do-not-capture-draw-objs-on-page-draw-wrap-none.docx	docx.par.0.inline.1.xml	c-markup-canonical-same	len=1356;sha=03a77cb3b3173e262dbf2af70703c878cf0d7bd99764be5d8b7d06f97b85849f	len=44;sha=24d5d4f1988da84d4ae8c3f19a734cc04fd0bdbf96dd7503a4f1d6e328cfe1c5
libreoffice-core/sw/qa/core/objectpositioning/data/do-not-capture-draw-objs-on-page-draw-wrap-none.docx	docx.par.0.inline.5.xml	c-markup-canonical-same	len=1354;sha=49123c5d9b258c40a4b022638f43ca734bf76898f0d00beb012d3ce12f8bca36	len=42;sha=c26240eb89659c453a0c8b96ecfacbd2d93df7ab826227ab28bb5ce621e62941
libreoffice-core/sw/qa/core/objectpositioning/data/do-not-capture-draw-objs-on-page-draw-wrap-none.docx	docx.par.1.inline.1.xml	c-markup-canonical-same	len=1356;sha=03a77cb3b3173e262dbf2af70703c878cf0d7bd99764be5d8b7d06f97b85849f	len=44;sha=24d5d4f1988da84d4ae8c3f19a734cc04fd0bdbf96dd7503a4f1d6e328cfe1c5
libreoffice-core/sw/qa/core/objectpositioning/data/do-not-capture-draw-objs-on-page-draw-wrap-none.docx	docx.par.1.inline.5.xml	c-markup-canonical-same	len=1354;sha=49123c5d9b258c40a4b022638f43ca734bf76898f0d00beb012d3ce12f8bca36	len=42;sha=c26240eb89659c453a0c8b96ecfacbd2d93df7ab826227ab28bb5ce621e62941
libreoffice-core/sw/qa/core/objectpositioning/data/do-not-capture-draw-objs-on-page-draw-wrap-none.docx	docx.par.2.inline.1.xml	c-markup-canonical-same	len=1356;sha=03a77cb3b3173e262dbf2af70703c878cf0d7bd99764be5d8b7d06f97b85849f	len=44;sha=24d5d4f1988da84d4ae8c3f19a734cc04fd0bdbf96dd7503a4f1d6e328cfe1c5
libreoffice-core/sw/qa/core/objectpositioning/data/do-not-capture-draw-objs-on-page-draw-wrap-none.docx	docx.par.2.inline.5.xml	c-markup-canonical-same	len=1354;sha=49123c5d9b258c40a4b022638f43ca734bf76898f0d00beb012d3ce12f8bca36	len=42;sha=c26240eb89659c453a0c8b96ecfacbd2d93df7ab826227ab28bb5ce621e62941
libreoffice-core/sw/qa/core/objectpositioning/data/do-not-capture-draw-objs-on-page-draw-wrap-none.docx	docx.par.3.inline.1.xml	c-markup-canonical-same	len=1356;sha=03a77cb3b3173e262dbf2af70703c878cf0d7bd99764be5d8b7d06f97b85849f	len=44;sha=24d5d4f1988da84d4ae8c3f19a734cc04fd0bdbf96dd7503a4f1d6e328cfe1c5
libreoffice-core/sw/qa/core/objectpositioning/data/do-not-capture-draw-objs-on-page-draw-wrap-none.docx	docx.par.3.inline.5.xml	c-markup-canonical-same	len=1354;sha=49123c5d9b258c40a4b022638f43ca734bf76898f0d00beb012d3ce12f8bca36	len=42;sha=c26240eb89659c453a0c8b96ecfacbd2d93df7ab826227ab28bb5ce621e62941
libreoffice-core/sw/qa/core/objectpositioning/data/do-not-capture-draw-objs-on-page-draw-wrap-none.docx	docx.par.4.inline.1.xml	c-markup-canonical-same	len=1356;sha=03a77cb3b3173e262dbf2af70703c878cf0d7bd99764be5d8b7d06f97b85849f	len=44;sha=24d5d4f1988da84d4ae8c3f19a734cc04fd0bdbf96dd7503a4f1d6e328cfe1c5
libreoffice-core/sw/qa/core/objectpositioning/data/do-not-capture-draw-objs-on-page-draw-wrap-none.docx	docx.par.4.inline.5.xml	c-markup-canonical-same	len=1354;sha=49123c5d9b258c40a4b022638f43ca734bf76898f0d00beb012d3ce12f8bca36	len=42;sha=c26240eb89659c453a0c8b96ecfacbd2d93df7ab826227ab28bb5ce621e62941
libreoffice-core/sw/qa/core/objectpositioning/data/do-not-capture-draw-objs-on-page-draw-wrap-none.docx	docx.par.5.inline.0.xml	c-markup-canonical-same	len=1373;sha=532166f801e5271733ceceb2f82c05c528aa9e1394c106a621eaa82fed0b593d	len=61;sha=8cc03916b6d9de119ef6faba85fd87db3d3237faf25614205c1aa8ce62116b79
libreoffice-core/sw/qa/core/objectpositioning/data/do-not-capture-draw-objs-on-page-draw-wrap-none.docx	docx.par.5.inline.1.xml	c-markup-canonical-same	len=1352;sha=75607d684a78b78deeeb66a57e62a6afbb67fd78409fd3fbe7cd2f81d9dc321e	len=40;sha=3c9ca5657f8cf78835b65a55b64fe233571d32430ebdb63afdb89063ca30da86
libreoffice-core/sw/qa/core/objectpositioning/data/do-not-capture-draw-objs-on-page-draw-wrap-none.docx	docx.par.26.run.0.content.0.xml	c-markup-canonical-same	len=23228;sha=de0fe3de0cd2e924b78afd1302e59ae1c9e42001aa6d1b6a9cf8cc739e218eb2	len=4860;sha=d6a315013a386effa848bda4619ce7835aa624b0ac84947538bd108a9b3bd1e7
libreoffice-core/sw/qa/core/objectpositioning/data/do-not-capture-draw-objs-on-page-draw-wrap-none.docx	docx.block.31.xml	c-markup-canonical-same	len=6887;sha=d8a3bb3f4fbb884a7a238c84f502458bfe76ca462949cffdbe044ae1b4c0aa63	len=327;sha=ee9a4f01deb0087e378844e37537ff723ea7d48a5f65c5fcc453fa2b6d4c976a
libreoffice-core/sw/qa/extras/ooxmlexport/data/NumberedList.docx	docx.par.11.inline.0.xml	c-markup-canonical-same	len=1094;sha=8f2dabd319cee3ed52becb0b4d1424a4057d55998d2ad0c3b86932df9f902500	len=61;sha=8cc03916b6d9de119ef6faba85fd87db3d3237faf25614205c1aa8ce62116b79
libreoffice-core/sw/qa/extras/ooxmlexport/data/NumberedList.docx	docx.par.11.inline.1.xml	c-markup-canonical-same	len=1073;sha=bb37e41e959752eab9d07a8cd74d1b855d99b5c765060ee94c68a61a2c225898	len=40;sha=3c9ca5657f8cf78835b65a55b64fe233571d32430ebdb63afdb89063ca30da86
libreoffice-core/sw/qa/extras/ooxmlexport/data/NumberedList.docx	docx.block.5.xml	c-markup-canonical-same	len=6574;sha=1eea64e815ecec52a879a30b29d23875a10344f35264d3e945977447eb960e08	len=376;sha=2306b86ad603180a357d39cbd22f2e02d48970300ebfbccb986d2da9c33a7030
libreoffice-core/sw/qa/extras/ooxmlexport/data/decimal-numbering-no-leveltext.docx	docx.par.0.inline.0.xml	c-markup-canonical-same	len=1094;sha=8f2dabd319cee3ed52becb0b4d1424a4057d55998d2ad0c3b86932df9f902500	len=61;sha=8cc03916b6d9de119ef6faba85fd87db3d3237faf25614205c1aa8ce62116b79
libreoffice-core/sw/qa/extras/ooxmlexport/data/decimal-numbering-no-leveltext.docx	docx.par.0.inline.1.xml	c-markup-canonical-same	len=1073;sha=bb37e41e959752eab9d07a8cd74d1b855d99b5c765060ee94c68a61a2c225898	len=40;sha=3c9ca5657f8cf78835b65a55b64fe233571d32430ebdb63afdb89063ca30da86
libreoffice-core/sw/qa/extras/ooxmlexport/data/decimal-numbering-no-leveltext.docx	docx.block.1.xml	c-markup-canonical-same	len=5438;sha=1346f3a904fe2d81ae3fff6b0fed4940163e33088fadcc495cce5229c1de60c0	len=273;sha=2d8f36cee270c47876774b637a98ec79510d21cec6d599fcd91adbf7d908eae5
libreoffice-core/sw/qa/extras/ooxmlexport/data/listWithLgl.docx	docx.par.0.ext	b-outcome	ERR\tInvalidFormat("Word extension XML must have one [112] root")	para_id=none;text_id=none;no_spell_err=none
libreoffice-core/sw/qa/extras/ooxmlexport/data/listWithLgl.docx	docx.par.1.ext	b-outcome	ERR\tInvalidFormat("Word extension XML must have one [112] root")	para_id=none;text_id=none;no_spell_err=none
libreoffice-core/sw/qa/extras/ooxmlexport/data/listWithLgl.docx	docx.par.2.ext	b-outcome	ERR\tInvalidFormat("Word extension XML must have one [112] root")	para_id=none;text_id=none;no_spell_err=none
libreoffice-core/sw/qa/extras/ooxmlexport/data/listWithLgl.docx	docx.par.3.ext	b-outcome	ERR\tInvalidFormat("Word extension XML must have one [112] root")	para_id=none;text_id=none;no_spell_err=none
libreoffice-core/sw/qa/extras/ooxmlexport/data/lvlPicBulletId.docx	docx.par.1.run.0.content.0.xml	c-markup-canonical-same	len=2219;sha=23e97215474481899e9ba4486b7680101ee2d6e122414c6821fb76cb2dc5bdc1	len=153;sha=b932c10be22bec6b978c6953980f638d7aec0bd6cd22f2cdbeb332f33468669b
libreoffice-core/sw/qa/extras/ooxmlexport/data/lvlPicBulletId.docx	docx.par.2.inline.0.xml	c-markup-canonical-same	len=1094;sha=8f2dabd319cee3ed52becb0b4d1424a4057d55998d2ad0c3b86932df9f902500	len=61;sha=8cc03916b6d9de119ef6faba85fd87db3d3237faf25614205c1aa8ce62116b79
libreoffice-core/sw/qa/extras/ooxmlexport/data/lvlPicBulletId.docx	docx.par.2.inline.1.xml	c-markup-canonical-same	len=1073;sha=bb37e41e959752eab9d07a8cd74d1b855d99b5c765060ee94c68a61a2c225898	len=40;sha=3c9ca5657f8cf78835b65a55b64fe233571d32430ebdb63afdb89063ca30da86
libreoffice-core/sw/qa/extras/ooxmlexport/data/lvlPicBulletId.docx	docx.par.14.inline.0.xml	c-markup-canonical-same	len=1095;sha=70e4b80e43a0015b9b381cbeb8330c3ea7744c097e0e5e0ccd36357a12fda16a	len=62;sha=1522394f36c3df23c38185354b16f12caf74d639d828810f82d85a432e4edeb2
libreoffice-core/sw/qa/extras/ooxmlexport/data/lvlPicBulletId.docx	docx.par.14.inline.1.xml	c-markup-canonical-same	len=1106;sha=d74035f370195a63d5ec93efa5c44f1d02265c61f2de429d138376249fad0936	len=73;sha=f1468a65b6b9dc88e25e1e31c1eba7b01921cb1dfa0837c7da558bf7e31c6f0d
libreoffice-core/sw/qa/extras/ooxmlexport/data/lvlPicBulletId.docx	docx.par.14.inline.2.xml	c-markup-canonical-same	len=1112;sha=9aa4db08e135bdcf3e3d1be31371e1881924ab5382149cb30a576a5770dc95b0	len=79;sha=36eacd028cefb68e5a1fc056e97aff6d63fa72c35680fb9288dee47167152e96
libreoffice-core/sw/qa/extras/ooxmlexport/data/lvlPicBulletId.docx	docx.par.14.inline.3.xml	c-markup-canonical-same	len=1112;sha=b198e652f088a00b7a7f7478076eca5e165869facac95c65b76cb3d2bd92a32d	len=79;sha=7151c0325cf2c8063f2eb387c5e1901f80502d07eac82980a1a0c8663447a237
libreoffice-core/sw/qa/extras/ooxmlexport/data/lvlPicBulletId.docx	docx.par.14.inline.4.xml	c-markup-canonical-same	len=1112;sha=b5fe901acd06d98a4c7a44b7b462883cb271f9e1a0359ac3b6c7794782403a7d	len=79;sha=689d147aa2bb83cbbb25bf88a16312bac1941b95100b09e63c294ea9e2db794e
libreoffice-core/sw/qa/extras/ooxmlexport/data/lvlPicBulletId.docx	docx.par.14.inline.5.xml	c-markup-canonical-same	len=1112;sha=08b490a75825469d8f58241eb94eb07760ed409ddc91eab6160bfffa113ddf58	len=79;sha=3bf66aa21daceaf70e02f54a1d462d50d320c7137221281a5742b8ba601f5ab7
libreoffice-core/sw/qa/extras/ooxmlexport/data/lvlPicBulletId.docx	docx.par.14.inline.6.xml	c-markup-canonical-same	len=1115;sha=74eefb2b9416b30aaf881220cd9048e4de201210036a924255b622868c685e48	len=82;sha=2c75e643a0c80dc54fda9e817cdcd957074c05bde148202f262819164ede2777
libreoffice-core/sw/qa/extras/ooxmlexport/data/lvlPicBulletId.docx	docx.par.14.inline.7.xml	c-markup-canonical-same	len=1109;sha=3b382837c008f93facb1df1a1ed0840b8787cab33bdab0b3008dbcc840b7dfa9	len=76;sha=05a96c5133264a703536422629f1ccd9ca9f09ef2e7b11bc9719b5e138538631
libreoffice-core/sw/qa/extras/ooxmlexport/data/lvlPicBulletId.docx	docx.par.14.inline.8.xml	c-markup-canonical-same	len=1106;sha=e4193e3332ad7e50e8a31ef74d1508ea939c5ebbf2e858ea1f22908bb4c32e29	len=73;sha=445c0cd32c0253295d46ae6161cf7915cc1f20e0ae8b9782ae0828c174403013
libreoffice-core/sw/qa/extras/ooxmlexport/data/lvlPicBulletId.docx	docx.par.14.inline.9.xml	c-markup-canonical-same	len=1073;sha=0fa3f8f465dd3f3024da9973618dc55accc9445c7724c928e5b41733371c5e77	len=40;sha=8f7ed01a3d0920a82c9ecf7fb344d18e58a24d8fa6396d75eae29d20c00eeba9
libreoffice-core/sw/qa/extras/ooxmlexport/data/lvlPicBulletId.docx	docx.par.14.inline.10.xml	c-markup-canonical-same	len=1073;sha=23f827216210e6bce4cc2658267a009470007bcc750e194cde6ae519a8152fc2	len=40;sha=dfac733ce234d567e1873f9dd7af03f7d4c1129eb59924705e6748d25f01b121
libreoffice-core/sw/qa/extras/ooxmlexport/data/lvlPicBulletId.docx	docx.par.14.inline.11.xml	c-markup-canonical-same	len=1073;sha=e481328ba2535f1d3efa4b2cb070abb99a546853849596ff7fa95a48fc18c8df	len=40;sha=d5e1cd3e9652b79b0ad642f32ab64f27822cf23f2945fcd20749f5849dc39390
libreoffice-core/sw/qa/extras/ooxmlexport/data/lvlPicBulletId.docx	docx.par.14.inline.12.xml	c-markup-canonical-same	len=1073;sha=b197e30ed9163ead6af1a6e7d2f5f8d72f6f2034b8a7a1f36e9c3b97d373d0eb	len=40;sha=b3d5ab2e86b59b2262edd7f543f68851afd754fe05b872c4c5309c031470cd4e
libreoffice-core/sw/qa/extras/ooxmlexport/data/lvlPicBulletId.docx	docx.par.14.inline.13.xml	c-markup-canonical-same	len=1073;sha=10a788111eff524b33aea1ae1477c47b3809090c501e93020ba17828b9553c40	len=40;sha=c6281286fdf1e0b04818343cc7755211709d4f666ec9fdc87de810d5a06b84c9
libreoffice-core/sw/qa/extras/ooxmlexport/data/lvlPicBulletId.docx	docx.par.14.inline.14.xml	c-markup-canonical-same	len=1073;sha=838fd5dd71826b2dfff2afb4e0846f918fca62739cee5bb8ea7afa9228208bc0	len=40;sha=772ef57daf0b868d9042aea0d31d24bbc8d54e284ec7d6c16f15b6e87e623d23
libreoffice-core/sw/qa/extras/ooxmlexport/data/lvlPicBulletId.docx	docx.par.14.inline.15.xml	c-markup-canonical-same	len=1073;sha=e33a1aca2af55ab80f962974ca2c612d3270171419a906c9339fbb0173bdaa3f	len=40;sha=8e191dce9f14b272ccfd2f83b69c70917164494afc8f19e03b5a50164d95f5d8
libreoffice-core/sw/qa/extras/ooxmlexport/data/lvlPicBulletId.docx	docx.par.14.inline.16.xml	c-markup-canonical-same	len=1073;sha=77a85a30c61c41352e2b9b22fd1e9e193dddd2ccd95f6cb88578b6c2cc8d728b	len=40;sha=875e59950035ca4e7acec02c53d942fa124cdf605b21bad90aeca6258b0614ee
libreoffice-core/sw/qa/extras/ooxmlexport/data/lvlPicBulletId.docx	docx.par.14.inline.17.xml	c-markup-canonical-same	len=1073;sha=fbec6c80eeea96ebcae60304084cb0cdb5832df2bffb34457444e97a9ad0c199	len=40;sha=9191f161b5c0091d6518ec99a14b61d2b3300d2f2a4e97781b89b6e94de0c424
libreoffice-core/sw/qa/extras/ooxmlexport/data/lvlPicBulletId.docx	docx.block.2.xml	c-markup-canonical-same	len=12061;sha=45b99923e1e34075ab229b4d650528fb51e15ecea7b34fa957fa4e799d5c023e	len=698;sha=30f877249e8e5500e84a4f47fd23f78446fc414595a77734af4ffe09e8afb505
libreoffice-core/sw/qa/extras/ooxmlexport/data/mailmerge.docx	docx.par.0.inline.1.xml	c-markup-canonical-same	len=5632;sha=da49718d8eaf961aee06cc77d1837f4e60b004207eb432df96069f3a17699a6e	len=142;sha=876c5a150524ceb82de09bbf97d5f2bc2b1566763f008743bb0b3da324be4769
libreoffice-core/sw/qa/extras/ooxmlexport/data/mailmerge.docx	docx.par.0.inline.3.xml	c-markup-canonical-same	len=1159;sha=c741945440776f99e89d840dcf6c5e3250bd7965b29b19315ec32e9792f5c911	len=61;sha=8cc03916b6d9de119ef6faba85fd87db3d3237faf25614205c1aa8ce62116b79
libreoffice-core/sw/qa/extras/ooxmlexport/data/mailmerge.docx	docx.par.0.inline.4.xml	c-markup-canonical-same	len=1138;sha=c414be8e54c455113d4c31271afbc20685ae10ed86eddc861ed2d9b8eaa2d302	len=40;sha=3c9ca5657f8cf78835b65a55b64fe233571d32430ebdb63afdb89063ca30da86
libreoffice-core/sw/qa/extras/ooxmlexport/data/mailmerge.docx	docx.block.1.xml	c-markup-canonical-same	len=12784;sha=ca5f850c36b752d01dca8455f738de29f5c0153203bd53d0c835c29401f2622c	len=706;sha=4d0751397b4f5efdcba9123351d61f711f6707516e984c0027c2a93e00e97f37
libreoffice-core/sw/qa/extras/ooxmlexport/data/strict.docx	docx.par.0.run.0.content.0.xml	c-markup-canonical-same	len=32343;sha=21f4a2db5ea70d53107a84f65b7104340bc6c35d61650e3f7d9ace8dffa13582	len=1643;sha=4af495592f17fa5218b3a1ae51459fda2bf61927c0582464cbdf6e7e4b13fa32
libreoffice-core/sw/qa/extras/ooxmlexport/data/strict.docx	docx.par.1.run.1.content.0.xml	c-markup-canonical-same	len=7960;sha=c5b08756786e9a194175c97d944b04279024e7615590f4273c916bbe5359f517	len=587;sha=5494acc88de0ca85863d2a8db97db18d2ef7667fbbcb253946ccb41b9ca44a8a
libreoffice-core/sw/qa/extras/ooxmlexport/data/strict.docx	docx.par.2.run.1.content.0.xml	c-markup-canonical-same	len=8020;sha=fe8f69899745fe38a767c97f896a69fc24761f612b6ec549d29806dc1aa83fed	len=647;sha=05c27720b3ecffca9c6ed91d38daf6484d28a2f3247e925429f955a9bfa29132
libreoffice-core/sw/qa/extras/ooxmlexport/data/strict.docx	docx.par.4.inline.0.xml	c-markup-canonical-same	len=17646;sha=55513a9cbccac25533c78890295b4ba924f68cf43de5ca834f8e61ff6f1e433e	len=531;sha=3708bada9f9d45fc51084415692f2bacba9b81159cac9f99b0963f929d444155
libreoffice-core/sw/qa/extras/ooxmlexport/data/strict.docx	docx.block.5.xml	c-markup-canonical-same	len=5258;sha=458ced383d804ba7ff3bd65e38e9110e23c8ceb66b76ef64827b83b89e76c1e2	len=368;sha=2d58eb6e2e85429f4c3ef56812a0345f7b8e7d8d1cd5441dc246c871824c8b9e
libreoffice-core/sw/qa/extras/ooxmlexport/data/tdf124384.docx	docx.par.0.run.0.content.0.xml	c-markup-canonical-same	len=2083;sha=e1e1b61a61e866afd210382fa1d140c45d88a3b1c8daddaf204794cbde165088	len=45;sha=0cec2a87070f6199e85f08aa830d6a8ca928b53b17adf763b021004ca7e0f4ee
libreoffice-core/sw/qa/extras/ooxmlexport/data/tdf124384.docx	docx.par.0.run.1.content.0.xml	c-markup-canonical-same	len=2100;sha=392611806fb405d9de5550b40592c607048ce7648dac4e5efaeec9c2172bcdca	len=62;sha=217ee5ebdcb813cbfc6ddfbfecfae3447000512992ad2cf14ece0e8b1987ab66
libreoffice-core/sw/qa/extras/ooxmlexport/data/tdf124384.docx	docx.par.0.run.2.content.0.xml	c-markup-canonical-same	len=2086;sha=d46c1e2c418f44f472495568216942b0c6890552a98eb12ee1bc63969bd5bf8c	len=48;sha=972c28f3703981ec58bdf4df4222efcac64ac46c2ad77baee0b44bfaca60f04d
libreoffice-core/sw/qa/extras/ooxmlexport/data/tdf124384.docx	docx.par.1.run.0.content.0.xml	c-markup-canonical-same	len=2081;sha=3cb265e90b32d9bac097e5e6c0aae08697523876871320027fd06ff4a903406e	len=43;sha=a2bc40bb55af0044502b6d83ad42e06c4116a81e211d674047b4a8de790caca5
libreoffice-core/sw/qa/extras/ooxmlexport/data/tdf124384.docx	docx.block.0.xml	c-markup-canonical-same	len=2129;sha=6cc7c80f32c807368d43aa2671bc3a18b8d3cfdacf352547a6097b5ee1ad0d26	len=91;sha=095765c293dad473fa53dcf862b0d5e3b5b07da4f025536680b49af6b8fb68ec
libreoffice-core/sw/qa/extras/ooxmlexport/data/tdf124384.docx	docx.block.1.xml	c-markup-canonical-same	len=2108;sha=bdf5409047bb839e60f0530b963f2a8e91aa43d4171734c3fc086895b3a59977	len=70;sha=2afc2d70bcc56beb4f0a09938e5813a12f5f9ed9c1741381f4ecd4bdded0dd38
libreoffice-core/sw/qa/extras/ooxmlexport/data/tdf124384.docx	docx.block.2.xml	c-markup-canonical-same	len=223702;sha=39fb3cf60fe843437e16793393c5cf316018699344571b3cb81dc87eebb4f2a3	len=3598;sha=dbe860f211de8f1409e696a4f3c5dbd0775fe5e117d1cb83e1d4ad5d96c50cc5
libreoffice-core/sw/qa/extras/ooxmlexport/data/tdf124384.docx	docx.block.4.xml	c-markup-canonical-same	len=20828;sha=cfd6a2b577f8c28e8ed7c02d7f7f0e63347e670f9b86d8b945dcd2df507e6579	len=448;sha=014ed9ddb52403123af29af4ceff71b979377ded98257a88b8393102bfbdd60e
libreoffice-core/sw/qa/extras/ooxmlexport/data/tdf124384.docx	docx.block.5.xml	c-markup-canonical-same	len=10463;sha=5692175cc899a118cd82b9ced74091e4086eb8e49dad3318566dcc8eda6d3df5	len=273;sha=4f1e915c529d3682ae88f59a48843af8d85c7d7e263af203f22c2cb84ff0fb8d
libreoffice-core/sw/qa/extras/ooxmlexport/data/testGlossary.docx	docx.par.1.run.0.content.0.xml	c-markup-canonical-same	len=1078;sha=970fd8d11f3e35ac4d061af8caa67bae987171633d779e9362b6291418e7d65d	len=45;sha=0cec2a87070f6199e85f08aa830d6a8ca928b53b17adf763b021004ca7e0f4ee
libreoffice-core/sw/qa/extras/ooxmlexport/data/testGlossary.docx	docx.par.1.run.1.content.0.xml	c-markup-canonical-same	len=1095;sha=3c92dd70a1d14e2f91151623e677d710df881864544f53976ea17e15e72e8eba	len=62;sha=217ee5ebdcb813cbfc6ddfbfecfae3447000512992ad2cf14ece0e8b1987ab66
libreoffice-core/sw/qa/extras/ooxmlexport/data/testGlossary.docx	docx.par.1.run.2.content.0.xml	c-markup-canonical-same	len=1081;sha=2c87d0cb0955c15c58eff60ed801351bd2a8d456f3173e6fe2852308c350d28d	len=48;sha=972c28f3703981ec58bdf4df4222efcac64ac46c2ad77baee0b44bfaca60f04d
libreoffice-core/sw/qa/extras/ooxmlexport/data/testGlossary.docx	docx.par.1.run.4.content.0.xml	c-markup-canonical-same	len=1076;sha=b1100a8deef4e8122be0249d903c90dd2b691e1cc0492ec012bbbe538977d8aa	len=43;sha=a2bc40bb55af0044502b6d83ad42e06c4116a81e211d674047b4a8de790caca5
libreoffice-core/sw/qa/extras/ooxmlexport/data/testGlossary.docx	docx.par.2.inline.0.xml	c-markup-canonical-same	len=1094;sha=8f2dabd319cee3ed52becb0b4d1424a4057d55998d2ad0c3b86932df9f902500	len=61;sha=8cc03916b6d9de119ef6faba85fd87db3d3237faf25614205c1aa8ce62116b79
libreoffice-core/sw/qa/extras/ooxmlexport/data/testGlossary.docx	docx.par.2.inline.3.xml	c-markup-canonical-same	len=1073;sha=bb37e41e959752eab9d07a8cd74d1b855d99b5c765060ee94c68a61a2c225898	len=40;sha=3c9ca5657f8cf78835b65a55b64fe233571d32430ebdb63afdb89063ca30da86
libreoffice-core/sw/qa/extras/ooxmlexport/data/testGlossary.docx	docx.block.0.xml	c-markup-canonical-same	len=40414;sha=07b0cb14edfa2b556ed9a825b9b6672454c7c1b6d7b9c4e566c726b55b7558ec	len=1160;sha=46bc8a9bdd99eb9351fbf03afba19184663d2ba5c584e9537d43160e5375ccaf
libreoffice-core/sw/qa/extras/ooxmlexport/data/testGlossary.docx	docx.block.2.xml	c-markup-canonical-same	len=5438;sha=f06676a31e3db8b27e0aaac895d4e9843641d1ed267eed251e116ab2b658f7f5	len=273;sha=a04e806fdb79492940d8e7382f490a41804dca581733dbb940e989117d905dde
libreoffice-core/sw/qa/extras/ooxmlexport/data/testGlossary.docx	docx.en.0.xml	c-markup-canonical-same	len=58522;sha=a1b7d4341cca854e1775ef181bdd0417c5d42477289d8859ac8db486380e027b	len=1707;sha=a0579f221bfb1d022c7e1207c7dd9a58cbe47e672b727ddb60da5c30969ad4cd
libreoffice-core/sw/qa/extras/ooxmlexport/data/testGlossary.docx	docx.en.1.xml	c-markup-canonical-same	len=58422;sha=d4f1c0a129ab58edd22130c440ccad6235983a2848838353edfb4105730b314f	len=1607;sha=977ffc2187b8547ff7aa89b816792f0bacb85ae471137672affe2b86253ddf5d
libreoffice-core/sw/qa/extras/ooxmlimport/data/numbering-circle.docx	docx.block.1.xml	c-markup-canonical-same	len=5550;sha=6727384535dd53b95491eb7a08ed4b77d9368ae2ac24623400f7870fb50f6ffa	len=342;sha=cff6c5e0483b7c9ffdc75d8a5debf2edd4e593603b2d2870e2e58f949a390775
libreoffice-core/sw/qa/extras/ooxmlimport/data/tdf108545_embeddedDocxIcon.docx	docx.par.1.inline.1.xml	c-markup-canonical-same	len=1159;sha=6f87a81fb04df4027e34c13f59d45e98b6f03a141cf41610f806a01f5d10ea48	len=61;sha=97420d915b601a77056bc295afeb7ef48431e13f8249f555d74f020576f2247e
libreoffice-core/sw/qa/extras/ooxmlimport/data/tdf108545_embeddedDocxIcon.docx	docx.par.1.inline.2.xml	c-markup-canonical-same	len=1138;sha=39c9a5d5fbb21e744634575bcdacdf447148208a239d7269d7fdc9ef3f230c5f	len=40;sha=8f7ed01a3d0920a82c9ecf7fb344d18e58a24d8fa6396d75eae29d20c00eeba9
libreoffice-core/sw/qa/extras/ooxmlimport/data/tdf108545_embeddedDocxIcon.docx	docx.par.1.run.0.content.0.xml	c-markup-canonical-same	len=25297;sha=a61718e77da414c70acb068f30c3f6779dbadc8f5adea0a9b5a0919799fea5e1	len=1141;sha=7a0e61fa7fbb6fc044658dd4605997cbd1bc10b5689ed8764cfd14f177fe53c4
libreoffice-core/sw/qa/extras/ooxmlimport/data/tdf108545_embeddedDocxIcon.docx	docx.block.1.xml	c-markup-canonical-same	len=1167;sha=08e56cd91c43975d087b4f4e3638ac73ae5f7db3e03cc46c79fb2e868fde3f5e	len=69;sha=d0ded13ff1c83c6b38b1fa7ee30599debf47a32ee4169f15c2330ddd7bb29f7b
libreoffice-core/sw/qa/extras/ooxmlimport/data/tdf108545_embeddedDocxIcon.docx	docx.block.2.xml	c-markup-canonical-same	len=1138;sha=c414be8e54c455113d4c31271afbc20685ae10ed86eddc861ed2d9b8eaa2d302	len=40;sha=3c9ca5657f8cf78835b65a55b64fe233571d32430ebdb63afdb89063ca30da86
libreoffice-core/sw/qa/extras/ooxmlimport/data/tdf108545_embeddedDocxIcon.docx	docx.block.4.xml	c-markup-canonical-same	len=12786;sha=c5145d971e56ad7df36fbf53ff3bce2fef247c84756791d523f6a650f48bf55f	len=708;sha=562b96bdf24e2982ac3690d921f494d4f527d2b78faaf13c9331287338de596d
libreoffice-core/sw/qa/extras/ooxmlimport/data/tdf119039_bad_embedded_compound.docx	docx.par.1.run.0.content.0.xml	c-markup-canonical-same	len=16737;sha=2f2ed43ef0400c9a93919f0c1ea48dfd8d24e84fe231eb94909ac500a2bd8c9e	len=518;sha=c60389424b1e42b63fdc11d1b4a0bd97b539b89cf0e78973c90257616ed19d76
libreoffice-core/sw/qa/extras/ooxmlimport/data/tdf119039_bad_embedded_compound.docx	docx.block.3.xml	c-markup-canonical-same	len=14246;sha=0002e45ebcfd44ba6dffbc1a7fc0a0b05f7648b3f48c5867470859d49119ffa3	len=344;sha=f326637985937d9c56d89f6fac1da3c984fae7efa7021391807337fc5ac66d31
libreoffice-core/sw/qa/writerfilter/dmapper/data/alt-chunk-header.docx	docx.block.1.xml	c-markup-canonical-same	len=28670;sha=c602fe6d5d76132e0ef45072dd46745a9ed88b82f7c7fb7c80797c619095a4c5	len=877;sha=e129a8f75e12e7a1812419ce6c0788f1c859b7ec4ce07e993a5f97e7403eb1cf
libreoffice-core/sw/qa/writerfilter/dmapper/data/alt-chunk.docx	docx.block.3.xml	c-markup-canonical-same	len=6918;sha=6bfd79db6a98d142f0b6a356d466115037215f5a9e05a096e864785bb8e872b8	len=335;sha=59c14e804c6a6097fa3402e21e415e01e740d0ea9f9df5cd4a03fc72d0667e86
libreoffice-core/sw/qa/writerfilter/dmapper/data/layout-in-cell-2.docx	docx.par.2.run.0.content.0.xml	c-markup-canonical-same	len=34925;sha=380692e049114e9b3c13aa2024fd8038081634286aca0da4bc7c1ed5c5ce2847	len=1020;sha=2250c67afb644f1ff9b994678d894ec0e03d7a43a43c934fb1d867fc6749ecf1
libreoffice-core/sw/qa/writerfilter/dmapper/data/layout-in-cell-2.docx	docx.block.3.xml	c-markup-canonical-same	len=13923;sha=59c6b597ba341c8611701020f784bf09edaa32e0d33c431a88347635ba8e0b4b	len=381;sha=232527a8c2ab7ad83d8fc795444f66c7b0a13699714b02cce873ca3b7720528a
libreoffice-core/sw/qa/writerfilter/dmapper/data/redline-range-comment.docx	docx.par.0.inline.0.xml	c-markup-canonical-same	len=37846;sha=240fccf2330a59ec932583bee9a90748a42dcf4dc9879b7c5d26640e58aa20ca	len=691;sha=18703151e054e6de75d3d6c3025cbea2aa4f3234563796e4e579f6d14bd2106b
libreoffice-core/sw/qa/writerfilter/dmapper/data/redline-range-comment.docx	docx.par.0.run.0.content.0.xml	c-markup-canonical-same	len=2525;sha=666490172fc198be17abc30130fcdab427441303e47326eeedfe32985d1c2ba9	len=48;sha=c78d456b8785ce678a5c3ed555b69149e5d87c56e6c133116a3f3101822308ee
libreoffice-core/sw/qa/writerfilter/dmapper/data/redline-range-comment.docx	docx.par.0.run.1.content.0.xml	c-markup-canonical-same	len=2503;sha=1034f77850d11332c849a0c555d92713239ab60f99d7c88ba089541ad7befe94	len=26;sha=9eeef2e5faf3b72eb650214874fcf17038bade8268bd075bbad2f8f9052380ef
libreoffice-core/sw/qa/writerfilter/dmapper/data/redline-range-comment.docx	docx.par.0.run.2.content.0.xml	c-markup-canonical-same	len=2527;sha=8ebfa19eeee238ca3c3a432c910763da4ebeb97b0481a7e0b650c375009d683f	len=50;sha=99182c8135293face8c8dbc9b4d69f653b668a7adfb961f13cc9c18ff10c7bcb
libreoffice-core/sw/qa/writerfilter/dmapper/data/redline-range-comment.docx	docx.par.0.run.3.content.0.xml	c-markup-canonical-same	len=2525;sha=31da5fdf1f7f9b0bf28fd4da67f927a89db48388986d6db13819b02caf0bf920	len=48;sha=63486639d6e741fb4d2e1d99dde80ffeefffc39229ce53ad903f615e5312dc9d
libreoffice-core/sw/qa/writerfilter/dmapper/data/redline-range-comment.docx	docx.block.1.xml	c-markup-canonical-same	len=12691;sha=e59f84c8d9d90762d0f75d5aeb26f53cef9d7b2a47006d740ae6d2f675effde9	len=306;sha=582cc6bedb81270a90ef2640262987d83cf5caf6c1764293015317b11f8f4151
libreoffice-core/sw/qa/writerfilter/dmapper/data/redline-range-comment.docx	docx.cmt.0.xml	c-markup-canonical-same	len=25133;sha=dfd579eb83fe0d5534de23f1b8c61b9e7d4a9d105b3640e5d3e05ffb1d2d4ca5	len=363;sha=a9c65340db50d6241ef25bcef88a67a408b44814b72b82ce90e56418e97cbc35
office-interop/libreoffice-resaved/date-autofilter-litchi.xlsx	xlsx.sheet.0.view.0.retained_xml	c-markup-canonical-same	len=1301;sha=6c232e2d1b516c98208dc2a94bf5f612ea4af9acf2d6bb7e5d72b3b3a5d34251	len=855;sha=751fee6b07a55692329ee7c817358aa0a9623ea284945414c63ee27b1cf93b09
office-interop/libreoffice-resaved/document-properties-litchi.docx	docx.block.1.xml	c-markup-canonical-same	len=7440;sha=98388779394fba40a2cb120cfcc692849233463578b04c028b02a84d2de97211	len=416;sha=8de8ffae830391e7f6ef90f76e30156358350ce4e96318983792ab0da3b12b25
office-interop/libreoffice-resaved/shapes-litchi.pptx	pptx.sld.0.shp.0.xml	c-markup-canonical-same	len=18032;sha=403bd29f994147e9f23df0085e7c92773aa8038cdee7e02f30d102e156de560f	len=1232;sha=bf33c2599730ba001ff7077f03cb2d696a4b9a7b869c3efa4b033b90b110582f
office-interop/libreoffice-resaved/shapes-litchi.pptx	pptx.sld.0.shp.1.xml	c-markup-canonical-same	len=6722;sha=a7f9342b56c4ca6d12d9a166a9142633fc5a800e3e55106e0ca6f0ac2ffc16ce	len=422;sha=fa4a1357077e8cee940c2d7556b56e001ee3b619d688ee47615640382e95d531
office-interop/libreoffice-resaved/shapes-litchi.pptx	pptx.sld.0.shp.2.xml	c-markup-canonical-same	len=210705;sha=daee95faf9f404195fa80aa5365ca62bbd138eccecfc8d5b1d15528206d54c06	len=18345;sha=8f1a371873232da7e31795a6198cd829c14ddbf5443262f63f323a272c0e8193
office-interop/libreoffice-resaved/shapes-litchi.pptx	pptx.sld.0.shp.3.xml	c-markup-canonical-same	len=7574;sha=aa54a919592615484784a13b34830648569799ead508a5b621a7b67392cf1655	len=434;sha=13ca548a93eb084aa1d336ffa70d8873316370dbb6857c273f00e3d45ebb1530
office-interop/libreoffice-resaved/shapes-litchi.pptx	pptx.sld.0.shp.4.xml	c-markup-canonical-same	len=120763;sha=fb9e294bee595bc9313d0cfcd5c8161b7ca6c376c60f2c9574fa2370527a7adf	len=8623;sha=4cf5f9cb87901b7fe8aee34f8faf41703500fffd4b51cd836d6ec8ffd34816e9
office-interop/libreoffice-resaved/shapes-litchi.pptx	pptx.sld.0.shp.5.xml	c-markup-canonical-same	len=7686;sha=9eb5537e903d6701834ff4cc9c7a9f5c22b2f50810dd2fa16742326310b55da2	len=546;sha=203be3e4335ecf211c46c0cde8a8789f467405f04a6417c0cbf42e0ce4e8ccab
office-interop/libreoffice-resaved/shapes-litchi.pptx	pptx.sld.0.shp.6.xml	c-markup-canonical-same	len=8122;sha=58d6676baba5f333a1f2ae229278f165dd26f8b145929e2a626b1e0b7aee291c	len=562;sha=5e6debf226ec41266e4e2c9bcd2a933969a344671f24fa94ca40ee133fb143f4
office-interop/libreoffice-resaved/shapes-litchi.pptx	pptx.sld.1.shp.0.xml	c-markup-canonical-same	len=23028;sha=37688133fb9076d7ce063ab0d9d869fc070245f13bcecb252a953231915d15be	len=1608;sha=2261e173ea2ed2f1324b2765ba4684b3826d8877746bb1434e763d58ea5a1eb8
office-interop/libreoffice-resaved/shapes-litchi.pptx	pptx.sld.1.shp.1.xml	c-markup-canonical-same	len=31120;sha=57c6afc36e2ddf90e492a054abe4237bd16e567b78255a0bd74df7c27f16775a	len=2140;sha=7bfbdc211de9a53e7116dee220a1d3ad398fe56e7585efd749fd72728f1b162b
office-interop/libreoffice-resaved/shapes-litchi.pptx	pptx.sld.2.shp.0.xml	c-markup-canonical-same	len=54640;sha=f7608ec4b33fa8860f0e03fc90a0f77eaa8af42497877f12e1ec0f0f0d40ea75	len=3820;sha=d03f912f3533930e82de2c12699723ed16112c6934ed177f9b6719ddff36436d
office-interop/libreoffice-resaved/shapes-litchi.pptx	pptx.sld.2.shp.1.xml	c-markup-canonical-same	len=16250;sha=93bef2f2e44ef846681d18a4497b1073215fa2cac07ce021fbd8a5c842a1207f	len=1130;sha=6db1c03025e504f79eba3e46f2539e1e9296a000bd21f18304152cebbdd6e0ab
office-interop/libreoffice-resaved/shapes-litchi.pptx	pptx.sld.2.shp.2.xml	c-markup-canonical-same	len=16247;sha=fd3bf2ce732e814617ab2274699489d544bcf24eda24e7d4a392e0a2ae698dd2	len=1127;sha=717f2306e5fbbbe489df8e85476282c44cbded76be3462b559993268ed439216
office-interop/libreoffice-resaved/shapes-litchi.pptx	pptx.sld.2.shp.3.xml	c-markup-canonical-same	len=17181;sha=89b63d629048345b98b7c62f81a914a06334331a7c9200c664fe752a4b8672fa	len=1221;sha=4ef420dbf3baf6a2b1ec7c4eacce6c24d5ad8ea9c2399b4138808023f5f9c68e
office-interop/libreoffice-resaved/shapes-litchi.pptx	pptx.sld.3.shp.0.xml	c-markup-canonical-same	len=295189;sha=45b9a6a2cb2f246549f65118260ec6740cad2a18b038c3a069465e581c5461ef	len=20929;sha=d2de85514bcc689759dd788f6372dc3be62f72cc8fb4dcb50c146e1f8159d940
office-interop/libreoffice-resaved/shapes-litchi.pptx	pptx.sld.4.shp.0.xml	c-markup-canonical-same	len=189655;sha=747df4f80a82b2fffabbfd48ead3b3fbb9d415db3698c6abfb42e48a47affca4	len=13675;sha=fefcf83305347b5d4a2b0887c370fc6745210adcd1eefac6128a584e2c58e1df
office-interop/libreoffice-resaved/shapes-litchi.pptx	pptx.sld.4.shp.1.xml	c-markup-canonical-same	len=17136;sha=b3ba3081c7d4f4c80ae3c396a5b7c0691f240c6a397bdbe0e3aa011ba596176c	len=1176;sha=04b2ae8f3c99ae62801d33ccb3a88a01be357652fa591d3b70cbcf3605feca87
office-interop/libreoffice-resaved/shapes-litchi.pptx	pptx.sld.5.shp.0.xml	c-markup-canonical-same	len=16247;sha=40dcf50e228106f8d2486c022b8b0dd2854cc9663be15297660da099d3904d6e	len=1127;sha=f7501de9cc0c8697a498e066811f719ae67840207c2d2f235d3637e352c4c6fd
office-interop/libreoffice-resaved/shapes-litchi.pptx	pptx.sld.5.shp.1.xml	c-markup-canonical-same	len=17159;sha=2309710e8021c7f64fa5e3db4d3879ee7927c8e75c98bffa81b284e4ce0bcbff	len=1199;sha=fb42d9a48a2f2c65a92cfcc4a0863025fe8a4d035a5febd825cbc0265a5f881d
office-interop/libreoffice-resaved/shapes-litchi.pptx	pptx.sld.5.shp.2.xml	c-markup-canonical-same	len=17159;sha=c96481d396e4433dd70e830c2dd8f299bf02007e7eca684ed22b3a7661574550	len=1199;sha=1c520b23e0b77a0181c40686c8a5747ea9fcd52b74b9b1ebf48e6b0df66ac75b
office-interop/libreoffice-resaved/shapes-litchi.pptx	pptx.sld.5.shp.3.xml	c-markup-canonical-same	len=17160;sha=42c9932c6097ba1867a4277a7fe85552e6a56ed079dbe732969b34181761a8eb	len=1200;sha=a3aabdd942e8c1228a7fb171ab15feed7fda4c983a5332c55159449fc8c2f6cf
office-interop/libreoffice-resaved/shapes-litchi.pptx	pptx.sld.5.shp.4.xml	c-markup-canonical-same	len=16707;sha=cec6fe105b847638166a90bcb9a19d54bdae86fb38b7bd35de3364cb767e1dad	len=1167;sha=a2bfb6ebf95f48c8170c610299157caa2c0289e7c2133fae9a800a4211b5e859
office-interop/libreoffice-resaved/shapes-litchi.pptx	pptx.sld.5.shp.5.xml	c-markup-canonical-same	len=16707;sha=7f9338f273a8cbff851af2601577fd411c3bbb61edd9c95f0f525b25fda426e9	len=1167;sha=8d5ffb5d580525a4aecaf876c7a56a9a7a1e84290008643f6602f428ab0a2516
office-interop/litchi-changed/date-autofilter-litchi.xlsx	xlsx.sheet.0.view.0.retained_xml	c-markup-canonical-same	len=686;sha=be88f53efa1896b516a8bf35d7dbf88900b3ff31f78b6f873a0e9e57b3422435	len=397;sha=ba9db162f04fae8b28662b589ad8ceaed6b22e59d583a198b9679c0094cdab3f
office-interop/litchi-changed/document-properties-litchi.docx	docx.block.1.xml	c-markup-canonical-same	len=3031;sha=cf34f624e3059b1880cca8fb030472382031d41fe9019360cadac6617e57c7cc	len=275;sha=d94dcb02bd979e58ec759677f81ec5ca9f0fde8dcc6cedb82f6c4dcea8deb4e4
ooxml/docx/ComplexNumberedLists.docx	docx.par.15.inline.1.xml	c-markup-canonical-same	len=1094;sha=8f2dabd319cee3ed52becb0b4d1424a4057d55998d2ad0c3b86932df9f902500	len=61;sha=8cc03916b6d9de119ef6faba85fd87db3d3237faf25614205c1aa8ce62116b79
ooxml/docx/ComplexNumberedLists.docx	docx.par.15.inline.2.xml	c-markup-canonical-same	len=1073;sha=bb37e41e959752eab9d07a8cd74d1b855d99b5c765060ee94c68a61a2c225898	len=40;sha=3c9ca5657f8cf78835b65a55b64fe233571d32430ebdb63afdb89063ca30da86
ooxml/docx/ComplexNumberedLists.docx	docx.block.17.xml	c-markup-canonical-same	len=5438;sha=df3325da49b2db26613e6342feb3246b0b87915ade94ffe4cf694f9b177702b4	len=273;sha=560e6da263ddf9d5bbccb16febd2c8dce6b363745737e50b8ce2fa6b32100b80
ooxml/docx/FancyFoot.docx	docx.par.9.run.0.content.0.xml	c-markup-canonical-same	len=627;sha=75f43db0aea84cb60c09fd34ffa2f0df8166290ce950ee50856987088bbe3491	len=51;sha=c517a498d28f6ce4380975afb31d1f3e1f837e71f8e37fba1991cd6d2f883203
ooxml/docx/FancyFoot.docx	docx.block.10.xml	c-markup-canonical-same	len=3840;sha=2c487c8a2613fa8ac4df7cd32d28c08f70834e37ca76091058b134cc5d5c675f	len=384;sha=7b6c926c0c6fdb103000a0f89c7f2f771f2266dc560f96744a7b846c5d040e46
ooxml/docx/Headers.docx	docx.block.5.xml	c-markup-canonical-same	len=3839;sha=641232d65250e80dbffbc666c58466df9ece955e40aab834b75ba893644744a7	len=383;sha=c7f6e71a1c8d2e780f62c9a0d9c15c607d1fd5b032da0de0eb91bcdd9d3ed7f0
ooxml/docx/Hyperlink.docx	docx.par.0.inline.0.xml	c-markup-canonical-same	len=1159;sha=c741945440776f99e89d840dcf6c5e3250bd7965b29b19315ec32e9792f5c911	len=61;sha=8cc03916b6d9de119ef6faba85fd87db3d3237faf25614205c1aa8ce62116b79
ooxml/docx/Hyperlink.docx	docx.par.0.inline.1.xml	c-markup-canonical-same	len=1138;sha=c414be8e54c455113d4c31271afbc20685ae10ed86eddc861ed2d9b8eaa2d302	len=40;sha=3c9ca5657f8cf78835b65a55b64fe233571d32430ebdb63afdb89063ca30da86
ooxml/docx/Hyperlink.docx	docx.par.1.inline.0.xml	c-markup-canonical-same	len=5672;sha=020a37f1e2141fa16717acd9bc202f7656d27979e1aa058523d9bb9e411071a3	len=182;sha=896c32d7c07daaeda18f0ad9954dd52d3dd51b7e07d9956aa8ad38438f13ad61
ooxml/docx/Hyperlink.docx	docx.block.2.xml	c-markup-canonical-same	len=5763;sha=8d96b40e957fe9add0222b39191b16836c426c2b6db9223b7477cc9f9ed5fccf	len=273;sha=c6da5fae085ca4154d32bb274f0b9f96a36fa470580bdf6cafaf5499ec0bdb0d
ooxml/docx/comment.docx	docx.par.0.run.0.content.0.xml	c-markup-canonical-same	len=794;sha=7260ed3641556f4585ebf32e2b43abc6998b7cad2b4e57d97873707c87cbc676	len=50;sha=e3fefe8098740bd479fccff3c585d78e0bca4156defb45cb51feac5b4e795f33
ooxml/docx/comment.docx	docx.block.1.xml	c-markup-canonical-same	len=5550;sha=6727384535dd53b95491eb7a08ed4b77d9368ae2ac24623400f7870fb50f6ffa	len=342;sha=cff6c5e0483b7c9ffdc75d8a5debf2edd4e593603b2d2870e2e58f949a390775
ooxml/docx/comment.docx	docx.cmt.0.xml	c-markup-canonical-same	len=69276;sha=691ebee9b57a26203882291b3d1df4ae64accbd8108932e7a99969b4184ae35b	len=3060;sha=7ff8cb57b190231691b3f2650678dbbd89db582d4276e3130fd864ea570391d8
ooxml/docx/documentProperties.docx	docx.block.1.xml	c-markup-canonical-same	len=3031;sha=cf34f624e3059b1880cca8fb030472382031d41fe9019360cadac6617e57c7cc	len=275;sha=d94dcb02bd979e58ec759677f81ec5ca9f0fde8dcc6cedb82f6c4dcea8deb4e4
ooxml/docx/documentProtection_comments_no_password.docx	docx.block.1.xml	c-markup-canonical-same	len=3175;sha=448ceac7dbe84e39e4d0520ce28201b7c83b39380247bfb6ebbdc2ae3f57fad1	len=295;sha=fb4ada2e79654f324f19e6b4914c3a718a7c5b265af0f4e72bfd6dc089ba57c9
ooxml/docx/documentProtection_forms_no_password.docx	docx.block.1.xml	c-markup-canonical-same	len=3175;sha=448ceac7dbe84e39e4d0520ce28201b7c83b39380247bfb6ebbdc2ae3f57fad1	len=295;sha=fb4ada2e79654f324f19e6b4914c3a718a7c5b265af0f4e72bfd6dc089ba57c9
ooxml/docx/documentProtection_no_protection.docx	docx.block.1.xml	c-markup-canonical-same	len=3175;sha=7b3dcc1ae311d789d3f7389a01169eb13b6dd306d80d3e8e55f242e5488bc434	len=295;sha=282e127a50a2b7d4d4464fe76d5ff80b188b9c2937b81dd85e3134eec3aa03a0
ooxml/docx/documentProtection_readonly_no_password.docx	docx.block.1.xml	c-markup-canonical-same	len=3175;sha=448ceac7dbe84e39e4d0520ce28201b7c83b39380247bfb6ebbdc2ae3f57fad1	len=295;sha=fb4ada2e79654f324f19e6b4914c3a718a7c5b265af0f4e72bfd6dc089ba57c9
ooxml/docx/drawing.docx	docx.par.7.inline.18.xml	c-markup-canonical-same	len=621;sha=30e30d528002749a54c5bece49a3ebc30bd27b88100ecd8962f0dac53d72c422	len=45;sha=59116038c7933a2d2f10a5b052e4ad78275e52da59ad9b429e6fcc2e799e3494
ooxml/docx/drawing.docx	docx.par.7.inline.20.xml	c-markup-canonical-same	len=619;sha=4793a92e0b7f1866de85ea4aa4a5dc2250b4aaf8788d080cff6b4943734ac438	len=43;sha=756c6d24e22c0c39b9b0989747540426823d8e69944a2134b35cd7b76ec3e76f
ooxml/docx/drawing.docx	docx.par.7.inline.25.xml	c-markup-canonical-same	len=621;sha=30e30d528002749a54c5bece49a3ebc30bd27b88100ecd8962f0dac53d72c422	len=45;sha=59116038c7933a2d2f10a5b052e4ad78275e52da59ad9b429e6fcc2e799e3494
ooxml/docx/drawing.docx	docx.par.7.inline.27.xml	c-markup-canonical-same	len=619;sha=4793a92e0b7f1866de85ea4aa4a5dc2250b4aaf8788d080cff6b4943734ac438	len=43;sha=756c6d24e22c0c39b9b0989747540426823d8e69944a2134b35cd7b76ec3e76f
ooxml/docx/drawing.docx	docx.par.8.inline.2.xml	c-markup-canonical-same	len=620;sha=8f5c61949a80cb77060c164a504343955dad55b3e7c566d5190a05ccae62c3ac	len=44;sha=24d5d4f1988da84d4ae8c3f19a734cc04fd0bdbf96dd7503a4f1d6e328cfe1c5
ooxml/docx/drawing.docx	docx.par.8.inline.4.xml	c-markup-canonical-same	len=618;sha=f74ab4c382911c8d6bd5126bc2b6a29e59756147356619cae3aa6a2d2a486712	len=42;sha=c26240eb89659c453a0c8b96ecfacbd2d93df7ab826227ab28bb5ce621e62941
ooxml/docx/drawing.docx	docx.par.9.inline.4.xml	c-markup-canonical-same	len=621;sha=30e30d528002749a54c5bece49a3ebc30bd27b88100ecd8962f0dac53d72c422	len=45;sha=59116038c7933a2d2f10a5b052e4ad78275e52da59ad9b429e6fcc2e799e3494
ooxml/docx/drawing.docx	docx.par.9.inline.6.xml	c-markup-canonical-same	len=619;sha=4793a92e0b7f1866de85ea4aa4a5dc2250b4aaf8788d080cff6b4943734ac438	len=43;sha=756c6d24e22c0c39b9b0989747540426823d8e69944a2134b35cd7b76ec3e76f
ooxml/docx/drawing.docx	docx.par.9.inline.8.xml	c-markup-canonical-same	len=621;sha=30e30d528002749a54c5bece49a3ebc30bd27b88100ecd8962f0dac53d72c422	len=45;sha=59116038c7933a2d2f10a5b052e4ad78275e52da59ad9b429e6fcc2e799e3494
ooxml/docx/drawing.docx	docx.par.9.inline.10.xml	c-markup-canonical-same	len=619;sha=4793a92e0b7f1866de85ea4aa4a5dc2250b4aaf8788d080cff6b4943734ac438	len=43;sha=756c6d24e22c0c39b9b0989747540426823d8e69944a2134b35cd7b76ec3e76f
ooxml/docx/drawing.docx	docx.par.9.run.15.content.0.xml	c-markup-canonical-same	len=13200;sha=f1165690eae6696aa9e40ab7d727ee3d8f895c63ea323a91806b2c4ac14d2d91	len=1104;sha=c9d682581568d8a62ad4b66339dd720b0dfd200ce5614e45ef61eef366516765
ooxml/docx/drawing.docx	docx.par.17.run.0.content.0.xml	c-markup-canonical-same	len=1305;sha=266c4ff734fed3af8b1de1417be72d993596af85e967badf1a58899d6e310485	len=153;sha=c5b4285e74f9ac8c812c0bdf9c354f1cff89260c44e802786d38879022fcbda1
ooxml/docx/drawing.docx	docx.par.20.inline.1.xml	c-markup-canonical-same	len=3096;sha=c31ba3c9bb8a30deab42bf917cd6c23c92d3565354594fed6102c1adc46198eb	len=216;sha=1c80bd52786427c78b0a0a18dac0479bc052e31a364afd1ccef37bdf71294bf0
ooxml/docx/drawing.docx	docx.par.20.inline.3.xml	c-markup-canonical-same	len=621;sha=30e30d528002749a54c5bece49a3ebc30bd27b88100ecd8962f0dac53d72c422	len=45;sha=59116038c7933a2d2f10a5b052e4ad78275e52da59ad9b429e6fcc2e799e3494
ooxml/docx/drawing.docx	docx.par.20.inline.5.xml	c-markup-canonical-same	len=619;sha=4793a92e0b7f1866de85ea4aa4a5dc2250b4aaf8788d080cff6b4943734ac438	len=43;sha=756c6d24e22c0c39b9b0989747540426823d8e69944a2134b35cd7b76ec3e76f
ooxml/docx/drawing.docx	docx.par.20.inline.7.xml	c-markup-canonical-same	len=3096;sha=2da6bec2d9f95de2f54ba0b08580914490bb9ec63926ad5b9bd6c531a13305d7	len=216;sha=d014a8c56cb41cfab9ffd442de38e315d28d5d1062a68a34ee59388c06c7d400
ooxml/docx/drawing.docx	docx.par.22.run.0.content.0.xml	c-markup-canonical-same	len=627;sha=75f43db0aea84cb60c09fd34ffa2f0df8166290ce950ee50856987088bbe3491	len=51;sha=c517a498d28f6ce4380975afb31d1f3e1f837e71f8e37fba1991cd6d2f883203
ooxml/docx/drawing.docx	docx.par.23.inline.1.xml	c-markup-canonical-same	len=621;sha=30e30d528002749a54c5bece49a3ebc30bd27b88100ecd8962f0dac53d72c422	len=45;sha=59116038c7933a2d2f10a5b052e4ad78275e52da59ad9b429e6fcc2e799e3494
ooxml/docx/drawing.docx	docx.par.23.inline.3.xml	c-markup-canonical-same	len=619;sha=4793a92e0b7f1866de85ea4aa4a5dc2250b4aaf8788d080cff6b4943734ac438	len=43;sha=756c6d24e22c0c39b9b0989747540426823d8e69944a2134b35cd7b76ec3e76f
ooxml/docx/drawing.docx	docx.par.23.inline.5.xml	c-markup-canonical-same	len=621;sha=30e30d528002749a54c5bece49a3ebc30bd27b88100ecd8962f0dac53d72c422	len=45;sha=59116038c7933a2d2f10a5b052e4ad78275e52da59ad9b429e6fcc2e799e3494
ooxml/docx/drawing.docx	docx.par.23.inline.7.xml	c-markup-canonical-same	len=619;sha=4793a92e0b7f1866de85ea4aa4a5dc2250b4aaf8788d080cff6b4943734ac438	len=43;sha=756c6d24e22c0c39b9b0989747540426823d8e69944a2134b35cd7b76ec3e76f
ooxml/docx/drawing.docx	docx.par.23.inline.9.xml	c-markup-canonical-same	len=621;sha=30e30d528002749a54c5bece49a3ebc30bd27b88100ecd8962f0dac53d72c422	len=45;sha=59116038c7933a2d2f10a5b052e4ad78275e52da59ad9b429e6fcc2e799e3494
ooxml/docx/drawing.docx	docx.par.23.inline.10.xml	c-markup-canonical-same	len=620;sha=8f5c61949a80cb77060c164a504343955dad55b3e7c566d5190a05ccae62c3ac	len=44;sha=24d5d4f1988da84d4ae8c3f19a734cc04fd0bdbf96dd7503a4f1d6e328cfe1c5
ooxml/docx/drawing.docx	docx.par.23.inline.12.xml	c-markup-canonical-same	len=619;sha=4793a92e0b7f1866de85ea4aa4a5dc2250b4aaf8788d080cff6b4943734ac438	len=43;sha=756c6d24e22c0c39b9b0989747540426823d8e69944a2134b35cd7b76ec3e76f
ooxml/docx/drawing.docx	docx.par.23.inline.13.xml	c-markup-canonical-same	len=618;sha=f74ab4c382911c8d6bd5126bc2b6a29e59756147356619cae3aa6a2d2a486712	len=42;sha=c26240eb89659c453a0c8b96ecfacbd2d93df7ab826227ab28bb5ce621e62941
ooxml/docx/drawing.docx	docx.par.23.inline.15.xml	c-markup-canonical-same	len=621;sha=30e30d528002749a54c5bece49a3ebc30bd27b88100ecd8962f0dac53d72c422	len=45;sha=59116038c7933a2d2f10a5b052e4ad78275e52da59ad9b429e6fcc2e799e3494
ooxml/docx/drawing.docx	docx.par.23.inline.17.xml	c-markup-canonical-same	len=619;sha=4793a92e0b7f1866de85ea4aa4a5dc2250b4aaf8788d080cff6b4943734ac438	len=43;sha=756c6d24e22c0c39b9b0989747540426823d8e69944a2134b35cd7b76ec3e76f
ooxml/docx/drawing.docx	docx.par.23.inline.19.xml	c-markup-canonical-same	len=3116;sha=91ff8fe1db29141de34160c47c31ff7e2627254952f7fedf034eb8801da64f3f	len=236;sha=83c07b0140eb93c12fc93985653b028233004406586e712b54af2cf94df5e1c8
ooxml/docx/drawing.docx	docx.par.25.inline.1.xml	c-markup-canonical-same	len=621;sha=30e30d528002749a54c5bece49a3ebc30bd27b88100ecd8962f0dac53d72c422	len=45;sha=59116038c7933a2d2f10a5b052e4ad78275e52da59ad9b429e6fcc2e799e3494
ooxml/docx/drawing.docx	docx.par.25.inline.3.xml	c-markup-canonical-same	len=619;sha=4793a92e0b7f1866de85ea4aa4a5dc2250b4aaf8788d080cff6b4943734ac438	len=43;sha=756c6d24e22c0c39b9b0989747540426823d8e69944a2134b35cd7b76ec3e76f
ooxml/docx/drawing.docx	docx.par.26.inline.1.xml	c-markup-canonical-same	len=621;sha=30e30d528002749a54c5bece49a3ebc30bd27b88100ecd8962f0dac53d72c422	len=45;sha=59116038c7933a2d2f10a5b052e4ad78275e52da59ad9b429e6fcc2e799e3494
ooxml/docx/drawing.docx	docx.par.26.inline.3.xml	c-markup-canonical-same	len=619;sha=4793a92e0b7f1866de85ea4aa4a5dc2250b4aaf8788d080cff6b4943734ac438	len=43;sha=756c6d24e22c0c39b9b0989747540426823d8e69944a2134b35cd7b76ec3e76f
ooxml/docx/drawing.docx	docx.par.26.inline.5.xml	c-markup-canonical-same	len=621;sha=30e30d528002749a54c5bece49a3ebc30bd27b88100ecd8962f0dac53d72c422	len=45;sha=59116038c7933a2d2f10a5b052e4ad78275e52da59ad9b429e6fcc2e799e3494
ooxml/docx/drawing.docx	docx.par.26.inline.7.xml	c-markup-canonical-same	len=619;sha=4793a92e0b7f1866de85ea4aa4a5dc2250b4aaf8788d080cff6b4943734ac438	len=43;sha=756c6d24e22c0c39b9b0989747540426823d8e69944a2134b35cd7b76ec3e76f
ooxml/docx/drawing.docx	docx.par.26.inline.9.xml	c-markup-canonical-same	len=621;sha=30e30d528002749a54c5bece49a3ebc30bd27b88100ecd8962f0dac53d72c422	len=45;sha=59116038c7933a2d2f10a5b052e4ad78275e52da59ad9b429e6fcc2e799e3494
ooxml/docx/drawing.docx	docx.par.26.inline.11.xml	c-markup-canonical-same	len=619;sha=4793a92e0b7f1866de85ea4aa4a5dc2250b4aaf8788d080cff6b4943734ac438	len=43;sha=756c6d24e22c0c39b9b0989747540426823d8e69944a2134b35cd7b76ec3e76f
ooxml/docx/drawing.docx	docx.par.26.inline.13.xml	c-markup-canonical-same	len=621;sha=30e30d528002749a54c5bece49a3ebc30bd27b88100ecd8962f0dac53d72c422	len=45;sha=59116038c7933a2d2f10a5b052e4ad78275e52da59ad9b429e6fcc2e799e3494
ooxml/docx/drawing.docx	docx.par.26.inline.15.xml	c-markup-canonical-same	len=619;sha=4793a92e0b7f1866de85ea4aa4a5dc2250b4aaf8788d080cff6b4943734ac438	len=43;sha=756c6d24e22c0c39b9b0989747540426823d8e69944a2134b35cd7b76ec3e76f
ooxml/docx/drawing.docx	docx.par.26.inline.17.xml	c-markup-canonical-same	len=621;sha=30e30d528002749a54c5bece49a3ebc30bd27b88100ecd8962f0dac53d72c422	len=45;sha=59116038c7933a2d2f10a5b052e4ad78275e52da59ad9b429e6fcc2e799e3494
ooxml/docx/drawing.docx	docx.par.26.inline.19.xml	c-markup-canonical-same	len=619;sha=4793a92e0b7f1866de85ea4aa4a5dc2250b4aaf8788d080cff6b4943734ac438	len=43;sha=756c6d24e22c0c39b9b0989747540426823d8e69944a2134b35cd7b76ec3e76f
ooxml/docx/drawing.docx	docx.par.26.inline.21.xml	c-markup-canonical-same	len=621;sha=30e30d528002749a54c5bece49a3ebc30bd27b88100ecd8962f0dac53d72c422	len=45;sha=59116038c7933a2d2f10a5b052e4ad78275e52da59ad9b429e6fcc2e799e3494
ooxml/docx/drawing.docx	docx.par.26.inline.23.xml	c-markup-canonical-same	len=619;sha=4793a92e0b7f1866de85ea4aa4a5dc2250b4aaf8788d080cff6b4943734ac438	len=43;sha=756c6d24e22c0c39b9b0989747540426823d8e69944a2134b35cd7b76ec3e76f
ooxml/docx/drawing.docx	docx.par.26.inline.26.xml	c-markup-canonical-same	len=4905;sha=907f04181f137f37695086fcbc069794873e88d7b7b7f6a1d516e8393c640ecc	len=297;sha=62679fb11630f7514f530c9195523446b472d3c77d90e7631de4ba5299a9ac7b
ooxml/docx/drawing.docx	docx.par.26.inline.28.xml	c-markup-canonical-same	len=621;sha=30e30d528002749a54c5bece49a3ebc30bd27b88100ecd8962f0dac53d72c422	len=45;sha=59116038c7933a2d2f10a5b052e4ad78275e52da59ad9b429e6fcc2e799e3494
ooxml/docx/drawing.docx	docx.par.26.inline.30.xml	c-markup-canonical-same	len=619;sha=4793a92e0b7f1866de85ea4aa4a5dc2250b4aaf8788d080cff6b4943734ac438	len=43;sha=756c6d24e22c0c39b9b0989747540426823d8e69944a2134b35cd7b76ec3e76f
ooxml/docx/drawing.docx	docx.par.30.inline.0.xml	c-markup-canonical-same	len=620;sha=8f5c61949a80cb77060c164a504343955dad55b3e7c566d5190a05ccae62c3ac	len=44;sha=24d5d4f1988da84d4ae8c3f19a734cc04fd0bdbf96dd7503a4f1d6e328cfe1c5
ooxml/docx/drawing.docx	docx.par.30.inline.4.xml	c-markup-canonical-same	len=618;sha=f74ab4c382911c8d6bd5126bc2b6a29e59756147356619cae3aa6a2d2a486712	len=42;sha=c26240eb89659c453a0c8b96ecfacbd2d93df7ab826227ab28bb5ce621e62941
ooxml/docx/drawing.docx	docx.par.32.inline.1.xml	c-markup-canonical-same	len=621;sha=30e30d528002749a54c5bece49a3ebc30bd27b88100ecd8962f0dac53d72c422	len=45;sha=59116038c7933a2d2f10a5b052e4ad78275e52da59ad9b429e6fcc2e799e3494
ooxml/docx/drawing.docx	docx.par.32.inline.3.xml	c-markup-canonical-same	len=619;sha=4793a92e0b7f1866de85ea4aa4a5dc2250b4aaf8788d080cff6b4943734ac438	len=43;sha=756c6d24e22c0c39b9b0989747540426823d8e69944a2134b35cd7b76ec3e76f
ooxml/docx/drawing.docx	docx.par.33.inline.0.xml	c-markup-canonical-same	len=621;sha=30e30d528002749a54c5bece49a3ebc30bd27b88100ecd8962f0dac53d72c422	len=45;sha=59116038c7933a2d2f10a5b052e4ad78275e52da59ad9b429e6fcc2e799e3494
ooxml/docx/drawing.docx	docx.par.33.inline.2.xml	c-markup-canonical-same	len=619;sha=4793a92e0b7f1866de85ea4aa4a5dc2250b4aaf8788d080cff6b4943734ac438	len=43;sha=756c6d24e22c0c39b9b0989747540426823d8e69944a2134b35cd7b76ec3e76f
ooxml/docx/drawing.docx	docx.par.33.inline.4.xml	c-markup-canonical-same	len=621;sha=30e30d528002749a54c5bece49a3ebc30bd27b88100ecd8962f0dac53d72c422	len=45;sha=59116038c7933a2d2f10a5b052e4ad78275e52da59ad9b429e6fcc2e799e3494
ooxml/docx/drawing.docx	docx.par.33.inline.6.xml	c-markup-canonical-same	len=619;sha=4793a92e0b7f1866de85ea4aa4a5dc2250b4aaf8788d080cff6b4943734ac438	len=43;sha=756c6d24e22c0c39b9b0989747540426823d8e69944a2134b35cd7b76ec3e76f
ooxml/docx/drawing.docx	docx.par.33.inline.8.xml	c-markup-canonical-same	len=621;sha=30e30d528002749a54c5bece49a3ebc30bd27b88100ecd8962f0dac53d72c422	len=45;sha=59116038c7933a2d2f10a5b052e4ad78275e52da59ad9b429e6fcc2e799e3494
ooxml/docx/drawing.docx	docx.par.33.inline.10.xml	c-markup-canonical-same	len=619;sha=4793a92e0b7f1866de85ea4aa4a5dc2250b4aaf8788d080cff6b4943734ac438	len=43;sha=756c6d24e22c0c39b9b0989747540426823d8e69944a2134b35cd7b76ec3e76f
ooxml/docx/drawing.docx	docx.par.33.inline.12.xml	c-markup-canonical-same	len=620;sha=8f5c61949a80cb77060c164a504343955dad55b3e7c566d5190a05ccae62c3ac	len=44;sha=24d5d4f1988da84d4ae8c3f19a734cc04fd0bdbf96dd7503a4f1d6e328cfe1c5
ooxml/docx/drawing.docx	docx.par.33.inline.14.xml	c-markup-canonical-same	len=618;sha=f74ab4c382911c8d6bd5126bc2b6a29e59756147356619cae3aa6a2d2a486712	len=42;sha=c26240eb89659c453a0c8b96ecfacbd2d93df7ab826227ab28bb5ce621e62941
ooxml/docx/drawing.docx	docx.par.33.inline.16.xml	c-markup-canonical-same	len=621;sha=30e30d528002749a54c5bece49a3ebc30bd27b88100ecd8962f0dac53d72c422	len=45;sha=59116038c7933a2d2f10a5b052e4ad78275e52da59ad9b429e6fcc2e799e3494
ooxml/docx/drawing.docx	docx.par.33.inline.18.xml	c-markup-canonical-same	len=619;sha=4793a92e0b7f1866de85ea4aa4a5dc2250b4aaf8788d080cff6b4943734ac438	len=43;sha=756c6d24e22c0c39b9b0989747540426823d8e69944a2134b35cd7b76ec3e76f
ooxml/docx/drawing.docx	docx.par.33.inline.21.xml	c-markup-canonical-same	len=621;sha=30e30d528002749a54c5bece49a3ebc30bd27b88100ecd8962f0dac53d72c422	len=45;sha=59116038c7933a2d2f10a5b052e4ad78275e52da59ad9b429e6fcc2e799e3494
ooxml/docx/drawing.docx	docx.par.33.inline.23.xml	c-markup-canonical-same	len=619;sha=4793a92e0b7f1866de85ea4aa4a5dc2250b4aaf8788d080cff6b4943734ac438	len=43;sha=756c6d24e22c0c39b9b0989747540426823d8e69944a2134b35cd7b76ec3e76f
ooxml/docx/drawing.docx	docx.par.33.inline.25.xml	c-markup-canonical-same	len=621;sha=30e30d528002749a54c5bece49a3ebc30bd27b88100ecd8962f0dac53d72c422	len=45;sha=59116038c7933a2d2f10a5b052e4ad78275e52da59ad9b429e6fcc2e799e3494
ooxml/docx/drawing.docx	docx.par.33.inline.27.xml	c-markup-canonical-same	len=619;sha=4793a92e0b7f1866de85ea4aa4a5dc2250b4aaf8788d080cff6b4943734ac438	len=43;sha=756c6d24e22c0c39b9b0989747540426823d8e69944a2134b35cd7b76ec3e76f
ooxml/docx/drawing.docx	docx.par.33.inline.29.xml	c-markup-canonical-same	len=621;sha=30e30d528002749a54c5bece49a3ebc30bd27b88100ecd8962f0dac53d72c422	len=45;sha=59116038c7933a2d2f10a5b052e4ad78275e52da59ad9b429e6fcc2e799e3494
ooxml/docx/drawing.docx	docx.par.33.inline.31.xml	c-markup-canonical-same	len=619;sha=4793a92e0b7f1866de85ea4aa4a5dc2250b4aaf8788d080cff6b4943734ac438	len=43;sha=756c6d24e22c0c39b9b0989747540426823d8e69944a2134b35cd7b76ec3e76f
ooxml/docx/drawing.docx	docx.par.33.inline.33.xml	c-markup-canonical-same	len=621;sha=30e30d528002749a54c5bece49a3ebc30bd27b88100ecd8962f0dac53d72c422	len=45;sha=59116038c7933a2d2f10a5b052e4ad78275e52da59ad9b429e6fcc2e799e3494
ooxml/docx/drawing.docx	docx.par.33.inline.35.xml	c-markup-canonical-same	len=619;sha=4793a92e0b7f1866de85ea4aa4a5dc2250b4aaf8788d080cff6b4943734ac438	len=43;sha=756c6d24e22c0c39b9b0989747540426823d8e69944a2134b35cd7b76ec3e76f
ooxml/docx/drawing.docx	docx.par.33.inline.37.xml	c-markup-canonical-same	len=620;sha=8f5c61949a80cb77060c164a504343955dad55b3e7c566d5190a05ccae62c3ac	len=44;sha=24d5d4f1988da84d4ae8c3f19a734cc04fd0bdbf96dd7503a4f1d6e328cfe1c5
ooxml/docx/drawing.docx	docx.par.33.inline.40.xml	c-markup-canonical-same	len=618;sha=f74ab4c382911c8d6bd5126bc2b6a29e59756147356619cae3aa6a2d2a486712	len=42;sha=c26240eb89659c453a0c8b96ecfacbd2d93df7ab826227ab28bb5ce621e62941
ooxml/docx/drawing.docx	docx.par.33.inline.42.xml	c-markup-canonical-same	len=621;sha=30e30d528002749a54c5bece49a3ebc30bd27b88100ecd8962f0dac53d72c422	len=45;sha=59116038c7933a2d2f10a5b052e4ad78275e52da59ad9b429e6fcc2e799e3494
ooxml/docx/drawing.docx	docx.par.33.inline.44.xml	c-markup-canonical-same	len=619;sha=4793a92e0b7f1866de85ea4aa4a5dc2250b4aaf8788d080cff6b4943734ac438	len=43;sha=756c6d24e22c0c39b9b0989747540426823d8e69944a2134b35cd7b76ec3e76f
ooxml/docx/drawing.docx	docx.par.33.inline.47.xml	c-markup-canonical-same	len=621;sha=30e30d528002749a54c5bece49a3ebc30bd27b88100ecd8962f0dac53d72c422	len=45;sha=59116038c7933a2d2f10a5b052e4ad78275e52da59ad9b429e6fcc2e799e3494
ooxml/docx/drawing.docx	docx.par.33.inline.49.xml	c-markup-canonical-same	len=619;sha=4793a92e0b7f1866de85ea4aa4a5dc2250b4aaf8788d080cff6b4943734ac438	len=43;sha=756c6d24e22c0c39b9b0989747540426823d8e69944a2134b35cd7b76ec3e76f
ooxml/docx/drawing.docx	docx.par.33.inline.51.xml	c-markup-canonical-same	len=621;sha=30e30d528002749a54c5bece49a3ebc30bd27b88100ecd8962f0dac53d72c422	len=45;sha=59116038c7933a2d2f10a5b052e4ad78275e52da59ad9b429e6fcc2e799e3494
ooxml/docx/drawing.docx	docx.par.33.inline.53.xml	c-markup-canonical-same	len=619;sha=4793a92e0b7f1866de85ea4aa4a5dc2250b4aaf8788d080cff6b4943734ac438	len=43;sha=756c6d24e22c0c39b9b0989747540426823d8e69944a2134b35cd7b76ec3e76f
ooxml/docx/drawing.docx	docx.par.33.inline.55.xml	c-markup-canonical-same	len=621;sha=30e30d528002749a54c5bece49a3ebc30bd27b88100ecd8962f0dac53d72c422	len=45;sha=59116038c7933a2d2f10a5b052e4ad78275e52da59ad9b429e6fcc2e799e3494
ooxml/docx/drawing.docx	docx.par.33.inline.57.xml	c-markup-canonical-same	len=619;sha=4793a92e0b7f1866de85ea4aa4a5dc2250b4aaf8788d080cff6b4943734ac438	len=43;sha=756c6d24e22c0c39b9b0989747540426823d8e69944a2134b35cd7b76ec3e76f
ooxml/docx/drawing.docx	docx.par.33.inline.62.xml	c-markup-canonical-same	len=621;sha=30e30d528002749a54c5bece49a3ebc30bd27b88100ecd8962f0dac53d72c422	len=45;sha=59116038c7933a2d2f10a5b052e4ad78275e52da59ad9b429e6fcc2e799e3494
ooxml/docx/drawing.docx	docx.par.33.inline.64.xml	c-markup-canonical-same	len=619;sha=4793a92e0b7f1866de85ea4aa4a5dc2250b4aaf8788d080cff6b4943734ac438	len=43;sha=756c6d24e22c0c39b9b0989747540426823d8e69944a2134b35cd7b76ec3e76f
ooxml/docx/drawing.docx	docx.par.33.inline.69.xml	c-markup-canonical-same	len=621;sha=30e30d528002749a54c5bece49a3ebc30bd27b88100ecd8962f0dac53d72c422	len=45;sha=59116038c7933a2d2f10a5b052e4ad78275e52da59ad9b429e6fcc2e799e3494
ooxml/docx/drawing.docx	docx.par.33.inline.71.xml	c-markup-canonical-same	len=619;sha=4793a92e0b7f1866de85ea4aa4a5dc2250b4aaf8788d080cff6b4943734ac438	len=43;sha=756c6d24e22c0c39b9b0989747540426823d8e69944a2134b35cd7b76ec3e76f
ooxml/docx/drawing.docx	docx.par.34.inline.0.xml	c-markup-canonical-same	len=621;sha=30e30d528002749a54c5bece49a3ebc30bd27b88100ecd8962f0dac53d72c422	len=45;sha=59116038c7933a2d2f10a5b052e4ad78275e52da59ad9b429e6fcc2e799e3494
ooxml/docx/drawing.docx	docx.par.34.inline.2.xml	c-markup-canonical-same	len=619;sha=4793a92e0b7f1866de85ea4aa4a5dc2250b4aaf8788d080cff6b4943734ac438	len=43;sha=756c6d24e22c0c39b9b0989747540426823d8e69944a2134b35cd7b76ec3e76f
ooxml/docx/drawing.docx	docx.par.34.inline.4.xml	c-markup-canonical-same	len=621;sha=30e30d528002749a54c5bece49a3ebc30bd27b88100ecd8962f0dac53d72c422	len=45;sha=59116038c7933a2d2f10a5b052e4ad78275e52da59ad9b429e6fcc2e799e3494
ooxml/docx/drawing.docx	docx.par.34.inline.6.xml	c-markup-canonical-same	len=619;sha=4793a92e0b7f1866de85ea4aa4a5dc2250b4aaf8788d080cff6b4943734ac438	len=43;sha=756c6d24e22c0c39b9b0989747540426823d8e69944a2134b35cd7b76ec3e76f
ooxml/docx/drawing.docx	docx.par.35.inline.0.xml	c-markup-canonical-same	len=621;sha=30e30d528002749a54c5bece49a3ebc30bd27b88100ecd8962f0dac53d72c422	len=45;sha=59116038c7933a2d2f10a5b052e4ad78275e52da59ad9b429e6fcc2e799e3494
ooxml/docx/drawing.docx	docx.par.35.inline.2.xml	c-markup-canonical-same	len=619;sha=4793a92e0b7f1866de85ea4aa4a5dc2250b4aaf8788d080cff6b4943734ac438	len=43;sha=756c6d24e22c0c39b9b0989747540426823d8e69944a2134b35cd7b76ec3e76f
ooxml/docx/drawing.docx	docx.par.36.inline.4.xml	c-markup-canonical-same	len=621;sha=30e30d528002749a54c5bece49a3ebc30bd27b88100ecd8962f0dac53d72c422	len=45;sha=59116038c7933a2d2f10a5b052e4ad78275e52da59ad9b429e6fcc2e799e3494
ooxml/docx/drawing.docx	docx.par.36.inline.6.xml	c-markup-canonical-same	len=619;sha=4793a92e0b7f1866de85ea4aa4a5dc2250b4aaf8788d080cff6b4943734ac438	len=43;sha=756c6d24e22c0c39b9b0989747540426823d8e69944a2134b35cd7b76ec3e76f
ooxml/docx/drawing.docx	docx.par.36.inline.8.xml	c-markup-canonical-same	len=621;sha=30e30d528002749a54c5bece49a3ebc30bd27b88100ecd8962f0dac53d72c422	len=45;sha=59116038c7933a2d2f10a5b052e4ad78275e52da59ad9b429e6fcc2e799e3494
ooxml/docx/drawing.docx	docx.par.36.inline.10.xml	c-markup-canonical-same	len=619;sha=4793a92e0b7f1866de85ea4aa4a5dc2250b4aaf8788d080cff6b4943734ac438	len=43;sha=756c6d24e22c0c39b9b0989747540426823d8e69944a2134b35cd7b76ec3e76f
ooxml/docx/drawing.docx	docx.par.36.inline.12.xml	c-markup-canonical-same	len=621;sha=30e30d528002749a54c5bece49a3ebc30bd27b88100ecd8962f0dac53d72c422	len=45;sha=59116038c7933a2d2f10a5b052e4ad78275e52da59ad9b429e6fcc2e799e3494
ooxml/docx/drawing.docx	docx.par.36.inline.14.xml	c-markup-canonical-same	len=619;sha=4793a92e0b7f1866de85ea4aa4a5dc2250b4aaf8788d080cff6b4943734ac438	len=43;sha=756c6d24e22c0c39b9b0989747540426823d8e69944a2134b35cd7b76ec3e76f
ooxml/docx/drawing.docx	docx.par.36.inline.16.xml	c-markup-canonical-same	len=621;sha=30e30d528002749a54c5bece49a3ebc30bd27b88100ecd8962f0dac53d72c422	len=45;sha=59116038c7933a2d2f10a5b052e4ad78275e52da59ad9b429e6fcc2e799e3494
ooxml/docx/drawing.docx	docx.par.36.inline.18.xml	c-markup-canonical-same	len=619;sha=4793a92e0b7f1866de85ea4aa4a5dc2250b4aaf8788d080cff6b4943734ac438	len=43;sha=756c6d24e22c0c39b9b0989747540426823d8e69944a2134b35cd7b76ec3e76f
ooxml/docx/drawing.docx	docx.par.36.inline.21.xml	c-markup-canonical-same	len=621;sha=30e30d528002749a54c5bece49a3ebc30bd27b88100ecd8962f0dac53d72c422	len=45;sha=59116038c7933a2d2f10a5b052e4ad78275e52da59ad9b429e6fcc2e799e3494
ooxml/docx/drawing.docx	docx.par.36.inline.23.xml	c-markup-canonical-same	len=619;sha=4793a92e0b7f1866de85ea4aa4a5dc2250b4aaf8788d080cff6b4943734ac438	len=43;sha=756c6d24e22c0c39b9b0989747540426823d8e69944a2134b35cd7b76ec3e76f
ooxml/docx/drawing.docx	docx.par.36.inline.25.xml	c-markup-canonical-same	len=621;sha=30e30d528002749a54c5bece49a3ebc30bd27b88100ecd8962f0dac53d72c422	len=45;sha=59116038c7933a2d2f10a5b052e4ad78275e52da59ad9b429e6fcc2e799e3494
ooxml/docx/drawing.docx	docx.par.36.inline.27.xml	c-markup-canonical-same	len=619;sha=4793a92e0b7f1866de85ea4aa4a5dc2250b4aaf8788d080cff6b4943734ac438	len=43;sha=756c6d24e22c0c39b9b0989747540426823d8e69944a2134b35cd7b76ec3e76f
ooxml/docx/drawing.docx	docx.par.36.run.3.content.0.xml	c-markup-canonical-same	len=627;sha=75f43db0aea84cb60c09fd34ffa2f0df8166290ce950ee50856987088bbe3491	len=51;sha=c517a498d28f6ce4380975afb31d1f3e1f837e71f8e37fba1991cd6d2f883203
ooxml/docx/drawing.docx	docx.par.41.run.0.content.0.xml	c-markup-canonical-same	len=1319;sha=cc62206b3703a9323fc4a4d976800882d3c3a710570ff419f175d4a0c3e843bb	len=167;sha=5822786d4c459e418a4393b93eb3aa3ccf13c65f6894386bd4708e2263f38767
ooxml/docx/drawing.docx	docx.par.43.inline.1.xml	c-markup-canonical-same	len=621;sha=30e30d528002749a54c5bece49a3ebc30bd27b88100ecd8962f0dac53d72c422	len=45;sha=59116038c7933a2d2f10a5b052e4ad78275e52da59ad9b429e6fcc2e799e3494
ooxml/docx/drawing.docx	docx.par.43.inline.3.xml	c-markup-canonical-same	len=619;sha=4793a92e0b7f1866de85ea4aa4a5dc2250b4aaf8788d080cff6b4943734ac438	len=43;sha=756c6d24e22c0c39b9b0989747540426823d8e69944a2134b35cd7b76ec3e76f
ooxml/docx/drawing.docx	docx.par.44.inline.1.xml	c-markup-canonical-same	len=621;sha=30e30d528002749a54c5bece49a3ebc30bd27b88100ecd8962f0dac53d72c422	len=45;sha=59116038c7933a2d2f10a5b052e4ad78275e52da59ad9b429e6fcc2e799e3494
ooxml/docx/drawing.docx	docx.par.44.inline.3.xml	c-markup-canonical-same	len=619;sha=4793a92e0b7f1866de85ea4aa4a5dc2250b4aaf8788d080cff6b4943734ac438	len=43;sha=756c6d24e22c0c39b9b0989747540426823d8e69944a2134b35cd7b76ec3e76f
ooxml/docx/drawing.docx	docx.par.46.inline.1.xml	c-markup-canonical-same	len=621;sha=30e30d528002749a54c5bece49a3ebc30bd27b88100ecd8962f0dac53d72c422	len=45;sha=59116038c7933a2d2f10a5b052e4ad78275e52da59ad9b429e6fcc2e799e3494
ooxml/docx/drawing.docx	docx.par.46.inline.3.xml	c-markup-canonical-same	len=619;sha=4793a92e0b7f1866de85ea4aa4a5dc2250b4aaf8788d080cff6b4943734ac438	len=43;sha=756c6d24e22c0c39b9b0989747540426823d8e69944a2134b35cd7b76ec3e76f
ooxml/docx/drawing.docx	docx.par.47.inline.1.xml	c-markup-canonical-same	len=621;sha=30e30d528002749a54c5bece49a3ebc30bd27b88100ecd8962f0dac53d72c422	len=45;sha=59116038c7933a2d2f10a5b052e4ad78275e52da59ad9b429e6fcc2e799e3494
ooxml/docx/drawing.docx	docx.par.47.inline.3.xml	c-markup-canonical-same	len=619;sha=4793a92e0b7f1866de85ea4aa4a5dc2250b4aaf8788d080cff6b4943734ac438	len=43;sha=756c6d24e22c0c39b9b0989747540426823d8e69944a2134b35cd7b76ec3e76f
ooxml/docx/drawing.docx	docx.par.48.inline.1.xml	c-markup-canonical-same	len=3098;sha=e7ccdee991d67030cd5517a32843225baf8b28a3ce44cca2aa4b2691e3c77352	len=218;sha=32ef507ff2a48bdf5484e58242486ba1b2aa036c5c238817a09f60c0925c65da
ooxml/docx/drawing.docx	docx.par.51.inline.1.xml	c-markup-canonical-same	len=621;sha=30e30d528002749a54c5bece49a3ebc30bd27b88100ecd8962f0dac53d72c422	len=45;sha=59116038c7933a2d2f10a5b052e4ad78275e52da59ad9b429e6fcc2e799e3494
ooxml/docx/drawing.docx	docx.par.51.inline.3.xml	c-markup-canonical-same	len=620;sha=8f5c61949a80cb77060c164a504343955dad55b3e7c566d5190a05ccae62c3ac	len=44;sha=24d5d4f1988da84d4ae8c3f19a734cc04fd0bdbf96dd7503a4f1d6e328cfe1c5
ooxml/docx/drawing.docx	docx.par.51.inline.5.xml	c-markup-canonical-same	len=619;sha=4793a92e0b7f1866de85ea4aa4a5dc2250b4aaf8788d080cff6b4943734ac438	len=43;sha=756c6d24e22c0c39b9b0989747540426823d8e69944a2134b35cd7b76ec3e76f
ooxml/docx/drawing.docx	docx.par.51.inline.7.xml	c-markup-canonical-same	len=618;sha=f74ab4c382911c8d6bd5126bc2b6a29e59756147356619cae3aa6a2d2a486712	len=42;sha=c26240eb89659c453a0c8b96ecfacbd2d93df7ab826227ab28bb5ce621e62941
ooxml/docx/drawing.docx	docx.par.51.inline.9.xml	c-markup-canonical-same	len=621;sha=30e30d528002749a54c5bece49a3ebc30bd27b88100ecd8962f0dac53d72c422	len=45;sha=59116038c7933a2d2f10a5b052e4ad78275e52da59ad9b429e6fcc2e799e3494
ooxml/docx/drawing.docx	docx.par.51.inline.11.xml	c-markup-canonical-same	len=619;sha=4793a92e0b7f1866de85ea4aa4a5dc2250b4aaf8788d080cff6b4943734ac438	len=43;sha=756c6d24e22c0c39b9b0989747540426823d8e69944a2134b35cd7b76ec3e76f
ooxml/docx/drawing.docx	docx.par.52.inline.1.xml	c-markup-canonical-same	len=621;sha=30e30d528002749a54c5bece49a3ebc30bd27b88100ecd8962f0dac53d72c422	len=45;sha=59116038c7933a2d2f10a5b052e4ad78275e52da59ad9b429e6fcc2e799e3494
ooxml/docx/drawing.docx	docx.par.52.inline.3.xml	c-markup-canonical-same	len=619;sha=4793a92e0b7f1866de85ea4aa4a5dc2250b4aaf8788d080cff6b4943734ac438	len=43;sha=756c6d24e22c0c39b9b0989747540426823d8e69944a2134b35cd7b76ec3e76f
ooxml/docx/drawing.docx	docx.par.52.inline.5.xml	c-markup-canonical-same	len=621;sha=30e30d528002749a54c5bece49a3ebc30bd27b88100ecd8962f0dac53d72c422	len=45;sha=59116038c7933a2d2f10a5b052e4ad78275e52da59ad9b429e6fcc2e799e3494
ooxml/docx/drawing.docx	docx.par.52.inline.7.xml	c-markup-canonical-same	len=619;sha=4793a92e0b7f1866de85ea4aa4a5dc2250b4aaf8788d080cff6b4943734ac438	len=43;sha=756c6d24e22c0c39b9b0989747540426823d8e69944a2134b35cd7b76ec3e76f
ooxml/docx/drawing.docx	docx.par.52.inline.9.xml	c-markup-canonical-same	len=621;sha=30e30d528002749a54c5bece49a3ebc30bd27b88100ecd8962f0dac53d72c422	len=45;sha=59116038c7933a2d2f10a5b052e4ad78275e52da59ad9b429e6fcc2e799e3494
ooxml/docx/drawing.docx	docx.par.52.inline.11.xml	c-markup-canonical-same	len=619;sha=4793a92e0b7f1866de85ea4aa4a5dc2250b4aaf8788d080cff6b4943734ac438	len=43;sha=756c6d24e22c0c39b9b0989747540426823d8e69944a2134b35cd7b76ec3e76f
ooxml/docx/drawing.docx	docx.par.52.inline.13.xml	c-markup-canonical-same	len=621;sha=30e30d528002749a54c5bece49a3ebc30bd27b88100ecd8962f0dac53d72c422	len=45;sha=59116038c7933a2d2f10a5b052e4ad78275e52da59ad9b429e6fcc2e799e3494
ooxml/docx/drawing.docx	docx.par.52.inline.15.xml	c-markup-canonical-same	len=619;sha=4793a92e0b7f1866de85ea4aa4a5dc2250b4aaf8788d080cff6b4943734ac438	len=43;sha=756c6d24e22c0c39b9b0989747540426823d8e69944a2134b35cd7b76ec3e76f
ooxml/docx/drawing.docx	docx.par.52.inline.17.xml	c-markup-canonical-same	len=621;sha=30e30d528002749a54c5bece49a3ebc30bd27b88100ecd8962f0dac53d72c422	len=45;sha=59116038c7933a2d2f10a5b052e4ad78275e52da59ad9b429e6fcc2e799e3494
ooxml/docx/drawing.docx	docx.par.52.inline.19.xml	c-markup-canonical-same	len=619;sha=4793a92e0b7f1866de85ea4aa4a5dc2250b4aaf8788d080cff6b4943734ac438	len=43;sha=756c6d24e22c0c39b9b0989747540426823d8e69944a2134b35cd7b76ec3e76f
ooxml/docx/drawing.docx	docx.par.52.inline.21.xml	c-markup-canonical-same	len=621;sha=30e30d528002749a54c5bece49a3ebc30bd27b88100ecd8962f0dac53d72c422	len=45;sha=59116038c7933a2d2f10a5b052e4ad78275e52da59ad9b429e6fcc2e799e3494
ooxml/docx/drawing.docx	docx.par.52.inline.23.xml	c-markup-canonical-same	len=619;sha=4793a92e0b7f1866de85ea4aa4a5dc2250b4aaf8788d080cff6b4943734ac438	len=43;sha=756c6d24e22c0c39b9b0989747540426823d8e69944a2134b35cd7b76ec3e76f
ooxml/docx/drawing.docx	docx.par.53.inline.1.xml	c-markup-canonical-same	len=620;sha=8f5c61949a80cb77060c164a504343955dad55b3e7c566d5190a05ccae62c3ac	len=44;sha=24d5d4f1988da84d4ae8c3f19a734cc04fd0bdbf96dd7503a4f1d6e328cfe1c5
ooxml/docx/drawing.docx	docx.par.53.inline.3.xml	c-markup-canonical-same	len=618;sha=f74ab4c382911c8d6bd5126bc2b6a29e59756147356619cae3aa6a2d2a486712	len=42;sha=c26240eb89659c453a0c8b96ecfacbd2d93df7ab826227ab28bb5ce621e62941
ooxml/docx/drawing.docx	docx.par.53.inline.5.xml	c-markup-canonical-same	len=621;sha=30e30d528002749a54c5bece49a3ebc30bd27b88100ecd8962f0dac53d72c422	len=45;sha=59116038c7933a2d2f10a5b052e4ad78275e52da59ad9b429e6fcc2e799e3494
ooxml/docx/drawing.docx	docx.par.53.inline.7.xml	c-markup-canonical-same	len=619;sha=4793a92e0b7f1866de85ea4aa4a5dc2250b4aaf8788d080cff6b4943734ac438	len=43;sha=756c6d24e22c0c39b9b0989747540426823d8e69944a2134b35cd7b76ec3e76f
ooxml/docx/drawing.docx	docx.par.55.inline.1.xml	c-markup-canonical-same	len=620;sha=8f5c61949a80cb77060c164a504343955dad55b3e7c566d5190a05ccae62c3ac	len=44;sha=24d5d4f1988da84d4ae8c3f19a734cc04fd0bdbf96dd7503a4f1d6e328cfe1c5
ooxml/docx/drawing.docx	docx.par.55.inline.3.xml	c-markup-canonical-same	len=618;sha=f74ab4c382911c8d6bd5126bc2b6a29e59756147356619cae3aa6a2d2a486712	len=42;sha=c26240eb89659c453a0c8b96ecfacbd2d93df7ab826227ab28bb5ce621e62941
ooxml/docx/drawing.docx	docx.par.56.inline.1.xml	c-markup-canonical-same	len=3098;sha=e7ccdee991d67030cd5517a32843225baf8b28a3ce44cca2aa4b2691e3c77352	len=218;sha=32ef507ff2a48bdf5484e58242486ba1b2aa036c5c238817a09f60c0925c65da
ooxml/docx/drawing.docx	docx.par.58.run.0.content.0.xml	c-markup-canonical-same	len=1319;sha=3db5dc0a3dc917dd93b1d22d2a68ac7c21f013eb60450a322b4252e0781a45f6	len=167;sha=2ebb172bd046508f67a16f5cc804387226c1d6ffded520d05abc7d4f5b63b262
ooxml/docx/drawing.docx	docx.par.60.inline.0.xml	c-markup-canonical-same	len=621;sha=30e30d528002749a54c5bece49a3ebc30bd27b88100ecd8962f0dac53d72c422	len=45;sha=59116038c7933a2d2f10a5b052e4ad78275e52da59ad9b429e6fcc2e799e3494
ooxml/docx/drawing.docx	docx.par.60.inline.2.xml	c-markup-canonical-same	len=619;sha=4793a92e0b7f1866de85ea4aa4a5dc2250b4aaf8788d080cff6b4943734ac438	len=43;sha=756c6d24e22c0c39b9b0989747540426823d8e69944a2134b35cd7b76ec3e76f
ooxml/docx/drawing.docx	docx.par.60.inline.4.xml	c-markup-canonical-same	len=621;sha=30e30d528002749a54c5bece49a3ebc30bd27b88100ecd8962f0dac53d72c422	len=45;sha=59116038c7933a2d2f10a5b052e4ad78275e52da59ad9b429e6fcc2e799e3494
ooxml/docx/drawing.docx	docx.par.60.inline.6.xml	c-markup-canonical-same	len=619;sha=4793a92e0b7f1866de85ea4aa4a5dc2250b4aaf8788d080cff6b4943734ac438	len=43;sha=756c6d24e22c0c39b9b0989747540426823d8e69944a2134b35cd7b76ec3e76f
ooxml/docx/drawing.docx	docx.par.60.inline.8.xml	c-markup-canonical-same	len=621;sha=30e30d528002749a54c5bece49a3ebc30bd27b88100ecd8962f0dac53d72c422	len=45;sha=59116038c7933a2d2f10a5b052e4ad78275e52da59ad9b429e6fcc2e799e3494
ooxml/docx/drawing.docx	docx.par.60.inline.10.xml	c-markup-canonical-same	len=619;sha=4793a92e0b7f1866de85ea4aa4a5dc2250b4aaf8788d080cff6b4943734ac438	len=43;sha=756c6d24e22c0c39b9b0989747540426823d8e69944a2134b35cd7b76ec3e76f
ooxml/docx/drawing.docx	docx.par.61.inline.1.xml	c-markup-canonical-same	len=621;sha=30e30d528002749a54c5bece49a3ebc30bd27b88100ecd8962f0dac53d72c422	len=45;sha=59116038c7933a2d2f10a5b052e4ad78275e52da59ad9b429e6fcc2e799e3494
ooxml/docx/drawing.docx	docx.par.61.inline.3.xml	c-markup-canonical-same	len=619;sha=4793a92e0b7f1866de85ea4aa4a5dc2250b4aaf8788d080cff6b4943734ac438	len=43;sha=756c6d24e22c0c39b9b0989747540426823d8e69944a2134b35cd7b76ec3e76f
ooxml/docx/drawing.docx	docx.par.61.inline.5.xml	c-markup-canonical-same	len=621;sha=30e30d528002749a54c5bece49a3ebc30bd27b88100ecd8962f0dac53d72c422	len=45;sha=59116038c7933a2d2f10a5b052e4ad78275e52da59ad9b429e6fcc2e799e3494
ooxml/docx/drawing.docx	docx.par.61.inline.7.xml	c-markup-canonical-same	len=619;sha=4793a92e0b7f1866de85ea4aa4a5dc2250b4aaf8788d080cff6b4943734ac438	len=43;sha=756c6d24e22c0c39b9b0989747540426823d8e69944a2134b35cd7b76ec3e76f
ooxml/docx/drawing.docx	docx.par.61.inline.9.xml	c-markup-canonical-same	len=621;sha=30e30d528002749a54c5bece49a3ebc30bd27b88100ecd8962f0dac53d72c422	len=45;sha=59116038c7933a2d2f10a5b052e4ad78275e52da59ad9b429e6fcc2e799e3494
ooxml/docx/drawing.docx	docx.par.61.inline.11.xml	c-markup-canonical-same	len=619;sha=4793a92e0b7f1866de85ea4aa4a5dc2250b4aaf8788d080cff6b4943734ac438	len=43;sha=756c6d24e22c0c39b9b0989747540426823d8e69944a2134b35cd7b76ec3e76f
ooxml/docx/drawing.docx	docx.par.61.inline.13.xml	c-markup-canonical-same	len=621;sha=30e30d528002749a54c5bece49a3ebc30bd27b88100ecd8962f0dac53d72c422	len=45;sha=59116038c7933a2d2f10a5b052e4ad78275e52da59ad9b429e6fcc2e799e3494
ooxml/docx/drawing.docx	docx.par.61.inline.15.xml	c-markup-canonical-same	len=619;sha=4793a92e0b7f1866de85ea4aa4a5dc2250b4aaf8788d080cff6b4943734ac438	len=43;sha=756c6d24e22c0c39b9b0989747540426823d8e69944a2134b35cd7b76ec3e76f
ooxml/docx/drawing.docx	docx.par.61.inline.17.xml	c-markup-canonical-same	len=621;sha=30e30d528002749a54c5bece49a3ebc30bd27b88100ecd8962f0dac53d72c422	len=45;sha=59116038c7933a2d2f10a5b052e4ad78275e52da59ad9b429e6fcc2e799e3494
ooxml/docx/drawing.docx	docx.par.61.inline.19.xml	c-markup-canonical-same	len=619;sha=4793a92e0b7f1866de85ea4aa4a5dc2250b4aaf8788d080cff6b4943734ac438	len=43;sha=756c6d24e22c0c39b9b0989747540426823d8e69944a2134b35cd7b76ec3e76f
ooxml/docx/drawing.docx	docx.par.61.inline.21.xml	c-markup-canonical-same	len=621;sha=30e30d528002749a54c5bece49a3ebc30bd27b88100ecd8962f0dac53d72c422	len=45;sha=59116038c7933a2d2f10a5b052e4ad78275e52da59ad9b429e6fcc2e799e3494
ooxml/docx/drawing.docx	docx.par.61.inline.23.xml	c-markup-canonical-same	len=619;sha=4793a92e0b7f1866de85ea4aa4a5dc2250b4aaf8788d080cff6b4943734ac438	len=43;sha=756c6d24e22c0c39b9b0989747540426823d8e69944a2134b35cd7b76ec3e76f
ooxml/docx/drawing.docx	docx.par.61.inline.25.xml	c-markup-canonical-same	len=620;sha=8f5c61949a80cb77060c164a504343955dad55b3e7c566d5190a05ccae62c3ac	len=44;sha=24d5d4f1988da84d4ae8c3f19a734cc04fd0bdbf96dd7503a4f1d6e328cfe1c5
ooxml/docx/drawing.docx	docx.par.61.inline.27.xml	c-markup-canonical-same	len=618;sha=f74ab4c382911c8d6bd5126bc2b6a29e59756147356619cae3aa6a2d2a486712	len=42;sha=c26240eb89659c453a0c8b96ecfacbd2d93df7ab826227ab28bb5ce621e62941
ooxml/docx/drawing.docx	docx.par.61.inline.29.xml	c-markup-canonical-same	len=621;sha=30e30d528002749a54c5bece49a3ebc30bd27b88100ecd8962f0dac53d72c422	len=45;sha=59116038c7933a2d2f10a5b052e4ad78275e52da59ad9b429e6fcc2e799e3494
ooxml/docx/drawing.docx	docx.par.61.inline.31.xml	c-markup-canonical-same	len=619;sha=4793a92e0b7f1866de85ea4aa4a5dc2250b4aaf8788d080cff6b4943734ac438	len=43;sha=756c6d24e22c0c39b9b0989747540426823d8e69944a2134b35cd7b76ec3e76f
ooxml/docx/drawing.docx	docx.par.62.inline.1.xml	c-markup-canonical-same	len=621;sha=30e30d528002749a54c5bece49a3ebc30bd27b88100ecd8962f0dac53d72c422	len=45;sha=59116038c7933a2d2f10a5b052e4ad78275e52da59ad9b429e6fcc2e799e3494
ooxml/docx/drawing.docx	docx.par.62.inline.3.xml	c-markup-canonical-same	len=619;sha=4793a92e0b7f1866de85ea4aa4a5dc2250b4aaf8788d080cff6b4943734ac438	len=43;sha=756c6d24e22c0c39b9b0989747540426823d8e69944a2134b35cd7b76ec3e76f
ooxml/docx/drawing.docx	docx.par.62.inline.5.xml	c-markup-canonical-same	len=621;sha=30e30d528002749a54c5bece49a3ebc30bd27b88100ecd8962f0dac53d72c422	len=45;sha=59116038c7933a2d2f10a5b052e4ad78275e52da59ad9b429e6fcc2e799e3494
ooxml/docx/drawing.docx	docx.par.62.inline.7.xml	c-markup-canonical-same	len=619;sha=4793a92e0b7f1866de85ea4aa4a5dc2250b4aaf8788d080cff6b4943734ac438	len=43;sha=756c6d24e22c0c39b9b0989747540426823d8e69944a2134b35cd7b76ec3e76f
ooxml/docx/drawing.docx	docx.par.62.inline.9.xml	c-markup-canonical-same	len=621;sha=30e30d528002749a54c5bece49a3ebc30bd27b88100ecd8962f0dac53d72c422	len=45;sha=59116038c7933a2d2f10a5b052e4ad78275e52da59ad9b429e6fcc2e799e3494
ooxml/docx/drawing.docx	docx.par.62.inline.11.xml	c-markup-canonical-same	len=619;sha=4793a92e0b7f1866de85ea4aa4a5dc2250b4aaf8788d080cff6b4943734ac438	len=43;sha=756c6d24e22c0c39b9b0989747540426823d8e69944a2134b35cd7b76ec3e76f
ooxml/docx/drawing.docx	docx.par.62.inline.13.xml	c-markup-canonical-same	len=621;sha=30e30d528002749a54c5bece49a3ebc30bd27b88100ecd8962f0dac53d72c422	len=45;sha=59116038c7933a2d2f10a5b052e4ad78275e52da59ad9b429e6fcc2e799e3494
ooxml/docx/drawing.docx	docx.par.62.inline.15.xml	c-markup-canonical-same	len=619;sha=4793a92e0b7f1866de85ea4aa4a5dc2250b4aaf8788d080cff6b4943734ac438	len=43;sha=756c6d24e22c0c39b9b0989747540426823d8e69944a2134b35cd7b76ec3e76f
ooxml/docx/drawing.docx	docx.par.62.inline.17.xml	c-markup-canonical-same	len=620;sha=8f5c61949a80cb77060c164a504343955dad55b3e7c566d5190a05ccae62c3ac	len=44;sha=24d5d4f1988da84d4ae8c3f19a734cc04fd0bdbf96dd7503a4f1d6e328cfe1c5
ooxml/docx/drawing.docx	docx.par.62.inline.19.xml	c-markup-canonical-same	len=618;sha=f74ab4c382911c8d6bd5126bc2b6a29e59756147356619cae3aa6a2d2a486712	len=42;sha=c26240eb89659c453a0c8b96ecfacbd2d93df7ab826227ab28bb5ce621e62941
ooxml/docx/drawing.docx	docx.par.62.inline.21.xml	c-markup-canonical-same	len=621;sha=30e30d528002749a54c5bece49a3ebc30bd27b88100ecd8962f0dac53d72c422	len=45;sha=59116038c7933a2d2f10a5b052e4ad78275e52da59ad9b429e6fcc2e799e3494
ooxml/docx/drawing.docx	docx.par.62.inline.23.xml	c-markup-canonical-same	len=619;sha=4793a92e0b7f1866de85ea4aa4a5dc2250b4aaf8788d080cff6b4943734ac438	len=43;sha=756c6d24e22c0c39b9b0989747540426823d8e69944a2134b35cd7b76ec3e76f
ooxml/docx/drawing.docx	docx.par.63.inline.1.xml	c-markup-canonical-same	len=621;sha=30e30d528002749a54c5bece49a3ebc30bd27b88100ecd8962f0dac53d72c422	len=45;sha=59116038c7933a2d2f10a5b052e4ad78275e52da59ad9b429e6fcc2e799e3494
ooxml/docx/drawing.docx	docx.par.63.inline.3.xml	c-markup-canonical-same	len=619;sha=4793a92e0b7f1866de85ea4aa4a5dc2250b4aaf8788d080cff6b4943734ac438	len=43;sha=756c6d24e22c0c39b9b0989747540426823d8e69944a2134b35cd7b76ec3e76f
ooxml/docx/drawing.docx	docx.par.63.inline.5.xml	c-markup-canonical-same	len=621;sha=30e30d528002749a54c5bece49a3ebc30bd27b88100ecd8962f0dac53d72c422	len=45;sha=59116038c7933a2d2f10a5b052e4ad78275e52da59ad9b429e6fcc2e799e3494
ooxml/docx/drawing.docx	docx.par.63.inline.7.xml	c-markup-canonical-same	len=619;sha=4793a92e0b7f1866de85ea4aa4a5dc2250b4aaf8788d080cff6b4943734ac438	len=43;sha=756c6d24e22c0c39b9b0989747540426823d8e69944a2134b35cd7b76ec3e76f
ooxml/docx/drawing.docx	docx.par.63.inline.9.xml	c-markup-canonical-same	len=621;sha=30e30d528002749a54c5bece49a3ebc30bd27b88100ecd8962f0dac53d72c422	len=45;sha=59116038c7933a2d2f10a5b052e4ad78275e52da59ad9b429e6fcc2e799e3494
ooxml/docx/drawing.docx	docx.par.63.inline.11.xml	c-markup-canonical-same	len=619;sha=4793a92e0b7f1866de85ea4aa4a5dc2250b4aaf8788d080cff6b4943734ac438	len=43;sha=756c6d24e22c0c39b9b0989747540426823d8e69944a2134b35cd7b76ec3e76f
ooxml/docx/drawing.docx	docx.par.63.run.0.content.0.xml	c-markup-canonical-same	len=627;sha=75f43db0aea84cb60c09fd34ffa2f0df8166290ce950ee50856987088bbe3491	len=51;sha=c517a498d28f6ce4380975afb31d1f3e1f837e71f8e37fba1991cd6d2f883203
ooxml/docx/drawing.docx	docx.par.64.inline.1.xml	c-markup-canonical-same	len=621;sha=30e30d528002749a54c5bece49a3ebc30bd27b88100ecd8962f0dac53d72c422	len=45;sha=59116038c7933a2d2f10a5b052e4ad78275e52da59ad9b429e6fcc2e799e3494
ooxml/docx/drawing.docx	docx.par.64.inline.3.xml	c-markup-canonical-same	len=619;sha=4793a92e0b7f1866de85ea4aa4a5dc2250b4aaf8788d080cff6b4943734ac438	len=43;sha=756c6d24e22c0c39b9b0989747540426823d8e69944a2134b35cd7b76ec3e76f
ooxml/docx/drawing.docx	docx.par.64.inline.5.xml	c-markup-canonical-same	len=621;sha=30e30d528002749a54c5bece49a3ebc30bd27b88100ecd8962f0dac53d72c422	len=45;sha=59116038c7933a2d2f10a5b052e4ad78275e52da59ad9b429e6fcc2e799e3494
ooxml/docx/drawing.docx	docx.par.64.inline.7.xml	c-markup-canonical-same	len=619;sha=4793a92e0b7f1866de85ea4aa4a5dc2250b4aaf8788d080cff6b4943734ac438	len=43;sha=756c6d24e22c0c39b9b0989747540426823d8e69944a2134b35cd7b76ec3e76f
ooxml/docx/drawing.docx	docx.par.64.inline.9.xml	c-markup-canonical-same	len=621;sha=30e30d528002749a54c5bece49a3ebc30bd27b88100ecd8962f0dac53d72c422	len=45;sha=59116038c7933a2d2f10a5b052e4ad78275e52da59ad9b429e6fcc2e799e3494
ooxml/docx/drawing.docx	docx.par.64.inline.11.xml	c-markup-canonical-same	len=619;sha=4793a92e0b7f1866de85ea4aa4a5dc2250b4aaf8788d080cff6b4943734ac438	len=43;sha=756c6d24e22c0c39b9b0989747540426823d8e69944a2134b35cd7b76ec3e76f
ooxml/docx/drawing.docx	docx.par.64.inline.13.xml	c-markup-canonical-same	len=620;sha=8f5c61949a80cb77060c164a504343955dad55b3e7c566d5190a05ccae62c3ac	len=44;sha=24d5d4f1988da84d4ae8c3f19a734cc04fd0bdbf96dd7503a4f1d6e328cfe1c5
ooxml/docx/drawing.docx	docx.par.64.inline.15.xml	c-markup-canonical-same	len=618;sha=f74ab4c382911c8d6bd5126bc2b6a29e59756147356619cae3aa6a2d2a486712	len=42;sha=c26240eb89659c453a0c8b96ecfacbd2d93df7ab826227ab28bb5ce621e62941
ooxml/docx/drawing.docx	docx.par.64.inline.17.xml	c-markup-canonical-same	len=621;sha=30e30d528002749a54c5bece49a3ebc30bd27b88100ecd8962f0dac53d72c422	len=45;sha=59116038c7933a2d2f10a5b052e4ad78275e52da59ad9b429e6fcc2e799e3494
ooxml/docx/drawing.docx	docx.par.64.inline.19.xml	c-markup-canonical-same	len=619;sha=4793a92e0b7f1866de85ea4aa4a5dc2250b4aaf8788d080cff6b4943734ac438	len=43;sha=756c6d24e22c0c39b9b0989747540426823d8e69944a2134b35cd7b76ec3e76f
ooxml/docx/drawing.docx	docx.par.64.inline.21.xml	c-markup-canonical-same	len=621;sha=30e30d528002749a54c5bece49a3ebc30bd27b88100ecd8962f0dac53d72c422	len=45;sha=59116038c7933a2d2f10a5b052e4ad78275e52da59ad9b429e6fcc2e799e3494
ooxml/docx/drawing.docx	docx.par.64.inline.23.xml	c-markup-canonical-same	len=619;sha=4793a92e0b7f1866de85ea4aa4a5dc2250b4aaf8788d080cff6b4943734ac438	len=43;sha=756c6d24e22c0c39b9b0989747540426823d8e69944a2134b35cd7b76ec3e76f
ooxml/docx/drawing.docx	docx.par.65.inline.1.xml	c-markup-canonical-same	len=621;sha=30e30d528002749a54c5bece49a3ebc30bd27b88100ecd8962f0dac53d72c422	len=45;sha=59116038c7933a2d2f10a5b052e4ad78275e52da59ad9b429e6fcc2e799e3494
ooxml/docx/drawing.docx	docx.par.65.inline.3.xml	c-markup-canonical-same	len=619;sha=4793a92e0b7f1866de85ea4aa4a5dc2250b4aaf8788d080cff6b4943734ac438	len=43;sha=756c6d24e22c0c39b9b0989747540426823d8e69944a2134b35cd7b76ec3e76f
ooxml/docx/drawing.docx	docx.par.65.inline.5.xml	c-markup-canonical-same	len=621;sha=30e30d528002749a54c5bece49a3ebc30bd27b88100ecd8962f0dac53d72c422	len=45;sha=59116038c7933a2d2f10a5b052e4ad78275e52da59ad9b429e6fcc2e799e3494
ooxml/docx/drawing.docx	docx.par.65.inline.7.xml	c-markup-canonical-same	len=619;sha=4793a92e0b7f1866de85ea4aa4a5dc2250b4aaf8788d080cff6b4943734ac438	len=43;sha=756c6d24e22c0c39b9b0989747540426823d8e69944a2134b35cd7b76ec3e76f
ooxml/docx/drawing.docx	docx.par.65.inline.9.xml	c-markup-canonical-same	len=621;sha=30e30d528002749a54c5bece49a3ebc30bd27b88100ecd8962f0dac53d72c422	len=45;sha=59116038c7933a2d2f10a5b052e4ad78275e52da59ad9b429e6fcc2e799e3494
ooxml/docx/drawing.docx	docx.par.65.inline.11.xml	c-markup-canonical-same	len=619;sha=4793a92e0b7f1866de85ea4aa4a5dc2250b4aaf8788d080cff6b4943734ac438	len=43;sha=756c6d24e22c0c39b9b0989747540426823d8e69944a2134b35cd7b76ec3e76f
ooxml/docx/drawing.docx	docx.par.65.inline.13.xml	c-markup-canonical-same	len=620;sha=8f5c61949a80cb77060c164a504343955dad55b3e7c566d5190a05ccae62c3ac	len=44;sha=24d5d4f1988da84d4ae8c3f19a734cc04fd0bdbf96dd7503a4f1d6e328cfe1c5
ooxml/docx/drawing.docx	docx.par.65.inline.15.xml	c-markup-canonical-same	len=618;sha=f74ab4c382911c8d6bd5126bc2b6a29e59756147356619cae3aa6a2d2a486712	len=42;sha=c26240eb89659c453a0c8b96ecfacbd2d93df7ab826227ab28bb5ce621e62941
ooxml/docx/drawing.docx	docx.par.65.inline.17.xml	c-markup-canonical-same	len=621;sha=30e30d528002749a54c5bece49a3ebc30bd27b88100ecd8962f0dac53d72c422	len=45;sha=59116038c7933a2d2f10a5b052e4ad78275e52da59ad9b429e6fcc2e799e3494
ooxml/docx/drawing.docx	docx.par.65.inline.19.xml	c-markup-canonical-same	len=619;sha=4793a92e0b7f1866de85ea4aa4a5dc2250b4aaf8788d080cff6b4943734ac438	len=43;sha=756c6d24e22c0c39b9b0989747540426823d8e69944a2134b35cd7b76ec3e76f
ooxml/docx/drawing.docx	docx.par.65.inline.21.xml	c-markup-canonical-same	len=621;sha=30e30d528002749a54c5bece49a3ebc30bd27b88100ecd8962f0dac53d72c422	len=45;sha=59116038c7933a2d2f10a5b052e4ad78275e52da59ad9b429e6fcc2e799e3494
ooxml/docx/drawing.docx	docx.par.65.inline.23.xml	c-markup-canonical-same	len=619;sha=4793a92e0b7f1866de85ea4aa4a5dc2250b4aaf8788d080cff6b4943734ac438	len=43;sha=756c6d24e22c0c39b9b0989747540426823d8e69944a2134b35cd7b76ec3e76f
ooxml/docx/drawing.docx	docx.par.65.inline.25.xml	c-markup-canonical-same	len=621;sha=30e30d528002749a54c5bece49a3ebc30bd27b88100ecd8962f0dac53d72c422	len=45;sha=59116038c7933a2d2f10a5b052e4ad78275e52da59ad9b429e6fcc2e799e3494
ooxml/docx/drawing.docx	docx.par.65.inline.27.xml	c-markup-canonical-same	len=619;sha=4793a92e0b7f1866de85ea4aa4a5dc2250b4aaf8788d080cff6b4943734ac438	len=43;sha=756c6d24e22c0c39b9b0989747540426823d8e69944a2134b35cd7b76ec3e76f
ooxml/docx/drawing.docx	docx.par.66.inline.1.xml	c-markup-canonical-same	len=621;sha=30e30d528002749a54c5bece49a3ebc30bd27b88100ecd8962f0dac53d72c422	len=45;sha=59116038c7933a2d2f10a5b052e4ad78275e52da59ad9b429e6fcc2e799e3494
ooxml/docx/drawing.docx	docx.par.66.inline.3.xml	c-markup-canonical-same	len=619;sha=4793a92e0b7f1866de85ea4aa4a5dc2250b4aaf8788d080cff6b4943734ac438	len=43;sha=756c6d24e22c0c39b9b0989747540426823d8e69944a2134b35cd7b76ec3e76f
ooxml/docx/drawing.docx	docx.par.66.inline.5.xml	c-markup-canonical-same	len=620;sha=8f5c61949a80cb77060c164a504343955dad55b3e7c566d5190a05ccae62c3ac	len=44;sha=24d5d4f1988da84d4ae8c3f19a734cc04fd0bdbf96dd7503a4f1d6e328cfe1c5
ooxml/docx/drawing.docx	docx.par.66.inline.7.xml	c-markup-canonical-same	len=618;sha=f74ab4c382911c8d6bd5126bc2b6a29e59756147356619cae3aa6a2d2a486712	len=42;sha=c26240eb89659c453a0c8b96ecfacbd2d93df7ab826227ab28bb5ce621e62941
ooxml/docx/drawing.docx	docx.par.66.inline.9.xml	c-markup-canonical-same	len=621;sha=30e30d528002749a54c5bece49a3ebc30bd27b88100ecd8962f0dac53d72c422	len=45;sha=59116038c7933a2d2f10a5b052e4ad78275e52da59ad9b429e6fcc2e799e3494
ooxml/docx/drawing.docx	docx.par.66.inline.11.xml	c-markup-canonical-same	len=619;sha=4793a92e0b7f1866de85ea4aa4a5dc2250b4aaf8788d080cff6b4943734ac438	len=43;sha=756c6d24e22c0c39b9b0989747540426823d8e69944a2134b35cd7b76ec3e76f
ooxml/docx/drawing.docx	docx.par.66.inline.13.xml	c-markup-canonical-same	len=621;sha=30e30d528002749a54c5bece49a3ebc30bd27b88100ecd8962f0dac53d72c422	len=45;sha=59116038c7933a2d2f10a5b052e4ad78275e52da59ad9b429e6fcc2e799e3494
ooxml/docx/drawing.docx	docx.par.66.inline.15.xml	c-markup-canonical-same	len=619;sha=4793a92e0b7f1866de85ea4aa4a5dc2250b4aaf8788d080cff6b4943734ac438	len=43;sha=756c6d24e22c0c39b9b0989747540426823d8e69944a2134b35cd7b76ec3e76f
ooxml/docx/drawing.docx	docx.par.66.inline.17.xml	c-markup-canonical-same	len=621;sha=30e30d528002749a54c5bece49a3ebc30bd27b88100ecd8962f0dac53d72c422	len=45;sha=59116038c7933a2d2f10a5b052e4ad78275e52da59ad9b429e6fcc2e799e3494
ooxml/docx/drawing.docx	docx.par.66.inline.19.xml	c-markup-canonical-same	len=619;sha=4793a92e0b7f1866de85ea4aa4a5dc2250b4aaf8788d080cff6b4943734ac438	len=43;sha=756c6d24e22c0c39b9b0989747540426823d8e69944a2134b35cd7b76ec3e76f
ooxml/docx/drawing.docx	docx.par.66.inline.21.xml	c-markup-canonical-same	len=620;sha=8f5c61949a80cb77060c164a504343955dad55b3e7c566d5190a05ccae62c3ac	len=44;sha=24d5d4f1988da84d4ae8c3f19a734cc04fd0bdbf96dd7503a4f1d6e328cfe1c5
ooxml/docx/drawing.docx	docx.par.66.inline.23.xml	c-markup-canonical-same	len=618;sha=f74ab4c382911c8d6bd5126bc2b6a29e59756147356619cae3aa6a2d2a486712	len=42;sha=c26240eb89659c453a0c8b96ecfacbd2d93df7ab826227ab28bb5ce621e62941
ooxml/docx/drawing.docx	docx.par.66.inline.25.xml	c-markup-canonical-same	len=621;sha=30e30d528002749a54c5bece49a3ebc30bd27b88100ecd8962f0dac53d72c422	len=45;sha=59116038c7933a2d2f10a5b052e4ad78275e52da59ad9b429e6fcc2e799e3494
ooxml/docx/drawing.docx	docx.par.66.inline.27.xml	c-markup-canonical-same	len=619;sha=4793a92e0b7f1866de85ea4aa4a5dc2250b4aaf8788d080cff6b4943734ac438	len=43;sha=756c6d24e22c0c39b9b0989747540426823d8e69944a2134b35cd7b76ec3e76f
ooxml/docx/drawing.docx	docx.par.66.inline.29.xml	c-markup-canonical-same	len=621;sha=30e30d528002749a54c5bece49a3ebc30bd27b88100ecd8962f0dac53d72c422	len=45;sha=59116038c7933a2d2f10a5b052e4ad78275e52da59ad9b429e6fcc2e799e3494
ooxml/docx/drawing.docx	docx.par.66.inline.31.xml	c-markup-canonical-same	len=619;sha=4793a92e0b7f1866de85ea4aa4a5dc2250b4aaf8788d080cff6b4943734ac438	len=43;sha=756c6d24e22c0c39b9b0989747540426823d8e69944a2134b35cd7b76ec3e76f
ooxml/docx/drawing.docx	docx.par.66.inline.33.xml	c-markup-canonical-same	len=620;sha=8f5c61949a80cb77060c164a504343955dad55b3e7c566d5190a05ccae62c3ac	len=44;sha=24d5d4f1988da84d4ae8c3f19a734cc04fd0bdbf96dd7503a4f1d6e328cfe1c5
ooxml/docx/drawing.docx	docx.par.66.inline.35.xml	c-markup-canonical-same	len=618;sha=f74ab4c382911c8d6bd5126bc2b6a29e59756147356619cae3aa6a2d2a486712	len=42;sha=c26240eb89659c453a0c8b96ecfacbd2d93df7ab826227ab28bb5ce621e62941
ooxml/docx/drawing.docx	docx.par.67.inline.1.xml	c-markup-canonical-same	len=621;sha=30e30d528002749a54c5bece49a3ebc30bd27b88100ecd8962f0dac53d72c422	len=45;sha=59116038c7933a2d2f10a5b052e4ad78275e52da59ad9b429e6fcc2e799e3494
ooxml/docx/drawing.docx	docx.par.67.inline.3.xml	c-markup-canonical-same	len=619;sha=4793a92e0b7f1866de85ea4aa4a5dc2250b4aaf8788d080cff6b4943734ac438	len=43;sha=756c6d24e22c0c39b9b0989747540426823d8e69944a2134b35cd7b76ec3e76f
ooxml/docx/drawing.docx	docx.par.67.inline.5.xml	c-markup-canonical-same	len=621;sha=30e30d528002749a54c5bece49a3ebc30bd27b88100ecd8962f0dac53d72c422	len=45;sha=59116038c7933a2d2f10a5b052e4ad78275e52da59ad9b429e6fcc2e799e3494
ooxml/docx/drawing.docx	docx.par.67.inline.7.xml	c-markup-canonical-same	len=619;sha=4793a92e0b7f1866de85ea4aa4a5dc2250b4aaf8788d080cff6b4943734ac438	len=43;sha=756c6d24e22c0c39b9b0989747540426823d8e69944a2134b35cd7b76ec3e76f
ooxml/docx/drawing.docx	docx.par.67.inline.9.xml	c-markup-canonical-same	len=621;sha=30e30d528002749a54c5bece49a3ebc30bd27b88100ecd8962f0dac53d72c422	len=45;sha=59116038c7933a2d2f10a5b052e4ad78275e52da59ad9b429e6fcc2e799e3494
ooxml/docx/drawing.docx	docx.par.67.inline.11.xml	c-markup-canonical-same	len=619;sha=4793a92e0b7f1866de85ea4aa4a5dc2250b4aaf8788d080cff6b4943734ac438	len=43;sha=756c6d24e22c0c39b9b0989747540426823d8e69944a2134b35cd7b76ec3e76f
ooxml/docx/drawing.docx	docx.par.67.inline.13.xml	c-markup-canonical-same	len=621;sha=30e30d528002749a54c5bece49a3ebc30bd27b88100ecd8962f0dac53d72c422	len=45;sha=59116038c7933a2d2f10a5b052e4ad78275e52da59ad9b429e6fcc2e799e3494
ooxml/docx/drawing.docx	docx.par.67.inline.15.xml	c-markup-canonical-same	len=619;sha=4793a92e0b7f1866de85ea4aa4a5dc2250b4aaf8788d080cff6b4943734ac438	len=43;sha=756c6d24e22c0c39b9b0989747540426823d8e69944a2134b35cd7b76ec3e76f
ooxml/docx/drawing.docx	docx.par.68.inline.0.xml	c-markup-canonical-same	len=621;sha=30e30d528002749a54c5bece49a3ebc30bd27b88100ecd8962f0dac53d72c422	len=45;sha=59116038c7933a2d2f10a5b052e4ad78275e52da59ad9b429e6fcc2e799e3494
ooxml/docx/drawing.docx	docx.par.68.inline.2.xml	c-markup-canonical-same	len=619;sha=4793a92e0b7f1866de85ea4aa4a5dc2250b4aaf8788d080cff6b4943734ac438	len=43;sha=756c6d24e22c0c39b9b0989747540426823d8e69944a2134b35cd7b76ec3e76f
ooxml/docx/drawing.docx	docx.par.68.inline.4.xml	c-markup-canonical-same	len=621;sha=30e30d528002749a54c5bece49a3ebc30bd27b88100ecd8962f0dac53d72c422	len=45;sha=59116038c7933a2d2f10a5b052e4ad78275e52da59ad9b429e6fcc2e799e3494
ooxml/docx/drawing.docx	docx.par.68.inline.6.xml	c-markup-canonical-same	len=619;sha=4793a92e0b7f1866de85ea4aa4a5dc2250b4aaf8788d080cff6b4943734ac438	len=43;sha=756c6d24e22c0c39b9b0989747540426823d8e69944a2134b35cd7b76ec3e76f
ooxml/docx/drawing.docx	docx.par.68.inline.8.xml	c-markup-canonical-same	len=621;sha=30e30d528002749a54c5bece49a3ebc30bd27b88100ecd8962f0dac53d72c422	len=45;sha=59116038c7933a2d2f10a5b052e4ad78275e52da59ad9b429e6fcc2e799e3494
ooxml/docx/drawing.docx	docx.par.68.inline.10.xml	c-markup-canonical-same	len=619;sha=4793a92e0b7f1866de85ea4aa4a5dc2250b4aaf8788d080cff6b4943734ac438	len=43;sha=756c6d24e22c0c39b9b0989747540426823d8e69944a2134b35cd7b76ec3e76f
ooxml/docx/drawing.docx	docx.par.68.inline.12.xml	c-markup-canonical-same	len=621;sha=30e30d528002749a54c5bece49a3ebc30bd27b88100ecd8962f0dac53d72c422	len=45;sha=59116038c7933a2d2f10a5b052e4ad78275e52da59ad9b429e6fcc2e799e3494
ooxml/docx/drawing.docx	docx.par.68.inline.14.xml	c-markup-canonical-same	len=619;sha=4793a92e0b7f1866de85ea4aa4a5dc2250b4aaf8788d080cff6b4943734ac438	len=43;sha=756c6d24e22c0c39b9b0989747540426823d8e69944a2134b35cd7b76ec3e76f
ooxml/docx/drawing.docx	docx.par.68.inline.16.xml	c-markup-canonical-same	len=621;sha=30e30d528002749a54c5bece49a3ebc30bd27b88100ecd8962f0dac53d72c422	len=45;sha=59116038c7933a2d2f10a5b052e4ad78275e52da59ad9b429e6fcc2e799e3494
ooxml/docx/drawing.docx	docx.par.68.inline.18.xml	c-markup-canonical-same	len=619;sha=4793a92e0b7f1866de85ea4aa4a5dc2250b4aaf8788d080cff6b4943734ac438	len=43;sha=756c6d24e22c0c39b9b0989747540426823d8e69944a2134b35cd7b76ec3e76f
ooxml/docx/drawing.docx	docx.par.68.inline.20.xml	c-markup-canonical-same	len=621;sha=30e30d528002749a54c5bece49a3ebc30bd27b88100ecd8962f0dac53d72c422	len=45;sha=59116038c7933a2d2f10a5b052e4ad78275e52da59ad9b429e6fcc2e799e3494
ooxml/docx/drawing.docx	docx.par.68.inline.22.xml	c-markup-canonical-same	len=619;sha=4793a92e0b7f1866de85ea4aa4a5dc2250b4aaf8788d080cff6b4943734ac438	len=43;sha=756c6d24e22c0c39b9b0989747540426823d8e69944a2134b35cd7b76ec3e76f
ooxml/docx/drawing.docx	docx.par.68.inline.24.xml	c-markup-canonical-same	len=621;sha=30e30d528002749a54c5bece49a3ebc30bd27b88100ecd8962f0dac53d72c422	len=45;sha=59116038c7933a2d2f10a5b052e4ad78275e52da59ad9b429e6fcc2e799e3494
ooxml/docx/drawing.docx	docx.par.68.inline.26.xml	c-markup-canonical-same	len=619;sha=4793a92e0b7f1866de85ea4aa4a5dc2250b4aaf8788d080cff6b4943734ac438	len=43;sha=756c6d24e22c0c39b9b0989747540426823d8e69944a2134b35cd7b76ec3e76f
ooxml/docx/drawing.docx	docx.par.68.run.0.content.0.xml	c-markup-canonical-same	len=627;sha=75f43db0aea84cb60c09fd34ffa2f0df8166290ce950ee50856987088bbe3491	len=51;sha=c517a498d28f6ce4380975afb31d1f3e1f837e71f8e37fba1991cd6d2f883203
ooxml/docx/drawing.docx	docx.par.69.inline.0.xml	c-markup-canonical-same	len=621;sha=30e30d528002749a54c5bece49a3ebc30bd27b88100ecd8962f0dac53d72c422	len=45;sha=59116038c7933a2d2f10a5b052e4ad78275e52da59ad9b429e6fcc2e799e3494
ooxml/docx/drawing.docx	docx.par.69.inline.2.xml	c-markup-canonical-same	len=619;sha=4793a92e0b7f1866de85ea4aa4a5dc2250b4aaf8788d080cff6b4943734ac438	len=43;sha=756c6d24e22c0c39b9b0989747540426823d8e69944a2134b35cd7b76ec3e76f
ooxml/docx/drawing.docx	docx.par.69.inline.4.xml	c-markup-canonical-same	len=621;sha=30e30d528002749a54c5bece49a3ebc30bd27b88100ecd8962f0dac53d72c422	len=45;sha=59116038c7933a2d2f10a5b052e4ad78275e52da59ad9b429e6fcc2e799e3494
ooxml/docx/drawing.docx	docx.par.69.inline.6.xml	c-markup-canonical-same	len=619;sha=4793a92e0b7f1866de85ea4aa4a5dc2250b4aaf8788d080cff6b4943734ac438	len=43;sha=756c6d24e22c0c39b9b0989747540426823d8e69944a2134b35cd7b76ec3e76f
ooxml/docx/drawing.docx	docx.par.69.inline.8.xml	c-markup-canonical-same	len=621;sha=30e30d528002749a54c5bece49a3ebc30bd27b88100ecd8962f0dac53d72c422	len=45;sha=59116038c7933a2d2f10a5b052e4ad78275e52da59ad9b429e6fcc2e799e3494
ooxml/docx/drawing.docx	docx.par.69.inline.10.xml	c-markup-canonical-same	len=619;sha=4793a92e0b7f1866de85ea4aa4a5dc2250b4aaf8788d080cff6b4943734ac438	len=43;sha=756c6d24e22c0c39b9b0989747540426823d8e69944a2134b35cd7b76ec3e76f
ooxml/docx/drawing.docx	docx.par.69.inline.12.xml	c-markup-canonical-same	len=621;sha=30e30d528002749a54c5bece49a3ebc30bd27b88100ecd8962f0dac53d72c422	len=45;sha=59116038c7933a2d2f10a5b052e4ad78275e52da59ad9b429e6fcc2e799e3494
ooxml/docx/drawing.docx	docx.par.69.inline.14.xml	c-markup-canonical-same	len=619;sha=4793a92e0b7f1866de85ea4aa4a5dc2250b4aaf8788d080cff6b4943734ac438	len=43;sha=756c6d24e22c0c39b9b0989747540426823d8e69944a2134b35cd7b76ec3e76f
ooxml/docx/drawing.docx	docx.par.69.inline.16.xml	c-markup-canonical-same	len=621;sha=30e30d528002749a54c5bece49a3ebc30bd27b88100ecd8962f0dac53d72c422	len=45;sha=59116038c7933a2d2f10a5b052e4ad78275e52da59ad9b429e6fcc2e799e3494
ooxml/docx/drawing.docx	docx.par.69.inline.18.xml	c-markup-canonical-same	len=619;sha=4793a92e0b7f1866de85ea4aa4a5dc2250b4aaf8788d080cff6b4943734ac438	len=43;sha=756c6d24e22c0c39b9b0989747540426823d8e69944a2134b35cd7b76ec3e76f
ooxml/docx/drawing.docx	docx.par.70.inline.1.xml	c-markup-canonical-same	len=621;sha=30e30d528002749a54c5bece49a3ebc30bd27b88100ecd8962f0dac53d72c422	len=45;sha=59116038c7933a2d2f10a5b052e4ad78275e52da59ad9b429e6fcc2e799e3494
ooxml/docx/drawing.docx	docx.par.70.inline.3.xml	c-markup-canonical-same	len=619;sha=4793a92e0b7f1866de85ea4aa4a5dc2250b4aaf8788d080cff6b4943734ac438	len=43;sha=756c6d24e22c0c39b9b0989747540426823d8e69944a2134b35cd7b76ec3e76f
ooxml/docx/drawing.docx	docx.par.70.inline.5.xml	c-markup-canonical-same	len=621;sha=30e30d528002749a54c5bece49a3ebc30bd27b88100ecd8962f0dac53d72c422	len=45;sha=59116038c7933a2d2f10a5b052e4ad78275e52da59ad9b429e6fcc2e799e3494
ooxml/docx/drawing.docx	docx.par.70.inline.7.xml	c-markup-canonical-same	len=619;sha=4793a92e0b7f1866de85ea4aa4a5dc2250b4aaf8788d080cff6b4943734ac438	len=43;sha=756c6d24e22c0c39b9b0989747540426823d8e69944a2134b35cd7b76ec3e76f
ooxml/docx/drawing.docx	docx.par.71.inline.1.xml	c-markup-canonical-same	len=621;sha=30e30d528002749a54c5bece49a3ebc30bd27b88100ecd8962f0dac53d72c422	len=45;sha=59116038c7933a2d2f10a5b052e4ad78275e52da59ad9b429e6fcc2e799e3494
ooxml/docx/drawing.docx	docx.par.71.inline.3.xml	c-markup-canonical-same	len=619;sha=4793a92e0b7f1866de85ea4aa4a5dc2250b4aaf8788d080cff6b4943734ac438	len=43;sha=756c6d24e22c0c39b9b0989747540426823d8e69944a2134b35cd7b76ec3e76f
ooxml/docx/drawing.docx	docx.par.71.inline.5.xml	c-markup-canonical-same	len=621;sha=30e30d528002749a54c5bece49a3ebc30bd27b88100ecd8962f0dac53d72c422	len=45;sha=59116038c7933a2d2f10a5b052e4ad78275e52da59ad9b429e6fcc2e799e3494
ooxml/docx/drawing.docx	docx.par.71.inline.7.xml	c-markup-canonical-same	len=619;sha=4793a92e0b7f1866de85ea4aa4a5dc2250b4aaf8788d080cff6b4943734ac438	len=43;sha=756c6d24e22c0c39b9b0989747540426823d8e69944a2134b35cd7b76ec3e76f
ooxml/docx/drawing.docx	docx.par.72.inline.1.xml	c-markup-canonical-same	len=621;sha=30e30d528002749a54c5bece49a3ebc30bd27b88100ecd8962f0dac53d72c422	len=45;sha=59116038c7933a2d2f10a5b052e4ad78275e52da59ad9b429e6fcc2e799e3494
ooxml/docx/drawing.docx	docx.par.72.inline.3.xml	c-markup-canonical-same	len=619;sha=4793a92e0b7f1866de85ea4aa4a5dc2250b4aaf8788d080cff6b4943734ac438	len=43;sha=756c6d24e22c0c39b9b0989747540426823d8e69944a2134b35cd7b76ec3e76f
ooxml/docx/drawing.docx	docx.par.73.inline.1.xml	c-markup-canonical-same	len=621;sha=30e30d528002749a54c5bece49a3ebc30bd27b88100ecd8962f0dac53d72c422	len=45;sha=59116038c7933a2d2f10a5b052e4ad78275e52da59ad9b429e6fcc2e799e3494
ooxml/docx/drawing.docx	docx.par.73.inline.3.xml	c-markup-canonical-same	len=619;sha=4793a92e0b7f1866de85ea4aa4a5dc2250b4aaf8788d080cff6b4943734ac438	len=43;sha=756c6d24e22c0c39b9b0989747540426823d8e69944a2134b35cd7b76ec3e76f
ooxml/docx/drawing.docx	docx.par.73.inline.5.xml	c-markup-canonical-same	len=621;sha=30e30d528002749a54c5bece49a3ebc30bd27b88100ecd8962f0dac53d72c422	len=45;sha=59116038c7933a2d2f10a5b052e4ad78275e52da59ad9b429e6fcc2e799e3494
ooxml/docx/drawing.docx	docx.par.73.inline.7.xml	c-markup-canonical-same	len=619;sha=4793a92e0b7f1866de85ea4aa4a5dc2250b4aaf8788d080cff6b4943734ac438	len=43;sha=756c6d24e22c0c39b9b0989747540426823d8e69944a2134b35cd7b76ec3e76f
ooxml/docx/drawing.docx	docx.par.74.inline.1.xml	c-markup-canonical-same	len=621;sha=30e30d528002749a54c5bece49a3ebc30bd27b88100ecd8962f0dac53d72c422	len=45;sha=59116038c7933a2d2f10a5b052e4ad78275e52da59ad9b429e6fcc2e799e3494
ooxml/docx/drawing.docx	docx.par.74.inline.3.xml	c-markup-canonical-same	len=619;sha=4793a92e0b7f1866de85ea4aa4a5dc2250b4aaf8788d080cff6b4943734ac438	len=43;sha=756c6d24e22c0c39b9b0989747540426823d8e69944a2134b35cd7b76ec3e76f
ooxml/docx/drawing.docx	docx.par.74.inline.5.xml	c-markup-canonical-same	len=620;sha=8f5c61949a80cb77060c164a504343955dad55b3e7c566d5190a05ccae62c3ac	len=44;sha=24d5d4f1988da84d4ae8c3f19a734cc04fd0bdbf96dd7503a4f1d6e328cfe1c5
ooxml/docx/drawing.docx	docx.par.74.inline.7.xml	c-markup-canonical-same	len=618;sha=f74ab4c382911c8d6bd5126bc2b6a29e59756147356619cae3aa6a2d2a486712	len=42;sha=c26240eb89659c453a0c8b96ecfacbd2d93df7ab826227ab28bb5ce621e62941
ooxml/docx/drawing.docx	docx.par.74.inline.9.xml	c-markup-canonical-same	len=621;sha=30e30d528002749a54c5bece49a3ebc30bd27b88100ecd8962f0dac53d72c422	len=45;sha=59116038c7933a2d2f10a5b052e4ad78275e52da59ad9b429e6fcc2e799e3494
ooxml/docx/drawing.docx	docx.par.74.inline.11.xml	c-markup-canonical-same	len=619;sha=4793a92e0b7f1866de85ea4aa4a5dc2250b4aaf8788d080cff6b4943734ac438	len=43;sha=756c6d24e22c0c39b9b0989747540426823d8e69944a2134b35cd7b76ec3e76f
ooxml/docx/drawing.docx	docx.par.74.inline.13.xml	c-markup-canonical-same	len=621;sha=30e30d528002749a54c5bece49a3ebc30bd27b88100ecd8962f0dac53d72c422	len=45;sha=59116038c7933a2d2f10a5b052e4ad78275e52da59ad9b429e6fcc2e799e3494
ooxml/docx/drawing.docx	docx.par.74.inline.15.xml	c-markup-canonical-same	len=619;sha=4793a92e0b7f1866de85ea4aa4a5dc2250b4aaf8788d080cff6b4943734ac438	len=43;sha=756c6d24e22c0c39b9b0989747540426823d8e69944a2134b35cd7b76ec3e76f
ooxml/docx/drawing.docx	docx.par.74.inline.18.xml	c-markup-canonical-same	len=621;sha=30e30d528002749a54c5bece49a3ebc30bd27b88100ecd8962f0dac53d72c422	len=45;sha=59116038c7933a2d2f10a5b052e4ad78275e52da59ad9b429e6fcc2e799e3494
ooxml/docx/drawing.docx	docx.par.74.inline.20.xml	c-markup-canonical-same	len=619;sha=4793a92e0b7f1866de85ea4aa4a5dc2250b4aaf8788d080cff6b4943734ac438	len=43;sha=756c6d24e22c0c39b9b0989747540426823d8e69944a2134b35cd7b76ec3e76f
ooxml/docx/drawing.docx	docx.par.74.run.9.content.0.xml	c-markup-canonical-same	len=627;sha=75f43db0aea84cb60c09fd34ffa2f0df8166290ce950ee50856987088bbe3491	len=51;sha=c517a498d28f6ce4380975afb31d1f3e1f837e71f8e37fba1991cd6d2f883203
ooxml/docx/drawing.docx	docx.par.75.inline.1.xml	c-markup-canonical-same	len=621;sha=30e30d528002749a54c5bece49a3ebc30bd27b88100ecd8962f0dac53d72c422	len=45;sha=59116038c7933a2d2f10a5b052e4ad78275e52da59ad9b429e6fcc2e799e3494
ooxml/docx/drawing.docx	docx.par.75.inline.3.xml	c-markup-canonical-same	len=619;sha=4793a92e0b7f1866de85ea4aa4a5dc2250b4aaf8788d080cff6b4943734ac438	len=43;sha=756c6d24e22c0c39b9b0989747540426823d8e69944a2134b35cd7b76ec3e76f
ooxml/docx/drawing.docx	docx.par.75.inline.5.xml	c-markup-canonical-same	len=621;sha=30e30d528002749a54c5bece49a3ebc30bd27b88100ecd8962f0dac53d72c422	len=45;sha=59116038c7933a2d2f10a5b052e4ad78275e52da59ad9b429e6fcc2e799e3494
ooxml/docx/drawing.docx	docx.par.75.inline.7.xml	c-markup-canonical-same	len=619;sha=4793a92e0b7f1866de85ea4aa4a5dc2250b4aaf8788d080cff6b4943734ac438	len=43;sha=756c6d24e22c0c39b9b0989747540426823d8e69944a2134b35cd7b76ec3e76f
ooxml/docx/drawing.docx	docx.par.75.inline.9.xml	c-markup-canonical-same	len=621;sha=30e30d528002749a54c5bece49a3ebc30bd27b88100ecd8962f0dac53d72c422	len=45;sha=59116038c7933a2d2f10a5b052e4ad78275e52da59ad9b429e6fcc2e799e3494
ooxml/docx/drawing.docx	docx.par.75.inline.11.xml	c-markup-canonical-same	len=619;sha=4793a92e0b7f1866de85ea4aa4a5dc2250b4aaf8788d080cff6b4943734ac438	len=43;sha=756c6d24e22c0c39b9b0989747540426823d8e69944a2134b35cd7b76ec3e76f
ooxml/docx/drawing.docx	docx.par.75.inline.13.xml	c-markup-canonical-same	len=621;sha=30e30d528002749a54c5bece49a3ebc30bd27b88100ecd8962f0dac53d72c422	len=45;sha=59116038c7933a2d2f10a5b052e4ad78275e52da59ad9b429e6fcc2e799e3494
ooxml/docx/drawing.docx	docx.par.75.inline.15.xml	c-markup-canonical-same	len=619;sha=4793a92e0b7f1866de85ea4aa4a5dc2250b4aaf8788d080cff6b4943734ac438	len=43;sha=756c6d24e22c0c39b9b0989747540426823d8e69944a2134b35cd7b76ec3e76f
ooxml/docx/drawing.docx	docx.par.75.inline.17.xml	c-markup-canonical-same	len=621;sha=30e30d528002749a54c5bece49a3ebc30bd27b88100ecd8962f0dac53d72c422	len=45;sha=59116038c7933a2d2f10a5b052e4ad78275e52da59ad9b429e6fcc2e799e3494
ooxml/docx/drawing.docx	docx.par.75.inline.19.xml	c-markup-canonical-same	len=619;sha=4793a92e0b7f1866de85ea4aa4a5dc2250b4aaf8788d080cff6b4943734ac438	len=43;sha=756c6d24e22c0c39b9b0989747540426823d8e69944a2134b35cd7b76ec3e76f
ooxml/docx/drawing.docx	docx.par.75.inline.21.xml	c-markup-canonical-same	len=621;sha=30e30d528002749a54c5bece49a3ebc30bd27b88100ecd8962f0dac53d72c422	len=45;sha=59116038c7933a2d2f10a5b052e4ad78275e52da59ad9b429e6fcc2e799e3494
ooxml/docx/drawing.docx	docx.par.75.inline.23.xml	c-markup-canonical-same	len=619;sha=4793a92e0b7f1866de85ea4aa4a5dc2250b4aaf8788d080cff6b4943734ac438	len=43;sha=756c6d24e22c0c39b9b0989747540426823d8e69944a2134b35cd7b76ec3e76f
ooxml/docx/drawing.docx	docx.par.75.inline.25.xml	c-markup-canonical-same	len=621;sha=30e30d528002749a54c5bece49a3ebc30bd27b88100ecd8962f0dac53d72c422	len=45;sha=59116038c7933a2d2f10a5b052e4ad78275e52da59ad9b429e6fcc2e799e3494
ooxml/docx/drawing.docx	docx.par.75.inline.27.xml	c-markup-canonical-same	len=619;sha=4793a92e0b7f1866de85ea4aa4a5dc2250b4aaf8788d080cff6b4943734ac438	len=43;sha=756c6d24e22c0c39b9b0989747540426823d8e69944a2134b35cd7b76ec3e76f
ooxml/docx/drawing.docx	docx.par.75.inline.29.xml	c-markup-canonical-same	len=621;sha=30e30d528002749a54c5bece49a3ebc30bd27b88100ecd8962f0dac53d72c422	len=45;sha=59116038c7933a2d2f10a5b052e4ad78275e52da59ad9b429e6fcc2e799e3494
ooxml/docx/drawing.docx	docx.par.75.inline.31.xml	c-markup-canonical-same	len=619;sha=4793a92e0b7f1866de85ea4aa4a5dc2250b4aaf8788d080cff6b4943734ac438	len=43;sha=756c6d24e22c0c39b9b0989747540426823d8e69944a2134b35cd7b76ec3e76f
ooxml/docx/drawing.docx	docx.par.75.inline.33.xml	c-markup-canonical-same	len=621;sha=30e30d528002749a54c5bece49a3ebc30bd27b88100ecd8962f0dac53d72c422	len=45;sha=59116038c7933a2d2f10a5b052e4ad78275e52da59ad9b429e6fcc2e799e3494
ooxml/docx/drawing.docx	docx.par.75.inline.35.xml	c-markup-canonical-same	len=619;sha=4793a92e0b7f1866de85ea4aa4a5dc2250b4aaf8788d080cff6b4943734ac438	len=43;sha=756c6d24e22c0c39b9b0989747540426823d8e69944a2134b35cd7b76ec3e76f
ooxml/docx/drawing.docx	docx.par.76.inline.0.xml	c-markup-canonical-same	len=621;sha=30e30d528002749a54c5bece49a3ebc30bd27b88100ecd8962f0dac53d72c422	len=45;sha=59116038c7933a2d2f10a5b052e4ad78275e52da59ad9b429e6fcc2e799e3494
ooxml/docx/drawing.docx	docx.par.76.inline.2.xml	c-markup-canonical-same	len=619;sha=4793a92e0b7f1866de85ea4aa4a5dc2250b4aaf8788d080cff6b4943734ac438	len=43;sha=756c6d24e22c0c39b9b0989747540426823d8e69944a2134b35cd7b76ec3e76f
ooxml/docx/drawing.docx	docx.par.76.inline.4.xml	c-markup-canonical-same	len=621;sha=30e30d528002749a54c5bece49a3ebc30bd27b88100ecd8962f0dac53d72c422	len=45;sha=59116038c7933a2d2f10a5b052e4ad78275e52da59ad9b429e6fcc2e799e3494
ooxml/docx/drawing.docx	docx.par.76.inline.6.xml	c-markup-canonical-same	len=619;sha=4793a92e0b7f1866de85ea4aa4a5dc2250b4aaf8788d080cff6b4943734ac438	len=43;sha=756c6d24e22c0c39b9b0989747540426823d8e69944a2134b35cd7b76ec3e76f
ooxml/docx/drawing.docx	docx.par.76.inline.8.xml	c-markup-canonical-same	len=621;sha=30e30d528002749a54c5bece49a3ebc30bd27b88100ecd8962f0dac53d72c422	len=45;sha=59116038c7933a2d2f10a5b052e4ad78275e52da59ad9b429e6fcc2e799e3494
ooxml/docx/drawing.docx	docx.par.76.inline.10.xml	c-markup-canonical-same	len=619;sha=4793a92e0b7f1866de85ea4aa4a5dc2250b4aaf8788d080cff6b4943734ac438	len=43;sha=756c6d24e22c0c39b9b0989747540426823d8e69944a2134b35cd7b76ec3e76f
ooxml/docx/drawing.docx	docx.par.76.inline.12.xml	c-markup-canonical-same	len=621;sha=30e30d528002749a54c5bece49a3ebc30bd27b88100ecd8962f0dac53d72c422	len=45;sha=59116038c7933a2d2f10a5b052e4ad78275e52da59ad9b429e6fcc2e799e3494
ooxml/docx/drawing.docx	docx.par.76.inline.14.xml	c-markup-canonical-same	len=619;sha=4793a92e0b7f1866de85ea4aa4a5dc2250b4aaf8788d080cff6b4943734ac438	len=43;sha=756c6d24e22c0c39b9b0989747540426823d8e69944a2134b35cd7b76ec3e76f
ooxml/docx/drawing.docx	docx.par.76.inline.16.xml	c-markup-canonical-same	len=621;sha=30e30d528002749a54c5bece49a3ebc30bd27b88100ecd8962f0dac53d72c422	len=45;sha=59116038c7933a2d2f10a5b052e4ad78275e52da59ad9b429e6fcc2e799e3494
ooxml/docx/drawing.docx	docx.par.76.inline.18.xml	c-markup-canonical-same	len=619;sha=4793a92e0b7f1866de85ea4aa4a5dc2250b4aaf8788d080cff6b4943734ac438	len=43;sha=756c6d24e22c0c39b9b0989747540426823d8e69944a2134b35cd7b76ec3e76f
ooxml/docx/drawing.docx	docx.par.76.inline.20.xml	c-markup-canonical-same	len=621;sha=30e30d528002749a54c5bece49a3ebc30bd27b88100ecd8962f0dac53d72c422	len=45;sha=59116038c7933a2d2f10a5b052e4ad78275e52da59ad9b429e6fcc2e799e3494
ooxml/docx/drawing.docx	docx.par.76.inline.22.xml	c-markup-canonical-same	len=619;sha=4793a92e0b7f1866de85ea4aa4a5dc2250b4aaf8788d080cff6b4943734ac438	len=43;sha=756c6d24e22c0c39b9b0989747540426823d8e69944a2134b35cd7b76ec3e76f
ooxml/docx/drawing.docx	docx.par.76.inline.24.xml	c-markup-canonical-same	len=621;sha=30e30d528002749a54c5bece49a3ebc30bd27b88100ecd8962f0dac53d72c422	len=45;sha=59116038c7933a2d2f10a5b052e4ad78275e52da59ad9b429e6fcc2e799e3494
ooxml/docx/drawing.docx	docx.par.76.inline.26.xml	c-markup-canonical-same	len=619;sha=4793a92e0b7f1866de85ea4aa4a5dc2250b4aaf8788d080cff6b4943734ac438	len=43;sha=756c6d24e22c0c39b9b0989747540426823d8e69944a2134b35cd7b76ec3e76f
ooxml/docx/drawing.docx	docx.par.76.inline.28.xml	c-markup-canonical-same	len=621;sha=30e30d528002749a54c5bece49a3ebc30bd27b88100ecd8962f0dac53d72c422	len=45;sha=59116038c7933a2d2f10a5b052e4ad78275e52da59ad9b429e6fcc2e799e3494
ooxml/docx/drawing.docx	docx.par.76.inline.29.xml	c-markup-canonical-same	len=620;sha=8f5c61949a80cb77060c164a504343955dad55b3e7c566d5190a05ccae62c3ac	len=44;sha=24d5d4f1988da84d4ae8c3f19a734cc04fd0bdbf96dd7503a4f1d6e328cfe1c5
ooxml/docx/drawing.docx	docx.par.76.inline.31.xml	c-markup-canonical-same	len=619;sha=4793a92e0b7f1866de85ea4aa4a5dc2250b4aaf8788d080cff6b4943734ac438	len=43;sha=756c6d24e22c0c39b9b0989747540426823d8e69944a2134b35cd7b76ec3e76f
ooxml/docx/drawing.docx	docx.par.76.inline.33.xml	c-markup-canonical-same	len=621;sha=30e30d528002749a54c5bece49a3ebc30bd27b88100ecd8962f0dac53d72c422	len=45;sha=59116038c7933a2d2f10a5b052e4ad78275e52da59ad9b429e6fcc2e799e3494
ooxml/docx/drawing.docx	docx.par.76.inline.35.xml	c-markup-canonical-same	len=619;sha=4793a92e0b7f1866de85ea4aa4a5dc2250b4aaf8788d080cff6b4943734ac438	len=43;sha=756c6d24e22c0c39b9b0989747540426823d8e69944a2134b35cd7b76ec3e76f
ooxml/docx/drawing.docx	docx.par.76.inline.37.xml	c-markup-canonical-same	len=621;sha=30e30d528002749a54c5bece49a3ebc30bd27b88100ecd8962f0dac53d72c422	len=45;sha=59116038c7933a2d2f10a5b052e4ad78275e52da59ad9b429e6fcc2e799e3494
ooxml/docx/drawing.docx	docx.par.76.inline.39.xml	c-markup-canonical-same	len=619;sha=4793a92e0b7f1866de85ea4aa4a5dc2250b4aaf8788d080cff6b4943734ac438	len=43;sha=756c6d24e22c0c39b9b0989747540426823d8e69944a2134b35cd7b76ec3e76f
ooxml/docx/drawing.docx	docx.par.76.inline.41.xml	c-markup-canonical-same	len=621;sha=30e30d528002749a54c5bece49a3ebc30bd27b88100ecd8962f0dac53d72c422	len=45;sha=59116038c7933a2d2f10a5b052e4ad78275e52da59ad9b429e6fcc2e799e3494
ooxml/docx/drawing.docx	docx.par.76.inline.43.xml	c-markup-canonical-same	len=619;sha=4793a92e0b7f1866de85ea4aa4a5dc2250b4aaf8788d080cff6b4943734ac438	len=43;sha=756c6d24e22c0c39b9b0989747540426823d8e69944a2134b35cd7b76ec3e76f
ooxml/docx/drawing.docx	docx.par.76.inline.45.xml	c-markup-canonical-same	len=621;sha=30e30d528002749a54c5bece49a3ebc30bd27b88100ecd8962f0dac53d72c422	len=45;sha=59116038c7933a2d2f10a5b052e4ad78275e52da59ad9b429e6fcc2e799e3494
ooxml/docx/drawing.docx	docx.par.76.inline.47.xml	c-markup-canonical-same	len=619;sha=4793a92e0b7f1866de85ea4aa4a5dc2250b4aaf8788d080cff6b4943734ac438	len=43;sha=756c6d24e22c0c39b9b0989747540426823d8e69944a2134b35cd7b76ec3e76f
ooxml/docx/drawing.docx	docx.par.76.inline.49.xml	c-markup-canonical-same	len=618;sha=f74ab4c382911c8d6bd5126bc2b6a29e59756147356619cae3aa6a2d2a486712	len=42;sha=c26240eb89659c453a0c8b96ecfacbd2d93df7ab826227ab28bb5ce621e62941
ooxml/docx/drawing.docx	docx.par.76.inline.51.xml	c-markup-canonical-same	len=620;sha=8f5c61949a80cb77060c164a504343955dad55b3e7c566d5190a05ccae62c3ac	len=44;sha=24d5d4f1988da84d4ae8c3f19a734cc04fd0bdbf96dd7503a4f1d6e328cfe1c5
ooxml/docx/drawing.docx	docx.par.76.inline.53.xml	c-markup-canonical-same	len=618;sha=f74ab4c382911c8d6bd5126bc2b6a29e59756147356619cae3aa6a2d2a486712	len=42;sha=c26240eb89659c453a0c8b96ecfacbd2d93df7ab826227ab28bb5ce621e62941
ooxml/docx/drawing.docx	docx.par.76.inline.55.xml	c-markup-canonical-same	len=621;sha=30e30d528002749a54c5bece49a3ebc30bd27b88100ecd8962f0dac53d72c422	len=45;sha=59116038c7933a2d2f10a5b052e4ad78275e52da59ad9b429e6fcc2e799e3494
ooxml/docx/drawing.docx	docx.par.76.inline.57.xml	c-markup-canonical-same	len=619;sha=4793a92e0b7f1866de85ea4aa4a5dc2250b4aaf8788d080cff6b4943734ac438	len=43;sha=756c6d24e22c0c39b9b0989747540426823d8e69944a2134b35cd7b76ec3e76f
ooxml/docx/drawing.docx	docx.par.78.run.0.content.0.xml	c-markup-canonical-same	len=1319;sha=2537c39f855100a7ce803920f4459961b29853ea50b4d39f6837cc6e11c104b2	len=167;sha=e60ee739a67afced92b9940942752c0be6420fcec8a967cf91d8fe86463dcda1
ooxml/docx/drawing.docx	docx.par.81.inline.1.xml	c-markup-canonical-same	len=621;sha=30e30d528002749a54c5bece49a3ebc30bd27b88100ecd8962f0dac53d72c422	len=45;sha=59116038c7933a2d2f10a5b052e4ad78275e52da59ad9b429e6fcc2e799e3494
ooxml/docx/drawing.docx	docx.par.81.inline.3.xml	c-markup-canonical-same	len=619;sha=4793a92e0b7f1866de85ea4aa4a5dc2250b4aaf8788d080cff6b4943734ac438	len=43;sha=756c6d24e22c0c39b9b0989747540426823d8e69944a2134b35cd7b76ec3e76f
ooxml/docx/drawing.docx	docx.par.82.inline.2.xml	c-markup-canonical-same	len=621;sha=30e30d528002749a54c5bece49a3ebc30bd27b88100ecd8962f0dac53d72c422	len=45;sha=59116038c7933a2d2f10a5b052e4ad78275e52da59ad9b429e6fcc2e799e3494
ooxml/docx/drawing.docx	docx.par.82.inline.4.xml	c-markup-canonical-same	len=619;sha=4793a92e0b7f1866de85ea4aa4a5dc2250b4aaf8788d080cff6b4943734ac438	len=43;sha=756c6d24e22c0c39b9b0989747540426823d8e69944a2134b35cd7b76ec3e76f
ooxml/docx/drawing.docx	docx.par.84.inline.0.xml	c-markup-canonical-same	len=620;sha=8f5c61949a80cb77060c164a504343955dad55b3e7c566d5190a05ccae62c3ac	len=44;sha=24d5d4f1988da84d4ae8c3f19a734cc04fd0bdbf96dd7503a4f1d6e328cfe1c5
ooxml/docx/drawing.docx	docx.par.84.inline.5.xml	c-markup-canonical-same	len=621;sha=30e30d528002749a54c5bece49a3ebc30bd27b88100ecd8962f0dac53d72c422	len=45;sha=59116038c7933a2d2f10a5b052e4ad78275e52da59ad9b429e6fcc2e799e3494
ooxml/docx/drawing.docx	docx.par.84.inline.7.xml	c-markup-canonical-same	len=619;sha=4793a92e0b7f1866de85ea4aa4a5dc2250b4aaf8788d080cff6b4943734ac438	len=43;sha=756c6d24e22c0c39b9b0989747540426823d8e69944a2134b35cd7b76ec3e76f
ooxml/docx/drawing.docx	docx.par.84.inline.9.xml	c-markup-canonical-same	len=618;sha=f74ab4c382911c8d6bd5126bc2b6a29e59756147356619cae3aa6a2d2a486712	len=42;sha=c26240eb89659c453a0c8b96ecfacbd2d93df7ab826227ab28bb5ce621e62941
ooxml/docx/drawing.docx	docx.par.87.inline.5.xml	c-markup-canonical-same	len=621;sha=30e30d528002749a54c5bece49a3ebc30bd27b88100ecd8962f0dac53d72c422	len=45;sha=59116038c7933a2d2f10a5b052e4ad78275e52da59ad9b429e6fcc2e799e3494
ooxml/docx/drawing.docx	docx.par.87.inline.7.xml	c-markup-canonical-same	len=619;sha=4793a92e0b7f1866de85ea4aa4a5dc2250b4aaf8788d080cff6b4943734ac438	len=43;sha=756c6d24e22c0c39b9b0989747540426823d8e69944a2134b35cd7b76ec3e76f
ooxml/docx/drawing.docx	docx.par.87.inline.9.xml	c-markup-canonical-same	len=621;sha=30e30d528002749a54c5bece49a3ebc30bd27b88100ecd8962f0dac53d72c422	len=45;sha=59116038c7933a2d2f10a5b052e4ad78275e52da59ad9b429e6fcc2e799e3494
ooxml/docx/drawing.docx	docx.par.87.inline.11.xml	c-markup-canonical-same	len=619;sha=4793a92e0b7f1866de85ea4aa4a5dc2250b4aaf8788d080cff6b4943734ac438	len=43;sha=756c6d24e22c0c39b9b0989747540426823d8e69944a2134b35cd7b76ec3e76f
ooxml/docx/drawing.docx	docx.par.89.inline.0.xml	c-markup-canonical-same	len=620;sha=8f5c61949a80cb77060c164a504343955dad55b3e7c566d5190a05ccae62c3ac	len=44;sha=24d5d4f1988da84d4ae8c3f19a734cc04fd0bdbf96dd7503a4f1d6e328cfe1c5
ooxml/docx/drawing.docx	docx.par.89.inline.2.xml	c-markup-canonical-same	len=621;sha=30e30d528002749a54c5bece49a3ebc30bd27b88100ecd8962f0dac53d72c422	len=45;sha=59116038c7933a2d2f10a5b052e4ad78275e52da59ad9b429e6fcc2e799e3494
ooxml/docx/drawing.docx	docx.par.89.inline.4.xml	c-markup-canonical-same	len=619;sha=4793a92e0b7f1866de85ea4aa4a5dc2250b4aaf8788d080cff6b4943734ac438	len=43;sha=756c6d24e22c0c39b9b0989747540426823d8e69944a2134b35cd7b76ec3e76f
ooxml/docx/drawing.docx	docx.par.89.inline.6.xml	c-markup-canonical-same	len=618;sha=f74ab4c382911c8d6bd5126bc2b6a29e59756147356619cae3aa6a2d2a486712	len=42;sha=c26240eb89659c453a0c8b96ecfacbd2d93df7ab826227ab28bb5ce621e62941
ooxml/docx/drawing.docx	docx.par.91.inline.0.xml	c-markup-canonical-same	len=620;sha=8f5c61949a80cb77060c164a504343955dad55b3e7c566d5190a05ccae62c3ac	len=44;sha=24d5d4f1988da84d4ae8c3f19a734cc04fd0bdbf96dd7503a4f1d6e328cfe1c5
ooxml/docx/drawing.docx	docx.par.91.inline.2.xml	c-markup-canonical-same	len=621;sha=30e30d528002749a54c5bece49a3ebc30bd27b88100ecd8962f0dac53d72c422	len=45;sha=59116038c7933a2d2f10a5b052e4ad78275e52da59ad9b429e6fcc2e799e3494
ooxml/docx/drawing.docx	docx.par.91.inline.4.xml	c-markup-canonical-same	len=619;sha=4793a92e0b7f1866de85ea4aa4a5dc2250b4aaf8788d080cff6b4943734ac438	len=43;sha=756c6d24e22c0c39b9b0989747540426823d8e69944a2134b35cd7b76ec3e76f
ooxml/docx/drawing.docx	docx.par.91.inline.6.xml	c-markup-canonical-same	len=618;sha=f74ab4c382911c8d6bd5126bc2b6a29e59756147356619cae3aa6a2d2a486712	len=42;sha=c26240eb89659c453a0c8b96ecfacbd2d93df7ab826227ab28bb5ce621e62941
ooxml/docx/drawing.docx	docx.par.91.inline.8.xml	c-markup-canonical-same	len=620;sha=8f5c61949a80cb77060c164a504343955dad55b3e7c566d5190a05ccae62c3ac	len=44;sha=24d5d4f1988da84d4ae8c3f19a734cc04fd0bdbf96dd7503a4f1d6e328cfe1c5
ooxml/docx/drawing.docx	docx.par.91.inline.10.xml	c-markup-canonical-same	len=618;sha=f74ab4c382911c8d6bd5126bc2b6a29e59756147356619cae3aa6a2d2a486712	len=42;sha=c26240eb89659c453a0c8b96ecfacbd2d93df7ab826227ab28bb5ce621e62941
ooxml/docx/drawing.docx	docx.par.91.run.0.content.0.xml	c-markup-canonical-same	len=627;sha=75f43db0aea84cb60c09fd34ffa2f0df8166290ce950ee50856987088bbe3491	len=51;sha=c517a498d28f6ce4380975afb31d1f3e1f837e71f8e37fba1991cd6d2f883203
ooxml/docx/drawing.docx	docx.par.93.inline.1.xml	c-markup-canonical-same	len=621;sha=30e30d528002749a54c5bece49a3ebc30bd27b88100ecd8962f0dac53d72c422	len=45;sha=59116038c7933a2d2f10a5b052e4ad78275e52da59ad9b429e6fcc2e799e3494
ooxml/docx/drawing.docx	docx.par.93.inline.3.xml	c-markup-canonical-same	len=619;sha=4793a92e0b7f1866de85ea4aa4a5dc2250b4aaf8788d080cff6b4943734ac438	len=43;sha=756c6d24e22c0c39b9b0989747540426823d8e69944a2134b35cd7b76ec3e76f
ooxml/docx/drawing.docx	docx.par.93.inline.6.xml	c-markup-canonical-same	len=621;sha=30e30d528002749a54c5bece49a3ebc30bd27b88100ecd8962f0dac53d72c422	len=45;sha=59116038c7933a2d2f10a5b052e4ad78275e52da59ad9b429e6fcc2e799e3494
ooxml/docx/drawing.docx	docx.par.93.inline.8.xml	c-markup-canonical-same	len=619;sha=4793a92e0b7f1866de85ea4aa4a5dc2250b4aaf8788d080cff6b4943734ac438	len=43;sha=756c6d24e22c0c39b9b0989747540426823d8e69944a2134b35cd7b76ec3e76f
ooxml/docx/drawing.docx	docx.par.95.inline.1.xml	c-markup-canonical-same	len=621;sha=30e30d528002749a54c5bece49a3ebc30bd27b88100ecd8962f0dac53d72c422	len=45;sha=59116038c7933a2d2f10a5b052e4ad78275e52da59ad9b429e6fcc2e799e3494
ooxml/docx/drawing.docx	docx.par.95.inline.3.xml	c-markup-canonical-same	len=619;sha=4793a92e0b7f1866de85ea4aa4a5dc2250b4aaf8788d080cff6b4943734ac438	len=43;sha=756c6d24e22c0c39b9b0989747540426823d8e69944a2134b35cd7b76ec3e76f
ooxml/docx/drawing.docx	docx.par.95.inline.5.xml	c-markup-canonical-same	len=621;sha=30e30d528002749a54c5bece49a3ebc30bd27b88100ecd8962f0dac53d72c422	len=45;sha=59116038c7933a2d2f10a5b052e4ad78275e52da59ad9b429e6fcc2e799e3494
ooxml/docx/drawing.docx	docx.par.95.inline.7.xml	c-markup-canonical-same	len=619;sha=4793a92e0b7f1866de85ea4aa4a5dc2250b4aaf8788d080cff6b4943734ac438	len=43;sha=756c6d24e22c0c39b9b0989747540426823d8e69944a2134b35cd7b76ec3e76f
ooxml/docx/drawing.docx	docx.par.95.inline.9.xml	c-markup-canonical-same	len=620;sha=8f5c61949a80cb77060c164a504343955dad55b3e7c566d5190a05ccae62c3ac	len=44;sha=24d5d4f1988da84d4ae8c3f19a734cc04fd0bdbf96dd7503a4f1d6e328cfe1c5
ooxml/docx/drawing.docx	docx.par.95.inline.11.xml	c-markup-canonical-same	len=618;sha=f74ab4c382911c8d6bd5126bc2b6a29e59756147356619cae3aa6a2d2a486712	len=42;sha=c26240eb89659c453a0c8b96ecfacbd2d93df7ab826227ab28bb5ce621e62941
ooxml/docx/drawing.docx	docx.par.95.inline.13.xml	c-markup-canonical-same	len=621;sha=30e30d528002749a54c5bece49a3ebc30bd27b88100ecd8962f0dac53d72c422	len=45;sha=59116038c7933a2d2f10a5b052e4ad78275e52da59ad9b429e6fcc2e799e3494
ooxml/docx/drawing.docx	docx.par.95.inline.14.xml	c-markup-canonical-same	len=620;sha=8f5c61949a80cb77060c164a504343955dad55b3e7c566d5190a05ccae62c3ac	len=44;sha=24d5d4f1988da84d4ae8c3f19a734cc04fd0bdbf96dd7503a4f1d6e328cfe1c5
ooxml/docx/drawing.docx	docx.par.95.inline.16.xml	c-markup-canonical-same	len=619;sha=4793a92e0b7f1866de85ea4aa4a5dc2250b4aaf8788d080cff6b4943734ac438	len=43;sha=756c6d24e22c0c39b9b0989747540426823d8e69944a2134b35cd7b76ec3e76f
ooxml/docx/drawing.docx	docx.par.95.inline.17.xml	c-markup-canonical-same	len=618;sha=f74ab4c382911c8d6bd5126bc2b6a29e59756147356619cae3aa6a2d2a486712	len=42;sha=c26240eb89659c453a0c8b96ecfacbd2d93df7ab826227ab28bb5ce621e62941
ooxml/docx/drawing.docx	docx.par.95.inline.19.xml	c-markup-canonical-same	len=621;sha=30e30d528002749a54c5bece49a3ebc30bd27b88100ecd8962f0dac53d72c422	len=45;sha=59116038c7933a2d2f10a5b052e4ad78275e52da59ad9b429e6fcc2e799e3494
ooxml/docx/drawing.docx	docx.par.95.inline.21.xml	c-markup-canonical-same	len=619;sha=4793a92e0b7f1866de85ea4aa4a5dc2250b4aaf8788d080cff6b4943734ac438	len=43;sha=756c6d24e22c0c39b9b0989747540426823d8e69944a2134b35cd7b76ec3e76f
ooxml/docx/drawing.docx	docx.par.95.inline.23.xml	c-markup-canonical-same	len=621;sha=30e30d528002749a54c5bece49a3ebc30bd27b88100ecd8962f0dac53d72c422	len=45;sha=59116038c7933a2d2f10a5b052e4ad78275e52da59ad9b429e6fcc2e799e3494
ooxml/docx/drawing.docx	docx.par.95.inline.25.xml	c-markup-canonical-same	len=619;sha=4793a92e0b7f1866de85ea4aa4a5dc2250b4aaf8788d080cff6b4943734ac438	len=43;sha=756c6d24e22c0c39b9b0989747540426823d8e69944a2134b35cd7b76ec3e76f
ooxml/docx/drawing.docx	docx.par.99.inline.0.xml	c-markup-canonical-same	len=621;sha=30e30d528002749a54c5bece49a3ebc30bd27b88100ecd8962f0dac53d72c422	len=45;sha=59116038c7933a2d2f10a5b052e4ad78275e52da59ad9b429e6fcc2e799e3494
ooxml/docx/drawing.docx	docx.par.99.inline.2.xml	c-markup-canonical-same	len=619;sha=4793a92e0b7f1866de85ea4aa4a5dc2250b4aaf8788d080cff6b4943734ac438	len=43;sha=756c6d24e22c0c39b9b0989747540426823d8e69944a2134b35cd7b76ec3e76f
ooxml/docx/drawing.docx	docx.par.99.inline.4.xml	c-markup-canonical-same	len=620;sha=8f5c61949a80cb77060c164a504343955dad55b3e7c566d5190a05ccae62c3ac	len=44;sha=24d5d4f1988da84d4ae8c3f19a734cc04fd0bdbf96dd7503a4f1d6e328cfe1c5
ooxml/docx/drawing.docx	docx.par.99.inline.6.xml	c-markup-canonical-same	len=618;sha=f74ab4c382911c8d6bd5126bc2b6a29e59756147356619cae3aa6a2d2a486712	len=42;sha=c26240eb89659c453a0c8b96ecfacbd2d93df7ab826227ab28bb5ce621e62941
ooxml/docx/drawing.docx	docx.par.99.inline.8.xml	c-markup-canonical-same	len=621;sha=30e30d528002749a54c5bece49a3ebc30bd27b88100ecd8962f0dac53d72c422	len=45;sha=59116038c7933a2d2f10a5b052e4ad78275e52da59ad9b429e6fcc2e799e3494
ooxml/docx/drawing.docx	docx.par.99.inline.10.xml	c-markup-canonical-same	len=619;sha=4793a92e0b7f1866de85ea4aa4a5dc2250b4aaf8788d080cff6b4943734ac438	len=43;sha=756c6d24e22c0c39b9b0989747540426823d8e69944a2134b35cd7b76ec3e76f
ooxml/docx/drawing.docx	docx.par.99.inline.12.xml	c-markup-canonical-same	len=621;sha=30e30d528002749a54c5bece49a3ebc30bd27b88100ecd8962f0dac53d72c422	len=45;sha=59116038c7933a2d2f10a5b052e4ad78275e52da59ad9b429e6fcc2e799e3494
ooxml/docx/drawing.docx	docx.par.99.inline.14.xml	c-markup-canonical-same	len=619;sha=4793a92e0b7f1866de85ea4aa4a5dc2250b4aaf8788d080cff6b4943734ac438	len=43;sha=756c6d24e22c0c39b9b0989747540426823d8e69944a2134b35cd7b76ec3e76f
ooxml/docx/drawing.docx	docx.par.103.inline.1.xml	c-markup-canonical-same	len=621;sha=30e30d528002749a54c5bece49a3ebc30bd27b88100ecd8962f0dac53d72c422	len=45;sha=59116038c7933a2d2f10a5b052e4ad78275e52da59ad9b429e6fcc2e799e3494
ooxml/docx/drawing.docx	docx.par.103.inline.3.xml	c-markup-canonical-same	len=619;sha=4793a92e0b7f1866de85ea4aa4a5dc2250b4aaf8788d080cff6b4943734ac438	len=43;sha=756c6d24e22c0c39b9b0989747540426823d8e69944a2134b35cd7b76ec3e76f
ooxml/docx/drawing.docx	docx.par.105.inline.0.xml	c-markup-canonical-same	len=621;sha=30e30d528002749a54c5bece49a3ebc30bd27b88100ecd8962f0dac53d72c422	len=45;sha=59116038c7933a2d2f10a5b052e4ad78275e52da59ad9b429e6fcc2e799e3494
ooxml/docx/drawing.docx	docx.par.105.inline.2.xml	c-markup-canonical-same	len=619;sha=4793a92e0b7f1866de85ea4aa4a5dc2250b4aaf8788d080cff6b4943734ac438	len=43;sha=756c6d24e22c0c39b9b0989747540426823d8e69944a2134b35cd7b76ec3e76f
ooxml/docx/drawing.docx	docx.par.105.inline.4.xml	c-markup-canonical-same	len=620;sha=8f5c61949a80cb77060c164a504343955dad55b3e7c566d5190a05ccae62c3ac	len=44;sha=24d5d4f1988da84d4ae8c3f19a734cc04fd0bdbf96dd7503a4f1d6e328cfe1c5
ooxml/docx/drawing.docx	docx.par.105.inline.6.xml	c-markup-canonical-same	len=618;sha=f74ab4c382911c8d6bd5126bc2b6a29e59756147356619cae3aa6a2d2a486712	len=42;sha=c26240eb89659c453a0c8b96ecfacbd2d93df7ab826227ab28bb5ce621e62941
ooxml/docx/drawing.docx	docx.par.105.inline.8.xml	c-markup-canonical-same	len=621;sha=30e30d528002749a54c5bece49a3ebc30bd27b88100ecd8962f0dac53d72c422	len=45;sha=59116038c7933a2d2f10a5b052e4ad78275e52da59ad9b429e6fcc2e799e3494
ooxml/docx/drawing.docx	docx.par.105.inline.10.xml	c-markup-canonical-same	len=619;sha=4793a92e0b7f1866de85ea4aa4a5dc2250b4aaf8788d080cff6b4943734ac438	len=43;sha=756c6d24e22c0c39b9b0989747540426823d8e69944a2134b35cd7b76ec3e76f
ooxml/docx/drawing.docx	docx.par.105.inline.12.xml	c-markup-canonical-same	len=621;sha=30e30d528002749a54c5bece49a3ebc30bd27b88100ecd8962f0dac53d72c422	len=45;sha=59116038c7933a2d2f10a5b052e4ad78275e52da59ad9b429e6fcc2e799e3494
ooxml/docx/drawing.docx	docx.par.105.inline.14.xml	c-markup-canonical-same	len=619;sha=4793a92e0b7f1866de85ea4aa4a5dc2250b4aaf8788d080cff6b4943734ac438	len=43;sha=756c6d24e22c0c39b9b0989747540426823d8e69944a2134b35cd7b76ec3e76f
ooxml/docx/drawing.docx	docx.par.106.inline.1.xml	c-markup-canonical-same	len=621;sha=30e30d528002749a54c5bece49a3ebc30bd27b88100ecd8962f0dac53d72c422	len=45;sha=59116038c7933a2d2f10a5b052e4ad78275e52da59ad9b429e6fcc2e799e3494
ooxml/docx/drawing.docx	docx.par.106.inline.3.xml	c-markup-canonical-same	len=619;sha=4793a92e0b7f1866de85ea4aa4a5dc2250b4aaf8788d080cff6b4943734ac438	len=43;sha=756c6d24e22c0c39b9b0989747540426823d8e69944a2134b35cd7b76ec3e76f
ooxml/docx/drawing.docx	docx.par.106.inline.5.xml	c-markup-canonical-same	len=621;sha=30e30d528002749a54c5bece49a3ebc30bd27b88100ecd8962f0dac53d72c422	len=45;sha=59116038c7933a2d2f10a5b052e4ad78275e52da59ad9b429e6fcc2e799e3494
ooxml/docx/drawing.docx	docx.par.106.inline.7.xml	c-markup-canonical-same	len=619;sha=4793a92e0b7f1866de85ea4aa4a5dc2250b4aaf8788d080cff6b4943734ac438	len=43;sha=756c6d24e22c0c39b9b0989747540426823d8e69944a2134b35cd7b76ec3e76f
ooxml/docx/drawing.docx	docx.par.106.inline.9.xml	c-markup-canonical-same	len=621;sha=30e30d528002749a54c5bece49a3ebc30bd27b88100ecd8962f0dac53d72c422	len=45;sha=59116038c7933a2d2f10a5b052e4ad78275e52da59ad9b429e6fcc2e799e3494
ooxml/docx/drawing.docx	docx.par.106.inline.11.xml	c-markup-canonical-same	len=619;sha=4793a92e0b7f1866de85ea4aa4a5dc2250b4aaf8788d080cff6b4943734ac438	len=43;sha=756c6d24e22c0c39b9b0989747540426823d8e69944a2134b35cd7b76ec3e76f
ooxml/docx/drawing.docx	docx.par.106.inline.13.xml	c-markup-canonical-same	len=620;sha=8f5c61949a80cb77060c164a504343955dad55b3e7c566d5190a05ccae62c3ac	len=44;sha=24d5d4f1988da84d4ae8c3f19a734cc04fd0bdbf96dd7503a4f1d6e328cfe1c5
ooxml/docx/drawing.docx	docx.par.106.inline.15.xml	c-markup-canonical-same	len=618;sha=f74ab4c382911c8d6bd5126bc2b6a29e59756147356619cae3aa6a2d2a486712	len=42;sha=c26240eb89659c453a0c8b96ecfacbd2d93df7ab826227ab28bb5ce621e62941
ooxml/docx/drawing.docx	docx.par.106.inline.17.xml	c-markup-canonical-same	len=621;sha=30e30d528002749a54c5bece49a3ebc30bd27b88100ecd8962f0dac53d72c422	len=45;sha=59116038c7933a2d2f10a5b052e4ad78275e52da59ad9b429e6fcc2e799e3494
ooxml/docx/drawing.docx	docx.par.106.inline.19.xml	c-markup-canonical-same	len=619;sha=4793a92e0b7f1866de85ea4aa4a5dc2250b4aaf8788d080cff6b4943734ac438	len=43;sha=756c6d24e22c0c39b9b0989747540426823d8e69944a2134b35cd7b76ec3e76f
ooxml/docx/drawing.docx	docx.par.106.inline.21.xml	c-markup-canonical-same	len=621;sha=30e30d528002749a54c5bece49a3ebc30bd27b88100ecd8962f0dac53d72c422	len=45;sha=59116038c7933a2d2f10a5b052e4ad78275e52da59ad9b429e6fcc2e799e3494
ooxml/docx/drawing.docx	docx.par.106.inline.23.xml	c-markup-canonical-same	len=619;sha=4793a92e0b7f1866de85ea4aa4a5dc2250b4aaf8788d080cff6b4943734ac438	len=43;sha=756c6d24e22c0c39b9b0989747540426823d8e69944a2134b35cd7b76ec3e76f
ooxml/docx/drawing.docx	docx.par.123.inline.7.xml	c-markup-canonical-same	len=621;sha=30e30d528002749a54c5bece49a3ebc30bd27b88100ecd8962f0dac53d72c422	len=45;sha=59116038c7933a2d2f10a5b052e4ad78275e52da59ad9b429e6fcc2e799e3494
ooxml/docx/drawing.docx	docx.par.123.inline.9.xml	c-markup-canonical-same	len=619;sha=4793a92e0b7f1866de85ea4aa4a5dc2250b4aaf8788d080cff6b4943734ac438	len=43;sha=756c6d24e22c0c39b9b0989747540426823d8e69944a2134b35cd7b76ec3e76f
ooxml/docx/drawing.docx	docx.par.125.run.0.content.0.xml	c-markup-canonical-same	len=25949;sha=018c85ff88ca5f0804dbfaa53d5ebe97682a83f2fa09f7e9efb3806556c27d28	len=1716;sha=6ac854ae228758927fc5fd05cf0bdc8f80c7188833a956440a7803252d584d3e
ooxml/docx/drawing.docx	docx.par.128.inline.1.xml	c-markup-canonical-same	len=621;sha=30e30d528002749a54c5bece49a3ebc30bd27b88100ecd8962f0dac53d72c422	len=45;sha=59116038c7933a2d2f10a5b052e4ad78275e52da59ad9b429e6fcc2e799e3494
ooxml/docx/drawing.docx	docx.par.128.inline.3.xml	c-markup-canonical-same	len=619;sha=4793a92e0b7f1866de85ea4aa4a5dc2250b4aaf8788d080cff6b4943734ac438	len=43;sha=756c6d24e22c0c39b9b0989747540426823d8e69944a2134b35cd7b76ec3e76f
ooxml/docx/drawing.docx	docx.par.128.inline.5.xml	c-markup-canonical-same	len=621;sha=30e30d528002749a54c5bece49a3ebc30bd27b88100ecd8962f0dac53d72c422	len=45;sha=59116038c7933a2d2f10a5b052e4ad78275e52da59ad9b429e6fcc2e799e3494
ooxml/docx/drawing.docx	docx.par.128.inline.7.xml	c-markup-canonical-same	len=619;sha=4793a92e0b7f1866de85ea4aa4a5dc2250b4aaf8788d080cff6b4943734ac438	len=43;sha=756c6d24e22c0c39b9b0989747540426823d8e69944a2134b35cd7b76ec3e76f
ooxml/docx/drawing.docx	docx.par.128.inline.9.xml	c-markup-canonical-same	len=621;sha=30e30d528002749a54c5bece49a3ebc30bd27b88100ecd8962f0dac53d72c422	len=45;sha=59116038c7933a2d2f10a5b052e4ad78275e52da59ad9b429e6fcc2e799e3494
ooxml/docx/drawing.docx	docx.par.128.inline.11.xml	c-markup-canonical-same	len=619;sha=4793a92e0b7f1866de85ea4aa4a5dc2250b4aaf8788d080cff6b4943734ac438	len=43;sha=756c6d24e22c0c39b9b0989747540426823d8e69944a2134b35cd7b76ec3e76f
ooxml/docx/drawing.docx	docx.par.128.inline.13.xml	c-markup-canonical-same	len=621;sha=30e30d528002749a54c5bece49a3ebc30bd27b88100ecd8962f0dac53d72c422	len=45;sha=59116038c7933a2d2f10a5b052e4ad78275e52da59ad9b429e6fcc2e799e3494
ooxml/docx/drawing.docx	docx.par.128.inline.15.xml	c-markup-canonical-same	len=619;sha=4793a92e0b7f1866de85ea4aa4a5dc2250b4aaf8788d080cff6b4943734ac438	len=43;sha=756c6d24e22c0c39b9b0989747540426823d8e69944a2134b35cd7b76ec3e76f
ooxml/docx/drawing.docx	docx.par.128.inline.17.xml	c-markup-canonical-same	len=621;sha=30e30d528002749a54c5bece49a3ebc30bd27b88100ecd8962f0dac53d72c422	len=45;sha=59116038c7933a2d2f10a5b052e4ad78275e52da59ad9b429e6fcc2e799e3494
ooxml/docx/drawing.docx	docx.par.128.inline.19.xml	c-markup-canonical-same	len=619;sha=4793a92e0b7f1866de85ea4aa4a5dc2250b4aaf8788d080cff6b4943734ac438	len=43;sha=756c6d24e22c0c39b9b0989747540426823d8e69944a2134b35cd7b76ec3e76f
ooxml/docx/drawing.docx	docx.par.128.inline.21.xml	c-markup-canonical-same	len=621;sha=30e30d528002749a54c5bece49a3ebc30bd27b88100ecd8962f0dac53d72c422	len=45;sha=59116038c7933a2d2f10a5b052e4ad78275e52da59ad9b429e6fcc2e799e3494
ooxml/docx/drawing.docx	docx.par.128.inline.23.xml	c-markup-canonical-same	len=619;sha=4793a92e0b7f1866de85ea4aa4a5dc2250b4aaf8788d080cff6b4943734ac438	len=43;sha=756c6d24e22c0c39b9b0989747540426823d8e69944a2134b35cd7b76ec3e76f
ooxml/docx/drawing.docx	docx.par.128.inline.25.xml	c-markup-canonical-same	len=621;sha=30e30d528002749a54c5bece49a3ebc30bd27b88100ecd8962f0dac53d72c422	len=45;sha=59116038c7933a2d2f10a5b052e4ad78275e52da59ad9b429e6fcc2e799e3494
ooxml/docx/drawing.docx	docx.par.128.inline.27.xml	c-markup-canonical-same	len=619;sha=4793a92e0b7f1866de85ea4aa4a5dc2250b4aaf8788d080cff6b4943734ac438	len=43;sha=756c6d24e22c0c39b9b0989747540426823d8e69944a2134b35cd7b76ec3e76f
ooxml/docx/drawing.docx	docx.par.128.inline.29.xml	c-markup-canonical-same	len=620;sha=8f5c61949a80cb77060c164a504343955dad55b3e7c566d5190a05ccae62c3ac	len=44;sha=24d5d4f1988da84d4ae8c3f19a734cc04fd0bdbf96dd7503a4f1d6e328cfe1c5
ooxml/docx/drawing.docx	docx.par.128.inline.31.xml	c-markup-canonical-same	len=618;sha=f74ab4c382911c8d6bd5126bc2b6a29e59756147356619cae3aa6a2d2a486712	len=42;sha=c26240eb89659c453a0c8b96ecfacbd2d93df7ab826227ab28bb5ce621e62941
ooxml/docx/drawing.docx	docx.par.128.inline.33.xml	c-markup-canonical-same	len=621;sha=30e30d528002749a54c5bece49a3ebc30bd27b88100ecd8962f0dac53d72c422	len=45;sha=59116038c7933a2d2f10a5b052e4ad78275e52da59ad9b429e6fcc2e799e3494
ooxml/docx/drawing.docx	docx.par.128.inline.35.xml	c-markup-canonical-same	len=619;sha=4793a92e0b7f1866de85ea4aa4a5dc2250b4aaf8788d080cff6b4943734ac438	len=43;sha=756c6d24e22c0c39b9b0989747540426823d8e69944a2134b35cd7b76ec3e76f
ooxml/docx/drawing.docx	docx.par.128.inline.37.xml	c-markup-canonical-same	len=621;sha=30e30d528002749a54c5bece49a3ebc30bd27b88100ecd8962f0dac53d72c422	len=45;sha=59116038c7933a2d2f10a5b052e4ad78275e52da59ad9b429e6fcc2e799e3494
ooxml/docx/drawing.docx	docx.par.128.inline.39.xml	c-markup-canonical-same	len=619;sha=4793a92e0b7f1866de85ea4aa4a5dc2250b4aaf8788d080cff6b4943734ac438	len=43;sha=756c6d24e22c0c39b9b0989747540426823d8e69944a2134b35cd7b76ec3e76f
ooxml/docx/drawing.docx	docx.par.128.inline.41.xml	c-markup-canonical-same	len=621;sha=30e30d528002749a54c5bece49a3ebc30bd27b88100ecd8962f0dac53d72c422	len=45;sha=59116038c7933a2d2f10a5b052e4ad78275e52da59ad9b429e6fcc2e799e3494
ooxml/docx/drawing.docx	docx.par.128.inline.43.xml	c-markup-canonical-same	len=619;sha=4793a92e0b7f1866de85ea4aa4a5dc2250b4aaf8788d080cff6b4943734ac438	len=43;sha=756c6d24e22c0c39b9b0989747540426823d8e69944a2134b35cd7b76ec3e76f
ooxml/docx/drawing.docx	docx.par.128.inline.45.xml	c-markup-canonical-same	len=621;sha=30e30d528002749a54c5bece49a3ebc30bd27b88100ecd8962f0dac53d72c422	len=45;sha=59116038c7933a2d2f10a5b052e4ad78275e52da59ad9b429e6fcc2e799e3494
ooxml/docx/drawing.docx	docx.par.128.inline.47.xml	c-markup-canonical-same	len=619;sha=4793a92e0b7f1866de85ea4aa4a5dc2250b4aaf8788d080cff6b4943734ac438	len=43;sha=756c6d24e22c0c39b9b0989747540426823d8e69944a2134b35cd7b76ec3e76f
ooxml/docx/drawing.docx	docx.par.128.inline.49.xml	c-markup-canonical-same	len=621;sha=30e30d528002749a54c5bece49a3ebc30bd27b88100ecd8962f0dac53d72c422	len=45;sha=59116038c7933a2d2f10a5b052e4ad78275e52da59ad9b429e6fcc2e799e3494
ooxml/docx/drawing.docx	docx.par.128.inline.51.xml	c-markup-canonical-same	len=619;sha=4793a92e0b7f1866de85ea4aa4a5dc2250b4aaf8788d080cff6b4943734ac438	len=43;sha=756c6d24e22c0c39b9b0989747540426823d8e69944a2134b35cd7b76ec3e76f
ooxml/docx/drawing.docx	docx.par.128.inline.53.xml	c-markup-canonical-same	len=620;sha=8f5c61949a80cb77060c164a504343955dad55b3e7c566d5190a05ccae62c3ac	len=44;sha=24d5d4f1988da84d4ae8c3f19a734cc04fd0bdbf96dd7503a4f1d6e328cfe1c5
ooxml/docx/drawing.docx	docx.par.128.inline.55.xml	c-markup-canonical-same	len=618;sha=f74ab4c382911c8d6bd5126bc2b6a29e59756147356619cae3aa6a2d2a486712	len=42;sha=c26240eb89659c453a0c8b96ecfacbd2d93df7ab826227ab28bb5ce621e62941
ooxml/docx/drawing.docx	docx.par.128.inline.57.xml	c-markup-canonical-same	len=621;sha=30e30d528002749a54c5bece49a3ebc30bd27b88100ecd8962f0dac53d72c422	len=45;sha=59116038c7933a2d2f10a5b052e4ad78275e52da59ad9b429e6fcc2e799e3494
ooxml/docx/drawing.docx	docx.par.128.inline.59.xml	c-markup-canonical-same	len=619;sha=4793a92e0b7f1866de85ea4aa4a5dc2250b4aaf8788d080cff6b4943734ac438	len=43;sha=756c6d24e22c0c39b9b0989747540426823d8e69944a2134b35cd7b76ec3e76f
ooxml/docx/drawing.docx	docx.par.129.inline.1.xml	c-markup-canonical-same	len=621;sha=30e30d528002749a54c5bece49a3ebc30bd27b88100ecd8962f0dac53d72c422	len=45;sha=59116038c7933a2d2f10a5b052e4ad78275e52da59ad9b429e6fcc2e799e3494
ooxml/docx/drawing.docx	docx.par.129.inline.3.xml	c-markup-canonical-same	len=619;sha=4793a92e0b7f1866de85ea4aa4a5dc2250b4aaf8788d080cff6b4943734ac438	len=43;sha=756c6d24e22c0c39b9b0989747540426823d8e69944a2134b35cd7b76ec3e76f
ooxml/docx/drawing.docx	docx.par.129.inline.5.xml	c-markup-canonical-same	len=621;sha=30e30d528002749a54c5bece49a3ebc30bd27b88100ecd8962f0dac53d72c422	len=45;sha=59116038c7933a2d2f10a5b052e4ad78275e52da59ad9b429e6fcc2e799e3494
ooxml/docx/drawing.docx	docx.par.129.inline.7.xml	c-markup-canonical-same	len=619;sha=4793a92e0b7f1866de85ea4aa4a5dc2250b4aaf8788d080cff6b4943734ac438	len=43;sha=756c6d24e22c0c39b9b0989747540426823d8e69944a2134b35cd7b76ec3e76f
ooxml/docx/drawing.docx	docx.par.129.inline.9.xml	c-markup-canonical-same	len=621;sha=30e30d528002749a54c5bece49a3ebc30bd27b88100ecd8962f0dac53d72c422	len=45;sha=59116038c7933a2d2f10a5b052e4ad78275e52da59ad9b429e6fcc2e799e3494
ooxml/docx/drawing.docx	docx.par.129.inline.11.xml	c-markup-canonical-same	len=619;sha=4793a92e0b7f1866de85ea4aa4a5dc2250b4aaf8788d080cff6b4943734ac438	len=43;sha=756c6d24e22c0c39b9b0989747540426823d8e69944a2134b35cd7b76ec3e76f
ooxml/docx/drawing.docx	docx.par.129.inline.13.xml	c-markup-canonical-same	len=621;sha=30e30d528002749a54c5bece49a3ebc30bd27b88100ecd8962f0dac53d72c422	len=45;sha=59116038c7933a2d2f10a5b052e4ad78275e52da59ad9b429e6fcc2e799e3494
ooxml/docx/drawing.docx	docx.par.129.inline.15.xml	c-markup-canonical-same	len=619;sha=4793a92e0b7f1866de85ea4aa4a5dc2250b4aaf8788d080cff6b4943734ac438	len=43;sha=756c6d24e22c0c39b9b0989747540426823d8e69944a2134b35cd7b76ec3e76f
ooxml/docx/drawing.docx	docx.par.131.inline.1.xml	c-markup-canonical-same	len=621;sha=30e30d528002749a54c5bece49a3ebc30bd27b88100ecd8962f0dac53d72c422	len=45;sha=59116038c7933a2d2f10a5b052e4ad78275e52da59ad9b429e6fcc2e799e3494
ooxml/docx/drawing.docx	docx.par.131.inline.3.xml	c-markup-canonical-same	len=619;sha=4793a92e0b7f1866de85ea4aa4a5dc2250b4aaf8788d080cff6b4943734ac438	len=43;sha=756c6d24e22c0c39b9b0989747540426823d8e69944a2134b35cd7b76ec3e76f
ooxml/docx/drawing.docx	docx.par.131.inline.5.xml	c-markup-canonical-same	len=620;sha=8f5c61949a80cb77060c164a504343955dad55b3e7c566d5190a05ccae62c3ac	len=44;sha=24d5d4f1988da84d4ae8c3f19a734cc04fd0bdbf96dd7503a4f1d6e328cfe1c5
ooxml/docx/drawing.docx	docx.par.131.inline.7.xml	c-markup-canonical-same	len=618;sha=f74ab4c382911c8d6bd5126bc2b6a29e59756147356619cae3aa6a2d2a486712	len=42;sha=c26240eb89659c453a0c8b96ecfacbd2d93df7ab826227ab28bb5ce621e62941
ooxml/docx/drawing.docx	docx.par.131.inline.9.xml	c-markup-canonical-same	len=621;sha=30e30d528002749a54c5bece49a3ebc30bd27b88100ecd8962f0dac53d72c422	len=45;sha=59116038c7933a2d2f10a5b052e4ad78275e52da59ad9b429e6fcc2e799e3494
ooxml/docx/drawing.docx	docx.par.131.inline.11.xml	c-markup-canonical-same	len=619;sha=4793a92e0b7f1866de85ea4aa4a5dc2250b4aaf8788d080cff6b4943734ac438	len=43;sha=756c6d24e22c0c39b9b0989747540426823d8e69944a2134b35cd7b76ec3e76f
ooxml/docx/drawing.docx	docx.par.131.inline.13.xml	c-markup-canonical-same	len=621;sha=30e30d528002749a54c5bece49a3ebc30bd27b88100ecd8962f0dac53d72c422	len=45;sha=59116038c7933a2d2f10a5b052e4ad78275e52da59ad9b429e6fcc2e799e3494
ooxml/docx/drawing.docx	docx.par.131.inline.15.xml	c-markup-canonical-same	len=619;sha=4793a92e0b7f1866de85ea4aa4a5dc2250b4aaf8788d080cff6b4943734ac438	len=43;sha=756c6d24e22c0c39b9b0989747540426823d8e69944a2134b35cd7b76ec3e76f
ooxml/docx/drawing.docx	docx.par.131.inline.17.xml	c-markup-canonical-same	len=621;sha=30e30d528002749a54c5bece49a3ebc30bd27b88100ecd8962f0dac53d72c422	len=45;sha=59116038c7933a2d2f10a5b052e4ad78275e52da59ad9b429e6fcc2e799e3494
ooxml/docx/drawing.docx	docx.par.131.inline.19.xml	c-markup-canonical-same	len=619;sha=4793a92e0b7f1866de85ea4aa4a5dc2250b4aaf8788d080cff6b4943734ac438	len=43;sha=756c6d24e22c0c39b9b0989747540426823d8e69944a2134b35cd7b76ec3e76f
ooxml/docx/drawing.docx	docx.par.131.inline.22.xml	c-markup-canonical-same	len=621;sha=30e30d528002749a54c5bece49a3ebc30bd27b88100ecd8962f0dac53d72c422	len=45;sha=59116038c7933a2d2f10a5b052e4ad78275e52da59ad9b429e6fcc2e799e3494
ooxml/docx/drawing.docx	docx.par.131.inline.23.xml	c-markup-canonical-same	len=620;sha=8f5c61949a80cb77060c164a504343955dad55b3e7c566d5190a05ccae62c3ac	len=44;sha=24d5d4f1988da84d4ae8c3f19a734cc04fd0bdbf96dd7503a4f1d6e328cfe1c5
ooxml/docx/drawing.docx	docx.par.131.inline.25.xml	c-markup-canonical-same	len=619;sha=4793a92e0b7f1866de85ea4aa4a5dc2250b4aaf8788d080cff6b4943734ac438	len=43;sha=756c6d24e22c0c39b9b0989747540426823d8e69944a2134b35cd7b76ec3e76f
ooxml/docx/drawing.docx	docx.par.131.inline.26.xml	c-markup-canonical-same	len=618;sha=f74ab4c382911c8d6bd5126bc2b6a29e59756147356619cae3aa6a2d2a486712	len=42;sha=c26240eb89659c453a0c8b96ecfacbd2d93df7ab826227ab28bb5ce621e62941
ooxml/docx/drawing.docx	docx.par.131.inline.28.xml	c-markup-canonical-same	len=621;sha=30e30d528002749a54c5bece49a3ebc30bd27b88100ecd8962f0dac53d72c422	len=45;sha=59116038c7933a2d2f10a5b052e4ad78275e52da59ad9b429e6fcc2e799e3494
ooxml/docx/drawing.docx	docx.par.131.inline.30.xml	c-markup-canonical-same	len=619;sha=4793a92e0b7f1866de85ea4aa4a5dc2250b4aaf8788d080cff6b4943734ac438	len=43;sha=756c6d24e22c0c39b9b0989747540426823d8e69944a2134b35cd7b76ec3e76f
ooxml/docx/drawing.docx	docx.par.131.inline.32.xml	c-markup-canonical-same	len=621;sha=30e30d528002749a54c5bece49a3ebc30bd27b88100ecd8962f0dac53d72c422	len=45;sha=59116038c7933a2d2f10a5b052e4ad78275e52da59ad9b429e6fcc2e799e3494
ooxml/docx/drawing.docx	docx.par.131.inline.34.xml	c-markup-canonical-same	len=619;sha=4793a92e0b7f1866de85ea4aa4a5dc2250b4aaf8788d080cff6b4943734ac438	len=43;sha=756c6d24e22c0c39b9b0989747540426823d8e69944a2134b35cd7b76ec3e76f
ooxml/docx/drawing.docx	docx.par.132.inline.4.xml	c-markup-canonical-same	len=621;sha=30e30d528002749a54c5bece49a3ebc30bd27b88100ecd8962f0dac53d72c422	len=45;sha=59116038c7933a2d2f10a5b052e4ad78275e52da59ad9b429e6fcc2e799e3494
ooxml/docx/drawing.docx	docx.par.132.inline.6.xml	c-markup-canonical-same	len=619;sha=4793a92e0b7f1866de85ea4aa4a5dc2250b4aaf8788d080cff6b4943734ac438	len=43;sha=756c6d24e22c0c39b9b0989747540426823d8e69944a2134b35cd7b76ec3e76f
ooxml/docx/drawing.docx	docx.par.132.run.0.content.0.xml	c-markup-canonical-same	len=1305;sha=ccda1c65598c5cd8624408a1cff25f408991868890dc2d0aeb379da7af1b31cb	len=153;sha=c1a31fd20cbc4f33ad09eeda2c27b1ffb944e21924e60ad2478e0c4c6d5e3c3a
ooxml/docx/drawing.docx	docx.par.133.inline.1.xml	c-markup-canonical-same	len=621;sha=30e30d528002749a54c5bece49a3ebc30bd27b88100ecd8962f0dac53d72c422	len=45;sha=59116038c7933a2d2f10a5b052e4ad78275e52da59ad9b429e6fcc2e799e3494
ooxml/docx/drawing.docx	docx.par.133.inline.3.xml	c-markup-canonical-same	len=619;sha=4793a92e0b7f1866de85ea4aa4a5dc2250b4aaf8788d080cff6b4943734ac438	len=43;sha=756c6d24e22c0c39b9b0989747540426823d8e69944a2134b35cd7b76ec3e76f
ooxml/docx/drawing.docx	docx.par.133.inline.5.xml	c-markup-canonical-same	len=621;sha=30e30d528002749a54c5bece49a3ebc30bd27b88100ecd8962f0dac53d72c422	len=45;sha=59116038c7933a2d2f10a5b052e4ad78275e52da59ad9b429e6fcc2e799e3494
ooxml/docx/drawing.docx	docx.par.133.inline.7.xml	c-markup-canonical-same	len=619;sha=4793a92e0b7f1866de85ea4aa4a5dc2250b4aaf8788d080cff6b4943734ac438	len=43;sha=756c6d24e22c0c39b9b0989747540426823d8e69944a2134b35cd7b76ec3e76f
ooxml/docx/drawing.docx	docx.par.134.inline.0.xml	c-markup-canonical-same	len=9190;sha=f87b3bca548af67640cc59174df831fd2be12d0ea905bfb32aeafbd4522ab77b	len=550;sha=35b6e0569dcbe46ffa84c23ea012543585048b9b5a1667f2c5a86f5eca2f02b7
ooxml/docx/drawing.docx	docx.par.134.inline.2.xml	c-markup-canonical-same	len=621;sha=30e30d528002749a54c5bece49a3ebc30bd27b88100ecd8962f0dac53d72c422	len=45;sha=59116038c7933a2d2f10a5b052e4ad78275e52da59ad9b429e6fcc2e799e3494
ooxml/docx/drawing.docx	docx.par.134.inline.4.xml	c-markup-canonical-same	len=619;sha=4793a92e0b7f1866de85ea4aa4a5dc2250b4aaf8788d080cff6b4943734ac438	len=43;sha=756c6d24e22c0c39b9b0989747540426823d8e69944a2134b35cd7b76ec3e76f
ooxml/docx/drawing.docx	docx.par.134.inline.6.xml	c-markup-canonical-same	len=621;sha=30e30d528002749a54c5bece49a3ebc30bd27b88100ecd8962f0dac53d72c422	len=45;sha=59116038c7933a2d2f10a5b052e4ad78275e52da59ad9b429e6fcc2e799e3494
ooxml/docx/drawing.docx	docx.par.134.inline.8.xml	c-markup-canonical-same	len=619;sha=4793a92e0b7f1866de85ea4aa4a5dc2250b4aaf8788d080cff6b4943734ac438	len=43;sha=756c6d24e22c0c39b9b0989747540426823d8e69944a2134b35cd7b76ec3e76f
ooxml/docx/drawing.docx	docx.par.134.inline.10.xml	c-markup-canonical-same	len=621;sha=30e30d528002749a54c5bece49a3ebc30bd27b88100ecd8962f0dac53d72c422	len=45;sha=59116038c7933a2d2f10a5b052e4ad78275e52da59ad9b429e6fcc2e799e3494
ooxml/docx/drawing.docx	docx.par.134.inline.12.xml	c-markup-canonical-same	len=619;sha=4793a92e0b7f1866de85ea4aa4a5dc2250b4aaf8788d080cff6b4943734ac438	len=43;sha=756c6d24e22c0c39b9b0989747540426823d8e69944a2134b35cd7b76ec3e76f
ooxml/docx/drawing.docx	docx.par.134.inline.15.xml	c-markup-canonical-same	len=621;sha=30e30d528002749a54c5bece49a3ebc30bd27b88100ecd8962f0dac53d72c422	len=45;sha=59116038c7933a2d2f10a5b052e4ad78275e52da59ad9b429e6fcc2e799e3494
ooxml/docx/drawing.docx	docx.par.134.inline.16.xml	c-markup-canonical-same	len=620;sha=8f5c61949a80cb77060c164a504343955dad55b3e7c566d5190a05ccae62c3ac	len=44;sha=24d5d4f1988da84d4ae8c3f19a734cc04fd0bdbf96dd7503a4f1d6e328cfe1c5
ooxml/docx/drawing.docx	docx.par.134.inline.18.xml	c-markup-canonical-same	len=619;sha=4793a92e0b7f1866de85ea4aa4a5dc2250b4aaf8788d080cff6b4943734ac438	len=43;sha=756c6d24e22c0c39b9b0989747540426823d8e69944a2134b35cd7b76ec3e76f
ooxml/docx/drawing.docx	docx.par.134.inline.19.xml	c-markup-canonical-same	len=618;sha=f74ab4c382911c8d6bd5126bc2b6a29e59756147356619cae3aa6a2d2a486712	len=42;sha=c26240eb89659c453a0c8b96ecfacbd2d93df7ab826227ab28bb5ce621e62941
ooxml/docx/drawing.docx	docx.par.134.inline.21.xml	c-markup-canonical-same	len=9802;sha=30db9af412706b6a14c6d670fdc114c28fd5ffadf89a1dcd2789b4859d825190	len=586;sha=5a70960e952f39c50e6b704d80c466721e376d683a10ee183066131df488dd24
ooxml/docx/drawing.docx	docx.par.134.inline.23.xml	c-markup-canonical-same	len=3098;sha=3bdfc8d3b4da20ed02b9d30be5dc38a9ac105084751dccf2e5235b716102f1a8	len=218;sha=93bee070c8b9c6d0cd5e98a6657d38a55457a51398933a105fab69f6de9b1ede
ooxml/docx/drawing.docx	docx.par.135.inline.1.xml	c-markup-canonical-same	len=621;sha=30e30d528002749a54c5bece49a3ebc30bd27b88100ecd8962f0dac53d72c422	len=45;sha=59116038c7933a2d2f10a5b052e4ad78275e52da59ad9b429e6fcc2e799e3494
ooxml/docx/drawing.docx	docx.par.135.inline.3.xml	c-markup-canonical-same	len=619;sha=4793a92e0b7f1866de85ea4aa4a5dc2250b4aaf8788d080cff6b4943734ac438	len=43;sha=756c6d24e22c0c39b9b0989747540426823d8e69944a2134b35cd7b76ec3e76f
ooxml/docx/drawing.docx	docx.par.135.inline.5.xml	c-markup-canonical-same	len=621;sha=30e30d528002749a54c5bece49a3ebc30bd27b88100ecd8962f0dac53d72c422	len=45;sha=59116038c7933a2d2f10a5b052e4ad78275e52da59ad9b429e6fcc2e799e3494
ooxml/docx/drawing.docx	docx.par.135.inline.7.xml	c-markup-canonical-same	len=619;sha=4793a92e0b7f1866de85ea4aa4a5dc2250b4aaf8788d080cff6b4943734ac438	len=43;sha=756c6d24e22c0c39b9b0989747540426823d8e69944a2134b35cd7b76ec3e76f
ooxml/docx/drawing.docx	docx.par.135.inline.9.xml	c-markup-canonical-same	len=621;sha=30e30d528002749a54c5bece49a3ebc30bd27b88100ecd8962f0dac53d72c422	len=45;sha=59116038c7933a2d2f10a5b052e4ad78275e52da59ad9b429e6fcc2e799e3494
ooxml/docx/drawing.docx	docx.par.135.inline.11.xml	c-markup-canonical-same	len=619;sha=4793a92e0b7f1866de85ea4aa4a5dc2250b4aaf8788d080cff6b4943734ac438	len=43;sha=756c6d24e22c0c39b9b0989747540426823d8e69944a2134b35cd7b76ec3e76f
ooxml/docx/drawing.docx	docx.par.135.run.0.content.0.xml	c-markup-canonical-same	len=627;sha=75f43db0aea84cb60c09fd34ffa2f0df8166290ce950ee50856987088bbe3491	len=51;sha=c517a498d28f6ce4380975afb31d1f3e1f837e71f8e37fba1991cd6d2f883203
ooxml/docx/drawing.docx	docx.par.137.inline.1.xml	c-markup-canonical-same	len=621;sha=30e30d528002749a54c5bece49a3ebc30bd27b88100ecd8962f0dac53d72c422	len=45;sha=59116038c7933a2d2f10a5b052e4ad78275e52da59ad9b429e6fcc2e799e3494
ooxml/docx/drawing.docx	docx.par.137.inline.3.xml	c-markup-canonical-same	len=619;sha=4793a92e0b7f1866de85ea4aa4a5dc2250b4aaf8788d080cff6b4943734ac438	len=43;sha=756c6d24e22c0c39b9b0989747540426823d8e69944a2134b35cd7b76ec3e76f
ooxml/docx/drawing.docx	docx.par.137.inline.5.xml	c-markup-canonical-same	len=621;sha=30e30d528002749a54c5bece49a3ebc30bd27b88100ecd8962f0dac53d72c422	len=45;sha=59116038c7933a2d2f10a5b052e4ad78275e52da59ad9b429e6fcc2e799e3494
ooxml/docx/drawing.docx	docx.par.137.inline.7.xml	c-markup-canonical-same	len=619;sha=4793a92e0b7f1866de85ea4aa4a5dc2250b4aaf8788d080cff6b4943734ac438	len=43;sha=756c6d24e22c0c39b9b0989747540426823d8e69944a2134b35cd7b76ec3e76f
ooxml/docx/drawing.docx	docx.par.138.inline.3.xml	c-markup-canonical-same	len=6755;sha=02982d5b0a8d40292712a9c13146cf95bc5c5edd05efb6f5c92d5d67ce1dfa78	len=419;sha=a716733fcf4ac219b47ffc55120968eb4fa0d9a8dbe15994036f6ab61d140d58
ooxml/docx/drawing.docx	docx.par.138.inline.5.xml	c-markup-canonical-same	len=621;sha=30e30d528002749a54c5bece49a3ebc30bd27b88100ecd8962f0dac53d72c422	len=45;sha=59116038c7933a2d2f10a5b052e4ad78275e52da59ad9b429e6fcc2e799e3494
ooxml/docx/drawing.docx	docx.par.138.inline.7.xml	c-markup-canonical-same	len=619;sha=4793a92e0b7f1866de85ea4aa4a5dc2250b4aaf8788d080cff6b4943734ac438	len=43;sha=756c6d24e22c0c39b9b0989747540426823d8e69944a2134b35cd7b76ec3e76f
ooxml/docx/drawing.docx	docx.par.138.inline.11.xml	c-markup-canonical-same	len=621;sha=30e30d528002749a54c5bece49a3ebc30bd27b88100ecd8962f0dac53d72c422	len=45;sha=59116038c7933a2d2f10a5b052e4ad78275e52da59ad9b429e6fcc2e799e3494
ooxml/docx/drawing.docx	docx.par.138.inline.13.xml	c-markup-canonical-same	len=619;sha=4793a92e0b7f1866de85ea4aa4a5dc2250b4aaf8788d080cff6b4943734ac438	len=43;sha=756c6d24e22c0c39b9b0989747540426823d8e69944a2134b35cd7b76ec3e76f
ooxml/docx/drawing.docx	docx.par.139.inline.1.xml	c-markup-canonical-same	len=4212;sha=e2b319dd4a99b3faf13401df5a1cb498d65ac95019bbe4a4d5b64482bcf83b18	len=180;sha=a5eec4297e4f8ee88750ff818ecd2bd2d9f01723f2d31a157c98ea83ae9ef05e
ooxml/docx/drawing.docx	docx.par.139.inline.3.xml	c-markup-canonical-same	len=621;sha=30e30d528002749a54c5bece49a3ebc30bd27b88100ecd8962f0dac53d72c422	len=45;sha=59116038c7933a2d2f10a5b052e4ad78275e52da59ad9b429e6fcc2e799e3494
ooxml/docx/drawing.docx	docx.par.139.inline.5.xml	c-markup-canonical-same	len=619;sha=4793a92e0b7f1866de85ea4aa4a5dc2250b4aaf8788d080cff6b4943734ac438	len=43;sha=756c6d24e22c0c39b9b0989747540426823d8e69944a2134b35cd7b76ec3e76f
ooxml/docx/drawing.docx	docx.par.139.inline.7.xml	c-markup-canonical-same	len=621;sha=30e30d528002749a54c5bece49a3ebc30bd27b88100ecd8962f0dac53d72c422	len=45;sha=59116038c7933a2d2f10a5b052e4ad78275e52da59ad9b429e6fcc2e799e3494
ooxml/docx/drawing.docx	docx.par.139.inline.9.xml	c-markup-canonical-same	len=619;sha=4793a92e0b7f1866de85ea4aa4a5dc2250b4aaf8788d080cff6b4943734ac438	len=43;sha=756c6d24e22c0c39b9b0989747540426823d8e69944a2134b35cd7b76ec3e76f
ooxml/docx/drawing.docx	docx.par.139.inline.11.xml	c-markup-canonical-same	len=3113;sha=432061615c34ba757648b3d7b21ac5f77608019aed5b911a1a58d0a9a4451599	len=233;sha=66889ca587f0b5838c23ba7df07256577b2d62c903bb17fb127cd18a9da37b85
ooxml/docx/drawing.docx	docx.par.140.inline.1.xml	c-markup-canonical-same	len=621;sha=30e30d528002749a54c5bece49a3ebc30bd27b88100ecd8962f0dac53d72c422	len=45;sha=59116038c7933a2d2f10a5b052e4ad78275e52da59ad9b429e6fcc2e799e3494
ooxml/docx/drawing.docx	docx.par.140.inline.2.xml	c-markup-canonical-same	len=620;sha=8f5c61949a80cb77060c164a504343955dad55b3e7c566d5190a05ccae62c3ac	len=44;sha=24d5d4f1988da84d4ae8c3f19a734cc04fd0bdbf96dd7503a4f1d6e328cfe1c5
ooxml/docx/drawing.docx	docx.par.140.inline.4.xml	c-markup-canonical-same	len=619;sha=4793a92e0b7f1866de85ea4aa4a5dc2250b4aaf8788d080cff6b4943734ac438	len=43;sha=756c6d24e22c0c39b9b0989747540426823d8e69944a2134b35cd7b76ec3e76f
ooxml/docx/drawing.docx	docx.par.140.inline.5.xml	c-markup-canonical-same	len=618;sha=f74ab4c382911c8d6bd5126bc2b6a29e59756147356619cae3aa6a2d2a486712	len=42;sha=c26240eb89659c453a0c8b96ecfacbd2d93df7ab826227ab28bb5ce621e62941
ooxml/docx/drawing.docx	docx.par.140.inline.7.xml	c-markup-canonical-same	len=621;sha=30e30d528002749a54c5bece49a3ebc30bd27b88100ecd8962f0dac53d72c422	len=45;sha=59116038c7933a2d2f10a5b052e4ad78275e52da59ad9b429e6fcc2e799e3494
ooxml/docx/drawing.docx	docx.par.140.inline.9.xml	c-markup-canonical-same	len=619;sha=4793a92e0b7f1866de85ea4aa4a5dc2250b4aaf8788d080cff6b4943734ac438	len=43;sha=756c6d24e22c0c39b9b0989747540426823d8e69944a2134b35cd7b76ec3e76f
ooxml/docx/drawing.docx	docx.par.142.inline.0.xml	c-markup-canonical-same	len=620;sha=8f5c61949a80cb77060c164a504343955dad55b3e7c566d5190a05ccae62c3ac	len=44;sha=24d5d4f1988da84d4ae8c3f19a734cc04fd0bdbf96dd7503a4f1d6e328cfe1c5
ooxml/docx/drawing.docx	docx.par.142.inline.3.xml	c-markup-canonical-same	len=618;sha=f74ab4c382911c8d6bd5126bc2b6a29e59756147356619cae3aa6a2d2a486712	len=42;sha=c26240eb89659c453a0c8b96ecfacbd2d93df7ab826227ab28bb5ce621e62941
ooxml/docx/drawing.docx	docx.par.142.inline.5.xml	c-markup-canonical-same	len=620;sha=8f5c61949a80cb77060c164a504343955dad55b3e7c566d5190a05ccae62c3ac	len=44;sha=24d5d4f1988da84d4ae8c3f19a734cc04fd0bdbf96dd7503a4f1d6e328cfe1c5
ooxml/docx/drawing.docx	docx.par.142.inline.7.xml	c-markup-canonical-same	len=618;sha=f74ab4c382911c8d6bd5126bc2b6a29e59756147356619cae3aa6a2d2a486712	len=42;sha=c26240eb89659c453a0c8b96ecfacbd2d93df7ab826227ab28bb5ce621e62941
ooxml/docx/drawing.docx	docx.par.142.inline.9.xml	c-markup-canonical-same	len=621;sha=30e30d528002749a54c5bece49a3ebc30bd27b88100ecd8962f0dac53d72c422	len=45;sha=59116038c7933a2d2f10a5b052e4ad78275e52da59ad9b429e6fcc2e799e3494
ooxml/docx/drawing.docx	docx.par.142.inline.11.xml	c-markup-canonical-same	len=619;sha=4793a92e0b7f1866de85ea4aa4a5dc2250b4aaf8788d080cff6b4943734ac438	len=43;sha=756c6d24e22c0c39b9b0989747540426823d8e69944a2134b35cd7b76ec3e76f
ooxml/docx/drawing.docx	docx.par.142.run.1.content.0.xml	c-markup-canonical-same	len=627;sha=75f43db0aea84cb60c09fd34ffa2f0df8166290ce950ee50856987088bbe3491	len=51;sha=c517a498d28f6ce4380975afb31d1f3e1f837e71f8e37fba1991cd6d2f883203
ooxml/docx/drawing.docx	docx.par.143.inline.1.xml	c-markup-canonical-same	len=5390;sha=072c967ac06a8952dcebaaa0d6fc6005dbe3e43eb1884855badc3c4c00c6b5ab	len=206;sha=e832e8469e14d416449d38d4999f06edf9be9843bd5f565c54b89bc97db9c0f9
ooxml/docx/drawing.docx	docx.par.143.inline.3.xml	c-markup-canonical-same	len=621;sha=30e30d528002749a54c5bece49a3ebc30bd27b88100ecd8962f0dac53d72c422	len=45;sha=59116038c7933a2d2f10a5b052e4ad78275e52da59ad9b429e6fcc2e799e3494
ooxml/docx/drawing.docx	docx.par.143.inline.5.xml	c-markup-canonical-same	len=619;sha=4793a92e0b7f1866de85ea4aa4a5dc2250b4aaf8788d080cff6b4943734ac438	len=43;sha=756c6d24e22c0c39b9b0989747540426823d8e69944a2134b35cd7b76ec3e76f
ooxml/docx/drawing.docx	docx.par.143.inline.7.xml	c-markup-canonical-same	len=3094;sha=a80b0be3e1ab5d6bf4d006b3ceabf5aeec6afd1169651780a865b4c7223dd627	len=214;sha=ab7e8c88965a2e199a2746d0d411ca085b0f8d57588f06ef0da8d0157d32a45b
ooxml/docx/drawing.docx	docx.par.143.inline.9.xml	c-markup-canonical-same	len=620;sha=8f5c61949a80cb77060c164a504343955dad55b3e7c566d5190a05ccae62c3ac	len=44;sha=24d5d4f1988da84d4ae8c3f19a734cc04fd0bdbf96dd7503a4f1d6e328cfe1c5
ooxml/docx/drawing.docx	docx.par.143.inline.11.xml	c-markup-canonical-same	len=618;sha=f74ab4c382911c8d6bd5126bc2b6a29e59756147356619cae3aa6a2d2a486712	len=42;sha=c26240eb89659c453a0c8b96ecfacbd2d93df7ab826227ab28bb5ce621e62941
ooxml/docx/drawing.docx	docx.par.143.inline.13.xml	c-markup-canonical-same	len=621;sha=30e30d528002749a54c5bece49a3ebc30bd27b88100ecd8962f0dac53d72c422	len=45;sha=59116038c7933a2d2f10a5b052e4ad78275e52da59ad9b429e6fcc2e799e3494
ooxml/docx/drawing.docx	docx.par.143.inline.15.xml	c-markup-canonical-same	len=619;sha=4793a92e0b7f1866de85ea4aa4a5dc2250b4aaf8788d080cff6b4943734ac438	len=43;sha=756c6d24e22c0c39b9b0989747540426823d8e69944a2134b35cd7b76ec3e76f
ooxml/docx/drawing.docx	docx.par.143.inline.17.xml	c-markup-canonical-same	len=621;sha=30e30d528002749a54c5bece49a3ebc30bd27b88100ecd8962f0dac53d72c422	len=45;sha=59116038c7933a2d2f10a5b052e4ad78275e52da59ad9b429e6fcc2e799e3494
ooxml/docx/drawing.docx	docx.par.143.inline.19.xml	c-markup-canonical-same	len=619;sha=4793a92e0b7f1866de85ea4aa4a5dc2250b4aaf8788d080cff6b4943734ac438	len=43;sha=756c6d24e22c0c39b9b0989747540426823d8e69944a2134b35cd7b76ec3e76f
ooxml/docx/drawing.docx	docx.par.143.inline.21.xml	c-markup-canonical-same	len=621;sha=30e30d528002749a54c5bece49a3ebc30bd27b88100ecd8962f0dac53d72c422	len=45;sha=59116038c7933a2d2f10a5b052e4ad78275e52da59ad9b429e6fcc2e799e3494
ooxml/docx/drawing.docx	docx.par.143.inline.23.xml	c-markup-canonical-same	len=619;sha=4793a92e0b7f1866de85ea4aa4a5dc2250b4aaf8788d080cff6b4943734ac438	len=43;sha=756c6d24e22c0c39b9b0989747540426823d8e69944a2134b35cd7b76ec3e76f
ooxml/docx/drawing.docx	docx.par.143.inline.25.xml	c-markup-canonical-same	len=620;sha=8f5c61949a80cb77060c164a504343955dad55b3e7c566d5190a05ccae62c3ac	len=44;sha=24d5d4f1988da84d4ae8c3f19a734cc04fd0bdbf96dd7503a4f1d6e328cfe1c5
ooxml/docx/drawing.docx	docx.par.143.inline.27.xml	c-markup-canonical-same	len=618;sha=f74ab4c382911c8d6bd5126bc2b6a29e59756147356619cae3aa6a2d2a486712	len=42;sha=c26240eb89659c453a0c8b96ecfacbd2d93df7ab826227ab28bb5ce621e62941
ooxml/docx/drawing.docx	docx.par.143.inline.29.xml	c-markup-canonical-same	len=3094;sha=d2ae55bffa5f815eb976c285c269a8731bda92f679e9b9cb3e51b6378b02fe9a	len=214;sha=4088efa2e2a5fb2c1651d0babb0a5aee64365ddc1e6804614d88651238e99d23
ooxml/docx/drawing.docx	docx.par.144.inline.4.xml	c-markup-canonical-same	len=621;sha=30e30d528002749a54c5bece49a3ebc30bd27b88100ecd8962f0dac53d72c422	len=45;sha=59116038c7933a2d2f10a5b052e4ad78275e52da59ad9b429e6fcc2e799e3494
ooxml/docx/drawing.docx	docx.par.144.inline.6.xml	c-markup-canonical-same	len=619;sha=4793a92e0b7f1866de85ea4aa4a5dc2250b4aaf8788d080cff6b4943734ac438	len=43;sha=756c6d24e22c0c39b9b0989747540426823d8e69944a2134b35cd7b76ec3e76f
ooxml/docx/drawing.docx	docx.par.144.inline.8.xml	c-markup-canonical-same	len=621;sha=30e30d528002749a54c5bece49a3ebc30bd27b88100ecd8962f0dac53d72c422	len=45;sha=59116038c7933a2d2f10a5b052e4ad78275e52da59ad9b429e6fcc2e799e3494
ooxml/docx/drawing.docx	docx.par.144.inline.10.xml	c-markup-canonical-same	len=619;sha=4793a92e0b7f1866de85ea4aa4a5dc2250b4aaf8788d080cff6b4943734ac438	len=43;sha=756c6d24e22c0c39b9b0989747540426823d8e69944a2134b35cd7b76ec3e76f
ooxml/docx/drawing.docx	docx.par.145.inline.2.xml	c-markup-canonical-same	len=4295;sha=5da0dc4aeb1927a0df7a7ba7729967b2db44f7ec52ad0ed27f7ebc988487aff8	len=263;sha=c6f7583fe8c07cf06e1c08aa285db717b731218f13f9fc36abf5247b12bfc5a9
ooxml/docx/drawing.docx	docx.par.145.inline.6.xml	c-markup-canonical-same	len=3207;sha=f5d2fe8da42ae183809e21d9f87001e2b5048dc7c146872fb65bf1c494268714	len=327;sha=40f4a20651caf59acf4e10ada27f9fbfbc746e424d6ca8557bf5eb6c0d2a8161
ooxml/docx/drawing.docx	docx.par.147.inline.1.xml	c-markup-canonical-same	len=621;sha=30e30d528002749a54c5bece49a3ebc30bd27b88100ecd8962f0dac53d72c422	len=45;sha=59116038c7933a2d2f10a5b052e4ad78275e52da59ad9b429e6fcc2e799e3494
ooxml/docx/drawing.docx	docx.par.147.inline.3.xml	c-markup-canonical-same	len=619;sha=4793a92e0b7f1866de85ea4aa4a5dc2250b4aaf8788d080cff6b4943734ac438	len=43;sha=756c6d24e22c0c39b9b0989747540426823d8e69944a2134b35cd7b76ec3e76f
ooxml/docx/drawing.docx	docx.par.149.inline.1.xml	c-markup-canonical-same	len=621;sha=30e30d528002749a54c5bece49a3ebc30bd27b88100ecd8962f0dac53d72c422	len=45;sha=59116038c7933a2d2f10a5b052e4ad78275e52da59ad9b429e6fcc2e799e3494
ooxml/docx/drawing.docx	docx.par.149.inline.3.xml	c-markup-canonical-same	len=619;sha=4793a92e0b7f1866de85ea4aa4a5dc2250b4aaf8788d080cff6b4943734ac438	len=43;sha=756c6d24e22c0c39b9b0989747540426823d8e69944a2134b35cd7b76ec3e76f
ooxml/docx/drawing.docx	docx.par.149.inline.5.xml	c-markup-canonical-same	len=621;sha=30e30d528002749a54c5bece49a3ebc30bd27b88100ecd8962f0dac53d72c422	len=45;sha=59116038c7933a2d2f10a5b052e4ad78275e52da59ad9b429e6fcc2e799e3494
ooxml/docx/drawing.docx	docx.par.149.inline.7.xml	c-markup-canonical-same	len=619;sha=4793a92e0b7f1866de85ea4aa4a5dc2250b4aaf8788d080cff6b4943734ac438	len=43;sha=756c6d24e22c0c39b9b0989747540426823d8e69944a2134b35cd7b76ec3e76f
ooxml/docx/drawing.docx	docx.par.150.inline.1.xml	c-markup-canonical-same	len=621;sha=30e30d528002749a54c5bece49a3ebc30bd27b88100ecd8962f0dac53d72c422	len=45;sha=59116038c7933a2d2f10a5b052e4ad78275e52da59ad9b429e6fcc2e799e3494
ooxml/docx/drawing.docx	docx.par.150.inline.3.xml	c-markup-canonical-same	len=619;sha=4793a92e0b7f1866de85ea4aa4a5dc2250b4aaf8788d080cff6b4943734ac438	len=43;sha=756c6d24e22c0c39b9b0989747540426823d8e69944a2134b35cd7b76ec3e76f
ooxml/docx/drawing.docx	docx.par.150.inline.5.xml	c-markup-canonical-same	len=621;sha=30e30d528002749a54c5bece49a3ebc30bd27b88100ecd8962f0dac53d72c422	len=45;sha=59116038c7933a2d2f10a5b052e4ad78275e52da59ad9b429e6fcc2e799e3494
ooxml/docx/drawing.docx	docx.par.150.inline.7.xml	c-markup-canonical-same	len=619;sha=4793a92e0b7f1866de85ea4aa4a5dc2250b4aaf8788d080cff6b4943734ac438	len=43;sha=756c6d24e22c0c39b9b0989747540426823d8e69944a2134b35cd7b76ec3e76f
ooxml/docx/drawing.docx	docx.par.150.inline.9.xml	c-markup-canonical-same	len=621;sha=30e30d528002749a54c5bece49a3ebc30bd27b88100ecd8962f0dac53d72c422	len=45;sha=59116038c7933a2d2f10a5b052e4ad78275e52da59ad9b429e6fcc2e799e3494
ooxml/docx/drawing.docx	docx.par.150.inline.11.xml	c-markup-canonical-same	len=619;sha=4793a92e0b7f1866de85ea4aa4a5dc2250b4aaf8788d080cff6b4943734ac438	len=43;sha=756c6d24e22c0c39b9b0989747540426823d8e69944a2134b35cd7b76ec3e76f
ooxml/docx/drawing.docx	docx.par.150.inline.13.xml	c-markup-canonical-same	len=621;sha=30e30d528002749a54c5bece49a3ebc30bd27b88100ecd8962f0dac53d72c422	len=45;sha=59116038c7933a2d2f10a5b052e4ad78275e52da59ad9b429e6fcc2e799e3494
ooxml/docx/drawing.docx	docx.par.150.inline.15.xml	c-markup-canonical-same	len=619;sha=4793a92e0b7f1866de85ea4aa4a5dc2250b4aaf8788d080cff6b4943734ac438	len=43;sha=756c6d24e22c0c39b9b0989747540426823d8e69944a2134b35cd7b76ec3e76f
ooxml/docx/drawing.docx	docx.par.150.inline.18.xml	c-markup-canonical-same	len=621;sha=30e30d528002749a54c5bece49a3ebc30bd27b88100ecd8962f0dac53d72c422	len=45;sha=59116038c7933a2d2f10a5b052e4ad78275e52da59ad9b429e6fcc2e799e3494
ooxml/docx/drawing.docx	docx.par.150.inline.19.xml	c-markup-canonical-same	len=620;sha=8f5c61949a80cb77060c164a504343955dad55b3e7c566d5190a05ccae62c3ac	len=44;sha=24d5d4f1988da84d4ae8c3f19a734cc04fd0bdbf96dd7503a4f1d6e328cfe1c5
ooxml/docx/drawing.docx	docx.par.150.inline.21.xml	c-markup-canonical-same	len=619;sha=4793a92e0b7f1866de85ea4aa4a5dc2250b4aaf8788d080cff6b4943734ac438	len=43;sha=756c6d24e22c0c39b9b0989747540426823d8e69944a2134b35cd7b76ec3e76f
ooxml/docx/drawing.docx	docx.par.150.inline.22.xml	c-markup-canonical-same	len=618;sha=f74ab4c382911c8d6bd5126bc2b6a29e59756147356619cae3aa6a2d2a486712	len=42;sha=c26240eb89659c453a0c8b96ecfacbd2d93df7ab826227ab28bb5ce621e62941
ooxml/docx/drawing.docx	docx.par.151.inline.1.xml	c-markup-canonical-same	len=621;sha=30e30d528002749a54c5bece49a3ebc30bd27b88100ecd8962f0dac53d72c422	len=45;sha=59116038c7933a2d2f10a5b052e4ad78275e52da59ad9b429e6fcc2e799e3494
ooxml/docx/drawing.docx	docx.par.151.inline.3.xml	c-markup-canonical-same	len=619;sha=4793a92e0b7f1866de85ea4aa4a5dc2250b4aaf8788d080cff6b4943734ac438	len=43;sha=756c6d24e22c0c39b9b0989747540426823d8e69944a2134b35cd7b76ec3e76f
ooxml/docx/drawing.docx	docx.par.151.inline.5.xml	c-markup-canonical-same	len=621;sha=30e30d528002749a54c5bece49a3ebc30bd27b88100ecd8962f0dac53d72c422	len=45;sha=59116038c7933a2d2f10a5b052e4ad78275e52da59ad9b429e6fcc2e799e3494
ooxml/docx/drawing.docx	docx.par.151.inline.7.xml	c-markup-canonical-same	len=619;sha=4793a92e0b7f1866de85ea4aa4a5dc2250b4aaf8788d080cff6b4943734ac438	len=43;sha=756c6d24e22c0c39b9b0989747540426823d8e69944a2134b35cd7b76ec3e76f
ooxml/docx/drawing.docx	docx.par.151.inline.9.xml	c-markup-canonical-same	len=621;sha=30e30d528002749a54c5bece49a3ebc30bd27b88100ecd8962f0dac53d72c422	len=45;sha=59116038c7933a2d2f10a5b052e4ad78275e52da59ad9b429e6fcc2e799e3494
ooxml/docx/drawing.docx	docx.par.151.inline.11.xml	c-markup-canonical-same	len=619;sha=4793a92e0b7f1866de85ea4aa4a5dc2250b4aaf8788d080cff6b4943734ac438	len=43;sha=756c6d24e22c0c39b9b0989747540426823d8e69944a2134b35cd7b76ec3e76f
ooxml/docx/drawing.docx	docx.par.153.inline.1.xml	c-markup-canonical-same	len=621;sha=30e30d528002749a54c5bece49a3ebc30bd27b88100ecd8962f0dac53d72c422	len=45;sha=59116038c7933a2d2f10a5b052e4ad78275e52da59ad9b429e6fcc2e799e3494
ooxml/docx/drawing.docx	docx.par.153.inline.3.xml	c-markup-canonical-same	len=619;sha=4793a92e0b7f1866de85ea4aa4a5dc2250b4aaf8788d080cff6b4943734ac438	len=43;sha=756c6d24e22c0c39b9b0989747540426823d8e69944a2134b35cd7b76ec3e76f
ooxml/docx/drawing.docx	docx.par.153.inline.5.xml	c-markup-canonical-same	len=621;sha=30e30d528002749a54c5bece49a3ebc30bd27b88100ecd8962f0dac53d72c422	len=45;sha=59116038c7933a2d2f10a5b052e4ad78275e52da59ad9b429e6fcc2e799e3494
ooxml/docx/drawing.docx	docx.par.153.inline.7.xml	c-markup-canonical-same	len=619;sha=4793a92e0b7f1866de85ea4aa4a5dc2250b4aaf8788d080cff6b4943734ac438	len=43;sha=756c6d24e22c0c39b9b0989747540426823d8e69944a2134b35cd7b76ec3e76f
ooxml/docx/drawing.docx	docx.par.153.run.5.content.0.xml	c-markup-canonical-same	len=627;sha=75f43db0aea84cb60c09fd34ffa2f0df8166290ce950ee50856987088bbe3491	len=51;sha=c517a498d28f6ce4380975afb31d1f3e1f837e71f8e37fba1991cd6d2f883203
ooxml/docx/drawing.docx	docx.par.154.inline.3.xml	c-markup-canonical-same	len=621;sha=30e30d528002749a54c5bece49a3ebc30bd27b88100ecd8962f0dac53d72c422	len=45;sha=59116038c7933a2d2f10a5b052e4ad78275e52da59ad9b429e6fcc2e799e3494
ooxml/docx/drawing.docx	docx.par.154.inline.5.xml	c-markup-canonical-same	len=619;sha=4793a92e0b7f1866de85ea4aa4a5dc2250b4aaf8788d080cff6b4943734ac438	len=43;sha=756c6d24e22c0c39b9b0989747540426823d8e69944a2134b35cd7b76ec3e76f
ooxml/docx/drawing.docx	docx.par.154.inline.7.xml	c-markup-canonical-same	len=621;sha=30e30d528002749a54c5bece49a3ebc30bd27b88100ecd8962f0dac53d72c422	len=45;sha=59116038c7933a2d2f10a5b052e4ad78275e52da59ad9b429e6fcc2e799e3494
ooxml/docx/drawing.docx	docx.par.154.inline.9.xml	c-markup-canonical-same	len=619;sha=4793a92e0b7f1866de85ea4aa4a5dc2250b4aaf8788d080cff6b4943734ac438	len=43;sha=756c6d24e22c0c39b9b0989747540426823d8e69944a2134b35cd7b76ec3e76f
ooxml/docx/drawing.docx	docx.par.154.inline.13.xml	c-markup-canonical-same	len=621;sha=30e30d528002749a54c5bece49a3ebc30bd27b88100ecd8962f0dac53d72c422	len=45;sha=59116038c7933a2d2f10a5b052e4ad78275e52da59ad9b429e6fcc2e799e3494
ooxml/docx/drawing.docx	docx.par.154.inline.15.xml	c-markup-canonical-same	len=619;sha=4793a92e0b7f1866de85ea4aa4a5dc2250b4aaf8788d080cff6b4943734ac438	len=43;sha=756c6d24e22c0c39b9b0989747540426823d8e69944a2134b35cd7b76ec3e76f
ooxml/docx/drawing.docx	docx.par.155.inline.3.xml	c-markup-canonical-same	len=621;sha=30e30d528002749a54c5bece49a3ebc30bd27b88100ecd8962f0dac53d72c422	len=45;sha=59116038c7933a2d2f10a5b052e4ad78275e52da59ad9b429e6fcc2e799e3494
ooxml/docx/drawing.docx	docx.par.155.inline.5.xml	c-markup-canonical-same	len=619;sha=4793a92e0b7f1866de85ea4aa4a5dc2250b4aaf8788d080cff6b4943734ac438	len=43;sha=756c6d24e22c0c39b9b0989747540426823d8e69944a2134b35cd7b76ec3e76f
ooxml/docx/drawing.docx	docx.par.155.inline.7.xml	c-markup-canonical-same	len=621;sha=30e30d528002749a54c5bece49a3ebc30bd27b88100ecd8962f0dac53d72c422	len=45;sha=59116038c7933a2d2f10a5b052e4ad78275e52da59ad9b429e6fcc2e799e3494
ooxml/docx/drawing.docx	docx.par.155.inline.9.xml	c-markup-canonical-same	len=619;sha=4793a92e0b7f1866de85ea4aa4a5dc2250b4aaf8788d080cff6b4943734ac438	len=43;sha=756c6d24e22c0c39b9b0989747540426823d8e69944a2134b35cd7b76ec3e76f
ooxml/docx/drawing.docx	docx.par.156.inline.1.xml	c-markup-canonical-same	len=621;sha=30e30d528002749a54c5bece49a3ebc30bd27b88100ecd8962f0dac53d72c422	len=45;sha=59116038c7933a2d2f10a5b052e4ad78275e52da59ad9b429e6fcc2e799e3494
ooxml/docx/drawing.docx	docx.par.156.inline.2.xml	c-markup-canonical-same	len=620;sha=8f5c61949a80cb77060c164a504343955dad55b3e7c566d5190a05ccae62c3ac	len=44;sha=24d5d4f1988da84d4ae8c3f19a734cc04fd0bdbf96dd7503a4f1d6e328cfe1c5
ooxml/docx/drawing.docx	docx.par.156.inline.4.xml	c-markup-canonical-same	len=619;sha=4793a92e0b7f1866de85ea4aa4a5dc2250b4aaf8788d080cff6b4943734ac438	len=43;sha=756c6d24e22c0c39b9b0989747540426823d8e69944a2134b35cd7b76ec3e76f
ooxml/docx/drawing.docx	docx.par.156.inline.5.xml	c-markup-canonical-same	len=618;sha=f74ab4c382911c8d6bd5126bc2b6a29e59756147356619cae3aa6a2d2a486712	len=42;sha=c26240eb89659c453a0c8b96ecfacbd2d93df7ab826227ab28bb5ce621e62941
ooxml/docx/drawing.docx	docx.par.156.inline.7.xml	c-markup-canonical-same	len=621;sha=30e30d528002749a54c5bece49a3ebc30bd27b88100ecd8962f0dac53d72c422	len=45;sha=59116038c7933a2d2f10a5b052e4ad78275e52da59ad9b429e6fcc2e799e3494
ooxml/docx/drawing.docx	docx.par.156.inline.9.xml	c-markup-canonical-same	len=619;sha=4793a92e0b7f1866de85ea4aa4a5dc2250b4aaf8788d080cff6b4943734ac438	len=43;sha=756c6d24e22c0c39b9b0989747540426823d8e69944a2134b35cd7b76ec3e76f
ooxml/docx/drawing.docx	docx.par.158.inline.0.xml	c-markup-canonical-same	len=620;sha=8f5c61949a80cb77060c164a504343955dad55b3e7c566d5190a05ccae62c3ac	len=44;sha=24d5d4f1988da84d4ae8c3f19a734cc04fd0bdbf96dd7503a4f1d6e328cfe1c5
ooxml/docx/drawing.docx	docx.par.158.inline.2.xml	c-markup-canonical-same	len=618;sha=f74ab4c382911c8d6bd5126bc2b6a29e59756147356619cae3aa6a2d2a486712	len=42;sha=c26240eb89659c453a0c8b96ecfacbd2d93df7ab826227ab28bb5ce621e62941
ooxml/docx/drawing.docx	docx.par.158.inline.4.xml	c-markup-canonical-same	len=620;sha=8f5c61949a80cb77060c164a504343955dad55b3e7c566d5190a05ccae62c3ac	len=44;sha=24d5d4f1988da84d4ae8c3f19a734cc04fd0bdbf96dd7503a4f1d6e328cfe1c5
ooxml/docx/drawing.docx	docx.par.158.inline.6.xml	c-markup-canonical-same	len=618;sha=f74ab4c382911c8d6bd5126bc2b6a29e59756147356619cae3aa6a2d2a486712	len=42;sha=c26240eb89659c453a0c8b96ecfacbd2d93df7ab826227ab28bb5ce621e62941
ooxml/docx/drawing.docx	docx.par.158.inline.8.xml	c-markup-canonical-same	len=621;sha=30e30d528002749a54c5bece49a3ebc30bd27b88100ecd8962f0dac53d72c422	len=45;sha=59116038c7933a2d2f10a5b052e4ad78275e52da59ad9b429e6fcc2e799e3494
ooxml/docx/drawing.docx	docx.par.158.inline.10.xml	c-markup-canonical-same	len=619;sha=4793a92e0b7f1866de85ea4aa4a5dc2250b4aaf8788d080cff6b4943734ac438	len=43;sha=756c6d24e22c0c39b9b0989747540426823d8e69944a2134b35cd7b76ec3e76f
ooxml/docx/drawing.docx	docx.par.159.inline.3.xml	c-markup-canonical-same	len=621;sha=30e30d528002749a54c5bece49a3ebc30bd27b88100ecd8962f0dac53d72c422	len=45;sha=59116038c7933a2d2f10a5b052e4ad78275e52da59ad9b429e6fcc2e799e3494
ooxml/docx/drawing.docx	docx.par.159.inline.5.xml	c-markup-canonical-same	len=619;sha=4793a92e0b7f1866de85ea4aa4a5dc2250b4aaf8788d080cff6b4943734ac438	len=43;sha=756c6d24e22c0c39b9b0989747540426823d8e69944a2134b35cd7b76ec3e76f
ooxml/docx/drawing.docx	docx.par.159.inline.7.xml	c-markup-canonical-same	len=3094;sha=a80b0be3e1ab5d6bf4d006b3ceabf5aeec6afd1169651780a865b4c7223dd627	len=214;sha=ab7e8c88965a2e199a2746d0d411ca085b0f8d57588f06ef0da8d0157d32a45b
ooxml/docx/drawing.docx	docx.par.159.inline.9.xml	c-markup-canonical-same	len=620;sha=8f5c61949a80cb77060c164a504343955dad55b3e7c566d5190a05ccae62c3ac	len=44;sha=24d5d4f1988da84d4ae8c3f19a734cc04fd0bdbf96dd7503a4f1d6e328cfe1c5
ooxml/docx/drawing.docx	docx.par.159.inline.11.xml	c-markup-canonical-same	len=618;sha=f74ab4c382911c8d6bd5126bc2b6a29e59756147356619cae3aa6a2d2a486712	len=42;sha=c26240eb89659c453a0c8b96ecfacbd2d93df7ab826227ab28bb5ce621e62941
ooxml/docx/drawing.docx	docx.par.159.inline.13.xml	c-markup-canonical-same	len=621;sha=30e30d528002749a54c5bece49a3ebc30bd27b88100ecd8962f0dac53d72c422	len=45;sha=59116038c7933a2d2f10a5b052e4ad78275e52da59ad9b429e6fcc2e799e3494
ooxml/docx/drawing.docx	docx.par.159.inline.15.xml	c-markup-canonical-same	len=619;sha=4793a92e0b7f1866de85ea4aa4a5dc2250b4aaf8788d080cff6b4943734ac438	len=43;sha=756c6d24e22c0c39b9b0989747540426823d8e69944a2134b35cd7b76ec3e76f
ooxml/docx/drawing.docx	docx.par.159.inline.17.xml	c-markup-canonical-same	len=621;sha=30e30d528002749a54c5bece49a3ebc30bd27b88100ecd8962f0dac53d72c422	len=45;sha=59116038c7933a2d2f10a5b052e4ad78275e52da59ad9b429e6fcc2e799e3494
ooxml/docx/drawing.docx	docx.par.159.inline.19.xml	c-markup-canonical-same	len=619;sha=4793a92e0b7f1866de85ea4aa4a5dc2250b4aaf8788d080cff6b4943734ac438	len=43;sha=756c6d24e22c0c39b9b0989747540426823d8e69944a2134b35cd7b76ec3e76f
ooxml/docx/drawing.docx	docx.par.159.inline.21.xml	c-markup-canonical-same	len=621;sha=30e30d528002749a54c5bece49a3ebc30bd27b88100ecd8962f0dac53d72c422	len=45;sha=59116038c7933a2d2f10a5b052e4ad78275e52da59ad9b429e6fcc2e799e3494
ooxml/docx/drawing.docx	docx.par.159.inline.23.xml	c-markup-canonical-same	len=619;sha=4793a92e0b7f1866de85ea4aa4a5dc2250b4aaf8788d080cff6b4943734ac438	len=43;sha=756c6d24e22c0c39b9b0989747540426823d8e69944a2134b35cd7b76ec3e76f
ooxml/docx/drawing.docx	docx.par.159.inline.25.xml	c-markup-canonical-same	len=620;sha=8f5c61949a80cb77060c164a504343955dad55b3e7c566d5190a05ccae62c3ac	len=44;sha=24d5d4f1988da84d4ae8c3f19a734cc04fd0bdbf96dd7503a4f1d6e328cfe1c5
ooxml/docx/drawing.docx	docx.par.159.inline.27.xml	c-markup-canonical-same	len=618;sha=f74ab4c382911c8d6bd5126bc2b6a29e59756147356619cae3aa6a2d2a486712	len=42;sha=c26240eb89659c453a0c8b96ecfacbd2d93df7ab826227ab28bb5ce621e62941
ooxml/docx/drawing.docx	docx.par.159.inline.29.xml	c-markup-canonical-same	len=3094;sha=d2ae55bffa5f815eb976c285c269a8731bda92f679e9b9cb3e51b6378b02fe9a	len=214;sha=4088efa2e2a5fb2c1651d0babb0a5aee64365ddc1e6804614d88651238e99d23
ooxml/docx/drawing.docx	docx.par.160.inline.4.xml	c-markup-canonical-same	len=621;sha=30e30d528002749a54c5bece49a3ebc30bd27b88100ecd8962f0dac53d72c422	len=45;sha=59116038c7933a2d2f10a5b052e4ad78275e52da59ad9b429e6fcc2e799e3494
ooxml/docx/drawing.docx	docx.par.160.inline.6.xml	c-markup-canonical-same	len=619;sha=4793a92e0b7f1866de85ea4aa4a5dc2250b4aaf8788d080cff6b4943734ac438	len=43;sha=756c6d24e22c0c39b9b0989747540426823d8e69944a2134b35cd7b76ec3e76f
ooxml/docx/drawing.docx	docx.par.160.inline.8.xml	c-markup-canonical-same	len=621;sha=30e30d528002749a54c5bece49a3ebc30bd27b88100ecd8962f0dac53d72c422	len=45;sha=59116038c7933a2d2f10a5b052e4ad78275e52da59ad9b429e6fcc2e799e3494
ooxml/docx/drawing.docx	docx.par.160.inline.10.xml	c-markup-canonical-same	len=619;sha=4793a92e0b7f1866de85ea4aa4a5dc2250b4aaf8788d080cff6b4943734ac438	len=43;sha=756c6d24e22c0c39b9b0989747540426823d8e69944a2134b35cd7b76ec3e76f
ooxml/docx/drawing.docx	docx.par.160.run.0.content.0.xml	c-markup-canonical-same	len=627;sha=75f43db0aea84cb60c09fd34ffa2f0df8166290ce950ee50856987088bbe3491	len=51;sha=c517a498d28f6ce4380975afb31d1f3e1f837e71f8e37fba1991cd6d2f883203
ooxml/docx/drawing.docx	docx.par.161.inline.2.xml	c-markup-canonical-same	len=4295;sha=5da0dc4aeb1927a0df7a7ba7729967b2db44f7ec52ad0ed27f7ebc988487aff8	len=263;sha=c6f7583fe8c07cf06e1c08aa285db717b731218f13f9fc36abf5247b12bfc5a9
ooxml/docx/drawing.docx	docx.par.161.inline.7.xml	c-markup-canonical-same	len=634;sha=ee1d1792a341c408730b95216fddcedee4ef08af6fb68c33829e45799211dcac	len=58;sha=9403aaae68a1ce63c7d6bc2d65d98134e0140fd60b8b127c4225e87b686ac20b
ooxml/docx/drawing.docx	docx.par.161.inline.8.xml	c-markup-canonical-same	len=616;sha=0cbff0e5d3a31fc89e7441d6a5da044d61b359de8ea70cfd394e2634977c53e7	len=40;sha=3c9ca5657f8cf78835b65a55b64fe233571d32430ebdb63afdb89063ca30da86
ooxml/docx/drawing.docx	docx.par.162.inline.1.xml	c-markup-canonical-same	len=621;sha=30e30d528002749a54c5bece49a3ebc30bd27b88100ecd8962f0dac53d72c422	len=45;sha=59116038c7933a2d2f10a5b052e4ad78275e52da59ad9b429e6fcc2e799e3494
ooxml/docx/drawing.docx	docx.par.162.inline.3.xml	c-markup-canonical-same	len=619;sha=4793a92e0b7f1866de85ea4aa4a5dc2250b4aaf8788d080cff6b4943734ac438	len=43;sha=756c6d24e22c0c39b9b0989747540426823d8e69944a2134b35cd7b76ec3e76f
ooxml/docx/drawing.docx	docx.par.162.inline.9.xml	c-markup-canonical-same	len=621;sha=30e30d528002749a54c5bece49a3ebc30bd27b88100ecd8962f0dac53d72c422	len=45;sha=59116038c7933a2d2f10a5b052e4ad78275e52da59ad9b429e6fcc2e799e3494
ooxml/docx/drawing.docx	docx.par.162.inline.11.xml	c-markup-canonical-same	len=619;sha=4793a92e0b7f1866de85ea4aa4a5dc2250b4aaf8788d080cff6b4943734ac438	len=43;sha=756c6d24e22c0c39b9b0989747540426823d8e69944a2134b35cd7b76ec3e76f
ooxml/docx/drawing.docx	docx.par.163.inline.6.xml	c-markup-canonical-same	len=621;sha=30e30d528002749a54c5bece49a3ebc30bd27b88100ecd8962f0dac53d72c422	len=45;sha=59116038c7933a2d2f10a5b052e4ad78275e52da59ad9b429e6fcc2e799e3494
ooxml/docx/drawing.docx	docx.par.163.inline.8.xml	c-markup-canonical-same	len=619;sha=4793a92e0b7f1866de85ea4aa4a5dc2250b4aaf8788d080cff6b4943734ac438	len=43;sha=756c6d24e22c0c39b9b0989747540426823d8e69944a2134b35cd7b76ec3e76f
ooxml/docx/drawing.docx	docx.par.164.inline.1.xml	c-markup-canonical-same	len=621;sha=30e30d528002749a54c5bece49a3ebc30bd27b88100ecd8962f0dac53d72c422	len=45;sha=59116038c7933a2d2f10a5b052e4ad78275e52da59ad9b429e6fcc2e799e3494
ooxml/docx/drawing.docx	docx.par.164.inline.3.xml	c-markup-canonical-same	len=619;sha=4793a92e0b7f1866de85ea4aa4a5dc2250b4aaf8788d080cff6b4943734ac438	len=43;sha=756c6d24e22c0c39b9b0989747540426823d8e69944a2134b35cd7b76ec3e76f
ooxml/docx/drawing.docx	docx.par.165.inline.1.xml	c-markup-canonical-same	len=620;sha=8f5c61949a80cb77060c164a504343955dad55b3e7c566d5190a05ccae62c3ac	len=44;sha=24d5d4f1988da84d4ae8c3f19a734cc04fd0bdbf96dd7503a4f1d6e328cfe1c5
ooxml/docx/drawing.docx	docx.par.165.inline.3.xml	c-markup-canonical-same	len=618;sha=f74ab4c382911c8d6bd5126bc2b6a29e59756147356619cae3aa6a2d2a486712	len=42;sha=c26240eb89659c453a0c8b96ecfacbd2d93df7ab826227ab28bb5ce621e62941
ooxml/docx/drawing.docx	docx.par.165.inline.5.xml	c-markup-canonical-same	len=621;sha=30e30d528002749a54c5bece49a3ebc30bd27b88100ecd8962f0dac53d72c422	len=45;sha=59116038c7933a2d2f10a5b052e4ad78275e52da59ad9b429e6fcc2e799e3494
ooxml/docx/drawing.docx	docx.par.165.inline.7.xml	c-markup-canonical-same	len=619;sha=4793a92e0b7f1866de85ea4aa4a5dc2250b4aaf8788d080cff6b4943734ac438	len=43;sha=756c6d24e22c0c39b9b0989747540426823d8e69944a2134b35cd7b76ec3e76f
ooxml/docx/drawing.docx	docx.par.166.inline.1.xml	c-markup-canonical-same	len=621;sha=30e30d528002749a54c5bece49a3ebc30bd27b88100ecd8962f0dac53d72c422	len=45;sha=59116038c7933a2d2f10a5b052e4ad78275e52da59ad9b429e6fcc2e799e3494
ooxml/docx/drawing.docx	docx.par.166.inline.3.xml	c-markup-canonical-same	len=619;sha=4793a92e0b7f1866de85ea4aa4a5dc2250b4aaf8788d080cff6b4943734ac438	len=43;sha=756c6d24e22c0c39b9b0989747540426823d8e69944a2134b35cd7b76ec3e76f
ooxml/docx/drawing.docx	docx.par.166.inline.5.xml	c-markup-canonical-same	len=620;sha=8f5c61949a80cb77060c164a504343955dad55b3e7c566d5190a05ccae62c3ac	len=44;sha=24d5d4f1988da84d4ae8c3f19a734cc04fd0bdbf96dd7503a4f1d6e328cfe1c5
ooxml/docx/drawing.docx	docx.par.166.inline.7.xml	c-markup-canonical-same	len=618;sha=f74ab4c382911c8d6bd5126bc2b6a29e59756147356619cae3aa6a2d2a486712	len=42;sha=c26240eb89659c453a0c8b96ecfacbd2d93df7ab826227ab28bb5ce621e62941
ooxml/docx/drawing.docx	docx.par.166.inline.9.xml	c-markup-canonical-same	len=634;sha=c383e35ae5e1d8df9f93464cb39b41d3ad52df64e99fcb53e71f88726026225e	len=58;sha=bc8c8c132bef35725b858818047e5af501fde237493a1968696534299b830320
ooxml/docx/drawing.docx	docx.par.166.inline.10.xml	c-markup-canonical-same	len=616;sha=d31913efc24f952bdf0bc598da15b07f4c788c24e936770284e5b65c07690833	len=40;sha=8f7ed01a3d0920a82c9ecf7fb344d18e58a24d8fa6396d75eae29d20c00eeba9
ooxml/docx/drawing.docx	docx.par.167.inline.2.xml	c-markup-canonical-same	len=621;sha=30e30d528002749a54c5bece49a3ebc30bd27b88100ecd8962f0dac53d72c422	len=45;sha=59116038c7933a2d2f10a5b052e4ad78275e52da59ad9b429e6fcc2e799e3494
ooxml/docx/drawing.docx	docx.par.167.inline.4.xml	c-markup-canonical-same	len=619;sha=4793a92e0b7f1866de85ea4aa4a5dc2250b4aaf8788d080cff6b4943734ac438	len=43;sha=756c6d24e22c0c39b9b0989747540426823d8e69944a2134b35cd7b76ec3e76f
ooxml/docx/drawing.docx	docx.par.167.inline.8.xml	c-markup-canonical-same	len=621;sha=30e30d528002749a54c5bece49a3ebc30bd27b88100ecd8962f0dac53d72c422	len=45;sha=59116038c7933a2d2f10a5b052e4ad78275e52da59ad9b429e6fcc2e799e3494
ooxml/docx/drawing.docx	docx.par.167.inline.10.xml	c-markup-canonical-same	len=619;sha=4793a92e0b7f1866de85ea4aa4a5dc2250b4aaf8788d080cff6b4943734ac438	len=43;sha=756c6d24e22c0c39b9b0989747540426823d8e69944a2134b35cd7b76ec3e76f
ooxml/docx/drawing.docx	docx.par.167.inline.12.xml	c-markup-canonical-same	len=621;sha=30e30d528002749a54c5bece49a3ebc30bd27b88100ecd8962f0dac53d72c422	len=45;sha=59116038c7933a2d2f10a5b052e4ad78275e52da59ad9b429e6fcc2e799e3494
ooxml/docx/drawing.docx	docx.par.167.inline.14.xml	c-markup-canonical-same	len=619;sha=4793a92e0b7f1866de85ea4aa4a5dc2250b4aaf8788d080cff6b4943734ac438	len=43;sha=756c6d24e22c0c39b9b0989747540426823d8e69944a2134b35cd7b76ec3e76f
ooxml/docx/drawing.docx	docx.par.168.inline.1.xml	c-markup-canonical-same	len=621;sha=30e30d528002749a54c5bece49a3ebc30bd27b88100ecd8962f0dac53d72c422	len=45;sha=59116038c7933a2d2f10a5b052e4ad78275e52da59ad9b429e6fcc2e799e3494
ooxml/docx/drawing.docx	docx.par.168.inline.3.xml	c-markup-canonical-same	len=619;sha=4793a92e0b7f1866de85ea4aa4a5dc2250b4aaf8788d080cff6b4943734ac438	len=43;sha=756c6d24e22c0c39b9b0989747540426823d8e69944a2134b35cd7b76ec3e76f
ooxml/docx/drawing.docx	docx.par.168.inline.5.xml	c-markup-canonical-same	len=621;sha=30e30d528002749a54c5bece49a3ebc30bd27b88100ecd8962f0dac53d72c422	len=45;sha=59116038c7933a2d2f10a5b052e4ad78275e52da59ad9b429e6fcc2e799e3494
ooxml/docx/drawing.docx	docx.par.168.inline.7.xml	c-markup-canonical-same	len=619;sha=4793a92e0b7f1866de85ea4aa4a5dc2250b4aaf8788d080cff6b4943734ac438	len=43;sha=756c6d24e22c0c39b9b0989747540426823d8e69944a2134b35cd7b76ec3e76f
ooxml/docx/drawing.docx	docx.par.168.inline.9.xml	c-markup-canonical-same	len=621;sha=30e30d528002749a54c5bece49a3ebc30bd27b88100ecd8962f0dac53d72c422	len=45;sha=59116038c7933a2d2f10a5b052e4ad78275e52da59ad9b429e6fcc2e799e3494
ooxml/docx/drawing.docx	docx.par.168.inline.11.xml	c-markup-canonical-same	len=619;sha=4793a92e0b7f1866de85ea4aa4a5dc2250b4aaf8788d080cff6b4943734ac438	len=43;sha=756c6d24e22c0c39b9b0989747540426823d8e69944a2134b35cd7b76ec3e76f
ooxml/docx/drawing.docx	docx.par.168.inline.13.xml	c-markup-canonical-same	len=621;sha=30e30d528002749a54c5bece49a3ebc30bd27b88100ecd8962f0dac53d72c422	len=45;sha=59116038c7933a2d2f10a5b052e4ad78275e52da59ad9b429e6fcc2e799e3494
ooxml/docx/drawing.docx	docx.par.168.inline.15.xml	c-markup-canonical-same	len=619;sha=4793a92e0b7f1866de85ea4aa4a5dc2250b4aaf8788d080cff6b4943734ac438	len=43;sha=756c6d24e22c0c39b9b0989747540426823d8e69944a2134b35cd7b76ec3e76f
ooxml/docx/drawing.docx	docx.par.168.inline.17.xml	c-markup-canonical-same	len=621;sha=30e30d528002749a54c5bece49a3ebc30bd27b88100ecd8962f0dac53d72c422	len=45;sha=59116038c7933a2d2f10a5b052e4ad78275e52da59ad9b429e6fcc2e799e3494
ooxml/docx/drawing.docx	docx.par.168.inline.19.xml	c-markup-canonical-same	len=619;sha=4793a92e0b7f1866de85ea4aa4a5dc2250b4aaf8788d080cff6b4943734ac438	len=43;sha=756c6d24e22c0c39b9b0989747540426823d8e69944a2134b35cd7b76ec3e76f
ooxml/docx/drawing.docx	docx.par.168.inline.21.xml	c-markup-canonical-same	len=621;sha=30e30d528002749a54c5bece49a3ebc30bd27b88100ecd8962f0dac53d72c422	len=45;sha=59116038c7933a2d2f10a5b052e4ad78275e52da59ad9b429e6fcc2e799e3494
ooxml/docx/drawing.docx	docx.par.168.inline.23.xml	c-markup-canonical-same	len=619;sha=4793a92e0b7f1866de85ea4aa4a5dc2250b4aaf8788d080cff6b4943734ac438	len=43;sha=756c6d24e22c0c39b9b0989747540426823d8e69944a2134b35cd7b76ec3e76f
ooxml/docx/drawing.docx	docx.par.168.inline.26.xml	c-markup-canonical-same	len=621;sha=30e30d528002749a54c5bece49a3ebc30bd27b88100ecd8962f0dac53d72c422	len=45;sha=59116038c7933a2d2f10a5b052e4ad78275e52da59ad9b429e6fcc2e799e3494
ooxml/docx/drawing.docx	docx.par.168.inline.27.xml	c-markup-canonical-same	len=620;sha=8f5c61949a80cb77060c164a504343955dad55b3e7c566d5190a05ccae62c3ac	len=44;sha=24d5d4f1988da84d4ae8c3f19a734cc04fd0bdbf96dd7503a4f1d6e328cfe1c5
ooxml/docx/drawing.docx	docx.par.168.inline.29.xml	c-markup-canonical-same	len=618;sha=f74ab4c382911c8d6bd5126bc2b6a29e59756147356619cae3aa6a2d2a486712	len=42;sha=c26240eb89659c453a0c8b96ecfacbd2d93df7ab826227ab28bb5ce621e62941
ooxml/docx/drawing.docx	docx.par.168.inline.31.xml	c-markup-canonical-same	len=619;sha=4793a92e0b7f1866de85ea4aa4a5dc2250b4aaf8788d080cff6b4943734ac438	len=43;sha=756c6d24e22c0c39b9b0989747540426823d8e69944a2134b35cd7b76ec3e76f
ooxml/docx/drawing.docx	docx.par.168.inline.38.xml	c-markup-canonical-same	len=621;sha=30e30d528002749a54c5bece49a3ebc30bd27b88100ecd8962f0dac53d72c422	len=45;sha=59116038c7933a2d2f10a5b052e4ad78275e52da59ad9b429e6fcc2e799e3494
ooxml/docx/drawing.docx	docx.par.168.inline.40.xml	c-markup-canonical-same	len=619;sha=4793a92e0b7f1866de85ea4aa4a5dc2250b4aaf8788d080cff6b4943734ac438	len=43;sha=756c6d24e22c0c39b9b0989747540426823d8e69944a2134b35cd7b76ec3e76f
ooxml/docx/drawing.docx	docx.par.168.inline.43.xml	c-markup-canonical-same	len=621;sha=30e30d528002749a54c5bece49a3ebc30bd27b88100ecd8962f0dac53d72c422	len=45;sha=59116038c7933a2d2f10a5b052e4ad78275e52da59ad9b429e6fcc2e799e3494
ooxml/docx/drawing.docx	docx.par.168.inline.45.xml	c-markup-canonical-same	len=619;sha=4793a92e0b7f1866de85ea4aa4a5dc2250b4aaf8788d080cff6b4943734ac438	len=43;sha=756c6d24e22c0c39b9b0989747540426823d8e69944a2134b35cd7b76ec3e76f
ooxml/docx/drawing.docx	docx.par.168.run.13.content.0.xml	c-markup-canonical-same	len=627;sha=75f43db0aea84cb60c09fd34ffa2f0df8166290ce950ee50856987088bbe3491	len=51;sha=c517a498d28f6ce4380975afb31d1f3e1f837e71f8e37fba1991cd6d2f883203
ooxml/docx/drawing.docx	docx.par.169.inline.0.xml	c-markup-canonical-same	len=620;sha=8f5c61949a80cb77060c164a504343955dad55b3e7c566d5190a05ccae62c3ac	len=44;sha=24d5d4f1988da84d4ae8c3f19a734cc04fd0bdbf96dd7503a4f1d6e328cfe1c5
ooxml/docx/drawing.docx	docx.par.169.inline.2.xml	c-markup-canonical-same	len=621;sha=30e30d528002749a54c5bece49a3ebc30bd27b88100ecd8962f0dac53d72c422	len=45;sha=59116038c7933a2d2f10a5b052e4ad78275e52da59ad9b429e6fcc2e799e3494
ooxml/docx/drawing.docx	docx.par.169.inline.4.xml	c-markup-canonical-same	len=619;sha=4793a92e0b7f1866de85ea4aa4a5dc2250b4aaf8788d080cff6b4943734ac438	len=43;sha=756c6d24e22c0c39b9b0989747540426823d8e69944a2134b35cd7b76ec3e76f
ooxml/docx/drawing.docx	docx.par.169.inline.6.xml	c-markup-canonical-same	len=621;sha=30e30d528002749a54c5bece49a3ebc30bd27b88100ecd8962f0dac53d72c422	len=45;sha=59116038c7933a2d2f10a5b052e4ad78275e52da59ad9b429e6fcc2e799e3494
ooxml/docx/drawing.docx	docx.par.169.inline.8.xml	c-markup-canonical-same	len=619;sha=4793a92e0b7f1866de85ea4aa4a5dc2250b4aaf8788d080cff6b4943734ac438	len=43;sha=756c6d24e22c0c39b9b0989747540426823d8e69944a2134b35cd7b76ec3e76f
ooxml/docx/drawing.docx	docx.par.169.inline.10.xml	c-markup-canonical-same	len=621;sha=30e30d528002749a54c5bece49a3ebc30bd27b88100ecd8962f0dac53d72c422	len=45;sha=59116038c7933a2d2f10a5b052e4ad78275e52da59ad9b429e6fcc2e799e3494
ooxml/docx/drawing.docx	docx.par.169.inline.12.xml	c-markup-canonical-same	len=619;sha=4793a92e0b7f1866de85ea4aa4a5dc2250b4aaf8788d080cff6b4943734ac438	len=43;sha=756c6d24e22c0c39b9b0989747540426823d8e69944a2134b35cd7b76ec3e76f
ooxml/docx/drawing.docx	docx.par.169.inline.14.xml	c-markup-canonical-same	len=618;sha=f74ab4c382911c8d6bd5126bc2b6a29e59756147356619cae3aa6a2d2a486712	len=42;sha=c26240eb89659c453a0c8b96ecfacbd2d93df7ab826227ab28bb5ce621e62941
ooxml/docx/drawing.docx	docx.par.169.inline.17.xml	c-markup-canonical-same	len=621;sha=30e30d528002749a54c5bece49a3ebc30bd27b88100ecd8962f0dac53d72c422	len=45;sha=59116038c7933a2d2f10a5b052e4ad78275e52da59ad9b429e6fcc2e799e3494
ooxml/docx/drawing.docx	docx.par.169.inline.19.xml	c-markup-canonical-same	len=619;sha=4793a92e0b7f1866de85ea4aa4a5dc2250b4aaf8788d080cff6b4943734ac438	len=43;sha=756c6d24e22c0c39b9b0989747540426823d8e69944a2134b35cd7b76ec3e76f
ooxml/docx/drawing.docx	docx.par.169.inline.23.xml	c-markup-canonical-same	len=621;sha=30e30d528002749a54c5bece49a3ebc30bd27b88100ecd8962f0dac53d72c422	len=45;sha=59116038c7933a2d2f10a5b052e4ad78275e52da59ad9b429e6fcc2e799e3494
ooxml/docx/drawing.docx	docx.par.169.inline.25.xml	c-markup-canonical-same	len=619;sha=4793a92e0b7f1866de85ea4aa4a5dc2250b4aaf8788d080cff6b4943734ac438	len=43;sha=756c6d24e22c0c39b9b0989747540426823d8e69944a2134b35cd7b76ec3e76f
ooxml/docx/drawing.docx	docx.par.170.inline.3.xml	c-markup-canonical-same	len=621;sha=30e30d528002749a54c5bece49a3ebc30bd27b88100ecd8962f0dac53d72c422	len=45;sha=59116038c7933a2d2f10a5b052e4ad78275e52da59ad9b429e6fcc2e799e3494
ooxml/docx/drawing.docx	docx.par.170.inline.5.xml	c-markup-canonical-same	len=619;sha=4793a92e0b7f1866de85ea4aa4a5dc2250b4aaf8788d080cff6b4943734ac438	len=43;sha=756c6d24e22c0c39b9b0989747540426823d8e69944a2134b35cd7b76ec3e76f
ooxml/docx/drawing.docx	docx.par.171.inline.1.xml	c-markup-canonical-same	len=621;sha=30e30d528002749a54c5bece49a3ebc30bd27b88100ecd8962f0dac53d72c422	len=45;sha=59116038c7933a2d2f10a5b052e4ad78275e52da59ad9b429e6fcc2e799e3494
ooxml/docx/drawing.docx	docx.par.171.inline.3.xml	c-markup-canonical-same	len=619;sha=4793a92e0b7f1866de85ea4aa4a5dc2250b4aaf8788d080cff6b4943734ac438	len=43;sha=756c6d24e22c0c39b9b0989747540426823d8e69944a2134b35cd7b76ec3e76f
ooxml/docx/drawing.docx	docx.par.171.inline.5.xml	c-markup-canonical-same	len=621;sha=30e30d528002749a54c5bece49a3ebc30bd27b88100ecd8962f0dac53d72c422	len=45;sha=59116038c7933a2d2f10a5b052e4ad78275e52da59ad9b429e6fcc2e799e3494
ooxml/docx/drawing.docx	docx.par.171.inline.7.xml	c-markup-canonical-same	len=619;sha=4793a92e0b7f1866de85ea4aa4a5dc2250b4aaf8788d080cff6b4943734ac438	len=43;sha=756c6d24e22c0c39b9b0989747540426823d8e69944a2134b35cd7b76ec3e76f
ooxml/docx/drawing.docx	docx.par.171.inline.9.xml	c-markup-canonical-same	len=621;sha=30e30d528002749a54c5bece49a3ebc30bd27b88100ecd8962f0dac53d72c422	len=45;sha=59116038c7933a2d2f10a5b052e4ad78275e52da59ad9b429e6fcc2e799e3494
ooxml/docx/drawing.docx	docx.par.171.inline.11.xml	c-markup-canonical-same	len=619;sha=4793a92e0b7f1866de85ea4aa4a5dc2250b4aaf8788d080cff6b4943734ac438	len=43;sha=756c6d24e22c0c39b9b0989747540426823d8e69944a2134b35cd7b76ec3e76f
ooxml/docx/drawing.docx	docx.par.172.inline.1.xml	c-markup-canonical-same	len=621;sha=30e30d528002749a54c5bece49a3ebc30bd27b88100ecd8962f0dac53d72c422	len=45;sha=59116038c7933a2d2f10a5b052e4ad78275e52da59ad9b429e6fcc2e799e3494
ooxml/docx/drawing.docx	docx.par.172.inline.3.xml	c-markup-canonical-same	len=619;sha=4793a92e0b7f1866de85ea4aa4a5dc2250b4aaf8788d080cff6b4943734ac438	len=43;sha=756c6d24e22c0c39b9b0989747540426823d8e69944a2134b35cd7b76ec3e76f
ooxml/docx/drawing.docx	docx.par.172.inline.5.xml	c-markup-canonical-same	len=3094;sha=a80b0be3e1ab5d6bf4d006b3ceabf5aeec6afd1169651780a865b4c7223dd627	len=214;sha=ab7e8c88965a2e199a2746d0d411ca085b0f8d57588f06ef0da8d0157d32a45b
ooxml/docx/drawing.docx	docx.par.172.inline.7.xml	c-markup-canonical-same	len=620;sha=8f5c61949a80cb77060c164a504343955dad55b3e7c566d5190a05ccae62c3ac	len=44;sha=24d5d4f1988da84d4ae8c3f19a734cc04fd0bdbf96dd7503a4f1d6e328cfe1c5
ooxml/docx/drawing.docx	docx.par.172.inline.9.xml	c-markup-canonical-same	len=618;sha=f74ab4c382911c8d6bd5126bc2b6a29e59756147356619cae3aa6a2d2a486712	len=42;sha=c26240eb89659c453a0c8b96ecfacbd2d93df7ab826227ab28bb5ce621e62941
ooxml/docx/drawing.docx	docx.par.172.inline.11.xml	c-markup-canonical-same	len=621;sha=30e30d528002749a54c5bece49a3ebc30bd27b88100ecd8962f0dac53d72c422	len=45;sha=59116038c7933a2d2f10a5b052e4ad78275e52da59ad9b429e6fcc2e799e3494
ooxml/docx/drawing.docx	docx.par.172.inline.13.xml	c-markup-canonical-same	len=619;sha=4793a92e0b7f1866de85ea4aa4a5dc2250b4aaf8788d080cff6b4943734ac438	len=43;sha=756c6d24e22c0c39b9b0989747540426823d8e69944a2134b35cd7b76ec3e76f
ooxml/docx/drawing.docx	docx.par.172.inline.15.xml	c-markup-canonical-same	len=3094;sha=d2ae55bffa5f815eb976c285c269a8731bda92f679e9b9cb3e51b6378b02fe9a	len=214;sha=4088efa2e2a5fb2c1651d0babb0a5aee64365ddc1e6804614d88651238e99d23
ooxml/docx/drawing.docx	docx.par.172.inline.18.xml	c-markup-canonical-same	len=621;sha=30e30d528002749a54c5bece49a3ebc30bd27b88100ecd8962f0dac53d72c422	len=45;sha=59116038c7933a2d2f10a5b052e4ad78275e52da59ad9b429e6fcc2e799e3494
ooxml/docx/drawing.docx	docx.par.172.inline.20.xml	c-markup-canonical-same	len=619;sha=4793a92e0b7f1866de85ea4aa4a5dc2250b4aaf8788d080cff6b4943734ac438	len=43;sha=756c6d24e22c0c39b9b0989747540426823d8e69944a2134b35cd7b76ec3e76f
ooxml/docx/drawing.docx	docx.par.172.inline.25.xml	c-markup-canonical-same	len=634;sha=c76698ab8a2b5d9e058bc56441d68c44841bf12505c13bef473ead9579d660a3	len=58;sha=05d32af3ac138cad3290d9f24b04a3311a760e94fd0a8c5d74282adc44402215
ooxml/docx/drawing.docx	docx.par.172.inline.26.xml	c-markup-canonical-same	len=616;sha=d265f87b6ab9ef7e16a30687856ef95b4a77f55e8d8d0c66f24e6e3c5a83bbd1	len=40;sha=dfac733ce234d567e1873f9dd7af03f7d4c1129eb59924705e6748d25f01b121
ooxml/docx/drawing.docx	docx.par.178.inline.0.xml	c-markup-canonical-same	len=621;sha=30e30d528002749a54c5bece49a3ebc30bd27b88100ecd8962f0dac53d72c422	len=45;sha=59116038c7933a2d2f10a5b052e4ad78275e52da59ad9b429e6fcc2e799e3494
ooxml/docx/drawing.docx	docx.par.178.inline.2.xml	c-markup-canonical-same	len=619;sha=4793a92e0b7f1866de85ea4aa4a5dc2250b4aaf8788d080cff6b4943734ac438	len=43;sha=756c6d24e22c0c39b9b0989747540426823d8e69944a2134b35cd7b76ec3e76f
ooxml/docx/drawing.docx	docx.par.178.inline.4.xml	c-markup-canonical-same	len=621;sha=30e30d528002749a54c5bece49a3ebc30bd27b88100ecd8962f0dac53d72c422	len=45;sha=59116038c7933a2d2f10a5b052e4ad78275e52da59ad9b429e6fcc2e799e3494
ooxml/docx/drawing.docx	docx.par.178.inline.6.xml	c-markup-canonical-same	len=619;sha=4793a92e0b7f1866de85ea4aa4a5dc2250b4aaf8788d080cff6b4943734ac438	len=43;sha=756c6d24e22c0c39b9b0989747540426823d8e69944a2134b35cd7b76ec3e76f
ooxml/docx/drawing.docx	docx.par.180.inline.1.xml	c-markup-canonical-same	len=621;sha=30e30d528002749a54c5bece49a3ebc30bd27b88100ecd8962f0dac53d72c422	len=45;sha=59116038c7933a2d2f10a5b052e4ad78275e52da59ad9b429e6fcc2e799e3494
ooxml/docx/drawing.docx	docx.par.180.inline.3.xml	c-markup-canonical-same	len=619;sha=4793a92e0b7f1866de85ea4aa4a5dc2250b4aaf8788d080cff6b4943734ac438	len=43;sha=756c6d24e22c0c39b9b0989747540426823d8e69944a2134b35cd7b76ec3e76f
ooxml/docx/drawing.docx	docx.par.180.inline.5.xml	c-markup-canonical-same	len=621;sha=30e30d528002749a54c5bece49a3ebc30bd27b88100ecd8962f0dac53d72c422	len=45;sha=59116038c7933a2d2f10a5b052e4ad78275e52da59ad9b429e6fcc2e799e3494
ooxml/docx/drawing.docx	docx.par.180.inline.7.xml	c-markup-canonical-same	len=619;sha=4793a92e0b7f1866de85ea4aa4a5dc2250b4aaf8788d080cff6b4943734ac438	len=43;sha=756c6d24e22c0c39b9b0989747540426823d8e69944a2134b35cd7b76ec3e76f
ooxml/docx/drawing.docx	docx.par.180.inline.9.xml	c-markup-canonical-same	len=620;sha=8f5c61949a80cb77060c164a504343955dad55b3e7c566d5190a05ccae62c3ac	len=44;sha=24d5d4f1988da84d4ae8c3f19a734cc04fd0bdbf96dd7503a4f1d6e328cfe1c5
ooxml/docx/drawing.docx	docx.par.180.inline.11.xml	c-markup-canonical-same	len=618;sha=f74ab4c382911c8d6bd5126bc2b6a29e59756147356619cae3aa6a2d2a486712	len=42;sha=c26240eb89659c453a0c8b96ecfacbd2d93df7ab826227ab28bb5ce621e62941
ooxml/docx/drawing.docx	docx.par.180.inline.13.xml	c-markup-canonical-same	len=620;sha=8f5c61949a80cb77060c164a504343955dad55b3e7c566d5190a05ccae62c3ac	len=44;sha=24d5d4f1988da84d4ae8c3f19a734cc04fd0bdbf96dd7503a4f1d6e328cfe1c5
ooxml/docx/drawing.docx	docx.par.180.inline.15.xml	c-markup-canonical-same	len=618;sha=f74ab4c382911c8d6bd5126bc2b6a29e59756147356619cae3aa6a2d2a486712	len=42;sha=c26240eb89659c453a0c8b96ecfacbd2d93df7ab826227ab28bb5ce621e62941
ooxml/docx/drawing.docx	docx.par.180.inline.17.xml	c-markup-canonical-same	len=621;sha=30e30d528002749a54c5bece49a3ebc30bd27b88100ecd8962f0dac53d72c422	len=45;sha=59116038c7933a2d2f10a5b052e4ad78275e52da59ad9b429e6fcc2e799e3494
ooxml/docx/drawing.docx	docx.par.180.inline.19.xml	c-markup-canonical-same	len=619;sha=4793a92e0b7f1866de85ea4aa4a5dc2250b4aaf8788d080cff6b4943734ac438	len=43;sha=756c6d24e22c0c39b9b0989747540426823d8e69944a2134b35cd7b76ec3e76f
ooxml/docx/drawing.docx	docx.par.180.inline.21.xml	c-markup-canonical-same	len=621;sha=30e30d528002749a54c5bece49a3ebc30bd27b88100ecd8962f0dac53d72c422	len=45;sha=59116038c7933a2d2f10a5b052e4ad78275e52da59ad9b429e6fcc2e799e3494
ooxml/docx/drawing.docx	docx.par.180.inline.23.xml	c-markup-canonical-same	len=619;sha=4793a92e0b7f1866de85ea4aa4a5dc2250b4aaf8788d080cff6b4943734ac438	len=43;sha=756c6d24e22c0c39b9b0989747540426823d8e69944a2134b35cd7b76ec3e76f
ooxml/docx/drawing.docx	docx.par.180.inline.25.xml	c-markup-canonical-same	len=621;sha=30e30d528002749a54c5bece49a3ebc30bd27b88100ecd8962f0dac53d72c422	len=45;sha=59116038c7933a2d2f10a5b052e4ad78275e52da59ad9b429e6fcc2e799e3494
ooxml/docx/drawing.docx	docx.par.180.inline.27.xml	c-markup-canonical-same	len=619;sha=4793a92e0b7f1866de85ea4aa4a5dc2250b4aaf8788d080cff6b4943734ac438	len=43;sha=756c6d24e22c0c39b9b0989747540426823d8e69944a2134b35cd7b76ec3e76f
ooxml/docx/drawing.docx	docx.par.180.inline.29.xml	c-markup-canonical-same	len=621;sha=30e30d528002749a54c5bece49a3ebc30bd27b88100ecd8962f0dac53d72c422	len=45;sha=59116038c7933a2d2f10a5b052e4ad78275e52da59ad9b429e6fcc2e799e3494
ooxml/docx/drawing.docx	docx.par.180.inline.31.xml	c-markup-canonical-same	len=619;sha=4793a92e0b7f1866de85ea4aa4a5dc2250b4aaf8788d080cff6b4943734ac438	len=43;sha=756c6d24e22c0c39b9b0989747540426823d8e69944a2134b35cd7b76ec3e76f
ooxml/docx/drawing.docx	docx.par.180.inline.33.xml	c-markup-canonical-same	len=621;sha=30e30d528002749a54c5bece49a3ebc30bd27b88100ecd8962f0dac53d72c422	len=45;sha=59116038c7933a2d2f10a5b052e4ad78275e52da59ad9b429e6fcc2e799e3494
ooxml/docx/drawing.docx	docx.par.180.inline.35.xml	c-markup-canonical-same	len=619;sha=4793a92e0b7f1866de85ea4aa4a5dc2250b4aaf8788d080cff6b4943734ac438	len=43;sha=756c6d24e22c0c39b9b0989747540426823d8e69944a2134b35cd7b76ec3e76f
ooxml/docx/drawing.docx	docx.par.180.inline.37.xml	c-markup-canonical-same	len=621;sha=30e30d528002749a54c5bece49a3ebc30bd27b88100ecd8962f0dac53d72c422	len=45;sha=59116038c7933a2d2f10a5b052e4ad78275e52da59ad9b429e6fcc2e799e3494
ooxml/docx/drawing.docx	docx.par.180.inline.39.xml	c-markup-canonical-same	len=619;sha=4793a92e0b7f1866de85ea4aa4a5dc2250b4aaf8788d080cff6b4943734ac438	len=43;sha=756c6d24e22c0c39b9b0989747540426823d8e69944a2134b35cd7b76ec3e76f
ooxml/docx/drawing.docx	docx.par.180.inline.41.xml	c-markup-canonical-same	len=621;sha=30e30d528002749a54c5bece49a3ebc30bd27b88100ecd8962f0dac53d72c422	len=45;sha=59116038c7933a2d2f10a5b052e4ad78275e52da59ad9b429e6fcc2e799e3494
ooxml/docx/drawing.docx	docx.par.180.inline.42.xml	c-markup-canonical-same	len=620;sha=8f5c61949a80cb77060c164a504343955dad55b3e7c566d5190a05ccae62c3ac	len=44;sha=24d5d4f1988da84d4ae8c3f19a734cc04fd0bdbf96dd7503a4f1d6e328cfe1c5
ooxml/docx/drawing.docx	docx.par.180.inline.44.xml	c-markup-canonical-same	len=619;sha=4793a92e0b7f1866de85ea4aa4a5dc2250b4aaf8788d080cff6b4943734ac438	len=43;sha=756c6d24e22c0c39b9b0989747540426823d8e69944a2134b35cd7b76ec3e76f
ooxml/docx/drawing.docx	docx.par.180.inline.45.xml	c-markup-canonical-same	len=618;sha=f74ab4c382911c8d6bd5126bc2b6a29e59756147356619cae3aa6a2d2a486712	len=42;sha=c26240eb89659c453a0c8b96ecfacbd2d93df7ab826227ab28bb5ce621e62941
ooxml/docx/drawing.docx	docx.par.180.run.0.content.0.xml	c-markup-canonical-same	len=627;sha=75f43db0aea84cb60c09fd34ffa2f0df8166290ce950ee50856987088bbe3491	len=51;sha=c517a498d28f6ce4380975afb31d1f3e1f837e71f8e37fba1991cd6d2f883203
ooxml/docx/drawing.docx	docx.par.181.inline.3.xml	c-markup-canonical-same	len=621;sha=30e30d528002749a54c5bece49a3ebc30bd27b88100ecd8962f0dac53d72c422	len=45;sha=59116038c7933a2d2f10a5b052e4ad78275e52da59ad9b429e6fcc2e799e3494
ooxml/docx/drawing.docx	docx.par.181.inline.5.xml	c-markup-canonical-same	len=619;sha=4793a92e0b7f1866de85ea4aa4a5dc2250b4aaf8788d080cff6b4943734ac438	len=43;sha=756c6d24e22c0c39b9b0989747540426823d8e69944a2134b35cd7b76ec3e76f
ooxml/docx/drawing.docx	docx.par.182.inline.1.xml	c-markup-canonical-same	len=621;sha=30e30d528002749a54c5bece49a3ebc30bd27b88100ecd8962f0dac53d72c422	len=45;sha=59116038c7933a2d2f10a5b052e4ad78275e52da59ad9b429e6fcc2e799e3494
ooxml/docx/drawing.docx	docx.par.182.inline.3.xml	c-markup-canonical-same	len=619;sha=4793a92e0b7f1866de85ea4aa4a5dc2250b4aaf8788d080cff6b4943734ac438	len=43;sha=756c6d24e22c0c39b9b0989747540426823d8e69944a2134b35cd7b76ec3e76f
ooxml/docx/drawing.docx	docx.par.182.inline.5.xml	c-markup-canonical-same	len=621;sha=30e30d528002749a54c5bece49a3ebc30bd27b88100ecd8962f0dac53d72c422	len=45;sha=59116038c7933a2d2f10a5b052e4ad78275e52da59ad9b429e6fcc2e799e3494
ooxml/docx/drawing.docx	docx.par.182.inline.7.xml	c-markup-canonical-same	len=619;sha=4793a92e0b7f1866de85ea4aa4a5dc2250b4aaf8788d080cff6b4943734ac438	len=43;sha=756c6d24e22c0c39b9b0989747540426823d8e69944a2134b35cd7b76ec3e76f
ooxml/docx/drawing.docx	docx.par.182.inline.9.xml	c-markup-canonical-same	len=621;sha=30e30d528002749a54c5bece49a3ebc30bd27b88100ecd8962f0dac53d72c422	len=45;sha=59116038c7933a2d2f10a5b052e4ad78275e52da59ad9b429e6fcc2e799e3494
ooxml/docx/drawing.docx	docx.par.182.inline.11.xml	c-markup-canonical-same	len=619;sha=4793a92e0b7f1866de85ea4aa4a5dc2250b4aaf8788d080cff6b4943734ac438	len=43;sha=756c6d24e22c0c39b9b0989747540426823d8e69944a2134b35cd7b76ec3e76f
ooxml/docx/drawing.docx	docx.par.183.inline.1.xml	c-markup-canonical-same	len=620;sha=8f5c61949a80cb77060c164a504343955dad55b3e7c566d5190a05ccae62c3ac	len=44;sha=24d5d4f1988da84d4ae8c3f19a734cc04fd0bdbf96dd7503a4f1d6e328cfe1c5
ooxml/docx/drawing.docx	docx.par.183.inline.3.xml	c-markup-canonical-same	len=618;sha=f74ab4c382911c8d6bd5126bc2b6a29e59756147356619cae3aa6a2d2a486712	len=42;sha=c26240eb89659c453a0c8b96ecfacbd2d93df7ab826227ab28bb5ce621e62941
ooxml/docx/drawing.docx	docx.par.184.inline.1.xml	c-markup-canonical-same	len=621;sha=30e30d528002749a54c5bece49a3ebc30bd27b88100ecd8962f0dac53d72c422	len=45;sha=59116038c7933a2d2f10a5b052e4ad78275e52da59ad9b429e6fcc2e799e3494
ooxml/docx/drawing.docx	docx.par.184.inline.3.xml	c-markup-canonical-same	len=619;sha=4793a92e0b7f1866de85ea4aa4a5dc2250b4aaf8788d080cff6b4943734ac438	len=43;sha=756c6d24e22c0c39b9b0989747540426823d8e69944a2134b35cd7b76ec3e76f
ooxml/docx/drawing.docx	docx.par.184.inline.5.xml	c-markup-canonical-same	len=621;sha=30e30d528002749a54c5bece49a3ebc30bd27b88100ecd8962f0dac53d72c422	len=45;sha=59116038c7933a2d2f10a5b052e4ad78275e52da59ad9b429e6fcc2e799e3494
ooxml/docx/drawing.docx	docx.par.184.inline.7.xml	c-markup-canonical-same	len=619;sha=4793a92e0b7f1866de85ea4aa4a5dc2250b4aaf8788d080cff6b4943734ac438	len=43;sha=756c6d24e22c0c39b9b0989747540426823d8e69944a2134b35cd7b76ec3e76f
ooxml/docx/drawing.docx	docx.par.185.inline.1.xml	c-markup-canonical-same	len=621;sha=30e30d528002749a54c5bece49a3ebc30bd27b88100ecd8962f0dac53d72c422	len=45;sha=59116038c7933a2d2f10a5b052e4ad78275e52da59ad9b429e6fcc2e799e3494
ooxml/docx/drawing.docx	docx.par.185.inline.2.xml	c-markup-canonical-same	len=620;sha=8f5c61949a80cb77060c164a504343955dad55b3e7c566d5190a05ccae62c3ac	len=44;sha=24d5d4f1988da84d4ae8c3f19a734cc04fd0bdbf96dd7503a4f1d6e328cfe1c5
ooxml/docx/drawing.docx	docx.par.185.inline.4.xml	c-markup-canonical-same	len=619;sha=4793a92e0b7f1866de85ea4aa4a5dc2250b4aaf8788d080cff6b4943734ac438	len=43;sha=756c6d24e22c0c39b9b0989747540426823d8e69944a2134b35cd7b76ec3e76f
ooxml/docx/drawing.docx	docx.par.185.inline.5.xml	c-markup-canonical-same	len=618;sha=f74ab4c382911c8d6bd5126bc2b6a29e59756147356619cae3aa6a2d2a486712	len=42;sha=c26240eb89659c453a0c8b96ecfacbd2d93df7ab826227ab28bb5ce621e62941
ooxml/docx/drawing.docx	docx.par.187.inline.1.xml	c-markup-canonical-same	len=621;sha=30e30d528002749a54c5bece49a3ebc30bd27b88100ecd8962f0dac53d72c422	len=45;sha=59116038c7933a2d2f10a5b052e4ad78275e52da59ad9b429e6fcc2e799e3494
ooxml/docx/drawing.docx	docx.par.187.inline.3.xml	c-markup-canonical-same	len=619;sha=4793a92e0b7f1866de85ea4aa4a5dc2250b4aaf8788d080cff6b4943734ac438	len=43;sha=756c6d24e22c0c39b9b0989747540426823d8e69944a2134b35cd7b76ec3e76f
ooxml/docx/drawing.docx	docx.par.187.inline.5.xml	c-markup-canonical-same	len=621;sha=30e30d528002749a54c5bece49a3ebc30bd27b88100ecd8962f0dac53d72c422	len=45;sha=59116038c7933a2d2f10a5b052e4ad78275e52da59ad9b429e6fcc2e799e3494
ooxml/docx/drawing.docx	docx.par.187.inline.7.xml	c-markup-canonical-same	len=619;sha=4793a92e0b7f1866de85ea4aa4a5dc2250b4aaf8788d080cff6b4943734ac438	len=43;sha=756c6d24e22c0c39b9b0989747540426823d8e69944a2134b35cd7b76ec3e76f
ooxml/docx/drawing.docx	docx.par.187.inline.9.xml	c-markup-canonical-same	len=621;sha=30e30d528002749a54c5bece49a3ebc30bd27b88100ecd8962f0dac53d72c422	len=45;sha=59116038c7933a2d2f10a5b052e4ad78275e52da59ad9b429e6fcc2e799e3494
ooxml/docx/drawing.docx	docx.par.187.inline.11.xml	c-markup-canonical-same	len=619;sha=4793a92e0b7f1866de85ea4aa4a5dc2250b4aaf8788d080cff6b4943734ac438	len=43;sha=756c6d24e22c0c39b9b0989747540426823d8e69944a2134b35cd7b76ec3e76f
ooxml/docx/drawing.docx	docx.par.187.inline.13.xml	c-markup-canonical-same	len=620;sha=8f5c61949a80cb77060c164a504343955dad55b3e7c566d5190a05ccae62c3ac	len=44;sha=24d5d4f1988da84d4ae8c3f19a734cc04fd0bdbf96dd7503a4f1d6e328cfe1c5
ooxml/docx/drawing.docx	docx.par.187.inline.15.xml	c-markup-canonical-same	len=618;sha=f74ab4c382911c8d6bd5126bc2b6a29e59756147356619cae3aa6a2d2a486712	len=42;sha=c26240eb89659c453a0c8b96ecfacbd2d93df7ab826227ab28bb5ce621e62941
ooxml/docx/drawing.docx	docx.par.187.run.0.content.0.xml	c-markup-canonical-same	len=627;sha=75f43db0aea84cb60c09fd34ffa2f0df8166290ce950ee50856987088bbe3491	len=51;sha=c517a498d28f6ce4380975afb31d1f3e1f837e71f8e37fba1991cd6d2f883203
ooxml/docx/drawing.docx	docx.par.188.inline.5.xml	c-markup-canonical-same	len=620;sha=8f5c61949a80cb77060c164a504343955dad55b3e7c566d5190a05ccae62c3ac	len=44;sha=24d5d4f1988da84d4ae8c3f19a734cc04fd0bdbf96dd7503a4f1d6e328cfe1c5
ooxml/docx/drawing.docx	docx.par.188.inline.7.xml	c-markup-canonical-same	len=618;sha=f74ab4c382911c8d6bd5126bc2b6a29e59756147356619cae3aa6a2d2a486712	len=42;sha=c26240eb89659c453a0c8b96ecfacbd2d93df7ab826227ab28bb5ce621e62941
ooxml/docx/drawing.docx	docx.par.190.inline.1.xml	c-markup-canonical-same	len=621;sha=30e30d528002749a54c5bece49a3ebc30bd27b88100ecd8962f0dac53d72c422	len=45;sha=59116038c7933a2d2f10a5b052e4ad78275e52da59ad9b429e6fcc2e799e3494
ooxml/docx/drawing.docx	docx.par.190.inline.3.xml	c-markup-canonical-same	len=619;sha=4793a92e0b7f1866de85ea4aa4a5dc2250b4aaf8788d080cff6b4943734ac438	len=43;sha=756c6d24e22c0c39b9b0989747540426823d8e69944a2134b35cd7b76ec3e76f
ooxml/docx/drawing.docx	docx.par.190.inline.5.xml	c-markup-canonical-same	len=621;sha=30e30d528002749a54c5bece49a3ebc30bd27b88100ecd8962f0dac53d72c422	len=45;sha=59116038c7933a2d2f10a5b052e4ad78275e52da59ad9b429e6fcc2e799e3494
ooxml/docx/drawing.docx	docx.par.190.inline.7.xml	c-markup-canonical-same	len=619;sha=4793a92e0b7f1866de85ea4aa4a5dc2250b4aaf8788d080cff6b4943734ac438	len=43;sha=756c6d24e22c0c39b9b0989747540426823d8e69944a2134b35cd7b76ec3e76f
ooxml/docx/drawing.docx	docx.par.190.inline.9.xml	c-markup-canonical-same	len=620;sha=8f5c61949a80cb77060c164a504343955dad55b3e7c566d5190a05ccae62c3ac	len=44;sha=24d5d4f1988da84d4ae8c3f19a734cc04fd0bdbf96dd7503a4f1d6e328cfe1c5
ooxml/docx/drawing.docx	docx.par.190.inline.11.xml	c-markup-canonical-same	len=618;sha=f74ab4c382911c8d6bd5126bc2b6a29e59756147356619cae3aa6a2d2a486712	len=42;sha=c26240eb89659c453a0c8b96ecfacbd2d93df7ab826227ab28bb5ce621e62941
ooxml/docx/drawing.docx	docx.par.190.inline.13.xml	c-markup-canonical-same	len=620;sha=8f5c61949a80cb77060c164a504343955dad55b3e7c566d5190a05ccae62c3ac	len=44;sha=24d5d4f1988da84d4ae8c3f19a734cc04fd0bdbf96dd7503a4f1d6e328cfe1c5
ooxml/docx/drawing.docx	docx.par.190.inline.15.xml	c-markup-canonical-same	len=618;sha=f74ab4c382911c8d6bd5126bc2b6a29e59756147356619cae3aa6a2d2a486712	len=42;sha=c26240eb89659c453a0c8b96ecfacbd2d93df7ab826227ab28bb5ce621e62941
ooxml/docx/drawing.docx	docx.par.191.inline.1.xml	c-markup-canonical-same	len=621;sha=30e30d528002749a54c5bece49a3ebc30bd27b88100ecd8962f0dac53d72c422	len=45;sha=59116038c7933a2d2f10a5b052e4ad78275e52da59ad9b429e6fcc2e799e3494
ooxml/docx/drawing.docx	docx.par.191.inline.3.xml	c-markup-canonical-same	len=619;sha=4793a92e0b7f1866de85ea4aa4a5dc2250b4aaf8788d080cff6b4943734ac438	len=43;sha=756c6d24e22c0c39b9b0989747540426823d8e69944a2134b35cd7b76ec3e76f
ooxml/docx/drawing.docx	docx.par.192.inline.1.xml	c-markup-canonical-same	len=620;sha=8f5c61949a80cb77060c164a504343955dad55b3e7c566d5190a05ccae62c3ac	len=44;sha=24d5d4f1988da84d4ae8c3f19a734cc04fd0bdbf96dd7503a4f1d6e328cfe1c5
ooxml/docx/drawing.docx	docx.par.192.inline.3.xml	c-markup-canonical-same	len=618;sha=f74ab4c382911c8d6bd5126bc2b6a29e59756147356619cae3aa6a2d2a486712	len=42;sha=c26240eb89659c453a0c8b96ecfacbd2d93df7ab826227ab28bb5ce621e62941
ooxml/docx/drawing.docx	docx.par.194.inline.1.xml	c-markup-canonical-same	len=620;sha=8f5c61949a80cb77060c164a504343955dad55b3e7c566d5190a05ccae62c3ac	len=44;sha=24d5d4f1988da84d4ae8c3f19a734cc04fd0bdbf96dd7503a4f1d6e328cfe1c5
ooxml/docx/drawing.docx	docx.par.194.inline.4.xml	c-markup-canonical-same	len=618;sha=f74ab4c382911c8d6bd5126bc2b6a29e59756147356619cae3aa6a2d2a486712	len=42;sha=c26240eb89659c453a0c8b96ecfacbd2d93df7ab826227ab28bb5ce621e62941
ooxml/docx/drawing.docx	docx.par.195.inline.1.xml	c-markup-canonical-same	len=621;sha=30e30d528002749a54c5bece49a3ebc30bd27b88100ecd8962f0dac53d72c422	len=45;sha=59116038c7933a2d2f10a5b052e4ad78275e52da59ad9b429e6fcc2e799e3494
ooxml/docx/drawing.docx	docx.par.195.inline.3.xml	c-markup-canonical-same	len=619;sha=4793a92e0b7f1866de85ea4aa4a5dc2250b4aaf8788d080cff6b4943734ac438	len=43;sha=756c6d24e22c0c39b9b0989747540426823d8e69944a2134b35cd7b76ec3e76f
ooxml/docx/drawing.docx	docx.par.195.inline.5.xml	c-markup-canonical-same	len=620;sha=8f5c61949a80cb77060c164a504343955dad55b3e7c566d5190a05ccae62c3ac	len=44;sha=24d5d4f1988da84d4ae8c3f19a734cc04fd0bdbf96dd7503a4f1d6e328cfe1c5
ooxml/docx/drawing.docx	docx.par.195.inline.7.xml	c-markup-canonical-same	len=621;sha=30e30d528002749a54c5bece49a3ebc30bd27b88100ecd8962f0dac53d72c422	len=45;sha=59116038c7933a2d2f10a5b052e4ad78275e52da59ad9b429e6fcc2e799e3494
ooxml/docx/drawing.docx	docx.par.195.inline.9.xml	c-markup-canonical-same	len=618;sha=f74ab4c382911c8d6bd5126bc2b6a29e59756147356619cae3aa6a2d2a486712	len=42;sha=c26240eb89659c453a0c8b96ecfacbd2d93df7ab826227ab28bb5ce621e62941
ooxml/docx/drawing.docx	docx.par.195.inline.11.xml	c-markup-canonical-same	len=619;sha=4793a92e0b7f1866de85ea4aa4a5dc2250b4aaf8788d080cff6b4943734ac438	len=43;sha=756c6d24e22c0c39b9b0989747540426823d8e69944a2134b35cd7b76ec3e76f
ooxml/docx/drawing.docx	docx.par.195.inline.13.xml	c-markup-canonical-same	len=621;sha=30e30d528002749a54c5bece49a3ebc30bd27b88100ecd8962f0dac53d72c422	len=45;sha=59116038c7933a2d2f10a5b052e4ad78275e52da59ad9b429e6fcc2e799e3494
ooxml/docx/drawing.docx	docx.par.195.inline.15.xml	c-markup-canonical-same	len=619;sha=4793a92e0b7f1866de85ea4aa4a5dc2250b4aaf8788d080cff6b4943734ac438	len=43;sha=756c6d24e22c0c39b9b0989747540426823d8e69944a2134b35cd7b76ec3e76f
ooxml/docx/drawing.docx	docx.par.195.inline.17.xml	c-markup-canonical-same	len=621;sha=30e30d528002749a54c5bece49a3ebc30bd27b88100ecd8962f0dac53d72c422	len=45;sha=59116038c7933a2d2f10a5b052e4ad78275e52da59ad9b429e6fcc2e799e3494
ooxml/docx/drawing.docx	docx.par.195.inline.19.xml	c-markup-canonical-same	len=619;sha=4793a92e0b7f1866de85ea4aa4a5dc2250b4aaf8788d080cff6b4943734ac438	len=43;sha=756c6d24e22c0c39b9b0989747540426823d8e69944a2134b35cd7b76ec3e76f
ooxml/docx/drawing.docx	docx.par.195.inline.21.xml	c-markup-canonical-same	len=621;sha=30e30d528002749a54c5bece49a3ebc30bd27b88100ecd8962f0dac53d72c422	len=45;sha=59116038c7933a2d2f10a5b052e4ad78275e52da59ad9b429e6fcc2e799e3494
ooxml/docx/drawing.docx	docx.par.195.inline.22.xml	c-markup-canonical-same	len=620;sha=8f5c61949a80cb77060c164a504343955dad55b3e7c566d5190a05ccae62c3ac	len=44;sha=24d5d4f1988da84d4ae8c3f19a734cc04fd0bdbf96dd7503a4f1d6e328cfe1c5
ooxml/docx/drawing.docx	docx.par.195.inline.24.xml	c-markup-canonical-same	len=619;sha=4793a92e0b7f1866de85ea4aa4a5dc2250b4aaf8788d080cff6b4943734ac438	len=43;sha=756c6d24e22c0c39b9b0989747540426823d8e69944a2134b35cd7b76ec3e76f
ooxml/docx/drawing.docx	docx.par.195.inline.25.xml	c-markup-canonical-same	len=618;sha=f74ab4c382911c8d6bd5126bc2b6a29e59756147356619cae3aa6a2d2a486712	len=42;sha=c26240eb89659c453a0c8b96ecfacbd2d93df7ab826227ab28bb5ce621e62941
ooxml/docx/drawing.docx	docx.par.196.inline.1.xml	c-markup-canonical-same	len=621;sha=30e30d528002749a54c5bece49a3ebc30bd27b88100ecd8962f0dac53d72c422	len=45;sha=59116038c7933a2d2f10a5b052e4ad78275e52da59ad9b429e6fcc2e799e3494
ooxml/docx/drawing.docx	docx.par.196.inline.3.xml	c-markup-canonical-same	len=619;sha=4793a92e0b7f1866de85ea4aa4a5dc2250b4aaf8788d080cff6b4943734ac438	len=43;sha=756c6d24e22c0c39b9b0989747540426823d8e69944a2134b35cd7b76ec3e76f
ooxml/docx/drawing.docx	docx.par.196.inline.5.xml	c-markup-canonical-same	len=621;sha=30e30d528002749a54c5bece49a3ebc30bd27b88100ecd8962f0dac53d72c422	len=45;sha=59116038c7933a2d2f10a5b052e4ad78275e52da59ad9b429e6fcc2e799e3494
ooxml/docx/drawing.docx	docx.par.196.inline.7.xml	c-markup-canonical-same	len=619;sha=4793a92e0b7f1866de85ea4aa4a5dc2250b4aaf8788d080cff6b4943734ac438	len=43;sha=756c6d24e22c0c39b9b0989747540426823d8e69944a2134b35cd7b76ec3e76f
ooxml/docx/drawing.docx	docx.par.196.inline.9.xml	c-markup-canonical-same	len=621;sha=30e30d528002749a54c5bece49a3ebc30bd27b88100ecd8962f0dac53d72c422	len=45;sha=59116038c7933a2d2f10a5b052e4ad78275e52da59ad9b429e6fcc2e799e3494
ooxml/docx/drawing.docx	docx.par.196.inline.11.xml	c-markup-canonical-same	len=619;sha=4793a92e0b7f1866de85ea4aa4a5dc2250b4aaf8788d080cff6b4943734ac438	len=43;sha=756c6d24e22c0c39b9b0989747540426823d8e69944a2134b35cd7b76ec3e76f
ooxml/docx/drawing.docx	docx.par.196.inline.13.xml	c-markup-canonical-same	len=621;sha=30e30d528002749a54c5bece49a3ebc30bd27b88100ecd8962f0dac53d72c422	len=45;sha=59116038c7933a2d2f10a5b052e4ad78275e52da59ad9b429e6fcc2e799e3494
ooxml/docx/drawing.docx	docx.par.196.inline.14.xml	c-markup-canonical-same	len=620;sha=8f5c61949a80cb77060c164a504343955dad55b3e7c566d5190a05ccae62c3ac	len=44;sha=24d5d4f1988da84d4ae8c3f19a734cc04fd0bdbf96dd7503a4f1d6e328cfe1c5
ooxml/docx/drawing.docx	docx.par.196.inline.16.xml	c-markup-canonical-same	len=619;sha=4793a92e0b7f1866de85ea4aa4a5dc2250b4aaf8788d080cff6b4943734ac438	len=43;sha=756c6d24e22c0c39b9b0989747540426823d8e69944a2134b35cd7b76ec3e76f
ooxml/docx/drawing.docx	docx.par.196.inline.17.xml	c-markup-canonical-same	len=618;sha=f74ab4c382911c8d6bd5126bc2b6a29e59756147356619cae3aa6a2d2a486712	len=42;sha=c26240eb89659c453a0c8b96ecfacbd2d93df7ab826227ab28bb5ce621e62941
ooxml/docx/drawing.docx	docx.par.196.inline.19.xml	c-markup-canonical-same	len=621;sha=30e30d528002749a54c5bece49a3ebc30bd27b88100ecd8962f0dac53d72c422	len=45;sha=59116038c7933a2d2f10a5b052e4ad78275e52da59ad9b429e6fcc2e799e3494
ooxml/docx/drawing.docx	docx.par.196.inline.21.xml	c-markup-canonical-same	len=619;sha=4793a92e0b7f1866de85ea4aa4a5dc2250b4aaf8788d080cff6b4943734ac438	len=43;sha=756c6d24e22c0c39b9b0989747540426823d8e69944a2134b35cd7b76ec3e76f
ooxml/docx/drawing.docx	docx.par.196.run.0.content.0.xml	c-markup-canonical-same	len=627;sha=75f43db0aea84cb60c09fd34ffa2f0df8166290ce950ee50856987088bbe3491	len=51;sha=c517a498d28f6ce4380975afb31d1f3e1f837e71f8e37fba1991cd6d2f883203
ooxml/docx/drawing.docx	docx.par.198.inline.1.xml	c-markup-canonical-same	len=621;sha=30e30d528002749a54c5bece49a3ebc30bd27b88100ecd8962f0dac53d72c422	len=45;sha=59116038c7933a2d2f10a5b052e4ad78275e52da59ad9b429e6fcc2e799e3494
ooxml/docx/drawing.docx	docx.par.198.inline.3.xml	c-markup-canonical-same	len=619;sha=4793a92e0b7f1866de85ea4aa4a5dc2250b4aaf8788d080cff6b4943734ac438	len=43;sha=756c6d24e22c0c39b9b0989747540426823d8e69944a2134b35cd7b76ec3e76f
ooxml/docx/drawing.docx	docx.par.198.inline.5.xml	c-markup-canonical-same	len=621;sha=30e30d528002749a54c5bece49a3ebc30bd27b88100ecd8962f0dac53d72c422	len=45;sha=59116038c7933a2d2f10a5b052e4ad78275e52da59ad9b429e6fcc2e799e3494
ooxml/docx/drawing.docx	docx.par.198.inline.7.xml	c-markup-canonical-same	len=619;sha=4793a92e0b7f1866de85ea4aa4a5dc2250b4aaf8788d080cff6b4943734ac438	len=43;sha=756c6d24e22c0c39b9b0989747540426823d8e69944a2134b35cd7b76ec3e76f
ooxml/docx/drawing.docx	docx.par.198.inline.9.xml	c-markup-canonical-same	len=621;sha=30e30d528002749a54c5bece49a3ebc30bd27b88100ecd8962f0dac53d72c422	len=45;sha=59116038c7933a2d2f10a5b052e4ad78275e52da59ad9b429e6fcc2e799e3494
ooxml/docx/drawing.docx	docx.par.198.inline.11.xml	c-markup-canonical-same	len=619;sha=4793a92e0b7f1866de85ea4aa4a5dc2250b4aaf8788d080cff6b4943734ac438	len=43;sha=756c6d24e22c0c39b9b0989747540426823d8e69944a2134b35cd7b76ec3e76f
ooxml/docx/drawing.docx	docx.par.198.inline.13.xml	c-markup-canonical-same	len=621;sha=30e30d528002749a54c5bece49a3ebc30bd27b88100ecd8962f0dac53d72c422	len=45;sha=59116038c7933a2d2f10a5b052e4ad78275e52da59ad9b429e6fcc2e799e3494
ooxml/docx/drawing.docx	docx.par.198.inline.15.xml	c-markup-canonical-same	len=619;sha=4793a92e0b7f1866de85ea4aa4a5dc2250b4aaf8788d080cff6b4943734ac438	len=43;sha=756c6d24e22c0c39b9b0989747540426823d8e69944a2134b35cd7b76ec3e76f
ooxml/docx/drawing.docx	docx.par.198.inline.17.xml	c-markup-canonical-same	len=621;sha=30e30d528002749a54c5bece49a3ebc30bd27b88100ecd8962f0dac53d72c422	len=45;sha=59116038c7933a2d2f10a5b052e4ad78275e52da59ad9b429e6fcc2e799e3494
ooxml/docx/drawing.docx	docx.par.198.inline.19.xml	c-markup-canonical-same	len=619;sha=4793a92e0b7f1866de85ea4aa4a5dc2250b4aaf8788d080cff6b4943734ac438	len=43;sha=756c6d24e22c0c39b9b0989747540426823d8e69944a2134b35cd7b76ec3e76f
ooxml/docx/drawing.docx	docx.par.198.inline.21.xml	c-markup-canonical-same	len=621;sha=30e30d528002749a54c5bece49a3ebc30bd27b88100ecd8962f0dac53d72c422	len=45;sha=59116038c7933a2d2f10a5b052e4ad78275e52da59ad9b429e6fcc2e799e3494
ooxml/docx/drawing.docx	docx.par.198.inline.23.xml	c-markup-canonical-same	len=619;sha=4793a92e0b7f1866de85ea4aa4a5dc2250b4aaf8788d080cff6b4943734ac438	len=43;sha=756c6d24e22c0c39b9b0989747540426823d8e69944a2134b35cd7b76ec3e76f
ooxml/docx/drawing.docx	docx.par.198.inline.25.xml	c-markup-canonical-same	len=621;sha=30e30d528002749a54c5bece49a3ebc30bd27b88100ecd8962f0dac53d72c422	len=45;sha=59116038c7933a2d2f10a5b052e4ad78275e52da59ad9b429e6fcc2e799e3494
ooxml/docx/drawing.docx	docx.par.198.inline.27.xml	c-markup-canonical-same	len=619;sha=4793a92e0b7f1866de85ea4aa4a5dc2250b4aaf8788d080cff6b4943734ac438	len=43;sha=756c6d24e22c0c39b9b0989747540426823d8e69944a2134b35cd7b76ec3e76f
ooxml/docx/drawing.docx	docx.par.198.inline.29.xml	c-markup-canonical-same	len=621;sha=30e30d528002749a54c5bece49a3ebc30bd27b88100ecd8962f0dac53d72c422	len=45;sha=59116038c7933a2d2f10a5b052e4ad78275e52da59ad9b429e6fcc2e799e3494
ooxml/docx/drawing.docx	docx.par.198.inline.31.xml	c-markup-canonical-same	len=619;sha=4793a92e0b7f1866de85ea4aa4a5dc2250b4aaf8788d080cff6b4943734ac438	len=43;sha=756c6d24e22c0c39b9b0989747540426823d8e69944a2134b35cd7b76ec3e76f
ooxml/docx/drawing.docx	docx.par.198.inline.33.xml	c-markup-canonical-same	len=620;sha=8f5c61949a80cb77060c164a504343955dad55b3e7c566d5190a05ccae62c3ac	len=44;sha=24d5d4f1988da84d4ae8c3f19a734cc04fd0bdbf96dd7503a4f1d6e328cfe1c5
ooxml/docx/drawing.docx	docx.par.198.inline.35.xml	c-markup-canonical-same	len=621;sha=30e30d528002749a54c5bece49a3ebc30bd27b88100ecd8962f0dac53d72c422	len=45;sha=59116038c7933a2d2f10a5b052e4ad78275e52da59ad9b429e6fcc2e799e3494
ooxml/docx/drawing.docx	docx.par.198.inline.37.xml	c-markup-canonical-same	len=618;sha=f74ab4c382911c8d6bd5126bc2b6a29e59756147356619cae3aa6a2d2a486712	len=42;sha=c26240eb89659c453a0c8b96ecfacbd2d93df7ab826227ab28bb5ce621e62941
ooxml/docx/drawing.docx	docx.par.198.inline.39.xml	c-markup-canonical-same	len=619;sha=4793a92e0b7f1866de85ea4aa4a5dc2250b4aaf8788d080cff6b4943734ac438	len=43;sha=756c6d24e22c0c39b9b0989747540426823d8e69944a2134b35cd7b76ec3e76f
ooxml/docx/drawing.docx	docx.par.199.inline.1.xml	c-markup-canonical-same	len=621;sha=30e30d528002749a54c5bece49a3ebc30bd27b88100ecd8962f0dac53d72c422	len=45;sha=59116038c7933a2d2f10a5b052e4ad78275e52da59ad9b429e6fcc2e799e3494
ooxml/docx/drawing.docx	docx.par.199.inline.2.xml	c-markup-canonical-same	len=620;sha=8f5c61949a80cb77060c164a504343955dad55b3e7c566d5190a05ccae62c3ac	len=44;sha=24d5d4f1988da84d4ae8c3f19a734cc04fd0bdbf96dd7503a4f1d6e328cfe1c5
ooxml/docx/drawing.docx	docx.par.199.inline.4.xml	c-markup-canonical-same	len=619;sha=4793a92e0b7f1866de85ea4aa4a5dc2250b4aaf8788d080cff6b4943734ac438	len=43;sha=756c6d24e22c0c39b9b0989747540426823d8e69944a2134b35cd7b76ec3e76f
ooxml/docx/drawing.docx	docx.par.199.inline.5.xml	c-markup-canonical-same	len=618;sha=f74ab4c382911c8d6bd5126bc2b6a29e59756147356619cae3aa6a2d2a486712	len=42;sha=c26240eb89659c453a0c8b96ecfacbd2d93df7ab826227ab28bb5ce621e62941
ooxml/docx/drawing.docx	docx.par.199.inline.7.xml	c-markup-canonical-same	len=621;sha=30e30d528002749a54c5bece49a3ebc30bd27b88100ecd8962f0dac53d72c422	len=45;sha=59116038c7933a2d2f10a5b052e4ad78275e52da59ad9b429e6fcc2e799e3494
ooxml/docx/drawing.docx	docx.par.199.inline.9.xml	c-markup-canonical-same	len=619;sha=4793a92e0b7f1866de85ea4aa4a5dc2250b4aaf8788d080cff6b4943734ac438	len=43;sha=756c6d24e22c0c39b9b0989747540426823d8e69944a2134b35cd7b76ec3e76f
ooxml/docx/drawing.docx	docx.par.199.inline.11.xml	c-markup-canonical-same	len=621;sha=30e30d528002749a54c5bece49a3ebc30bd27b88100ecd8962f0dac53d72c422	len=45;sha=59116038c7933a2d2f10a5b052e4ad78275e52da59ad9b429e6fcc2e799e3494
ooxml/docx/drawing.docx	docx.par.199.inline.13.xml	c-markup-canonical-same	len=619;sha=4793a92e0b7f1866de85ea4aa4a5dc2250b4aaf8788d080cff6b4943734ac438	len=43;sha=756c6d24e22c0c39b9b0989747540426823d8e69944a2134b35cd7b76ec3e76f
ooxml/docx/drawing.docx	docx.par.201.inline.1.xml	c-markup-canonical-same	len=621;sha=30e30d528002749a54c5bece49a3ebc30bd27b88100ecd8962f0dac53d72c422	len=45;sha=59116038c7933a2d2f10a5b052e4ad78275e52da59ad9b429e6fcc2e799e3494
ooxml/docx/drawing.docx	docx.par.201.inline.3.xml	c-markup-canonical-same	len=619;sha=4793a92e0b7f1866de85ea4aa4a5dc2250b4aaf8788d080cff6b4943734ac438	len=43;sha=756c6d24e22c0c39b9b0989747540426823d8e69944a2134b35cd7b76ec3e76f
ooxml/docx/drawing.docx	docx.par.202.inline.1.xml	c-markup-canonical-same	len=620;sha=8f5c61949a80cb77060c164a504343955dad55b3e7c566d5190a05ccae62c3ac	len=44;sha=24d5d4f1988da84d4ae8c3f19a734cc04fd0bdbf96dd7503a4f1d6e328cfe1c5
ooxml/docx/drawing.docx	docx.par.202.inline.3.xml	c-markup-canonical-same	len=618;sha=f74ab4c382911c8d6bd5126bc2b6a29e59756147356619cae3aa6a2d2a486712	len=42;sha=c26240eb89659c453a0c8b96ecfacbd2d93df7ab826227ab28bb5ce621e62941
ooxml/docx/drawing.docx	docx.par.202.inline.5.xml	c-markup-canonical-same	len=621;sha=30e30d528002749a54c5bece49a3ebc30bd27b88100ecd8962f0dac53d72c422	len=45;sha=59116038c7933a2d2f10a5b052e4ad78275e52da59ad9b429e6fcc2e799e3494
ooxml/docx/drawing.docx	docx.par.202.inline.7.xml	c-markup-canonical-same	len=619;sha=4793a92e0b7f1866de85ea4aa4a5dc2250b4aaf8788d080cff6b4943734ac438	len=43;sha=756c6d24e22c0c39b9b0989747540426823d8e69944a2134b35cd7b76ec3e76f
ooxml/docx/drawing.docx	docx.par.202.inline.9.xml	c-markup-canonical-same	len=621;sha=30e30d528002749a54c5bece49a3ebc30bd27b88100ecd8962f0dac53d72c422	len=45;sha=59116038c7933a2d2f10a5b052e4ad78275e52da59ad9b429e6fcc2e799e3494
ooxml/docx/drawing.docx	docx.par.202.inline.11.xml	c-markup-canonical-same	len=619;sha=4793a92e0b7f1866de85ea4aa4a5dc2250b4aaf8788d080cff6b4943734ac438	len=43;sha=756c6d24e22c0c39b9b0989747540426823d8e69944a2134b35cd7b76ec3e76f
ooxml/docx/drawing.docx	docx.par.202.inline.13.xml	c-markup-canonical-same	len=621;sha=30e30d528002749a54c5bece49a3ebc30bd27b88100ecd8962f0dac53d72c422	len=45;sha=59116038c7933a2d2f10a5b052e4ad78275e52da59ad9b429e6fcc2e799e3494
ooxml/docx/drawing.docx	docx.par.202.inline.15.xml	c-markup-canonical-same	len=619;sha=4793a92e0b7f1866de85ea4aa4a5dc2250b4aaf8788d080cff6b4943734ac438	len=43;sha=756c6d24e22c0c39b9b0989747540426823d8e69944a2134b35cd7b76ec3e76f
ooxml/docx/drawing.docx	docx.par.202.inline.17.xml	c-markup-canonical-same	len=621;sha=30e30d528002749a54c5bece49a3ebc30bd27b88100ecd8962f0dac53d72c422	len=45;sha=59116038c7933a2d2f10a5b052e4ad78275e52da59ad9b429e6fcc2e799e3494
ooxml/docx/drawing.docx	docx.par.202.inline.19.xml	c-markup-canonical-same	len=619;sha=4793a92e0b7f1866de85ea4aa4a5dc2250b4aaf8788d080cff6b4943734ac438	len=43;sha=756c6d24e22c0c39b9b0989747540426823d8e69944a2134b35cd7b76ec3e76f
ooxml/docx/drawing.docx	docx.par.202.inline.21.xml	c-markup-canonical-same	len=621;sha=30e30d528002749a54c5bece49a3ebc30bd27b88100ecd8962f0dac53d72c422	len=45;sha=59116038c7933a2d2f10a5b052e4ad78275e52da59ad9b429e6fcc2e799e3494
ooxml/docx/drawing.docx	docx.par.202.inline.23.xml	c-markup-canonical-same	len=619;sha=4793a92e0b7f1866de85ea4aa4a5dc2250b4aaf8788d080cff6b4943734ac438	len=43;sha=756c6d24e22c0c39b9b0989747540426823d8e69944a2134b35cd7b76ec3e76f
ooxml/docx/drawing.docx	docx.par.202.inline.25.xml	c-markup-canonical-same	len=621;sha=30e30d528002749a54c5bece49a3ebc30bd27b88100ecd8962f0dac53d72c422	len=45;sha=59116038c7933a2d2f10a5b052e4ad78275e52da59ad9b429e6fcc2e799e3494
ooxml/docx/drawing.docx	docx.par.202.inline.27.xml	c-markup-canonical-same	len=619;sha=4793a92e0b7f1866de85ea4aa4a5dc2250b4aaf8788d080cff6b4943734ac438	len=43;sha=756c6d24e22c0c39b9b0989747540426823d8e69944a2134b35cd7b76ec3e76f
ooxml/docx/drawing.docx	docx.par.202.inline.29.xml	c-markup-canonical-same	len=621;sha=30e30d528002749a54c5bece49a3ebc30bd27b88100ecd8962f0dac53d72c422	len=45;sha=59116038c7933a2d2f10a5b052e4ad78275e52da59ad9b429e6fcc2e799e3494
ooxml/docx/drawing.docx	docx.par.202.inline.30.xml	c-markup-canonical-same	len=620;sha=8f5c61949a80cb77060c164a504343955dad55b3e7c566d5190a05ccae62c3ac	len=44;sha=24d5d4f1988da84d4ae8c3f19a734cc04fd0bdbf96dd7503a4f1d6e328cfe1c5
ooxml/docx/drawing.docx	docx.par.202.inline.32.xml	c-markup-canonical-same	len=619;sha=4793a92e0b7f1866de85ea4aa4a5dc2250b4aaf8788d080cff6b4943734ac438	len=43;sha=756c6d24e22c0c39b9b0989747540426823d8e69944a2134b35cd7b76ec3e76f
ooxml/docx/drawing.docx	docx.par.202.inline.33.xml	c-markup-canonical-same	len=618;sha=f74ab4c382911c8d6bd5126bc2b6a29e59756147356619cae3aa6a2d2a486712	len=42;sha=c26240eb89659c453a0c8b96ecfacbd2d93df7ab826227ab28bb5ce621e62941
ooxml/docx/drawing.docx	docx.par.203.inline.4.xml	c-markup-canonical-same	len=621;sha=30e30d528002749a54c5bece49a3ebc30bd27b88100ecd8962f0dac53d72c422	len=45;sha=59116038c7933a2d2f10a5b052e4ad78275e52da59ad9b429e6fcc2e799e3494
ooxml/docx/drawing.docx	docx.par.203.inline.6.xml	c-markup-canonical-same	len=619;sha=4793a92e0b7f1866de85ea4aa4a5dc2250b4aaf8788d080cff6b4943734ac438	len=43;sha=756c6d24e22c0c39b9b0989747540426823d8e69944a2134b35cd7b76ec3e76f
ooxml/docx/drawing.docx	docx.par.204.run.0.content.0.xml	c-markup-canonical-same	len=627;sha=75f43db0aea84cb60c09fd34ffa2f0df8166290ce950ee50856987088bbe3491	len=51;sha=c517a498d28f6ce4380975afb31d1f3e1f837e71f8e37fba1991cd6d2f883203
ooxml/docx/drawing.docx	docx.par.205.inline.1.xml	c-markup-canonical-same	len=621;sha=30e30d528002749a54c5bece49a3ebc30bd27b88100ecd8962f0dac53d72c422	len=45;sha=59116038c7933a2d2f10a5b052e4ad78275e52da59ad9b429e6fcc2e799e3494
ooxml/docx/drawing.docx	docx.par.205.inline.3.xml	c-markup-canonical-same	len=619;sha=4793a92e0b7f1866de85ea4aa4a5dc2250b4aaf8788d080cff6b4943734ac438	len=43;sha=756c6d24e22c0c39b9b0989747540426823d8e69944a2134b35cd7b76ec3e76f
ooxml/docx/drawing.docx	docx.par.205.inline.5.xml	c-markup-canonical-same	len=620;sha=8f5c61949a80cb77060c164a504343955dad55b3e7c566d5190a05ccae62c3ac	len=44;sha=24d5d4f1988da84d4ae8c3f19a734cc04fd0bdbf96dd7503a4f1d6e328cfe1c5
ooxml/docx/drawing.docx	docx.par.205.inline.7.xml	c-markup-canonical-same	len=618;sha=f74ab4c382911c8d6bd5126bc2b6a29e59756147356619cae3aa6a2d2a486712	len=42;sha=c26240eb89659c453a0c8b96ecfacbd2d93df7ab826227ab28bb5ce621e62941
ooxml/docx/drawing.docx	docx.par.205.inline.9.xml	c-markup-canonical-same	len=620;sha=8f5c61949a80cb77060c164a504343955dad55b3e7c566d5190a05ccae62c3ac	len=44;sha=24d5d4f1988da84d4ae8c3f19a734cc04fd0bdbf96dd7503a4f1d6e328cfe1c5
ooxml/docx/drawing.docx	docx.par.205.inline.11.xml	c-markup-canonical-same	len=618;sha=f74ab4c382911c8d6bd5126bc2b6a29e59756147356619cae3aa6a2d2a486712	len=42;sha=c26240eb89659c453a0c8b96ecfacbd2d93df7ab826227ab28bb5ce621e62941
ooxml/docx/drawing.docx	docx.par.205.inline.13.xml	c-markup-canonical-same	len=621;sha=30e30d528002749a54c5bece49a3ebc30bd27b88100ecd8962f0dac53d72c422	len=45;sha=59116038c7933a2d2f10a5b052e4ad78275e52da59ad9b429e6fcc2e799e3494
ooxml/docx/drawing.docx	docx.par.205.inline.15.xml	c-markup-canonical-same	len=619;sha=4793a92e0b7f1866de85ea4aa4a5dc2250b4aaf8788d080cff6b4943734ac438	len=43;sha=756c6d24e22c0c39b9b0989747540426823d8e69944a2134b35cd7b76ec3e76f
ooxml/docx/drawing.docx	docx.par.205.inline.17.xml	c-markup-canonical-same	len=621;sha=30e30d528002749a54c5bece49a3ebc30bd27b88100ecd8962f0dac53d72c422	len=45;sha=59116038c7933a2d2f10a5b052e4ad78275e52da59ad9b429e6fcc2e799e3494
ooxml/docx/drawing.docx	docx.par.205.inline.19.xml	c-markup-canonical-same	len=619;sha=4793a92e0b7f1866de85ea4aa4a5dc2250b4aaf8788d080cff6b4943734ac438	len=43;sha=756c6d24e22c0c39b9b0989747540426823d8e69944a2134b35cd7b76ec3e76f
ooxml/docx/drawing.docx	docx.par.205.inline.21.xml	c-markup-canonical-same	len=621;sha=30e30d528002749a54c5bece49a3ebc30bd27b88100ecd8962f0dac53d72c422	len=45;sha=59116038c7933a2d2f10a5b052e4ad78275e52da59ad9b429e6fcc2e799e3494
ooxml/docx/drawing.docx	docx.par.205.inline.23.xml	c-markup-canonical-same	len=619;sha=4793a92e0b7f1866de85ea4aa4a5dc2250b4aaf8788d080cff6b4943734ac438	len=43;sha=756c6d24e22c0c39b9b0989747540426823d8e69944a2134b35cd7b76ec3e76f
ooxml/docx/drawing.docx	docx.par.206.inline.1.xml	c-markup-canonical-same	len=621;sha=30e30d528002749a54c5bece49a3ebc30bd27b88100ecd8962f0dac53d72c422	len=45;sha=59116038c7933a2d2f10a5b052e4ad78275e52da59ad9b429e6fcc2e799e3494
ooxml/docx/drawing.docx	docx.par.206.inline.3.xml	c-markup-canonical-same	len=619;sha=4793a92e0b7f1866de85ea4aa4a5dc2250b4aaf8788d080cff6b4943734ac438	len=43;sha=756c6d24e22c0c39b9b0989747540426823d8e69944a2134b35cd7b76ec3e76f
ooxml/docx/drawing.docx	docx.par.206.inline.5.xml	c-markup-canonical-same	len=621;sha=30e30d528002749a54c5bece49a3ebc30bd27b88100ecd8962f0dac53d72c422	len=45;sha=59116038c7933a2d2f10a5b052e4ad78275e52da59ad9b429e6fcc2e799e3494
ooxml/docx/drawing.docx	docx.par.206.inline.7.xml	c-markup-canonical-same	len=619;sha=4793a92e0b7f1866de85ea4aa4a5dc2250b4aaf8788d080cff6b4943734ac438	len=43;sha=756c6d24e22c0c39b9b0989747540426823d8e69944a2134b35cd7b76ec3e76f
ooxml/docx/drawing.docx	docx.par.207.inline.1.xml	c-markup-canonical-same	len=621;sha=30e30d528002749a54c5bece49a3ebc30bd27b88100ecd8962f0dac53d72c422	len=45;sha=59116038c7933a2d2f10a5b052e4ad78275e52da59ad9b429e6fcc2e799e3494
ooxml/docx/drawing.docx	docx.par.207.inline.3.xml	c-markup-canonical-same	len=619;sha=4793a92e0b7f1866de85ea4aa4a5dc2250b4aaf8788d080cff6b4943734ac438	len=43;sha=756c6d24e22c0c39b9b0989747540426823d8e69944a2134b35cd7b76ec3e76f
ooxml/docx/drawing.docx	docx.par.208.inline.1.xml	c-markup-canonical-same	len=621;sha=30e30d528002749a54c5bece49a3ebc30bd27b88100ecd8962f0dac53d72c422	len=45;sha=59116038c7933a2d2f10a5b052e4ad78275e52da59ad9b429e6fcc2e799e3494
ooxml/docx/drawing.docx	docx.par.208.inline.3.xml	c-markup-canonical-same	len=619;sha=4793a92e0b7f1866de85ea4aa4a5dc2250b4aaf8788d080cff6b4943734ac438	len=43;sha=756c6d24e22c0c39b9b0989747540426823d8e69944a2134b35cd7b76ec3e76f
ooxml/docx/drawing.docx	docx.par.208.inline.5.xml	c-markup-canonical-same	len=621;sha=30e30d528002749a54c5bece49a3ebc30bd27b88100ecd8962f0dac53d72c422	len=45;sha=59116038c7933a2d2f10a5b052e4ad78275e52da59ad9b429e6fcc2e799e3494
ooxml/docx/drawing.docx	docx.par.208.inline.7.xml	c-markup-canonical-same	len=619;sha=4793a92e0b7f1866de85ea4aa4a5dc2250b4aaf8788d080cff6b4943734ac438	len=43;sha=756c6d24e22c0c39b9b0989747540426823d8e69944a2134b35cd7b76ec3e76f
ooxml/docx/drawing.docx	docx.par.208.inline.12.xml	c-markup-canonical-same	len=621;sha=30e30d528002749a54c5bece49a3ebc30bd27b88100ecd8962f0dac53d72c422	len=45;sha=59116038c7933a2d2f10a5b052e4ad78275e52da59ad9b429e6fcc2e799e3494
ooxml/docx/drawing.docx	docx.par.208.inline.14.xml	c-markup-canonical-same	len=619;sha=4793a92e0b7f1866de85ea4aa4a5dc2250b4aaf8788d080cff6b4943734ac438	len=43;sha=756c6d24e22c0c39b9b0989747540426823d8e69944a2134b35cd7b76ec3e76f
ooxml/docx/drawing.docx	docx.par.208.inline.17.xml	c-markup-canonical-same	len=621;sha=30e30d528002749a54c5bece49a3ebc30bd27b88100ecd8962f0dac53d72c422	len=45;sha=59116038c7933a2d2f10a5b052e4ad78275e52da59ad9b429e6fcc2e799e3494
ooxml/docx/drawing.docx	docx.par.208.inline.19.xml	c-markup-canonical-same	len=619;sha=4793a92e0b7f1866de85ea4aa4a5dc2250b4aaf8788d080cff6b4943734ac438	len=43;sha=756c6d24e22c0c39b9b0989747540426823d8e69944a2134b35cd7b76ec3e76f
ooxml/docx/drawing.docx	docx.par.208.inline.21.xml	c-markup-canonical-same	len=621;sha=30e30d528002749a54c5bece49a3ebc30bd27b88100ecd8962f0dac53d72c422	len=45;sha=59116038c7933a2d2f10a5b052e4ad78275e52da59ad9b429e6fcc2e799e3494
ooxml/docx/drawing.docx	docx.par.208.inline.23.xml	c-markup-canonical-same	len=619;sha=4793a92e0b7f1866de85ea4aa4a5dc2250b4aaf8788d080cff6b4943734ac438	len=43;sha=756c6d24e22c0c39b9b0989747540426823d8e69944a2134b35cd7b76ec3e76f
ooxml/docx/drawing.docx	docx.par.208.inline.25.xml	c-markup-canonical-same	len=621;sha=30e30d528002749a54c5bece49a3ebc30bd27b88100ecd8962f0dac53d72c422	len=45;sha=59116038c7933a2d2f10a5b052e4ad78275e52da59ad9b429e6fcc2e799e3494
ooxml/docx/drawing.docx	docx.par.208.inline.27.xml	c-markup-canonical-same	len=619;sha=4793a92e0b7f1866de85ea4aa4a5dc2250b4aaf8788d080cff6b4943734ac438	len=43;sha=756c6d24e22c0c39b9b0989747540426823d8e69944a2134b35cd7b76ec3e76f
ooxml/docx/drawing.docx	docx.par.208.inline.29.xml	c-markup-canonical-same	len=621;sha=30e30d528002749a54c5bece49a3ebc30bd27b88100ecd8962f0dac53d72c422	len=45;sha=59116038c7933a2d2f10a5b052e4ad78275e52da59ad9b429e6fcc2e799e3494
ooxml/docx/drawing.docx	docx.par.208.inline.30.xml	c-markup-canonical-same	len=620;sha=8f5c61949a80cb77060c164a504343955dad55b3e7c566d5190a05ccae62c3ac	len=44;sha=24d5d4f1988da84d4ae8c3f19a734cc04fd0bdbf96dd7503a4f1d6e328cfe1c5
ooxml/docx/drawing.docx	docx.par.208.inline.32.xml	c-markup-canonical-same	len=619;sha=4793a92e0b7f1866de85ea4aa4a5dc2250b4aaf8788d080cff6b4943734ac438	len=43;sha=756c6d24e22c0c39b9b0989747540426823d8e69944a2134b35cd7b76ec3e76f
ooxml/docx/drawing.docx	docx.par.208.inline.33.xml	c-markup-canonical-same	len=618;sha=f74ab4c382911c8d6bd5126bc2b6a29e59756147356619cae3aa6a2d2a486712	len=42;sha=c26240eb89659c453a0c8b96ecfacbd2d93df7ab826227ab28bb5ce621e62941
ooxml/docx/drawing.docx	docx.par.210.inline.1.xml	c-markup-canonical-same	len=621;sha=30e30d528002749a54c5bece49a3ebc30bd27b88100ecd8962f0dac53d72c422	len=45;sha=59116038c7933a2d2f10a5b052e4ad78275e52da59ad9b429e6fcc2e799e3494
ooxml/docx/drawing.docx	docx.par.210.inline.3.xml	c-markup-canonical-same	len=619;sha=4793a92e0b7f1866de85ea4aa4a5dc2250b4aaf8788d080cff6b4943734ac438	len=43;sha=756c6d24e22c0c39b9b0989747540426823d8e69944a2134b35cd7b76ec3e76f
ooxml/docx/drawing.docx	docx.par.210.inline.5.xml	c-markup-canonical-same	len=621;sha=30e30d528002749a54c5bece49a3ebc30bd27b88100ecd8962f0dac53d72c422	len=45;sha=59116038c7933a2d2f10a5b052e4ad78275e52da59ad9b429e6fcc2e799e3494
ooxml/docx/drawing.docx	docx.par.210.inline.7.xml	c-markup-canonical-same	len=619;sha=4793a92e0b7f1866de85ea4aa4a5dc2250b4aaf8788d080cff6b4943734ac438	len=43;sha=756c6d24e22c0c39b9b0989747540426823d8e69944a2134b35cd7b76ec3e76f
ooxml/docx/drawing.docx	docx.par.213.inline.1.xml	c-markup-canonical-same	len=620;sha=8f5c61949a80cb77060c164a504343955dad55b3e7c566d5190a05ccae62c3ac	len=44;sha=24d5d4f1988da84d4ae8c3f19a734cc04fd0bdbf96dd7503a4f1d6e328cfe1c5
ooxml/docx/drawing.docx	docx.par.213.inline.3.xml	c-markup-canonical-same	len=618;sha=f74ab4c382911c8d6bd5126bc2b6a29e59756147356619cae3aa6a2d2a486712	len=42;sha=c26240eb89659c453a0c8b96ecfacbd2d93df7ab826227ab28bb5ce621e62941
ooxml/docx/drawing.docx	docx.par.213.run.3.content.0.xml	c-markup-canonical-same	len=627;sha=75f43db0aea84cb60c09fd34ffa2f0df8166290ce950ee50856987088bbe3491	len=51;sha=c517a498d28f6ce4380975afb31d1f3e1f837e71f8e37fba1991cd6d2f883203
ooxml/docx/drawing.docx	docx.par.215.inline.1.xml	c-markup-canonical-same	len=621;sha=30e30d528002749a54c5bece49a3ebc30bd27b88100ecd8962f0dac53d72c422	len=45;sha=59116038c7933a2d2f10a5b052e4ad78275e52da59ad9b429e6fcc2e799e3494
ooxml/docx/drawing.docx	docx.par.215.inline.3.xml	c-markup-canonical-same	len=619;sha=4793a92e0b7f1866de85ea4aa4a5dc2250b4aaf8788d080cff6b4943734ac438	len=43;sha=756c6d24e22c0c39b9b0989747540426823d8e69944a2134b35cd7b76ec3e76f
ooxml/docx/drawing.docx	docx.par.215.inline.5.xml	c-markup-canonical-same	len=621;sha=30e30d528002749a54c5bece49a3ebc30bd27b88100ecd8962f0dac53d72c422	len=45;sha=59116038c7933a2d2f10a5b052e4ad78275e52da59ad9b429e6fcc2e799e3494
ooxml/docx/drawing.docx	docx.par.215.inline.6.xml	c-markup-canonical-same	len=620;sha=8f5c61949a80cb77060c164a504343955dad55b3e7c566d5190a05ccae62c3ac	len=44;sha=24d5d4f1988da84d4ae8c3f19a734cc04fd0bdbf96dd7503a4f1d6e328cfe1c5
ooxml/docx/drawing.docx	docx.par.215.inline.8.xml	c-markup-canonical-same	len=619;sha=4793a92e0b7f1866de85ea4aa4a5dc2250b4aaf8788d080cff6b4943734ac438	len=43;sha=756c6d24e22c0c39b9b0989747540426823d8e69944a2134b35cd7b76ec3e76f
ooxml/docx/drawing.docx	docx.par.215.inline.9.xml	c-markup-canonical-same	len=618;sha=f74ab4c382911c8d6bd5126bc2b6a29e59756147356619cae3aa6a2d2a486712	len=42;sha=c26240eb89659c453a0c8b96ecfacbd2d93df7ab826227ab28bb5ce621e62941
ooxml/docx/drawing.docx	docx.par.215.inline.11.xml	c-markup-canonical-same	len=621;sha=30e30d528002749a54c5bece49a3ebc30bd27b88100ecd8962f0dac53d72c422	len=45;sha=59116038c7933a2d2f10a5b052e4ad78275e52da59ad9b429e6fcc2e799e3494
ooxml/docx/drawing.docx	docx.par.215.inline.12.xml	c-markup-canonical-same	len=620;sha=8f5c61949a80cb77060c164a504343955dad55b3e7c566d5190a05ccae62c3ac	len=44;sha=24d5d4f1988da84d4ae8c3f19a734cc04fd0bdbf96dd7503a4f1d6e328cfe1c5
ooxml/docx/drawing.docx	docx.par.215.inline.14.xml	c-markup-canonical-same	len=619;sha=4793a92e0b7f1866de85ea4aa4a5dc2250b4aaf8788d080cff6b4943734ac438	len=43;sha=756c6d24e22c0c39b9b0989747540426823d8e69944a2134b35cd7b76ec3e76f
ooxml/docx/drawing.docx	docx.par.215.inline.15.xml	c-markup-canonical-same	len=618;sha=f74ab4c382911c8d6bd5126bc2b6a29e59756147356619cae3aa6a2d2a486712	len=42;sha=c26240eb89659c453a0c8b96ecfacbd2d93df7ab826227ab28bb5ce621e62941
ooxml/docx/drawing.docx	docx.par.215.inline.17.xml	c-markup-canonical-same	len=621;sha=30e30d528002749a54c5bece49a3ebc30bd27b88100ecd8962f0dac53d72c422	len=45;sha=59116038c7933a2d2f10a5b052e4ad78275e52da59ad9b429e6fcc2e799e3494
ooxml/docx/drawing.docx	docx.par.215.inline.19.xml	c-markup-canonical-same	len=619;sha=4793a92e0b7f1866de85ea4aa4a5dc2250b4aaf8788d080cff6b4943734ac438	len=43;sha=756c6d24e22c0c39b9b0989747540426823d8e69944a2134b35cd7b76ec3e76f
ooxml/docx/drawing.docx	docx.par.215.inline.21.xml	c-markup-canonical-same	len=621;sha=30e30d528002749a54c5bece49a3ebc30bd27b88100ecd8962f0dac53d72c422	len=45;sha=59116038c7933a2d2f10a5b052e4ad78275e52da59ad9b429e6fcc2e799e3494
ooxml/docx/drawing.docx	docx.par.215.inline.23.xml	c-markup-canonical-same	len=619;sha=4793a92e0b7f1866de85ea4aa4a5dc2250b4aaf8788d080cff6b4943734ac438	len=43;sha=756c6d24e22c0c39b9b0989747540426823d8e69944a2134b35cd7b76ec3e76f
ooxml/docx/drawing.docx	docx.par.215.inline.25.xml	c-markup-canonical-same	len=621;sha=30e30d528002749a54c5bece49a3ebc30bd27b88100ecd8962f0dac53d72c422	len=45;sha=59116038c7933a2d2f10a5b052e4ad78275e52da59ad9b429e6fcc2e799e3494
ooxml/docx/drawing.docx	docx.par.215.inline.27.xml	c-markup-canonical-same	len=619;sha=4793a92e0b7f1866de85ea4aa4a5dc2250b4aaf8788d080cff6b4943734ac438	len=43;sha=756c6d24e22c0c39b9b0989747540426823d8e69944a2134b35cd7b76ec3e76f
ooxml/docx/drawing.docx	docx.par.217.inline.3.xml	c-markup-canonical-same	len=620;sha=8f5c61949a80cb77060c164a504343955dad55b3e7c566d5190a05ccae62c3ac	len=44;sha=24d5d4f1988da84d4ae8c3f19a734cc04fd0bdbf96dd7503a4f1d6e328cfe1c5
ooxml/docx/drawing.docx	docx.par.217.inline.5.xml	c-markup-canonical-same	len=618;sha=f74ab4c382911c8d6bd5126bc2b6a29e59756147356619cae3aa6a2d2a486712	len=42;sha=c26240eb89659c453a0c8b96ecfacbd2d93df7ab826227ab28bb5ce621e62941
ooxml/docx/drawing.docx	docx.par.218.inline.1.xml	c-markup-canonical-same	len=621;sha=30e30d528002749a54c5bece49a3ebc30bd27b88100ecd8962f0dac53d72c422	len=45;sha=59116038c7933a2d2f10a5b052e4ad78275e52da59ad9b429e6fcc2e799e3494
ooxml/docx/drawing.docx	docx.par.218.inline.3.xml	c-markup-canonical-same	len=619;sha=4793a92e0b7f1866de85ea4aa4a5dc2250b4aaf8788d080cff6b4943734ac438	len=43;sha=756c6d24e22c0c39b9b0989747540426823d8e69944a2134b35cd7b76ec3e76f
ooxml/docx/drawing.docx	docx.par.218.inline.5.xml	c-markup-canonical-same	len=621;sha=30e30d528002749a54c5bece49a3ebc30bd27b88100ecd8962f0dac53d72c422	len=45;sha=59116038c7933a2d2f10a5b052e4ad78275e52da59ad9b429e6fcc2e799e3494
ooxml/docx/drawing.docx	docx.par.218.inline.7.xml	c-markup-canonical-same	len=619;sha=4793a92e0b7f1866de85ea4aa4a5dc2250b4aaf8788d080cff6b4943734ac438	len=43;sha=756c6d24e22c0c39b9b0989747540426823d8e69944a2134b35cd7b76ec3e76f
ooxml/docx/drawing.docx	docx.par.219.inline.1.xml	c-markup-canonical-same	len=621;sha=30e30d528002749a54c5bece49a3ebc30bd27b88100ecd8962f0dac53d72c422	len=45;sha=59116038c7933a2d2f10a5b052e4ad78275e52da59ad9b429e6fcc2e799e3494
ooxml/docx/drawing.docx	docx.par.219.inline.3.xml	c-markup-canonical-same	len=619;sha=4793a92e0b7f1866de85ea4aa4a5dc2250b4aaf8788d080cff6b4943734ac438	len=43;sha=756c6d24e22c0c39b9b0989747540426823d8e69944a2134b35cd7b76ec3e76f
ooxml/docx/drawing.docx	docx.par.219.inline.5.xml	c-markup-canonical-same	len=621;sha=30e30d528002749a54c5bece49a3ebc30bd27b88100ecd8962f0dac53d72c422	len=45;sha=59116038c7933a2d2f10a5b052e4ad78275e52da59ad9b429e6fcc2e799e3494
ooxml/docx/drawing.docx	docx.par.219.inline.7.xml	c-markup-canonical-same	len=619;sha=4793a92e0b7f1866de85ea4aa4a5dc2250b4aaf8788d080cff6b4943734ac438	len=43;sha=756c6d24e22c0c39b9b0989747540426823d8e69944a2134b35cd7b76ec3e76f
ooxml/docx/drawing.docx	docx.par.219.inline.9.xml	c-markup-canonical-same	len=621;sha=30e30d528002749a54c5bece49a3ebc30bd27b88100ecd8962f0dac53d72c422	len=45;sha=59116038c7933a2d2f10a5b052e4ad78275e52da59ad9b429e6fcc2e799e3494
ooxml/docx/drawing.docx	docx.par.219.inline.11.xml	c-markup-canonical-same	len=619;sha=4793a92e0b7f1866de85ea4aa4a5dc2250b4aaf8788d080cff6b4943734ac438	len=43;sha=756c6d24e22c0c39b9b0989747540426823d8e69944a2134b35cd7b76ec3e76f
ooxml/docx/drawing.docx	docx.par.219.inline.13.xml	c-markup-canonical-same	len=621;sha=30e30d528002749a54c5bece49a3ebc30bd27b88100ecd8962f0dac53d72c422	len=45;sha=59116038c7933a2d2f10a5b052e4ad78275e52da59ad9b429e6fcc2e799e3494
ooxml/docx/drawing.docx	docx.par.219.inline.15.xml	c-markup-canonical-same	len=619;sha=4793a92e0b7f1866de85ea4aa4a5dc2250b4aaf8788d080cff6b4943734ac438	len=43;sha=756c6d24e22c0c39b9b0989747540426823d8e69944a2134b35cd7b76ec3e76f
ooxml/docx/drawing.docx	docx.par.220.inline.1.xml	c-markup-canonical-same	len=621;sha=30e30d528002749a54c5bece49a3ebc30bd27b88100ecd8962f0dac53d72c422	len=45;sha=59116038c7933a2d2f10a5b052e4ad78275e52da59ad9b429e6fcc2e799e3494
ooxml/docx/drawing.docx	docx.par.220.inline.3.xml	c-markup-canonical-same	len=619;sha=4793a92e0b7f1866de85ea4aa4a5dc2250b4aaf8788d080cff6b4943734ac438	len=43;sha=756c6d24e22c0c39b9b0989747540426823d8e69944a2134b35cd7b76ec3e76f
ooxml/docx/drawing.docx	docx.par.220.inline.6.xml	c-markup-canonical-same	len=621;sha=30e30d528002749a54c5bece49a3ebc30bd27b88100ecd8962f0dac53d72c422	len=45;sha=59116038c7933a2d2f10a5b052e4ad78275e52da59ad9b429e6fcc2e799e3494
ooxml/docx/drawing.docx	docx.par.220.inline.7.xml	c-markup-canonical-same	len=620;sha=8f5c61949a80cb77060c164a504343955dad55b3e7c566d5190a05ccae62c3ac	len=44;sha=24d5d4f1988da84d4ae8c3f19a734cc04fd0bdbf96dd7503a4f1d6e328cfe1c5
ooxml/docx/drawing.docx	docx.par.220.inline.9.xml	c-markup-canonical-same	len=619;sha=4793a92e0b7f1866de85ea4aa4a5dc2250b4aaf8788d080cff6b4943734ac438	len=43;sha=756c6d24e22c0c39b9b0989747540426823d8e69944a2134b35cd7b76ec3e76f
ooxml/docx/drawing.docx	docx.par.220.inline.10.xml	c-markup-canonical-same	len=618;sha=f74ab4c382911c8d6bd5126bc2b6a29e59756147356619cae3aa6a2d2a486712	len=42;sha=c26240eb89659c453a0c8b96ecfacbd2d93df7ab826227ab28bb5ce621e62941
ooxml/docx/drawing.docx	docx.par.220.run.3.content.0.xml	c-markup-canonical-same	len=627;sha=75f43db0aea84cb60c09fd34ffa2f0df8166290ce950ee50856987088bbe3491	len=51;sha=c517a498d28f6ce4380975afb31d1f3e1f837e71f8e37fba1991cd6d2f883203
ooxml/docx/drawing.docx	docx.par.221.inline.1.xml	c-markup-canonical-same	len=621;sha=30e30d528002749a54c5bece49a3ebc30bd27b88100ecd8962f0dac53d72c422	len=45;sha=59116038c7933a2d2f10a5b052e4ad78275e52da59ad9b429e6fcc2e799e3494
ooxml/docx/drawing.docx	docx.par.221.inline.3.xml	c-markup-canonical-same	len=619;sha=4793a92e0b7f1866de85ea4aa4a5dc2250b4aaf8788d080cff6b4943734ac438	len=43;sha=756c6d24e22c0c39b9b0989747540426823d8e69944a2134b35cd7b76ec3e76f
ooxml/docx/drawing.docx	docx.par.221.inline.5.xml	c-markup-canonical-same	len=620;sha=8f5c61949a80cb77060c164a504343955dad55b3e7c566d5190a05ccae62c3ac	len=44;sha=24d5d4f1988da84d4ae8c3f19a734cc04fd0bdbf96dd7503a4f1d6e328cfe1c5
ooxml/docx/drawing.docx	docx.par.221.inline.7.xml	c-markup-canonical-same	len=618;sha=f74ab4c382911c8d6bd5126bc2b6a29e59756147356619cae3aa6a2d2a486712	len=42;sha=c26240eb89659c453a0c8b96ecfacbd2d93df7ab826227ab28bb5ce621e62941
ooxml/docx/drawing.docx	docx.par.221.inline.9.xml	c-markup-canonical-same	len=621;sha=30e30d528002749a54c5bece49a3ebc30bd27b88100ecd8962f0dac53d72c422	len=45;sha=59116038c7933a2d2f10a5b052e4ad78275e52da59ad9b429e6fcc2e799e3494
ooxml/docx/drawing.docx	docx.par.221.inline.11.xml	c-markup-canonical-same	len=619;sha=4793a92e0b7f1866de85ea4aa4a5dc2250b4aaf8788d080cff6b4943734ac438	len=43;sha=756c6d24e22c0c39b9b0989747540426823d8e69944a2134b35cd7b76ec3e76f
ooxml/docx/drawing.docx	docx.par.221.inline.16.xml	c-markup-canonical-same	len=621;sha=30e30d528002749a54c5bece49a3ebc30bd27b88100ecd8962f0dac53d72c422	len=45;sha=59116038c7933a2d2f10a5b052e4ad78275e52da59ad9b429e6fcc2e799e3494
ooxml/docx/drawing.docx	docx.par.221.inline.18.xml	c-markup-canonical-same	len=619;sha=4793a92e0b7f1866de85ea4aa4a5dc2250b4aaf8788d080cff6b4943734ac438	len=43;sha=756c6d24e22c0c39b9b0989747540426823d8e69944a2134b35cd7b76ec3e76f
ooxml/docx/drawing.docx	docx.par.222.inline.1.xml	c-markup-canonical-same	len=621;sha=30e30d528002749a54c5bece49a3ebc30bd27b88100ecd8962f0dac53d72c422	len=45;sha=59116038c7933a2d2f10a5b052e4ad78275e52da59ad9b429e6fcc2e799e3494
ooxml/docx/drawing.docx	docx.par.222.inline.3.xml	c-markup-canonical-same	len=619;sha=4793a92e0b7f1866de85ea4aa4a5dc2250b4aaf8788d080cff6b4943734ac438	len=43;sha=756c6d24e22c0c39b9b0989747540426823d8e69944a2134b35cd7b76ec3e76f
ooxml/docx/drawing.docx	docx.par.226.inline.1.xml	c-markup-canonical-same	len=620;sha=8f5c61949a80cb77060c164a504343955dad55b3e7c566d5190a05ccae62c3ac	len=44;sha=24d5d4f1988da84d4ae8c3f19a734cc04fd0bdbf96dd7503a4f1d6e328cfe1c5
ooxml/docx/drawing.docx	docx.par.226.inline.3.xml	c-markup-canonical-same	len=618;sha=f74ab4c382911c8d6bd5126bc2b6a29e59756147356619cae3aa6a2d2a486712	len=42;sha=c26240eb89659c453a0c8b96ecfacbd2d93df7ab826227ab28bb5ce621e62941
ooxml/docx/drawing.docx	docx.par.226.inline.5.xml	c-markup-canonical-same	len=621;sha=30e30d528002749a54c5bece49a3ebc30bd27b88100ecd8962f0dac53d72c422	len=45;sha=59116038c7933a2d2f10a5b052e4ad78275e52da59ad9b429e6fcc2e799e3494
ooxml/docx/drawing.docx	docx.par.226.inline.7.xml	c-markup-canonical-same	len=619;sha=4793a92e0b7f1866de85ea4aa4a5dc2250b4aaf8788d080cff6b4943734ac438	len=43;sha=756c6d24e22c0c39b9b0989747540426823d8e69944a2134b35cd7b76ec3e76f
ooxml/docx/drawing.docx	docx.par.226.inline.9.xml	c-markup-canonical-same	len=621;sha=30e30d528002749a54c5bece49a3ebc30bd27b88100ecd8962f0dac53d72c422	len=45;sha=59116038c7933a2d2f10a5b052e4ad78275e52da59ad9b429e6fcc2e799e3494
ooxml/docx/drawing.docx	docx.par.226.inline.11.xml	c-markup-canonical-same	len=619;sha=4793a92e0b7f1866de85ea4aa4a5dc2250b4aaf8788d080cff6b4943734ac438	len=43;sha=756c6d24e22c0c39b9b0989747540426823d8e69944a2134b35cd7b76ec3e76f
ooxml/docx/drawing.docx	docx.block.190.xml	c-markup-canonical-same	len=3195;sha=7d269a02a7b0e056d5c3b70798fe1415095bc28522571e9b4235bcff520978b4	len=315;sha=d77c9a953334717b781f687ff63b07823086fb776b2c28300637b0028ab9a76b
ooxml/docx/endnotes.docx	docx.block.12.xml	c-markup-canonical-same	len=3195;sha=d73c05e48ab637253345fb2edc2c520939f637ac512236b869eb545d996ec8fc	len=315;sha=9e9114205b98f9700333b5116507a010ca08717e17fef8abfd662923e0542f19
ooxml/docx/endnotes.docx	docx.en.0.xml	c-markup-canonical-same	len=9620;sha=fb6d7d9e77725f88b9e115b6fa47472a8a2a0911959a18495def6d08250d2293	len=404;sha=21176b57dc7fcb8e4c18677ee779c724f32844ac31a5dd1712d715d1782b1307
ooxml/docx/footnotes.docx	docx.block.1.xml	c-markup-canonical-same	len=3195;sha=a99957978b4b6a2f359ab8fab751aba379ff89d120eff1f1f3e3830bf4d4f713	len=315;sha=6bee8101663e22795476c61fc490f8bc0c33e4e6b47d11c669649a36f9cf8f28
ooxml/docx/footnotes.docx	docx.fn.0.xml	c-markup-canonical-same	len=9627;sha=d2323c208d2cfc7afdf13a69ee4be46f88fce5b7dd6375ed65c5e8ea11908b72	len=411;sha=9592a897beee3cc909d220f3f549065361da02704771455d18cfa5281290b3b6
ooxml/docx/headerFooter.docx	docx.block.1.xml	c-markup-canonical-same	len=7542;sha=ea3dc1d526cc0ec4f2705f5e316109f8204d08320f563af454afdf9f670c7479	len=652;sha=e2e29e5a704143394ecdc7fcba0d6d2dc0e45258ab39fdd44a99ffeaea64362b
ooxml/docx/headerPic.docx	docx.block.1.xml	c-markup-canonical-same	len=3826;sha=a0c04d9471580d9b0be944bbf5a6c18ea776db0000489062ed49d2f50ff56653	len=370;sha=3b6c3116a652ff3f432e59b5c20cb5b888c709aba38bc48af069d850af26eabc
ooxml/docx/table-alignment.docx	docx.block.12.xml	c-markup-canonical-same	len=12712;sha=728846109a7f774eb7d56c630ea9aa914d7a867080854c84288b99f1d6deb075	len=337;sha=045332a8a7f1ec35af3bcc6bda02a8fcb8164caa3cc81251a64616dc2988c7f5
ooxml/docx/table_footnotes.docx	docx.block.2.xml	c-markup-canonical-same	len=3174;sha=4cc2e97b3a256adc191f38021895e849992dcd926257c1f19aab3b13246d5fad	len=294;sha=62d63a53d629358355953056194aa41b6b1615ca9f566c98b2f9db9819b7b8ca
ooxml/docx/table_footnotes.docx	docx.fn.0.xml	c-markup-canonical-same	len=9646;sha=a4167a4e4219fdb74b505b3280614e49aeb60c3f964bc85bb3072d58261565fc	len=430;sha=cad5d34fade4f5b01b41ba9e5d2de078551a6ac59b0ee07f353f3ec6bdc99c40
ooxml/docx/testComment.docx	docx.par.0.inline.1.xml	c-markup-canonical-same	len=2227;sha=b87b7bf78dc3610186647fb806e6966c8e0915418581a0c78c0204a2c80670e3	len=52;sha=596d39e5d8f544a4fc13323473bbcf287d05f9f4e5aaa2183672727cb7e5201e
ooxml/docx/testComment.docx	docx.par.0.inline.3.xml	c-markup-canonical-same	len=2223;sha=4bd5d2473c1ef29a1aa62da0f427c61e0515128910b442be85935a3162865bee	len=48;sha=b71ce8495b8ecace86cd1f7a124f674fb503a9e345c199ff2d9d7a5cbe73f248
ooxml/docx/testComment.docx	docx.par.0.run.2.content.0.xml	c-markup-canonical-same	len=2225;sha=c4a5d76e9f0ca9ce6933a6d09dbbe6fa850f485a68533aed40e9232ba8c9a8c3	len=50;sha=e3fefe8098740bd479fccff3c585d78e0bca4156defb45cb51feac5b4e795f33
ooxml/docx/testComment.docx	docx.block.1.xml	c-markup-canonical-same	len=11164;sha=6f452de6efd89932bc8885959e4f51ce709113ae4dfe206591063ad3f4c69f59	len=289;sha=d2e41f8f2d9fdecf8c3bc485e63a553da7dd54adcbc1cc170b0a52ec8bdbf0e4
ooxml/docx/testComment.docx	docx.cmt.0.xml	c-markup-canonical-same	len=126155;sha=cc6ad2bd35997dc274f07a63b864051ad03e3af498783405e02e00ab8b37428f	len=2099;sha=41a11b6a10492da20cd69d06e506d2725e76c4fde6ad5efe712ab569824e29b5
ooxml/pptx/shape-soft-edges.pptx	pptx.sld.0.shp.0.xml	c-markup-canonical-same	len=18075;sha=6e59112a8ed875c8603614e92087d9526a3a92583f13d7ea70620189cb1fd287	len=1275;sha=52cd8239cdc8357fe0c21268081bbdcac333d6374253da4e1d82234b517af626
ooxml/pptx/shape-soft-edges.pptx	pptx.sld.0.shp.1.xml	c-markup-canonical-same	len=16247;sha=1f302a26f234ad747140c35ecaf5a787e5e287b96b72086f2d19f439b891f257	len=1127;sha=0c59040b5ad98077bb164b14e9e067e1df806000d015aa9c82d872cb31020a2c
ooxml/pptx/smartart-missing-bullet.pptx	pptx.sld.0.shp.0.xml	c-markup-canonical-same	len=4193;sha=fd4e531a01c46875635773aafe4348f41881237b3439f3318502a2a50ce74427	len=895;sha=89bb45a361a7caecba76d30e335b6909e1cd2329528c8bb9e11a860e9b57687a
ooxml/pptx/smartart-snake-rows.pptx	pptx.sld.0.shp.0.xml	c-markup-canonical-same	len=3678;sha=a50fde8c3322d1a87f1ccd4623a14c85da1879abba93b844cd4fd531c189f0f9	len=802;sha=186efb4ace382114e0018e2d02993daa745e3c9760da8352069c38c36a43afc0
ooxml/xlsx/ConditionalFormattingSamples.xlsx	xlsx.sheet.0.view.0.retained_xml	c-markup-canonical-same	len=349;sha=19dc20d2ccb7c573d67132a7fa3decbe45c3ab94ad7cc1e5341a914711f3b519	len=349;sha=3ba49ecc8b6f29d247f129082d3fde09ca8ccefc17cf3fb390bb5b8d37a1a7cb
ooxml/xlsx/ConditionalFormattingSamples.xlsx	xlsx.sheet.1.view.0.retained_xml	c-markup-canonical-same	len=694;sha=4643ec5d7a80e34c9b716b6a6db4c25819c31202b0378aff64e75c922ccf140d	len=405;sha=d7a3b36be199cd2650708982a5d8596a02aba042c93bb71f75969e06893ed37f
ooxml/xlsx/ConditionalFormattingSamples.xlsx	xlsx.sheet.2.view.0.retained_xml	c-markup-canonical-same	len=670;sha=4044decab4e252a84e89bc703dc2721fcb98e4fd676b23e3c5e95f70477a72f1	len=381;sha=98fb9ee267af494ead3109ea41ca99cfe43f2b2d26cc5f4595a5da93eb5171b9
ooxml/xlsx/ConditionalFormattingSamples.xlsx	xlsx.sheet.3.view.0.retained_xml	c-markup-canonical-same	len=670;sha=4044decab4e252a84e89bc703dc2721fcb98e4fd676b23e3c5e95f70477a72f1	len=381;sha=98fb9ee267af494ead3109ea41ca99cfe43f2b2d26cc5f4595a5da93eb5171b9
ooxml/xlsx/ConditionalFormattingSamples.xlsx	xlsx.sheet.4.view.0.retained_xml	c-markup-canonical-same	len=670;sha=4044decab4e252a84e89bc703dc2721fcb98e4fd676b23e3c5e95f70477a72f1	len=381;sha=98fb9ee267af494ead3109ea41ca99cfe43f2b2d26cc5f4595a5da93eb5171b9
ooxml/xlsx/ConditionalFormattingSamples.xlsx	xlsx.sheet.5.view.0.retained_xml	c-markup-canonical-same	len=670;sha=4044decab4e252a84e89bc703dc2721fcb98e4fd676b23e3c5e95f70477a72f1	len=381;sha=98fb9ee267af494ead3109ea41ca99cfe43f2b2d26cc5f4595a5da93eb5171b9
ooxml/xlsx/ConditionalFormattingSamples.xlsx	xlsx.sheet.6.view.0.retained_xml	c-markup-canonical-same	len=670;sha=4044decab4e252a84e89bc703dc2721fcb98e4fd676b23e3c5e95f70477a72f1	len=381;sha=98fb9ee267af494ead3109ea41ca99cfe43f2b2d26cc5f4595a5da93eb5171b9
ooxml/xlsx/ConditionalFormattingSamples.xlsx	xlsx.sheet.7.view.0.retained_xml	c-markup-canonical-same	len=670;sha=4044decab4e252a84e89bc703dc2721fcb98e4fd676b23e3c5e95f70477a72f1	len=381;sha=98fb9ee267af494ead3109ea41ca99cfe43f2b2d26cc5f4595a5da93eb5171b9
ooxml/xlsx/ConditionalFormattingSamples.xlsx	xlsx.sheet.8.view.0.retained_xml	c-markup-canonical-same	len=670;sha=4044decab4e252a84e89bc703dc2721fcb98e4fd676b23e3c5e95f70477a72f1	len=381;sha=98fb9ee267af494ead3109ea41ca99cfe43f2b2d26cc5f4595a5da93eb5171b9
ooxml/xlsx/ConditionalFormattingSamples.xlsx	xlsx.sheet.9.view.0.retained_xml	c-markup-canonical-same	len=710;sha=034e4c5cfe9994dd78cfc9e02a8d8293845278af63ca220eb84aab9f69c4fe40	len=421;sha=d38152e0da28a82b6b5642ece627393fb63726851bb7b643daaaab70414da4d5
ooxml/xlsx/ConditionalFormattingSamples.xlsx	xlsx.sheet.10.view.0.retained_xml	c-markup-canonical-same	len=694;sha=7f2609d4a4f190178d1e4b9cf82c1194e323a40e81a437a4a670dd9aeaf6dff4	len=405;sha=3b5436b6933c95816416fd5e30b1a82d952d130bed5830eec5c3e0d1d375dce9
ooxml/xlsx/ConditionalFormattingSamples.xlsx	xlsx.sheet.11.view.0.retained_xml	c-markup-canonical-same	len=694;sha=7f2609d4a4f190178d1e4b9cf82c1194e323a40e81a437a4a670dd9aeaf6dff4	len=405;sha=3b5436b6933c95816416fd5e30b1a82d952d130bed5830eec5c3e0d1d375dce9
ooxml/xlsx/ConditionalFormattingSamples.xlsx	xlsx.sheet.12.view.0.retained_xml	c-markup-canonical-same	len=670;sha=4044decab4e252a84e89bc703dc2721fcb98e4fd676b23e3c5e95f70477a72f1	len=381;sha=98fb9ee267af494ead3109ea41ca99cfe43f2b2d26cc5f4595a5da93eb5171b9
ooxml/xlsx/ConditionalFormattingSamples.xlsx	xlsx.sheet.13.view.0.retained_xml	c-markup-canonical-same	len=670;sha=4044decab4e252a84e89bc703dc2721fcb98e4fd676b23e3c5e95f70477a72f1	len=381;sha=98fb9ee267af494ead3109ea41ca99cfe43f2b2d26cc5f4595a5da93eb5171b9
ooxml/xlsx/ConditionalFormattingSamples.xlsx	xlsx.sheet.14.view.0.retained_xml	c-markup-canonical-same	len=670;sha=4044decab4e252a84e89bc703dc2721fcb98e4fd676b23e3c5e95f70477a72f1	len=381;sha=98fb9ee267af494ead3109ea41ca99cfe43f2b2d26cc5f4595a5da93eb5171b9
ooxml/xlsx/ConditionalFormattingSamples.xlsx	xlsx.sheet.15.view.0.retained_xml	c-markup-canonical-same	len=670;sha=4044decab4e252a84e89bc703dc2721fcb98e4fd676b23e3c5e95f70477a72f1	len=381;sha=98fb9ee267af494ead3109ea41ca99cfe43f2b2d26cc5f4595a5da93eb5171b9
ooxml/xlsx/ConditionalFormattingSamples.xlsx	xlsx.sheet.16.view.0.retained_xml	c-markup-canonical-same	len=670;sha=4044decab4e252a84e89bc703dc2721fcb98e4fd676b23e3c5e95f70477a72f1	len=381;sha=98fb9ee267af494ead3109ea41ca99cfe43f2b2d26cc5f4595a5da93eb5171b9
ooxml/xlsx/ConditionalFormattingSamples.xlsx	xlsx.sheet.17.view.0.retained_xml	c-markup-canonical-same	len=674;sha=e998d9ee67451feb0678002860f2e200779252ecfb99b3f78217ebb0308cd19e	len=385;sha=bf346487ee96d3b23f93aef0159ea072ad358cffeaa9dd4ce850267c7346259c
ooxml/xlsx/CustomXMLMappings-complex-type.xlsx	xlsx.sheet.0.view.0.retained_xml	c-markup-canonical-same	len=687;sha=55f13f07b605559ede10b5c954377539d40292942631ab1308590bb1382eb779	len=398;sha=e73dbfaafc530c6510c92c94ad78155c87f784d7dc86af94d172f1ef3ce62a6a
ooxml/xlsx/CustomXMLMappings-complex-type.xlsx	xlsx.sheet.1.view.0.retained_xml	c-markup-canonical-same	len=347;sha=b0376eff35684432d0f9626cf05e240932daae47535c243f3f18f2aa7db03ff2	len=347;sha=819c3ad510b3504c25a5752110a147dc553b6d0086aac561f3c7724892e6efd9
ooxml/xlsx/CustomXMLMappings-complex-type.xlsx	xlsx.sheet.2.view.0.retained_xml	c-markup-canonical-same	len=672;sha=b21e41e0c9467f5ecaef02c2b57244ac0bbe9c8f8e32dba4e7dbe46787187535	len=383;sha=b794db39984ddc57c3ecbea4f6937509f4194d233a77310f68c69d3493a93198
ooxml/xlsx/CustomXMLMappings.xlsx	xlsx.sheet.0.view.0.retained_xml	c-markup-canonical-same	len=97;sha=0d7ae808e034127b19f457eaf5ff68f3d932a1acadffb7357180154c8e366722	len=241;sha=c900a01488bd234dd99739a998f3e20ddfc2f7901aad7f09524d8b4a0898421b
ooxml/xlsx/CustomXMLMappings.xlsx	xlsx.sheet.1.view.0.retained_xml	c-markup-canonical-same	len=31;sha=2ce5bb0b634fdca13b0db3fcb3ee00e2120a9b34ef23481a97ee953f9ae8b218	len=175;sha=5263b35822d5c4904cd865686d28851f085be9398a206dcdb76d6ae38d25e255
ooxml/xlsx/CustomXMLMappings.xlsx	xlsx.sheet.2.view.0.retained_xml	c-markup-canonical-same	len=31;sha=2ce5bb0b634fdca13b0db3fcb3ee00e2120a9b34ef23481a97ee953f9ae8b218	len=175;sha=5263b35822d5c4904cd865686d28851f085be9398a206dcdb76d6ae38d25e255
ooxml/xlsx/CustomXmlMappings-inverse-order.xlsx	xlsx.sheet.0.view.0.retained_xml	c-markup-canonical-same	len=97;sha=0d7ae808e034127b19f457eaf5ff68f3d932a1acadffb7357180154c8e366722	len=241;sha=c900a01488bd234dd99739a998f3e20ddfc2f7901aad7f09524d8b4a0898421b
ooxml/xlsx/CustomXmlMappings-inverse-order.xlsx	xlsx.sheet.1.view.0.retained_xml	c-markup-canonical-same	len=31;sha=2ce5bb0b634fdca13b0db3fcb3ee00e2120a9b34ef23481a97ee953f9ae8b218	len=175;sha=5263b35822d5c4904cd865686d28851f085be9398a206dcdb76d6ae38d25e255
ooxml/xlsx/CustomXmlMappings-inverse-order.xlsx	xlsx.sheet.2.view.0.retained_xml	c-markup-canonical-same	len=31;sha=2ce5bb0b634fdca13b0db3fcb3ee00e2120a9b34ef23481a97ee953f9ae8b218	len=175;sha=5263b35822d5c4904cd865686d28851f085be9398a206dcdb76d6ae38d25e255
ooxml/xlsx/DataValidationEvaluations.xlsx	xlsx.sheet.0.view.0.retained_xml	c-markup-canonical-same	len=996;sha=0f5537ef804971e0f3d35eca37f634db8f28072194f8cf0c2f2ca96354f5b3a3	len=553;sha=722dd9a5bf1b483392093bd05987572214f40f14c70ce62c3aca8d22fa90ed12
ooxml/xlsx/DataValidationListTooLong.xlsx	xlsx.sheet.0.view.0.retained_xml	c-markup-canonical-same	len=50;sha=df19d1f5e0282ef90358142c66e1e1f1b7858cb12faf60e30f42b6bf76b01577	len=116;sha=65c1b0bb8d0e117444745f3d5c87cf8c7c748cbc714633167fdf40a3aeb451df
ooxml/xlsx/DateFormatNumberTests.xlsx	xlsx.sheet.0.view.0.retained_xml	c-markup-canonical-same	len=1746;sha=443b05e94811a4a2532486e89e5bef7a8fad16ef2f91215978c53a61e3560058	len=710;sha=1b02ce1710ea0371e5fbe75eb9e64ba98b7465bc4b45c58e94997da1831e71b0
ooxml/xlsx/DateFormatNumberTests.xlsx	xlsx.sheet.1.view.0.retained_xml	c-markup-canonical-same	len=2319;sha=edc2a1faab865718ec892cd672270f5063af61658851aee0c8747aa2c3a341ba	len=765;sha=ff95227e9f916cb549274c3e5f29fa1b90f76e4f7fd44b16a5ebd383e25ffdbf
ooxml/xlsx/DateFormatTests.xlsx	xlsx.sheet.0.view.0.retained_xml	c-markup-canonical-same	len=1744;sha=1aa723ec713d99b27a034c577396ba3fb479189059131a47ba7086075cfb9f6c	len=708;sha=9fc628fc2284f94c8ac655fba15695206f8deaa2a170ccc540a6322ff063576a
ooxml/xlsx/DateFormatTests.xlsx	xlsx.sheet.1.view.0.retained_xml	c-markup-canonical-same	len=2319;sha=1475d62b247f0286d0f03ccececf90a4a3005428c473e2363083a4629f11ceb6	len=765;sha=dc7564f3b965c91803f5c4427792752b635735bec8084f577c99389395529dac
ooxml/xlsx/ExcelPivotTableSample.xlsx	xlsx.sheet.0.view.0.retained_xml	c-markup-canonical-same	len=1128;sha=891a3c2ed6963b859c54eb9089a1cd383583ea0bbebb36da907e5d13a0386b88	len=610;sha=3352483b915685bc60d439682d7d3df4b9c812cb9ab745259fd4d100a20275a8
ooxml/xlsx/ExcelPivotTableSample.xlsx	xlsx.sheet.1.view.0.retained_xml	c-markup-canonical-same	len=1130;sha=fab1097badc24bf1fd5712a9ec3979136307d117633c033c4011dbada0115dd8	len=612;sha=60e3f2641912723870d36a45bdeb62f566f9aacf86f491917c69f0108d1dfdf8
ooxml/xlsx/ExcelPivotTableSample.xlsx	xlsx.sheet.2.view.0.retained_xml	c-markup-canonical-same	len=1144;sha=b44991a166a312a9b71bccd42c91f565e51068c7ac983d458b227d87b71474ff	len=626;sha=647f454aa2c999a3d5a63c135f086ea384d64dddca30ff6c1f1058f14b986a25
ooxml/xlsx/ExcelTables.xlsx	xlsx.sheet.0.view.0.retained_xml	c-markup-canonical-same	len=108;sha=9c2e1a07ee7e438fbb3650adc4fab2ec67f669e1fac2cd997de5fca8171d0370	len=252;sha=1b2aed2835a71856ac28a5d2ed8e33d41c03d2e79a47a33982922c3022f52aca
ooxml/xlsx/FormatChoiceTests.xlsx	xlsx.sheet.0.view.0.retained_xml	c-markup-canonical-same	len=970;sha=1382181157d8c1079d0607f377a7c4b474d165dc3056f7e049af8ff65b1929af	len=450;sha=9c3b7d2ba13cd24d74f822953dc14efc922cbfb37b2df8629bf1140a129e6b37
ooxml/xlsx/FormatChoiceTests.xlsx	xlsx.sheet.1.view.0.retained_xml	c-markup-canonical-same	len=1285;sha=67a5b5ea3d4ede9224e01e7eb12cb76ce55fae171109ead8f6815b28b39115a9	len=505;sha=3302e26ece98c548008149d0c4de58c3482818a2aa490a531c540836760e90bc
ooxml/xlsx/FormatConditionTests.xlsx	xlsx.sheet.0.view.0.retained_xml	c-markup-canonical-same	len=1744;sha=da9a9e76d3cdb66c10d288f82dc81382917602cd53431680b4e43cbcae0767bd	len=708;sha=d01c436fb6eceff70e0568c479292e288842acb0282aaef0e41c57aec6622a4c
ooxml/xlsx/FormatConditionTests.xlsx	xlsx.sheet.1.view.0.retained_xml	c-markup-canonical-same	len=2319;sha=7d6268dccefaabaeb9361876da183469a8c5a7bf7de6113119efb872abbbd734	len=765;sha=b372128f0b7219875953d0eaa92df8b01b7aa963ce8bb0d436852e1014489df3
ooxml/xlsx/Formatting.xlsx	xlsx.sheet.0.view.0.retained_xml	c-markup-canonical-same	len=97;sha=240b5cfc9d4a0c1a32333ae493f5b960faed90dd6a44a4214f4373110b89083f	len=241;sha=8e9044a1d6a935c141ec5be947de07e140b038aa6aae4cc4b0bdaa696027dcf6
ooxml/xlsx/Formatting.xlsx	xlsx.sheet.1.view.0.retained_xml	c-markup-canonical-same	len=31;sha=2ce5bb0b634fdca13b0db3fcb3ee00e2120a9b34ef23481a97ee953f9ae8b218	len=175;sha=5263b35822d5c4904cd865686d28851f085be9398a206dcdb76d6ae38d25e255
ooxml/xlsx/Formatting.xlsx	xlsx.sheet.2.view.0.retained_xml	c-markup-canonical-same	len=31;sha=2ce5bb0b634fdca13b0db3fcb3ee00e2120a9b34ef23481a97ee953f9ae8b218	len=175;sha=5263b35822d5c4904cd865686d28851f085be9398a206dcdb76d6ae38d25e255
ooxml/xlsx/HeaderFooterComplexFormats.xlsx	xlsx.sheet.0.view.0.retained_xml	c-markup-canonical-same	len=387;sha=bf0b0a0c898b8ecc4873aebc92663a075f93925df0f8b9669257b9c9cdb58826	len=387;sha=5de7ad068e9bd518c138a7ee6e4c36960be6415a065d45bbbeb9a164a0ebf2d2
ooxml/xlsx/HeaderFooterComplexFormats.xlsx	xlsx.sheet.1.view.0.retained_xml	c-markup-canonical-same	len=331;sha=839f0ff388460dbde17989048407f294ce66839f583903fdc93fc3b42a038243	len=331;sha=fb882b55374391e9c0dd4938e5a4cdd41868c0a29f5701e16c655fb9da201d18
ooxml/xlsx/HeaderFooterComplexFormats.xlsx	xlsx.sheet.2.view.0.retained_xml	c-markup-canonical-same	len=331;sha=839f0ff388460dbde17989048407f294ce66839f583903fdc93fc3b42a038243	len=331;sha=fb882b55374391e9c0dd4938e5a4cdd41868c0a29f5701e16c655fb9da201d18
ooxml/xlsx/InlineStrings.xlsx	xlsx.sheet.0.view.0.retained_xml	c-markup-canonical-same	len=434;sha=f23a5ab6c2fef2a587a5f2a38890dd8a115ac7c98d33be7ebd99941dcc08ada6	len=578;sha=2b6111fb6c6b75fbdf31d9fa17644a59e6f9135314c636c02c57756692bd1415
ooxml/xlsx/InlineStrings.xlsx	xlsx.sheet.1.view.0.retained_xml	c-markup-canonical-same	len=423;sha=59e5dd04fc9187058f4007430a732f3a1579c1616f95d4ba0d20eef136d1a078	len=567;sha=74e4b8211d3e45f4e241cdb7cd2466b58b276ba91073d23b8f46f4a0516e68f0
ooxml/xlsx/InlineStrings.xlsx	xlsx.sheet.2.view.0.retained_xml	c-markup-canonical-same	len=423;sha=59e5dd04fc9187058f4007430a732f3a1579c1616f95d4ba0d20eef136d1a078	len=567;sha=74e4b8211d3e45f4e241cdb7cd2466b58b276ba91073d23b8f46f4a0516e68f0
ooxml/xlsx/MatrixFormulaEvalTestData.xlsx	xlsx.sheet.0.view.0.retained_xml	c-markup-canonical-same	len=714;sha=41b5410e1febcc4b47b137e7fae0f482e33ef7bf84061abf82c91734cee5b18d	len=425;sha=5a5aeeceef256236ec84f9e7b584acb8501b64755c77ca5662039cb2527684fb
ooxml/xlsx/NewStyleConditionalFormattings.xlsx	xlsx.sheet.0.view.0.retained_xml	c-markup-canonical-same	len=347;sha=b0376eff35684432d0f9626cf05e240932daae47535c243f3f18f2aa7db03ff2	len=347;sha=819c3ad510b3504c25a5752110a147dc553b6d0086aac561f3c7724892e6efd9
ooxml/xlsx/NewlineInFormulas.xlsx	xlsx.sheet.0.view.0.retained_xml	c-markup-canonical-same	len=690;sha=cee3b274f348b5eac0782bbef88c0a3d3f24394dadd5ec82c71b95304d53c3a6	len=401;sha=2bd82215dac99ba938de15f4cf07c67b590d1b316560d3efc99aab08ae8ec0c8
ooxml/xlsx/NewlineInFormulas.xlsx	xlsx.sheet.1.view.0.retained_xml	c-markup-canonical-same	len=331;sha=839f0ff388460dbde17989048407f294ce66839f583903fdc93fc3b42a038243	len=331;sha=fb882b55374391e9c0dd4938e5a4cdd41868c0a29f5701e16c655fb9da201d18
ooxml/xlsx/NewlineInFormulas.xlsx	xlsx.sheet.2.view.0.retained_xml	c-markup-canonical-same	len=331;sha=839f0ff388460dbde17989048407f294ce66839f583903fdc93fc3b42a038243	len=331;sha=fb882b55374391e9c0dd4938e5a4cdd41868c0a29f5701e16c655fb9da201d18
ooxml/xlsx/Pivot1_Row.xlsx	xlsx.sheet.0.view.0.retained_xml	c-markup-canonical-same	len=1150;sha=3a3dcaa3789dc92387e515bf99939c27d1b509d4efd06188092c1c544eaf6828	len=632;sha=101733dd67583a5cd41af41deaffb4d0e1af5dc4ed25815df9c243348d38cc73
ooxml/xlsx/Pivot1_Row.xlsx	xlsx.sheet.1.view.0.retained_xml	c-markup-canonical-same	len=1144;sha=ee62bf179006856b0197427248335d90252285bcb67cf99a624cb4da991f8c22	len=626;sha=45e8b95166bec047c833f42150345528b68135fca756fc83c25facb7ec21c9c6
ooxml/xlsx/Pivot1_Row_Grand.xlsx	xlsx.sheet.0.view.0.retained_xml	c-markup-canonical-same	len=1150;sha=3a3dcaa3789dc92387e515bf99939c27d1b509d4efd06188092c1c544eaf6828	len=632;sha=101733dd67583a5cd41af41deaffb4d0e1af5dc4ed25815df9c243348d38cc73
ooxml/xlsx/Pivot1_Row_Grand.xlsx	xlsx.sheet.1.view.0.retained_xml	c-markup-canonical-same	len=1130;sha=cb05a18eacce0e3189a21509b2f7e3f0c07fda4bc63995370841c83da6eccc66	len=612;sha=19e120a0b9b2bcc68afcab03d0c6465472c29101062a68c1dca115170ce6e8eb
ooxml/xlsx/Pivot1_Row_Grand_Subtotals.xlsx	xlsx.sheet.0.view.0.retained_xml	c-markup-canonical-same	len=1150;sha=3a3dcaa3789dc92387e515bf99939c27d1b509d4efd06188092c1c544eaf6828	len=632;sha=101733dd67583a5cd41af41deaffb4d0e1af5dc4ed25815df9c243348d38cc73
ooxml/xlsx/Pivot1_Row_Grand_Subtotals.xlsx	xlsx.sheet.1.view.0.retained_xml	c-markup-canonical-same	len=1144;sha=e8fd4c1720c124713babe423340662fa8bb65b31ead79294e1cda02772a53f6f	len=626;sha=ca4fddb9e3a32e7ba799f83e72a92f128d3a139118ba92ff5fdebed83e8716cd
ooxml/xlsx/Pivot2_Row.xlsx	xlsx.sheet.0.view.0.retained_xml	c-markup-canonical-same	len=1153;sha=3ff5c790bfa759de7c6da8fb8d9b53a281d7ac4629c929f71ead4ba9e0c43176	len=635;sha=615d606ad5fc020f5a80ea1ad8784c35f5de4c62e04e50e60740730f5cef6e13
ooxml/xlsx/Pivot2_Row.xlsx	xlsx.sheet.1.view.0.retained_xml	c-markup-canonical-same	len=1128;sha=02d678c2161399448f9a03011b931b4023461b9522c68a93d48c87262f07ee8c	len=610;sha=f7f71fc19618ea4c970127a61d56a8d57e5c0eb797ea29868eff47d22f8c9c7e
ooxml/xlsx/Pivot2_Row_Compact.xlsx	xlsx.sheet.0.view.0.retained_xml	c-markup-canonical-same	len=1153;sha=3ff5c790bfa759de7c6da8fb8d9b53a281d7ac4629c929f71ead4ba9e0c43176	len=635;sha=615d606ad5fc020f5a80ea1ad8784c35f5de4c62e04e50e60740730f5cef6e13
ooxml/xlsx/Pivot2_Row_Compact.xlsx	xlsx.sheet.1.view.0.retained_xml	c-markup-canonical-same	len=1144;sha=09e661727cb647a1b85156e50f9e22648b5713e5e6b1987d4f2cf4fceee4ac43	len=626;sha=02b0eb8e2cab4851598b6dedc4e1c0f3646907173742bda7fe929726aca3f9ca
ooxml/xlsx/Pivot2_Row_Grand.xlsx	xlsx.sheet.0.view.0.retained_xml	c-markup-canonical-same	len=1153;sha=3ff5c790bfa759de7c6da8fb8d9b53a281d7ac4629c929f71ead4ba9e0c43176	len=635;sha=615d606ad5fc020f5a80ea1ad8784c35f5de4c62e04e50e60740730f5cef6e13
ooxml/xlsx/Pivot2_Row_Grand.xlsx	xlsx.sheet.1.view.0.retained_xml	c-markup-canonical-same	len=1128;sha=a1a741c4b6a43804b461fc1659efed7c437cdc0db817d1475f1ee04ffe2e1732	len=610;sha=f66034d06bf107bc59b231acc476733d2c8ea27c9313400515b8b8bfa2a01ee3
ooxml/xlsx/Pivot2_Row_Grand_Subtotals.xlsx	xlsx.sheet.0.view.0.retained_xml	c-markup-canonical-same	len=1153;sha=3ff5c790bfa759de7c6da8fb8d9b53a281d7ac4629c929f71ead4ba9e0c43176	len=635;sha=615d606ad5fc020f5a80ea1ad8784c35f5de4c62e04e50e60740730f5cef6e13
ooxml/xlsx/Pivot2_Row_Grand_Subtotals.xlsx	xlsx.sheet.1.view.0.retained_xml	c-markup-canonical-same	len=1128;sha=9dc8955cf0876260a45aded076ae74f26361bee4403a495cee0f09c90b965833	len=610;sha=df22f35c59a86baa622348cd31fa1223b553d64a5665589a5222b7ef681cf575
ooxml/xlsx/Pivot2_Row_Subtotals.xlsx	xlsx.sheet.0.view.0.retained_xml	c-markup-canonical-same	len=1153;sha=3ff5c790bfa759de7c6da8fb8d9b53a281d7ac4629c929f71ead4ba9e0c43176	len=635;sha=615d606ad5fc020f5a80ea1ad8784c35f5de4c62e04e50e60740730f5cef6e13
ooxml/xlsx/Pivot2_Row_Subtotals.xlsx	xlsx.sheet.1.view.0.retained_xml	c-markup-canonical-same	len=1130;sha=37fc3a18ecef6d294488827367b9c32b7ab0f41262eed688d2ce97ab26b14dd2	len=612;sha=a246e4a2492d9140d742b0622169a6c2c5f50add0d56c2167761fafba8b0b263
ooxml/xlsx/Pivot2_Row_Subtotals_SortDescendingAll.xlsx	xlsx.sheet.0.view.0.retained_xml	c-markup-canonical-same	len=1153;sha=3ff5c790bfa759de7c6da8fb8d9b53a281d7ac4629c929f71ead4ba9e0c43176	len=635;sha=615d606ad5fc020f5a80ea1ad8784c35f5de4c62e04e50e60740730f5cef6e13
ooxml/xlsx/Pivot2_Row_Subtotals_SortDescendingAll.xlsx	xlsx.sheet.1.view.0.retained_xml	c-markup-canonical-same	len=1144;sha=b44991a166a312a9b71bccd42c91f565e51068c7ac983d458b227d87b71474ff	len=626;sha=647f454aa2c999a3d5a63c135f086ea384d64dddca30ff6c1f1058f14b986a25
ooxml/xlsx/Pivot3_Column_Grand_Subtotals.xlsx	xlsx.sheet.0.view.0.retained_xml	c-markup-canonical-same	len=1153;sha=3ff5c790bfa759de7c6da8fb8d9b53a281d7ac4629c929f71ead4ba9e0c43176	len=635;sha=615d606ad5fc020f5a80ea1ad8784c35f5de4c62e04e50e60740730f5cef6e13
ooxml/xlsx/Pivot3_Column_Grand_Subtotals.xlsx	xlsx.sheet.1.view.0.retained_xml	c-markup-canonical-same	len=1130;sha=37fc3a18ecef6d294488827367b9c32b7ab0f41262eed688d2ce97ab26b14dd2	len=612;sha=a246e4a2492d9140d742b0622169a6c2c5f50add0d56c2167761fafba8b0b263
ooxml/xlsx/Pivot4_Column_Grand_Subtotals_SortDescending.xlsx	xlsx.sheet.0.view.0.retained_xml	c-markup-canonical-same	len=1153;sha=3ff5c790bfa759de7c6da8fb8d9b53a281d7ac4629c929f71ead4ba9e0c43176	len=635;sha=615d606ad5fc020f5a80ea1ad8784c35f5de4c62e04e50e60740730f5cef6e13
ooxml/xlsx/Pivot4_Column_Grand_Subtotals_SortDescending.xlsx	xlsx.sheet.1.view.0.retained_xml	c-markup-canonical-same	len=1130;sha=37fc3a18ecef6d294488827367b9c32b7ab0f41262eed688d2ce97ab26b14dd2	len=612;sha=a246e4a2492d9140d742b0622169a6c2c5f50add0d56c2167761fafba8b0b263
ooxml/xlsx/SimpleMultiCell.xlsx	xlsx.sheet.0.view.0.retained_xml	c-markup-canonical-same	len=97;sha=b76e5498e0bf7577ac3d057c74e4737c3fef7fe83c0c8a06dbe0b8711787149c	len=241;sha=539c4fcee61f435be6f1bae4d780bb5a0873d5c5187b90ab0e16a42da526893b
ooxml/xlsx/SimpleMultiCell.xlsx	xlsx.sheet.1.view.0.retained_xml	c-markup-canonical-same	len=31;sha=2ce5bb0b634fdca13b0db3fcb3ee00e2120a9b34ef23481a97ee953f9ae8b218	len=175;sha=5263b35822d5c4904cd865686d28851f085be9398a206dcdb76d6ae38d25e255
ooxml/xlsx/SimpleMultiCell.xlsx	xlsx.sheet.2.view.0.retained_xml	c-markup-canonical-same	len=31;sha=2ce5bb0b634fdca13b0db3fcb3ee00e2120a9b34ef23481a97ee953f9ae8b218	len=175;sha=5263b35822d5c4904cd865686d28851f085be9398a206dcdb76d6ae38d25e255
ooxml/xlsx/SimpleNormal.xlsx	xlsx.sheet.0.view.0.retained_xml	c-markup-canonical-same	len=670;sha=9a6b1bf696f266de62aeb0f4f56afc05057f52b27817f94e3f231cf19373d595	len=381;sha=355a6f6c19014347b0010d2da7a5cba2199f3235f2f9f06e15a0f168c808b1d0
ooxml/xlsx/SimpleNormal.xlsx	xlsx.sheet.1.view.0.retained_xml	c-markup-canonical-same	len=686;sha=64ae09991e26f6b4e150f82da0bd1c7cf5461fcef1bd5ab8f49478e7a35474e4	len=397;sha=2ca24d72c09850bb2c85b76024535b5da35f0166cd62e25afa7cf829850e9989
ooxml/xlsx/SimpleScatterChart.xlsx	xlsx.sheet.0.view.0.retained_xml	c-markup-canonical-same	len=686;sha=6e47b38283dfe07d2a92fcfb5de29a7cd31ae1e991fa2f33a53e0a2761224cea	len=397;sha=a5f855d778d1f173c001968315e78b2495c487a6b09ef3c44fdd6e2b67012644
ooxml/xlsx/SimpleStrict.xlsx	xlsx.sheet.0.view.0.retained_xml	c-markup-canonical-same	len=702;sha=94ced26c44e7895691838e4e5fc0db17e24634306f130f489603b00220596366	len=397;sha=e2b9c0126b8b299597996c672af1ca6114eff53ada18e2fe3f67d34d1ebc5a99
ooxml/xlsx/SimpleStrict.xlsx	xlsx.sheet.1.view.0.retained_xml	c-markup-canonical-same	len=718;sha=7dea1432516ed7d7a1fb044888f370ef68df3ed567578e7cd5abaa540fd48a55	len=413;sha=240ebb9859b238242b1d37835bd4a9825d133a6476044a8286dd922c9d3d355e
ooxml/xlsx/SimpleWithComments.xlsx	xlsx.sheet.0.view.0.retained_xml	c-markup-canonical-same	len=99;sha=96cc8f2bdfdae09c3ef9d9e3d3125998160b26fa3388325ef565996871f75b9e	len=243;sha=1b94e814f5ebb83d8ca9aaae8895fe733356731271bf8ebbcabeeb23ff31b25b
ooxml/xlsx/SimpleWithComments.xlsx	xlsx.sheet.1.view.0.retained_xml	c-markup-canonical-same	len=31;sha=2ce5bb0b634fdca13b0db3fcb3ee00e2120a9b34ef23481a97ee953f9ae8b218	len=175;sha=5263b35822d5c4904cd865686d28851f085be9398a206dcdb76d6ae38d25e255
ooxml/xlsx/SimpleWithComments.xlsx	xlsx.sheet.2.view.0.retained_xml	c-markup-canonical-same	len=31;sha=2ce5bb0b634fdca13b0db3fcb3ee00e2120a9b34ef23481a97ee953f9ae8b218	len=175;sha=5263b35822d5c4904cd865686d28851f085be9398a206dcdb76d6ae38d25e255
ooxml/xlsx/SingleCellTable.xlsx	xlsx.sheet.0.view.0.retained_xml	c-markup-canonical-same	len=1144;sha=5e0fc18d9dcc01b04562176fd472c80a57c121f7b633a0ea3576bab4be06908c	len=626;sha=febbe9de6823110cedd101e57678f9f8c16b3f3303c9a79505b5ceddbd85da75
ooxml/xlsx/Sparklines.xlsx	xlsx.sheet.0.view.0.retained_xml	c-markup-canonical-same	len=1144;sha=b7ce1e775bfd95f0ad10017043dabe72301096cd37ff3b63bb62f71d4abe3f25	len=626;sha=6342b378535266878cd820f6cc430092822b8b10b12887c10d8e0bc8b2446af3
ooxml/xlsx/Sparklines.xlsx	xlsx.sheet.1.view.0.retained_xml	c-markup-canonical-same	len=1128;sha=e3b5b0b4d843bf3dc8e946ed4877b553ac5577b8038a09772052eefef39ad2ef	len=610;sha=6dba138d3d99adab8a4f484dad6e2469aae84bcd320d3212a70f69112fc7973e
ooxml/xlsx/Sparklines.xlsx	xlsx.sheet.2.view.0.retained_xml	c-markup-canonical-same	len=1130;sha=95f0268b248e7e1c4bfc4bddaad22aaa6ac258fcb78e7dd58f424b76f8a6722b	len=612;sha=35c7214314a573f6ce4809cfc798eb39ed9fd4f79716e1bc125b96cb751909a9
ooxml/xlsx/StructuredReferences.xlsx	xlsx.sheet.0.view.0.retained_xml	c-markup-canonical-same	len=686;sha=ecc5b6e685b55e281e487f25513be15775aeec8e4487a12537fd09eb8a0b1a49	len=397;sha=a005a489f4ea124ed063a0e2eabb457f4d7a8023d6a92a5ae1585054e0ab2a86
ooxml/xlsx/StructuredReferences.xlsx	xlsx.sheet.1.view.0.retained_xml	c-markup-canonical-same	len=670;sha=5dc0db9ea3c3d06fa13499b8d684bfb641a1fb9a28805de67217327ad721bf48	len=381;sha=229d86bb4673dd9a34fd31f55ee0970bb4a9d9c61cd38cf4fe68eef97e46737a
ooxml/xlsx/StructuredRefs-lots-with-lookups.xlsx	xlsx.sheet.0.view.0.retained_xml	c-markup-canonical-same	len=716;sha=d69111754d652eb0d558e42371bad66081db8814c6d24bee5df7ebc39e430094	len=427;sha=3f580ee617b73bdcc57b138be2dcb641ed7a83e0b3b270216fe96931068cc723
ooxml/xlsx/StructuredRefs-lots-with-lookups.xlsx	xlsx.sheet.1.view.0.retained_xml	c-markup-canonical-same	len=732;sha=b5ee0132fef05e633d97c8cdbea6d562ecc65d03b53a09fe54df0f939ed57acc	len=443;sha=d4e8a62b3936007f8ef40bd129ee8286455ff1566643b1de8bb69f542fb503ea
ooxml/xlsx/StructuredRefs-lots-with-lookups.xlsx	xlsx.sheet.2.view.0.retained_xml	c-markup-canonical-same	len=670;sha=4044decab4e252a84e89bc703dc2721fcb98e4fd676b23e3c5e95f70477a72f1	len=381;sha=98fb9ee267af494ead3109ea41ca99cfe43f2b2d26cc5f4595a5da93eb5171b9
ooxml/xlsx/StructuredRefs-lots-with-lookups.xlsx	xlsx.sheet.3.view.0.retained_xml	c-markup-canonical-same	len=690;sha=f4f4dc137cf9b543274f2a7fcd0b4fde1518510cd425d086852b4dbc1d1b1f5c	len=401;sha=b7e7545d02702847a315cb244dfcf43a6ee601f1799811da587a021b4ff6e1a7
ooxml/xlsx/StructuredRefs-lots-with-lookups.xlsx	xlsx.sheet.4.view.0.retained_xml	c-markup-canonical-same	len=331;sha=839f0ff388460dbde17989048407f294ce66839f583903fdc93fc3b42a038243	len=331;sha=fb882b55374391e9c0dd4938e5a4cdd41868c0a29f5701e16c655fb9da201d18
ooxml/xlsx/Tables.xlsx	xlsx.sheet.0.view.0.retained_xml	c-markup-canonical-same	len=156;sha=65967001bbb86460f1cc05446935f4f86dbf8972904a1c7bbe1c5afc669e611d	len=300;sha=8faa5cb3fc02cd2c3a80262690e4bc7fb819846cfd18487c1af75fd590f94577
ooxml/xlsx/Tables.xlsx	xlsx.sheet.1.view.0.retained_xml	c-markup-canonical-same	len=139;sha=63befd8a1a3257b216ebd36a003747d406157a472708d6f38b6a98ae2b147989	len=283;sha=5b6eb635a20c430953bd2b40f4cb6e6379f11dc2d135e17f8d072606b495140c
ooxml/xlsx/Tables.xlsx	xlsx.sheet.2.view.0.retained_xml	c-markup-canonical-same	len=139;sha=9dedeb33a787c7290e05ef3ffaf331211f95144c5069b2eb4d637fd03d312c0e	len=283;sha=94ac805e30b3e59ae32603322ccd11ff5cf763455bf61140298debe097bacc31
ooxml/xlsx/Tables.xlsx	xlsx.sheet.3.view.0.retained_xml	c-markup-canonical-same	len=107;sha=2d44a3a6f58a7323856ab46e020e7c9eab0002ad50a81471fa3e6da27613d791	len=251;sha=29e50e202c377362f81829ffdd1b3b628782d972f817d4bd71787bd115597fc7
ooxml/xlsx/Tables.xlsx	xlsx.sheet.4.view.0.retained_xml	c-markup-canonical-same	len=83;sha=d4e9e8bf5224ba881e5478ae387ba2586620cd825fa4fe761cd48d708ca471e3	len=227;sha=01c4f0c6ad42ebac5f57f5a162836a62251c868182ad35d5c174f1bd4da7ceca
ooxml/xlsx/Tables.xlsx	xlsx.sheet.5.view.0.retained_xml	c-markup-canonical-same	len=139;sha=e18f5d4979d32dc766d2fe1b5d5b69a7088d266510f0ee5824f7ef9be840dce7	len=283;sha=799e4b5388aae6c4aaba20f93e81d859c5fb6f87fb514a3ed513e101204d7d9e
ooxml/xlsx/Tables.xlsx	xlsx.sheet.6.view.0.retained_xml	c-markup-canonical-same	len=126;sha=8b561ecdd2bd553e6658e7fd320199f04dcc34b49dbed4d96ff265fa5e63b14b	len=270;sha=c8ee4a79abf84f5ce72154d7fb81ca160ea1320e773d3ba8859206c9c0ef033d
ooxml/xlsx/Tables.xlsx	xlsx.sheet.7.view.0.retained_xml	c-markup-canonical-same	len=83;sha=7ddd7c8a0c077a28aee99623fba5f23d1b638da8f0c47340934f35cf4de9f19b	len=227;sha=0a457061ceefaec7c0bb32156d933a422ddf87f7be4ac1ad63e97bdbd298a3a8
ooxml/xlsx/Tables.xlsx	xlsx.sheet.8.view.0.retained_xml	c-markup-canonical-same	len=83;sha=8e8fdbfb954dc10ef0725b657704082de581411a27e9b5f002e065f28b629056	len=227;sha=de4c634a70aa8726ebf27d42b591bfa20f4883fdf096e5f311105de5eb288f6b
ooxml/xlsx/Tables.xlsx	xlsx.sheet.9.view.0.retained_xml	c-markup-canonical-same	len=100;sha=1a9def4f1f561c73d985dd1fe8576318604c891fa2eda98bda2dc142089a7350	len=244;sha=70da5c77f517b1bd076088142cf53bfd7c25723d30e105d828a502e51a065ed9
ooxml/xlsx/Tables.xlsx	xlsx.sheet.10.view.0.retained_xml	c-markup-canonical-same	len=100;sha=593fc55af60a0b15841e25b316045f99c5ead1e5226fd082d22db41cee302ece	len=244;sha=0aa8e6c23c8e4e7673e383223bd8dea4aab660fb8fa6d1a898342fcee800d47d
ooxml/xlsx/Tables.xlsx	xlsx.sheet.11.view.0.retained_xml	c-markup-canonical-same	len=99;sha=167ff2cfb71326b9872818fcfa65b7e82e0c1ebd2c46aebf5e73b42a6b9ac10a	len=243;sha=2acf004b3496cb47a27f4296ed487447826c8bfbcbb7cc2417e1d8ef56d7c700
ooxml/xlsx/TablesWithDifferentHeaders.xlsx	xlsx.sheet.0.view.0.retained_xml	c-markup-canonical-same	len=657;sha=a63050c792bb2d56d86f688a66fbb196c0233ab57878dfcea2fefc0cd1e162e7	len=368;sha=6abf702d49af3f77503c38a7f05102e185b2fd28440c2c895ed669ab50208995
ooxml/xlsx/TablesWithDifferentHeaders.xlsx	xlsx.sheet.1.view.0.retained_xml	c-markup-canonical-same	len=657;sha=a63050c792bb2d56d86f688a66fbb196c0233ab57878dfcea2fefc0cd1e162e7	len=368;sha=6abf702d49af3f77503c38a7f05102e185b2fd28440c2c895ed669ab50208995
ooxml/xlsx/TablesWithDifferentHeaders.xlsx	xlsx.sheet.2.view.0.retained_xml	c-markup-canonical-same	len=686;sha=1794a2ac9d9b53b044598b927a91f8e4a5f0b72e444ee4a6f35090c893325c2f	len=397;sha=0be8b60dbced65f4fc11e67ca7348be25fd97edb621ab761c23888bf6a685be1
ooxml/xlsx/TextColor.xlsx	xlsx.sheet.0.view.0.retained_xml	c-markup-canonical-same	len=688;sha=7b1b4864524d8a0fcc55faab2a36fff630afb7b43b556c02643fd382b1b76141	len=399;sha=11714bd8ae455edef256500efaba1de30a67392c069310babca058e5f27dd7d2
ooxml/xlsx/TextColor.xlsx	xlsx.sheet.1.view.0.retained_xml	c-markup-canonical-same	len=331;sha=839f0ff388460dbde17989048407f294ce66839f583903fdc93fc3b42a038243	len=331;sha=fb882b55374391e9c0dd4938e5a4cdd41868c0a29f5701e16c655fb9da201d18
ooxml/xlsx/TextColor.xlsx	xlsx.sheet.2.view.0.retained_xml	c-markup-canonical-same	len=331;sha=839f0ff388460dbde17989048407f294ce66839f583903fdc93fc3b42a038243	len=331;sha=fb882b55374391e9c0dd4938e5a4cdd41868c0a29f5701e16c655fb9da201d18
ooxml/xlsx/TwoSheetsNoneHidden.xlsx	xlsx.sheet.0.view.0.retained_xml	c-markup-canonical-same	len=97;sha=eadc50613bf823c9f0b2d12c5bf7f19b23045a99097598c7f16df75940ba91d9	len=241;sha=c919da748b4d82545b0a783b191476e94f211fbac94e52df5b3354b6e0858f6d
ooxml/xlsx/TwoSheetsNoneHidden.xlsx	xlsx.sheet.1.view.0.retained_xml	c-markup-canonical-same	len=81;sha=03d6f83e337f278456624b57d45c69e5656c51bbee1c9a1e70a189b247648e6d	len=225;sha=b180d11813fc5db4978b803933519fc92809b8a39df6e5ed1843ae7452ce4cdb
ooxml/xlsx/TwoSheetsOneHidden.xlsx	xlsx.sheet.0.view.0.retained_xml	c-markup-canonical-same	len=81;sha=03d6f83e337f278456624b57d45c69e5656c51bbee1c9a1e70a189b247648e6d	len=225;sha=b180d11813fc5db4978b803933519fc92809b8a39df6e5ed1843ae7452ce4cdb
ooxml/xlsx/TwoSheetsOneHidden.xlsx	xlsx.sheet.1.view.0.retained_xml	c-markup-canonical-same	len=97;sha=eadc50613bf823c9f0b2d12c5bf7f19b23045a99097598c7f16df75940ba91d9	len=241;sha=c919da748b4d82545b0a783b191476e94f211fbac94e52df5b3354b6e0858f6d
ooxml/xlsx/autofilter-colors-fg.xlsx	xlsx.sheet.0.view.0.retained_xml	c-markup-canonical-same	len=686;sha=6a061297f0d2e003d3e695b4e14fcbd561dac5ed8c6ed0c5ad9f582f476c0d2e	len=397;sha=76aaf8fd0a411b4d8381e8ef5c35e1990e1f24df8aeb9b1f525a9da5c4603b79
ooxml/xlsx/autofilter-colors.xlsx	xlsx.sheet.0.view.0.retained_xml	c-markup-canonical-same	len=347;sha=b0376eff35684432d0f9626cf05e240932daae47535c243f3f18f2aa7db03ff2	len=347;sha=819c3ad510b3504c25a5752110a147dc553b6d0086aac561f3c7724892e6efd9
ooxml/xlsx/autofilter.xlsx	xlsx.sheet.0.view.0.retained_xml	c-markup-canonical-same	len=400;sha=e4639de0520e37bb21ca8b5ee36da31c247232edbe34bf368d131c5a0dbebeca	len=544;sha=3b704ae98d59a79b98eee397caf058bd77f25f84379796ad7dd7e3b047cbd74d
ooxml/xlsx/autofilternamedrange.xlsx	xlsx.sheet.0.view.0.retained_xml	c-markup-canonical-same	len=598;sha=958b96368156045695cd19f3ff553987a059a8fe6d2d8b6da1964ff9e9ba23ff	len=598;sha=df8d447207d7429b097c859f1a6c38c3d0f43d2bc6f53d1f8cb5af566bf00b30
ooxml/xlsx/cell-borders.xlsx	xlsx.sheet.0.view.0.retained_xml	c-markup-canonical-same	len=117;sha=2a16aa34a3b70f7b0a354de870ba126f29cdd472ef96c9db61558d35123d3b40	len=261;sha=910d6dadf4b701edd848395346f7bc43fc61c4d09a11d483d242d18223180046
ooxml/xlsx/cell-borders.xlsx	xlsx.sheet.1.view.0.retained_xml	c-markup-canonical-same	len=101;sha=6580d6bb343f74924a9b42df153bedf97ef8192e071a05611cf062ca0fd87c92	len=245;sha=a9114966a1b676e83aa487f9c016cb016c7ede2bf4c01de9633c4849f3e55a11
ooxml/xlsx/cell-borders.xlsx	xlsx.sheet.2.view.0.retained_xml	c-markup-canonical-same	len=101;sha=c5d7bc78efd638dec58b1ca0da413f08431299ad474fc8651ea3d910d2eb358a	len=245;sha=dd114d00c168da0be7bde2653619c360cf209b5a22b9860d5aaa1911fa3dbfaf
ooxml/xlsx/cell-multi-line.xlsx	xlsx.sheet.0.view.0.retained_xml	c-markup-canonical-same	len=686;sha=ecc5b6e685b55e281e487f25513be15775aeec8e4487a12537fd09eb8a0b1a49	len=397;sha=a005a489f4ea124ed063a0e2eabb457f4d7a8023d6a92a5ae1585054e0ab2a86
ooxml/xlsx/chart_hyperlink.xlsx	xlsx.sheet.0.view.0.retained_xml	c-markup-canonical-same	len=688;sha=26a990656a28e39b9be0238c711447c807463bf82a4f304aa48b5f559128bbc5	len=399;sha=91e1bf14b628b21cb170de551145c012f39b4bc08b02b6aa44959a9cb35bd81a
ooxml/xlsx/chart_hyperlink.xlsx	xlsx.sheet.1.view.0.retained_xml	c-markup-canonical-same	len=331;sha=839f0ff388460dbde17989048407f294ce66839f583903fdc93fc3b42a038243	len=331;sha=fb882b55374391e9c0dd4938e5a4cdd41868c0a29f5701e16c655fb9da201d18
ooxml/xlsx/column_style.xlsx	xlsx.sheet.0.view.0.retained_xml	c-markup-canonical-same	len=425;sha=9ee42a1688e56ff138638294ecbee05bb9f01bd432d08f37765fd848e83e513a	len=569;sha=d6c1387bb8945518a1d3b35afed7a032d77bd53887a958d92152f5c7d579988b
ooxml/xlsx/condFormat_cellis.xlsx	xlsx.sheet.0.view.0.retained_xml	c-markup-canonical-same	len=686;sha=ecc5b6e685b55e281e487f25513be15775aeec8e4487a12537fd09eb8a0b1a49	len=397;sha=a005a489f4ea124ed063a0e2eabb457f4d7a8023d6a92a5ae1585054e0ab2a86
ooxml/xlsx/condFormat_cellis.xlsx	xlsx.sheet.1.view.0.retained_xml	c-markup-canonical-same	len=670;sha=ceed25efec4dace02dafff6279fdc21306d93560fa17633ce75e3991ba32548f	len=381;sha=0cd6546a5a4abdb833b3b0bb1695189bdde87337dbbe5cfdea531cb5b10ca885
ooxml/xlsx/condformat_databar.xlsx	xlsx.sheet.0.view.0.retained_xml	c-markup-canonical-same	len=347;sha=b0376eff35684432d0f9626cf05e240932daae47535c243f3f18f2aa7db03ff2	len=347;sha=819c3ad510b3504c25a5752110a147dc553b6d0086aac561f3c7724892e6efd9
ooxml/xlsx/condformat_theme_color.xlsx	xlsx.sheet.0.view.0.retained_xml	c-markup-canonical-same	len=673;sha=5fe53a10c47727254a15a5fbac883ec7a182500beaacdf6029e747e11ca71dae	len=384;sha=07854c28a7f1fdedca6d8829ef84341db4c29d0fd10cec68626c609695422a68
ooxml/xlsx/condformat_theme_color.xlsx	xlsx.sheet.1.view.0.retained_xml	c-markup-canonical-same	len=686;sha=4322d0af06ea0501ce567a7c95936d5f78eb8236dcbf3f1f360fde56a7983a8d	len=397;sha=aa147af7e4c03f9fd701905f276f29b1a2cc9892603e51aa2cc9b4150843632d
ooxml/xlsx/conditional_fmt_checkpriority.xlsx	xlsx.sheet.0.view.0.retained_xml	c-markup-canonical-same	len=1146;sha=be62089f7e713d3c2ba42d83dc81e4e1c00b33b5990811cd22ff46c057ca3ef9	len=628;sha=88ccdf8e735d151defd44d858ffb23011a950bbb877606c35f377bda7c8a1f84
ooxml/xlsx/conditional_fmt_checkpriority.xlsx	xlsx.sheet.1.view.0.retained_xml	c-markup-canonical-same	len=1128;sha=9dc8955cf0876260a45aded076ae74f26361bee4403a495cee0f09c90b965833	len=610;sha=df22f35c59a86baa622348cd31fa1223b553d64a5665589a5222b7ef681cf575
ooxml/xlsx/conditional_fmt_origin.xlsx	xlsx.sheet.0.view.0.retained_xml	c-markup-canonical-same	len=1146;sha=bde5781e17c3aae0fb7d5e25dab8f1a96ff73a7583c0dd742f10ba9aa3e13daa	len=628;sha=c5007c3ddaa323ad84b6e454d46423a7d23b950b5eba37fd93882c0506f52f30
ooxml/xlsx/conditional_formatting_multiple_ranges.xlsx	xlsx.sheet.0.view.0.retained_xml	c-markup-canonical-same	len=686;sha=f12c6a5c4cd5c5af43b1a59d0463176453a3d20a0eb85a33c32b700a39d0f745	len=397;sha=c7c8363e8c63026ad192ff7c9dfb707d84c4312d7c6242b1757b6ed638decae4
ooxml/xlsx/customxml.xlsx	xlsx.sheet.0.view.0.retained_xml	c-markup-canonical-same	len=347;sha=b0376eff35684432d0f9626cf05e240932daae47535c243f3f18f2aa7db03ff2	len=347;sha=819c3ad510b3504c25a5752110a147dc553b6d0086aac561f3c7724892e6efd9
ooxml/xlsx/decimal-format.xlsx	xlsx.sheet.0.view.0.retained_xml	c-markup-canonical-same	len=972;sha=300cf3b696be65283b9b3ed3c9537e1dc9a9becf750428334bfdaa70b869ea09	len=540;sha=adf8343bf4c521640de9c0ab7dc897df17dda8d2862cec5beeadc4e38564f4a7
ooxml/xlsx/decimal-format.xlsx	xlsx.sheet.1.view.0.retained_xml	c-markup-canonical-same	len=956;sha=7278db010e0434121fa6a3aa52c803ff020bfd80f763b311c81bb3b637f431ce	len=524;sha=aac813083aa83707d75a2b1339cbe260b439222f917567549f5480afe7722873
ooxml/xlsx/decimal-format.xlsx	xlsx.sheet.2.view.0.retained_xml	c-markup-canonical-same	len=956;sha=7278db010e0434121fa6a3aa52c803ff020bfd80f763b311c81bb3b637f431ce	len=524;sha=aac813083aa83707d75a2b1339cbe260b439222f917567549f5480afe7722873
ooxml/xlsx/duplicate-defined-names.xlsx	xlsx.sheet.0.view.0.retained_xml	c-markup-canonical-same	len=433;sha=b03e8483c3d7c896e73673fe1d22ece48febc62cf37d97f215ff491654dfa7c0	len=577;sha=bcb05030887b8d4e54219d66b9d329f4227b125880dbee397dff577e172e0e41
ooxml/xlsx/duplicate-defined-names.xlsx	xlsx.sheet.1.view.0.retained_xml	c-markup-canonical-same	len=435;sha=16402fe73de320681e13f9aea703d57c1b321b012bd0ba4fbb65c3f120366c8b	len=579;sha=76bfec4ef27a47288fe5c7eeef64e1adf09322697d2181340b7c0666437d4914
ooxml/xlsx/empty.xlsx	xlsx.sheet.0.view.0.retained_xml	c-markup-canonical-same	len=424;sha=60e0cd9eb945d917ab53247e8d070e0c481895b215e41aa0ab4bfed50304eeea	len=568;sha=617c3ed5cab12198a591a49abade43ba4a148b16f264867f3febb9b72b7cbbdb
ooxml/xlsx/empty.xlsx	xlsx.sheet.1.view.0.retained_xml	c-markup-canonical-same	len=423;sha=db11ba6e91e318b8d8772d054c3725685f20300b01e3537391654f97909de766	len=567;sha=32ceaba6ec951f106d961332646469f2f11fb1d4c4e1a2bcc60157016ad264cf
ooxml/xlsx/enhanced-protection.xlsx	xlsx.sheet.0.view.0.retained_xml	c-markup-canonical-same	len=686;sha=856d42628100d7eb116538628174cc4e677012ec1a6ffd965369a14feef60bdb	len=397;sha=78d608ab42a8a3cc5c44c00e2aa72af3fe5b58676c4382f673d6bd94ef4ebf7e
ooxml/xlsx/external-cache-multi-letter-column.xlsx	xlsx.sheet.0.view.0.retained_xml	c-markup-canonical-same	len=688;sha=0195974d287fa37d73d116c7559afeb9ae12b03e0a7c6fa75d51b44c9fe9953c	len=399;sha=dad7885a89355e041405d328ecaa2b9ef6496a760367c3bf115bd294586c713f
ooxml/xlsx/external-link-path-missing.xlsx	xlsx.sheet.0.view.0.retained_xml	c-markup-canonical-same	len=1146;sha=b7336902461e131dbe01ca1fc19ae6dcbdafdf1a9ab068cb1ff25978e15d605d	len=628;sha=301193a8dc777370601f2509468b86288d925c067b40a4627b0b8dbe251e25f4
ooxml/xlsx/external-link-path-startup.xlsx	xlsx.sheet.0.view.0.retained_xml	c-markup-canonical-same	len=1178;sha=ebb94a9b10c0d20ac4fca30ddabfdedfa170993f66a14859fea84fe223a8b86b	len=644;sha=9ca8462f03943703b81ff0be0cac535eb3cba92d1dcda46b35db53bff3e1d8ed
ooxml/xlsx/fontSize.xlsx	xlsx.sheet.0.view.0.retained_xml	c-markup-canonical-same	len=688;sha=bf74c8aee9267870946565cb5a5d710ec2a4ec597ea8a4dcbc0410b14f60621b	len=399;sha=2b730c9e0a78dc7d6aed442c47361d5be5f68e4c2d90b9370eca40d82e8b2475
ooxml/xlsx/fontSize.xlsx	xlsx.sheet.1.view.0.retained_xml	c-markup-canonical-same	len=331;sha=839f0ff388460dbde17989048407f294ce66839f583903fdc93fc3b42a038243	len=331;sha=fb882b55374391e9c0dd4938e5a4cdd41868c0a29f5701e16c655fb9da201d18
ooxml/xlsx/fontSize.xlsx	xlsx.sheet.2.view.0.retained_xml	c-markup-canonical-same	len=331;sha=839f0ff388460dbde17989048407f294ce66839f583903fdc93fc3b42a038243	len=331;sha=fb882b55374391e9c0dd4938e5a4cdd41868c0a29f5701e16c655fb9da201d18
ooxml/xlsx/formats.xlsx	xlsx.sheet.0.view.0.retained_xml	c-markup-canonical-same	len=425;sha=4754ee378537a3125e1117f5c6ce21b04bb63371fa74e7bbd32a92200c8597a1	len=569;sha=32eef62621f0f304e439419bdaf969a28ef694fd4320660ec4b1c297d4f5fb06
ooxml/xlsx/formats.xlsx	xlsx.sheet.1.view.0.retained_xml	c-markup-canonical-same	len=424;sha=d00a917f690ed712ff41c5be277396d16b0377e88702ed221c620221d395be23	len=568;sha=691c1133721c4908982d1df184af4d25d31e37417c24b74d7dafd700a19f7c76
ooxml/xlsx/formats.xlsx	xlsx.sheet.2.view.0.retained_xml	c-markup-canonical-same	len=424;sha=100d62916af4b82229ca7f7868817c4f62c8e771b9c80fc664ac156ec1c581db	len=568;sha=34a7af993b5eac0130557d8eb0a4c2c71fd87dae21cc9f56fa1ada7422950397
ooxml/xlsx/formats.xlsx	xlsx.sheet.3.view.0.retained_xml	c-markup-canonical-same	len=424;sha=d3b492a8d48b715f785ff26d3d35a30f65b97e61393da998b636d9adf833be26	len=568;sha=d96dd255886f6b1a3d386d38fae22c27bceb59316c6e2a5415ab912805bcbbd3
ooxml/xlsx/headerFooterTest.xlsx	xlsx.sheet.0.view.0.retained_xml	c-markup-canonical-same	len=686;sha=f7f6987aad0b8d3394cd251a92f296f6cd010016f71bd0e2bcf415ba1706b01f	len=397;sha=f86d0e2cb32f3f0b5b24c7d925173b0d008036ffcd388391bffb024465d30740
ooxml/xlsx/hyperlink.xlsx	xlsx.sheet.0.view.0.retained_xml	c-markup-canonical-same	len=688;sha=f1438b5d5b413f756c487bbc697440925564793212de2b7255d2ddc8ef4fc489	len=399;sha=562b8a3a059a0377080aa816f3b661648ad713d6f803c2de120652d244a1da4f
ooxml/xlsx/hyperlink.xlsx	xlsx.sheet.1.view.0.retained_xml	c-markup-canonical-same	len=672;sha=add79518647de00be83a0a5bfe9dc5247176ba29e947d615cc3631dfd037e3ed	len=383;sha=fbe50df605f067c52ececca4854373d36c07859cdb25b709febdc47a09b4485f
ooxml/xlsx/hyperlink_export.xlsx	xlsx.sheet.0.view.0.retained_xml	c-markup-canonical-same	len=576;sha=10a54e86239569709fd6d1ce9f8b24599bfdf4e8df00e370a59cb877c1d878ef	len=576;sha=0a17957e09acd0edc0b0e7bdcf67d153df29c944ac5145130bd9a5cf6aefd705
ooxml/xlsx/hyperlink_formula.xlsx	xlsx.sheet.0.view.0.retained_xml	c-markup-canonical-same	len=1144;sha=3e5f3068bf376fba2613b214f5c630426a1f4e572a749e0f95ee20c9f6f938cf	len=626;sha=52447c71011693affa4eaff3dba8680096f7565c57b41bc2f66be7265d9dfa86
ooxml/xlsx/hyperlinks.xlsx	xlsx.sheet.0.view.0.retained_xml	c-markup-canonical-same	len=97;sha=32b1ccee5742ff0948d5a0dde6b0eef9645ade23389ae53ce3ad3e1f11e78f0a	len=241;sha=fd4bf6fa4a1dcf327591bda690802b7a0a04ff4d3a258f949c72aeea893f5fa1
ooxml/xlsx/hyperlinks.xlsx	xlsx.sheet.1.view.0.retained_xml	c-markup-canonical-same	len=81;sha=930abf1979ba06105fb87d27ca7e403d03c06d0fe0505a569bf205d14b2cd79e	len=225;sha=bd18c7bacb4c8d37b4672e33586c4264039122355051548e36ddc12ceab57de0
ooxml/xlsx/named-ranges-global.xlsx	xlsx.sheet.0.view.0.retained_xml	c-markup-canonical-same	len=424;sha=578c4275b2d2fdc61c8615b993963f05ec21c2309bcbb64b2c4e1e47ce06c890	len=568;sha=d2e9d962c8e89c1bd5bfe4f7236202fdd871d6e60bea94f919c4176e0d082211
ooxml/xlsx/named-ranges-global.xlsx	xlsx.sheet.1.view.0.retained_xml	c-markup-canonical-same	len=423;sha=5d6587f9f39415d1610bd2677dcd808fe400980b8747b37b391e61d22987c7bd	len=567;sha=c180f96d74e1606cb8bcccecb5ee9c68a46c06c409ad6c875419607865cc7c5c
ooxml/xlsx/named-ranges-hidden.xlsx	xlsx.sheet.0.view.0.retained_xml	c-markup-canonical-same	len=1144;sha=8d844cce2f9288b2ed0ce765f8ee0beec7bf515358f437d51d7b4fd2a700b7ff	len=626;sha=422171fe8de4a463f85bf83f820906b9b7700442ff1a85a9f8fd6ca857ec994d
ooxml/xlsx/noSharedStringTable.xlsx	xlsx.sheet.0.view.0.retained_xml	c-markup-canonical-same	len=347;sha=b0376eff35684432d0f9626cf05e240932daae47535c243f3f18f2aa7db03ff2	len=347;sha=819c3ad510b3504c25a5752110a147dc553b6d0086aac561f3c7724892e6efd9
ooxml/xlsx/sample.xlsx	xlsx.sheet.0.view.0.retained_xml	c-markup-canonical-same	len=47;sha=48d8acf55517a8a9de2ff12500de108d54f8025f17f2642beeb71b69a9d56d07	len=191;sha=23db0588013003d9a852b0a0a05b97ef826625e7e2fc5fbd24f02b2bafcbeb1e
ooxml/xlsx/sample.xlsx	xlsx.sheet.1.view.0.retained_xml	c-markup-canonical-same	len=81;sha=90ae7926d2bfb09165fdd1d9cfc9938db37f8d0b901812a6139e33c966954cb8	len=225;sha=19afc2538498354e4dbd08a68d2f37f3d68cbb3a2ab91efb99e022ed7c9dfb60
ooxml/xlsx/sample.xlsx	xlsx.sheet.2.view.0.retained_xml	c-markup-canonical-same	len=31;sha=2ce5bb0b634fdca13b0db3fcb3ee00e2120a9b34ef23481a97ee953f9ae8b218	len=175;sha=5263b35822d5c4904cd865686d28851f085be9398a206dcdb76d6ae38d25e255
ooxml/xlsx/shared-strings-malformed-count.xlsx	xlsx.sheet.0.view.0.retained_xml	c-markup-canonical-same	len=1301;sha=08bdb841db6590ab967fc360c0cd86d8642156e9df05b72b453c93c6edf4d2c7	len=855;sha=0f7c3dd636cd3e93028680686b464620e0f675ba036eccf00aa1727b38a7a8f7
ooxml/xlsx/shared_formulas.xlsx	xlsx.sheet.0.view.0.retained_xml	c-markup-canonical-same	len=117;sha=4635477900e3f4171c453a734d43582d6ed99de86527119bd08e91cb6d56601d	len=261;sha=bcc09c3587075f3192d625efc535fd53a12d2c17c975e6dfbec68c23d0c39192
ooxml/xlsx/sharedhyperlink.xlsx	xlsx.sheet.0.view.0.retained_xml	c-markup-canonical-same	len=1144;sha=8d844cce2f9288b2ed0ce765f8ee0beec7bf515358f437d51d7b4fd2a700b7ff	len=626;sha=422171fe8de4a463f85bf83f820906b9b7700442ff1a85a9f8fd6ca857ec994d
ooxml/xlsx/sheet-names.xlsx	xlsx.sheet.0.view.0.retained_xml	c-markup-canonical-same	len=331;sha=839f0ff388460dbde17989048407f294ce66839f583903fdc93fc3b42a038243	len=331;sha=fb882b55374391e9c0dd4938e5a4cdd41868c0a29f5701e16c655fb9da201d18
ooxml/xlsx/sheet-names.xlsx	xlsx.sheet.1.view.0.retained_xml	c-markup-canonical-same	len=331;sha=839f0ff388460dbde17989048407f294ce66839f583903fdc93fc3b42a038243	len=331;sha=fb882b55374391e9c0dd4938e5a4cdd41868c0a29f5701e16c655fb9da201d18
ooxml/xlsx/sheet-names.xlsx	xlsx.sheet.2.view.0.retained_xml	c-markup-canonical-same	len=331;sha=839f0ff388460dbde17989048407f294ce66839f583903fdc93fc3b42a038243	len=331;sha=fb882b55374391e9c0dd4938e5a4cdd41868c0a29f5701e16c655fb9da201d18
ooxml/xlsx/sheet-names.xlsx	xlsx.sheet.3.view.0.retained_xml	c-markup-canonical-same	len=331;sha=839f0ff388460dbde17989048407f294ce66839f583903fdc93fc3b42a038243	len=331;sha=fb882b55374391e9c0dd4938e5a4cdd41868c0a29f5701e16c655fb9da201d18
ooxml/xlsx/sheet-names.xlsx	xlsx.sheet.4.view.0.retained_xml	c-markup-canonical-same	len=347;sha=b0376eff35684432d0f9626cf05e240932daae47535c243f3f18f2aa7db03ff2	len=347;sha=819c3ad510b3504c25a5752110a147dc553b6d0086aac561f3c7724892e6efd9
ooxml/xlsx/sheet-state-show.xlsx	xlsx.sheet.0.view.0.retained_xml	c-markup-canonical-same	len=736;sha=fb8cdd8518d719f83cdabac3ca4e4623e803bbb964bdbae20afd68ecec94fccf	len=447;sha=bf124a9da0c482e47b1a21334292b61ea6b5ddb80d060a7e390bceb69f98df1d
ooxml/xlsx/sheet-state-show.xlsx	xlsx.sheet.1.view.0.retained_xml	c-markup-canonical-same	len=731;sha=fa1903ed4bf44d3b6889f829144fd975ee76eb97a16bbafc747fb3de83013e03	len=442;sha=88db5a689d966d39151d079e73116d4bf020ad7db0543f64626ff3e7a00fd777
ooxml/xlsx/sheet-tab-color.xlsx	xlsx.sheet.0.view.0.retained_xml	c-markup-canonical-same	len=47;sha=48d8acf55517a8a9de2ff12500de108d54f8025f17f2642beeb71b69a9d56d07	len=191;sha=23db0588013003d9a852b0a0a05b97ef826625e7e2fc5fbd24f02b2bafcbeb1e
ooxml/xlsx/sheet-tab-color.xlsx	xlsx.sheet.1.view.0.retained_xml	c-markup-canonical-same	len=31;sha=2ce5bb0b634fdca13b0db3fcb3ee00e2120a9b34ef23481a97ee953f9ae8b218	len=175;sha=5263b35822d5c4904cd865686d28851f085be9398a206dcdb76d6ae38d25e255
ooxml/xlsx/sheet-tab-color.xlsx	xlsx.sheet.2.view.0.retained_xml	c-markup-canonical-same	len=31;sha=2ce5bb0b634fdca13b0db3fcb3ee00e2120a9b34ef23481a97ee953f9ae8b218	len=175;sha=5263b35822d5c4904cd865686d28851f085be9398a206dcdb76d6ae38d25e255
ooxml/xlsx/sheet-tab-color.xlsx	xlsx.sheet.3.view.0.retained_xml	c-markup-canonical-same	len=83;sha=52afb2a90d2231e6ac38ea9f4da7a53792cca50ecf2628f7b6741db772ac50bf	len=227;sha=6f6775315edb9879dd8ffe5cdfea505f35421cf26330bd4f3d7c7e442e181797
ooxml/xlsx/sheetProtection_allLocked.xlsx	xlsx.sheet.0.view.0.retained_xml	c-markup-canonical-same	len=47;sha=48d8acf55517a8a9de2ff12500de108d54f8025f17f2642beeb71b69a9d56d07	len=191;sha=23db0588013003d9a852b0a0a05b97ef826625e7e2fc5fbd24f02b2bafcbeb1e
ooxml/xlsx/sheetProtection_allLocked.xlsx	xlsx.sheet.1.view.0.retained_xml	c-markup-canonical-same	len=31;sha=2ce5bb0b634fdca13b0db3fcb3ee00e2120a9b34ef23481a97ee953f9ae8b218	len=175;sha=5263b35822d5c4904cd865686d28851f085be9398a206dcdb76d6ae38d25e255
ooxml/xlsx/sheetProtection_allLocked.xlsx	xlsx.sheet.2.view.0.retained_xml	c-markup-canonical-same	len=31;sha=2ce5bb0b634fdca13b0db3fcb3ee00e2120a9b34ef23481a97ee953f9ae8b218	len=175;sha=5263b35822d5c4904cd865686d28851f085be9398a206dcdb76d6ae38d25e255
ooxml/xlsx/sheetProtection_not_protected.xlsx	xlsx.sheet.0.view.0.retained_xml	c-markup-canonical-same	len=646;sha=08319a28c518505fba1e5e54731ee2c80a6dcd3046a52cc7bf9342d33d250374	len=386;sha=208f7f810387e315919dc8f4dd26083a010df1b2326e3e9220a7eb90d1c1d726
ooxml/xlsx/sortconditionref.xlsx	xlsx.sheet.0.view.0.retained_xml	c-markup-canonical-same	len=1147;sha=962b9b2e844604631756b9c433b97887135221f3f5d077f48d13f512ee41fa82	len=629;sha=25de79c445723560dabda8641fe059f29bcb7b0d79eb5a6460981285bbc2b22d
ooxml/xlsx/sortconditionref2.xlsx	xlsx.sheet.0.view.0.retained_xml	c-markup-canonical-same	len=1160;sha=10c415fde0e4576b45ba617de9708d51afbb66201b1616e63749882e19592116	len=642;sha=637ee7a9c92fd829b1b388673e9ab271c9e4a72018f929a5910d4bb560f4f576
ooxml/xlsx/sortconditionref2.xlsx	xlsx.sheet.1.view.0.retained_xml	c-markup-canonical-same	len=1130;sha=e040f2904e37ad237db72a3529dead6600589128c620f0080a0eed41b576bef6	len=612;sha=6c7db22c710562fbab48aeb23e3d23fdb4132c1e9236c85215ed22a158e0fcf0
ooxml/xlsx/style-alternate-content.xlsx	xlsx.sheet.0.view.0.retained_xml	c-markup-canonical-same	len=162;sha=8458283dfe6dd5a5a797f618bde4d4ca542a75a67a98977fade16cce6072eed2	len=373;sha=b9e7505c31c9f5cfa46d506dc0c5eb7677fc9e541b05d48b5a4a4d59e0dd0503
ooxml/xlsx/styles.xlsx	xlsx.sheet.0.view.0.retained_xml	c-markup-canonical-same	len=47;sha=48d8acf55517a8a9de2ff12500de108d54f8025f17f2642beeb71b69a9d56d07	len=191;sha=23db0588013003d9a852b0a0a05b97ef826625e7e2fc5fbd24f02b2bafcbeb1e
ooxml/xlsx/styles.xlsx	xlsx.sheet.1.view.0.retained_xml	c-markup-canonical-same	len=31;sha=2ce5bb0b634fdca13b0db3fcb3ee00e2120a9b34ef23481a97ee953f9ae8b218	len=175;sha=5263b35822d5c4904cd865686d28851f085be9398a206dcdb76d6ae38d25e255
ooxml/xlsx/styles.xlsx	xlsx.sheet.2.view.0.retained_xml	c-markup-canonical-same	len=31;sha=2ce5bb0b634fdca13b0db3fcb3ee00e2120a9b34ef23481a97ee953f9ae8b218	len=175;sha=5263b35822d5c4904cd865686d28851f085be9398a206dcdb76d6ae38d25e255
ooxml/xlsx/table-sample.xlsx	xlsx.sheet.0.view.0.retained_xml	c-markup-canonical-same	len=1144;sha=67d0f8c7e23aea4c6621bd8e5000f9934e9fd282fdc783f43ce9d4cbc06d6a49	len=626;sha=4e24423de0dcb0b5ee16a9a81f81c4b5c3465993cdb2d41eff7e0a8aa841f713
ooxml/xlsx/tableStyle.xlsx	xlsx.sheet.0.view.0.retained_xml	c-markup-canonical-same	len=686;sha=554ada7d86a166474a78d71eb702f5c22206e99593ca41a8c4d6282a45314bde	len=397;sha=81d372113c0dbb9e5d5d96cf5bcf48ec3800d269f9e0bbb0c027d80fcd8a2a66
ooxml/xlsx/test_conditional_formatting.xlsx	xlsx.sheet.0.view.0.retained_xml	c-markup-canonical-same	len=686;sha=008eb4a08b21032544b4c24503263c6f533eab4b48467212598fb65392a873cf	len=397;sha=d3989ebe881eb9c06b6053b2e710c75dee719262cf41da0bbff29bc40909487e
ooxml/xlsx/universal-content.xlsx	xlsx.sheet.0.view.0.retained_xml	c-markup-canonical-same	len=423;sha=995c0803b7c937e73a85a0a5b60a6931982792914f5f7a4eef23115d2c2c58ac	len=567;sha=bbc26fe19c604776dcc5b0dbea289b9745c6785d2f3db6b6af7a0953a42cad74
ooxml/xlsx/universal-content.xlsx	xlsx.sheet.1.view.0.retained_xml	c-markup-canonical-same	len=424;sha=5892f92c872bd137d463d7d1c6af46fadbe914125883b554dd57c18ca7b14862	len=568;sha=bd1d67b9c6736742882d09f7ab9fc82ac58ead2f153a06f1621ddec62b141a00
poi/test-data/document/61745.docx	docx.par.0.inline.1.xml	c-markup-canonical-same	len=1159;sha=c741945440776f99e89d840dcf6c5e3250bd7965b29b19315ec32e9792f5c911	len=61;sha=8cc03916b6d9de119ef6faba85fd87db3d3237faf25614205c1aa8ce62116b79
poi/test-data/document/61745.docx	docx.par.0.inline.2.xml	c-markup-canonical-same	len=1138;sha=c414be8e54c455113d4c31271afbc20685ae10ed86eddc861ed2d9b8eaa2d302	len=40;sha=3c9ca5657f8cf78835b65a55b64fe233571d32430ebdb63afdb89063ca30da86
poi/test-data/document/61745.docx	docx.par.0.run.0.content.0.xml	c-markup-canonical-same	len=10570;sha=41ee1ba8a8b4b8a0a8cfee1c3fa0b8906420680132b8d528ce79199999e466e9	len=638;sha=7b09bea5fe0d9c898fd6572f9d6b204608fa08b80b9fe2663899576a4c6fca32
poi/test-data/document/61745.docx	docx.par.1.run.0.content.0.xml	c-markup-canonical-same	len=10567;sha=81fcda0000bf31515e09b5d48a266931395c9b2b1c26898d260587bd386e1bd0	len=635;sha=2a39d7aa27b9f3318e800e1c73bb6e2e9e83b220b44dafa4d8a3116ad4a32b9e
poi/test-data/document/61745.docx	docx.block.2.xml	c-markup-canonical-same	len=5763;sha=0373001a5051d238dc0dabb97a61ac686513cad703eea0cdd4d87aee2a37227a	len=273;sha=6917afa21162558ce0e4f1d11e048f8d288fe96b973e008ca12d561bfbe007c8
poi/test-data/document/Bug54849.docx	docx.par.0.inline.0.xml	c-markup-canonical-same	len=1078;sha=10bf01d70e79784c0072495f1c717874e9f0447ae2969cbd9988ccc71d45d53e	len=45;sha=59116038c7933a2d2f10a5b052e4ad78275e52da59ad9b429e6fcc2e799e3494
poi/test-data/document/Bug54849.docx	docx.par.0.inline.2.xml	c-markup-canonical-same	len=1076;sha=0c9357fcf081afd883bfc19f3e05a6220e0af3213029dbcc2c5f16f3c78714d1	len=43;sha=756c6d24e22c0c39b9b0989747540426823d8e69944a2134b35cd7b76ec3e76f
poi/test-data/document/Bug54849.docx	docx.par.1.inline.0.xml	c-markup-canonical-same	len=1078;sha=10bf01d70e79784c0072495f1c717874e9f0447ae2969cbd9988ccc71d45d53e	len=45;sha=59116038c7933a2d2f10a5b052e4ad78275e52da59ad9b429e6fcc2e799e3494
poi/test-data/document/Bug54849.docx	docx.par.1.inline.2.xml	c-markup-canonical-same	len=1076;sha=0c9357fcf081afd883bfc19f3e05a6220e0af3213029dbcc2c5f16f3c78714d1	len=43;sha=756c6d24e22c0c39b9b0989747540426823d8e69944a2134b35cd7b76ec3e76f
poi/test-data/document/Bug54849.docx	docx.par.2.inline.0.xml	c-markup-canonical-same	len=1078;sha=10bf01d70e79784c0072495f1c717874e9f0447ae2969cbd9988ccc71d45d53e	len=45;sha=59116038c7933a2d2f10a5b052e4ad78275e52da59ad9b429e6fcc2e799e3494
poi/test-data/document/Bug54849.docx	docx.par.2.inline.2.xml	c-markup-canonical-same	len=1076;sha=0c9357fcf081afd883bfc19f3e05a6220e0af3213029dbcc2c5f16f3c78714d1	len=43;sha=756c6d24e22c0c39b9b0989747540426823d8e69944a2134b35cd7b76ec3e76f
poi/test-data/document/Bug54849.docx	docx.par.15.inline.0.xml	c-markup-canonical-same	len=1078;sha=10bf01d70e79784c0072495f1c717874e9f0447ae2969cbd9988ccc71d45d53e	len=45;sha=59116038c7933a2d2f10a5b052e4ad78275e52da59ad9b429e6fcc2e799e3494
poi/test-data/document/Bug54849.docx	docx.par.15.inline.2.xml	c-markup-canonical-same	len=1076;sha=0c9357fcf081afd883bfc19f3e05a6220e0af3213029dbcc2c5f16f3c78714d1	len=43;sha=756c6d24e22c0c39b9b0989747540426823d8e69944a2134b35cd7b76ec3e76f
poi/test-data/document/Bug54849.docx	docx.par.17.inline.0.xml	c-markup-canonical-same	len=1078;sha=10bf01d70e79784c0072495f1c717874e9f0447ae2969cbd9988ccc71d45d53e	len=45;sha=59116038c7933a2d2f10a5b052e4ad78275e52da59ad9b429e6fcc2e799e3494
poi/test-data/document/Bug54849.docx	docx.par.17.inline.2.xml	c-markup-canonical-same	len=1076;sha=0c9357fcf081afd883bfc19f3e05a6220e0af3213029dbcc2c5f16f3c78714d1	len=43;sha=756c6d24e22c0c39b9b0989747540426823d8e69944a2134b35cd7b76ec3e76f
poi/test-data/document/Bug54849.docx	docx.par.24.inline.0.xml	c-markup-canonical-same	len=1078;sha=10bf01d70e79784c0072495f1c717874e9f0447ae2969cbd9988ccc71d45d53e	len=45;sha=59116038c7933a2d2f10a5b052e4ad78275e52da59ad9b429e6fcc2e799e3494
poi/test-data/document/Bug54849.docx	docx.par.24.inline.2.xml	c-markup-canonical-same	len=1076;sha=0c9357fcf081afd883bfc19f3e05a6220e0af3213029dbcc2c5f16f3c78714d1	len=43;sha=756c6d24e22c0c39b9b0989747540426823d8e69944a2134b35cd7b76ec3e76f
poi/test-data/document/Bug54849.docx	docx.par.28.inline.0.xml	c-markup-canonical-same	len=1078;sha=10bf01d70e79784c0072495f1c717874e9f0447ae2969cbd9988ccc71d45d53e	len=45;sha=59116038c7933a2d2f10a5b052e4ad78275e52da59ad9b429e6fcc2e799e3494
poi/test-data/document/Bug54849.docx	docx.par.28.inline.2.xml	c-markup-canonical-same	len=1076;sha=0c9357fcf081afd883bfc19f3e05a6220e0af3213029dbcc2c5f16f3c78714d1	len=43;sha=756c6d24e22c0c39b9b0989747540426823d8e69944a2134b35cd7b76ec3e76f
poi/test-data/document/Bug54849.docx	docx.par.33.inline.0.xml	c-markup-canonical-same	len=1078;sha=10bf01d70e79784c0072495f1c717874e9f0447ae2969cbd9988ccc71d45d53e	len=45;sha=59116038c7933a2d2f10a5b052e4ad78275e52da59ad9b429e6fcc2e799e3494
poi/test-data/document/Bug54849.docx	docx.par.33.inline.2.xml	c-markup-canonical-same	len=1076;sha=0c9357fcf081afd883bfc19f3e05a6220e0af3213029dbcc2c5f16f3c78714d1	len=43;sha=756c6d24e22c0c39b9b0989747540426823d8e69944a2134b35cd7b76ec3e76f
poi/test-data/document/Bug54849.docx	docx.par.33.inline.4.xml	c-markup-canonical-same	len=10658;sha=3c681f2bba21741fde6a4104357be07c564687de698de2888d65ed8f203d7678	len=328;sha=44d6737324fc9501ec13463a235d94ddeaa60cf38792546318ef4e69a337066c
poi/test-data/document/Bug54849.docx	docx.par.42.inline.0.xml	c-markup-canonical-same	len=1094;sha=8f2dabd319cee3ed52becb0b4d1424a4057d55998d2ad0c3b86932df9f902500	len=61;sha=8cc03916b6d9de119ef6faba85fd87db3d3237faf25614205c1aa8ce62116b79
poi/test-data/document/Bug54849.docx	docx.par.42.inline.1.xml	c-markup-canonical-same	len=1073;sha=bb37e41e959752eab9d07a8cd74d1b855d99b5c765060ee94c68a61a2c225898	len=40;sha=3c9ca5657f8cf78835b65a55b64fe233571d32430ebdb63afdb89063ca30da86
poi/test-data/document/Bug54849.docx	docx.block.0.xml	c-markup-canonical-same	len=14912;sha=b3800b9eac315c1ea5a41fffa2d247f53abf85cf446cb0a0ffeeb9d80a36aafd	len=450;sha=daf842f8dbfc9d88f9d9a7e5ff5d7d7fc2716fd118ea9777e1cebe1e53235eb0
poi/test-data/document/Bug54849.docx	docx.block.2.xml	c-markup-canonical-same	len=85319;sha=397ca9e9344fbd109fcdc4bf24b50dc9020d22876fe24bb966cd0c2da4ae3e3f	len=2679;sha=69281b429e251dc62da7d22795f2cccb392a3219d031461b93939048645b6f2f
poi/test-data/document/Bug54849.docx	docx.block.4.xml	c-markup-canonical-same	len=13846;sha=91ae780a5fbb5291b2657284e3276bd3c74b4d83bd259204f238eee67c70a300	len=417;sha=f3711d3ca5e64791913f2d2cd6771df26fb600770e50feebef622917027314a1
poi/test-data/document/Bug54849.docx	docx.block.6.xml	c-markup-canonical-same	len=14869;sha=80a96a620bb4274e093573f6cbba16bd27894e0664ea23a7a85dee2c1106a96f	len=407;sha=b3bc7a073971a10b2e78e609b905f4c362b5b8ecdc486200b6d02cb761b0042a
poi/test-data/document/Bug54849.docx	docx.block.8.xml	c-markup-canonical-same	len=14988;sha=3e63c47a8da12849e5ebe78381a648f4841af1a9db389d307cedf2fe979548e0	len=526;sha=4e78cf0ddb06965be1e82faca8e271837b6e18e4377a59227598a23fd55948c6
poi/test-data/document/Bug54849.docx	docx.block.10.xml	c-markup-canonical-same	len=14968;sha=3fbb2c8a0ed2f7b211e553565791220ca61c98c1df6c3eeaecb436e832f79cdd	len=506;sha=866351eab6f40530e05f61aa1957a9b8b15b4e619f40189d815297a03eeceb20
poi/test-data/document/Bug54849.docx	docx.block.12.xml	c-markup-canonical-same	len=16023;sha=39e73d37fee105aa1439c46fcbadaa15ac3fdac25eb86bf4a4ecb3ca0f1a8e0b	len=528;sha=0999efb36e40726dddb5eb6f49a41fb64ab91c8796c9c4b87c81abd020995e05
poi/test-data/document/Bug54849.docx	docx.block.16.xml	c-markup-canonical-same	len=7640;sha=8b30019c80270c04eafe41d634dfbb24e40164ef25d61d2dcfe4aca975ae566b	len=409;sha=141e6a0034162d24b343af3420a2c49e313a18f7c7d91b4771f342fb83bf3b12
poi/test-data/document/Bug54849.docx	docx.fn.0.xml	c-markup-canonical-same	len=22322;sha=e205d621aa13bf9592554f50cd354e915fd24d5e06ab609f47b934c91a0669f4	len=629;sha=d4cfb9098282947f792759506628e15d33d1ac0d00759cffb4ccfcd2ccfa74ee
poi/test-data/document/Bug54849.docx	docx.en.0.xml	c-markup-canonical-same	len=20170;sha=37a1aa111a0120afe251bc117b66f24d8e40846ef3bcc5c4ecd1bb311b1cf3e1	len=543;sha=35ab1e8182e7a9c8446ae1e257d433bf1282cb88bd352c5cf2162fd943cc6800
poi/test-data/document/ComplexNumberedLists.docx	docx.par.15.inline.1.xml	c-markup-canonical-same	len=1094;sha=8f2dabd319cee3ed52becb0b4d1424a4057d55998d2ad0c3b86932df9f902500	len=61;sha=8cc03916b6d9de119ef6faba85fd87db3d3237faf25614205c1aa8ce62116b79
poi/test-data/document/ComplexNumberedLists.docx	docx.par.15.inline.2.xml	c-markup-canonical-same	len=1073;sha=bb37e41e959752eab9d07a8cd74d1b855d99b5c765060ee94c68a61a2c225898	len=40;sha=3c9ca5657f8cf78835b65a55b64fe233571d32430ebdb63afdb89063ca30da86
poi/test-data/document/ComplexNumberedLists.docx	docx.block.17.xml	c-markup-canonical-same	len=5438;sha=df3325da49b2db26613e6342feb3246b0b87915ade94ffe4cf694f9b177702b4	len=273;sha=560e6da263ddf9d5bbccb16febd2c8dce6b363745737e50b8ce2fa6b32100b80
poi/test-data/document/EmbeddedDocument.docx	docx.par.2.run.0.content.0.xml	c-markup-canonical-same	len=13207;sha=9ef9f6aaf995a5032abe7b6f244209c4f52c58c7dbebfe29368c9c9b40b17447	len=1111;sha=b789a4dbe0a6afe19198f9b18a216e1d6194bb5e5013d6ea1e0ac62e9f5919a5
poi/test-data/document/EmbeddedDocument.docx	docx.block.3.xml	c-markup-canonical-same	len=3175;sha=8d3bd91daedbff24ac391d74b1ee5a316a74a0c9152105dd3c5a92141dca3561	len=295;sha=70e24de68d00285e199b5609846dda2f7c2082ca9c39ece11d84a44497a4d87a
poi/test-data/document/Numbering.docx	docx.par.18.inline.0.xml	c-markup-canonical-same	len=1159;sha=c741945440776f99e89d840dcf6c5e3250bd7965b29b19315ec32e9792f5c911	len=61;sha=8cc03916b6d9de119ef6faba85fd87db3d3237faf25614205c1aa8ce62116b79
poi/test-data/document/Numbering.docx	docx.par.18.inline.1.xml	c-markup-canonical-same	len=1138;sha=c414be8e54c455113d4c31271afbc20685ae10ed86eddc861ed2d9b8eaa2d302	len=40;sha=3c9ca5657f8cf78835b65a55b64fe233571d32430ebdb63afdb89063ca30da86
poi/test-data/document/Numbering.docx	docx.block.22.xml	c-markup-canonical-same	len=5785;sha=50b57f47e8c06e69484f24f47172f42513603fe92cd254caf39938fd413561aa	len=295;sha=51e3b087c5f7a8e51dc17f9185b01e1387964d870b180234e75b7322943ae861
poi/test-data/document/NumberingWOverrides.docx	docx.par.0.inline.0.xml	c-markup-canonical-same	len=1159;sha=c741945440776f99e89d840dcf6c5e3250bd7965b29b19315ec32e9792f5c911	len=61;sha=8cc03916b6d9de119ef6faba85fd87db3d3237faf25614205c1aa8ce62116b79
poi/test-data/document/NumberingWOverrides.docx	docx.par.0.inline.1.xml	c-markup-canonical-same	len=1138;sha=c414be8e54c455113d4c31271afbc20685ae10ed86eddc861ed2d9b8eaa2d302	len=40;sha=3c9ca5657f8cf78835b65a55b64fe233571d32430ebdb63afdb89063ca30da86
poi/test-data/document/NumberingWOverrides.docx	docx.par.1.inline.2.xml	c-markup-canonical-same	len=1143;sha=9389e2276cb4498d06dccd201fcea81ae34369a08c3c65663abafa49bea3c177	len=45;sha=59116038c7933a2d2f10a5b052e4ad78275e52da59ad9b429e6fcc2e799e3494
poi/test-data/document/NumberingWOverrides.docx	docx.par.1.inline.4.xml	c-markup-canonical-same	len=1141;sha=393377a2bb5066c35f8597ac87630afbfd190abd83337c3362b080e283ba6195	len=43;sha=756c6d24e22c0c39b9b0989747540426823d8e69944a2134b35cd7b76ec3e76f
poi/test-data/document/NumberingWOverrides.docx	docx.block.10.xml	c-markup-canonical-same	len=5784;sha=3cc174f63179cd881ef3c2d6b0585c61c6d0a27b9d8a5781b464aec9f549975e	len=294;sha=555e6e01d541f5b9006e20441a5a40d887a668196b7eb6e64565c488ff3ff9a1
poi/test-data/document/NumberingWithOutOfOrderId.docx	docx.block.1.xml	c-markup-canonical-same	len=5851;sha=e247f8649c7674922e2a20990ebae5b722ed56d34e18e6b9e81aa1d176069e63	len=365;sha=cb5b3ddd45d8fdcf94283e63926f3b9b80ac6fd9d0176931dfbcb92f70a5cae8
poi/test-data/document/heading123.docx	docx.par.1.inline.2.xml	c-markup-canonical-same	len=733;sha=26465db2dde36c26678ce4871b695501966c9b25f9d2968265b6563e9640562e	len=44;sha=24d5d4f1988da84d4ae8c3f19a734cc04fd0bdbf96dd7503a4f1d6e328cfe1c5
poi/test-data/document/heading123.docx	docx.par.1.inline.4.xml	c-markup-canonical-same	len=731;sha=1fa67fc4121aebcdb392a8d89d0520621f96bef73b1a709fbd5d100de78cefdc	len=42;sha=c26240eb89659c453a0c8b96ecfacbd2d93df7ab826227ab28bb5ce621e62941
poi/test-data/document/heading123.docx	docx.par.1.inline.6.xml	c-markup-canonical-same	len=733;sha=26465db2dde36c26678ce4871b695501966c9b25f9d2968265b6563e9640562e	len=44;sha=24d5d4f1988da84d4ae8c3f19a734cc04fd0bdbf96dd7503a4f1d6e328cfe1c5
poi/test-data/document/heading123.docx	docx.par.1.inline.8.xml	c-markup-canonical-same	len=731;sha=1fa67fc4121aebcdb392a8d89d0520621f96bef73b1a709fbd5d100de78cefdc	len=42;sha=c26240eb89659c453a0c8b96ecfacbd2d93df7ab826227ab28bb5ce621e62941
poi/test-data/document/heading123.docx	docx.par.1.inline.10.xml	c-markup-canonical-same	len=733;sha=26465db2dde36c26678ce4871b695501966c9b25f9d2968265b6563e9640562e	len=44;sha=24d5d4f1988da84d4ae8c3f19a734cc04fd0bdbf96dd7503a4f1d6e328cfe1c5
poi/test-data/document/heading123.docx	docx.par.1.inline.12.xml	c-markup-canonical-same	len=731;sha=1fa67fc4121aebcdb392a8d89d0520621f96bef73b1a709fbd5d100de78cefdc	len=42;sha=c26240eb89659c453a0c8b96ecfacbd2d93df7ab826227ab28bb5ce621e62941
poi/test-data/document/heading123.docx	docx.par.1.inline.14.xml	c-markup-canonical-same	len=733;sha=26465db2dde36c26678ce4871b695501966c9b25f9d2968265b6563e9640562e	len=44;sha=24d5d4f1988da84d4ae8c3f19a734cc04fd0bdbf96dd7503a4f1d6e328cfe1c5
poi/test-data/document/heading123.docx	docx.par.1.inline.16.xml	c-markup-canonical-same	len=731;sha=1fa67fc4121aebcdb392a8d89d0520621f96bef73b1a709fbd5d100de78cefdc	len=42;sha=c26240eb89659c453a0c8b96ecfacbd2d93df7ab826227ab28bb5ce621e62941
poi/test-data/document/heading123.docx	docx.par.1.inline.18.xml	c-markup-canonical-same	len=733;sha=26465db2dde36c26678ce4871b695501966c9b25f9d2968265b6563e9640562e	len=44;sha=24d5d4f1988da84d4ae8c3f19a734cc04fd0bdbf96dd7503a4f1d6e328cfe1c5
poi/test-data/document/heading123.docx	docx.par.1.inline.20.xml	c-markup-canonical-same	len=731;sha=1fa67fc4121aebcdb392a8d89d0520621f96bef73b1a709fbd5d100de78cefdc	len=42;sha=c26240eb89659c453a0c8b96ecfacbd2d93df7ab826227ab28bb5ce621e62941
poi/test-data/document/heading123.docx	docx.par.1.inline.22.xml	c-markup-canonical-same	len=733;sha=26465db2dde36c26678ce4871b695501966c9b25f9d2968265b6563e9640562e	len=44;sha=24d5d4f1988da84d4ae8c3f19a734cc04fd0bdbf96dd7503a4f1d6e328cfe1c5
poi/test-data/document/heading123.docx	docx.par.1.inline.24.xml	c-markup-canonical-same	len=731;sha=1fa67fc4121aebcdb392a8d89d0520621f96bef73b1a709fbd5d100de78cefdc	len=42;sha=c26240eb89659c453a0c8b96ecfacbd2d93df7ab826227ab28bb5ce621e62941
poi/test-data/document/heading123.docx	docx.par.1.inline.26.xml	c-markup-canonical-same	len=733;sha=26465db2dde36c26678ce4871b695501966c9b25f9d2968265b6563e9640562e	len=44;sha=24d5d4f1988da84d4ae8c3f19a734cc04fd0bdbf96dd7503a4f1d6e328cfe1c5
poi/test-data/document/heading123.docx	docx.par.1.inline.28.xml	c-markup-canonical-same	len=731;sha=1fa67fc4121aebcdb392a8d89d0520621f96bef73b1a709fbd5d100de78cefdc	len=42;sha=c26240eb89659c453a0c8b96ecfacbd2d93df7ab826227ab28bb5ce621e62941
poi/test-data/document/heading123.docx	docx.par.1.inline.30.xml	c-markup-canonical-same	len=733;sha=26465db2dde36c26678ce4871b695501966c9b25f9d2968265b6563e9640562e	len=44;sha=24d5d4f1988da84d4ae8c3f19a734cc04fd0bdbf96dd7503a4f1d6e328cfe1c5
poi/test-data/document/heading123.docx	docx.par.1.inline.32.xml	c-markup-canonical-same	len=731;sha=1fa67fc4121aebcdb392a8d89d0520621f96bef73b1a709fbd5d100de78cefdc	len=42;sha=c26240eb89659c453a0c8b96ecfacbd2d93df7ab826227ab28bb5ce621e62941
poi/test-data/document/heading123.docx	docx.par.1.inline.34.xml	c-markup-canonical-same	len=733;sha=26465db2dde36c26678ce4871b695501966c9b25f9d2968265b6563e9640562e	len=44;sha=24d5d4f1988da84d4ae8c3f19a734cc04fd0bdbf96dd7503a4f1d6e328cfe1c5
poi/test-data/document/heading123.docx	docx.par.1.inline.36.xml	c-markup-canonical-same	len=731;sha=1fa67fc4121aebcdb392a8d89d0520621f96bef73b1a709fbd5d100de78cefdc	len=42;sha=c26240eb89659c453a0c8b96ecfacbd2d93df7ab826227ab28bb5ce621e62941
poi/test-data/document/heading123.docx	docx.par.1.inline.38.xml	c-markup-canonical-same	len=733;sha=26465db2dde36c26678ce4871b695501966c9b25f9d2968265b6563e9640562e	len=44;sha=24d5d4f1988da84d4ae8c3f19a734cc04fd0bdbf96dd7503a4f1d6e328cfe1c5
poi/test-data/document/heading123.docx	docx.par.1.inline.40.xml	c-markup-canonical-same	len=731;sha=1fa67fc4121aebcdb392a8d89d0520621f96bef73b1a709fbd5d100de78cefdc	len=42;sha=c26240eb89659c453a0c8b96ecfacbd2d93df7ab826227ab28bb5ce621e62941
poi/test-data/document/heading123.docx	docx.par.1.inline.42.xml	c-markup-canonical-same	len=733;sha=26465db2dde36c26678ce4871b695501966c9b25f9d2968265b6563e9640562e	len=44;sha=24d5d4f1988da84d4ae8c3f19a734cc04fd0bdbf96dd7503a4f1d6e328cfe1c5
poi/test-data/document/heading123.docx	docx.par.1.inline.44.xml	c-markup-canonical-same	len=731;sha=1fa67fc4121aebcdb392a8d89d0520621f96bef73b1a709fbd5d100de78cefdc	len=42;sha=c26240eb89659c453a0c8b96ecfacbd2d93df7ab826227ab28bb5ce621e62941
poi/test-data/document/heading123.docx	docx.par.3.inline.0.xml	c-markup-canonical-same	len=733;sha=26465db2dde36c26678ce4871b695501966c9b25f9d2968265b6563e9640562e	len=44;sha=24d5d4f1988da84d4ae8c3f19a734cc04fd0bdbf96dd7503a4f1d6e328cfe1c5
poi/test-data/document/heading123.docx	docx.par.3.inline.3.xml	c-markup-canonical-same	len=731;sha=1fa67fc4121aebcdb392a8d89d0520621f96bef73b1a709fbd5d100de78cefdc	len=42;sha=c26240eb89659c453a0c8b96ecfacbd2d93df7ab826227ab28bb5ce621e62941
poi/test-data/document/heading123.docx	docx.par.3.inline.5.xml	c-markup-canonical-same	len=733;sha=26465db2dde36c26678ce4871b695501966c9b25f9d2968265b6563e9640562e	len=44;sha=24d5d4f1988da84d4ae8c3f19a734cc04fd0bdbf96dd7503a4f1d6e328cfe1c5
poi/test-data/document/heading123.docx	docx.par.3.inline.7.xml	c-markup-canonical-same	len=731;sha=1fa67fc4121aebcdb392a8d89d0520621f96bef73b1a709fbd5d100de78cefdc	len=42;sha=c26240eb89659c453a0c8b96ecfacbd2d93df7ab826227ab28bb5ce621e62941
poi/test-data/document/heading123.docx	docx.par.3.inline.9.xml	c-markup-canonical-same	len=733;sha=26465db2dde36c26678ce4871b695501966c9b25f9d2968265b6563e9640562e	len=44;sha=24d5d4f1988da84d4ae8c3f19a734cc04fd0bdbf96dd7503a4f1d6e328cfe1c5
poi/test-data/document/heading123.docx	docx.par.3.inline.11.xml	c-markup-canonical-same	len=731;sha=1fa67fc4121aebcdb392a8d89d0520621f96bef73b1a709fbd5d100de78cefdc	len=42;sha=c26240eb89659c453a0c8b96ecfacbd2d93df7ab826227ab28bb5ce621e62941
poi/test-data/document/heading123.docx	docx.par.3.inline.13.xml	c-markup-canonical-same	len=733;sha=26465db2dde36c26678ce4871b695501966c9b25f9d2968265b6563e9640562e	len=44;sha=24d5d4f1988da84d4ae8c3f19a734cc04fd0bdbf96dd7503a4f1d6e328cfe1c5
poi/test-data/document/heading123.docx	docx.par.3.inline.15.xml	c-markup-canonical-same	len=731;sha=1fa67fc4121aebcdb392a8d89d0520621f96bef73b1a709fbd5d100de78cefdc	len=42;sha=c26240eb89659c453a0c8b96ecfacbd2d93df7ab826227ab28bb5ce621e62941
poi/test-data/document/heading123.docx	docx.par.3.inline.17.xml	c-markup-canonical-same	len=733;sha=26465db2dde36c26678ce4871b695501966c9b25f9d2968265b6563e9640562e	len=44;sha=24d5d4f1988da84d4ae8c3f19a734cc04fd0bdbf96dd7503a4f1d6e328cfe1c5
poi/test-data/document/heading123.docx	docx.par.3.inline.19.xml	c-markup-canonical-same	len=731;sha=1fa67fc4121aebcdb392a8d89d0520621f96bef73b1a709fbd5d100de78cefdc	len=42;sha=c26240eb89659c453a0c8b96ecfacbd2d93df7ab826227ab28bb5ce621e62941
poi/test-data/document/heading123.docx	docx.par.3.inline.21.xml	c-markup-canonical-same	len=733;sha=26465db2dde36c26678ce4871b695501966c9b25f9d2968265b6563e9640562e	len=44;sha=24d5d4f1988da84d4ae8c3f19a734cc04fd0bdbf96dd7503a4f1d6e328cfe1c5
poi/test-data/document/heading123.docx	docx.par.3.inline.23.xml	c-markup-canonical-same	len=731;sha=1fa67fc4121aebcdb392a8d89d0520621f96bef73b1a709fbd5d100de78cefdc	len=42;sha=c26240eb89659c453a0c8b96ecfacbd2d93df7ab826227ab28bb5ce621e62941
poi/test-data/document/heading123.docx	docx.par.3.inline.25.xml	c-markup-canonical-same	len=733;sha=26465db2dde36c26678ce4871b695501966c9b25f9d2968265b6563e9640562e	len=44;sha=24d5d4f1988da84d4ae8c3f19a734cc04fd0bdbf96dd7503a4f1d6e328cfe1c5
poi/test-data/document/heading123.docx	docx.par.3.inline.27.xml	c-markup-canonical-same	len=731;sha=1fa67fc4121aebcdb392a8d89d0520621f96bef73b1a709fbd5d100de78cefdc	len=42;sha=c26240eb89659c453a0c8b96ecfacbd2d93df7ab826227ab28bb5ce621e62941
poi/test-data/document/heading123.docx	docx.par.5.inline.0.xml	c-markup-canonical-same	len=733;sha=26465db2dde36c26678ce4871b695501966c9b25f9d2968265b6563e9640562e	len=44;sha=24d5d4f1988da84d4ae8c3f19a734cc04fd0bdbf96dd7503a4f1d6e328cfe1c5
poi/test-data/document/heading123.docx	docx.par.5.inline.3.xml	c-markup-canonical-same	len=731;sha=1fa67fc4121aebcdb392a8d89d0520621f96bef73b1a709fbd5d100de78cefdc	len=42;sha=c26240eb89659c453a0c8b96ecfacbd2d93df7ab826227ab28bb5ce621e62941
poi/test-data/document/heading123.docx	docx.par.5.inline.5.xml	c-markup-canonical-same	len=733;sha=26465db2dde36c26678ce4871b695501966c9b25f9d2968265b6563e9640562e	len=44;sha=24d5d4f1988da84d4ae8c3f19a734cc04fd0bdbf96dd7503a4f1d6e328cfe1c5
poi/test-data/document/heading123.docx	docx.par.5.inline.7.xml	c-markup-canonical-same	len=731;sha=1fa67fc4121aebcdb392a8d89d0520621f96bef73b1a709fbd5d100de78cefdc	len=42;sha=c26240eb89659c453a0c8b96ecfacbd2d93df7ab826227ab28bb5ce621e62941
poi/test-data/document/heading123.docx	docx.par.5.inline.9.xml	c-markup-canonical-same	len=733;sha=26465db2dde36c26678ce4871b695501966c9b25f9d2968265b6563e9640562e	len=44;sha=24d5d4f1988da84d4ae8c3f19a734cc04fd0bdbf96dd7503a4f1d6e328cfe1c5
poi/test-data/document/heading123.docx	docx.par.5.inline.11.xml	c-markup-canonical-same	len=731;sha=1fa67fc4121aebcdb392a8d89d0520621f96bef73b1a709fbd5d100de78cefdc	len=42;sha=c26240eb89659c453a0c8b96ecfacbd2d93df7ab826227ab28bb5ce621e62941
poi/test-data/document/heading123.docx	docx.par.5.inline.13.xml	c-markup-canonical-same	len=733;sha=26465db2dde36c26678ce4871b695501966c9b25f9d2968265b6563e9640562e	len=44;sha=24d5d4f1988da84d4ae8c3f19a734cc04fd0bdbf96dd7503a4f1d6e328cfe1c5
poi/test-data/document/heading123.docx	docx.par.5.inline.15.xml	c-markup-canonical-same	len=731;sha=1fa67fc4121aebcdb392a8d89d0520621f96bef73b1a709fbd5d100de78cefdc	len=42;sha=c26240eb89659c453a0c8b96ecfacbd2d93df7ab826227ab28bb5ce621e62941
poi/test-data/document/heading123.docx	docx.par.5.inline.17.xml	c-markup-canonical-same	len=733;sha=26465db2dde36c26678ce4871b695501966c9b25f9d2968265b6563e9640562e	len=44;sha=24d5d4f1988da84d4ae8c3f19a734cc04fd0bdbf96dd7503a4f1d6e328cfe1c5
poi/test-data/document/heading123.docx	docx.par.5.inline.19.xml	c-markup-canonical-same	len=731;sha=1fa67fc4121aebcdb392a8d89d0520621f96bef73b1a709fbd5d100de78cefdc	len=42;sha=c26240eb89659c453a0c8b96ecfacbd2d93df7ab826227ab28bb5ce621e62941
poi/test-data/document/heading123.docx	docx.par.5.inline.21.xml	c-markup-canonical-same	len=733;sha=26465db2dde36c26678ce4871b695501966c9b25f9d2968265b6563e9640562e	len=44;sha=24d5d4f1988da84d4ae8c3f19a734cc04fd0bdbf96dd7503a4f1d6e328cfe1c5
poi/test-data/document/heading123.docx	docx.par.5.inline.23.xml	c-markup-canonical-same	len=731;sha=1fa67fc4121aebcdb392a8d89d0520621f96bef73b1a709fbd5d100de78cefdc	len=42;sha=c26240eb89659c453a0c8b96ecfacbd2d93df7ab826227ab28bb5ce621e62941
poi/test-data/document/heading123.docx	docx.par.5.inline.25.xml	c-markup-canonical-same	len=733;sha=26465db2dde36c26678ce4871b695501966c9b25f9d2968265b6563e9640562e	len=44;sha=24d5d4f1988da84d4ae8c3f19a734cc04fd0bdbf96dd7503a4f1d6e328cfe1c5
poi/test-data/document/heading123.docx	docx.par.5.inline.27.xml	c-markup-canonical-same	len=731;sha=1fa67fc4121aebcdb392a8d89d0520621f96bef73b1a709fbd5d100de78cefdc	len=42;sha=c26240eb89659c453a0c8b96ecfacbd2d93df7ab826227ab28bb5ce621e62941
poi/test-data/document/heading123.docx	docx.par.5.inline.29.xml	c-markup-canonical-same	len=733;sha=26465db2dde36c26678ce4871b695501966c9b25f9d2968265b6563e9640562e	len=44;sha=24d5d4f1988da84d4ae8c3f19a734cc04fd0bdbf96dd7503a4f1d6e328cfe1c5
poi/test-data/document/heading123.docx	docx.par.5.inline.31.xml	c-markup-canonical-same	len=731;sha=1fa67fc4121aebcdb392a8d89d0520621f96bef73b1a709fbd5d100de78cefdc	len=42;sha=c26240eb89659c453a0c8b96ecfacbd2d93df7ab826227ab28bb5ce621e62941
poi/test-data/document/heading123.docx	docx.block.6.xml	c-markup-canonical-same	len=3031;sha=e37e99ac71a71f5a1c992126382e452b77545efa91a2fd76d1f6e6d9f3b864e1	len=275;sha=5d50660febadb7cac55fd14c204c1024dce80a483f22bd3a798657cf20f8ca54
poi/test-data/document/saut_page.docx	docx.block.5.xml	c-markup-canonical-same	len=9324;sha=7fc23a4c413cd1039429d9afc43b57f2b3795cbdec2c6427c1fe62ccb2b1e698	len=544;sha=31e2c0945a473599f7015e0a9318142687cd27c15f75c6206de0a4730b39f6ab
poi/test-data/document/testComment.docx	docx.par.0.inline.1.xml	c-markup-canonical-same	len=2227;sha=b87b7bf78dc3610186647fb806e6966c8e0915418581a0c78c0204a2c80670e3	len=52;sha=596d39e5d8f544a4fc13323473bbcf287d05f9f4e5aaa2183672727cb7e5201e
poi/test-data/document/testComment.docx	docx.par.0.inline.3.xml	c-markup-canonical-same	len=2223;sha=4bd5d2473c1ef29a1aa62da0f427c61e0515128910b442be85935a3162865bee	len=48;sha=b71ce8495b8ecace86cd1f7a124f674fb503a9e345c199ff2d9d7a5cbe73f248
poi/test-data/document/testComment.docx	docx.par.0.run.2.content.0.xml	c-markup-canonical-same	len=2225;sha=c4a5d76e9f0ca9ce6933a6d09dbbe6fa850f485a68533aed40e9232ba8c9a8c3	len=50;sha=e3fefe8098740bd479fccff3c585d78e0bca4156defb45cb51feac5b4e795f33
poi/test-data/document/testComment.docx	docx.block.1.xml	c-markup-canonical-same	len=11164;sha=6f452de6efd89932bc8885959e4f51ce709113ae4dfe206591063ad3f4c69f59	len=289;sha=d2e41f8f2d9fdecf8c3bc485e63a553da7dd54adcbc1cc170b0a52ec8bdbf0e4
poi/test-data/document/testComment.docx	docx.cmt.0.xml	c-markup-canonical-same	len=126155;sha=cc6ad2bd35997dc274f07a63b864051ad03e3af498783405e02e00ab8b37428f	len=2099;sha=41a11b6a10492da20cd69d06e506d2725e76c4fde6ad5efe712ab569824e29b5
poi/test-data/integration/test_recursive_embedded.docx	docx.par.2.inline.1.xml	c-markup-canonical-same	len=1159;sha=c741945440776f99e89d840dcf6c5e3250bd7965b29b19315ec32e9792f5c911	len=61;sha=8cc03916b6d9de119ef6faba85fd87db3d3237faf25614205c1aa8ce62116b79
poi/test-data/integration/test_recursive_embedded.docx	docx.par.2.inline.2.xml	c-markup-canonical-same	len=1138;sha=c414be8e54c455113d4c31271afbc20685ae10ed86eddc861ed2d9b8eaa2d302	len=40;sha=3c9ca5657f8cf78835b65a55b64fe233571d32430ebdb63afdb89063ca30da86
poi/test-data/integration/test_recursive_embedded.docx	docx.par.2.run.0.content.0.xml	c-markup-canonical-same	len=24161;sha=f1b2f739bd74b70cf73133f3f32283a7d518655e9f221e9f5d7f4c2dddbccd46	len=1103;sha=7af55132a0959870de25d58751d88c7b2e42157dcfcf38969bee814bcac1ab8c
poi/test-data/integration/test_recursive_embedded.docx	docx.block.3.xml	c-markup-canonical-same	len=12753;sha=a7854f822a69de26c7ada43def61ddf7fa9a0e2a1e5d0546cc1ab1da1ff25ec0	len=675;sha=ad102b0e6224acfb5ce204d0c851110b6d64f7e9d116785e3c72b3a0e5b9e522
poi/test-data/openxml4j/50154.xlsx	xlsx.sheet.0.view.0.retained_xml	c-markup-canonical-same	len=135;sha=59ffe2bf886bf8006f3db33383005c102f38adf55c9c4ecd226e72cec9003c24	len=279;sha=dbb6d67ab194e189a1550f4f4996840fa6b309658ab3f29ac18a8f2028449eb4
poi/test-data/openxml4j/50154.xlsx	xlsx.sheet.1.view.0.retained_xml	c-markup-canonical-same	len=49;sha=9b8c8bb58f31a76b949048f73379b8209a28bef977ef997c71e9e3d4a72f4c82	len=193;sha=9a1fb5368691c7d19515660ae13c3efb1228096e2e523de3ccc8d2a4b780045b
poi/test-data/openxml4j/50154.xlsx	xlsx.sheet.2.view.0.retained_xml	c-markup-canonical-same	len=31;sha=2ce5bb0b634fdca13b0db3fcb3ee00e2120a9b34ef23481a97ee953f9ae8b218	len=175;sha=5263b35822d5c4904cd865686d28851f085be9398a206dcdb76d6ae38d25e255
poi/test-data/openxml4j/50154.xlsx	xlsx.sheet.3.view.0.retained_xml	c-markup-canonical-same	len=31;sha=2ce5bb0b634fdca13b0db3fcb3ee00e2120a9b34ef23481a97ee953f9ae8b218	len=175;sha=5263b35822d5c4904cd865686d28851f085be9398a206dcdb76d6ae38d25e255
poi/test-data/openxml4j/50154.xlsx	xlsx.sheet.4.view.0.retained_xml	c-markup-canonical-same	len=31;sha=2ce5bb0b634fdca13b0db3fcb3ee00e2120a9b34ef23481a97ee953f9ae8b218	len=175;sha=5263b35822d5c4904cd865686d28851f085be9398a206dcdb76d6ae38d25e255
poi/test-data/openxml4j/OPCCompliance_CoreProperties_AlternateTimezones.docx	docx.block.11.xml	c-markup-canonical-same	len=3196;sha=a021e02ed74d035c9c3595c6e6e7f6399f8f375a6fda7c6fb93add340e6b7b18	len=316;sha=0f023221a1b460ffe5e676ea307d7350bec9efd76181a0c6b22f7df13f62d148
poi/test-data/openxml4j/OPCCompliance_CoreProperties_SUCCESS.docx	docx.block.1.xml	c-markup-canonical-same	len=3153;sha=2968192d69128f25aae13a448c790c01bf954e88a138fe41f469a2c07c8fbead	len=273;sha=28c6600c59bbceaaa9408f4b33df327bcda2ddeae000aa97de5b7907d92fed69
poi/test-data/openxml4j/OPCCompliance_NoCoreProperties.xlsx	xlsx.sheet.0.view.0.retained_xml	c-markup-canonical-same	len=47;sha=48d8acf55517a8a9de2ff12500de108d54f8025f17f2642beeb71b69a9d56d07	len=191;sha=23db0588013003d9a852b0a0a05b97ef826625e7e2fc5fbd24f02b2bafcbeb1e
poi/test-data/openxml4j/OPCCompliance_NoCoreProperties.xlsx	xlsx.sheet.1.view.0.retained_xml	c-markup-canonical-same	len=31;sha=2ce5bb0b634fdca13b0db3fcb3ee00e2120a9b34ef23481a97ee953f9ae8b218	len=175;sha=5263b35822d5c4904cd865686d28851f085be9398a206dcdb76d6ae38d25e255
poi/test-data/openxml4j/OPCCompliance_NoCoreProperties.xlsx	xlsx.sheet.2.view.0.retained_xml	c-markup-canonical-same	len=31;sha=2ce5bb0b634fdca13b0db3fcb3ee00e2120a9b34ef23481a97ee953f9ae8b218	len=175;sha=5263b35822d5c4904cd865686d28851f085be9398a206dcdb76d6ae38d25e255
poi/test-data/slideshow/bug62513.pptx	pptx.sld.10.shp.0.xml	c-markup-canonical-same	len=3786;sha=cb429f593eab650e571c3b7a8ee958961460ab72bfe4a1a08ca0371b96835577	len=410;sha=599f3b3e6814bb8fb80e7748c9616d71ed5a037221c6deb98e3f63f626ea4001
poi/test-data/slideshow/bug62513.pptx	pptx.sld.10.shp.1.xml	c-markup-canonical-same	len=4665;sha=5c66937d73caeaad30a0ab2f4d2cddd48f2a06dfe72995ee020dd022804a3659	len=967;sha=62d6754af5340d33e6531d77c1ca14a80e85da4d97d9d964074f61b5659686e1
poi/test-data/slideshow/bug62513.pptx	pptx.sld.12.shp.0.xml	c-markup-canonical-same	len=3787;sha=f34f1c9e194beb1e958a1546f19b47a3852d13d7989a7d2b8a59cf50d37ac128	len=411;sha=033a40d5c2aafeb458ab1f34cc8e3410c7cc4b422cd5fc5fad7b51177b31f5c8
poi/test-data/slideshow/bug62513.pptx	pptx.sld.12.shp.1.xml	c-markup-canonical-same	len=3575;sha=16d186e659fb311586cc7757fdf5a6db77915b5712bf8ee1f742702a533921a6	len=721;sha=1cb440e4abf01d3712b7a3d8e150efbd50cfea4d5e93494c0b97ab8e5e1ff292
poi/test-data/slideshow/bug62513.pptx	pptx.sld.13.shp.0.xml	c-markup-canonical-same	len=3786;sha=13af9c0e0a7c3574445309d4892487bc1cf7711bace23380b950fab6d44ad7a3	len=410;sha=120b78c98fabcc5f66e5664f8c177540500cc7a14c7d48f00d5d4e17e177f8ac
poi/test-data/slideshow/bug62513.pptx	pptx.sld.13.shp.1.xml	c-markup-canonical-same	len=4652;sha=3dcbbd20b577ae74810ab8f6304f4b0aeea26ef5973a5c44ed13b7df9e4aafc9	len=954;sha=43d83b53bc1df3c51dd794efbcc6dff7bdcdefcc829f1c2dd7b41edeeb8362b5
poi/test-data/slideshow/bug62513.pptx	pptx.sld.14.shp.0.xml	c-markup-canonical-same	len=3783;sha=a1e4cd34a207f18eae2596fa7d2dbb42f3b6f23d1817ad7feb3bbc4516971518	len=407;sha=adfd96023fa37afbca45e1eec7303c2a841ff90277b0edc10cc207b4216d03d8
poi/test-data/slideshow/bug62513.pptx	pptx.sld.14.shp.1.xml	c-markup-canonical-same	len=4652;sha=82dde2c9a74b20c6cb8370d530857b73044c0c2496325344ccbc0f1c4e656696	len=954;sha=98fa4ecdf7853d25e9c8257c12f54202273056496e9cb095b45dcad32ae82c83
poi/test-data/slideshow/bug62513.pptx	pptx.sld.15.shp.0.xml	c-markup-canonical-same	len=3778;sha=19d72ec24aca2112a9df01c6ef4acd13448415ebd0dabb905189aa11a3fb2a42	len=402;sha=9bc106d155e009bae168bcba4c7bc91ac401f9420424c87a87240feb014afdd9
poi/test-data/slideshow/bug62513.pptx	pptx.sld.15.shp.1.xml	c-markup-canonical-same	len=4654;sha=c473ebd2d3c09f11161423cf8d96ab7b649b4e040a283ba754663db0b1fbf841	len=956;sha=cebf7fc8ec21a4ca199ed06817971aa076e805b25e7de164600d1a5149590394
poi/test-data/slideshow/bug62513.pptx	pptx.sld.16.shp.0.xml	c-markup-canonical-same	len=4793;sha=1c15743b5e0555b902ec3cb1bdf7c7c50b74b59310eb1762f333043a475541b6	len=573;sha=9264ea307dc5df8653c7e875ef197383992f76ab891dfb1b1b7a4c589855f28b
poi/test-data/slideshow/bug62513.pptx	pptx.sld.16.shp.1.xml	c-markup-canonical-same	len=38169;sha=1a42ad9f9d8d26ff5950c64c4c38b05de1a8e805283728f3edab8459ca46c41a	len=5253;sha=17a0e062101daa56db0d8225ed940ca76ed202e99686cb48dc2e78f6257c2569
poi/test-data/slideshow/bug62513.pptx	pptx.sld.16.shp.2.xml	c-markup-canonical-same	len=3573;sha=c1ec7b0701d097ba811d60f24de264e04fbaa8ad8cc3402726dd44e962113b0c	len=719;sha=ab53f29e1d60e0bd8573d9dd5572f37419675cb54ee33a0947e03415dae322a1
poi/test-data/slideshow/bug62513.pptx	pptx.sld.16.shp.3.xml	c-markup-canonical-same	len=3572;sha=472131b69457ea79aaef5294c1b2c28dc366f2a440221264b6109443e346a3fb	len=718;sha=1d681e6488f03418164ca94f9f34b4676fa29b651952d9f8ac8802d3b2336734
poi/test-data/slideshow/bug62513.pptx	pptx.sld.16.shp.4.xml	c-markup-canonical-same	len=4422;sha=f6c044a3e11e3dd9695475dcdcb9ced5f164db25ede4a79ee894748bc8280190	len=935;sha=96cb6997dcdf418ceaa51f881379dc24d6f748fdb2cee310309bc9bc5d9f683c
poi/test-data/slideshow/bug62513.pptx	pptx.sld.17.shp.0.xml	c-markup-canonical-same	len=3782;sha=a9b2bbc91f9581e9ce34f42a6b3f8455a99f390a2e2566293af9d89f35dff1f6	len=406;sha=b1b204c1b040a08e7a4c69e2c61ef80ea9ddb30f1eea0220e53a03873a35ff99
poi/test-data/slideshow/bug62513.pptx	pptx.sld.17.shp.1.xml	c-markup-canonical-same	len=6618;sha=c8186a530eaf8f9a7753b14dcd2ba1eb0143f08b01c90ccf4eab31654582a1d6	len=710;sha=ef67f7fa5386a7b93a9a77c194653da44091e1716d9dc51d87776048824893ba
poi/test-data/slideshow/bug62513.pptx	pptx.sld.17.shp.2.xml	c-markup-canonical-same	len=3574;sha=fdc3d17212f90c4206f1b4ea458c5a3b57b8faf0d53a9f5be39d04fa5dd8a53b	len=720;sha=5e6bc347d557d6e2f0da6044402b714a4039486592ce48f719f026be20ff44a0
poi/test-data/spreadsheet/45540_classic_Header.xlsx	xlsx.sheet.0.view.0.retained_xml	c-markup-canonical-same	len=157;sha=4168a2b5c87df550d290275136a83f92ecdb02e2e3b564e3fb6a22196ffe534b	len=301;sha=346dc1016cd0223c9adfeb6ad9f200a20e6fc1c080fe473413ae9b31aa5c1dde
poi/test-data/spreadsheet/45540_classic_Header.xlsx	xlsx.sheet.1.view.0.retained_xml	c-markup-canonical-same	len=98;sha=07be77bcaa86e616a9cf3abbfcea2a683db2c49c0e24ec939faa7bd12360466b	len=242;sha=cf6cb1772e389b586557524e941f7da602936b0f95b95b23ed836d37dfc94c1b
poi/test-data/spreadsheet/45540_classic_Header.xlsx	xlsx.sheet.2.view.0.retained_xml	c-markup-canonical-same	len=31;sha=2ce5bb0b634fdca13b0db3fcb3ee00e2120a9b34ef23481a97ee953f9ae8b218	len=175;sha=5263b35822d5c4904cd865686d28851f085be9398a206dcdb76d6ae38d25e255
poi/test-data/spreadsheet/45540_classic_Header.xlsx	xlsx.sheet.3.view.0.retained_xml	c-markup-canonical-same	len=31;sha=2ce5bb0b634fdca13b0db3fcb3ee00e2120a9b34ef23481a97ee953f9ae8b218	len=175;sha=5263b35822d5c4904cd865686d28851f085be9398a206dcdb76d6ae38d25e255
poi/test-data/spreadsheet/45540_classic_Header.xlsx	xlsx.sheet.4.view.0.retained_xml	c-markup-canonical-same	len=31;sha=2ce5bb0b634fdca13b0db3fcb3ee00e2120a9b34ef23481a97ee953f9ae8b218	len=175;sha=5263b35822d5c4904cd865686d28851f085be9398a206dcdb76d6ae38d25e255
poi/test-data/spreadsheet/45540_classic_Header.xlsx	xlsx.sheet.5.view.0.retained_xml	c-markup-canonical-same	len=31;sha=2ce5bb0b634fdca13b0db3fcb3ee00e2120a9b34ef23481a97ee953f9ae8b218	len=175;sha=5263b35822d5c4904cd865686d28851f085be9398a206dcdb76d6ae38d25e255
poi/test-data/spreadsheet/45540_classic_Header.xlsx	xlsx.sheet.6.view.0.retained_xml	c-markup-canonical-same	len=31;sha=2ce5bb0b634fdca13b0db3fcb3ee00e2120a9b34ef23481a97ee953f9ae8b218	len=175;sha=5263b35822d5c4904cd865686d28851f085be9398a206dcdb76d6ae38d25e255
poi/test-data/spreadsheet/45540_form_Footer.xlsx	xlsx.sheet.0.view.0.retained_xml	c-markup-canonical-same	len=188;sha=ff7eea8c2f0ca0f3e2592868203be8094df1575d5120a37003f3a84b006e3ab6	len=332;sha=b48107ad2a8a6a81471b3aaf94ca99cf185b9957e3a2be56a7bf5cca9b6f2882
poi/test-data/spreadsheet/45540_form_Header.xlsx	xlsx.sheet.0.view.0.retained_xml	c-markup-canonical-same	len=170;sha=884ec94f2468cd1127930e0464c94e1dcb59362a03bf48cf8f49cb38f605c29c	len=314;sha=7af3956ef3998c13da1f5b22998fc4e45fa15c1c8d83d450194b32032f86dff5
poi/test-data/spreadsheet/47889.xlsx	xlsx.sheet.0.view.0.retained_xml	c-markup-canonical-same	len=109;sha=c006fa8e42b236add49244c46b4ca3acada3041c160e6e208927731ffd0d5f3d	len=253;sha=0406c000d944573a7b40778cb683e3bd9a0f97595c9cae376e043e871952502b
poi/test-data/spreadsheet/47889.xlsx	xlsx.sheet.1.view.0.retained_xml	c-markup-canonical-same	len=93;sha=284aa27562e72e33297bdb0db69df7b9797c74e362eade6b2f8f06690345cdbd	len=237;sha=3815dbecf6ad6a1e9e8c74db0ff443716cfe209d938d6281979d2ac55a6691ac
poi/test-data/spreadsheet/47889.xlsx	xlsx.sheet.2.view.0.retained_xml	c-markup-canonical-same	len=93;sha=284aa27562e72e33297bdb0db69df7b9797c74e362eade6b2f8f06690345cdbd	len=237;sha=3815dbecf6ad6a1e9e8c74db0ff443716cfe209d938d6281979d2ac55a6691ac
poi/test-data/spreadsheet/48962.xlsx	xlsx.sheet.0.view.0.retained_xml	c-markup-canonical-same	len=628;sha=d283bca6cb3475fa2d1a6985b425c3d5b725cc815f85a21c096118fa6082981e	len=368;sha=d907ec62b06a317442aae899f4493cb8c0778051f30e8d4fc8b61dae25d50640
poi/test-data/spreadsheet/49609.xlsx	xlsx.sheet.0.view.0.retained_xml	c-markup-canonical-same	len=394;sha=ec600120cfe3b0a4c2a6b12f7ffccbc315fb4969970fa4307d83c5415d76f439	len=559;sha=33dd6f1f20b9d2d95d7350c8a0c15eca7b532f0d1de767015bd84de8929d0833
poi/test-data/spreadsheet/49609.xlsx	xlsx.sheet.1.view.0.retained_xml	c-markup-canonical-same	len=375;sha=2f97702fbbbdc16b0b7ca8dbb758dabc13f75bd5ad32b702bd575a19bb065846	len=540;sha=0e0f53aef8dd58961ca29234b4932a5f2e772338ea8e2f97a2432c926bceee04
poi/test-data/spreadsheet/54071.xlsx	xlsx.sheet.0.view.0.retained_xml	c-markup-canonical-same	len=686;sha=6a061297f0d2e003d3e695b4e14fcbd561dac5ed8c6ed0c5ad9f582f476c0d2e	len=397;sha=76aaf8fd0a411b4d8381e8ef5c35e1990e1f24df8aeb9b1f525a9da5c4603b79
poi/test-data/spreadsheet/56169.xlsx	xlsx.sheet.0.view.0.retained_xml	c-markup-canonical-same	len=688;sha=b59edfdd851b4136eacc931403e25813e89c718fda23d3720041a1d4952e007c	len=399;sha=afe3bb8c6037920bb0dea045ec9a2c49156174ebe78bccd1da88f1922760741c
poi/test-data/spreadsheet/56169.xlsx	xlsx.sheet.1.view.0.retained_xml	c-markup-canonical-same	len=331;sha=839f0ff388460dbde17989048407f294ce66839f583903fdc93fc3b42a038243	len=331;sha=fb882b55374391e9c0dd4938e5a4cdd41868c0a29f5701e16c655fb9da201d18
poi/test-data/spreadsheet/56169.xlsx	xlsx.sheet.2.view.0.retained_xml	c-markup-canonical-same	len=331;sha=839f0ff388460dbde17989048407f294ce66839f583903fdc93fc3b42a038243	len=331;sha=fb882b55374391e9c0dd4938e5a4cdd41868c0a29f5701e16c655fb9da201d18
poi/test-data/spreadsheet/58106.xlsx	xlsx.sheet.0.view.0.retained_xml	c-markup-canonical-same	len=688;sha=afad1e225ea53224793af601782b1ec6f3839bd9298429bbf968ed3185c8d751	len=399;sha=0584a7b773ad698efb903ff4768455ef9024f706dcd8b26955c181c7724dc83c
poi/test-data/spreadsheet/58106.xlsx	xlsx.sheet.1.view.0.retained_xml	c-markup-canonical-same	len=331;sha=839f0ff388460dbde17989048407f294ce66839f583903fdc93fc3b42a038243	len=331;sha=fb882b55374391e9c0dd4938e5a4cdd41868c0a29f5701e16c655fb9da201d18
poi/test-data/spreadsheet/58106.xlsx	xlsx.sheet.2.view.0.retained_xml	c-markup-canonical-same	len=331;sha=839f0ff388460dbde17989048407f294ce66839f583903fdc93fc3b42a038243	len=331;sha=fb882b55374391e9c0dd4938e5a4cdd41868c0a29f5701e16c655fb9da201d18
poi/test-data/spreadsheet/60289.xlsx	xlsx.sheet.0.view.0.retained_xml	c-markup-canonical-same	len=117;sha=6d74693d5fa987ac476862a3acf8d7685a361813b77bd7d80af22131fbdfb994	len=261;sha=dae625ec6479b5d376621c60b7d1fe10f821ffb99dbc623588b4635c41665d39
poi/test-data/spreadsheet/61060-conditional-number-formatting.xlsx	xlsx.sheet.0.view.0.retained_xml	c-markup-canonical-same	len=686;sha=8e4a92d12da75728caa663463a787c7343bc49803465bc82cc4b468f31cc61d7	len=397;sha=87c0f9e81ffbb2e5e9cc575caffdabe5cd0d5b4956eccbd52a869dc1bb96e827
poi/test-data/spreadsheet/62834.xlsx	xlsx.sheet.0.view.0.retained_xml	c-markup-canonical-same	len=1144;sha=8399f433fd2a1c36dbeace512f0bde27812fe2946103f082f49321fddaa8ee43	len=626;sha=a01af9aa4ccf70401bedba66b2eb1d6b5100978a8a59f7a80af6c56c93ceb1e6
poi/test-data/spreadsheet/66365.xlsx	xlsx.sheet.0.view.0.retained_xml	c-markup-canonical-same	len=655;sha=c9aff07623fee36a45594d9d9acf0fed3e93e9a3827551f0dae8dcf21ec07d0e	len=655;sha=6ac8c3c277acc1f6c6b61cf076a95857a966845f4005d63204d18075d7d24bff
poi/test-data/spreadsheet/AmpersandHeader.xlsx	xlsx.sheet.0.view.0.retained_xml	c-markup-canonical-same	len=726;sha=a5dacc7401bce307426ef6fb2022641bc92394bb31f3abea8d8f7aa08f2e73a8	len=437;sha=2391bbc0c54eb8210653ca1cdf4f3fa4bfadec7f81d9927aaa18df780423704a
poi/test-data/spreadsheet/AmpersandHeader.xlsx	xlsx.sheet.1.view.0.retained_xml	c-markup-canonical-same	len=331;sha=839f0ff388460dbde17989048407f294ce66839f583903fdc93fc3b42a038243	len=331;sha=fb882b55374391e9c0dd4938e5a4cdd41868c0a29f5701e16c655fb9da201d18
poi/test-data/spreadsheet/AmpersandHeader.xlsx	xlsx.sheet.2.view.0.retained_xml	c-markup-canonical-same	len=331;sha=839f0ff388460dbde17989048407f294ce66839f583903fdc93fc3b42a038243	len=331;sha=fb882b55374391e9c0dd4938e5a4cdd41868c0a29f5701e16c655fb9da201d18
poi/test-data/spreadsheet/ConditionalFormattingSamples.xlsx	xlsx.sheet.0.view.0.retained_xml	c-markup-canonical-same	len=349;sha=19dc20d2ccb7c573d67132a7fa3decbe45c3ab94ad7cc1e5341a914711f3b519	len=349;sha=3ba49ecc8b6f29d247f129082d3fde09ca8ccefc17cf3fb390bb5b8d37a1a7cb
poi/test-data/spreadsheet/ConditionalFormattingSamples.xlsx	xlsx.sheet.1.view.0.retained_xml	c-markup-canonical-same	len=694;sha=4643ec5d7a80e34c9b716b6a6db4c25819c31202b0378aff64e75c922ccf140d	len=405;sha=d7a3b36be199cd2650708982a5d8596a02aba042c93bb71f75969e06893ed37f
poi/test-data/spreadsheet/ConditionalFormattingSamples.xlsx	xlsx.sheet.2.view.0.retained_xml	c-markup-canonical-same	len=670;sha=4044decab4e252a84e89bc703dc2721fcb98e4fd676b23e3c5e95f70477a72f1	len=381;sha=98fb9ee267af494ead3109ea41ca99cfe43f2b2d26cc5f4595a5da93eb5171b9
poi/test-data/spreadsheet/ConditionalFormattingSamples.xlsx	xlsx.sheet.3.view.0.retained_xml	c-markup-canonical-same	len=670;sha=4044decab4e252a84e89bc703dc2721fcb98e4fd676b23e3c5e95f70477a72f1	len=381;sha=98fb9ee267af494ead3109ea41ca99cfe43f2b2d26cc5f4595a5da93eb5171b9
poi/test-data/spreadsheet/ConditionalFormattingSamples.xlsx	xlsx.sheet.4.view.0.retained_xml	c-markup-canonical-same	len=670;sha=4044decab4e252a84e89bc703dc2721fcb98e4fd676b23e3c5e95f70477a72f1	len=381;sha=98fb9ee267af494ead3109ea41ca99cfe43f2b2d26cc5f4595a5da93eb5171b9
poi/test-data/spreadsheet/ConditionalFormattingSamples.xlsx	xlsx.sheet.5.view.0.retained_xml	c-markup-canonical-same	len=670;sha=4044decab4e252a84e89bc703dc2721fcb98e4fd676b23e3c5e95f70477a72f1	len=381;sha=98fb9ee267af494ead3109ea41ca99cfe43f2b2d26cc5f4595a5da93eb5171b9
poi/test-data/spreadsheet/ConditionalFormattingSamples.xlsx	xlsx.sheet.6.view.0.retained_xml	c-markup-canonical-same	len=670;sha=4044decab4e252a84e89bc703dc2721fcb98e4fd676b23e3c5e95f70477a72f1	len=381;sha=98fb9ee267af494ead3109ea41ca99cfe43f2b2d26cc5f4595a5da93eb5171b9
poi/test-data/spreadsheet/ConditionalFormattingSamples.xlsx	xlsx.sheet.7.view.0.retained_xml	c-markup-canonical-same	len=670;sha=4044decab4e252a84e89bc703dc2721fcb98e4fd676b23e3c5e95f70477a72f1	len=381;sha=98fb9ee267af494ead3109ea41ca99cfe43f2b2d26cc5f4595a5da93eb5171b9
poi/test-data/spreadsheet/ConditionalFormattingSamples.xlsx	xlsx.sheet.8.view.0.retained_xml	c-markup-canonical-same	len=670;sha=4044decab4e252a84e89bc703dc2721fcb98e4fd676b23e3c5e95f70477a72f1	len=381;sha=98fb9ee267af494ead3109ea41ca99cfe43f2b2d26cc5f4595a5da93eb5171b9
poi/test-data/spreadsheet/ConditionalFormattingSamples.xlsx	xlsx.sheet.9.view.0.retained_xml	c-markup-canonical-same	len=710;sha=034e4c5cfe9994dd78cfc9e02a8d8293845278af63ca220eb84aab9f69c4fe40	len=421;sha=d38152e0da28a82b6b5642ece627393fb63726851bb7b643daaaab70414da4d5
poi/test-data/spreadsheet/ConditionalFormattingSamples.xlsx	xlsx.sheet.10.view.0.retained_xml	c-markup-canonical-same	len=694;sha=7f2609d4a4f190178d1e4b9cf82c1194e323a40e81a437a4a670dd9aeaf6dff4	len=405;sha=3b5436b6933c95816416fd5e30b1a82d952d130bed5830eec5c3e0d1d375dce9
poi/test-data/spreadsheet/ConditionalFormattingSamples.xlsx	xlsx.sheet.11.view.0.retained_xml	c-markup-canonical-same	len=694;sha=7f2609d4a4f190178d1e4b9cf82c1194e323a40e81a437a4a670dd9aeaf6dff4	len=405;sha=3b5436b6933c95816416fd5e30b1a82d952d130bed5830eec5c3e0d1d375dce9
poi/test-data/spreadsheet/ConditionalFormattingSamples.xlsx	xlsx.sheet.12.view.0.retained_xml	c-markup-canonical-same	len=670;sha=4044decab4e252a84e89bc703dc2721fcb98e4fd676b23e3c5e95f70477a72f1	len=381;sha=98fb9ee267af494ead3109ea41ca99cfe43f2b2d26cc5f4595a5da93eb5171b9
poi/test-data/spreadsheet/ConditionalFormattingSamples.xlsx	xlsx.sheet.13.view.0.retained_xml	c-markup-canonical-same	len=670;sha=4044decab4e252a84e89bc703dc2721fcb98e4fd676b23e3c5e95f70477a72f1	len=381;sha=98fb9ee267af494ead3109ea41ca99cfe43f2b2d26cc5f4595a5da93eb5171b9
poi/test-data/spreadsheet/ConditionalFormattingSamples.xlsx	xlsx.sheet.14.view.0.retained_xml	c-markup-canonical-same	len=670;sha=4044decab4e252a84e89bc703dc2721fcb98e4fd676b23e3c5e95f70477a72f1	len=381;sha=98fb9ee267af494ead3109ea41ca99cfe43f2b2d26cc5f4595a5da93eb5171b9
poi/test-data/spreadsheet/ConditionalFormattingSamples.xlsx	xlsx.sheet.15.view.0.retained_xml	c-markup-canonical-same	len=670;sha=4044decab4e252a84e89bc703dc2721fcb98e4fd676b23e3c5e95f70477a72f1	len=381;sha=98fb9ee267af494ead3109ea41ca99cfe43f2b2d26cc5f4595a5da93eb5171b9
poi/test-data/spreadsheet/ConditionalFormattingSamples.xlsx	xlsx.sheet.16.view.0.retained_xml	c-markup-canonical-same	len=670;sha=4044decab4e252a84e89bc703dc2721fcb98e4fd676b23e3c5e95f70477a72f1	len=381;sha=98fb9ee267af494ead3109ea41ca99cfe43f2b2d26cc5f4595a5da93eb5171b9
poi/test-data/spreadsheet/ConditionalFormattingSamples.xlsx	xlsx.sheet.17.view.0.retained_xml	c-markup-canonical-same	len=674;sha=e998d9ee67451feb0678002860f2e200779252ecfb99b3f78217ebb0308cd19e	len=385;sha=bf346487ee96d3b23f93aef0159ea072ad358cffeaa9dd4ce850267c7346259c
poi/test-data/spreadsheet/CustomXMLMappings.xlsx	xlsx.sheet.0.view.0.retained_xml	c-markup-canonical-same	len=97;sha=0d7ae808e034127b19f457eaf5ff68f3d932a1acadffb7357180154c8e366722	len=241;sha=c900a01488bd234dd99739a998f3e20ddfc2f7901aad7f09524d8b4a0898421b
poi/test-data/spreadsheet/CustomXMLMappings.xlsx	xlsx.sheet.1.view.0.retained_xml	c-markup-canonical-same	len=31;sha=2ce5bb0b634fdca13b0db3fcb3ee00e2120a9b34ef23481a97ee953f9ae8b218	len=175;sha=5263b35822d5c4904cd865686d28851f085be9398a206dcdb76d6ae38d25e255
poi/test-data/spreadsheet/CustomXMLMappings.xlsx	xlsx.sheet.2.view.0.retained_xml	c-markup-canonical-same	len=31;sha=2ce5bb0b634fdca13b0db3fcb3ee00e2120a9b34ef23481a97ee953f9ae8b218	len=175;sha=5263b35822d5c4904cd865686d28851f085be9398a206dcdb76d6ae38d25e255
poi/test-data/spreadsheet/DataValidationEvaluations.xlsx	xlsx.sheet.0.view.0.retained_xml	c-markup-canonical-same	len=996;sha=0f5537ef804971e0f3d35eca37f634db8f28072194f8cf0c2f2ca96354f5b3a3	len=553;sha=722dd9a5bf1b483392093bd05987572214f40f14c70ce62c3aca8d22fa90ed12
poi/test-data/spreadsheet/DataValidationListTooLong.xlsx	xlsx.sheet.0.view.0.retained_xml	c-markup-canonical-same	len=50;sha=df19d1f5e0282ef90358142c66e1e1f1b7858cb12faf60e30f42b6bf76b01577	len=116;sha=65c1b0bb8d0e117444745f3d5c87cf8c7c748cbc714633167fdf40a3aeb451df
poi/test-data/spreadsheet/DataValidations-49244.xlsx	xlsx.sheet.0.view.0.retained_xml	c-markup-canonical-same	len=117;sha=8c0839a19c9cf34b70cabace6172940f184b96061c7c0281026952e3888873b0	len=261;sha=127bd03f169265e9677b994972fc6ec7aedf6819a231717ee56c9899baca4194
poi/test-data/spreadsheet/ExcelPivotTableSample.xlsx	xlsx.sheet.0.view.0.retained_xml	c-markup-canonical-same	len=1128;sha=891a3c2ed6963b859c54eb9089a1cd383583ea0bbebb36da907e5d13a0386b88	len=610;sha=3352483b915685bc60d439682d7d3df4b9c812cb9ab745259fd4d100a20275a8
poi/test-data/spreadsheet/ExcelPivotTableSample.xlsx	xlsx.sheet.1.view.0.retained_xml	c-markup-canonical-same	len=1130;sha=fab1097badc24bf1fd5712a9ec3979136307d117633c033c4011dbada0115dd8	len=612;sha=60e3f2641912723870d36a45bdeb62f566f9aacf86f491917c69f0108d1dfdf8
poi/test-data/spreadsheet/ExcelPivotTableSample.xlsx	xlsx.sheet.2.view.0.retained_xml	c-markup-canonical-same	len=1144;sha=b44991a166a312a9b71bccd42c91f565e51068c7ac983d458b227d87b71474ff	len=626;sha=647f454aa2c999a3d5a63c135f086ea384d64dddca30ff6c1f1058f14b986a25
poi/test-data/spreadsheet/Excel_file_with_trash_item.xlsx	xlsx.sheet.0.view.0.retained_xml	c-markup-canonical-same	len=709;sha=b6778e61d4889ee0b5760473fc2f9b0933dae94f3d50c0c1e8704f673c6466bd	len=420;sha=757b402d73277f122210ad8020d7b23cb5f54966dc0d7c94a64f43984d12c4dd
poi/test-data/spreadsheet/FormatKM.xlsx	xlsx.sheet.0.view.0.retained_xml	c-markup-canonical-same	len=686;sha=46d98615f600962aa13cb9a857c88607f12a66990984d60bfb3302568f9cffc7	len=397;sha=e7f351e4564bf5f979dc9fb6ed1d96cb74284d1337c022bf6b7d04ff759dedb9
poi/test-data/spreadsheet/FormatKM.xlsx	xlsx.sheet.1.view.0.retained_xml	c-markup-canonical-same	len=331;sha=839f0ff388460dbde17989048407f294ce66839f583903fdc93fc3b42a038243	len=331;sha=fb882b55374391e9c0dd4938e5a4cdd41868c0a29f5701e16c655fb9da201d18
poi/test-data/spreadsheet/FormatKM.xlsx	xlsx.sheet.2.view.0.retained_xml	c-markup-canonical-same	len=331;sha=839f0ff388460dbde17989048407f294ce66839f583903fdc93fc3b42a038243	len=331;sha=fb882b55374391e9c0dd4938e5a4cdd41868c0a29f5701e16c655fb9da201d18
poi/test-data/spreadsheet/StructuredRefs-lots-with-lookups.xlsx	xlsx.sheet.0.view.0.retained_xml	c-markup-canonical-same	len=716;sha=d69111754d652eb0d558e42371bad66081db8814c6d24bee5df7ebc39e430094	len=427;sha=3f580ee617b73bdcc57b138be2dcb641ed7a83e0b3b270216fe96931068cc723
poi/test-data/spreadsheet/StructuredRefs-lots-with-lookups.xlsx	xlsx.sheet.1.view.0.retained_xml	c-markup-canonical-same	len=732;sha=b5ee0132fef05e633d97c8cdbea6d562ecc65d03b53a09fe54df0f939ed57acc	len=443;sha=d4e8a62b3936007f8ef40bd129ee8286455ff1566643b1de8bb69f542fb503ea
poi/test-data/spreadsheet/StructuredRefs-lots-with-lookups.xlsx	xlsx.sheet.2.view.0.retained_xml	c-markup-canonical-same	len=670;sha=4044decab4e252a84e89bc703dc2721fcb98e4fd676b23e3c5e95f70477a72f1	len=381;sha=98fb9ee267af494ead3109ea41ca99cfe43f2b2d26cc5f4595a5da93eb5171b9
poi/test-data/spreadsheet/StructuredRefs-lots-with-lookups.xlsx	xlsx.sheet.3.view.0.retained_xml	c-markup-canonical-same	len=690;sha=f4f4dc137cf9b543274f2a7fcd0b4fde1518510cd425d086852b4dbc1d1b1f5c	len=401;sha=b7e7545d02702847a315cb244dfcf43a6ee601f1799811da587a021b4ff6e1a7
poi/test-data/spreadsheet/StructuredRefs-lots-with-lookups.xlsx	xlsx.sheet.4.view.0.retained_xml	c-markup-canonical-same	len=331;sha=839f0ff388460dbde17989048407f294ce66839f583903fdc93fc3b42a038243	len=331;sha=fb882b55374391e9c0dd4938e5a4cdd41868c0a29f5701e16c655fb9da201d18
poi/test-data/spreadsheet/TestShiftRowSharedFormula.xlsx	xlsx.sheet.0.view.0.retained_xml	c-markup-canonical-same	len=686;sha=72f9b5955c39a696659b6015ce3f1f46a822c1a32babc16c0fe85e0a0f22b990	len=397;sha=3d66d18304e14bcbf38259c2d4914414256beea4d24862ce47ba777335693aec
poi/test-data/spreadsheet/WithChartSheet.xlsx	xlsx.sheet.0.view.0.retained_xml	c-markup-canonical-same	len=97;sha=65c1b993ab3392e73a1e4bfb9a29476af871901e1d620a521d4c1ae8c1cdbab2	len=241;sha=1b4a900a33f0af696feb8994453702190fd8a214681c40279932a7343c10dd9b
poi/test-data/spreadsheet/WithChartSheet.xlsx	xlsx.sheet.1.view.0.retained_xml	c-markup-canonical-same	len=83;sha=43d33c70c974fd7fe38134df3694f8e85ad3104f4936fdfa942eb63bcd97f920	len=227;sha=c8e12be95d693ecdafcd6c9be3d9218b48c500a4f83a2bcf4d03e8b347a6d56e
poi/test-data/spreadsheet/WithChartSheet.xlsx	xlsx.sheet.2.view.0.retained_xml	c-markup-canonical-same	len=81;sha=90ae7926d2bfb09165fdd1d9cfc9938db37f8d0b901812a6139e33c966954cb8	len=225;sha=19afc2538498354e4dbd08a68d2f37f3d68cbb3a2ab91efb99e022ed7c9dfb60
poi/test-data/spreadsheet/WithChartSheet.xlsx	xlsx.sheet.3.view.0.retained_xml	c-markup-canonical-same	len=84;sha=b7ae67abe8fad5a2b14659ddb0c8cf6fe0c5c3eff85d33113775b02e4ff13286	len=228;sha=1a096a16e709b3cd83ad683c2d0c8ed60efa1655ef8105d75f0817e5405f422b
poi/test-data/spreadsheet/WithChartSheet.xlsx	xlsx.sheet.4.view.0.retained_xml	c-markup-canonical-same	len=83;sha=b731595d5d1c06b16ed5cba00f09e620ba5ad6c1b7086555dc222786c0ff00b6	len=227;sha=0bc9aac618899560c179458b343b8047c157354b7b0ef82c9b35c2ec581ab6d5
poi/test-data/spreadsheet/WithChartSheet.xlsx	xlsx.sheet.5.view.0.retained_xml	c-markup-canonical-same	len=83;sha=b6e053910a7ded58f9b0cf8db2413968bc13539dd3da445e98d0b520e21facd3	len=227;sha=e8d4879aed997bf3e2fc94d1321266df86f8044ce59e2a9c555c757969cad411
poi/test-data/spreadsheet/WithEmbeded.xlsx	xlsx.sheet.0.view.0.retained_xml	c-markup-canonical-same	len=99;sha=b0e579152c3e340121f231c64e23bc9914fd623337344cd306f243544a979a2c	len=243;sha=bf84c26d98f19b025d04d87118c7e32b643830740baa9300ee85f7579fd3c19b
poi/test-data/spreadsheet/WithEmbeded.xlsx	xlsx.sheet.1.view.0.retained_xml	c-markup-canonical-same	len=31;sha=2ce5bb0b634fdca13b0db3fcb3ee00e2120a9b34ef23481a97ee953f9ae8b218	len=175;sha=5263b35822d5c4904cd865686d28851f085be9398a206dcdb76d6ae38d25e255
poi/test-data/spreadsheet/WithEmbeded.xlsx	xlsx.sheet.2.view.0.retained_xml	c-markup-canonical-same	len=31;sha=2ce5bb0b634fdca13b0db3fcb3ee00e2120a9b34ef23481a97ee953f9ae8b218	len=175;sha=5263b35822d5c4904cd865686d28851f085be9398a206dcdb76d6ae38d25e255
poi/test-data/spreadsheet/bug64512_embed.xlsx	xlsx.sheet.0.view.0.retained_xml	c-markup-canonical-same	len=1452;sha=ffc323967538cff0f61d6d6333954ebbd37e6b83b6c24bf55eb1a19b58571833	len=780;sha=8d18e6e6c0d7b69b1837a120b04e7e5fc12435b1e823c6019b3cee6c4fe29313
poi/test-data/spreadsheet/chart_sheet.xlsx	xlsx.sheet.0.view.0.retained_xml	c-markup-canonical-same	len=68;sha=f66919fe1f0bea27791d69e2dd2f9f0f0eff4b43bc2479af19579fe0d90a5b4f	len=212;sha=4f817c0d3d44b3db05bec48e19c1b401add8afb9745635576bb613599a979dc0
poi/test-data/spreadsheet/chart_sheet.xlsx	xlsx.sheet.1.view.0.retained_xml	c-markup-canonical-same	len=31;sha=2ce5bb0b634fdca13b0db3fcb3ee00e2120a9b34ef23481a97ee953f9ae8b218	len=175;sha=5263b35822d5c4904cd865686d28851f085be9398a206dcdb76d6ae38d25e255
poi/test-data/spreadsheet/chart_sheet.xlsx	xlsx.sheet.3.view.0.retained_xml	c-markup-canonical-same	len=31;sha=2ce5bb0b634fdca13b0db3fcb3ee00e2120a9b34ef23481a97ee953f9ae8b218	len=175;sha=5263b35822d5c4904cd865686d28851f085be9398a206dcdb76d6ae38d25e255
poi/test-data/spreadsheet/customIndexedColors.xlsx	xlsx.sheet.0.view.0.retained_xml	c-markup-canonical-same	len=331;sha=839f0ff388460dbde17989048407f294ce66839f583903fdc93fc3b42a038243	len=331;sha=fb882b55374391e9c0dd4938e5a4cdd41868c0a29f5701e16c655fb9da201d18
poi/test-data/spreadsheet/customIndexedColors.xlsx	xlsx.sheet.1.view.0.retained_xml	c-markup-canonical-same	len=401;sha=4703010e8bd5de8ec069874b0f7f23afe2ca2fc5d13b43c48095ce532ad5efca	len=401;sha=29ebae6de97c2d140dcdca080fa018c2e9ce49689a33962a12e2d9bc8e3562eb
poi/test-data/spreadsheet/dataValidationTableRange.xlsx	xlsx.sheet.0.view.0.retained_xml	c-markup-canonical-same	len=726;sha=2a89d22d00042f76f32e445a55270538181833f7427a0e5b862986c70994e320	len=437;sha=a53113c922c148977d4b8619e603fd9227bbe49104e19aa825fd583a6d3e47ab
poi/test-data/spreadsheet/dataValidationTableRange.xlsx	xlsx.sheet.1.view.0.retained_xml	c-markup-canonical-same	len=687;sha=2cfd979960fc81cdd5f9cbfe388e8eeda3d69aa390fed0fadd15d6c62db13a6f	len=398;sha=06fcf969d188a556bff66d874bc2e1392ef4f066a9b04a7219de105686e3f965
poi/test-data/spreadsheet/headerFooterTest.xlsx	xlsx.sheet.0.view.0.retained_xml	c-markup-canonical-same	len=686;sha=f7f6987aad0b8d3394cd251a92f296f6cd010016f71bd0e2bcf415ba1706b01f	len=397;sha=f86d0e2cb32f3f0b5b24c7d925173b0d008036ffcd388391bffb024465d30740
poi/test-data/spreadsheet/link-external-workbook-b.xlsx	xlsx.sheet.0.view.0.retained_xml	c-markup-canonical-same	len=50;sha=df19d1f5e0282ef90358142c66e1e1f1b7858cb12faf60e30f42b6bf76b01577	len=116;sha=65c1b0bb8d0e117444745f3d5c87cf8c7c748cbc714633167fdf40a3aeb451df
poi/test-data/spreadsheet/no_drawing_patriarch.xlsx	xlsx.sheet.0.view.0.retained_xml	c-markup-canonical-same	len=168;sha=4dcf7aa2b82bc4de670e11a867473ffebb875a42d30cb44ba132b2d13b42aebd	len=312;sha=46b964efe61fa605234640267c4507a50cb0613e92a1285d1cb6c1e32b5fb3e1
poi/test-data/spreadsheet/right-to-left.xlsx	xlsx.sheet.0.view.0.retained_xml	c-markup-canonical-same	len=1452;sha=7af25917a7559eaaa6fdf476a050ac6df56c2ef2a8b236a57e8ddb7ca86df56d	len=780;sha=fb7108c5f126607be5100dd8d2194ccbe731f0476cf5c3d6987b8aa56a7ea725
poi/test-data/spreadsheet/right-to-left.xlsx	xlsx.sheet.1.view.0.retained_xml	c-markup-canonical-same	len=1436;sha=d31e48650fed6a8a972ce11753e18776730dbdeec1338c95f51f92f224e9b849	len=764;sha=6bc7fe6e5e6298e80ef93b86953d95b77d559170a4dd45bb23a96257beb5784a
poi/test-data/spreadsheet/sample.xlsx	xlsx.sheet.0.view.0.retained_xml	c-markup-canonical-same	len=47;sha=48d8acf55517a8a9de2ff12500de108d54f8025f17f2642beeb71b69a9d56d07	len=191;sha=23db0588013003d9a852b0a0a05b97ef826625e7e2fc5fbd24f02b2bafcbeb1e
poi/test-data/spreadsheet/sample.xlsx	xlsx.sheet.1.view.0.retained_xml	c-markup-canonical-same	len=81;sha=90ae7926d2bfb09165fdd1d9cfc9938db37f8d0b901812a6139e33c966954cb8	len=225;sha=19afc2538498354e4dbd08a68d2f37f3d68cbb3a2ab91efb99e022ed7c9dfb60
poi/test-data/spreadsheet/sample.xlsx	xlsx.sheet.2.view.0.retained_xml	c-markup-canonical-same	len=31;sha=2ce5bb0b634fdca13b0db3fcb3ee00e2120a9b34ef23481a97ee953f9ae8b218	len=175;sha=5263b35822d5c4904cd865686d28851f085be9398a206dcdb76d6ae38d25e255
poi/test-data/spreadsheet/shared_formulas.xlsx	xlsx.sheet.0.view.0.retained_xml	c-markup-canonical-same	len=117;sha=4635477900e3f4171c453a734d43582d6ed99de86527119bd08e91cb6d56601d	len=261;sha=bcc09c3587075f3192d625efc535fd53a12d2c17c975e6dfbec68c23d0c39192
poi/test-data/spreadsheet/style-alternate-content.xlsx	xlsx.sheet.0.view.0.retained_xml	c-markup-canonical-same	len=162;sha=8458283dfe6dd5a5a797f618bde4d4ca542a75a67a98977fade16cce6072eed2	len=373;sha=b9e7505c31c9f5cfa46d506dc0c5eb7677fc9e541b05d48b5a4a4d59e0dd0503
poi/test-data/spreadsheet/testSharedFormulasRangeSetBlankBug.xlsx	xlsx.sheet.0.view.0.retained_xml	c-markup-canonical-same	len=1146;sha=08e17a5a5ae15cc385cf0f713575ddedd7edd075e472d559f5059d17c7fa5b24	len=628;sha=9051b727fba11dfcecbef9e6946a26475a39e604472169d38f8c6c9658056a37
poi/test-data/spreadsheet/testSharedFormulasSetBlank.xlsx	xlsx.sheet.0.view.0.retained_xml	c-markup-canonical-same	len=686;sha=72f9b5955c39a696659b6015ce3f1f46a822c1a32babc16c0fe85e0a0f22b990	len=397;sha=3d66d18304e14bcbf38259c2d4914414256beea4d24862ce47ba777335693aec
poi/test-data/spreadsheet/testSharedFormulasSetBlank.xlsx	xlsx.sheet.1.view.0.retained_xml	c-markup-canonical-same	len=331;sha=839f0ff388460dbde17989048407f294ce66839f583903fdc93fc3b42a038243	len=331;sha=fb882b55374391e9c0dd4938e5a4cdd41868c0a29f5701e16c655fb9da201d18
poi/test-data/spreadsheet/testSharedFormulasSetBlank.xlsx	xlsx.sheet.2.view.0.retained_xml	c-markup-canonical-same	len=331;sha=839f0ff388460dbde17989048407f294ce66839f583903fdc93fc3b42a038243	len=331;sha=fb882b55374391e9c0dd4938e5a4cdd41868c0a29f5701e16c655fb9da201d18
poi/test-data/spreadsheet/workbookProtection-sheet_password-2013.xlsx	xlsx.sheet.0.view.0.retained_xml	c-markup-canonical-same	len=347;sha=b0376eff35684432d0f9626cf05e240932daae47535c243f3f18f2aa7db03ff2	len=347;sha=819c3ad510b3504c25a5752110a147dc553b6d0086aac561f3c7724892e6efd9
poi/test-data/spreadsheet/workbookProtection-workbook_password-2013.xlsx	xlsx.sheet.0.view.0.retained_xml	c-markup-canonical-same	len=686;sha=ecc5b6e685b55e281e487f25513be15775aeec8e4487a12537fd09eb8a0b1a49	len=397;sha=a005a489f4ea124ed063a0e2eabb457f4d7a8023d6a92a5ae1585054e0ab2a86
poi/test-data/spreadsheet/workbookProtection_workbook_revision_protected.xlsx	xlsx.sheet.0.view.0.retained_xml	c-markup-canonical-same	len=47;sha=48d8acf55517a8a9de2ff12500de108d54f8025f17f2642beeb71b69a9d56d07	len=191;sha=23db0588013003d9a852b0a0a05b97ef826625e7e2fc5fbd24f02b2bafcbeb1e
poi/test-data/spreadsheet/workbookProtection_workbook_revision_protected.xlsx	xlsx.sheet.1.view.0.retained_xml	c-markup-canonical-same	len=31;sha=2ce5bb0b634fdca13b0db3fcb3ee00e2120a9b34ef23481a97ee953f9ae8b218	len=175;sha=5263b35822d5c4904cd865686d28851f085be9398a206dcdb76d6ae38d25e255
poi/test-data/spreadsheet/workbookProtection_workbook_revision_protected.xlsx	xlsx.sheet.2.view.0.retained_xml	c-markup-canonical-same	len=31;sha=2ce5bb0b634fdca13b0db3fcb3ee00e2120a9b34ef23481a97ee953f9ae8b218	len=175;sha=5263b35822d5c4904cd865686d28851f085be9398a206dcdb76d6ae38d25e255
poi/test-data/spreadsheet/xlookup.xlsx	xlsx.sheet.0.view.0.retained_xml	c-markup-canonical-same	len=1144;sha=eb7f8289a4859c687afe3ee0270778f0d512fbb4ac7abc15e62b8eee00607ff7	len=626;sha=abc9a236169e763bcfed70a7054d2b8021b790e98f5968c3fbf3013f01cbbee8
poi/test-data/spreadsheet/xlookup.xlsx	xlsx.sheet.1.view.0.retained_xml	c-markup-canonical-same	len=1128;sha=22a63f0532943089db98eb111f1ada12c78f3f4d2e3cb0e40475b06291767d84	len=610;sha=8280e3e69ecbbc3550d488115444518f4a1f41313b5991c428d0c056730821c3
poi/test-data/spreadsheet/xlookup.xlsx	xlsx.sheet.2.view.0.retained_xml	c-markup-canonical-same	len=1128;sha=82c1c16e4adf08eb815584379c595fb66758a00c7f4439b8b1484dafe4e53c37	len=610;sha=cb21a9373d1f315187cf50f040d9a76b9a1bf8236987edf0222fca9639b35f44
poi/test-data/spreadsheet/xxe_in_schema.xlsx	xlsx.sheet.0.view.0.retained_xml	c-markup-canonical-same	len=688;sha=723b1c8604b012e88cb9bc84a0afff10d2ce734458a3ea1c13c821c6f7f69bb7	len=399;sha=903b62c72004b60549595df540b9858206ee25220abe74b87e208de10d5e9798
poi/test-data/xmldsign/hello-world-signed-twice.docx	docx.block.2.xml	c-markup-canonical-same	len=3175;sha=d1d0cf6b62a75bd396b347188a93325a6f10b9f5973a68171d516d344c25e664	len=295;sha=6a4e579d431533d4d918e385842b0673cdd08d1012f74fb8d558dfff2fc3b0d1
poi/test-data/xmldsign/hello-world-signed.docx	docx.block.2.xml	c-markup-canonical-same	len=3175;sha=d1d0cf6b62a75bd396b347188a93325a6f10b9f5973a68171d516d344c25e664	len=295;sha=6a4e579d431533d4d918e385842b0673cdd08d1012f74fb8d558dfff2fc3b0d1
poi/test-data/xmldsign/hello-world-signed.xlsx	xlsx.sheet.0.view.0.retained_xml	c-markup-canonical-same	len=97;sha=d7ea8e9a296db53f23afd9acd689260ca4b77ec75a6109464aef278e4e241cf1	len=241;sha=572642c090ce3416660c83b2da9300d937de663da260e065f26b78e681836e14
poi/test-data/xmldsign/hello-world-signed.xlsx	xlsx.sheet.1.view.0.retained_xml	c-markup-canonical-same	len=31;sha=2ce5bb0b634fdca13b0db3fcb3ee00e2120a9b34ef23481a97ee953f9ae8b218	len=175;sha=5263b35822d5c4904cd865686d28851f085be9398a206dcdb76d6ae38d25e255
poi/test-data/xmldsign/hello-world-signed.xlsx	xlsx.sheet.2.view.0.retained_xml	c-markup-canonical-same	len=31;sha=2ce5bb0b634fdca13b0db3fcb3ee00e2120a9b34ef23481a97ee953f9ae8b218	len=175;sha=5263b35822d5c4904cd865686d28851f085be9398a206dcdb76d6ae38d25e255
poi/test-data/xmldsign/ms-office-2010-signed.docx	docx.par.0.inline.0.xml	c-markup-canonical-same	len=1094;sha=8f2dabd319cee3ed52becb0b4d1424a4057d55998d2ad0c3b86932df9f902500	len=61;sha=8cc03916b6d9de119ef6faba85fd87db3d3237faf25614205c1aa8ce62116b79
poi/test-data/xmldsign/ms-office-2010-signed.docx	docx.par.0.inline.1.xml	c-markup-canonical-same	len=1073;sha=bb37e41e959752eab9d07a8cd74d1b855d99b5c765060ee94c68a61a2c225898	len=40;sha=3c9ca5657f8cf78835b65a55b64fe233571d32430ebdb63afdb89063ca30da86
poi/test-data/xmldsign/ms-office-2010-signed.docx	docx.block.1.xml	c-markup-canonical-same	len=5438;sha=000d156afd29ebcc1056da461933f77422f309ce13d478c2d68ad8c584db098b	len=273;sha=7216e0bd9471a06ddd13a4644cba6d921641545a8d56c210f1fdb6cdbd33608e
poi/test-data/xmldsign/ms-office-2010-signed.xlsx	xlsx.sheet.0.view.0.retained_xml	c-markup-canonical-same	len=686;sha=be88f53efa1896b516a8bf35d7dbf88900b3ff31f78b6f873a0e9e57b3422435	len=397;sha=ba9db162f04fae8b28662b589ad8ceaed6b22e59d583a198b9679c0094cdab3f
poi/test-data/xmldsign/ms-office-2010-signed.xlsx	xlsx.sheet.1.view.0.retained_xml	c-markup-canonical-same	len=331;sha=839f0ff388460dbde17989048407f294ce66839f583903fdc93fc3b42a038243	len=331;sha=fb882b55374391e9c0dd4938e5a4cdd41868c0a29f5701e16c655fb9da201d18
poi/test-data/xmldsign/ms-office-2010-signed.xlsx	xlsx.sheet.2.view.0.retained_xml	c-markup-canonical-same	len=331;sha=839f0ff388460dbde17989048407f294ce66839f583903fdc93fc3b42a038243	len=331;sha=fb882b55374391e9c0dd4938e5a4cdd41868c0a29f5701e16c655fb9da201d18
