
/home/zhuhe/litchi-goal-0554-target/retained/baseline/normal:     file format elf64-x86-64


Disassembly of section .text:

0000000002f19090 <_ZN10litchi_cfb4file16OleFile$LT$R$GT$14load_directory17he542c168c4b70583E>:
 2f19090:	55                   	push   %rbp
 2f19091:	41 57                	push   %r15
 2f19093:	41 56                	push   %r14
 2f19095:	41 55                	push   %r13
 2f19097:	41 54                	push   %r12
 2f19099:	53                   	push   %rbx
 2f1909a:	48 81 ec 78 07 00 00 	sub    $0x778,%rsp
 2f190a1:	4d 89 c7             	mov    %r8,%r15
 2f190a4:	48 89 f5             	mov    %rsi,%rbp
 2f190a7:	49 89 fc             	mov    %rdi,%r12
 2f190aa:	83 fa 01             	cmp    $0x1,%edx
 2f190ad:	75 43                	jne    2f190f2 <_ZN10litchi_cfb4file16OleFile$LT$R$GT$14load_directory17he542c168c4b70583E+0x62>
 2f190af:	89 cb                	mov    %ecx,%ebx
 2f190b1:	48 89 d8             	mov    %rbx,%rax
 2f190b4:	48 f7 a5 38 01 00 00 	mulq   0x138(%rbp)
 2f190bb:	0f 80 a4 11 00 00    	jo     2f1a265 <_ZN10litchi_cfb4file16OleFile$LT$R$GT$14load_directory17he542c168c4b70583E+0x11d5>
 2f190c1:	4c 39 f8             	cmp    %r15,%rax
 2f190c4:	76 54                	jbe    2f1911a <_ZN10litchi_cfb4file16OleFile$LT$R$GT$14load_directory17he542c168c4b70583E+0x8a>
 2f190c6:	49 c7 04 24 03 00 00 	movq   $0x3,(%r12)
 2f190cd:	00 
 2f190ce:	49 89 44 24 08       	mov    %rax,0x8(%r12)
 2f190d3:	4d 89 7c 24 10       	mov    %r15,0x10(%r12)
 2f190d8:	48 8d 05 5d 90 61 fd 	lea    -0x29e6fa3(%rip),%rax        # 53213c <anon.e0572dd12dce1d6d78420bf0a335603a.8.llvm.17154920839617733857+0x1379>
 2f190df:	49 89 44 24 18       	mov    %rax,0x18(%r12)
 2f190e4:	49 c7 44 24 20 0f 00 	movq   $0xf,0x20(%r12)
 2f190eb:	00 00 
 2f190ed:	e9 e7 05 00 00       	jmp    2f196d9 <_ZN10litchi_cfb4file16OleFile$LT$R$GT$14load_directory17he542c168c4b70583E+0x649>
 2f190f2:	48 8b 75 08          	mov    0x8(%rbp),%rsi
 2f190f6:	48 8b 55 10          	mov    0x10(%rbp),%rdx
 2f190fa:	8b 8d 4c 01 00 00    	mov    0x14c(%rbp),%ecx
 2f19100:	4c 8b 85 38 01 00 00 	mov    0x138(%rbp),%r8
 2f19107:	48 8d bc 24 a0 02 00 	lea    0x2a0(%rsp),%rdi
 2f1910e:	00 
 2f1910f:	4d 89 f9             	mov    %r15,%r9
 2f19112:	ff 15 d8 98 1a 00    	call   *0x1a98d8(%rip)        # 30c29f0 <_DYNAMIC+0x5838>
 2f19118:	eb 30                	jmp    2f1914a <_ZN10litchi_cfb4file16OleFile$LT$R$GT$14load_directory17he542c168c4b70583E+0xba>
 2f1911a:	48 8b 75 08          	mov    0x8(%rbp),%rsi
 2f1911e:	48 8b 55 10          	mov    0x10(%rbp),%rdx
 2f19122:	8b 8d 4c 01 00 00    	mov    0x14c(%rbp),%ecx
 2f19128:	48 83 ec 08          	sub    $0x8,%rsp
 2f1912c:	4c 8d 0d 7e 88 61 fd 	lea    -0x29e7782(%rip),%r9        # 5319b1 <anon.e0572dd12dce1d6d78420bf0a335603a.8.llvm.17154920839617733857+0xbee>
 2f19133:	48 8d bc 24 a8 02 00 	lea    0x2a8(%rsp),%rdi
 2f1913a:	00 
 2f1913b:	49 89 d8             	mov    %rbx,%r8
 2f1913e:	6a 09                	push   $0x9
 2f19140:	ff 15 82 98 1a 00    	call   *0x1a9882(%rip)        # 30c29c8 <_DYNAMIC+0x5810>
 2f19146:	48 83 c4 10          	add    $0x10,%rsp
 2f1914a:	48 8b 84 24 a0 02 00 	mov    0x2a0(%rsp),%rax
 2f19151:	00 
 2f19152:	4c 8b b4 24 a8 02 00 	mov    0x2a8(%rsp),%r14
 2f19159:	00 
 2f1915a:	48 8b 94 24 b0 02 00 	mov    0x2b0(%rsp),%rdx
 2f19161:	00 
 2f19162:	4c 8b ac 24 b8 02 00 	mov    0x2b8(%rsp),%r13
 2f19169:	00 
 2f1916a:	48 83 f8 0b          	cmp    $0xb,%rax
 2f1916e:	75 55                	jne    2f191c5 <_ZN10litchi_cfb4file16OleFile$LT$R$GT$14load_directory17he542c168c4b70583E+0x135>
 2f19170:	48 89 54 24 40       	mov    %rdx,0x40(%rsp)
 2f19175:	4c 89 e8             	mov    %r13,%rax
 2f19178:	48 f7 a5 38 01 00 00 	mulq   0x138(%rbp)
 2f1917f:	48 89 44 24 48       	mov    %rax,0x48(%rsp)
 2f19184:	0f 80 52 13 00 00    	jo     2f1a4dc <_ZN10litchi_cfb4file16OleFile$LT$R$GT$14load_directory17he542c168c4b70583E+0x144c>
 2f1918a:	48 8b 44 24 48       	mov    0x48(%rsp),%rax
 2f1918f:	4c 39 f8             	cmp    %r15,%rax
 2f19192:	76 56                	jbe    2f191ea <_ZN10litchi_cfb4file16OleFile$LT$R$GT$14load_directory17he542c168c4b70583E+0x15a>
 2f19194:	49 c7 04 24 03 00 00 	movq   $0x3,(%r12)
 2f1919b:	00 
 2f1919c:	49 89 44 24 08       	mov    %rax,0x8(%r12)
 2f191a1:	4d 89 7c 24 10       	mov    %r15,0x10(%r12)
 2f191a6:	48 8d 05 8f 8f 61 fd 	lea    -0x29e7071(%rip),%rax        # 53213c <anon.e0572dd12dce1d6d78420bf0a335603a.8.llvm.17154920839617733857+0x1379>
 2f191ad:	49 89 44 24 18       	mov    %rax,0x18(%r12)
 2f191b2:	49 c7 44 24 20 0f 00 	movq   $0xf,0x20(%r12)
 2f191b9:	00 00 
 2f191bb:	48 8b 5c 24 40       	mov    0x40(%rsp),%rbx
 2f191c0:	e9 fa 04 00 00       	jmp    2f196bf <_ZN10litchi_cfb4file16OleFile$LT$R$GT$14load_directory17he542c168c4b70583E+0x62f>
 2f191c5:	48 8b 8c 24 c0 02 00 	mov    0x2c0(%rsp),%rcx
 2f191cc:	00 
 2f191cd:	4d 89 74 24 08       	mov    %r14,0x8(%r12)
 2f191d2:	49 89 54 24 10       	mov    %rdx,0x10(%r12)
 2f191d7:	4d 89 6c 24 18       	mov    %r13,0x18(%r12)
 2f191dc:	49 89 04 24          	mov    %rax,(%r12)
 2f191e0:	49 89 4c 24 20       	mov    %rcx,0x20(%r12)
 2f191e5:	e9 ef 04 00 00       	jmp    2f196d9 <_ZN10litchi_cfb4file16OleFile$LT$R$GT$14load_directory17he542c168c4b70583E+0x649>
 2f191ea:	4c 89 64 24 20       	mov    %r12,0x20(%rsp)
 2f191ef:	4c 89 74 24 38       	mov    %r14,0x38(%rsp)
 2f191f4:	4d 85 ed             	test   %r13,%r13
 2f191f7:	0f 84 f4 00 00 00    	je     2f192f1 <_ZN10litchi_cfb4file16OleFile$LT$R$GT$14load_directory17he542c168c4b70583E+0x261>
 2f191fd:	4c 8b a5 80 00 00 00 	mov    0x80(%rbp),%r12
 2f19204:	48 8b 9d 88 00 00 00 	mov    0x88(%rbp),%rbx
 2f1920b:	4e 8d 3c ad 00 00 00 	lea    0x0(,%r13,4),%r15
 2f19212:	00 
 2f19213:	45 31 f6             	xor    %r14d,%r14d
 2f19216:	66 2e 0f 1f 84 00 00 	cs nopw 0x0(%rax,%rax,1)
 2f1921d:	00 00 00 
 2f19220:	48 8b 44 24 40       	mov    0x40(%rsp),%rax
 2f19225:	42 8b 34 30          	mov    (%rax,%r14,1),%esi
 2f19229:	48 39 f3             	cmp    %rsi,%rbx
 2f1922c:	76 1c                	jbe    2f1924a <_ZN10litchi_cfb4file16OleFile$LT$R$GT$14load_directory17he542c168c4b70583E+0x1ba>
 2f1922e:	41 0f b6 04 34       	movzbl (%r12,%rsi,1),%eax
 2f19233:	84 c0                	test   %al,%al
 2f19235:	75 68                	jne    2f1929f <_ZN10litchi_cfb4file16OleFile$LT$R$GT$14load_directory17he542c168c4b70583E+0x20f>
 2f19237:	41 c6 04 34 03       	movb   $0x3,(%r12,%rsi,1)
 2f1923c:	49 83 c6 04          	add    $0x4,%r14
 2f19240:	4d 39 f7             	cmp    %r14,%r15
 2f19243:	75 db                	jne    2f19220 <_ZN10litchi_cfb4file16OleFile$LT$R$GT$14load_directory17he542c168c4b70583E+0x190>
 2f19245:	e9 a7 00 00 00       	jmp    2f192f1 <_ZN10litchi_cfb4file16OleFile$LT$R$GT$14load_directory17he542c168c4b70583E+0x261>
 2f1924a:	48 8d bc 24 a0 02 00 	lea    0x2a0(%rsp),%rdi
 2f19251:	00 
 2f19252:	ba 03 00 00 00       	mov    $0x3,%edx
 2f19257:	ff 15 73 97 1a 00    	call   *0x1a9773(%rip)        # 30c29d0 <_DYNAMIC+0x5818>
 2f1925d:	48 8b 84 24 a0 02 00 	mov    0x2a0(%rsp),%rax
 2f19264:	00 
 2f19265:	48 8b 8c 24 a8 02 00 	mov    0x2a8(%rsp),%rcx
 2f1926c:	00 
 2f1926d:	48 8d bc 24 b0 02 00 	lea    0x2b0(%rsp),%rdi
 2f19274:	00 
 2f19275:	48 8b 57 10          	mov    0x10(%rdi),%rdx
 2f19279:	48 8d b4 24 90 00 00 	lea    0x90(%rsp),%rsi
 2f19280:	00 
 2f19281:	48 89 56 10          	mov    %rdx,0x10(%rsi)
 2f19285:	f3 0f 6f 07          	movdqu (%rdi),%xmm0
 2f19289:	f3 0f 7f 06          	movdqu %xmm0,(%rsi)
 2f1928d:	48 89 84 24 80 00 00 	mov    %rax,0x80(%rsp)
 2f19294:	00 
 2f19295:	48 89 8c 24 88 00 00 	mov    %rcx,0x88(%rsp)
 2f1929c:	00 
 2f1929d:	eb 1e                	jmp    2f192bd <_ZN10litchi_cfb4file16OleFile$LT$R$GT$14load_directory17he542c168c4b70583E+0x22d>
 2f1929f:	0f b6 d0             	movzbl %al,%edx
 2f192a2:	48 8d bc 24 80 00 00 	lea    0x80(%rsp),%rdi
 2f192a9:	00 
 2f192aa:	b9 03 00 00 00       	mov    $0x3,%ecx
 2f192af:	ff 15 23 97 1a 00    	call   *0x1a9723(%rip)        # 30c29d8 <_DYNAMIC+0x5820>
 2f192b5:	48 8b 84 24 80 00 00 	mov    0x80(%rsp),%rax
 2f192bc:	00 
 2f192bd:	48 83 f8 0b          	cmp    $0xb,%rax
 2f192c1:	0f 84 75 ff ff ff    	je     2f1923c <_ZN10litchi_cfb4file16OleFile$LT$R$GT$14load_directory17he542c168c4b70583E+0x1ac>
 2f192c7:	48 8d 8c 24 90 00 00 	lea    0x90(%rsp),%rcx
 2f192ce:	00 
 2f192cf:	0f 10 41 f8          	movups -0x8(%rcx),%xmm0
 2f192d3:	0f 10 49 08          	movups 0x8(%rcx),%xmm1
 2f192d7:	48 8b 4c 24 20       	mov    0x20(%rsp),%rcx
 2f192dc:	0f 11 49 18          	movups %xmm1,0x18(%rcx)
 2f192e0:	0f 11 41 08          	movups %xmm0,0x8(%rcx)
 2f192e4:	48 89 01             	mov    %rax,(%rcx)
 2f192e7:	4c 8b 74 24 38       	mov    0x38(%rsp),%r14
 2f192ec:	e9 ca fe ff ff       	jmp    2f191bb <_ZN10litchi_cfb4file16OleFile$LT$R$GT$14load_directory17he542c168c4b70583E+0x12b>
 2f192f1:	48 83 7c 24 48 00    	cmpq   $0x0,0x48(%rsp)
 2f192f7:	0f 85 6c 02 00 00    	jne    2f19569 <_ZN10litchi_cfb4file16OleFile$LT$R$GT$14load_directory17he542c168c4b70583E+0x4d9>
 2f192fd:	b8 01 00 00 00       	mov    $0x1,%eax
 2f19302:	48 89 44 24 50       	mov    %rax,0x50(%rsp)
 2f19307:	48 c7 44 24 28 00 00 	movq   $0x0,0x28(%rsp)
 2f1930e:	00 00 
 2f19310:	4c 8b 74 24 38       	mov    0x38(%rsp),%r14
 2f19315:	4d 85 ed             	test   %r13,%r13
 2f19318:	0f 84 f3 02 00 00    	je     2f19611 <_ZN10litchi_cfb4file16OleFile$LT$R$GT$14load_directory17he542c168c4b70583E+0x581>
 2f1931e:	48 8d 9d 10 01 00 00 	lea    0x110(%rbp),%rbx
 2f19325:	4d 8d 7d 01          	lea    0x1(%r13),%r15
 2f19329:	31 c9                	xor    %ecx,%ecx
 2f1932b:	eb 0f                	jmp    2f1933c <_ZN10litchi_cfb4file16OleFile$LT$R$GT$14load_directory17he542c168c4b70583E+0x2ac>
 2f1932d:	0f 1f 00             	nopl   (%rax)
 2f19330:	4c 89 e1             	mov    %r12,%rcx
 2f19333:	4d 39 ec             	cmp    %r13,%r12
 2f19336:	0f 83 d5 02 00 00    	jae    2f19611 <_ZN10litchi_cfb4file16OleFile$LT$R$GT$14load_directory17he542c168c4b70583E+0x581>
 2f1933c:	48 8b 44 24 40       	mov    0x40(%rsp),%rax
 2f19341:	44 8b 04 88          	mov    (%rax,%rcx,4),%r8d
 2f19345:	4c 8d 61 01          	lea    0x1(%rcx),%r12
 2f19349:	4d 39 ec             	cmp    %r13,%r12
 2f1934c:	0f 83 e2 00 00 00    	jae    2f19434 <_ZN10litchi_cfb4file16OleFile$LT$R$GT$14load_directory17he542c168c4b70583E+0x3a4>
 2f19352:	4c 89 e8             	mov    %r13,%rax
 2f19355:	48 29 c8             	sub    %rcx,%rax
 2f19358:	4c 89 fa             	mov    %r15,%rdx
 2f1935b:	48 29 ca             	sub    %rcx,%rdx
 2f1935e:	be 01 00 00 00       	mov    $0x1,%esi
 2f19363:	48 39 d6             	cmp    %rdx,%rsi
 2f19366:	0f 84 d4 16 00 00    	je     2f1aa40 <_ZN10litchi_cfb4file16OleFile$LT$R$GT$14load_directory17he542c168c4b70583E+0x19b0>
 2f1936c:	4c 8b 4c 24 40       	mov    0x40(%rsp),%r9
 2f19371:	43 8b 7c a1 fc       	mov    -0x4(%r9,%r12,4),%edi
 2f19376:	83 ff ff             	cmp    $0xffffffff,%edi
 2f19379:	0f 84 9c 0c 00 00    	je     2f1a01b <_ZN10litchi_cfb4file16OleFile$LT$R$GT$14load_directory17he542c168c4b70583E+0xf8b>
 2f1937f:	ff c7                	inc    %edi
 2f19381:	43 39 3c a1          	cmp    %edi,(%r9,%r12,4)
 2f19385:	75 15                	jne    2f1939c <_ZN10litchi_cfb4file16OleFile$LT$R$GT$14load_directory17he542c168c4b70583E+0x30c>
 2f19387:	4c 8d 24 0e          	lea    (%rsi,%rcx,1),%r12
 2f1938b:	49 ff c4             	inc    %r12
 2f1938e:	48 ff c6             	inc    %rsi
 2f19391:	48 39 c6             	cmp    %rax,%rsi
 2f19394:	75 cd                	jne    2f19363 <_ZN10litchi_cfb4file16OleFile$LT$R$GT$14load_directory17he542c168c4b70583E+0x2d3>
 2f19396:	48 89 c6             	mov    %rax,%rsi
 2f19399:	4d 89 ec             	mov    %r13,%r12
 2f1939c:	49 8d 40 01          	lea    0x1(%r8),%rax
 2f193a0:	4c 8b 95 38 01 00 00 	mov    0x138(%rbp),%r10
 2f193a7:	49 f7 e2             	mul    %r10
 2f193aa:	0f 80 9d 00 00 00    	jo     2f1944d <_ZN10litchi_cfb4file16OleFile$LT$R$GT$14load_directory17he542c168c4b70583E+0x3bd>
 2f193b0:	48 89 c7             	mov    %rax,%rdi
 2f193b3:	4c 8b 8d 30 01 00 00 	mov    0x130(%rbp),%r9
 2f193ba:	4c 39 c8             	cmp    %r9,%rax
 2f193bd:	0f 83 9c 00 00 00    	jae    2f1945f <_ZN10litchi_cfb4file16OleFile$LT$R$GT$14load_directory17he542c168c4b70583E+0x3cf>
 2f193c3:	48 89 f0             	mov    %rsi,%rax
 2f193c6:	49 f7 e2             	mul    %r10
 2f193c9:	0f 80 9b 0c 00 00    	jo     2f1a06a <_ZN10litchi_cfb4file16OleFile$LT$R$GT$14load_directory17he542c168c4b70583E+0xfda>
 2f193cf:	48 89 c6             	mov    %rax,%rsi
 2f193d2:	48 89 c8             	mov    %rcx,%rax
 2f193d5:	49 f7 e2             	mul    %r10
 2f193d8:	0f 80 9b 0c 00 00    	jo     2f1a079 <_ZN10litchi_cfb4file16OleFile$LT$R$GT$14load_directory17he542c168c4b70583E+0xfe9>
 2f193de:	48 8b 4c 24 28       	mov    0x28(%rsp),%rcx
 2f193e3:	48 29 c1             	sub    %rax,%rcx
 2f193e6:	0f 82 c8 00 00 00    	jb     2f194b4 <_ZN10litchi_cfb4file16OleFile$LT$R$GT$14load_directory17he542c168c4b70583E+0x424>
 2f193ec:	48 39 f1             	cmp    %rsi,%rcx
 2f193ef:	48 0f 42 f1          	cmovb  %rcx,%rsi
 2f193f3:	48 85 f6             	test   %rsi,%rsi
 2f193f6:	0f 84 34 ff ff ff    	je     2f19330 <_ZN10litchi_cfb4file16OleFile$LT$R$GT$14load_directory17he542c168c4b70583E+0x2a0>
 2f193fc:	49 29 f9             	sub    %rdi,%r9
 2f193ff:	ba 00 00 00 00       	mov    $0x0,%edx
 2f19404:	49 0f 43 d1          	cmovae %r9,%rdx
 2f19408:	48 39 d6             	cmp    %rdx,%rsi
 2f1940b:	48 0f 42 d6          	cmovb  %rsi,%rdx
 2f1940f:	48 89 bd 28 01 00 00 	mov    %rdi,0x128(%rbp)
 2f19416:	48 03 44 24 50       	add    0x50(%rsp),%rax
 2f1941b:	48 89 df             	mov    %rbx,%rdi
 2f1941e:	48 89 c6             	mov    %rax,%rsi
 2f19421:	e8 5a 2d 02 00       	call   2f3c180 <_ZN3std2io18default_read_exact17h7e05c6104e563f02E>
 2f19426:	48 85 c0             	test   %rax,%rax
 2f19429:	0f 84 01 ff ff ff    	je     2f19330 <_ZN10litchi_cfb4file16OleFile$LT$R$GT$14load_directory17he542c168c4b70583E+0x2a0>
 2f1942f:	e9 f0 00 00 00       	jmp    2f19524 <_ZN10litchi_cfb4file16OleFile$LT$R$GT$14load_directory17he542c168c4b70583E+0x494>
 2f19434:	be 01 00 00 00       	mov    $0x1,%esi
 2f19439:	49 8d 40 01          	lea    0x1(%r8),%rax
 2f1943d:	4c 8b 95 38 01 00 00 	mov    0x138(%rbp),%r10
 2f19444:	49 f7 e2             	mul    %r10
 2f19447:	0f 81 63 ff ff ff    	jno    2f193b0 <_ZN10litchi_cfb4file16OleFile$LT$R$GT$14load_directory17he542c168c4b70583E+0x320>
 2f1944d:	48 8d bc 24 a0 02 00 	lea    0x2a0(%rsp),%rdi
 2f19454:	00 
 2f19455:	e8 f6 2a 00 00       	call   2f1bf50 <_ZN10litchi_cfb4file16OleFile$LT$R$GT$15sector_position28_$u7b$$u7b$closure$u7d$$u7d$17h249ac194483adc14E>
 2f1945a:	e9 27 0c 00 00       	jmp    2f1a086 <_ZN10litchi_cfb4file16OleFile$LT$R$GT$14load_directory17he542c168c4b70583E+0xff6>
 2f1945f:	44 89 84 24 d0 01 00 	mov    %r8d,0x1d0(%rsp)
 2f19466:	00 
 2f19467:	48 8d 84 24 d0 01 00 	lea    0x1d0(%rsp),%rax
 2f1946e:	00 
 2f1946f:	48 89 84 24 a0 02 00 	mov    %rax,0x2a0(%rsp)
 2f19476:	00 
 2f19477:	48 8b 05 92 42 1a 00 	mov    0x1a4292(%rip),%rax        # 30bd710 <_DYNAMIC+0x558>
 2f1947e:	48 89 84 24 a8 02 00 	mov    %rax,0x2a8(%rsp)
 2f19485:	00 
 2f19486:	48 8d bc 24 88 00 00 	lea    0x88(%rsp),%rdi
 2f1948d:	00 
 2f1948e:	48 8d 35 dc 40 1c fd 	lea    -0x2e3bf24(%rip),%rsi        # dd571 <anon.fe21f686ecc9c6db7577757d05467d2e.1068.llvm.14939676856770229077+0x229>
 2f19495:	48 8d 94 24 a0 02 00 	lea    0x2a0(%rsp),%rdx
 2f1949c:	00 
 2f1949d:	ff 15 1d 43 1a 00    	call   *0x1a431d(%rip)        # 30bd7c0 <_DYNAMIC+0x608>
 2f194a3:	48 c7 84 24 80 00 00 	movq   $0x8,0x80(%rsp)
 2f194aa:	00 08 00 00 00 
 2f194af:	e9 84 00 00 00       	jmp    2f19538 <_ZN10litchi_cfb4file16OleFile$LT$R$GT$14load_directory17he542c168c4b70583E+0x4a8>
 2f194b4:	ff 15 96 3f 1a 00    	call   *0x1a3f96(%rip)        # 30bd450 <_DYNAMIC+0x298>
 2f194ba:	bb 23 00 00 00       	mov    $0x23,%ebx
 2f194bf:	bf 23 00 00 00       	mov    $0x23,%edi
 2f194c4:	be 01 00 00 00       	mov    $0x1,%esi
 2f194c9:	ff 15 89 3f 1a 00    	call   *0x1a3f89(%rip)        # 30bd458 <_DYNAMIC+0x2a0>
 2f194cf:	48 85 c0             	test   %rax,%rax
 2f194d2:	0f 84 80 15 00 00    	je     2f1aa58 <_ZN10litchi_cfb4file16OleFile$LT$R$GT$14load_directory17he542c168c4b70583E+0x19c8>
 2f194d8:	0f 10 05 a9 87 61 fd 	movups -0x29e7857(%rip),%xmm0        # 531c88 <anon.e0572dd12dce1d6d78420bf0a335603a.8.llvm.17154920839617733857+0xec5>
 2f194df:	0f 11 40 10          	movups %xmm0,0x10(%rax)
 2f194e3:	f3 0f 6f 05 8d 87 61 	movdqu -0x29e7873(%rip),%xmm0        # 531c78 <anon.e0572dd12dce1d6d78420bf0a335603a.8.llvm.17154920839617733857+0xeb5>
 2f194ea:	fd 
 2f194eb:	f3 0f 7f 00          	movdqu %xmm0,(%rax)
 2f194ef:	c7 40 1f 66 6c 6f 77 	movl   $0x776f6c66,0x1f(%rax)
 2f194f6:	48 c7 84 24 80 00 00 	movq   $0x8,0x80(%rsp)
 2f194fd:	00 08 00 00 00 
 2f19502:	48 c7 84 24 88 00 00 	movq   $0x23,0x88(%rsp)
 2f19509:	00 23 00 00 00 
 2f1950e:	48 89 84 24 90 00 00 	mov    %rax,0x90(%rsp)
 2f19515:	00 
 2f19516:	48 c7 84 24 98 00 00 	movq   $0x23,0x98(%rsp)
 2f1951d:	00 23 00 00 00 
 2f19522:	eb 14                	jmp    2f19538 <_ZN10litchi_cfb4file16OleFile$LT$R$GT$14load_directory17he542c168c4b70583E+0x4a8>
 2f19524:	48 c7 84 24 80 00 00 	movq   $0x0,0x80(%rsp)
 2f1952b:	00 00 00 00 00 
 2f19530:	48 89 84 24 88 00 00 	mov    %rax,0x88(%rsp)
 2f19537:	00 
 2f19538:	48 8b 4c 24 20       	mov    0x20(%rsp),%rcx
 2f1953d:	48 8b 84 24 a0 00 00 	mov    0xa0(%rsp),%rax
 2f19544:	00 
 2f19545:	48 89 41 20          	mov    %rax,0x20(%rcx)
 2f19549:	66 0f 6f 84 24 80 00 	movdqa 0x80(%rsp),%xmm0
 2f19550:	00 00 
 2f19552:	66 0f 6f 8c 24 90 00 	movdqa 0x90(%rsp),%xmm1
 2f19559:	00 00 
 2f1955b:	f3 0f 7f 49 10       	movdqu %xmm1,0x10(%rcx)
 2f19560:	f3 0f 7f 01          	movdqu %xmm0,(%rcx)
 2f19564:	e9 37 01 00 00       	jmp    2f196a0 <_ZN10litchi_cfb4file16OleFile$LT$R$GT$14load_directory17he542c168c4b70583E+0x610>
 2f19569:	48 8d bc 24 a0 02 00 	lea    0x2a0(%rsp),%rdi
 2f19570:	00 
 2f19571:	ba 01 00 00 00       	mov    $0x1,%edx
 2f19576:	41 b8 01 00 00 00    	mov    $0x1,%r8d
 2f1957c:	41 b9 01 00 00 00    	mov    $0x1,%r9d
 2f19582:	31 f6                	xor    %esi,%esi
 2f19584:	48 8b 5c 24 48       	mov    0x48(%rsp),%rbx
 2f19589:	48 89 d9             	mov    %rbx,%rcx
 2f1958c:	e8 af d7 02 00       	call   2f46d40 <_ZN5alloc7raw_vec20RawVecInner$LT$A$GT$11finish_grow17h37c64ad1cb8e6711E.llvm.9576547150467988674>
 2f19591:	80 bc 24 a0 02 00 00 	cmpb   $0x0,0x2a0(%rsp)
 2f19598:	00 
 2f19599:	4c 8b 74 24 38       	mov    0x38(%rsp),%r14
 2f1959e:	74 32                	je     2f195d2 <_ZN10litchi_cfb4file16OleFile$LT$R$GT$14load_directory17he542c168c4b70583E+0x542>
 2f195a0:	f3 0f 6f 84 24 a8 02 	movdqu 0x2a8(%rsp),%xmm0
 2f195a7:	00 00 
 2f195a9:	48 8d 05 0a 84 61 fd 	lea    -0x29e7bf6(%rip),%rax        # 5319ba <anon.e0572dd12dce1d6d78420bf0a335603a.8.llvm.17154920839617733857+0xbf7>
 2f195b0:	48 8b 4c 24 20       	mov    0x20(%rsp),%rcx
 2f195b5:	48 89 41 08          	mov    %rax,0x8(%rcx)
 2f195b9:	48 c7 41 10 0e 00 00 	movq   $0xe,0x10(%rcx)
 2f195c0:	00 
 2f195c1:	48 c7 01 01 00 00 00 	movq   $0x1,(%rcx)
 2f195c8:	f3 0f 7f 41 18       	movdqu %xmm0,0x18(%rcx)
 2f195cd:	e9 e9 fb ff ff       	jmp    2f191bb <_ZN10litchi_cfb4file16OleFile$LT$R$GT$14load_directory17he542c168c4b70583E+0x12b>
 2f195d2:	48 8b 84 24 a8 02 00 	mov    0x2a8(%rsp),%rax
 2f195d9:	00 
 2f195da:	48 89 44 24 50       	mov    %rax,0x50(%rsp)
 2f195df:	48 83 fb 01          	cmp    $0x1,%rbx
 2f195e3:	74 1b                	je     2f19600 <_ZN10litchi_cfb4file16OleFile$LT$R$GT$14load_directory17he542c168c4b70583E+0x570>
 2f195e5:	48 8d 53 ff          	lea    -0x1(%rbx),%rdx
 2f195e9:	4c 8b 7c 24 50       	mov    0x50(%rsp),%r15
 2f195ee:	4c 89 ff             	mov    %r15,%rdi
 2f195f1:	31 f6                	xor    %esi,%esi
 2f195f3:	ff 15 97 4b 1a 00    	call   *0x1a4b97(%rip)        # 30be190 <memset@GLIBC_2.2.5>
 2f195f9:	49 8d 04 1f          	lea    (%r15,%rbx,1),%rax
 2f195fd:	48 ff c8             	dec    %rax
 2f19600:	c6 00 00             	movb   $0x0,(%rax)
 2f19603:	48 89 5c 24 28       	mov    %rbx,0x28(%rsp)
 2f19608:	4d 85 ed             	test   %r13,%r13
 2f1960b:	0f 85 0d fd ff ff    	jne    2f1931e <_ZN10litchi_cfb4file16OleFile$LT$R$GT$14load_directory17he542c168c4b70583E+0x28e>
 2f19611:	48 8b 5c 24 28       	mov    0x28(%rsp),%rbx
 2f19616:	48 85 db             	test   %rbx,%rbx
 2f19619:	0f 95 c0             	setne  %al
 2f1961c:	f6 c3 7f             	test   $0x7f,%bl
 2f1961f:	0f 94 c1             	sete   %cl
 2f19622:	84 c8                	test   %cl,%al
 2f19624:	0f 85 c1 00 00 00    	jne    2f196eb <_ZN10litchi_cfb4file16OleFile$LT$R$GT$14load_directory17he542c168c4b70583E+0x65b>
 2f1962a:	ff 15 20 3e 1a 00    	call   *0x1a3e20(%rip)        # 30bd450 <_DYNAMIC+0x298>
 2f19630:	bb 3b 00 00 00       	mov    $0x3b,%ebx
 2f19635:	bf 3b 00 00 00       	mov    $0x3b,%edi
 2f1963a:	be 01 00 00 00       	mov    $0x1,%esi
 2f1963f:	ff 15 13 3e 1a 00    	call   *0x1a3e13(%rip)        # 30bd458 <_DYNAMIC+0x2a0>
 2f19645:	48 85 c0             	test   %rax,%rax
 2f19648:	0f 84 0a 14 00 00    	je     2f1aa58 <_ZN10litchi_cfb4file16OleFile$LT$R$GT$14load_directory17he542c168c4b70583E+0x19c8>
 2f1964e:	49 89 c4             	mov    %rax,%r12
 2f19651:	0f 10 05 39 88 61 fd 	movups -0x29e77c7(%rip),%xmm0        # 531e91 <anon.e0572dd12dce1d6d78420bf0a335603a.8.llvm.17154920839617733857+0x10ce>
 2f19658:	0f 11 40 2b          	movups %xmm0,0x2b(%rax)
 2f1965c:	0f 10 05 23 88 61 fd 	movups -0x29e77dd(%rip),%xmm0        # 531e86 <anon.e0572dd12dce1d6d78420bf0a335603a.8.llvm.17154920839617733857+0x10c3>
 2f19663:	0f 11 40 20          	movups %xmm0,0x20(%rax)
 2f19667:	0f 10 05 08 88 61 fd 	movups -0x29e77f8(%rip),%xmm0        # 531e76 <anon.e0572dd12dce1d6d78420bf0a335603a.8.llvm.17154920839617733857+0x10b3>
 2f1966e:	0f 11 40 10          	movups %xmm0,0x10(%rax)
 2f19672:	0f 10 05 ed 87 61 fd 	movups -0x29e7813(%rip),%xmm0        # 531e66 <anon.e0572dd12dce1d6d78420bf0a335603a.8.llvm.17154920839617733857+0x10a3>
 2f19679:	0f 11 00             	movups %xmm0,(%rax)
 2f1967c:	bb 3b 00 00 00       	mov    $0x3b,%ebx
 2f19681:	66 48 0f 6e c3       	movq   %rbx,%xmm0
 2f19686:	b9 08 00 00 00       	mov    $0x8,%ecx
 2f1968b:	48 8b 44 24 20       	mov    0x20(%rsp),%rax
 2f19690:	48 89 58 08          	mov    %rbx,0x8(%rax)
 2f19694:	4c 89 60 10          	mov    %r12,0x10(%rax)
 2f19698:	48 89 08             	mov    %rcx,(%rax)
 2f1969b:	f3 0f 7f 40 18       	movdqu %xmm0,0x18(%rax)
 2f196a0:	48 8b 74 24 48       	mov    0x48(%rsp),%rsi
 2f196a5:	48 85 f6             	test   %rsi,%rsi
 2f196a8:	48 8b 5c 24 40       	mov    0x40(%rsp),%rbx
 2f196ad:	74 10                	je     2f196bf <_ZN10litchi_cfb4file16OleFile$LT$R$GT$14load_directory17he542c168c4b70583E+0x62f>
 2f196af:	ba 01 00 00 00       	mov    $0x1,%edx
 2f196b4:	48 8b 7c 24 50       	mov    0x50(%rsp),%rdi
 2f196b9:	ff 15 41 3d 1a 00    	call   *0x1a3d41(%rip)        # 30bd400 <_DYNAMIC+0x248>
 2f196bf:	4d 85 f6             	test   %r14,%r14
 2f196c2:	74 15                	je     2f196d9 <_ZN10litchi_cfb4file16OleFile$LT$R$GT$14load_directory17he542c168c4b70583E+0x649>
 2f196c4:	49 c1 e6 02          	shl    $0x2,%r14
 2f196c8:	ba 04 00 00 00       	mov    $0x4,%edx
 2f196cd:	48 89 df             	mov    %rbx,%rdi
 2f196d0:	4c 89 f6             	mov    %r14,%rsi
 2f196d3:	ff 15 27 3d 1a 00    	call   *0x1a3d27(%rip)        # 30bd400 <_DYNAMIC+0x248>
 2f196d9:	48 81 c4 78 07 00 00 	add    $0x778,%rsp
 2f196e0:	5b                   	pop    %rbx
 2f196e1:	41 5c                	pop    %r12
 2f196e3:	41 5d                	pop    %r13
 2f196e5:	41 5e                	pop    %r14
 2f196e7:	41 5f                	pop    %r15
 2f196e9:	5d                   	pop    %rbp
 2f196ea:	c3                   	ret
 2f196eb:	48 8b 85 38 01 00 00 	mov    0x138(%rbp),%rax
 2f196f2:	48 89 84 24 e8 04 00 	mov    %rax,0x4e8(%rsp)
 2f196f9:	00 
 2f196fa:	49 89 df             	mov    %rbx,%r15
 2f196fd:	49 c1 ef 07          	shr    $0x7,%r15
 2f19701:	48 8d bc 24 80 00 00 	lea    0x80(%rsp),%rdi
 2f19708:	00 
 2f19709:	ba 08 00 00 00       	mov    $0x8,%edx
 2f1970e:	41 b8 08 00 00 00    	mov    $0x8,%r8d
 2f19714:	41 b9 d0 00 00 00    	mov    $0xd0,%r9d
 2f1971a:	31 f6                	xor    %esi,%esi
 2f1971c:	4c 89 f9             	mov    %r15,%rcx
 2f1971f:	e8 1c d6 02 00       	call   2f46d40 <_ZN5alloc7raw_vec20RawVecInner$LT$A$GT$11finish_grow17h37c64ad1cb8e6711E.llvm.9576547150467988674>
 2f19724:	80 bc 24 80 00 00 00 	cmpb   $0x0,0x80(%rsp)
 2f1972b:	00 
 2f1972c:	74 20                	je     2f1974e <_ZN10litchi_cfb4file16OleFile$LT$R$GT$14load_directory17he542c168c4b70583E+0x6be>
 2f1972e:	f3 0f 6f 84 24 88 00 	movdqu 0x88(%rsp),%xmm0
 2f19735:	00 00 
 2f19737:	41 bc 1b 00 00 00    	mov    $0x1b,%r12d
 2f1973d:	48 8d 1d 5d 87 61 fd 	lea    -0x29e78a3(%rip),%rbx        # 531ea1 <anon.e0572dd12dce1d6d78420bf0a335603a.8.llvm.17154920839617733857+0x10de>
 2f19744:	b9 01 00 00 00       	mov    $0x1,%ecx
 2f19749:	e9 3d ff ff ff       	jmp    2f1968b <_ZN10litchi_cfb4file16OleFile$LT$R$GT$14load_directory17he542c168c4b70583E+0x5fb>
 2f1974e:	48 8b 84 24 88 00 00 	mov    0x88(%rsp),%rax
 2f19755:	00 
 2f19756:	4c 89 bc 24 c8 01 00 	mov    %r15,0x1c8(%rsp)
 2f1975d:	00 
 2f1975e:	4c 89 bc 24 58 01 00 	mov    %r15,0x158(%rsp)
 2f19765:	00 
 2f19766:	48 89 84 24 60 01 00 	mov    %rax,0x160(%rsp)
 2f1976d:	00 
 2f1976e:	48 c7 84 24 68 01 00 	movq   $0x0,0x168(%rsp)
 2f19775:	00 00 00 00 00 
 2f1977a:	4c 8b 64 24 50       	mov    0x50(%rsp),%r12
 2f1977f:	49 8d 04 1c          	lea    (%r12,%rbx,1),%rax
 2f19783:	48 89 84 24 e0 04 00 	mov    %rax,0x4e0(%rsp)
 2f1978a:	00 
 2f1978b:	31 c0                	xor    %eax,%eax
 2f1978d:	4c 8b 2d 8c 3c 1a 00 	mov    0x1a3c8c(%rip),%r13        # 30bd420 <memcpy@GLIBC_2.14>
 2f19794:	48 b9 00 00 00 00 01 	movabs $0x100000000,%rcx
 2f1979b:	00 00 00 
 2f1979e:	48 39 c8             	cmp    %rcx,%rax
 2f197a1:	0f 84 eb 09 00 00    	je     2f1a192 <_ZN10litchi_cfb4file16OleFile$LT$R$GT$14load_directory17he542c168c4b70583E+0x1102>
 2f197a7:	48 89 44 24 70       	mov    %rax,0x70(%rsp)
 2f197ac:	89 44 24 0c          	mov    %eax,0xc(%rsp)
 2f197b0:	41 0f b7 04 24       	movzwl (%r12),%eax
 2f197b5:	41 0f 10 44 24 07    	movups 0x7(%r12),%xmm0
 2f197bb:	49 8b 4c 24 17       	mov    0x17(%r12),%rcx
 2f197c0:	41 0f b7 5c 24 40    	movzwl 0x40(%r12),%ebx
 2f197c6:	41 0f b6 54 24 42    	movzbl 0x42(%r12),%edx
 2f197cc:	88 54 24 37          	mov    %dl,0x37(%rsp)
 2f197d0:	44 0f b6 da          	movzbl %dl,%r11d
 2f197d4:	41 0f b6 7c 24 43    	movzbl 0x43(%r12),%edi
 2f197da:	45 8b 44 24 44       	mov    0x44(%r12),%r8d
 2f197df:	45 8b 4c 24 48       	mov    0x48(%r12),%r9d
 2f197e4:	45 8b 54 24 4c       	mov    0x4c(%r12),%r10d
 2f197e9:	45 8b 74 24 74       	mov    0x74(%r12),%r14d
 2f197ee:	4d 8b 7c 24 78       	mov    0x78(%r12),%r15
 2f197f3:	66 89 84 24 d0 03 00 	mov    %ax,0x3d0(%rsp)
 2f197fa:	00 
 2f197fb:	41 0f b6 54 24 06    	movzbl 0x6(%r12),%edx
 2f19801:	48 8d b4 24 d2 03 00 	lea    0x3d2(%rsp),%rsi
 2f19808:	00 
 2f19809:	88 56 04             	mov    %dl,0x4(%rsi)
 2f1980c:	41 8b 54 24 02       	mov    0x2(%r12),%edx
 2f19811:	89 16                	mov    %edx,(%rsi)
 2f19813:	4c 89 da             	mov    %r11,%rdx
 2f19816:	0f 11 84 24 d7 03 00 	movups %xmm0,0x3d7(%rsp)
 2f1981d:	00 
 2f1981e:	48 89 8c 24 e7 03 00 	mov    %rcx,0x3e7(%rsp)
 2f19825:	00 
 2f19826:	41 0f 10 44 24 1f    	movups 0x1f(%r12),%xmm0
 2f1982c:	0f 11 84 24 ef 03 00 	movups %xmm0,0x3ef(%rsp)
 2f19833:	00 
 2f19834:	41 0f b6 4c 24 3f    	movzbl 0x3f(%r12),%ecx
 2f1983a:	88 4e 3d             	mov    %cl,0x3d(%rsi)
 2f1983d:	41 0f 10 44 24 2f    	movups 0x2f(%r12),%xmm0
 2f19843:	0f 11 46 2d          	movups %xmm0,0x2d(%rsi)
 2f19847:	66 89 9c 24 10 04 00 	mov    %bx,0x410(%rsp)
 2f1984e:	00 
 2f1984f:	88 94 24 12 04 00 00 	mov    %dl,0x412(%rsp)
 2f19856:	40 88 3c 24          	mov    %dil,(%rsp)
 2f1985a:	40 88 bc 24 13 04 00 	mov    %dil,0x413(%rsp)
 2f19861:	00 
 2f19862:	44 89 84 24 7c 02 00 	mov    %r8d,0x27c(%rsp)
 2f19869:	00 
 2f1986a:	44 89 84 24 14 04 00 	mov    %r8d,0x414(%rsp)
 2f19871:	00 
 2f19872:	44 89 8c 24 78 02 00 	mov    %r9d,0x278(%rsp)
 2f19879:	00 
 2f1987a:	44 89 8c 24 18 04 00 	mov    %r9d,0x418(%rsp)
 2f19881:	00 
 2f19882:	44 89 54 24 60       	mov    %r10d,0x60(%rsp)
 2f19887:	44 89 94 24 1c 04 00 	mov    %r10d,0x41c(%rsp)
 2f1988e:	00 
 2f1988f:	41 8b 4c 24 70       	mov    0x70(%r12),%ecx
 2f19894:	89 4e 6e             	mov    %ecx,0x6e(%rsi)
 2f19897:	41 0f 10 44 24 50    	movups 0x50(%r12),%xmm0
 2f1989d:	f3 41 0f 6f 4c 24 60 	movdqu 0x60(%r12),%xmm1
 2f198a4:	f3 0f 7f 4e 5e       	movdqu %xmm1,0x5e(%rsi)
 2f198a9:	0f 11 46 4e          	movups %xmm0,0x4e(%rsi)
 2f198ad:	44 89 b4 24 44 04 00 	mov    %r14d,0x444(%rsp)
 2f198b4:	00 
 2f198b5:	4c 89 bc 24 f0 04 00 	mov    %r15,0x4f0(%rsp)
 2f198bc:	00 
 2f198bd:	4c 89 bc 24 48 04 00 	mov    %r15,0x448(%rsp)
 2f198c4:	00 
 2f198c5:	41 8d 4b ff          	lea    -0x1(%r11),%ecx
 2f198c9:	83 f9 02             	cmp    $0x2,%ecx
 2f198cc:	72 3a                	jb     2f19908 <_ZN10litchi_cfb4file16OleFile$LT$R$GT$14load_directory17he542c168c4b70583E+0x878>
 2f198ce:	83 fa 05             	cmp    $0x5,%edx
 2f198d1:	74 35                	je     2f19908 <_ZN10litchi_cfb4file16OleFile$LT$R$GT$14load_directory17he542c168c4b70583E+0x878>
 2f198d3:	85 d2                	test   %edx,%edx
 2f198d5:	0f 85 b8 0c 00 00    	jne    2f1a593 <_ZN10litchi_cfb4file16OleFile$LT$R$GT$14load_directory17he542c168c4b70583E+0x1503>
 2f198db:	48 85 db             	test   %rbx,%rbx
 2f198de:	0f 85 1d 0d 00 00    	jne    2f1a601 <_ZN10litchi_cfb4file16OleFile$LT$R$GT$14load_directory17he542c168c4b70583E+0x1571>
 2f198e4:	48 8b 84 24 88 00 00 	mov    0x88(%rsp),%rax
 2f198eb:	00 
 2f198ec:	48 89 44 24 10       	mov    %rax,0x10(%rsp)
 2f198f1:	4c 8b b4 24 90 00 00 	mov    0x90(%rsp),%r14
 2f198f8:	00 
 2f198f9:	49 bf 00 00 00 00 00 	movabs $0x8000000000000000,%r15
 2f19900:	00 00 80 
 2f19903:	e9 05 06 00 00       	jmp    2f19f0d <_ZN10litchi_cfb4file16OleFile$LT$R$GT$14load_directory17he542c168c4b70583E+0xe7d>
 2f19908:	48 89 9c 24 c8 03 00 	mov    %rbx,0x3c8(%rsp)
 2f1990f:	00 
 2f19910:	8d 4b fe             	lea    -0x2(%rbx),%ecx
 2f19913:	66 83 f9 3e          	cmp    $0x3e,%cx
 2f19917:	0f 87 9a 09 00 00    	ja     2f1a2b7 <_ZN10litchi_cfb4file16OleFile$LT$R$GT$14load_directory17he542c168c4b70583E+0x1227>
 2f1991d:	89 d9                	mov    %ebx,%ecx
 2f1991f:	83 e1 01             	and    $0x1,%ecx
 2f19922:	0f 85 8f 09 00 00    	jne    2f1a2b7 <_ZN10litchi_cfb4file16OleFile$LT$R$GT$14load_directory17he542c168c4b70583E+0x1227>
 2f19928:	44 89 b4 24 74 02 00 	mov    %r14d,0x274(%rsp)
 2f1992f:	00 
 2f19930:	48 89 54 24 68       	mov    %rdx,0x68(%rsp)
 2f19935:	66 0f 6e c0          	movd   %eax,%xmm0
 2f19939:	66 0f 7f 44 24 10    	movdqa %xmm0,0x10(%rsp)
 2f1993f:	66 c7 84 24 78 01 00 	movw   $0x0,0x178(%rsp)
 2f19946:	00 00 00 
 2f19949:	48 c7 84 24 c0 01 00 	movq   $0x0,0x1c0(%rsp)
 2f19950:	00 00 00 00 00 
 2f19955:	48 83 c3 fe          	add    $0xfffffffffffffffe,%rbx
 2f19959:	45 31 f6             	xor    %r14d,%r14d
 2f1995c:	31 d2                	xor    %edx,%edx
 2f1995e:	48 83 fa 21          	cmp    $0x21,%rdx
 2f19962:	73 1a                	jae    2f1997e <_ZN10litchi_cfb4file16OleFile$LT$R$GT$14load_directory17he542c168c4b70583E+0x8ee>
 2f19964:	48 89 d0             	mov    %rdx,%rax
 2f19967:	48 8d 8c 24 7a 01 00 	lea    0x17a(%rsp),%rcx
 2f1996e:	00 
 2f1996f:	48 8d b4 24 c0 01 00 	lea    0x1c0(%rsp),%rsi
 2f19976:	00 
 2f19977:	ba 20 00 00 00       	mov    $0x20,%edx
 2f1997c:	eb 18                	jmp    2f19996 <_ZN10litchi_cfb4file16OleFile$LT$R$GT$14load_directory17he542c168c4b70583E+0x906>
 2f1997e:	48 8b 84 24 80 01 00 	mov    0x180(%rsp),%rax
 2f19985:	00 
 2f19986:	48 8b 8c 24 88 01 00 	mov    0x188(%rsp),%rcx
 2f1998d:	00 
 2f1998e:	48 8d b4 24 80 01 00 	lea    0x180(%rsp),%rsi
 2f19995:	00 
 2f19996:	46 0f b7 bc 34 d0 03 	movzwl 0x3d0(%rsp,%r14,1),%r15d
 2f1999d:	00 00 
 2f1999f:	48 39 d0             	cmp    %rdx,%rax
 2f199a2:	74 21                	je     2f199c5 <_ZN10litchi_cfb4file16OleFile$LT$R$GT$14load_directory17he542c168c4b70583E+0x935>
 2f199a4:	66 44 89 3c 41       	mov    %r15w,(%rcx,%rax,2)
 2f199a9:	48 ff 06             	incq   (%rsi)
 2f199ac:	4c 39 f3             	cmp    %r14,%rbx
 2f199af:	74 46                	je     2f199f7 <_ZN10litchi_cfb4file16OleFile$LT$R$GT$14load_directory17he542c168c4b70583E+0x967>
 2f199b1:	48 8b 94 24 c0 01 00 	mov    0x1c0(%rsp),%rdx
 2f199b8:	00 
 2f199b9:	49 83 c6 02          	add    $0x2,%r14
 2f199bd:	48 83 fa 21          	cmp    $0x21,%rdx
 2f199c1:	72 a1                	jb     2f19964 <_ZN10litchi_cfb4file16OleFile$LT$R$GT$14load_directory17he542c168c4b70583E+0x8d4>
 2f199c3:	eb b9                	jmp    2f1997e <_ZN10litchi_cfb4file16OleFile$LT$R$GT$14load_directory17he542c168c4b70583E+0x8ee>
 2f199c5:	48 8d bc 24 78 01 00 	lea    0x178(%rsp),%rdi
 2f199cc:	00 
 2f199cd:	e8 2e 31 02 00       	call   2f3cb00 <_ZN8smallvec17SmallVec$LT$A$GT$21reserve_one_unchecked17h173cf9dbce61e9a8E>
 2f199d2:	48 8b 84 24 80 01 00 	mov    0x180(%rsp),%rax
 2f199d9:	00 
 2f199da:	48 8b 8c 24 88 01 00 	mov    0x188(%rsp),%rcx
 2f199e1:	00 
 2f199e2:	48 8d b4 24 80 01 00 	lea    0x180(%rsp),%rsi
 2f199e9:	00 
 2f199ea:	66 44 89 3c 41       	mov    %r15w,(%rcx,%rax,2)
 2f199ef:	48 ff 06             	incq   (%rsi)
 2f199f2:	4c 39 f3             	cmp    %r14,%rbx
 2f199f5:	75 ba                	jne    2f199b1 <_ZN10litchi_cfb4file16OleFile$LT$R$GT$14load_directory17he542c168c4b70583E+0x921>
 2f199f7:	44 8b 6c 24 0c       	mov    0xc(%rsp),%r13d
 2f199fc:	48 83 bc 24 c8 03 00 	cmpq   $0x2,0x3c8(%rsp)
 2f19a03:	00 02 
 2f19a05:	48 8b 84 24 c0 01 00 	mov    0x1c0(%rsp),%rax
 2f19a0c:	00 
 2f19a0d:	0f 85 76 01 00 00    	jne    2f19b89 <_ZN10litchi_cfb4file16OleFile$LT$R$GT$14load_directory17he542c168c4b70583E+0xaf9>
 2f19a13:	66 0f 6e 9c 24 d2 03 	movd   0x3d2(%rsp),%xmm3
 2f19a1a:	00 00 
 2f19a1c:	66 0f 60 5c 24 10    	punpcklbw 0x10(%rsp),%xmm3
 2f19a22:	f3 0f 7e a4 24 d7 03 	movq   0x3d7(%rsp),%xmm4
 2f19a29:	00 00 
 2f19a2b:	f3 0f 6f 84 24 df 03 	movdqu 0x3df(%rsp),%xmm0
 2f19a32:	00 00 
 2f19a34:	f3 0f 6f 94 24 ef 03 	movdqu 0x3ef(%rsp),%xmm2
 2f19a3b:	00 00 
 2f19a3d:	f3 0f 6f 8c 24 ff 03 	movdqu 0x3ff(%rsp),%xmm1
 2f19a44:	00 00 
 2f19a46:	66 0f ef ff          	pxor   %xmm7,%xmm7
 2f19a4a:	66 0f 60 df          	punpcklbw %xmm7,%xmm3
 2f19a4e:	f3 0f 70 db e8       	pshufhw $0xe8,%xmm3,%xmm3
 2f19a53:	66 0f 70 db 64       	pshufd $0x64,%xmm3,%xmm3
 2f19a58:	f2 0f 70 db 34       	pshuflw $0x34,%xmm3,%xmm3
 2f19a5d:	f3 0f 70 db d2       	pshufhw $0xd2,%xmm3,%xmm3
 2f19a62:	66 0f 67 db          	packuswb %xmm3,%xmm3
 2f19a66:	66 0f 6e 6c 24 68    	movd   0x68(%rsp),%xmm5
 2f19a6c:	66 44 0f 6f 05 db 3a 	movdqa -0x2e0c525(%rip),%xmm8        # 10d550 <anon.fb2dbac6754daab5807044ead754fb16.427.llvm.16214165181123863728+0xb0>
 2f19a73:	1f fd 
 2f19a75:	66 41 0f 6f f0       	movdqa %xmm8,%xmm6
 2f19a7a:	66 0f df f5          	pandn  %xmm5,%xmm6
 2f19a7e:	66 41 0f db d8       	pand   %xmm8,%xmm3
 2f19a83:	66 0f eb de          	por    %xmm6,%xmm3
 2f19a87:	66 0f 6f 35 01 cd 1e 	movdqa -0x2e132ff(%rip),%xmm6        # 106790 <anon.fb2dbac6754daab5807044ead754fb16.400.llvm.16214165181123863728+0xa0>
 2f19a8e:	fd 
 2f19a8f:	66 0f db de          	pand   %xmm6,%xmm3
 2f19a93:	0f b6 8c 24 d6 03 00 	movzbl 0x3d6(%rsp),%ecx
 2f19a9a:	00 
 2f19a9b:	66 0f 6e e9          	movd   %ecx,%xmm5
 2f19a9f:	66 0f 73 f5 38       	psllq  $0x38,%xmm5
 2f19aa4:	66 0f df f5          	pandn  %xmm5,%xmm6
 2f19aa8:	66 0f eb f3          	por    %xmm3,%xmm6
 2f19aac:	66 0f 6c f4          	punpcklqdq %xmm4,%xmm6
 2f19ab0:	66 0f 74 35 18 df 1e 	pcmpeqb -0x2e120e8(%rip),%xmm6        # 1079d0 <anon.4562ec735adeebd694e90c850de02e4b.330.llvm.7468460055358497109+0x720>
 2f19ab7:	fd 
 2f19ab8:	66 0f 74 d7          	pcmpeqb %xmm7,%xmm2
 2f19abc:	66 0f d7 ca          	pmovmskb %xmm2,%ecx
 2f19ac0:	81 f1 ff ff 00 00    	xor    $0xffff,%ecx
 2f19ac6:	66 0f 74 cf          	pcmpeqb %xmm7,%xmm1
 2f19aca:	66 0f d7 d1          	pmovmskb %xmm1,%edx
 2f19ace:	f7 d2                	not    %edx
 2f19ad0:	c1 e2 10             	shl    $0x10,%edx
 2f19ad3:	09 ca                	or     %ecx,%edx
 2f19ad5:	48 c1 e2 20          	shl    $0x20,%rdx
 2f19ad9:	66 0f d7 ce          	pmovmskb %xmm6,%ecx
 2f19add:	81 f1 ff ff 00 00    	xor    $0xffff,%ecx
 2f19ae3:	66 0f 74 c7          	pcmpeqb %xmm7,%xmm0
 2f19ae7:	66 0f d7 f0          	pmovmskb %xmm0,%esi
 2f19aeb:	f7 d6                	not    %esi
 2f19aed:	c1 e6 10             	shl    $0x10,%esi
 2f19af0:	09 ce                	or     %ecx,%esi
 2f19af2:	48 09 d6             	or     %rdx,%rsi
 2f19af5:	48 85 f6             	test   %rsi,%rsi
 2f19af8:	0f 85 8b 00 00 00    	jne    2f19b89 <_ZN10litchi_cfb4file16OleFile$LT$R$GT$14load_directory17he542c168c4b70583E+0xaf9>
 2f19afe:	45 85 ed             	test   %r13d,%r13d
 2f19b01:	0f 85 82 00 00 00    	jne    2f19b89 <_ZN10litchi_cfb4file16OleFile$LT$R$GT$14load_directory17he542c168c4b70583E+0xaf9>
 2f19b07:	80 bc 24 0f 04 00 00 	cmpb   $0x0,0x40f(%rsp)
 2f19b0e:	00 
 2f19b0f:	75 78                	jne    2f19b89 <_ZN10litchi_cfb4file16OleFile$LT$R$GT$14load_directory17he542c168c4b70583E+0xaf9>
 2f19b11:	48 89 c1             	mov    %rax,%rcx
 2f19b14:	48 83 f8 21          	cmp    $0x21,%rax
 2f19b18:	72 08                	jb     2f19b22 <_ZN10litchi_cfb4file16OleFile$LT$R$GT$14load_directory17he542c168c4b70583E+0xa92>
 2f19b1a:	48 8b 8c 24 80 01 00 	mov    0x180(%rsp),%rcx
 2f19b21:	00 
 2f19b22:	48 85 c9             	test   %rcx,%rcx
 2f19b25:	74 18                	je     2f19b3f <_ZN10litchi_cfb4file16OleFile$LT$R$GT$14load_directory17he542c168c4b70583E+0xaaf>
 2f19b27:	31 c9                	xor    %ecx,%ecx
 2f19b29:	48 83 f8 21          	cmp    $0x21,%rax
 2f19b2d:	0f 92 c1             	setb   %cl
 2f19b30:	c1 e1 06             	shl    $0x6,%ecx
 2f19b33:	48 c7 84 0c 80 01 00 	movq   $0x0,0x180(%rsp,%rcx,1)
 2f19b3a:	00 00 00 00 00 
 2f19b3f:	48 8d 05 76 83 61 fd 	lea    -0x29e7c8a(%rip),%rax        # 531ebc <anon.e0572dd12dce1d6d78420bf0a335603a.8.llvm.17154920839617733857+0x10f9>
 2f19b46:	48 89 84 24 d0 01 00 	mov    %rax,0x1d0(%rsp)
 2f19b4d:	00 
 2f19b4e:	48 8d 05 71 83 61 fd 	lea    -0x29e7c8f(%rip),%rax        # 531ec6 <anon.e0572dd12dce1d6d78420bf0a335603a.8.llvm.17154920839617733857+0x1103>
 2f19b55:	48 89 84 24 d8 01 00 	mov    %rax,0x1d8(%rsp)
 2f19b5c:	00 
 2f19b5d:	66 c7 84 24 e0 01 00 	movw   $0x0,0x1e0(%rsp)
 2f19b64:	00 00 00 
 2f19b67:	48 8d bc 24 78 01 00 	lea    0x178(%rsp),%rdi
 2f19b6e:	00 
 2f19b6f:	48 8d b4 24 d0 01 00 	lea    0x1d0(%rsp),%rsi
 2f19b76:	00 
 2f19b77:	e8 54 22 02 00       	call   2f3bdd0 <_ZN133_$LT$smallvec..SmallVec$LT$A$GT$$u20$as$u20$core..iter..traits..collect..Extend$LT$$LT$A$u20$as$u20$smallvec..Array$GT$..Item$GT$$GT$6extend17hf355842348191080E>
 2f19b7c:	48 8b 9c 24 c0 01 00 	mov    0x1c0(%rsp),%rbx
 2f19b83:	00 
 2f19b84:	e9 88 00 00 00       	jmp    2f19c11 <_ZN10litchi_cfb4file16OleFile$LT$R$GT$14load_directory17he542c168c4b70583E+0xb81>
 2f19b89:	48 89 c1             	mov    %rax,%rcx
 2f19b8c:	48 83 f8 21          	cmp    $0x21,%rax
 2f19b90:	72 08                	jb     2f19b9a <_ZN10litchi_cfb4file16OleFile$LT$R$GT$14load_directory17he542c168c4b70583E+0xb0a>
 2f19b92:	48 8b 8c 24 80 01 00 	mov    0x180(%rsp),%rcx
 2f19b99:	00 
 2f19b9a:	48 85 c9             	test   %rcx,%rcx
 2f19b9d:	0f 84 92 05 00 00    	je     2f1a135 <_ZN10litchi_cfb4file16OleFile$LT$R$GT$14load_directory17he542c168c4b70583E+0x10a5>
 2f19ba3:	31 d2                	xor    %edx,%edx
 2f19ba5:	48 8d b4 24 7a 01 00 	lea    0x17a(%rsp),%rsi
 2f19bac:	00 
 2f19bad:	48 83 f8 21          	cmp    $0x21,%rax
 2f19bb1:	0f 92 c0             	setb   %al
 2f19bb4:	72 08                	jb     2f19bbe <_ZN10litchi_cfb4file16OleFile$LT$R$GT$14load_directory17he542c168c4b70583E+0xb2e>
 2f19bb6:	48 8b b4 24 88 01 00 	mov    0x188(%rsp),%rsi
 2f19bbd:	00 
 2f19bbe:	88 c2                	mov    %al,%dl
 2f19bc0:	c1 e2 06             	shl    $0x6,%edx
 2f19bc3:	48 8d 41 ff          	lea    -0x1(%rcx),%rax
 2f19bc7:	48 89 84 14 80 01 00 	mov    %rax,0x180(%rsp,%rdx,1)
 2f19bce:	00 
 2f19bcf:	66 83 7c 4e fe 00    	cmpw   $0x0,-0x2(%rsi,%rcx,2)
 2f19bd5:	0f 85 5a 05 00 00    	jne    2f1a135 <_ZN10litchi_cfb4file16OleFile$LT$R$GT$14load_directory17he542c168c4b70583E+0x10a5>
 2f19bdb:	48 8b 9c 24 c0 01 00 	mov    0x1c0(%rsp),%rbx
 2f19be2:	00 
 2f19be3:	48 8d bc 24 7a 01 00 	lea    0x17a(%rsp),%rdi
 2f19bea:	00 
 2f19beb:	48 89 de             	mov    %rbx,%rsi
 2f19bee:	48 83 fb 21          	cmp    $0x21,%rbx
 2f19bf2:	72 10                	jb     2f19c04 <_ZN10litchi_cfb4file16OleFile$LT$R$GT$14load_directory17he542c168c4b70583E+0xb74>
 2f19bf4:	48 8b bc 24 88 01 00 	mov    0x188(%rsp),%rdi
 2f19bfb:	00 
 2f19bfc:	48 8b b4 24 80 01 00 	mov    0x180(%rsp),%rsi
 2f19c03:	00 
 2f19c04:	e8 e7 9f ff ff       	call   2f13bf0 <_RNvXsB_NtNtCsgEmfK2I1SDS_4core5slice3cmptNtB5_13SliceContains14slice_contains>
 2f19c09:	84 c0                	test   %al,%al
 2f19c0b:	0f 85 24 05 00 00    	jne    2f1a135 <_ZN10litchi_cfb4file16OleFile$LT$R$GT$14load_directory17he542c168c4b70583E+0x10a5>
 2f19c11:	48 8d b4 24 7a 01 00 	lea    0x17a(%rsp),%rsi
 2f19c18:	00 
 2f19c19:	48 83 fb 21          	cmp    $0x21,%rbx
 2f19c1d:	72 10                	jb     2f19c2f <_ZN10litchi_cfb4file16OleFile$LT$R$GT$14load_directory17he542c168c4b70583E+0xb9f>
 2f19c1f:	48 8b b4 24 88 01 00 	mov    0x188(%rsp),%rsi
 2f19c26:	00 
 2f19c27:	48 8b 9c 24 80 01 00 	mov    0x180(%rsp),%rbx
 2f19c2e:	00 
 2f19c2f:	48 8d bc 24 10 05 00 	lea    0x510(%rsp),%rdi
 2f19c36:	00 
 2f19c37:	48 89 da             	mov    %rbx,%rdx
 2f19c3a:	ff 15 e8 8d 1a 00    	call   *0x1a8de8(%rip)        # 30c2a28 <_DYNAMIC+0x5870>
 2f19c40:	4c 8b bc 24 10 05 00 	mov    0x510(%rsp),%r15
 2f19c47:	00 
 2f19c48:	48 b8 00 00 00 00 00 	movabs $0x8000000000000000,%rax
 2f19c4f:	00 00 80 
 2f19c52:	49 39 c7             	cmp    %rax,%r15
 2f19c55:	0f 84 ca 06 00 00    	je     2f1a325 <_ZN10litchi_cfb4file16OleFile$LT$R$GT$14load_directory17he542c168c4b70583E+0x1295>
 2f19c5b:	48 8b b4 24 18 05 00 	mov    0x518(%rsp),%rsi
 2f19c62:	00 
 2f19c63:	48 8b 94 24 20 05 00 	mov    0x520(%rsp),%rdx
 2f19c6a:	00 
 2f19c6b:	48 8d bc 24 d0 01 00 	lea    0x1d0(%rsp),%rdi
 2f19c72:	00 
 2f19c73:	48 89 74 24 10       	mov    %rsi,0x10(%rsp)
 2f19c78:	49 89 d6             	mov    %rdx,%r14
 2f19c7b:	ff 15 27 8d 1a 00    	call   *0x1a8d27(%rip)        # 30c29a8 <_DYNAMIC+0x57f0>
 2f19c81:	0f b7 8c 24 d0 01 00 	movzwl 0x1d0(%rsp),%ecx
 2f19c88:	00 
 2f19c89:	66 83 f9 02          	cmp    $0x2,%cx
 2f19c8d:	0f 84 05 07 00 00    	je     2f1a398 <_ZN10litchi_cfb4file16OleFile$LT$R$GT$14load_directory17he542c168c4b70583E+0x1308>
 2f19c93:	48 8d bc 24 d2 01 00 	lea    0x1d2(%rsp),%rdi
 2f19c9a:	00 
 2f19c9b:	0f b7 47 04          	movzwl 0x4(%rdi),%eax
 2f19c9f:	4c 8d 84 24 12 05 00 	lea    0x512(%rsp),%r8
 2f19ca6:	00 
 2f19ca7:	66 41 89 40 04       	mov    %ax,0x4(%r8)
 2f19cac:	8b 07                	mov    (%rdi),%eax
 2f19cae:	41 89 00             	mov    %eax,(%r8)
 2f19cb1:	48 8b 84 24 d8 01 00 	mov    0x1d8(%rsp),%rax
 2f19cb8:	00 
 2f19cb9:	48 8b 94 24 f8 01 00 	mov    0x1f8(%rsp),%rdx
 2f19cc0:	00 
 2f19cc1:	48 8b 77 1e          	mov    0x1e(%rdi),%rsi
 2f19cc5:	48 89 b4 24 c0 05 00 	mov    %rsi,0x5c0(%rsp)
 2f19ccc:	00 
 2f19ccd:	0f 10 47 0e          	movups 0xe(%rdi),%xmm0
 2f19cd1:	0f 29 84 24 b0 05 00 	movaps %xmm0,0x5b0(%rsp)
 2f19cd8:	00 
 2f19cd9:	0f 10 47 2e          	movups 0x2e(%rdi),%xmm0
 2f19cdd:	f3 0f 6f 4f 3e       	movdqu 0x3e(%rdi),%xmm1
 2f19ce2:	0f 10 57 4e          	movups 0x4e(%rdi),%xmm2
 2f19ce6:	0f 10 5f 5e          	movups 0x5e(%rdi),%xmm3
 2f19cea:	41 0f 11 40 2e       	movups %xmm0,0x2e(%r8)
 2f19cef:	f3 41 0f 7f 48 3e    	movdqu %xmm1,0x3e(%r8)
 2f19cf5:	41 0f 11 50 4e       	movups %xmm2,0x4e(%r8)
 2f19cfa:	41 0f 11 58 5e       	movups %xmm3,0x5e(%r8)
 2f19cff:	0f 10 47 6e          	movups 0x6e(%rdi),%xmm0
 2f19d03:	41 0f 11 40 6e       	movups %xmm0,0x6e(%r8)
 2f19d08:	0f 10 47 7e          	movups 0x7e(%rdi),%xmm0
 2f19d0c:	41 0f 11 40 7e       	movups %xmm0,0x7e(%r8)
 2f19d11:	0f 10 87 8e 00 00 00 	movups 0x8e(%rdi),%xmm0
 2f19d18:	41 0f 11 80 8e 00 00 	movups %xmm0,0x8e(%r8)
 2f19d1f:	00 
 2f19d20:	0f 28 84 24 b0 05 00 	movaps 0x5b0(%rsp),%xmm0
 2f19d27:	00 
 2f19d28:	0f 29 84 24 c0 04 00 	movaps %xmm0,0x4c0(%rsp)
 2f19d2f:	00 
 2f19d30:	48 8b b4 24 c0 05 00 	mov    0x5c0(%rsp),%rsi
 2f19d37:	00 
 2f19d38:	48 89 b4 24 d0 04 00 	mov    %rsi,0x4d0(%rsp)
 2f19d3f:	00 
 2f19d40:	48 8b b4 24 d0 04 00 	mov    0x4d0(%rsp),%rsi
 2f19d47:	00 
 2f19d48:	49 89 70 1e          	mov    %rsi,0x1e(%r8)
 2f19d4c:	0f 28 84 24 c0 04 00 	movaps 0x4c0(%rsp),%xmm0
 2f19d53:	00 
 2f19d54:	41 0f 11 40 0e       	movups %xmm0,0xe(%r8)
 2f19d59:	66 89 8c 24 10 05 00 	mov    %cx,0x510(%rsp)
 2f19d60:	00 
 2f19d61:	48 89 84 24 18 05 00 	mov    %rax,0x518(%rsp)
 2f19d68:	00 
 2f19d69:	48 89 94 24 38 05 00 	mov    %rdx,0x538(%rsp)
 2f19d70:	00 
 2f19d71:	48 8b 8c 24 58 05 00 	mov    0x558(%rsp),%rcx
 2f19d78:	00 
 2f19d79:	4c 89 c7             	mov    %r8,%rdi
 2f19d7c:	48 89 ca             	mov    %rcx,%rdx
 2f19d7f:	48 83 f9 21          	cmp    $0x21,%rcx
 2f19d83:	72 0b                	jb     2f19d90 <_ZN10litchi_cfb4file16OleFile$LT$R$GT$14load_directory17he542c168c4b70583E+0xd00>
 2f19d85:	48 8b bc 24 20 05 00 	mov    0x520(%rsp),%rdi
 2f19d8c:	00 
 2f19d8d:	48 89 c2             	mov    %rax,%rdx
 2f19d90:	48 89 8c 24 70 01 00 	mov    %rcx,0x170(%rsp)
 2f19d97:	00 
 2f19d98:	48 8b 9c 24 c0 01 00 	mov    0x1c0(%rsp),%rbx
 2f19d9f:	00 
 2f19da0:	48 89 d8             	mov    %rbx,%rax
 2f19da3:	48 83 fb 21          	cmp    $0x21,%rbx
 2f19da7:	72 08                	jb     2f19db1 <_ZN10litchi_cfb4file16OleFile$LT$R$GT$14load_directory17he542c168c4b70583E+0xd21>
 2f19da9:	48 8b 84 24 80 01 00 	mov    0x180(%rsp),%rax
 2f19db0:	00 
 2f19db1:	48 39 c2             	cmp    %rax,%rdx
 2f19db4:	0f 85 21 03 00 00    	jne    2f1a0db <_ZN10litchi_cfb4file16OleFile$LT$R$GT$14load_directory17he542c168c4b70583E+0x104b>
 2f19dba:	48 8d b4 24 7a 01 00 	lea    0x17a(%rsp),%rsi
 2f19dc1:	00 
 2f19dc2:	48 83 fb 21          	cmp    $0x21,%rbx
 2f19dc6:	72 08                	jb     2f19dd0 <_ZN10litchi_cfb4file16OleFile$LT$R$GT$14load_directory17he542c168c4b70583E+0xd40>
 2f19dc8:	48 8b b4 24 88 01 00 	mov    0x188(%rsp),%rsi
 2f19dcf:	00 
 2f19dd0:	48 01 d2             	add    %rdx,%rdx
 2f19dd3:	ff 15 bf 36 1a 00    	call   *0x1a36bf(%rip)        # 30bd498 <bcmp@GLIBC_2.2.5>
 2f19dd9:	85 c0                	test   %eax,%eax
 2f19ddb:	0f 85 fa 02 00 00    	jne    2f1a0db <_ZN10litchi_cfb4file16OleFile$LT$R$GT$14load_directory17he542c168c4b70583E+0x104b>
 2f19de1:	0f b6 04 24          	movzbl (%rsp),%eax
 2f19de5:	88 84 24 80 03 00 00 	mov    %al,0x380(%rsp)
 2f19dec:	3c 02                	cmp    $0x2,%al
 2f19dee:	0f 83 78 06 00 00    	jae    2f1a46c <_ZN10litchi_cfb4file16OleFile$LT$R$GT$14load_directory17he542c168c4b70583E+0x13dc>
 2f19df4:	48 81 bc 24 e8 04 00 	cmpq   $0x200,0x4e8(%rsp)
 2f19dfb:	00 00 02 00 00 
 2f19e00:	48 8b 8c 24 f0 04 00 	mov    0x4f0(%rsp),%rcx
 2f19e07:	00 
 2f19e08:	89 c8                	mov    %ecx,%eax
 2f19e0a:	48 0f 45 c1          	cmovne %rcx,%rax
 2f19e0e:	48 8b 4c 24 68       	mov    0x68(%rsp),%rcx
 2f19e13:	83 f9 01             	cmp    $0x1,%ecx
 2f19e16:	74 2b                	je     2f19e43 <_ZN10litchi_cfb4file16OleFile$LT$R$GT$14load_directory17he542c168c4b70583E+0xdb3>
 2f19e18:	83 f9 02             	cmp    $0x2,%ecx
 2f19e1b:	74 11                	je     2f19e2e <_ZN10litchi_cfb4file16OleFile$LT$R$GT$14load_directory17he542c168c4b70583E+0xd9e>
 2f19e1d:	83 f9 05             	cmp    $0x5,%ecx
 2f19e20:	75 47                	jne    2f19e69 <_ZN10litchi_cfb4file16OleFile$LT$R$GT$14load_directory17he542c168c4b70583E+0xdd9>
 2f19e22:	83 7c 24 0c 00       	cmpl   $0x0,0xc(%rsp)
 2f19e27:	74 40                	je     2f19e69 <_ZN10litchi_cfb4file16OleFile$LT$R$GT$14load_directory17he542c168c4b70583E+0xdd9>
 2f19e29:	e9 58 0a 00 00       	jmp    2f1a886 <_ZN10litchi_cfb4file16OleFile$LT$R$GT$14load_directory17he542c168c4b70583E+0x17f6>
 2f19e2e:	83 7c 24 60 ff       	cmpl   $0xffffffff,0x60(%rsp)
 2f19e33:	0f 85 a6 08 00 00    	jne    2f1a6df <_ZN10litchi_cfb4file16OleFile$LT$R$GT$14load_directory17he542c168c4b70583E+0x164f>
 2f19e39:	45 85 ed             	test   %r13d,%r13d
 2f19e3c:	75 2b                	jne    2f19e69 <_ZN10litchi_cfb4file16OleFile$LT$R$GT$14load_directory17he542c168c4b70583E+0xdd9>
 2f19e3e:	e9 9c 08 00 00       	jmp    2f1a6df <_ZN10litchi_cfb4file16OleFile$LT$R$GT$14load_directory17he542c168c4b70583E+0x164f>
 2f19e43:	45 85 ed             	test   %r13d,%r13d
 2f19e46:	8b 8c 24 74 02 00 00 	mov    0x274(%rsp),%ecx
 2f19e4d:	0f 84 e5 06 00 00    	je     2f1a538 <_ZN10litchi_cfb4file16OleFile$LT$R$GT$14load_directory17he542c168c4b70583E+0x14a8>
 2f19e53:	83 f9 fe             	cmp    $0xfffffffe,%ecx
 2f19e56:	74 08                	je     2f19e60 <_ZN10litchi_cfb4file16OleFile$LT$R$GT$14load_directory17he542c168c4b70583E+0xdd0>
 2f19e58:	85 c9                	test   %ecx,%ecx
 2f19e5a:	0f 85 d8 06 00 00    	jne    2f1a538 <_ZN10litchi_cfb4file16OleFile$LT$R$GT$14load_directory17he542c168c4b70583E+0x14a8>
 2f19e60:	48 85 c0             	test   %rax,%rax
 2f19e63:	0f 85 cf 06 00 00    	jne    2f1a538 <_ZN10litchi_cfb4file16OleFile$LT$R$GT$14load_directory17he542c168c4b70583E+0x14a8>
 2f19e69:	ba a0 00 00 00       	mov    $0xa0,%edx
 2f19e6e:	48 8d bc 24 98 00 00 	lea    0x98(%rsp),%rdi
 2f19e75:	00 
 2f19e76:	48 8d b4 24 10 05 00 	lea    0x510(%rsp),%rsi
 2f19e7d:	00 
 2f19e7e:	4c 8b 2d 9b 35 1a 00 	mov    0x1a359b(%rip),%r13        # 30bd420 <memcpy@GLIBC_2.14>
 2f19e85:	41 ff d5             	call   *%r13
 2f19e88:	8b 44 24 0c          	mov    0xc(%rsp),%eax
 2f19e8c:	4c 89 bc 24 80 00 00 	mov    %r15,0x80(%rsp)
 2f19e93:	00 
 2f19e94:	48 8b 4c 24 10       	mov    0x10(%rsp),%rcx
 2f19e99:	48 89 8c 24 88 00 00 	mov    %rcx,0x88(%rsp)
 2f19ea0:	00 
 2f19ea1:	4c 89 b4 24 90 00 00 	mov    %r14,0x90(%rsp)
 2f19ea8:	00 
 2f19ea9:	89 84 24 38 01 00 00 	mov    %eax,0x138(%rsp)
 2f19eb0:	8b 84 24 7c 02 00 00 	mov    0x27c(%rsp),%eax
 2f19eb7:	89 84 24 3c 01 00 00 	mov    %eax,0x13c(%rsp)
 2f19ebe:	8b 84 24 78 02 00 00 	mov    0x278(%rsp),%eax
 2f19ec5:	89 84 24 40 01 00 00 	mov    %eax,0x140(%rsp)
 2f19ecc:	8b 44 24 60          	mov    0x60(%rsp),%eax
 2f19ed0:	89 84 24 44 01 00 00 	mov    %eax,0x144(%rsp)
 2f19ed7:	0f b6 04 24          	movzbl (%rsp),%eax
 2f19edb:	88 84 24 48 01 00 00 	mov    %al,0x148(%rsp)
 2f19ee2:	0f b6 44 24 37       	movzbl 0x37(%rsp),%eax
 2f19ee7:	88 84 24 49 01 00 00 	mov    %al,0x149(%rsp)
 2f19eee:	48 83 fb 21          	cmp    $0x21,%rbx
 2f19ef2:	72 19                	jb     2f19f0d <_ZN10litchi_cfb4file16OleFile$LT$R$GT$14load_directory17he542c168c4b70583E+0xe7d>
 2f19ef4:	48 8b bc 24 88 01 00 	mov    0x188(%rsp),%rdi
 2f19efb:	00 
 2f19efc:	48 01 db             	add    %rbx,%rbx
 2f19eff:	ba 02 00 00 00       	mov    $0x2,%edx
 2f19f04:	48 89 de             	mov    %rbx,%rsi
 2f19f07:	ff 15 f3 34 1a 00    	call   *0x1a34f3(%rip)        # 30bd400 <_DYNAMIC+0x248>
 2f19f0d:	48 8b 9c 24 a8 00 00 	mov    0xa8(%rsp),%rbx
 2f19f14:	00 
 2f19f15:	ba a0 00 00 00       	mov    $0xa0,%edx
 2f19f1a:	48 8d bc 24 d0 02 00 	lea    0x2d0(%rsp),%rdi
 2f19f21:	00 
 2f19f22:	48 8d b4 24 b0 00 00 	lea    0xb0(%rsp),%rsi
 2f19f29:	00 
 2f19f2a:	41 ff d5             	call   *%r13
 2f19f2d:	f3 0f 6f 84 24 98 00 	movdqu 0x98(%rsp),%xmm0
 2f19f34:	00 00 
 2f19f36:	4c 89 bc 24 a0 02 00 	mov    %r15,0x2a0(%rsp)
 2f19f3d:	00 
 2f19f3e:	48 8b 44 24 10       	mov    0x10(%rsp),%rax
 2f19f43:	48 89 84 24 a8 02 00 	mov    %rax,0x2a8(%rsp)
 2f19f4a:	00 
 2f19f4b:	4c 89 b4 24 b0 02 00 	mov    %r14,0x2b0(%rsp)
 2f19f52:	00 
 2f19f53:	f3 0f 7f 84 24 b8 02 	movdqu %xmm0,0x2b8(%rsp)
 2f19f5a:	00 00 
 2f19f5c:	48 89 9c 24 c8 02 00 	mov    %rbx,0x2c8(%rsp)
 2f19f63:	00 
 2f19f64:	48 8d bc 24 28 06 00 	lea    0x628(%rsp),%rdi
 2f19f6b:	00 
 2f19f6c:	48 8d b4 24 58 01 00 	lea    0x158(%rsp),%rsi
 2f19f73:	00 
 2f19f74:	48 8d 94 24 a0 02 00 	lea    0x2a0(%rsp),%rdx
 2f19f7b:	00 
 2f19f7c:	e8 3f a0 00 00       	call   2f23fc0 <_ZN10litchi_cfb4file8try_push17h85483ba2cdbf85cfE>
 2f19f81:	48 8b 8c 24 28 06 00 	mov    0x628(%rsp),%rcx
 2f19f88:	00 
 2f19f89:	48 83 f9 0b          	cmp    $0xb,%rcx
 2f19f8d:	48 8b 44 24 70       	mov    0x70(%rsp),%rax
 2f19f92:	0f 85 85 02 00 00    	jne    2f1a21d <_ZN10litchi_cfb4file16OleFile$LT$R$GT$14load_directory17he542c168c4b70583E+0x118d>
 2f19f98:	49 83 ec 80          	sub    $0xffffffffffffff80,%r12
 2f19f9c:	48 ff c0             	inc    %rax
 2f19f9f:	4c 3b a4 24 e0 04 00 	cmp    0x4e0(%rsp),%r12
 2f19fa6:	00 
 2f19fa7:	0f 85 e7 f7 ff ff    	jne    2f19794 <_ZN10litchi_cfb4file16OleFile$LT$R$GT$14load_directory17he542c168c4b70583E+0x704>
 2f19fad:	48 8b b4 24 68 01 00 	mov    0x168(%rsp),%rsi
 2f19fb4:	00 
 2f19fb5:	48 85 f6             	test   %rsi,%rsi
 2f19fb8:	49 bd 00 00 00 00 00 	movabs $0x8000000000000000,%r13
 2f19fbf:	00 00 80 
 2f19fc2:	74 11                	je     2f19fd5 <_ZN10litchi_cfb4file16OleFile$LT$R$GT$14load_directory17he542c168c4b70583E+0xf45>
 2f19fc4:	4c 8b bc 24 60 01 00 	mov    0x160(%rsp),%r15
 2f19fcb:	00 
 2f19fcc:	4d 39 2f             	cmp    %r13,(%r15)
 2f19fcf:	0f 85 7b 06 00 00    	jne    2f1a650 <_ZN10litchi_cfb4file16OleFile$LT$R$GT$14load_directory17he542c168c4b70583E+0x15c0>
 2f19fd5:	ff 15 75 34 1a 00    	call   *0x1a3475(%rip)        # 30bd450 <_DYNAMIC+0x298>
 2f19fdb:	bb 19 00 00 00       	mov    $0x19,%ebx
 2f19fe0:	bf 19 00 00 00       	mov    $0x19,%edi
 2f19fe5:	be 01 00 00 00       	mov    $0x1,%esi
 2f19fea:	ff 15 68 34 1a 00    	call   *0x1a3468(%rip)        # 30bd458 <_DYNAMIC+0x2a0>
 2f19ff0:	48 85 c0             	test   %rax,%rax
 2f19ff3:	0f 84 7f 12 00 00    	je     2f1b278 <_ZN10litchi_cfb4file16OleFile$LT$R$GT$14load_directory17he542c168c4b70583E+0x21e8>
 2f19ff9:	49 89 c4             	mov    %rax,%r12
 2f19ffc:	0f 10 05 fc 7e 61 fd 	movups -0x29e8104(%rip),%xmm0        # 531eff <anon.e0572dd12dce1d6d78420bf0a335603a.8.llvm.17154920839617733857+0x113c>
 2f1a003:	0f 11 40 09          	movups %xmm0,0x9(%rax)
 2f1a007:	0f 10 05 e8 7e 61 fd 	movups -0x29e8118(%rip),%xmm0        # 531ef6 <anon.e0572dd12dce1d6d78420bf0a335603a.8.llvm.17154920839617733857+0x1133>
 2f1a00e:	0f 11 00             	movups %xmm0,(%rax)
 2f1a011:	bb 19 00 00 00       	mov    $0x19,%ebx
 2f1a016:	e9 d1 01 00 00       	jmp    2f1a1ec <_ZN10litchi_cfb4file16OleFile$LT$R$GT$14load_directory17he542c168c4b70583E+0x115c>
 2f1a01b:	48 8d bc 24 a0 02 00 	lea    0x2a0(%rsp),%rdi
 2f1a022:	00 
 2f1a023:	e8 98 35 00 00       	call   2f1d5c0 <_ZN10litchi_cfb4file16OleFile$LT$R$GT$20read_sectors_batched28_$u7b$$u7b$closure$u7d$$u7d$17h0fa3e9cc541fc786E>
 2f1a028:	48 8b 84 24 a0 02 00 	mov    0x2a0(%rsp),%rax
 2f1a02f:	00 
 2f1a030:	8b 8c 24 a8 02 00 00 	mov    0x2a8(%rsp),%ecx
 2f1a037:	0f 10 84 24 ac 02 00 	movups 0x2ac(%rsp),%xmm0
 2f1a03e:	00 
 2f1a03f:	0f 11 84 24 8c 00 00 	movups %xmm0,0x8c(%rsp)
 2f1a046:	00 
 2f1a047:	f3 0f 6f 84 24 b8 02 	movdqu 0x2b8(%rsp),%xmm0
 2f1a04e:	00 00 
 2f1a050:	f3 0f 7f 84 24 98 00 	movdqu %xmm0,0x98(%rsp)
 2f1a057:	00 00 
 2f1a059:	48 89 84 24 80 00 00 	mov    %rax,0x80(%rsp)
 2f1a060:	00 
 2f1a061:	89 8c 24 88 00 00 00 	mov    %ecx,0x88(%rsp)
 2f1a068:	eb 58                	jmp    2f1a0c2 <_ZN10litchi_cfb4file16OleFile$LT$R$GT$14load_directory17he542c168c4b70583E+0x1032>
 2f1a06a:	48 8d bc 24 a0 02 00 	lea    0x2a0(%rsp),%rdi
 2f1a071:	00 
 2f1a072:	e8 b9 35 00 00       	call   2f1d630 <_ZN10litchi_cfb4file16OleFile$LT$R$GT$20read_sectors_batched28_$u7b$$u7b$closure$u7d$$u7d$17hb6cfc42d6d46ad0bE>
 2f1a077:	eb 0d                	jmp    2f1a086 <_ZN10litchi_cfb4file16OleFile$LT$R$GT$14load_directory17he542c168c4b70583E+0xff6>
 2f1a079:	48 8d bc 24 a0 02 00 	lea    0x2a0(%rsp),%rdi
 2f1a080:	00 
 2f1a081:	e8 ca 34 00 00       	call   2f1d550 <_ZN10litchi_cfb4file16OleFile$LT$R$GT$20read_sectors_batched28_$u7b$$u7b$closure$u7d$$u7d$17h05ae86004ee97aceE>
 2f1a086:	48 8b 84 24 c0 02 00 	mov    0x2c0(%rsp),%rax
 2f1a08d:	00 
 2f1a08e:	48 89 84 24 a0 00 00 	mov    %rax,0xa0(%rsp)
 2f1a095:	00 
 2f1a096:	66 0f 6f 84 24 a0 02 	movdqa 0x2a0(%rsp),%xmm0
 2f1a09d:	00 00 
 2f1a09f:	66 0f 6f 8c 24 b0 02 	movdqa 0x2b0(%rsp),%xmm1
 2f1a0a6:	00 00 
 2f1a0a8:	66 0f 7f 8c 24 90 00 	movdqa %xmm1,0x90(%rsp)
 2f1a0af:	00 00 
 2f1a0b1:	48 8b 84 24 a0 02 00 	mov    0x2a0(%rsp),%rax
 2f1a0b8:	00 
 2f1a0b9:	66 0f 7f 84 24 80 00 	movdqa %xmm0,0x80(%rsp)
 2f1a0c0:	00 00 
 2f1a0c2:	48 8b 4c 24 20       	mov    0x20(%rsp),%rcx
 2f1a0c7:	48 8b 5c 24 28       	mov    0x28(%rsp),%rbx
 2f1a0cc:	48 83 f8 0b          	cmp    $0xb,%rax
 2f1a0d0:	0f 85 67 f4 ff ff    	jne    2f1953d <_ZN10litchi_cfb4file16OleFile$LT$R$GT$14load_directory17he542c168c4b70583E+0x4ad>
 2f1a0d6:	e9 3b f5 ff ff       	jmp    2f19616 <_ZN10litchi_cfb4file16OleFile$LT$R$GT$14load_directory17he542c168c4b70583E+0x586>
 2f1a0db:	48 8d 44 24 0c       	lea    0xc(%rsp),%rax
 2f1a0e0:	48 89 84 24 d0 01 00 	mov    %rax,0x1d0(%rsp)
 2f1a0e7:	00 
 2f1a0e8:	48 8b 05 21 36 1a 00 	mov    0x1a3621(%rip),%rax        # 30bd710 <_DYNAMIC+0x558>
 2f1a0ef:	48 89 84 24 d8 01 00 	mov    %rax,0x1d8(%rsp)
 2f1a0f6:	00 
 2f1a0f7:	48 8d 35 ad 53 1b fd 	lea    -0x2e4ac53(%rip),%rsi        # cf4ab <anon.95c5240b2fbf76ac49629bb009c53a5c.33.llvm.15933760283621511710+0x6bb>
 2f1a0fe:	48 8d bc 24 68 06 00 	lea    0x668(%rsp),%rdi
 2f1a105:	00 
 2f1a106:	48 8d 94 24 d0 01 00 	lea    0x1d0(%rsp),%rdx
 2f1a10d:	00 
 2f1a10e:	ff 15 ac 36 1a 00    	call   *0x1a36ac(%rip)        # 30bd7c0 <_DYNAMIC+0x608>
 2f1a114:	48 8b 84 24 78 06 00 	mov    0x678(%rsp),%rax
 2f1a11b:	00 
 2f1a11c:	48 8d 8c 24 90 00 00 	lea    0x90(%rsp),%rcx
 2f1a123:	00 
 2f1a124:	48 89 41 10          	mov    %rax,0x10(%rcx)
 2f1a128:	0f 10 84 24 68 06 00 	movups 0x668(%rsp),%xmm0
 2f1a12f:	00 
 2f1a130:	e9 ff 05 00 00       	jmp    2f1a734 <_ZN10litchi_cfb4file16OleFile$LT$R$GT$14load_directory17he542c168c4b70583E+0x16a4>
 2f1a135:	48 8d 44 24 0c       	lea    0xc(%rsp),%rax
 2f1a13a:	48 89 84 24 d0 01 00 	mov    %rax,0x1d0(%rsp)
 2f1a141:	00 
 2f1a142:	48 8b 05 c7 35 1a 00 	mov    0x1a35c7(%rip),%rax        # 30bd710 <_DYNAMIC+0x558>
 2f1a149:	48 89 84 24 d8 01 00 	mov    %rax,0x1d8(%rsp)
 2f1a150:	00 
 2f1a151:	48 8d 35 e7 96 1b fd 	lea    -0x2e46919(%rip),%rsi        # d383f <anon.f57f4edb828af6d5ad6e073300ad06ea.2.llvm.8287353031974803299+0x100>
 2f1a158:	48 8d bc 24 50 06 00 	lea    0x650(%rsp),%rdi
 2f1a15f:	00 
 2f1a160:	48 8d 94 24 d0 01 00 	lea    0x1d0(%rsp),%rdx
 2f1a167:	00 
 2f1a168:	ff 15 52 36 1a 00    	call   *0x1a3652(%rip)        # 30bd7c0 <_DYNAMIC+0x608>
 2f1a16e:	48 8b 84 24 60 06 00 	mov    0x660(%rsp),%rax
 2f1a175:	00 
 2f1a176:	48 8d 8c 24 90 00 00 	lea    0x90(%rsp),%rcx
 2f1a17d:	00 
 2f1a17e:	48 89 41 10          	mov    %rax,0x10(%rcx)
 2f1a182:	0f 10 84 24 50 06 00 	movups 0x650(%rsp),%xmm0
 2f1a189:	00 
 2f1a18a:	0f 11 01             	movups %xmm0,(%rcx)
 2f1a18d:	e9 f0 01 00 00       	jmp    2f1a382 <_ZN10litchi_cfb4file16OleFile$LT$R$GT$14load_directory17he542c168c4b70583E+0x12f2>
 2f1a192:	ff 15 b8 32 1a 00    	call   *0x1a32b8(%rip)        # 30bd450 <_DYNAMIC+0x298>
 2f1a198:	bb 27 00 00 00       	mov    $0x27,%ebx
 2f1a19d:	bf 27 00 00 00       	mov    $0x27,%edi
 2f1a1a2:	be 01 00 00 00       	mov    $0x1,%esi
 2f1a1a7:	ff 15 ab 32 1a 00    	call   *0x1a32ab(%rip)        # 30bd458 <_DYNAMIC+0x2a0>
 2f1a1ad:	48 85 c0             	test   %rax,%rax
 2f1a1b0:	49 bd 00 00 00 00 00 	movabs $0x8000000000000000,%r13
 2f1a1b7:	00 00 80 
 2f1a1ba:	0f 84 b8 10 00 00    	je     2f1b278 <_ZN10litchi_cfb4file16OleFile$LT$R$GT$14load_directory17he542c168c4b70583E+0x21e8>
 2f1a1c0:	49 89 c4             	mov    %rax,%r12
 2f1a1c3:	0f 10 05 55 7d 61 fd 	movups -0x29e82ab(%rip),%xmm0        # 531f1f <anon.e0572dd12dce1d6d78420bf0a335603a.8.llvm.17154920839617733857+0x115c>
 2f1a1ca:	0f 11 40 10          	movups %xmm0,0x10(%rax)
 2f1a1ce:	0f 10 05 3a 7d 61 fd 	movups -0x29e82c6(%rip),%xmm0        # 531f0f <anon.e0572dd12dce1d6d78420bf0a335603a.8.llvm.17154920839617733857+0x114c>
 2f1a1d5:	0f 11 00             	movups %xmm0,(%rax)
 2f1a1d8:	48 b8 20 65 6e 74 72 	movabs $0x73656972746e6520,%rax
 2f1a1df:	69 65 73 
 2f1a1e2:	49 89 44 24 1f       	mov    %rax,0x1f(%r12)
 2f1a1e7:	bb 27 00 00 00       	mov    $0x27,%ebx
 2f1a1ec:	66 48 0f 6e c3       	movq   %rbx,%xmm0
 2f1a1f1:	b8 08 00 00 00       	mov    $0x8,%eax
 2f1a1f6:	48 89 04 24          	mov    %rax,(%rsp)
 2f1a1fa:	48 8b 2d ff 31 1a 00 	mov    0x1a31ff(%rip),%rbp        # 30bd400 <_DYNAMIC+0x248>
 2f1a201:	4c 8b bc 24 68 01 00 	mov    0x168(%rsp),%r15
 2f1a208:	00 
 2f1a209:	4d 85 ff             	test   %r15,%r15
 2f1a20c:	66 0f 7f 44 24 10    	movdqa %xmm0,0x10(%rsp)
 2f1a212:	0f 85 f5 05 00 00    	jne    2f1a80d <_ZN10litchi_cfb4file16OleFile$LT$R$GT$14load_directory17he542c168c4b70583E+0x177d>
 2f1a218:	e9 e8 07 00 00       	jmp    2f1aa05 <_ZN10litchi_cfb4file16OleFile$LT$R$GT$14load_directory17he542c168c4b70583E+0x1975>
 2f1a21d:	48 89 0c 24          	mov    %rcx,(%rsp)
 2f1a221:	0f 10 84 24 40 06 00 	movups 0x640(%rsp),%xmm0
 2f1a228:	00 
 2f1a229:	48 8b 9c 24 30 06 00 	mov    0x630(%rsp),%rbx
 2f1a230:	00 
 2f1a231:	4c 8b a4 24 38 06 00 	mov    0x638(%rsp),%r12
 2f1a238:	00 
 2f1a239:	48 8b 2d c0 31 1a 00 	mov    0x1a31c0(%rip),%rbp        # 30bd400 <_DYNAMIC+0x248>
 2f1a240:	49 bd 00 00 00 00 00 	movabs $0x8000000000000000,%r13
 2f1a247:	00 00 80 
 2f1a24a:	4c 8b bc 24 68 01 00 	mov    0x168(%rsp),%r15
 2f1a251:	00 
 2f1a252:	4d 85 ff             	test   %r15,%r15
 2f1a255:	0f 29 44 24 10       	movaps %xmm0,0x10(%rsp)
 2f1a25a:	0f 85 ad 05 00 00    	jne    2f1a80d <_ZN10litchi_cfb4file16OleFile$LT$R$GT$14load_directory17he542c168c4b70583E+0x177d>
 2f1a260:	e9 a0 07 00 00       	jmp    2f1aa05 <_ZN10litchi_cfb4file16OleFile$LT$R$GT$14load_directory17he542c168c4b70583E+0x1975>
 2f1a265:	48 8d bc 24 a0 02 00 	lea    0x2a0(%rsp),%rdi
 2f1a26c:	00 
 2f1a26d:	e8 7e 8e 00 00       	call   2f230f0 <_ZN10litchi_cfb4file26checked_directory_data_len28_$u7b$$u7b$closure$u7d$$u7d$17h309d87d226a0bad4E>
 2f1a272:	48 8b 8c 24 a0 02 00 	mov    0x2a0(%rsp),%rcx
 2f1a279:	00 
 2f1a27a:	48 8b 84 24 a8 02 00 	mov    0x2a8(%rsp),%rax
 2f1a281:	00 
 2f1a282:	48 83 f9 0b          	cmp    $0xb,%rcx
 2f1a286:	0f 84 35 ee ff ff    	je     2f190c1 <_ZN10litchi_cfb4file16OleFile$LT$R$GT$14load_directory17he542c168c4b70583E+0x31>
 2f1a28c:	48 8b 94 24 c0 02 00 	mov    0x2c0(%rsp),%rdx
 2f1a293:	00 
 2f1a294:	49 89 54 24 20       	mov    %rdx,0x20(%r12)
 2f1a299:	f3 0f 6f 84 24 b0 02 	movdqu 0x2b0(%rsp),%xmm0
 2f1a2a0:	00 00 
 2f1a2a2:	f3 41 0f 7f 44 24 10 	movdqu %xmm0,0x10(%r12)
 2f1a2a9:	49 89 0c 24          	mov    %rcx,(%r12)
 2f1a2ad:	49 89 44 24 08       	mov    %rax,0x8(%r12)
 2f1a2b2:	e9 22 f4 ff ff       	jmp    2f196d9 <_ZN10litchi_cfb4file16OleFile$LT$R$GT$14load_directory17he542c168c4b70583E+0x649>
 2f1a2b7:	48 8d 84 24 c8 03 00 	lea    0x3c8(%rsp),%rax
 2f1a2be:	00 
 2f1a2bf:	48 89 84 24 d0 01 00 	mov    %rax,0x1d0(%rsp)
 2f1a2c6:	00 
 2f1a2c7:	48 8b 05 72 34 1a 00 	mov    0x1a3472(%rip),%rax        # 30bd740 <_DYNAMIC+0x588>
 2f1a2ce:	48 89 84 24 d8 01 00 	mov    %rax,0x1d8(%rsp)
 2f1a2d5:	00 
 2f1a2d6:	48 8d 44 24 0c       	lea    0xc(%rsp),%rax
 2f1a2db:	48 89 84 24 e0 01 00 	mov    %rax,0x1e0(%rsp)
 2f1a2e2:	00 
 2f1a2e3:	48 8b 05 26 34 1a 00 	mov    0x1a3426(%rip),%rax        # 30bd710 <_DYNAMIC+0x558>
 2f1a2ea:	48 89 84 24 e8 01 00 	mov    %rax,0x1e8(%rsp)
 2f1a2f1:	00 
 2f1a2f2:	48 8d 35 09 c5 19 fd 	lea    -0x2e63af7(%rip),%rsi        # b6802 <anon.78e7e2d9a2963172d7221bc0d53d8a6e.588.llvm.2842191743420100448+0x204>
 2f1a2f9:	48 8d 94 24 d0 01 00 	lea    0x1d0(%rsp),%rdx
 2f1a300:	00 
 2f1a301:	48 8d bc 24 90 00 00 	lea    0x90(%rsp),%rdi
 2f1a308:	00 
 2f1a309:	ff 15 b1 34 1a 00    	call   *0x1a34b1(%rip)        # 30bd7c0 <_DYNAMIC+0x608>
 2f1a30f:	48 8b 2d ea 30 1a 00 	mov    0x1a30ea(%rip),%rbp        # 30bd400 <_DYNAMIC+0x248>
 2f1a316:	49 bd 00 00 00 00 00 	movabs $0x8000000000000000,%r13
 2f1a31d:	00 00 80 
 2f1a320:	e9 af 04 00 00       	jmp    2f1a7d4 <_ZN10litchi_cfb4file16OleFile$LT$R$GT$14load_directory17he542c168c4b70583E+0x1744>
 2f1a325:	48 8d 44 24 0c       	lea    0xc(%rsp),%rax
 2f1a32a:	48 89 84 24 98 03 00 	mov    %rax,0x398(%rsp)
 2f1a331:	00 
 2f1a332:	48 8b 05 d7 33 1a 00 	mov    0x1a33d7(%rip),%rax        # 30bd710 <_DYNAMIC+0x558>
 2f1a339:	48 89 84 24 a0 03 00 	mov    %rax,0x3a0(%rsp)
 2f1a340:	00 
 2f1a341:	48 8d 35 b6 cc 1d fd 	lea    -0x2e2334a(%rip),%rsi        # f6ffe <anon.080bfc5e24980bdc4023b9fac42f8b30.0.llvm.4645714891338398197+0x2a3>
 2f1a348:	48 8d 94 24 98 03 00 	lea    0x398(%rsp),%rdx
 2f1a34f:	00 
 2f1a350:	48 8d bc 24 d8 01 00 	lea    0x1d8(%rsp),%rdi
 2f1a357:	00 
 2f1a358:	ff 15 62 34 1a 00    	call   *0x1a3462(%rip)        # 30bd7c0 <_DYNAMIC+0x608>
 2f1a35e:	f3 0f 6f 84 24 d8 01 	movdqu 0x1d8(%rsp),%xmm0
 2f1a365:	00 00 
 2f1a367:	f3 0f 6f 8c 24 e8 01 	movdqu 0x1e8(%rsp),%xmm1
 2f1a36e:	00 00 
 2f1a370:	f3 0f 7f 84 24 90 00 	movdqu %xmm0,0x90(%rsp)
 2f1a377:	00 00 
 2f1a379:	f3 0f 7f 8c 24 a0 00 	movdqu %xmm1,0xa0(%rsp)
 2f1a380:	00 00 
 2f1a382:	48 8b 2d 77 30 1a 00 	mov    0x1a3077(%rip),%rbp        # 30bd400 <_DYNAMIC+0x248>
 2f1a389:	49 bd 00 00 00 00 00 	movabs $0x8000000000000000,%r13
 2f1a390:	00 00 80 
 2f1a393:	e9 18 04 00 00       	jmp    2f1a7b0 <_ZN10litchi_cfb4file16OleFile$LT$R$GT$14load_directory17he542c168c4b70583E+0x1720>
 2f1a398:	48 8d 84 24 d2 01 00 	lea    0x1d2(%rsp),%rax
 2f1a39f:	00 
 2f1a3a0:	f3 0f 6f 40 06       	movdqu 0x6(%rax),%xmm0
 2f1a3a5:	66 0f 7f 84 24 10 06 	movdqa %xmm0,0x610(%rsp)
 2f1a3ac:	00 00 
 2f1a3ae:	48 c7 84 24 80 03 00 	movq   $0x0,0x380(%rsp)
 2f1a3b5:	00 00 00 00 00 
 2f1a3ba:	48 c7 84 24 88 03 00 	movq   $0x1,0x388(%rsp)
 2f1a3c1:	00 01 00 00 00 
 2f1a3c6:	48 c7 84 24 90 03 00 	movq   $0x0,0x390(%rsp)
 2f1a3cd:	00 00 00 00 00 
 2f1a3d2:	48 c7 84 24 a8 03 00 	movq   $0x60000020,0x3a8(%rsp)
 2f1a3d9:	00 20 00 00 60 
 2f1a3de:	48 8d 84 24 80 03 00 	lea    0x380(%rsp),%rax
 2f1a3e5:	00 
 2f1a3e6:	48 89 84 24 98 03 00 	mov    %rax,0x398(%rsp)
 2f1a3ed:	00 
 2f1a3ee:	48 8d 05 63 8e 19 00 	lea    0x198e63(%rip),%rax        # 30b3258 <anon.d00dbc7dc7a2f97f576ff7feddf84097.1.llvm.9674563019715341993+0x170>
 2f1a3f5:	48 89 84 24 a0 03 00 	mov    %rax,0x3a0(%rsp)
 2f1a3fc:	00 
 2f1a3fd:	48 8d bc 24 10 06 00 	lea    0x610(%rsp),%rdi
 2f1a404:	00 
 2f1a405:	48 8d b4 24 98 03 00 	lea    0x398(%rsp),%rsi
 2f1a40c:	00 
 2f1a40d:	ff 15 25 86 1a 00    	call   *0x1a8625(%rip)        # 30c2a38 <_DYNAMIC+0x5880>
 2f1a413:	84 c0                	test   %al,%al
 2f1a415:	48 8b 2d e4 2f 1a 00 	mov    0x1a2fe4(%rip),%rbp        # 30bd400 <_DYNAMIC+0x248>
 2f1a41c:	49 bd 00 00 00 00 00 	movabs $0x8000000000000000,%r13
 2f1a423:	00 00 80 
 2f1a426:	0f 85 3f 06 00 00    	jne    2f1aa6b <_ZN10litchi_cfb4file16OleFile$LT$R$GT$14load_directory17he542c168c4b70583E+0x19db>
 2f1a42c:	48 8b 84 24 90 03 00 	mov    0x390(%rsp),%rax
 2f1a433:	00 
 2f1a434:	f3 0f 6f 84 24 80 03 	movdqu 0x380(%rsp),%xmm0
 2f1a43b:	00 00 
 2f1a43d:	66 0f 7f 84 24 c0 04 	movdqa %xmm0,0x4c0(%rsp)
 2f1a444:	00 00 
 2f1a446:	48 89 84 24 d0 04 00 	mov    %rax,0x4d0(%rsp)
 2f1a44d:	00 
 2f1a44e:	48 8d 8c 24 90 00 00 	lea    0x90(%rsp),%rcx
 2f1a455:	00 
 2f1a456:	48 89 41 10          	mov    %rax,0x10(%rcx)
 2f1a45a:	f3 0f 7f 01          	movdqu %xmm0,(%rcx)
 2f1a45e:	4d 85 ff             	test   %r15,%r15
 2f1a461:	0f 85 36 03 00 00    	jne    2f1a79d <_ZN10litchi_cfb4file16OleFile$LT$R$GT$14load_directory17he542c168c4b70583E+0x170d>
 2f1a467:	e9 44 03 00 00       	jmp    2f1a7b0 <_ZN10litchi_cfb4file16OleFile$LT$R$GT$14load_directory17he542c168c4b70583E+0x1720>
 2f1a46c:	48 8d 84 24 80 03 00 	lea    0x380(%rsp),%rax
 2f1a473:	00 
 2f1a474:	48 89 84 24 98 03 00 	mov    %rax,0x398(%rsp)
 2f1a47b:	00 
 2f1a47c:	48 8b 05 7d 78 1a 00 	mov    0x1a787d(%rip),%rax        # 30c1d00 <_DYNAMIC+0x4b48>
 2f1a483:	48 89 84 24 a0 03 00 	mov    %rax,0x3a0(%rsp)
 2f1a48a:	00 
 2f1a48b:	48 8d 35 24 e2 1c fd 	lea    -0x2e31ddc(%rip),%rsi        # e86b6 <anon.329804da5c085d6b9b3a63161478db6e.180.llvm.17923441514424368298+0x1fa>
 2f1a492:	48 8d 94 24 98 03 00 	lea    0x398(%rsp),%rdx
 2f1a499:	00 
 2f1a49a:	48 8d bc 24 d8 01 00 	lea    0x1d8(%rsp),%rdi
 2f1a4a1:	00 
 2f1a4a2:	ff 15 18 33 1a 00    	call   *0x1a3318(%rip)        # 30bd7c0 <_DYNAMIC+0x608>
 2f1a4a8:	0f b6 84 24 d8 01 00 	movzbl 0x1d8(%rsp),%eax
 2f1a4af:	00 
 2f1a4b0:	48 8d 8c 24 d2 01 00 	lea    0x1d2(%rsp),%rcx
 2f1a4b7:	00 
 2f1a4b8:	0f 10 41 07          	movups 0x7(%rcx),%xmm0
 2f1a4bc:	0f 10 49 16          	movups 0x16(%rcx),%xmm1
 2f1a4c0:	48 8d 8c 24 90 00 00 	lea    0x90(%rsp),%rcx
 2f1a4c7:	00 
 2f1a4c8:	0f 11 49 10          	movups %xmm1,0x10(%rcx)
 2f1a4cc:	0f 11 41 01          	movups %xmm0,0x1(%rcx)
 2f1a4d0:	88 84 24 90 00 00 00 	mov    %al,0x90(%rsp)
 2f1a4d7:	e9 5c 02 00 00       	jmp    2f1a738 <_ZN10litchi_cfb4file16OleFile$LT$R$GT$14load_directory17he542c168c4b70583E+0x16a8>
 2f1a4dc:	48 8d bc 24 a0 02 00 	lea    0x2a0(%rsp),%rdi
 2f1a4e3:	00 
 2f1a4e4:	e8 07 8c 00 00       	call   2f230f0 <_ZN10litchi_cfb4file26checked_directory_data_len28_$u7b$$u7b$closure$u7d$$u7d$17h309d87d226a0bad4E>
 2f1a4e9:	48 8b 84 24 a0 02 00 	mov    0x2a0(%rsp),%rax
 2f1a4f0:	00 
 2f1a4f1:	48 8b 8c 24 a8 02 00 	mov    0x2a8(%rsp),%rcx
 2f1a4f8:	00 
 2f1a4f9:	48 89 4c 24 48       	mov    %rcx,0x48(%rsp)
 2f1a4fe:	48 83 f8 0b          	cmp    $0xb,%rax
 2f1a502:	0f 84 82 ec ff ff    	je     2f1918a <_ZN10litchi_cfb4file16OleFile$LT$R$GT$14load_directory17he542c168c4b70583E+0xfa>
 2f1a508:	48 8b 8c 24 c0 02 00 	mov    0x2c0(%rsp),%rcx
 2f1a50f:	00 
 2f1a510:	49 89 4c 24 20       	mov    %rcx,0x20(%r12)
 2f1a515:	f3 0f 6f 84 24 b0 02 	movdqu 0x2b0(%rsp),%xmm0
 2f1a51c:	00 00 
 2f1a51e:	f3 41 0f 7f 44 24 10 	movdqu %xmm0,0x10(%r12)
 2f1a525:	49 89 04 24          	mov    %rax,(%r12)
 2f1a529:	48 8b 44 24 48       	mov    0x48(%rsp),%rax
 2f1a52e:	49 89 44 24 08       	mov    %rax,0x8(%r12)
 2f1a533:	e9 83 ec ff ff       	jmp    2f191bb <_ZN10litchi_cfb4file16OleFile$LT$R$GT$14load_directory17he542c168c4b70583E+0x12b>
 2f1a538:	48 8d 44 24 0c       	lea    0xc(%rsp),%rax
 2f1a53d:	48 89 84 24 d0 01 00 	mov    %rax,0x1d0(%rsp)
 2f1a544:	00 
 2f1a545:	48 8b 05 c4 31 1a 00 	mov    0x1a31c4(%rip),%rax        # 30bd710 <_DYNAMIC+0x558>
 2f1a54c:	48 89 84 24 d8 01 00 	mov    %rax,0x1d8(%rsp)
 2f1a553:	00 
 2f1a554:	48 8d 35 94 2c 1b fd 	lea    -0x2e4d36c(%rip),%rsi        # cd1ef <anon.22176c22f6346405fe219ec8fa6a6e93.34.llvm.4447554940697598293+0xed>
 2f1a55b:	48 8d bc 24 80 06 00 	lea    0x680(%rsp),%rdi
 2f1a562:	00 
 2f1a563:	48 8d 94 24 d0 01 00 	lea    0x1d0(%rsp),%rdx
 2f1a56a:	00 
 2f1a56b:	ff 15 4f 32 1a 00    	call   *0x1a324f(%rip)        # 30bd7c0 <_DYNAMIC+0x608>
 2f1a571:	48 8b 84 24 90 06 00 	mov    0x690(%rsp),%rax
 2f1a578:	00 
 2f1a579:	48 8d 8c 24 90 00 00 	lea    0x90(%rsp),%rcx
 2f1a580:	00 
 2f1a581:	48 89 41 10          	mov    %rax,0x10(%rcx)
 2f1a585:	f3 0f 6f 84 24 80 06 	movdqu 0x680(%rsp),%xmm0
 2f1a58c:	00 00 
 2f1a58e:	e9 a1 01 00 00       	jmp    2f1a734 <_ZN10litchi_cfb4file16OleFile$LT$R$GT$14load_directory17he542c168c4b70583E+0x16a4>
 2f1a593:	48 8d 84 24 12 04 00 	lea    0x412(%rsp),%rax
 2f1a59a:	00 
 2f1a59b:	48 89 84 24 d0 01 00 	mov    %rax,0x1d0(%rsp)
 2f1a5a2:	00 
 2f1a5a3:	48 8b 05 56 77 1a 00 	mov    0x1a7756(%rip),%rax        # 30c1d00 <_DYNAMIC+0x4b48>
 2f1a5aa:	48 89 84 24 d8 01 00 	mov    %rax,0x1d8(%rsp)
 2f1a5b1:	00 
 2f1a5b2:	48 8d 44 24 0c       	lea    0xc(%rsp),%rax
 2f1a5b7:	48 89 84 24 e0 01 00 	mov    %rax,0x1e0(%rsp)
 2f1a5be:	00 
 2f1a5bf:	48 8b 05 4a 31 1a 00 	mov    0x1a314a(%rip),%rax        # 30bd710 <_DYNAMIC+0x558>
 2f1a5c6:	48 89 84 24 e8 01 00 	mov    %rax,0x1e8(%rsp)
 2f1a5cd:	00 
 2f1a5ce:	48 8d 35 05 49 1a fd 	lea    -0x2e5b6fb(%rip),%rsi        # beeda <anon.fe21f686ecc9c6db7577757d05467d2e.535.llvm.14939676856770229077+0x825>
 2f1a5d5:	48 8d 94 24 d0 01 00 	lea    0x1d0(%rsp),%rdx
 2f1a5dc:	00 
 2f1a5dd:	48 8d bc 24 90 00 00 	lea    0x90(%rsp),%rdi
 2f1a5e4:	00 
 2f1a5e5:	ff 15 d5 31 1a 00    	call   *0x1a31d5(%rip)        # 30bd7c0 <_DYNAMIC+0x608>
 2f1a5eb:	48 8b 2d 0e 2e 1a 00 	mov    0x1a2e0e(%rip),%rbp        # 30bd400 <_DYNAMIC+0x248>
 2f1a5f2:	49 bd 00 00 00 00 00 	movabs $0x8000000000000000,%r13
 2f1a5f9:	00 00 80 
 2f1a5fc:	e9 d3 01 00 00       	jmp    2f1a7d4 <_ZN10litchi_cfb4file16OleFile$LT$R$GT$14load_directory17he542c168c4b70583E+0x1744>
 2f1a601:	48 8d 44 24 0c       	lea    0xc(%rsp),%rax
 2f1a606:	48 89 84 24 d0 01 00 	mov    %rax,0x1d0(%rsp)
 2f1a60d:	00 
 2f1a60e:	48 8b 05 fb 30 1a 00 	mov    0x1a30fb(%rip),%rax        # 30bd710 <_DYNAMIC+0x558>
 2f1a615:	48 89 84 24 d8 01 00 	mov    %rax,0x1d8(%rsp)
 2f1a61c:	00 
 2f1a61d:	48 8d 35 80 48 1a fd 	lea    -0x2e5b780(%rip),%rsi        # beea4 <anon.fe21f686ecc9c6db7577757d05467d2e.535.llvm.14939676856770229077+0x7ef>
 2f1a624:	48 8d 94 24 d0 01 00 	lea    0x1d0(%rsp),%rdx
 2f1a62b:	00 
 2f1a62c:	48 8d bc 24 90 00 00 	lea    0x90(%rsp),%rdi
 2f1a633:	00 
 2f1a634:	ff 15 86 31 1a 00    	call   *0x1a3186(%rip)        # 30bd7c0 <_DYNAMIC+0x608>
 2f1a63a:	48 8b 2d bf 2d 1a 00 	mov    0x1a2dbf(%rip),%rbp        # 30bd400 <_DYNAMIC+0x248>
 2f1a641:	49 bd 00 00 00 00 00 	movabs $0x8000000000000000,%r13
 2f1a648:	00 00 80 
 2f1a64b:	e9 84 01 00 00       	jmp    2f1a7d4 <_ZN10litchi_cfb4file16OleFile$LT$R$GT$14load_directory17he542c168c4b70583E+0x1744>
 2f1a650:	41 80 bf c9 00 00 00 	cmpb   $0x5,0xc9(%r15)
 2f1a657:	05 
 2f1a658:	75 3f                	jne    2f1a699 <_ZN10litchi_cfb4file16OleFile$LT$R$GT$14load_directory17he542c168c4b70583E+0x1609>
 2f1a65a:	49 83 7f 10 0a       	cmpq   $0xa,0x10(%r15)
 2f1a65f:	75 38                	jne    2f1a699 <_ZN10litchi_cfb4file16OleFile$LT$R$GT$14load_directory17he542c168c4b70583E+0x1609>
 2f1a661:	49 8b 47 08          	mov    0x8(%r15),%rax
 2f1a665:	48 b9 52 6f 6f 74 20 	movabs $0x746e4520746f6f52,%rcx
 2f1a66c:	45 6e 74 
 2f1a66f:	48 33 08             	xor    (%rax),%rcx
 2f1a672:	0f b7 40 08          	movzwl 0x8(%rax),%eax
 2f1a676:	48 35 72 79 00 00    	xor    $0x7972,%rax
 2f1a67c:	48 09 c8             	or     %rcx,%rax
 2f1a67f:	75 18                	jne    2f1a699 <_ZN10litchi_cfb4file16OleFile$LT$R$GT$14load_directory17he542c168c4b70583E+0x1609>
 2f1a681:	41 83 bf bc 00 00 00 	cmpl   $0xffffffff,0xbc(%r15)
 2f1a688:	ff 
 2f1a689:	75 0e                	jne    2f1a699 <_ZN10litchi_cfb4file16OleFile$LT$R$GT$14load_directory17he542c168c4b70583E+0x1609>
 2f1a68b:	41 83 bf c0 00 00 00 	cmpl   $0xffffffff,0xc0(%r15)
 2f1a692:	ff 
 2f1a693:	0f 84 69 02 00 00    	je     2f1a902 <_ZN10litchi_cfb4file16OleFile$LT$R$GT$14load_directory17he542c168c4b70583E+0x1872>
 2f1a699:	ff 15 b1 2d 1a 00    	call   *0x1a2db1(%rip)        # 30bd450 <_DYNAMIC+0x298>
 2f1a69f:	bb 20 00 00 00       	mov    $0x20,%ebx
 2f1a6a4:	bf 20 00 00 00       	mov    $0x20,%edi
 2f1a6a9:	be 01 00 00 00       	mov    $0x1,%esi
 2f1a6ae:	ff 15 a4 2d 1a 00    	call   *0x1a2da4(%rip)        # 30bd458 <_DYNAMIC+0x2a0>
 2f1a6b4:	48 85 c0             	test   %rax,%rax
 2f1a6b7:	0f 84 bb 0b 00 00    	je     2f1b278 <_ZN10litchi_cfb4file16OleFile$LT$R$GT$14load_directory17he542c168c4b70583E+0x21e8>
 2f1a6bd:	49 89 c4             	mov    %rax,%r12
 2f1a6c0:	0f 10 05 09 59 1e fd 	movups -0x2e1a6f7(%rip),%xmm0        # fffd0 <anon.f58fd6ae68a70fa60fd512eecf2ecae8.160.llvm.12153878849069976637+0x1d0>
 2f1a6c7:	0f 11 40 10          	movups %xmm0,0x10(%rax)
 2f1a6cb:	0f 10 05 ee 58 1e fd 	movups -0x2e1a712(%rip),%xmm0        # fffc0 <anon.f58fd6ae68a70fa60fd512eecf2ecae8.160.llvm.12153878849069976637+0x1c0>
 2f1a6d2:	0f 11 00             	movups %xmm0,(%rax)
 2f1a6d5:	bb 20 00 00 00       	mov    $0x20,%ebx
 2f1a6da:	e9 0d fb ff ff       	jmp    2f1a1ec <_ZN10litchi_cfb4file16OleFile$LT$R$GT$14load_directory17he542c168c4b70583E+0x115c>
 2f1a6df:	48 8d 44 24 0c       	lea    0xc(%rsp),%rax
 2f1a6e4:	48 89 84 24 d0 01 00 	mov    %rax,0x1d0(%rsp)
 2f1a6eb:	00 
 2f1a6ec:	48 8b 05 1d 30 1a 00 	mov    0x1a301d(%rip),%rax        # 30bd710 <_DYNAMIC+0x558>
 2f1a6f3:	48 89 84 24 d8 01 00 	mov    %rax,0x1d8(%rsp)
 2f1a6fa:	00 
 2f1a6fb:	48 8d 35 cd b8 1a fd 	lea    -0x2e54733(%rip),%rsi        # c5fcf <anon.21e2a4f74a57587c30e0ac70f2b58397.162.llvm.17304425576935058246+0x1c4>
 2f1a702:	48 8d bc 24 98 06 00 	lea    0x698(%rsp),%rdi
 2f1a709:	00 
 2f1a70a:	48 8d 94 24 d0 01 00 	lea    0x1d0(%rsp),%rdx
 2f1a711:	00 
 2f1a712:	ff 15 a8 30 1a 00    	call   *0x1a30a8(%rip)        # 30bd7c0 <_DYNAMIC+0x608>
 2f1a718:	48 8b 84 24 a8 06 00 	mov    0x6a8(%rsp),%rax
 2f1a71f:	00 
 2f1a720:	48 8d 8c 24 90 00 00 	lea    0x90(%rsp),%rcx
 2f1a727:	00 
 2f1a728:	48 89 41 10          	mov    %rax,0x10(%rcx)
 2f1a72c:	0f 10 84 24 98 06 00 	movups 0x698(%rsp),%xmm0
 2f1a733:	00 
 2f1a734:	f3 0f 7f 01          	movdqu %xmm0,(%rcx)
 2f1a738:	48 8b 2d c1 2c 1a 00 	mov    0x1a2cc1(%rip),%rbp        # 30bd400 <_DYNAMIC+0x248>
 2f1a73f:	49 bd 00 00 00 00 00 	movabs $0x8000000000000000,%r13
 2f1a746:	00 00 80 
 2f1a749:	48 8b b4 24 70 01 00 	mov    0x170(%rsp),%rsi
 2f1a750:	00 
 2f1a751:	48 83 fe 21          	cmp    $0x21,%rsi
 2f1a755:	72 16                	jb     2f1a76d <_ZN10litchi_cfb4file16OleFile$LT$R$GT$14load_directory17he542c168c4b70583E+0x16dd>
 2f1a757:	48 8b bc 24 20 05 00 	mov    0x520(%rsp),%rdi
 2f1a75e:	00 
 2f1a75f:	48 01 f6             	add    %rsi,%rsi
 2f1a762:	ba 02 00 00 00       	mov    $0x2,%edx
 2f1a767:	ff 15 93 2c 1a 00    	call   *0x1a2c93(%rip)        # 30bd400 <_DYNAMIC+0x248>
 2f1a76d:	48 8b b4 24 a8 05 00 	mov    0x5a8(%rsp),%rsi
 2f1a774:	00 
 2f1a775:	48 83 fe 21          	cmp    $0x21,%rsi
 2f1a779:	72 1d                	jb     2f1a798 <_ZN10litchi_cfb4file16OleFile$LT$R$GT$14load_directory17he542c168c4b70583E+0x1708>
 2f1a77b:	48 8b bc 24 70 05 00 	mov    0x570(%rsp),%rdi
 2f1a782:	00 
 2f1a783:	48 01 f6             	add    %rsi,%rsi
 2f1a786:	ba 02 00 00 00       	mov    $0x2,%edx
 2f1a78b:	ff 15 6f 2c 1a 00    	call   *0x1a2c6f(%rip)        # 30bd400 <_DYNAMIC+0x248>
 2f1a791:	4d 85 ff             	test   %r15,%r15
 2f1a794:	75 07                	jne    2f1a79d <_ZN10litchi_cfb4file16OleFile$LT$R$GT$14load_directory17he542c168c4b70583E+0x170d>
 2f1a796:	eb 18                	jmp    2f1a7b0 <_ZN10litchi_cfb4file16OleFile$LT$R$GT$14load_directory17he542c168c4b70583E+0x1720>
 2f1a798:	4d 85 ff             	test   %r15,%r15
 2f1a79b:	74 13                	je     2f1a7b0 <_ZN10litchi_cfb4file16OleFile$LT$R$GT$14load_directory17he542c168c4b70583E+0x1720>
 2f1a79d:	ba 01 00 00 00       	mov    $0x1,%edx
 2f1a7a2:	48 8b 7c 24 10       	mov    0x10(%rsp),%rdi
 2f1a7a7:	4c 89 fe             	mov    %r15,%rsi
 2f1a7aa:	ff 15 50 2c 1a 00    	call   *0x1a2c50(%rip)        # 30bd400 <_DYNAMIC+0x248>
 2f1a7b0:	48 8b b4 24 c0 01 00 	mov    0x1c0(%rsp),%rsi
 2f1a7b7:	00 
 2f1a7b8:	48 83 fe 21          	cmp    $0x21,%rsi
 2f1a7bc:	72 16                	jb     2f1a7d4 <_ZN10litchi_cfb4file16OleFile$LT$R$GT$14load_directory17he542c168c4b70583E+0x1744>
 2f1a7be:	48 8b bc 24 88 01 00 	mov    0x188(%rsp),%rdi
 2f1a7c5:	00 
 2f1a7c6:	48 01 f6             	add    %rsi,%rsi
 2f1a7c9:	ba 02 00 00 00       	mov    $0x2,%edx
 2f1a7ce:	ff 15 2c 2c 1a 00    	call   *0x1a2c2c(%rip)        # 30bd400 <_DYNAMIC+0x248>
 2f1a7d4:	48 8b 9c 24 90 00 00 	mov    0x90(%rsp),%rbx
 2f1a7db:	00 
 2f1a7dc:	4c 8b a4 24 98 00 00 	mov    0x98(%rsp),%r12
 2f1a7e3:	00 
 2f1a7e4:	f3 0f 6f 84 24 a0 00 	movdqu 0xa0(%rsp),%xmm0
 2f1a7eb:	00 00 
 2f1a7ed:	b8 08 00 00 00       	mov    $0x8,%eax
 2f1a7f2:	48 89 04 24          	mov    %rax,(%rsp)
 2f1a7f6:	4c 8b bc 24 68 01 00 	mov    0x168(%rsp),%r15
 2f1a7fd:	00 
 2f1a7fe:	4d 85 ff             	test   %r15,%r15
 2f1a801:	66 0f 7f 44 24 10    	movdqa %xmm0,0x10(%rsp)
 2f1a807:	0f 84 f8 01 00 00    	je     2f1aa05 <_ZN10litchi_cfb4file16OleFile$LT$R$GT$14load_directory17he542c168c4b70583E+0x1975>
 2f1a80d:	4c 8b b4 24 60 01 00 	mov    0x160(%rsp),%r14
 2f1a814:	00 
 2f1a815:	eb 10                	jmp    2f1a827 <_ZN10litchi_cfb4file16OleFile$LT$R$GT$14load_directory17he542c168c4b70583E+0x1797>
 2f1a817:	49 81 c6 d0 00 00 00 	add    $0xd0,%r14
 2f1a81e:	49 ff cf             	dec    %r15
 2f1a821:	0f 84 de 01 00 00    	je     2f1aa05 <_ZN10litchi_cfb4file16OleFile$LT$R$GT$14load_directory17he542c168c4b70583E+0x1975>
 2f1a827:	49 8b 36             	mov    (%r14),%rsi
 2f1a82a:	4c 39 ee             	cmp    %r13,%rsi
 2f1a82d:	74 e8                	je     2f1a817 <_ZN10litchi_cfb4file16OleFile$LT$R$GT$14load_directory17he542c168c4b70583E+0x1787>
 2f1a82f:	48 85 f6             	test   %rsi,%rsi
 2f1a832:	74 11                	je     2f1a845 <_ZN10litchi_cfb4file16OleFile$LT$R$GT$14load_directory17he542c168c4b70583E+0x17b5>
 2f1a834:	49 8b 7e 08          	mov    0x8(%r14),%rdi
 2f1a838:	ba 01 00 00 00       	mov    $0x1,%edx
 2f1a83d:	ff d5                	call   *%rbp
 2f1a83f:	66 0f 6f 44 24 10    	movdqa 0x10(%rsp),%xmm0
 2f1a845:	49 8b 76 60          	mov    0x60(%r14),%rsi
 2f1a849:	48 83 fe 21          	cmp    $0x21,%rsi
 2f1a84d:	72 14                	jb     2f1a863 <_ZN10litchi_cfb4file16OleFile$LT$R$GT$14load_directory17he542c168c4b70583E+0x17d3>
 2f1a84f:	49 8b 7e 28          	mov    0x28(%r14),%rdi
 2f1a853:	48 01 f6             	add    %rsi,%rsi
 2f1a856:	ba 02 00 00 00       	mov    $0x2,%edx
 2f1a85b:	ff d5                	call   *%rbp
 2f1a85d:	66 0f 6f 44 24 10    	movdqa 0x10(%rsp),%xmm0
 2f1a863:	49 8b b6 b0 00 00 00 	mov    0xb0(%r14),%rsi
 2f1a86a:	48 83 fe 21          	cmp    $0x21,%rsi
 2f1a86e:	72 a7                	jb     2f1a817 <_ZN10litchi_cfb4file16OleFile$LT$R$GT$14load_directory17he542c168c4b70583E+0x1787>
 2f1a870:	49 8b 7e 78          	mov    0x78(%r14),%rdi
 2f1a874:	48 01 f6             	add    %rsi,%rsi
 2f1a877:	ba 02 00 00 00       	mov    $0x2,%edx
 2f1a87c:	ff d5                	call   *%rbp
 2f1a87e:	66 0f 6f 44 24 10    	movdqa 0x10(%rsp),%xmm0
 2f1a884:	eb 91                	jmp    2f1a817 <_ZN10litchi_cfb4file16OleFile$LT$R$GT$14load_directory17he542c168c4b70583E+0x1787>
 2f1a886:	49 bd 00 00 00 00 00 	movabs $0x8000000000000000,%r13
 2f1a88d:	00 00 80 
 2f1a890:	ff 15 ba 2b 1a 00    	call   *0x1a2bba(%rip)        # 30bd450 <_DYNAMIC+0x298>
 2f1a896:	bf 1e 00 00 00       	mov    $0x1e,%edi
 2f1a89b:	be 01 00 00 00       	mov    $0x1,%esi
 2f1a8a0:	ff 15 b2 2b 1a 00    	call   *0x1a2bb2(%rip)        # 30bd458 <_DYNAMIC+0x2a0>
 2f1a8a6:	48 85 c0             	test   %rax,%rax
 2f1a8a9:	0f 84 c7 10 00 00    	je     2f1b976 <_ZN10litchi_cfb4file16OleFile$LT$R$GT$14load_directory17he542c168c4b70583E+0x28e6>
 2f1a8af:	0f 10 05 d7 76 61 fd 	movups -0x29e8929(%rip),%xmm0        # 531f8d <anon.e0572dd12dce1d6d78420bf0a335603a.8.llvm.17154920839617733857+0x11ca>
 2f1a8b6:	0f 11 40 0e          	movups %xmm0,0xe(%rax)
 2f1a8ba:	0f 10 05 be 76 61 fd 	movups -0x29e8942(%rip),%xmm0        # 531f7f <anon.e0572dd12dce1d6d78420bf0a335603a.8.llvm.17154920839617733857+0x11bc>
 2f1a8c1:	0f 11 00             	movups %xmm0,(%rax)
 2f1a8c4:	48 c7 84 24 90 00 00 	movq   $0x1e,0x90(%rsp)
 2f1a8cb:	00 1e 00 00 00 
 2f1a8d0:	48 89 84 24 98 00 00 	mov    %rax,0x98(%rsp)
 2f1a8d7:	00 
 2f1a8d8:	48 c7 84 24 a0 00 00 	movq   $0x1e,0xa0(%rsp)
 2f1a8df:	00 1e 00 00 00 
 2f1a8e4:	48 8b 2d 15 2b 1a 00 	mov    0x1a2b15(%rip),%rbp        # 30bd400 <_DYNAMIC+0x248>
 2f1a8eb:	48 8b b4 24 70 01 00 	mov    0x170(%rsp),%rsi
 2f1a8f2:	00 
 2f1a8f3:	48 83 fe 21          	cmp    $0x21,%rsi
 2f1a8f7:	0f 83 5a fe ff ff    	jae    2f1a757 <_ZN10litchi_cfb4file16OleFile$LT$R$GT$14load_directory17he542c168c4b70583E+0x16c7>
 2f1a8fd:	e9 6b fe ff ff       	jmp    2f1a76d <_ZN10litchi_cfb4file16OleFile$LT$R$GT$14load_directory17he542c168c4b70583E+0x16dd>
 2f1a902:	48 8d 15 bd 75 61 fd 	lea    -0x29e8a43(%rip),%rdx        # 531ec6 <anon.e0572dd12dce1d6d78420bf0a335603a.8.llvm.17154920839617733857+0x1103>
 2f1a909:	48 8d bc 24 80 00 00 	lea    0x80(%rsp),%rdi
 2f1a910:	00 
 2f1a911:	b9 17 00 00 00       	mov    $0x17,%ecx
 2f1a916:	ff 15 f4 80 1a 00    	call   *0x1a80f4(%rip)        # 30c2a10 <_DYNAMIC+0x5858>
 2f1a91c:	48 8b 84 24 80 00 00 	mov    0x80(%rsp),%rax
 2f1a923:	00 
 2f1a924:	48 8b 9c 24 88 00 00 	mov    0x88(%rsp),%rbx
 2f1a92b:	00 
 2f1a92c:	4c 8b a4 24 90 00 00 	mov    0x90(%rsp),%r12
 2f1a933:	00 
 2f1a934:	f3 0f 6f 84 24 98 00 	movdqu 0x98(%rsp),%xmm0
 2f1a93b:	00 00 
 2f1a93d:	66 0f 7f 44 24 10    	movdqa %xmm0,0x10(%rsp)
 2f1a943:	48 89 04 24          	mov    %rax,(%rsp)
 2f1a947:	48 83 f8 0b          	cmp    $0xb,%rax
 2f1a94b:	0f 85 90 00 00 00    	jne    2f1a9e1 <_ZN10litchi_cfb4file16OleFile$LT$R$GT$14load_directory17he542c168c4b70583E+0x1951>
 2f1a951:	48 89 9c 24 10 05 00 	mov    %rbx,0x510(%rsp)
 2f1a958:	00 
 2f1a959:	4c 89 a4 24 18 05 00 	mov    %r12,0x518(%rsp)
 2f1a960:	00 
 2f1a961:	66 0f 6f 44 24 10    	movdqa 0x10(%rsp),%xmm0
 2f1a967:	f3 0f 7f 84 24 20 05 	movdqu %xmm0,0x520(%rsp)
 2f1a96e:	00 00 
 2f1a970:	48 8d bc 24 80 00 00 	lea    0x80(%rsp),%rdi
 2f1a977:	00 
 2f1a978:	48 8d b4 24 10 05 00 	lea    0x510(%rsp),%rsi
 2f1a97f:	00 
 2f1a980:	31 d2                	xor    %edx,%edx
 2f1a982:	ff 15 98 80 1a 00    	call   *0x1a8098(%rip)        # 30c2a20 <_DYNAMIC+0x5868>
 2f1a988:	48 8b 84 24 80 00 00 	mov    0x80(%rsp),%rax
 2f1a98f:	00 
 2f1a990:	48 89 04 24          	mov    %rax,(%rsp)
 2f1a994:	48 83 f8 0b          	cmp    $0xb,%rax
 2f1a998:	0f 84 f7 00 00 00    	je     2f1aa95 <_ZN10litchi_cfb4file16OleFile$LT$R$GT$14load_directory17he542c168c4b70583E+0x1a05>
 2f1a99e:	48 8b 9c 24 88 00 00 	mov    0x88(%rsp),%rbx
 2f1a9a5:	00 
 2f1a9a6:	4c 8b a4 24 90 00 00 	mov    0x90(%rsp),%r12
 2f1a9ad:	00 
 2f1a9ae:	f3 0f 6f 84 24 98 00 	movdqu 0x98(%rsp),%xmm0
 2f1a9b5:	00 00 
 2f1a9b7:	66 0f 7f 44 24 10    	movdqa %xmm0,0x10(%rsp)
 2f1a9bd:	48 8b b4 24 10 05 00 	mov    0x510(%rsp),%rsi
 2f1a9c4:	00 
 2f1a9c5:	48 85 f6             	test   %rsi,%rsi
 2f1a9c8:	74 17                	je     2f1a9e1 <_ZN10litchi_cfb4file16OleFile$LT$R$GT$14load_directory17he542c168c4b70583E+0x1951>
 2f1a9ca:	48 8b bc 24 18 05 00 	mov    0x518(%rsp),%rdi
 2f1a9d1:	00 
 2f1a9d2:	48 c1 e6 03          	shl    $0x3,%rsi
 2f1a9d6:	ba 08 00 00 00       	mov    $0x8,%edx
 2f1a9db:	ff 15 1f 2a 1a 00    	call   *0x1a2a1f(%rip)        # 30bd400 <_DYNAMIC+0x248>
 2f1a9e1:	48 8b 2d 18 2a 1a 00 	mov    0x1a2a18(%rip),%rbp        # 30bd400 <_DYNAMIC+0x248>
 2f1a9e8:	66 0f 6f 44 24 10    	movdqa 0x10(%rsp),%xmm0
 2f1a9ee:	4c 8b bc 24 68 01 00 	mov    0x168(%rsp),%r15
 2f1a9f5:	00 
 2f1a9f6:	4d 85 ff             	test   %r15,%r15
 2f1a9f9:	66 0f 7f 44 24 10    	movdqa %xmm0,0x10(%rsp)
 2f1a9ff:	0f 85 08 fe ff ff    	jne    2f1a80d <_ZN10litchi_cfb4file16OleFile$LT$R$GT$14load_directory17he542c168c4b70583E+0x177d>
 2f1aa05:	48 8b 84 24 58 01 00 	mov    0x158(%rsp),%rax
 2f1aa0c:	00 
 2f1aa0d:	48 85 c0             	test   %rax,%rax
 2f1aa10:	74 20                	je     2f1aa32 <_ZN10litchi_cfb4file16OleFile$LT$R$GT$14load_directory17he542c168c4b70583E+0x19a2>
 2f1aa12:	48 8b bc 24 60 01 00 	mov    0x160(%rsp),%rdi
 2f1aa19:	00 
 2f1aa1a:	48 69 f0 d0 00 00 00 	imul   $0xd0,%rax,%rsi
 2f1aa21:	ba 08 00 00 00       	mov    $0x8,%edx
 2f1aa26:	ff 15 d4 29 1a 00    	call   *0x1a29d4(%rip)        # 30bd400 <_DYNAMIC+0x248>
 2f1aa2c:	66 0f 6f 44 24 10    	movdqa 0x10(%rsp),%xmm0
 2f1aa32:	4c 8b 74 24 38       	mov    0x38(%rsp),%r14
 2f1aa37:	48 8b 0c 24          	mov    (%rsp),%rcx
 2f1aa3b:	e9 4b ec ff ff       	jmp    2f1968b <_ZN10litchi_cfb4file16OleFile$LT$R$GT$14load_directory17he542c168c4b70583E+0x5fb>
 2f1aa40:	48 8d 15 21 87 19 00 	lea    0x198721(%rip),%rdx        # 30b3168 <anon.d00dbc7dc7a2f97f576ff7feddf84097.1.llvm.9674563019715341993+0x80>
 2f1aa47:	4c 89 ef             	mov    %r13,%rdi
 2f1aa4a:	4c 89 ee             	mov    %r13,%rsi
 2f1aa4d:	ff 15 dd 29 1a 00    	call   *0x1a29dd(%rip)        # 30bd430 <_DYNAMIC+0x278>
 2f1aa53:	e9 aa 11 00 00       	jmp    2f1bc02 <_ZN10litchi_cfb4file16OleFile$LT$R$GT$14load_directory17he542c168c4b70583E+0x2b72>
 2f1aa58:	bf 01 00 00 00       	mov    $0x1,%edi
 2f1aa5d:	48 89 de             	mov    %rbx,%rsi
 2f1aa60:	ff 15 22 2a 1a 00    	call   *0x1a2a22(%rip)        # 30bd488 <_DYNAMIC+0x2d0>
 2f1aa66:	e9 97 11 00 00       	jmp    2f1bc02 <_ZN10litchi_cfb4file16OleFile$LT$R$GT$14load_directory17he542c168c4b70583E+0x2b72>
 2f1aa6b:	48 8d 3d 38 77 61 fd 	lea    -0x29e88c8(%rip),%rdi        # 5321aa <anon.e0572dd12dce1d6d78420bf0a335603a.8.llvm.17154920839617733857+0x13e7>
 2f1aa72:	48 8d 0d 27 88 19 00 	lea    0x198827(%rip),%rcx        # 30b32a0 <anon.d00dbc7dc7a2f97f576ff7feddf84097.1.llvm.9674563019715341993+0x1b8>
 2f1aa79:	4c 8d 05 08 88 19 00 	lea    0x198808(%rip),%r8        # 30b3288 <anon.d00dbc7dc7a2f97f576ff7feddf84097.1.llvm.9674563019715341993+0x1a0>
 2f1aa80:	48 8d 54 24 7f       	lea    0x7f(%rsp),%rdx
 2f1aa85:	be 37 00 00 00       	mov    $0x37,%esi
 2f1aa8a:	ff 15 78 2d 1a 00    	call   *0x1a2d78(%rip)        # 30bd808 <_DYNAMIC+0x650>
 2f1aa90:	e9 6d 11 00 00       	jmp    2f1bc02 <_ZN10litchi_cfb4file16OleFile$LT$R$GT$14load_directory17he542c168c4b70583E+0x2b72>
 2f1aa95:	48 8d bc 24 80 00 00 	lea    0x80(%rsp),%rdi
 2f1aa9c:	00 
 2f1aa9d:	b8 01 00 00 00       	mov    $0x1,%eax
 2f1aaa2:	48 89 04 24          	mov    %rax,(%rsp)
 2f1aaa6:	ba 04 00 00 00       	mov    $0x4,%edx
 2f1aaab:	b9 01 00 00 00       	mov    $0x1,%ecx
 2f1aab0:	41 b8 04 00 00 00    	mov    $0x4,%r8d
 2f1aab6:	41 b9 04 00 00 00    	mov    $0x4,%r9d
 2f1aabc:	31 f6                	xor    %esi,%esi
 2f1aabe:	e8 7d c2 02 00       	call   2f46d40 <_ZN5alloc7raw_vec20RawVecInner$LT$A$GT$11finish_grow17h37c64ad1cb8e6711E.llvm.9576547150467988674>
 2f1aac3:	83 bc 24 80 00 00 00 	cmpl   $0x1,0x80(%rsp)
 2f1aaca:	01 
 2f1aacb:	75 21                	jne    2f1aaee <_ZN10litchi_cfb4file16OleFile$LT$R$GT$14load_directory17he542c168c4b70583E+0x1a5e>
 2f1aacd:	f3 0f 6f 84 24 88 00 	movdqu 0x88(%rsp),%xmm0
 2f1aad4:	00 00 
 2f1aad6:	66 0f 7f 44 24 10    	movdqa %xmm0,0x10(%rsp)
 2f1aadc:	48 8d 1d fa 73 61 fd 	lea    -0x29e8c06(%rip),%rbx        # 531edd <anon.e0572dd12dce1d6d78420bf0a335603a.8.llvm.17154920839617733857+0x111a>
 2f1aae3:	41 bc 19 00 00 00    	mov    $0x19,%r12d
 2f1aae9:	e9 cf fe ff ff       	jmp    2f1a9bd <_ZN10litchi_cfb4file16OleFile$LT$R$GT$14load_directory17he542c168c4b70583E+0x192d>
 2f1aaee:	48 8b 84 24 88 00 00 	mov    0x88(%rsp),%rax
 2f1aaf5:	00 
 2f1aaf6:	48 c7 84 24 78 01 00 	movq   $0x1,0x178(%rsp)
 2f1aafd:	00 01 00 00 00 
 2f1ab02:	48 89 84 24 80 01 00 	mov    %rax,0x180(%rsp)
 2f1ab09:	00 
 2f1ab0a:	48 c7 84 24 88 01 00 	movq   $0x0,0x188(%rsp)
 2f1ab11:	00 00 00 00 00 
 2f1ab16:	41 8b 97 c4 00 00 00 	mov    0xc4(%r15),%edx
 2f1ab1d:	48 8d 0d b9 73 61 fd 	lea    -0x29e8c47(%rip),%rcx        # 531edd <anon.e0572dd12dce1d6d78420bf0a335603a.8.llvm.17154920839617733857+0x111a>
 2f1ab24:	48 8d bc 24 80 00 00 	lea    0x80(%rsp),%rdi
 2f1ab2b:	00 
 2f1ab2c:	48 8d b4 24 78 01 00 	lea    0x178(%rsp),%rsi
 2f1ab33:	00 
 2f1ab34:	41 b8 19 00 00 00    	mov    $0x19,%r8d
 2f1ab3a:	e8 b1 92 00 00       	call   2f23df0 <_ZN10litchi_cfb4file8try_push17h004a98413b67070cE>
 2f1ab3f:	48 8b 84 24 80 00 00 	mov    0x80(%rsp),%rax
 2f1ab46:	00 
 2f1ab47:	48 89 04 24          	mov    %rax,(%rsp)
 2f1ab4b:	48 83 f8 0b          	cmp    $0xb,%rax
 2f1ab4f:	0f 85 b8 04 00 00    	jne    2f1b00d <_ZN10litchi_cfb4file16OleFile$LT$R$GT$14load_directory17he542c168c4b70583E+0x1f7d>
 2f1ab55:	48 8b 84 24 88 01 00 	mov    0x188(%rsp),%rax
 2f1ab5c:	00 
 2f1ab5d:	48 85 c0             	test   %rax,%rax
 2f1ab60:	0f 84 d5 03 00 00    	je     2f1af3b <_ZN10litchi_cfb4file16OleFile$LT$R$GT$14load_directory17he542c168c4b70583E+0x1eab>
 2f1ab66:	4c 8d bc 24 80 00 00 	lea    0x80(%rsp),%r15
 2f1ab6d:	00 
 2f1ab6e:	48 8d 48 ff          	lea    -0x1(%rax),%rcx
 2f1ab72:	48 89 8c 24 88 01 00 	mov    %rcx,0x188(%rsp)
 2f1ab79:	00 
 2f1ab7a:	48 8b 94 24 80 01 00 	mov    0x180(%rsp),%rdx
 2f1ab81:	00 
 2f1ab82:	44 8b 74 82 fc       	mov    -0x4(%rdx,%rax,4),%r14d
 2f1ab87:	41 83 fe ff          	cmp    $0xffffffff,%r14d
 2f1ab8b:	75 0d                	jne    2f1ab9a <_ZN10litchi_cfb4file16OleFile$LT$R$GT$14load_directory17he542c168c4b70583E+0x1b0a>
 2f1ab8d:	48 89 c8             	mov    %rcx,%rax
 2f1ab90:	48 85 c9             	test   %rcx,%rcx
 2f1ab93:	75 d9                	jne    2f1ab6e <_ZN10litchi_cfb4file16OleFile$LT$R$GT$14load_directory17he542c168c4b70583E+0x1ade>
 2f1ab95:	e9 a1 03 00 00       	jmp    2f1af3b <_ZN10litchi_cfb4file16OleFile$LT$R$GT$14load_directory17he542c168c4b70583E+0x1eab>
 2f1ab9a:	4c 89 ff             	mov    %r15,%rdi
 2f1ab9d:	e8 7e 83 00 00       	call   2f22f20 <_ZN10litchi_cfb4file21try_vec_with_capacity17h23e7d2bd31e56beaE>
 2f1aba2:	48 8b 84 24 80 00 00 	mov    0x80(%rsp),%rax
 2f1aba9:	00 
 2f1abaa:	48 8b 9c 24 88 00 00 	mov    0x88(%rsp),%rbx
 2f1abb1:	00 
 2f1abb2:	f3 0f 6f 84 24 90 00 	movdqu 0x90(%rsp),%xmm0
 2f1abb9:	00 00 
 2f1abbb:	48 89 04 24          	mov    %rax,(%rsp)
 2f1abbf:	48 83 f8 0b          	cmp    $0xb,%rax
 2f1abc3:	0f 85 b4 0c 00 00    	jne    2f1b87d <_ZN10litchi_cfb4file16OleFile$LT$R$GT$14load_directory17he542c168c4b70583E+0x27ed>
 2f1abc9:	48 89 9c 24 d0 03 00 	mov    %rbx,0x3d0(%rsp)
 2f1abd0:	00 
 2f1abd1:	f3 0f 7f 84 24 d8 03 	movdqu %xmm0,0x3d8(%rsp)
 2f1abd8:	00 00 
 2f1abda:	44 89 b4 24 e0 01 00 	mov    %r14d,0x1e0(%rsp)
 2f1abe1:	00 
 2f1abe2:	c7 84 24 d0 01 00 00 	movl   $0x0,0x1d0(%rsp)
 2f1abe9:	00 00 00 00 
 2f1abed:	c7 84 24 d8 01 00 00 	movl   $0x0,0x1d8(%rsp)
 2f1abf4:	00 00 00 00 
 2f1abf8:	48 c7 84 24 e8 01 00 	movq   $0x0,0x1e8(%rsp)
 2f1abff:	00 00 00 00 00 
 2f1ac04:	4c 89 ff             	mov    %r15,%rdi
 2f1ac07:	48 8d b4 24 d0 03 00 	lea    0x3d0(%rsp),%rsi
 2f1ac0e:	00 
 2f1ac0f:	48 8d 94 24 d0 01 00 	lea    0x1d0(%rsp),%rdx
 2f1ac16:	00 
 2f1ac17:	e8 b4 92 00 00       	call   2f23ed0 <_ZN10litchi_cfb4file8try_push17h346a7fcaec607805E>
 2f1ac1c:	48 8b 84 24 80 00 00 	mov    0x80(%rsp),%rax
 2f1ac23:	00 
 2f1ac24:	48 89 04 24          	mov    %rax,(%rsp)
 2f1ac28:	48 83 f8 0b          	cmp    $0xb,%rax
 2f1ac2c:	0f 85 c4 05 00 00    	jne    2f1b1f6 <_ZN10litchi_cfb4file16OleFile$LT$R$GT$14load_directory17he542c168c4b70583E+0x2166>
 2f1ac32:	48 8b 84 24 e0 03 00 	mov    0x3e0(%rsp),%rax
 2f1ac39:	00 
 2f1ac3a:	48 85 c0             	test   %rax,%rax
 2f1ac3d:	0f 84 c0 02 00 00    	je     2f1af03 <_ZN10litchi_cfb4file16OleFile$LT$R$GT$14load_directory17he542c168c4b70583E+0x1e73>
 2f1ac43:	48 ff c8             	dec    %rax
 2f1ac46:	48 89 84 24 e0 03 00 	mov    %rax,0x3e0(%rsp)
 2f1ac4d:	00 
 2f1ac4e:	48 8b 94 24 d8 03 00 	mov    0x3d8(%rsp),%rdx
 2f1ac55:	00 
 2f1ac56:	48 89 c6             	mov    %rax,%rsi
 2f1ac59:	48 c1 e6 05          	shl    $0x5,%rsi
 2f1ac5d:	8b 0c 32             	mov    (%rdx,%rsi,1),%ecx
 2f1ac60:	89 4c 24 68          	mov    %ecx,0x68(%rsp)
 2f1ac64:	8b 4c 32 04          	mov    0x4(%rdx,%rsi,1),%ecx
 2f1ac68:	89 4c 24 60          	mov    %ecx,0x60(%rsp)
 2f1ac6c:	8b 4c 32 08          	mov    0x8(%rdx,%rsi,1),%ecx
 2f1ac70:	89 4c 24 10          	mov    %ecx,0x10(%rsp)
 2f1ac74:	8b 4c 32 0c          	mov    0xc(%rdx,%rsi,1),%ecx
 2f1ac78:	89 4c 24 70          	mov    %ecx,0x70(%rsp)
 2f1ac7c:	8b 4c 32 10          	mov    0x10(%rdx,%rsi,1),%ecx
 2f1ac80:	4c 8b 64 32 18       	mov    0x18(%rdx,%rsi,1),%r12
 2f1ac85:	89 4c 24 5c          	mov    %ecx,0x5c(%rsp)
 2f1ac89:	83 f9 ff             	cmp    $0xffffffff,%ecx
 2f1ac8c:	74 ac                	je     2f1ac3a <_ZN10litchi_cfb4file16OleFile$LT$R$GT$14load_directory17he542c168c4b70583E+0x1baa>
 2f1ac8e:	48 8b b4 24 60 01 00 	mov    0x160(%rsp),%rsi
 2f1ac95:	00 
 2f1ac96:	48 8b 94 24 68 01 00 	mov    0x168(%rsp),%rdx
 2f1ac9d:	00 
 2f1ac9e:	4c 89 ff             	mov    %r15,%rdi
 2f1aca1:	e8 7a 13 00 00       	call   2f1c020 <_ZN10litchi_cfb4file16OleFile$LT$R$GT$15validated_entry17h5fb45869df806772E>
 2f1aca6:	48 8b 84 24 80 00 00 	mov    0x80(%rsp),%rax
 2f1acad:	00 
 2f1acae:	48 8b 9c 24 88 00 00 	mov    0x88(%rsp),%rbx
 2f1acb5:	00 
 2f1acb6:	48 89 04 24          	mov    %rax,(%rsp)
 2f1acba:	48 83 f8 0b          	cmp    $0xb,%rax
 2f1acbe:	0f 85 3a 05 00 00    	jne    2f1b1fe <_ZN10litchi_cfb4file16OleFile$LT$R$GT$14load_directory17he542c168c4b70583E+0x216e>
 2f1acc4:	8b 54 24 5c          	mov    0x5c(%rsp),%edx
 2f1acc8:	48 39 94 24 28 05 00 	cmp    %rdx,0x528(%rsp)
 2f1accf:	00 
 2f1acd0:	76 25                	jbe    2f1acf7 <_ZN10litchi_cfb4file16OleFile$LT$R$GT$14load_directory17he542c168c4b70583E+0x1c67>
 2f1acd2:	89 d0                	mov    %edx,%eax
 2f1acd4:	c1 e8 06             	shr    $0x6,%eax
 2f1acd7:	48 3b 84 24 20 05 00 	cmp    0x520(%rsp),%rax
 2f1acde:	00 
 2f1acdf:	73 16                	jae    2f1acf7 <_ZN10litchi_cfb4file16OleFile$LT$R$GT$14load_directory17he542c168c4b70583E+0x1c67>
 2f1ace1:	48 8b 8c 24 18 05 00 	mov    0x518(%rsp),%rcx
 2f1ace8:	00 
 2f1ace9:	48 8b 04 c1          	mov    (%rcx,%rax,8),%rax
 2f1aced:	48 0f a3 d0          	bt     %rdx,%rax
 2f1acf1:	0f 82 e9 0b 00 00    	jb     2f1b8e0 <_ZN10litchi_cfb4file16OleFile$LT$R$GT$14load_directory17he542c168c4b70583E+0x2850>
 2f1acf7:	4c 89 ff             	mov    %r15,%rdi
 2f1acfa:	48 8d b4 24 10 05 00 	lea    0x510(%rsp),%rsi
 2f1ad01:	00 
 2f1ad02:	ff 15 18 7d 1a 00    	call   *0x1a7d18(%rip)        # 30c2a20 <_DYNAMIC+0x5868>
 2f1ad08:	48 8b 84 24 80 00 00 	mov    0x80(%rsp),%rax
 2f1ad0f:	00 
 2f1ad10:	48 89 04 24          	mov    %rax,(%rsp)
 2f1ad14:	48 83 f8 0b          	cmp    $0xb,%rax
 2f1ad18:	0f 85 d8 04 00 00    	jne    2f1b1f6 <_ZN10litchi_cfb4file16OleFile$LT$R$GT$14load_directory17he542c168c4b70583E+0x2166>
 2f1ad1e:	f6 44 24 68 01       	testb  $0x1,0x68(%rsp)
 2f1ad23:	74 5e                	je     2f1ad83 <_ZN10litchi_cfb4file16OleFile$LT$R$GT$14load_directory17he542c168c4b70583E+0x1cf3>
 2f1ad25:	48 8b b4 24 60 01 00 	mov    0x160(%rsp),%rsi
 2f1ad2c:	00 
 2f1ad2d:	48 8b 94 24 68 01 00 	mov    0x168(%rsp),%rdx
 2f1ad34:	00 
 2f1ad35:	4c 89 ff             	mov    %r15,%rdi
 2f1ad38:	8b 4c 24 60          	mov    0x60(%rsp),%ecx
 2f1ad3c:	e8 df 12 00 00       	call   2f1c020 <_ZN10litchi_cfb4file16OleFile$LT$R$GT$15validated_entry17h5fb45869df806772E>
 2f1ad41:	48 8b 84 24 80 00 00 	mov    0x80(%rsp),%rax
 2f1ad48:	00 
 2f1ad49:	48 8b bc 24 88 00 00 	mov    0x88(%rsp),%rdi
 2f1ad50:	00 
 2f1ad51:	48 89 04 24          	mov    %rax,(%rsp)
 2f1ad55:	48 83 f8 0b          	cmp    $0xb,%rax
 2f1ad59:	0f 85 e4 0a 00 00    	jne    2f1b843 <_ZN10litchi_cfb4file16OleFile$LT$R$GT$14load_directory17he542c168c4b70583E+0x27b3>
 2f1ad5f:	48 83 c7 18          	add    $0x18,%rdi
 2f1ad63:	48 8d 73 18          	lea    0x18(%rbx),%rsi
 2f1ad67:	ff 15 43 7c 1a 00    	call   *0x1a7c43(%rip)        # 30c29b0 <_DYNAMIC+0x57f8>
 2f1ad6d:	3c ff                	cmp    $0xff,%al
 2f1ad6f:	41 0f 95 c6          	setne  %r14b
 2f1ad73:	f6 44 24 10 01       	testb  $0x1,0x10(%rsp)
 2f1ad78:	75 13                	jne    2f1ad8d <_ZN10litchi_cfb4file16OleFile$LT$R$GT$14load_directory17he542c168c4b70583E+0x1cfd>
 2f1ad7a:	3c ff                	cmp    $0xff,%al
 2f1ad7c:	74 68                	je     2f1ade6 <_ZN10litchi_cfb4file16OleFile$LT$R$GT$14load_directory17he542c168c4b70583E+0x1d56>
 2f1ad7e:	e9 60 0a 00 00       	jmp    2f1b7e3 <_ZN10litchi_cfb4file16OleFile$LT$R$GT$14load_directory17he542c168c4b70583E+0x2753>
 2f1ad83:	f6 44 24 10 01       	testb  $0x1,0x10(%rsp)
 2f1ad88:	74 5c                	je     2f1ade6 <_ZN10litchi_cfb4file16OleFile$LT$R$GT$14load_directory17he542c168c4b70583E+0x1d56>
 2f1ad8a:	45 31 f6             	xor    %r14d,%r14d
 2f1ad8d:	48 8b b4 24 60 01 00 	mov    0x160(%rsp),%rsi
 2f1ad94:	00 
 2f1ad95:	48 8b 94 24 68 01 00 	mov    0x168(%rsp),%rdx
 2f1ad9c:	00 
 2f1ad9d:	4c 89 ff             	mov    %r15,%rdi
 2f1ada0:	8b 4c 24 70          	mov    0x70(%rsp),%ecx
 2f1ada4:	e8 77 12 00 00       	call   2f1c020 <_ZN10litchi_cfb4file16OleFile$LT$R$GT$15validated_entry17h5fb45869df806772E>
 2f1ada9:	48 8b 84 24 80 00 00 	mov    0x80(%rsp),%rax
 2f1adb0:	00 
 2f1adb1:	48 8b b4 24 88 00 00 	mov    0x88(%rsp),%rsi
 2f1adb8:	00 
 2f1adb9:	48 89 04 24          	mov    %rax,(%rsp)
 2f1adbd:	48 83 f8 0b          	cmp    $0xb,%rax
 2f1adc1:	0f 85 99 0a 00 00    	jne    2f1b860 <_ZN10litchi_cfb4file16OleFile$LT$R$GT$14load_directory17he542c168c4b70583E+0x27d0>
 2f1adc7:	48 8d 7b 18          	lea    0x18(%rbx),%rdi
 2f1adcb:	48 83 c6 18          	add    $0x18,%rsi
 2f1adcf:	ff 15 db 7b 1a 00    	call   *0x1a7bdb(%rip)        # 30c29b0 <_DYNAMIC+0x57f8>
 2f1add5:	3c ff                	cmp    $0xff,%al
 2f1add7:	0f 94 c0             	sete   %al
 2f1adda:	41 f6 d6             	not    %r14b
 2f1addd:	41 84 c6             	test   %al,%r14b
 2f1ade0:	0f 84 fd 09 00 00    	je     2f1b7e3 <_ZN10litchi_cfb4file16OleFile$LT$R$GT$14load_directory17he542c168c4b70583E+0x2753>
 2f1ade6:	80 bb c9 00 00 00 01 	cmpb   $0x1,0xc9(%rbx)
 2f1aded:	75 3e                	jne    2f1ae2d <_ZN10litchi_cfb4file16OleFile$LT$R$GT$14load_directory17he542c168c4b70583E+0x1d9d>
 2f1adef:	8b 93 c4 00 00 00    	mov    0xc4(%rbx),%edx
 2f1adf5:	83 fa ff             	cmp    $0xffffffff,%edx
 2f1adf8:	74 33                	je     2f1ae2d <_ZN10litchi_cfb4file16OleFile$LT$R$GT$14load_directory17he542c168c4b70583E+0x1d9d>
 2f1adfa:	41 b8 19 00 00 00    	mov    $0x19,%r8d
 2f1ae00:	4c 89 ff             	mov    %r15,%rdi
 2f1ae03:	48 8d b4 24 78 01 00 	lea    0x178(%rsp),%rsi
 2f1ae0a:	00 
 2f1ae0b:	48 8d 0d cb 70 61 fd 	lea    -0x29e8f35(%rip),%rcx        # 531edd <anon.e0572dd12dce1d6d78420bf0a335603a.8.llvm.17154920839617733857+0x111a>
 2f1ae12:	e8 d9 8f 00 00       	call   2f23df0 <_ZN10litchi_cfb4file8try_push17h004a98413b67070cE>
 2f1ae17:	48 8b 84 24 80 00 00 	mov    0x80(%rsp),%rax
 2f1ae1e:	00 
 2f1ae1f:	48 89 04 24          	mov    %rax,(%rsp)
 2f1ae23:	48 83 f8 0b          	cmp    $0xb,%rax
 2f1ae27:	0f 85 c9 03 00 00    	jne    2f1b1f6 <_ZN10litchi_cfb4file16OleFile$LT$R$GT$14load_directory17he542c168c4b70583E+0x2166>
 2f1ae2d:	0f b6 83 c8 00 00 00 	movzbl 0xc8(%rbx),%eax
 2f1ae34:	49 01 c4             	add    %rax,%r12
 2f1ae37:	8b 83 c0 00 00 00    	mov    0xc0(%rbx),%eax
 2f1ae3d:	44 8b 74 24 5c       	mov    0x5c(%rsp),%r14d
 2f1ae42:	89 84 24 e0 01 00 00 	mov    %eax,0x1e0(%rsp)
 2f1ae49:	c7 84 24 d0 01 00 00 	movl   $0x1,0x1d0(%rsp)
 2f1ae50:	01 00 00 00 
 2f1ae54:	44 89 b4 24 d4 01 00 	mov    %r14d,0x1d4(%rsp)
 2f1ae5b:	00 
 2f1ae5c:	8b 44 24 10          	mov    0x10(%rsp),%eax
 2f1ae60:	89 84 24 d8 01 00 00 	mov    %eax,0x1d8(%rsp)
 2f1ae67:	8b 44 24 70          	mov    0x70(%rsp),%eax
 2f1ae6b:	89 84 24 dc 01 00 00 	mov    %eax,0x1dc(%rsp)
 2f1ae72:	4c 89 a4 24 e8 01 00 	mov    %r12,0x1e8(%rsp)
 2f1ae79:	00 
 2f1ae7a:	4c 89 ff             	mov    %r15,%rdi
 2f1ae7d:	48 8d b4 24 d0 03 00 	lea    0x3d0(%rsp),%rsi
 2f1ae84:	00 
 2f1ae85:	48 8d 94 24 d0 01 00 	lea    0x1d0(%rsp),%rdx
 2f1ae8c:	00 
 2f1ae8d:	e8 3e 90 00 00       	call   2f23ed0 <_ZN10litchi_cfb4file8try_push17h346a7fcaec607805E>
 2f1ae92:	48 8b 84 24 80 00 00 	mov    0x80(%rsp),%rax
 2f1ae99:	00 
 2f1ae9a:	48 89 04 24          	mov    %rax,(%rsp)
 2f1ae9e:	48 83 f8 0b          	cmp    $0xb,%rax
 2f1aea2:	0f 85 4e 03 00 00    	jne    2f1b1f6 <_ZN10litchi_cfb4file16OleFile$LT$R$GT$14load_directory17he542c168c4b70583E+0x2166>
 2f1aea8:	8b 83 bc 00 00 00    	mov    0xbc(%rbx),%eax
 2f1aeae:	89 84 24 e0 01 00 00 	mov    %eax,0x1e0(%rsp)
 2f1aeb5:	8b 44 24 68          	mov    0x68(%rsp),%eax
 2f1aeb9:	89 84 24 d0 01 00 00 	mov    %eax,0x1d0(%rsp)
 2f1aec0:	8b 44 24 60          	mov    0x60(%rsp),%eax
 2f1aec4:	89 84 24 d4 01 00 00 	mov    %eax,0x1d4(%rsp)
 2f1aecb:	c7 84 24 d8 01 00 00 	movl   $0x1,0x1d8(%rsp)
 2f1aed2:	01 00 00 00 
 2f1aed6:	44 89 b4 24 dc 01 00 	mov    %r14d,0x1dc(%rsp)
 2f1aedd:	00 
 2f1aede:	4c 89 a4 24 e8 01 00 	mov    %r12,0x1e8(%rsp)
 2f1aee5:	00 
 2f1aee6:	4c 89 ff             	mov    %r15,%rdi
 2f1aee9:	48 8d b4 24 d0 03 00 	lea    0x3d0(%rsp),%rsi
 2f1aef0:	00 
 2f1aef1:	48 8d 94 24 d0 01 00 	lea    0x1d0(%rsp),%rdx
 2f1aef8:	00 
 2f1aef9:	e8 d2 8f 00 00       	call   2f23ed0 <_ZN10litchi_cfb4file8try_push17h346a7fcaec607805E>
 2f1aefe:	e9 19 fd ff ff       	jmp    2f1ac1c <_ZN10litchi_cfb4file16OleFile$LT$R$GT$14load_directory17he542c168c4b70583E+0x1b8c>
 2f1af03:	48 8b b4 24 d0 03 00 	mov    0x3d0(%rsp),%rsi
 2f1af0a:	00 
 2f1af0b:	48 85 f6             	test   %rsi,%rsi
 2f1af0e:	74 17                	je     2f1af27 <_ZN10litchi_cfb4file16OleFile$LT$R$GT$14load_directory17he542c168c4b70583E+0x1e97>
 2f1af10:	48 8b bc 24 d8 03 00 	mov    0x3d8(%rsp),%rdi
 2f1af17:	00 
 2f1af18:	48 c1 e6 05          	shl    $0x5,%rsi
 2f1af1c:	ba 08 00 00 00       	mov    $0x8,%edx
 2f1af21:	ff 15 d9 24 1a 00    	call   *0x1a24d9(%rip)        # 30bd400 <_DYNAMIC+0x248>
 2f1af27:	48 8b 8c 24 88 01 00 	mov    0x188(%rsp),%rcx
 2f1af2e:	00 
 2f1af2f:	48 89 c8             	mov    %rcx,%rax
 2f1af32:	48 85 c9             	test   %rcx,%rcx
 2f1af35:	0f 85 33 fc ff ff    	jne    2f1ab6e <_ZN10litchi_cfb4file16OleFile$LT$R$GT$14load_directory17he542c168c4b70583E+0x1ade>
 2f1af3b:	48 8b 9c 24 60 01 00 	mov    0x160(%rsp),%rbx
 2f1af42:	00 
 2f1af43:	4c 8b bc 24 68 01 00 	mov    0x168(%rsp),%r15
 2f1af4a:	00 
 2f1af4b:	48 8b 84 24 28 05 00 	mov    0x528(%rsp),%rax
 2f1af52:	00 
 2f1af53:	48 8b 8c 24 18 05 00 	mov    0x518(%rsp),%rcx
 2f1af5a:	00 
 2f1af5b:	48 8b b4 24 20 05 00 	mov    0x520(%rsp),%rsi
 2f1af62:	00 
 2f1af63:	49 69 ff 30 ff ff ff 	imul   $0xffffffffffffff30,%r15,%rdi
 2f1af6a:	ba b8 00 00 00       	mov    $0xb8,%edx
 2f1af6f:	eb 07                	jmp    2f1af78 <_ZN10litchi_cfb4file16OleFile$LT$R$GT$14load_directory17he542c168c4b70583E+0x1ee8>
 2f1af71:	48 81 c2 d0 00 00 00 	add    $0xd0,%rdx
 2f1af78:	4c 8d 04 17          	lea    (%rdi,%rdx,1),%r8
 2f1af7c:	49 81 f8 b8 00 00 00 	cmp    $0xb8,%r8
 2f1af83:	0f 84 d0 00 00 00    	je     2f1b059 <_ZN10litchi_cfb4file16OleFile$LT$R$GT$14load_directory17he542c168c4b70583E+0x1fc9>
 2f1af89:	4c 39 ac 13 48 ff ff 	cmp    %r13,-0xb8(%rbx,%rdx,1)
 2f1af90:	ff 
 2f1af91:	74 de                	je     2f1af71 <_ZN10litchi_cfb4file16OleFile$LT$R$GT$14load_directory17he542c168c4b70583E+0x1ee1>
 2f1af93:	44 8b 04 13          	mov    (%rbx,%rdx,1),%r8d
 2f1af97:	4c 39 c0             	cmp    %r8,%rax
 2f1af9a:	76 16                	jbe    2f1afb2 <_ZN10litchi_cfb4file16OleFile$LT$R$GT$14load_directory17he542c168c4b70583E+0x1f22>
 2f1af9c:	45 89 c1             	mov    %r8d,%r9d
 2f1af9f:	41 c1 e9 06          	shr    $0x6,%r9d
 2f1afa3:	49 39 f1             	cmp    %rsi,%r9
 2f1afa6:	73 0a                	jae    2f1afb2 <_ZN10litchi_cfb4file16OleFile$LT$R$GT$14load_directory17he542c168c4b70583E+0x1f22>
 2f1afa8:	4e 8b 0c c9          	mov    (%rcx,%r9,8),%r9
 2f1afac:	4d 0f a3 c1          	bt     %r8,%r9
 2f1afb0:	72 bf                	jb     2f1af71 <_ZN10litchi_cfb4file16OleFile$LT$R$GT$14load_directory17he542c168c4b70583E+0x1ee1>
 2f1afb2:	48 01 d3             	add    %rdx,%rbx
 2f1afb5:	48 89 9c 24 80 00 00 	mov    %rbx,0x80(%rsp)
 2f1afbc:	00 
 2f1afbd:	48 8b 05 4c 27 1a 00 	mov    0x1a274c(%rip),%rax        # 30bd710 <_DYNAMIC+0x558>
 2f1afc4:	48 89 84 24 88 00 00 	mov    %rax,0x88(%rsp)
 2f1afcb:	00 
 2f1afcc:	48 8d 35 37 64 1a fd 	lea    -0x2e59bc9(%rip),%rsi        # c140a <anon.b634d892aed217f1ade11bc10d397864.273.llvm.6361190367339691187+0xb9>
 2f1afd3:	48 8d bc 24 f8 05 00 	lea    0x5f8(%rsp),%rdi
 2f1afda:	00 
 2f1afdb:	48 8d 94 24 80 00 00 	lea    0x80(%rsp),%rdx
 2f1afe2:	00 
 2f1afe3:	ff 15 d7 27 1a 00    	call   *0x1a27d7(%rip)        # 30bd7c0 <_DYNAMIC+0x608>
 2f1afe9:	48 8b 9c 24 f8 05 00 	mov    0x5f8(%rsp),%rbx
 2f1aff0:	00 
 2f1aff1:	4c 8b a4 24 00 06 00 	mov    0x600(%rsp),%r12
 2f1aff8:	00 
 2f1aff9:	b8 08 00 00 00       	mov    $0x8,%eax
 2f1affe:	48 89 04 24          	mov    %rax,(%rsp)
 2f1b002:	f3 0f 7e 84 24 08 06 	movq   0x608(%rsp),%xmm0
 2f1b009:	00 00 
 2f1b00b:	eb 19                	jmp    2f1b026 <_ZN10litchi_cfb4file16OleFile$LT$R$GT$14load_directory17he542c168c4b70583E+0x1f96>
 2f1b00d:	48 8b 9c 24 88 00 00 	mov    0x88(%rsp),%rbx
 2f1b014:	00 
 2f1b015:	4c 8b a4 24 90 00 00 	mov    0x90(%rsp),%r12
 2f1b01c:	00 
 2f1b01d:	f3 0f 6f 84 24 98 00 	movdqu 0x98(%rsp),%xmm0
 2f1b024:	00 00 
 2f1b026:	66 0f 7f 44 24 10    	movdqa %xmm0,0x10(%rsp)
 2f1b02c:	48 8b b4 24 78 01 00 	mov    0x178(%rsp),%rsi
 2f1b033:	00 
 2f1b034:	48 85 f6             	test   %rsi,%rsi
 2f1b037:	0f 84 80 f9 ff ff    	je     2f1a9bd <_ZN10litchi_cfb4file16OleFile$LT$R$GT$14load_directory17he542c168c4b70583E+0x192d>
 2f1b03d:	48 8b bc 24 80 01 00 	mov    0x180(%rsp),%rdi
 2f1b044:	00 
 2f1b045:	48 c1 e6 02          	shl    $0x2,%rsi
 2f1b049:	ba 04 00 00 00       	mov    $0x4,%edx
 2f1b04e:	ff 15 ac 23 1a 00    	call   *0x1a23ac(%rip)        # 30bd400 <_DYNAMIC+0x248>
 2f1b054:	e9 64 f9 ff ff       	jmp    2f1a9bd <_ZN10litchi_cfb4file16OleFile$LT$R$GT$14load_directory17he542c168c4b70583E+0x192d>
 2f1b059:	4c 8b b4 24 58 01 00 	mov    0x158(%rsp),%r14
 2f1b060:	00 
 2f1b061:	48 8b b4 24 78 01 00 	mov    0x178(%rsp),%rsi
 2f1b068:	00 
 2f1b069:	48 85 f6             	test   %rsi,%rsi
 2f1b06c:	74 17                	je     2f1b085 <_ZN10litchi_cfb4file16OleFile$LT$R$GT$14load_directory17he542c168c4b70583E+0x1ff5>
 2f1b06e:	48 8b bc 24 80 01 00 	mov    0x180(%rsp),%rdi
 2f1b075:	00 
 2f1b076:	48 c1 e6 02          	shl    $0x2,%rsi
 2f1b07a:	ba 04 00 00 00       	mov    $0x4,%edx
 2f1b07f:	ff 15 7b 23 1a 00    	call   *0x1a237b(%rip)        # 30bd400 <_DYNAMIC+0x248>
 2f1b085:	48 8b b4 24 10 05 00 	mov    0x510(%rsp),%rsi
 2f1b08c:	00 
 2f1b08d:	48 85 f6             	test   %rsi,%rsi
 2f1b090:	74 17                	je     2f1b0a9 <_ZN10litchi_cfb4file16OleFile$LT$R$GT$14load_directory17he542c168c4b70583E+0x2019>
 2f1b092:	48 8b bc 24 18 05 00 	mov    0x518(%rsp),%rdi
 2f1b099:	00 
 2f1b09a:	48 c1 e6 03          	shl    $0x3,%rsi
 2f1b09e:	ba 08 00 00 00       	mov    $0x8,%edx
 2f1b0a3:	ff 15 57 23 1a 00    	call   *0x1a2357(%rip)        # 30bd400 <_DYNAMIC+0x248>
 2f1b0a9:	4c 89 b4 24 f8 04 00 	mov    %r14,0x4f8(%rsp)
 2f1b0b0:	00 
 2f1b0b1:	48 89 9c 24 00 05 00 	mov    %rbx,0x500(%rsp)
 2f1b0b8:	00 
 2f1b0b9:	4c 89 bc 24 08 05 00 	mov    %r15,0x508(%rsp)
 2f1b0c0:	00 
 2f1b0c1:	4c 89 ac 24 a0 02 00 	mov    %r13,0x2a0(%rsp)
 2f1b0c8:	00 
 2f1b0c9:	41 b4 01             	mov    $0x1,%r12b
 2f1b0cc:	48 8d bc 24 80 00 00 	lea    0x80(%rsp),%rdi
 2f1b0d3:	00 
 2f1b0d4:	48 8d 94 24 a0 02 00 	lea    0x2a0(%rsp),%rdx
 2f1b0db:	00 
 2f1b0dc:	48 8b b4 24 c8 01 00 	mov    0x1c8(%rsp),%rsi
 2f1b0e3:	00 
 2f1b0e4:	e8 67 98 ff ff       	call   2f14950 <_ZN10litchi_cfb4file14try_filled_vec17h862078e0c1c3bbe4E>
 2f1b0e9:	48 8b 84 24 80 00 00 	mov    0x80(%rsp),%rax
 2f1b0f0:	00 
 2f1b0f1:	0f 10 84 24 88 00 00 	movups 0x88(%rsp),%xmm0
 2f1b0f8:	00 
 2f1b0f9:	0f 29 84 24 d0 01 00 	movaps %xmm0,0x1d0(%rsp)
 2f1b100:	00 
 2f1b101:	48 8b 8c 24 98 00 00 	mov    0x98(%rsp),%rcx
 2f1b108:	00 
 2f1b109:	48 89 8c 24 e0 01 00 	mov    %rcx,0x1e0(%rsp)
 2f1b110:	00 
 2f1b111:	48 83 f8 0b          	cmp    $0xb,%rax
 2f1b115:	0f 85 25 01 00 00    	jne    2f1b240 <_ZN10litchi_cfb4file16OleFile$LT$R$GT$14load_directory17he542c168c4b70583E+0x21b0>
 2f1b11b:	66 0f 6f 84 24 d0 01 	movdqa 0x1d0(%rsp),%xmm0
 2f1b122:	00 00 
 2f1b124:	66 0f 7f 84 24 80 02 	movdqa %xmm0,0x280(%rsp)
 2f1b12b:	00 00 
 2f1b12d:	48 8b 84 24 e0 01 00 	mov    0x1e0(%rsp),%rax
 2f1b134:	00 
 2f1b135:	48 89 84 24 90 02 00 	mov    %rax,0x290(%rsp)
 2f1b13c:	00 
 2f1b13d:	4c 3b bc 24 c8 01 00 	cmp    0x1c8(%rsp),%r15
 2f1b144:	00 
 2f1b145:	0f 85 40 01 00 00    	jne    2f1b28b <_ZN10litchi_cfb4file16OleFile$LT$R$GT$14load_directory17he542c168c4b70583E+0x21fb>
 2f1b14b:	4c 89 ac 24 50 04 00 	mov    %r13,0x450(%rsp)
 2f1b152:	00 
 2f1b153:	48 83 7c 24 28 7f    	cmpq   $0x7f,0x28(%rsp)
 2f1b159:	0f 86 50 0a 00 00    	jbe    2f1bbaf <_ZN10litchi_cfb4file16OleFile$LT$R$GT$14load_directory17he542c168c4b70583E+0x2b1f>
 2f1b15f:	48 8b b5 38 01 00 00 	mov    0x138(%rbp),%rsi
 2f1b166:	8b 95 48 01 00 00    	mov    0x148(%rbp),%edx
 2f1b16c:	48 8d bc 24 a0 02 00 	lea    0x2a0(%rsp),%rdi
 2f1b173:	00 
 2f1b174:	48 8b 4c 24 50       	mov    0x50(%rsp),%rcx
 2f1b179:	45 31 c0             	xor    %r8d,%r8d
 2f1b17c:	e8 ff 27 00 00       	call   2f1d980 <_ZN10litchi_cfb4file16OleFile$LT$R$GT$21parse_directory_entry17h0c04376712f0f72bE>
 2f1b181:	48 8b 84 24 a0 02 00 	mov    0x2a0(%rsp),%rax
 2f1b188:	00 
 2f1b189:	0f 10 84 24 a8 02 00 	movups 0x2a8(%rsp),%xmm0
 2f1b190:	00 
 2f1b191:	0f 29 84 24 80 00 00 	movaps %xmm0,0x80(%rsp)
 2f1b198:	00 
 2f1b199:	0f 10 84 24 b8 02 00 	movups 0x2b8(%rsp),%xmm0
 2f1b1a0:	00 
 2f1b1a1:	0f 29 84 24 90 00 00 	movaps %xmm0,0x90(%rsp)
 2f1b1a8:	00 
 2f1b1a9:	48 8b 8c 24 c8 02 00 	mov    0x2c8(%rsp),%rcx
 2f1b1b0:	00 
 2f1b1b1:	48 89 8c 24 a0 00 00 	mov    %rcx,0xa0(%rsp)
 2f1b1b8:	00 
 2f1b1b9:	4c 39 e8             	cmp    %r13,%rax
 2f1b1bc:	0f 85 41 01 00 00    	jne    2f1b303 <_ZN10litchi_cfb4file16OleFile$LT$R$GT$14load_directory17he542c168c4b70583E+0x2273>
 2f1b1c2:	48 8b 84 24 a0 00 00 	mov    0xa0(%rsp),%rax
 2f1b1c9:	00 
 2f1b1ca:	48 8b 4c 24 20       	mov    0x20(%rsp),%rcx
 2f1b1cf:	48 89 41 20          	mov    %rax,0x20(%rcx)
 2f1b1d3:	66 0f 6f 84 24 80 00 	movdqa 0x80(%rsp),%xmm0
 2f1b1da:	00 00 
 2f1b1dc:	66 0f 6f 8c 24 90 00 	movdqa 0x90(%rsp),%xmm1
 2f1b1e3:	00 00 
 2f1b1e5:	f3 0f 7f 49 10       	movdqu %xmm1,0x10(%rcx)
 2f1b1ea:	f3 0f 7f 01          	movdqu %xmm0,(%rcx)
 2f1b1ee:	41 b4 01             	mov    $0x1,%r12b
 2f1b1f1:	e9 8c 09 00 00       	jmp    2f1bb82 <_ZN10litchi_cfb4file16OleFile$LT$R$GT$14load_directory17he542c168c4b70583E+0x2af2>
 2f1b1f6:	48 8b 9c 24 88 00 00 	mov    0x88(%rsp),%rbx
 2f1b1fd:	00 
 2f1b1fe:	4c 8b a4 24 90 00 00 	mov    0x90(%rsp),%r12
 2f1b205:	00 
 2f1b206:	0f 10 84 24 98 00 00 	movups 0x98(%rsp),%xmm0
 2f1b20d:	00 
 2f1b20e:	0f 29 44 24 10       	movaps %xmm0,0x10(%rsp)
 2f1b213:	48 8b b4 24 d0 03 00 	mov    0x3d0(%rsp),%rsi
 2f1b21a:	00 
 2f1b21b:	48 85 f6             	test   %rsi,%rsi
 2f1b21e:	0f 84 08 fe ff ff    	je     2f1b02c <_ZN10litchi_cfb4file16OleFile$LT$R$GT$14load_directory17he542c168c4b70583E+0x1f9c>
 2f1b224:	48 8b bc 24 d8 03 00 	mov    0x3d8(%rsp),%rdi
 2f1b22b:	00 
 2f1b22c:	48 c1 e6 05          	shl    $0x5,%rsi
 2f1b230:	ba 08 00 00 00       	mov    $0x8,%edx
 2f1b235:	ff 15 c5 21 1a 00    	call   *0x1a21c5(%rip)        # 30bd400 <_DYNAMIC+0x248>
 2f1b23b:	e9 ec fd ff ff       	jmp    2f1b02c <_ZN10litchi_cfb4file16OleFile$LT$R$GT$14load_directory17he542c168c4b70583E+0x1f9c>
 2f1b240:	48 8b 8c 24 a0 00 00 	mov    0xa0(%rsp),%rcx
 2f1b247:	00 
 2f1b248:	48 8b 94 24 e0 01 00 	mov    0x1e0(%rsp),%rdx
 2f1b24f:	00 
 2f1b250:	48 8b 74 24 20       	mov    0x20(%rsp),%rsi
 2f1b255:	48 89 56 18          	mov    %rdx,0x18(%rsi)
 2f1b259:	66 0f 6f 84 24 d0 01 	movdqa 0x1d0(%rsp),%xmm0
 2f1b260:	00 00 
 2f1b262:	f3 0f 7f 46 08       	movdqu %xmm0,0x8(%rsi)
 2f1b267:	48 89 06             	mov    %rax,(%rsi)
 2f1b26a:	48 89 4e 20          	mov    %rcx,0x20(%rsi)
 2f1b26e:	4c 8b 74 24 38       	mov    0x38(%rsp),%r14
 2f1b273:	e9 25 09 00 00       	jmp    2f1bb9d <_ZN10litchi_cfb4file16OleFile$LT$R$GT$14load_directory17he542c168c4b70583E+0x2b0d>
 2f1b278:	bf 01 00 00 00       	mov    $0x1,%edi
 2f1b27d:	48 89 de             	mov    %rbx,%rsi
 2f1b280:	ff 15 02 22 1a 00    	call   *0x1a2202(%rip)        # 30bd488 <_DYNAMIC+0x2d0>
 2f1b286:	e9 77 09 00 00       	jmp    2f1bc02 <_ZN10litchi_cfb4file16OleFile$LT$R$GT$14load_directory17he542c168c4b70583E+0x2b72>
 2f1b28b:	ff 15 bf 21 1a 00    	call   *0x1a21bf(%rip)        # 30bd450 <_DYNAMIC+0x298>
 2f1b291:	bf 2e 00 00 00       	mov    $0x2e,%edi
 2f1b296:	be 01 00 00 00       	mov    $0x1,%esi
 2f1b29b:	ff 15 b7 21 1a 00    	call   *0x1a21b7(%rip)        # 30bd458 <_DYNAMIC+0x2a0>
 2f1b2a1:	48 85 c0             	test   %rax,%rax
 2f1b2a4:	0f 84 20 09 00 00    	je     2f1bbca <_ZN10litchi_cfb4file16OleFile$LT$R$GT$14load_directory17he542c168c4b70583E+0x2b3a>
 2f1b2aa:	0f 10 05 97 67 61 fd 	movups -0x29e9869(%rip),%xmm0        # 531a48 <anon.e0572dd12dce1d6d78420bf0a335603a.8.llvm.17154920839617733857+0xc85>
 2f1b2b1:	0f 11 40 1e          	movups %xmm0,0x1e(%rax)
 2f1b2b5:	0f 10 05 7e 67 61 fd 	movups -0x29e9882(%rip),%xmm0        # 531a3a <anon.e0572dd12dce1d6d78420bf0a335603a.8.llvm.17154920839617733857+0xc77>
 2f1b2bc:	0f 11 40 10          	movups %xmm0,0x10(%rax)
 2f1b2c0:	f3 0f 6f 05 62 67 61 	movdqu -0x29e989e(%rip),%xmm0        # 531a2a <anon.e0572dd12dce1d6d78420bf0a335603a.8.llvm.17154920839617733857+0xc67>
 2f1b2c7:	fd 
 2f1b2c8:	f3 0f 7f 00          	movdqu %xmm0,(%rax)
 2f1b2cc:	48 8b 4c 24 20       	mov    0x20(%rsp),%rcx
 2f1b2d1:	48 c7 01 08 00 00 00 	movq   $0x8,(%rcx)
 2f1b2d8:	48 c7 41 08 2e 00 00 	movq   $0x2e,0x8(%rcx)
 2f1b2df:	00 
 2f1b2e0:	48 89 41 10          	mov    %rax,0x10(%rcx)
 2f1b2e4:	48 c7 41 18 2e 00 00 	movq   $0x2e,0x18(%rcx)
 2f1b2eb:	00 
 2f1b2ec:	48 8d bc 24 80 02 00 	lea    0x280(%rsp),%rdi
 2f1b2f3:	00 
 2f1b2f4:	4c 8b 74 24 38       	mov    0x38(%rsp),%r14
 2f1b2f9:	e8 52 90 00 00       	call   2f24350 <_ZN4core3ptr104drop_in_place$LT$alloc..vec..Vec$LT$core..option..Option$LT$litchi_cfb..file..DirectoryEntry$GT$$GT$$GT$17h9e033a92d8411f5bE>
 2f1b2fe:	e9 9a 08 00 00       	jmp    2f1bb9d <_ZN10litchi_cfb4file16OleFile$LT$R$GT$14load_directory17he542c168c4b70583E+0x2b0d>
 2f1b303:	48 8b 8c 24 00 03 00 	mov    0x300(%rsp),%rcx
 2f1b30a:	00 
 2f1b30b:	48 89 8c 24 30 02 00 	mov    %rcx,0x230(%rsp)
 2f1b312:	00 
 2f1b313:	0f 10 84 24 d0 02 00 	movups 0x2d0(%rsp),%xmm0
 2f1b31a:	00 
 2f1b31b:	0f 10 8c 24 e0 02 00 	movups 0x2e0(%rsp),%xmm1
 2f1b322:	00 
 2f1b323:	0f 10 94 24 f0 02 00 	movups 0x2f0(%rsp),%xmm2
 2f1b32a:	00 
 2f1b32b:	0f 11 94 24 20 02 00 	movups %xmm2,0x220(%rsp)
 2f1b332:	00 
 2f1b333:	0f 11 8c 24 10 02 00 	movups %xmm1,0x210(%rsp)
 2f1b33a:	00 
 2f1b33b:	0f 11 84 24 00 02 00 	movups %xmm0,0x200(%rsp)
 2f1b342:	00 
 2f1b343:	66 0f 6f 84 24 80 00 	movdqa 0x80(%rsp),%xmm0
 2f1b34a:	00 00 
 2f1b34c:	66 0f 6f 8c 24 90 00 	movdqa 0x90(%rsp),%xmm1
 2f1b353:	00 00 
 2f1b355:	f3 0f 7f 84 24 d8 01 	movdqu %xmm0,0x1d8(%rsp)
 2f1b35c:	00 00 
 2f1b35e:	f3 0f 7f 8c 24 e8 01 	movdqu %xmm1,0x1e8(%rsp)
 2f1b365:	00 00 
 2f1b367:	48 8b 8c 24 a0 00 00 	mov    0xa0(%rsp),%rcx
 2f1b36e:	00 
 2f1b36f:	48 89 8c 24 f8 01 00 	mov    %rcx,0x1f8(%rsp)
 2f1b376:	00 
 2f1b377:	48 89 84 24 d0 01 00 	mov    %rax,0x1d0(%rsp)
 2f1b37e:	00 
 2f1b37f:	8b 84 24 2c 02 00 00 	mov    0x22c(%rsp),%eax
 2f1b386:	89 44 24 10          	mov    %eax,0x10(%rsp)
 2f1b38a:	48 8d bc 24 a0 02 00 	lea    0x2a0(%rsp),%rdi
 2f1b391:	00 
 2f1b392:	48 8d b4 24 d0 01 00 	lea    0x1d0(%rsp),%rsi
 2f1b399:	00 
 2f1b39a:	e8 91 9d 00 00       	call   2f25130 <_ZN71_$LT$litchi_cfb..file..DirectoryEntry$u20$as$u20$core..clone..Clone$GT$5clone17h1aedb16f45e073fdE>
 2f1b39f:	48 8b 84 24 00 03 00 	mov    0x300(%rsp),%rax
 2f1b3a6:	00 
 2f1b3a7:	48 89 84 24 e0 00 00 	mov    %rax,0xe0(%rsp)
 2f1b3ae:	00 
 2f1b3af:	0f 10 84 24 f0 02 00 	movups 0x2f0(%rsp),%xmm0
 2f1b3b6:	00 
 2f1b3b7:	0f 29 84 24 d0 00 00 	movaps %xmm0,0xd0(%rsp)
 2f1b3be:	00 
 2f1b3bf:	0f 10 84 24 e0 02 00 	movups 0x2e0(%rsp),%xmm0
 2f1b3c6:	00 
 2f1b3c7:	0f 29 84 24 c0 00 00 	movaps %xmm0,0xc0(%rsp)
 2f1b3ce:	00 
 2f1b3cf:	f3 0f 6f 84 24 a0 02 	movdqu 0x2a0(%rsp),%xmm0
 2f1b3d6:	00 00 
 2f1b3d8:	f3 0f 6f 8c 24 b0 02 	movdqu 0x2b0(%rsp),%xmm1
 2f1b3df:	00 00 
 2f1b3e1:	0f 10 94 24 c0 02 00 	movups 0x2c0(%rsp),%xmm2
 2f1b3e8:	00 
 2f1b3e9:	0f 10 9c 24 d0 02 00 	movups 0x2d0(%rsp),%xmm3
 2f1b3f0:	00 
 2f1b3f1:	0f 29 9c 24 b0 00 00 	movaps %xmm3,0xb0(%rsp)
 2f1b3f8:	00 
 2f1b3f9:	0f 29 94 24 a0 00 00 	movaps %xmm2,0xa0(%rsp)
 2f1b400:	00 
 2f1b401:	66 0f 7f 8c 24 90 00 	movdqa %xmm1,0x90(%rsp)
 2f1b408:	00 00 
 2f1b40a:	66 0f 7f 84 24 80 00 	movdqa %xmm0,0x80(%rsp)
 2f1b411:	00 00 
 2f1b413:	48 8b 84 24 90 02 00 	mov    0x290(%rsp),%rax
 2f1b41a:	00 
 2f1b41b:	48 85 c0             	test   %rax,%rax
 2f1b41e:	0f 84 bb 07 00 00    	je     2f1bbdf <_ZN10litchi_cfb4file16OleFile$LT$R$GT$14load_directory17he542c168c4b70583E+0x2b4f>
 2f1b424:	49 89 c7             	mov    %rax,%r15
 2f1b427:	4c 8b a4 24 88 02 00 	mov    0x288(%rsp),%r12
 2f1b42e:	00 
 2f1b42f:	4d 39 2c 24          	cmp    %r13,(%r12)
 2f1b433:	74 08                	je     2f1b43d <_ZN10litchi_cfb4file16OleFile$LT$R$GT$14load_directory17he542c168c4b70583E+0x23ad>
 2f1b435:	4c 89 e7             	mov    %r12,%rdi
 2f1b438:	e8 83 92 00 00       	call   2f246c0 <_ZN4core3ptr53drop_in_place$LT$litchi_cfb..file..DirectoryEntry$GT$17hdd29138db2dcb83aE>
 2f1b43d:	48 8b 84 24 e0 00 00 	mov    0xe0(%rsp),%rax
 2f1b444:	00 
 2f1b445:	49 89 44 24 60       	mov    %rax,0x60(%r12)
 2f1b44a:	0f 28 84 24 d0 00 00 	movaps 0xd0(%rsp),%xmm0
 2f1b451:	00 
 2f1b452:	41 0f 11 44 24 50    	movups %xmm0,0x50(%r12)
 2f1b458:	0f 28 84 24 c0 00 00 	movaps 0xc0(%rsp),%xmm0
 2f1b45f:	00 
 2f1b460:	41 0f 11 44 24 40    	movups %xmm0,0x40(%r12)
 2f1b466:	66 0f 6f 84 24 80 00 	movdqa 0x80(%rsp),%xmm0
 2f1b46d:	00 00 
 2f1b46f:	66 0f 6f 8c 24 90 00 	movdqa 0x90(%rsp),%xmm1
 2f1b476:	00 00 
 2f1b478:	0f 28 94 24 a0 00 00 	movaps 0xa0(%rsp),%xmm2
 2f1b47f:	00 
 2f1b480:	0f 28 9c 24 b0 00 00 	movaps 0xb0(%rsp),%xmm3
 2f1b487:	00 
 2f1b488:	41 0f 11 5c 24 30    	movups %xmm3,0x30(%r12)
 2f1b48e:	41 0f 11 54 24 20    	movups %xmm2,0x20(%r12)
 2f1b494:	f3 41 0f 7f 4c 24 10 	movdqu %xmm1,0x10(%r12)
 2f1b49b:	f3 41 0f 7f 04 24    	movdqu %xmm0,(%r12)
 2f1b4a1:	48 8b b5 38 01 00 00 	mov    0x138(%rbp),%rsi
 2f1b4a8:	8b 95 48 01 00 00    	mov    0x148(%rbp),%edx
 2f1b4ae:	48 8d bc 24 a0 02 00 	lea    0x2a0(%rsp),%rdi
 2f1b4b5:	00 
 2f1b4b6:	8b 4c 24 10          	mov    0x10(%rsp),%ecx
 2f1b4ba:	4c 8b 44 24 50       	mov    0x50(%rsp),%r8
 2f1b4bf:	4c 8b 4c 24 28       	mov    0x28(%rsp),%r9
 2f1b4c4:	41 57                	push   %r15
 2f1b4c6:	41 54                	push   %r12
 2f1b4c8:	e8 b3 33 00 00       	call   2f1e880 <_ZN10litchi_cfb4file16OleFile$LT$R$GT$28build_storage_tree_iterative17h1655dd67a558c8acE>
 2f1b4cd:	48 83 c4 10          	add    $0x10,%rsp
 2f1b4d1:	83 bc 24 a0 02 00 00 	cmpl   $0xb,0x2a0(%rsp)
 2f1b4d8:	0b 
 2f1b4d9:	0f 85 c0 03 00 00    	jne    2f1b89f <_ZN10litchi_cfb4file16OleFile$LT$R$GT$14load_directory17he542c168c4b70583E+0x280f>
 2f1b4df:	0f 10 84 24 d0 01 00 	movups 0x1d0(%rsp),%xmm0
 2f1b4e6:	00 
 2f1b4e7:	f3 0f 6f 8c 24 e0 01 	movdqu 0x1e0(%rsp),%xmm1
 2f1b4ee:	00 00 
 2f1b4f0:	0f 10 94 24 f0 01 00 	movups 0x1f0(%rsp),%xmm2
 2f1b4f7:	00 
 2f1b4f8:	0f 10 9c 24 00 02 00 	movups 0x200(%rsp),%xmm3
 2f1b4ff:	00 
 2f1b500:	0f 29 84 24 50 04 00 	movaps %xmm0,0x450(%rsp)
 2f1b507:	00 
 2f1b508:	66 0f 7f 8c 24 60 04 	movdqa %xmm1,0x460(%rsp)
 2f1b50f:	00 00 
 2f1b511:	0f 29 94 24 70 04 00 	movaps %xmm2,0x470(%rsp)
 2f1b518:	00 
 2f1b519:	0f 29 9c 24 80 04 00 	movaps %xmm3,0x480(%rsp)
 2f1b520:	00 
 2f1b521:	0f 10 84 24 10 02 00 	movups 0x210(%rsp),%xmm0
 2f1b528:	00 
 2f1b529:	0f 29 84 24 90 04 00 	movaps %xmm0,0x490(%rsp)
 2f1b530:	00 
 2f1b531:	f3 0f 6f 84 24 20 02 	movdqu 0x220(%rsp),%xmm0
 2f1b538:	00 00 
 2f1b53a:	66 0f 7f 84 24 a0 04 	movdqa %xmm0,0x4a0(%rsp)
 2f1b541:	00 00 
 2f1b543:	48 8b 84 24 30 02 00 	mov    0x230(%rsp),%rax
 2f1b54a:	00 
 2f1b54b:	48 89 84 24 b0 04 00 	mov    %rax,0x4b0(%rsp)
 2f1b552:	00 
 2f1b553:	66 c7 84 24 a0 02 00 	movw   $0x2,0x2a0(%rsp)
 2f1b55a:	00 02 00 
 2f1b55d:	48 8d bc 24 80 00 00 	lea    0x80(%rsp),%rdi
 2f1b564:	00 
 2f1b565:	48 8d 94 24 a0 02 00 	lea    0x2a0(%rsp),%rdx
 2f1b56c:	00 
 2f1b56d:	48 8b b4 24 c8 01 00 	mov    0x1c8(%rsp),%rsi
 2f1b574:	00 
 2f1b575:	e8 96 92 ff ff       	call   2f14810 <_ZN10litchi_cfb4file14try_filled_vec17h6ac56fd2e0f2e537E>
 2f1b57a:	48 8b 84 24 80 00 00 	mov    0x80(%rsp),%rax
 2f1b581:	00 
 2f1b582:	0f 10 84 24 88 00 00 	movups 0x88(%rsp),%xmm0
 2f1b589:	00 
 2f1b58a:	0f 29 84 24 d0 01 00 	movaps %xmm0,0x1d0(%rsp)
 2f1b591:	00 
 2f1b592:	48 8b 8c 24 98 00 00 	mov    0x98(%rsp),%rcx
 2f1b599:	00 
 2f1b59a:	48 89 8c 24 e0 01 00 	mov    %rcx,0x1e0(%rsp)
 2f1b5a1:	00 
 2f1b5a2:	48 83 f8 0b          	cmp    $0xb,%rax
 2f1b5a6:	0f 85 94 03 00 00    	jne    2f1b940 <_ZN10litchi_cfb4file16OleFile$LT$R$GT$14load_directory17he542c168c4b70583E+0x28b0>
 2f1b5ac:	66 0f 6f 84 24 d0 01 	movdqa 0x1d0(%rsp),%xmm0
 2f1b5b3:	00 00 
 2f1b5b5:	66 0f 7f 84 24 b0 03 	movdqa %xmm0,0x3b0(%rsp)
 2f1b5bc:	00 00 
 2f1b5be:	48 8b 84 24 e0 01 00 	mov    0x1e0(%rsp),%rax
 2f1b5c5:	00 
 2f1b5c6:	48 89 84 24 c0 03 00 	mov    %rax,0x3c0(%rsp)
 2f1b5cd:	00 
 2f1b5ce:	48 8b b4 24 b8 03 00 	mov    0x3b8(%rsp),%rsi
 2f1b5d5:	00 
 2f1b5d6:	48 8d 0c 80          	lea    (%rax,%rax,4),%rcx
 2f1b5da:	48 c1 e1 05          	shl    $0x5,%rcx
 2f1b5de:	48 01 f1             	add    %rsi,%rcx
 2f1b5e1:	49 6b d7 68          	imul   $0x68,%r15,%rdx
 2f1b5e5:	4c 01 e2             	add    %r12,%rdx
 2f1b5e8:	49 39 c7             	cmp    %rax,%r15
 2f1b5eb:	4c 0f 43 f8          	cmovae %rax,%r15
 2f1b5ef:	48 69 bc 24 c8 01 00 	imul   $0xd0,0x1c8(%rsp),%rdi
 2f1b5f6:	00 d0 00 00 00 
 2f1b5fb:	48 01 df             	add    %rbx,%rdi
 2f1b5fe:	48 89 74 24 68       	mov    %rsi,0x68(%rsp)
 2f1b603:	48 89 b4 24 80 00 00 	mov    %rsi,0x80(%rsp)
 2f1b60a:	00 
 2f1b60b:	48 89 8c 24 88 00 00 	mov    %rcx,0x88(%rsp)
 2f1b612:	00 
 2f1b613:	4c 89 a4 24 90 00 00 	mov    %r12,0x90(%rsp)
 2f1b61a:	00 
 2f1b61b:	48 89 94 24 98 00 00 	mov    %rdx,0x98(%rsp)
 2f1b622:	00 
 2f1b623:	48 c7 84 24 a0 00 00 	movq   $0x0,0xa0(%rsp)
 2f1b62a:	00 00 00 00 00 
 2f1b62f:	4c 89 7c 24 70       	mov    %r15,0x70(%rsp)
 2f1b634:	4c 89 bc 24 a8 00 00 	mov    %r15,0xa8(%rsp)
 2f1b63b:	00 
 2f1b63c:	66 0f ef c0          	pxor   %xmm0,%xmm0
 2f1b640:	f3 0f 7f 84 24 d0 00 	movdqu %xmm0,0xd0(%rsp)
 2f1b647:	00 00 
 2f1b649:	48 89 9c 24 b0 00 00 	mov    %rbx,0xb0(%rsp)
 2f1b650:	00 
 2f1b651:	48 89 9c 24 b8 00 00 	mov    %rbx,0xb8(%rsp)
 2f1b658:	00 
 2f1b659:	4c 89 b4 24 c0 00 00 	mov    %r14,0xc0(%rsp)
 2f1b660:	00 
 2f1b661:	48 89 7c 24 60       	mov    %rdi,0x60(%rsp)
 2f1b666:	48 89 bc 24 c8 00 00 	mov    %rdi,0xc8(%rsp)
 2f1b66d:	00 
 2f1b66e:	48 85 c0             	test   %rax,%rax
 2f1b671:	0f 84 3b 03 00 00    	je     2f1b9b2 <_ZN10litchi_cfb4file16OleFile$LT$R$GT$14load_directory17he542c168c4b70583E+0x2922>
 2f1b677:	48 81 c3 d0 00 00 00 	add    $0xd0,%rbx
 2f1b67e:	b8 01 00 00 00       	mov    $0x1,%eax
 2f1b683:	48 89 44 24 28       	mov    %rax,0x28(%rsp)
 2f1b688:	4c 8b bb 30 ff ff ff 	mov    -0xd0(%rbx),%r15
 2f1b68f:	49 8d 45 01          	lea    0x1(%r13),%rax
 2f1b693:	49 39 c7             	cmp    %rax,%r15
 2f1b696:	0f 84 01 03 00 00    	je     2f1b99d <_ZN10litchi_cfb4file16OleFile$LT$R$GT$14load_directory17he542c168c4b70583E+0x290d>
 2f1b69c:	48 8d 83 30 ff ff ff 	lea    -0xd0(%rbx),%rax
 2f1b6a3:	48 89 04 24          	mov    %rax,(%rsp)
 2f1b6a7:	48 8d 70 08          	lea    0x8(%rax),%rsi
 2f1b6ab:	48 89 74 24 10       	mov    %rsi,0x10(%rsp)
 2f1b6b0:	ba c8 00 00 00       	mov    $0xc8,%edx
 2f1b6b5:	48 8d bc 24 b0 06 00 	lea    0x6b0(%rsp),%rdi
 2f1b6bc:	00 
 2f1b6bd:	4c 8b 35 5c 1d 1a 00 	mov    0x1a1d5c(%rip),%r14        # 30bd420 <memcpy@GLIBC_2.14>
 2f1b6c4:	41 ff d6             	call   *%r14
 2f1b6c7:	4c 89 a4 24 a0 02 00 	mov    %r12,0x2a0(%rsp)
 2f1b6ce:	00 
 2f1b6cf:	4c 89 bc 24 a8 02 00 	mov    %r15,0x2a8(%rsp)
 2f1b6d6:	00 
 2f1b6d7:	ba c8 00 00 00       	mov    $0xc8,%edx
 2f1b6dc:	48 8d bc 24 b0 02 00 	lea    0x2b0(%rsp),%rdi
 2f1b6e3:	00 
 2f1b6e4:	48 8b 74 24 10       	mov    0x10(%rsp),%rsi
 2f1b6e9:	41 ff d6             	call   *%r14
 2f1b6ec:	4d 39 2c 24          	cmp    %r13,(%r12)
 2f1b6f0:	75 0e                	jne    2f1b700 <_ZN10litchi_cfb4file16OleFile$LT$R$GT$14load_directory17he542c168c4b70583E+0x2670>
 2f1b6f2:	4d 39 ef             	cmp    %r13,%r15
 2f1b6f5:	0f 84 a0 00 00 00    	je     2f1b79b <_ZN10litchi_cfb4file16OleFile$LT$R$GT$14load_directory17he542c168c4b70583E+0x270b>
 2f1b6fb:	e9 8b 02 00 00       	jmp    2f1b98b <_ZN10litchi_cfb4file16OleFile$LT$R$GT$14load_directory17he542c168c4b70583E+0x28fb>
 2f1b700:	4d 39 ef             	cmp    %r13,%r15
 2f1b703:	0f 84 b3 03 00 00    	je     2f1babc <_ZN10litchi_cfb4file16OleFile$LT$R$GT$14load_directory17he542c168c4b70583E+0x2a2c>
 2f1b709:	41 8b 44 24 50       	mov    0x50(%r12),%eax
 2f1b70e:	3b 84 24 60 03 00 00 	cmp    0x360(%rsp),%eax
 2f1b715:	0f 85 70 02 00 00    	jne    2f1b98b <_ZN10litchi_cfb4file16OleFile$LT$R$GT$14load_directory17he542c168c4b70583E+0x28fb>
 2f1b71b:	85 c0                	test   %eax,%eax
 2f1b71d:	74 34                	je     2f1b753 <_ZN10litchi_cfb4file16OleFile$LT$R$GT$14load_directory17he542c168c4b70583E+0x26c3>
 2f1b71f:	49 8b 54 24 10       	mov    0x10(%r12),%rdx
 2f1b724:	48 3b 94 24 b8 02 00 	cmp    0x2b8(%rsp),%rdx
 2f1b72b:	00 
 2f1b72c:	0f 85 59 02 00 00    	jne    2f1b98b <_ZN10litchi_cfb4file16OleFile$LT$R$GT$14load_directory17he542c168c4b70583E+0x28fb>
 2f1b732:	48 8b b4 24 b0 02 00 	mov    0x2b0(%rsp),%rsi
 2f1b739:	00 
 2f1b73a:	49 8b 7c 24 08       	mov    0x8(%r12),%rdi
 2f1b73f:	48 89 74 24 10       	mov    %rsi,0x10(%rsp)
 2f1b744:	ff 15 4e 1d 1a 00    	call   *0x1a1d4e(%rip)        # 30bd498 <bcmp@GLIBC_2.2.5>
 2f1b74a:	85 c0                	test   %eax,%eax
 2f1b74c:	74 12                	je     2f1b760 <_ZN10litchi_cfb4file16OleFile$LT$R$GT$14load_directory17he542c168c4b70583E+0x26d0>
 2f1b74e:	e9 38 02 00 00       	jmp    2f1b98b <_ZN10litchi_cfb4file16OleFile$LT$R$GT$14load_directory17he542c168c4b70583E+0x28fb>
 2f1b753:	48 8b 84 24 b0 02 00 	mov    0x2b0(%rsp),%rax
 2f1b75a:	00 
 2f1b75b:	48 89 44 24 10       	mov    %rax,0x10(%rsp)
 2f1b760:	4c 8b 74 24 68       	mov    0x68(%rsp),%r14
 2f1b765:	4c 89 f7             	mov    %r14,%rdi
 2f1b768:	e8 73 96 00 00       	call   2f24de0 <_ZN4core3ptr94drop_in_place$LT$core..option..Option$LT$litchi_cfb..directory_name..DirectoryNameData$GT$$GT$17h07a44ed599f78a65E>
 2f1b76d:	ba a0 00 00 00       	mov    $0xa0,%edx
 2f1b772:	4c 89 f7             	mov    %r14,%rdi
 2f1b775:	48 8d b4 24 c0 06 00 	lea    0x6c0(%rsp),%rsi
 2f1b77c:	00 
 2f1b77d:	ff 15 9d 1c 1a 00    	call   *0x1a1c9d(%rip)        # 30bd420 <memcpy@GLIBC_2.14>
 2f1b783:	4d 85 ff             	test   %r15,%r15
 2f1b786:	74 13                	je     2f1b79b <_ZN10litchi_cfb4file16OleFile$LT$R$GT$14load_directory17he542c168c4b70583E+0x270b>
 2f1b788:	ba 01 00 00 00       	mov    $0x1,%edx
 2f1b78d:	48 8b 7c 24 10       	mov    0x10(%rsp),%rdi
 2f1b792:	4c 89 fe             	mov    %r15,%rsi
 2f1b795:	ff 15 65 1c 1a 00    	call   *0x1a1c65(%rip)        # 30bd400 <_DYNAMIC+0x248>
 2f1b79b:	48 8b 44 24 28       	mov    0x28(%rsp),%rax
 2f1b7a0:	48 39 44 24 70       	cmp    %rax,0x70(%rsp)
 2f1b7a5:	0f 84 e8 01 00 00    	je     2f1b993 <_ZN10litchi_cfb4file16OleFile$LT$R$GT$14load_directory17he542c168c4b70583E+0x2903>
 2f1b7ab:	48 ff 44 24 28       	incq   0x28(%rsp)
 2f1b7b0:	49 83 c4 68          	add    $0x68,%r12
 2f1b7b4:	48 81 44 24 68 a0 00 	addq   $0xa0,0x68(%rsp)
 2f1b7bb:	00 00 
 2f1b7bd:	48 81 c3 d0 00 00 00 	add    $0xd0,%rbx
 2f1b7c4:	48 8b 04 24          	mov    (%rsp),%rax
 2f1b7c8:	48 05 d0 00 00 00    	add    $0xd0,%rax
 2f1b7ce:	48 3b 44 24 60       	cmp    0x60(%rsp),%rax
 2f1b7d3:	0f 85 af fe ff ff    	jne    2f1b688 <_ZN10litchi_cfb4file16OleFile$LT$R$GT$14load_directory17he542c168c4b70583E+0x25f8>
 2f1b7d9:	48 8b 5c 24 60       	mov    0x60(%rsp),%rbx
 2f1b7de:	e9 ba 01 00 00       	jmp    2f1b99d <_ZN10litchi_cfb4file16OleFile$LT$R$GT$14load_directory17he542c168c4b70583E+0x290d>
 2f1b7e3:	48 8d 44 24 5c       	lea    0x5c(%rsp),%rax
 2f1b7e8:	48 89 84 24 80 00 00 	mov    %rax,0x80(%rsp)
 2f1b7ef:	00 
 2f1b7f0:	48 8b 05 19 1f 1a 00 	mov    0x1a1f19(%rip),%rax        # 30bd710 <_DYNAMIC+0x558>
 2f1b7f7:	48 89 84 24 88 00 00 	mov    %rax,0x88(%rsp)
 2f1b7fe:	00 
 2f1b7ff:	48 8d 35 ec af 1c fd 	lea    -0x2e35014(%rip),%rsi        # e67f2 <anon.b3e4cecad9cf8012d24caa2313d3e6af.42.llvm.5955424123594742837+0x813>
 2f1b806:	48 8d bc 24 e0 05 00 	lea    0x5e0(%rsp),%rdi
 2f1b80d:	00 
 2f1b80e:	48 8d 94 24 80 00 00 	lea    0x80(%rsp),%rdx
 2f1b815:	00 
 2f1b816:	ff 15 a4 1f 1a 00    	call   *0x1a1fa4(%rip)        # 30bd7c0 <_DYNAMIC+0x608>
 2f1b81c:	48 8b 9c 24 e0 05 00 	mov    0x5e0(%rsp),%rbx
 2f1b823:	00 
 2f1b824:	4c 8b a4 24 e8 05 00 	mov    0x5e8(%rsp),%r12
 2f1b82b:	00 
 2f1b82c:	b8 08 00 00 00       	mov    $0x8,%eax
 2f1b831:	48 89 04 24          	mov    %rax,(%rsp)
 2f1b835:	f2 0f 10 84 24 f0 05 	movsd  0x5f0(%rsp),%xmm0
 2f1b83c:	00 00 
 2f1b83e:	e9 cb f9 ff ff       	jmp    2f1b20e <_ZN10litchi_cfb4file16OleFile$LT$R$GT$14load_directory17he542c168c4b70583E+0x217e>
 2f1b843:	4c 8b a4 24 90 00 00 	mov    0x90(%rsp),%r12
 2f1b84a:	00 
 2f1b84b:	0f 10 84 24 98 00 00 	movups 0x98(%rsp),%xmm0
 2f1b852:	00 
 2f1b853:	0f 29 44 24 10       	movaps %xmm0,0x10(%rsp)
 2f1b858:	48 89 fb             	mov    %rdi,%rbx
 2f1b85b:	e9 b3 f9 ff ff       	jmp    2f1b213 <_ZN10litchi_cfb4file16OleFile$LT$R$GT$14load_directory17he542c168c4b70583E+0x2183>
 2f1b860:	4c 8b a4 24 90 00 00 	mov    0x90(%rsp),%r12
 2f1b867:	00 
 2f1b868:	0f 10 84 24 98 00 00 	movups 0x98(%rsp),%xmm0
 2f1b86f:	00 
 2f1b870:	0f 29 44 24 10       	movaps %xmm0,0x10(%rsp)
 2f1b875:	48 89 f3             	mov    %rsi,%rbx
 2f1b878:	e9 96 f9 ff ff       	jmp    2f1b213 <_ZN10litchi_cfb4file16OleFile$LT$R$GT$14load_directory17he542c168c4b70583E+0x2183>
 2f1b87d:	f3 0f 7e 8c 24 a0 00 	movq   0xa0(%rsp),%xmm1
 2f1b884:	00 00 
 2f1b886:	66 0f 70 d0 ee       	pshufd $0xee,%xmm0,%xmm2
 2f1b88b:	66 0f 6c d1          	punpcklqdq %xmm1,%xmm2
 2f1b88f:	66 0f 7f 54 24 10    	movdqa %xmm2,0x10(%rsp)
 2f1b895:	66 49 0f 7e c4       	movq   %xmm0,%r12
 2f1b89a:	e9 8d f7 ff ff       	jmp    2f1b02c <_ZN10litchi_cfb4file16OleFile$LT$R$GT$14load_directory17he542c168c4b70583E+0x1f9c>
 2f1b89f:	48 8b 84 24 c0 02 00 	mov    0x2c0(%rsp),%rax
 2f1b8a6:	00 
 2f1b8a7:	48 8b 4c 24 20       	mov    0x20(%rsp),%rcx
 2f1b8ac:	48 89 41 20          	mov    %rax,0x20(%rcx)
 2f1b8b0:	f3 0f 6f 84 24 a0 02 	movdqu 0x2a0(%rsp),%xmm0
 2f1b8b7:	00 00 
 2f1b8b9:	f3 0f 6f 8c 24 b0 02 	movdqu 0x2b0(%rsp),%xmm1
 2f1b8c0:	00 00 
 2f1b8c2:	f3 0f 7f 49 10       	movdqu %xmm1,0x10(%rcx)
 2f1b8c7:	f3 0f 7f 01          	movdqu %xmm0,(%rcx)
 2f1b8cb:	48 8d bc 24 d0 01 00 	lea    0x1d0(%rsp),%rdi
 2f1b8d2:	00 
 2f1b8d3:	e8 e8 8d 00 00       	call   2f246c0 <_ZN4core3ptr53drop_in_place$LT$litchi_cfb..file..DirectoryEntry$GT$17hdd29138db2dcb83aE>
 2f1b8d8:	41 b4 01             	mov    $0x1,%r12b
 2f1b8db:	e9 a2 02 00 00       	jmp    2f1bb82 <_ZN10litchi_cfb4file16OleFile$LT$R$GT$14load_directory17he542c168c4b70583E+0x2af2>
 2f1b8e0:	48 8d 44 24 5c       	lea    0x5c(%rsp),%rax
 2f1b8e5:	48 89 84 24 80 00 00 	mov    %rax,0x80(%rsp)
 2f1b8ec:	00 
 2f1b8ed:	48 8b 05 1c 1e 1a 00 	mov    0x1a1e1c(%rip),%rax        # 30bd710 <_DYNAMIC+0x558>
 2f1b8f4:	48 89 84 24 88 00 00 	mov    %rax,0x88(%rsp)
 2f1b8fb:	00 
 2f1b8fc:	48 8d 35 55 ac 1b fd 	lea    -0x2e453ab(%rip),%rsi        # d6558 <anon.029fcda86f3398d4cf63bd0edbf633d0.4.llvm.3162677308614904608+0x2d1>
 2f1b903:	48 8d bc 24 c8 05 00 	lea    0x5c8(%rsp),%rdi
 2f1b90a:	00 
 2f1b90b:	48 8d 94 24 80 00 00 	lea    0x80(%rsp),%rdx
 2f1b912:	00 
 2f1b913:	ff 15 a7 1e 1a 00    	call   *0x1a1ea7(%rip)        # 30bd7c0 <_DYNAMIC+0x608>
 2f1b919:	48 8b 9c 24 c8 05 00 	mov    0x5c8(%rsp),%rbx
 2f1b920:	00 
 2f1b921:	4c 8b a4 24 d0 05 00 	mov    0x5d0(%rsp),%r12
 2f1b928:	00 
 2f1b929:	b8 08 00 00 00       	mov    $0x8,%eax
 2f1b92e:	48 89 04 24          	mov    %rax,(%rsp)
 2f1b932:	f2 0f 10 84 24 d8 05 	movsd  0x5d8(%rsp),%xmm0
 2f1b939:	00 00 
 2f1b93b:	e9 ce f8 ff ff       	jmp    2f1b20e <_ZN10litchi_cfb4file16OleFile$LT$R$GT$14load_directory17he542c168c4b70583E+0x217e>
 2f1b940:	48 8b 8c 24 a0 00 00 	mov    0xa0(%rsp),%rcx
 2f1b947:	00 
 2f1b948:	48 8b 94 24 e0 01 00 	mov    0x1e0(%rsp),%rdx
 2f1b94f:	00 
 2f1b950:	48 8b 74 24 20       	mov    0x20(%rsp),%rsi
 2f1b955:	48 89 56 18          	mov    %rdx,0x18(%rsi)
 2f1b959:	66 0f 6f 84 24 d0 01 	movdqa 0x1d0(%rsp),%xmm0
 2f1b960:	00 00 
 2f1b962:	f3 0f 7f 46 08       	movdqu %xmm0,0x8(%rsi)
 2f1b967:	48 89 06             	mov    %rax,(%rsi)
 2f1b96a:	48 89 4e 20          	mov    %rcx,0x20(%rsi)
 2f1b96e:	41 b4 01             	mov    $0x1,%r12b
 2f1b971:	e9 f5 01 00 00       	jmp    2f1bb6b <_ZN10litchi_cfb4file16OleFile$LT$R$GT$14load_directory17he542c168c4b70583E+0x2adb>
 2f1b976:	bf 01 00 00 00       	mov    $0x1,%edi
 2f1b97b:	be 1e 00 00 00       	mov    $0x1e,%esi
 2f1b980:	ff 15 02 1b 1a 00    	call   *0x1a1b02(%rip)        # 30bd488 <_DYNAMIC+0x2d0>
 2f1b986:	e9 77 02 00 00       	jmp    2f1bc02 <_ZN10litchi_cfb4file16OleFile$LT$R$GT$14load_directory17he542c168c4b70583E+0x2b72>
 2f1b98b:	45 31 f6             	xor    %r14d,%r14d
 2f1b98e:	e9 2c 01 00 00       	jmp    2f1babf <_ZN10litchi_cfb4file16OleFile$LT$R$GT$14load_directory17he542c168c4b70583E+0x2a2f>
 2f1b993:	48 8b 44 24 70       	mov    0x70(%rsp),%rax
 2f1b998:	48 89 44 24 28       	mov    %rax,0x28(%rsp)
 2f1b99d:	48 8b 44 24 28       	mov    0x28(%rsp),%rax
 2f1b9a2:	48 89 84 24 a0 00 00 	mov    %rax,0xa0(%rsp)
 2f1b9a9:	00 
 2f1b9aa:	48 89 9c 24 b8 00 00 	mov    %rbx,0xb8(%rsp)
 2f1b9b1:	00 
 2f1b9b2:	48 8d bc 24 b0 00 00 	lea    0xb0(%rsp),%rdi
 2f1b9b9:	00 
 2f1b9ba:	e8 91 0d 04 00       	call   2f5c750 <_ZN86_$LT$alloc..vec..into_iter..IntoIter$LT$T$C$A$GT$$u20$as$u20$core..ops..drop..Drop$GT$4drop17hf1678ce0823718ebE>
 2f1b9bf:	48 8d 9d 90 00 00 00 	lea    0x90(%rbp),%rbx
 2f1b9c6:	4c 39 ad 90 00 00 00 	cmp    %r13,0x90(%rbp)
 2f1b9cd:	74 08                	je     2f1b9d7 <_ZN10litchi_cfb4file16OleFile$LT$R$GT$14load_directory17he542c168c4b70583E+0x2947>
 2f1b9cf:	48 89 df             	mov    %rbx,%rdi
 2f1b9d2:	e8 e9 8c 00 00       	call   2f246c0 <_ZN4core3ptr53drop_in_place$LT$litchi_cfb..file..DirectoryEntry$GT$17hdd29138db2dcb83aE>
 2f1b9d7:	48 8b 84 24 b0 04 00 	mov    0x4b0(%rsp),%rax
 2f1b9de:	00 
 2f1b9df:	48 89 43 60          	mov    %rax,0x60(%rbx)
 2f1b9e3:	0f 28 84 24 a0 04 00 	movaps 0x4a0(%rsp),%xmm0
 2f1b9ea:	00 
 2f1b9eb:	0f 11 43 50          	movups %xmm0,0x50(%rbx)
 2f1b9ef:	0f 28 84 24 90 04 00 	movaps 0x490(%rsp),%xmm0
 2f1b9f6:	00 
 2f1b9f7:	0f 11 43 40          	movups %xmm0,0x40(%rbx)
 2f1b9fb:	0f 28 84 24 50 04 00 	movaps 0x450(%rsp),%xmm0
 2f1ba02:	00 
 2f1ba03:	66 0f 6f 8c 24 60 04 	movdqa 0x460(%rsp),%xmm1
 2f1ba0a:	00 00 
 2f1ba0c:	0f 28 94 24 70 04 00 	movaps 0x470(%rsp),%xmm2
 2f1ba13:	00 
 2f1ba14:	0f 28 9c 24 80 04 00 	movaps 0x480(%rsp),%xmm3
 2f1ba1b:	00 
 2f1ba1c:	0f 11 5b 30          	movups %xmm3,0x30(%rbx)
 2f1ba20:	0f 11 53 20          	movups %xmm2,0x20(%rbx)
 2f1ba24:	f3 0f 7f 4b 10       	movdqu %xmm1,0x10(%rbx)
 2f1ba29:	0f 11 03             	movups %xmm0,(%rbx)
 2f1ba2c:	48 8d 5d 48          	lea    0x48(%rbp),%rbx
 2f1ba30:	48 89 df             	mov    %rbx,%rdi
 2f1ba33:	e8 18 89 00 00       	call   2f24350 <_ZN4core3ptr104drop_in_place$LT$alloc..vec..Vec$LT$core..option..Option$LT$litchi_cfb..file..DirectoryEntry$GT$$GT$$GT$17h9e033a92d8411f5bE>
 2f1ba38:	48 8b 84 24 90 02 00 	mov    0x290(%rsp),%rax
 2f1ba3f:	00 
 2f1ba40:	48 89 43 10          	mov    %rax,0x10(%rbx)
 2f1ba44:	0f 28 84 24 80 02 00 	movaps 0x280(%rsp),%xmm0
 2f1ba4b:	00 
 2f1ba4c:	0f 11 03             	movups %xmm0,(%rbx)
 2f1ba4f:	48 8d 7d 60          	lea    0x60(%rbp),%rdi
 2f1ba53:	e8 a8 8a 00 00       	call   2f24500 <_ZN4core3ptr117drop_in_place$LT$alloc..vec..Vec$LT$core..option..Option$LT$litchi_cfb..directory_name..DirectoryNameData$GT$$GT$$GT$17h6a7545abcd2c89ecE>
 2f1ba58:	48 8b 84 24 c0 03 00 	mov    0x3c0(%rsp),%rax
 2f1ba5f:	00 
 2f1ba60:	48 89 45 70          	mov    %rax,0x70(%rbp)
 2f1ba64:	66 0f 6f 84 24 b0 03 	movdqa 0x3b0(%rsp),%xmm0
 2f1ba6b:	00 00 
 2f1ba6d:	f3 0f 7f 45 60       	movdqu %xmm0,0x60(%rbp)
 2f1ba72:	48 8b 44 24 20       	mov    0x20(%rsp),%rax
 2f1ba77:	48 c7 00 0b 00 00 00 	movq   $0xb,(%rax)
 2f1ba7e:	48 83 7c 24 48 00    	cmpq   $0x0,0x48(%rsp)
 2f1ba84:	74 15                	je     2f1ba9b <_ZN10litchi_cfb4file16OleFile$LT$R$GT$14load_directory17he542c168c4b70583E+0x2a0b>
 2f1ba86:	ba 01 00 00 00       	mov    $0x1,%edx
 2f1ba8b:	48 8b 7c 24 50       	mov    0x50(%rsp),%rdi
 2f1ba90:	48 8b 74 24 48       	mov    0x48(%rsp),%rsi
 2f1ba95:	ff 15 65 19 1a 00    	call   *0x1a1965(%rip)        # 30bd400 <_DYNAMIC+0x248>
 2f1ba9b:	48 8b 74 24 38       	mov    0x38(%rsp),%rsi
 2f1baa0:	48 85 f6             	test   %rsi,%rsi
 2f1baa3:	48 8b 7c 24 40       	mov    0x40(%rsp),%rdi
 2f1baa8:	0f 84 2b dc ff ff    	je     2f196d9 <_ZN10litchi_cfb4file16OleFile$LT$R$GT$14load_directory17he542c168c4b70583E+0x649>
 2f1baae:	48 c1 e6 02          	shl    $0x2,%rsi
 2f1bab2:	ba 04 00 00 00       	mov    $0x4,%edx
 2f1bab7:	e9 17 dc ff ff       	jmp    2f196d3 <_ZN10litchi_cfb4file16OleFile$LT$R$GT$14load_directory17he542c168c4b70583E+0x643>
 2f1babc:	41 b6 01             	mov    $0x1,%r14b
 2f1babf:	48 8b 44 24 28       	mov    0x28(%rsp),%rax
 2f1bac4:	48 89 84 24 a0 00 00 	mov    %rax,0xa0(%rsp)
 2f1bacb:	00 
 2f1bacc:	48 89 9c 24 b8 00 00 	mov    %rbx,0xb8(%rsp)
 2f1bad3:	00 
 2f1bad4:	ff 15 76 19 1a 00    	call   *0x1a1976(%rip)        # 30bd450 <_DYNAMIC+0x298>
 2f1bada:	bf 33 00 00 00       	mov    $0x33,%edi
 2f1badf:	be 01 00 00 00       	mov    $0x1,%esi
 2f1bae4:	ff 15 6e 19 1a 00    	call   *0x1a196e(%rip)        # 30bd458 <_DYNAMIC+0x2a0>
 2f1baea:	48 85 c0             	test   %rax,%rax
 2f1baed:	0f 84 ff 00 00 00    	je     2f1bbf2 <_ZN10litchi_cfb4file16OleFile$LT$R$GT$14load_directory17he542c168c4b70583E+0x2b62>
 2f1baf3:	0f 10 05 1d 5f 61 fd 	movups -0x29ea0e3(%rip),%xmm0        # 531a17 <anon.e0572dd12dce1d6d78420bf0a335603a.8.llvm.17154920839617733857+0xc54>
 2f1bafa:	0f 11 40 20          	movups %xmm0,0x20(%rax)
 2f1bafe:	0f 10 05 02 5f 61 fd 	movups -0x29ea0fe(%rip),%xmm0        # 531a07 <anon.e0572dd12dce1d6d78420bf0a335603a.8.llvm.17154920839617733857+0xc44>
 2f1bb05:	0f 11 40 10          	movups %xmm0,0x10(%rax)
 2f1bb09:	f3 0f 6f 05 e6 5e 61 	movdqu -0x29ea11a(%rip),%xmm0        # 5319f7 <anon.e0572dd12dce1d6d78420bf0a335603a.8.llvm.17154920839617733857+0xc34>
 2f1bb10:	fd 
 2f1bb11:	f3 0f 7f 00          	movdqu %xmm0,(%rax)
 2f1bb15:	c7 40 2f 67 72 65 65 	movl   $0x65657267,0x2f(%rax)
 2f1bb1c:	48 8b 4c 24 20       	mov    0x20(%rsp),%rcx
 2f1bb21:	48 c7 01 08 00 00 00 	movq   $0x8,(%rcx)
 2f1bb28:	48 c7 41 08 33 00 00 	movq   $0x33,0x8(%rcx)
 2f1bb2f:	00 
 2f1bb30:	48 89 41 10          	mov    %rax,0x10(%rcx)
 2f1bb34:	48 c7 41 18 33 00 00 	movq   $0x33,0x18(%rcx)
 2f1bb3b:	00 
 2f1bb3c:	45 84 f6             	test   %r14b,%r14b
 2f1bb3f:	75 0d                	jne    2f1bb4e <_ZN10litchi_cfb4file16OleFile$LT$R$GT$14load_directory17he542c168c4b70583E+0x2abe>
 2f1bb41:	48 8d bc 24 a8 02 00 	lea    0x2a8(%rsp),%rdi
 2f1bb48:	00 
 2f1bb49:	e8 52 8c 00 00       	call   2f247a0 <_ZN4core3ptr62drop_in_place$LT$litchi_cfb..file..ValidatedDirectoryEntry$GT$17h3581aab8006163d7E>
 2f1bb4e:	48 8d bc 24 b0 00 00 	lea    0xb0(%rsp),%rdi
 2f1bb55:	00 
 2f1bb56:	e8 f5 0b 04 00       	call   2f5c750 <_ZN86_$LT$alloc..vec..into_iter..IntoIter$LT$T$C$A$GT$$u20$as$u20$core..ops..drop..Drop$GT$4drop17hf1678ce0823718ebE>
 2f1bb5b:	48 8d bc 24 b0 03 00 	lea    0x3b0(%rsp),%rdi
 2f1bb62:	00 
 2f1bb63:	e8 98 89 00 00       	call   2f24500 <_ZN4core3ptr117drop_in_place$LT$alloc..vec..Vec$LT$core..option..Option$LT$litchi_cfb..directory_name..DirectoryNameData$GT$$GT$$GT$17h6a7545abcd2c89ecE>
 2f1bb68:	45 31 e4             	xor    %r12d,%r12d
 2f1bb6b:	4c 39 ac 24 50 04 00 	cmp    %r13,0x450(%rsp)
 2f1bb72:	00 
 2f1bb73:	74 0d                	je     2f1bb82 <_ZN10litchi_cfb4file16OleFile$LT$R$GT$14load_directory17he542c168c4b70583E+0x2af2>
 2f1bb75:	48 8d bc 24 50 04 00 	lea    0x450(%rsp),%rdi
 2f1bb7c:	00 
 2f1bb7d:	e8 3e 8b 00 00       	call   2f246c0 <_ZN4core3ptr53drop_in_place$LT$litchi_cfb..file..DirectoryEntry$GT$17hdd29138db2dcb83aE>
 2f1bb82:	48 8d bc 24 80 02 00 	lea    0x280(%rsp),%rdi
 2f1bb89:	00 
 2f1bb8a:	4c 8b 74 24 38       	mov    0x38(%rsp),%r14
 2f1bb8f:	e8 bc 87 00 00       	call   2f24350 <_ZN4core3ptr104drop_in_place$LT$alloc..vec..Vec$LT$core..option..Option$LT$litchi_cfb..file..DirectoryEntry$GT$$GT$$GT$17h9e033a92d8411f5bE>
 2f1bb94:	45 84 e4             	test   %r12b,%r12b
 2f1bb97:	0f 84 03 db ff ff    	je     2f196a0 <_ZN10litchi_cfb4file16OleFile$LT$R$GT$14load_directory17he542c168c4b70583E+0x610>
 2f1bb9d:	48 8d bc 24 f8 04 00 	lea    0x4f8(%rsp),%rdi
 2f1bba4:	00 
 2f1bba5:	e8 96 88 00 00       	call   2f24440 <_ZN4core3ptr113drop_in_place$LT$alloc..vec..Vec$LT$core..option..Option$LT$litchi_cfb..file..ValidatedDirectoryEntry$GT$$GT$$GT$17h202602668e96b823E>
 2f1bbaa:	e9 f1 da ff ff       	jmp    2f196a0 <_ZN10litchi_cfb4file16OleFile$LT$R$GT$14load_directory17he542c168c4b70583E+0x610>
 2f1bbaf:	48 8d 0d 82 75 19 00 	lea    0x197582(%rip),%rcx        # 30b3138 <anon.d00dbc7dc7a2f97f576ff7feddf84097.1.llvm.9674563019715341993+0x50>
 2f1bbb6:	be 80 00 00 00       	mov    $0x80,%esi
 2f1bbbb:	31 ff                	xor    %edi,%edi
 2f1bbbd:	48 8b 54 24 28       	mov    0x28(%rsp),%rdx
 2f1bbc2:	ff 15 40 18 1a 00    	call   *0x1a1840(%rip)        # 30bd408 <_DYNAMIC+0x250>
 2f1bbc8:	eb 38                	jmp    2f1bc02 <_ZN10litchi_cfb4file16OleFile$LT$R$GT$14load_directory17he542c168c4b70583E+0x2b72>
 2f1bbca:	41 b4 01             	mov    $0x1,%r12b
 2f1bbcd:	bf 01 00 00 00       	mov    $0x1,%edi
 2f1bbd2:	be 2e 00 00 00       	mov    $0x2e,%esi
 2f1bbd7:	ff 15 ab 18 1a 00    	call   *0x1a18ab(%rip)        # 30bd488 <_DYNAMIC+0x2d0>
 2f1bbdd:	eb 23                	jmp    2f1bc02 <_ZN10litchi_cfb4file16OleFile$LT$R$GT$14load_directory17he542c168c4b70583E+0x2b72>
 2f1bbdf:	48 8d 15 6a 75 19 00 	lea    0x19756a(%rip),%rdx        # 30b3150 <anon.d00dbc7dc7a2f97f576ff7feddf84097.1.llvm.9674563019715341993+0x68>
 2f1bbe6:	31 ff                	xor    %edi,%edi
 2f1bbe8:	31 f6                	xor    %esi,%esi
 2f1bbea:	ff 15 40 18 1a 00    	call   *0x1a1840(%rip)        # 30bd430 <_DYNAMIC+0x278>
 2f1bbf0:	eb 10                	jmp    2f1bc02 <_ZN10litchi_cfb4file16OleFile$LT$R$GT$14load_directory17he542c168c4b70583E+0x2b72>
 2f1bbf2:	bf 01 00 00 00       	mov    $0x1,%edi
 2f1bbf7:	be 33 00 00 00       	mov    $0x33,%esi
 2f1bbfc:	ff 15 86 18 1a 00    	call   *0x1a1886(%rip)        # 30bd488 <_DYNAMIC+0x2d0>
 2f1bc02:	0f 0b                	ud2
 2f1bc04:	48 89 c5             	mov    %rax,%rbp
 2f1bc07:	45 84 f6             	test   %r14b,%r14b
 2f1bc0a:	75 0d                	jne    2f1bc19 <_ZN10litchi_cfb4file16OleFile$LT$R$GT$14load_directory17he542c168c4b70583E+0x2b89>
 2f1bc0c:	48 8d bc 24 a8 02 00 	lea    0x2a8(%rsp),%rdi
 2f1bc13:	00 
 2f1bc14:	e8 87 8b 00 00       	call   2f247a0 <_ZN4core3ptr62drop_in_place$LT$litchi_cfb..file..ValidatedDirectoryEntry$GT$17h3581aab8006163d7E>
 2f1bc19:	48 8d bc 24 b0 00 00 	lea    0xb0(%rsp),%rdi
 2f1bc20:	00 
 2f1bc21:	e8 2a 0b 04 00       	call   2f5c750 <_ZN86_$LT$alloc..vec..into_iter..IntoIter$LT$T$C$A$GT$$u20$as$u20$core..ops..drop..Drop$GT$4drop17hf1678ce0823718ebE>
 2f1bc26:	eb 26                	jmp    2f1bc4e <_ZN10litchi_cfb4file16OleFile$LT$R$GT$14load_directory17he542c168c4b70583E+0x2bbe>
 2f1bc28:	48 89 c5             	mov    %rax,%rbp
 2f1bc2b:	4c 39 ac 24 80 00 00 	cmp    %r13,0x80(%rsp)
 2f1bc32:	00 
 2f1bc33:	0f 84 40 01 00 00    	je     2f1bd79 <_ZN10litchi_cfb4file16OleFile$LT$R$GT$14load_directory17he542c168c4b70583E+0x2ce9>
 2f1bc39:	48 8d bc 24 80 00 00 	lea    0x80(%rsp),%rdi
 2f1bc40:	00 
 2f1bc41:	e8 7a 8a 00 00       	call   2f246c0 <_ZN4core3ptr53drop_in_place$LT$litchi_cfb..file..DirectoryEntry$GT$17hdd29138db2dcb83aE>
 2f1bc46:	e9 2e 01 00 00       	jmp    2f1bd79 <_ZN10litchi_cfb4file16OleFile$LT$R$GT$14load_directory17he542c168c4b70583E+0x2ce9>
 2f1bc4b:	48 89 c5             	mov    %rax,%rbp
 2f1bc4e:	48 8d bc 24 b0 03 00 	lea    0x3b0(%rsp),%rdi
 2f1bc55:	00 
 2f1bc56:	e8 a5 88 00 00       	call   2f24500 <_ZN4core3ptr117drop_in_place$LT$alloc..vec..Vec$LT$core..option..Option$LT$litchi_cfb..directory_name..DirectoryNameData$GT$$GT$$GT$17h6a7545abcd2c89ecE>
 2f1bc5b:	45 31 e4             	xor    %r12d,%r12d
 2f1bc5e:	e9 87 01 00 00       	jmp    2f1bdea <_ZN10litchi_cfb4file16OleFile$LT$R$GT$14load_directory17he542c168c4b70583E+0x2d5a>
 2f1bc63:	48 89 c5             	mov    %rax,%rbp
 2f1bc66:	48 8b 84 24 90 02 00 	mov    0x290(%rsp),%rax
 2f1bc6d:	00 
 2f1bc6e:	48 89 43 10          	mov    %rax,0x10(%rbx)
 2f1bc72:	66 0f 6f 84 24 80 02 	movdqa 0x280(%rsp),%xmm0
 2f1bc79:	00 00 
 2f1bc7b:	f3 0f 7f 03          	movdqu %xmm0,(%rbx)
 2f1bc7f:	48 8d bc 24 b0 03 00 	lea    0x3b0(%rsp),%rdi
 2f1bc86:	00 
 2f1bc87:	e8 74 88 00 00       	call   2f24500 <_ZN4core3ptr117drop_in_place$LT$alloc..vec..Vec$LT$core..option..Option$LT$litchi_cfb..directory_name..DirectoryNameData$GT$$GT$$GT$17h6a7545abcd2c89ecE>
 2f1bc8c:	e9 79 02 00 00       	jmp    2f1bf0a <_ZN10litchi_cfb4file16OleFile$LT$R$GT$14load_directory17he542c168c4b70583E+0x2e7a>
 2f1bc91:	48 89 c5             	mov    %rax,%rbp
 2f1bc94:	48 8b 84 24 b0 04 00 	mov    0x4b0(%rsp),%rax
 2f1bc9b:	00 
 2f1bc9c:	48 89 43 60          	mov    %rax,0x60(%rbx)
 2f1bca0:	0f 28 84 24 a0 04 00 	movaps 0x4a0(%rsp),%xmm0
 2f1bca7:	00 
 2f1bca8:	0f 11 43 50          	movups %xmm0,0x50(%rbx)
 2f1bcac:	0f 28 84 24 90 04 00 	movaps 0x490(%rsp),%xmm0
 2f1bcb3:	00 
 2f1bcb4:	0f 11 43 40          	movups %xmm0,0x40(%rbx)
 2f1bcb8:	66 0f 6f 84 24 50 04 	movdqa 0x450(%rsp),%xmm0
 2f1bcbf:	00 00 
 2f1bcc1:	66 0f 6f 8c 24 60 04 	movdqa 0x460(%rsp),%xmm1
 2f1bcc8:	00 00 
 2f1bcca:	0f 28 94 24 70 04 00 	movaps 0x470(%rsp),%xmm2
 2f1bcd1:	00 
 2f1bcd2:	0f 28 9c 24 80 04 00 	movaps 0x480(%rsp),%xmm3
 2f1bcd9:	00 
 2f1bcda:	0f 11 5b 30          	movups %xmm3,0x30(%rbx)
 2f1bcde:	0f 11 53 20          	movups %xmm2,0x20(%rbx)
 2f1bce2:	f3 0f 7f 4b 10       	movdqu %xmm1,0x10(%rbx)
 2f1bce7:	f3 0f 7f 03          	movdqu %xmm0,(%rbx)
 2f1bceb:	48 8d bc 24 b0 03 00 	lea    0x3b0(%rsp),%rdi
 2f1bcf2:	00 
 2f1bcf3:	e8 08 88 00 00       	call   2f24500 <_ZN4core3ptr117drop_in_place$LT$alloc..vec..Vec$LT$core..option..Option$LT$litchi_cfb..directory_name..DirectoryNameData$GT$$GT$$GT$17h6a7545abcd2c89ecE>
 2f1bcf8:	45 31 e4             	xor    %r12d,%r12d
 2f1bcfb:	e9 01 01 00 00       	jmp    2f1be01 <_ZN10litchi_cfb4file16OleFile$LT$R$GT$14load_directory17he542c168c4b70583E+0x2d71>
 2f1bd00:	e9 92 00 00 00       	jmp    2f1bd97 <_ZN10litchi_cfb4file16OleFile$LT$R$GT$14load_directory17he542c168c4b70583E+0x2d07>
 2f1bd05:	48 89 c5             	mov    %rax,%rbp
 2f1bd08:	48 8b 84 24 e0 00 00 	mov    0xe0(%rsp),%rax
 2f1bd0f:	00 
 2f1bd10:	49 89 44 24 60       	mov    %rax,0x60(%r12)
 2f1bd15:	0f 28 84 24 d0 00 00 	movaps 0xd0(%rsp),%xmm0
 2f1bd1c:	00 
 2f1bd1d:	41 0f 11 44 24 50    	movups %xmm0,0x50(%r12)
 2f1bd23:	0f 28 84 24 c0 00 00 	movaps 0xc0(%rsp),%xmm0
 2f1bd2a:	00 
 2f1bd2b:	41 0f 11 44 24 40    	movups %xmm0,0x40(%r12)
 2f1bd31:	66 0f 6f 84 24 80 00 	movdqa 0x80(%rsp),%xmm0
 2f1bd38:	00 00 
 2f1bd3a:	66 0f 6f 8c 24 90 00 	movdqa 0x90(%rsp),%xmm1
 2f1bd41:	00 00 
 2f1bd43:	0f 28 94 24 a0 00 00 	movaps 0xa0(%rsp),%xmm2
 2f1bd4a:	00 
 2f1bd4b:	0f 28 9c 24 b0 00 00 	movaps 0xb0(%rsp),%xmm3
 2f1bd52:	00 
 2f1bd53:	41 0f 11 5c 24 30    	movups %xmm3,0x30(%r12)
 2f1bd59:	41 0f 11 54 24 20    	movups %xmm2,0x20(%r12)
 2f1bd5f:	f3 41 0f 7f 4c 24 10 	movdqu %xmm1,0x10(%r12)
 2f1bd66:	f3 41 0f 7f 04 24    	movdqu %xmm0,(%r12)
 2f1bd6c:	eb 0b                	jmp    2f1bd79 <_ZN10litchi_cfb4file16OleFile$LT$R$GT$14load_directory17he542c168c4b70583E+0x2ce9>
 2f1bd6e:	48 89 c5             	mov    %rax,%rbp
 2f1bd71:	e9 8b 00 00 00       	jmp    2f1be01 <_ZN10litchi_cfb4file16OleFile$LT$R$GT$14load_directory17he542c168c4b70583E+0x2d71>
 2f1bd76:	48 89 c5             	mov    %rax,%rbp
 2f1bd79:	41 b4 01             	mov    $0x1,%r12b
 2f1bd7c:	48 8d bc 24 d0 01 00 	lea    0x1d0(%rsp),%rdi
 2f1bd83:	00 
 2f1bd84:	e8 37 89 00 00       	call   2f246c0 <_ZN4core3ptr53drop_in_place$LT$litchi_cfb..file..DirectoryEntry$GT$17hdd29138db2dcb83aE>
 2f1bd89:	eb 5f                	jmp    2f1bdea <_ZN10litchi_cfb4file16OleFile$LT$R$GT$14load_directory17he542c168c4b70583E+0x2d5a>
 2f1bd8b:	48 89 c5             	mov    %rax,%rbp
 2f1bd8e:	eb 7e                	jmp    2f1be0e <_ZN10litchi_cfb4file16OleFile$LT$R$GT$14load_directory17he542c168c4b70583E+0x2d7e>
 2f1bd90:	eb 05                	jmp    2f1bd97 <_ZN10litchi_cfb4file16OleFile$LT$R$GT$14load_directory17he542c168c4b70583E+0x2d07>
 2f1bd92:	48 89 c5             	mov    %rax,%rbp
 2f1bd95:	eb 27                	jmp    2f1bdbe <_ZN10litchi_cfb4file16OleFile$LT$R$GT$14load_directory17he542c168c4b70583E+0x2d2e>
 2f1bd97:	48 89 c5             	mov    %rax,%rbp
 2f1bd9a:	48 8b b4 24 d0 03 00 	mov    0x3d0(%rsp),%rsi
 2f1bda1:	00 
 2f1bda2:	48 85 f6             	test   %rsi,%rsi
 2f1bda5:	74 17                	je     2f1bdbe <_ZN10litchi_cfb4file16OleFile$LT$R$GT$14load_directory17he542c168c4b70583E+0x2d2e>
 2f1bda7:	48 8b bc 24 d8 03 00 	mov    0x3d8(%rsp),%rdi
 2f1bdae:	00 
 2f1bdaf:	48 c1 e6 05          	shl    $0x5,%rsi
 2f1bdb3:	ba 08 00 00 00       	mov    $0x8,%edx
 2f1bdb8:	ff 15 42 16 1a 00    	call   *0x1a1642(%rip)        # 30bd400 <_DYNAMIC+0x248>
 2f1bdbe:	48 8b b4 24 78 01 00 	mov    0x178(%rsp),%rsi
 2f1bdc5:	00 
 2f1bdc6:	48 85 f6             	test   %rsi,%rsi
 2f1bdc9:	74 67                	je     2f1be32 <_ZN10litchi_cfb4file16OleFile$LT$R$GT$14load_directory17he542c168c4b70583E+0x2da2>
 2f1bdcb:	48 8b bc 24 80 01 00 	mov    0x180(%rsp),%rdi
 2f1bdd2:	00 
 2f1bdd3:	48 c1 e6 02          	shl    $0x2,%rsi
 2f1bdd7:	ba 04 00 00 00       	mov    $0x4,%edx
 2f1bddc:	ff 15 1e 16 1a 00    	call   *0x1a161e(%rip)        # 30bd400 <_DYNAMIC+0x248>
 2f1bde2:	eb 4e                	jmp    2f1be32 <_ZN10litchi_cfb4file16OleFile$LT$R$GT$14load_directory17he542c168c4b70583E+0x2da2>
 2f1bde4:	48 89 c5             	mov    %rax,%rbp
 2f1bde7:	41 b4 01             	mov    $0x1,%r12b
 2f1bdea:	4c 39 ac 24 50 04 00 	cmp    %r13,0x450(%rsp)
 2f1bdf1:	00 
 2f1bdf2:	74 0d                	je     2f1be01 <_ZN10litchi_cfb4file16OleFile$LT$R$GT$14load_directory17he542c168c4b70583E+0x2d71>
 2f1bdf4:	48 8d bc 24 50 04 00 	lea    0x450(%rsp),%rdi
 2f1bdfb:	00 
 2f1bdfc:	e8 bf 88 00 00       	call   2f246c0 <_ZN4core3ptr53drop_in_place$LT$litchi_cfb..file..DirectoryEntry$GT$17hdd29138db2dcb83aE>
 2f1be01:	48 8d bc 24 80 02 00 	lea    0x280(%rsp),%rdi
 2f1be08:	00 
 2f1be09:	e8 42 85 00 00       	call   2f24350 <_ZN4core3ptr104drop_in_place$LT$alloc..vec..Vec$LT$core..option..Option$LT$litchi_cfb..file..DirectoryEntry$GT$$GT$$GT$17h9e033a92d8411f5bE>
 2f1be0e:	45 84 e4             	test   %r12b,%r12b
 2f1be11:	0f 84 f3 00 00 00    	je     2f1bf0a <_ZN10litchi_cfb4file16OleFile$LT$R$GT$14load_directory17he542c168c4b70583E+0x2e7a>
 2f1be17:	48 8d bc 24 f8 04 00 	lea    0x4f8(%rsp),%rdi
 2f1be1e:	00 
 2f1be1f:	e8 1c 86 00 00       	call   2f24440 <_ZN4core3ptr113drop_in_place$LT$alloc..vec..Vec$LT$core..option..Option$LT$litchi_cfb..file..ValidatedDirectoryEntry$GT$$GT$$GT$17h202602668e96b823E>
 2f1be24:	e9 e1 00 00 00       	jmp    2f1bf0a <_ZN10litchi_cfb4file16OleFile$LT$R$GT$14load_directory17he542c168c4b70583E+0x2e7a>
 2f1be29:	ff 15 c9 16 1a 00    	call   *0x1a16c9(%rip)        # 30bd4f8 <_DYNAMIC+0x340>
 2f1be2f:	48 89 c5             	mov    %rax,%rbp
 2f1be32:	48 8b b4 24 10 05 00 	mov    0x510(%rsp),%rsi
 2f1be39:	00 
 2f1be3a:	48 85 f6             	test   %rsi,%rsi
 2f1be3d:	0f 84 b3 00 00 00    	je     2f1bef6 <_ZN10litchi_cfb4file16OleFile$LT$R$GT$14load_directory17he542c168c4b70583E+0x2e66>
 2f1be43:	48 8b bc 24 18 05 00 	mov    0x518(%rsp),%rdi
 2f1be4a:	00 
 2f1be4b:	48 c1 e6 03          	shl    $0x3,%rsi
 2f1be4f:	ba 08 00 00 00       	mov    $0x8,%edx
 2f1be54:	e9 97 00 00 00       	jmp    2f1bef0 <_ZN10litchi_cfb4file16OleFile$LT$R$GT$14load_directory17he542c168c4b70583E+0x2e60>
 2f1be59:	eb 11                	jmp    2f1be6c <_ZN10litchi_cfb4file16OleFile$LT$R$GT$14load_directory17he542c168c4b70583E+0x2ddc>
 2f1be5b:	eb 35                	jmp    2f1be92 <_ZN10litchi_cfb4file16OleFile$LT$R$GT$14load_directory17he542c168c4b70583E+0x2e02>
 2f1be5d:	4c 89 74 24 38       	mov    %r14,0x38(%rsp)
 2f1be62:	eb 1c                	jmp    2f1be80 <_ZN10litchi_cfb4file16OleFile$LT$R$GT$14load_directory17he542c168c4b70583E+0x2df0>
 2f1be64:	eb 06                	jmp    2f1be6c <_ZN10litchi_cfb4file16OleFile$LT$R$GT$14load_directory17he542c168c4b70583E+0x2ddc>
 2f1be66:	eb 2f                	jmp    2f1be97 <_ZN10litchi_cfb4file16OleFile$LT$R$GT$14load_directory17he542c168c4b70583E+0x2e07>
 2f1be68:	eb 23                	jmp    2f1be8d <_ZN10litchi_cfb4file16OleFile$LT$R$GT$14load_directory17he542c168c4b70583E+0x2dfd>
 2f1be6a:	eb 26                	jmp    2f1be92 <_ZN10litchi_cfb4file16OleFile$LT$R$GT$14load_directory17he542c168c4b70583E+0x2e02>
 2f1be6c:	48 89 c5             	mov    %rax,%rbp
 2f1be6f:	48 8d bc 24 10 05 00 	lea    0x510(%rsp),%rdi
 2f1be76:	00 
 2f1be77:	e8 84 89 00 00       	call   2f24800 <_ZN4core3ptr66drop_in_place$LT$litchi_cfb..directory_name..DirectoryNameData$GT$17h072002db059317d2E>
 2f1be7c:	eb 3c                	jmp    2f1beba <_ZN10litchi_cfb4file16OleFile$LT$R$GT$14load_directory17he542c168c4b70583E+0x2e2a>
 2f1be7e:	eb 0d                	jmp    2f1be8d <_ZN10litchi_cfb4file16OleFile$LT$R$GT$14load_directory17he542c168c4b70583E+0x2dfd>
 2f1be80:	48 89 c5             	mov    %rax,%rbp
 2f1be83:	e9 9f 00 00 00       	jmp    2f1bf27 <_ZN10litchi_cfb4file16OleFile$LT$R$GT$14load_directory17he542c168c4b70583E+0x2e97>
 2f1be88:	48 89 c5             	mov    %rax,%rbp
 2f1be8b:	eb 2d                	jmp    2f1beba <_ZN10litchi_cfb4file16OleFile$LT$R$GT$14load_directory17he542c168c4b70583E+0x2e2a>
 2f1be8d:	48 89 c5             	mov    %rax,%rbp
 2f1be90:	eb 64                	jmp    2f1bef6 <_ZN10litchi_cfb4file16OleFile$LT$R$GT$14load_directory17he542c168c4b70583E+0x2e66>
 2f1be92:	48 89 c5             	mov    %rax,%rbp
 2f1be95:	eb 3b                	jmp    2f1bed2 <_ZN10litchi_cfb4file16OleFile$LT$R$GT$14load_directory17he542c168c4b70583E+0x2e42>
 2f1be97:	48 89 c5             	mov    %rax,%rbp
 2f1be9a:	48 8b b4 24 80 03 00 	mov    0x380(%rsp),%rsi
 2f1bea1:	00 
 2f1bea2:	48 85 f6             	test   %rsi,%rsi
 2f1bea5:	74 13                	je     2f1beba <_ZN10litchi_cfb4file16OleFile$LT$R$GT$14load_directory17he542c168c4b70583E+0x2e2a>
 2f1bea7:	48 8b bc 24 88 03 00 	mov    0x388(%rsp),%rdi
 2f1beae:	00 
 2f1beaf:	ba 01 00 00 00       	mov    $0x1,%edx
 2f1beb4:	ff 15 46 15 1a 00    	call   *0x1a1546(%rip)        # 30bd400 <_DYNAMIC+0x248>
 2f1beba:	4d 85 ff             	test   %r15,%r15
 2f1bebd:	74 13                	je     2f1bed2 <_ZN10litchi_cfb4file16OleFile$LT$R$GT$14load_directory17he542c168c4b70583E+0x2e42>
 2f1bebf:	ba 01 00 00 00       	mov    $0x1,%edx
 2f1bec4:	48 8b 7c 24 10       	mov    0x10(%rsp),%rdi
 2f1bec9:	4c 89 fe             	mov    %r15,%rsi
 2f1becc:	ff 15 2e 15 1a 00    	call   *0x1a152e(%rip)        # 30bd400 <_DYNAMIC+0x248>
 2f1bed2:	48 8b b4 24 c0 01 00 	mov    0x1c0(%rsp),%rsi
 2f1bed9:	00 
 2f1beda:	48 83 fe 21          	cmp    $0x21,%rsi
 2f1bede:	72 16                	jb     2f1bef6 <_ZN10litchi_cfb4file16OleFile$LT$R$GT$14load_directory17he542c168c4b70583E+0x2e66>
 2f1bee0:	48 8b bc 24 88 01 00 	mov    0x188(%rsp),%rdi
 2f1bee7:	00 
 2f1bee8:	48 01 f6             	add    %rsi,%rsi
 2f1beeb:	ba 02 00 00 00       	mov    $0x2,%edx
 2f1bef0:	ff 15 0a 15 1a 00    	call   *0x1a150a(%rip)        # 30bd400 <_DYNAMIC+0x248>
 2f1bef6:	48 8d bc 24 58 01 00 	lea    0x158(%rsp),%rdi
 2f1befd:	00 
 2f1befe:	e8 3d 85 00 00       	call   2f24440 <_ZN4core3ptr113drop_in_place$LT$alloc..vec..Vec$LT$core..option..Option$LT$litchi_cfb..file..ValidatedDirectoryEntry$GT$$GT$$GT$17h202602668e96b823E>
 2f1bf03:	eb 05                	jmp    2f1bf0a <_ZN10litchi_cfb4file16OleFile$LT$R$GT$14load_directory17he542c168c4b70583E+0x2e7a>
 2f1bf05:	eb 00                	jmp    2f1bf07 <_ZN10litchi_cfb4file16OleFile$LT$R$GT$14load_directory17he542c168c4b70583E+0x2e77>
 2f1bf07:	48 89 c5             	mov    %rax,%rbp
 2f1bf0a:	48 83 7c 24 48 00    	cmpq   $0x0,0x48(%rsp)
 2f1bf10:	74 15                	je     2f1bf27 <_ZN10litchi_cfb4file16OleFile$LT$R$GT$14load_directory17he542c168c4b70583E+0x2e97>
 2f1bf12:	ba 01 00 00 00       	mov    $0x1,%edx
 2f1bf17:	48 8b 7c 24 50       	mov    0x50(%rsp),%rdi
 2f1bf1c:	48 8b 74 24 48       	mov    0x48(%rsp),%rsi
 2f1bf21:	ff 15 d9 14 1a 00    	call   *0x1a14d9(%rip)        # 30bd400 <_DYNAMIC+0x248>
 2f1bf27:	48 83 7c 24 38 00    	cmpq   $0x0,0x38(%rsp)
 2f1bf2d:	74 19                	je     2f1bf48 <_ZN10litchi_cfb4file16OleFile$LT$R$GT$14load_directory17he542c168c4b70583E+0x2eb8>
 2f1bf2f:	48 8b 74 24 38       	mov    0x38(%rsp),%rsi
 2f1bf34:	48 c1 e6 02          	shl    $0x2,%rsi
 2f1bf38:	ba 04 00 00 00       	mov    $0x4,%edx
 2f1bf3d:	48 8b 7c 24 40       	mov    0x40(%rsp),%rdi
 2f1bf42:	ff 15 b8 14 1a 00    	call   *0x1a14b8(%rip)        # 30bd400 <_DYNAMIC+0x248>
 2f1bf48:	48 89 ef             	mov    %rbp,%rdi
 2f1bf4b:	e8 90 86 13 00       	call   30545e0 <_Unwind_Resume@plt>

Disassembly of section .init:

Disassembly of section .fini:

Disassembly of section .plt:
