# callgrind format
version: 1
creator: callgrind-3.26.0
pid: 1241271
cmd:  /home/zhuhe/code/litchi-target-0807/profile --mode capture --shape large --samples 1 --warmup 0 --output /home/zhuhe/code/litchi/docs/performance/results/change-0807/profiles/0-large.json
part: 1


desc: I1 cache: 
desc: D1 cache: 
desc: LL cache: 

desc: Timerange: Basic block 0 - 264978513
desc: Trigger: --dump-after=pptx_capture_probe::capture_region_0784

positions: line
events: Ir
summary: 549233425


ob=(2) /usr/lib/x86_64-linux-gnu/libc.so.6
fl=(196) ./malloc/./malloc/morecore.c
fn=(656) __glibc_morecore
25 8
+1 16
-1 16
+4 8
cfi=(197) ./misc/./misc/sbrk.c
cfn=(658) sbrk
calls=6303 +8 
* 128
+1 16
+4 16

fl=(211) ./string/../sysdeps/x86_64/multiarch/memmove-vec-unaligned-erms.S
fn=(720) __memcpy_avx_unaligned_erms
255 105120
+1 105120
+6 105120
+1 105120
+2 3682
+1 3682
+1 3682
+3 2014
+1 2014
+1 2014
+3 4028
+30 101438
+1 101438
+2 98038
+1 98038
+2 66483
+4 66483
+1 32617
+1 32617
+1 32521
+1 32521
+1 30887
+1 30887
+2 30887
+2 30887
-2 1634
+2 1730
+6 33866
+1 33866
+1 33866
+1 33866
+1 33866
+7 3400
+1 3400
+1 3400
+1 3400
+2 3400
+17 31555
+1 31555
+1 31555
+1 31555
+1 31555
+7 909
+1 909
+1 909
+1 909
+1 909
+1 909
+1 1818
+5 1668
+1 1668
+5 1668
+1 1668
+2 1525
+1 1525
+1 1525
+2 616
+1 616
+1 616
+1 616
+1 616
+1 616
+1 616
+1 616
+1 616
+1 616
+1 616
+1 616
+1 616
+1 616
+1 1232
+4 143
+1 143
+4 143
+2 143
+4 143
+1 143
+11 143
+3 143
+2 143
+2 143
+4 143
+1 143
+9 130
+1 130
+2 130
+2 130
+1 130
+1 130
+3 130
+2 130
+2 130
+2 260
+6 130
+1 130
+1 130
+1 130
+1 130
+1 130
+1 130
+1 130
+1 130
+1 130
+1 130
+1 130
-11 129
+1 129
+1 129
+1 129
+1 129
+1 129
+1 129
+1 129
+1 129
+1 129
+1 129
+1 129
+2 130
+1 130
+1 130
+1 130
+2 130
+4 260
+13 13
+1 13
+2 13
+1 13
+1 13
+2 13
+2 13
+2 26
+6 13
+1 13
+1 13
+1 13
+1 13
+1 13
+1 13
+1 13
+1 13
+1 13
+1 13
+1 13
-11 58
+1 58
+1 58
+1 58
+1 58
+1 58
+1 58
+1 58
+1 58
+1 58
+1 58
+1 58
+2 13
+1 13
+1 13
+1 13
+2 13
+1 26

fl=(197)
fn=(658)
37 40
+6 16
+35 24
-38 16
+18 16
+4 16

fl=(155) ./malloc/./malloc/malloc.c
fn=(748) realloc
3380 5206
+7 5206
-7 23427
+11 5206
4837 2603
+1 2603
-1 2603
+1 2603
-1 5206
+2 7809
3425 1979
-22 1979
+22 9895
+4 3958
1288 11874
3436 3958
fi=(154) ./malloc/./malloc/arena.c
151 5937
fe=(155)
3469 3958
4840 2603
3411 5206
+2 1404
+1 1404
+36 624
+51 23427
-30 7916
cfn=(752) _int_realloc
calls=54982 4559 
* 537011
* 1979
+1 9895
fi=(154)
151 5937
fe=(155)
3472 3958

fn=(752)
4559 7916
+11 23748
+8 3958
+2 1979
+1 5937
+1 7916
+4 3958
+14 404
+53 808
-53 808
+57 404
-57 404
+57 808
-2 808
+2 724
+1 362
+16 362
+1 1448
-1 42
+1 6468
-79 3802
+12 3792
+12 10990
cfn=(654) _int_malloc
calls=15527 3790 
* 185043
* 1570
+1 3140
+3 1570
+6 4710
+36 42
-4 42
+3 42
+5 42
-4 42
-1 42
+5 42
-4 42
+4 42
-1 42
+1 126
cfn=(754) _int_free_chunk
calls=36867 4351 
* 4879
* 42
-60 346
-1 692
+5 1956
cfn=(794) unlink_chunk.isra.0
calls=38426 1592 
* 6380
+44 1630
-48 652
+28 1570
fi=(222) ./malloc/../string/bits/string_fortified.h
29 1570
fe=(155)
4637 1570
fi=(222)
29 3140
fe=(155)
4638 3140
fi=(222)
29 1570
cob=(3) ???
cfi=(152) ???
cfn=(718) 0x0000000004abe680
calls=15516 -29 
* 33991
fe=(155)
4642 9420
cfn=(754)
calls=15516 4351 
* 176798
+2 3140
-47 5
+1 5
-2 10
+4 20
+2 5
-2 5
+2 5
-2 20
+1 10
+1 5
+2 10

fn=(650) malloc
3283 69503
1269 139006
+19 69503
3287 69503
1288 205102
3287 132192
+2 198195
+2 132130
+2 416832
3030 127952
+4 255904
+4 63976
+1 63976
3294 63976
-7 6814
+19 5527
cfn=(652) __libc_malloc2
calls=45461 -59 
* 829167
-17 6814

fn=(652)
3247 33162
+4 11054
+28 27635
-26 16581
cfn=(654)
calls=45462 3790 
* 702046
+1 27635
fi=(154)
151 11054
fe=(155)

fn=(756) _int_free_merge_chunk
4407 37224
+7 23265
-6 4653
+9 13959
+5 13959
+4 9306
-1 9306
+1 9306
1895 13959
4433 9306
+2 873
+2 873
+1 3492
+2 873
-4 873
+4 873
cfn=(794)
calls=24238 1592 
* 17793
+18 9306
+6 9304
+4 3954
+4 9304
+9 436
-1 436
+2 872
+2 1308
+7 8432
+1 16864
+1 4216
+2 8432
+3 25296
+4 4216
-1 4216
+2 4216
+1 4216
+2 12648
+1 4216
-61 4216
-1 8432
+1 25296
-1 4216
cfn=(758) _int_free_maybe_trim
calls=42293 +83 
* 101184
+57 436
-1 436
+2 436
+1 436
+2 1308
+1 436
-61 436
-1 872
+1 2616
-1 436
cfn=(758)
calls=50374 +83 
* 10933
+1 1
-1 2
+1 6
-1 1
cfn=(758)
calls=62 +83 
* 91
+70 1
+1 3
+1 2
-52 698
+1 698
-1 698
cfn=(794)
calls=14322 1592 
* 13361
+1 698

fn=(762) free
3319 66622
+3 133244
+15 133244
-4 199866
+8 199866
+6 199785
+6 66595
-3 133190
+3 66595
-3 66595
+1 133190
+2 199785
3007 63581
+8 63581
-12 63581
+4 190743
+1 63581
+7 63581
3354 63581
+10 9042
-34 3041
+40 6082
fi=(154)
151 9123
fe=(155)
3374 9123
cfn=(754)
calls=40225 4351 
* 377590

fn=(794)
1592 3297
+2 9891
-2 3297
+2 6594
+3 3297
+3 6594
-2 3297
+2 6594
+3 3297
+1 3297
+1 8073
+2 212
+1 318
+3 212
+14 103
+1 103
+3 6588
-16 6
+4 6
+2 2
+1 4
+9 4
-15 3
+15 2

fn=(758)
4528 51183
+3 9306
+2 32
+3 40
+14 51095
-13 32
+13 56
-13 8
cfn=(1576) systrim.constprop.0
calls=6224 2743 
* 456

fn=(654)
3790 63873
+32 14194
1288 40540
3831 10110
+16 10110
+54 195
+18 5561
-1 5561
+12 11122
-11 11122
-1 16683
+12 11122
-6 4465
+5 4465
-7 4465
+2 8930
+9 8930
+3 8930
-3 148
+3 148
+1 13617
-3 4539
+5 4539
+1 18156
+2 18156
-10 4539
+12 9078
+1 9078
+2 9078
+11 18054
+29 159
+1 159
+4 318
+31 318
+8 732
+1 58
+1 58
-1 58
+4 116
-4 67
+1 67
-1 67
+4 134
+5 128
-2 32
+3 64
+6 27
+3 27
+2 18
+33 18
+9 9
-9 36
+1 9
+1 9
+1 9
+1 9
+6 18
-10 738
+9 369
-9 1476
+1 369
+1 369
+1 369
+1 369
+6 738
3053 123
-27 123
+27 123
-27 123
+4 246
+4 492
+4 123
+1 123
4113 123
3831 8168
1288 2042
3850 2042
+2 2042
-2 2042
+2 4084
-2 5016
+2 5016
-2 5016
+2 10032
+2 1536
+1 3072
+2 1536
+1 1536
+1 1536
+2 6144
+6 4608
+1 3072
2919 3072
3872 4608
+4 12599
+1 1926
+2 884
+2 442
+1 442
+1 884
+2 442
2999 442
+16 442
3886 442
3003 884
+4 1768
+1 442
+7 442
+32 3514
1888 1536
3893 1536
1888 3072
4340 63873
3901 5146
-52 30096
4105 1134
3930 1503
4111 1708
+13 1400
-2 2800
+2 78
+3 39
-3 39
+3 78
+1 10
+3 4
+1 10
+6 4
+2 1
+1 2
+2 1
+1 2
-1 4
+1 1
cfn=(794)
calls=7 1592 
* 22
-1 1
+1 2
-1 4
+1 1
cfn=(794)
calls=161 1592 
* 31
+3 12
4277 140
+3 560
+2 210
+1 70
1888 70
4286 70
1888 140
4280 5928
+2 2223
+1 741
1888 741
4286 741
1888 2071
4286 589
1888 1178
3994 123
+1 123
-1 123
+1 246
2919 246
3998 369
+4 246
+1 369
3003 123
3981 123
3015 123
4006 123
3003 123
+4 492
+1 123
+7 123
4007 123
+24 477
+52 93
-51 93
+51 279
3959 8874
+2 4380
-1 8760
+27 342
+1 342
+4 684
+31 1095
+2 438
+1 657
+1 219
-1 219
+1 219
-2 68
+1 102
+1 34
-1 34
+1 70
+4 144
+26 69
+3 6
+1 18
-3 58
+6 23
+7 10
-1 30
+2 20
+2 10
+1 30
+2 10
+1 20
-1 13
+1 26
-47 86
+36 26
-36 80
4195 1398
+1 1398
+1 1398
-1 1398
+1 1398
+1 2796
+1 4194
+5 6475
+16 3687
+2 7374
-4 11630
+8 2128
+3 4256
+2 1460
+1 730
+1 730
-2 730
-27 730
+4 273
+3 364
-3 126
+3 168
-3 48
+3 64
-3 91
+5 364
+1 182
+24 2796
+3 2796
+2 1398
+3 2796
-3 5592
+3 1398
cfn=(794)
calls=16574 1592 
* 27504
+3 8388
+15 811
+1 1622
+3 811
-9 811
+9 1622
+1 811
+1 811
+3 1622
+1 774
+1 1692
-23 589
-1 589
+1 1178
3965 4038
+3 4038
-4 8076
+3 4038
-1 4038
+1 8076
+1 8076
+1 8076
+2 5852
+4 2926
+6 2926
-6 20482
+2 8778
+5 2926
-4 2926
+4 5852
cfn=(662) alloc_perturb
calls=13709 1887 
* 14630
-7 1112
+6 1112
-6 7784
+2 3336
+5 1112
-4 1112
+4 2224
cfn=(662)
calls=5778 1887 
* 5560
+1 4038

fn=(1576)
2743 24
+2 8
+1 16
+4 8
+1 8
-1 16
+3 32
+2 16
-21 8
+28 8
-28 16
+28 24
cfi=(196)
cfn=(656)
calls=6220 25 
* 208
* 8
+1 32
+32 8
-48 8
+48 8

fn=(662)
1887 4038
+1 12114
+2 4038

fn=(754)
4351 18612
+8 4653
-3 4653
+3 4653
-3 9306
+6 9306
+6 4653
cfn=(756)
calls=92612 +39 
* 480166
+5 9306
+27 13959

fl=(165) ./csu/../csu/libc-start.c
fn=(566) __libc_start_main@@GLIBC_2.34
cfi=(168) ./csu/../sysdeps/nptl/libc_start_call_main.h
cfn=(588) (below main)
calls=0 30 
360 549233425

fl=(290) ./string/../sysdeps/x86_64/multiarch/memcmp-avx2-movbe.S
fn=(1082) __memcmp_avx2_movbe
73 718831
+7 718831
+1 718831
+3 194415
+1 194415
+1 194415
+4 194415
+1 194415
+2 183770
+1 183770
+3 1232
+1 1232
+1 1232
+3 1232
+1 1232
+3 1219
+1 1219
+49 23113
+10 23113
+1 23113
+1 23113
+3 46226
+4 13
+8 13
+1 13
+1 13
+2 26
330 1219
+1 1219
+1 1219
+1 1219
+1 1219
+3 183757
+1 183757
+1 183757
+1 183757
+1 183757
+1 366872
+40 321
+1 321
+8 321
+1 321
+1 321
+2 642
+6 524416
+1 524416
+5 105620
+1 105620
+1 105620
+1 105620
+1 105620
+3 101708
+1 101708
+1 101708
+1 101708
+3 101708
+1 101708
+1 89355
+1 178710
+6 3912
+1 3912
+2 3748
+1 3748
+2 2639
+1 2639
+2 1253
+1 1253
+1 1253
+1 1253
+1 1253
+1 1253
+1 1253
+1 1253
+1 1253
+2 1253
+2 1179
+4 418796
+1 418796
+1 418796
+1 418796
+2 418796
+4 74
+1 74
+2 74
+10 1109
+1 1109
+1 1109
+1 1109
+1 1109
+1 1109
+1 1109
+2 1109
+2 1109
+26 164
+1 164
+1 164
+1 164
+1 164
+4 152
+1 152
+1 152
+1 152
+1 152
+1 152
+2 152
+2 49
+24 1386
+1 1386
+1 1386
+1 1386
+1 1386
+1 1386
+1 1386
+1 1386
+1 1386
+1 1386
+2 1386
+2 1386

fl=(227) ./string/../sysdeps/x86_64/multiarch/memset-vec-unaligned-erms.S
fn=(800) __memset_avx2_unaligned_erms
198 303
+1 606
+5 303
+1 303
+1 65
+1 65
+1 65
+2 43
+1 43
+1 86
+9 9
+1 9
+2 18
+5 22
+1 22
+6 22
+1 22
+12 22
+3 22
+1 22
+12 13
+1 13
+13 13
+1 13
+2 13
+3 2
+3 2
+3 2
+1 2
+1 2
+1 2
+1 2
+1 2
+1 4
+3 2
+1 2
+1 2
+1 2
+3 4
-6 11
+1 11
+1 11
+1 11
+3 22
+35 238
+9 238
+1 238
+5 109
+1 109
+1 102
+1 102
+1 101
+1 101
+1 100
+1 10
+2 100
+17 129
+1 129
+1 129
+9 7
+1 7
+5 7
+8 1
+1 1
+5 1
+7 1
+1 1
+1 1
+5 1

fl=(168)
fn=(588)
cob=(6) /home/zhuhe/code/litchi-target-0807/profile
cfi=(164) ???
cfn=(596) main
calls=0 0 
59 549233425

ob=(6)
fl=(339) /home/zhuhe/code/litchi/crates/litchi-pptx/src/parts/mod.rs
fn=(5496) litchi_pptx::parts::validate_content_type
459 1100
+1 300
cfi=(252) /rustc/59807616e1fa2540724bfbac14d7976d7e4a3860/library/alloc/src/raw_vec/mod.rs
cfn=(5008) <litchi_opc::part::XmlPart as litchi_opc::part::Part>::content_type
calls=100 612 
* 300
fi=(264) /rustc/59807616e1fa2540724bfbac14d7976d7e4a3860/library/core/src/slice/cmp.rs
20 200
154 400
cob=(2)
cfi=(290)
cfn=(1082)
calls=100 -81 
* 2900
* 100
fe=(339)
460 100
+1 200
+6 900

fn=(6184) litchi_pptx::parts::MceCapture::finish
296 7
+5 1
+1 4
+3 2
fi=(244) /rustc/59807616e1fa2540724bfbac14d7976d7e4a3860/library/core/src/result.rs
0 1
fe=(339)
326 1
cfi=(233) /rustc/59807616e1fa2540724bfbac14d7976d7e4a3860/library/core/src/ptr/mod.rs
cfn=(6188) core::ptr::drop_in_place<alloc::vec::Vec<litchi_pptx::parts::PendingMce>>
calls=1 805 
* 22
* 10

fl=(478) /home/zhuhe/.cargo/registry/src/index.crates.io-1949cf8c6b5b557f/digest-0.11.3/src/lib.rs
fn=(6138) digest::FixedOutput::finalize_fixed
102 1701
+2 3645
fi=(233)
1717 243
fi=(411) /home/zhuhe/.cargo/registry/src/index.crates.io-1949cf8c6b5b557f/block-buffer-0.12.1/src/lib.rs
376 486
fi=(233)
1917 243
fi=(239) /rustc/59807616e1fa2540724bfbac14d7976d7e4a3860/library/core/src/ptr/mut_ptr.rs
961 486
fi=(233)
709 729
cob=(2)
cfi=(227)
cfn=(800)
calls=243 198 
* 3233
fi=(411)
393 486
fi=(412) /home/zhuhe/.cargo/registry/src/index.crates.io-1949cf8c6b5b557f/sha2-0.11.0/src/block_api.rs
67 1224
cfi=(408) /home/zhuhe/.cargo/registry/src/index.crates.io-1949cf8c6b5b557f/sha2-0.11.0/src/sha256.rs
cfn=(3472) sha2::sha256::compress256
calls=102 +19 
* 343536
fi=(433) /rustc/59807616e1fa2540724bfbac14d7976d7e4a3860/library/core/src/slice/specialize.rs
-33 510
fi=(412)
-34 306
fi=(411)
406 102
fi=(233)
547 102
fi=(412)
67 1428
cfi=(408)
cfn=(3472)
calls=102 +19 
* 343536
-67 423
fi=(411)
406 141
fi=(233)
547 141
fi=(412)
67 1974
cfi=(408)
cfn=(3472)
calls=141 +19 
* 474888
fe=(478)
+37 243
fi=(233)
1917 243
fi=(239)
961 1701
fi=(174) /rustc/59807616e1fa2540724bfbac14d7976d7e4a3860/library/core/src/num/uint_macros.rs
560 486
fi=(233)
2178 243
fi=(174)
560 4131
fi=(233)
2178 1944
709 972
2178 2187
fe=(478)
105 486
+1 1701

fl=(439) /home/zhuhe/.cargo/registry/src/index.crates.io-1949cf8c6b5b557f/quick-xml-0.41.0/src/reader/ns_reader.rs
fn=(5212) quick_xml::reader::ns_reader::NsReader<R>::process_event
80 1983408
+1 2287310
-81 91028
82 455140
+1 364112
cfi=(375) /home/zhuhe/.cargo/registry/src/index.crates.io-1949cf8c6b5b557f/quick-xml-0.41.0/src/name.rs
cfn=(4146) quick_xml::name::NamespaceResolver::push
calls=91029 708 
* 10927714
fi=(244)
2173 182056
fe=(439)
84 546168
+15 62520
+2 1983408
-8 362908
+3 90727
+1 181454
+4 1000226
fi=(233)
0 91169
fe=(439)
86 547014
+1 364676
cfi=(375)
cfn=(4146)
calls=91169 708 
* 24013990
fi=(244)
2173 182338
fe=(439)
90 91169
+1 455845
-91 182338
101 182338
0 182056
101 182056

fl=(466) /home/zhuhe/code/litchi/crates/litchi-pptx/src/notes/mod.rs
fn=(5584) litchi_pptx::notes::resolved
80 1637712
+1 2547380
+1 363764
+20 545646
0 181882
102 545646
-14 273210
fi=(264)
+66 688003
cob=(2)
cfi=(290)
cfn=(1082)
calls=71180 -81 
* 1210060
* 332103
cob=(2)
cfi=(290)
cfn=(1082)
calls=110701 -81 
* 1884365
* 181881
fe=(466)
0 181882
86 3
cfi=(353) /rustc/59807616e1fa2540724bfbac14d7976d7e4a3860/library/core/src/str/converts.rs
cfn=(2224) core::str::converts::from_utf8
calls=1 +3 
* 142
fi=(244)
966 2
+1 3
fe=(466)
84 363762
-84 181881
94 1091286
-94 91071
94 546426

fn=(5794) litchi_pptx::notes::checked_add
42 5
fi=(174)
769 1
fi=(297) /rustc/59807616e1fa2540724bfbac14d7976d7e4a3860/library/core/src/intrinsics/mod.rs
457 1
fi=(265) /rustc/59807616e1fa2540724bfbac14d7976d7e4a3860/library/core/src/option.rs
1368 2
fe=(466)
45 3

fl=(309) /rustc/59807616e1fa2540724bfbac14d7976d7e4a3860/library/core/src/hash/sip.rs
fn=(1298) <core::hash::sip::Hasher<S> as core::hash::Hasher>::write
256 324
+2 324
+4 972
0 648
278 324
+1 972
+3 648
126 648
fi=(233)
547 648
fe=(309)
132 1620
+5 648
298 324
0 324
300 648
-44 1322
+2 1322
+4 3966
0 656
263 656
fi=(236) /rustc/59807616e1fa2540724bfbac14d7976d7e4a3860/library/core/src/cmp.rs
1076 1968
fe=(309)
126 1312
0 2644
132 2624
+5 1312
+2 3280
265 2624
+1 1312
+1 135
0 135
300 270
0 521
270 521
76 1042
fi=(174)
2457 1563
fi=(297)
2029 521
fe=(309)
78 521
fi=(297)
2029 1042
fe=(309)
79 521
fi=(174)
2457 521
fi=(297)
2029 521
fi=(174)
2457 521
fe=(309)
79 521
fi=(297)
2029 521
fe=(309)
79 521
-1 521
fi=(297)
2029 521
fe=(309)
78 521
+14 521
272 1042
+6 521
+1 1563
+3 1042
-4 666
+1 1998
+3 1332
0 3305
fi=(233)
547 661
fe=(309)
288 661
fi=(174)
2457 661
fi=(297)
2029 661
fi=(174)
2457 661
fe=(309)
78 661
fi=(297)
2029 661
fe=(309)
79 661
fi=(297)
2029 661
fi=(174)
2457 1322
fi=(297)
2029 661
fe=(309)
79 661
fi=(297)
2029 1322
fe=(309)
78 661
290 661
+2 661
-10 1322
fi=(233)
547 726
fe=(309)
288 726
fi=(174)
2457 726
fi=(297)
2029 726
fi=(174)
2457 726
fe=(309)
78 726
fi=(297)
2029 726
fe=(309)
79 726
fi=(297)
2029 726
fi=(174)
2457 1452
fi=(297)
2029 726
fe=(309)
79 726
fi=(297)
2029 1452
fe=(309)
78 726
290 726
+2 726
-10 1452
0 2644
126 2374
fi=(233)
547 1236
fe=(309)
132 2487
0 1138
132 2276
fi=(262) /rustc/59807616e1fa2540724bfbac14d7976d7e4a3860/library/core/src/ptr/const_ptr.rs
863 639
fi=(233)
547 639
fe=(309)
134 1917
+1 639
+2 2374
+2 3270
298 545
0 545
300 1090
-2 642
0 642
300 1284
-44 4044
+2 4044
+4 12132
0 1406
263 1406
fi=(236)
1076 4218
fe=(309)
126 2812
0 8088
132 5624
+5 2812
+2 7030
265 5624
+1 2812
+1 1136
0 1136
300 2272
0 270
270 270
76 540
fi=(174)
2457 810
fi=(297)
2029 270
fe=(309)
78 270
fi=(297)
2029 540
fe=(309)
79 270
fi=(174)
2457 270
fi=(297)
2029 270
fi=(174)
2457 270
fe=(309)
79 270
fi=(297)
2029 270
fe=(309)
79 270
-1 270
fi=(297)
2029 270
fe=(309)
78 270
+14 270
272 540
+6 270
+1 810
+3 540
-4 2638
+1 7914
+3 5276
0 7155
fi=(233)
547 1431
fe=(309)
288 1431
fi=(174)
2457 1431
fi=(297)
2029 1431
fi=(174)
2457 1431
fe=(309)
78 1431
fi=(297)
2029 1431
fe=(309)
79 1431
fi=(297)
2029 1431
fi=(174)
2457 2862
fi=(297)
2029 1431
fe=(309)
79 1431
fi=(297)
2029 2862
fe=(309)
78 1431
290 1431
+2 1431
-10 2862
fi=(233)
547 308
fe=(309)
288 308
fi=(174)
2457 308
fi=(297)
2029 308
fi=(174)
2457 308
fe=(309)
78 308
fi=(297)
2029 308
fe=(309)
79 308
fi=(297)
2029 308
fi=(174)
2457 616
fi=(297)
2029 308
fe=(309)
79 308
fi=(297)
2029 616
fe=(309)
78 308
290 308
+2 308
-10 616
0 5724
126 5816
fi=(233)
547 3012
fe=(309)
132 7194
0 2804
132 5608
fi=(262)
863 337
fi=(233)
547 337
fe=(309)
134 1011
+1 337
+2 5816
+2 7704
298 1284
0 1284
300 2568
-2 1624
0 1624
300 3248
-44 1080
+2 1080
+4 3240
0 540
263 540
fi=(236)
1076 1620
fe=(309)
126 1080
0 2160
132 2160
+5 1080
+2 2700
265 2160
+1 1080
+1 398
0 398
300 796
0 142
270 142
76 284
fi=(174)
2457 426
fi=(297)
2029 142
fe=(309)
78 142
fi=(297)
2029 284
fe=(309)
79 142
fi=(174)
2457 142
fi=(297)
2029 142
fi=(174)
2457 142
fe=(309)
79 142
fi=(297)
2029 142
fe=(309)
79 142
-1 142
fi=(297)
2029 142
fe=(309)
78 142
+14 142
272 284
+6 142
+1 426
+3 284
-4 540
+1 1620
+3 1080
0 1080
fi=(233)
547 216
fe=(309)
288 216
fi=(174)
2457 216
fi=(297)
2029 216
fi=(174)
2457 216
fe=(309)
78 216
fi=(297)
2029 216
fe=(309)
79 216
fi=(297)
2029 216
fi=(174)
2457 432
fi=(297)
2029 216
fe=(309)
79 216
fi=(297)
2029 432
fe=(309)
78 216
290 216
+2 216
-10 432
fi=(233)
547 216
fe=(309)
288 216
fi=(174)
2457 216
fi=(297)
2029 216
fi=(174)
2457 216
fe=(309)
78 216
fi=(297)
2029 216
fe=(309)
79 216
fi=(297)
2029 216
fi=(174)
2457 432
fi=(297)
2029 216
fe=(309)
79 216
fi=(297)
2029 432
fe=(309)
78 216
290 216
+2 216
-10 432
0 864
126 1364
fi=(233)
547 1080
fe=(309)
132 2484
0 284
132 568
fi=(262)
863 216
fi=(233)
547 216
fe=(309)
134 648
+1 216
+2 1364
+2 2310
298 385
0 385
300 770
-2 297
0 297
300 594

fl=(250) /home/zhuhe/code/litchi/docs/performance/results/change-0807/probe-src/src/main.rs
fn=(864) pptx_capture_probe::main
cfn=(3516) pptx_capture_probe::run_one
calls=0 289 
247 549233425

fn=(3516)
cfi=(453) /home/zhuhe/code/litchi/crates/litchi-pptx/src/package/model.rs
cfn=(5258) pptx_capture_probe::capture_region_0784
calls=1 234 
321 549233425

fl=(245) /rustc/59807616e1fa2540724bfbac14d7976d7e4a3860/library/alloc/src/boxed.rs
fn=(1476) alloc::boxed::box_new_uninit
247 8
fi=(243) /rustc/59807616e1fa2540724bfbac14d7976d7e4a3860/library/std/src/sys/alloc/unix.rs
14 4
cob=(2)
cfi=(155)
cfn=(650)
calls=25 3283 
* 1165
fe=(245)
248 8
+4 8

fl=(283) /home/zhuhe/code/litchi/crates/litchi-opc/src/packuri.rs
fn=(1216) litchi_opc::packuri::PackURI::base_uri
158 408
fi=(252)
612 102
fi=(253) /rustc/59807616e1fa2540724bfbac14d7976d7e4a3860/library/alloc/src/vec/mod.rs
1815 204
fi=(264)
20 204
fi=(285) /rustc/59807616e1fa2540724bfbac14d7976d7e4a3860/library/core/src/str/pattern.rs
572 918
fi=(284) /rustc/59807616e1fa2540724bfbac14d7976d7e4a3860/library/core/src/str/mod.rs
1531 102
cfi=(285)
cfn=(1220) <core::str::pattern::CharSearcher as core::str::pattern::ReverseSearcher>::next_match_back
calls=693 499 
* 26415
fi=(265)
1164 306
fe=(283)
163 408
fi=(284)
386 204
fi=(266) /rustc/59807616e1fa2540724bfbac14d7976d7e4a3860/library/core/src/num/mod.rs
1183 102
fi=(301) /rustc/59807616e1fa2540724bfbac14d7976d7e4a3860/library/core/src/str/traits.rs
439 102
0 306
fe=(283)
168 612

fn=(1090) litchi_opc::packuri::PackURI::validate_percent_encoding
379 3048
+3 1016
0 37033
382 23334
+1 58335
fi=(266)
888 20290
fe=(283)
434 59088
fi=(291) /rustc/59807616e1fa2540724bfbac14d7976d7e4a3860/library/alloc/src/fmt.rs
0 508
fe=(283)
417 1016
+1 2540

fn=(4534) litchi_opc::packuri::PackURI::from_rel_ref
120 5030
+1 1006
fi=(274) /rustc/59807616e1fa2540724bfbac14d7976d7e4a3860/library/core/src/slice/memchr.rs
-94 1006
fi=(233)
2292 1006
fi=(274)
71 1006
-71 3018
85 503
+4 1006
-70 2012
+71 503
-71 1509
+72 2012
+4 503
-14 1509
-41 1960
-1 3946
fi=(239)
961 1509
0 9028
fi=(285)
249 36112
fi=(180) /rustc/59807616e1fa2540724bfbac14d7976d7e4a3860/library/core/src/ptr/non_null.rs
1720 9531
fi=(271) /rustc/59807616e1fa2540724bfbac14d7976d7e4a3860/library/core/src/slice/iter/macros.rs
180 9531
fi=(287) /rustc/59807616e1fa2540724bfbac14d7976d7e4a3860/library/core/src/str/validations.rs
37 9028
+1 18056
fe=(283)
151 4527
0 1006
fi=(284)
1656 7042
fi=(289) /rustc/59807616e1fa2540724bfbac14d7976d7e4a3860/library/core/src/str/iter.rs
663 503
cfi=(285)
cfn=(1074) <core::str::pattern::CharSearcher as core::str::pattern::Searcher>::next_match
calls=736 432 
* 74942
* 1006
+2 503
+1 503
fi=(301)
211 1006
fi=(262)
863 1006
fi=(274)
27 1006
+12 1006
-39 1006
40 6034
+4 3017
-5 6537
fi=(264)
154 503
fe=(283)
-10 503
+3 2012
fi=(292) /rustc/59807616e1fa2540724bfbac14d7976d7e4a3860/library/core/src/slice/mod.rs
2655 1006
fi=(264)
154 503
fe=(283)
335 503
0 1
336 6
fi=(291)
659 2
0 502
fe=(283)
338 3012
fi=(291)
659 502
0 1004
659 502
cfn=(1116) alloc::fmt::format::format_inner
calls=731 -9 
* 344858
0 2
659 1
cfn=(1116)
calls=5 -9 
* 541
fi=(252)
-47 503
fi=(253)
1815 503
0 1006
464 1509
fe=(283)
346 6539
fi=(252)
612 503
fi=(233)
1917 1006
fi=(253)
1034 1006
0 503
fi=(289)
658 4026
+4 2013
+1 6039
cfi=(285)
cfn=(1074)
calls=3186 432 
* 239068
* 4026
+2 3020
+1 1510
fi=(301)
211 1510
fi=(262)
863 1510
fi=(289)
667 1510
fi=(264)
20 3523
fi=(289)
643 1006
+1 503
+4 503
0 1509
646 1509
fi=(262)
863 503
fi=(264)
20 7046
154 1
fe=(283)
355 1
fi=(253)
2997 1
fe=(283)
357 2
fi=(253)
2795 2
2997 503
fe=(283)
350 1006
fi=(253)
1028 1006
+1 1006
cfi=(252)
cfn=(1538) alloc::raw_vec::RawVec<T,A>::grow_one
calls=736 186 
* 49797
* 503
-4 1509
+3 3018
fi=(252)
612 1509
fi=(239)
961 3018
fi=(233)
1917 3018
fi=(253)
1034 1509
fe=(283)
0 3020
372 2012
+5 503
fi=(243)
48 503
cob=(2)
cfi=(155)
cfn=(762)
calls=736 3319 
* 16599
fe=(283)
149 2012
+1 1006
cfn=(1028) litchi_opc::packuri::PackURI::new
calls=736 43 
* 1207004
fi=(252)
632 1006
fi=(233)
805 503
fi=(243)
48 503
cob=(2)
cfi=(155)
cfn=(762)
calls=736 3319 
* 26884
* 503
fi=(252)
612 503
fi=(239)
961 2012
fi=(262)
729 1509
0 503
fi=(180)
1720 503
fi=(271)
180 503
fi=(180)
1720 2011
fi=(271)
180 2011
fi=(259) /rustc/59807616e1fa2540724bfbac14d7976d7e4a3860/library/core/src/iter/traits/iterator.rs
2469 2011
fi=(174)
769 2011
fi=(180)
659 2011
fi=(259)
2469 2011
fi=(265)
0 503
fi=(297)
457 503
fi=(252)
+2 503
0 503
fi=(298) /rustc/59807616e1fa2540724bfbac14d7976d7e4a3860/library/alloc/src/alloc.rs
95 1509
cfi=(164)
cfn=(1762) __rustc::__rust_alloc
calls=736 -95 
* 90098
* 503
fi=(252)
468 1006
fi=(253)
965 1509
fi=(296) /rustc/59807616e1fa2540724bfbac14d7976d7e4a3860/library/alloc/src/str.rs
160 1006
fi=(252)
765 503
-94 503
0 503
fi=(253)
2881 1006
+5 503
fi=(296)
164 1006
fi=(180)
1720 503
fi=(271)
180 503
fi=(296)
0 503
fi=(239)
961 1006
0 503
fi=(292)
2193 3016
fi=(296)
0 3016
fi=(292)
2109 1508
fi=(233)
547 1508
fi=(292)
2193 3016
fi=(239)
961 4524
fi=(233)
547 1508
cob=(2)
cfi=(211)
cfn=(720)
calls=2200 255 
* 23117
fi=(296)
0 3016
fi=(180)
1720 1508
fi=(271)
180 1508
fi=(296)
+2 503
+3 1006
fi=(252)
632 1006
fe=(283)

fn=(1028)
43 3521
fi=(326) /rustc/59807616e1fa2540724bfbac14d7976d7e4a3860/library/core/src/convert/mod.rs
789 2012
fi=(292)
2624 1006
fe=(283)
45 503
fi=(264)
154 503
fe=(283)
45 503
fi=(264)
-25 2012
154 503
fe=(283)
54 503
-54 1006
105 3521
fi=(284)
1368 1509
cfi=(285)
cfn=(1040) <&str as core::str::pattern::Pattern>::is_contained_in
calls=1566 987 
* 43273
fe=(283)
59 1006
fi=(252)
612 503
fi=(253)
1815 503
fi=(274)
27 1006
fi=(233)
2292 1006
fi=(274)
71 1006
-71 3018
85 503
+4 1006
-70 2012
+71 503
-71 1509
+72 2012
-6 1
+4 2
-70 4
+71 1
-71 3
+72 4
+4 504
-14 1511
-41 6944
-1 11422
fi=(239)
961 1006
0 503
fi=(180)
1720 503
fi=(271)
180 503
fi=(180)
1720 11536
fi=(271)
180 11536
fi=(287)
37 11536
+1 23072
-38 11536
fi=(285)
249 46144
fi=(284)
1067 1509
fi=(259)
2875 503
cfn=(1058) core::iter::traits::iterator::Iterator::try_fold
calls=1566 2461 
* 165025
fe=(283)
74 1006
fi=(258) /rustc/59807616e1fa2540724bfbac14d7976d7e4a3860/library/core/src/iter/adapters/skip.rs
-46 6036
fi=(259)
2875 503
cfi=(258)
cfn=(1068) <core::iter::adapters::skip::Skip<I> as core::iter::traits::iterator::Iterator>::try_fold
calls=1566 104 
* 285039
fe=(283)
82 1006
fi=(252)
612 503
fi=(253)
1815 1006
fe=(283)
91 503
cfn=(1090)
calls=1566 379 
* 203852
-91 503
fi=(244)
2173 1006
fi=(252)
612 503
fi=(253)
1815 503
fe=(283)
92 7042
fi=(258)
-51 503
fi=(297)
457 503
fi=(289)
658 3016
0 503
658 503
+4 1005
+1 3015
cfi=(285)
cfn=(1074)
calls=3556 432 
* 123594
* 2010
+2 1004
+1 502
fi=(301)
211 502
fi=(262)
863 502
fi=(289)
667 502
fe=(283)
92 4022
fi=(292)
2655 3016
fi=(264)
154 1508
fe=(283)
-61 1508
-93 1508
fi=(180)
1720 1508
fi=(271)
180 1508
fe=(283)
-82 1508
fi=(271)
332 3016
fi=(258)
41 3016
fi=(297)
457 1508
fi=(289)
643 1006
+1 503
+4 503
0 1509
646 1509
fi=(262)
863 1006
fi=(175) /rustc/59807616e1fa2540724bfbac14d7976d7e4a3860/library/core/src/mem/mod.rs
+39 503
fi=(259)
330 1006
cfn=(1058)
calls=1566 2461 
* 74444
+2 1006
fi=(289)
512 1006
cfn=(1104) core::str::iter::SplitInternal<P>::next
calls=1566 657 
* 68408
0 1006
fe=(283)
104 2012
-61 35
fi=(252)
459 10
0 10
fi=(243)
14 10
cob=(2)
cfi=(155)
cfn=(650)
calls=127 3283 
* 576
fi=(252)
468 10
fi=(256) /rustc/59807616e1fa2540724bfbac14d7976d7e4a3860/library/alloc/src/slice.rs
0 5
fi=(233)
547 20
cob=(2)
cfi=(211)
cfn=(720)
calls=127 255 
* 57
fi=(260) /rustc/59807616e1fa2540724bfbac14d7976d7e4a3860/library/alloc/src/string.rs
1014 15
fi=(264)
154 5
fe=(283)
45 5
fi=(264)
-25 20
154 5
fe=(283)
54 5
fi=(284)
1368 20
cfi=(285)
cfn=(1040)
calls=127 987 
* 380
fe=(283)
59 10
-59 5
fi=(274)
27 10
fi=(233)
2292 10
fi=(274)
71 10
-71 30
85 5
+4 10
-70 20
+71 5
-71 15
+72 20
-6 2
+4 4
-70 8
+71 2
-71 6
+72 8
+4 7
-14 19
-81 5
39 10
+1 38
-1 57
-39 10
fi=(180)
1720 5
fi=(271)
180 5
fi=(180)
1720 131
fi=(271)
180 131
fi=(287)
37 131
+1 262
-38 131
fi=(285)
249 524
fi=(284)
1067 15
fi=(259)
2875 5
cfn=(1058)
calls=127 2461 
* 1869
fe=(283)
74 10
fi=(258)
-46 60
fi=(259)
2875 5
cfi=(258)
cfn=(1068)
calls=127 104 
* 2867
fe=(283)
82 10
fi=(252)
612 5
fi=(253)
1815 10
fe=(283)
91 5
cfn=(1090)
calls=127 379 
* 2356
-91 5
fi=(244)
2173 10
fi=(252)
612 5
fi=(253)
1815 5
fe=(283)
92 70
fi=(258)
-51 5
fi=(297)
457 5
fi=(289)
658 28
0 5
658 5
+4 9
+1 27
cfi=(285)
cfn=(1074)
calls=246 432 
* 1280
* 18
+2 8
+1 4
fi=(301)
211 4
fi=(262)
863 4
fi=(289)
667 4
fe=(283)
92 38
fi=(292)
2655 28
fi=(264)
154 14
fe=(283)
-61 14
-93 14
fi=(180)
1720 14
fi=(271)
180 14
fe=(283)
-82 14
fi=(271)
332 28
fi=(258)
41 28
fi=(297)
457 14
fi=(289)
643 10
+1 5
+4 5
0 15
646 15
fi=(262)
863 10
fi=(175)
+39 5
fi=(259)
330 10
cfn=(1058)
calls=127 2461 
* 740
+2 10
fi=(289)
512 10
cfn=(1104)
calls=127 657 
* 680
0 35
fe=(283)
105 35

fl=(356) /home/zhuhe/.cargo/registry/src/index.crates.io-1949cf8c6b5b557f/memchr-2.8.3/src/arch/x86_64/memchr.rs
fn=(2360) memchr::arch::x86_64::memchr::memchr3_raw::find_avx2
78 1833376
fi=(480) /rustc/59807616e1fa2540724bfbac14d7976d7e4a3860/library/core/src/../../stdarch/crates/core_arch/src/simd.rs
-22 2750064
fi=(361) /home/zhuhe/.cargo/registry/src/index.crates.io-1949cf8c6b5b557f/memchr-2.8.3/src/arch/x86_64/avx2/memchr.rs
940 5958472
fe=(356)
85 1833376
cfi=(361)
cfn=(2362) memchr::arch::x86_64::avx2::memchr::Three::find_raw
calls=926205 1037 
* 13790937
+1 1375032

fn=(2286) memchr::arch::x86_64::memchr::memchr_raw::find_avx2
78 1877068
fi=(480)
-22 938534
fi=(361)
+14 2346335
fe=(356)
+15 938534
cfi=(361)
cfn=(2288) memchr::arch::x86_64::avx2::memchr::One::find_raw
calls=470689 +94 
* 13110538
+1 1407801

fn=(2266) memchr::arch::x86_64::memchr::memchr2_raw::find_avx2
78 1458444
fi=(480)
-22 1458444
fi=(361)
557 3281499
fe=(356)
85 1458444
cfi=(361)
cfn=(2268) memchr::arch::x86_64::avx2::memchr::Two::find_raw
calls=642217 654 
* 11701574
+1 1093833

fl=(291)
fn=(1116)
650 5030
fi=(294) /rustc/59807616e1fa2540724bfbac14d7976d7e4a3860/library/core/src/fmt/mod.rs
878 1006
fi=(233)
1717 503
fi=(294)
767 1006
0 2012
772 1004
fi=(180)
659 502
fi=(233)
1717 502
fi=(294)
767 1004
fi=(233)
1717 1006
fi=(294)
767 2012
fi=(180)
659 1508
fi=(294)
770 3016
+4 3018
+8 3018
+4 8048
+2 4024
+1 3018
fi=(180)
659 4024
fi=(294)
0 1006
795 1006
0 503
795 503
fi=(252)
459 1006
0 1006
fi=(260)
485 1509
fi=(294)
236 2515
cfn=(1130) core::fmt::write
calls=1240 1630 
* 284042
fi=(244)
1183 1006
fe=(291)
656 2012
+1 4024

fl=(375)
fn=(4146)
708 1457576
+1 364394
fi=(263) /rustc/59807616e1fa2540724bfbac14d7976d7e4a3860/library/alloc/src/borrow.rs
0 364394
fi=(379) /home/zhuhe/.cargo/registry/src/index.crates.io-1949cf8c6b5b557f/quick-xml-0.41.0/src/events/mod.rs
288 182197
fi=(374) /home/zhuhe/.cargo/registry/src/index.crates.io-1949cf8c6b5b557f/quick-xml-0.41.0/src/events/attributes.rs
521 2550758
0 182197
698 910985
cfn=(2438) quick_xml::events::attributes::IterState::next
calls=182669 1222 
* 14020736
* 463550
cfn=(2438)
calls=93771 1222 
* 7450780
* 1374535
+2 463550
fi=(174)
923 463550
fi=(374)
700 92710
fi=(174)
923 92710
fi=(374)
-50 278130
fi=(174)
+50 648970
fi=(270) /rustc/59807616e1fa2540724bfbac14d7976d7e4a3860/library/core/src/slice/index.rs
89 92710
fi=(292)
2624 196575
fe=(375)
0 22310
fi=(264)
154 55775
fe=(375)
+27 11155
fi=(270)
+38 1840
fe=(375)
-37 1840
fi=(270)
573 920
89 2760
-89 920
fe=(375)
716 2760
+6 2760
cfn=(4156) quick_xml::name::NamespaceResolver::add
calls=1039 -70 
* 451022
fi=(244)
2173 1840
fe=(375)
0 920
715 920
fi=(252)
-83 364394
fi=(233)
805 546591
fi=(243)
0 182197
fe=(375)
728 182197
+1 1457576

fn=(4108) <quick_xml::name::NamespaceResolver as core::default::Default>::default
571 1842
fi=(253)
464 2149
1029 307
cfi=(252)
cfn=(1538)
calls=424 186 
* 58364
fi=(252)
612 307
fi=(233)
1917 1228
fi=(253)
1034 614
fi=(252)
673 921
cfn=(1178) alloc::raw_vec::RawVecInner<A>::reserve::do_reserve_and_handle
calls=424 -14 
* 30921
fi=(253)
2997 307
fi=(252)
617 307
-5 307
fi=(233)
-65 614
fi=(253)
2886 614
fi=(174)
2494 307
fi=(252)
765 614
fi=(233)
547 1535
fi=(253)
2886 614
1028 614
fi=(233)
1917 1228
fi=(253)
1034 307
fi=(252)
617 307
fi=(174)
2494 614
fi=(252)
765 614
fi=(233)
547 614
fi=(253)
2886 614
fi=(174)
2494 307
fi=(252)
765 614
fi=(233)
547 1228
fi=(253)
2886 614
fe=(375)
588 921
+1 1228
-2 614
+6 2149
0 307
fi=(252)
673 921
cfn=(1178)
calls=424 -14 
* 126430
-61 307
fi=(253)
2997 614
0 307
fi=(252)
673 921
cfn=(1178)
calls=424 -14 
* 155226
fi=(253)
2997 307
fi=(252)
617 307
-5 614
fe=(375)

fn=(4178) quick_xml::name::NamespaceResolver::resolve_prefix
951 1917153
fi=(252)
612 273879
fi=(253)
1815 273879
fi=(239)
961 547758
fe=(375)
-7 547758
0 547827
fi=(180)
1720 182609
fi=(271)
25 182609
-25 730436
fi=(180)
1720 221008
fi=(271)
25 221008
fe=(375)
472 1210851
+5 403617
fi=(292)
2154 2018085
0 403617
fi=(265)
2427 403617
0 807234
fi=(264)
154 1210851
cob=(2)
cfi=(290)
cfn=(1082)
calls=403618 -81 
* 4036179
* 403617
fi=(414) /rustc/59807616e1fa2540724bfbac14d7976d7e4a3860/library/core/src/iter/traits/double_ended.rs
374 403617
fe=(375)
964 547827
494 182609
fi=(292)
2154 730436
0 182609
fi=(262)
863 365218
fe=(375)
496 182609
954 182540
496 913045
-7 182609
0 182540
489 91270
969 2464911

fn=(4156)
652 9200
+5 920
+1 1840
0 920
669 3678
-11 2
fi=(252)
0 920
fi=(264)
20 3680
fe=(375)
-20 920
fi=(252)
617 920
fi=(253)
2997 920
fi=(174)
2494 1840
fi=(252)
765 1840
-94 920
fi=(253)
2881 1840
0 920
fi=(239)
961 920
fi=(233)
547 3680
cob=(2)
cfi=(211)
cfn=(720)
calls=923 255 
* 14722
* 920
fi=(253)
2886 1840
fi=(174)
2494 920
fi=(252)
765 920
-94 920
fi=(253)
2881 918
0 920
fi=(239)
961 920
fi=(233)
547 2760
cob=(2)
cfi=(211)
cfn=(720)
calls=923 255 
* 14100
fi=(253)
2886 1840
1025 920
+3 1840
fi=(252)
612 920
fi=(239)
961 2760
fi=(233)
1917 3680
fi=(253)
1034 2760
fe=(375)
701 920
+1 9200
fi=(253)
1029 612
cfi=(252)
cfn=(1538)
calls=307 186 
* 130927
* 306
fi=(252)
673 3070
cfn=(1178)
calls=616 -14 
* 213071
* 614
fi=(253)
2997 1228
2881 614
fe=(375)

fn=(4134) quick_xml::name::NamespaceResolver::resolve_event
933 6588
+3 3872
+1 840
fi=(270)
438 420
fi=(262)
863 210
fi=(173) /rustc/59807616e1fa2540724bfbac14d7976d7e4a3860/library/core/src/sync/atomic.rs
3890 420
fi=(356)
153 630
cfn=(2286)
calls=565 -75 
* 8604
fi=(265)
2766 420
fi=(363) /home/zhuhe/.cargo/registry/src/index.crates.io-1949cf8c6b5b557f/memchr-2.8.3/src/arch/generic/memchr.rs
0 210
fi=(262)
619 630
fe=(375)
939 24
fi=(262)
-76 8
fi=(173)
3890 16
fi=(356)
153 24
cfn=(2286)
calls=124 -75 
* 316
fi=(265)
2766 16
fi=(363)
0 8
fi=(262)
619 24
fe=(375)
938 1236
fi=(270)
438 618
fi=(262)
863 309
fi=(173)
3890 618
fi=(356)
153 927
cfn=(2286)
calls=426 -75 
* 12657
fi=(265)
2766 618
fi=(363)
0 309
fi=(262)
619 927
0 205
fe=(375)
940 1435
+2 205
0 8
939 24
cfn=(4178)
calls=8 +12 
* 616
* 72
0 309
938 927
cfn=(4178)
calls=310 +13 
* 23793
* 1854
0 210
937 630
cfn=(4178)
calls=210 +14 
* 16170
* 1050
0 840
942 1890
0 1236
942 4698

fl=(374)
fn=(2436) <quick_xml::events::attributes::Attributes as core::iter::traits::iterator::Iterator>::next
697 8400
+1 5600
cfn=(2438)
calls=1400 1222 
* 263152
* 7000
0 500
699 1000
0 1000
700 5400
fi=(174)
923 6300
fe=(374)
-50 2700
fi=(174)
+50 6300
fi=(270)
89 3600
fe=(374)
700 4500
+3 7000

fn=(4220) quick_xml::events::attributes::Attribute::decoded_and_normalized_value_with
256 6000
+7 500
0 1500
263 500
fi=(441) /home/zhuhe/.cargo/registry/src/index.crates.io-1949cf8c6b5b557f/quick-xml-0.41.0/src/encoding.rs
125 500
cfi=(353)
cfn=(2224)
calls=1442 -36 
* 37108
fi=(244)
0 1000
2173 1000
fi=(442) /home/zhuhe/.cargo/registry/src/index.crates.io-1949cf8c6b5b557f/quick-xml-0.41.0/src/lib.rs
0 1000
fe=(374)
269 2500
cfi=(442)
cfn=(4228) quick_xml::XmlVersion::normalize_attribute_value
calls=1442 107 
* 32176
fi=(244)
2173 500
0 500
2173 500
0 1000
2173 1000
fe=(374)
269 1000
+2 3000
+3 4000

fn=(2438)
1222 3001033
+1 1286157
1055 1286157
0 428719
1055 428719
fi=(270)
568 857438
fi=(180)
1720 857438
fi=(271)
180 428719
fe=(374)
1224 185195
fi=(270)
89 740780
-89 185195
fe=(374)
1229 370390
fi=(368) /home/zhuhe/.cargo/registry/src/index.crates.io-1949cf8c6b5b557f/quick-xml-0.41.0/src/utils.rs
322 185195
fe=(374)
1229 370390
fi=(368)
322 185195
0 370390
fi=(180)
1720 555585
fi=(271)
180 185195
fe=(374)
1237 243524
+1 243524
0 243524
1360 3858471
fi=(271)
180 1481560
0 185195
fi=(180)
1720 185195
fi=(271)
180 185195
fi=(180)
1720 337878
fi=(271)
180 337878
fe=(374)
1242 2092292
0 935043
1287 2222340
cfn=(2448) quick_xml::events::attributes::IterState::check_for_duplicates
calls=281618 1135 
* 14102788
* 370390
fi=(180)
1720 370390
fi=(271)
180 185195
0 370390
fe=(374)
1298 370390
fi=(368)
322 185195
0 370390
fe=(374)
0 555585
fi=(271)
180 370390
fi=(180)
1720 185195
fi=(271)
180 185195
fi=(180)
1720 695476
fi=(271)
180 695476
fi=(259)
2469 880671
fe=(374)
1342 880671
fi=(180)
659 880671
fi=(259)
2469 880671
fe=(374)
0 555585
1342 370390
1212 370390
0 925975

fn=(2448)
1135 1296365
+5 370390
0 184970
fi=(253)
2997 92485
fe=(374)
1141 184970
0 369940
fi=(252)
612 184970
fi=(239)
961 369940
fi=(180)
1720 92485
fi=(271)
180 92485
0 405080
fi=(180)
1720 63120
fi=(271)
180 31560
fe=(374)
1147 63120
fi=(174)
923 157800
fi=(264)
20 63120
fi=(270)
+69 40892
fi=(264)
+65 40892
cob=(2)
cfi=(290)
cfn=(1082)
calls=41156 -81 
* 331055
* 20446
fi=(271)
349 20446
fe=(374)
0 184970
fi=(253)
1028 184970
0 277455
fi=(233)
1917 277455
fi=(253)
1034 277455
fe=(374)
1153 277455
+1 739880
-1 278130
+1 741680
fi=(253)
1029 122684
cfi=(252)
cfn=(1538)
calls=124097 186 
* 6080097
fi=(252)
612 184026
fe=(374)

fl=(319) /rustc/59807616e1fa2540724bfbac14d7976d7e4a3860/library/core/src/slice/sort/unstable/mod.rs
fn=(1854) core::slice::sort::unstable::ipnsort
114 7
fi=(343) /rustc/59807616e1fa2540724bfbac14d7976d7e4a3860/library/core/src/slice/sort/shared/mod.rs
-89 2
-25 2
34 4
fi=(264)
317 3
+8 2
cob=(2)
cfi=(290)
cfn=(1082)
calls=1 73 
* 22
* 1
+1 3
fi=(236)
+71 3
fi=(343)
35 1
-35 1
40 2
-40 1
40 4
fi=(264)
317 3
+8 2
cob=(2)
cfi=(290)
cfn=(1082)
calls=1 73 
* 22
fi=(343)
40 8
fi=(264)
317 6
+8 4
cob=(2)
cfi=(290)
cfn=(1082)
calls=2 73 
* 44
* 3
+1 6
fi=(236)
+71 3
fi=(343)
40 3
+2 2
-2 8
-40 1
fe=(319)
124 2
+12 2
fi=(314) /rustc/59807616e1fa2540724bfbac14d7976d7e4a3860/library/core/src/num/nonzero.rs
611 2
fe=(319)
136 2
+1 11
cfi=(344) /rustc/59807616e1fa2540724bfbac14d7976d7e4a3860/library/core/src/slice/sort/unstable/quicksort.rs
cfn=(1856) core::slice::sort::unstable::quicksort::quicksort
calls=1 21 
* 44462
-23 7
fi=(343)
-89 2
-25 2
34 2
fi=(252)
612 1
fi=(253)
1815 1
fi=(252)
612 1
fi=(253)
1815 1
fi=(264)
317 3
+8 2
cob=(2)
cfi=(290)
cfn=(1082)
calls=1 73 
* 22
* 1
+1 4
fi=(236)
+71 1
fi=(343)
35 1
-35 1
40 1
-40 1
fi=(252)
612 1
fi=(253)
1815 1
fi=(343)
40 1
fi=(252)
612 1
fi=(253)
1815 1
fi=(264)
317 3
+8 2
cob=(2)
cfi=(290)
cfn=(1082)
calls=1 73 
* 22
fi=(252)
612 2
fi=(253)
1815 2
fi=(343)
40 2
fi=(252)
612 2
fi=(253)
1815 2
fi=(264)
317 6
+8 4
cob=(2)
cfi=(290)
cfn=(1082)
calls=2 73 
* 44
* 3
+1 6
fi=(236)
+71 6
fi=(343)
42 2
-2 4
fe=(319)
+84 2
+12 2
fi=(314)
611 2
fe=(319)
136 2
+1 11
cfi=(344)
cfn=(1856)
calls=1 21 
* 32436
-23 7
fi=(343)
-89 2
-25 2
fi=(299) /home/zhuhe/code/litchi/crates/litchi-opc/src/part.rs
704 3
cfn=(5082) <litchi_opc::part::XmlPart as litchi_opc::part::Part>::partname
calls=1 -97 
* 2
fi=(252)
-92 1
fi=(253)
1815 1
fi=(299)
704 3
cfn=(5082)
calls=1 -97 
* 2
fi=(252)
-92 1
fi=(253)
1815 1
fi=(264)
317 3
+8 2
cob=(2)
cfi=(290)
cfn=(1082)
calls=1 73 
* 22
* 1
+1 3
fi=(236)
+71 3
fi=(343)
35 1
-35 1
40 2
-40 1
fi=(299)
704 3
cfn=(5082)
calls=1 -97 
* 2
fi=(252)
-92 1
fi=(253)
1815 1
fi=(299)
704 3
cfn=(5082)
calls=1 -97 
* 2
fi=(252)
-92 1
fi=(253)
1815 1
fi=(264)
317 3
+8 2
cob=(2)
cfi=(290)
cfn=(1082)
calls=1 73 
* 22
* 1
+1 2
fi=(236)
+71 2
fe=(319)
124 2
+12 2
fi=(314)
611 2
fe=(319)
136 3
+1 10
cfi=(344)
cfn=(1856)
calls=1 21 
* 55173
-23 1
fi=(343)
-89 2
+9 2
fi=(479) /rustc/59807616e1fa2540724bfbac14d7976d7e4a3860/library/core/src/tuple.rs
196 4
fi=(236)
1931 1
fi=(479)
196 3
fi=(343)
35 2
-35 1
36 2
-36 1
36 4
fi=(479)
196 4
fi=(236)
1931 1
fi=(479)
196 2
fi=(343)
36 6
fi=(479)
196 4
fi=(236)
1931 1
fi=(479)
196 2
fi=(343)
36 2
+1 1
-1 3
fe=(319)
+88 2
+12 2
fi=(314)
611 2
fe=(319)
136 2
+1 3
cfi=(344)
cfn=(1856)
calls=1 21 
* 14506

fl=(300) /home/zhuhe/code/litchi/crates/litchi-opc/src/rel.rs
fn=(1616) <litchi_opc::rel::Relationships as core::clone::Clone>::clone
232 968
fi=(260)
2352 121
fi=(252)
459 363
fi=(260)
2352 121
fi=(243)
14 242
cob=(2)
cfi=(155)
cfn=(650)
calls=121 3283 
* 20795
fi=(252)
468 242
fi=(256)
0 121
fi=(233)
547 484
cob=(2)
cfi=(211)
cfn=(720)
calls=121 255 
* 1555
* 121
0 363
fi=(265)
2262 242
0 121
fi=(260)
2352 121
fi=(252)
459 242
fi=(260)
2352 121
fi=(243)
14 242
cob=(2)
cfi=(155)
cfn=(650)
calls=121 3283 
* 20734
fi=(252)
468 242
0 121
fi=(233)
547 605
cob=(2)
cfi=(211)
cfn=(720)
calls=121 255 
* 1344
* 121
0 121
fi=(310) /rust/deps/hashbrown-0.16.1/src/map.rs
193 121
fi=(304) /rust/deps/hashbrown-0.16.1/src/raw/mod.rs
2697 121
3311 242
0 228
2676 228
fi=(174)
3051 228
fi=(297)
457 114
fi=(174)
769 114
fi=(304)
224 114
+1 114
fi=(174)
769 798
fi=(297)
457 228
fi=(304)
0 7
660 35
fi=(265)
2262 28
0 114
fi=(298)
186 342
0 114
95 114
fi=(243)
-82 114
+1 228
cob=(2)
cfi=(155)
cfn=(650)
calls=114 3283 
* 20137
* 342
fi=(335) /rust/deps/hashbrown-0.16.1/src/raw/alloc.rs
+5 228
fi=(239)
961 114
fi=(304)
185 684
3325 570
2665 342
fi=(233)
547 228
cob=(2)
cfi=(211)
cfn=(720)
calls=114 255 
* 1274
fi=(304)
2210 228
3851 228
0 114
fi=(311) /rustc/59807616e1fa2540724bfbac14d7976d7e4a3860/library/core/src/../../stdarch/crates/core_arch/src/x86/sse2.rs
1320 114
fi=(304)
3595 228
fi=(262)
863 456
fe=(300)
14 458
fi=(262)
619 916
fi=(239)
1072 916
fi=(233)
1917 6183
fi=(304)
0 687
3472 229
3851 458
fi=(315) /rust/deps/hashbrown-0.16.1/src/control/bitmask.rs
50 687
-50 7
fi=(311)
1320 7
fi=(239)
1072 7
fi=(262)
863 7
fi=(315)
113 14
-63 7
-50 229
fi=(314)
641 229
fi=(239)
1072 458
fi=(260)
2352 916
fi=(252)
459 458
fi=(260)
2352 458
fi=(243)
14 458
cob=(2)
cfi=(155)
cfn=(650)
calls=229 3283 
* 37657
fi=(252)
468 458
0 229
fi=(233)
547 916
cob=(2)
cfi=(211)
cfn=(720)
calls=229 255 
* 3431
* 229
fi=(304)
0 229
fi=(260)
2352 229
fi=(252)
459 687
fi=(260)
2352 229
fi=(243)
14 458
cob=(2)
cfi=(155)
cfn=(650)
calls=229 3283 
* 37175
fi=(252)
468 458
0 229
fi=(233)
547 916
cob=(2)
cfi=(211)
cfn=(720)
calls=229 255 
* 3431
* 229
0 229
fi=(260)
2352 916
fi=(252)
459 458
fi=(260)
2352 229
fi=(243)
14 458
cob=(2)
cfi=(155)
cfn=(650)
calls=229 3283 
* 39706
fi=(252)
468 458
0 229
fi=(233)
547 916
cob=(2)
cfi=(211)
cfn=(720)
calls=229 255 
* 5038
* 229
fi=(260)
2352 229
fi=(252)
459 687
fi=(260)
2352 229
fi=(243)
14 687
cob=(2)
cfi=(155)
cfn=(650)
calls=229 3283 
* 38364
fi=(252)
468 458
0 229
fi=(233)
547 916
cob=(2)
cfi=(211)
cfn=(720)
calls=229 255 
* 2647
* 687
fi=(260)
2352 229
fi=(252)
459 687
fi=(260)
2352 229
fi=(243)
14 458
cob=(2)
cfi=(155)
cfn=(650)
calls=229 3283 
* 38273
fi=(252)
468 458
fi=(233)
+79 1145
cob=(2)
cfi=(211)
cfn=(720)
calls=229 255 
* 3139
* 1374
fi=(265)
2262 916
fi=(260)
+90 229
fi=(252)
459 458
0 229
fi=(260)
2352 687
fi=(243)
14 229
cob=(2)
cfi=(155)
cfn=(650)
calls=229 3283 
* 39305
fi=(252)
468 458
0 229
fi=(233)
547 916
cob=(2)
cfi=(211)
cfn=(720)
calls=229 255 
* 2543
* 1832
0 114
fi=(304)
3478 228
+1 228
3338 1254
fi=(265)
2262 342
fe=(300)
232 2670
fi=(260)
2352 1
fi=(252)
459 3
fi=(260)
2352 1
fi=(243)
14 2
cob=(2)
cfi=(155)
cfn=(650)
calls=23 3283 
* 161
fi=(252)
468 2
fi=(256)
0 1
fi=(233)
547 4
cob=(2)
cfi=(211)
cfn=(720)
calls=23 255 
* 16
* 1
0 3
fi=(265)
2262 2
0 1
2262 1
fi=(233)
0 1
fi=(310)
193 1
fi=(304)
2697 1
3311 2
0 2
2676 2
fi=(174)
3051 2
fi=(297)
457 1
fi=(174)
769 1
fi=(304)
224 1
+1 1
fi=(174)
769 7
fi=(297)
457 2
fi=(265)
0 1
fi=(298)
186 3
0 1
95 1
fi=(243)
-82 1
+1 2
cob=(2)
cfi=(155)
cfn=(650)
calls=16 3283 
* 30
* 3
fi=(335)
+5 2
fi=(239)
961 1
fi=(304)
185 6
3325 5
2665 3
fi=(233)
547 2
cob=(2)
cfi=(211)
cfn=(720)
calls=16 255 
* 11
fi=(304)
2210 2
3851 2
0 1
fi=(311)
1320 1
fi=(304)
3595 2
fi=(262)
863 4
fe=(300)
14 6
fi=(262)
619 12
fi=(239)
1072 12
fi=(233)
1917 81
fi=(304)
0 9
3472 3
3851 6
fi=(315)
50 9
-50 3
fi=(314)
641 3
fi=(239)
1072 6
fi=(260)
2352 12
fi=(252)
459 6
fi=(260)
2352 6
fi=(243)
14 6
cob=(2)
cfi=(155)
cfn=(650)
calls=35 3283 
* 483
fi=(252)
468 6
0 3
fi=(233)
547 12
cob=(2)
cfi=(211)
cfn=(720)
calls=35 255 
* 45
* 3
fi=(304)
0 3
fi=(260)
2352 3
fi=(252)
459 9
fi=(260)
2352 3
fi=(243)
14 6
cob=(2)
cfi=(155)
cfn=(650)
calls=35 3283 
* 483
fi=(252)
468 6
0 3
fi=(233)
547 12
cob=(2)
cfi=(211)
cfn=(720)
calls=35 255 
* 45
* 3
0 3
fi=(260)
2352 12
fi=(252)
459 6
fi=(260)
2352 3
fi=(243)
14 6
cob=(2)
cfi=(155)
cfn=(650)
calls=35 3283 
* 374
fi=(252)
468 6
0 3
fi=(233)
547 12
cob=(2)
cfi=(211)
cfn=(720)
calls=35 255 
* 66
* 3
fi=(260)
2352 3
fi=(252)
459 9
fi=(260)
2352 3
fi=(243)
14 9
cob=(2)
cfi=(155)
cfn=(650)
calls=35 3283 
* 516
fi=(252)
468 6
0 3
fi=(233)
547 12
cob=(2)
cfi=(211)
cfn=(720)
calls=35 255 
* 33
* 9
fi=(260)
2352 3
fi=(252)
459 9
fi=(260)
2352 3
fi=(243)
14 6
cob=(2)
cfi=(155)
cfn=(650)
calls=35 3283 
* 483
fi=(252)
468 6
fi=(233)
+79 15
cob=(2)
cfi=(211)
cfn=(720)
calls=35 255 
* 48
* 18
fi=(265)
2262 9
fi=(233)
0 1
fi=(304)
3478 2
+1 2
3338 11
fi=(265)
2262 3
fe=(300)
232 22

fn=(5142) litchi_opc::rel::Relationship::target_partname
205 2807
+1 802
0 401
fi=(252)
612 401
fi=(253)
1815 401
fi=(285)
572 3609
fi=(284)
1971 401
cfi=(285)
cfn=(1074)
calls=402 432 
* 37945
fi=(265)
2766 802
fi=(285)
572 3609
fi=(284)
1971 401
cfi=(285)
cfn=(1074)
calls=402 432 
* 37945
fi=(265)
2766 802
0 401
fe=(300)
212 802
fi=(252)
612 401
fi=(253)
1815 802
fe=(300)
224 1203
cfi=(283)
cfn=(4534)
calls=402 120 
* 1905599
0 3208
fi=(244)
1493 401
fe=(300)
225 3208

fl=(440) /home/zhuhe/code/litchi/crates/litchi-opc/src/xml_attributes.rs
fn=(5324) <litchi_opc::xml_attributes::CheckedAttributes as core::iter::traits::iterator::Iterator>::next
227 1676532
+1 609648
0 152412
231 152412
fi=(374)
698 609648
cfn=(2438)
calls=152412 1222 
* 27482310
* 640406
0 60827
fe=(440)
235 182481
cfi=(233)
cfn=(5328) core::ptr::drop_in_place<litchi_opc::xml_attributes::Phase>
calls=60827 805 
* 1034059
* 60827
-3 60827
fi=(374)
700 549510
fi=(174)
923 641095
fi=(374)
-50 274755
fi=(174)
+50 641095
fi=(270)
89 274755
fe=(440)
233 91585
+4 457925
+3 732680
-3 304135
+3 486616

fl=(442)
fn=(4228)
107 5000
0 500
117 1000
fi=(352) /rustc/59807616e1fa2540724bfbac14d7976d7e4a3860/library/core/src/slice/iter.rs
-13 500
fe=(442)
0 500
fi=(271)
180 500
0 1500
390 2496
fi=(180)
1720 2496
fi=(271)
180 2496
384 4992
fi=(463) /home/zhuhe/.cargo/registry/src/index.crates.io-1949cf8c6b5b557f/quick-xml-0.41.0/src/escape.rs
552 2496
0 200
fi=(301)
0 3000
fe=(442)
0 500
123 4000

fl=(333) /rustc/59807616e1fa2540724bfbac14d7976d7e4a3860/library/std/src/sys/sync/once/futex.rs
fn=(5464) <std::sys::sync::once::futex::Once>::call
141 22
fi=(173)
3891 8
0 6
fe=(333)
154 2
fi=(173)
4043 2
fe=(333)
155 2
-11 4
+1 4
+1 6
+28 4
-2 10
+6 2
cfi=(460) /rustc/59807616e1fa2540724bfbac14d7976d7e4a3860/library/std/src/sync/once.rs
cfn=(5468) std::sync::once::Once::call_once_force::{{closure}}
calls=1 +41 
* 14
cfi=(460)
cfn=(5468)
calls=1 +41 
* 16
fi=(303) /rustc/59807616e1fa2540724bfbac14d7976d7e4a3860/library/core/src/cell.rs
555 2
fi=(173)
3908 2
fe=(333)
62 4
205 16

fl=(259)
fn=(1058)
2461 1006
0 503
fi=(180)
1720 503
fi=(271)
180 503
fi=(180)
1720 11536
fi=(271)
180 11536
fi=(180)
659 11536
fi=(271)
185 11536
fi=(287)
37 11536
+1 23072
-38 23072
fi=(288) /rustc/59807616e1fa2540724bfbac14d7976d7e4a3860/library/core/src/char/methods.rs
957 23072
0 11536
fe=(259)
2469 23072
0 503
2472 503
-11 5030
fi=(289)
665 503
+2 503
fe=(259)
2469 1006
fi=(289)
658 1006
+5 1509
cfi=(285)
cfn=(1074)
calls=1566 432 
* 59857
* 1006
0 503
fe=(259)
2472 3521
-11 50
fi=(289)
665 5
+2 5
fe=(259)
2469 10
fi=(289)
658 10
+5 15
cfi=(285)
cfn=(1074)
calls=127 432 
* 595
* 10
0 5
fe=(259)
2472 35
-11 9
fi=(304)
3851 2
0 6
fi=(471) /rustc/59807616e1fa2540724bfbac14d7976d7e4a3860/library/alloc/src/collections/btree/search.rs
0 121
fi=(304)
3851 363
fi=(315)
50 242
-50 15
fi=(311)
1320 15
fi=(239)
1072 15
fi=(262)
863 15
fi=(315)
113 30
-63 15
fi=(304)
-50 15
3669 15
fi=(314)
499 15
641 15
fi=(315)
38 30
+76 15
fi=(239)
1072 30
fi=(304)
3861 45
fe=(259)
2469 30
fi=(299)
710 30
cfi=(252)
cfn=(5008)
calls=15 -98 
* 45
fi=(314)
499 106
641 106
fi=(315)
38 212
+76 106
fi=(239)
1072 212
fi=(304)
3861 318
fe=(259)
2469 212
fi=(299)
710 212
cfi=(252)
cfn=(5008)
calls=106 -98 
* 318
fi=(264)
20 242
fi=(472) /rustc/59807616e1fa2540724bfbac14d7976d7e4a3860/library/alloc/src/collections/btree/node.rs
-20 1
fe=(259)
2472 8
-11 10
0 5
fi=(180)
1720 5
fi=(271)
180 5
fi=(180)
1720 131
fi=(271)
180 131
fi=(180)
659 131
fi=(271)
185 131
fi=(287)
37 131
+1 262
-38 262
fi=(288)
957 262
0 131
fe=(259)
2469 262
0 5
2472 5

fl=(318) /rustc/59807616e1fa2540724bfbac14d7976d7e4a3860/library/alloc/src/vec/spec_from_iter_nested.rs
fn=(5740) <alloc::vec::Vec<T> as alloc::vec::spec_from_iter_nested::SpecFromIterNested<T,I>>::from_iter
18 900
fi=(304)
3851 200
0 500
fi=(315)
50 200
fi=(314)
499 100
641 100
fi=(315)
38 200
fi=(239)
1072 200
fi=(304)
3861 100
fi=(252)
612 100
fi=(253)
1815 100
fi=(264)
20 400
fi=(304)
3851 200
0 100
fi=(253)
464 400
fe=(318)
43 800
-25 10
fi=(304)
3851 2
0 15
fi=(315)
50 2
fi=(314)
499 1
641 1
fi=(315)
38 2
fi=(239)
1072 2
fi=(304)
3861 1
fi=(264)
20 2
fi=(259)
-20 1
fi=(252)
612 2
fi=(264)
154 2
cob=(2)
cfi=(290)
cfn=(1082)
calls=1 -81 
* 29
* 1
fi=(259)
2945 1
0 1
fi=(315)
114 1
fi=(304)
3861 1
fi=(243)
14 2
cob=(2)
cfi=(155)
cfn=(650)
calls=1 3283 
* 30
fi=(252)
468 2
0 1
fi=(233)
1917 1
fe=(318)
36 4
fi=(304)
3851 2
fe=(318)
42 8
+1 8
-25 9
fi=(304)
3851 2
0 5
fi=(315)
50 200
-50 7
fi=(311)
1320 7
fi=(239)
1072 7
fi=(262)
863 7
fi=(315)
113 14
-63 7
fi=(304)
-50 7
3669 7
fi=(314)
499 7
641 7
fi=(315)
38 14
fi=(239)
1072 14
fi=(304)
3861 7
fi=(252)
612 7
fi=(253)
1815 7
fi=(264)
20 14
fi=(314)
499 93
641 93
fi=(315)
38 186
fi=(239)
1072 186
fi=(304)
3861 93
fi=(252)
612 93
fi=(253)
1815 93
fi=(264)
20 386
154 9
cob=(2)
cfi=(290)
cfn=(1082)
calls=3 -81 
* 97
* 3
fi=(259)
2945 3
fi=(304)
3851 198
fi=(315)
114 1
fi=(304)
3861 1
fi=(243)
14 2
cob=(2)
cfi=(155)
cfn=(650)
calls=1 3283 
* 30
fi=(252)
468 2
fe=(318)
0 2
fi=(233)
1917 1
fe=(318)
36 3
fi=(304)
3851 3
0 3
fi=(315)
50 10
fi=(314)
499 5
641 5
fi=(315)
38 10
fi=(239)
1072 10
fi=(304)
3861 5
fi=(252)
612 5
fi=(253)
1815 5
fi=(264)
20 20
fi=(304)
3851 11
fe=(318)
42 7
+1 8

fl=(164)
fn=(564) (below main)
cob=(2)
cfi=(165)
cfn=(566)
calls=0 242 
0 549233425

fn=(1762)
0 10863
cob=(2)
cfi=(155)
cfn=(650)
calls=2375 3283 
0 178549

fn=(596)
cfi=(172) /rustc/59807616e1fa2540724bfbac14d7976d7e4a3860/library/std/src/rt.rs
cfn=(598) std::rt::lang_start_internal
calls=0 152 
0 549233425

fl=(310)
fn=(1502) hashbrown::map::HashMap<K,V,S,A>::insert
1841 4527
258 3521
cfi=(308) /rustc/59807616e1fa2540724bfbac14d7976d7e4a3860/library/core/src/hash/mod.rs
cfn=(1296) core::hash::BuildHasher::hash_one
calls=503 694 
* 101971
* 503
fi=(304)
956 503
fi=(297)
457 503
0 503
fi=(304)
1179 1006
fi=(324) /rust/deps/hashbrown-0.16.1/src/control/tag.rs
48 5533
fi=(304)
-48 503
fi=(233)
547 503
fi=(311)
1563 1509
fi=(315)
50 1006
fi=(304)
-50 14
fi=(233)
547 14
fi=(311)
1563 42
fi=(315)
50 28
-50 215
fi=(314)
641 43
fi=(304)
1863 86
fi=(239)
1072 86
fi=(264)
20 86
fi=(314)
641 2
fi=(304)
1863 4
fi=(239)
1072 4
fi=(264)
20 4
fi=(304)
1179 136
fi=(264)
154 34
cob=(2)
cfi=(290)
cfn=(1082)
calls=34 -81 
* 786
* 68
fi=(297)
434 34
fi=(314)
+65 45
fi=(315)
50 405
-50 43
fi=(325) /rustc/59807616e1fa2540724bfbac14d7976d7e4a3860/library/core/src/macros/mod.rs
433 86
fi=(297)
+1 43
fi=(325)
-1 948
fi=(297)
+1 474
fi=(311)
1563 517
fi=(315)
50 1034
fi=(314)
641 503
fi=(304)
1793 1006
fi=(311)
1563 1006
fi=(297)
434 1006
0 28
fi=(304)
91 28
-1 14
1844 14
2687 503
fi=(297)
457 1509
fi=(324)
30 503
fi=(174)
2494 503
fi=(304)
2631 503
+3 503
+1 503
2499 3018
fi=(239)
1072 1006
fi=(233)
1917 2515
fe=(310)
-65 4527
0 6
fi=(304)
962 24
cfn=(1312) hashbrown::raw::RawTable<T,A>::reserve_rehash
calls=6 +37 
* 24907
* 6
fi=(311)
1320 1
1563 1
fi=(315)
50 1
fi=(304)
1216 2
fe=(310)
1841 900
258 700
cfi=(308)
cfn=(1296)
calls=100 694 
* 25652
* 100
fi=(304)
956 100
fi=(297)
457 100
0 100
fi=(304)
1179 200
fi=(324)
48 1100
fi=(304)
-48 100
fi=(233)
547 100
fi=(311)
1563 300
fi=(315)
50 200
fi=(304)
-50 7
fi=(233)
547 7
fi=(311)
1563 21
fi=(315)
50 14
-50 35
fi=(314)
641 7
fi=(304)
1863 14
fi=(239)
1072 14
fi=(264)
20 14
fi=(304)
1179 24
fi=(264)
154 6
cob=(2)
cfi=(290)
cfn=(1082)
calls=6 -81 
* 132
* 12
fi=(297)
434 6
fi=(314)
+65 7
fi=(315)
50 63
-50 7
fi=(325)
433 14
fi=(297)
+1 7
fi=(325)
-1 200
fi=(297)
+1 100
fi=(311)
1563 107
fi=(315)
50 214
fi=(314)
641 100
fi=(304)
1793 200
fi=(311)
1563 200
fi=(297)
434 200
0 14
fi=(304)
91 14
-1 7
1844 7
2687 100
fi=(297)
457 300
fi=(324)
30 100
fi=(174)
2494 100
fi=(304)
2631 100
+3 100
+1 100
2499 600
fi=(239)
1072 200
fi=(233)
1917 500
fe=(310)
-65 900
0 6
fi=(304)
962 24
cfn=(1312)
calls=6 +37 
* 33491
* 6
fi=(311)
1320 1
1563 1
fi=(315)
50 1
fi=(304)
1216 2
fe=(310)
1841 1800
258 300
fi=(309)
-55 600
fi=(281) /rustc/59807616e1fa2540724bfbac14d7976d7e4a3860/library/std/src/hash/random.rs
84 300
fi=(309)
204 600
fi=(281)
84 1500
fi=(174)
3928 900
fi=(309)
233 600
cfn=(1298)
calls=300 +23 
* 8400
+81 900
-2 600
+4 600
fi=(174)
2457 600
fi=(297)
2029 300
fi=(174)
2457 300
fi=(309)
78 300
fi=(297)
2029 300
fi=(309)
79 300
fi=(297)
2029 300
fi=(174)
2457 600
fi=(297)
2029 300
fi=(309)
79 300
fi=(297)
2029 600
fi=(309)
78 300
318 300
+2 300
fi=(174)
2457 600
fi=(297)
2029 300
fi=(309)
78 300
fi=(297)
2029 600
fi=(309)
79 300
fi=(174)
2457 300
fi=(297)
2029 300
fi=(174)
2457 300
fi=(309)
79 300
fi=(297)
2029 300
fi=(309)
78 300
fi=(297)
2029 300
fi=(174)
2457 600
fi=(297)
2029 300
fi=(309)
78 300
fi=(297)
2029 600
fi=(309)
79 300
fi=(174)
2457 300
fi=(297)
2029 300
fi=(174)
2457 300
fi=(309)
79 300
fi=(297)
2029 300
fi=(309)
78 300
fi=(297)
2029 300
fi=(174)
2457 600
fi=(297)
2029 300
fi=(309)
78 300
fi=(297)
2029 300
fi=(309)
79 300
fi=(174)
2457 300
fi=(297)
2029 1200
fi=(309)
323 900
fi=(304)
956 300
fi=(297)
457 300
fi=(304)
1179 600
fi=(324)
48 2700
fi=(304)
-48 300
fi=(233)
547 300
fi=(311)
1563 900
fi=(315)
50 600
fi=(304)
-50 15
fi=(233)
547 15
fi=(311)
1563 45
fi=(315)
50 30
fi=(314)
641 31
fi=(304)
1863 62
fi=(239)
1072 124
fi=(236)
1878 31
fi=(297)
434 31
fi=(314)
+65 31
fi=(315)
50 93
-50 29
fi=(325)
433 29
fi=(297)
+1 29
fi=(325)
-1 286
fi=(297)
+1 286
fi=(311)
1563 315
fi=(315)
50 630
fi=(314)
641 300
fi=(304)
1793 600
fi=(311)
1563 600
fi=(297)
434 600
0 15
fi=(304)
91 30
-1 15
1844 15
2687 300
fi=(297)
457 600
fi=(324)
30 300
fi=(174)
2494 300
fi=(304)
2631 300
+3 300
+1 300
2499 1800
fi=(239)
1072 600
fi=(233)
1917 600
fe=(310)
-65 1500
fi=(304)
962 30
cfn=(1312)
calls=6 +37 
* 18718
* 6
fi=(311)
1320 1
1563 1
fi=(315)
50 1
fi=(304)
1216 2
fe=(310)

fn=(5412) hashbrown::map::HashMap<K,V,S,A>::get
1309 402
0 1809
258 1407
cfi=(308)
cfn=(1296)
calls=201 694 
* 33515
fi=(324)
48 603
fi=(304)
2492 1608
0 201
fi=(233)
547 201
fi=(311)
1563 603
fi=(315)
50 402
fi=(304)
-50 4
fi=(233)
547 4
fi=(311)
1563 12
fi=(315)
50 8
-50 1005
fi=(314)
641 201
fi=(304)
2073 402
fi=(239)
1072 402
fi=(264)
20 402
fi=(314)
641 2
fi=(304)
2073 4
fi=(239)
1072 4
fi=(264)
20 4
fi=(304)
1236 406
fi=(264)
154 609
cob=(2)
cfi=(290)
cfn=(1082)
calls=203 -81 
* 4039
* 203
fi=(297)
434 203
fi=(314)
+65 2
fi=(315)
50 18
fi=(311)
1563 8
fi=(297)
434 8
fi=(304)
91 8
-1 4
2053 4
1251 2010
fe=(310)
+67 201

fl=(172)
fn=(598)
fi=(323) /rustc/59807616e1fa2540724bfbac14d7976d7e4a3860/library/core/src/ops/function.rs
cfn=(860) std::rt::lang_start::{{closure}}
calls=0 206 
287 549233425
fe=(172)

fn=(860)
cfi=(249) /rustc/59807616e1fa2540724bfbac14d7976d7e4a3860/library/std/src/sys/backtrace.rs
cfn=(862) std::sys::backtrace::__rust_begin_short_backtrace
calls=0 162 
206 549233425

fl=(470) /home/zhuhe/code/litchi/crates/litchi-pptx/src/notes/package.rs
fn=(5780) litchi_pptx::notes::package::require_content_type
1594 20
+1 4
cfi=(252)
cfn=(5008)
calls=2 612 
* 6
fi=(264)
20 4
154 8
cob=(2)
cfi=(290)
cfn=(1082)
calls=2 -81 
* 46
* 2
fe=(470)
1595 2
+5 10
-4 4

fn=(5834) litchi_pptx::notes::package::snapshot_from_index
331 8
+5 3
0 4
336 3
cob=(2)
cfi=(211)
cfn=(720)
calls=1 -81 
* 30
717 4
cfi=(280) /home/zhuhe/code/litchi/crates/litchi-opc/src/package.rs
cfn=(1692) litchi_opc::package::OpcPackage::get_part
calls=1 1508 
* 374
fi=(244)
2173 1
0 1
2173 2
0 1
2173 5
fe=(470)
717 2
cfi=(336) /home/zhuhe/code/litchi/crates/litchi-opc/src/payload.rs
cfn=(5168) <litchi_opc::part::XmlPart as litchi_opc::part::Part>::blob
calls=1 339 
* 10
0 3
fi=(252)
765 1
-42 1
fe=(470)
-2 4
cfi=(280)
cfn=(1692)
calls=1 1508 
* 337
fi=(244)
2173 1
0 2
2173 2
fe=(470)
721 2
cfi=(336)
cfn=(5168)
calls=1 339 
* 10
0 3
fi=(252)
765 1
-42 1
fi=(253)
464 3
2997 1
fi=(252)
765 1
-77 1
fe=(470)
+40 5
fi=(252)
-96 2
fe=(470)
747 4
fi=(253)
1815 2
fi=(297)
457 1
fe=(470)
764 2
cob=(2)
cfi=(155)
cfn=(762)
calls=1 3319 
* 33
fi=(244)
2173 7
fe=(470)
364 8
0 2
fi=(244)
2174 37
fe=(470)
339 13
+1 3
cfi=(280)
cfn=(1692)
calls=1 1508 
* 337
* 1
fi=(244)
2173 1
0 2
2173 2
0 1
fe=(470)
341 3
cfi=(474) /home/zhuhe/code/litchi/crates/litchi-pptx/src/notes/transaction.rs
cfn=(5870) litchi_pptx::notes::transaction::PartState::from_part
calls=1 28 
* 114497
fi=(243)
14 2
cob=(2)
cfi=(155)
cfn=(650)
calls=1 3283 
* 172
* 1
fi=(245)
248 2
fi=(260)
2352 3
fi=(252)
459 2
fi=(260)
2352 1
fi=(243)
14 2
cob=(2)
cfi=(155)
cfn=(650)
calls=1 3283 
* 172
fi=(252)
468 2
fi=(233)
+79 5
cob=(2)
cfi=(211)
cfn=(720)
calls=1 255 
* 11
* 1
fi=(260)
2352 1
fi=(252)
459 4
fi=(260)
2352 1
fi=(243)
14 2
cob=(2)
cfi=(155)
cfn=(650)
calls=1 3283 
* 172
fi=(252)
468 2
0 1
fi=(233)
547 4
cob=(2)
cfi=(211)
cfn=(720)
calls=1 255 
* 22
0 1
fi=(180)
444 1
fi=(173)
3923 1
fi=(337) /rustc/59807616e1fa2540724bfbac14d7976d7e4a3860/library/alloc/src/sync.rs
2405 1
0 1
310 1
fi=(474)
24 1
fi=(252)
459 4
fi=(474)
24 1
fi=(252)
-24 4
fi=(243)
14 1
cob=(2)
cfi=(155)
cfn=(650)
calls=1 3283 
* 310
fi=(252)
468 2
fi=(253)
965 7
0 210
fi=(300)
14 105
fi=(256)
-14 210
fi=(331) /rustc/59807616e1fa2540724bfbac14d7976d7e4a3860/library/core/src/mem/maybe_uninit.rs
564 1155
fi=(481) /rustc/59807616e1fa2540724bfbac14d7976d7e4a3860/library/core/src/iter/adapters/take.rs
37 525
fi=(180)
1720 105
fi=(271)
180 105
fi=(260)
2352 420
fi=(252)
459 210
fi=(260)
2352 105
fi=(243)
14 210
cob=(2)
cfi=(155)
cfn=(650)
calls=105 3283 
* 17100
fi=(252)
468 210
0 105
fi=(233)
547 420
cob=(2)
cfi=(211)
cfn=(720)
calls=105 255 
* 1571
* 105
fi=(260)
2352 105
fi=(252)
459 315
fi=(260)
2352 210
fi=(243)
14 105
cob=(2)
cfi=(155)
cfn=(650)
calls=105 3283 
* 19126
fi=(252)
468 210
fi=(256)
0 105
fi=(233)
547 420
cob=(2)
cfi=(211)
cfn=(720)
calls=105 255 
* 2310
* 105
fi=(260)
2352 105
fi=(252)
459 210
0 210
fi=(260)
2352 105
fi=(243)
14 210
cob=(2)
cfi=(155)
cfn=(650)
calls=105 3283 
* 17676
fi=(252)
468 210
fi=(256)
0 105
fi=(233)
547 420
cob=(2)
cfi=(211)
cfn=(720)
calls=105 255 
* 1161
* 315
0 4
fi=(252)
459 1
0 1
fi=(243)
14 2
cob=(2)
cfi=(155)
cfn=(650)
calls=1 3283 
* 30
fi=(252)
468 2
0 1
fi=(233)
547 4
cob=(2)
cfi=(211)
cfn=(720)
calls=1 255 
* 12
* 1
fi=(244)
0 1
fe=(470)
749 7
+2 2
cfi=(280)
cfn=(1692)
calls=1 1508 
* 374
fi=(244)
2173 1
0 2
2173 2
fe=(470)
751 2
cfi=(299)
cfn=(5060) <litchi_opc::part::XmlPart as litchi_opc::part::Part>::rels
calls=1 -91 
* 2
* 4
cfn=(5844) litchi_pptx::notes::package::relationship_links
calls=1 1532 
* 328
+2 4
fi=(253)
1815 2
fi=(297)
457 1
fi=(252)
0 2
798 7
cfn=(1182) alloc::raw_vec::RawVecInner<A>::finish_grow
calls=1 542 
* 889
fi=(244)
2173 2
fi=(252)
0 2
459 1
0 1
fi=(243)
14 3
cob=(2)
cfi=(155)
cfn=(650)
calls=1 3283 
* 30
fi=(252)
468 2
0 1
fi=(233)
547 4
cob=(2)
cfi=(211)
cfn=(720)
calls=1 255 
* 11
* 1
fi=(253)
2168 2
fi=(256)
440 6
fe=(470)
-98 11
fi=(253)
1187 4
fe=(470)
344 4
cfi=(283)
cfn=(1028)
calls=1 43 
* 3080
* 2
fi=(244)
0 1
966 2
+1 2
2174 2
fe=(470)
344 4
-1 2
cfi=(280)
cfn=(1692)
calls=1 1508 
* 374
fi=(244)
2173 1
0 2
2173 2
0 1
fe=(470)
343 1
cfi=(474)
cfn=(5870)
calls=1 28 
* 1194
0 1
fi=(253)
1029 1
cfi=(252)
cfn=(1538)
calls=1 186 
* 470
fi=(252)
612 1
fi=(233)
1917 10
fi=(253)
1034 1
fi=(252)
632 2
fi=(233)
805 1
fi=(243)
48 1
cob=(2)
cfi=(155)
cfn=(762)
calls=1 3319 
* 33
-48 3
fe=(470)
347 1
cfi=(283)
cfn=(1028)
calls=1 43 
* 2469
fi=(244)
966 2
+1 2
2174 2
fe=(470)
347 4
-1 2
cfi=(280)
cfn=(1692)
calls=1 1508 
* 337
fi=(244)
2173 1
0 2
2173 2
0 1
fe=(470)
346 1
cfi=(474)
cfn=(5870)
calls=1 28 
* 326
0 2
fi=(253)
992 1
cfn=(5434) alloc::vec::Vec<T,A>::push_mut
calls=1 +31 
* 27
fi=(252)
632 2
fi=(233)
805 1
fi=(243)
48 1
cob=(2)
cfi=(155)
cfn=(762)
calls=1 3319 
* 33
fi=(253)
1815 1
fi=(180)
-95 1
fi=(271)
180 1
fi=(244)
2174 2
fi=(233)
547 3
cob=(2)
cfi=(211)
cfn=(720)
calls=1 255 
* 747
* 1
0 2
fi=(252)
798 7
cfn=(1182)
calls=1 542 
* 356
fi=(244)
2173 2
fe=(470)
755 7
+3 2
cfi=(280)
cfn=(1692)
calls=1 1508 
* 337
fi=(244)
2173 1
0 2
2173 2
fe=(470)
758 1
cfi=(299)
cfn=(5060)
calls=1 -98 
* 2
-1 4
cfn=(5844)
calls=1 1532 
* 27
-5 4
-6 4
+16 4
fi=(252)
632 2
fi=(233)
805 1
fi=(243)
48 1
cob=(2)
cfi=(155)
cfn=(762)
calls=1 3319 
* 33
fi=(252)
632 1
fe=(470)
0 8
fi=(252)
632 1
fi=(233)
805 4
fi=(244)
2174 2
fi=(233)
547 3
cob=(2)
cfi=(211)
cfn=(720)
calls=1 255 
* 749
* 1
0 2
fe=(470)
358 1
cfi=(299)
cfn=(5082)
calls=1 607 
* 2
0 1
fi=(283)
16 2
cfi=(260)
cfn=(1198) <alloc::string::String as core::clone::Clone>::clone
calls=1 2351 
* 72
* 4
fe=(470)
359 15
-2 1
cfi=(474)
cfn=(5916) litchi_pptx::notes::transaction::Snapshot::from_parts
calls=1 68 
* 289664
* 1
fi=(244)
835 2
0 1
836 3
cob=(2)
cfi=(211)
cfn=(720)
calls=1 255 
* 65
* 1
fe=(470)

fn=(5764) litchi_pptx::notes::package::validate_leaf_path
1580 26
fi=(292)
2624 4
0 6
fi=(264)
154 6
cob=(2)
cfi=(290)
cfn=(1082)
calls=2 -81 
* 38
* 2
fi=(285)
1018 2
fe=(470)
1593 16
-9 6
0 2
fi=(274)
27 4
-27 1
40 20
-1 31
fi=(233)
2292 2
fi=(274)
71 3
-31 14
-1 18
-39 1
81 2
-81 1
39 2
+1 1
-40 1
40 20
-1 30
-39 4
fi=(285)
507 6
cfi=(274)
cfn=(1224) core::slice::memchr::memrchr
calls=2 111 
* 122
* 4
fi=(174)
923 4
fi=(264)
154 2
fi=(285)
521 2
0 2
fi=(301)
211 4
fi=(265)
662 2
fi=(266)
+8 2
817 8
670 2
+25 2
fi=(322) /rustc/59807616e1fa2540724bfbac14d7976d7e4a3860/library/core/src/slice/ascii.rs
91 2
fi=(266)
670 2
817 8
670 2
+25 2
fi=(322)
91 2
fi=(266)
670 2
817 8
670 2
+25 2
fi=(322)
91 2
fe=(470)
1592 4

fn=(5676) litchi_pptx::notes::package::load_index_with_slide_root_proofs
426 12
+5 1
cfi=(280)
cfn=(1692)
calls=1 1508 
* 337
fi=(244)
2173 1
0 1
2173 1
0 1
2173 2
fe=(470)
432 2
cfi=(252)
cfn=(5008)
calls=1 612 
* 3
fi=(264)
20 3
-20 1
20 3
fe=(470)
697 8
fi=(264)
154 4
cob=(2)
cfi=(290)
cfn=(1082)
calls=1 -81 
* 29
* 1
fe=(470)
432 1
0 1
435 3
cfi=(336)
cfn=(5168)
calls=1 -96 
* 10
* 6
cfi=(465) /home/zhuhe/code/litchi/crates/litchi-pptx/src/notes/codec.rs
cfn=(5682) litchi_pptx::notes::codec::root_conformance
calls=1 312 
* 484128
fi=(244)
2173 1
0 1
2173 2
fe=(470)
435 1
+2 2
cfi=(336)
cfn=(5168)
calls=1 -98 
* 10
-1 9
cfi=(465)
cfn=(5684) litchi_pptx::notes::codec::scan_xml
calls=1 -99 
* 444502
fi=(244)
2173 1
0 10
2173 2
fe=(470)
436 10
+6 2
0 1
fi=(253)
2997 1
fe=(470)
447 2
fi=(265)
662 7
fi=(252)
433 4
cfn=(1518) alloc::raw_vec::RawVecInner<A>::try_allocate_in
calls=1 +12 
* 274
0 1
433 2
+1 1
fi=(253)
965 4
fi=(180)
1720 1
fi=(271)
180 1
0 20
fi=(252)
612 2
fi=(253)
1815 3
fe=(470)
454 1
cfn=(5710) litchi_pptx::notes::package::validate_id
calls=1 1618 
* 54
fi=(252)
612 198
fi=(253)
1815 297
fe=(470)
454 99
cfn=(5710)
calls=99 1618 
* 6032
fi=(244)
2173 200
fe=(470)
455 100
+1 300
cfi=(299)
cfn=(5060)
calls=100 660 
* 200
0 100
fi=(310)
1309 200
0 600
258 500
cfi=(308)
cfn=(1296)
calls=100 694 
* 16660
* 100
fi=(324)
48 200
fi=(304)
2492 600
0 100
fi=(233)
547 100
fi=(311)
1563 300
fi=(315)
50 200
fi=(304)
-50 2
fi=(233)
547 2
fi=(311)
1563 6
fi=(315)
50 4
-50 500
fi=(314)
641 100
fi=(304)
2073 200
fi=(239)
1072 300
fi=(264)
20 200
fi=(315)
-20 1
fi=(314)
641 1
fi=(304)
2073 2
fi=(239)
1072 3
fi=(264)
20 2
fi=(304)
1236 404
fi=(264)
154 101
cob=(2)
cfi=(290)
cfn=(1082)
calls=101 -81 
* 2082
* 101
fi=(297)
434 101
0 1
fi=(314)
499 1
fi=(315)
50 6
fi=(311)
1563 6
fi=(297)
434 4
fi=(304)
91 4
-1 2
2053 2
0 100
fi=(264)
20 200
fi=(252)
612 300
fi=(264)
154 100
cob=(2)
cfi=(290)
cfn=(1082)
calls=100 -81 
* 2900
* 100
fe=(470)
459 300
1528 200
cfi=(299)
cfn=(5082)
calls=100 607 
* 200
* 200
cfi=(283)
cfn=(1216)
calls=100 158 
* 29800
fi=(252)
612 100
fi=(253)
1815 100
fe=(470)
1528 300
cfi=(283)
cfn=(4534)
calls=100 120 
* 464820
fi=(244)
0 300
966 200
0 100
fe=(470)
464 400
+1 400
cfi=(280)
cfn=(1692)
calls=100 1508 
* 37806
fi=(244)
2173 100
0 200
2173 200
fe=(470)
466 200
cfi=(252)
cfn=(5008)
calls=100 612 
* 300
fi=(264)
20 200
154 400
cob=(2)
cfi=(290)
cfn=(1082)
calls=100 -81 
* 2900
* 100
fe=(470)
466 100
0 100
469 200
+1 200
cfi=(336)
cfn=(5168)
calls=100 339 
* 1000
0 200
fi=(265)
1545 500
fe=(470)
472 300
cfn=(5726) litchi_pptx::notes::package::resolve_slide_root
calls=100 703 
* 1400
* 100
fi=(244)
2173 100
0 100
2173 200
fi=(467) /home/zhuhe/code/litchi/crates/litchi-pptx/src/notes/model.rs
2 100
fe=(470)
476 100
+3 300
cfi=(260)
cfn=(1198)
calls=100 2351 
* 7200
* 200
cfi=(299)
cfn=(5082)
calls=100 607 
* 200
fi=(283)
16 300
cfi=(260)
cfn=(1198)
calls=100 2351 
* 21993
* 500
fe=(470)
479 500
fi=(253)
1028 200
fi=(252)
0 100
fi=(239)
961 200
fi=(233)
1917 800
fi=(253)
1034 100
fi=(252)
632 200
0 100
fi=(243)
48 100
cob=(2)
cfi=(155)
cfn=(762)
calls=100 3319 
* 3760
-48 400
fi=(180)
1720 200
fi=(271)
180 101
fe=(470)
0 1
482 2
cfi=(299)
cfn=(5060)
calls=1 660 
* 2
fi=(304)
2479 1
2676 1
fi=(262)
863 2
fi=(311)
1320 1
1563 2
fi=(304)
2210 1
fi=(421) /rustc/59807616e1fa2540724bfbac14d7976d7e4a3860/library/core/src/iter/adapters/filter.rs
28 1
fi=(262)
863 1
fi=(421)
28 6
fi=(482) /rustc/59807616e1fa2540724bfbac14d7976d7e4a3860/library/alloc/src/vec/spec_from_iter.rs
+5 1
cfi=(318)
cfn=(5740)
calls=1 -15 
* 2038
fi=(292)
156 2
fe=(470)
0 1
fi=(252)
612 2
fi=(253)
1815 2
fe=(470)
506 3
cfn=(5710)
calls=1 1618 
* 179
fi=(244)
2173 2
fe=(470)
507 2
+6 2
cfi=(299)
cfn=(5060)
calls=1 660 
* 2
fi=(313) /rustc/59807616e1fa2540724bfbac14d7976d7e4a3860/library/std/src/collections/hash/map.rs
1002 5
cfi=(310)
cfn=(5412)
calls=1 1309 
* 280
fi=(265)
1367 2
fi=(253)
1815 1
fi=(467)
38 7
fi=(264)
-18 2
fi=(252)
612 1
fi=(264)
154 4
cob=(2)
cfi=(290)
cfn=(1082)
calls=1 -81 
* 29
* 1
fe=(470)
516 1
0 1
517 2
fi=(252)
632 2
fe=(470)
+65 1
0 1
cob=(2)
cfi=(155)
cfn=(762)
calls=1 3319 
0 33
0 1
697 1
cfi=(233)
cfn=(5824) core::ptr::drop_in_place<alloc::vec::Vec<(alloc::string::String,litchi_opc::packuri::PackURI)>>
calls=1 805 
* 33214
0 1
697 1
cfi=(233)
cfn=(5638) core::ptr::drop_in_place<litchi_pptx::notes::codec::XmlScan>
calls=1 805 
* 36853
fi=(293) /home/zhuhe/code/litchi/crates/litchi-pptx/src/lib.rs
0 1
fe=(470)
523 4
cfn=(5758) litchi_pptx::notes::package::relationship_target
calls=1 1521 
* 6128
fi=(244)
2173 3
+1 3
fe=(470)
523 2
+1 7
cfn=(5764)
calls=1 1580 
* 253
fi=(244)
2173 2
0 3
fe=(470)
525 1
cfi=(280)
cfn=(1692)
calls=1 1508 
* 374
fi=(244)
2173 1
0 3
2173 2
fe=(470)
526 3
cfi=(299)
cfn=(5082)
calls=1 +81 
* 2
0 1
fi=(283)
16 2
cfi=(260)
cfn=(1198)
calls=1 2351 
* 73
* 6
fe=(470)
527 10
cfn=(5780)
calls=1 1594 
* 59
fi=(244)
2173 2
fe=(470)
529 4
cfi=(336)
cfn=(5168)
calls=1 339 
* 10
-1 9
cfi=(465)
cfn=(5784) litchi_pptx::notes::codec::validate_resource_xml
calls=1 296 
* 687502
fi=(244)
2173 2
fe=(470)
535 2
+1 1
cfi=(299)
cfn=(5060)
calls=1 660 
* 2
fi=(304)
2479 1
2676 1
fi=(262)
863 2
fi=(311)
1320 1
1563 2
fi=(304)
2210 1
fi=(421)
28 1
fi=(262)
863 1
fi=(421)
28 8
fi=(482)
+5 1
cfi=(318)
cfn=(5740)
calls=1 -15 
* 135
fe=(470)
540 2
fi=(252)
+72 2
fe=(470)
-67 1
fi=(252)
+67 2
fi=(253)
1815 4
fe=(470)
546 1
cfn=(5710)
calls=1 1618 
* 54
fi=(244)
2173 2
fi=(467)
52 5
fi=(264)
-32 2
fi=(467)
+32 4
fi=(252)
612 2
fi=(264)
154 1
cob=(2)
cfi=(290)
cfn=(1082)
calls=1 -81 
* 29
* 1
fe=(470)
547 3
fi=(252)
+85 2
fi=(233)
805 1
fi=(243)
48 1
cob=(2)
cfi=(155)
cfn=(762)
calls=1 3319 
* 33
* 1
fe=(470)
697 1
cob=(2)
cfi=(155)
cfn=(762)
calls=1 3319 
* 33
* 1
fi=(252)
0 1
fe=(470)
552 1
cfi=(299)
cfn=(5060)
calls=1 660 
* 2
fi=(304)
2479 1
2676 1
fi=(262)
863 2
fi=(311)
1320 1
1563 2
fi=(304)
2210 1
fe=(470)
552 1
fi=(262)
863 1
fe=(470)
552 5
fi=(313)
2078 1
cfi=(304)
cfn=(2140) <hashbrown::map::Iter<K,V> as core::iter::traits::iterator::Iterator>::next
calls=1 3851 
* 20
fi=(265)
1164 2
0 3
fi=(313)
2078 2
cfi=(304)
cfn=(2140)
calls=1 3851 
* 5
* 1
fi=(265)
1164 2
0 1
fi=(264)
20 2
fi=(252)
612 3
fi=(264)
154 1
cob=(2)
cfi=(290)
cfn=(1082)
calls=1 -81 
* 19
* 1
fe=(470)
553 1
fi=(252)
0 2
fe=(470)
557 3
cfn=(5758)
calls=1 1521 
* 5974
fi=(244)
2173 3
+1 3
fe=(470)
557 2
+1 7
cfn=(5764)
calls=1 1580 
* 210
fi=(244)
2173 2
0 3
fe=(470)
559 1
cfi=(280)
cfn=(1692)
calls=1 1508 
* 337
fi=(244)
2173 1
0 3
2173 2
fe=(470)
560 3
cfi=(299)
cfn=(5082)
calls=1 +47 
* 2
0 1
fi=(283)
16 2
cfi=(260)
cfn=(1198)
calls=1 2351 
* 214
* 6
fe=(470)
561 10
cfn=(5780)
calls=1 1594 
* 47
fi=(244)
2173 2
fe=(470)
563 3
cfi=(336)
cfn=(5168)
calls=1 339 
* 10
-1 9
cfi=(465)
cfn=(5784)
calls=1 296 
* 653182
fi=(244)
2173 2
0 1
fe=(470)
569 1
cfi=(299)
cfn=(5060)
calls=1 +91 
* 2
fi=(304)
2479 1
2676 1
fi=(262)
863 2
fi=(311)
1320 1
1563 2
fi=(304)
2210 1
fe=(470)
569 1
fi=(262)
863 1
fe=(470)
569 5
fi=(313)
2078 1
cfi=(304)
cfn=(2140)
calls=1 3851 
* 5
fi=(265)
1164 2
0 1
fe=(470)
573 1
cfi=(336)
cfn=(5168)
calls=1 339 
* 10
0 2
574 1
cfi=(336)
cfn=(5168)
calls=1 339 
* 10
0 1
572 2
cfi=(466)
cfn=(5794)
calls=1 42 
* 12
fi=(244)
2173 3
+1 2
fi=(253)
464 3
fi=(483) /rustc/59807616e1fa2540724bfbac14d7976d7e4a3860/library/alloc/src/collections/btree/set.rs
345 2
fi=(180)
1720 1
fi=(271)
180 1
0 18
180 2
0 100
fi=(180)
1720 300
fi=(271)
180 100
0 100
fe=(470)
580 400
cfi=(280)
cfn=(1692)
calls=100 1508 
* 37782
fi=(244)
2173 100
0 300
2173 200
0 100
fe=(470)
582 100
cfi=(299)
cfn=(5060)
calls=100 +78 
* 200
fi=(304)
2479 100
2676 100
fi=(262)
863 200
fi=(311)
1320 100
1563 200
fi=(304)
2210 100
fi=(421)
28 100
fi=(262)
863 100
fi=(421)
28 400
fi=(482)
+5 300
cfi=(318)
cfn=(5740)
calls=100 -15 
* 4600
fe=(470)
586 200
fi=(252)
+26 200
fi=(292)
156 100
fi=(252)
632 200
fi=(271)
0 1
fi=(304)
2479 1
2676 1
fi=(262)
863 2
fi=(311)
1320 1
1563 2
fi=(262)
863 1
fi=(304)
2210 1
fi=(421)
28 6
fe=(470)
674 1
cfi=(421)
cfn=(4454) <core::iter::adapters::filter::Filter<I,P> as core::iter::traits::iterator::Iterator>::count
calls=1 135 
* 2954
-3 2
fi=(311)
1320 1
1563 2
fi=(421)
28 5
fi=(338) /rustc/59807616e1fa2540724bfbac14d7976d7e4a3860/library/core/src/iter/adapters/map.rs
+93 4
cfi=(259)
cfn=(1058)
calls=1 2461 
* 3186
fe=(470)
676 2
0 2
686 1
cfi=(260)
cfn=(1198)
calls=1 2351 
* 351
0 1
688 1
cfi=(252)
cfn=(5008)
calls=1 -76 
* 3
* 3
fi=(252)
433 4
cfn=(1518)
calls=1 +12 
* 68
0 1
433 2
+1 2
fi=(256)
+18 2
0 1
fi=(233)
547 3
cob=(2)
cfi=(211)
cfn=(720)
calls=1 255 
* 22
0 1
fi=(252)
433 4
cfn=(1518)
calls=1 +12 
* 191
* 1
0 2
433 2
+1 2
fi=(256)
+18 2
0 3
fi=(233)
547 1
cob=(2)
cfi=(211)
cfn=(720)
calls=1 255 
* 15
0 1
fe=(470)
692 1
cfi=(252)
cfn=(5008)
calls=1 -80 
* 3
* 3
fi=(252)
433 4
cfn=(1518)
calls=1 +12 
* 68
0 2
433 2
+1 1
fi=(256)
+18 2
fi=(233)
+95 4
cob=(2)
cfi=(211)
cfn=(720)
calls=1 255 
* 12
fe=(470)
685 4
+10 5
-12 28
+14 1
cfi=(233)
cfn=(5820) core::ptr::drop_in_place<alloc::collections::btree::set::BTreeSet<alloc::string::String>>
calls=1 805 
* 28
fi=(252)
-65 2
fi=(233)
805 1
fi=(243)
48 1
cob=(2)
cfi=(155)
cfn=(762)
calls=1 3319 
* 33
fi=(252)
632 2
0 2
fe=(470)

fn=(5710)
1618 204
fi=(180)
1720 102
fi=(271)
180 102
fi=(265)
2126 102
fi=(266)
783 1020
fi=(180)
1720 102
fi=(271)
180 102
fe=(470)
1628 102
+2 204
0 306
fi=(180)
1720 828
fi=(271)
180 414
fi=(259)
2469 414
fi=(266)
888 828
fe=(470)
1624 1489

fn=(5758)
1521 8
+4 4
0 2
1528 4
cfi=(299)
cfn=(5082)
calls=2 607 
* 4
* 4
cfi=(283)
cfn=(1216)
calls=2 158 
* 593
fi=(252)
612 2
fi=(253)
1815 4
fe=(470)
1528 6
cfi=(283)
cfn=(4534)
calls=2 120 
* 11447
fi=(244)
966 4
+1 10
0 2
fe=(470)
1530 8

fn=(5674) litchi_pptx::notes::package::load_snapshot_with_slide_root_proofs
317 9
+9 5
-3 1
cfn=(5676)
calls=1 426 
* 3027999
fi=(244)
2173 1
0 10
2173 2
+1 12
fe=(470)
323 12
+5 4
cfn=(5834)
calls=1 +3 
* 485664
+1 6

fn=(5844)
1532 16
fi=(304)
3851 4
0 2
fi=(313)
639 3
fi=(262)
863 1
fi=(315)
50 2
fi=(314)
641 1
fi=(239)
1072 2
fi=(252)
612 1
fi=(253)
1815 1
fi=(252)
612 1
fi=(253)
1815 1
fi=(252)
612 1
fi=(300)
187 2
fe=(470)
1536 3
cfi=(467)
cfn=(5850) litchi_pptx::notes::model::Link::new
calls=1 77 
* 205
* 1
fi=(318)
24 4
fi=(253)
464 3
fe=(470)
1545 6
+1 8
-1 6
+1 8
0 1
fi=(236)
1037 3
fi=(174)
3051 4
fi=(297)
457 2
fi=(252)
0 1
459 2
0 1
fi=(243)
14 2
cob=(2)
cfi=(155)
cfn=(650)
calls=1 3283 
* 30
* 1
fi=(252)
468 2
fi=(233)
1917 10
fi=(318)
36 4
fi=(304)
3851 1
fi=(318)
42 6
fi=(319)
-8 2
fi=(297)
434 1
fe=(470)

fn=(6192) litchi_pptx::notes::package::SlideRootMemo::from_records
143 8
fi=(253)
464 3
fi=(252)
765 1
-42 1
fe=(470)
168 6
fi=(319)
34 1
fi=(297)
434 1
fe=(470)
211 6
-43 1
+1 8
0 4
fi=(252)
798 6
cfn=(1182)
calls=1 542 
* 440
fi=(244)
2173 2
+1 1
fi=(252)
774 1
+1 3
0 212
fi=(233)
547 100
fi=(311)
1563 300
fi=(315)
50 200
fi=(314)
641 100
fi=(304)
2073 200
fi=(239)
1072 300
fi=(236)
1878 100
fi=(297)
434 300
fi=(454) /home/zhuhe/code/litchi/crates/litchi-pptx/src/opened/model.rs
0 100
fi=(180)
444 100
fi=(173)
3923 100
fi=(337)
2405 100
fi=(265)
1583 100
fi=(233)
2420 100
fi=(265)
1584 300
fe=(470)
162 400
fi=(253)
1025 100
+3 200
fi=(252)
612 100
fi=(239)
961 200
fi=(233)
1917 400
fi=(253)
1034 300
fe=(470)
152 300
fi=(271)
0 100
fi=(180)
1720 100
fi=(271)
180 101
fe=(470)
-25 400
fi=(310)
258 300
cfi=(308)
cfn=(1296)
calls=100 694 
* 21400
fi=(324)
48 800
fe=(470)
201 1
fi=(319)
50 1
fi=(297)
434 1
fi=(253)
2602 599
+7 99
fi=(236)
1878 99
fi=(253)
2611 99
fi=(319)
55 3
cfn=(1854)
calls=1 +59 
* 14566
* 1
fe=(470)

fn=(5726)
703 100
fi=(265)
1583 200
fe=(470)
700 300
fi=(265)
1589 100
fe=(470)
708 100
fi=(265)
1367 200
+1 200
fe=(470)
713 200

fl=(274)
fn=(1224)
111 624
fi=(233)
2292 208
+1 312
fi=(292)
4511 208
2053 208
4465 104
fe=(274)
128 208
fi=(270)
568 104
0 104
fi=(271)
405 312
fi=(180)
1720 208
fi=(271)
25 104
fi=(180)
1720 1026
fi=(271)
25 513
407 515
fe=(274)
132 1030
fi=(271)
407 517
0 204
fi=(266)
1433 306
0 204
fe=(274)
142 204
+4 204
+4 102
19 408
151 102
19 306
152 408
0 102
fi=(174)
923 102
0 102
fi=(180)
1720 102
fi=(271)
25 102
fi=(180)
1720 1125
fi=(271)
25 1125
406 1227
fe=(274)
160 2454
fi=(271)
407 1227
0 208
fe=(274)
161 728

fl=(475) /home/zhuhe/code/litchi/crates/litchi-pptx/src/notes/validation.rs
fn=(5950) litchi_pptx::notes::validation::validate_field
84 848
+1 424
fi=(239)
961 212
0 212
fi=(180)
1720 212
fi=(271)
180 212
fi=(180)
1720 9674
fi=(271)
180 9674
fi=(287)
37 9674
+1 19348
-38 9674
fe=(475)
91 19348
-91 9674
91 19348
-91 9674
91 19348
+9 212
+1 636

fl=(362) /home/zhuhe/.cargo/registry/src/index.crates.io-1949cf8c6b5b557f/quick-xml-0.41.0/src/reader/mod.rs
fn=(5200) quick_xml::reader::Reader<R>::read_event_impl
978 2550096
263 1700064
fi=(355) /home/zhuhe/.cargo/registry/src/index.crates.io-1949cf8c6b5b557f/quick-xml-0.41.0/src/reader/slice_reader.rs
-13 614
fi=(292)
2624 614
fi=(355)
250 307
fi=(264)
-96 1535
fi=(355)
+96 307
0 307
fe=(362)
263 1228
fi=(355)
+6 546674
fe=(362)
+56 546674
fi=(262)
863 273337
fi=(173)
3890 546674
fi=(356)
153 1093348
cfn=(2266)
calls=273339 -75 
* 14251679
fi=(265)
2766 546674
fi=(355)
269 546462
+1 526448
fe=(362)
+59 263224
0 263224
263 1052896
411 273231
+2 273231
+1 273231
fi=(270)
219 546462
0 546462
fi=(265)
2126 546462
fe=(362)
414 1184701
0 614
fi=(262)
468 307
fi=(173)
3890 614
fi=(356)
153 1228
cfn=(2286)
calls=308 -75 
* 23032
fi=(265)
2766 614
fi=(365) /home/zhuhe/.cargo/registry/src/index.crates.io-1949cf8c6b5b557f/quick-xml-0.41.0/src/parser/pi.rs
64 614
+3 1842
-67 307
fi=(355)
345 921
fi=(292)
2154 614
fi=(355)
0 307
fi=(262)
863 307
fi=(292)
2053 307
fi=(355)
347 921
fe=(362)
453 1228
cfi=(367) /home/zhuhe/.cargo/registry/src/index.crates.io-1949cf8c6b5b557f/quick-xml-0.41.0/src/reader/state.rs
cfn=(2300) quick_xml::reader::state::ReaderState::emit_question_mark
calls=308 260 
* 9210
* 307
fi=(355)
288 212
+1 106
fe=(362)
+67 106
fi=(367)
66 212
fi=(355)
274 20014
0 10007
fi=(292)
2053 10007
fi=(355)
0 20014
274 10007
0 10007
fe=(362)
343 10007
fi=(367)
66 20014
fi=(262)
468 90727
fi=(173)
3890 181454
fi=(356)
153 453635
cfn=(2360)
calls=90727 -75 
* 5449755
* 181454
fi=(265)
2766 181454
0 362908
fi=(262)
619 181454
fi=(370) /home/zhuhe/.cargo/registry/src/index.crates.io-1949cf8c6b5b557f/quick-xml-0.41.0/src/parser/element.rs
59 635089
-59 90727
59 362908
fi=(262)
468 182197
fi=(173)
3890 364394
fi=(356)
153 910985
cfn=(2360)
calls=182198 -75 
* 10931820
* 364394
fi=(265)
2766 364394
0 1006918
fi=(173)
3890 185420
fi=(356)
153 463550
cfn=(2360)
calls=92713 -75 
* 5562600
fi=(265)
0 185420
fi=(173)
3890 185420
fi=(356)
153 463550
cfn=(2360)
calls=92713 -75 
* 5597082
* 185420
fi=(265)
2766 370840
fi=(262)
619 735234
fi=(370)
59 2666029
-59 182197
59 728788
-59 92710
59 278130
-59 185420
fi=(174)
0 10007
fi=(379)
541 40028
fe=(362)
0 20014
349 10007
+10 212
+1 106
0 212
374 212
0 364394
374 546462
+4 106
983 2266752
fi=(355)
344 181454
+1 272181
fi=(262)
863 181454
fi=(292)
2053 90727
fi=(355)
347 181454
fe=(362)
+94 362908
cfi=(367)
cfn=(2492) quick_xml::reader::state::ReaderState::emit_end
calls=90727 193 
* 9276917
0 182068
fi=(355)
344 364394
+1 546591
fi=(262)
863 364394
fi=(292)
2053 182197
fi=(355)
347 364394
fe=(362)
465 728788
cfi=(367)
cfn=(2376) quick_xml::reader::state::ReaderState::emit_start
calls=182198 312 
* 19077207
* 182197
-91 273102

fl=(467)
fn=(5850)
77 1605
fi=(252)
459 214
0 107
fi=(243)
14 214
cob=(2)
cfi=(155)
cfn=(650)
calls=107 3283 
* 16613
fi=(252)
468 214
0 107
fi=(233)
547 428
cob=(2)
cfi=(211)
cfn=(720)
calls=107 255 
* 1601
fi=(252)
-88 214
fi=(243)
14 214
cob=(2)
cfi=(155)
cfn=(650)
calls=107 3283 
* 19249
fi=(252)
468 214
fi=(256)
0 107
fi=(233)
547 428
cob=(2)
cfi=(211)
cfn=(720)
calls=107 255 
* 2354
0 107
fi=(252)
459 214
fi=(243)
14 214
cob=(2)
cfi=(155)
cfn=(650)
calls=107 3283 
* 16807
fi=(252)
468 214
fi=(256)
0 107
fi=(233)
547 428
cob=(2)
cfi=(211)
cfn=(720)
calls=107 255 
* 1183
* 107
0 107
fe=(467)
83 1177
+6 856

fl=(453)
fn=(5258)
234 2
cfn=(5260) litchi_pptx::package::model::Package::opened_presentation_with_limits
calls=1 +9 
* 549233423

fn=(5260)
243 9
fi=(265)
745 2
fi=(173)
3891 1
fi=(459) /rustc/59807616e1fa2540724bfbac14d7976d7e4a3860/library/std/src/sync/once_lock.rs
156 2
fe=(453)
264 1
fi=(454)
666 2
fe=(453)
0 6
cfi=(454)
cfn=(5264) litchi_pptx::opened::model::capture_internal
calls=1 730 
0 549110353
fi=(244)
2173 1
0 10
2173 2
+1 1
fe=(453)
0 1
fi=(244)
2174 2
cob=(2)
cfi=(211)
cfn=(720)
calls=1 255 
* 30
fe=(453)
0 11
fi=(173)
3891 1
fi=(459)
156 2
fe=(453)
1907 3
cfn=(6270) litchi_pptx::package::model::Package::memo_for
calls=1 +10 
* 122846
* 2
fi=(459)
279 1
fi=(173)
3891 1
fi=(459)
156 2
281 1
0 1
281 1
fi=(233)
805 1
fi=(337)
0 1
fe=(453)
268 3
cob=(2)
cfi=(211)
cfn=(720)
calls=1 -13 
* 30
+1 7
0 2
fi=(459)
410 2
cfi=(173)
cfn=(6296) std::sync::once_lock::OnceLock<T>::initialize
calls=1 3891 
* 81
* 1
fe=(453)

fn=(6270)
1917 3
fi=(337)
2422 2
fe=(453)
1923 1
cfi=(454)
cfn=(6272) litchi_pptx::opened::model::PartDigests::project
calls=1 475 
* 122634
fi=(244)
713 2
+1 7
fi=(265)
1164 2
+1 6
fi=(337)
422 3
fi=(243)
14 2
cob=(2)
cfi=(155)
cfn=(650)
calls=1 3283 
* 171
fi=(245)
248 2
+41 8
fe=(453)
1926 3

fl=(455) /home/zhuhe/code/litchi/crates/litchi-ooxml-common/src/xml.rs
fn=(5336) litchi_ooxml_common::xml::unqualified_attribute_value
120 3300
fi=(263)
0 300
fi=(379)
288 300
fe=(455)
126 5400
fi=(440)
228 1000
0 1000
228 1000
0 600
228 2200
+3 2400
cfi=(374)
cfn=(2436)
calls=800 697 
* 183676
+1 1600
+3 900
cfi=(233)
cfn=(5328)
calls=300 805 
* 5100
* 300
-3 300
+1 500
+4 3000
fe=(455)
126 1500
fi=(440)
237 1800
fe=(455)
126 1400
fi=(244)
966 1000
0 1000
fe=(455)
127 4500
fi=(375)
+67 500
fi=(262)
863 500
fi=(173)
3890 1500
fi=(356)
153 2000
cfn=(2286)
calls=500 -75 
* 22400
fi=(265)
2766 1000
0 800
fi=(173)
3890 900
fi=(356)
153 1200
cfn=(2286)
calls=300 -75 
* 14200
fi=(265)
2766 600
fi=(270)
0 600
fi=(264)
20 900
154 1200
cob=(2)
cfi=(290)
cfn=(1082)
calls=300 -81 
* 5986
* 600
0 500
fi=(233)
805 1500
fi=(265)
636 300
fe=(455)
129 300
fi=(374)
+82 1200
cfn=(4220)
calls=300 +45 
* 55962
0 300
fi=(244)
966 900
+1 900
fi=(263)
332 900
0 300
fi=(297)
457 300
0 600
fi=(252)
459 300
0 300
fi=(243)
14 600
cob=(2)
cfi=(155)
cfn=(650)
calls=300 3283 
* 15027
fi=(252)
468 600
fi=(256)
0 300
fi=(233)
547 1200
cob=(2)
cfi=(211)
cfn=(720)
calls=300 255 
* 4900
* 600
fi=(256)
-95 300
fi=(252)
632 600
fi=(233)
805 300
fi=(243)
48 300
cob=(2)
cfi=(155)
cfn=(762)
calls=300 3319 
* 9900
fi=(233)
805 2400
cfn=(5328)
calls=300 * 
* 5100
0 600
fe=(455)
143 1500
fi=(243)
0 300
fe=(455)
144 2400

fl=(173)
fn=(6296)
3891 1
fi=(460)
214 2
fi=(459)
0 2
fi=(460)
218 2
fi=(459)
542 2
fi=(460)
218 2
+1 6
cfi=(333)
cfn=(5464)
calls=1 -78 
* 62
* 1
fi=(459)
557 1
fe=(173)

fl=(260)
fn=(1198)
2351 4228
+1 604
fi=(252)
459 1208
fe=(260)
2352 604
fi=(243)
14 1208
cob=(2)
cfi=(155)
cfn=(650)
calls=953 3283 
* 75853
fi=(252)
468 1208
fi=(256)
0 604
fi=(233)
547 2416
cob=(2)
cfi=(211)
cfn=(720)
calls=953 255 
* 7847
* 604
fe=(260)
2352 1812
+1 4228

fn=(5994) <alloc::string::String>::try_reserve
1304 200
fi=(252)
617 100
fi=(253)
1513 100
fi=(174)
2494 200
fi=(252)
765 100
-77 100
fi=(174)
+81 100
fi=(297)
457 100
fe=(260)
0 700
fi=(252)
521 100
fi=(236)
1037 600
fi=(252)
527 400
cfn=(1778) <alloc::raw_vec::RawVecInner>::finish_grow
calls=100 +15 
* 20586
fi=(244)
2173 200
+1 100
fi=(252)
774 100
+1 200
0 500
fe=(260)
1306 100

fn=(1136) <alloc::string::String as core::fmt::Write>::write_str
3344 12064
fi=(252)
617 1508
fi=(253)
1446 1508
fi=(174)
2494 1508
fi=(252)
765 1508
-94 1508
fi=(253)
2881 1002
0 1508
fi=(239)
961 1508
fi=(233)
547 3016
cob=(2)
cfi=(211)
cfn=(720)
calls=44755 255 
* 21107
fi=(253)
2886 3016
fe=(260)
3347 10556
fi=(252)
673 5035
cfn=(1774) <alloc::raw_vec::RawVecInner<_>>::reserve::do_reserve_and_handle::<alloc::alloc::Global>
calls=2906 -14 
* 132696
* 1007
fi=(253)
2997 1007
2881 1007
fe=(260)

fl=(408)
fn=(3472)
86 10880
fi=(173)
3890 1360
fe=(408)
55 6800
fi=(180)
1720 1360
fi=(271)
180 1360
0 16320
fi=(180)
659 9520
fi=(244)
1718 4080
fi=(174)
560 6800
fi=(297)
2051 5440
fi=(409) /home/zhuhe/.cargo/registry/src/index.crates.io-1949cf8c6b5b557f/sha2-0.11.0/src/sha256/soft/unroll.rs
65 1360
fi=(297)
2051 2720
fi=(409)
65 1360
+1 9520
fi=(174)
2457 4080
fi=(297)
2051 5440
fi=(174)
2457 1360
fi=(297)
2051 2720
fi=(174)
2457 4080
fi=(297)
2051 2720
fi=(409)
72 2720
+1 1360
fi=(180)
659 427679
fi=(244)
1718 183291
fi=(174)
560 305485
fi=(297)
2051 244388
fi=(409)
65 61097
fi=(297)
2051 122194
fi=(409)
65 61097
+1 427679
fi=(174)
2457 183291
fi=(297)
2051 244388
fi=(174)
2457 61097
fi=(297)
2051 122194
fi=(174)
2457 183291
fi=(297)
2051 122194
fi=(409)
72 122194
+1 427679
fi=(174)
2457 122194
fi=(297)
2051 122194
fi=(174)
2457 61097
fi=(297)
2051 61097
fi=(409)
73 8160
fi=(174)
2457 2720
fi=(297)
2051 2720
fi=(174)
2457 1360
fi=(297)
2051 2720
fi=(174)
2457 1360
fi=(297)
2051 2720
fi=(409)
65 2720
+1 2720
fi=(174)
2457 2720
fi=(409)
66 5440
fi=(174)
2457 5440
fi=(297)
2051 5440
fi=(409)
72 1360
fi=(297)
2051 2720
fi=(409)
72 1360
+1 9520
fi=(174)
2457 5440
fi=(297)
2051 5440
fi=(409)
65 1360
fi=(297)
2051 2720
fi=(409)
65 1360
fi=(244)
1718 1360
fi=(174)
560 2720
fi=(297)
2051 61097
fi=(174)
2457 61097
fi=(297)
2051 122194
fi=(409)
65 122194
+1 122194
fi=(174)
2457 122194
fi=(409)
66 244388
fi=(174)
2457 244388
fi=(297)
2051 244388
fi=(409)
72 61097
fi=(297)
2051 122194
fi=(409)
72 61097
+1 427679
fi=(174)
2457 244388
fi=(297)
2051 244388
fi=(409)
65 61097
fi=(297)
2051 122194
fi=(409)
65 61097
fi=(244)
1718 61097
fi=(174)
560 122194
fi=(409)
66 183291
fi=(174)
2457 61097
fi=(409)
66 244388
fi=(174)
2457 61097
fi=(297)
2051 183291
fi=(409)
66 4080
fi=(174)
2457 1360
fi=(409)
66 5440
fi=(174)
2457 1360
fi=(297)
2051 5440
fi=(174)
2457 5440
fi=(297)
2051 2720
fi=(409)
72 2720
+1 12240
fi=(174)
2457 2720
fi=(297)
2051 2720
fi=(174)
2457 1360
fi=(297)
2051 2720
fi=(174)
2457 1360
fi=(297)
2051 2720
fi=(409)
65 2720
fi=(244)
1718 1360
fi=(174)
560 2720
fi=(409)
66 4080
fi=(174)
2457 1360
fi=(409)
66 4080
fi=(174)
2457 1360
fi=(297)
2051 2720
fi=(174)
2457 4080
fi=(297)
2051 63817
fi=(174)
2457 244388
fi=(297)
2051 122194
fi=(409)
72 122194
+1 549873
fi=(174)
2457 122194
fi=(297)
2051 122194
fi=(174)
2457 61097
fi=(297)
2051 122194
fi=(174)
2457 61097
fi=(297)
2051 122194
fi=(409)
65 122194
fi=(244)
1718 61097
fi=(174)
560 122194
fi=(409)
66 183291
fi=(174)
2457 61097
fi=(409)
66 183291
fi=(174)
2457 61097
fi=(297)
2051 122194
fi=(174)
2457 183291
fi=(297)
2051 122194
fi=(409)
72 61097
fi=(297)
2051 122194
fi=(409)
72 61097
+1 366582
fi=(174)
2457 122194
fi=(409)
72 1360
fi=(297)
2051 2720
fi=(409)
72 1360
+1 8160
fi=(174)
2457 4080
fi=(297)
2051 2720
fi=(174)
2457 1360
fi=(297)
2051 2720
fi=(409)
65 1360
fi=(297)
2051 2720
fi=(409)
65 1360
fi=(244)
1718 1360
fi=(174)
560 2720
fi=(409)
66 4080
fi=(174)
2457 1360
fi=(409)
66 4080
fi=(174)
2457 4080
fi=(297)
2051 5440
fi=(409)
72 1360
fi=(297)
2051 2720
fi=(409)
72 1360
+1 8160
fi=(174)
2457 4080
fi=(297)
2051 5440
fi=(409)
65 1360
fi=(297)
2051 2720
fi=(409)
65 1360
fi=(174)
2457 61097
fi=(297)
2051 122194
fi=(174)
2457 61097
fi=(297)
2051 122194
fi=(409)
65 61097
fi=(297)
2051 122194
fi=(409)
65 61097
fi=(244)
1718 61097
fi=(174)
560 122194
fi=(409)
66 183291
fi=(174)
2457 61097
fi=(409)
66 183291
fi=(174)
2457 183291
fi=(297)
2051 244388
fi=(409)
72 61097
fi=(297)
2051 122194
fi=(409)
72 61097
+1 366582
fi=(174)
2457 183291
fi=(297)
2051 244388
fi=(409)
65 61097
fi=(297)
2051 122194
fi=(409)
65 61097
fi=(244)
1718 61097
fi=(174)
560 122194
fi=(409)
66 183291
fi=(174)
2457 61097
fi=(409)
66 183291
fi=(174)
2457 61097
fi=(297)
2051 61097
fi=(244)
1718 1360
fi=(174)
560 2720
fi=(409)
66 4080
fi=(174)
2457 1360
fi=(409)
66 4080
fi=(174)
2457 1360
fi=(297)
2051 2720
fi=(174)
2457 2720
fi=(297)
2051 2720
fi=(409)
72 1360
fi=(297)
2051 2720
fi=(409)
72 1360
+1 8160
fi=(174)
2457 2720
fi=(297)
2051 2720
fi=(174)
2457 1360
fi=(297)
2051 2720
fi=(409)
65 1360
fi=(297)
2051 2720
fi=(409)
65 1360
fi=(244)
1718 1360
fi=(174)
560 2720
fi=(409)
66 4080
fi=(174)
2457 1360
fi=(409)
66 4080
fi=(174)
2457 4080
fi=(297)
2051 5440
fi=(409)
72 1360
fi=(297)
2051 2720
fi=(409)
72 1360
+1 1360
fi=(297)
2051 61097
fi=(174)
2457 122194
fi=(297)
2051 122194
fi=(409)
72 61097
fi=(297)
2051 122194
fi=(409)
72 61097
+1 366582
fi=(174)
2457 122194
fi=(297)
2051 122194
fi=(174)
2457 61097
fi=(297)
2051 122194
fi=(409)
65 61097
fi=(297)
2051 122194
fi=(409)
65 61097
fi=(244)
1718 61097
fi=(174)
560 122194
fi=(409)
66 183291
fi=(174)
2457 61097
fi=(409)
66 183291
fi=(174)
2457 183291
fi=(297)
2051 244388
fi=(409)
72 61097
fi=(297)
2051 122194
fi=(409)
72 61097
+1 366582
fi=(174)
2457 183291
fi=(297)
2051 244388
fi=(409)
73 6800
fi=(174)
2457 4080
fi=(297)
2051 5440
fi=(409)
65 1360
fi=(297)
2051 2720
fi=(409)
65 1360
fi=(244)
1718 1360
fi=(174)
560 2720
fi=(409)
66 4080
fi=(174)
2457 1360
fi=(409)
66 4080
fi=(174)
2457 1360
fi=(297)
2051 2720
fi=(174)
2457 2720
fi=(297)
2051 2720
fi=(409)
72 1360
fi=(297)
2051 2720
fi=(409)
72 1360
+1 8160
fi=(174)
2457 2720
fi=(297)
2051 2720
fi=(174)
2457 1360
fi=(297)
2051 2720
fi=(409)
65 1360
fi=(297)
2051 2720
fi=(409)
65 1360
fi=(244)
1718 1360
fi=(174)
560 2720
fi=(409)
66 4080
-1 61097
fi=(297)
2051 122194
fi=(409)
65 61097
fi=(244)
1718 61097
fi=(174)
560 122194
fi=(409)
66 183291
fi=(174)
2457 61097
fi=(409)
66 183291
fi=(174)
2457 61097
fi=(297)
2051 122194
fi=(174)
2457 122194
fi=(297)
2051 122194
fi=(409)
72 61097
fi=(297)
2051 122194
fi=(409)
72 61097
+1 366582
fi=(174)
2457 122194
fi=(297)
2051 122194
fi=(174)
2457 61097
fi=(297)
2051 122194
fi=(409)
65 61097
fi=(297)
2051 122194
fi=(409)
65 61097
fi=(244)
1718 61097
fi=(174)
560 122194
fi=(409)
66 183291
fi=(174)
2457 61097
fi=(409)
66 183291
fi=(174)
2457 183291
fi=(297)
2051 244388
fi=(409)
72 61097
fi=(174)
2457 1360
fi=(409)
66 4080
fi=(174)
2457 4080
fi=(297)
2051 5440
fi=(409)
72 1360
fi=(297)
2051 2720
fi=(409)
72 1360
+1 8160
fi=(174)
2457 4080
fi=(297)
2051 5440
fi=(409)
65 1360
fi=(297)
2051 2720
fi=(409)
65 1360
fi=(244)
1718 1360
fi=(174)
560 1360
fi=(409)
66 6800
fi=(174)
2457 1360
fi=(409)
66 4080
fi=(174)
2457 1360
fi=(297)
2051 2720
fi=(174)
2457 2720
fi=(297)
2051 2720
fi=(409)
72 1360
fi=(297)
2051 2720
fi=(409)
72 1360
+1 8160
fi=(297)
2051 122194
fi=(409)
72 61097
+1 366582
fi=(174)
2457 183291
fi=(297)
2051 244388
fi=(409)
65 61097
fi=(297)
2051 122194
fi=(409)
65 61097
fi=(244)
1718 61097
fi=(174)
560 61097
fi=(409)
66 305485
fi=(174)
2457 61097
fi=(409)
66 183291
fi=(174)
2457 61097
fi=(297)
2051 122194
fi=(174)
2457 122194
fi=(297)
2051 122194
fi=(409)
72 61097
fi=(297)
2051 122194
fi=(409)
72 61097
+1 366582
fi=(174)
2457 122194
fi=(297)
2051 122194
fi=(174)
2457 61097
fi=(297)
2051 122194
fi=(409)
65 61097
fi=(297)
2051 122194
fi=(409)
65 61097
fi=(244)
1718 61097
fi=(174)
2457 2720
fi=(297)
2051 2720
fi=(174)
2457 1360
fi=(297)
2051 2720
fi=(409)
65 1360
fi=(297)
2051 2720
fi=(409)
65 1360
fi=(244)
1718 1360
fi=(174)
560 2720
fi=(409)
66 4080
fi=(174)
2457 1360
fi=(409)
66 4080
fi=(174)
2457 4080
fi=(297)
2051 5440
fi=(409)
72 1360
fi=(297)
2051 2720
fi=(409)
72 1360
+1 8160
fi=(174)
2457 4080
fi=(297)
2051 5440
fi=(409)
65 1360
fi=(297)
2051 2720
fi=(409)
65 1360
fi=(244)
1718 1360
fi=(174)
560 2720
fi=(409)
66 4080
fi=(174)
2457 1360
fi=(409)
66 4080
fi=(174)
2457 1360
560 122194
fi=(409)
66 183291
fi=(174)
2457 61097
fi=(409)
66 183291
fi=(174)
2457 183291
fi=(297)
2051 244388
fi=(409)
72 61097
fi=(297)
2051 122194
fi=(409)
72 61097
+1 366582
fi=(174)
2457 183291
fi=(297)
2051 244388
fi=(409)
65 61097
fi=(297)
2051 122194
fi=(409)
65 61097
fi=(244)
1718 61097
fi=(174)
560 122194
fi=(409)
66 183291
fi=(174)
2457 61097
fi=(409)
66 183291
fi=(174)
2457 61097
fi=(297)
2051 122194
fi=(174)
2457 122194
fi=(297)
2051 122194
fi=(409)
72 61097
fi=(297)
2051 122194
fi=(409)
72 61097
+1 122194
fi=(297)
2051 2720
fi=(174)
2457 2720
fi=(297)
2051 2720
fi=(409)
72 1360
fi=(297)
2051 2720
fi=(409)
72 1360
+1 8160
fi=(174)
2457 2720
fi=(297)
2051 2720
fi=(174)
2457 1360
fi=(297)
2051 2720
fi=(409)
65 1360
fi=(297)
2051 2720
fi=(409)
65 1360
fi=(244)
1718 1360
fi=(174)
560 2720
fi=(409)
66 4080
fi=(174)
2457 1360
fi=(409)
66 4080
fi=(174)
2457 4080
fi=(297)
2051 5440
fi=(409)
72 1360
fi=(297)
2051 2720
fi=(409)
72 1360
+1 8160
fi=(174)
2457 4080
fi=(297)
2051 4080
fi=(409)
73 244388
fi=(174)
2457 122194
fi=(297)
2051 122194
fi=(174)
2457 61097
fi=(297)
2051 122194
fi=(409)
65 61097
fi=(297)
2051 122194
fi=(409)
65 61097
fi=(244)
1718 61097
fi=(174)
560 122194
fi=(409)
66 183291
fi=(174)
2457 61097
fi=(409)
66 183291
fi=(174)
2457 183291
fi=(297)
2051 244388
fi=(409)
72 61097
fi=(297)
2051 122194
fi=(409)
72 61097
+1 366582
fi=(174)
2457 183291
fi=(297)
2051 244388
fi=(409)
65 61097
fi=(297)
2051 122194
fi=(409)
65 61097
fi=(244)
1718 61097
fi=(174)
560 122194
fi=(409)
66 183291
fi=(174)
2457 61097
fi=(297)
2051 1360
fi=(409)
65 1360
fi=(297)
2051 2720
fi=(409)
65 1360
fi=(244)
1718 1360
fi=(174)
560 2720
fi=(409)
66 4080
fi=(174)
2457 1360
fi=(409)
66 4080
fi=(174)
2457 1360
fi=(297)
2051 2720
fi=(174)
2457 2720
fi=(297)
2051 2720
fi=(409)
72 1360
fi=(297)
2051 2720
fi=(409)
72 1360
+1 8160
fi=(174)
2457 2720
fi=(297)
2051 2720
fi=(174)
2457 1360
fi=(297)
2051 2720
fi=(409)
65 1360
fi=(297)
2051 2720
fi=(409)
65 2720
fi=(244)
1718 1360
fi=(174)
560 1360
fi=(409)
66 4080
fi=(174)
2457 1360
fi=(409)
66 4080
fi=(174)
2457 4080
fi=(297)
2051 5440
fi=(409)
66 183291
fi=(174)
2457 61097
fi=(297)
2051 122194
fi=(174)
2457 122194
fi=(297)
2051 122194
fi=(409)
72 61097
fi=(297)
2051 122194
fi=(409)
72 61097
+1 366582
fi=(174)
2457 122194
fi=(297)
2051 122194
fi=(174)
2457 61097
fi=(297)
2051 122194
fi=(409)
65 61097
fi=(297)
2051 122194
fi=(409)
65 122194
fi=(244)
1718 61097
fi=(174)
560 61097
fi=(409)
66 183291
fi=(174)
2457 61097
fi=(409)
66 183291
fi=(174)
2457 183291
fi=(297)
2051 244388
fi=(409)
72 61097
fi=(297)
2051 122194
fi=(409)
72 61097
+1 366582
fi=(174)
2457 122194
fi=(409)
72 1360
fi=(297)
2051 2720
fi=(409)
72 1360
+1 8160
fi=(174)
2457 5440
fi=(297)
2051 5440
fi=(409)
65 1360
fi=(297)
2051 2720
fi=(409)
65 1360
fi=(244)
1718 1360
fi=(174)
560 1360
fi=(409)
66 4080
fi=(174)
2457 1360
fi=(409)
66 4080
fi=(174)
2457 1360
fi=(297)
2051 2720
fi=(174)
2457 2720
fi=(297)
2051 2720
fi=(409)
72 1360
fi=(297)
2051 2720
fi=(409)
72 1360
+1 8160
fi=(174)
2457 4080
fi=(297)
2051 2720
fi=(174)
2457 1360
fi=(297)
2051 2720
fi=(409)
55 5440
fi=(174)
2457 122194
fi=(297)
2051 244388
fi=(409)
65 61097
fi=(297)
2051 122194
fi=(409)
65 61097
fi=(244)
1718 61097
fi=(174)
560 61097
fi=(409)
66 183291
fi=(174)
2457 61097
fi=(409)
66 183291
fi=(174)
2457 61097
fi=(297)
2051 122194
fi=(174)
2457 122194
fi=(297)
2051 122194
fi=(409)
72 61097
fi=(297)
2051 122194
fi=(409)
72 61097
+1 366582
fi=(174)
2457 183291
fi=(297)
2051 122194
fi=(174)
2457 61097
fi=(297)
2051 122194
fi=(409)
55 305485
fi=(297)
2051 244388
fi=(409)
57 244388
fi=(174)
2457 183291
fi=(409)
55 1360
fi=(297)
2051 5440
fi=(409)
57 5440
fi=(174)
2457 5440
fi=(297)
2051 5440
fi=(409)
65 1360
fi=(297)
2051 2720
fi=(409)
65 1360
+1 6800
fi=(174)
2457 2720
fi=(297)
2051 2720
fi=(174)
2457 1360
fi=(297)
2051 2720
fi=(174)
2457 2720
fi=(297)
2051 2720
fi=(409)
72 2720
+1 9520
fi=(174)
2457 4080
fi=(297)
2051 2720
fi=(174)
2457 1360
fi=(297)
2051 2720
fi=(174)
2457 1360
fi=(409)
55 6800
fi=(174)
2457 61097
fi=(297)
2051 244388
fi=(409)
65 61097
fi=(297)
2051 122194
fi=(409)
65 61097
+1 305485
fi=(174)
2457 122194
fi=(297)
2051 122194
fi=(174)
2457 61097
fi=(297)
2051 122194
fi=(174)
2457 122194
fi=(297)
2051 122194
fi=(409)
72 122194
+1 427679
fi=(174)
2457 183291
fi=(297)
2051 122194
fi=(174)
2457 61097
fi=(297)
2051 122194
fi=(174)
2457 61097
fi=(409)
55 305485
fi=(297)
2051 244388
fi=(409)
57 305485
fi=(174)
2457 183291
fi=(297)
2051 5440
fi=(409)
57 6800
fi=(174)
2457 4080
fi=(297)
2051 2720
fi=(174)
2457 2720
fi=(297)
2051 2720
fi=(409)
65 1360
fi=(297)
2051 2720
fi=(409)
65 1360
+1 5440
fi=(174)
2457 5440
fi=(297)
2051 5440
fi=(409)
72 1360
fi=(297)
2051 5440
fi=(409)
72 2720
+1 5440
fi=(297)
2051 6800
fi=(409)
73 2720
fi=(297)
2051 2720
fi=(409)
73 1360
fi=(297)
2051 4080
fi=(409)
73 2720
fi=(297)
2051 122194
fi=(174)
2457 122194
fi=(297)
2051 122194
fi=(409)
65 61097
fi=(297)
2051 122194
fi=(409)
65 61097
+1 244388
fi=(174)
2457 244388
fi=(297)
2051 244388
fi=(409)
72 61097
fi=(297)
2051 244388
fi=(409)
72 122194
+1 244388
fi=(297)
2051 305485
fi=(409)
73 122194
fi=(297)
2051 122194
fi=(409)
73 61097
fi=(297)
2051 183291
fi=(409)
73 122194
fi=(297)
2051 122194
fi=(174)
2457 61097
fi=(297)
2051 183291
fi=(174)
2457 183291
fi=(297)
2051 122194
fi=(174)
2457 61097
fi=(297)
2051 2720
fi=(174)
2457 1360
fi=(297)
2051 4080
fi=(174)
2457 4080
fi=(297)
2051 2720
fi=(174)
2457 2720
fi=(297)
2051 1360
fi=(409)
55 2720
fi=(297)
2051 4080
fi=(409)
55 2720
fi=(297)
2051 2720
fi=(409)
55 2720
fi=(297)
2051 1360
fi=(409)
57 4080
fi=(297)
2051 2720
fi=(409)
55 2720
fi=(297)
2051 2720
fi=(409)
55 4080
fi=(297)
2051 2720
fi=(409)
55 2720
fi=(297)
2051 2720
fi=(409)
55 2720
fi=(297)
2051 2720
fi=(409)
55 1360
fi=(297)
2051 2720
fi=(409)
55 2720
fi=(297)
2051 2720
fi=(409)
55 1360
fi=(297)
2051 2720
fi=(409)
55 2720
fi=(174)
2457 61097
fi=(297)
2051 61097
fi=(409)
55 122194
fi=(297)
2051 183291
fi=(409)
55 122194
fi=(297)
2051 122194
fi=(409)
55 122194
fi=(297)
2051 61097
fi=(409)
57 183291
fi=(297)
2051 122194
fi=(409)
55 122194
fi=(297)
2051 122194
fi=(409)
55 183291
fi=(297)
2051 122194
fi=(409)
55 122194
fi=(297)
2051 122194
fi=(409)
55 122194
fi=(297)
2051 122194
fi=(409)
55 61097
fi=(297)
2051 122194
fi=(409)
55 122194
fi=(297)
2051 122194
fi=(409)
55 61097
fi=(297)
2051 122194
fi=(409)
55 122194
fi=(297)
2051 244388
fi=(409)
55 488776
fi=(297)
2051 5440
fi=(409)
55 12240
fi=(174)
2457 5440
fi=(409)
55 9520
fi=(174)
2457 5440
fi=(409)
55 5440
fi=(297)
2051 2720
fi=(409)
55 2720
fi=(174)
2457 5440
fi=(409)
55 4080
fi=(174)
2457 5440
fi=(409)
55 5440
fi=(174)
2457 4080
fi=(409)
55 4080
fi=(174)
2457 2720
fi=(409)
55 62457
fi=(174)
2457 244388
fi=(409)
55 427679
fi=(174)
2457 244388
fi=(409)
55 244388
fi=(297)
2051 122194
fi=(409)
55 122194
fi=(174)
2457 244388
fi=(409)
55 183291
fi=(174)
2457 244388
fi=(409)
55 244388
fi=(174)
2457 183291
fi=(409)
55 183291
fi=(174)
2457 122194
fi=(409)
55 183291
fi=(174)
2457 122194
fi=(409)
55 183291
fi=(174)
2457 122194
fi=(409)
55 186011
fi=(174)
2457 2720
fi=(409)
55 4080
fi=(174)
2457 2720
fi=(409)
55 6800
fi=(297)
2051 5440
fi=(409)
55 5440
fi=(174)
2457 6800
fi=(409)
57 5440
fi=(297)
2051 4080
fi=(174)
2457 1360
fi=(297)
2051 2720
fi=(174)
2457 1360
fi=(297)
2051 2720
fi=(409)
65 4080
+1 6800
fi=(174)
2457 6800
fi=(297)
2051 5440
fi=(409)
72 1360
fi=(297)
2051 2720
fi=(409)
55 122194
fi=(297)
2051 244388
fi=(409)
55 244388
fi=(174)
2457 305485
fi=(409)
57 244388
fi=(297)
2051 183291
fi=(174)
2457 61097
fi=(297)
2051 122194
fi=(174)
2457 61097
fi=(297)
2051 122194
fi=(409)
65 183291
+1 305485
fi=(174)
2457 305485
fi=(297)
2051 244388
fi=(409)
72 61097
fi=(297)
2051 122194
fi=(409)
72 122194
+1 427679
fi=(174)
2457 183291
fi=(409)
72 2720
+1 9520
fi=(174)
2457 4080
fi=(297)
2051 2720
fi=(174)
2457 1360
fi=(297)
2051 2720
fi=(409)
55 1360
fi=(297)
2051 2720
fi=(409)
55 1360
fi=(297)
2051 2720
fi=(409)
55 1360
fi=(297)
2051 2720
fi=(409)
57 1360
-2 6800
fi=(174)
2457 4080
fi=(409)
57 5440
fi=(174)
2457 4080
fi=(297)
2051 5440
fi=(409)
65 1360
fi=(297)
2051 2720
fi=(409)
65 1360
+1 8160
fi=(174)
2457 4080
fi=(297)
2051 123554
fi=(174)
2457 61097
fi=(297)
2051 122194
fi=(409)
55 61097
fi=(297)
2051 122194
fi=(409)
55 61097
fi=(297)
2051 122194
fi=(409)
55 61097
fi=(297)
2051 122194
fi=(409)
57 61097
-2 305485
fi=(174)
2457 183291
fi=(409)
57 244388
fi=(174)
2457 183291
fi=(297)
2051 244388
fi=(409)
65 61097
fi=(297)
2051 122194
fi=(409)
65 61097
+1 366582
fi=(174)
2457 183291
fi=(297)
2051 122194
fi=(174)
2457 122194
fi=(297)
2051 122194
fi=(409)
72 61097
fi=(297)
2051 122194
fi=(409)
72 61097
+1 183291
fi=(297)
2051 1360
fi=(174)
2457 2720
fi=(297)
2051 2720
fi=(409)
72 1360
fi=(297)
2051 2720
fi=(409)
72 1360
+1 9520
fi=(174)
2457 6800
fi=(297)
2051 4080
fi=(409)
55 5440
fi=(297)
2051 5440
fi=(409)
57 1360
fi=(297)
2051 5440
fi=(409)
55 5440
fi=(174)
2457 4080
fi=(409)
57 4080
fi=(174)
2457 4080
fi=(297)
2051 5440
fi=(409)
65 1360
fi=(297)
2051 2720
fi=(409)
65 1360
+1 2720
+7 244388
fi=(174)
2457 305485
fi=(297)
2051 183291
fi=(409)
55 244388
fi=(297)
2051 244388
fi=(409)
57 61097
fi=(297)
2051 244388
fi=(409)
55 244388
fi=(174)
2457 183291
fi=(409)
57 183291
fi=(174)
2457 183291
fi=(297)
2051 244388
fi=(409)
65 61097
fi=(297)
2051 122194
fi=(409)
65 61097
+1 244388
fi=(174)
2457 61097
fi=(297)
2051 122194
fi=(174)
2457 61097
fi=(297)
2051 122194
fi=(174)
2457 122194
fi=(297)
2051 122194
fi=(409)
66 2720
fi=(174)
2457 1360
fi=(297)
2051 2720
fi=(174)
2457 1360
fi=(297)
2051 2720
fi=(174)
2457 2720
fi=(297)
2051 2720
fi=(409)
72 2720
+1 8160
fi=(174)
2457 4080
fi=(297)
2051 1360
fi=(174)
2457 2720
fi=(297)
2051 1360
fi=(409)
55 4080
fi=(297)
2051 2720
fi=(409)
55 1360
fi=(297)
2051 2720
fi=(409)
57 1360
fi=(297)
2051 5440
fi=(409)
55 5440
fi=(174)
2457 4080
fi=(409)
57 5440
fi=(174)
2457 2720
fi=(297)
2051 2720
fi=(174)
2457 1360
fi=(297)
2051 2720
fi=(409)
65 1360
fi=(297)
2051 1360
fi=(409)
72 122194
+1 366582
fi=(174)
2457 183291
fi=(297)
2051 61097
fi=(174)
2457 122194
fi=(297)
2051 61097
fi=(409)
55 183291
fi=(297)
2051 122194
fi=(409)
55 61097
fi=(297)
2051 122194
fi=(409)
57 61097
fi=(297)
2051 244388
fi=(409)
55 244388
fi=(174)
2457 183291
fi=(409)
57 244388
fi=(174)
2457 122194
fi=(297)
2051 122194
fi=(174)
2457 61097
fi=(297)
2051 122194
fi=(409)
65 61097
fi=(297)
2051 122194
fi=(409)
65 61097
+1 244388
fi=(174)
2457 244388
fi=(297)
2051 123554
fi=(409)
65 1360
+1 5440
fi=(174)
2457 5440
fi=(297)
2051 5440
fi=(409)
72 1360
fi=(297)
2051 2720
fi=(409)
72 1360
+1 8160
fi=(174)
2457 5440
fi=(297)
2051 5440
fi=(409)
55 4080
fi=(297)
2051 2720
fi=(409)
55 1360
fi=(297)
2051 2720
fi=(409)
57 1360
fi=(297)
2051 5440
fi=(409)
55 5440
fi=(174)
2457 4080
fi=(409)
57 5440
fi=(174)
2457 1360
fi=(297)
2051 2720
fi=(174)
2457 1360
fi=(297)
2051 122194
fi=(409)
72 61097
fi=(297)
2051 122194
fi=(409)
72 61097
+1 366582
fi=(174)
2457 244388
fi=(297)
2051 244388
fi=(409)
55 183291
fi=(297)
2051 122194
fi=(409)
55 61097
fi=(297)
2051 122194
fi=(409)
57 61097
fi=(297)
2051 244388
fi=(409)
55 244388
fi=(174)
2457 183291
fi=(409)
57 244388
fi=(174)
2457 61097
fi=(297)
2051 122194
fi=(174)
2457 61097
fi=(297)
2051 122194
fi=(409)
65 61097
fi=(297)
2051 122194
fi=(409)
65 61097
+1 244388
fi=(174)
2457 122194
fi=(297)
2051 2720
fi=(409)
65 1360
fi=(297)
2051 2720
fi=(409)
65 1360
+1 5440
fi=(174)
2457 5440
fi=(297)
2051 5440
fi=(409)
72 1360
fi=(297)
2051 2720
fi=(409)
72 1360
+1 8160
fi=(297)
2051 2720
fi=(174)
2457 1360
fi=(297)
2051 2720
fi=(174)
2457 1360
fi=(297)
2051 2720
fi=(174)
2457 1360
fi=(297)
2051 2720
fi=(409)
57 1360
-2 5440
fi=(174)
2457 4080
fi=(409)
57 1360
fi=(297)
2051 2720
fi=(409)
57 1360
fi=(297)
2051 4080
fi=(174)
2457 1360
fi=(297)
2051 2720
fi=(409)
65 2720
+1 1360
fi=(174)
2457 122194
fi=(297)
2051 244388
fi=(409)
72 61097
fi=(297)
2051 122194
fi=(409)
72 61097
+1 366582
fi=(297)
2051 122194
fi=(174)
2457 61097
fi=(297)
2051 122194
fi=(174)
2457 61097
fi=(297)
2051 122194
fi=(174)
2457 61097
fi=(297)
2051 122194
fi=(409)
57 61097
-2 244388
fi=(174)
2457 183291
fi=(409)
57 61097
fi=(297)
2051 122194
fi=(409)
57 61097
fi=(297)
2051 183291
fi=(174)
2457 61097
fi=(297)
2051 122194
fi=(409)
65 122194
+1 244388
fi=(174)
2457 244388
fi=(297)
2051 244388
fi=(409)
72 61097
-6 4080
fi=(174)
2457 5440
fi=(297)
2051 5440
fi=(409)
72 1360
fi=(297)
2051 2720
fi=(409)
72 1360
+1 8160
fi=(174)
2457 4080
fi=(297)
2051 5440
fi=(409)
57 1360
fi=(297)
2051 5440
fi=(409)
55 5440
fi=(174)
2457 4080
fi=(409)
57 5440
fi=(174)
2457 1360
fi=(297)
2051 5440
fi=(409)
65 1360
fi=(297)
2051 2720
fi=(409)
65 1360
+1 5440
fi=(174)
2457 2720
fi=(297)
2051 123554
fi=(409)
72 61097
+1 366582
fi=(174)
2457 183291
fi=(297)
2051 244388
fi=(409)
57 61097
fi=(297)
2051 244388
fi=(409)
55 244388
fi=(174)
2457 183291
fi=(409)
57 244388
fi=(174)
2457 61097
fi=(297)
2051 244388
fi=(409)
65 61097
fi=(297)
2051 122194
fi=(409)
65 61097
+1 244388
fi=(174)
2457 122194
fi=(297)
2051 122194
fi=(174)
2457 122194
fi=(297)
2051 122194
fi=(409)
72 61097
fi=(297)
2051 122194
fi=(409)
72 61097
+1 183291
fi=(297)
2051 1360
fi=(174)
2457 2720
fi=(297)
2051 2720
fi=(409)
72 1360
fi=(297)
2051 2720
fi=(409)
72 1360
+1 8160
fi=(174)
2457 2720
fi=(297)
2051 2720
fi=(174)
2457 2720
fi=(297)
2051 2720
fi=(409)
57 1360
fi=(297)
2051 5440
fi=(409)
55 5440
fi=(174)
2457 4080
fi=(409)
57 4080
fi=(174)
2457 1360
fi=(297)
2051 5440
fi=(409)
65 1360
fi=(297)
2051 2720
fi=(409)
65 1360
+1 5440
fi=(174)
2457 1360
fi=(297)
2051 2720
fi=(174)
2457 1360
fi=(297)
2051 2720
fi=(174)
2457 2720
fi=(297)
2051 1360
fi=(409)
73 183291
fi=(174)
2457 122194
fi=(297)
2051 122194
fi=(174)
2457 122194
fi=(297)
2051 122194
fi=(409)
57 61097
fi=(297)
2051 244388
fi=(409)
55 244388
fi=(174)
2457 183291
fi=(409)
57 183291
fi=(174)
2457 61097
fi=(297)
2051 244388
fi=(409)
65 61097
fi=(297)
2051 122194
fi=(409)
65 61097
+1 244388
fi=(174)
2457 61097
fi=(297)
2051 122194
fi=(174)
2457 61097
fi=(297)
2051 122194
fi=(174)
2457 122194
fi=(297)
2051 183291
fi=(409)
72 122194
+1 366582
fi=(174)
2457 61097
fi=(297)
2051 63817
fi=(409)
72 2720
+1 8160
fi=(174)
2457 1360
fi=(297)
2051 2720
fi=(174)
2457 1360
fi=(297)
2051 2720
fi=(174)
2457 1360
fi=(297)
2051 2720
fi=(409)
57 1360
fi=(297)
2051 2720
fi=(409)
55 5440
fi=(174)
2457 4080
fi=(409)
57 2720
fi=(297)
2051 4080
fi=(174)
2457 1360
fi=(297)
2051 2720
fi=(409)
65 1360
fi=(297)
2051 2720
fi=(409)
65 1360
+1 5440
fi=(174)
2457 5440
fi=(297)
2051 5440
fi=(409)
72 1360
fi=(297)
2051 2720
fi=(409)
72 2720
+1 2720
fi=(297)
2051 61097
fi=(174)
2457 61097
fi=(297)
2051 122194
fi=(174)
2457 61097
fi=(297)
2051 122194
fi=(409)
57 61097
fi=(297)
2051 122194
fi=(409)
55 244388
fi=(174)
2457 183291
fi=(409)
57 122194
fi=(297)
2051 183291
fi=(174)
2457 61097
fi=(297)
2051 122194
fi=(409)
65 61097
fi=(297)
2051 122194
fi=(409)
65 61097
+1 244388
fi=(174)
2457 244388
fi=(297)
2051 244388
fi=(409)
72 61097
fi=(297)
2051 122194
fi=(409)
72 122194
+1 366582
fi=(297)
2051 122194
fi=(174)
2457 61097
fi=(297)
2051 122194
fi=(174)
2457 61097
fi=(297)
2051 122194
fi=(409)
73 5440
fi=(297)
2051 2720
fi=(174)
2457 1360
fi=(297)
2051 2720
fi=(174)
2457 1360
fi=(297)
2051 2720
fi=(174)
2457 1360
fi=(297)
2051 2720
fi=(409)
57 1360
-2 5440
fi=(174)
2457 4080
fi=(409)
57 2720
fi=(297)
2051 2720
fi=(409)
57 1360
fi=(297)
2051 4080
fi=(174)
2457 1360
fi=(297)
2051 2720
fi=(409)
65 2720
+1 5440
fi=(174)
2457 5440
fi=(297)
2051 5440
fi=(409)
72 1360
fi=(297)
2051 2720
fi=(409)
72 1360
+1 8160
fi=(174)
2457 63817
fi=(297)
2051 122194
fi=(409)
57 61097
-2 244388
fi=(174)
2457 183291
fi=(409)
57 122194
fi=(297)
2051 122194
fi=(409)
57 61097
fi=(297)
2051 183291
fi=(174)
2457 61097
fi=(297)
2051 122194
fi=(409)
65 122194
+1 244388
fi=(174)
2457 244388
fi=(297)
2051 244388
fi=(409)
72 61097
fi=(297)
2051 122194
fi=(409)
72 61097
+1 366582
fi=(174)
2457 183291
fi=(297)
2051 244388
fi=(409)
57 61097
fi=(297)
2051 244388
fi=(409)
55 122194
fi=(174)
2457 1360
fi=(297)
2051 5440
fi=(409)
57 1360
fi=(297)
2051 5440
fi=(409)
55 5440
fi=(174)
2457 4080
fi=(409)
57 5440
fi=(174)
2457 1360
fi=(297)
2051 5440
fi=(409)
65 1360
fi=(297)
2051 2720
fi=(409)
65 1360
+1 5440
fi=(174)
2457 2720
fi=(297)
2051 2720
fi=(174)
2457 2720
fi=(297)
2051 2720
fi=(409)
72 1360
fi=(297)
2051 2720
fi=(409)
72 1360
+1 8160
fi=(174)
2457 2720
fi=(297)
2051 2720
fi=(174)
2457 1360
fi=(297)
2051 2720
fi=(409)
57 1360
-2 122194
fi=(174)
2457 183291
fi=(409)
57 244388
fi=(174)
2457 61097
fi=(297)
2051 244388
fi=(409)
65 61097
fi=(297)
2051 122194
fi=(409)
65 61097
+1 244388
fi=(174)
2457 122194
fi=(297)
2051 122194
fi=(174)
2457 122194
fi=(297)
2051 122194
fi=(409)
72 61097
fi=(297)
2051 122194
fi=(409)
72 61097
+1 366582
fi=(174)
2457 122194
fi=(297)
2051 122194
fi=(174)
2457 61097
fi=(297)
2051 122194
fi=(409)
57 61097
fi=(297)
2051 244388
fi=(409)
55 244388
fi=(174)
2457 183291
fi=(409)
57 61097
fi=(297)
2051 5440
fi=(409)
55 5440
fi=(174)
2457 4080
fi=(409)
57 5440
fi=(174)
2457 2720
fi=(297)
2051 5440
fi=(409)
65 1360
fi=(297)
2051 2720
fi=(409)
65 1360
+1 5440
fi=(174)
2457 1360
fi=(297)
2051 2720
fi=(174)
2457 1360
fi=(297)
2051 2720
fi=(174)
2457 2720
fi=(297)
2051 2720
fi=(409)
72 2720
+1 8160
fi=(174)
2457 1360
fi=(297)
2051 2720
fi=(174)
2457 1360
fi=(297)
2051 2720
fi=(174)
2457 1360
fi=(297)
2051 2720
fi=(409)
57 1360
fi=(297)
2051 2720
fi=(409)
55 1360
+2 183291
fi=(174)
2457 122194
fi=(297)
2051 244388
fi=(409)
65 61097
fi=(297)
2051 122194
fi=(409)
65 61097
+1 244388
fi=(174)
2457 61097
fi=(297)
2051 122194
fi=(174)
2457 61097
fi=(297)
2051 122194
fi=(174)
2457 122194
fi=(297)
2051 122194
fi=(409)
72 122194
+1 366582
fi=(174)
2457 61097
fi=(297)
2051 122194
fi=(174)
2457 61097
fi=(297)
2051 122194
fi=(174)
2457 61097
fi=(297)
2051 122194
fi=(409)
57 61097
fi=(297)
2051 122194
fi=(409)
55 244388
fi=(174)
2457 183291
fi=(409)
57 183291
fi=(297)
2051 183291
fi=(409)
55 4080
fi=(174)
2457 4080
fi=(409)
57 4080
fi=(297)
2051 4080
fi=(174)
2457 1360
fi=(297)
2051 2720
fi=(409)
65 1360
fi=(297)
2051 2720
fi=(409)
65 1360
+1 5440
fi=(174)
2457 5440
fi=(297)
2051 5440
fi=(409)
72 1360
fi=(297)
2051 2720
fi=(409)
72 1360
+1 8160
fi=(297)
2051 2720
fi=(174)
2457 1360
fi=(297)
2051 2720
fi=(174)
2457 1360
fi=(297)
2051 2720
fi=(174)
2457 1360
fi=(297)
2051 2720
fi=(409)
57 1360
-2 5440
fi=(174)
2457 65177
fi=(297)
2051 122194
fi=(409)
65 61097
fi=(297)
2051 122194
fi=(409)
65 61097
+1 244388
fi=(174)
2457 244388
fi=(297)
2051 244388
fi=(409)
72 61097
fi=(297)
2051 122194
fi=(409)
72 61097
+1 366582
fi=(297)
2051 122194
fi=(174)
2457 61097
fi=(297)
2051 122194
fi=(174)
2457 61097
fi=(297)
2051 122194
fi=(174)
2457 61097
fi=(297)
2051 122194
fi=(409)
57 61097
-2 244388
fi=(174)
2457 183291
fi=(409)
57 61097
fi=(297)
2051 122194
fi=(409)
57 61097
fi=(297)
2051 183291
fi=(174)
2457 61097
fi=(297)
2051 122194
fi=(409)
65 122194
-8 1360
fi=(297)
2051 2720
fi=(409)
57 1360
fi=(297)
2051 4080
fi=(174)
2457 1360
fi=(297)
2051 2720
fi=(409)
65 2720
+1 6800
fi=(174)
2457 5440
fi=(297)
2051 5440
fi=(409)
72 1360
fi=(297)
2051 2720
fi=(409)
72 1360
+1 8160
fi=(174)
2457 4080
fi=(297)
2051 5440
fi=(409)
57 1360
fi=(297)
2051 5440
fi=(409)
55 5440
fi=(174)
2457 4080
fi=(409)
57 5440
fi=(174)
2457 1360
fi=(297)
2051 1360
fi=(409)
66 305485
fi=(174)
2457 244388
fi=(297)
2051 244388
fi=(409)
72 61097
fi=(297)
2051 122194
fi=(409)
72 61097
+1 366582
fi=(174)
2457 183291
fi=(297)
2051 244388
fi=(409)
57 61097
fi=(297)
2051 244388
fi=(409)
55 244388
fi=(174)
2457 183291
fi=(409)
57 244388
fi=(174)
2457 61097
fi=(297)
2051 244388
fi=(409)
65 61097
fi=(297)
2051 122194
fi=(409)
65 61097
+1 244388
fi=(174)
2457 61097
fi=(297)
2051 4080
fi=(409)
65 1360
fi=(297)
2051 2720
fi=(409)
65 1360
+1 5440
fi=(174)
2457 2720
fi=(297)
2051 2720
fi=(174)
2457 2720
fi=(297)
2051 2720
fi=(409)
72 1360
fi=(297)
2051 2720
fi=(409)
72 1360
+1 8160
fi=(174)
2457 2720
fi=(297)
2051 2720
fi=(174)
2457 1360
fi=(297)
2051 2720
fi=(409)
57 1360
fi=(297)
2051 5440
fi=(409)
55 5440
fi=(174)
2457 4080
fi=(409)
57 5440
fi=(174)
2457 1360
fi=(297)
2051 5440
fi=(409)
65 1360
fi=(297)
2051 2720
fi=(174)
2457 61097
fi=(297)
2051 122194
fi=(174)
2457 122194
fi=(297)
2051 122194
fi=(409)
72 61097
fi=(297)
2051 122194
fi=(409)
72 61097
+1 366582
fi=(174)
2457 122194
fi=(297)
2051 122194
fi=(174)
2457 61097
fi=(297)
2051 122194
fi=(409)
57 61097
fi=(297)
2051 244388
fi=(409)
55 244388
fi=(174)
2457 183291
fi=(409)
57 244388
fi=(174)
2457 61097
fi=(297)
2051 244388
fi=(409)
65 61097
fi=(297)
2051 122194
fi=(409)
65 61097
+1 244388
fi=(174)
2457 61097
fi=(297)
2051 122194
fi=(174)
2457 61097
fi=(297)
2051 122194
fi=(174)
2457 61097
fi=(409)
65 1360
+1 5440
fi=(174)
2457 1360
fi=(297)
2051 2720
fi=(174)
2457 1360
fi=(297)
2051 2720
fi=(174)
2457 2720
fi=(297)
2051 2720
fi=(409)
72 2720
+1 8160
fi=(174)
2457 1360
fi=(297)
2051 2720
fi=(174)
2457 1360
fi=(297)
2051 2720
fi=(174)
2457 1360
fi=(297)
2051 2720
fi=(409)
57 1360
fi=(297)
2051 2720
fi=(409)
55 5440
fi=(174)
2457 4080
fi=(409)
57 4080
fi=(297)
2051 4080
fi=(174)
2457 1360
fi=(297)
2051 2720
fi=(409)
65 1360
fi=(297)
2051 2720
fi=(409)
65 1360
+1 5440
fi=(174)
2457 62457
fi=(297)
2051 122194
fi=(409)
72 122194
+1 366582
fi=(174)
2457 61097
fi=(297)
2051 122194
fi=(174)
2457 61097
fi=(297)
2051 122194
fi=(174)
2457 61097
fi=(297)
2051 122194
fi=(409)
57 61097
fi=(297)
2051 122194
fi=(409)
55 244388
fi=(174)
2457 183291
fi=(409)
57 183291
fi=(297)
2051 183291
fi=(174)
2457 61097
fi=(297)
2051 122194
fi=(409)
65 61097
fi=(297)
2051 122194
fi=(409)
65 61097
+1 244388
fi=(174)
2457 244388
fi=(297)
2051 244388
fi=(409)
72 61097
fi=(297)
2051 122194
fi=(409)
72 61097
+1 61097
fi=(174)
2457 4080
fi=(297)
2051 5440
fi=(409)
72 1360
fi=(297)
2051 2720
fi=(409)
72 1360
+1 8160
fi=(297)
2051 2720
fi=(174)
2457 1360
fi=(297)
2051 2720
fi=(174)
2457 1360
fi=(297)
2051 2720
fi=(174)
2457 1360
fi=(297)
2051 2720
fi=(409)
57 1360
-2 5440
fi=(174)
2457 4080
fi=(409)
57 2720
fi=(297)
2051 2720
fi=(409)
57 1360
fi=(297)
2051 4080
fi=(174)
2457 1360
fi=(297)
2051 2720
fi=(409)
65 2720
+1 5440
fi=(174)
2457 5440
fi=(297)
2051 4080
fi=(409)
73 305485
fi=(297)
2051 122194
fi=(174)
2457 61097
fi=(297)
2051 122194
fi=(174)
2457 61097
fi=(297)
2051 122194
fi=(174)
2457 61097
fi=(297)
2051 122194
fi=(409)
57 61097
-2 244388
fi=(174)
2457 183291
fi=(409)
57 122194
fi=(297)
2051 122194
fi=(409)
57 61097
fi=(297)
2051 183291
fi=(174)
2457 61097
fi=(297)
2051 122194
fi=(409)
65 122194
+1 244388
fi=(174)
2457 244388
fi=(297)
2051 244388
fi=(409)
72 61097
fi=(297)
2051 122194
fi=(409)
72 61097
+1 366582
fi=(174)
2457 61097
fi=(297)
2051 1360
fi=(409)
72 1360
fi=(297)
2051 2720
fi=(409)
72 1360
+1 8160
fi=(174)
2457 4080
fi=(297)
2051 5440
fi=(409)
57 1360
fi=(297)
2051 5440
fi=(409)
55 5440
fi=(174)
2457 4080
fi=(409)
57 5440
fi=(174)
2457 1360
fi=(297)
2051 5440
fi=(409)
65 1360
fi=(297)
2051 2720
fi=(409)
65 1360
+1 5440
fi=(174)
2457 2720
fi=(297)
2051 2720
fi=(174)
2457 2720
fi=(297)
2051 2720
fi=(409)
72 1360
fi=(297)
2051 2720
fi=(409)
72 1360
+1 1360
fi=(174)
2457 122194
fi=(297)
2051 244388
fi=(409)
57 61097
fi=(297)
2051 244388
fi=(409)
55 244388
fi=(174)
2457 183291
fi=(409)
57 244388
fi=(174)
2457 61097
fi=(297)
2051 244388
fi=(409)
65 61097
fi=(297)
2051 122194
fi=(409)
65 61097
+1 244388
fi=(174)
2457 122194
fi=(297)
2051 122194
fi=(174)
2457 122194
fi=(297)
2051 122194
fi=(409)
72 61097
fi=(297)
2051 122194
fi=(409)
72 61097
+1 366582
fi=(174)
2457 122194
fi=(297)
2051 122194
fi=(174)
2457 61097
fi=(297)
2051 122194
fi=(409)
73 6800
fi=(174)
2457 2720
fi=(297)
2051 2720
fi=(174)
2457 1360
fi=(297)
2051 2720
fi=(409)
57 1360
fi=(297)
2051 5440
fi=(409)
55 5440
fi=(174)
2457 4080
fi=(409)
57 5440
fi=(174)
2457 1360
fi=(297)
2051 5440
fi=(409)
65 1360
fi=(297)
2051 2720
fi=(409)
65 1360
+1 5440
fi=(174)
2457 1360
fi=(297)
2051 2720
fi=(174)
2457 1360
fi=(297)
2051 2720
fi=(174)
2457 2720
fi=(297)
2051 2720
fi=(409)
72 2720
+1 8160
fi=(174)
2457 1360
fi=(409)
57 61097
fi=(297)
2051 244388
fi=(409)
55 244388
fi=(174)
2457 183291
fi=(409)
57 244388
fi=(174)
2457 61097
fi=(297)
2051 244388
fi=(409)
65 61097
fi=(297)
2051 122194
fi=(409)
65 61097
+1 244388
fi=(174)
2457 61097
fi=(297)
2051 122194
fi=(174)
2457 61097
fi=(297)
2051 122194
fi=(174)
2457 122194
fi=(297)
2051 122194
fi=(409)
72 122194
+1 366582
fi=(174)
2457 61097
fi=(297)
2051 122194
fi=(174)
2457 61097
fi=(297)
2051 122194
fi=(174)
2457 61097
fi=(297)
2051 122194
fi=(409)
57 61097
fi=(297)
2051 122194
fi=(409)
55 61097
fi=(297)
2051 2720
fi=(174)
2457 1360
fi=(297)
2051 2720
fi=(174)
2457 1360
fi=(297)
2051 2720
fi=(409)
57 1360
fi=(297)
2051 2720
fi=(409)
55 5440
fi=(174)
2457 4080
fi=(409)
57 4080
fi=(297)
2051 4080
fi=(174)
2457 1360
fi=(297)
2051 2720
fi=(409)
65 1360
fi=(297)
2051 2720
fi=(409)
65 1360
+1 5440
fi=(174)
2457 5440
fi=(297)
2051 5440
fi=(409)
72 1360
fi=(297)
2051 2720
fi=(409)
72 1360
+1 8160
fi=(297)
2051 2720
fi=(174)
2457 1360
fi=(297)
2051 2720
fi=(174)
2457 1360
fi=(297)
2051 1360
fi=(409)
55 183291
fi=(174)
2457 183291
fi=(409)
57 183291
fi=(297)
2051 183291
fi=(174)
2457 61097
fi=(297)
2051 122194
fi=(409)
65 61097
fi=(297)
2051 122194
fi=(409)
65 61097
+1 244388
fi=(174)
2457 244388
fi=(297)
2051 244388
fi=(409)
72 61097
fi=(297)
2051 122194
fi=(409)
72 61097
+1 366582
fi=(297)
2051 122194
fi=(174)
2457 61097
fi=(297)
2051 122194
fi=(174)
2457 61097
fi=(297)
2051 122194
fi=(174)
2457 61097
fi=(297)
2051 122194
fi=(409)
57 61097
-2 305485
fi=(174)
2457 122194
fi=(297)
2051 1360
fi=(174)
2457 1360
fi=(297)
2051 2720
fi=(409)
57 1360
-2 6800
fi=(174)
2457 4080
fi=(409)
57 2720
fi=(297)
2051 2720
fi=(409)
57 1360
fi=(297)
2051 4080
fi=(174)
2457 1360
fi=(297)
2051 2720
fi=(409)
65 2720
+1 5440
fi=(174)
2457 5440
fi=(297)
2051 5440
fi=(409)
72 1360
fi=(297)
2051 2720
fi=(409)
72 1360
+1 8160
fi=(174)
2457 4080
fi=(297)
2051 6800
fi=(409)
57 2720
fi=(297)
2051 2720
fi=(174)
2457 61097
fi=(409)
57 122194
fi=(297)
2051 122194
fi=(409)
57 61097
fi=(297)
2051 183291
fi=(174)
2457 61097
fi=(297)
2051 122194
fi=(409)
65 122194
+1 244388
fi=(174)
2457 244388
fi=(297)
2051 244388
fi=(409)
72 61097
fi=(297)
2051 122194
fi=(409)
72 61097
+1 366582
fi=(174)
2457 183291
fi=(297)
2051 305485
fi=(409)
57 122194
fi=(297)
2051 244388
fi=(409)
55 244388
fi=(174)
2457 183291
fi=(409)
57 183291
fi=(297)
2051 2720
fi=(409)
55 5440
fi=(174)
2457 4080
fi=(409)
57 5440
fi=(174)
2457 1360
fi=(297)
2051 5440
fi=(409)
65 1360
fi=(297)
2051 2720
fi=(409)
65 1360
+1 5440
fi=(174)
2457 2720
fi=(297)
2051 2720
fi=(174)
2457 2720
fi=(297)
2051 2720
fi=(409)
72 1360
fi=(297)
2051 2720
fi=(409)
72 1360
+1 8160
fi=(174)
2457 2720
fi=(297)
2051 2720
fi=(174)
2457 1360
fi=(297)
2051 2720
fi=(409)
57 1360
fi=(297)
2051 5440
fi=(409)
55 5440
+2 61097
fi=(174)
2457 61097
fi=(297)
2051 244388
fi=(409)
65 61097
fi=(297)
2051 122194
fi=(409)
65 61097
+1 244388
fi=(174)
2457 122194
fi=(297)
2051 122194
fi=(174)
2457 122194
fi=(297)
2051 122194
fi=(409)
72 61097
fi=(297)
2051 122194
fi=(409)
72 61097
+1 366582
fi=(174)
2457 122194
fi=(297)
2051 122194
fi=(174)
2457 61097
fi=(297)
2051 122194
fi=(409)
57 61097
fi=(297)
2051 244388
fi=(409)
55 244388
fi=(174)
2457 183291
fi=(409)
57 244388
fi=(174)
2457 61097
fi=(297)
2051 244388
fi=(174)
2457 4080
fi=(409)
57 5440
fi=(174)
2457 1360
fi=(297)
2051 5440
fi=(409)
65 1360
fi=(297)
2051 2720
fi=(409)
65 1360
+1 5440
fi=(174)
2457 1360
fi=(297)
2051 2720
fi=(174)
2457 1360
fi=(297)
2051 2720
fi=(174)
2457 2720
fi=(297)
2051 2720
fi=(409)
72 2720
+1 8160
fi=(174)
2457 1360
fi=(297)
2051 2720
fi=(174)
2457 1360
fi=(297)
2051 2720
fi=(174)
2457 2720
fi=(297)
2051 2720
fi=(409)
57 1360
fi=(297)
2051 2720
fi=(409)
55 5440
fi=(174)
2457 4080
fi=(409)
57 2720
+8 61097
fi=(297)
2051 122194
fi=(409)
65 61097
+1 244388
fi=(174)
2457 61097
fi=(297)
2051 122194
fi=(174)
2457 61097
fi=(297)
2051 122194
fi=(174)
2457 122194
fi=(297)
2051 122194
fi=(409)
72 122194
+1 366582
fi=(174)
2457 61097
fi=(297)
2051 122194
fi=(174)
2457 61097
fi=(297)
2051 122194
fi=(174)
2457 122194
fi=(297)
2051 122194
fi=(409)
57 61097
fi=(297)
2051 122194
fi=(409)
55 244388
fi=(174)
2457 183291
fi=(409)
57 183291
fi=(297)
2051 183291
fi=(174)
2457 61097
fi=(297)
2051 122194
fi=(409)
65 61097
fi=(297)
2051 122194
fi=(409)
65 61097
+1 61097
-9 1360
fi=(297)
2051 4080
fi=(174)
2457 1360
fi=(297)
2051 2720
fi=(409)
65 1360
fi=(297)
2051 2720
fi=(409)
65 1360
+1 5440
fi=(174)
2457 5440
fi=(297)
2051 5440
fi=(409)
72 1360
fi=(297)
2051 2720
fi=(409)
72 1360
+1 8160
fi=(297)
2051 2720
fi=(174)
2457 2720
fi=(297)
2051 2720
fi=(174)
2457 1360
fi=(297)
2051 2720
fi=(174)
2457 1360
fi=(297)
2051 2720
fi=(409)
57 1360
-2 6800
fi=(174)
2457 5440
fi=(409)
57 2720
fi=(297)
2051 2720
fi=(409)
57 1360
+9 183291
fi=(174)
2457 244388
fi=(297)
2051 244388
fi=(409)
72 61097
fi=(297)
2051 122194
fi=(409)
72 61097
+1 366582
fi=(297)
2051 122194
fi=(174)
2457 122194
fi=(297)
2051 122194
fi=(174)
2457 61097
fi=(297)
2051 122194
fi=(174)
2457 61097
fi=(297)
2051 122194
fi=(409)
57 61097
-2 305485
fi=(174)
2457 244388
fi=(409)
57 122194
fi=(297)
2051 122194
fi=(409)
57 61097
fi=(297)
2051 183291
fi=(174)
2457 61097
fi=(297)
2051 122194
fi=(409)
65 122194
+1 244388
fi=(297)
2051 4080
fi=(174)
2457 1360
fi=(297)
2051 2720
fi=(409)
65 2720
+1 5440
fi=(174)
2457 5440
fi=(297)
2051 5440
fi=(409)
72 1360
fi=(297)
2051 2720
fi=(409)
72 1360
+1 8160
fi=(174)
2457 4080
fi=(297)
2051 5440
fi=(409)
57 1360
fi=(297)
2051 5440
fi=(409)
55 5440
fi=(174)
2457 4080
fi=(409)
57 5440
fi=(174)
2457 1360
fi=(297)
2051 5440
fi=(409)
65 1360
fi=(297)
2051 1360
fi=(174)
2457 244388
fi=(297)
2051 244388
fi=(409)
72 61097
fi=(297)
2051 122194
fi=(409)
72 61097
+1 366582
fi=(174)
2457 183291
fi=(297)
2051 244388
fi=(409)
57 61097
fi=(297)
2051 244388
fi=(409)
55 244388
fi=(174)
2457 183291
fi=(409)
57 244388
fi=(174)
2457 61097
fi=(297)
2051 244388
fi=(409)
65 61097
fi=(297)
2051 122194
fi=(409)
65 61097
+1 244388
fi=(174)
2457 122194
fi=(297)
2051 122194
fi=(174)
2457 122194
fi=(297)
2051 1360
fi=(409)
65 1360
+1 5440
fi=(174)
2457 2720
fi=(297)
2051 2720
fi=(174)
2457 2720
fi=(297)
2051 2720
fi=(409)
72 1360
fi=(297)
2051 2720
fi=(409)
72 1360
+1 8160
fi=(174)
2457 4080
fi=(297)
2051 2720
fi=(174)
2457 1360
fi=(297)
2051 2720
fi=(409)
57 1360
fi=(297)
2051 5440
fi=(409)
55 5440
fi=(174)
2457 4080
fi=(409)
57 4080
fi=(174)
2457 1360
fi=(297)
2051 5440
fi=(409)
65 1360
fi=(297)
2051 2720
fi=(409)
65 1360
+1 5440
fi=(297)
2051 122194
fi=(409)
72 61097
fi=(297)
2051 122194
fi=(409)
72 61097
+1 366582
fi=(174)
2457 183291
fi=(297)
2051 122194
fi=(174)
2457 61097
fi=(297)
2051 122194
fi=(409)
57 61097
fi=(297)
2051 244388
fi=(409)
55 244388
fi=(174)
2457 183291
fi=(409)
57 183291
fi=(174)
2457 61097
fi=(297)
2051 244388
fi=(409)
65 61097
fi=(297)
2051 122194
fi=(409)
65 61097
+1 244388
fi=(174)
2457 122194
fi=(297)
2051 122194
fi=(174)
2457 61097
fi=(297)
2051 122194
fi=(174)
2457 122194
fi=(297)
2051 122194
fi=(409)
72 61097
fi=(174)
2457 2720
fi=(297)
2051 2720
fi=(174)
2457 1360
fi=(297)
2051 2720
fi=(174)
2457 2720
fi=(297)
2051 2720
fi=(409)
72 2720
+1 10880
fi=(174)
2457 2720
fi=(297)
2051 2720
fi=(174)
2457 1360
fi=(297)
2051 2720
fi=(174)
2457 2720
fi=(297)
2051 2720
fi=(409)
57 1360
fi=(297)
2051 2720
fi=(409)
55 5440
fi=(174)
2457 4080
fi=(409)
57 4080
fi=(297)
2051 4080
fi=(174)
2457 1360
fi=(297)
2051 2720
fi=(409)
65 1360
fi=(297)
2051 2720
fi=(409)
65 1360
+1 5440
fi=(174)
2457 1360
fi=(409)
72 61097
+1 488776
fi=(174)
2457 122194
fi=(297)
2051 122194
fi=(174)
2457 61097
fi=(297)
2051 122194
fi=(174)
2457 122194
fi=(297)
2051 122194
fi=(409)
57 61097
fi=(297)
2051 122194
fi=(409)
55 244388
fi=(174)
2457 183291
fi=(409)
57 183291
fi=(297)
2051 183291
fi=(174)
2457 61097
fi=(297)
2051 122194
fi=(409)
65 61097
fi=(297)
2051 122194
fi=(409)
65 61097
+1 244388
fi=(174)
2457 244388
fi=(297)
2051 244388
fi=(409)
72 61097
fi=(297)
2051 122194
fi=(409)
72 61097
+1 61097
fi=(174)
2457 4080
fi=(297)
2051 5440
fi=(409)
72 1360
fi=(297)
2051 2720
fi=(409)
72 1360
+1 8160
fi=(297)
2051 2720
fi=(174)
2457 1360
fi=(297)
2051 4080
fi=(174)
2457 1360
fi=(297)
2051 2720
fi=(174)
2457 1360
fi=(297)
2051 2720
fi=(409)
57 1360
-2 5440
fi=(174)
2457 4080
fi=(409)
57 4080
fi=(297)
2051 2720
fi=(409)
57 1360
fi=(297)
2051 4080
fi=(174)
2457 1360
fi=(297)
2051 2720
fi=(409)
65 2720
+1 6800
fi=(174)
2457 5440
fi=(409)
73 305485
fi=(297)
2051 122194
fi=(174)
2457 61097
fi=(297)
2051 183291
fi=(174)
2457 61097
fi=(297)
2051 122194
fi=(174)
2457 61097
fi=(297)
2051 122194
fi=(409)
57 61097
-2 244388
fi=(174)
2457 183291
fi=(409)
57 183291
fi=(297)
2051 122194
fi=(409)
57 61097
fi=(297)
2051 183291
fi=(174)
2457 61097
fi=(297)
2051 122194
fi=(409)
65 122194
+1 305485
fi=(174)
2457 244388
fi=(297)
2051 244388
fi=(409)
72 61097
fi=(297)
2051 122194
fi=(409)
72 61097
+1 244388
fi=(297)
2051 5440
fi=(409)
72 1360
fi=(297)
2051 2720
fi=(409)
72 1360
+1 8160
fi=(174)
2457 4080
fi=(297)
2051 5440
fi=(409)
57 1360
fi=(297)
2051 5440
fi=(409)
55 5440
fi=(174)
2457 4080
fi=(409)
57 5440
fi=(174)
2457 1360
fi=(297)
2051 5440
fi=(409)
65 1360
fi=(297)
2051 2720
fi=(409)
65 1360
+1 5440
fi=(174)
2457 2720
fi=(297)
2051 2720
fi=(174)
2457 2720
fi=(297)
2051 2720
fi=(409)
72 1360
fi=(297)
2051 1360
fi=(409)
73 122194
fi=(174)
2457 183291
fi=(297)
2051 244388
fi=(409)
57 61097
fi=(297)
2051 244388
fi=(409)
55 244388
fi=(174)
2457 183291
fi=(409)
57 244388
fi=(174)
2457 61097
fi=(297)
2051 244388
fi=(409)
65 61097
fi=(297)
2051 122194
fi=(409)
65 61097
+1 244388
fi=(174)
2457 122194
fi=(297)
2051 122194
fi=(174)
2457 122194
fi=(297)
2051 122194
fi=(409)
72 61097
fi=(297)
2051 122194
fi=(409)
72 61097
+1 366582
fi=(174)
2457 122194
fi=(297)
2051 123554
fi=(409)
72 1360
+1 8160
fi=(174)
2457 2720
fi=(297)
2051 2720
fi=(174)
2457 1360
fi=(297)
2051 2720
fi=(409)
57 1360
fi=(297)
2051 5440
fi=(409)
55 1360
fi=(174)
2457 1360
fi=(297)
2051 2720
fi=(409)
57 1360
-2 2720
fi=(174)
2457 4080
fi=(409)
57 4080
fi=(174)
2457 1360
fi=(297)
2051 5440
fi=(409)
65 1360
fi=(297)
2051 2720
fi=(409)
65 1360
+1 6800
fi=(174)
2457 2720
fi=(297)
2051 2720
fi=(174)
2457 2720
fi=(297)
2051 2720
fi=(409)
72 1360
fi=(297)
2051 2720
fi=(409)
72 1360
+1 1360
fi=(174)
2457 61097
fi=(297)
2051 122194
fi=(409)
57 61097
fi=(297)
2051 244388
fi=(409)
55 61097
fi=(174)
2457 61097
fi=(297)
2051 122194
fi=(409)
57 61097
-2 122194
fi=(174)
2457 183291
fi=(409)
57 183291
fi=(174)
2457 61097
fi=(297)
2051 244388
fi=(409)
65 61097
fi=(297)
2051 122194
fi=(409)
65 61097
+1 305485
fi=(174)
2457 122194
fi=(297)
2051 122194
fi=(174)
2457 122194
fi=(297)
2051 122194
fi=(409)
72 61097
fi=(297)
2051 122194
fi=(409)
72 61097
+1 366582
fi=(174)
2457 183291
fi=(297)
2051 122194
fi=(409)
57 122194
+16 6800
fi=(174)
2457 4080
fi=(297)
2051 2720
fi=(409)
57 4080
fi=(297)
2051 4080
fi=(174)
2457 1360
fi=(297)
2051 2720
fi=(409)
65 1360
fi=(297)
2051 2720
fi=(409)
65 1360
+1 6800
fi=(174)
2457 5440
fi=(297)
2051 5440
fi=(409)
72 1360
fi=(297)
2051 2720
fi=(409)
72 1360
+1 8160
fi=(174)
2457 4080
fi=(297)
2051 5440
fi=(409)
57 1360
fi=(174)
2457 1360
fi=(409)
57 4080
fi=(174)
2457 1360
fi=(297)
2051 1360
fi=(409)
57 61097
fi=(297)
2051 183291
fi=(174)
2457 61097
fi=(297)
2051 122194
fi=(409)
65 61097
fi=(297)
2051 122194
fi=(409)
65 61097
+1 305485
fi=(174)
2457 244388
fi=(297)
2051 244388
fi=(409)
72 61097
fi=(297)
2051 122194
fi=(409)
72 61097
+1 366582
fi=(174)
2457 183291
fi=(297)
2051 244388
fi=(409)
57 61097
fi=(174)
2457 61097
fi=(409)
57 183291
fi=(174)
2457 61097
fi=(297)
2051 244388
fi=(409)
65 61097
fi=(297)
2051 122194
fi=(409)
65 61097
+1 244388
fi=(174)
2457 61097
fi=(297)
2051 4080
fi=(409)
65 1360
fi=(297)
2051 2720
fi=(409)
65 1360
+1 5440
fi=(174)
2457 2720
fi=(297)
2051 2720
fi=(174)
2457 2720
fi=(297)
2051 2720
fi=(409)
72 1360
fi=(297)
2051 2720
fi=(409)
72 1360
+1 8160
fi=(174)
2457 2720
fi=(297)
2051 2720
fi=(174)
2457 1360
fi=(297)
2051 2720
fi=(409)
57 1360
fi=(174)
2457 1360
fi=(409)
57 4080
fi=(297)
2051 4080
fi=(174)
2457 1360
fi=(297)
2051 2720
fi=(409)
65 1360
fi=(297)
2051 2720
fi=(409)
65 1360
+1 5440
fi=(174)
2457 5440
fi=(297)
2051 1360
fi=(174)
2457 61097
fi=(297)
2051 122194
fi=(174)
2457 122194
fi=(297)
2051 122194
fi=(409)
72 61097
fi=(297)
2051 122194
fi=(409)
72 61097
+1 366582
fi=(174)
2457 122194
fi=(297)
2051 122194
fi=(174)
2457 61097
fi=(297)
2051 122194
fi=(409)
57 61097
fi=(174)
2457 61097
fi=(409)
57 183291
fi=(297)
2051 183291
fi=(174)
2457 61097
fi=(297)
2051 122194
fi=(409)
65 61097
fi=(297)
2051 122194
fi=(409)
65 61097
+1 244388
fi=(174)
2457 244388
fi=(297)
2051 244388
fi=(409)
72 61097
fi=(297)
2051 122194
fi=(409)
72 61097
+1 305485
fi=(297)
2051 4080
fi=(409)
72 1360
fi=(297)
2051 2720
fi=(409)
72 1360
+1 8160
fi=(174)
2457 4080
fi=(297)
2051 5440
fi=(409)
57 1360
fi=(174)
2457 1360
fi=(409)
57 5440
fi=(174)
2457 1360
fi=(297)
2051 5440
fi=(409)
65 1360
fi=(297)
2051 2720
fi=(409)
65 1360
+1 5440
fi=(174)
2457 2720
fi=(297)
2051 2720
fi=(174)
2457 2720
fi=(297)
2051 2720
fi=(409)
72 1360
fi=(297)
2051 2720
fi=(409)
72 1360
+1 8160
fi=(174)
2457 2720
fi=(297)
2051 1360
fi=(409)
73 61097
fi=(174)
2457 183291
fi=(297)
2051 244388
fi=(409)
57 61097
fi=(174)
2457 61097
fi=(409)
57 244388
fi=(174)
2457 61097
fi=(297)
2051 244388
fi=(409)
65 61097
fi=(297)
2051 122194
fi=(409)
65 61097
+1 244388
fi=(174)
2457 122194
fi=(297)
2051 122194
fi=(174)
2457 122194
fi=(297)
2051 122194
fi=(409)
72 61097
fi=(297)
2051 122194
fi=(409)
72 61097
+1 366582
fi=(174)
2457 122194
fi=(297)
2051 122194
fi=(174)
2457 61097
fi=(297)
2051 122194
fi=(409)
57 122194
fi=(174)
2457 61097
fi=(409)
57 183291
fi=(297)
2051 123554
fi=(174)
2457 1360
fi=(297)
2051 2720
fi=(409)
57 2720
fi=(174)
2457 1360
fi=(409)
57 4080
fi=(297)
2051 4080
fi=(174)
2457 1360
fi=(297)
2051 2720
fi=(409)
65 1360
fi=(297)
2051 2720
fi=(409)
65 1360
+1 5440
fi=(174)
2457 5440
fi=(297)
2051 5440
fi=(409)
72 1360
fi=(297)
2051 2720
fi=(409)
72 1360
+1 8160
fi=(174)
2457 4080
fi=(297)
2051 5440
fi=(409)
57 1360
fi=(174)
2457 1360
fi=(409)
57 5440
fi=(174)
2457 1360
fi=(297)
2051 66537
fi=(174)
2457 61097
fi=(297)
2051 122194
fi=(409)
65 61097
fi=(297)
2051 122194
fi=(409)
65 61097
+1 244388
fi=(174)
2457 244388
fi=(297)
2051 244388
fi=(409)
72 61097
fi=(297)
2051 122194
fi=(409)
72 61097
+1 366582
fi=(174)
2457 183291
fi=(297)
2051 244388
fi=(409)
57 61097
fi=(174)
2457 61097
fi=(409)
57 244388
fi=(174)
2457 61097
fi=(297)
2051 244388
fi=(409)
65 61097
fi=(297)
2051 122194
fi=(409)
65 61097
+1 244388
fi=(174)
2457 122194
fi=(297)
2051 122194
fi=(409)
65 1360
fi=(297)
2051 2720
fi=(409)
65 1360
+1 5440
fi=(174)
2457 2720
fi=(297)
2051 2720
fi=(174)
2457 2720
fi=(297)
2051 2720
fi=(409)
72 1360
fi=(297)
2051 2720
fi=(409)
72 1360
+1 8160
fi=(174)
2457 2720
fi=(297)
2051 2720
fi=(174)
2457 1360
fi=(297)
2051 2720
fi=(409)
57 1360
fi=(174)
2457 1360
fi=(409)
57 4080
fi=(297)
2051 4080
fi=(174)
2457 1360
fi=(297)
2051 2720
fi=(409)
65 1360
fi=(297)
2051 2720
fi=(409)
65 1360
+1 5440
fi=(174)
2457 5440
fi=(297)
2051 5440
fi=(174)
2457 122194
fi=(297)
2051 122194
fi=(409)
72 61097
fi=(297)
2051 122194
fi=(409)
72 61097
+1 366582
fi=(174)
2457 122194
fi=(297)
2051 122194
fi=(174)
2457 61097
fi=(297)
2051 122194
fi=(409)
57 61097
fi=(174)
2457 61097
fi=(409)
57 183291
fi=(297)
2051 183291
fi=(174)
2457 61097
fi=(297)
2051 122194
fi=(409)
65 61097
fi=(297)
2051 122194
fi=(409)
65 61097
+1 244388
fi=(174)
2457 244388
fi=(297)
2051 244388
fi=(409)
72 61097
fi=(297)
2051 122194
fi=(409)
72 61097
+1 366582
fi=(174)
2457 122194
fi=(409)
72 1360
fi=(297)
2051 2720
fi=(409)
72 1360
+1 8160
fi=(174)
2457 4080
fi=(297)
2051 5440
fi=(409)
57 2720
fi=(174)
2457 2720
fi=(409)
57 5440
fi=(174)
2457 1360
fi=(297)
2051 5440
fi=(409)
65 1360
fi=(297)
2051 2720
fi=(409)
65 1360
+1 5440
fi=(174)
2457 2720
fi=(297)
2051 2720
fi=(174)
2457 2720
fi=(297)
2051 2720
fi=(409)
72 1360
fi=(297)
2051 2720
fi=(409)
72 1360
+1 8160
fi=(174)
2457 2720
fi=(297)
2051 2720
fi=(174)
2457 61097
fi=(297)
2051 244388
fi=(409)
57 122194
fi=(174)
2457 122194
fi=(409)
57 244388
fi=(174)
2457 61097
fi=(297)
2051 244388
fi=(409)
65 61097
fi=(297)
2051 122194
fi=(409)
65 61097
+1 244388
fi=(174)
2457 122194
fi=(297)
2051 122194
fi=(174)
2457 122194
fi=(297)
2051 122194
fi=(409)
72 61097
fi=(297)
2051 122194
fi=(409)
72 61097
+1 366582
fi=(174)
2457 122194
fi=(297)
2051 122194
fi=(174)
2457 61097
fi=(297)
2051 122194
fi=(409)
57 122194
fi=(174)
2457 122194
fi=(409)
57 183291
fi=(297)
2051 122194
fi=(174)
2457 1360
fi=(297)
2051 2720
fi=(409)
57 2720
fi=(174)
2457 2720
fi=(409)
57 4080
fi=(297)
2051 4080
fi=(174)
2457 1360
fi=(297)
2051 2720
fi=(409)
65 1360
fi=(297)
2051 2720
fi=(409)
65 1360
+1 5440
fi=(174)
2457 5440
fi=(297)
2051 5440
fi=(409)
72 1360
fi=(297)
2051 2720
fi=(409)
72 1360
+1 8160
fi=(174)
2457 5440
fi=(297)
2051 5440
fi=(409)
57 4080
fi=(297)
2051 4080
fi=(174)
2457 1360
fi=(297)
2051 2720
fi=(409)
65 1360
fi=(297)
2051 61097
fi=(174)
2457 61097
fi=(297)
2051 122194
fi=(409)
65 61097
fi=(297)
2051 122194
fi=(409)
65 61097
+1 244388
fi=(174)
2457 244388
fi=(297)
2051 244388
fi=(409)
72 61097
fi=(297)
2051 122194
fi=(409)
72 61097
+1 366582
fi=(174)
2457 244388
fi=(297)
2051 244388
fi=(409)
57 183291
fi=(297)
2051 183291
fi=(174)
2457 61097
fi=(297)
2051 122194
fi=(409)
65 61097
fi=(297)
2051 122194
fi=(409)
65 61097
+1 244388
fi=(174)
2457 244388
fi=(297)
2051 63817
fi=(409)
65 1360
+1 5440
fi=(174)
2457 5440
fi=(297)
2051 5440
fi=(409)
72 1360
fi=(297)
2051 2720
fi=(409)
72 1360
+1 8160
fi=(174)
2457 5440
fi=(297)
2051 5440
fi=(409)
57 4080
fi=(297)
2051 4080
fi=(174)
2457 1360
fi=(297)
2051 2720
fi=(409)
65 1360
fi=(297)
2051 2720
fi=(409)
65 1360
+1 5440
fi=(174)
2457 5440
fi=(297)
2051 5440
fi=(409)
72 1360
fi=(297)
2051 184651
fi=(409)
72 61097
fi=(297)
2051 122194
fi=(409)
72 61097
+1 366582
fi=(174)
2457 244388
fi=(297)
2051 244388
fi=(409)
57 183291
fi=(297)
2051 183291
fi=(174)
2457 61097
fi=(297)
2051 122194
fi=(409)
65 61097
fi=(297)
2051 122194
fi=(409)
65 61097
+1 244388
fi=(174)
2457 244388
fi=(297)
2051 244388
fi=(409)
72 61097
fi=(297)
2051 122194
fi=(409)
72 61097
+1 366582
fi=(174)
2457 244388
fi=(297)
2051 1360
fi=(409)
72 1360
+1 8160
fi=(174)
2457 5440
fi=(297)
2051 5440
fi=(409)
57 4080
fi=(297)
2051 4080
fi=(174)
2457 1360
fi=(297)
2051 2720
fi=(409)
65 1360
fi=(297)
2051 2720
fi=(409)
65 1360
+1 5440
fi=(174)
2457 5440
fi=(297)
2051 5440
fi=(409)
72 1360
fi=(297)
2051 2720
fi=(409)
72 1360
+1 8160
fi=(174)
2457 5440
fi=(297)
2051 5440
fi=(409)
57 1360
fi=(297)
2051 244388
fi=(409)
57 183291
fi=(297)
2051 183291
fi=(174)
2457 61097
fi=(297)
2051 122194
fi=(409)
65 61097
fi=(297)
2051 122194
fi=(409)
65 61097
+1 244388
fi=(174)
2457 244388
fi=(297)
2051 244388
fi=(409)
72 61097
fi=(297)
2051 122194
fi=(409)
72 61097
+1 366582
fi=(174)
2457 244388
fi=(297)
2051 244388
fi=(409)
57 183291
fi=(297)
2051 244388
fi=(409)
65 61097
fi=(297)
2051 122194
fi=(409)
65 122194
fi=(174)
2457 61097
fi=(409)
57 2720
fi=(297)
2051 5440
fi=(409)
65 1360
fi=(297)
2051 2720
fi=(409)
65 2720
fi=(174)
2457 2720
fi=(409)
66 5440
fi=(174)
2457 4080
fi=(297)
2051 5440
fi=(409)
72 1360
fi=(297)
2051 2720
fi=(409)
72 1360
+1 8160
fi=(174)
2457 5440
fi=(297)
2051 5440
fi=(409)
57 4080
fi=(297)
2051 5440
fi=(409)
65 1360
fi=(297)
2051 2720
fi=(409)
65 2720
fi=(174)
2457 2720
fi=(409)
66 5440
fi=(174)
2457 61097
fi=(409)
66 244388
fi=(174)
2457 183291
fi=(297)
2051 244388
fi=(409)
72 61097
fi=(297)
2051 122194
fi=(409)
72 61097
+1 366582
fi=(174)
2457 244388
fi=(297)
2051 244388
fi=(409)
57 183291
fi=(297)
2051 244388
fi=(409)
65 61097
fi=(297)
2051 122194
fi=(409)
65 122194
fi=(174)
2457 122194
fi=(409)
66 244388
fi=(174)
2457 183291
fi=(297)
2051 244388
fi=(409)
72 61097
fi=(297)
2051 122194
fi=(409)
72 61097
+1 61097
fi=(174)
2457 4080
fi=(297)
2051 5440
fi=(409)
72 1360
fi=(297)
2051 2720
fi=(409)
72 1360
+1 8160
fi=(174)
2457 19040
fi=(180)
1720 4080
fi=(271)
180 1360
fi=(409)
73 305485
fi=(174)
2457 855358
fi=(180)
1720 183291
fi=(271)
180 61097
0 10880
fi=(409)
86 1360
fe=(408)
+2 10880

fl=(454)
fn=(6106) litchi_pptx::opened::model::feed_relationships
1138 976
fi=(403) /rustc/59807616e1fa2540724bfbac14d7976d7e4a3860/library/core/src/convert/num.rs
297 366
fe=(454)
0 488
fi=(411)
237 366
-64 122
fi=(233)
547 122
fi=(477) /home/zhuhe/.cargo/registry/src/index.crates.io-1949cf8c6b5b557f/block-buffer-0.12.1/src/sealed.rs
56 122
fi=(233)
1917 122
fi=(180)
1720 122
fi=(271)
180 129
0 460
fi=(233)
547 229
fi=(477)
56 229
fi=(411)
-56 229
fi=(180)
1720 458
fi=(271)
180 229
fe=(454)
1146 232
fi=(252)
612 232
fi=(253)
1815 232
fe=(454)
1146 464
cfn=(6094) litchi_pptx::opened::model::feed
calls=232 +8 
* 108076
fi=(252)
612 232
fi=(253)
1815 232
fe=(454)
1147 464
cfn=(6094)
calls=232 +7 
* 1257602
fi=(252)
612 232
fi=(253)
1815 232
fe=(454)
1148 464
cfn=(6094)
calls=232 +6 
* 212706
fi=(300)
14 464
fi=(411)
237 464
-64 232
-9 6
fi=(239)
961 3
fi=(233)
547 6
cob=(2)
cfi=(211)
cfn=(720)
calls=3 255 
* 48
fi=(412)
39 3
+2 12
cfi=(408)
cfn=(3472)
calls=3 +45 
* 10104
fi=(233)
1917 6
fi=(411)
0 3
fi=(180)
1720 6
fi=(271)
180 3
0 122
fe=(454)
1151 122
+1 976

fn=(6130) litchi_pptx::opened::model::PartDigests::with_capacity
361 10
fi=(302) /rustc/59807616e1fa2540724bfbac14d7976d7e4a3860/library/std/src/sys/thread_local/native/mod.rs
105 2
fi=(417) /rustc/59807616e1fa2540724bfbac14d7976d7e4a3860/library/std/src/sys/thread_local/native/lazy.rs
-46 4
fi=(303)
555 4
fi=(174)
2457 2
fi=(175)
902 2
fi=(313)
363 12
fi=(304)
980 4
fe=(454)
369 18
+1 10
0 4
fi=(304)
983 4
cfn=(1312)
calls=2 +16 
* 1950
0 2
fi=(244)
966 4
fe=(454)

fn=(6052) litchi_pptx::opened::model::package_fingerprint_with_memo
911 10
fi=(253)
464 3
fi=(304)
1365 1
fi=(252)
765 1
-42 1
fi=(476) /home/zhuhe/.cargo/registry/src/index.crates.io-1949cf8c6b5b557f/digest-0.11.3/src/buffer_macros/fixed.rs
241 6
fe=(454)
925 4
cfn=(6094)
calls=1 1154 
* 50
fi=(253)
464 4
fi=(304)
1365 1
fi=(252)
765 1
-42 1
0 2
fe=(454)
935 2
cfn=(6106)
calls=1 1138 
* 20899
fi=(244)
2173 2
0 1
fi=(253)
1815 1
fi=(403)
297 3
fe=(454)
991 1
cob=(2)
cfi=(155)
cfn=(762)
calls=1 3319 
* 33
* 8
0 1
938 4
cfn=(6094)
calls=1 1154 
* 3458
fi=(174)
3928 3
fe=(454)
939 2
cfn=(6094)
calls=1 1154 
* 54
0 2
940 5
0 1
fi=(180)
1720 1
fi=(271)
180 1
fe=(454)
0 1
fi=(403)
297 3
fe=(454)
946 4
cfn=(6094)
calls=1 1154 
* 54
0 1
fi=(411)
237 2
-64 1
fi=(233)
547 1
fi=(477)
56 1
fi=(233)
1917 1
fi=(411)
294 1
fi=(253)
2997 3
fe=(454)
948 1
cfn=(6130)
calls=1 361 
* 587
fi=(244)
2173 5
+1 3
fe=(454)
948 3
+3 4
fi=(180)
1720 1
fi=(267) /rustc/59807616e1fa2540724bfbac14d7976d7e4a3860/library/alloc/src/vec/into_iter.rs
223 1
0 8
fi=(233)
547 1200
fi=(477)
56 60
fi=(233)
1917 60
0 120
fi=(180)
1720 60
fi=(267)
223 60
fi=(233)
0 122
fi=(180)
1720 61
fi=(267)
223 61
fi=(233)
1717 363
fi=(299)
704 121
cfn=(5082)
calls=121 -97 
* 242
fe=(454)
952 484
cfi=(280)
cfn=(1692)
calls=121 1508 
* 45318
fi=(244)
2173 121
0 242
2173 242
fe=(454)
953 121
512 242
cfi=(299)
cfn=(5898) <litchi_opc::part::XmlPart as litchi_opc::part::Part>::blob_arc
calls=121 627 
* 1452
* 242
+1 242
cfi=(336)
cfn=(5168)
calls=121 339 
* 1210
0 121
514 242
0 121
fi=(252)
612 121
fi=(233)
2420 121
fe=(454)
514 121
fi=(476)
241 847
fe=(454)
1005 484
cfn=(6094)
calls=121 1154 
* 6050
+1 242
cfi=(299)
cfn=(5082)
calls=121 607 
* 242
fi=(252)
612 121
fi=(253)
1815 121
fe=(454)
1006 242
cfn=(6094)
calls=121 1154 
* 390638
+1 242
cfi=(252)
cfn=(5008)
calls=121 612 
* 363
* 363
cfn=(6094)
calls=121 1154 
* 434807
fi=(411)
237 121
fi=(239)
961 242
fi=(411)
237 121
-64 121
fi=(233)
547 420
fi=(477)
56 105
fi=(233)
1917 105
fi=(411)
294 105
0 32
fi=(233)
547 64
cob=(2)
cfi=(211)
cfn=(720)
calls=16 255 
* 208
fi=(412)
39 16
+2 80
cfi=(408)
cfn=(3472)
calls=16 +45 
* 53888
fi=(292)
2053 16
fi=(262)
863 32
fi=(410) /home/zhuhe/.cargo/registry/src/index.crates.io-1949cf8c6b5b557f/hybrid-array-0.4.15/src/lib.rs
338 48
fi=(262)
863 16
fi=(233)
1917 16
547 48
cob=(2)
cfi=(211)
cfn=(720)
calls=16 255 
* 208
fi=(253)
-83 363
fe=(454)
1011 484
cfi=(299)
cfn=(5060)
calls=121 660 
* 242
fi=(304)
1365 242
fi=(252)
765 121
-42 121
fe=(454)
1016 242
cfi=(299)
cfn=(5060)
calls=121 660 
* 242
fi=(304)
2210 121
3851 242
fi=(313)
639 456
fi=(262)
863 456
fi=(253)
0 1832
fi=(233)
1917 229
fi=(253)
3980 229
2168 458
fi=(304)
3851 458
0 229
fi=(315)
50 458
-50 7
fi=(311)
1320 7
fi=(239)
1072 7
fi=(262)
863 7
fi=(315)
113 14
-63 7
fi=(253)
3971 458
fi=(252)
612 114
fi=(319)
34 114
fi=(297)
434 114
0 345
fe=(454)
1018 28
cfn=(6106)
calls=7 1138 
* 245
* 456
cfn=(6106)
calls=114 1138 
* 1577605
fi=(244)
2173 363
fe=(454)
1019 1815
fi=(407) /home/zhuhe/.cargo/registry/src/index.crates.io-1949cf8c6b5b557f/digest-0.11.3/src/digest.rs
88 363
cfi=(478)
cfn=(6138)
calls=121 +14 
* 761321
fi=(410)
763 847
fi=(252)
632 242
fi=(243)
48 342
cob=(2)
cfi=(155)
cfn=(762)
calls=114 3319 
* 3762
* 114
fi=(244)
2174 456
fe=(454)
986 798
fi=(411)
237 114
fi=(239)
961 228
fi=(411)
237 114
-64 114
fi=(244)
2174 28
fe=(454)
986 49
fi=(411)
237 7
fi=(239)
961 14
fi=(411)
237 7
-64 7
0 122
fi=(233)
547 244
cob=(2)
cfi=(211)
cfn=(720)
calls=61 255 
* 732
fi=(412)
39 61
+2 305
cfi=(408)
cfn=(3472)
calls=61 +45 
* 205448
fi=(292)
2053 61
fi=(262)
863 122
fi=(410)
338 183
fi=(262)
863 61
fi=(233)
1917 61
547 183
cob=(2)
cfi=(211)
cfn=(720)
calls=61 255 
* 793
* 61
0 121
fe=(454)
954 363
fi=(265)
1545 121
fi=(476)
241 847
fe=(454)
996 605
cfn=(6094)
calls=121 1154 
* 6050
+1 484
cfn=(6094)
calls=121 1154 
* 203850803
+1 1694
fi=(407)
88 363
cfi=(478)
cfn=(6138)
calls=121 +14 
* 429088
* 121
fi=(252)
798 798
cfn=(1182)
calls=114 542 
* 8450
fi=(244)
2173 228
+1 114
fi=(252)
774 114
+1 228
fe=(454)
975 847
cfn=(6146) litchi_pptx::opened::model::PartDigests::insert
calls=121 416 
* 36929
fi=(244)
2173 242
fi=(319)
50 2
fi=(297)
434 2
fi=(319)
51 4
cfi=(320) /rustc/59807616e1fa2540724bfbac14d7976d7e4a3860/library/core/src/slice/sort/shared/smallsort.rs
cfn=(2588) core::slice::sort::shared::smallsort::insertion_sort_shift_left
calls=1 599 
* 1635
* 2
+4 5
cfn=(1854)
calls=1 +59 
* 32626
* 2
fi=(293)
-55 1
fi=(252)
798 6
cfn=(1182)
calls=1 542 
* 415
fi=(244)
2173 2
fi=(252)
0 1
798 6
cfn=(1182)
calls=1 542 
* 427
fi=(244)
2173 2
fi=(252)
632 2
0 1
fi=(243)
48 1
cob=(2)
cfi=(155)
cfn=(762)
calls=1 3319 
* 124
fe=(454)
990 16
fi=(407)
88 1
cfi=(478)
cfn=(6138)
calls=1 +14 
* 3491
fi=(410)
763 4
fe=(454)
990 13
fi=(252)
632 2
fe=(454)
991 2
0 1
fi=(244)
2174 1
fi=(252)
774 1
+1 2
fi=(304)
2479 1
fi=(311)
1320 1
fi=(262)
863 1
fi=(338)
69 5
fi=(253)
-69 363
fi=(239)
961 363
fi=(233)
1917 121
fi=(253)
3980 121
2168 242
fi=(304)
3851 242
0 121
fi=(315)
50 242
-50 15
fi=(311)
1320 15
fi=(239)
1072 15
fi=(262)
863 15
fi=(315)
113 30
-63 15
fi=(314)
641 121
fi=(239)
1072 242
fi=(323)
310 242
fi=(253)
3971 242
fi=(252)
0 1
fi=(319)
34 2
fi=(297)
434 1
fe=(454)
923 1
fi=(319)
50 1
fi=(297)
434 1
fi=(319)
0 2
fi=(244)
2174 1
fi=(252)
774 1
+1 2
fi=(304)
2479 1
fi=(311)
1320 1
fi=(313)
639 2
fi=(262)
863 4
0 24
fi=(233)
1917 3
fi=(253)
3980 3
2168 6
fi=(304)
3851 6
0 3
fi=(315)
50 6
fi=(253)
3971 6
fi=(252)
612 1
fi=(319)
34 1
fi=(297)
434 1
0 3
fi=(252)
0 1
fi=(319)
50 1
fi=(297)
434 1
fi=(319)
51 3
cfi=(320)
cfn=(2588)
calls=1 599 
* 106
* 2
+4 2
cfn=(1854)
calls=1 +59 
* 55302
* 3
fe=(454)

fn=(6094)
1154 14355
fi=(411)
237 2610
-64 1305
fi=(233)
547 1150
fi=(477)
56 1150
fi=(233)
1917 1150
fi=(411)
294 1150
0 310
fi=(476)
203 155
fi=(239)
961 310
fi=(233)
547 310
cob=(2)
cfi=(211)
cfn=(720)
calls=155 255 
* 2479
fi=(412)
39 155
+2 620
cfi=(408)
cfn=(3472)
calls=155 +45 
* 522040
fi=(292)
2053 310
fi=(410)
338 155
fi=(262)
863 310
fi=(233)
1917 155
547 465
cob=(2)
cfi=(211)
cfn=(720)
calls=155 255 
* 2351
fi=(411)
237 155
fi=(477)
46 310
fi=(411)
164 155
fi=(477)
62 310
fi=(411)
173 155
fi=(477)
46 2300
fi=(411)
164 1150
fi=(477)
62 2300
fi=(411)
173 1150
0 666
fi=(239)
961 666
fi=(233)
547 1998
cob=(2)
cfi=(211)
cfn=(720)
calls=666 255 
* 8333
fi=(477)
56 666
fi=(233)
1917 666
fe=(454)
1157 5328
fi=(476)
0 639
fi=(411)
184 1278
fi=(239)
961 638
fi=(233)
547 1914
cob=(2)
cfi=(211)
cfn=(720)
calls=638 255 
* 7536
fi=(412)
39 638
+2 2552
cfi=(408)
cfn=(3472)
calls=638 +45 
* 2148784
fi=(262)
863 638
fi=(233)
1917 638
fi=(411)
184 638
0 1
fi=(410)
337 3
+1 1
+1 1
fi=(262)
863 1
fi=(411)
204 2
fi=(410)
337 1914
+1 638
+1 638
fi=(262)
863 638
fi=(411)
204 1276
fi=(412)
39 142
+2 426
cfi=(408)
cfn=(3472)
calls=142 +45 
* 203503587
fi=(233)
1917 639
547 7029
cob=(2)
cfi=(211)
cfn=(720)
calls=639 255 
* 8216
fe=(454)

fn=(6146)
416 2420
fi=(304)
980 726
0 242
fe=(454)
423 1210
fi=(310)
258 1210
cfi=(308)
cfn=(1296)
calls=242 694 
* 51788
* 242
fi=(297)
457 484
fi=(304)
1179 484
fi=(324)
48 2420
fi=(304)
-48 242
fi=(233)
547 242
fi=(311)
1563 726
fi=(315)
50 484
fi=(314)
641 2
fi=(304)
1863 4
fi=(239)
1072 4
fi=(236)
1878 2
fi=(297)
434 2
fi=(314)
+65 2
fi=(315)
50 6
-50 2
fi=(325)
433 2
fi=(297)
+1 2
fi=(325)
-1 240
fi=(297)
+1 240
fi=(311)
1563 242
fi=(315)
50 484
fi=(314)
641 242
fi=(304)
1793 484
fi=(311)
1563 484
fi=(297)
434 484
fi=(304)
2687 242
fi=(297)
457 484
fi=(324)
30 242
fi=(174)
2494 242
fi=(304)
2631 242
+3 242
+1 242
2499 1452
fi=(239)
1072 484
fi=(233)
1917 1936
fe=(454)
424 242
+1 1936

fn=(5264)
730 14
fi=(447) /home/zhuhe/code/litchi/crates/litchi-pptx/src/parts/presentation.rs
53 1
cfi=(280)
cfn=(5128) litchi_opc::package::OpcPackage::main_document_part
calls=1 1477 
* 4733
-53 1
fi=(244)
2173 1
0 1
2173 1
0 1
2173 2
0 1
fi=(447)
54 2
cfn=(5164) litchi_pptx::parts::presentation::PresentationPart::from_part
calls=1 +8 
* 10400
fi=(244)
2173 1
0 2
2173 2
fe=(454)
738 2
+1 2
cfi=(299)
cfn=(5082)
calls=1 607 
* 2
0 2
fi=(260)
2352 1
fi=(252)
459 2
0 4
fi=(260)
2352 1
fi=(243)
14 2
cob=(2)
cfi=(155)
cfn=(650)
calls=1 3283 
* 30
fi=(252)
468 2
fi=(256)
0 1
fi=(233)
547 4
cob=(2)
cfi=(211)
cfn=(720)
calls=1 255 
* 11
* 5
fi=(283)
16 7
fe=(454)
740 1
cfi=(447)
cfn=(5278) litchi_pptx::parts::presentation::PresentationPart::slide_references
calls=1 119 
* 1310382
fi=(244)
2173 4
0 1
2174 2
fe=(454)
740 2
+1 3
fi=(298)
0 1
fi=(458) /home/zhuhe/code/litchi/crates/litchi-pptx/src/presentation/model.rs
37 5
fe=(454)
748 2
fi=(339)
226 8
fi=(461) /home/zhuhe/code/litchi/crates/litchi-pptx/src/presentation/package.rs
71 1
cfi=(458)
cfn=(5454) litchi_pptx::presentation::model::Presentation::catalog
calls=1 -17 
* 1299215
fi=(244)
2173 3
+1 2
fi=(253)
464 3
fi=(252)
765 1
-42 1
fi=(461)
131 4
+1 9
fi=(244)
2173 3
fe=(454)
877 8
fi=(244)
2174 12
fe=(454)
749 14
+1 2
fi=(253)
464 5
fi=(252)
765 1
-42 1
fi=(281)
71 1
cfi=(468) /rustc/59807616e1fa2540724bfbac14d7976d7e4a3860/library/std/src/thread/local.rs
cfn=(5650) std::thread::local::LocalKey<T>::with
calls=1 473 
* 11
fi=(469) /rustc/59807616e1fa2540724bfbac14d7976d7e4a3860/library/std/src/collections/hash/set.rs
1247 6
fi=(281)
71 1
cfi=(468)
cfn=(5650)
calls=1 473 
* 11
-71 1
fi=(469)
1247 6
fi=(281)
71 1
cfi=(468)
cfn=(5650)
calls=1 473 
* 11
fe=(454)
-71 1
fi=(469)
1247 6
fe=(454)
765 10
fi=(252)
612 1
fi=(239)
961 4
fe=(454)
767 3
fi=(239)
961 3
fe=(454)
766 5
fi=(340) /rustc/59807616e1fa2540724bfbac14d7976d7e4a3860/library/core/src/iter/adapters/zip.rs
155 3
fe=(454)
767 6
fi=(252)
-2 1
fi=(271)
180 11
0 1
fi=(180)
659 2
1720 1
fi=(267)
223 1
fi=(271)
0 99
fi=(180)
659 198
1720 99
fi=(267)
223 99
fi=(180)
659 200
fi=(233)
1717 200
fi=(265)
2766 200
+1 900
fi=(253)
1034 200
fe=(454)
771 300
cfi=(299)
cfn=(5060)
calls=100 660 
* 200
0 100
fi=(310)
1309 200
0 100
fe=(454)
772 200
fi=(310)
258 500
cfi=(308)
cfn=(1296)
calls=100 694 
* 16660
fi=(324)
48 300
fi=(304)
2492 600
0 100
fi=(233)
547 100
fi=(311)
1563 300
fi=(315)
50 200
fi=(304)
-50 2
fi=(233)
547 2
fi=(311)
1563 6
fi=(315)
50 4
-50 600
fi=(314)
641 100
fi=(304)
2073 200
fi=(239)
1072 300
fi=(264)
20 200
fi=(315)
-20 1
fi=(314)
641 1
fi=(304)
2073 2
fi=(239)
1072 3
fi=(264)
20 2
fi=(304)
1236 303
fi=(264)
154 101
cob=(2)
cfi=(290)
cfn=(1082)
calls=101 -81 
* 2018
* 101
fi=(297)
434 101
0 1
fi=(314)
499 1
fi=(315)
50 8
fi=(311)
1563 6
fi=(297)
434 4
fi=(304)
91 4
-1 2
2053 2
fe=(454)
774 200
fi=(252)
612 100
fi=(253)
1815 400
fi=(264)
20 200
154 400
cob=(2)
cfi=(290)
cfn=(1082)
calls=100 -81 
* 2900
* 100
fi=(339)
470 100
fe=(454)
0 100
781 300
cfi=(300)
cfn=(5142)
calls=100 205 
* 491742
fi=(244)
2173 500
+1 700
fe=(454)
782 100
cfi=(299)
cfn=(5082)
calls=100 607 
* 200
fi=(283)
16 300
cfi=(260)
cfn=(1198)
calls=100 2351 
* 7759
* 400
fi=(264)
+4 200
fi=(252)
612 200
fi=(264)
154 200
cob=(2)
cfi=(290)
cfn=(1082)
calls=100 -81 
* 1936
* 100
fe=(454)
783 100
0 100
788 100
fi=(457) /rust/deps/hashbrown-0.16.1/src/set.rs
1093 200
cfi=(310)
cfn=(1502)
calls=100 1841 
* 36112
fe=(454)
788 200
0 100
789 200
fi=(297)
457 100
fi=(252)
+2 100
0 200
fi=(298)
95 300
cfi=(164)
cfn=(1762)
calls=100 -95 
* 17555
fi=(252)
468 200
0 100
fi=(233)
547 400
cob=(2)
cfi=(211)
cfn=(720)
calls=100 255 
* 1500
* 100
fi=(260)
1014 400
fi=(457)
+79 300
cfi=(310)
cfn=(1502)
calls=100 1841 
* 50485
* 100
fe=(454)
789 200
fi=(283)
16 300
cfi=(260)
cfn=(1198)
calls=100 2351 
* 23189
* 400
fi=(457)
1093 300
cfi=(310)
cfn=(1502)
calls=100 1841 
* 68058
fe=(454)
790 200
+6 300
+17 200
fi=(297)
457 100
0 100
fi=(252)
459 100
0 100
fi=(298)
95 300
cfi=(164)
cfn=(1762)
calls=100 -95 
* 18208
fi=(252)
468 200
fi=(233)
+79 500
cob=(2)
cfi=(211)
cfn=(720)
calls=100 255 
* 1500
fi=(256)
-95 100
fe=(454)
815 500
-4 1200
fi=(253)
1028 400
fi=(252)
0 100
fi=(239)
961 200
fi=(233)
1917 1200
fi=(253)
1034 100
fi=(252)
632 200
0 100
fi=(243)
48 100
cob=(2)
cfi=(155)
cfn=(762)
calls=100 3319 
* 3645
* 100
-48 600
fi=(180)
1720 200
fi=(271)
180 100
0 5
180 1
fi=(243)
0 2
fi=(271)
185 1
fi=(267)
+42 1
fi=(378) /rustc/59807616e1fa2540724bfbac14d7976d7e4a3860/library/core/src/iter/adapters/enumerate.rs
82 2
fe=(454)
817 1
cfi=(233)
cfn=(5668) core::ptr::drop_in_place<core::iter::adapters::enumerate::Enumerate<core::iter::adapters::zip::Zip<core::slice::iter::Iter<litchi_pptx::parts::presentation::SlideReference>,alloc::vec::into_iter::IntoIter<litchi_pptx::presentation::package::CaptureSlide>>>>
calls=1 -12 
* 147
fi=(265)
-72 4
fe=(454)
0 3
fi=(252)
798 6
cfn=(1182)
calls=1 542 
* 520
fi=(244)
2173 2
fe=(454)
0 5
819 6
cfi=(470)
cfn=(5674)
calls=1 317 
* 3513725
fi=(244)
2173 1
0 3
2173 1
0 8
2173 3
+1 1
fe=(454)
0 1
fi=(244)
2174 2
cob=(2)
cfi=(211)
cfn=(720)
calls=1 255 
* 65
fe=(454)
0 13
827 2
cfn=(5984) litchi_pptx::opened::model::SlideNameIndex::build
calls=1 230 
* 78695
fi=(244)
2173 3
+1 3
fe=(454)
827 6
+4 2
cfi=(280)
cfn=(1612) <litchi_opc::package::OpcPackage as core::clone::Clone>::clone
calls=1 381 
* 549170
fi=(337)
422 7
cob=(2)
cfi=(211)
cfn=(720)
calls=1 255 
* 101
fi=(245)
286 2
cfn=(1476)
calls=1 -39 
* 179
0 2
289 3
cob=(2)
cfi=(211)
cfn=(720)
calls=1 -34 
* 101
fi=(337)
+21 2
fe=(454)
832 3
fi=(252)
0 1
798 6
cfn=(1182)
calls=1 542 
* 235
fi=(244)
2173 2
fi=(337)
2422 5
fe=(454)
850 2
cfn=(6052)
calls=1 +61 
* 207971305
fi=(244)
0 1
2173 2
+1 7
fe=(454)
0 7
fi=(244)
2174 2
fi=(252)
774 1
+1 2
fe=(454)
+57 8
+21 1
cfi=(339)
cfn=(6184)
calls=1 296 
* 48
0 2
fi=(265)
745 2
fe=(454)
853 2
fi=(265)
745 5
fe=(454)
859 1
cfi=(470)
cfn=(6192)
calls=1 143 
* 43875
fi=(244)
2173 3
+1 4
fi=(337)
422 1
fe=(454)
859 2
fi=(337)
422 2
fi=(245)
286 2
cfn=(1476)
calls=1 -39 
* 387
0 1
289 6
fi=(337)
+21 2
fi=(233)
805 3
0 1
fi=(243)
48 1
cob=(2)
cfi=(155)
cfn=(762)
calls=1 3319 
* 124
fe=(454)
865 1
+2 4
+1 6
fi=(245)
286 2
cfn=(1476)
calls=1 -39 
* 448
0 1
289 3
fi=(337)
+21 1
fe=(454)
873 6
fi=(337)
422 2
fi=(245)
286 2
cfn=(1476)
calls=1 -39 
* 179
+3 8
fe=(454)
864 35
fi=(233)
-59 3
0 1
805 1
cfn=(6222) core::ptr::drop_in_place<litchi_pptx::notes::transaction::Snapshot>
calls=1 * 
* 109260
* 2
0 1
fe=(454)
877 1
cfi=(233)
cfn=(6242) core::ptr::drop_in_place<std::collections::hash::set::HashSet<litchi_opc::packuri::PackURI>>
calls=1 -72 
* 16175
* 2
cfi=(233)
cfn=(4460) core::ptr::drop_in_place<std::collections::hash::set::HashSet<alloc::string::String>>
calls=1 -72 
* 18117
* 3
cfi=(304)
cfn=(5446) core::ptr::drop_in_place<std::collections::hash::set::HashSet<u32>>
calls=1 2312 
* 42
* 2
cfi=(233)
cfn=(6254) core::ptr::drop_in_place<litchi_pptx::presentation::model::Presentation>
calls=1 -72 
* 16554
0 1
877 1
cfi=(233)
cfn=(6262) core::ptr::drop_in_place<alloc::vec::Vec<litchi_pptx::parts::presentation::SlideReference>>
calls=1 -72 
* 16696
* 1
fi=(233)
0 5
fi=(244)
2174 1
fi=(252)
774 1
+1 2
+23 7
cfn=(1182)
calls=1 542 
* 318
fi=(244)
2173 4
+1 1
fi=(464) /rustc/59807616e1fa2540724bfbac14d7976d7e4a3860/library/core/src/bool.rs
37 5
fi=(461)
+45 3
fi=(239)
961 13
fi=(461)
88 2
+1 1
cfi=(299)
cfn=(5060)
calls=1 660 
* 2
-1 198
+1 99
cfi=(299)
cfn=(5060)
calls=99 660 
* 198
-89 200
90 200
fi=(310)
1309 200
fi=(461)
0 500
fi=(310)
258 500
cfi=(308)
cfn=(1296)
calls=100 694 
* 16660
fi=(324)
48 300
fi=(304)
2492 600
0 100
fi=(233)
547 100
fi=(311)
1563 300
fi=(315)
50 200
fi=(304)
-50 2
fi=(233)
547 2
fi=(311)
1563 6
fi=(315)
50 4
-50 400
fi=(314)
641 100
fi=(304)
2073 200
fi=(239)
1072 200
fi=(264)
20 300
fi=(315)
-20 1
fi=(314)
641 1
fi=(304)
2073 2
fi=(239)
1072 2
fi=(264)
20 3
fi=(304)
1236 202
fi=(264)
154 303
cob=(2)
cfi=(290)
cfn=(1082)
calls=101 -81 
* 2002
* 101
fi=(297)
434 101
0 1
fi=(314)
499 1
fi=(315)
50 7
-50 2
fi=(311)
1563 6
fi=(297)
434 4
0 4
fi=(304)
91 4
-1 4
2053 2
0 300
fi=(339)
527 200
fi=(252)
+85 100
fi=(253)
1815 400
fi=(264)
20 200
154 400
cob=(2)
cfi=(290)
cfn=(1082)
calls=100 -81 
* 2900
* 100
fi=(339)
470 100
0 200
538 300
cfi=(300)
cfn=(5142)
calls=100 205 
* 493163
fi=(244)
2173 100
0 100
2173 200
0 200
2173 200
0 100
fi=(339)
538 400
fi=(461)
92 400
cfi=(280)
cfn=(1692)
calls=100 1508 
* 37824
fi=(244)
2173 100
0 200
2173 300
0 100
fi=(461)
93 100
cfi=(252)
cfn=(5008)
calls=100 612 
* 300
fi=(339)
-93 200
fi=(264)
20 200
154 400
cob=(2)
cfi=(290)
cfn=(1082)
calls=100 -81 
* 2900
* 100
fi=(339)
541 100
fi=(252)
+91 200
fi=(461)
0 100
fi=(243)
48 100
cob=(2)
cfi=(155)
cfn=(762)
calls=100 3319 
* 9970
fi=(265)
636 100
fi=(461)
95 100
fi=(462) /home/zhuhe/code/litchi/crates/litchi-pptx/src/parts/slide.rs
1126 600
cfi=(339)
cfn=(5496)
calls=100 459 
* 6500
fi=(244)
2173 200
0 100
fi=(462)
1127 200
fi=(339)
355 100
cfi=(336)
cfn=(5168)
calls=100 -16 
* 1000
* 200
0 100
361 100
cfi=(336)
cfn=(5168)
calls=100 -22 
* 1000
0 300
256 100
+16 400
cfi=(448) /home/zhuhe/code/litchi/crates/litchi-ooxml-common/src/mce/codec.rs
cfn=(5176) litchi_ooxml_common::mce::codec::process_ooxml
calls=100 1671 
* 1568624
fi=(244)
2173 100
0 100
2173 200
0 300
2173 200
fi=(339)
273 300
0 300
273 100
fi=(462)
1127 600
+1 800
cfn=(5502) litchi_pptx::parts::slide::SlidePart::finish_from_processed
calls=100 +3 
* 331212178
fi=(244)
2173 300
+1 2100
fi=(461)
97 1100
+8 200
fi=(265)
767 400
fi=(253)
1025 100
+3 200
fi=(252)
612 100
fi=(239)
961 100
fi=(233)
1917 700
fi=(253)
1034 200
fi=(265)
636 300
fi=(461)
109 200
+4 200
fi=(253)
1025 300
+3 200
fi=(252)
612 100
fi=(239)
961 300
fi=(233)
1917 900
fi=(253)
1034 500
fi=(180)
1720 100
fi=(271)
180 101
fi=(339)
0 1
fi=(461)
131 1
+1 1
+1 7
fe=(454)

fn=(5984)
230 9
fi=(302)
105 1
fi=(417)
-46 2
fi=(303)
555 2
fi=(174)
2457 1
fi=(175)
902 1
fi=(313)
363 6
fi=(304)
980 2
fe=(454)
258 9
+1 8
0 3
fi=(304)
983 4
cfn=(1312)
calls=1 +16 
* 472
0 1
fi=(244)
966 2
fi=(243)
0 1
fi=(239)
961 8
fi=(304)
0 100
fi=(233)
547 100
fi=(311)
1563 300
fi=(315)
50 200
-50 36
fi=(314)
641 6
fi=(304)
2073 12
fi=(239)
1072 12
fi=(264)
20 12
fi=(314)
641 1
fi=(304)
2073 2
fi=(239)
1072 2
fi=(264)
20 2
fi=(304)
1236 28
fi=(264)
154 14
cob=(2)
cfi=(290)
cfn=(1082)
calls=7 -81 
* 154
* 7
fi=(297)
434 7
fi=(314)
+65 7
fi=(315)
50 63
fi=(311)
1563 300
fi=(297)
434 200
fi=(304)
91 2
-1 1
2053 1
fi=(378)
0 300
fi=(180)
1720 100
fi=(271)
180 100
fi=(252)
612 100
fi=(253)
1815 100
fi=(310)
1457 200
258 495
cfi=(308)
cfn=(1296)
calls=99 694 
* 19305
fi=(324)
48 297
fi=(304)
2492 693
0 100
fi=(260)
438 300
fe=(454)
244 300
cfi=(260)
cfn=(5994)
calls=100 1304 
* 24586
fi=(244)
966 200
fi=(252)
617 100
fi=(253)
1446 100
fi=(174)
2494 200
fi=(252)
765 100
-94 100
fi=(253)
2881 300
fi=(252)
612 100
fi=(239)
961 100
fi=(233)
547 300
cob=(2)
cfi=(211)
cfn=(720)
calls=100 255 
* 1300
* 100
fi=(253)
2886 200
fi=(310)
258 600
cfi=(308)
cfn=(1296)
calls=100 694 
* 19500
* 100
fi=(304)
956 100
fi=(297)
457 100
fi=(304)
1179 200
fi=(324)
48 800
fi=(304)
-48 100
fi=(233)
547 100
fi=(311)
1563 300
fi=(315)
50 200
fi=(304)
-50 1
fi=(233)
547 1
fi=(311)
1563 3
fi=(315)
50 2
-50 42
fi=(314)
641 6
fi=(304)
1863 12
fi=(239)
1072 12
fi=(264)
20 18
fi=(314)
641 1
fi=(304)
1863 2
fi=(239)
1072 2
fi=(264)
20 3
fi=(304)
1179 21
fi=(264)
154 21
cob=(2)
cfi=(290)
cfn=(1082)
calls=7 -81 
* 154
* 14
fi=(297)
434 7
fi=(314)
+65 7
fi=(315)
50 77
fi=(325)
433 202
fi=(297)
+1 101
fi=(311)
1563 101
fi=(315)
50 202
fi=(314)
641 100
fi=(304)
1793 200
fi=(311)
1563 300
fi=(297)
434 200
0 1
fi=(304)
91 2
-1 2
1844 1
2687 100
fi=(297)
457 200
fi=(324)
30 100
fi=(174)
2494 100
fi=(304)
2631 100
+3 100
+1 100
2499 600
fi=(239)
1072 300
fi=(233)
1917 700
fi=(310)
-65 100
fe=(454)

fn=(6272)
475 8
+1 2
0 2
fi=(304)
1365 2
fe=(454)
479 2
cfn=(6130)
calls=1 361 
* 1445
fi=(244)
2173 3
0 2
2174 3
fe=(454)
479 3
fi=(304)
3851 2
0 2
2479 1
fi=(311)
1320 1
fi=(338)
69 2
fi=(262)
863 12
0 605
fi=(304)
3851 121
fi=(315)
50 363
-50 15
fi=(311)
1320 15
fi=(239)
1072 15
fi=(262)
863 15
fi=(315)
113 30
-63 15
fi=(314)
641 121
fi=(239)
1072 242
fi=(280)
1936 242
fi=(299)
704 121
cfn=(5082)
calls=121 -97 
* 242
fe=(454)
481 484
cfi=(280)
cfn=(1692)
calls=121 1508 
* 45396
fi=(244)
2173 121
0 242
2173 242
fe=(454)
482 121
+30 242
cfi=(299)
cfn=(5898)
calls=121 627 
* 1452
* 242
+1 242
cfi=(336)
cfn=(5168)
calls=121 339 
* 1210
0 121
514 242
0 121
fi=(233)
2420 121
fe=(454)
514 121
-32 363
fi=(310)
258 363
cfi=(308)
cfn=(1296)
calls=121 694 
* 25894
fi=(324)
48 847
fi=(304)
-48 242
fi=(233)
547 121
fi=(311)
1563 363
fi=(315)
50 242
fi=(314)
641 121
fi=(304)
2073 242
fi=(239)
1072 363
fi=(236)
1878 121
fi=(297)
434 363
fe=(454)
-60 605
486 847
cfn=(6146)
calls=121 -70 
* 36905
fi=(244)
2173 242
fe=(454)
489 8
+1 8

fl=(448)
fn=(5176)
1671 856
fi=(449) /home/zhuhe/code/litchi/crates/litchi-ooxml-common/src/mce/model.rs
297 107
fi=(302)
105 107
fi=(417)
-46 214
fi=(303)
555 214
fi=(174)
2457 107
fi=(175)
902 107
fi=(449)
296 1284
442 1070
fe=(448)
1672 321
cfn=(5180) litchi_ooxml_common::mce::codec::process_markup_compatibility
calls=108 743 
* 1587059
0 107
fi=(244)
835 214
fe=(448)
1672 428
fi=(244)
836 214
0 107
fe=(448)
1672 107
cfi=(233)
cfn=(5192) core::ptr::drop_in_place<litchi_ooxml_common::mce::model::Capabilities>
calls=108 805 
* 2354
+1 749

fn=(5180)
743 856
+5 214
0 428
751 321
cfn=(5182) litchi_ooxml_common::mce::codec::contains_mce_namespace
calls=108 -25 
* 1582565
* 214
+1 214
fi=(449)
455 749
fe=(448)
755 535
+95 963

fn=(5182)
726 214
0 1391
fi=(262)
863 214
fi=(173)
3890 107
fi=(356)
153 321
cfn=(2286)
calls=108 -75 
* 8132
fi=(262)
863 21854
fi=(173)
3890 10927
fi=(356)
153 32781
cfn=(2286)
calls=10934 -75 
* 1174978
fi=(265)
2766 22068
fe=(448)
0 10927
fi=(264)
154 43708
cob=(2)
cfi=(290)
cfn=(1082)
calls=10934 -81 
* 155530
* 10927
fe=(448)
731 10927
0 10927
734 10927
fi=(270)
573 10927
89 21854
fe=(448)
726 21854
0 963
737 107

fl=(299)
fn=(5082)
607 2478
+1 2478

fn=(5152) <litchi_opc::part::XmlPart as litchi_opc::part::Part>::ensure_payload
631 3318
fi=(336)
296 1106
fi=(244)
836 553
fe=(299)
633 2765

fn=(1664) <T as litchi_opc::part::PartClone>::clone_part
36 484
+1 121
cfn=(6024) <litchi_opc::part::XmlPart as core::clone::Clone>::clone
calls=121 418 
* 428678
fi=(243)
-23 242
cob=(2)
cfi=(155)
cfn=(650)
calls=121 3283 
* 21392
fi=(245)
248 242
0 121
289 484
cob=(2)
cfi=(211)
cfn=(720)
calls=121 -34 
* 6391
fe=(299)
38 605

fn=(5898)
627 245
fi=(336)
339 245
0 490
339 735
fi=(265)
1277 245
0 490
fe=(299)
629 490

fn=(6024)
418 1089
fi=(260)
2352 242
fi=(252)
459 242
fi=(260)
2352 121
fi=(243)
14 242
cob=(2)
cfi=(155)
cfn=(650)
calls=121 3283 
* 21012
fi=(252)
468 242
fi=(256)
0 121
fi=(233)
547 484
cob=(2)
cfi=(211)
cfn=(720)
calls=121 255 
* 1344
fi=(260)
2352 121
fi=(252)
459 242
fi=(260)
2352 121
fi=(243)
14 242
cob=(2)
cfi=(155)
cfn=(650)
calls=121 3283 
* 18250
fi=(252)
468 242
0 121
fi=(233)
547 484
cob=(2)
cfi=(211)
cfn=(720)
calls=121 255 
* 2632
fi=(336)
250 121
0 484
250 363
0 242
250 242
fe=(299)
423 484
cfi=(300)
cfn=(1616)
calls=121 232 
* 372735
fi=(302)
105 121
fi=(417)
-46 242
fi=(303)
555 242
fi=(174)
2457 121
fi=(175)
902 121
fe=(299)
419 4477
+9 1089

fn=(5060)
660 852
+1 852

fl=(252)
fn=(1518)
445 1442
fi=(174)
3051 1236
fi=(297)
457 412
fe=(252)
+2 412
0 412
fi=(298)
95 206
fi=(243)
-82 206
+1 618
cob=(2)
cfi=(155)
cfn=(650)
calls=217 3283 
* 34777
* 412
fe=(252)
468 412
+8 412
0 412
481 1236

fn=(5694) <alloc::raw_vec::RawVec<alloc::vec::Vec<u8>>>::grow_one
186 156
491 26
+30 26
fi=(236)
1037 78
fe=(252)
527 156
cfn=(1778)
calls=26 +15 
* 9312
fi=(244)
2173 52
+1 26
fe=(252)
774 26
+1 26
189 130

fn=(1538)
186 4
491 1
+30 1
fi=(236)
1037 3
fe=(252)
527 6
cfn=(1182)
calls=1 +15 
* 446
fi=(244)
2173 2
+1 1
fe=(252)
774 1
+1 1
189 4
-3 2452
491 613
+30 613
fi=(236)
1037 1839
fe=(252)
527 3678
cfn=(1182)
calls=731 +15 
* 174579
fi=(244)
2173 1226
+1 613
fe=(252)
774 613
+1 613
189 2452
-3 245368
491 61342
+30 61342
fi=(236)
1037 184026
fe=(252)
527 368052
cfn=(1182)
calls=124097 +15 
* 4607889
fi=(244)
2173 122684
+1 61342
fe=(252)
774 61342
+1 61342
189 245368
-3 1636
491 409
+30 409
fi=(236)
1037 1227
fe=(252)
527 2454
cfn=(1182)
calls=881 +15 
* 70770
fi=(244)
2173 818
+1 409
fe=(252)
774 409
+1 409
189 1636
-3 2012
491 503
+30 503
fi=(236)
1037 1509
fe=(252)
527 3018
cfn=(1182)
calls=736 +15 
* 37725
fi=(244)
2173 1006
+1 503
fe=(252)
774 503
+1 503
189 2012

fn=(1778)
542 8856
fi=(341) /rustc/59807616e1fa2540724bfbac14d7976d7e4a3860/library/core/src/alloc/layout.rs
75 1107
+38 1107
0 1107
fe=(252)
632 2214
fi=(243)
54 1512
cob=(2)
cfi=(155)
cfn=(748)
calls=1666 3380 
* 28057
fe=(252)
562 1008
fi=(298)
186 1206
fi=(243)
14 1206
cob=(2)
cfi=(155)
cfn=(650)
calls=2865 3283 
* 62309
fe=(252)
562 1206
+1 3321
0 2214
566 6642
-24 286
fi=(174)
3051 208
fi=(297)
457 78
0 26
fe=(252)
632 52
fi=(298)
135 20
fi=(243)
-82 20
fi=(298)
186 12
-91 6
fi=(243)
-82 6
+41 60
cob=(2)
cfi=(155)
cfn=(748)
calls=20 3380 
* 7884
* 20
-40 12
cob=(2)
cfi=(155)
cfn=(650)
calls=6 3283 
* 180
-14 26
fe=(252)
562 52
+1 104
0 52
566 208

fn=(5008)
612 672
fi=(253)
1815 672
fi=(299)
616 672
fe=(252)

fn=(1178)
659 6771
fi=(174)
769 2257
fi=(297)
457 2257
0 2257
fe=(252)
521 4514
fi=(236)
1037 11285
fe=(252)
527 15799
cfn=(1182)
calls=3434 +15 
* 634812
fi=(244)
2173 4514
+1 2257
fe=(252)
774 2257
+1 2257
669 9028

fn=(1182)
542 1215
fi=(174)
3051 1080
fi=(297)
457 405
0 135
fe=(252)
632 270
fi=(298)
135 11
fi=(243)
-82 11
fi=(298)
186 248
-91 124
fi=(243)
-82 124
+41 33
cob=(2)
cfi=(155)
cfn=(748)
calls=51123 3380 
* 4608
fe=(252)
562 22
+1 540
fi=(243)
14 248
cob=(2)
cfi=(155)
cfn=(650)
calls=10326 3283 
* 6620
fe=(252)
562 248
0 270
566 1080
-24 581589
fi=(174)
3051 516968
fi=(297)
457 193863
0 64621
fe=(252)
632 129242
fi=(298)
135 2068
fi=(243)
-82 2068
fi=(298)
186 125106
-91 62553
fi=(243)
-82 62553
+41 6204
cob=(2)
cfi=(155)
cfn=(748)
calls=2952 3380 
* 666825
fe=(252)
562 4136
+1 258484
fi=(243)
14 125106
cob=(2)
cfi=(155)
cfn=(650)
calls=126191 3283 
* 1915348
fe=(252)
562 125106
0 129242
566 516968
-24 4527
fi=(174)
3051 4024
fi=(297)
457 1509
0 503
fe=(252)
632 1006
fi=(298)
186 1006
-91 503
fi=(243)
-82 503
fe=(252)
563 2012
fi=(243)
14 1006
cob=(2)
cfi=(155)
cfn=(650)
calls=1452 3283 
* 15090
fe=(252)
562 1006
0 1006
566 4024

fn=(4508) alloc::raw_vec::RawVecInner<A>::try_reserve
682 200
+83 200
-77 200
+11 188
0 60
521 12
fi=(236)
1037 48
fe=(252)
527 72
cfn=(1182)
calls=12 +15 
* 4796
fi=(244)
2173 24
+1 12
fe=(252)
774 12
+1 24
0 48
699 12

fn=(1774)
659 5035
fi=(174)
769 1007
fi=(297)
457 1007
0 1007
fe=(252)
521 2014
fi=(236)
1037 5035
fe=(252)
527 5035
cfn=(1778)
calls=2906 +15 
* 102486
fi=(244)
2173 2014
+1 1007
fe=(252)
774 1007
+1 1007
669 5035

fl=(253)
fn=(5434)
1023 1000
+2 200
+3 400
fi=(252)
612 200
fi=(239)
961 400
fi=(233)
1917 800
fe=(253)
1034 400
+4 800
-15 1010
+2 202
+3 404
+1 28
cfi=(252)
cfn=(5694)
calls=14 186 
* 5810
fi=(252)
612 202
fi=(239)
961 202
fi=(233)
1917 808
fe=(253)
1034 404
+4 808
-15 5
+2 1
+3 2
fi=(252)
612 1
fi=(239)
961 2
fi=(233)
1917 10
fe=(253)
1034 2
+4 4

fl=(296)
fn=(5422) <str>::to_ascii_lowercase
591 1400
fi=(252)
459 400
0 200
fi=(243)
14 400
cob=(2)
cfi=(155)
cfn=(650)
calls=200 3283 
* 15878
fi=(252)
468 400
fi=(256)
0 200
fi=(233)
547 800
cob=(2)
cfi=(211)
cfn=(720)
calls=200 255 
* 2200
fi=(322)
198 800
0 200
198 200
0 1400
fi=(266)
670 200
817 1200
670 200
+77 200
fi=(322)
201 200
-3 400
fi=(266)
670 202
817 1212
670 202
+77 202
fi=(322)
201 202
-3 604
fi=(266)
670 1368
817 5472
670 1368
+77 1368
fi=(322)
201 1368
-3 3136
fe=(296)
594 600
+1 1200

fl=(465)
fn=(5572) litchi_pptx::notes::codec::inspect_element
447 2180136
fi=(263)
0 181678
fi=(379)
218 181678
fi=(270)
438 363356
0 545034
fe=(465)
459 545034
fi=(262)
863 181678
fi=(173)
3890 363356
fi=(356)
153 726712
cfn=(2286)
calls=181678 -75 
* 7448478
fi=(265)
2766 363356
fi=(363)
0 181678
fi=(262)
619 545034
0 181678
fi=(375)
864 726712
cfn=(4178)
calls=181678 +87 
* 20607335
* 181678
fe=(465)
459 363356
cfi=(466)
cfn=(5584)
calls=181678 80 
* 10647946
fi=(244)
2173 545034
+1 726712
fi=(173)
3890 363356
fi=(356)
153 726712
cfn=(2286)
calls=181678 -75 
* 7448478
* 545034
fi=(265)
2766 363356
fi=(262)
619 363356
fi=(270)
-46 363356
89 363356
-89 181678
fe=(465)
460 363356
cfi=(353)
cfn=(2224)
calls=181678 89 
* 12708960
fi=(244)
966 363356
+1 545034
fe=(465)
461 363356
fi=(264)
20 208
-20 2
154 4
fe=(465)
463 1
fi=(467)
10 618
fe=(465)
-10 103
fi=(264)
20 206
-20 208
154 104
cob=(2)
cfi=(290)
cfn=(1082)
calls=104 -81 
* 1768
* 104
fe=(465)
462 312
0 208
fi=(264)
154 208
cob=(2)
cfi=(290)
cfn=(1082)
calls=104 -81 
* 2200
* 104
fe=(465)
468 104
0 181678
fi=(292)
137 181678
fe=(465)
474 181678
0 120853
475 120853
fi=(293)
0 364153
fe=(465)
477 2007225
0 311
477 933
cfi=(440)
cfn=(5324)
calls=311 227 
* 158175
* 456297
cfi=(440)
cfn=(5324)
calls=152099 227 
* 37018181
* 457230
0 91585
477 366340
fi=(244)
966 183170
fe=(465)
0 91585
fi=(292)
851 183170
fi=(369) /rustc/59807616e1fa2540724bfbac14d7976d7e4a3860/library/core/src/array/equality.rs
157 60048
fe=(465)
480 20016
fi=(292)
2624 81577
0 538
fi=(264)
154 2690
fe=(465)
480 538
fi=(233)
805 933
fi=(243)
0 91274
fe=(465)
483 273822
+1 182548
0 91274
fi=(262)
863 91274
fi=(173)
3890 182548
fi=(356)
153 273822
cfn=(2286)
calls=91274 -75 
* 4375684
fi=(265)
2766 182548
fi=(262)
619 408
fi=(270)
89 408
573 1020
0 364280
fi=(375)
864 455350
cfn=(4178)
calls=91070 +87 
* 2458890
* 1020
cfn=(4178)
calls=204 +87 
* 21828
fe=(465)
488 273822
cfi=(466)
cfn=(5584)
calls=91274 80 
* 2200164
fi=(244)
2173 273822
+1 273822
fe=(465)
489 365096
cfi=(353)
cfn=(2224)
calls=91274 89 
* 5156216
fi=(244)
966 182548
+1 273822
fe=(465)
490 365096
cfi=(353)
cfn=(2224)
calls=91274 89 
* 5642707
fi=(244)
966 182548
+1 182548
fe=(465)
491 182548
cfi=(463)
cfn=(5610) quick_xml::escape::unescape
calls=91274 222 
* 10399163
fi=(244)
966 365096
+1 638918
fe=(465)
493 91274
fi=(174)
769 273822
fi=(297)
457 91274
fe=(465)
+35 182548
+3 182548
0 91274
fi=(264)
20 182548
-20 408
154 204
cob=(2)
cfi=(290)
cfn=(1082)
calls=204 -81 
* 5916
* 204
fe=(465)
498 204
0 91274
fi=(233)
805 547644
fi=(243)
0 274434
fi=(297)
457 204
fi=(252)
+2 204
fi=(298)
95 612
cfi=(164)
cfn=(1762)
calls=204 -95 
* 36558
fi=(252)
468 408
0 204
fi=(233)
547 816
cob=(2)
cfi=(211)
cfn=(720)
calls=204 255 
* 3056
fi=(256)
-95 204
0 204
fi=(253)
1025 204
+3 408
+1 12
cfi=(252)
cfn=(5694)
calls=12 186 
* 4204
* 12
fi=(252)
612 12
fi=(239)
961 24
fi=(233)
1917 48
fi=(253)
1034 24
fi=(264)
20 24
fi=(252)
612 192
fi=(239)
961 384
fi=(233)
1917 768
fi=(253)
1034 384
fi=(264)
20 384
-20 204
154 408
20 416
-20 4
154 14
fi=(252)
433 12
cfn=(1518)
calls=2 +12 
* 293
0 2
433 4
+1 2
+25 2
fi=(256)
-7 2
0 6
fi=(233)
547 4
cob=(2)
cfi=(211)
cfn=(720)
calls=2 255 
* 26
* 2
fi=(260)
1014 8
fi=(253)
-22 4
cfn=(5434)
calls=2 +31 
* 254
* 2
0 400
fi=(264)
154 1000
fe=(465)
503 200
fi=(252)
-70 1200
cfn=(1518)
calls=200 +12 
* 41711
0 200
433 400
+1 200
+25 200
fi=(256)
-7 200
0 600
fi=(233)
547 400
cob=(2)
cfi=(211)
cfn=(720)
calls=200 255 
* 3000
* 200
fi=(260)
1014 800
fi=(253)
-22 400
cfn=(5434)
calls=200 +31 
* 9624
* 200
fi=(252)
632 121650
fi=(233)
805 60825
fi=(243)
48 60825
cob=(2)
cfi=(155)
cfn=(762)
calls=60825 3319 
* 2007357
fi=(233)
805 425775
cfn=(5328)
calls=60825 * 
* 1034025
fe=(465)
509 121650
fi=(467)
17 6
fe=(465)
-17 1
fi=(264)
20 2
fe=(465)
510 1453424

fn=(5562) litchi_pptx::notes::codec::scan_processed_xml
356 832
+7 208
+3 208
fi=(293)
0 104
fi=(362)
780 1456
fi=(439)
59 104
cfi=(375)
cfn=(4108)
calls=104 571 
* 135962
-2 2184
fi=(362)
224 104
fe=(465)
376 104
+1 104
-88 208
fi=(362)
780 104
fe=(465)
289 1352
fi=(439)
74 208
-74 363356
74 847524
fi=(375)
763 181678
fi=(174)
2345 363356
fi=(375)
806 181678
fi=(252)
612 181678
fi=(253)
1815 181678
fi=(239)
961 726712
0 181678
fi=(180)
1720 181678
fi=(271)
25 181678
fi=(180)
1720 311
fi=(271)
25 311
407 363978
fi=(375)
808 181989
fi=(180)
583 181989
fi=(271)
407 181989
fi=(270)
219 908390
fi=(375)
816 105
fi=(253)
1773 210
0 210
fi=(439)
76 105
-7 315
cfi=(362)
cfn=(5200)
calls=105 978 
* 8642
+7 181573
-7 544719
cfi=(362)
cfn=(5200)
calls=181573 978 
* 66013691
* 302802
cfi=(362)
cfn=(5200)
calls=100934 978 
* 38416443
+1 1130448
cfn=(5212)
calls=282612 +10 
* 46146741
fi=(244)
966 847836
0 282612
967 1695672
2174 1695672
fe=(465)
381 2543508
0 282612
381 847836
+1 362876
+2 90719
+1 181438
0 90719
388 181438
0 90719
396 90719
-5 1451504
cfn=(5572)
calls=90719 +56 
* 47672319
* 181438
+12 363836
+1 90959
+1 181918
+3 181918
0 90959
416 90959
-5 1455344
cfn=(5572)
calls=90959 +36 
* 110935189
* 90959
fi=(244)
2173 363356
fi=(233)
805 393689
0 10111
805 60666
fe=(465)
424 181438
+3 90719
fi=(233)
805 181438
fi=(252)
0 104
fe=(465)
435 104
cfi=(233)
cfn=(2510) core::ptr::drop_in_place<quick_xml::events::Event>
calls=104 805 
* 416
* 208
+2 208
+3 1352
+1 104
cfi=(233)
cfn=(4326) core::ptr::drop_in_place<quick_xml::reader::ns_reader::NsReader<&[u8]>>
calls=104 805 
* 65310
* 936

fn=(5682)
312 15
+2 6
cfn=(5684)
calls=1 +23 
* 449641
* 2
0 2
fi=(233)
805 1
cfn=(5638)
calls=1 * 
* 34450
* 1
fe=(465)
315 2
+4 8

fn=(5784)
296 12
+7 6
cfn=(5684)
calls=2 +34 
* 1340544
fi=(244)
2173 2
0 20
2173 4
fe=(465)
303 20
+1 4
+5 2
0 2
310 2
cfi=(233)
cfn=(5638)
calls=2 805 
* 60
* 6

fn=(5684)
337 36
+6 8
0 24
346 4
cfi=(448)
cfn=(5176)
calls=4 1671 
* 23184
fi=(244)
2173 4
0 16
2173 8
fe=(465)
347 32
cfn=(5562)
calls=4 +9 
* 2211323
* 4
fi=(233)
805 12
fe=(465)
354 32

fl=(460)
fn=(5468)
219 2
fi=(175)
901 2
+1 1
fi=(265)
1014 2
fi=(175)
901 1
+1 1
fi=(265)
1014 2
fi=(331)
564 1
fe=(460)
219 4
fi=(175)
901 3
+1 1
fi=(265)
1014 3
+1 2
fi=(331)
564 3
fe=(460)
219 2

fl=(474)
fn=(5870)
28 27
+2 9
cfi=(299)
cfn=(5060)
calls=3 660 
* 6
fi=(304)
2210 3
3851 6
fi=(313)
639 8
fi=(262)
863 2
fi=(315)
50 4
fi=(314)
641 2
fi=(239)
1072 4
fi=(252)
612 2
fi=(253)
1815 2
fi=(252)
612 2
fi=(253)
1815 2
fi=(252)
612 2
fi=(300)
187 4
fe=(474)
33 6
cfi=(467)
cfn=(5850)
calls=2 +44 
* 829
* 2
fi=(318)
-9 8
-24 6
fe=(474)
43 1
cfi=(299)
cfn=(5082)
calls=1 607 
* 2
fi=(318)
-43 4
fe=(474)
43 2
cfi=(299)
cfn=(5082)
calls=2 607 
* 4
fi=(260)
2352 3
fi=(252)
459 9
fi=(260)
2352 3
fi=(243)
14 6
cob=(2)
cfi=(155)
cfn=(650)
calls=3 3283 
* 374
fi=(252)
468 6
fi=(256)
0 3
fi=(233)
547 12
cob=(2)
cfi=(211)
cfn=(720)
calls=3 255 
* 34
* 6
0 6
fe=(474)
44 3
cfi=(252)
cfn=(5008)
calls=3 612 
* 9
-44 6
fi=(297)
457 3
fi=(252)
0 3
459 6
0 3
fi=(243)
14 6
cob=(2)
cfi=(155)
cfn=(650)
calls=3 3283 
* 374
fi=(252)
468 6
fi=(256)
0 3
fi=(233)
547 12
cob=(2)
cfi=(211)
cfn=(720)
calls=3 255 
* 56
* 3
fi=(236)
1037 6
fi=(174)
3051 8
fi=(297)
457 4
fi=(252)
0 6
fe=(474)
45 3
cfi=(299)
cfn=(5898)
calls=3 627 
* 36
-45 6
46 9
-4 24
+6 24
-48 4
fi=(252)
459 4
0 4
fi=(243)
14 4
cob=(2)
cfi=(155)
cfn=(650)
calls=2 3283 
* 473
* 2
fi=(252)
468 6
0 2
fi=(233)
1917 20
fi=(318)
36 8
fi=(304)
3851 2
0 4
fi=(253)
0 312
fi=(239)
961 312
fi=(233)
1917 1040
fi=(253)
3980 104
2168 208
fi=(304)
3851 208
fi=(315)
50 208
-50 7
fi=(311)
1320 7
fi=(239)
1072 7
fi=(262)
863 7
fi=(315)
113 14
-63 7
fi=(314)
641 104
fi=(239)
1072 208
fi=(252)
612 104
fi=(253)
1815 104
fi=(252)
612 104
fi=(253)
1815 104
fi=(252)
612 104
fi=(300)
187 104
fe=(474)
33 416
cfi=(467)
cfn=(5850)
calls=104 +44 
* 64370
* 104
fi=(253)
3969 312
+2 208
fi=(252)
0 4
fi=(318)
42 1
fi=(319)
-8 2
+16 1
fi=(297)
434 1
fi=(319)
55 3
cfn=(1854)
calls=1 +59 
* 44654
* 1
fe=(474)

fn=(5916)
68 11
fi=(252)
612 3
fi=(253)
1851 1
fi=(319)
34 2
fi=(297)
434 1
0 1
fi=(302)
105 1
fi=(417)
-46 2
fi=(303)
555 2
fi=(174)
2457 1
fi=(175)
902 2
fi=(304)
1699 5
cfn=(1316) hashbrown::raw::RawTableInner::fallible_with_capacity
calls=1 -46 
* 115
fi=(310)
500 4
fi=(469)
266 2
fi=(239)
961 4
fi=(180)
1720 1
fi=(271)
180 1
0 5
fi=(253)
1815 1
fi=(475)
44 2
fi=(253)
1815 2
fi=(475)
44 4
-44 6
47 12
cfi=(283)
cfn=(1028)
calls=3 -4 
* 7808
fi=(244)
-47 6
966 6
fi=(252)
632 6
fi=(243)
48 3
cob=(2)
cfi=(155)
cfn=(762)
calls=3 3319 
* 99
-48 3
fi=(475)
48 6
fi=(253)
1815 3
fi=(475)
26 6
+25 6
fi=(417)
+8 6
fi=(303)
555 6
fi=(174)
2457 3
fi=(175)
902 3
fi=(304)
1699 15
cfn=(1316)
calls=3 -46 
* 652
fi=(310)
500 12
fi=(469)
266 6
fi=(180)
1720 3
fi=(271)
180 3
0 8
fi=(252)
612 2
fi=(253)
1815 8
fi=(475)
66 4
fi=(252)
612 104
fi=(253)
1815 416
fi=(475)
66 208
+3 212
fi=(265)
2126 106
fi=(266)
783 1060
fi=(180)
1720 106
fi=(271)
180 106
0 106
fi=(252)
612 212
fi=(253)
1815 106
fi=(475)
17 424
cfn=(5950)
calls=106 +67 
* 110180
fi=(244)
2173 318
0 106
fi=(252)
612 106
fi=(253)
1815 106
fi=(475)
18 530
cfn=(5950)
calls=106 +66 
* 28224
fi=(244)
2173 318
0 106
fi=(475)
19 106
fi=(310)
258 106
fi=(309)
-55 212
fi=(281)
84 106
fi=(309)
204 212
fi=(281)
84 742
fi=(309)
306 424
cfn=(1298)
calls=106 -50 
* 3596
fi=(308)
+57 530
cfi=(309)
cfn=(1298)
calls=106 256 
* 3710
fi=(309)
-51 106
+2 424
+2 212
fi=(174)
2457 318
fi=(304)
956 106
fi=(297)
457 106
fi=(310)
0 6042
fi=(304)
1179 212
fi=(324)
48 848
fi=(304)
-48 106
fi=(233)
547 106
fi=(311)
1563 318
fi=(315)
50 212
fi=(304)
-50 2
fi=(233)
547 2
fi=(311)
1563 6
fi=(315)
50 4
-50 15
fi=(314)
641 3
fi=(304)
1863 6
fi=(239)
1072 9
fi=(264)
20 6
fi=(304)
1179 6
fi=(264)
154 6
cob=(2)
cfi=(290)
cfn=(1082)
calls=3 -81 
* 66
* 3
fi=(297)
434 3
fi=(314)
+65 3
fi=(315)
50 24
-50 3
fi=(325)
433 3
fi=(297)
+1 3
fi=(325)
-1 105
fi=(297)
+1 105
fi=(311)
1563 108
fi=(315)
50 216
fi=(314)
641 106
fi=(304)
1793 212
fi=(311)
1563 318
fi=(297)
434 212
0 2
fi=(304)
91 4
-1 2
1844 2
0 212
fi=(180)
1720 872
fi=(271)
180 436
fi=(259)
2469 436
fi=(266)
888 872
fi=(475)
77 1606
fi=(304)
2687 106
fi=(297)
457 212
fi=(324)
30 106
fi=(174)
2494 106
fi=(304)
2631 106
+3 106
+1 106
2499 636
fi=(239)
1072 530
fi=(233)
1917 318
fi=(180)
1720 318
fi=(271)
180 108
fi=(475)
37 3
fi=(304)
2312 6
fi=(174)
3051 6
fi=(298)
200 4
fi=(475)
37 2
fi=(239)
1072 4
fi=(243)
48 2
cob=(2)
cfi=(155)
cfn=(762)
calls=2 3319 
* 182
-48 3
fi=(180)
444 6
fi=(174)
769 3
fi=(475)
55 6
-55 6
fi=(252)
459 6
fi=(243)
14 6
cob=(2)
cfi=(155)
cfn=(650)
calls=3 3283 
* 90
fi=(252)
468 6
fi=(256)
0 3
fi=(233)
547 12
cob=(2)
cfi=(211)
cfn=(720)
calls=3 255 
* 34
* 3
fi=(260)
1014 9
fi=(457)
+79 9
cfi=(310)
cfn=(1502)
calls=3 1841 
* 939
fi=(475)
58 6
-58 6
fi=(180)
1720 3
fi=(271)
180 4
fi=(304)
2697 1
2312 2
-59 3
2479 1
fi=(311)
1320 1
fi=(262)
863 1
fi=(304)
3595 4
0 12
3851 3
fi=(315)
50 6
fi=(314)
641 3
fi=(239)
1072 6
fi=(252)
632 6
fi=(304)
0 3
fi=(239)
1400 3
fi=(243)
48 3
cob=(2)
cfi=(155)
cfn=(762)
calls=3 3319 
* 99
* 3
fi=(174)
3051 1
769 1
fi=(304)
224 1
+1 1
fi=(298)
-25 3
0 2
fi=(304)
3173 1
fi=(239)
1072 1
fi=(243)
48 1
cob=(2)
cfi=(155)
cfn=(762)
calls=1 3319 
* 33
fi=(244)
2173 2
0 1
fi=(253)
1815 1
fi=(264)
20 2
fi=(252)
612 3
fi=(264)
154 1
cob=(2)
cfi=(290)
cfn=(1082)
calls=1 -81 
* 19
* 1
fe=(474)
-78 1
+13 8
-89 1
fi=(180)
1720 1
fi=(271)
180 1
0 2
180 1
0 6
fi=(180)
1720 3
fi=(271)
180 3
fi=(253)
1815 3
fi=(180)
-95 6
fi=(271)
180 3
fe=(474)
474 3
fi=(271)
180 12
0 3
fe=(474)
495 3
fi=(180)
659 3
fe=(474)
495 3
fi=(174)
2533 6
fi=(271)
180 6
fe=(474)
495 9
fi=(180)
659 9
fe=(474)
495 9
fi=(174)
2533 18
fi=(271)
180 24
0 6
fe=(474)
495 6
fi=(174)
2533 3
fe=(474)
495 6
fi=(174)
2533 3
fe=(474)
495 6
fi=(174)
2533 3
fe=(474)
495 6
fi=(174)
2533 3
fe=(474)
495 6
fi=(174)
2533 3
fe=(474)
495 6
fi=(174)
2533 3
fe=(474)
495 6
fi=(174)
2533 3
fe=(474)
495 3
fi=(180)
659 3
fe=(474)
495 3
fi=(174)
2533 3
fi=(180)
1720 3
fi=(271)
180 3
fe=(474)
495 10
fi=(174)
2533 5
fe=(474)
495 10
fi=(174)
2533 5
fe=(474)
495 10
fi=(174)
2533 5
fe=(474)
495 10
fi=(174)
2533 5
fe=(474)
495 10
fi=(174)
2533 5
fe=(474)
495 10
fi=(174)
2533 5
fe=(474)
495 10
fi=(174)
2533 5
fe=(474)
495 5
fi=(180)
659 5
fe=(474)
495 5
fi=(174)
2533 5
fi=(180)
1720 5
fi=(271)
180 5
fi=(253)
1815 3
fi=(180)
-95 3
fi=(271)
180 3
fe=(474)
475 3
fi=(271)
180 12
0 3
fe=(474)
495 3
fi=(180)
659 3
fe=(474)
495 3
fi=(174)
2533 6
fi=(271)
180 6
fe=(474)
495 10
fi=(180)
659 10
fe=(474)
495 10
fi=(174)
2533 20
fi=(271)
180 26
0 6
fe=(474)
495 6
fi=(174)
2533 3
fe=(474)
495 6
fi=(174)
2533 3
fe=(474)
495 6
fi=(174)
2533 3
fe=(474)
495 6
fi=(174)
2533 3
fe=(474)
495 6
fi=(174)
2533 3
fe=(474)
495 6
fi=(174)
2533 3
fe=(474)
495 6
fi=(174)
2533 3
fe=(474)
495 3
fi=(180)
659 3
fe=(474)
495 3
fi=(174)
2533 3
fi=(180)
1720 3
fi=(271)
180 3
fe=(474)
495 44
fi=(174)
2533 22
fe=(474)
495 44
fi=(174)
2533 22
fe=(474)
495 44
fi=(174)
2533 22
fe=(474)
495 44
fi=(174)
2533 22
fe=(474)
495 44
fi=(174)
2533 22
fe=(474)
495 44
fi=(174)
2533 22
fe=(474)
495 44
fi=(174)
2533 22
fe=(474)
495 22
fi=(180)
659 22
fe=(474)
495 22
fi=(174)
2533 22
fi=(180)
1720 22
fi=(271)
180 22
fi=(180)
444 3
fi=(253)
1815 3
fi=(180)
-95 3
fi=(271)
180 3
fe=(474)
476 3
fi=(271)
180 12
0 3
fe=(474)
495 3
fi=(180)
659 3
fe=(474)
495 3
fi=(174)
2533 6
fi=(271)
180 6
fe=(474)
495 8
fi=(180)
659 8
fe=(474)
495 8
fi=(174)
2533 16
fi=(271)
180 22
0 6
fe=(474)
495 6
fi=(174)
2533 3
fe=(474)
495 6
fi=(174)
2533 3
fe=(474)
495 6
fi=(174)
2533 3
fe=(474)
495 6
fi=(174)
2533 3
fe=(474)
495 6
fi=(174)
2533 3
fe=(474)
495 6
fi=(174)
2533 3
fe=(474)
495 6
fi=(174)
2533 3
fe=(474)
495 3
fi=(180)
659 3
fe=(474)
495 3
fi=(174)
2533 3
fi=(180)
1720 3
fi=(271)
180 3
fe=(474)
495 4760
fi=(174)
2533 2380
fe=(474)
495 4760
fi=(174)
2533 2380
fe=(474)
495 4760
fi=(174)
2533 2380
fe=(474)
495 4760
fi=(174)
2533 2380
fe=(474)
495 4760
fi=(174)
2533 2380
fe=(474)
495 4760
fi=(174)
2533 2380
fe=(474)
495 4760
fi=(174)
2533 2380
fe=(474)
495 2380
fi=(180)
659 2380
fe=(474)
495 2380
fi=(174)
2533 2380
fi=(180)
1720 2380
fi=(271)
180 2380
fi=(253)
1815 3
fi=(180)
-95 3
fi=(271)
180 3
0 10
fe=(474)
483 106
0 106
495 106
fi=(174)
2533 106
fi=(180)
1720 106
fi=(271)
180 106
fi=(253)
1815 106
fi=(180)
-95 106
fi=(271)
180 106
fe=(474)
478 106
fi=(271)
180 424
0 106
fe=(474)
495 106
fi=(180)
659 106
fe=(474)
495 106
fi=(174)
2533 212
fi=(271)
180 212
fe=(474)
495 420
fi=(180)
659 420
fe=(474)
495 420
fi=(174)
2533 840
fi=(271)
180 1156
0 4
fe=(474)
495 4
fi=(174)
2533 2
fe=(474)
495 4
fi=(174)
2533 2
fe=(474)
495 4
fi=(174)
2533 2
fe=(474)
495 4
fi=(174)
2533 2
fe=(474)
495 4
fi=(174)
2533 2
fe=(474)
495 4
fi=(174)
2533 2
fe=(474)
495 4
fi=(174)
2533 2
fe=(474)
495 2
fi=(180)
659 2
fe=(474)
495 2
fi=(174)
2533 2
fi=(180)
1720 2
fi=(271)
180 2
fi=(253)
1815 106
fi=(180)
-95 106
fi=(271)
180 106
fe=(474)
479 106
fi=(271)
180 424
0 106
fe=(474)
495 106
fi=(180)
659 106
fe=(474)
495 106
fi=(174)
2533 212
fi=(271)
180 212
fe=(474)
495 26
fi=(180)
659 26
fe=(474)
495 26
fi=(174)
2533 52
fi=(271)
180 264
0 212
fe=(474)
495 212
fi=(174)
2533 106
fe=(474)
495 212
fi=(174)
2533 106
fe=(474)
495 212
fi=(174)
2533 106
fe=(474)
495 212
fi=(174)
2533 106
fe=(474)
495 212
fi=(174)
2533 106
fe=(474)
495 212
fi=(174)
2533 106
fe=(474)
495 212
fi=(174)
2533 106
fe=(474)
495 106
fi=(180)
659 106
fe=(474)
495 106
fi=(174)
2533 106
fi=(180)
1720 106
fi=(271)
180 106
fe=(474)
495 1696
fi=(174)
2533 848
fe=(474)
495 1696
fi=(174)
2533 848
fe=(474)
495 1696
fi=(174)
2533 848
fe=(474)
495 1696
fi=(174)
2533 848
fe=(474)
495 1696
fi=(174)
2533 848
fe=(474)
495 1696
fi=(174)
2533 848
fe=(474)
495 1696
fi=(174)
2533 848
fe=(474)
495 848
fi=(180)
659 848
fe=(474)
495 848
fi=(174)
2533 848
fi=(180)
1720 848
fi=(271)
180 848
fi=(253)
1815 106
fi=(180)
-95 106
fi=(271)
180 106
fe=(474)
480 106
fi=(271)
180 424
0 106
fe=(474)
495 106
fi=(180)
659 106
fe=(474)
495 106
fi=(174)
2533 212
fi=(271)
180 212
fe=(474)
495 116
fi=(180)
659 116
fe=(474)
495 116
fi=(174)
2533 232
fi=(271)
180 550
0 106
fe=(474)
495 212
fi=(174)
2533 106
fe=(474)
495 212
fi=(174)
2533 106
fe=(474)
495 212
fi=(174)
2533 106
fe=(474)
495 212
fi=(174)
2533 106
fe=(474)
495 212
fi=(174)
2533 106
fe=(474)
495 212
fi=(174)
2533 106
fe=(474)
495 212
fi=(174)
2533 106
fe=(474)
495 106
fi=(180)
659 106
fe=(474)
495 106
fi=(174)
2533 106
fi=(180)
1720 106
fi=(271)
180 106
fe=(474)
495 210
fi=(174)
2533 105
fe=(474)
495 210
fi=(174)
2533 105
fe=(474)
495 210
fi=(174)
2533 105
fe=(474)
495 210
fi=(174)
2533 105
fe=(474)
495 210
fi=(174)
2533 105
fe=(474)
495 210
fi=(174)
2533 105
fe=(474)
495 210
fi=(174)
2533 105
fe=(474)
495 105
fi=(180)
659 105
fe=(474)
495 105
fi=(174)
2533 105
fi=(180)
1720 105
fi=(271)
180 211
0 1
fe=(474)
84 10
-2 14
cob=(2)
cfi=(211)
cfn=(720)
calls=1 255 
* 53
* 5
cob=(2)
cfi=(211)
cfn=(720)
calls=1 255 
* 77
* 2
fi=(319)
-32 1
fi=(297)
434 1
0 1
fi=(319)
51 2
cfi=(320)
cfn=(2588)
calls=1 580 
* 147
* 1
fe=(474)

fl=(459)
fn=(5460) std::sync::once_lock::OnceLock<T>::initialize
533 6
+9 3
fi=(173)
3891 1
fi=(460)
214 2
fi=(243)
0 1
fi=(460)
218 4
fe=(459)
542 2
fi=(460)
218 2
+1 6
cfi=(333)
cfn=(5464)
calls=1 -78 
* 64
0 1
220 1
cfi=(233)
cfn=(5476) core::ptr::drop_in_place<core::option::Option<std::sync::once_lock::OnceLock<alloc::vec::Vec<litchi_pptx::parts::presentation::SlideReference>>::initialize<std::sync::once_lock::OnceLock<alloc::vec::Vec<litchi_pptx::parts::presentation::SlideReference>>::get_or_init<litchi_pptx::presentation::model::Presentation::catalog::{{closure}}>::{{closure}},!>::{{closure}}>>
calls=1 805 
* 15
fe=(459)
557 7

fl=(289)
fn=(1104)
657 2012
+1 1006
0 503
662 1509
+1 1006
cfi=(285)
cfn=(1074)
calls=1566 432 
* 55330
* 1006
+2 1006
+1 503
fi=(301)
211 503
fi=(262)
863 503
fe=(289)
667 503
+5 3018
-15 20
+1 10
0 5
662 15
+1 10
cfi=(285)
cfn=(1074)
calls=127 432 
* 550
* 10
+2 10
+1 5
fi=(301)
211 5
fi=(262)
863 5
fe=(289)
667 5
+5 30

fl=(308)
fn=(1296)
694 648
fi=(309)
203 648
+1 648
+1 648
+1 324
fi=(281)
84 2916
fi=(174)
3928 972
fi=(309)
233 648
cfn=(1298)
calls=324 +23 
* 9072
+81 972
-2 648
+4 648
fi=(174)
2457 648
fi=(297)
2029 324
fi=(174)
2457 324
fi=(309)
78 324
fi=(297)
2029 324
fi=(309)
79 324
fi=(297)
2029 324
fi=(174)
2457 648
fi=(297)
2029 324
fi=(309)
79 324
fi=(297)
2029 648
fi=(309)
78 324
318 324
+2 324
fi=(174)
2457 648
fi=(297)
2029 324
fi=(309)
78 324
fi=(297)
2029 648
fi=(309)
79 324
fi=(174)
2457 324
fi=(297)
2029 324
fi=(174)
2457 324
fi=(309)
79 324
fi=(297)
2029 324
fi=(309)
78 324
fi=(297)
2029 324
fi=(174)
2457 648
fi=(297)
2029 324
fi=(309)
78 324
fi=(297)
2029 648
fi=(309)
79 324
fi=(174)
2457 324
fi=(297)
2029 324
fi=(174)
2457 324
fi=(309)
79 324
fi=(297)
2029 324
fi=(309)
78 324
fi=(297)
2029 324
fi=(174)
2457 648
fi=(297)
2029 324
fi=(309)
78 324
fi=(297)
2029 324
fi=(309)
79 324
fi=(174)
2457 324
fi=(297)
2029 1296
fi=(309)
323 972
fe=(308)
702 648
-8 1983
fi=(309)
203 1322
+1 1322
+1 1322
+1 661
fi=(281)
84 6610
fi=(309)
306 2644
cfn=(1298)
calls=9071 -50 
* 58625
fe=(308)
+57 3305
cfi=(309)
cfn=(1298)
calls=9071 256 
* 43965
fi=(309)
-49 1983
-2 1322
+4 1322
fi=(174)
2457 1322
fi=(297)
2029 661
fi=(174)
2457 661
fi=(309)
78 661
fi=(297)
2029 661
fi=(309)
79 661
fi=(297)
2029 661
fi=(174)
2457 1322
fi=(297)
2029 661
fi=(309)
79 661
fi=(297)
2029 1322
fi=(309)
78 661
318 661
+2 661
fi=(174)
2457 1322
fi=(297)
2029 661
fi=(309)
78 661
fi=(297)
2029 1322
fi=(309)
79 661
fi=(174)
2457 661
fi=(297)
2029 661
fi=(174)
2457 661
fi=(309)
79 661
fi=(297)
2029 661
fi=(309)
78 661
fi=(297)
2029 661
fi=(174)
2457 1322
fi=(297)
2029 661
fi=(309)
78 661
fi=(297)
2029 1322
fi=(309)
79 661
fi=(174)
2457 661
fi=(297)
2029 661
fi=(174)
2457 661
fi=(309)
79 661
fi=(297)
2029 661
fi=(309)
78 661
fi=(297)
2029 661
fi=(174)
2457 1322
fi=(297)
2029 661
fi=(309)
78 661
fi=(297)
2029 661
fi=(309)
79 661
fi=(174)
2457 661
fi=(297)
2029 2644
fi=(309)
323 1983
fe=(308)
702 1983
-8 2109
fi=(309)
203 1406
+1 1406
+1 1406
+1 703
fi=(281)
84 7030
fi=(309)
306 2812
cfn=(1298)
calls=703 -50 
* 42830
fe=(308)
+57 3515
cfi=(309)
cfn=(1298)
calls=703 256 
* 35399
fi=(309)
-49 2109
-2 1406
+4 1406
fi=(174)
2457 1406
fi=(297)
2029 703
fi=(174)
2457 703
fi=(309)
78 703
fi=(297)
2029 703
fi=(309)
79 703
fi=(297)
2029 703
fi=(174)
2457 1406
fi=(297)
2029 703
fi=(309)
79 703
fi=(297)
2029 1406
fi=(309)
78 703
318 703
+2 703
fi=(174)
2457 1406
fi=(297)
2029 703
fi=(309)
78 703
fi=(297)
2029 1406
fi=(309)
79 703
fi=(174)
2457 703
fi=(297)
2029 703
fi=(174)
2457 703
fi=(309)
79 703
fi=(297)
2029 703
fi=(309)
78 703
fi=(297)
2029 703
fi=(174)
2457 1406
fi=(297)
2029 703
fi=(309)
78 703
fi=(297)
2029 1406
fi=(309)
79 703
fi=(174)
2457 703
fi=(297)
2029 703
fi=(174)
2457 703
fi=(309)
79 703
fi=(297)
2029 703
fi=(309)
78 703
fi=(297)
2029 703
fi=(174)
2457 1406
fi=(297)
2029 703
fi=(309)
78 703
fi=(297)
2029 703
fi=(309)
79 703
fi=(174)
2457 703
fi=(297)
2029 2812
fi=(309)
323 2109
fe=(308)
702 2109
-8 2315
fi=(309)
203 926
+1 926
+1 926
+1 463
fi=(281)
84 4167
fi=(174)
3928 1389
fi=(309)
233 1389
cfn=(1298)
calls=463 +23 
* 25928
fi=(174)
3928 926
fi=(309)
233 1389
cfn=(1298)
calls=463 +23 
* 25928
+81 1389
-2 926
+4 926
fi=(174)
2457 926
fi=(297)
2029 463
fi=(174)
2457 463
fi=(309)
78 463
fi=(297)
2029 463
fi=(309)
79 463
fi=(297)
2029 463
fi=(174)
2457 926
fi=(297)
2029 463
fi=(309)
79 463
fi=(297)
2029 926
fi=(309)
78 463
318 463
+2 463
fi=(174)
2457 926
fi=(297)
2029 463
fi=(309)
78 463
fi=(297)
2029 926
fi=(309)
79 463
fi=(174)
2457 463
fi=(297)
2029 463
fi=(174)
2457 463
fi=(309)
79 463
fi=(297)
2029 463
fi=(309)
78 463
fi=(297)
2029 463
fi=(174)
2457 926
fi=(297)
2029 463
fi=(309)
78 463
fi=(297)
2029 926
fi=(309)
79 463
fi=(174)
2457 463
fi=(297)
2029 463
fi=(174)
2457 463
fi=(309)
79 463
fi=(297)
2029 463
fi=(309)
78 463
fi=(297)
2029 463
fi=(174)
2457 926
fi=(297)
2029 463
fi=(309)
78 463
fi=(297)
2029 463
fi=(309)
79 463
fi=(174)
2457 463
fi=(297)
2029 1852
fi=(309)
323 1389
fe=(308)
702 1852
-8 1800
fi=(309)
203 1200
+1 1200
+1 1200
+1 600
fi=(281)
84 6000
fi=(309)
306 2400
cfn=(1298)
calls=600 -50 
* 23000
fe=(308)
+57 3000
cfi=(309)
cfn=(1298)
calls=600 256 
* 21000
fi=(309)
-49 1800
-2 1200
+4 1200
fi=(174)
2457 1200
fi=(297)
2029 600
fi=(174)
2457 600
fi=(309)
78 600
fi=(297)
2029 600
fi=(309)
79 600
fi=(297)
2029 600
fi=(174)
2457 1200
fi=(297)
2029 600
fi=(309)
79 600
fi=(297)
2029 1200
fi=(309)
78 600
318 600
+2 600
fi=(174)
2457 1200
fi=(297)
2029 600
fi=(309)
78 600
fi=(297)
2029 1200
fi=(309)
79 600
fi=(174)
2457 600
fi=(297)
2029 600
fi=(174)
2457 600
fi=(309)
79 600
fi=(297)
2029 600
fi=(309)
78 600
fi=(297)
2029 600
fi=(174)
2457 1200
fi=(297)
2029 600
fi=(309)
78 600
fi=(297)
2029 1200
fi=(309)
79 600
fi=(174)
2457 600
fi=(297)
2029 600
fi=(174)
2457 600
fi=(309)
79 600
fi=(297)
2029 600
fi=(309)
78 600
fi=(297)
2029 600
fi=(174)
2457 1200
fi=(297)
2029 600
fi=(309)
78 600
fi=(297)
2029 600
fi=(309)
79 600
fi=(174)
2457 600
fi=(297)
2029 2400
fi=(309)
323 1800
fe=(308)
702 1800
-8 1620
fi=(309)
203 1080
+1 1080
+1 1080
+1 540
fi=(281)
84 5400
fi=(309)
306 2160
cfn=(1298)
calls=2633 -50 
* 29094
fe=(308)
+57 2700
cfi=(309)
cfn=(1298)
calls=2633 256 
* 24580
fi=(309)
-49 1620
-2 1080
+4 1080
fi=(174)
2457 1080
fi=(297)
2029 540
fi=(174)
2457 540
fi=(309)
78 540
fi=(297)
2029 540
fi=(309)
79 540
fi=(297)
2029 540
fi=(174)
2457 1080
fi=(297)
2029 540
fi=(309)
79 540
fi=(297)
2029 1080
fi=(309)
78 540
318 540
+2 540
fi=(174)
2457 1080
fi=(297)
2029 540
fi=(309)
78 540
fi=(297)
2029 1080
fi=(309)
79 540
fi=(174)
2457 540
fi=(297)
2029 540
fi=(174)
2457 540
fi=(309)
79 540
fi=(297)
2029 540
fi=(309)
78 540
fi=(297)
2029 540
fi=(174)
2457 1080
fi=(297)
2029 540
fi=(309)
78 540
fi=(297)
2029 1080
fi=(309)
79 540
fi=(174)
2457 540
fi=(297)
2029 540
fi=(174)
2457 540
fi=(309)
79 540
fi=(297)
2029 540
fi=(309)
78 540
fi=(297)
2029 540
fi=(174)
2457 1080
fi=(297)
2029 540
fi=(309)
78 540
fi=(297)
2029 540
fi=(309)
79 540
fi=(174)
2457 540
fi=(297)
2029 2160
fi=(309)
323 1620
fe=(308)
702 1620

fl=(285)
fn=(1040)
987 5030
+5 1006
0 503
1800 503
+1 503
+3 1006
+17 1006
fi=(286) /rustc/59807616e1fa2540724bfbac14d7976d7e4a3860/library/core/src/../../portable-simd/crates/core_simd/src/vector.rs
153 2515
fe=(285)
1826 1509
fi=(286)
153 2515
fi=(270)
-64 503
fe=(285)
1833 3018
+45 2012
0 1006
1891 3018
+2 1006
0 503
fi=(233)
547 1006
fi=(484) /rustc/59807616e1fa2540724bfbac14d7976d7e4a3860/library/core/src/../../portable-simd/crates/core_simd/src/simd/cmp/eq.rs
31 1006
fi=(485) /rustc/59807616e1fa2540724bfbac14d7976d7e4a3860/library/core/src/../../portable-simd/crates/core_simd/src/masks.rs
481 503
314 503
fe=(285)
1893 1006
fi=(233)
547 2
fi=(484)
31 2
fi=(485)
481 1
314 1
fe=(285)
1893 2
0 504
1891 1512
0 1
1891 2
+12 503
fi=(262)
863 1006
fi=(233)
547 1006
fi=(484)
31 1006
fi=(485)
481 503
314 503
fe=(285)
1905 1006
1013 4527
-26 40
+5 10
0 5
1821 10
fi=(286)
153 55
fe=(285)
1833 20
+45 20
fi=(264)
0 10
fe=(285)
1891 25
0 10
fi=(233)
547 10
fi=(484)
31 10
fi=(485)
481 5
314 5
fe=(285)
1893 10
fi=(233)
547 4
fi=(484)
31 4
fi=(485)
481 2
314 2
fe=(285)
1893 4
0 7
1891 21
0 2
1891 4
fi=(233)
547 10
fi=(484)
31 10
fi=(485)
481 5
314 5
fe=(285)
1905 10
1013 45

fn=(1074)
432 88080
fi=(174)
923 29360
0 14680
fe=(285)
438 29360
0 36700
fi=(274)
27 51380
fi=(174)
927 14680
fi=(270)
89 7340
fi=(274)
-62 14680
+12 3006
-39 3006
40 32820
+4 16410
-5 34323
fi=(233)
2292 11674
fi=(274)
71 11674
-71 8442
91 2814
-91 5628
89 2814
-70 11256
+71 2814
-71 8442
+72 11256
-91 19
91 19
-91 38
89 19
-70 76
+71 19
-71 57
+72 76
+4 802
-14 2406
-81 6046
40 21174
+4 9077
-5 18154
-39 1513
81 3026
-81 2988
39 7470
-39 2833
39 14165
-39 4327
40 25382
-1 28324
fe=(285)
457 15087
+1 35203
0 5029
fi=(270)
89 10058
fi=(264)
+65 25145
cob=(2)
cfi=(290)
cfn=(1082)
calls=16822 -81 
* 50290
* 30174
fe=(285)
461 5029
+1 20116
+6 2311
0 4622
472 18488
0 5029
472 40232
-40 456
fi=(174)
923 152
0 76
fe=(285)
438 152
0 190
fi=(274)
27 266
fi=(174)
927 76
fi=(270)
89 38
fi=(274)
-62 76
+12 8
-39 8
40 80
+4 40
-5 84
fi=(233)
2292 68
fi=(274)
71 68
-71 30
91 10
-91 20
89 10
-70 40
+71 10
-71 30
+72 40
-91 4
91 4
-91 8
89 4
-70 16
+71 4
-71 12
+72 16
-91 48
40 188
+4 84
-5 168
-39 14
81 28
-81 20
39 50
-39 14
39 70
-39 24
40 256
-1 336
fe=(285)
457 84
+1 196
0 28
fi=(270)
89 56
fi=(264)
+65 140
cob=(2)
cfi=(290)
cfn=(1082)
calls=746 -81 
* 280
* 168
fe=(285)
461 28
+1 112
+6 10
0 20
472 80
0 28
472 224

fn=(1220)
499 816
+1 306
fi=(174)
923 612
0 1530
927 204
fe=(285)
507 408
cfi=(274)
cfn=(1224)
calls=7417 111 
* 17235
* 204
+3 102
+8 408
+2 510
fi=(174)
923 204
0 102
fi=(270)
89 408
fi=(264)
+65 102
cob=(2)
cfi=(290)
cfn=(1082)
calls=7416 -81 
* 1020
* 306
fe=(285)
521 102
+2 204
+1 510
0 306
546 816

fl=(280)
fn=(1692)
1508 5530
fi=(304)
1365 553
fi=(310)
-56 1106
0 553
258 3871
cfi=(308)
cfn=(1296)
calls=555 694 
* 140882
* 553
fi=(324)
48 1106
fi=(304)
2492 4424
0 553
fi=(233)
547 553
fi=(311)
1563 1659
fi=(315)
50 1106
-50 3318
fi=(314)
641 553
fi=(304)
2073 1106
fi=(239)
1072 1106
fi=(264)
20 1106
fi=(304)
1236 2212
fi=(264)
154 2765
cob=(2)
cfi=(290)
cfn=(1082)
calls=555 -81 
* 10693
* 2212
fi=(297)
434 553
fe=(280)
1510 1659
fi=(265)
0 1106
fe=(280)
1520 1106
cfi=(299)
cfn=(5152)
calls=554 631 
* 7742
fi=(244)
2173 1106
fe=(280)
1521 2212
+1 4977

fn=(1612)
381 9
fi=(334) /home/zhuhe/code/litchi/crates/litchi-opc/src/limits.rs
115 4
cob=(2)
cfi=(211)
cfn=(720)
calls=2 255 
* 30
* 1
fe=(280)
386 2
cfi=(300)
cfn=(1616)
calls=2 232 
* 3361
fi=(310)
193 1
fi=(304)
2697 1
3311 3
2676 2
fi=(174)
3051 2
fi=(297)
457 1
fi=(174)
769 1
fi=(304)
224 1
+1 1
fi=(174)
769 6
fi=(297)
457 2
fi=(298)
186 3
0 1
95 1
fi=(243)
-82 1
+1 2
cob=(2)
cfi=(155)
cfn=(650)
calls=2 3283 
* 300
* 4
fi=(335)
+5 2
fi=(239)
961 1
fi=(304)
185 6
3325 4
2665 1
fi=(233)
547 4
cob=(2)
cfi=(211)
cfn=(720)
calls=2 255 
* 53
fi=(304)
2210 2
3851 2
0 1
fi=(311)
1320 1
fi=(304)
3595 2
fi=(262)
863 4
fi=(315)
50 242
-50 15
fi=(311)
1320 15
fi=(239)
1072 15
fi=(262)
863 15
fi=(315)
113 30
-63 15
-50 121
fi=(314)
641 121
fi=(239)
1072 242
fi=(260)
2352 121
fi=(252)
459 363
fi=(260)
2352 242
fi=(243)
14 242
cob=(2)
cfi=(155)
cfn=(650)
calls=142 3283 
* 20794
fi=(252)
468 242
0 121
fi=(233)
547 484
cob=(2)
cfi=(211)
cfn=(720)
calls=142 255 
* 1344
* 121
0 121
fi=(299)
43 363
cfn=(1664)
calls=121 -7 
* 458760
* 121
fi=(304)
-43 484
fi=(262)
619 484
fi=(239)
1072 605
fi=(233)
1917 726
fi=(304)
3472 242
3851 363
0 1
3478 2
+1 2
3338 6
fi=(310)
192 7
fi=(313)
1398 1
fi=(310)
193 1
fi=(304)
2697 1
3311 2
2676 2
fi=(174)
3051 2
fi=(297)
457 1
fi=(304)
0 1
225 1
fi=(174)
769 6
fi=(297)
457 2
fi=(298)
186 3
0 1
95 1
fi=(243)
-82 1
+1 2
cob=(2)
cfi=(155)
cfn=(650)
calls=1 3283 
* 304
* 2
fi=(335)
+5 2
fi=(239)
961 2
fi=(304)
185 6
3325 4
2665 3
fi=(233)
547 2
cob=(2)
cfi=(211)
cfn=(720)
calls=1 255 
* 51
* 1
fi=(304)
2210 2
3851 2
0 1
fi=(311)
1320 1
fi=(304)
3595 2
fi=(262)
863 4
0 726
619 484
fi=(239)
1072 484
fi=(233)
1917 1694
fi=(304)
3472 121
3851 242
fi=(315)
50 242
-50 15
fi=(311)
1320 15
fi=(239)
1072 15
fi=(262)
863 15
fi=(315)
113 30
-63 15
fi=(314)
499 121
641 121
fi=(239)
1072 363
fi=(260)
2352 121
fi=(252)
459 242
0 242
fi=(260)
2352 121
fi=(243)
14 242
cob=(2)
cfi=(155)
cfn=(650)
calls=121 3283 
* 21061
fi=(252)
468 242
0 121
fi=(233)
547 484
cob=(2)
cfi=(211)
cfn=(720)
calls=121 255 
* 1344
* 484
0 121
fi=(336)
250 121
0 484
250 363
0 1
fi=(304)
3478 2
+1 2
3338 7
fi=(310)
192 6
fi=(313)
1398 1
fi=(265)
2262 4
+2 1
fi=(334)
115 4
cob=(2)
cfi=(211)
cfn=(720)
calls=2 255 
* 30
fi=(265)
2262 3
fi=(337)
0 2
fi=(310)
193 1
fi=(304)
2697 1
3311 2
2676 1
fi=(174)
3051 2
fi=(297)
457 1
fi=(174)
3051 2
fi=(304)
225 1
fi=(174)
769 6
fi=(297)
457 2
fi=(298)
186 3
-91 1
fi=(243)
-82 1
+1 2
cob=(2)
cfi=(155)
cfn=(650)
calls=1 3283 
* 315
* 1
fi=(335)
+5 2
fi=(239)
961 2
fi=(304)
185 6
3325 5
2665 3
fi=(233)
547 2
cob=(2)
cfi=(211)
cfn=(720)
calls=1 255 
* 53
* 1
fi=(304)
2210 2
3851 2
0 1
fi=(311)
1320 1
fi=(304)
3595 2
fi=(262)
863 3
fi=(315)
50 230
-50 15
fi=(311)
1320 15
fi=(239)
1072 15
fi=(262)
863 15
fi=(315)
113 30
-63 15
fi=(314)
641 115
fi=(239)
1072 345
fi=(260)
2352 115
fi=(252)
459 345
0 115
fi=(260)
2352 230
fi=(243)
14 230
cob=(2)
cfi=(155)
cfn=(650)
calls=115 3283 
* 20003
fi=(252)
468 230
0 115
fi=(233)
547 460
cob=(2)
cfi=(211)
cfn=(720)
calls=115 255 
* 1283
* 230
fi=(486) /rustc/59807616e1fa2540724bfbac14d7976d7e4a3860/library/core/src/clone.rs
236 115
fi=(173)
3923 115
fi=(337)
2405 115
fi=(304)
0 460
fi=(262)
619 115
fi=(239)
1072 230
fi=(262)
619 230
fi=(233)
1917 575
fi=(304)
3472 230
3851 230
0 1
3478 2
+1 2
3338 6
fi=(310)
192 7
fi=(313)
1398 1
fi=(265)
2262 3
fi=(173)
3923 1
fi=(337)
2405 1
fi=(265)
0 1
2262 3
fi=(173)
3923 1
fi=(337)
2405 1
fi=(265)
0 1
fe=(280)
424 1
+22 1
+6 1
fi=(265)
2262 3
fi=(337)
0 5
fe=(280)
458 1
fi=(252)
+1 4
fi=(253)
965 2
2168 2
fi=(256)
440 6
fe=(280)
34 1
381 5
cob=(2)
cfi=(211)
cfn=(720)
calls=2 255 
* 30
* 34
cob=(2)
cfi=(211)
cfn=(720)
calls=2 255 
* 30
* 29

fn=(5128)
1477 9
fi=(304)
2210 1
3851 2
0 1
2479 1
fi=(311)
1320 1
fi=(313)
544 2
fi=(262)
863 2
fi=(315)
50 2
fi=(314)
499 1
641 1
fi=(315)
38 2
fi=(239)
1072 2
fi=(304)
3861 1
fi=(252)
612 1
fi=(253)
1815 1
fi=(264)
20 4
154 3
cob=(2)
cfi=(290)
cfn=(1082)
calls=2 -81 
* 29
* 1
fi=(259)
2945 1
fe=(280)
1499 9
0 1
fi=(304)
3851 2
0 2
fi=(315)
50 4
fi=(314)
641 2
fi=(239)
1072 4
fi=(252)
612 2
fi=(253)
1815 2
fi=(264)
20 8
fi=(259)
-20 8
fi=(304)
3851 2
fe=(280)
0 1
1492 3
fi=(348) /home/zhuhe/code/litchi/crates/litchi-opc/src/lib.rs
0 2
fe=(280)
1497 2
cfi=(300)
cfn=(5142)
calls=2 205 
* 4219
fi=(244)
2173 1
0 3
2173 1
0 2
2173 2
fe=(280)
1497 5
+1 3
cfn=(1692)
calls=2 +10 
* 337
fi=(252)
632 2
fi=(233)
805 1
fi=(243)
48 1
cob=(2)
cfi=(155)
cfn=(762)
calls=2 3319 
* 33
* 1
fe=(280)

fl=(353)
fn=(2224)
89 1824135
fi=(287)
+44 1094481
+12 729654
0 2553054
217 68
-72 1717022
+19 1026501
+1 2053002
fi=(174)
2494 2052934
fi=(287)
222 2052934
+23 1716954
-7 16
-14 336012
+9 16
+1 48
+7 335980
0 167990
241 974986
+1 487493
-1 1142976
+38 102
-94 102
-30 34
+2 68
+3 34
+32 136
+2 102
+2 18
0 68
155 34
+2 68
+42 68
fe=(353)
94 1459308
-94 364827
98 1459308

fl=(462)
fn=(5506) litchi_pptx::parts::slide::root_name_from_xml
35 800
fi=(362)
780 1400
fi=(439)
59 100
cfi=(375)
cfn=(4108)
calls=100 571 
* 130550
-59 100
57 3000
+17 500
-5 600
cfi=(362)
cfn=(5200)
calls=200 978 
* 148160
+1 800
cfn=(5212)
calls=200 +10 
* 340570
fi=(244)
2173 200
0 1200
2173 400
fi=(439)
583 1200
+1 800
cfi=(375)
cfn=(4134)
calls=200 933 
* 20500
0 200
fi=(244)
2174 2200
fe=(462)
38 600
+1 600
-39 200
39 600
fi=(233)
805 700
fi=(293)
0 300
fe=(462)
40 600
fi=(270)
438 300
fi=(262)
863 200
fi=(173)
3890 200
fi=(356)
153 400
cfn=(2286)
calls=100 -75 
* 4100
0 200
fi=(265)
2766 200
fi=(262)
619 200
fi=(270)
-46 200
89 200
fi=(173)
3890 200
fi=(356)
153 400
cfn=(2286)
calls=100 -75 
* 4100
* 100
fi=(265)
2766 200
fi=(262)
619 200
fi=(270)
-46 200
89 200
fi=(264)
-69 200
154 400
cob=(2)
cfi=(290)
cfn=(1082)
calls=100 -81 
* 1909
* 100
fi=(450) /home/zhuhe/code/litchi/crates/litchi-pptx/src/namespace.rs
22 100
fe=(462)
-22 200
fi=(233)
805 300
fe=(462)
55 300
fi=(233)
805 400
fi=(252)
632 200
fi=(233)
805 100
fi=(243)
48 100
cob=(2)
cfi=(155)
cfn=(762)
calls=100 3319 
* 3300
fi=(252)
632 200
fi=(233)
805 100
fi=(243)
48 100
cob=(2)
cfi=(155)
cfn=(762)
calls=100 3319 
* 3300
fi=(252)
632 200
fi=(233)
805 100
fi=(243)
48 100
cob=(2)
cfi=(155)
cfn=(762)
calls=100 3319 
* 14499
fi=(252)
632 200
fi=(233)
805 100
fi=(243)
48 100
cob=(2)
cfi=(155)
cfn=(762)
calls=100 3319 
* 14930
fe=(462)
+8 800
-56 200
fi=(450)
25 800
fi=(264)
-5 400
154 300
0 100
154 100
cob=(2)
cfi=(290)
cfn=(1082)
calls=100 -81 
* 1700
* 100
fe=(462)
41 100
fi=(173)
3890 200
fi=(356)
153 400
cfn=(2286)
calls=100 -75 
* 4100
fi=(265)
2766 200
fi=(262)
619 200
fi=(270)
-46 300
89 200
-89 100
fi=(297)
457 100
fi=(252)
+2 100
0 100
fi=(298)
95 300
cfi=(164)
cfn=(1762)
calls=100 -95 
* 9878
fi=(252)
468 200
fi=(256)
0 100
fi=(233)
547 400
cob=(2)
cfi=(211)
cfn=(720)
calls=100 255 
* 1800
* 100
0 100
fi=(260)
561 300
cfi=(353)
cfn=(2224)
calls=100 89 
* 5400
* 200
fi=(244)
0 100
967 500
fe=(462)

fn=(5502)
1131 1400
fi=(339)
337 600
0 100
337 300
0 100
339 100
0 300
fe=(462)
1137 100
cfn=(5506)
calls=100 35 
* 740196
fi=(244)
2173 300
+1 200
fi=(264)
20 200
154 500
fe=(462)
1137 100
fi=(252)
632 200
fi=(243)
48 100
cob=(2)
cfi=(155)
cfn=(762)
calls=100 3319 
* 8590
fi=(339)
337 1100
0 100
339 100
fi=(253)
0 500
fi=(362)
780 1400
fi=(439)
59 100
cfi=(375)
cfn=(4108)
calls=100 571 
* 130586
-2 3100
+17 1000
-5 900
cfi=(362)
cfn=(5200)
calls=300 978 
* 211460
+1 1200
cfn=(5212)
calls=300 +10 
* 377715
fi=(244)
2173 300
0 1800
2173 600
fi=(439)
583 1800
+1 1200
cfi=(375)
cfn=(4134)
calls=300 933 
* 37600
fi=(244)
967 3300
fi=(450)
56 1300
fi=(233)
805 300
fi=(263)
350 200
fi=(379)
218 200
fi=(270)
438 400
fi=(263)
-88 200
fi=(262)
863 200
fi=(173)
3890 400
fi=(356)
153 600
cfn=(2286)
calls=200 -75 
* 8200
fi=(265)
2766 400
fi=(262)
619 400
fi=(270)
-46 400
89 200
fi=(264)
-69 700
154 100
fi=(450)
22 100
fi=(233)
805 900
fi=(243)
0 100
fi=(450)
25 1000
fi=(264)
-5 400
154 500
cob=(2)
cfi=(290)
cfn=(1082)
calls=100 -81 
* 1700
* 100
fi=(450)
-96 100
-58 300
fi=(252)
632 200
fi=(233)
805 100
fi=(243)
48 100
cob=(2)
cfi=(155)
cfn=(762)
calls=100 3319 
* 3300
fi=(252)
632 200
fi=(233)
805 100
fi=(243)
48 100
cob=(2)
cfi=(155)
cfn=(762)
calls=100 3319 
* 3300
fi=(252)
632 200
fi=(233)
805 100
fi=(243)
48 100
cob=(2)
cfi=(155)
cfn=(762)
calls=100 3319 
* 14477
fi=(252)
632 200
fi=(233)
805 100
fi=(243)
48 100
cob=(2)
cfi=(155)
cfn=(762)
calls=100 3319 
* 14800
-48 100
fe=(462)
1141 200
fi=(244)
594 100
fi=(464)
66 100
-66 100
fe=(462)
1141 300
fi=(265)
1545 200
fe=(462)
0 100
1169 600
fi=(233)
805 900
fe=(462)
1170 200
fi=(244)
835 200
fi=(265)
1065 300
+1 200
0 200
fe=(462)
1171 2100
+1 800
fi=(339)
337 900
fi=(450)
0 100
fi=(233)
805 300
fi=(339)
338 300
0 300
fi=(465)
334 1000
cfn=(5562)
calls=100 +22 
* 329491411
* 100
0 100
fi=(325)
433 100
fi=(233)
805 100
0 100
805 200
cfn=(5638)
calls=100 * 
* 3000
* 100
0 100
fi=(450)
57 400
+4 500
cfi=(455)
cfn=(5336)
calls=100 +59 
* 117643
fi=(244)
2173 100
0 300
2173 200
0 100
fi=(265)
1097 200
0 900
fi=(450)
0 400
fi=(233)
805 200
fi=(450)
67 200
fe=(462)

fl=(463)
fn=(5610)
222 1004014
+52 547644
0 91274
fi=(173)
3890 182548
fi=(356)
153 456370
cfn=(2266)
calls=91274 -75 
* 6200559
fi=(265)
2766 182548
fi=(253)
0 91274
fe=(463)
307 182548
0 91274
313 365096
0 182548
224 821466

fl=(361)
fn=(2270) memchr::arch::x86_64::avx2::memchr::Two::find_raw_avx2
804 546054
fi=(233)
547 273027
fi=(363)
676 273027
+1 273027
fi=(364) /rustc/59807616e1fa2540724bfbac14d7976d7e4a3860/library/core/src/../../stdarch/crates/core_arch/src/x86/avx2.rs
+22 546054
2315 273027
2163 273027
fi=(371) /home/zhuhe/.cargo/registry/src/index.crates.io-1949cf8c6b5b557f/memchr-2.8.3/src/vector.rs
147 273027
fi=(363)
679 273027
fi=(174)
178 263023
fi=(363)
0 526046
fe=(361)
810 526046
fi=(363)
0 20008
fi=(262)
863 20008
fi=(363)
521 80032
0 10001
fi=(376) /rustc/59807616e1fa2540724bfbac14d7976d7e4a3860/library/core/src/../../stdarch/crates/core_arch/src/x86/avx.rs
1688 20002
fi=(364)
699 40004
2315 30003
2163 10001
fi=(371)
147 10001
fi=(363)
534 10001
0 3
550 6
+11 6
fi=(233)
-14 3
fi=(364)
699 6
2315 3
2163 3
fi=(371)
147 3
fi=(363)
679 3
fe=(361)
0 3
810 6
fi=(371)
162 20002
-15 10001
fi=(363)
536 10001
fi=(174)
178 3849
fi=(363)
0 7698
fe=(361)
810 7698
fi=(371)
162 18456
fi=(174)
+16 6152
fi=(487) /home/zhuhe/.cargo/registry/src/index.crates.io-1949cf8c6b5b557f/memchr-2.8.3/src/lib.rs
0 18456
fe=(361)
810 12304

fn=(2290) memchr::arch::x86_64::avx2::memchr::One::find_raw_avx2
396 22682
fi=(363)
+26 11341
fi=(364)
2163 22682
fi=(371)
147 11341
fi=(363)
423 11341
0 905
155 1810
fe=(361)
402 1810
fi=(363)
0 21718
fi=(262)
863 32577
fi=(363)
171 86872
0 21512
186 21512
0 10756
fi=(364)
699 43024
2315 32268
2163 10756
fi=(371)
147 10756
fi=(363)
+39 10756
fi=(364)
699 81080
2315 60810
2163 20270
fi=(371)
147 20270
fi=(363)
+39 20270
0 20275
172 81100
0 15
212 10
0 103
212 206
0 102
fi=(364)
2163 204
fi=(371)
147 102
fi=(363)
423 102
fi=(364)
2163 300
fi=(371)
147 150
fi=(363)
423 150
fi=(262)
863 251
fi=(363)
212 502
+11 214
fi=(364)
2163 214
fi=(371)
147 428
fi=(363)
423 321
fe=(361)
-21 214
fi=(364)
2163 10751
fi=(371)
147 10751
fi=(363)
+41 10751
fi=(174)
-10 292
fi=(487)
0 876
fe=(361)
402 584
fi=(174)
178 1
fi=(262)
863 3
fe=(361)
402 2
fi=(364)
2163 10459
fi=(371)
147 10459
fi=(363)
+46 10459
fi=(364)
2163 10036
fi=(371)
147 10036
fi=(363)
+51 10036
fi=(174)
-20 1977
fi=(487)
0 5931
fe=(361)
402 3954
fi=(364)
2163 16118
fi=(174)
178 8059
fi=(487)
0 24177
fe=(361)
402 16118

fn=(2364) memchr::arch::x86_64::avx2::memchr::Three::find_raw_avx2
1191 916274
fi=(233)
547 458137
fi=(363)
968 458137
+1 458137
+1 458137
fi=(364)
699 916274
2315 458137
699 458137
2315 458137
2163 458137
fi=(371)
147 458137
fi=(363)
972 458137
fi=(174)
178 457214
fi=(363)
0 914428
fe=(361)
1197 914428
fi=(363)
0 1846
fi=(262)
863 1846
fi=(363)
-70 7384
0 923
fi=(376)
1688 1846
fi=(364)
699 5538
2315 4615
2163 923
fi=(371)
147 923
fi=(363)
810 923
fi=(371)
162 2769
-15 923
fi=(363)
815 923
fi=(174)
178 303
fi=(363)
0 606
fe=(361)
1197 606
fi=(371)
162 2480
fi=(174)
+16 620
fi=(487)
0 1860
fe=(361)
1197 1240

fn=(2268)
654 364611
+5 729222
0 364400
fi=(262)
619 364400
fe=(361)
+44 728800
+1 182746
0 182494
fi=(363)
1161 182494
0 91247
1162 91247
fe=(361)
668 182494
fi=(363)
1162 216225
fe=(361)
668 1047192
fi=(262)
384 307371
fi=(363)
1161 614742
0 91146
fe=(361)
694 182292
-1 546054
cfn=(2270)
calls=549815 804 
* 4683135
+1 546054
fi=(233)
547 126
fi=(363)
676 126
+1 126
fi=(311)
914 378
-25 126
1563 126
fi=(371)
147 126
fi=(363)
679 126
fi=(174)
178 106
fi=(262)
863 318
fe=(361)
694 212
0 101
694 202
fi=(262)
863 60
fi=(363)
550 40
0 3
fi=(233)
547 3
fi=(311)
914 9
-25 3
1563 3
fi=(371)
147 3
fi=(363)
679 3
fi=(262)
863 3
fi=(363)
550 6
+11 40
fi=(233)
-14 20
fi=(311)
914 40
-25 20
1563 20
fi=(371)
147 20
fi=(363)
679 20
fe=(361)
0 231
694 462

fn=(2288)
179 938534
+5 938534
0 469267
fi=(262)
619 938534
fe=(361)
188 938534
+1 915852
0 457670
fi=(363)
1161 915340
0 457670
fe=(361)
193 457670
fi=(363)
1162 457670
fe=(361)
193 530122
fi=(363)
1162 530122
fi=(262)
384 622192
fi=(363)
1161 1244384
0 92070
fe=(361)
219 184140
-1 34023
cfn=(2290)
calls=11703 396 
* 865912
+1 22682
fi=(233)
547 256
fi=(363)
422 256
fi=(311)
1563 512
fi=(371)
147 256
fi=(363)
423 256
fi=(174)
178 256
fi=(262)
863 256
0 256
fe=(361)
219 512
fi=(262)
0 365600
fe=(361)
219 731200

fn=(2362)
1037 458344
+5 916688
0 458344
fi=(262)
619 458344
fe=(361)
1046 916688
+1 414
0 303
fi=(363)
1161 202
0 101
1162 101
fe=(361)
1051 202
fi=(363)
1162 709
fe=(361)
1051 4254
fi=(262)
384 709
fi=(363)
1161 1418
fe=(361)
-83 916274
cfn=(2364)
calls=925294 1191 
* 8739085
+1 916274
fi=(233)
547 106
fi=(363)
968 106
+1 106
+1 106
fi=(311)
-56 424
-25 106
+25 106
-25 106
1563 106
fi=(371)
147 106
fi=(363)
972 106
fi=(174)
178 102
fi=(262)
863 306
fe=(361)
1079 204
0 101
1079 202
fi=(262)
863 12
fi=(363)
-31 8
+11 8
fi=(233)
547 4
fi=(311)
914 8
-25 4
+25 4
-25 4
1563 4
fi=(371)
147 4
fi=(363)
972 4
fi=(174)
178 4
fi=(262)
863 8
fe=(361)
1079 8

fl=(320)
fn=(2184) core::slice::sort::shared::smallsort::sort4_stable
612 90
+14 40
fi=(264)
317 30
+8 20
cob=(2)
cfi=(290)
cfn=(1082)
calls=10 73 
* 217
* 10
+1 20
fe=(320)
627 40
fi=(264)
317 30
+8 10
cob=(2)
cfi=(290)
cfn=(1082)
calls=10 73 
* 217
* 10
+1 20
fe=(320)
628 20
fi=(262)
863 40
fe=(320)
629 20
fi=(262)
863 60
fi=(236)
397 10
fi=(262)
863 30
fe=(320)
641 40
fi=(264)
317 30
+8 10
cob=(2)
cfi=(290)
cfn=(1082)
calls=10 73 
* 227
* 10
+1 20
fe=(320)
642 40
fi=(264)
317 30
+8 10
cob=(2)
cfi=(290)
cfn=(1082)
calls=10 73 
* 227
* 10
+1 20
fi=(236)
+71 20
fi=(295) /rustc/59807616e1fa2540724bfbac14d7976d7e4a3860/library/core/src/hint.rs
876 20
fi=(236)
397 20
fi=(295)
876 40
fi=(236)
397 10
fi=(295)
876 30
fe=(320)
649 40
fi=(264)
317 30
+8 10
cob=(2)
cfi=(290)
cfn=(1082)
calls=10 73 
* 220
* 10
+1 20
fi=(236)
+71 10
fi=(295)
876 40
fi=(233)
547 400
fe=(320)
658 80
-46 162
fi=(299)
+92 54
cfn=(5082)
calls=18 -97 
* 36
fi=(252)
-92 18
fi=(253)
1815 18
fi=(299)
704 54
cfn=(5082)
calls=18 -97 
* 36
fi=(252)
-92 18
fi=(253)
1815 18
fi=(264)
317 54
+8 36
cob=(2)
cfi=(290)
cfn=(1082)
calls=18 73 
* 397
* 18
+1 36
fi=(236)
+71 54
fi=(299)
704 54
cfn=(5082)
calls=18 -97 
* 36
fi=(252)
-92 18
fi=(253)
1815 18
fi=(299)
704 54
cfn=(5082)
calls=18 -97 
* 36
fi=(252)
-92 18
fi=(253)
1815 18
fi=(264)
317 54
+8 36
cob=(2)
cfi=(290)
cfn=(1082)
calls=18 73 
* 389
* 18
+1 36
fe=(320)
628 18
fi=(262)
863 270
fi=(299)
704 54
cfn=(5082)
calls=18 -97 
* 36
fi=(252)
-92 36
fi=(253)
1815 18
fi=(299)
704 54
cfn=(5082)
calls=18 -97 
* 36
fi=(252)
-92 18
fi=(253)
1815 18
fi=(264)
317 72
+8 36
cob=(2)
cfi=(290)
cfn=(1082)
calls=18 73 
* 388
* 18
+1 36
fi=(299)
704 54
cfn=(5082)
calls=18 -97 
* 36
fi=(252)
-92 18
fi=(253)
1815 18
fi=(299)
704 54
cfn=(5082)
calls=18 -97 
* 36
fi=(252)
-92 18
fi=(253)
1815 18
fi=(264)
317 54
+8 54
cob=(2)
cfi=(290)
cfn=(1082)
calls=18 73 
* 404
* 18
+1 36
fi=(236)
+71 36
fi=(295)
876 36
fi=(236)
397 36
fi=(295)
876 54
fi=(236)
397 36
fi=(295)
876 54
fi=(299)
704 54
cfn=(5082)
calls=18 -97 
* 36
fi=(252)
-92 18
fi=(253)
1815 18
fi=(299)
704 54
cfn=(5082)
calls=18 -97 
* 36
fi=(252)
-92 18
fi=(253)
1815 18
fi=(264)
317 54
+8 36
cob=(2)
cfi=(290)
cfn=(1082)
calls=18 73 
* 380
* 18
+1 36
fi=(236)
+71 18
fi=(295)
876 54
fi=(233)
547 180
fe=(320)
658 144

fn=(2182) core::slice::sort::shared::smallsort::small_sort_general
205 40
+21 10
+9 10
+17 10
0 5
626 10
fi=(479)
196 20
fi=(236)
1931 5
fi=(479)
196 10
fe=(320)
627 10
fi=(479)
196 20
fi=(236)
1931 5
fi=(479)
196 10
fi=(262)
863 15
fe=(320)
629 5
fi=(262)
863 40
fe=(320)
641 10
fi=(479)
196 20
fi=(236)
1931 5
fi=(479)
196 10
fe=(320)
642 10
fi=(479)
196 20
fi=(236)
1931 5
fi=(262)
863 5
fi=(479)
196 10
fi=(295)
876 15
fi=(262)
-13 5
fi=(295)
+13 20
fi=(262)
-13 5
fi=(295)
+13 15
fe=(320)
649 10
fi=(479)
196 20
fi=(236)
1931 5
fi=(479)
196 10
fi=(295)
876 20
fi=(233)
547 65
fi=(239)
961 15
fe=(320)
626 10
fi=(479)
196 20
fi=(236)
1931 5
fi=(479)
196 10
fe=(320)
627 10
fi=(479)
196 20
fi=(236)
1931 5
fi=(479)
196 10
fi=(262)
863 15
fe=(320)
629 5
fi=(262)
863 40
fe=(320)
641 10
fi=(479)
196 20
fi=(236)
1931 5
fi=(479)
196 10
fe=(320)
642 10
fi=(479)
196 20
fi=(236)
1931 5
fi=(262)
863 5
fi=(479)
196 10
fi=(295)
876 15
fi=(262)
-13 5
fi=(295)
+13 20
fi=(262)
-13 5
fi=(295)
+13 10
fi=(233)
547 5
fi=(295)
876 5
fe=(320)
649 10
fi=(479)
196 20
fi=(236)
1931 5
fi=(233)
547 5
fi=(479)
196 10
fi=(295)
876 15
fi=(233)
547 5
fi=(295)
876 5
fi=(233)
547 95
fi=(236)
1916 5
fi=(254) /rustc/59807616e1fa2540724bfbac14d7976d7e4a3860/library/core/src/iter/range.rs
772 6
fe=(320)
547 20
0 1
fi=(233)
547 4
fi=(174)
844 1
fi=(254)
-72 1
fi=(236)
1916 1
fi=(254)
772 1
fi=(233)
547 52
fi=(174)
844 13
fi=(254)
-72 13
fi=(236)
1916 13
fi=(254)
772 13
fi=(174)
+72 13
fi=(254)
-72 13
fi=(236)
1916 13
fi=(254)
772 13
fi=(239)
961 81
fi=(233)
547 162
fi=(479)
196 108
fi=(236)
1931 27
fi=(479)
196 54
fe=(320)
547 54
0 28
fi=(233)
1717 42
0 28
547 56
fe=(320)
+19 28
fi=(233)
0 31
547 124
fe=(320)
+19 62
fi=(479)
196 176
fi=(236)
1931 44
fi=(479)
196 88
fe=(320)
572 171
fi=(239)
961 20
fi=(236)
1916 5
fi=(254)
772 5
fe=(320)
0 4
547 12
0 3
fi=(233)
547 12
fi=(174)
844 3
fi=(254)
-72 3
fi=(236)
1916 3
fi=(254)
772 3
fi=(233)
547 64
fi=(174)
844 16
fi=(254)
-72 16
fi=(236)
1916 16
fi=(254)
772 16
fi=(174)
+72 10
fi=(254)
-72 10
fi=(236)
1916 10
fi=(254)
772 10
fi=(239)
961 58
fi=(233)
547 174
fi=(479)
196 116
fi=(236)
1931 29
fi=(479)
196 58
fe=(320)
547 58
0 19
fi=(233)
1717 57
0 38
547 76
fe=(320)
+19 38
fi=(233)
0 90
547 360
fe=(320)
+19 180
fi=(479)
196 424
fi=(236)
1931 106
fi=(479)
196 212
fe=(320)
572 350
0 5
814 15
fi=(239)
961 10
fi=(262)
-98 20
0 376
fi=(233)
547 188
fe=(320)
740 47
fi=(262)
468 188
fi=(239)
1072 47
fi=(236)
1916 47
fi=(254)
772 47
fe=(320)
-68 94
fi=(479)
196 188
fi=(236)
1931 47
fi=(479)
196 141
fe=(320)
705 94
0 24
fi=(233)
547 96
fe=(320)
737 48
fi=(479)
196 96
fi=(236)
1931 24
fi=(479)
196 72
fe=(320)
738 48
fi=(233)
547 92
fe=(320)
737 46
fi=(479)
196 92
fi=(236)
1931 23
fi=(479)
196 69
fe=(320)
738 46
0 50
fi=(262)
468 10
fi=(174)
3745 5
fe=(320)
826 5
0 6
837 16
218 40
827 10
+1 4
fi=(233)
547 8
fi=(262)
863 12
fe=(320)
-26 4
205 42
+21 12
+9 12
fi=(239)
961 36
fe=(320)
252 24
0 10
254 5
cfn=(2184)
calls=5 612 
* 1301
+1 15
cfn=(2184)
calls=5 612 
* 1307
* 10
-3 5
fi=(233)
547 21
0 5
fi=(236)
1916 1
fi=(254)
772 1
fi=(233)
0 25
fi=(236)
1916 5
fi=(254)
772 5
0 4
fe=(320)
547 20
0 2
fi=(233)
547 12
fi=(174)
844 1
fi=(254)
-72 1
fi=(236)
1916 1
fi=(254)
772 1
fe=(320)
0 24
fi=(233)
547 288
fi=(174)
844 24
fi=(254)
-72 24
fi=(236)
1916 24
fi=(254)
772 24
fi=(174)
+72 4
fi=(254)
-72 4
fi=(236)
1916 4
fi=(254)
772 4
fi=(239)
961 116
fi=(233)
547 406
fi=(264)
317 87
+8 58
cob=(2)
cfi=(290)
cfn=(1082)
calls=29 73 
* 656
* 29
+1 58
fi=(236)
+71 29
fe=(320)
547 29
0 100
fi=(233)
1717 125
0 50
547 250
fe=(320)
+19 50
fi=(233)
0 73
547 730
fe=(320)
+19 146
+6 194
fi=(264)
317 291
+8 194
cob=(2)
cfi=(290)
cfn=(1082)
calls=97 73 
* 2117
* 97
+1 194
fe=(320)
572 97
fi=(236)
397 97
fe=(320)
572 169
0 6
fi=(236)
1916 6
fi=(254)
772 6
fe=(320)
547 20
0 24
fi=(233)
547 88
fi=(174)
844 8
fi=(254)
-72 8
fi=(236)
1916 8
fi=(254)
772 8
fe=(320)
0 36
fi=(233)
547 198
fi=(174)
844 18
fi=(254)
-72 18
fi=(236)
1916 18
fi=(254)
772 18
fi=(174)
+72 3
fi=(254)
-72 3
fi=(236)
1916 3
fi=(254)
772 3
fi=(239)
961 116
fi=(233)
547 406
fi=(264)
317 87
+8 58
cob=(2)
cfi=(290)
cfn=(1082)
calls=29 73 
* 646
* 29
+1 58
fi=(236)
+71 29
fe=(320)
547 29
0 104
fi=(233)
1717 104
0 52
547 260
fe=(320)
+19 52
fi=(233)
0 103
547 1030
fe=(320)
+19 206
+6 242
fi=(264)
317 363
+8 242
cob=(2)
cfi=(290)
cfn=(1082)
calls=121 73 
* 2663
* 121
+1 242
fe=(320)
572 121
fi=(236)
397 121
fe=(320)
572 157
0 6
814 18
fi=(239)
961 12
fi=(262)
-98 24
0 36
fe=(320)
704 24
fi=(264)
317 24
+8 6
cob=(2)
cfi=(290)
cfn=(1082)
calls=6 73 
* 126
fi=(262)
0 220
fe=(320)
704 176
fi=(264)
317 176
+8 44
cob=(2)
cfi=(290)
cfn=(1082)
calls=44 73 
* 968
* 100
+1 100
fe=(320)
707 100
fi=(262)
863 200
fi=(236)
397 100
fe=(320)
705 50
fi=(233)
547 500
fi=(262)
863 50
fi=(239)
+98 100
fe=(320)
737 250
fi=(264)
317 150
+8 50
cob=(2)
cfi=(290)
cfn=(1082)
calls=50 73 
* 1108
* 100
+1 100
fi=(236)
+71 150
fe=(320)
738 150
fi=(233)
547 500
fe=(320)
740 50
fi=(262)
468 150
fe=(320)
741 50
fi=(262)
468 150
fi=(239)
1072 50
fi=(236)
1916 50
fi=(254)
772 50
fi=(262)
468 18
fi=(174)
3745 6
fe=(320)
826 6
fi=(262)
0 18
fe=(320)
837 24
218 48

fn=(2588)
580 8
fi=(239)
961 9
0 2
fi=(233)
547 11
fi=(239)
961 1
fe=(320)
599 4
fi=(239)
961 1
fe=(320)
599 4
0 2
547 8
fi=(264)
317 6
+8 4
cob=(2)
cfi=(290)
cfn=(1082)
calls=2 73 
* 44
* 2
+1 4
fi=(236)
+71 2
fe=(320)
547 2
fi=(233)
1717 11
0 2
547 10
fe=(320)
+19 2
+42 8
-9 4
0 16
fi=(239)
961 12
0 7
fi=(233)
547 7
fi=(239)
961 7
fe=(320)
599 21
fi=(239)
961 6
fe=(320)
599 18
-52 26
fi=(252)
+65 13
fi=(253)
1815 13
fi=(252)
612 13
fi=(253)
1815 13
fi=(264)
317 39
+8 13
cob=(2)
cfi=(290)
cfn=(1082)
calls=13 73 
* 300
* 13
+1 26
fi=(236)
+71 13
fe=(320)
547 13
0 14
fi=(233)
547 7
fe=(320)
+19 14
fi=(233)
-19 20
fe=(320)
+19 40
+6 27
fi=(252)
+40 27
fi=(253)
1815 27
fi=(252)
612 27
fi=(253)
1815 27
fi=(264)
317 81
+8 27
cob=(2)
cfi=(290)
cfn=(1082)
calls=27 73 
* 618
* 27
+1 54
fe=(320)
572 27
fi=(236)
397 27
fe=(320)
572 41
0 14
608 2

fn=(6082) core::slice::sort::shared::smallsort::bidirectional_merge
760 104
+54 26
fi=(262)
+49 156
0 78
fi=(299)
704 39
cfn=(5082)
calls=13 -97 
* 26
fi=(262)
0 385
fi=(299)
704 231
cfn=(5082)
calls=77 -97 
* 154
fi=(252)
-92 90
fi=(253)
1815 90
fi=(299)
704 270
cfn=(5082)
calls=90 -97 
* 180
fi=(252)
-92 90
fi=(253)
1815 90
fi=(264)
317 270
+8 270
cob=(2)
cfi=(290)
cfn=(1082)
calls=90 73 
* 1965
* 90
+1 180
fi=(236)
+71 270
fe=(320)
705 180
fi=(233)
547 270
fe=(320)
707 90
fi=(262)
863 450
fi=(299)
704 360
cfn=(5082)
calls=90 -97 
* 180
fi=(252)
-92 90
fi=(253)
1815 180
fi=(299)
704 270
cfn=(5082)
calls=90 -97 
* 180
fi=(252)
-92 90
fi=(253)
1815 90
fi=(264)
317 270
+8 180
cob=(2)
cfi=(290)
cfn=(1082)
calls=90 73 
* 1932
* 270
+1 180
fi=(236)
+71 360
fe=(320)
738 180
fi=(233)
547 270
fi=(262)
-79 180
fe=(320)
741 90
fi=(262)
468 180
fi=(236)
1916 270
fi=(254)
772 90
fi=(262)
468 26
fi=(174)
3745 13
fe=(320)
826 13
0 24
837 50
+4 104
0 1
827 5
+1 2
fi=(233)
547 2
fi=(262)
863 6
fe=(320)
-26 2

fl=(344)
fn=(1856)
21 9
+9 2
fi=(320)
319 2
+10 3
+1 1
+3 10
0 1
339 4
0 2
342 4
0 2
401 4
fi=(252)
612 2
fi=(253)
1815 2
fi=(252)
612 4
fi=(253)
1815 2
fi=(264)
317 8
+8 2
cob=(2)
cfi=(290)
cfn=(1082)
calls=2 73 
* 44
* 2
+1 4
fi=(236)
+71 2
fi=(233)
1717 6
638 4
fi=(320)
401 4
fi=(252)
612 2
fi=(253)
1815 2
fi=(252)
612 2
fi=(253)
1815 2
fi=(264)
317 6
+8 2
cob=(2)
cfi=(290)
cfn=(1082)
calls=2 73 
* 44
* 2
+1 4
fi=(236)
+71 2
fi=(233)
1717 6
638 4
fi=(320)
401 4
fi=(252)
612 2
fi=(253)
1815 2
fi=(252)
612 2
fi=(253)
1815 2
fi=(264)
317 6
+8 2
cob=(2)
cfi=(290)
cfn=(1082)
calls=2 73 
* 44
* 2
+1 4
fi=(236)
+71 2
fi=(233)
1717 4
638 4
fi=(320)
401 4
fi=(252)
612 2
fi=(253)
1815 2
fi=(252)
612 2
fi=(253)
1815 2
fi=(264)
317 6
+8 2
cob=(2)
cfi=(290)
cfn=(1082)
calls=2 73 
* 44
* 2
+1 4
fi=(236)
+71 2
fi=(233)
1717 4
638 4
fi=(252)
-26 2
fi=(253)
1815 4
fi=(252)
612 2
fi=(253)
1815 2
fi=(264)
317 6
+8 2
cob=(2)
cfi=(290)
cfn=(1082)
calls=2 73 
* 44
* 2
+1 4
fi=(236)
+71 4
fi=(233)
1717 6
638 4
fi=(252)
-26 2
fi=(253)
1815 2
fi=(252)
612 2
fi=(253)
1815 2
fi=(264)
317 8
+8 2
cob=(2)
cfi=(290)
cfn=(1082)
calls=2 73 
* 41
* 2
+1 4
fi=(236)
+71 2
fi=(233)
1717 6
638 2
fi=(252)
-26 2
fi=(253)
1815 4
fi=(252)
612 2
fi=(253)
1815 2
fi=(264)
317 6
+8 2
cob=(2)
cfi=(290)
cfn=(1082)
calls=2 73 
* 44
* 2
+1 4
fi=(236)
+71 2
fi=(233)
1717 4
638 4
fi=(320)
401 2
fi=(252)
612 2
fi=(253)
1815 2
fi=(252)
612 2
fi=(253)
1815 2
fi=(264)
317 6
+8 2
cob=(2)
cfi=(290)
cfn=(1082)
calls=2 73 
* 44
* 2
+1 4
fi=(236)
+71 2
fi=(233)
1717 6
638 2
fi=(252)
-26 2
fi=(253)
1815 4
fi=(252)
612 2
fi=(253)
1815 2
fi=(264)
317 6
+8 2
cob=(2)
cfi=(290)
cfn=(1082)
calls=2 73 
* 41
* 2
+1 4
fi=(236)
+71 2
fi=(233)
1717 6
638 6
fi=(320)
401 2
fi=(252)
612 2
fi=(253)
1815 2
fi=(252)
612 2
fi=(253)
1815 2
fi=(264)
317 6
+8 2
cob=(2)
cfi=(290)
cfn=(1082)
calls=2 73 
* 44
* 2
+1 4
fi=(236)
+71 2
fi=(233)
1717 4
638 2
fi=(252)
-26 2
fi=(253)
1815 4
fi=(252)
612 2
fi=(253)
1815 2
fi=(264)
317 6
+8 2
cob=(2)
cfi=(290)
cfn=(1082)
calls=2 73 
* 44
* 2
+1 4
fi=(236)
+71 2
fi=(233)
1717 6
638 2
fi=(252)
-26 2
fi=(253)
1815 4
fi=(252)
612 2
fi=(253)
1815 2
fi=(264)
317 6
+8 2
cob=(2)
cfi=(290)
cfn=(1082)
calls=2 73 
* 44
* 2
+1 4
fi=(236)
+71 2
fi=(233)
1717 6
638 2
fi=(252)
-26 2
fi=(253)
1815 2
fi=(252)
612 2
fi=(253)
1815 2
fi=(264)
317 6
+8 2
cob=(2)
cfi=(290)
cfn=(1082)
calls=2 73 
* 41
* 2
+1 4
fi=(236)
+71 2
fi=(233)
1717 6
638 4
fi=(252)
-26 2
fi=(253)
1815 2
fi=(252)
612 2
fi=(253)
1815 2
fi=(264)
317 6
+8 2
cob=(2)
cfi=(290)
cfn=(1082)
calls=2 73 
* 44
* 2
+1 4
fi=(236)
+71 2
fi=(233)
1717 4
638 4
fi=(252)
-26 2
fi=(253)
1815 4
fi=(252)
612 2
fi=(253)
1815 2
fi=(264)
317 6
+8 2
cob=(2)
cfi=(290)
cfn=(1082)
calls=2 73 
* 44
* 2
+1 4
fi=(236)
+71 2
fi=(233)
1717 6
638 4
fi=(320)
401 2
fi=(252)
612 2
fi=(253)
1815 2
fi=(252)
612 2
fi=(253)
1815 2
fi=(264)
317 6
+8 2
cob=(2)
cfi=(290)
cfn=(1082)
calls=2 73 
* 38
* 2
+1 4
fi=(236)
+71 4
fi=(233)
1717 6
638 6
fi=(252)
-26 2
fi=(253)
1815 4
fi=(252)
612 2
fi=(253)
1815 2
fi=(264)
317 8
+8 2
cob=(2)
cfi=(290)
cfn=(1082)
calls=2 73 
* 44
* 2
+1 4
fi=(236)
+71 2
fi=(233)
1717 6
638 4
fi=(252)
-26 2
fi=(253)
1815 4
fi=(252)
612 2
fi=(253)
1815 2
fi=(264)
317 6
+8 2
cob=(2)
cfi=(290)
cfn=(1082)
calls=2 73 
* 44
* 4
+1 4
fi=(236)
+71 2
fi=(233)
1717 4
638 4
fi=(252)
-26 2
fi=(253)
1815 2
fi=(252)
612 2
fi=(253)
1815 2
fi=(264)
317 6
+8 2
cob=(2)
cfi=(290)
cfn=(1082)
calls=2 73 
* 44
* 2
+1 4
fi=(236)
+71 2
fi=(233)
1717 4
638 4
-91 2
fi=(252)
+65 2
fi=(253)
1815 4
fi=(252)
612 2
fi=(253)
1815 2
fi=(264)
317 6
+8 2
cob=(2)
cfi=(290)
cfn=(1082)
calls=2 73 
* 44
* 2
+1 4
fi=(236)
+71 2
fi=(233)
1717 6
638 2
fi=(252)
-26 2
fi=(253)
1815 4
fi=(252)
612 2
fi=(253)
1815 2
fi=(264)
317 6
+8 2
cob=(2)
cfi=(290)
cfn=(1082)
calls=2 73 
* 44
* 2
+1 4
fi=(236)
+71 2
fi=(233)
1717 6
638 4
fi=(252)
-26 2
fi=(253)
1815 2
fi=(252)
612 2
fi=(253)
1815 2
fi=(264)
317 6
+8 2
cob=(2)
cfi=(290)
cfn=(1082)
calls=2 73 
* 44
* 2
+1 4
fi=(236)
+71 2
fi=(233)
1717 4
638 4
-91 2
fi=(252)
+65 2
fi=(253)
1815 4
fi=(252)
612 2
fi=(253)
1815 2
fi=(264)
317 6
+8 2
cob=(2)
cfi=(290)
cfn=(1082)
calls=2 73 
* 44
* 2
+1 4
fi=(236)
+71 2
fi=(233)
1717 4
638 6
-91 2
fi=(252)
+65 2
fi=(253)
1815 4
fi=(252)
612 2
fi=(253)
1815 2
fi=(264)
317 6
+8 2
cob=(2)
cfi=(290)
cfn=(1082)
calls=2 73 
* 44
* 2
+1 4
fi=(236)
+71 2
fi=(233)
1717 4
638 4
-91 2
fi=(252)
+65 2
fi=(253)
1815 4
fi=(252)
612 2
fi=(253)
1815 2
fi=(264)
317 6
+8 2
cob=(2)
cfi=(290)
cfn=(1082)
calls=2 73 
* 44
* 4
+1 4
fi=(236)
+71 2
fi=(233)
1717 4
638 4
-91 4
0 2
fi=(320)
586 2
+13 2
0 2
330 2
+21 2
0 4
355 9
0 2
fi=(239)
961 10
0 2
fi=(233)
547 3
fi=(239)
961 1
fi=(320)
599 3
fi=(239)
0 4
fi=(233)
547 12
fi=(239)
961 4
fi=(320)
599 12
fi=(239)
961 1
fi=(320)
599 3
-52 12
fi=(252)
+65 12
fi=(253)
1815 6
fi=(252)
612 6
fi=(253)
1815 6
fi=(264)
317 18
+8 12
cob=(2)
cfi=(290)
cfn=(1082)
calls=6 73 
* 132
* 6
+1 12
fi=(236)
+71 6
fi=(320)
547 6
0 25
fi=(233)
547 5
fi=(320)
+19 10
fi=(233)
-19 27
fi=(320)
+19 54
+6 31
fi=(252)
+40 31
fi=(253)
1815 31
fi=(264)
317 93
+8 62
cob=(2)
cfi=(290)
cfn=(1082)
calls=31 73 
* 682
* 31
+1 62
fi=(320)
572 31
fi=(236)
397 31
fi=(320)
572 39
0 3
fe=(344)
30 6
+7 6
fi=(346) /rustc/59807616e1fa2540724bfbac14d7976d7e4a3860/library/core/src/slice/sort/shared/pivot.rs
-9 9
fi=(262)
863 18
fi=(346)
34 9
+48 4
fi=(252)
612 6
fi=(253)
1815 2
fi=(252)
612 2
fi=(253)
1815 2
fi=(264)
317 12
+8 2
cob=(2)
cfi=(290)
cfn=(1082)
calls=2 73 
* 44
* 4
+1 6
fi=(346)
83 2
fi=(252)
612 4
fi=(253)
1815 2
fi=(264)
317 10
+8 4
cob=(2)
cfi=(290)
cfn=(1082)
calls=2 73 
* 44
* 2
+1 6
fi=(346)
84 10
-84 2
fi=(264)
317 5
+8 2
cob=(2)
cfi=(290)
cfn=(1082)
calls=1 73 
* 22
* 1
+1 2
fi=(346)
89 5
-52 4
cfn=(1878) core::slice::sort::shared::pivot::median3_rec
calls=1 +18 
* 530
* 2
fe=(344)
-37 1
fi=(262)
729 1
fe=(344)
50 5
-50 2
fi=(262)
729 2
fe=(344)
50 10
+1 4
fi=(252)
612 2
fi=(253)
1815 2
fi=(252)
612 2
fi=(253)
1815 4
fi=(264)
317 6
+8 2
cob=(2)
cfi=(290)
cfn=(1082)
calls=2 73 
* 44
* 2
+1 4
fi=(233)
547 2
fi=(236)
397 4
fe=(344)
51 2
fi=(233)
547 1
+91 3
0 2
638 2
-91 2
fi=(239)
961 4
fi=(233)
1717 4
fi=(239)
961 2
fe=(344)
0 6
312 8
fi=(233)
638 1
-91 1
fi=(239)
961 2
fi=(233)
1717 2
fi=(239)
961 1
fe=(344)
0 3
312 4
0 9
281 3
fi=(252)
612 3
fi=(253)
1815 3
fi=(264)
317 15
+8 3
cob=(2)
cfi=(290)
cfn=(1082)
calls=3 73 
* 66
fe=(344)
-44 84
fi=(252)
612 84
fi=(253)
1815 84
fi=(264)
317 420
+8 84
cob=(2)
cfi=(290)
cfn=(1082)
calls=84 73 
* 1859
* 87
+1 261
fi=(233)
638 261
-91 87
fe=(344)
288 174
-7 87
fi=(252)
612 87
fi=(253)
1815 87
fi=(264)
317 348
+8 87
cob=(2)
cfi=(290)
cfn=(1082)
calls=87 73 
* 1918
* 261
+1 174
fi=(233)
638 174
-91 261
fe=(344)
288 174
+24 261
-31 9
0 9
325 3
-44 3
0 2
281 2
fi=(252)
612 2
fi=(253)
1815 2
fi=(264)
317 6
+8 2
cob=(2)
cfi=(290)
cfn=(1082)
calls=2 73 
* 44
fi=(252)
612 3
fi=(253)
1815 3
fi=(264)
317 9
+8 3
cob=(2)
cfi=(290)
cfn=(1082)
calls=3 73 
* 66
* 5
+1 15
fi=(233)
638 10
fe=(344)
325 5
fi=(233)
547 9
fe=(344)
288 6
fi=(239)
961 6
fe=(344)
325 2
-44 4
0 3
fi=(233)
547 3
fe=(344)
288 9
126 6
0 3
fi=(239)
961 3
fi=(233)
547 3
+91 6
-91 3
fi=(239)
961 6
fi=(292)
2109 9
fe=(344)
74 15
cfn=(1857) core::slice::sort::unstable::quicksort::quicksort'2
calls=3 -53 
* 18757
* 3
-45 3
fi=(320)
814 1
fi=(262)
+49 5
0 4
fi=(174)
844 3
fi=(320)
704 2
fi=(252)
-92 1
fi=(253)
1815 1
fi=(252)
612 1
fi=(253)
1815 1
fi=(264)
317 4
+8 1
cob=(2)
cfi=(290)
cfn=(1082)
calls=1 73 
* 19
fi=(262)
0 33
fi=(174)
844 33
fi=(320)
704 22
fi=(252)
-92 11
fi=(253)
1815 11
fi=(252)
612 11
fi=(253)
1815 11
fi=(264)
317 44
+8 11
cob=(2)
cfi=(290)
cfn=(1082)
calls=11 73 
* 239
* 24
+1 24
fi=(236)
+71 36
fi=(233)
547 60
fi=(320)
707 12
fi=(262)
863 36
fi=(320)
737 36
fi=(252)
612 12
fi=(253)
1815 12
fi=(252)
612 12
fi=(253)
1815 12
fi=(264)
317 36
+8 12
cob=(2)
cfi=(290)
cfn=(1082)
calls=12 73 
* 264
* 24
+1 24
fi=(236)
+71 24
fi=(233)
547 24
fi=(236)
397 12
fi=(233)
547 12
fi=(262)
-79 24
fi=(320)
741 12
fi=(262)
468 36
fi=(236)
1916 24
fi=(254)
772 12
0 2
fi=(262)
468 3
fi=(174)
3745 2
fi=(320)
826 1
0 2
837 2
0 1
837 2
fi=(233)
547 3
cob=(2)
cfi=(211)
cfn=(720)
calls=1 255 
* 30
fe=(344)
80 8
-59 10
+9 2
fi=(320)
+99 10
cfn=(2182)
calls=1 +76 
* 6549
0 2
fe=(344)
30 9
+7 6
-37 3
fi=(346)
28 6
fi=(262)
863 18
fi=(346)
34 9
+48 10
fi=(264)
317 12
+8 6
cob=(2)
cfi=(290)
cfn=(1082)
calls=2 73 
* 44
* 2
+1 4
fi=(346)
83 8
fi=(264)
317 6
+8 10
cob=(2)
cfi=(290)
cfn=(1082)
calls=2 73 
* 44
* 2
+1 4
fi=(346)
84 6
-84 1
fi=(264)
317 5
+8 2
cob=(2)
cfi=(290)
cfn=(1082)
calls=1 73 
* 22
* 1
+1 2
fi=(346)
89 4
-52 3
cfn=(1878)
calls=1 +18 
* 522
* 1
fe=(344)
-37 1
fi=(262)
729 2
fe=(344)
50 2
-50 2
fi=(262)
729 4
fe=(344)
50 4
+1 8
fi=(264)
317 6
+8 2
cob=(2)
cfi=(290)
cfn=(1082)
calls=2 73 
* 44
* 2
+1 4
fi=(236)
+71 2
fe=(344)
51 2
fi=(233)
547 30
+91 30
-91 30
fi=(239)
961 3
fi=(233)
1717 33
fi=(239)
961 12
fe=(344)
0 15
312 15
0 3
281 6
fi=(264)
+36 3
fe=(344)
0 173
281 346
fi=(264)
+36 1038
+8 173
cob=(2)
cfi=(290)
cfn=(1082)
calls=173 73 
* 3821
-8 15
+8 3
cob=(2)
cfi=(290)
cfn=(1082)
calls=3 73 
* 66
* 176
+1 352
fi=(239)
961 352
fi=(233)
638 1760
-91 1760
fe=(344)
288 352
0 352
312 704
0 6
325 3
+1 9
-45 6
fi=(264)
+36 15
+8 3
cob=(2)
cfi=(290)
cfn=(1082)
calls=3 73 
* 66
* 3
+1 9
fi=(239)
961 6
fi=(233)
638 30
-91 30
fe=(344)
288 6
fi=(239)
961 3
fe=(344)
325 6
+5 3
0 3
126 6
fi=(239)
961 12
fi=(233)
547 30
+91 30
-91 30
fi=(239)
961 6
fi=(292)
2109 9
fe=(344)
74 12
cfn=(1857)
calls=3 -53 
* 25061
* 3
-45 3
-8 9
+9 2
fi=(320)
+99 10
cfn=(2182)
calls=1 +76 
* 433
0 4
fe=(344)
37 4
fi=(346)
-9 4
fi=(262)
863 10
fi=(346)
34 4
+48 4
fi=(479)
196 4
fi=(236)
1931 1
fi=(479)
196 2
fi=(346)
83 2
fi=(479)
196 4
fi=(236)
1931 1
fi=(479)
196 3
fi=(346)
84 2
fi=(479)
196 4
fi=(236)
1931 1
fi=(479)
196 2
fi=(346)
89 4
-52 2
cfn=(1878)
calls=1 +18 
* 212
fe=(344)
-37 4
fi=(262)
729 2
fe=(344)
50 4
+1 2
fi=(479)
196 4
fi=(236)
1931 1
fi=(479)
196 2
fe=(344)
51 2
fi=(233)
547 8
+91 8
-91 8
fi=(239)
961 2
fi=(233)
1717 8
fi=(239)
961 6
fe=(344)
0 6
312 6
0 2
fi=(479)
196 8
fi=(236)
1931 2
fi=(479)
196 4
fe=(344)
+92 4
fi=(239)
961 2
fi=(233)
638 8
-91 8
fe=(344)
0 4
312 12
fi=(479)
196 528
fi=(236)
1931 132
fi=(479)
196 264
fe=(344)
+92 264
fi=(239)
961 132
fi=(233)
638 528
-91 528
fe=(344)
0 264
312 792
0 2
325 2
+1 4
fi=(479)
196 8
fi=(236)
1931 2
fi=(479)
196 4
fe=(344)
0 2
288 4
fi=(239)
961 2
fi=(233)
638 8
-91 8
fi=(239)
961 2
fe=(344)
325 4
+5 2
126 4
fi=(239)
961 6
fi=(233)
547 8
+91 8
-91 8
fi=(239)
961 4
fi=(292)
2109 6
fe=(344)
74 10
cfn=(1857)
calls=2 -53 
* 10100
* 6
-44 5
-9 9
+9 2
-30 1
fi=(320)
226 2
+9 2
+6 4
fi=(254)
0 2
fe=(344)
37 4
-37 2
fi=(346)
28 4
fi=(262)
863 14
fi=(346)
34 4
fi=(299)
704 3
cfn=(5082)
calls=1 -97 
* 2
fi=(252)
-92 2
fi=(253)
1815 1
fi=(299)
704 3
cfn=(5082)
calls=1 -97 
* 2
fi=(252)
-92 1
fi=(253)
1815 1
fi=(264)
317 5
+8 1
cob=(2)
cfi=(290)
cfn=(1082)
calls=1 73 
* 22
* 1
+1 2
fi=(299)
704 3
cfn=(5082)
calls=1 -97 
* 2
fi=(252)
-92 2
fi=(253)
1815 1
fi=(299)
704 3
cfn=(5082)
calls=1 -97 
* 2
fi=(252)
-92 1
fi=(253)
1815 2
fi=(264)
317 4
+8 1
cob=(2)
cfi=(290)
cfn=(1082)
calls=1 73 
* 22
* 1
+1 3
fi=(346)
84 4
fi=(299)
704 3
cfn=(5082)
calls=1 -97 
* 2
fi=(252)
-92 1
fi=(253)
1815 1
fi=(299)
704 3
cfn=(5082)
calls=1 -97 
* 2
fi=(252)
-92 1
fi=(253)
1815 1
fi=(264)
317 3
+8 2
cob=(2)
cfi=(290)
cfn=(1082)
calls=1 73 
* 22
* 1
+1 2
fi=(346)
89 5
-52 4
cfn=(1878)
calls=1 +18 
* 676
* 1
fe=(344)
-37 1
fi=(262)
729 2
fe=(344)
50 5
-50 1
fi=(262)
729 2
fe=(344)
50 5
fi=(299)
704 3
cfn=(5082)
calls=1 -97 
* 2
fi=(252)
-92 1
fi=(253)
1815 2
fi=(299)
704 4
cfn=(5082)
calls=1 -97 
* 2
fi=(252)
-92 1
fi=(253)
1815 1
fi=(264)
317 4
+8 2
cob=(2)
cfi=(290)
cfn=(1082)
calls=1 73 
* 22
* 1
+1 2
fi=(236)
+71 1
fe=(344)
51 1
fi=(233)
547 4
+91 4
-91 4
fi=(239)
961 2
fi=(233)
1717 2
fi=(488) /rustc/59807616e1fa2540724bfbac14d7976d7e4a3860/library/core/src/mem/manually_drop.rs
185 4
fi=(239)
961 6
fe=(344)
0 4
312 6
0 6
fi=(299)
704 8
cfn=(5082)
calls=2 -97 
* 4
* 304
cfn=(5082)
calls=76 -97 
* 152
fi=(454)
923 78
fi=(252)
612 78
fi=(253)
1815 156
fi=(299)
704 234
cfn=(5082)
calls=78 -97 
* 156
fi=(252)
-92 78
fi=(253)
1815 78
fi=(264)
317 234
+8 156
cob=(2)
cfi=(290)
cfn=(1082)
calls=78 73 
* 1821
* 78
+1 156
fi=(239)
961 234
fi=(233)
638 156
-91 156
fi=(299)
704 234
cfn=(5082)
calls=78 -97 
* 156
fi=(252)
-92 78
fi=(253)
1815 156
fi=(299)
704 312
cfn=(5082)
calls=78 -97 
* 156
fe=(344)
0 312
fi=(252)
612 78
fi=(253)
1815 78
fi=(264)
317 234
+8 156
cob=(2)
cfi=(290)
cfn=(1082)
calls=78 73 
* 1804
* 78
+1 156
fi=(239)
961 234
fi=(233)
638 156
-91 312
fe=(344)
288 156
+24 234
0 14
325 2
+1 6
fi=(299)
704 6
cfn=(5082)
calls=2 -97 
* 4
fe=(344)
0 2
325 2
+1 6
fi=(299)
704 6
cfn=(5082)
calls=2 -97 
* 4
fi=(252)
-92 4
fi=(253)
1815 8
fi=(299)
704 12
cfn=(5082)
calls=4 -97 
* 8
fi=(252)
-92 4
fi=(253)
1815 4
fi=(264)
317 12
+8 8
cob=(2)
cfi=(290)
cfn=(1082)
calls=4 73 
* 96
* 4
+1 8
fi=(239)
961 12
fi=(233)
638 12
-91 8
fe=(344)
288 12
+37 8
fi=(239)
961 4
fe=(344)
330 4
0 2
126 4
fi=(239)
961 8
fi=(233)
547 4
+91 4
-91 4
fi=(239)
961 4
fi=(292)
2109 6
fe=(344)
74 10
cfn=(1857)
calls=2 -53 
* 42844
* 4
-44 5
fi=(239)
961 6
fi=(320)
252 2
0 1
254 1
cfn=(2184)
calls=1 612 
* 287
+1 3
cfn=(2184)
calls=1 612 
* 287
* 2
fi=(233)
0 2
fi=(236)
1916 1
fi=(254)
772 1
0 1
fi=(320)
547 4
0 1
fi=(233)
547 3
fi=(174)
844 1
fi=(254)
-72 2
fi=(236)
1916 1
fi=(254)
772 1
fi=(239)
961 3
fi=(233)
547 2
fi=(299)
704 5
cfn=(5082)
calls=1 -97 
* 2
fi=(252)
-92 1
fi=(253)
1815 1
fi=(299)
704 3
cfn=(5082)
calls=1 -97 
* 2
fi=(252)
-92 1
fi=(253)
1815 1
fi=(264)
317 3
+8 2
cob=(2)
cfi=(290)
cfn=(1082)
calls=1 73 
* 22
* 1
+1 2
fi=(236)
+71 1
fi=(320)
547 1
0 5
fi=(233)
547 2
fi=(320)
+19 3
fi=(233)
-19 6
fi=(320)
+19 9
0 3
fi=(299)
704 6
cfn=(5082)
calls=3 -97 
* 6
fi=(252)
-92 3
fi=(253)
1815 3
fi=(299)
704 9
cfn=(5082)
calls=3 -97 
* 6
fi=(252)
-92 3
fi=(253)
1815 3
fi=(264)
317 9
+8 6
cob=(2)
cfi=(290)
cfn=(1082)
calls=3 73 
* 66
* 3
+1 6
fi=(320)
572 3
fi=(236)
397 6
fi=(320)
572 3
0 3
fi=(236)
1916 1
fi=(254)
772 1
fi=(320)
0 7
547 8
fi=(174)
844 1
fi=(254)
-72 2
fi=(236)
1916 1
fi=(254)
772 1
fi=(239)
961 3
fi=(233)
547 3
fi=(299)
704 6
cfn=(5082)
calls=1 -97 
* 2
fi=(252)
-92 1
fi=(253)
1815 1
fi=(299)
704 3
cfn=(5082)
calls=1 -97 
* 2
fi=(252)
-92 1
fi=(253)
1815 1
fi=(264)
317 3
+8 2
cob=(2)
cfi=(290)
cfn=(1082)
calls=1 73 
* 22
* 1
+1 2
fi=(236)
+71 1
fi=(320)
547 1
0 2
286 3
cfn=(6082)
calls=1 760 
* 691
fe=(344)
80 8

fn=(1857)
21 45
+9 10
fi=(320)
319 10
+10 15
+1 5
+3 50
0 5
339 14
0 4
401 8
fi=(252)
612 4
fi=(253)
1815 4
fi=(252)
612 8
fi=(253)
1815 4
fi=(264)
317 16
+8 4
cob=(2)
cfi=(290)
cfn=(1082)
calls=4 73 
* 85
* 4
+1 8
fi=(236)
+71 4
fi=(233)
1717 12
638 8
-91 4
fi=(320)
401 8
fi=(252)
612 4
fi=(253)
1815 4
fi=(252)
612 4
fi=(253)
1815 4
fi=(264)
317 12
+8 4
cob=(2)
cfi=(290)
cfn=(1082)
calls=4 73 
* 88
* 4
+1 8
fi=(236)
+71 4
fi=(233)
1717 12
638 12
-91 4
fi=(320)
401 8
fi=(252)
612 4
fi=(253)
1815 4
fi=(252)
612 4
fi=(253)
1815 4
fi=(264)
317 12
+8 4
cob=(2)
cfi=(290)
cfn=(1082)
calls=4 73 
* 88
* 4
+1 8
fi=(236)
+71 4
fi=(233)
1717 12
638 12
-91 4
fi=(320)
401 8
fi=(252)
612 4
fi=(253)
1815 4
fi=(252)
612 4
fi=(253)
1815 4
fi=(264)
317 16
+8 4
cob=(2)
cfi=(290)
cfn=(1082)
calls=4 73 
* 88
* 4
+1 8
fi=(236)
+71 4
fi=(233)
1717 12
638 12
-91 4
fi=(320)
401 8
fi=(252)
612 4
fi=(253)
1815 4
fi=(252)
612 4
fi=(253)
1815 4
fi=(264)
317 12
+8 4
cob=(2)
cfi=(290)
cfn=(1082)
calls=4 73 
* 88
* 4
+1 8
fi=(236)
+71 4
fi=(233)
1717 8
638 12
-91 4
fi=(320)
401 8
fi=(252)
612 4
fi=(253)
1815 4
fi=(252)
612 4
fi=(253)
1815 4
fi=(264)
317 12
+8 4
cob=(2)
cfi=(290)
cfn=(1082)
calls=4 73 
* 88
* 4
+1 8
fi=(236)
+71 4
fi=(233)
1717 8
638 8
-91 4
fi=(252)
+65 4
fi=(253)
1815 8
fi=(252)
612 4
fi=(253)
1815 4
fi=(264)
317 12
+8 4
cob=(2)
cfi=(290)
cfn=(1082)
calls=4 73 
* 88
* 4
+1 8
fi=(236)
+71 4
fi=(233)
1717 12
638 8
-91 8
fi=(252)
+65 4
fi=(253)
1815 8
fi=(252)
612 4
fi=(253)
1815 4
fi=(264)
317 12
+8 4
cob=(2)
cfi=(290)
cfn=(1082)
calls=4 73 
* 95
* 4
+1 8
fi=(236)
+71 8
fi=(233)
1717 12
638 12
-91 4
fi=(320)
401 4
fi=(252)
612 4
fi=(253)
1815 4
fi=(252)
612 4
fi=(253)
1815 4
fi=(264)
317 12
+8 4
cob=(2)
cfi=(290)
cfn=(1082)
calls=4 73 
* 88
* 4
+1 8
fi=(236)
+71 4
fi=(233)
1717 12
638 8
-91 8
fi=(252)
+65 4
fi=(253)
1815 8
fi=(252)
612 4
fi=(253)
1815 4
fi=(264)
317 12
+8 4
cob=(2)
cfi=(290)
cfn=(1082)
calls=4 73 
* 85
* 4
+1 8
fi=(236)
+71 4
fi=(233)
1717 16
638 12
-91 8
fi=(252)
+65 4
fi=(253)
1815 4
fi=(252)
612 4
fi=(253)
1815 4
fi=(264)
317 12
+8 4
cob=(2)
cfi=(290)
cfn=(1082)
calls=4 73 
* 85
* 4
+1 8
fi=(236)
+71 4
fi=(233)
1717 8
638 8
-91 4
fi=(320)
401 4
fi=(252)
612 4
fi=(253)
1815 4
fi=(252)
612 4
fi=(253)
1815 4
fi=(264)
317 12
+8 4
cob=(2)
cfi=(290)
cfn=(1082)
calls=4 73 
* 85
* 4
+1 8
fi=(236)
+71 4
fi=(233)
1717 12
638 8
-91 4
fi=(320)
401 12
fi=(252)
612 4
fi=(253)
1815 4
fi=(252)
612 4
fi=(253)
1815 4
fi=(264)
317 12
+8 4
cob=(2)
cfi=(290)
cfn=(1082)
calls=4 73 
* 85
* 4
+1 8
fi=(236)
+71 4
fi=(233)
1717 12
638 8
-91 8
fi=(252)
+65 4
fi=(253)
1815 8
fi=(252)
612 4
fi=(253)
1815 4
fi=(264)
317 12
+8 4
cob=(2)
cfi=(290)
cfn=(1082)
calls=4 73 
* 88
* 4
+1 8
fi=(236)
+71 4
fi=(233)
1717 8
638 8
-91 4
fi=(252)
+65 4
fi=(253)
1815 8
fi=(252)
612 4
fi=(253)
1815 4
fi=(264)
317 12
+8 4
cob=(2)
cfi=(290)
cfn=(1082)
calls=4 73 
* 85
* 4
+1 8
fi=(236)
+71 4
fi=(233)
1717 12
638 8
-91 4
fi=(252)
+65 4
fi=(253)
1815 8
fi=(252)
612 4
fi=(253)
1815 4
fi=(264)
317 12
+8 4
cob=(2)
cfi=(290)
cfn=(1082)
calls=4 73 
* 88
* 4
+1 8
fi=(236)
+71 4
fi=(233)
1717 12
638 12
-91 8
fi=(252)
+65 4
fi=(253)
1815 8
fi=(252)
612 4
fi=(253)
1815 4
fi=(264)
317 12
+8 4
cob=(2)
cfi=(290)
cfn=(1082)
calls=4 73 
* 95
* 4
+1 8
fi=(236)
+71 4
fi=(233)
1717 8
638 8
-91 4
fi=(252)
+65 4
fi=(253)
1815 8
fi=(252)
612 4
fi=(253)
1815 4
fi=(264)
317 12
+8 4
cob=(2)
cfi=(290)
cfn=(1082)
calls=4 73 
* 88
* 4
+1 8
fi=(236)
+71 4
fi=(233)
1717 12
638 8
-91 4
fi=(320)
401 8
fi=(252)
612 4
fi=(253)
1815 4
fi=(252)
612 4
fi=(253)
1815 4
fi=(264)
317 12
+8 4
cob=(2)
cfi=(290)
cfn=(1082)
calls=4 73 
* 88
* 4
+1 8
fi=(236)
+71 8
fi=(233)
1717 12
638 12
-91 4
fi=(252)
+65 4
fi=(253)
1815 8
fi=(252)
612 4
fi=(253)
1815 4
fi=(264)
317 12
+8 4
cob=(2)
cfi=(290)
cfn=(1082)
calls=4 73 
* 88
* 4
+1 8
fi=(236)
+71 4
fi=(233)
1717 12
638 8
-91 4
fi=(252)
+65 4
fi=(253)
1815 8
fi=(252)
612 4
fi=(253)
1815 4
fi=(264)
317 12
+8 4
cob=(2)
cfi=(290)
cfn=(1082)
calls=4 73 
* 85
* 4
+1 8
fi=(236)
+71 4
fi=(233)
1717 8
638 12
-91 4
fi=(320)
401 4
fi=(252)
612 4
fi=(253)
1815 4
fi=(252)
612 4
fi=(253)
1815 4
fi=(264)
317 12
+8 4
cob=(2)
cfi=(290)
cfn=(1082)
calls=4 73 
* 85
* 4
+1 8
fi=(236)
+71 4
fi=(233)
1717 12
638 12
-91 4
fi=(320)
401 4
fi=(252)
612 4
fi=(253)
1815 4
fi=(252)
612 4
fi=(253)
1815 4
fi=(264)
317 12
+8 4
cob=(2)
cfi=(290)
cfn=(1082)
calls=4 73 
* 88
* 4
+1 8
fi=(236)
+71 4
fi=(233)
1717 12
638 12
-91 4
fi=(320)
401 8
fi=(252)
612 4
fi=(253)
1815 4
fi=(252)
612 4
fi=(253)
1815 4
fi=(264)
317 12
+8 4
cob=(2)
cfi=(290)
cfn=(1082)
calls=4 73 
* 88
* 4
+1 8
fi=(236)
+71 4
fi=(233)
1717 8
638 8
-91 8
fi=(252)
+65 4
fi=(253)
1815 8
fi=(252)
612 4
fi=(253)
1815 4
fi=(264)
317 12
+8 4
cob=(2)
cfi=(290)
cfn=(1082)
calls=4 73 
* 88
* 4
+1 8
fi=(236)
+71 8
fi=(233)
1717 12
638 12
-91 8
fi=(252)
+65 4
fi=(253)
1815 8
fi=(252)
612 4
fi=(253)
1815 4
fi=(264)
317 12
+8 4
cob=(2)
cfi=(290)
cfn=(1082)
calls=4 73 
* 88
* 4
+1 8
fi=(236)
+71 8
fi=(233)
1717 8
638 12
-91 4
fi=(320)
401 4
fi=(252)
612 4
fi=(253)
1815 8
fi=(252)
612 4
fi=(253)
1815 4
fi=(264)
317 12
+8 4
cob=(2)
cfi=(290)
cfn=(1082)
calls=4 73 
* 82
* 4
+1 8
fi=(236)
+71 4
fi=(233)
1717 12
638 8
-91 8
fi=(252)
+65 4
fi=(253)
1815 8
fi=(252)
612 4
fi=(253)
1815 4
fi=(264)
317 12
+8 4
cob=(2)
cfi=(290)
cfn=(1082)
calls=4 73 
* 88
* 4
+1 8
fi=(236)
+71 8
fi=(233)
1717 12
638 12
-91 8
fi=(252)
+65 4
fi=(253)
1815 8
fi=(252)
612 4
fi=(253)
1815 4
fi=(264)
317 12
+8 4
cob=(2)
cfi=(290)
cfn=(1082)
calls=4 73 
* 88
* 4
+1 8
fi=(236)
+71 4
fi=(233)
1717 12
638 12
-91 8
fi=(252)
+65 4
fi=(253)
1815 4
fi=(252)
612 4
fi=(253)
1815 4
fi=(264)
317 12
+8 4
cob=(2)
cfi=(290)
cfn=(1082)
calls=4 73 
* 88
* 4
+1 8
fi=(236)
+71 4
fi=(233)
1717 12
638 8
-91 8
fi=(252)
+65 4
fi=(253)
1815 4
fi=(252)
612 4
fi=(253)
1815 4
fi=(264)
317 12
+8 4
cob=(2)
cfi=(290)
cfn=(1082)
calls=4 73 
* 82
* 4
+1 8
fi=(236)
+71 4
fi=(233)
1717 8
638 12
-91 4
fi=(320)
401 4
fi=(252)
612 4
fi=(253)
1815 8
fi=(252)
612 4
fi=(253)
1815 4
fi=(264)
317 12
+8 4
cob=(2)
cfi=(290)
cfn=(1082)
calls=4 73 
* 88
* 4
+1 8
fi=(236)
+71 4
fi=(233)
1717 16
638 12
-91 4
fi=(320)
401 4
fi=(252)
612 4
fi=(253)
1815 8
fi=(252)
612 4
fi=(253)
1815 4
fi=(264)
317 12
+8 4
cob=(2)
cfi=(290)
cfn=(1082)
calls=4 73 
* 88
* 4
+1 8
fi=(236)
+71 4
fi=(233)
1717 8
638 8
-91 4
fi=(252)
+65 4
fi=(253)
1815 8
fi=(252)
612 4
fi=(253)
1815 4
fi=(264)
317 12
+8 4
cob=(2)
cfi=(290)
cfn=(1082)
calls=4 73 
* 88
* 4
+1 8
fi=(236)
+71 4
fi=(233)
1717 12
638 12
-91 8
fi=(252)
+65 4
fi=(253)
1815 8
fi=(252)
612 4
fi=(253)
1815 4
fi=(264)
317 12
+8 4
cob=(2)
cfi=(290)
cfn=(1082)
calls=4 73 
* 82
* 4
+1 8
fi=(236)
+71 4
fi=(233)
1717 8
638 8
-91 4
fi=(252)
+65 4
fi=(253)
1815 8
fi=(252)
612 4
fi=(253)
1815 4
fi=(264)
317 12
+8 4
cob=(2)
cfi=(290)
cfn=(1082)
calls=4 73 
* 85
* 4
+1 8
fi=(236)
+71 4
fi=(233)
1717 12
638 8
-91 4
fi=(252)
+65 4
fi=(253)
1815 8
fi=(252)
612 4
fi=(253)
1815 4
fi=(264)
317 12
+8 4
cob=(2)
cfi=(290)
cfn=(1082)
calls=4 73 
* 95
* 4
+1 8
fi=(236)
+71 4
fi=(233)
1717 12
638 8
-91 4
fi=(320)
401 4
fi=(252)
612 4
fi=(253)
1815 8
fi=(252)
612 4
fi=(253)
1815 4
fi=(264)
317 12
+8 4
cob=(2)
cfi=(290)
cfn=(1082)
calls=4 73 
* 88
* 4
+1 8
fi=(236)
+71 4
fi=(233)
1717 12
638 8
-91 8
fi=(252)
+65 4
fi=(253)
1815 8
fi=(252)
612 4
fi=(253)
1815 4
fi=(264)
317 12
+8 4
cob=(2)
cfi=(290)
cfn=(1082)
calls=4 73 
* 88
* 4
+1 8
fi=(236)
+71 4
fi=(233)
1717 12
638 12
-91 4
fi=(252)
+65 4
fi=(253)
1815 8
fi=(252)
612 4
fi=(253)
1815 4
fi=(264)
317 12
+8 4
cob=(2)
cfi=(290)
cfn=(1082)
calls=4 73 
* 88
* 4
+1 8
fi=(236)
+71 4
fi=(233)
1717 12
638 8
-91 4
fi=(252)
+65 4
fi=(253)
1815 8
fi=(252)
612 4
fi=(253)
1815 4
fi=(264)
317 12
+8 4
cob=(2)
cfi=(290)
cfn=(1082)
calls=4 73 
* 88
* 4
+1 8
fi=(236)
+71 4
fi=(233)
1717 12
638 8
-91 8
fi=(252)
+65 4
fi=(253)
1815 8
fi=(252)
612 4
fi=(253)
1815 4
fi=(264)
317 12
+8 4
cob=(2)
cfi=(290)
cfn=(1082)
calls=4 73 
* 88
* 4
+1 8
fi=(236)
+71 4
fi=(233)
1717 8
638 8
-91 4
fi=(320)
401 4
fi=(252)
612 4
fi=(253)
1815 4
fi=(252)
612 4
fi=(253)
1815 4
fi=(264)
317 12
+8 4
cob=(2)
cfi=(290)
cfn=(1082)
calls=4 73 
* 88
* 4
+1 8
fi=(236)
+71 8
fi=(233)
1717 8
638 8
-91 4
fi=(252)
+65 4
fi=(253)
1815 8
fi=(252)
612 4
fi=(253)
1815 4
fi=(264)
317 12
+8 4
cob=(2)
cfi=(290)
cfn=(1082)
calls=4 73 
* 95
* 4
+1 8
fi=(236)
+71 4
fi=(233)
1717 8
638 8
-91 4
fi=(252)
+65 4
fi=(253)
1815 8
fi=(252)
612 4
fi=(253)
1815 4
fi=(264)
317 12
+8 4
cob=(2)
cfi=(290)
cfn=(1082)
calls=4 73 
* 88
* 8
+1 8
fi=(236)
+71 4
fi=(233)
1717 8
638 8
-91 8
fi=(320)
339 4
0 3
342 6
0 1
401 2
fi=(252)
612 1
fi=(253)
1815 1
fi=(252)
612 2
fi=(253)
1815 1
fi=(264)
317 4
+8 1
cob=(2)
cfi=(290)
cfn=(1082)
calls=1 73 
* 22
* 1
+1 2
fi=(236)
+71 1
fi=(233)
1717 3
638 2
fi=(320)
401 2
fi=(252)
612 1
fi=(253)
1815 1
fi=(252)
612 1
fi=(253)
1815 1
fi=(264)
317 3
+8 1
cob=(2)
cfi=(290)
cfn=(1082)
calls=1 73 
* 22
* 1
+1 2
fi=(236)
+71 1
fi=(233)
1717 3
638 2
fi=(320)
401 2
fi=(252)
612 1
fi=(253)
1815 1
fi=(252)
612 1
fi=(253)
1815 1
fi=(264)
317 3
+8 1
cob=(2)
cfi=(290)
cfn=(1082)
calls=1 73 
* 22
* 1
+1 2
fi=(236)
+71 1
fi=(233)
1717 2
638 2
fi=(320)
401 2
fi=(252)
612 1
fi=(253)
1815 1
fi=(252)
612 1
fi=(253)
1815 1
fi=(264)
317 3
+8 1
cob=(2)
cfi=(290)
cfn=(1082)
calls=1 73 
* 22
* 1
+1 2
fi=(236)
+71 1
fi=(233)
1717 2
638 2
fi=(252)
-26 1
fi=(253)
1815 2
fi=(252)
612 1
fi=(253)
1815 1
fi=(264)
317 3
+8 1
cob=(2)
cfi=(290)
cfn=(1082)
calls=1 73 
* 29
* 1
+1 2
fi=(236)
+71 2
fi=(233)
1717 3
638 2
fi=(252)
-26 1
fi=(253)
1815 1
fi=(252)
612 1
fi=(253)
1815 1
fi=(264)
317 4
+8 1
cob=(2)
cfi=(290)
cfn=(1082)
calls=1 73 
* 22
* 1
+1 2
fi=(236)
+71 1
fi=(233)
1717 3
638 1
fi=(252)
-26 1
fi=(253)
1815 2
fi=(252)
612 1
fi=(253)
1815 1
fi=(264)
317 3
+8 1
cob=(2)
cfi=(290)
cfn=(1082)
calls=1 73 
* 22
* 1
+1 2
fi=(236)
+71 1
fi=(233)
1717 2
638 2
fi=(320)
401 1
fi=(252)
612 1
fi=(253)
1815 1
fi=(252)
612 1
fi=(253)
1815 1
fi=(264)
317 3
+8 1
cob=(2)
cfi=(290)
cfn=(1082)
calls=1 73 
* 22
* 1
+1 2
fi=(236)
+71 1
fi=(233)
1717 3
638 1
fi=(252)
-26 1
fi=(253)
1815 2
fi=(252)
612 1
fi=(253)
1815 1
fi=(264)
317 3
+8 1
cob=(2)
cfi=(290)
cfn=(1082)
calls=1 73 
* 22
* 1
+1 2
fi=(236)
+71 1
fi=(233)
1717 3
638 3
fi=(320)
401 1
fi=(252)
612 1
fi=(253)
1815 1
fi=(252)
612 1
fi=(253)
1815 1
fi=(264)
317 3
+8 1
cob=(2)
cfi=(290)
cfn=(1082)
calls=1 73 
* 22
* 1
+1 2
fi=(236)
+71 1
fi=(233)
1717 2
638 1
fi=(252)
-26 1
fi=(253)
1815 2
fi=(252)
612 1
fi=(253)
1815 1
fi=(264)
317 3
+8 1
cob=(2)
cfi=(290)
cfn=(1082)
calls=1 73 
* 22
* 1
+1 2
fi=(236)
+71 1
fi=(233)
1717 3
638 1
fi=(252)
-26 1
fi=(253)
1815 2
fi=(252)
612 1
fi=(253)
1815 1
fi=(264)
317 3
+8 1
cob=(2)
cfi=(290)
cfn=(1082)
calls=1 73 
* 22
* 1
+1 2
fi=(236)
+71 1
fi=(233)
1717 3
638 1
fi=(252)
-26 1
fi=(253)
1815 1
fi=(252)
612 1
fi=(253)
1815 1
fi=(264)
317 3
+8 1
cob=(2)
cfi=(290)
cfn=(1082)
calls=1 73 
* 29
* 1
+1 2
fi=(236)
+71 1
fi=(233)
1717 3
638 2
fi=(252)
-26 1
fi=(253)
1815 1
fi=(252)
612 1
fi=(253)
1815 1
fi=(264)
317 3
+8 1
cob=(2)
cfi=(290)
cfn=(1082)
calls=1 73 
* 22
* 1
+1 2
fi=(236)
+71 1
fi=(233)
1717 2
638 2
fi=(252)
-26 1
fi=(253)
1815 2
fi=(252)
612 1
fi=(253)
1815 1
fi=(264)
317 3
+8 1
cob=(2)
cfi=(290)
cfn=(1082)
calls=1 73 
* 22
* 1
+1 2
fi=(236)
+71 1
fi=(233)
1717 3
638 2
fi=(320)
401 1
fi=(252)
612 1
fi=(253)
1815 1
fi=(252)
612 1
fi=(253)
1815 1
fi=(264)
317 3
+8 1
cob=(2)
cfi=(290)
cfn=(1082)
calls=1 73 
* 22
* 1
+1 2
fi=(236)
+71 2
fi=(233)
1717 3
638 3
fi=(252)
-26 1
fi=(253)
1815 2
fi=(252)
612 1
fi=(253)
1815 1
fi=(264)
317 4
+8 1
cob=(2)
cfi=(290)
cfn=(1082)
calls=1 73 
* 22
* 1
+1 2
fi=(236)
+71 1
fi=(233)
1717 3
638 2
fi=(252)
-26 1
fi=(253)
1815 2
fi=(252)
612 1
fi=(253)
1815 1
fi=(264)
317 3
+8 1
cob=(2)
cfi=(290)
cfn=(1082)
calls=1 73 
* 22
* 2
+1 2
fi=(236)
+71 1
fi=(233)
1717 2
638 2
fi=(252)
-26 1
fi=(253)
1815 1
fi=(252)
612 1
fi=(253)
1815 1
fi=(264)
317 3
+8 1
cob=(2)
cfi=(290)
cfn=(1082)
calls=1 73 
* 22
* 1
+1 2
fi=(236)
+71 1
fi=(233)
1717 2
638 2
-91 1
fi=(252)
+65 1
fi=(253)
1815 2
fi=(252)
612 1
fi=(253)
1815 1
fi=(264)
317 3
+8 1
cob=(2)
cfi=(290)
cfn=(1082)
calls=1 73 
* 22
* 1
+1 2
fi=(236)
+71 1
fi=(233)
1717 3
638 1
fi=(252)
-26 1
fi=(253)
1815 2
fi=(252)
612 1
fi=(253)
1815 1
fi=(264)
317 3
+8 1
cob=(2)
cfi=(290)
cfn=(1082)
calls=1 73 
* 22
* 1
+1 2
fi=(236)
+71 1
fi=(233)
1717 3
638 2
fi=(252)
-26 1
fi=(253)
1815 1
fi=(252)
612 1
fi=(253)
1815 1
fi=(264)
317 3
+8 1
cob=(2)
cfi=(290)
cfn=(1082)
calls=1 73 
* 22
* 1
+1 2
fi=(236)
+71 1
fi=(233)
1717 2
638 2
-91 1
fi=(252)
+65 1
fi=(253)
1815 2
fi=(252)
612 1
fi=(253)
1815 1
fi=(264)
317 3
+8 1
cob=(2)
cfi=(290)
cfn=(1082)
calls=1 73 
* 22
* 1
+1 2
fi=(236)
+71 1
fi=(233)
1717 2
638 3
-91 1
fi=(252)
+65 1
fi=(253)
1815 2
fi=(252)
612 1
fi=(253)
1815 1
fi=(264)
317 3
+8 1
cob=(2)
cfi=(290)
cfn=(1082)
calls=1 73 
* 22
* 1
+1 2
fi=(236)
+71 1
fi=(233)
1717 2
638 2
-91 1
fi=(252)
+65 1
fi=(253)
1815 2
fi=(252)
612 1
fi=(253)
1815 1
fi=(264)
317 3
+8 1
cob=(2)
cfi=(290)
cfn=(1082)
calls=1 73 
* 22
* 2
+1 2
fi=(236)
+71 1
fi=(233)
1717 2
638 2
-91 2
0 1
fi=(320)
586 1
fi=(233)
0 6
fi=(320)
586 6
+13 7
0 7
330 7
+21 7
0 8
355 18
0 5
fi=(239)
961 25
0 6
fi=(233)
547 9
fi=(239)
961 3
fi=(320)
599 9
fi=(239)
0 7
fi=(233)
547 21
fi=(239)
961 7
fi=(320)
599 21
fi=(239)
961 3
fi=(320)
599 9
-52 26
fi=(252)
+65 26
fi=(253)
1815 13
fi=(252)
612 13
fi=(253)
1815 13
fi=(264)
317 39
+8 26
cob=(2)
cfi=(290)
cfn=(1082)
calls=13 73 
* 290
* 13
+1 26
fi=(236)
+71 13
fi=(320)
547 13
0 50
fi=(233)
547 10
fi=(320)
+19 20
fi=(233)
-19 25
fi=(320)
+19 50
+6 32
fi=(252)
+40 32
fi=(253)
1815 32
fi=(264)
317 96
+8 64
cob=(2)
cfi=(290)
cfn=(1082)
calls=32 73 
* 691
* 32
+1 64
fi=(320)
572 32
fi=(236)
397 32
fi=(320)
572 46
0 6
fe=(344)
30 4
+7 4
fi=(346)
-9 6
fi=(262)
863 12
fi=(346)
34 6
+48 2
fi=(252)
612 3
fi=(253)
1815 1
fi=(252)
612 1
fi=(253)
1815 1
fi=(264)
317 6
+8 1
cob=(2)
cfi=(290)
cfn=(1082)
calls=1 73 
* 19
* 2
+1 3
fi=(346)
83 1
fi=(252)
612 2
fi=(253)
1815 1
fi=(264)
317 5
+8 2
cob=(2)
cfi=(290)
cfn=(1082)
calls=1 73 
* 22
* 1
+1 3
fi=(346)
84 5
-84 2
fi=(264)
317 5
+8 2
cob=(2)
cfi=(290)
cfn=(1082)
calls=1 73 
* 22
* 1
+1 2
fi=(346)
89 5
-52 4
cfn=(1878)
calls=1 +18 
* 537
* 2
fe=(344)
-37 1
fi=(262)
729 1
fe=(344)
50 5
-50 1
fi=(262)
729 1
fe=(344)
50 5
fi=(233)
547 2
+91 8
-91 2
fi=(239)
961 4
fi=(233)
1717 4
fi=(239)
961 2
fe=(344)
0 6
312 8
0 6
281 2
fi=(252)
612 2
fi=(253)
1815 2
fi=(264)
317 10
+8 2
cob=(2)
cfi=(290)
cfn=(1082)
calls=2 73 
* 51
fe=(344)
-44 45
fi=(252)
612 45
fi=(253)
1815 45
fi=(264)
317 225
+8 45
cob=(2)
cfi=(290)
cfn=(1082)
calls=45 73 
* 982
* 47
+1 141
fi=(233)
638 141
-91 47
fe=(344)
288 94
-7 47
fi=(252)
612 47
fi=(253)
1815 47
fi=(264)
317 188
+8 47
cob=(2)
cfi=(290)
cfn=(1082)
calls=47 73 
* 1029
* 141
+1 94
fi=(233)
638 94
-91 141
fe=(344)
288 94
+24 141
-31 6
0 6
325 2
-44 2
0 1
281 1
fi=(252)
612 1
fi=(253)
1815 1
fi=(264)
317 3
+8 1
cob=(2)
cfi=(290)
cfn=(1082)
calls=1 73 
* 22
fi=(252)
612 2
fi=(253)
1815 2
fi=(264)
317 6
+8 2
cob=(2)
cfi=(290)
cfn=(1082)
calls=2 73 
* 44
* 3
+1 9
fi=(233)
638 6
fe=(344)
325 3
fi=(233)
547 5
fe=(344)
288 3
fi=(239)
961 3
fe=(344)
325 1
-44 2
0 2
fi=(233)
547 2
fe=(344)
288 6
126 4
0 2
fi=(239)
961 2
fi=(233)
547 2
+91 4
-91 2
fi=(239)
961 4
fi=(292)
2109 6
fe=(344)
74 10
cfn=(1857)
calls=2 -53 
* 13113
* 2
-45 2
fi=(320)
814 2
fi=(262)
+49 10
0 8
fi=(174)
844 6
fi=(320)
704 4
fi=(252)
-92 2
fi=(253)
1815 2
fi=(252)
612 2
fi=(253)
1815 2
fi=(264)
317 8
+8 2
cob=(2)
cfi=(290)
cfn=(1082)
calls=2 73 
* 41
fi=(262)
0 75
fi=(174)
844 75
fi=(320)
704 50
fi=(252)
-92 25
fi=(253)
1815 25
fi=(252)
612 25
fi=(253)
1815 25
fi=(264)
317 100
+8 25
cob=(2)
cfi=(290)
cfn=(1082)
calls=25 73 
* 555
* 54
+1 54
fi=(236)
+71 81
fi=(233)
547 135
fi=(320)
707 27
fi=(262)
863 81
fi=(320)
737 81
fi=(252)
612 27
fi=(253)
1815 27
fi=(252)
612 27
fi=(253)
1815 27
fi=(264)
317 81
+8 27
cob=(2)
cfi=(290)
cfn=(1082)
calls=27 73 
* 602
* 54
+1 54
fi=(236)
+71 54
fi=(233)
547 54
fi=(236)
397 27
fi=(233)
547 27
fi=(262)
-79 54
fi=(320)
741 27
fi=(262)
468 81
fi=(236)
1916 54
fi=(254)
772 27
0 4
fi=(262)
468 6
fi=(174)
3745 4
fi=(320)
826 2
0 4
837 4
0 2
837 4
fi=(233)
547 6
cob=(2)
cfi=(211)
cfn=(720)
calls=2 255 
* 60
fe=(344)
80 40
-59 50
+9 10
fi=(320)
+99 50
cfn=(2182)
calls=5 +76 
* 17730
0 4
fe=(344)
30 6
+7 4
-37 2
fi=(346)
28 4
fi=(262)
863 12
fi=(346)
34 6
+48 5
fi=(264)
317 6
+8 3
cob=(2)
cfi=(290)
cfn=(1082)
calls=1 73 
* 19
* 1
+1 2
fi=(346)
83 4
fi=(264)
317 3
+8 5
cob=(2)
cfi=(290)
cfn=(1082)
calls=1 73 
* 22
* 1
+1 2
fi=(346)
84 3
-84 1
fi=(264)
317 5
+8 2
cob=(2)
cfi=(290)
cfn=(1082)
calls=1 73 
* 29
* 1
+1 2
fi=(346)
89 4
-52 3
cfn=(1878)
calls=1 +18 
* 522
* 1
fe=(344)
-37 1
fi=(262)
729 2
fe=(344)
50 2
-50 1
fi=(262)
729 2
fe=(344)
50 2
fi=(233)
547 20
+91 20
-91 20
fi=(239)
961 2
fi=(233)
1717 22
fi=(239)
961 8
fe=(344)
0 10
312 10
0 2
281 4
fi=(264)
+36 2
fe=(344)
0 93
281 186
fi=(264)
+36 558
+8 93
cob=(2)
cfi=(290)
cfn=(1082)
calls=93 73 
* 2054
-8 10
+8 2
cob=(2)
cfi=(290)
cfn=(1082)
calls=2 73 
* 44
* 95
+1 190
fi=(239)
961 190
fi=(233)
638 950
-91 950
fe=(344)
288 190
0 190
312 380
0 4
325 2
+1 6
-45 4
fi=(264)
+36 10
+8 2
cob=(2)
cfi=(290)
cfn=(1082)
calls=2 73 
* 44
* 2
+1 6
fi=(239)
961 4
fi=(233)
638 20
-91 20
fe=(344)
288 4
fi=(239)
961 2
fe=(344)
325 4
+5 2
0 2
126 4
fi=(239)
961 8
fi=(233)
547 20
+91 20
-91 20
fi=(239)
961 4
fi=(292)
2109 6
fe=(344)
74 8
cfn=(1857)
calls=2 -53 
* 18826
* 2
-45 2
-8 36
+9 8
fi=(320)
+99 40
cfn=(2182)
calls=4 +76 
* 7316
0 8
fe=(344)
37 4
fi=(346)
-9 4
fi=(262)
863 10
fi=(346)
34 4
+48 8
fi=(479)
196 8
fi=(236)
1931 2
fi=(479)
196 4
fi=(346)
83 4
fi=(479)
196 8
fi=(236)
1931 2
fi=(479)
196 6
fi=(346)
84 4
fi=(479)
196 8
fi=(236)
1931 2
fi=(479)
196 4
fi=(346)
89 8
fe=(344)
-89 4
fi=(262)
729 2
fe=(344)
50 4
fi=(233)
547 8
+91 8
-91 8
fi=(239)
961 2
fi=(233)
1717 8
fi=(239)
961 6
fe=(344)
0 6
312 6
0 2
fi=(479)
196 8
fi=(236)
1931 2
fi=(479)
196 4
fe=(344)
+92 4
fi=(239)
961 2
fi=(233)
638 8
-91 8
fe=(344)
0 4
312 12
fi=(479)
196 364
fi=(236)
1931 91
fi=(479)
196 182
fe=(344)
+92 182
fi=(239)
961 91
fi=(233)
638 364
-91 364
fe=(344)
0 182
312 546
0 2
325 2
+1 4
fi=(479)
196 8
fi=(236)
1931 2
fi=(479)
196 4
fe=(344)
0 2
288 4
fi=(239)
961 2
fi=(233)
638 8
-91 8
fi=(239)
961 2
fe=(344)
325 4
+5 2
126 4
fi=(239)
961 6
fi=(233)
547 8
+91 8
-91 8
fi=(239)
961 4
fi=(292)
2109 6
fe=(344)
74 10
cfn=(1857)
calls=2 -53 
* 4180
* 6
-44 6
-9 36
+9 8
-30 4
fi=(320)
226 8
+9 8
+6 16
fi=(239)
961 20
fi=(320)
671 12
cfn=(2184)
calls=4 -59 
* 1140
fi=(239)
961 12
fi=(320)
672 4
cfn=(2184)
calls=4 -60 
* 1149
* 4
+6 12
cfn=(6082)
calls=4 +82 
* 2260
* 4
fi=(239)
961 24
fi=(320)
671 8
cfn=(2184)
calls=4 -59 
* 1133
fi=(239)
961 20
fi=(320)
672 4
cfn=(2184)
calls=4 -60 
* 1148
+6 16
cfn=(6082)
calls=4 +82 
* 2196
* 4
fi=(236)
1916 4
fi=(254)
772 4
0 4
fe=(344)
37 4
-37 2
fi=(346)
28 4
fi=(262)
863 14
fi=(346)
34 4
fi=(299)
704 3
cfn=(5082)
calls=1 -97 
* 2
fi=(252)
-92 2
fi=(253)
1815 1
fi=(299)
704 3
cfn=(5082)
calls=1 -97 
* 2
fi=(252)
-92 1
fi=(253)
1815 1
fi=(264)
317 5
+8 1
cob=(2)
cfi=(290)
cfn=(1082)
calls=1 73 
* 22
* 1
+1 2
fi=(299)
704 3
cfn=(5082)
calls=1 -97 
* 2
fi=(252)
-92 2
fi=(253)
1815 1
fi=(299)
704 3
cfn=(5082)
calls=1 -97 
* 2
fi=(252)
-92 1
fi=(253)
1815 2
fi=(264)
317 4
+8 1
cob=(2)
cfi=(290)
cfn=(1082)
calls=1 73 
* 22
* 1
+1 3
fi=(346)
84 4
fi=(299)
704 3
cfn=(5082)
calls=1 -97 
* 2
fi=(252)
-92 1
fi=(253)
1815 1
fi=(299)
704 3
cfn=(5082)
calls=1 -97 
* 2
fi=(252)
-92 1
fi=(253)
1815 1
fi=(264)
317 3
+8 2
cob=(2)
cfi=(290)
cfn=(1082)
calls=1 73 
* 22
* 1
+1 2
fi=(346)
89 5
-52 4
cfn=(1878)
calls=1 +18 
* 636
* 1
fe=(344)
-37 1
fi=(262)
729 2
fe=(344)
50 5
-50 1
fi=(262)
729 2
fe=(344)
50 5
fi=(233)
547 4
+91 4
-91 4
fi=(239)
961 2
fi=(233)
1717 2
fi=(488)
185 4
fi=(239)
961 6
fe=(344)
0 4
312 6
0 6
fi=(299)
704 8
cfn=(5082)
calls=2 -97 
* 4
* 244
cfn=(5082)
calls=61 -97 
* 122
fi=(454)
923 63
fi=(252)
612 63
fi=(253)
1815 126
fi=(299)
704 189
cfn=(5082)
calls=63 -97 
* 126
fi=(252)
-92 63
fi=(253)
1815 63
fi=(264)
317 189
+8 126
cob=(2)
cfi=(290)
cfn=(1082)
calls=63 73 
* 1433
* 63
+1 126
fi=(239)
961 189
fi=(233)
638 126
-91 126
fi=(299)
704 189
cfn=(5082)
calls=63 -97 
* 126
fi=(252)
-92 63
fi=(253)
1815 126
fi=(299)
704 252
cfn=(5082)
calls=63 -97 
* 126
fe=(344)
0 252
fi=(252)
612 63
fi=(253)
1815 63
fi=(264)
317 189
+8 126
cob=(2)
cfi=(290)
cfn=(1082)
calls=63 73 
* 1475
* 63
+1 126
fi=(239)
961 189
fi=(233)
638 126
-91 252
fe=(344)
288 126
+24 189
0 14
325 2
+1 6
fi=(299)
704 6
cfn=(5082)
calls=2 -97 
* 4
fe=(344)
0 2
325 2
+1 6
fi=(299)
704 6
cfn=(5082)
calls=2 -97 
* 4
fi=(252)
-92 4
fi=(253)
1815 8
fi=(299)
704 12
cfn=(5082)
calls=4 -97 
* 8
fi=(252)
-92 4
fi=(253)
1815 4
fi=(264)
317 12
+8 8
cob=(2)
cfi=(290)
cfn=(1082)
calls=4 73 
* 88
* 4
+1 8
fi=(239)
961 12
fi=(233)
638 12
-91 8
fe=(344)
288 12
+37 8
fi=(239)
961 4
fe=(344)
330 4
0 2
126 4
fi=(239)
961 8
fi=(233)
547 4
+91 4
-91 4
fi=(239)
961 4
fi=(292)
2109 6
fe=(344)
74 10
cfn=(1857)
calls=2 -53 
* 23745
* 4
-44 6
fi=(254)
-30 4
fi=(320)
547 16
0 4
fi=(233)
547 12
fi=(174)
844 4
fi=(254)
-72 8
fi=(236)
1916 4
fi=(254)
772 4
fi=(233)
547 48
fi=(174)
844 16
fi=(254)
-72 32
fi=(236)
1916 16
fi=(254)
772 16
fi=(174)
+72 1
fi=(254)
-72 2
fi=(236)
1916 1
fi=(254)
772 1
fi=(239)
961 63
fi=(233)
547 42
fi=(299)
704 105
cfn=(5082)
calls=21 -97 
* 42
fi=(252)
-92 21
fi=(253)
1815 21
fi=(299)
704 63
cfn=(5082)
calls=21 -97 
* 42
fi=(252)
-92 21
fi=(253)
1815 21
fi=(264)
317 63
+8 42
cob=(2)
cfi=(290)
cfn=(1082)
calls=21 73 
* 462
* 21
+1 42
fi=(236)
+71 21
fi=(320)
547 21
0 100
fi=(233)
547 40
fi=(320)
+19 60
fi=(233)
-19 208
fi=(320)
+19 312
0 120
fi=(299)
704 240
cfn=(5082)
calls=120 -97 
* 240
fi=(252)
-92 120
fi=(253)
1815 120
fi=(299)
704 360
cfn=(5082)
calls=120 -97 
* 240
fi=(252)
-92 120
fi=(253)
1815 120
fi=(264)
317 360
+8 240
cob=(2)
cfi=(290)
cfn=(1082)
calls=120 73 
* 2664
* 120
+1 240
fi=(320)
572 120
fi=(236)
397 240
fi=(320)
572 184
0 12
fi=(236)
1916 4
fi=(254)
772 4
fi=(320)
0 28
547 32
0 2
fi=(233)
547 6
fi=(174)
844 2
fi=(254)
-72 4
fi=(236)
1916 2
fi=(254)
772 2
fi=(233)
547 60
fi=(174)
844 20
fi=(254)
-72 40
fi=(236)
1916 20
fi=(254)
772 20
fi=(239)
961 66
fi=(233)
547 66
fi=(299)
704 132
cfn=(5082)
calls=22 -97 
* 44
fi=(252)
-92 22
fi=(253)
1815 22
fi=(299)
704 66
cfn=(5082)
calls=22 -97 
* 44
fi=(252)
-92 22
fi=(253)
1815 22
fi=(264)
317 66
+8 44
cob=(2)
cfi=(290)
cfn=(1082)
calls=22 73 
* 500
* 22
+1 44
fi=(236)
+71 22
fi=(320)
547 22
0 110
fi=(233)
547 44
fi=(320)
+19 66
0 123
fi=(233)
547 246
fi=(320)
+19 369
0 143
fi=(299)
704 286
cfn=(5082)
calls=143 -97 
* 286
fi=(252)
-92 143
fi=(253)
1815 286
fi=(299)
704 429
cfn=(5082)
calls=143 -97 
* 286
fi=(252)
-92 143
fi=(253)
1815 143
fi=(264)
317 429
+8 286
cob=(2)
cfi=(290)
cfn=(1082)
calls=143 73 
* 3346
* 143
+1 286
fi=(320)
572 286
fi=(236)
397 286
fi=(320)
572 203
0 8
286 12
cfn=(6082)
calls=4 760 
* 7037
fe=(344)
80 32

fl=(468)
fn=(5650)
473 3
fi=(302)
105 3
fi=(417)
-46 6
fi=(303)
555 6
fi=(174)
2457 6
fi=(175)
902 3
fe=(468)
481 6

fl=(249)
fn=(862)
fi=(323)
cfi=(250)
cfn=(864)
calls=0 215 
250 549233425
fe=(249)

fl=(258)
fn=(1068)
104 3018
+6 503
+1 503
+1 1006
fi=(259)
326 1006
fi=(289)
658 1006
+4 1006
+1 503
cfi=(285)
cfn=(1074)
calls=1566 432 
* 59857
* 1006
+2 503
+2 503
-9 1006
0 503
fe=(258)
119 3018
0 1509
fi=(289)
658 3016
+4 1508
+1 4524
cfi=(285)
cfn=(1074)
calls=5122 432 
* 178924
* 3016
+2 2010
+1 1005
fi=(301)
211 1005
fi=(262)
863 1005
fi=(289)
667 1005
fi=(264)
20 2010
fi=(289)
643 1006
+1 503
+4 503
0 1509
646 1509
fi=(262)
863 503
fi=(264)
20 4022
fe=(258)
+84 30
+6 5
+1 5
+1 10
fi=(259)
326 10
fi=(289)
658 10
+4 10
+1 5
cfi=(285)
cfn=(1074)
calls=127 432 
* 595
* 10
+2 5
+2 5
-9 10
0 5
fe=(258)
119 30
0 15
fi=(289)
658 28
+4 14
+1 42
cfi=(285)
cfn=(1074)
calls=373 432 
* 1830
* 28
+2 18
+1 9
fi=(301)
211 9
fi=(262)
863 9
fi=(289)
667 9
fi=(264)
20 18
fi=(289)
643 10
+1 5
+4 5
0 15
646 15
fi=(262)
863 5
fi=(264)
20 38
fe=(258)

fl=(456) /home/zhuhe/code/litchi/crates/litchi-ooxml-common/src/relationships/codec.rs
fn=(5368) litchi_ooxml_common::relationships::codec::attribute_value
27 2400
fi=(263)
-27 200
fi=(379)
288 200
fe=(456)
34 3000
-34 600
fi=(440)
228 400
fe=(456)
0 800
fi=(440)
228 2000
+3 1800
cfi=(374)
cfn=(2436)
calls=600 697 
* 138776
+1 1200
+3 600
cfi=(233)
cfn=(5328)
calls=200 805 
* 3400
* 200
-3 200
+1 400
+4 2400
fe=(456)
34 1200
fi=(440)
237 1200
fe=(456)
34 1000
fi=(244)
966 800
0 800
fe=(456)
35 2800
fi=(375)
194 400
fi=(262)
863 400
fi=(173)
3890 800
fi=(356)
153 1600
cfn=(2286)
calls=400 -75 
* 17000
fi=(265)
2766 800
fi=(262)
619 400
fi=(270)
-46 400
89 400
fi=(264)
-69 400
-20 400
20 400
154 1600
cob=(2)
cfi=(290)
cfn=(1082)
calls=400 -81 
* 8140
* 400
fe=(456)
36 400
fi=(233)
805 1200
fi=(173)
3890 800
fi=(356)
153 1600
cfn=(2286)
calls=400 -75 
* 17000
fi=(265)
2766 800
fi=(262)
619 600
0 400
fi=(375)
864 1200
cfn=(4178)
calls=200 +87 
* 5400
* 1200
cfn=(4178)
calls=200 +87 
* 21400
fe=(456)
39 1200
+1 1200
fi=(264)
-20 800
154 600
cob=(2)
cfi=(290)
cfn=(1082)
calls=200 -81 
* 5800
* 200
fe=(456)
43 400
+1 1200
+16 400
fi=(265)
636 200
fe=(456)
48 200
fi=(374)
211 800
cfn=(4220)
calls=200 +45 
* 39322
fi=(244)
966 600
+1 600
fi=(263)
332 400
0 200
fi=(297)
457 200
fi=(252)
+2 200
fi=(298)
95 600
cfi=(164)
cfn=(1762)
calls=200 -95 
* 17115
fi=(252)
468 400
fi=(233)
+79 1000
cob=(2)
cfi=(211)
cfn=(720)
calls=200 255 
* 3000
* 1000
fi=(252)
+85 600
fi=(233)
805 200
fi=(243)
48 200
cob=(2)
cfi=(155)
cfn=(762)
calls=200 3319 
* 6600
fi=(233)
805 1400
cfn=(5328)
calls=200 * 
* 3400
0 200
fe=(456)
61 1200
+1 1800

fl=(458)
fn=(5454)
54 9
fi=(173)
3891 1
fi=(459)
156 2
fe=(458)
-98 3
cfi=(447)
cfn=(5278)
calls=1 +61 
* 1299057
fi=(244)
2173 3
+1 4
fe=(458)
58 2
fi=(173)
3891 1
fi=(459)
156 2
fi=(252)
612 1
fe=(458)
0 2
60 9
fi=(459)
410 3
cfn=(5460)
calls=1 533 
* 115
* 1
fe=(458)

fl=(367)
fn=(2300)
260 307
+15 614
fi=(174)
927 307
fi=(270)
89 307
fi=(292)
2624 614
fi=(264)
154 1535
fe=(367)
280 1535
fi=(368)
+42 307
0 921
fe=(367)
291 2456
+15 307

fn=(2376)
312 1275379
fi=(270)
568 364394
0 728788
89 182197
fi=(292)
2725 546591
fi=(264)
154 182197
fi=(292)
2727 182197
fe=(367)
0 91028
340 182056
fi=(174)
923 91028
0 91028
fi=(368)
334 182056
0 182056
338 517612
-4 1035224
+1 1056402
-13 528201
0 21178
fi=(253)
2997 10589
1025 10589
+3 21178
fi=(252)
612 91028
fi=(233)
1917 91028
fi=(253)
1034 182056
fi=(270)
438 182056
fi=(252)
617 91028
fi=(253)
1446 91028
fi=(174)
2494 91028
fi=(252)
765 91028
-94 91028
fi=(253)
2881 270918
0 91028
fi=(239)
961 91028
fi=(233)
547 273084
cob=(2)
cfi=(211)
cfn=(720)
calls=183127 255 
* 1394580
fi=(253)
2886 273084
0 546168
fe=(367)
350 819252
fi=(253)
0 547014
fe=(367)
350 820521
0 182338
fi=(368)
334 91169
0 182338
338 630011
-4 1260022
+1 1361516
-13 680758
0 152241
fe=(367)
330 101494
fi=(253)
0 80439
2997 80439
1025 80439
+3 160878
+1 818
cfi=(252)
cfn=(1538)
calls=881 186 
* 80586
* 409
0 80844
fe=(367)
330 80844
fi=(252)
673 2888
cfn=(1178)
calls=1430 -14 
* 174617
fi=(253)
2997 1444
2881 722
fe=(367)

fn=(2492)
193 816543
+13 90727
fi=(174)
923 181454
fi=(270)
438 181454
0 453635
fe=(367)
209 272181
fi=(368)
322 181454
0 90727
fi=(271)
407 181454
fi=(368)
-85 90727
fi=(253)
0 90727
2795 181454
fe=(367)
0 90727
fi=(252)
612 90727
fi=(233)
1717 90727
fe=(367)
224 181454
fi=(270)
568 272181
0 90727
89 90727
fi=(264)
-69 272181
154 453635
cob=(2)
cfi=(290)
cfn=(1082)
calls=182825 -81 
* 1746576
* 272181
fe=(367)
+72 90727
fi=(253)
1773 272181
+5 90727
+1 90727
0 181454
fi=(174)
923 90727
0 181454
fi=(253)
2791 272181
fe=(367)
253 635089
+1 907270

fl=(421)
fn=(4454)
135 7
+6 1
+1 6
fi=(264)
+12 56
cob=(2)
cfi=(290)
cfn=(1082)
calls=14 -81 
* 302
* 42
fi=(304)
0 28
fi=(489) /rustc/59807616e1fa2540724bfbac14d7976d7e4a3860/library/core/src/iter/traits/accum.rs
53 14
fi=(304)
3712 28
fi=(315)
50 28
fi=(304)
-50 214
fi=(489)
53 107
fi=(304)
3712 214
fi=(315)
50 216
-50 16
fi=(304)
3715 16
0 15
fi=(311)
1320 15
fi=(239)
1072 15
fi=(262)
863 15
fi=(315)
113 30
-63 15
fi=(314)
641 121
fi=(239)
1072 242
fi=(304)
3711 242
fi=(299)
710 121
cfi=(252)
cfn=(5008)
calls=121 -98 
* 363
fi=(264)
20 242
-20 107
20 107
fe=(421)
148 9

fl=(304)
fn=(2140)
3851 9
fi=(315)
113 2
-63 2
fi=(314)
499 1
641 1
fi=(315)
38 1
+76 1
fi=(239)
1072 2
fe=(304)
3861 2
fi=(239)
1072 2
fi=(310)
3224 2
+4 1
0 2
3228 2
fe=(304)

fn=(1316)
1653 162
110 36
+33 63
fi=(174)
3051 18
fi=(297)
457 9
fi=(174)
3051 18
fe=(304)
158 63
fi=(174)
3778 9
+5 9
+1 27
+23 9
3051 18
fi=(297)
457 9
fi=(174)
3051 18
fi=(297)
457 9
fi=(174)
769 18
fi=(297)
457 18
fi=(174)
769 18
fe=(304)
224 18
+1 18
fi=(174)
769 108
fi=(297)
457 36
fi=(298)
186 36
0 36
95 18
fi=(243)
-82 18
+1 36
cob=(2)
cfi=(155)
cfn=(650)
calls=18 3283 
* 633
* 36
fi=(335)
+5 36
fi=(239)
961 18
fe=(304)
1642 18
185 126
fi=(233)
709 72
cob=(2)
cfi=(227)
cfn=(800)
calls=18 198 
* 273
fe=(304)
1678 90
+3 144
-28 54
110 12
+33 21
fi=(174)
3051 6
fi=(297)
457 3
fi=(174)
3051 6
fe=(304)
158 21
fi=(174)
3778 3
+5 3
+1 9
+23 3
3051 6
fi=(297)
457 3
fi=(174)
3051 6
fi=(297)
457 3
fi=(174)
769 6
fi=(297)
457 6
fi=(174)
769 6
fe=(304)
224 6
+1 6
fi=(174)
769 36
fi=(297)
457 12
fi=(298)
186 12
0 12
95 6
fi=(243)
-82 6
+1 12
cob=(2)
cfi=(155)
cfn=(650)
calls=308 3283 
* 690
* 12
fi=(335)
+5 12
fi=(239)
961 6
fe=(304)
1642 6
185 42
fi=(233)
709 24
cob=(2)
cfi=(227)
cfn=(800)
calls=308 198 
* 91
fe=(304)
1678 30
+3 48
-28 49
+9 14
0 6
110 12
+33 12
fi=(293)
0 2
fe=(304)
1663 3
0 1
1681 1
fi=(174)
3051 8
fi=(297)
457 4
fi=(174)
3051 8
fe=(304)
158 28
fi=(174)
3778 4
+5 4
+1 12
+23 4
3051 8
fi=(297)
457 4
fi=(174)
3051 4
fi=(297)
457 2
fi=(174)
769 6
fi=(297)
457 6
fi=(174)
769 6
fe=(304)
224 6
+1 6
fi=(174)
769 36
fi=(297)
457 12
fi=(298)
186 18
0 6
95 6
fi=(243)
-82 6
+1 12
cob=(2)
cfi=(155)
cfn=(650)
calls=6 3283 
* 2344
* 12
fi=(335)
+5 12
fi=(239)
961 6
fe=(304)
1642 6
185 42
fi=(233)
709 24
cob=(2)
cfi=(227)
cfn=(800)
calls=6 198 
* 146
* 6
fe=(304)
1678 30
+3 56
-28 270
110 60
+33 105
fi=(174)
3051 30
fi=(297)
457 15
fi=(174)
3051 30
fe=(304)
158 105
fi=(174)
3778 15
+5 15
+1 45
+23 15
3051 30
fi=(297)
457 15
fi=(174)
3051 30
fi=(297)
457 15
fi=(174)
769 30
fi=(297)
457 30
fi=(174)
769 30
fe=(304)
224 30
+1 30
fi=(174)
769 180
fi=(297)
457 60
fi=(298)
186 60
0 60
95 30
fi=(243)
-82 30
+1 60
cob=(2)
cfi=(155)
cfn=(650)
calls=170 3283 
* 3867
* 60
fi=(335)
+5 60
fi=(239)
961 30
fe=(304)
1642 30
185 210
fi=(233)
709 120
cob=(2)
cfi=(227)
cfn=(800)
calls=170 198 
* 455
fe=(304)
1678 150
+3 240

fn=(5446)
2312 6
fi=(174)
769 3
fe=(304)
224 3
+1 3
fi=(298)
-25 6
fi=(239)
1072 3
fi=(243)
48 3
cob=(2)
cfi=(155)
cfn=(762)
calls=3 3319 
* 99
fe=(304)

fn=(1312)
999 126
2794 18
fi=(174)
769 18
fi=(297)
457 18
0 36
fe=(304)
2798 36
185 144
2799 72
+27 18
fi=(236)
1037 36
fe=(304)
2738 90
cfn=(1316)
calls=18 1653 
* 2301
fi=(244)
2173 18
0 36
2173 36
0 36
fe=(304)
2665 36
3986 54
fi=(311)
1320 15
fi=(315)
31 165
-31 15
50 648
-50 12
fi=(311)
1320 12
fi=(239)
961 12
fi=(315)
31 24
fe=(304)
3972 12
fi=(315)
50 24
fi=(314)
641 324
fe=(304)
3942 324
fi=(239)
1072 972
fi=(310)
258 1296
cfi=(308)
cfn=(1296)
calls=324 694 
* 38556
fe=(304)
0 972
fi=(233)
547 324
fi=(311)
1563 324
fi=(315)
50 648
-50 324
fi=(314)
641 324
fe=(304)
1793 648
fi=(297)
457 648
fe=(304)
0 972
fi=(324)
48 324
fi=(174)
2494 324
fe=(304)
2631 324
+3 324
+1 324
2439 972
fi=(233)
547 972
fe=(304)
3986 663
fi=(312) /rustc/59807616e1fa2540724bfbac14d7976d7e4a3860/library/core/src/iter/adapters/step_by.rs
0 36
fe=(304)
2981 36
fi=(233)
1435 54
fe=(304)
2747 36
fi=(174)
769 15
fe=(304)
224 15
+1 15
fi=(298)
-25 30
fi=(239)
1072 30
fi=(243)
48 15
cob=(2)
cfi=(155)
cfn=(762)
calls=15 3319 
* 610
* 15
fe=(304)
-48 15
1026 144
-27 42
2794 6
fi=(174)
769 6
fi=(297)
457 6
0 12
fe=(304)
2798 12
185 48
2799 24
+27 6
fi=(236)
1037 12
fe=(304)
2738 30
cfn=(1316)
calls=6 1653 
* 1246
fi=(244)
2173 6
0 12
2173 12
0 12
fe=(304)
2665 12
3986 18
fi=(311)
1320 5
fi=(315)
31 55
-31 5
50 216
-50 4
fi=(311)
1320 4
fi=(239)
961 4
fi=(315)
31 8
fe=(304)
3972 4
fi=(315)
50 8
fi=(314)
641 108
fe=(304)
3942 108
fi=(239)
1072 324
fi=(310)
258 540
cfi=(308)
cfn=(1296)
calls=108 694 
* 26486
fe=(304)
0 324
fi=(233)
547 108
fi=(311)
1563 108
fi=(315)
50 216
-50 108
fi=(314)
641 108
fe=(304)
1793 216
fi=(297)
457 324
fe=(304)
0 324
fi=(324)
48 108
fi=(174)
2494 108
fe=(304)
2631 108
+3 108
+1 108
2439 540
fi=(233)
547 540
fe=(304)
3986 221
fi=(312)
0 12
fe=(304)
2981 12
fi=(233)
1435 18
fe=(304)
2747 12
fi=(174)
3051 5
769 5
fe=(304)
224 5
+1 5
fi=(298)
-25 10
fi=(239)
1072 10
fi=(243)
48 5
cob=(2)
cfi=(155)
cfn=(762)
calls=5 3319 
* 256
* 5
fe=(304)
-48 5
1026 48
-27 14
2794 2
fi=(174)
769 2
fi=(297)
457 2
0 4
fe=(304)
2798 4
185 16
2799 8
+27 2
fi=(236)
1037 4
fe=(304)
2738 10
cfn=(1316)
calls=2 1653 
* 1824
fi=(244)
2173 2
0 4
2173 4
0 4
fe=(304)
2665 4
3986 6
fi=(312)
0 4
fe=(304)
2981 4
fi=(233)
1435 6
fe=(304)
2747 4
1026 16
-27 7
2794 1
fi=(174)
769 1
fi=(297)
457 1
0 2
fe=(304)
2798 2
185 8
2799 4
+27 1
fi=(236)
1037 2
fe=(304)
2738 5
cfn=(1316)
calls=1 1653 
* 409
fi=(244)
2173 1
0 2
2173 2
0 2
fe=(304)
2665 2
3986 3
fi=(312)
0 2
fe=(304)
2981 2
fi=(233)
1435 3
fe=(304)
2747 2
1026 8
-27 210
2794 30
fi=(174)
769 30
fi=(297)
457 30
0 60
fe=(304)
2798 60
185 240
2799 120
+27 30
fi=(236)
1037 60
fe=(304)
2738 150
cfn=(1316)
calls=160 1653 
* 6647
fi=(244)
2173 30
0 60
2173 60
0 60
fe=(304)
2665 60
3986 90
fi=(311)
1320 25
fi=(315)
31 275
-31 25
50 1080
-50 20
fi=(311)
1320 20
fi=(239)
961 20
fi=(315)
31 40
fe=(304)
3972 20
fi=(315)
50 40
fi=(314)
641 540
fe=(304)
3942 540
fi=(239)
1072 1620
fi=(310)
258 2700
cfi=(308)
cfn=(1296)
calls=1102 694 
* 106594
fe=(304)
0 1620
fi=(233)
547 540
fi=(311)
1563 540
fi=(315)
50 1080
-50 540
fi=(314)
641 540
fe=(304)
1793 1080
fi=(297)
457 1620
fe=(304)
0 1620
fi=(324)
48 540
fi=(174)
2494 540
fe=(304)
2631 540
+3 540
+1 540
2439 2700
fi=(233)
547 2700
fe=(304)
3986 1105
fi=(312)
0 60
fe=(304)
2981 60
fi=(233)
1435 90
fe=(304)
2747 60
fi=(174)
3051 25
769 25
fe=(304)
224 25
+1 25
fi=(298)
-25 50
fi=(239)
1072 50
fi=(243)
48 25
cob=(2)
cfi=(155)
cfn=(762)
calls=39 3319 
* 1346
* 25
fe=(304)
-48 25
1026 240

fl=(346)
fn=(1878)
55 18
+10 4
+1 2
fi=(262)
863 14
fe=(346)
67 2
cfn=(1879) core::slice::sort::shared::pivot::median3_rec'2
calls=2 -12 
* 266
* 2
fi=(262)
863 4
fe=(346)
68 6
cfn=(1879)
calls=2 -13 
* 196
* 2
fi=(262)
863 4
fe=(346)
69 10
cfn=(1879)
calls=2 -14 
* 266
* 4
-69 4
82 10
fi=(264)
317 8
+8 8
cob=(2)
cfi=(290)
cfn=(1082)
calls=2 73 
* 44
* 4
+1 4
fe=(346)
83 4
fi=(264)
317 6
+8 10
cob=(2)
cfi=(290)
cfn=(1082)
calls=2 73 
* 44
* 2
+1 6
fe=(346)
84 4
fi=(264)
317 8
+8 6
cob=(2)
cfi=(290)
cfn=(1082)
calls=2 73 
* 44
* 2
+1 4
fe=(346)
89 6
-16 16
-18 18
+10 4
+1 4
fi=(262)
863 12
fe=(346)
67 2
cfn=(1879)
calls=2 -12 
* 277
* 2
fi=(262)
863 4
fe=(346)
68 6
cfn=(1879)
calls=2 -13 
* 200
* 2
fi=(262)
863 4
fe=(346)
69 10
cfn=(1879)
calls=2 -14 
* 270
* 4
-69 6
82 4
fi=(252)
612 2
fi=(253)
1815 2
fi=(252)
612 2
fi=(253)
1815 2
fi=(264)
317 8
+8 8
cob=(2)
cfi=(290)
cfn=(1082)
calls=2 73 
* 44
* 4
+1 4
fe=(346)
83 2
fi=(252)
612 2
fi=(253)
1815 2
fi=(264)
317 6
+8 8
cob=(2)
cfi=(290)
cfn=(1082)
calls=2 73 
* 44
* 2
+1 6
fe=(346)
84 4
fi=(264)
317 10
+8 4
cob=(2)
cfi=(290)
cfn=(1082)
calls=2 73 
* 44
* 2
+1 4
fe=(346)
89 6
-16 16
-18 20
+10 4
+1 2
fi=(262)
863 10
fe=(346)
67 6
cfn=(1879)
calls=2 -12 
* 322
* 2
fi=(262)
863 4
fe=(346)
68 6
cfn=(1879)
calls=2 -13 
* 330
* 2
fi=(262)
863 4
fe=(346)
69 10
cfn=(1879)
calls=2 -14 
* 282
* 4
fi=(299)
704 6
cfn=(5082)
calls=2 -97 
* 4
fi=(252)
-92 2
fi=(253)
1815 2
fi=(299)
704 6
cfn=(5082)
calls=2 -97 
* 4
fi=(252)
-92 2
fi=(253)
1815 2
fi=(264)
317 6
+8 4
cob=(2)
cfi=(290)
cfn=(1082)
calls=2 73 
* 44
* 2
+1 4
fi=(299)
704 6
cfn=(5082)
calls=2 -97 
* 4
fi=(252)
-92 2
fi=(253)
1815 4
fi=(299)
704 6
cfn=(5082)
calls=2 -97 
* 4
fi=(252)
-92 2
fi=(253)
1815 2
fi=(264)
317 6
+8 4
cob=(2)
cfi=(290)
cfn=(1082)
calls=2 73 
* 44
* 2
+1 4
fe=(346)
84 4
fi=(299)
704 6
cfn=(5082)
calls=2 -97 
* 4
fi=(252)
-92 2
fi=(253)
1815 4
fi=(299)
704 6
cfn=(5082)
calls=2 -97 
* 4
fi=(252)
-92 2
fi=(253)
1815 2
fi=(264)
317 6
+8 4
cob=(2)
cfi=(290)
cfn=(1082)
calls=2 73 
* 52
* 2
+1 4
fe=(346)
89 6
-16 18
-18 9
+10 2
+1 1
fi=(262)
863 6
fe=(346)
67 1
cfn=(1879)
calls=1 -12 
* 42
* 1
fi=(262)
863 2
fe=(346)
68 3
cfn=(1879)
calls=1 -13 
* 52
* 1
fi=(262)
863 2
fe=(346)
69 5
cfn=(1879)
calls=1 -14 
* 52
* 2
+13 4
fi=(479)
196 4
fi=(236)
1931 1
fi=(479)
196 2
fe=(346)
83 2
fi=(479)
196 4
fi=(236)
1931 1
fi=(479)
196 2
fe=(346)
84 2
-11 9

fn=(1879)
55 54
+10 12
-65 12
82 30
fi=(264)
317 24
+8 24
cob=(2)
cfi=(290)
cfn=(1082)
calls=6 73 
* 132
* 12
+1 12
fe=(346)
83 12
fi=(264)
317 18
+8 30
cob=(2)
cfi=(290)
cfn=(1082)
calls=6 73 
* 132
* 6
+1 18
fe=(346)
84 12
fi=(264)
317 16
+8 12
cob=(2)
cfi=(290)
cfn=(1082)
calls=4 73 
* 88
* 4
+1 8
fe=(346)
89 12
-16 48
-18 54
+10 12
-65 18
82 12
fi=(252)
612 6
fi=(253)
1815 6
fi=(252)
612 6
fi=(253)
1815 6
fi=(264)
317 24
+8 24
cob=(2)
cfi=(290)
cfn=(1082)
calls=6 73 
* 139
* 12
+1 12
fe=(346)
83 6
fi=(252)
612 6
fi=(253)
1815 6
fi=(264)
317 18
+8 24
cob=(2)
cfi=(290)
cfn=(1082)
calls=6 73 
* 132
* 6
+1 18
fe=(346)
84 12
fi=(264)
317 20
+8 8
cob=(2)
cfi=(290)
cfn=(1082)
calls=4 73 
* 88
* 4
+1 8
fe=(346)
89 12
-16 48
-18 60
+10 12
-65 6
fi=(299)
704 18
cfn=(5082)
calls=6 -97 
* 12
fi=(252)
-92 6
fi=(253)
1815 6
fi=(299)
704 18
cfn=(5082)
calls=6 -97 
* 12
fi=(252)
-92 6
fi=(253)
1815 6
fi=(264)
317 18
+8 12
cob=(2)
cfi=(290)
cfn=(1082)
calls=6 73 
* 132
* 6
+1 12
fi=(299)
704 18
cfn=(5082)
calls=6 -97 
* 12
fi=(252)
-92 6
fi=(253)
1815 12
fi=(299)
704 18
cfn=(5082)
calls=6 -97 
* 12
fi=(252)
-92 6
fi=(253)
1815 6
fi=(264)
317 18
+8 12
cob=(2)
cfi=(290)
cfn=(1082)
calls=6 73 
* 140
* 6
+1 12
fe=(346)
84 12
fi=(299)
704 15
cfn=(5082)
calls=5 -97 
* 10
fi=(252)
-92 5
fi=(253)
1815 10
fi=(299)
704 15
cfn=(5082)
calls=5 -97 
* 10
fi=(252)
-92 5
fi=(253)
1815 5
fi=(264)
317 15
+8 10
cob=(2)
cfi=(290)
cfn=(1082)
calls=5 73 
* 118
* 5
+1 10
fe=(346)
89 15
-16 54
-18 27
+10 6
+17 12
fi=(479)
196 12
fi=(236)
1931 3
fi=(479)
196 6
fe=(346)
83 6
fi=(479)
196 12
fi=(236)
1931 3
fi=(479)
196 6
fe=(346)
84 6
fi=(479)
196 8
fi=(236)
1931 2
fi=(479)
196 4
fe=(346)
89 6
-16 27

fl=(294)
fn=(1142) <&T as core::fmt::Display>::fmt
2865 3018
+95 2012
cfn=(1144) <core::fmt::Formatter>::pad
calls=1944 1909 
* 204724

fn=(1144)
1909 9054
+2 3018
0 13078
cfi=(260)
cfn=(1136)
calls=2287 3344 
0 179574

fn=(1130)
1630 5533
878 1006
fi=(233)
1717 503
fe=(294)
-65 1006
0 2515
fi=(233)
1717 3016
fe=(294)
-65 3016
fi=(180)
659 3016
fe=(294)
1655 3016
+9 2008
cfi=(260)
cfn=(1136)
calls=21886 3344 
* 22495
fi=(244)
2173 1004
fe=(294)
0 502
fi=(244)
2173 502
fe=(294)
1665 4024
0 1006
fi=(180)
659 2012
fe=(294)
-82 5030
fi=(490) /rustc/59807616e1fa2540724bfbac14d7976d7e4a3860/library/core/src/fmt/rt.rs
144 1006
+8 2012
cfi=(294)
cfn=(1142)
calls=1944 2865 
* 209754
fi=(244)
2173 2012
fe=(294)
0 4024
1739 4024

fl=(336)
fn=(5168)
339 556
0 1112
339 1668
fi=(265)
1230 556
fi=(252)
612 556
fi=(253)
1815 556
fi=(299)
625 556
fe=(336)

fl=(233)
fn=(5824)
805 10
fi=(252)
632 3
fe=(233)
805 300
fi=(252)
632 200
fe=(233)
805 100
fi=(243)
48 100
cob=(2)
cfi=(155)
cfn=(762)
calls=100 3319 
* 18080
fi=(252)
632 200
fe=(233)
805 100
fi=(243)
48 100
cob=(2)
cfi=(155)
cfn=(762)
calls=100 3319 
* 13788
* 100
fi=(252)
632 2
fi=(243)
48 7
cob=(2)
cfi=(155)
cfn=(762)
calls=1 3319 
* 124
fe=(233)

fn=(2510)
805 416

fn=(5638)
805 1040
fi=(252)
632 6
fe=(233)
805 612
fi=(252)
632 408
fe=(233)
805 204
fi=(243)
48 204
cob=(2)
cfi=(155)
cfn=(762)
calls=204 3319 
* 28681
* 204
fi=(252)
632 208
fi=(243)
48 4
cob=(2)
cfi=(155)
cfn=(762)
calls=2 3319 
* 335
fe=(233)
805 416
fi=(252)
632 6
fe=(233)
805 6
fi=(252)
632 4
fe=(233)
805 2
fi=(243)
48 2
cob=(2)
cfi=(155)
cfn=(762)
calls=2 3319 
* 346
* 2
fi=(252)
632 208
fi=(243)
48 4
cob=(2)
cfi=(155)
cfn=(762)
calls=2 3319 
* 66
fe=(233)
805 416
fi=(252)
632 6
fe=(233)
805 600
fi=(252)
632 400
fe=(233)
805 200
fi=(243)
48 200
cob=(2)
cfi=(155)
cfn=(762)
calls=200 3319 
* 38156
* 200
fi=(252)
632 208
fi=(243)
48 14
cob=(2)
cfi=(155)
cfn=(762)
calls=2 3319 
* 383
fe=(233)
805 612

fn=(5668)
805 6
fi=(267)
514 2
fe=(233)
805 3
fi=(262)
-76 1
fe=(233)
+76 2
fi=(252)
632 2
fi=(267)
506 1
fi=(243)
48 6
cob=(2)
cfi=(155)
cfn=(762)
calls=1 3319 
* 124
fe=(233)

fn=(6262)
805 10
fi=(252)
632 3
fe=(233)
805 300
fi=(252)
632 200
fe=(233)
805 100
fi=(243)
48 100
cob=(2)
cfi=(155)
cfn=(762)
calls=100 3319 
* 15728
* 100
fi=(252)
632 2
fi=(243)
48 7
cob=(2)
cfi=(155)
cfn=(762)
calls=1 3319 
* 146
fe=(233)

fn=(4460)
805 35
fi=(304)
2697 5
2312 10
0 5
2253 15
0 5
2479 5
fi=(311)
1320 5
fi=(262)
863 5
fi=(304)
3595 20
0 2000
3851 500
fi=(315)
50 1000
-50 35
fi=(311)
1320 35
fi=(239)
1072 35
fi=(262)
863 35
fi=(315)
113 70
-63 35
fi=(314)
641 500
fi=(239)
1072 1000
fi=(252)
632 1000
fi=(304)
0 500
fi=(239)
1400 500
fi=(243)
48 500
cob=(2)
cfi=(155)
cfn=(762)
calls=500 3319 
* 73896
* 500
fi=(174)
3051 5
769 5
fi=(304)
224 5
+1 5
fi=(298)
-25 15
fi=(304)
3173 5
fi=(239)
1072 5
fi=(243)
48 40
cob=(2)
cfi=(155)
cfn=(762)
calls=5 3319 
* 778
fe=(233)

fn=(5328)
805 2085118

fn=(6222)
805 6
fi=(252)
632 2
fe=(233)
805 1
fi=(243)
48 1
cob=(2)
cfi=(155)
cfn=(762)
calls=1 3319 
* 33
fi=(252)
632 2
fe=(233)
805 1
fi=(243)
48 1
cob=(2)
cfi=(155)
cfn=(762)
calls=1 3319 
* 33
fi=(252)
632 2
fe=(233)
805 1
fi=(243)
48 1
cob=(2)
cfi=(155)
cfn=(762)
calls=1 3319 
* 33
fi=(180)
444 1
fi=(173)
3942 1
fi=(337)
2811 1
fe=(233)
805 4
fi=(252)
632 3
fe=(233)
805 315
fi=(252)
632 210
fe=(233)
805 105
fi=(243)
48 105
cob=(2)
cfi=(155)
cfn=(762)
calls=105 3319 
* 15940
fi=(252)
632 210
fe=(233)
805 105
fi=(243)
48 105
cob=(2)
cfi=(155)
cfn=(762)
calls=105 3319 
* 15572
fi=(252)
632 210
fe=(233)
805 105
fi=(243)
48 105
cob=(2)
cfi=(155)
cfn=(762)
calls=105 3319 
* 17524
* 105
fi=(252)
632 2
fi=(243)
48 2
cob=(2)
cfi=(155)
cfn=(762)
calls=1 3319 
* 124
fe=(233)
805 2
cfn=(6230) core::ptr::drop_in_place<alloc::vec::Vec<litchi_pptx::notes::transaction::PartState>>
calls=1 * 
* 56865
* 2
cfn=(6236) core::ptr::drop_in_place<litchi_pptx::notes::model::Master>
calls=1 * 
* 1408
* 4
fi=(252)
632 2
fe=(233)
805 6

fn=(6242)
805 7
fi=(304)
2697 1
2312 2
0 1
2253 3
0 1
2479 1
fi=(311)
1320 1
fi=(262)
863 1
fi=(304)
3595 4
0 400
3851 100
fi=(315)
50 200
-50 7
fi=(311)
1320 7
fi=(239)
1072 7
fi=(262)
863 7
fi=(315)
113 14
-63 7
fi=(314)
641 100
fi=(239)
1072 200
fi=(252)
632 200
fi=(304)
0 100
fi=(239)
1400 100
fi=(243)
48 100
cob=(2)
cfi=(155)
cfn=(762)
calls=100 3319 
* 14363
* 100
fi=(174)
3051 1
769 1
fi=(304)
224 1
+1 1
fi=(298)
-25 3
fi=(304)
3173 1
fi=(239)
1072 1
fi=(243)
48 8
cob=(2)
cfi=(155)
cfn=(762)
calls=1 3319 
* 124
fe=(233)

fn=(4326)
805 212
fi=(252)
632 212
fe=(233)
805 106
fi=(243)
48 106
cob=(2)
cfi=(155)
cfn=(762)
calls=106 3319 
* 16606
fi=(252)
632 212
fe=(233)
805 106
fi=(243)
48 106
cob=(2)
cfi=(155)
cfn=(762)
calls=106 3319 
* 16799
fi=(252)
632 212
fe=(233)
805 106
fi=(243)
48 106
cob=(2)
cfi=(155)
cfn=(762)
calls=106 3319 
* 15024
fi=(252)
632 212
fe=(233)
805 106
fi=(243)
48 212
cob=(2)
cfi=(155)
cfn=(762)
calls=106 3319 
* 15679
fe=(233)

fn=(5192)
805 1177
fi=(304)
2697 107
2312 214
fe=(233)
805 856

fn=(6230)
805 14
0 1
fi=(252)
632 5
fe=(233)
805 30
fi=(252)
632 6
fe=(233)
805 3
fi=(243)
48 3
cob=(2)
cfi=(155)
cfn=(762)
calls=3 3319 
* 329
fi=(252)
632 6
fe=(233)
805 3
fi=(243)
48 3
cob=(2)
cfi=(155)
cfn=(762)
calls=3 3319 
* 357
-48 3
fi=(180)
444 3
fi=(173)
3942 3
fi=(337)
2811 3
fe=(233)
805 15
0 2
fi=(252)
632 4
fe=(233)
805 318
fi=(252)
632 212
fe=(233)
805 106
fi=(243)
48 106
cob=(2)
cfi=(155)
cfn=(762)
calls=106 3319 
* 18185
fi=(252)
632 212
fe=(233)
805 106
fi=(243)
48 106
cob=(2)
cfi=(155)
cfn=(762)
calls=106 3319 
* 18021
fi=(252)
632 212
fe=(233)
805 106
fi=(243)
48 106
cob=(2)
cfi=(155)
cfn=(762)
calls=106 3319 
* 17956
* 106
fi=(252)
632 6
0 2
fi=(243)
48 2
cob=(2)
cfi=(155)
cfn=(762)
calls=2 3319 
* 157
* 2
-48 1
fi=(252)
632 2
0 1
fi=(243)
48 8
cob=(2)
cfi=(155)
cfn=(762)
calls=1 3319 
* 33
fe=(233)

fn=(6236)
805 6
fi=(252)
632 2
fe=(233)
805 1
fi=(243)
48 1
cob=(2)
cfi=(155)
cfn=(762)
calls=1 3319 
* 33
fi=(252)
632 2
fe=(233)
805 1
fi=(243)
48 1
cob=(2)
cfi=(155)
cfn=(762)
calls=1 3319 
* 33
fi=(252)
632 2
fe=(233)
805 1
fi=(243)
48 1
cob=(2)
cfi=(155)
cfn=(762)
calls=1 3319 
* 148
fi=(252)
632 2
fe=(233)
805 1
fi=(243)
48 1
cob=(2)
cfi=(155)
cfn=(762)
calls=1 3319 
* 149
fe=(233)
805 4
fi=(252)
632 3
fe=(233)
805 3
fi=(252)
632 2
fe=(233)
805 1
fi=(243)
48 1
cob=(2)
cfi=(155)
cfn=(762)
calls=1 3319 
* 176
fi=(252)
632 2
fe=(233)
805 1
fi=(243)
48 1
cob=(2)
cfi=(155)
cfn=(762)
calls=1 3319 
* 148
fi=(252)
632 2
fe=(233)
805 1
fi=(243)
48 1
cob=(2)
cfi=(155)
cfn=(762)
calls=1 3319 
* 198
* 1
fi=(252)
632 2
fi=(243)
48 2
cob=(2)
cfi=(155)
cfn=(762)
calls=1 3319 
* 33
fi=(252)
632 2
fe=(233)
805 1
fi=(243)
48 1
cob=(2)
cfi=(155)
cfn=(762)
calls=1 3319 
* 33
fi=(252)
632 2
fe=(233)
805 1
fi=(243)
48 1
cob=(2)
cfi=(155)
cfn=(762)
calls=1 3319 
* 198
fi=(252)
632 2
fe=(233)
805 1
fi=(243)
48 1
cob=(2)
cfi=(155)
cfn=(762)
calls=1 3319 
* 33
fi=(252)
632 2
fe=(233)
805 1
fi=(243)
48 1
cob=(2)
cfi=(155)
cfn=(762)
calls=1 3319 
* 149
fe=(233)
805 4
fi=(252)
632 2
fe=(233)
805 6

fn=(6254)
805 6
fi=(333)
87 6
fe=(233)
805 4
fi=(252)
632 3
fe=(233)
805 300
fi=(252)
632 200
fe=(233)
805 100
fi=(243)
48 100
cob=(2)
cfi=(155)
cfn=(762)
calls=100 3319 
* 15544
* 100
fi=(252)
632 2
fi=(243)
48 2
cob=(2)
cfi=(155)
cfn=(762)
calls=1 3319 
* 177
fe=(233)
805 1
fi=(333)
87 3
fe=(233)
805 6

fn=(5476)
805 15

fn=(5820)
805 8
1717 1
fi=(473) /rustc/59807616e1fa2540724bfbac14d7976d7e4a3860/library/alloc/src/collections/btree/map.rs
1884 4
+49 5
-49 1
fi=(265)
2766 1
fe=(233)
805 8

fn=(6188)
805 12
fi=(252)
632 2
fe=(233)
805 8

fl=(447)
fn=(5322) litchi_pptx::parts::presentation::reject_slide_id_list_attributes
402 18
fi=(263)
0 2
fi=(379)
288 2
fe=(447)
403 28
0 2
403 6
cfi=(440)
cfn=(5324)
calls=2 227 
* 184
* 6
fi=(252)
632 4
fi=(233)
805 12
cfn=(5328)
calls=2 * 
* 34
* 2
fe=(447)
412 4
+1 16

fn=(5164)
62 10
+1 3
cfi=(252)
cfn=(5008)
calls=2 612 
* 3
fi=(264)
-43 3
-20 1
20 3
154 4
cob=(2)
cfi=(290)
cfn=(1082)
calls=2 -81 
* 29
* 1
fe=(447)
-91 1
-63 1
fi=(339)
414 3
cfi=(336)
cfn=(5168)
calls=2 -75 
* 10
* 2
0 1
fi=(448)
1681 2
cfi=(336)
cfn=(5168)
calls=2 339 
* 10
* 3
cfn=(5176)
calls=2 -10 
* 1306
fi=(244)
2173 1
0 1
2173 1
0 2
2173 2
0 4
fi=(362)
780 14
fi=(439)
59 1
cfi=(375)
cfn=(4108)
calls=2 571 
* 1164
-2 26
+17 6
-5 6
cfi=(362)
cfn=(5200)
calls=4 978 
* 1502
+1 8
cfn=(5212)
calls=4 +10 
* 5564
fi=(244)
2173 4
0 4
2173 2
0 8
2173 4
fi=(439)
583 12
+1 8
cfi=(375)
cfn=(4134)
calls=4 933 
* 205
0 2
fi=(244)
2174 22
fe=(447)
81 6
+1 6
-82 2
82 6
fi=(233)
805 5
fe=(447)
101 9
fi=(233)
805 3
fi=(252)
632 2
fi=(233)
805 1
fi=(243)
48 1
cob=(2)
cfi=(155)
cfn=(762)
calls=2 3319 
* 33
fi=(252)
632 2
fi=(233)
805 1
fi=(243)
48 1
cob=(2)
cfi=(155)
cfn=(762)
calls=2 3319 
* 33
fi=(252)
632 2
fi=(233)
805 1
fi=(243)
48 1
cob=(2)
cfi=(155)
cfn=(762)
calls=2 3319 
* 33
fi=(252)
632 2
fi=(233)
805 1
fi=(243)
48 1
cob=(2)
cfi=(155)
cfn=(762)
calls=2 3319 
* 148
-48 1
fi=(233)
805 3
fi=(298)
0 1
fi=(263)
350 1
fi=(379)
218 1
fi=(270)
438 2
fi=(263)
-88 1
fi=(262)
863 1
fi=(173)
3890 2
fi=(356)
153 3
cfn=(2286)
calls=2 -75 
* 41
* 1
fi=(265)
2766 3
fi=(262)
619 2
fi=(270)
-46 2
89 2
-89 1
fi=(264)
20 2
-20 1
154 4
fi=(450)
22 1
fi=(264)
-22 1
fi=(450)
25 8
fi=(264)
-5 4
154 3
0 1
154 1
cob=(2)
cfi=(290)
cfn=(1082)
calls=2 -81 
* 17
* 2
fe=(447)
-70 1
-84 2
83 1
+7 4
fi=(233)
805 3
fe=(447)
100 7

fn=(5334) litchi_pptx::parts::presentation::append_slide_reference
415 1600
fi=(253)
2997 200
fe=(447)
424 400
0 1800
431 1000
cfi=(455)
cfn=(5336)
calls=200 120 
* 272808
fi=(244)
2173 200
0 600
2173 400
0 200
fi=(265)
1367 600
fi=(293)
0 200
fi=(439)
122 200
fi=(450)
-79 1200
cfi=(456)
cfn=(5368)
calls=200 -16 
* 345153
fi=(244)
2173 200
0 600
2173 400
0 200
fi=(265)
1367 400
fe=(447)
433 2200
fi=(266)
1716 800
0 200
1723 1800
1522 200
1754 400
+2 200
fi=(288)
408 200
+15 200
fi=(266)
1736 200
+18 400
+2 200
fi=(288)
408 200
+15 200
fi=(266)
1736 200
+19 200
+2 200
-3 400
+2 200
fi=(288)
408 200
+15 200
fi=(266)
1736 200
+19 200
+2 200
-3 400
+42 200
fi=(244)
966 400
0 200
fi=(321) /rustc/59807616e1fa2540724bfbac14d7976d7e4a3860/library/core/src/ops/range.rs
873 400
0 200
fi=(304)
980 400
fe=(447)
0 400
fi=(457)
1093 400
cfi=(310)
cfn=(1502)
calls=200 1841 
* 34634
* 200
fe=(447)
447 400
fi=(304)
980 400
0 400
fe=(447)
456 200
cfi=(260)
cfn=(1198)
calls=200 2351 
* 41573
0 200
fi=(457)
1093 400
cfi=(310)
cfn=(1502)
calls=200 1841 
* 51121
fe=(447)
456 400
fi=(293)
0 200
fe=(447)
461 200
cfi=(299)
cfn=(5060)
calls=200 660 
* 400
fi=(313)
1002 1000
cfi=(310)
cfn=(5412)
calls=200 1309 
* 50648
fe=(447)
461 400
+1 400
fi=(252)
350 600
cfn=(4508)
calls=200 682 
* 5908
fi=(244)
966 600
fe=(447)
486 1000
-2 400
fi=(253)
992 400
cfn=(5434)
calls=200 +31 
* 4200
fe=(447)
488 200
fi=(252)
632 600
fi=(243)
48 1600
cob=(2)
cfi=(155)
cfn=(762)
calls=200 3319 
* 6600
fi=(293)
-48 200
fe=(447)
464 400
cfi=(300)
cfn=(5142)
calls=200 205 
* 1017227
fi=(244)
2173 200
0 400
2173 200
0 400
2173 400
0 200
fe=(447)
465 400
cfi=(296)
cfn=(5422)
calls=200 591 
* 45382
0 200
fi=(304)
980 400
0 400
fi=(457)
1093 200
cfi=(310)
cfn=(1502)
calls=200 1841 
* 68973
fe=(447)
472 400
fi=(252)
632 400
fi=(243)
48 400
cob=(2)
cfi=(155)
cfn=(762)
calls=200 3319 
* 15110
* 200
-48 12
fi=(310)
1155 12
fi=(304)
983 36
cfn=(1312)
calls=12 +16 
* 37299
0 12
fi=(244)
966 48
fi=(310)
1155 12
fi=(304)
983 48
cfn=(1312)
calls=12 +16 
* 49547
0 12
fi=(244)
966 24
fi=(252)
0 12
fi=(310)
1155 12
fi=(304)
983 36
cfn=(1312)
calls=12 +16 
* 67648
0 12
fi=(244)
966 24
fe=(447)

fn=(5278)
119 16
+1 4
fi=(339)
414 6
cfi=(336)
cfn=(5168)
calls=2 -75 
* 20
* 4
0 2
fi=(448)
1681 4
cfi=(336)
cfn=(5168)
calls=2 339 
* 20
* 6
cfn=(5176)
calls=2 -10 
* 2612
fi=(244)
2173 2
0 2
2173 2
0 4
2173 4
fi=(362)
780 28
fi=(439)
59 2
cfi=(375)
cfn=(4108)
calls=2 571 
* 2458
-2 42
fi=(253)
464 6
fi=(302)
105 2
fi=(417)
-46 14
fi=(303)
555 4
0 2
fi=(174)
2457 2
fi=(469)
1247 12
fi=(174)
2457 2
fi=(469)
1247 8
fi=(174)
2457 2
fi=(175)
902 2
fi=(469)
1247 24
0 2
fi=(439)
74 690
fi=(375)
763 218
fi=(174)
2345 436
fi=(375)
806 218
fi=(252)
612 218
fi=(253)
1815 218
fi=(239)
961 872
0 218
fi=(180)
1720 218
fi=(271)
25 218
fi=(180)
1720 6
fi=(271)
25 6
407 448
fi=(375)
808 224
fi=(180)
583 224
fi=(271)
407 224
fi=(270)
219 1090
fi=(375)
816 2
fi=(253)
1773 4
0 4
fi=(439)
76 2
-7 6
cfi=(362)
cfn=(5200)
calls=2 978 
* 160
+7 216
-7 648
cfi=(362)
cfn=(5200)
calls=216 978 
* 137180
* 36
cfi=(362)
cfn=(5200)
calls=12 978 
* 8351
+1 920
cfn=(5212)
calls=230 +10 
* 122578
fi=(244)
2173 460
0 460
2173 460
0 920
2173 460
fi=(439)
583 1380
+1 920
cfi=(375)
cfn=(4134)
calls=230 933 
* 39366
fi=(244)
2174 2300
fe=(447)
131 690
+1 690
0 230
132 690
fi=(271)
0 210
fe=(447)
197 840
fi=(263)
350 420
fi=(379)
218 210
fi=(270)
438 420
fi=(262)
863 210
fi=(173)
3890 420
fi=(356)
153 840
cfn=(2286)
calls=210 -75 
* 8604
0 420
fi=(265)
2766 420
fi=(262)
619 420
fi=(270)
-46 420
89 420
fi=(264)
-69 420
fi=(450)
-20 210
fi=(173)
3890 420
fi=(356)
153 840
cfn=(2286)
calls=210 -75 
* 8604
0 420
fi=(265)
2766 420
fi=(262)
619 420
fi=(270)
-46 420
89 420
fi=(264)
-69 420
fi=(450)
-20 210
fi=(173)
3890 420
fi=(356)
153 840
cfn=(2286)
calls=210 -75 
* 8604
fi=(265)
2766 420
fi=(262)
619 420
fi=(270)
-46 420
89 210
fi=(264)
-69 630
-20 16
fe=(447)
213 16
+41 24
fi=(262)
863 8
fi=(173)
3890 16
fi=(356)
153 32
cfn=(2286)
calls=8 -75 
* 316
0 16
fi=(265)
2766 16
fi=(262)
619 16
fi=(270)
-46 16
89 16
fi=(264)
-69 16
154 4
fi=(450)
22 2
fi=(173)
3890 12
fi=(356)
153 24
cfn=(2286)
calls=6 -75 
* 234
fi=(265)
2766 12
fi=(262)
619 12
fi=(270)
-46 12
89 12
fi=(264)
-69 12
-20 6
20 6
-20 8
fe=(447)
133 32
fi=(263)
350 16
fi=(379)
218 8
fi=(270)
438 16
fi=(262)
863 8
fi=(173)
3890 16
fi=(356)
153 32
cfn=(2286)
calls=8 -75 
* 316
0 16
fi=(265)
2766 16
fi=(262)
619 16
fi=(270)
-46 16
89 16
fi=(264)
-69 16
-20 2
154 10
fi=(450)
22 2
-22 6
fi=(173)
3890 12
fi=(356)
153 24
cfn=(2286)
calls=6 -75 
* 234
fi=(173)
3890 4
fi=(356)
153 8
cfn=(2286)
calls=2 -75 
* 82
0 16
fi=(265)
2766 16
fi=(262)
619 16
fi=(270)
-46 16
89 16
fi=(264)
-69 16
154 4
fi=(450)
22 2
-22 6
fi=(173)
3890 12
fi=(356)
153 24
cfn=(2286)
calls=6 -75 
* 234
fi=(173)
3890 4
fi=(356)
153 8
cfn=(2286)
calls=2 -75 
* 82
fi=(265)
2766 16
fi=(262)
619 16
fi=(270)
-46 16
89 8
fi=(264)
-69 24
-20 16
fe=(447)
149 18
fi=(233)
805 6
0 2
805 10
fi=(264)
0 202
154 1212
fi=(450)
22 202
-22 2
fe=(447)
213 4
+10 420
-64 12
+1 4
+8 4
+3 6
cfn=(5322)
calls=2 402 
* 320
fi=(244)
2173 4
0 22
fi=(174)
923 16
fi=(233)
805 32
fi=(174)
927 16
fi=(233)
805 24
0 8
fi=(450)
25 20
fi=(264)
-5 8
154 8
fi=(450)
25 20
fi=(264)
-5 8
154 8
fi=(450)
25 20
fi=(264)
-5 8
154 8
fi=(450)
25 2000
fi=(264)
-5 800
154 802
cob=(2)
cfi=(290)
cfn=(1082)
calls=2 -81 
* 34
* 2
fe=(447)
255 2
fi=(265)
2427 4
0 2
2427 4
0 8
fi=(264)
154 2
cob=(2)
cfi=(290)
cfn=(1082)
calls=2 -81 
* 34
* 2
fi=(450)
0 4
fi=(369)
157 2
fi=(264)
-3 2
cob=(2)
cfi=(290)
cfn=(1082)
calls=2 -81 
* 34
* 2
fi=(450)
0 4
fi=(264)
154 200
cob=(2)
cfi=(290)
cfn=(1082)
calls=200 -81 
* 3400
* 200
fi=(450)
0 200
fe=(447)
213 400
0 840
233 420
fi=(265)
2427 600
fe=(447)
239 2600
cfn=(5334)
calls=200 415 
* 2153143
* 200
fi=(244)
2173 400
0 600
fi=(265)
2427 20
fi=(233)
805 420
fi=(243)
0 420
fi=(174)
769 2
fi=(297)
457 2
fe=(447)
153 4
+6 6
0 10
173 4
0 16
173 8
fi=(265)
2427 12
fi=(174)
769 6
fi=(297)
457 6
fi=(233)
805 16
fi=(243)
0 218
fi=(233)
805 660
fe=(447)
305 18
fi=(233)
805 6
fi=(243)
0 2
fe=(447)
299 16
+5 14
+1 2
cfi=(233)
cfn=(4460)
calls=2 805 
* 30092
* 4
cfi=(233)
cfn=(4460)
calls=2 805 
* 34905
* 6
cfi=(304)
cfn=(5446)
calls=2 2312 
* 84
* 4
cfi=(233)
cfn=(4326)
calls=2 805 
* 812
* 2
fi=(233)
805 8
fe=(447)

ob=(3)
fl=(152)
fn=(718)
0 3140
cob=(2)
cfi=(211)
cfn=(720)
calls=15568 255 
0 30851

ob=(1) /usr/lib/x86_64-linux-gnu/ld-linux-x86-64.so.2
fl=(1) ???
fn=(0) 0x0000000000023cc0
cob=(6)
cfi=(164)
cfn=(564)
calls=0 0 
0 549233425

totals: 549233425
